"PointID","x","y","Density","Momentum_x","Momentum_y","Energy","Turb_Kin_Energy","Omega"
0, 1.000000000000000e+00, 3.300000000000000e-03, 3.632667052081733e-01, 0.000000000000000e+00, 0.000000000000000e+00, 6.346559123556483e+04, 1.000000000000000e-10, 1.378643155558630e+09
1, 1.000000000000000e+00, -2.200000000000000e-03, 3.689965150210902e-01, 0.000000000000000e+00, 0.000000000000000e+00, 6.466258804909499e+04, 1.000000000000000e-10, 1.360583041611051e+09
6, 9.970624071000000e-01, 3.890565800000000e-03, 4.067233792202899e-01, 0.000000000000000e+00, 0.000000000000000e+00, 7.092508816884508e+04, 1.000000000000000e-10, 1.229451371572593e+09
7, 9.941250122000000e-01, 4.482116400000000e-03, 4.167800978974622e-01, 0.000000000000000e+00, 0.000000000000000e+00, 7.256352666950226e+04, 1.000000000000000e-10, 1.198240335310555e+09
8, 9.911863511000000e-01, 5.067337600000000e-03, 4.057305531627439e-01, 0.000000000000000e+00, 0.000000000000000e+00, 7.045492059915094e+04, 1.000000000000000e-10, 1.228309727080286e+09
9, 9.882453375000000e-01, 5.640619800000000e-03, 3.992310283230648e-01, 0.000000000000000e+00, 0.000000000000000e+00, 6.908794664695572e+04, 1.000000000000000e-10, 1.244813721686320e+09
10, 9.853025951000000e-01, 6.204961100000000e-03, 4.010476911111193e-01, 0.000000000000000e+00, 0.000000000000000e+00, 6.916623376261478e+04, 1.000000000000000e-10, 1.235674033742568e+09
11, 9.823582610000000e-01, 6.760941000000000e-03, 4.046737471227663e-01, 0.000000000000000e+00, 0.000000000000000e+00, 6.956237929905833e+04, 1.000000000000000e-10, 1.221352372721942e+09
12, 9.794123284000000e-01, 7.308384000000000e-03, 4.058316533479815e-01, 0.000000000000000e+00, 0.000000000000000e+00, 6.955367385366205e+04, 1.000000000000000e-10, 1.214913841424842e+09
13, 9.764641925999999e-01, 7.843832699999999e-03, 4.047945270574450e-01, 0.000000000000000e+00, 0.000000000000000e+00, 6.920559849029899e+04, 1.000000000000000e-10, 1.215584648433724e+09
14, 9.735146296000000e-01, 8.371372199999999e-03, 4.044438327986845e-01, 0.000000000000000e+00, 0.000000000000000e+00, 6.901447750388377e+04, 1.000000000000000e-10, 1.214738901859497e+09
15, 9.705649844999999e-01, 8.898453400000001e-03, 4.045556238075085e-01, 0.000000000000000e+00, 0.000000000000000e+00, 6.893687597164394e+04, 1.000000000000000e-10, 1.213013187826434e+09
16, 9.676163612000001e-01, 9.431218700000001e-03, 4.045647917740866e-01, 0.000000000000000e+00, 0.000000000000000e+00, 6.887081969474375e+04, 1.000000000000000e-10, 1.212012995795624e+09
17, 9.646681685000000e-01, 9.966365099999999e-03, 4.040789707180540e-01, 0.000000000000000e+00, 0.000000000000000e+00, 6.874740039454069e+04, 1.000000000000000e-10, 1.212877805796666e+09
18, 9.617190649000000e-01, 1.049646250000000e-02, 4.031830825367212e-01, 0.000000000000000e+00, 0.000000000000000e+00, 6.857498984926409e+04, 1.000000000000000e-10, 1.215319981324472e+09
19, 9.587677714000000e-01, 1.101421520000000e-02, 4.021639577264306e-01, 0.000000000000000e+00, 0.000000000000000e+00, 6.839433322620807e+04, 1.000000000000000e-10, 1.218293098675580e+09
20, 9.558141732000000e-01, 1.151866560000000e-02, 4.012312934870098e-01, 0.000000000000000e+00, 0.000000000000000e+00, 6.823123361249900e+04, 1.000000000000000e-10, 1.221055749308254e+09
21, 9.528595023999999e-01, 1.201680390000000e-02, 4.005764308554031e-01, 0.000000000000000e+00, 0.000000000000000e+00, 6.811315386060112e+04, 1.000000000000000e-10, 1.222953295585365e+09
22, 9.499050355999999e-01, 1.251614840000000e-02, 4.000850852035285e-01, 0.000000000000000e+00, 0.000000000000000e+00, 6.802032599844746e+04, 1.000000000000000e-10, 1.224271693806493e+09
23, 9.469515835000000e-01, 1.302146080000000e-02, 3.995203966025038e-01, 0.000000000000000e+00, 0.000000000000000e+00, 6.791309941224988e+04, 1.000000000000000e-10, 1.225856687065233e+09
24, 9.439982552000000e-01, 1.352749770000000e-02, 3.986612091405480e-01, 0.000000000000000e+00, 0.000000000000000e+00, 6.775301066349774e+04, 1.000000000000000e-10, 1.228316347053612e+09
25, 9.410437731000000e-01, 1.402674480000000e-02, 3.975258489867939e-01, 0.000000000000000e+00, 0.000000000000000e+00, 6.754153342513328e+04, 1.000000000000000e-10, 1.231548260566460e+09
26, 9.380870172000000e-01, 1.451233270000000e-02, 3.965993447209072e-01, 0.000000000000000e+00, 0.000000000000000e+00, 6.735976295556304e+04, 1.000000000000000e-10, 1.234058951362141e+09
27, 9.351283061000000e-01, 1.498587720000000e-02, 3.961086097782239e-01, 0.000000000000000e+00, 0.000000000000000e+00, 6.724868007521740e+04, 1.000000000000000e-10, 1.235165657149256e+09
28, 9.321688618000000e-01, 1.545482400000000e-02, 3.957161772659707e-01, 0.000000000000000e+00, 0.000000000000000e+00, 6.715361682790944e+04, 1.000000000000000e-10, 1.235962317559488e+09
29, 9.292098398000000e-01, 1.592642560000000e-02, 3.951022260931269e-01, 0.000000000000000e+00, 0.000000000000000e+00, 6.702201112834395e+04, 1.000000000000000e-10, 1.237468649128911e+09
30, 9.262511042000000e-01, 1.639982330000000e-02, 3.940598650357499e-01, 0.000000000000000e+00, 0.000000000000000e+00, 6.681899425004963e+04, 1.000000000000000e-10, 1.240329392042480e+09
31, 9.232923687000000e-01, 1.687322100000000e-02, 3.929218289654804e-01, 0.000000000000000e+00, 0.000000000000000e+00, 6.660102417639470e+04, 1.000000000000000e-10, 1.243547647624469e+09
32, 9.203336331000000e-01, 1.734661870000000e-02, 3.923782941745225e-01, 0.000000000000000e+00, 0.000000000000000e+00, 6.648588584899770e+04, 1.000000000000000e-10, 1.244899916039929e+09
33, 9.173752952000001e-01, 1.782249320000000e-02, 3.918480027362603e-01, 0.000000000000000e+00, 0.000000000000000e+00, 6.637567090306863e+04, 1.000000000000000e-10, 1.246281991496489e+09
34, 9.144172403000000e-01, 1.830012520000000e-02, 3.910253335004042e-01, 0.000000000000000e+00, 0.000000000000000e+00, 6.621854521068191e+04, 1.000000000000000e-10, 1.248652612092830e+09
35, 9.114582624000001e-01, 1.877199790000000e-02, 3.898482275157709e-01, 0.000000000000000e+00, 0.000000000000000e+00, 6.600276747481887e+04, 1.000000000000000e-10, 1.252167436997264e+09
36, 9.084972381000000e-01, 1.923083950000000e-02, 3.887435212319725e-01, 0.000000000000000e+00, 0.000000000000000e+00, 6.579955661722504e+04, 1.000000000000000e-10, 1.255472266379344e+09
37, 9.055342297000000e-01, 1.967670440000000e-02, 3.879077544270487e-01, 0.000000000000000e+00, 0.000000000000000e+00, 6.564304380901552e+04, 1.000000000000000e-10, 1.257941096136563e+09
38, 9.025703724000000e-01, 2.011689840000000e-02, 3.871664156707290e-01, 0.000000000000000e+00, 0.000000000000000e+00, 6.550483943796009e+04, 1.000000000000000e-10, 1.260119267626238e+09
39, 8.996067964000000e-01, 2.055898050000000e-02, 3.863323633398498e-01, 0.000000000000000e+00, 0.000000000000000e+00, 6.535381705314493e+04, 1.000000000000000e-10, 1.262682956936214e+09
40, 8.966435791000000e-01, 2.100346310000000e-02, 3.854088533582120e-01, 0.000000000000000e+00, 0.000000000000000e+00, 6.519032562938645e+04, 1.000000000000000e-10, 1.265593050353241e+09
41, 8.936803618000000e-01, 2.144794570000000e-02, 3.843203066587486e-01, 0.000000000000000e+00, 0.000000000000000e+00, 6.500042072642053e+04, 1.000000000000000e-10, 1.269085258735977e+09
42, 8.907171444000000e-01, 2.189242830000000e-02, 3.834482525971764e-01, 0.000000000000000e+00, 0.000000000000000e+00, 6.484665690914899e+04, 1.000000000000000e-10, 1.271870705123698e+09
43, 8.877539271000000e-01, 2.233691090000000e-02, 3.825452277387729e-01, 0.000000000000000e+00, 0.000000000000000e+00, 6.468548259823598e+04, 1.000000000000000e-10, 1.274736501927645e+09
44, 8.847907098000000e-01, 2.278139350000000e-02, 3.813239593405059e-01, 0.000000000000000e+00, 0.000000000000000e+00, 6.446673492601978e+04, 1.000000000000000e-10, 1.278640497640914e+09
45, 8.818274925000000e-01, 2.322587610000000e-02, 3.802039332840605e-01, 0.000000000000000e+00, 0.000000000000000e+00, 6.425972785309530e+04, 1.000000000000000e-10, 1.282118651714375e+09
46, 8.788643591999999e-01, 2.367091770000000e-02, 3.794440010930800e-01, 0.000000000000000e+00, 0.000000000000000e+00, 6.411028500131141e+04, 1.000000000000000e-10, 1.284321089249039e+09
47, 8.759017882000000e-01, 2.411968790000000e-02, 3.786378106486146e-01, 0.000000000000000e+00, 0.000000000000000e+00, 6.395094325629391e+04, 1.000000000000000e-10, 1.286711307985359e+09
48, 8.729389200000000e-01, 2.456648860000000e-02, 3.775628579591376e-01, 0.000000000000000e+00, 0.000000000000000e+00, 6.374407524206091e+04, 1.000000000000000e-10, 1.289955016559723e+09
49, 8.699746207000000e-01, 2.500367940000000e-02, 3.761852309791758e-01, 0.000000000000000e+00, 0.000000000000000e+00, 6.348382761399456e+04, 1.000000000000000e-10, 1.294230514859697e+09
50, 8.670081947000000e-01, 2.542619980000000e-02, 3.749788684788783e-01, 0.000000000000000e+00, 0.000000000000000e+00, 6.325038357775724e+04, 1.000000000000000e-10, 1.297840943162123e+09
51, 8.640404269000000e-01, 2.583920470000000e-02, 3.741365726355663e-01, 0.000000000000000e+00, 0.000000000000000e+00, 6.307796617887641e+04, 1.000000000000000e-10, 1.300290663060454e+09
52, 8.610724042000000e-01, 2.625037680000000e-02, 3.733191586484307e-01, 0.000000000000000e+00, 0.000000000000000e+00, 6.291069833645309e+04, 1.000000000000000e-10, 1.302637818121332e+09
53, 8.581049055000000e-01, 2.666531320000000e-02, 3.722799363202711e-01, 0.000000000000000e+00, 0.000000000000000e+00, 6.270790879024872e+04, 1.000000000000000e-10, 1.305801900500607e+09
54, 8.551374771000000e-01, 2.708075320000000e-02, 3.710815648019530e-01, 0.000000000000000e+00, 0.000000000000000e+00, 6.248088182851629e+04, 1.000000000000000e-10, 1.309562733198220e+09
55, 8.521700487000000e-01, 2.749619320000000e-02, 3.697857446338696e-01, 0.000000000000000e+00, 0.000000000000000e+00, 6.223970920818768e+04, 1.000000000000000e-10, 1.313753863711511e+09
56, 8.492026203000000e-01, 2.791163320000000e-02, 3.688581493519497e-01, 0.000000000000000e+00, 0.000000000000000e+00, 6.206225137523620e+04, 1.000000000000000e-10, 1.316686525695113e+09
57, 8.462351919000000e-01, 2.832707310000000e-02, 3.676370299056079e-01, 0.000000000000000e+00, 0.000000000000000e+00, 6.183340920303058e+04, 1.000000000000000e-10, 1.320650355503702e+09
58, 8.432677635000000e-01, 2.874251310000000e-02, 3.664982540468885e-01, 0.000000000000000e+00, 0.000000000000000e+00, 6.161152132361910e+04, 1.000000000000000e-10, 1.324221885667044e+09
59, 8.403003351000000e-01, 2.915795310000000e-02, 3.655166989913678e-01, 0.000000000000000e+00, 0.000000000000000e+00, 6.140905023418961e+04, 1.000000000000000e-10, 1.327113770654623e+09
60, 8.373332662000000e-01, 2.957595020000000e-02, 3.645789299989373e-01, 0.000000000000000e+00, 0.000000000000000e+00, 6.120783624277662e+04, 1.000000000000000e-10, 1.329749071175146e+09
61, 8.343664342000000e-01, 2.999562810000000e-02, 3.634784159764451e-01, 0.000000000000000e+00, 0.000000000000000e+00, 6.097368463048361e+04, 1.000000000000000e-10, 1.332881485623148e+09
62, 8.313987667000000e-01, 3.040934680000000e-02, 3.621251472647360e-01, 0.000000000000000e+00, 0.000000000000000e+00, 6.069166248289847e+04, 1.000000000000000e-10, 1.336886146135896e+09
63, 8.284292787999999e-01, 3.080977400000000e-02, 3.608548931162165e-01, 0.000000000000000e+00, 0.000000000000000e+00, 6.042030777179224e+04, 1.000000000000000e-10, 1.340519282150868e+09
64, 8.254580666000000e-01, 3.119721670000000e-02, 3.598854452066498e-01, 0.000000000000000e+00, 0.000000000000000e+00, 6.019884710225346e+04, 1.000000000000000e-10, 1.343046783491303e+09
65, 8.224861366000000e-01, 3.157912440000000e-02, 3.590164097631848e-01, 0.000000000000000e+00, 0.000000000000000e+00, 5.999568244128474e+04, 1.000000000000000e-10, 1.345219771928080e+09
66, 8.195144758000000e-01, 3.196311810000000e-02, 3.579791241033160e-01, 0.000000000000000e+00, 0.000000000000000e+00, 5.976755920105777e+04, 1.000000000000000e-10, 1.348060669098452e+09
67, 8.165431104999999e-01, 3.234939560000000e-02, 3.567988603510385e-01, 0.000000000000000e+00, 0.000000000000000e+00, 5.952000843475392e+04, 1.000000000000000e-10, 1.351605972689636e+09
68, 8.135717453000000e-01, 3.273567310000000e-02, 3.556339082528045e-01, 0.000000000000000e+00, 0.000000000000000e+00, 5.928398460156099e+04, 1.000000000000000e-10, 1.355249995151978e+09
69, 8.106003801000000e-01, 3.312195060000000e-02, 3.546545831269145e-01, 0.000000000000000e+00, 0.000000000000000e+00, 5.908703795767574e+04, 1.000000000000000e-10, 1.358362468743955e+09
70, 8.076290148000000e-01, 3.350822810000000e-02, 3.536656372648004e-01, 0.000000000000000e+00, 0.000000000000000e+00, 5.889020701879548e+04, 1.000000000000000e-10, 1.361551148462490e+09
71, 8.046576496000000e-01, 3.389450560000000e-02, 3.523299001687293e-01, 0.000000000000000e+00, 0.000000000000000e+00, 5.863180479528961e+04, 1.000000000000000e-10, 1.366070654675614e+09
72, 8.016862843000000e-01, 3.428078300000000e-02, 3.510203041813763e-01, 0.000000000000000e+00, 0.000000000000000e+00, 5.837121032616936e+04, 1.000000000000000e-10, 1.370300984412216e+09
73, 7.987150113000000e-01, 3.466776800000000e-02, 3.501321972869783e-01, 0.000000000000000e+00, 0.000000000000000e+00, 5.817725539484453e+04, 1.000000000000000e-10, 1.372833784707064e+09
74, 7.957442224000000e-01, 3.505845300000000e-02, 3.492095778496230e-01, 0.000000000000000e+00, 0.000000000000000e+00, 5.797500469136480e+04, 1.000000000000000e-10, 1.375596794633780e+09
75, 7.927731192000000e-01, 3.544673620000000e-02, 3.479551925274669e-01, 0.000000000000000e+00, 0.000000000000000e+00, 5.771736570098784e+04, 1.000000000000000e-10, 1.379584186761348e+09
76, 7.898007096000000e-01, 3.582487200000000e-02, 3.463474275477457e-01, 0.000000000000000e+00, 0.000000000000000e+00, 5.740060097320362e+04, 1.000000000000000e-10, 1.384967363830647e+09
77, 7.868264558000000e-01, 3.618821970000000e-02, 3.450452559740204e-01, 0.000000000000000e+00, 0.000000000000000e+00, 5.713673114822306e+04, 1.000000000000000e-10, 1.389256465490581e+09
78, 7.838510978000000e-01, 3.654242800000000e-02, 3.441356723992868e-01, 0.000000000000000e+00, 0.000000000000000e+00, 5.694141260242853e+04, 1.000000000000000e-10, 1.392028374800766e+09
79, 7.808755783000000e-01, 3.689528040000000e-02, 3.431475538015819e-01, 0.000000000000000e+00, 0.000000000000000e+00, 5.673963468013284e+04, 1.000000000000000e-10, 1.395240828112361e+09
80, 7.779005125000000e-01, 3.725193850000000e-02, 3.418548251066349e-01, 0.000000000000000e+00, 0.000000000000000e+00, 5.649343826922565e+04, 1.000000000000000e-10, 1.399854564167547e+09
81, 7.749254880000001e-01, 3.760894140000000e-02, 3.399420998053206e-01, 0.000000000000000e+00, 0.000000000000000e+00, 5.615317816295168e+04, 1.000000000000000e-10, 1.407220883037949e+09
82, 7.719504636000000e-01, 3.796594440000000e-02, 3.381968043408438e-01, 0.000000000000000e+00, 0.000000000000000e+00, 5.585184461040716e+04, 1.000000000000000e-10, 1.414190677543902e+09
83, 7.689754391000000e-01, 3.832294730000000e-02, 3.368488950775488e-01, 0.000000000000000e+00, 0.000000000000000e+00, 5.562428737337943e+04, 1.000000000000000e-10, 1.419745349216269e+09
84, 7.660004146000000e-01, 3.867995020000000e-02, 3.353882844620643e-01, 0.000000000000000e+00, 0.000000000000000e+00, 5.538907191717951e+04, 1.000000000000000e-10, 1.426055153680657e+09
85, 7.630253902000000e-01, 3.903695320000000e-02, 3.341937621362268e-01, 0.000000000000000e+00, 0.000000000000000e+00, 5.521543901281331e+04, 1.000000000000000e-10, 1.431657586456357e+09
86, 7.600503657000000e-01, 3.939395610000000e-02, 3.331850858821628e-01, 0.000000000000000e+00, 0.000000000000000e+00, 5.509429685528381e+04, 1.000000000000000e-10, 1.436969952141254e+09
87, 7.570757010000000e-01, 3.975394130000000e-02, 3.317702608521852e-01, 0.000000000000000e+00, 0.000000000000000e+00, 5.492367109675435e+04, 1.000000000000000e-10, 1.444470370580920e+09
88, 7.541011654999999e-01, 4.011499540000000e-02, 3.295609957117037e-01, 0.000000000000000e+00, 0.000000000000000e+00, 5.464179259071033e+04, 1.000000000000000e-10, 1.456025912404651e+09
89, 7.511258242000000e-01, 4.046933410000000e-02, 3.263356371608345e-01, 0.000000000000000e+00, 0.000000000000000e+00, 5.421102082817698e+04, 1.000000000000000e-10, 1.472742626251694e+09
90, 7.481488621000000e-01, 4.080977130000000e-02, 3.233657973481440e-01, 0.000000000000000e+00, 0.000000000000000e+00, 5.383808305862998e+04, 1.000000000000000e-10, 1.488986702374282e+09
91, 7.451704939000000e-01, 4.113770130000000e-02, 3.213773459457545e-01, 0.000000000000000e+00, 0.000000000000000e+00, 5.363044560621327e+04, 1.000000000000000e-10, 1.501044949790974e+09
92, 7.421915967000000e-01, 4.146079960000000e-02, 3.193856126662393e-01, 0.000000000000000e+00, 0.000000000000000e+00, 5.341696171915890e+04, 1.000000000000000e-10, 1.513173557460126e+09
93, 7.392129909000000e-01, 4.178657100000000e-02, 3.165663975755187e-01, 0.000000000000000e+00, 0.000000000000000e+00, 5.305338824820601e+04, 1.000000000000000e-10, 1.529204714030406e+09
94, 7.362345880000000e-01, 4.211419530000000e-02, 3.117239221989516e-01, 0.000000000000000e+00, 0.000000000000000e+00, 5.233944339133667e+04, 1.000000000000000e-10, 1.555346469118615e+09
95, 7.332561850000000e-01, 4.244181960000000e-02, 3.073140837385138e-01, 0.000000000000000e+00, 0.000000000000000e+00, 5.167443723193546e+04, 1.000000000000000e-10, 1.579593183063938e+09
96, 7.302777821000001e-01, 4.276944400000000e-02, 3.036394324027851e-01, 0.000000000000000e+00, 0.000000000000000e+00, 5.109523735169695e+04, 1.000000000000000e-10, 1.599702973258970e+09
97, 7.272996700000000e-01, 4.309969770000000e-02, 2.980558841173844e-01, 0.000000000000000e+00, 0.000000000000000e+00, 5.014886639394730e+04, 1.000000000000000e-10, 1.629489534316463e+09
98, 7.243217382000000e-01, 4.343157600000000e-02, 2.888039738908281e-01, 0.000000000000000e+00, 0.000000000000000e+00, 4.853032968161248e+04, 1.000000000000000e-10, 1.679888988699018e+09
99, 7.213431270000000e-01, 4.375728880000000e-02, 2.753996171073990e-01, 0.000000000000000e+00, 0.000000000000000e+00, 4.613794950859748e+04, 1.000000000000000e-10, 1.757280293316051e+09
100, 7.183630640000001e-01, 4.406941800000000e-02, 2.610220968697020e-01, 0.000000000000000e+00, 0.000000000000000e+00, 4.350275195062489e+04, 1.000000000000000e-10, 1.846226573651024e+09
101, 7.153816632000000e-01, 4.436852160000000e-02, 2.483612257411310e-01, 0.000000000000000e+00, 0.000000000000000e+00, 4.111614136445823e+04, 1.000000000000000e-10, 1.929669711489265e+09
102, 7.123997234000000e-01, 4.466221600000000e-02, 2.376942531060772e-01, 0.000000000000000e+00, 0.000000000000000e+00, 3.906567935951072e+04, 1.000000000000000e-10, 2.004125734532522e+09
103, 7.094180101999999e-01, 4.495819900000000e-02, 2.290606387236206e-01, 0.000000000000000e+00, 0.000000000000000e+00, 3.737314286268446e+04, 1.000000000000000e-10, 2.067281046975475e+09
104, 7.064365126000000e-01, 4.525634870000000e-02, 2.229097237124239e-01, 0.000000000000000e+00, 0.000000000000000e+00, 3.613013426828529e+04, 1.000000000000000e-10, 2.112744344556926e+09
105, 7.034550149000000e-01, 4.555449850000000e-02, 2.196130157184567e-01, 0.000000000000000e+00, 0.000000000000000e+00, 3.541004173280257e+04, 1.000000000000000e-10, 2.135111864938492e+09
106, 7.004735172000000e-01, 4.585264830000000e-02, 2.189100218329654e-01, 0.000000000000000e+00, 0.000000000000000e+00, 3.517019473821396e+04, 1.000000000000000e-10, 2.135595999791194e+09
107, 6.974920194999999e-01, 4.615079800000000e-02, 2.186806396905865e-01, 0.000000000000000e+00, 0.000000000000000e+00, 3.505861514964407e+04, 1.000000000000000e-10, 2.134059051869896e+09
108, 6.945105217999999e-01, 4.644894780000000e-02, 2.184074131456671e-01, 0.000000000000000e+00, 0.000000000000000e+00, 3.497523512484043e+04, 1.000000000000000e-10, 2.134747428504877e+09
109, 6.915290242000000e-01, 4.674709760000000e-02, 2.188338371674788e-01, 0.000000000000000e+00, 0.000000000000000e+00, 3.501547254149183e+04, 1.000000000000000e-10, 2.129186258093485e+09
110, 6.885476161000000e-01, 4.704613990000000e-02, 2.194619448505179e-01, 0.000000000000000e+00, 0.000000000000000e+00, 3.510789403312834e+04, 1.000000000000000e-10, 2.122686313955046e+09
111, 6.855665742000000e-01, 4.734881320000000e-02, 2.197750094271261e-01, 0.000000000000000e+00, 0.000000000000000e+00, 3.516962778477425e+04, 1.000000000000000e-10, 2.120246480904526e+09
112, 6.825852395999999e-01, 4.764858270000000e-02, 2.196012298368006e-01, 0.000000000000000e+00, 0.000000000000000e+00, 3.516652027009106e+04, 1.000000000000000e-10, 2.123136063157163e+09
113, 6.796028435000000e-01, 4.793757530000000e-02, 2.196535432859536e-01, 0.000000000000000e+00, 0.000000000000000e+00, 3.519693413634521e+04, 1.000000000000000e-10, 2.123735304766374e+09
114, 6.766190426000001e-01, 4.821169240000000e-02, 2.210854880185082e-01, 0.000000000000000e+00, 0.000000000000000e+00, 3.543271740806368e+04, 1.000000000000000e-10, 2.110296452481910e+09
115, 6.736344527000000e-01, 4.847710350000000e-02, 2.230896131916030e-01, 0.000000000000000e+00, 0.000000000000000e+00, 3.575336230566546e+04, 1.000000000000000e-10, 2.091311864238719e+09
116, 6.706497918000000e-01, 4.874171610000000e-02, 2.243078055949705e-01, 0.000000000000000e+00, 0.000000000000000e+00, 3.595181801122076e+04, 1.000000000000000e-10, 2.080091183230622e+09
117, 6.676654681999999e-01, 4.901010790000000e-02, 2.242183978818976e-01, 0.000000000000000e+00, 0.000000000000000e+00, 3.594743833542784e+04, 1.000000000000000e-10, 2.081401948604704e+09
118, 6.646811620999999e-01, 4.927869540000000e-02, 2.229131298845134e-01, 0.000000000000000e+00, 0.000000000000000e+00, 3.574994717158075e+04, 1.000000000000000e-10, 2.094162533628621e+09
119, 6.616968561000000e-01, 4.954728290000000e-02, 2.224041458887416e-01, 0.000000000000000e+00, 0.000000000000000e+00, 3.567403286139913e+04, 1.000000000000000e-10, 2.099313171321308e+09
120, 6.587126148000000e-01, 4.981658670000000e-02, 2.228221398719662e-01, 0.000000000000000e+00, 0.000000000000000e+00, 3.575008895721508e+04, 1.000000000000000e-10, 2.095813741044075e+09
121, 6.557287142000000e-01, 5.008964140000000e-02, 2.231615676136647e-01, 0.000000000000000e+00, 0.000000000000000e+00, 3.582168013757625e+04, 1.000000000000000e-10, 2.093457606751204e+09
122, 6.527445878000000e-01, 5.036021100000000e-02, 2.229796031647520e-01, 0.000000000000000e+00, 0.000000000000000e+00, 3.581398236997257e+04, 1.000000000000000e-10, 2.096179878775640e+09
123, 6.497595392000000e-01, 5.062038200000000e-02, 2.229308931530764e-01, 0.000000000000000e+00, 0.000000000000000e+00, 3.582086810700946e+04, 1.000000000000000e-10, 2.097360029060461e+09
124, 6.467732199000000e-01, 5.086554410000000e-02, 2.242796547011698e-01, 0.000000000000000e+00, 0.000000000000000e+00, 3.603742167751280e+04, 1.000000000000000e-10, 2.084738990105296e+09
125, 6.437861620000001e-01, 5.110156080000000e-02, 2.262957821665288e-01, 0.000000000000000e+00, 0.000000000000000e+00, 3.635861309643165e+04, 1.000000000000000e-10, 2.065948422592133e+09
126, 6.407990088000000e-01, 5.133637300000000e-02, 2.277254933328657e-01, 0.000000000000000e+00, 0.000000000000000e+00, 3.659537444398375e+04, 1.000000000000000e-10, 2.053306438655249e+09
127, 6.378123096000000e-01, 5.157688470000000e-02, 2.281186696809508e-01, 0.000000000000000e+00, 0.000000000000000e+00, 3.667877646586515e+04, 1.000000000000000e-10, 2.050722448197429e+09
128, 6.348258525000000e-01, 5.182039160000000e-02, 2.276651444863825e-01, 0.000000000000000e+00, 0.000000000000000e+00, 3.663645455950763e+04, 1.000000000000000e-10, 2.056250125118992e+09
129, 6.318390014000000e-01, 5.205900390000000e-02, 2.274429796357605e-01, 0.000000000000000e+00, 0.000000000000000e+00, 3.663084017695600e+04, 1.000000000000000e-10, 2.059664907542553e+09
130, 6.288511656000000e-01, 5.228491860000000e-02, 2.280727725397704e-01, 0.000000000000000e+00, 0.000000000000000e+00, 3.675130614379049e+04, 1.000000000000000e-10, 2.054900240948323e+09
131, 6.258622963000000e-01, 5.249674920000000e-02, 2.296467036914968e-01, 0.000000000000000e+00, 0.000000000000000e+00, 3.700748874114252e+04, 1.000000000000000e-10, 2.040909211981762e+09
132, 6.228729552000000e-01, 5.270183440000000e-02, 2.314403967623173e-01, 0.000000000000000e+00, 0.000000000000000e+00, 3.729412006070733e+04, 1.000000000000000e-10, 2.024982814145917e+09
133, 6.198836982000000e-01, 5.290814110000000e-02, 2.324463110538696e-01, 0.000000000000000e+00, 0.000000000000000e+00, 3.745785691880598e+04, 1.000000000000000e-10, 2.016259688490587e+09
134, 6.168946444000000e-01, 5.311737490000000e-02, 2.320682580206661e-01, 0.000000000000000e+00, 0.000000000000000e+00, 3.740308051975766e+04, 1.000000000000000e-10, 2.019845398198360e+09
135, 6.139055905000000e-01, 5.332660870000000e-02, 2.307991086099329e-01, 0.000000000000000e+00, 0.000000000000000e+00, 3.720496642692909e+04, 1.000000000000000e-10, 2.031245637077997e+09
136, 6.109165367000000e-01, 5.353584240000000e-02, 2.309241773534370e-01, 0.000000000000000e+00, 0.000000000000000e+00, 3.722414646432622e+04, 1.000000000000000e-10, 2.030101126284618e+09
137, 6.079276023000000e-01, 5.374677020000000e-02, 2.315040282142105e-01, 0.000000000000000e+00, 0.000000000000000e+00, 3.732242819688507e+04, 1.000000000000000e-10, 2.025172122125906e+09
138, 6.049388740000000e-01, 5.396060430000000e-02, 2.319352130686345e-01, 0.000000000000000e+00, 0.000000000000000e+00, 3.740648688599515e+04, 1.000000000000000e-10, 2.022138954804312e+09
139, 6.019498206000000e-01, 5.416983050000000e-02, 2.319061207526910e-01, 0.000000000000000e+00, 0.000000000000000e+00, 3.742274914224166e+04, 1.000000000000000e-10, 2.023332280339582e+09
140, 5.989599226000000e-01, 5.436657950000000e-02, 2.320148705562829e-01, 0.000000000000000e+00, 0.000000000000000e+00, 3.745608063673505e+04, 1.000000000000000e-10, 2.023078489201994e+09
141, 5.959691164000001e-01, 5.454903410000000e-02, 2.333705812110494e-01, 0.000000000000000e+00, 0.000000000000000e+00, 3.767674590640479e+04, 1.000000000000000e-10, 2.011381688099128e+09
142, 5.929778870000000e-01, 5.472444030000000e-02, 2.352965803676940e-01, 0.000000000000000e+00, 0.000000000000000e+00, 3.798659693684098e+04, 1.000000000000000e-10, 1.994906907911650e+09
143, 5.899867137000000e-01, 5.490079730000000e-02, 2.365623784710744e-01, 0.000000000000000e+00, 0.000000000000000e+00, 3.819823854239145e+04, 1.000000000000000e-10, 1.984546586365273e+09
144, 5.869959152999999e-01, 5.508340180000000e-02, 2.367083963705838e-01, 0.000000000000000e+00, 0.000000000000000e+00, 3.823981893504850e+04, 1.000000000000000e-10, 1.984096858942579e+09
145, 5.840051705000000e-01, 5.526688670000000e-02, 2.359361092681518e-01, 0.000000000000000e+00, 0.000000000000000e+00, 3.814033396623399e+04, 1.000000000000000e-10, 1.991724771053239e+09
146, 5.810139992000000e-01, 5.544325400000000e-02, 2.355487789132794e-01, 0.000000000000000e+00, 0.000000000000000e+00, 3.809805078462318e+04, 1.000000000000000e-10, 1.995882751933555e+09
147, 5.780220176999999e-01, 5.560526350000000e-02, 2.370708900233422e-01, 0.000000000000000e+00, 0.000000000000000e+00, 3.834934983105863e+04, 1.000000000000000e-10, 1.983275913568372e+09
148, 5.750293853000000e-01, 5.575481730000000e-02, 2.395722602702747e-01, 0.000000000000000e+00, 0.000000000000000e+00, 3.875410243827666e+04, 1.000000000000000e-10, 1.962573719037436e+09
149, 5.720365281000001e-01, 5.589982500000000e-02, 2.413658273149380e-01, 0.000000000000000e+00, 0.000000000000000e+00, 3.904998581579515e+04, 1.000000000000000e-10, 1.948200050542230e+09
150, 5.690438169000001e-01, 5.604780920000000e-02, 2.417293671695522e-01, 0.000000000000000e+00, 0.000000000000000e+00, 3.912210689772734e+04, 1.000000000000000e-10, 1.945824088746476e+09
151, 5.660511873000000e-01, 5.619744060000000e-02, 2.405182797661636e-01, 0.000000000000000e+00, 0.000000000000000e+00, 3.894362572823335e+04, 1.000000000000000e-10, 1.956351425131471e+09
152, 5.630585577000000e-01, 5.634707210000000e-02, 2.396151385213219e-01, 0.000000000000000e+00, 0.000000000000000e+00, 3.881251471663143e+04, 1.000000000000000e-10, 1.964363199841761e+09
153, 5.600659280000000e-01, 5.649670360000000e-02, 2.397434941695709e-01, 0.000000000000000e+00, 0.000000000000000e+00, 3.884272956115169e+04, 1.000000000000000e-10, 1.963706207658313e+09
154, 5.570734513000000e-01, 5.664935650000000e-02, 2.398118898398843e-01, 0.000000000000000e+00, 0.000000000000000e+00, 3.886591900625471e+04, 1.000000000000000e-10, 1.963652919799230e+09
155, 5.540810301000000e-01, 5.680309730000000e-02, 2.392969344775954e-01, 0.000000000000000e+00, 0.000000000000000e+00, 3.879812055802962e+04, 1.000000000000000e-10, 1.968513041481324e+09
156, 5.510882624000000e-01, 5.694990830000000e-02, 2.389552719471784e-01, 0.000000000000000e+00, 0.000000000000000e+00, 3.875451204268281e+04, 1.000000000000000e-10, 1.971824351048488e+09
157, 5.480948308000000e-01, 5.708244870000000e-02, 2.405262094284322e-01, 0.000000000000000e+00, 0.000000000000000e+00, 3.900958703240796e+04, 1.000000000000000e-10, 1.958994977192570e+09
158, 5.451008633000000e-01, 5.720233900000000e-02, 2.431548288534705e-01, 0.000000000000000e+00, 0.000000000000000e+00, 3.943436438639815e+04, 1.000000000000000e-10, 1.937754491532891e+09
159, 5.421067085000000e-01, 5.731748330000000e-02, 2.450124327394088e-01, 0.000000000000000e+00, 0.000000000000000e+00, 3.974152088905026e+04, 1.000000000000000e-10, 1.923270965063336e+09
160, 5.391126656000000e-01, 5.743549340000000e-02, 2.453303188449223e-01, 0.000000000000000e+00, 0.000000000000000e+00, 3.980684689648078e+04, 1.000000000000000e-10, 1.921367674436661e+09
161, 5.361186917000000e-01, 5.755525230000000e-02, 2.443522385435284e-01, 0.000000000000000e+00, 0.000000000000000e+00, 3.966487755718284e+04, 1.000000000000000e-10, 1.929732501275884e+09
162, 5.331247178000000e-01, 5.767501130000000e-02, 2.434474373912582e-01, 0.000000000000000e+00, 0.000000000000000e+00, 3.952440651393801e+04, 1.000000000000000e-10, 1.937121092165642e+09
163, 5.301307440000000e-01, 5.779477020000000e-02, 2.435737840249567e-01, 0.000000000000000e+00, 0.000000000000000e+00, 3.955081983011805e+04, 1.000000000000000e-10, 1.936355450058881e+09
164, 5.271368887000000e-01, 5.791744960000000e-02, 2.436205233515077e-01, 0.000000000000000e+00, 0.000000000000000e+00, 3.956843071131344e+04, 1.000000000000000e-10, 1.936389987137131e+09
165, 5.241430848000000e-01, 5.804138270000000e-02, 2.429945494269800e-01, 0.000000000000000e+00, 0.000000000000000e+00, 3.948087746094073e+04, 1.000000000000000e-10, 1.941916223199009e+09
166, 5.211490097000000e-01, 5.815854030000000e-02, 2.425365285593087e-01, 0.000000000000000e+00, 0.000000000000000e+00, 3.941663816480608e+04, 1.000000000000000e-10, 1.946047122070111e+09
167, 5.181544149000000e-01, 5.826150360000000e-02, 2.440751562954893e-01, 0.000000000000000e+00, 0.000000000000000e+00, 3.966557560947537e+04, 1.000000000000000e-10, 1.933761284112041e+09
168, 5.151594046000000e-01, 5.835166060000000e-02, 2.467041066605600e-01, 0.000000000000000e+00, 0.000000000000000e+00, 4.009034765927124e+04, 1.000000000000000e-10, 1.913057057608283e+09
169, 5.121642494000000e-01, 5.843690760000000e-02, 2.485729196369398e-01, 0.000000000000000e+00, 0.000000000000000e+00, 4.039937376725215e+04, 1.000000000000000e-10, 1.898768152868063e+09
170, 5.091691748000000e-01, 5.852492480000000e-02, 2.489105765031269e-01, 0.000000000000000e+00, 0.000000000000000e+00, 4.046753599173900e+04, 1.000000000000000e-10, 1.896774727273235e+09
171, 5.061741541000000e-01, 5.861477540000000e-02, 2.478271400920253e-01, 0.000000000000000e+00, 0.000000000000000e+00, 4.030798420100173e+04, 1.000000000000000e-10, 1.905755790105853e+09
172, 5.031791335000000e-01, 5.870462600000000e-02, 2.469649099690370e-01, 0.000000000000000e+00, 0.000000000000000e+00, 4.017641239436061e+04, 1.000000000000000e-10, 1.912753094497432e+09
173, 5.001841129000000e-01, 5.879447660000000e-02, 2.472734108194796e-01, 0.000000000000000e+00, 0.000000000000000e+00, 4.023464317832309e+04, 1.000000000000000e-10, 1.910627813531445e+09
174, 4.971891791000000e-01, 5.888716460000000e-02, 2.473294110947277e-01, 0.000000000000000e+00, 0.000000000000000e+00, 4.025662206004495e+04, 1.000000000000000e-10, 1.910700538211488e+09
175, 4.941942883000000e-01, 5.898124000000000e-02, 2.466565501280532e-01, 0.000000000000000e+00, 0.000000000000000e+00, 4.016440254917279e+04, 1.000000000000000e-10, 1.916589409635620e+09
176, 4.911991976000000e-01, 5.906866820000000e-02, 2.461856750900417e-01, 0.000000000000000e+00, 0.000000000000000e+00, 4.010025417495800e+04, 1.000000000000000e-10, 1.920814759221435e+09
177, 4.882037299000000e-01, 5.914197000000000e-02, 2.477838750512697e-01, 0.000000000000000e+00, 0.000000000000000e+00, 4.036042903496989e+04, 1.000000000000000e-10, 1.908429130086776e+09
178, 4.852079712000000e-01, 5.920233930000000e-02, 2.505070787075247e-01, 0.000000000000000e+00, 0.000000000000000e+00, 4.080140712288154e+04, 1.000000000000000e-10, 1.887583824893501e+09
179, 4.822121140000000e-01, 5.925766320000000e-02, 2.524148677753219e-01, 0.000000000000000e+00, 0.000000000000000e+00, 4.111679698259135e+04, 1.000000000000000e-10, 1.873448315648327e+09
180, 4.792163079000000e-01, 5.931567380000000e-02, 2.527201239308546e-01, 0.000000000000000e+00, 0.000000000000000e+00, 4.117911516787530e+04, 1.000000000000000e-10, 1.871658917115642e+09
181, 4.762205389000000e-01, 5.937558920000000e-02, 2.515155027834788e-01, 0.000000000000000e+00, 0.000000000000000e+00, 4.099977775123930e+04, 1.000000000000000e-10, 1.881260697998504e+09
182, 4.732247699000000e-01, 5.943550460000000e-02, 2.506618151623524e-01, 0.000000000000000e+00, 0.000000000000000e+00, 4.087222898097802e+04, 1.000000000000000e-10, 1.888152184966938e+09
183, 4.702290009000000e-01, 5.949542000000000e-02, 2.508272794437438e-01, 0.000000000000000e+00, 0.000000000000000e+00, 4.090756124871866e+04, 1.000000000000000e-10, 1.887225273866954e+09
184, 4.672332890000000e-01, 5.955810270000000e-02, 2.508297509444005e-01, 0.000000000000000e+00, 0.000000000000000e+00, 4.091918914117630e+04, 1.000000000000000e-10, 1.887655094085519e+09
185, 4.642376084000000e-01, 5.962228340000000e-02, 2.500830058669899e-01, 0.000000000000000e+00, 0.000000000000000e+00, 4.081186170120655e+04, 1.000000000000000e-10, 1.893847724212772e+09
186, 4.612417964000000e-01, 5.967992670000000e-02, 2.495075872964711e-01, 0.000000000000000e+00, 0.000000000000000e+00, 4.072856925709012e+04, 1.000000000000000e-10, 1.898612920108124e+09
187, 4.582457490000000e-01, 5.972350630000000e-02, 2.510618731210303e-01, 0.000000000000000e+00, 0.000000000000000e+00, 4.098242359052782e+04, 1.000000000000000e-10, 1.886828323920415e+09
188, 4.552495377000000e-01, 5.975405020000000e-02, 2.538719278239772e-01, 0.000000000000000e+00, 0.000000000000000e+00, 4.144175959133269e+04, 1.000000000000000e-10, 1.865955339467485e+09
189, 4.522532772000000e-01, 5.977943380000000e-02, 2.560516786860313e-01, 0.000000000000000e+00, 0.000000000000000e+00, 4.180862079220443e+04, 1.000000000000000e-10, 1.850474609459697e+09
190, 4.492570403000000e-01, 5.980742960000000e-02, 2.567317625618128e-01, 0.000000000000000e+00, 0.000000000000000e+00, 4.194118273670764e+04, 1.000000000000000e-10, 1.846355732360981e+09
191, 4.462608221000000e-01, 5.983739180000000e-02, 2.556419097836150e-01, 0.000000000000000e+00, 0.000000000000000e+00, 4.179176073160824e+04, 1.000000000000000e-10, 1.855312663987825e+09
192, 4.432646038000000e-01, 5.986735400000000e-02, 2.545710803337262e-01, 0.000000000000000e+00, 0.000000000000000e+00, 4.164093895850750e+04, 1.000000000000000e-10, 1.864013402613051e+09
193, 4.402683855000000e-01, 5.989731610000000e-02, 2.542688890374343e-01, 0.000000000000000e+00, 0.000000000000000e+00, 4.160130489780672e+04, 1.000000000000000e-10, 1.866517265919751e+09
194, 4.372721672000000e-01, 5.992727830000000e-02, 2.537519359264408e-01, 0.000000000000000e+00, 0.000000000000000e+00, 4.151313571518005e+04, 1.000000000000000e-10, 1.870186932156643e+09
195, 4.342759490000000e-01, 5.995724050000000e-02, 2.531820075703384e-01, 0.000000000000000e+00, 0.000000000000000e+00, 4.140518088585044e+04, 1.000000000000000e-10, 1.873913244765643e+09
196, 4.312797307000000e-01, 5.998720270000000e-02, 2.533589081167727e-01, 0.000000000000000e+00, 0.000000000000000e+00, 4.141641961801243e+04, 1.000000000000000e-10, 1.871944057037621e+09
197, 4.282835251000000e-01, 6.001838500000000e-02, 2.538908461712200e-01, 0.000000000000000e+00, 0.000000000000000e+00, 4.149729133095028e+04, 1.000000000000000e-10, 1.867765429012050e+09
198, 4.252873570000000e-01, 6.005299780000000e-02, 2.541918622595594e-01, 0.000000000000000e+00, 0.000000000000000e+00, 4.155410053143804e+04, 1.000000000000000e-10, 1.865837831228856e+09
199, 4.222911490000000e-01, 6.008389620000000e-02, 2.539341415635933e-01, 0.000000000000000e+00, 0.000000000000000e+00, 4.153059971056414e+04, 1.000000000000000e-10, 1.868424160932293e+09
200, 4.192948456000000e-01, 6.010304610000000e-02, 2.537718546001992e-01, 0.000000000000000e+00, 0.000000000000000e+00, 4.152162038863266e+04, 1.000000000000000e-10, 1.870317370347141e+09
201, 4.162984826000000e-01, 6.010734210000000e-02, 2.550681379080539e-01, 0.000000000000000e+00, 0.000000000000000e+00, 4.173969802619661e+04, 1.000000000000000e-10, 1.860986748008442e+09
202, 4.133021170000000e-01, 6.010365170000000e-02, 2.571814914010113e-01, 0.000000000000000e+00, 0.000000000000000e+00, 4.208881707695674e+04, 1.000000000000000e-10, 1.845813472544444e+09
203, 4.103057513000000e-01, 6.010004530000000e-02, 2.587851039564907e-01, 0.000000000000000e+00, 0.000000000000000e+00, 4.236147120570700e+04, 1.000000000000000e-10, 1.834741103363210e+09
204, 4.073093833000000e-01, 6.010000000000000e-02, 2.592571268988952e-01, 0.000000000000000e+00, 0.000000000000000e+00, 4.245638182167638e+04, 1.000000000000000e-10, 1.832029595103603e+09
205, 4.043130152000000e-01, 6.010000000000000e-02, 2.583687716089799e-01, 0.000000000000000e+00, 0.000000000000000e+00, 4.233268278672940e+04, 1.000000000000000e-10, 1.839110286518632e+09
206, 4.013166471000000e-01, 6.010000000000000e-02, 2.574098521055643e-01, 0.000000000000000e+00, 0.000000000000000e+00, 4.219451835666007e+04, 1.000000000000000e-10, 1.846646460341393e+09
207, 3.983202790000000e-01, 6.010000000000000e-02, 2.565290944921598e-01, 0.000000000000000e+00, 0.000000000000000e+00, 4.206004608793702e+04, 1.000000000000000e-10, 1.853346970272532e+09
208, 3.953239109000000e-01, 6.010000000000000e-02, 2.553358465107357e-01, 0.000000000000000e+00, 0.000000000000000e+00, 4.186601740771344e+04, 1.000000000000000e-10, 1.862067405569288e+09
209, 3.923275428000000e-01, 6.010000000000000e-02, 2.550384700359731e-01, 0.000000000000000e+00, 0.000000000000000e+00, 4.181208462610961e+04, 1.000000000000000e-10, 1.864048122616923e+09
210, 3.893311748000000e-01, 6.010020870000000e-02, 2.555234355494748e-01, 0.000000000000000e+00, 0.000000000000000e+00, 4.189353556164939e+04, 1.000000000000000e-10, 1.860581450508850e+09
211, 3.863348096000000e-01, 6.010425500000000e-02, 2.557282972863263e-01, 0.000000000000000e+00, 0.000000000000000e+00, 4.193973942123149e+04, 1.000000000000000e-10, 1.859552896526219e+09
212, 3.833384435000000e-01, 6.010740740000000e-02, 2.551661525427162e-01, 0.000000000000000e+00, 0.000000000000000e+00, 4.186926149211630e+04, 1.000000000000000e-10, 1.864447780067124e+09
213, 3.803420834000000e-01, 6.010159540000000e-02, 2.546879487080335e-01, 0.000000000000000e+00, 0.000000000000000e+00, 4.181122685947694e+04, 1.000000000000000e-10, 1.868708207368025e+09
214, 3.773457918000000e-01, 6.008061910000000e-02, 2.560569020962354e-01, 0.000000000000000e+00, 0.000000000000000e+00, 4.204577226593030e+04, 1.000000000000000e-10, 1.859075593298388e+09
215, 3.743495929000000e-01, 6.004884090000000e-02, 2.585103935966599e-01, 0.000000000000000e+00, 0.000000000000000e+00, 4.245750293699125e+04, 1.000000000000000e-10, 1.841746799382121e+09
216, 3.713534236000000e-01, 6.001432620000000e-02, 2.603301224429433e-01, 0.000000000000000e+00, 0.000000000000000e+00, 4.277372496123589e+04, 1.000000000000000e-10, 1.829485404800836e+09
217, 3.683572136000000e-01, 5.998357210000000e-02, 2.606914849274306e-01, 0.000000000000000e+00, 0.000000000000000e+00, 4.285899206962329e+04, 1.000000000000000e-10, 1.827860811005173e+09
218, 3.653609953000000e-01, 5.995361000000000e-02, 2.596611073347694e-01, 0.000000000000000e+00, 0.000000000000000e+00, 4.272018887157268e+04, 1.000000000000000e-10, 1.836232211651345e+09
219, 3.623647770000000e-01, 5.992364780000000e-02, 2.583101157200689e-01, 0.000000000000000e+00, 0.000000000000000e+00, 4.251780190784999e+04, 1.000000000000000e-10, 1.846548302727746e+09
220, 3.593685587000000e-01, 5.989368560000000e-02, 2.575428338600462e-01, 0.000000000000000e+00, 0.000000000000000e+00, 4.239578552345341e+04, 1.000000000000000e-10, 1.852203794499322e+09
221, 3.563723404000000e-01, 5.986372340000000e-02, 2.570397636531100e-01, 0.000000000000000e+00, 0.000000000000000e+00, 4.230616583936147e+04, 1.000000000000000e-10, 1.855582616181376e+09
222, 3.533761221000000e-01, 5.983376120000000e-02, 2.567515137241399e-01, 0.000000000000000e+00, 0.000000000000000e+00, 4.224705139037603e+04, 1.000000000000000e-10, 1.857183884920545e+09
223, 3.503799039000000e-01, 5.980379900000000e-02, 2.568110228596954e-01, 0.000000000000000e+00, 0.000000000000000e+00, 4.225528159032050e+04, 1.000000000000000e-10, 1.856696918772775e+09
224, 3.473836618000000e-01, 5.977636380000000e-02, 2.565459458890710e-01, 0.000000000000000e+00, 0.000000000000000e+00, 4.222123952916311e+04, 1.000000000000000e-10, 1.858988291599968e+09
225, 3.443874030000000e-01, 5.975078450000000e-02, 2.555952856278353e-01, 0.000000000000000e+00, 0.000000000000000e+00, 4.208461374363411e+04, 1.000000000000000e-10, 1.866677925545913e+09
226, 3.413912043000000e-01, 5.971906720000000e-02, 2.547770034976908e-01, 0.000000000000000e+00, 0.000000000000000e+00, 4.197029967971698e+04, 1.000000000000000e-10, 1.873425034268685e+09
227, 3.383951856000000e-01, 5.967355900000000e-02, 2.560175471459347e-01, 0.000000000000000e+00, 0.000000000000000e+00, 4.218595847789985e+04, 1.000000000000000e-10, 1.864663459512146e+09
228, 3.353993970000000e-01, 5.961469410000000e-02, 2.585747361351565e-01, 0.000000000000000e+00, 0.000000000000000e+00, 4.261857082375598e+04, 1.000000000000000e-10, 1.846729464456630e+09
229, 3.324037216000000e-01, 5.955026900000000e-02, 2.605579644393521e-01, 0.000000000000000e+00, 0.000000000000000e+00, 4.296522436856130e+04, 1.000000000000000e-10, 1.833369000625671e+09
230, 3.294079977000000e-01, 5.948816000000000e-02, 2.610696423649015e-01, 0.000000000000000e+00, 0.000000000000000e+00, 4.307743361731116e+04, 1.000000000000000e-10, 1.830751100533077e+09
231, 3.264122288000000e-01, 5.942824460000000e-02, 2.596074997696937e-01, 0.000000000000000e+00, 0.000000000000000e+00, 4.286868157322689e+04, 1.000000000000000e-10, 1.842198076550654e+09
232, 3.234164598000000e-01, 5.936832920000000e-02, 2.582002202724807e-01, 0.000000000000000e+00, 0.000000000000000e+00, 4.266126209287043e+04, 1.000000000000000e-10, 1.853084979497945e+09
233, 3.204206908000000e-01, 5.930841380000000e-02, 2.579131522381994e-01, 0.000000000000000e+00, 0.000000000000000e+00, 4.262075757504027e+04, 1.000000000000000e-10, 1.855396027022066e+09
234, 3.174249218000000e-01, 5.924849840000000e-02, 2.568885896977499e-01, 0.000000000000000e+00, 0.000000000000000e+00, 4.243834214987406e+04, 1.000000000000000e-10, 1.862322120408743e+09
235, 3.144291528000000e-01, 5.918858310000000e-02, 2.558336131461055e-01, 0.000000000000000e+00, 0.000000000000000e+00, 4.224232001381218e+04, 1.000000000000000e-10, 1.869222426669373e+09
236, 3.114333838000000e-01, 5.912866770000000e-02, 2.560368483085793e-01, 0.000000000000000e+00, 0.000000000000000e+00, 4.225140023481374e+04, 1.000000000000000e-10, 1.866847234331744e+09
237, 3.084375946000000e-01, 5.906978170000000e-02, 2.566062632713943e-01, 0.000000000000000e+00, 0.000000000000000e+00, 4.233336092523197e+04, 1.000000000000000e-10, 1.862251921384964e+09
238, 3.054417368000000e-01, 5.901448810000000e-02, 2.569258530014929e-01, 0.000000000000000e+00, 0.000000000000000e+00, 4.238875794898784e+04, 1.000000000000000e-10, 1.860034301492081e+09
239, 3.024459424000000e-01, 5.895589760000000e-02, 2.566019061846852e-01, 0.000000000000000e+00, 0.000000000000000e+00, 4.235052108291192e+04, 1.000000000000000e-10, 1.862973741108982e+09
240, 2.994503937000000e-01, 5.888596610000000e-02, 2.562763634376868e-01, 0.000000000000000e+00, 0.000000000000000e+00, 4.231321749707762e+04, 1.000000000000000e-10, 1.865937318795817e+09
241, 2.964552315000000e-01, 5.880104250000000e-02, 2.574137084544055e-01, 0.000000000000000e+00, 0.000000000000000e+00, 4.250762407031905e+04, 1.000000000000000e-10, 1.857942741758388e+09
242, 2.934603172000000e-01, 5.870772480000000e-02, 2.593817107009048e-01, 0.000000000000000e+00, 0.000000000000000e+00, 4.283822568626346e+04, 1.000000000000000e-10, 1.844045351248137e+09
243, 2.904654134000000e-01, 5.861406570000000e-02, 2.607024527412680e-01, 0.000000000000000e+00, 0.000000000000000e+00, 4.307048029989598e+04, 1.000000000000000e-10, 1.835162770924473e+09
244, 2.874703256000000e-01, 5.852650000000000e-02, 2.607187204049851e-01, 0.000000000000000e+00, 0.000000000000000e+00, 4.309661612561087e+04, 1.000000000000000e-10, 1.835872704791141e+09
245, 2.844751753000000e-01, 5.844108520000000e-02, 2.595275606643909e-01, 0.000000000000000e+00, 0.000000000000000e+00, 4.293032416192636e+04, 1.000000000000000e-10, 1.845389677348293e+09
246, 2.814802001000000e-01, 5.834977820000000e-02, 2.585149266420348e-01, 0.000000000000000e+00, 0.000000000000000e+00, 4.278970281837060e+04, 1.000000000000000e-10, 1.853578619255970e+09
247, 2.784856726000000e-01, 5.824487900000000e-02, 2.593201677669260e-01, 0.000000000000000e+00, 0.000000000000000e+00, 4.293575859397904e+04, 1.000000000000000e-10, 1.848275732974365e+09
248, 2.754916466000000e-01, 5.812646400000000e-02, 2.611170743330458e-01, 0.000000000000000e+00, 0.000000000000000e+00, 4.324039541142724e+04, 1.000000000000000e-10, 1.835837504423439e+09
249, 2.724978541000000e-01, 5.800225460000000e-02, 2.626731659222993e-01, 0.000000000000000e+00, 0.000000000000000e+00, 4.350667769674795e+04, 1.000000000000000e-10, 1.825258947017344e+09
250, 2.695039750000000e-01, 5.788015900000000e-02, 2.632447773661480e-01, 0.000000000000000e+00, 0.000000000000000e+00, 4.361540807697889e+04, 1.000000000000000e-10, 1.821746237983142e+09
251, 2.665100011000000e-01, 5.776040000000000e-02, 2.625837310950583e-01, 0.000000000000000e+00, 0.000000000000000e+00, 4.352372288005441e+04, 1.000000000000000e-10, 1.826949073562971e+09
252, 2.635160273000000e-01, 5.764064110000000e-02, 2.611762160404148e-01, 0.000000000000000e+00, 0.000000000000000e+00, 4.330847535370638e+04, 1.000000000000000e-10, 1.837410641489429e+09
253, 2.605220534000000e-01, 5.752088210000000e-02, 2.601478533515826e-01, 0.000000000000000e+00, 0.000000000000000e+00, 4.314420324904135e+04, 1.000000000000000e-10, 1.844894016146061e+09
254, 2.575280795000000e-01, 5.740112320000000e-02, 2.591258424399848e-01, 0.000000000000000e+00, 0.000000000000000e+00, 4.297028211248314e+04, 1.000000000000000e-10, 1.852013367124411e+09
255, 2.545341057000000e-01, 5.728136420000000e-02, 2.581255250329167e-01, 0.000000000000000e+00, 0.000000000000000e+00, 4.279315301353162e+04, 1.000000000000000e-10, 1.858809032141247e+09
256, 2.515401318000000e-01, 5.716160530000000e-02, 2.578953629545959e-01, 0.000000000000000e+00, 0.000000000000000e+00, 4.274243856082374e+04, 1.000000000000000e-10, 1.860018017440323e+09
257, 2.485461222000000e-01, 5.704274810000000e-02, 2.580338215739019e-01, 0.000000000000000e+00, 0.000000000000000e+00, 4.276531293782040e+04, 1.000000000000000e-10, 1.858983763547152e+09
258, 2.455519687000000e-01, 5.692757100000000e-02, 2.578454918472281e-01, 0.000000000000000e+00, 0.000000000000000e+00, 4.274762308031700e+04, 1.000000000000000e-10, 1.860840054399818e+09
259, 2.425579324000000e-01, 5.680940080000000e-02, 2.570861357488463e-01, 0.000000000000000e+00, 0.000000000000000e+00, 4.264612342376226e+04, 1.000000000000000e-10, 1.867241459668701e+09
260, 2.395643498000000e-01, 5.668030080000000e-02, 2.565862816105137e-01, 0.000000000000000e+00, 0.000000000000000e+00, 4.258695851890064e+04, 1.000000000000000e-10, 1.871738400547176e+09
261, 2.365712773000000e-01, 5.653982940000000e-02, 2.578199483713419e-01, 0.000000000000000e+00, 0.000000000000000e+00, 4.280476246784934e+04, 1.000000000000000e-10, 1.863180794364115e+09
262, 2.335786376000000e-01, 5.639042170000000e-02, 2.597791802194793e-01, 0.000000000000000e+00, 0.000000000000000e+00, 4.314117824296486e+04, 1.000000000000000e-10, 1.849489389365284e+09
263, 2.305864572000000e-01, 5.623208320000000e-02, 2.613254957376572e-01, 0.000000000000000e+00, 0.000000000000000e+00, 4.340844388664441e+04, 1.000000000000000e-10, 1.839023988321043e+09
264, 2.275948873000000e-01, 5.606262990000000e-02, 2.626553767947906e-01, 0.000000000000000e+00, 0.000000000000000e+00, 4.363905561556336e+04, 1.000000000000000e-10, 1.830047599154641e+09
265, 2.246039719000000e-01, 5.588195720000000e-02, 2.644188689897708e-01, 0.000000000000000e+00, 0.000000000000000e+00, 4.394228309120025e+04, 1.000000000000000e-10, 1.818174852250716e+09
266, 2.216132630000000e-01, 5.569788720000000e-02, 2.653431451565729e-01, 0.000000000000000e+00, 0.000000000000000e+00, 4.411090231118922e+04, 1.000000000000000e-10, 1.812349301800887e+09
267, 2.186223396000000e-01, 5.551734040000000e-02, 2.646303663894036e-01, 0.000000000000000e+00, 0.000000000000000e+00, 4.401110896567897e+04, 1.000000000000000e-10, 1.817887648203081e+09
268, 2.156313504000000e-01, 5.533788100000000e-02, 2.622138568062645e-01, 0.000000000000000e+00, 0.000000000000000e+00, 4.362811540479133e+04, 1.000000000000000e-10, 1.835294995169684e+09
269, 2.126403613000000e-01, 5.515842170000000e-02, 2.608211620685250e-01, 0.000000000000000e+00, 0.000000000000000e+00, 4.340819717650653e+04, 1.000000000000000e-10, 1.845478145768707e+09
270, 2.096493686000000e-01, 5.497902140000000e-02, 2.607411521248766e-01, 0.000000000000000e+00, 0.000000000000000e+00, 4.340869883703395e+04, 1.000000000000000e-10, 1.846513127003667e+09
271, 2.066581632000000e-01, 5.480320770000000e-02, 2.605851876404086e-01, 0.000000000000000e+00, 0.000000000000000e+00, 4.340176214522162e+04, 1.000000000000000e-10, 1.848284743636011e+09
272, 2.036669592000000e-01, 5.462737120000000e-02, 2.596414698459502e-01, 0.000000000000000e+00, 0.000000000000000e+00, 4.326715656279097e+04, 1.000000000000000e-10, 1.855782638719440e+09
273, 2.006762392000000e-01, 5.444351370000000e-02, 2.586569040713670e-01, 0.000000000000000e+00, 0.000000000000000e+00, 4.312018282896889e+04, 1.000000000000000e-10, 1.863474634024271e+09
274, 1.976864651000000e-01, 5.424488690000000e-02, 2.591755201671916e-01, 0.000000000000000e+00, 0.000000000000000e+00, 4.320925870056855e+04, 1.000000000000000e-10, 1.859803796418736e+09
275, 1.946974808000000e-01, 5.403467400000000e-02, 2.604476315414624e-01, 0.000000000000000e+00, 0.000000000000000e+00, 4.341892195715507e+04, 1.000000000000000e-10, 1.850651712893661e+09
276, 1.917087537000000e-01, 5.382082320000000e-02, 2.614872238751911e-01, 0.000000000000000e+00, 0.000000000000000e+00, 4.359384395964303e+04, 1.000000000000000e-10, 1.843379786192191e+09
277, 1.887197351000000e-01, 5.361109610000000e-02, 2.617882831834466e-01, 0.000000000000000e+00, 0.000000000000000e+00, 4.365695083870218e+04, 1.000000000000000e-10, 1.841707828030712e+09
278, 1.857303707000000e-01, 5.340634910000000e-02, 2.612362996544709e-01, 0.000000000000000e+00, 0.000000000000000e+00, 4.358887894301024e+04, 1.000000000000000e-10, 1.846434311636832e+09
279, 1.827411789000000e-01, 5.319910420000000e-02, 2.600055806708401e-01, 0.000000000000000e+00, 0.000000000000000e+00, 4.341570913317400e+04, 1.000000000000000e-10, 1.856258255398591e+09
280, 1.797527313000000e-01, 5.298142430000000e-02, 2.591680201840953e-01, 0.000000000000000e+00, 0.000000000000000e+00, 4.330510528421577e+04, 1.000000000000000e-10, 1.863298187438849e+09
281, 1.767651486000000e-01, 5.275215400000000e-02, 2.605043427957681e-01, 0.000000000000000e+00, 0.000000000000000e+00, 4.354574786243521e+04, 1.000000000000000e-10, 1.854361651872548e+09
282, 1.737782598000000e-01, 5.251401450000000e-02, 2.628784816417492e-01, 0.000000000000000e+00, 0.000000000000000e+00, 4.395897253180522e+04, 1.000000000000000e-10, 1.838176521764205e+09
283, 1.707920907000000e-01, 5.226701400000000e-02, 2.645345116897753e-01, 0.000000000000000e+00, 0.000000000000000e+00, 4.425341184109580e+04, 1.000000000000000e-10, 1.827263329651062e+09
284, 1.678068289000000e-01, 5.200929790000000e-02, 2.643525018802078e-01, 0.000000000000000e+00, 0.000000000000000e+00, 4.423951745583746e+04, 1.000000000000000e-10, 1.829067781558275e+09
285, 1.648225830000000e-01, 5.174005310000000e-02, 2.638772025934364e-01, 0.000000000000000e+00, 0.000000000000000e+00, 4.416914494764429e+04, 1.000000000000000e-10, 1.832674783496725e+09
286, 1.618386948000000e-01, 5.146686210000000e-02, 2.643089993573867e-01, 0.000000000000000e+00, 0.000000000000000e+00, 4.425042125653117e+04, 1.000000000000000e-10, 1.830036728271686e+09
287, 1.588544609000000e-01, 5.119748250000000e-02, 2.646575553907035e-01, 0.000000000000000e+00, 0.000000000000000e+00, 4.432592347731578e+04, 1.000000000000000e-10, 1.828207338439819e+09
288, 1.558697631000000e-01, 5.093328530000000e-02, 2.641931062494224e-01, 0.000000000000000e+00, 0.000000000000000e+00, 4.427322242726600e+04, 1.000000000000000e-10, 1.832295601629309e+09
289, 1.528852535000000e-01, 5.066697530000000e-02, 2.627407316391517e-01, 0.000000000000000e+00, 0.000000000000000e+00, 4.406039580599113e+04, 1.000000000000000e-10, 1.843473902816909e+09
290, 1.499016570000000e-01, 5.039064780000000e-02, 2.612794567814699e-01, 0.000000000000000e+00, 0.000000000000000e+00, 4.384118092091929e+04, 1.000000000000000e-10, 1.854654898388407e+09
291, 1.469194872000000e-01, 5.009932340000000e-02, 2.613766735231428e-01, 0.000000000000000e+00, 0.000000000000000e+00, 4.386944700639977e+04, 1.000000000000000e-10, 1.854379776383331e+09
292, 1.439382559000000e-01, 4.979852640000000e-02, 2.623897078780572e-01, 0.000000000000000e+00, 0.000000000000000e+00, 4.404868335740986e+04, 1.000000000000000e-10, 1.847513727503046e+09
293, 1.409571857000000e-01, 4.949613280000000e-02, 2.627884272870654e-01, 0.000000000000000e+00, 0.000000000000000e+00, 4.413163663112637e+04, 1.000000000000000e-10, 1.845204995114512e+09
294, 1.379755682000000e-01, 4.919919110000000e-02, 2.618352863107024e-01, 0.000000000000000e+00, 0.000000000000000e+00, 4.399548110346276e+04, 1.000000000000000e-10, 1.852768210228088e+09
295, 1.349936162000000e-01, 4.890561960000000e-02, 2.595691880708442e-01, 0.000000000000000e+00, 0.000000000000000e+00, 4.364519646287288e+04, 1.000000000000000e-10, 1.870036913199968e+09
296, 1.320121036000000e-01, 4.860762960000000e-02, 2.574408018369864e-01, 0.000000000000000e+00, 0.000000000000000e+00, 4.331577882772851e+04, 1.000000000000000e-10, 1.886530696856833e+09
297, 1.290317925000000e-01, 4.829786950000000e-02, 2.571918572549520e-01, 0.000000000000000e+00, 0.000000000000000e+00, 4.329103127276366e+04, 1.000000000000000e-10, 1.888970046524217e+09
298, 1.260525769000000e-01, 4.797772950000000e-02, 2.581409600187502e-01, 0.000000000000000e+00, 0.000000000000000e+00, 4.346467390114156e+04, 1.000000000000000e-10, 1.882505422974235e+09
299, 1.230743167000000e-01, 4.764882070000000e-02, 2.592420894287437e-01, 0.000000000000000e+00, 0.000000000000000e+00, 4.366546053026216e+04, 1.000000000000000e-10, 1.875075051696145e+09
300, 1.200970366000000e-01, 4.731115450000000e-02, 2.599780124985612e-01, 0.000000000000000e+00, 0.000000000000000e+00, 4.380749010274010e+04, 1.000000000000000e-10, 1.870400582868488e+09
301, 1.171207615000000e-01, 4.696474260000000e-02, 2.603612961274613e-01, 0.000000000000000e+00, 0.000000000000000e+00, 4.389262735807386e+04, 1.000000000000000e-10, 1.868364314846041e+09
302, 1.141455159000000e-01, 4.660959680000000e-02, 2.604910139089335e-01, 0.000000000000000e+00, 0.000000000000000e+00, 4.393628042025057e+04, 1.000000000000000e-10, 1.868180920561688e+09
303, 1.111713243000000e-01, 4.624572950000000e-02, 2.603390624925894e-01, 0.000000000000000e+00, 0.000000000000000e+00, 4.393223003471133e+04, 1.000000000000000e-10, 1.870024128312093e+09
304, 1.081982111000000e-01, 4.587315320000000e-02, 2.599373976702997e-01, 0.000000000000000e+00, 0.000000000000000e+00, 4.388556171631447e+04, 1.000000000000000e-10, 1.873669635609274e+09
305, 1.052262005000000e-01, 4.549188050000000e-02, 2.596360914631365e-01, 0.000000000000000e+00, 0.000000000000000e+00, 4.385692549367640e+04, 1.000000000000000e-10, 1.876623548106208e+09
306, 1.022553168000000e-01, 4.510192450000000e-02, 2.598246775147498e-01, 0.000000000000000e+00, 0.000000000000000e+00, 4.391540266057111e+04, 1.000000000000000e-10, 1.876137033161130e+09
307, 9.928555240000000e-02, 4.470353130000000e-02, 2.601821830093113e-01, 0.000000000000000e+00, 0.000000000000000e+00, 4.401090699982137e+04, 1.000000000000000e-10, 1.874783125171738e+09
308, 9.631645150000000e-02, 4.430022190000000e-02, 2.601267470358269e-01, 0.000000000000000e+00, 0.000000000000000e+00, 4.404345747122235e+04, 1.000000000000000e-10, 1.876645701422025e+09
309, 9.334866629999999e-02, 4.388735710000000e-02, 2.594204775301017e-01, 0.000000000000000e+00, 0.000000000000000e+00, 4.396946669748314e+04, 1.000000000000000e-10, 1.883390076300737e+09
310, 9.038333000000000e-02, 4.345728190000000e-02, 2.586639141311001e-01, 0.000000000000000e+00, 0.000000000000000e+00, 4.388173345795929e+04, 1.000000000000000e-10, 1.890332824257968e+09
311, 8.742106760000000e-02, 4.300650920000000e-02, 2.592475049901476e-01, 0.000000000000000e+00, 0.000000000000000e+00, 4.400707990247790e+04, 1.000000000000000e-10, 1.886975437755984e+09
312, 8.446147179999999e-02, 4.253854550000000e-02, 2.608549460903230e-01, 0.000000000000000e+00, 0.000000000000000e+00, 4.430058369562363e+04, 1.000000000000000e-10, 1.876093644414664e+09
313, 8.150462410000001e-02, 4.205352220000000e-02, 2.624335967205684e-01, 0.000000000000000e+00, 0.000000000000000e+00, 4.458755343437324e+04, 1.000000000000000e-10, 1.865454011086589e+09
314, 7.855061400000000e-02, 4.155150370000000e-02, 2.633968398450632e-01, 0.000000000000000e+00, 0.000000000000000e+00, 4.477023761924117e+04, 1.000000000000000e-10, 1.859271802325140e+09
315, 7.559953120000000e-02, 4.103255620000000e-02, 2.639916969919461e-01, 0.000000000000000e+00, 0.000000000000000e+00, 4.489354405475466e+04, 1.000000000000000e-10, 1.855798430693381e+09
316, 7.265146290000001e-02, 4.049674770000000e-02, 2.646918722858372e-01, 0.000000000000000e+00, 0.000000000000000e+00, 4.504088185249342e+04, 1.000000000000000e-10, 1.851897717576306e+09
317, 6.970648800000000e-02, 3.994418840000000e-02, 2.652065446709949e-01, 0.000000000000000e+00, 0.000000000000000e+00, 4.516437348487395e+04, 1.000000000000000e-10, 1.849506339421279e+09
318, 6.676405530000000e-02, 3.937824060000000e-02, 2.649843972367468e-01, 0.000000000000000e+00, 0.000000000000000e+00, 4.516781637719926e+04, 1.000000000000000e-10, 1.852440658603295e+09
319, 6.382483080000000e-02, 3.879587770000000e-02, 2.638855546770765e-01, 0.000000000000000e+00, 0.000000000000000e+00, 4.502493805087465e+04, 1.000000000000000e-10, 1.861599732462532e+09
320, 6.089039250000000e-02, 3.818988410000000e-02, 2.628989601270009e-01, 0.000000000000000e+00, 0.000000000000000e+00, 4.489791077356095e+04, 1.000000000000000e-10, 1.869993788808932e+09
321, 5.796159620000000e-02, 3.755716460000000e-02, 2.633620180983644e-01, 0.000000000000000e+00, 0.000000000000000e+00, 4.500953754686033e+04, 1.000000000000000e-10, 1.867809121359380e+09
322, 5.503766030000000e-02, 3.690236230000000e-02, 2.644185864406077e-01, 0.000000000000000e+00, 0.000000000000000e+00, 4.521845396183181e+04, 1.000000000000000e-10, 1.861298608318216e+09
323, 5.212020500000000e-02, 3.621928960000000e-02, 2.651536457368240e-01, 0.000000000000000e+00, 0.000000000000000e+00, 4.537065935846809e+04, 1.000000000000000e-10, 1.857031604056302e+09
324, 4.921095930000000e-02, 3.550206810000000e-02, 2.656184741903083e-01, 0.000000000000000e+00, 0.000000000000000e+00, 4.547504663916751e+04, 1.000000000000000e-10, 1.854609281934665e+09
325, 4.630834710000000e-02, 3.475842740000000e-02, 2.659594791610059e-01, 0.000000000000000e+00, 0.000000000000000e+00, 4.555857283251857e+04, 1.000000000000000e-10, 1.853066272115197e+09
326, 4.341443290000000e-02, 3.398167710000000e-02, 2.659267808177866e-01, 0.000000000000000e+00, 0.000000000000000e+00, 4.558041051440583e+04, 1.000000000000000e-10, 1.854159931736459e+09
327, 4.053329480000000e-02, 3.315886600000000e-02, 2.665632199268659e-01, 0.000000000000000e+00, 0.000000000000000e+00, 4.571867834819503e+04, 1.000000000000000e-10, 1.850733225676851e+09
328, 3.766462370000000e-02, 3.229347590000000e-02, 2.686017008886067e-01, 0.000000000000000e+00, 0.000000000000000e+00, 4.610603499374252e+04, 1.000000000000000e-10, 1.837914903175666e+09
329, 3.480664810000000e-02, 3.139349160000000e-02, 2.721302702346918e-01, 0.000000000000000e+00, 0.000000000000000e+00, 4.675881093370495e+04, 1.000000000000000e-10, 1.815575201415256e+09
330, 3.196977470000000e-02, 3.042923390000000e-02, 2.774812300198961e-01, 0.000000000000000e+00, 0.000000000000000e+00, 4.773969451020953e+04, 1.000000000000000e-10, 1.782250453395018e+09
331, 2.916436760000000e-02, 2.937700070000000e-02, 2.848750491362080e-01, 0.000000000000000e+00, 0.000000000000000e+00, 4.908626061403219e+04, 1.000000000000000e-10, 1.738143089345167e+09
332, 2.638083370000000e-02, 2.826801140000000e-02, 2.948526974746405e-01, 0.000000000000000e+00, 0.000000000000000e+00, 5.089076471175517e+04, 1.000000000000000e-10, 1.681621606752480e+09
333, 2.362898530000000e-02, 2.708283520000000e-02, 3.090311492001974e-01, 0.000000000000000e+00, 0.000000000000000e+00, 5.343696674896133e+04, 1.000000000000000e-10, 1.606769218478887e+09
334, 2.092840090000000e-02, 2.578537860000000e-02, 3.267675680754313e-01, 0.000000000000000e+00, 0.000000000000000e+00, 5.662117765263822e+04, 1.000000000000000e-10, 1.521843211012358e+09
335, 1.829564720000000e-02, 2.435529470000000e-02, 3.423564875367103e-01, 0.000000000000000e+00, 0.000000000000000e+00, 5.944594026338087e+04, 1.000000000000000e-10, 1.455188284663293e+09
336, 1.571975790000000e-02, 2.282485310000000e-02, 3.523824540381737e-01, 0.000000000000000e+00, 0.000000000000000e+00, 6.131349261344798e+04, 1.000000000000000e-10, 1.416164661751233e+09
337, 1.319128670000000e-02, 2.121724900000000e-02, 3.591145136134531e-01, 0.000000000000000e+00, 0.000000000000000e+00, 6.262394130875118e+04, 1.000000000000000e-10, 1.392130030151215e+09
338, 1.071855140000000e-02, 1.952532850000000e-02, 3.679507938600124e-01, 0.000000000000000e+00, 0.000000000000000e+00, 6.431715387836502e+04, 1.000000000000000e-10, 1.361307464663348e+09
339, 8.357752600000001e-03, 1.768194770000000e-02, 3.874411836095637e-01, 0.000000000000000e+00, 0.000000000000000e+00, 6.789234030997849e+04, 1.000000000000000e-10, 1.294524482746616e+09
340, 6.234852000000000e-03, 1.557056300000000e-02, 4.157443248329269e-01, 0.000000000000000e+00, 0.000000000000000e+00, 7.303415602086068e+04, 1.000000000000000e-10, 1.207323181634716e+09
341, 4.319046800000000e-03, 1.326691890000000e-02, 4.484806261374742e-01, 0.000000000000000e+00, 0.000000000000000e+00, 7.897046168623684e+04, 1.000000000000000e-10, 1.121331496490278e+09
342, 2.659048500000000e-03, 1.078063400000000e-02, 4.937979213740082e-01, 0.000000000000000e+00, 0.000000000000000e+00, 8.714270398141122e+04, 1.000000000000000e-10, 1.020759524120634e+09
343, 1.585549600000000e-03, 7.986006000000000e-03, 5.350860386845191e-01, 0.000000000000000e+00, 0.000000000000000e+00, 9.459174862270463e+04, 1.000000000000000e-10, 9.433103321173333e+08
344, 7.472436000000000e-04, 5.109934500000000e-03, 5.618230897454473e-01, 0.000000000000000e+00, 0.000000000000000e+00, 9.944823078048897e+04, 1.000000000000000e-10, 8.993695995550240e+08
345, 1.626159000000000e-04, 2.172660000000000e-03, 5.827733033387951e-01, 0.000000000000000e+00, 0.000000000000000e+00, 1.032605529612042e+05, 1.000000000000000e-10, 8.675893266200036e+08
346, 2.551370000000000e-05, -8.154233000000000e-04, 5.958562968761223e-01, 0.000000000000000e+00, 0.000000000000000e+00, 1.056398952623986e+05, 1.000000000000000e-10, 8.480253106960309e+08
347, 4.418631000000000e-04, -3.780176900000000e-03, 5.906237629908538e-01, 0.000000000000000e+00, 0.000000000000000e+00, 1.047303235118764e+05, 1.000000000000000e-10, 8.571478474858977e+08
348, 1.178979700000000e-03, -6.683559600000000e-03, 5.770920842888922e-01, 0.000000000000000e+00, 0.000000000000000e+00, 1.023088128096234e+05, 1.000000000000000e-10, 8.770933719848181e+08
349, 2.119737600000000e-03, -9.527886300000000e-03, 5.562434221809170e-01, 0.000000000000000e+00, 0.000000000000000e+00, 9.855393523686228e+04, 1.000000000000000e-10, 9.095292487230275e+08
350, 3.491510200000000e-03, -1.218239690000000e-02, 5.248835833653516e-01, 0.000000000000000e+00, 0.000000000000000e+00, 9.289782974493771e+04, 1.000000000000000e-10, 9.632917678115143e+08
351, 5.352275100000000e-03, -1.453005090000000e-02, 4.966342406716129e-01, 0.000000000000000e+00, 0.000000000000000e+00, 8.776491748612290e+04, 1.000000000000000e-10, 1.016837068904868e+09
352, 7.355607900000000e-03, -1.675624800000000e-02, 4.730645813537700e-01, 0.000000000000000e+00, 0.000000000000000e+00, 8.345256794944718e+04, 1.000000000000000e-10, 1.065977732197540e+09
353, 9.621932400000000e-03, -1.871350840000000e-02, 4.499093375115358e-01, 0.000000000000000e+00, 0.000000000000000e+00, 7.922257278193897e+04, 1.000000000000000e-10, 1.119771146329395e+09
354, 1.205590760000000e-02, -2.046042230000000e-02, 4.357736975421222e-01, 0.000000000000000e+00, 0.000000000000000e+00, 7.660104761285985e+04, 1.000000000000000e-10, 1.154667634651793e+09
355, 1.455955480000000e-02, -2.210638150000000e-02, 4.270820978487316e-01, 0.000000000000000e+00, 0.000000000000000e+00, 7.494540641844456e+04, 1.000000000000000e-10, 1.176539630252134e+09
356, 1.711312970000000e-02, -2.367378560000000e-02, 4.177746036977666e-01, 0.000000000000000e+00, 0.000000000000000e+00, 7.319213301527748e+04, 1.000000000000000e-10, 1.201154518544725e+09
357, 1.972005420000000e-02, -2.515057360000000e-02, 4.042806867097021e-01, 0.000000000000000e+00, 0.000000000000000e+00, 7.072100729087264e+04, 1.000000000000000e-10, 1.239667371526686e+09
358, 2.239892040000000e-02, -2.649200820000000e-02, 3.875898104791164e-01, 0.000000000000000e+00, 0.000000000000000e+00, 6.771206043890050e+04, 1.000000000000000e-10, 1.291681922043921e+09
359, 2.514218880000000e-02, -2.769671360000000e-02, 3.756191063721797e-01, 0.000000000000000e+00, 0.000000000000000e+00, 6.555116121608324e+04, 1.000000000000000e-10, 1.331985915350586e+09
360, 2.792514050000000e-02, -2.880708720000000e-02, 3.702327540917032e-01, 0.000000000000000e+00, 0.000000000000000e+00, 6.455091734214954e+04, 1.000000000000000e-10, 1.350340722192640e+09
361, 3.072579640000000e-02, -2.987219160000000e-02, 3.683234073560966e-01, 0.000000000000000e+00, 0.000000000000000e+00, 6.416095028755701e+04, 1.000000000000000e-10, 1.356360561804482e+09
362, 3.355101120000000e-02, -3.087007190000000e-02, 3.672956273191356e-01, 0.000000000000000e+00, 0.000000000000000e+00, 6.393177334481589e+04, 1.000000000000000e-10, 1.359308537957661e+09
363, 3.640010390000000e-02, -3.179774150000000e-02, 3.653383793347890e-01, 0.000000000000000e+00, 0.000000000000000e+00, 6.354844332834754e+04, 1.000000000000000e-10, 1.365870636733813e+09
364, 3.926405390000000e-02, -3.267859480000000e-02, 3.625937022911170e-01, 0.000000000000000e+00, 0.000000000000000e+00, 6.303446296062839e+04, 1.000000000000000e-10, 1.375561083484796e+09
365, 4.213857070000000e-02, -3.352425530000000e-02, 3.596792425660346e-01, 0.000000000000000e+00, 0.000000000000000e+00, 6.249442135777424e+04, 1.000000000000000e-10, 1.386139068573045e+09
366, 4.502736230000000e-02, -3.431981760000000e-02, 3.571878322712583e-01, 0.000000000000000e+00, 0.000000000000000e+00, 6.203133088125871e+04, 1.000000000000000e-10, 1.395264119842400e+09
367, 4.792660680000000e-02, -3.507646140000000e-02, 3.554594301437410e-01, 0.000000000000000e+00, 0.000000000000000e+00, 6.170241779622631e+04, 1.000000000000000e-10, 1.401517429825653e+09
368, 5.083275460000000e-02, -3.580616600000000e-02, 3.548165020255040e-01, 0.000000000000000e+00, 0.000000000000000e+00, 6.156042245779723e+04, 1.000000000000000e-10, 1.403540144743132e+09
369, 5.374765330000000e-02, -3.650004220000000e-02, 3.553135198568371e-01, 0.000000000000000e+00, 0.000000000000000e+00, 6.161345014324455e+04, 1.000000000000000e-10, 1.400962649753078e+09
370, 5.666961100000000e-02, -3.716362050000000e-02, 3.555956420356566e-01, 0.000000000000000e+00, 0.000000000000000e+00, 6.163000763438275e+04, 1.000000000000000e-10, 1.399244665302830e+09
371, 5.959522020000000e-02, -3.781094180000000e-02, 3.547762367646520e-01, 0.000000000000000e+00, 0.000000000000000e+00, 6.145734099602938e+04, 1.000000000000000e-10, 1.401893658830267e+09
372, 6.252243709999999e-02, -3.845095230000000e-02, 3.527111310159778e-01, 0.000000000000000e+00, 0.000000000000000e+00, 6.106999102404933e+04, 1.000000000000000e-10, 1.409558839047169e+09
373, 6.545274740000000e-02, -3.907663200000000e-02, 3.497483300640393e-01, 0.000000000000000e+00, 0.000000000000000e+00, 6.052966836127367e+04, 1.000000000000000e-10, 1.420977324659792e+09
374, 6.838760620000001e-02, -3.968059320000000e-02, 3.468945034339659e-01, 0.000000000000000e+00, 0.000000000000000e+00, 6.001132970098237e+04, 1.000000000000000e-10, 1.432185134650691e+09
375, 7.132826930000000e-02, -4.025560110000000e-02, 3.451235542509302e-01, 0.000000000000000e+00, 0.000000000000000e+00, 5.968309377166517e+04, 1.000000000000000e-10, 1.439100335789254e+09
376, 7.427458960000000e-02, -4.080090600000000e-02, 3.441028037389469e-01, 0.000000000000000e+00, 0.000000000000000e+00, 5.948475471188161e+04, 1.000000000000000e-10, 1.442941342863744e+09
377, 7.722505590000001e-02, -4.132334090000000e-02, 3.433637533236015e-01, 0.000000000000000e+00, 0.000000000000000e+00, 5.933709599577569e+04, 1.000000000000000e-10, 1.445652319949959e+09
378, 8.017823220000000e-02, -4.183025210000000e-02, 3.437919219142822e-01, 0.000000000000000e+00, 0.000000000000000e+00, 5.939070862636370e+04, 1.000000000000000e-10, 1.443467312745811e+09
379, 8.313435769999999e-02, -4.231964410000000e-02, 3.457076763948543e-01, 0.000000000000000e+00, 0.000000000000000e+00, 5.970110509817563e+04, 1.000000000000000e-10, 1.435075873018666e+09
380, 8.609333900000000e-02, -4.279148640000000e-02, 3.468666415343357e-01, 0.000000000000000e+00, 0.000000000000000e+00, 5.988290755751844e+04, 1.000000000000000e-10, 1.429924197518308e+09
381, 8.905390220000001e-02, -4.325331250000000e-02, 3.466634278691293e-01, 0.000000000000000e+00, 0.000000000000000e+00, 5.983217349924699e+04, 1.000000000000000e-10, 1.430432531967716e+09
382, 9.201521220000000e-02, -4.371032730000000e-02, 3.459942293104221e-01, 0.000000000000000e+00, 0.000000000000000e+00, 5.970219999593477e+04, 1.000000000000000e-10, 1.432916191814921e+09
383, 9.497777180000000e-02, -4.415916550000000e-02, 3.462117150313689e-01, 0.000000000000000e+00, 0.000000000000000e+00, 5.972676449111669e+04, 1.000000000000000e-10, 1.431767578125226e+09
384, 9.794161960000000e-02, -4.459941640000000e-02, 3.471967909463964e-01, 0.000000000000000e+00, 0.000000000000000e+00, 5.988043380845546e+04, 1.000000000000000e-10, 1.427389328024674e+09
385, 1.009067324000000e-01, -4.503106510000000e-02, 3.470313489168130e-01, 0.000000000000000e+00, 0.000000000000000e+00, 5.983188644217481e+04, 1.000000000000000e-10, 1.427678628989815e+09
386, 1.038730870000000e-01, -4.545409720000000e-02, 3.457804141551197e-01, 0.000000000000000e+00, 0.000000000000000e+00, 5.959254789400964e+04, 1.000000000000000e-10, 1.432359866483886e+09
387, 1.068406597000000e-01, -4.586849830000000e-02, 3.441164316952266e-01, 0.000000000000000e+00, 0.000000000000000e+00, 5.928033468297945e+04, 1.000000000000000e-10, 1.438782906688498e+09
388, 1.098094267000000e-01, -4.627425440000000e-02, 3.426371639898264e-01, 0.000000000000000e+00, 0.000000000000000e+00, 5.900001008775736e+04, 1.000000000000000e-10, 1.444489821449224e+09
389, 1.127793642000000e-01, -4.667135170000000e-02, 3.415085510328300e-01, 0.000000000000000e+00, 0.000000000000000e+00, 5.878102346769993e+04, 1.000000000000000e-10, 1.448768393741369e+09
390, 1.157504483000000e-01, -4.705977670000000e-02, 3.406280257661422e-01, 0.000000000000000e+00, 0.000000000000000e+00, 5.860623711376056e+04, 1.000000000000000e-10, 1.452072017723750e+09
391, 1.187226550000000e-01, -4.743951610000000e-02, 3.398437345658495e-01, 0.000000000000000e+00, 0.000000000000000e+00, 5.844977908852691e+04, 1.000000000000000e-10, 1.454986392406322e+09
392, 1.216959602000000e-01, -4.781055690000000e-02, 3.390667420626081e-01, 0.000000000000000e+00, 0.000000000000000e+00, 5.829623539106050e+04, 1.000000000000000e-10, 1.457912953223039e+09
393, 1.246703396000000e-01, -4.817288640000000e-02, 3.382957703949859e-01, 0.000000000000000e+00, 0.000000000000000e+00, 5.814487629481348e+04, 1.000000000000000e-10, 1.460858376056591e+09
394, 1.276457687000000e-01, -4.852649220000000e-02, 3.375369920072942e-01, 0.000000000000000e+00, 0.000000000000000e+00, 5.799600361395256e+04, 1.000000000000000e-10, 1.463762461746207e+09
395, 1.306222230000000e-01, -4.887136210000000e-02, 3.367364981155054e-01, 0.000000000000000e+00, 0.000000000000000e+00, 5.783961569911165e+04, 1.000000000000000e-10, 1.466847487495596e+09
396, 1.335996778000000e-01, -4.920748410000000e-02, 3.359843228575052e-01, 0.000000000000000e+00, 0.000000000000000e+00, 5.769090218677510e+04, 1.000000000000000e-10, 1.469698367822668e+09
397, 1.365781084000000e-01, -4.953484670000000e-02, 3.356413222229953e-01, 0.000000000000000e+00, 0.000000000000000e+00, 5.761229189073314e+04, 1.000000000000000e-10, 1.470789730318863e+09
398, 1.395574899000000e-01, -4.985343850000000e-02, 3.356629944513546e-01, 0.000000000000000e+00, 0.000000000000000e+00, 5.759811511386740e+04, 1.000000000000000e-10, 1.470322037694740e+09
399, 1.425377974000000e-01, -5.016324850000000e-02, 3.350850867859298e-01, 0.000000000000000e+00, 0.000000000000000e+00, 5.748569658320454e+04, 1.000000000000000e-10, 1.472624338591487e+09
400, 1.455190058000000e-01, -5.046426590000000e-02, 3.336377644368097e-01, 0.000000000000000e+00, 0.000000000000000e+00, 5.723089708720517e+04, 1.000000000000000e-10, 1.478875474257752e+09
401, 1.485010900000000e-01, -5.075648020000000e-02, 3.324822750523063e-01, 0.000000000000000e+00, 0.000000000000000e+00, 5.702952727259806e+04, 1.000000000000000e-10, 1.483952714232526e+09
402, 1.514841115000000e-01, -5.103895140000000e-02, 3.332801105970152e-01, 0.000000000000000e+00, 0.000000000000000e+00, 5.716482097189424e+04, 1.000000000000000e-10, 1.480367411968561e+09
403, 1.544682859000000e-01, -5.130898220000000e-02, 3.363595875176374e-01, 0.000000000000000e+00, 0.000000000000000e+00, 5.768421395024021e+04, 1.000000000000000e-10, 1.466647361903708e+09
404, 1.574529831000000e-01, -5.157318600000000e-02, 3.386294266245160e-01, 0.000000000000000e+00, 0.000000000000000e+00, 5.805953184601232e+04, 1.000000000000000e-10, 1.456530834253149e+09
405, 1.604374954000000e-01, -5.183946610000000e-02, 3.385971862555916e-01, 0.000000000000000e+00, 0.000000000000000e+00, 5.803936802327157e+04, 1.000000000000000e-10, 1.456307905037967e+09
406, 1.634214633000000e-01, -5.211178220000000e-02, 3.367650258382355e-01, 0.000000000000000e+00, 0.000000000000000e+00, 5.771037365415579e+04, 1.000000000000000e-10, 1.463921587101054e+09
407, 1.664054524000000e-01, -5.238386490000000e-02, 3.345275877025720e-01, 0.000000000000000e+00, 0.000000000000000e+00, 5.731393805532101e+04, 1.000000000000000e-10, 1.473431834364761e+09
408, 1.693901711000000e-01, -5.264780400000000e-02, 3.337586111022047e-01, 0.000000000000000e+00, 0.000000000000000e+00, 5.716904959315387e+04, 1.000000000000000e-10, 1.476580682409911e+09
409, 1.723759785000000e-01, -5.289913550000000e-02, 3.334221379983032e-01, 0.000000000000000e+00, 0.000000000000000e+00, 5.709657607652853e+04, 1.000000000000000e-10, 1.477767398506891e+09
410, 1.753625325000000e-01, -5.314143690000000e-02, 3.317074977117400e-01, 0.000000000000000e+00, 0.000000000000000e+00, 5.678967049929917e+04, 1.000000000000000e-10, 1.485122599997716e+09
411, 1.783497926000000e-01, -5.337487290000000e-02, 3.298543344565421e-01, 0.000000000000000e+00, 0.000000000000000e+00, 5.645982100690864e+04, 1.000000000000000e-10, 1.493196010817966e+09
412, 1.813377897000000e-01, -5.359866430000000e-02, 3.297969419558802e-01, 0.000000000000000e+00, 0.000000000000000e+00, 5.643725325813737e+04, 1.000000000000000e-10, 1.493180585297261e+09
413, 1.843267059000000e-01, -5.380983240000000e-02, 3.324385325146508e-01, 0.000000000000000e+00, 0.000000000000000e+00, 5.686959514654692e+04, 1.000000000000000e-10, 1.480878556552346e+09
414, 1.873160581000000e-01, -5.401475910000000e-02, 3.348294330760547e-01, 0.000000000000000e+00, 0.000000000000000e+00, 5.725742255050135e+04, 1.000000000000000e-10, 1.469860165890092e+09
415, 1.903052907000000e-01, -5.422141550000000e-02, 3.352804006590846e-01, 0.000000000000000e+00, 0.000000000000000e+00, 5.731559236379566e+04, 1.000000000000000e-10, 1.467454005954744e+09
416, 1.932940919000000e-01, -5.443422470000000e-02, 3.340560811489349e-01, 0.000000000000000e+00, 0.000000000000000e+00, 5.709019331661191e+04, 1.000000000000000e-10, 1.472510479444806e+09
417, 1.962828856000000e-01, -5.464713860000000e-02, 3.323269681340795e-01, 0.000000000000000e+00, 0.000000000000000e+00, 5.678208139337737e+04, 1.000000000000000e-10, 1.479938312924772e+09
418, 1.992722277000000e-01, -5.485218440000000e-02, 3.320003211299435e-01, 0.000000000000000e+00, 0.000000000000000e+00, 5.671374001779989e+04, 1.000000000000000e-10, 1.481127108254242e+09
419, 2.022625407000000e-01, -5.504252520000000e-02, 3.332667181243209e-01, 0.000000000000000e+00, 0.000000000000000e+00, 5.691145610217811e+04, 1.000000000000000e-10, 1.475095791470590e+09
420, 2.052535799000000e-01, -5.522113260000000e-02, 3.339881413769747e-01, 0.000000000000000e+00, 0.000000000000000e+00, 5.701463936467664e+04, 1.000000000000000e-10, 1.471478815694278e+09
421, 2.082448433000000e-01, -5.539596050000000e-02, 3.337772374723134e-01, 0.000000000000000e+00, 0.000000000000000e+00, 5.696077722554239e+04, 1.000000000000000e-10, 1.471987114084695e+09
422, 2.112359078000000e-01, -5.557415450000000e-02, 3.336025507240059e-01, 0.000000000000000e+00, 0.000000000000000e+00, 5.691530668401644e+04, 1.000000000000000e-10, 1.472466672552540e+09
423, 2.142268969000000e-01, -5.575361380000000e-02, 3.348340121903215e-01, 0.000000000000000e+00, 0.000000000000000e+00, 5.711154548787949e+04, 1.000000000000000e-10, 1.466780275364019e+09
424, 2.172178860000000e-01, -5.593307320000000e-02, 3.364852157126808e-01, 0.000000000000000e+00, 0.000000000000000e+00, 5.737742744953460e+04, 1.000000000000000e-10, 1.459273637338149e+09
425, 2.202088738000000e-01, -5.611255380000000e-02, 3.357730456928740e-01, 0.000000000000000e+00, 0.000000000000000e+00, 5.724097118513812e+04, 1.000000000000000e-10, 1.462055268946088e+09
426, 2.231996539000000e-01, -5.629546030000000e-02, 3.332088792506789e-01, 0.000000000000000e+00, 0.000000000000000e+00, 5.678964313876182e+04, 1.000000000000000e-10, 1.473007803988956e+09
427, 2.261904122000000e-01, -5.647872410000000e-02, 3.301045269101123e-01, 0.000000000000000e+00, 0.000000000000000e+00, 5.624863002197579e+04, 1.000000000000000e-10, 1.486602471103179e+09
428, 2.291816271000000e-01, -5.665434720000000e-02, 3.283535615880470e-01, 0.000000000000000e+00, 0.000000000000000e+00, 5.593623229016074e+04, 1.000000000000000e-10, 1.494190519353324e+09
429, 2.321736636000000e-01, -5.681534020000000e-02, 3.283706668011581e-01, 0.000000000000000e+00, 0.000000000000000e+00, 5.591599905758405e+04, 1.000000000000000e-10, 1.493652535492198e+09
430, 2.351663232000000e-01, -5.696435160000000e-02, 3.290893516444749e-01, 0.000000000000000e+00, 0.000000000000000e+00, 5.600995118240859e+04, 1.000000000000000e-10, 1.489772431992016e+09
431, 2.381591812000000e-01, -5.710934150000000e-02, 3.295129788396467e-01, 0.000000000000000e+00, 0.000000000000000e+00, 5.605441501896671e+04, 1.000000000000000e-10, 1.487217763517990e+09
432, 2.411518497000000e-01, -5.725817950000000e-02, 3.285861484428258e-01, 0.000000000000000e+00, 0.000000000000000e+00, 5.587565620539182e+04, 1.000000000000000e-10, 1.490952438432019e+09
433, 2.441442544000000e-01, -5.741224130000000e-02, 3.265606421695862e-01, 0.000000000000000e+00, 0.000000000000000e+00, 5.551555308373849e+04, 1.000000000000000e-10, 1.499853934608186e+09
434, 2.471367698000000e-01, -5.756413020000000e-02, 3.244496296449007e-01, 0.000000000000000e+00, 0.000000000000000e+00, 5.514751687393998e+04, 1.000000000000000e-10, 1.509396545311863e+09
435, 2.501297829000000e-01, -5.770582350000000e-02, 3.238227891303900e-01, 0.000000000000000e+00, 0.000000000000000e+00, 5.503052499419660e+04, 1.000000000000000e-10, 1.512083587988978e+09
436, 2.531234770000000e-01, -5.783232400000000e-02, 3.249148349213021e-01, 0.000000000000000e+00, 0.000000000000000e+00, 5.519697019147919e+04, 1.000000000000000e-10, 1.506598916284791e+09
437, 2.561175599000000e-01, -5.794931300000000e-02, 3.258009047664436e-01, 0.000000000000000e+00, 0.000000000000000e+00, 5.532598432215580e+04, 1.000000000000000e-10, 1.502023692778652e+09
438, 2.591117003000000e-01, -5.806482750000000e-02, 3.256109715440626e-01, 0.000000000000000e+00, 0.000000000000000e+00, 5.527858598607723e+04, 1.000000000000000e-10, 1.502544484744181e+09
439, 2.621056177000000e-01, -5.818597470000000e-02, 3.244695236341937e-01, 0.000000000000000e+00, 0.000000000000000e+00, 5.507641478575178e+04, 1.000000000000000e-10, 1.507642383151995e+09
440, 2.650994034000000e-01, -5.831034790000000e-02, 3.228464914787936e-01, 0.000000000000000e+00, 0.000000000000000e+00, 5.480297252816996e+04, 1.000000000000000e-10, 1.515297823574328e+09
441, 2.680933813000000e-01, -5.842997970000000e-02, 3.215585288197039e-01, 0.000000000000000e+00, 0.000000000000000e+00, 5.459172181489765e+04, 1.000000000000000e-10, 1.521535458884685e+09
442, 2.710878355000000e-01, -5.853695520000000e-02, 3.215443192183381e-01, 0.000000000000000e+00, 0.000000000000000e+00, 5.459478044392452e+04, 1.000000000000000e-10, 1.521706831586329e+09
443, 2.740827683000000e-01, -5.862963070000000e-02, 3.232018504415887e-01, 0.000000000000000e+00, 0.000000000000000e+00, 5.487521184416753e+04, 1.000000000000000e-10, 1.513884483691281e+09
444, 2.770779096000000e-01, -5.871535910000000e-02, 3.246568428541490e-01, 0.000000000000000e+00, 0.000000000000000e+00, 5.512059284178236e+04, 1.000000000000000e-10, 1.507062752755779e+09
445, 2.800730188000000e-01, -5.880219320000000e-02, 3.247734088268437e-01, 0.000000000000000e+00, 0.000000000000000e+00, 5.514654101820682e+04, 1.000000000000000e-10, 1.506613228411269e+09
446, 2.830679396000000e-01, -5.889530050000000e-02, 3.237589690165441e-01, 0.000000000000000e+00, 0.000000000000000e+00, 5.498683839188185e+04, 1.000000000000000e-10, 1.511626193842885e+09
447, 2.860628383000000e-01, -5.898912130000000e-02, 3.225898109731963e-01, 0.000000000000000e+00, 0.000000000000000e+00, 5.481004383502404e+04, 1.000000000000000e-10, 1.517641428949301e+09
448, 2.890579563000000e-01, -5.907560330000000e-02, 3.228273291918917e-01, 0.000000000000000e+00, 0.000000000000000e+00, 5.487105822709291e+04, 1.000000000000000e-10, 1.517000844540201e+09
449, 2.920534568000000e-01, -5.914755270000000e-02, 3.246405248570437e-01, 0.000000000000000e+00, 0.000000000000000e+00, 5.518981406108393e+04, 1.000000000000000e-10, 1.508729449905495e+09
450, 2.950492307000000e-01, -5.920717250000000e-02, 3.259513892276948e-01, 0.000000000000000e+00, 0.000000000000000e+00, 5.541323471283018e+04, 1.000000000000000e-10, 1.502679097258714e+09
451, 2.980450890000000e-01, -5.926243910000000e-02, 3.263388897017810e-01, 0.000000000000000e+00, 0.000000000000000e+00, 5.547643508528078e+04, 1.000000000000000e-10, 1.500835567732207e+09
452, 3.010408880000000e-01, -5.932081780000000e-02, 3.266947181332370e-01, 0.000000000000000e+00, 0.000000000000000e+00, 5.552939017016647e+04, 1.000000000000000e-10, 1.499048923034549e+09
453, 3.040366569000000e-01, -5.938073310000000e-02, 3.283463128620830e-01, 0.000000000000000e+00, 0.000000000000000e+00, 5.579880936790332e+04, 1.000000000000000e-10, 1.491261460286047e+09
454, 3.070324259000000e-01, -5.944064850000000e-02, 3.304379176706781e-01, 0.000000000000000e+00, 0.000000000000000e+00, 5.613854572556438e+04, 1.000000000000000e-10, 1.481496044661479e+09
455, 3.100281949000000e-01, -5.950056430000000e-02, 3.302355730878505e-01, 0.000000000000000e+00, 0.000000000000000e+00, 5.609121034403878e+04, 1.000000000000000e-10, 1.482123688786998e+09
456, 3.130238981000000e-01, -5.956366740000000e-02, 3.281707710612530e-01, 0.000000000000000e+00, 0.000000000000000e+00, 5.573159413481607e+04, 1.000000000000000e-10, 1.491254054950350e+09
457, 3.160195838000000e-01, -5.962760330000000e-02, 3.255452220919813e-01, 0.000000000000000e+00, 0.000000000000000e+00, 5.528492014044596e+04, 1.000000000000000e-10, 1.503226233967609e+09
458, 3.190154135000000e-01, -5.968430950000000e-02, 3.244789396178375e-01, 0.000000000000000e+00, 0.000000000000000e+00, 5.510529298057400e+04, 1.000000000000000e-10, 1.508230480158665e+09
459, 3.220114804000000e-01, -5.972653310000000e-02, 3.254896492061591e-01, 0.000000000000000e+00, 0.000000000000000e+00, 5.527357486959845e+04, 1.000000000000000e-10, 1.503502103722594e+09
460, 3.250076994000000e-01, -5.975631740000000e-02, 3.264351801592930e-01, 0.000000000000000e+00, 0.000000000000000e+00, 5.542815430619988e+04, 1.000000000000000e-10, 1.499014679040548e+09
461, 3.280039605000000e-01, -5.978163410000000e-02, 3.265188196243583e-01, 0.000000000000000e+00, 0.000000000000000e+00, 5.543875460036355e+04, 1.000000000000000e-10, 1.498498032823854e+09
462, 3.310001939000000e-01, -5.981000190000000e-02, 3.263139904700458e-01, 0.000000000000000e+00, 0.000000000000000e+00, 5.540084013440733e+04, 1.000000000000000e-10, 1.499369184732589e+09
463, 3.339964122000000e-01, -5.983996410000000e-02, 3.273367237193870e-01, 0.000000000000000e+00, 0.000000000000000e+00, 5.557131393429224e+04, 1.000000000000000e-10, 1.494593439171217e+09
464, 3.369926304000000e-01, -5.986992630000000e-02, 3.291456808590966e-01, 0.000000000000000e+00, 0.000000000000000e+00, 5.587070450557918e+04, 1.000000000000000e-10, 1.486247087961499e+09
465, 3.399888487000000e-01, -5.989988850000000e-02, 3.287790085159959e-01, 0.000000000000000e+00, 0.000000000000000e+00, 5.579601635450660e+04, 1.000000000000000e-10, 1.487633082738131e+09
466, 3.429850337000000e-01, -5.993297570000000e-02, 3.266847794310951e-01, 0.000000000000000e+00, 0.000000000000000e+00, 5.542728050853295e+04, 1.000000000000000e-10, 1.496913104802260e+09
467, 3.459812085000000e-01, -5.996700070000000e-02, 3.237593397098262e-01, 0.000000000000000e+00, 0.000000000000000e+00, 5.492017927872618e+04, 1.000000000000000e-10, 1.510196997004338e+09
468, 3.489774541000000e-01, -5.999389510000000e-02, 3.217680371692071e-01, 0.000000000000000e+00, 0.000000000000000e+00, 5.457133628594331e+04, 1.000000000000000e-10, 1.519262853984039e+09
469, 3.519737926000000e-01, -6.000635760000000e-02, 3.214064141618132e-01, 0.000000000000000e+00, 0.000000000000000e+00, 5.449289019160464e+04, 1.000000000000000e-10, 1.520555491609478e+09
470, 3.549701596000000e-01, -6.000628710000000e-02, 3.218171168451840e-01, 0.000000000000000e+00, 0.000000000000000e+00, 5.454392508918035e+04, 1.000000000000000e-10, 1.518191273671584e+09
471, 3.579665241000000e-01, -6.000164710000000e-02, 3.220690836700656e-01, 0.000000000000000e+00, 0.000000000000000e+00, 5.457325856761891e+04, 1.000000000000000e-10, 1.516701263320167e+09
472, 3.609628912000000e-01, -6.000041890000000e-02, 3.211473748717463e-01, 0.000000000000000e+00, 0.000000000000000e+00, 5.441514727324032e+04, 1.000000000000000e-10, 1.521010072788603e+09
473, 3.639592561000000e-01, -6.000473460000000e-02, 3.192742571260300e-01, 0.000000000000000e+00, 0.000000000000000e+00, 5.410676356320404e+04, 1.000000000000000e-10, 1.530141814202067e+09
474, 3.669556225000000e-01, -6.000736450000000e-02, 3.174443676085480e-01, 0.000000000000000e+00, 0.000000000000000e+00, 5.382109737094144e+04, 1.000000000000000e-10, 1.539532649010377e+09
475, 3.699519795000000e-01, -6.000023780000000e-02, 3.172388923469942e-01, 0.000000000000000e+00, 0.000000000000000e+00, 5.382916950374496e+04, 1.000000000000000e-10, 1.541535528398504e+09
476, 3.729482611000000e-01, -5.997784780000000e-02, 3.191531943364865e-01, 0.000000000000000e+00, 0.000000000000000e+00, 5.424662395796187e+04, 1.000000000000000e-10, 1.534428795782022e+09
477, 3.759444535000000e-01, -5.994544400000000e-02, 3.217745534130925e-01, 0.000000000000000e+00, 0.000000000000000e+00, 5.487061202494225e+04, 1.000000000000000e-10, 1.525985940400302e+09
478, 3.789406246000000e-01, -5.991109540000000e-02, 3.249443726538095e-01, 0.000000000000000e+00, 0.000000000000000e+00, 5.570607123782223e+04, 1.000000000000000e-10, 1.517624631374323e+09
479, 3.819368521000000e-01, -5.988214390000000e-02, 3.289493245607048e-01, 0.000000000000000e+00, 0.000000000000000e+00, 5.677827842665899e+04, 1.000000000000000e-10, 1.507544536176991e+09
480, 3.849331132000000e-01, -5.985683420000000e-02, 3.343882179421761e-01, 0.000000000000000e+00, 0.000000000000000e+00, 5.820650172526750e+04, 1.000000000000000e-10, 1.493305537228344e+09
481, 3.879293339000000e-01, -5.982721620000000e-02, 3.406573048240954e-01, 0.000000000000000e+00, 0.000000000000000e+00, 5.978158075775084e+04, 1.000000000000000e-10, 1.475527511366621e+09
482, 3.909254052000000e-01, -5.978530220000000e-02, 3.467666618969883e-01, 0.000000000000000e+00, 0.000000000000000e+00, 6.117345321022855e+04, 1.000000000000000e-10, 1.455664950510236e+09
483, 3.939212391000000e-01, -5.972882000000000e-02, 3.511016114583123e-01, 0.000000000000000e+00, 0.000000000000000e+00, 6.198651838915979e+04, 1.000000000000000e-10, 1.438628797802495e+09
484, 3.969169262000000e-01, -5.966494890000000e-02, 3.516114106738176e-01, 0.000000000000000e+00, 0.000000000000000e+00, 6.191795843520702e+04, 1.000000000000000e-10, 1.433569888357841e+09
485, 3.999126274000000e-01, -5.960175120000000e-02, 3.479283715445165e-01, 0.000000000000000e+00, 0.000000000000000e+00, 6.096684624454935e+04, 1.000000000000000e-10, 1.442866762554388e+09
486, 4.029083963000000e-01, -5.954183210000000e-02, 3.418577367080343e-01, 0.000000000000000e+00, 0.000000000000000e+00, 5.953589016116323e+04, 1.000000000000000e-10, 1.461206428794720e+09
487, 4.059041653000000e-01, -5.948191670000000e-02, 3.359925137687050e-01, 0.000000000000000e+00, 0.000000000000000e+00, 5.810540622634994e+04, 1.000000000000000e-10, 1.478268848904825e+09
488, 4.088999342000000e-01, -5.942200130000000e-02, 3.318690846502054e-01, 0.000000000000000e+00, 0.000000000000000e+00, 5.700987582535433e+04, 1.000000000000000e-10, 1.488504025741706e+09
489, 4.118957316000000e-01, -5.936354160000000e-02, 3.267170331847852e-01, 0.000000000000000e+00, 0.000000000000000e+00, 5.581225109864330e+04, 1.000000000000000e-10, 1.505085162009648e+09
490, 4.148915900000000e-01, -5.930827980000000e-02, 3.208320989593836e-01, 0.000000000000000e+00, 0.000000000000000e+00, 5.458391998803391e+04, 1.000000000000000e-10, 1.527593316186277e+09
491, 4.178873672000000e-01, -5.924882410000000e-02, 3.154146067085530e-01, 0.000000000000000e+00, 0.000000000000000e+00, 5.349264262528512e+04, 1.000000000000000e-10, 1.549815838853649e+09
492, 4.208828751000000e-01, -5.917718310000000e-02, 3.124999598858773e-01, 0.000000000000000e+00, 0.000000000000000e+00, 5.287992978326908e+04, 1.000000000000000e-10, 1.561446656509450e+09
493, 4.238779996000000e-01, -5.909092720000000e-02, 3.121885802998200e-01, 0.000000000000000e+00, 0.000000000000000e+00, 5.271351139264296e+04, 1.000000000000000e-10, 1.560233684755480e+09
494, 4.268729004000000e-01, -5.899717340000000e-02, 3.120323122820234e-01, 0.000000000000000e+00, 0.000000000000000e+00, 5.258083247715307e+04, 1.000000000000000e-10, 1.558433350392504e+09
495, 4.298678186000000e-01, -5.890397410000000e-02, 3.106391763762405e-01, 0.000000000000000e+00, 0.000000000000000e+00, 5.223797672869023e+04, 1.000000000000000e-10, 1.562771137322947e+09
496, 4.328629246000000e-01, -5.881703720000000e-02, 3.082612700538435e-01, 0.000000000000000e+00, 0.000000000000000e+00, 5.173885567368367e+04, 1.000000000000000e-10, 1.572352085353021e+09
497, 4.358580675000000e-01, -5.873136490000000e-02, 3.057994503832446e-01, 0.000000000000000e+00, 0.000000000000000e+00, 5.123081064541230e+04, 1.000000000000000e-10, 1.582594521503785e+09
498, 4.388530070000000e-01, -5.863890460000000e-02, 3.045478716618151e-01, 0.000000000000000e+00, 0.000000000000000e+00, 5.093882047098500e+04, 1.000000000000000e-10, 1.586970601626353e+09
499, 4.418474723000000e-01, -5.853224060000000e-02, 3.044886166354918e-01, 0.000000000000000e+00, 0.000000000000000e+00, 5.085168966141235e+04, 1.000000000000000e-10, 1.585282737219028e+09
500, 4.448414571000000e-01, -5.841278340000000e-02, 3.048301355154819e-01, 0.000000000000000e+00, 0.000000000000000e+00, 5.084542565127016e+04, 1.000000000000000e-10, 1.581913121201952e+09
501, 4.478352435000000e-01, -5.828842610000000e-02, 3.047693064147381e-01, 0.000000000000000e+00, 0.000000000000000e+00, 5.078408121016525e+04, 1.000000000000000e-10, 1.580918639526494e+09
502, 4.508291556000000e-01, -5.816714900000000e-02, 3.034219589161673e-01, 0.000000000000000e+00, 0.000000000000000e+00, 5.051618177982108e+04, 1.000000000000000e-10, 1.586815245237094e+09
503, 4.538232940000000e-01, -5.805158270000000e-02, 3.010874411867158e-01, 0.000000000000000e+00, 0.000000000000000e+00, 5.009493418025161e+04, 1.000000000000000e-10, 1.598288739026749e+09
504, 4.568173812000000e-01, -5.793470060000000e-02, 2.987099221552592e-01, 0.000000000000000e+00, 0.000000000000000e+00, 4.967241302155647e+04, 1.000000000000000e-10, 1.610291315986017e+09
505, 4.598110864000000e-01, -5.780846580000000e-02, 2.978291205911278e-01, 0.000000000000000e+00, 0.000000000000000e+00, 4.950481491672872e+04, 1.000000000000000e-10, 1.614472802730629e+09
506, 4.628041128000000e-01, -5.766705430000000e-02, 2.986346278051437e-01, 0.000000000000000e+00, 0.000000000000000e+00, 4.961393328908748e+04, 1.000000000000000e-10, 1.609456877514081e+09
507, 4.657966345000000e-01, -5.751528910000000e-02, 2.991941575224499e-01, 0.000000000000000e+00, 0.000000000000000e+00, 4.968532482597331e+04, 1.000000000000000e-10, 1.605869225289803e+09
508, 4.687890375000000e-01, -5.736119260000000e-02, 2.984884984135935e-01, 0.000000000000000e+00, 0.000000000000000e+00, 4.954970021010748e+04, 1.000000000000000e-10, 1.609172805651461e+09
509, 4.717816992000000e-01, -5.721221950000000e-02, 2.968395225513036e-01, 0.000000000000000e+00, 0.000000000000000e+00, 4.926417871657345e+04, 1.000000000000000e-10, 1.617793309537507e+09
510, 4.747745571000000e-01, -5.706722820000000e-02, 2.950893796104557e-01, 0.000000000000000e+00, 0.000000000000000e+00, 4.896632608371923e+04, 1.000000000000000e-10, 1.627171079729114e+09
511, 4.777672246000000e-01, -5.691837390000000e-02, 2.942902791371414e-01, 0.000000000000000e+00, 0.000000000000000e+00, 4.882932630207852e+04, 1.000000000000000e-10, 1.631503457178331e+09
512, 4.807592922000000e-01, -5.675795070000000e-02, 2.939205379580372e-01, 0.000000000000000e+00, 0.000000000000000e+00, 4.875830654189771e+04, 1.000000000000000e-10, 1.633289139209141e+09
513, 4.837507599000000e-01, -5.658667410000000e-02, 2.929125352393558e-01, 0.000000000000000e+00, 0.000000000000000e+00, 4.857721193821748e+04, 1.000000000000000e-10, 1.638498637182844e+09
514, 4.867417038000000e-01, -5.640648100000000e-02, 2.916107487487772e-01, 0.000000000000000e+00, 0.000000000000000e+00, 4.834311895688398e+04, 1.000000000000000e-10, 1.645341023094932e+09
515, 4.897320976000000e-01, -5.621737780000000e-02, 2.904348154866499e-01, 0.000000000000000e+00, 0.000000000000000e+00, 4.812811682507134e+04, 1.000000000000000e-10, 1.651436143540082e+09
516, 4.927219151000000e-01, -5.601937110000000e-02, 2.888966210718200e-01, 0.000000000000000e+00, 0.000000000000000e+00, 4.785687364053135e+04, 1.000000000000000e-10, 1.659709034873411e+09
517, 4.957111300000000e-01, -5.581246800000000e-02, 2.867654213241030e-01, 0.000000000000000e+00, 0.000000000000000e+00, 4.749923602055669e+04, 1.000000000000000e-10, 1.671889650310112e+09
518, 4.986997164000000e-01, -5.559667590000000e-02, 2.850904136527828e-01, 0.000000000000000e+00, 0.000000000000000e+00, 4.723605546524363e+04, 1.000000000000000e-10, 1.682169542622550e+09
519, 5.016875582000000e-01, -5.537082560000000e-02, 2.855743171989601e-01, 0.000000000000000e+00, 0.000000000000000e+00, 4.736327808748211e+04, 1.000000000000000e-10, 1.680693810966251e+09
520, 5.046744459000000e-01, -5.513267300000000e-02, 2.893830721221224e-01, 0.000000000000000e+00, 0.000000000000000e+00, 4.810556634046115e+04, 1.000000000000000e-10, 1.661751038056654e+09
521, 5.076609077000001e-01, -5.488922320000000e-02, 2.946013915689256e-01, 0.000000000000000e+00, 0.000000000000000e+00, 4.916913860921926e+04, 1.000000000000000e-10, 1.637689357159165e+09
522, 5.106475810000000e-01, -5.464838960000000e-02, 3.001445095498640e-01, 0.000000000000000e+00, 0.000000000000000e+00, 5.037605811689216e+04, 1.000000000000000e-10, 1.614843311363496e+09
523, 5.136347221999999e-01, -5.441342690000000e-02, 3.060576838848722e-01, 0.000000000000000e+00, 0.000000000000000e+00, 5.170298478094817e+04, 1.000000000000000e-10, 1.592112944766941e+09
524, 5.166218002000000e-01, -5.417766240000000e-02, 3.131979711610719e-01, 0.000000000000000e+00, 0.000000000000000e+00, 5.328288208413837e+04, 1.000000000000000e-10, 1.564803860564715e+09
525, 5.196081732000000e-01, -5.393315480000000e-02, 3.217462898686482e-01, 0.000000000000000e+00, 0.000000000000000e+00, 5.507729821619497e+04, 1.000000000000000e-10, 1.530968663600391e+09
526, 5.225935011000000e-01, -5.367618930000000e-02, 3.293529071571599e-01, 0.000000000000000e+00, 0.000000000000000e+00, 5.661616016403626e+04, 1.000000000000000e-10, 1.500716238891819e+09
527, 5.255780483000000e-01, -5.341030860000000e-02, 3.337543949144921e-01, 0.000000000000000e+00, 0.000000000000000e+00, 5.749322783813180e+04, 1.000000000000000e-10, 1.483448453040175e+09
528, 5.285617956000001e-01, -5.313559520000000e-02, 3.351921869539409e-01, 0.000000000000000e+00, 0.000000000000000e+00, 5.778874183768895e+04, 1.000000000000000e-10, 1.478111715003091e+09
529, 5.315447173000000e-01, -5.285205880000000e-02, 3.343112169115631e-01, 0.000000000000000e+00, 0.000000000000000e+00, 5.765202407705095e+04, 1.000000000000000e-10, 1.482324541316772e+09
530, 5.345267882000000e-01, -5.255970920000000e-02, 3.323449989206788e-01, 0.000000000000000e+00, 0.000000000000000e+00, 5.732252936369197e+04, 1.000000000000000e-10, 1.491273069040061e+09
531, 5.375079829000000e-01, -5.225855670000000e-02, 3.314922097515734e-01, 0.000000000000000e+00, 0.000000000000000e+00, 5.719019636740020e+04, 1.000000000000000e-10, 1.495367318787238e+09
532, 5.404882648000000e-01, -5.194849960000000e-02, 3.330923306212596e-01, 0.000000000000000e+00, 0.000000000000000e+00, 5.747868245198239e+04, 1.000000000000000e-10, 1.488484823736279e+09
533, 5.434672252000000e-01, -5.162600380000000e-02, 3.373656310067966e-01, 0.000000000000000e+00, 0.000000000000000e+00, 5.822752409068253e+04, 1.000000000000000e-10, 1.469907790196398e+09
534, 5.464452645000000e-01, -5.129509310000000e-02, 3.408448964615315e-01, 0.000000000000000e+00, 0.000000000000000e+00, 5.882689113793962e+04, 1.000000000000000e-10, 1.454880431044475e+09
535, 5.494232392000000e-01, -5.096360040000000e-02, 3.421477363757474e-01, 0.000000000000000e+00, 0.000000000000000e+00, 5.904068500700387e+04, 1.000000000000000e-10, 1.449055779737008e+09
536, 5.524018620000000e-01, -5.063798680000000e-02, 3.418942921455106e-01, 0.000000000000000e+00, 0.000000000000000e+00, 5.897576024750993e+04, 1.000000000000000e-10, 1.449705595784944e+09
537, 5.553807501000000e-01, -5.031480440000000e-02, 3.414191476510228e-01, 0.000000000000000e+00, 0.000000000000000e+00, 5.886816694296495e+04, 1.000000000000000e-10, 1.451197240746696e+09
538, 5.583590480000000e-01, -4.998623770000000e-02, 3.422578037856881e-01, 0.000000000000000e+00, 0.000000000000000e+00, 5.899114910850108e+04, 1.000000000000000e-10, 1.447255639722070e+09
539, 5.613359734000000e-01, -4.964547060000000e-02, 3.438222837697397e-01, 0.000000000000000e+00, 0.000000000000000e+00, 5.925324806632903e+04, 1.000000000000000e-10, 1.440562386213051e+09
540, 5.643117559000000e-01, -4.929485250000000e-02, 3.446350603771266e-01, 0.000000000000000e+00, 0.000000000000000e+00, 5.940658851877914e+04, 1.000000000000000e-10, 1.437426654944045e+09
541, 5.672864971000000e-01, -4.893550630000000e-02, 3.447418982633683e-01, 0.000000000000000e+00, 0.000000000000000e+00, 5.945912831176494e+04, 1.000000000000000e-10, 1.437620273456752e+09
542, 5.702601725000001e-01, -4.856744460000000e-02, 3.446324015936996e-01, 0.000000000000000e+00, 0.000000000000000e+00, 5.949479967444215e+04, 1.000000000000000e-10, 1.439152247521997e+09
543, 5.732327578000000e-01, -4.819067990000000e-02, 3.448607878271912e-01, 0.000000000000000e+00, 0.000000000000000e+00, 5.960697541150828e+04, 1.000000000000000e-10, 1.439612288304183e+09
544, 5.762042288000000e-01, -4.780522520000000e-02, 3.458602299498084e-01, 0.000000000000000e+00, 0.000000000000000e+00, 5.986762558715526e+04, 1.000000000000000e-10, 1.437171938247676e+09
545, 5.791745615000000e-01, -4.741109350000000e-02, 3.474553223048884e-01, 0.000000000000000e+00, 0.000000000000000e+00, 6.024259458178495e+04, 1.000000000000000e-10, 1.432487604999637e+09
546, 5.821437317000000e-01, -4.700829840000000e-02, 3.485669065017790e-01, 0.000000000000000e+00, 0.000000000000000e+00, 6.053890826682204e+04, 1.000000000000000e-10, 1.429930984075185e+09
547, 5.851117156000000e-01, -4.659685360000000e-02, 3.487956613494326e-01, 0.000000000000000e+00, 0.000000000000000e+00, 6.068119449966743e+04, 1.000000000000000e-10, 1.430959887911517e+09
548, 5.880784894000000e-01, -4.617677290000000e-02, 3.490823322833974e-01, 0.000000000000000e+00, 0.000000000000000e+00, 6.082960779110451e+04, 1.000000000000000e-10, 1.431669949001460e+09
549, 5.910439602000001e-01, -4.574759280000000e-02, 3.508605736176449e-01, 0.000000000000000e+00, 0.000000000000000e+00, 6.123799013306428e+04, 1.000000000000000e-10, 1.426231786300864e+09
550, 5.940076158000001e-01, -4.530605300000000e-02, 3.543676004579909e-01, 0.000000000000000e+00, 0.000000000000000e+00, 6.195380613174486e+04, 1.000000000000000e-10, 1.414065541570121e+09
551, 5.969702442000000e-01, -4.485766250000000e-02, 3.569568977642280e-01, 0.000000000000000e+00, 0.000000000000000e+00, 6.250783493083384e+04, 1.000000000000000e-10, 1.405658269966901e+09
552, 5.999329905000000e-01, -4.441005360000000e-02, 3.577780308671561e-01, 0.000000000000000e+00, 0.000000000000000e+00, 6.274409537468162e+04, 1.000000000000000e-10, 1.404073078382818e+09
553, 6.028966429000000e-01, -4.396848360000000e-02, 3.575849480344049e-01, 0.000000000000000e+00, 0.000000000000000e+00, 6.279292955804073e+04, 1.000000000000000e-10, 1.406338468009736e+09
554, 6.058604630000000e-01, -4.352803920000000e-02, 3.577008212428543e-01, 0.000000000000000e+00, 0.000000000000000e+00, 6.288888523575465e+04, 1.000000000000000e-10, 1.407278826251096e+09
555, 6.088233068000000e-01, -4.308108430000000e-02, 3.592537984376969e-01, 0.000000000000000e+00, 0.000000000000000e+00, 6.324095994296901e+04, 1.000000000000000e-10, 1.402616463245773e+09
556, 6.117840715000000e-01, -4.262056990000000e-02, 3.615588475904067e-01, 0.000000000000000e+00, 0.000000000000000e+00, 6.373768926417367e+04, 1.000000000000000e-10, 1.395291596286663e+09
557, 6.147428891000000e-01, -4.214769180000000e-02, 3.634393916296409e-01, 0.000000000000000e+00, 0.000000000000000e+00, 6.416647526176367e+04, 1.000000000000000e-10, 1.389778528747350e+09
558, 6.177009164000000e-01, -4.166988860000000e-02, 3.644303366963128e-01, 0.000000000000000e+00, 0.000000000000000e+00, 6.443238585364223e+04, 1.000000000000000e-10, 1.387578431345100e+09
559, 6.206593651000000e-01, -4.119470460000000e-02, 3.644318485635646e-01, 0.000000000000000e+00, 0.000000000000000e+00, 6.450585876459109e+04, 1.000000000000000e-10, 1.388848438843462e+09
560, 6.236187181000000e-01, -4.072518330000000e-02, 3.641601777660907e-01, 0.000000000000000e+00, 0.000000000000000e+00, 6.451225050621471e+04, 1.000000000000000e-10, 1.390862650839356e+09
561, 6.265779548000000e-01, -4.025493070000000e-02, 3.647425426503625e-01, 0.000000000000000e+00, 0.000000000000000e+00, 6.465014562051058e+04, 1.000000000000000e-10, 1.389245649059819e+09
562, 6.295358580000000e-01, -3.977637300000000e-02, 3.671269730090216e-01, 0.000000000000000e+00, 0.000000000000000e+00, 6.510025803529826e+04, 1.000000000000000e-10, 1.380692924002628e+09
563, 6.324917848000000e-01, -3.928575100000000e-02, 3.695248659955936e-01, 0.000000000000000e+00, 0.000000000000000e+00, 6.554871506060899e+04, 1.000000000000000e-10, 1.372127144872628e+09
564, 6.354462727000000e-01, -3.878653410000000e-02, 3.702040451414697e-01, 0.000000000000000e+00, 0.000000000000000e+00, 6.568439248635726e+04, 1.000000000000000e-10, 1.369857551908580e+09
565, 6.383993153000000e-01, -3.827883870000000e-02, 3.703702296812402e-01, 0.000000000000000e+00, 0.000000000000000e+00, 6.571997636356809e+04, 1.000000000000000e-10, 1.369345652677132e+09
566, 6.413507560000000e-01, -3.776191640000000e-02, 3.718687793907898e-01, 0.000000000000000e+00, 0.000000000000000e+00, 6.598413954618466e+04, 1.000000000000000e-10, 1.363781137213888e+09
567, 6.443000666000001e-01, -3.723297330000000e-02, 3.752585543560042e-01, 0.000000000000000e+00, 0.000000000000000e+00, 6.658241507762246e+04, 1.000000000000000e-10, 1.351416292347908e+09
568, 6.472482997000000e-01, -3.669805020000000e-02, 3.776926775660092e-01, 0.000000000000000e+00, 0.000000000000000e+00, 6.700975291740592e+04, 1.000000000000000e-10, 1.342650633850448e+09
569, 6.501967952000000e-01, -3.616457690000000e-02, 3.787510328070583e-01, 0.000000000000000e+00, 0.000000000000000e+00, 6.718524047443573e+04, 1.000000000000000e-10, 1.338700873698310e+09
570, 6.531457706000000e-01, -3.563376130000000e-02, 3.798169510286448e-01, 0.000000000000000e+00, 0.000000000000000e+00, 6.735699313345955e+04, 1.000000000000000e-10, 1.334666280358366e+09
571, 6.560947461000000e-01, -3.510294570000000e-02, 3.822076794324757e-01, 0.000000000000000e+00, 0.000000000000000e+00, 6.775768225730742e+04, 1.000000000000000e-10, 1.325937820830625e+09
572, 6.590437216000000e-01, -3.457213010000000e-02, 3.844973715982259e-01, 0.000000000000000e+00, 0.000000000000000e+00, 6.814125796896181e+04, 1.000000000000000e-10, 1.317691367292720e+09
573, 6.619929736000000e-01, -3.404285490000000e-02, 3.857478679937680e-01, 0.000000000000000e+00, 0.000000000000000e+00, 6.833482748196548e+04, 1.000000000000000e-10, 1.312983829589031e+09
574, 6.649427455000000e-01, -3.351648340000000e-02, 3.860691000397095e-01, 0.000000000000000e+00, 0.000000000000000e+00, 6.835720746392723e+04, 1.000000000000000e-10, 1.311355487205601e+09
575, 6.678917876000000e-01, -3.298604320000000e-02, 3.866763317155294e-01, 0.000000000000000e+00, 0.000000000000000e+00, 6.842466955691754e+04, 1.000000000000000e-10, 1.308671945651076e+09
576, 6.708387459000000e-01, -3.244415800000000e-02, 3.890370126746785e-01, 0.000000000000000e+00, 0.000000000000000e+00, 6.880462898047229e+04, 1.000000000000000e-10, 1.300153208591327e+09
577, 6.737831424000000e-01, -3.188851370000000e-02, 3.923874590943003e-01, 0.000000000000000e+00, 0.000000000000000e+00, 6.936573342310914e+04, 1.000000000000000e-10, 1.288577921652363e+09
578, 6.767261656000000e-01, -3.132563310000000e-02, 3.945074516531092e-01, 0.000000000000000e+00, 0.000000000000000e+00, 6.971303193304931e+04, 1.000000000000000e-10, 1.281244701621604e+09
579, 6.796692174000000e-01, -3.076290160000000e-02, 3.954221703672568e-01, 0.000000000000000e+00, 0.000000000000000e+00, 6.984433930089549e+04, 1.000000000000000e-10, 1.277818334183285e+09
580, 6.826129130000000e-01, -3.020354650000000e-02, 3.961482184038648e-01, 0.000000000000000e+00, 0.000000000000000e+00, 6.993844862259612e+04, 1.000000000000000e-10, 1.274972561216697e+09
581, 6.855566182000000e-01, -2.964424250000000e-02, 3.973622047814910e-01, 0.000000000000000e+00, 0.000000000000000e+00, 7.011623425233905e+04, 1.000000000000000e-10, 1.270516776276549e+09
582, 6.885003235000000e-01, -2.908493850000000e-02, 3.994669058966526e-01, 0.000000000000000e+00, 0.000000000000000e+00, 7.045600987073702e+04, 1.000000000000000e-10, 1.263363695039377e+09
583, 6.914440287000000e-01, -2.852563450000000e-02, 4.015841090640191e-01, 0.000000000000000e+00, 0.000000000000000e+00, 7.080507470151497e+04, 1.000000000000000e-10, 1.256353017684071e+09
584, 6.943877340000000e-01, -2.796633050000000e-02, 4.029513467872436e-01, 0.000000000000000e+00, 0.000000000000000e+00, 7.102652004859758e+04, 1.000000000000000e-10, 1.251810051563726e+09
585, 6.973314392000000e-01, -2.740702650000000e-02, 4.039752123645173e-01, 0.000000000000000e+00, 0.000000000000000e+00, 7.118978753871302e+04, 1.000000000000000e-10, 1.248392953626467e+09
586, 7.002751444999999e-01, -2.684772250000000e-02, 4.052369408534758e-01, 0.000000000000000e+00, 0.000000000000000e+00, 7.139556936767054e+04, 1.000000000000000e-10, 1.244272139220670e+09
587, 7.032188497000000e-01, -2.628841850000000e-02, 4.066392771544681e-01, 0.000000000000000e+00, 0.000000000000000e+00, 7.162561037200590e+04, 1.000000000000000e-10, 1.239742379434521e+09
588, 7.061625550000000e-01, -2.572911460000000e-02, 4.080687372654593e-01, 0.000000000000000e+00, 0.000000000000000e+00, 7.185952074078322e+04, 1.000000000000000e-10, 1.235199164236084e+09
589, 7.091062603000000e-01, -2.516981060000000e-02, 4.093298449412133e-01, 0.000000000000000e+00, 0.000000000000000e+00, 7.206263786293655e+04, 1.000000000000000e-10, 1.231131160916956e+09
590, 7.120499655000000e-01, -2.461050660000000e-02, 4.105791289111861e-01, 0.000000000000000e+00, 0.000000000000000e+00, 7.226214162467228e+04, 1.000000000000000e-10, 1.227103972693693e+09
591, 7.149936708000000e-01, -2.405120260000000e-02, 4.118603135212104e-01, 0.000000000000000e+00, 0.000000000000000e+00, 7.246547844768385e+04, 1.000000000000000e-10, 1.222983801261777e+09
592, 7.179373760000000e-01, -2.349189860000000e-02, 4.132474737892396e-01, 0.000000000000000e+00, 0.000000000000000e+00, 7.268586787846772e+04, 1.000000000000000e-10, 1.218556859891998e+09
593, 7.208810812999999e-01, -2.293259460000000e-02, 4.145404413827791e-01, 0.000000000000000e+00, 0.000000000000000e+00, 7.288849939567479e+04, 1.000000000000000e-10, 1.214421371514158e+09
594, 7.238247865000000e-01, -2.237329060000000e-02, 4.157958775806789e-01, 0.000000000000000e+00, 0.000000000000000e+00, 7.308368540859054e+04, 1.000000000000000e-10, 1.210411478437624e+09
595, 7.267684918000000e-01, -2.181398660000000e-02, 4.170299653174460e-01, 0.000000000000000e+00, 0.000000000000000e+00, 7.327456964455839e+04, 1.000000000000000e-10, 1.206482140268870e+09
596, 7.297121971000000e-01, -2.125468260000000e-02, 4.183059993992433e-01, 0.000000000000000e+00, 0.000000000000000e+00, 7.347278070421815e+04, 1.000000000000000e-10, 1.202456846230787e+09
597, 7.326559023000000e-01, -2.069537860000000e-02, 4.194381302693874e-01, 0.000000000000000e+00, 0.000000000000000e+00, 7.364630771289337e+04, 1.000000000000000e-10, 1.198876939278499e+09
598, 7.355996076000000e-01, -2.013607460000000e-02, 4.207216660818112e-01, 0.000000000000000e+00, 0.000000000000000e+00, 7.384759252584192e+04, 1.000000000000000e-10, 1.194903410826622e+09
599, 7.385433128000000e-01, -1.957677060000000e-02, 4.221413782246235e-01, 0.000000000000000e+00, 0.000000000000000e+00, 7.407436342787692e+04, 1.000000000000000e-10, 1.190592484807657e+09
600, 7.414870181000000e-01, -1.901746660000000e-02, 4.233228496087523e-01, 0.000000000000000e+00, 0.000000000000000e+00, 7.426106023173041e+04, 1.000000000000000e-10, 1.187002288863471e+09
601, 7.444307233000000e-01, -1.845816260000000e-02, 4.242586503496061e-01, 0.000000000000000e+00, 0.000000000000000e+00, 7.440595450307100e+04, 1.000000000000000e-10, 1.184135357063921e+09
602, 7.473744286000000e-01, -1.789885860000000e-02, 4.252418798786856e-01, 0.000000000000000e+00, 0.000000000000000e+00, 7.455977148617530e+04, 1.000000000000000e-10, 1.181158154445898e+09
603, 7.503181249000000e-01, -1.733950730000000e-02, 4.269029302277871e-01, 0.000000000000000e+00, 0.000000000000000e+00, 7.483360813024956e+04, 1.000000000000000e-10, 1.176340414511180e+09
604, 7.532611798000000e-01, -1.677679240000000e-02, 4.289548371135405e-01, 0.000000000000000e+00, 0.000000000000000e+00, 7.517947071925073e+04, 1.000000000000000e-10, 1.170536203690633e+09
605, 7.562042001000000e-01, -1.621389660000000e-02, 4.303249781894144e-01, 0.000000000000000e+00, 0.000000000000000e+00, 7.540994969620720e+04, 1.000000000000000e-10, 1.166685171920724e+09
606, 7.591485878000001e-01, -1.565820530000000e-02, 4.309603683037561e-01, 0.000000000000000e+00, 0.000000000000000e+00, 7.551456418296484e+04, 1.000000000000000e-10, 1.164880815832106e+09
607, 7.620955345000000e-01, -1.511625730000000e-02, 4.313375853735923e-01, 0.000000000000000e+00, 0.000000000000000e+00, 7.557644446713576e+04, 1.000000000000000e-10, 1.163809403401890e+09
608, 7.650445705000000e-01, -1.458578350000000e-02, 4.319470690811792e-01, 0.000000000000000e+00, 0.000000000000000e+00, 7.568122814615585e+04, 1.000000000000000e-10, 1.162150913622077e+09
609, 7.679943422000000e-01, -1.405941050000000e-02, 4.330048276872585e-01, 0.000000000000000e+00, 0.000000000000000e+00, 7.586723271873120e+04, 1.000000000000000e-10, 1.159331353389919e+09
610, 7.709435269000000e-01, -1.352976200000000e-02, 4.344349889818835e-01, 0.000000000000000e+00, 0.000000000000000e+00, 7.612172064323901e+04, 1.000000000000000e-10, 1.155562964699426e+09
611, 7.738917632000000e-01, -1.299485690000000e-02, 4.359901319307730e-01, 0.000000000000000e+00, 0.000000000000000e+00, 7.640087560439887e+04, 1.000000000000000e-10, 1.151515051654275e+09
612, 7.768402548000000e-01, -1.246136210000000e-02, 4.369615727843036e-01, 0.000000000000000e+00, 0.000000000000000e+00, 7.657956819149523e+04, 1.000000000000000e-10, 1.149058050533872e+09
613, 7.797903352000000e-01, -1.193673480000000e-02, 4.372369632651358e-01, 0.000000000000000e+00, 0.000000000000000e+00, 7.663636323370073e+04, 1.000000000000000e-10, 1.148415536894642e+09
614, 7.827429347000000e-01, -1.142647830000000e-02, 4.373366466810500e-01, 0.000000000000000e+00, 0.000000000000000e+00, 7.666239149227134e+04, 1.000000000000000e-10, 1.148261538316213e+09
615, 7.856972424999999e-01, -1.092619490000000e-02, 4.379826818921153e-01, 0.000000000000000e+00, 0.000000000000000e+00, 7.678390114824567e+04, 1.000000000000000e-10, 1.146667942383943e+09
616, 7.886519677000000e-01, -1.042837940000000e-02, 4.396141348842598e-01, 0.000000000000000e+00, 0.000000000000000e+00, 7.707948828082574e+04, 1.000000000000000e-10, 1.142531529901504e+09
617, 7.916060843000000e-01, -9.926965700000000e-03, 4.409738951471932e-01, 0.000000000000000e+00, 0.000000000000000e+00, 7.732936316597191e+04, 1.000000000000000e-10, 1.139140909719800e+09
618, 7.945600712999999e-01, -9.424787900000000e-03, 4.412939991331718e-01, 0.000000000000000e+00, 0.000000000000000e+00, 7.739875964192694e+04, 1.000000000000000e-10, 1.138471981457011e+09
619, 7.975140582000000e-01, -8.922610100000001e-03, 4.413695360917127e-01, 0.000000000000000e+00, 0.000000000000000e+00, 7.742732187061603e+04, 1.000000000000000e-10, 1.138459787072117e+09
620, 8.004680280000001e-01, -8.420330800000000e-03, 4.421859238493301e-01, 0.000000000000000e+00, 0.000000000000000e+00, 7.758839641459916e+04, 1.000000000000000e-10, 1.136611989269460e+09
621, 8.034213936000000e-01, -7.914512699999999e-03, 4.438331049479145e-01, 0.000000000000000e+00, 0.000000000000000e+00, 7.789867443808861e+04, 1.000000000000000e-10, 1.132644374715332e+09
622, 8.063747975000000e-01, -7.408918400000000e-03, 4.449293777329543e-01, 0.000000000000000e+00, 0.000000000000000e+00, 7.811432010031112e+04, 1.000000000000000e-10, 1.130087457421995e+09
623, 8.093295144000000e-01, -6.911064600000000e-03, 4.453349109222876e-01, 0.000000000000000e+00, 0.000000000000000e+00, 7.820762221273337e+04, 1.000000000000000e-10, 1.129316046848187e+09
624, 8.122862570000000e-01, -6.425381100000000e-03, 4.455512216302221e-01, 0.000000000000000e+00, 0.000000000000000e+00, 7.826604102628522e+04, 1.000000000000000e-10, 1.129040057566817e+09
625, 8.152444195000000e-01, -5.948422800000000e-03, 4.460929622787444e-01, 0.000000000000000e+00, 0.000000000000000e+00, 7.837870170782883e+04, 1.000000000000000e-10, 1.127882854832782e+09
626, 8.182039458000000e-01, -5.480001300000000e-03, 4.469827507478388e-01, 0.000000000000000e+00, 0.000000000000000e+00, 7.855041038200245e+04, 1.000000000000000e-10, 1.125816264070908e+09
627, 8.211648134000000e-01, -5.020132300000000e-03, 4.477953113755532e-01, 0.000000000000000e+00, 0.000000000000000e+00, 7.870734947857687e+04, 1.000000000000000e-10, 1.123913943387845e+09
628, 8.241269989000000e-01, -4.568831200000000e-03, 4.485244062182710e-01, 0.000000000000000e+00, 0.000000000000000e+00, 7.884946581675070e+04, 1.000000000000000e-10, 1.122213169229307e+09
629, 8.270904793000000e-01, -4.126113200000000e-03, 4.493698799829181e-01, 0.000000000000000e+00, 0.000000000000000e+00, 7.901314240363632e+04, 1.000000000000000e-10, 1.120288047587852e+09
630, 8.300552314000000e-01, -3.691994500000000e-03, 4.499615527382100e-01, 0.000000000000000e+00, 0.000000000000000e+00, 7.913235579559259e+04, 1.000000000000000e-10, 1.118984168905401e+09
631, 8.330216764000000e-01, -3.269608000000000e-03, 4.502396948201267e-01, 0.000000000000000e+00, 0.000000000000000e+00, 7.919814010133274e+04, 1.000000000000000e-10, 1.118488690756824e+09
632, 8.359894521000000e-01, -2.856659800000000e-03, 4.505340552528301e-01, 0.000000000000000e+00, 0.000000000000000e+00, 7.926779885952003e+04, 1.000000000000000e-10, 1.117965834521242e+09
633, 8.389574719000000e-01, -2.445467200000000e-03, 4.512205225223105e-01, 0.000000000000000e+00, 0.000000000000000e+00, 7.941119575784105e+04, 1.000000000000000e-10, 1.116535498194916e+09
634, 8.419245535000000e-01, -2.027571400000000e-03, 4.520719428449474e-01, 0.000000000000000e+00, 0.000000000000000e+00, 7.959001922457380e+04, 1.000000000000000e-10, 1.114766772198427e+09
635, 8.448907007000001e-01, -1.603081000000000e-03, 4.528232658462182e-01, 0.000000000000000e+00, 0.000000000000000e+00, 7.975620053110075e+04, 1.000000000000000e-10, 1.113316244581116e+09
636, 8.478579874000000e-01, -1.186655300000000e-03, 4.533559857167513e-01, 0.000000000000000e+00, 0.000000000000000e+00, 7.988430436264313e+04, 1.000000000000000e-10, 1.112394753676763e+09
637, 8.508284127000000e-01, -7.933073000000000e-04, 4.535753623491279e-01, 0.000000000000000e+00, 0.000000000000000e+00, 7.995340897356313e+04, 1.000000000000000e-10, 1.112143184666235e+09
638, 8.538020126000000e-01, -4.246734000000000e-04, 4.537330559133497e-01, 0.000000000000000e+00, 0.000000000000000e+00, 8.000785812631920e+04, 1.000000000000000e-10, 1.112118673948691e+09
639, 8.567775810000000e-01, -7.225130000000000e-05, 4.542075263491536e-01, 0.000000000000000e+00, 0.000000000000000e+00, 8.011330742005150e+04, 1.000000000000000e-10, 1.111201696408410e+09
640, 8.597541393000000e-01, 2.717253000000000e-04, 4.550838878971872e-01, 0.000000000000000e+00, 0.000000000000000e+00, 8.028804409816816e+04, 1.000000000000000e-10, 1.109266190163170e+09
641, 8.627313085000000e-01, 6.103705000000000e-04, 4.555634590273369e-01, 0.000000000000000e+00, 0.000000000000000e+00, 8.039157304836762e+04, 1.000000000000000e-10, 1.108291950902764e+09
642, 8.657094571000000e-01, 9.402886000000000e-04, 4.556298252979476e-01, 0.000000000000000e+00, 0.000000000000000e+00, 8.042403846746992e+04, 1.000000000000000e-10, 1.108369793995826e+09
643, 8.686885639000000e-01, 1.261439300000000e-03, 4.558011871605409e-01, 0.000000000000000e+00, 0.000000000000000e+00, 8.047579979807639e+04, 1.000000000000000e-10, 1.108193001226384e+09
644, 8.716684840000000e-01, 1.574958600000000e-03, 4.566312552127664e-01, 0.000000000000000e+00, 0.000000000000000e+00, 8.064849952952664e+04, 1.000000000000000e-10, 1.106479104599433e+09
645, 8.746489628000000e-01, 1.883117200000000e-03, 4.574695317260408e-01, 0.000000000000000e+00, 0.000000000000000e+00, 8.082667170828609e+04, 1.000000000000000e-10, 1.104784893310656e+09
646, 8.776306820999999e-01, 2.179005900000000e-03, 4.576661222148208e-01, 0.000000000000000e+00, 0.000000000000000e+00, 8.089167154927681e+04, 1.000000000000000e-10, 1.104635914960148e+09
647, 8.806143131000000e-01, 2.454910800000000e-03, 4.576134764765288e-01, 0.000000000000000e+00, 0.000000000000000e+00, 8.091147087238975e+04, 1.000000000000000e-10, 1.105084778844164e+09
648, 8.835997117000000e-01, 2.711016100000000e-03, 4.578331402019511e-01, 0.000000000000000e+00, 0.000000000000000e+00, 8.097618723574553e+04, 1.000000000000000e-10, 1.104864760862486e+09
649, 8.865865769000000e-01, 2.949408900000000e-03, 4.585311728035329e-01, 0.000000000000000e+00, 0.000000000000000e+00, 8.112469006758383e+04, 1.000000000000000e-10, 1.103458495276009e+09
650, 8.895748055000000e-01, 3.170055600000000e-03, 4.589770998785255e-01, 0.000000000000000e+00, 0.000000000000000e+00, 8.122572349656463e+04, 1.000000000000000e-10, 1.102584001098768e+09
651, 8.925644546000000e-01, 3.370490400000000e-03, 4.590256304922682e-01, 0.000000000000000e+00, 0.000000000000000e+00, 8.125568321139261e+04, 1.000000000000000e-10, 1.102716817387544e+09
652, 8.955553676000000e-01, 3.551155100000000e-03, 4.589392075551378e-01, 0.000000000000000e+00, 0.000000000000000e+00, 8.125866845458421e+04, 1.000000000000000e-10, 1.103125713646865e+09
653, 8.985469777000000e-01, 3.719930400000000e-03, 4.590256801136874e-01, 0.000000000000000e+00, 0.000000000000000e+00, 8.129233895655417e+04, 1.000000000000000e-10, 1.103124307617853e+09
654, 9.015387704000000e-01, 3.885451900000000e-03, 4.593657051232686e-01, 0.000000000000000e+00, 0.000000000000000e+00, 8.137512280246404e+04, 1.000000000000000e-10, 1.102569098943307e+09
655, 9.045306080000000e-01, 4.050146900000000e-03, 4.598963213638234e-01, 0.000000000000000e+00, 0.000000000000000e+00, 8.149562084742369e+04, 1.000000000000000e-10, 1.101586791115745e+09
656, 9.075232441000000e-01, 4.199497100000000e-03, 4.602374076171358e-01, 0.000000000000000e+00, 0.000000000000000e+00, 8.158313065762669e+04, 1.000000000000000e-10, 1.101078541339273e+09
657, 9.105172638000000e-01, 4.317576000000000e-03, 4.602193677831529e-01, 0.000000000000000e+00, 0.000000000000000e+00, 8.160129687379279e+04, 1.000000000000000e-10, 1.101354939823610e+09
658, 9.135124732000000e-01, 4.400428400000000e-03, 4.600140095062538e-01, 0.000000000000000e+00, 0.000000000000000e+00, 8.158121894555792e+04, 1.000000000000000e-10, 1.102025068710014e+09
659, 9.165083028000000e-01, 4.456858500000000e-03, 4.599229437495291e-01, 0.000000000000000e+00, 0.000000000000000e+00, 8.157632546865464e+04, 1.000000000000000e-10, 1.102334983050929e+09
660, 9.195044264000000e-01, 4.494915400000000e-03, 4.601131328629637e-01, 0.000000000000000e+00, 0.000000000000000e+00, 8.162364011928516e+04, 1.000000000000000e-10, 1.102038104202173e+09
661, 9.225006781000000e-01, 4.521098200000000e-03, 4.602709444195748e-01, 0.000000000000000e+00, 0.000000000000000e+00, 8.167181181202823e+04, 1.000000000000000e-10, 1.101887251320796e+09
662, 9.254970225000000e-01, 4.531556300000000e-03, 4.602522373514897e-01, 0.000000000000000e+00, 0.000000000000000e+00, 8.169461740170073e+04, 1.000000000000000e-10, 1.102217073759665e+09
663, 9.284933501000000e-01, 4.518230800000000e-03, 4.600646510253315e-01, 0.000000000000000e+00, 0.000000000000000e+00, 8.168705652357604e+04, 1.000000000000000e-10, 1.102960712167337e+09
664, 9.314893480999999e-01, 4.472444700000000e-03, 4.596489307085902e-01, 0.000000000000000e+00, 0.000000000000000e+00, 8.163293876495620e+04, 1.000000000000000e-10, 1.104173660854150e+09
665, 9.344846103000000e-01, 4.391470900000000e-03, 4.590815577588615e-01, 0.000000000000000e+00, 0.000000000000000e+00, 8.154668688018042e+04, 1.000000000000000e-10, 1.105697386806290e+09
666, 9.374792507000000e-01, 4.289801600000000e-03, 4.585376739045339e-01, 0.000000000000000e+00, 0.000000000000000e+00, 8.145962509565968e+04, 1.000000000000000e-10, 1.107078865813621e+09
667, 9.404737331000000e-01, 4.183520900000000e-03, 4.582323505299665e-01, 0.000000000000000e+00, 0.000000000000000e+00, 8.141760560950333e+04, 1.000000000000000e-10, 1.107984294331093e+09
668, 9.434683278000000e-01, 4.080451000000000e-03, 4.581237218790962e-01, 0.000000000000000e+00, 0.000000000000000e+00, 8.141639323588264e+04, 1.000000000000000e-10, 1.108446094196672e+09
669, 9.464625694000000e-01, 3.967701700000000e-03, 4.578642395511086e-01, 0.000000000000000e+00, 0.000000000000000e+00, 8.139133346399013e+04, 1.000000000000000e-10, 1.109258069071936e+09
670, 9.494557192999999e-01, 3.829211000000000e-03, 4.573478686416547e-01, 0.000000000000000e+00, 0.000000000000000e+00, 8.131558890592055e+04, 1.000000000000000e-10, 1.110687648012921e+09
671, 9.524469545000001e-01, 3.654174900000000e-03, 4.566402566069261e-01, 0.000000000000000e+00, 0.000000000000000e+00, 8.120011001347561e+04, 1.000000000000000e-10, 1.112562748917799e+09
672, 9.554363444000000e-01, 3.449926600000000e-03, 4.558429176837946e-01, 0.000000000000000e+00, 0.000000000000000e+00, 8.106148169473729e+04, 1.000000000000000e-10, 1.114543852087543e+09
673, 9.584242260000000e-01, 3.224624800000000e-03, 4.550668377294871e-01, 0.000000000000000e+00, 0.000000000000000e+00, 8.092370669359012e+04, 1.000000000000000e-10, 1.116416512874054e+09
674, 9.614110739000000e-01, 2.985978000000000e-03, 4.544558169479900e-01, 0.000000000000000e+00, 0.000000000000000e+00, 8.081683172799880e+04, 1.000000000000000e-10, 1.117972600530715e+09
675, 9.643968526000000e-01, 2.734335600000000e-03, 4.540754011837549e-01, 0.000000000000000e+00, 0.000000000000000e+00, 8.074887759892149e+04, 1.000000000000000e-10, 1.118883261092879e+09
676, 9.673808280000000e-01, 2.462191300000000e-03, 4.532406801599456e-01, 0.000000000000000e+00, 0.000000000000000e+00, 8.058948072999720e+04, 1.000000000000000e-10, 1.120815893417336e+09
677, 9.703620847000000e-01, 2.161784500000000e-03, 4.517711481475772e-01, 0.000000000000000e+00, 0.000000000000000e+00, 8.029551937465908e+04, 1.000000000000000e-10, 1.124089459842474e+09
678, 9.733402982000000e-01, 1.832532300000000e-03, 4.503024290527086e-01, 0.000000000000000e+00, 0.000000000000000e+00, 7.997815443267074e+04, 1.000000000000000e-10, 1.127126152938264e+09
679, 9.763154943000000e-01, 1.477044900000000e-03, 4.498699348234675e-01, 0.000000000000000e+00, 0.000000000000000e+00, 7.981713598653850e+04, 1.000000000000000e-10, 1.127248276522473e+09
680, 9.792874526000001e-01, 1.095432300000000e-03, 4.504488543344162e-01, 0.000000000000000e+00, 0.000000000000000e+00, 7.980772211397608e+04, 1.000000000000000e-10, 1.124524364315075e+09
681, 9.822556855000000e-01, 6.858801000000000e-04, 4.486192893425875e-01, 0.000000000000000e+00, 0.000000000000000e+00, 7.935208987663944e+04, 1.000000000000000e-10, 1.127598821516946e+09
682, 9.852198673000000e-01, 2.479352000000000e-04, 4.438624999636921e-01, 0.000000000000000e+00, 0.000000000000000e+00, 7.835963873992645e+04, 1.000000000000000e-10, 1.137907451071876e+09
683, 9.881808922000000e-01, -2.108983000000000e-04, 4.390743775548406e-01, 0.000000000000000e+00, 0.000000000000000e+00, 7.735096608621260e+04, 1.000000000000000e-10, 1.148343265073195e+09
684, 9.911395461000000e-01, -6.847765000000000e-04, 4.448666725357915e-01, 0.000000000000000e+00, 0.000000000000000e+00, 7.821849612618911e+04, 1.000000000000000e-10, 1.131595311756149e+09
685, 9.940944037000000e-01, -1.181769000000000e-03, 4.522414653756623e-01, 0.000000000000000e+00, 0.000000000000000e+00, 7.940456049410226e+04, 1.000000000000000e-10, 1.111895686242255e+09
686, 9.970470357000000e-01, -1.691851000000000e-03, 4.395690209819185e-01, 0.000000000000000e+00, 0.000000000000000e+00, 7.711687010138835e+04, 1.000000000000000e-10, 1.143197486674253e+09
687, 1.000000000000000e+00, 5.500000000000000e-04, 3.345863488325597e-01, 0.000000000000000e+00, 0.000000000000000e+00, 5.855408073079612e+04, 1.000000000000000e-10, 1.498880184508110e+09
