"PointID","x","y","Density","Momentum_x","Momentum_y","Energy","Turb_Kin_Energy","Omega"
0, 1.000000000000000e+00, 3.300000000000000e-03, 3.605426113031853e-01, 0.000000000000000e+00, 0.000000000000000e+00, 6.182870914452130e+04, 1.000000000000000e-10, 1.368183730551665e+09
1, 1.000000000000000e+00, -2.200000000000000e-03, 3.648678769285385e-01, 0.000000000000000e+00, 0.000000000000000e+00, 6.272813007930573e+04, 1.000000000000000e-10, 1.354743570018339e+09
6, 9.970624071000000e-01, 3.890565800000000e-03, 4.146848777188887e-01, 0.000000000000000e+00, 0.000000000000000e+00, 7.101338318525914e+04, 1.000000000000000e-10, 1.188163502285166e+09
7, 9.941250122000000e-01, 4.482116400000000e-03, 4.250846021248069e-01, 0.000000000000000e+00, 0.000000000000000e+00, 7.271740528824295e+04, 1.000000000000000e-10, 1.158096740221392e+09
8, 9.911863511000000e-01, 5.067337600000000e-03, 4.104050233231674e-01, 0.000000000000000e+00, 0.000000000000000e+00, 7.007625651458376e+04, 1.000000000000000e-10, 1.197760545210671e+09
9, 9.882453375000000e-01, 5.640619800000000e-03, 4.040283973899369e-01, 0.000000000000000e+00, 0.000000000000000e+00, 6.881797456115953e+04, 1.000000000000000e-10, 1.214221208631291e+09
10, 9.853025951000000e-01, 6.204961100000000e-03, 4.070913479981383e-01, 0.000000000000000e+00, 0.000000000000000e+00, 6.916615396568879e+04, 1.000000000000000e-10, 1.202553646123116e+09
11, 9.823582610000000e-01, 6.760941000000000e-03, 4.106829590219455e-01, 0.000000000000000e+00, 0.000000000000000e+00, 6.960471134220112e+04, 1.000000000000000e-10, 1.189665624662187e+09
12, 9.794123284000000e-01, 7.308384000000000e-03, 4.100390055349544e-01, 0.000000000000000e+00, 0.000000000000000e+00, 6.933744395461574e+04, 1.000000000000000e-10, 1.189319251113013e+09
13, 9.764641925999999e-01, 7.843832699999999e-03, 4.078096495349459e-01, 0.000000000000000e+00, 0.000000000000000e+00, 6.882907853340557e+04, 1.000000000000000e-10, 1.193954063151186e+09
14, 9.735146296000000e-01, 8.371372199999999e-03, 4.074213674656947e-01, 0.000000000000000e+00, 0.000000000000000e+00, 6.865987311348619e+04, 1.000000000000000e-10, 1.193600972026363e+09
15, 9.705649844999999e-01, 8.898453400000001e-03, 4.077745800027403e-01, 0.000000000000000e+00, 0.000000000000000e+00, 6.863619930447446e+04, 1.000000000000000e-10, 1.191383120726237e+09
16, 9.676163612000001e-01, 9.431218700000001e-03, 4.078856968266554e-01, 0.000000000000000e+00, 0.000000000000000e+00, 6.858743188810875e+04, 1.000000000000000e-10, 1.190098472119247e+09
17, 9.646681685000000e-01, 9.966365099999999e-03, 4.072404897939351e-01, 0.000000000000000e+00, 0.000000000000000e+00, 6.842740639660026e+04, 1.000000000000000e-10, 1.191243125104950e+09
18, 9.617190649000000e-01, 1.049646250000000e-02, 4.060414405251564e-01, 0.000000000000000e+00, 0.000000000000000e+00, 6.818885288644278e+04, 1.000000000000000e-10, 1.194264245921005e+09
19, 9.587677714000000e-01, 1.101421520000000e-02, 4.044925070466867e-01, 0.000000000000000e+00, 0.000000000000000e+00, 6.790364276752234e+04, 1.000000000000000e-10, 1.198474119795554e+09
20, 9.558141732000000e-01, 1.151866560000000e-02, 4.030949116379848e-01, 0.000000000000000e+00, 0.000000000000000e+00, 6.765184036932806e+04, 1.000000000000000e-10, 1.202375229383076e+09
21, 9.528595023999999e-01, 1.201680390000000e-02, 4.026477300016787e-01, 0.000000000000000e+00, 0.000000000000000e+00, 6.756161416687844e+04, 1.000000000000000e-10, 1.203488741210802e+09
22, 9.499050355999999e-01, 1.251614840000000e-02, 4.027735311091396e-01, 0.000000000000000e+00, 0.000000000000000e+00, 6.756617110993600e+04, 1.000000000000000e-10, 1.202824924883638e+09
23, 9.469515835000000e-01, 1.302146080000000e-02, 4.026570006985283e-01, 0.000000000000000e+00, 0.000000000000000e+00, 6.752712857304828e+04, 1.000000000000000e-10, 1.202907862988616e+09
24, 9.439982552000000e-01, 1.352749770000000e-02, 4.015637405900036e-01, 0.000000000000000e+00, 0.000000000000000e+00, 6.732224145807742e+04, 1.000000000000000e-10, 1.205891440430142e+09
25, 9.410437731000000e-01, 1.402674480000000e-02, 3.995521836679322e-01, 0.000000000000000e+00, 0.000000000000000e+00, 6.696221197453357e+04, 1.000000000000000e-10, 1.211623988359864e+09
26, 9.380870172000000e-01, 1.451233270000000e-02, 3.982639387244744e-01, 0.000000000000000e+00, 0.000000000000000e+00, 6.672302186739350e+04, 1.000000000000000e-10, 1.215193571964662e+09
27, 9.351283061000000e-01, 1.498587720000000e-02, 3.984014322926467e-01, 0.000000000000000e+00, 0.000000000000000e+00, 6.672210938833938e+04, 1.000000000000000e-10, 1.214410994598700e+09
28, 9.321688618000000e-01, 1.545482400000000e-02, 3.989280471525242e-01, 0.000000000000000e+00, 0.000000000000000e+00, 6.678512235640026e+04, 1.000000000000000e-10, 1.212432484817030e+09
29, 9.292098398000000e-01, 1.592642560000000e-02, 3.988377427384552e-01, 0.000000000000000e+00, 0.000000000000000e+00, 6.674285204786008e+04, 1.000000000000000e-10, 1.212301974123895e+09
30, 9.262511042000000e-01, 1.639982330000000e-02, 3.975483283222701e-01, 0.000000000000000e+00, 0.000000000000000e+00, 6.649945383546680e+04, 1.000000000000000e-10, 1.215804862978282e+09
31, 9.232923687000000e-01, 1.687322100000000e-02, 3.960005258929722e-01, 0.000000000000000e+00, 0.000000000000000e+00, 6.621412094285747e+04, 1.000000000000000e-10, 1.220164649911727e+09
32, 9.203336331000000e-01, 1.734661870000000e-02, 3.959737970275095e-01, 0.000000000000000e+00, 0.000000000000000e+00, 6.618541191103721e+04, 1.000000000000000e-10, 1.219862651731938e+09
33, 9.173752952000001e-01, 1.782249320000000e-02, 3.960657904054756e-01, 0.000000000000000e+00, 0.000000000000000e+00, 6.617523094458364e+04, 1.000000000000000e-10, 1.219202530312992e+09
34, 9.144172403000000e-01, 1.830012520000000e-02, 3.953305127042092e-01, 0.000000000000000e+00, 0.000000000000000e+00, 6.602617163448912e+04, 1.000000000000000e-10, 1.221094328246052e+09
35, 9.114582624000001e-01, 1.877199790000000e-02, 3.936809367502223e-01, 0.000000000000000e+00, 0.000000000000000e+00, 6.572464609435583e+04, 1.000000000000000e-10, 1.225812061586717e+09
36, 9.084972381000000e-01, 1.923083950000000e-02, 3.924671943764678e-01, 0.000000000000000e+00, 0.000000000000000e+00, 6.549715812330459e+04, 1.000000000000000e-10, 1.229218931722376e+09
37, 9.055342297000000e-01, 1.967670440000000e-02, 3.920969706896955e-01, 0.000000000000000e+00, 0.000000000000000e+00, 6.541110669578754e+04, 1.000000000000000e-10, 1.230004523099339e+09
38, 9.025703724000000e-01, 2.011689840000000e-02, 3.921521051128668e-01, 0.000000000000000e+00, 0.000000000000000e+00, 6.539777968089037e+04, 1.000000000000000e-10, 1.229454605050884e+09
39, 8.996067964000000e-01, 2.055898050000000e-02, 3.922216370753369e-01, 0.000000000000000e+00, 0.000000000000000e+00, 6.538956725298288e+04, 1.000000000000000e-10, 1.228930612417944e+09
40, 8.966435791000000e-01, 2.100346310000000e-02, 3.920526629041401e-01, 0.000000000000000e+00, 0.000000000000000e+00, 6.534312522714516e+04, 1.000000000000000e-10, 1.229177703516503e+09
41, 8.936803618000000e-01, 2.144794570000000e-02, 3.914235316975619e-01, 0.000000000000000e+00, 0.000000000000000e+00, 6.522441425046500e+04, 1.000000000000000e-10, 1.230938374143267e+09
42, 8.907171444000000e-01, 2.189242830000000e-02, 3.909599985930288e-01, 0.000000000000000e+00, 0.000000000000000e+00, 6.513505773426084e+04, 1.000000000000000e-10, 1.232209339340677e+09
43, 8.877539271000000e-01, 2.233691090000000e-02, 3.902369185796480e-01, 0.000000000000000e+00, 0.000000000000000e+00, 6.500157275040451e+04, 1.000000000000000e-10, 1.234289269300662e+09
44, 8.847907098000000e-01, 2.278139350000000e-02, 3.886118747974676e-01, 0.000000000000000e+00, 0.000000000000000e+00, 6.471491875141481e+04, 1.000000000000000e-10, 1.239218771422740e+09
45, 8.818274925000000e-01, 2.322587610000000e-02, 3.877217384058063e-01, 0.000000000000000e+00, 0.000000000000000e+00, 6.454912392603372e+04, 1.000000000000000e-10, 1.241785938095609e+09
46, 8.788643591999999e-01, 2.367091770000000e-02, 3.879047801305681e-01, 0.000000000000000e+00, 0.000000000000000e+00, 6.456191904087151e+04, 1.000000000000000e-10, 1.240900569832367e+09
47, 8.759017882000000e-01, 2.411968790000000e-02, 3.879495269931223e-01, 0.000000000000000e+00, 0.000000000000000e+00, 6.454969216478424e+04, 1.000000000000000e-10, 1.240482031108696e+09
48, 8.729389200000000e-01, 2.456648860000000e-02, 3.870100527731614e-01, 0.000000000000000e+00, 0.000000000000000e+00, 6.437325746186938e+04, 1.000000000000000e-10, 1.243173728011230e+09
49, 8.699746207000000e-01, 2.500367940000000e-02, 3.851026798508303e-01, 0.000000000000000e+00, 0.000000000000000e+00, 6.403454124429115e+04, 1.000000000000000e-10, 1.248999974645538e+09
50, 8.670081947000000e-01, 2.542619980000000e-02, 3.838897486194983e-01, 0.000000000000000e+00, 0.000000000000000e+00, 6.381012324405026e+04, 1.000000000000000e-10, 1.252529807722229e+09
51, 8.640404269000000e-01, 2.583920470000000e-02, 3.840672160286784e-01, 0.000000000000000e+00, 0.000000000000000e+00, 6.381723832915321e+04, 1.000000000000000e-10, 1.251628825844629e+09
52, 8.610724042000000e-01, 2.625037680000000e-02, 3.847120802228223e-01, 0.000000000000000e+00, 0.000000000000000e+00, 6.390408656858558e+04, 1.000000000000000e-10, 1.249204218351194e+09
53, 8.581049055000000e-01, 2.666531320000000e-02, 3.849299785789590e-01, 0.000000000000000e+00, 0.000000000000000e+00, 6.392123996823938e+04, 1.000000000000000e-10, 1.248191087778641e+09
54, 8.551374771000000e-01, 2.708075320000000e-02, 3.842186962365732e-01, 0.000000000000000e+00, 0.000000000000000e+00, 6.378821914043465e+04, 1.000000000000000e-10, 1.250238833717149e+09
55, 8.521700487000000e-01, 2.749619320000000e-02, 3.830870167094513e-01, 0.000000000000000e+00, 0.000000000000000e+00, 6.358812421586997e+04, 1.000000000000000e-10, 1.253733984039405e+09
56, 8.492026203000000e-01, 2.791163320000000e-02, 3.825015641896003e-01, 0.000000000000000e+00, 0.000000000000000e+00, 6.347450551406786e+04, 1.000000000000000e-10, 1.255385302482893e+09
57, 8.462351919000000e-01, 2.832707310000000e-02, 3.814765568530119e-01, 0.000000000000000e+00, 0.000000000000000e+00, 6.328708122538873e+04, 1.000000000000000e-10, 1.258474808477146e+09
58, 8.432677635000000e-01, 2.874251310000000e-02, 3.807513023912208e-01, 0.000000000000000e+00, 0.000000000000000e+00, 6.314815872159184e+04, 1.000000000000000e-10, 1.260569277053302e+09
59, 8.403003351000000e-01, 2.915795310000000e-02, 3.806942142182816e-01, 0.000000000000000e+00, 0.000000000000000e+00, 6.311964307808160e+04, 1.000000000000000e-10, 1.260445162970527e+09
60, 8.373332662000000e-01, 2.957595020000000e-02, 3.806315886760814e-01, 0.000000000000000e+00, 0.000000000000000e+00, 6.308971232021426e+04, 1.000000000000000e-10, 1.260331030922289e+09
61, 8.343664342000000e-01, 2.999562810000000e-02, 3.797275664358497e-01, 0.000000000000000e+00, 0.000000000000000e+00, 6.292198082231032e+04, 1.000000000000000e-10, 1.263028549596869e+09
62, 8.313987667000000e-01, 3.040934680000000e-02, 3.779388164536199e-01, 0.000000000000000e+00, 0.000000000000000e+00, 6.260720346574434e+04, 1.000000000000000e-10, 1.268717037268632e+09
63, 8.284292787999999e-01, 3.080977400000000e-02, 3.766688061331064e-01, 0.000000000000000e+00, 0.000000000000000e+00, 6.237643855018904e+04, 1.000000000000000e-10, 1.272644742282433e+09
64, 8.254580666000000e-01, 3.119721670000000e-02, 3.763845754109987e-01, 0.000000000000000e+00, 0.000000000000000e+00, 6.230635297048924e+04, 1.000000000000000e-10, 1.273218406657482e+09
65, 8.224861366000000e-01, 3.157912440000000e-02, 3.765848863299358e-01, 0.000000000000000e+00, 0.000000000000000e+00, 6.231789979459393e+04, 1.000000000000000e-10, 1.272165059693474e+09
66, 8.195144758000000e-01, 3.196311810000000e-02, 3.767131866173279e-01, 0.000000000000000e+00, 0.000000000000000e+00, 6.232227452070229e+04, 1.000000000000000e-10, 1.271409100480625e+09
67, 8.165431104999999e-01, 3.234939560000000e-02, 3.764981905095927e-01, 0.000000000000000e+00, 0.000000000000000e+00, 6.227235440092386e+04, 1.000000000000000e-10, 1.271920368606969e+09
68, 8.135717453000000e-01, 3.273567310000000e-02, 3.758753096850776e-01, 0.000000000000000e+00, 0.000000000000000e+00, 6.215982809829889e+04, 1.000000000000000e-10, 1.273867686276392e+09
69, 8.106003801000000e-01, 3.312195060000000e-02, 3.753078134092462e-01, 0.000000000000000e+00, 0.000000000000000e+00, 6.205713139148357e+04, 1.000000000000000e-10, 1.275650607268133e+09
70, 8.076290148000000e-01, 3.350822810000000e-02, 3.744173916857527e-01, 0.000000000000000e+00, 0.000000000000000e+00, 6.189537336694427e+04, 1.000000000000000e-10, 1.278437075011474e+09
71, 8.046576496000000e-01, 3.389450560000000e-02, 3.727527736047068e-01, 0.000000000000000e+00, 0.000000000000000e+00, 6.159806337292037e+04, 1.000000000000000e-10, 1.283810509396628e+09
72, 8.016862843000000e-01, 3.428078300000000e-02, 3.718360747175718e-01, 0.000000000000000e+00, 0.000000000000000e+00, 6.142421774391718e+04, 1.000000000000000e-10, 1.286549769340793e+09
73, 7.987150113000000e-01, 3.466776800000000e-02, 3.720077567416343e-01, 0.000000000000000e+00, 0.000000000000000e+00, 6.143357378006168e+04, 1.000000000000000e-10, 1.285586485419389e+09
74, 7.957442224000000e-01, 3.505845300000000e-02, 3.719717779562116e-01, 0.000000000000000e+00, 0.000000000000000e+00, 6.140966036424114e+04, 1.000000000000000e-10, 1.285486428649366e+09
75, 7.927731192000000e-01, 3.544673620000000e-02, 3.707581733713604e-01, 0.000000000000000e+00, 0.000000000000000e+00, 6.119431545432603e+04, 1.000000000000000e-10, 1.289433892508689e+09
76, 7.898007096000000e-01, 3.582487200000000e-02, 3.685216666926345e-01, 0.000000000000000e+00, 0.000000000000000e+00, 6.080994932635299e+04, 1.000000000000000e-10, 1.296967022166969e+09
77, 7.868264558000000e-01, 3.618821970000000e-02, 3.672055478690337e-01, 0.000000000000000e+00, 0.000000000000000e+00, 6.057594548482406e+04, 1.000000000000000e-10, 1.301340507221043e+09
78, 7.838510978000000e-01, 3.654242800000000e-02, 3.674117106438265e-01, 0.000000000000000e+00, 0.000000000000000e+00, 6.059414852580339e+04, 1.000000000000000e-10, 1.300330637656602e+09
79, 7.808755783000000e-01, 3.689528040000000e-02, 3.680731652505939e-01, 0.000000000000000e+00, 0.000000000000000e+00, 6.069238507143899e+04, 1.000000000000000e-10, 1.297783474914184e+09
80, 7.779005125000000e-01, 3.725193850000000e-02, 3.682791708897580e-01, 0.000000000000000e+00, 0.000000000000000e+00, 6.071908477793236e+04, 1.000000000000000e-10, 1.296929507514692e+09
81, 7.749254880000001e-01, 3.760894140000000e-02, 3.670896146155400e-01, 0.000000000000000e+00, 0.000000000000000e+00, 6.052219325253239e+04, 1.000000000000000e-10, 1.301108508536143e+09
82, 7.719504636000000e-01, 3.796594440000000e-02, 3.655443616515503e-01, 0.000000000000000e+00, 0.000000000000000e+00, 6.027061835609944e+04, 1.000000000000000e-10, 1.306647010949118e+09
83, 7.689754391000000e-01, 3.832294730000000e-02, 3.645529571397166e-01, 0.000000000000000e+00, 0.000000000000000e+00, 6.010458014338504e+04, 1.000000000000000e-10, 1.310154140638857e+09
84, 7.660004146000000e-01, 3.867995020000000e-02, 3.634654672510207e-01, 0.000000000000000e+00, 0.000000000000000e+00, 5.991615655200361e+04, 1.000000000000000e-10, 1.313909090352031e+09
85, 7.630253902000000e-01, 3.903695320000000e-02, 3.629141732734472e-01, 0.000000000000000e+00, 0.000000000000000e+00, 5.981263815520347e+04, 1.000000000000000e-10, 1.315675765449712e+09
86, 7.600503657000000e-01, 3.939395610000000e-02, 3.629272722171938e-01, 0.000000000000000e+00, 0.000000000000000e+00, 5.980401559084748e+04, 1.000000000000000e-10, 1.315432715568350e+09
87, 7.570757010000000e-01, 3.975394130000000e-02, 3.625315492394716e-01, 0.000000000000000e+00, 0.000000000000000e+00, 5.972941273648698e+04, 1.000000000000000e-10, 1.316698142292288e+09
88, 7.541011654999999e-01, 4.011499540000000e-02, 3.609149488550993e-01, 0.000000000000000e+00, 0.000000000000000e+00, 5.945632669953089e+04, 1.000000000000000e-10, 1.322501180926748e+09
89, 7.511258242000000e-01, 4.046933410000000e-02, 3.582468131272294e-01, 0.000000000000000e+00, 0.000000000000000e+00, 5.900911202453907e+04, 1.000000000000000e-10, 1.332207999561064e+09
90, 7.481488621000000e-01, 4.080977130000000e-02, 3.567796125614955e-01, 0.000000000000000e+00, 0.000000000000000e+00, 5.875744710906906e+04, 1.000000000000000e-10, 1.337479026400121e+09
91, 7.451704939000000e-01, 4.113770130000000e-02, 3.571679628312507e-01, 0.000000000000000e+00, 0.000000000000000e+00, 5.881253054480237e+04, 1.000000000000000e-10, 1.335862693229561e+09
92, 7.421915967000000e-01, 4.146079960000000e-02, 3.579280027155836e-01, 0.000000000000000e+00, 0.000000000000000e+00, 5.893391919396401e+04, 1.000000000000000e-10, 1.332955875690449e+09
93, 7.392129909000000e-01, 4.178657100000000e-02, 3.579025283163400e-01, 0.000000000000000e+00, 0.000000000000000e+00, 5.892930677931985e+04, 1.000000000000000e-10, 1.333042952205066e+09
94, 7.362345880000000e-01, 4.211419530000000e-02, 3.561302592612114e-01, 0.000000000000000e+00, 0.000000000000000e+00, 5.863988313450665e+04, 1.000000000000000e-10, 1.339726201609383e+09
95, 7.332561850000000e-01, 4.244181960000000e-02, 3.545511915745311e-01, 0.000000000000000e+00, 0.000000000000000e+00, 5.838231186441438e+04, 1.000000000000000e-10, 1.345770296673550e+09
96, 7.302777821000001e-01, 4.276944400000000e-02, 3.545407942031941e-01, 0.000000000000000e+00, 0.000000000000000e+00, 5.838035406221653e+04, 1.000000000000000e-10, 1.345805090953998e+09
97, 7.272996700000000e-01, 4.309969770000000e-02, 3.543710422993865e-01, 0.000000000000000e+00, 0.000000000000000e+00, 5.834979708436707e+04, 1.000000000000000e-10, 1.346400184625633e+09
98, 7.243217382000000e-01, 4.343157600000000e-02, 3.528805690262418e-01, 0.000000000000000e+00, 0.000000000000000e+00, 5.810036556315180e+04, 1.000000000000000e-10, 1.351973755336025e+09
99, 7.213431270000000e-01, 4.375728880000000e-02, 3.502016406744810e-01, 0.000000000000000e+00, 0.000000000000000e+00, 5.765236877905396e+04, 1.000000000000000e-10, 1.362181005186331e+09
100, 7.183630640000001e-01, 4.406941800000000e-02, 3.487737102877451e-01, 0.000000000000000e+00, 0.000000000000000e+00, 5.740882149352200e+04, 1.000000000000000e-10, 1.367626474369999e+09
101, 7.153816632000000e-01, 4.436852160000000e-02, 3.492887548882676e-01, 0.000000000000000e+00, 0.000000000000000e+00, 5.748878819358712e+04, 1.000000000000000e-10, 1.365515575747207e+09
102, 7.123997234000000e-01, 4.466221600000000e-02, 3.502881575604919e-01, 0.000000000000000e+00, 0.000000000000000e+00, 5.765503308854182e+04, 1.000000000000000e-10, 1.361576950130271e+09
103, 7.094180101999999e-01, 4.495819900000000e-02, 3.506180729133811e-01, 0.000000000000000e+00, 0.000000000000000e+00, 5.771610578411178e+04, 1.000000000000000e-10, 1.360499297058673e+09
104, 7.064365126000000e-01, 4.525634870000000e-02, 3.498164752910455e-01, 0.000000000000000e+00, 0.000000000000000e+00, 5.759263247161687e+04, 1.000000000000000e-10, 1.363782494021099e+09
105, 7.034550149000000e-01, 4.555449850000000e-02, 3.486801952326365e-01, 0.000000000000000e+00, 0.000000000000000e+00, 5.741034729248376e+04, 1.000000000000000e-10, 1.368277361855121e+09
106, 7.004735172000000e-01, 4.585264830000000e-02, 3.483231789063203e-01, 0.000000000000000e+00, 0.000000000000000e+00, 5.735116873297834e+04, 1.000000000000000e-10, 1.369671993046166e+09
107, 6.974920194999999e-01, 4.615079800000000e-02, 3.470257735774382e-01, 0.000000000000000e+00, 0.000000000000000e+00, 5.713306011755424e+04, 1.000000000000000e-10, 1.374703557015522e+09
108, 6.945105217999999e-01, 4.644894780000000e-02, 3.453172429708407e-01, 0.000000000000000e+00, 0.000000000000000e+00, 5.684818732800563e+04, 1.000000000000000e-10, 1.381449808573673e+09
109, 6.915290242000000e-01, 4.674709760000000e-02, 3.449296805498472e-01, 0.000000000000000e+00, 0.000000000000000e+00, 5.678186971615240e+04, 1.000000000000000e-10, 1.382961878373239e+09
110, 6.885476161000000e-01, 4.704613990000000e-02, 3.450431128915175e-01, 0.000000000000000e+00, 0.000000000000000e+00, 5.680245164751269e+04, 1.000000000000000e-10, 1.382545557617033e+09
111, 6.855665742000000e-01, 4.734881320000000e-02, 3.448877915767135e-01, 0.000000000000000e+00, 0.000000000000000e+00, 5.678333373749739e+04, 1.000000000000000e-10, 1.383297841137987e+09
112, 6.825852395999999e-01, 4.764858270000000e-02, 3.436146092041683e-01, 0.000000000000000e+00, 0.000000000000000e+00, 5.658121073380025e+04, 1.000000000000000e-10, 1.388556950073277e+09
113, 6.796028435000000e-01, 4.793757530000000e-02, 3.415484855165861e-01, 0.000000000000000e+00, 0.000000000000000e+00, 5.624757494176201e+04, 1.000000000000000e-10, 1.397091573417765e+09
114, 6.766190426000001e-01, 4.821169240000000e-02, 3.410244454090748e-01, 0.000000000000000e+00, 0.000000000000000e+00, 5.616523217144247e+04, 1.000000000000000e-10, 1.399321809254235e+09
115, 6.736344527000000e-01, 4.847710350000000e-02, 3.422478425750492e-01, 0.000000000000000e+00, 0.000000000000000e+00, 5.637166729856783e+04, 1.000000000000000e-10, 1.394420732197376e+09
116, 6.706497918000000e-01, 4.874171610000000e-02, 3.434094638728440e-01, 0.000000000000000e+00, 0.000000000000000e+00, 5.656994196494384e+04, 1.000000000000000e-10, 1.389832701844049e+09
117, 6.676654681999999e-01, 4.901010790000000e-02, 3.432093765529258e-01, 0.000000000000000e+00, 0.000000000000000e+00, 5.654746813586212e+04, 1.000000000000000e-10, 1.390857473130901e+09
118, 6.646811620999999e-01, 4.927869540000000e-02, 3.413584584694696e-01, 0.000000000000000e+00, 0.000000000000000e+00, 5.625089078608956e+04, 1.000000000000000e-10, 1.398570859691461e+09
119, 6.616968561000000e-01, 4.954728290000000e-02, 3.404536707429466e-01, 0.000000000000000e+00, 0.000000000000000e+00, 5.610414878797917e+04, 1.000000000000000e-10, 1.402388789974338e+09
120, 6.587126148000000e-01, 4.981658670000000e-02, 3.410336999126442e-01, 0.000000000000000e+00, 0.000000000000000e+00, 5.620567235104020e+04, 1.000000000000000e-10, 1.400125621749157e+09
121, 6.557287142000000e-01, 5.008964140000000e-02, 3.414955143092580e-01, 0.000000000000000e+00, 0.000000000000000e+00, 5.629644814146050e+04, 1.000000000000000e-10, 1.398532604357036e+09
122, 6.527445878000000e-01, 5.036021100000000e-02, 3.407657971559545e-01, 0.000000000000000e+00, 0.000000000000000e+00, 5.619322223173270e+04, 1.000000000000000e-10, 1.401857392609611e+09
123, 6.497595392000000e-01, 5.062038200000000e-02, 3.390695543519140e-01, 0.000000000000000e+00, 0.000000000000000e+00, 5.593086952441790e+04, 1.000000000000000e-10, 1.409235800849148e+09
124, 6.467732199000000e-01, 5.086554410000000e-02, 3.385833769705253e-01, 0.000000000000000e+00, 0.000000000000000e+00, 5.586762182237505e+04, 1.000000000000000e-10, 1.411612422430436e+09
125, 6.437861620000001e-01, 5.110156080000000e-02, 3.397257944821290e-01, 0.000000000000000e+00, 0.000000000000000e+00, 5.607904941666403e+04, 1.000000000000000e-10, 1.407280631650321e+09
126, 6.407990088000000e-01, 5.133637300000000e-02, 3.413487667900719e-01, 0.000000000000000e+00, 0.000000000000000e+00, 5.637675978965530e+04, 1.000000000000000e-10, 1.401200186461088e+09
127, 6.378123096000000e-01, 5.157688470000000e-02, 3.423982927393961e-01, 0.000000000000000e+00, 0.000000000000000e+00, 5.658976848805002e+04, 1.000000000000000e-10, 1.397723998163494e+09
128, 6.348258525000000e-01, 5.182039160000000e-02, 3.425390875511453e-01, 0.000000000000000e+00, 0.000000000000000e+00, 5.665641079985147e+04, 1.000000000000000e-10, 1.398042891984795e+09
129, 6.318390014000000e-01, 5.205900390000000e-02, 3.422068597724993e-01, 0.000000000000000e+00, 0.000000000000000e+00, 5.665388323378732e+04, 1.000000000000000e-10, 1.400467766748801e+09
130, 6.288511656000000e-01, 5.228491860000000e-02, 3.420946864414185e-01, 0.000000000000000e+00, 0.000000000000000e+00, 5.670151275759570e+04, 1.000000000000000e-10, 1.402302563064088e+09
131, 6.258622963000000e-01, 5.249674920000000e-02, 3.434450583038835e-01, 0.000000000000000e+00, 0.000000000000000e+00, 5.699676531988946e+04, 1.000000000000000e-10, 1.398214921724630e+09
132, 6.228729552000000e-01, 5.270183440000000e-02, 3.461420121424885e-01, 0.000000000000000e+00, 0.000000000000000e+00, 5.752565066527237e+04, 1.000000000000000e-10, 1.388936653404875e+09
133, 6.198836982000000e-01, 5.290814110000000e-02, 3.486034487243342e-01, 0.000000000000000e+00, 0.000000000000000e+00, 5.802609451517650e+04, 1.000000000000000e-10, 1.380895860607401e+09
134, 6.168946444000000e-01, 5.311737490000000e-02, 3.495352231246937e-01, 0.000000000000000e+00, 0.000000000000000e+00, 5.828716372326225e+04, 1.000000000000000e-10, 1.379294704762670e+09
135, 6.139055905000000e-01, 5.332660870000000e-02, 3.490802398461629e-01, 0.000000000000000e+00, 0.000000000000000e+00, 5.831768947049938e+04, 1.000000000000000e-10, 1.383167938390598e+09
136, 6.109165367000000e-01, 5.353584240000000e-02, 3.500969554708998e-01, 0.000000000000000e+00, 0.000000000000000e+00, 5.858048323580496e+04, 1.000000000000000e-10, 1.380951221678844e+09
137, 6.079276023000000e-01, 5.374677020000000e-02, 3.517201864854813e-01, 0.000000000000000e+00, 0.000000000000000e+00, 5.892546243473218e+04, 1.000000000000000e-10, 1.375943777192634e+09
138, 6.049388740000000e-01, 5.396060430000000e-02, 3.526550131321258e-01, 0.000000000000000e+00, 0.000000000000000e+00, 5.913929053328103e+04, 1.000000000000000e-10, 1.373441321108546e+09
139, 6.019498206000000e-01, 5.416983050000000e-02, 3.521391724360537e-01, 0.000000000000000e+00, 0.000000000000000e+00, 5.909229899466637e+04, 1.000000000000000e-10, 1.376208606013996e+09
140, 5.989599226000000e-01, 5.436657950000000e-02, 3.505492038289534e-01, 0.000000000000000e+00, 0.000000000000000e+00, 5.884766315118645e+04, 1.000000000000000e-10, 1.382869857612990e+09
141, 5.959691164000001e-01, 5.454903410000000e-02, 3.500743816903949e-01, 0.000000000000000e+00, 0.000000000000000e+00, 5.877005045920098e+04, 1.000000000000000e-10, 1.384769557002083e+09
142, 5.929778870000000e-01, 5.472444030000000e-02, 3.512499647838735e-01, 0.000000000000000e+00, 0.000000000000000e+00, 5.895668815552015e+04, 1.000000000000000e-10, 1.379954552653432e+09
143, 5.899867137000000e-01, 5.490079730000000e-02, 3.526236211101846e-01, 0.000000000000000e+00, 0.000000000000000e+00, 5.917125493231434e+04, 1.000000000000000e-10, 1.374273948904431e+09
144, 5.869959152999999e-01, 5.508340180000000e-02, 3.529200193175450e-01, 0.000000000000000e+00, 0.000000000000000e+00, 5.919900605646602e+04, 1.000000000000000e-10, 1.372701365848878e+09
145, 5.840051705000000e-01, 5.526688670000000e-02, 3.512849306806648e-01, 0.000000000000000e+00, 0.000000000000000e+00, 5.889479144589862e+04, 1.000000000000000e-10, 1.378542514393684e+09
146, 5.810139992000000e-01, 5.544325400000000e-02, 3.483577702190198e-01, 0.000000000000000e+00, 0.000000000000000e+00, 5.834449040562268e+04, 1.000000000000000e-10, 1.388962283177294e+09
147, 5.780220176999999e-01, 5.560526350000000e-02, 3.462739930582323e-01, 0.000000000000000e+00, 0.000000000000000e+00, 5.788172561017157e+04, 1.000000000000000e-10, 1.395060975923522e+09
148, 5.750293853000000e-01, 5.575481730000000e-02, 3.452520126788506e-01, 0.000000000000000e+00, 0.000000000000000e+00, 5.754853715519065e+04, 1.000000000000000e-10, 1.395954511550490e+09
149, 5.720365281000001e-01, 5.589982500000000e-02, 3.438768979229305e-01, 0.000000000000000e+00, 0.000000000000000e+00, 5.713175057781948e+04, 1.000000000000000e-10, 1.397743246940859e+09
150, 5.690438169000001e-01, 5.604780920000000e-02, 3.416209889446121e-01, 0.000000000000000e+00, 0.000000000000000e+00, 5.654705365260926e+04, 1.000000000000000e-10, 1.402692037790006e+09
151, 5.660511873000000e-01, 5.619744060000000e-02, 3.372952652877484e-01, 0.000000000000000e+00, 0.000000000000000e+00, 5.561972374165429e+04, 1.000000000000000e-10, 1.416248384088503e+09
152, 5.630585577000000e-01, 5.634707210000000e-02, 3.332088788028385e-01, 0.000000000000000e+00, 0.000000000000000e+00, 5.475708539683534e+04, 1.000000000000000e-10, 1.429555022232675e+09
153, 5.600659280000000e-01, 5.649670360000000e-02, 3.305781491693103e-01, 0.000000000000000e+00, 0.000000000000000e+00, 5.416035267347092e+04, 1.000000000000000e-10, 1.437329804132189e+09
154, 5.570734513000000e-01, 5.664935650000000e-02, 3.283184404719325e-01, 0.000000000000000e+00, 0.000000000000000e+00, 5.364348309253369e+04, 1.000000000000000e-10, 1.443961621307304e+09
155, 5.540810301000000e-01, 5.680309730000000e-02, 3.253129416302063e-01, 0.000000000000000e+00, 0.000000000000000e+00, 5.303937043183669e+04, 1.000000000000000e-10, 1.454721464187932e+09
156, 5.510882624000000e-01, 5.694990830000000e-02, 3.220870844272293e-01, 0.000000000000000e+00, 0.000000000000000e+00, 5.243575512712693e+04, 1.000000000000000e-10, 1.467493406476031e+09
157, 5.480948308000000e-01, 5.708244870000000e-02, 3.213821888336366e-01, 0.000000000000000e+00, 0.000000000000000e+00, 5.228132971521474e+04, 1.000000000000000e-10, 1.469817027381030e+09
158, 5.451008633000000e-01, 5.720233900000000e-02, 3.232841637482089e-01, 0.000000000000000e+00, 0.000000000000000e+00, 5.258861082473003e+04, 1.000000000000000e-10, 1.461120796298136e+09
159, 5.421067085000000e-01, 5.731748330000000e-02, 3.258312563398583e-01, 0.000000000000000e+00, 0.000000000000000e+00, 5.303756135119426e+04, 1.000000000000000e-10, 1.450460892957860e+09
160, 5.391126656000000e-01, 5.743549340000000e-02, 3.274977622925865e-01, 0.000000000000000e+00, 0.000000000000000e+00, 5.337191057706265e+04, 1.000000000000000e-10, 1.444521599094557e+09
161, 5.361186917000000e-01, 5.755525230000000e-02, 3.276532681501320e-01, 0.000000000000000e+00, 0.000000000000000e+00, 5.348622054798430e+04, 1.000000000000000e-10, 1.445825049369514e+09
162, 5.331247178000000e-01, 5.767501130000000e-02, 3.281379736443988e-01, 0.000000000000000e+00, 0.000000000000000e+00, 5.366384600685808e+04, 1.000000000000000e-10, 1.445851047185952e+09
163, 5.301307440000000e-01, 5.779477020000000e-02, 3.300974580993009e-01, 0.000000000000000e+00, 0.000000000000000e+00, 5.407493182431013e+04, 1.000000000000000e-10, 1.439261561921801e+09
164, 5.271368887000000e-01, 5.791744960000000e-02, 3.312329345982363e-01, 0.000000000000000e+00, 0.000000000000000e+00, 5.433231293503447e+04, 1.000000000000000e-10, 1.435885633286521e+09
165, 5.241430848000000e-01, 5.804138270000000e-02, 3.302540441578874e-01, 0.000000000000000e+00, 0.000000000000000e+00, 5.421421968229950e+04, 1.000000000000000e-10, 1.441046502224019e+09
166, 5.211490097000000e-01, 5.815854030000000e-02, 3.275814218686883e-01, 0.000000000000000e+00, 0.000000000000000e+00, 5.377252831128082e+04, 1.000000000000000e-10, 1.452773183030894e+09
167, 5.181544149000000e-01, 5.826150360000000e-02, 3.260410500523526e-01, 0.000000000000000e+00, 0.000000000000000e+00, 5.346264575871834e+04, 1.000000000000000e-10, 1.458372788269080e+09
168, 5.151594046000000e-01, 5.835166060000000e-02, 3.261191354418436e-01, 0.000000000000000e+00, 0.000000000000000e+00, 5.338590312904141e+04, 1.000000000000000e-10, 1.456006726420922e+09
169, 5.121642494000000e-01, 5.843690760000000e-02, 3.260902045303756e-01, 0.000000000000000e+00, 0.000000000000000e+00, 5.328406913312271e+04, 1.000000000000000e-10, 1.453859700692551e+09
170, 5.091691748000000e-01, 5.852492480000000e-02, 3.249881543828783e-01, 0.000000000000000e+00, 0.000000000000000e+00, 5.300748041847016e+04, 1.000000000000000e-10, 1.456649049998157e+09
171, 5.061741541000000e-01, 5.861477540000000e-02, 3.224492762897515e-01, 0.000000000000000e+00, 0.000000000000000e+00, 5.250591637437700e+04, 1.000000000000000e-10, 1.466129210014926e+09
172, 5.031791335000000e-01, 5.870462600000000e-02, 3.201684671895927e-01, 0.000000000000000e+00, 0.000000000000000e+00, 5.206401893281299e+04, 1.000000000000000e-10, 1.474922904882401e+09
173, 5.001841129000000e-01, 5.879447660000000e-02, 3.200490124604871e-01, 0.000000000000000e+00, 0.000000000000000e+00, 5.201167944174760e+04, 1.000000000000000e-10, 1.474658584960421e+09
174, 4.971891791000000e-01, 5.888716460000000e-02, 3.202181738140242e-01, 0.000000000000000e+00, 0.000000000000000e+00, 5.204201396950182e+04, 1.000000000000000e-10, 1.473946237890617e+09
175, 4.941942883000000e-01, 5.898124000000000e-02, 3.196777433125895e-01, 0.000000000000000e+00, 0.000000000000000e+00, 5.199941724218009e+04, 1.000000000000000e-10, 1.477496926804340e+09
176, 4.911991976000000e-01, 5.906866820000000e-02, 3.191364466474989e-01, 0.000000000000000e+00, 0.000000000000000e+00, 5.200202391662553e+04, 1.000000000000000e-10, 1.482189700148011e+09
177, 4.882037299000000e-01, 5.914197000000000e-02, 3.214240675667381e-01, 0.000000000000000e+00, 0.000000000000000e+00, 5.250348325741869e+04, 1.000000000000000e-10, 1.474637631787666e+09
178, 4.852079712000000e-01, 5.920233930000000e-02, 3.264116454763316e-01, 0.000000000000000e+00, 0.000000000000000e+00, 5.346450737113949e+04, 1.000000000000000e-10, 1.455397207677318e+09
179, 4.822121140000000e-01, 5.925766320000000e-02, 3.311904150918679e-01, 0.000000000000000e+00, 0.000000000000000e+00, 5.438111741850075e+04, 1.000000000000000e-10, 1.437285436685828e+09
180, 4.792163079000000e-01, 5.931567380000000e-02, 3.337416737431900e-01, 0.000000000000000e+00, 0.000000000000000e+00, 5.489941634329411e+04, 1.000000000000000e-10, 1.428432644610177e+09
181, 4.762205389000000e-01, 5.937558920000000e-02, 3.336815370324521e-01, 0.000000000000000e+00, 0.000000000000000e+00, 5.493030077035879e+04, 1.000000000000000e-10, 1.429561328047259e+09
182, 4.732247699000000e-01, 5.943550460000000e-02, 3.315570437344977e-01, 0.000000000000000e+00, 0.000000000000000e+00, 5.451778805760128e+04, 1.000000000000000e-10, 1.437386992638526e+09
183, 4.702290009000000e-01, 5.949542000000000e-02, 3.281922830962682e-01, 0.000000000000000e+00, 0.000000000000000e+00, 5.378649880022729e+04, 1.000000000000000e-10, 1.448167941168486e+09
184, 4.672332890000000e-01, 5.955810270000000e-02, 3.233212086885674e-01, 0.000000000000000e+00, 0.000000000000000e+00, 5.272156486655315e+04, 1.000000000000000e-10, 1.463885720979379e+09
185, 4.642376084000000e-01, 5.962228340000000e-02, 3.166716526012250e-01, 0.000000000000000e+00, 0.000000000000000e+00, 5.132064479215702e+04, 1.000000000000000e-10, 1.487035420171174e+09
186, 4.612417964000000e-01, 5.967992670000000e-02, 3.100962491920314e-01, 0.000000000000000e+00, 0.000000000000000e+00, 4.994063425063749e+04, 1.000000000000000e-10, 1.510678040123928e+09
187, 4.582457490000000e-01, 5.972350630000000e-02, 3.068761032216861e-01, 0.000000000000000e+00, 0.000000000000000e+00, 4.916536177739639e+04, 1.000000000000000e-10, 1.519915546199271e+09
188, 4.552495377000000e-01, 5.975405020000000e-02, 3.068147904669160e-01, 0.000000000000000e+00, 0.000000000000000e+00, 4.896877863477225e+04, 1.000000000000000e-10, 1.515406743066381e+09
189, 4.522532772000000e-01, 5.977943380000000e-02, 3.077366119528023e-01, 0.000000000000000e+00, 0.000000000000000e+00, 4.898907115023005e+04, 1.000000000000000e-10, 1.507620483878171e+09
190, 4.492570403000000e-01, 5.980742960000000e-02, 3.080116364195419e-01, 0.000000000000000e+00, 0.000000000000000e+00, 4.894552999546028e+04, 1.000000000000000e-10, 1.504040780259516e+09
191, 4.462608221000000e-01, 5.983739180000000e-02, 3.065725054510716e-01, 0.000000000000000e+00, 0.000000000000000e+00, 4.865659245095641e+04, 1.000000000000000e-10, 1.509573288705336e+09
192, 4.432646038000000e-01, 5.986735400000000e-02, 3.049493141062582e-01, 0.000000000000000e+00, 0.000000000000000e+00, 4.835389919989914e+04, 1.000000000000000e-10, 1.516430955586505e+09
193, 4.402683855000000e-01, 5.989731610000000e-02, 3.039655342184393e-01, 0.000000000000000e+00, 0.000000000000000e+00, 4.815488355815988e+04, 1.000000000000000e-10, 1.520146358334154e+09
194, 4.372721672000000e-01, 5.992727830000000e-02, 3.024211168292291e-01, 0.000000000000000e+00, 0.000000000000000e+00, 4.786695558361573e+04, 1.000000000000000e-10, 1.526760207435041e+09
195, 4.342759490000000e-01, 5.995724050000000e-02, 3.006935325179008e-01, 0.000000000000000e+00, 0.000000000000000e+00, 4.754859132940743e+04, 1.000000000000000e-10, 1.534378141078402e+09
196, 4.312797307000000e-01, 5.998720270000000e-02, 2.999457142325488e-01, 0.000000000000000e+00, 0.000000000000000e+00, 4.738717953739366e+04, 1.000000000000000e-10, 1.537036335300971e+09
197, 4.282835251000000e-01, 6.001838500000000e-02, 2.997477584774659e-01, 0.000000000000000e+00, 0.000000000000000e+00, 4.732181713149987e+04, 1.000000000000000e-10, 1.537102963616859e+09
198, 4.252873570000000e-01, 6.005299780000000e-02, 2.993878140420403e-01, 0.000000000000000e+00, 0.000000000000000e+00, 4.724032562665645e+04, 1.000000000000000e-10, 1.538282473870767e+09
199, 4.222911490000000e-01, 6.008389620000000e-02, 2.981779661229021e-01, 0.000000000000000e+00, 0.000000000000000e+00, 4.703222945957416e+04, 1.000000000000000e-10, 1.544053059619159e+09
200, 4.192948456000000e-01, 6.010304610000000e-02, 2.967084423032011e-01, 0.000000000000000e+00, 0.000000000000000e+00, 4.678789048380500e+04, 1.000000000000000e-10, 1.551390286369385e+09
201, 4.162984826000000e-01, 6.010734210000000e-02, 2.970806226692970e-01, 0.000000000000000e+00, 0.000000000000000e+00, 4.683717067242267e+04, 1.000000000000000e-10, 1.549148861750852e+09
202, 4.133021170000000e-01, 6.010365170000000e-02, 2.991661112029853e-01, 0.000000000000000e+00, 0.000000000000000e+00, 4.716439180874741e+04, 1.000000000000000e-10, 1.538306945865524e+09
203, 4.103057513000000e-01, 6.010004530000000e-02, 3.013650105962886e-01, 0.000000000000000e+00, 0.000000000000000e+00, 4.751884413450272e+04, 1.000000000000000e-10, 1.527291658789190e+09
204, 4.073093833000000e-01, 6.010000000000000e-02, 3.025776097607833e-01, 0.000000000000000e+00, 0.000000000000000e+00, 4.772388491315987e+04, 1.000000000000000e-10, 1.521539116411533e+09
205, 4.043130152000000e-01, 6.010000000000000e-02, 3.024543937002277e-01, 0.000000000000000e+00, 0.000000000000000e+00, 4.771415941169119e+04, 1.000000000000000e-10, 1.522417427686518e+09
206, 4.013166471000000e-01, 6.010000000000000e-02, 3.019762204454225e-01, 0.000000000000000e+00, 0.000000000000000e+00, 4.764084509309435e+04, 1.000000000000000e-10, 1.524884776065845e+09
207, 3.983202790000000e-01, 6.010000000000000e-02, 3.011577779915428e-01, 0.000000000000000e+00, 0.000000000000000e+00, 4.751109713974810e+04, 1.000000000000000e-10, 1.529012034590927e+09
208, 3.953239109000000e-01, 6.010000000000000e-02, 2.996692749746669e-01, 0.000000000000000e+00, 0.000000000000000e+00, 4.727459383950617e+04, 1.000000000000000e-10, 1.536561452598801e+09
209, 3.923275428000000e-01, 6.010000000000000e-02, 2.992731528897195e-01, 0.000000000000000e+00, 0.000000000000000e+00, 4.720898367514383e+04, 1.000000000000000e-10, 1.538510445502254e+09
210, 3.893311748000000e-01, 6.010020870000000e-02, 3.000069987171759e-01, 0.000000000000000e+00, 0.000000000000000e+00, 4.733323858824029e+04, 1.000000000000000e-10, 1.534976818112611e+09
211, 3.863348096000000e-01, 6.010425500000000e-02, 3.004061120889499e-01, 0.000000000000000e+00, 0.000000000000000e+00, 4.742286523002816e+04, 1.000000000000000e-10, 1.533656693478472e+09
212, 3.833384435000000e-01, 6.010740740000000e-02, 2.996932052801010e-01, 0.000000000000000e+00, 0.000000000000000e+00, 4.735261085755194e+04, 1.000000000000000e-10, 1.538450729894874e+09
213, 3.803420834000000e-01, 6.010159540000000e-02, 2.986681762957602e-01, 0.000000000000000e+00, 0.000000000000000e+00, 4.724965674628795e+04, 1.000000000000000e-10, 1.545344764741540e+09
214, 3.773457918000000e-01, 6.008061910000000e-02, 2.999504451564021e-01, 0.000000000000000e+00, 0.000000000000000e+00, 4.752935464611753e+04, 1.000000000000000e-10, 1.540815121563564e+09
215, 3.743495929000000e-01, 6.004884090000000e-02, 3.035060711354378e-01, 0.000000000000000e+00, 0.000000000000000e+00, 4.819121288480917e+04, 1.000000000000000e-10, 1.525359216694442e+09
216, 3.713534236000000e-01, 6.001432620000000e-02, 3.074975954646865e-01, 0.000000000000000e+00, 0.000000000000000e+00, 4.893716962572990e+04, 1.000000000000000e-10, 1.508438547154075e+09
217, 3.683572136000000e-01, 5.998357210000000e-02, 3.103292033335667e-01, 0.000000000000000e+00, 0.000000000000000e+00, 4.950369406263671e+04, 1.000000000000000e-10, 1.497592479855129e+09
218, 3.653609953000000e-01, 5.995361000000000e-02, 3.113219502948079e-01, 0.000000000000000e+00, 0.000000000000000e+00, 4.976007564292889e+04, 1.000000000000000e-10, 1.495293704398134e+09
219, 3.623647770000000e-01, 5.992364780000000e-02, 3.113135737212480e-01, 0.000000000000000e+00, 0.000000000000000e+00, 4.981410426302790e+04, 1.000000000000000e-10, 1.496716977017136e+09
220, 3.593685587000000e-01, 5.989368560000000e-02, 3.111620565130130e-01, 0.000000000000000e+00, 0.000000000000000e+00, 4.981572255516711e+04, 1.000000000000000e-10, 1.498092225342188e+09
221, 3.563723404000000e-01, 5.986372340000000e-02, 3.106238835283603e-01, 0.000000000000000e+00, 0.000000000000000e+00, 4.974206612540758e+04, 1.000000000000000e-10, 1.501001287105071e+09
222, 3.533761221000000e-01, 5.983376120000000e-02, 3.102083104835215e-01, 0.000000000000000e+00, 0.000000000000000e+00, 4.969026345026220e+04, 1.000000000000000e-10, 1.503335340536431e+09
223, 3.503799039000000e-01, 5.980379900000000e-02, 3.109420658796178e-01, 0.000000000000000e+00, 0.000000000000000e+00, 4.985159035300899e+04, 1.000000000000000e-10, 1.500883269393636e+09
224, 3.473836618000000e-01, 5.977636380000000e-02, 3.118026438491781e-01, 0.000000000000000e+00, 0.000000000000000e+00, 5.008643661601016e+04, 1.000000000000000e-10, 1.499169685015933e+09
225, 3.443874030000000e-01, 5.975078450000000e-02, 3.122506703363186e-01, 0.000000000000000e+00, 0.000000000000000e+00, 5.030155075803095e+04, 1.000000000000000e-10, 1.500603723052753e+09
226, 3.413912043000000e-01, 5.971906720000000e-02, 3.131006072147083e-01, 0.000000000000000e+00, 0.000000000000000e+00, 5.061428588164052e+04, 1.000000000000000e-10, 1.500854946116443e+09
227, 3.383951856000000e-01, 5.967355900000000e-02, 3.168734174092126e-01, 0.000000000000000e+00, 0.000000000000000e+00, 5.142871682754351e+04, 1.000000000000000e-10, 1.487812927368557e+09
228, 3.353993970000000e-01, 5.961469410000000e-02, 3.235061018119180e-01, 0.000000000000000e+00, 0.000000000000000e+00, 5.275257779516426e+04, 1.000000000000000e-10, 1.463071481420520e+09
229, 3.324037216000000e-01, 5.955026900000000e-02, 3.304708910943884e-01, 0.000000000000000e+00, 0.000000000000000e+00, 5.416111978866099e+04, 1.000000000000000e-10, 1.438226751664649e+09
230, 3.294079977000000e-01, 5.948816000000000e-02, 3.350934835462611e-01, 0.000000000000000e+00, 0.000000000000000e+00, 5.519663362551510e+04, 1.000000000000000e-10, 1.424307835901203e+09
231, 3.264122288000000e-01, 5.942824460000000e-02, 3.373798276637694e-01, 0.000000000000000e+00, 0.000000000000000e+00, 5.576460585249680e+04, 1.000000000000000e-10, 1.418658304277299e+09
232, 3.234164598000000e-01, 5.936832920000000e-02, 3.377147031283684e-01, 0.000000000000000e+00, 0.000000000000000e+00, 5.590689338674145e+04, 1.000000000000000e-10, 1.419033484160781e+09
233, 3.204206908000000e-01, 5.930841380000000e-02, 3.381071674588222e-01, 0.000000000000000e+00, 0.000000000000000e+00, 5.611736757454096e+04, 1.000000000000000e-10, 1.420419519127289e+09
234, 3.174249218000000e-01, 5.924849840000000e-02, 3.404782651903419e-01, 0.000000000000000e+00, 0.000000000000000e+00, 5.675447602690430e+04, 1.000000000000000e-10, 1.415526993626618e+09
235, 3.144291528000000e-01, 5.918858310000000e-02, 3.440976621472396e-01, 0.000000000000000e+00, 0.000000000000000e+00, 5.777983414477081e+04, 1.000000000000000e-10, 1.409107329557918e+09
236, 3.114333838000000e-01, 5.912866770000000e-02, 3.533441334010579e-01, 0.000000000000000e+00, 0.000000000000000e+00, 5.994033055497360e+04, 1.000000000000000e-10, 1.383742936304886e+09
237, 3.084375946000000e-01, 5.906978170000000e-02, 3.660418947622626e-01, 0.000000000000000e+00, 0.000000000000000e+00, 6.285470132603400e+04, 1.000000000000000e-10, 1.349078097352607e+09
238, 3.054417368000000e-01, 5.901448810000000e-02, 3.773859565537045e-01, 0.000000000000000e+00, 0.000000000000000e+00, 6.567506060820307e+04, 1.000000000000000e-10, 1.322853655062189e+09
239, 3.024459424000000e-01, 5.895589760000000e-02, 3.870549291247451e-01, 0.000000000000000e+00, 0.000000000000000e+00, 6.821907675085947e+04, 1.000000000000000e-10, 1.303203706265251e+09
240, 2.994503937000000e-01, 5.888596610000000e-02, 3.947904997056815e-01, 0.000000000000000e+00, 0.000000000000000e+00, 7.036805567164338e+04, 1.000000000000000e-10, 1.289324344389412e+09
241, 2.964552315000000e-01, 5.880104250000000e-02, 4.015334719015759e-01, 0.000000000000000e+00, 0.000000000000000e+00, 7.210879902476734e+04, 1.000000000000000e-10, 1.275376494114252e+09
242, 2.934603172000000e-01, 5.870772480000000e-02, 4.059449206005588e-01, 0.000000000000000e+00, 0.000000000000000e+00, 7.314083691364522e+04, 1.000000000000000e-10, 1.264859625863897e+09
243, 2.904654134000000e-01, 5.861406570000000e-02, 4.062929047668744e-01, 0.000000000000000e+00, 0.000000000000000e+00, 7.318143584025033e+04, 1.000000000000000e-10, 1.263443793157938e+09
244, 2.874703256000000e-01, 5.852650000000000e-02, 4.028617713670019e-01, 0.000000000000000e+00, 0.000000000000000e+00, 7.233188050403158e+04, 1.000000000000000e-10, 1.270927930573859e+09
245, 2.844751753000000e-01, 5.844108520000000e-02, 3.960035130364870e-01, 0.000000000000000e+00, 0.000000000000000e+00, 7.070878960222860e+04, 1.000000000000000e-10, 1.287193585378358e+09
246, 2.814802001000000e-01, 5.834977820000000e-02, 3.872521332458885e-01, 0.000000000000000e+00, 0.000000000000000e+00, 6.863099938763639e+04, 1.000000000000000e-10, 1.308351887794034e+09
247, 2.784856726000000e-01, 5.824487900000000e-02, 3.791000839158614e-01, 0.000000000000000e+00, 0.000000000000000e+00, 6.662544056343203e+04, 1.000000000000000e-10, 1.327444819718656e+09
248, 2.754916466000000e-01, 5.812646400000000e-02, 3.729006005542335e-01, 0.000000000000000e+00, 0.000000000000000e+00, 6.496649441744024e+04, 1.000000000000000e-10, 1.340012062890088e+09
249, 2.724978541000000e-01, 5.800225460000000e-02, 3.681754216742869e-01, 0.000000000000000e+00, 0.000000000000000e+00, 6.363786421541227e+04, 1.000000000000000e-10, 1.348504326502151e+09
250, 2.695039750000000e-01, 5.788015900000000e-02, 3.642506016453488e-01, 0.000000000000000e+00, 0.000000000000000e+00, 6.255786573929315e+04, 1.000000000000000e-10, 1.355919944231429e+09
251, 2.665100011000000e-01, 5.776040000000000e-02, 3.605660183117886e-01, 0.000000000000000e+00, 0.000000000000000e+00, 6.157209368453208e+04, 1.000000000000000e-10, 1.363399237000993e+09
252, 2.635160273000000e-01, 5.764064110000000e-02, 3.561746774068111e-01, 0.000000000000000e+00, 0.000000000000000e+00, 6.057043342007278e+04, 1.000000000000000e-10, 1.375526143540329e+09
253, 2.605220534000000e-01, 5.752088210000000e-02, 3.510120624302480e-01, 0.000000000000000e+00, 0.000000000000000e+00, 5.942088513914675e+04, 1.000000000000000e-10, 1.390558046729035e+09
254, 2.575280795000000e-01, 5.740112320000000e-02, 3.443841401287652e-01, 0.000000000000000e+00, 0.000000000000000e+00, 5.795382401851875e+04, 1.000000000000000e-10, 1.410442446793204e+09
255, 2.545341057000000e-01, 5.728136420000000e-02, 3.363430966521113e-01, 0.000000000000000e+00, 0.000000000000000e+00, 5.617595580713190e+04, 1.000000000000000e-10, 1.435276663032002e+09
256, 2.515401318000000e-01, 5.716160530000000e-02, 3.285761581507829e-01, 0.000000000000000e+00, 0.000000000000000e+00, 5.446768724819148e+04, 1.000000000000000e-10, 1.460146314176419e+09
257, 2.485461222000000e-01, 5.704274810000000e-02, 3.221766289256289e-01, 0.000000000000000e+00, 0.000000000000000e+00, 5.307676278214975e+04, 1.000000000000000e-10, 1.481534487993311e+09
258, 2.455519687000000e-01, 5.692757100000000e-02, 3.169526693561763e-01, 0.000000000000000e+00, 0.000000000000000e+00, 5.195066002570242e+04, 1.000000000000000e-10, 1.499642017875307e+09
259, 2.425579324000000e-01, 5.680940080000000e-02, 3.122404947220243e-01, 0.000000000000000e+00, 0.000000000000000e+00, 5.099328878384498e+04, 1.000000000000000e-10, 1.517746293003747e+09
260, 2.395643498000000e-01, 5.668030080000000e-02, 3.088087949482801e-01, 0.000000000000000e+00, 0.000000000000000e+00, 5.031800200672951e+04, 1.000000000000000e-10, 1.531722357286814e+09
261, 2.365712773000000e-01, 5.653982940000000e-02, 3.081104368902582e-01, 0.000000000000000e+00, 0.000000000000000e+00, 5.014717001768424e+04, 1.000000000000000e-10, 1.533694418080301e+09
262, 2.335786376000000e-01, 5.639042170000000e-02, 3.090942308539902e-01, 0.000000000000000e+00, 0.000000000000000e+00, 5.028254951904208e+04, 1.000000000000000e-10, 1.528164122896194e+09
263, 2.305864572000000e-01, 5.623208320000000e-02, 3.104347280615880e-01, 0.000000000000000e+00, 0.000000000000000e+00, 5.048515699826532e+04, 1.000000000000000e-10, 1.521273562568482e+09
264, 2.275948873000000e-01, 5.606262990000000e-02, 3.120568188790462e-01, 0.000000000000000e+00, 0.000000000000000e+00, 5.074369024504401e+04, 1.000000000000000e-10, 1.513235999182691e+09
265, 2.246039719000000e-01, 5.588195720000000e-02, 3.145849075293858e-01, 0.000000000000000e+00, 0.000000000000000e+00, 5.114725812569614e+04, 1.000000000000000e-10, 1.500879312621369e+09
266, 2.216132630000000e-01, 5.569788720000000e-02, 3.163502914153881e-01, 0.000000000000000e+00, 0.000000000000000e+00, 5.142085325383592e+04, 1.000000000000000e-10, 1.492181083186351e+09
267, 2.186223396000000e-01, 5.551734040000000e-02, 3.162101116431643e-01, 0.000000000000000e+00, 0.000000000000000e+00, 5.137122305586382e+04, 1.000000000000000e-10, 1.492214662576140e+09
268, 2.156313504000000e-01, 5.533788100000000e-02, 3.136604576418147e-01, 0.000000000000000e+00, 0.000000000000000e+00, 5.091598613475900e+04, 1.000000000000000e-10, 1.503341736047175e+09
269, 2.126403613000000e-01, 5.515842170000000e-02, 3.116519016436319e-01, 0.000000000000000e+00, 0.000000000000000e+00, 5.054125573248079e+04, 1.000000000000000e-10, 1.511800581547638e+09
270, 2.096493686000000e-01, 5.497902140000000e-02, 3.110199399185000e-01, 0.000000000000000e+00, 0.000000000000000e+00, 5.039612156596896e+04, 1.000000000000000e-10, 1.513799289731486e+09
271, 2.066581632000000e-01, 5.480320770000000e-02, 3.103074953648214e-01, 0.000000000000000e+00, 0.000000000000000e+00, 5.024596427148133e+04, 1.000000000000000e-10, 1.516406914383838e+09
272, 2.036669592000000e-01, 5.462737120000000e-02, 3.084982252870852e-01, 0.000000000000000e+00, 0.000000000000000e+00, 4.993079284159950e+04, 1.000000000000000e-10, 1.524724963839434e+09
273, 2.006762392000000e-01, 5.444351370000000e-02, 3.062948572712907e-01, 0.000000000000000e+00, 0.000000000000000e+00, 4.955974388259970e+04, 1.000000000000000e-10, 1.535339734610060e+09
274, 1.976864651000000e-01, 5.424488690000000e-02, 3.057223241318767e-01, 0.000000000000000e+00, 0.000000000000000e+00, 4.945514577953852e+04, 1.000000000000000e-10, 1.537878142343915e+09
275, 1.946974808000000e-01, 5.403467400000000e-02, 3.064716532390691e-01, 0.000000000000000e+00, 0.000000000000000e+00, 4.957067911748253e+04, 1.000000000000000e-10, 1.533986072002628e+09
276, 1.917087537000000e-01, 5.382082320000000e-02, 3.075304119204026e-01, 0.000000000000000e+00, 0.000000000000000e+00, 4.974927706230245e+04, 1.000000000000000e-10, 1.528916613173858e+09
277, 1.887197351000000e-01, 5.361109610000000e-02, 3.080030314124683e-01, 0.000000000000000e+00, 0.000000000000000e+00, 4.985082416269849e+04, 1.000000000000000e-10, 1.527207579116408e+09
278, 1.857303707000000e-01, 5.340634910000000e-02, 3.074277266001449e-01, 0.000000000000000e+00, 0.000000000000000e+00, 4.979825994226841e+04, 1.000000000000000e-10, 1.531098581004925e+09
279, 1.827411789000000e-01, 5.319910420000000e-02, 3.057575266178202e-01, 0.000000000000000e+00, 0.000000000000000e+00, 4.958215483656524e+04, 1.000000000000000e-10, 1.540824697901317e+09
280, 1.797527313000000e-01, 5.298142430000000e-02, 3.042572415019459e-01, 0.000000000000000e+00, 0.000000000000000e+00, 4.939915821246782e+04, 1.000000000000000e-10, 1.549994760454464e+09
281, 1.767651486000000e-01, 5.275215400000000e-02, 3.054213324286836e-01, 0.000000000000000e+00, 0.000000000000000e+00, 4.964682435338168e+04, 1.000000000000000e-10, 1.545611248335484e+09
282, 1.737782598000000e-01, 5.251401450000000e-02, 3.082767167288780e-01, 0.000000000000000e+00, 0.000000000000000e+00, 5.017508466683585e+04, 1.000000000000000e-10, 1.532916270000506e+09
283, 1.707920907000000e-01, 5.226701400000000e-02, 3.107535149505011e-01, 0.000000000000000e+00, 0.000000000000000e+00, 5.064755918450761e+04, 1.000000000000000e-10, 1.522423197753696e+09
284, 1.678068289000000e-01, 5.200929790000000e-02, 3.114858256119996e-01, 0.000000000000000e+00, 0.000000000000000e+00, 5.083725017808672e+04, 1.000000000000000e-10, 1.520570781518036e+09
285, 1.648225830000000e-01, 5.174005310000000e-02, 3.120636441937090e-01, 0.000000000000000e+00, 0.000000000000000e+00, 5.099571732644059e+04, 1.000000000000000e-10, 1.519335704920329e+09
286, 1.618386948000000e-01, 5.146686210000000e-02, 3.139837659980648e-01, 0.000000000000000e+00, 0.000000000000000e+00, 5.137203300696112e+04, 1.000000000000000e-10, 1.511606819729131e+09
287, 1.588544609000000e-01, 5.119748250000000e-02, 3.160400963391192e-01, 0.000000000000000e+00, 0.000000000000000e+00, 5.177545098914699e+04, 1.000000000000000e-10, 1.503378194411634e+09
288, 1.558697631000000e-01, 5.093328530000000e-02, 3.170783557905794e-01, 0.000000000000000e+00, 0.000000000000000e+00, 5.201815447028763e+04, 1.000000000000000e-10, 1.500202789931366e+09
289, 1.528852535000000e-01, 5.066697530000000e-02, 3.166470779131453e-01, 0.000000000000000e+00, 0.000000000000000e+00, 5.202355478251832e+04, 1.000000000000000e-10, 1.504063816559194e+09
290, 1.499016570000000e-01, 5.039064780000000e-02, 3.157205121857677e-01, 0.000000000000000e+00, 0.000000000000000e+00, 5.194336851972681e+04, 1.000000000000000e-10, 1.510185202347883e+09
291, 1.469194872000000e-01, 5.009932340000000e-02, 3.165392700680234e-01, 0.000000000000000e+00, 0.000000000000000e+00, 5.213445228331575e+04, 1.000000000000000e-10, 1.507624017303173e+09
292, 1.439382559000000e-01, 4.979852640000000e-02, 3.188468090744845e-01, 0.000000000000000e+00, 0.000000000000000e+00, 5.255987048062186e+04, 1.000000000000000e-10, 1.497760149810692e+09
293, 1.409571857000000e-01, 4.949613280000000e-02, 3.206020103635798e-01, 0.000000000000000e+00, 0.000000000000000e+00, 5.288776639564729e+04, 1.000000000000000e-10, 1.490411886958376e+09
294, 1.379755682000000e-01, 4.919919110000000e-02, 3.204253044131570e-01, 0.000000000000000e+00, 0.000000000000000e+00, 5.289181884282528e+04, 1.000000000000000e-10, 1.492022078655040e+09
295, 1.349936162000000e-01, 4.890561960000000e-02, 3.178007062471576e-01, 0.000000000000000e+00, 0.000000000000000e+00, 5.248257162538789e+04, 1.000000000000000e-10, 1.504928965755939e+09
296, 1.320121036000000e-01, 4.860762960000000e-02, 3.139885681044573e-01, 0.000000000000000e+00, 0.000000000000000e+00, 5.185959836150388e+04, 1.000000000000000e-10, 1.523372913171769e+09
297, 1.290317925000000e-01, 4.829786950000000e-02, 3.114192575252593e-01, 0.000000000000000e+00, 0.000000000000000e+00, 5.142077761302020e+04, 1.000000000000000e-10, 1.535585253723134e+09
298, 1.260525769000000e-01, 4.797772950000000e-02, 3.101646590877270e-01, 0.000000000000000e+00, 0.000000000000000e+00, 5.119228976052769e+04, 1.000000000000000e-10, 1.541256811233836e+09
299, 1.230743167000000e-01, 4.764882070000000e-02, 3.094357694048002e-01, 0.000000000000000e+00, 0.000000000000000e+00, 5.105497517486804e+04, 1.000000000000000e-10, 1.544482766039099e+09
300, 1.200970366000000e-01, 4.731115450000000e-02, 3.088698880573785e-01, 0.000000000000000e+00, 0.000000000000000e+00, 5.095693221542823e+04, 1.000000000000000e-10, 1.547195883728312e+09
301, 1.171207615000000e-01, 4.696474260000000e-02, 3.085038313986569e-01, 0.000000000000000e+00, 0.000000000000000e+00, 5.090801770909331e+04, 1.000000000000000e-10, 1.549319677101003e+09
302, 1.141455159000000e-01, 4.660959680000000e-02, 3.083337091219555e-01, 0.000000000000000e+00, 0.000000000000000e+00, 5.090816455215693e+04, 1.000000000000000e-10, 1.550873014359759e+09
303, 1.111713243000000e-01, 4.624572950000000e-02, 3.080974166281602e-01, 0.000000000000000e+00, 0.000000000000000e+00, 5.091254393067521e+04, 1.000000000000000e-10, 1.553153522038584e+09
304, 1.081982111000000e-01, 4.587315320000000e-02, 3.075715627437021e-01, 0.000000000000000e+00, 0.000000000000000e+00, 5.088126457423412e+04, 1.000000000000000e-10, 1.557225872826875e+09
305, 1.052262005000000e-01, 4.549188050000000e-02, 3.069664321827596e-01, 0.000000000000000e+00, 0.000000000000000e+00, 5.084608936958531e+04, 1.000000000000000e-10, 1.561938803367128e+09
306, 1.022553168000000e-01, 4.510192450000000e-02, 3.066114077655341e-01, 0.000000000000000e+00, 0.000000000000000e+00, 5.085713831408174e+04, 1.000000000000000e-10, 1.565471265808981e+09
307, 9.928555240000000e-02, 4.470353130000000e-02, 3.060096012008109e-01, 0.000000000000000e+00, 0.000000000000000e+00, 5.082768781720111e+04, 1.000000000000000e-10, 1.570339695957329e+09
308, 9.631645150000000e-02, 4.430022190000000e-02, 3.044316821740454e-01, 0.000000000000000e+00, 0.000000000000000e+00, 5.063274862521422e+04, 1.000000000000000e-10, 1.580203584186474e+09
309, 9.334866629999999e-02, 4.388735710000000e-02, 3.015450674912531e-01, 0.000000000000000e+00, 0.000000000000000e+00, 5.020925751182653e+04, 1.000000000000000e-10, 1.596842273812573e+09
310, 9.038333000000000e-02, 4.345728190000000e-02, 2.981714939570597e-01, 0.000000000000000e+00, 0.000000000000000e+00, 4.968241207566486e+04, 1.000000000000000e-10, 1.615847347130058e+09
311, 8.742106760000000e-02, 4.300650920000000e-02, 2.963631809192187e-01, 0.000000000000000e+00, 0.000000000000000e+00, 4.938677167572884e+04, 1.000000000000000e-10, 1.625837413155825e+09
312, 8.446147179999999e-02, 4.253854550000000e-02, 2.961659229836436e-01, 0.000000000000000e+00, 0.000000000000000e+00, 4.934542332884312e+04, 1.000000000000000e-10, 1.626717314457146e+09
313, 8.150462410000001e-02, 4.205352220000000e-02, 2.964932802116416e-01, 0.000000000000000e+00, 0.000000000000000e+00, 4.938864424399003e+04, 1.000000000000000e-10, 1.624615033944817e+09
314, 7.855061400000000e-02, 4.155150370000000e-02, 2.966147730868119e-01, 0.000000000000000e+00, 0.000000000000000e+00, 4.940314498986420e+04, 1.000000000000000e-10, 1.623788704539974e+09
315, 7.559953120000000e-02, 4.103255620000000e-02, 2.966594014173816e-01, 0.000000000000000e+00, 0.000000000000000e+00, 4.941583800855663e+04, 1.000000000000000e-10, 1.623656496339056e+09
316, 7.265146290000001e-02, 4.049674770000000e-02, 2.970646732074111e-01, 0.000000000000000e+00, 0.000000000000000e+00, 4.950245534727580e+04, 1.000000000000000e-10, 1.622006952772767e+09
317, 6.970648800000000e-02, 3.994418840000000e-02, 2.974089428756849e-01, 0.000000000000000e+00, 0.000000000000000e+00, 4.959339796340228e+04, 1.000000000000000e-10, 1.621031687735648e+09
318, 6.676405530000000e-02, 3.937824060000000e-02, 2.969415297474194e-01, 0.000000000000000e+00, 0.000000000000000e+00, 4.955987919869355e+04, 1.000000000000000e-10, 1.624780567014225e+09
319, 6.382483080000000e-02, 3.879587770000000e-02, 2.953442851058397e-01, 0.000000000000000e+00, 0.000000000000000e+00, 4.934475764970830e+04, 1.000000000000000e-10, 1.634919774396083e+09
320, 6.089039250000000e-02, 3.818988410000000e-02, 2.935504400007418e-01, 0.000000000000000e+00, 0.000000000000000e+00, 4.909586458085447e+04, 1.000000000000000e-10, 1.646312455881248e+09
321, 5.796159620000000e-02, 3.755716460000000e-02, 2.931766361072657e-01, 0.000000000000000e+00, 0.000000000000000e+00, 4.907666934071670e+04, 1.000000000000000e-10, 1.649607669075491e+09
322, 5.503766030000000e-02, 3.690236230000000e-02, 2.935628207314043e-01, 0.000000000000000e+00, 0.000000000000000e+00, 4.918190781175473e+04, 1.000000000000000e-10, 1.648554984990697e+09
323, 5.212020500000000e-02, 3.621928960000000e-02, 2.938832054809536e-01, 0.000000000000000e+00, 0.000000000000000e+00, 4.927494948209119e+04, 1.000000000000000e-10, 1.647844948652187e+09
324, 4.921095930000000e-02, 3.550206810000000e-02, 2.939108569486284e-01, 0.000000000000000e+00, 0.000000000000000e+00, 4.931558197394666e+04, 1.000000000000000e-10, 1.648677748616795e+09
325, 4.630834710000000e-02, 3.475842740000000e-02, 2.933842649923138e-01, 0.000000000000000e+00, 0.000000000000000e+00, 4.926127542259203e+04, 1.000000000000000e-10, 1.652574446120905e+09
326, 4.341443290000000e-02, 3.398167710000000e-02, 2.917359725417174e-01, 0.000000000000000e+00, 0.000000000000000e+00, 4.901668454410418e+04, 1.000000000000000e-10, 1.662766264877292e+09
327, 4.053329480000000e-02, 3.315886600000000e-02, 2.898546894888573e-01, 0.000000000000000e+00, 0.000000000000000e+00, 4.872874511791344e+04, 1.000000000000000e-10, 1.674384636839376e+09
328, 3.766462370000000e-02, 3.229347590000000e-02, 2.888821947649768e-01, 0.000000000000000e+00, 0.000000000000000e+00, 4.859635858248559e+04, 1.000000000000000e-10, 1.680903811584035e+09
329, 3.480664810000000e-02, 3.139349160000000e-02, 2.890763037432180e-01, 0.000000000000000e+00, 0.000000000000000e+00, 4.866501023882164e+04, 1.000000000000000e-10, 1.680794820569777e+09
330, 3.196977470000000e-02, 3.042923390000000e-02, 2.908412482826560e-01, 0.000000000000000e+00, 0.000000000000000e+00, 4.900603668741919e+04, 1.000000000000000e-10, 1.671650285282695e+09
331, 2.916436760000000e-02, 2.937700070000000e-02, 2.946701669945651e-01, 0.000000000000000e+00, 0.000000000000000e+00, 4.970288925260531e+04, 1.000000000000000e-10, 1.651336847010035e+09
332, 2.638083370000000e-02, 2.826801140000000e-02, 3.013409324803500e-01, 0.000000000000000e+00, 0.000000000000000e+00, 5.088894592404428e+04, 1.000000000000000e-10, 1.616366055387040e+09
333, 2.362898530000000e-02, 2.708283520000000e-02, 3.125764850325510e-01, 0.000000000000000e+00, 0.000000000000000e+00, 5.285951039013125e+04, 1.000000000000000e-10, 1.559913499813285e+09
334, 2.092840090000000e-02, 2.578537860000000e-02, 3.280334935006998e-01, 0.000000000000000e+00, 0.000000000000000e+00, 5.556399044148302e+04, 1.000000000000000e-10, 1.488123187655598e+09
335, 1.829564720000000e-02, 2.435529470000000e-02, 3.422675141061772e-01, 0.000000000000000e+00, 0.000000000000000e+00, 5.807558044747781e+04, 1.000000000000000e-10, 1.428437118340839e+09
336, 1.571975790000000e-02, 2.282485310000000e-02, 3.514241531420614e-01, 0.000000000000000e+00, 0.000000000000000e+00, 5.973497266349655e+04, 1.000000000000000e-10, 1.393235329649096e+09
337, 1.319128670000000e-02, 2.121724900000000e-02, 3.573421525389438e-01, 0.000000000000000e+00, 0.000000000000000e+00, 6.085955696006567e+04, 1.000000000000000e-10, 1.372349801011234e+09
338, 1.071855140000000e-02, 1.952532850000000e-02, 3.649354887268533e-01, 0.000000000000000e+00, 0.000000000000000e+00, 6.228434998602073e+04, 1.000000000000000e-10, 1.346109751921717e+09
339, 8.357752600000001e-03, 1.768194770000000e-02, 3.821060911659105e-01, 0.000000000000000e+00, 0.000000000000000e+00, 6.535959740261175e+04, 1.000000000000000e-10, 1.287045940293031e+09
340, 6.234852000000000e-03, 1.557056300000000e-02, 4.071095531299797e-01, 0.000000000000000e+00, 0.000000000000000e+00, 6.979337688262771e+04, 1.000000000000000e-10, 1.208700528959145e+09
341, 4.319046800000000e-03, 1.326691890000000e-02, 4.360561738795226e-01, 0.000000000000000e+00, 0.000000000000000e+00, 7.491840760932969e+04, 1.000000000000000e-10, 1.130464808708496e+09
342, 2.659048500000000e-03, 1.078063400000000e-02, 4.762112060399223e-01, 0.000000000000000e+00, 0.000000000000000e+00, 8.198682039259147e+04, 1.000000000000000e-10, 1.037406674224926e+09
343, 1.585549600000000e-03, 7.986006000000000e-03, 5.127617563517247e-01, 0.000000000000000e+00, 0.000000000000000e+00, 8.842466616122970e+04, 1.000000000000000e-10, 9.647491466953580e+08
344, 7.472436000000000e-04, 5.109934500000000e-03, 5.362716799661259e-01, 0.000000000000000e+00, 0.000000000000000e+00, 9.259708846788571e+04, 1.000000000000000e-10, 9.234152301875231e+08
345, 1.626159000000000e-04, 2.172660000000000e-03, 5.545245170882266e-01, 0.000000000000000e+00, 0.000000000000000e+00, 9.584606417715848e+04, 1.000000000000000e-10, 8.935988136375550e+08
346, 2.551370000000000e-05, -8.154233000000000e-04, 5.656560553526420e-01, 0.000000000000000e+00, 0.000000000000000e+00, 9.783417343961317e+04, 1.000000000000000e-10, 8.755391751624556e+08
347, 4.418631000000000e-04, -3.780176900000000e-03, 5.604774091218452e-01, 0.000000000000000e+00, 0.000000000000000e+00, 9.696685376610658e+04, 1.000000000000000e-10, 8.853783790535052e+08
348, 1.178979700000000e-03, -6.683559600000000e-03, 5.480832193673482e-01, 0.000000000000000e+00, 0.000000000000000e+00, 9.481900098968150e+04, 1.000000000000000e-10, 9.053723583866371e+08
349, 2.119737600000000e-03, -9.527886300000000e-03, 5.290857608229038e-01, 0.000000000000000e+00, 0.000000000000000e+00, 9.150159821641490e+04, 1.000000000000000e-10, 9.376237139160477e+08
350, 3.491510200000000e-03, -1.218239690000000e-02, 5.005747763321502e-01, 0.000000000000000e+00, 0.000000000000000e+00, 8.651160643000752e+04, 1.000000000000000e-10, 9.907416862639683e+08
351, 5.352275100000000e-03, -1.453005090000000e-02, 4.753603470020703e-01, 0.000000000000000e+00, 0.000000000000000e+00, 8.206939065541174e+04, 1.000000000000000e-10, 1.042418867849672e+09
352, 7.355607900000000e-03, -1.675624800000000e-02, 4.547510776535301e-01, 0.000000000000000e+00, 0.000000000000000e+00, 7.841136879290766e+04, 1.000000000000000e-10, 1.088531465742713e+09
353, 9.621932400000000e-03, -1.871350840000000e-02, 4.346108790072683e-01, 0.000000000000000e+00, 0.000000000000000e+00, 7.483699933881707e+04, 1.000000000000000e-10, 1.138318291253919e+09
354, 1.205590760000000e-02, -2.046042230000000e-02, 4.226976922396947e-01, 0.000000000000000e+00, 0.000000000000000e+00, 7.269126451314248e+04, 1.000000000000000e-10, 1.169356379768137e+09
355, 1.455955480000000e-02, -2.210638150000000e-02, 4.158470280656734e-01, 0.000000000000000e+00, 0.000000000000000e+00, 7.142088545744361e+04, 1.000000000000000e-10, 1.187369462584143e+09
356, 1.711312970000000e-02, -2.367378560000000e-02, 4.084892026037674e-01, 0.000000000000000e+00, 0.000000000000000e+00, 7.006886588940267e+04, 1.000000000000000e-10, 1.207515031222845e+09
357, 1.972005420000000e-02, -2.515057360000000e-02, 3.972928651932380e-01, 0.000000000000000e+00, 0.000000000000000e+00, 6.807348113171245e+04, 1.000000000000000e-10, 1.240375637540764e+09
358, 2.239892040000000e-02, -2.649200820000000e-02, 3.832755912240837e-01, 0.000000000000000e+00, 0.000000000000000e+00, 6.561841667344337e+04, 1.000000000000000e-10, 1.284898934450839e+09
359, 2.514218880000000e-02, -2.769671360000000e-02, 3.737494420260113e-01, 0.000000000000000e+00, 0.000000000000000e+00, 6.395247685288821e+04, 1.000000000000000e-10, 1.317343985197619e+09
360, 2.792514050000000e-02, -2.880708720000000e-02, 3.703013806243481e-01, 0.000000000000000e+00, 0.000000000000000e+00, 6.333466823540946e+04, 1.000000000000000e-10, 1.329133930529506e+09
361, 3.072579640000000e-02, -2.987219160000000e-02, 3.700320371981126e-01, 0.000000000000000e+00, 0.000000000000000e+00, 6.325935347443516e+04, 1.000000000000000e-10, 1.329599411840018e+09
362, 3.355101120000000e-02, -3.087007190000000e-02, 3.702871531644084e-01, 0.000000000000000e+00, 0.000000000000000e+00, 6.327849487402152e+04, 1.000000000000000e-10, 1.328282299552931e+09
363, 3.640010390000000e-02, -3.179774150000000e-02, 3.692836950046701e-01, 0.000000000000000e+00, 0.000000000000000e+00, 6.309175908492826e+04, 1.000000000000000e-10, 1.331652945714717e+09
364, 3.926405390000000e-02, -3.267859480000000e-02, 3.675568636699098e-01, 0.000000000000000e+00, 0.000000000000000e+00, 6.278481611713030e+04, 1.000000000000000e-10, 1.337701860186404e+09
365, 4.213857070000000e-02, -3.352425530000000e-02, 3.658491625679766e-01, 0.000000000000000e+00, 0.000000000000000e+00, 6.248075308800836e+04, 1.000000000000000e-10, 1.343761699763417e+09
366, 4.502736230000000e-02, -3.431981760000000e-02, 3.645689687885916e-01, 0.000000000000000e+00, 0.000000000000000e+00, 6.225987090990238e+04, 1.000000000000000e-10, 1.348449439902306e+09
367, 4.792660680000000e-02, -3.507646140000000e-02, 3.639782228340334e-01, 0.000000000000000e+00, 0.000000000000000e+00, 6.215743482188049e+04, 1.000000000000000e-10, 1.350610486292576e+09
368, 5.083275460000000e-02, -3.580616600000000e-02, 3.644345298929019e-01, 0.000000000000000e+00, 0.000000000000000e+00, 6.222590292740341e+04, 1.000000000000000e-10, 1.348796901071517e+09
369, 5.374765330000000e-02, -3.650004220000000e-02, 3.657665156983800e-01, 0.000000000000000e+00, 0.000000000000000e+00, 6.244426185801874e+04, 1.000000000000000e-10, 1.343725583874137e+09
370, 5.666961100000000e-02, -3.716362050000000e-02, 3.667351017173512e-01, 0.000000000000000e+00, 0.000000000000000e+00, 6.260471611617527e+04, 1.000000000000000e-10, 1.340082622210312e+09
371, 5.959522020000000e-02, -3.781094180000000e-02, 3.666917807979378e-01, 0.000000000000000e+00, 0.000000000000000e+00, 6.259778840492421e+04, 1.000000000000000e-10, 1.340235926931494e+09
372, 6.252243709999999e-02, -3.845095230000000e-02, 3.657132011806949e-01, 0.000000000000000e+00, 0.000000000000000e+00, 6.243482529848396e+04, 1.000000000000000e-10, 1.343906895254469e+09
373, 6.545274740000000e-02, -3.907663200000000e-02, 3.641782561713082e-01, 0.000000000000000e+00, 0.000000000000000e+00, 6.218697733209700e+04, 1.000000000000000e-10, 1.349823008865870e+09
374, 6.838760620000001e-02, -3.968059320000000e-02, 3.629933199635767e-01, 0.000000000000000e+00, 0.000000000000000e+00, 6.200457454505624e+04, 1.000000000000000e-10, 1.354577999634959e+09
375, 7.132826930000000e-02, -4.025560110000000e-02, 3.628838746377437e-01, 0.000000000000000e+00, 0.000000000000000e+00, 6.200695157487346e+04, 1.000000000000000e-10, 1.355358500051482e+09
376, 7.427458960000000e-02, -4.080090600000000e-02, 3.631849735424096e-01, 0.000000000000000e+00, 0.000000000000000e+00, 6.208415580506969e+04, 1.000000000000000e-10, 1.354696621895818e+09
377, 7.722505590000001e-02, -4.132334090000000e-02, 3.635129435815465e-01, 0.000000000000000e+00, 0.000000000000000e+00, 6.216206186633592e+04, 1.000000000000000e-10, 1.353862880203217e+09
378, 8.017823220000000e-02, -4.183025210000000e-02, 3.648315072261654e-01, 0.000000000000000e+00, 0.000000000000000e+00, 6.239838228126578e+04, 1.000000000000000e-10, 1.349178790075468e+09
379, 8.313435769999999e-02, -4.231964410000000e-02, 3.672204835558205e-01, 0.000000000000000e+00, 0.000000000000000e+00, 6.282029845794589e+04, 1.000000000000000e-10, 1.340643085491446e+09
380, 8.609333900000000e-02, -4.279148640000000e-02, 3.686664972123133e-01, 0.000000000000000e+00, 0.000000000000000e+00, 6.308703230984596e+04, 1.000000000000000e-10, 1.335719483653906e+09
381, 8.905390220000001e-02, -4.325331250000000e-02, 3.688738487742841e-01, 0.000000000000000e+00, 0.000000000000000e+00, 6.314510894993976e+04, 1.000000000000000e-10, 1.335335345123914e+09
382, 9.201521220000000e-02, -4.371032730000000e-02, 3.689003703244884e-01, 0.000000000000000e+00, 0.000000000000000e+00, 6.316889851997898e+04, 1.000000000000000e-10, 1.335571602125149e+09
383, 9.497777180000000e-02, -4.415916550000000e-02, 3.699666021257634e-01, 0.000000000000000e+00, 0.000000000000000e+00, 6.337298333051633e+04, 1.000000000000000e-10, 1.332095940837135e+09
384, 9.794161960000000e-02, -4.459941640000000e-02, 3.716803101951607e-01, 0.000000000000000e+00, 0.000000000000000e+00, 6.369090082670697e+04, 1.000000000000000e-10, 1.326368286422130e+09
385, 1.009067324000000e-01, -4.503106510000000e-02, 3.722403144970872e-01, 0.000000000000000e+00, 0.000000000000000e+00, 6.380951023957294e+04, 1.000000000000000e-10, 1.324754697355320e+09
386, 1.038730870000000e-01, -4.545409720000000e-02, 3.719228307845972e-01, 0.000000000000000e+00, 0.000000000000000e+00, 6.377851293798543e+04, 1.000000000000000e-10, 1.326264383688381e+09
387, 1.068406597000000e-01, -4.586849830000000e-02, 3.714953121522395e-01, 0.000000000000000e+00, 0.000000000000000e+00, 6.373412160725527e+04, 1.000000000000000e-10, 1.328282490672945e+09
388, 1.098094267000000e-01, -4.627425440000000e-02, 3.714850368763933e-01, 0.000000000000000e+00, 0.000000000000000e+00, 6.376657082837614e+04, 1.000000000000000e-10, 1.328904604107337e+09
389, 1.127793642000000e-01, -4.667135170000000e-02, 3.718964737489873e-01, 0.000000000000000e+00, 0.000000000000000e+00, 6.387455945009868e+04, 1.000000000000000e-10, 1.328068163434716e+09
390, 1.157504483000000e-01, -4.705977670000000e-02, 3.724925814642667e-01, 0.000000000000000e+00, 0.000000000000000e+00, 6.401531136575176e+04, 1.000000000000000e-10, 1.326616694516961e+09
391, 1.187226550000000e-01, -4.743951610000000e-02, 3.730631987869837e-01, 0.000000000000000e+00, 0.000000000000000e+00, 6.415125678118860e+04, 1.000000000000000e-10, 1.325225753564085e+09
392, 1.216959602000000e-01, -4.781055690000000e-02, 3.735289157237839e-01, 0.000000000000000e+00, 0.000000000000000e+00, 6.426789032171386e+04, 1.000000000000000e-10, 1.324186008647476e+09
393, 1.246703396000000e-01, -4.817288640000000e-02, 3.739254414748555e-01, 0.000000000000000e+00, 0.000000000000000e+00, 6.437064040534913e+04, 1.000000000000000e-10, 1.323367825583255e+09
394, 1.276457687000000e-01, -4.852649220000000e-02, 3.742964356456005e-01, 0.000000000000000e+00, 0.000000000000000e+00, 6.446568254182747e+04, 1.000000000000000e-10, 1.322577517561897e+09
395, 1.306222230000000e-01, -4.887136210000000e-02, 3.746202850725987e-01, 0.000000000000000e+00, 0.000000000000000e+00, 6.454741841830417e+04, 1.000000000000000e-10, 1.321863123316394e+09
396, 1.335996778000000e-01, -4.920748410000000e-02, 3.749664264717316e-01, 0.000000000000000e+00, 0.000000000000000e+00, 6.462630720145087e+04, 1.000000000000000e-10, 1.320938852175564e+09
397, 1.365781084000000e-01, -4.953484670000000e-02, 3.755858460023720e-01, 0.000000000000000e+00, 0.000000000000000e+00, 6.474598994692255e+04, 1.000000000000000e-10, 1.318974906751266e+09
398, 1.395574899000000e-01, -4.985343850000000e-02, 3.763301791253719e-01, 0.000000000000000e+00, 0.000000000000000e+00, 6.488430161582235e+04, 1.000000000000000e-10, 1.316531441834728e+09
399, 1.425377974000000e-01, -5.016324850000000e-02, 3.763625802913217e-01, 0.000000000000000e+00, 0.000000000000000e+00, 6.489804845471727e+04, 1.000000000000000e-10, 1.316591860788330e+09
400, 1.455190058000000e-01, -5.046426590000000e-02, 3.755747260230518e-01, 0.000000000000000e+00, 0.000000000000000e+00, 6.476646211135989e+04, 1.000000000000000e-10, 1.319424548505571e+09
401, 1.485010900000000e-01, -5.075648020000000e-02, 3.748558526242764e-01, 0.000000000000000e+00, 0.000000000000000e+00, 6.464225930949263e+04, 1.000000000000000e-10, 1.321955174804935e+09
402, 1.514841115000000e-01, -5.103895140000000e-02, 3.757715791332522e-01, 0.000000000000000e+00, 0.000000000000000e+00, 6.477960709192295e+04, 1.000000000000000e-10, 1.318392635865784e+09
403, 1.544682859000000e-01, -5.130898220000000e-02, 3.782469506835158e-01, 0.000000000000000e+00, 0.000000000000000e+00, 6.516107862310969e+04, 1.000000000000000e-10, 1.309037850825185e+09
404, 1.574529831000000e-01, -5.157318600000000e-02, 3.794159098288972e-01, 0.000000000000000e+00, 0.000000000000000e+00, 6.531759326832927e+04, 1.000000000000000e-10, 1.304274627216107e+09
405, 1.604374954000000e-01, -5.183946610000000e-02, 3.786319021329529e-01, 0.000000000000000e+00, 0.000000000000000e+00, 6.514134640792925e+04, 1.000000000000000e-10, 1.306244992593829e+09
406, 1.634214633000000e-01, -5.211178220000000e-02, 3.764575523507619e-01, 0.000000000000000e+00, 0.000000000000000e+00, 6.473889057531656e+04, 1.000000000000000e-10, 1.313320352167408e+09
407, 1.664054524000000e-01, -5.238386490000000e-02, 3.745318022326514e-01, 0.000000000000000e+00, 0.000000000000000e+00, 6.437629478398360e+04, 1.000000000000000e-10, 1.319540739692129e+09
408, 1.693901711000000e-01, -5.264780400000000e-02, 3.740842945135142e-01, 0.000000000000000e+00, 0.000000000000000e+00, 6.426200523562704e+04, 1.000000000000000e-10, 1.320520852342312e+09
409, 1.723759785000000e-01, -5.289913550000000e-02, 3.739266661482484e-01, 0.000000000000000e+00, 0.000000000000000e+00, 6.416932218178297e+04, 1.000000000000000e-10, 1.319985816190886e+09
410, 1.753625325000000e-01, -5.314143690000000e-02, 3.723089878231197e-01, 0.000000000000000e+00, 0.000000000000000e+00, 6.381788214778803e+04, 1.000000000000000e-10, 1.324470957881304e+09
411, 1.783497926000000e-01, -5.337487290000000e-02, 3.698311361853647e-01, 0.000000000000000e+00, 0.000000000000000e+00, 6.333399392721422e+04, 1.000000000000000e-10, 1.332330475813434e+09
412, 1.813377897000000e-01, -5.359866430000000e-02, 3.688816840819502e-01, 0.000000000000000e+00, 0.000000000000000e+00, 6.308770795053841e+04, 1.000000000000000e-10, 1.334314709438883e+09
413, 1.843267059000000e-01, -5.380983240000000e-02, 3.700838739704698e-01, 0.000000000000000e+00, 0.000000000000000e+00, 6.316731930979765e+04, 1.000000000000000e-10, 1.327801202104895e+09
414, 1.873160581000000e-01, -5.401475910000000e-02, 3.703486648771176e-01, 0.000000000000000e+00, 0.000000000000000e+00, 6.308723034618882e+04, 1.000000000000000e-10, 1.324702320510232e+09
415, 1.903052907000000e-01, -5.422141550000000e-02, 3.688659417619184e-01, 0.000000000000000e+00, 0.000000000000000e+00, 6.270977756111018e+04, 1.000000000000000e-10, 1.327835644925002e+09
416, 1.932940919000000e-01, -5.443422470000000e-02, 3.657747726682640e-01, 0.000000000000000e+00, 0.000000000000000e+00, 6.207985276045097e+04, 1.000000000000000e-10, 1.337233588289756e+09
417, 1.962828856000000e-01, -5.464713860000000e-02, 3.628177798509787e-01, 0.000000000000000e+00, 0.000000000000000e+00, 6.146862566323726e+04, 1.000000000000000e-10, 1.346203775073910e+09
418, 1.992722277000000e-01, -5.485218440000000e-02, 3.614278661421667e-01, 0.000000000000000e+00, 0.000000000000000e+00, 6.112020951988650e+04, 1.000000000000000e-10, 1.349339512306540e+09
419, 2.022625407000000e-01, -5.504252520000000e-02, 3.613512009517170e-01, 0.000000000000000e+00, 0.000000000000000e+00, 6.097429880666170e+04, 1.000000000000000e-10, 1.347211513891870e+09
420, 2.052535799000000e-01, -5.522113260000000e-02, 3.604990427698083e-01, 0.000000000000000e+00, 0.000000000000000e+00, 6.069164253857000e+04, 1.000000000000000e-10, 1.347860491261132e+09
421, 2.082448433000000e-01, -5.539596050000000e-02, 3.587004711166056e-01, 0.000000000000000e+00, 0.000000000000000e+00, 6.024923273367486e+04, 1.000000000000000e-10, 1.352008690197834e+09
422, 2.112359078000000e-01, -5.557415450000000e-02, 3.562891249148915e-01, 0.000000000000000e+00, 0.000000000000000e+00, 5.974285525212473e+04, 1.000000000000000e-10, 1.359303481146731e+09
423, 2.142268969000000e-01, -5.575361380000000e-02, 3.552242378586658e-01, 0.000000000000000e+00, 0.000000000000000e+00, 5.946059335990569e+04, 1.000000000000000e-10, 1.361447651823462e+09
424, 2.172178860000000e-01, -5.593307320000000e-02, 3.550059061393199e-01, 0.000000000000000e+00, 0.000000000000000e+00, 5.927083350457599e+04, 1.000000000000000e-10, 1.359416106828097e+09
425, 2.202088738000000e-01, -5.611255380000000e-02, 3.528572848976764e-01, 0.000000000000000e+00, 0.000000000000000e+00, 5.875401311574407e+04, 1.000000000000000e-10, 1.364675784595129e+09
426, 2.231996539000000e-01, -5.629546030000000e-02, 3.486812436464543e-01, 0.000000000000000e+00, 0.000000000000000e+00, 5.793384405401561e+04, 1.000000000000000e-10, 1.378579501110191e+09
427, 2.261904122000000e-01, -5.647872410000000e-02, 3.444607293911422e-01, 0.000000000000000e+00, 0.000000000000000e+00, 5.710646807231039e+04, 1.000000000000000e-10, 1.392938657416607e+09
428, 2.291816271000000e-01, -5.665434720000000e-02, 3.417570065989445e-01, 0.000000000000000e+00, 0.000000000000000e+00, 5.652547426983419e+04, 1.000000000000000e-10, 1.401217811562333e+09
429, 2.321736636000000e-01, -5.681534020000000e-02, 3.405458839423871e-01, 0.000000000000000e+00, 0.000000000000000e+00, 5.617361421513037e+04, 1.000000000000000e-10, 1.403124737504051e+09
430, 2.351663232000000e-01, -5.696435160000000e-02, 3.392759345646266e-01, 0.000000000000000e+00, 0.000000000000000e+00, 5.582817752460289e+04, 1.000000000000000e-10, 1.405554423410109e+09
431, 2.381591812000000e-01, -5.710934150000000e-02, 3.373601835444905e-01, 0.000000000000000e+00, 0.000000000000000e+00, 5.537131352393438e+04, 1.000000000000000e-10, 1.410521476753949e+09
432, 2.411518497000000e-01, -5.725817950000000e-02, 3.344486432100203e-01, 0.000000000000000e+00, 0.000000000000000e+00, 5.473006129998455e+04, 1.000000000000000e-10, 1.419302517777665e+09
433, 2.441442544000000e-01, -5.741224130000000e-02, 3.304149341350571e-01, 0.000000000000000e+00, 0.000000000000000e+00, 5.392460343259168e+04, 1.000000000000000e-10, 1.433436249875293e+09
434, 2.471367698000000e-01, -5.756413020000000e-02, 3.267287657062886e-01, 0.000000000000000e+00, 0.000000000000000e+00, 5.319195596162937e+04, 1.000000000000000e-10, 1.446650486150861e+09
435, 2.501297829000000e-01, -5.770582350000000e-02, 3.247218157745100e-01, 0.000000000000000e+00, 0.000000000000000e+00, 5.275571185828383e+04, 1.000000000000000e-10, 1.453095754352434e+09
436, 2.531234770000000e-01, -5.783232400000000e-02, 3.243239462828170e-01, 0.000000000000000e+00, 0.000000000000000e+00, 5.258281650631715e+04, 1.000000000000000e-10, 1.452426705980829e+09
437, 2.561175599000000e-01, -5.794931300000000e-02, 3.235334682683483e-01, 0.000000000000000e+00, 0.000000000000000e+00, 5.234163217882187e+04, 1.000000000000000e-10, 1.453375745893880e+09
438, 2.591117003000000e-01, -5.806482750000000e-02, 3.216594485868005e-01, 0.000000000000000e+00, 0.000000000000000e+00, 5.191656577750121e+04, 1.000000000000000e-10, 1.458986229424268e+09
439, 2.621056177000000e-01, -5.818597470000000e-02, 3.187579897098666e-01, 0.000000000000000e+00, 0.000000000000000e+00, 5.133575658645839e+04, 1.000000000000000e-10, 1.469595389209021e+09
440, 2.650994034000000e-01, -5.831034790000000e-02, 3.158738415674164e-01, 0.000000000000000e+00, 0.000000000000000e+00, 5.075990074973503e+04, 1.000000000000000e-10, 1.480347676533314e+09
441, 2.680933813000000e-01, -5.842997970000000e-02, 3.136531991213019e-01, 0.000000000000000e+00, 0.000000000000000e+00, 5.031514615618649e+04, 1.000000000000000e-10, 1.488668994895309e+09
442, 2.710878355000000e-01, -5.853695520000000e-02, 3.126939063432772e-01, 0.000000000000000e+00, 0.000000000000000e+00, 5.010976667823563e+04, 1.000000000000000e-10, 1.491942244684879e+09
443, 2.740827683000000e-01, -5.862963070000000e-02, 3.132455397895277e-01, 0.000000000000000e+00, 0.000000000000000e+00, 5.014786809128707e+04, 1.000000000000000e-10, 1.488078942344673e+09
444, 2.770779096000000e-01, -5.871535910000000e-02, 3.134338172016894e-01, 0.000000000000000e+00, 0.000000000000000e+00, 5.011694021972154e+04, 1.000000000000000e-10, 1.485680465234782e+09
445, 2.800730188000000e-01, -5.880219320000000e-02, 3.122809918177767e-01, 0.000000000000000e+00, 0.000000000000000e+00, 4.986224903979492e+04, 1.000000000000000e-10, 1.489372037676755e+09
446, 2.830679396000000e-01, -5.889530050000000e-02, 3.100039769133940e-01, 0.000000000000000e+00, 0.000000000000000e+00, 4.943679644063883e+04, 1.000000000000000e-10, 1.498761365646946e+09
447, 2.860628383000000e-01, -5.898912130000000e-02, 3.079026956272924e-01, 0.000000000000000e+00, 0.000000000000000e+00, 4.905196741168854e+04, 1.000000000000000e-10, 1.507761024028781e+09
448, 2.890579563000000e-01, -5.907560330000000e-02, 3.075370163052736e-01, 0.000000000000000e+00, 0.000000000000000e+00, 4.895989205125293e+04, 1.000000000000000e-10, 1.508695389506725e+09
449, 2.920534568000000e-01, -5.914755270000000e-02, 3.087674758650061e-01, 0.000000000000000e+00, 0.000000000000000e+00, 4.912704302265090e+04, 1.000000000000000e-10, 1.501917166001081e+09
450, 2.950492307000000e-01, -5.920717250000000e-02, 3.093096685416685e-01, 0.000000000000000e+00, 0.000000000000000e+00, 4.918511728960255e+04, 1.000000000000000e-10, 1.498573980684233e+09
451, 2.980450890000000e-01, -5.926243910000000e-02, 3.087531207434697e-01, 0.000000000000000e+00, 0.000000000000000e+00, 4.907283918922840e+04, 1.000000000000000e-10, 1.500669856383982e+09
452, 3.010408880000000e-01, -5.932081780000000e-02, 3.080886849620542e-01, 0.000000000000000e+00, 0.000000000000000e+00, 4.895841934979359e+04, 1.000000000000000e-10, 1.503695250675359e+09
453, 3.040366569000000e-01, -5.938073310000000e-02, 3.089882246348992e-01, 0.000000000000000e+00, 0.000000000000000e+00, 4.909993232045916e+04, 1.000000000000000e-10, 1.499281192211967e+09
454, 3.070324259000000e-01, -5.944064850000000e-02, 3.108560766616131e-01, 0.000000000000000e+00, 0.000000000000000e+00, 4.938662213420771e+04, 1.000000000000000e-10, 1.490031238405379e+09
455, 3.100281949000000e-01, -5.950056430000000e-02, 3.108267937251206e-01, 0.000000000000000e+00, 0.000000000000000e+00, 4.936903814960142e+04, 1.000000000000000e-10, 1.489846629045140e+09
456, 3.130238981000000e-01, -5.956366740000000e-02, 3.091563460029527e-01, 0.000000000000000e+00, 0.000000000000000e+00, 4.909919532996123e+04, 1.000000000000000e-10, 1.497781720171734e+09
457, 3.160195838000000e-01, -5.962760330000000e-02, 3.071920463613611e-01, 0.000000000000000e+00, 0.000000000000000e+00, 4.879472224886893e+04, 1.000000000000000e-10, 1.507514391975874e+09
458, 3.190154135000000e-01, -5.968430950000000e-02, 3.070123478400815e-01, 0.000000000000000e+00, 0.000000000000000e+00, 4.878548420679350e+04, 1.000000000000000e-10, 1.508925961952482e+09
459, 3.220114804000000e-01, -5.972653310000000e-02, 3.088284386868744e-01, 0.000000000000000e+00, 0.000000000000000e+00, 4.910210555930378e+04, 1.000000000000000e-10, 1.500795937311794e+09
460, 3.250076994000000e-01, -5.975631740000000e-02, 3.102878911251650e-01, 0.000000000000000e+00, 0.000000000000000e+00, 4.937178895090017e+04, 1.000000000000000e-10, 1.494685533116093e+09
461, 3.280039605000000e-01, -5.978163410000000e-02, 3.106682530049677e-01, 0.000000000000000e+00, 0.000000000000000e+00, 4.948390921399232e+04, 1.000000000000000e-10, 1.494099508629674e+09
462, 3.310001939000000e-01, -5.981000190000000e-02, 3.108584420871835e-01, 0.000000000000000e+00, 0.000000000000000e+00, 4.958216935750424e+04, 1.000000000000000e-10, 1.494890551645319e+09
463, 3.339964122000000e-01, -5.983996410000000e-02, 3.128225261845292e-01, 0.000000000000000e+00, 0.000000000000000e+00, 4.998610095005773e+04, 1.000000000000000e-10, 1.487727798402953e+09
464, 3.369926304000000e-01, -5.986992630000000e-02, 3.159529491081458e-01, 0.000000000000000e+00, 0.000000000000000e+00, 5.059836819104831e+04, 1.000000000000000e-10, 1.475740026690703e+09
465, 3.399888487000000e-01, -5.989988850000000e-02, 3.173155327265066e-01, 0.000000000000000e+00, 0.000000000000000e+00, 5.095180008368172e+04, 1.000000000000000e-10, 1.472650322521815e+09
466, 3.429850337000000e-01, -5.993297570000000e-02, 3.180184559962506e-01, 0.000000000000000e+00, 0.000000000000000e+00, 5.122976106874064e+04, 1.000000000000000e-10, 1.473374801575705e+09
467, 3.459812085000000e-01, -5.996700070000000e-02, 3.189334327727410e-01, 0.000000000000000e+00, 0.000000000000000e+00, 5.159618331839706e+04, 1.000000000000000e-10, 1.474339494835796e+09
468, 3.489774541000000e-01, -5.999389510000000e-02, 3.217174704335672e-01, 0.000000000000000e+00, 0.000000000000000e+00, 5.232719916587124e+04, 1.000000000000000e-10, 1.468076805605228e+09
469, 3.519737926000000e-01, -6.000635760000000e-02, 3.265946953838429e-01, 0.000000000000000e+00, 0.000000000000000e+00, 5.345039694000765e+04, 1.000000000000000e-10, 1.453551227941082e+09
470, 3.549701596000000e-01, -6.000628710000000e-02, 3.323238188426544e-01, 0.000000000000000e+00, 0.000000000000000e+00, 5.470856668969536e+04, 1.000000000000000e-10, 1.435439339875449e+09
471, 3.579665241000000e-01, -6.000164710000000e-02, 3.372856085229136e-01, 0.000000000000000e+00, 0.000000000000000e+00, 5.579818240037184e+04, 1.000000000000000e-10, 1.420049917546146e+09
472, 3.609628912000000e-01, -6.000041890000000e-02, 3.399491808839563e-01, 0.000000000000000e+00, 0.000000000000000e+00, 5.643677911615046e+04, 1.000000000000000e-10, 1.413005916801068e+09
473, 3.639592561000000e-01, -6.000473460000000e-02, 3.405929122420600e-01, 0.000000000000000e+00, 0.000000000000000e+00, 5.664259371024680e+04, 1.000000000000000e-10, 1.412365760518181e+09
474, 3.669556225000000e-01, -6.000736450000000e-02, 3.394923357576017e-01, 0.000000000000000e+00, 0.000000000000000e+00, 5.644397425948770e+04, 1.000000000000000e-10, 1.416620855639165e+09
475, 3.699519795000000e-01, -6.000023780000000e-02, 3.380916197842163e-01, 0.000000000000000e+00, 0.000000000000000e+00, 5.607236391228998e+04, 1.000000000000000e-10, 1.419599992146348e+09
476, 3.729482611000000e-01, -5.997784780000000e-02, 3.366775365397382e-01, 0.000000000000000e+00, 0.000000000000000e+00, 5.561241239502618e+04, 1.000000000000000e-10, 1.420815876379711e+09
477, 3.759444535000000e-01, -5.994544400000000e-02, 3.339481335908931e-01, 0.000000000000000e+00, 0.000000000000000e+00, 5.491646569833485e+04, 1.000000000000000e-10, 1.427176788112956e+09
478, 3.789406246000000e-01, -5.991109540000000e-02, 3.298263198478706e-01, 0.000000000000000e+00, 0.000000000000000e+00, 5.399868470163687e+04, 1.000000000000000e-10, 1.439693482589751e+09
479, 3.819368521000000e-01, -5.988214390000000e-02, 3.250624816347787e-01, 0.000000000000000e+00, 0.000000000000000e+00, 5.299785520204063e+04, 1.000000000000000e-10, 1.455820913760091e+09
480, 3.849331132000000e-01, -5.985683420000000e-02, 3.209661177881672e-01, 0.000000000000000e+00, 0.000000000000000e+00, 5.213545807438685e+04, 1.000000000000000e-10, 1.469919984218407e+09
481, 3.879293339000000e-01, -5.982721620000000e-02, 3.184458739099471e-01, 0.000000000000000e+00, 0.000000000000000e+00, 5.157315157667330e+04, 1.000000000000000e-10, 1.477924536768579e+09
482, 3.909254052000000e-01, -5.978530220000000e-02, 3.180001948734392e-01, 0.000000000000000e+00, 0.000000000000000e+00, 5.139759542180062e+04, 1.000000000000000e-10, 1.477496440532464e+09
483, 3.939212391000000e-01, -5.972882000000000e-02, 3.193289555054057e-01, 0.000000000000000e+00, 0.000000000000000e+00, 5.155049819688610e+04, 1.000000000000000e-10, 1.469914832272810e+09
484, 3.969169262000000e-01, -5.966494890000000e-02, 3.202228527350618e-01, 0.000000000000000e+00, 0.000000000000000e+00, 5.166726516323259e+04, 1.000000000000000e-10, 1.465164023246026e+09
485, 3.999126274000000e-01, -5.960175120000000e-02, 3.201804944241524e-01, 0.000000000000000e+00, 0.000000000000000e+00, 5.166663210056042e+04, 1.000000000000000e-10, 1.465427320189415e+09
486, 4.029083963000000e-01, -5.954183210000000e-02, 3.204458242473750e-01, 0.000000000000000e+00, 0.000000000000000e+00, 5.174506721957061e+04, 1.000000000000000e-10, 1.465081884394392e+09
487, 4.059041653000000e-01, -5.948191670000000e-02, 3.225801013423658e-01, 0.000000000000000e+00, 0.000000000000000e+00, 5.216396514104063e+04, 1.000000000000000e-10, 1.457122267144681e+09
488, 4.088999342000000e-01, -5.942200130000000e-02, 3.258999308795310e-01, 0.000000000000000e+00, 0.000000000000000e+00, 5.281437191445598e+04, 1.000000000000000e-10, 1.444853772421792e+09
489, 4.118957316000000e-01, -5.936354160000000e-02, 3.276118246961504e-01, 0.000000000000000e+00, 0.000000000000000e+00, 5.322623290292756e+04, 1.000000000000000e-10, 1.440303238997926e+09
490, 4.148915900000000e-01, -5.930827980000000e-02, 3.282813991291740e-01, 0.000000000000000e+00, 0.000000000000000e+00, 5.348428521301710e+04, 1.000000000000000e-10, 1.440693536226531e+09
491, 4.178873672000000e-01, -5.924882410000000e-02, 3.289727453906733e-01, 0.000000000000000e+00, 0.000000000000000e+00, 5.377618625721562e+04, 1.000000000000000e-10, 1.441643507306820e+09
492, 4.208828751000000e-01, -5.917718310000000e-02, 3.316999476743728e-01, 0.000000000000000e+00, 0.000000000000000e+00, 5.442096875219198e+04, 1.000000000000000e-10, 1.434157610561215e+09
493, 4.238779996000000e-01, -5.909092720000000e-02, 3.362892164031807e-01, 0.000000000000000e+00, 0.000000000000000e+00, 5.536875073707519e+04, 1.000000000000000e-10, 1.418694792455286e+09
494, 4.268729004000000e-01, -5.899717340000000e-02, 3.398651005480744e-01, 0.000000000000000e+00, 0.000000000000000e+00, 5.611594674933376e+04, 1.000000000000000e-10, 1.407044432113790e+09
495, 4.298678186000000e-01, -5.890397410000000e-02, 3.411958775597597e-01, 0.000000000000000e+00, 0.000000000000000e+00, 5.645336739764205e+04, 1.000000000000000e-10, 1.403968825407255e+09
496, 4.328629246000000e-01, -5.881703720000000e-02, 3.409620675662853e-01, 0.000000000000000e+00, 0.000000000000000e+00, 5.648161765786581e+04, 1.000000000000000e-10, 1.406304440854795e+09
497, 4.358580675000000e-01, -5.873136490000000e-02, 3.399263944337914e-01, 0.000000000000000e+00, 0.000000000000000e+00, 5.632718683473880e+04, 1.000000000000000e-10, 1.410932855122818e+09
498, 4.388530070000000e-01, -5.863890460000000e-02, 3.394761146135135e-01, 0.000000000000000e+00, 0.000000000000000e+00, 5.621354681711257e+04, 1.000000000000000e-10, 1.411977416083981e+09
499, 4.418474723000000e-01, -5.853224060000000e-02, 3.394500844072453e-01, 0.000000000000000e+00, 0.000000000000000e+00, 5.612980757436323e+04, 1.000000000000000e-10, 1.410424702530358e+09
500, 4.448414571000000e-01, -5.841278340000000e-02, 3.391321769160038e-01, 0.000000000000000e+00, 0.000000000000000e+00, 5.598391115364186e+04, 1.000000000000000e-10, 1.409832465321507e+09
501, 4.478352435000000e-01, -5.828842610000000e-02, 3.381177147050372e-01, 0.000000000000000e+00, 0.000000000000000e+00, 5.573323139383685e+04, 1.000000000000000e-10, 1.412324133994042e+09
502, 4.508291556000000e-01, -5.816714900000000e-02, 3.361804726676078e-01, 0.000000000000000e+00, 0.000000000000000e+00, 5.535885996289129e+04, 1.000000000000000e-10, 1.419296324590680e+09
503, 4.538232940000000e-01, -5.805158270000000e-02, 3.341760737206960e-01, 0.000000000000000e+00, 0.000000000000000e+00, 5.500269617299212e+04, 1.000000000000000e-10, 1.427272814322948e+09
504, 4.568173812000000e-01, -5.793470060000000e-02, 3.332272036750745e-01, 0.000000000000000e+00, 0.000000000000000e+00, 5.486403064838815e+04, 1.000000000000000e-10, 1.431713956953814e+09
505, 4.598110864000000e-01, -5.780846580000000e-02, 3.345001241205844e-01, 0.000000000000000e+00, 0.000000000000000e+00, 5.513786522729827e+04, 1.000000000000000e-10, 1.427625668520226e+09
506, 4.628041128000000e-01, -5.766705430000000e-02, 3.374642582483884e-01, 0.000000000000000e+00, 0.000000000000000e+00, 5.573803779040463e+04, 1.000000000000000e-10, 1.417425577040682e+09
507, 4.657966345000000e-01, -5.751528910000000e-02, 3.400128803315688e-01, 0.000000000000000e+00, 0.000000000000000e+00, 5.630167435097338e+04, 1.000000000000000e-10, 1.409741655141153e+09
508, 4.687890375000000e-01, -5.736119260000000e-02, 3.414422171133032e-01, 0.000000000000000e+00, 0.000000000000000e+00, 5.670413831689844e+04, 1.000000000000000e-10, 1.407228408648715e+09
509, 4.717816992000000e-01, -5.721221950000000e-02, 3.425761985095556e-01, 0.000000000000000e+00, 0.000000000000000e+00, 5.706121022270460e+04, 1.000000000000000e-10, 1.405991763308158e+09
510, 4.747745571000000e-01, -5.706722820000000e-02, 3.439841934215038e-01, 0.000000000000000e+00, 0.000000000000000e+00, 5.747161769494938e+04, 1.000000000000000e-10, 1.403756230662511e+09
511, 4.777672246000000e-01, -5.691837390000000e-02, 3.462376051643004e-01, 0.000000000000000e+00, 0.000000000000000e+00, 5.801100668670767e+04, 1.000000000000000e-10, 1.397875025757362e+09
512, 4.807592922000000e-01, -5.675795070000000e-02, 3.480011448185735e-01, 0.000000000000000e+00, 0.000000000000000e+00, 5.843784639437234e+04, 1.000000000000000e-10, 1.393362559279161e+09
513, 4.837507599000000e-01, -5.658667410000000e-02, 3.483727766730486e-01, 0.000000000000000e+00, 0.000000000000000e+00, 5.858464731292402e+04, 1.000000000000000e-10, 1.393501370380262e+09
514, 4.867417038000000e-01, -5.640648100000000e-02, 3.480519357036484e-01, 0.000000000000000e+00, 0.000000000000000e+00, 5.857645692922983e+04, 1.000000000000000e-10, 1.395712496826507e+09
515, 4.897320976000000e-01, -5.621737780000000e-02, 3.477376850450006e-01, 0.000000000000000e+00, 0.000000000000000e+00, 5.854947830318798e+04, 1.000000000000000e-10, 1.397480937724683e+09
516, 4.927219151000000e-01, -5.601937110000000e-02, 3.471414630204896e-01, 0.000000000000000e+00, 0.000000000000000e+00, 5.847761823621201e+04, 1.000000000000000e-10, 1.400396535603207e+09
517, 4.957111300000000e-01, -5.581246800000000e-02, 3.461751803792358e-01, 0.000000000000000e+00, 0.000000000000000e+00, 5.835440547285927e+04, 1.000000000000000e-10, 1.405068918072631e+09
518, 4.986997164000000e-01, -5.559667590000000e-02, 3.460181344156595e-01, 0.000000000000000e+00, 0.000000000000000e+00, 5.836706168755025e+04, 1.000000000000000e-10, 1.406511819709904e+09
519, 5.016875582000000e-01, -5.537082560000000e-02, 3.477858614597690e-01, 0.000000000000000e+00, 0.000000000000000e+00, 5.872349021542246e+04, 1.000000000000000e-10, 1.400501217275000e+09
520, 5.046744459000000e-01, -5.513267300000000e-02, 3.513970692635696e-01, 0.000000000000000e+00, 0.000000000000000e+00, 5.942133754810828e+04, 1.000000000000000e-10, 1.387822019491133e+09
521, 5.076609077000001e-01, -5.488922320000000e-02, 3.542345846691873e-01, 0.000000000000000e+00, 0.000000000000000e+00, 5.999965348208887e+04, 1.000000000000000e-10, 1.378558516163347e+09
522, 5.106475810000000e-01, -5.464838960000000e-02, 3.551844303775639e-01, 0.000000000000000e+00, 0.000000000000000e+00, 6.026152787605158e+04, 1.000000000000000e-10, 1.376741233377331e+09
523, 5.136347221999999e-01, -5.441342690000000e-02, 3.550890060633491e-01, 0.000000000000000e+00, 0.000000000000000e+00, 6.033296674081164e+04, 1.000000000000000e-10, 1.378766490176053e+09
524, 5.166218002000000e-01, -5.417766240000000e-02, 3.549147641710405e-01, 0.000000000000000e+00, 0.000000000000000e+00, 6.038161297389152e+04, 1.000000000000000e-10, 1.380907202008005e+09
525, 5.196081732000000e-01, -5.393315480000000e-02, 3.558879193745546e-01, 0.000000000000000e+00, 0.000000000000000e+00, 6.061145433129452e+04, 1.000000000000000e-10, 1.378335454644444e+09
526, 5.225935011000000e-01, -5.367618930000000e-02, 3.571588665901426e-01, 0.000000000000000e+00, 0.000000000000000e+00, 6.088443526345238e+04, 1.000000000000000e-10, 1.374459122898106e+09
527, 5.255780483000000e-01, -5.341030860000000e-02, 3.577484676542519e-01, 0.000000000000000e+00, 0.000000000000000e+00, 6.103384856883966e+04, 1.000000000000000e-10, 1.373083079555027e+09
528, 5.285617956000001e-01, -5.313559520000000e-02, 3.578989129140399e-01, 0.000000000000000e+00, 0.000000000000000e+00, 6.110606185879354e+04, 1.000000000000000e-10, 1.373387868597286e+09
529, 5.315447173000000e-01, -5.285205880000000e-02, 3.575561414459446e-01, 0.000000000000000e+00, 0.000000000000000e+00, 6.110015687421964e+04, 1.000000000000000e-10, 1.375672286380394e+09
530, 5.345267882000000e-01, -5.255970920000000e-02, 3.567678237883285e-01, 0.000000000000000e+00, 0.000000000000000e+00, 6.102639679279998e+04, 1.000000000000000e-10, 1.379815085147237e+09
531, 5.375079829000000e-01, -5.225855670000000e-02, 3.566863630285112e-01, 0.000000000000000e+00, 0.000000000000000e+00, 6.106923824656390e+04, 1.000000000000000e-10, 1.381126487640784e+09
532, 5.404882648000000e-01, -5.194849960000000e-02, 3.583437833050194e-01, 0.000000000000000e+00, 0.000000000000000e+00, 6.139423300956757e+04, 1.000000000000000e-10, 1.375528285718702e+09
533, 5.434672252000000e-01, -5.162600380000000e-02, 3.613511876464973e-01, 0.000000000000000e+00, 0.000000000000000e+00, 6.194975140134688e+04, 1.000000000000000e-10, 1.364843186031157e+09
534, 5.464452645000000e-01, -5.129509310000000e-02, 3.632092197208204e-01, 0.000000000000000e+00, 0.000000000000000e+00, 6.230407450020620e+04, 1.000000000000000e-10, 1.358497910160129e+09
535, 5.494232392000000e-01, -5.096360040000000e-02, 3.632570901007787e-01, 0.000000000000000e+00, 0.000000000000000e+00, 6.233874352852632e+04, 1.000000000000000e-10, 1.358729906536915e+09
536, 5.524018620000000e-01, -5.063798680000000e-02, 3.624070774343428e-01, 0.000000000000000e+00, 0.000000000000000e+00, 6.220422926200420e+04, 1.000000000000000e-10, 1.362119649016436e+09
537, 5.553807501000000e-01, -5.031480440000000e-02, 3.618332208624802e-01, 0.000000000000000e+00, 0.000000000000000e+00, 6.210931514457994e+04, 1.000000000000000e-10, 1.364333768496956e+09
538, 5.583590480000000e-01, -4.998623770000000e-02, 3.626357835649355e-01, 0.000000000000000e+00, 0.000000000000000e+00, 6.225168149853893e+04, 1.000000000000000e-10, 1.361440270745916e+09
539, 5.613359734000000e-01, -4.964547060000000e-02, 3.638739619983122e-01, 0.000000000000000e+00, 0.000000000000000e+00, 6.248121817042301e+04, 1.000000000000000e-10, 1.357147919208117e+09
540, 5.643117559000000e-01, -4.929485250000000e-02, 3.643403544916255e-01, 0.000000000000000e+00, 0.000000000000000e+00, 6.258889876912854e+04, 1.000000000000000e-10, 1.355898284008926e+09
541, 5.672864971000000e-01, -4.893550630000000e-02, 3.642925932614365e-01, 0.000000000000000e+00, 0.000000000000000e+00, 6.261489211360106e+04, 1.000000000000000e-10, 1.356649029813462e+09
542, 5.702601725000001e-01, -4.856744460000000e-02, 3.642152526556232e-01, 0.000000000000000e+00, 0.000000000000000e+00, 6.263909875273729e+04, 1.000000000000000e-10, 1.357599905308512e+09
543, 5.732327578000000e-01, -4.819067990000000e-02, 3.645327576856706e-01, 0.000000000000000e+00, 0.000000000000000e+00, 6.272860533529521e+04, 1.000000000000000e-10, 1.357016072382280e+09
544, 5.762042288000000e-01, -4.780522520000000e-02, 3.655127971134345e-01, 0.000000000000000e+00, 0.000000000000000e+00, 6.292358171224279e+04, 1.000000000000000e-10, 1.353840829648208e+09
545, 5.791745615000000e-01, -4.741109350000000e-02, 3.669121867003901e-01, 0.000000000000000e+00, 0.000000000000000e+00, 6.317792960010449e+04, 1.000000000000000e-10, 1.348911263126153e+09
546, 5.821437317000000e-01, -4.700829840000000e-02, 3.677392344992103e-01, 0.000000000000000e+00, 0.000000000000000e+00, 6.332024776564759e+04, 1.000000000000000e-10, 1.345895819671778e+09
547, 5.851117156000000e-01, -4.659685360000000e-02, 3.677568559937028e-01, 0.000000000000000e+00, 0.000000000000000e+00, 6.330708979685751e+04, 1.000000000000000e-10, 1.345550797235196e+09
548, 5.880784894000000e-01, -4.617677290000000e-02, 3.679996306209162e-01, 0.000000000000000e+00, 0.000000000000000e+00, 6.331304454085979e+04, 1.000000000000000e-10, 1.344042932973309e+09
549, 5.910439602000001e-01, -4.574759280000000e-02, 3.697536882795451e-01, 0.000000000000000e+00, 0.000000000000000e+00, 6.356559133438718e+04, 1.000000000000000e-10, 1.336779320914805e+09
550, 5.940076158000001e-01, -4.530605300000000e-02, 3.730389547102063e-01, 0.000000000000000e+00, 0.000000000000000e+00, 6.407649441779179e+04, 1.000000000000000e-10, 1.324123109684948e+09
551, 5.969702442000000e-01, -4.485766250000000e-02, 3.753935031499185e-01, 0.000000000000000e+00, 0.000000000000000e+00, 6.442441841114709e+04, 1.000000000000000e-10, 1.314877091199552e+09
552, 5.999329905000000e-01, -4.441005360000000e-02, 3.761744749537038e-01, 0.000000000000000e+00, 0.000000000000000e+00, 6.449770297837081e+04, 1.000000000000000e-10, 1.311104106623701e+09
553, 6.028966429000000e-01, -4.396848360000000e-02, 3.762314548362669e-01, 0.000000000000000e+00, 0.000000000000000e+00, 6.443919499546192e+04, 1.000000000000000e-10, 1.309777587838550e+09
554, 6.058604630000000e-01, -4.352803920000000e-02, 3.767622897874016e-01, 0.000000000000000e+00, 0.000000000000000e+00, 6.445703238519164e+04, 1.000000000000000e-10, 1.306745096598684e+09
555, 6.088233068000000e-01, -4.308108430000000e-02, 3.787248636255319e-01, 0.000000000000000e+00, 0.000000000000000e+00, 6.471659089342554e+04, 1.000000000000000e-10, 1.298724785241750e+09
556, 6.117840715000000e-01, -4.262056990000000e-02, 3.812972697622542e-01, 0.000000000000000e+00, 0.000000000000000e+00, 6.507922030075549e+04, 1.000000000000000e-10, 1.288721820922263e+09
557, 6.147428891000000e-01, -4.214769180000000e-02, 3.834645155472970e-01, 0.000000000000000e+00, 0.000000000000000e+00, 6.537309121891246e+04, 1.000000000000000e-10, 1.280221716717797e+09
558, 6.177009164000000e-01, -4.166988860000000e-02, 3.848181738622379e-01, 0.000000000000000e+00, 0.000000000000000e+00, 6.553254671017905e+04, 1.000000000000000e-10, 1.274578125283710e+09
559, 6.206593651000000e-01, -4.119470460000000e-02, 3.852114088930503e-01, 0.000000000000000e+00, 0.000000000000000e+00, 6.553558474716316e+04, 1.000000000000000e-10, 1.272262376241383e+09
560, 6.236187181000000e-01, -4.072518330000000e-02, 3.853324127215552e-01, 0.000000000000000e+00, 0.000000000000000e+00, 6.549717774061358e+04, 1.000000000000000e-10, 1.270952066911504e+09
561, 6.265779548000000e-01, -4.025493070000000e-02, 3.861736339933090e-01, 0.000000000000000e+00, 0.000000000000000e+00, 6.558762038884315e+04, 1.000000000000000e-10, 1.267353004289481e+09
562, 6.295358580000000e-01, -3.977637300000000e-02, 3.886012932468147e-01, 0.000000000000000e+00, 0.000000000000000e+00, 6.595215219178121e+04, 1.000000000000000e-10, 1.258688534110748e+09
563, 6.324917848000000e-01, -3.928575100000000e-02, 3.908035164267062e-01, 0.000000000000000e+00, 0.000000000000000e+00, 6.628445589775771e+04, 1.000000000000000e-10, 1.250955560320380e+09
564, 6.354462727000000e-01, -3.878653410000000e-02, 3.912737963994444e-01, 0.000000000000000e+00, 0.000000000000000e+00, 6.632718503651497e+04, 1.000000000000000e-10, 1.248873411341120e+09
565, 6.383993153000000e-01, -3.827883870000000e-02, 3.913264709305898e-01, 0.000000000000000e+00, 0.000000000000000e+00, 6.629959655201550e+04, 1.000000000000000e-10, 1.248142587808845e+09
566, 6.413507560000000e-01, -3.776191640000000e-02, 3.927379217247284e-01, 0.000000000000000e+00, 0.000000000000000e+00, 6.650494917343777e+04, 1.000000000000000e-10, 1.243124353268909e+09
567, 6.443000666000001e-01, -3.723297330000000e-02, 3.958656343307979e-01, 0.000000000000000e+00, 0.000000000000000e+00, 6.700446235172132e+04, 1.000000000000000e-10, 1.232855090627288e+09
568, 6.472482997000000e-01, -3.669805020000000e-02, 3.979026979962544e-01, 0.000000000000000e+00, 0.000000000000000e+00, 6.732223986860717e+04, 1.000000000000000e-10, 1.226156607153536e+09
569, 6.501967952000000e-01, -3.616457690000000e-02, 3.985588251380900e-01, 0.000000000000000e+00, 0.000000000000000e+00, 6.740966529838412e+04, 1.000000000000000e-10, 1.223787377644006e+09
570, 6.531457706000000e-01, -3.563376130000000e-02, 3.992731835209628e-01, 0.000000000000000e+00, 0.000000000000000e+00, 6.750942912073797e+04, 1.000000000000000e-10, 1.221285835517416e+09
571, 6.560947461000000e-01, -3.510294570000000e-02, 4.013187997679297e-01, 0.000000000000000e+00, 0.000000000000000e+00, 6.784039106026047e+04, 1.000000000000000e-10, 1.214831369493531e+09
572, 6.590437216000000e-01, -3.457213010000000e-02, 4.031074341753805e-01, 0.000000000000000e+00, 0.000000000000000e+00, 6.813291807184111e+04, 1.000000000000000e-10, 1.209297172650342e+09
573, 6.619929736000000e-01, -3.404285490000000e-02, 4.037576864426378e-01, 0.000000000000000e+00, 0.000000000000000e+00, 6.823880241349014e+04, 1.000000000000000e-10, 1.207291326176718e+09
574, 6.649427455000000e-01, -3.351648340000000e-02, 4.035062505876230e-01, 0.000000000000000e+00, 0.000000000000000e+00, 6.819652923195025e+04, 1.000000000000000e-10, 1.208046841362826e+09
575, 6.678917876000000e-01, -3.298604320000000e-02, 4.035681371526761e-01, 0.000000000000000e+00, 0.000000000000000e+00, 6.821190110764377e+04, 1.000000000000000e-10, 1.207928843819221e+09
576, 6.708387459000000e-01, -3.244415800000000e-02, 4.053679532831936e-01, 0.000000000000000e+00, 0.000000000000000e+00, 6.852314165471468e+04, 1.000000000000000e-10, 1.202666790911677e+09
577, 6.737831424000000e-01, -3.188851370000000e-02, 4.080827403012016e-01, 0.000000000000000e+00, 0.000000000000000e+00, 6.898940178513192e+04, 1.000000000000000e-10, 1.194769512403944e+09
578, 6.767261656000000e-01, -3.132563310000000e-02, 4.095759466807967e-01, 0.000000000000000e+00, 0.000000000000000e+00, 6.924996752980756e+04, 1.000000000000000e-10, 1.190528154967000e+09
579, 6.796692174000000e-01, -3.076290160000000e-02, 4.098860237649581e-01, 0.000000000000000e+00, 0.000000000000000e+00, 6.931312818825555e+04, 1.000000000000000e-10, 1.189766105224168e+09
580, 6.826129130000000e-01, -3.020354650000000e-02, 4.100356296987600e-01, 0.000000000000000e+00, 0.000000000000000e+00, 6.935105720589690e+04, 1.000000000000000e-10, 1.189509435595213e+09
581, 6.855566182000000e-01, -2.964424250000000e-02, 4.107365566948417e-01, 0.000000000000000e+00, 0.000000000000000e+00, 6.948442609760691e+04, 1.000000000000000e-10, 1.187664110840204e+09
582, 6.885003235000000e-01, -2.908493850000000e-02, 4.123393925254033e-01, 0.000000000000000e+00, 0.000000000000000e+00, 6.977005078923413e+04, 1.000000000000000e-10, 1.183248455504114e+09
583, 6.914440287000000e-01, -2.852563450000000e-02, 4.139100615572624e-01, 0.000000000000000e+00, 0.000000000000000e+00, 7.004725531938416e+04, 1.000000000000000e-10, 1.178916024622068e+09
584, 6.943877340000000e-01, -2.796633050000000e-02, 4.147862120128210e-01, 0.000000000000000e+00, 0.000000000000000e+00, 7.020456496963311e+04, 1.000000000000000e-10, 1.176549812195118e+09
585, 6.973314392000000e-01, -2.740702650000000e-02, 4.153989279583807e-01, 0.000000000000000e+00, 0.000000000000000e+00, 7.031636265575765e+04, 1.000000000000000e-10, 1.174925117714942e+09
586, 7.002751444999999e-01, -2.684772250000000e-02, 4.162526738028768e-01, 0.000000000000000e+00, 0.000000000000000e+00, 7.046932259039595e+04, 1.000000000000000e-10, 1.172630348515572e+09
587, 7.032188497000000e-01, -2.628841850000000e-02, 4.172480154882949e-01, 0.000000000000000e+00, 0.000000000000000e+00, 7.064722914708116e+04, 1.000000000000000e-10, 1.169960517660499e+09
588, 7.061625550000000e-01, -2.572911460000000e-02, 4.182469504633364e-01, 0.000000000000000e+00, 0.000000000000000e+00, 7.082669844776255e+04, 1.000000000000000e-10, 1.167351501543048e+09
589, 7.091062603000000e-01, -2.516981060000000e-02, 4.190891816076004e-01, 0.000000000000000e+00, 0.000000000000000e+00, 7.098065911119612e+04, 1.000000000000000e-10, 1.165157856823860e+09
590, 7.120499655000000e-01, -2.461050660000000e-02, 4.199042838442499e-01, 0.000000000000000e+00, 0.000000000000000e+00, 7.113146684742738e+04, 1.000000000000000e-10, 1.163066837872648e+09
591, 7.149936708000000e-01, -2.405120260000000e-02, 4.207388452160657e-01, 0.000000000000000e+00, 0.000000000000000e+00, 7.128720035566149e+04, 1.000000000000000e-10, 1.160951266918636e+09
592, 7.179373760000000e-01, -2.349189860000000e-02, 4.216571471145880e-01, 0.000000000000000e+00, 0.000000000000000e+00, 7.145853823508586e+04, 1.000000000000000e-10, 1.158631908868249e+09
593, 7.208810812999999e-01, -2.293259460000000e-02, 4.224941588526660e-01, 0.000000000000000e+00, 0.000000000000000e+00, 7.161740030315712e+04, 1.000000000000000e-10, 1.156561417400265e+09
594, 7.238247865000000e-01, -2.237329060000000e-02, 4.232795790083745e-01, 0.000000000000000e+00, 0.000000000000000e+00, 7.176891164793349e+04, 1.000000000000000e-10, 1.154657310139820e+09
595, 7.267684918000000e-01, -2.181398660000000e-02, 4.240378414644512e-01, 0.000000000000000e+00, 0.000000000000000e+00, 7.191720543357207e+04, 1.000000000000000e-10, 1.152851376874795e+09
596, 7.297121971000000e-01, -2.125468260000000e-02, 4.248316131420526e-01, 0.000000000000000e+00, 0.000000000000000e+00, 7.207276900079033e+04, 1.000000000000000e-10, 1.150971007321475e+09
597, 7.326559023000000e-01, -2.069537860000000e-02, 4.255080826319441e-01, 0.000000000000000e+00, 0.000000000000000e+00, 7.220970252996241e+04, 1.000000000000000e-10, 1.149429996227957e+09
598, 7.355996076000000e-01, -2.013607460000000e-02, 4.263111178916435e-01, 0.000000000000000e+00, 0.000000000000000e+00, 7.236958952464134e+04, 1.000000000000000e-10, 1.147571180616443e+09
599, 7.385433128000000e-01, -1.957677060000000e-02, 4.272614960188584e-01, 0.000000000000000e+00, 0.000000000000000e+00, 7.255626253915420e+04, 1.000000000000000e-10, 1.145345853408544e+09
600, 7.414870181000000e-01, -1.901746660000000e-02, 4.279932844670529e-01, 0.000000000000000e+00, 0.000000000000000e+00, 7.270839644179928e+04, 1.000000000000000e-10, 1.143746117098729e+09
601, 7.444307233000000e-01, -1.845816260000000e-02, 4.284056544553998e-01, 0.000000000000000e+00, 0.000000000000000e+00, 7.281052806811154e+04, 1.000000000000000e-10, 1.143057129251400e+09
602, 7.473744286000000e-01, -1.789885860000000e-02, 4.288881215449216e-01, 0.000000000000000e+00, 0.000000000000000e+00, 7.293046346466597e+04, 1.000000000000000e-10, 1.142257270283619e+09
603, 7.503181249000000e-01, -1.733950730000000e-02, 4.300559939848022e-01, 0.000000000000000e+00, 0.000000000000000e+00, 7.317490329927941e+04, 1.000000000000000e-10, 1.139739337224065e+09
604, 7.532611798000000e-01, -1.677679240000000e-02, 4.315941200607365e-01, 0.000000000000000e+00, 0.000000000000000e+00, 7.348774756053074e+04, 1.000000000000000e-10, 1.136321478801129e+09
605, 7.562042001000000e-01, -1.621389660000000e-02, 4.324353751913475e-01, 0.000000000000000e+00, 0.000000000000000e+00, 7.368265256542410e+04, 1.000000000000000e-10, 1.134758548939581e+09
606, 7.591485878000001e-01, -1.565820530000000e-02, 4.325669854956505e-01, 0.000000000000000e+00, 0.000000000000000e+00, 7.375435197454054e+04, 1.000000000000000e-10, 1.135033109860654e+09
607, 7.620955345000000e-01, -1.511625730000000e-02, 4.324999827106633e-01, 0.000000000000000e+00, 0.000000000000000e+00, 7.378826004487058e+04, 1.000000000000000e-10, 1.135779191422113e+09
608, 7.650445705000000e-01, -1.458578350000000e-02, 4.327200832579338e-01, 0.000000000000000e+00, 0.000000000000000e+00, 7.386765800496949e+04, 1.000000000000000e-10, 1.135735673574424e+09
609, 7.679943422000000e-01, -1.405941050000000e-02, 4.334187633991877e-01, 0.000000000000000e+00, 0.000000000000000e+00, 7.402666367590966e+04, 1.000000000000000e-10, 1.134413108796919e+09
610, 7.709435269000000e-01, -1.352976200000000e-02, 4.345066683488095e-01, 0.000000000000000e+00, 0.000000000000000e+00, 7.425229536802036e+04, 1.000000000000000e-10, 1.132068729004685e+09
611, 7.738917632000000e-01, -1.299485690000000e-02, 4.357295299842623e-01, 0.000000000000000e+00, 0.000000000000000e+00, 7.450281625612326e+04, 1.000000000000000e-10, 1.129398580735494e+09
612, 7.768402548000000e-01, -1.246136210000000e-02, 4.363683112034593e-01, 0.000000000000000e+00, 0.000000000000000e+00, 7.465299042465464e+04, 1.000000000000000e-10, 1.128250735314005e+09
613, 7.797903352000000e-01, -1.193673480000000e-02, 4.363302592794737e-01, 0.000000000000000e+00, 0.000000000000000e+00, 7.468391103865439e+04, 1.000000000000000e-10, 1.128788931471442e+09
614, 7.827429347000000e-01, -1.142647830000000e-02, 4.361575833558545e-01, 0.000000000000000e+00, 0.000000000000000e+00, 7.468694607479537e+04, 1.000000000000000e-10, 1.129641983229994e+09
615, 7.856972424999999e-01, -1.092619490000000e-02, 4.365665438301201e-01, 0.000000000000000e+00, 0.000000000000000e+00, 7.478579232465696e+04, 1.000000000000000e-10, 1.128938870671746e+09
616, 7.886519677000000e-01, -1.042837940000000e-02, 4.379710225613900e-01, 0.000000000000000e+00, 0.000000000000000e+00, 7.505475719225818e+04, 1.000000000000000e-10, 1.125669740451367e+09
617, 7.916060843000000e-01, -9.926965700000000e-03, 4.390702117184846e-01, 0.000000000000000e+00, 0.000000000000000e+00, 7.527369852145051e+04, 1.000000000000000e-10, 1.123219537832505e+09
618, 7.945600712999999e-01, -9.424787900000000e-03, 4.391176721665860e-01, 0.000000000000000e+00, 0.000000000000000e+00, 7.531324377508787e+04, 1.000000000000000e-10, 1.123479626019482e+09
619, 7.975140582000000e-01, -8.922610100000001e-03, 4.389719641769498e-01, 0.000000000000000e+00, 0.000000000000000e+00, 7.531929297797014e+04, 1.000000000000000e-10, 1.124230582382794e+09
620, 8.004680280000001e-01, -8.420330800000000e-03, 4.396329693266118e-01, 0.000000000000000e+00, 0.000000000000000e+00, 7.546603506754311e+04, 1.000000000000000e-10, 1.122986231099702e+09
621, 8.034213936000000e-01, -7.914512699999999e-03, 4.411289298047805e-01, 0.000000000000000e+00, 0.000000000000000e+00, 7.576157414185983e+04, 1.000000000000000e-10, 1.119645085064166e+09
622, 8.063747975000000e-01, -7.408918400000000e-03, 4.420354335844160e-01, 0.000000000000000e+00, 0.000000000000000e+00, 7.595782486262068e+04, 1.000000000000000e-10, 1.117797521040023e+09
623, 8.093295144000000e-01, -6.911064600000000e-03, 4.422416196424269e-01, 0.000000000000000e+00, 0.000000000000000e+00, 7.603099013750821e+04, 1.000000000000000e-10, 1.117727636078247e+09
624, 8.122862570000000e-01, -6.425381100000000e-03, 4.422880207024644e-01, 0.000000000000000e+00, 0.000000000000000e+00, 7.607164878430660e+04, 1.000000000000000e-10, 1.118035007951973e+09
625, 8.152444195000000e-01, -5.948422800000000e-03, 4.426988687554596e-01, 0.000000000000000e+00, 0.000000000000000e+00, 7.617018182169191e+04, 1.000000000000000e-10, 1.117340397949410e+09
626, 8.182039458000000e-01, -5.480001300000000e-03, 4.434791107396598e-01, 0.000000000000000e+00, 0.000000000000000e+00, 7.632912478071360e+04, 1.000000000000000e-10, 1.115668873697156e+09
627, 8.211648134000000e-01, -5.020132300000000e-03, 4.441741024082693e-01, 0.000000000000000e+00, 0.000000000000000e+00, 7.647179454817719e+04, 1.000000000000000e-10, 1.114174021298494e+09
628, 8.241269989000000e-01, -4.568831200000000e-03, 4.447780109633058e-01, 0.000000000000000e+00, 0.000000000000000e+00, 7.659876429623521e+04, 1.000000000000000e-10, 1.112898927857926e+09
629, 8.270904793000000e-01, -4.126113200000000e-03, 4.454930334552860e-01, 0.000000000000000e+00, 0.000000000000000e+00, 7.674650085482895e+04, 1.000000000000000e-10, 1.111416299324424e+09
630, 8.300552314000000e-01, -3.691994500000000e-03, 4.459234072628879e-01, 0.000000000000000e+00, 0.000000000000000e+00, 7.684670615170384e+04, 1.000000000000000e-10, 1.110645920357801e+09
631, 8.330216764000000e-01, -3.269608000000000e-03, 4.460437215423060e-01, 0.000000000000000e+00, 0.000000000000000e+00, 7.689301778589713e+04, 1.000000000000000e-10, 1.110650077792902e+09
632, 8.359894521000000e-01, -2.856659800000000e-03, 4.462183362732435e-01, 0.000000000000000e+00, 0.000000000000000e+00, 7.694865057195196e+04, 1.000000000000000e-10, 1.110519203536528e+09
633, 8.389574719000000e-01, -2.445467200000000e-03, 4.468222824193054e-01, 0.000000000000000e+00, 0.000000000000000e+00, 7.708262612909304e+04, 1.000000000000000e-10, 1.109380600218062e+09
634, 8.419245535000000e-01, -2.027571400000000e-03, 4.475761463314315e-01, 0.000000000000000e+00, 0.000000000000000e+00, 7.725017710488742e+04, 1.000000000000000e-10, 1.107955359305522e+09
635, 8.448907007000001e-01, -1.603081000000000e-03, 4.482360674572800e-01, 0.000000000000000e+00, 0.000000000000000e+00, 7.740571813656279e+04, 1.000000000000000e-10, 1.106824653854741e+09
636, 8.478579874000000e-01, -1.186655300000000e-03, 4.487052100289547e-01, 0.000000000000000e+00, 0.000000000000000e+00, 7.752721054466012e+04, 1.000000000000000e-10, 1.106137784863530e+09
637, 8.508284127000000e-01, -7.933073000000000e-04, 4.488559396595567e-01, 0.000000000000000e+00, 0.000000000000000e+00, 7.758815814340500e+04, 1.000000000000000e-10, 1.106115199481166e+09
638, 8.538020126000000e-01, -4.246734000000000e-04, 4.489431095570539e-01, 0.000000000000000e+00, 0.000000000000000e+00, 7.763090172703528e+04, 1.000000000000000e-10, 1.106283153774929e+09
639, 8.567775810000000e-01, -7.225130000000000e-05, 4.493517823695941e-01, 0.000000000000000e+00, 0.000000000000000e+00, 7.772308523146523e+04, 1.000000000000000e-10, 1.105526202099656e+09
640, 8.597541393000000e-01, 2.717253000000000e-04, 4.501747982530281e-01, 0.000000000000000e+00, 0.000000000000000e+00, 7.788468399411516e+04, 1.000000000000000e-10, 1.103705906688635e+09
641, 8.627313085000000e-01, 6.103705000000000e-04, 4.505837738770381e-01, 0.000000000000000e+00, 0.000000000000000e+00, 7.797525624366521e+04, 1.000000000000000e-10, 1.102914604898028e+09
642, 8.657094571000000e-01, 9.402886000000000e-04, 4.505805663209994e-01, 0.000000000000000e+00, 0.000000000000000e+00, 7.799469684048145e+04, 1.000000000000000e-10, 1.103160286407829e+09
643, 8.686885639000000e-01, 1.261439300000000e-03, 4.507095890950321e-01, 0.000000000000000e+00, 0.000000000000000e+00, 7.803814002129817e+04, 1.000000000000000e-10, 1.103087372192869e+09
644, 8.716684840000000e-01, 1.574958600000000e-03, 4.515264216639320e-01, 0.000000000000000e+00, 0.000000000000000e+00, 7.820573755710268e+04, 1.000000000000000e-10, 1.101401880772926e+09
645, 8.746489628000000e-01, 1.883117200000000e-03, 4.523240444063434e-01, 0.000000000000000e+00, 0.000000000000000e+00, 7.837619076554712e+04, 1.000000000000000e-10, 1.099828591915450e+09
646, 8.776306820999999e-01, 2.179005900000000e-03, 4.524425789743529e-01, 0.000000000000000e+00, 0.000000000000000e+00, 7.842937569433147e+04, 1.000000000000000e-10, 1.099904032199364e+09
647, 8.806143131000000e-01, 2.454910800000000e-03, 4.523264841414794e-01, 0.000000000000000e+00, 0.000000000000000e+00, 7.843860876157493e+04, 1.000000000000000e-10, 1.100521485115339e+09
648, 8.835997117000000e-01, 2.711016100000000e-03, 4.525149032714552e-01, 0.000000000000000e+00, 0.000000000000000e+00, 7.849730924386765e+04, 1.000000000000000e-10, 1.100384380679201e+09
649, 8.865865769000000e-01, 2.949408900000000e-03, 4.531899441086552e-01, 0.000000000000000e+00, 0.000000000000000e+00, 7.863936523811461e+04, 1.000000000000000e-10, 1.099029072813396e+09
650, 8.895748055000000e-01, 3.170055600000000e-03, 4.535678775045462e-01, 0.000000000000000e+00, 0.000000000000000e+00, 7.872887508238186e+04, 1.000000000000000e-10, 1.098339430370975e+09
651, 8.925644546000000e-01, 3.370490400000000e-03, 4.535383515444177e-01, 0.000000000000000e+00, 0.000000000000000e+00, 7.874482332114804e+04, 1.000000000000000e-10, 1.098664717489063e+09
652, 8.955553676000000e-01, 3.551155100000000e-03, 4.533919398203133e-01, 0.000000000000000e+00, 0.000000000000000e+00, 7.873746107576192e+04, 1.000000000000000e-10, 1.099224944401076e+09
653, 8.985469777000000e-01, 3.719930400000000e-03, 4.534471961474793e-01, 0.000000000000000e+00, 0.000000000000000e+00, 7.876483863615671e+04, 1.000000000000000e-10, 1.099297627888774e+09
654, 9.015387704000000e-01, 3.885451900000000e-03, 4.537739779215777e-01, 0.000000000000000e+00, 0.000000000000000e+00, 7.884283370350624e+04, 1.000000000000000e-10, 1.098760509601883e+09
655, 9.045306080000000e-01, 4.050146900000000e-03, 4.543013063663999e-01, 0.000000000000000e+00, 0.000000000000000e+00, 7.896046324686069e+04, 1.000000000000000e-10, 1.097779144890966e+09
656, 9.075232441000000e-01, 4.199497100000000e-03, 4.546353869572164e-01, 0.000000000000000e+00, 0.000000000000000e+00, 7.904428489230106e+04, 1.000000000000000e-10, 1.097275758405889e+09
657, 9.105172638000000e-01, 4.317576000000000e-03, 4.546021781560531e-01, 0.000000000000000e+00, 0.000000000000000e+00, 7.905852744161460e+04, 1.000000000000000e-10, 1.097581848449134e+09
658, 9.135124732000000e-01, 4.400428400000000e-03, 4.543895296201881e-01, 0.000000000000000e+00, 0.000000000000000e+00, 7.903438621468602e+04, 1.000000000000000e-10, 1.098240554392136e+09
659, 9.165083028000000e-01, 4.456858500000000e-03, 4.543020446392091e-01, 0.000000000000000e+00, 0.000000000000000e+00, 7.902687364879555e+04, 1.000000000000000e-10, 1.098507896554384e+09
660, 9.195044264000000e-01, 4.494915400000000e-03, 4.545049495842179e-01, 0.000000000000000e+00, 0.000000000000000e+00, 7.907124810024702e+04, 1.000000000000000e-10, 1.098130427907482e+09
661, 9.225006781000000e-01, 4.521098200000000e-03, 4.546612922465547e-01, 0.000000000000000e+00, 0.000000000000000e+00, 7.911461377932710e+04, 1.000000000000000e-10, 1.097942030456492e+09
662, 9.254970225000000e-01, 4.531556300000000e-03, 4.546395665032769e-01, 0.000000000000000e+00, 0.000000000000000e+00, 7.913182951713275e+04, 1.000000000000000e-10, 1.098231359713826e+09
663, 9.284933501000000e-01, 4.518230800000000e-03, 4.544645602148136e-01, 0.000000000000000e+00, 0.000000000000000e+00, 7.912174877007134e+04, 1.000000000000000e-10, 1.098897524496542e+09
664, 9.314893480999999e-01, 4.472444700000000e-03, 4.540758758324811e-01, 0.000000000000000e+00, 0.000000000000000e+00, 7.906926074375340e+04, 1.000000000000000e-10, 1.100009824765865e+09
665, 9.344846103000000e-01, 4.391470900000000e-03, 4.535561307785674e-01, 0.000000000000000e+00, 0.000000000000000e+00, 7.898749077651027e+04, 1.000000000000000e-10, 1.101369341296754e+09
666, 9.374792507000000e-01, 4.289801600000000e-03, 4.530660501803592e-01, 0.000000000000000e+00, 0.000000000000000e+00, 7.890669092061539e+04, 1.000000000000000e-10, 1.102577553384517e+09
667, 9.404737331000000e-01, 4.183520900000000e-03, 4.528161070391147e-01, 0.000000000000000e+00, 0.000000000000000e+00, 7.886999745446698e+04, 1.000000000000000e-10, 1.103297053763081e+09
668, 9.434683278000000e-01, 4.080451000000000e-03, 4.527782339962779e-01, 0.000000000000000e+00, 0.000000000000000e+00, 7.887710449952875e+04, 1.000000000000000e-10, 1.103545143847115e+09
669, 9.464625694000000e-01, 3.967701700000000e-03, 4.526146284577726e-01, 0.000000000000000e+00, 0.000000000000000e+00, 7.886529536385207e+04, 1.000000000000000e-10, 1.104085997605192e+09
670, 9.494557192999999e-01, 3.829211000000000e-03, 4.522178575550990e-01, 0.000000000000000e+00, 0.000000000000000e+00, 7.880939081309809e+04, 1.000000000000000e-10, 1.105205473110329e+09
671, 9.524469545000001e-01, 3.654174900000000e-03, 4.516539551478516e-01, 0.000000000000000e+00, 0.000000000000000e+00, 7.871832700467209e+04, 1.000000000000000e-10, 1.106707041714743e+09
672, 9.554363444000000e-01, 3.449926600000000e-03, 4.510043668938595e-01, 0.000000000000000e+00, 0.000000000000000e+00, 7.860701602599995e+04, 1.000000000000000e-10, 1.108322873484885e+09
673, 9.584242260000000e-01, 3.224624800000000e-03, 4.503784589132576e-01, 0.000000000000000e+00, 0.000000000000000e+00, 7.849780096651877e+04, 1.000000000000000e-10, 1.109831206097082e+09
674, 9.614110739000000e-01, 2.985978000000000e-03, 4.499266119258064e-01, 0.000000000000000e+00, 0.000000000000000e+00, 7.842033351405195e+04, 1.000000000000000e-10, 1.110995494795280e+09
675, 9.643968526000000e-01, 2.734335600000000e-03, 4.497281283504547e-01, 0.000000000000000e+00, 0.000000000000000e+00, 7.838646572219145e+04, 1.000000000000000e-10, 1.111471797687274e+09
676, 9.673808280000000e-01, 2.462191300000000e-03, 4.491146159371449e-01, 0.000000000000000e+00, 0.000000000000000e+00, 7.827031373985634e+04, 1.000000000000000e-10, 1.112878840097632e+09
677, 9.703620847000000e-01, 2.161784500000000e-03, 4.479108284169159e-01, 0.000000000000000e+00, 0.000000000000000e+00, 7.803191748761349e+04, 1.000000000000000e-10, 1.115534914360039e+09
678, 9.733402982000000e-01, 1.832532300000000e-03, 4.467635994853743e-01, 0.000000000000000e+00, 0.000000000000000e+00, 7.778026239395754e+04, 1.000000000000000e-10, 1.117806443578807e+09
679, 9.763154943000000e-01, 1.477044900000000e-03, 4.467144888805697e-01, 0.000000000000000e+00, 0.000000000000000e+00, 7.769429049049926e+04, 1.000000000000000e-10, 1.117024616200834e+09
680, 9.792874526000001e-01, 1.095432300000000e-03, 4.476758071169618e-01, 0.000000000000000e+00, 0.000000000000000e+00, 7.775912632183339e+04, 1.000000000000000e-10, 1.113436897219469e+09
681, 9.822556855000000e-01, 6.858801000000000e-04, 4.461478583791134e-01, 0.000000000000000e+00, 0.000000000000000e+00, 7.737327786510267e+04, 1.000000000000000e-10, 1.115837381915633e+09
682, 9.852198673000000e-01, 2.479352000000000e-04, 4.417858009588260e-01, 0.000000000000000e+00, 0.000000000000000e+00, 7.647663571944405e+04, 1.000000000000000e-10, 1.125177082602101e+09
683, 9.881808922000000e-01, -2.108983000000000e-04, 4.378693492247090e-01, 0.000000000000000e+00, 0.000000000000000e+00, 7.564678952038077e+04, 1.000000000000000e-10, 1.133379901607898e+09
684, 9.911395461000000e-01, -6.847765000000000e-04, 4.451184492250215e-01, 0.000000000000000e+00, 0.000000000000000e+00, 7.675771962819331e+04, 1.000000000000000e-10, 1.113247336305026e+09
685, 9.940944037000000e-01, -1.181769000000000e-03, 4.532279643154561e-01, 0.000000000000000e+00, 0.000000000000000e+00, 7.805418619493890e+04, 1.000000000000000e-10, 1.092174581152904e+09
686, 9.970470357000000e-01, -1.691851000000000e-03, 4.396849866122152e-01, 0.000000000000000e+00, 0.000000000000000e+00, 7.566656972690616e+04, 1.000000000000000e-10, 1.125145383927579e+09
687, 1.000000000000000e+00, 5.500000000000000e-04, 3.273612556266948e-01, 0.000000000000000e+00, 0.000000000000000e+00, 5.621661425394125e+04, 1.000000000000000e-10, 1.508573176867078e+09
