"PointID","x","y","Density","Momentum_x","Momentum_y","Energy","Turb_Kin_Energy","Omega"
0, 1.000000000000000e+00, 3.300000000000000e-03, 3.666039723200946e-01, 0.000000000000000e+00, 0.000000000000000e+00, 6.125389539566354e+04, 1.000000000000000e-10, 1.317205503973099e+09
1, 1.000000000000000e+00, -2.200000000000000e-03, 3.691563582760766e-01, 0.000000000000000e+00, 0.000000000000000e+00, 6.181429684124763e+04, 1.000000000000000e-10, 1.310430991691068e+09
6, 9.970624071000000e-01, 3.890565800000000e-03, 4.191342309281290e-01, 0.000000000000000e+00, 0.000000000000000e+00, 6.994655267958384e+04, 1.000000000000000e-10, 1.150959402969427e+09
7, 9.941250122000000e-01, 4.482116400000000e-03, 4.291349709835054e-01, 0.000000000000000e+00, 0.000000000000000e+00, 7.154924938657884e+04, 1.000000000000000e-10, 1.123283346431410e+09
8, 9.911863511000000e-01, 5.067337600000000e-03, 4.146299546810046e-01, 0.000000000000000e+00, 0.000000000000000e+00, 6.902093580081809e+04, 1.000000000000000e-10, 1.161111944755266e+09
9, 9.882453375000000e-01, 5.640619800000000e-03, 4.085839516131115e-01, 0.000000000000000e+00, 0.000000000000000e+00, 6.787128450320632e+04, 1.000000000000000e-10, 1.176251959179467e+09
10, 9.853025951000000e-01, 6.204961100000000e-03, 4.117842494554580e-01, 0.000000000000000e+00, 0.000000000000000e+00, 6.825623477272347e+04, 1.000000000000000e-10, 1.164987153935661e+09
11, 9.823582610000000e-01, 6.760941000000000e-03, 4.154871463992991e-01, 0.000000000000000e+00, 0.000000000000000e+00, 6.872660549782516e+04, 1.000000000000000e-10, 1.152652279236752e+09
12, 9.794123284000000e-01, 7.308384000000000e-03, 4.150700407514111e-01, 0.000000000000000e+00, 0.000000000000000e+00, 6.852530403570361e+04, 1.000000000000000e-10, 1.151983462276637e+09
13, 9.764641925999999e-01, 7.843832699999999e-03, 4.131125171848919e-01, 0.000000000000000e+00, 0.000000000000000e+00, 6.809103850192489e+04, 1.000000000000000e-10, 1.155887532744879e+09
14, 9.735146296000000e-01, 8.371372199999999e-03, 4.128949389065534e-01, 0.000000000000000e+00, 0.000000000000000e+00, 6.796803139947067e+04, 1.000000000000000e-10, 1.155261578591676e+09
15, 9.705649844999999e-01, 8.898453400000001e-03, 4.133813779401887e-01, 0.000000000000000e+00, 0.000000000000000e+00, 6.797828862934158e+04, 1.000000000000000e-10, 1.152925306250923e+09
16, 9.676163612000001e-01, 9.431218700000001e-03, 4.136595379197003e-01, 0.000000000000000e+00, 0.000000000000000e+00, 6.796901462897962e+04, 1.000000000000000e-10, 1.151381011557292e+09
17, 9.646681685000000e-01, 9.966365099999999e-03, 4.132892027007119e-01, 0.000000000000000e+00, 0.000000000000000e+00, 6.786657357087918e+04, 1.000000000000000e-10, 1.151825328797708e+09
18, 9.617190649000000e-01, 1.049646250000000e-02, 4.124577517924395e-01, 0.000000000000000e+00, 0.000000000000000e+00, 6.770121160408594e+04, 1.000000000000000e-10, 1.153776627049240e+09
19, 9.587677714000000e-01, 1.101421520000000e-02, 4.112910186750667e-01, 0.000000000000000e+00, 0.000000000000000e+00, 6.749204035633145e+04, 1.000000000000000e-10, 1.156799689324775e+09
20, 9.558141732000000e-01, 1.151866560000000e-02, 4.101639199889157e-01, 0.000000000000000e+00, 0.000000000000000e+00, 6.729574802563660e+04, 1.000000000000000e-10, 1.159813709608299e+09
21, 9.528595023999999e-01, 1.201680390000000e-02, 4.098544668712059e-01, 0.000000000000000e+00, 0.000000000000000e+00, 6.723510930785179e+04, 1.000000000000000e-10, 1.160548791131406e+09
22, 9.499050355999999e-01, 1.251614840000000e-02, 4.101176095764426e-01, 0.000000000000000e+00, 0.000000000000000e+00, 6.726676750736246e+04, 1.000000000000000e-10, 1.159595902838619e+09
23, 9.469515835000000e-01, 1.302146080000000e-02, 4.102250805994924e-01, 0.000000000000000e+00, 0.000000000000000e+00, 6.727052602584061e+04, 1.000000000000000e-10, 1.159113938111295e+09
24, 9.439982552000000e-01, 1.352749770000000e-02, 4.094982100952175e-01, 0.000000000000000e+00, 0.000000000000000e+00, 6.713530913154683e+04, 1.000000000000000e-10, 1.160967075315136e+09
25, 9.410437731000000e-01, 1.402674480000000e-02, 4.078828297471146e-01, 0.000000000000000e+00, 0.000000000000000e+00, 6.685295155171583e+04, 1.000000000000000e-10, 1.165312724047941e+09
26, 9.380870172000000e-01, 1.451233270000000e-02, 4.068018759563784e-01, 0.000000000000000e+00, 0.000000000000000e+00, 6.665775902466485e+04, 1.000000000000000e-10, 1.168147050073374e+09
27, 9.351283061000000e-01, 1.498587720000000e-02, 4.070070690980916e-01, 0.000000000000000e+00, 0.000000000000000e+00, 6.667278593864814e+04, 1.000000000000000e-10, 1.167284122244821e+09
28, 9.321688618000000e-01, 1.545482400000000e-02, 4.076577768224527e-01, 0.000000000000000e+00, 0.000000000000000e+00, 6.676028058207990e+04, 1.000000000000000e-10, 1.165145557386656e+09
29, 9.292098398000000e-01, 1.592642560000000e-02, 4.077879545208200e-01, 0.000000000000000e+00, 0.000000000000000e+00, 6.676142264063054e+04, 1.000000000000000e-10, 1.164482894602531e+09
30, 9.262511042000000e-01, 1.639982330000000e-02, 4.068055353349628e-01, 0.000000000000000e+00, 0.000000000000000e+00, 6.658033410382768e+04, 1.000000000000000e-10, 1.166988110865574e+09
31, 9.232923687000000e-01, 1.687322100000000e-02, 4.054689233690447e-01, 0.000000000000000e+00, 0.000000000000000e+00, 6.634178182744015e+04, 1.000000000000000e-10, 1.170553889790864e+09
32, 9.203336331000000e-01, 1.734661870000000e-02, 4.055568972821053e-01, 0.000000000000000e+00, 0.000000000000000e+00, 6.633792408877974e+04, 1.000000000000000e-10, 1.170017358211733e+09
33, 9.173752952000001e-01, 1.782249320000000e-02, 4.058185809350108e-01, 0.000000000000000e+00, 0.000000000000000e+00, 6.636206355609267e+04, 1.000000000000000e-10, 1.169000866861796e+09
34, 9.144172403000000e-01, 1.830012520000000e-02, 4.053808146554638e-01, 0.000000000000000e+00, 0.000000000000000e+00, 6.627208056502161e+04, 1.000000000000000e-10, 1.170016374746150e+09
35, 9.114582624000001e-01, 1.877199790000000e-02, 4.041021029927997e-01, 0.000000000000000e+00, 0.000000000000000e+00, 6.604456380331577e+04, 1.000000000000000e-10, 1.173447456118101e+09
36, 9.084972381000000e-01, 1.923083950000000e-02, 4.031502027461433e-01, 0.000000000000000e+00, 0.000000000000000e+00, 6.587111814489233e+04, 1.000000000000000e-10, 1.175953775008798e+09
37, 9.055342297000000e-01, 1.967670440000000e-02, 4.028987545242962e-01, 0.000000000000000e+00, 0.000000000000000e+00, 6.581276024887386e+04, 1.000000000000000e-10, 1.176432465718797e+09
38, 9.025703724000000e-01, 2.011689840000000e-02, 4.030447466714427e-01, 0.000000000000000e+00, 0.000000000000000e+00, 6.582008830790248e+04, 1.000000000000000e-10, 1.175734775661227e+09
39, 8.996067964000000e-01, 2.055898050000000e-02, 4.032565103891393e-01, 0.000000000000000e+00, 0.000000000000000e+00, 6.583920436693971e+04, 1.000000000000000e-10, 1.174889197907187e+09
40, 8.966435791000000e-01, 2.100346310000000e-02, 4.032424103861890e-01, 0.000000000000000e+00, 0.000000000000000e+00, 6.582200969914129e+04, 1.000000000000000e-10, 1.174710548710639e+09
41, 8.936803618000000e-01, 2.144794570000000e-02, 4.028438980372298e-01, 0.000000000000000e+00, 0.000000000000000e+00, 6.574373281701616e+04, 1.000000000000000e-10, 1.175677067614617e+09
42, 8.907171444000000e-01, 2.189242830000000e-02, 4.026152001976540e-01, 0.000000000000000e+00, 0.000000000000000e+00, 6.569470318786945e+04, 1.000000000000000e-10, 1.176171598772042e+09
43, 8.877539271000000e-01, 2.233691090000000e-02, 4.021991234736463e-01, 0.000000000000000e+00, 0.000000000000000e+00, 6.561567371722264e+04, 1.000000000000000e-10, 1.177223119565036e+09
44, 8.847907098000000e-01, 2.278139350000000e-02, 4.008768416710546e-01, 0.000000000000000e+00, 0.000000000000000e+00, 6.538753393981931e+04, 1.000000000000000e-10, 1.180939374560240e+09
45, 8.818274925000000e-01, 2.322587610000000e-02, 4.001073341679008e-01, 0.000000000000000e+00, 0.000000000000000e+00, 6.524790251770727e+04, 1.000000000000000e-10, 1.182998975950645e+09
46, 8.788643591999999e-01, 2.367091770000000e-02, 4.003754322388442e-01, 0.000000000000000e+00, 0.000000000000000e+00, 6.527682809388152e+04, 1.000000000000000e-10, 1.181966279022303e+09
47, 8.759017882000000e-01, 2.411968790000000e-02, 4.006089727112527e-01, 0.000000000000000e+00, 0.000000000000000e+00, 6.529933702284865e+04, 1.000000000000000e-10, 1.181078239469901e+09
48, 8.729389200000000e-01, 2.456648860000000e-02, 4.000480623465901e-01, 0.000000000000000e+00, 0.000000000000000e+00, 6.519151090370593e+04, 1.000000000000000e-10, 1.182488235638704e+09
49, 8.699746207000000e-01, 2.500367940000000e-02, 3.985747385237883e-01, 0.000000000000000e+00, 0.000000000000000e+00, 6.493375770115717e+04, 1.000000000000000e-10, 1.186604842344697e+09
50, 8.670081947000000e-01, 2.542619980000000e-02, 3.975572400338214e-01, 0.000000000000000e+00, 0.000000000000000e+00, 6.474947680549543e+04, 1.000000000000000e-10, 1.189313616546383e+09
51, 8.640404269000000e-01, 2.583920470000000e-02, 3.977557806166154e-01, 0.000000000000000e+00, 0.000000000000000e+00, 6.476477471622327e+04, 1.000000000000000e-10, 1.188498331772580e+09
52, 8.610724042000000e-01, 2.625037680000000e-02, 3.984593931481878e-01, 0.000000000000000e+00, 0.000000000000000e+00, 6.486421017785435e+04, 1.000000000000000e-10, 1.186170727971847e+09
53, 8.581049055000000e-01, 2.666531320000000e-02, 3.988321169667496e-01, 0.000000000000000e+00, 0.000000000000000e+00, 6.491240443479412e+04, 1.000000000000000e-10, 1.184873720023048e+09
54, 8.551374771000000e-01, 2.708075320000000e-02, 3.983647346153564e-01, 0.000000000000000e+00, 0.000000000000000e+00, 6.482505301247860e+04, 1.000000000000000e-10, 1.186071717861048e+09
55, 8.521700487000000e-01, 2.749619320000000e-02, 3.975789306970317e-01, 0.000000000000000e+00, 0.000000000000000e+00, 6.468472306860911e+04, 1.000000000000000e-10, 1.188226599366709e+09
56, 8.492026203000000e-01, 2.791163320000000e-02, 3.972761325550194e-01, 0.000000000000000e+00, 0.000000000000000e+00, 6.462459413777795e+04, 1.000000000000000e-10, 1.188966840468974e+09
57, 8.462351919000000e-01, 2.832707310000000e-02, 3.965053628150342e-01, 0.000000000000000e+00, 0.000000000000000e+00, 6.448762729272761e+04, 1.000000000000000e-10, 1.191100987677540e+09
58, 8.432677635000000e-01, 2.874251310000000e-02, 3.959099066687112e-01, 0.000000000000000e+00, 0.000000000000000e+00, 6.437886332179130e+04, 1.000000000000000e-10, 1.192712548745089e+09
59, 8.403003351000000e-01, 2.915795310000000e-02, 3.959967688679837e-01, 0.000000000000000e+00, 0.000000000000000e+00, 6.437997169595220e+04, 1.000000000000000e-10, 1.192251431034578e+09
60, 8.373332662000000e-01, 2.957595020000000e-02, 3.961700716607829e-01, 0.000000000000000e+00, 0.000000000000000e+00, 6.439638762507331e+04, 1.000000000000000e-10, 1.191549801183422e+09
61, 8.343664342000000e-01, 2.999562810000000e-02, 3.956687410380290e-01, 0.000000000000000e+00, 0.000000000000000e+00, 6.430181481380859e+04, 1.000000000000000e-10, 1.192851795775072e+09
62, 8.313987667000000e-01, 3.040934680000000e-02, 3.943702294491542e-01, 0.000000000000000e+00, 0.000000000000000e+00, 6.407651092384643e+04, 1.000000000000000e-10, 1.196575070891578e+09
63, 8.284292787999999e-01, 3.080977400000000e-02, 3.934187119062578e-01, 0.000000000000000e+00, 0.000000000000000e+00, 6.390414322545139e+04, 1.000000000000000e-10, 1.199185994554803e+09
64, 8.254580666000000e-01, 3.119721670000000e-02, 3.932650956952302e-01, 0.000000000000000e+00, 0.000000000000000e+00, 6.386350309466653e+04, 1.000000000000000e-10, 1.199410505744291e+09
65, 8.224861366000000e-01, 3.157912440000000e-02, 3.935861028564117e-01, 0.000000000000000e+00, 0.000000000000000e+00, 6.390252559453224e+04, 1.000000000000000e-10, 1.198216853875164e+09
66, 8.195144758000000e-01, 3.196311810000000e-02, 3.939291850881817e-01, 0.000000000000000e+00, 0.000000000000000e+00, 6.394714179131031e+04, 1.000000000000000e-10, 1.196964388564005e+09
67, 8.165431104999999e-01, 3.234939560000000e-02, 3.939416337733553e-01, 0.000000000000000e+00, 0.000000000000000e+00, 6.394249554046117e+04, 1.000000000000000e-10, 1.196848394203213e+09
68, 8.135717453000000e-01, 3.273567310000000e-02, 3.935980847806997e-01, 0.000000000000000e+00, 0.000000000000000e+00, 6.387864783582168e+04, 1.000000000000000e-10, 1.197767532867076e+09
69, 8.106003801000000e-01, 3.312195060000000e-02, 3.933847165135617e-01, 0.000000000000000e+00, 0.000000000000000e+00, 6.383556275820103e+04, 1.000000000000000e-10, 1.198291923610027e+09
70, 8.076290148000000e-01, 3.350822810000000e-02, 3.928988849216855e-01, 0.000000000000000e+00, 0.000000000000000e+00, 6.374716811134769e+04, 1.000000000000000e-10, 1.199624713790055e+09
71, 8.046576496000000e-01, 3.389450560000000e-02, 3.916564736009205e-01, 0.000000000000000e+00, 0.000000000000000e+00, 6.353549465218010e+04, 1.000000000000000e-10, 1.203313373503440e+09
72, 8.016862843000000e-01, 3.428078300000000e-02, 3.909940338842283e-01, 0.000000000000000e+00, 0.000000000000000e+00, 6.341434955456095e+04, 1.000000000000000e-10, 1.205099458409806e+09
73, 7.987150113000000e-01, 3.466776800000000e-02, 3.914255618800512e-01, 0.000000000000000e+00, 0.000000000000000e+00, 6.347235189972056e+04, 1.000000000000000e-10, 1.203543559454683e+09
74, 7.957442224000000e-01, 3.505845300000000e-02, 3.917955350730952e-01, 0.000000000000000e+00, 0.000000000000000e+00, 6.352680693634035e+04, 1.000000000000000e-10, 1.202400347952873e+09
75, 7.927731192000000e-01, 3.544673620000000e-02, 3.912371159493961e-01, 0.000000000000000e+00, 0.000000000000000e+00, 6.342853865874693e+04, 1.000000000000000e-10, 1.203995108700805e+09
76, 7.898007096000000e-01, 3.582487200000000e-02, 3.897628961040190e-01, 0.000000000000000e+00, 0.000000000000000e+00, 6.318333063699138e+04, 1.000000000000000e-10, 1.208427899592694e+09
77, 7.868264558000000e-01, 3.618821970000000e-02, 3.888670465721871e-01, 0.000000000000000e+00, 0.000000000000000e+00, 6.302677309450048e+04, 1.000000000000000e-10, 1.211052855352094e+09
78, 7.838510978000000e-01, 3.654242800000000e-02, 3.893692256711965e-01, 0.000000000000000e+00, 0.000000000000000e+00, 6.310302171929150e+04, 1.000000000000000e-10, 1.209409274277878e+09
79, 7.808755783000000e-01, 3.689528040000000e-02, 3.903606427894700e-01, 0.000000000000000e+00, 0.000000000000000e+00, 6.325943082487072e+04, 1.000000000000000e-10, 1.206252612693424e+09
80, 7.779005125000000e-01, 3.725193850000000e-02, 3.909554596376260e-01, 0.000000000000000e+00, 0.000000000000000e+00, 6.336159864922971e+04, 1.000000000000000e-10, 1.204508314408057e+09
81, 7.749254880000001e-01, 3.760894140000000e-02, 3.904835651048790e-01, 0.000000000000000e+00, 0.000000000000000e+00, 6.329104272923045e+04, 1.000000000000000e-10, 1.206048064901810e+09
82, 7.719504636000000e-01, 3.796594440000000e-02, 3.896336544969785e-01, 0.000000000000000e+00, 0.000000000000000e+00, 6.315060875764256e+04, 1.000000000000000e-10, 1.208619102270160e+09
83, 7.689754391000000e-01, 3.832294730000000e-02, 3.892306799164967e-01, 0.000000000000000e+00, 0.000000000000000e+00, 6.308456232950469e+04, 1.000000000000000e-10, 1.209858744794710e+09
84, 7.660004146000000e-01, 3.867995020000000e-02, 3.885370175012881e-01, 0.000000000000000e+00, 0.000000000000000e+00, 6.297108452862606e+04, 1.000000000000000e-10, 1.212001948896977e+09
85, 7.630253902000000e-01, 3.903695320000000e-02, 3.882965831919412e-01, 0.000000000000000e+00, 0.000000000000000e+00, 6.293146102951522e+04, 1.000000000000000e-10, 1.212741963935731e+09
86, 7.600503657000000e-01, 3.939395610000000e-02, 3.888449802955707e-01, 0.000000000000000e+00, 0.000000000000000e+00, 6.301606741511290e+04, 1.000000000000000e-10, 1.210963593321422e+09
87, 7.570757010000000e-01, 3.975394130000000e-02, 3.892030402289156e-01, 0.000000000000000e+00, 0.000000000000000e+00, 6.307915292290604e+04, 1.000000000000000e-10, 1.209930226646336e+09
88, 7.541011654999999e-01, 4.011499540000000e-02, 3.885658013924863e-01, 0.000000000000000e+00, 0.000000000000000e+00, 6.297832372751223e+04, 1.000000000000000e-10, 1.211980086337379e+09
89, 7.511258242000000e-01, 4.046933410000000e-02, 3.869783856287301e-01, 0.000000000000000e+00, 0.000000000000000e+00, 6.272808137487306e+04, 1.000000000000000e-10, 1.217064934874977e+09
90, 7.481488621000000e-01, 4.080977130000000e-02, 3.861118655934443e-01, 0.000000000000000e+00, 0.000000000000000e+00, 6.258605096471718e+04, 1.000000000000000e-10, 1.219752842737610e+09
91, 7.451704939000000e-01, 4.113770130000000e-02, 3.868978454407314e-01, 0.000000000000000e+00, 0.000000000000000e+00, 6.271536348155265e+04, 1.000000000000000e-10, 1.217309428640183e+09
92, 7.421915967000000e-01, 4.146079960000000e-02, 3.881044191045388e-01, 0.000000000000000e+00, 0.000000000000000e+00, 6.290850647959677e+04, 1.000000000000000e-10, 1.213485960038788e+09
93, 7.392129909000000e-01, 4.178657100000000e-02, 3.886480282630960e-01, 0.000000000000000e+00, 0.000000000000000e+00, 6.300280596359508e+04, 1.000000000000000e-10, 1.211887178837857e+09
94, 7.362345880000000e-01, 4.211419530000000e-02, 3.876737740590663e-01, 0.000000000000000e+00, 0.000000000000000e+00, 6.285201259213111e+04, 1.000000000000000e-10, 1.215051154645227e+09
95, 7.332561850000000e-01, 4.244181960000000e-02, 3.866317011578022e-01, 0.000000000000000e+00, 0.000000000000000e+00, 6.268505407977037e+04, 1.000000000000000e-10, 1.218386143895739e+09
96, 7.302777821000001e-01, 4.276944400000000e-02, 3.871546168955374e-01, 0.000000000000000e+00, 0.000000000000000e+00, 6.276889608862918e+04, 1.000000000000000e-10, 1.216725439043590e+09
97, 7.272996700000000e-01, 4.309969770000000e-02, 3.877122511391167e-01, 0.000000000000000e+00, 0.000000000000000e+00, 6.286471577921437e+04, 1.000000000000000e-10, 1.215062086975461e+09
98, 7.243217382000000e-01, 4.343157600000000e-02, 3.872064817412101e-01, 0.000000000000000e+00, 0.000000000000000e+00, 6.278478253337656e+04, 1.000000000000000e-10, 1.216649894153948e+09
99, 7.213431270000000e-01, 4.375728880000000e-02, 3.855906922141035e-01, 0.000000000000000e+00, 0.000000000000000e+00, 6.252784997680390e+04, 1.000000000000000e-10, 1.221830142306194e+09
100, 7.183630640000001e-01, 4.406941800000000e-02, 3.847043384019741e-01, 0.000000000000000e+00, 0.000000000000000e+00, 6.238267578209937e+04, 1.000000000000000e-10, 1.224653113936633e+09
101, 7.153816632000000e-01, 4.436852160000000e-02, 3.854064551368581e-01, 0.000000000000000e+00, 0.000000000000000e+00, 6.249615370683682e+04, 1.000000000000000e-10, 1.222416010438259e+09
102, 7.123997234000000e-01, 4.466221600000000e-02, 3.865066627426427e-01, 0.000000000000000e+00, 0.000000000000000e+00, 6.267120061367413e+04, 1.000000000000000e-10, 1.218813423401681e+09
103, 7.094180101999999e-01, 4.495819900000000e-02, 3.870469409968532e-01, 0.000000000000000e+00, 0.000000000000000e+00, 6.275933790131160e+04, 1.000000000000000e-10, 1.217184933990892e+09
104, 7.064365126000000e-01, 4.525634870000000e-02, 3.865849732200135e-01, 0.000000000000000e+00, 0.000000000000000e+00, 6.268381342927769e+04, 1.000000000000000e-10, 1.218629534801015e+09
105, 7.034550149000000e-01, 4.555449850000000e-02, 3.858637935869057e-01, 0.000000000000000e+00, 0.000000000000000e+00, 6.256479902622401e+04, 1.000000000000000e-10, 1.220834713875833e+09
106, 7.004735172000000e-01, 4.585264830000000e-02, 3.859662000966258e-01, 0.000000000000000e+00, 0.000000000000000e+00, 6.257782834628328e+04, 1.000000000000000e-10, 1.220453046480120e+09
107, 6.974920194999999e-01, 4.615079800000000e-02, 3.854660967846438e-01, 0.000000000000000e+00, 0.000000000000000e+00, 6.249472168866290e+04, 1.000000000000000e-10, 1.222003690295334e+09
108, 6.945105217999999e-01, 4.644894780000000e-02, 3.842297078650028e-01, 0.000000000000000e+00, 0.000000000000000e+00, 6.229179183582149e+04, 1.000000000000000e-10, 1.225910171668728e+09
109, 6.915290242000000e-01, 4.674709760000000e-02, 3.839451117962350e-01, 0.000000000000000e+00, 0.000000000000000e+00, 6.223883584185802e+04, 1.000000000000000e-10, 1.226716804706017e+09
110, 6.885476161000000e-01, 4.704613990000000e-02, 3.842165680486666e-01, 0.000000000000000e+00, 0.000000000000000e+00, 6.227460361959764e+04, 1.000000000000000e-10, 1.225715831228816e+09
111, 6.855665742000000e-01, 4.734881320000000e-02, 3.844098544860891e-01, 0.000000000000000e+00, 0.000000000000000e+00, 6.229703878481355e+04, 1.000000000000000e-10, 1.224954678028865e+09
112, 6.825852395999999e-01, 4.764858270000000e-02, 3.836573526931757e-01, 0.000000000000000e+00, 0.000000000000000e+00, 6.216867069630980e+04, 1.000000000000000e-10, 1.227236295998864e+09
113, 6.796028435000000e-01, 4.793757530000000e-02, 3.818763850867078e-01, 0.000000000000000e+00, 0.000000000000000e+00, 6.187142504140781e+04, 1.000000000000000e-10, 1.232816953274838e+09
114, 6.766190426000001e-01, 4.821169240000000e-02, 3.809764464855942e-01, 0.000000000000000e+00, 0.000000000000000e+00, 6.171479946419409e+04, 1.000000000000000e-10, 1.235551478498833e+09
115, 6.736344527000000e-01, 4.847710350000000e-02, 3.815865487015460e-01, 0.000000000000000e+00, 0.000000000000000e+00, 6.179668907468534e+04, 1.000000000000000e-10, 1.233295900599893e+09
116, 6.706497918000000e-01, 4.874171610000000e-02, 3.824114872455375e-01, 0.000000000000000e+00, 0.000000000000000e+00, 6.191508856912546e+04, 1.000000000000000e-10, 1.230374646400577e+09
117, 6.676654681999999e-01, 4.901010790000000e-02, 3.822404857789884e-01, 0.000000000000000e+00, 0.000000000000000e+00, 6.186702549233168e+04, 1.000000000000000e-10, 1.230590821852129e+09
118, 6.646811620999999e-01, 4.927869540000000e-02, 3.804497376035689e-01, 0.000000000000000e+00, 0.000000000000000e+00, 6.155820423405330e+04, 1.000000000000000e-10, 1.236067277661991e+09
119, 6.616968561000000e-01, 4.954728290000000e-02, 3.790636874096754e-01, 0.000000000000000e+00, 0.000000000000000e+00, 6.131952341637450e+04, 1.000000000000000e-10, 1.240391876168059e+09
120, 6.587126148000000e-01, 4.981658670000000e-02, 3.790504523844850e-01, 0.000000000000000e+00, 0.000000000000000e+00, 6.130142045393418e+04, 1.000000000000000e-10, 1.240167559842330e+09
121, 6.557287142000000e-01, 5.008964140000000e-02, 3.792003500100670e-01, 0.000000000000000e+00, 0.000000000000000e+00, 6.130050917359712e+04, 1.000000000000000e-10, 1.239255862527950e+09
122, 6.527445878000000e-01, 5.036021100000000e-02, 3.784128100378932e-01, 0.000000000000000e+00, 0.000000000000000e+00, 6.115121461245094e+04, 1.000000000000000e-10, 1.241446262161458e+09
123, 6.497595392000000e-01, 5.062038200000000e-02, 3.764342396239608e-01, 0.000000000000000e+00, 0.000000000000000e+00, 6.080058992255473e+04, 1.000000000000000e-10, 1.247450206724006e+09
124, 6.467732199000000e-01, 5.086554410000000e-02, 3.750444291441771e-01, 0.000000000000000e+00, 0.000000000000000e+00, 6.054619839145701e+04, 1.000000000000000e-10, 1.251560234086542e+09
125, 6.437861620000001e-01, 5.110156080000000e-02, 3.748418456247736e-01, 0.000000000000000e+00, 0.000000000000000e+00, 6.047776326593202e+04, 1.000000000000000e-10, 1.251570864159432e+09
126, 6.407990088000000e-01, 5.133637300000000e-02, 3.751711320541506e-01, 0.000000000000000e+00, 0.000000000000000e+00, 6.050353441330063e+04, 1.000000000000000e-10, 1.250003624795904e+09
127, 6.378123096000000e-01, 5.157688470000000e-02, 3.752095164382723e-01, 0.000000000000000e+00, 0.000000000000000e+00, 6.047844883461784e+04, 1.000000000000000e-10, 1.249349922692684e+09
128, 6.348258525000000e-01, 5.182039160000000e-02, 3.744899354272228e-01, 0.000000000000000e+00, 0.000000000000000e+00, 6.033901311528627e+04, 1.000000000000000e-10, 1.251357425642793e+09
129, 6.318390014000000e-01, 5.205900390000000e-02, 3.731757237414082e-01, 0.000000000000000e+00, 0.000000000000000e+00, 6.010284578872880e+04, 1.000000000000000e-10, 1.255341209920509e+09
130, 6.288511656000000e-01, 5.228491860000000e-02, 3.717140492866901e-01, 0.000000000000000e+00, 0.000000000000000e+00, 5.983491739159266e+04, 1.000000000000000e-10, 1.259733939850977e+09
131, 6.258622963000000e-01, 5.249674920000000e-02, 3.711280664973234e-01, 0.000000000000000e+00, 0.000000000000000e+00, 5.971183452745030e+04, 1.000000000000000e-10, 1.261203734789042e+09
132, 6.228729552000000e-01, 5.270183440000000e-02, 3.717827592482355e-01, 0.000000000000000e+00, 0.000000000000000e+00, 5.978989518138427e+04, 1.000000000000000e-10, 1.258506326503346e+09
133, 6.198836982000000e-01, 5.290814110000000e-02, 3.725081379962482e-01, 0.000000000000000e+00, 0.000000000000000e+00, 5.988875301238152e+04, 1.000000000000000e-10, 1.255725082376073e+09
134, 6.168946444000000e-01, 5.311737490000000e-02, 3.718490882165227e-01, 0.000000000000000e+00, 0.000000000000000e+00, 5.976103336619937e+04, 1.000000000000000e-10, 1.257586560705496e+09
135, 6.139055905000000e-01, 5.332660870000000e-02, 3.697792196470329e-01, 0.000000000000000e+00, 0.000000000000000e+00, 5.940845290690977e+04, 1.000000000000000e-10, 1.264274990354808e+09
136, 6.109165367000000e-01, 5.353584240000000e-02, 3.691542429309124e-01, 0.000000000000000e+00, 0.000000000000000e+00, 5.928471001339657e+04, 1.000000000000000e-10, 1.266001669694432e+09
137, 6.079276023000000e-01, 5.374677020000000e-02, 3.693069165191388e-01, 0.000000000000000e+00, 0.000000000000000e+00, 5.929092366295634e+04, 1.000000000000000e-10, 1.265115987645539e+09
138, 6.049388740000000e-01, 5.396060430000000e-02, 3.694861791931069e-01, 0.000000000000000e+00, 0.000000000000000e+00, 5.930379903972076e+04, 1.000000000000000e-10, 1.264270416997991e+09
139, 6.019498206000000e-01, 5.416983050000000e-02, 3.687137947412922e-01, 0.000000000000000e+00, 0.000000000000000e+00, 5.916337308673676e+04, 1.000000000000000e-10, 1.266626238186658e+09
140, 5.989599226000000e-01, 5.436657950000000e-02, 3.669300718215056e-01, 0.000000000000000e+00, 0.000000000000000e+00, 5.885591996127781e+04, 1.000000000000000e-10, 1.272394445086411e+09
141, 5.959691164000001e-01, 5.454903410000000e-02, 3.658178590943176e-01, 0.000000000000000e+00, 0.000000000000000e+00, 5.865274179855633e+04, 1.000000000000000e-10, 1.275800064808353e+09
142, 5.929778870000000e-01, 5.472444030000000e-02, 3.662515244106820e-01, 0.000000000000000e+00, 0.000000000000000e+00, 5.870744684523241e+04, 1.000000000000000e-10, 1.274045681406723e+09
143, 5.899867137000000e-01, 5.490079730000000e-02, 3.672543036349296e-01, 0.000000000000000e+00, 0.000000000000000e+00, 5.886121572421394e+04, 1.000000000000000e-10, 1.270441960569213e+09
144, 5.869959152999999e-01, 5.508340180000000e-02, 3.677365424875185e-01, 0.000000000000000e+00, 0.000000000000000e+00, 5.894492396604302e+04, 1.000000000000000e-10, 1.268890722825079e+09
145, 5.840051705000000e-01, 5.526688670000000e-02, 3.669012304691418e-01, 0.000000000000000e+00, 0.000000000000000e+00, 5.881349403845849e+04, 1.000000000000000e-10, 1.271848798727633e+09
146, 5.810139992000000e-01, 5.544325400000000e-02, 3.652685165707256e-01, 0.000000000000000e+00, 0.000000000000000e+00, 5.855794661603895e+04, 1.000000000000000e-10, 1.277645731509076e+09
147, 5.780220176999999e-01, 5.560526350000000e-02, 3.648038909511554e-01, 0.000000000000000e+00, 0.000000000000000e+00, 5.848082667685190e+04, 1.000000000000000e-10, 1.279217816435932e+09
148, 5.750293853000000e-01, 5.575481730000000e-02, 3.663136531891732e-01, 0.000000000000000e+00, 0.000000000000000e+00, 5.873633911785683e+04, 1.000000000000000e-10, 1.274188561258709e+09
149, 5.720365281000001e-01, 5.589982500000000e-02, 3.681797240477831e-01, 0.000000000000000e+00, 0.000000000000000e+00, 5.904934834688342e+04, 1.000000000000000e-10, 1.267958562297802e+09
150, 5.690438169000001e-01, 5.604780920000000e-02, 3.691043340936898e-01, 0.000000000000000e+00, 0.000000000000000e+00, 5.923241155583117e+04, 1.000000000000000e-10, 1.265402971148158e+09
151, 5.660511873000000e-01, 5.619744060000000e-02, 3.683399763334980e-01, 0.000000000000000e+00, 0.000000000000000e+00, 5.913866198522123e+04, 1.000000000000000e-10, 1.268543909773822e+09
152, 5.630585577000000e-01, 5.634707210000000e-02, 3.675762334597530e-01, 0.000000000000000e+00, 0.000000000000000e+00, 5.902302144536152e+04, 1.000000000000000e-10, 1.271307089157700e+09
153, 5.600659280000000e-01, 5.649670360000000e-02, 3.684805732285323e-01, 0.000000000000000e+00, 0.000000000000000e+00, 5.917440206793161e+04, 1.000000000000000e-10, 1.268296765802980e+09
154, 5.570734513000000e-01, 5.664935650000000e-02, 3.693761160188469e-01, 0.000000000000000e+00, 0.000000000000000e+00, 5.935180867671889e+04, 1.000000000000000e-10, 1.265816679883264e+09
155, 5.540810301000000e-01, 5.680309730000000e-02, 3.689871488941787e-01, 0.000000000000000e+00, 0.000000000000000e+00, 5.931270824310309e+04, 1.000000000000000e-10, 1.267550945696601e+09
156, 5.510882624000000e-01, 5.694990830000000e-02, 3.676881365919772e-01, 0.000000000000000e+00, 0.000000000000000e+00, 5.913929718273341e+04, 1.000000000000000e-10, 1.272661460081502e+09
157, 5.480948308000000e-01, 5.708244870000000e-02, 3.674797265249359e-01, 0.000000000000000e+00, 0.000000000000000e+00, 5.912146308854273e+04, 1.000000000000000e-10, 1.273687666183752e+09
158, 5.451008633000000e-01, 5.720233900000000e-02, 3.693593421531680e-01, 0.000000000000000e+00, 0.000000000000000e+00, 5.945827725648722e+04, 1.000000000000000e-10, 1.267815082286045e+09
159, 5.421067085000000e-01, 5.731748330000000e-02, 3.714945823104204e-01, 0.000000000000000e+00, 0.000000000000000e+00, 5.982617923382086e+04, 1.000000000000000e-10, 1.260932349492841e+09
160, 5.391126656000000e-01, 5.743549340000000e-02, 3.726180802400545e-01, 0.000000000000000e+00, 0.000000000000000e+00, 6.005723126359809e+04, 1.000000000000000e-10, 1.258026835556368e+09
161, 5.361186917000000e-01, 5.755525230000000e-02, 3.719178842650662e-01, 0.000000000000000e+00, 0.000000000000000e+00, 5.997525936686548e+04, 1.000000000000000e-10, 1.260933892376652e+09
162, 5.331247178000000e-01, 5.767501130000000e-02, 3.713914894130932e-01, 0.000000000000000e+00, 0.000000000000000e+00, 5.992596567573996e+04, 1.000000000000000e-10, 1.263315207782880e+09
163, 5.301307440000000e-01, 5.779477020000000e-02, 3.724348958633598e-01, 0.000000000000000e+00, 0.000000000000000e+00, 6.009698361582612e+04, 1.000000000000000e-10, 1.259822152121919e+09
164, 5.271368887000000e-01, 5.791744960000000e-02, 3.738802863262822e-01, 0.000000000000000e+00, 0.000000000000000e+00, 6.039291539576652e+04, 1.000000000000000e-10, 1.256033160140156e+09
165, 5.241430848000000e-01, 5.804138270000000e-02, 3.738833975564822e-01, 0.000000000000000e+00, 0.000000000000000e+00, 6.044843805164803e+04, 1.000000000000000e-10, 1.256947338221371e+09
166, 5.211490097000000e-01, 5.815854030000000e-02, 3.730146515819974e-01, 0.000000000000000e+00, 0.000000000000000e+00, 6.038326240012544e+04, 1.000000000000000e-10, 1.261208858812713e+09
167, 5.181544149000000e-01, 5.826150360000000e-02, 3.732350280221284e-01, 0.000000000000000e+00, 0.000000000000000e+00, 6.046359023545050e+04, 1.000000000000000e-10, 1.261253542279771e+09
168, 5.151594046000000e-01, 5.835166060000000e-02, 3.755032772339841e-01, 0.000000000000000e+00, 0.000000000000000e+00, 6.088977142434944e+04, 1.000000000000000e-10, 1.254637305337876e+09
169, 5.121642494000000e-01, 5.843690760000000e-02, 3.778581453743449e-01, 0.000000000000000e+00, 0.000000000000000e+00, 6.130644188573834e+04, 1.000000000000000e-10, 1.247330132594036e+09
170, 5.091691748000000e-01, 5.852492480000000e-02, 3.791326483572242e-01, 0.000000000000000e+00, 0.000000000000000e+00, 6.157362103333222e+04, 1.000000000000000e-10, 1.244191498872191e+09
171, 5.061741541000000e-01, 5.861477540000000e-02, 3.787441351767967e-01, 0.000000000000000e+00, 0.000000000000000e+00, 6.155335325413739e+04, 1.000000000000000e-10, 1.246211530585568e+09
172, 5.031791335000000e-01, 5.870462600000000e-02, 3.785271964250755e-01, 0.000000000000000e+00, 0.000000000000000e+00, 6.157856985190790e+04, 1.000000000000000e-10, 1.247941619374044e+09
173, 5.001841129000000e-01, 5.879447660000000e-02, 3.797788992765478e-01, 0.000000000000000e+00, 0.000000000000000e+00, 6.179941436601688e+04, 1.000000000000000e-10, 1.244079586213850e+09
174, 4.971891791000000e-01, 5.888716460000000e-02, 3.810549793578859e-01, 0.000000000000000e+00, 0.000000000000000e+00, 6.206497966947828e+04, 1.000000000000000e-10, 1.240871476723279e+09
175, 4.941942883000000e-01, 5.898124000000000e-02, 3.808205243361807e-01, 0.000000000000000e+00, 0.000000000000000e+00, 6.206928398322807e+04, 1.000000000000000e-10, 1.242334840378537e+09
176, 4.911991976000000e-01, 5.906866820000000e-02, 3.795797532355343e-01, 0.000000000000000e+00, 0.000000000000000e+00, 6.191831357526480e+04, 1.000000000000000e-10, 1.247290786226377e+09
177, 4.882037299000000e-01, 5.914197000000000e-02, 3.793522761199318e-01, 0.000000000000000e+00, 0.000000000000000e+00, 6.190357049092318e+04, 1.000000000000000e-10, 1.248417836573645e+09
178, 4.852079712000000e-01, 5.920233930000000e-02, 3.810029259318288e-01, 0.000000000000000e+00, 0.000000000000000e+00, 6.219603724584064e+04, 1.000000000000000e-10, 1.243391207669750e+09
179, 4.822121140000000e-01, 5.925766320000000e-02, 3.827850938627060e-01, 0.000000000000000e+00, 0.000000000000000e+00, 6.249107930854728e+04, 1.000000000000000e-10, 1.237640260704523e+09
180, 4.792163079000000e-01, 5.931567380000000e-02, 3.835408679105953e-01, 0.000000000000000e+00, 0.000000000000000e+00, 6.263252799275682e+04, 1.000000000000000e-10, 1.235496087443063e+09
181, 4.762205389000000e-01, 5.937558920000000e-02, 3.827121562097764e-01, 0.000000000000000e+00, 0.000000000000000e+00, 6.251683450888812e+04, 1.000000000000000e-10, 1.238489229151664e+09
182, 4.732247699000000e-01, 5.943550460000000e-02, 3.820767283230539e-01, 0.000000000000000e+00, 0.000000000000000e+00, 6.242662485481227e+04, 1.000000000000000e-10, 1.240798997019924e+09
183, 4.702290009000000e-01, 5.949542000000000e-02, 3.829264112336123e-01, 0.000000000000000e+00, 0.000000000000000e+00, 6.257809266474809e+04, 1.000000000000000e-10, 1.238252495296418e+09
184, 4.672332890000000e-01, 5.955810270000000e-02, 3.838703637808517e-01, 0.000000000000000e+00, 0.000000000000000e+00, 6.275828546062165e+04, 1.000000000000000e-10, 1.235642788614119e+09
185, 4.642376084000000e-01, 5.962228340000000e-02, 3.835859530829238e-01, 0.000000000000000e+00, 0.000000000000000e+00, 6.273317854495028e+04, 1.000000000000000e-10, 1.236907507890257e+09
186, 4.612417964000000e-01, 5.967992670000000e-02, 3.822340996684369e-01, 0.000000000000000e+00, 0.000000000000000e+00, 6.254090222530458e+04, 1.000000000000000e-10, 1.241747313564023e+09
187, 4.582457490000000e-01, 5.972350630000000e-02, 3.818844419807683e-01, 0.000000000000000e+00, 0.000000000000000e+00, 6.249916899037821e+04, 1.000000000000000e-10, 1.243114998261272e+09
188, 4.552495377000000e-01, 5.975405020000000e-02, 3.831510728465300e-01, 0.000000000000000e+00, 0.000000000000000e+00, 6.271482475740019e+04, 1.000000000000000e-10, 1.239134199434565e+09
189, 4.522532772000000e-01, 5.977943380000000e-02, 3.846630166421711e-01, 0.000000000000000e+00, 0.000000000000000e+00, 6.295799098545673e+04, 1.000000000000000e-10, 1.234193874456939e+09
190, 4.492570403000000e-01, 5.980742960000000e-02, 3.854575046089947e-01, 0.000000000000000e+00, 0.000000000000000e+00, 6.308287006951956e+04, 1.000000000000000e-10, 1.231566858271468e+09
191, 4.462608221000000e-01, 5.983739180000000e-02, 3.849697429924995e-01, 0.000000000000000e+00, 0.000000000000000e+00, 6.300446581555968e+04, 1.000000000000000e-10, 1.233173699012669e+09
192, 4.432646038000000e-01, 5.986735400000000e-02, 3.845519247858281e-01, 0.000000000000000e+00, 0.000000000000000e+00, 6.294876895351591e+04, 1.000000000000000e-10, 1.234719092077429e+09
193, 4.402683855000000e-01, 5.989731610000000e-02, 3.848427225886659e-01, 0.000000000000000e+00, 0.000000000000000e+00, 6.300670008871415e+04, 1.000000000000000e-10, 1.233903873174382e+09
194, 4.372721672000000e-01, 5.992727830000000e-02, 3.846149449055717e-01, 0.000000000000000e+00, 0.000000000000000e+00, 6.297310240835005e+04, 1.000000000000000e-10, 1.234694949193206e+09
195, 4.342759490000000e-01, 5.995724050000000e-02, 3.837665778624015e-01, 0.000000000000000e+00, 0.000000000000000e+00, 6.282541677488567e+04, 1.000000000000000e-10, 1.237325574332955e+09
196, 4.312797307000000e-01, 5.998720270000000e-02, 3.832933590821739e-01, 0.000000000000000e+00, 0.000000000000000e+00, 6.272765791689922e+04, 1.000000000000000e-10, 1.238522236999014e+09
197, 4.282835251000000e-01, 6.001838500000000e-02, 3.834354332307550e-01, 0.000000000000000e+00, 0.000000000000000e+00, 6.272978548356304e+04, 1.000000000000000e-10, 1.237698880059327e+09
198, 4.252873570000000e-01, 6.005299780000000e-02, 3.834951723867833e-01, 0.000000000000000e+00, 0.000000000000000e+00, 6.270142042195463e+04, 1.000000000000000e-10, 1.236885640654447e+09
199, 4.222911490000000e-01, 6.008389620000000e-02, 3.827051215828192e-01, 0.000000000000000e+00, 0.000000000000000e+00, 6.254129717228113e+04, 1.000000000000000e-10, 1.238932355435361e+09
200, 4.192948456000000e-01, 6.010304610000000e-02, 3.807956259251937e-01, 0.000000000000000e+00, 0.000000000000000e+00, 6.218538813526300e+04, 1.000000000000000e-10, 1.244449213629303e+09
201, 4.162984826000000e-01, 6.010734210000000e-02, 3.795932279003583e-01, 0.000000000000000e+00, 0.000000000000000e+00, 6.195208787373458e+04, 1.000000000000000e-10, 1.247745243074442e+09
202, 4.133021170000000e-01, 6.010365170000000e-02, 3.794193212147859e-01, 0.000000000000000e+00, 0.000000000000000e+00, 6.187115283309962e+04, 1.000000000000000e-10, 1.247441087304118e+09
203, 4.103057513000000e-01, 6.010004530000000e-02, 3.797800571021863e-01, 0.000000000000000e+00, 0.000000000000000e+00, 6.189101452703097e+04, 1.000000000000000e-10, 1.245607690626119e+09
204, 4.073093833000000e-01, 6.010000000000000e-02, 3.799516643926471e-01, 0.000000000000000e+00, 0.000000000000000e+00, 6.186309812767415e+04, 1.000000000000000e-10, 1.244115507358078e+09
205, 4.043130152000000e-01, 6.010000000000000e-02, 3.792735759002043e-01, 0.000000000000000e+00, 0.000000000000000e+00, 6.170845407231222e+04, 1.000000000000000e-10, 1.245601004371980e+09
206, 4.013166471000000e-01, 6.010000000000000e-02, 3.788901311226152e-01, 0.000000000000000e+00, 0.000000000000000e+00, 6.163855564592526e+04, 1.000000000000000e-10, 1.246735860156260e+09
207, 3.983202790000000e-01, 6.010000000000000e-02, 3.779943641050432e-01, 0.000000000000000e+00, 0.000000000000000e+00, 6.144659649786069e+04, 1.000000000000000e-10, 1.248912709359122e+09
208, 3.953239109000000e-01, 6.010000000000000e-02, 3.761788579086580e-01, 0.000000000000000e+00, 0.000000000000000e+00, 6.109735806316283e+04, 1.000000000000000e-10, 1.254020915275969e+09
209, 3.923275428000000e-01, 6.010000000000000e-02, 3.749356902660132e-01, 0.000000000000000e+00, 0.000000000000000e+00, 6.086156635138644e+04, 1.000000000000000e-10, 1.257599235941021e+09
210, 3.893311748000000e-01, 6.010020870000000e-02, 3.749820412641136e-01, 0.000000000000000e+00, 0.000000000000000e+00, 6.084582030001380e+04, 1.000000000000000e-10, 1.257045638971466e+09
211, 3.863348096000000e-01, 6.010425500000000e-02, 3.751271529148530e-01, 0.000000000000000e+00, 0.000000000000000e+00, 6.083492118446378e+04, 1.000000000000000e-10, 1.255970473053267e+09
212, 3.833384435000000e-01, 6.010740740000000e-02, 3.742927069460643e-01, 0.000000000000000e+00, 0.000000000000000e+00, 6.068178123660303e+04, 1.000000000000000e-10, 1.258464346273478e+09
213, 3.803420834000000e-01, 6.010159540000000e-02, 3.722673672919326e-01, 0.000000000000000e+00, 0.000000000000000e+00, 6.032984278264469e+04, 1.000000000000000e-10, 1.264905473763120e+09
214, 3.773457918000000e-01, 6.008061910000000e-02, 3.713232079143808e-01, 0.000000000000000e+00, 0.000000000000000e+00, 6.016486023907221e+04, 1.000000000000000e-10, 1.267912748378718e+09
215, 3.743495929000000e-01, 6.004884090000000e-02, 3.719260972850253e-01, 0.000000000000000e+00, 0.000000000000000e+00, 6.024428392910776e+04, 1.000000000000000e-10, 1.265538568181317e+09
216, 3.713534236000000e-01, 6.001432620000000e-02, 3.730827941569397e-01, 0.000000000000000e+00, 0.000000000000000e+00, 6.042531933568970e+04, 1.000000000000000e-10, 1.261505518686247e+09
217, 3.683572136000000e-01, 5.998357210000000e-02, 3.737046140113018e-01, 0.000000000000000e+00, 0.000000000000000e+00, 6.051149201869200e+04, 1.000000000000000e-10, 1.259155813100391e+09
218, 3.653609953000000e-01, 5.995361000000000e-02, 3.735049495306900e-01, 0.000000000000000e+00, 0.000000000000000e+00, 6.047703802372358e+04, 1.000000000000000e-10, 1.259814901145413e+09
219, 3.623647770000000e-01, 5.992364780000000e-02, 3.727815172998982e-01, 0.000000000000000e+00, 0.000000000000000e+00, 6.035835493673824e+04, 1.000000000000000e-10, 1.262232941261395e+09
220, 3.593685587000000e-01, 5.989368560000000e-02, 3.723871153454889e-01, 0.000000000000000e+00, 0.000000000000000e+00, 6.028814382234756e+04, 1.000000000000000e-10, 1.263459496224474e+09
221, 3.563723404000000e-01, 5.986372340000000e-02, 3.718989625742461e-01, 0.000000000000000e+00, 0.000000000000000e+00, 6.019712625692354e+04, 1.000000000000000e-10, 1.264909196273205e+09
222, 3.533761221000000e-01, 5.983376120000000e-02, 3.713651003684729e-01, 0.000000000000000e+00, 0.000000000000000e+00, 6.009025746802851e+04, 1.000000000000000e-10, 1.266330360643509e+09
223, 3.503799039000000e-01, 5.980379900000000e-02, 3.717015070766992e-01, 0.000000000000000e+00, 0.000000000000000e+00, 6.014447888910194e+04, 1.000000000000000e-10, 1.265180574296976e+09
224, 3.473836618000000e-01, 5.977636380000000e-02, 3.717815340139206e-01, 0.000000000000000e+00, 0.000000000000000e+00, 6.013731346693724e+04, 1.000000000000000e-10, 1.264574862784719e+09
225, 3.443874030000000e-01, 5.975078450000000e-02, 3.707477321521629e-01, 0.000000000000000e+00, 0.000000000000000e+00, 5.995353829716978e+04, 1.000000000000000e-10, 1.267844713650032e+09
226, 3.413912043000000e-01, 5.971906720000000e-02, 3.683494507376546e-01, 0.000000000000000e+00, 0.000000000000000e+00, 5.953439772105665e+04, 1.000000000000000e-10, 1.275543401481378e+09
227, 3.383951856000000e-01, 5.967355900000000e-02, 3.669778627948564e-01, 0.000000000000000e+00, 0.000000000000000e+00, 5.928303880618468e+04, 1.000000000000000e-10, 1.279713979250790e+09
228, 3.353993970000000e-01, 5.961469410000000e-02, 3.673086920209230e-01, 0.000000000000000e+00, 0.000000000000000e+00, 5.929796961066862e+04, 1.000000000000000e-10, 1.277945843492119e+09
229, 3.324037216000000e-01, 5.955026900000000e-02, 3.683277574918639e-01, 0.000000000000000e+00, 0.000000000000000e+00, 5.943947175892135e+04, 1.000000000000000e-10, 1.274001060770168e+09
230, 3.294079977000000e-01, 5.948816000000000e-02, 3.688943950141384e-01, 0.000000000000000e+00, 0.000000000000000e+00, 5.950402988393191e+04, 1.000000000000000e-10, 1.271567710174746e+09
231, 3.264122288000000e-01, 5.942824460000000e-02, 3.680531413137638e-01, 0.000000000000000e+00, 0.000000000000000e+00, 5.935159744314130e+04, 1.000000000000000e-10, 1.274165321783120e+09
232, 3.234164598000000e-01, 5.936832920000000e-02, 3.673645433228810e-01, 0.000000000000000e+00, 0.000000000000000e+00, 5.923983908558239e+04, 1.000000000000000e-10, 1.276508173305606e+09
233, 3.204206908000000e-01, 5.930841380000000e-02, 3.677771446271900e-01, 0.000000000000000e+00, 0.000000000000000e+00, 5.929713632405105e+04, 1.000000000000000e-10, 1.274911350938227e+09
234, 3.174249218000000e-01, 5.924849840000000e-02, 3.667752323333616e-01, 0.000000000000000e+00, 0.000000000000000e+00, 5.909340085866602e+04, 1.000000000000000e-10, 1.277637230071887e+09
235, 3.144291528000000e-01, 5.918858310000000e-02, 3.648982156354064e-01, 0.000000000000000e+00, 0.000000000000000e+00, 5.874888863302685e+04, 1.000000000000000e-10, 1.283455589652092e+09
236, 3.114333838000000e-01, 5.912866770000000e-02, 3.642407200797461e-01, 0.000000000000000e+00, 0.000000000000000e+00, 5.859421261267414e+04, 1.000000000000000e-10, 1.284884014065139e+09
237, 3.084375946000000e-01, 5.906978170000000e-02, 3.642750390280790e-01, 0.000000000000000e+00, 0.000000000000000e+00, 5.856425799945876e+04, 1.000000000000000e-10, 1.284105344046316e+09
238, 3.054417368000000e-01, 5.901448810000000e-02, 3.642598019578560e-01, 0.000000000000000e+00, 0.000000000000000e+00, 5.852849380107051e+04, 1.000000000000000e-10, 1.283554026513318e+09
239, 3.024459424000000e-01, 5.895589760000000e-02, 3.632626235590994e-01, 0.000000000000000e+00, 0.000000000000000e+00, 5.834406048604064e+04, 1.000000000000000e-10, 1.286661620657785e+09
240, 2.994503937000000e-01, 5.888596610000000e-02, 3.612486419004826e-01, 0.000000000000000e+00, 0.000000000000000e+00, 5.799458664291832e+04, 1.000000000000000e-10, 1.293353257702266e+09
241, 2.964552315000000e-01, 5.880104250000000e-02, 3.602225328235394e-01, 0.000000000000000e+00, 0.000000000000000e+00, 5.780883998593645e+04, 1.000000000000000e-10, 1.296653801037409e+09
242, 2.934603172000000e-01, 5.870772480000000e-02, 3.609267996893574e-01, 0.000000000000000e+00, 0.000000000000000e+00, 5.791341089867837e+04, 1.000000000000000e-10, 1.293966863777328e+09
243, 2.904654134000000e-01, 5.861406570000000e-02, 3.622350533632699e-01, 0.000000000000000e+00, 0.000000000000000e+00, 5.812952858041030e+04, 1.000000000000000e-10, 1.289382033779339e+09
244, 2.874703256000000e-01, 5.852650000000000e-02, 3.629661759577690e-01, 0.000000000000000e+00, 0.000000000000000e+00, 5.826841644044704e+04, 1.000000000000000e-10, 1.287181291787395e+09
245, 2.844751753000000e-01, 5.844108520000000e-02, 3.624157439082208e-01, 0.000000000000000e+00, 0.000000000000000e+00, 5.820406580487720e+04, 1.000000000000000e-10, 1.289582796773582e+09
246, 2.814802001000000e-01, 5.834977820000000e-02, 3.612659042995396e-01, 0.000000000000000e+00, 0.000000000000000e+00, 5.805116752511160e+04, 1.000000000000000e-10, 1.294275969166565e+09
247, 2.784856726000000e-01, 5.824487900000000e-02, 3.612091914117546e-01, 0.000000000000000e+00, 0.000000000000000e+00, 5.806893672736334e+04, 1.000000000000000e-10, 1.294976888949645e+09
248, 2.754916466000000e-01, 5.812646400000000e-02, 3.624997031375154e-01, 0.000000000000000e+00, 0.000000000000000e+00, 5.832084198811521e+04, 1.000000000000000e-10, 1.291205814872957e+09
249, 2.724978541000000e-01, 5.800225460000000e-02, 3.644171317479311e-01, 0.000000000000000e+00, 0.000000000000000e+00, 5.867892381431445e+04, 1.000000000000000e-10, 1.285313563763655e+09
250, 2.695039750000000e-01, 5.788015900000000e-02, 3.660355133019872e-01, 0.000000000000000e+00, 0.000000000000000e+00, 5.897918362333025e+04, 1.000000000000000e-10, 1.280322150513353e+09
251, 2.665100011000000e-01, 5.776040000000000e-02, 3.669998163794329e-01, 0.000000000000000e+00, 0.000000000000000e+00, 5.919192133874172e+04, 1.000000000000000e-10, 1.277985451212273e+09
252, 2.635160273000000e-01, 5.764064110000000e-02, 3.670303430499423e-01, 0.000000000000000e+00, 0.000000000000000e+00, 5.921850371296523e+04, 1.000000000000000e-10, 1.278256699543345e+09
253, 2.605220534000000e-01, 5.752088210000000e-02, 3.672390266662433e-01, 0.000000000000000e+00, 0.000000000000000e+00, 5.927438222250799e+04, 1.000000000000000e-10, 1.277927409410703e+09
254, 2.575280795000000e-01, 5.740112320000000e-02, 3.670359569696824e-01, 0.000000000000000e+00, 0.000000000000000e+00, 5.926631233162828e+04, 1.000000000000000e-10, 1.279076606239327e+09
255, 2.545341057000000e-01, 5.728136420000000e-02, 3.665135202289968e-01, 0.000000000000000e+00, 0.000000000000000e+00, 5.921722408036185e+04, 1.000000000000000e-10, 1.281547058720487e+09
256, 2.515401318000000e-01, 5.716160530000000e-02, 3.671003795754937e-01, 0.000000000000000e+00, 0.000000000000000e+00, 5.935434678408351e+04, 1.000000000000000e-10, 1.280254786500361e+09
257, 2.485461222000000e-01, 5.704274810000000e-02, 3.682693617747529e-01, 0.000000000000000e+00, 0.000000000000000e+00, 5.958103140880670e+04, 1.000000000000000e-10, 1.276837142328926e+09
258, 2.455519687000000e-01, 5.692757100000000e-02, 3.690568584158002e-01, 0.000000000000000e+00, 0.000000000000000e+00, 5.976692381501159e+04, 1.000000000000000e-10, 1.275156110656319e+09
259, 2.425579324000000e-01, 5.680940080000000e-02, 3.685812916380666e-01, 0.000000000000000e+00, 0.000000000000000e+00, 5.974237192489006e+04, 1.000000000000000e-10, 1.277748598627664e+09
260, 2.395643498000000e-01, 5.668030080000000e-02, 3.674706716085723e-01, 0.000000000000000e+00, 0.000000000000000e+00, 5.962149316721074e+04, 1.000000000000000e-10, 1.282664185413227e+09
261, 2.365712773000000e-01, 5.653982940000000e-02, 3.675075565672045e-01, 0.000000000000000e+00, 0.000000000000000e+00, 5.966147878694083e+04, 1.000000000000000e-10, 1.283093634471828e+09
262, 2.335786376000000e-01, 5.639042170000000e-02, 3.680664058026459e-01, 0.000000000000000e+00, 0.000000000000000e+00, 5.976982317804601e+04, 1.000000000000000e-10, 1.281435889220047e+09
263, 2.305864572000000e-01, 5.623208320000000e-02, 3.681287769920560e-01, 0.000000000000000e+00, 0.000000000000000e+00, 5.980312061911927e+04, 1.000000000000000e-10, 1.281708843612029e+09
264, 2.275948873000000e-01, 5.606262990000000e-02, 3.680808079957959e-01, 0.000000000000000e+00, 0.000000000000000e+00, 5.979994771220646e+04, 1.000000000000000e-10, 1.281957861704707e+09
265, 2.246039719000000e-01, 5.588195720000000e-02, 3.694676916776544e-01, 0.000000000000000e+00, 0.000000000000000e+00, 6.002438338220651e+04, 1.000000000000000e-10, 1.277118986955509e+09
266, 2.216132630000000e-01, 5.569788720000000e-02, 3.709665690898770e-01, 0.000000000000000e+00, 0.000000000000000e+00, 6.025942951273771e+04, 1.000000000000000e-10, 1.271810950491346e+09
267, 2.186223396000000e-01, 5.551734040000000e-02, 3.712042080550300e-01, 0.000000000000000e+00, 0.000000000000000e+00, 6.028819654736140e+04, 1.000000000000000e-10, 1.270840047080159e+09
268, 2.156313504000000e-01, 5.533788100000000e-02, 3.694364166668291e-01, 0.000000000000000e+00, 0.000000000000000e+00, 5.999004913049484e+04, 1.000000000000000e-10, 1.276726701245474e+09
269, 2.126403613000000e-01, 5.515842170000000e-02, 3.680795766329503e-01, 0.000000000000000e+00, 0.000000000000000e+00, 5.975438636853761e+04, 1.000000000000000e-10, 1.281140373710151e+09
270, 2.096493686000000e-01, 5.497902140000000e-02, 3.681329469758999e-01, 0.000000000000000e+00, 0.000000000000000e+00, 5.974214853648312e+04, 1.000000000000000e-10, 1.280573431206906e+09
271, 2.066581632000000e-01, 5.480320770000000e-02, 3.681820502896375e-01, 0.000000000000000e+00, 0.000000000000000e+00, 5.972176889090139e+04, 1.000000000000000e-10, 1.279899565168050e+09
272, 2.036669592000000e-01, 5.462737120000000e-02, 3.670530462822629e-01, 0.000000000000000e+00, 0.000000000000000e+00, 5.950779134632880e+04, 1.000000000000000e-10, 1.283274197568082e+09
273, 2.006762392000000e-01, 5.444351370000000e-02, 3.648065710315360e-01, 0.000000000000000e+00, 0.000000000000000e+00, 5.910106807716780e+04, 1.000000000000000e-10, 1.290421901874630e+09
274, 1.976864651000000e-01, 5.424488690000000e-02, 3.632452268688244e-01, 0.000000000000000e+00, 0.000000000000000e+00, 5.880039436616912e+04, 1.000000000000000e-10, 1.295073571709232e+09
275, 1.946974808000000e-01, 5.403467400000000e-02, 3.627338349427811e-01, 0.000000000000000e+00, 0.000000000000000e+00, 5.867031155018628e+04, 1.000000000000000e-10, 1.296045217428831e+09
276, 1.917087537000000e-01, 5.382082320000000e-02, 3.629314703723434e-01, 0.000000000000000e+00, 0.000000000000000e+00, 5.866382220806905e+04, 1.000000000000000e-10, 1.294656871434640e+09
277, 1.887197351000000e-01, 5.361109610000000e-02, 3.632155518451297e-01, 0.000000000000000e+00, 0.000000000000000e+00, 5.868562791214301e+04, 1.000000000000000e-10, 1.293203818727231e+09
278, 1.857303707000000e-01, 5.340634910000000e-02, 3.627813937854217e-01, 0.000000000000000e+00, 0.000000000000000e+00, 5.860218417402092e+04, 1.000000000000000e-10, 1.294507972747968e+09
279, 1.827411789000000e-01, 5.319910420000000e-02, 3.610209161219714e-01, 0.000000000000000e+00, 0.000000000000000e+00, 5.830830266254192e+04, 1.000000000000000e-10, 1.300611822815973e+09
280, 1.797527313000000e-01, 5.298142430000000e-02, 3.586291316047547e-01, 0.000000000000000e+00, 0.000000000000000e+00, 5.791549452752836e+04, 1.000000000000000e-10, 1.309168582852250e+09
281, 1.767651486000000e-01, 5.275215400000000e-02, 3.582852454876521e-01, 0.000000000000000e+00, 0.000000000000000e+00, 5.784929803010867e+04, 1.000000000000000e-10, 1.310235219112488e+09
282, 1.737782598000000e-01, 5.251401450000000e-02, 3.597750368919619e-01, 0.000000000000000e+00, 0.000000000000000e+00, 5.809254597058217e+04, 1.000000000000000e-10, 1.304860028588470e+09
283, 1.707920907000000e-01, 5.226701400000000e-02, 3.610902190467735e-01, 0.000000000000000e+00, 0.000000000000000e+00, 5.833154451768885e+04, 1.000000000000000e-10, 1.300599844372678e+09
284, 1.678068289000000e-01, 5.200929790000000e-02, 3.608146014314775e-01, 0.000000000000000e+00, 0.000000000000000e+00, 5.831339349527442e+04, 1.000000000000000e-10, 1.302070303350617e+09
285, 1.648225830000000e-01, 5.174005310000000e-02, 3.602604542603328e-01, 0.000000000000000e+00, 0.000000000000000e+00, 5.823879909520077e+04, 1.000000000000000e-10, 1.304350956121807e+09
286, 1.618386948000000e-01, 5.146686210000000e-02, 3.614545405049523e-01, 0.000000000000000e+00, 0.000000000000000e+00, 5.847157562885324e+04, 1.000000000000000e-10, 1.300810547668179e+09
287, 1.588544609000000e-01, 5.119748250000000e-02, 3.633570654505663e-01, 0.000000000000000e+00, 0.000000000000000e+00, 5.882341046603870e+04, 1.000000000000000e-10, 1.294803425083211e+09
288, 1.558697631000000e-01, 5.093328530000000e-02, 3.648314329480754e-01, 0.000000000000000e+00, 0.000000000000000e+00, 5.914028502549257e+04, 1.000000000000000e-10, 1.291000360888766e+09
289, 1.528852535000000e-01, 5.066697530000000e-02, 3.648614038574685e-01, 0.000000000000000e+00, 0.000000000000000e+00, 5.921512199037510e+04, 1.000000000000000e-10, 1.292159078892655e+09
290, 1.499016570000000e-01, 5.039064780000000e-02, 3.641575147368475e-01, 0.000000000000000e+00, 0.000000000000000e+00, 5.918982278946484e+04, 1.000000000000000e-10, 1.296251108119927e+09
291, 1.469194872000000e-01, 5.009932340000000e-02, 3.644342883025862e-01, 0.000000000000000e+00, 0.000000000000000e+00, 5.929841918039539e+04, 1.000000000000000e-10, 1.296417667231715e+09
292, 1.439382559000000e-01, 4.979852640000000e-02, 3.666797590670949e-01, 0.000000000000000e+00, 0.000000000000000e+00, 5.974670491415061e+04, 1.000000000000000e-10, 1.289943425304613e+09
293, 1.409571857000000e-01, 4.949613280000000e-02, 3.692342743587993e-01, 0.000000000000000e+00, 0.000000000000000e+00, 6.023309615169087e+04, 1.000000000000000e-10, 1.282216066914874e+09
294, 1.379755682000000e-01, 4.919919110000000e-02, 3.709575411317676e-01, 0.000000000000000e+00, 0.000000000000000e+00, 6.062061390056155e+04, 1.000000000000000e-10, 1.278128282073090e+09
295, 1.349936162000000e-01, 4.890561960000000e-02, 3.709438825041465e-01, 0.000000000000000e+00, 0.000000000000000e+00, 6.071800446013585e+04, 1.000000000000000e-10, 1.279926066156590e+09
296, 1.320121036000000e-01, 4.860762960000000e-02, 3.701809663956565e-01, 0.000000000000000e+00, 0.000000000000000e+00, 6.072525941318264e+04, 1.000000000000000e-10, 1.284884731289336e+09
297, 1.290317925000000e-01, 4.829786950000000e-02, 3.701743758154024e-01, 0.000000000000000e+00, 0.000000000000000e+00, 6.083374545540096e+04, 1.000000000000000e-10, 1.286821112405617e+09
298, 1.260525769000000e-01, 4.797772950000000e-02, 3.712891780609117e-01, 0.000000000000000e+00, 0.000000000000000e+00, 6.113879707340860e+04, 1.000000000000000e-10, 1.285062155731753e+09
299, 1.230743167000000e-01, 4.764882070000000e-02, 3.726649833981820e-01, 0.000000000000000e+00, 0.000000000000000e+00, 6.148222835511720e+04, 1.000000000000000e-10, 1.282344956891882e+09
300, 1.200970366000000e-01, 4.731115450000000e-02, 3.739849346048870e-01, 0.000000000000000e+00, 0.000000000000000e+00, 6.181130127069471e+04, 1.000000000000000e-10, 1.279719161642636e+09
301, 1.171207615000000e-01, 4.696474260000000e-02, 3.751811117359337e-01, 0.000000000000000e+00, 0.000000000000000e+00, 6.211522896587589e+04, 1.000000000000000e-10, 1.277439135279766e+09
302, 1.141455159000000e-01, 4.660959680000000e-02, 3.761394887068347e-01, 0.000000000000000e+00, 0.000000000000000e+00, 6.237036637861152e+04, 1.000000000000000e-10, 1.275801127830426e+09
303, 1.111713243000000e-01, 4.624572950000000e-02, 3.765026615113987e-01, 0.000000000000000e+00, 0.000000000000000e+00, 6.250869459014531e+04, 1.000000000000000e-10, 1.275883028574512e+09
304, 1.081982111000000e-01, 4.587315320000000e-02, 3.759856461518656e-01, 0.000000000000000e+00, 0.000000000000000e+00, 6.247399564643326e+04, 1.000000000000000e-10, 1.278510534488343e+09
305, 1.052262005000000e-01, 4.549188050000000e-02, 3.749782104682166e-01, 0.000000000000000e+00, 0.000000000000000e+00, 6.232789550925016e+04, 1.000000000000000e-10, 1.282305966900693e+09
306, 1.022553168000000e-01, 4.510192450000000e-02, 3.741539724406917e-01, 0.000000000000000e+00, 0.000000000000000e+00, 6.219182387432220e+04, 1.000000000000000e-10, 1.285108130142936e+09
307, 9.928555240000000e-02, 4.470353130000000e-02, 3.735127414401836e-01, 0.000000000000000e+00, 0.000000000000000e+00, 6.208342874428886e+04, 1.000000000000000e-10, 1.287283474076344e+09
308, 9.631645150000000e-02, 4.430022190000000e-02, 3.724364509285978e-01, 0.000000000000000e+00, 0.000000000000000e+00, 6.187265997625997e+04, 1.000000000000000e-10, 1.290456567983111e+09
309, 9.334866629999999e-02, 4.388735710000000e-02, 3.704479258464886e-01, 0.000000000000000e+00, 0.000000000000000e+00, 6.152864723271222e+04, 1.000000000000000e-10, 1.297171670163082e+09
310, 9.038333000000000e-02, 4.345728190000000e-02, 3.670631152654557e-01, 0.000000000000000e+00, 0.000000000000000e+00, 6.092087342371562e+04, 1.000000000000000e-10, 1.308331920132107e+09
311, 8.742106760000000e-02, 4.300650920000000e-02, 3.640065591355910e-01, 0.000000000000000e+00, 0.000000000000000e+00, 6.036835114058697e+04, 1.000000000000000e-10, 1.318486356614078e+09
312, 8.446147179999999e-02, 4.253854550000000e-02, 3.613947735498023e-01, 0.000000000000000e+00, 0.000000000000000e+00, 5.981554599611235e+04, 1.000000000000000e-10, 1.325853126958535e+09
313, 8.150462410000001e-02, 4.205352220000000e-02, 3.587713578565356e-01, 0.000000000000000e+00, 0.000000000000000e+00, 5.922886018082670e+04, 1.000000000000000e-10, 1.332721623078430e+09
314, 7.855061400000000e-02, 4.155150370000000e-02, 3.555053421737896e-01, 0.000000000000000e+00, 0.000000000000000e+00, 5.852607920753656e+04, 1.000000000000000e-10, 1.341868190712255e+09
315, 7.559953120000000e-02, 4.103255620000000e-02, 3.521827688939131e-01, 0.000000000000000e+00, 0.000000000000000e+00, 5.781603930597138e+04, 1.000000000000000e-10, 1.351358461779240e+09
316, 7.265146290000001e-02, 4.049674770000000e-02, 3.493679146723979e-01, 0.000000000000000e+00, 0.000000000000000e+00, 5.720921347066757e+04, 1.000000000000000e-10, 1.359449557081061e+09
317, 6.970648800000000e-02, 3.994418840000000e-02, 3.472364629362390e-01, 0.000000000000000e+00, 0.000000000000000e+00, 5.677440278728685e+04, 1.000000000000000e-10, 1.366089085973716e+09
318, 6.676405530000000e-02, 3.937824060000000e-02, 3.447838050641018e-01, 0.000000000000000e+00, 0.000000000000000e+00, 5.625804763705640e+04, 1.000000000000000e-10, 1.373479689418027e+09
319, 6.382483080000000e-02, 3.879587770000000e-02, 3.416611049574066e-01, 0.000000000000000e+00, 0.000000000000000e+00, 5.567342307763078e+04, 1.000000000000000e-10, 1.384447176293576e+09
320, 6.089039250000000e-02, 3.818988410000000e-02, 3.375655729048274e-01, 0.000000000000000e+00, 0.000000000000000e+00, 5.491336519600490e+04, 1.000000000000000e-10, 1.399291795370778e+09
321, 5.796159620000000e-02, 3.755716460000000e-02, 3.347741553361250e-01, 0.000000000000000e+00, 0.000000000000000e+00, 5.444032064074320e+04, 1.000000000000000e-10, 1.410553034640630e+09
322, 5.503766030000000e-02, 3.690236230000000e-02, 3.326464757416663e-01, 0.000000000000000e+00, 0.000000000000000e+00, 5.401000016730998e+04, 1.000000000000000e-10, 1.417743298379686e+09
323, 5.212020500000000e-02, 3.621928960000000e-02, 3.304472808777397e-01, 0.000000000000000e+00, 0.000000000000000e+00, 5.356843366311854e+04, 1.000000000000000e-10, 1.425322611578099e+09
324, 4.921095930000000e-02, 3.550206810000000e-02, 3.282581362826493e-01, 0.000000000000000e+00, 0.000000000000000e+00, 5.319627846927548e+04, 1.000000000000000e-10, 1.434442198763623e+09
325, 4.630834710000000e-02, 3.475842740000000e-02, 3.260285736245498e-01, 0.000000000000000e+00, 0.000000000000000e+00, 5.276933201414913e+04, 1.000000000000000e-10, 1.442765173342578e+09
326, 4.341443290000000e-02, 3.398167710000000e-02, 3.233057479649586e-01, 0.000000000000000e+00, 0.000000000000000e+00, 5.226050967239543e+04, 1.000000000000000e-10, 1.453310564216852e+09
327, 4.053329480000000e-02, 3.315886600000000e-02, 3.204653207122089e-01, 0.000000000000000e+00, 0.000000000000000e+00, 5.177482141113615e+04, 1.000000000000000e-10, 1.465597622667763e+09
328, 3.766462370000000e-02, 3.229347590000000e-02, 3.184715677554334e-01, 0.000000000000000e+00, 0.000000000000000e+00, 5.146596327774955e+04, 1.000000000000000e-10, 1.475087781133549e+09
329, 3.480664810000000e-02, 3.139349160000000e-02, 3.171410098110154e-01, 0.000000000000000e+00, 0.000000000000000e+00, 5.127653320331568e+04, 1.000000000000000e-10, 1.481889584429232e+09
330, 3.196977470000000e-02, 3.042923390000000e-02, 3.161391977075999e-01, 0.000000000000000e+00, 0.000000000000000e+00, 5.117041128249290e+04, 1.000000000000000e-10, 1.487777758814746e+09
331, 2.916436760000000e-02, 2.937700070000000e-02, 3.159808080280240e-01, 0.000000000000000e+00, 0.000000000000000e+00, 5.124778293682694e+04, 1.000000000000000e-10, 1.491006635937591e+09
332, 2.638083370000000e-02, 2.826801140000000e-02, 3.180130379799992e-01, 0.000000000000000e+00, 0.000000000000000e+00, 5.168433849414792e+04, 1.000000000000000e-10, 1.484021638269708e+09
333, 2.362898530000000e-02, 2.708283520000000e-02, 3.240071773574468e-01, 0.000000000000000e+00, 0.000000000000000e+00, 5.278061669229251e+04, 1.000000000000000e-10, 1.459247705908113e+09
334, 2.092840090000000e-02, 2.578537860000000e-02, 3.340419908482503e-01, 0.000000000000000e+00, 0.000000000000000e+00, 5.453982087472522e+04, 1.000000000000000e-10, 1.417828751624982e+09
335, 1.829564720000000e-02, 2.435529470000000e-02, 3.438991290728826e-01, 0.000000000000000e+00, 0.000000000000000e+00, 5.626822637263343e+04, 1.000000000000000e-10, 1.379772309871938e+09
336, 1.571975790000000e-02, 2.282485310000000e-02, 3.496535642454467e-01, 0.000000000000000e+00, 0.000000000000000e+00, 5.732115379411529e+04, 1.000000000000000e-10, 1.359247009000170e+09
337, 1.319128670000000e-02, 2.121724900000000e-02, 3.523988039734521e-01, 0.000000000000000e+00, 0.000000000000000e+00, 5.788543003700540e+04, 1.000000000000000e-10, 1.350859507063123e+09
338, 1.071855140000000e-02, 1.952532850000000e-02, 3.563135366104317e-01, 0.000000000000000e+00, 0.000000000000000e+00, 5.865560422525083e+04, 1.000000000000000e-10, 1.338402897444362e+09
339, 8.357752600000001e-03, 1.768194770000000e-02, 3.683869541479266e-01, 0.000000000000000e+00, 0.000000000000000e+00, 6.078581842765041e+04, 1.000000000000000e-10, 1.296140247989037e+09
340, 6.234852000000000e-03, 1.557056300000000e-02, 3.874352528555897e-01, 0.000000000000000e+00, 0.000000000000000e+00, 6.409433344379075e+04, 1.000000000000000e-10, 1.233491571989129e+09
341, 4.319046800000000e-03, 1.326691890000000e-02, 4.105464243162651e-01, 0.000000000000000e+00, 0.000000000000000e+00, 6.809314885924863e+04, 1.000000000000000e-10, 1.166530098125288e+09
342, 2.659048500000000e-03, 1.078063400000000e-02, 4.445913543754475e-01, 0.000000000000000e+00, 0.000000000000000e+00, 7.393296800902268e+04, 1.000000000000000e-10, 1.080062224467600e+09
343, 1.585549600000000e-03, 7.986006000000000e-03, 4.760431010372520e-01, 0.000000000000000e+00, 0.000000000000000e+00, 7.933783685784692e+04, 1.000000000000000e-10, 1.010533138801687e+09
344, 7.472436000000000e-04, 5.109934500000000e-03, 4.960353642936576e-01, 0.000000000000000e+00, 0.000000000000000e+00, 8.281789162705503e+04, 1.000000000000000e-10, 9.712326446285278e+08
345, 1.626159000000000e-04, 2.172660000000000e-03, 5.123055441024615e-01, 0.000000000000000e+00, 0.000000000000000e+00, 8.567099758959614e+04, 1.000000000000000e-10, 9.414530838995516e+08
346, 2.551370000000000e-05, -8.154233000000000e-04, 5.245071760601409e-01, 0.000000000000000e+00, 0.000000000000000e+00, 8.781872318143406e+04, 1.000000000000000e-10, 9.194864093392810e+08
347, 4.418631000000000e-04, -3.780176900000000e-03, 5.234692131244688e-01, 0.000000000000000e+00, 0.000000000000000e+00, 8.771903661053395e+04, 1.000000000000000e-10, 9.235545156706072e+08
348, 1.178979700000000e-03, -6.683559600000000e-03, 5.164408345591003e-01, 0.000000000000000e+00, 0.000000000000000e+00, 8.658876664692588e+04, 1.000000000000000e-10, 9.365451457845261e+08
349, 2.119737600000000e-03, -9.527886300000000e-03, 5.047822085218341e-01, 0.000000000000000e+00, 0.000000000000000e+00, 8.465851342933197e+04, 1.000000000000000e-10, 9.584034515480585e+08
350, 3.491510200000000e-03, -1.218239690000000e-02, 4.865610626729279e-01, 0.000000000000000e+00, 0.000000000000000e+00, 8.160424341476258e+04, 1.000000000000000e-10, 9.945783637268506e+08
351, 5.352275100000000e-03, -1.453005090000000e-02, 4.696518124747427e-01, 0.000000000000000e+00, 0.000000000000000e+00, 7.874436055034092e+04, 1.000000000000000e-10, 1.030130049993596e+09
352, 7.355607900000000e-03, -1.675624800000000e-02, 4.554645588963501e-01, 0.000000000000000e+00, 0.000000000000000e+00, 7.632517717490796e+04, 1.000000000000000e-10, 1.061755366151212e+09
353, 9.621932400000000e-03, -1.871350840000000e-02, 4.410008335359445e-01, 0.000000000000000e+00, 0.000000000000000e+00, 7.384546743200865e+04, 1.000000000000000e-10, 1.096477435608692e+09
354, 1.205590760000000e-02, -2.046042230000000e-02, 4.324521193389850e-01, 0.000000000000000e+00, 0.000000000000000e+00, 7.235586337716821e+04, 1.000000000000000e-10, 1.117600205854837e+09
355, 1.455955480000000e-02, -2.210638150000000e-02, 4.278104257706073e-01, 0.000000000000000e+00, 0.000000000000000e+00, 7.151710113543550e+04, 1.000000000000000e-10, 1.128920395225752e+09
356, 1.711312970000000e-02, -2.367378560000000e-02, 4.228872733694966e-01, 0.000000000000000e+00, 0.000000000000000e+00, 7.063290112991033e+04, 1.000000000000000e-10, 1.141250660196589e+09
357, 1.972005420000000e-02, -2.515057360000000e-02, 4.152690860239391e-01, 0.000000000000000e+00, 0.000000000000000e+00, 6.930190241252411e+04, 1.000000000000000e-10, 1.161328101653847e+09
358, 2.239892040000000e-02, -2.649200820000000e-02, 4.058071637064268e-01, 0.000000000000000e+00, 0.000000000000000e+00, 6.767115921234580e+04, 1.000000000000000e-10, 1.187671069676718e+09
359, 2.514218880000000e-02, -2.769671360000000e-02, 3.998012557886757e-01, 0.000000000000000e+00, 0.000000000000000e+00, 6.662839562428609e+04, 1.000000000000000e-10, 1.205159563486990e+09
360, 2.792514050000000e-02, -2.880708720000000e-02, 3.980733910708675e-01, 0.000000000000000e+00, 0.000000000000000e+00, 6.630038179250807e+04, 1.000000000000000e-10, 1.209789620217679e+09
361, 3.072579640000000e-02, -2.987219160000000e-02, 3.981414285407116e-01, 0.000000000000000e+00, 0.000000000000000e+00, 6.627353006093147e+04, 1.000000000000000e-10, 1.209010039601693e+09
362, 3.355101120000000e-02, -3.087007190000000e-02, 3.978812018510001e-01, 0.000000000000000e+00, 0.000000000000000e+00, 6.619217542938246e+04, 1.000000000000000e-10, 1.209246031214952e+09
363, 3.640010390000000e-02, -3.179774150000000e-02, 3.965700620419604e-01, 0.000000000000000e+00, 0.000000000000000e+00, 6.593572108379928e+04, 1.000000000000000e-10, 1.212686211557816e+09
364, 3.926405390000000e-02, -3.267859480000000e-02, 3.950273161151641e-01, 0.000000000000000e+00, 0.000000000000000e+00, 6.564477797975802e+04, 1.000000000000000e-10, 1.216897006994642e+09
365, 4.213857070000000e-02, -3.352425530000000e-02, 3.937672951095169e-01, 0.000000000000000e+00, 0.000000000000000e+00, 6.540922541862192e+04, 1.000000000000000e-10, 1.220419124347116e+09
366, 4.502736230000000e-02, -3.431981760000000e-02, 3.929619478731413e-01, 0.000000000000000e+00, 0.000000000000000e+00, 6.524362038304763e+04, 1.000000000000000e-10, 1.222437545717525e+09
367, 4.792660680000000e-02, -3.507646140000000e-02, 3.924613185342928e-01, 0.000000000000000e+00, 0.000000000000000e+00, 6.512872628854922e+04, 1.000000000000000e-10, 1.223505611547333e+09
368, 5.083275460000000e-02, -3.580616600000000e-02, 3.924857789598972e-01, 0.000000000000000e+00, 0.000000000000000e+00, 6.510707067935800e+04, 1.000000000000000e-10, 1.223072495676052e+09
369, 5.374765330000000e-02, -3.650004220000000e-02, 3.929734156199808e-01, 0.000000000000000e+00, 0.000000000000000e+00, 6.515281660991667e+04, 1.000000000000000e-10, 1.221012565974544e+09
370, 5.666961100000000e-02, -3.716362050000000e-02, 3.931503137266481e-01, 0.000000000000000e+00, 0.000000000000000e+00, 6.515160736608469e+04, 1.000000000000000e-10, 1.219984806601749e+09
371, 5.959522020000000e-02, -3.781094180000000e-02, 3.925550978062033e-01, 0.000000000000000e+00, 0.000000000000000e+00, 6.502167118317265e+04, 1.000000000000000e-10, 1.221338474397433e+09
372, 6.252243709999999e-02, -3.845095230000000e-02, 3.913701999902756e-01, 0.000000000000000e+00, 0.000000000000000e+00, 6.480145732271051e+04, 1.000000000000000e-10, 1.224675062109420e+09
373, 6.545274740000000e-02, -3.907663200000000e-02, 3.900235155017126e-01, 0.000000000000000e+00, 0.000000000000000e+00, 6.455197905753148e+04, 1.000000000000000e-10, 1.228488272213098e+09
374, 6.838760620000001e-02, -3.968059320000000e-02, 3.891139108321880e-01, 0.000000000000000e+00, 0.000000000000000e+00, 6.437646800504884e+04, 1.000000000000000e-10, 1.230960353292894e+09
375, 7.132826930000000e-02, -4.025560110000000e-02, 3.889574415416345e-01, 0.000000000000000e+00, 0.000000000000000e+00, 6.433030166860355e+04, 1.000000000000000e-10, 1.231131931484178e+09
376, 7.427458960000000e-02, -4.080090600000000e-02, 3.887988698503086e-01, 0.000000000000000e+00, 0.000000000000000e+00, 6.427584697034519e+04, 1.000000000000000e-10, 1.231191088458928e+09
377, 7.722505590000001e-02, -4.132334090000000e-02, 3.883088364496894e-01, 0.000000000000000e+00, 0.000000000000000e+00, 6.416740199425681e+04, 1.000000000000000e-10, 1.232310696744793e+09
378, 8.017823220000000e-02, -4.183025210000000e-02, 3.884132038026987e-01, 0.000000000000000e+00, 0.000000000000000e+00, 6.416965453181034e+04, 1.000000000000000e-10, 1.231758447481984e+09
379, 8.313435769999999e-02, -4.231964410000000e-02, 3.893813314236553e-01, 0.000000000000000e+00, 0.000000000000000e+00, 6.430139731782091e+04, 1.000000000000000e-10, 1.228260485111406e+09
380, 8.609333900000000e-02, -4.279148640000000e-02, 3.897037192785177e-01, 0.000000000000000e+00, 0.000000000000000e+00, 6.433128383524287e+04, 1.000000000000000e-10, 1.226877319828251e+09
381, 8.905390220000001e-02, -4.325331250000000e-02, 3.890014137188689e-01, 0.000000000000000e+00, 0.000000000000000e+00, 6.418890293652079e+04, 1.000000000000000e-10, 1.228653504290428e+09
382, 9.201521220000000e-02, -4.371032730000000e-02, 3.882138519403946e-01, 0.000000000000000e+00, 0.000000000000000e+00, 6.404280118792859e+04, 1.000000000000000e-10, 1.230890209635210e+09
383, 9.497777180000000e-02, -4.415916550000000e-02, 3.885308319904733e-01, 0.000000000000000e+00, 0.000000000000000e+00, 6.407915023142430e+04, 1.000000000000000e-10, 1.229637803246490e+09
384, 9.794161960000000e-02, -4.459941640000000e-02, 3.894700989486959e-01, 0.000000000000000e+00, 0.000000000000000e+00, 6.420917904178538e+04, 1.000000000000000e-10, 1.226280540609329e+09
385, 1.009067324000000e-01, -4.503106510000000e-02, 3.893460194716170e-01, 0.000000000000000e+00, 0.000000000000000e+00, 6.416814652802250e+04, 1.000000000000000e-10, 1.226345289606723e+09
386, 1.038730870000000e-01, -4.545409720000000e-02, 3.884220836294869e-01, 0.000000000000000e+00, 0.000000000000000e+00, 6.399493398278567e+04, 1.000000000000000e-10, 1.228913454251947e+09
387, 1.068406597000000e-01, -4.586849830000000e-02, 3.874692763238042e-01, 0.000000000000000e+00, 0.000000000000000e+00, 6.381650055572420e+04, 1.000000000000000e-10, 1.231593964940781e+09
388, 1.098094267000000e-01, -4.627425440000000e-02, 3.869004126815006e-01, 0.000000000000000e+00, 0.000000000000000e+00, 6.370159549578660e+04, 1.000000000000000e-10, 1.233069500523450e+09
389, 1.127793642000000e-01, -4.667135170000000e-02, 3.866198246414048e-01, 0.000000000000000e+00, 0.000000000000000e+00, 6.363526482403863e+04, 1.000000000000000e-10, 1.233642443405090e+09
390, 1.157504483000000e-01, -4.705977670000000e-02, 3.863881210135463e-01, 0.000000000000000e+00, 0.000000000000000e+00, 6.357873039256629e+04, 1.000000000000000e-10, 1.234111193241693e+09
391, 1.187226550000000e-01, -4.743951610000000e-02, 3.860830902492291e-01, 0.000000000000000e+00, 0.000000000000000e+00, 6.351211774640204e+04, 1.000000000000000e-10, 1.234822825635683e+09
392, 1.216959602000000e-01, -4.781055690000000e-02, 3.857307467225989e-01, 0.000000000000000e+00, 0.000000000000000e+00, 6.343967061354120e+04, 1.000000000000000e-10, 1.235716564772579e+09
393, 1.246703396000000e-01, -4.817288640000000e-02, 3.854198890342461e-01, 0.000000000000000e+00, 0.000000000000000e+00, 6.337569346547284e+04, 1.000000000000000e-10, 1.236513210244135e+09
394, 1.276457687000000e-01, -4.852649220000000e-02, 3.851754079778673e-01, 0.000000000000000e+00, 0.000000000000000e+00, 6.332380158583527e+04, 1.000000000000000e-10, 1.237109589397534e+09
395, 1.306222230000000e-01, -4.887136210000000e-02, 3.849244261638962e-01, 0.000000000000000e+00, 0.000000000000000e+00, 6.327168061891825e+04, 1.000000000000000e-10, 1.237736848731812e+09
396, 1.335996778000000e-01, -4.920748410000000e-02, 3.847187406287168e-01, 0.000000000000000e+00, 0.000000000000000e+00, 6.322789597972989e+04, 1.000000000000000e-10, 1.238214257774832e+09
397, 1.365781084000000e-01, -4.953484670000000e-02, 3.848344270048284e-01, 0.000000000000000e+00, 0.000000000000000e+00, 6.323815244228834e+04, 1.000000000000000e-10, 1.237700597716373e+09
398, 1.395574899000000e-01, -4.985343850000000e-02, 3.851828343204464e-01, 0.000000000000000e+00, 0.000000000000000e+00, 6.328832994402467e+04, 1.000000000000000e-10, 1.236466976663219e+09
399, 1.425377974000000e-01, -5.016324850000000e-02, 3.849878309566113e-01, 0.000000000000000e+00, 0.000000000000000e+00, 6.325108977409577e+04, 1.000000000000000e-10, 1.237045858195515e+09
400, 1.455190058000000e-01, -5.046426590000000e-02, 3.841088728268780e-01, 0.000000000000000e+00, 0.000000000000000e+00, 6.310403716219911e+04, 1.000000000000000e-10, 1.239833700137739e+09
401, 1.485010900000000e-01, -5.075648020000000e-02, 3.835231948285058e-01, 0.000000000000000e+00, 0.000000000000000e+00, 6.300965639437976e+04, 1.000000000000000e-10, 1.241760945334224e+09
402, 1.514841115000000e-01, -5.103895140000000e-02, 3.844905281174416e-01, 0.000000000000000e+00, 0.000000000000000e+00, 6.317429627654631e+04, 1.000000000000000e-10, 1.238729309617501e+09
403, 1.544682859000000e-01, -5.130898220000000e-02, 3.867076967305162e-01, 0.000000000000000e+00, 0.000000000000000e+00, 6.354281285360287e+04, 1.000000000000000e-10, 1.231707951384424e+09
404, 1.574529831000000e-01, -5.157318600000000e-02, 3.877149809555319e-01, 0.000000000000000e+00, 0.000000000000000e+00, 6.370975632101794e+04, 1.000000000000000e-10, 1.228530715803759e+09
405, 1.604374954000000e-01, -5.183946610000000e-02, 3.870484285705374e-01, 0.000000000000000e+00, 0.000000000000000e+00, 6.360197138792754e+04, 1.000000000000000e-10, 1.230621949110386e+09
406, 1.634214633000000e-01, -5.211178220000000e-02, 3.856555596399184e-01, 0.000000000000000e+00, 0.000000000000000e+00, 6.337528455994398e+04, 1.000000000000000e-10, 1.235101916055482e+09
407, 1.664054524000000e-01, -5.238386490000000e-02, 3.849215275943717e-01, 0.000000000000000e+00, 0.000000000000000e+00, 6.325945711769607e+04, 1.000000000000000e-10, 1.237527993473217e+09
408, 1.693901711000000e-01, -5.264780400000000e-02, 3.858557845696869e-01, 0.000000000000000e+00, 0.000000000000000e+00, 6.341784526559549e+04, 1.000000000000000e-10, 1.234635529630126e+09
409, 1.723759785000000e-01, -5.289913550000000e-02, 3.865775339284442e-01, 0.000000000000000e+00, 0.000000000000000e+00, 6.354011897359519e+04, 1.000000000000000e-10, 1.232397300074965e+09
410, 1.753625325000000e-01, -5.314143690000000e-02, 3.856782754633654e-01, 0.000000000000000e+00, 0.000000000000000e+00, 6.339495513981255e+04, 1.000000000000000e-10, 1.235313301925091e+09
411, 1.783497926000000e-01, -5.337487290000000e-02, 3.844944975927545e-01, 0.000000000000000e+00, 0.000000000000000e+00, 6.320151314934697e+04, 1.000000000000000e-10, 1.239136177780735e+09
412, 1.813377897000000e-01, -5.359866430000000e-02, 3.847469470450364e-01, 0.000000000000000e+00, 0.000000000000000e+00, 6.324090452263206e+04, 1.000000000000000e-10, 1.238289109647921e+09
413, 1.843267059000000e-01, -5.380983240000000e-02, 3.867005267794345e-01, 0.000000000000000e+00, 0.000000000000000e+00, 6.355446638997648e+04, 1.000000000000000e-10, 1.231897585927923e+09
414, 1.873160581000000e-01, -5.401475910000000e-02, 3.877744518298479e-01, 0.000000000000000e+00, 0.000000000000000e+00, 6.372341427160107e+04, 1.000000000000000e-10, 1.228365751808664e+09
415, 1.903052907000000e-01, -5.422141550000000e-02, 3.872352206393047e-01, 0.000000000000000e+00, 0.000000000000000e+00, 6.362551578286043e+04, 1.000000000000000e-10, 1.229900502435595e+09
416, 1.932940919000000e-01, -5.443422470000000e-02, 3.858544664046104e-01, 0.000000000000000e+00, 0.000000000000000e+00, 6.339203033740364e+04, 1.000000000000000e-10, 1.234209914607068e+09
417, 1.962828856000000e-01, -5.464713860000000e-02, 3.848449076285218e-01, 0.000000000000000e+00, 0.000000000000000e+00, 6.321506668014863e+04, 1.000000000000000e-10, 1.237297203893195e+09
418, 1.992722277000000e-01, -5.485218440000000e-02, 3.854109011644948e-01, 0.000000000000000e+00, 0.000000000000000e+00, 6.329598831525086e+04, 1.000000000000000e-10, 1.235286084451858e+09
419, 2.022625407000000e-01, -5.504252520000000e-02, 3.865765473799664e-01, 0.000000000000000e+00, 0.000000000000000e+00, 6.346545494438011e+04, 1.000000000000000e-10, 1.231202058848546e+09
420, 2.052535799000000e-01, -5.522113260000000e-02, 3.865590606460697e-01, 0.000000000000000e+00, 0.000000000000000e+00, 6.344209965598494e+04, 1.000000000000000e-10, 1.230922317018844e+09
421, 2.082448433000000e-01, -5.539596050000000e-02, 3.855274662858511e-01, 0.000000000000000e+00, 0.000000000000000e+00, 6.324767722601371e+04, 1.000000000000000e-10, 1.233774273835641e+09
422, 2.112359078000000e-01, -5.557415450000000e-02, 3.847073420384211e-01, 0.000000000000000e+00, 0.000000000000000e+00, 6.309601736352919e+04, 1.000000000000000e-10, 1.236161003100573e+09
423, 2.142268969000000e-01, -5.575361380000000e-02, 3.853820916889617e-01, 0.000000000000000e+00, 0.000000000000000e+00, 6.318843825501076e+04, 1.000000000000000e-10, 1.233719265226406e+09
424, 2.172178860000000e-01, -5.593307320000000e-02, 3.864116238806199e-01, 0.000000000000000e+00, 0.000000000000000e+00, 6.333069835989739e+04, 1.000000000000000e-10, 1.230022203064084e+09
425, 2.202088738000000e-01, -5.611255380000000e-02, 3.855882478176362e-01, 0.000000000000000e+00, 0.000000000000000e+00, 6.317003698181373e+04, 1.000000000000000e-10, 1.232234490626128e+09
426, 2.231996539000000e-01, -5.629546030000000e-02, 3.836741460766007e-01, 0.000000000000000e+00, 0.000000000000000e+00, 6.284062025654782e+04, 1.000000000000000e-10, 1.238126399794643e+09
427, 2.261904122000000e-01, -5.647872410000000e-02, 3.819965908436340e-01, 0.000000000000000e+00, 0.000000000000000e+00, 6.254766580918759e+04, 1.000000000000000e-10, 1.243264963766276e+09
428, 2.291816271000000e-01, -5.665434720000000e-02, 3.818748843158386e-01, 0.000000000000000e+00, 0.000000000000000e+00, 6.251416491968872e+04, 1.000000000000000e-10, 1.243410890286431e+09
429, 2.321736636000000e-01, -5.681534020000000e-02, 3.825619684613950e-01, 0.000000000000000e+00, 0.000000000000000e+00, 6.260548996723061e+04, 1.000000000000000e-10, 1.240868975198666e+09
430, 2.351663232000000e-01, -5.696435160000000e-02, 3.829944701193144e-01, 0.000000000000000e+00, 0.000000000000000e+00, 6.265854948387451e+04, 1.000000000000000e-10, 1.239178189381958e+09
431, 2.381591812000000e-01, -5.710934150000000e-02, 3.828047817133103e-01, 0.000000000000000e+00, 0.000000000000000e+00, 6.261066545887713e+04, 1.000000000000000e-10, 1.239483381107370e+09
432, 2.411518497000000e-01, -5.725817950000000e-02, 3.817895867871551e-01, 0.000000000000000e+00, 0.000000000000000e+00, 6.242712640976511e+04, 1.000000000000000e-10, 1.242491467449632e+09
433, 2.441442544000000e-01, -5.741224130000000e-02, 3.804905269345580e-01, 0.000000000000000e+00, 0.000000000000000e+00, 6.220508090850540e+04, 1.000000000000000e-10, 1.246574002920676e+09
434, 2.471367698000000e-01, -5.756413020000000e-02, 3.797713978745195e-01, 0.000000000000000e+00, 0.000000000000000e+00, 6.208522308958426e+04, 1.000000000000000e-10, 1.248887336438164e+09
435, 2.501297829000000e-01, -5.770582350000000e-02, 3.804268911751600e-01, 0.000000000000000e+00, 0.000000000000000e+00, 6.219700713164683e+04, 1.000000000000000e-10, 1.246812044298491e+09
436, 2.531234770000000e-01, -5.783232400000000e-02, 3.817559363463230e-01, 0.000000000000000e+00, 0.000000000000000e+00, 6.241994321296964e+04, 1.000000000000000e-10, 1.242584696741206e+09
437, 2.561175599000000e-01, -5.794931300000000e-02, 3.822125929133979e-01, 0.000000000000000e+00, 0.000000000000000e+00, 6.249688654382463e+04, 1.000000000000000e-10, 1.241137454540245e+09
438, 2.591117003000000e-01, -5.806482750000000e-02, 3.817660746733231e-01, 0.000000000000000e+00, 0.000000000000000e+00, 6.242921054011746e+04, 1.000000000000000e-10, 1.242661521011124e+09
439, 2.621056177000000e-01, -5.818597470000000e-02, 3.810024994854896e-01, 0.000000000000000e+00, 0.000000000000000e+00, 6.230954207815880e+04, 1.000000000000000e-10, 1.245237792114200e+09
440, 2.650994034000000e-01, -5.831034790000000e-02, 3.805754013104893e-01, 0.000000000000000e+00, 0.000000000000000e+00, 6.225579750063427e+04, 1.000000000000000e-10, 1.246926148648264e+09
441, 2.680933813000000e-01, -5.842997970000000e-02, 3.807716097802926e-01, 0.000000000000000e+00, 0.000000000000000e+00, 6.230948144279340e+04, 1.000000000000000e-10, 1.246640493970272e+09
442, 2.710878355000000e-01, -5.853695520000000e-02, 3.817168444936430e-01, 0.000000000000000e+00, 0.000000000000000e+00, 6.248387807889726e+04, 1.000000000000000e-10, 1.243860922960238e+09
443, 2.740827683000000e-01, -5.862963070000000e-02, 3.831780781473466e-01, 0.000000000000000e+00, 0.000000000000000e+00, 6.274570642328572e+04, 1.000000000000000e-10, 1.239490404736942e+09
444, 2.770779096000000e-01, -5.871535910000000e-02, 3.837959167822507e-01, 0.000000000000000e+00, 0.000000000000000e+00, 6.286033284978948e+04, 1.000000000000000e-10, 1.237713904736544e+09
445, 2.800730188000000e-01, -5.880219320000000e-02, 3.833742406739267e-01, 0.000000000000000e+00, 0.000000000000000e+00, 6.280862222121922e+04, 1.000000000000000e-10, 1.239320078952482e+09
446, 2.830679396000000e-01, -5.889530050000000e-02, 3.824921553693766e-01, 0.000000000000000e+00, 0.000000000000000e+00, 6.267425770117681e+04, 1.000000000000000e-10, 1.242352528636397e+09
447, 2.860628383000000e-01, -5.898912130000000e-02, 3.821440157810786e-01, 0.000000000000000e+00, 0.000000000000000e+00, 6.263272485268307e+04, 1.000000000000000e-10, 1.243774365903221e+09
448, 2.890579563000000e-01, -5.907560330000000e-02, 3.830925397768101e-01, 0.000000000000000e+00, 0.000000000000000e+00, 6.279678599744743e+04, 1.000000000000000e-10, 1.240842375623239e+09
449, 2.920534568000000e-01, -5.914755270000000e-02, 3.845467462757621e-01, 0.000000000000000e+00, 0.000000000000000e+00, 6.304357448746845e+04, 1.000000000000000e-10, 1.236257700122706e+09
450, 2.950492307000000e-01, -5.920717250000000e-02, 3.847194472073676e-01, 0.000000000000000e+00, 0.000000000000000e+00, 6.307234154974773e+04, 1.000000000000000e-10, 1.235713868759787e+09
451, 2.980450890000000e-01, -5.926243910000000e-02, 3.839878830009534e-01, 0.000000000000000e+00, 0.000000000000000e+00, 6.295353899300518e+04, 1.000000000000000e-10, 1.238086518099681e+09
452, 3.010408880000000e-01, -5.932081780000000e-02, 3.835146435936421e-01, 0.000000000000000e+00, 0.000000000000000e+00, 6.286901921876120e+04, 1.000000000000000e-10, 1.239513266631299e+09
453, 3.040366569000000e-01, -5.938073310000000e-02, 3.844973669044197e-01, 0.000000000000000e+00, 0.000000000000000e+00, 6.301951845022113e+04, 1.000000000000000e-10, 1.236173569478544e+09
454, 3.070324259000000e-01, -5.944064850000000e-02, 3.857496886609392e-01, 0.000000000000000e+00, 0.000000000000000e+00, 6.321508728876592e+04, 1.000000000000000e-10, 1.232015304535559e+09
455, 3.100281949000000e-01, -5.950056430000000e-02, 3.851577528018995e-01, 0.000000000000000e+00, 0.000000000000000e+00, 6.310916185118006e+04, 1.000000000000000e-10, 1.233764699985035e+09
456, 3.130238981000000e-01, -5.956366740000000e-02, 3.834762138000029e-01, 0.000000000000000e+00, 0.000000000000000e+00, 6.282190013865512e+04, 1.000000000000000e-10, 1.238983558555128e+09
457, 3.160195838000000e-01, -5.962760330000000e-02, 3.820549539061983e-01, 0.000000000000000e+00, 0.000000000000000e+00, 6.257751392768272e+04, 1.000000000000000e-10, 1.243372153227978e+09
458, 3.190154135000000e-01, -5.968430950000000e-02, 3.822839645978732e-01, 0.000000000000000e+00, 0.000000000000000e+00, 6.260090992770297e+04, 1.000000000000000e-10, 1.242422225797856e+09
459, 3.220114804000000e-01, -5.972653310000000e-02, 3.834479393509259e-01, 0.000000000000000e+00, 0.000000000000000e+00, 6.277642481265622e+04, 1.000000000000000e-10, 1.238429429905047e+09
460, 3.250076994000000e-01, -5.975631740000000e-02, 3.835591176008547e-01, 0.000000000000000e+00, 0.000000000000000e+00, 6.277890553047710e+04, 1.000000000000000e-10, 1.237814385270344e+09
461, 3.280039605000000e-01, -5.978163410000000e-02, 3.826713841459936e-01, 0.000000000000000e+00, 0.000000000000000e+00, 6.262298684898350e+04, 1.000000000000000e-10, 1.240468226071962e+09
462, 3.310001939000000e-01, -5.981000190000000e-02, 3.818192513926914e-01, 0.000000000000000e+00, 0.000000000000000e+00, 6.247519468870752e+04, 1.000000000000000e-10, 1.243099505861004e+09
463, 3.339964122000000e-01, -5.983996410000000e-02, 3.825167079444063e-01, 0.000000000000000e+00, 0.000000000000000e+00, 6.258928176343254e+04, 1.000000000000000e-10, 1.240814513428477e+09
464, 3.369926304000000e-01, -5.986992630000000e-02, 3.840173208295363e-01, 0.000000000000000e+00, 0.000000000000000e+00, 6.284353708016296e+04, 1.000000000000000e-10, 1.236137163329557e+09
465, 3.399888487000000e-01, -5.989988850000000e-02, 3.836574554484709e-01, 0.000000000000000e+00, 0.000000000000000e+00, 6.279084298215005e+04, 1.000000000000000e-10, 1.237397541217158e+09
466, 3.429850337000000e-01, -5.993297570000000e-02, 3.823680447035409e-01, 0.000000000000000e+00, 0.000000000000000e+00, 6.258065692418852e+04, 1.000000000000000e-10, 1.241615668020053e+09
467, 3.459812085000000e-01, -5.996700070000000e-02, 3.812804860543796e-01, 0.000000000000000e+00, 0.000000000000000e+00, 6.241470389786767e+04, 1.000000000000000e-10, 1.245355764131835e+09
468, 3.489774541000000e-01, -5.999389510000000e-02, 3.814564778165264e-01, 0.000000000000000e+00, 0.000000000000000e+00, 6.245584319483450e+04, 1.000000000000000e-10, 1.244961003680874e+09
469, 3.519737926000000e-01, -6.000635760000000e-02, 3.825395772177289e-01, 0.000000000000000e+00, 0.000000000000000e+00, 6.265529323867209e+04, 1.000000000000000e-10, 1.241777048679754e+09
470, 3.549701596000000e-01, -6.000628710000000e-02, 3.834591190667020e-01, 0.000000000000000e+00, 0.000000000000000e+00, 6.281921800347725e+04, 1.000000000000000e-10, 1.239016178279071e+09
471, 3.579665241000000e-01, -6.000164710000000e-02, 3.838271350589053e-01, 0.000000000000000e+00, 0.000000000000000e+00, 6.289393444254516e+04, 1.000000000000000e-10, 1.238064345111416e+09
472, 3.609628912000000e-01, -6.000041890000000e-02, 3.834725739726071e-01, 0.000000000000000e+00, 0.000000000000000e+00, 6.286255964838191e+04, 1.000000000000000e-10, 1.239644309351161e+09
473, 3.639592561000000e-01, -6.000473460000000e-02, 3.828509458032069e-01, 0.000000000000000e+00, 0.000000000000000e+00, 6.277777285942633e+04, 1.000000000000000e-10, 1.241936734667575e+09
474, 3.669556225000000e-01, -6.000736450000000e-02, 3.828118483993866e-01, 0.000000000000000e+00, 0.000000000000000e+00, 6.280014427005534e+04, 1.000000000000000e-10, 1.242532315715392e+09
475, 3.699519795000000e-01, -6.000023780000000e-02, 3.838503345045811e-01, 0.000000000000000e+00, 0.000000000000000e+00, 6.298948377629250e+04, 1.000000000000000e-10, 1.239479017952397e+09
476, 3.729482611000000e-01, -5.997784780000000e-02, 3.854391469415158e-01, 0.000000000000000e+00, 0.000000000000000e+00, 6.327441406083285e+04, 1.000000000000000e-10, 1.234756127510890e+09
477, 3.759444535000000e-01, -5.994544400000000e-02, 3.860146438593927e-01, 0.000000000000000e+00, 0.000000000000000e+00, 6.338036225428952e+04, 1.000000000000000e-10, 1.233098850065150e+09
478, 3.789406246000000e-01, -5.991109540000000e-02, 3.857369591347616e-01, 0.000000000000000e+00, 0.000000000000000e+00, 6.335215379521493e+04, 1.000000000000000e-10, 1.234233301122452e+09
479, 3.819368521000000e-01, -5.988214390000000e-02, 3.850991679417176e-01, 0.000000000000000e+00, 0.000000000000000e+00, 6.325202780971234e+04, 1.000000000000000e-10, 1.236387829889731e+09
480, 3.849331132000000e-01, -5.985683420000000e-02, 3.846701074879443e-01, 0.000000000000000e+00, 0.000000000000000e+00, 6.319216282388230e+04, 1.000000000000000e-10, 1.237985211437066e+09
481, 3.879293339000000e-01, -5.982721620000000e-02, 3.847249619413977e-01, 0.000000000000000e+00, 0.000000000000000e+00, 6.320777957407596e+04, 1.000000000000000e-10, 1.237915473040532e+09
482, 3.909254052000000e-01, -5.978530220000000e-02, 3.854653268059605e-01, 0.000000000000000e+00, 0.000000000000000e+00, 6.332294847292693e+04, 1.000000000000000e-10, 1.235402676286484e+09
483, 3.939212391000000e-01, -5.972882000000000e-02, 3.866482908022693e-01, 0.000000000000000e+00, 0.000000000000000e+00, 6.351355954669153e+04, 1.000000000000000e-10, 1.231587356511937e+09
484, 3.969169262000000e-01, -5.966494890000000e-02, 3.867953679351868e-01, 0.000000000000000e+00, 0.000000000000000e+00, 6.352961650220830e+04, 1.000000000000000e-10, 1.230989459315283e+09
485, 3.999126274000000e-01, -5.960175120000000e-02, 3.860166441896815e-01, 0.000000000000000e+00, 0.000000000000000e+00, 6.339943496457110e+04, 1.000000000000000e-10, 1.233371859627964e+09
486, 4.029083963000000e-01, -5.954183210000000e-02, 3.853881394553175e-01, 0.000000000000000e+00, 0.000000000000000e+00, 6.328672629143893e+04, 1.000000000000000e-10, 1.235257175972030e+09
487, 4.059041653000000e-01, -5.948191670000000e-02, 3.861947549635422e-01, 0.000000000000000e+00, 0.000000000000000e+00, 6.341268251239554e+04, 1.000000000000000e-10, 1.232584696202607e+09
488, 4.088999342000000e-01, -5.942200130000000e-02, 3.874613799990663e-01, 0.000000000000000e+00, 0.000000000000000e+00, 6.362545458709441e+04, 1.000000000000000e-10, 1.228631747665621e+09
489, 4.118957316000000e-01, -5.936354160000000e-02, 3.870084995978053e-01, 0.000000000000000e+00, 0.000000000000000e+00, 6.356005398861475e+04, 1.000000000000000e-10, 1.230201023490208e+09
490, 4.148915900000000e-01, -5.930827980000000e-02, 3.855077535825000e-01, 0.000000000000000e+00, 0.000000000000000e+00, 6.331702457700095e+04, 1.000000000000000e-10, 1.235045540143417e+09
491, 4.178873672000000e-01, -5.924882410000000e-02, 3.843304030469385e-01, 0.000000000000000e+00, 0.000000000000000e+00, 6.313740912014293e+04, 1.000000000000000e-10, 1.239054345569865e+09
492, 4.208828751000000e-01, -5.917718310000000e-02, 3.848879338792742e-01, 0.000000000000000e+00, 0.000000000000000e+00, 6.324109649389850e+04, 1.000000000000000e-10, 1.237484560771813e+09
493, 4.238779996000000e-01, -5.909092720000000e-02, 3.866894670989905e-01, 0.000000000000000e+00, 0.000000000000000e+00, 6.355877286442662e+04, 1.000000000000000e-10, 1.232055200118082e+09
494, 4.268729004000000e-01, -5.899717340000000e-02, 3.874713362097934e-01, 0.000000000000000e+00, 0.000000000000000e+00, 6.370375495389277e+04, 1.000000000000000e-10, 1.229831312090778e+09
495, 4.298678186000000e-01, -5.890397410000000e-02, 3.871036354285862e-01, 0.000000000000000e+00, 0.000000000000000e+00, 6.366912489104360e+04, 1.000000000000000e-10, 1.231411626682394e+09
496, 4.328629246000000e-01, -5.881703720000000e-02, 3.862956568520759e-01, 0.000000000000000e+00, 0.000000000000000e+00, 6.355330526378806e+04, 1.000000000000000e-10, 1.234260835497694e+09
497, 4.358580675000000e-01, -5.873136490000000e-02, 3.860741963090325e-01, 0.000000000000000e+00, 0.000000000000000e+00, 6.354205473036448e+04, 1.000000000000000e-10, 1.235364324360318e+09
498, 4.388530070000000e-01, -5.863890460000000e-02, 3.868620483766964e-01, 0.000000000000000e+00, 0.000000000000000e+00, 6.368789121387705e+04, 1.000000000000000e-10, 1.233089576358437e+09
499, 4.418474723000000e-01, -5.853224060000000e-02, 3.879774678531051e-01, 0.000000000000000e+00, 0.000000000000000e+00, 6.388983895010829e+04, 1.000000000000000e-10, 1.229820548630523e+09
500, 4.448414571000000e-01, -5.841278340000000e-02, 3.887095610730959e-01, 0.000000000000000e+00, 0.000000000000000e+00, 6.401547597279110e+04, 1.000000000000000e-10, 1.227603992833747e+09
501, 4.478352435000000e-01, -5.828842610000000e-02, 3.888874972920477e-01, 0.000000000000000e+00, 0.000000000000000e+00, 6.404600110765392e+04, 1.000000000000000e-10, 1.227061600514250e+09
502, 4.508291556000000e-01, -5.816714900000000e-02, 3.883595410681332e-01, 0.000000000000000e+00, 0.000000000000000e+00, 6.396526662006288e+04, 1.000000000000000e-10, 1.228826077217403e+09
503, 4.538232940000000e-01, -5.805158270000000e-02, 3.875124487902702e-01, 0.000000000000000e+00, 0.000000000000000e+00, 6.382279418087566e+04, 1.000000000000000e-10, 1.231484394044712e+09
504, 4.568173812000000e-01, -5.793470060000000e-02, 3.870544750151482e-01, 0.000000000000000e+00, 0.000000000000000e+00, 6.374233817318026e+04, 1.000000000000000e-10, 1.232861305103870e+09
505, 4.598110864000000e-01, -5.780846580000000e-02, 3.876301863038076e-01, 0.000000000000000e+00, 0.000000000000000e+00, 6.382311099876396e+04, 1.000000000000000e-10, 1.230796373685467e+09
506, 4.628041128000000e-01, -5.766705430000000e-02, 3.887267782958591e-01, 0.000000000000000e+00, 0.000000000000000e+00, 6.398904179910406e+04, 1.000000000000000e-10, 1.227093013124991e+09
507, 4.657966345000000e-01, -5.751528910000000e-02, 3.888744118695034e-01, 0.000000000000000e+00, 0.000000000000000e+00, 6.399997486778585e+04, 1.000000000000000e-10, 1.226412640254129e+09
508, 4.687890375000000e-01, -5.736119260000000e-02, 3.880513378561347e-01, 0.000000000000000e+00, 0.000000000000000e+00, 6.385700997292232e+04, 1.000000000000000e-10, 1.228894758596550e+09
509, 4.717816992000000e-01, -5.721221950000000e-02, 3.869961749690211e-01, 0.000000000000000e+00, 0.000000000000000e+00, 6.367770536516570e+04, 1.000000000000000e-10, 1.232154900330091e+09
510, 4.747745571000000e-01, -5.706722820000000e-02, 3.865838681693886e-01, 0.000000000000000e+00, 0.000000000000000e+00, 6.360882555247119e+04, 1.000000000000000e-10, 1.233441141389113e+09
511, 4.777672246000000e-01, -5.691837390000000e-02, 3.871818901042628e-01, 0.000000000000000e+00, 0.000000000000000e+00, 6.370821402637028e+04, 1.000000000000000e-10, 1.231578256900681e+09
512, 4.807592922000000e-01, -5.675795070000000e-02, 3.876729859237981e-01, 0.000000000000000e+00, 0.000000000000000e+00, 6.379240174190980e+04, 1.000000000000000e-10, 1.230071907853917e+09
513, 4.837507599000000e-01, -5.658667410000000e-02, 3.873735951264393e-01, 0.000000000000000e+00, 0.000000000000000e+00, 6.374504113867015e+04, 1.000000000000000e-10, 1.231033560053591e+09
514, 4.867417038000000e-01, -5.640648100000000e-02, 3.870500203970509e-01, 0.000000000000000e+00, 0.000000000000000e+00, 6.369296094222368e+04, 1.000000000000000e-10, 1.232109737378105e+09
515, 4.897320976000000e-01, -5.621737780000000e-02, 3.871989733644213e-01, 0.000000000000000e+00, 0.000000000000000e+00, 6.371904203673548e+04, 1.000000000000000e-10, 1.231660779120039e+09
516, 4.927219151000000e-01, -5.601937110000000e-02, 3.872519357178027e-01, 0.000000000000000e+00, 0.000000000000000e+00, 6.373095809405745e+04, 1.000000000000000e-10, 1.231503964757707e+09
517, 4.957111300000000e-01, -5.581246800000000e-02, 3.868246904727246e-01, 0.000000000000000e+00, 0.000000000000000e+00, 6.366462124869315e+04, 1.000000000000000e-10, 1.232912273942509e+09
518, 4.986997164000000e-01, -5.559667590000000e-02, 3.865665676894487e-01, 0.000000000000000e+00, 0.000000000000000e+00, 6.362278421029567e+04, 1.000000000000000e-10, 1.233774173560659e+09
519, 5.016875582000000e-01, -5.537082560000000e-02, 3.874834227521276e-01, 0.000000000000000e+00, 0.000000000000000e+00, 6.376853293445516e+04, 1.000000000000000e-10, 1.230772824533063e+09
520, 5.046744459000000e-01, -5.513267300000000e-02, 3.894322322989184e-01, 0.000000000000000e+00, 0.000000000000000e+00, 6.407771909258068e+04, 1.000000000000000e-10, 1.224456324833068e+09
521, 5.076609077000001e-01, -5.488922320000000e-02, 3.903355032290209e-01, 0.000000000000000e+00, 0.000000000000000e+00, 6.421515677319925e+04, 1.000000000000000e-10, 1.221447256799653e+09
522, 5.106475810000000e-01, -5.464838960000000e-02, 3.897244546238812e-01, 0.000000000000000e+00, 0.000000000000000e+00, 6.410147338165838e+04, 1.000000000000000e-10, 1.223137872746371e+09
523, 5.136347221999999e-01, -5.441342690000000e-02, 3.884325493404214e-01, 0.000000000000000e+00, 0.000000000000000e+00, 6.387928927924151e+04, 1.000000000000000e-10, 1.227067168434109e+09
524, 5.166218002000000e-01, -5.417766240000000e-02, 3.875894879981195e-01, 0.000000000000000e+00, 0.000000000000000e+00, 6.372731719647390e+04, 1.000000000000000e-10, 1.229524043914729e+09
525, 5.196081732000000e-01, -5.393315480000000e-02, 3.880967544043997e-01, 0.000000000000000e+00, 0.000000000000000e+00, 6.379970694081686e+04, 1.000000000000000e-10, 1.227750113048333e+09
526, 5.225935011000000e-01, -5.367618930000000e-02, 3.889078021968460e-01, 0.000000000000000e+00, 0.000000000000000e+00, 6.391647566513327e+04, 1.000000000000000e-10, 1.224914719739305e+09
527, 5.255780483000000e-01, -5.341030860000000e-02, 3.891925696418277e-01, 0.000000000000000e+00, 0.000000000000000e+00, 6.395094378102427e+04, 1.000000000000000e-10, 1.223814780914900e+09
528, 5.285617956000001e-01, -5.313559520000000e-02, 3.892055633879616e-01, 0.000000000000000e+00, 0.000000000000000e+00, 6.394268831311016e+04, 1.000000000000000e-10, 1.223634038493048e+09
529, 5.315447173000000e-01, -5.285205880000000e-02, 3.888909890779184e-01, 0.000000000000000e+00, 0.000000000000000e+00, 6.388280293230841e+04, 1.000000000000000e-10, 1.224494050241312e+09
530, 5.345267882000000e-01, -5.255970920000000e-02, 3.882505062056467e-01, 0.000000000000000e+00, 0.000000000000000e+00, 6.377101222189888e+04, 1.000000000000000e-10, 1.226389667133598e+09
531, 5.375079829000000e-01, -5.225855670000000e-02, 3.880818971267479e-01, 0.000000000000000e+00, 0.000000000000000e+00, 6.373457298415758e+04, 1.000000000000000e-10, 1.226737196161622e+09
532, 5.404882648000000e-01, -5.194849960000000e-02, 3.891633573477232e-01, 0.000000000000000e+00, 0.000000000000000e+00, 6.391102550268404e+04, 1.000000000000000e-10, 1.223341819341259e+09
533, 5.434672252000000e-01, -5.162600380000000e-02, 3.912211033914557e-01, 0.000000000000000e+00, 0.000000000000000e+00, 6.423709997430903e+04, 1.000000000000000e-10, 1.216756508222520e+09
534, 5.464452645000000e-01, -5.129509310000000e-02, 3.922820837649159e-01, 0.000000000000000e+00, 0.000000000000000e+00, 6.440213215707692e+04, 1.000000000000000e-10, 1.213322905413112e+09
535, 5.494232392000000e-01, -5.096360040000000e-02, 3.919400411581618e-01, 0.000000000000000e+00, 0.000000000000000e+00, 6.433371601602108e+04, 1.000000000000000e-10, 1.214137534075898e+09
536, 5.524018620000000e-01, -5.063798680000000e-02, 3.910585488307913e-01, 0.000000000000000e+00, 0.000000000000000e+00, 6.418371932555544e+04, 1.000000000000000e-10, 1.216791285442270e+09
537, 5.553807501000000e-01, -5.031480440000000e-02, 3.906517524481828e-01, 0.000000000000000e+00, 0.000000000000000e+00, 6.410833648680200e+04, 1.000000000000000e-10, 1.217913958606281e+09
538, 5.583590480000000e-01, -4.998623770000000e-02, 3.914570823118797e-01, 0.000000000000000e+00, 0.000000000000000e+00, 6.423602547665809e+04, 1.000000000000000e-10, 1.215377661953676e+09
539, 5.613359734000000e-01, -4.964547060000000e-02, 3.923757298514020e-01, 0.000000000000000e+00, 0.000000000000000e+00, 6.437512980897096e+04, 1.000000000000000e-10, 1.212386321280980e+09
540, 5.643117559000000e-01, -4.929485250000000e-02, 3.925643074507790e-01, 0.000000000000000e+00, 0.000000000000000e+00, 6.439822150960473e+04, 1.000000000000000e-10, 1.211682014773361e+09
541, 5.672864971000000e-01, -4.893550630000000e-02, 3.923543959946554e-01, 0.000000000000000e+00, 0.000000000000000e+00, 6.435592270424025e+04, 1.000000000000000e-10, 1.212179939808139e+09
542, 5.702601725000001e-01, -4.856744460000000e-02, 3.922370257887657e-01, 0.000000000000000e+00, 0.000000000000000e+00, 6.432850914816013e+04, 1.000000000000000e-10, 1.212415645729056e+09
543, 5.732327578000000e-01, -4.819067990000000e-02, 3.924735750560175e-01, 0.000000000000000e+00, 0.000000000000000e+00, 6.435922935066951e+04, 1.000000000000000e-10, 1.211544213349632e+09
544, 5.762042288000000e-01, -4.780522520000000e-02, 3.931914178670717e-01, 0.000000000000000e+00, 0.000000000000000e+00, 6.446959990954222e+04, 1.000000000000000e-10, 1.209219835753126e+09
545, 5.791745615000000e-01, -4.741109350000000e-02, 3.941361634609236e-01, 0.000000000000000e+00, 0.000000000000000e+00, 6.461866366791089e+04, 1.000000000000000e-10, 1.206231287951777e+09
546, 5.821437317000000e-01, -4.700829840000000e-02, 3.945572499278079e-01, 0.000000000000000e+00, 0.000000000000000e+00, 6.468326491047633e+04, 1.000000000000000e-10, 1.204893459699032e+09
547, 5.851117156000000e-01, -4.659685360000000e-02, 3.942549511158261e-01, 0.000000000000000e+00, 0.000000000000000e+00, 6.462720890085835e+04, 1.000000000000000e-10, 1.205717217118443e+09
548, 5.880784894000000e-01, -4.617677290000000e-02, 3.941069999893366e-01, 0.000000000000000e+00, 0.000000000000000e+00, 6.460592531621363e+04, 1.000000000000000e-10, 1.206215630415813e+09
549, 5.910439602000001e-01, -4.574759280000000e-02, 3.952745535521801e-01, 0.000000000000000e+00, 0.000000000000000e+00, 6.480163427342879e+04, 1.000000000000000e-10, 1.202679708477207e+09
550, 5.940076158000001e-01, -4.530605300000000e-02, 3.975380311596241e-01, 0.000000000000000e+00, 0.000000000000000e+00, 6.517087969714139e+04, 1.000000000000000e-10, 1.195826283661710e+09
551, 5.969702442000000e-01, -4.485766250000000e-02, 3.988324969532026e-01, 0.000000000000000e+00, 0.000000000000000e+00, 6.538510245659134e+04, 1.000000000000000e-10, 1.191975369074753e+09
552, 5.999329905000000e-01, -4.441005360000000e-02, 3.987835900025778e-01, 0.000000000000000e+00, 0.000000000000000e+00, 6.537731325463115e+04, 1.000000000000000e-10, 1.192092531963449e+09
553, 6.028966429000000e-01, -4.396848360000000e-02, 3.982411999802022e-01, 0.000000000000000e+00, 0.000000000000000e+00, 6.529651479763815e+04, 1.000000000000000e-10, 1.193842938186019e+09
554, 6.058604630000000e-01, -4.352803920000000e-02, 3.982276581513252e-01, 0.000000000000000e+00, 0.000000000000000e+00, 6.530206210100297e+04, 1.000000000000000e-10, 1.194021218019120e+09
555, 6.088233068000000e-01, -4.308108430000000e-02, 3.994171373194535e-01, 0.000000000000000e+00, 0.000000000000000e+00, 6.550882201980460e+04, 1.000000000000000e-10, 1.190641081226739e+09
556, 6.117840715000000e-01, -4.262056990000000e-02, 4.008779806716646e-01, 0.000000000000000e+00, 0.000000000000000e+00, 6.575377402913323e+04, 1.000000000000000e-10, 1.186385185918348e+09
557, 6.147428891000000e-01, -4.214769180000000e-02, 4.019304130325471e-01, 0.000000000000000e+00, 0.000000000000000e+00, 6.593285937285215e+04, 1.000000000000000e-10, 1.183374449435503e+09
558, 6.177009164000000e-01, -4.166988860000000e-02, 4.023975044832948e-01, 0.000000000000000e+00, 0.000000000000000e+00, 6.601517229197941e+04, 1.000000000000000e-10, 1.182078911393430e+09
559, 6.206593651000000e-01, -4.119470460000000e-02, 4.021934159717371e-01, 0.000000000000000e+00, 0.000000000000000e+00, 6.598511895678952e+04, 1.000000000000000e-10, 1.182729480843131e+09
560, 6.236187181000000e-01, -4.072518330000000e-02, 4.018437508809609e-01, 0.000000000000000e+00, 0.000000000000000e+00, 6.593734838711024e+04, 1.000000000000000e-10, 1.183924485590064e+09
561, 6.265779548000000e-01, -4.025493070000000e-02, 4.021247984638426e-01, 0.000000000000000e+00, 0.000000000000000e+00, 6.599356502441710e+04, 1.000000000000000e-10, 1.183246549252942e+09
562, 6.295358580000000e-01, -3.977637300000000e-02, 4.036896907231008e-01, 0.000000000000000e+00, 0.000000000000000e+00, 6.626483471389944e+04, 1.000000000000000e-10, 1.178870998112975e+09
563, 6.324917848000000e-01, -3.928575100000000e-02, 4.049521169228618e-01, 0.000000000000000e+00, 0.000000000000000e+00, 6.648273126990121e+04, 1.000000000000000e-10, 1.175351654816278e+09
564, 6.354462727000000e-01, -3.878653410000000e-02, 4.048017440501284e-01, 0.000000000000000e+00, 0.000000000000000e+00, 6.646779698410720e+04, 1.000000000000000e-10, 1.175923277819251e+09
565, 6.383993153000000e-01, -3.827883870000000e-02, 4.044051841854392e-01, 0.000000000000000e+00, 0.000000000000000e+00, 6.641683041772869e+04, 1.000000000000000e-10, 1.177283399295141e+09
566, 6.413507560000000e-01, -3.776191640000000e-02, 4.053470779972405e-01, 0.000000000000000e+00, 0.000000000000000e+00, 6.658661671482780e+04, 1.000000000000000e-10, 1.174752815680949e+09
567, 6.443000666000001e-01, -3.723297330000000e-02, 4.076574074308326e-01, 0.000000000000000e+00, 0.000000000000000e+00, 6.697803336587166e+04, 1.000000000000000e-10, 1.168272443716622e+09
568, 6.472482997000000e-01, -3.669805020000000e-02, 4.089183259100742e-01, 0.000000000000000e+00, 0.000000000000000e+00, 6.719760978434829e+04, 1.000000000000000e-10, 1.164862782990752e+09
569, 6.501967952000000e-01, -3.616457690000000e-02, 4.090388013058452e-01, 0.000000000000000e+00, 0.000000000000000e+00, 6.722942927265129e+04, 1.000000000000000e-10, 1.164691572127897e+09
570, 6.531457706000000e-01, -3.563376130000000e-02, 4.093540709720513e-01, 0.000000000000000e+00, 0.000000000000000e+00, 6.729710838281031e+04, 1.000000000000000e-10, 1.164020977502733e+09
571, 6.560947461000000e-01, -3.510294570000000e-02, 4.108924270708206e-01, 0.000000000000000e+00, 0.000000000000000e+00, 6.756466024071505e+04, 1.000000000000000e-10, 1.159860389847494e+09
572, 6.590437216000000e-01, -3.457213010000000e-02, 4.120808391781063e-01, 0.000000000000000e+00, 0.000000000000000e+00, 6.777579834098239e+04, 1.000000000000000e-10, 1.156735966947804e+09
573, 6.619929736000000e-01, -3.404285490000000e-02, 4.122450372560429e-01, 0.000000000000000e+00, 0.000000000000000e+00, 6.781890093755422e+04, 1.000000000000000e-10, 1.156501718618045e+09
574, 6.649427455000000e-01, -3.351648340000000e-02, 4.117383805715060e-01, 0.000000000000000e+00, 0.000000000000000e+00, 6.775467741268454e+04, 1.000000000000000e-10, 1.158194583680939e+09
575, 6.678917876000000e-01, -3.298604320000000e-02, 4.116421465460530e-01, 0.000000000000000e+00, 0.000000000000000e+00, 6.775917772432938e+04, 1.000000000000000e-10, 1.158748409961966e+09
576, 6.708387459000000e-01, -3.244415800000000e-02, 4.130255137422824e-01, 0.000000000000000e+00, 0.000000000000000e+00, 6.800913188336961e+04, 1.000000000000000e-10, 1.155179006342988e+09
577, 6.737831424000000e-01, -3.188851370000000e-02, 4.150159385702996e-01, 0.000000000000000e+00, 0.000000000000000e+00, 6.835739693198055e+04, 1.000000000000000e-10, 1.149922690132690e+09
578, 6.767261656000000e-01, -3.132563310000000e-02, 4.159455979972230e-01, 0.000000000000000e+00, 0.000000000000000e+00, 6.853043336425663e+04, 1.000000000000000e-10, 1.147627576885633e+09
579, 6.796692174000000e-01, -3.076290160000000e-02, 4.159588489500788e-01, 0.000000000000000e+00, 0.000000000000000e+00, 6.855071135756331e+04, 1.000000000000000e-10, 1.147828998421945e+09
580, 6.826129130000000e-01, -3.020354650000000e-02, 4.159409472676853e-01, 0.000000000000000e+00, 0.000000000000000e+00, 6.856632245545265e+04, 1.000000000000000e-10, 1.148134708594900e+09
581, 6.855566182000000e-01, -2.964424250000000e-02, 4.164646357008336e-01, 0.000000000000000e+00, 0.000000000000000e+00, 6.866907886590865e+04, 1.000000000000000e-10, 1.146895165414672e+09
582, 6.885003235000000e-01, -2.908493850000000e-02, 4.177298036419056e-01, 0.000000000000000e+00, 0.000000000000000e+00, 6.889176097620089e+04, 1.000000000000000e-10, 1.143614230547110e+09
583, 6.914440287000000e-01, -2.852563450000000e-02, 4.188469811857070e-01, 0.000000000000000e+00, 0.000000000000000e+00, 6.908811870862654e+04, 1.000000000000000e-10, 1.140728810700417e+09
584, 6.943877340000000e-01, -2.796633050000000e-02, 4.193693023844883e-01, 0.000000000000000e+00, 0.000000000000000e+00, 6.918573613713862e+04, 1.000000000000000e-10, 1.139463671994653e+09
585, 6.973314392000000e-01, -2.740702650000000e-02, 4.197124803404212e-01, 0.000000000000000e+00, 0.000000000000000e+00, 6.925399879964729e+04, 1.000000000000000e-10, 1.138689864672164e+09
586, 7.002751444999999e-01, -2.684772250000000e-02, 4.202732847175639e-01, 0.000000000000000e+00, 0.000000000000000e+00, 6.935877071219879e+04, 1.000000000000000e-10, 1.137335845800614e+09
587, 7.032188497000000e-01, -2.628841850000000e-02, 4.209630235419906e-01, 0.000000000000000e+00, 0.000000000000000e+00, 6.948558169632284e+04, 1.000000000000000e-10, 1.135647245837904e+09
588, 7.061625550000000e-01, -2.572911460000000e-02, 4.216482982933031e-01, 0.000000000000000e+00, 0.000000000000000e+00, 6.961250452810984e+04, 1.000000000000000e-10, 1.134031550848482e+09
589, 7.091062603000000e-01, -2.516981060000000e-02, 4.221938689032626e-01, 0.000000000000000e+00, 0.000000000000000e+00, 6.971725433214923e+04, 1.000000000000000e-10, 1.132762703802804e+09
590, 7.120499655000000e-01, -2.461050660000000e-02, 4.227142626530737e-01, 0.000000000000000e+00, 0.000000000000000e+00, 6.981880563256121e+04, 1.000000000000000e-10, 1.131576820246393e+09
591, 7.149936708000000e-01, -2.405120260000000e-02, 4.232661816329359e-01, 0.000000000000000e+00, 0.000000000000000e+00, 6.992648102150323e+04, 1.000000000000000e-10, 1.130321329510120e+09
592, 7.179373760000000e-01, -2.349189860000000e-02, 4.239008170657864e-01, 0.000000000000000e+00, 0.000000000000000e+00, 7.004868104725699e+04, 1.000000000000000e-10, 1.128859565710625e+09
593, 7.208810812999999e-01, -2.293259460000000e-02, 4.244683169901642e-01, 0.000000000000000e+00, 0.000000000000000e+00, 7.016055025425083e+04, 1.000000000000000e-10, 1.127589916466736e+09
594, 7.238247865000000e-01, -2.237329060000000e-02, 4.249842197445116e-01, 0.000000000000000e+00, 0.000000000000000e+00, 7.026458384839070e+04, 1.000000000000000e-10, 1.126468919936833e+09
595, 7.267684918000000e-01, -2.181398660000000e-02, 4.254875295250045e-01, 0.000000000000000e+00, 0.000000000000000e+00, 7.036716539050883e+04, 1.000000000000000e-10, 1.125391627615776e+09
596, 7.297121971000000e-01, -2.125468260000000e-02, 4.260358719131425e-01, 0.000000000000000e+00, 0.000000000000000e+00, 7.047783073186758e+04, 1.000000000000000e-10, 1.124205740741813e+09
597, 7.326559023000000e-01, -2.069537860000000e-02, 4.264860795689748e-01, 0.000000000000000e+00, 0.000000000000000e+00, 7.057299014422948e+04, 1.000000000000000e-10, 1.123290212076004e+09
598, 7.355996076000000e-01, -2.013607460000000e-02, 4.270358462192120e-01, 0.000000000000000e+00, 0.000000000000000e+00, 7.068550379811035e+04, 1.000000000000000e-10, 1.122125777335845e+09
599, 7.385433128000000e-01, -1.957677060000000e-02, 4.277206413287258e-01, 0.000000000000000e+00, 0.000000000000000e+00, 7.082135429812125e+04, 1.000000000000000e-10, 1.120622458635454e+09
600, 7.414870181000000e-01, -1.901746660000000e-02, 4.282147486093399e-01, 0.000000000000000e+00, 0.000000000000000e+00, 7.092704104886559e+04, 1.000000000000000e-10, 1.119639786132649e+09
601, 7.444307233000000e-01, -1.845816260000000e-02, 4.284149934600969e-01, 0.000000000000000e+00, 0.000000000000000e+00, 7.098666737170149e+04, 1.000000000000000e-10, 1.119460088087743e+09
602, 7.473744286000000e-01, -1.789885860000000e-02, 4.287296691484875e-01, 0.000000000000000e+00, 0.000000000000000e+00, 7.106991338590342e+04, 1.000000000000000e-10, 1.119041748412503e+09
603, 7.503181249000000e-01, -1.733950730000000e-02, 4.297000157072985e-01, 0.000000000000000e+00, 0.000000000000000e+00, 7.126827424980317e+04, 1.000000000000000e-10, 1.116998762480862e+09
604, 7.532611798000000e-01, -1.677679240000000e-02, 4.309618285524483e-01, 0.000000000000000e+00, 0.000000000000000e+00, 7.151762005477725e+04, 1.000000000000000e-10, 1.114239776223565e+09
605, 7.562042001000000e-01, -1.621389660000000e-02, 4.315483336518620e-01, 0.000000000000000e+00, 0.000000000000000e+00, 7.165550590601178e+04, 1.000000000000000e-10, 1.113241318216750e+09
606, 7.591485878000001e-01, -1.565820530000000e-02, 4.315120000266644e-01, 0.000000000000000e+00, 0.000000000000000e+00, 7.168739606090102e+04, 1.000000000000000e-10, 1.113819982200251e+09
607, 7.620955345000000e-01, -1.511625730000000e-02, 4.313406708847041e-01, 0.000000000000000e+00, 0.000000000000000e+00, 7.169478427052652e+04, 1.000000000000000e-10, 1.114721088019635e+09
608, 7.650445705000000e-01, -1.458578350000000e-02, 4.314749058516886e-01, 0.000000000000000e+00, 0.000000000000000e+00, 7.174951028619299e+04, 1.000000000000000e-10, 1.114796975328540e+09
609, 7.679943422000000e-01, -1.405941050000000e-02, 4.320125069686270e-01, 0.000000000000000e+00, 0.000000000000000e+00, 7.187016722383221e+04, 1.000000000000000e-10, 1.113818834342063e+09
610, 7.709435269000000e-01, -1.352976200000000e-02, 4.328567849273076e-01, 0.000000000000000e+00, 0.000000000000000e+00, 7.204364580995412e+04, 1.000000000000000e-10, 1.112065667400441e+09
611, 7.738917632000000e-01, -1.299485690000000e-02, 4.338092166592235e-01, 0.000000000000000e+00, 0.000000000000000e+00, 7.223644373446988e+04, 1.000000000000000e-10, 1.110050040593056e+09
612, 7.768402548000000e-01, -1.246136210000000e-02, 4.342178143654732e-01, 0.000000000000000e+00, 0.000000000000000e+00, 7.233914163018645e+04, 1.000000000000000e-10, 1.109442634930365e+09
613, 7.797903352000000e-01, -1.193673480000000e-02, 4.340247968707100e-01, 0.000000000000000e+00, 0.000000000000000e+00, 7.233858978627920e+04, 1.000000000000000e-10, 1.110313137190689e+09
614, 7.827429347000000e-01, -1.142647830000000e-02, 4.337341767408447e-01, 0.000000000000000e+00, 0.000000000000000e+00, 7.231925606797471e+04, 1.000000000000000e-10, 1.111428503590375e+09
615, 7.856972424999999e-01, -1.092619490000000e-02, 4.340043731339175e-01, 0.000000000000000e+00, 0.000000000000000e+00, 7.238991409406179e+04, 1.000000000000000e-10, 1.111059663012715e+09
616, 7.886519677000000e-01, -1.042837940000000e-02, 4.351599431771914e-01, 0.000000000000000e+00, 0.000000000000000e+00, 7.260789560500589e+04, 1.000000000000000e-10, 1.108429704695067e+09
617, 7.916060843000000e-01, -9.926965700000000e-03, 4.359605097790228e-01, 0.000000000000000e+00, 0.000000000000000e+00, 7.276632685480312e+04, 1.000000000000000e-10, 1.106700539147727e+09
618, 7.945600712999999e-01, -9.424787900000000e-03, 4.357922228227581e-01, 0.000000000000000e+00, 0.000000000000000e+00, 7.276275518167956e+04, 1.000000000000000e-10, 1.107433732307813e+09
619, 7.975140582000000e-01, -8.922610100000001e-03, 4.355072884868487e-01, 0.000000000000000e+00, 0.000000000000000e+00, 7.274018115353359e+04, 1.000000000000000e-10, 1.108471366369558e+09
620, 8.004680280000001e-01, -8.420330800000000e-03, 4.360957938333731e-01, 0.000000000000000e+00, 0.000000000000000e+00, 7.286410595007920e+04, 1.000000000000000e-10, 1.107336363263322e+09
621, 8.034213936000000e-01, -7.914512699999999e-03, 4.374549885333156e-01, 0.000000000000000e+00, 0.000000000000000e+00, 7.311865636682430e+04, 1.000000000000000e-10, 1.104236455155811e+09
622, 8.063747975000000e-01, -7.408918400000000e-03, 4.381811955987904e-01, 0.000000000000000e+00, 0.000000000000000e+00, 7.326890258045545e+04, 1.000000000000000e-10, 1.102725440180865e+09
623, 8.093295144000000e-01, -6.911064600000000e-03, 4.382419355134095e-01, 0.000000000000000e+00, 0.000000000000000e+00, 7.330560247379025e+04, 1.000000000000000e-10, 1.102899523926288e+09
624, 8.122862570000000e-01, -6.425381100000000e-03, 4.381798428298715e-01, 0.000000000000000e+00, 0.000000000000000e+00, 7.331950333313528e+04, 1.000000000000000e-10, 1.103388561194722e+09
625, 8.152444195000000e-01, -5.948422800000000e-03, 4.385106332897418e-01, 0.000000000000000e+00, 0.000000000000000e+00, 7.339553476766795e+04, 1.000000000000000e-10, 1.102820982926122e+09
626, 8.182039458000000e-01, -5.480001300000000e-03, 4.391835558869560e-01, 0.000000000000000e+00, 0.000000000000000e+00, 7.352708076475955e+04, 1.000000000000000e-10, 1.101363925899644e+09
627, 8.211648134000000e-01, -5.020132300000000e-03, 4.397316715778163e-01, 0.000000000000000e+00, 0.000000000000000e+00, 7.363772091234346e+04, 1.000000000000000e-10, 1.100200007254606e+09
628, 8.241269989000000e-01, -4.568831200000000e-03, 4.401748391069889e-01, 0.000000000000000e+00, 0.000000000000000e+00, 7.373213758188362e+04, 1.000000000000000e-10, 1.099305447688505e+09
629, 8.270904793000000e-01, -4.126113200000000e-03, 4.407266494968476e-01, 0.000000000000000e+00, 0.000000000000000e+00, 7.384707472577608e+04, 1.000000000000000e-10, 1.098216975475883e+09
630, 8.300552314000000e-01, -3.691994500000000e-03, 4.409820861638876e-01, 0.000000000000000e+00, 0.000000000000000e+00, 7.391216583971024e+04, 1.000000000000000e-10, 1.097848008205051e+09
631, 8.330216764000000e-01, -3.269608000000000e-03, 4.409235673328094e-01, 0.000000000000000e+00, 0.000000000000000e+00, 7.392587522396176e+04, 1.000000000000000e-10, 1.098283184086753e+09
632, 8.359894521000000e-01, -2.856659800000000e-03, 4.409618447905608e-01, 0.000000000000000e+00, 0.000000000000000e+00, 7.395559390221101e+04, 1.000000000000000e-10, 1.098475415238218e+09
633, 8.389574719000000e-01, -2.445467200000000e-03, 4.414790826907514e-01, 0.000000000000000e+00, 0.000000000000000e+00, 7.406860480669967e+04, 1.000000000000000e-10, 1.097520383307576e+09
634, 8.419245535000000e-01, -2.027571400000000e-03, 4.421265986724052e-01, 0.000000000000000e+00, 0.000000000000000e+00, 7.420737144666145e+04, 1.000000000000000e-10, 1.096283429700795e+09
635, 8.448907007000001e-01, -1.603081000000000e-03, 4.426712690348042e-01, 0.000000000000000e+00, 0.000000000000000e+00, 7.433198833057618e+04, 1.000000000000000e-10, 1.095351321919962e+09
636, 8.478579874000000e-01, -1.186655300000000e-03, 4.430562466476463e-01, 0.000000000000000e+00, 0.000000000000000e+00, 7.442879160812355e+04, 1.000000000000000e-10, 1.094787707554203e+09
637, 8.508284127000000e-01, -7.933073000000000e-04, 4.431399992360096e-01, 0.000000000000000e+00, 0.000000000000000e+00, 7.447046876871526e+04, 1.000000000000000e-10, 1.094858006483800e+09
638, 8.538020126000000e-01, -4.246734000000000e-04, 4.431395685706603e-01, 0.000000000000000e+00, 0.000000000000000e+00, 7.449401385420054e+04, 1.000000000000000e-10, 1.095204891885324e+09
639, 8.567775810000000e-01, -7.225130000000000e-05, 4.434416935687607e-01, 0.000000000000000e+00, 0.000000000000000e+00, 7.456379307000940e+04, 1.000000000000000e-10, 1.094687416539319e+09
640, 8.597541393000000e-01, 2.717253000000000e-04, 4.441410806049060e-01, 0.000000000000000e+00, 0.000000000000000e+00, 7.469890303109054e+04, 1.000000000000000e-10, 1.093152819799195e+09
641, 8.627313085000000e-01, 6.103705000000000e-04, 4.444172056059276e-01, 0.000000000000000e+00, 0.000000000000000e+00, 7.476156403801842e+04, 1.000000000000000e-10, 1.092650541393597e+09
642, 8.657094571000000e-01, 9.402886000000000e-04, 4.442882482959078e-01, 0.000000000000000e+00, 0.000000000000000e+00, 7.475754423353754e+04, 1.000000000000000e-10, 1.093187195248558e+09
643, 8.686885639000000e-01, 1.261439300000000e-03, 4.443404974837514e-01, 0.000000000000000e+00, 0.000000000000000e+00, 7.478427638535573e+04, 1.000000000000000e-10, 1.093273743510847e+09
644, 8.716684840000000e-01, 1.574958600000000e-03, 4.451281679809410e-01, 0.000000000000000e+00, 0.000000000000000e+00, 7.493810709936028e+04, 1.000000000000000e-10, 1.091603160795445e+09
645, 8.746489628000000e-01, 1.883117200000000e-03, 4.458642362323756e-01, 0.000000000000000e+00, 0.000000000000000e+00, 7.508584653044165e+04, 1.000000000000000e-10, 1.090084635699100e+09
646, 8.776306820999999e-01, 2.179005900000000e-03, 4.458932698533699e-01, 0.000000000000000e+00, 0.000000000000000e+00, 7.511451169131600e+04, 1.000000000000000e-10, 1.090287715339065e+09
647, 8.806143131000000e-01, 2.454910800000000e-03, 4.456947050986773e-01, 0.000000000000000e+00, 0.000000000000000e+00, 7.510398005099043e+04, 1.000000000000000e-10, 1.091046419876615e+09
648, 8.835997117000000e-01, 2.711016100000000e-03, 4.458544828614613e-01, 0.000000000000000e+00, 0.000000000000000e+00, 7.515126797359303e+04, 1.000000000000000e-10, 1.090921860844334e+09
649, 8.865865769000000e-01, 2.949408900000000e-03, 4.465215962225069e-01, 0.000000000000000e+00, 0.000000000000000e+00, 7.528372827124325e+04, 1.000000000000000e-10, 1.089529442118421e+09
650, 8.895748055000000e-01, 3.170055600000000e-03, 4.468279321549662e-01, 0.000000000000000e+00, 0.000000000000000e+00, 7.535333200695823e+04, 1.000000000000000e-10, 1.088950117792765e+09
651, 8.925644546000000e-01, 3.370490400000000e-03, 4.466841603369959e-01, 0.000000000000000e+00, 0.000000000000000e+00, 7.534719787591479e+04, 1.000000000000000e-10, 1.089529781437595e+09
652, 8.955553676000000e-01, 3.551155100000000e-03, 4.464466155950080e-01, 0.000000000000000e+00, 0.000000000000000e+00, 7.532296601065136e+04, 1.000000000000000e-10, 1.090297775143864e+09
653, 8.985469777000000e-01, 3.719930400000000e-03, 4.464712306039741e-01, 0.000000000000000e+00, 0.000000000000000e+00, 7.534270413571715e+04, 1.000000000000000e-10, 1.090427280756754e+09
654, 9.015387704000000e-01, 3.885451900000000e-03, 4.467997263159784e-01, 0.000000000000000e+00, 0.000000000000000e+00, 7.541639554905525e+04, 1.000000000000000e-10, 1.089855578344351e+09
655, 9.045306080000000e-01, 4.050146900000000e-03, 4.473232775339793e-01, 0.000000000000000e+00, 0.000000000000000e+00, 7.552473467232649e+04, 1.000000000000000e-10, 1.088815889306790e+09
656, 9.075232441000000e-01, 4.199497100000000e-03, 4.476295776168411e-01, 0.000000000000000e+00, 0.000000000000000e+00, 7.559651629046845e+04, 1.000000000000000e-10, 1.088320028967614e+09
657, 9.105172638000000e-01, 4.317576000000000e-03, 4.475565033186464e-01, 0.000000000000000e+00, 0.000000000000000e+00, 7.559962463150310e+04, 1.000000000000000e-10, 1.088680004295733e+09
658, 9.135124732000000e-01, 4.400428400000000e-03, 4.473090238910528e-01, 0.000000000000000e+00, 0.000000000000000e+00, 7.556965833461436e+04, 1.000000000000000e-10, 1.089422135193406e+09
659, 9.165083028000000e-01, 4.456858500000000e-03, 4.472209893326937e-01, 0.000000000000000e+00, 0.000000000000000e+00, 7.556221020677971e+04, 1.000000000000000e-10, 1.089693348847100e+09
660, 9.195044264000000e-01, 4.494915400000000e-03, 4.474503497736064e-01, 0.000000000000000e+00, 0.000000000000000e+00, 7.560930448329753e+04, 1.000000000000000e-10, 1.089243583660329e+09
661, 9.225006781000000e-01, 4.521098200000000e-03, 4.476104447584944e-01, 0.000000000000000e+00, 0.000000000000000e+00, 7.564759970902983e+04, 1.000000000000000e-10, 1.088993360466366e+09
662, 9.254970225000000e-01, 4.531556300000000e-03, 4.475743487915579e-01, 0.000000000000000e+00, 0.000000000000000e+00, 7.565651883987719e+04, 1.000000000000000e-10, 1.089258322669949e+09
663, 9.284933501000000e-01, 4.518230800000000e-03, 4.473971253554188e-01, 0.000000000000000e+00, 0.000000000000000e+00, 7.564103508095609e+04, 1.000000000000000e-10, 1.089873707937468e+09
664, 9.314893480999999e-01, 4.472444700000000e-03, 4.470365925570467e-01, 0.000000000000000e+00, 0.000000000000000e+00, 7.559010952693304e+04, 1.000000000000000e-10, 1.090871238139772e+09
665, 9.344846103000000e-01, 4.391470900000000e-03, 4.465606096853476e-01, 0.000000000000000e+00, 0.000000000000000e+00, 7.551683028604419e+04, 1.000000000000000e-10, 1.092119332052232e+09
666, 9.374792507000000e-01, 4.289801600000000e-03, 4.461343773652288e-01, 0.000000000000000e+00, 0.000000000000000e+00, 7.544821449816177e+04, 1.000000000000000e-10, 1.093169340546865e+09
667, 9.404737331000000e-01, 4.183520900000000e-03, 4.459674822162137e-01, 0.000000000000000e+00, 0.000000000000000e+00, 7.542526421618066e+04, 1.000000000000000e-10, 1.093673966941473e+09
668, 9.434683278000000e-01, 4.080451000000000e-03, 4.460074558740383e-01, 0.000000000000000e+00, 0.000000000000000e+00, 7.544011556237798e+04, 1.000000000000000e-10, 1.093672009469062e+09
669, 9.464625694000000e-01, 3.967701700000000e-03, 4.459313435745668e-01, 0.000000000000000e+00, 0.000000000000000e+00, 7.543811379112129e+04, 1.000000000000000e-10, 1.093940303004968e+09
670, 9.494557192999999e-01, 3.829211000000000e-03, 4.456397879012310e-01, 0.000000000000000e+00, 0.000000000000000e+00, 7.539690344918105e+04, 1.000000000000000e-10, 1.094752464488556e+09
671, 9.524469545000001e-01, 3.654174900000000e-03, 4.451999456857775e-01, 0.000000000000000e+00, 0.000000000000000e+00, 7.532870782577328e+04, 1.000000000000000e-10, 1.095947108266850e+09
672, 9.554363444000000e-01, 3.449926600000000e-03, 4.447045759433615e-01, 0.000000000000000e+00, 0.000000000000000e+00, 7.524687082933780e+04, 1.000000000000000e-10, 1.097191565733053e+09
673, 9.584242260000000e-01, 3.224624800000000e-03, 4.442429732914029e-01, 0.000000000000000e+00, 0.000000000000000e+00, 7.516947290255927e+04, 1.000000000000000e-10, 1.098309896623338e+09
674, 9.614110739000000e-01, 2.985978000000000e-03, 4.439516106422587e-01, 0.000000000000000e+00, 0.000000000000000e+00, 7.512241958749304e+04, 1.000000000000000e-10, 1.099092178562984e+09
675, 9.643968526000000e-01, 2.734335600000000e-03, 4.439110972115017e-01, 0.000000000000000e+00, 0.000000000000000e+00, 7.511479088698291e+04, 1.000000000000000e-10, 1.099161066534398e+09
676, 9.673808280000000e-01, 2.462191300000000e-03, 4.434884166525233e-01, 0.000000000000000e+00, 0.000000000000000e+00, 7.503554705191673e+04, 1.000000000000000e-10, 1.100111219448988e+09
677, 9.703620847000000e-01, 2.161784500000000e-03, 4.425145132518231e-01, 0.000000000000000e+00, 0.000000000000000e+00, 7.484838034863015e+04, 1.000000000000000e-10, 1.102259822353236e+09
678, 9.733402982000000e-01, 1.832532300000000e-03, 4.416110717252155e-01, 0.000000000000000e+00, 0.000000000000000e+00, 7.465914231472973e+04, 1.000000000000000e-10, 1.104085320347795e+09
679, 9.763154943000000e-01, 1.477044900000000e-03, 4.417950825107491e-01, 0.000000000000000e+00, 0.000000000000000e+00, 7.463570129210260e+04, 1.000000000000000e-10, 1.102965134803725e+09
680, 9.792874526000001e-01, 1.095432300000000e-03, 4.429310502281120e-01, 0.000000000000000e+00, 0.000000000000000e+00, 7.475316886190341e+04, 1.000000000000000e-10, 1.099242103585858e+09
681, 9.822556855000000e-01, 6.858801000000000e-04, 4.416641794393709e-01, 0.000000000000000e+00, 0.000000000000000e+00, 7.445154751776914e+04, 1.000000000000000e-10, 1.101330648808393e+09
682, 9.852198673000000e-01, 2.479352000000000e-04, 4.377419857432801e-01, 0.000000000000000e+00, 0.000000000000000e+00, 7.369053757420824e+04, 1.000000000000000e-10, 1.109965775866690e+09
683, 9.881808922000000e-01, -2.108983000000000e-04, 4.344237420440785e-01, 0.000000000000000e+00, 0.000000000000000e+00, 7.302310172379343e+04, 1.000000000000000e-10, 1.117069990523132e+09
684, 9.911395461000000e-01, -6.847765000000000e-04, 4.418818290152819e-01, 0.000000000000000e+00, 0.000000000000000e+00, 7.417187650040866e+04, 1.000000000000000e-10, 1.096939843135306e+09
685, 9.940944037000000e-01, -1.181769000000000e-03, 4.502444105169242e-01, 0.000000000000000e+00, 0.000000000000000e+00, 7.550060925805870e+04, 1.000000000000000e-10, 1.075698168782346e+09
686, 9.970470357000000e-01, -1.691851000000000e-03, 4.381779157815985e-01, 0.000000000000000e+00, 0.000000000000000e+00, 7.343386451995716e+04, 1.000000000000000e-10, 1.104785404461936e+09
687, 1.000000000000000e+00, 5.500000000000000e-04, 3.339991531354608e-01, 0.000000000000000e+00, 0.000000000000000e+00, 5.587276151817718e+04, 1.000000000000000e-10, 1.447208394751401e+09
