"PointID","x","y","Density","Momentum_x","Momentum_y","Energy","Turb_Kin_Energy","Omega"
0, 1.000000000000000e+00, 3.300000000000000e-03, 3.612786423970256e-01, 0.000000000000000e+00, 0.000000000000000e+00, 6.189010934548124e+04, 1.000000000000000e-10, 1.364230361238280e+09
1, 1.000000000000000e+00, -2.200000000000000e-03, 3.662427226675472e-01, 0.000000000000000e+00, 0.000000000000000e+00, 6.287161767924033e+04, 1.000000000000000e-10, 1.348033993672988e+09
6, 9.970624071000000e-01, 3.890565800000000e-03, 4.153539256360437e-01, 0.000000000000000e+00, 0.000000000000000e+00, 7.107023430419277e+04, 1.000000000000000e-10, 1.185463651957469e+09
7, 9.941250122000000e-01, 4.482116400000000e-03, 4.255356373365050e-01, 0.000000000000000e+00, 0.000000000000000e+00, 7.274675548876183e+04, 1.000000000000000e-10, 1.156248786781163e+09
8, 9.911863511000000e-01, 5.067337600000000e-03, 4.105188094863468e-01, 0.000000000000000e+00, 0.000000000000000e+00, 7.006635734003497e+04, 1.000000000000000e-10, 1.197019224681130e+09
9, 9.882453375000000e-01, 5.640619800000000e-03, 4.041197425125344e-01, 0.000000000000000e+00, 0.000000000000000e+00, 6.882399891238200e+04, 1.000000000000000e-10, 1.213809290817745e+09
10, 9.853025951000000e-01, 6.204961100000000e-03, 4.071923186522237e-01, 0.000000000000000e+00, 0.000000000000000e+00, 6.919169449262584e+04, 1.000000000000000e-10, 1.202374647888381e+09
11, 9.823582610000000e-01, 6.760941000000000e-03, 4.106628707105611e-01, 0.000000000000000e+00, 0.000000000000000e+00, 6.962698128782827e+04, 1.000000000000000e-10, 1.190083024844163e+09
12, 9.794123284000000e-01, 7.308384000000000e-03, 4.097854374066831e-01, 0.000000000000000e+00, 0.000000000000000e+00, 6.933383245222353e+04, 1.000000000000000e-10, 1.190607445200203e+09
13, 9.764641925999999e-01, 7.843832699999999e-03, 4.074208436082861e-01, 0.000000000000000e+00, 0.000000000000000e+00, 6.881078063779067e+04, 1.000000000000000e-10, 1.195767349873175e+09
14, 9.735146296000000e-01, 8.371372199999999e-03, 4.070119682052534e-01, 0.000000000000000e+00, 0.000000000000000e+00, 6.864354502098598e+04, 1.000000000000000e-10, 1.195553508541961e+09
15, 9.705649844999999e-01, 8.898453400000001e-03, 4.073811471513441e-01, 0.000000000000000e+00, 0.000000000000000e+00, 6.862644589679492e+04, 1.000000000000000e-10, 1.193338918635596e+09
16, 9.676163612000001e-01, 9.431218700000001e-03, 4.074840536777488e-01, 0.000000000000000e+00, 0.000000000000000e+00, 6.858011449949259e+04, 1.000000000000000e-10, 1.192130143988869e+09
17, 9.646681685000000e-01, 9.966365099999999e-03, 4.068022715124910e-01, 0.000000000000000e+00, 0.000000000000000e+00, 6.841633277307288e+04, 1.000000000000000e-10, 1.193421621203295e+09
18, 9.617190649000000e-01, 1.049646250000000e-02, 4.055431487906278e-01, 0.000000000000000e+00, 0.000000000000000e+00, 6.816893195579626e+04, 1.000000000000000e-10, 1.196650007710537e+09
19, 9.587677714000000e-01, 1.101421520000000e-02, 4.039222924618623e-01, 0.000000000000000e+00, 0.000000000000000e+00, 6.787205675338357e+04, 1.000000000000000e-10, 1.201097389049735e+09
20, 9.558141732000000e-01, 1.151866560000000e-02, 4.025059391286713e-01, 0.000000000000000e+00, 0.000000000000000e+00, 6.761592256712915e+04, 1.000000000000000e-10, 1.205055018413005e+09
21, 9.528595023999999e-01, 1.201680390000000e-02, 4.021165172436528e-01, 0.000000000000000e+00, 0.000000000000000e+00, 6.753459212450551e+04, 1.000000000000000e-10, 1.205988884344189e+09
22, 9.499050355999999e-01, 1.251614840000000e-02, 4.023213740436557e-01, 0.000000000000000e+00, 0.000000000000000e+00, 6.755256121220693e+04, 1.000000000000000e-10, 1.205088047487686e+09
23, 9.469515835000000e-01, 1.302146080000000e-02, 4.022280360381978e-01, 0.000000000000000e+00, 0.000000000000000e+00, 6.751957253042018e+04, 1.000000000000000e-10, 1.205133970351971e+09
24, 9.439982552000000e-01, 1.352749770000000e-02, 4.010808998753911e-01, 0.000000000000000e+00, 0.000000000000000e+00, 6.730817704166507e+04, 1.000000000000000e-10, 1.208328797220797e+09
25, 9.410437731000000e-01, 1.402674480000000e-02, 3.989780833803594e-01, 0.000000000000000e+00, 0.000000000000000e+00, 6.693534054953229e+04, 1.000000000000000e-10, 1.214400270549870e+09
26, 9.380870172000000e-01, 1.451233270000000e-02, 3.976937517456253e-01, 0.000000000000000e+00, 0.000000000000000e+00, 6.669854535451961e+04, 1.000000000000000e-10, 1.218001089207508e+09
27, 9.351283061000000e-01, 1.498587720000000e-02, 3.979364122687137e-01, 0.000000000000000e+00, 0.000000000000000e+00, 6.671771759714241e+04, 1.000000000000000e-10, 1.216930749119876e+09
28, 9.321688618000000e-01, 1.545482400000000e-02, 3.985752929684914e-01, 0.000000000000000e+00, 0.000000000000000e+00, 6.680271101340692e+04, 1.000000000000000e-10, 1.214649931135743e+09
29, 9.292098398000000e-01, 1.592642560000000e-02, 3.985213782263988e-01, 0.000000000000000e+00, 0.000000000000000e+00, 6.677148585590922e+04, 1.000000000000000e-10, 1.214482917488071e+09
30, 9.262511042000000e-01, 1.639982330000000e-02, 3.971996846892025e-01, 0.000000000000000e+00, 0.000000000000000e+00, 6.652733798362402e+04, 1.000000000000000e-10, 1.218168519416931e+09
31, 9.232923687000000e-01, 1.687322100000000e-02, 3.956353523012733e-01, 0.000000000000000e+00, 0.000000000000000e+00, 6.624317627118831e+04, 1.000000000000000e-10, 1.222657150781240e+09
32, 9.203336331000000e-01, 1.734661870000000e-02, 3.956908266593580e-01, 0.000000000000000e+00, 0.000000000000000e+00, 6.623084565646977e+04, 1.000000000000000e-10, 1.222140760851457e+09
33, 9.173752952000001e-01, 1.782249320000000e-02, 3.958383192140266e-01, 0.000000000000000e+00, 0.000000000000000e+00, 6.623471075963469e+04, 1.000000000000000e-10, 1.221380124850984e+09
34, 9.144172403000000e-01, 1.830012520000000e-02, 3.950886097409784e-01, 0.000000000000000e+00, 0.000000000000000e+00, 6.608853167114450e+04, 1.000000000000000e-10, 1.223405061487698e+09
35, 9.114582624000001e-01, 1.877199790000000e-02, 3.933911683826403e-01, 0.000000000000000e+00, 0.000000000000000e+00, 6.578362064528343e+04, 1.000000000000000e-10, 1.228362266039515e+09
36, 9.084972381000000e-01, 1.923083950000000e-02, 3.921909412387818e-01, 0.000000000000000e+00, 0.000000000000000e+00, 6.556135870623846e+04, 1.000000000000000e-10, 1.231787999513516e+09
37, 9.055342297000000e-01, 1.967670440000000e-02, 3.918868602847398e-01, 0.000000000000000e+00, 0.000000000000000e+00, 6.548965107751392e+04, 1.000000000000000e-10, 1.232421048907635e+09
38, 9.025703724000000e-01, 2.011689840000000e-02, 3.920388449818423e-01, 0.000000000000000e+00, 0.000000000000000e+00, 6.549566393579128e+04, 1.000000000000000e-10, 1.231614798653271e+09
39, 8.996067964000000e-01, 2.055898050000000e-02, 3.922109011698365e-01, 0.000000000000000e+00, 0.000000000000000e+00, 6.550716629186999e+04, 1.000000000000000e-10, 1.230808315052989e+09
40, 8.966435791000000e-01, 2.100346310000000e-02, 3.920960717768499e-01, 0.000000000000000e+00, 0.000000000000000e+00, 6.547242216688985e+04, 1.000000000000000e-10, 1.230928294588114e+09
41, 8.936803618000000e-01, 2.144794570000000e-02, 3.915187286039271e-01, 0.000000000000000e+00, 0.000000000000000e+00, 6.536250868346342e+04, 1.000000000000000e-10, 1.232534117703605e+09
42, 8.907171444000000e-01, 2.189242830000000e-02, 3.910902504929961e-01, 0.000000000000000e+00, 0.000000000000000e+00, 6.527786624275544e+04, 1.000000000000000e-10, 1.233680861307529e+09
43, 8.877539271000000e-01, 2.233691090000000e-02, 3.903839352670330e-01, 0.000000000000000e+00, 0.000000000000000e+00, 6.514586203484090e+04, 1.000000000000000e-10, 1.235692948650743e+09
44, 8.847907098000000e-01, 2.278139350000000e-02, 3.887653754762821e-01, 0.000000000000000e+00, 0.000000000000000e+00, 6.485873994167249e+04, 1.000000000000000e-10, 1.240589565335862e+09
45, 8.818274925000000e-01, 2.322587610000000e-02, 3.879429351122100e-01, 0.000000000000000e+00, 0.000000000000000e+00, 6.470255649392207e+04, 1.000000000000000e-10, 1.242920020138948e+09
46, 8.788643591999999e-01, 2.367091770000000e-02, 3.882343428994198e-01, 0.000000000000000e+00, 0.000000000000000e+00, 6.473243455799949e+04, 1.000000000000000e-10, 1.241671877699972e+09
47, 8.759017882000000e-01, 2.411968790000000e-02, 3.883312851524134e-01, 0.000000000000000e+00, 0.000000000000000e+00, 6.473000391567312e+04, 1.000000000000000e-10, 1.241104399353894e+09
48, 8.729389200000000e-01, 2.456648860000000e-02, 3.873898482964675e-01, 0.000000000000000e+00, 0.000000000000000e+00, 6.455533116444290e+04, 1.000000000000000e-10, 1.243839396348515e+09
49, 8.699746207000000e-01, 2.500367940000000e-02, 3.854569556716612e-01, 0.000000000000000e+00, 0.000000000000000e+00, 6.421443440164778e+04, 1.000000000000000e-10, 1.249789080862770e+09
50, 8.670081947000000e-01, 2.542619980000000e-02, 3.842855367507746e-01, 0.000000000000000e+00, 0.000000000000000e+00, 6.399968853641457e+04, 1.000000000000000e-10, 1.253233888427081e+09
51, 8.640404269000000e-01, 2.583920470000000e-02, 3.845811036735537e-01, 0.000000000000000e+00, 0.000000000000000e+00, 6.403059768207683e+04, 1.000000000000000e-10, 1.252015213308496e+09
52, 8.610724042000000e-01, 2.625037680000000e-02, 3.853693862690946e-01, 0.000000000000000e+00, 0.000000000000000e+00, 6.414762424872343e+04, 1.000000000000000e-10, 1.249226463928071e+09
53, 8.581049055000000e-01, 2.666531320000000e-02, 3.856714321238976e-01, 0.000000000000000e+00, 0.000000000000000e+00, 6.418702888551398e+04, 1.000000000000000e-10, 1.248074218055801e+09
54, 8.551374771000000e-01, 2.708075320000000e-02, 3.849720723136342e-01, 0.000000000000000e+00, 0.000000000000000e+00, 6.406346858066388e+04, 1.000000000000000e-10, 1.250203987503192e+09
55, 8.521700487000000e-01, 2.749619320000000e-02, 3.838544097164443e-01, 0.000000000000000e+00, 0.000000000000000e+00, 6.387108329100491e+04, 1.000000000000000e-10, 1.253740944591430e+09
56, 8.492026203000000e-01, 2.791163320000000e-02, 3.832590749944592e-01, 0.000000000000000e+00, 0.000000000000000e+00, 6.376090735001458e+04, 1.000000000000000e-10, 1.255508397298309e+09
57, 8.462351919000000e-01, 2.832707310000000e-02, 3.822315666607998e-01, 0.000000000000000e+00, 0.000000000000000e+00, 6.357903302897828e+04, 1.000000000000000e-10, 1.258705386035335e+09
58, 8.432677635000000e-01, 2.874251310000000e-02, 3.815651470868236e-01, 0.000000000000000e+00, 0.000000000000000e+00, 6.345556589914415e+04, 1.000000000000000e-10, 1.260700580951199e+09
59, 8.403003351000000e-01, 2.915795310000000e-02, 3.816001544061620e-01, 0.000000000000000e+00, 0.000000000000000e+00, 6.344918564866944e+04, 1.000000000000000e-10, 1.260385516987126e+09
60, 8.373332662000000e-01, 2.957595020000000e-02, 3.815964954532549e-01, 0.000000000000000e+00, 0.000000000000000e+00, 6.343690561165407e+04, 1.000000000000000e-10, 1.260206841531699e+09
61, 8.343664342000000e-01, 2.999562810000000e-02, 3.807144416025911e-01, 0.000000000000000e+00, 0.000000000000000e+00, 6.328015757823012e+04, 1.000000000000000e-10, 1.262953167977273e+09
62, 8.313987667000000e-01, 3.040934680000000e-02, 3.789325500516489e-01, 0.000000000000000e+00, 0.000000000000000e+00, 6.297209743723938e+04, 1.000000000000000e-10, 1.268712407708378e+09
63, 8.284292787999999e-01, 3.080977400000000e-02, 3.777434398322037e-01, 0.000000000000000e+00, 0.000000000000000e+00, 6.275961491501786e+04, 1.000000000000000e-10, 1.272450560309727e+09
64, 8.254580666000000e-01, 3.119721670000000e-02, 3.775942752008165e-01, 0.000000000000000e+00, 0.000000000000000e+00, 6.271823950261631e+04, 1.000000000000000e-10, 1.272676159776777e+09
65, 8.224861366000000e-01, 3.157912440000000e-02, 3.779689499245753e-01, 0.000000000000000e+00, 0.000000000000000e+00, 6.276570357169450e+04, 1.000000000000000e-10, 1.271155742726027e+09
66, 8.195144758000000e-01, 3.196311810000000e-02, 3.782847798225181e-01, 0.000000000000000e+00, 0.000000000000000e+00, 6.280813641367032e+04, 1.000000000000000e-10, 1.269888468110503e+09
67, 8.165431104999999e-01, 3.234939560000000e-02, 3.781860963598420e-01, 0.000000000000000e+00, 0.000000000000000e+00, 6.278433617327863e+04, 1.000000000000000e-10, 1.270123060778053e+09
68, 8.135717453000000e-01, 3.273567310000000e-02, 3.776548036952299e-01, 0.000000000000000e+00, 0.000000000000000e+00, 6.269114739036267e+04, 1.000000000000000e-10, 1.271826632848888e+09
69, 8.106003801000000e-01, 3.312195060000000e-02, 3.771796848553151e-01, 0.000000000000000e+00, 0.000000000000000e+00, 6.260662270730492e+04, 1.000000000000000e-10, 1.273340613898860e+09
70, 8.076290148000000e-01, 3.350822810000000e-02, 3.763668333082827e-01, 0.000000000000000e+00, 0.000000000000000e+00, 6.246228773132273e+04, 1.000000000000000e-10, 1.275932423766204e+09
71, 8.046576496000000e-01, 3.389450560000000e-02, 3.748028812886701e-01, 0.000000000000000e+00, 0.000000000000000e+00, 6.218765972192826e+04, 1.000000000000000e-10, 1.281045186599979e+09
72, 8.016862843000000e-01, 3.428078300000000e-02, 3.740575598184260e-01, 0.000000000000000e+00, 0.000000000000000e+00, 6.204830731155240e+04, 1.000000000000000e-10, 1.283290902726962e+09
73, 7.987150113000000e-01, 3.466776800000000e-02, 3.744291111661284e-01, 0.000000000000000e+00, 0.000000000000000e+00, 6.209668803372409e+04, 1.000000000000000e-10, 1.281750640609499e+09
74, 7.957442224000000e-01, 3.505845300000000e-02, 3.745454088107367e-01, 0.000000000000000e+00, 0.000000000000000e+00, 6.210470542418218e+04, 1.000000000000000e-10, 1.281246618562467e+09
75, 7.927731192000000e-01, 3.544673620000000e-02, 3.734681668287919e-01, 0.000000000000000e+00, 0.000000000000000e+00, 6.191755434809753e+04, 1.000000000000000e-10, 1.284796558039980e+09
76, 7.898007096000000e-01, 3.582487200000000e-02, 3.713828759143799e-01, 0.000000000000000e+00, 0.000000000000000e+00, 6.156173085560080e+04, 1.000000000000000e-10, 1.291811622559824e+09
77, 7.868264558000000e-01, 3.618821970000000e-02, 3.702930921786881e-01, 0.000000000000000e+00, 0.000000000000000e+00, 6.136858361315154e+04, 1.000000000000000e-10, 1.295419116453708e+09
78, 7.838510978000000e-01, 3.654242800000000e-02, 3.708009786383422e-01, 0.000000000000000e+00, 0.000000000000000e+00, 6.144108303553434e+04, 1.000000000000000e-10, 1.293442438374374e+09
79, 7.808755783000000e-01, 3.689528040000000e-02, 3.717732267442814e-01, 0.000000000000000e+00, 0.000000000000000e+00, 6.159651533460577e+04, 1.000000000000000e-10, 1.289943200029822e+09
80, 7.779005125000000e-01, 3.725193850000000e-02, 3.722011670353871e-01, 0.000000000000000e+00, 0.000000000000000e+00, 6.166715317922250e+04, 1.000000000000000e-10, 1.288455528218492e+09
81, 7.749254880000001e-01, 3.760894140000000e-02, 3.712099637997305e-01, 0.000000000000000e+00, 0.000000000000000e+00, 6.150843442801801e+04, 1.000000000000000e-10, 1.291981149724676e+09
82, 7.719504636000000e-01, 3.796594440000000e-02, 3.698214406664282e-01, 0.000000000000000e+00, 0.000000000000000e+00, 6.128638985953463e+04, 1.000000000000000e-10, 1.296953381998295e+09
83, 7.689754391000000e-01, 3.832294730000000e-02, 3.689864888840619e-01, 0.000000000000000e+00, 0.000000000000000e+00, 6.115172250771893e+04, 1.000000000000000e-10, 1.299952926151083e+09
84, 7.660004146000000e-01, 3.867995020000000e-02, 3.680401064926563e-01, 0.000000000000000e+00, 0.000000000000000e+00, 6.099488781666601e+04, 1.000000000000000e-10, 1.303295783995852e+09
85, 7.630253902000000e-01, 3.903695320000000e-02, 3.676477592194847e-01, 0.000000000000000e+00, 0.000000000000000e+00, 6.092883838040219e+04, 1.000000000000000e-10, 1.304668553660863e+09
86, 7.600503657000000e-01, 3.939395610000000e-02, 3.678663545657714e-01, 0.000000000000000e+00, 0.000000000000000e+00, 6.096748880059745e+04, 1.000000000000000e-10, 1.303935967202947e+09
87, 7.570757010000000e-01, 3.975394130000000e-02, 3.676512748165610e-01, 0.000000000000000e+00, 0.000000000000000e+00, 6.093857240402273e+04, 1.000000000000000e-10, 1.304817781531386e+09
88, 7.541011654999999e-01, 4.011499540000000e-02, 3.661832496328050e-01, 0.000000000000000e+00, 0.000000000000000e+00, 6.070719175207888e+04, 1.000000000000000e-10, 1.310289790170333e+09
89, 7.511258242000000e-01, 4.046933410000000e-02, 3.636661726831714e-01, 0.000000000000000e+00, 0.000000000000000e+00, 6.030234304300645e+04, 1.000000000000000e-10, 1.319582984450449e+09
90, 7.481488621000000e-01, 4.080977130000000e-02, 3.624090389864882e-01, 0.000000000000000e+00, 0.000000000000000e+00, 6.010348106777252e+04, 1.000000000000000e-10, 1.324314757971008e+09
91, 7.451704939000000e-01, 4.113770130000000e-02, 3.630713121467632e-01, 0.000000000000000e+00, 0.000000000000000e+00, 6.022227807598176e+04, 1.000000000000000e-10, 1.322065194017795e+09
92, 7.421915967000000e-01, 4.146079960000000e-02, 3.641057994177366e-01, 0.000000000000000e+00, 0.000000000000000e+00, 6.040573878507865e+04, 1.000000000000000e-10, 1.318522302091637e+09
93, 7.392129909000000e-01, 4.178657100000000e-02, 3.642879333784696e-01, 0.000000000000000e+00, 0.000000000000000e+00, 6.045016334344706e+04, 1.000000000000000e-10, 1.318118113771071e+09
94, 7.362345880000000e-01, 4.211419530000000e-02, 3.627172384615719e-01, 0.000000000000000e+00, 0.000000000000000e+00, 6.020556340584061e+04, 1.000000000000000e-10, 1.324120893598127e+09
95, 7.332561850000000e-01, 4.244181960000000e-02, 3.613186884564689e-01, 0.000000000000000e+00, 0.000000000000000e+00, 5.998859527024147e+04, 1.000000000000000e-10, 1.329553537778517e+09
96, 7.302777821000001e-01, 4.276944400000000e-02, 3.615135157898469e-01, 0.000000000000000e+00, 0.000000000000000e+00, 6.003289167435300e+04, 1.000000000000000e-10, 1.329054751305641e+09
97, 7.272996700000000e-01, 4.309969770000000e-02, 3.615549713063032e-01, 0.000000000000000e+00, 0.000000000000000e+00, 6.004974968847493e+04, 1.000000000000000e-10, 1.329084041809599e+09
98, 7.243217382000000e-01, 4.343157600000000e-02, 3.602699381617410e-01, 0.000000000000000e+00, 0.000000000000000e+00, 5.984554435810606e+04, 1.000000000000000e-10, 1.333958150939694e+09
99, 7.213431270000000e-01, 4.375728880000000e-02, 3.577957121758040e-01, 0.000000000000000e+00, 0.000000000000000e+00, 5.944136591175154e+04, 1.000000000000000e-10, 1.343309612950609e+09
100, 7.183630640000001e-01, 4.406941800000000e-02, 3.565979964876803e-01, 0.000000000000000e+00, 0.000000000000000e+00, 5.924686466713929e+04, 1.000000000000000e-10, 1.347939746617945e+09
101, 7.153816632000000e-01, 4.436852160000000e-02, 3.573436858356527e-01, 0.000000000000000e+00, 0.000000000000000e+00, 5.937633253724671e+04, 1.000000000000000e-10, 1.345230870719750e+09
102, 7.123997234000000e-01, 4.466221600000000e-02, 3.585225094463405e-01, 0.000000000000000e+00, 0.000000000000000e+00, 5.958257987530529e+04, 1.000000000000000e-10, 1.340924145365440e+09
103, 7.094180101999999e-01, 4.495819900000000e-02, 3.589661103202069e-01, 0.000000000000000e+00, 0.000000000000000e+00, 5.967009944711931e+04, 1.000000000000000e-10, 1.339592697950168e+09
104, 7.064365126000000e-01, 4.525634870000000e-02, 3.582225697218356e-01, 0.000000000000000e+00, 0.000000000000000e+00, 5.956371909164200e+04, 1.000000000000000e-10, 1.342692524940045e+09
105, 7.034550149000000e-01, 4.555449850000000e-02, 3.571546260684806e-01, 0.000000000000000e+00, 0.000000000000000e+00, 5.940117560725624e+04, 1.000000000000000e-10, 1.346944868906367e+09
106, 7.004735172000000e-01, 4.585264830000000e-02, 3.569049284105930e-01, 0.000000000000000e+00, 0.000000000000000e+00, 5.936933766681961e+04, 1.000000000000000e-10, 1.348068245997658e+09
107, 6.974920194999999e-01, 4.615079800000000e-02, 3.557186002146785e-01, 0.000000000000000e+00, 0.000000000000000e+00, 5.917652690227675e+04, 1.000000000000000e-10, 1.352649238611153e+09
108, 6.945105217999999e-01, 4.644894780000000e-02, 3.540317836605931e-01, 0.000000000000000e+00, 0.000000000000000e+00, 5.889997291367933e+04, 1.000000000000000e-10, 1.359187384024091e+09
109, 6.915290242000000e-01, 4.674709760000000e-02, 3.536099922895943e-01, 0.000000000000000e+00, 0.000000000000000e+00, 5.883235172307141e+04, 1.000000000000000e-10, 1.360867432237130e+09
110, 6.885476161000000e-01, 4.704613990000000e-02, 3.537151808430091e-01, 0.000000000000000e+00, 0.000000000000000e+00, 5.885521356301933e+04, 1.000000000000000e-10, 1.360564676940264e+09
111, 6.855665742000000e-01, 4.734881320000000e-02, 3.535618487241286e-01, 0.000000000000000e+00, 0.000000000000000e+00, 5.883604516694642e+04, 1.000000000000000e-10, 1.361275474098986e+09
112, 6.825852395999999e-01, 4.764858270000000e-02, 3.522571364018859e-01, 0.000000000000000e+00, 0.000000000000000e+00, 5.862721070201541e+04, 1.000000000000000e-10, 1.366458373896409e+09
113, 6.796028435000000e-01, 4.793757530000000e-02, 3.500915055100030e-01, 0.000000000000000e+00, 0.000000000000000e+00, 5.827263028342295e+04, 1.000000000000000e-10, 1.375024725230749e+09
114, 6.766190426000001e-01, 4.821169240000000e-02, 3.494059632808191e-01, 0.000000000000000e+00, 0.000000000000000e+00, 5.815833942136764e+04, 1.000000000000000e-10, 1.377720999358869e+09
115, 6.736344527000000e-01, 4.847710350000000e-02, 3.504073909586800e-01, 0.000000000000000e+00, 0.000000000000000e+00, 5.831702440659028e+04, 1.000000000000000e-10, 1.373628593814554e+09
116, 6.706497918000000e-01, 4.874171610000000e-02, 3.512970768384634e-01, 0.000000000000000e+00, 0.000000000000000e+00, 5.845337478881806e+04, 1.000000000000000e-10, 1.369912130951113e+09
117, 6.676654681999999e-01, 4.901010790000000e-02, 3.508257652882623e-01, 0.000000000000000e+00, 0.000000000000000e+00, 5.835681780313639e+04, 1.000000000000000e-10, 1.371403733944365e+09
118, 6.646811620999999e-01, 4.927869540000000e-02, 3.486141438653946e-01, 0.000000000000000e+00, 0.000000000000000e+00, 5.796805773518359e+04, 1.000000000000000e-10, 1.379695224732104e+09
119, 6.616968561000000e-01, 4.954728290000000e-02, 3.472681881129644e-01, 0.000000000000000e+00, 0.000000000000000e+00, 5.772505115478907e+04, 1.000000000000000e-10, 1.384715725301330e+09
120, 6.587126148000000e-01, 4.981658670000000e-02, 3.474733344281335e-01, 0.000000000000000e+00, 0.000000000000000e+00, 5.774472634148625e+04, 1.000000000000000e-10, 1.383613801547567e+09
121, 6.557287142000000e-01, 5.008964140000000e-02, 3.476850222545571e-01, 0.000000000000000e+00, 0.000000000000000e+00, 5.776819376867501e+04, 1.000000000000000e-10, 1.382540750881838e+09
122, 6.527445878000000e-01, 5.036021100000000e-02, 3.467006688089391e-01, 0.000000000000000e+00, 0.000000000000000e+00, 5.759899855571689e+04, 1.000000000000000e-10, 1.386333328565989e+09
123, 6.497595392000000e-01, 5.062038200000000e-02, 3.446721999969433e-01, 0.000000000000000e+00, 0.000000000000000e+00, 5.725826848337372e+04, 1.000000000000000e-10, 1.394422096116942e+09
124, 6.467732199000000e-01, 5.086554410000000e-02, 3.437692232754161e-01, 0.000000000000000e+00, 0.000000000000000e+00, 5.710055089283636e+04, 1.000000000000000e-10, 1.397929453322369e+09
125, 6.437861620000001e-01, 5.110156080000000e-02, 3.443509293536114e-01, 0.000000000000000e+00, 0.000000000000000e+00, 5.717791659576946e+04, 1.000000000000000e-10, 1.395122646934438e+09
126, 6.407990088000000e-01, 5.133637300000000e-02, 3.451632911502319e-01, 0.000000000000000e+00, 0.000000000000000e+00, 5.728449163444252e+04, 1.000000000000000e-10, 1.391273172257243e+09
127, 6.378123096000000e-01, 5.157688470000000e-02, 3.451872960617139e-01, 0.000000000000000e+00, 0.000000000000000e+00, 5.724730593528903e+04, 1.000000000000000e-10, 1.390364575647385e+09
128, 6.348258525000000e-01, 5.182039160000000e-02, 3.439732767990046e-01, 0.000000000000000e+00, 0.000000000000000e+00, 5.700123022598203e+04, 1.000000000000000e-10, 1.394382196873856e+09
129, 6.318390014000000e-01, 5.205900390000000e-02, 3.420561327793186e-01, 0.000000000000000e+00, 0.000000000000000e+00, 5.663143602286945e+04, 1.000000000000000e-10, 1.401135957892570e+09
130, 6.288511656000000e-01, 5.228491860000000e-02, 3.403033327356756e-01, 0.000000000000000e+00, 0.000000000000000e+00, 5.628149118892868e+04, 1.000000000000000e-10, 1.407149603205817e+09
131, 6.258622963000000e-01, 5.249674920000000e-02, 3.399771423450036e-01, 0.000000000000000e+00, 0.000000000000000e+00, 5.617886583193872e+04, 1.000000000000000e-10, 1.407477931985976e+09
132, 6.228729552000000e-01, 5.270183440000000e-02, 3.410821593239613e-01, 0.000000000000000e+00, 0.000000000000000e+00, 5.633033716236395e+04, 1.000000000000000e-10, 1.402279540198109e+09
133, 6.198836982000000e-01, 5.290814110000000e-02, 3.421860661143672e-01, 0.000000000000000e+00, 0.000000000000000e+00, 5.650742340591081e+04, 1.000000000000000e-10, 1.397626017740156e+09
134, 6.168946444000000e-01, 5.311737490000000e-02, 3.419353291043236e-01, 0.000000000000000e+00, 0.000000000000000e+00, 5.648085966481377e+04, 1.000000000000000e-10, 1.398971738029404e+09
135, 6.139055905000000e-01, 5.332660870000000e-02, 3.404555734371039e-01, 0.000000000000000e+00, 0.000000000000000e+00, 5.626918966949999e+04, 1.000000000000000e-10, 1.405727775181288e+09
136, 6.109165367000000e-01, 5.353584240000000e-02, 3.408491703299691e-01, 0.000000000000000e+00, 0.000000000000000e+00, 5.636832303098078e+04, 1.000000000000000e-10, 1.404804395039144e+09
137, 6.079276023000000e-01, 5.374677020000000e-02, 3.417967027272659e-01, 0.000000000000000e+00, 0.000000000000000e+00, 5.654607492679955e+04, 1.000000000000000e-10, 1.401297773773330e+09
138, 6.049388740000000e-01, 5.396060430000000e-02, 3.420059366483045e-01, 0.000000000000000e+00, 0.000000000000000e+00, 5.658154216037385e+04, 1.000000000000000e-10, 1.400513002231630e+09
139, 6.019498206000000e-01, 5.416983050000000e-02, 3.404490416152739e-01, 0.000000000000000e+00, 0.000000000000000e+00, 5.630240892499968e+04, 1.000000000000000e-10, 1.406473930789535e+09
140, 5.989599226000000e-01, 5.436657950000000e-02, 3.373658076587957e-01, 0.000000000000000e+00, 0.000000000000000e+00, 5.573021572672694e+04, 1.000000000000000e-10, 1.418013197773685e+09
141, 5.959691164000001e-01, 5.454903410000000e-02, 3.351462547812944e-01, 0.000000000000000e+00, 0.000000000000000e+00, 5.527251700688513e+04, 1.000000000000000e-10, 1.425451918040738e+09
142, 5.929778870000000e-01, 5.472444030000000e-02, 3.343507685553962e-01, 0.000000000000000e+00, 0.000000000000000e+00, 5.502996529529527e+04, 1.000000000000000e-10, 1.426489433591576e+09
143, 5.899867137000000e-01, 5.490079730000000e-02, 3.340507877296061e-01, 0.000000000000000e+00, 0.000000000000000e+00, 5.488697705862946e+04, 1.000000000000000e-10, 1.425764180041409e+09
144, 5.869959152999999e-01, 5.508340180000000e-02, 3.330465569782780e-01, 0.000000000000000e+00, 0.000000000000000e+00, 5.463468713115471e+04, 1.000000000000000e-10, 1.428179952264839e+09
145, 5.840051705000000e-01, 5.526688670000000e-02, 3.309503470021273e-01, 0.000000000000000e+00, 0.000000000000000e+00, 5.423198536230692e+04, 1.000000000000000e-10, 1.435967947024725e+09
146, 5.810139992000000e-01, 5.544325400000000e-02, 3.286842093007471e-01, 0.000000000000000e+00, 0.000000000000000e+00, 5.382771209519124e+04, 1.000000000000000e-10, 1.445138199336534e+09
147, 5.780220176999999e-01, 5.560526350000000e-02, 3.288781554114385e-01, 0.000000000000000e+00, 0.000000000000000e+00, 5.386142776657707e+04, 1.000000000000000e-10, 1.444320997059527e+09
148, 5.750293853000000e-01, 5.575481730000000e-02, 3.317026971813845e-01, 0.000000000000000e+00, 0.000000000000000e+00, 5.436271329798002e+04, 1.000000000000000e-10, 1.432864787179874e+09
149, 5.720365281000001e-01, 5.589982500000000e-02, 3.349725198832068e-01, 0.000000000000000e+00, 0.000000000000000e+00, 5.495509455653201e+04, 1.000000000000000e-10, 1.420063282409478e+09
150, 5.690438169000001e-01, 5.604780920000000e-02, 3.370927591327676e-01, 0.000000000000000e+00, 0.000000000000000e+00, 5.537980092577332e+04, 1.000000000000000e-10, 1.412754277208227e+09
151, 5.660511873000000e-01, 5.619744060000000e-02, 3.374073476022918e-01, 0.000000000000000e+00, 0.000000000000000e+00, 5.551135213441262e+04, 1.000000000000000e-10, 1.413115030692650e+09
152, 5.630585577000000e-01, 5.634707210000000e-02, 3.375953096726452e-01, 0.000000000000000e+00, 0.000000000000000e+00, 5.560023234000704e+04, 1.000000000000000e-10, 1.413546663664891e+09
153, 5.600659280000000e-01, 5.649670360000000e-02, 3.381926278150177e-01, 0.000000000000000e+00, 0.000000000000000e+00, 5.570733763381413e+04, 1.000000000000000e-10, 1.411232459017581e+09
154, 5.570734513000000e-01, 5.664935650000000e-02, 3.377558642883607e-01, 0.000000000000000e+00, 0.000000000000000e+00, 5.560302242924795e+04, 1.000000000000000e-10, 1.412379171636112e+09
155, 5.540810301000000e-01, 5.680309730000000e-02, 3.352127387559551e-01, 0.000000000000000e+00, 0.000000000000000e+00, 5.511603848575420e+04, 1.000000000000000e-10, 1.421623433371345e+09
156, 5.510882624000000e-01, 5.694990830000000e-02, 3.310590997988478e-01, 0.000000000000000e+00, 0.000000000000000e+00, 5.432421043328799e+04, 1.000000000000000e-10, 1.437082852532074e+09
157, 5.480948308000000e-01, 5.708244870000000e-02, 3.285863755249734e-01, 0.000000000000000e+00, 0.000000000000000e+00, 5.380142428410311e+04, 1.000000000000000e-10, 1.445328665385267e+09
158, 5.451008633000000e-01, 5.720233900000000e-02, 3.283340105304615e-01, 0.000000000000000e+00, 0.000000000000000e+00, 5.365584586438768e+04, 1.000000000000000e-10, 1.444121336791404e+09
159, 5.421067085000000e-01, 5.731748330000000e-02, 3.287096016483066e-01, 0.000000000000000e+00, 0.000000000000000e+00, 5.365879286530300e+04, 1.000000000000000e-10, 1.441152845974333e+09
160, 5.391126656000000e-01, 5.743549340000000e-02, 3.282741032482098e-01, 0.000000000000000e+00, 0.000000000000000e+00, 5.356066052081749e+04, 1.000000000000000e-10, 1.442491599478844e+09
161, 5.361186917000000e-01, 5.755525230000000e-02, 3.267738552262991e-01, 0.000000000000000e+00, 0.000000000000000e+00, 5.332185197355634e+04, 1.000000000000000e-10, 1.449248361826881e+09
162, 5.331247178000000e-01, 5.767501130000000e-02, 3.256846077755806e-01, 0.000000000000000e+00, 0.000000000000000e+00, 5.316363651472025e+04, 1.000000000000000e-10, 1.454504511740777e+09
163, 5.301307440000000e-01, 5.779477020000000e-02, 3.271083859272946e-01, 0.000000000000000e+00, 0.000000000000000e+00, 5.343879479262448e+04, 1.000000000000000e-10, 1.449131919767501e+09
164, 5.271368887000000e-01, 5.791744960000000e-02, 3.290746663332177e-01, 0.000000000000000e+00, 0.000000000000000e+00, 5.384673689134204e+04, 1.000000000000000e-10, 1.442393002322481e+09
165, 5.241430848000000e-01, 5.804138270000000e-02, 3.296011293264721e-01, 0.000000000000000e+00, 0.000000000000000e+00, 5.402524939182695e+04, 1.000000000000000e-10, 1.442098716207825e+09
166, 5.211490097000000e-01, 5.815854030000000e-02, 3.292064363414845e-01, 0.000000000000000e+00, 0.000000000000000e+00, 5.406139204153581e+04, 1.000000000000000e-10, 1.446090460738146e+09
167, 5.181544149000000e-01, 5.826150360000000e-02, 3.302100980858525e-01, 0.000000000000000e+00, 0.000000000000000e+00, 5.428531495885710e+04, 1.000000000000000e-10, 1.443012031284390e+09
168, 5.151594046000000e-01, 5.835166060000000e-02, 3.325082147823087e-01, 0.000000000000000e+00, 0.000000000000000e+00, 5.467564903617793e+04, 1.000000000000000e-10, 1.433309815063823e+09
169, 5.121642494000000e-01, 5.843690760000000e-02, 3.336851458815818e-01, 0.000000000000000e+00, 0.000000000000000e+00, 5.482599863602484e+04, 1.000000000000000e-10, 1.427241268165685e+09
170, 5.091691748000000e-01, 5.852492480000000e-02, 3.326162156531918e-01, 0.000000000000000e+00, 0.000000000000000e+00, 5.456460436878089e+04, 1.000000000000000e-10, 1.430023328001588e+09
171, 5.061741541000000e-01, 5.861477540000000e-02, 3.289587256673879e-01, 0.000000000000000e+00, 0.000000000000000e+00, 5.383637130813997e+04, 1.000000000000000e-10, 1.443114479958605e+09
172, 5.031791335000000e-01, 5.870462600000000e-02, 3.244233820674580e-01, 0.000000000000000e+00, 0.000000000000000e+00, 5.292024877899007e+04, 1.000000000000000e-10, 1.459328364178771e+09
173, 5.001841129000000e-01, 5.879447660000000e-02, 3.215583354022432e-01, 0.000000000000000e+00, 0.000000000000000e+00, 5.227412205894291e+04, 1.000000000000000e-10, 1.468135788889942e+09
174, 4.971891791000000e-01, 5.888716460000000e-02, 3.183913716340395e-01, 0.000000000000000e+00, 0.000000000000000e+00, 5.157126913743727e+04, 1.000000000000000e-10, 1.478277570740591e+09
175, 4.941942883000000e-01, 5.898124000000000e-02, 3.145129612514839e-01, 0.000000000000000e+00, 0.000000000000000e+00, 5.077127005489683e+04, 1.000000000000000e-10, 1.492317846642408e+09
176, 4.911991976000000e-01, 5.906866820000000e-02, 3.109264777317618e-01, 0.000000000000000e+00, 0.000000000000000e+00, 5.005109847407625e+04, 1.000000000000000e-10, 1.506057178727957e+09
177, 4.882037299000000e-01, 5.914197000000000e-02, 3.103956554095990e-01, 0.000000000000000e+00, 0.000000000000000e+00, 4.987099236006254e+04, 1.000000000000000e-10, 1.506267524030750e+09
178, 4.852079712000000e-01, 5.920233930000000e-02, 3.127015966766938e-01, 0.000000000000000e+00, 0.000000000000000e+00, 5.020329389812959e+04, 1.000000000000000e-10, 1.494216117714936e+09
179, 4.822121140000000e-01, 5.925766320000000e-02, 3.152489816488072e-01, 0.000000000000000e+00, 0.000000000000000e+00, 5.060372115961076e+04, 1.000000000000000e-10, 1.481898993416702e+09
180, 4.792163079000000e-01, 5.931567380000000e-02, 3.163947636315981e-01, 0.000000000000000e+00, 0.000000000000000e+00, 5.081267578498562e+04, 1.000000000000000e-10, 1.477136839148834e+09
181, 4.762205389000000e-01, 5.937558920000000e-02, 3.153814794168052e-01, 0.000000000000000e+00, 0.000000000000000e+00, 5.066910829410290e+04, 1.000000000000000e-10, 1.482343801469728e+09
182, 4.732247699000000e-01, 5.943550460000000e-02, 3.143204182891471e-01, 0.000000000000000e+00, 0.000000000000000e+00, 5.049646869552346e+04, 1.000000000000000e-10, 1.487326853961875e+09
183, 4.702290009000000e-01, 5.949542000000000e-02, 3.151182582535980e-01, 0.000000000000000e+00, 0.000000000000000e+00, 5.064499346865287e+04, 1.000000000000000e-10, 1.484056218904913e+09
184, 4.672332890000000e-01, 5.955810270000000e-02, 3.163293749345413e-01, 0.000000000000000e+00, 0.000000000000000e+00, 5.092128246422768e+04, 1.000000000000000e-10, 1.480360368650133e+09
185, 4.642376084000000e-01, 5.962228340000000e-02, 3.164503253443324e-01, 0.000000000000000e+00, 0.000000000000000e+00, 5.102104099486890e+04, 1.000000000000000e-10, 1.481729345525017e+09
186, 4.612417964000000e-01, 5.967992670000000e-02, 3.167479993756861e-01, 0.000000000000000e+00, 0.000000000000000e+00, 5.119494772365842e+04, 1.000000000000000e-10, 1.483353771052674e+09
187, 4.582457490000000e-01, 5.972350630000000e-02, 3.194763144131879e-01, 0.000000000000000e+00, 0.000000000000000e+00, 5.175840968681576e+04, 1.000000000000000e-10, 1.473548526284861e+09
188, 4.552495377000000e-01, 5.975405020000000e-02, 3.254915949132206e-01, 0.000000000000000e+00, 0.000000000000000e+00, 5.294584054641544e+04, 1.000000000000000e-10, 1.451140373772686e+09
189, 4.522532772000000e-01, 5.977943380000000e-02, 3.316989077724700e-01, 0.000000000000000e+00, 0.000000000000000e+00, 5.416424462663203e+04, 1.000000000000000e-10, 1.428538263538740e+09
190, 4.492570403000000e-01, 5.980742960000000e-02, 3.366047816237689e-01, 0.000000000000000e+00, 0.000000000000000e+00, 5.525181272987808e+04, 1.000000000000000e-10, 1.413776217536625e+09
191, 4.462608221000000e-01, 5.983739180000000e-02, 3.398094435198657e-01, 0.000000000000000e+00, 0.000000000000000e+00, 5.599356808801335e+04, 1.000000000000000e-10, 1.404937596692302e+09
192, 4.432646038000000e-01, 5.986735400000000e-02, 3.410998817598381e-01, 0.000000000000000e+00, 0.000000000000000e+00, 5.625432976391778e+04, 1.000000000000000e-10, 1.400610581887187e+09
193, 4.402683855000000e-01, 5.989731610000000e-02, 3.429513931175553e-01, 0.000000000000000e+00, 0.000000000000000e+00, 5.664423674729677e+04, 1.000000000000000e-10, 1.394709763283878e+09
194, 4.372721672000000e-01, 5.992727830000000e-02, 3.442224194956196e-01, 0.000000000000000e+00, 0.000000000000000e+00, 5.696843109269401e+04, 1.000000000000000e-10, 1.391861057955522e+09
195, 4.342759490000000e-01, 5.995724050000000e-02, 3.454844643682680e-01, 0.000000000000000e+00, 0.000000000000000e+00, 5.738030031295195e+04, 1.000000000000000e-10, 1.390878742213400e+09
196, 4.312797307000000e-01, 5.998720270000000e-02, 3.498642038169536e-01, 0.000000000000000e+00, 0.000000000000000e+00, 5.839578013567856e+04, 1.000000000000000e-10, 1.379064476479206e+09
197, 4.282835251000000e-01, 6.001838500000000e-02, 3.550609850607519e-01, 0.000000000000000e+00, 0.000000000000000e+00, 5.952940009027586e+04, 1.000000000000000e-10, 1.363870087973822e+09
198, 4.252873570000000e-01, 6.005299780000000e-02, 3.611716938074916e-01, 0.000000000000000e+00, 0.000000000000000e+00, 6.103015671336835e+04, 1.000000000000000e-10, 1.349437240159655e+09
199, 4.222911490000000e-01, 6.008389620000000e-02, 3.657476640173472e-01, 0.000000000000000e+00, 0.000000000000000e+00, 6.219852496792471e+04, 1.000000000000000e-10, 1.339523275493354e+09
200, 4.192948456000000e-01, 6.010304610000000e-02, 3.710000764202076e-01, 0.000000000000000e+00, 0.000000000000000e+00, 6.360325104186759e+04, 1.000000000000000e-10, 1.329330755149331e+09
201, 4.162984826000000e-01, 6.010734210000000e-02, 3.763527929016827e-01, 0.000000000000000e+00, 0.000000000000000e+00, 6.485169635735574e+04, 1.000000000000000e-10, 1.315868152263504e+09
202, 4.133021170000000e-01, 6.010365170000000e-02, 3.838347793824977e-01, 0.000000000000000e+00, 0.000000000000000e+00, 6.651423422367405e+04, 1.000000000000000e-10, 1.296144906457034e+09
203, 4.103057513000000e-01, 6.010004530000000e-02, 3.894803238575665e-01, 0.000000000000000e+00, 0.000000000000000e+00, 6.766944622647215e+04, 1.000000000000000e-10, 1.280080071780087e+09
204, 4.073093833000000e-01, 6.010000000000000e-02, 3.940067790056845e-01, 0.000000000000000e+00, 0.000000000000000e+00, 6.878615671784501e+04, 1.000000000000000e-10, 1.270333219147902e+09
205, 4.043130152000000e-01, 6.010000000000000e-02, 3.984117236852340e-01, 0.000000000000000e+00, 0.000000000000000e+00, 6.988189963106155e+04, 1.000000000000000e-10, 1.261075672677412e+09
206, 4.013166471000000e-01, 6.010000000000000e-02, 4.011240896011603e-01, 0.000000000000000e+00, 0.000000000000000e+00, 7.048753454112982e+04, 1.000000000000000e-10, 1.254423186222200e+09
207, 3.983202790000000e-01, 6.010000000000000e-02, 4.047290869569945e-01, 0.000000000000000e+00, 0.000000000000000e+00, 7.145156969967813e+04, 1.000000000000000e-10, 1.247929594344877e+09
208, 3.953239109000000e-01, 6.010000000000000e-02, 4.071004511177699e-01, 0.000000000000000e+00, 0.000000000000000e+00, 7.221324549312865e+04, 1.000000000000000e-10, 1.245450277309826e+09
209, 3.923275428000000e-01, 6.010000000000000e-02, 4.090707945743246e-01, 0.000000000000000e+00, 0.000000000000000e+00, 7.281209047892697e+04, 1.000000000000000e-10, 1.242893118066814e+09
210, 3.893311748000000e-01, 6.010020870000000e-02, 4.105256109401375e-01, 0.000000000000000e+00, 0.000000000000000e+00, 7.318599638006806e+04, 1.000000000000000e-10, 1.240062275942279e+09
211, 3.863348096000000e-01, 6.010425500000000e-02, 4.108642856339461e-01, 0.000000000000000e+00, 0.000000000000000e+00, 7.328545704274619e+04, 1.000000000000000e-10, 1.239574022270706e+09
212, 3.833384435000000e-01, 6.010740740000000e-02, 4.092706211624823e-01, 0.000000000000000e+00, 0.000000000000000e+00, 7.298701752666981e+04, 1.000000000000000e-10, 1.244205459861904e+09
213, 3.803420834000000e-01, 6.010159540000000e-02, 4.055583778404785e-01, 0.000000000000000e+00, 0.000000000000000e+00, 7.221036280776605e+04, 1.000000000000000e-10, 1.253990278050847e+09
214, 3.773457918000000e-01, 6.008061910000000e-02, 4.022395907668067e-01, 0.000000000000000e+00, 0.000000000000000e+00, 7.145108244168216e+04, 1.000000000000000e-10, 1.261933978048416e+09
215, 3.743495929000000e-01, 6.004884090000000e-02, 3.987293768554319e-01, 0.000000000000000e+00, 0.000000000000000e+00, 7.050814241919495e+04, 1.000000000000000e-10, 1.268396214186772e+09
216, 3.713534236000000e-01, 6.001432620000000e-02, 3.958689070533985e-01, 0.000000000000000e+00, 0.000000000000000e+00, 6.973929827933652e+04, 1.000000000000000e-10, 1.273672722565640e+09
217, 3.683572136000000e-01, 5.998357210000000e-02, 3.920634759293726e-01, 0.000000000000000e+00, 0.000000000000000e+00, 6.868953604431871e+04, 1.000000000000000e-10, 1.280304930615916e+09
218, 3.653609953000000e-01, 5.995361000000000e-02, 3.894119586432954e-01, 0.000000000000000e+00, 0.000000000000000e+00, 6.798298693967237e+04, 1.000000000000000e-10, 1.285332695790064e+09
219, 3.623647770000000e-01, 5.992364780000000e-02, 3.862294222963579e-01, 0.000000000000000e+00, 0.000000000000000e+00, 6.725435777998471e+04, 1.000000000000000e-10, 1.293221461140743e+09
220, 3.593685587000000e-01, 5.989368560000000e-02, 3.838652781692324e-01, 0.000000000000000e+00, 0.000000000000000e+00, 6.668230919101855e+04, 1.000000000000000e-10, 1.298647478539123e+09
221, 3.563723404000000e-01, 5.986372340000000e-02, 3.816517424892842e-01, 0.000000000000000e+00, 0.000000000000000e+00, 6.611088573899538e+04, 1.000000000000000e-10, 1.303183006268605e+09
222, 3.533761221000000e-01, 5.983376120000000e-02, 3.776551333652283e-01, 0.000000000000000e+00, 0.000000000000000e+00, 6.513929139096646e+04, 1.000000000000000e-10, 1.312352520208598e+09
223, 3.503799039000000e-01, 5.980379900000000e-02, 3.746341036826997e-01, 0.000000000000000e+00, 0.000000000000000e+00, 6.455666043251381e+04, 1.000000000000000e-10, 1.321908298892632e+09
224, 3.473836618000000e-01, 5.977636380000000e-02, 3.698721476680480e-01, 0.000000000000000e+00, 0.000000000000000e+00, 6.344774835714772e+04, 1.000000000000000e-10, 1.334004019319377e+09
225, 3.443874030000000e-01, 5.975078450000000e-02, 3.648453487539309e-01, 0.000000000000000e+00, 0.000000000000000e+00, 6.234531203750157e+04, 1.000000000000000e-10, 1.348182047498913e+09
226, 3.413912043000000e-01, 5.971906720000000e-02, 3.581379424778379e-01, 0.000000000000000e+00, 0.000000000000000e+00, 6.085992080428458e+04, 1.000000000000000e-10, 1.367205902338848e+09
227, 3.383951856000000e-01, 5.967355900000000e-02, 3.541121243031531e-01, 0.000000000000000e+00, 0.000000000000000e+00, 5.993484633900180e+04, 1.000000000000000e-10, 1.378145640919741e+09
228, 3.353993970000000e-01, 5.961469410000000e-02, 3.519579592590540e-01, 0.000000000000000e+00, 0.000000000000000e+00, 5.930605700327980e+04, 1.000000000000000e-10, 1.381618691731533e+09
229, 3.324037216000000e-01, 5.955026900000000e-02, 3.517314566091364e-01, 0.000000000000000e+00, 0.000000000000000e+00, 5.913281014164080e+04, 1.000000000000000e-10, 1.379923903420887e+09
230, 3.294079977000000e-01, 5.948816000000000e-02, 3.512503383912361e-01, 0.000000000000000e+00, 0.000000000000000e+00, 5.885498310539502e+04, 1.000000000000000e-10, 1.378030868194976e+09
231, 3.264122288000000e-01, 5.942824460000000e-02, 3.493755326230187e-01, 0.000000000000000e+00, 0.000000000000000e+00, 5.840987977145452e+04, 1.000000000000000e-10, 1.382867893576068e+09
232, 3.234164598000000e-01, 5.936832920000000e-02, 3.484020186887332e-01, 0.000000000000000e+00, 0.000000000000000e+00, 5.823341284455228e+04, 1.000000000000000e-10, 1.386428259771924e+09
233, 3.204206908000000e-01, 5.930841380000000e-02, 3.487276626177032e-01, 0.000000000000000e+00, 0.000000000000000e+00, 5.826408766510431e+04, 1.000000000000000e-10, 1.384669782622333e+09
234, 3.174249218000000e-01, 5.924849840000000e-02, 3.456314556373183e-01, 0.000000000000000e+00, 0.000000000000000e+00, 5.755304092970967e+04, 1.000000000000000e-10, 1.393219564590170e+09
235, 3.144291528000000e-01, 5.918858310000000e-02, 3.425080749483372e-01, 0.000000000000000e+00, 0.000000000000000e+00, 5.691009483595542e+04, 1.000000000000000e-10, 1.403442811046084e+09
236, 3.114333838000000e-01, 5.912866770000000e-02, 3.395108968407715e-01, 0.000000000000000e+00, 0.000000000000000e+00, 5.623829321381401e+04, 1.000000000000000e-10, 1.412240460720815e+09
237, 3.084375946000000e-01, 5.906978170000000e-02, 3.372728407215925e-01, 0.000000000000000e+00, 0.000000000000000e+00, 5.575187745206297e+04, 1.000000000000000e-10, 1.419172896510360e+09
238, 3.054417368000000e-01, 5.901448810000000e-02, 3.345838771231702e-01, 0.000000000000000e+00, 0.000000000000000e+00, 5.513006108859259e+04, 1.000000000000000e-10, 1.426797939671116e+09
239, 3.024459424000000e-01, 5.895589760000000e-02, 3.314783325336474e-01, 0.000000000000000e+00, 0.000000000000000e+00, 5.449600763296445e+04, 1.000000000000000e-10, 1.437534082533509e+09
240, 2.994503937000000e-01, 5.888596610000000e-02, 3.276830779986807e-01, 0.000000000000000e+00, 0.000000000000000e+00, 5.372232070939557e+04, 1.000000000000000e-10, 1.450846350492884e+09
241, 2.964552315000000e-01, 5.880104250000000e-02, 3.261341363085128e-01, 0.000000000000000e+00, 0.000000000000000e+00, 5.337787998488190e+04, 1.000000000000000e-10, 1.455707524624085e+09
242, 2.934603172000000e-01, 5.870772480000000e-02, 3.262147772237579e-01, 0.000000000000000e+00, 0.000000000000000e+00, 5.329562289325194e+04, 1.000000000000000e-10, 1.453197146200607e+09
243, 2.904654134000000e-01, 5.861406570000000e-02, 3.268274133841375e-01, 0.000000000000000e+00, 0.000000000000000e+00, 5.335896262284743e+04, 1.000000000000000e-10, 1.449618928082289e+09
244, 2.874703256000000e-01, 5.852650000000000e-02, 3.262049650983194e-01, 0.000000000000000e+00, 0.000000000000000e+00, 5.319581184971049e+04, 1.000000000000000e-10, 1.450998483303122e+09
245, 2.844751753000000e-01, 5.844108520000000e-02, 3.243244082904251e-01, 0.000000000000000e+00, 0.000000000000000e+00, 5.286935805362485e+04, 1.000000000000000e-10, 1.458965834607946e+09
246, 2.814802001000000e-01, 5.834977820000000e-02, 3.218399253004718e-01, 0.000000000000000e+00, 0.000000000000000e+00, 5.242645831876755e+04, 1.000000000000000e-10, 1.469350759631396e+09
247, 2.784856726000000e-01, 5.824487900000000e-02, 3.214134132597956e-01, 0.000000000000000e+00, 0.000000000000000e+00, 5.235024208089888e+04, 1.000000000000000e-10, 1.471143910208078e+09
248, 2.754916466000000e-01, 5.812646400000000e-02, 3.226699442954057e-01, 0.000000000000000e+00, 0.000000000000000e+00, 5.253367516126300e+04, 1.000000000000000e-10, 1.464950813465443e+09
249, 2.724978541000000e-01, 5.800225460000000e-02, 3.246365752216828e-01, 0.000000000000000e+00, 0.000000000000000e+00, 5.284201525831311e+04, 1.000000000000000e-10, 1.455806213579958e+09
250, 2.695039750000000e-01, 5.788015900000000e-02, 3.264775499454437e-01, 0.000000000000000e+00, 0.000000000000000e+00, 5.316059629836120e+04, 1.000000000000000e-10, 1.447997410886221e+09
251, 2.665100011000000e-01, 5.776040000000000e-02, 3.270669899123260e-01, 0.000000000000000e+00, 0.000000000000000e+00, 5.323269225598533e+04, 1.000000000000000e-10, 1.444851526984575e+09
252, 2.635160273000000e-01, 5.764064110000000e-02, 3.267755826567426e-01, 0.000000000000000e+00, 0.000000000000000e+00, 5.320504677745003e+04, 1.000000000000000e-10, 1.446573475859068e+09
253, 2.605220534000000e-01, 5.752088210000000e-02, 3.260636897068238e-01, 0.000000000000000e+00, 0.000000000000000e+00, 5.307796843841604e+04, 1.000000000000000e-10, 1.449479424280127e+09
254, 2.575280795000000e-01, 5.740112320000000e-02, 3.247697517669980e-01, 0.000000000000000e+00, 0.000000000000000e+00, 5.283352428490284e+04, 1.000000000000000e-10, 1.454484238126893e+09
255, 2.545341057000000e-01, 5.728136420000000e-02, 3.229839473186927e-01, 0.000000000000000e+00, 0.000000000000000e+00, 5.248848467068026e+04, 1.000000000000000e-10, 1.461286356015377e+09
256, 2.515401318000000e-01, 5.716160530000000e-02, 3.218008531349363e-01, 0.000000000000000e+00, 0.000000000000000e+00, 5.223790665436320e+04, 1.000000000000000e-10, 1.465304746727365e+09
257, 2.485461222000000e-01, 5.704274810000000e-02, 3.212485714254923e-01, 0.000000000000000e+00, 0.000000000000000e+00, 5.211762596961887e+04, 1.000000000000000e-10, 1.467083456243483e+09
258, 2.455519687000000e-01, 5.692757100000000e-02, 3.201521830134306e-01, 0.000000000000000e+00, 0.000000000000000e+00, 5.190062558420578e+04, 1.000000000000000e-10, 1.471199970221994e+09
259, 2.425579324000000e-01, 5.680940080000000e-02, 3.181417085988375e-01, 0.000000000000000e+00, 0.000000000000000e+00, 5.156234082072432e+04, 1.000000000000000e-10, 1.480223562767597e+09
260, 2.395643498000000e-01, 5.668030080000000e-02, 3.158567431517339e-01, 0.000000000000000e+00, 0.000000000000000e+00, 5.118100158790585e+04, 1.000000000000000e-10, 1.490666220356142e+09
261, 2.365712773000000e-01, 5.653982940000000e-02, 3.155471841352441e-01, 0.000000000000000e+00, 0.000000000000000e+00, 5.114682893786077e+04, 1.000000000000000e-10, 1.492459983477156e+09
262, 2.335786376000000e-01, 5.639042170000000e-02, 3.165212755854054e-01, 0.000000000000000e+00, 0.000000000000000e+00, 5.133826086632049e+04, 1.000000000000000e-10, 1.488646594096868e+09
263, 2.305864572000000e-01, 5.623208320000000e-02, 3.174690922231532e-01, 0.000000000000000e+00, 0.000000000000000e+00, 5.151156739981923e+04, 1.000000000000000e-10, 1.484760925781292e+09
264, 2.275948873000000e-01, 5.606262990000000e-02, 3.189699218497816e-01, 0.000000000000000e+00, 0.000000000000000e+00, 5.179942251968099e+04, 1.000000000000000e-10, 1.478822857423613e+09
265, 2.246039719000000e-01, 5.588195720000000e-02, 3.217322121530345e-01, 0.000000000000000e+00, 0.000000000000000e+00, 5.228629158583067e+04, 1.000000000000000e-10, 1.467002565393604e+09
266, 2.216132630000000e-01, 5.569788720000000e-02, 3.242727531178043e-01, 0.000000000000000e+00, 0.000000000000000e+00, 5.274269192381845e+04, 1.000000000000000e-10, 1.456504067287321e+09
267, 2.186223396000000e-01, 5.551734040000000e-02, 3.251348700586625e-01, 0.000000000000000e+00, 0.000000000000000e+00, 5.291124199027076e+04, 1.000000000000000e-10, 1.453302967093925e+09
268, 2.156313504000000e-01, 5.533788100000000e-02, 3.238695875385776e-01, 0.000000000000000e+00, 0.000000000000000e+00, 5.272813066474178e+04, 1.000000000000000e-10, 1.459502774442736e+09
269, 2.126403613000000e-01, 5.515842170000000e-02, 3.233069520287073e-01, 0.000000000000000e+00, 0.000000000000000e+00, 5.265956456132780e+04, 1.000000000000000e-10, 1.462548613791736e+09
270, 2.096493686000000e-01, 5.497902140000000e-02, 3.241276777265285e-01, 0.000000000000000e+00, 0.000000000000000e+00, 5.282095332942501e+04, 1.000000000000000e-10, 1.459466993588875e+09
271, 2.066581632000000e-01, 5.480320770000000e-02, 3.246952057710642e-01, 0.000000000000000e+00, 0.000000000000000e+00, 5.293892240728276e+04, 1.000000000000000e-10, 1.457496308402194e+09
272, 2.036669592000000e-01, 5.462737120000000e-02, 3.239631559158568e-01, 0.000000000000000e+00, 0.000000000000000e+00, 5.285102744790054e+04, 1.000000000000000e-10, 1.461496387521080e+09
273, 2.006762392000000e-01, 5.444351370000000e-02, 3.224770592933277e-01, 0.000000000000000e+00, 0.000000000000000e+00, 5.263633902004734e+04, 1.000000000000000e-10, 1.468888099738711e+09
274, 1.976864651000000e-01, 5.424488690000000e-02, 3.223608502236741e-01, 0.000000000000000e+00, 0.000000000000000e+00, 5.264369578953031e+04, 1.000000000000000e-10, 1.469997994440259e+09
275, 1.946974808000000e-01, 5.403467400000000e-02, 3.235521143298468e-01, 0.000000000000000e+00, 0.000000000000000e+00, 5.286678108962361e+04, 1.000000000000000e-10, 1.465252851329042e+09
276, 1.917087537000000e-01, 5.382082320000000e-02, 3.251864258328646e-01, 0.000000000000000e+00, 0.000000000000000e+00, 5.316804394522648e+04, 1.000000000000000e-10, 1.458688339172237e+09
277, 1.887197351000000e-01, 5.361109610000000e-02, 3.263192038406270e-01, 0.000000000000000e+00, 0.000000000000000e+00, 5.339406110113467e+04, 1.000000000000000e-10, 1.454543336618294e+09
278, 1.857303707000000e-01, 5.340634910000000e-02, 3.263358954974278e-01, 0.000000000000000e+00, 0.000000000000000e+00, 5.344363964462496e+04, 1.000000000000000e-10, 1.455523072968230e+09
279, 1.827411789000000e-01, 5.319910420000000e-02, 3.249667228822185e-01, 0.000000000000000e+00, 0.000000000000000e+00, 5.326959618364121e+04, 1.000000000000000e-10, 1.462756819008553e+09
280, 1.797527313000000e-01, 5.298142430000000e-02, 3.233598165894357e-01, 0.000000000000000e+00, 0.000000000000000e+00, 5.305763214479128e+04, 1.000000000000000e-10, 1.471209153367673e+09
281, 1.767651486000000e-01, 5.275215400000000e-02, 3.241045095023663e-01, 0.000000000000000e+00, 0.000000000000000e+00, 5.322373031056247e+04, 1.000000000000000e-10, 1.468840702392045e+09
282, 1.737782598000000e-01, 5.251401450000000e-02, 3.265087679690244e-01, 0.000000000000000e+00, 0.000000000000000e+00, 5.366335955383004e+04, 1.000000000000000e-10, 1.459030397747247e+09
283, 1.707920907000000e-01, 5.226701400000000e-02, 3.286014797732688e-01, 0.000000000000000e+00, 0.000000000000000e+00, 5.405733428716572e+04, 1.000000000000000e-10, 1.450846515309653e+09
284, 1.678068289000000e-01, 5.200929790000000e-02, 3.289958768857406e-01, 0.000000000000000e+00, 0.000000000000000e+00, 5.416959495680481e+04, 1.000000000000000e-10, 1.450141170782514e+09
285, 1.648225830000000e-01, 5.174005310000000e-02, 3.291922300044312e-01, 0.000000000000000e+00, 0.000000000000000e+00, 5.423926492577648e+04, 1.000000000000000e-10, 1.450099642227564e+09
286, 1.618386948000000e-01, 5.146686210000000e-02, 3.308025043802231e-01, 0.000000000000000e+00, 0.000000000000000e+00, 5.454276857372063e+04, 1.000000000000000e-10, 1.443914231661871e+09
287, 1.588544609000000e-01, 5.119748250000000e-02, 3.326104606319797e-01, 0.000000000000000e+00, 0.000000000000000e+00, 5.487905870363603e+04, 1.000000000000000e-10, 1.436890168203636e+09
288, 1.558697631000000e-01, 5.093328530000000e-02, 3.335173461648595e-01, 0.000000000000000e+00, 0.000000000000000e+00, 5.507319635720183e+04, 1.000000000000000e-10, 1.433955379992267e+09
289, 1.528852535000000e-01, 5.066697530000000e-02, 3.328690831333594e-01, 0.000000000000000e+00, 0.000000000000000e+00, 5.500849178122437e+04, 1.000000000000000e-10, 1.437660089822644e+09
290, 1.499016570000000e-01, 5.039064780000000e-02, 3.315773322139846e-01, 0.000000000000000e+00, 0.000000000000000e+00, 5.483593454710206e+04, 1.000000000000000e-10, 1.444128330850066e+09
291, 1.469194872000000e-01, 5.009932340000000e-02, 3.318590474067831e-01, 0.000000000000000e+00, 0.000000000000000e+00, 5.491068608950151e+04, 1.000000000000000e-10, 1.443512350627714e+09
292, 1.439382559000000e-01, 4.979852640000000e-02, 3.338942951678729e-01, 0.000000000000000e+00, 0.000000000000000e+00, 5.527574241104702e+04, 1.000000000000000e-10, 1.435300351107507e+09
293, 1.409571857000000e-01, 4.949613280000000e-02, 3.358523440394292e-01, 0.000000000000000e+00, 0.000000000000000e+00, 5.562778615616869e+04, 1.000000000000000e-10, 1.427479263866260e+09
294, 1.379755682000000e-01, 4.919919110000000e-02, 3.364362606546362e-01, 0.000000000000000e+00, 0.000000000000000e+00, 5.575852910005616e+04, 1.000000000000000e-10, 1.425733681296244e+09
295, 1.349936162000000e-01, 4.890561960000000e-02, 3.349746708006409e-01, 0.000000000000000e+00, 0.000000000000000e+00, 5.554836427764174e+04, 1.000000000000000e-10, 1.432652553845627e+09
296, 1.320121036000000e-01, 4.860762960000000e-02, 3.325485317798810e-01, 0.000000000000000e+00, 0.000000000000000e+00, 5.517774987117408e+04, 1.000000000000000e-10, 1.443800388141126e+09
297, 1.290317925000000e-01, 4.829786950000000e-02, 3.312671580085724e-01, 0.000000000000000e+00, 0.000000000000000e+00, 5.498702335938795e+04, 1.000000000000000e-10, 1.449860134174798e+09
298, 1.260525769000000e-01, 4.797772950000000e-02, 3.312305315825056e-01, 0.000000000000000e+00, 0.000000000000000e+00, 5.500610464867129e+04, 1.000000000000000e-10, 1.450556771145943e+09
299, 1.230743167000000e-01, 4.764882070000000e-02, 3.315950030865065e-01, 0.000000000000000e+00, 0.000000000000000e+00, 5.509518158524710e+04, 1.000000000000000e-10, 1.449599085463281e+09
300, 1.200970366000000e-01, 4.731115450000000e-02, 3.319381494450073e-01, 0.000000000000000e+00, 0.000000000000000e+00, 5.518355873066866e+04, 1.000000000000000e-10, 1.448778554782069e+09
301, 1.171207615000000e-01, 4.696474260000000e-02, 3.322156469632656e-01, 0.000000000000000e+00, 0.000000000000000e+00, 5.526239542709179e+04, 1.000000000000000e-10, 1.448273541936015e+09
302, 1.141455159000000e-01, 4.660959680000000e-02, 3.323904715622246e-01, 0.000000000000000e+00, 0.000000000000000e+00, 5.532396898373566e+04, 1.000000000000000e-10, 1.448201952874532e+09
303, 1.111713243000000e-01, 4.624572950000000e-02, 3.322360864714525e-01, 0.000000000000000e+00, 0.000000000000000e+00, 5.532944762197352e+04, 1.000000000000000e-10, 1.449546655518477e+09
304, 1.081982111000000e-01, 4.587315320000000e-02, 3.316488327881363e-01, 0.000000000000000e+00, 0.000000000000000e+00, 5.526182480632721e+04, 1.000000000000000e-10, 1.452779099982226e+09
305, 1.052262005000000e-01, 4.549188050000000e-02, 3.310537101743031e-01, 0.000000000000000e+00, 0.000000000000000e+00, 5.519348039366221e+04, 1.000000000000000e-10, 1.456059220107190e+09
306, 1.022553168000000e-01, 4.510192450000000e-02, 3.310703848957273e-01, 0.000000000000000e+00, 0.000000000000000e+00, 5.522918728428562e+04, 1.000000000000000e-10, 1.456656210100466e+09
307, 9.928555240000000e-02, 4.470353130000000e-02, 3.313335702438447e-01, 0.000000000000000e+00, 0.000000000000000e+00, 5.530791509953554e+04, 1.000000000000000e-10, 1.456252823594244e+09
308, 9.631645150000000e-02, 4.430022190000000e-02, 3.310786824853842e-01, 0.000000000000000e+00, 0.000000000000000e+00, 5.530615002167712e+04, 1.000000000000000e-10, 1.458257674202875e+09
309, 9.334866629999999e-02, 4.388735710000000e-02, 3.297006865611425e-01, 0.000000000000000e+00, 0.000000000000000e+00, 5.511564855543946e+04, 1.000000000000000e-10, 1.465247809868462e+09
310, 9.038333000000000e-02, 4.345728190000000e-02, 3.276490821464313e-01, 0.000000000000000e+00, 0.000000000000000e+00, 5.480851313330489e+04, 1.000000000000000e-10, 1.475219602198567e+09
311, 8.742106760000000e-02, 4.300650920000000e-02, 3.266194815303380e-01, 0.000000000000000e+00, 0.000000000000000e+00, 5.465911207930560e+04, 1.000000000000000e-10, 1.480357088573544e+09
312, 8.446147179999999e-02, 4.253854550000000e-02, 3.268597725939283e-01, 0.000000000000000e+00, 0.000000000000000e+00, 5.471873238666888e+04, 1.000000000000000e-10, 1.479724223653657e+09
313, 8.150462410000001e-02, 4.205352220000000e-02, 3.274362414092953e-01, 0.000000000000000e+00, 0.000000000000000e+00, 5.483396139833311e+04, 1.000000000000000e-10, 1.477533419551303e+09
314, 7.855061400000000e-02, 4.155150370000000e-02, 3.277743125757437e-01, 0.000000000000000e+00, 0.000000000000000e+00, 5.491078415641433e+04, 1.000000000000000e-10, 1.476450345463017e+09
315, 7.559953120000000e-02, 4.103255620000000e-02, 3.281290443054114e-01, 0.000000000000000e+00, 0.000000000000000e+00, 5.499420504528578e+04, 1.000000000000000e-10, 1.475355412830251e+09
316, 7.265146290000001e-02, 4.049674770000000e-02, 3.290658496516417e-01, 0.000000000000000e+00, 0.000000000000000e+00, 5.518098987147008e+04, 1.000000000000000e-10, 1.471853283796240e+09
317, 6.970648800000000e-02, 3.994418840000000e-02, 3.301589643968647e-01, 0.000000000000000e+00, 0.000000000000000e+00, 5.540063930857571e+04, 1.000000000000000e-10, 1.467770571913245e+09
318, 6.676405530000000e-02, 3.937824060000000e-02, 3.305699691887128e-01, 0.000000000000000e+00, 0.000000000000000e+00, 5.551249039736715e+04, 1.000000000000000e-10, 1.466875668429890e+09
319, 6.382483080000000e-02, 3.879587770000000e-02, 3.297782716105681e-01, 0.000000000000000e+00, 0.000000000000000e+00, 5.542587239761902e+04, 1.000000000000000e-10, 1.471362271566951e+09
320, 6.089039250000000e-02, 3.818988410000000e-02, 3.285113322198424e-01, 0.000000000000000e+00, 0.000000000000000e+00, 5.525899727579043e+04, 1.000000000000000e-10, 1.478049108556328e+09
321, 5.796159620000000e-02, 3.755716460000000e-02, 3.283349083866423e-01, 0.000000000000000e+00, 0.000000000000000e+00, 5.526878207997882e+04, 1.000000000000000e-10, 1.479709807449604e+09
322, 5.503766030000000e-02, 3.690236230000000e-02, 3.288970420796842e-01, 0.000000000000000e+00, 0.000000000000000e+00, 5.540096119121451e+04, 1.000000000000000e-10, 1.478002335561405e+09
323, 5.212020500000000e-02, 3.621928960000000e-02, 3.295403135060661e-01, 0.000000000000000e+00, 0.000000000000000e+00, 5.554617549146783e+04, 1.000000000000000e-10, 1.475925836112337e+09
324, 4.921095930000000e-02, 3.550206810000000e-02, 3.303441696481534e-01, 0.000000000000000e+00, 0.000000000000000e+00, 5.571629520608449e+04, 1.000000000000000e-10, 1.473084739800649e+09
325, 4.630834710000000e-02, 3.475842740000000e-02, 3.310531337152040e-01, 0.000000000000000e+00, 0.000000000000000e+00, 5.586959656389357e+04, 1.000000000000000e-10, 1.470657686244902e+09
326, 4.341443290000000e-02, 3.398167710000000e-02, 3.309955229821588e-01, 0.000000000000000e+00, 0.000000000000000e+00, 5.589377168088535e+04, 1.000000000000000e-10, 1.471609095667720e+09
327, 4.053329480000000e-02, 3.315886600000000e-02, 3.306957605956481e-01, 0.000000000000000e+00, 0.000000000000000e+00, 5.587718970720588e+04, 1.000000000000000e-10, 1.473707401525665e+09
328, 3.766462370000000e-02, 3.229347590000000e-02, 3.309007381106368e-01, 0.000000000000000e+00, 0.000000000000000e+00, 5.595121190878588e+04, 1.000000000000000e-10, 1.473644326600411e+09
329, 3.480664810000000e-02, 3.139349160000000e-02, 3.316905399174024e-01, 0.000000000000000e+00, 0.000000000000000e+00, 5.612985782620050e+04, 1.000000000000000e-10, 1.471103493911773e+09
330, 3.196977470000000e-02, 3.042923390000000e-02, 3.331053887949979e-01, 0.000000000000000e+00, 0.000000000000000e+00, 5.642332713590606e+04, 1.000000000000000e-10, 1.465853225520901e+09
331, 2.916436760000000e-02, 2.937700070000000e-02, 3.353637379865757e-01, 0.000000000000000e+00, 0.000000000000000e+00, 5.686812682314031e+04, 1.000000000000000e-10, 1.457288390837869e+09
332, 2.638083370000000e-02, 2.826801140000000e-02, 3.398573379798852e-01, 0.000000000000000e+00, 0.000000000000000e+00, 5.769813086547892e+04, 1.000000000000000e-10, 1.439408801668432e+09
333, 2.362898530000000e-02, 2.708283520000000e-02, 3.487553925933473e-01, 0.000000000000000e+00, 0.000000000000000e+00, 5.928611021491458e+04, 1.000000000000000e-10, 1.404073606494472e+09
334, 2.092840090000000e-02, 2.578537860000000e-02, 3.624091074807529e-01, 0.000000000000000e+00, 0.000000000000000e+00, 6.170063274610290e+04, 1.000000000000000e-10, 1.352602998123312e+09
335, 1.829564720000000e-02, 2.435529470000000e-02, 3.760276407454264e-01, 0.000000000000000e+00, 0.000000000000000e+00, 6.412530390308116e+04, 1.000000000000000e-10, 1.305543101853519e+09
336, 1.571975790000000e-02, 2.282485310000000e-02, 3.854363867873269e-01, 0.000000000000000e+00, 0.000000000000000e+00, 6.583900101059680e+04, 1.000000000000000e-10, 1.275402418916139e+09
337, 1.319128670000000e-02, 2.121724900000000e-02, 3.919623404168640e-01, 0.000000000000000e+00, 0.000000000000000e+00, 6.706973365585487e+04, 1.000000000000000e-10, 1.255941785870268e+09
338, 1.071855140000000e-02, 1.952532850000000e-02, 3.999671994863420e-01, 0.000000000000000e+00, 0.000000000000000e+00, 6.856362371982398e+04, 1.000000000000000e-10, 1.232619432742514e+09
339, 8.357752600000001e-03, 1.768194770000000e-02, 4.165493859034632e-01, 0.000000000000000e+00, 0.000000000000000e+00, 7.153860492770550e+04, 1.000000000000000e-10, 1.184509512592016e+09
340, 6.234852000000000e-03, 1.557056300000000e-02, 4.394700220127230e-01, 0.000000000000000e+00, 0.000000000000000e+00, 7.561137609866608e+04, 1.000000000000000e-10, 1.122972484373080e+09
341, 4.319046800000000e-03, 1.326691890000000e-02, 4.652425713417114e-01, 0.000000000000000e+00, 0.000000000000000e+00, 8.017468730382125e+04, 1.000000000000000e-10, 1.062158825951425e+09
342, 2.659048500000000e-03, 1.078063400000000e-02, 4.993481117299697e-01, 0.000000000000000e+00, 0.000000000000000e+00, 8.617122773790394e+04, 1.000000000000000e-10, 9.912242182772046e+08
343, 1.585549600000000e-03, 7.986006000000000e-03, 5.292768870171554e-01, 0.000000000000000e+00, 0.000000000000000e+00, 9.142306638917062e+04, 1.000000000000000e-10, 9.359003272405456e+08
344, 7.472436000000000e-04, 5.109934500000000e-03, 5.480777478000378e-01, 0.000000000000000e+00, 0.000000000000000e+00, 9.472636094532088e+04, 1.000000000000000e-10, 9.042295622249082e+08
345, 1.626159000000000e-04, 2.172660000000000e-03, 5.612550454517905e-01, 0.000000000000000e+00, 0.000000000000000e+00, 9.702923370774780e+04, 1.000000000000000e-10, 8.830298727628939e+08
346, 2.551370000000000e-05, -8.154233000000000e-04, 5.655440228567884e-01, 0.000000000000000e+00, 0.000000000000000e+00, 9.776349231453775e+04, 1.000000000000000e-10, 8.753386134700239e+08
347, 4.418631000000000e-04, -3.780176900000000e-03, 5.543437426858674e-01, 0.000000000000000e+00, 0.000000000000000e+00, 9.578861550286862e+04, 1.000000000000000e-10, 8.942850441460925e+08
348, 1.178979700000000e-03, -6.683559600000000e-03, 5.369386576097083e-01, 0.000000000000000e+00, 0.000000000000000e+00, 9.271771756940149e+04, 1.000000000000000e-10, 9.227601073099563e+08
349, 2.119737600000000e-03, -9.527886300000000e-03, 5.120812950596070e-01, 0.000000000000000e+00, 0.000000000000000e+00, 8.834342114295260e+04, 1.000000000000000e-10, 9.668218984296312e+08
350, 3.491510200000000e-03, -1.218239690000000e-02, 4.760795171618737e-01, 0.000000000000000e+00, 0.000000000000000e+00, 8.202357946849903e+04, 1.000000000000000e-10, 1.039090093737016e+09
351, 5.352275100000000e-03, -1.453005090000000e-02, 4.464281470355632e-01, 0.000000000000000e+00, 0.000000000000000e+00, 7.678506059393341e+04, 1.000000000000000e-10, 1.106579807505827e+09
352, 7.355607900000000e-03, -1.675624800000000e-02, 4.233990256134603e-01, 0.000000000000000e+00, 0.000000000000000e+00, 7.269230550746653e+04, 1.000000000000000e-10, 1.165045690054897e+09
353, 9.621932400000000e-03, -1.871350840000000e-02, 4.020059325089346e-01, 0.000000000000000e+00, 0.000000000000000e+00, 6.889044088133096e+04, 1.000000000000000e-10, 1.225822962871805e+09
354, 1.205590760000000e-02, -2.046042230000000e-02, 3.900461030987734e-01, 0.000000000000000e+00, 0.000000000000000e+00, 6.672710871079200e+04, 1.000000000000000e-10, 1.261861997626808e+09
355, 1.455955480000000e-02, -2.210638150000000e-02, 3.835677525082231e-01, 0.000000000000000e+00, 0.000000000000000e+00, 6.551225201611363e+04, 1.000000000000000e-10, 1.281472191821370e+09
356, 1.711312970000000e-02, -2.367378560000000e-02, 3.763661071453647e-01, 0.000000000000000e+00, 0.000000000000000e+00, 6.419185869070212e+04, 1.000000000000000e-10, 1.304492428362803e+09
357, 1.972005420000000e-02, -2.515057360000000e-02, 3.647231611956235e-01, 0.000000000000000e+00, 0.000000000000000e+00, 6.213311233724491e+04, 1.000000000000000e-10, 1.344784041672439e+09
358, 2.239892040000000e-02, -2.649200820000000e-02, 3.496539650676365e-01, 0.000000000000000e+00, 0.000000000000000e+00, 5.951087067508668e+04, 1.000000000000000e-10, 1.401692706191885e+09
359, 2.514218880000000e-02, -2.769671360000000e-02, 3.391468838876930e-01, 0.000000000000000e+00, 0.000000000000000e+00, 5.768797273494764e+04, 1.000000000000000e-10, 1.444721858670773e+09
360, 2.792514050000000e-02, -2.880708720000000e-02, 3.352449880836075e-01, 0.000000000000000e+00, 0.000000000000000e+00, 5.699660667341142e+04, 1.000000000000000e-10, 1.460956999222876e+09
361, 3.072579640000000e-02, -2.987219160000000e-02, 3.351987877498823e-01, 0.000000000000000e+00, 0.000000000000000e+00, 5.696733173468438e+04, 1.000000000000000e-10, 1.460709146673174e+09
362, 3.355101120000000e-02, -3.087007190000000e-02, 3.365509848815578e-01, 0.000000000000000e+00, 0.000000000000000e+00, 5.717875658503330e+04, 1.000000000000000e-10, 1.454478046735021e+09
363, 3.640010390000000e-02, -3.179774150000000e-02, 3.370690515877136e-01, 0.000000000000000e+00, 0.000000000000000e+00, 5.724763257968441e+04, 1.000000000000000e-10, 1.451871890420130e+09
364, 3.926405390000000e-02, -3.267859480000000e-02, 3.365241712441446e-01, 0.000000000000000e+00, 0.000000000000000e+00, 5.714049274101100e+04, 1.000000000000000e-10, 1.453918805892364e+09
365, 4.213857070000000e-02, -3.352425530000000e-02, 3.355775870990335e-01, 0.000000000000000e+00, 0.000000000000000e+00, 5.697659205601400e+04, 1.000000000000000e-10, 1.457989174895336e+09
366, 4.502736230000000e-02, -3.431981760000000e-02, 3.348007014474793e-01, 0.000000000000000e+00, 0.000000000000000e+00, 5.683563140158517e+04, 1.000000000000000e-10, 1.461191451438990e+09
367, 4.792660680000000e-02, -3.507646140000000e-02, 3.347350806608588e-01, 0.000000000000000e+00, 0.000000000000000e+00, 5.681594557763311e+04, 1.000000000000000e-10, 1.461298055881332e+09
368, 5.083275460000000e-02, -3.580616600000000e-02, 3.357865461542508e-01, 0.000000000000000e+00, 0.000000000000000e+00, 5.699380944893986e+04, 1.000000000000000e-10, 1.456758104730783e+09
369, 5.374765330000000e-02, -3.650004220000000e-02, 3.378850363466260e-01, 0.000000000000000e+00, 0.000000000000000e+00, 5.733078979363657e+04, 1.000000000000000e-10, 1.447314040014339e+09
370, 5.666961100000000e-02, -3.716362050000000e-02, 3.397819939440782e-01, 0.000000000000000e+00, 0.000000000000000e+00, 5.763976119298244e+04, 1.000000000000000e-10, 1.438961545371147e+09
371, 5.959522020000000e-02, -3.781094180000000e-02, 3.404276526336976e-01, 0.000000000000000e+00, 0.000000000000000e+00, 5.773437028268771e+04, 1.000000000000000e-10, 1.435914608477379e+09
372, 6.252243709999999e-02, -3.845095230000000e-02, 3.398527439379320e-01, 0.000000000000000e+00, 0.000000000000000e+00, 5.763791330280307e+04, 1.000000000000000e-10, 1.438378710485341e+09
373, 6.545274740000000e-02, -3.907663200000000e-02, 3.383148365757406e-01, 0.000000000000000e+00, 0.000000000000000e+00, 5.737095599689656e+04, 1.000000000000000e-10, 1.444790866110544e+09
374, 6.838760620000001e-02, -3.968059320000000e-02, 3.368623942977112e-01, 0.000000000000000e+00, 0.000000000000000e+00, 5.711853888569662e+04, 1.000000000000000e-10, 1.450885623595135e+09
375, 7.132826930000000e-02, -4.025560110000000e-02, 3.364206902430308e-01, 0.000000000000000e+00, 0.000000000000000e+00, 5.704024672580739e+04, 1.000000000000000e-10, 1.452715183697878e+09
376, 7.427458960000000e-02, -4.080090600000000e-02, 3.365397849356684e-01, 0.000000000000000e+00, 0.000000000000000e+00, 5.702151130559735e+04, 1.000000000000000e-10, 1.451393074081784e+09
377, 7.722505590000001e-02, -4.132334090000000e-02, 3.366248160142904e-01, 0.000000000000000e+00, 0.000000000000000e+00, 5.698494016672708e+04, 1.000000000000000e-10, 1.449964563005068e+09
378, 8.017823220000000e-02, -4.183025210000000e-02, 3.376880633767937e-01, 0.000000000000000e+00, 0.000000000000000e+00, 5.714463191857665e+04, 1.000000000000000e-10, 1.444997751672051e+09
379, 8.313435769999999e-02, -4.231964410000000e-02, 3.395099656959312e-01, 0.000000000000000e+00, 0.000000000000000e+00, 5.736571359294800e+04, 1.000000000000000e-10, 1.435466019960686e+09
380, 8.609333900000000e-02, -4.279148640000000e-02, 3.406974892385850e-01, 0.000000000000000e+00, 0.000000000000000e+00, 5.749413811326421e+04, 1.000000000000000e-10, 1.428991897959557e+09
381, 8.905390220000001e-02, -4.325331250000000e-02, 3.402418831498002e-01, 0.000000000000000e+00, 0.000000000000000e+00, 5.732580548704125e+04, 1.000000000000000e-10, 1.429012095837259e+09
382, 9.201521220000000e-02, -4.371032730000000e-02, 3.394222551798008e-01, 0.000000000000000e+00, 0.000000000000000e+00, 5.714051255929370e+04, 1.000000000000000e-10, 1.431493426589997e+09
383, 9.497777180000000e-02, -4.415916550000000e-02, 3.395029192305238e-01, 0.000000000000000e+00, 0.000000000000000e+00, 5.709796506635430e+04, 1.000000000000000e-10, 1.430005262788563e+09
384, 9.794161960000000e-02, -4.459941640000000e-02, 3.403494638295406e-01, 0.000000000000000e+00, 0.000000000000000e+00, 5.714226765281851e+04, 1.000000000000000e-10, 1.424443077030690e+09
385, 1.009067324000000e-01, -4.503106510000000e-02, 3.402152408851554e-01, 0.000000000000000e+00, 0.000000000000000e+00, 5.704712891954125e+04, 1.000000000000000e-10, 1.423516209839428e+09
386, 1.038730870000000e-01, -4.545409720000000e-02, 3.388690107070114e-01, 0.000000000000000e+00, 0.000000000000000e+00, 5.674313177666095e+04, 1.000000000000000e-10, 1.427534943754733e+09
387, 1.068406597000000e-01, -4.586849830000000e-02, 3.370129406989732e-01, 0.000000000000000e+00, 0.000000000000000e+00, 5.633993783208733e+04, 1.000000000000000e-10, 1.433466326003005e+09
388, 1.098094267000000e-01, -4.627425440000000e-02, 3.351397876290524e-01, 0.000000000000000e+00, 0.000000000000000e+00, 5.591933905788734e+04, 1.000000000000000e-10, 1.439209927837390e+09
389, 1.127793642000000e-01, -4.667135170000000e-02, 3.333308878879196e-01, 0.000000000000000e+00, 0.000000000000000e+00, 5.549652478449242e+04, 1.000000000000000e-10, 1.444431449924969e+09
390, 1.157504483000000e-01, -4.705977670000000e-02, 3.314574405067839e-01, 0.000000000000000e+00, 0.000000000000000e+00, 5.505231514289592e+04, 1.000000000000000e-10, 1.449757708758710e+09
391, 1.187226550000000e-01, -4.743951610000000e-02, 3.294064396272361e-01, 0.000000000000000e+00, 0.000000000000000e+00, 5.457066059298028e+04, 1.000000000000000e-10, 1.455688723499515e+09
392, 1.216959602000000e-01, -4.781055690000000e-02, 3.271771114856799e-01, 0.000000000000000e+00, 0.000000000000000e+00, 5.405454009122933e+04, 1.000000000000000e-10, 1.462334910019415e+09
393, 1.246703396000000e-01, -4.817288640000000e-02, 3.248713403778896e-01, 0.000000000000000e+00, 0.000000000000000e+00, 5.352408532776470e+04, 1.000000000000000e-10, 1.469339202670558e+09
394, 1.276457687000000e-01, -4.852649220000000e-02, 3.225719980789580e-01, 0.000000000000000e+00, 0.000000000000000e+00, 5.299609267131543e+04, 1.000000000000000e-10, 1.476385281473428e+09
395, 1.306222230000000e-01, -4.887136210000000e-02, 3.202652364758508e-01, 0.000000000000000e+00, 0.000000000000000e+00, 5.247116541213977e+04, 1.000000000000000e-10, 1.483608041908468e+09
396, 1.335996778000000e-01, -4.920748410000000e-02, 3.180576330752068e-01, 0.000000000000000e+00, 0.000000000000000e+00, 5.196966448881368e+04, 1.000000000000000e-10, 1.490565148797808e+09
397, 1.365781084000000e-01, -4.953484670000000e-02, 3.163206693486033e-01, 0.000000000000000e+00, 0.000000000000000e+00, 5.155361857475932e+04, 1.000000000000000e-10, 1.495579017492058e+09
398, 1.395574899000000e-01, -4.985343850000000e-02, 3.150048829824976e-01, 0.000000000000000e+00, 0.000000000000000e+00, 5.121388532976924e+04, 1.000000000000000e-10, 1.498793066353646e+09
399, 1.425377974000000e-01, -5.016324850000000e-02, 3.133631370461586e-01, 0.000000000000000e+00, 0.000000000000000e+00, 5.082443013922221e+04, 1.000000000000000e-10, 1.503688999372217e+09
400, 1.455190058000000e-01, -5.046426590000000e-02, 3.107725123538845e-01, 0.000000000000000e+00, 0.000000000000000e+00, 5.026811885128960e+04, 1.000000000000000e-10, 1.512830325034856e+09
401, 1.485010900000000e-01, -5.075648020000000e-02, 3.085294368722620e-01, 0.000000000000000e+00, 0.000000000000000e+00, 4.982298990760494e+04, 1.000000000000000e-10, 1.521750205550259e+09
402, 1.514841115000000e-01, -5.103895140000000e-02, 3.082060047098660e-01, 0.000000000000000e+00, 0.000000000000000e+00, 4.971139000006916e+04, 1.000000000000000e-10, 1.521840060472149e+09
403, 1.544682859000000e-01, -5.130898220000000e-02, 3.101976595806257e-01, 0.000000000000000e+00, 0.000000000000000e+00, 4.996209806819084e+04, 1.000000000000000e-10, 1.510316765989068e+09
404, 1.574529831000000e-01, -5.157318600000000e-02, 3.117212537161091e-01, 0.000000000000000e+00, 0.000000000000000e+00, 5.015108828424762e+04, 1.000000000000000e-10, 1.501533466935144e+09
405, 1.604374954000000e-01, -5.183946610000000e-02, 3.109953372964832e-01, 0.000000000000000e+00, 0.000000000000000e+00, 4.996338377305109e+04, 1.000000000000000e-10, 1.503203409448898e+09
406, 1.634214633000000e-01, -5.211178220000000e-02, 3.087305101816894e-01, 0.000000000000000e+00, 0.000000000000000e+00, 4.954377368654191e+04, 1.000000000000000e-10, 1.512817307523141e+09
407, 1.664054524000000e-01, -5.238386490000000e-02, 3.062138445410885e-01, 0.000000000000000e+00, 0.000000000000000e+00, 4.907885524347897e+04, 1.000000000000000e-10, 1.523668094297507e+09
408, 1.693901711000000e-01, -5.264780400000000e-02, 3.055125870933930e-01, 0.000000000000000e+00, 0.000000000000000e+00, 4.891478883633619e+04, 1.000000000000000e-10, 1.525858422749374e+09
409, 1.723759785000000e-01, -5.289913550000000e-02, 3.052761331005662e-01, 0.000000000000000e+00, 0.000000000000000e+00, 4.881215216422425e+04, 1.000000000000000e-10, 1.525368369967208e+09
410, 1.753625325000000e-01, -5.314143690000000e-02, 3.034539417904705e-01, 0.000000000000000e+00, 0.000000000000000e+00, 4.845616364716506e+04, 1.000000000000000e-10, 1.532828255202821e+09
411, 1.783497926000000e-01, -5.337487290000000e-02, 3.011620264315628e-01, 0.000000000000000e+00, 0.000000000000000e+00, 4.804430754598606e+04, 1.000000000000000e-10, 1.543269306769458e+09
412, 1.813377897000000e-01, -5.359866430000000e-02, 3.003697729216082e-01, 0.000000000000000e+00, 0.000000000000000e+00, 4.788573454729198e+04, 1.000000000000000e-10, 1.546475172868670e+09
413, 1.843267059000000e-01, -5.380983240000000e-02, 3.023074332086719e-01, 0.000000000000000e+00, 0.000000000000000e+00, 4.816256409569803e+04, 1.000000000000000e-10, 1.535693185203393e+09
414, 1.873160581000000e-01, -5.401475910000000e-02, 3.042688026985875e-01, 0.000000000000000e+00, 0.000000000000000e+00, 4.844601729327791e+04, 1.000000000000000e-10, 1.525033508831287e+09
415, 1.903052907000000e-01, -5.422141550000000e-02, 3.045021410675728e-01, 0.000000000000000e+00, 0.000000000000000e+00, 4.845732510611777e+04, 1.000000000000000e-10, 1.523154535562757e+09
416, 1.932940919000000e-01, -5.443422470000000e-02, 3.032630855900468e-01, 0.000000000000000e+00, 0.000000000000000e+00, 4.823792598654299e+04, 1.000000000000000e-10, 1.528809680105596e+09
417, 1.962828856000000e-01, -5.464713860000000e-02, 3.017692500455748e-01, 0.000000000000000e+00, 0.000000000000000e+00, 4.798768953495596e+04, 1.000000000000000e-10, 1.536077284009356e+09
418, 1.992722277000000e-01, -5.485218440000000e-02, 3.019005895693152e-01, 0.000000000000000e+00, 0.000000000000000e+00, 4.799854163716162e+04, 1.000000000000000e-10, 1.535141853528757e+09
419, 2.022625407000000e-01, -5.504252520000000e-02, 3.037007314026172e-01, 0.000000000000000e+00, 0.000000000000000e+00, 4.827721992150375e+04, 1.000000000000000e-10, 1.525835285002708e+09
420, 2.052535799000000e-01, -5.522113260000000e-02, 3.046958764615234e-01, 0.000000000000000e+00, 0.000000000000000e+00, 4.842376094172442e+04, 1.000000000000000e-10, 1.520538197120908e+09
421, 2.082448433000000e-01, -5.539596050000000e-02, 3.045099241764759e-01, 0.000000000000000e+00, 0.000000000000000e+00, 4.839391867353433e+04, 1.000000000000000e-10, 1.521413237239129e+09
422, 2.112359078000000e-01, -5.557415450000000e-02, 3.042042988911893e-01, 0.000000000000000e+00, 0.000000000000000e+00, 4.834214353927192e+04, 1.000000000000000e-10, 1.522898855673902e+09
423, 2.142268969000000e-01, -5.575361380000000e-02, 3.054369556970146e-01, 0.000000000000000e+00, 0.000000000000000e+00, 4.854533597945611e+04, 1.000000000000000e-10, 1.516963581664245e+09
424, 2.172178860000000e-01, -5.593307320000000e-02, 3.074945150836858e-01, 0.000000000000000e+00, 0.000000000000000e+00, 4.888795157445232e+04, 1.000000000000000e-10, 1.507232568706622e+09
425, 2.202088738000000e-01, -5.611255380000000e-02, 3.074802967221850e-01, 0.000000000000000e+00, 0.000000000000000e+00, 4.889783663685241e+04, 1.000000000000000e-10, 1.507614043251401e+09
426, 2.231996539000000e-01, -5.629546030000000e-02, 3.056515207175007e-01, 0.000000000000000e+00, 0.000000000000000e+00, 4.860099809034905e+04, 1.000000000000000e-10, 1.516480815124139e+09
427, 2.261904122000000e-01, -5.647872410000000e-02, 3.033464975822129e-01, 0.000000000000000e+00, 0.000000000000000e+00, 4.824247511653839e+04, 1.000000000000000e-10, 1.528214844102030e+09
428, 2.291816271000000e-01, -5.665434720000000e-02, 3.022159830357360e-01, 0.000000000000000e+00, 0.000000000000000e+00, 4.806010450224124e+04, 1.000000000000000e-10, 1.533829293955098e+09
429, 2.321736636000000e-01, -5.681534020000000e-02, 3.028439408685293e-01, 0.000000000000000e+00, 0.000000000000000e+00, 4.816909928649342e+04, 1.000000000000000e-10, 1.530936917006084e+09
430, 2.351663232000000e-01, -5.696435160000000e-02, 3.039399271016653e-01, 0.000000000000000e+00, 0.000000000000000e+00, 4.833479468412229e+04, 1.000000000000000e-10, 1.525189823132350e+09
431, 2.381591812000000e-01, -5.710934150000000e-02, 3.045067009530573e-01, 0.000000000000000e+00, 0.000000000000000e+00, 4.841810032892306e+04, 1.000000000000000e-10, 1.522131547668160e+09
432, 2.411518497000000e-01, -5.725817950000000e-02, 3.037500548743642e-01, 0.000000000000000e+00, 0.000000000000000e+00, 4.831584683807402e+04, 1.000000000000000e-10, 1.526398136985304e+09
433, 2.441442544000000e-01, -5.741224130000000e-02, 3.018634444842416e-01, 0.000000000000000e+00, 0.000000000000000e+00, 4.801680208283527e+04, 1.000000000000000e-10, 1.535965849238383e+09
434, 2.471367698000000e-01, -5.756413020000000e-02, 3.002535817141415e-01, 0.000000000000000e+00, 0.000000000000000e+00, 4.778767444329924e+04, 1.000000000000000e-10, 1.544915243327746e+09
435, 2.501297829000000e-01, -5.770582350000000e-02, 3.001520481617743e-01, 0.000000000000000e+00, 0.000000000000000e+00, 4.778441999170691e+04, 1.000000000000000e-10, 1.545785332139354e+09
436, 2.531234770000000e-01, -5.783232400000000e-02, 3.019199740388908e-01, 0.000000000000000e+00, 0.000000000000000e+00, 4.809489752285981e+04, 1.000000000000000e-10, 1.537531238504627e+09
437, 2.561175599000000e-01, -5.794931300000000e-02, 3.031170311865766e-01, 0.000000000000000e+00, 0.000000000000000e+00, 4.829094225941640e+04, 1.000000000000000e-10, 1.531600678140978e+09
438, 2.591117003000000e-01, -5.806482750000000e-02, 3.032850532940000e-01, 0.000000000000000e+00, 0.000000000000000e+00, 4.834698170265715e+04, 1.000000000000000e-10, 1.531504805129594e+09
439, 2.621056177000000e-01, -5.818597470000000e-02, 3.023093403897988e-01, 0.000000000000000e+00, 0.000000000000000e+00, 4.819527478814558e+04, 1.000000000000000e-10, 1.536549443488719e+09
440, 2.650994034000000e-01, -5.831034790000000e-02, 3.011009628279731e-01, 0.000000000000000e+00, 0.000000000000000e+00, 4.804320142799461e+04, 1.000000000000000e-10, 1.543830692620659e+09
441, 2.680933813000000e-01, -5.842997970000000e-02, 3.004603273729501e-01, 0.000000000000000e+00, 0.000000000000000e+00, 4.798704026343146e+04, 1.000000000000000e-10, 1.548358491885952e+09
442, 2.710878355000000e-01, -5.853695520000000e-02, 3.011584668011279e-01, 0.000000000000000e+00, 0.000000000000000e+00, 4.812113596275842e+04, 1.000000000000000e-10, 1.545351552592398e+09
443, 2.740827683000000e-01, -5.862963070000000e-02, 3.036381049676088e-01, 0.000000000000000e+00, 0.000000000000000e+00, 4.856801910481513e+04, 1.000000000000000e-10, 1.534066522852197e+09
444, 2.770779096000000e-01, -5.871535910000000e-02, 3.054521767759366e-01, 0.000000000000000e+00, 0.000000000000000e+00, 4.888065339735588e+04, 1.000000000000000e-10, 1.525538585445962e+09
445, 2.800730188000000e-01, -5.880219320000000e-02, 3.060972893277510e-01, 0.000000000000000e+00, 0.000000000000000e+00, 4.904553297194555e+04, 1.000000000000000e-10, 1.523868514208765e+09
446, 2.830679396000000e-01, -5.889530050000000e-02, 3.054689508120898e-01, 0.000000000000000e+00, 0.000000000000000e+00, 4.897254554574870e+04, 1.000000000000000e-10, 1.527730875484932e+09
447, 2.860628383000000e-01, -5.898912130000000e-02, 3.053343987728602e-01, 0.000000000000000e+00, 0.000000000000000e+00, 4.903897289821946e+04, 1.000000000000000e-10, 1.530729582043805e+09
448, 2.890579563000000e-01, -5.907560330000000e-02, 3.067268554785651e-01, 0.000000000000000e+00, 0.000000000000000e+00, 4.934430632819152e+04, 1.000000000000000e-10, 1.525886841899586e+09
449, 2.920534568000000e-01, -5.914755270000000e-02, 3.104180393869539e-01, 0.000000000000000e+00, 0.000000000000000e+00, 5.009689531556407e+04, 1.000000000000000e-10, 1.511683534246987e+09
450, 2.950492307000000e-01, -5.920717250000000e-02, 3.133577600721807e-01, 0.000000000000000e+00, 0.000000000000000e+00, 5.070655685869927e+04, 1.000000000000000e-10, 1.500825382186428e+09
451, 2.980450890000000e-01, -5.926243910000000e-02, 3.164003574299513e-01, 0.000000000000000e+00, 0.000000000000000e+00, 5.142151462704650e+04, 1.000000000000000e-10, 1.491743620916469e+09
452, 3.010408880000000e-01, -5.932081780000000e-02, 3.199796137084814e-01, 0.000000000000000e+00, 0.000000000000000e+00, 5.216239423106844e+04, 1.000000000000000e-10, 1.478806049788825e+09
453, 3.040366569000000e-01, -5.938073310000000e-02, 3.263880829991839e-01, 0.000000000000000e+00, 0.000000000000000e+00, 5.347539027875118e+04, 1.000000000000000e-10, 1.455810003212976e+09
454, 3.070324259000000e-01, -5.944064850000000e-02, 3.342684628367307e-01, 0.000000000000000e+00, 0.000000000000000e+00, 5.521318681808656e+04, 1.000000000000000e-10, 1.431060549755013e+09
455, 3.100281949000000e-01, -5.950056430000000e-02, 3.407186866717621e-01, 0.000000000000000e+00, 0.000000000000000e+00, 5.676065907334190e+04, 1.000000000000000e-10, 1.413861199484504e+09
456, 3.130238981000000e-01, -5.956366740000000e-02, 3.457342308956747e-01, 0.000000000000000e+00, 0.000000000000000e+00, 5.793479361686566e+04, 1.000000000000000e-10, 1.400077183851408e+09
457, 3.160195838000000e-01, -5.962760330000000e-02, 3.525162629166906e-01, 0.000000000000000e+00, 0.000000000000000e+00, 5.964454211879125e+04, 1.000000000000000e-10, 1.384024452642987e+09
458, 3.190154135000000e-01, -5.968430950000000e-02, 3.597318191889384e-01, 0.000000000000000e+00, 0.000000000000000e+00, 6.140858266676680e+04, 1.000000000000000e-10, 1.366184928983753e+09
459, 3.220114804000000e-01, -5.972653310000000e-02, 3.701274963951496e-01, 0.000000000000000e+00, 0.000000000000000e+00, 6.395978779256412e+04, 1.000000000000000e-10, 1.341136951469713e+09
460, 3.250076994000000e-01, -5.975631740000000e-02, 3.786282832824616e-01, 0.000000000000000e+00, 0.000000000000000e+00, 6.603374121739499e+04, 1.000000000000000e-10, 1.320877670076198e+09
461, 3.280039605000000e-01, -5.978163410000000e-02, 3.881663667601296e-01, 0.000000000000000e+00, 0.000000000000000e+00, 6.842541523987526e+04, 1.000000000000000e-10, 1.299606595647857e+09
462, 3.310001939000000e-01, -5.981000190000000e-02, 3.970175915761936e-01, 0.000000000000000e+00, 0.000000000000000e+00, 7.035791637728552e+04, 1.000000000000000e-10, 1.276100628448378e+09
463, 3.339964122000000e-01, -5.983996410000000e-02, 4.055920362385523e-01, 0.000000000000000e+00, 0.000000000000000e+00, 7.217919506786343e+04, 1.000000000000000e-10, 1.253343155444926e+09
464, 3.369926304000000e-01, -5.986992630000000e-02, 4.109590691863919e-01, 0.000000000000000e+00, 0.000000000000000e+00, 7.346828768912723e+04, 1.000000000000000e-10, 1.241564343674622e+09
465, 3.399888487000000e-01, -5.989988850000000e-02, 4.118342594441567e-01, 0.000000000000000e+00, 0.000000000000000e+00, 7.397371116288293e+04, 1.000000000000000e-10, 1.243660137572962e+09
466, 3.429850337000000e-01, -5.993297570000000e-02, 4.110593196041258e-01, 0.000000000000000e+00, 0.000000000000000e+00, 7.390864305109833e+04, 1.000000000000000e-10, 1.247044555779441e+09
467, 3.459812085000000e-01, -5.996700070000000e-02, 4.079983306413691e-01, 0.000000000000000e+00, 0.000000000000000e+00, 7.325152982925221e+04, 1.000000000000000e-10, 1.254926651389292e+09
468, 3.489774541000000e-01, -5.999389510000000e-02, 4.028854575319922e-01, 0.000000000000000e+00, 0.000000000000000e+00, 7.196770278822977e+04, 1.000000000000000e-10, 1.265640698451830e+09
469, 3.519737926000000e-01, -6.000635760000000e-02, 3.965698784969796e-01, 0.000000000000000e+00, 0.000000000000000e+00, 7.028461722935535e+04, 1.000000000000000e-10, 1.277629370285546e+09
470, 3.549701596000000e-01, -6.000628710000000e-02, 3.893698833476687e-01, 0.000000000000000e+00, 0.000000000000000e+00, 6.845798626071821e+04, 1.000000000000000e-10, 1.292841174390346e+09
471, 3.579665241000000e-01, -6.000164710000000e-02, 3.810714545181456e-01, 0.000000000000000e+00, 0.000000000000000e+00, 6.644508970916383e+04, 1.000000000000000e-10, 1.312126953472354e+09
472, 3.609628912000000e-01, -6.000041890000000e-02, 3.714655838098639e-01, 0.000000000000000e+00, 0.000000000000000e+00, 6.418304200986002e+04, 1.000000000000000e-10, 1.336124353772322e+09
473, 3.639592561000000e-01, -6.000473460000000e-02, 3.627627353264125e-01, 0.000000000000000e+00, 0.000000000000000e+00, 6.226611350773215e+04, 1.000000000000000e-10, 1.360822027198426e+09
474, 3.669556225000000e-01, -6.000736450000000e-02, 3.563667761044507e-01, 0.000000000000000e+00, 0.000000000000000e+00, 6.082458395342934e+04, 1.000000000000000e-10, 1.378885997054720e+09
475, 3.699519795000000e-01, -6.000023780000000e-02, 3.545104384474424e-01, 0.000000000000000e+00, 0.000000000000000e+00, 6.035725237280181e+04, 1.000000000000000e-10, 1.383288063895523e+09
476, 3.729482611000000e-01, -5.997784780000000e-02, 3.558301321175871e-01, 0.000000000000000e+00, 0.000000000000000e+00, 6.054763595959244e+04, 1.000000000000000e-10, 1.377515644514755e+09
477, 3.759444535000000e-01, -5.994544400000000e-02, 3.582584572747847e-01, 0.000000000000000e+00, 0.000000000000000e+00, 6.103040246191633e+04, 1.000000000000000e-10, 1.369454219063162e+09
478, 3.789406246000000e-01, -5.991109540000000e-02, 3.612561497223703e-01, 0.000000000000000e+00, 0.000000000000000e+00, 6.170073879528484e+04, 1.000000000000000e-10, 1.360933020941590e+09
479, 3.819368521000000e-01, -5.988214390000000e-02, 3.646880862639236e-01, 0.000000000000000e+00, 0.000000000000000e+00, 6.249248556241644e+04, 1.000000000000000e-10, 1.351797227294109e+09
480, 3.849331132000000e-01, -5.985683420000000e-02, 3.687818481908377e-01, 0.000000000000000e+00, 0.000000000000000e+00, 6.347683134694045e+04, 1.000000000000000e-10, 1.341720381727847e+09
481, 3.879293339000000e-01, -5.982721620000000e-02, 3.726883563046396e-01, 0.000000000000000e+00, 0.000000000000000e+00, 6.441186652985292e+04, 1.000000000000000e-10, 1.332083387188401e+09
482, 3.909254052000000e-01, -5.978530220000000e-02, 3.759688426182372e-01, 0.000000000000000e+00, 0.000000000000000e+00, 6.512609514916698e+04, 1.000000000000000e-10, 1.322862894304653e+09
483, 3.939212391000000e-01, -5.972882000000000e-02, 3.780561050306642e-01, 0.000000000000000e+00, 0.000000000000000e+00, 6.550240603817764e+04, 1.000000000000000e-10, 1.315826120088969e+09
484, 3.969169262000000e-01, -5.966494890000000e-02, 3.775947757237686e-01, 0.000000000000000e+00, 0.000000000000000e+00, 6.533950821769751e+04, 1.000000000000000e-10, 1.316073722492059e+09
485, 3.999126274000000e-01, -5.960175120000000e-02, 3.743381504693004e-01, 0.000000000000000e+00, 0.000000000000000e+00, 6.459239714820106e+04, 1.000000000000000e-10, 1.324389389601330e+09
486, 4.029083963000000e-01, -5.954183210000000e-02, 3.700288772794900e-01, 0.000000000000000e+00, 0.000000000000000e+00, 6.364035402871052e+04, 1.000000000000000e-10, 1.336275247811765e+09
487, 4.059041653000000e-01, -5.948191670000000e-02, 3.665607029531492e-01, 0.000000000000000e+00, 0.000000000000000e+00, 6.276471837914104e+04, 1.000000000000000e-10, 1.344056156218420e+09
488, 4.088999342000000e-01, -5.942200130000000e-02, 3.644635446217782e-01, 0.000000000000000e+00, 0.000000000000000e+00, 6.208424442369253e+04, 1.000000000000000e-10, 1.346100350264637e+09
489, 4.118957316000000e-01, -5.936354160000000e-02, 3.608719869716874e-01, 0.000000000000000e+00, 0.000000000000000e+00, 6.118901202359568e+04, 1.000000000000000e-10, 1.354355098150619e+09
490, 4.148915900000000e-01, -5.930827980000000e-02, 3.565196450799624e-01, 0.000000000000000e+00, 0.000000000000000e+00, 6.027547106832634e+04, 1.000000000000000e-10, 1.367628181670416e+09
491, 4.178873672000000e-01, -5.924882410000000e-02, 3.527972019740769e-01, 0.000000000000000e+00, 0.000000000000000e+00, 5.949919541967271e+04, 1.000000000000000e-10, 1.379270946149385e+09
492, 4.208828751000000e-01, -5.917718310000000e-02, 3.523141657964820e-01, 0.000000000000000e+00, 0.000000000000000e+00, 5.935774220015126e+04, 1.000000000000000e-10, 1.380051908718775e+09
493, 4.238779996000000e-01, -5.909092720000000e-02, 3.543100744284277e-01, 0.000000000000000e+00, 0.000000000000000e+00, 5.965874048077709e+04, 1.000000000000000e-10, 1.371600996194603e+09
494, 4.268729004000000e-01, -5.899717340000000e-02, 3.562318985409266e-01, 0.000000000000000e+00, 0.000000000000000e+00, 5.999305336290746e+04, 1.000000000000000e-10, 1.364401080190404e+09
495, 4.298678186000000e-01, -5.890397410000000e-02, 3.568527687928397e-01, 0.000000000000000e+00, 0.000000000000000e+00, 6.012376883851662e+04, 1.000000000000000e-10, 1.362513202836060e+09
496, 4.328629246000000e-01, -5.881703720000000e-02, 3.567999569290054e-01, 0.000000000000000e+00, 0.000000000000000e+00, 6.017516652690411e+04, 1.000000000000000e-10, 1.363835192486068e+09
497, 4.358580675000000e-01, -5.873136490000000e-02, 3.568304433111257e-01, 0.000000000000000e+00, 0.000000000000000e+00, 6.024211911329626e+04, 1.000000000000000e-10, 1.364857078307486e+09
498, 4.388530070000000e-01, -5.863890460000000e-02, 3.578128835634223e-01, 0.000000000000000e+00, 0.000000000000000e+00, 6.046165392615628e+04, 1.000000000000000e-10, 1.362081443448855e+09
499, 4.418474723000000e-01, -5.853224060000000e-02, 3.589254344000598e-01, 0.000000000000000e+00, 0.000000000000000e+00, 6.064750663164516e+04, 1.000000000000000e-10, 1.357803787071941e+09
500, 4.448414571000000e-01, -5.841278340000000e-02, 3.593299557110889e-01, 0.000000000000000e+00, 0.000000000000000e+00, 6.069066933984288e+04, 1.000000000000000e-10, 1.355835567476586e+09
501, 4.478352435000000e-01, -5.828842610000000e-02, 3.584785552751893e-01, 0.000000000000000e+00, 0.000000000000000e+00, 6.048849011741769e+04, 1.000000000000000e-10, 1.357981904357939e+09
502, 4.508291556000000e-01, -5.816714900000000e-02, 3.559314302149081e-01, 0.000000000000000e+00, 0.000000000000000e+00, 5.995396097397037e+04, 1.000000000000000e-10, 1.365742165482826e+09
503, 4.538232940000000e-01, -5.805158270000000e-02, 3.526276619295473e-01, 0.000000000000000e+00, 0.000000000000000e+00, 5.931515949066186e+04, 1.000000000000000e-10, 1.376992489358128e+09
504, 4.568173812000000e-01, -5.793470060000000e-02, 3.493879897486940e-01, 0.000000000000000e+00, 0.000000000000000e+00, 5.865597687469995e+04, 1.000000000000000e-10, 1.387543838575947e+09
505, 4.598110864000000e-01, -5.780846580000000e-02, 3.482321033083051e-01, 0.000000000000000e+00, 0.000000000000000e+00, 5.838063141111698e+04, 1.000000000000000e-10, 1.390548506419313e+09
506, 4.628041128000000e-01, -5.766705430000000e-02, 3.484637651776393e-01, 0.000000000000000e+00, 0.000000000000000e+00, 5.833105800179925e+04, 1.000000000000000e-10, 1.387897047526306e+09
507, 4.657966345000000e-01, -5.751528910000000e-02, 3.484493855024354e-01, 0.000000000000000e+00, 0.000000000000000e+00, 5.828496176417000e+04, 1.000000000000000e-10, 1.387096812688031e+09
508, 4.687890375000000e-01, -5.736119260000000e-02, 3.472652517203966e-01, 0.000000000000000e+00, 0.000000000000000e+00, 5.804578980617168e+04, 1.000000000000000e-10, 1.391017543454645e+09
509, 4.717816992000000e-01, -5.721221950000000e-02, 3.458949870096372e-01, 0.000000000000000e+00, 0.000000000000000e+00, 5.782336949016708e+04, 1.000000000000000e-10, 1.396659453904572e+09
510, 4.747745571000000e-01, -5.706722820000000e-02, 3.451412570734496e-01, 0.000000000000000e+00, 0.000000000000000e+00, 5.771047615425679e+04, 1.000000000000000e-10, 1.399957922411890e+09
511, 4.777672246000000e-01, -5.691837390000000e-02, 3.459031583895124e-01, 0.000000000000000e+00, 0.000000000000000e+00, 5.787553413064918e+04, 1.000000000000000e-10, 1.397651443443582e+09
512, 4.807592922000000e-01, -5.675795070000000e-02, 3.467501599367718e-01, 0.000000000000000e+00, 0.000000000000000e+00, 5.803339156303462e+04, 1.000000000000000e-10, 1.394555967806757e+09
513, 4.837507599000000e-01, -5.658667410000000e-02, 3.465834677036059e-01, 0.000000000000000e+00, 0.000000000000000e+00, 5.802236344673616e+04, 1.000000000000000e-10, 1.395537959845976e+09
514, 4.867417038000000e-01, -5.640648100000000e-02, 3.458426731242183e-01, 0.000000000000000e+00, 0.000000000000000e+00, 5.790441653182682e+04, 1.000000000000000e-10, 1.398679891141741e+09
515, 4.897320976000000e-01, -5.621737780000000e-02, 3.451766617399570e-01, 0.000000000000000e+00, 0.000000000000000e+00, 5.778913107232675e+04, 1.000000000000000e-10, 1.401303439347205e+09
516, 4.927219151000000e-01, -5.601937110000000e-02, 3.442909372825878e-01, 0.000000000000000e+00, 0.000000000000000e+00, 5.762973293724307e+04, 1.000000000000000e-10, 1.404641106828870e+09
517, 4.957111300000000e-01, -5.581246800000000e-02, 3.427126148249474e-01, 0.000000000000000e+00, 0.000000000000000e+00, 5.733807771779827e+04, 1.000000000000000e-10, 1.410537494791785e+09
518, 4.986997164000000e-01, -5.559667590000000e-02, 3.414517365776732e-01, 0.000000000000000e+00, 0.000000000000000e+00, 5.713323856873038e+04, 1.000000000000000e-10, 1.415903135418115e+09
519, 5.016875582000000e-01, -5.537082560000000e-02, 3.418708894555136e-01, 0.000000000000000e+00, 0.000000000000000e+00, 5.722003650982416e+04, 1.000000000000000e-10, 1.414505487881700e+09
520, 5.046744459000000e-01, -5.513267300000000e-02, 3.442096907140667e-01, 0.000000000000000e+00, 0.000000000000000e+00, 5.762462250029957e+04, 1.000000000000000e-10, 1.405185312536497e+09
521, 5.076609077000001e-01, -5.488922320000000e-02, 3.458937747375486e-01, 0.000000000000000e+00, 0.000000000000000e+00, 5.794048166092481e+04, 1.000000000000000e-10, 1.399016436428606e+09
522, 5.106475810000000e-01, -5.464838960000000e-02, 3.456480779876264e-01, 0.000000000000000e+00, 0.000000000000000e+00, 5.792211206836576e+04, 1.000000000000000e-10, 1.400443428215117e+09
523, 5.136347221999999e-01, -5.441342690000000e-02, 3.443455639912636e-01, 0.000000000000000e+00, 0.000000000000000e+00, 5.774369445411212e+04, 1.000000000000000e-10, 1.406554668431631e+09
524, 5.166218002000000e-01, -5.417766240000000e-02, 3.431892315497255e-01, 0.000000000000000e+00, 0.000000000000000e+00, 5.757841716362512e+04, 1.000000000000000e-10, 1.411870124504517e+09
525, 5.196081732000000e-01, -5.393315480000000e-02, 3.436870825685802e-01, 0.000000000000000e+00, 0.000000000000000e+00, 5.770034729210535e+04, 1.000000000000000e-10, 1.410604730119331e+09
526, 5.225935011000000e-01, -5.367618930000000e-02, 3.448581325770560e-01, 0.000000000000000e+00, 0.000000000000000e+00, 5.792200944767508e+04, 1.000000000000000e-10, 1.406298926685110e+09
527, 5.255780483000000e-01, -5.341030860000000e-02, 3.455272912516406e-01, 0.000000000000000e+00, 0.000000000000000e+00, 5.807135280261358e+04, 1.000000000000000e-10, 1.404298417892550e+09
528, 5.285617956000001e-01, -5.313559520000000e-02, 3.456908515522452e-01, 0.000000000000000e+00, 0.000000000000000e+00, 5.813909378650225e+04, 1.000000000000000e-10, 1.404459451748078e+09
529, 5.315447173000000e-01, -5.285205880000000e-02, 3.452507156684081e-01, 0.000000000000000e+00, 0.000000000000000e+00, 5.810766866150354e+04, 1.000000000000000e-10, 1.407095957338067e+09
530, 5.345267882000000e-01, -5.255970920000000e-02, 3.443222111246333e-01, 0.000000000000000e+00, 0.000000000000000e+00, 5.799668958667733e+04, 1.000000000000000e-10, 1.411771533237623e+09
531, 5.375079829000000e-01, -5.225855670000000e-02, 3.439652760251829e-01, 0.000000000000000e+00, 0.000000000000000e+00, 5.797884025407153e+04, 1.000000000000000e-10, 1.414028381595275e+09
532, 5.404882648000000e-01, -5.194849960000000e-02, 3.453333546198314e-01, 0.000000000000000e+00, 0.000000000000000e+00, 5.827747970648904e+04, 1.000000000000000e-10, 1.409812401845276e+09
533, 5.434672252000000e-01, -5.162600380000000e-02, 3.483134832370417e-01, 0.000000000000000e+00, 0.000000000000000e+00, 5.883615495176523e+04, 1.000000000000000e-10, 1.398876395329579e+09
534, 5.464452645000000e-01, -5.129509310000000e-02, 3.503927496784679e-01, 0.000000000000000e+00, 0.000000000000000e+00, 5.924632129331303e+04, 1.000000000000000e-10, 1.391709623422626e+09
535, 5.494232392000000e-01, -5.096360040000000e-02, 3.505993867095761e-01, 0.000000000000000e+00, 0.000000000000000e+00, 5.932445871552756e+04, 1.000000000000000e-10, 1.391658431826867e+09
536, 5.524018620000000e-01, -5.063798680000000e-02, 3.498194580454918e-01, 0.000000000000000e+00, 0.000000000000000e+00, 5.923851021212258e+04, 1.000000000000000e-10, 1.395649049399431e+09
537, 5.553807501000000e-01, -5.031480440000000e-02, 3.492762827272766e-01, 0.000000000000000e+00, 0.000000000000000e+00, 5.917917344534174e+04, 1.000000000000000e-10, 1.398440418302244e+09
538, 5.583590480000000e-01, -4.998623770000000e-02, 3.502465289045018e-01, 0.000000000000000e+00, 0.000000000000000e+00, 5.938306935132375e+04, 1.000000000000000e-10, 1.395371211571834e+09
539, 5.613359734000000e-01, -4.964547060000000e-02, 3.517377948371221e-01, 0.000000000000000e+00, 0.000000000000000e+00, 5.967237299940234e+04, 1.000000000000000e-10, 1.390190824690357e+09
540, 5.643117559000000e-01, -4.929485250000000e-02, 3.524491544869464e-01, 0.000000000000000e+00, 0.000000000000000e+00, 5.984224485860295e+04, 1.000000000000000e-10, 1.388318799562389e+09
541, 5.672864971000000e-01, -4.893550630000000e-02, 3.525237133786442e-01, 0.000000000000000e+00, 0.000000000000000e+00, 5.990767501459301e+04, 1.000000000000000e-10, 1.388994079582915e+09
542, 5.702601725000001e-01, -4.856744460000000e-02, 3.525256137880884e-01, 0.000000000000000e+00, 0.000000000000000e+00, 5.995932012038072e+04, 1.000000000000000e-10, 1.389959726133002e+09
543, 5.732327578000000e-01, -4.819067990000000e-02, 3.529460828346013e-01, 0.000000000000000e+00, 0.000000000000000e+00, 6.007658263169653e+04, 1.000000000000000e-10, 1.389151496188009e+09
544, 5.762042288000000e-01, -4.780522520000000e-02, 3.541173054935522e-01, 0.000000000000000e+00, 0.000000000000000e+00, 6.031264568894686e+04, 1.000000000000000e-10, 1.385247644013223e+09
545, 5.791745615000000e-01, -4.741109350000000e-02, 3.558150987260750e-01, 0.000000000000000e+00, 0.000000000000000e+00, 6.062573706865158e+04, 1.000000000000000e-10, 1.379082770362464e+09
546, 5.821437317000000e-01, -4.700829840000000e-02, 3.570707347255367e-01, 0.000000000000000e+00, 0.000000000000000e+00, 6.084643000689693e+04, 1.000000000000000e-10, 1.374378115723028e+09
547, 5.851117156000000e-01, -4.659685360000000e-02, 3.575254945875299e-01, 0.000000000000000e+00, 0.000000000000000e+00, 6.090697312592570e+04, 1.000000000000000e-10, 1.372317789581986e+09
548, 5.880784894000000e-01, -4.617677290000000e-02, 3.581387901097957e-01, 0.000000000000000e+00, 0.000000000000000e+00, 6.098662253201591e+04, 1.000000000000000e-10, 1.369511968987818e+09
549, 5.910439602000001e-01, -4.574759280000000e-02, 3.602652130146614e-01, 0.000000000000000e+00, 0.000000000000000e+00, 6.130960439045800e+04, 1.000000000000000e-10, 1.360674468986994e+09
550, 5.940076158000001e-01, -4.530605300000000e-02, 3.640076975123180e-01, 0.000000000000000e+00, 0.000000000000000e+00, 6.189049485274523e+04, 1.000000000000000e-10, 1.345714075172269e+09
551, 5.969702442000000e-01, -4.485766250000000e-02, 3.668634920004309e-01, 0.000000000000000e+00, 0.000000000000000e+00, 6.231505805947600e+04, 1.000000000000000e-10, 1.334170486962261e+09
552, 5.999329905000000e-01, -4.441005360000000e-02, 3.680630361508894e-01, 0.000000000000000e+00, 0.000000000000000e+00, 6.244605070224541e+04, 1.000000000000000e-10, 1.328519706748411e+09
553, 6.028966429000000e-01, -4.396848360000000e-02, 3.684752596622508e-01, 0.000000000000000e+00, 0.000000000000000e+00, 6.244127249161045e+04, 1.000000000000000e-10, 1.325739881609963e+09
554, 6.058604630000000e-01, -4.352803920000000e-02, 3.693246332982754e-01, 0.000000000000000e+00, 0.000000000000000e+00, 6.250278470252836e+04, 1.000000000000000e-10, 1.321287191584002e+09
555, 6.088233068000000e-01, -4.308108430000000e-02, 3.716888156590623e-01, 0.000000000000000e+00, 0.000000000000000e+00, 6.281972947211309e+04, 1.000000000000000e-10, 1.311461252705468e+09
556, 6.117840715000000e-01, -4.262056990000000e-02, 3.747021992017109e-01, 0.000000000000000e+00, 0.000000000000000e+00, 6.324088768504306e+04, 1.000000000000000e-10, 1.299434196093422e+09
557, 6.147428891000000e-01, -4.214769180000000e-02, 3.772792348492474e-01, 0.000000000000000e+00, 0.000000000000000e+00, 6.359433562586772e+04, 1.000000000000000e-10, 1.289204409850796e+09
558, 6.177009164000000e-01, -4.166988860000000e-02, 3.789563256299111e-01, 0.000000000000000e+00, 0.000000000000000e+00, 6.380460415019126e+04, 1.000000000000000e-10, 1.282299211194422e+09
559, 6.206593651000000e-01, -4.119470460000000e-02, 3.795842581498132e-01, 0.000000000000000e+00, 0.000000000000000e+00, 6.384806633338211e+04, 1.000000000000000e-10, 1.279155066143122e+09
560, 6.236187181000000e-01, -4.072518330000000e-02, 3.798823919212015e-01, 0.000000000000000e+00, 0.000000000000000e+00, 6.385281144490019e+04, 1.000000000000000e-10, 1.277431618061793e+09
561, 6.265779548000000e-01, -4.025493070000000e-02, 3.808533304216700e-01, 0.000000000000000e+00, 0.000000000000000e+00, 6.398370625374230e+04, 1.000000000000000e-10, 1.273647399910825e+09
562, 6.295358580000000e-01, -3.977637300000000e-02, 3.834452735995837e-01, 0.000000000000000e+00, 0.000000000000000e+00, 6.440009911539247e+04, 1.000000000000000e-10, 1.264729924701471e+09
563, 6.324917848000000e-01, -3.928575100000000e-02, 3.858160678964988e-01, 0.000000000000000e+00, 0.000000000000000e+00, 6.478511470297083e+04, 1.000000000000000e-10, 1.256748801053822e+09
564, 6.354462727000000e-01, -3.878653410000000e-02, 3.863987487336629e-01, 0.000000000000000e+00, 0.000000000000000e+00, 6.487572279730289e+04, 1.000000000000000e-10, 1.254730920098420e+09
565, 6.383993153000000e-01, -3.827883870000000e-02, 3.864620180751284e-01, 0.000000000000000e+00, 0.000000000000000e+00, 6.488800807761683e+04, 1.000000000000000e-10, 1.254551878524210e+09
566, 6.413507560000000e-01, -3.776191640000000e-02, 3.878467442636919e-01, 0.000000000000000e+00, 0.000000000000000e+00, 6.512598388153562e+04, 1.000000000000000e-10, 1.250143281921880e+09
567, 6.443000666000001e-01, -3.723297330000000e-02, 3.909926120509262e-01, 0.000000000000000e+00, 0.000000000000000e+00, 6.565700210189968e+04, 1.000000000000000e-10, 1.240134246744412e+09
568, 6.472482997000000e-01, -3.669805020000000e-02, 3.930909701965736e-01, 0.000000000000000e+00, 0.000000000000000e+00, 6.601263194039186e+04, 1.000000000000000e-10, 1.233580504223730e+09
569, 6.501967952000000e-01, -3.616457690000000e-02, 3.937664904724937e-01, 0.000000000000000e+00, 0.000000000000000e+00, 6.612872303995592e+04, 1.000000000000000e-10, 1.231504740358526e+09
570, 6.531457706000000e-01, -3.563376130000000e-02, 3.945207752397376e-01, 0.000000000000000e+00, 0.000000000000000e+00, 6.626266939503861e+04, 1.000000000000000e-10, 1.229260928983779e+09
571, 6.560947461000000e-01, -3.510294570000000e-02, 3.965953578786605e-01, 0.000000000000000e+00, 0.000000000000000e+00, 6.661535940515783e+04, 1.000000000000000e-10, 1.222884058192840e+09
572, 6.590437216000000e-01, -3.457213010000000e-02, 3.985304773933881e-01, 0.000000000000000e+00, 0.000000000000000e+00, 6.694535974460145e+04, 1.000000000000000e-10, 1.217019255297490e+09
573, 6.619929736000000e-01, -3.404285490000000e-02, 3.993262168972463e-01, 0.000000000000000e+00, 0.000000000000000e+00, 6.708502897276051e+04, 1.000000000000000e-10, 1.214683239234092e+09
574, 6.649427455000000e-01, -3.351648340000000e-02, 3.992069946098552e-01, 0.000000000000000e+00, 0.000000000000000e+00, 6.707688196940027e+04, 1.000000000000000e-10, 1.215222615892977e+09
575, 6.678917876000000e-01, -3.298604320000000e-02, 3.993710042689234e-01, 0.000000000000000e+00, 0.000000000000000e+00, 6.711831057918510e+04, 1.000000000000000e-10, 1.214925524222604e+09
576, 6.708387459000000e-01, -3.244415800000000e-02, 4.012861817430913e-01, 0.000000000000000e+00, 0.000000000000000e+00, 6.745617606406097e+04, 1.000000000000000e-10, 1.209362509055382e+09
577, 6.737831424000000e-01, -3.188851370000000e-02, 4.040926032165261e-01, 0.000000000000000e+00, 0.000000000000000e+00, 6.794063916555457e+04, 1.000000000000000e-10, 1.201146916288027e+09
578, 6.767261656000000e-01, -3.132563310000000e-02, 4.056960036980574e-01, 0.000000000000000e+00, 0.000000000000000e+00, 6.822373357648420e+04, 1.000000000000000e-10, 1.196594125415473e+09
579, 6.796692174000000e-01, -3.076290160000000e-02, 4.061141634432747e-01, 0.000000000000000e+00, 0.000000000000000e+00, 6.830814045948510e+04, 1.000000000000000e-10, 1.195551889337763e+09
580, 6.826129130000000e-01, -3.020354650000000e-02, 4.063861920528414e-01, 0.000000000000000e+00, 0.000000000000000e+00, 6.837276312523174e+04, 1.000000000000000e-10, 1.195022081339436e+09
581, 6.855566182000000e-01, -2.964424250000000e-02, 4.071611819944609e-01, 0.000000000000000e+00, 0.000000000000000e+00, 6.852231459763773e+04, 1.000000000000000e-10, 1.192998151808885e+09
582, 6.885003235000000e-01, -2.908493850000000e-02, 4.088446432218162e-01, 0.000000000000000e+00, 0.000000000000000e+00, 6.882297722068039e+04, 1.000000000000000e-10, 1.188331501991845e+09
583, 6.914440287000000e-01, -2.852563450000000e-02, 4.105252094993799e-01, 0.000000000000000e+00, 0.000000000000000e+00, 6.912059348550890e+04, 1.000000000000000e-10, 1.183673507563465e+09
584, 6.943877340000000e-01, -2.796633050000000e-02, 4.115102890125837e-01, 0.000000000000000e+00, 0.000000000000000e+00, 6.929947521362825e+04, 1.000000000000000e-10, 1.181021996487608e+09
585, 6.973314392000000e-01, -2.740702650000000e-02, 4.122141018884728e-01, 0.000000000000000e+00, 0.000000000000000e+00, 6.943052204018510e+04, 1.000000000000000e-10, 1.179179909704770e+09
586, 7.002751444999999e-01, -2.684772250000000e-02, 4.131580825791222e-01, 0.000000000000000e+00, 0.000000000000000e+00, 6.960247179807523e+04, 1.000000000000000e-10, 1.176665254328276e+09
587, 7.032188497000000e-01, -2.628841850000000e-02, 4.142329522112885e-01, 0.000000000000000e+00, 0.000000000000000e+00, 6.979739621074902e+04, 1.000000000000000e-10, 1.173802912106364e+09
588, 7.061625550000000e-01, -2.572911460000000e-02, 4.153154495053009e-01, 0.000000000000000e+00, 0.000000000000000e+00, 6.999469062916169e+04, 1.000000000000000e-10, 1.170993766465304e+09
589, 7.091062603000000e-01, -2.516981060000000e-02, 4.162297898145068e-01, 0.000000000000000e+00, 0.000000000000000e+00, 7.016486538463953e+04, 1.000000000000000e-10, 1.168640939233816e+09
590, 7.120499655000000e-01, -2.461050660000000e-02, 4.171179325274686e-01, 0.000000000000000e+00, 0.000000000000000e+00, 7.033213923981538e+04, 1.000000000000000e-10, 1.166391306487674e+09
591, 7.149936708000000e-01, -2.405120260000000e-02, 4.180212943928170e-01, 0.000000000000000e+00, 0.000000000000000e+00, 7.050360588359331e+04, 1.000000000000000e-10, 1.164129815755785e+09
592, 7.179373760000000e-01, -2.349189860000000e-02, 4.190069052527524e-01, 0.000000000000000e+00, 0.000000000000000e+00, 7.069047450203171e+04, 1.000000000000000e-10, 1.161669414370959e+09
593, 7.208810812999999e-01, -2.293259460000000e-02, 4.198956252397696e-01, 0.000000000000000e+00, 0.000000000000000e+00, 7.086236162983037e+04, 1.000000000000000e-10, 1.159505079353377e+09
594, 7.238247865000000e-01, -2.237329060000000e-02, 4.207356741345264e-01, 0.000000000000000e+00, 0.000000000000000e+00, 7.102738369702734e+04, 1.000000000000000e-10, 1.157500533429786e+09
595, 7.267684918000000e-01, -2.181398660000000e-02, 4.215477672711656e-01, 0.000000000000000e+00, 0.000000000000000e+00, 7.118905613305235e+04, 1.000000000000000e-10, 1.155597564229603e+09
596, 7.297121971000000e-01, -2.125468260000000e-02, 4.223936088810788e-01, 0.000000000000000e+00, 0.000000000000000e+00, 7.135773254117643e+04, 1.000000000000000e-10, 1.153625684016178e+09
597, 7.326559023000000e-01, -2.069537860000000e-02, 4.231070830803793e-01, 0.000000000000000e+00, 0.000000000000000e+00, 7.150532976113702e+04, 1.000000000000000e-10, 1.152037590887869e+09
598, 7.355996076000000e-01, -2.013607460000000e-02, 4.239532995254404e-01, 0.000000000000000e+00, 0.000000000000000e+00, 7.167678786074599e+04, 1.000000000000000e-10, 1.150112018928259e+09
599, 7.385433128000000e-01, -1.957677060000000e-02, 4.249307118294154e-01, 0.000000000000000e+00, 0.000000000000000e+00, 7.187209640861045e+04, 1.000000000000000e-10, 1.147859788046835e+09
600, 7.414870181000000e-01, -1.901746660000000e-02, 4.256849051357948e-01, 0.000000000000000e+00, 0.000000000000000e+00, 7.203207258818595e+04, 1.000000000000000e-10, 1.146248528219859e+09
601, 7.444307233000000e-01, -1.845816260000000e-02, 4.261726349481519e-01, 0.000000000000000e+00, 0.000000000000000e+00, 7.215128832415084e+04, 1.000000000000000e-10, 1.145413610714101e+09
602, 7.473744286000000e-01, -1.789885860000000e-02, 4.266818408401483e-01, 0.000000000000000e+00, 0.000000000000000e+00, 7.228142333672612e+04, 1.000000000000000e-10, 1.144616194195154e+09
603, 7.503181249000000e-01, -1.733950730000000e-02, 4.278014310474428e-01, 0.000000000000000e+00, 0.000000000000000e+00, 7.252430676729631e+04, 1.000000000000000e-10, 1.142306872452093e+09
604, 7.532611798000000e-01, -1.677679240000000e-02, 4.292675851001546e-01, 0.000000000000000e+00, 0.000000000000000e+00, 7.282863806627945e+04, 1.000000000000000e-10, 1.139116911492475e+09
605, 7.562042001000000e-01, -1.621389660000000e-02, 4.301121532470057e-01, 0.000000000000000e+00, 0.000000000000000e+00, 7.302849430533523e+04, 1.000000000000000e-10, 1.137598406732409e+09
606, 7.591485878000001e-01, -1.565820530000000e-02, 4.302979636475086e-01, 0.000000000000000e+00, 0.000000000000000e+00, 7.311226334049960e+04, 1.000000000000000e-10, 1.137772033762685e+09
607, 7.620955345000000e-01, -1.511625730000000e-02, 4.303001568035700e-01, 0.000000000000000e+00, 0.000000000000000e+00, 7.316301782170053e+04, 1.000000000000000e-10, 1.138407481287425e+09
608, 7.650445705000000e-01, -1.458578350000000e-02, 4.305722581240556e-01, 0.000000000000000e+00, 0.000000000000000e+00, 7.325376412071659e+04, 1.000000000000000e-10, 1.138261814782051e+09
609, 7.679943422000000e-01, -1.405941050000000e-02, 4.312854954487639e-01, 0.000000000000000e+00, 0.000000000000000e+00, 7.341693978652729e+04, 1.000000000000000e-10, 1.136919917362138e+09
610, 7.709435269000000e-01, -1.352976200000000e-02, 4.323486017221843e-01, 0.000000000000000e+00, 0.000000000000000e+00, 7.364105688245982e+04, 1.000000000000000e-10, 1.134667866598335e+09
611, 7.738917632000000e-01, -1.299485690000000e-02, 4.335343585593419e-01, 0.000000000000000e+00, 0.000000000000000e+00, 7.388511883570047e+04, 1.000000000000000e-10, 1.132084230356179e+09
612, 7.768402548000000e-01, -1.246136210000000e-02, 4.342022062234433e-01, 0.000000000000000e+00, 0.000000000000000e+00, 7.404079517572426e+04, 1.000000000000000e-10, 1.130865510532357e+09
613, 7.797903352000000e-01, -1.193673480000000e-02, 4.342496040943469e-01, 0.000000000000000e+00, 0.000000000000000e+00, 7.408522301641249e+04, 1.000000000000000e-10, 1.131173415187784e+09
614, 7.827429347000000e-01, -1.142647830000000e-02, 4.341700982968833e-01, 0.000000000000000e+00, 0.000000000000000e+00, 7.410553100433077e+04, 1.000000000000000e-10, 1.131807000818855e+09
615, 7.856972424999999e-01, -1.092619490000000e-02, 4.346195482566718e-01, 0.000000000000000e+00, 0.000000000000000e+00, 7.421051779374429e+04, 1.000000000000000e-10, 1.130988617322394e+09
616, 7.886519677000000e-01, -1.042837940000000e-02, 4.359903780004675e-01, 0.000000000000000e+00, 0.000000000000000e+00, 7.447302154131126e+04, 1.000000000000000e-10, 1.127788218088470e+09
617, 7.916060843000000e-01, -9.926965700000000e-03, 4.370998106443987e-01, 0.000000000000000e+00, 0.000000000000000e+00, 7.469032968099308e+04, 1.000000000000000e-10, 1.125263348136060e+09
618, 7.945600712999999e-01, -9.424787900000000e-03, 4.372491573111863e-01, 0.000000000000000e+00, 0.000000000000000e+00, 7.474448468714290e+04, 1.000000000000000e-10, 1.125230231581796e+09
619, 7.975140582000000e-01, -8.922610100000001e-03, 4.371871475264851e-01, 0.000000000000000e+00, 0.000000000000000e+00, 7.476630028950388e+04, 1.000000000000000e-10, 1.125788452185703e+09
620, 8.004680280000001e-01, -8.420330800000000e-03, 4.378344100448629e-01, 0.000000000000000e+00, 0.000000000000000e+00, 7.491178675646940e+04, 1.000000000000000e-10, 1.124592123965079e+09
621, 8.034213936000000e-01, -7.914512699999999e-03, 4.392322672263664e-01, 0.000000000000000e+00, 0.000000000000000e+00, 7.518865340636703e+04, 1.000000000000000e-10, 1.121472211376189e+09
622, 8.063747975000000e-01, -7.408918400000000e-03, 4.401061341783040e-01, 0.000000000000000e+00, 0.000000000000000e+00, 7.537899046526961e+04, 1.000000000000000e-10, 1.119701142699542e+09
623, 8.093295144000000e-01, -6.911064600000000e-03, 4.403496639398390e-01, 0.000000000000000e+00, 0.000000000000000e+00, 7.545743890573421e+04, 1.000000000000000e-10, 1.119525663981256e+09
624, 8.122862570000000e-01, -6.425381100000000e-03, 4.404452611260752e-01, 0.000000000000000e+00, 0.000000000000000e+00, 7.550827142628470e+04, 1.000000000000000e-10, 1.119732644150540e+09
625, 8.152444195000000e-01, -5.948422800000000e-03, 4.408689183760742e-01, 0.000000000000000e+00, 0.000000000000000e+00, 7.560863535450731e+04, 1.000000000000000e-10, 1.119001258587341e+09
626, 8.182039458000000e-01, -5.480001300000000e-03, 4.416267934505178e-01, 0.000000000000000e+00, 0.000000000000000e+00, 7.576247290844201e+04, 1.000000000000000e-10, 1.117368113810083e+09
627, 8.211648134000000e-01, -5.020132300000000e-03, 4.423052631189301e-01, 0.000000000000000e+00, 0.000000000000000e+00, 7.590107760447453e+04, 1.000000000000000e-10, 1.115897558955510e+09
628, 8.241269989000000e-01, -4.568831200000000e-03, 4.428975575470437e-01, 0.000000000000000e+00, 0.000000000000000e+00, 7.602529668478435e+04, 1.000000000000000e-10, 1.114640626118121e+09
629, 8.270904793000000e-01, -4.126113200000000e-03, 4.436021461461165e-01, 0.000000000000000e+00, 0.000000000000000e+00, 7.617130794457420e+04, 1.000000000000000e-10, 1.113182314149420e+09
630, 8.300552314000000e-01, -3.691994500000000e-03, 4.440725531637911e-01, 0.000000000000000e+00, 0.000000000000000e+00, 7.627415203008792e+04, 1.000000000000000e-10, 1.112260914167453e+09
631, 8.330216764000000e-01, -3.269608000000000e-03, 4.442622205846238e-01, 0.000000000000000e+00, 0.000000000000000e+00, 7.633266335925407e+04, 1.000000000000000e-10, 1.112096908694747e+09
632, 8.359894521000000e-01, -2.856659800000000e-03, 4.444771486881163e-01, 0.000000000000000e+00, 0.000000000000000e+00, 7.639496597209507e+04, 1.000000000000000e-10, 1.111863843745753e+09
633, 8.389574719000000e-01, -2.445467200000000e-03, 4.450560265191563e-01, 0.000000000000000e+00, 0.000000000000000e+00, 7.652544795694749e+04, 1.000000000000000e-10, 1.110797131916183e+09
634, 8.419245535000000e-01, -2.027571400000000e-03, 4.457504903960589e-01, 0.000000000000000e+00, 0.000000000000000e+00, 7.668139990848843e+04, 1.000000000000000e-10, 1.109502824875674e+09
635, 8.448907007000001e-01, -1.603081000000000e-03, 4.463589527464556e-01, 0.000000000000000e+00, 0.000000000000000e+00, 7.682865604875077e+04, 1.000000000000000e-10, 1.108506811219362e+09
636, 8.478579874000000e-01, -1.186655300000000e-03, 4.468065975417301e-01, 0.000000000000000e+00, 0.000000000000000e+00, 7.694741358359845e+04, 1.000000000000000e-10, 1.107885750047626e+09
637, 8.508284127000000e-01, -7.933073000000000e-04, 4.469842096600134e-01, 0.000000000000000e+00, 0.000000000000000e+00, 7.701251180897071e+04, 1.000000000000000e-10, 1.107793686002086e+09
638, 8.538020126000000e-01, -4.246734000000000e-04, 4.471023285118633e-01, 0.000000000000000e+00, 0.000000000000000e+00, 7.706304332982581e+04, 1.000000000000000e-10, 1.107916307254457e+09
639, 8.567775810000000e-01, -7.225130000000000e-05, 4.475012747890404e-01, 0.000000000000000e+00, 0.000000000000000e+00, 7.715447970490155e+04, 1.000000000000000e-10, 1.107193749761949e+09
640, 8.597541393000000e-01, 2.717253000000000e-04, 4.482783040293376e-01, 0.000000000000000e+00, 0.000000000000000e+00, 7.730939401757497e+04, 1.000000000000000e-10, 1.105497418471255e+09
641, 8.627313085000000e-01, 6.103705000000000e-04, 4.487009189464182e-01, 0.000000000000000e+00, 0.000000000000000e+00, 7.739953683371142e+04, 1.000000000000000e-10, 1.104639175303396e+09
642, 8.657094571000000e-01, 9.402886000000000e-04, 4.487529285246113e-01, 0.000000000000000e+00, 0.000000000000000e+00, 7.743045738102758e+04, 1.000000000000000e-10, 1.104773912873860e+09
643, 8.686885639000000e-01, 1.261439300000000e-03, 4.489012339792589e-01, 0.000000000000000e+00, 0.000000000000000e+00, 7.747857875105531e+04, 1.000000000000000e-10, 1.104670639867441e+09
644, 8.716684840000000e-01, 1.574958600000000e-03, 4.496416634329538e-01, 0.000000000000000e+00, 0.000000000000000e+00, 7.763511962071952e+04, 1.000000000000000e-10, 1.103194429104147e+09
645, 8.746489628000000e-01, 1.883117200000000e-03, 4.503733708984808e-01, 0.000000000000000e+00, 0.000000000000000e+00, 7.779336747677121e+04, 1.000000000000000e-10, 1.101770229373490e+09
646, 8.776306820999999e-01, 2.179005900000000e-03, 4.505257221685757e-01, 0.000000000000000e+00, 0.000000000000000e+00, 7.785142172278283e+04, 1.000000000000000e-10, 1.101754469309865e+09
647, 8.806143131000000e-01, 2.454910800000000e-03, 4.504624947546658e-01, 0.000000000000000e+00, 0.000000000000000e+00, 7.787234559460075e+04, 1.000000000000000e-10, 1.102276244110935e+09
648, 8.835997117000000e-01, 2.711016100000000e-03, 4.506547681611503e-01, 0.000000000000000e+00, 0.000000000000000e+00, 7.793270580378729e+04, 1.000000000000000e-10, 1.102142611107477e+09
649, 8.865865769000000e-01, 2.949408900000000e-03, 4.512767888130034e-01, 0.000000000000000e+00, 0.000000000000000e+00, 7.806660307451265e+04, 1.000000000000000e-10, 1.100925783934758e+09
650, 8.895748055000000e-01, 3.170055600000000e-03, 4.516580866344138e-01, 0.000000000000000e+00, 0.000000000000000e+00, 7.815315789326187e+04, 1.000000000000000e-10, 1.100186862307399e+09
651, 8.925644546000000e-01, 3.370490400000000e-03, 4.516946524470791e-01, 0.000000000000000e+00, 0.000000000000000e+00, 7.818143636985234e+04, 1.000000000000000e-10, 1.100363960386224e+09
652, 8.955553676000000e-01, 3.551155100000000e-03, 4.516308183019465e-01, 0.000000000000000e+00, 0.000000000000000e+00, 7.818803215967132e+04, 1.000000000000000e-10, 1.100722079187786e+09
653, 8.985469777000000e-01, 3.719930400000000e-03, 4.517218005769501e-01, 0.000000000000000e+00, 0.000000000000000e+00, 7.822118530560377e+04, 1.000000000000000e-10, 1.100704502089456e+09
654, 9.015387704000000e-01, 3.885451900000000e-03, 4.520179266911000e-01, 0.000000000000000e+00, 0.000000000000000e+00, 7.829486476052721e+04, 1.000000000000000e-10, 1.100253545914197e+09
655, 9.045306080000000e-01, 4.050146900000000e-03, 4.524918037086657e-01, 0.000000000000000e+00, 0.000000000000000e+00, 7.840175150563786e+04, 1.000000000000000e-10, 1.099384375422816e+09
656, 9.075232441000000e-01, 4.199497100000000e-03, 4.528237212150668e-01, 0.000000000000000e+00, 0.000000000000000e+00, 7.848500850611032e+04, 1.000000000000000e-10, 1.098884480640507e+09
657, 9.105172638000000e-01, 4.317576000000000e-03, 4.528444376991959e-01, 0.000000000000000e+00, 0.000000000000000e+00, 7.850725910698717e+04, 1.000000000000000e-10, 1.099046769933501e+09
658, 9.135124732000000e-01, 4.400428400000000e-03, 4.527000889509378e-01, 0.000000000000000e+00, 0.000000000000000e+00, 7.849683286187076e+04, 1.000000000000000e-10, 1.099563602252388e+09
659, 9.165083028000000e-01, 4.456858500000000e-03, 4.526526884241711e-01, 0.000000000000000e+00, 0.000000000000000e+00, 7.849679662257222e+04, 1.000000000000000e-10, 1.099740779423546e+09
660, 9.195044264000000e-01, 4.494915400000000e-03, 4.528510561416050e-01, 0.000000000000000e+00, 0.000000000000000e+00, 7.854202949559099e+04, 1.000000000000000e-10, 1.099392869239691e+09
661, 9.225006781000000e-01, 4.521098200000000e-03, 4.530072616535797e-01, 0.000000000000000e+00, 0.000000000000000e+00, 7.858499658506572e+04, 1.000000000000000e-10, 1.099201270716791e+09
662, 9.254970225000000e-01, 4.531556300000000e-03, 4.530135151839857e-01, 0.000000000000000e+00, 0.000000000000000e+00, 7.860878326984082e+04, 1.000000000000000e-10, 1.099444399633144e+09
663, 9.284933501000000e-01, 4.518230800000000e-03, 4.528945091281015e-01, 0.000000000000000e+00, 0.000000000000000e+00, 7.861056111157697e+04, 1.000000000000000e-10, 1.100001798876112e+09
664, 9.314893480999999e-01, 4.472444700000000e-03, 4.525920622451467e-01, 0.000000000000000e+00, 0.000000000000000e+00, 7.857371067734277e+04, 1.000000000000000e-10, 1.100915196885193e+09
665, 9.344846103000000e-01, 4.391470900000000e-03, 4.521593363706741e-01, 0.000000000000000e+00, 0.000000000000000e+00, 7.851081083841585e+04, 1.000000000000000e-10, 1.102108374588442e+09
666, 9.374792507000000e-01, 4.289801600000000e-03, 4.517375738364861e-01, 0.000000000000000e+00, 0.000000000000000e+00, 7.844453736596272e+04, 1.000000000000000e-10, 1.103182147382383e+09
667, 9.404737331000000e-01, 4.183520900000000e-03, 4.515164154518568e-01, 0.000000000000000e+00, 0.000000000000000e+00, 7.841677098796448e+04, 1.000000000000000e-10, 1.103877488199918e+09
668, 9.434683278000000e-01, 4.080451000000000e-03, 4.514758312900464e-01, 0.000000000000000e+00, 0.000000000000000e+00, 7.842518911475931e+04, 1.000000000000000e-10, 1.104153811302335e+09
669, 9.464625694000000e-01, 3.967701700000000e-03, 4.513311098042296e-01, 0.000000000000000e+00, 0.000000000000000e+00, 7.841942220644867e+04, 1.000000000000000e-10, 1.104681829869386e+09
670, 9.494557192999999e-01, 3.829211000000000e-03, 4.509824896396716e-01, 0.000000000000000e+00, 0.000000000000000e+00, 7.837307707617104e+04, 1.000000000000000e-10, 1.105699005497833e+09
671, 9.524469545000001e-01, 3.654174900000000e-03, 4.504785384491831e-01, 0.000000000000000e+00, 0.000000000000000e+00, 7.829592399769265e+04, 1.000000000000000e-10, 1.107095164461915e+09
672, 9.554363444000000e-01, 3.449926600000000e-03, 4.498994679305114e-01, 0.000000000000000e+00, 0.000000000000000e+00, 7.819823740411531e+04, 1.000000000000000e-10, 1.108554231255494e+09
673, 9.584242260000000e-01, 3.224624800000000e-03, 4.493339685391898e-01, 0.000000000000000e+00, 0.000000000000000e+00, 7.810043535910764e+04, 1.000000000000000e-10, 1.109924498587025e+09
674, 9.614110739000000e-01, 2.985978000000000e-03, 4.489235922167840e-01, 0.000000000000000e+00, 0.000000000000000e+00, 7.803218333769127e+04, 1.000000000000000e-10, 1.111009654282164e+09
675, 9.643968526000000e-01, 2.734335600000000e-03, 4.487606906001046e-01, 0.000000000000000e+00, 0.000000000000000e+00, 7.800432540270040e+04, 1.000000000000000e-10, 1.111395856947896e+09
676, 9.673808280000000e-01, 2.462191300000000e-03, 4.482127406015224e-01, 0.000000000000000e+00, 0.000000000000000e+00, 7.790109270907713e+04, 1.000000000000000e-10, 1.112657019737316e+09
677, 9.703620847000000e-01, 2.161784500000000e-03, 4.471008504904160e-01, 0.000000000000000e+00, 0.000000000000000e+00, 7.768040839712963e+04, 1.000000000000000e-10, 1.115101266835780e+09
678, 9.733402982000000e-01, 1.832532300000000e-03, 4.460302371395663e-01, 0.000000000000000e+00, 0.000000000000000e+00, 7.744823783482562e+04, 1.000000000000000e-10, 1.117248202732125e+09
679, 9.763154943000000e-01, 1.477044900000000e-03, 4.460293696628946e-01, 0.000000000000000e+00, 0.000000000000000e+00, 7.737820645814529e+04, 1.000000000000000e-10, 1.116430313719332e+09
680, 9.792874526000001e-01, 1.095432300000000e-03, 4.470233336513273e-01, 0.000000000000000e+00, 0.000000000000000e+00, 7.745592405535141e+04, 1.000000000000000e-10, 1.112843344294632e+09
681, 9.822556855000000e-01, 6.858801000000000e-04, 4.455557819034078e-01, 0.000000000000000e+00, 0.000000000000000e+00, 7.709017957442571e+04, 1.000000000000000e-10, 1.115196561318878e+09
682, 9.852198673000000e-01, 2.479352000000000e-04, 4.412952002814062e-01, 0.000000000000000e+00, 0.000000000000000e+00, 7.622618258210096e+04, 1.000000000000000e-10, 1.124440282781051e+09
683, 9.881808922000000e-01, -2.108983000000000e-04, 4.375607878041515e-01, 0.000000000000000e+00, 0.000000000000000e+00, 7.544353514800532e+04, 1.000000000000000e-10, 1.132346102692041e+09
684, 9.911395461000000e-01, -6.847765000000000e-04, 4.449469872894193e-01, 0.000000000000000e+00, 0.000000000000000e+00, 7.658678963125947e+04, 1.000000000000000e-10, 1.112003801479090e+09
685, 9.940944037000000e-01, -1.181769000000000e-03, 4.531538853596915e-01, 0.000000000000000e+00, 0.000000000000000e+00, 7.790837829970807e+04, 1.000000000000000e-10, 1.090834588581515e+09
686, 9.970470357000000e-01, -1.691851000000000e-03, 4.399930034522209e-01, 0.000000000000000e+00, 0.000000000000000e+00, 7.559704960758625e+04, 1.000000000000000e-10, 1.122873920395963e+09
687, 1.000000000000000e+00, 5.500000000000000e-04, 3.286311665885962e-01, 0.000000000000000e+00, 0.000000000000000e+00, 5.636189481281339e+04, 1.000000000000000e-10, 1.501162029395872e+09
