"PointID","x","y","Density","Momentum_x","Momentum_y","Energy","Turb_Kin_Energy","Omega"
0, 1.000000000000000e+00, 3.300000000000000e-03, 3.681623096238418e-01, 0.000000000000000e+00, 0.000000000000000e+00, 6.424571760171383e+04, 1.000000000000000e-10, 1.359019469464926e+09
1, 1.000000000000000e+00, -2.200000000000000e-03, 3.749164587516182e-01, 0.000000000000000e+00, 0.000000000000000e+00, 6.553145063326288e+04, 1.000000000000000e-10, 1.336310590299860e+09
6, 9.970624071000000e-01, 3.890565800000000e-03, 4.183052030116733e-01, 0.000000000000000e+00, 0.000000000000000e+00, 7.292565302374680e+04, 1.000000000000000e-10, 1.195156736883440e+09
7, 9.941250122000000e-01, 4.482116400000000e-03, 4.278850315393288e-01, 0.000000000000000e+00, 0.000000000000000e+00, 7.453789477321219e+04, 1.000000000000000e-10, 1.167663580488067e+09
8, 9.911863511000000e-01, 5.067337600000000e-03, 4.133420912676399e-01, 0.000000000000000e+00, 0.000000000000000e+00, 7.190751145792956e+04, 1.000000000000000e-10, 1.207477786208212e+09
9, 9.882453375000000e-01, 5.640619800000000e-03, 4.067797083687344e-01, 0.000000000000000e+00, 0.000000000000000e+00, 7.063638188750262e+04, 1.000000000000000e-10, 1.225131490743351e+09
10, 9.853025951000000e-01, 6.204961100000000e-03, 4.093261874775675e-01, 0.000000000000000e+00, 0.000000000000000e+00, 7.094232317757682e+04, 1.000000000000000e-10, 1.215545139049115e+09
11, 9.823582610000000e-01, 6.760941000000000e-03, 4.123769824304388e-01, 0.000000000000000e+00, 0.000000000000000e+00, 7.133327014437411e+04, 1.000000000000000e-10, 1.204688232934373e+09
12, 9.794123284000000e-01, 7.308384000000000e-03, 4.113202485044083e-01, 0.000000000000000e+00, 0.000000000000000e+00, 7.101899235267771e+04, 1.000000000000000e-10, 1.205971096527874e+09
13, 9.764641925999999e-01, 7.843832699999999e-03, 4.087771145983253e-01, 0.000000000000000e+00, 0.000000000000000e+00, 7.046512146427250e+04, 1.000000000000000e-10, 1.211865966628827e+09
14, 9.735146296000000e-01, 8.371372199999999e-03, 4.081523283957901e-01, 0.000000000000000e+00, 0.000000000000000e+00, 7.026317855902684e+04, 1.000000000000000e-10, 1.212381669679341e+09
15, 9.705649844999999e-01, 8.898453400000001e-03, 4.083263770580965e-01, 0.000000000000000e+00, 0.000000000000000e+00, 7.021511568871356e+04, 1.000000000000000e-10, 1.210768071941612e+09
16, 9.676163612000001e-01, 9.431218700000001e-03, 4.082586074763917e-01, 0.000000000000000e+00, 0.000000000000000e+00, 7.013911784185111e+04, 1.000000000000000e-10, 1.210063837962477e+09
17, 9.646681685000000e-01, 9.966365099999999e-03, 4.074071071713748e-01, 0.000000000000000e+00, 0.000000000000000e+00, 6.994196847198672e+04, 1.000000000000000e-10, 1.211869080545921e+09
18, 9.617190649000000e-01, 1.049646250000000e-02, 4.059567981245862e-01, 0.000000000000000e+00, 0.000000000000000e+00, 6.965465899477221e+04, 1.000000000000000e-10, 1.215689707310546e+09
19, 9.587677714000000e-01, 1.101421520000000e-02, 4.041522727199097e-01, 0.000000000000000e+00, 0.000000000000000e+00, 6.931754353455199e+04, 1.000000000000000e-10, 1.220722693734435e+09
20, 9.558141732000000e-01, 1.151866560000000e-02, 4.025769983329980e-01, 0.000000000000000e+00, 0.000000000000000e+00, 6.902735806486844e+04, 1.000000000000000e-10, 1.225205970478018e+09
21, 9.528595023999999e-01, 1.201680390000000e-02, 4.020165806598122e-01, 0.000000000000000e+00, 0.000000000000000e+00, 6.891501934817081e+04, 1.000000000000000e-10, 1.226677925967308e+09
22, 9.499050355999999e-01, 1.251614840000000e-02, 4.020165535922932e-01, 0.000000000000000e+00, 0.000000000000000e+00, 6.890043456548083e+04, 1.000000000000000e-10, 1.226419222778034e+09
23, 9.469515835000000e-01, 1.302146080000000e-02, 4.016919565886265e-01, 0.000000000000000e+00, 0.000000000000000e+00, 6.883093071439750e+04, 1.000000000000000e-10, 1.227228671870454e+09
24, 9.439982552000000e-01, 1.352749770000000e-02, 4.003019770029289e-01, 0.000000000000000e+00, 0.000000000000000e+00, 6.857941073667622e+04, 1.000000000000000e-10, 1.231320417114918e+09
25, 9.410437731000000e-01, 1.402674480000000e-02, 3.979697012185764e-01, 0.000000000000000e+00, 0.000000000000000e+00, 6.816681004168464e+04, 1.000000000000000e-10, 1.238343178787951e+09
26, 9.380870172000000e-01, 1.451233270000000e-02, 3.964696873945316e-01, 0.000000000000000e+00, 0.000000000000000e+00, 6.789739390957059e+04, 1.000000000000000e-10, 1.242840430553153e+09
27, 9.351283061000000e-01, 1.498587720000000e-02, 3.964603256840820e-01, 0.000000000000000e+00, 0.000000000000000e+00, 6.788448655231866e+04, 1.000000000000000e-10, 1.242695419101879e+09
28, 9.321688618000000e-01, 1.545482400000000e-02, 3.967893518725654e-01, 0.000000000000000e+00, 0.000000000000000e+00, 6.793078527575906e+04, 1.000000000000000e-10, 1.241515167773753e+09
29, 9.292098398000000e-01, 1.592642560000000e-02, 3.964006443125461e-01, 0.000000000000000e+00, 0.000000000000000e+00, 6.785495012645036e+04, 1.000000000000000e-10, 1.242593734678669e+09
30, 9.262511042000000e-01, 1.639982330000000e-02, 3.947660222061772e-01, 0.000000000000000e+00, 0.000000000000000e+00, 6.756647460765450e+04, 1.000000000000000e-10, 1.247593692045623e+09
31, 9.232923687000000e-01, 1.687322100000000e-02, 3.929589505594112e-01, 0.000000000000000e+00, 0.000000000000000e+00, 6.724894747471639e+04, 1.000000000000000e-10, 1.253213517241794e+09
32, 9.203336331000000e-01, 1.734661870000000e-02, 3.927872509996239e-01, 0.000000000000000e+00, 0.000000000000000e+00, 6.721224312707770e+04, 1.000000000000000e-10, 1.253632037669478e+09
33, 9.173752952000001e-01, 1.782249320000000e-02, 3.926683399993136e-01, 0.000000000000000e+00, 0.000000000000000e+00, 6.718484473331750e+04, 1.000000000000000e-10, 1.253914583774977e+09
34, 9.144172403000000e-01, 1.830012520000000e-02, 3.916329603165576e-01, 0.000000000000000e+00, 0.000000000000000e+00, 6.700081975209828e+04, 1.000000000000000e-10, 1.257147433430930e+09
35, 9.114582624000001e-01, 1.877199790000000e-02, 3.896444020266371e-01, 0.000000000000000e+00, 0.000000000000000e+00, 6.665344182292947e+04, 1.000000000000000e-10, 1.263452273180405e+09
36, 9.084972381000000e-01, 1.923083950000000e-02, 3.881693450204643e-01, 0.000000000000000e+00, 0.000000000000000e+00, 6.639361325742629e+04, 1.000000000000000e-10, 1.268135701038762e+09
37, 9.055342297000000e-01, 1.967670440000000e-02, 3.876185121331541e-01, 0.000000000000000e+00, 0.000000000000000e+00, 6.629245931335469e+04, 1.000000000000000e-10, 1.269829291819137e+09
38, 9.025703724000000e-01, 2.011689840000000e-02, 3.875298022491528e-01, 0.000000000000000e+00, 0.000000000000000e+00, 6.627134617146812e+04, 1.000000000000000e-10, 1.269997144395025e+09
39, 8.996067964000000e-01, 2.055898050000000e-02, 3.874458189478380e-01, 0.000000000000000e+00, 0.000000000000000e+00, 6.625211905385301e+04, 1.000000000000000e-10, 1.270196260623970e+09
40, 8.966435791000000e-01, 2.100346310000000e-02, 3.870835986420276e-01, 0.000000000000000e+00, 0.000000000000000e+00, 6.618580465846388e+04, 1.000000000000000e-10, 1.271316230692600e+09
41, 8.936803618000000e-01, 2.144794570000000e-02, 3.862641913299496e-01, 0.000000000000000e+00, 0.000000000000000e+00, 6.604152603635797e+04, 1.000000000000000e-10, 1.273947440697545e+09
42, 8.907171444000000e-01, 2.189242830000000e-02, 3.856055401295189e-01, 0.000000000000000e+00, 0.000000000000000e+00, 6.592418031640009e+04, 1.000000000000000e-10, 1.276048651038276e+09
43, 8.877539271000000e-01, 2.233691090000000e-02, 3.846400404493989e-01, 0.000000000000000e+00, 0.000000000000000e+00, 6.575364959122054e+04, 1.000000000000000e-10, 1.279164864606158e+09
44, 8.847907098000000e-01, 2.278139350000000e-02, 3.828032523852942e-01, 0.000000000000000e+00, 0.000000000000000e+00, 6.543300223015765e+04, 1.000000000000000e-10, 1.285216276739526e+09
45, 8.818274925000000e-01, 2.322587610000000e-02, 3.818309228435606e-01, 0.000000000000000e+00, 0.000000000000000e+00, 6.525955961411961e+04, 1.000000000000000e-10, 1.288372314518823e+09
46, 8.788643591999999e-01, 2.367091770000000e-02, 3.819630265000495e-01, 0.000000000000000e+00, 0.000000000000000e+00, 6.527513675050322e+04, 1.000000000000000e-10, 1.287793217162476e+09
47, 8.759017882000000e-01, 2.411968790000000e-02, 3.818417429208886e-01, 0.000000000000000e+00, 0.000000000000000e+00, 6.524742616786333e+04, 1.000000000000000e-10, 1.288126578741237e+09
48, 8.729389200000000e-01, 2.456648860000000e-02, 3.806261142778548e-01, 0.000000000000000e+00, 0.000000000000000e+00, 6.503250685472367e+04, 1.000000000000000e-10, 1.292123731841595e+09
49, 8.699746207000000e-01, 2.500367940000000e-02, 3.784239517748753e-01, 0.000000000000000e+00, 0.000000000000000e+00, 6.464861738944802e+04, 1.000000000000000e-10, 1.299531334266173e+09
50, 8.670081947000000e-01, 2.542619980000000e-02, 3.770638852530356e-01, 0.000000000000000e+00, 0.000000000000000e+00, 6.440808263506183e+04, 1.000000000000000e-10, 1.304031971430988e+09
51, 8.640404269000000e-01, 2.583920470000000e-02, 3.772123916889650e-01, 0.000000000000000e+00, 0.000000000000000e+00, 6.442623677147421e+04, 1.000000000000000e-10, 1.303439974423862e+09
52, 8.610724042000000e-01, 2.625037680000000e-02, 3.778366365483656e-01, 0.000000000000000e+00, 0.000000000000000e+00, 6.452691252732730e+04, 1.000000000000000e-10, 1.301188600077538e+09
53, 8.581049055000000e-01, 2.666531320000000e-02, 3.779519752638966e-01, 0.000000000000000e+00, 0.000000000000000e+00, 6.454180960549554e+04, 1.000000000000000e-10, 1.300712489006722e+09
54, 8.551374771000000e-01, 2.708075320000000e-02, 3.770926669198464e-01, 0.000000000000000e+00, 0.000000000000000e+00, 6.439107714825099e+04, 1.000000000000000e-10, 1.303587040489966e+09
55, 8.521700487000000e-01, 2.749619320000000e-02, 3.757965158563266e-01, 0.000000000000000e+00, 0.000000000000000e+00, 6.416481062759209e+04, 1.000000000000000e-10, 1.308000943495155e+09
56, 8.492026203000000e-01, 2.791163320000000e-02, 3.749956796335718e-01, 0.000000000000000e+00, 0.000000000000000e+00, 6.402159580795122e+04, 1.000000000000000e-10, 1.310685961957354e+09
57, 8.462351919000000e-01, 2.832707310000000e-02, 3.737845095338734e-01, 0.000000000000000e+00, 0.000000000000000e+00, 6.380694329681437e+04, 1.000000000000000e-10, 1.314800409074589e+09
58, 8.432677635000000e-01, 2.874251310000000e-02, 3.730607059300464e-01, 0.000000000000000e+00, 0.000000000000000e+00, 6.367352190681013e+04, 1.000000000000000e-10, 1.317187799432165e+09
59, 8.403003351000000e-01, 2.915795310000000e-02, 3.730342263157362e-01, 0.000000000000000e+00, 0.000000000000000e+00, 6.365712970749156e+04, 1.000000000000000e-10, 1.317080595232033e+09
60, 8.373332662000000e-01, 2.957595020000000e-02, 3.729348277081384e-01, 0.000000000000000e+00, 0.000000000000000e+00, 6.362720644244162e+04, 1.000000000000000e-10, 1.317212396877588e+09
61, 8.343664342000000e-01, 2.999562810000000e-02, 3.719212032385164e-01, 0.000000000000000e+00, 0.000000000000000e+00, 6.344021989204684e+04, 1.000000000000000e-10, 1.320555709412724e+09
62, 8.313987667000000e-01, 3.040934680000000e-02, 3.700022782418078e-01, 0.000000000000000e+00, 0.000000000000000e+00, 6.309774613955017e+04, 1.000000000000000e-10, 1.327162113894317e+09
63, 8.284292787999999e-01, 3.080977400000000e-02, 3.687202010155228e-01, 0.000000000000000e+00, 0.000000000000000e+00, 6.286231641564178e+04, 1.000000000000000e-10, 1.331478225483830e+09
64, 8.254580666000000e-01, 3.119721670000000e-02, 3.685247357303864e-01, 0.000000000000000e+00, 0.000000000000000e+00, 6.281247452541914e+04, 1.000000000000000e-10, 1.331898194748499e+09
65, 8.224861366000000e-01, 3.157912440000000e-02, 3.688631051233662e-01, 0.000000000000000e+00, 0.000000000000000e+00, 6.285509143630358e+04, 1.000000000000000e-10, 1.330402672297773e+09
66, 8.195144758000000e-01, 3.196311810000000e-02, 3.691129279964258e-01, 0.000000000000000e+00, 0.000000000000000e+00, 6.288511820404278e+04, 1.000000000000000e-10, 1.329244310577047e+09
67, 8.165431104999999e-01, 3.234939560000000e-02, 3.689285917878550e-01, 0.000000000000000e+00, 0.000000000000000e+00, 6.284376037748471e+04, 1.000000000000000e-10, 1.329764271725628e+09
68, 8.135717453000000e-01, 3.273567310000000e-02, 3.683084956761870e-01, 0.000000000000000e+00, 0.000000000000000e+00, 6.273093460680286e+04, 1.000000000000000e-10, 1.331878180255250e+09
69, 8.106003801000000e-01, 3.312195060000000e-02, 3.676926988901474e-01, 0.000000000000000e+00, 0.000000000000000e+00, 6.262041514827593e+04, 1.000000000000000e-10, 1.334017485413200e+09
70, 8.076290148000000e-01, 3.350822810000000e-02, 3.666753338363061e-01, 0.000000000000000e+00, 0.000000000000000e+00, 6.244047538878067e+04, 1.000000000000000e-10, 1.337601891083772e+09
71, 8.046576496000000e-01, 3.389450560000000e-02, 3.649478197452448e-01, 0.000000000000000e+00, 0.000000000000000e+00, 6.213703670407822e+04, 1.000000000000000e-10, 1.343816150222177e+09
72, 8.016862843000000e-01, 3.428078300000000e-02, 3.641840333028543e-01, 0.000000000000000e+00, 0.000000000000000e+00, 6.199617175716101e+04, 1.000000000000000e-10, 1.346400686702376e+09
73, 7.987150113000000e-01, 3.466776800000000e-02, 3.645571759318962e-01, 0.000000000000000e+00, 0.000000000000000e+00, 6.204868422101369e+04, 1.000000000000000e-10, 1.344783808348770e+09
74, 7.957442224000000e-01, 3.505845300000000e-02, 3.645906916497602e-01, 0.000000000000000e+00, 0.000000000000000e+00, 6.204306119101051e+04, 1.000000000000000e-10, 1.344549072189334e+09
75, 7.927731192000000e-01, 3.544673620000000e-02, 3.633279322580974e-01, 0.000000000000000e+00, 0.000000000000000e+00, 6.181665905272424e+04, 1.000000000000000e-10, 1.349016606717807e+09
76, 7.898007096000000e-01, 3.582487200000000e-02, 3.610567966091939e-01, 0.000000000000000e+00, 0.000000000000000e+00, 6.141663713442446e+04, 1.000000000000000e-10, 1.357230603661160e+09
77, 7.868264558000000e-01, 3.618821970000000e-02, 3.599479281702241e-01, 0.000000000000000e+00, 0.000000000000000e+00, 6.121141301093507e+04, 1.000000000000000e-10, 1.361133916460254e+09
78, 7.838510978000000e-01, 3.654242800000000e-02, 3.605147112855362e-01, 0.000000000000000e+00, 0.000000000000000e+00, 6.129010466878772e+04, 1.000000000000000e-10, 1.358673235902909e+09
79, 7.808755783000000e-01, 3.689528040000000e-02, 3.615204764816830e-01, 0.000000000000000e+00, 0.000000000000000e+00, 6.144489501166060e+04, 1.000000000000000e-10, 1.354581416371331e+09
80, 7.779005125000000e-01, 3.725193850000000e-02, 3.619358316968880e-01, 0.000000000000000e+00, 0.000000000000000e+00, 6.150084406992081e+04, 1.000000000000000e-10, 1.352763409057531e+09
81, 7.749254880000001e-01, 3.760894140000000e-02, 3.609127919817433e-01, 0.000000000000000e+00, 0.000000000000000e+00, 6.131437802884923e+04, 1.000000000000000e-10, 1.356358858813755e+09
82, 7.719504636000000e-01, 3.796594440000000e-02, 3.595289849130345e-01, 0.000000000000000e+00, 0.000000000000000e+00, 6.106854179021798e+04, 1.000000000000000e-10, 1.361363985795270e+09
83, 7.689754391000000e-01, 3.832294730000000e-02, 3.586773402833627e-01, 0.000000000000000e+00, 0.000000000000000e+00, 6.091145571685534e+04, 1.000000000000000e-10, 1.364368673172720e+09
84, 7.660004146000000e-01, 3.867995020000000e-02, 3.577733028177419e-01, 0.000000000000000e+00, 0.000000000000000e+00, 6.074319657130330e+04, 1.000000000000000e-10, 1.367544847989478e+09
85, 7.630253902000000e-01, 3.903695320000000e-02, 3.575422845635521e-01, 0.000000000000000e+00, 0.000000000000000e+00, 6.068697523359316e+04, 1.000000000000000e-10, 1.368114925195858e+09
86, 7.600503657000000e-01, 3.939395610000000e-02, 3.579395137413449e-01, 0.000000000000000e+00, 0.000000000000000e+00, 6.073834095739153e+04, 1.000000000000000e-10, 1.366301079732688e+09
87, 7.570757010000000e-01, 3.975394130000000e-02, 3.578502362266247e-01, 0.000000000000000e+00, 0.000000000000000e+00, 6.071011476344310e+04, 1.000000000000000e-10, 1.366401475842109e+09
88, 7.541011654999999e-01, 4.011499540000000e-02, 3.564227617267895e-01, 0.000000000000000e+00, 0.000000000000000e+00, 6.045875498479068e+04, 1.000000000000000e-10, 1.371733426539258e+09
89, 7.511258242000000e-01, 4.046933410000000e-02, 3.539346494327760e-01, 0.000000000000000e+00, 0.000000000000000e+00, 6.002869479436722e+04, 1.000000000000000e-10, 1.381225687811076e+09
90, 7.481488621000000e-01, 4.080977130000000e-02, 3.528853122004127e-01, 0.000000000000000e+00, 0.000000000000000e+00, 5.984220566105597e+04, 1.000000000000000e-10, 1.385150974532485e+09
91, 7.451704939000000e-01, 4.113770130000000e-02, 3.538373750398371e-01, 0.000000000000000e+00, 0.000000000000000e+00, 5.999726565852294e+04, 1.000000000000000e-10, 1.381307857878045e+09
92, 7.421915967000000e-01, 4.146079960000000e-02, 3.550526354415812e-01, 0.000000000000000e+00, 0.000000000000000e+00, 6.020265606630957e+04, 1.000000000000000e-10, 1.376567409610674e+09
93, 7.392129909000000e-01, 4.178657100000000e-02, 3.552541547980625e-01, 0.000000000000000e+00, 0.000000000000000e+00, 6.024194747378429e+04, 1.000000000000000e-10, 1.375882287812420e+09
94, 7.362345880000000e-01, 4.211419530000000e-02, 3.536471736151560e-01, 0.000000000000000e+00, 0.000000000000000e+00, 5.998087791413040e+04, 1.000000000000000e-10, 1.382354610975425e+09
95, 7.332561850000000e-01, 4.244181960000000e-02, 3.523725444856358e-01, 0.000000000000000e+00, 0.000000000000000e+00, 5.978304202186511e+04, 1.000000000000000e-10, 1.387735552974581e+09
96, 7.302777821000001e-01, 4.276944400000000e-02, 3.527481197828162e-01, 0.000000000000000e+00, 0.000000000000000e+00, 5.987301790673344e+04, 1.000000000000000e-10, 1.386755662130140e+09
97, 7.272996700000000e-01, 4.309969770000000e-02, 3.528688909553453e-01, 0.000000000000000e+00, 0.000000000000000e+00, 5.992989237207981e+04, 1.000000000000000e-10, 1.386969849720272e+09
98, 7.243217382000000e-01, 4.343157600000000e-02, 3.514293996004818e-01, 0.000000000000000e+00, 0.000000000000000e+00, 5.973475694707727e+04, 1.000000000000000e-10, 1.393555412152457e+09
99, 7.213431270000000e-01, 4.375728880000000e-02, 3.486131247390728e-01, 0.000000000000000e+00, 0.000000000000000e+00, 5.931964288775924e+04, 1.000000000000000e-10, 1.406045972404855e+09
100, 7.183630640000001e-01, 4.406941800000000e-02, 3.471244408979197e-01, 0.000000000000000e+00, 0.000000000000000e+00, 5.914511089026308e+04, 1.000000000000000e-10, 1.413651703972064e+09
101, 7.153816632000000e-01, 4.436852160000000e-02, 3.476213154852235e-01, 0.000000000000000e+00, 0.000000000000000e+00, 5.932505375029170e+04, 1.000000000000000e-10, 1.413486646118467e+09
102, 7.123997234000000e-01, 4.466221600000000e-02, 3.484084129700749e-01, 0.000000000000000e+00, 0.000000000000000e+00, 5.957153437342631e+04, 1.000000000000000e-10, 1.412386220639247e+09
103, 7.094180101999999e-01, 4.495819900000000e-02, 3.482626156386175e-01, 0.000000000000000e+00, 0.000000000000000e+00, 5.967122707702025e+04, 1.000000000000000e-10, 1.415466078053046e+09
104, 7.064365126000000e-01, 4.525634870000000e-02, 3.467608296409641e-01, 0.000000000000000e+00, 0.000000000000000e+00, 5.954892809941497e+04, 1.000000000000000e-10, 1.424231724180769e+09
105, 7.034550149000000e-01, 4.555449850000000e-02, 3.448591651684879e-01, 0.000000000000000e+00, 0.000000000000000e+00, 5.935669077260135e+04, 1.000000000000000e-10, 1.434688089880623e+09
106, 7.004735172000000e-01, 4.585264830000000e-02, 3.437721997086304e-01, 0.000000000000000e+00, 0.000000000000000e+00, 5.929157466013472e+04, 1.000000000000000e-10, 1.441641842569341e+09
107, 6.974920194999999e-01, 4.615079800000000e-02, 3.412777763579738e-01, 0.000000000000000e+00, 0.000000000000000e+00, 5.897212211473568e+04, 1.000000000000000e-10, 1.454404571410517e+09
108, 6.945105217999999e-01, 4.644894780000000e-02, 3.384674936572472e-01, 0.000000000000000e+00, 0.000000000000000e+00, 5.859563921106043e+04, 1.000000000000000e-10, 1.468725366734298e+09
109, 6.915290242000000e-01, 4.674709760000000e-02, 3.375608358640024e-01, 0.000000000000000e+00, 0.000000000000000e+00, 5.854573646793168e+04, 1.000000000000000e-10, 1.474876401203378e+09
110, 6.885476161000000e-01, 4.704613990000000e-02, 3.374244774785713e-01, 0.000000000000000e+00, 0.000000000000000e+00, 5.861160482966749e+04, 1.000000000000000e-10, 1.477307971485140e+09
111, 6.855665742000000e-01, 4.734881320000000e-02, 3.367223422721389e-01, 0.000000000000000e+00, 0.000000000000000e+00, 5.855358664272751e+04, 1.000000000000000e-10, 1.481704331699156e+09
112, 6.825852395999999e-01, 4.764858270000000e-02, 3.335457254261830e-01, 0.000000000000000e+00, 0.000000000000000e+00, 5.802692031683731e+04, 1.000000000000000e-10, 1.496335513047293e+09
113, 6.796028435000000e-01, 4.793757530000000e-02, 3.270068417399880e-01, 0.000000000000000e+00, 0.000000000000000e+00, 5.685831020877556e+04, 1.000000000000000e-10, 1.525579425914727e+09
114, 6.766190426000001e-01, 4.821169240000000e-02, 3.185040074538195e-01, 0.000000000000000e+00, 0.000000000000000e+00, 5.525100028594914e+04, 1.000000000000000e-10, 1.563343690593005e+09
115, 6.736344527000000e-01, 4.847710350000000e-02, 3.087748970207107e-01, 0.000000000000000e+00, 0.000000000000000e+00, 5.332575111759429e+04, 1.000000000000000e-10, 1.606778996466382e+09
116, 6.706497918000000e-01, 4.874171610000000e-02, 2.978906451700165e-01, 0.000000000000000e+00, 0.000000000000000e+00, 5.111548195724277e+04, 1.000000000000000e-10, 1.656744407319737e+09
117, 6.676654681999999e-01, 4.901010790000000e-02, 2.866829229971740e-01, 0.000000000000000e+00, 0.000000000000000e+00, 4.879778662397680e+04, 1.000000000000000e-10, 1.710230723114427e+09
118, 6.646811620999999e-01, 4.927869540000000e-02, 2.766529060942931e-01, 0.000000000000000e+00, 0.000000000000000e+00, 4.668166522058670e+04, 1.000000000000000e-10, 1.759629453638528e+09
119, 6.616968561000000e-01, 4.954728290000000e-02, 2.707121854293537e-01, 0.000000000000000e+00, 0.000000000000000e+00, 4.532817283407784e+04, 1.000000000000000e-10, 1.786965581632806e+09
120, 6.587126148000000e-01, 4.981658670000000e-02, 2.680166854778643e-01, 0.000000000000000e+00, 0.000000000000000e+00, 4.460992566588179e+04, 1.000000000000000e-10, 1.796110196397249e+09
121, 6.557287142000000e-01, 5.008964140000000e-02, 2.666145922027586e-01, 0.000000000000000e+00, 0.000000000000000e+00, 4.418529478829274e+04, 1.000000000000000e-10, 1.799149089141784e+09
122, 6.527445878000000e-01, 5.036021100000000e-02, 2.654706495296494e-01, 0.000000000000000e+00, 0.000000000000000e+00, 4.389003179463321e+04, 1.000000000000000e-10, 1.803298703494651e+09
123, 6.497595392000000e-01, 5.062038200000000e-02, 2.647414086280823e-01, 0.000000000000000e+00, 0.000000000000000e+00, 4.373364168634476e+04, 1.000000000000000e-10, 1.807052276245042e+09
124, 6.467732199000000e-01, 5.086554410000000e-02, 2.657587107074159e-01, 0.000000000000000e+00, 0.000000000000000e+00, 4.390252397845683e+04, 1.000000000000000e-10, 1.800163089319313e+09
125, 6.437861620000001e-01, 5.110156080000000e-02, 2.678160607621179e-01, 0.000000000000000e+00, 0.000000000000000e+00, 4.425812337273543e+04, 1.000000000000000e-10, 1.786782674606164e+09
126, 6.407990088000000e-01, 5.133637300000000e-02, 2.694493075506089e-01, 0.000000000000000e+00, 0.000000000000000e+00, 4.455505574086226e+04, 1.000000000000000e-10, 1.776840466497703e+09
127, 6.378123096000000e-01, 5.157688470000000e-02, 2.699922509865211e-01, 0.000000000000000e+00, 0.000000000000000e+00, 4.467873099534697e+04, 1.000000000000000e-10, 1.774390721584922e+09
128, 6.348258525000000e-01, 5.182039160000000e-02, 2.694789735131595e-01, 0.000000000000000e+00, 0.000000000000000e+00, 4.463246775212632e+04, 1.000000000000000e-10, 1.779054897697360e+09
129, 6.318390014000000e-01, 5.205900390000000e-02, 2.690246500895152e-01, 0.000000000000000e+00, 0.000000000000000e+00, 4.459059347978916e+04, 1.000000000000000e-10, 1.783158413492314e+09
130, 6.288511656000000e-01, 5.228491860000000e-02, 2.694136944487611e-01, 0.000000000000000e+00, 0.000000000000000e+00, 4.467459342500055e+04, 1.000000000000000e-10, 1.781258659534475e+09
131, 6.258622963000000e-01, 5.249674920000000e-02, 2.709579600394090e-01, 0.000000000000000e+00, 0.000000000000000e+00, 4.493473536595350e+04, 1.000000000000000e-10, 1.771217528046627e+09
132, 6.228729552000000e-01, 5.270183440000000e-02, 2.729210612249998e-01, 0.000000000000000e+00, 0.000000000000000e+00, 4.525947830221042e+04, 1.000000000000000e-10, 1.758451348374488e+09
133, 6.198836982000000e-01, 5.290814110000000e-02, 2.740766831003495e-01, 0.000000000000000e+00, 0.000000000000000e+00, 4.545287126484143e+04, 1.000000000000000e-10, 1.751063519466785e+09
134, 6.168946444000000e-01, 5.311737490000000e-02, 2.736321298941244e-01, 0.000000000000000e+00, 0.000000000000000e+00, 4.538177137296111e+04, 1.000000000000000e-10, 1.754014281207808e+09
135, 6.139055905000000e-01, 5.332660870000000e-02, 2.720674173459031e-01, 0.000000000000000e+00, 0.000000000000000e+00, 4.512564980472840e+04, 1.000000000000000e-10, 1.764212351180422e+09
136, 6.109165367000000e-01, 5.353584240000000e-02, 2.720726503643640e-01, 0.000000000000000e+00, 0.000000000000000e+00, 4.512465041395665e+04, 1.000000000000000e-10, 1.764118318035475e+09
137, 6.079276023000000e-01, 5.374677020000000e-02, 2.726135826904671e-01, 0.000000000000000e+00, 0.000000000000000e+00, 4.521742924216311e+04, 1.000000000000000e-10, 1.760663203211507e+09
138, 6.049388740000000e-01, 5.396060430000000e-02, 2.730025712898530e-01, 0.000000000000000e+00, 0.000000000000000e+00, 4.529113804633293e+04, 1.000000000000000e-10, 1.758517457501863e+09
139, 6.019498206000000e-01, 5.416983050000000e-02, 2.727860052073964e-01, 0.000000000000000e+00, 0.000000000000000e+00, 4.526986629832270e+04, 1.000000000000000e-10, 1.760382727985796e+09
140, 5.989599226000000e-01, 5.436657950000000e-02, 2.725704733461848e-01, 0.000000000000000e+00, 0.000000000000000e+00, 4.524535795612962e+04, 1.000000000000000e-10, 1.762124955519230e+09
141, 5.959691164000001e-01, 5.454903410000000e-02, 2.737924689707912e-01, 0.000000000000000e+00, 0.000000000000000e+00, 4.544962911670098e+04, 1.000000000000000e-10, 1.754284605215250e+09
142, 5.929778870000000e-01, 5.472444030000000e-02, 2.759097609256502e-01, 0.000000000000000e+00, 0.000000000000000e+00, 4.580115518719020e+04, 1.000000000000000e-10, 1.740856341740286e+09
143, 5.899867137000000e-01, 5.490079730000000e-02, 2.774971700667471e-01, 0.000000000000000e+00, 0.000000000000000e+00, 4.607234549766096e+04, 1.000000000000000e-10, 1.731135359743677e+09
144, 5.869959152999999e-01, 5.508340180000000e-02, 2.778752899145118e-01, 0.000000000000000e+00, 0.000000000000000e+00, 4.615010304858138e+04, 1.000000000000000e-10, 1.729241646666957e+09
145, 5.840051705000000e-01, 5.526688670000000e-02, 2.770905178359163e-01, 0.000000000000000e+00, 0.000000000000000e+00, 4.604103716709564e+04, 1.000000000000000e-10, 1.734832827461273e+09
146, 5.810139992000000e-01, 5.544325400000000e-02, 2.765089276091577e-01, 0.000000000000000e+00, 0.000000000000000e+00, 4.596236023015533e+04, 1.000000000000000e-10, 1.739040901369479e+09
147, 5.780220176999999e-01, 5.560526350000000e-02, 2.780566383165038e-01, 0.000000000000000e+00, 0.000000000000000e+00, 4.622632666104021e+04, 1.000000000000000e-10, 1.729557482269315e+09
148, 5.750293853000000e-01, 5.575481730000000e-02, 2.809387512826298e-01, 0.000000000000000e+00, 0.000000000000000e+00, 4.670865347869646e+04, 1.000000000000000e-10, 1.711910124909993e+09
149, 5.720365281000001e-01, 5.589982500000000e-02, 2.832345217686222e-01, 0.000000000000000e+00, 0.000000000000000e+00, 4.709832011751654e+04, 1.000000000000000e-10, 1.698246576063336e+09
150, 5.690438169000001e-01, 5.604780920000000e-02, 2.839805659010126e-01, 0.000000000000000e+00, 0.000000000000000e+00, 4.723436542198389e+04, 1.000000000000000e-10, 1.694143685369339e+09
151, 5.660511873000000e-01, 5.619744060000000e-02, 2.828390060114827e-01, 0.000000000000000e+00, 0.000000000000000e+00, 4.705984490082102e+04, 1.000000000000000e-10, 1.701438058828747e+09
152, 5.630585577000000e-01, 5.634707210000000e-02, 2.818357881605070e-01, 0.000000000000000e+00, 0.000000000000000e+00, 4.690760471011025e+04, 1.000000000000000e-10, 1.707937523333709e+09
153, 5.600659280000000e-01, 5.649670360000000e-02, 2.819541234469953e-01, 0.000000000000000e+00, 0.000000000000000e+00, 4.693725387644557e+04, 1.000000000000000e-10, 1.707518542882906e+09
154, 5.570734513000000e-01, 5.664935650000000e-02, 2.819954026939461e-01, 0.000000000000000e+00, 0.000000000000000e+00, 4.695347596776671e+04, 1.000000000000000e-10, 1.707548258335145e+09
155, 5.540810301000000e-01, 5.680309730000000e-02, 2.812974821908535e-01, 0.000000000000000e+00, 0.000000000000000e+00, 4.684890232157127e+04, 1.000000000000000e-10, 1.712113848171607e+09
156, 5.510882624000000e-01, 5.694990830000000e-02, 2.806382755215475e-01, 0.000000000000000e+00, 0.000000000000000e+00, 4.674818345858391e+04, 1.000000000000000e-10, 1.716409358825346e+09
157, 5.480948308000000e-01, 5.708244870000000e-02, 2.821581921327768e-01, 0.000000000000000e+00, 0.000000000000000e+00, 4.700274457415580e+04, 1.000000000000000e-10, 1.707236682750510e+09
158, 5.451008633000000e-01, 5.720233900000000e-02, 2.851697341770291e-01, 0.000000000000000e+00, 0.000000000000000e+00, 4.750540807167652e+04, 1.000000000000000e-10, 1.689236372042650e+09
159, 5.421067085000000e-01, 5.731748330000000e-02, 2.875888203454122e-01, 0.000000000000000e+00, 0.000000000000000e+00, 4.791619634332595e+04, 1.000000000000000e-10, 1.675226765165692e+09
160, 5.391126656000000e-01, 5.743549340000000e-02, 2.883546938001525e-01, 0.000000000000000e+00, 0.000000000000000e+00, 4.805640050406474e+04, 1.000000000000000e-10, 1.671171180967894e+09
161, 5.361186917000000e-01, 5.755525230000000e-02, 2.875328541213649e-01, 0.000000000000000e+00, 0.000000000000000e+00, 4.793453205646420e+04, 1.000000000000000e-10, 1.676381907212921e+09
162, 5.331247178000000e-01, 5.767501130000000e-02, 2.865089941476154e-01, 0.000000000000000e+00, 0.000000000000000e+00, 4.777124224629314e+04, 1.000000000000000e-10, 1.682549181213181e+09
163, 5.301307440000000e-01, 5.779477020000000e-02, 2.866014370625191e-01, 0.000000000000000e+00, 0.000000000000000e+00, 4.779421382975813e+04, 1.000000000000000e-10, 1.682225176582179e+09
164, 5.271368887000000e-01, 5.791744960000000e-02, 2.866021539816200e-01, 0.000000000000000e+00, 0.000000000000000e+00, 4.780244472600535e+04, 1.000000000000000e-10, 1.682455659417959e+09
165, 5.241430848000000e-01, 5.804138270000000e-02, 2.857549928160059e-01, 0.000000000000000e+00, 0.000000000000000e+00, 4.767171478688997e+04, 1.000000000000000e-10, 1.687719054041429e+09
166, 5.211490097000000e-01, 5.815854030000000e-02, 2.849271896728648e-01, 0.000000000000000e+00, 0.000000000000000e+00, 4.754129216774543e+04, 1.000000000000000e-10, 1.692888622272286e+09
167, 5.181544149000000e-01, 5.826150360000000e-02, 2.863904081985887e-01, 0.000000000000000e+00, 0.000000000000000e+00, 4.778536450193104e+04, 1.000000000000000e-10, 1.684260772979151e+09
168, 5.151594046000000e-01, 5.835166060000000e-02, 2.894220253135532e-01, 0.000000000000000e+00, 0.000000000000000e+00, 4.829100584237594e+04, 1.000000000000000e-10, 1.666613042117578e+09
169, 5.121642494000000e-01, 5.843690760000000e-02, 2.919042206987203e-01, 0.000000000000000e+00, 0.000000000000000e+00, 4.871207277935562e+04, 1.000000000000000e-10, 1.652534512643975e+09
170, 5.091691748000000e-01, 5.852492480000000e-02, 2.927525110667472e-01, 0.000000000000000e+00, 0.000000000000000e+00, 4.886550492210373e+04, 1.000000000000000e-10, 1.648133353541353e+09
171, 5.061741541000000e-01, 5.861477540000000e-02, 2.918732249419111e-01, 0.000000000000000e+00, 0.000000000000000e+00, 4.873350405866320e+04, 1.000000000000000e-10, 1.653544630529422e+09
172, 5.031791335000000e-01, 5.870462600000000e-02, 2.909740337600149e-01, 0.000000000000000e+00, 0.000000000000000e+00, 4.859250449776571e+04, 1.000000000000000e-10, 1.658912870635687e+09
173, 5.001841129000000e-01, 5.879447660000000e-02, 2.913116535521035e-01, 0.000000000000000e+00, 0.000000000000000e+00, 4.865860998691434e+04, 1.000000000000000e-10, 1.657214678205734e+09
174, 4.971891791000000e-01, 5.888716460000000e-02, 2.913342172765549e-01, 0.000000000000000e+00, 0.000000000000000e+00, 4.867322152354598e+04, 1.000000000000000e-10, 1.657389710991147e+09
175, 4.941942883000000e-01, 5.898124000000000e-02, 2.904029156998428e-01, 0.000000000000000e+00, 0.000000000000000e+00, 4.853105547144672e+04, 1.000000000000000e-10, 1.663077372663228e+09
176, 4.911991976000000e-01, 5.906866820000000e-02, 2.894685502103040e-01, 0.000000000000000e+00, 0.000000000000000e+00, 4.838460650226922e+04, 1.000000000000000e-10, 1.668775238690535e+09
177, 4.882037299000000e-01, 5.914197000000000e-02, 2.908680261924196e-01, 0.000000000000000e+00, 0.000000000000000e+00, 4.861921537079992e+04, 1.000000000000000e-10, 1.660773620402541e+09
178, 4.852079712000000e-01, 5.920233930000000e-02, 2.938885964823673e-01, 0.000000000000000e+00, 0.000000000000000e+00, 4.912359008644595e+04, 1.000000000000000e-10, 1.643689986113138e+09
179, 4.822121140000000e-01, 5.925766320000000e-02, 2.963417366906740e-01, 0.000000000000000e+00, 0.000000000000000e+00, 4.953958921797841e+04, 1.000000000000000e-10, 1.630205730088299e+09
180, 4.792163079000000e-01, 5.931567380000000e-02, 2.971247784932297e-01, 0.000000000000000e+00, 0.000000000000000e+00, 4.968112543200672e+04, 1.000000000000000e-10, 1.626195470217751e+09
181, 4.762205389000000e-01, 5.937558920000000e-02, 2.960967291933686e-01, 0.000000000000000e+00, 0.000000000000000e+00, 4.952354144441323e+04, 1.000000000000000e-10, 1.632224223742513e+09
182, 4.732247699000000e-01, 5.943550460000000e-02, 2.951996806059017e-01, 0.000000000000000e+00, 0.000000000000000e+00, 4.938525180890656e+04, 1.000000000000000e-10, 1.637539485157693e+09
183, 4.702290009000000e-01, 5.949542000000000e-02, 2.953959144056699e-01, 0.000000000000000e+00, 0.000000000000000e+00, 4.942637727802993e+04, 1.000000000000000e-10, 1.636677312376746e+09
184, 4.672332890000000e-01, 5.955810270000000e-02, 2.953624859002532e-01, 0.000000000000000e+00, 0.000000000000000e+00, 4.942815686324764e+04, 1.000000000000000e-10, 1.637080643544939e+09
185, 4.642376084000000e-01, 5.962228340000000e-02, 2.943290444688871e-01, 0.000000000000000e+00, 0.000000000000000e+00, 4.926392102188482e+04, 1.000000000000000e-10, 1.643067256189796e+09
186, 4.612417964000000e-01, 5.967992670000000e-02, 2.932182745612308e-01, 0.000000000000000e+00, 0.000000000000000e+00, 4.908333027081448e+04, 1.000000000000000e-10, 1.649428590649990e+09
187, 4.582457490000000e-01, 5.972350630000000e-02, 2.944412600149955e-01, 0.000000000000000e+00, 0.000000000000000e+00, 4.928640586399360e+04, 1.000000000000000e-10, 1.642501270361030e+09
188, 4.552495377000000e-01, 5.975405020000000e-02, 2.973888286661031e-01, 0.000000000000000e+00, 0.000000000000000e+00, 4.977980968500671e+04, 1.000000000000000e-10, 1.626211784600620e+09
189, 4.522532772000000e-01, 5.977943380000000e-02, 3.000015699111886e-01, 0.000000000000000e+00, 0.000000000000000e+00, 5.022685885216531e+04, 1.000000000000000e-10, 1.612304761562689e+09
190, 4.492570403000000e-01, 5.980742960000000e-02, 3.011258620588382e-01, 0.000000000000000e+00, 0.000000000000000e+00, 5.043222093419229e+04, 1.000000000000000e-10, 1.606733208213341e+09
191, 4.462608221000000e-01, 5.983739180000000e-02, 3.002597155876375e-01, 0.000000000000000e+00, 0.000000000000000e+00, 5.031064991047417e+04, 1.000000000000000e-10, 1.612016743795551e+09
192, 4.432646038000000e-01, 5.986735400000000e-02, 2.991551532382387e-01, 0.000000000000000e+00, 0.000000000000000e+00, 5.014683433384617e+04, 1.000000000000000e-10, 1.618532169017386e+09
193, 4.402683855000000e-01, 5.989731610000000e-02, 2.987152188229530e-01, 0.000000000000000e+00, 0.000000000000000e+00, 5.008224262233912e+04, 1.000000000000000e-10, 1.621094277687763e+09
194, 4.372721672000000e-01, 5.992727830000000e-02, 2.979047452780273e-01, 0.000000000000000e+00, 0.000000000000000e+00, 4.994353003382690e+04, 1.000000000000000e-10, 1.625429647275817e+09
195, 4.342759490000000e-01, 5.995724050000000e-02, 2.969503284470421e-01, 0.000000000000000e+00, 0.000000000000000e+00, 4.977082642006375e+04, 1.000000000000000e-10, 1.630370508949529e+09
196, 4.312797307000000e-01, 5.998720270000000e-02, 2.968368344023721e-01, 0.000000000000000e+00, 0.000000000000000e+00, 4.973675970013155e+04, 1.000000000000000e-10, 1.630588945258250e+09
197, 4.282835251000000e-01, 6.001838500000000e-02, 2.971881237620497e-01, 0.000000000000000e+00, 0.000000000000000e+00, 4.978958175125650e+04, 1.000000000000000e-10, 1.628472917995856e+09
198, 4.252873570000000e-01, 6.005299780000000e-02, 2.973529011375093e-01, 0.000000000000000e+00, 0.000000000000000e+00, 4.982007730336380e+04, 1.000000000000000e-10, 1.627649616824985e+09
199, 4.222911490000000e-01, 6.008389620000000e-02, 2.968435081637839e-01, 0.000000000000000e+00, 0.000000000000000e+00, 4.974616479751136e+04, 1.000000000000000e-10, 1.630750460129414e+09
200, 4.192948456000000e-01, 6.010304610000000e-02, 2.962680725356462e-01, 0.000000000000000e+00, 0.000000000000000e+00, 4.966086652461221e+04, 1.000000000000000e-10, 1.634257712029812e+09
201, 4.162984826000000e-01, 6.010734210000000e-02, 2.973125729151849e-01, 0.000000000000000e+00, 0.000000000000000e+00, 4.983964044890071e+04, 1.000000000000000e-10, 1.628575281769094e+09
202, 4.133021170000000e-01, 6.010365170000000e-02, 2.995415781069883e-01, 0.000000000000000e+00, 0.000000000000000e+00, 5.021587585281886e+04, 1.000000000000000e-10, 1.616524593519090e+09
203, 4.103057513000000e-01, 6.010004530000000e-02, 3.015090343529739e-01, 0.000000000000000e+00, 0.000000000000000e+00, 5.055463558604319e+04, 1.000000000000000e-10, 1.606209111311589e+09
204, 4.073093833000000e-01, 6.010000000000000e-02, 3.023887572050013e-01, 0.000000000000000e+00, 0.000000000000000e+00, 5.071581922185551e+04, 1.000000000000000e-10, 1.601890918471432e+09
205, 4.043130152000000e-01, 6.010000000000000e-02, 3.017967995661718e-01, 0.000000000000000e+00, 0.000000000000000e+00, 5.063433119258972e+04, 1.000000000000000e-10, 1.605496029832238e+09
206, 4.013166471000000e-01, 6.010000000000000e-02, 3.009345992904995e-01, 0.000000000000000e+00, 0.000000000000000e+00, 5.050647402327194e+04, 1.000000000000000e-10, 1.610535568501049e+09
207, 3.983202790000000e-01, 6.010000000000000e-02, 2.999500530235210e-01, 0.000000000000000e+00, 0.000000000000000e+00, 5.034853711599233e+04, 1.000000000000000e-10, 1.616014266798711e+09
208, 3.953239109000000e-01, 6.010000000000000e-02, 2.984272267337922e-01, 0.000000000000000e+00, 0.000000000000000e+00, 5.009237731713461e+04, 1.000000000000000e-10, 1.624246062034227e+09
209, 3.923275428000000e-01, 6.010000000000000e-02, 2.978247980698001e-01, 0.000000000000000e+00, 0.000000000000000e+00, 4.998643141424140e+04, 1.000000000000000e-10, 1.627402597419694e+09
210, 3.893311748000000e-01, 6.010020870000000e-02, 2.981506433474458e-01, 0.000000000000000e+00, 0.000000000000000e+00, 5.004150597724173e+04, 1.000000000000000e-10, 1.625634189708078e+09
211, 3.863348096000000e-01, 6.010425500000000e-02, 2.982132504383042e-01, 0.000000000000000e+00, 0.000000000000000e+00, 5.005850905433417e+04, 1.000000000000000e-10, 1.625465986311258e+09
212, 3.833384435000000e-01, 6.010740740000000e-02, 2.973676022552696e-01, 0.000000000000000e+00, 0.000000000000000e+00, 4.992983665270389e+04, 1.000000000000000e-10, 1.630444102720845e+09
213, 3.803420834000000e-01, 6.010159540000000e-02, 2.964377062402025e-01, 0.000000000000000e+00, 0.000000000000000e+00, 4.978651157989279e+04, 1.000000000000000e-10, 1.635909121447987e+09
214, 3.773457918000000e-01, 6.008061910000000e-02, 2.975593105129889e-01, 0.000000000000000e+00, 0.000000000000000e+00, 4.998100597041877e+04, 1.000000000000000e-10, 1.629906616051481e+09
215, 3.743495929000000e-01, 6.004884090000000e-02, 3.002064282526186e-01, 0.000000000000000e+00, 0.000000000000000e+00, 5.043216843402632e+04, 1.000000000000000e-10, 1.615704790473656e+09
216, 3.713534236000000e-01, 6.001432620000000e-02, 3.025094162942363e-01, 0.000000000000000e+00, 0.000000000000000e+00, 5.083332223931426e+04, 1.000000000000000e-10, 1.603773929213963e+09
217, 3.683572136000000e-01, 5.998357210000000e-02, 3.033745234378530e-01, 0.000000000000000e+00, 0.000000000000000e+00, 5.099872973730192e+04, 1.000000000000000e-10, 1.599716191980651e+09
218, 3.653609953000000e-01, 5.995361000000000e-02, 3.026502735653767e-01, 0.000000000000000e+00, 0.000000000000000e+00, 5.090108244522534e+04, 1.000000000000000e-10, 1.604196287960655e+09
219, 3.623647770000000e-01, 5.992364780000000e-02, 3.013348560352676e-01, 0.000000000000000e+00, 0.000000000000000e+00, 5.069592721381218e+04, 1.000000000000000e-10, 1.611618304833977e+09
220, 3.593685587000000e-01, 5.989368560000000e-02, 3.004611308684275e-01, 0.000000000000000e+00, 0.000000000000000e+00, 5.055231951888128e+04, 1.000000000000000e-10, 1.616393599765474e+09
221, 3.563723404000000e-01, 5.986372340000000e-02, 2.997622836589419e-01, 0.000000000000000e+00, 0.000000000000000e+00, 5.042874359691791e+04, 1.000000000000000e-10, 1.620003996833843e+09
222, 3.533761221000000e-01, 5.983376120000000e-02, 2.992415866015549e-01, 0.000000000000000e+00, 0.000000000000000e+00, 5.033130399390901e+04, 1.000000000000000e-10, 1.622511370926091e+09
223, 3.503799039000000e-01, 5.980379900000000e-02, 2.991486688878174e-01, 0.000000000000000e+00, 0.000000000000000e+00, 5.031455729794831e+04, 1.000000000000000e-10, 1.622985747566077e+09
224, 3.473836618000000e-01, 5.977636380000000e-02, 2.987331017979354e-01, 0.000000000000000e+00, 0.000000000000000e+00, 5.025013628810470e+04, 1.000000000000000e-10, 1.625410740958927e+09
225, 3.443874030000000e-01, 5.975078450000000e-02, 2.974912652230936e-01, 0.000000000000000e+00, 0.000000000000000e+00, 5.005401519636426e+04, 1.000000000000000e-10, 1.632580890253993e+09
226, 3.413912043000000e-01, 5.971906720000000e-02, 2.962223844445477e-01, 0.000000000000000e+00, 0.000000000000000e+00, 4.985410863390346e+04, 1.000000000000000e-10, 1.639940676436389e+09
227, 3.383951856000000e-01, 5.967355900000000e-02, 2.972251845264728e-01, 0.000000000000000e+00, 0.000000000000000e+00, 5.003058312691287e+04, 1.000000000000000e-10, 1.634530187135034e+09
228, 3.353993970000000e-01, 5.961469410000000e-02, 3.000094989994864e-01, 0.000000000000000e+00, 0.000000000000000e+00, 5.050791969534214e+04, 1.000000000000000e-10, 1.619680362074825e+09
229, 3.324037216000000e-01, 5.955026900000000e-02, 3.025326208398599e-01, 0.000000000000000e+00, 0.000000000000000e+00, 5.094901914241398e+04, 1.000000000000000e-10, 1.606594238965832e+09
230, 3.294079977000000e-01, 5.948816000000000e-02, 3.036171593597932e-01, 0.000000000000000e+00, 0.000000000000000e+00, 5.115326657490836e+04, 1.000000000000000e-10, 1.601409883831355e+09
231, 3.264122288000000e-01, 5.942824460000000e-02, 3.025454209187634e-01, 0.000000000000000e+00, 0.000000000000000e+00, 5.099840284806856e+04, 1.000000000000000e-10, 1.607733369796285e+09
232, 3.234164598000000e-01, 5.936832920000000e-02, 3.012857926822421e-01, 0.000000000000000e+00, 0.000000000000000e+00, 5.080728254706709e+04, 1.000000000000000e-10, 1.614966319401774e+09
233, 3.204206908000000e-01, 5.930841380000000e-02, 3.010738459958550e-01, 0.000000000000000e+00, 0.000000000000000e+00, 5.077842130726143e+04, 1.000000000000000e-10, 1.616282708970280e+09
234, 3.174249218000000e-01, 5.924849840000000e-02, 2.998583610497934e-01, 0.000000000000000e+00, 0.000000000000000e+00, 5.056266445576373e+04, 1.000000000000000e-10, 1.622551460757096e+09
235, 3.144291528000000e-01, 5.918858310000000e-02, 2.984498082118665e-01, 0.000000000000000e+00, 0.000000000000000e+00, 5.030847282917541e+04, 1.000000000000000e-10, 1.629778041981459e+09
236, 3.114333838000000e-01, 5.912866770000000e-02, 2.984626784412528e-01, 0.000000000000000e+00, 0.000000000000000e+00, 5.029322148246571e+04, 1.000000000000000e-10, 1.629245142652959e+09
237, 3.084375946000000e-01, 5.906978170000000e-02, 2.989783608504308e-01, 0.000000000000000e+00, 0.000000000000000e+00, 5.037311556567390e+04, 1.000000000000000e-10, 1.626234481626302e+09
238, 3.054417368000000e-01, 5.901448810000000e-02, 2.993431363078732e-01, 0.000000000000000e+00, 0.000000000000000e+00, 5.043827071045679e+04, 1.000000000000000e-10, 1.624352227444530e+09
239, 3.024459424000000e-01, 5.895589760000000e-02, 2.990186198880889e-01, 0.000000000000000e+00, 0.000000000000000e+00, 5.039788464477002e+04, 1.000000000000000e-10, 1.626527921641475e+09
240, 2.994503937000000e-01, 5.888596610000000e-02, 2.985633310220687e-01, 0.000000000000000e+00, 0.000000000000000e+00, 5.033779027989133e+04, 1.000000000000000e-10, 1.629449870770232e+09
241, 2.964552315000000e-01, 5.880104250000000e-02, 2.997120772473240e-01, 0.000000000000000e+00, 0.000000000000000e+00, 5.054218456969196e+04, 1.000000000000000e-10, 1.623496405715586e+09
242, 2.934603172000000e-01, 5.870772480000000e-02, 3.020430454180624e-01, 0.000000000000000e+00, 0.000000000000000e+00, 5.094570805247994e+04, 1.000000000000000e-10, 1.611237933537097e+09
243, 2.904654134000000e-01, 5.861406570000000e-02, 3.039259973814279e-01, 0.000000000000000e+00, 0.000000000000000e+00, 5.127989223699419e+04, 1.000000000000000e-10, 1.601648266859538e+09
244, 2.874703256000000e-01, 5.852650000000000e-02, 3.044386409172743e-01, 0.000000000000000e+00, 0.000000000000000e+00, 5.138764782817215e+04, 1.000000000000000e-10, 1.599494658685093e+09
245, 2.844751753000000e-01, 5.844108520000000e-02, 3.034498428369404e-01, 0.000000000000000e+00, 0.000000000000000e+00, 5.124574322863088e+04, 1.000000000000000e-10, 1.605354277257744e+09
246, 2.814802001000000e-01, 5.834977820000000e-02, 3.022758915642063e-01, 0.000000000000000e+00, 0.000000000000000e+00, 5.106787343568783e+04, 1.000000000000000e-10, 1.612116968378154e+09
247, 2.784856726000000e-01, 5.824487900000000e-02, 3.028716409568041e-01, 0.000000000000000e+00, 0.000000000000000e+00, 5.117653791406911e+04, 1.000000000000000e-10, 1.609152413918430e+09
248, 2.754916466000000e-01, 5.812646400000000e-02, 3.046532930778384e-01, 0.000000000000000e+00, 0.000000000000000e+00, 5.147913005654768e+04, 1.000000000000000e-10, 1.599808946949594e+09
249, 2.724978541000000e-01, 5.800225460000000e-02, 3.063758792588262e-01, 0.000000000000000e+00, 0.000000000000000e+00, 5.177134699530483e+04, 1.000000000000000e-10, 1.590842807348579e+09
250, 2.695039750000000e-01, 5.788015900000000e-02, 3.071402298887931e-01, 0.000000000000000e+00, 0.000000000000000e+00, 5.190458416453202e+04, 1.000000000000000e-10, 1.586957398050411e+09
251, 2.665100011000000e-01, 5.776040000000000e-02, 3.065509254071343e-01, 0.000000000000000e+00, 0.000000000000000e+00, 5.180960798915234e+04, 1.000000000000000e-10, 1.590124078897490e+09
252, 2.635160273000000e-01, 5.764064110000000e-02, 3.050306527034167e-01, 0.000000000000000e+00, 0.000000000000000e+00, 5.155825938826097e+04, 1.000000000000000e-10, 1.598178420974447e+09
253, 2.605220534000000e-01, 5.752088210000000e-02, 3.038322788665787e-01, 0.000000000000000e+00, 0.000000000000000e+00, 5.135364837841867e+04, 1.000000000000000e-10, 1.604429379946005e+09
254, 2.575280795000000e-01, 5.740112320000000e-02, 3.026096781867435e-01, 0.000000000000000e+00, 0.000000000000000e+00, 5.113795279578222e+04, 1.000000000000000e-10, 1.610678033220315e+09
255, 2.545341057000000e-01, 5.728136420000000e-02, 3.014159960817463e-01, 0.000000000000000e+00, 0.000000000000000e+00, 5.092377267615102e+04, 1.000000000000000e-10, 1.616750754844584e+09
256, 2.515401318000000e-01, 5.716160530000000e-02, 3.011827645100170e-01, 0.000000000000000e+00, 0.000000000000000e+00, 5.087394987115989e+04, 1.000000000000000e-10, 1.617731324908117e+09
257, 2.485461222000000e-01, 5.704274810000000e-02, 3.015726709617247e-01, 0.000000000000000e+00, 0.000000000000000e+00, 5.094271632425196e+04, 1.000000000000000e-10, 1.615686076673231e+09
258, 2.455519687000000e-01, 5.692757100000000e-02, 3.017976867446170e-01, 0.000000000000000e+00, 0.000000000000000e+00, 5.099685578686331e+04, 1.000000000000000e-10, 1.614911841712838e+09
259, 2.425579324000000e-01, 5.680940080000000e-02, 3.015201794870814e-01, 0.000000000000000e+00, 0.000000000000000e+00, 5.097939299390534e+04, 1.000000000000000e-10, 1.617185175942235e+09
260, 2.395643498000000e-01, 5.668030080000000e-02, 3.015565710883099e-01, 0.000000000000000e+00, 0.000000000000000e+00, 5.102054765467442e+04, 1.000000000000000e-10, 1.617899110300641e+09
261, 2.365712773000000e-01, 5.653982940000000e-02, 3.036695518400063e-01, 0.000000000000000e+00, 0.000000000000000e+00, 5.141140172495067e+04, 1.000000000000000e-10, 1.607436303793013e+09
262, 2.335786376000000e-01, 5.639042170000000e-02, 3.069036246912786e-01, 0.000000000000000e+00, 0.000000000000000e+00, 5.199539910452732e+04, 1.000000000000000e-10, 1.591383636915771e+09
263, 2.305864572000000e-01, 5.623208320000000e-02, 3.099250324696696e-01, 0.000000000000000e+00, 0.000000000000000e+00, 5.254537220815470e+04, 1.000000000000000e-10, 1.576902332303463e+09
264, 2.275948873000000e-01, 5.606262990000000e-02, 3.127791736600633e-01, 0.000000000000000e+00, 0.000000000000000e+00, 5.306928882025964e+04, 1.000000000000000e-10, 1.563477904622006e+09
265, 2.246039719000000e-01, 5.588195720000000e-02, 3.159392746646240e-01, 0.000000000000000e+00, 0.000000000000000e+00, 5.364123534236395e+04, 1.000000000000000e-10, 1.548671161882402e+09
266, 2.216132630000000e-01, 5.569788720000000e-02, 3.177517373307861e-01, 0.000000000000000e+00, 0.000000000000000e+00, 5.397888168233334e+04, 1.000000000000000e-10, 1.540536139641032e+09
267, 2.186223396000000e-01, 5.551734040000000e-02, 3.171552616359028e-01, 0.000000000000000e+00, 0.000000000000000e+00, 5.389862153156284e+04, 1.000000000000000e-10, 1.543945220374909e+09
268, 2.156313504000000e-01, 5.533788100000000e-02, 3.138068132884463e-01, 0.000000000000000e+00, 0.000000000000000e+00, 5.333978654407579e+04, 1.000000000000000e-10, 1.560664191315196e+09
269, 2.126403613000000e-01, 5.515842170000000e-02, 3.108583861241199e-01, 0.000000000000000e+00, 0.000000000000000e+00, 5.283470856530594e+04, 1.000000000000000e-10, 1.575346135820762e+09
270, 2.096493686000000e-01, 5.497902140000000e-02, 3.093399828652678e-01, 0.000000000000000e+00, 0.000000000000000e+00, 5.256708557490804e+04, 1.000000000000000e-10, 1.582830918903786e+09
271, 2.066581632000000e-01, 5.480320770000000e-02, 3.079372610311886e-01, 0.000000000000000e+00, 0.000000000000000e+00, 5.231641109167656e+04, 1.000000000000000e-10, 1.589735189605395e+09
272, 2.036669592000000e-01, 5.462737120000000e-02, 3.059324150939439e-01, 0.000000000000000e+00, 0.000000000000000e+00, 5.196387326878944e+04, 1.000000000000000e-10, 1.599838605279768e+09
273, 2.006762392000000e-01, 5.444351370000000e-02, 3.040398608260607e-01, 0.000000000000000e+00, 0.000000000000000e+00, 5.162814895603588e+04, 1.000000000000000e-10, 1.609451045002592e+09
274, 1.976864651000000e-01, 5.424488690000000e-02, 3.039747627987894e-01, 0.000000000000000e+00, 0.000000000000000e+00, 5.159774320864424e+04, 1.000000000000000e-10, 1.609271935395272e+09
275, 1.946974808000000e-01, 5.403467400000000e-02, 3.050280034187401e-01, 0.000000000000000e+00, 0.000000000000000e+00, 5.175900606545588e+04, 1.000000000000000e-10, 1.603285644678348e+09
276, 1.917087537000000e-01, 5.382082320000000e-02, 3.061463623590291e-01, 0.000000000000000e+00, 0.000000000000000e+00, 5.193979130498401e+04, 1.000000000000000e-10, 1.597228391381952e+09
277, 1.887197351000000e-01, 5.361109610000000e-02, 3.067043335869139e-01, 0.000000000000000e+00, 0.000000000000000e+00, 5.203837952816654e+04, 1.000000000000000e-10, 1.594421039889543e+09
278, 1.857303707000000e-01, 5.340634910000000e-02, 3.064733137602457e-01, 0.000000000000000e+00, 0.000000000000000e+00, 5.201315422976484e+04, 1.000000000000000e-10, 1.595973731149316e+09
279, 1.827411789000000e-01, 5.319910420000000e-02, 3.055683189656863e-01, 0.000000000000000e+00, 0.000000000000000e+00, 5.188235571357000e+04, 1.000000000000000e-10, 1.601235522247280e+09
280, 1.797527313000000e-01, 5.298142430000000e-02, 3.051059841928346e-01, 0.000000000000000e+00, 0.000000000000000e+00, 5.182748606723430e+04, 1.000000000000000e-10, 1.604266119615145e+09
281, 1.767651486000000e-01, 5.275215400000000e-02, 3.072742503938702e-01, 0.000000000000000e+00, 0.000000000000000e+00, 5.221328881299568e+04, 1.000000000000000e-10, 1.593394734485286e+09
282, 1.737782598000000e-01, 5.251401450000000e-02, 3.110637101040458e-01, 0.000000000000000e+00, 0.000000000000000e+00, 5.287556434267545e+04, 1.000000000000000e-10, 1.574430644442968e+09
283, 1.707920907000000e-01, 5.226701400000000e-02, 3.144093564447825e-01, 0.000000000000000e+00, 0.000000000000000e+00, 5.346306440637288e+04, 1.000000000000000e-10, 1.558125104757617e+09
284, 1.678068289000000e-01, 5.200929790000000e-02, 3.158228111364378e-01, 0.000000000000000e+00, 0.000000000000000e+00, 5.372277131336096e+04, 1.000000000000000e-10, 1.551595629458447e+09
285, 1.648225830000000e-01, 5.174005310000000e-02, 3.166474190109833e-01, 0.000000000000000e+00, 0.000000000000000e+00, 5.387884728250231e+04, 1.000000000000000e-10, 1.547926350612007e+09
286, 1.618386948000000e-01, 5.146686210000000e-02, 3.183654461354077e-01, 0.000000000000000e+00, 0.000000000000000e+00, 5.418772408733028e+04, 1.000000000000000e-10, 1.539999964957588e+09
287, 1.588544609000000e-01, 5.119748250000000e-02, 3.200491293510522e-01, 0.000000000000000e+00, 0.000000000000000e+00, 5.449692785357958e+04, 1.000000000000000e-10, 1.532418782971426e+09
288, 1.558697631000000e-01, 5.093328530000000e-02, 3.208401958469115e-01, 0.000000000000000e+00, 0.000000000000000e+00, 5.465882690858784e+04, 1.000000000000000e-10, 1.529280735557580e+09
289, 1.528852535000000e-01, 5.066697530000000e-02, 3.204065702354276e-01, 0.000000000000000e+00, 0.000000000000000e+00, 5.461637361338577e+04, 1.000000000000000e-10, 1.532070850319444e+09
290, 1.499016570000000e-01, 5.039064780000000e-02, 3.196771984323512e-01, 0.000000000000000e+00, 0.000000000000000e+00, 5.452057306357544e+04, 1.000000000000000e-10, 1.536201650727675e+09
291, 1.469194872000000e-01, 5.009932340000000e-02, 3.206067039577666e-01, 0.000000000000000e+00, 0.000000000000000e+00, 5.469825603782421e+04, 1.000000000000000e-10, 1.532186395829399e+09
292, 1.439382559000000e-01, 4.979852640000000e-02, 3.227542991187053e-01, 0.000000000000000e+00, 0.000000000000000e+00, 5.508144241237680e+04, 1.000000000000000e-10, 1.522350949788502e+09
293, 1.409571857000000e-01, 4.949613280000000e-02, 3.241859612825921e-01, 0.000000000000000e+00, 0.000000000000000e+00, 5.534632195753175e+04, 1.000000000000000e-10, 1.516042596569224e+09
294, 1.379755682000000e-01, 4.919919110000000e-02, 3.237242984408338e-01, 0.000000000000000e+00, 0.000000000000000e+00, 5.529082456510129e+04, 1.000000000000000e-10, 1.518744319947690e+09
295, 1.349936162000000e-01, 4.890561960000000e-02, 3.210163115907002e-01, 0.000000000000000e+00, 0.000000000000000e+00, 5.485412348758715e+04, 1.000000000000000e-10, 1.532163026758937e+09
296, 1.320121036000000e-01, 4.860762960000000e-02, 3.175096038961344e-01, 0.000000000000000e+00, 0.000000000000000e+00, 5.427681826708210e+04, 1.000000000000000e-10, 1.549609385881569e+09
297, 1.290317925000000e-01, 4.829786950000000e-02, 3.156821383359560e-01, 0.000000000000000e+00, 0.000000000000000e+00, 5.397713070094500e+04, 1.000000000000000e-10, 1.558879748901143e+09
298, 1.260525769000000e-01, 4.797772950000000e-02, 3.154474345927850e-01, 0.000000000000000e+00, 0.000000000000000e+00, 5.394641002621204e+04, 1.000000000000000e-10, 1.560251320323657e+09
299, 1.230743167000000e-01, 4.764882070000000e-02, 3.158807989671733e-01, 0.000000000000000e+00, 0.000000000000000e+00, 5.403138659463533e+04, 1.000000000000000e-10, 1.558386532279052e+09
300, 1.200970366000000e-01, 4.731115450000000e-02, 3.164363775166168e-01, 0.000000000000000e+00, 0.000000000000000e+00, 5.414128497849627e+04, 1.000000000000000e-10, 1.555999818819212e+09
301, 1.171207615000000e-01, 4.696474260000000e-02, 3.169876701623492e-01, 0.000000000000000e+00, 0.000000000000000e+00, 5.425442026787063e+04, 1.000000000000000e-10, 1.553733529350945e+09
302, 1.141455159000000e-01, 4.660959680000000e-02, 3.174352968941570e-01, 0.000000000000000e+00, 0.000000000000000e+00, 5.435225509031933e+04, 1.000000000000000e-10, 1.552027067591504e+09
303, 1.111713243000000e-01, 4.624572950000000e-02, 3.175018487977606e-01, 0.000000000000000e+00, 0.000000000000000e+00, 5.438550916971100e+04, 1.000000000000000e-10, 1.552211029063856e+09
304, 1.081982111000000e-01, 4.587315320000000e-02, 3.170144307769483e-01, 0.000000000000000e+00, 0.000000000000000e+00, 5.432391693211142e+04, 1.000000000000000e-10, 1.555123565605272e+09
305, 1.052262005000000e-01, 4.549188050000000e-02, 3.162970217631940e-01, 0.000000000000000e+00, 0.000000000000000e+00, 5.422405619928217e+04, 1.000000000000000e-10, 1.559192351759181e+09
306, 1.022553168000000e-01, 4.510192450000000e-02, 3.158863547789489e-01, 0.000000000000000e+00, 0.000000000000000e+00, 5.417997054203420e+04, 1.000000000000000e-10, 1.561791659554459e+09
307, 9.928555240000000e-02, 4.470353130000000e-02, 3.155667154145719e-01, 0.000000000000000e+00, 0.000000000000000e+00, 5.415622825901736e+04, 1.000000000000000e-10, 1.564106064921862e+09
308, 9.631645150000000e-02, 4.430022190000000e-02, 3.147420617609639e-01, 0.000000000000000e+00, 0.000000000000000e+00, 5.404732844956990e+04, 1.000000000000000e-10, 1.568976803623885e+09
309, 9.334866629999999e-02, 4.388735710000000e-02, 3.131154664123805e-01, 0.000000000000000e+00, 0.000000000000000e+00, 5.380025425957876e+04, 1.000000000000000e-10, 1.577929300936815e+09
310, 9.038333000000000e-02, 4.345728190000000e-02, 3.113274509747139e-01, 0.000000000000000e+00, 0.000000000000000e+00, 5.351902703178408e+04, 1.000000000000000e-10, 1.587625678689458e+09
311, 8.742106760000000e-02, 4.300650920000000e-02, 3.111583847466355e-01, 0.000000000000000e+00, 0.000000000000000e+00, 5.350411218028610e+04, 1.000000000000000e-10, 1.588808719907279e+09
312, 8.446147179999999e-02, 4.253854550000000e-02, 3.125854009402961e-01, 0.000000000000000e+00, 0.000000000000000e+00, 5.375945961732238e+04, 1.000000000000000e-10, 1.581820747205365e+09
313, 8.150462410000001e-02, 4.205352220000000e-02, 3.145356279564580e-01, 0.000000000000000e+00, 0.000000000000000e+00, 5.410502777578107e+04, 1.000000000000000e-10, 1.572253700141689e+09
314, 7.855061400000000e-02, 4.155150370000000e-02, 3.162441327010321e-01, 0.000000000000000e+00, 0.000000000000000e+00, 5.441234327135531e+04, 1.000000000000000e-10, 1.564068670253386e+09
315, 7.559953120000000e-02, 4.103255620000000e-02, 3.178118610696522e-01, 0.000000000000000e+00, 0.000000000000000e+00, 5.470112592003617e+04, 1.000000000000000e-10, 1.556766325506252e+09
316, 7.265146290000001e-02, 4.049674770000000e-02, 3.197126909482979e-01, 0.000000000000000e+00, 0.000000000000000e+00, 5.505498365602353e+04, 1.000000000000000e-10, 1.548170874177901e+09
317, 6.970648800000000e-02, 3.994418840000000e-02, 3.215760673140184e-01, 0.000000000000000e+00, 0.000000000000000e+00, 5.541068834294078e+04, 1.000000000000000e-10, 1.539988958894521e+09
318, 6.676405530000000e-02, 3.937824060000000e-02, 3.226365195443690e-01, 0.000000000000000e+00, 0.000000000000000e+00, 5.563256181515601e+04, 1.000000000000000e-10, 1.535807998858594e+09
319, 6.382483080000000e-02, 3.879587770000000e-02, 3.225165868515179e-01, 0.000000000000000e+00, 0.000000000000000e+00, 5.565449047773645e+04, 1.000000000000000e-10, 1.537291985387502e+09
320, 6.089039250000000e-02, 3.818988410000000e-02, 3.220174729216514e-01, 0.000000000000000e+00, 0.000000000000000e+00, 5.561020605045428e+04, 1.000000000000000e-10, 1.540620878696129e+09
321, 5.796159620000000e-02, 3.755716460000000e-02, 3.228205363831044e-01, 0.000000000000000e+00, 0.000000000000000e+00, 5.578534374059596e+04, 1.000000000000000e-10, 1.537606727626055e+09
322, 5.503766030000000e-02, 3.690236230000000e-02, 3.244710630750164e-01, 0.000000000000000e+00, 0.000000000000000e+00, 5.610288800043810e+04, 1.000000000000000e-10, 1.530503266589326e+09
323, 5.212020500000000e-02, 3.621928960000000e-02, 3.262575229489875e-01, 0.000000000000000e+00, 0.000000000000000e+00, 5.644340665654071e+04, 1.000000000000000e-10, 1.522823457712055e+09
324, 4.921095930000000e-02, 3.550206810000000e-02, 3.281847587033552e-01, 0.000000000000000e+00, 0.000000000000000e+00, 5.680876350634556e+04, 1.000000000000000e-10, 1.514574052315286e+09
325, 4.630834710000000e-02, 3.475842740000000e-02, 3.299310416338664e-01, 0.000000000000000e+00, 0.000000000000000e+00, 5.714185462309780e+04, 1.000000000000000e-10, 1.507219086311113e+09
326, 4.341443290000000e-02, 3.398167710000000e-02, 3.308268508815919e-01, 0.000000000000000e+00, 0.000000000000000e+00, 5.732891023679861e+04, 1.000000000000000e-10, 1.503782315729383e+09
327, 4.053329480000000e-02, 3.315886600000000e-02, 3.314885113169032e-01, 0.000000000000000e+00, 0.000000000000000e+00, 5.747775434029184e+04, 1.000000000000000e-10, 1.501536804072743e+09
328, 3.766462370000000e-02, 3.229347590000000e-02, 3.327975502057994e-01, 0.000000000000000e+00, 0.000000000000000e+00, 5.774469085780138e+04, 1.000000000000000e-10, 1.496473115751888e+09
329, 3.480664810000000e-02, 3.139349160000000e-02, 3.349306273569579e-01, 0.000000000000000e+00, 0.000000000000000e+00, 5.815927625474334e+04, 1.000000000000000e-10, 1.487867914072962e+09
330, 3.196977470000000e-02, 3.042923390000000e-02, 3.380232283593487e-01, 0.000000000000000e+00, 0.000000000000000e+00, 5.874984001395274e+04, 1.000000000000000e-10, 1.475196296631487e+09
331, 2.916436760000000e-02, 2.937700070000000e-02, 3.421972333406092e-01, 0.000000000000000e+00, 0.000000000000000e+00, 5.953857216753863e+04, 1.000000000000000e-10, 1.458462579105032e+09
332, 2.638083370000000e-02, 2.826801140000000e-02, 3.487222659174559e-01, 0.000000000000000e+00, 0.000000000000000e+00, 6.074414074012834e+04, 1.000000000000000e-10, 1.432520210531224e+09
333, 2.362898530000000e-02, 2.708283520000000e-02, 3.598971739189696e-01, 0.000000000000000e+00, 0.000000000000000e+00, 6.277203765694069e+04, 1.000000000000000e-10, 1.389394972250023e+09
334, 2.092840090000000e-02, 2.578537860000000e-02, 3.760555974643298e-01, 0.000000000000000e+00, 0.000000000000000e+00, 6.569319594790977e+04, 1.000000000000000e-10, 1.331143888100671e+09
335, 1.829564720000000e-02, 2.435529470000000e-02, 3.919762589266919e-01, 0.000000000000000e+00, 0.000000000000000e+00, 6.859580381888142e+04, 1.000000000000000e-10, 1.279073989395594e+09
336, 1.571975790000000e-02, 2.282485310000000e-02, 4.033330219535781e-01, 0.000000000000000e+00, 0.000000000000000e+00, 7.070997386041679e+04, 1.000000000000000e-10, 1.244869593776089e+09
337, 1.319128670000000e-02, 2.121724900000000e-02, 4.116859245723156e-01, 0.000000000000000e+00, 0.000000000000000e+00, 7.230904037167843e+04, 1.000000000000000e-10, 1.221457385439894e+09
338, 1.071855140000000e-02, 1.952532850000000e-02, 4.216644695296299e-01, 0.000000000000000e+00, 0.000000000000000e+00, 7.420267304632463e+04, 1.000000000000000e-10, 1.194383791475574e+09
339, 8.357752600000001e-03, 1.768194770000000e-02, 4.407909926155522e-01, 0.000000000000000e+00, 0.000000000000000e+00, 7.771479137599914e+04, 1.000000000000000e-10, 1.143500989859019e+09
340, 6.234852000000000e-03, 1.557056300000000e-02, 4.664275862765709e-01, 0.000000000000000e+00, 0.000000000000000e+00, 8.237582194968198e+04, 1.000000000000000e-10, 1.080791840940660e+09
341, 4.319046800000000e-03, 1.326691890000000e-02, 4.946382599860489e-01, 0.000000000000000e+00, 0.000000000000000e+00, 8.748208512840181e+04, 1.000000000000000e-10, 1.020321782947652e+09
342, 2.659048500000000e-03, 1.078063400000000e-02, 5.305798136679649e-01, 0.000000000000000e+00, 0.000000000000000e+00, 9.393783163731443e+04, 1.000000000000000e-10, 9.524929637932657e+08
343, 1.585549600000000e-03, 7.986006000000000e-03, 5.614511176891561e-01, 0.000000000000000e+00, 0.000000000000000e+00, 9.945754691780356e+04, 1.000000000000000e-10, 9.005160998128039e+08
344, 7.472436000000000e-04, 5.109934500000000e-03, 5.806782703997926e-01, 0.000000000000000e+00, 0.000000000000000e+00, 1.028787048324209e+05, 1.000000000000000e-10, 8.708026320323261e+08
345, 1.626159000000000e-04, 2.172660000000000e-03, 5.933632002636234e-01, 0.000000000000000e+00, 0.000000000000000e+00, 1.051004091709025e+05, 1.000000000000000e-10, 8.518655972926017e+08
346, 2.551370000000000e-05, -8.154233000000000e-04, 5.952426526222931e-01, 0.000000000000000e+00, 0.000000000000000e+00, 1.053695047805371e+05, 1.000000000000000e-10, 8.478477530840949e+08
347, 4.418631000000000e-04, -3.780176900000000e-03, 5.801732627428000e-01, 0.000000000000000e+00, 0.000000000000000e+00, 1.026034381409121e+05, 1.000000000000000e-10, 8.707080219334439e+08
348, 1.178979700000000e-03, -6.683559600000000e-03, 5.583476415126277e-01, 0.000000000000000e+00, 0.000000000000000e+00, 9.862150804564171e+04, 1.000000000000000e-10, 9.038381197900414e+08
349, 2.119737600000000e-03, -9.527886300000000e-03, 5.277754980716243e-01, 0.000000000000000e+00, 0.000000000000000e+00, 9.308215052522637e+04, 1.000000000000000e-10, 9.550363969673500e+08
350, 3.491510200000000e-03, -1.218239690000000e-02, 4.839408789871336e-01, 0.000000000000000e+00, 0.000000000000000e+00, 8.518028300940550e+04, 1.000000000000000e-10, 1.040131791567415e+09
351, 5.352275100000000e-03, -1.453005090000000e-02, 4.480757983104700e-01, 0.000000000000000e+00, 0.000000000000000e+00, 7.867723636213476e+04, 1.000000000000000e-10, 1.121188610999539e+09
352, 7.355607900000000e-03, -1.675624800000000e-02, 4.200889603401715e-01, 0.000000000000000e+00, 0.000000000000000e+00, 7.357112196614013e+04, 1.000000000000000e-10, 1.193358756061072e+09
353, 9.621932400000000e-03, -1.871350840000000e-02, 3.945725289795659e-01, 0.000000000000000e+00, 0.000000000000000e+00, 6.892748012046219e+04, 1.000000000000000e-10, 1.268592392112489e+09
354, 1.205590760000000e-02, -2.046042230000000e-02, 3.800863853549226e-01, 0.000000000000000e+00, 0.000000000000000e+00, 6.624516796710261e+04, 1.000000000000000e-10, 1.314714065361474e+09
355, 1.455955480000000e-02, -2.210638150000000e-02, 3.718323972588065e-01, 0.000000000000000e+00, 0.000000000000000e+00, 6.466546066821472e+04, 1.000000000000000e-10, 1.341519321143132e+09
356, 1.711312970000000e-02, -2.367378560000000e-02, 3.627705282753674e-01, 0.000000000000000e+00, 0.000000000000000e+00, 6.296266073297078e+04, 1.000000000000000e-10, 1.372781330970221e+09
357, 1.972005420000000e-02, -2.515057360000000e-02, 3.484722548884618e-01, 0.000000000000000e+00, 0.000000000000000e+00, 6.036956296595903e+04, 1.000000000000000e-10, 1.426900320277647e+09
358, 2.239892040000000e-02, -2.649200820000000e-02, 3.291401679441023e-01, 0.000000000000000e+00, 0.000000000000000e+00, 5.691924461021754e+04, 1.000000000000000e-10, 1.508540054379736e+09
359, 2.514218880000000e-02, -2.769671360000000e-02, 3.136066256388426e-01, 0.000000000000000e+00, 0.000000000000000e+00, 5.415149152466146e+04, 1.000000000000000e-10, 1.581664702380131e+09
360, 2.792514050000000e-02, -2.880708720000000e-02, 3.050050851302876e-01, 0.000000000000000e+00, 0.000000000000000e+00, 5.259848213849015e+04, 1.000000000000000e-10, 1.624565130540879e+09
361, 3.072579640000000e-02, -2.987219160000000e-02, 3.009688787625137e-01, 0.000000000000000e+00, 0.000000000000000e+00, 5.184164823865779e+04, 1.000000000000000e-10, 1.644780260068558e+09
362, 3.355101120000000e-02, -3.087007190000000e-02, 2.997290634685582e-01, 0.000000000000000e+00, 0.000000000000000e+00, 5.157549938056935e+04, 1.000000000000000e-10, 1.650235198192286e+09
363, 3.640010390000000e-02, -3.179774150000000e-02, 2.992487796021345e-01, 0.000000000000000e+00, 0.000000000000000e+00, 5.144774164262993e+04, 1.000000000000000e-10, 1.651733028408044e+09
364, 3.926405390000000e-02, -3.267859480000000e-02, 2.981138021682376e-01, 0.000000000000000e+00, 0.000000000000000e+00, 5.121533136595752e+04, 1.000000000000000e-10, 1.657037845548995e+09
365, 4.213857070000000e-02, -3.352425530000000e-02, 2.964292682544433e-01, 0.000000000000000e+00, 0.000000000000000e+00, 5.089314915917844e+04, 1.000000000000000e-10, 1.665620045695061e+09
366, 4.502736230000000e-02, -3.431981760000000e-02, 2.944784367377732e-01, 0.000000000000000e+00, 0.000000000000000e+00, 5.052913917454927e+04, 1.000000000000000e-10, 1.675878554336389e+09
367, 4.792660680000000e-02, -3.507646140000000e-02, 2.930133117959345e-01, 0.000000000000000e+00, 0.000000000000000e+00, 5.025184471429512e+04, 1.000000000000000e-10, 1.683550436451600e+09
368, 5.083275460000000e-02, -3.580616600000000e-02, 2.927122434602010e-01, 0.000000000000000e+00, 0.000000000000000e+00, 5.017432835219589e+04, 1.000000000000000e-10, 1.684629075058077e+09
369, 5.374765330000000e-02, -3.650004220000000e-02, 2.941583297198702e-01, 0.000000000000000e+00, 0.000000000000000e+00, 5.039298656946561e+04, 1.000000000000000e-10, 1.675554560096692e+09
370, 5.666961100000000e-02, -3.716362050000000e-02, 2.961568027925713e-01, 0.000000000000000e+00, 0.000000000000000e+00, 5.070690652593333e+04, 1.000000000000000e-10, 1.663475958543034e+09
371, 5.959522020000000e-02, -3.781094180000000e-02, 2.973960078641279e-01, 0.000000000000000e+00, 0.000000000000000e+00, 5.089444457896173e+04, 1.000000000000000e-10, 1.655873892590687e+09
372, 6.252243709999999e-02, -3.845095230000000e-02, 2.973080964604225e-01, 0.000000000000000e+00, 0.000000000000000e+00, 5.085846637251628e+04, 1.000000000000000e-10, 1.655822871590376e+09
373, 6.545274740000000e-02, -3.907663200000000e-02, 2.958017381558720e-01, 0.000000000000000e+00, 0.000000000000000e+00, 5.058318239242829e+04, 1.000000000000000e-10, 1.663782337453915e+09
374, 6.838760620000001e-02, -3.968059320000000e-02, 2.934644698364930e-01, 0.000000000000000e+00, 0.000000000000000e+00, 5.016580294860750e+04, 1.000000000000000e-10, 1.676541559465370e+09
375, 7.132826930000000e-02, -4.025560110000000e-02, 2.911420552379746e-01, 0.000000000000000e+00, 0.000000000000000e+00, 4.974909889470520e+04, 1.000000000000000e-10, 1.689363430808414e+09
376, 7.427458960000000e-02, -4.080090600000000e-02, 2.884735524402465e-01, 0.000000000000000e+00, 0.000000000000000e+00, 4.926725349781393e+04, 1.000000000000000e-10, 1.704263498615775e+09
377, 7.722505590000001e-02, -4.132334090000000e-02, 2.853609480860724e-01, 0.000000000000000e+00, 0.000000000000000e+00, 4.870787549408167e+04, 1.000000000000000e-10, 1.722050347383851e+09
378, 8.017823220000000e-02, -4.183025210000000e-02, 2.830595065688833e-01, 0.000000000000000e+00, 0.000000000000000e+00, 4.828455309361078e+04, 1.000000000000000e-10, 1.735178959692758e+09
379, 8.313435769999999e-02, -4.231964410000000e-02, 2.825262740084095e-01, 0.000000000000000e+00, 0.000000000000000e+00, 4.816002284334139e+04, 1.000000000000000e-10, 1.737476258159058e+09
380, 8.609333900000000e-02, -4.279148640000000e-02, 2.821970385111566e-01, 0.000000000000000e+00, 0.000000000000000e+00, 4.807300675025726e+04, 1.000000000000000e-10, 1.738590150805020e+09
381, 8.905390220000001e-02, -4.325331250000000e-02, 2.813655574878038e-01, 0.000000000000000e+00, 0.000000000000000e+00, 4.790660225308781e+04, 1.000000000000000e-10, 1.742961013202828e+09
382, 9.201521220000000e-02, -4.371032730000000e-02, 2.806311948662402e-01, 0.000000000000000e+00, 0.000000000000000e+00, 4.776215415154793e+04, 1.000000000000000e-10, 1.746941549428369e+09
383, 9.497777180000000e-02, -4.415916550000000e-02, 2.811807206348420e-01, 0.000000000000000e+00, 0.000000000000000e+00, 4.784024854526757e+04, 1.000000000000000e-10, 1.743073368754265e+09
384, 9.794161960000000e-02, -4.459941640000000e-02, 2.830879804080982e-01, 0.000000000000000e+00, 0.000000000000000e+00, 4.814326854180692e+04, 1.000000000000000e-10, 1.730698188675050e+09
385, 1.009067324000000e-01, -4.503106510000000e-02, 2.845682623071037e-01, 0.000000000000000e+00, 0.000000000000000e+00, 4.836700041504449e+04, 1.000000000000000e-10, 1.720877761684046e+09
386, 1.038730870000000e-01, -4.545409720000000e-02, 2.854080992536306e-01, 0.000000000000000e+00, 0.000000000000000e+00, 4.847543756472318e+04, 1.000000000000000e-10, 1.714797065449092e+09
387, 1.068406597000000e-01, -4.586849830000000e-02, 2.859107368240847e-01, 0.000000000000000e+00, 0.000000000000000e+00, 4.852233757025665e+04, 1.000000000000000e-10, 1.710672793424966e+09
388, 1.098094267000000e-01, -4.627425440000000e-02, 2.864199189965385e-01, 0.000000000000000e+00, 0.000000000000000e+00, 4.856859486188208e+04, 1.000000000000000e-10, 1.706481794760105e+09
389, 1.127793642000000e-01, -4.667135170000000e-02, 2.870616948960057e-01, 0.000000000000000e+00, 0.000000000000000e+00, 4.863759150232995e+04, 1.000000000000000e-10, 1.701526198736816e+09
390, 1.157504483000000e-01, -4.705977670000000e-02, 2.878145651300416e-01, 0.000000000000000e+00, 0.000000000000000e+00, 4.872736416467994e+04, 1.000000000000000e-10, 1.696030987075150e+09
391, 1.187226550000000e-01, -4.743951610000000e-02, 2.885986536598786e-01, 0.000000000000000e+00, 0.000000000000000e+00, 4.882582361664017e+04, 1.000000000000000e-10, 1.690451050035591e+09
392, 1.216959602000000e-01, -4.781055690000000e-02, 2.893287331733296e-01, 0.000000000000000e+00, 0.000000000000000e+00, 4.891942752177228e+04, 1.000000000000000e-10, 1.685339554716862e+09
393, 1.246703396000000e-01, -4.817288640000000e-02, 2.899468283062783e-01, 0.000000000000000e+00, 0.000000000000000e+00, 4.899844114120999e+04, 1.000000000000000e-10, 1.681039786832101e+09
394, 1.276457687000000e-01, -4.852649220000000e-02, 2.903778541390643e-01, 0.000000000000000e+00, 0.000000000000000e+00, 4.904944713994885e+04, 1.000000000000000e-10, 1.677932651001652e+09
395, 1.306222230000000e-01, -4.887136210000000e-02, 2.904961542312877e-01, 0.000000000000000e+00, 0.000000000000000e+00, 4.904998420727036e+04, 1.000000000000000e-10, 1.676699209776333e+09
396, 1.335996778000000e-01, -4.920748410000000e-02, 2.903583591266778e-01, 0.000000000000000e+00, 0.000000000000000e+00, 4.900856663997255e+04, 1.000000000000000e-10, 1.676954692775092e+09
397, 1.365781084000000e-01, -4.953484670000000e-02, 2.903483421585367e-01, 0.000000000000000e+00, 0.000000000000000e+00, 4.898973125555014e+04, 1.000000000000000e-10, 1.676531748024000e+09
398, 1.395574899000000e-01, -4.985343850000000e-02, 2.904641872674885e-01, 0.000000000000000e+00, 0.000000000000000e+00, 4.899427314207928e+04, 1.000000000000000e-10, 1.675442574000093e+09
399, 1.425377974000000e-01, -5.016324850000000e-02, 2.897000456378329e-01, 0.000000000000000e+00, 0.000000000000000e+00, 4.885513085355255e+04, 1.000000000000000e-10, 1.679622655433198e+09
400, 1.455190058000000e-01, -5.046426590000000e-02, 2.876185621829320e-01, 0.000000000000000e+00, 0.000000000000000e+00, 4.850157296623470e+04, 1.000000000000000e-10, 1.691705522423182e+09
401, 1.485010900000000e-01, -5.075648020000000e-02, 2.853733355696667e-01, 0.000000000000000e+00, 0.000000000000000e+00, 4.812649016315204e+04, 1.000000000000000e-10, 1.705123413709706e+09
402, 1.514841115000000e-01, -5.103895140000000e-02, 2.847236744386860e-01, 0.000000000000000e+00, 0.000000000000000e+00, 4.802325729339968e+04, 1.000000000000000e-10, 1.709198649582901e+09
403, 1.544682859000000e-01, -5.130898220000000e-02, 2.866867339161801e-01, 0.000000000000000e+00, 0.000000000000000e+00, 4.835155730690867e+04, 1.000000000000000e-10, 1.697432793082727e+09
404, 1.574529831000000e-01, -5.157318600000000e-02, 2.887719023272867e-01, 0.000000000000000e+00, 0.000000000000000e+00, 4.869518410061208e+04, 1.000000000000000e-10, 1.684947636334237e+09
405, 1.604374954000000e-01, -5.183946610000000e-02, 2.892594479968904e-01, 0.000000000000000e+00, 0.000000000000000e+00, 4.876947675839745e+04, 1.000000000000000e-10, 1.681812249324438e+09
406, 1.634214633000000e-01, -5.211178220000000e-02, 2.882166798402971e-01, 0.000000000000000e+00, 0.000000000000000e+00, 4.858744465766321e+04, 1.000000000000000e-10, 1.687719942335947e+09
407, 1.664054524000000e-01, -5.238386490000000e-02, 2.866013115741465e-01, 0.000000000000000e+00, 0.000000000000000e+00, 4.831120012983540e+04, 1.000000000000000e-10, 1.697110214490704e+09
408, 1.693901711000000e-01, -5.264780400000000e-02, 2.860312260043861e-01, 0.000000000000000e+00, 0.000000000000000e+00, 4.820887054414485e+04, 1.000000000000000e-10, 1.700348329552548e+09
409, 1.723759785000000e-01, -5.289913550000000e-02, 2.855906295056711e-01, 0.000000000000000e+00, 0.000000000000000e+00, 4.812256465045614e+04, 1.000000000000000e-10, 1.702633837609569e+09
410, 1.753625325000000e-01, -5.314143690000000e-02, 2.834499687693725e-01, 0.000000000000000e+00, 0.000000000000000e+00, 4.774930364856866e+04, 1.000000000000000e-10, 1.715122676406053e+09
411, 1.783497926000000e-01, -5.337487290000000e-02, 2.807000426668762e-01, 0.000000000000000e+00, 0.000000000000000e+00, 4.727382387516359e+04, 1.000000000000000e-10, 1.731559429484262e+09
412, 1.813377897000000e-01, -5.359866430000000e-02, 2.791977667180610e-01, 0.000000000000000e+00, 0.000000000000000e+00, 4.700866414228485e+04, 1.000000000000000e-10, 1.740507391076715e+09
413, 1.843267059000000e-01, -5.380983240000000e-02, 2.803488936501379e-01, 0.000000000000000e+00, 0.000000000000000e+00, 4.718213279097287e+04, 1.000000000000000e-10, 1.732726879352959e+09
414, 1.873160581000000e-01, -5.401475910000000e-02, 2.819429157184641e-01, 0.000000000000000e+00, 0.000000000000000e+00, 4.742825114124399e+04, 1.000000000000000e-10, 1.722270852683831e+09
415, 1.903052907000000e-01, -5.422141550000000e-02, 2.822710295334674e-01, 0.000000000000000e+00, 0.000000000000000e+00, 4.746626990178625e+04, 1.000000000000000e-10, 1.719719827650319e+09
416, 1.932940919000000e-01, -5.443422470000000e-02, 2.812052496204119e-01, 0.000000000000000e+00, 0.000000000000000e+00, 4.727552910503832e+04, 1.000000000000000e-10, 1.725913101202175e+09
417, 1.962828856000000e-01, -5.464713860000000e-02, 2.794749175906532e-01, 0.000000000000000e+00, 0.000000000000000e+00, 4.697862915029449e+04, 1.000000000000000e-10, 1.736457567181486e+09
418, 1.992722277000000e-01, -5.485218440000000e-02, 2.786716495880158e-01, 0.000000000000000e+00, 0.000000000000000e+00, 4.683607639203902e+04, 1.000000000000000e-10, 1.741233340270487e+09
419, 2.022625407000000e-01, -5.504252520000000e-02, 2.792965297890539e-01, 0.000000000000000e+00, 0.000000000000000e+00, 4.692346704987979e+04, 1.000000000000000e-10, 1.736791632287419e+09
420, 2.052535799000000e-01, -5.522113260000000e-02, 2.796736139537658e-01, 0.000000000000000e+00, 0.000000000000000e+00, 4.696567527718834e+04, 1.000000000000000e-10, 1.733799142910912e+09
421, 2.082448433000000e-01, -5.539596050000000e-02, 2.794042386477728e-01, 0.000000000000000e+00, 0.000000000000000e+00, 4.690284825223984e+04, 1.000000000000000e-10, 1.734884432683191e+09
422, 2.112359078000000e-01, -5.557415450000000e-02, 2.793424521142968e-01, 0.000000000000000e+00, 0.000000000000000e+00, 4.687918795294341e+04, 1.000000000000000e-10, 1.734911467676039e+09
423, 2.142268969000000e-01, -5.575361380000000e-02, 2.808425443655849e-01, 0.000000000000000e+00, 0.000000000000000e+00, 4.712079214464837e+04, 1.000000000000000e-10, 1.725363295347586e+09
424, 2.172178860000000e-01, -5.593307320000000e-02, 2.833451523679718e-01, 0.000000000000000e+00, 0.000000000000000e+00, 4.752820609976903e+04, 1.000000000000000e-10, 1.709777568886211e+09
425, 2.202088738000000e-01, -5.611255380000000e-02, 2.840736223645545e-01, 0.000000000000000e+00, 0.000000000000000e+00, 4.764037303591344e+04, 1.000000000000000e-10, 1.705098515395561e+09
426, 2.231996539000000e-01, -5.629546030000000e-02, 2.831198160369829e-01, 0.000000000000000e+00, 0.000000000000000e+00, 4.747391013032408e+04, 1.000000000000000e-10, 1.710653361961332e+09
427, 2.261904122000000e-01, -5.647872410000000e-02, 2.812711540342247e-01, 0.000000000000000e+00, 0.000000000000000e+00, 4.716126409003519e+04, 1.000000000000000e-10, 1.721816959007895e+09
428, 2.291816271000000e-01, -5.665434720000000e-02, 2.800635802956526e-01, 0.000000000000000e+00, 0.000000000000000e+00, 4.695292588996472e+04, 1.000000000000000e-10, 1.729025903802274e+09
429, 2.321736636000000e-01, -5.681534020000000e-02, 2.802017674606581e-01, 0.000000000000000e+00, 0.000000000000000e+00, 4.695723829507716e+04, 1.000000000000000e-10, 1.727656106392293e+09
430, 2.351663232000000e-01, -5.696435160000000e-02, 2.811366195557866e-01, 0.000000000000000e+00, 0.000000000000000e+00, 4.708616762550727e+04, 1.000000000000000e-10, 1.721078829007557e+09
431, 2.381591812000000e-01, -5.710934150000000e-02, 2.820213004354303e-01, 0.000000000000000e+00, 0.000000000000000e+00, 4.720610007509456e+04, 1.000000000000000e-10, 1.714791644579228e+09
432, 2.411518497000000e-01, -5.725817950000000e-02, 2.816862192291421e-01, 0.000000000000000e+00, 0.000000000000000e+00, 4.712932310290653e+04, 1.000000000000000e-10, 1.716212726172434e+09
433, 2.441442544000000e-01, -5.741224130000000e-02, 2.801617543100730e-01, 0.000000000000000e+00, 0.000000000000000e+00, 4.686111130501011e+04, 1.000000000000000e-10, 1.725153608636842e+09
434, 2.471367698000000e-01, -5.756413020000000e-02, 2.782123669371876e-01, 0.000000000000000e+00, 0.000000000000000e+00, 4.652847651976049e+04, 1.000000000000000e-10, 1.737027302532323e+09
435, 2.501297829000000e-01, -5.770582350000000e-02, 2.773724094595314e-01, 0.000000000000000e+00, 0.000000000000000e+00, 4.637836860156500e+04, 1.000000000000000e-10, 1.741990272560120e+09
436, 2.531234770000000e-01, -5.783232400000000e-02, 2.782107786330116e-01, 0.000000000000000e+00, 0.000000000000000e+00, 4.649564784735587e+04, 1.000000000000000e-10, 1.736066954560714e+09
437, 2.561175599000000e-01, -5.794931300000000e-02, 2.791593174238873e-01, 0.000000000000000e+00, 0.000000000000000e+00, 4.662654894657794e+04, 1.000000000000000e-10, 1.729326335612195e+09
438, 2.591117003000000e-01, -5.806482750000000e-02, 2.792447825461811e-01, 0.000000000000000e+00, 0.000000000000000e+00, 4.661887073052611e+04, 1.000000000000000e-10, 1.728106983818261e+09
439, 2.621056177000000e-01, -5.818597470000000e-02, 2.783823451577173e-01, 0.000000000000000e+00, 0.000000000000000e+00, 4.646095839457050e+04, 1.000000000000000e-10, 1.733033631076741e+09
440, 2.650994034000000e-01, -5.831034790000000e-02, 2.767875993189683e-01, 0.000000000000000e+00, 0.000000000000000e+00, 4.618986635560889e+04, 1.000000000000000e-10, 1.742899740805956e+09
441, 2.680933813000000e-01, -5.842997970000000e-02, 2.751458061625306e-01, 0.000000000000000e+00, 0.000000000000000e+00, 4.591361071161290e+04, 1.000000000000000e-10, 1.753228182443826e+09
442, 2.710878355000000e-01, -5.853695520000000e-02, 2.744717879149898e-01, 0.000000000000000e+00, 0.000000000000000e+00, 4.579307490008698e+04, 1.000000000000000e-10, 1.757255444807822e+09
443, 2.740827683000000e-01, -5.862963070000000e-02, 2.754298630265894e-01, 0.000000000000000e+00, 0.000000000000000e+00, 4.593159561629414e+04, 1.000000000000000e-10, 1.750479743094978e+09
444, 2.770779096000000e-01, -5.871535910000000e-02, 2.764737896542881e-01, 0.000000000000000e+00, 0.000000000000000e+00, 4.608055501988734e+04, 1.000000000000000e-10, 1.743088719656641e+09
445, 2.800730188000000e-01, -5.880219320000000e-02, 2.763529055614035e-01, 0.000000000000000e+00, 0.000000000000000e+00, 4.604110426213784e+04, 1.000000000000000e-10, 1.743196754147431e+09
446, 2.830679396000000e-01, -5.889530050000000e-02, 2.750382427033928e-01, 0.000000000000000e+00, 0.000000000000000e+00, 4.581007590515962e+04, 1.000000000000000e-10, 1.751163446954514e+09
447, 2.860628383000000e-01, -5.898912130000000e-02, 2.732150683045791e-01, 0.000000000000000e+00, 0.000000000000000e+00, 4.550152082908146e+04, 1.000000000000000e-10, 1.762743751761899e+09
448, 2.890579563000000e-01, -5.907560330000000e-02, 2.723499353797402e-01, 0.000000000000000e+00, 0.000000000000000e+00, 4.535105893779951e+04, 1.000000000000000e-10, 1.768148860125844e+09
449, 2.920534568000000e-01, -5.914755270000000e-02, 2.729066297464198e-01, 0.000000000000000e+00, 0.000000000000000e+00, 4.542674724285029e+04, 1.000000000000000e-10, 1.763958061823670e+09
450, 2.950492307000000e-01, -5.920717250000000e-02, 2.732326861449047e-01, 0.000000000000000e+00, 0.000000000000000e+00, 4.546018809575900e+04, 1.000000000000000e-10, 1.761194632930278e+09
451, 2.980450890000000e-01, -5.926243910000000e-02, 2.728580537633677e-01, 0.000000000000000e+00, 0.000000000000000e+00, 4.538139149611999e+04, 1.000000000000000e-10, 1.763086531602078e+09
452, 3.010408880000000e-01, -5.932081780000000e-02, 2.725780056431534e-01, 0.000000000000000e+00, 0.000000000000000e+00, 4.532359312847634e+04, 1.000000000000000e-10, 1.764555481557154e+09
453, 3.040366569000000e-01, -5.938073310000000e-02, 2.736980444852982e-01, 0.000000000000000e+00, 0.000000000000000e+00, 4.550199959228886e+04, 1.000000000000000e-10, 1.757085708851953e+09
454, 3.070324259000000e-01, -5.944064850000000e-02, 2.758117656597964e-01, 0.000000000000000e+00, 0.000000000000000e+00, 4.584233168923880e+04, 1.000000000000000e-10, 1.743289000291324e+09
455, 3.100281949000000e-01, -5.950056430000000e-02, 2.762830929833107e-01, 0.000000000000000e+00, 0.000000000000000e+00, 4.591142632318726e+04, 1.000000000000000e-10, 1.740026752330591e+09
456, 3.130238981000000e-01, -5.956366740000000e-02, 2.751315206976042e-01, 0.000000000000000e+00, 0.000000000000000e+00, 4.571424341198467e+04, 1.000000000000000e-10, 1.747126663728987e+09
457, 3.160195838000000e-01, -5.962760330000000e-02, 2.731220367701454e-01, 0.000000000000000e+00, 0.000000000000000e+00, 4.537790174574556e+04, 1.000000000000000e-10, 1.759858942111855e+09
458, 3.190154135000000e-01, -5.968430950000000e-02, 2.719589939215679e-01, 0.000000000000000e+00, 0.000000000000000e+00, 4.517785332141010e+04, 1.000000000000000e-10, 1.767203115760595e+09
459, 3.220114804000000e-01, -5.972653310000000e-02, 2.723920610779991e-01, 0.000000000000000e+00, 0.000000000000000e+00, 4.523075879028509e+04, 1.000000000000000e-10, 1.763817632202428e+09
460, 3.250076994000000e-01, -5.975631740000000e-02, 2.728098003224582e-01, 0.000000000000000e+00, 0.000000000000000e+00, 4.527759191785126e+04, 1.000000000000000e-10, 1.760395760699151e+09
461, 3.280039605000000e-01, -5.978163410000000e-02, 2.724602736061970e-01, 0.000000000000000e+00, 0.000000000000000e+00, 4.520315050744142e+04, 1.000000000000000e-10, 1.762064506096570e+09
462, 3.310001939000000e-01, -5.981000190000000e-02, 2.718709015494656e-01, 0.000000000000000e+00, 0.000000000000000e+00, 4.509669864857809e+04, 1.000000000000000e-10, 1.765604920043654e+09
463, 3.339964122000000e-01, -5.983996410000000e-02, 2.725408966492059e-01, 0.000000000000000e+00, 0.000000000000000e+00, 4.520600130667762e+04, 1.000000000000000e-10, 1.761180365619867e+09
464, 3.369926304000000e-01, -5.986992630000000e-02, 2.743935163193980e-01, 0.000000000000000e+00, 0.000000000000000e+00, 4.551135764089414e+04, 1.000000000000000e-10, 1.749270171745796e+09
465, 3.399888487000000e-01, -5.989988850000000e-02, 2.747575891598598e-01, 0.000000000000000e+00, 0.000000000000000e+00, 4.556681299466212e+04, 1.000000000000000e-10, 1.746796666561244e+09
466, 3.429850337000000e-01, -5.993297570000000e-02, 2.737406799161356e-01, 0.000000000000000e+00, 0.000000000000000e+00, 4.539423724027611e+04, 1.000000000000000e-10, 1.753205479778428e+09
467, 3.459812085000000e-01, -5.996700070000000e-02, 2.717955846985889e-01, 0.000000000000000e+00, 0.000000000000000e+00, 4.507004716905825e+04, 1.000000000000000e-10, 1.765699456035632e+09
468, 3.489774541000000e-01, -5.999389510000000e-02, 2.702775299276562e-01, 0.000000000000000e+00, 0.000000000000000e+00, 4.481231645980877e+04, 1.000000000000000e-10, 1.775387857545841e+09
469, 3.519737926000000e-01, -6.000635760000000e-02, 2.700240898327290e-01, 0.000000000000000e+00, 0.000000000000000e+00, 4.475097070310357e+04, 1.000000000000000e-10, 1.776392383500767e+09
470, 3.549701596000000e-01, -6.000628710000000e-02, 2.706083543599082e-01, 0.000000000000000e+00, 0.000000000000000e+00, 4.481953970011888e+04, 1.000000000000000e-10, 1.771637133452064e+09
471, 3.579665241000000e-01, -6.000164710000000e-02, 2.712084371178012e-01, 0.000000000000000e+00, 0.000000000000000e+00, 4.489069643979490e+04, 1.000000000000000e-10, 1.766804264925370e+09
472, 3.609628912000000e-01, -6.000041890000000e-02, 2.706867688005489e-01, 0.000000000000000e+00, 0.000000000000000e+00, 4.478469384268962e+04, 1.000000000000000e-10, 1.769569511180591e+09
473, 3.639592561000000e-01, -6.000473460000000e-02, 2.690378658256007e-01, 0.000000000000000e+00, 0.000000000000000e+00, 4.450101847392903e+04, 1.000000000000000e-10, 1.780056904863933e+09
474, 3.669556225000000e-01, -6.000736450000000e-02, 2.669643393092087e-01, 0.000000000000000e+00, 0.000000000000000e+00, 4.415437159562579e+04, 1.000000000000000e-10, 1.793757731815252e+09
475, 3.699519795000000e-01, -6.000023780000000e-02, 2.659272093251507e-01, 0.000000000000000e+00, 0.000000000000000e+00, 4.397573900276587e+04, 1.000000000000000e-10, 1.800514072163113e+09
476, 3.729482611000000e-01, -5.997784780000000e-02, 2.664992901660347e-01, 0.000000000000000e+00, 0.000000000000000e+00, 4.404924941120521e+04, 1.000000000000000e-10, 1.795935097400612e+09
477, 3.759444535000000e-01, -5.994544400000000e-02, 2.672249707179106e-01, 0.000000000000000e+00, 0.000000000000000e+00, 4.414294109538366e+04, 1.000000000000000e-10, 1.790179625329175e+09
478, 3.789406246000000e-01, -5.991109540000000e-02, 2.671551946152380e-01, 0.000000000000000e+00, 0.000000000000000e+00, 4.411137954354340e+04, 1.000000000000000e-10, 1.789929536167922e+09
479, 3.819368521000000e-01, -5.988214390000000e-02, 2.661756136618489e-01, 0.000000000000000e+00, 0.000000000000000e+00, 4.393884269844193e+04, 1.000000000000000e-10, 1.796205245064708e+09
480, 3.849331132000000e-01, -5.985683420000000e-02, 2.644589198354486e-01, 0.000000000000000e+00, 0.000000000000000e+00, 4.365468450454351e+04, 1.000000000000000e-10, 1.807906894377789e+09
481, 3.879293339000000e-01, -5.982721620000000e-02, 2.626650225051808e-01, 0.000000000000000e+00, 0.000000000000000e+00, 4.336120304674241e+04, 1.000000000000000e-10, 1.820345542775674e+09
482, 3.909254052000000e-01, -5.978530220000000e-02, 2.618540626958113e-01, 0.000000000000000e+00, 0.000000000000000e+00, 4.322465248755207e+04, 1.000000000000000e-10, 1.825844187266145e+09
483, 3.939212391000000e-01, -5.972882000000000e-02, 2.626957797493098e-01, 0.000000000000000e+00, 0.000000000000000e+00, 4.334764405652809e+04, 1.000000000000000e-10, 1.819477449412757e+09
484, 3.969169262000000e-01, -5.966494890000000e-02, 2.635224630825043e-01, 0.000000000000000e+00, 0.000000000000000e+00, 4.346296637860081e+04, 1.000000000000000e-10, 1.813044396760675e+09
485, 3.999126274000000e-01, -5.960175120000000e-02, 2.634529012893325e-01, 0.000000000000000e+00, 0.000000000000000e+00, 4.343408735377447e+04, 1.000000000000000e-10, 1.812829554225315e+09
486, 4.029083963000000e-01, -5.954183210000000e-02, 2.631287860125298e-01, 0.000000000000000e+00, 0.000000000000000e+00, 4.336827266431769e+04, 1.000000000000000e-10, 1.814674593756427e+09
487, 4.059041653000000e-01, -5.948191670000000e-02, 2.638864090156502e-01, 0.000000000000000e+00, 0.000000000000000e+00, 4.348369236576197e+04, 1.000000000000000e-10, 1.809157779520244e+09
488, 4.088999342000000e-01, -5.942200130000000e-02, 2.656504493872469e-01, 0.000000000000000e+00, 0.000000000000000e+00, 4.376103945384523e+04, 1.000000000000000e-10, 1.796692633469067e+09
489, 4.118957316000000e-01, -5.936354160000000e-02, 2.658257497305045e-01, 0.000000000000000e+00, 0.000000000000000e+00, 4.377849744600103e+04, 1.000000000000000e-10, 1.795104451480006e+09
490, 4.148915900000000e-01, -5.930827980000000e-02, 2.643077565846593e-01, 0.000000000000000e+00, 0.000000000000000e+00, 4.352114322565140e+04, 1.000000000000000e-10, 1.805162509627061e+09
491, 4.178873672000000e-01, -5.924882410000000e-02, 2.618799092542969e-01, 0.000000000000000e+00, 0.000000000000000e+00, 4.311761890095384e+04, 1.000000000000000e-10, 1.821770859967819e+09
492, 4.208828751000000e-01, -5.917718310000000e-02, 2.605285962482406e-01, 0.000000000000000e+00, 0.000000000000000e+00, 4.288663796271134e+04, 1.000000000000000e-10, 1.830964921894215e+09
493, 4.238779996000000e-01, -5.909092720000000e-02, 2.612841815457514e-01, 0.000000000000000e+00, 0.000000000000000e+00, 4.298943746168714e+04, 1.000000000000000e-10, 1.824898539829133e+09
494, 4.268729004000000e-01, -5.899717340000000e-02, 2.623306600280417e-01, 0.000000000000000e+00, 0.000000000000000e+00, 4.313651864830543e+04, 1.000000000000000e-10, 1.816746458778675e+09
495, 4.298678186000000e-01, -5.890397410000000e-02, 2.623071057263263e-01, 0.000000000000000e+00, 0.000000000000000e+00, 4.311461385864400e+04, 1.000000000000000e-10, 1.816282785570298e+09
496, 4.328629246000000e-01, -5.881703720000000e-02, 2.611367282841090e-01, 0.000000000000000e+00, 0.000000000000000e+00, 4.291315811297766e+04, 1.000000000000000e-10, 1.824104434174963e+09
497, 4.358580675000000e-01, -5.873136490000000e-02, 2.594008251505726e-01, 0.000000000000000e+00, 0.000000000000000e+00, 4.262647319269798e+04, 1.000000000000000e-10, 1.836248218415551e+09
498, 4.388530070000000e-01, -5.863890460000000e-02, 2.582691370998673e-01, 0.000000000000000e+00, 0.000000000000000e+00, 4.243620798880966e+04, 1.000000000000000e-10, 1.844114513744673e+09
499, 4.418474723000000e-01, -5.853224060000000e-02, 2.582584024145782e-01, 0.000000000000000e+00, 0.000000000000000e+00, 4.241476962669392e+04, 1.000000000000000e-10, 1.843463164637392e+09
500, 4.448414571000000e-01, -5.841278340000000e-02, 2.589912733963774e-01, 0.000000000000000e+00, 0.000000000000000e+00, 4.250373603353950e+04, 1.000000000000000e-10, 1.837155467554068e+09
501, 4.478352435000000e-01, -5.828842610000000e-02, 2.597456580567332e-01, 0.000000000000000e+00, 0.000000000000000e+00, 4.259437595865347e+04, 1.000000000000000e-10, 1.830642994440196e+09
502, 4.508291556000000e-01, -5.816714900000000e-02, 2.594303508851123e-01, 0.000000000000000e+00, 0.000000000000000e+00, 4.251778485215222e+04, 1.000000000000000e-10, 1.831979309079103e+09
503, 4.538232940000000e-01, -5.805158270000000e-02, 2.580044076594177e-01, 0.000000000000000e+00, 0.000000000000000e+00, 4.226862281968468e+04, 1.000000000000000e-10, 1.841576392426930e+09
504, 4.568173812000000e-01, -5.793470060000000e-02, 2.560970140111187e-01, 0.000000000000000e+00, 0.000000000000000e+00, 4.194822232192098e+04, 1.000000000000000e-10, 1.855003270135339e+09
505, 4.598110864000000e-01, -5.780846580000000e-02, 2.551169164221587e-01, 0.000000000000000e+00, 0.000000000000000e+00, 4.177621589216438e+04, 1.000000000000000e-10, 1.861691603884717e+09
506, 4.628041128000000e-01, -5.766705430000000e-02, 2.557291217351696e-01, 0.000000000000000e+00, 0.000000000000000e+00, 4.185099903114037e+04, 1.000000000000000e-10, 1.856301630201733e+09
507, 4.657966345000000e-01, -5.751528910000000e-02, 2.564866855506238e-01, 0.000000000000000e+00, 0.000000000000000e+00, 4.194456893036656e+04, 1.000000000000000e-10, 1.849706086456398e+09
508, 4.687890375000000e-01, -5.736119260000000e-02, 2.563417912198529e-01, 0.000000000000000e+00, 0.000000000000000e+00, 4.189698368963888e+04, 1.000000000000000e-10, 1.849879933966605e+09
509, 4.717816992000000e-01, -5.721221950000000e-02, 2.553102210809849e-01, 0.000000000000000e+00, 0.000000000000000e+00, 4.171298325342578e+04, 1.000000000000000e-10, 1.856787773707092e+09
510, 4.747745571000000e-01, -5.706722820000000e-02, 2.539263637764175e-01, 0.000000000000000e+00, 0.000000000000000e+00, 4.147716067345670e+04, 1.000000000000000e-10, 1.866528084641268e+09
511, 4.777672246000000e-01, -5.691837390000000e-02, 2.531305870695858e-01, 0.000000000000000e+00, 0.000000000000000e+00, 4.132827716585890e+04, 1.000000000000000e-10, 1.871728646656555e+09
512, 4.807592922000000e-01, -5.675795070000000e-02, 2.528995952423842e-01, 0.000000000000000e+00, 0.000000000000000e+00, 4.124284507583813e+04, 1.000000000000000e-10, 1.871647867895304e+09
513, 4.837507599000000e-01, -5.658667410000000e-02, 2.525394398548159e-01, 0.000000000000000e+00, 0.000000000000000e+00, 4.110419358178547e+04, 1.000000000000000e-10, 1.871278563552451e+09
514, 4.867417038000000e-01, -5.640648100000000e-02, 2.524481680571629e-01, 0.000000000000000e+00, 0.000000000000000e+00, 4.098354229502604e+04, 1.000000000000000e-10, 1.868008001827999e+09
515, 4.897320976000000e-01, -5.621737780000000e-02, 2.530916122584653e-01, 0.000000000000000e+00, 0.000000000000000e+00, 4.096882977299991e+04, 1.000000000000000e-10, 1.858781531773623e+09
516, 4.927219151000000e-01, -5.601937110000000e-02, 2.540612308309941e-01, 0.000000000000000e+00, 0.000000000000000e+00, 4.101268028323993e+04, 1.000000000000000e-10, 1.847406177532192e+09
517, 4.957111300000000e-01, -5.581246800000000e-02, 2.550845603673525e-01, 0.000000000000000e+00, 0.000000000000000e+00, 4.109429852003466e+04, 1.000000000000000e-10, 1.836873845303409e+09
518, 4.986997164000000e-01, -5.559667590000000e-02, 2.570838718691786e-01, 0.000000000000000e+00, 0.000000000000000e+00, 4.137021057335337e+04, 1.000000000000000e-10, 1.820944073098722e+09
519, 5.016875582000000e-01, -5.537082560000000e-02, 2.620019064150920e-01, 0.000000000000000e+00, 0.000000000000000e+00, 4.215502153677599e+04, 1.000000000000000e-10, 1.786530864961040e+09
520, 5.046744459000000e-01, -5.513267300000000e-02, 2.715262996120206e-01, 0.000000000000000e+00, 0.000000000000000e+00, 4.372485128347232e+04, 1.000000000000000e-10, 1.725123001838565e+09
521, 5.076609077000001e-01, -5.488922320000000e-02, 2.829427711126569e-01, 0.000000000000000e+00, 0.000000000000000e+00, 4.565834797880430e+04, 1.000000000000000e-10, 1.658380610815662e+09
522, 5.106475810000000e-01, -5.464838960000000e-02, 2.932716659346430e-01, 0.000000000000000e+00, 0.000000000000000e+00, 4.747909756613895e+04, 1.000000000000000e-10, 1.604264539292044e+09
523, 5.136347221999999e-01, -5.441342690000000e-02, 3.017981388654659e-01, 0.000000000000000e+00, 0.000000000000000e+00, 4.906059287144068e+04, 1.000000000000000e-10, 1.564271258227379e+09
524, 5.166218002000000e-01, -5.417766240000000e-02, 3.090927114682895e-01, 0.000000000000000e+00, 0.000000000000000e+00, 5.049170970670986e+04, 1.000000000000000e-10, 1.533519559445625e+09
525, 5.196081732000000e-01, -5.393315480000000e-02, 3.163127031796102e-01, 0.000000000000000e+00, 0.000000000000000e+00, 5.193838533534304e+04, 1.000000000000000e-10, 1.504925585704835e+09
526, 5.225935011000000e-01, -5.367618930000000e-02, 3.227805204045941e-01, 0.000000000000000e+00, 0.000000000000000e+00, 5.325977853076340e+04, 1.000000000000000e-10, 1.480705709899889e+09
527, 5.255780483000000e-01, -5.341030860000000e-02, 3.275040104456268e-01, 0.000000000000000e+00, 0.000000000000000e+00, 5.427857080829121e+04, 1.000000000000000e-10, 1.464663935215767e+09
528, 5.285617956000001e-01, -5.313559520000000e-02, 3.306666586138566e-01, 0.000000000000000e+00, 0.000000000000000e+00, 5.502501608402756e+04, 1.000000000000000e-10, 1.455524772973660e+09
529, 5.315447173000000e-01, -5.285205880000000e-02, 3.322576112468197e-01, 0.000000000000000e+00, 0.000000000000000e+00, 5.549618876844882e+04, 1.000000000000000e-10, 1.453000145285848e+09
530, 5.345267882000000e-01, -5.255970920000000e-02, 3.325439680894690e-01, 0.000000000000000e+00, 0.000000000000000e+00, 5.573659303516090e+04, 1.000000000000000e-10, 1.455858110808543e+09
531, 5.375079829000000e-01, -5.225855670000000e-02, 3.330798151246558e-01, 0.000000000000000e+00, 0.000000000000000e+00, 5.600261997539790e+04, 1.000000000000000e-10, 1.457224906620448e+09
532, 5.404882648000000e-01, -5.194849960000000e-02, 3.351295896672857e-01, 0.000000000000000e+00, 0.000000000000000e+00, 5.650820175477598e+04, 1.000000000000000e-10, 1.451741007934069e+09
533, 5.434672252000000e-01, -5.162600380000000e-02, 3.389251621148552e-01, 0.000000000000000e+00, 0.000000000000000e+00, 5.729133258102874e+04, 1.000000000000000e-10, 1.438469579606227e+09
534, 5.464452645000000e-01, -5.129509310000000e-02, 3.416957895472096e-01, 0.000000000000000e+00, 0.000000000000000e+00, 5.788440980245827e+04, 1.000000000000000e-10, 1.429328527835854e+09
535, 5.494232392000000e-01, -5.096360040000000e-02, 3.425364974678370e-01, 0.000000000000000e+00, 0.000000000000000e+00, 5.813346702533219e+04, 1.000000000000000e-10, 1.427902133848806e+09
536, 5.524018620000000e-01, -5.063798680000000e-02, 3.423739002726297e-01, 0.000000000000000e+00, 0.000000000000000e+00, 5.820046438231593e+04, 1.000000000000000e-10, 1.430482536948922e+09
537, 5.553807501000000e-01, -5.031480440000000e-02, 3.426701347482132e-01, 0.000000000000000e+00, 0.000000000000000e+00, 5.833452993879079e+04, 1.000000000000000e-10, 1.430914345116163e+09
538, 5.583590480000000e-01, -4.998623770000000e-02, 3.445878174229299e-01, 0.000000000000000e+00, 0.000000000000000e+00, 5.874280436448599e+04, 1.000000000000000e-10, 1.424619065513466e+09
539, 5.613359734000000e-01, -4.964547060000000e-02, 3.469182852117090e-01, 0.000000000000000e+00, 0.000000000000000e+00, 5.922596993664542e+04, 1.000000000000000e-10, 1.416769045053859e+09
540, 5.643117559000000e-01, -4.929485250000000e-02, 3.481741082019583e-01, 0.000000000000000e+00, 0.000000000000000e+00, 5.953440713587062e+04, 1.000000000000000e-10, 1.413482948623848e+09
541, 5.672864971000000e-01, -4.893550630000000e-02, 3.485671443213229e-01, 0.000000000000000e+00, 0.000000000000000e+00, 5.970377452950531e+04, 1.000000000000000e-10, 1.413832023174400e+09
542, 5.702601725000001e-01, -4.856744460000000e-02, 3.486781248555363e-01, 0.000000000000000e+00, 0.000000000000000e+00, 5.983230406895859e+04, 1.000000000000000e-10, 1.415496805301052e+09
543, 5.732327578000000e-01, -4.819067990000000e-02, 3.490367732900250e-01, 0.000000000000000e+00, 0.000000000000000e+00, 6.000870055992535e+04, 1.000000000000000e-10, 1.416235940584869e+09
544, 5.762042288000000e-01, -4.780522520000000e-02, 3.500020793877818e-01, 0.000000000000000e+00, 0.000000000000000e+00, 6.029223849431441e+04, 1.000000000000000e-10, 1.414580757308536e+09
545, 5.791745615000000e-01, -4.741109350000000e-02, 3.514329169037158e-01, 0.000000000000000e+00, 0.000000000000000e+00, 6.065461612143605e+04, 1.000000000000000e-10, 1.411018667941836e+09
546, 5.821437317000000e-01, -4.700829840000000e-02, 3.524598927384753e-01, 0.000000000000000e+00, 0.000000000000000e+00, 6.093932516441739e+04, 1.000000000000000e-10, 1.408951879434515e+09
547, 5.851117156000000e-01, -4.659685360000000e-02, 3.527352183116805e-01, 0.000000000000000e+00, 0.000000000000000e+00, 6.108026426333024e+04, 1.000000000000000e-10, 1.409605901260667e+09
548, 5.880784894000000e-01, -4.617677290000000e-02, 3.529922803352830e-01, 0.000000000000000e+00, 0.000000000000000e+00, 6.120635508896886e+04, 1.000000000000000e-10, 1.410108984942838e+09
549, 5.910439602000001e-01, -4.574759280000000e-02, 3.543803948992706e-01, 0.000000000000000e+00, 0.000000000000000e+00, 6.151952357019269e+04, 1.000000000000000e-10, 1.405887458641936e+09
550, 5.940076158000001e-01, -4.530605300000000e-02, 3.571573055990061e-01, 0.000000000000000e+00, 0.000000000000000e+00, 6.207093700983137e+04, 1.000000000000000e-10, 1.396251145081074e+09
551, 5.969702442000000e-01, -4.485766250000000e-02, 3.592729353698784e-01, 0.000000000000000e+00, 0.000000000000000e+00, 6.250218317754558e+04, 1.000000000000000e-10, 1.389177911597421e+09
552, 5.999329905000000e-01, -4.441005360000000e-02, 3.601146963807858e-01, 0.000000000000000e+00, 0.000000000000000e+00, 6.269752768446272e+04, 1.000000000000000e-10, 1.386772287386327e+09
553, 6.028966429000000e-01, -4.396848360000000e-02, 3.603259670688916e-01, 0.000000000000000e+00, 0.000000000000000e+00, 6.276976655831513e+04, 1.000000000000000e-10, 1.386600590514950e+09
554, 6.058604630000000e-01, -4.352803920000000e-02, 3.609514072080239e-01, 0.000000000000000e+00, 0.000000000000000e+00, 6.290194877421955e+04, 1.000000000000000e-10, 1.384637112690797e+09
555, 6.088233068000000e-01, -4.308108430000000e-02, 3.627629247902169e-01, 0.000000000000000e+00, 0.000000000000000e+00, 6.324097440376254e+04, 1.000000000000000e-10, 1.378135925234985e+09
556, 6.117840715000000e-01, -4.262056990000000e-02, 3.650550904717026e-01, 0.000000000000000e+00, 0.000000000000000e+00, 6.367195290903799e+04, 1.000000000000000e-10, 1.370034865838494e+09
557, 6.147428891000000e-01, -4.214769180000000e-02, 3.669603248961824e-01, 0.000000000000000e+00, 0.000000000000000e+00, 6.404289963528348e+04, 1.000000000000000e-10, 1.363590069403012e+09
558, 6.177009164000000e-01, -4.166988860000000e-02, 3.682079910638964e-01, 0.000000000000000e+00, 0.000000000000000e+00, 6.429731901124931e+04, 1.000000000000000e-10, 1.359592458178214e+09
559, 6.206593651000000e-01, -4.119470460000000e-02, 3.687592899458699e-01, 0.000000000000000e+00, 0.000000000000000e+00, 6.441994630149726e+04, 1.000000000000000e-10, 1.358011090546025e+09
560, 6.236187181000000e-01, -4.072518330000000e-02, 3.691459469595990e-01, 0.000000000000000e+00, 0.000000000000000e+00, 6.450367683416461e+04, 1.000000000000000e-10, 1.356892130921857e+09
561, 6.265779548000000e-01, -4.025493070000000e-02, 3.702014084246243e-01, 0.000000000000000e+00, 0.000000000000000e+00, 6.469521495509626e+04, 1.000000000000000e-10, 1.353144303617397e+09
562, 6.295358580000000e-01, -3.977637300000000e-02, 3.725914816390996e-01, 0.000000000000000e+00, 0.000000000000000e+00, 6.512015236549160e+04, 1.000000000000000e-10, 1.344584767655986e+09
563, 6.324917848000000e-01, -3.928575100000000e-02, 3.748849458457921e-01, 0.000000000000000e+00, 0.000000000000000e+00, 6.553170252108156e+04, 1.000000000000000e-10, 1.336536190734907e+09
564, 6.354462727000000e-01, -3.878653410000000e-02, 3.757925952428923e-01, 0.000000000000000e+00, 0.000000000000000e+00, 6.570137385392297e+04, 1.000000000000000e-10, 1.333481061768007e+09
565, 6.383993153000000e-01, -3.827883870000000e-02, 3.762616603756770e-01, 0.000000000000000e+00, 0.000000000000000e+00, 6.579349201456536e+04, 1.000000000000000e-10, 1.331984840055175e+09
566, 6.413507560000000e-01, -3.776191640000000e-02, 3.776961377665650e-01, 0.000000000000000e+00, 0.000000000000000e+00, 6.605486663331401e+04, 1.000000000000000e-10, 1.327081203571467e+09
567, 6.443000666000001e-01, -3.723297330000000e-02, 3.804337397538555e-01, 0.000000000000000e+00, 0.000000000000000e+00, 6.654946473876879e+04, 1.000000000000000e-10, 1.317792686717526e+09
568, 6.472482997000000e-01, -3.669805020000000e-02, 3.823212938761319e-01, 0.000000000000000e+00, 0.000000000000000e+00, 6.690040480684383e+04, 1.000000000000000e-10, 1.311634001399824e+09
569, 6.501967952000000e-01, -3.616457690000000e-02, 3.831559660345308e-01, 0.000000000000000e+00, 0.000000000000000e+00, 6.706713481158232e+04, 1.000000000000000e-10, 1.309104272641230e+09
570, 6.531457706000000e-01, -3.563376130000000e-02, 3.840491179299233e-01, 0.000000000000000e+00, 0.000000000000000e+00, 6.724588453080370e+04, 1.000000000000000e-10, 1.306413188617769e+09
571, 6.560947461000000e-01, -3.510294570000000e-02, 3.859334359916758e-01, 0.000000000000000e+00, 0.000000000000000e+00, 6.760004805120132e+04, 1.000000000000000e-10, 1.300401506878465e+09
572, 6.590437216000000e-01, -3.457213010000000e-02, 3.876549189202841e-01, 0.000000000000000e+00, 0.000000000000000e+00, 6.793307339720619e+04, 1.000000000000000e-10, 1.295112885128499e+09
573, 6.619929736000000e-01, -3.404285490000000e-02, 3.886395146639884e-01, 0.000000000000000e+00, 0.000000000000000e+00, 6.813515850414868e+04, 1.000000000000000e-10, 1.292286411061119e+09
574, 6.649427455000000e-01, -3.351648340000000e-02, 3.889606245385678e-01, 0.000000000000000e+00, 0.000000000000000e+00, 6.821749887921954e+04, 1.000000000000000e-10, 1.291619591345719e+09
575, 6.678917876000000e-01, -3.298604320000000e-02, 3.895056717073983e-01, 0.000000000000000e+00, 0.000000000000000e+00, 6.833565282385846e+04, 1.000000000000000e-10, 1.290153425971103e+09
576, 6.708387459000000e-01, -3.244415800000000e-02, 3.912482192098474e-01, 0.000000000000000e+00, 0.000000000000000e+00, 6.866782105888834e+04, 1.000000000000000e-10, 1.284808755803212e+09
577, 6.737831424000000e-01, -3.188851370000000e-02, 3.935677873808480e-01, 0.000000000000000e+00, 0.000000000000000e+00, 6.910697019104515e+04, 1.000000000000000e-10, 1.277716083152927e+09
578, 6.767261656000000e-01, -3.132563310000000e-02, 3.949953632065107e-01, 0.000000000000000e+00, 0.000000000000000e+00, 6.938939309320242e+04, 1.000000000000000e-10, 1.273570810909262e+09
579, 6.796692174000000e-01, -3.076290160000000e-02, 3.956736325817462e-01, 0.000000000000000e+00, 0.000000000000000e+00, 6.953028674745253e+04, 1.000000000000000e-10, 1.271696872958606e+09
580, 6.826129130000000e-01, -3.020354650000000e-02, 3.963359049283223e-01, 0.000000000000000e+00, 0.000000000000000e+00, 6.965676207746743e+04, 1.000000000000000e-10, 1.269721096731916e+09
581, 6.855566182000000e-01, -2.964424250000000e-02, 3.973874091714243e-01, 0.000000000000000e+00, 0.000000000000000e+00, 6.983895026284643e+04, 1.000000000000000e-10, 1.266298546433324e+09
582, 6.885003235000000e-01, -2.908493850000000e-02, 3.990280018222306e-01, 0.000000000000000e+00, 0.000000000000000e+00, 7.011942808846587e+04, 1.000000000000000e-10, 1.260977765158899e+09
583, 6.914440287000000e-01, -2.852563450000000e-02, 4.006737464168467e-01, 0.000000000000000e+00, 0.000000000000000e+00, 7.040034748414584e+04, 1.000000000000000e-10, 1.255678634162531e+09
584, 6.943877340000000e-01, -2.796633050000000e-02, 4.018347041536838e-01, 0.000000000000000e+00, 0.000000000000000e+00, 7.059719278300823e+04, 1.000000000000000e-10, 1.251948129655828e+09
585, 6.973314392000000e-01, -2.740702650000000e-02, 4.027888166535729e-01, 0.000000000000000e+00, 0.000000000000000e+00, 7.075766123138618e+04, 1.000000000000000e-10, 1.248880137137513e+09
586, 7.002751444999999e-01, -2.684772250000000e-02, 4.039336204323535e-01, 0.000000000000000e+00, 0.000000000000000e+00, 7.094962292614776e+04, 1.000000000000000e-10, 1.245210495953386e+09
587, 7.032188497000000e-01, -2.628841850000000e-02, 4.051622200473918e-01, 0.000000000000000e+00, 0.000000000000000e+00, 7.115312889401345e+04, 1.000000000000000e-10, 1.241260667458980e+09
588, 7.061625550000000e-01, -2.572911460000000e-02, 4.064290980690443e-01, 0.000000000000000e+00, 0.000000000000000e+00, 7.135997524938358e+04, 1.000000000000000e-10, 1.237220308210590e+09
589, 7.091062603000000e-01, -2.516981060000000e-02, 4.075888793202903e-01, 0.000000000000000e+00, 0.000000000000000e+00, 7.154429636978122e+04, 1.000000000000000e-10, 1.233429857171111e+09
590, 7.120499655000000e-01, -2.461050660000000e-02, 4.087693817149250e-01, 0.000000000000000e+00, 0.000000000000000e+00, 7.172771151413981e+04, 1.000000000000000e-10, 1.229536928400647e+09
591, 7.149936708000000e-01, -2.405120260000000e-02, 4.099918125999099e-01, 0.000000000000000e+00, 0.000000000000000e+00, 7.191352914222932e+04, 1.000000000000000e-10, 1.225474471386729e+09
592, 7.179373760000000e-01, -2.349189860000000e-02, 4.113093675463513e-01, 0.000000000000000e+00, 0.000000000000000e+00, 7.211158675612065e+04, 1.000000000000000e-10, 1.221094993281391e+09
593, 7.208810812999999e-01, -2.293259460000000e-02, 4.125469918052652e-01, 0.000000000000000e+00, 0.000000000000000e+00, 7.229197478776737e+04, 1.000000000000000e-10, 1.216932003489738e+09
594, 7.238247865000000e-01, -2.237329060000000e-02, 4.137702614397777e-01, 0.000000000000000e+00, 0.000000000000000e+00, 7.246676832566448e+04, 1.000000000000000e-10, 1.212797025576869e+09
595, 7.267684918000000e-01, -2.181398660000000e-02, 4.149869910565134e-01, 0.000000000000000e+00, 0.000000000000000e+00, 7.263801897825448e+04, 1.000000000000000e-10, 1.208676114446646e+09
596, 7.297121971000000e-01, -2.125468260000000e-02, 4.162409625743389e-01, 0.000000000000000e+00, 0.000000000000000e+00, 7.281454744957210e+04, 1.000000000000000e-10, 1.204458058068246e+09
597, 7.326559023000000e-01, -2.069537860000000e-02, 4.173755993294335e-01, 0.000000000000000e+00, 0.000000000000000e+00, 7.297026525664219e+04, 1.000000000000000e-10, 1.200612524165579e+09
598, 7.355996076000000e-01, -2.013607460000000e-02, 4.186438416200797e-01, 0.000000000000000e+00, 0.000000000000000e+00, 7.315050221227540e+04, 1.000000000000000e-10, 1.196424434082865e+09
599, 7.385433128000000e-01, -1.957677060000000e-02, 4.199829529434419e-01, 0.000000000000000e+00, 0.000000000000000e+00, 7.334510538001820e+04, 1.000000000000000e-10, 1.192089901979193e+09
600, 7.414870181000000e-01, -1.901746660000000e-02, 4.211123790709863e-01, 0.000000000000000e+00, 0.000000000000000e+00, 7.350529305955069e+04, 1.000000000000000e-10, 1.188406207655035e+09
601, 7.444307233000000e-01, -1.845816260000000e-02, 4.221323805885240e-01, 0.000000000000000e+00, 0.000000000000000e+00, 7.364758727283571e+04, 1.000000000000000e-10, 1.185067460243735e+09
602, 7.473744286000000e-01, -1.789885860000000e-02, 4.231617696997841e-01, 0.000000000000000e+00, 0.000000000000000e+00, 7.379137135713635e+04, 1.000000000000000e-10, 1.181718823368956e+09
603, 7.503181249000000e-01, -1.733950730000000e-02, 4.246080474516453e-01, 0.000000000000000e+00, 0.000000000000000e+00, 7.400915492870784e+04, 1.000000000000000e-10, 1.177248909247515e+09
604, 7.532611798000000e-01, -1.677679240000000e-02, 4.262536547566173e-01, 0.000000000000000e+00, 0.000000000000000e+00, 7.426730873803439e+04, 1.000000000000000e-10, 1.172333645327109e+09
605, 7.562042001000000e-01, -1.621389660000000e-02, 4.274558872656880e-01, 0.000000000000000e+00, 0.000000000000000e+00, 7.445446898911428e+04, 1.000000000000000e-10, 1.168748968550484e+09
606, 7.591485878000001e-01, -1.565820530000000e-02, 4.282210332447078e-01, 0.000000000000000e+00, 0.000000000000000e+00, 7.456889177694653e+04, 1.000000000000000e-10, 1.166421020888334e+09
607, 7.620955345000000e-01, -1.511625730000000e-02, 4.288387893571708e-01, 0.000000000000000e+00, 0.000000000000000e+00, 7.466023640615375e+04, 1.000000000000000e-10, 1.164535024084991e+09
608, 7.650445705000000e-01, -1.458578350000000e-02, 4.295848506803689e-01, 0.000000000000000e+00, 0.000000000000000e+00, 7.477588552474485e+04, 1.000000000000000e-10, 1.162341343752458e+09
609, 7.679943422000000e-01, -1.405941050000000e-02, 4.305402524654566e-01, 0.000000000000000e+00, 0.000000000000000e+00, 7.493160426462120e+04, 1.000000000000000e-10, 1.159639901835203e+09
610, 7.709435269000000e-01, -1.352976200000000e-02, 4.316596702773968e-01, 0.000000000000000e+00, 0.000000000000000e+00, 7.512152403957710e+04, 1.000000000000000e-10, 1.156571243274735e+09
611, 7.738917632000000e-01, -1.299485690000000e-02, 4.328530017080339e-01, 0.000000000000000e+00, 0.000000000000000e+00, 7.532975526486276e+04, 1.000000000000000e-10, 1.153382017641498e+09
612, 7.768402548000000e-01, -1.246136210000000e-02, 4.337172073159231e-01, 0.000000000000000e+00, 0.000000000000000e+00, 7.548423232225954e+04, 1.000000000000000e-10, 1.151134397798973e+09
613, 7.797903352000000e-01, -1.193673480000000e-02, 4.341763228320457e-01, 0.000000000000000e+00, 0.000000000000000e+00, 7.556813435329875e+04, 1.000000000000000e-10, 1.149944041368703e+09
614, 7.827429347000000e-01, -1.142647830000000e-02, 4.345280059018847e-01, 0.000000000000000e+00, 0.000000000000000e+00, 7.563273194228334e+04, 1.000000000000000e-10, 1.149058960429411e+09
615, 7.856972424999999e-01, -1.092619490000000e-02, 4.351946552912038e-01, 0.000000000000000e+00, 0.000000000000000e+00, 7.575077116537455e+04, 1.000000000000000e-10, 1.147323455587867e+09
616, 7.886519677000000e-01, -1.042837940000000e-02, 4.364297689993771e-01, 0.000000000000000e+00, 0.000000000000000e+00, 7.596886471546089e+04, 1.000000000000000e-10, 1.144118403909233e+09
617, 7.916060843000000e-01, -9.926965700000000e-03, 4.375027238516932e-01, 0.000000000000000e+00, 0.000000000000000e+00, 7.616095074209236e+04, 1.000000000000000e-10, 1.141372719680362e+09
618, 7.945600712999999e-01, -9.424787900000000e-03, 4.379591166722711e-01, 0.000000000000000e+00, 0.000000000000000e+00, 7.624840768744182e+04, 1.000000000000000e-10, 1.140279759485914e+09
619, 7.975140582000000e-01, -8.922610100000001e-03, 4.382587075908709e-01, 0.000000000000000e+00, 0.000000000000000e+00, 7.631174407592212e+04, 1.000000000000000e-10, 1.139635941796720e+09
620, 8.004680280000001e-01, -8.420330800000000e-03, 4.389723771892853e-01, 0.000000000000000e+00, 0.000000000000000e+00, 7.645041395991041e+04, 1.000000000000000e-10, 1.137999314309219e+09
621, 8.034213936000000e-01, -7.914512699999999e-03, 4.401220023080148e-01, 0.000000000000000e+00, 0.000000000000000e+00, 7.666892196847248e+04, 1.000000000000000e-10, 1.135246904555030e+09
622, 8.063747975000000e-01, -7.408918400000000e-03, 4.409459507485017e-01, 0.000000000000000e+00, 0.000000000000000e+00, 7.683310869355730e+04, 1.000000000000000e-10, 1.133334287360909e+09
623, 8.093295144000000e-01, -6.911064600000000e-03, 4.413946162142520e-01, 0.000000000000000e+00, 0.000000000000000e+00, 7.692977314349443e+04, 1.000000000000000e-10, 1.132402225952828e+09
624, 8.122862570000000e-01, -6.425381100000000e-03, 4.417503947350105e-01, 0.000000000000000e+00, 0.000000000000000e+00, 7.700720736234498e+04, 1.000000000000000e-10, 1.131707776561174e+09
625, 8.152444195000000e-01, -5.948422800000000e-03, 4.422982321678198e-01, 0.000000000000000e+00, 0.000000000000000e+00, 7.711288813562154e+04, 1.000000000000000e-10, 1.130437051379705e+09
626, 8.182039458000000e-01, -5.480001300000000e-03, 4.430306454468833e-01, 0.000000000000000e+00, 0.000000000000000e+00, 7.724667187360665e+04, 1.000000000000000e-10, 1.128640522534002e+09
627, 8.211648134000000e-01, -5.020132300000000e-03, 4.437116174328533e-01, 0.000000000000000e+00, 0.000000000000000e+00, 7.736925264253592e+04, 1.000000000000000e-10, 1.126930651974692e+09
628, 8.241269989000000e-01, -4.568831200000000e-03, 4.443610382405198e-01, 0.000000000000000e+00, 0.000000000000000e+00, 7.748604215879140e+04, 1.000000000000000e-10, 1.125290525017684e+09
629, 8.270904793000000e-01, -4.126113200000000e-03, 4.451036751385345e-01, 0.000000000000000e+00, 0.000000000000000e+00, 7.762047181239407e+04, 1.000000000000000e-10, 1.123484414643769e+09
630, 8.300552314000000e-01, -3.691994500000000e-03, 4.457087416833895e-01, 0.000000000000000e+00, 0.000000000000000e+00, 7.773095130753718e+04, 1.000000000000000e-10, 1.122012674507559e+09
631, 8.330216764000000e-01, -3.269608000000000e-03, 4.461182978625323e-01, 0.000000000000000e+00, 0.000000000000000e+00, 7.781045211034993e+04, 1.000000000000000e-10, 1.121079819315591e+09
632, 8.359894521000000e-01, -2.856659800000000e-03, 4.465130025259647e-01, 0.000000000000000e+00, 0.000000000000000e+00, 7.788973084488907e+04, 1.000000000000000e-10, 1.120214269819635e+09
633, 8.389574719000000e-01, -2.445467200000000e-03, 4.470796242428215e-01, 0.000000000000000e+00, 0.000000000000000e+00, 7.800566159410992e+04, 1.000000000000000e-10, 1.119006434139332e+09
634, 8.419245535000000e-01, -2.027571400000000e-03, 4.476827555866155e-01, 0.000000000000000e+00, 0.000000000000000e+00, 7.813642581925336e+04, 1.000000000000000e-10, 1.117800734946081e+09
635, 8.448907007000001e-01, -1.603081000000000e-03, 4.482338407761101e-01, 0.000000000000000e+00, 0.000000000000000e+00, 7.826536212603477e+04, 1.000000000000000e-10, 1.116821647477372e+09
636, 8.478579874000000e-01, -1.186655300000000e-03, 4.486930131675603e-01, 0.000000000000000e+00, 0.000000000000000e+00, 7.837949658412083e+04, 1.000000000000000e-10, 1.116071441652059e+09
637, 8.508284127000000e-01, -7.933073000000000e-04, 4.489850187913492e-01, 0.000000000000000e+00, 0.000000000000000e+00, 7.846011235551535e+04, 1.000000000000000e-10, 1.115630570152808e+09
638, 8.538020126000000e-01, -4.246734000000000e-04, 4.492361129751631e-01, 0.000000000000000e+00, 0.000000000000000e+00, 7.852931798835493e+04, 1.000000000000000e-10, 1.115361162694279e+09
639, 8.567775810000000e-01, -7.225130000000000e-05, 4.496708997389691e-01, 0.000000000000000e+00, 0.000000000000000e+00, 7.862490202801822e+04, 1.000000000000000e-10, 1.114508058582222e+09
640, 8.597541393000000e-01, 2.717253000000000e-04, 4.503433481675174e-01, 0.000000000000000e+00, 0.000000000000000e+00, 7.875969779061992e+04, 1.000000000000000e-10, 1.113020061535774e+09
641, 8.627313085000000e-01, 6.103705000000000e-04, 4.507885919251731e-01, 0.000000000000000e+00, 0.000000000000000e+00, 7.885277018359878e+04, 1.000000000000000e-10, 1.112076967929930e+09
642, 8.657094571000000e-01, 9.402886000000000e-04, 4.509903311479845e-01, 0.000000000000000e+00, 0.000000000000000e+00, 7.890593565975128e+04, 1.000000000000000e-10, 1.111791636408543e+09
643, 8.686885639000000e-01, 1.261439300000000e-03, 4.512545566470162e-01, 0.000000000000000e+00, 0.000000000000000e+00, 7.897162313091023e+04, 1.000000000000000e-10, 1.111362908909116e+09
644, 8.716684840000000e-01, 1.574958600000000e-03, 4.518822327832195e-01, 0.000000000000000e+00, 0.000000000000000e+00, 7.910642649660904e+04, 1.000000000000000e-10, 1.110113630326237e+09
645, 8.746489628000000e-01, 1.883117200000000e-03, 4.524974120717080e-01, 0.000000000000000e+00, 0.000000000000000e+00, 7.924329749466166e+04, 1.000000000000000e-10, 1.108935780481115e+09
646, 8.776306820999999e-01, 2.179005900000000e-03, 4.527484653390749e-01, 0.000000000000000e+00, 0.000000000000000e+00, 7.931698403413827e+04, 1.000000000000000e-10, 1.108648919515381e+09
647, 8.806143131000000e-01, 2.454910800000000e-03, 4.528597529690585e-01, 0.000000000000000e+00, 0.000000000000000e+00, 7.936542718718205e+04, 1.000000000000000e-10, 1.108704583652780e+09
648, 8.835997117000000e-01, 2.711016100000000e-03, 4.531350401879063e-01, 0.000000000000000e+00, 0.000000000000000e+00, 7.943901204640289e+04, 1.000000000000000e-10, 1.108342340638420e+09
649, 8.865865769000000e-01, 2.949408900000000e-03, 4.536807947568892e-01, 0.000000000000000e+00, 0.000000000000000e+00, 7.955850084818809e+04, 1.000000000000000e-10, 1.107277927278761e+09
650, 8.895748055000000e-01, 3.170055600000000e-03, 4.540908726683273e-01, 0.000000000000000e+00, 0.000000000000000e+00, 7.965022845967305e+04, 1.000000000000000e-10, 1.106455486259174e+09
651, 8.925644546000000e-01, 3.370490400000000e-03, 4.542848886196105e-01, 0.000000000000000e+00, 0.000000000000000e+00, 7.970366433794123e+04, 1.000000000000000e-10, 1.106216126209235e+09
652, 8.955553676000000e-01, 3.551155100000000e-03, 4.544143454107060e-01, 0.000000000000000e+00, 0.000000000000000e+00, 7.974272697570051e+04, 1.000000000000000e-10, 1.106085316174340e+09
653, 8.985469777000000e-01, 3.719930400000000e-03, 4.546095691419285e-01, 0.000000000000000e+00, 0.000000000000000e+00, 7.979393041167424e+04, 1.000000000000000e-10, 1.105805607923025e+09
654, 9.015387704000000e-01, 3.885451900000000e-03, 4.549005274324647e-01, 0.000000000000000e+00, 0.000000000000000e+00, 7.986772118334979e+04, 1.000000000000000e-10, 1.105367335627865e+09
655, 9.045306080000000e-01, 4.050146900000000e-03, 4.553113912988733e-01, 0.000000000000000e+00, 0.000000000000000e+00, 7.996769331164789e+04, 1.000000000000000e-10, 1.104681701289348e+09
656, 9.075232441000000e-01, 4.199497100000000e-03, 4.556380494071462e-01, 0.000000000000000e+00, 0.000000000000000e+00, 8.005450085682057e+04, 1.000000000000000e-10, 1.104231608615539e+09
657, 9.105172638000000e-01, 4.317576000000000e-03, 4.557620732216937e-01, 0.000000000000000e+00, 0.000000000000000e+00, 8.010014021305875e+04, 1.000000000000000e-10, 1.104197671853054e+09
658, 9.135124732000000e-01, 4.400428400000000e-03, 4.557649476000063e-01, 0.000000000000000e+00, 0.000000000000000e+00, 8.011955692385131e+04, 1.000000000000000e-10, 1.104402049726834e+09
659, 9.165083028000000e-01, 4.456858500000000e-03, 4.558261471786916e-01, 0.000000000000000e+00, 0.000000000000000e+00, 8.014424182000212e+04, 1.000000000000000e-10, 1.104377973483214e+09
660, 9.195044264000000e-01, 4.494915400000000e-03, 4.560354648522429e-01, 0.000000000000000e+00, 0.000000000000000e+00, 8.019845252387520e+04, 1.000000000000000e-10, 1.104075838562388e+09
661, 9.225006781000000e-01, 4.521098200000000e-03, 4.562090853501903e-01, 0.000000000000000e+00, 0.000000000000000e+00, 8.025476972133559e+04, 1.000000000000000e-10, 1.103950023745646e+09
662, 9.254970225000000e-01, 4.531556300000000e-03, 4.562746017908358e-01, 0.000000000000000e+00, 0.000000000000000e+00, 8.030041258230300e+04, 1.000000000000000e-10, 1.104171743453840e+09
663, 9.284933501000000e-01, 4.518230800000000e-03, 4.562463496996628e-01, 0.000000000000000e+00, 0.000000000000000e+00, 8.033015093369765e+04, 1.000000000000000e-10, 1.104640200669721e+09
664, 9.314893480999999e-01, 4.472444700000000e-03, 4.560802454489588e-01, 0.000000000000000e+00, 0.000000000000000e+00, 8.032929897045568e+04, 1.000000000000000e-10, 1.105359109938392e+09
665, 9.344846103000000e-01, 4.391470900000000e-03, 4.558070743880759e-01, 0.000000000000000e+00, 0.000000000000000e+00, 8.030440365283361e+04, 1.000000000000000e-10, 1.106280730925780e+09
666, 9.374792507000000e-01, 4.289801600000000e-03, 4.555336064700923e-01, 0.000000000000000e+00, 0.000000000000000e+00, 8.027464532988003e+04, 1.000000000000000e-10, 1.107115770975863e+09
667, 9.404737331000000e-01, 4.183520900000000e-03, 4.553791594876523e-01, 0.000000000000000e+00, 0.000000000000000e+00, 8.026966454214155e+04, 1.000000000000000e-10, 1.107773181313356e+09
668, 9.434683278000000e-01, 4.080451000000000e-03, 4.553260780949310e-01, 0.000000000000000e+00, 0.000000000000000e+00, 8.028933757446233e+04, 1.000000000000000e-10, 1.108226919354166e+09
669, 9.464625694000000e-01, 3.967701700000000e-03, 4.551773712813991e-01, 0.000000000000000e+00, 0.000000000000000e+00, 8.029517418095324e+04, 1.000000000000000e-10, 1.108899460794549e+09
670, 9.494557192999999e-01, 3.829211000000000e-03, 4.548842995602657e-01, 0.000000000000000e+00, 0.000000000000000e+00, 8.026903319545669e+04, 1.000000000000000e-10, 1.109900123961019e+09
671, 9.524469545000001e-01, 3.654174900000000e-03, 4.544790441346644e-01, 0.000000000000000e+00, 0.000000000000000e+00, 8.021547504210159e+04, 1.000000000000000e-10, 1.111130701669193e+09
672, 9.554363444000000e-01, 3.449926600000000e-03, 4.540223060977226e-01, 0.000000000000000e+00, 0.000000000000000e+00, 8.014313447913081e+04, 1.000000000000000e-10, 1.112341471767729e+09
673, 9.584242260000000e-01, 3.224624800000000e-03, 4.535678075224949e-01, 0.000000000000000e+00, 0.000000000000000e+00, 8.006702083006398e+04, 1.000000000000000e-10, 1.113471795441309e+09
674, 9.614110739000000e-01, 2.985978000000000e-03, 4.532292264518804e-01, 0.000000000000000e+00, 0.000000000000000e+00, 8.001373243924898e+04, 1.000000000000000e-10, 1.114411712550826e+09
675, 9.643968526000000e-01, 2.734335600000000e-03, 4.530813020936034e-01, 0.000000000000000e+00, 0.000000000000000e+00, 7.999418937234834e+04, 1.000000000000000e-10, 1.114827246027291e+09
676, 9.673808280000000e-01, 2.462191300000000e-03, 4.525624120211306e-01, 0.000000000000000e+00, 0.000000000000000e+00, 7.990211896583972e+04, 1.000000000000000e-10, 1.116095490330297e+09
677, 9.703620847000000e-01, 2.161784500000000e-03, 4.515341837517232e-01, 0.000000000000000e+00, 0.000000000000000e+00, 7.970236921453114e+04, 1.000000000000000e-10, 1.118427520758148e+09
678, 9.733402982000000e-01, 1.832532300000000e-03, 4.505469148720476e-01, 0.000000000000000e+00, 0.000000000000000e+00, 7.949126320003097e+04, 1.000000000000000e-10, 1.120469671695194e+09
679, 9.763154943000000e-01, 1.477044900000000e-03, 4.505539216336680e-01, 0.000000000000000e+00, 0.000000000000000e+00, 7.943414986789926e+04, 1.000000000000000e-10, 1.119786044894846e+09
680, 9.792874526000001e-01, 1.095432300000000e-03, 4.514870114487080e-01, 0.000000000000000e+00, 0.000000000000000e+00, 7.951944392884026e+04, 1.000000000000000e-10, 1.116573313513370e+09
681, 9.822556855000000e-01, 6.858801000000000e-04, 4.500287787712847e-01, 0.000000000000000e+00, 0.000000000000000e+00, 7.916919790456875e+04, 1.000000000000000e-10, 1.119121407262453e+09
682, 9.852198673000000e-01, 2.479352000000000e-04, 4.458446537340378e-01, 0.000000000000000e+00, 0.000000000000000e+00, 7.832601612796735e+04, 1.000000000000000e-10, 1.128373327949589e+09
683, 9.881808922000000e-01, -2.108983000000000e-04, 4.421520752101682e-01, 0.000000000000000e+00, 0.000000000000000e+00, 7.756109757591125e+04, 1.000000000000000e-10, 1.136407407096672e+09
684, 9.911395461000000e-01, -6.847765000000000e-04, 4.494035545038615e-01, 0.000000000000000e+00, 0.000000000000000e+00, 7.872369723609867e+04, 1.000000000000000e-10, 1.116807320824482e+09
685, 9.940944037000000e-01, -1.181769000000000e-03, 4.578046380817791e-01, 0.000000000000000e+00, 0.000000000000000e+00, 8.011683239668506e+04, 1.000000000000000e-10, 1.095450843435882e+09
686, 9.970470357000000e-01, -1.691851000000000e-03, 4.456419293876368e-01, 0.000000000000000e+00, 0.000000000000000e+00, 7.794523300214099e+04, 1.000000000000000e-10, 1.124843683024801e+09
687, 1.000000000000000e+00, 5.500000000000000e-04, 3.378205360331425e-01, 0.000000000000000e+00, 0.000000000000000e+00, 5.900429892181791e+04, 1.000000000000000e-10, 1.482169699207633e+09
