"PointID","x","y","Density","Momentum_x","Momentum_y","Energy","Turb_Kin_Energy","Omega"
0, 1.000000000000000e+00, 3.300000000000000e-03, 3.613127959256986e-01, 0.000000000000000e+00, 0.000000000000000e+00, 6.263372010676814e+04, 1.000000000000000e-10, 1.377337372437560e+09
1, 1.000000000000000e+00, -2.200000000000000e-03, 3.666554053287227e-01, 0.000000000000000e+00, 0.000000000000000e+00, 6.373082820989548e+04, 1.000000000000000e-10, 1.360236690446275e+09
6, 9.970624071000000e-01, 3.890565800000000e-03, 4.142689260006215e-01, 0.000000000000000e+00, 0.000000000000000e+00, 7.170724213563700e+04, 1.000000000000000e-10, 1.199801956218343e+09
7, 9.941250122000000e-01, 4.482116400000000e-03, 4.245710883173524e-01, 0.000000000000000e+00, 0.000000000000000e+00, 7.340793967888168e+04, 1.000000000000000e-10, 1.169619857710774e+09
8, 9.911863511000000e-01, 5.067337600000000e-03, 4.101329255647898e-01, 0.000000000000000e+00, 0.000000000000000e+00, 7.077458442728511e+04, 1.000000000000000e-10, 1.208944013529801e+09
9, 9.882453375000000e-01, 5.640619800000000e-03, 4.036973637574919e-01, 0.000000000000000e+00, 0.000000000000000e+00, 6.948705481501995e+04, 1.000000000000000e-10, 1.225673109935517e+09
10, 9.853025951000000e-01, 6.204961100000000e-03, 4.065861505871329e-01, 0.000000000000000e+00, 0.000000000000000e+00, 6.980474805792586e+04, 1.000000000000000e-10, 1.214352475853711e+09
11, 9.823582610000000e-01, 6.760941000000000e-03, 4.100372744375917e-01, 0.000000000000000e+00, 0.000000000000000e+00, 7.022117481896252e+04, 1.000000000000000e-10, 1.201702964677226e+09
12, 9.794123284000000e-01, 7.308384000000000e-03, 4.093302470482034e-01, 0.000000000000000e+00, 0.000000000000000e+00, 6.993755165825339e+04, 1.000000000000000e-10, 1.201504702495735e+09
13, 9.764641925999999e-01, 7.843832699999999e-03, 4.070201393923729e-01, 0.000000000000000e+00, 0.000000000000000e+00, 6.940616116241687e+04, 1.000000000000000e-10, 1.206383269647515e+09
14, 9.735146296000000e-01, 8.371372199999999e-03, 4.065371361123538e-01, 0.000000000000000e+00, 0.000000000000000e+00, 6.921494419720086e+04, 1.000000000000000e-10, 1.206251999592302e+09
15, 9.705649844999999e-01, 8.898453400000001e-03, 4.068093140201994e-01, 0.000000000000000e+00, 0.000000000000000e+00, 6.917291188021928e+04, 1.000000000000000e-10, 1.204187127114472e+09
16, 9.676163612000001e-01, 9.431218700000001e-03, 4.068333159146173e-01, 0.000000000000000e+00, 0.000000000000000e+00, 6.910503136511841e+04, 1.000000000000000e-10, 1.203091421597056e+09
17, 9.646681685000000e-01, 9.966365099999999e-03, 4.060939611209283e-01, 0.000000000000000e+00, 0.000000000000000e+00, 6.892297394501319e+04, 1.000000000000000e-10, 1.204469459187469e+09
18, 9.617190649000000e-01, 1.049646250000000e-02, 4.047759299778241e-01, 0.000000000000000e+00, 0.000000000000000e+00, 6.865718757231596e+04, 1.000000000000000e-10, 1.207822191111145e+09
19, 9.587677714000000e-01, 1.101421520000000e-02, 4.031005821548426e-01, 0.000000000000000e+00, 0.000000000000000e+00, 6.834349316959857e+04, 1.000000000000000e-10, 1.212413421354898e+09
20, 9.558141732000000e-01, 1.151866560000000e-02, 4.016069927613354e-01, 0.000000000000000e+00, 0.000000000000000e+00, 6.806880850970892e+04, 1.000000000000000e-10, 1.216604944689312e+09
21, 9.528595023999999e-01, 1.201680390000000e-02, 4.010760268707033e-01, 0.000000000000000e+00, 0.000000000000000e+00, 6.796011019568094e+04, 1.000000000000000e-10, 1.217941165740064e+09
22, 9.499050355999999e-01, 1.251614840000000e-02, 4.011104383560841e-01, 0.000000000000000e+00, 0.000000000000000e+00, 6.794652646185661e+04, 1.000000000000000e-10, 1.217505247207958e+09
23, 9.469515835000000e-01, 1.302146080000000e-02, 4.008691001432051e-01, 0.000000000000000e+00, 0.000000000000000e+00, 6.788452105596225e+04, 1.000000000000000e-10, 1.217948080540689e+09
24, 9.439982552000000e-01, 1.352749770000000e-02, 3.996340679069564e-01, 0.000000000000000e+00, 0.000000000000000e+00, 6.765231128802433e+04, 1.000000000000000e-10, 1.221396832923217e+09
25, 9.410437731000000e-01, 1.402674480000000e-02, 3.974850929017160e-01, 0.000000000000000e+00, 0.000000000000000e+00, 6.726401490236016e+04, 1.000000000000000e-10, 1.227634007764838e+09
26, 9.380870172000000e-01, 1.451233270000000e-02, 3.961026708951688e-01, 0.000000000000000e+00, 0.000000000000000e+00, 6.700484790855291e+04, 1.000000000000000e-10, 1.231537426885820e+09
27, 9.351283061000000e-01, 1.498587720000000e-02, 3.961583371045059e-01, 0.000000000000000e+00, 0.000000000000000e+00, 6.698882050236853e+04, 1.000000000000000e-10, 1.230976072309894e+09
28, 9.321688618000000e-01, 1.545482400000000e-02, 3.965781321069359e-01, 0.000000000000000e+00, 0.000000000000000e+00, 6.703378215926420e+04, 1.000000000000000e-10, 1.229282144971998e+09
29, 9.292098398000000e-01, 1.592642560000000e-02, 3.963338178928713e-01, 0.000000000000000e+00, 0.000000000000000e+00, 6.696572953607552e+04, 1.000000000000000e-10, 1.229637469964750e+09
30, 9.262511042000000e-01, 1.639982330000000e-02, 3.948878485097357e-01, 0.000000000000000e+00, 0.000000000000000e+00, 6.669416871347636e+04, 1.000000000000000e-10, 1.233712653703062e+09
31, 9.232923687000000e-01, 1.687322100000000e-02, 3.932362017829039e-01, 0.000000000000000e+00, 0.000000000000000e+00, 6.638845844388001e+04, 1.000000000000000e-10, 1.238493272878937e+09
32, 9.203336331000000e-01, 1.734661870000000e-02, 3.931633148415377e-01, 0.000000000000000e+00, 0.000000000000000e+00, 6.635082589159231e+04, 1.000000000000000e-10, 1.238317941437622e+09
33, 9.173752952000001e-01, 1.782249320000000e-02, 3.931591942634279e-01, 0.000000000000000e+00, 0.000000000000000e+00, 6.632508725522767e+04, 1.000000000000000e-10, 1.237958086994184e+09
34, 9.144172403000000e-01, 1.830012520000000e-02, 3.922840393232710e-01, 0.000000000000000e+00, 0.000000000000000e+00, 6.615281787335539e+04, 1.000000000000000e-10, 1.240364153789740e+09
35, 9.114582624000001e-01, 1.877199790000000e-02, 3.904782816751383e-01, 0.000000000000000e+00, 0.000000000000000e+00, 6.582356747565199e+04, 1.000000000000000e-10, 1.245716474608568e+09
36, 9.084972381000000e-01, 1.923083950000000e-02, 3.891398685086557e-01, 0.000000000000000e+00, 0.000000000000000e+00, 6.557384354125694e+04, 1.000000000000000e-10, 1.249623724875746e+09
37, 9.055342297000000e-01, 1.967670440000000e-02, 3.886730159415798e-01, 0.000000000000000e+00, 0.000000000000000e+00, 6.547263832375700e+04, 1.000000000000000e-10, 1.250771753967806e+09
38, 9.025703724000000e-01, 2.011689840000000e-02, 3.886445968783737e-01, 0.000000000000000e+00, 0.000000000000000e+00, 6.544784753921847e+04, 1.000000000000000e-10, 1.250520449238594e+09
39, 8.996067964000000e-01, 2.055898050000000e-02, 3.886184793684191e-01, 0.000000000000000e+00, 0.000000000000000e+00, 6.542667965043333e+04, 1.000000000000000e-10, 1.250341713354542e+09
40, 8.966435791000000e-01, 2.100346310000000e-02, 3.883150649268586e-01, 0.000000000000000e+00, 0.000000000000000e+00, 6.536112668123454e+04, 1.000000000000000e-10, 1.251091545413360e+09
41, 8.936803618000000e-01, 2.144794570000000e-02, 3.875502345994663e-01, 0.000000000000000e+00, 0.000000000000000e+00, 6.522053370935565e+04, 1.000000000000000e-10, 1.253373716985646e+09
42, 8.907171444000000e-01, 2.189242830000000e-02, 3.869506881971529e-01, 0.000000000000000e+00, 0.000000000000000e+00, 6.510833206479081e+04, 1.000000000000000e-10, 1.255136992265337e+09
43, 8.877539271000000e-01, 2.233691090000000e-02, 3.860705890791148e-01, 0.000000000000000e+00, 0.000000000000000e+00, 6.494792017662428e+04, 1.000000000000000e-10, 1.257802463412987e+09
44, 8.847907098000000e-01, 2.278139350000000e-02, 3.843202999438228e-01, 0.000000000000000e+00, 0.000000000000000e+00, 6.463847074160068e+04, 1.000000000000000e-10, 1.263310331836921e+09
45, 8.818274925000000e-01, 2.322587610000000e-02, 3.833801585565368e-01, 0.000000000000000e+00, 0.000000000000000e+00, 6.446392570041267e+04, 1.000000000000000e-10, 1.266143689049188e+09
46, 8.788643591999999e-01, 2.367091770000000e-02, 3.835293065479223e-01, 0.000000000000000e+00, 0.000000000000000e+00, 6.447291371576632e+04, 1.000000000000000e-10, 1.265371918262586e+09
47, 8.759017882000000e-01, 2.411968790000000e-02, 3.834607904684240e-01, 0.000000000000000e+00, 0.000000000000000e+00, 6.444537087666575e+04, 1.000000000000000e-10, 1.265376182504137e+09
48, 8.729389200000000e-01, 2.456648860000000e-02, 3.823484342158447e-01, 0.000000000000000e+00, 0.000000000000000e+00, 6.424278294348822e+04, 1.000000000000000e-10, 1.268804053315232e+09
49, 8.699746207000000e-01, 2.500367940000000e-02, 3.802597552555343e-01, 0.000000000000000e+00, 0.000000000000000e+00, 6.387452443407542e+04, 1.000000000000000e-10, 1.275503075318366e+09
50, 8.670081947000000e-01, 2.542619980000000e-02, 3.789457675367920e-01, 0.000000000000000e+00, 0.000000000000000e+00, 6.363478796143977e+04, 1.000000000000000e-10, 1.279561658198879e+09
51, 8.640404269000000e-01, 2.583920470000000e-02, 3.790766875366819e-01, 0.000000000000000e+00, 0.000000000000000e+00, 6.363792179448432e+04, 1.000000000000000e-10, 1.278848726151468e+09
52, 8.610724042000000e-01, 2.625037680000000e-02, 3.796686223040518e-01, 0.000000000000000e+00, 0.000000000000000e+00, 6.372148041326141e+04, 1.000000000000000e-10, 1.276594918870244e+09
53, 8.581049055000000e-01, 2.666531320000000e-02, 3.797659193918588e-01, 0.000000000000000e+00, 0.000000000000000e+00, 6.372439773294717e+04, 1.000000000000000e-10, 1.276047433138530e+09
54, 8.551374771000000e-01, 2.708075320000000e-02, 3.789069186676403e-01, 0.000000000000000e+00, 0.000000000000000e+00, 6.356981079800152e+04, 1.000000000000000e-10, 1.278744785284596e+09
55, 8.521700487000000e-01, 2.749619320000000e-02, 3.776201477619457e-01, 0.000000000000000e+00, 0.000000000000000e+00, 6.334358698659179e+04, 1.000000000000000e-10, 1.282930320536598e+09
56, 8.492026203000000e-01, 2.791163320000000e-02, 3.768612603858204e-01, 0.000000000000000e+00, 0.000000000000000e+00, 6.320037580436619e+04, 1.000000000000000e-10, 1.285248156935257e+09
57, 8.462351919000000e-01, 2.832707310000000e-02, 3.756781227606497e-01, 0.000000000000000e+00, 0.000000000000000e+00, 6.298575193592531e+04, 1.000000000000000e-10, 1.289023534560474e+09
58, 8.432677635000000e-01, 2.874251310000000e-02, 3.749020733414414e-01, 0.000000000000000e+00, 0.000000000000000e+00, 6.283714548602462e+04, 1.000000000000000e-10, 1.291382896036885e+09
59, 8.403003351000000e-01, 2.915795310000000e-02, 3.747992440774954e-01, 0.000000000000000e+00, 0.000000000000000e+00, 6.280204226399421e+04, 1.000000000000000e-10, 1.291435542764763e+09
60, 8.373332662000000e-01, 2.957595020000000e-02, 3.746299040639436e-01, 0.000000000000000e+00, 0.000000000000000e+00, 6.275682129022252e+04, 1.000000000000000e-10, 1.291734603714674e+09
61, 8.343664342000000e-01, 2.999562810000000e-02, 3.735711302964246e-01, 0.000000000000000e+00, 0.000000000000000e+00, 6.256502613698651e+04, 1.000000000000000e-10, 1.295142851418666e+09
62, 8.313987667000000e-01, 3.040934680000000e-02, 3.716196962089805e-01, 0.000000000000000e+00, 0.000000000000000e+00, 6.222291354979676e+04, 1.000000000000000e-10, 1.301698989623784e+09
63, 8.284292787999999e-01, 3.080977400000000e-02, 3.702772863819662e-01, 0.000000000000000e+00, 0.000000000000000e+00, 6.198133390561989e+04, 1.000000000000000e-10, 1.306119544755967e+09
64, 8.254580666000000e-01, 3.119721670000000e-02, 3.699913865141851e-01, 0.000000000000000e+00, 0.000000000000000e+00, 6.191683429081748e+04, 1.000000000000000e-10, 1.306840332235590e+09
65, 8.224861366000000e-01, 3.157912440000000e-02, 3.702224514354883e-01, 0.000000000000000e+00, 0.000000000000000e+00, 6.194267130533818e+04, 1.000000000000000e-10, 1.305789525019550e+09
66, 8.195144758000000e-01, 3.196311810000000e-02, 3.703614090441571e-01, 0.000000000000000e+00, 0.000000000000000e+00, 6.195971662998224e+04, 1.000000000000000e-10, 1.305151816461392e+09
67, 8.165431104999999e-01, 3.234939560000000e-02, 3.700699531373147e-01, 0.000000000000000e+00, 0.000000000000000e+00, 6.190943068657113e+04, 1.000000000000000e-10, 1.306180708661153e+09
68, 8.135717453000000e-01, 3.273567310000000e-02, 3.693409719025075e-01, 0.000000000000000e+00, 0.000000000000000e+00, 6.178925954896158e+04, 1.000000000000000e-10, 1.308789749134520e+09
69, 8.106003801000000e-01, 3.312195060000000e-02, 3.686429783635448e-01, 0.000000000000000e+00, 0.000000000000000e+00, 6.167450500443703e+04, 1.000000000000000e-10, 1.311309815117348e+09
70, 8.076290148000000e-01, 3.350822810000000e-02, 3.675938855472645e-01, 0.000000000000000e+00, 0.000000000000000e+00, 6.149899200090399e+04, 1.000000000000000e-10, 1.315052252181957e+09
71, 8.046576496000000e-01, 3.389450560000000e-02, 3.658273206572796e-01, 0.000000000000000e+00, 0.000000000000000e+00, 6.120100660209377e+04, 1.000000000000000e-10, 1.321404976402068e+09
72, 8.016862843000000e-01, 3.428078300000000e-02, 3.648792690344534e-01, 0.000000000000000e+00, 0.000000000000000e+00, 6.104411195380556e+04, 1.000000000000000e-10, 1.324827815078442e+09
73, 7.987150113000000e-01, 3.466776800000000e-02, 3.649798044822344e-01, 0.000000000000000e+00, 0.000000000000000e+00, 6.106858725554479e+04, 1.000000000000000e-10, 1.324556247416683e+09
74, 7.957442224000000e-01, 3.505845300000000e-02, 3.647350710246305e-01, 0.000000000000000e+00, 0.000000000000000e+00, 6.104015795064883e+04, 1.000000000000000e-10, 1.325756669539823e+09
75, 7.927731192000000e-01, 3.544673620000000e-02, 3.632322346881028e-01, 0.000000000000000e+00, 0.000000000000000e+00, 6.080648524262659e+04, 1.000000000000000e-10, 1.331562599260748e+09
76, 7.898007096000000e-01, 3.582487200000000e-02, 3.607316329364880e-01, 0.000000000000000e+00, 0.000000000000000e+00, 6.040602084190931e+04, 1.000000000000000e-10, 1.341098496005940e+09
77, 7.868264558000000e-01, 3.618821970000000e-02, 3.593075973100655e-01, 0.000000000000000e+00, 0.000000000000000e+00, 6.018369767943355e+04, 1.000000000000000e-10, 1.346734002481627e+09
78, 7.838510978000000e-01, 3.654242800000000e-02, 3.594964068316465e-01, 0.000000000000000e+00, 0.000000000000000e+00, 6.023046814731281e+04, 1.000000000000000e-10, 1.346304659921878e+09
79, 7.808755783000000e-01, 3.689528040000000e-02, 3.601432122028262e-01, 0.000000000000000e+00, 0.000000000000000e+00, 6.035641834417229e+04, 1.000000000000000e-10, 1.344188540302990e+09
80, 7.779005125000000e-01, 3.725193850000000e-02, 3.602531220702030e-01, 0.000000000000000e+00, 0.000000000000000e+00, 6.039320482521824e+04, 1.000000000000000e-10, 1.344114035475928e+09
81, 7.749254880000001e-01, 3.760894140000000e-02, 3.589386989853431e-01, 0.000000000000000e+00, 0.000000000000000e+00, 6.019151523553747e+04, 1.000000000000000e-10, 1.349369085743070e+09
82, 7.719504636000000e-01, 3.796594440000000e-02, 3.572691803375793e-01, 0.000000000000000e+00, 0.000000000000000e+00, 5.992673567722521e+04, 1.000000000000000e-10, 1.355937375634845e+09
83, 7.689754391000000e-01, 3.832294730000000e-02, 3.562050274309270e-01, 0.000000000000000e+00, 0.000000000000000e+00, 5.975669282829188e+04, 1.000000000000000e-10, 1.360146133847340e+09
84, 7.660004146000000e-01, 3.867995020000000e-02, 3.551367020899660e-01, 0.000000000000000e+00, 0.000000000000000e+00, 5.958020839362925e+04, 1.000000000000000e-10, 1.364289178413199e+09
85, 7.630253902000000e-01, 3.903695320000000e-02, 3.546952019033206e-01, 0.000000000000000e+00, 0.000000000000000e+00, 5.950416954725333e+04, 1.000000000000000e-10, 1.365950249117324e+09
86, 7.600503657000000e-01, 3.939395610000000e-02, 3.548094747744905e-01, 0.000000000000000e+00, 0.000000000000000e+00, 5.951852992018951e+04, 1.000000000000000e-10, 1.365419745961341e+09
87, 7.570757010000000e-01, 3.975394130000000e-02, 3.544272689513417e-01, 0.000000000000000e+00, 0.000000000000000e+00, 5.944718371713184e+04, 1.000000000000000e-10, 1.366756074956364e+09
88, 7.541011654999999e-01, 4.011499540000000e-02, 3.527904809023377e-01, 0.000000000000000e+00, 0.000000000000000e+00, 5.916353922241668e+04, 1.000000000000000e-10, 1.372953754277415e+09
89, 7.511258242000000e-01, 4.046933410000000e-02, 3.501671118254242e-01, 0.000000000000000e+00, 0.000000000000000e+00, 5.870981763029433e+04, 1.000000000000000e-10, 1.382973177464785e+09
90, 7.481488621000000e-01, 4.080977130000000e-02, 3.489002261749810e-01, 0.000000000000000e+00, 0.000000000000000e+00, 5.847819636871464e+04, 1.000000000000000e-10, 1.387600022975202e+09
91, 7.451704939000000e-01, 4.113770130000000e-02, 3.494960154652168e-01, 0.000000000000000e+00, 0.000000000000000e+00, 5.855542825756295e+04, 1.000000000000000e-10, 1.384799558197303e+09
92, 7.421915967000000e-01, 4.146079960000000e-02, 3.503879059759060e-01, 0.000000000000000e+00, 0.000000000000000e+00, 5.868315848362465e+04, 1.000000000000000e-10, 1.380855397774608e+09
93, 7.392129909000000e-01, 4.178657100000000e-02, 3.504022462168387e-01, 0.000000000000000e+00, 0.000000000000000e+00, 5.866411441912207e+04, 1.000000000000000e-10, 1.380384511237481e+09
94, 7.362345880000000e-01, 4.211419530000000e-02, 3.486984002056703e-01, 0.000000000000000e+00, 0.000000000000000e+00, 5.835897218628470e+04, 1.000000000000000e-10, 1.386746083259212e+09
95, 7.332561850000000e-01, 4.244181960000000e-02, 3.472914311560538e-01, 0.000000000000000e+00, 0.000000000000000e+00, 5.810489620390508e+04, 1.000000000000000e-10, 1.392030242978416e+09
96, 7.302777821000001e-01, 4.276944400000000e-02, 3.473564843951479e-01, 0.000000000000000e+00, 0.000000000000000e+00, 5.809509620935048e+04, 1.000000000000000e-10, 1.391362652208622e+09
97, 7.272996700000000e-01, 4.309969770000000e-02, 3.471253028792923e-01, 0.000000000000000e+00, 0.000000000000000e+00, 5.803416819849750e+04, 1.000000000000000e-10, 1.391850674358046e+09
98, 7.243217382000000e-01, 4.343157600000000e-02, 3.454912641407455e-01, 0.000000000000000e+00, 0.000000000000000e+00, 5.774044477602976e+04, 1.000000000000000e-10, 1.397987640250916e+09
99, 7.213431270000000e-01, 4.375728880000000e-02, 3.426993434893553e-01, 0.000000000000000e+00, 0.000000000000000e+00, 5.725133924662397e+04, 1.000000000000000e-10, 1.408921817417726e+09
100, 7.183630640000001e-01, 4.406941800000000e-02, 3.413200262975284e-01, 0.000000000000000e+00, 0.000000000000000e+00, 5.699758737213557e+04, 1.000000000000000e-10, 1.414176145480910e+09
101, 7.153816632000000e-01, 4.436852160000000e-02, 3.418971387171973e-01, 0.000000000000000e+00, 0.000000000000000e+00, 5.707116051046639e+04, 1.000000000000000e-10, 1.411325713185202e+09
102, 7.123997234000000e-01, 4.466221600000000e-02, 3.428651439793281e-01, 0.000000000000000e+00, 0.000000000000000e+00, 5.721535591175535e+04, 1.000000000000000e-10, 1.406910254387927e+09
103, 7.094180101999999e-01, 4.495819900000000e-02, 3.430512208126567e-01, 0.000000000000000e+00, 0.000000000000000e+00, 5.723175652750998e+04, 1.000000000000000e-10, 1.405925587963159e+09
104, 7.064365126000000e-01, 4.525634870000000e-02, 3.420149437143088e-01, 0.000000000000000e+00, 0.000000000000000e+00, 5.704767814274683e+04, 1.000000000000000e-10, 1.409957995741979e+09
105, 7.034550149000000e-01, 4.555449850000000e-02, 3.405977076490238e-01, 0.000000000000000e+00, 0.000000000000000e+00, 5.679813808418047e+04, 1.000000000000000e-10, 1.415510453213942e+09
106, 7.004735172000000e-01, 4.585264830000000e-02, 3.399945340691785e-01, 0.000000000000000e+00, 0.000000000000000e+00, 5.668055854855012e+04, 1.000000000000000e-10, 1.417672233892096e+09
107, 6.974920194999999e-01, 4.615079800000000e-02, 3.384455408894992e-01, 0.000000000000000e+00, 0.000000000000000e+00, 5.640158846576489e+04, 1.000000000000000e-10, 1.423730249238219e+09
108, 6.945105217999999e-01, 4.644894780000000e-02, 3.366606995723957e-01, 0.000000000000000e+00, 0.000000000000000e+00, 5.608427028653445e+04, 1.000000000000000e-10, 1.430878441966032e+09
109, 6.915290242000000e-01, 4.674709760000000e-02, 3.360817274558800e-01, 0.000000000000000e+00, 0.000000000000000e+00, 5.596968539085148e+04, 1.000000000000000e-10, 1.432972428600978e+09
110, 6.885476161000000e-01, 4.704613990000000e-02, 3.358123034434807e-01, 0.000000000000000e+00, 0.000000000000000e+00, 5.591480890542987e+04, 1.000000000000000e-10, 1.433911051553081e+09
111, 6.855665742000000e-01, 4.734881320000000e-02, 3.351287737503071e-01, 0.000000000000000e+00, 0.000000000000000e+00, 5.579862835282321e+04, 1.000000000000000e-10, 1.436785500368673e+09
112, 6.825852395999999e-01, 4.764858270000000e-02, 3.332216195228276e-01, 0.000000000000000e+00, 0.000000000000000e+00, 5.548590185288258e+04, 1.000000000000000e-10, 1.445092975658637e+09
113, 6.796028435000000e-01, 4.793757530000000e-02, 3.306145761605278e-01, 0.000000000000000e+00, 0.000000000000000e+00, 5.506027170335997e+04, 1.000000000000000e-10, 1.456672632428247e+09
114, 6.766190426000001e-01, 4.821169240000000e-02, 3.296901468955601e-01, 0.000000000000000e+00, 0.000000000000000e+00, 5.491463297303146e+04, 1.000000000000000e-10, 1.460941083286951e+09
115, 6.736344527000000e-01, 4.847710350000000e-02, 3.304553859130096e-01, 0.000000000000000e+00, 0.000000000000000e+00, 5.505313493864254e+04, 1.000000000000000e-10, 1.457798373340088e+09
116, 6.706497918000000e-01, 4.874171610000000e-02, 3.310126496611874e-01, 0.000000000000000e+00, 0.000000000000000e+00, 5.516047747749026e+04, 1.000000000000000e-10, 1.455646355429548e+09
117, 6.676654681999999e-01, 4.901010790000000e-02, 3.301960207259043e-01, 0.000000000000000e+00, 0.000000000000000e+00, 5.504191707707255e+04, 1.000000000000000e-10, 1.459630374943938e+09
118, 6.646811620999999e-01, 4.927869540000000e-02, 3.277351615346596e-01, 0.000000000000000e+00, 0.000000000000000e+00, 5.464960467733032e+04, 1.000000000000000e-10, 1.470986390523825e+09
119, 6.616968561000000e-01, 4.954728290000000e-02, 3.262002380854512e-01, 0.000000000000000e+00, 0.000000000000000e+00, 5.440838758286414e+04, 1.000000000000000e-10, 1.478292494398823e+09
120, 6.587126148000000e-01, 4.981658670000000e-02, 3.259713854694206e-01, 0.000000000000000e+00, 0.000000000000000e+00, 5.438564047954664e+04, 1.000000000000000e-10, 1.479675311634954e+09
121, 6.557287142000000e-01, 5.008964140000000e-02, 3.255201022328673e-01, 0.000000000000000e+00, 0.000000000000000e+00, 5.432864390420114e+04, 1.000000000000000e-10, 1.482136927039638e+09
122, 6.527445878000000e-01, 5.036021100000000e-02, 3.237768028408953e-01, 0.000000000000000e+00, 0.000000000000000e+00, 5.405600582112793e+04, 1.000000000000000e-10, 1.490509683162905e+09
123, 6.497595392000000e-01, 5.062038200000000e-02, 3.212162971340639e-01, 0.000000000000000e+00, 0.000000000000000e+00, 5.364887797491230e+04, 1.000000000000000e-10, 1.502864713541038e+09
124, 6.467732199000000e-01, 5.086554410000000e-02, 3.201133802227508e-01, 0.000000000000000e+00, 0.000000000000000e+00, 5.348434214740084e+04, 1.000000000000000e-10, 1.508498581509946e+09
125, 6.437861620000001e-01, 5.110156080000000e-02, 3.207363210029276e-01, 0.000000000000000e+00, 0.000000000000000e+00, 5.361390425933574e+04, 1.000000000000000e-10, 1.506093628428303e+09
126, 6.407990088000000e-01, 5.133637300000000e-02, 3.216813240051968e-01, 0.000000000000000e+00, 0.000000000000000e+00, 5.380048383531149e+04, 1.000000000000000e-10, 1.502325603440399e+09
127, 6.378123096000000e-01, 5.157688470000000e-02, 3.219161241459401e-01, 0.000000000000000e+00, 0.000000000000000e+00, 5.387317521539653e+04, 1.000000000000000e-10, 1.502007341664880e+09
128, 6.348258525000000e-01, 5.182039160000000e-02, 3.209728086808304e-01, 0.000000000000000e+00, 0.000000000000000e+00, 5.374841189910196e+04, 1.000000000000000e-10, 1.507196386087308e+09
129, 6.318390014000000e-01, 5.205900390000000e-02, 3.194755775520793e-01, 0.000000000000000e+00, 0.000000000000000e+00, 5.353022196447347e+04, 1.000000000000000e-10, 1.515015875413309e+09
130, 6.288511656000000e-01, 5.228491860000000e-02, 3.183109344770579e-01, 0.000000000000000e+00, 0.000000000000000e+00, 5.336629417192715e+04, 1.000000000000000e-10, 1.521319095001447e+09
131, 6.258622963000000e-01, 5.249674920000000e-02, 3.184474726118023e-01, 0.000000000000000e+00, 0.000000000000000e+00, 5.341160996595127e+04, 1.000000000000000e-10, 1.521172792186235e+09
132, 6.228729552000000e-01, 5.270183440000000e-02, 3.195996471922420e-01, 0.000000000000000e+00, 0.000000000000000e+00, 5.362317489060201e+04, 1.000000000000000e-10, 1.516113951291100e+09
133, 6.198836982000000e-01, 5.290814110000000e-02, 3.202651620217783e-01, 0.000000000000000e+00, 0.000000000000000e+00, 5.374781918888320e+04, 1.000000000000000e-10, 1.513238358783202e+09
134, 6.168946444000000e-01, 5.311737490000000e-02, 3.192989525861457e-01, 0.000000000000000e+00, 0.000000000000000e+00, 5.359764507932479e+04, 1.000000000000000e-10, 1.518115281568693e+09
135, 6.139055905000000e-01, 5.332660870000000e-02, 3.171447588753566e-01, 0.000000000000000e+00, 0.000000000000000e+00, 5.324408219894213e+04, 1.000000000000000e-10, 1.528617708278441e+09
136, 6.109165367000000e-01, 5.353584240000000e-02, 3.168482824863452e-01, 0.000000000000000e+00, 0.000000000000000e+00, 5.320522830494089e+04, 1.000000000000000e-10, 1.530305788828614e+09
137, 6.079276023000000e-01, 5.374677020000000e-02, 3.171122367942175e-01, 0.000000000000000e+00, 0.000000000000000e+00, 5.326136386026281e+04, 1.000000000000000e-10, 1.529264422041264e+09
138, 6.049388740000000e-01, 5.396060430000000e-02, 3.170117614734161e-01, 0.000000000000000e+00, 0.000000000000000e+00, 5.325822178104909e+04, 1.000000000000000e-10, 1.530133102099465e+09
139, 6.019498206000000e-01, 5.416983050000000e-02, 3.157099560406831e-01, 0.000000000000000e+00, 0.000000000000000e+00, 5.305258267020495e+04, 1.000000000000000e-10, 1.536752992214761e+09
140, 5.989599226000000e-01, 5.436657950000000e-02, 3.137368993761214e-01, 0.000000000000000e+00, 0.000000000000000e+00, 5.273935650828569e+04, 1.000000000000000e-10, 1.546849108169327e+09
141, 5.959691164000001e-01, 5.454903410000000e-02, 3.133338642179810e-01, 0.000000000000000e+00, 0.000000000000000e+00, 5.269950846823645e+04, 1.000000000000000e-10, 1.549493321505223e+09
142, 5.929778870000000e-01, 5.472444030000000e-02, 3.150123546612442e-01, 0.000000000000000e+00, 0.000000000000000e+00, 5.303250791882471e+04, 1.000000000000000e-10, 1.542474914135596e+09
143, 5.899867137000000e-01, 5.490079730000000e-02, 3.174591580802189e-01, 0.000000000000000e+00, 0.000000000000000e+00, 5.351805393642091e+04, 1.000000000000000e-10, 1.532314851173601e+09
144, 5.869959152999999e-01, 5.508340180000000e-02, 3.193316435002637e-01, 0.000000000000000e+00, 0.000000000000000e+00, 5.393095905399501e+04, 1.000000000000000e-10, 1.525584254041098e+09
145, 5.840051705000000e-01, 5.526688670000000e-02, 3.197421116171404e-01, 0.000000000000000e+00, 0.000000000000000e+00, 5.411046146262888e+04, 1.000000000000000e-10, 1.526201657023171e+09
146, 5.810139992000000e-01, 5.544325400000000e-02, 3.190985008930216e-01, 0.000000000000000e+00, 0.000000000000000e+00, 5.411086754407734e+04, 1.000000000000000e-10, 1.531814055552679e+09
147, 5.780220176999999e-01, 5.560526350000000e-02, 3.186481779326266e-01, 0.000000000000000e+00, 0.000000000000000e+00, 5.408440252610374e+04, 1.000000000000000e-10, 1.535129211655482e+09
148, 5.750293853000000e-01, 5.575481730000000e-02, 3.177920277433493e-01, 0.000000000000000e+00, 0.000000000000000e+00, 5.389961967225334e+04, 1.000000000000000e-10, 1.538343209914899e+09
149, 5.720365281000001e-01, 5.589982500000000e-02, 3.152474826790858e-01, 0.000000000000000e+00, 0.000000000000000e+00, 5.334260348094898e+04, 1.000000000000000e-10, 1.547758919270240e+09
150, 5.690438169000001e-01, 5.604780920000000e-02, 3.109004419115491e-01, 0.000000000000000e+00, 0.000000000000000e+00, 5.241075896198898e+04, 1.000000000000000e-10, 1.564605004320959e+09
151, 5.660511873000000e-01, 5.619744060000000e-02, 3.046120980766874e-01, 0.000000000000000e+00, 0.000000000000000e+00, 5.110257606939519e+04, 1.000000000000000e-10, 1.590572790905598e+09
152, 5.630585577000000e-01, 5.634707210000000e-02, 2.997495561384552e-01, 0.000000000000000e+00, 0.000000000000000e+00, 5.003226835023084e+04, 1.000000000000000e-10, 1.609655037569414e+09
153, 5.600659280000000e-01, 5.649670360000000e-02, 2.969960717613485e-01, 0.000000000000000e+00, 0.000000000000000e+00, 4.935092203536040e+04, 1.000000000000000e-10, 1.618599637605384e+09
154, 5.570734513000000e-01, 5.664935650000000e-02, 2.947235459894058e-01, 0.000000000000000e+00, 0.000000000000000e+00, 4.879527475013037e+04, 1.000000000000000e-10, 1.626197240466311e+09
155, 5.540810301000000e-01, 5.680309730000000e-02, 2.923037484070559e-01, 0.000000000000000e+00, 0.000000000000000e+00, 4.827760666002885e+04, 1.000000000000000e-10, 1.636371913917439e+09
156, 5.510882624000000e-01, 5.694990830000000e-02, 2.903330104673219e-01, 0.000000000000000e+00, 0.000000000000000e+00, 4.788196454822506e+04, 1.000000000000000e-10, 1.645492326403671e+09
157, 5.480948308000000e-01, 5.708244870000000e-02, 2.908926856133904e-01, 0.000000000000000e+00, 0.000000000000000e+00, 4.793169593079708e+04, 1.000000000000000e-10, 1.641155434879302e+09
158, 5.451008633000000e-01, 5.720233900000000e-02, 2.932193317117931e-01, 0.000000000000000e+00, 0.000000000000000e+00, 4.828679525302222e+04, 1.000000000000000e-10, 1.627347316664676e+09
159, 5.421067085000000e-01, 5.731748330000000e-02, 2.952944771153570e-01, 0.000000000000000e+00, 0.000000000000000e+00, 4.861402057467680e+04, 1.000000000000000e-10, 1.615489919659805e+09
160, 5.391126656000000e-01, 5.743549340000000e-02, 2.959068089735182e-01, 0.000000000000000e+00, 0.000000000000000e+00, 4.870764380444304e+04, 1.000000000000000e-10, 1.611983180095225e+09
161, 5.361186917000000e-01, 5.755525230000000e-02, 2.950553826214234e-01, 0.000000000000000e+00, 0.000000000000000e+00, 4.856472647579597e+04, 1.000000000000000e-10, 1.616558775485122e+09
162, 5.331247178000000e-01, 5.767501130000000e-02, 2.940253486034457e-01, 0.000000000000000e+00, 0.000000000000000e+00, 4.838741138250207e+04, 1.000000000000000e-10, 1.621970632029502e+09
163, 5.301307440000000e-01, 5.779477020000000e-02, 2.940395651599584e-01, 0.000000000000000e+00, 0.000000000000000e+00, 4.838237362102257e+04, 1.000000000000000e-10, 1.621688213377170e+09
164, 5.271368887000000e-01, 5.791744960000000e-02, 2.938502207415728e-01, 0.000000000000000e+00, 0.000000000000000e+00, 4.834210695004571e+04, 1.000000000000000e-10, 1.622480873229509e+09
165, 5.241430848000000e-01, 5.804138270000000e-02, 2.926576213139487e-01, 0.000000000000000e+00, 0.000000000000000e+00, 4.813706983799049e+04, 1.000000000000000e-10, 1.628814882719431e+09
166, 5.211490097000000e-01, 5.815854030000000e-02, 2.913219706399449e-01, 0.000000000000000e+00, 0.000000000000000e+00, 4.790405966965341e+04, 1.000000000000000e-10, 1.635947476486135e+09
167, 5.181544149000000e-01, 5.826150360000000e-02, 2.922519328188672e-01, 0.000000000000000e+00, 0.000000000000000e+00, 4.803661021233375e+04, 1.000000000000000e-10, 1.630194133881351e+09
168, 5.151594046000000e-01, 5.835166060000000e-02, 2.948579923394233e-01, 0.000000000000000e+00, 0.000000000000000e+00, 4.844433752743119e+04, 1.000000000000000e-10, 1.615218439729368e+09
169, 5.121642494000000e-01, 5.843690760000000e-02, 2.970506263122631e-01, 0.000000000000000e+00, 0.000000000000000e+00, 4.879131788576832e+04, 1.000000000000000e-10, 1.602840201078925e+09
170, 5.091691748000000e-01, 5.852492480000000e-02, 2.977124300843367e-01, 0.000000000000000e+00, 0.000000000000000e+00, 4.889151263801355e+04, 1.000000000000000e-10, 1.599103914311043e+09
171, 5.061741541000000e-01, 5.861477540000000e-02, 2.967294926192573e-01, 0.000000000000000e+00, 0.000000000000000e+00, 4.872447384989110e+04, 1.000000000000000e-10, 1.604281759387867e+09
172, 5.031791335000000e-01, 5.870462600000000e-02, 2.957923948503166e-01, 0.000000000000000e+00, 0.000000000000000e+00, 4.856008910029909e+04, 1.000000000000000e-10, 1.609078766054468e+09
173, 5.001841129000000e-01, 5.879447660000000e-02, 2.960746544626290e-01, 0.000000000000000e+00, 0.000000000000000e+00, 4.859726741876455e+04, 1.000000000000000e-10, 1.607248402075100e+09
174, 4.971891791000000e-01, 5.888716460000000e-02, 2.959395345442055e-01, 0.000000000000000e+00, 0.000000000000000e+00, 4.856569178674315e+04, 1.000000000000000e-10, 1.607725418004546e+09
175, 4.941942883000000e-01, 5.898124000000000e-02, 2.947037761598629e-01, 0.000000000000000e+00, 0.000000000000000e+00, 4.835459847245570e+04, 1.000000000000000e-10, 1.614232932088974e+09
176, 4.911991976000000e-01, 5.906866820000000e-02, 2.933177642184913e-01, 0.000000000000000e+00, 0.000000000000000e+00, 4.811362702157636e+04, 1.000000000000000e-10, 1.621536743064070e+09
177, 4.882037299000000e-01, 5.914197000000000e-02, 2.942460331047515e-01, 0.000000000000000e+00, 0.000000000000000e+00, 4.824354268289919e+04, 1.000000000000000e-10, 1.615811106951311e+09
178, 4.852079712000000e-01, 5.920233930000000e-02, 2.968837118764885e-01, 0.000000000000000e+00, 0.000000000000000e+00, 4.865216850749053e+04, 1.000000000000000e-10, 1.600807609099843e+09
179, 4.822121140000000e-01, 5.925766320000000e-02, 2.990414690943874e-01, 0.000000000000000e+00, 0.000000000000000e+00, 4.898919303187694e+04, 1.000000000000000e-10, 1.588775032038090e+09
180, 4.792163079000000e-01, 5.931567380000000e-02, 2.995948666663770e-01, 0.000000000000000e+00, 0.000000000000000e+00, 4.906835869958482e+04, 1.000000000000000e-10, 1.585533593008982e+09
181, 4.762205389000000e-01, 5.937558920000000e-02, 2.984325888093393e-01, 0.000000000000000e+00, 0.000000000000000e+00, 4.886980258776056e+04, 1.000000000000000e-10, 1.591483371996880e+09
182, 4.732247699000000e-01, 5.943550460000000e-02, 2.974697216275889e-01, 0.000000000000000e+00, 0.000000000000000e+00, 4.870064096632521e+04, 1.000000000000000e-10, 1.596358204497073e+09
183, 4.702290009000000e-01, 5.949542000000000e-02, 2.975778716801916e-01, 0.000000000000000e+00, 0.000000000000000e+00, 4.870325469094367e+04, 1.000000000000000e-10, 1.595369616565180e+09
184, 4.672332890000000e-01, 5.955810270000000e-02, 2.973562364258433e-01, 0.000000000000000e+00, 0.000000000000000e+00, 4.865107649767994e+04, 1.000000000000000e-10, 1.596144731562676e+09
185, 4.642376084000000e-01, 5.962228340000000e-02, 2.959752539721262e-01, 0.000000000000000e+00, 0.000000000000000e+00, 4.841089876857915e+04, 1.000000000000000e-10, 1.603202697322506e+09
186, 4.612417964000000e-01, 5.967992670000000e-02, 2.943838165916635e-01, 0.000000000000000e+00, 0.000000000000000e+00, 4.813229270198130e+04, 1.000000000000000e-10, 1.611353524347831e+09
187, 4.582457490000000e-01, 5.972350630000000e-02, 2.951251266342529e-01, 0.000000000000000e+00, 0.000000000000000e+00, 4.822806080540943e+04, 1.000000000000000e-10, 1.606575197933915e+09
188, 4.552495377000000e-01, 5.975405020000000e-02, 2.976689377018186e-01, 0.000000000000000e+00, 0.000000000000000e+00, 4.861976786141667e+04, 1.000000000000000e-10, 1.592186450626573e+09
189, 4.522532772000000e-01, 5.977943380000000e-02, 2.999461048251244e-01, 0.000000000000000e+00, 0.000000000000000e+00, 4.897955540132488e+04, 1.000000000000000e-10, 1.579774654276919e+09
190, 4.492570403000000e-01, 5.980742960000000e-02, 3.007850632398572e-01, 0.000000000000000e+00, 0.000000000000000e+00, 4.911423138655315e+04, 1.000000000000000e-10, 1.575306750175651e+09
191, 4.462608221000000e-01, 5.983739180000000e-02, 2.996382316996441e-01, 0.000000000000000e+00, 0.000000000000000e+00, 4.893288980046471e+04, 1.000000000000000e-10, 1.581524321899042e+09
192, 4.432646038000000e-01, 5.986735400000000e-02, 2.983038320213987e-01, 0.000000000000000e+00, 0.000000000000000e+00, 4.872134453689588e+04, 1.000000000000000e-10, 1.588770680858674e+09
193, 4.402683855000000e-01, 5.989731610000000e-02, 2.976806671480347e-01, 0.000000000000000e+00, 0.000000000000000e+00, 4.861380214348252e+04, 1.000000000000000e-10, 1.591876960296323e+09
194, 4.372721672000000e-01, 5.992727830000000e-02, 2.967002975504073e-01, 0.000000000000000e+00, 0.000000000000000e+00, 4.843473233197181e+04, 1.000000000000000e-10, 1.596620675232315e+09
195, 4.342759490000000e-01, 5.995724050000000e-02, 2.956264040160593e-01, 0.000000000000000e+00, 0.000000000000000e+00, 4.822783809848239e+04, 1.000000000000000e-10, 1.601610345527653e+09
196, 4.312797307000000e-01, 5.998720270000000e-02, 2.954092533700194e-01, 0.000000000000000e+00, 0.000000000000000e+00, 4.815698514401697e+04, 1.000000000000000e-10, 1.601813218000151e+09
197, 4.282835251000000e-01, 6.001838500000000e-02, 2.955830963122175e-01, 0.000000000000000e+00, 0.000000000000000e+00, 4.816176335746772e+04, 1.000000000000000e-10, 1.600197682012415e+09
198, 4.252873570000000e-01, 6.005299780000000e-02, 2.954840238005941e-01, 0.000000000000000e+00, 0.000000000000000e+00, 4.813450631862384e+04, 1.000000000000000e-10, 1.600430112411521e+09
199, 4.222911490000000e-01, 6.008389620000000e-02, 2.945989928117150e-01, 0.000000000000000e+00, 0.000000000000000e+00, 4.799113633731601e+04, 1.000000000000000e-10, 1.605260298766013e+09
200, 4.192948456000000e-01, 6.010304610000000e-02, 2.936169090660005e-01, 0.000000000000000e+00, 0.000000000000000e+00, 4.783174739052986e+04, 1.000000000000000e-10, 1.610684601460184e+09
201, 4.162984826000000e-01, 6.010734210000000e-02, 2.943380091134727e-01, 0.000000000000000e+00, 0.000000000000000e+00, 4.794074314315286e+04, 1.000000000000000e-10, 1.606464053082848e+09
202, 4.133021170000000e-01, 6.010365170000000e-02, 2.963279785147519e-01, 0.000000000000000e+00, 0.000000000000000e+00, 4.825461288446088e+04, 1.000000000000000e-10, 1.595395649750816e+09
203, 4.103057513000000e-01, 6.010004530000000e-02, 2.980737880738050e-01, 0.000000000000000e+00, 0.000000000000000e+00, 4.853805031926172e+04, 1.000000000000000e-10, 1.586028390592362e+09
204, 4.073093833000000e-01, 6.010000000000000e-02, 2.987422971458600e-01, 0.000000000000000e+00, 0.000000000000000e+00, 4.865396941834739e+04, 1.000000000000000e-10, 1.582669248135928e+09
205, 4.043130152000000e-01, 6.010000000000000e-02, 2.979414016078704e-01, 0.000000000000000e+00, 0.000000000000000e+00, 4.853694328821144e+04, 1.000000000000000e-10, 1.587286393231629e+09
206, 4.013166471000000e-01, 6.010000000000000e-02, 2.968978724709627e-01, 0.000000000000000e+00, 0.000000000000000e+00, 4.838017714184873e+04, 1.000000000000000e-10, 1.593225816515687e+09
207, 3.983202790000000e-01, 6.010000000000000e-02, 2.957553247746650e-01, 0.000000000000000e+00, 0.000000000000000e+00, 4.819480213539019e+04, 1.000000000000000e-10, 1.599402806278352e+09
208, 3.953239109000000e-01, 6.010000000000000e-02, 2.941091914848579e-01, 0.000000000000000e+00, 0.000000000000000e+00, 4.791857060133388e+04, 1.000000000000000e-10, 1.608133006518214e+09
209, 3.923275428000000e-01, 6.010000000000000e-02, 2.934174851814249e-01, 0.000000000000000e+00, 0.000000000000000e+00, 4.779314987704371e+04, 1.000000000000000e-10, 1.611569177754388e+09
210, 3.893311748000000e-01, 6.010020870000000e-02, 2.936169360217327e-01, 0.000000000000000e+00, 0.000000000000000e+00, 4.782181472407389e+04, 1.000000000000000e-10, 1.610367863132498e+09
211, 3.863348096000000e-01, 6.010425500000000e-02, 2.934896316786880e-01, 0.000000000000000e+00, 0.000000000000000e+00, 4.780851197880827e+04, 1.000000000000000e-10, 1.611273571312154e+09
212, 3.833384435000000e-01, 6.010740740000000e-02, 2.923778235752512e-01, 0.000000000000000e+00, 0.000000000000000e+00, 4.764661253839952e+04, 1.000000000000000e-10, 1.617940074955258e+09
213, 3.803420834000000e-01, 6.010159540000000e-02, 2.911825996508630e-01, 0.000000000000000e+00, 0.000000000000000e+00, 4.747039495934012e+04, 1.000000000000000e-10, 1.625111825191022e+09
214, 3.773457918000000e-01, 6.008061910000000e-02, 2.920977923853061e-01, 0.000000000000000e+00, 0.000000000000000e+00, 4.762825553946654e+04, 1.000000000000000e-10, 1.620263723592724e+09
215, 3.743495929000000e-01, 6.004884090000000e-02, 2.945684930135679e-01, 0.000000000000000e+00, 0.000000000000000e+00, 4.803910747939464e+04, 1.000000000000000e-10, 1.606893326108608e+09
216, 3.713534236000000e-01, 6.001432620000000e-02, 2.966551007030753e-01, 0.000000000000000e+00, 0.000000000000000e+00, 4.839937210617265e+04, 1.000000000000000e-10, 1.596135521209930e+09
217, 3.683572136000000e-01, 5.998357210000000e-02, 2.972676148486037e-01, 0.000000000000000e+00, 0.000000000000000e+00, 4.852962841445609e+04, 1.000000000000000e-10, 1.593670118488241e+09
218, 3.653609953000000e-01, 5.995361000000000e-02, 2.962934258543750e-01, 0.000000000000000e+00, 0.000000000000000e+00, 4.840900546692039e+04, 1.000000000000000e-10, 1.599988372914221e+09
219, 3.623647770000000e-01, 5.992364780000000e-02, 2.947780839181835e-01, 0.000000000000000e+00, 0.000000000000000e+00, 4.818944509548387e+04, 1.000000000000000e-10, 1.608986557044957e+09
220, 3.593685587000000e-01, 5.989368560000000e-02, 2.937437438442205e-01, 0.000000000000000e+00, 0.000000000000000e+00, 4.803145205201505e+04, 1.000000000000000e-10, 1.614960547538821e+09
221, 3.563723404000000e-01, 5.986372340000000e-02, 2.929173302059307e-01, 0.000000000000000e+00, 0.000000000000000e+00, 4.789563602591565e+04, 1.000000000000000e-10, 1.619497723519201e+09
222, 3.533761221000000e-01, 5.983376120000000e-02, 2.922782933925948e-01, 0.000000000000000e+00, 0.000000000000000e+00, 4.778730450431773e+04, 1.000000000000000e-10, 1.622879514455197e+09
223, 3.503799039000000e-01, 5.980379900000000e-02, 2.919777711579667e-01, 0.000000000000000e+00, 0.000000000000000e+00, 4.775349562826685e+04, 1.000000000000000e-10, 1.624980877248425e+09
224, 3.473836618000000e-01, 5.977636380000000e-02, 2.913051831698634e-01, 0.000000000000000e+00, 0.000000000000000e+00, 4.767423293626928e+04, 1.000000000000000e-10, 1.629623102134054e+09
225, 3.443874030000000e-01, 5.975078450000000e-02, 2.897636450147179e-01, 0.000000000000000e+00, 0.000000000000000e+00, 4.746944201389619e+04, 1.000000000000000e-10, 1.639691652317488e+09
226, 3.413912043000000e-01, 5.971906720000000e-02, 2.882256715322976e-01, 0.000000000000000e+00, 0.000000000000000e+00, 4.726867380944435e+04, 1.000000000000000e-10, 1.649916668024245e+09
227, 3.383951856000000e-01, 5.967355900000000e-02, 2.889860853505293e-01, 0.000000000000000e+00, 0.000000000000000e+00, 4.743691906897115e+04, 1.000000000000000e-10, 1.646738673133116e+09
228, 3.353993970000000e-01, 5.961469410000000e-02, 2.915074265952892e-01, 0.000000000000000e+00, 0.000000000000000e+00, 4.789394938039014e+04, 1.000000000000000e-10, 1.633803436383648e+09
229, 3.324037216000000e-01, 5.955026900000000e-02, 2.937282656286884e-01, 0.000000000000000e+00, 0.000000000000000e+00, 4.831071101216305e+04, 1.000000000000000e-10, 1.622888884377254e+09
230, 3.294079977000000e-01, 5.948816000000000e-02, 2.945187642117014e-01, 0.000000000000000e+00, 0.000000000000000e+00, 4.849763114276071e+04, 1.000000000000000e-10, 1.620101352512164e+09
231, 3.264122288000000e-01, 5.942824460000000e-02, 2.931921336935982e-01, 0.000000000000000e+00, 0.000000000000000e+00, 4.833869320208343e+04, 1.000000000000000e-10, 1.629072465166111e+09
232, 3.234164598000000e-01, 5.936832920000000e-02, 2.917458672725747e-01, 0.000000000000000e+00, 0.000000000000000e+00, 4.814793107657712e+04, 1.000000000000000e-10, 1.638444280146744e+09
233, 3.204206908000000e-01, 5.930841380000000e-02, 2.913726268913480e-01, 0.000000000000000e+00, 0.000000000000000e+00, 4.811159804954484e+04, 1.000000000000000e-10, 1.641253538847272e+09
234, 3.174249218000000e-01, 5.924849840000000e-02, 2.900297427763704e-01, 0.000000000000000e+00, 0.000000000000000e+00, 4.789005445427464e+04, 1.000000000000000e-10, 1.648858314232561e+09
235, 3.144291528000000e-01, 5.918858310000000e-02, 2.885806116836885e-01, 0.000000000000000e+00, 0.000000000000000e+00, 4.763921060213640e+04, 1.000000000000000e-10, 1.656818693045321e+09
236, 3.114333838000000e-01, 5.912866770000000e-02, 2.885099372299199e-01, 0.000000000000000e+00, 0.000000000000000e+00, 4.761242140467871e+04, 1.000000000000000e-10, 1.656790792739624e+09
237, 3.084375946000000e-01, 5.906978170000000e-02, 2.888573442636324e-01, 0.000000000000000e+00, 0.000000000000000e+00, 4.766541787769141e+04, 1.000000000000000e-10, 1.654658654853285e+09
238, 3.054417368000000e-01, 5.901448810000000e-02, 2.889976604985039e-01, 0.000000000000000e+00, 0.000000000000000e+00, 4.769559104145125e+04, 1.000000000000000e-10, 1.654057836848957e+09
239, 3.024459424000000e-01, 5.895589760000000e-02, 2.884293216519497e-01, 0.000000000000000e+00, 0.000000000000000e+00, 4.761954769592281e+04, 1.000000000000000e-10, 1.657861925560867e+09
240, 2.994503937000000e-01, 5.888596610000000e-02, 2.877712096062776e-01, 0.000000000000000e+00, 0.000000000000000e+00, 4.752867550945726e+04, 1.000000000000000e-10, 1.662165910465185e+09
241, 2.964552315000000e-01, 5.880104250000000e-02, 2.887316545741722e-01, 0.000000000000000e+00, 0.000000000000000e+00, 4.769602212529974e+04, 1.000000000000000e-10, 1.656896455828901e+09
242, 2.934603172000000e-01, 5.870772480000000e-02, 2.908338397378024e-01, 0.000000000000000e+00, 0.000000000000000e+00, 4.805032224164513e+04, 1.000000000000000e-10, 1.645118748720911e+09
243, 2.904654134000000e-01, 5.861406570000000e-02, 2.924587727477160e-01, 0.000000000000000e+00, 0.000000000000000e+00, 4.833329972943471e+04, 1.000000000000000e-10, 1.636350582446604e+09
244, 2.874703256000000e-01, 5.852650000000000e-02, 2.927448763100793e-01, 0.000000000000000e+00, 0.000000000000000e+00, 4.840172593269850e+04, 1.000000000000000e-10, 1.635341139961030e+09
245, 2.844751753000000e-01, 5.844108520000000e-02, 2.916250868521632e-01, 0.000000000000000e+00, 0.000000000000000e+00, 4.824364609082576e+04, 1.000000000000000e-10, 1.642385724013155e+09
246, 2.814802001000000e-01, 5.834977820000000e-02, 2.904714846403776e-01, 0.000000000000000e+00, 0.000000000000000e+00, 4.807594786229878e+04, 1.000000000000000e-10, 1.649563355653781e+09
247, 2.784856726000000e-01, 5.824487900000000e-02, 2.912112869780290e-01, 0.000000000000000e+00, 0.000000000000000e+00, 4.820937296569073e+04, 1.000000000000000e-10, 1.645681505150854e+09
248, 2.754916466000000e-01, 5.812646400000000e-02, 2.932364331564823e-01, 0.000000000000000e+00, 0.000000000000000e+00, 4.855040798105658e+04, 1.000000000000000e-10, 1.634504647121423e+09
249, 2.724978541000000e-01, 5.800225460000000e-02, 2.952900705667863e-01, 0.000000000000000e+00, 0.000000000000000e+00, 4.889829611193926e+04, 1.000000000000000e-10, 1.623352516025444e+09
250, 2.695039750000000e-01, 5.788015900000000e-02, 2.964537720051344e-01, 0.000000000000000e+00, 0.000000000000000e+00, 4.910442339479700e+04, 1.000000000000000e-10, 1.617315280721954e+09
251, 2.665100011000000e-01, 5.776040000000000e-02, 2.963434178800137e-01, 0.000000000000000e+00, 0.000000000000000e+00, 4.910183597046814e+04, 1.000000000000000e-10, 1.618343463755453e+09
252, 2.635160273000000e-01, 5.764064110000000e-02, 2.952496978828323e-01, 0.000000000000000e+00, 0.000000000000000e+00, 4.893804911726600e+04, 1.000000000000000e-10, 1.624802109450099e+09
253, 2.605220534000000e-01, 5.752088210000000e-02, 2.943688824022381e-01, 0.000000000000000e+00, 0.000000000000000e+00, 4.879956146820890e+04, 1.000000000000000e-10, 1.629870367489675e+09
254, 2.575280795000000e-01, 5.740112320000000e-02, 2.933841359158661e-01, 0.000000000000000e+00, 0.000000000000000e+00, 4.863448286371580e+04, 1.000000000000000e-10, 1.635290367464632e+09
255, 2.545341057000000e-01, 5.728136420000000e-02, 2.923781253957349e-01, 0.000000000000000e+00, 0.000000000000000e+00, 4.846038757419130e+04, 1.000000000000000e-10, 1.640731124052177e+09
256, 2.515401318000000e-01, 5.716160530000000e-02, 2.922563887708430e-01, 0.000000000000000e+00, 0.000000000000000e+00, 4.843273452755999e+04, 1.000000000000000e-10, 1.641205962102141e+09
257, 2.485461222000000e-01, 5.704274810000000e-02, 2.926130152804834e-01, 0.000000000000000e+00, 0.000000000000000e+00, 4.849626374071956e+04, 1.000000000000000e-10, 1.639299400769731e+09
258, 2.455519687000000e-01, 5.692757100000000e-02, 2.926436331252392e-01, 0.000000000000000e+00, 0.000000000000000e+00, 4.851696936655483e+04, 1.000000000000000e-10, 1.639574984616974e+09
259, 2.425579324000000e-01, 5.680940080000000e-02, 2.919945850887137e-01, 0.000000000000000e+00, 0.000000000000000e+00, 4.843515576889356e+04, 1.000000000000000e-10, 1.643962822540295e+09
260, 2.395643498000000e-01, 5.668030080000000e-02, 2.915053908442596e-01, 0.000000000000000e+00, 0.000000000000000e+00, 4.837922561611892e+04, 1.000000000000000e-10, 1.647428532556564e+09
261, 2.365712773000000e-01, 5.653982940000000e-02, 2.928544623531779e-01, 0.000000000000000e+00, 0.000000000000000e+00, 4.861892596985547e+04, 1.000000000000000e-10, 1.640217774427273e+09
262, 2.335786376000000e-01, 5.639042170000000e-02, 2.950729527109622e-01, 0.000000000000000e+00, 0.000000000000000e+00, 4.899900317323771e+04, 1.000000000000000e-10, 1.628179354673839e+09
263, 2.305864572000000e-01, 5.623208320000000e-02, 2.969564232569536e-01, 0.000000000000000e+00, 0.000000000000000e+00, 4.931869185472820e+04, 1.000000000000000e-10, 1.618139190166357e+09
264, 2.275948873000000e-01, 5.606262990000000e-02, 2.987314309908143e-01, 0.000000000000000e+00, 0.000000000000000e+00, 4.961874926160458e+04, 1.000000000000000e-10, 1.608664927378224e+09
265, 2.246039719000000e-01, 5.588195720000000e-02, 3.011083866124221e-01, 0.000000000000000e+00, 0.000000000000000e+00, 5.001695502197943e+04, 1.000000000000000e-10, 1.596041338403402e+09
266, 2.216132630000000e-01, 5.569788720000000e-02, 3.026141782337310e-01, 0.000000000000000e+00, 0.000000000000000e+00, 5.027283490477023e+04, 1.000000000000000e-10, 1.588249109747598e+09
267, 2.186223396000000e-01, 5.551734040000000e-02, 3.022563410149630e-01, 0.000000000000000e+00, 0.000000000000000e+00, 5.021894131631478e+04, 1.000000000000000e-10, 1.590292788187226e+09
268, 2.156313504000000e-01, 5.533788100000000e-02, 2.998278932415487e-01, 0.000000000000000e+00, 0.000000000000000e+00, 4.981899744385133e+04, 1.000000000000000e-10, 1.603266936854126e+09
269, 2.126403613000000e-01, 5.515842170000000e-02, 2.982947333832421e-01, 0.000000000000000e+00, 0.000000000000000e+00, 4.956199239045959e+04, 1.000000000000000e-10, 1.611421195667315e+09
270, 2.096493686000000e-01, 5.497902140000000e-02, 2.981861570385552e-01, 0.000000000000000e+00, 0.000000000000000e+00, 4.954378173535541e+04, 1.000000000000000e-10, 1.611990495491511e+09
271, 2.066581632000000e-01, 5.480320770000000e-02, 2.980093894597147e-01, 0.000000000000000e+00, 0.000000000000000e+00, 4.951814896224511e+04, 1.000000000000000e-10, 1.613046843059303e+09
272, 2.036669592000000e-01, 5.462737120000000e-02, 2.969041678422557e-01, 0.000000000000000e+00, 0.000000000000000e+00, 4.934321050650710e+04, 1.000000000000000e-10, 1.619272313826398e+09
273, 2.006762392000000e-01, 5.444351370000000e-02, 2.955840447851935e-01, 0.000000000000000e+00, 0.000000000000000e+00, 4.912897621492476e+04, 1.000000000000000e-10, 1.626662763809438e+09
274, 1.976864651000000e-01, 5.424488690000000e-02, 2.958500007683825e-01, 0.000000000000000e+00, 0.000000000000000e+00, 4.916793387198151e+04, 1.000000000000000e-10, 1.625027511994952e+09
275, 1.946974808000000e-01, 5.403467400000000e-02, 2.971325694168562e-01, 0.000000000000000e+00, 0.000000000000000e+00, 4.937186324083859e+04, 1.000000000000000e-10, 1.617778965497343e+09
276, 1.917087537000000e-01, 5.382082320000000e-02, 2.983707145617035e-01, 0.000000000000000e+00, 0.000000000000000e+00, 4.957423840404396e+04, 1.000000000000000e-10, 1.611001830351658e+09
277, 1.887197351000000e-01, 5.361109610000000e-02, 2.987882080713500e-01, 0.000000000000000e+00, 0.000000000000000e+00, 4.965368038806321e+04, 1.000000000000000e-10, 1.609019459749641e+09
278, 1.857303707000000e-01, 5.340634910000000e-02, 2.980647493467271e-01, 0.000000000000000e+00, 0.000000000000000e+00, 4.955414964695767e+04, 1.000000000000000e-10, 1.613479322063884e+09
279, 1.827411789000000e-01, 5.319910420000000e-02, 2.962140188725011e-01, 0.000000000000000e+00, 0.000000000000000e+00, 4.927650503407991e+04, 1.000000000000000e-10, 1.624333936312684e+09
280, 1.797527313000000e-01, 5.298142430000000e-02, 2.944309870494879e-01, 0.000000000000000e+00, 0.000000000000000e+00, 4.900611366654881e+04, 1.000000000000000e-10, 1.634896206021556e+09
281, 1.767651486000000e-01, 5.275215400000000e-02, 2.949021229886886e-01, 0.000000000000000e+00, 0.000000000000000e+00, 4.909867433385623e+04, 1.000000000000000e-10, 1.632683946944003e+09
282, 1.737782598000000e-01, 5.251401450000000e-02, 2.965022376188929e-01, 0.000000000000000e+00, 0.000000000000000e+00, 4.937574149128073e+04, 1.000000000000000e-10, 1.624161377230795e+09
283, 1.707920907000000e-01, 5.226701400000000e-02, 2.973004096521595e-01, 0.000000000000000e+00, 0.000000000000000e+00, 4.951607858192329e+04, 1.000000000000000e-10, 1.620000566654975e+09
284, 1.678068289000000e-01, 5.200929790000000e-02, 2.959789494367827e-01, 0.000000000000000e+00, 0.000000000000000e+00, 4.929991442175244e+04, 1.000000000000000e-10, 1.627325970970622e+09
285, 1.648225830000000e-01, 5.174005310000000e-02, 2.942086607768090e-01, 0.000000000000000e+00, 0.000000000000000e+00, 4.900134705002253e+04, 1.000000000000000e-10, 1.637016188684632e+09
286, 1.618386948000000e-01, 5.146686210000000e-02, 2.935260978401329e-01, 0.000000000000000e+00, 0.000000000000000e+00, 4.888349524051780e+04, 1.000000000000000e-10, 1.640752909651021e+09
287, 1.588544609000000e-01, 5.119748250000000e-02, 2.929249018950992e-01, 0.000000000000000e+00, 0.000000000000000e+00, 4.879010699731086e+04, 1.000000000000000e-10, 1.644307013150101e+09
288, 1.558697631000000e-01, 5.093328530000000e-02, 2.915754396104085e-01, 0.000000000000000e+00, 0.000000000000000e+00, 4.858139633691885e+04, 1.000000000000000e-10, 1.652385936642571e+09
289, 1.528852535000000e-01, 5.066697530000000e-02, 2.892157312362771e-01, 0.000000000000000e+00, 0.000000000000000e+00, 4.821276480423396e+04, 1.000000000000000e-10, 1.666565108286859e+09
290, 1.499016570000000e-01, 5.039064780000000e-02, 2.868814716833722e-01, 0.000000000000000e+00, 0.000000000000000e+00, 4.784465480565601e+04, 1.000000000000000e-10, 1.680708574483283e+09
291, 1.469194872000000e-01, 5.009932340000000e-02, 2.863476824385033e-01, 0.000000000000000e+00, 0.000000000000000e+00, 4.776489518071829e+04, 1.000000000000000e-10, 1.684110116595721e+09
292, 1.439382559000000e-01, 4.979852640000000e-02, 2.869783517961748e-01, 0.000000000000000e+00, 0.000000000000000e+00, 4.787709908305589e+04, 1.000000000000000e-10, 1.680589672479003e+09
293, 1.409571857000000e-01, 4.949613280000000e-02, 2.870375798123169e-01, 0.000000000000000e+00, 0.000000000000000e+00, 4.790245393822376e+04, 1.000000000000000e-10, 1.680638887889397e+09
294, 1.379755682000000e-01, 4.919919110000000e-02, 2.856123511124802e-01, 0.000000000000000e+00, 0.000000000000000e+00, 4.768765126076424e+04, 1.000000000000000e-10, 1.689714850167454e+09
295, 1.349936162000000e-01, 4.890561960000000e-02, 2.826042067177378e-01, 0.000000000000000e+00, 0.000000000000000e+00, 4.721542655800895e+04, 1.000000000000000e-10, 1.708614205267562e+09
296, 1.320121036000000e-01, 4.860762960000000e-02, 2.795287542268909e-01, 0.000000000000000e+00, 0.000000000000000e+00, 4.672833476149160e+04, 1.000000000000000e-10, 1.728240409653017e+09
297, 1.290317925000000e-01, 4.829786950000000e-02, 2.784024886851907e-01, 0.000000000000000e+00, 0.000000000000000e+00, 4.655493266926669e+04, 1.000000000000000e-10, 1.735687501126785e+09
298, 1.260525769000000e-01, 4.797772950000000e-02, 2.786714670615248e-01, 0.000000000000000e+00, 0.000000000000000e+00, 4.660980614244693e+04, 1.000000000000000e-10, 1.734302894106569e+09
299, 1.230743167000000e-01, 4.764882070000000e-02, 2.792676643534945e-01, 0.000000000000000e+00, 0.000000000000000e+00, 4.672040145866845e+04, 1.000000000000000e-10, 1.730953492961035e+09
300, 1.200970366000000e-01, 4.731115450000000e-02, 2.796241526953031e-01, 0.000000000000000e+00, 0.000000000000000e+00, 4.679414212168928e+04, 1.000000000000000e-10, 1.729175312973581e+09
301, 1.171207615000000e-01, 4.696474260000000e-02, 2.797069565784247e-01, 0.000000000000000e+00, 0.000000000000000e+00, 4.682517106594000e+04, 1.000000000000000e-10, 1.729184228654898e+09
302, 1.141455159000000e-01, 4.660959680000000e-02, 2.795926061942953e-01, 0.000000000000000e+00, 0.000000000000000e+00, 4.682500228795403e+04, 1.000000000000000e-10, 1.730455927192001e+09
303, 1.111713243000000e-01, 4.624572950000000e-02, 2.792519252477227e-01, 0.000000000000000e+00, 0.000000000000000e+00, 4.678730828351684e+04, 1.000000000000000e-10, 1.733155980218692e+09
304, 1.081982111000000e-01, 4.587315320000000e-02, 2.787493830178129e-01, 0.000000000000000e+00, 0.000000000000000e+00, 4.672260779064234e+04, 1.000000000000000e-10, 1.736891658777508e+09
305, 1.052262005000000e-01, 4.549188050000000e-02, 2.784974188765082e-01, 0.000000000000000e+00, 0.000000000000000e+00, 4.670163311620160e+04, 1.000000000000000e-10, 1.739112963054527e+09
306, 1.022553168000000e-01, 4.510192450000000e-02, 2.789426534424748e-01, 0.000000000000000e+00, 0.000000000000000e+00, 4.680330117075138e+04, 1.000000000000000e-10, 1.737107808158375e+09
307, 9.928555240000000e-02, 4.470353130000000e-02, 2.797356375127409e-01, 0.000000000000000e+00, 0.000000000000000e+00, 4.697406203799899e+04, 1.000000000000000e-10, 1.733325451101252e+09
308, 9.631645150000000e-02, 4.430022190000000e-02, 2.801971666865060e-01, 0.000000000000000e+00, 0.000000000000000e+00, 4.709713212521194e+04, 1.000000000000000e-10, 1.731845305479802e+09
309, 9.334866629999999e-02, 4.388735710000000e-02, 2.799822432786982e-01, 0.000000000000000e+00, 0.000000000000000e+00, 4.711182351682367e+04, 1.000000000000000e-10, 1.734743156499688e+09
310, 9.038333000000000e-02, 4.345728190000000e-02, 2.796000373407103e-01, 0.000000000000000e+00, 0.000000000000000e+00, 4.709325735254372e+04, 1.000000000000000e-10, 1.738505071178896e+09
311, 8.742106760000000e-02, 4.300650920000000e-02, 2.804789972551481e-01, 0.000000000000000e+00, 0.000000000000000e+00, 4.727298673858659e+04, 1.000000000000000e-10, 1.733985647650325e+09
312, 8.446147179999999e-02, 4.253854550000000e-02, 2.823730722769197e-01, 0.000000000000000e+00, 0.000000000000000e+00, 4.761669947087425e+04, 1.000000000000000e-10, 1.723109082463299e+09
313, 8.150462410000001e-02, 4.205352220000000e-02, 2.842005118954863e-01, 0.000000000000000e+00, 0.000000000000000e+00, 4.794655841118150e+04, 1.000000000000000e-10, 1.712664541726996e+09
314, 7.855061400000000e-02, 4.155150370000000e-02, 2.853571398909654e-01, 0.000000000000000e+00, 0.000000000000000e+00, 4.816318520935572e+04, 1.000000000000000e-10, 1.706340664174124e+09
315, 7.559953120000000e-02, 4.103255620000000e-02, 2.861513029166702e-01, 0.000000000000000e+00, 0.000000000000000e+00, 4.832219920753474e+04, 1.000000000000000e-10, 1.702294428594681e+09
316, 7.265146290000001e-02, 4.049674770000000e-02, 2.871610596559547e-01, 0.000000000000000e+00, 0.000000000000000e+00, 4.852497969276621e+04, 1.000000000000000e-10, 1.697286168735474e+09
317, 6.970648800000000e-02, 3.994418840000000e-02, 2.880909455898536e-01, 0.000000000000000e+00, 0.000000000000000e+00, 4.872444724028301e+04, 1.000000000000000e-10, 1.693012712908249e+09
318, 6.676405530000000e-02, 3.937824060000000e-02, 2.882861602500656e-01, 0.000000000000000e+00, 0.000000000000000e+00, 4.880636925220089e+04, 1.000000000000000e-10, 1.693255832313571e+09
319, 6.382483080000000e-02, 3.879587770000000e-02, 2.874801304123565e-01, 0.000000000000000e+00, 0.000000000000000e+00, 4.872431115881600e+04, 1.000000000000000e-10, 1.699505998190088e+09
320, 6.089039250000000e-02, 3.818988410000000e-02, 2.865862342306423e-01, 0.000000000000000e+00, 0.000000000000000e+00, 4.862539799894165e+04, 1.000000000000000e-10, 1.706319487193676e+09
321, 5.796159620000000e-02, 3.755716460000000e-02, 2.870944135114500e-01, 0.000000000000000e+00, 0.000000000000000e+00, 4.875742561710255e+04, 1.000000000000000e-10, 1.704609537436300e+09
322, 5.503766030000000e-02, 3.690236230000000e-02, 2.882886767072837e-01, 0.000000000000000e+00, 0.000000000000000e+00, 4.900101236891479e+04, 1.000000000000000e-10, 1.698704113768722e+09
323, 5.212020500000000e-02, 3.621928960000000e-02, 2.892649907690033e-01, 0.000000000000000e+00, 0.000000000000000e+00, 4.920585773259655e+04, 1.000000000000000e-10, 1.694072563557366e+09
324, 4.921095930000000e-02, 3.550206810000000e-02, 2.898481513492986e-01, 0.000000000000000e+00, 0.000000000000000e+00, 4.934172945368976e+04, 1.000000000000000e-10, 1.691692321223226e+09
325, 4.630834710000000e-02, 3.475842740000000e-02, 2.899553135328521e-01, 0.000000000000000e+00, 0.000000000000000e+00, 4.939295855329110e+04, 1.000000000000000e-10, 1.691990943443078e+09
326, 4.341443290000000e-02, 3.398167710000000e-02, 2.891338592247907e-01, 0.000000000000000e+00, 0.000000000000000e+00, 4.928458492284227e+04, 1.000000000000000e-10, 1.697645199603276e+09
327, 4.053329480000000e-02, 3.315886600000000e-02, 2.884194737909761e-01, 0.000000000000000e+00, 0.000000000000000e+00, 4.919364363392652e+04, 1.000000000000000e-10, 1.702755563499574e+09
328, 3.766462370000000e-02, 3.229347590000000e-02, 2.888758121311433e-01, 0.000000000000000e+00, 0.000000000000000e+00, 4.930760655766552e+04, 1.000000000000000e-10, 1.701084224614328e+09
329, 3.480664810000000e-02, 3.139349160000000e-02, 2.906966773360509e-01, 0.000000000000000e+00, 0.000000000000000e+00, 4.966044152600343e+04, 1.000000000000000e-10, 1.691598793940730e+09
330, 3.196977470000000e-02, 3.042923390000000e-02, 2.942030090225095e-01, 0.000000000000000e+00, 0.000000000000000e+00, 5.031276948272462e+04, 1.000000000000000e-10, 1.672713588910558e+09
331, 2.916436760000000e-02, 2.937700070000000e-02, 2.996842581216909e-01, 0.000000000000000e+00, 0.000000000000000e+00, 5.131540713558578e+04, 1.000000000000000e-10, 1.643826792244053e+09
332, 2.638083370000000e-02, 2.826801140000000e-02, 3.079109564993475e-01, 0.000000000000000e+00, 0.000000000000000e+00, 5.279892133766294e+04, 1.000000000000000e-10, 1.601760782038294e+09
333, 2.362898530000000e-02, 2.708283520000000e-02, 3.207047597317803e-01, 0.000000000000000e+00, 0.000000000000000e+00, 5.508135068885559e+04, 1.000000000000000e-10, 1.539763844938745e+09
334, 2.092840090000000e-02, 2.578537860000000e-02, 3.377483247225795e-01, 0.000000000000000e+00, 0.000000000000000e+00, 5.811714146221985e+04, 1.000000000000000e-10, 1.464025176830363e+09
335, 1.829564720000000e-02, 2.435529470000000e-02, 3.534076699201098e-01, 0.000000000000000e+00, 0.000000000000000e+00, 6.093198856383737e+04, 1.000000000000000e-10, 1.401583837478131e+09
336, 1.571975790000000e-02, 2.282485310000000e-02, 3.637965884635713e-01, 0.000000000000000e+00, 0.000000000000000e+00, 6.284787888784682e+04, 1.000000000000000e-10, 1.363763767577399e+09
337, 1.319128670000000e-02, 2.121724900000000e-02, 3.709026071723128e-01, 0.000000000000000e+00, 0.000000000000000e+00, 6.421182225153998e+04, 1.000000000000000e-10, 1.339952693580407e+09
338, 1.071855140000000e-02, 1.952532850000000e-02, 3.797741971877159e-01, 0.000000000000000e+00, 0.000000000000000e+00, 6.589579928866723e+04, 1.000000000000000e-10, 1.311040281172575e+09
339, 8.357752600000001e-03, 1.768194770000000e-02, 3.985319101215340e-01, 0.000000000000000e+00, 0.000000000000000e+00, 6.931046823549591e+04, 1.000000000000000e-10, 1.250805091435360e+09
340, 6.234852000000000e-03, 1.557056300000000e-02, 4.251361417396853e-01, 0.000000000000000e+00, 0.000000000000000e+00, 7.410460578770422e+04, 1.000000000000000e-10, 1.173211754797404e+09
341, 4.319046800000000e-03, 1.326691890000000e-02, 4.555328942976812e-01, 0.000000000000000e+00, 0.000000000000000e+00, 7.956664625441554e+04, 1.000000000000000e-10, 1.096758400918376e+09
342, 2.659048500000000e-03, 1.078063400000000e-02, 4.968489880747473e-01, 0.000000000000000e+00, 0.000000000000000e+00, 8.694293612012568e+04, 1.000000000000000e-10, 1.007560915921832e+09
343, 1.585549600000000e-03, 7.986006000000000e-03, 5.339780636677546e-01, 0.000000000000000e+00, 0.000000000000000e+00, 9.356582544622854e+04, 1.000000000000000e-10, 9.385257298179578e+08
344, 7.472436000000000e-04, 5.109934500000000e-03, 5.577620121422342e-01, 0.000000000000000e+00, 0.000000000000000e+00, 9.782570014199875e+04, 1.000000000000000e-10, 8.991940923901201e+08
345, 1.626159000000000e-04, 2.172660000000000e-03, 5.757047311433715e-01, 0.000000000000000e+00, 0.000000000000000e+00, 1.010351838426869e+05, 1.000000000000000e-10, 8.714507267366043e+08
346, 2.551370000000000e-05, -8.154233000000000e-04, 5.851798552880771e-01, 0.000000000000000e+00, 0.000000000000000e+00, 1.027221108076153e+05, 1.000000000000000e-10, 8.565815600987364e+08
347, 4.418631000000000e-04, -3.780176900000000e-03, 5.771534344353128e-01, 0.000000000000000e+00, 0.000000000000000e+00, 1.012987374901298e+05, 1.000000000000000e-10, 8.699058104706676e+08
348, 1.178979700000000e-03, -6.683559600000000e-03, 5.615016709111734e-01, 0.000000000000000e+00, 0.000000000000000e+00, 9.850197521779199e+04, 1.000000000000000e-10, 8.937888889531568e+08
349, 2.119737600000000e-03, -9.527886300000000e-03, 5.383533339786576e-01, 0.000000000000000e+00, 0.000000000000000e+00, 9.436027196777640e+04, 1.000000000000000e-10, 9.315726677799245e+08
350, 3.491510200000000e-03, -1.218239690000000e-02, 5.043135308418559e-01, 0.000000000000000e+00, 0.000000000000000e+00, 8.827513847664667e+04, 1.000000000000000e-10, 9.936338532211263e+08
351, 5.352275100000000e-03, -1.453005090000000e-02, 4.748113531034702e-01, 0.000000000000000e+00, 0.000000000000000e+00, 8.296449491234764e+04, 1.000000000000000e-10, 1.053861616283542e+09
352, 7.355607900000000e-03, -1.675624800000000e-02, 4.508953960925819e-01, 0.000000000000000e+00, 0.000000000000000e+00, 7.863114737889201e+04, 1.000000000000000e-10, 1.107991947108115e+09
353, 9.621932400000000e-03, -1.871350840000000e-02, 4.279940043391359e-01, 0.000000000000000e+00, 0.000000000000000e+00, 7.448988421533207e+04, 1.000000000000000e-10, 1.166021511926168e+09
354, 1.205590760000000e-02, -2.046042230000000e-02, 4.143722358223005e-01, 0.000000000000000e+00, 0.000000000000000e+00, 7.198738205067866e+04, 1.000000000000000e-10, 1.202762720028940e+09
355, 1.455955480000000e-02, -2.210638150000000e-02, 4.062414304021355e-01, 0.000000000000000e+00, 0.000000000000000e+00, 7.044914179835863e+04, 1.000000000000000e-10, 1.225057936552681e+09
356, 1.711312970000000e-02, -2.367378560000000e-02, 3.974421780966794e-01, 0.000000000000000e+00, 0.000000000000000e+00, 6.880641307190136e+04, 1.000000000000000e-10, 1.250453410994069e+09
357, 1.972005420000000e-02, -2.515057360000000e-02, 3.843069986090187e-01, 0.000000000000000e+00, 0.000000000000000e+00, 6.642770328658065e+04, 1.000000000000000e-10, 1.291477018209730e+09
358, 2.239892040000000e-02, -2.649200820000000e-02, 3.677916024534473e-01, 0.000000000000000e+00, 0.000000000000000e+00, 6.348333454212434e+04, 1.000000000000000e-10, 1.347931601361126e+09
359, 2.514218880000000e-02, -2.769671360000000e-02, 3.558770335747647e-01, 0.000000000000000e+00, 0.000000000000000e+00, 6.135624197009288e+04, 1.000000000000000e-10, 1.392056238036860e+09
360, 2.792514050000000e-02, -2.880708720000000e-02, 3.505798035462840e-01, 0.000000000000000e+00, 0.000000000000000e+00, 6.038272041310115e+04, 1.000000000000000e-10, 1.411942354275880e+09
361, 3.072579640000000e-02, -2.987219160000000e-02, 3.489914961028597e-01, 0.000000000000000e+00, 0.000000000000000e+00, 6.005382318976740e+04, 1.000000000000000e-10, 1.417303881786604e+09
362, 3.355101120000000e-02, -3.087007190000000e-02, 3.486555395108946e-01, 0.000000000000000e+00, 0.000000000000000e+00, 5.994840709327102e+04, 1.000000000000000e-10, 1.417771385853853e+09
363, 3.640010390000000e-02, -3.179774150000000e-02, 3.475303383413531e-01, 0.000000000000000e+00, 0.000000000000000e+00, 5.971450883519877e+04, 1.000000000000000e-10, 1.421602761371207e+09
364, 3.926405390000000e-02, -3.267859480000000e-02, 3.454835443477541e-01, 0.000000000000000e+00, 0.000000000000000e+00, 5.932783615229692e+04, 1.000000000000000e-10, 1.429337574295539e+09
365, 4.213857070000000e-02, -3.352425530000000e-02, 3.431116130750438e-01, 0.000000000000000e+00, 0.000000000000000e+00, 5.888835941430198e+04, 1.000000000000000e-10, 1.438612938346991e+09
366, 4.502736230000000e-02, -3.431981760000000e-02, 3.410208130668910e-01, 0.000000000000000e+00, 0.000000000000000e+00, 5.849914903880333e+04, 1.000000000000000e-10, 1.446829855514298e+09
367, 4.792660680000000e-02, -3.507646140000000e-02, 3.396659662908422e-01, 0.000000000000000e+00, 0.000000000000000e+00, 5.823732197785151e+04, 1.000000000000000e-10, 1.452002503682862e+09
368, 5.083275460000000e-02, -3.580616600000000e-02, 3.394229113568910e-01, 0.000000000000000e+00, 0.000000000000000e+00, 5.816485270808116e+04, 1.000000000000000e-10, 1.452463106820128e+09
369, 5.374765330000000e-02, -3.650004220000000e-02, 3.404092001040652e-01, 0.000000000000000e+00, 0.000000000000000e+00, 5.829941213544735e+04, 1.000000000000000e-10, 1.447556546557316e+09
370, 5.666961100000000e-02, -3.716362050000000e-02, 3.412313407913674e-01, 0.000000000000000e+00, 0.000000000000000e+00, 5.840614419101407e+04, 1.000000000000000e-10, 1.443372679370425e+09
371, 5.959522020000000e-02, -3.781094180000000e-02, 3.409009521324081e-01, 0.000000000000000e+00, 0.000000000000000e+00, 5.831707877143591e+04, 1.000000000000000e-10, 1.444099954882284e+09
372, 6.252243709999999e-02, -3.845095230000000e-02, 3.392534145840514e-01, 0.000000000000000e+00, 0.000000000000000e+00, 5.800412730690245e+04, 1.000000000000000e-10, 1.450491606921932e+09
373, 6.545274740000000e-02, -3.907663200000000e-02, 3.366286885695066e-01, 0.000000000000000e+00, 0.000000000000000e+00, 5.752613867794095e+04, 1.000000000000000e-10, 1.461195009839190e+09
374, 6.838760620000001e-02, -3.968059320000000e-02, 3.340759962409613e-01, 0.000000000000000e+00, 0.000000000000000e+00, 5.706294522100256e+04, 1.000000000000000e-10, 1.471784264453742e+09
375, 7.132826930000000e-02, -4.025560110000000e-02, 3.325992442036826e-01, 0.000000000000000e+00, 0.000000000000000e+00, 5.678550611172122e+04, 1.000000000000000e-10, 1.477778714057774e+09
376, 7.427458960000000e-02, -4.080090600000000e-02, 3.318671750346948e-01, 0.000000000000000e+00, 0.000000000000000e+00, 5.663463119454271e+04, 1.000000000000000e-10, 1.480488742681384e+09
377, 7.722505590000001e-02, -4.132334090000000e-02, 3.314287187258249e-01, 0.000000000000000e+00, 0.000000000000000e+00, 5.653637946872585e+04, 1.000000000000000e-10, 1.481945574049992e+09
378, 8.017823220000000e-02, -4.183025210000000e-02, 3.321758457227400e-01, 0.000000000000000e+00, 0.000000000000000e+00, 5.664142949403982e+04, 1.000000000000000e-10, 1.478154028951490e+09
379, 8.313435769999999e-02, -4.231964410000000e-02, 3.344666772320648e-01, 0.000000000000000e+00, 0.000000000000000e+00, 5.700958759133423e+04, 1.000000000000000e-10, 1.467567408287973e+09
380, 8.609333900000000e-02, -4.279148640000000e-02, 3.360492852568065e-01, 0.000000000000000e+00, 0.000000000000000e+00, 5.725973108771909e+04, 1.000000000000000e-10, 1.460247206368687e+09
381, 8.905390220000001e-02, -4.325331250000000e-02, 3.362226092985436e-01, 0.000000000000000e+00, 0.000000000000000e+00, 5.727274116241483e+04, 1.000000000000000e-10, 1.459124768585936e+09
382, 9.201521220000000e-02, -4.371032730000000e-02, 3.358657618603603e-01, 0.000000000000000e+00, 0.000000000000000e+00, 5.719773896438209e+04, 1.000000000000000e-10, 1.460378330304743e+09
383, 9.497777180000000e-02, -4.415916550000000e-02, 3.363400569818669e-01, 0.000000000000000e+00, 0.000000000000000e+00, 5.726566632685454e+04, 1.000000000000000e-10, 1.458056365588374e+09
384, 9.794161960000000e-02, -4.459941640000000e-02, 3.376012724686067e-01, 0.000000000000000e+00, 0.000000000000000e+00, 5.746273786822279e+04, 1.000000000000000e-10, 1.452244348266898e+09
385, 1.009067324000000e-01, -4.503106510000000e-02, 3.377474692043715e-01, 0.000000000000000e+00, 0.000000000000000e+00, 5.746512325754559e+04, 1.000000000000000e-10, 1.451149080386755e+09
386, 1.038730870000000e-01, -4.545409720000000e-02, 3.367917943102461e-01, 0.000000000000000e+00, 0.000000000000000e+00, 5.727502902528997e+04, 1.000000000000000e-10, 1.454675302868134e+09
387, 1.068406597000000e-01, -4.586849830000000e-02, 3.353866947225420e-01, 0.000000000000000e+00, 0.000000000000000e+00, 5.700536690583002e+04, 1.000000000000000e-10, 1.460126343029872e+09
388, 1.098094267000000e-01, -4.627425440000000e-02, 3.341324357134174e-01, 0.000000000000000e+00, 0.000000000000000e+00, 5.676006613418202e+04, 1.000000000000000e-10, 1.464933380093481e+09
389, 1.127793642000000e-01, -4.667135170000000e-02, 3.332037925279360e-01, 0.000000000000000e+00, 0.000000000000000e+00, 5.656974721980049e+04, 1.000000000000000e-10, 1.468324629676651e+09
390, 1.157504483000000e-01, -4.705977670000000e-02, 3.325014100511565e-01, 0.000000000000000e+00, 0.000000000000000e+00, 5.641795168445041e+04, 1.000000000000000e-10, 1.470760202056109e+09
391, 1.187226550000000e-01, -4.743951610000000e-02, 3.318710454387580e-01, 0.000000000000000e+00, 0.000000000000000e+00, 5.627850316813685e+04, 1.000000000000000e-10, 1.472857988663660e+09
392, 1.216959602000000e-01, -4.781055690000000e-02, 3.312180904405032e-01, 0.000000000000000e+00, 0.000000000000000e+00, 5.613480199494778e+04, 1.000000000000000e-10, 1.475050725399631e+09
393, 1.246703396000000e-01, -4.817288640000000e-02, 3.305342710198027e-01, 0.000000000000000e+00, 0.000000000000000e+00, 5.598443344752869e+04, 1.000000000000000e-10, 1.477365874247151e+09
394, 1.276457687000000e-01, -4.852649220000000e-02, 3.298159204267157e-01, 0.000000000000000e+00, 0.000000000000000e+00, 5.582554633538050e+04, 1.000000000000000e-10, 1.479775973118455e+09
395, 1.306222230000000e-01, -4.887136210000000e-02, 3.289969975699401e-01, 0.000000000000000e+00, 0.000000000000000e+00, 5.564584638406619e+04, 1.000000000000000e-10, 1.482558090333939e+09
396, 1.335996778000000e-01, -4.920748410000000e-02, 3.281655433845068e-01, 0.000000000000000e+00, 0.000000000000000e+00, 5.545987759166154e+04, 1.000000000000000e-10, 1.485292128533820e+09
397, 1.365781084000000e-01, -4.953484670000000e-02, 3.276995550271190e-01, 0.000000000000000e+00, 0.000000000000000e+00, 5.533225769173444e+04, 1.000000000000000e-10, 1.486328852024145e+09
398, 1.395574899000000e-01, -4.985343850000000e-02, 3.275675242501247e-01, 0.000000000000000e+00, 0.000000000000000e+00, 5.526019399341940e+04, 1.000000000000000e-10, 1.485831384718205e+09
399, 1.425377974000000e-01, -5.016324850000000e-02, 3.268065875482023e-01, 0.000000000000000e+00, 0.000000000000000e+00, 5.508514033002465e+04, 1.000000000000000e-10, 1.488301179577755e+09
400, 1.455190058000000e-01, -5.046426590000000e-02, 3.251049302176229e-01, 0.000000000000000e+00, 0.000000000000000e+00, 5.475810573283199e+04, 1.000000000000000e-10, 1.495191136363804e+09
401, 1.485010900000000e-01, -5.075648020000000e-02, 3.236442789734477e-01, 0.000000000000000e+00, 0.000000000000000e+00, 5.448087666825395e+04, 1.000000000000000e-10, 1.501238865218645e+09
402, 1.514841115000000e-01, -5.103895140000000e-02, 3.241399340161464e-01, 0.000000000000000e+00, 0.000000000000000e+00, 5.454103290572765e+04, 1.000000000000000e-10, 1.498418775591896e+09
403, 1.544682859000000e-01, -5.130898220000000e-02, 3.270387914110164e-01, 0.000000000000000e+00, 0.000000000000000e+00, 5.500474933929474e+04, 1.000000000000000e-10, 1.484620376167799e+09
404, 1.574529831000000e-01, -5.157318600000000e-02, 3.292661167474211e-01, 0.000000000000000e+00, 0.000000000000000e+00, 5.535541143544787e+04, 1.000000000000000e-10, 1.474054473568819e+09
405, 1.604374954000000e-01, -5.183946610000000e-02, 3.292565642010928e-01, 0.000000000000000e+00, 0.000000000000000e+00, 5.533180363100186e+04, 1.000000000000000e-10, 1.473553915189224e+09
406, 1.634214633000000e-01, -5.211178220000000e-02, 3.275039181235186e-01, 0.000000000000000e+00, 0.000000000000000e+00, 5.501578907694700e+04, 1.000000000000000e-10, 1.480965276246511e+09
407, 1.664054524000000e-01, -5.238386490000000e-02, 3.254278163372416e-01, 0.000000000000000e+00, 0.000000000000000e+00, 5.464757114421140e+04, 1.000000000000000e-10, 1.489969803651213e+09
408, 1.693901711000000e-01, -5.264780400000000e-02, 3.249224625524278e-01, 0.000000000000000e+00, 0.000000000000000e+00, 5.454017778396098e+04, 1.000000000000000e-10, 1.491812880533970e+09
409, 1.723759785000000e-01, -5.289913550000000e-02, 3.248525647360112e-01, 0.000000000000000e+00, 0.000000000000000e+00, 5.450388957709618e+04, 1.000000000000000e-10, 1.491592607986382e+09
410, 1.753625325000000e-01, -5.314143690000000e-02, 3.233071930112383e-01, 0.000000000000000e+00, 0.000000000000000e+00, 5.422328654058251e+04, 1.000000000000000e-10, 1.498238747470214e+09
411, 1.783497926000000e-01, -5.337487290000000e-02, 3.215341875724498e-01, 0.000000000000000e+00, 0.000000000000000e+00, 5.390764690541943e+04, 1.000000000000000e-10, 1.506082541078441e+09
412, 1.813377897000000e-01, -5.359866430000000e-02, 3.214992415145577e-01, 0.000000000000000e+00, 0.000000000000000e+00, 5.389088484554373e+04, 1.000000000000000e-10, 1.505996122878310e+09
413, 1.843267059000000e-01, -5.380983240000000e-02, 3.242524513144834e-01, 0.000000000000000e+00, 0.000000000000000e+00, 5.434399713976964e+04, 1.000000000000000e-10, 1.493001307561481e+09
414, 1.873160581000000e-01, -5.401475910000000e-02, 3.268629450106683e-01, 0.000000000000000e+00, 0.000000000000000e+00, 5.477266054543605e+04, 1.000000000000000e-10, 1.480881004758565e+09
415, 1.903052907000000e-01, -5.422141550000000e-02, 3.275962711801667e-01, 0.000000000000000e+00, 0.000000000000000e+00, 5.489229441899672e+04, 1.000000000000000e-10, 1.477461037218094e+09
416, 1.932940919000000e-01, -5.443422470000000e-02, 3.266830884210145e-01, 0.000000000000000e+00, 0.000000000000000e+00, 5.473675765638647e+04, 1.000000000000000e-10, 1.481552502768201e+09
417, 1.962828856000000e-01, -5.464713860000000e-02, 3.253077121407508e-01, 0.000000000000000e+00, 0.000000000000000e+00, 5.450954337488056e+04, 1.000000000000000e-10, 1.487923709970767e+09
418, 1.992722277000000e-01, -5.485218440000000e-02, 3.253545039998605e-01, 0.000000000000000e+00, 0.000000000000000e+00, 5.451646785336414e+04, 1.000000000000000e-10, 1.487689194253404e+09
419, 2.022625407000000e-01, -5.504252520000000e-02, 3.270113832040809e-01, 0.000000000000000e+00, 0.000000000000000e+00, 5.478897578639932e+04, 1.000000000000000e-10, 1.480028927936957e+09
420, 2.052535799000000e-01, -5.522113260000000e-02, 3.279991018590178e-01, 0.000000000000000e+00, 0.000000000000000e+00, 5.494455567355549e+04, 1.000000000000000e-10, 1.475344835134348e+09
421, 2.082448433000000e-01, -5.539596050000000e-02, 3.279772911895049e-01, 0.000000000000000e+00, 0.000000000000000e+00, 5.493745568091395e+04, 1.000000000000000e-10, 1.475322435039615e+09
422, 2.112359078000000e-01, -5.557415450000000e-02, 3.279873149586405e-01, 0.000000000000000e+00, 0.000000000000000e+00, 5.493435032546921e+04, 1.000000000000000e-10, 1.475211705966075e+09
423, 2.142268969000000e-01, -5.575361380000000e-02, 3.294677614755410e-01, 0.000000000000000e+00, 0.000000000000000e+00, 5.518150404303087e+04, 1.000000000000000e-10, 1.468585259257466e+09
424, 2.172178860000000e-01, -5.593307320000000e-02, 3.314440187224494e-01, 0.000000000000000e+00, 0.000000000000000e+00, 5.551445652459483e+04, 1.000000000000000e-10, 1.459889622200300e+09
425, 2.202088738000000e-01, -5.611255380000000e-02, 3.310897394783813e-01, 0.000000000000000e+00, 0.000000000000000e+00, 5.545569208692878e+04, 1.000000000000000e-10, 1.461464199859946e+09
426, 2.231996539000000e-01, -5.629546030000000e-02, 3.289014803033638e-01, 0.000000000000000e+00, 0.000000000000000e+00, 5.508358558968030e+04, 1.000000000000000e-10, 1.471067712327919e+09
427, 2.261904122000000e-01, -5.647872410000000e-02, 3.261736794258908e-01, 0.000000000000000e+00, 0.000000000000000e+00, 5.462673952445712e+04, 1.000000000000000e-10, 1.483370278561938e+09
428, 2.291816271000000e-01, -5.665434720000000e-02, 3.247590655180487e-01, 0.000000000000000e+00, 0.000000000000000e+00, 5.438390386484741e+04, 1.000000000000000e-10, 1.489665823436425e+09
429, 2.321736636000000e-01, -5.681534020000000e-02, 3.251303979062382e-01, 0.000000000000000e+00, 0.000000000000000e+00, 5.443693516099105e+04, 1.000000000000000e-10, 1.487804187951994e+09
430, 2.351663232000000e-01, -5.696435160000000e-02, 3.261786627137794e-01, 0.000000000000000e+00, 0.000000000000000e+00, 5.459303242773555e+04, 1.000000000000000e-10, 1.482589732265050e+09
431, 2.381591812000000e-01, -5.710934150000000e-02, 3.268807264144004e-01, 0.000000000000000e+00, 0.000000000000000e+00, 5.469406205503650e+04, 1.000000000000000e-10, 1.478999933380126e+09
432, 2.411518497000000e-01, -5.725817950000000e-02, 3.262291053258239e-01, 0.000000000000000e+00, 0.000000000000000e+00, 5.458488682679740e+04, 1.000000000000000e-10, 1.481950899491079e+09
433, 2.441442544000000e-01, -5.741224130000000e-02, 3.245354055831034e-01, 0.000000000000000e+00, 0.000000000000000e+00, 5.430515529628706e+04, 1.000000000000000e-10, 1.489767427466379e+09
434, 2.471367698000000e-01, -5.756413020000000e-02, 3.228857450825194e-01, 0.000000000000000e+00, 0.000000000000000e+00, 5.404821346838530e+04, 1.000000000000000e-10, 1.497802631367893e+09
435, 2.501297829000000e-01, -5.770582350000000e-02, 3.227581937524169e-01, 0.000000000000000e+00, 0.000000000000000e+00, 5.404183701530143e+04, 1.000000000000000e-10, 1.498735602822998e+09
436, 2.531234770000000e-01, -5.783232400000000e-02, 3.244038218088418e-01, 0.000000000000000e+00, 0.000000000000000e+00, 5.433150075653780e+04, 1.000000000000000e-10, 1.491475730240888e+09
437, 2.561175599000000e-01, -5.794931300000000e-02, 3.257430281093800e-01, 0.000000000000000e+00, 0.000000000000000e+00, 5.456175666537454e+04, 1.000000000000000e-10, 1.485477257397058e+09
438, 2.591117003000000e-01, -5.806482750000000e-02, 3.260265194953316e-01, 0.000000000000000e+00, 0.000000000000000e+00, 5.463049518775404e+04, 1.000000000000000e-10, 1.484641512465645e+09
439, 2.621056177000000e-01, -5.818597470000000e-02, 3.253982194217334e-01, 0.000000000000000e+00, 0.000000000000000e+00, 5.455079063695378e+04, 1.000000000000000e-10, 1.488080968922774e+09
440, 2.650994034000000e-01, -5.831034790000000e-02, 3.243946225701039e-01, 0.000000000000000e+00, 0.000000000000000e+00, 5.443555630745430e+04, 1.000000000000000e-10, 1.493908170252083e+09
441, 2.680933813000000e-01, -5.842997970000000e-02, 3.238547240596181e-01, 0.000000000000000e+00, 0.000000000000000e+00, 5.440926764417620e+04, 1.000000000000000e-10, 1.497851595104600e+09
442, 2.710878355000000e-01, -5.853695520000000e-02, 3.246942270021463e-01, 0.000000000000000e+00, 0.000000000000000e+00, 5.460909821120393e+04, 1.000000000000000e-10, 1.495279286945236e+09
443, 2.740827683000000e-01, -5.862963070000000e-02, 3.272888622859244e-01, 0.000000000000000e+00, 0.000000000000000e+00, 5.511657384091712e+04, 1.000000000000000e-10, 1.485000406344026e+09
444, 2.770779096000000e-01, -5.871535910000000e-02, 3.296409780661813e-01, 0.000000000000000e+00, 0.000000000000000e+00, 5.558206927605567e+04, 1.000000000000000e-10, 1.475915097602583e+09
445, 2.800730188000000e-01, -5.880219320000000e-02, 3.309222198253836e-01, 0.000000000000000e+00, 0.000000000000000e+00, 5.590197563974690e+04, 1.000000000000000e-10, 1.472397938624784e+09
446, 2.830679396000000e-01, -5.889530050000000e-02, 3.314407378326530e-01, 0.000000000000000e+00, 0.000000000000000e+00, 5.610803581854935e+04, 1.000000000000000e-10, 1.472651408965405e+09
447, 2.860628383000000e-01, -5.898912130000000e-02, 3.324385392532837e-01, 0.000000000000000e+00, 0.000000000000000e+00, 5.645597095130746e+04, 1.000000000000000e-10, 1.472095049951274e+09
448, 2.890579563000000e-01, -5.907560330000000e-02, 3.351828127269046e-01, 0.000000000000000e+00, 0.000000000000000e+00, 5.712683985970452e+04, 1.000000000000000e-10, 1.464345690787962e+09
449, 2.920534568000000e-01, -5.914755270000000e-02, 3.400157307992969e-01, 0.000000000000000e+00, 0.000000000000000e+00, 5.820275122147920e+04, 1.000000000000000e-10, 1.448628305418268e+09
450, 2.950492307000000e-01, -5.920717250000000e-02, 3.444322935393018e-01, 0.000000000000000e+00, 0.000000000000000e+00, 5.918963343066839e+04, 1.000000000000000e-10, 1.434624972517093e+09
451, 2.980450890000000e-01, -5.926243910000000e-02, 3.484337569347314e-01, 0.000000000000000e+00, 0.000000000000000e+00, 6.012309364871063e+04, 1.000000000000000e-10, 1.422893397027895e+09
452, 3.010408880000000e-01, -5.932081780000000e-02, 3.527113144065380e-01, 0.000000000000000e+00, 0.000000000000000e+00, 6.105109984577193e+04, 1.000000000000000e-10, 1.409221189954369e+09
453, 3.040366569000000e-01, -5.938073310000000e-02, 3.581116385226206e-01, 0.000000000000000e+00, 0.000000000000000e+00, 6.217109092992327e+04, 1.000000000000000e-10, 1.391344284034873e+09
454, 3.070324259000000e-01, -5.944064850000000e-02, 3.630146586228959e-01, 0.000000000000000e+00, 0.000000000000000e+00, 6.323571029183843e+04, 1.000000000000000e-10, 1.376341913793983e+09
455, 3.100281949000000e-01, -5.950056430000000e-02, 3.654509527433713e-01, 0.000000000000000e+00, 0.000000000000000e+00, 6.387474502090178e+04, 1.000000000000000e-10, 1.370909570275354e+09
456, 3.130238981000000e-01, -5.956366740000000e-02, 3.664635568758287e-01, 0.000000000000000e+00, 0.000000000000000e+00, 6.423506946630507e+04, 1.000000000000000e-10, 1.370296580726079e+09
457, 3.160195838000000e-01, -5.962760330000000e-02, 3.675046768950700e-01, 0.000000000000000e+00, 0.000000000000000e+00, 6.464327969546155e+04, 1.000000000000000e-10, 1.370261907161376e+09
458, 3.190154135000000e-01, -5.968430950000000e-02, 3.699279606645821e-01, 0.000000000000000e+00, 0.000000000000000e+00, 6.527642194600999e+04, 1.000000000000000e-10, 1.364820376965765e+09
459, 3.220114804000000e-01, -5.972653310000000e-02, 3.741429439533426e-01, 0.000000000000000e+00, 0.000000000000000e+00, 6.623527184641936e+04, 1.000000000000000e-10, 1.353029373078107e+09
460, 3.250076994000000e-01, -5.975631740000000e-02, 3.774807450968853e-01, 0.000000000000000e+00, 0.000000000000000e+00, 6.698800985383039e+04, 1.000000000000000e-10, 1.343692054471774e+09
461, 3.280039605000000e-01, -5.978163410000000e-02, 3.796120440642128e-01, 0.000000000000000e+00, 0.000000000000000e+00, 6.749564927908650e+04, 1.000000000000000e-10, 1.338175477640232e+09
462, 3.310001939000000e-01, -5.981000190000000e-02, 3.809160948016222e-01, 0.000000000000000e+00, 0.000000000000000e+00, 6.777787332385573e+04, 1.000000000000000e-10, 1.334395648965827e+09
463, 3.339964122000000e-01, -5.983996410000000e-02, 3.820319560895594e-01, 0.000000000000000e+00, 0.000000000000000e+00, 6.793768905966706e+04, 1.000000000000000e-10, 1.329866228219600e+09
464, 3.369926304000000e-01, -5.986992630000000e-02, 3.826708066048863e-01, 0.000000000000000e+00, 0.000000000000000e+00, 6.795538728873646e+04, 1.000000000000000e-10, 1.326165139080686e+09
465, 3.399888487000000e-01, -5.989988850000000e-02, 3.815695929655229e-01, 0.000000000000000e+00, 0.000000000000000e+00, 6.770529940600749e+04, 1.000000000000000e-10, 1.329126908993106e+09
466, 3.429850337000000e-01, -5.993297570000000e-02, 3.786664218902460e-01, 0.000000000000000e+00, 0.000000000000000e+00, 6.715068019047068e+04, 1.000000000000000e-10, 1.338714600617310e+09
467, 3.459812085000000e-01, -5.996700070000000e-02, 3.745263135962576e-01, 0.000000000000000e+00, 0.000000000000000e+00, 6.627786607276434e+04, 1.000000000000000e-10, 1.351227003598078e+09
468, 3.489774541000000e-01, -5.999389510000000e-02, 3.710732359340363e-01, 0.000000000000000e+00, 0.000000000000000e+00, 6.545821214468391e+04, 1.000000000000000e-10, 1.360267497851294e+09
469, 3.519737926000000e-01, -6.000635760000000e-02, 3.677809750294326e-01, 0.000000000000000e+00, 0.000000000000000e+00, 6.452348873483568e+04, 1.000000000000000e-10, 1.366348796934495e+09
470, 3.549701596000000e-01, -6.000628710000000e-02, 3.637291426016747e-01, 0.000000000000000e+00, 0.000000000000000e+00, 6.347443398335341e+04, 1.000000000000000e-10, 1.375623313861177e+09
471, 3.579665241000000e-01, -6.000164710000000e-02, 3.583569617738940e-01, 0.000000000000000e+00, 0.000000000000000e+00, 6.217170497226703e+04, 1.000000000000000e-10, 1.389615154001377e+09
472, 3.609628912000000e-01, -6.000041890000000e-02, 3.510808034042965e-01, 0.000000000000000e+00, 0.000000000000000e+00, 6.046421173673322e+04, 1.000000000000000e-10, 1.409968070496483e+09
473, 3.639592561000000e-01, -6.000473460000000e-02, 3.424456365463192e-01, 0.000000000000000e+00, 0.000000000000000e+00, 5.858899972094038e+04, 1.000000000000000e-10, 1.437758511435725e+09
474, 3.669556225000000e-01, -6.000736450000000e-02, 3.336506184715990e-01, 0.000000000000000e+00, 0.000000000000000e+00, 5.666594839083216e+04, 1.000000000000000e-10, 1.466812052499252e+09
475, 3.699519795000000e-01, -6.000023780000000e-02, 3.273157934888405e-01, 0.000000000000000e+00, 0.000000000000000e+00, 5.525953313398387e+04, 1.000000000000000e-10, 1.487917661519195e+09
476, 3.729482611000000e-01, -5.997784780000000e-02, 3.228125639485636e-01, 0.000000000000000e+00, 0.000000000000000e+00, 5.416186790785009e+04, 1.000000000000000e-10, 1.501005793892540e+09
477, 3.759444535000000e-01, -5.994544400000000e-02, 3.189548954532474e-01, 0.000000000000000e+00, 0.000000000000000e+00, 5.323444372773554e+04, 1.000000000000000e-10, 1.512623588415133e+09
478, 3.789406246000000e-01, -5.991109540000000e-02, 3.144983168418316e-01, 0.000000000000000e+00, 0.000000000000000e+00, 5.220852076212648e+04, 1.000000000000000e-10, 1.527233140593049e+09
479, 3.819368521000000e-01, -5.988214390000000e-02, 3.099472888793020e-01, 0.000000000000000e+00, 0.000000000000000e+00, 5.123484816495082e+04, 1.000000000000000e-10, 1.544289137962932e+09
480, 3.849331132000000e-01, -5.985683420000000e-02, 3.058340097789766e-01, 0.000000000000000e+00, 0.000000000000000e+00, 5.036384846221757e+04, 1.000000000000000e-10, 1.560239824489193e+09
481, 3.879293339000000e-01, -5.982721620000000e-02, 3.026730847684793e-01, 0.000000000000000e+00, 0.000000000000000e+00, 4.970222503854503e+04, 1.000000000000000e-10, 1.572850703452492e+09
482, 3.909254052000000e-01, -5.978530220000000e-02, 3.011079405835935e-01, 0.000000000000000e+00, 0.000000000000000e+00, 4.936304886352261e+04, 1.000000000000000e-10, 1.578817320977996e+09
483, 3.939212391000000e-01, -5.972882000000000e-02, 3.012635618797201e-01, 0.000000000000000e+00, 0.000000000000000e+00, 4.930635052373548e+04, 1.000000000000000e-10, 1.575862521744822e+09
484, 3.969169262000000e-01, -5.966494890000000e-02, 3.012727606504681e-01, 0.000000000000000e+00, 0.000000000000000e+00, 4.923435209380364e+04, 1.000000000000000e-10, 1.573872987549639e+09
485, 3.999126274000000e-01, -5.960175120000000e-02, 3.002039940117204e-01, 0.000000000000000e+00, 0.000000000000000e+00, 4.898468831591728e+04, 1.000000000000000e-10, 1.577397422452642e+09
486, 4.029083963000000e-01, -5.954183210000000e-02, 2.990431954398080e-01, 0.000000000000000e+00, 0.000000000000000e+00, 4.874607776282862e+04, 1.000000000000000e-10, 1.582234050018884e+09
487, 4.059041653000000e-01, -5.948191670000000e-02, 2.994278454717305e-01, 0.000000000000000e+00, 0.000000000000000e+00, 4.877657973674110e+04, 1.000000000000000e-10, 1.579354357299039e+09
488, 4.088999342000000e-01, -5.942200130000000e-02, 3.010101420911347e-01, 0.000000000000000e+00, 0.000000000000000e+00, 4.899778668668656e+04, 1.000000000000000e-10, 1.570083464986234e+09
489, 4.118957316000000e-01, -5.936354160000000e-02, 3.006800815607253e-01, 0.000000000000000e+00, 0.000000000000000e+00, 4.890555321579531e+04, 1.000000000000000e-10, 1.570768630757702e+09
490, 4.148915900000000e-01, -5.930827980000000e-02, 2.984557161928280e-01, 0.000000000000000e+00, 0.000000000000000e+00, 4.851428798763649e+04, 1.000000000000000e-10, 1.581680236194144e+09
491, 4.178873672000000e-01, -5.924882410000000e-02, 2.954969207208663e-01, 0.000000000000000e+00, 0.000000000000000e+00, 4.800579966289548e+04, 1.000000000000000e-10, 1.596762804232998e+09
492, 4.208828751000000e-01, -5.917718310000000e-02, 2.942341512110633e-01, 0.000000000000000e+00, 0.000000000000000e+00, 4.778446065919285e+04, 1.000000000000000e-10, 1.603204407508967e+09
493, 4.238779996000000e-01, -5.909092720000000e-02, 2.952255932092739e-01, 0.000000000000000e+00, 0.000000000000000e+00, 4.792680836812841e+04, 1.000000000000000e-10, 1.597291545341897e+09
494, 4.268729004000000e-01, -5.899717340000000e-02, 2.961425163209100e-01, 0.000000000000000e+00, 0.000000000000000e+00, 4.806132652200861e+04, 1.000000000000000e-10, 1.591952664207188e+09
495, 4.298678186000000e-01, -5.890397410000000e-02, 2.956046604738815e-01, 0.000000000000000e+00, 0.000000000000000e+00, 4.795495962979992e+04, 1.000000000000000e-10, 1.594324036671609e+09
496, 4.328629246000000e-01, -5.881703720000000e-02, 2.939225406164273e-01, 0.000000000000000e+00, 0.000000000000000e+00, 4.766574254414251e+04, 1.000000000000000e-10, 1.602993497707617e+09
497, 4.358580675000000e-01, -5.873136490000000e-02, 2.921048835744961e-01, 0.000000000000000e+00, 0.000000000000000e+00, 4.735183798389446e+04, 1.000000000000000e-10, 1.612417663764618e+09
498, 4.388530070000000e-01, -5.863890460000000e-02, 2.915981495768239e-01, 0.000000000000000e+00, 0.000000000000000e+00, 4.725371723968581e+04, 1.000000000000000e-10, 1.614745035151356e+09
499, 4.418474723000000e-01, -5.853224060000000e-02, 2.924752101404416e-01, 0.000000000000000e+00, 0.000000000000000e+00, 4.737779133382354e+04, 1.000000000000000e-10, 1.609375361181345e+09
500, 4.448414571000000e-01, -5.841278340000000e-02, 2.938932495884948e-01, 0.000000000000000e+00, 0.000000000000000e+00, 4.760068515431318e+04, 1.000000000000000e-10, 1.601445418877065e+09
501, 4.478352435000000e-01, -5.828842610000000e-02, 2.949666537201089e-01, 0.000000000000000e+00, 0.000000000000000e+00, 4.778219097852101e+04, 1.000000000000000e-10, 1.595829345549889e+09
502, 4.508291556000000e-01, -5.816714900000000e-02, 2.948442160388296e-01, 0.000000000000000e+00, 0.000000000000000e+00, 4.778656873370538e+04, 1.000000000000000e-10, 1.597159646611130e+09
503, 4.538232940000000e-01, -5.805158270000000e-02, 2.939028583123461e-01, 0.000000000000000e+00, 0.000000000000000e+00, 4.768322016338672e+04, 1.000000000000000e-10, 1.603671277437713e+09
504, 4.568173812000000e-01, -5.793470060000000e-02, 2.932528583546192e-01, 0.000000000000000e+00, 0.000000000000000e+00, 4.765631956079315e+04, 1.000000000000000e-10, 1.609422608555803e+09
505, 4.598110864000000e-01, -5.780846580000000e-02, 2.945802893511320e-01, 0.000000000000000e+00, 0.000000000000000e+00, 4.798590573274469e+04, 1.000000000000000e-10, 1.605309242744672e+09
506, 4.628041128000000e-01, -5.766705430000000e-02, 2.982073400994088e-01, 0.000000000000000e+00, 0.000000000000000e+00, 4.872186084136477e+04, 1.000000000000000e-10, 1.589700543062745e+09
507, 4.657966345000000e-01, -5.751528910000000e-02, 3.020324455959750e-01, 0.000000000000000e+00, 0.000000000000000e+00, 4.950797658813679e+04, 1.000000000000000e-10, 1.573797561481510e+09
508, 4.687890375000000e-01, -5.736119260000000e-02, 3.048693391459545e-01, 0.000000000000000e+00, 0.000000000000000e+00, 5.013437567016493e+04, 1.000000000000000e-10, 1.563308336549914e+09
509, 4.717816992000000e-01, -5.721221950000000e-02, 3.069421837882140e-01, 0.000000000000000e+00, 0.000000000000000e+00, 5.062929146645766e+04, 1.000000000000000e-10, 1.556658582337684e+09
510, 4.747745571000000e-01, -5.706722820000000e-02, 3.090144800411580e-01, 0.000000000000000e+00, 0.000000000000000e+00, 5.111111112021138e+04, 1.000000000000000e-10, 1.549704551606811e+09
511, 4.777672246000000e-01, -5.691837390000000e-02, 3.118560270907565e-01, 0.000000000000000e+00, 0.000000000000000e+00, 5.169307083752250e+04, 1.000000000000000e-10, 1.538361979666308e+09
512, 4.807592922000000e-01, -5.675795070000000e-02, 3.144642351911675e-01, 0.000000000000000e+00, 0.000000000000000e+00, 5.220420907084582e+04, 1.000000000000000e-10, 1.527501052849495e+09
513, 4.837507599000000e-01, -5.658667410000000e-02, 3.156063370978484e-01, 0.000000000000000e+00, 0.000000000000000e+00, 5.244777830978684e+04, 1.000000000000000e-10, 1.523239463089986e+09
514, 4.867417038000000e-01, -5.640648100000000e-02, 3.159633554923866e-01, 0.000000000000000e+00, 0.000000000000000e+00, 5.255462478461422e+04, 1.000000000000000e-10, 1.522686172108926e+09
515, 4.897320976000000e-01, -5.621737780000000e-02, 3.163816916151411e-01, 0.000000000000000e+00, 0.000000000000000e+00, 5.267896162987677e+04, 1.000000000000000e-10, 1.521974107938554e+09
516, 4.927219151000000e-01, -5.601937110000000e-02, 3.166565668697168e-01, 0.000000000000000e+00, 0.000000000000000e+00, 5.279473961670836e+04, 1.000000000000000e-10, 1.522264385547111e+09
517, 4.957111300000000e-01, -5.581246800000000e-02, 3.166812132648410e-01, 0.000000000000000e+00, 0.000000000000000e+00, 5.288804163487821e+04, 1.000000000000000e-10, 1.524240059401304e+09
518, 4.986997164000000e-01, -5.559667590000000e-02, 3.173282551276559e-01, 0.000000000000000e+00, 0.000000000000000e+00, 5.309002992444010e+04, 1.000000000000000e-10, 1.523381623922243e+09
519, 5.016875582000000e-01, -5.537082560000000e-02, 3.199792133200966e-01, 0.000000000000000e+00, 0.000000000000000e+00, 5.364202849043720e+04, 1.000000000000000e-10, 1.513274260288782e+09
520, 5.046744459000000e-01, -5.513267300000000e-02, 3.248397538271177e-01, 0.000000000000000e+00, 0.000000000000000e+00, 5.457791406591000e+04, 1.000000000000000e-10, 1.493379877467153e+09
521, 5.076609077000001e-01, -5.488922320000000e-02, 3.288170429283818e-01, 0.000000000000000e+00, 0.000000000000000e+00, 5.535551079731864e+04, 1.000000000000000e-10, 1.477711143916979e+09
522, 5.106475810000000e-01, -5.464838960000000e-02, 3.306159225997267e-01, 0.000000000000000e+00, 0.000000000000000e+00, 5.576813514059129e+04, 1.000000000000000e-10, 1.472026212443131e+09
523, 5.136347221999999e-01, -5.441342690000000e-02, 3.308375428668194e-01, 0.000000000000000e+00, 0.000000000000000e+00, 5.590471053307380e+04, 1.000000000000000e-10, 1.473200092382870e+09
524, 5.166218002000000e-01, -5.417766240000000e-02, 3.309196328491640e-01, 0.000000000000000e+00, 0.000000000000000e+00, 5.602172296655523e+04, 1.000000000000000e-10, 1.475059183562076e+09
525, 5.196081732000000e-01, -5.393315480000000e-02, 3.323563977900229e-01, 0.000000000000000e+00, 0.000000000000000e+00, 5.635488683145919e+04, 1.000000000000000e-10, 1.470613641434939e+09
526, 5.225935011000000e-01, -5.367618930000000e-02, 3.346991236328323e-01, 0.000000000000000e+00, 0.000000000000000e+00, 5.683756076520690e+04, 1.000000000000000e-10, 1.462103190256902e+09
527, 5.255780483000000e-01, -5.341030860000000e-02, 3.365109485924508e-01, 0.000000000000000e+00, 0.000000000000000e+00, 5.720996630339562e+04, 1.000000000000000e-10, 1.455567674700317e+09
528, 5.285617956000001e-01, -5.313559520000000e-02, 3.377482906037998e-01, 0.000000000000000e+00, 0.000000000000000e+00, 5.746978475857320e+04, 1.000000000000000e-10, 1.451285385914018e+09
529, 5.315447173000000e-01, -5.285205880000000e-02, 3.381045142724452e-01, 0.000000000000000e+00, 0.000000000000000e+00, 5.756963027437768e+04, 1.000000000000000e-10, 1.450564609170594e+09
530, 5.345267882000000e-01, -5.255970920000000e-02, 3.375619082966279e-01, 0.000000000000000e+00, 0.000000000000000e+00, 5.751078880808244e+04, 1.000000000000000e-10, 1.453565858975973e+09
531, 5.375079829000000e-01, -5.225855670000000e-02, 3.374821174908917e-01, 0.000000000000000e+00, 0.000000000000000e+00, 5.752824391039124e+04, 1.000000000000000e-10, 1.454496256452041e+09
532, 5.404882648000000e-01, -5.194849960000000e-02, 3.390021670486136e-01, 0.000000000000000e+00, 0.000000000000000e+00, 5.780638619502728e+04, 1.000000000000000e-10, 1.448401909538092e+09
533, 5.434672252000000e-01, -5.162600380000000e-02, 3.423903768767577e-01, 0.000000000000000e+00, 0.000000000000000e+00, 5.840930147480458e+04, 1.000000000000000e-10, 1.434614794395288e+09
534, 5.464452645000000e-01, -5.129509310000000e-02, 3.448731553712804e-01, 0.000000000000000e+00, 0.000000000000000e+00, 5.886000913527057e+04, 1.000000000000000e-10, 1.424824152330254e+09
535, 5.494232392000000e-01, -5.096360040000000e-02, 3.455003022764593e-01, 0.000000000000000e+00, 0.000000000000000e+00, 5.899971508740467e+04, 1.000000000000000e-10, 1.422819231306781e+09
536, 5.524018620000000e-01, -5.063798680000000e-02, 3.449873322344552e-01, 0.000000000000000e+00, 0.000000000000000e+00, 5.894431040945614e+04, 1.000000000000000e-10, 1.425570889874755e+09
537, 5.553807501000000e-01, -5.031480440000000e-02, 3.446676596678309e-01, 0.000000000000000e+00, 0.000000000000000e+00, 5.892668953340444e+04, 1.000000000000000e-10, 1.427614342879271e+09
538, 5.583590480000000e-01, -4.998623770000000e-02, 3.457803395225920e-01, 0.000000000000000e+00, 0.000000000000000e+00, 5.915856102177679e+04, 1.000000000000000e-10, 1.423884704881872e+09
539, 5.613359734000000e-01, -4.964547060000000e-02, 3.475233585395127e-01, 0.000000000000000e+00, 0.000000000000000e+00, 5.951118237869865e+04, 1.000000000000000e-10, 1.417842703352681e+09
540, 5.643117559000000e-01, -4.929485250000000e-02, 3.483940484844339e-01, 0.000000000000000e+00, 0.000000000000000e+00, 5.972631089436210e+04, 1.000000000000000e-10, 1.415576726389636e+09
541, 5.672864971000000e-01, -4.893550630000000e-02, 3.485004490917620e-01, 0.000000000000000e+00, 0.000000000000000e+00, 5.982347553633574e+04, 1.000000000000000e-10, 1.416636936097617e+09
542, 5.702601725000001e-01, -4.856744460000000e-02, 3.483351823522800e-01, 0.000000000000000e+00, 0.000000000000000e+00, 5.988709179913880e+04, 1.000000000000000e-10, 1.419087126438691e+09
543, 5.732327578000000e-01, -4.819067990000000e-02, 3.484388089287702e-01, 0.000000000000000e+00, 0.000000000000000e+00, 6.000804734861061e+04, 1.000000000000000e-10, 1.420638321692604e+09
544, 5.762042288000000e-01, -4.780522520000000e-02, 3.492186551337254e-01, 0.000000000000000e+00, 0.000000000000000e+00, 6.025394797890474e+04, 1.000000000000000e-10, 1.419610255856079e+09
545, 5.791745615000000e-01, -4.741109350000000e-02, 3.505023798598452e-01, 0.000000000000000e+00, 0.000000000000000e+00, 6.059130903474256e+04, 1.000000000000000e-10, 1.416617699877404e+09
546, 5.821437317000000e-01, -4.700829840000000e-02, 3.512710270766443e-01, 0.000000000000000e+00, 0.000000000000000e+00, 6.083790680237956e+04, 1.000000000000000e-10, 1.415693343711525e+09
547, 5.851117156000000e-01, -4.659685360000000e-02, 3.511987881713885e-01, 0.000000000000000e+00, 0.000000000000000e+00, 6.093090266712302e+04, 1.000000000000000e-10, 1.417982754261638e+09
548, 5.880784894000000e-01, -4.617677290000000e-02, 3.512184076832650e-01, 0.000000000000000e+00, 0.000000000000000e+00, 6.102966087497641e+04, 1.000000000000000e-10, 1.419707927459398e+09
549, 5.910439602000001e-01, -4.574759280000000e-02, 3.527072025341828e-01, 0.000000000000000e+00, 0.000000000000000e+00, 6.137712688707398e+04, 1.000000000000000e-10, 1.415333640095225e+09
550, 5.940076158000001e-01, -4.530605300000000e-02, 3.558412726285869e-01, 0.000000000000000e+00, 0.000000000000000e+00, 6.201131567897958e+04, 1.000000000000000e-10, 1.404528882865072e+09
551, 5.969702442000000e-01, -4.485766250000000e-02, 3.580714490005111e-01, 0.000000000000000e+00, 0.000000000000000e+00, 6.248341890973160e+04, 1.000000000000000e-10, 1.397297455734753e+09
552, 5.999329905000000e-01, -4.441005360000000e-02, 3.586574653864558e-01, 0.000000000000000e+00, 0.000000000000000e+00, 6.265421812389107e+04, 1.000000000000000e-10, 1.396216958301489e+09
553, 6.028966429000000e-01, -4.396848360000000e-02, 3.583722706873775e-01, 0.000000000000000e+00, 0.000000000000000e+00, 6.265801454102885e+04, 1.000000000000000e-10, 1.398304570750270e+09
554, 6.058604630000000e-01, -4.352803920000000e-02, 3.585125689027230e-01, 0.000000000000000e+00, 0.000000000000000e+00, 6.272206825429481e+04, 1.000000000000000e-10, 1.398496665295041e+09
555, 6.088233068000000e-01, -4.308108430000000e-02, 3.601226904571869e-01, 0.000000000000000e+00, 0.000000000000000e+00, 6.304148755345925e+04, 1.000000000000000e-10, 1.392920550626337e+09
556, 6.117840715000000e-01, -4.262056990000000e-02, 3.624765641826164e-01, 0.000000000000000e+00, 0.000000000000000e+00, 6.349622992406333e+04, 1.000000000000000e-10, 1.384634124009917e+09
557, 6.147428891000000e-01, -4.214769180000000e-02, 3.644498832948161e-01, 0.000000000000000e+00, 0.000000000000000e+00, 6.388633331923591e+04, 1.000000000000000e-10, 1.377914564156394e+09
558, 6.177009164000000e-01, -4.166988860000000e-02, 3.656350645468582e-01, 0.000000000000000e+00, 0.000000000000000e+00, 6.412900073501428e+04, 1.000000000000000e-10, 1.374047948768394e+09
559, 6.206593651000000e-01, -4.119470460000000e-02, 3.659509030191166e-01, 0.000000000000000e+00, 0.000000000000000e+00, 6.420013691567050e+04, 1.000000000000000e-10, 1.373135155439345e+09
560, 6.236187181000000e-01, -4.072518330000000e-02, 3.660701007479937e-01, 0.000000000000000e+00, 0.000000000000000e+00, 6.421727888091029e+04, 1.000000000000000e-10, 1.372650039347331e+09
561, 6.265779548000000e-01, -4.025493070000000e-02, 3.670624798340023e-01, 0.000000000000000e+00, 0.000000000000000e+00, 6.436900706574938e+04, 1.000000000000000e-10, 1.368553401076386e+09
562, 6.295358580000000e-01, -3.977637300000000e-02, 3.697904884779875e-01, 0.000000000000000e+00, 0.000000000000000e+00, 6.481491861956815e+04, 1.000000000000000e-10, 1.357904218782345e+09
563, 6.324917848000000e-01, -3.928575100000000e-02, 3.724754987822342e-01, 0.000000000000000e+00, 0.000000000000000e+00, 6.524739621893075e+04, 1.000000000000000e-10, 1.347476697965404e+09
564, 6.354462727000000e-01, -3.878653410000000e-02, 3.734670916107856e-01, 0.000000000000000e+00, 0.000000000000000e+00, 6.537640908778396e+04, 1.000000000000000e-10, 1.343145545998667e+09
565, 6.383993153000000e-01, -3.827883870000000e-02, 3.739691253312558e-01, 0.000000000000000e+00, 0.000000000000000e+00, 6.541131835962631e+04, 1.000000000000000e-10, 1.340461396232310e+09
566, 6.413507560000000e-01, -3.776191640000000e-02, 3.757755706414573e-01, 0.000000000000000e+00, 0.000000000000000e+00, 6.566800830149183e+04, 1.000000000000000e-10, 1.333023857552155e+09
567, 6.443000666000001e-01, -3.723297330000000e-02, 3.793724773673955e-01, 0.000000000000000e+00, 0.000000000000000e+00, 6.623680670751439e+04, 1.000000000000000e-10, 1.319425254230811e+09
568, 6.472482997000000e-01, -3.669805020000000e-02, 3.819547780240043e-01, 0.000000000000000e+00, 0.000000000000000e+00, 6.663028772013127e+04, 1.000000000000000e-10, 1.309606187228546e+09
569, 6.501967952000000e-01, -3.616457690000000e-02, 3.831539427252394e-01, 0.000000000000000e+00, 0.000000000000000e+00, 6.678292816150104e+04, 1.000000000000000e-10, 1.304610101539263e+09
570, 6.531457706000000e-01, -3.563376130000000e-02, 3.843526454702978e-01, 0.000000000000000e+00, 0.000000000000000e+00, 6.693663547665531e+04, 1.000000000000000e-10, 1.299670100105933e+09
571, 6.560947461000000e-01, -3.510294570000000e-02, 3.868331230151945e-01, 0.000000000000000e+00, 0.000000000000000e+00, 6.731618137140076e+04, 1.000000000000000e-10, 1.290508022038156e+09
572, 6.590437216000000e-01, -3.457213010000000e-02, 3.891514273337374e-01, 0.000000000000000e+00, 0.000000000000000e+00, 6.767119727321816e+04, 1.000000000000000e-10, 1.282073483266626e+09
573, 6.619929736000000e-01, -3.404285490000000e-02, 3.904022374266459e-01, 0.000000000000000e+00, 0.000000000000000e+00, 6.784360462454663e+04, 1.000000000000000e-10, 1.277275498340781e+09
574, 6.649427455000000e-01, -3.351648340000000e-02, 3.907178388984532e-01, 0.000000000000000e+00, 0.000000000000000e+00, 6.785499764037300e+04, 1.000000000000000e-10, 1.275579560571797e+09
575, 6.678917876000000e-01, -3.298604320000000e-02, 3.912992171406731e-01, 0.000000000000000e+00, 0.000000000000000e+00, 6.791453867870051e+04, 1.000000000000000e-10, 1.273048585031257e+09
576, 6.708387459000000e-01, -3.244415800000000e-02, 3.935880807601476e-01, 0.000000000000000e+00, 0.000000000000000e+00, 6.827350381812477e+04, 1.000000000000000e-10, 1.265068145001301e+09
577, 6.737831424000000e-01, -3.188851370000000e-02, 3.968152842769321e-01, 0.000000000000000e+00, 0.000000000000000e+00, 6.879844940705260e+04, 1.000000000000000e-10, 1.254261769077763e+09
578, 6.767261656000000e-01, -3.132563310000000e-02, 3.988280816702469e-01, 0.000000000000000e+00, 0.000000000000000e+00, 6.911526333951061e+04, 1.000000000000000e-10, 1.247459525381164e+09
579, 6.796692174000000e-01, -3.076290160000000e-02, 3.996601475703694e-01, 0.000000000000000e+00, 0.000000000000000e+00, 6.922824300740262e+04, 1.000000000000000e-10, 1.244392914095193e+09
580, 6.826129130000000e-01, -3.020354650000000e-02, 4.003123116359464e-01, 0.000000000000000e+00, 0.000000000000000e+00, 6.931044153018104e+04, 1.000000000000000e-10, 1.241916943676146e+09
581, 6.855566182000000e-01, -2.964424250000000e-02, 4.014496345139601e-01, 0.000000000000000e+00, 0.000000000000000e+00, 6.947804131850901e+04, 1.000000000000000e-10, 1.237949531686208e+09
582, 6.885003235000000e-01, -2.908493850000000e-02, 4.034548492658345e-01, 0.000000000000000e+00, 0.000000000000000e+00, 6.979927745825508e+04, 1.000000000000000e-10, 1.231426226089349e+09
583, 6.914440287000000e-01, -2.852563450000000e-02, 4.054608921266805e-01, 0.000000000000000e+00, 0.000000000000000e+00, 7.012430057917556e+04, 1.000000000000000e-10, 1.225020354243581e+09
584, 6.943877340000000e-01, -2.796633050000000e-02, 4.067535201142947e-01, 0.000000000000000e+00, 0.000000000000000e+00, 7.032722121934616e+04, 1.000000000000000e-10, 1.220835640030621e+09
585, 6.973314392000000e-01, -2.740702650000000e-02, 4.077396404584513e-01, 0.000000000000000e+00, 0.000000000000000e+00, 7.047766908437197e+04, 1.000000000000000e-10, 1.217600976886167e+09
586, 7.002751444999999e-01, -2.684772250000000e-02, 4.089650872344243e-01, 0.000000000000000e+00, 0.000000000000000e+00, 7.067004669039602e+04, 1.000000000000000e-10, 1.213680614003712e+09
587, 7.032188497000000e-01, -2.628841850000000e-02, 4.103221262108083e-01, 0.000000000000000e+00, 0.000000000000000e+00, 7.088567508232416e+04, 1.000000000000000e-10, 1.209404469856324e+09
588, 7.061625550000000e-01, -2.572911460000000e-02, 4.116940147380626e-01, 0.000000000000000e+00, 0.000000000000000e+00, 7.110441414807738e+04, 1.000000000000000e-10, 1.205169635048163e+09
589, 7.091062603000000e-01, -2.516981060000000e-02, 4.128940683465595e-01, 0.000000000000000e+00, 0.000000000000000e+00, 7.129434008035924e+04, 1.000000000000000e-10, 1.201428913619563e+09
590, 7.120499655000000e-01, -2.461050660000000e-02, 4.140684781439333e-01, 0.000000000000000e+00, 0.000000000000000e+00, 7.148119693653700e+04, 1.000000000000000e-10, 1.197803932106387e+09
591, 7.149936708000000e-01, -2.405120260000000e-02, 4.152558469192454e-01, 0.000000000000000e+00, 0.000000000000000e+00, 7.167188304859916e+04, 1.000000000000000e-10, 1.194185009110516e+09
592, 7.179373760000000e-01, -2.349189860000000e-02, 4.165274536679310e-01, 0.000000000000000e+00, 0.000000000000000e+00, 7.187872676318232e+04, 1.000000000000000e-10, 1.190368898684995e+09
593, 7.208810812999999e-01, -2.293259460000000e-02, 4.176942077491441e-01, 0.000000000000000e+00, 0.000000000000000e+00, 7.206927188295893e+04, 1.000000000000000e-10, 1.186898949204604e+09
594, 7.238247865000000e-01, -2.237329060000000e-02, 4.188071218028389e-01, 0.000000000000000e+00, 0.000000000000000e+00, 7.225263057743928e+04, 1.000000000000000e-10, 1.183629316955775e+09
595, 7.267684918000000e-01, -2.181398660000000e-02, 4.198831449290461e-01, 0.000000000000000e+00, 0.000000000000000e+00, 7.243179312620772e+04, 1.000000000000000e-10, 1.180510110808791e+09
596, 7.297121971000000e-01, -2.125468260000000e-02, 4.209877917974891e-01, 0.000000000000000e+00, 0.000000000000000e+00, 7.261792687665646e+04, 1.000000000000000e-10, 1.177354098554346e+09
597, 7.326559023000000e-01, -2.069537860000000e-02, 4.219489395978305e-01, 0.000000000000000e+00, 0.000000000000000e+00, 7.278130493521117e+04, 1.000000000000000e-10, 1.174640483973418e+09
598, 7.355996076000000e-01, -2.013607460000000e-02, 4.230471305799900e-01, 0.000000000000000e+00, 0.000000000000000e+00, 7.297047253446684e+04, 1.000000000000000e-10, 1.171587856497976e+09
599, 7.385433128000000e-01, -1.957677060000000e-02, 4.242747548834661e-01, 0.000000000000000e+00, 0.000000000000000e+00, 7.318440120727962e+04, 1.000000000000000e-10, 1.168226239811364e+09
600, 7.414870181000000e-01, -1.901746660000000e-02, 4.252651969492491e-01, 0.000000000000000e+00, 0.000000000000000e+00, 7.336041358674246e+04, 1.000000000000000e-10, 1.165572343101477e+09
601, 7.444307233000000e-01, -1.845816260000000e-02, 4.259869479237544e-01, 0.000000000000000e+00, 0.000000000000000e+00, 7.349403253565913e+04, 1.000000000000000e-10, 1.163715075475370e+09
602, 7.473744286000000e-01, -1.789885860000000e-02, 4.267423670557620e-01, 0.000000000000000e+00, 0.000000000000000e+00, 7.363860449728998e+04, 1.000000000000000e-10, 1.161838135376816e+09
603, 7.503181249000000e-01, -1.733950730000000e-02, 4.281389471603711e-01, 0.000000000000000e+00, 0.000000000000000e+00, 7.389916700845417e+04, 1.000000000000000e-10, 1.158298116780668e+09
604, 7.532611798000000e-01, -1.677679240000000e-02, 4.299034064254275e-01, 0.000000000000000e+00, 0.000000000000000e+00, 7.422769243156096e+04, 1.000000000000000e-10, 1.153845102083956e+09
605, 7.562042001000000e-01, -1.621389660000000e-02, 4.310068548512560e-01, 0.000000000000000e+00, 0.000000000000000e+00, 7.444470496791166e+04, 1.000000000000000e-10, 1.151221874708913e+09
606, 7.591485878000001e-01, -1.565820530000000e-02, 4.314125578358554e-01, 0.000000000000000e+00, 0.000000000000000e+00, 7.454257172741651e+04, 1.000000000000000e-10, 1.150488615884608e+09
607, 7.620955345000000e-01, -1.511625730000000e-02, 4.315876873835399e-01, 0.000000000000000e+00, 0.000000000000000e+00, 7.460097182205609e+04, 1.000000000000000e-10, 1.150375147503437e+09
608, 7.650445705000000e-01, -1.458578350000000e-02, 4.320094608383754e-01, 0.000000000000000e+00, 0.000000000000000e+00, 7.470176717198871e+04, 1.000000000000000e-10, 1.149610102910855e+09
609, 7.679943422000000e-01, -1.405941050000000e-02, 4.328753101291939e-01, 0.000000000000000e+00, 0.000000000000000e+00, 7.487921062533688e+04, 1.000000000000000e-10, 1.147667482656770e+09
610, 7.709435269000000e-01, -1.352976200000000e-02, 4.341065752002706e-01, 0.000000000000000e+00, 0.000000000000000e+00, 7.512041672280403e+04, 1.000000000000000e-10, 1.144762448757362e+09
611, 7.738917632000000e-01, -1.299485690000000e-02, 4.354722972823810e-01, 0.000000000000000e+00, 0.000000000000000e+00, 7.538528956249625e+04, 1.000000000000000e-10, 1.141516542266495e+09
612, 7.768402548000000e-01, -1.246136210000000e-02, 4.362887695566983e-01, 0.000000000000000e+00, 0.000000000000000e+00, 7.555452292390875e+04, 1.000000000000000e-10, 1.139722781368035e+09
613, 7.797903352000000e-01, -1.193673480000000e-02, 4.364542803055912e-01, 0.000000000000000e+00, 0.000000000000000e+00, 7.560887540644308e+04, 1.000000000000000e-10, 1.139583380789381e+09
614, 7.827429347000000e-01, -1.142647830000000e-02, 4.364671305630651e-01, 0.000000000000000e+00, 0.000000000000000e+00, 7.563446837790907e+04, 1.000000000000000e-10, 1.139840171158308e+09
615, 7.856972424999999e-01, -1.092619490000000e-02, 4.370211361436034e-01, 0.000000000000000e+00, 0.000000000000000e+00, 7.575144374850224e+04, 1.000000000000000e-10, 1.138651747207253e+09
616, 7.886519677000000e-01, -1.042837940000000e-02, 4.385229353706512e-01, 0.000000000000000e+00, 0.000000000000000e+00, 7.603257027264732e+04, 1.000000000000000e-10, 1.135008865271143e+09
617, 7.916060843000000e-01, -9.926965700000000e-03, 4.397598130594812e-01, 0.000000000000000e+00, 0.000000000000000e+00, 7.626903050790934e+04, 1.000000000000000e-10, 1.132077756026860e+09
618, 7.945600712999999e-01, -9.424787900000000e-03, 4.400013152155858e-01, 0.000000000000000e+00, 0.000000000000000e+00, 7.633439759030211e+04, 1.000000000000000e-10, 1.131738770503748e+09
619, 7.975140582000000e-01, -8.922610100000001e-03, 4.400153825776784e-01, 0.000000000000000e+00, 0.000000000000000e+00, 7.636207284020614e+04, 1.000000000000000e-10, 1.132006905760720e+09
620, 8.004680280000001e-01, -8.420330800000000e-03, 4.407480110269288e-01, 0.000000000000000e+00, 0.000000000000000e+00, 7.651694821114933e+04, 1.000000000000000e-10, 1.130500169675552e+09
621, 8.034213936000000e-01, -7.914512699999999e-03, 4.422679022603696e-01, 0.000000000000000e+00, 0.000000000000000e+00, 7.681224928653879e+04, 1.000000000000000e-10, 1.126990264014992e+09
622, 8.063747975000000e-01, -7.408918400000000e-03, 4.432513955500134e-01, 0.000000000000000e+00, 0.000000000000000e+00, 7.701631642768925e+04, 1.000000000000000e-10, 1.124846092648541e+09
623, 8.093295144000000e-01, -6.911064600000000e-03, 4.435830787328356e-01, 0.000000000000000e+00, 0.000000000000000e+00, 7.710515507842142e+04, 1.000000000000000e-10, 1.124373898877734e+09
624, 8.122862570000000e-01, -6.425381100000000e-03, 4.437458029272400e-01, 0.000000000000000e+00, 0.000000000000000e+00, 7.716155647158486e+04, 1.000000000000000e-10, 1.124327833418689e+09
625, 8.152444195000000e-01, -5.948422800000000e-03, 4.442352084209923e-01, 0.000000000000000e+00, 0.000000000000000e+00, 7.727027331306276e+04, 1.000000000000000e-10, 1.123378025406122e+09
626, 8.182039458000000e-01, -5.480001300000000e-03, 4.450620502207745e-01, 0.000000000000000e+00, 0.000000000000000e+00, 7.743426437107923e+04, 1.000000000000000e-10, 1.121528489429698e+09
627, 8.211648134000000e-01, -5.020132300000000e-03, 4.458153835630101e-01, 0.000000000000000e+00, 0.000000000000000e+00, 7.758350373685286e+04, 1.000000000000000e-10, 1.119823441187829e+09
628, 8.241269989000000e-01, -4.568831200000000e-03, 4.464913824394165e-01, 0.000000000000000e+00, 0.000000000000000e+00, 7.771885731864725e+04, 1.000000000000000e-10, 1.118300335962900e+09
629, 8.270904793000000e-01, -4.126113200000000e-03, 4.472805673652164e-01, 0.000000000000000e+00, 0.000000000000000e+00, 7.787491477075957e+04, 1.000000000000000e-10, 1.116558292020209e+09
630, 8.300552314000000e-01, -3.691994500000000e-03, 4.478323193575821e-01, 0.000000000000000e+00, 0.000000000000000e+00, 7.798972305284347e+04, 1.000000000000000e-10, 1.115395765665460e+09
631, 8.330216764000000e-01, -3.269608000000000e-03, 4.480824607314305e-01, 0.000000000000000e+00, 0.000000000000000e+00, 7.805361150994939e+04, 1.000000000000000e-10, 1.115011748285423e+09
632, 8.359894521000000e-01, -2.856659800000000e-03, 4.483533596987248e-01, 0.000000000000000e+00, 0.000000000000000e+00, 7.812227986726558e+04, 1.000000000000000e-10, 1.114590587487338e+09
633, 8.389574719000000e-01, -2.445467200000000e-03, 4.489906283964683e-01, 0.000000000000000e+00, 0.000000000000000e+00, 7.825995664626143e+04, 1.000000000000000e-10, 1.113329225055164e+09
634, 8.419245535000000e-01, -2.027571400000000e-03, 4.497700617846697e-01, 0.000000000000000e+00, 0.000000000000000e+00, 7.842970057401709e+04, 1.000000000000000e-10, 1.111795324323648e+09
635, 8.448907007000001e-01, -1.603081000000000e-03, 4.504505827945098e-01, 0.000000000000000e+00, 0.000000000000000e+00, 7.858776919937834e+04, 1.000000000000000e-10, 1.110583537484516e+09
636, 8.478579874000000e-01, -1.186655300000000e-03, 4.509352887534958e-01, 0.000000000000000e+00, 0.000000000000000e+00, 7.871184676604028e+04, 1.000000000000000e-10, 1.109842339349033e+09
637, 8.508284127000000e-01, -7.933073000000000e-04, 4.511330416276551e-01, 0.000000000000000e+00, 0.000000000000000e+00, 7.878112966626682e+04, 1.000000000000000e-10, 1.109697001348285e+09
638, 8.538020126000000e-01, -4.246734000000000e-04, 4.512727268613677e-01, 0.000000000000000e+00, 0.000000000000000e+00, 7.883527583668288e+04, 1.000000000000000e-10, 1.109755407313625e+09
639, 8.567775810000000e-01, -7.225130000000000e-05, 4.517164347498356e-01, 0.000000000000000e+00, 0.000000000000000e+00, 7.893674210841750e+04, 1.000000000000000e-10, 1.108938563631566e+09
640, 8.597541393000000e-01, 2.717253000000000e-04, 4.525410574164673e-01, 0.000000000000000e+00, 0.000000000000000e+00, 7.910247599661592e+04, 1.000000000000000e-10, 1.107142437550687e+09
641, 8.627313085000000e-01, 6.103705000000000e-04, 4.529975638827967e-01, 0.000000000000000e+00, 0.000000000000000e+00, 7.920255939875096e+04, 1.000000000000000e-10, 1.106239037360382e+09
642, 8.657094571000000e-01, 9.402886000000000e-04, 4.530606599684934e-01, 0.000000000000000e+00, 0.000000000000000e+00, 7.923576500482092e+04, 1.000000000000000e-10, 1.106343948537561e+09
643, 8.686885639000000e-01, 1.261439300000000e-03, 4.532271487989268e-01, 0.000000000000000e+00, 0.000000000000000e+00, 7.928825153830244e+04, 1.000000000000000e-10, 1.106202212269295e+09
644, 8.716684840000000e-01, 1.574958600000000e-03, 4.540078758249534e-01, 0.000000000000000e+00, 0.000000000000000e+00, 7.945323584599386e+04, 1.000000000000000e-10, 1.104630603988599e+09
645, 8.746489628000000e-01, 1.883117200000000e-03, 4.547902991546618e-01, 0.000000000000000e+00, 0.000000000000000e+00, 7.962289621068741e+04, 1.000000000000000e-10, 1.103098251798088e+09
646, 8.776306820999999e-01, 2.179005900000000e-03, 4.549698038014993e-01, 0.000000000000000e+00, 0.000000000000000e+00, 7.968730132757837e+04, 1.000000000000000e-10, 1.103024476932238e+09
647, 8.806143131000000e-01, 2.454910800000000e-03, 4.549174310793675e-01, 0.000000000000000e+00, 0.000000000000000e+00, 7.970967237705566e+04, 1.000000000000000e-10, 1.103505820879858e+09
648, 8.835997117000000e-01, 2.711016100000000e-03, 4.551288985504561e-01, 0.000000000000000e+00, 0.000000000000000e+00, 7.977469042661235e+04, 1.000000000000000e-10, 1.103331277933697e+09
649, 8.865865769000000e-01, 2.949408900000000e-03, 4.557853094336759e-01, 0.000000000000000e+00, 0.000000000000000e+00, 7.991632389216800e+04, 1.000000000000000e-10, 1.102039633814046e+09
650, 8.895748055000000e-01, 3.170055600000000e-03, 4.562080454608287e-01, 0.000000000000000e+00, 0.000000000000000e+00, 8.001375804952423e+04, 1.000000000000000e-10, 1.101233172067474e+09
651, 8.925644546000000e-01, 3.370490400000000e-03, 4.562598548562177e-01, 0.000000000000000e+00, 0.000000000000000e+00, 8.004519547711524e+04, 1.000000000000000e-10, 1.101372248943725e+09
652, 8.955553676000000e-01, 3.551155100000000e-03, 4.561973755494627e-01, 0.000000000000000e+00, 0.000000000000000e+00, 8.005339968360309e+04, 1.000000000000000e-10, 1.101737425387049e+09
653, 8.985469777000000e-01, 3.719930400000000e-03, 4.562941477850310e-01, 0.000000000000000e+00, 0.000000000000000e+00, 8.008956240500817e+04, 1.000000000000000e-10, 1.101722577124985e+09
654, 9.015387704000000e-01, 3.885451900000000e-03, 4.566142036083558e-01, 0.000000000000000e+00, 0.000000000000000e+00, 8.016942769099833e+04, 1.000000000000000e-10, 1.101228166232994e+09
655, 9.045306080000000e-01, 4.050146900000000e-03, 4.571164670029287e-01, 0.000000000000000e+00, 0.000000000000000e+00, 8.028539822692685e+04, 1.000000000000000e-10, 1.100326991241081e+09
656, 9.075232441000000e-01, 4.199497100000000e-03, 4.574492061464983e-01, 0.000000000000000e+00, 0.000000000000000e+00, 8.037218691279032e+04, 1.000000000000000e-10, 1.099853799092601e+09
657, 9.105172638000000e-01, 4.317576000000000e-03, 4.574554553069444e-01, 0.000000000000000e+00, 0.000000000000000e+00, 8.039571224588813e+04, 1.000000000000000e-10, 1.100087589472494e+09
658, 9.135124732000000e-01, 4.400428400000000e-03, 4.572868120365242e-01, 0.000000000000000e+00, 0.000000000000000e+00, 8.038300859893324e+04, 1.000000000000000e-10, 1.100681286909625e+09
659, 9.165083028000000e-01, 4.456858500000000e-03, 4.572266776134969e-01, 0.000000000000000e+00, 0.000000000000000e+00, 8.038401275112695e+04, 1.000000000000000e-10, 1.100923288534257e+09
660, 9.195044264000000e-01, 4.494915400000000e-03, 4.574233494519196e-01, 0.000000000000000e+00, 0.000000000000000e+00, 8.043242778591688e+04, 1.000000000000000e-10, 1.100613912784065e+09
661, 9.225006781000000e-01, 4.521098200000000e-03, 4.575877361482668e-01, 0.000000000000000e+00, 0.000000000000000e+00, 8.048192353869506e+04, 1.000000000000000e-10, 1.100453588100752e+09
662, 9.254970225000000e-01, 4.531556300000000e-03, 4.575883279940157e-01, 0.000000000000000e+00, 0.000000000000000e+00, 8.050904089935827e+04, 1.000000000000000e-10, 1.100751531108072e+09
663, 9.284933501000000e-01, 4.518230800000000e-03, 4.574414571836091e-01, 0.000000000000000e+00, 0.000000000000000e+00, 8.050995315045564e+04, 1.000000000000000e-10, 1.101414804170372e+09
664, 9.314893480999999e-01, 4.472444700000000e-03, 4.570940429662039e-01, 0.000000000000000e+00, 0.000000000000000e+00, 8.046941347333459e+04, 1.000000000000000e-10, 1.102480719230204e+09
665, 9.344846103000000e-01, 4.391470900000000e-03, 4.566068122310210e-01, 0.000000000000000e+00, 0.000000000000000e+00, 8.039895490109659e+04, 1.000000000000000e-10, 1.103827546349257e+09
666, 9.374792507000000e-01, 4.289801600000000e-03, 4.561420383242545e-01, 0.000000000000000e+00, 0.000000000000000e+00, 8.032761795353310e+04, 1.000000000000000e-10, 1.105034445953806e+09
667, 9.404737331000000e-01, 4.183520900000000e-03, 4.558916992717973e-01, 0.000000000000000e+00, 0.000000000000000e+00, 8.029697035473936e+04, 1.000000000000000e-10, 1.105824447680756e+09
668, 9.434683278000000e-01, 4.080451000000000e-03, 4.558275699783018e-01, 0.000000000000000e+00, 0.000000000000000e+00, 8.030519370315234e+04, 1.000000000000000e-10, 1.106197873408897e+09
669, 9.464625694000000e-01, 3.967701700000000e-03, 4.556309136972119e-01, 0.000000000000000e+00, 0.000000000000000e+00, 8.029321470296814e+04, 1.000000000000000e-10, 1.106880434498187e+09
670, 9.494557192999999e-01, 3.829211000000000e-03, 4.552105721517740e-01, 0.000000000000000e+00, 0.000000000000000e+00, 8.023690571122358e+04, 1.000000000000000e-10, 1.108101293459084e+09
671, 9.524469545000001e-01, 3.654174900000000e-03, 4.546205454600554e-01, 0.000000000000000e+00, 0.000000000000000e+00, 8.014479920659623e+04, 1.000000000000000e-10, 1.109712284868030e+09
672, 9.554363444000000e-01, 3.449926600000000e-03, 4.539560999270502e-01, 0.000000000000000e+00, 0.000000000000000e+00, 8.003218696187780e+04, 1.000000000000000e-10, 1.111387420607390e+09
673, 9.584242260000000e-01, 3.224624800000000e-03, 4.533128713103696e-01, 0.000000000000000e+00, 0.000000000000000e+00, 7.992038642620954e+04, 1.000000000000000e-10, 1.112951864869102e+09
674, 9.614110739000000e-01, 2.985978000000000e-03, 4.528301587480522e-01, 0.000000000000000e+00, 0.000000000000000e+00, 7.983873052316991e+04, 1.000000000000000e-10, 1.114212251315769e+09
675, 9.643968526000000e-01, 2.734335600000000e-03, 4.525896723879887e-01, 0.000000000000000e+00, 0.000000000000000e+00, 7.979789364716965e+04, 1.000000000000000e-10, 1.114799518717753e+09
676, 9.673808280000000e-01, 2.462191300000000e-03, 4.519289053732163e-01, 0.000000000000000e+00, 0.000000000000000e+00, 7.967273643157423e+04, 1.000000000000000e-10, 1.116326440203285e+09
677, 9.703620847000000e-01, 2.161784500000000e-03, 4.506784256885076e-01, 0.000000000000000e+00, 0.000000000000000e+00, 7.942268970530892e+04, 1.000000000000000e-10, 1.119083481535829e+09
678, 9.733402982000000e-01, 1.832532300000000e-03, 4.494622148043813e-01, 0.000000000000000e+00, 0.000000000000000e+00, 7.915593524310419e+04, 1.000000000000000e-10, 1.121521780411779e+09
679, 9.763154943000000e-01, 1.477044900000000e-03, 4.493316908949272e-01, 0.000000000000000e+00, 0.000000000000000e+00, 7.905345400439552e+04, 1.000000000000000e-10, 1.120934190761090e+09
680, 9.792874526000001e-01, 1.095432300000000e-03, 4.502270585242871e-01, 0.000000000000000e+00, 0.000000000000000e+00, 7.910351801327562e+04, 1.000000000000000e-10, 1.117477065683119e+09
681, 9.822556855000000e-01, 6.858801000000000e-04, 4.486334453376759e-01, 0.000000000000000e+00, 0.000000000000000e+00, 7.869635751095753e+04, 1.000000000000000e-10, 1.119979052483488e+09
682, 9.852198673000000e-01, 2.479352000000000e-04, 4.441595349362160e-01, 0.000000000000000e+00, 0.000000000000000e+00, 7.776448601559050e+04, 1.000000000000000e-10, 1.129527262476010e+09
683, 9.881808922000000e-01, -2.108983000000000e-04, 4.400769065579059e-01, 0.000000000000000e+00, 0.000000000000000e+00, 7.688942193400665e+04, 1.000000000000000e-10, 1.138071868671795e+09
684, 9.911395461000000e-01, -6.847765000000000e-04, 4.471737017190396e-01, 0.000000000000000e+00, 0.000000000000000e+00, 7.797815200351976e+04, 1.000000000000000e-10, 1.118245508302510e+09
685, 9.940944037000000e-01, -1.181769000000000e-03, 4.552087032660414e-01, 0.000000000000000e+00, 0.000000000000000e+00, 7.927084518340060e+04, 1.000000000000000e-10, 1.097296410055736e+09
686, 9.970470357000000e-01, -1.691851000000000e-03, 4.416537222488024e-01, 0.000000000000000e+00, 0.000000000000000e+00, 7.685068879265296e+04, 1.000000000000000e-10, 1.130260791737970e+09
687, 1.000000000000000e+00, 5.500000000000000e-04, 3.288913048257708e-01, 0.000000000000000e+00, 0.000000000000000e+00, 5.709714340070839e+04, 1.000000000000000e-10, 1.514919636299581e+09
