"PointID","x","y","Density","Momentum_x","Momentum_y","Energy","Turb_Kin_Energy","Omega"
0, 1.000000000000000e+00, 3.300000000000000e-03, 3.667242742912869e-01, 0.000000000000000e+00, 0.000000000000000e+00, 6.395151729320964e+04, 1.000000000000000e-10, 1.363599385111906e+09
1, 1.000000000000000e+00, -2.200000000000000e-03, 3.728713152402691e-01, 0.000000000000000e+00, 0.000000000000000e+00, 6.518411018842702e+04, 1.000000000000000e-10, 1.343809592541548e+09
6, 9.970624071000000e-01, 3.890565800000000e-03, 4.146139196955783e-01, 0.000000000000000e+00, 0.000000000000000e+00, 7.220258297083178e+04, 1.000000000000000e-10, 1.204718763531271e+09
7, 9.941250122000000e-01, 4.482116400000000e-03, 4.244500227631156e-01, 0.000000000000000e+00, 0.000000000000000e+00, 7.383268866855603e+04, 1.000000000000000e-10, 1.175730862698799e+09
8, 9.911863511000000e-01, 5.067337600000000e-03, 4.113354579915125e-01, 0.000000000000000e+00, 0.000000000000000e+00, 7.141805102897585e+04, 1.000000000000000e-10, 1.211432488593046e+09
9, 9.882453375000000e-01, 5.640619800000000e-03, 4.050922803727103e-01, 0.000000000000000e+00, 0.000000000000000e+00, 7.016459864127813e+04, 1.000000000000000e-10, 1.227690620251847e+09
10, 9.853025951000000e-01, 6.204961100000000e-03, 4.076215105848655e-01, 0.000000000000000e+00, 0.000000000000000e+00, 7.043355024029793e+04, 1.000000000000000e-10, 1.217627270768581e+09
11, 9.823582610000000e-01, 6.760941000000000e-03, 4.110183483342784e-01, 0.000000000000000e+00, 0.000000000000000e+00, 7.085628535218381e+04, 1.000000000000000e-10, 1.205318892026018e+09
12, 9.794123284000000e-01, 7.308384000000000e-03, 4.107622726793125e-01, 0.000000000000000e+00, 0.000000000000000e+00, 7.066234351261672e+04, 1.000000000000000e-10, 1.203996025209052e+09
13, 9.764641925999999e-01, 7.843832699999999e-03, 4.087578880862920e-01, 0.000000000000000e+00, 0.000000000000000e+00, 7.019352703436186e+04, 1.000000000000000e-10, 1.208159579887850e+09
14, 9.735146296000000e-01, 8.371372199999999e-03, 4.083027851122709e-01, 0.000000000000000e+00, 0.000000000000000e+00, 7.001834650034625e+04, 1.000000000000000e-10, 1.208126359959074e+09
15, 9.705649844999999e-01, 8.898453400000001e-03, 4.085592894971126e-01, 0.000000000000000e+00, 0.000000000000000e+00, 6.998677995447116e+04, 1.000000000000000e-10, 1.206305167841721e+09
16, 9.676163612000001e-01, 9.431218700000001e-03, 4.086324204919838e-01, 0.000000000000000e+00, 0.000000000000000e+00, 6.994104762451317e+04, 1.000000000000000e-10, 1.205269770289005e+09
17, 9.646681685000000e-01, 9.966365099999999e-03, 4.080301844113338e-01, 0.000000000000000e+00, 0.000000000000000e+00, 6.979588460429554e+04, 1.000000000000000e-10, 1.206449734893241e+09
18, 9.617190649000000e-01, 1.049646250000000e-02, 4.069059206356946e-01, 0.000000000000000e+00, 0.000000000000000e+00, 6.957482242253782e+04, 1.000000000000000e-10, 1.209411650206320e+09
19, 9.587677714000000e-01, 1.101421520000000e-02, 4.054944265850289e-01, 0.000000000000000e+00, 0.000000000000000e+00, 6.931440561151416e+04, 1.000000000000000e-10, 1.213348866608048e+09
20, 9.558141732000000e-01, 1.151866560000000e-02, 4.042153427789514e-01, 0.000000000000000e+00, 0.000000000000000e+00, 6.908168129262415e+04, 1.000000000000000e-10, 1.216982138828382e+09
21, 9.528595023999999e-01, 1.201680390000000e-02, 4.037123758284961e-01, 0.000000000000000e+00, 0.000000000000000e+00, 6.898311130349811e+04, 1.000000000000000e-10, 1.218316406544963e+09
22, 9.499050355999999e-01, 1.251614840000000e-02, 4.036936201286407e-01, 0.000000000000000e+00, 0.000000000000000e+00, 6.896751649844444e+04, 1.000000000000000e-10, 1.218147592785219e+09
23, 9.469515835000000e-01, 1.302146080000000e-02, 4.034790063887863e-01, 0.000000000000000e+00, 0.000000000000000e+00, 6.891812860759321e+04, 1.000000000000000e-10, 1.218631899748969e+09
24, 9.439982552000000e-01, 1.352749770000000e-02, 4.024544145050090e-01, 0.000000000000000e+00, 0.000000000000000e+00, 6.872944897175521e+04, 1.000000000000000e-10, 1.221561641832580e+09
25, 9.410437731000000e-01, 1.402674480000000e-02, 4.006384058132329e-01, 0.000000000000000e+00, 0.000000000000000e+00, 6.840369114806403e+04, 1.000000000000000e-10, 1.226869745954358e+09
26, 9.380870172000000e-01, 1.451233270000000e-02, 3.993967226616117e-01, 0.000000000000000e+00, 0.000000000000000e+00, 6.817399533755689e+04, 1.000000000000000e-10, 1.230421666810132e+09
27, 9.351283061000000e-01, 1.498587720000000e-02, 3.993549375605235e-01, 0.000000000000000e+00, 0.000000000000000e+00, 6.814882094134037e+04, 1.000000000000000e-10, 1.230278912419376e+09
28, 9.321688618000000e-01, 1.545482400000000e-02, 3.996210334401486e-01, 0.000000000000000e+00, 0.000000000000000e+00, 6.817709386485818e+04, 1.000000000000000e-10, 1.229207270679266e+09
29, 9.292098398000000e-01, 1.592642560000000e-02, 3.993184336881191e-01, 0.000000000000000e+00, 0.000000000000000e+00, 6.810957422224502e+04, 1.000000000000000e-10, 1.229904215710587e+09
30, 9.262511042000000e-01, 1.639982330000000e-02, 3.979721098680127e-01, 0.000000000000000e+00, 0.000000000000000e+00, 6.786490855398601e+04, 1.000000000000000e-10, 1.233827107139977e+09
31, 9.232923687000000e-01, 1.687322100000000e-02, 3.964393796672235e-01, 0.000000000000000e+00, 0.000000000000000e+00, 6.758908300383124e+04, 1.000000000000000e-10, 1.238388780148246e+09
32, 9.203336331000000e-01, 1.734661870000000e-02, 3.963149087920297e-01, 0.000000000000000e+00, 0.000000000000000e+00, 6.755541232428953e+04, 1.000000000000000e-10, 1.238573571324120e+09
33, 9.173752952000001e-01, 1.782249320000000e-02, 3.963038316222056e-01, 0.000000000000000e+00, 0.000000000000000e+00, 6.754375608955577e+04, 1.000000000000000e-10, 1.238472033282594e+09
34, 9.144172403000000e-01, 1.830012520000000e-02, 3.955611595401333e-01, 0.000000000000000e+00, 0.000000000000000e+00, 6.741007487840776e+04, 1.000000000000000e-10, 1.240713219263378e+09
35, 9.114582624000001e-01, 1.877199790000000e-02, 3.939690280692623e-01, 0.000000000000000e+00, 0.000000000000000e+00, 6.713322581165361e+04, 1.000000000000000e-10, 1.245643488903329e+09
36, 9.084972381000000e-01, 1.923083950000000e-02, 3.926896946115442e-01, 0.000000000000000e+00, 0.000000000000000e+00, 6.691071338743856e+04, 1.000000000000000e-10, 1.249632053858250e+09
37, 9.055342297000000e-01, 1.967670440000000e-02, 3.921408728662018e-01, 0.000000000000000e+00, 0.000000000000000e+00, 6.681478123727936e+04, 1.000000000000000e-10, 1.251343963639296e+09
38, 9.025703724000000e-01, 2.011689840000000e-02, 3.919648569151196e-01, 0.000000000000000e+00, 0.000000000000000e+00, 6.678545791569656e+04, 1.000000000000000e-10, 1.251886695055120e+09
39, 8.996067964000000e-01, 2.055898050000000e-02, 3.917612981604557e-01, 0.000000000000000e+00, 0.000000000000000e+00, 6.675469185449579e+04, 1.000000000000000e-10, 1.252597261108026e+09
40, 8.966435791000000e-01, 2.100346310000000e-02, 3.913177240945817e-01, 0.000000000000000e+00, 0.000000000000000e+00, 6.668506068015046e+04, 1.000000000000000e-10, 1.254108627776591e+09
41, 8.936803618000000e-01, 2.144794570000000e-02, 3.905192358813219e-01, 0.000000000000000e+00, 0.000000000000000e+00, 6.655442231298728e+04, 1.000000000000000e-10, 1.256756742150336e+09
42, 8.907171444000000e-01, 2.189242830000000e-02, 3.899401747088922e-01, 0.000000000000000e+00, 0.000000000000000e+00, 6.645771351741483e+04, 1.000000000000000e-10, 1.258653644875903e+09
43, 8.877539271000000e-01, 2.233691090000000e-02, 3.891652850428554e-01, 0.000000000000000e+00, 0.000000000000000e+00, 6.632359167720018e+04, 1.000000000000000e-10, 1.261127854616962e+09
44, 8.847907098000000e-01, 2.278139350000000e-02, 3.876319421186670e-01, 0.000000000000000e+00, 0.000000000000000e+00, 6.605617568096356e+04, 1.000000000000000e-10, 1.266041005314406e+09
45, 8.818274925000000e-01, 2.322587610000000e-02, 3.867968974768924e-01, 0.000000000000000e+00, 0.000000000000000e+00, 6.590582677604309e+04, 1.000000000000000e-10, 1.268647576262789e+09
46, 8.788643591999999e-01, 2.367091770000000e-02, 3.869558931061962e-01, 0.000000000000000e+00, 0.000000000000000e+00, 6.592537440086219e+04, 1.000000000000000e-10, 1.267987327057015e+09
47, 8.759017882000000e-01, 2.411968790000000e-02, 3.869744119556925e-01, 0.000000000000000e+00, 0.000000000000000e+00, 6.592227265317301e+04, 1.000000000000000e-10, 1.267864636956570e+09
48, 8.729389200000000e-01, 2.456648860000000e-02, 3.860875997435059e-01, 0.000000000000000e+00, 0.000000000000000e+00, 6.576595225396256e+04, 1.000000000000000e-10, 1.270693912494269e+09
49, 8.699746207000000e-01, 2.500367940000000e-02, 3.842745317182300e-01, 0.000000000000000e+00, 0.000000000000000e+00, 6.545140352212266e+04, 1.000000000000000e-10, 1.276611647025062e+09
50, 8.670081947000000e-01, 2.542619980000000e-02, 3.830382590970425e-01, 0.000000000000000e+00, 0.000000000000000e+00, 6.523382281935282e+04, 1.000000000000000e-10, 1.280568962858319e+09
51, 8.640404269000000e-01, 2.583920470000000e-02, 3.830415776274249e-01, 0.000000000000000e+00, 0.000000000000000e+00, 6.522812334813777e+04, 1.000000000000000e-10, 1.280497212174405e+09
52, 8.610724042000000e-01, 2.625037680000000e-02, 3.834454697161111e-01, 0.000000000000000e+00, 0.000000000000000e+00, 6.529334327583128e+04, 1.000000000000000e-10, 1.279091438892146e+09
53, 8.581049055000000e-01, 2.666531320000000e-02, 3.834370081215335e-01, 0.000000000000000e+00, 0.000000000000000e+00, 6.529139981715581e+04, 1.000000000000000e-10, 1.279111615621451e+09
54, 8.551374771000000e-01, 2.708075320000000e-02, 3.826416613566540e-01, 0.000000000000000e+00, 0.000000000000000e+00, 6.515776051147304e+04, 1.000000000000000e-10, 1.281776072206465e+09
55, 8.521700487000000e-01, 2.749619320000000e-02, 3.815385434087441e-01, 0.000000000000000e+00, 0.000000000000000e+00, 6.497068276963344e+04, 1.000000000000000e-10, 1.285494373472245e+09
56, 8.492026203000000e-01, 2.791163320000000e-02, 3.809028154268013e-01, 0.000000000000000e+00, 0.000000000000000e+00, 6.485946276167044e+04, 1.000000000000000e-10, 1.287591756171047e+09
57, 8.462351919000000e-01, 2.832707310000000e-02, 3.798615649094410e-01, 0.000000000000000e+00, 0.000000000000000e+00, 6.467701419501335e+04, 1.000000000000000e-10, 1.291037231768394e+09
58, 8.432677635000000e-01, 2.874251310000000e-02, 3.791559795581351e-01, 0.000000000000000e+00, 0.000000000000000e+00, 6.454986075223218e+04, 1.000000000000000e-10, 1.293327930197609e+09
59, 8.403003351000000e-01, 2.915795310000000e-02, 3.791041781069761e-01, 0.000000000000000e+00, 0.000000000000000e+00, 6.453379633231917e+04, 1.000000000000000e-10, 1.293385929247159e+09
60, 8.373332662000000e-01, 2.957595020000000e-02, 3.790753098182513e-01, 0.000000000000000e+00, 0.000000000000000e+00, 6.452276910130848e+04, 1.000000000000000e-10, 1.293384237740813e+09
61, 8.343664342000000e-01, 2.999562810000000e-02, 3.783243189217230e-01, 0.000000000000000e+00, 0.000000000000000e+00, 6.439009024644711e+04, 1.000000000000000e-10, 1.295864359183175e+09
62, 8.313987667000000e-01, 3.040934680000000e-02, 3.767453875474228e-01, 0.000000000000000e+00, 0.000000000000000e+00, 6.411642484468866e+04, 1.000000000000000e-10, 1.301231203701386e+09
63, 8.284292787999999e-01, 3.080977400000000e-02, 3.755444932214329e-01, 0.000000000000000e+00, 0.000000000000000e+00, 6.390556877166066e+04, 1.000000000000000e-10, 1.305276219017776e+09
64, 8.254580666000000e-01, 3.119721670000000e-02, 3.752002057547864e-01, 0.000000000000000e+00, 0.000000000000000e+00, 6.383997059238910e+04, 1.000000000000000e-10, 1.306356634561255e+09
65, 8.224861366000000e-01, 3.157912440000000e-02, 3.752968469462170e-01, 0.000000000000000e+00, 0.000000000000000e+00, 6.385044752499236e+04, 1.000000000000000e-10, 1.305907433530112e+09
66, 8.195144758000000e-01, 3.196311810000000e-02, 3.753010752236906e-01, 0.000000000000000e+00, 0.000000000000000e+00, 6.384738090741620e+04, 1.000000000000000e-10, 1.305788940975747e+09
67, 8.165431104999999e-01, 3.234939560000000e-02, 3.749621018259759e-01, 0.000000000000000e+00, 0.000000000000000e+00, 6.378772256692391e+04, 1.000000000000000e-10, 1.306963508424263e+09
68, 8.135717453000000e-01, 3.273567310000000e-02, 3.743384307605470e-01, 0.000000000000000e+00, 0.000000000000000e+00, 6.367988899454111e+04, 1.000000000000000e-10, 1.309111806452049e+09
69, 8.106003801000000e-01, 3.312195060000000e-02, 3.738227458511143e-01, 0.000000000000000e+00, 0.000000000000000e+00, 6.358900420770313e+04, 1.000000000000000e-10, 1.310871203083796e+09
70, 8.076290148000000e-01, 3.350822810000000e-02, 3.729554045624162e-01, 0.000000000000000e+00, 0.000000000000000e+00, 6.343519890697276e+04, 1.000000000000000e-10, 1.313813617798247e+09
71, 8.046576496000000e-01, 3.389450560000000e-02, 3.713509890273668e-01, 0.000000000000000e+00, 0.000000000000000e+00, 6.315204216085975e+04, 1.000000000000000e-10, 1.319360083469570e+09
72, 8.016862843000000e-01, 3.428078300000000e-02, 3.705759004388146e-01, 0.000000000000000e+00, 0.000000000000000e+00, 6.300787465038673e+04, 1.000000000000000e-10, 1.321866730065893e+09
73, 7.987150113000000e-01, 3.466776800000000e-02, 3.709483307398547e-01, 0.000000000000000e+00, 0.000000000000000e+00, 6.305985525419128e+04, 1.000000000000000e-10, 1.320302453919185e+09
74, 7.957442224000000e-01, 3.505845300000000e-02, 3.711211681188801e-01, 0.000000000000000e+00, 0.000000000000000e+00, 6.308026175329612e+04, 1.000000000000000e-10, 1.319621934949257e+09
75, 7.927731192000000e-01, 3.544673620000000e-02, 3.701228314163243e-01, 0.000000000000000e+00, 0.000000000000000e+00, 6.290412338852050e+04, 1.000000000000000e-10, 1.323070421467546e+09
76, 7.898007096000000e-01, 3.582487200000000e-02, 3.680131942901766e-01, 0.000000000000000e+00, 0.000000000000000e+00, 6.254030007486416e+04, 1.000000000000000e-10, 1.330537850033034e+09
77, 7.868264558000000e-01, 3.618821970000000e-02, 3.666864300318372e-01, 0.000000000000000e+00, 0.000000000000000e+00, 6.230899403293907e+04, 1.000000000000000e-10, 1.335273420351748e+09
78, 7.838510978000000e-01, 3.654242800000000e-02, 3.667475536726241e-01, 0.000000000000000e+00, 0.000000000000000e+00, 6.231390962110704e+04, 1.000000000000000e-10, 1.334955008151988e+09
79, 7.808755783000000e-01, 3.689528040000000e-02, 3.671274890549067e-01, 0.000000000000000e+00, 0.000000000000000e+00, 6.237495976724116e+04, 1.000000000000000e-10, 1.333492619471334e+09
80, 7.779005125000000e-01, 3.725193850000000e-02, 3.669747509321209e-01, 0.000000000000000e+00, 0.000000000000000e+00, 6.234791515223474e+04, 1.000000000000000e-10, 1.334028475609475e+09
81, 7.749254880000001e-01, 3.760894140000000e-02, 3.655986183943040e-01, 0.000000000000000e+00, 0.000000000000000e+00, 6.211472694652525e+04, 1.000000000000000e-10, 1.339050217307062e+09
82, 7.719504636000000e-01, 3.796594440000000e-02, 3.641067965741841e-01, 0.000000000000000e+00, 0.000000000000000e+00, 6.186172394516927e+04, 1.000000000000000e-10, 1.344525463007650e+09
83, 7.689754391000000e-01, 3.832294730000000e-02, 3.631153156724299e-01, 0.000000000000000e+00, 0.000000000000000e+00, 6.169151488749608e+04, 1.000000000000000e-10, 1.348165269278129e+09
84, 7.660004146000000e-01, 3.867995020000000e-02, 3.618530532461376e-01, 0.000000000000000e+00, 0.000000000000000e+00, 6.147414919294069e+04, 1.000000000000000e-10, 1.352815665136654e+09
85, 7.630253902000000e-01, 3.903695320000000e-02, 3.610813887205663e-01, 0.000000000000000e+00, 0.000000000000000e+00, 6.134272669563282e+04, 1.000000000000000e-10, 1.355700860740835e+09
86, 7.600503657000000e-01, 3.939395610000000e-02, 3.609289198196050e-01, 0.000000000000000e+00, 0.000000000000000e+00, 6.132403800518835e+04, 1.000000000000000e-10, 1.356404078551837e+09
87, 7.570757010000000e-01, 3.975394130000000e-02, 3.603615616807903e-01, 0.000000000000000e+00, 0.000000000000000e+00, 6.124521760377179e+04, 1.000000000000000e-10, 1.358858998289629e+09
88, 7.541011654999999e-01, 4.011499540000000e-02, 3.585373368413490e-01, 0.000000000000000e+00, 0.000000000000000e+00, 6.096600558950500e+04, 1.000000000000000e-10, 1.366367794560000e+09
89, 7.511258242000000e-01, 4.046933410000000e-02, 3.553118354505935e-01, 0.000000000000000e+00, 0.000000000000000e+00, 6.046511494178780e+04, 1.000000000000000e-10, 1.379659404506582e+09
90, 7.481488621000000e-01, 4.080977130000000e-02, 3.528069836289501e-01, 0.000000000000000e+00, 0.000000000000000e+00, 6.010528089084861e+04, 1.000000000000000e-10, 1.390690754007999e+09
91, 7.451704939000000e-01, 4.113770130000000e-02, 3.519055789149976e-01, 0.000000000000000e+00, 0.000000000000000e+00, 6.003524469438346e+04, 1.000000000000000e-10, 1.395844784880733e+09
92, 7.421915967000000e-01, 4.146079960000000e-02, 3.511154274062534e-01, 0.000000000000000e+00, 0.000000000000000e+00, 5.999749825725346e+04, 1.000000000000000e-10, 1.400837522337014e+09
93, 7.392129909000000e-01, 4.178657100000000e-02, 3.492427945806467e-01, 0.000000000000000e+00, 0.000000000000000e+00, 5.978482577911485e+04, 1.000000000000000e-10, 1.410416535967779e+09
94, 7.362345880000000e-01, 4.211419530000000e-02, 3.450314928962603e-01, 0.000000000000000e+00, 0.000000000000000e+00, 5.918431026009464e+04, 1.000000000000000e-10, 1.430010860226402e+09
95, 7.332561850000000e-01, 4.244181960000000e-02, 3.412052498187079e-01, 0.000000000000000e+00, 0.000000000000000e+00, 5.865662836059785e+04, 1.000000000000000e-10, 1.448672435733069e+09
96, 7.302777821000001e-01, 4.276944400000000e-02, 3.393883792185734e-01, 0.000000000000000e+00, 0.000000000000000e+00, 5.846911347806875e+04, 1.000000000000000e-10, 1.458967452374142e+09
97, 7.272996700000000e-01, 4.309969770000000e-02, 3.372882831831180e-01, 0.000000000000000e+00, 0.000000000000000e+00, 5.821574430457594e+04, 1.000000000000000e-10, 1.470283342850384e+09
98, 7.243217382000000e-01, 4.343157600000000e-02, 3.335814615667865e-01, 0.000000000000000e+00, 0.000000000000000e+00, 5.766028244581178e+04, 1.000000000000000e-10, 1.488354781279601e+09
99, 7.213431270000000e-01, 4.375728880000000e-02, 3.278922978271342e-01, 0.000000000000000e+00, 0.000000000000000e+00, 5.673749192067659e+04, 1.000000000000000e-10, 1.515496676961220e+09
100, 7.183630640000001e-01, 4.406941800000000e-02, 3.226195354638918e-01, 0.000000000000000e+00, 0.000000000000000e+00, 5.585422171972571e+04, 1.000000000000000e-10, 1.540958584571322e+09
101, 7.153816632000000e-01, 4.436852160000000e-02, 3.179407197488190e-01, 0.000000000000000e+00, 0.000000000000000e+00, 5.503374202682808e+04, 1.000000000000000e-10, 1.563393711888449e+09
102, 7.123997234000000e-01, 4.466221600000000e-02, 3.114110758040140e-01, 0.000000000000000e+00, 0.000000000000000e+00, 5.384632889366891e+04, 1.000000000000000e-10, 1.594706473708773e+09
103, 7.094180101999999e-01, 4.495819900000000e-02, 3.018657434908790e-01, 0.000000000000000e+00, 0.000000000000000e+00, 5.208477670596831e+04, 1.000000000000000e-10, 1.642368089736064e+09
104, 7.064365126000000e-01, 4.525634870000000e-02, 2.887070042415781e-01, 0.000000000000000e+00, 0.000000000000000e+00, 4.963355729639885e+04, 1.000000000000000e-10, 1.712143227432107e+09
105, 7.034550149000000e-01, 4.555449850000000e-02, 2.731728960906650e-01, 0.000000000000000e+00, 0.000000000000000e+00, 4.671495347289827e+04, 1.000000000000000e-10, 1.801645223329976e+09
106, 7.004735172000000e-01, 4.585264830000000e-02, 2.609790428992959e-01, 0.000000000000000e+00, 0.000000000000000e+00, 4.433025829499614e+04, 1.000000000000000e-10, 1.875476378847503e+09
107, 6.974920194999999e-01, 4.615079800000000e-02, 2.505931456683877e-01, 0.000000000000000e+00, 0.000000000000000e+00, 4.223209082425322e+04, 1.000000000000000e-10, 1.940645946888681e+09
108, 6.945105217999999e-01, 4.644894780000000e-02, 2.457841994891071e-01, 0.000000000000000e+00, 0.000000000000000e+00, 4.105558528044388e+04, 1.000000000000000e-10, 1.964276645943649e+09
109, 6.915290242000000e-01, 4.674709760000000e-02, 2.424485794551079e-01, 0.000000000000000e+00, 0.000000000000000e+00, 4.015952061616019e+04, 1.000000000000000e-10, 1.977598425414345e+09
110, 6.885476161000000e-01, 4.704613990000000e-02, 2.399141907740280e-01, 0.000000000000000e+00, 0.000000000000000e+00, 3.947553402788141e+04, 1.000000000000000e-10, 1.987531558918467e+09
111, 6.855665742000000e-01, 4.734881320000000e-02, 2.386344299501786e-01, 0.000000000000000e+00, 0.000000000000000e+00, 3.907980754481363e+04, 1.000000000000000e-10, 1.990408618516069e+09
112, 6.825852395999999e-01, 4.764858270000000e-02, 2.379333529952090e-01, 0.000000000000000e+00, 0.000000000000000e+00, 3.886056599367085e+04, 1.000000000000000e-10, 1.991825217734657e+09
113, 6.796028435000000e-01, 4.793757530000000e-02, 2.377948958080219e-01, 0.000000000000000e+00, 0.000000000000000e+00, 3.880167262669736e+04, 1.000000000000000e-10, 1.991445683178207e+09
114, 6.766190426000001e-01, 4.821169240000000e-02, 2.392623048442538e-01, 0.000000000000000e+00, 0.000000000000000e+00, 3.903807271423236e+04, 1.000000000000000e-10, 1.979107427439618e+09
115, 6.736344527000000e-01, 4.847710350000000e-02, 2.413878409725473e-01, 0.000000000000000e+00, 0.000000000000000e+00, 3.939523577518513e+04, 1.000000000000000e-10, 1.962107091202406e+09
116, 6.706497918000000e-01, 4.874171610000000e-02, 2.427464832683048e-01, 0.000000000000000e+00, 0.000000000000000e+00, 3.963412500226637e+04, 1.000000000000000e-10, 1.951806938093104e+09
117, 6.676654681999999e-01, 4.901010790000000e-02, 2.427055407207677e-01, 0.000000000000000e+00, 0.000000000000000e+00, 3.964947984877037e+04, 1.000000000000000e-10, 1.953036168832937e+09
118, 6.646811620999999e-01, 4.927869540000000e-02, 2.413205527402286e-01, 0.000000000000000e+00, 0.000000000000000e+00, 3.944360293644939e+04, 1.000000000000000e-10, 1.965084327852650e+09
119, 6.616968561000000e-01, 4.954728290000000e-02, 2.407416222518038e-01, 0.000000000000000e+00, 0.000000000000000e+00, 3.935895575626127e+04, 1.000000000000000e-10, 1.970296608259174e+09
120, 6.587126148000000e-01, 4.981658670000000e-02, 2.411485149448031e-01, 0.000000000000000e+00, 0.000000000000000e+00, 3.943532532538836e+04, 1.000000000000000e-10, 1.967378060642268e+09
121, 6.557287142000000e-01, 5.008964140000000e-02, 2.414665693773438e-01, 0.000000000000000e+00, 0.000000000000000e+00, 3.950282464593922e+04, 1.000000000000000e-10, 1.965423428598340e+09
122, 6.527445878000000e-01, 5.036021100000000e-02, 2.412076654361429e-01, 0.000000000000000e+00, 0.000000000000000e+00, 3.947787672226864e+04, 1.000000000000000e-10, 1.968220405269197e+09
123, 6.497595392000000e-01, 5.062038200000000e-02, 2.410263104292874e-01, 0.000000000000000e+00, 0.000000000000000e+00, 3.946039473902145e+04, 1.000000000000000e-10, 1.970211197406269e+09
124, 6.467732199000000e-01, 5.086554410000000e-02, 2.423320707869384e-01, 0.000000000000000e+00, 0.000000000000000e+00, 3.967306066437333e+04, 1.000000000000000e-10, 1.959549762884862e+09
125, 6.437861620000001e-01, 5.110156080000000e-02, 2.444172384535444e-01, 0.000000000000000e+00, 0.000000000000000e+00, 4.001267998299326e+04, 1.000000000000000e-10, 1.942680621397079e+09
126, 6.407990088000000e-01, 5.133637300000000e-02, 2.459561709401668e-01, 0.000000000000000e+00, 0.000000000000000e+00, 4.027110135994902e+04, 1.000000000000000e-10, 1.930782374705755e+09
127, 6.378123096000000e-01, 5.157688470000000e-02, 2.464072066163967e-01, 0.000000000000000e+00, 0.000000000000000e+00, 4.036327738111140e+04, 1.000000000000000e-10, 1.927986852005974e+09
128, 6.348258525000000e-01, 5.182039160000000e-02, 2.459180825535562e-01, 0.000000000000000e+00, 0.000000000000000e+00, 4.030964055104442e+04, 1.000000000000000e-10, 1.932886448047905e+09
129, 6.318390014000000e-01, 5.205900390000000e-02, 2.455898861210815e-01, 0.000000000000000e+00, 0.000000000000000e+00, 4.028200851100052e+04, 1.000000000000000e-10, 1.936508213965255e+09
130, 6.288511656000000e-01, 5.228491860000000e-02, 2.461136801718475e-01, 0.000000000000000e+00, 0.000000000000000e+00, 4.038514868737464e+04, 1.000000000000000e-10, 1.933105091125079e+09
131, 6.258622963000000e-01, 5.249674920000000e-02, 2.476950054904836e-01, 0.000000000000000e+00, 0.000000000000000e+00, 4.064644603405287e+04, 1.000000000000000e-10, 1.920811558574862e+09
132, 6.228729552000000e-01, 5.270183440000000e-02, 2.495955623144598e-01, 0.000000000000000e+00, 0.000000000000000e+00, 4.095659899029151e+04, 1.000000000000000e-10, 1.906119128731439e+09
133, 6.198836982000000e-01, 5.290814110000000e-02, 2.507214958193148e-01, 0.000000000000000e+00, 0.000000000000000e+00, 4.114229663218032e+04, 1.000000000000000e-10, 1.897563553447770e+09
134, 6.168946444000000e-01, 5.311737490000000e-02, 2.503714920714347e-01, 0.000000000000000e+00, 0.000000000000000e+00, 4.109046149673301e+04, 1.000000000000000e-10, 1.900454285470533e+09
135, 6.139055905000000e-01, 5.332660870000000e-02, 2.490321705377474e-01, 0.000000000000000e+00, 0.000000000000000e+00, 4.087500027084604e+04, 1.000000000000000e-10, 1.910844393380824e+09
136, 6.109165367000000e-01, 5.353584240000000e-02, 2.491199535763823e-01, 0.000000000000000e+00, 0.000000000000000e+00, 4.088832168857455e+04, 1.000000000000000e-10, 1.910129146809451e+09
137, 6.079276023000000e-01, 5.374677020000000e-02, 2.496818023212475e-01, 0.000000000000000e+00, 0.000000000000000e+00, 4.098393550149674e+04, 1.000000000000000e-10, 1.905904078377290e+09
138, 6.049388740000000e-01, 5.396060430000000e-02, 2.500735686558983e-01, 0.000000000000000e+00, 0.000000000000000e+00, 4.106050103648360e+04, 1.000000000000000e-10, 1.903462366895184e+09
139, 6.019498206000000e-01, 5.416983050000000e-02, 2.499568697789562e-01, 0.000000000000000e+00, 0.000000000000000e+00, 4.105853249393164e+04, 1.000000000000000e-10, 1.905009514175878e+09
140, 5.989599226000000e-01, 5.436657950000000e-02, 2.499466730059861e-01, 0.000000000000000e+00, 0.000000000000000e+00, 4.107088794298912e+04, 1.000000000000000e-10, 1.905612917995654e+09
141, 5.959691164000001e-01, 5.454903410000000e-02, 2.513093698974469e-01, 0.000000000000000e+00, 0.000000000000000e+00, 4.129638710667149e+04, 1.000000000000000e-10, 1.895317313268956e+09
142, 5.929778870000000e-01, 5.472444030000000e-02, 2.533889879109383e-01, 0.000000000000000e+00, 0.000000000000000e+00, 4.163855608071799e+04, 1.000000000000000e-10, 1.879812989123053e+09
143, 5.899867137000000e-01, 5.490079730000000e-02, 2.548559958553580e-01, 0.000000000000000e+00, 0.000000000000000e+00, 4.188675583934817e+04, 1.000000000000000e-10, 1.869255010903526e+09
144, 5.869959152999999e-01, 5.508340180000000e-02, 2.551313370589259e-01, 0.000000000000000e+00, 0.000000000000000e+00, 4.194862562239901e+04, 1.000000000000000e-10, 1.867848260405466e+09
145, 5.840051705000000e-01, 5.526688670000000e-02, 2.543559770524771e-01, 0.000000000000000e+00, 0.000000000000000e+00, 4.184310368696563e+04, 1.000000000000000e-10, 1.874390681637475e+09
146, 5.810139992000000e-01, 5.544325400000000e-02, 2.538541441926378e-01, 0.000000000000000e+00, 0.000000000000000e+00, 4.177917090282238e+04, 1.000000000000000e-10, 1.878786980118868e+09
147, 5.780220176999999e-01, 5.560526350000000e-02, 2.553515872442226e-01, 0.000000000000000e+00, 0.000000000000000e+00, 4.203025885323164e+04, 1.000000000000000e-10, 1.867928756142977e+09
148, 5.750293853000000e-01, 5.575481730000000e-02, 2.579800867153499e-01, 0.000000000000000e+00, 0.000000000000000e+00, 4.246428436099102e+04, 1.000000000000000e-10, 1.848946458333360e+09
149, 5.720365281000001e-01, 5.589982500000000e-02, 2.599741532451360e-01, 0.000000000000000e+00, 0.000000000000000e+00, 4.279815805801457e+04, 1.000000000000000e-10, 1.834938142861679e+09
150, 5.690438169000001e-01, 5.604780920000000e-02, 2.604974519747210e-01, 0.000000000000000e+00, 0.000000000000000e+00, 4.289686171768729e+04, 1.000000000000000e-10, 1.831699526604717e+09
151, 5.660511873000000e-01, 5.619744060000000e-02, 2.593396830111930e-01, 0.000000000000000e+00, 0.000000000000000e+00, 4.272232920832231e+04, 1.000000000000000e-10, 1.840449585611889e+09
152, 5.630585577000000e-01, 5.634707210000000e-02, 2.584394315839299e-01, 0.000000000000000e+00, 0.000000000000000e+00, 4.258787213760533e+04, 1.000000000000000e-10, 1.847359667856642e+09
153, 5.600659280000000e-01, 5.649670360000000e-02, 2.586029304722610e-01, 0.000000000000000e+00, 0.000000000000000e+00, 4.262334180096173e+04, 1.000000000000000e-10, 1.846496326924877e+09
154, 5.570734513000000e-01, 5.664935650000000e-02, 2.586764722590524e-01, 0.000000000000000e+00, 0.000000000000000e+00, 4.264634577015126e+04, 1.000000000000000e-10, 1.846359902319053e+09
155, 5.540810301000000e-01, 5.680309730000000e-02, 2.580872862580774e-01, 0.000000000000000e+00, 0.000000000000000e+00, 4.256202478518298e+04, 1.000000000000000e-10, 1.851012199148923e+09
156, 5.510882624000000e-01, 5.694990830000000e-02, 2.575984399446135e-01, 0.000000000000000e+00, 0.000000000000000e+00, 4.249180272033142e+04, 1.000000000000000e-10, 1.854899024746157e+09
157, 5.480948308000000e-01, 5.708244870000000e-02, 2.591456765625196e-01, 0.000000000000000e+00, 0.000000000000000e+00, 4.274689928067441e+04, 1.000000000000000e-10, 1.843854482888017e+09
158, 5.451008633000000e-01, 5.720233900000000e-02, 2.619318988153592e-01, 0.000000000000000e+00, 0.000000000000000e+00, 4.320604780577830e+04, 1.000000000000000e-10, 1.824225449361109e+09
159, 5.421067085000000e-01, 5.731748330000000e-02, 2.640212625959396e-01, 0.000000000000000e+00, 0.000000000000000e+00, 4.355622106867945e+04, 1.000000000000000e-10, 1.809952000768332e+09
160, 5.391126656000000e-01, 5.743549340000000e-02, 2.645067410455892e-01, 0.000000000000000e+00, 0.000000000000000e+00, 4.364898690456803e+04, 1.000000000000000e-10, 1.807098926965981e+09
161, 5.361186917000000e-01, 5.755525230000000e-02, 2.635740062343160e-01, 0.000000000000000e+00, 0.000000000000000e+00, 4.350956706477822e+04, 1.000000000000000e-10, 1.813992247611938e+09
162, 5.331247178000000e-01, 5.767501130000000e-02, 2.625934003676766e-01, 0.000000000000000e+00, 0.000000000000000e+00, 4.335426553400836e+04, 1.000000000000000e-10, 1.820953109334451e+09
163, 5.301307440000000e-01, 5.779477020000000e-02, 2.627198826267698e-01, 0.000000000000000e+00, 0.000000000000000e+00, 4.337994992747054e+04, 1.000000000000000e-10, 1.820242529583774e+09
164, 5.271368887000000e-01, 5.791744960000000e-02, 2.627781958839864e-01, 0.000000000000000e+00, 0.000000000000000e+00, 4.339891335231267e+04, 1.000000000000000e-10, 1.820161290889832e+09
165, 5.241430848000000e-01, 5.804138270000000e-02, 2.621173405566305e-01, 0.000000000000000e+00, 0.000000000000000e+00, 4.330185313623483e+04, 1.000000000000000e-10, 1.825135404603968e+09
166, 5.211490097000000e-01, 5.815854030000000e-02, 2.615716205768668e-01, 0.000000000000000e+00, 0.000000000000000e+00, 4.322146414029054e+04, 1.000000000000000e-10, 1.829328620920800e+09
167, 5.181544149000000e-01, 5.826150360000000e-02, 2.631503382474505e-01, 0.000000000000000e+00, 0.000000000000000e+00, 4.348178525449756e+04, 1.000000000000000e-10, 1.818360603231034e+09
168, 5.151594046000000e-01, 5.835166060000000e-02, 2.659826482750810e-01, 0.000000000000000e+00, 0.000000000000000e+00, 4.394919763911934e+04, 1.000000000000000e-10, 1.798978070183600e+09
169, 5.121642494000000e-01, 5.843690760000000e-02, 2.680961708156163e-01, 0.000000000000000e+00, 0.000000000000000e+00, 4.430381784305615e+04, 1.000000000000000e-10, 1.784868039254684e+09
170, 5.091691748000000e-01, 5.852492480000000e-02, 2.685792237883220e-01, 0.000000000000000e+00, 0.000000000000000e+00, 4.439591246759449e+04, 1.000000000000000e-10, 1.782126593330259e+09
171, 5.061741541000000e-01, 5.861477540000000e-02, 2.674710257953417e-01, 0.000000000000000e+00, 0.000000000000000e+00, 4.422667210258806e+04, 1.000000000000000e-10, 1.790012611498782e+09
172, 5.031791335000000e-01, 5.870462600000000e-02, 2.664579352434719e-01, 0.000000000000000e+00, 0.000000000000000e+00, 4.406696302347730e+04, 1.000000000000000e-10, 1.797082821475436e+09
173, 5.001841129000000e-01, 5.879447660000000e-02, 2.666943211482646e-01, 0.000000000000000e+00, 0.000000000000000e+00, 4.411175398374905e+04, 1.000000000000000e-10, 1.795629356832496e+09
174, 4.971891791000000e-01, 5.888716460000000e-02, 2.666699448673219e-01, 0.000000000000000e+00, 0.000000000000000e+00, 4.411847708358650e+04, 1.000000000000000e-10, 1.796154228446999e+09
175, 4.941942883000000e-01, 5.898124000000000e-02, 2.658703195215941e-01, 0.000000000000000e+00, 0.000000000000000e+00, 4.399993040037865e+04, 1.000000000000000e-10, 1.802014061398165e+09
176, 4.911991976000000e-01, 5.906866820000000e-02, 2.652317106131755e-01, 0.000000000000000e+00, 0.000000000000000e+00, 4.390495745709765e+04, 1.000000000000000e-10, 1.806775371101808e+09
177, 4.882037299000000e-01, 5.914197000000000e-02, 2.668167056055257e-01, 0.000000000000000e+00, 0.000000000000000e+00, 4.416667464441602e+04, 1.000000000000000e-10, 1.796029405796557e+09
178, 4.852079712000000e-01, 5.920233930000000e-02, 2.697368878343360e-01, 0.000000000000000e+00, 0.000000000000000e+00, 4.464870747800909e+04, 1.000000000000000e-10, 1.776541259792820e+09
179, 4.822121140000000e-01, 5.925766320000000e-02, 2.719415895402401e-01, 0.000000000000000e+00, 0.000000000000000e+00, 4.501828567177142e+04, 1.000000000000000e-10, 1.762246198720446e+09
180, 4.792163079000000e-01, 5.931567380000000e-02, 2.724933903700492e-01, 0.000000000000000e+00, 0.000000000000000e+00, 4.512170568386682e+04, 1.000000000000000e-10, 1.759065303048613e+09
181, 4.762205389000000e-01, 5.937558920000000e-02, 2.713929128329794e-01, 0.000000000000000e+00, 0.000000000000000e+00, 4.495542183847923e+04, 1.000000000000000e-10, 1.766708869949906e+09
182, 4.732247699000000e-01, 5.943550460000000e-02, 2.705717217379880e-01, 0.000000000000000e+00, 0.000000000000000e+00, 4.483050852836877e+04, 1.000000000000000e-10, 1.772471031718327e+09
183, 4.702290009000000e-01, 5.949542000000000e-02, 2.708193029740996e-01, 0.000000000000000e+00, 0.000000000000000e+00, 4.487955067142261e+04, 1.000000000000000e-10, 1.771111310460795e+09
184, 4.672332890000000e-01, 5.955810270000000e-02, 2.708750732261533e-01, 0.000000000000000e+00, 0.000000000000000e+00, 4.489933961796547e+04, 1.000000000000000e-10, 1.771108199016445e+09
185, 4.642376084000000e-01, 5.962228340000000e-02, 2.700735958710803e-01, 0.000000000000000e+00, 0.000000000000000e+00, 4.477869594375340e+04, 1.000000000000000e-10, 1.776762985324815e+09
186, 4.612417964000000e-01, 5.967992670000000e-02, 2.693109306902077e-01, 0.000000000000000e+00, 0.000000000000000e+00, 4.466198324260434e+04, 1.000000000000000e-10, 1.782103820920897e+09
187, 4.582457490000000e-01, 5.972350630000000e-02, 2.707419678815798e-01, 0.000000000000000e+00, 0.000000000000000e+00, 4.489942420057827e+04, 1.000000000000000e-10, 1.772654528651573e+09
188, 4.552495377000000e-01, 5.975405020000000e-02, 2.735927780878203e-01, 0.000000000000000e+00, 0.000000000000000e+00, 4.537385077441073e+04, 1.000000000000000e-10, 1.754225299920781e+09
189, 4.522532772000000e-01, 5.977943380000000e-02, 2.759164842514951e-01, 0.000000000000000e+00, 0.000000000000000e+00, 4.576916445250767e+04, 1.000000000000000e-10, 1.739762670219394e+09
190, 4.492570403000000e-01, 5.980742960000000e-02, 2.767234615242726e-01, 0.000000000000000e+00, 0.000000000000000e+00, 4.592210172308770e+04, 1.000000000000000e-10, 1.735282587778994e+09
191, 4.462608221000000e-01, 5.983739180000000e-02, 2.756593036270284e-01, 0.000000000000000e+00, 0.000000000000000e+00, 4.577005571018765e+04, 1.000000000000000e-10, 1.742784069523585e+09
192, 4.432646038000000e-01, 5.986735400000000e-02, 2.745364197201720e-01, 0.000000000000000e+00, 0.000000000000000e+00, 4.560346526274848e+04, 1.000000000000000e-10, 1.750539399999325e+09
193, 4.402683855000000e-01, 5.989731610000000e-02, 2.741669029698813e-01, 0.000000000000000e+00, 0.000000000000000e+00, 4.555024603772497e+04, 1.000000000000000e-10, 1.753087121487192e+09
194, 4.372721672000000e-01, 5.992727830000000e-02, 2.735343063662233e-01, 0.000000000000000e+00, 0.000000000000000e+00, 4.544176762706010e+04, 1.000000000000000e-10, 1.757034654365515e+09
195, 4.342759490000000e-01, 5.995724050000000e-02, 2.728237864871634e-01, 0.000000000000000e+00, 0.000000000000000e+00, 4.531097247783850e+04, 1.000000000000000e-10, 1.761265159461434e+09
196, 4.312797307000000e-01, 5.998720270000000e-02, 2.729268983222061e-01, 0.000000000000000e+00, 0.000000000000000e+00, 4.531297889126572e+04, 1.000000000000000e-10, 1.760116449292901e+09
197, 4.282835251000000e-01, 6.001838500000000e-02, 2.734669461443198e-01, 0.000000000000000e+00, 0.000000000000000e+00, 4.539683800226239e+04, 1.000000000000000e-10, 1.756427230410931e+09
198, 4.252873570000000e-01, 6.005299780000000e-02, 2.738062228370883e-01, 0.000000000000000e+00, 0.000000000000000e+00, 4.545963946085064e+04, 1.000000000000000e-10, 1.754458383274736e+09
199, 4.222911490000000e-01, 6.008389620000000e-02, 2.735525267557450e-01, 0.000000000000000e+00, 0.000000000000000e+00, 4.543293920786744e+04, 1.000000000000000e-10, 1.756576184039194e+09
200, 4.192948456000000e-01, 6.010304610000000e-02, 2.733146474642631e-01, 0.000000000000000e+00, 0.000000000000000e+00, 4.540942992938405e+04, 1.000000000000000e-10, 1.758656927521183e+09
201, 4.162984826000000e-01, 6.010734210000000e-02, 2.745925600579796e-01, 0.000000000000000e+00, 0.000000000000000e+00, 4.562759365224824e+04, 1.000000000000000e-10, 1.750613864805022e+09
202, 4.133021170000000e-01, 6.010365170000000e-02, 2.768227875864455e-01, 0.000000000000000e+00, 0.000000000000000e+00, 4.600291283067322e+04, 1.000000000000000e-10, 1.736657096839564e+09
203, 4.103057513000000e-01, 6.010004530000000e-02, 2.786422238755553e-01, 0.000000000000000e+00, 0.000000000000000e+00, 4.631523441497855e+04, 1.000000000000000e-10, 1.725622813105150e+09
204, 4.073093833000000e-01, 6.010000000000000e-02, 2.793340666837357e-01, 0.000000000000000e+00, 0.000000000000000e+00, 4.644677579304291e+04, 1.000000000000000e-10, 1.721853512532598e+09
205, 4.043130152000000e-01, 6.010000000000000e-02, 2.786297452256336e-01, 0.000000000000000e+00, 0.000000000000000e+00, 4.634936388241601e+04, 1.000000000000000e-10, 1.726809847085144e+09
206, 4.013166471000000e-01, 6.010000000000000e-02, 2.777955584566955e-01, 0.000000000000000e+00, 0.000000000000000e+00, 4.622645171549516e+04, 1.000000000000000e-10, 1.732483988189847e+09
207, 3.983202790000000e-01, 6.010000000000000e-02, 2.769641047574903e-01, 0.000000000000000e+00, 0.000000000000000e+00, 4.609749005509625e+04, 1.000000000000000e-10, 1.737976337375245e+09
208, 3.953239109000000e-01, 6.010000000000000e-02, 2.757436421604611e-01, 0.000000000000000e+00, 0.000000000000000e+00, 4.589680767025612e+04, 1.000000000000000e-10, 1.745745389276225e+09
209, 3.923275428000000e-01, 6.010000000000000e-02, 2.754600637036436e-01, 0.000000000000000e+00, 0.000000000000000e+00, 4.584578057359471e+04, 1.000000000000000e-10, 1.747422635746504e+09
210, 3.893311748000000e-01, 6.010020870000000e-02, 2.760380591600924e-01, 0.000000000000000e+00, 0.000000000000000e+00, 4.594421178832706e+04, 1.000000000000000e-10, 1.743833318775160e+09
211, 3.863348096000000e-01, 6.010425500000000e-02, 2.763318064646579e-01, 0.000000000000000e+00, 0.000000000000000e+00, 4.600485394204350e+04, 1.000000000000000e-10, 1.742345609159792e+09
212, 3.833384435000000e-01, 6.010740740000000e-02, 2.757839703412451e-01, 0.000000000000000e+00, 0.000000000000000e+00, 4.593245524114420e+04, 1.000000000000000e-10, 1.746394596815836e+09
213, 3.803420834000000e-01, 6.010159540000000e-02, 2.752125370641613e-01, 0.000000000000000e+00, 0.000000000000000e+00, 4.585627756060507e+04, 1.000000000000000e-10, 1.750622479546722e+09
214, 3.773457918000000e-01, 6.008061910000000e-02, 2.765580559055798e-01, 0.000000000000000e+00, 0.000000000000000e+00, 4.609000177708405e+04, 1.000000000000000e-10, 1.742401599614931e+09
215, 3.743495929000000e-01, 6.004884090000000e-02, 2.791584006471991e-01, 0.000000000000000e+00, 0.000000000000000e+00, 4.653316630152274e+04, 1.000000000000000e-10, 1.726468724003615e+09
216, 3.713534236000000e-01, 6.001432620000000e-02, 2.812402818193900e-01, 0.000000000000000e+00, 0.000000000000000e+00, 4.689642857501133e+04, 1.000000000000000e-10, 1.714176329741843e+09
217, 3.683572136000000e-01, 5.998357210000000e-02, 2.818549617789862e-01, 0.000000000000000e+00, 0.000000000000000e+00, 4.702229567160152e+04, 1.000000000000000e-10, 1.711137112441573e+09
218, 3.653609953000000e-01, 5.995361000000000e-02, 2.809870366296256e-01, 0.000000000000000e+00, 0.000000000000000e+00, 4.690350767932810e+04, 1.000000000000000e-10, 1.717236108764838e+09
219, 3.623647770000000e-01, 5.992364780000000e-02, 2.796814214102849e-01, 0.000000000000000e+00, 0.000000000000000e+00, 4.670210331815420e+04, 1.000000000000000e-10, 1.725754686778867e+09
220, 3.593685587000000e-01, 5.989368560000000e-02, 2.789096885277135e-01, 0.000000000000000e+00, 0.000000000000000e+00, 4.657656413294238e+04, 1.000000000000000e-10, 1.730631383969890e+09
221, 3.563723404000000e-01, 5.986372340000000e-02, 2.783791352796764e-01, 0.000000000000000e+00, 0.000000000000000e+00, 4.648209910400832e+04, 1.000000000000000e-10, 1.733749956048782e+09
222, 3.533761221000000e-01, 5.983376120000000e-02, 2.780786745388042e-01, 0.000000000000000e+00, 0.000000000000000e+00, 4.642306214283338e+04, 1.000000000000000e-10, 1.735296004562502e+09
223, 3.503799039000000e-01, 5.980379900000000e-02, 2.782261343309350e-01, 0.000000000000000e+00, 0.000000000000000e+00, 4.644622805252476e+04, 1.000000000000000e-10, 1.734331758769415e+09
224, 3.473836618000000e-01, 5.977636380000000e-02, 2.780623937674683e-01, 0.000000000000000e+00, 0.000000000000000e+00, 4.642804806817121e+04, 1.000000000000000e-10, 1.735657813232005e+09
225, 3.443874030000000e-01, 5.975078450000000e-02, 2.771744876324773e-01, 0.000000000000000e+00, 0.000000000000000e+00, 4.629728935383526e+04, 1.000000000000000e-10, 1.741805158249149e+09
226, 3.413912043000000e-01, 5.971906720000000e-02, 2.763468118344806e-01, 0.000000000000000e+00, 0.000000000000000e+00, 4.617859554060962e+04, 1.000000000000000e-10, 1.747630097062192e+09
227, 3.383951856000000e-01, 5.967355900000000e-02, 2.776736715096891e-01, 0.000000000000000e+00, 0.000000000000000e+00, 4.641192081383824e+04, 1.000000000000000e-10, 1.739547033372494e+09
228, 3.353993970000000e-01, 5.961469410000000e-02, 2.805024315915256e-01, 0.000000000000000e+00, 0.000000000000000e+00, 4.689746177616699e+04, 1.000000000000000e-10, 1.722486187600255e+09
229, 3.324037216000000e-01, 5.955026900000000e-02, 2.828614006383885e-01, 0.000000000000000e+00, 0.000000000000000e+00, 4.731108654488280e+04, 1.000000000000000e-10, 1.708691673109702e+09
230, 3.294079977000000e-01, 5.948816000000000e-02, 2.837078590577068e-01, 0.000000000000000e+00, 0.000000000000000e+00, 4.747855174839727e+04, 1.000000000000000e-10, 1.704357025995962e+09
231, 3.264122288000000e-01, 5.942824460000000e-02, 2.824377366343814e-01, 0.000000000000000e+00, 0.000000000000000e+00, 4.729503311872331e+04, 1.000000000000000e-10, 1.712870666153188e+09
232, 3.234164598000000e-01, 5.936832920000000e-02, 2.810777331272539e-01, 0.000000000000000e+00, 0.000000000000000e+00, 4.708875668000568e+04, 1.000000000000000e-10, 1.721758729062386e+09
233, 3.204206908000000e-01, 5.930841380000000e-02, 2.807983376732569e-01, 0.000000000000000e+00, 0.000000000000000e+00, 4.704763945336473e+04, 1.000000000000000e-10, 1.723643037092355e+09
234, 3.174249218000000e-01, 5.924849840000000e-02, 2.796131115880445e-01, 0.000000000000000e+00, 0.000000000000000e+00, 4.683788015544818e+04, 1.000000000000000e-10, 1.730610203355091e+09
235, 3.144291528000000e-01, 5.918858310000000e-02, 2.783468091770463e-01, 0.000000000000000e+00, 0.000000000000000e+00, 4.660582076955046e+04, 1.000000000000000e-10, 1.737885318347207e+09
236, 3.114333838000000e-01, 5.912866770000000e-02, 2.784147825021426e-01, 0.000000000000000e+00, 0.000000000000000e+00, 4.659562094877704e+04, 1.000000000000000e-10, 1.736800430237853e+09
237, 3.084375946000000e-01, 5.906978170000000e-02, 2.789138552230409e-01, 0.000000000000000e+00, 0.000000000000000e+00, 4.666744013379123e+04, 1.000000000000000e-10, 1.733319424120057e+09
238, 3.054417368000000e-01, 5.901448810000000e-02, 2.792067008306272e-01, 0.000000000000000e+00, 0.000000000000000e+00, 4.671750378256806e+04, 1.000000000000000e-10, 1.731535845428934e+09
239, 3.024459424000000e-01, 5.895589760000000e-02, 2.788413401777244e-01, 0.000000000000000e+00, 0.000000000000000e+00, 4.666758994696994e+04, 1.000000000000000e-10, 1.734183999402233e+09
240, 2.994503937000000e-01, 5.888596610000000e-02, 2.784157184612969e-01, 0.000000000000000e+00, 0.000000000000000e+00, 4.661018011711453e+04, 1.000000000000000e-10, 1.737258237782221e+09
241, 2.964552315000000e-01, 5.880104250000000e-02, 2.795485255059157e-01, 0.000000000000000e+00, 0.000000000000000e+00, 4.680549321782307e+04, 1.000000000000000e-10, 1.730400912063681e+09
242, 2.934603172000000e-01, 5.870772480000000e-02, 2.817003201971641e-01, 0.000000000000000e+00, 0.000000000000000e+00, 4.717230001505484e+04, 1.000000000000000e-10, 1.717378203948027e+09
243, 2.904654134000000e-01, 5.861406570000000e-02, 2.833401935286982e-01, 0.000000000000000e+00, 0.000000000000000e+00, 4.746061555491365e+04, 1.000000000000000e-10, 1.707809667752325e+09
244, 2.874703256000000e-01, 5.852650000000000e-02, 2.836841990837981e-01, 0.000000000000000e+00, 0.000000000000000e+00, 4.754039916835695e+04, 1.000000000000000e-10, 1.706393029599558e+09
245, 2.844751753000000e-01, 5.844108520000000e-02, 2.827562106388511e-01, 0.000000000000000e+00, 0.000000000000000e+00, 4.741274330104209e+04, 1.000000000000000e-10, 1.712825854077622e+09
246, 2.814802001000000e-01, 5.834977820000000e-02, 2.819184157464837e-01, 0.000000000000000e+00, 0.000000000000000e+00, 4.729846339486218e+04, 1.000000000000000e-10, 1.718698320387567e+09
247, 2.784856726000000e-01, 5.824487900000000e-02, 2.829792802657559e-01, 0.000000000000000e+00, 0.000000000000000e+00, 4.749046406284157e+04, 1.000000000000000e-10, 1.712669919859382e+09
248, 2.754916466000000e-01, 5.812646400000000e-02, 2.851857749535844e-01, 0.000000000000000e+00, 0.000000000000000e+00, 4.787130082829196e+04, 1.000000000000000e-10, 1.699755409159316e+09
249, 2.724978541000000e-01, 5.800225460000000e-02, 2.872524706113460e-01, 0.000000000000000e+00, 0.000000000000000e+00, 4.823023720472873e+04, 1.000000000000000e-10, 1.687871402051228e+09
250, 2.695039750000000e-01, 5.788015900000000e-02, 2.883044098994847e-01, 0.000000000000000e+00, 0.000000000000000e+00, 4.842203505327208e+04, 1.000000000000000e-10, 1.682115172061076e+09
251, 2.665100011000000e-01, 5.776040000000000e-02, 2.879833167598374e-01, 0.000000000000000e+00, 0.000000000000000e+00, 4.838629012881743e+04, 1.000000000000000e-10, 1.684510113602410e+09
252, 2.635160273000000e-01, 5.764064110000000e-02, 2.866915564908674e-01, 0.000000000000000e+00, 0.000000000000000e+00, 4.818511998887861e+04, 1.000000000000000e-10, 1.692543869648576e+09
253, 2.605220534000000e-01, 5.752088210000000e-02, 2.856320760683368e-01, 0.000000000000000e+00, 0.000000000000000e+00, 4.801299431499292e+04, 1.000000000000000e-10, 1.698994499899501e+09
254, 2.575280795000000e-01, 5.740112320000000e-02, 2.844775666994686e-01, 0.000000000000000e+00, 0.000000000000000e+00, 4.781519572940092e+04, 1.000000000000000e-10, 1.705780375297670e+09
255, 2.545341057000000e-01, 5.728136420000000e-02, 2.832806426649455e-01, 0.000000000000000e+00, 0.000000000000000e+00, 4.760407761254395e+04, 1.000000000000000e-10, 1.712713519705406e+09
256, 2.515401318000000e-01, 5.716160530000000e-02, 2.828966351655104e-01, 0.000000000000000e+00, 0.000000000000000e+00, 4.752809938188245e+04, 1.000000000000000e-10, 1.714699550696647e+09
257, 2.485461222000000e-01, 5.704274810000000e-02, 2.829572089729092e-01, 0.000000000000000e+00, 0.000000000000000e+00, 4.753656562862356e+04, 1.000000000000000e-10, 1.714250915601926e+09
258, 2.455519687000000e-01, 5.692757100000000e-02, 2.827053940779251e-01, 0.000000000000000e+00, 0.000000000000000e+00, 4.750433333911138e+04, 1.000000000000000e-10, 1.716089094048297e+09
259, 2.425579324000000e-01, 5.680940080000000e-02, 2.818508848873050e-01, 0.000000000000000e+00, 0.000000000000000e+00, 4.737971432438666e+04, 1.000000000000000e-10, 1.721881148122874e+09
260, 2.395643498000000e-01, 5.668030080000000e-02, 2.812289982864090e-01, 0.000000000000000e+00, 0.000000000000000e+00, 4.729529486976688e+04, 1.000000000000000e-10, 1.726291232640630e+09
261, 2.365712773000000e-01, 5.653982940000000e-02, 2.825052020698346e-01, 0.000000000000000e+00, 0.000000000000000e+00, 4.752126448798444e+04, 1.000000000000000e-10, 1.718765959730935e+09
262, 2.335786376000000e-01, 5.639042170000000e-02, 2.847173132590469e-01, 0.000000000000000e+00, 0.000000000000000e+00, 4.790417093179545e+04, 1.000000000000000e-10, 1.705697616110862e+09
263, 2.305864572000000e-01, 5.623208320000000e-02, 2.866410564488648e-01, 0.000000000000000e+00, 0.000000000000000e+00, 4.824011441132553e+04, 1.000000000000000e-10, 1.694708066565922e+09
264, 2.275948873000000e-01, 5.606262990000000e-02, 2.884781610181094e-01, 0.000000000000000e+00, 0.000000000000000e+00, 4.856090296396421e+04, 1.000000000000000e-10, 1.684246054787099e+09
265, 2.246039719000000e-01, 5.588195720000000e-02, 2.908383344591191e-01, 0.000000000000000e+00, 0.000000000000000e+00, 4.897166175920339e+04, 1.000000000000000e-10, 1.670940238429086e+09
266, 2.216132630000000e-01, 5.569788720000000e-02, 2.923017337815516e-01, 0.000000000000000e+00, 0.000000000000000e+00, 4.923478082163199e+04, 1.000000000000000e-10, 1.663037545669623e+09
267, 2.186223396000000e-01, 5.551734040000000e-02, 2.919180879388574e-01, 0.000000000000000e+00, 0.000000000000000e+00, 4.918976029124784e+04, 1.000000000000000e-10, 1.665786882957249e+09
268, 2.156313504000000e-01, 5.533788100000000e-02, 2.895171393594345e-01, 0.000000000000000e+00, 0.000000000000000e+00, 4.880443314536033e+04, 1.000000000000000e-10, 1.680144310971620e+09
269, 2.126403613000000e-01, 5.515842170000000e-02, 2.880008425452117e-01, 0.000000000000000e+00, 0.000000000000000e+00, 4.856129749473726e+04, 1.000000000000000e-10, 1.689318705277527e+09
270, 2.096493686000000e-01, 5.497902140000000e-02, 2.878589369798827e-01, 0.000000000000000e+00, 0.000000000000000e+00, 4.855090015117863e+04, 1.000000000000000e-10, 1.690524126354924e+09
271, 2.066581632000000e-01, 5.480320770000000e-02, 2.876406589932475e-01, 0.000000000000000e+00, 0.000000000000000e+00, 4.853162340221928e+04, 1.000000000000000e-10, 1.692308232900951e+09
272, 2.036669592000000e-01, 5.462737120000000e-02, 2.865518666527203e-01, 0.000000000000000e+00, 0.000000000000000e+00, 4.836712128875314e+04, 1.000000000000000e-10, 1.699276324505100e+09
273, 2.006762392000000e-01, 5.444351370000000e-02, 2.852863415501075e-01, 0.000000000000000e+00, 0.000000000000000e+00, 4.816844781399666e+04, 1.000000000000000e-10, 1.707266883182506e+09
274, 1.976864651000000e-01, 5.424488690000000e-02, 2.855300489142191e-01, 0.000000000000000e+00, 0.000000000000000e+00, 4.821146709458052e+04, 1.000000000000000e-10, 1.705832160901032e+09
275, 1.946974808000000e-01, 5.403467400000000e-02, 2.866046756766609e-01, 0.000000000000000e+00, 0.000000000000000e+00, 4.839115951199681e+04, 1.000000000000000e-10, 1.699400839349563e+09
276, 1.917087537000000e-01, 5.382082320000000e-02, 2.874964400065035e-01, 0.000000000000000e+00, 0.000000000000000e+00, 4.854322352459176e+04, 1.000000000000000e-10, 1.694199598161581e+09
277, 1.887197351000000e-01, 5.361109610000000e-02, 2.876165170633407e-01, 0.000000000000000e+00, 0.000000000000000e+00, 4.857310779231256e+04, 1.000000000000000e-10, 1.693766844630577e+09
278, 1.857303707000000e-01, 5.340634910000000e-02, 2.867703451386703e-01, 0.000000000000000e+00, 0.000000000000000e+00, 4.844841186189428e+04, 1.000000000000000e-10, 1.699287840295543e+09
279, 1.827411789000000e-01, 5.319910420000000e-02, 2.850982623887411e-01, 0.000000000000000e+00, 0.000000000000000e+00, 4.818952345994524e+04, 1.000000000000000e-10, 1.709896803920805e+09
280, 1.797527313000000e-01, 5.298142430000000e-02, 2.837485118096801e-01, 0.000000000000000e+00, 0.000000000000000e+00, 4.798295371092178e+04, 1.000000000000000e-10, 1.718669743916209e+09
281, 1.767651486000000e-01, 5.275215400000000e-02, 2.847678365260545e-01, 0.000000000000000e+00, 0.000000000000000e+00, 4.816607074129916e+04, 1.000000000000000e-10, 1.712844208140930e+09
282, 1.737782598000000e-01, 5.251401450000000e-02, 2.870352594943271e-01, 0.000000000000000e+00, 0.000000000000000e+00, 4.855935943101567e+04, 1.000000000000000e-10, 1.699593815935585e+09
283, 1.707920907000000e-01, 5.226701400000000e-02, 2.886308032362540e-01, 0.000000000000000e+00, 0.000000000000000e+00, 4.884022587117523e+04, 1.000000000000000e-10, 1.690508592757008e+09
284, 1.678068289000000e-01, 5.200929790000000e-02, 2.882724112947654e-01, 0.000000000000000e+00, 0.000000000000000e+00, 4.878955098951225e+04, 1.000000000000000e-10, 1.692878960137223e+09
285, 1.648225830000000e-01, 5.174005310000000e-02, 2.874968197510711e-01, 0.000000000000000e+00, 0.000000000000000e+00, 4.866192169718016e+04, 1.000000000000000e-10, 1.697549829759223e+09
286, 1.618386948000000e-01, 5.146686210000000e-02, 2.876885923945877e-01, 0.000000000000000e+00, 0.000000000000000e+00, 4.869939902482257e+04, 1.000000000000000e-10, 1.696608002602239e+09
287, 1.588544609000000e-01, 5.119748250000000e-02, 2.878982973630989e-01, 0.000000000000000e+00, 0.000000000000000e+00, 4.874672245199847e+04, 1.000000000000000e-10, 1.695709006412524e+09
288, 1.558697631000000e-01, 5.093328530000000e-02, 2.873294093131469e-01, 0.000000000000000e+00, 0.000000000000000e+00, 4.866956270502978e+04, 1.000000000000000e-10, 1.699634509309170e+09
289, 1.528852535000000e-01, 5.066697530000000e-02, 2.857487340428835e-01, 0.000000000000000e+00, 0.000000000000000e+00, 4.842536803646306e+04, 1.000000000000000e-10, 1.709717043338963e+09
290, 1.499016570000000e-01, 5.039064780000000e-02, 2.841054579216637e-01, 0.000000000000000e+00, 0.000000000000000e+00, 4.816797739286740e+04, 1.000000000000000e-10, 1.720198395572675e+09
291, 1.469194872000000e-01, 5.009932340000000e-02, 2.840879549053567e-01, 0.000000000000000e+00, 0.000000000000000e+00, 4.817439725267232e+04, 1.000000000000000e-10, 1.720578792752638e+09
292, 1.439382559000000e-01, 4.979852640000000e-02, 2.850732123178309e-01, 0.000000000000000e+00, 0.000000000000000e+00, 4.834940554564276e+04, 1.000000000000000e-10, 1.714840537932152e+09
293, 1.409571857000000e-01, 4.949613280000000e-02, 2.854256171042309e-01, 0.000000000000000e+00, 0.000000000000000e+00, 4.842169823466422e+04, 1.000000000000000e-10, 1.713034655255745e+09
294, 1.379755682000000e-01, 4.919919110000000e-02, 2.842900882046797e-01, 0.000000000000000e+00, 0.000000000000000e+00, 4.824744906712831e+04, 1.000000000000000e-10, 1.720432174518941e+09
295, 1.349936162000000e-01, 4.890561960000000e-02, 2.816290007986792e-01, 0.000000000000000e+00, 0.000000000000000e+00, 4.781794356069888e+04, 1.000000000000000e-10, 1.737366361312344e+09
296, 1.320121036000000e-01, 4.860762960000000e-02, 2.789351038432275e-01, 0.000000000000000e+00, 0.000000000000000e+00, 4.738093111555707e+04, 1.000000000000000e-10, 1.754778624173292e+09
297, 1.290317925000000e-01, 4.829786950000000e-02, 2.781866816768063e-01, 0.000000000000000e+00, 0.000000000000000e+00, 4.726352092925737e+04, 1.000000000000000e-10, 1.759795660551526e+09
298, 1.260525769000000e-01, 4.797772950000000e-02, 2.788008307821367e-01, 0.000000000000000e+00, 0.000000000000000e+00, 4.737541247640492e+04, 1.000000000000000e-10, 1.756136156474437e+09
299, 1.230743167000000e-01, 4.764882070000000e-02, 2.797200582007878e-01, 0.000000000000000e+00, 0.000000000000000e+00, 4.754075947420690e+04, 1.000000000000000e-10, 1.750662907470063e+09
300, 1.200970366000000e-01, 4.731115450000000e-02, 2.803807868106438e-01, 0.000000000000000e+00, 0.000000000000000e+00, 4.766512836406266e+04, 1.000000000000000e-10, 1.746899880158783e+09
301, 1.171207615000000e-01, 4.696474260000000e-02, 2.807506529223570e-01, 0.000000000000000e+00, 0.000000000000000e+00, 4.774278665847658e+04, 1.000000000000000e-10, 1.745040335264215e+09
302, 1.141455159000000e-01, 4.660959680000000e-02, 2.809090080253141e-01, 0.000000000000000e+00, 0.000000000000000e+00, 4.778621989353999e+04, 1.000000000000000e-10, 1.744537903841383e+09
303, 1.111713243000000e-01, 4.624572950000000e-02, 2.808285688740724e-01, 0.000000000000000e+00, 0.000000000000000e+00, 4.778969749690697e+04, 1.000000000000000e-10, 1.745550182381495e+09
304, 1.081982111000000e-01, 4.587315320000000e-02, 2.805679474975408e-01, 0.000000000000000e+00, 0.000000000000000e+00, 4.776312645064604e+04, 1.000000000000000e-10, 1.747719647541272e+09
305, 1.052262005000000e-01, 4.549188050000000e-02, 2.805284685807632e-01, 0.000000000000000e+00, 0.000000000000000e+00, 4.777627748754888e+04, 1.000000000000000e-10, 1.748560218499880e+09
306, 1.022553168000000e-01, 4.510192450000000e-02, 2.811601907534230e-01, 0.000000000000000e+00, 0.000000000000000e+00, 4.790879104848554e+04, 1.000000000000000e-10, 1.745321532398500e+09
307, 9.928555240000000e-02, 4.470353130000000e-02, 2.821390049727891e-01, 0.000000000000000e+00, 0.000000000000000e+00, 4.810836500007729e+04, 1.000000000000000e-10, 1.740235964444185e+09
308, 9.631645150000000e-02, 4.430022190000000e-02, 2.827842107628280e-01, 0.000000000000000e+00, 0.000000000000000e+00, 4.825803965684838e+04, 1.000000000000000e-10, 1.737432250742509e+09
309, 9.334866629999999e-02, 4.388735710000000e-02, 2.827667267057050e-01, 0.000000000000000e+00, 0.000000000000000e+00, 4.829814199621863e+04, 1.000000000000000e-10, 1.738840617551903e+09
310, 9.038333000000000e-02, 4.345728190000000e-02, 2.825704995797858e-01, 0.000000000000000e+00, 0.000000000000000e+00, 4.830472180867240e+04, 1.000000000000000e-10, 1.741234380175245e+09
311, 8.742106760000000e-02, 4.300650920000000e-02, 2.836269019473306e-01, 0.000000000000000e+00, 0.000000000000000e+00, 4.851290776111632e+04, 1.000000000000000e-10, 1.735530961553078e+09
312, 8.446147179999999e-02, 4.253854550000000e-02, 2.856915642449758e-01, 0.000000000000000e+00, 0.000000000000000e+00, 4.888892517060264e+04, 1.000000000000000e-10, 1.723675188139545e+09
313, 8.150462410000001e-02, 4.205352220000000e-02, 2.876979812645926e-01, 0.000000000000000e+00, 0.000000000000000e+00, 4.925297056934485e+04, 1.000000000000000e-10, 1.712241675813611e+09
314, 7.855061400000000e-02, 4.155150370000000e-02, 2.890448492003049e-01, 0.000000000000000e+00, 0.000000000000000e+00, 4.950379280033245e+04, 1.000000000000000e-10, 1.704826100822178e+09
315, 7.559953120000000e-02, 4.103255620000000e-02, 2.900386181327319e-01, 0.000000000000000e+00, 0.000000000000000e+00, 4.969691244671521e+04, 1.000000000000000e-10, 1.699593179903818e+09
316, 7.265146290000001e-02, 4.049674770000000e-02, 2.912663625084886e-01, 0.000000000000000e+00, 0.000000000000000e+00, 4.993580866971394e+04, 1.000000000000000e-10, 1.693271438442165e+09
317, 6.970648800000000e-02, 3.994418840000000e-02, 2.924518702070341e-01, 0.000000000000000e+00, 0.000000000000000e+00, 5.017431765068696e+04, 1.000000000000000e-10, 1.687375140527622e+09
318, 6.676405530000000e-02, 3.937824060000000e-02, 2.929291724435488e-01, 0.000000000000000e+00, 0.000000000000000e+00, 5.029646142676455e+04, 1.000000000000000e-10, 1.685726505387664e+09
319, 6.382483080000000e-02, 3.879587770000000e-02, 2.924418207604303e-01, 0.000000000000000e+00, 0.000000000000000e+00, 5.025632650491483e+04, 1.000000000000000e-10, 1.689679297659928e+09
320, 6.089039250000000e-02, 3.818988410000000e-02, 2.918835757342582e-01, 0.000000000000000e+00, 0.000000000000000e+00, 5.020325509153513e+04, 1.000000000000000e-10, 1.694092459976938e+09
321, 5.796159620000000e-02, 3.755716460000000e-02, 2.927802152629179e-01, 0.000000000000000e+00, 0.000000000000000e+00, 5.039317474822613e+04, 1.000000000000000e-10, 1.689880394075238e+09
322, 5.503766030000000e-02, 3.690236230000000e-02, 2.944187672632668e-01, 0.000000000000000e+00, 0.000000000000000e+00, 5.070771280145394e+04, 1.000000000000000e-10, 1.681354349640285e+09
323, 5.212020500000000e-02, 3.621928960000000e-02, 2.959168476654558e-01, 0.000000000000000e+00, 0.000000000000000e+00, 5.099687543260353e+04, 1.000000000000000e-10, 1.673682088983113e+09
324, 4.921095930000000e-02, 3.550206810000000e-02, 2.971013607083017e-01, 0.000000000000000e+00, 0.000000000000000e+00, 5.122906241641416e+04, 1.000000000000000e-10, 1.667753546780719e+09
325, 4.630834710000000e-02, 3.475842740000000e-02, 2.978125907600666e-01, 0.000000000000000e+00, 0.000000000000000e+00, 5.137746280168706e+04, 1.000000000000000e-10, 1.664450723485517e+09
326, 4.341443290000000e-02, 3.398167710000000e-02, 2.975558130181072e-01, 0.000000000000000e+00, 0.000000000000000e+00, 5.135817341269732e+04, 1.000000000000000e-10, 1.666507533304711e+09
327, 4.053329480000000e-02, 3.315886600000000e-02, 2.973197646754051e-01, 0.000000000000000e+00, 0.000000000000000e+00, 5.134217662271377e+04, 1.000000000000000e-10, 1.668518331506979e+09
328, 3.766462370000000e-02, 3.229347590000000e-02, 2.981670408349756e-01, 0.000000000000000e+00, 0.000000000000000e+00, 5.151821855883498e+04, 1.000000000000000e-10, 1.664559462871573e+09
329, 3.480664810000000e-02, 3.139349160000000e-02, 3.003092265323585e-01, 0.000000000000000e+00, 0.000000000000000e+00, 5.192351685384639e+04, 1.000000000000000e-10, 1.653597710402325e+09
330, 3.196977470000000e-02, 3.042923390000000e-02, 3.040626520570914e-01, 0.000000000000000e+00, 0.000000000000000e+00, 5.261836821007211e+04, 1.000000000000000e-10, 1.634176607959606e+09
331, 2.916436760000000e-02, 2.937700070000000e-02, 3.096954367774521e-01, 0.000000000000000e+00, 0.000000000000000e+00, 5.365066519545078e+04, 1.000000000000000e-10, 1.605855864617120e+09
332, 2.638083370000000e-02, 2.826801140000000e-02, 3.180589609589301e-01, 0.000000000000000e+00, 0.000000000000000e+00, 5.516740740830385e+04, 1.000000000000000e-10, 1.565196098134276e+09
333, 2.362898530000000e-02, 2.708283520000000e-02, 3.310996508618366e-01, 0.000000000000000e+00, 0.000000000000000e+00, 5.751132281025925e+04, 1.000000000000000e-10, 1.505178324707302e+09
334, 2.092840090000000e-02, 2.578537860000000e-02, 3.486209826413484e-01, 0.000000000000000e+00, 0.000000000000000e+00, 6.065904714308833e+04, 1.000000000000000e-10, 1.431268224778588e+09
335, 1.829564720000000e-02, 2.435529470000000e-02, 3.649366331235657e-01, 0.000000000000000e+00, 0.000000000000000e+00, 6.361766100584809e+04, 1.000000000000000e-10, 1.369543104948862e+09
336, 1.571975790000000e-02, 2.282485310000000e-02, 3.760002279518859e-01, 0.000000000000000e+00, 0.000000000000000e+00, 6.567178990019292e+04, 1.000000000000000e-10, 1.331311403004709e+09
337, 1.319128670000000e-02, 2.121724900000000e-02, 3.837773855296600e-01, 0.000000000000000e+00, 0.000000000000000e+00, 6.716719019503341e+04, 1.000000000000000e-10, 1.306497336082726e+09
338, 1.071855140000000e-02, 1.952532850000000e-02, 3.933192468798449e-01, 0.000000000000000e+00, 0.000000000000000e+00, 6.898580901770300e+04, 1.000000000000000e-10, 1.277026146593951e+09
339, 8.357752600000001e-03, 1.768194770000000e-02, 4.127972972871308e-01, 0.000000000000000e+00, 0.000000000000000e+00, 7.256198211708531e+04, 1.000000000000000e-10, 1.218091751499316e+09
340, 6.234852000000000e-03, 1.557056300000000e-02, 4.400026499975527e-01, 0.000000000000000e+00, 0.000000000000000e+00, 7.750801210242571e+04, 1.000000000000000e-10, 1.143300566204009e+09
341, 4.319046800000000e-03, 1.326691890000000e-02, 4.708161427756831e-01, 0.000000000000000e+00, 0.000000000000000e+00, 8.309017352396371e+04, 1.000000000000000e-10, 1.070084506174813e+09
342, 2.659048500000000e-03, 1.078063400000000e-02, 5.120388892805199e-01, 0.000000000000000e+00, 0.000000000000000e+00, 9.050763336045404e+04, 1.000000000000000e-10, 9.856822067409977e+08
343, 1.585549600000000e-03, 7.986006000000000e-03, 5.487743978390708e-01, 0.000000000000000e+00, 0.000000000000000e+00, 9.710336754734440e+04, 1.000000000000000e-10, 9.204853330928805e+08
344, 7.472436000000000e-04, 5.109934500000000e-03, 5.722837983137814e-01, 0.000000000000000e+00, 0.000000000000000e+00, 1.013255385944150e+05, 1.000000000000000e-10, 8.831110907431875e+08
345, 1.626159000000000e-04, 2.172660000000000e-03, 5.896087846489179e-01, 0.000000000000000e+00, 0.000000000000000e+00, 1.044176614033260e+05, 1.000000000000000e-10, 8.571721409279201e+08
346, 2.551370000000000e-05, -8.154233000000000e-04, 5.975668236329634e-01, 0.000000000000000e+00, 0.000000000000000e+00, 1.058100681752305e+05, 1.000000000000000e-10, 8.447383889424648e+08
347, 4.418631000000000e-04, -3.780176900000000e-03, 5.875808038446254e-01, 0.000000000000000e+00, 0.000000000000000e+00, 1.039879453778455e+05, 1.000000000000000e-10, 8.602298562033321e+08
348, 1.178979700000000e-03, -6.683559600000000e-03, 5.699108483103120e-01, 0.000000000000000e+00, 0.000000000000000e+00, 1.007751716594345e+05, 1.000000000000000e-10, 8.862917898895707e+08
349, 2.119737600000000e-03, -9.527886300000000e-03, 5.441617271386343e-01, 0.000000000000000e+00, 0.000000000000000e+00, 9.610825380260461e+04, 1.000000000000000e-10, 9.273413134355328e+08
350, 3.491510200000000e-03, -1.218239690000000e-02, 5.065254318178402e-01, 0.000000000000000e+00, 0.000000000000000e+00, 8.931066299443656e+04, 1.000000000000000e-10, 9.951564725924770e+08
351, 5.352275100000000e-03, -1.453005090000000e-02, 4.744061423356560e-01, 0.000000000000000e+00, 0.000000000000000e+00, 8.347346612492317e+04, 1.000000000000000e-10, 1.060742388388140e+09
352, 7.355607900000000e-03, -1.675624800000000e-02, 4.486138827355767e-01, 0.000000000000000e+00, 0.000000000000000e+00, 7.875489854939382e+04, 1.000000000000000e-10, 1.119649904256490e+09
353, 9.621932400000000e-03, -1.871350840000000e-02, 4.241820426984199e-01, 0.000000000000000e+00, 0.000000000000000e+00, 7.429918857573054e+04, 1.000000000000000e-10, 1.182614890716089e+09
354, 1.205590760000000e-02, -2.046042230000000e-02, 4.097456457398240e-01, 0.000000000000000e+00, 0.000000000000000e+00, 7.162448775482138e+04, 1.000000000000000e-10, 1.222461147049214e+09
355, 1.455955480000000e-02, -2.210638150000000e-02, 4.011064033170453e-01, 0.000000000000000e+00, 0.000000000000000e+00, 6.997824392447472e+04, 1.000000000000000e-10, 1.246822480968485e+09
356, 1.711312970000000e-02, -2.367378560000000e-02, 3.916946302886369e-01, 0.000000000000000e+00, 0.000000000000000e+00, 6.821222338029066e+04, 1.000000000000000e-10, 1.274898641232319e+09
357, 1.972005420000000e-02, -2.515057360000000e-02, 3.775310851441528e-01, 0.000000000000000e+00, 0.000000000000000e+00, 6.563666067974972e+04, 1.000000000000000e-10, 1.320885001573251e+09
358, 2.239892040000000e-02, -2.649200820000000e-02, 3.594302438551336e-01, 0.000000000000000e+00, 0.000000000000000e+00, 6.239648786097749e+04, 1.000000000000000e-10, 1.385734160323316e+09
359, 2.514218880000000e-02, -2.769671360000000e-02, 3.459078085480066e-01, 0.000000000000000e+00, 0.000000000000000e+00, 5.997626006421891e+04, 1.000000000000000e-10, 1.438797225077478e+09
360, 2.792514050000000e-02, -2.880708720000000e-02, 3.393661164110446e-01, 0.000000000000000e+00, 0.000000000000000e+00, 5.878135268166109e+04, 1.000000000000000e-10, 1.465301485108340e+09
361, 3.072579640000000e-02, -2.987219160000000e-02, 3.369576744794737e-01, 0.000000000000000e+00, 0.000000000000000e+00, 5.830914134618421e+04, 1.000000000000000e-10, 1.474641850254579e+09
362, 3.355101120000000e-02, -3.087007190000000e-02, 3.363421908352355e-01, 0.000000000000000e+00, 0.000000000000000e+00, 5.815583275241887e+04, 1.000000000000000e-10, 1.476393637270241e+09
363, 3.640010390000000e-02, -3.179774150000000e-02, 3.353158183554728e-01, 0.000000000000000e+00, 0.000000000000000e+00, 5.794001521221250e+04, 1.000000000000000e-10, 1.480142000026510e+09
364, 3.926405390000000e-02, -3.267859480000000e-02, 3.332999425167134e-01, 0.000000000000000e+00, 0.000000000000000e+00, 5.756008782921612e+04, 1.000000000000000e-10, 1.488428790878149e+09
365, 4.213857070000000e-02, -3.352425530000000e-02, 3.307735552617034e-01, 0.000000000000000e+00, 0.000000000000000e+00, 5.709563219430578e+04, 1.000000000000000e-10, 1.499231668644974e+09
366, 4.502736230000000e-02, -3.431981760000000e-02, 3.283233628114115e-01, 0.000000000000000e+00, 0.000000000000000e+00, 5.664763070254950e+04, 1.000000000000000e-10, 1.509885663355262e+09
367, 4.792660680000000e-02, -3.507646140000000e-02, 3.265874061692953e-01, 0.000000000000000e+00, 0.000000000000000e+00, 5.632488432250484e+04, 1.000000000000000e-10, 1.517401489199980e+09
368, 5.083275460000000e-02, -3.580616600000000e-02, 3.260477717320278e-01, 0.000000000000000e+00, 0.000000000000000e+00, 5.620732212338250e+04, 1.000000000000000e-10, 1.519424058301061e+09
369, 5.374765330000000e-02, -3.650004220000000e-02, 3.269729430495095e-01, 0.000000000000000e+00, 0.000000000000000e+00, 5.633786563486554e+04, 1.000000000000000e-10, 1.514490732939457e+09
370, 5.666961100000000e-02, -3.716362050000000e-02, 3.279319245538324e-01, 0.000000000000000e+00, 0.000000000000000e+00, 5.647377668178607e+04, 1.000000000000000e-10, 1.509413796495516e+09
371, 5.959522020000000e-02, -3.781094180000000e-02, 3.277511454583080e-01, 0.000000000000000e+00, 0.000000000000000e+00, 5.641406188076879e+04, 1.000000000000000e-10, 1.509608046008044e+09
372, 6.252243709999999e-02, -3.845095230000000e-02, 3.260828244797385e-01, 0.000000000000000e+00, 0.000000000000000e+00, 5.609893996534567e+04, 1.000000000000000e-10, 1.516729737571841e+09
373, 6.545274740000000e-02, -3.907663200000000e-02, 3.230941548829896e-01, 0.000000000000000e+00, 0.000000000000000e+00, 5.555739436688470e+04, 1.000000000000000e-10, 1.530144925473229e+09
374, 6.838760620000001e-02, -3.968059320000000e-02, 3.197654751265034e-01, 0.000000000000000e+00, 0.000000000000000e+00, 5.495843751007702e+04, 1.000000000000000e-10, 1.545455839307467e+09
375, 7.132826930000000e-02, -4.025560110000000e-02, 3.172292442122121e-01, 0.000000000000000e+00, 0.000000000000000e+00, 5.449748358630043e+04, 1.000000000000000e-10, 1.557223032973240e+09
376, 7.427458960000000e-02, -4.080090600000000e-02, 3.154457445075176e-01, 0.000000000000000e+00, 0.000000000000000e+00, 5.416611489857797e+04, 1.000000000000000e-10, 1.565441850327085e+09
377, 7.722505590000001e-02, -4.132334090000000e-02, 3.142668184729576e-01, 0.000000000000000e+00, 0.000000000000000e+00, 5.394342170035615e+04, 1.000000000000000e-10, 1.570833202356984e+09
378, 8.017823220000000e-02, -4.183025210000000e-02, 3.147100032070064e-01, 0.000000000000000e+00, 0.000000000000000e+00, 5.400261914910564e+04, 1.000000000000000e-10, 1.568241769389748e+09
379, 8.313435769999999e-02, -4.231964410000000e-02, 3.173870469375225e-01, 0.000000000000000e+00, 0.000000000000000e+00, 5.444692918292302e+04, 1.000000000000000e-10, 1.554674260430699e+09
380, 8.609333900000000e-02, -4.279148640000000e-02, 3.198825690346571e-01, 0.000000000000000e+00, 0.000000000000000e+00, 5.486549560281139e+04, 1.000000000000000e-10, 1.542326992970630e+09
381, 8.905390220000001e-02, -4.325331250000000e-02, 3.211358130160061e-01, 0.000000000000000e+00, 0.000000000000000e+00, 5.507548846602917e+04, 1.000000000000000e-10, 1.536168171304662e+09
382, 9.201521220000000e-02, -4.371032730000000e-02, 3.217479596405711e-01, 0.000000000000000e+00, 0.000000000000000e+00, 5.517857779655598e+04, 1.000000000000000e-10, 1.533202541388125e+09
383, 9.497777180000000e-02, -4.415916550000000e-02, 3.228872261485796e-01, 0.000000000000000e+00, 0.000000000000000e+00, 5.537351040822144e+04, 1.000000000000000e-10, 1.527787763371789e+09
384, 9.794161960000000e-02, -4.459941640000000e-02, 3.244634799371657e-01, 0.000000000000000e+00, 0.000000000000000e+00, 5.563666811248097e+04, 1.000000000000000e-10, 1.520206041359374e+09
385, 1.009067324000000e-01, -4.503106510000000e-02, 3.246673407524192e-01, 0.000000000000000e+00, 0.000000000000000e+00, 5.565674631843870e+04, 1.000000000000000e-10, 1.518917940527208e+09
386, 1.038730870000000e-01, -4.545409720000000e-02, 3.235415564846446e-01, 0.000000000000000e+00, 0.000000000000000e+00, 5.544142586778590e+04, 1.000000000000000e-10, 1.523680770694779e+09
387, 1.068406597000000e-01, -4.586849830000000e-02, 3.217575383893338e-01, 0.000000000000000e+00, 0.000000000000000e+00, 5.510849272858190e+04, 1.000000000000000e-10, 1.531511390374396e+09
388, 1.098094267000000e-01, -4.627425440000000e-02, 3.199697007363439e-01, 0.000000000000000e+00, 0.000000000000000e+00, 5.477289214799234e+04, 1.000000000000000e-10, 1.539398671584450e+09
389, 1.127793642000000e-01, -4.667135170000000e-02, 3.184410496936214e-01, 0.000000000000000e+00, 0.000000000000000e+00, 5.448135561009694e+04, 1.000000000000000e-10, 1.546096626759584e+09
390, 1.157504483000000e-01, -4.705977670000000e-02, 3.171550662402799e-01, 0.000000000000000e+00, 0.000000000000000e+00, 5.423209141903621e+04, 1.000000000000000e-10, 1.551711980780893e+09
391, 1.187226550000000e-01, -4.743951610000000e-02, 3.160150125103062e-01, 0.000000000000000e+00, 0.000000000000000e+00, 5.400910822068842e+04, 1.000000000000000e-10, 1.556649959529770e+09
392, 1.216959602000000e-01, -4.781055690000000e-02, 3.149477445190154e-01, 0.000000000000000e+00, 0.000000000000000e+00, 5.379987230026567e+04, 1.000000000000000e-10, 1.561287224542937e+09
393, 1.246703396000000e-01, -4.817288640000000e-02, 3.139351033089433e-01, 0.000000000000000e+00, 0.000000000000000e+00, 5.360059200137459e+04, 1.000000000000000e-10, 1.565704557364524e+09
394, 1.276457687000000e-01, -4.852649220000000e-02, 3.129499138048628e-01, 0.000000000000000e+00, 0.000000000000000e+00, 5.340547494651563e+04, 1.000000000000000e-10, 1.569987264517009e+09
395, 1.306222230000000e-01, -4.887136210000000e-02, 3.119000136433571e-01, 0.000000000000000e+00, 0.000000000000000e+00, 5.319754735847764e+04, 1.000000000000000e-10, 1.574571327268706e+09
396, 1.335996778000000e-01, -4.920748410000000e-02, 3.108406543805892e-01, 0.000000000000000e+00, 0.000000000000000e+00, 5.298563922508720e+04, 1.000000000000000e-10, 1.579147562619777e+09
397, 1.365781084000000e-01, -4.953484670000000e-02, 3.101237048338442e-01, 0.000000000000000e+00, 0.000000000000000e+00, 5.283029066167968e+04, 1.000000000000000e-10, 1.581987222885249e+09
398, 1.395574899000000e-01, -4.985343850000000e-02, 3.097289906430591e-01, 0.000000000000000e+00, 0.000000000000000e+00, 5.273070547398147e+04, 1.000000000000000e-10, 1.583209395912638e+09
399, 1.425377974000000e-01, -5.016324850000000e-02, 3.087059406074252e-01, 0.000000000000000e+00, 0.000000000000000e+00, 5.252920712151405e+04, 1.000000000000000e-10, 1.587827698660958e+09
400, 1.455190058000000e-01, -5.046426590000000e-02, 3.067707877332049e-01, 0.000000000000000e+00, 0.000000000000000e+00, 5.218082778392048e+04, 1.000000000000000e-10, 1.597365959402563e+09
401, 1.485010900000000e-01, -5.075648020000000e-02, 3.051286880356277e-01, 0.000000000000000e+00, 0.000000000000000e+00, 5.189056891686941e+04, 1.000000000000000e-10, 1.605690708903422e+09
402, 1.514841115000000e-01, -5.103895140000000e-02, 3.055807084641464e-01, 0.000000000000000e+00, 0.000000000000000e+00, 5.196192890388972e+04, 1.000000000000000e-10, 1.603176484063261e+09
403, 1.544682859000000e-01, -5.130898220000000e-02, 3.089199518243975e-01, 0.000000000000000e+00, 0.000000000000000e+00, 5.251954897949512e+04, 1.000000000000000e-10, 1.585612466249723e+09
404, 1.574529831000000e-01, -5.157318600000000e-02, 3.122174970613597e-01, 0.000000000000000e+00, 0.000000000000000e+00, 5.306974834478420e+04, 1.000000000000000e-10, 1.568613885464046e+09
405, 1.604374954000000e-01, -5.183946610000000e-02, 3.135915476900843e-01, 0.000000000000000e+00, 0.000000000000000e+00, 5.329476424910371e+04, 1.000000000000000e-10, 1.561469690092044e+09
406, 1.634214633000000e-01, -5.211178220000000e-02, 3.131348910997443e-01, 0.000000000000000e+00, 0.000000000000000e+00, 5.321135914642855e+04, 1.000000000000000e-10, 1.563607518545391e+09
407, 1.664054524000000e-01, -5.238386490000000e-02, 3.118313083414474e-01, 0.000000000000000e+00, 0.000000000000000e+00, 5.298540938961429e+04, 1.000000000000000e-10, 1.570028194253364e+09
408, 1.693901711000000e-01, -5.264780400000000e-02, 3.113039732360215e-01, 0.000000000000000e+00, 0.000000000000000e+00, 5.288896791397910e+04, 1.000000000000000e-10, 1.572554563858411e+09
409, 1.723759785000000e-01, -5.289913550000000e-02, 3.105462297158630e-01, 0.000000000000000e+00, 0.000000000000000e+00, 5.274552807042379e+04, 1.000000000000000e-10, 1.576043068906703e+09
410, 1.753625325000000e-01, -5.314143690000000e-02, 3.079167781932163e-01, 0.000000000000000e+00, 0.000000000000000e+00, 5.228181124816756e+04, 1.000000000000000e-10, 1.589076197153115e+09
411, 1.783497926000000e-01, -5.337487290000000e-02, 3.047772859905536e-01, 0.000000000000000e+00, 0.000000000000000e+00, 5.173135064919438e+04, 1.000000000000000e-10, 1.605005019832704e+09
412, 1.813377897000000e-01, -5.359866430000000e-02, 3.032610613551034e-01, 0.000000000000000e+00, 0.000000000000000e+00, 5.145622228899736e+04, 1.000000000000000e-10, 1.612573893034103e+09
413, 1.843267059000000e-01, -5.380983240000000e-02, 3.048647794657773e-01, 0.000000000000000e+00, 0.000000000000000e+00, 5.170471310040618e+04, 1.000000000000000e-10, 1.603471999894216e+09
414, 1.873160581000000e-01, -5.401475910000000e-02, 3.071500808389528e-01, 0.000000000000000e+00, 0.000000000000000e+00, 5.207243508072346e+04, 1.000000000000000e-10, 1.591044932968690e+09
415, 1.903052907000000e-01, -5.422141550000000e-02, 3.083672765082976e-01, 0.000000000000000e+00, 0.000000000000000e+00, 5.226813276770504e+04, 1.000000000000000e-10, 1.584464664813076e+09
416, 1.932940919000000e-01, -5.443422470000000e-02, 3.084335846329651e-01, 0.000000000000000e+00, 0.000000000000000e+00, 5.227931566761321e+04, 1.000000000000000e-10, 1.584141415162208e+09
417, 1.962828856000000e-01, -5.464713860000000e-02, 3.082277379662138e-01, 0.000000000000000e+00, 0.000000000000000e+00, 5.225439103303066e+04, 1.000000000000000e-10, 1.585483994569834e+09
418, 1.992722277000000e-01, -5.485218440000000e-02, 3.093853311740646e-01, 0.000000000000000e+00, 0.000000000000000e+00, 5.246477448245946e+04, 1.000000000000000e-10, 1.579900144991351e+09
419, 2.022625407000000e-01, -5.504252520000000e-02, 3.121451102821379e-01, 0.000000000000000e+00, 0.000000000000000e+00, 5.294058280587286e+04, 1.000000000000000e-10, 1.566111329300492e+09
420, 2.052535799000000e-01, -5.522113260000000e-02, 3.143113233413196e-01, 0.000000000000000e+00, 0.000000000000000e+00, 5.331220554968981e+04, 1.000000000000000e-10, 1.555409464794559e+09
421, 2.082448433000000e-01, -5.539596050000000e-02, 3.153477062017561e-01, 0.000000000000000e+00, 0.000000000000000e+00, 5.349114334067662e+04, 1.000000000000000e-10, 1.550325604823180e+09
422, 2.112359078000000e-01, -5.557415450000000e-02, 3.161710820768159e-01, 0.000000000000000e+00, 0.000000000000000e+00, 5.363411854717525e+04, 1.000000000000000e-10, 1.546408091027097e+09
423, 2.142268969000000e-01, -5.575361380000000e-02, 3.181744652957764e-01, 0.000000000000000e+00, 0.000000000000000e+00, 5.397571850798516e+04, 1.000000000000000e-10, 1.536732855225769e+09
424, 2.172178860000000e-01, -5.593307320000000e-02, 3.205084128468416e-01, 0.000000000000000e+00, 0.000000000000000e+00, 5.436674303356580e+04, 1.000000000000000e-10, 1.525449097918499e+09
425, 2.202088738000000e-01, -5.611255380000000e-02, 3.203273470831037e-01, 0.000000000000000e+00, 0.000000000000000e+00, 5.432815730169165e+04, 1.000000000000000e-10, 1.526130388544495e+09
426, 2.231996539000000e-01, -5.629546030000000e-02, 3.180320904920634e-01, 0.000000000000000e+00, 0.000000000000000e+00, 5.392999344130918e+04, 1.000000000000000e-10, 1.536939999591824e+09
427, 2.261904122000000e-01, -5.647872410000000e-02, 3.148285980670415e-01, 0.000000000000000e+00, 0.000000000000000e+00, 5.337629010056005e+04, 1.000000000000000e-10, 1.552329596629359e+09
428, 2.291816271000000e-01, -5.665434720000000e-02, 3.126766226161680e-01, 0.000000000000000e+00, 0.000000000000000e+00, 5.299597083669482e+04, 1.000000000000000e-10, 1.562605708770872e+09
429, 2.321736636000000e-01, -5.681534020000000e-02, 3.122086885800508e-01, 0.000000000000000e+00, 0.000000000000000e+00, 5.288798204054313e+04, 1.000000000000000e-10, 1.564300838290154e+09
430, 2.351663232000000e-01, -5.696435160000000e-02, 3.125149986212371e-01, 0.000000000000000e+00, 0.000000000000000e+00, 5.290383241833059e+04, 1.000000000000000e-10, 1.561896538368991e+09
431, 2.381591812000000e-01, -5.710934150000000e-02, 3.126485415941309e-01, 0.000000000000000e+00, 0.000000000000000e+00, 5.288927314955083e+04, 1.000000000000000e-10, 1.560289776866550e+09
432, 2.411518497000000e-01, -5.725817950000000e-02, 3.115130565850546e-01, 0.000000000000000e+00, 0.000000000000000e+00, 5.266456821998277e+04, 1.000000000000000e-10, 1.565183152505934e+09
433, 2.441442544000000e-01, -5.741224130000000e-02, 3.092574713342029e-01, 0.000000000000000e+00, 0.000000000000000e+00, 5.225628936591992e+04, 1.000000000000000e-10, 1.575933199639575e+09
434, 2.471367698000000e-01, -5.756413020000000e-02, 3.068109440270983e-01, 0.000000000000000e+00, 0.000000000000000e+00, 5.182036714401976e+04, 1.000000000000000e-10, 1.587922782549612e+09
435, 2.501297829000000e-01, -5.770582350000000e-02, 3.057272978649945e-01, 0.000000000000000e+00, 0.000000000000000e+00, 5.161296132047606e+04, 1.000000000000000e-10, 1.592934713495547e+09
436, 2.531234770000000e-01, -5.783232400000000e-02, 3.063664895211965e-01, 0.000000000000000e+00, 0.000000000000000e+00, 5.168478598456901e+04, 1.000000000000000e-10, 1.588728489065147e+09
437, 2.561175599000000e-01, -5.794931300000000e-02, 3.069170006068452e-01, 0.000000000000000e+00, 0.000000000000000e+00, 5.173947220890597e+04, 1.000000000000000e-10, 1.584920108965399e+09
438, 2.591117003000000e-01, -5.806482750000000e-02, 3.064508260940857e-01, 0.000000000000000e+00, 0.000000000000000e+00, 5.162815750723875e+04, 1.000000000000000e-10, 1.586487074401369e+09
439, 2.621056177000000e-01, -5.818597470000000e-02, 3.049900129303771e-01, 0.000000000000000e+00, 0.000000000000000e+00, 5.135775047194544e+04, 1.000000000000000e-10, 1.593467689682855e+09
440, 2.650994034000000e-01, -5.831034790000000e-02, 3.029046368868308e-01, 0.000000000000000e+00, 0.000000000000000e+00, 5.099051014665696e+04, 1.000000000000000e-10, 1.604054645297647e+09
441, 2.680933813000000e-01, -5.842997970000000e-02, 3.009726359842124e-01, 0.000000000000000e+00, 0.000000000000000e+00, 5.065325686101798e+04, 1.000000000000000e-10, 1.614037213925052e+09
442, 2.710878355000000e-01, -5.853695520000000e-02, 3.001698170999428e-01, 0.000000000000000e+00, 0.000000000000000e+00, 5.050342724823437e+04, 1.000000000000000e-10, 1.617945452528170e+09
443, 2.740827683000000e-01, -5.862963070000000e-02, 3.010102413848851e-01, 0.000000000000000e+00, 0.000000000000000e+00, 5.061869054408412e+04, 1.000000000000000e-10, 1.612749650307980e+09
444, 2.770779096000000e-01, -5.871535910000000e-02, 3.017528643748483e-01, 0.000000000000000e+00, 0.000000000000000e+00, 5.071614891083771e+04, 1.000000000000000e-10, 1.608067388044688e+09
445, 2.800730188000000e-01, -5.880219320000000e-02, 3.011935814111543e-01, 0.000000000000000e+00, 0.000000000000000e+00, 5.060026529109447e+04, 1.000000000000000e-10, 1.610432536752659e+09
446, 2.830679396000000e-01, -5.889530050000000e-02, 2.994043031917790e-01, 0.000000000000000e+00, 0.000000000000000e+00, 5.028562250608085e+04, 1.000000000000000e-10, 1.619696235534742e+09
447, 2.860628383000000e-01, -5.898912130000000e-02, 2.972226902666503e-01, 0.000000000000000e+00, 0.000000000000000e+00, 4.991198308507191e+04, 1.000000000000000e-10, 1.631437539682294e+09
448, 2.890579563000000e-01, -5.907560330000000e-02, 2.961868146687907e-01, 0.000000000000000e+00, 0.000000000000000e+00, 4.973130663102301e+04, 1.000000000000000e-10, 1.636971188446443e+09
449, 2.920534568000000e-01, -5.914755270000000e-02, 2.966645454239566e-01, 0.000000000000000e+00, 0.000000000000000e+00, 4.979528821013588e+04, 1.000000000000000e-10, 1.633860315649210e+09
450, 2.950492307000000e-01, -5.920717250000000e-02, 2.968607703892504e-01, 0.000000000000000e+00, 0.000000000000000e+00, 4.981009438167854e+04, 1.000000000000000e-10, 1.632297736949874e+09
451, 2.980450890000000e-01, -5.926243910000000e-02, 2.963724952373732e-01, 0.000000000000000e+00, 0.000000000000000e+00, 4.971380502368413e+04, 1.000000000000000e-10, 1.634599378380350e+09
452, 3.010408880000000e-01, -5.932081780000000e-02, 2.960466578512733e-01, 0.000000000000000e+00, 0.000000000000000e+00, 4.965051152475952e+04, 1.000000000000000e-10, 1.636180545371162e+09
453, 3.040366569000000e-01, -5.938073310000000e-02, 2.972320879999816e-01, 0.000000000000000e+00, 0.000000000000000e+00, 4.984387809040667e+04, 1.000000000000000e-10, 1.629508988008733e+09
454, 3.070324259000000e-01, -5.944064850000000e-02, 2.993453640769808e-01, 0.000000000000000e+00, 0.000000000000000e+00, 5.018894971231691e+04, 1.000000000000000e-10, 1.617773107829214e+09
455, 3.100281949000000e-01, -5.950056430000000e-02, 2.996323935031304e-01, 0.000000000000000e+00, 0.000000000000000e+00, 5.022893972636195e+04, 1.000000000000000e-10, 1.616008553065891e+09
456, 3.130238981000000e-01, -5.956366740000000e-02, 2.982287137194357e-01, 0.000000000000000e+00, 0.000000000000000e+00, 4.998896786273923e+04, 1.000000000000000e-10, 1.623490261085027e+09
457, 3.160195838000000e-01, -5.962760330000000e-02, 2.960858801786898e-01, 0.000000000000000e+00, 0.000000000000000e+00, 4.962753561539813e+04, 1.000000000000000e-10, 1.635138283923408e+09
458, 3.190154135000000e-01, -5.968430950000000e-02, 2.950416813252721e-01, 0.000000000000000e+00, 0.000000000000000e+00, 4.944742482363179e+04, 1.000000000000000e-10, 1.640821358942216e+09
459, 3.220114804000000e-01, -5.972653310000000e-02, 2.957782575211837e-01, 0.000000000000000e+00, 0.000000000000000e+00, 4.955463205336312e+04, 1.000000000000000e-10, 1.636327461152900e+09
460, 3.250076994000000e-01, -5.975631740000000e-02, 2.964733909102040e-01, 0.000000000000000e+00, 0.000000000000000e+00, 4.965342844189765e+04, 1.000000000000000e-10, 1.632014047817083e+09
461, 3.280039605000000e-01, -5.978163410000000e-02, 2.963826086830384e-01, 0.000000000000000e+00, 0.000000000000000e+00, 4.962596929917792e+04, 1.000000000000000e-10, 1.632125217892868e+09
462, 3.310001939000000e-01, -5.981000190000000e-02, 2.960744964026573e-01, 0.000000000000000e+00, 0.000000000000000e+00, 4.957023040382667e+04, 1.000000000000000e-10, 1.633711412960349e+09
463, 3.339964122000000e-01, -5.983996410000000e-02, 2.971666735100140e-01, 0.000000000000000e+00, 0.000000000000000e+00, 4.975552896999269e+04, 1.000000000000000e-10, 1.627749204281374e+09
464, 3.369926304000000e-01, -5.986992630000000e-02, 2.993884223978161e-01, 0.000000000000000e+00, 0.000000000000000e+00, 5.013004620028665e+04, 1.000000000000000e-10, 1.615775303698319e+09
465, 3.399888487000000e-01, -5.989988850000000e-02, 2.998816275254001e-01, 0.000000000000000e+00, 0.000000000000000e+00, 5.021223463408318e+04, 1.000000000000000e-10, 1.613107483567044e+09
466, 3.429850337000000e-01, -5.993297570000000e-02, 2.989130932848544e-01, 0.000000000000000e+00, 0.000000000000000e+00, 5.005104230873450e+04, 1.000000000000000e-10, 1.618401415176024e+09
467, 3.459812085000000e-01, -5.996700070000000e-02, 2.970869743825839e-01, 0.000000000000000e+00, 0.000000000000000e+00, 4.974778585983659e+04, 1.000000000000000e-10, 1.628416931300209e+09
468, 3.489774541000000e-01, -5.999389510000000e-02, 2.959099180394859e-01, 0.000000000000000e+00, 0.000000000000000e+00, 4.955073298959192e+04, 1.000000000000000e-10, 1.634865136293299e+09
469, 3.519737926000000e-01, -6.000635760000000e-02, 2.961792418117944e-01, 0.000000000000000e+00, 0.000000000000000e+00, 4.958464697207345e+04, 1.000000000000000e-10, 1.633048237148051e+09
470, 3.549701596000000e-01, -6.000628710000000e-02, 2.972230679794410e-01, 0.000000000000000e+00, 0.000000000000000e+00, 4.974281972328515e+04, 1.000000000000000e-10, 1.626867807519220e+09
471, 3.579665241000000e-01, -6.000164710000000e-02, 2.981010133546932e-01, 0.000000000000000e+00, 0.000000000000000e+00, 4.987402316687980e+04, 1.000000000000000e-10, 1.621658512708680e+09
472, 3.609628912000000e-01, -6.000041890000000e-02, 2.977105783784467e-01, 0.000000000000000e+00, 0.000000000000000e+00, 4.979931978246752e+04, 1.000000000000000e-10, 1.623534035505928e+09
473, 3.639592561000000e-01, -6.000473460000000e-02, 2.961721975900991e-01, 0.000000000000000e+00, 0.000000000000000e+00, 4.954046715066821e+04, 1.000000000000000e-10, 1.631925854742936e+09
474, 3.669556225000000e-01, -6.000736450000000e-02, 2.943562850584204e-01, 0.000000000000000e+00, 0.000000000000000e+00, 4.924153216190585e+04, 1.000000000000000e-10, 1.642123164141149e+09
475, 3.699519795000000e-01, -6.000023780000000e-02, 2.937882813818937e-01, 0.000000000000000e+00, 0.000000000000000e+00, 4.915119195294689e+04, 1.000000000000000e-10, 1.645426657231647e+09
476, 3.729482611000000e-01, -5.997784780000000e-02, 2.948693781344790e-01, 0.000000000000000e+00, 0.000000000000000e+00, 4.932736401634524e+04, 1.000000000000000e-10, 1.639260866505905e+09
477, 3.759444535000000e-01, -5.994544400000000e-02, 2.958738994180045e-01, 0.000000000000000e+00, 0.000000000000000e+00, 4.948905469160873e+04, 1.000000000000000e-10, 1.633522299291768e+09
478, 3.789406246000000e-01, -5.991109540000000e-02, 2.958888812611618e-01, 0.000000000000000e+00, 0.000000000000000e+00, 4.948924911847897e+04, 1.000000000000000e-10, 1.633333482994945e+09
479, 3.819368521000000e-01, -5.988214390000000e-02, 2.949384809720818e-01, 0.000000000000000e+00, 0.000000000000000e+00, 4.933434870537090e+04, 1.000000000000000e-10, 1.638754964157843e+09
480, 3.849331132000000e-01, -5.985683420000000e-02, 2.933952101332643e-01, 0.000000000000000e+00, 0.000000000000000e+00, 4.908541764754778e+04, 1.000000000000000e-10, 1.647691151217325e+09
481, 3.879293339000000e-01, -5.982721620000000e-02, 2.920768887578751e-01, 0.000000000000000e+00, 0.000000000000000e+00, 4.887321877774555e+04, 1.000000000000000e-10, 1.655360710787579e+09
482, 3.909254052000000e-01, -5.978530220000000e-02, 2.920531231720968e-01, 0.000000000000000e+00, 0.000000000000000e+00, 4.886840114599997e+04, 1.000000000000000e-10, 1.655430512641286e+09
483, 3.939212391000000e-01, -5.972882000000000e-02, 2.938545848969400e-01, 0.000000000000000e+00, 0.000000000000000e+00, 4.914861407433855e+04, 1.000000000000000e-10, 1.644730781165905e+09
484, 3.969169262000000e-01, -5.966494890000000e-02, 2.954864971365597e-01, 0.000000000000000e+00, 0.000000000000000e+00, 4.938655264966605e+04, 1.000000000000000e-10, 1.634695421636964e+09
485, 3.999126274000000e-01, -5.960175120000000e-02, 2.960546754456953e-01, 0.000000000000000e+00, 0.000000000000000e+00, 4.943899464889064e+04, 1.000000000000000e-10, 1.630321021406820e+09
486, 4.029083963000000e-01, -5.954183210000000e-02, 2.963352583066099e-01, 0.000000000000000e+00, 0.000000000000000e+00, 4.943962984332623e+04, 1.000000000000000e-10, 1.627562079149153e+09
487, 4.059041653000000e-01, -5.948191670000000e-02, 2.978378291324006e-01, 0.000000000000000e+00, 0.000000000000000e+00, 4.964005580793542e+04, 1.000000000000000e-10, 1.618020096262580e+09
488, 4.088999342000000e-01, -5.942200130000000e-02, 3.003460008381840e-01, 0.000000000000000e+00, 0.000000000000000e+00, 5.000507455165185e+04, 1.000000000000000e-10, 1.603110665513458e+09
489, 4.118957316000000e-01, -5.936354160000000e-02, 3.009674395308504e-01, 0.000000000000000e+00, 0.000000000000000e+00, 5.006431200950939e+04, 1.000000000000000e-10, 1.598623774700045e+09
490, 4.148915900000000e-01, -5.930827980000000e-02, 2.997295138225063e-01, 0.000000000000000e+00, 0.000000000000000e+00, 4.982589128348378e+04, 1.000000000000000e-10, 1.604365472885089e+09
491, 4.178873672000000e-01, -5.924882410000000e-02, 2.977157773751655e-01, 0.000000000000000e+00, 0.000000000000000e+00, 4.947256425697705e+04, 1.000000000000000e-10, 1.614721949016747e+09
492, 4.208828751000000e-01, -5.917718310000000e-02, 2.971797859053878e-01, 0.000000000000000e+00, 0.000000000000000e+00, 4.937936420217223e+04, 1.000000000000000e-10, 1.617561675960133e+09
493, 4.238779996000000e-01, -5.909092720000000e-02, 2.988773272178976e-01, 0.000000000000000e+00, 0.000000000000000e+00, 4.966866398411294e+04, 1.000000000000000e-10, 1.608553240005515e+09
494, 4.268729004000000e-01, -5.899717340000000e-02, 3.003830239064190e-01, 0.000000000000000e+00, 0.000000000000000e+00, 4.994015842296027e+04, 1.000000000000000e-10, 1.601051178543365e+09
495, 4.298678186000000e-01, -5.890397410000000e-02, 3.003473299234902e-01, 0.000000000000000e+00, 0.000000000000000e+00, 4.996650999897580e+04, 1.000000000000000e-10, 1.602093125155700e+09
496, 4.328629246000000e-01, -5.881703720000000e-02, 2.989934674607800e-01, 0.000000000000000e+00, 0.000000000000000e+00, 4.978257360544941e+04, 1.000000000000000e-10, 1.610446377068559e+09
497, 4.358580675000000e-01, -5.873136490000000e-02, 2.973023218991172e-01, 0.000000000000000e+00, 0.000000000000000e+00, 4.954723143819727e+04, 1.000000000000000e-10, 1.620839823273388e+09
498, 4.388530070000000e-01, -5.863890460000000e-02, 2.966725956330948e-01, 0.000000000000000e+00, 0.000000000000000e+00, 4.948496199653584e+04, 1.000000000000000e-10, 1.625410254889117e+09
499, 4.418474723000000e-01, -5.853224060000000e-02, 2.973227359743777e-01, 0.000000000000000e+00, 0.000000000000000e+00, 4.962046676986447e+04, 1.000000000000000e-10, 1.622563881345962e+09
500, 4.448414571000000e-01, -5.841278340000000e-02, 2.983965703967222e-01, 0.000000000000000e+00, 0.000000000000000e+00, 4.981396269120623e+04, 1.000000000000000e-10, 1.617131326871363e+09
501, 4.478352435000000e-01, -5.828842610000000e-02, 2.990555362207915e-01, 0.000000000000000e+00, 0.000000000000000e+00, 4.993076523568118e+04, 1.000000000000000e-10, 1.613748496845229e+09
502, 4.508291556000000e-01, -5.816714900000000e-02, 2.984070465073084e-01, 0.000000000000000e+00, 0.000000000000000e+00, 4.982872492687923e+04, 1.000000000000000e-10, 1.617418902440747e+09
503, 4.538232940000000e-01, -5.805158270000000e-02, 2.966877501842425e-01, 0.000000000000000e+00, 0.000000000000000e+00, 4.955107417108171e+04, 1.000000000000000e-10, 1.627071795090592e+09
504, 4.568173812000000e-01, -5.793470060000000e-02, 2.948166785093810e-01, 0.000000000000000e+00, 0.000000000000000e+00, 4.925125330377942e+04, 1.000000000000000e-10, 1.637744442167175e+09
505, 4.598110864000000e-01, -5.780846580000000e-02, 2.942792619363819e-01, 0.000000000000000e+00, 0.000000000000000e+00, 4.917293149159750e+04, 1.000000000000000e-10, 1.641035405916765e+09
506, 4.628041128000000e-01, -5.766705430000000e-02, 2.954047739657871e-01, 0.000000000000000e+00, 0.000000000000000e+00, 4.936324008845091e+04, 1.000000000000000e-10, 1.634843901257802e+09
507, 4.657966345000000e-01, -5.751528910000000e-02, 2.962863845138042e-01, 0.000000000000000e+00, 0.000000000000000e+00, 4.950910790238094e+04, 1.000000000000000e-10, 1.629935850551542e+09
508, 4.687890375000000e-01, -5.736119260000000e-02, 2.959195024640462e-01, 0.000000000000000e+00, 0.000000000000000e+00, 4.944755346053486e+04, 1.000000000000000e-10, 1.631949901887938e+09
509, 4.717816992000000e-01, -5.721221950000000e-02, 2.945653609974191e-01, 0.000000000000000e+00, 0.000000000000000e+00, 4.922520079049277e+04, 1.000000000000000e-10, 1.639559432982584e+09
510, 4.747745571000000e-01, -5.706722820000000e-02, 2.930593656583722e-01, 0.000000000000000e+00, 0.000000000000000e+00, 4.898380400425811e+04, 1.000000000000000e-10, 1.648253806377293e+09
511, 4.777672246000000e-01, -5.691837390000000e-02, 2.924775589828771e-01, 0.000000000000000e+00, 0.000000000000000e+00, 4.890748469356403e+04, 1.000000000000000e-10, 1.652148844106061e+09
512, 4.807592922000000e-01, -5.675795070000000e-02, 2.925086275002015e-01, 0.000000000000000e+00, 0.000000000000000e+00, 4.896265019604880e+04, 1.000000000000000e-10, 1.653359458369197e+09
513, 4.837507599000000e-01, -5.658667410000000e-02, 2.922765791230040e-01, 0.000000000000000e+00, 0.000000000000000e+00, 4.903349055112297e+04, 1.000000000000000e-10, 1.657691059019670e+09
514, 4.867417038000000e-01, -5.640648100000000e-02, 2.924966694818377e-01, 0.000000000000000e+00, 0.000000000000000e+00, 4.925417844423452e+04, 1.000000000000000e-10, 1.661569258385301e+09
515, 4.897320976000000e-01, -5.621737780000000e-02, 2.942070271825843e-01, 0.000000000000000e+00, 0.000000000000000e+00, 4.979784564188784e+04, 1.000000000000000e-10, 1.658891495928306e+09
516, 4.927219151000000e-01, -5.601937110000000e-02, 2.976344666223990e-01, 0.000000000000000e+00, 0.000000000000000e+00, 5.067786770553523e+04, 1.000000000000000e-10, 1.647718009467371e+09
517, 4.957111300000000e-01, -5.581246800000000e-02, 3.023899406885237e-01, 0.000000000000000e+00, 0.000000000000000e+00, 5.177736282563185e+04, 1.000000000000000e-10, 1.629238356205874e+09
518, 4.986997164000000e-01, -5.559667590000000e-02, 3.084746671662618e-01, 0.000000000000000e+00, 0.000000000000000e+00, 5.305057411420622e+04, 1.000000000000000e-10, 1.602842822923101e+09
519, 5.016875582000000e-01, -5.537082560000000e-02, 3.161385313001509e-01, 0.000000000000000e+00, 0.000000000000000e+00, 5.449535722949503e+04, 1.000000000000000e-10, 1.566958573844934e+09
520, 5.046744459000000e-01, -5.513267300000000e-02, 3.237597656381938e-01, 0.000000000000000e+00, 0.000000000000000e+00, 5.579520504996320e+04, 1.000000000000000e-10, 1.529792893273631e+09
521, 5.076609077000001e-01, -5.488922320000000e-02, 3.280885146906372e-01, 0.000000000000000e+00, 0.000000000000000e+00, 5.644293371965571e+04, 1.000000000000000e-10, 1.507470071900592e+09
522, 5.106475810000000e-01, -5.464838960000000e-02, 3.284070574114875e-01, 0.000000000000000e+00, 0.000000000000000e+00, 5.636703253502672e+04, 1.000000000000000e-10, 1.503144529758737e+09
523, 5.136347221999999e-01, -5.441342690000000e-02, 3.261608892578153e-01, 0.000000000000000e+00, 0.000000000000000e+00, 5.584553449915365e+04, 1.000000000000000e-10, 1.510513839002827e+09
524, 5.166218002000000e-01, -5.417766240000000e-02, 3.235973228991055e-01, 0.000000000000000e+00, 0.000000000000000e+00, 5.529004581580235e+04, 1.000000000000000e-10, 1.519864543698768e+09
525, 5.196081732000000e-01, -5.393315480000000e-02, 3.231969240156982e-01, 0.000000000000000e+00, 0.000000000000000e+00, 5.514515718510212e+04, 1.000000000000000e-10, 1.520035506695693e+09
526, 5.225935011000000e-01, -5.367618930000000e-02, 3.246488155695465e-01, 0.000000000000000e+00, 0.000000000000000e+00, 5.535416922202565e+04, 1.000000000000000e-10, 1.512357135582759e+09
527, 5.255780483000000e-01, -5.341030860000000e-02, 3.262268978006628e-01, 0.000000000000000e+00, 0.000000000000000e+00, 5.560844482743232e+04, 1.000000000000000e-10, 1.504703166391712e+09
528, 5.285617956000001e-01, -5.313559520000000e-02, 3.274976294036439e-01, 0.000000000000000e+00, 0.000000000000000e+00, 5.582567780679527e+04, 1.000000000000000e-10, 1.498908105960211e+09
529, 5.315447173000000e-01, -5.285205880000000e-02, 3.279146197944748e-01, 0.000000000000000e+00, 0.000000000000000e+00, 5.591033594803922e+04, 1.000000000000000e-10, 1.497299205821871e+09
530, 5.345267882000000e-01, -5.255970920000000e-02, 3.273895510824326e-01, 0.000000000000000e+00, 0.000000000000000e+00, 5.584777531871694e+04, 1.000000000000000e-10, 1.500268165631092e+09
531, 5.375079829000000e-01, -5.225855670000000e-02, 3.272454699983011e-01, 0.000000000000000e+00, 0.000000000000000e+00, 5.586222424145380e+04, 1.000000000000000e-10, 1.501729275936685e+09
532, 5.404882648000000e-01, -5.194849960000000e-02, 3.287341050644811e-01, 0.000000000000000e+00, 0.000000000000000e+00, 5.616536582710058e+04, 1.000000000000000e-10, 1.496034685111066e+09
533, 5.434672252000000e-01, -5.162600380000000e-02, 3.322251174940376e-01, 0.000000000000000e+00, 0.000000000000000e+00, 5.681946303646205e+04, 1.000000000000000e-10, 1.481584316922796e+09
534, 5.464452645000000e-01, -5.129509310000000e-02, 3.350188642759614e-01, 0.000000000000000e+00, 0.000000000000000e+00, 5.735585835623385e+04, 1.000000000000000e-10, 1.470455804657628e+09
535, 5.494232392000000e-01, -5.096360040000000e-02, 3.359655259724972e-01, 0.000000000000000e+00, 0.000000000000000e+00, 5.757215495535688e+04, 1.000000000000000e-10, 1.467376481460974e+09
536, 5.524018620000000e-01, -5.063798680000000e-02, 3.357270695694774e-01, 0.000000000000000e+00, 0.000000000000000e+00, 5.758078549565841e+04, 1.000000000000000e-10, 1.469449538491966e+09
537, 5.553807501000000e-01, -5.031480440000000e-02, 3.355923054083403e-01, 0.000000000000000e+00, 0.000000000000000e+00, 5.760333826953905e+04, 1.000000000000000e-10, 1.470979961799059e+09
538, 5.583590480000000e-01, -4.998623770000000e-02, 3.369284855617345e-01, 0.000000000000000e+00, 0.000000000000000e+00, 5.787812275679012e+04, 1.000000000000000e-10, 1.466132412955468e+09
539, 5.613359734000000e-01, -4.964547060000000e-02, 3.390258868941472e-01, 0.000000000000000e+00, 0.000000000000000e+00, 5.828761760294747e+04, 1.000000000000000e-10, 1.458108185467616e+09
540, 5.643117559000000e-01, -4.929485250000000e-02, 3.403833816088032e-01, 0.000000000000000e+00, 0.000000000000000e+00, 5.857527848326867e+04, 1.000000000000000e-10, 1.453391102667055e+09
541, 5.672864971000000e-01, -4.893550630000000e-02, 3.410247404626206e-01, 0.000000000000000e+00, 0.000000000000000e+00, 5.874448247862502e+04, 1.000000000000000e-10, 1.451809567260448e+09
542, 5.702601725000001e-01, -4.856744460000000e-02, 3.414138845980813e-01, 0.000000000000000e+00, 0.000000000000000e+00, 5.887438049158444e+04, 1.000000000000000e-10, 1.451417874222605e+09
543, 5.732327578000000e-01, -4.819067990000000e-02, 3.420884906218352e-01, 0.000000000000000e+00, 0.000000000000000e+00, 5.905628919904205e+04, 1.000000000000000e-10, 1.449849248866168e+09
544, 5.762042288000000e-01, -4.780522520000000e-02, 3.434716752708332e-01, 0.000000000000000e+00, 0.000000000000000e+00, 5.936196603665389e+04, 1.000000000000000e-10, 1.445338710665671e+09
545, 5.791745615000000e-01, -4.741109350000000e-02, 3.453959690303159e-01, 0.000000000000000e+00, 0.000000000000000e+00, 5.976080450963527e+04, 1.000000000000000e-10, 1.438585243399466e+09
546, 5.821437317000000e-01, -4.700829840000000e-02, 3.468202833936895e-01, 0.000000000000000e+00, 0.000000000000000e+00, 6.006991555624148e+04, 1.000000000000000e-10, 1.433916286505190e+09
547, 5.851117156000000e-01, -4.659685360000000e-02, 3.473454363692501e-01, 0.000000000000000e+00, 0.000000000000000e+00, 6.021751437799054e+04, 1.000000000000000e-10, 1.432845185834227e+09
548, 5.880784894000000e-01, -4.617677290000000e-02, 3.478892148191160e-01, 0.000000000000000e+00, 0.000000000000000e+00, 6.036201236112826e+04, 1.000000000000000e-10, 1.431574718677070e+09
549, 5.910439602000001e-01, -4.574759280000000e-02, 3.498244223836947e-01, 0.000000000000000e+00, 0.000000000000000e+00, 6.074592400929407e+04, 1.000000000000000e-10, 1.424527253386633e+09
550, 5.940076158000001e-01, -4.530605300000000e-02, 3.534000111789458e-01, 0.000000000000000e+00, 0.000000000000000e+00, 6.141941342819018e+04, 1.000000000000000e-10, 1.411123195944572e+09
551, 5.969702442000000e-01, -4.485766250000000e-02, 3.560890398887036e-01, 0.000000000000000e+00, 0.000000000000000e+00, 6.194057912916740e+04, 1.000000000000000e-10, 1.401457210916033e+09
552, 5.999329905000000e-01, -4.441005360000000e-02, 3.570646832149741e-01, 0.000000000000000e+00, 0.000000000000000e+00, 6.216016509574786e+04, 1.000000000000000e-10, 1.398501998586637e+09
553, 6.028966429000000e-01, -4.396848360000000e-02, 3.570976229256129e-01, 0.000000000000000e+00, 0.000000000000000e+00, 6.221110806771446e+04, 1.000000000000000e-10, 1.399204298699065e+09
554, 6.058604630000000e-01, -4.352803920000000e-02, 3.574596291413604e-01, 0.000000000000000e+00, 0.000000000000000e+00, 6.231781579871526e+04, 1.000000000000000e-10, 1.398607069903705e+09
555, 6.088233068000000e-01, -4.308108430000000e-02, 3.592487185803611e-01, 0.000000000000000e+00, 0.000000000000000e+00, 6.268027562475818e+04, 1.000000000000000e-10, 1.392554449778468e+09
556, 6.117840715000000e-01, -4.262056990000000e-02, 3.617425210580258e-01, 0.000000000000000e+00, 0.000000000000000e+00, 6.317944639932816e+04, 1.000000000000000e-10, 1.384097947785709e+09
557, 6.147428891000000e-01, -4.214769180000000e-02, 3.638111666166901e-01, 0.000000000000000e+00, 0.000000000000000e+00, 6.361251597396013e+04, 1.000000000000000e-10, 1.377489991747778e+09
558, 6.177009164000000e-01, -4.166988860000000e-02, 3.650100973524369e-01, 0.000000000000000e+00, 0.000000000000000e+00, 6.389233757028986e+04, 1.000000000000000e-10, 1.374183862952091e+09
559, 6.206593651000000e-01, -4.119470460000000e-02, 3.652491724624339e-01, 0.000000000000000e+00, 0.000000000000000e+00, 6.399472007539144e+04, 1.000000000000000e-10, 1.374339431466368e+09
560, 6.236187181000000e-01, -4.072518330000000e-02, 3.652340790004168e-01, 0.000000000000000e+00, 0.000000000000000e+00, 6.403979131576823e+04, 1.000000000000000e-10, 1.375255009398925e+09
561, 6.265779548000000e-01, -4.025493070000000e-02, 3.660310885138691e-01, 0.000000000000000e+00, 0.000000000000000e+00, 6.421559008091851e+04, 1.000000000000000e-10, 1.372885730330608e+09
562, 6.295358580000000e-01, -3.977637300000000e-02, 3.685447263385337e-01, 0.000000000000000e+00, 0.000000000000000e+00, 6.468725665759959e+04, 1.000000000000000e-10, 1.364045635053235e+09
563, 6.324917848000000e-01, -3.928575100000000e-02, 3.710328336764914e-01, 0.000000000000000e+00, 0.000000000000000e+00, 6.515153909195384e+04, 1.000000000000000e-10, 1.355363593013629e+09
564, 6.354462727000000e-01, -3.878653410000000e-02, 3.718604866527995e-01, 0.000000000000000e+00, 0.000000000000000e+00, 6.531673155179651e+04, 1.000000000000000e-10, 1.352671935566859e+09
565, 6.383993153000000e-01, -3.827883870000000e-02, 3.721968429311069e-01, 0.000000000000000e+00, 0.000000000000000e+00, 6.538556892911581e+04, 1.000000000000000e-10, 1.351613057181183e+09
566, 6.413507560000000e-01, -3.776191640000000e-02, 3.737925764310672e-01, 0.000000000000000e+00, 0.000000000000000e+00, 6.566832629887159e+04, 1.000000000000000e-10, 1.345866358886812e+09
567, 6.443000666000001e-01, -3.723297330000000e-02, 3.771445783496336e-01, 0.000000000000000e+00, 0.000000000000000e+00, 6.625834285874234e+04, 1.000000000000000e-10, 1.333929921198448e+09
568, 6.472482997000000e-01, -3.669805020000000e-02, 3.795387292195507e-01, 0.000000000000000e+00, 0.000000000000000e+00, 6.667840670585894e+04, 1.000000000000000e-10, 1.325523892905115e+09
569, 6.501967952000000e-01, -3.616457690000000e-02, 3.806067048187919e-01, 0.000000000000000e+00, 0.000000000000000e+00, 6.686143116643043e+04, 1.000000000000000e-10, 1.321730759844450e+09
570, 6.531457706000000e-01, -3.563376130000000e-02, 3.817063366080059e-01, 0.000000000000000e+00, 0.000000000000000e+00, 6.704623286013583e+04, 1.000000000000000e-10, 1.317789663838354e+09
571, 6.560947461000000e-01, -3.510294570000000e-02, 3.840403179113854e-01, 0.000000000000000e+00, 0.000000000000000e+00, 6.744795506911825e+04, 1.000000000000000e-10, 1.309639785833506e+09
572, 6.590437216000000e-01, -3.457213010000000e-02, 3.862306610767428e-01, 0.000000000000000e+00, 0.000000000000000e+00, 6.782953201714972e+04, 1.000000000000000e-10, 1.302163351382502e+09
573, 6.619929736000000e-01, -3.404285490000000e-02, 3.874215467209817e-01, 0.000000000000000e+00, 0.000000000000000e+00, 6.803633615628377e+04, 1.000000000000000e-10, 1.298124486263886e+09
574, 6.649427455000000e-01, -3.351648340000000e-02, 3.877191217222293e-01, 0.000000000000000e+00, 0.000000000000000e+00, 6.808484332414820e+04, 1.000000000000000e-10, 1.297070228835303e+09
575, 6.678917876000000e-01, -3.298604320000000e-02, 3.882605485194239e-01, 0.000000000000000e+00, 0.000000000000000e+00, 6.817684150114343e+04, 1.000000000000000e-10, 1.295209755471424e+09
576, 6.708387459000000e-01, -3.244415800000000e-02, 3.904055768250425e-01, 0.000000000000000e+00, 0.000000000000000e+00, 6.855623657507893e+04, 1.000000000000000e-10, 1.288135119431709e+09
577, 6.737831424000000e-01, -3.188851370000000e-02, 3.933926983138017e-01, 0.000000000000000e+00, 0.000000000000000e+00, 6.909204320292380e+04, 1.000000000000000e-10, 1.278522107043893e+09
578, 6.767261656000000e-01, -3.132563310000000e-02, 3.952055402640029e-01, 0.000000000000000e+00, 0.000000000000000e+00, 6.942442108381704e+04, 1.000000000000000e-10, 1.272865346274028e+09
579, 6.796692174000000e-01, -3.076290160000000e-02, 3.959224897461494e-01, 0.000000000000000e+00, 0.000000000000000e+00, 6.956059578429195e+04, 1.000000000000000e-10, 1.270698764378791e+09
580, 6.826129130000000e-01, -3.020354650000000e-02, 3.965127862408273e-01, 0.000000000000000e+00, 0.000000000000000e+00, 6.966802064652434e+04, 1.000000000000000e-10, 1.268861897509362e+09
581, 6.855566182000000e-01, -2.964424250000000e-02, 3.975788319086928e-01, 0.000000000000000e+00, 0.000000000000000e+00, 6.985326194206670e+04, 1.000000000000000e-10, 1.265404967108447e+09
582, 6.885003235000000e-01, -2.908493850000000e-02, 3.994751335079529e-01, 0.000000000000000e+00, 0.000000000000000e+00, 7.018278158746830e+04, 1.000000000000000e-10, 1.259344947755932e+09
583, 6.914440287000000e-01, -2.852563450000000e-02, 4.013998754927164e-01, 0.000000000000000e+00, 0.000000000000000e+00, 7.051747048279601e+04, 1.000000000000000e-10, 1.253256377688908e+09
584, 6.943877340000000e-01, -2.796633050000000e-02, 4.026609219320683e-01, 0.000000000000000e+00, 0.000000000000000e+00, 7.073622062412195e+04, 1.000000000000000e-10, 1.249291512058287e+09
585, 6.973314392000000e-01, -2.740702650000000e-02, 4.036329639571242e-01, 0.000000000000000e+00, 0.000000000000000e+00, 7.090391994941064e+04, 1.000000000000000e-10, 1.246239301761133e+09
586, 7.002751444999999e-01, -2.684772250000000e-02, 4.048420320742706e-01, 0.000000000000000e+00, 0.000000000000000e+00, 7.111164539377883e+04, 1.000000000000000e-10, 1.242451301676020e+09
587, 7.032188497000000e-01, -2.628841850000000e-02, 4.061744781326065e-01, 0.000000000000000e+00, 0.000000000000000e+00, 7.133868954255305e+04, 1.000000000000000e-10, 1.238276894647411e+09
588, 7.061625550000000e-01, -2.572911460000000e-02, 4.075342148438291e-01, 0.000000000000000e+00, 0.000000000000000e+00, 7.156814182767810e+04, 1.000000000000000e-10, 1.234062933283086e+09
589, 7.091062603000000e-01, -2.516981060000000e-02, 4.087450615950187e-01, 0.000000000000000e+00, 0.000000000000000e+00, 7.176902512377154e+04, 1.000000000000000e-10, 1.230243785127667e+09
590, 7.120499655000000e-01, -2.461050660000000e-02, 4.099565651325116e-01, 0.000000000000000e+00, 0.000000000000000e+00, 7.196724557039878e+04, 1.000000000000000e-10, 1.226407789627071e+09
591, 7.149936708000000e-01, -2.405120260000000e-02, 4.112017283378402e-01, 0.000000000000000e+00, 0.000000000000000e+00, 7.216845697501245e+04, 1.000000000000000e-10, 1.222455411428516e+09
592, 7.179373760000000e-01, -2.349189860000000e-02, 4.125470140155729e-01, 0.000000000000000e+00, 0.000000000000000e+00, 7.238473497362545e+04, 1.000000000000000e-10, 1.218198436712903e+09
593, 7.208810812999999e-01, -2.293259460000000e-02, 4.138014484433962e-01, 0.000000000000000e+00, 0.000000000000000e+00, 7.258311008705042e+04, 1.000000000000000e-10, 1.214210700593999e+09
594, 7.238247865000000e-01, -2.237329060000000e-02, 4.150252037085832e-01, 0.000000000000000e+00, 0.000000000000000e+00, 7.277448135887683e+04, 1.000000000000000e-10, 1.210316357202417e+09
595, 7.267684918000000e-01, -2.181398660000000e-02, 4.162291527360155e-01, 0.000000000000000e+00, 0.000000000000000e+00, 7.296109652928625e+04, 1.000000000000000e-10, 1.206486889397692e+09
596, 7.297121971000000e-01, -2.125468260000000e-02, 4.174705542466914e-01, 0.000000000000000e+00, 0.000000000000000e+00, 7.315363166339122e+04, 1.000000000000000e-10, 1.202564880827548e+09
597, 7.326559023000000e-01, -2.069537860000000e-02, 4.185779790444943e-01, 0.000000000000000e+00, 0.000000000000000e+00, 7.332277372568801e+04, 1.000000000000000e-10, 1.199052723730176e+09
598, 7.355996076000000e-01, -2.013607460000000e-02, 4.198332626858561e-01, 0.000000000000000e+00, 0.000000000000000e+00, 7.351847149963406e+04, 1.000000000000000e-10, 1.195148490863427e+09
599, 7.385433128000000e-01, -1.957677060000000e-02, 4.212053622065726e-01, 0.000000000000000e+00, 0.000000000000000e+00, 7.373565307421080e+04, 1.000000000000000e-10, 1.190952561966369e+09
600, 7.414870181000000e-01, -1.901746660000000e-02, 4.223525382248495e-01, 0.000000000000000e+00, 0.000000000000000e+00, 7.391448918455395e+04, 1.000000000000000e-10, 1.187431081616025e+09
601, 7.444307233000000e-01, -1.845816260000000e-02, 4.233024796047297e-01, 0.000000000000000e+00, 0.000000000000000e+00, 7.405908819917146e+04, 1.000000000000000e-10, 1.184485339279719e+09
602, 7.473744286000000e-01, -1.789885860000000e-02, 4.242872595933780e-01, 0.000000000000000e+00, 0.000000000000000e+00, 7.420904424001122e+04, 1.000000000000000e-10, 1.181447471762607e+09
603, 7.503181249000000e-01, -1.733950730000000e-02, 4.258570976212105e-01, 0.000000000000000e+00, 0.000000000000000e+00, 7.446130026812162e+04, 1.000000000000000e-10, 1.176806034971791e+09
604, 7.532611798000000e-01, -1.677679240000000e-02, 4.277563329512143e-01, 0.000000000000000e+00, 0.000000000000000e+00, 7.477415874086008e+04, 1.000000000000000e-10, 1.171333995745152e+09
605, 7.562042001000000e-01, -1.621389660000000e-02, 4.290693444788097e-01, 0.000000000000000e+00, 0.000000000000000e+00, 7.498798263114148e+04, 1.000000000000000e-10, 1.167548220971012e+09
606, 7.591485878000001e-01, -1.565820530000000e-02, 4.297656988484672e-01, 0.000000000000000e+00, 0.000000000000000e+00, 7.509637737556697e+04, 1.000000000000000e-10, 1.165488754501425e+09
607, 7.620955345000000e-01, -1.511625730000000e-02, 4.302514508184240e-01, 0.000000000000000e+00, 0.000000000000000e+00, 7.516967354901982e+04, 1.000000000000000e-10, 1.164027281347390e+09
608, 7.650445705000000e-01, -1.458578350000000e-02, 4.309357594352663e-01, 0.000000000000000e+00, 0.000000000000000e+00, 7.527962516803500e+04, 1.000000000000000e-10, 1.162067125041085e+09
609, 7.679943422000000e-01, -1.405941050000000e-02, 4.319835965815039e-01, 0.000000000000000e+00, 0.000000000000000e+00, 7.545575463270822e+04, 1.000000000000000e-10, 1.159173102666185e+09
610, 7.709435269000000e-01, -1.352976200000000e-02, 4.333232877990654e-01, 0.000000000000000e+00, 0.000000000000000e+00, 7.568632425724753e+04, 1.000000000000000e-10, 1.155546702767132e+09
611, 7.738917632000000e-01, -1.299485690000000e-02, 4.347600064304577e-01, 0.000000000000000e+00, 0.000000000000000e+00, 7.593758007594928e+04, 1.000000000000000e-10, 1.151724303041301e+09
612, 7.768402548000000e-01, -1.246136210000000e-02, 4.357068670308734e-01, 0.000000000000000e+00, 0.000000000000000e+00, 7.610559427119751e+04, 1.000000000000000e-10, 1.149253676553531e+09
613, 7.797903352000000e-01, -1.193673480000000e-02, 4.360710343755349e-01, 0.000000000000000e+00, 0.000000000000000e+00, 7.617259276551628e+04, 1.000000000000000e-10, 1.148312894659416e+09
614, 7.827429347000000e-01, -1.142647830000000e-02, 4.362890058740586e-01, 0.000000000000000e+00, 0.000000000000000e+00, 7.621412143859048e+04, 1.000000000000000e-10, 1.147785214790857e+09
615, 7.856972424999999e-01, -1.092619490000000e-02, 4.369648319801768e-01, 0.000000000000000e+00, 0.000000000000000e+00, 7.633594821265938e+04, 1.000000000000000e-10, 1.146055950760687e+09
616, 7.886519677000000e-01, -1.042837940000000e-02, 4.384567237393063e-01, 0.000000000000000e+00, 0.000000000000000e+00, 7.660184223609105e+04, 1.000000000000000e-10, 1.142224028527246e+09
617, 7.916060843000000e-01, -9.926965700000000e-03, 4.397076073303811e-01, 0.000000000000000e+00, 0.000000000000000e+00, 7.682830094361617e+04, 1.000000000000000e-10, 1.139065407637868e+09
618, 7.945600712999999e-01, -9.424787900000000e-03, 4.400883738416269e-01, 0.000000000000000e+00, 0.000000000000000e+00, 7.690495787847224e+04, 1.000000000000000e-10, 1.138200708038997e+09
619, 7.975140582000000e-01, -8.922610100000001e-03, 4.402618213329187e-01, 0.000000000000000e+00, 0.000000000000000e+00, 7.694725665998716e+04, 1.000000000000000e-10, 1.137896250178840e+09
620, 8.004680280000001e-01, -8.420330800000000e-03, 4.410376140089999e-01, 0.000000000000000e+00, 0.000000000000000e+00, 7.709757548083269e+04, 1.000000000000000e-10, 1.136112751562410e+09
621, 8.034213936000000e-01, -7.914512699999999e-03, 4.424766076127213e-01, 0.000000000000000e+00, 0.000000000000000e+00, 7.736750593549371e+04, 1.000000000000000e-10, 1.132636423000480e+09
622, 8.063747975000000e-01, -7.408918400000000e-03, 4.434534754667085e-01, 0.000000000000000e+00, 0.000000000000000e+00, 7.755819837003687e+04, 1.000000000000000e-10, 1.130337869555498e+09
623, 8.093295144000000e-01, -6.911064600000000e-03, 4.438734830208681e-01, 0.000000000000000e+00, 0.000000000000000e+00, 7.765043459597464e+04, 1.000000000000000e-10, 1.129488873438576e+09
624, 8.122862570000000e-01, -6.425381100000000e-03, 4.441496802951678e-01, 0.000000000000000e+00, 0.000000000000000e+00, 7.771508530355344e+04, 1.000000000000000e-10, 1.129012385864207e+09
625, 8.152444195000000e-01, -5.948422800000000e-03, 4.446929977400036e-01, 0.000000000000000e+00, 0.000000000000000e+00, 7.782355575106225e+04, 1.000000000000000e-10, 1.127800390802631e+09
626, 8.182039458000000e-01, -5.480001300000000e-03, 4.455071076920409e-01, 0.000000000000000e+00, 0.000000000000000e+00, 7.797688946682907e+04, 1.000000000000000e-10, 1.125866741664738e+09
627, 8.211648134000000e-01, -5.020132300000000e-03, 4.462530832734360e-01, 0.000000000000000e+00, 0.000000000000000e+00, 7.811664606408648e+04, 1.000000000000000e-10, 1.124068822341146e+09
628, 8.241269989000000e-01, -4.568831200000000e-03, 4.469440694181378e-01, 0.000000000000000e+00, 0.000000000000000e+00, 7.824622648009831e+04, 1.000000000000000e-10, 1.122396417947852e+09
629, 8.270904793000000e-01, -4.126113200000000e-03, 4.477455058019223e-01, 0.000000000000000e+00, 0.000000000000000e+00, 7.839574589827137e+04, 1.000000000000000e-10, 1.120507625105709e+09
630, 8.300552314000000e-01, -3.691994500000000e-03, 4.483451767881590e-01, 0.000000000000000e+00, 0.000000000000000e+00, 7.851119218516628e+04, 1.000000000000000e-10, 1.119125045577361e+09
631, 8.330216764000000e-01, -3.269608000000000e-03, 4.486851049660686e-01, 0.000000000000000e+00, 0.000000000000000e+00, 7.858226824213500e+04, 1.000000000000000e-10, 1.118413267258603e+09
632, 8.359894521000000e-01, -2.856659800000000e-03, 4.490260490137085e-01, 0.000000000000000e+00, 0.000000000000000e+00, 7.865542646845883e+04, 1.000000000000000e-10, 1.117722625741796e+09
633, 8.389574719000000e-01, -2.445467200000000e-03, 4.496615182370514e-01, 0.000000000000000e+00, 0.000000000000000e+00, 7.878499225402271e+04, 1.000000000000000e-10, 1.116365626387719e+09
634, 8.419245535000000e-01, -2.027571400000000e-03, 4.504146229184185e-01, 0.000000000000000e+00, 0.000000000000000e+00, 7.894242290102957e+04, 1.000000000000000e-10, 1.114796148898283e+09
635, 8.448907007000001e-01, -1.603081000000000e-03, 4.510835708103724e-01, 0.000000000000000e+00, 0.000000000000000e+00, 7.908991006417990e+04, 1.000000000000000e-10, 1.113503937874512e+09
636, 8.478579874000000e-01, -1.186655300000000e-03, 4.515742543991013e-01, 0.000000000000000e+00, 0.000000000000000e+00, 7.920694098778411e+04, 1.000000000000000e-10, 1.112647233055142e+09
637, 8.508284127000000e-01, -7.933073000000000e-04, 4.518182773634174e-01, 0.000000000000000e+00, 0.000000000000000e+00, 7.927789655547011e+04, 1.000000000000000e-10, 1.112310015714560e+09
638, 8.538020126000000e-01, -4.246734000000000e-04, 4.520241190195248e-01, 0.000000000000000e+00, 0.000000000000000e+00, 7.933795193411689e+04, 1.000000000000000e-10, 1.112137555825302e+09
639, 8.567775810000000e-01, -7.225130000000000e-05, 4.524970849773448e-01, 0.000000000000000e+00, 0.000000000000000e+00, 7.944089128466928e+04, 1.000000000000000e-10, 1.111201150045541e+09
640, 8.597541393000000e-01, 2.717253000000000e-04, 4.532887720918785e-01, 0.000000000000000e+00, 0.000000000000000e+00, 7.959785370187843e+04, 1.000000000000000e-10, 1.109442250359936e+09
641, 8.627313085000000e-01, 6.103705000000000e-04, 4.537479205682195e-01, 0.000000000000000e+00, 0.000000000000000e+00, 7.969649705028022e+04, 1.000000000000000e-10, 1.108505032415267e+09
642, 8.657094571000000e-01, 9.402886000000000e-04, 4.538725151061638e-01, 0.000000000000000e+00, 0.000000000000000e+00, 7.973679895754869e+04, 1.000000000000000e-10, 1.108415973480290e+09
643, 8.686885639000000e-01, 1.261439300000000e-03, 4.540884708389692e-01, 0.000000000000000e+00, 0.000000000000000e+00, 7.979441968348998e+04, 1.000000000000000e-10, 1.108110437892751e+09
644, 8.716684840000000e-01, 1.574958600000000e-03, 4.548340475754203e-01, 0.000000000000000e+00, 0.000000000000000e+00, 7.994915132852663e+04, 1.000000000000000e-10, 1.106570263683771e+09
645, 8.746489628000000e-01, 1.883117200000000e-03, 4.555743272170023e-01, 0.000000000000000e+00, 0.000000000000000e+00, 8.010773096571118e+04, 1.000000000000000e-10, 1.105090389655460e+09
646, 8.776306820999999e-01, 2.179005900000000e-03, 4.557970934626133e-01, 0.000000000000000e+00, 0.000000000000000e+00, 8.017577399358778e+04, 1.000000000000000e-10, 1.104863782740595e+09
647, 8.806143131000000e-01, 2.454910800000000e-03, 4.558260028495197e-01, 0.000000000000000e+00, 0.000000000000000e+00, 8.020764941800661e+04, 1.000000000000000e-10, 1.105092886651373e+09
648, 8.835997117000000e-01, 2.711016100000000e-03, 4.560811715052686e-01, 0.000000000000000e+00, 0.000000000000000e+00, 8.027681831288488e+04, 1.000000000000000e-10, 1.104769693830047e+09
649, 8.865865769000000e-01, 2.949408900000000e-03, 4.567186085407164e-01, 0.000000000000000e+00, 0.000000000000000e+00, 8.041193438095067e+04, 1.000000000000000e-10, 1.103482649084376e+09
650, 8.895748055000000e-01, 3.170055600000000e-03, 4.571571038857783e-01, 0.000000000000000e+00, 0.000000000000000e+00, 8.051076097853840e+04, 1.000000000000000e-10, 1.102618561574300e+09
651, 8.925644546000000e-01, 3.370490400000000e-03, 4.572836272860435e-01, 0.000000000000000e+00, 0.000000000000000e+00, 8.055240334323084e+04, 1.000000000000000e-10, 1.102542881449031e+09
652, 8.955553676000000e-01, 3.551155100000000e-03, 4.573051765236829e-01, 0.000000000000000e+00, 0.000000000000000e+00, 8.057331727807612e+04, 1.000000000000000e-10, 1.102681133357952e+09
653, 8.985469777000000e-01, 3.719930400000000e-03, 4.574537901639091e-01, 0.000000000000000e+00, 0.000000000000000e+00, 8.061688666279685e+04, 1.000000000000000e-10, 1.102520343404349e+09
654, 9.015387704000000e-01, 3.885451900000000e-03, 4.577905874189444e-01, 0.000000000000000e+00, 0.000000000000000e+00, 8.069741544825175e+04, 1.000000000000000e-10, 1.101957413496357e+09
655, 9.045306080000000e-01, 4.050146900000000e-03, 4.582761968665349e-01, 0.000000000000000e+00, 0.000000000000000e+00, 8.080934637366602e+04, 1.000000000000000e-10, 1.101080353813013e+09
656, 9.075232441000000e-01, 4.199497100000000e-03, 4.586098993912416e-01, 0.000000000000000e+00, 0.000000000000000e+00, 8.089497580472208e+04, 1.000000000000000e-10, 1.100586974396509e+09
657, 9.105172638000000e-01, 4.317576000000000e-03, 4.586584197457910e-01, 0.000000000000000e+00, 0.000000000000000e+00, 8.092590544251059e+04, 1.000000000000000e-10, 1.100716994092798e+09
658, 9.135124732000000e-01, 4.400428400000000e-03, 4.585608228257243e-01, 0.000000000000000e+00, 0.000000000000000e+00, 8.092540795429845e+04, 1.000000000000000e-10, 1.101135543443013e+09
659, 9.165083028000000e-01, 4.456858500000000e-03, 4.585579915574587e-01, 0.000000000000000e+00, 0.000000000000000e+00, 8.093779047884175e+04, 1.000000000000000e-10, 1.101253005738950e+09
660, 9.195044264000000e-01, 4.494915400000000e-03, 4.587765544881326e-01, 0.000000000000000e+00, 0.000000000000000e+00, 8.099142194203859e+04, 1.000000000000000e-10, 1.100904539899645e+09
661, 9.225006781000000e-01, 4.521098200000000e-03, 4.589648428613190e-01, 0.000000000000000e+00, 0.000000000000000e+00, 8.104766878427973e+04, 1.000000000000000e-10, 1.100712764407265e+09
662, 9.254970225000000e-01, 4.531556300000000e-03, 4.590136709362524e-01, 0.000000000000000e+00, 0.000000000000000e+00, 8.108499185859031e+04, 1.000000000000000e-10, 1.100911193809182e+09
663, 9.284933501000000e-01, 4.518230800000000e-03, 4.589242004155229e-01, 0.000000000000000e+00, 0.000000000000000e+00, 8.109800099899617e+04, 1.000000000000000e-10, 1.101455891166836e+09
664, 9.314893480999999e-01, 4.472444700000000e-03, 4.586434730393944e-01, 0.000000000000000e+00, 0.000000000000000e+00, 8.107250906077000e+04, 1.000000000000000e-10, 1.102395543132754e+09
665, 9.344846103000000e-01, 4.391470900000000e-03, 4.582385492364602e-01, 0.000000000000000e+00, 0.000000000000000e+00, 8.101916440555868e+04, 1.000000000000000e-10, 1.103570706208919e+09
666, 9.374792507000000e-01, 4.289801600000000e-03, 4.578531637529017e-01, 0.000000000000000e+00, 0.000000000000000e+00, 8.096545572086422e+04, 1.000000000000000e-10, 1.104624108829581e+09
667, 9.404737331000000e-01, 4.183520900000000e-03, 4.576578728990842e-01, 0.000000000000000e+00, 0.000000000000000e+00, 8.094765219794484e+04, 1.000000000000000e-10, 1.105313623432674e+09
668, 9.434683278000000e-01, 4.080451000000000e-03, 4.576038041049054e-01, 0.000000000000000e+00, 0.000000000000000e+00, 8.096159986808940e+04, 1.000000000000000e-10, 1.105704101061325e+09
669, 9.464625694000000e-01, 3.967701700000000e-03, 4.574094149182675e-01, 0.000000000000000e+00, 0.000000000000000e+00, 8.095266406088062e+04, 1.000000000000000e-10, 1.106407539874626e+09
670, 9.494557192999999e-01, 3.829211000000000e-03, 4.570054475772886e-01, 0.000000000000000e+00, 0.000000000000000e+00, 8.090182005462715e+04, 1.000000000000000e-10, 1.107614328063371e+09
671, 9.524469545000001e-01, 3.654174900000000e-03, 4.564572286315996e-01, 0.000000000000000e+00, 0.000000000000000e+00, 8.081787923569891e+04, 1.000000000000000e-10, 1.109129590786742e+09
672, 9.554363444000000e-01, 3.449926600000000e-03, 4.558448388764007e-01, 0.000000000000000e+00, 0.000000000000000e+00, 8.071544343076968e+04, 1.000000000000000e-10, 1.110686315586749e+09
673, 9.584242260000000e-01, 3.224624800000000e-03, 4.552548450978826e-01, 0.000000000000000e+00, 0.000000000000000e+00, 8.061340055055609e+04, 1.000000000000000e-10, 1.112122216419044e+09
674, 9.614110739000000e-01, 2.985978000000000e-03, 4.548166730440861e-01, 0.000000000000000e+00, 0.000000000000000e+00, 8.053892799217255e+04, 1.000000000000000e-10, 1.113263472875319e+09
675, 9.643968526000000e-01, 2.734335600000000e-03, 4.545815577537096e-01, 0.000000000000000e+00, 0.000000000000000e+00, 8.050024494884579e+04, 1.000000000000000e-10, 1.113849856965406e+09
676, 9.673808280000000e-01, 2.462191300000000e-03, 4.539190929541254e-01, 0.000000000000000e+00, 0.000000000000000e+00, 8.037638472835714e+04, 1.000000000000000e-10, 1.115397142871132e+09
677, 9.703620847000000e-01, 2.161784500000000e-03, 4.526764312815117e-01, 0.000000000000000e+00, 0.000000000000000e+00, 8.013104087446297e+04, 1.000000000000000e-10, 1.118170774750412e+09
678, 9.733402982000000e-01, 1.832532300000000e-03, 4.514706355939745e-01, 0.000000000000000e+00, 0.000000000000000e+00, 7.986964612849959e+04, 1.000000000000000e-10, 1.120624681717952e+09
679, 9.763154943000000e-01, 1.477044900000000e-03, 4.513033832469566e-01, 0.000000000000000e+00, 0.000000000000000e+00, 7.976726195590534e+04, 1.000000000000000e-10, 1.120212585855752e+09
680, 9.792874526000001e-01, 1.095432300000000e-03, 4.521141513295976e-01, 0.000000000000000e+00, 0.000000000000000e+00, 7.981383997496749e+04, 1.000000000000000e-10, 1.117110330015981e+09
681, 9.822556855000000e-01, 6.858801000000000e-04, 4.505051077271811e-01, 0.000000000000000e+00, 0.000000000000000e+00, 7.941523195001890e+04, 1.000000000000000e-10, 1.119792161551445e+09
682, 9.852198673000000e-01, 2.479352000000000e-04, 4.460694144852930e-01, 0.000000000000000e+00, 0.000000000000000e+00, 7.849912338235074e+04, 1.000000000000000e-10, 1.129363379761856e+09
683, 9.881808922000000e-01, -2.108983000000000e-04, 4.419073864395435e-01, 0.000000000000000e+00, 0.000000000000000e+00, 7.762035494414726e+04, 1.000000000000000e-10, 1.138251988727951e+09
684, 9.911395461000000e-01, -6.847765000000000e-04, 4.486008488478966e-01, 0.000000000000000e+00, 0.000000000000000e+00, 7.865919499508278e+04, 1.000000000000000e-10, 1.119684760430486e+09
685, 9.940944037000000e-01, -1.181769000000000e-03, 4.566106071551120e-01, 0.000000000000000e+00, 0.000000000000000e+00, 7.996242161158292e+04, 1.000000000000000e-10, 1.098923857535191e+09
686, 9.970470357000000e-01, -1.691851000000000e-03, 4.441058363009509e-01, 0.000000000000000e+00, 0.000000000000000e+00, 7.771472587947334e+04, 1.000000000000000e-10, 1.129184468475969e+09
687, 1.000000000000000e+00, 5.500000000000000e-04, 3.366970649491250e-01, 0.000000000000000e+00, 0.000000000000000e+00, 5.879401353750404e+04, 1.000000000000000e-10, 1.486826619159520e+09
