2 0.000000 100.000000 291.862339
2859 2497 
1 -215.780401 0.000000 -218.830401 99.924592 -0.000990 3.839157 0.000034 
2 258.146575 0.000000 -218.830401 99.924795 -0.008798 3.828272 0.000038 
3 258.146575 0.000000 224.280401 99.928293 0.010559 3.827030 -0.000031 
4 -215.780401 0.000000 224.280401 99.927875 0.001267 3.839441 -0.000032 
5 21.183087 0.000000 2.725000 102.169431 0.019066 -0.451986 -0.043880 
6 -215.780401 0.000000 2.725000 99.925805 0.000222 3.840871 0.000008 
7 21.183087 0.000000 -218.830401 99.920668 -0.004164 3.833646 0.000116 
8 258.146575 0.000000 2.725000 100.310376 -0.126047 -6.142774 -0.009992 
9 21.183087 0.000000 224.280401 99.932821 0.005263 3.833671 -0.000127 
10 -97.298657 0.000000 -108.052701 99.919218 -0.001200 3.839609 0.000141 
11 -215.780401 0.000000 -108.052701 99.924572 -0.000529 3.840027 0.000033 
12 -97.298657 0.000000 -218.830401 99.922539 -0.001968 3.838004 0.000076 
13 21.183087 0.000000 -108.052701 99.905216 -0.004907 3.818480 0.000437 
14 -97.298657 0.000000 2.725000 99.921862 0.001436 3.846832 0.000082 
15 139.664831 0.000000 -108.052701 99.919749 -0.015877 3.796415 0.000163 
16 139.664831 0.000000 -218.830401 99.922550 -0.007089 3.829210 0.000082 
17 258.146575 0.000000 -108.052701 99.925810 -0.018535 3.799009 0.000040 
18 139.664831 0.000000 2.725000 100.243038 -0.276052 -4.513213 -0.006911 
19 -97.298657 0.000000 113.502701 99.932053 0.002577 3.842082 -0.000118 
20 -215.780401 0.000000 113.502701 99.927455 0.000908 3.840410 -0.000025 
21 21.183087 0.000000 113.502701 99.953006 0.010235 3.820054 -0.000520 
22 -97.298657 0.000000 224.280401 99.930221 0.002547 3.838603 -0.000078 
23 -38.057785 0.000000 -52.663850 99.897380 0.022611 3.832161 0.000583 
24 -97.298657 0.000000 -52.663850 99.918101 -0.000034 3.842741 0.000161 
25 -38.057785 0.000000 -108.052701 99.911720 -0.002082 3.834213 0.000295 
26 21.183087 0.000000 -52.663850 99.865593 -0.012398 3.764205 0.001269 
27 -38.057785 0.000000 2.725000 99.873896 0.067358 3.859964 0.001030 
28 139.664831 0.000000 113.502701 99.933957 0.021322 3.793620 -0.000119 
29 258.146575 0.000000 113.502701 99.929208 0.024912 3.791600 -0.000022 
30 139.664831 0.000000 224.280401 99.930597 0.008563 3.828375 -0.000078 
31 80.423959 0.000000 -52.663850 99.898455 -0.058378 3.676290 0.000678 
32 80.423959 0.000000 -108.052701 99.910965 -0.011175 3.801159 0.000335 
33 139.664831 0.000000 -52.663850 99.922925 -0.033498 3.677225 0.000189 
34 80.423959 0.000000 2.725000 100.080648 -0.374676 -1.352639 -0.001811 
35 -38.057785 0.000000 58.113850 99.942194 0.034673 3.855629 -0.000331 
36 -97.298657 0.000000 58.113850 99.929349 0.002255 3.846090 -0.000067 
37 21.183087 0.000000 58.113850 100.032254 0.009617 3.776483 -0.002071 
38 -38.057785 0.000000 113.502701 99.941597 0.008326 3.839588 -0.000307 
39 -8.437349 0.000000 -24.969425 99.767853 -0.017808 3.721244 0.003253 
40 -38.057785 0.000000 -24.969425 99.878131 0.025787 3.835675 0.000965 
41 -8.437349 0.000000 -52.663850 99.880420 0.006854 3.803785 0.000943 
42 21.183087 0.000000 -24.969425 99.795232 0.059517 3.614702 0.002784 
43 -8.437349 0.000000 2.725000 99.235977 -0.112575 3.984050 0.013634 
44 80.423959 0.000000 58.113850 99.951178 0.023423 3.676302 -0.000375 
45 139.664831 0.000000 58.113850 99.935990 0.052249 3.672887 -0.000069 
46 80.423959 0.000000 113.502701 99.943636 0.016727 3.798412 -0.000316 
47 50.803523 0.000000 -24.969425 99.745018 -0.051700 3.265640 0.004026 
48 50.803523 0.000000 -52.663850 99.867417 -0.015222 3.703205 0.001279 
49 80.423959 0.000000 -24.969425 99.893970 -0.058325 3.225169 0.001079 
50 50.803523 0.000000 2.725000 99.397041 -0.646078 -0.863243 0.011907 
51 -8.437349 0.000000 30.419425 99.986219 0.041627 3.997991 -0.001323 
52 -38.057785 0.000000 30.419425 99.917966 0.019033 3.874079 0.000139 
53 21.183087 0.000000 30.419425 100.376026 -0.106041 3.615897 -0.008843 
54 -8.437349 0.000000 58.113850 99.981621 0.004604 3.854600 -0.001118 
55 6.372869 0.000000 -11.122213 99.706468 -0.160334 2.284172 0.005338 
56 -8.437349 0.000000 -11.122213 99.485804 0.010852 3.649380 0.008926 
57 6.372869 0.000000 -24.969425 99.851104 -0.047519 3.635086 0.001654 
58 21.183087 0.000000 -11.122213 98.714532 0.060543 3.514659 0.024308 
59 6.372869 0.000000 2.725000 109.276452 -0.213485 7.885168 -0.200356 
60 -156.539529 0.000000 -52.663850 99.923411 -0.000206 3.841495 0.000055 
61 -215.780401 0.000000 -52.663850 99.925006 -0.000174 3.840546 0.000024 
62 -156.539529 0.000000 -108.052701 99.922951 -0.000777 3.840249 0.000066 
63 -156.539529 0.000000 2.725000 99.925074 0.000456 3.842467 0.000022 
64 -67.678221 0.000000 -24.969425 99.910142 0.001949 3.847101 0.000316 
65 -97.298657 0.000000 -24.969425 99.919088 0.000076 3.844954 0.000139 
66 -67.678221 0.000000 -52.663850 99.910790 0.000457 3.842214 0.000307 
67 -67.678221 0.000000 2.725000 99.914237 0.026818 3.850229 0.000232 
68 -23.247567 0.000000 -11.122213 99.782087 0.082976 3.822771 0.002891 
69 -38.057785 0.000000 -11.122213 99.870326 0.064562 3.843373 0.001114 
70 -23.247567 0.000000 -24.969425 99.838643 0.055173 3.807685 0.001774 
71 -23.247567 0.000000 2.725000 99.787575 0.007160 3.897454 0.002725 
72 50.803523 0.000000 30.419425 100.026595 0.096965 3.287797 -0.001614 
73 80.423959 0.000000 30.419425 99.945846 0.110878 3.335913 -0.000031 
74 50.803523 0.000000 58.113850 99.996259 0.024465 3.687047 -0.001285 
75 6.372869 0.000000 16.572213 100.490596 0.018861 4.658312 -0.012006 
76 -8.437349 0.000000 16.572213 99.830283 -0.135192 4.144444 0.001672 
77 21.183087 0.000000 16.572213 100.976337 0.174431 3.279960 -0.020701 
78 6.372869 0.000000 30.419425 100.193145 -0.072578 3.955628 -0.005432 
79 -1.032240 0.000000 -4.198606 98.323409 0.015463 2.981565 0.032362 
80 -8.437349 0.000000 -4.198606 99.241241 -0.092903 3.820657 0.013657 
81 -1.032240 0.000000 -11.122213 99.172201 -0.189261 3.467217 0.015282 
82 6.372869 0.000000 -4.198606 94.760941 -0.267428 -0.929181 0.101943 
83 -1.032240 0.000000 2.725000 97.907338 -0.084406 5.308000 0.038597 
84 35.993305 0.000000 -11.122213 99.343674 0.066208 2.376027 0.012518 
85 35.993305 0.000000 -24.969425 99.660153 -0.080849 3.421292 0.005614 
86 50.803523 0.000000 -11.122213 99.572594 -0.187382 1.763490 0.008215 
87 35.993305 0.000000 2.725000 101.816599 -0.250055 3.596340 -0.037962 
88 13.777978 0.000000 -4.198606 105.341362 0.010054 1.607926 -0.109939 
89 13.777978 0.000000 -11.122213 100.430063 -0.099343 3.304478 -0.009713 
90 21.183087 0.000000 -4.198606 94.320549 0.038316 4.302609 0.108512 
91 13.777978 0.000000 2.725000 108.583247 -0.006387 0.218560 -0.179037 
92 -156.539529 0.000000 58.113850 99.927276 0.001040 3.842287 -0.000022 
93 -215.780401 0.000000 58.113850 99.926736 0.000599 3.840811 -0.000010 
94 -156.539529 0.000000 113.502701 99.928678 0.001445 3.841182 -0.000050 
95 -67.678221 0.000000 30.419425 99.925213 0.003722 3.854286 0.000010 
96 -97.298657 0.000000 30.419425 99.925838 0.001913 3.847371 0.000002 
97 -67.678221 0.000000 58.113850 99.933058 0.003779 3.850421 -0.000144 
98 -23.247567 0.000000 16.572213 99.856209 0.017681 3.927932 0.001331 
99 -38.057785 0.000000 16.572213 99.893043 0.054550 3.871774 0.000639 
100 -23.247567 0.000000 30.419425 99.915953 0.051905 3.902000 0.000157 
101 -1.032240 0.000000 9.648606 99.436150 -0.051830 4.638588 0.009093 
102 -8.437349 0.000000 9.648606 99.595417 -0.094145 4.287159 0.006236 
103 6.372869 0.000000 9.648606 99.919187 -0.087983 6.044610 -0.002039 
104 -1.032240 0.000000 16.572213 99.929621 -0.192342 4.369124 -0.000506 
105 2.670314 0.000000 -0.736803 113.188039 -0.191363 1.296867 -0.281325 
106 -1.032240 0.000000 -0.736803 94.438812 -0.029152 2.499275 0.107506 
107 2.670314 0.000000 -4.198606 97.191565 -0.125368 1.999310 0.054979 
108 6.372869 0.000000 -0.736803 105.070992 -0.152883 1.435979 -0.104200 
109 2.670314 0.000000 2.725000 114.771911 -0.283483 7.487955 -0.322874 
110 -15.842458 0.000000 -4.198606 99.623279 -0.004666 3.867980 0.006024 
111 -23.247567 0.000000 -4.198606 99.776244 0.007156 3.864449 0.002977 
112 -15.842458 0.000000 -11.122213 99.674949 0.049535 3.781996 0.005060 
113 -15.842458 0.000000 2.725000 99.638694 -0.007210 3.944608 0.005657 
114 -4.734795 0.000000 -0.736803 98.618588 -0.273491 4.107358 0.025743 
115 -8.437349 0.000000 -0.736803 99.178478 -0.013925 3.918524 0.014827 
116 -4.734795 0.000000 -4.198606 98.801747 -0.419227 3.781574 0.022374 
117 -4.734795 0.000000 2.725000 98.869985 -0.286506 4.486078 0.020452 
118 35.993305 0.000000 16.572213 100.375369 0.082273 2.442184 -0.008119 
119 50.803523 0.000000 16.572213 99.947581 0.216343 2.511040 0.000413 
120 35.993305 0.000000 30.419425 100.182550 0.019611 3.363449 -0.004786 
121 13.777978 0.000000 9.648606 102.065259 -0.055072 4.774091 -0.044011 
122 21.183087 0.000000 9.648606 101.852111 -0.043848 2.486348 -0.038004 
123 13.777978 0.000000 16.572213 100.874272 0.134726 4.146887 -0.019283 
124 2.670314 0.000000 6.186803 98.259760 -0.063818 5.860316 0.031067 
125 -1.032240 0.000000 6.186803 98.746612 -0.100206 4.770427 0.022634 
126 6.372869 0.000000 6.186803 97.906887 -0.407352 7.630950 0.035584 
127 2.670314 0.000000 9.648606 99.578069 -0.048339 5.335461 0.005574 
128 0.819037 0.000000 0.994098 107.330536 -0.174833 6.304198 -0.155962 
129 -1.032240 0.000000 0.994098 95.453739 -0.018727 6.063670 0.085182 
130 0.819037 0.000000 -0.736803 91.957879 -0.170269 -23.988176 0.096829 
131 2.670314 0.000000 0.994098 114.101524 -0.201666 5.198612 -0.304622 
132 0.819037 0.000000 2.725000 98.180742 -0.155318 5.940983 0.032522 
133 -15.842458 0.000000 9.648606 99.714917 0.044293 3.993015 0.004099 
134 -23.247567 0.000000 9.648606 99.808515 0.085652 3.912572 0.002294 
135 -15.842458 0.000000 16.572213 99.831759 -0.058138 4.002208 0.001760 
136 -4.734795 0.000000 6.186803 99.230260 -0.109949 4.618737 0.013201 
137 -8.437349 0.000000 6.186803 99.401839 -0.182222 4.193639 0.010165 
138 -4.734795 0.000000 9.648606 99.468637 -0.202459 4.432701 0.008630 
139 -2.883517 0.000000 0.994098 97.928086 0.019237 4.389543 0.039082 
140 -4.734795 0.000000 0.994098 98.680819 -0.279618 4.330139 0.024327 
141 -2.883517 0.000000 -0.736803 97.816930 -0.039538 3.809857 0.041733 
142 -2.883517 0.000000 2.725000 98.472651 -0.021591 4.624601 0.028175 
143 -38.057785 0.000000 -163.441551 99.918212 -0.002881 3.835391 0.000164 
144 -97.298657 0.000000 -163.441551 99.921090 -0.001774 3.838373 0.000104 
145 -38.057785 0.000000 -218.830401 99.921284 -0.002876 3.836269 0.000102 
146 21.183087 0.000000 -163.441551 99.916478 -0.004855 3.829682 0.000203 
147 -8.437349 0.000000 -80.358276 99.900179 0.004677 3.820597 0.000536 
148 -38.057785 0.000000 -80.358276 99.905724 -0.000724 3.834230 0.000414 
149 -8.437349 0.000000 -108.052701 99.907458 -0.003077 3.827915 0.000385 
150 21.183087 0.000000 -80.358276 99.895793 -0.010757 3.802867 0.000637 
151 6.372869 0.000000 -38.816638 99.834278 0.027375 3.761062 0.001897 
152 -8.437349 0.000000 -38.816638 99.861961 0.045092 3.778243 0.001331 
153 6.372869 0.000000 -52.663850 99.874248 -0.002091 3.785850 0.001080 
154 21.183087 0.000000 -38.816638 99.828684 -0.118968 3.722444 0.002036 
155 -1.032240 0.000000 -18.045819 99.457031 -0.015159 3.667665 0.009485 
156 -8.437349 0.000000 -18.045819 99.654378 -0.082278 3.740417 0.005501 
157 -1.032240 0.000000 -24.969425 99.805325 -0.107476 3.662675 0.002547 
158 6.372869 0.000000 -18.045819 99.730141 -0.002900 3.355740 0.004264 
159 2.670314 0.000000 -7.660409 98.554048 -0.267084 2.356219 0.028148 
160 -1.032240 0.000000 -7.660409 98.850545 -0.049043 3.295595 0.021771 
161 2.670314 0.000000 -11.122213 99.250853 -0.060576 2.931026 0.014067 
162 6.372869 0.000000 -7.660409 98.283431 -0.176053 1.289386 0.033867 
163 0.819037 0.000000 -2.467705 97.793271 -0.100701 1.642385 0.043377 
164 -1.032240 0.000000 -2.467705 97.395026 -0.058103 2.672740 0.050706 
165 0.819037 0.000000 -4.198606 98.030177 -0.116732 2.328037 0.038465 
166 2.670314 0.000000 -2.467705 113.754430 -0.235081 -2.666979 -0.294724 
167 -0.106602 0.000000 0.128648 46.371889 -0.237109 42.020539 0.608387 
168 -1.032240 0.000000 0.128648 93.451009 -0.031084 4.617723 0.124558 
169 -0.106602 0.000000 -0.736803 87.077252 0.008548 -6.043300 0.238103 
170 0.819037 0.000000 0.128648 106.926938 -0.095095 6.349418 -0.147369 
171 -0.106602 0.000000 0.994098 93.080771 -0.035364 12.339977 0.118369 
172 -4.734795 0.000000 -7.660409 99.139578 0.033014 3.604073 0.015835 
173 -8.437349 0.000000 -7.660409 99.373361 -0.074167 3.685725 0.011134 
174 -4.734795 0.000000 -11.122213 99.394649 -0.056164 3.518225 0.010832 
175 -2.883517 0.000000 -2.467705 98.252857 -0.008884 3.458393 0.033442 
176 -4.734795 0.000000 -2.467705 98.705207 -0.273354 3.961680 0.024151 
177 -2.883517 0.000000 -4.198606 98.626691 -0.074793 3.439811 0.026094 
178 -0.106602 0.000000 -1.602254 96.271720 -0.028465 -0.573363 0.073143 
179 -1.032240 0.000000 -1.602254 96.471459 -0.016343 2.217338 0.068834 
180 -0.106602 0.000000 -2.467705 97.478044 -0.026244 1.606912 0.049545 
181 0.819037 0.000000 -1.602254 105.877783 -0.186574 -5.081233 -0.123596 
182 10.075423 0.000000 -0.736803 57.096298 -0.002811 0.465780 0.673980 
183 10.075423 0.000000 -4.198606 98.249944 -0.211397 -13.947707 0.015237 
184 13.777978 0.000000 -0.736803 -3.376450 -0.038273 0.618597 0.998822 
185 10.075423 0.000000 2.725000 76.518043 -0.161210 43.456655 0.225648 
186 4.521592 0.000000 0.994098 111.854594 -0.241479 5.339998 -0.254002 
187 4.521592 0.000000 -0.736803 111.393270 -0.221277 0.908541 -0.240934 
188 6.372869 0.000000 0.994098 105.511112 -0.162981 5.682399 -0.116491 
189 4.521592 0.000000 2.725000 110.767851 -0.267775 7.500198 -0.232584 
190 1.744676 0.000000 0.128648 109.029049 -0.132600 4.026683 -0.190357 
191 1.744676 0.000000 -0.736803 108.661638 -0.146468 0.014307 -0.180737 
192 2.670314 0.000000 0.128648 114.274626 -0.182729 4.154245 -0.307598 
193 1.744676 0.000000 0.994098 109.714326 -0.158216 6.499430 -0.207950 
194 0.356218 0.000000 -0.304078 54.073394 -0.155594 -49.929624 0.458308 
195 -0.106602 0.000000 -0.304078 73.354409 -0.009137 -5.174186 0.459236 
196 0.356218 0.000000 -0.736803 87.036040 -0.229080 -24.017184 0.184785 
197 0.819037 0.000000 -0.304078 106.175542 -0.098371 0.511304 -0.127352 
198 0.356218 0.000000 0.128648 53.659187 -0.313894 49.363878 0.468380 
199 -1.957879 0.000000 0.128648 96.765427 -0.012700 4.212401 0.061871 
200 -2.883517 0.000000 0.128648 97.779978 -0.038437 4.115488 0.042214 
201 -1.957879 0.000000 -0.736803 96.906417 -0.012988 3.593539 0.059623 
202 -1.957879 0.000000 0.994098 97.180832 -0.015582 4.734949 0.053347 
203 -0.569421 0.000000 -0.304078 88.625074 -0.044763 2.067752 0.214132 
204 -1.032240 0.000000 -0.304078 93.545460 -0.030405 3.378960 0.123783 
205 -0.569421 0.000000 -0.736803 91.638444 -0.015243 0.406384 0.160223 
206 -0.569421 0.000000 0.128648 88.125479 -0.045974 5.448700 0.220421 
207 0.819037 0.000000 4.455902 98.452503 -0.084572 5.559914 0.027618 
208 -1.032240 0.000000 4.455902 98.660023 0.003817 4.991847 0.024128 
209 2.670314 0.000000 4.455902 97.772512 -0.116571 5.884384 0.040590 
210 0.819037 0.000000 6.186803 98.582573 -0.050169 5.406778 0.025224 
211 -0.106602 0.000000 1.859549 97.615942 -0.028878 7.430471 0.041592 
212 -1.032240 0.000000 1.859549 97.262009 -0.025762 5.826423 0.050615 
213 0.819037 0.000000 1.859549 99.309820 -0.141921 6.480423 0.009554 
214 -0.106602 0.000000 2.725000 97.990739 -0.066400 5.930559 0.036264 
215 0.356218 0.000000 0.561373 68.811820 -0.173437 62.148244 0.140250 
216 -0.106602 0.000000 0.561373 83.996403 -0.045369 15.386764 0.270785 
217 0.819037 0.000000 0.561373 94.625762 -0.101283 30.465027 0.011784 
218 0.356218 0.000000 0.994098 97.396338 -0.179039 19.359971 0.013911 
219 0.124808 0.000000 -0.087715 43.290151 -0.120489 -12.453551 0.797086 
220 -0.106602 0.000000 -0.087715 41.264071 -0.077598 -22.364293 0.779711 
221 0.124808 0.000000 -0.304078 48.009631 -0.158915 -44.931747 0.567619 
222 0.356218 0.000000 -0.087715 48.309550 -0.149996 -39.219782 0.612797 
223 0.124808 0.000000 0.128648 46.226945 -0.200733 24.034876 0.728535 
224 4.521592 0.000000 -2.467705 110.657257 -0.249779 -3.042611 -0.225435 
225 4.521592 0.000000 -4.198606 96.130566 -0.243123 1.168478 0.075749 
226 6.372869 0.000000 -2.467705 108.331380 -0.186420 -0.356406 -0.173585 
227 1.744676 0.000000 -1.602254 109.999802 -0.184655 -2.589296 -0.210669 
228 1.744676 0.000000 -2.467705 113.641173 -0.325778 -5.820427 -0.294830 
229 2.670314 0.000000 -1.602254 113.942276 -0.171928 0.725113 -0.298340 
230 0.356218 0.000000 -1.169529 96.893655 -0.134125 -7.281168 0.055859 
231 -0.106602 0.000000 -1.169529 93.794541 -0.039878 -3.068785 0.119316 
232 0.356218 0.000000 -1.602254 97.719603 -0.125344 -1.545670 0.044847 
233 0.819037 0.000000 -1.169529 106.011004 -0.152148 -2.954598 -0.124709 
234 1.281856 0.000000 -0.304078 108.584352 -0.129628 2.898657 -0.179898 
235 1.281856 0.000000 -0.736803 107.736196 -0.131538 -0.775094 -0.160771 
236 1.744676 0.000000 -0.304078 108.824382 -0.132351 2.828965 -0.185077 
237 1.281856 0.000000 0.128648 108.760460 -0.129933 4.000853 -0.184486 
238 0.587627 0.000000 -0.520440 75.978998 -0.171815 -47.538479 0.196726 
239 0.356218 0.000000 -0.520440 62.807579 -0.146708 -54.066352 0.313202 
240 0.587627 0.000000 -0.736803 86.500663 -0.188944 -39.024576 0.099468 
241 0.819037 0.000000 -0.520440 92.836753 -0.159076 -25.012003 0.075571 
242 0.587627 0.000000 -0.304078 73.978429 -0.151938 -42.299197 0.273795 
243 13.777978 0.000000 -18.045819 99.675974 -0.007024 3.498246 0.005246 
244 13.777978 0.000000 -24.969425 99.785761 0.026871 3.639989 0.002955 
245 21.183087 0.000000 -18.045819 99.448470 0.216322 3.538250 0.009744 
246 10.075423 0.000000 -7.660409 100.036950 -0.296284 0.481347 -0.000771 
247 10.075423 0.000000 -11.122213 99.985346 -0.213523 2.526967 -0.000350 
248 13.777978 0.000000 -7.660409 101.701501 -0.067854 2.590146 -0.034991 
249 8.224146 0.000000 -2.467705 87.507836 0.057015 -1.583317 0.233987 
250 8.224146 0.000000 -4.198606 93.405171 -0.495432 -5.221387 0.124797 
251 10.075423 0.000000 -2.467705 87.364998 0.071996 -4.427969 0.234775 
252 8.224146 0.000000 -0.736803 91.715788 0.004226 1.602644 0.158565 
253 10.075423 0.000000 6.186803 101.912364 -0.167947 10.041826 -0.048700 
254 13.777978 0.000000 6.186803 104.107263 -0.086302 4.957672 -0.086291 
255 10.075423 0.000000 9.648606 100.691410 -0.177716 5.832465 -0.017281 
256 8.224146 0.000000 0.994098 91.620888 0.000989 5.708464 0.157303 
257 10.075423 0.000000 0.994098 53.360059 -0.097669 4.483399 0.713259 
258 8.224146 0.000000 2.725000 88.978860 0.036567 6.370553 0.204218 
259 28.588196 0.000000 -4.198606 98.158912 0.013473 -4.223975 0.034699 
260 28.588196 0.000000 -11.122213 98.873294 0.189035 2.530881 0.021763 
261 35.993305 0.000000 -4.198606 98.334789 0.027689 -5.346647 0.030168 
262 28.588196 0.000000 2.725000 108.686289 0.008825 -1.587937 -0.181523 
263 17.480532 0.000000 -0.736803 -5.861131 0.049611 1.063025 0.996451 
264 17.480532 0.000000 -4.198606 103.223330 -0.005525 10.534319 -0.076603 
265 21.183087 0.000000 -0.736803 -0.501404 0.011168 3.394547 0.998823 
266 17.480532 0.000000 2.725000 106.123251 0.074772 -2.512037 -0.126846 
267 11.926701 0.000000 -2.467705 120.090644 -0.066689 0.122237 -0.442178 
268 11.926701 0.000000 -4.198606 109.308869 -0.093444 -3.109621 -0.195811 
269 13.777978 0.000000 -2.467705 109.303954 -0.033244 0.241378 -0.194741 
270 11.926701 0.000000 -0.736803 -15.614628 -0.056867 5.072931 0.973045 
271 11.926701 0.000000 0.994098 -14.157478 -0.044985 -6.468259 0.975773 
272 13.777978 0.000000 0.994098 -2.935218 -0.115429 -0.421061 0.999119 
273 11.926701 0.000000 2.725000 118.357789 -0.007641 0.200985 -0.400861 
274 11.001062 0.000000 -1.602254 19.968718 0.162738 -36.013010 0.830429 
275 10.075423 0.000000 -1.602254 53.634929 -0.008673 -1.063263 0.712216 
276 11.001062 0.000000 -2.467705 51.927954 0.122794 -61.198164 0.355826 
277 11.926701 0.000000 -1.602254 -9.665587 0.134786 9.053478 0.982459 
278 11.001062 0.000000 -0.736803 -39.538033 -0.122551 9.012106 0.835551 
279 9.149785 0.000000 -1.602254 75.430029 0.025796 -0.232524 0.431026 
280 8.224146 0.000000 -1.602254 90.974544 -0.002747 -0.657067 0.172320 
281 9.149785 0.000000 -2.467705 87.512629 0.056530 -1.490817 0.233931 
282 9.149785 0.000000 -0.736803 85.252375 0.033957 2.627322 0.272513 
283 11.001062 0.000000 0.128648 -37.555279 -0.112406 -1.062053 0.858846 
284 10.075423 0.000000 0.128648 88.237082 0.033868 4.218201 0.219642 
285 11.926701 0.000000 0.128648 -17.252996 -0.051223 -0.798190 0.970169 
286 11.001062 0.000000 0.994098 38.562455 -0.175528 2.214063 0.850800 
287 10.538243 0.000000 -1.169529 21.687431 0.054456 -7.589186 0.947206 
288 10.075423 0.000000 -1.169529 48.070403 -0.019800 -0.635641 0.768883 
289 10.538243 0.000000 -1.602254 13.756961 0.145364 -27.161956 0.907295 
290 11.001062 0.000000 -1.169529 36.917356 -0.044142 -1.410995 0.863512 
291 10.538243 0.000000 -0.736803 47.887692 -0.010468 -0.647939 0.770635 
292 17.480532 0.000000 -7.660409 100.283571 -0.002894 4.828048 -0.008010 
293 17.480532 0.000000 -11.122213 99.800302 -0.122048 3.978381 0.002406 
294 21.183087 0.000000 -7.660409 97.752043 0.021888 4.332742 0.042576 
295 11.926701 0.000000 -5.929508 103.410418 -0.141998 -0.732037 -0.069427 
296 10.075423 0.000000 -5.929508 100.515212 -0.158692 -3.158291 -0.011331 
297 11.926701 0.000000 -7.660409 101.419583 -0.159246 1.190003 -0.028737 
298 13.777978 0.000000 -5.929508 103.293653 -0.074257 2.019895 -0.067366 
299 11.001062 0.000000 -3.333156 94.486766 -0.068302 -60.046617 -0.253335 
300 10.075423 0.000000 -3.333156 89.390840 -0.179563 -27.266613 0.126578 
301 11.001062 0.000000 -4.198606 108.019236 -0.116586 -12.293928 -0.181931 
302 11.926701 0.000000 -3.333156 117.096902 -0.075552 0.122418 -0.371171 
303 10.538243 0.000000 -2.034979 23.943067 0.167133 -41.685213 0.768904 
304 10.075423 0.000000 -2.034979 61.517421 0.007331 -1.946492 0.621182 
305 10.538243 0.000000 -2.467705 33.293668 0.155918 -63.056544 0.491538 
306 11.001062 0.000000 -2.034979 28.141047 0.157453 -49.184886 0.678890 
307 15.629255 0.000000 -2.467705 110.407280 0.149995 3.461930 -0.220178 
308 15.629255 0.000000 -4.198606 106.783060 0.105002 3.546975 -0.141521 
309 17.480532 0.000000 -2.467705 108.687909 0.068752 21.115514 -0.225893 
310 15.629255 0.000000 -0.736803 -4.937076 0.217976 -0.084276 0.997557 
311 12.852339 0.000000 -1.602254 -3.568878 -0.161594 3.411598 0.997560 
312 12.852339 0.000000 -2.467705 110.743878 -0.111695 0.282512 -0.226430 
313 13.777978 0.000000 -1.602254 -2.988578 -0.022301 0.155866 0.999104 
314 12.852339 0.000000 -0.736803 -6.527928 -0.060760 1.959555 0.995354 
315 11.463881 0.000000 -1.169529 -20.830819 -0.129148 11.982463 0.942248 
316 11.463881 0.000000 -1.602254 -14.831611 -0.136321 14.148520 0.957982 
317 11.926701 0.000000 -1.169529 -12.966788 -0.059491 7.496535 0.977566 
318 11.463881 0.000000 -0.736803 -24.833057 -0.121942 7.648608 0.932480 
319 10.769652 0.000000 -1.385891 9.292223 0.109560 -15.918897 0.966023 
320 10.538243 0.000000 -1.385891 11.977581 0.095443 -11.678524 0.972014 
321 10.769652 0.000000 -1.602254 10.781606 0.156796 -29.512211 0.901276 
322 11.001062 0.000000 -1.385891 36.917228 -0.044152 -1.412256 0.863512 
323 10.769652 0.000000 -1.169529 15.039478 0.063982 -9.108138 0.969085 
324 9.149785 0.000000 0.128648 88.254638 0.033609 4.314728 0.219250 
325 8.224146 0.000000 0.128648 94.664340 -0.032394 4.285200 0.102030 
326 9.149785 0.000000 0.994098 80.250709 -0.001278 4.853587 0.353627 
327 9.612604 0.000000 -1.169529 61.040998 0.005062 -0.730708 0.627346 
328 9.149785 0.000000 -1.169529 78.130842 0.024672 1.211925 0.389410 
329 9.612604 0.000000 -1.602254 61.571379 0.004411 -0.607085 0.620860 
330 9.612604 0.000000 -0.736803 68.226446 0.010005 2.092964 0.534077 
331 10.306833 0.000000 -1.385891 40.271237 -0.004356 -1.589963 0.837570 
332 10.075423 0.000000 -1.385891 47.521891 -0.019178 -0.861223 0.774093 
333 10.306833 0.000000 -1.602254 33.359757 0.101494 -19.495097 0.850706 
334 10.306833 0.000000 -1.169529 41.725858 -0.004214 -0.985741 0.825798 
335 10.538243 0.000000 -0.304078 -45.040325 -0.101202 0.916576 0.797052 
336 10.075423 0.000000 -0.304078 72.547718 0.012568 2.520285 0.473048 
337 11.001062 0.000000 -0.304078 -37.859850 -0.115618 3.042898 0.855736 
338 10.538243 0.000000 0.128648 -44.500676 -0.100523 -0.218297 0.801963 
339 10.769652 0.000000 -0.953166 36.969942 -0.038459 -0.711181 0.863272 
340 10.538243 0.000000 -0.953166 47.064506 -0.012820 -0.684445 0.778446 
341 11.001062 0.000000 -0.953166 36.875571 -0.047330 -1.822465 0.863687 
342 10.769652 0.000000 -0.736803 36.972070 -0.038236 -0.683639 0.863260 
343 10.653948 0.000000 -1.277710 11.867900 0.072581 -7.403780 0.980433 
344 10.538243 0.000000 -1.277710 15.592284 0.066542 -6.660798 0.971251 
345 10.653948 0.000000 -1.385891 7.541819 0.107838 -13.379488 0.976410 
346 10.769652 0.000000 -1.277710 13.757166 0.070981 -9.864486 0.971343 
347 10.653948 0.000000 -1.169529 16.591444 0.060477 -8.487042 0.965269 
348 10.306833 0.000000 -0.953166 51.093846 -0.009161 -0.419582 0.738924 
349 10.075423 0.000000 -0.953166 54.122102 -0.008511 0.185860 0.707076 
350 10.306833 0.000000 -0.736803 55.031938 -0.003633 0.078576 0.697148 
351 10.422538 0.000000 -1.277710 24.339821 0.051225 -7.356801 0.935345 
352 10.306833 0.000000 -1.277710 41.332415 -0.004174 -1.029203 0.829057 
353 10.422538 0.000000 -1.385891 20.793067 0.077608 -12.037997 0.942273 
354 10.422538 0.000000 -1.169529 30.501869 0.024512 -3.228130 0.905921 
355 11.463881 0.000000 -2.034979 -10.064240 -0.025131 14.692225 0.968285 
356 11.463881 0.000000 -2.467705 75.509327 -0.017267 -56.859482 0.106534 
357 11.926701 0.000000 -2.034979 -5.459708 0.070643 9.823563 0.987368 
358 10.769652 0.000000 -1.818617 13.107198 0.173573 -38.199532 0.836897 
359 10.538243 0.000000 -1.818617 13.291940 0.178348 -37.847694 0.839084 
360 10.769652 0.000000 -2.034979 23.093210 0.114943 -38.753093 0.796489 
361 11.001062 0.000000 -1.818617 14.902570 0.161668 -41.048420 0.809291 
362 10.653948 0.000000 -1.494073 8.754753 0.139851 -21.740389 0.945069 
363 10.538243 0.000000 -1.494073 11.231633 0.128456 -20.178466 0.946666 
364 10.653948 0.000000 -1.602254 6.484492 0.161832 -29.366894 0.909551 
365 10.769652 0.000000 -1.494073 8.480075 0.159338 -25.950154 0.925465 
366 10.596095 0.000000 -1.331801 4.653506 0.086709 -3.994454 0.996238 
367 10.538243 0.000000 -1.331801 11.969060 0.089561 -10.155207 0.975361 
368 10.596095 0.000000 -1.385891 9.315580 0.101132 -11.859768 0.977256 
369 10.653948 0.000000 -1.331801 8.818724 0.097663 -11.352734 0.979334 
370 10.596095 0.000000 -1.277710 12.540094 0.071476 -6.542354 0.979994 
371 28.588196 0.000000 9.648606 101.184543 0.148288 1.448336 -0.024043 
372 35.993305 0.000000 9.648606 100.538678 0.421767 1.085260 -0.010938 
373 28.588196 0.000000 16.572213 100.819281 0.224990 2.674060 -0.017173 
374 17.480532 0.000000 6.186803 103.287635 -0.054376 2.418914 -0.067419 
375 21.183087 0.000000 6.186803 102.690690 0.023777 0.805049 -0.054603 
376 17.480532 0.000000 9.648606 102.143818 -0.066648 3.260553 -0.044400 
377 11.926701 0.000000 4.455902 110.119293 -0.062845 8.501317 -0.219853 
378 10.075423 0.000000 4.455902 101.265850 -0.195081 18.633116 -0.060200 
379 13.777978 0.000000 4.455902 105.842593 0.034629 3.476421 -0.121474 
380 11.926701 0.000000 6.186803 104.429224 -0.150444 7.572938 -0.096283 
381 11.001062 0.000000 1.859549 16.919130 -0.271516 48.108791 0.739921 
382 10.075423 0.000000 1.859549 56.344348 -0.089898 4.197158 0.680769 
383 11.926701 0.000000 1.859549 -7.130861 0.155602 -9.653944 0.985593 
384 11.001062 0.000000 2.725000 48.321814 -0.154891 77.673775 0.163176 
385 8.224146 0.000000 4.455902 95.860187 -0.417641 12.701356 0.064933 
386 6.372869 0.000000 4.455902 96.054013 -0.304503 8.641658 0.069886 
387 8.224146 0.000000 6.186803 98.925819 -0.346958 9.089279 0.013095 
388 9.149785 0.000000 1.859549 88.869922 0.029432 6.980623 0.205341 
389 8.224146 0.000000 1.859549 92.998039 -0.032983 7.043285 0.130176 
390 9.149785 0.000000 2.725000 88.977289 0.036415 6.385565 0.204227 
391 10.538243 0.000000 1.426824 13.246087 -0.268910 16.752689 0.954382 
392 10.075423 0.000000 1.426824 50.136601 -0.112215 3.976949 0.747049 
393 10.538243 0.000000 0.994098 39.301338 -0.150494 3.860200 0.844048 
394 11.001062 0.000000 1.426824 6.606071 -0.294582 27.253515 0.921352 
395 10.538243 0.000000 1.859549 16.802499 -0.290563 45.822831 0.761786 
396 10.538243 0.000000 0.561373 53.059460 -0.099558 3.922749 0.716930 
397 10.075423 0.000000 0.561373 63.259408 -0.059751 5.259618 0.597058 
398 11.001062 0.000000 0.561373 -38.818047 -0.110945 -5.863648 0.845876 
399 15.629255 0.000000 0.994098 -4.601791 0.226802 0.608236 0.997840 
400 17.480532 0.000000 0.994098 -5.288098 0.088781 0.770572 0.997143 
401 15.629255 0.000000 2.725000 106.836489 0.127054 -0.195543 -0.141409 
402 12.852339 0.000000 1.859549 -1.992921 -0.116019 -3.641627 0.998275 
403 12.852339 0.000000 0.994098 -5.722676 -0.036908 -2.405228 0.996146 
404 13.777978 0.000000 1.859549 -2.033723 -0.006400 -0.364856 0.999573 
405 12.852339 0.000000 2.725000 111.007862 -0.113437 0.238293 -0.232282 
406 11.463881 0.000000 1.426824 -17.380572 -0.107533 -13.476918 0.951628 
407 11.463881 0.000000 0.994098 -22.880819 -0.109312 -10.182430 0.937277 
408 11.926701 0.000000 1.426824 -10.903680 -0.040764 -8.489987 0.980903 
409 11.463881 0.000000 1.859549 -11.752624 -0.104690 -14.484189 0.965207 
410 10.769652 0.000000 1.210461 15.899412 -0.254483 12.595832 0.958849 
411 10.538243 0.000000 1.210461 22.434533 -0.228224 10.632508 0.938359 
412 10.769652 0.000000 0.994098 38.542114 -0.156827 3.070198 0.850505 
413 11.001062 0.000000 1.210461 38.562018 -0.168783 2.540444 0.850649 
414 10.769652 0.000000 1.426824 9.796791 -0.285959 20.936143 0.946562 
415 9.612604 0.000000 1.426824 63.457124 -0.066753 4.653365 0.595154 
416 9.149785 0.000000 1.426824 77.588212 -0.016854 5.997262 0.394410 
417 9.612604 0.000000 0.994098 63.786451 -0.060567 4.837526 0.590788 
418 9.612604 0.000000 1.859549 69.848997 -0.046212 5.357865 0.509241 
419 10.306833 0.000000 1.210461 43.128492 -0.139561 4.013121 0.812381 
420 10.075423 0.000000 1.210461 47.940707 -0.125982 3.658038 0.768829 
421 10.306833 0.000000 0.994098 52.244100 -0.098625 4.399892 0.725119 
422 10.306833 0.000000 1.426824 33.750735 -0.182428 9.543974 0.876977 
423 11.001062 0.000000 3.590451 117.181429 0.015119 69.697445 -0.858922 
424 10.075423 0.000000 3.590451 96.365637 -0.193762 30.128678 -0.019411 
425 11.926701 0.000000 3.590451 121.916875 0.020427 0.115247 -0.486374 
426 11.001062 0.000000 4.455902 108.838252 -0.040555 16.134019 -0.210607 
427 10.538243 0.000000 2.292275 33.733454 -0.265125 59.142428 0.536416 
428 10.075423 0.000000 2.292275 74.201344 -0.022791 4.848317 0.447065 
429 11.001062 0.000000 2.292275 38.585092 -0.230683 68.729052 0.378745 
430 10.538243 0.000000 2.725000 49.283832 -0.225794 78.904557 0.134512 
431 10.769652 0.000000 1.643187 12.668159 -0.283860 39.466934 0.828180 
432 10.538243 0.000000 1.643187 16.616452 -0.274904 35.561849 0.845917 
433 11.001062 0.000000 1.643187 22.603406 -0.277183 42.089672 0.771747 
434 10.769652 0.000000 1.859549 18.591318 -0.293414 48.048211 0.734565 
435 10.653948 0.000000 1.318642 10.451482 -0.277958 14.687330 0.967497 
436 10.538243 0.000000 1.318642 14.821233 -0.257957 12.284862 0.962935 
437 10.653948 0.000000 1.210461 17.401887 -0.248485 11.755357 0.955892 
438 10.769652 0.000000 1.318642 12.661250 -0.271386 18.276769 0.950558 
439 10.653948 0.000000 1.426824 7.537546 -0.304787 23.263484 0.940190 
440 8.224146 0.000000 -5.929508 97.424837 -0.362504 -1.519991 0.050596 
441 6.372869 0.000000 -5.929508 96.845362 -0.464984 0.250404 0.062070 
442 8.224146 0.000000 -7.660409 98.740744 -0.233304 0.723021 0.024969 
443 9.149785 0.000000 -3.333156 87.340098 0.074641 -4.899885 0.234769 
444 8.224146 0.000000 -3.333156 87.364938 0.072002 -4.429093 0.234775 
445 9.149785 0.000000 -4.198606 93.825084 -0.372234 -9.259704 0.111097 
446 9.612604 0.000000 -2.034979 67.891563 0.017288 -1.429644 0.538869 
447 9.149785 0.000000 -2.034979 87.572466 0.051831 -0.581421 0.233072 
448 9.612604 0.000000 -2.467705 87.454120 0.061898 -2.535601 0.234534 
449 10.306833 0.000000 -1.818617 31.347067 0.129164 -25.230127 0.838079 
450 10.075423 0.000000 -1.818617 54.303859 -0.004725 -1.406532 0.704911 
451 10.306833 0.000000 -2.034979 32.779078 0.116502 -28.101931 0.813580 
452 10.538243 0.000000 -2.900430 62.129780 0.074461 -69.448155 0.131684 
453 10.075423 0.000000 -2.900430 78.786893 -0.161990 -34.096051 0.263006 
454 10.538243 0.000000 -3.333156 89.355730 -0.084331 -92.475630 -0.653620 
455 11.001062 0.000000 -2.900430 56.588310 0.009114 -77.749298 0.075281 
456 10.769652 0.000000 -2.251342 16.241693 0.166697 -53.336382 0.689141 
457 10.538243 0.000000 -2.251342 29.045539 0.166912 -50.633959 0.659253 
458 10.769652 0.000000 -2.467705 45.570919 0.191228 -64.546796 0.375697 
459 11.001062 0.000000 -2.251342 31.365259 0.140158 -55.805943 0.590190 
460 10.653948 0.000000 -1.926798 28.285313 0.205775 -42.003896 0.743557 
461 10.538243 0.000000 -1.926798 17.060063 0.179836 -41.038105 0.802480 
462 10.653948 0.000000 -2.034979 24.835587 0.170973 -44.535705 0.739974 
463 10.769652 0.000000 -1.926798 28.152012 0.161985 -39.441241 0.765183 
464 10.653948 0.000000 -1.818617 5.918312 0.237870 -43.830155 0.804383 
465 11.463881 0.000000 2.292275 39.631493 -0.149429 84.171227 0.134453 
466 11.926701 0.000000 2.292275 116.048504 0.014505 0.110765 -0.346727 
467 11.463881 0.000000 2.725000 89.802868 -0.042999 53.320052 -0.090758 
468 10.769652 0.000000 2.075912 20.313502 -0.212523 47.257969 0.735400 
469 10.538243 0.000000 2.075912 26.239644 -0.288732 50.971812 0.671327 
470 11.001062 0.000000 2.075912 31.560052 -0.266140 56.793035 0.577844 
471 10.769652 0.000000 2.292275 22.068113 -0.281548 64.561287 0.534476 
472 9.149785 0.000000 3.590451 91.454108 -0.331791 20.258525 0.122563 
473 8.224146 0.000000 3.590451 91.731093 -0.540192 14.100454 0.138629 
474 9.149785 0.000000 4.455902 96.859835 -0.324549 15.793077 0.036865 
475 9.612604 0.000000 2.292275 88.976638 0.036352 6.391767 0.204230 
476 9.149785 0.000000 2.292275 88.923813 0.032486 6.756570 0.204690 
477 9.612604 0.000000 2.725000 89.027288 0.040790 5.940129 0.203886 
478 10.306833 0.000000 2.075912 30.023875 -0.235252 39.094469 0.757013 
479 10.075423 0.000000 2.075912 63.553054 -0.067278 4.455668 0.594115 
480 10.306833 0.000000 1.859549 33.605405 -0.238029 30.389331 0.794711 
481 10.306833 0.000000 2.292275 35.468505 -0.302277 61.447088 0.496615 
482 10.653948 0.000000 1.967731 29.831335 -0.303412 48.522637 0.675555 
483 10.538243 0.000000 1.967731 21.852377 -0.280242 46.787003 0.733337 
484 10.653948 0.000000 1.859549 19.289300 -0.316582 48.319787 0.729302 
485 10.769652 0.000000 1.967731 31.478665 -0.243424 43.447367 0.712136 
486 10.653948 0.000000 2.075912 27.969843 -0.281655 51.889641 0.652507 
487 12.852339 0.000000 -3.333156 111.148352 -0.107805 0.235319 -0.235402 
488 12.852339 0.000000 -4.198606 106.137967 -0.039448 0.473869 -0.126549 
489 13.777978 0.000000 -3.333156 109.304310 -0.034918 0.223442 -0.194748 
490 11.463881 0.000000 -2.900430 98.105511 -0.055427 -40.045899 -0.122837 
491 11.463881 0.000000 -3.333156 119.793054 -0.073963 -27.001322 -0.507945 
492 11.926701 0.000000 -2.900430 116.525857 -0.067237 0.200976 -0.357832 
493 10.769652 0.000000 -2.684067 53.196208 0.104362 -67.917890 0.255731 
494 10.538243 0.000000 -2.684067 44.897830 0.128898 -70.527747 0.301001 
495 10.769652 0.000000 -2.900430 62.476094 0.064782 -70.073263 0.118647 
496 11.001062 0.000000 -2.684067 44.255724 0.065391 -68.213919 0.338829 
497 11.232472 0.000000 -2.251342 33.284709 0.143862 -63.446376 0.486666 
498 11.232472 0.000000 -2.467705 59.333664 0.084293 -62.394051 0.258649 
499 11.463881 0.000000 -2.251342 37.041102 0.079092 -66.643119 0.418665 
500 11.232472 0.000000 -2.034979 30.237526 0.160741 -50.913842 0.649345 
501 10.885357 0.000000 -2.359523 26.252083 0.167009 -61.825764 0.548838 
502 10.769652 0.000000 -2.359523 22.505219 0.194027 -61.784899 0.567610 
503 10.885357 0.000000 -2.467705 55.483148 0.192153 -61.516158 0.313735 
504 11.001062 0.000000 -2.359523 42.164979 0.112039 -60.479999 0.456427 
505 10.885357 0.000000 -2.251342 24.006068 0.144558 -53.714524 0.653844 
506 10.538243 0.000000 3.157725 88.816024 -0.012157 83.592386 -0.487597 
507 10.075423 0.000000 3.157725 88.585266 -0.140846 37.791911 0.072440 
508 11.001062 0.000000 3.157725 84.955817 -0.029037 70.606687 -0.220280 
509 10.538243 0.000000 3.590451 105.476331 -0.104918 35.075971 -0.235559 
510 10.769652 0.000000 2.508637 51.983570 -0.279003 72.217790 0.208222 
511 10.538243 0.000000 2.508637 37.034255 -0.259739 71.471190 0.352027 
512 11.001062 0.000000 2.508637 54.084006 -0.216069 68.942170 0.232185 
513 10.769652 0.000000 2.725000 58.157667 -0.195133 75.730168 0.088259 
514 15.629255 0.000000 4.455902 105.224210 0.089412 2.900536 -0.108056 
515 17.480532 0.000000 4.455902 104.389312 0.024605 1.093850 -0.089833 
516 15.629255 0.000000 6.186803 103.720727 -0.014132 3.600611 -0.077095 
517 12.852339 0.000000 3.590451 111.035617 -0.111098 0.250998 -0.232898 
518 13.777978 0.000000 3.590451 108.585255 -0.007264 0.227031 -0.179081 
519 12.852339 0.000000 4.455902 107.266132 0.089781 4.847563 -0.152953 
520 11.463881 0.000000 3.157725 115.608085 0.014053 33.418816 -0.448205 
521 11.926701 0.000000 3.157725 117.968409 -0.002933 0.179678 -0.391658 
522 11.463881 0.000000 3.590451 129.025780 0.023770 16.053035 -0.690535 
523 11.232472 0.000000 2.508637 64.065079 -0.172027 69.384477 0.108143 
524 11.232472 0.000000 2.292275 50.049310 -0.205139 71.664340 0.235925 
525 11.463881 0.000000 2.508637 79.988750 -0.063014 62.365076 -0.028761 
526 11.232472 0.000000 2.725000 78.677943 -0.117594 64.042988 -0.029174 
527 10.885357 0.000000 2.400456 46.267157 -0.280323 70.385627 0.290514 
528 10.769652 0.000000 2.400456 27.093494 -0.309616 74.457246 0.372197 
529 10.885357 0.000000 2.292275 28.271598 -0.265380 66.348568 0.479851 
530 11.001062 0.000000 2.400456 46.779712 -0.212411 68.479359 0.312219 
531 10.885357 0.000000 2.508637 67.059759 -0.267002 65.690215 0.118771 
532 10.306833 0.000000 2.508637 65.139329 -0.361927 67.820193 0.115716 
533 10.075423 0.000000 2.508637 89.063447 0.045138 5.533629 0.203708 
534 10.306833 0.000000 2.725000 74.907605 -0.138601 52.833629 0.159744 
535 10.653948 0.000000 2.400456 34.641937 -0.253480 66.853502 0.433048 
536 10.538243 0.000000 2.400456 35.815703 -0.262886 70.725349 0.371509 
537 10.653948 0.000000 2.292275 28.475341 -0.262816 61.037045 0.546357 
538 10.653948 0.000000 2.508637 42.397180 -0.239181 73.822948 0.275259 
539 10.769652 0.000000 2.941363 67.903062 -0.153655 77.340285 -0.059237 
540 10.538243 0.000000 2.941363 71.219626 -0.048605 84.584523 -0.222678 
541 11.001062 0.000000 2.941363 67.902421 -0.093802 84.563980 -0.176181 
542 10.769652 0.000000 3.157725 75.114148 -0.042314 83.613017 -0.263327 
543 10.885357 0.000000 2.616819 56.940250 -0.211929 71.017257 0.171431 
544 10.769652 0.000000 2.616819 51.470994 -0.208733 72.657132 0.207163 
545 11.001062 0.000000 2.616819 38.542622 -0.182727 76.983090 0.258804 
546 10.885357 0.000000 2.725000 49.735799 -0.177064 78.417830 0.137696 
547 10.827505 0.000000 2.454547 58.246007 -0.313489 71.414045 0.150734 
548 10.769652 0.000000 2.454547 46.812950 -0.286075 70.744765 0.280364 
549 10.827505 0.000000 2.400456 38.272747 -0.313808 72.913218 0.321876 
550 10.885357 0.000000 2.454547 58.818739 -0.288829 69.037909 0.177404 
551 10.827505 0.000000 2.508637 61.840060 -0.293639 69.105886 0.140010 
552 11.232472 0.000000 -2.684067 73.040881 0.039173 -58.490687 0.124387 
553 11.232472 0.000000 -2.900430 84.420494 -0.008934 -51.844273 0.018535 
554 11.463881 0.000000 -2.684067 84.565006 -0.028767 -49.385808 0.040980 
555 10.885357 0.000000 -2.575886 51.825904 0.119636 -60.862649 0.360980 
556 10.769652 0.000000 -2.575886 46.800322 0.114357 -64.666389 0.362797 
557 10.885357 0.000000 -2.684067 48.311000 0.092551 -68.212492 0.301309 
558 11.001062 0.000000 -2.575886 46.561077 0.103965 -63.314369 0.382335 
559 11.001062 0.000000 -5.064057 103.871726 -0.095222 -5.635316 -0.082110 
560 10.075423 0.000000 -5.064057 100.122111 -0.194855 -6.842531 -0.007130 
561 11.001062 0.000000 -5.929508 102.395516 -0.085844 -2.410879 -0.049066 
562 11.926701 0.000000 -5.064057 105.431324 -0.136234 -2.244274 -0.112082 
563 11.463881 0.000000 -3.765881 117.421912 -0.060030 -8.000920 -0.385192 
564 11.001062 0.000000 -3.765881 113.896906 -0.104749 -19.629019 -0.335781 
565 11.463881 0.000000 -4.198606 110.304242 -0.067922 -7.218974 -0.221914 
566 11.926701 0.000000 -3.765881 114.614753 -0.066256 0.120689 -0.313656 
567 11.232472 0.000000 -3.116793 95.057292 -0.055387 -46.174055 -0.116794 
568 11.001062 0.000000 -3.116793 79.980558 -0.048960 -64.954643 -0.061600 
569 11.232472 0.000000 -3.333156 103.407917 -0.068542 -46.283578 -0.283537 
570 11.463881 0.000000 -3.116793 114.018853 -0.068031 -26.974302 -0.372792 
571 11.116767 0.000000 -2.792249 58.062845 0.013948 -71.547218 0.150970 
572 11.001062 0.000000 -2.792249 46.705570 0.029142 -73.304121 0.244509 
573 11.116767 0.000000 -2.900430 60.329181 -0.027604 -80.255757 -0.008060 
574 11.232472 0.000000 -2.792249 79.337264 0.001813 -56.210223 0.054601 
575 11.116767 0.000000 -2.684067 49.782939 0.060001 -67.459508 0.297087 
576 11.232472 0.000000 2.941363 102.408609 -0.025044 61.076201 -0.421783 
577 11.463881 0.000000 2.941363 104.868406 -0.004264 40.502067 -0.263780 
578 11.232472 0.000000 3.157725 99.127424 -0.011128 50.706586 -0.239740 
579 10.538243 0.000000 -3.765881 102.879311 -0.150812 -23.105928 -0.111806 
580 10.075423 0.000000 -3.765881 95.462895 -0.238187 -19.850656 0.049273 
581 10.538243 0.000000 -4.198606 102.906923 -0.164661 -14.713951 -0.080636 
582 10.769652 0.000000 -3.116793 70.043827 -0.043064 -76.502106 -0.075871 
583 10.538243 0.000000 -3.116793 83.470419 -0.066637 -76.906511 -0.288193 
584 10.769652 0.000000 -3.333156 85.753737 -0.067824 -75.672378 -0.308002 
585 11.116767 0.000000 -3.008611 93.917591 -0.062343 -72.890698 -0.413357 
586 11.001062 0.000000 -3.008611 67.425183 -0.013588 -74.911664 -0.015791 
587 11.116767 0.000000 -3.116793 101.965604 -0.065726 -60.527886 -0.406061 
588 11.232472 0.000000 -3.008611 102.516207 -0.055361 -56.807926 -0.373672 
589 -38.057785 0.000000 168.891551 99.935291 0.004303 3.836875 -0.000178 
590 -97.298657 0.000000 168.891551 99.931408 0.002630 3.839618 -0.000103 
591 21.183087 0.000000 168.891551 99.938000 0.006894 3.829944 -0.000227 
592 -38.057785 0.000000 224.280401 99.931899 0.003706 3.836787 -0.000111 
593 -8.437349 0.000000 85.808276 99.959009 0.026871 3.834301 -0.000651 
594 -38.057785 0.000000 85.808276 99.945492 0.005873 3.845071 -0.000389 
595 21.183087 0.000000 85.808276 99.970664 0.024280 3.807565 -0.000863 
596 -8.437349 0.000000 113.502701 99.948852 0.007383 3.832714 -0.000446 
597 6.372869 0.000000 44.266638 100.106954 0.052318 3.883164 -0.003648 
598 -8.437349 0.000000 44.266638 99.983914 0.016096 3.886243 -0.001189 
599 21.183087 0.000000 44.266638 100.114450 -0.016818 3.744685 -0.003693 
600 6.372869 0.000000 58.113850 100.013581 0.005593 3.828004 -0.001737 
601 13.777978 0.000000 23.495819 100.655426 0.100635 3.898179 -0.014672 
602 6.372869 0.000000 23.495819 100.301906 0.117173 4.097745 -0.007728 
603 21.183087 0.000000 23.495819 100.567306 0.112713 3.529652 -0.012625 
604 13.777978 0.000000 30.419425 100.324855 -0.059778 3.828235 -0.007974 
605 10.075423 0.000000 13.110409 101.084398 -0.094886 5.010081 -0.024317 
606 6.372869 0.000000 13.110409 100.286873 -0.109533 5.069564 -0.008317 
607 13.777978 0.000000 13.110409 101.360084 -0.169225 4.231520 -0.029180 
608 10.075423 0.000000 16.572213 100.519365 -0.004210 4.409419 -0.012359 
609 11.926701 0.000000 7.917705 102.492396 -0.163628 6.304157 -0.054446 
610 10.075423 0.000000 7.917705 101.193234 -0.237009 7.170846 -0.029155 
611 13.777978 0.000000 7.917705 102.897441 -0.093104 5.030213 -0.061319 
612 11.926701 0.000000 9.648606 101.479007 -0.108787 5.447419 -0.032768 
613 11.001062 0.000000 5.321352 105.315461 -0.065031 11.487234 -0.122331 
614 10.075423 0.000000 5.321352 102.186981 -0.164579 13.027389 -0.061192 
615 11.926701 0.000000 5.321352 106.530530 -0.104478 8.366645 -0.141877 
616 11.001062 0.000000 6.186803 103.529149 -0.235276 9.154076 -0.080214 
617 11.463881 0.000000 4.023176 115.781936 0.031218 12.903257 -0.357195 
618 11.001062 0.000000 4.023176 113.230552 -0.030555 20.731721 -0.325096 
619 11.926701 0.000000 4.023176 113.147686 0.081207 7.307745 -0.285581 
620 11.463881 0.000000 4.455902 110.605364 0.009392 12.176987 -0.238183 
621 11.232472 0.000000 3.374088 107.634932 0.006103 50.736412 -0.415946 
622 11.001062 0.000000 3.374088 92.733837 -0.008625 81.115339 -0.517926 
623 11.463881 0.000000 3.374088 123.700664 0.021817 29.880449 -0.619470 
624 11.232472 0.000000 3.590451 117.627812 0.015377 69.073503 -0.860745 
625 11.116767 0.000000 3.049544 101.279447 -0.016641 76.277410 -0.607577 
626 11.001062 0.000000 3.049544 79.157555 -0.058106 70.979324 -0.130399 
627 11.116767 0.000000 2.941363 80.133376 -0.037172 87.726061 -0.411722 
628 11.232472 0.000000 3.049544 108.155399 -0.016789 60.756816 -0.538898 
629 11.116767 0.000000 3.157725 93.927817 -0.017786 59.063162 -0.231089 
630 15.629255 0.000000 -5.929508 102.815275 -0.028646 4.262298 -0.058915 
631 15.629255 0.000000 -7.660409 101.093214 -0.087015 3.821366 -0.023445 
632 17.480532 0.000000 -5.929508 101.078324 -0.030719 6.323877 -0.025682 
633 24.885641 0.000000 -0.736803 108.658126 -0.048943 5.452744 -0.183632 
634 24.885641 0.000000 -4.198606 93.849914 -0.024174 0.195479 0.119215 
635 28.588196 0.000000 -0.736803 106.367243 0.014380 5.456658 -0.134377 
636 24.885641 0.000000 2.725000 107.827663 -0.072413 -1.027827 -0.162787 
637 19.331810 0.000000 -2.467705 105.993281 0.046372 5.030832 -0.125989 
638 19.331810 0.000000 -4.198606 94.845560 0.025748 10.136341 0.090157 
639 21.183087 0.000000 -2.467705 110.223483 0.050819 2.868400 -0.215745 
640 19.331810 0.000000 -0.736803 -4.689296 -0.055562 2.146476 0.997340 
641 16.554894 0.000000 -3.333156 110.501105 0.119379 12.830142 -0.237512 
642 15.629255 0.000000 -3.333156 110.397594 0.151213 3.358386 -0.219893 
643 16.554894 0.000000 -4.198606 106.224044 0.067736 7.368683 -0.133785 
644 17.480532 0.000000 -3.333156 109.346621 0.076384 20.178242 -0.236385 
645 16.554894 0.000000 -2.467705 110.447865 0.116984 13.169989 -0.237219 
646 24.885641 0.000000 6.186803 101.835133 0.012488 0.682759 -0.037086 
647 28.588196 0.000000 6.186803 101.310159 0.208475 0.740921 -0.026434 
648 24.885641 0.000000 9.648606 101.456693 0.092639 1.714136 -0.029641 
649 19.331810 0.000000 4.455902 103.671356 0.014172 0.340016 -0.074787 
650 19.331810 0.000000 2.725000 104.266736 0.020027 -2.391077 -0.087727 
651 21.183087 0.000000 4.455902 103.459774 0.047297 -1.294564 -0.070560 
652 19.331810 0.000000 6.186803 103.112689 0.045049 1.499797 -0.063448 
653 16.554894 0.000000 3.590451 106.368206 0.144043 -1.644709 -0.131692 
654 15.629255 0.000000 3.590451 106.731929 0.137757 -0.422156 -0.139190 
655 16.554894 0.000000 2.725000 106.398767 0.150769 -1.414032 -0.132272 
656 17.480532 0.000000 3.590451 106.217946 0.081050 -2.476530 -0.128839 
657 16.554894 0.000000 4.455902 104.937468 0.035394 1.796625 -0.101510 
658 80.423959 0.000000 -163.441551 99.918018 -0.007557 3.823757 0.000177 
659 80.423959 0.000000 -218.830401 99.921231 -0.005687 3.830977 0.000107 
660 139.664831 0.000000 -163.441551 99.921152 -0.009924 3.820719 0.000117 
661 50.803523 0.000000 -80.358276 99.898313 -0.028256 3.783167 0.000601 
662 50.803523 0.000000 -108.052701 99.906592 -0.007889 3.808546 0.000417 
663 80.423959 0.000000 -80.358276 99.906978 -0.034764 3.770074 0.000438 
664 35.993305 0.000000 -38.816638 99.811596 -0.035772 3.659955 0.002425 
665 35.993305 0.000000 -52.663850 99.859380 -0.013409 3.732486 0.001417 
666 50.803523 0.000000 -38.816638 99.853053 -0.057248 3.604059 0.001638 
667 28.588196 0.000000 -18.045819 99.426780 0.104696 3.288979 0.010349 
668 28.588196 0.000000 -24.969425 99.813744 -0.126014 3.592757 0.002429 
669 35.993305 0.000000 -18.045819 99.507535 -0.006641 3.129624 0.008846 
670 24.885641 0.000000 -7.660409 97.241115 0.227670 2.156730 0.053946 
671 24.885641 0.000000 -11.122213 98.531254 0.053814 2.921362 0.028305 
672 28.588196 0.000000 -7.660409 98.299725 0.244267 1.022773 0.033606 
673 19.331810 0.000000 -5.929508 97.986850 0.025698 6.586908 0.035519 
674 19.331810 0.000000 -7.660409 98.945493 0.051804 5.016165 0.018462 
675 21.183087 0.000000 -5.929508 96.512097 0.018246 4.728382 0.066306 
676 18.406171 0.000000 -3.333156 107.412306 0.036815 22.565843 -0.204662 
677 18.406171 0.000000 -4.198606 99.264261 -0.018272 11.822632 0.000683 
678 19.331810 0.000000 -3.333156 119.174851 -0.051165 19.817884 -0.459540 
679 18.406171 0.000000 -2.467705 109.486607 0.031851 22.111347 -0.247623 
680 19.331810 0.000000 0.994098 -4.765974 -0.011293 0.961070 0.997636 
681 21.183087 0.000000 0.994098 -0.245058 0.017568 -0.210613 0.999990 
682 18.406171 0.000000 3.590451 105.467493 0.013764 -2.806527 -0.113127 
683 18.406171 0.000000 2.725000 105.243480 0.023985 -2.652545 -0.108323 
684 19.331810 0.000000 3.590451 103.887286 0.022215 -2.260861 -0.079768 
685 18.406171 0.000000 4.455902 103.881508 0.000997 0.549509 -0.079167 
686 23.034364 0.000000 -2.467705 108.294035 -0.055611 5.404338 -0.175681 
687 23.034364 0.000000 -4.198606 95.037739 0.033371 2.835084 0.095979 
688 24.885641 0.000000 -2.467705 122.872141 -0.193150 0.373675 -0.509774 
689 23.034364 0.000000 -0.736803 108.368052 -0.028083 4.742928 -0.176613 
690 20.257448 0.000000 -1.602254 110.558087 0.005050 5.727322 -0.225589 
691 19.331810 0.000000 -1.602254 121.970982 -0.046318 18.749323 -0.522846 
692 20.257448 0.000000 -2.467705 112.067705 0.025244 3.830295 -0.257384 
693 21.183087 0.000000 -1.602254 106.727613 0.064966 5.068989 -0.141648 
694 20.257448 0.000000 -0.736803 -3.642874 -0.025479 2.301581 0.998143 
695 23.034364 0.000000 4.455902 106.429291 -0.063837 -0.226067 -0.132725 
696 23.034364 0.000000 2.725000 105.149111 -0.016210 -0.422208 -0.105651 
697 24.885641 0.000000 4.455902 107.904302 -0.082949 -0.618305 -0.164373 
698 23.034364 0.000000 6.186803 102.081204 0.016757 0.556372 -0.042088 
699 20.257448 0.000000 3.590451 102.066366 -0.007826 -1.199228 -0.041898 
700 20.257448 0.000000 2.725000 102.488762 -0.002029 -1.461064 -0.050608 
701 21.183087 0.000000 3.590451 102.338392 0.032944 -0.298287 -0.047324 
702 20.257448 0.000000 4.455902 103.787929 0.096782 -0.348218 -0.077206 
703 198.905703 0.000000 -52.663850 99.928588 -0.035049 3.690142 0.000066 
704 198.905703 0.000000 -108.052701 99.924024 -0.017856 3.797253 0.000077 
705 258.146575 0.000000 -52.663850 99.929996 -0.034752 3.701362 0.000029 
706 198.905703 0.000000 2.725000 100.464303 -0.185551 -10.161207 -0.019636 
707 110.044395 0.000000 -24.969425 99.930017 -0.088065 3.267959 0.000330 
708 110.044395 0.000000 -52.663850 99.914559 -0.030280 3.671326 0.000360 
709 139.664831 0.000000 -24.969425 99.938545 -0.061971 3.304592 0.000136 
710 110.044395 0.000000 2.725000 100.164072 -0.329103 -2.666144 -0.004006 
711 65.613741 0.000000 -11.122213 99.865874 -0.086639 1.755515 0.002372 
712 65.613741 0.000000 -24.969425 99.858973 -0.072607 3.243903 0.001766 
713 80.423959 0.000000 -11.122213 99.944253 -0.129378 1.904214 0.000750 
714 65.613741 0.000000 2.725000 99.982940 -0.422564 -0.899064 0.000242 
715 43.398414 0.000000 -4.198606 98.178838 -0.257603 -9.149575 0.027713 
716 43.398414 0.000000 -11.122213 99.388038 0.031146 2.025232 0.011792 
717 50.803523 0.000000 -4.198606 99.120204 -0.111998 -9.969362 0.007578 
718 43.398414 0.000000 2.725000 95.047402 -0.410585 -2.177020 0.096108 
719 32.290750 0.000000 -0.736803 101.288748 0.275601 9.350163 -0.034691 
720 32.290750 0.000000 -4.198606 99.378991 -0.000236 -4.348145 0.010491 
721 35.993305 0.000000 -0.736803 95.043079 0.474391 26.095366 0.028562 
722 32.290750 0.000000 2.725000 99.568690 0.430244 -0.707371 0.008539 
723 26.736919 0.000000 -2.467705 108.227560 -0.067596 8.595251 -0.178709 
724 26.736919 0.000000 -4.198606 96.030947 0.022831 -3.619593 0.076496 
725 28.588196 0.000000 -2.467705 105.839497 0.016244 7.717297 -0.126156 
726 26.736919 0.000000 -0.736803 108.348717 -0.036667 4.864286 -0.176311 
727 198.905703 0.000000 58.113850 99.933904 0.056240 3.664105 -0.000021 
728 258.146575 0.000000 58.113850 99.933842 0.059678 3.651350 -0.000011 
729 198.905703 0.000000 113.502701 99.930432 0.023593 3.792669 -0.000048 
730 110.044395 0.000000 30.419425 99.943740 0.100574 3.333866 0.000012 
731 139.664831 0.000000 30.419425 99.946353 0.131510 3.306893 -0.000023 
732 110.044395 0.000000 58.113850 99.940422 0.049048 3.674251 -0.000159 
733 65.613741 0.000000 16.572213 99.924484 0.308399 2.670520 0.000787 
734 80.423959 0.000000 16.572213 99.948093 0.283874 2.683319 0.000310 
735 65.613741 0.000000 30.419425 99.968000 0.096387 3.312734 -0.000458 
736 43.398414 0.000000 9.648606 99.646263 1.125691 1.252890 0.006779 
737 50.803523 0.000000 9.648606 99.692503 1.298065 1.768913 0.005659 
738 43.398414 0.000000 16.572213 100.060301 0.218505 2.381435 -0.001778 
739 32.290750 0.000000 6.186803 101.404219 0.195395 0.527052 -0.028313 
740 35.993305 0.000000 6.186803 99.978704 0.000000 0.346114 0.000414 
741 32.290750 0.000000 9.648606 100.865449 0.137829 1.187341 -0.017527 
742 26.736919 0.000000 4.455902 108.921762 -0.096576 -0.860847 -0.186470 
743 26.736919 0.000000 2.725000 109.008730 -0.059126 -1.596669 -0.188546 
744 28.588196 0.000000 4.455902 108.588778 0.022357 -1.070617 -0.179267 
745 26.736919 0.000000 6.186803 101.464071 0.118407 0.658190 -0.029541 
746 32.290750 0.000000 -7.660409 99.041806 0.254855 1.012849 0.018963 
747 32.290750 0.000000 -11.122213 99.236374 0.148061 2.447447 0.014613 
748 35.993305 0.000000 -7.660409 98.959988 0.162400 1.210292 0.020543 
749 30.439473 0.000000 -2.467705 103.542098 0.187169 8.366281 -0.079100 
750 30.439473 0.000000 -4.198606 99.134631 0.117728 -4.556499 0.015155 
751 32.290750 0.000000 -2.467705 100.514855 0.338371 -8.153697 -0.016983 
752 30.439473 0.000000 -0.736803 103.815104 0.195399 4.107225 -0.079448 
753 30.439473 0.000000 4.455902 104.765748 0.289787 -0.327752 -0.097605 
754 30.439473 0.000000 2.725000 105.480568 0.200534 -1.440291 -0.112826 
755 32.290750 0.000000 4.455902 101.919288 0.367752 -0.629112 -0.038807 
756 30.439473 0.000000 6.186803 101.421902 0.172345 0.670761 -0.028688 
757 39.695859 0.000000 6.186803 99.820822 -0.000000 -0.962058 0.003488 
758 39.695859 0.000000 2.725000 103.982447 0.333318 -7.107000 -0.086297 
759 43.398414 0.000000 6.186803 98.931355 -1.072306 -0.158327 0.021141 
760 39.695859 0.000000 9.648606 100.138056 0.126848 0.993756 -0.002863 
761 34.142028 0.000000 4.455902 100.552306 0.000000 0.671304 -0.011122 
762 34.142028 0.000000 2.725000 105.957896 -0.009085 16.095622 -0.148614 
763 35.993305 0.000000 4.455902 101.861551 -0.000000 0.085244 -0.037578 
764 34.142028 0.000000 6.186803 99.120499 0.000000 1.078780 0.017396 
765 39.695859 0.000000 -0.736803 97.249147 -0.041917 1.362595 0.054075 
766 39.695859 0.000000 -4.198606 98.079312 -0.181808 -7.352877 0.032635 
767 43.398414 0.000000 -0.736803 96.976330 -0.141233 -3.916713 0.058023 
768 34.142028 0.000000 0.994098 6.682650 0.036435 2.949420 0.994664 
769 32.290750 0.000000 0.994098 6.255318 -0.033024 0.802747 0.996023 
770 34.142028 0.000000 -0.736803 98.103002 0.367433 22.667000 -0.013813 
771 35.993305 0.000000 0.994098 95.925048 0.441380 18.356010 0.046125 
772 34.142028 0.000000 -2.467705 98.825374 0.370770 -5.987130 0.019756 
773 34.142028 0.000000 -4.198606 98.766836 0.359496 -4.138343 0.022786 
774 35.993305 0.000000 -2.467705 97.363767 0.332315 -7.167983 0.046881 
775 37.844582 0.000000 0.994098 99.159143 0.307717 8.781330 0.009026 
776 37.844582 0.000000 -0.736803 96.417366 0.230776 0.454888 0.070343 
777 39.695859 0.000000 0.994098 93.358982 0.054136 30.827700 0.033375 
778 37.844582 0.000000 2.725000 104.767879 -0.070795 12.094979 -0.112260 
779 35.067666 0.000000 0.128648 96.659922 0.399959 22.701715 0.014133 
780 34.142028 0.000000 0.128648 98.338360 0.346565 20.020044 -0.007136 
781 35.067666 0.000000 -0.736803 96.340189 0.418642 25.100285 0.008837 
782 35.993305 0.000000 0.128648 95.425010 0.457905 23.365691 0.034790 
783 35.067666 0.000000 0.994098 97.223167 0.375421 20.107759 0.014319 
784 37.844582 0.000000 4.455902 101.414794 -0.000000 -0.473796 -0.028518 
785 39.695859 0.000000 4.455902 101.796721 0.000000 -2.449231 -0.036857 
786 37.844582 0.000000 6.186803 99.999716 -0.000000 -0.283128 -0.000002 
787 35.067666 0.000000 3.590451 105.032817 -0.045842 4.094918 -0.104866 
788 34.142028 0.000000 3.590451 104.733898 -0.002208 5.219296 -0.099643 
789 35.067666 0.000000 2.725000 108.038518 -0.155541 13.248719 -0.184787 
790 35.993305 0.000000 3.590451 105.966241 -0.097489 4.840032 -0.125228 
791 35.067666 0.000000 4.455902 101.048339 -0.000000 0.386931 -0.021092 
792 33.216389 0.000000 3.590451 104.030416 0.034899 -1.276331 -0.082396 
793 32.290750 0.000000 3.590451 103.286737 0.268182 0.208639 -0.066827 
794 33.216389 0.000000 2.725000 102.696503 0.157349 -10.765124 -0.066248 
795 33.216389 0.000000 4.455902 100.407242 0.000000 0.343456 -0.008173 
796 35.067666 0.000000 1.859549 103.847833 -0.218778 -4.013803 -0.080053 
797 34.142028 0.000000 1.859549 102.312628 0.096105 -1.684297 -0.047072 
798 35.993305 0.000000 1.859549 102.548492 -0.356055 -2.400023 -0.052208 
799 34.604847 0.000000 3.157725 103.211222 -0.054792 11.152979 -0.077695 
800 34.142028 0.000000 3.157725 107.781901 -0.003743 19.750055 -0.200700 
801 34.604847 0.000000 2.725000 101.567803 -0.082616 5.415722 -0.034536 
802 35.067666 0.000000 3.157725 109.434605 -0.085413 17.097824 -0.226828 
803 34.604847 0.000000 3.590451 105.218372 -0.028947 3.682157 -0.108447 
804 36.918944 0.000000 3.590451 103.419574 -0.067184 -2.066257 -0.069988 
805 36.918944 0.000000 2.725000 103.333583 -0.197141 -9.700332 -0.077196 
806 37.844582 0.000000 3.590451 106.212500 -0.024034 4.326713 -0.129982 
807 36.918944 0.000000 4.455902 101.488715 -0.000000 0.111738 -0.029997 
808 35.530486 0.000000 3.157725 115.113912 -0.155933 25.632014 -0.390824 
809 35.530486 0.000000 2.725000 111.851637 -0.226989 20.019544 -0.291162 
810 35.993305 0.000000 3.157725 111.204612 -0.134950 23.446194 -0.291621 
811 35.530486 0.000000 3.590451 107.140469 -0.064847 6.029237 -0.151544 
812 36.918944 0.000000 1.859549 3.791329 -0.026988 3.247312 0.997508 
813 36.918944 0.000000 0.994098 96.939606 0.400839 14.594107 0.038956 
814 37.844582 0.000000 1.859549 0.455960 0.026385 2.682110 0.999260 
815 35.530486 0.000000 2.292275 103.228898 -0.272081 -3.228985 -0.066671 
816 35.067666 0.000000 2.292275 103.587752 -0.222997 -3.639379 -0.074372 
817 35.530486 0.000000 1.859549 102.869025 -0.240503 -2.074474 -0.058640 
818 35.993305 0.000000 2.292275 100.996195 -0.278933 -2.151918 -0.020494 
819 36.456124 0.000000 3.157725 97.399289 -0.081129 3.651279 0.050004 
820 36.456124 0.000000 2.725000 98.308062 -0.244730 -0.083947 0.033546 
821 36.918944 0.000000 3.157725 107.317065 -0.141964 -19.179019 -0.188481 
822 36.456124 0.000000 3.590451 102.062043 -0.097892 1.555997 -0.041909 
823 35.761895 0.000000 2.941363 115.468259 -0.208462 30.678529 -0.427413 
824 35.530486 0.000000 2.941363 116.418932 -0.181583 30.301507 -0.447158 
825 35.761895 0.000000 2.725000 107.452030 -0.240951 12.612560 -0.170507 
826 35.993305 0.000000 2.941363 113.151155 -0.183791 27.792558 -0.357564 
827 35.761895 0.000000 3.157725 115.983906 -0.162414 28.292684 -0.425277 
828 43.398414 0.000000 -18.045819 99.645632 -0.218763 3.055047 0.006137 
829 43.398414 0.000000 -24.969425 99.684342 -0.118490 3.317750 0.005201 
830 50.803523 0.000000 -18.045819 99.686232 -0.156235 2.848223 0.005452 
831 39.695859 0.000000 -7.660409 98.693105 0.309028 0.939278 0.025869 
832 39.695859 0.000000 -11.122213 99.213263 -0.044764 2.168517 0.015202 
833 43.398414 0.000000 -7.660409 98.760647 0.281764 0.310059 0.024616 
834 37.844582 0.000000 -2.467705 97.563226 0.230828 -8.388663 0.041099 
835 37.844582 0.000000 -4.198606 98.069626 0.052336 -6.376191 0.034169 
836 39.695859 0.000000 -2.467705 97.727916 0.042935 -8.497953 0.037704 
837 58.208632 0.000000 -4.198606 100.159911 -0.066868 -9.451605 -0.012135 
838 58.208632 0.000000 -11.122213 99.772001 -0.097463 1.689777 0.004268 
839 65.613741 0.000000 -4.198606 100.252410 -0.128633 -8.334575 -0.012003 
840 58.208632 0.000000 2.725000 99.855955 -0.545109 -0.850042 0.002777 
841 47.100968 0.000000 -0.736803 98.816467 -0.171489 -4.950435 0.021077 
842 47.100968 0.000000 -4.198606 98.515496 -0.068635 -10.208606 0.019048 
843 50.803523 0.000000 -0.736803 99.330801 -0.249639 -5.073290 0.010759 
844 47.100968 0.000000 2.725000 98.822616 -0.483822 -0.796112 0.023322 
845 41.547137 0.000000 0.994098 77.310297 -0.076452 42.032396 0.225639 
846 41.547137 0.000000 -0.736803 95.888609 -0.082464 -1.285430 0.080372 
847 43.398414 0.000000 0.994098 95.093660 -0.200555 -1.368023 0.095528 
848 41.547137 0.000000 2.725000 88.853227 -0.158063 -23.225526 0.156565 
849 38.770221 0.000000 0.128648 98.908132 0.215898 15.889499 -0.003534 
850 37.844582 0.000000 0.128648 98.562759 0.333244 11.139008 0.016119 
851 38.770221 0.000000 -0.736803 97.831528 0.024568 0.869575 0.042824 
852 39.695859 0.000000 0.128648 96.219465 0.100501 29.509588 -0.012901 
853 38.770221 0.000000 0.994098 99.003550 0.192348 15.216106 -0.003327 
854 58.208632 0.000000 9.648606 99.854979 1.573743 1.877958 0.002298 
855 65.613741 0.000000 9.648606 99.914165 1.929243 1.840416 0.001005 
856 58.208632 0.000000 16.572213 99.908737 0.298018 2.640572 0.001118 
857 47.100968 0.000000 6.186803 99.116436 -0.914532 1.141567 0.017379 
858 50.803523 0.000000 6.186803 99.590698 -0.947100 1.151363 0.007947 
859 47.100968 0.000000 9.648606 99.610132 1.108171 1.528505 0.007426 
860 41.547137 0.000000 4.455902 98.665690 -0.466743 -3.804369 0.025039 
861 43.398414 0.000000 4.455902 97.742615 -0.450834 -1.482818 0.044398 
862 41.547137 0.000000 6.186803 99.266494 -0.964791 -0.802570 0.014459 
863 38.770221 0.000000 3.590451 105.752601 0.102344 0.411101 -0.118379 
864 38.770221 0.000000 2.725000 108.463102 0.306683 14.323286 -0.196950 
865 39.695859 0.000000 3.590451 104.762237 0.066354 0.018555 -0.097513 
866 38.770221 0.000000 4.455902 101.763823 -0.000000 -1.152469 -0.035720 
867 38.770221 0.000000 1.859549 -2.319464 -0.103230 3.067064 0.998520 
868 39.695859 0.000000 1.859549 89.458195 -0.004281 31.452322 0.100798 
869 40.621498 0.000000 3.590451 108.551198 0.211263 -10.404615 -0.189166 
870 40.621498 0.000000 2.725000 108.353173 0.001083 -19.482234 -0.211997 
871 41.547137 0.000000 3.590451 109.705046 -0.116625 -25.541241 -0.268757 
872 40.621498 0.000000 4.455902 100.576944 0.000000 -2.794955 -0.012353 
873 39.233040 0.000000 3.157725 101.026757 0.227788 -12.490614 -0.036247 
874 38.770221 0.000000 3.157725 112.407465 0.324377 23.735434 -0.319891 
875 39.233040 0.000000 2.725000 103.104837 0.275709 -3.917523 -0.064603 
876 39.695859 0.000000 3.157725 98.341146 0.317493 2.248374 0.032386 
877 39.233040 0.000000 3.590451 105.844791 0.049081 -1.113049 -0.120436 
878 40.621498 0.000000 1.859549 87.985671 -0.014610 21.879683 0.177980 
879 40.621498 0.000000 0.994098 86.373618 -0.024659 36.169202 0.123139 
880 41.547137 0.000000 1.859549 72.244338 -0.109146 29.175766 0.392952 
881 40.158679 0.000000 3.157725 107.138957 0.226268 -8.601637 -0.155280 
882 40.158679 0.000000 2.725000 107.566617 0.150497 -10.919765 -0.168984 
883 40.621498 0.000000 3.157725 108.824625 0.066180 -16.678877 -0.212099 
884 40.158679 0.000000 3.590451 106.235907 0.099779 -4.672727 -0.130791 
885 40.158679 0.000000 2.292275 108.061915 0.023072 -14.889514 -0.189908 
886 39.695859 0.000000 2.292275 104.680624 0.119151 -5.490325 -0.098819 
887 40.158679 0.000000 1.859549 93.985727 0.009136 16.746716 0.088623 
888 40.621498 0.000000 2.292275 99.607071 -0.030540 -6.970411 0.002984 
889 39.927269 0.000000 2.941363 102.203574 0.568557 -5.510603 -0.047626 
890 39.695859 0.000000 2.941363 100.214577 0.636750 -3.255593 -0.005397 
891 39.927269 0.000000 2.725000 107.175516 0.107451 -10.369827 -0.159414 
892 40.158679 0.000000 2.941363 107.522485 0.186087 -10.446178 -0.167024 
893 39.927269 0.000000 3.157725 102.885671 0.465684 -4.682084 -0.060760 
894 39.233040 0.000000 2.292275 104.663876 0.121104 -5.474660 -0.098451 
895 38.770221 0.000000 2.292275 101.830319 0.218300 -1.181448 -0.037086 
896 39.233040 0.000000 1.859549 -1.080884 -0.077277 2.742535 0.999130 
897 39.464450 0.000000 2.941363 93.551858 0.488461 3.627487 0.123465 
898 39.233040 0.000000 2.941363 98.994667 0.413798 -11.137941 0.007583 
899 39.464450 0.000000 2.725000 103.745958 0.224475 -4.713131 -0.078549 
900 39.464450 0.000000 3.157725 95.112139 0.108549 5.615951 0.092213 
901 80.423959 0.000000 168.891551 99.935907 0.009949 3.822625 -0.000180 
902 139.664831 0.000000 168.891551 99.932193 0.012481 3.819196 -0.000103 
903 80.423959 0.000000 224.280401 99.932148 0.007003 3.830440 -0.000111 
904 50.803523 0.000000 85.808276 99.962447 0.017460 3.778144 -0.000677 
905 80.423959 0.000000 85.808276 99.949586 0.024722 3.763757 -0.000409 
906 50.803523 0.000000 113.502701 99.950257 0.013510 3.806740 -0.000455 
907 35.993305 0.000000 44.266638 100.086298 0.009426 3.620055 -0.003037 
908 50.803523 0.000000 44.266638 100.009824 0.036709 3.574044 -0.001474 
909 35.993305 0.000000 58.113850 100.021554 0.018050 3.721911 -0.001816 
910 43.398414 0.000000 23.495819 100.122866 0.041750 2.981103 -0.003348 
911 35.993305 0.000000 23.495819 100.347055 -0.047357 2.988618 -0.007847 
912 50.803523 0.000000 23.495819 100.002918 0.142210 3.013761 -0.000969 
913 43.398414 0.000000 30.419425 100.095708 0.042917 3.300520 -0.003005 
914 39.695859 0.000000 13.110409 100.175493 0.152196 1.884631 -0.003870 
915 35.993305 0.000000 13.110409 100.366141 0.112859 1.880285 -0.007691 
916 43.398414 0.000000 13.110409 100.013811 0.371511 1.854383 -0.000634 
917 39.695859 0.000000 16.572213 100.229006 0.116268 2.353837 -0.005141 
918 41.547137 0.000000 7.917705 99.698105 0.000000 0.279834 0.006021 
919 39.695859 0.000000 7.917705 99.622785 -0.000000 0.219214 0.007525 
920 43.398414 0.000000 7.917705 99.456250 -2.174148 1.024430 0.010268 
921 41.547137 0.000000 9.648606 99.900136 0.566236 1.028421 0.001858 
922 40.621498 0.000000 5.321352 99.987104 0.000000 -1.692858 -0.000029 
923 39.695859 0.000000 5.321352 100.264394 -0.000000 -1.541731 -0.005533 
924 41.547137 0.000000 5.321352 99.062281 -0.370569 -1.919374 0.018284 
925 40.621498 0.000000 6.186803 99.628880 0.000000 -0.986948 0.007311 
926 40.158679 0.000000 4.023176 102.780704 0.000000 -2.833424 -0.057190 
927 39.695859 0.000000 4.023176 103.363208 0.000000 -1.838366 -0.068733 
928 40.621498 0.000000 4.023176 100.913776 -0.245308 -4.971630 -0.020837 
929 40.158679 0.000000 4.455902 101.197369 0.000000 -2.707708 -0.024824 
930 39.927269 0.000000 3.374088 105.878665 0.156867 -3.243607 -0.122084 
931 39.695859 0.000000 3.374088 105.438780 0.114282 -0.123212 -0.111736 
932 40.158679 0.000000 3.374088 106.329478 0.238598 -5.395229 -0.133512 
933 39.927269 0.000000 3.590451 104.469797 0.141305 -1.494732 -0.091619 
934 39.811564 0.000000 3.049544 101.153803 0.578369 -4.142992 -0.024959 
935 39.695859 0.000000 3.049544 96.558289 0.638620 0.886488 0.067530 
936 39.811564 0.000000 2.941363 101.403130 0.574653 -4.639921 -0.030445 
937 39.927269 0.000000 3.049544 102.246666 0.546685 -4.947668 -0.047916 
938 39.811564 0.000000 3.157725 101.755398 0.538971 -3.219258 -0.036482 
939 45.249691 0.000000 0.994098 97.840412 -0.260845 -2.155784 0.042254 
940 45.249691 0.000000 -0.736803 98.151187 -0.204629 -4.763974 0.034361 
941 47.100968 0.000000 0.994098 98.762217 -0.246062 -2.225643 0.024101 
942 45.249691 0.000000 2.725000 97.952475 -0.485907 -1.041706 0.040399 
943 42.472775 0.000000 1.859549 62.755596 -0.159532 34.513102 0.487056 
944 42.472775 0.000000 0.994098 91.572578 -0.153421 1.065384 0.161330 
945 43.398414 0.000000 1.859549 94.398725 -0.243515 -1.530840 0.108648 
946 42.472775 0.000000 2.725000 80.182199 -0.170467 -33.412302 0.245440 
947 45.249691 0.000000 4.455902 98.533786 -0.453816 -0.309529 0.029079 
948 47.100968 0.000000 4.455902 98.994252 -0.452582 0.169859 0.019990 
949 45.249691 0.000000 6.186803 99.055547 -0.990958 0.492318 0.018677 
950 42.472775 0.000000 3.590451 95.502623 -0.619289 -4.560299 0.085807 
951 43.398414 0.000000 3.590451 96.556689 -0.335691 -2.091529 0.067232 
952 42.472775 0.000000 4.455902 97.699303 -0.469727 -2.688629 0.044740 
953 42.009956 0.000000 2.292275 71.610798 -0.160470 -0.295121 0.487178 
954 41.547137 0.000000 2.292275 81.248452 -0.123204 -4.236277 0.338073 
955 42.009956 0.000000 1.859549 69.948968 -0.132222 16.334294 0.484032 
956 42.472775 0.000000 2.292275 73.156155 -0.162170 -6.245588 0.460914 
957 42.009956 0.000000 2.725000 77.581569 -0.179097 -20.493289 0.356109 
958 26.736919 0.000000 -5.929508 97.066770 0.024296 -0.176157 0.057801 
959 24.885641 0.000000 -5.929508 96.222420 0.167538 1.245987 0.073967 
960 26.736919 0.000000 -7.660409 97.798769 0.000650 1.378107 0.043350 
961 28.588196 0.000000 -5.929508 98.274301 0.162583 -0.601792 0.034177 
962 25.811280 0.000000 -3.333156 108.218199 -0.088788 10.218264 -0.181560 
963 24.885641 0.000000 -3.333156 106.927632 -0.069088 12.530904 -0.159055 
964 25.811280 0.000000 -4.198606 94.257965 0.136248 -2.132360 0.111087 
965 26.736919 0.000000 -3.333156 108.219482 -0.088759 10.211444 -0.181574 
966 25.811280 0.000000 -2.467705 109.406536 -0.223986 -11.117057 -0.209343 
967 23.034364 0.000000 -5.929508 96.263046 0.040351 3.057931 0.072407 
968 23.034364 0.000000 -7.660409 97.348173 -0.045211 3.204006 0.051307 
969 23.960003 0.000000 -3.333156 107.134464 -0.041271 9.778360 -0.157341 
970 23.034364 0.000000 -3.333156 107.169920 -0.041246 9.681721 -0.157913 
971 23.960003 0.000000 -4.198606 105.531918 -0.038506 13.887288 -0.132984 
972 23.960003 0.000000 -2.467705 98.351558 -0.154537 5.166467 0.030025 
973 26.736919 0.000000 0.994098 110.083854 -0.040041 -4.930094 -0.214276 
974 24.885641 0.000000 0.994098 108.556578 -0.068609 -1.968708 -0.178841 
975 28.588196 0.000000 0.994098 108.211854 0.012722 -2.739515 -0.171731 
976 25.811280 0.000000 -1.602254 108.300128 -0.071002 8.316378 -0.179808 
977 24.885641 0.000000 -1.602254 107.507042 -0.061290 10.197274 -0.166175 
978 26.736919 0.000000 -1.602254 107.943025 -0.051321 7.715842 -0.171123 
979 25.811280 0.000000 -0.736803 109.298927 -0.057908 3.645972 -0.195955 
980 25.348461 0.000000 -2.900430 116.783013 -0.214607 -6.144213 -0.367607 
981 24.885641 0.000000 -2.900430 118.620022 -0.168851 1.868999 -0.407423 
982 25.348461 0.000000 -3.333156 107.502659 -0.071247 10.890899 -0.167544 
983 25.811280 0.000000 -2.900430 107.525388 -0.204458 -10.452568 -0.167101 
984 25.348461 0.000000 -2.467705 119.533480 -0.225777 -7.618845 -0.434635 
985 27.662557 0.000000 -3.333156 106.884530 -0.064806 13.125129 -0.159658 
986 27.662557 0.000000 -4.198606 97.436631 0.000281 -4.104713 0.048925 
987 28.588196 0.000000 -3.333156 104.828161 0.034746 11.625969 -0.112411 
988 27.662557 0.000000 -2.467705 106.739516 -0.028931 9.664545 -0.148673 
989 26.274099 0.000000 -2.900430 102.785376 -0.159766 -7.956074 -0.062816 
990 26.274099 0.000000 -3.333156 108.214290 -0.088874 10.239043 -0.181518 
991 26.736919 0.000000 -2.900430 108.190818 -0.089389 10.363741 -0.181267 
992 26.274099 0.000000 -2.467705 104.729702 -0.180450 -8.639923 -0.104299 
993 23.034364 0.000000 0.994098 106.694109 -0.052610 -1.120771 -0.138489 
994 23.960003 0.000000 -1.602254 107.672169 -0.043604 8.116551 -0.165918 
995 23.034364 0.000000 -1.602254 106.933907 -0.000876 7.416166 -0.148986 
996 23.960003 0.000000 -0.736803 108.197368 -0.041398 6.402889 -0.174767 
997 25.348461 0.000000 -2.034979 115.660448 -0.165105 0.224198 -0.337742 
998 24.885641 0.000000 -2.034979 114.576176 -0.129086 4.849132 -0.315123 
999 25.811280 0.000000 -2.034979 108.070594 -0.171894 -5.996035 -0.171524 
1000 25.348461 0.000000 -1.602254 107.799920 -0.063558 9.325921 -0.170780 
1001 25.579870 0.000000 -2.684067 113.793367 -0.223058 -9.638444 -0.304188 
1002 25.348461 0.000000 -2.684067 117.998092 -0.216572 -7.313732 -0.397709 
1003 25.579870 0.000000 -2.900430 111.208785 -0.211695 -9.077237 -0.244983 
1004 25.811280 0.000000 -2.684067 109.327453 -0.223939 -11.291849 -0.208005 
1005 25.579870 0.000000 -2.467705 115.217679 -0.231844 -9.947366 -0.337412 
1006 27.662557 0.000000 -1.602254 106.646485 -0.023358 9.729968 -0.146815 
1007 28.588196 0.000000 -1.602254 105.936465 0.014840 7.794401 -0.128329 
1008 27.662557 0.000000 -0.736803 107.532345 -0.011109 4.369490 -0.158230 
1009 26.274099 0.000000 -2.034979 108.602831 -0.076366 7.845376 -0.185613 
1010 26.736919 0.000000 -2.034979 108.109679 -0.054275 7.693964 -0.174690 
1011 26.274099 0.000000 -1.602254 107.627706 -0.098981 13.233391 -0.175886 
1012 26.042690 0.000000 -2.684067 106.676964 -0.204049 -10.997501 -0.150096 
1013 26.042690 0.000000 -2.900430 104.539602 -0.190698 -10.448860 -0.103774 
1014 26.274099 0.000000 -2.684067 104.560146 -0.183972 -9.440558 -0.102198 
1015 26.042690 0.000000 -2.467705 106.767493 -0.198487 -9.973096 -0.149880 
1016 25.579870 0.000000 -2.251342 111.491692 -0.196681 -7.533100 -0.248718 
1017 25.348461 0.000000 -2.251342 116.518446 -0.198831 -5.037927 -0.360197 
1018 25.811280 0.000000 -2.251342 110.160996 -0.198271 -8.100001 -0.220109 
1019 25.579870 0.000000 -2.034979 112.992156 -0.183539 -4.373277 -0.278639 
1020 25.695575 0.000000 -2.575886 110.452571 -0.247193 -12.857009 -0.236513 
1021 25.579870 0.000000 -2.575886 115.558265 -0.243885 -11.217021 -0.347959 
1022 25.695575 0.000000 -2.684067 110.851669 -0.232690 -11.580460 -0.242225 
1023 25.811280 0.000000 -2.575886 105.050006 -0.218001 -13.910787 -0.122906 
1024 25.695575 0.000000 -2.467705 111.075375 -0.234234 -11.552932 -0.247126 
1025 24.422822 0.000000 -2.900430 106.483869 -0.153924 5.259104 -0.136650 
1026 23.960003 0.000000 -2.900430 98.040789 -0.147934 5.454865 0.035823 
1027 24.422822 0.000000 -3.333156 107.173730 -0.049571 10.400693 -0.159439 
1028 24.422822 0.000000 -2.467705 109.836999 -0.171561 3.342448 -0.207537 
1029 25.117051 0.000000 -2.684067 121.704302 -0.206645 -3.099496 -0.482159 
1030 24.885641 0.000000 -2.684067 122.284825 -0.189427 0.486318 -0.495385 
1031 25.117051 0.000000 -2.900430 120.133615 -0.183823 -1.121951 -0.443338 
1032 25.117051 0.000000 -2.467705 124.927578 -0.209469 -3.248342 -0.561750 
1033 22.108726 0.000000 -3.333156 105.164767 0.067241 7.703346 -0.111897 
1034 21.183087 0.000000 -3.333156 104.097314 0.100941 8.048336 -0.090104 
1035 22.108726 0.000000 -4.198606 94.899638 0.057205 3.337822 0.098291 
1036 22.108726 0.000000 -2.467705 103.862223 0.035095 3.230327 -0.079780 
1037 22.108726 0.000000 -1.602254 106.330995 0.041304 6.315981 -0.134617 
1038 22.108726 0.000000 -0.736803 106.301684 0.018987 7.932921 -0.136298 
1039 22.571545 0.000000 -2.900430 112.824057 -0.017299 4.529726 -0.274979 
1040 22.108726 0.000000 -2.900430 104.265798 0.032025 3.562277 -0.088405 
1041 22.571545 0.000000 -3.333156 105.625742 0.031896 8.863507 -0.123536 
1042 23.034364 0.000000 -2.900430 110.156655 -0.056669 5.596546 -0.216581 
1043 22.571545 0.000000 -2.467705 113.095517 -0.011604 5.374048 -0.281948 
1044 20.257448 0.000000 -3.333156 90.008260 0.016652 4.092510 0.188176 
1045 20.257448 0.000000 -4.198606 93.444699 0.025375 6.390803 0.122725 
1046 21.645906 0.000000 -2.900430 101.813011 0.062201 1.755305 -0.036897 
1047 21.183087 0.000000 -2.900430 110.612099 0.055290 1.555130 -0.223746 
1048 21.645906 0.000000 -3.333156 105.090641 0.088682 6.448680 -0.108564 
1049 21.645906 0.000000 -2.467705 101.862313 0.063039 2.163078 -0.038061 
1050 19.794629 0.000000 -2.900430 106.479135 0.034279 3.251716 -0.134838 
1051 19.331810 0.000000 -2.900430 110.015643 0.055715 5.555338 -0.213431 
1052 19.794629 0.000000 -3.333156 119.174851 -0.051165 19.817884 -0.459540 
1053 20.257448 0.000000 -2.900430 112.686409 0.034781 1.654653 -0.270097 
1054 19.794629 0.000000 -2.467705 110.282224 0.026746 3.906594 -0.217743 
1055 20.720268 0.000000 -2.900430 110.505196 0.044373 1.661351 -0.221416 
1056 20.720268 0.000000 -3.333156 109.450510 0.007648 7.296138 -0.203265 
1057 20.720268 0.000000 -2.467705 110.307917 0.043317 2.522297 -0.217420 
1058 18.406171 0.000000 -1.602254 107.202962 0.051826 23.034912 -0.202308 
1059 17.480532 0.000000 -1.602254 -6.660767 0.033500 0.925158 0.995478 
1060 18.406171 0.000000 -0.736803 -5.698510 -0.020504 1.859429 0.996407 
1061 19.794629 0.000000 -2.034979 113.592100 0.000480 8.634575 -0.297772 
1062 19.331810 0.000000 -2.034979 111.184994 0.046446 6.423277 -0.240336 
1063 20.257448 0.000000 -2.034979 114.628566 0.003576 7.679641 -0.319869 
1064 19.794629 0.000000 -1.602254 118.909695 -0.033033 15.929668 -0.439327 
1065 20.026039 0.000000 -2.684067 114.525557 0.026797 3.000997 -0.312511 
1066 19.794629 0.000000 -2.684067 110.057235 0.031505 3.090285 -0.212215 
1067 20.026039 0.000000 -2.900430 115.291359 0.019939 4.621593 -0.331346 
1068 20.257448 0.000000 -2.684067 111.326507 0.031826 2.520854 -0.239995 
1069 20.026039 0.000000 -2.467705 112.953621 0.023388 3.948537 -0.277411 
1070 18.868990 0.000000 -2.900430 112.627172 0.054684 8.943131 -0.276486 
1071 18.406171 0.000000 -2.900430 107.627101 0.048423 22.429423 -0.208667 
1072 18.868990 0.000000 -3.333156 112.432273 0.006840 21.629717 -0.310886 
1073 18.868990 0.000000 -2.467705 113.091058 0.052666 9.332046 -0.287668 
1074 18.868990 0.000000 -2.034979 119.272359 0.041660 13.015694 -0.439531 
1075 18.406171 0.000000 -2.034979 107.418909 0.036341 22.551046 -0.204737 
1076 18.868990 0.000000 -1.602254 119.174851 -0.051165 19.817884 -0.459540 
1077 19.100400 0.000000 -2.684067 107.027091 0.065173 4.302554 -0.147331 
1078 18.868990 0.000000 -2.684067 113.008812 0.054896 8.993328 -0.285187 
1079 19.100400 0.000000 -2.900430 111.015260 0.056074 6.997220 -0.237335 
1080 19.331810 0.000000 -2.684067 103.865262 0.054296 3.576741 -0.080079 
1081 19.100400 0.000000 -2.467705 111.665756 0.054319 7.256382 -0.252190 
1082 19.563219 0.000000 -2.684067 107.074457 0.046589 2.949525 -0.147364 
1083 19.563219 0.000000 -2.900430 110.055636 0.055559 2.670959 -0.211938 
1084 19.563219 0.000000 -2.467705 109.234135 0.031706 6.099871 -0.196931 
1085 19.100400 0.000000 -2.251342 111.455480 0.050138 7.895166 -0.248466 
1086 18.868990 0.000000 -2.251342 112.876647 0.049892 9.612959 -0.283355 
1087 19.331810 0.000000 -2.251342 111.044161 0.044658 7.138342 -0.238176 
1088 19.100400 0.000000 -2.034979 113.010885 0.048922 8.130485 -0.283757 
1089 19.216105 0.000000 -2.575886 98.335114 0.056090 2.584090 0.032352 
1090 19.100400 0.000000 -2.575886 106.189296 0.073455 2.820936 -0.128413 
1091 19.216105 0.000000 -2.684067 103.319196 0.057274 3.732716 -0.068879 
1092 19.331810 0.000000 -2.575886 103.215968 0.051879 3.748400 -0.066759 
1093 19.216105 0.000000 -2.467705 107.053977 0.053264 5.173163 -0.148732 
1094 17.943352 0.000000 -2.900430 108.289174 0.058751 21.577932 -0.219216 
1095 17.480532 0.000000 -2.900430 109.081664 0.076982 19.982569 -0.229812 
1096 17.943352 0.000000 -3.333156 108.276652 0.063892 21.766202 -0.219761 
1097 17.943352 0.000000 -2.467705 108.241496 0.057653 21.627609 -0.218398 
1098 18.637581 0.000000 -2.684067 114.128514 0.058642 11.757685 -0.316356 
1099 18.406171 0.000000 -2.684067 108.215580 0.043094 22.616681 -0.222213 
1100 18.637581 0.000000 -2.900430 117.416306 0.057248 13.122317 -0.395879 
1101 18.637581 0.000000 -2.467705 115.094737 0.049309 12.127068 -0.339387 
1102 18.984695 0.000000 -2.575886 111.225313 0.064623 6.258854 -0.241025 
1103 18.868990 0.000000 -2.575886 113.104727 0.054031 9.142598 -0.287627 
1104 18.984695 0.000000 -2.684067 113.035979 0.056766 8.154534 -0.284363 
1105 18.984695 0.000000 -2.467705 113.127306 0.054177 8.566536 -0.287118 
1106 18.406171 0.000000 -5.064057 99.420062 0.001974 8.645485 0.004091 
1107 17.480532 0.000000 -5.064057 101.849908 -0.031828 7.848360 -0.043500 
1108 18.406171 0.000000 -5.929508 99.471269 0.057128 6.750205 0.005990 
1109 19.331810 0.000000 -5.064057 96.943918 0.045029 7.882932 0.053973 
1110 18.868990 0.000000 -3.765881 95.906239 0.014918 13.789182 0.061185 
1111 18.406171 0.000000 -3.765881 99.139880 -0.012047 14.459303 -0.003779 
1112 18.868990 0.000000 -4.198606 96.916720 0.006908 11.445941 0.047614 
1113 19.331810 0.000000 -3.765881 92.711404 0.034137 11.840244 0.126440 
1114 19.100400 0.000000 -3.116793 110.966567 0.079247 3.057862 -0.232294 
1115 18.868990 0.000000 -3.116793 118.826181 0.060060 11.642065 -0.425520 
1116 19.100400 0.000000 -3.333156 113.246654 -0.000166 21.410881 -0.328323 
1117 19.331810 0.000000 -3.116793 109.823818 0.061874 3.887445 -0.207639 
1118 18.984695 0.000000 -2.792249 112.815571 0.056619 8.171087 -0.279412 
1119 18.868990 0.000000 -2.792249 112.830000 0.055063 8.930042 -0.281036 
1120 18.984695 0.000000 -2.900430 112.579329 0.055853 8.295796 -0.274293 
1121 19.100400 0.000000 -2.792249 111.253302 0.056926 6.850140 -0.242422 
1122 19.042548 0.000000 -2.629977 109.403310 0.069543 4.495881 -0.198930 
1123 18.984695 0.000000 -2.629977 111.192896 0.065055 6.187480 -0.240215 
1124 19.042548 0.000000 -2.684067 110.099168 0.065719 5.296535 -0.214988 
1125 19.100400 0.000000 -2.629977 106.257503 0.072226 3.026166 -0.129982 
1126 19.042548 0.000000 -2.575886 109.373222 0.069540 4.483313 -0.198261 
1127 16.554894 0.000000 -1.602254 -6.345964 0.125844 0.165032 0.995969 
1128 15.629255 0.000000 -1.602254 -5.229719 0.165950 -0.695787 0.997214 
1129 16.554894 0.000000 -0.736803 -5.690243 0.153351 0.286044 0.996752 
1130 17.943352 0.000000 -2.034979 107.855841 0.044693 22.078694 -0.212035 
1131 17.480532 0.000000 -2.034979 108.399397 0.065271 21.621163 -0.221791 
1132 17.943352 0.000000 -1.602254 -6.860443 0.046672 1.909372 0.994929 
1133 18.637581 0.000000 -2.251342 118.272048 0.043544 13.693546 -0.417579 
1134 18.406171 0.000000 -2.251342 110.559492 0.016338 21.926318 -0.270416 
1135 18.637581 0.000000 -2.034979 111.348023 0.009741 21.720251 -0.287015 
1136 18.753285 0.000000 -2.575886 115.635670 0.051549 11.184643 -0.349671 
1137 18.637581 0.000000 -2.575886 114.190810 0.058005 11.777170 -0.317825 
1138 18.753285 0.000000 -2.684067 115.602227 0.052386 11.082695 -0.348670 
1139 18.753285 0.000000 -2.467705 115.666503 0.050427 11.264173 -0.350562 
1140 18.926843 0.000000 -2.629977 113.129193 0.055571 8.619862 -0.287252 
1141 18.868990 0.000000 -2.629977 113.070165 0.054548 9.058673 -0.286692 
1142 18.926843 0.000000 -2.684067 113.059591 0.055894 8.559643 -0.285574 
1143 18.926843 0.000000 -2.575886 113.166449 0.055031 8.710144 -0.288251 
1144 18.984695 0.000000 -2.359523 113.007739 0.052137 8.860531 -0.284926 
1145 18.868990 0.000000 -2.359523 112.997843 0.051208 9.494909 -0.285867 
1146 19.100400 0.000000 -2.359523 111.578059 0.052042 7.603320 -0.250748 
1147 18.984695 0.000000 -2.251342 112.869246 0.050299 9.111280 -0.282248 
1148 19.042548 0.000000 -2.521795 110.205078 0.064608 5.481964 -0.217522 
1149 18.984695 0.000000 -2.521795 113.157054 0.055128 8.421844 -0.287545 
1150 19.100400 0.000000 -2.521795 107.179970 0.064219 4.465615 -0.150749 
1151 19.042548 0.000000 -2.467705 111.878185 0.054518 7.521409 -0.257330 
1152 19.013621 0.000000 -2.602931 131.385560 0.121353 0.066113 -0.726218 
1153 18.984695 0.000000 -2.602931 121.761879 0.094116 3.092783 -0.483553 
1154 19.013621 0.000000 -2.629977 120.693761 0.093864 2.655882 -0.457405 
1155 19.042548 0.000000 -2.602931 119.858996 0.095636 2.132638 -0.437074 
1156 19.013621 0.000000 -2.575886 121.948236 0.096887 2.383580 -0.487706 
1157 37.844582 0.000000 7.917705 99.673623 -0.000000 0.519632 0.006490 
1158 35.993305 0.000000 7.917705 99.013821 0.000000 1.642130 0.019357 
1159 37.844582 0.000000 9.648606 100.326863 0.245138 1.011285 -0.006656 
1160 38.770221 0.000000 5.321352 100.374783 0.000000 -0.992067 -0.007608 
1161 37.844582 0.000000 5.321352 100.414127 -0.000000 -0.582811 -0.008334 
1162 38.770221 0.000000 6.186803 99.938126 -0.000000 -0.589803 0.001202 
1163 39.233040 0.000000 4.023176 104.387159 -0.000000 -1.731941 -0.089968 
1164 38.770221 0.000000 4.023176 103.281418 -0.000000 -0.496894 -0.066730 
1165 39.233040 0.000000 4.455902 102.043034 -0.000000 -1.760839 -0.041588 
1166 38.307401 0.000000 4.023176 103.577313 0.000000 0.170165 -0.072829 
1167 37.844582 0.000000 4.023176 103.481114 -0.000000 -0.260612 -0.070841 
1168 38.307401 0.000000 3.590451 104.982660 0.056883 1.026051 -0.102241 
1169 38.307401 0.000000 4.455902 101.641319 0.000000 -0.750745 -0.033152 
1170 39.233040 0.000000 4.888627 100.801346 -0.000000 -1.595298 -0.016346 
1171 38.770221 0.000000 4.888627 100.806818 0.000000 -1.198428 -0.016345 
1172 39.695859 0.000000 4.888627 100.720949 -0.000000 -2.082378 -0.014905 
1173 39.233040 0.000000 5.321352 100.326930 -0.000000 -1.304694 -0.006720 
1174 39.001630 0.000000 4.239539 102.384794 -0.000000 -1.419437 -0.048466 
1175 38.770221 0.000000 4.239539 102.280873 -0.000000 -1.136033 -0.046267 
1176 39.001630 0.000000 4.023176 104.167557 -0.000000 -1.096404 -0.085208 
1177 39.233040 0.000000 4.239539 102.376178 -0.000000 -1.829044 -0.048423 
1178 39.001630 0.000000 4.455902 102.024254 -0.000000 -1.472954 -0.041112 
1179 36.918944 0.000000 5.321352 100.453192 -0.000000 -0.361376 -0.009097 
1180 35.993305 0.000000 5.321352 100.417698 -0.000000 -0.060812 -0.008372 
1181 36.918944 0.000000 6.186803 100.084428 -0.000000 -0.067734 -0.001690 
1182 38.307401 0.000000 4.888627 100.860930 0.000000 -0.886392 -0.017371 
1183 37.844582 0.000000 4.888627 100.805135 -0.000000 -0.627119 -0.016207 
1184 38.307401 0.000000 5.321352 100.405054 -0.000000 -0.760088 -0.008175 
1185 38.538811 0.000000 4.239539 102.196047 -0.000000 -0.874894 -0.044480 
1186 38.307401 0.000000 4.239539 102.542676 0.000000 -0.481285 -0.051523 
1187 38.538811 0.000000 4.023176 103.613246 -0.000000 -0.155383 -0.073573 
1188 38.538811 0.000000 4.455902 101.799491 -0.000000 -0.977622 -0.036409 
1189 40.621498 0.000000 7.052254 99.441322 0.000000 -0.456356 0.011122 
1190 39.695859 0.000000 7.052254 99.606230 -0.000000 -0.305413 0.007851 
1191 41.547137 0.000000 7.052254 99.361282 0.000000 -0.467600 0.012712 
1192 40.621498 0.000000 7.917705 99.654743 -0.000000 0.186757 0.006890 
1193 40.158679 0.000000 5.754078 99.883131 0.000000 -1.472229 0.002119 
1194 39.695859 0.000000 5.754078 99.992619 -0.000000 -1.328146 -0.000029 
1195 40.158679 0.000000 5.321352 100.173516 0.000000 -1.805292 -0.003799 
1196 40.621498 0.000000 5.754078 99.671511 0.000000 -1.364265 0.006373 
1197 40.158679 0.000000 6.186803 99.721558 -0.000000 -1.025632 0.005456 
1198 47.100968 0.000000 13.110409 99.909381 0.382867 1.886583 0.001441 
1199 50.803523 0.000000 13.110409 99.824630 0.355618 2.173655 0.003019 
1200 47.100968 0.000000 16.572213 99.957947 0.142606 2.455145 0.000236 
1201 45.249691 0.000000 7.917705 99.415694 -2.136457 1.210669 0.011049 
1202 47.100968 0.000000 7.917705 99.382273 -2.103453 1.393163 0.011680 
1203 45.249691 0.000000 9.648606 99.429719 1.288295 1.604199 0.010950 
1204 42.472775 0.000000 7.052254 99.280896 -0.981357 0.030697 0.014234 
1205 42.472775 0.000000 6.186803 99.014700 -1.013498 -0.516749 0.019479 
1206 43.398414 0.000000 7.052254 99.225412 -1.101203 0.266386 0.015303 
1207 42.472775 0.000000 7.917705 99.500124 -2.206433 1.134388 0.009357 
1208 41.547137 0.000000 11.379508 99.921208 0.323932 1.522015 0.001333 
1209 39.695859 0.000000 11.379508 100.118280 0.107649 1.493156 -0.002591 
1210 43.398414 0.000000 11.379508 99.729526 0.494389 1.681044 0.005095 
1211 41.547137 0.000000 13.110409 100.008657 0.280319 1.886380 -0.000537 
1212 40.621498 0.000000 8.783156 99.804607 -0.176547 0.086832 0.003900 
1213 39.695859 0.000000 8.783156 99.843477 -0.056160 0.162490 0.003125 
1214 41.547137 0.000000 8.783156 99.767442 -0.121615 0.065742 0.004644 
1215 40.621498 0.000000 9.648606 100.007863 0.194083 1.005016 -0.000262 
1216 41.084317 0.000000 7.484979 99.690176 0.000000 -0.006707 0.006187 
1217 40.621498 0.000000 7.484979 99.608744 0.000000 -0.119402 0.007808 
1218 41.084317 0.000000 7.052254 99.462132 0.000000 -0.350313 0.010716 
1219 41.547137 0.000000 7.484979 99.774902 0.000000 0.132757 0.004495 
1220 41.084317 0.000000 7.917705 99.722297 0.000000 0.212898 0.005542 
1221 42.472775 0.000000 8.783156 99.672837 3.976097 0.860948 0.004878 
1222 43.398414 0.000000 8.783156 99.623113 4.226496 0.973458 0.005642 
1223 42.472775 0.000000 9.648606 99.815298 0.980722 1.103771 0.003473 
1224 41.084317 0.000000 8.350430 99.753145 -0.115735 0.142685 0.004928 
1225 40.621498 0.000000 8.350430 99.713691 -0.108654 0.180575 0.005714 
1226 41.547137 0.000000 8.350430 99.736593 -0.085037 0.144332 0.005258 
1227 41.084317 0.000000 8.783156 99.807044 -0.171567 0.068477 0.003852 
1228 42.009956 0.000000 8.350430 99.550938 -7.241728 0.645872 0.003675 
1229 42.009956 0.000000 7.917705 99.519312 -2.042998 0.447475 0.009153 
1230 42.472775 0.000000 8.350430 99.584383 -7.214184 0.688343 0.003043 
1231 42.009956 0.000000 8.783156 99.724329 3.775193 0.807691 0.004015 
1232 28.588196 0.000000 23.495819 100.427945 0.147737 3.232552 -0.009624 
1233 28.588196 0.000000 30.419425 100.283749 0.032198 3.479465 -0.006894 
1234 32.290750 0.000000 13.110409 100.608337 0.206131 1.989002 -0.012604 
1235 28.588196 0.000000 13.110409 100.734039 0.030636 2.197717 -0.015218 
1236 32.290750 0.000000 16.572213 100.594042 0.185620 2.516376 -0.012553 
1237 37.844582 0.000000 11.379508 100.189343 0.140761 1.514810 -0.004022 
1238 35.993305 0.000000 11.379508 100.502683 -0.103441 1.641203 -0.010349 
1239 37.844582 0.000000 13.110409 100.326965 0.072712 1.879184 -0.006904 
1240 40.621498 0.000000 10.514057 100.064599 0.194938 1.246421 -0.001452 
1241 39.695859 0.000000 10.514057 100.136813 0.183001 1.248254 -0.002897 
1242 41.547137 0.000000 10.514057 99.897861 0.402576 1.303696 0.001856 
1243 40.621498 0.000000 11.379508 100.036154 0.213988 1.508636 -0.000955 
1244 41.084317 0.000000 9.215881 99.915550 0.324718 0.874991 0.001601 
1245 40.621498 0.000000 9.215881 99.998997 0.121520 0.865442 -0.000056 
1246 41.547137 0.000000 9.215881 99.857640 0.881779 0.896415 0.002687 
1247 41.084317 0.000000 9.648606 99.971020 0.306956 1.005630 0.000469 
1248 41.315727 0.000000 8.566793 99.748592 -0.102697 0.119342 0.005019 
1249 41.084317 0.000000 8.566793 99.760312 -0.131567 0.127095 0.004785 
1250 41.315727 0.000000 8.350430 99.739144 -0.092236 0.158186 0.005207 
1251 41.547137 0.000000 8.566793 99.756569 -0.108302 0.091720 0.004861 
1252 41.315727 0.000000 8.783156 99.782674 -0.140909 0.068431 0.004339 
1253 41.315727 0.000000 8.134067 99.705392 -0.039289 0.234981 0.005878 
1254 41.084317 0.000000 8.134067 99.714439 -0.045384 0.225341 0.005698 
1255 41.315727 0.000000 7.917705 99.711972 0.000000 0.247942 0.005746 
1256 41.547137 0.000000 8.134067 99.705139 -0.050578 0.211161 0.005884 
1257 45.249691 0.000000 11.379508 100.137194 0.252522 1.415148 -0.002952 
1258 47.100968 0.000000 11.379508 99.700378 0.575196 1.822178 0.005618 
1259 45.249691 0.000000 13.110409 99.832939 0.270147 2.001948 0.002930 
1260 42.472775 0.000000 10.514057 99.778011 0.566313 1.372472 0.004214 
1261 43.398414 0.000000 10.514057 99.607680 0.698568 1.522169 0.007551 
1262 42.472775 0.000000 11.379508 99.808483 0.409343 1.609954 0.003551 
1263 42.009956 0.000000 9.215881 99.789139 1.356500 0.933513 0.003942 
1264 42.472775 0.000000 9.215881 99.763496 1.594722 0.988059 0.004373 
1265 42.009956 0.000000 9.648606 99.838861 0.792279 1.058975 0.003045 
1266 41.778546 0.000000 8.566793 99.739717 -0.096538 0.100656 0.005197 
1267 41.778546 0.000000 8.350430 99.704552 -0.055954 0.193678 0.005896 
1268 42.009956 0.000000 8.566793 99.705338 17.606204 0.562311 -0.025145 
1269 41.778546 0.000000 8.783156 99.758053 3.496083 0.772487 0.003551 
1270 41.431432 0.000000 8.458611 99.723350 -0.072367 0.183042 0.005521 
1271 41.315727 0.000000 8.458611 99.741607 -0.088177 0.140558 0.005158 
1272 41.431432 0.000000 8.350430 99.746061 -0.097585 0.144037 0.005069 
1273 41.547137 0.000000 8.458611 99.745069 -0.095795 0.119283 0.005090 
1274 41.431432 0.000000 8.566793 99.737469 -0.088348 0.163762 0.005240 
1275 38.770221 0.000000 8.783156 99.922805 -0.006409 0.182987 0.001540 
1276 37.844582 0.000000 8.783156 100.123866 0.161814 0.110451 -0.002483 
1277 38.770221 0.000000 7.917705 99.675371 -0.000000 0.315340 0.006472 
1278 38.770221 0.000000 9.648606 100.241490 0.192809 0.988723 -0.004937 
1279 40.158679 0.000000 8.350430 99.771650 -0.079963 0.179767 0.004558 
1280 39.695859 0.000000 8.350430 99.822565 -0.052610 0.179514 0.003542 
1281 40.158679 0.000000 7.917705 99.606938 0.000000 0.201601 0.007842 
1282 40.158679 0.000000 8.783156 99.843269 -0.124868 0.092016 0.003130 
1283 40.852908 0.000000 8.566793 99.747323 -0.154977 0.146008 0.005043 
1284 40.621498 0.000000 8.566793 99.740284 -0.143382 0.133273 0.005184 
1285 40.852908 0.000000 8.350430 99.752898 -0.124390 0.159488 0.004932 
1286 40.852908 0.000000 8.783156 99.804184 -0.201841 0.084724 0.003908 
1287 41.200022 0.000000 8.458611 99.762609 -0.106773 0.133590 0.004739 
1288 41.084317 0.000000 8.458611 99.755096 -0.120020 0.143736 0.004889 
1289 41.200022 0.000000 8.350430 99.751094 -0.109235 0.145532 0.004969 
1290 41.200022 0.000000 8.566793 99.767984 -0.115561 0.114438 0.004632 
1291 40.852908 0.000000 8.134067 99.700798 -0.052046 0.211132 0.005970 
1292 40.621498 0.000000 8.134067 99.683362 -0.057224 0.194509 0.006319 
1293 40.852908 0.000000 7.917705 99.692182 -0.000000 0.208317 0.006143 
1294 40.968613 0.000000 8.458611 99.753371 -0.137947 0.156965 0.004922 
1295 40.852908 0.000000 8.458611 99.739710 -0.149284 0.156096 0.005194 
1296 40.968613 0.000000 8.350430 99.745019 -0.114600 0.162328 0.005089 
1297 40.968613 0.000000 8.566793 99.770565 -0.155020 0.135543 0.004579 
1298 40.158679 0.000000 9.215881 100.073008 0.059091 0.857328 -0.001535 
1299 39.695859 0.000000 9.215881 100.113889 0.106024 0.859438 -0.002354 
1300 40.158679 0.000000 9.648606 100.077144 0.145146 0.992864 -0.001644 
1301 40.852908 0.000000 8.999518 99.957387 0.033471 0.790730 0.000789 
1302 40.621498 0.000000 8.999518 99.998447 0.004346 0.791704 -0.000032 
1303 41.084317 0.000000 8.999518 99.905361 0.215435 0.793484 0.001824 
1304 40.852908 0.000000 9.215881 99.959677 0.164148 0.868348 0.000728 
1305 40.968613 0.000000 8.674974 99.793289 -0.164709 0.087644 0.004126 
1306 40.852908 0.000000 8.674974 99.802645 -0.174699 0.088235 0.003939 
1307 41.084317 0.000000 8.674974 99.781679 -0.149950 0.088100 0.004359 
1308 40.968613 0.000000 8.783156 99.803076 -0.181321 0.083720 0.003931 
1309 41.026465 0.000000 8.512702 99.751356 -0.129882 0.149416 0.004963 
1310 40.968613 0.000000 8.512702 99.755006 -0.141933 0.156072 0.004889 
1311 41.026465 0.000000 8.458611 99.752980 -0.131021 0.147534 0.004930 
1312 41.084317 0.000000 8.512702 99.752261 -0.119210 0.147685 0.004945 
1313 41.026465 0.000000 8.566793 99.760880 -0.133157 0.127562 0.004773 
1314 40.390088 0.000000 8.566793 99.798694 -0.118054 0.132627 0.004019 
1315 40.158679 0.000000 8.566793 99.799303 -0.092063 0.158406 0.004007 
1316 40.390088 0.000000 8.350430 99.763319 -0.100908 0.164836 0.004724 
1317 40.390088 0.000000 8.783156 99.869643 -0.148230 0.053503 0.002603 
1318 40.737203 0.000000 8.458611 99.728215 -0.141129 0.154046 0.005424 
1319 40.621498 0.000000 8.458611 99.726201 -0.131592 0.148569 0.005465 
1320 40.737203 0.000000 8.350430 99.728579 -0.121365 0.168074 0.005417 
1321 40.737203 0.000000 8.566793 99.748085 -0.146018 0.132953 0.005028 
1322 40.910760 0.000000 8.512702 99.754445 -0.155529 0.158537 0.004900 
1323 40.852908 0.000000 8.512702 99.737868 -0.152391 0.155440 0.005231 
1324 40.910760 0.000000 8.458611 99.763955 -0.150710 0.149020 0.004711 
1325 40.910760 0.000000 8.566793 99.771889 -0.155066 0.135677 0.004553 
1326 40.968613 0.000000 8.242249 99.705104 -0.066624 0.231338 0.005883 
1327 40.852908 0.000000 8.242249 99.714475 -0.091856 0.211563 0.005697 
1328 40.968613 0.000000 8.134067 99.704837 -0.051780 0.230493 0.005889 
1329 41.084317 0.000000 8.242249 99.730639 -0.088186 0.184812 0.005376 
1330 41.026465 0.000000 8.404521 99.749372 -0.120735 0.145123 0.005003 
1331 40.968613 0.000000 8.404521 99.754957 -0.136514 0.154845 0.004891 
1332 41.026465 0.000000 8.350430 99.746702 -0.114252 0.149171 0.005056 
1333 41.084317 0.000000 8.404521 99.753623 -0.121826 0.140208 0.004918 
1334 40.997539 0.000000 8.485657 99.752575 -0.147703 0.164437 0.004938 
1335 40.968613 0.000000 8.485657 99.754125 -0.140775 0.157326 0.004907 
1336 40.997539 0.000000 8.458611 99.752140 -0.133427 0.149614 0.004947 
1337 41.026465 0.000000 8.485657 99.750795 -0.129131 0.150446 0.004974 
1338 40.997539 0.000000 8.512702 99.754030 -0.149711 0.163618 0.004908 
1339 34.142028 0.000000 7.917705 100.831767 0.278752 0.587947 -0.016747 
1340 32.290750 0.000000 7.917705 101.179763 0.128520 0.941391 -0.023825 
1341 34.142028 0.000000 9.648606 100.801421 0.021282 1.339264 -0.016272 
1342 36.918944 0.000000 8.783156 99.987441 0.298364 0.375262 0.000228 
1343 35.993305 0.000000 8.783156 100.417918 0.685980 0.826182 -0.008491 
1344 36.918944 0.000000 7.917705 99.450570 0.000000 0.944874 0.010869 
1345 36.918944 0.000000 9.648606 100.395835 0.418874 1.097158 -0.008070 
1346 34.142028 0.000000 11.379508 100.470208 0.199245 1.579758 -0.009680 
1347 32.290750 0.000000 11.379508 100.700070 0.211410 1.665160 -0.014332 
1348 34.142028 0.000000 13.110409 100.517548 0.217105 1.918010 -0.010750 
1349 35.067666 0.000000 8.783156 100.567439 0.392337 0.855380 -0.011470 
1350 34.142028 0.000000 8.783156 100.786139 0.255976 0.858808 -0.015865 
1351 35.067666 0.000000 7.917705 100.644178 0.491009 0.511673 -0.012975 
1352 35.067666 0.000000 9.648606 100.543828 0.372398 1.092419 -0.011039 
1353 36.918944 0.000000 7.052254 99.680638 -0.000000 0.415686 0.006360 
1354 35.993305 0.000000 7.052254 99.121467 0.000000 1.101149 0.017372 
1355 37.844582 0.000000 7.052254 99.676815 -0.000000 0.122547 0.006452 
1356 36.456124 0.000000 8.350430 99.408147 0.096170 1.150719 0.011669 
1357 35.993305 0.000000 8.350430 98.886445 0.000000 1.762228 0.021837 
1358 36.456124 0.000000 7.917705 98.925917 0.000000 1.726573 0.021068 
1359 36.918944 0.000000 8.350430 99.787512 0.216997 0.596597 0.004205 
1360 36.456124 0.000000 8.783156 99.004376 0.000000 1.552221 0.019572 
1361 37.381763 0.000000 8.350430 99.938596 0.219505 0.352224 0.001210 
1362 37.381763 0.000000 7.917705 99.571184 0.000000 0.733469 0.008504 
1363 37.844582 0.000000 8.350430 99.971171 0.100633 0.258105 0.000569 
1364 37.381763 0.000000 8.783156 99.993940 0.255161 0.191930 0.000111 
1365 36.918944 0.000000 10.514057 100.396744 0.195081 1.300945 -0.008124 
1366 35.993305 0.000000 10.514057 100.464915 0.246732 1.391764 -0.009520 
1367 37.844582 0.000000 10.514057 100.293930 0.187975 1.278326 -0.006054 
1368 36.918944 0.000000 11.379508 100.508273 -0.175125 1.634294 -0.010461 
1369 36.456124 0.000000 9.215881 100.463308 0.607916 0.936689 -0.009412 
1370 35.993305 0.000000 9.215881 100.459030 0.502259 0.946757 -0.009317 
1371 36.918944 0.000000 9.215881 100.446815 0.505490 0.939559 -0.009070 
1372 36.456124 0.000000 9.648606 100.448043 0.345638 1.064940 -0.009106 
1373 36.687534 0.000000 8.566793 99.854047 0.255552 0.578659 0.002877 
1374 36.456124 0.000000 8.566793 99.569293 0.150097 0.987433 0.008496 
1375 36.687534 0.000000 8.350430 99.582846 0.167880 0.886420 0.008244 
1376 36.918944 0.000000 8.566793 99.976344 0.293812 0.396683 0.000449 
1377 36.687534 0.000000 8.783156 99.936165 0.292383 0.491173 0.001244 
1378 35.067666 0.000000 7.052254 98.981509 0.000000 1.376240 0.020077 
1379 34.142028 0.000000 7.052254 100.943886 0.534687 0.276881 -0.019003 
1380 35.067666 0.000000 6.186803 99.420832 0.000000 0.954592 0.011459 
1381 36.456124 0.000000 7.484979 99.307053 0.000000 1.120575 0.013685 
1382 35.993305 0.000000 7.484979 98.991932 0.000000 1.431123 0.019855 
1383 36.456124 0.000000 7.052254 99.433178 0.000000 0.790273 0.011242 
1384 36.918944 0.000000 7.484979 99.483190 0.000000 0.834553 0.010240 
1385 36.687534 0.000000 8.134067 99.285825 0.066268 1.251870 0.014075 
1386 36.456124 0.000000 8.134067 99.095937 0.000000 1.467128 0.017784 
1387 36.687534 0.000000 7.917705 99.288636 0.000000 1.192482 0.014034 
1388 36.918944 0.000000 8.134067 99.566931 0.111049 0.845598 0.008570 
1389 37.381763 0.000000 9.215881 100.448157 0.389471 0.868891 -0.009074 
1390 37.844582 0.000000 9.215881 100.324168 0.236929 0.912119 -0.006583 
1391 37.381763 0.000000 9.648606 100.323801 0.302469 1.065416 -0.006609 
1392 37.150353 0.000000 8.566793 99.891225 0.235300 0.407293 0.002152 
1393 37.150353 0.000000 8.350430 99.892485 0.234494 0.429378 0.002125 
1394 37.381763 0.000000 8.566793 99.956504 0.208554 0.305311 0.000856 
1395 37.150353 0.000000 8.783156 100.004332 0.285556 0.313497 -0.000105 
1396 36.803239 0.000000 8.458611 100.131129 0.329732 0.352375 -0.002648 
1397 36.687534 0.000000 8.458611 99.760887 0.225974 0.683716 0.004725 
1398 36.803239 0.000000 8.350430 99.701225 0.196717 0.716765 0.005911 
1399 36.918944 0.000000 8.458611 99.686890 0.243765 0.687827 0.006199 
1400 36.803239 0.000000 8.566793 99.934652 0.280193 0.455537 0.001278 
1401 38.770221 0.000000 7.052254 99.702859 -0.000000 -0.159695 0.005931 
1402 39.233040 0.000000 8.350430 99.867180 -0.026714 0.194706 0.002651 
1403 38.770221 0.000000 8.350430 99.900269 -0.010423 0.192400 0.001990 
1404 39.233040 0.000000 7.917705 99.650153 -0.000000 0.270817 0.006977 
1405 39.233040 0.000000 8.783156 99.888346 -0.025062 0.185400 0.002228 
1406 38.307401 0.000000 8.350430 99.974538 0.021193 0.218500 0.000504 
1407 38.307401 0.000000 7.917705 99.687866 -0.000000 0.401074 0.006217 
1408 38.307401 0.000000 8.783156 100.037523 0.026938 0.166950 -0.000753 
1409 37.613173 0.000000 8.566793 99.981728 0.164041 0.272402 0.000355 
1410 37.613173 0.000000 8.350430 99.942592 0.148785 0.304449 0.001136 
1411 37.844582 0.000000 8.566793 100.028483 0.119640 0.205003 -0.000575 
1412 37.613173 0.000000 8.783156 100.058653 0.208166 0.156840 -0.001180 
1413 37.381763 0.000000 7.484979 99.642440 -0.000000 0.470300 0.007116 
1414 37.381763 0.000000 7.052254 99.707693 -0.000000 0.236598 0.005832 
1415 37.844582 0.000000 7.484979 99.655707 -0.000000 0.331183 0.006863 
1416 37.150353 0.000000 8.134067 99.726527 0.141013 0.613035 0.005422 
1417 37.150353 0.000000 7.917705 99.514584 0.000000 0.846822 0.009613 
1418 37.381763 0.000000 8.134067 99.698541 0.097844 0.570350 0.005987 
1419 37.034648 0.000000 8.458611 99.727797 0.212749 0.582031 0.005398 
1420 37.034648 0.000000 8.350430 99.862936 0.231522 0.482620 0.002711 
1421 37.150353 0.000000 8.458611 99.807062 0.207841 0.475623 0.003828 
1422 37.034648 0.000000 8.566793 99.997007 0.287552 0.337061 0.000040 
1423 54.506077 0.000000 6.186803 99.728448 -0.583728 1.338366 0.005210 
1424 54.506077 0.000000 2.725000 99.701139 -0.568078 -0.741769 0.005881 
1425 58.208632 0.000000 6.186803 99.831246 -0.556598 1.258401 0.003183 
1426 54.506077 0.000000 9.648606 99.804241 1.482103 1.836978 0.003354 
1427 39.927269 0.000000 3.806813 103.772606 0.000000 -0.915534 -0.076959 
1428 39.695859 0.000000 3.806813 103.735760 0.033509 -0.366120 -0.076124 
1429 40.158679 0.000000 3.806813 104.719930 0.093810 -3.497578 -0.097851 
1430 39.927269 0.000000 4.023176 102.869411 0.000000 -2.556761 -0.058865 
1431 39.464450 0.000000 3.806813 104.031552 0.037406 -1.327599 -0.082433 
1432 39.233040 0.000000 3.806813 105.320269 0.046516 -1.075407 -0.109352 
1433 39.464450 0.000000 3.590451 104.737595 0.052544 -0.749306 -0.097053 
1434 39.464450 0.000000 4.023176 103.515231 0.000000 -1.467376 -0.071756 
1435 39.811564 0.000000 3.698632 103.950412 0.063430 -0.279561 -0.080577 
1436 39.695859 0.000000 3.698632 104.072812 0.039891 -0.116265 -0.083117 
1437 39.811564 0.000000 3.590451 104.568422 0.117878 -0.638159 -0.093498 
1438 39.927269 0.000000 3.698632 104.256182 0.131286 -1.770265 -0.087250 
1439 39.811564 0.000000 3.806813 104.015666 0.000000 -0.258607 -0.081933 
1440 41.084317 0.000000 4.023176 99.707029 -0.211068 -5.659658 0.002643 
1441 41.084317 0.000000 3.590451 109.551359 -0.111440 -26.072480 -0.268129 
1442 41.547137 0.000000 4.023176 98.250843 -0.163971 -5.518713 0.031629 
1443 41.084317 0.000000 4.455902 99.473477 -0.543266 -3.915442 0.008940 
1444 40.390088 0.000000 3.806813 106.041931 0.216195 -6.797613 -0.129115 
1445 40.390088 0.000000 3.590451 108.535519 0.214253 -10.368353 -0.188751 
1446 40.621498 0.000000 3.806813 107.157571 0.440967 -7.775042 -0.154339 
1447 40.390088 0.000000 4.023176 102.695771 0.000000 -2.936729 -0.055505 
1448 40.042974 0.000000 3.698632 104.919920 0.082308 -2.392949 -0.101392 
1449 40.042974 0.000000 3.590451 105.209712 0.164822 -3.627649 -0.108227 
1450 40.158679 0.000000 3.698632 105.293826 0.108808 -2.884934 -0.109512 
1451 40.042974 0.000000 3.806813 103.978234 0.037180 -1.412492 -0.081347 
1452 40.158679 0.000000 4.888627 100.486306 0.000000 -2.323928 -0.010290 
1453 40.621498 0.000000 4.888627 100.324608 0.000000 -2.220948 -0.006996 
1454 39.927269 0.000000 4.239539 102.074422 0.000000 -2.658749 -0.042626 
1455 39.695859 0.000000 4.239539 102.129721 0.000000 -2.491677 -0.043669 
1456 40.158679 0.000000 4.239539 101.844271 0.000000 -2.758978 -0.037987 
1457 39.927269 0.000000 4.455902 101.573192 0.000000 -2.706567 -0.032444 
1458 39.811564 0.000000 3.914995 103.504711 0.000000 -1.478958 -0.071541 
1459 39.695859 0.000000 3.914995 103.622965 0.000000 -1.159877 -0.073906 
1460 39.927269 0.000000 3.914995 103.353630 0.000000 -1.569226 -0.068444 
1461 39.811564 0.000000 4.023176 103.092828 0.000000 -2.229364 -0.063310 
1462 39.869417 0.000000 3.752723 103.819787 0.065821 -0.591929 -0.077890 
1463 39.811564 0.000000 3.752723 103.845524 0.038859 -0.116462 -0.078391 
1464 39.869417 0.000000 3.698632 104.190121 0.116408 -1.577779 -0.085808 
1465 39.927269 0.000000 3.752723 104.206695 0.030505 -0.986263 -0.086001 
1466 39.869417 0.000000 3.806813 103.937142 0.000000 -0.465117 -0.080315 
1467 39.464450 0.000000 3.374088 104.982501 0.095226 -0.099727 -0.102134 
1468 39.233040 0.000000 3.374088 106.239813 0.082444 -4.719932 -0.130918 
1469 39.580155 0.000000 3.698632 104.078263 0.041794 -0.608632 -0.083266 
1470 39.464450 0.000000 3.698632 104.170764 0.043802 -1.025899 -0.085260 
1471 39.580155 0.000000 3.590451 104.534595 0.046719 -0.013623 -0.092748 
1472 39.580155 0.000000 3.806813 103.864198 0.029343 -0.851777 -0.078850 
1473 39.753712 0.000000 3.752723 103.981824 0.021616 0.052971 -0.081222 
1474 39.695859 0.000000 3.752723 103.998137 0.033298 -0.250169 -0.081568 
1475 39.753712 0.000000 3.698632 103.870835 0.040389 -0.014164 -0.078915 
1476 39.753712 0.000000 3.806813 103.856200 0.026571 -0.178726 -0.078614 
1477 40.042974 0.000000 3.914995 103.225745 0.000000 -1.884114 -0.065910 
1478 40.158679 0.000000 3.914995 103.313494 0.000000 -1.708985 -0.067660 
1479 40.042974 0.000000 4.023176 102.742207 0.000000 -2.870747 -0.056420 
1480 39.869417 0.000000 3.860904 103.636810 0.000000 -1.196573 -0.074202 
1481 39.811564 0.000000 3.860904 103.846932 0.000000 -0.659262 -0.078462 
1482 39.927269 0.000000 3.860904 103.506912 0.000000 -1.242361 -0.071522 
1483 39.869417 0.000000 3.914995 103.365824 0.000000 -1.564840 -0.068694 
1484 39.840490 0.000000 3.779768 103.726858 0.044547 -0.323911 -0.075937 
1485 39.811564 0.000000 3.779768 103.825293 0.036520 -0.183395 -0.077973 
1486 39.840490 0.000000 3.752723 103.759204 0.046459 -0.233592 -0.076603 
1487 39.869417 0.000000 3.779768 103.996936 0.000000 -0.336546 -0.081548 
1488 39.840490 0.000000 3.806813 103.972129 0.000000 -0.375351 -0.081034 
1489 39.464450 0.000000 4.239539 102.381471 -0.000000 -2.186226 -0.048675 
1490 39.464450 0.000000 4.455902 102.003634 -0.000000 -2.189261 -0.040953 
1491 39.580155 0.000000 3.914995 103.996407 0.000000 -1.290833 -0.081692 
1492 39.464450 0.000000 3.914995 104.166708 0.000000 -1.528124 -0.085304 
1493 39.580155 0.000000 4.023176 103.415959 0.000000 -1.732044 -0.069786 
1494 39.753712 0.000000 3.860904 103.862108 0.000000 -0.560179 -0.078765 
1495 39.695859 0.000000 3.860904 103.854645 0.000000 -0.577753 -0.078612 
1496 39.753712 0.000000 3.914995 103.550185 0.000000 -1.412316 -0.072464 
1497 39.782638 0.000000 3.779768 103.969946 0.020533 0.015265 -0.080975 
1498 39.753712 0.000000 3.779768 104.057376 0.013550 0.141489 -0.082796 
1499 39.782638 0.000000 3.752723 103.942560 0.025187 0.000164 -0.080406 
1500 39.782638 0.000000 3.806813 103.832868 0.028376 -0.213473 -0.078131 
1501 39.811564 0.000000 3.482269 104.992568 0.096782 -0.338399 -0.102356 
1502 39.695859 0.000000 3.482269 105.516114 0.049867 1.606873 -0.113623 
1503 39.811564 0.000000 3.374088 105.670652 0.131144 -1.880262 -0.116984 
1504 39.927269 0.000000 3.482269 105.229531 0.144918 -2.561464 -0.107984 
1505 39.869417 0.000000 3.644541 104.387366 0.128455 -1.322553 -0.089849 
1506 39.811564 0.000000 3.644541 104.342485 0.112669 -1.078303 -0.088853 
1507 39.869417 0.000000 3.590451 104.505275 0.130218 -1.090268 -0.092256 
1508 39.927269 0.000000 3.644541 104.369410 0.136695 -1.624012 -0.089563 
1509 39.840490 0.000000 3.725677 103.892063 0.063233 -0.419166 -0.079374 
1510 39.811564 0.000000 3.725677 103.936120 0.056261 -0.306991 -0.080281 
1511 39.840490 0.000000 3.698632 103.918029 0.068230 -0.365454 -0.079910 
1512 39.869417 0.000000 3.725677 103.853078 0.069162 -0.521702 -0.078574 
1513 39.826027 0.000000 3.766245 103.788836 0.041654 -0.214939 -0.077217 
1514 39.811564 0.000000 3.766245 103.841864 0.037050 -0.141257 -0.078315 
1515 39.826027 0.000000 3.752723 103.798881 0.043043 -0.179568 -0.077424 
1516 39.840490 0.000000 3.766245 103.745637 0.045264 -0.275120 -0.076323 
1517 39.826027 0.000000 3.779768 103.770908 0.041021 -0.261060 -0.076847 
1518 40.390088 0.000000 4.239539 101.642846 0.000000 -2.846498 -0.033937 
1519 40.621498 0.000000 4.239539 100.575739 -0.037142 -4.312074 -0.013407 
1520 40.390088 0.000000 4.455902 101.039333 0.000000 -2.765594 -0.021660 
1521 39.927269 0.000000 4.672264 100.914383 0.000000 -2.553077 -0.019023 
1522 39.695859 0.000000 4.672264 101.058012 0.000000 -2.255089 -0.021781 
1523 40.158679 0.000000 4.672264 100.591268 0.000000 -2.686027 -0.012582 
1524 39.927269 0.000000 4.888627 100.585668 0.000000 -2.220886 -0.012241 
1525 40.042974 0.000000 4.347720 101.608614 0.000000 -2.783046 -0.033206 
1526 39.927269 0.000000 4.347720 101.756603 0.000000 -2.735289 -0.036189 
1527 40.042974 0.000000 4.239539 101.887547 0.000000 -2.719334 -0.038847 
1528 40.158679 0.000000 4.347720 101.632442 0.000000 -2.741855 -0.033667 
1529 40.042974 0.000000 4.455902 101.432587 0.000000 -2.740091 -0.029608 
1530 39.811564 0.000000 4.347720 101.949827 0.000000 -2.576937 -0.040041 
1531 39.695859 0.000000 4.347720 101.962136 0.000000 -2.458626 -0.040232 
1532 39.811564 0.000000 4.239539 102.128753 0.000000 -2.590315 -0.043699 
1533 39.811564 0.000000 4.455902 101.753029 0.000000 -2.515346 -0.036001 
1534 42.472775 0.000000 5.321352 98.580214 -0.406336 -1.428802 0.027973 
1535 43.398414 0.000000 5.321352 98.467616 -0.425583 -0.804017 0.030330 
1536 41.084317 0.000000 4.888627 99.408351 0.073994 -2.727388 0.011054 
1537 41.547137 0.000000 4.888627 98.910763 0.272007 -2.630856 0.020967 
1538 41.084317 0.000000 5.321352 99.431101 -0.380413 -1.975357 0.010941 
1539 40.390088 0.000000 4.672264 100.544830 0.000000 -2.497222 -0.011550 
1540 40.621498 0.000000 4.672264 100.627196 0.000000 -2.762555 -0.013346 
1541 40.390088 0.000000 4.888627 100.455913 0.000000 -2.308581 -0.009672 
1542 40.042974 0.000000 4.564083 100.990884 0.000000 -2.692137 -0.020641 
1543 39.927269 0.000000 4.564083 101.194848 0.000000 -2.627258 -0.024730 
1544 40.158679 0.000000 4.564083 100.975892 0.000000 -2.717087 -0.020351 
1545 40.042974 0.000000 4.672264 100.719206 0.000000 -2.634403 -0.015130 
1546 39.985121 0.000000 4.401811 101.606665 0.000000 -2.782160 -0.033165 
1547 39.927269 0.000000 4.401811 101.653751 0.000000 -2.740930 -0.034100 
1548 39.985121 0.000000 4.347720 101.629561 0.000000 -2.831816 -0.033659 
1549 40.042974 0.000000 4.401811 101.532489 0.000000 -2.768466 -0.031651 
1550 39.985121 0.000000 4.455902 101.460079 0.000000 -2.741851 -0.030167 
1551 40.042974 0.000000 4.131358 102.179355 0.000000 -2.813751 -0.044854 
1552 39.927269 0.000000 4.131358 102.356215 0.000000 -2.780854 -0.048453 
1553 40.158679 0.000000 4.131358 102.002562 0.000000 -2.776699 -0.041223 
1554 39.985121 0.000000 4.293630 101.751809 0.000000 -2.764347 -0.036107 
1555 39.927269 0.000000 4.293630 101.857385 0.000000 -2.713615 -0.038229 
1556 39.985121 0.000000 4.239539 101.952219 0.000000 -2.723417 -0.040167 
1557 40.042974 0.000000 4.293630 101.695871 0.000000 -2.775182 -0.034975 
1558 40.274384 0.000000 4.347720 101.412176 0.000000 -2.783069 -0.029217 
1559 40.274384 0.000000 4.239539 101.569049 0.000000 -2.799189 -0.032411 
1560 40.390088 0.000000 4.347720 101.127153 0.000000 -2.775476 -0.023440 
1561 40.274384 0.000000 4.455902 101.244048 0.000000 -2.769956 -0.025803 
1562 40.100826 0.000000 4.401811 101.482950 0.000000 -2.680330 -0.030597 
1563 40.100826 0.000000 4.347720 101.603043 0.000000 -2.687405 -0.033040 
1564 40.158679 0.000000 4.401811 101.468466 0.000000 -2.683749 -0.030305 
1565 40.100826 0.000000 4.455902 101.357682 0.000000 -2.677968 -0.028055 
1566 40.014048 0.000000 4.374766 101.579177 0.000000 -2.807597 -0.032621 
1567 39.985121 0.000000 4.374766 101.606410 0.000000 -2.841374 -0.033194 
1568 40.014048 0.000000 4.347720 101.609343 0.000000 -2.809190 -0.033235 
1569 40.042974 0.000000 4.374766 101.571853 0.000000 -2.779597 -0.032457 
1570 40.014048 0.000000 4.401811 101.545774 0.000000 -2.786106 -0.031931 
1571 40.100826 0.000000 4.293630 101.717706 0.000000 -2.698436 -0.035377 
1572 40.100826 0.000000 4.239539 101.901285 0.000000 -2.764834 -0.039152 
1573 40.158679 0.000000 4.293630 101.743673 0.000000 -2.749777 -0.035934 
1574 40.014048 0.000000 4.320675 101.651197 0.000000 -2.795401 -0.034078 
1575 39.985121 0.000000 4.320675 101.693047 0.000000 -2.785751 -0.034924 
1576 40.014048 0.000000 4.293630 101.703545 0.000000 -2.783258 -0.035136 
1577 40.042974 0.000000 4.320675 101.649199 0.000000 -2.779900 -0.034029 
1578 40.071900 0.000000 4.374766 101.561918 0.000000 -2.763296 -0.032246 
1579 40.071900 0.000000 4.347720 101.601954 0.000000 -2.767097 -0.033061 
1580 40.100826 0.000000 4.374766 101.543624 0.000000 -2.683330 -0.031831 
1581 40.071900 0.000000 4.401811 101.519550 0.000000 -2.755989 -0.031381 
1582 40.028511 0.000000 4.361243 101.592714 0.000000 -2.794739 -0.032889 
1583 40.014048 0.000000 4.361243 101.593431 0.000000 -2.811571 -0.032913 
1584 40.028511 0.000000 4.347720 101.610054 0.000000 -2.794411 -0.033241 
1585 40.042974 0.000000 4.361243 101.590115 0.000000 -2.782386 -0.032829 
1586 40.028511 0.000000 4.374766 101.576066 0.000000 -2.791562 -0.032549 
1587 40.390088 0.000000 5.104990 100.318523 0.000000 -2.078252 -0.006813 
1588 40.158679 0.000000 5.104990 100.379572 0.000000 -2.094216 -0.008044 
1589 40.621498 0.000000 5.104990 100.230268 0.000000 -1.940952 -0.004987 
1590 40.390088 0.000000 5.321352 100.096461 0.000000 -1.784896 -0.002249 
1591 39.927269 0.000000 5.104990 100.502814 0.000000 -2.057229 -0.010505 
1592 39.695859 0.000000 5.104990 100.614481 -0.000000 -1.908454 -0.012692 
1593 39.927269 0.000000 5.321352 100.252831 0.000000 -1.690365 -0.005349 
1594 40.274384 0.000000 4.996808 100.404747 0.000000 -2.251736 -0.008618 
1595 40.158679 0.000000 4.996808 100.431596 0.000000 -2.285047 -0.009173 
1596 40.274384 0.000000 4.888627 100.439666 0.000000 -2.314702 -0.009348 
1597 40.390088 0.000000 4.996808 100.361923 0.000000 -2.146371 -0.007712 
1598 40.274384 0.000000 5.104990 100.358285 0.000000 -2.095514 -0.007618 
1599 40.042974 0.000000 4.996808 100.532420 0.000000 -2.208306 -0.011164 
1600 39.927269 0.000000 4.996808 100.554723 0.000000 -2.160847 -0.011592 
1601 40.042974 0.000000 4.888627 100.563598 0.000000 -2.279488 -0.011823 
1602 40.042974 0.000000 5.104990 100.463340 0.000000 -2.104158 -0.009731 
1603 40.274384 0.000000 4.780446 100.520179 0.000000 -2.440863 -0.011026 
1604 40.158679 0.000000 4.780446 100.575959 0.000000 -2.432453 -0.012144 
1605 40.274384 0.000000 4.672264 100.547544 0.000000 -2.512738 -0.011612 
1606 40.390088 0.000000 4.780446 100.493125 0.000000 -2.379735 -0.010453 
1607 40.216531 0.000000 4.942718 100.409047 0.000000 -2.327041 -0.008739 
1608 40.158679 0.000000 4.942718 100.446145 0.000000 -2.321300 -0.009482 
1609 40.216531 0.000000 4.888627 100.439002 0.000000 -2.332077 -0.009343 
1610 40.274384 0.000000 4.942718 100.420206 0.000000 -2.288143 -0.008945 
1611 40.216531 0.000000 4.996808 100.403883 0.000000 -2.282240 -0.008615 
1612 41.084317 0.000000 5.754078 99.565158 0.000000 -1.281062 0.008514 
1613 41.547137 0.000000 5.754078 99.179492 -0.525164 -1.319602 0.016141 
1614 41.084317 0.000000 6.186803 99.637518 0.000000 -0.733613 0.007183 
1615 40.852908 0.000000 5.104990 100.185191 0.000000 -1.967784 -0.004094 
1616 40.852908 0.000000 4.888627 100.185191 0.000000 -1.967784 -0.004094 
1617 41.084317 0.000000 5.104990 99.433578 -0.511210 -2.348986 0.010718 
1618 40.852908 0.000000 5.321352 100.003143 0.000000 -1.742125 -0.000366 
1619 40.505793 0.000000 4.996808 100.357121 0.000000 -2.199114 -0.007639 
1620 40.505793 0.000000 4.888627 100.388504 0.000000 -2.260234 -0.008296 
1621 40.621498 0.000000 4.996808 100.304186 0.000000 -2.117080 -0.006541 
1622 40.505793 0.000000 5.104990 100.278628 0.000000 -2.067672 -0.006008 
1623 40.332236 0.000000 4.942718 100.436332 0.000000 -2.223267 -0.009240 
1624 40.332236 0.000000 4.888627 100.459163 0.000000 -2.266299 -0.009718 
1625 40.390088 0.000000 4.942718 100.433308 0.000000 -2.268479 -0.009200 
1626 40.332236 0.000000 4.996808 100.411374 0.000000 -2.180781 -0.008720 
1627 40.390088 0.000000 5.537715 99.896465 0.000000 -1.621860 0.001807 
1628 40.158679 0.000000 5.537715 99.995976 0.000000 -1.606181 -0.000177 
1629 40.621498 0.000000 5.537715 99.885325 0.000000 -1.586114 0.002041 
1630 40.390088 0.000000 5.754078 99.766628 0.000000 -1.427481 0.004458 
1631 40.274384 0.000000 5.213171 100.251268 0.000000 -1.977231 -0.005423 
1632 40.158679 0.000000 5.213171 100.283876 0.000000 -1.964951 -0.006072 
1633 40.390088 0.000000 5.213171 100.240826 0.000000 -1.984966 -0.005216 
1634 40.274384 0.000000 5.321352 100.129324 0.000000 -1.803969 -0.002914 
1635 40.216531 0.000000 5.050899 100.391927 0.000000 -2.214433 -0.008344 
1636 40.158679 0.000000 5.050899 100.423946 0.000000 -2.227459 -0.008993 
1637 40.274384 0.000000 5.050899 100.388682 0.000000 -2.138513 -0.008246 
1638 40.216531 0.000000 5.104990 100.367452 0.000000 -2.094402 -0.007801 
1639 40.245457 0.000000 4.969763 100.410276 0.000000 -2.288847 -0.008746 
1640 40.216531 0.000000 4.969763 100.404505 0.000000 -2.314381 -0.008642 
1641 40.245457 0.000000 4.942718 100.417097 0.000000 -2.303811 -0.008890 
1642 40.274384 0.000000 4.969763 100.412315 0.000000 -2.271985 -0.008779 
1643 40.245457 0.000000 4.996808 100.404738 0.000000 -2.265700 -0.008624 
1644 40.852908 0.000000 5.537715 99.762402 0.000000 -1.493950 0.004523 
1645 41.084317 0.000000 5.537715 99.565158 0.000000 -1.281062 0.008514 
1646 40.852908 0.000000 5.754078 99.619923 0.000000 -1.319236 0.007413 
1647 40.158679 0.000000 6.619529 99.615857 -0.000000 -0.635944 0.007628 
1648 39.695859 0.000000 6.619529 99.722117 -0.000000 -0.582660 0.005516 
1649 40.621498 0.000000 6.619529 99.529442 0.000000 -0.640920 0.009348 
1650 40.158679 0.000000 7.052254 99.467424 -0.000000 -0.371794 0.010609 
1651 40.390088 0.000000 5.970440 99.662586 0.000000 -1.135425 0.006608 
1652 40.158679 0.000000 5.970440 99.720797 -0.000000 -1.146435 0.005445 
1653 40.621498 0.000000 5.970440 99.637465 0.000000 -1.123680 0.007111 
1654 40.390088 0.000000 6.186803 99.666154 0.000000 -1.022644 0.006561 
1655 40.505793 0.000000 5.645896 99.815726 0.000000 -1.495152 0.003459 
1656 40.390088 0.000000 5.645896 99.847161 0.000000 -1.542712 0.002816 
1657 40.505793 0.000000 5.537715 99.885023 0.000000 -1.588138 0.002046 
1658 40.621498 0.000000 5.645896 99.772548 0.000000 -1.463228 0.004330 
1659 40.505793 0.000000 5.754078 99.703369 0.000000 -1.395326 0.005729 
1660 39.233040 0.000000 5.754078 100.060901 -0.000000 -1.116508 -0.001343 
1661 38.770221 0.000000 5.754078 100.093792 0.000000 -0.851705 -0.001949 
1662 39.233040 0.000000 6.186803 99.932553 0.000000 -0.797667 0.001285 
1663 39.927269 0.000000 5.537715 100.087653 -0.000000 -1.557571 -0.001996 
1664 39.695859 0.000000 5.537715 100.148933 -0.000000 -1.459855 -0.003194 
1665 39.927269 0.000000 5.754078 99.951944 -0.000000 -1.409226 0.000762 
1666 40.274384 0.000000 5.645896 99.920760 0.000000 -1.553165 0.001343 
1667 40.158679 0.000000 5.645896 99.950813 0.000000 -1.556323 0.000741 
1668 40.274384 0.000000 5.537715 99.986158 0.000000 -1.635151 0.000009 
1669 40.274384 0.000000 5.754078 99.796053 0.000000 -1.436767 0.003868 
1670 40.505793 0.000000 5.429534 99.957687 0.000000 -1.643869 0.000576 
1671 40.390088 0.000000 5.429534 100.024977 0.000000 -1.684615 -0.000783 
1672 40.505793 0.000000 5.321352 100.032215 0.000000 -1.744546 -0.000949 
1673 40.621498 0.000000 5.429534 99.943137 0.000000 -1.646199 0.000866 
1674 40.447941 0.000000 5.591806 99.867772 0.000000 -1.574779 0.002395 
1675 40.390088 0.000000 5.591806 99.891379 0.000000 -1.596219 0.001916 
1676 40.447941 0.000000 5.537715 99.887870 0.000000 -1.602109 0.001985 
1677 40.505793 0.000000 5.591806 99.853651 0.000000 -1.532567 0.002690 
1678 40.447941 0.000000 5.645896 99.838418 0.000000 -1.535614 0.002993 
1679 41.084317 0.000000 6.619529 99.506737 0.000000 -0.615154 0.009803 
1680 41.547137 0.000000 6.619529 99.367445 -0.420809 -0.452080 0.012573 
1681 40.852908 0.000000 5.970440 99.627870 0.000000 -1.057065 0.007317 
1682 41.084317 0.000000 5.970440 99.616151 0.000000 -0.921185 0.007577 
1683 40.852908 0.000000 6.186803 99.631397 0.000000 -0.893046 0.007279 
1684 40.852908 0.000000 6.403166 99.609556 0.000000 -0.704606 0.007744 
1685 40.621498 0.000000 6.403166 99.625762 0.000000 -0.766854 0.007412 
1686 41.084317 0.000000 6.403166 99.637996 0.000000 -0.732726 0.007173 
1687 40.852908 0.000000 6.619529 99.534083 0.000000 -0.637001 0.009256 
1688 40.737203 0.000000 6.078622 99.634898 0.000000 -1.004555 0.007188 
1689 40.621498 0.000000 6.078622 99.633893 0.000000 -1.033203 0.007202 
1690 40.737203 0.000000 5.970440 99.624528 0.000000 -1.091769 0.007376 
1691 40.852908 0.000000 6.078622 99.630561 0.000000 -1.009332 0.007273 
1692 40.737203 0.000000 6.186803 99.638270 0.000000 -0.937671 0.007134 
1693 40.390088 0.000000 6.403166 99.636599 0.000000 -0.818014 0.007188 
1694 40.158679 0.000000 6.403166 99.709914 -0.000000 -0.838136 0.005723 
1695 40.390088 0.000000 6.619529 99.573340 -0.000000 -0.660294 0.008471 
1696 40.505793 0.000000 6.078622 99.662784 0.000000 -1.058095 0.006621 
1697 40.390088 0.000000 6.078622 99.665652 0.000000 -1.065355 0.006562 
1698 40.505793 0.000000 5.970440 99.641826 0.000000 -1.155984 0.007017 
1699 40.505793 0.000000 6.186803 99.664491 0.000000 -1.013074 0.006596 
1700 40.737203 0.000000 6.294984 99.635805 0.000000 -0.833318 0.007201 
1701 40.621498 0.000000 6.294984 99.647342 0.000000 -0.870505 0.006965 
1702 40.852908 0.000000 6.294984 99.635036 0.000000 -0.845464 0.007214 
1703 40.737203 0.000000 6.403166 99.631411 0.000000 -0.743682 0.007303 
1704 40.679350 0.000000 6.132712 99.622798 0.000000 -0.988737 0.007432 
1705 40.621498 0.000000 6.132712 99.616708 0.000000 -1.006637 0.007550 
1706 40.679350 0.000000 6.078622 99.623280 0.000000 -1.010766 0.007418 
1707 40.737203 0.000000 6.132712 99.636785 0.000000 -0.971613 0.007157 
1708 40.679350 0.000000 6.186803 99.625896 0.000000 -0.963857 0.007375 
1709 40.505793 0.000000 6.294984 99.657148 0.000000 -0.906854 0.006763 
1710 40.390088 0.000000 6.294984 99.665131 0.000000 -0.947104 0.006596 
1711 40.505793 0.000000 6.403166 99.629084 0.000000 -0.799760 0.007341 
1712 40.563646 0.000000 6.132712 99.640062 0.000000 -1.016063 0.007083 
1713 40.505793 0.000000 6.132712 99.657619 0.000000 -1.039770 0.006728 
1714 40.563646 0.000000 6.078622 99.639645 0.000000 -1.044407 0.007085 
1715 40.563646 0.000000 6.186803 99.644593 0.000000 -0.997918 0.006996 
1716 40.679350 0.000000 6.240894 99.639438 0.000000 -0.905990 0.007116 
1717 40.621498 0.000000 6.240894 99.629200 0.000000 -0.938088 0.007314 
1718 40.737203 0.000000 6.240894 99.639430 0.000000 -0.902871 0.007117 
1719 40.679350 0.000000 6.294984 99.640270 0.000000 -0.868972 0.007106 
1720 40.650424 0.000000 6.159758 99.620399 0.000000 -0.983571 0.007481 
1721 40.621498 0.000000 6.159758 99.621575 0.000000 -0.997682 0.007455 
1722 40.650424 0.000000 6.132712 99.618650 0.000000 -0.993522 0.007514 
1723 40.679350 0.000000 6.159758 99.623914 0.000000 -0.977412 0.007412 
1724 40.650424 0.000000 6.186803 99.623793 0.000000 -0.969527 0.007416 
1725 40.852908 0.000000 6.835891 99.447644 0.000000 -0.551127 0.010986 
1726 40.621498 0.000000 6.835891 99.484762 0.000000 -0.596517 0.010243 
1727 41.084317 0.000000 6.835891 99.436513 0.000000 -0.543049 0.011209 
1728 40.852908 0.000000 7.052254 99.425285 0.000000 -0.444853 0.011441 
1729 40.158679 0.000000 7.484979 99.567386 -0.000000 -0.104547 0.008632 
1730 39.695859 0.000000 7.484979 99.611436 0.000000 -0.028676 0.007756 
1731 40.852908 0.000000 7.268617 99.568830 0.000000 -0.223510 0.008600 
1732 40.621498 0.000000 7.268617 99.544068 -0.000000 -0.231698 0.009092 
1733 41.084317 0.000000 7.268617 99.566718 0.000000 -0.174449 0.008644 
1734 40.852908 0.000000 7.484979 99.653826 0.000000 -0.071476 0.006911 
1735 42.009956 0.000000 7.484979 99.436440 -1.369461 0.220465 0.011047 
1736 42.009956 0.000000 7.052254 99.347572 -0.893636 -0.059207 0.012926 
1737 42.472775 0.000000 7.484979 99.385721 -1.502261 0.300570 0.012013 
1738 41.315727 0.000000 7.268617 99.621364 0.000000 -0.102927 0.007557 
1739 41.315727 0.000000 7.052254 99.504751 0.000000 -0.280899 0.009873 
1740 41.547137 0.000000 7.268617 99.649787 0.000000 -0.032905 0.006992 
1741 41.315727 0.000000 7.484979 99.724433 0.000000 0.061036 0.005503 
1742 40.852908 0.000000 7.701342 99.728398 0.000000 0.139733 0.005423 
1743 40.621498 0.000000 7.701342 99.681180 -0.000000 0.136301 0.006364 
1744 41.084317 0.000000 7.701342 99.741306 0.000000 0.166081 0.005164 
1745 40.968613 0.000000 7.376798 99.601858 0.000000 -0.154299 0.007945 
1746 40.852908 0.000000 7.376798 99.597647 0.000000 -0.178640 0.008028 
1747 40.968613 0.000000 7.268617 99.574728 0.000000 -0.195640 0.008484 
1748 41.084317 0.000000 7.376798 99.612783 0.000000 -0.104070 0.007728 
1749 40.968613 0.000000 7.484979 99.682808 0.000000 -0.027265 0.006334 
1750 40.968613 0.000000 7.160435 99.494857 0.000000 -0.308184 0.010068 
1751 40.852908 0.000000 7.160435 99.502010 0.000000 -0.300390 0.009926 
1752 40.968613 0.000000 7.052254 99.417798 0.000000 -0.407748 0.011594 
1753 41.084317 0.000000 7.160435 99.520547 0.000000 -0.267127 0.009559 
1754 41.315727 0.000000 7.701342 99.735556 0.000000 0.197289 0.005278 
1755 41.547137 0.000000 7.701342 99.728521 0.000000 0.222398 0.005417 
1756 41.200022 0.000000 7.376798 99.643157 0.000000 -0.077668 0.007124 
1757 41.200022 0.000000 7.268617 99.600316 0.000000 -0.145095 0.007976 
1758 41.315727 0.000000 7.376798 99.665855 0.000000 -0.036238 0.006672 
1759 41.200022 0.000000 7.484979 99.707005 0.000000 0.030960 0.005851 
1760 41.026465 0.000000 7.322707 99.569453 0.000000 -0.151926 0.008590 
1761 40.968613 0.000000 7.322707 99.588321 0.000000 -0.178020 0.008213 
1762 41.026465 0.000000 7.268617 99.572549 0.000000 -0.179572 0.008528 
1763 41.084317 0.000000 7.322707 99.579553 0.000000 -0.150282 0.008389 
1764 41.026465 0.000000 7.376798 99.599269 0.000000 -0.142220 0.007997 
1765 42.009956 0.000000 6.619529 99.253037 -0.490673 -0.347714 0.014847 
1766 42.009956 0.000000 6.186803 99.132357 -1.011254 -0.678167 0.017129 
1767 42.472775 0.000000 6.619529 99.165494 -0.547923 -0.231366 0.016585 
1768 41.315727 0.000000 6.835891 99.373385 0.000000 -0.493560 0.012469 
1769 41.315727 0.000000 6.619529 99.459078 0.000000 -0.560499 0.010758 
1770 41.547137 0.000000 6.835891 99.361282 0.000000 -0.467600 0.012712 
1771 41.200022 0.000000 7.160435 99.561384 0.000000 -0.204356 0.008749 
1772 41.200022 0.000000 7.052254 99.512654 0.000000 -0.276444 0.009716 
1773 41.315727 0.000000 7.160435 99.562194 0.000000 -0.201502 0.008733 
1774 41.026465 0.000000 7.214526 99.534404 0.000000 -0.248465 0.009284 
1775 40.968613 0.000000 7.214526 99.552931 0.000000 -0.240969 0.008916 
1776 41.026465 0.000000 7.160435 99.505851 0.000000 -0.289743 0.009850 
1777 41.084317 0.000000 7.214526 99.545198 0.000000 -0.231078 0.009070 
1778 41.142170 0.000000 7.322707 99.617758 0.000000 -0.119235 0.007629 
1779 41.142170 0.000000 7.268617 99.593541 0.000000 -0.156354 0.008110 
1780 41.200022 0.000000 7.322707 99.621505 0.000000 -0.112115 0.007554 
1781 41.142170 0.000000 7.376798 99.642128 0.000000 -0.081239 0.007144 
1782 41.055391 0.000000 7.295662 99.568623 0.000000 -0.159894 0.008606 
1783 41.026465 0.000000 7.295662 99.573577 0.000000 -0.163685 0.008508 
1784 41.055391 0.000000 7.268617 99.563919 0.000000 -0.175417 0.008700 
1785 41.084317 0.000000 7.295662 99.573142 0.000000 -0.161129 0.008516 
1786 41.055391 0.000000 7.322707 99.574057 0.000000 -0.146504 0.008499 
1787 41.200022 0.000000 7.809523 99.727139 0.000000 0.210470 0.005445 
1788 41.084317 0.000000 7.809523 99.724666 0.000000 0.192832 0.005495 
1789 41.200022 0.000000 7.701342 99.745829 0.000000 0.181379 0.005074 
1790 41.315727 0.000000 7.809523 99.724541 0.000000 0.215710 0.005497 
1791 41.200022 0.000000 7.917705 99.717801 0.000000 0.238405 0.005630 
1792 41.778546 0.000000 7.701342 99.760413 0.000000 0.175211 0.004783 
1793 41.778546 0.000000 7.484979 99.760413 0.000000 0.175211 0.004783 
1794 42.009956 0.000000 7.701342 99.479887 -1.503864 0.333161 0.010138 
1795 41.778546 0.000000 7.917705 99.667909 0.000000 0.341369 0.006619 
1796 41.431432 0.000000 7.809523 99.717112 0.000000 0.238689 0.005644 
1797 41.431432 0.000000 7.701342 99.733905 0.000000 0.212814 0.005310 
1798 41.547137 0.000000 7.809523 99.721866 0.000000 0.234992 0.005549 
1799 41.431432 0.000000 7.917705 99.706827 0.000000 0.257842 0.005848 
1800 41.200022 0.000000 8.025886 99.691337 0.000000 0.265423 0.006157 
1801 41.084317 0.000000 8.025886 99.704223 0.000000 0.236868 0.005901 
1802 41.315727 0.000000 8.025886 99.687642 0.000000 0.282734 0.006229 
1803 41.200022 0.000000 8.134067 99.721324 -0.055843 0.206340 0.005561 
1804 41.257875 0.000000 7.863614 99.716571 0.000000 0.238909 0.005655 
1805 41.200022 0.000000 7.863614 99.720636 0.000000 0.231043 0.005574 
1806 41.257875 0.000000 7.809523 99.727487 0.000000 0.209921 0.005438 
1807 41.315727 0.000000 7.863614 99.716078 0.000000 0.239318 0.005665 
1808 41.257875 0.000000 7.917705 99.712990 0.000000 0.251890 0.005726 
1809 41.778546 0.000000 8.134067 99.670766 0.000000 0.333949 0.006563 
1810 42.009956 0.000000 8.134067 99.663963 0.000000 0.346444 0.006697 
1811 41.662842 0.000000 8.458611 99.751286 -0.101861 0.106201 0.004966 
1812 41.662842 0.000000 8.350430 99.726080 -0.076584 0.147335 0.005468 
1813 41.778546 0.000000 8.458611 99.737176 -0.093165 0.109086 0.005248 
1814 41.662842 0.000000 8.566793 99.734617 -0.088241 0.118408 0.005298 
1815 41.315727 0.000000 8.999518 99.850220 0.679951 0.808812 0.002882 
1816 41.547137 0.000000 8.999518 99.752177 1.395157 0.833875 0.004686 
1817 41.315727 0.000000 9.215881 99.821821 0.640058 0.887378 0.003441 
1818 41.431432 0.000000 8.674974 99.777467 -0.135253 0.071115 0.004443 
1819 41.315727 0.000000 8.674974 99.774107 -0.131654 0.083588 0.004510 
1820 41.547137 0.000000 8.674974 99.759301 -0.111167 0.086115 0.004806 
1821 41.431432 0.000000 8.783156 99.769542 -0.123360 0.063204 0.004602 
1822 41.489284 0.000000 8.512702 99.717142 -0.064113 0.212613 0.005644 
1823 41.431432 0.000000 8.512702 99.715571 -0.063069 0.203211 0.005676 
1824 41.489284 0.000000 8.458611 99.725591 -0.074170 0.191482 0.005476 
1825 41.547137 0.000000 8.512702 99.748025 -0.099488 0.110855 0.005031 
1826 41.489284 0.000000 8.566793 99.723055 -0.069747 0.181954 0.005527 
1827 47.100968 0.000000 -7.660409 99.252123 -0.050870 0.129356 0.014900 
1828 47.100968 0.000000 -11.122213 99.464184 -0.166847 1.910344 0.010320 
1829 50.803523 0.000000 -7.660409 99.456355 -0.202744 -0.167423 0.010836 
1830 65.613741 0.000000 -38.816638 99.857288 0.025539 3.547713 0.001594 
1831 65.613741 0.000000 -52.663850 99.880320 -0.029274 3.682470 0.001036 
1832 80.423959 0.000000 -38.816638 99.890615 -0.041131 3.546364 0.000929 
1833 58.208632 0.000000 -18.045819 99.776869 -0.066763 2.816263 0.003664 
1834 58.208632 0.000000 -24.969425 99.802840 -0.041920 3.237388 0.002891 
1835 65.613741 0.000000 -18.045819 99.840293 -0.063330 2.812201 0.002400 
1836 54.506077 0.000000 -7.660409 99.688029 -0.104419 -0.272314 0.006221 
1837 54.506077 0.000000 -11.122213 99.682476 -0.055740 1.671180 0.006061 
1838 58.208632 0.000000 -7.660409 99.820042 -0.120433 -0.185649 0.003591 
1839 54.506077 0.000000 -4.198606 99.936378 -0.119901 -9.885124 -0.008501 
1840 48.952246 0.000000 -5.929508 99.114740 -0.040222 -2.892856 0.016790 
1841 47.100968 0.000000 -5.929508 98.937113 0.199459 -2.600210 0.020465 
1842 48.952246 0.000000 -7.660409 99.372721 -0.152956 0.086401 0.012503 
1843 50.803523 0.000000 -5.929508 99.311902 -0.223485 -3.158035 0.012712 
1844 48.952246 0.000000 -4.198606 98.777565 0.014590 -10.078634 0.014141 
1845 45.249691 0.000000 -5.929508 98.759244 0.097841 -2.454607 0.024058 
1846 43.398414 0.000000 -5.929508 98.701328 -0.100619 -1.887404 0.025448 
1847 45.249691 0.000000 -7.660409 99.011511 0.148785 0.164698 0.019667 
1848 45.249691 0.000000 -4.198606 98.431181 -0.194868 -9.678402 0.021759 
1849 54.506077 0.000000 -0.736803 99.792032 -0.254415 -5.003863 0.001645 
1850 58.208632 0.000000 -0.736803 100.006153 -0.210140 -5.265534 -0.002900 
1851 48.952246 0.000000 -2.467705 99.037463 -0.141590 -9.529852 0.010074 
1852 47.100968 0.000000 -2.467705 98.686416 -0.072143 -10.030859 0.016037 
1853 50.803523 0.000000 -2.467705 99.239935 -0.068223 -9.471660 0.006172 
1854 48.952246 0.000000 -0.736803 99.089990 -0.250677 -4.906482 0.015704 
1855 48.026607 0.000000 -5.064057 98.799052 0.040137 -5.895539 0.020399 
1856 47.100968 0.000000 -5.064057 98.642520 0.303462 -5.821574 0.023567 
1857 48.026607 0.000000 -5.929508 98.986359 -0.024416 -2.804934 0.019383 
1858 48.952246 0.000000 -5.064057 98.906740 0.089800 -6.039181 0.018098 
1859 48.026607 0.000000 -4.198606 98.647394 0.199350 -10.034375 0.016796 
1860 95.234177 0.000000 16.572213 99.962486 0.294246 2.636769 0.000046 
1861 95.234177 0.000000 2.725000 100.125468 -0.322205 -1.956127 -0.002904 
1862 110.044395 0.000000 16.572213 99.966118 0.327816 2.609517 -0.000014 
1863 95.234177 0.000000 30.419425 99.943597 0.088159 3.341419 0.000010 
1864 73.018850 0.000000 9.648606 99.953827 2.861253 1.659322 -0.000171 
1865 73.018850 0.000000 2.725000 100.041392 -0.374835 -1.101671 -0.000963 
1866 80.423959 0.000000 9.648606 100.010823 8.658332 0.734115 -0.007767 
1867 73.018850 0.000000 16.572213 99.938974 0.267687 2.689847 0.000489 
1868 61.911186 0.000000 6.186803 99.885885 -0.587693 1.221363 0.002097 
1869 61.911186 0.000000 2.725000 99.940345 -0.543248 -0.897928 0.001083 
1870 65.613741 0.000000 6.186803 99.921243 -0.602587 1.134625 0.001409 
1871 61.911186 0.000000 9.648606 99.888204 1.693034 1.892617 0.001590 
1872 -156.539529 0.000000 -163.441551 99.923230 -0.001163 3.839352 0.000061 
1873 -215.780401 0.000000 -163.441551 99.924481 -0.000804 3.839530 0.000036 
1874 -156.539529 0.000000 -218.830401 99.923729 -0.001375 3.838844 0.000051 
1875 198.905703 0.000000 -163.441551 99.923550 -0.011387 3.820033 0.000069 
1876 198.905703 0.000000 -218.830401 99.923848 -0.008127 3.828441 0.000057 
1877 258.146575 0.000000 -163.441551 99.924939 -0.012154 3.820277 0.000041 
1878 -156.539529 0.000000 168.891551 99.929020 0.001673 3.840052 -0.000055 
1879 -215.780401 0.000000 168.891551 99.927812 0.001129 3.839894 -0.000031 
1880 -156.539529 0.000000 224.280401 99.928802 0.001770 3.839290 -0.000051 
1881 -67.678221 0.000000 -80.358276 99.913400 -0.000657 3.839205 0.000257 
1882 -97.298657 0.000000 -80.358276 99.918383 -0.000693 3.840874 0.000156 
1883 -67.678221 0.000000 -108.052701 99.915943 -0.001534 3.838028 0.000207 
1884 198.905703 0.000000 168.891551 99.929797 0.014122 3.818152 -0.000054 
1885 258.146575 0.000000 168.891551 99.928579 0.015141 3.817748 -0.000030 
1886 198.905703 0.000000 224.280401 99.929212 0.009739 3.827427 -0.000050 
1887 110.044395 0.000000 -80.358276 99.914088 -0.019278 3.763457 0.000301 
1888 110.044395 0.000000 -108.052701 99.915893 -0.014312 3.797271 0.000239 
1889 139.664831 0.000000 -80.358276 99.919931 -0.022193 3.763462 0.000184 
1890 -67.678221 0.000000 85.808276 99.935809 0.002783 3.845148 -0.000195 
1891 -97.298657 0.000000 85.808276 99.931383 0.002462 3.844028 -0.000106 
1892 -67.678221 0.000000 113.502701 99.935732 0.003609 3.841900 -0.000191 
1893 -23.247567 0.000000 -38.816638 99.873889 0.044064 3.811130 0.001068 
1894 -38.057785 0.000000 -38.816638 99.889630 0.033024 3.833805 0.000736 
1895 -23.247567 0.000000 -52.663850 99.897957 -0.033624 3.810690 0.000588 
1896 110.044395 0.000000 85.808276 99.939570 0.028541 3.760855 -0.000206 
1897 139.664831 0.000000 85.808276 99.934706 0.031017 3.759812 -0.000108 
1898 110.044395 0.000000 113.502701 99.937788 0.019778 3.794793 -0.000196 
1899 -23.247567 0.000000 44.266638 99.948425 0.012595 3.879086 -0.000474 
1900 -38.057785 0.000000 44.266638 99.935677 0.043200 3.864341 -0.000207 
1901 -23.247567 0.000000 58.113850 99.955886 0.043855 3.857902 -0.000606 
1902 -15.842458 0.000000 -18.045819 99.758611 -0.040411 3.757485 0.003410 
1903 -23.247567 0.000000 -18.045819 99.810082 0.003452 3.812584 0.002341 
1904 -15.842458 0.000000 -24.969425 99.807663 0.022696 3.767846 0.002423 
1905 65.613741 0.000000 44.266638 99.970727 0.060799 3.562834 -0.000684 
1906 80.423959 0.000000 44.266638 99.951581 0.057708 3.566372 -0.000304 
1907 65.613741 0.000000 58.113850 99.969651 0.031710 3.674677 -0.000744 
1908 -1.032240 0.000000 23.495819 100.114945 -0.113810 4.172784 -0.004043 
1909 -8.437349 0.000000 23.495819 99.919796 -0.035867 4.043988 -0.000032 
1910 -1.032240 0.000000 30.419425 100.065318 -0.045083 3.989507 -0.002899 
1911 -15.842458 0.000000 23.495819 99.886906 0.083791 3.960552 0.000691 
1912 -23.247567 0.000000 23.495819 99.902458 0.004386 3.926935 0.000408 
1913 -15.842458 0.000000 30.419425 99.944841 -0.027776 3.938844 -0.000449 
1914 2.670314 0.000000 13.110409 99.864920 -0.098014 4.793164 0.000401 
1915 -1.032240 0.000000 13.110409 99.712630 -0.223648 4.582297 0.003634 
1916 2.670314 0.000000 16.572213 100.066114 -0.129187 4.507604 -0.003356 
1917 -4.734795 0.000000 13.110409 99.672007 -0.142875 4.285747 0.004710 
1918 -8.437349 0.000000 13.110409 99.772199 -0.147569 4.300221 0.002699 
1919 -4.734795 0.000000 16.572213 99.823768 -0.012837 4.239363 0.001724 
1920 17.480532 0.000000 13.110409 101.385612 -0.095427 3.557603 -0.029171 
1921 21.183087 0.000000 13.110409 101.173976 -0.107977 2.995369 -0.024516 
1922 17.480532 0.000000 16.572213 101.089063 0.129887 3.651452 -0.023235 
1923 4.521592 0.000000 4.455902 96.943558 -0.290960 6.696579 0.055702 
1924 4.521592 0.000000 6.186803 98.152483 -0.022632 6.397519 0.032516 
1925 1.744676 0.000000 1.859549 113.486421 -0.242983 7.385360 -0.293377 
1926 2.670314 0.000000 1.859549 114.591135 -0.184330 7.598627 -0.318890 
1927 1.744676 0.000000 2.725000 97.661809 -0.124991 5.491973 0.043199 
1928 -2.883517 0.000000 4.455902 98.880552 -0.045446 4.617944 0.020131 
1929 -4.734795 0.000000 4.455902 99.074812 -0.477365 4.594325 0.016285 
1930 -2.883517 0.000000 6.186803 99.126376 -0.266848 4.543053 0.015325 
1931 -1.957879 0.000000 1.859549 97.649746 -0.101545 4.799888 0.044148 
1932 -2.883517 0.000000 1.859549 98.198847 -0.001744 4.559348 0.033620 
1933 -1.957879 0.000000 2.725000 98.180189 0.049639 4.953804 0.033611 
1934 4.521592 0.000000 -5.929508 97.371778 -0.002118 1.543601 0.051635 
1935 2.670314 0.000000 -5.929508 97.656144 -0.089501 2.075436 0.045896 
1936 4.521592 0.000000 -7.660409 98.317970 -0.165815 1.831134 0.033020 
1937 0.819037 0.000000 -5.929508 98.145077 -0.095433 2.475099 0.036141 
1938 -1.032240 0.000000 -5.929508 98.373704 -0.072054 3.222599 0.031222 
1939 0.819037 0.000000 -7.660409 98.807802 -0.132125 2.747389 0.022945 
1940 -0.569421 0.000000 0.561373 90.885505 -0.017905 7.762630 0.167957 
1941 -1.032240 0.000000 0.561373 94.263526 -0.031113 5.628619 0.108271 
1942 -0.569421 0.000000 0.994098 94.046087 -0.016070 7.991881 0.109146 
1943 -2.883517 0.000000 -5.929508 98.721932 -0.344221 3.632097 0.024067 
1944 -4.734795 0.000000 -5.929508 98.990484 -0.067786 3.629642 0.018771 
1945 -2.883517 0.000000 -7.660409 98.984438 -0.134279 3.526817 0.018962 
1946 -1.957879 0.000000 -1.602254 97.296480 -0.044321 3.387984 0.052191 
1947 -2.883517 0.000000 -1.602254 98.007856 0.012253 3.574487 0.038168 
1948 -1.957879 0.000000 -2.467705 97.809981 0.080373 3.161490 0.042321 
1949 -0.569421 0.000000 -1.169529 94.394461 -0.012277 0.481650 0.108945 
1950 -1.032240 0.000000 -1.169529 95.547342 -0.012570 2.174340 0.086598 
1951 -0.569421 0.000000 -1.602254 96.080669 0.000187 1.129656 0.076723 
1952 1.281856 0.000000 0.561373 108.793895 -0.133513 6.842970 -0.188296 
1953 1.744676 0.000000 0.561373 109.489691 -0.148300 5.820132 -0.202189 
1954 1.281856 0.000000 0.994098 108.940597 -0.165134 6.912754 -0.191587 
1955 0.124808 0.000000 -0.520440 74.416500 -0.081806 -18.030973 0.413706 
1956 -0.106602 0.000000 -0.520440 81.058896 0.001769 -6.731760 0.338414 
1957 0.124808 0.000000 -0.736803 85.282545 -0.066523 -13.195958 0.255275 
1958 0.587627 0.000000 -0.087715 -5.215663 0.019739 0.235484 0.997274 
1959 0.819037 0.000000 -0.087715 106.446849 -0.088425 2.907771 -0.133939 
1960 0.587627 0.000000 0.128648 -5.484344 0.019406 0.003882 0.996992 
1961 1.281856 0.000000 -1.169529 107.950251 -0.162772 -2.337495 -0.165875 
1962 1.281856 0.000000 -1.602254 108.866530 -0.204648 -3.866208 -0.186691 
1963 1.744676 0.000000 -1.169529 108.972672 -0.148360 -1.181767 -0.187646 
1964 8.224146 0.000000 7.917705 99.770468 -0.263143 7.010977 -0.000337 
1965 6.372869 0.000000 7.917705 99.049806 -0.149892 6.581077 0.014580 
1966 8.224146 0.000000 9.648606 100.211137 -0.294451 6.058266 -0.007906 
1967 12.852339 0.000000 0.128648 -7.310478 -0.016941 -0.305653 0.994646 
1968 13.777978 0.000000 0.128648 -3.674977 -0.020889 0.082501 0.998649 
1969 11.463881 0.000000 -0.304078 -26.294436 -0.116668 3.091002 0.929903 
1970 11.926701 0.000000 -0.304078 -17.030796 -0.054012 2.187291 0.970516 
1971 11.463881 0.000000 0.128648 -26.490378 -0.113248 -1.143679 0.929694 
1972 11.463881 0.000000 0.561373 -25.688914 -0.110974 -5.532529 0.930946 
1973 11.926701 0.000000 0.561373 -16.318971 -0.048337 -3.754497 0.971959 
1974 12.852339 0.000000 -5.064057 105.130251 -0.093670 0.393546 -0.105253 
1975 12.852339 0.000000 -5.929508 103.531692 -0.017146 0.824425 -0.071949 
1976 13.777978 0.000000 -5.064057 104.433370 -0.049258 1.725966 -0.090931 
1977 10.306833 0.000000 -2.251342 33.639899 0.202983 -47.834814 0.658015 
1978 10.075423 0.000000 -2.251342 72.244167 0.033043 -3.052283 0.477146 
1979 10.306833 0.000000 -2.467705 40.081258 0.254841 -60.547067 0.472748 
1980 14.703617 0.000000 -3.333156 109.465700 0.071631 0.218446 -0.198279 
1981 14.703617 0.000000 -4.198606 105.649930 0.078206 1.601396 -0.116448 
1982 14.703617 0.000000 -2.467705 109.451654 0.070778 0.235583 -0.197973 
1983 14.703617 0.000000 -1.602254 -3.701857 0.295901 -0.896612 0.998540 
1984 14.703617 0.000000 -0.736803 -3.920946 0.190591 -0.303700 0.998450 
1985 9.612604 0.000000 -0.304078 88.170226 0.035149 3.807667 0.221151 
1986 9.149785 0.000000 -0.304078 88.145342 0.035744 3.637609 0.221717 
1987 9.612604 0.000000 0.128648 88.244125 0.033760 4.257493 0.219485 
1988 9.612604 0.000000 0.561373 70.512849 -0.029071 4.299757 0.500945 
1989 9.149785 0.000000 0.561373 88.358635 0.032753 4.790499 0.216980 
1990 10.422538 0.000000 -1.494073 18.797407 0.105159 -17.146268 0.935265 
1991 10.306833 0.000000 -1.494073 28.828178 0.078107 -15.044990 0.894258 
1992 10.422538 0.000000 -1.602254 23.642581 0.136563 -25.415264 0.879507 
1993 11.232472 0.000000 -1.818617 -14.659469 -0.044746 17.323659 0.948499 
1994 11.463881 0.000000 -1.818617 -12.378929 0.000194 14.429591 0.963855 
1995 11.232472 0.000000 -1.602254 -17.779924 -0.150430 17.823107 0.936619 
1996 10.653948 0.000000 -1.710435 9.400078 0.179777 -35.988614 0.861643 
1997 10.538243 0.000000 -1.710435 13.669699 0.162982 -33.171664 0.871275 
1998 10.769652 0.000000 -1.710435 11.178894 0.170668 -35.459191 0.861765 
1999 24.885641 0.000000 13.110409 100.920127 0.253963 2.497482 -0.019117 
2000 24.885641 0.000000 16.572213 100.943999 0.108653 2.887652 -0.019804 
2001 15.629255 0.000000 7.917705 102.684125 -0.119603 3.963697 -0.055975 
2002 17.480532 0.000000 7.917705 102.591647 -0.017673 3.100586 -0.053466 
2003 15.629255 0.000000 9.648606 102.214576 0.022400 4.000401 -0.046382 
2004 12.852339 0.000000 5.321352 106.082452 0.037623 5.824619 -0.128741 
2005 13.777978 0.000000 5.321352 105.023420 -0.007894 4.562090 -0.105073 
2006 12.852339 0.000000 6.186803 104.476781 -0.093141 6.067411 -0.095222 
2007 9.149785 0.000000 5.321352 99.646511 -0.252323 12.447656 -0.008443 
2008 8.224146 0.000000 5.321352 98.014323 -0.348823 10.863685 0.027505 
2009 9.149785 0.000000 6.186803 100.237399 -0.235144 9.937878 -0.014635 
2010 10.306833 0.000000 1.643187 34.420090 -0.213877 24.950993 0.819266 
2011 10.075423 0.000000 1.643187 55.855183 -0.094303 4.266318 0.686199 
2012 14.703617 0.000000 0.128648 -4.027113 0.209263 0.189855 0.998370 
2013 15.629255 0.000000 0.128648 -4.753388 0.241617 0.238554 0.997729 
2014 14.703617 0.000000 0.994098 -3.529500 0.188570 0.551018 0.998720 
2015 16.554894 0.000000 0.128648 -5.372566 0.163885 0.411406 0.997094 
2016 17.480532 0.000000 0.128648 -5.434158 0.054877 0.940932 0.996958 
2017 16.554894 0.000000 0.994098 -5.326195 0.152523 0.530592 0.997133 
2018 16.554894 0.000000 1.859549 -5.725922 0.119079 0.677382 0.996674 
2019 15.629255 0.000000 1.859549 -4.650015 0.195931 1.416584 0.997633 
2020 17.480532 0.000000 1.859549 -5.163316 0.082789 0.779341 0.997273 
2021 14.703617 0.000000 1.859549 -2.922609 0.140627 1.374313 0.998955 
2022 14.703617 0.000000 2.725000 107.531591 0.089369 0.255076 -0.156312 
2023 10.538243 0.000000 4.023176 106.100845 -0.099687 24.418516 -0.185366 
2024 10.075423 0.000000 4.023176 100.013186 -0.169104 23.452316 -0.055268 
2025 10.538243 0.000000 4.455902 105.109661 -0.114611 18.484638 -0.138974 
2026 9.149785 0.000000 -5.064057 97.171928 -0.286340 -5.390441 0.052848 
2027 8.224146 0.000000 -5.064057 96.225148 -0.382513 -3.364778 0.072925 
2028 9.149785 0.000000 -5.929508 98.692584 -0.245885 -2.673068 0.025257 
2029 9.612604 0.000000 -2.900430 87.364963 0.072000 -4.428621 0.234775 
2030 9.149785 0.000000 -2.900430 87.403862 0.067574 -3.594416 0.234764 
2031 9.612604 0.000000 -3.333156 87.124967 -0.268174 -19.531926 0.202767 
2032 10.422538 0.000000 -1.710435 23.400601 0.132558 -27.191172 0.871303 
2033 10.306833 0.000000 -1.710435 32.577815 0.112780 -21.112060 0.849295 
2034 10.422538 0.000000 -1.818617 24.173837 0.133728 -31.542297 0.842069 
2035 10.306833 0.000000 -2.684067 70.002243 -0.128735 -45.662013 0.301465 
2036 10.075423 0.000000 -2.684067 87.340098 0.074641 -4.899885 0.234769 
2037 10.306833 0.000000 -2.900430 78.789419 -0.136990 -42.405167 0.199401 
2038 11.232472 0.000000 2.075912 32.856359 -0.256437 61.651704 0.511946 
2039 11.232472 0.000000 1.859549 22.221844 -0.163240 36.692576 0.815982 
2040 11.463881 0.000000 2.075912 -9.732985 0.040458 -14.873622 0.968404 
2041 10.653948 0.000000 2.184093 26.855120 -0.271074 57.046649 0.602441 
2042 10.538243 0.000000 2.184093 32.069695 -0.282238 54.920323 0.595521 
2043 10.769652 0.000000 2.184093 19.643081 -0.251377 55.180340 0.656922 
2044 9.612604 0.000000 3.157725 86.944449 -0.180897 28.607706 0.162223 
2045 9.149785 0.000000 3.157725 89.063481 0.045145 5.533099 0.203708 
2046 9.612604 0.000000 3.590451 92.678932 -0.271498 24.715832 0.079967 
2047 9.612604 0.000000 4.023176 96.425968 -0.231926 20.770162 0.027058 
2048 9.149785 0.000000 4.023176 94.632764 -0.315482 17.913887 0.072363 
2049 9.612604 0.000000 4.455902 98.591228 -0.270681 17.484021 -0.002599 
2050 10.885357 0.000000 -2.792249 49.842046 0.070542 -71.526741 0.239969 
2051 10.769652 0.000000 -2.792249 54.828191 0.091763 -68.617037 0.228556 
2052 10.885357 0.000000 -2.900430 63.052291 0.057520 -70.439748 0.106265 
2053 10.306833 0.000000 2.941363 83.932914 -0.127784 49.195738 0.053503 
2054 10.075423 0.000000 2.941363 82.589315 -0.141520 41.075324 0.149180 
2055 10.306833 0.000000 3.157725 91.227387 -0.118310 44.124312 -0.026941 
2056 10.769652 0.000000 3.374088 91.083153 -0.010089 82.216263 -0.505565 
2057 10.538243 0.000000 3.374088 102.952856 -0.096324 43.065284 -0.245392 
2058 10.769652 0.000000 3.590451 113.407289 -0.059889 35.204537 -0.410058 
2059 10.306833 0.000000 3.374088 96.757777 -0.116057 38.400324 -0.083667 
2060 10.075423 0.000000 3.374088 93.233520 -0.135667 33.984827 0.015252 
2061 10.306833 0.000000 3.590451 99.958863 -0.150357 32.903759 -0.107445 
2062 10.653948 0.000000 2.616819 56.313278 -0.212099 74.852105 0.122593 
2063 10.538243 0.000000 2.616819 48.624372 -0.234439 78.071482 0.154046 
2064 10.653948 0.000000 2.725000 57.803539 -0.199857 75.445344 0.096671 
2065 14.703617 0.000000 3.590451 107.624313 0.086873 0.216269 -0.158305 
2066 14.703617 0.000000 4.455902 105.202463 0.134953 3.509493 -0.107989 
2067 14.703617 0.000000 5.321352 104.409867 -0.053776 3.915237 -0.091675 
2068 15.629255 0.000000 5.321352 104.316941 0.021603 3.288270 -0.089284 
2069 14.703617 0.000000 6.186803 103.854225 -0.075841 4.219673 -0.080351 
2070 11.116767 0.000000 -2.575886 53.306223 0.081157 -64.144288 0.304395 
2071 11.232472 0.000000 -2.575886 60.858368 0.074265 -62.634564 0.237316 
2072 11.116767 0.000000 -2.467705 47.628466 0.103340 -64.910112 0.351820 
2073 10.885357 0.000000 -3.008611 67.542281 0.018182 -70.993195 0.039801 
2074 10.769652 0.000000 -3.008611 66.789568 0.023119 -70.747657 0.053392 
2075 10.885357 0.000000 -3.116793 71.252483 -0.044440 -76.203219 -0.088385 
2076 16.554894 0.000000 -5.064057 103.600562 -0.043726 6.227762 -0.077186 
2077 15.629255 0.000000 -5.064057 104.339109 0.031987 4.198725 -0.090428 
2078 16.554894 0.000000 -5.929508 102.241237 -0.044885 5.395961 -0.048239 
2079 14.703617 0.000000 -5.064057 104.137932 -0.004381 2.710555 -0.085206 
2080 14.703617 0.000000 -5.929508 103.026521 -0.093999 3.059433 -0.062383 
2081 20.257448 0.000000 -5.064057 95.678027 0.073706 6.288352 0.080617 
2082 20.257448 0.000000 -5.929508 96.981020 0.068001 5.793216 0.056112 
2083 21.183087 0.000000 -5.064057 95.498809 0.025047 4.741800 0.085749 
2084 17.943352 0.000000 -3.765881 102.441057 -0.036024 13.629517 -0.067994 
2085 17.480532 0.000000 -3.765881 109.331560 0.075746 20.519687 -0.237445 
2086 17.943352 0.000000 -4.198606 101.451060 -0.018032 11.473754 -0.042396 
2087 18.406171 0.000000 0.128648 -5.200408 -0.015497 1.244813 0.997141 
2088 19.331810 0.000000 0.128648 -4.748803 -0.055665 1.376139 0.997555 
2089 18.406171 0.000000 0.994098 -5.028736 -0.008150 1.029547 0.997365 
2090 20.257448 0.000000 0.128648 -3.326799 -0.025092 1.393742 0.998699 
2091 21.183087 0.000000 0.128648 -0.192009 0.023239 1.502650 0.999770 
2092 20.257448 0.000000 0.994098 -3.571792 -0.025152 0.468866 0.998702 
2093 20.257448 0.000000 1.859549 -4.718974 -0.025502 -0.440779 0.997754 
2094 19.331810 0.000000 1.859549 -4.545348 0.007093 0.529226 0.997906 
2095 21.183087 0.000000 1.859549 102.705651 0.056507 -0.042439 -0.054846 
2096 18.406171 0.000000 1.859549 -4.596347 -0.022635 0.946441 0.997798 
2097 20.720268 0.000000 -2.034979 108.800765 0.039072 5.268203 -0.186536 
2098 21.183087 0.000000 -2.034979 108.207594 0.051360 5.022347 -0.173411 
2099 20.720268 0.000000 -1.602254 108.500842 0.036473 5.986034 -0.180827 
2100 95.234177 0.000000 -11.122213 99.965003 -0.104850 2.033827 0.000285 
2101 95.234177 0.000000 -24.969425 99.919487 -0.095868 3.247361 0.000554 
2102 110.044395 0.000000 -11.122213 99.974558 -0.130044 2.154644 0.000043 
2103 73.018850 0.000000 -4.198606 100.261866 -0.252659 -7.104946 -0.010299 
2104 73.018850 0.000000 -11.122213 99.921445 -0.109759 1.853188 0.001226 
2105 80.423959 0.000000 -4.198606 100.249183 -0.156393 -5.909744 -0.008485 
2106 30.439473 0.000000 0.994098 13.732238 -0.016349 1.415670 0.980942 
2107 95.234177 0.000000 44.266638 99.942274 0.044795 3.573227 -0.000123 
2108 110.044395 0.000000 44.266638 99.939260 0.052799 3.572326 -0.000062 
2109 95.234177 0.000000 58.113850 99.942917 0.028995 3.676227 -0.000210 
2110 58.208632 0.000000 23.495819 99.957622 0.176845 3.054051 -0.000088 
2111 65.613741 0.000000 23.495819 99.942783 0.164367 3.084133 0.000190 
2112 58.208632 0.000000 30.419425 99.980401 0.106692 3.303212 -0.000700 
2113 30.439473 0.000000 7.917705 101.193183 0.135482 1.041600 -0.024116 
2114 28.588196 0.000000 7.917705 101.381404 0.272831 1.202475 -0.027971 
2115 30.439473 0.000000 9.648606 101.186880 0.107352 1.321761 -0.024054 
2116 30.439473 0.000000 -5.929508 98.891986 0.100245 -0.540779 0.022007 
2117 30.439473 0.000000 -7.660409 98.829832 0.098070 1.018706 0.023162 
2118 32.290750 0.000000 -5.929508 99.133455 0.177154 -0.458591 0.017232 
2119 35.067666 0.000000 5.321352 100.127714 0.000000 0.386759 -0.002571 
2120 34.142028 0.000000 5.321352 99.748989 0.000000 0.791329 0.004951 
2121 33.216389 0.000000 5.321352 101.130574 0.631077 -0.291815 -0.022788 
2122 32.290750 0.000000 5.321352 101.568048 0.309529 -0.031046 -0.031617 
2123 33.216389 0.000000 6.186803 101.160226 0.463394 0.087634 -0.023361 
2124 41.547137 0.000000 -2.467705 97.578394 -0.005043 -8.930035 0.039871 
2125 41.547137 0.000000 -4.198606 98.049978 -0.081431 -8.291923 0.031744 
2126 43.398414 0.000000 -2.467705 97.890515 -0.028765 -9.596620 0.032535 
2127 33.216389 0.000000 1.859549 102.313442 0.096096 -1.684904 -0.047089 
2128 32.290750 0.000000 1.859549 100.564789 0.373430 -1.520712 -0.011573 
2129 33.216389 0.000000 0.994098 6.580624 0.084344 1.920842 0.995300 
2130 36.918944 0.000000 0.128648 96.372548 0.422922 17.205160 0.041614 
2131 36.918944 0.000000 -0.736803 94.484429 0.502129 24.890157 0.045292 
2132 34.604847 0.000000 2.292275 103.173116 -0.109722 -3.009201 -0.065376 
2133 34.142028 0.000000 2.292275 102.943824 -0.038223 -2.669641 -0.060456 
2134 34.604847 0.000000 1.859549 102.868878 -0.240504 -2.074355 -0.058637 
2135 36.456124 0.000000 2.292275 101.067784 -0.276849 -3.638396 -0.022801 
2136 36.456124 0.000000 1.859549 103.526417 -0.330443 -4.391997 -0.073712 
2137 36.918944 0.000000 2.292275 102.827232 -0.312445 -3.309510 -0.058449 
2138 41.547137 0.000000 -5.929508 98.743589 -0.037981 -1.396917 0.024775 
2139 39.695859 0.000000 -5.929508 98.686147 -0.008742 -0.916352 0.026020 
2140 41.547137 0.000000 -7.660409 98.599442 0.344576 0.550809 0.027773 
2141 37.844582 0.000000 -5.929508 98.681024 0.021346 -0.574582 0.026172 
2142 35.993305 0.000000 -5.929508 98.572744 0.343547 -0.381255 0.028315 
2143 37.844582 0.000000 -7.660409 98.781808 0.256978 1.249893 0.024053 
2144 61.911186 0.000000 -0.736803 100.103284 -0.236669 -5.535086 -0.005136 
2145 61.911186 0.000000 -4.198606 100.227585 -0.106062 -8.903063 -0.012484 
2146 65.613741 0.000000 -0.736803 100.161962 -0.234228 -5.844090 -0.006663 
2147 45.249691 0.000000 -2.467705 98.384232 -0.112822 -9.851316 0.022348 
2148 48.952246 0.000000 0.994098 99.072105 -0.295324 -2.237353 0.017963 
2149 50.803523 0.000000 0.994098 99.358294 -0.315188 -2.398185 0.012208 
2150 48.952246 0.000000 2.725000 99.098127 -0.482142 -0.703161 0.017883 
2151 40.621498 0.000000 0.128648 93.644866 -0.029346 7.109342 0.118010 
2152 40.621498 0.000000 -0.736803 96.235547 -0.020547 0.322205 0.073862 
2153 41.547137 0.000000 0.128648 93.374520 -0.105587 2.744788 0.127365 
2154 42.472775 0.000000 0.128648 94.634627 -0.118813 -0.506229 0.104402 
2155 42.472775 0.000000 -0.736803 96.310700 -0.083142 -2.838157 0.071619 
2156 43.398414 0.000000 0.128648 96.129625 -0.168386 -2.212834 0.075417 
2157 54.506077 0.000000 13.110409 99.869490 0.470666 2.240134 0.002085 
2158 58.208632 0.000000 13.110409 99.879992 0.452519 2.312681 0.001843 
2159 54.506077 0.000000 16.572213 99.928850 0.289695 2.572075 0.000753 
2160 48.952246 0.000000 4.455902 99.193053 -0.509823 0.278515 0.016040 
2161 50.803523 0.000000 4.455902 99.499098 -0.641741 0.109723 0.009951 
2162 48.952246 0.000000 6.186803 99.347052 -0.930977 1.123453 0.012803 
2163 48.952246 0.000000 7.917705 99.493287 -2.238326 1.507304 0.009380 
2164 50.803523 0.000000 7.917705 99.603098 -1.992416 1.619530 0.007263 
2165 48.952246 0.000000 9.648606 99.690898 1.256168 1.515811 0.005785 
2166 38.307401 0.000000 3.157725 99.637531 0.220645 0.244910 0.007225 
2167 37.844582 0.000000 3.157725 109.362408 0.042961 23.097981 -0.249365 
2168 38.307401 0.000000 2.725000 98.938316 0.219717 -2.462236 0.020510 
2169 38.307401 0.000000 2.292275 101.819538 0.220027 -1.175019 -0.036865 
2170 37.844582 0.000000 2.292275 102.022927 -0.282572 -2.072900 -0.041305 
2171 38.307401 0.000000 1.859549 -1.124123 -0.034331 2.687850 0.999151 
2172 41.084317 0.000000 3.157725 108.313289 -0.034083 -23.029372 -0.226212 
2173 41.084317 0.000000 2.725000 106.278395 -0.048372 -22.478915 -0.180040 
2174 41.547137 0.000000 3.157725 102.666851 -0.158398 -33.426654 -0.165785 
2175 41.084317 0.000000 2.292275 95.243354 -0.060204 -3.180144 0.091859 
2176 41.084317 0.000000 1.859549 83.878695 -0.039145 24.385252 0.236972 
2177 40.390088 0.000000 3.374088 108.665254 0.153040 -11.541171 -0.194136 
2178 40.390088 0.000000 3.157725 108.443837 0.201209 -10.867344 -0.187821 
2179 40.621498 0.000000 3.374088 108.826090 0.118033 -15.164398 -0.207309 
2180 39.811564 0.000000 3.265907 103.639414 0.324875 -2.601043 -0.074800 
2181 39.695859 0.000000 3.265907 103.805365 0.299343 -2.063226 -0.077990 
2182 39.927269 0.000000 3.265907 104.067872 0.319663 -3.424111 -0.084195 
2183 40.042974 0.000000 3.482269 105.637963 0.194347 -3.925219 -0.117482 
2184 40.042974 0.000000 3.374088 106.065216 0.226860 -4.472171 -0.126988 
2185 40.158679 0.000000 3.482269 106.209356 0.230389 -4.964126 -0.130512 
2186 42.009956 0.000000 3.157725 84.690556 -0.231537 -47.762570 0.054619 
2187 42.472775 0.000000 3.157725 93.046439 0.059899 -5.838521 0.130827 
2188 42.009956 0.000000 3.590451 95.952659 -0.123372 -6.681311 0.074843 
2189 42.009956 0.000000 4.023176 97.262691 -0.156260 -4.677062 0.051807 
2190 42.472775 0.000000 4.023176 96.860280 -0.142756 -3.563751 0.060537 
2191 42.009956 0.000000 4.455902 98.013149 -0.443658 -3.350474 0.038200 
2192 22.108726 0.000000 -5.064057 95.658105 0.005426 3.685912 0.083594 
2193 22.108726 0.000000 -5.929508 96.289915 -0.022723 3.820039 0.071366 
2194 23.034364 0.000000 -5.064057 95.610797 0.050180 2.930227 0.084999 
2195 23.497183 0.000000 -2.900430 100.672195 -0.123074 5.353782 -0.016357 
2196 23.497183 0.000000 -3.333156 107.140134 -0.041268 9.762935 -0.157432 
2197 23.497183 0.000000 -2.467705 100.342641 -0.120445 5.133239 -0.009501 
2198 22.108726 0.000000 0.128648 4.161095 0.058603 1.723821 0.997971 
2199 23.034364 0.000000 0.128648 107.339790 -0.041049 9.213626 -0.160672 
2200 22.108726 0.000000 0.994098 4.357446 0.056093 0.050041 0.998101 
2201 23.960003 0.000000 0.128648 108.573664 -0.025902 3.898335 -0.180344 
2202 24.885641 0.000000 0.128648 109.347940 -0.056763 3.573534 -0.196975 
2203 23.960003 0.000000 0.994098 106.895396 -0.045807 -1.694848 -0.142950 
2204 22.108726 0.000000 1.859549 104.218925 0.007026 -0.318725 -0.086169 
2205 23.034364 0.000000 1.859549 106.834124 -0.048065 -1.509452 -0.141581 
2206 22.108726 0.000000 2.725000 103.735522 0.022674 -0.219188 -0.076111 
2207 24.422822 0.000000 -2.034979 107.323948 -0.116452 6.145220 -0.155621 
2208 23.960003 0.000000 -2.034979 102.064449 -0.101019 8.043070 -0.048185 
2209 24.422822 0.000000 -1.602254 107.985528 -0.049423 7.748098 -0.172091 
2210 25.117051 0.000000 -2.251342 119.412716 -0.173856 0.585762 -0.425977 
2211 24.885641 0.000000 -2.251342 117.542410 -0.153725 3.113263 -0.382593 
2212 25.117051 0.000000 -2.034979 115.133059 -0.125878 5.265791 -0.328337 
2213 26.042690 0.000000 -2.251342 107.256193 -0.190386 -8.239672 -0.157182 
2214 26.274099 0.000000 -2.251342 103.652447 -0.148835 -4.947989 -0.076833 
2215 26.042690 0.000000 -2.034979 105.880732 -0.156204 -4.867045 -0.123444 
2216 21.645906 0.000000 -2.034979 103.204652 0.062918 5.117332 -0.067739 
2217 22.108726 0.000000 -2.034979 103.728178 0.048162 5.895746 -0.079430 
2218 21.645906 0.000000 -1.602254 105.978349 0.056360 6.236425 -0.127031 
2219 22.571545 0.000000 -2.034979 109.653030 0.014945 6.675973 -0.206836 
2220 23.034364 0.000000 -2.034979 107.509842 -0.011636 7.693249 -0.161755 
2221 22.571545 0.000000 -1.602254 106.322354 0.024918 7.334098 -0.135823 
2222 19.794629 0.000000 -3.765881 91.272570 0.048961 8.337289 0.159981 
2223 19.794629 0.000000 -4.198606 93.627062 0.052774 8.242175 0.116604 
2224 20.257448 0.000000 -3.765881 91.819192 0.012258 5.788968 0.153572 
2225 20.720268 0.000000 -3.765881 92.918387 0.062117 4.423370 0.134660 
2226 20.720268 0.000000 -4.198606 93.808910 0.050172 5.136084 0.117351 
2227 21.183087 0.000000 -3.765881 93.726895 0.055857 3.778651 0.120099 
2228 19.563219 0.000000 -3.116793 101.440185 0.032511 4.757431 -0.031275 
2229 19.563219 0.000000 -3.333156 119.174851 -0.051165 19.817884 -0.459540 
2230 19.794629 0.000000 -3.116793 107.353409 0.025237 4.531940 -0.154529 
2231 20.026039 0.000000 -3.116793 115.069218 0.026470 3.284219 -0.325171 
2232 20.026039 0.000000 -3.333156 119.174851 -0.051165 19.817884 -0.459540 
2233 20.257448 0.000000 -3.116793 114.614038 0.028096 2.997143 -0.314536 
2234 19.563219 0.000000 -2.251342 111.542758 0.034965 5.722171 -0.247453 
2235 19.794629 0.000000 -2.251342 108.744192 0.019067 5.808779 -0.185904 
2236 19.563219 0.000000 -2.034979 106.033855 0.013821 7.833290 -0.130454 
2237 20.026039 0.000000 -2.251342 114.655631 0.011931 6.086645 -0.318296 
2238 20.257448 0.000000 -2.251342 112.172645 0.015788 5.748840 -0.261575 
2239 20.026039 0.000000 -2.034979 115.268330 0.000770 8.316969 -0.335596 
2240 18.637581 0.000000 -3.116793 109.649513 0.020768 22.064633 -0.250986 
2241 18.406171 0.000000 -3.116793 107.390109 0.038407 22.615579 -0.204410 
2242 18.637581 0.000000 -3.333156 107.202962 0.051826 23.034912 -0.202308 
2243 19.216105 0.000000 -2.792249 110.761393 0.057717 5.609867 -0.229956 
2244 19.216105 0.000000 -2.900430 110.663571 0.057346 5.692870 -0.227884 
2245 19.331810 0.000000 -2.792249 107.860839 0.054936 4.355667 -0.165294 
2246 19.216105 0.000000 -2.359523 111.339909 0.050406 6.686579 -0.244129 
2247 19.331810 0.000000 -2.359523 111.170697 0.041968 7.393957 -0.241360 
2248 19.216105 0.000000 -2.251342 111.333064 0.049292 6.888457 -0.244250 
2249 18.753285 0.000000 -2.792249 115.575665 0.052751 10.979907 -0.347830 
2250 18.637581 0.000000 -2.792249 114.197270 0.059304 11.489841 -0.317304 
2251 18.753285 0.000000 -2.900430 114.799908 0.061573 10.235471 -0.328379 
2252 18.926843 0.000000 -2.521795 113.169408 0.054310 8.821991 -0.288515 
2253 18.868990 0.000000 -2.521795 113.110836 0.053385 9.237032 -0.287939 
2254 18.926843 0.000000 -2.467705 113.141932 0.053476 8.943254 -0.288108 
2255 18.753285 0.000000 -2.359523 115.687741 0.049280 11.313120 -0.351164 
2256 18.637581 0.000000 -2.359523 115.252061 0.048448 11.971464 -0.342636 
2257 18.753285 0.000000 -2.251342 115.701187 0.048225 11.341962 -0.351541 
2258 38.307401 0.000000 5.754078 100.127561 -0.000000 -0.616974 -0.002591 
2259 37.844582 0.000000 5.754078 100.165166 -0.000000 -0.468701 -0.003328 
2260 38.307401 0.000000 6.186803 99.965733 -0.000000 -0.404438 0.000669 
2261 39.001630 0.000000 3.806813 106.610839 -0.000000 -0.736607 -0.136641 
2262 38.770221 0.000000 3.806813 105.609359 -0.000000 0.338032 -0.115345 
2263 39.001630 0.000000 3.590451 105.776101 0.103469 -0.449142 -0.118880 
2264 38.538811 0.000000 3.806813 104.282571 0.050111 0.752146 -0.087542 
2265 38.307401 0.000000 3.806813 104.885275 0.060524 0.884003 -0.100171 
2266 38.538811 0.000000 3.590451 104.798534 0.068749 0.673101 -0.098319 
2267 39.464450 0.000000 4.672264 101.166977 -0.000000 -1.982850 -0.023869 
2268 39.233040 0.000000 4.672264 101.199171 -0.000000 -1.731190 -0.024427 
2269 39.464450 0.000000 4.888627 100.777965 -0.000000 -1.847052 -0.015961 
2270 39.464450 0.000000 5.104990 100.660894 -0.000000 -1.722888 -0.013558 
2271 39.233040 0.000000 5.104990 100.689803 -0.000000 -1.536529 -0.014080 
2272 39.464450 0.000000 5.321352 100.300521 -0.000000 -1.468338 -0.006235 
2273 39.927269 0.000000 5.970440 99.787616 -0.000000 -1.100890 0.004122 
2274 39.695859 0.000000 5.970440 99.825747 -0.000000 -1.069201 0.003368 
2275 39.927269 0.000000 6.186803 99.783409 -0.000000 -1.022325 0.004223 
2276 48.952246 0.000000 11.379508 99.796000 0.567668 1.769920 0.003730 
2277 50.803523 0.000000 11.379508 99.765355 0.559171 1.971552 0.004267 
2278 48.952246 0.000000 13.110409 99.823278 0.339157 2.116354 0.003072 
2279 30.439473 0.000000 11.379508 100.844136 0.179832 1.783770 -0.017275 
2280 28.588196 0.000000 11.379508 101.184756 0.101469 1.934131 -0.024211 
2281 30.439473 0.000000 13.110409 100.675443 0.184282 2.076334 -0.013989 
2282 38.770221 0.000000 10.514057 100.233995 0.168993 1.252564 -0.004845 
2283 38.770221 0.000000 11.379508 100.093808 0.150624 1.507248 -0.002106 
2284 41.200022 0.000000 8.674974 99.788039 -0.151143 0.075325 0.004232 
2285 41.200022 0.000000 8.783156 99.777289 -0.135666 0.084109 0.004447 
2286 41.431432 0.000000 8.025886 99.695879 0.000000 0.279319 0.006065 
2287 41.547137 0.000000 8.025886 99.691148 0.000000 0.292468 0.006159 
2288 41.431432 0.000000 8.134067 99.714375 -0.046809 0.218179 0.005699 
2289 41.431432 0.000000 8.242249 99.706802 -0.048473 0.230098 0.005850 
2290 41.315727 0.000000 8.242249 99.709261 -0.052679 0.234964 0.005801 
2291 41.547137 0.000000 8.242249 99.727132 -0.073158 0.172109 0.005446 
2292 41.200022 0.000000 8.242249 99.714568 -0.058399 0.220142 0.005695 
2293 41.778546 0.000000 8.999518 99.791317 1.792458 0.846818 0.003776 
2294 42.009956 0.000000 8.999518 99.759832 2.035917 0.867594 0.004308 
2295 41.778546 0.000000 9.215881 99.819930 1.171760 0.916595 0.003377 
2296 41.662842 0.000000 8.674974 99.742669 -0.100365 0.091139 0.005138 
2297 41.778546 0.000000 8.674974 99.727031 -0.096423 0.095839 0.005450 
2298 41.662842 0.000000 8.783156 99.770184 -0.137004 0.000000 0.004589 
2299 39.233040 0.000000 9.215881 100.199786 0.125156 0.835413 -0.004071 
2300 38.770221 0.000000 9.215881 100.253830 0.172158 0.851818 -0.005159 
2301 39.233040 0.000000 9.648606 100.180291 0.163140 0.991035 -0.003710 
2302 38.307401 0.000000 9.215881 100.305341 0.221951 0.865017 -0.006196 
2303 38.307401 0.000000 9.648606 100.284121 0.223935 1.007972 -0.005797 
2304 40.390088 0.000000 8.134067 99.626145 -0.025019 0.238076 0.007457 
2305 40.158679 0.000000 8.134067 99.668430 -0.025761 0.229344 0.006615 
2306 40.390088 0.000000 7.917705 99.597008 -0.000000 0.180633 0.008040 
2307 40.737203 0.000000 8.674974 99.766848 -0.161668 0.113635 0.004654 
2308 40.621498 0.000000 8.674974 99.749039 -0.142065 0.132469 0.005009 
2309 40.737203 0.000000 8.783156 99.826833 -0.200034 0.064961 0.003456 
2310 40.968613 0.000000 8.025886 99.686182 0.000000 0.230110 0.006261 
2311 40.852908 0.000000 8.025886 99.680496 0.000000 0.228884 0.006375 
2312 40.968613 0.000000 7.917705 99.706058 -0.000000 0.187735 0.005867 
2313 40.737203 0.000000 8.242249 99.671924 -0.066720 0.238744 0.006545 
2314 40.621498 0.000000 8.242249 99.696478 -0.083246 0.219039 0.006056 
2315 40.737203 0.000000 8.134067 99.679814 -0.046590 0.222570 0.006388 
2316 40.910760 0.000000 8.404521 99.761013 -0.142246 0.155778 0.004770 
2317 40.852908 0.000000 8.404521 99.764951 -0.135728 0.144264 0.004692 
2318 40.910760 0.000000 8.350430 99.753904 -0.122578 0.161221 0.004912 
2319 40.390088 0.000000 8.999518 100.036927 -0.011544 0.788042 -0.000801 
2320 40.158679 0.000000 8.999518 100.072169 -0.004076 0.787769 -0.001506 
2321 40.390088 0.000000 9.215881 100.039055 0.070094 0.858057 -0.000855 
2322 33.216389 0.000000 7.052254 101.066647 0.395751 0.420618 -0.021480 
2323 32.290750 0.000000 7.052254 101.337489 0.179896 0.732028 -0.026985 
2324 33.216389 0.000000 7.917705 101.315541 0.093300 0.832419 -0.026554 
2325 33.216389 0.000000 8.783156 101.054584 -0.004338 1.077686 -0.021319 
2326 32.290750 0.000000 8.783156 101.090899 0.132652 0.976204 -0.022034 
2327 33.216389 0.000000 9.648606 100.836808 0.065631 1.199234 -0.016950 
2328 35.067666 0.000000 10.514057 100.776571 0.065983 1.458705 -0.015805 
2329 34.142028 0.000000 10.514057 100.611439 0.153936 1.405177 -0.012466 
2330 35.067666 0.000000 11.379508 100.437688 0.347200 1.593782 -0.009039 
2331 37.613173 0.000000 8.134067 99.774130 0.056447 0.471724 0.004490 
2332 37.613173 0.000000 7.917705 99.665743 -0.000000 0.559257 0.006643 
2333 37.844582 0.000000 8.134067 99.771840 0.036188 0.441569 0.004538 
2334 39.233040 0.000000 6.619529 99.800485 0.000000 -0.504854 0.003961 
2335 38.770221 0.000000 6.619529 99.814713 -0.000000 -0.338074 0.003691 
2336 39.233040 0.000000 7.052254 99.688488 -0.000000 -0.259808 0.006214 
2337 39.233040 0.000000 7.484979 99.653240 -0.000000 0.018009 0.006923 
2338 38.770221 0.000000 7.484979 99.675009 -0.000000 0.114832 0.006488 
2339 38.307401 0.000000 7.484979 99.653332 -0.000000 0.191078 0.006918 
2340 38.307401 0.000000 7.052254 99.652420 -0.000000 -0.021076 0.006939 
2341 39.753712 0.000000 3.644541 104.075369 0.069842 0.015958 -0.083169 
2342 39.695859 0.000000 3.644541 104.183633 0.055493 0.065766 -0.085424 
2343 39.753712 0.000000 3.590451 104.814182 0.095636 -0.403388 -0.098618 
2344 39.811564 0.000000 4.131358 102.479821 0.000000 -2.701647 -0.050941 
2345 39.695859 0.000000 4.131358 102.551547 0.000000 -2.528743 -0.052321 
2346 39.580155 0.000000 3.482269 105.034958 0.023527 1.934956 -0.103609 
2347 39.464450 0.000000 3.482269 104.927806 0.055533 -0.220958 -0.100990 
2348 39.580155 0.000000 3.374088 105.298595 0.112411 -0.303430 -0.108790 
2349 39.782638 0.000000 3.725677 103.875910 0.034758 -0.054955 -0.079021 
2350 39.753712 0.000000 3.725677 103.890202 0.033302 -0.037239 -0.079318 
2351 39.782638 0.000000 3.698632 103.976605 0.059695 -0.210324 -0.081118 
2352 39.580155 0.000000 4.131358 102.645707 0.000000 -2.345126 -0.054164 
2353 39.464450 0.000000 4.131358 102.733275 -0.000000 -2.161598 -0.055880 
2354 39.580155 0.000000 4.239539 102.285764 0.000000 -2.291673 -0.046763 
2355 39.580155 0.000000 4.347720 102.094707 -0.000000 -2.277351 -0.042852 
2356 39.464450 0.000000 4.347720 102.217613 -0.000000 -2.169865 -0.045315 
2357 39.580155 0.000000 4.455902 101.853586 0.000000 -2.319045 -0.037953 
2358 40.274384 0.000000 4.131358 101.835414 0.000000 -2.865230 -0.037866 
2359 40.274384 0.000000 4.023176 102.690711 0.000000 -2.940352 -0.055403 
2360 40.390088 0.000000 4.131358 102.044743 0.000000 -2.893097 -0.042150 
2361 39.811564 0.000000 4.564083 101.255637 0.000000 -2.524855 -0.025908 
2362 39.695859 0.000000 4.564083 101.535501 0.000000 -2.403025 -0.031523 
2363 39.811564 0.000000 4.672264 100.975534 0.000000 -2.490035 -0.020226 
2364 40.042974 0.000000 4.780446 100.610051 0.000000 -2.436922 -0.012832 
2365 39.927269 0.000000 4.780446 100.659756 0.000000 -2.331115 -0.013782 
2366 39.811564 0.000000 4.780446 100.737202 0.000000 -2.223927 -0.015293 
2367 39.695859 0.000000 4.780446 100.764348 -0.000000 -2.147589 -0.015807 
2368 39.811564 0.000000 4.888627 100.667962 -0.000000 -2.128202 -0.013857 
2369 42.009956 0.000000 4.888627 98.477821 0.455792 -2.130707 0.029737 
2370 42.472775 0.000000 4.888627 98.225308 -0.417626 -1.999914 0.034761 
2371 42.009956 0.000000 5.321352 98.761831 -0.365742 -1.709067 0.024305 
2372 42.009956 0.000000 5.754078 98.984687 -0.571128 -1.169471 0.020034 
2373 42.472775 0.000000 5.754078 98.830976 -0.582487 -0.966859 0.023116 
2374 40.852908 0.000000 4.672264 99.760011 -0.384759 -3.221580 0.003741 
2375 40.852908 0.000000 4.455902 99.884085 -0.575132 -3.800698 0.000839 
2376 41.084317 0.000000 4.672264 99.430848 -0.366485 -3.294170 0.010252 
2377 40.274384 0.000000 4.564083 100.897541 0.000000 -2.757587 -0.018792 
2378 40.390088 0.000000 4.564083 100.680069 0.000000 -2.709731 -0.014382 
2379 40.505793 0.000000 4.780446 100.436034 0.000000 -2.395405 -0.009313 
2380 40.505793 0.000000 4.672264 100.511737 0.000000 -2.558080 -0.010915 
2381 40.621498 0.000000 4.780446 100.423249 0.000000 -2.369129 -0.009044 
2382 40.071900 0.000000 4.320675 101.642892 0.000000 -2.767723 -0.033894 
2383 40.071900 0.000000 4.293630 101.686622 0.000000 -2.766931 -0.034782 
2384 40.100826 0.000000 4.320675 101.661128 0.000000 -2.692468 -0.034223 
2385 40.505793 0.000000 5.213171 100.223015 0.000000 -1.945660 -0.004844 
2386 40.621498 0.000000 5.213171 100.228638 0.000000 -1.942012 -0.004955 
2387 39.811564 0.000000 4.996808 100.606489 -0.000000 -2.088468 -0.012603 
2388 39.695859 0.000000 4.996808 100.665098 -0.000000 -2.027953 -0.013757 
2389 39.811564 0.000000 5.104990 100.551622 0.000000 -2.016877 -0.011470 
2390 40.042974 0.000000 5.213171 100.335484 0.000000 -1.938740 -0.007097 
2391 39.927269 0.000000 5.213171 100.406666 0.000000 -1.956977 -0.008533 
2392 40.042974 0.000000 5.321352 100.197042 0.000000 -1.744474 -0.004249 
2393 39.811564 0.000000 5.213171 100.419207 -0.000000 -1.821477 -0.008733 
2394 39.695859 0.000000 5.213171 100.485025 -0.000000 -1.750963 -0.010031 
2395 39.811564 0.000000 5.321352 100.279426 -0.000000 -1.660961 -0.005872 
2396 40.332236 0.000000 5.050899 100.384144 0.000000 -2.139447 -0.008155 
2397 40.390088 0.000000 5.050899 100.341068 0.000000 -2.111131 -0.007279 
2398 40.332236 0.000000 5.104990 100.317186 0.000000 -2.070478 -0.006782 
2399 40.274384 0.000000 5.429534 100.037889 0.000000 -1.691685 -0.001044 
2400 40.158679 0.000000 5.429534 100.042172 0.000000 -1.656515 -0.001118 
2401 39.927269 0.000000 6.403166 99.745091 -0.000000 -0.824623 0.005024 
2402 39.695859 0.000000 6.403166 99.800658 -0.000000 -0.743886 0.003928 
2403 39.927269 0.000000 6.619529 99.647750 -0.000000 -0.600301 0.006997 
2404 40.390088 0.000000 6.835891 99.516316 0.000000 -0.588524 0.009616 
2405 40.158679 0.000000 6.835891 99.546443 -0.000000 -0.565258 0.009019 
2406 40.390088 0.000000 7.052254 99.453486 -0.000000 -0.387478 0.010885 
2407 39.927269 0.000000 6.835891 99.597878 -0.000000 -0.531414 0.007998 
2408 39.695859 0.000000 6.835891 99.646898 -0.000000 -0.505707 0.007024 
2409 39.927269 0.000000 7.052254 99.530842 -0.000000 -0.342574 0.009349 
2410 40.505793 0.000000 5.862259 99.623402 0.000000 -1.251213 0.007361 
2411 40.390088 0.000000 5.862259 99.682702 0.000000 -1.305765 0.006165 
2412 40.621498 0.000000 5.862259 99.615689 0.000000 -1.209156 0.007525 
2413 39.464450 0.000000 5.537715 100.142330 -0.000000 -1.335187 -0.003027 
2414 39.233040 0.000000 5.537715 100.152984 -0.000000 -1.204015 -0.003207 
2415 39.464450 0.000000 5.754078 100.037619 -0.000000 -1.210450 -0.000899 
2416 39.464450 0.000000 5.970440 99.875030 -0.000000 -0.971880 0.002403 
2417 39.233040 0.000000 5.970440 99.942708 -0.000000 -0.878620 0.001068 
2418 39.464450 0.000000 6.186803 99.864527 -0.000000 -0.880619 0.002630 
2419 40.042974 0.000000 5.429534 100.109084 0.000000 -1.629560 -0.002448 
2420 39.927269 0.000000 5.429534 100.151186 -0.000000 -1.614236 -0.003287 
2421 40.042974 0.000000 5.537715 100.033404 -0.000000 -1.580947 -0.000918 
2422 40.042974 0.000000 5.645896 99.983829 0.000000 -1.526540 0.000090 
2423 39.927269 0.000000 5.645896 100.039619 -0.000000 -1.502659 -0.001018 
2424 40.042974 0.000000 5.754078 99.898917 0.000000 -1.461022 0.001807 
2425 41.315727 0.000000 6.403166 99.643024 0.000000 -0.720163 0.007075 
2426 41.315727 0.000000 6.186803 99.643024 0.000000 -0.720163 0.007075 
2427 41.547137 0.000000 6.403166 99.308204 -0.588183 -0.641688 0.013712 
2428 40.737203 0.000000 5.862259 99.620415 0.000000 -1.134062 0.007449 
2429 40.737203 0.000000 5.754078 99.615139 0.000000 -1.316164 0.007509 
2430 40.852908 0.000000 5.862259 99.626897 0.000000 -1.135870 0.007319 
2431 40.563646 0.000000 6.240894 99.653784 0.000000 -0.946265 0.006823 
2432 40.505793 0.000000 6.240894 99.662337 0.000000 -0.973376 0.006647 
2433 40.563646 0.000000 6.294984 99.647915 0.000000 -0.877856 0.006952 
2434 40.390088 0.000000 7.268617 99.521879 -0.000000 -0.240219 0.009534 
2435 40.158679 0.000000 7.268617 99.512480 -0.000000 -0.207257 0.009722 
2436 40.390088 0.000000 7.484979 99.584228 -0.000000 -0.129516 0.008296 
2437 40.390088 0.000000 7.701342 99.639110 -0.000000 0.136978 0.007203 
2438 40.158679 0.000000 7.701342 99.624367 -0.000000 0.126217 0.007497 
2439 41.778546 0.000000 7.268617 99.437407 -0.450472 0.120326 0.011198 
2440 41.778546 0.000000 7.052254 99.387695 -0.833447 -0.105317 0.012138 
2441 42.009956 0.000000 7.268617 99.403042 -0.548505 0.183612 0.011870 
2442 40.968613 0.000000 7.809523 99.713375 0.000000 0.185278 0.005721 
2443 40.852908 0.000000 7.809523 99.704221 -0.000000 0.184085 0.005903 
2444 40.968613 0.000000 7.701342 99.741459 0.000000 0.142682 0.005162 
2445 41.200022 0.000000 7.593161 99.750479 0.000000 0.148393 0.004982 
2446 41.084317 0.000000 7.593161 99.755686 0.000000 0.104498 0.004879 
2447 41.315727 0.000000 7.593161 99.747863 0.000000 0.178247 0.005033 
2448 41.431432 0.000000 7.593161 99.746353 0.000000 0.189831 0.005063 
2449 41.431432 0.000000 7.484979 99.774457 0.000000 0.134772 0.004504 
2450 41.547137 0.000000 7.593161 99.774756 0.000000 0.133369 0.004498 
2451 41.778546 0.000000 6.835891 99.345751 -1.006333 -0.240314 0.012935 
2452 41.778546 0.000000 6.619529 99.307929 -0.456243 -0.403334 0.013756 
2453 42.009956 0.000000 6.835891 99.298765 -1.050354 -0.186621 0.013862 
2454 41.142170 0.000000 7.214526 99.569876 0.000000 -0.192082 0.008580 
2455 41.142170 0.000000 7.160435 99.535191 0.000000 -0.245011 0.009269 
2456 41.200022 0.000000 7.214526 99.580041 0.000000 -0.176145 0.008378 
2457 41.662842 0.000000 8.242249 99.721014 -0.069544 0.164808 0.005569 
2458 41.662842 0.000000 8.134067 99.696386 -0.042861 0.227050 0.006058 
2459 41.778546 0.000000 8.242249 99.701726 -0.051358 0.205305 0.005952 
2460 4.521592 0.000000 7.917705 99.081259 -0.158846 6.092628 0.014576 
2461 2.670314 0.000000 7.917705 99.007015 -0.214792 5.606515 0.016613 
2462 4.521592 0.000000 9.648606 99.700761 -0.108384 5.720141 0.002703 
2463 0.819037 0.000000 7.917705 99.094452 -0.130961 5.135430 0.015390 
2464 -1.032240 0.000000 7.917705 99.124943 -0.040949 4.694195 0.015221 
2465 0.819037 0.000000 9.648606 99.443521 -0.012129 4.917873 0.008680 
2466 -2.883517 0.000000 7.917705 99.300891 -0.017985 4.570004 0.011845 
2467 -4.734795 0.000000 7.917705 99.408140 -0.003273 4.564149 0.009719 
2468 -2.883517 0.000000 9.648606 99.561552 -0.216368 4.714773 0.006522 
2469 11.232472 0.000000 -1.385891 -22.309199 -0.143400 17.515073 0.919550 
2470 11.463881 0.000000 -1.385891 -17.876900 -0.132953 13.409594 0.950058 
2471 11.232472 0.000000 -1.169529 -26.859011 -0.136299 15.488215 0.903869 
2472 11.232472 0.000000 -0.953166 -29.955171 -0.129950 12.221396 0.895331 
2473 11.463881 0.000000 -0.953166 -23.213514 -0.125363 9.969089 0.936173 
2474 11.232472 0.000000 -0.736803 -31.425597 -0.124843 8.816131 0.893469 
2475 19.331810 0.000000 7.917705 102.558982 0.031469 2.253567 -0.052342 
2476 21.183087 0.000000 7.917705 102.171621 -0.020794 1.846130 -0.044245 
2477 19.331810 0.000000 9.648606 101.983671 -0.061952 2.802115 -0.040852 
2478 11.232472 0.000000 1.643187 -17.231609 -0.114427 -17.641976 0.939182 
2479 11.232472 0.000000 1.426824 -21.547213 -0.114114 -17.531338 0.922836 
2480 11.463881 0.000000 1.643187 -14.388237 -0.106266 -14.153379 0.959265 
2481 9.612604 0.000000 -3.765881 92.148919 -0.287432 -15.484925 0.126871 
2482 9.149785 0.000000 -3.765881 90.967680 -0.330195 -11.584568 0.159057 
2483 9.612604 0.000000 -4.198606 95.307351 -0.314005 -11.748444 0.077838 
2484 10.422538 0.000000 -1.926798 20.474356 0.144405 -35.530831 0.831834 
2485 10.306833 0.000000 -1.926798 40.270260 0.123047 -24.518542 0.777713 
2486 10.422538 0.000000 -2.034979 22.438914 0.157413 -38.781540 0.799246 
2487 10.306833 0.000000 -3.116793 86.778067 -0.163492 -37.701584 0.104813 
2488 10.075423 0.000000 -3.116793 84.857553 -0.195112 -30.987226 0.183895 
2489 10.306833 0.000000 -3.333156 92.392172 -0.151845 -32.163232 0.042919 
2490 10.885357 0.000000 2.184093 23.647953 -0.245352 57.875090 0.609119 
2491 10.885357 0.000000 2.075912 25.524189 -0.240940 53.255598 0.651230 
2492 11.001062 0.000000 2.184093 33.753753 -0.246321 62.192815 0.499268 
2493 11.116767 0.000000 -2.359523 45.846472 0.110518 -64.010099 0.380080 
2494 11.232472 0.000000 -2.359523 47.170622 0.102700 -64.480193 0.361723 
2495 11.116767 0.000000 -2.251342 35.445065 0.119230 -61.301990 0.498570 
2496 16.554894 0.000000 5.321352 104.179626 -0.036791 2.598986 -0.086015 
2497 17.480532 0.000000 5.321352 103.815603 -0.021496 1.824834 -0.078101 
2498 16.554894 0.000000 6.186803 103.543401 -0.045969 3.003798 -0.073026 
2499 26.736919 0.000000 7.917705 101.575385 0.091354 1.162981 -0.031892 
2500 24.885641 0.000000 7.917705 101.523917 0.033356 1.361396 -0.030896 
2501 26.736919 0.000000 9.648606 101.248331 0.214736 1.672600 -0.025407 
2502 23.034364 0.000000 7.917705 101.735974 0.035480 1.582742 -0.035271 
2503 23.034364 0.000000 9.648606 101.562589 0.051127 2.203940 -0.031982 
2504 18.406171 0.000000 5.321352 103.593293 -0.008901 1.438423 -0.073364 
2505 19.331810 0.000000 5.321352 103.379591 0.044361 0.985790 -0.068831 
2506 18.406171 0.000000 6.186803 103.225775 0.029081 2.050306 -0.065977 
2507 22.108726 0.000000 3.590451 103.866779 0.018998 -0.095839 -0.078832 
2508 23.034364 0.000000 3.590451 105.149073 -0.018475 -0.349594 -0.105645 
2509 22.108726 0.000000 4.455902 104.131133 0.009201 0.001822 -0.084329 
2510 95.234177 0.000000 -38.816638 99.909614 -0.071594 3.550935 0.000545 
2511 95.234177 0.000000 -52.663850 99.908453 -0.055459 3.673545 0.000480 
2512 110.044395 0.000000 -38.816638 99.918885 -0.066438 3.556715 0.000356 
2513 73.018850 0.000000 -18.045819 99.885349 -0.104250 2.827059 0.001491 
2514 73.018850 0.000000 -24.969425 99.876916 -0.079821 3.222279 0.001421 
2515 80.423959 0.000000 -18.045819 99.907932 -0.072842 2.844113 0.001031 
2516 73.018850 0.000000 23.495819 99.942183 0.139875 3.106501 0.000189 
2517 80.423959 0.000000 23.495819 99.948689 0.139993 3.096482 0.000065 
2518 73.018850 0.000000 30.419425 99.948838 0.089756 3.336267 -0.000091 
2519 34.142028 0.000000 -5.929508 98.969829 0.308750 -0.210347 0.020483 
2520 34.142028 0.000000 -7.660409 98.902372 0.090037 0.985242 0.021734 
2521 33.216389 0.000000 0.128648 99.899165 0.296247 16.323776 -0.024640 
2522 32.290750 0.000000 0.128648 101.460181 0.246979 7.325923 -0.034790 
2523 33.216389 0.000000 -0.736803 99.901814 0.310981 16.208380 -0.024318 
2524 37.381763 0.000000 3.157725 112.225772 -0.069886 -8.205919 -0.266197 
2525 37.381763 0.000000 2.725000 107.959613 -0.159474 -8.514300 -0.172780 
2526 37.381763 0.000000 3.590451 105.063351 -0.061660 -4.648872 -0.105992 
2527 37.381763 0.000000 4.023176 102.670789 -0.000000 -0.049041 -0.054129 
2528 36.918944 0.000000 4.023176 102.178291 -0.000000 0.761264 -0.044098 
2529 37.381763 0.000000 4.455902 101.374254 -0.000000 -0.316514 -0.027684 
2530 36.456124 0.000000 4.023176 102.949533 -0.029568 0.542449 -0.059890 
2531 35.993305 0.000000 4.023176 103.504137 -0.029334 0.235963 -0.071316 
2532 36.456124 0.000000 4.455902 101.214263 -0.000000 -0.172454 -0.024436 
2533 37.381763 0.000000 2.292275 102.747278 -0.315271 -3.465279 -0.056911 
2534 37.381763 0.000000 1.859549 2.915133 0.006994 2.377146 0.998585 
2535 61.911186 0.000000 -7.660409 99.886520 -0.106507 -0.055989 0.002267 
2536 61.911186 0.000000 -11.122213 99.827038 -0.081485 1.723000 0.003159 
2537 65.613741 0.000000 -7.660409 99.927047 -0.108476 0.077085 0.001457 
2538 61.911186 0.000000 13.110409 99.899117 0.479997 2.335148 0.001448 
2539 65.613741 0.000000 13.110409 99.915802 0.484033 2.348489 0.001108 
2540 61.911186 0.000000 16.572213 99.916736 0.308512 2.655227 0.000950 
2541 39.001630 0.000000 3.374088 108.990193 0.117171 2.068636 -0.188316 
2542 38.770221 0.000000 3.374088 108.810226 0.101886 7.504680 -0.189600 
2543 39.001630 0.000000 3.157725 110.970544 0.338643 7.028231 -0.236397 
2544 40.390088 0.000000 2.941363 108.063907 0.255938 -10.447858 -0.178703 
2545 40.390088 0.000000 2.725000 108.665507 0.119076 -12.556681 -0.196588 
2546 40.621498 0.000000 2.941363 108.639037 0.035394 -17.953007 -0.212475 
2547 40.042974 0.000000 3.265907 106.658253 0.161421 -6.431070 -0.141737 
2548 40.042974 0.000000 3.157725 104.821251 0.353339 -6.150603 -0.102545 
2549 40.158679 0.000000 3.265907 106.855319 0.197461 -7.329409 -0.147182 
2550 23.960003 0.000000 -5.064057 95.445581 0.014162 2.059672 0.088590 
2551 23.960003 0.000000 -5.929508 96.244598 0.075534 2.266136 0.073184 
2552 24.885641 0.000000 -5.064057 95.153543 0.197693 0.681116 0.094530 
2553 25.811280 0.000000 0.128648 109.895604 -0.038532 -0.719008 -0.207756 
2554 26.736919 0.000000 0.128648 109.897534 -0.038472 -0.732674 -0.207801 
2555 25.811280 0.000000 0.994098 110.083029 -0.040075 -4.927803 -0.214256 
2556 27.662557 0.000000 0.128648 107.862789 -0.007550 2.208216 -0.163926 
2557 28.588196 0.000000 0.128648 107.123502 0.023251 0.179031 -0.147548 
2558 27.662557 0.000000 0.994098 109.208133 -0.021837 -4.646800 -0.194801 
2559 23.960003 0.000000 1.859549 106.934357 -0.052147 -1.361288 -0.143681 
2560 24.885641 0.000000 1.859549 108.057034 -0.063939 -1.768674 -0.167945 
2561 23.960003 0.000000 2.725000 106.977589 -0.065532 -0.666819 -0.144465 
2562 23.497183 0.000000 -2.034979 102.079863 -0.084262 7.362660 -0.047451 
2563 23.497183 0.000000 -1.602254 107.357062 -0.037349 8.732173 -0.160179 
2564 21.645906 0.000000 -3.765881 94.237301 0.029565 3.295651 0.110847 
2565 21.645906 0.000000 -4.198606 94.664632 0.030445 3.721405 0.102476 
2566 22.108726 0.000000 -3.765881 94.626128 0.085794 2.978213 0.103702 
2567 22.571545 0.000000 -3.765881 105.531918 -0.038506 13.887288 -0.132984 
2568 22.571545 0.000000 -4.198606 95.067811 0.055849 3.051795 0.095279 
2569 23.034364 0.000000 -3.765881 106.314708 -0.043035 12.091225 -0.144902 
2570 39.001630 0.000000 4.672264 101.244041 -0.000000 -1.435696 -0.025242 
2571 38.770221 0.000000 4.672264 101.226853 0.000000 -1.199215 -0.024831 
2572 39.001630 0.000000 4.888627 100.764210 -0.000000 -1.366294 -0.015529 
2573 39.001630 0.000000 5.104990 100.630795 -0.000000 -1.299648 -0.012825 
2574 38.770221 0.000000 5.104990 100.597902 0.000000 -1.113803 -0.012118 
2575 39.001630 0.000000 5.321352 100.397473 -0.000000 -1.181641 -0.008105 
2576 37.381763 0.000000 4.888627 100.785956 -0.000000 -0.471445 -0.015803 
2577 36.918944 0.000000 4.888627 100.760348 -0.000000 -0.373373 -0.015279 
2578 37.381763 0.000000 5.321352 100.406738 -0.000000 -0.452889 -0.008172 
2579 37.381763 0.000000 5.754078 100.153260 -0.000000 -0.340428 -0.003079 
2580 36.918944 0.000000 5.754078 100.192850 -0.000000 -0.238450 -0.003866 
2581 37.381763 0.000000 6.186803 99.999145 -0.000000 -0.185761 0.000014 
2582 38.538811 0.000000 4.672264 101.198382 0.000000 -0.948611 -0.024201 
2583 38.307401 0.000000 4.672264 101.023493 0.000000 -0.875003 -0.020651 
2584 38.538811 0.000000 4.888627 100.900436 0.000000 -0.987614 -0.018187 
2585 38.538811 0.000000 5.104990 100.612251 0.000000 -0.959935 -0.012375 
2586 38.307401 0.000000 5.104990 100.587341 -0.000000 -0.836554 -0.011851 
2587 38.538811 0.000000 5.321352 100.398060 0.000000 -0.896527 -0.008057 
2588 40.737203 0.000000 8.025886 99.661918 -0.000000 0.223295 0.006745 
2589 40.621498 0.000000 8.025886 99.643966 -0.000000 0.213685 0.007103 
2590 40.737203 0.000000 7.917705 99.680214 -0.000000 0.206936 0.006381 
2591 33.216389 0.000000 10.514057 100.550570 0.237259 1.452275 -0.011258 
2592 32.290750 0.000000 10.514057 100.692678 0.181636 1.447645 -0.014114 
2593 33.216389 0.000000 11.379508 100.652313 0.294877 1.639451 -0.013366 
2594 37.381763 0.000000 6.619529 99.871113 -0.000000 0.004217 0.002576 
2595 36.918944 0.000000 6.619529 99.861803 -0.000000 0.167766 0.002759 
2596 37.844582 0.000000 6.619529 99.820855 -0.000000 -0.112567 0.003578 
2597 38.307401 0.000000 6.619529 99.844565 -0.000000 -0.184702 0.003103 
2598 40.852908 0.000000 4.239539 100.075384 0.010067 -4.487041 -0.003522 
2599 40.852908 0.000000 4.023176 100.389331 -0.226775 -5.305615 -0.010622 
2600 41.084317 0.000000 4.239539 99.555510 0.060879 -4.675489 0.006684 
2601 40.274384 0.000000 3.914995 102.693408 0.000000 -2.938421 -0.055457 
2602 40.274384 0.000000 3.806813 105.070024 0.151217 -5.613324 -0.107124 
2603 40.390088 0.000000 3.914995 102.697105 0.000000 -2.935774 -0.055531 
2604 39.580155 0.000000 3.265907 98.492959 0.188517 5.439085 0.026952 
2605 39.464450 0.000000 3.265907 98.991147 0.070493 3.345406 0.018956 
2606 39.580155 0.000000 3.157725 94.349495 0.129883 9.076104 0.101578 
2607 40.505793 0.000000 4.564083 100.625852 0.000000 -2.763422 -0.013320 
2608 40.505793 0.000000 4.455902 100.626986 0.000000 -2.762691 -0.013342 
2609 40.621498 0.000000 4.564083 100.627385 0.000000 -2.762433 -0.013350 
2610 41.315727 0.000000 5.970440 99.331608 -0.353267 -1.109681 0.013188 
2611 41.315727 0.000000 5.754078 99.307856 -0.494103 -1.382745 0.013579 
2612 41.547137 0.000000 5.970440 99.229022 -0.388846 -1.068125 0.015231 
2613 40.737203 0.000000 5.645896 99.717237 0.000000 -1.430851 0.005443 
2614 40.737203 0.000000 5.537715 99.828420 0.000000 -1.544219 0.003190 
2615 40.852908 0.000000 5.645896 99.622138 0.000000 -1.320663 0.007369 
2616 40.274384 0.000000 5.862259 99.728204 0.000000 -1.333932 0.005251 
2617 40.158679 0.000000 5.862259 99.781893 0.000000 -1.316159 0.004184 
2618 40.274384 0.000000 5.970440 99.698190 0.000000 -1.143204 0.005896 
2619 40.274384 0.000000 6.078622 99.688131 0.000000 -1.068710 0.006113 
2620 40.158679 0.000000 6.078622 99.722209 -0.000000 -1.063806 0.005435 
2621 40.274384 0.000000 6.186803 99.686037 -0.000000 -1.033351 0.006163 
2622 39.001630 0.000000 5.537715 100.233025 0.000000 -1.037452 -0.004774 
2623 38.770221 0.000000 5.537715 100.224315 0.000000 -0.918139 -0.004576 
2624 39.001630 0.000000 5.754078 100.064737 0.000000 -0.922722 -0.001380 
2625 39.001630 0.000000 5.970440 99.971566 0.000000 -0.773405 0.000509 
2626 38.770221 0.000000 5.970440 99.990872 -0.000000 -0.710727 0.000132 
2627 39.001630 0.000000 6.186803 99.915556 0.000000 -0.664672 0.001644 
2628 39.811564 0.000000 5.429534 100.166097 -0.000000 -1.539509 -0.003562 
2629 39.695859 0.000000 5.429534 100.198038 -0.000000 -1.488042 -0.004186 
2630 39.811564 0.000000 5.537715 100.152876 -0.000000 -1.459017 -0.003273 
2631 39.811564 0.000000 5.645896 100.084326 -0.000000 -1.438324 -0.001894 
2632 39.695859 0.000000 5.645896 100.076287 -0.000000 -1.400022 -0.001722 
2633 39.811564 0.000000 5.754078 99.992016 -0.000000 -1.365385 -0.000027 
2634 40.274384 0.000000 6.294984 99.687031 0.000000 -0.964143 0.006157 
2635 40.158679 0.000000 6.294984 99.715773 0.000000 -0.971768 0.005582 
2636 40.274384 0.000000 6.403166 99.675345 -0.000000 -0.823931 0.006415 
2637 39.927269 0.000000 7.268617 99.553447 -0.000000 -0.176789 0.008908 
2638 39.695859 0.000000 7.268617 99.588340 0.000000 -0.140743 0.008214 
2639 39.927269 0.000000 7.484979 99.572525 -0.000000 -0.094770 0.008530 
2640 39.927269 0.000000 7.701342 99.619242 -0.000000 0.140625 0.007599 
2641 39.695859 0.000000 7.701342 99.622095 0.000000 0.131701 0.007542 
2642 39.927269 0.000000 7.917705 99.611028 0.000000 0.236292 0.007759 
2643 41.431432 0.000000 7.376798 99.694826 0.000000 0.016221 0.006094 
2644 41.431432 0.000000 7.268617 99.625725 0.000000 -0.096049 0.007471 
2645 41.547137 0.000000 7.376798 99.773420 0.000000 0.154236 0.004524 
2646 40.968613 0.000000 7.593161 99.739738 0.000000 0.045242 0.005198 
2647 40.852908 0.000000 7.593161 99.694834 0.000000 0.025828 0.006094 
2648 40.737203 0.000000 7.809523 99.682383 -0.000000 0.172687 0.006339 
2649 40.621498 0.000000 7.809523 99.668806 -0.000000 0.160263 0.006610 
2650 40.737203 0.000000 7.701342 99.710056 -0.000000 0.133139 0.005789 
2651 41.778546 0.000000 6.403166 99.259682 -0.650722 -0.598971 0.014673 
2652 41.778546 0.000000 6.186803 99.205956 -1.006814 -0.748571 0.015660 
2653 42.009956 0.000000 6.403166 99.195926 -0.674935 -0.542370 0.015942 
2654 41.662842 0.000000 8.025886 99.670683 0.000000 0.334137 0.006564 
2655 41.662842 0.000000 7.917705 99.690104 0.000000 0.299661 0.006179 
2656 41.778546 0.000000 8.025886 99.670885 0.000000 0.333699 0.006560 
2657 26.736919 0.000000 11.379508 101.291413 0.294391 2.109126 -0.026449 
2658 24.885641 0.000000 11.379508 101.394207 0.161231 2.184310 -0.028558 
2659 26.736919 0.000000 13.110409 100.849913 0.105137 2.244881 -0.017576 
2660 38.538811 0.000000 3.374088 105.018764 0.136029 3.921562 -0.104434 
2661 38.307401 0.000000 3.374088 103.245817 0.118049 1.832962 -0.066307 
2662 38.538811 0.000000 3.157725 108.649524 0.238146 18.605138 -0.215093 
2663 38.538811 0.000000 5.537715 100.237949 -0.000000 -0.825231 -0.004833 
2664 38.307401 0.000000 5.537715 100.251393 -0.000000 -0.712237 -0.005085 
2665 38.538811 0.000000 5.754078 100.109772 -0.000000 -0.713199 -0.002248 
2666 38.538811 0.000000 5.970440 100.001543 -0.000000 -0.574672 -0.000064 
2667 38.307401 0.000000 5.970440 100.016030 -0.000000 -0.511300 -0.000347 
2668 38.538811 0.000000 6.186803 99.943742 -0.000000 -0.461490 0.001104 
2669 39.580155 0.000000 4.564083 101.612777 0.000000 -2.300556 -0.033045 
2670 39.464450 0.000000 4.564083 101.723505 -0.000000 -2.185029 -0.035245 
2671 39.580155 0.000000 4.672264 101.016864 -0.000000 -2.165893 -0.020910 
2672 39.580155 0.000000 4.780446 100.836992 -0.000000 -2.097193 -0.017250 
2673 39.464450 0.000000 4.780446 100.816478 -0.000000 -1.900998 -0.016758 
2674 39.580155 0.000000 4.888627 100.751795 -0.000000 -1.920001 -0.015461 
2675 39.580155 0.000000 4.996808 100.736721 -0.000000 -1.833141 -0.015125 
2676 39.464450 0.000000 4.996808 100.746437 -0.000000 -1.760202 -0.015294 
2677 39.580155 0.000000 5.104990 100.652697 -0.000000 -1.827713 -0.013431 
2678 39.580155 0.000000 5.213171 100.534238 -0.000000 -1.674561 -0.010994 
2679 39.464450 0.000000 5.213171 100.497510 -0.000000 -1.573003 -0.010222 
2680 39.580155 0.000000 5.321352 100.282264 -0.000000 -1.481946 -0.005873 
2681 40.042974 0.000000 5.862259 99.785156 -0.000000 -1.260172 0.004133 
2682 39.927269 0.000000 5.862259 99.849315 -0.000000 -1.245142 0.002856 
2683 40.042974 0.000000 5.970440 99.759814 -0.000000 -1.141545 0.004668 
2684 40.042974 0.000000 6.078622 99.769818 -0.000000 -1.053726 0.004487 
2685 39.927269 0.000000 6.078622 99.789322 -0.000000 -1.058676 0.004097 
2686 40.042974 0.000000 6.186803 99.772122 -0.000000 -1.022227 0.004448 
2687 39.464450 0.000000 6.403166 99.834675 -0.000000 -0.750163 0.003247 
2688 39.233040 0.000000 6.403166 99.866143 0.000000 -0.598165 0.002640 
2689 39.464450 0.000000 6.619529 99.762438 0.000000 -0.527885 0.004718 
2690 39.464450 0.000000 6.835891 99.713632 0.000000 -0.423343 0.005701 
2691 39.233040 0.000000 6.835891 99.733321 0.000000 -0.401442 0.005310 
2692 39.464450 0.000000 7.052254 99.634155 0.000000 -0.293384 0.007295 
2693 39.464450 0.000000 7.268617 99.616022 0.000000 -0.145247 0.007663 
2694 39.233040 0.000000 7.268617 99.643214 -0.000000 -0.086980 0.007122 
2695 39.464450 0.000000 7.484979 99.618877 0.000000 -0.048995 0.007608 
2696 39.464450 0.000000 7.701342 99.638764 -0.000000 0.177099 0.007209 
2697 39.233040 0.000000 7.701342 99.653011 -0.000000 0.174723 0.006925 
2698 39.464450 0.000000 7.917705 99.634466 -0.000000 0.261159 0.007291 
2699 41.778546 0.000000 5.970440 99.130842 -0.391525 -1.004941 0.017191 
2700 41.778546 0.000000 5.754078 99.064304 -0.523789 -1.249497 0.018443 
2701 42.009956 0.000000 5.970440 99.065597 -0.442155 -0.934915 0.018494 
2702 40.042974 0.000000 6.294984 99.762380 -0.000000 -0.967680 0.004653 
2703 39.927269 0.000000 6.294984 99.776504 -0.000000 -0.949836 0.004375 
2704 40.042974 0.000000 6.403166 99.737751 -0.000000 -0.825349 0.005170 
2705 39.580155 0.000000 5.429534 100.197661 -0.000000 -1.437323 -0.004164 
2706 39.464450 0.000000 5.429534 100.215669 -0.000000 -1.419635 -0.004520 
2707 39.580155 0.000000 5.537715 100.154255 -0.000000 -1.406611 -0.003285 
2708 39.580155 0.000000 5.645896 100.118040 -0.000000 -1.381132 -0.002553 
2709 39.464450 0.000000 5.645896 100.100866 -0.000000 -1.275092 -0.002181 
2710 39.580155 0.000000 5.754078 100.041556 -0.000000 -1.325579 -0.001007 
2711 11.232472 0.000000 1.210461 -26.190464 -0.113483 -15.832704 0.906337 
2712 11.232472 0.000000 0.994098 -29.592895 -0.112900 -12.691781 0.896317 
2713 11.463881 0.000000 1.210461 -20.375223 -0.108507 -12.150731 0.943720 
2714 10.885357 0.000000 1.967731 27.457361 -0.279995 52.297092 0.651103 
2715 10.885357 0.000000 1.859549 20.579382 -0.280860 48.915159 0.718372 
2716 11.001062 0.000000 1.967731 31.479532 -0.273700 53.509662 0.614568 
2717 20.257448 0.000000 5.321352 103.245643 0.108785 0.508047 -0.065993 
2718 21.183087 0.000000 5.321352 102.937338 0.031528 -0.019251 -0.059610 
2719 20.257448 0.000000 6.186803 102.952680 0.041027 1.097053 -0.060046 
2720 23.960003 0.000000 3.590451 106.988905 -0.065133 -0.708538 -0.144713 
2721 24.885641 0.000000 3.590451 107.874753 -0.073794 -1.047741 -0.163807 
2722 23.960003 0.000000 4.455902 106.517015 -0.059872 -0.550941 -0.134618 
2723 22.108726 0.000000 5.321352 102.630935 0.032938 -0.226619 -0.053316 
2724 23.034364 0.000000 5.321352 102.164958 0.003810 -0.302071 -0.043777 
2725 22.108726 0.000000 6.186803 102.290893 0.043226 0.594993 -0.046378 
2726 35.530486 0.000000 4.023176 102.469047 -0.020365 0.906694 -0.050073 
2727 35.067666 0.000000 4.023176 102.508171 -0.017229 1.086286 -0.050911 
2728 35.530486 0.000000 4.455902 101.213901 -0.000000 0.420914 -0.024443 
2729 34.604847 0.000000 4.023176 102.599029 -0.010381 0.823100 -0.052724 
2730 34.142028 0.000000 4.023176 101.673548 0.004046 1.402151 -0.033948 
2731 34.604847 0.000000 4.455902 101.073477 -0.000000 0.517799 -0.021612 
2732 39.001630 0.000000 2.941363 106.739903 0.500261 3.465437 -0.140567 
2733 38.770221 0.000000 2.941363 110.322232 0.514985 24.342529 -0.276382 
2734 39.001630 0.000000 2.725000 100.238058 0.507619 -2.271147 -0.005308 
2735 40.042974 0.000000 3.049544 103.459028 0.464186 -5.788167 -0.073749 
2736 40.042974 0.000000 2.941363 103.785508 0.444613 -7.189184 -0.082331 
2737 40.158679 0.000000 3.049544 107.254199 0.205462 -8.547481 -0.157656 
2738 39.580155 0.000000 3.049544 92.109011 0.325335 8.131975 0.144970 
2739 39.464450 0.000000 3.049544 91.274188 0.404965 6.476447 0.162691 
2740 39.580155 0.000000 2.941363 94.968627 0.445455 4.339908 0.096193 
2741 25.811280 0.000000 -5.064057 95.754343 0.200128 -0.571694 0.083074 
2742 25.811280 0.000000 -5.929508 96.474344 0.217982 0.447064 0.069245 
2743 26.736919 0.000000 -5.064057 96.623787 0.014173 -1.503270 0.066158 
2744 23.497183 0.000000 -3.765881 106.311389 -0.043015 12.098840 -0.144850 
2745 23.497183 0.000000 -4.198606 105.531918 -0.038506 13.887288 -0.132984 
2746 23.960003 0.000000 -3.765881 106.310780 -0.043012 12.100239 -0.144840 
2747 24.422822 0.000000 -3.765881 106.313244 -0.043026 12.094585 -0.144879 
2748 24.422822 0.000000 -4.198606 93.950080 0.015769 1.261091 0.117179 
2749 24.885641 0.000000 -3.765881 106.535308 -0.057335 12.761424 -0.151263 
2750 25.811280 0.000000 1.859549 109.232063 -0.066887 -2.788313 -0.193942 
2751 26.736919 0.000000 1.859549 109.221611 -0.045671 -2.540962 -0.193582 
2752 25.811280 0.000000 2.725000 108.721333 -0.080735 -1.460263 -0.182247 
2753 36.456124 0.000000 4.888627 100.727130 -0.000000 -0.238133 -0.014601 
2754 35.993305 0.000000 4.888627 100.760533 -0.000000 -0.004951 -0.015269 
2755 36.456124 0.000000 5.321352 100.455506 -0.000000 -0.227235 -0.009136 
2756 36.456124 0.000000 5.754078 100.202293 -0.000000 -0.103153 -0.004051 
2757 35.993305 0.000000 5.754078 100.175778 -0.000000 0.061552 -0.003519 
2758 36.456124 0.000000 6.186803 100.054684 -0.000000 0.070340 -0.001094 
2759 39.927269 0.000000 8.134067 99.662451 -0.021507 0.243279 0.006734 
2760 39.695859 0.000000 8.134067 99.717099 -0.020127 0.230852 0.005645 
2761 39.927269 0.000000 8.350430 99.800689 -0.059966 0.182329 0.003979 
2762 39.927269 0.000000 8.566793 99.823218 -0.067506 0.160314 0.003529 
2763 39.695859 0.000000 8.566793 99.832016 -0.061025 0.181340 0.003353 
2764 39.927269 0.000000 8.783156 99.880348 -0.083351 0.107770 0.002390 
2765 39.927269 0.000000 8.999518 100.102824 0.010026 0.789016 -0.002120 
2766 39.695859 0.000000 8.999518 100.120150 0.058111 0.774367 -0.002465 
2767 39.927269 0.000000 9.215881 100.105344 0.059896 0.856997 -0.002182 
2768 36.456124 0.000000 6.619529 99.765391 -0.000000 0.419719 0.004669 
2769 35.993305 0.000000 6.619529 99.526996 0.000000 0.752988 0.009381 
2770 39.464450 0.000000 8.134067 99.716297 -0.014764 0.267634 0.005659 
2771 39.233040 0.000000 8.134067 99.765227 -0.012218 0.246009 0.004684 
2772 39.464450 0.000000 8.350430 99.834749 -0.028634 0.207691 0.003298 
2773 39.464450 0.000000 8.566793 99.882258 -0.034177 0.182059 0.002350 
2774 39.233040 0.000000 8.566793 99.900465 -0.030567 0.169698 0.001987 
2775 39.464450 0.000000 8.783156 99.935929 -0.043094 0.127224 0.001279 
2776 40.852908 0.000000 3.806813 101.002916 -0.317822 -6.252042 -0.024078 
2777 40.852908 0.000000 3.590451 108.395904 0.220511 -13.086795 -0.192098 
2778 41.084317 0.000000 3.806813 100.002613 -0.294005 -6.996388 -0.004956 
2779 40.274384 0.000000 3.698632 105.501670 0.141946 -4.213709 -0.114838 
2780 40.274384 0.000000 3.590451 107.098000 0.141945 -6.719343 -0.151515 
2781 40.390088 0.000000 3.698632 106.322467 0.234262 -7.100450 -0.135494 
2782 40.505793 0.000000 4.347720 100.628312 0.000000 -2.761836 -0.013368 
2783 40.505793 0.000000 4.239539 101.533367 0.000000 -2.908727 -0.031749 
2784 40.621498 0.000000 4.347720 100.576944 0.000000 -2.794955 -0.012353 
2785 41.315727 0.000000 5.537715 99.276399 -0.423479 -1.671245 0.014122 
2786 41.315727 0.000000 5.321352 99.243126 -0.346379 -1.994985 0.014670 
2787 41.547137 0.000000 5.537715 99.125217 -0.452553 -1.602481 0.017142 
2788 40.737203 0.000000 5.429534 99.870287 0.000000 -1.589321 0.002340 
2789 40.737203 0.000000 5.321352 99.940417 0.000000 -1.673786 0.000911 
2790 40.852908 0.000000 5.429534 99.793185 0.000000 -1.528307 0.003898 
2791 41.431432 0.000000 7.160435 99.567827 0.000000 -0.171250 0.008622 
2792 41.431432 0.000000 7.052254 99.483014 0.000000 -0.292094 0.010304 
2793 41.547137 0.000000 7.160435 99.561999 0.000000 -0.144341 0.008739 
2794 40.737203 0.000000 7.593161 99.694466 -0.000000 0.011033 0.006101 
2795 40.621498 0.000000 7.593161 99.654135 0.000000 0.004101 0.006905 
2796 40.737203 0.000000 7.484979 99.626225 0.000000 -0.103242 0.007460 
2797 41.662842 0.000000 7.809523 99.711364 0.000000 0.262783 0.005757 
2798 41.662842 0.000000 7.701342 99.723820 0.000000 0.242237 0.005510 
2799 41.778546 0.000000 7.809523 99.697371 0.000000 0.288471 0.006035 
2800 23.034364 0.000000 11.379508 101.392211 0.093505 2.310745 -0.028573 
2801 21.183087 0.000000 11.379508 101.274495 -0.081441 2.736322 -0.026402 
2802 23.034364 0.000000 13.110409 101.039485 0.156869 2.627412 -0.021591 
2803 35.530486 0.000000 4.888627 100.619709 -0.000000 0.121605 -0.012434 
2804 35.067666 0.000000 4.888627 100.519231 -0.000000 0.221885 -0.010417 
2805 35.530486 0.000000 5.321352 100.350672 -0.000000 0.132352 -0.007027 
2806 35.530486 0.000000 5.754078 99.960704 0.000000 0.389292 0.000771 
2807 35.067666 0.000000 5.754078 99.702173 0.000000 0.622485 0.005909 
2808 35.530486 0.000000 6.186803 99.775443 0.000000 0.579613 0.004452 
2809 38.538811 0.000000 2.941363 106.336646 0.300075 14.374454 -0.151420 
2810 38.307401 0.000000 2.941363 97.551764 0.350267 -1.288182 0.048187 
2811 38.538811 0.000000 2.725000 103.779807 0.349069 8.610546 -0.084451 
2812 40.852908 0.000000 3.374088 108.887842 0.042408 -18.862302 -0.221235 
2813 40.852908 0.000000 3.157725 108.731695 -0.005737 -20.273910 -0.223361 
2814 41.084317 0.000000 3.374088 108.518609 -0.007187 -22.742110 -0.229349 
2815 40.274384 0.000000 3.482269 108.021767 0.178968 -7.678879 -0.172770 
2816 40.274384 0.000000 3.374088 108.300377 0.131971 -9.509475 -0.181942 
2817 40.390088 0.000000 3.482269 108.504539 0.220105 -10.297604 -0.187932 
2818 39.811564 0.000000 5.862259 99.848525 -0.000000 -1.189884 0.002886 
2819 39.695859 0.000000 5.862259 99.886352 -0.000000 -1.214847 0.002124 
2820 39.811564 0.000000 5.970440 99.811503 -0.000000 -1.096564 0.003646 
2821 39.811564 0.000000 6.078622 99.800588 -0.000000 -1.037687 0.003877 
2822 39.695859 0.000000 6.078622 99.818996 -0.000000 -1.004856 0.003516 
2823 39.811564 0.000000 6.186803 99.798931 -0.000000 -1.005514 0.003916 
2824 39.464450 0.000000 8.999518 100.166127 0.077639 0.755594 -0.003383 
2825 39.233040 0.000000 8.999518 100.206989 0.098608 0.758931 -0.004203 
2826 39.464450 0.000000 9.215881 100.156176 0.110030 0.847033 -0.003199 
2827 39.001630 0.000000 6.403166 99.881249 0.000000 -0.552930 0.002343 
2828 38.770221 0.000000 6.403166 99.872229 -0.000000 -0.435170 0.002535 
2829 39.001630 0.000000 6.619529 99.801316 -0.000000 -0.416607 0.003952 
2830 39.001630 0.000000 6.835891 99.751668 -0.000000 -0.319604 0.004950 
2831 38.770221 0.000000 6.835891 99.757781 -0.000000 -0.247551 0.004832 
2832 39.001630 0.000000 7.052254 99.685671 -0.000000 -0.187276 0.006273 
2833 39.001630 0.000000 7.268617 99.669231 -0.000000 -0.092079 0.006604 
2834 38.770221 0.000000 7.268617 99.682321 -0.000000 0.018007 0.006343 
2835 39.001630 0.000000 7.484979 99.662409 -0.000000 0.027528 0.006740 
2836 39.001630 0.000000 7.701342 99.666817 -0.000000 0.191628 0.006649 
2837 38.770221 0.000000 7.701342 99.676956 -0.000000 0.257843 0.006444 
2838 39.001630 0.000000 7.917705 99.664638 -0.000000 0.314652 0.006686 
2839 41.778546 0.000000 5.537715 98.989124 -0.449465 -1.522619 0.019863 
2840 41.778546 0.000000 5.321352 98.900389 -0.362888 -1.825395 0.021525 
2841 42.009956 0.000000 5.537715 98.892205 -0.495347 -1.428872 0.021804 
2842 39.811564 0.000000 6.294984 99.804010 -0.000000 -0.946404 0.003826 
2843 39.695859 0.000000 6.294984 99.823609 -0.000000 -0.863679 0.003450 
2844 39.811564 0.000000 6.403166 99.750210 -0.000000 -0.784281 0.004928 
2845 39.580155 0.000000 5.862259 99.922081 -0.000000 -1.132568 0.001430 
2846 39.464450 0.000000 5.862259 99.933496 -0.000000 -1.068846 0.001215 
2847 39.580155 0.000000 5.970440 99.847478 -0.000000 -0.991560 0.002950 
2848 39.580155 0.000000 6.078622 99.840432 -0.000000 -0.963431 0.003096 
2849 39.464450 0.000000 6.078622 99.873123 -0.000000 -0.921439 0.002451 
2850 39.580155 0.000000 6.186803 99.839638 -0.000000 -0.933839 0.003117 
2851 38.538811 0.000000 6.403166 99.918270 -0.000000 -0.362775 0.001621 
2852 38.307401 0.000000 6.403166 99.898854 -0.000000 -0.286102 0.002014 
2853 38.538811 0.000000 6.619529 99.832449 -0.000000 -0.278753 0.003340 
2854 38.538811 0.000000 6.835891 99.760930 -0.000000 -0.176573 0.004773 
2855 38.307401 0.000000 6.835891 99.747281 -0.000000 -0.103923 0.005047 
2856 38.538811 0.000000 7.052254 99.704590 -0.000000 -0.056319 0.005899 
2857 39.580155 0.000000 6.294984 99.842742 -0.000000 -0.824394 0.003075 
2858 39.464450 0.000000 6.294984 99.853913 -0.000000 -0.813664 0.002853 
2859 39.580155 0.000000 6.403166 99.836773 -0.000000 -0.742202 0.003207 
1 11 62 60 61 
2 62 10 24 60 
3 60 24 14 63 
4 61 60 63 6 
5 24 66 64 65 
6 66 23 40 64 
7 64 40 27 67 
8 65 64 67 14 
9 40 70 68 69 
10 69 68 71 27 
11 6 63 92 93 
12 63 14 36 92 
13 92 36 19 94 
14 93 92 94 20 
15 14 67 95 96 
16 67 27 52 95 
17 95 52 35 97 
18 96 95 97 36 
19 27 71 98 99 
20 99 98 100 52 
21 68 112 110 111 
22 112 56 80 110 
23 110 80 43 113 
24 111 110 113 71 
25 80 116 114 115 
26 115 114 117 43 
27 71 113 133 134 
28 113 43 102 133 
29 133 102 76 135 
30 134 133 135 98 
31 43 117 136 137 
32 137 136 138 102 
33 114 141 139 140 
34 140 139 142 117 
35 12 145 143 144 
36 145 7 146 143 
37 143 146 13 25 
38 144 143 25 10 
39 25 149 147 148 
40 149 13 150 147 
41 147 150 26 41 
42 148 147 41 23 
43 41 153 151 152 
44 153 26 154 151 
45 151 154 42 57 
46 152 151 57 39 
47 39 157 155 156 
48 157 57 158 155 
49 155 158 55 81 
50 156 155 81 56 
51 81 161 159 160 
52 161 55 162 159 
53 79 165 163 164 
54 165 107 166 163 
55 56 174 172 173 
56 174 81 160 172 
57 173 172 116 80 
58 116 177 175 176 
59 177 79 164 175 
60 176 175 141 114 
61 164 180 178 179 
62 180 163 181 178 
63 105 187 186 131 
64 187 108 188 186 
65 186 188 59 189 
66 131 186 189 109 
67 191 105 192 190 
68 190 192 131 193 
69 141 201 199 200 
70 201 106 168 199 
71 199 168 129 202 
72 200 199 202 139 
73 106 205 203 204 
74 205 169 195 203 
75 203 195 167 206 
76 204 203 206 168 
77 83 132 207 208 
78 132 109 209 207 
79 207 209 124 210 
80 208 207 210 125 
81 129 171 211 212 
82 171 128 213 211 
83 211 213 132 214 
84 212 211 214 83 
85 167 198 215 216 
86 198 170 217 215 
87 215 217 128 218 
88 216 215 218 171 
89 195 221 219 220 
90 221 194 222 219 
91 219 222 198 223 
92 220 219 223 167 
93 107 225 224 166 
94 225 82 226 224 
95 224 226 108 187 
96 166 224 187 105 
97 163 228 227 181 
98 228 166 229 227 
99 227 229 105 191 
100 178 232 230 231 
101 232 181 233 230 
102 230 233 130 196 
103 231 230 196 169 
104 130 235 234 197 
105 235 191 236 234 
106 234 236 190 237 
107 197 234 237 170 
108 196 240 238 239 
109 240 130 241 238 
110 238 241 197 242 
111 239 238 242 194 
112 57 244 243 158 
113 244 42 245 243 
114 243 245 58 89 
115 158 243 89 55 
116 55 247 246 162 
117 247 89 248 246 
118 82 250 249 226 
119 226 249 252 108 
120 108 252 256 188 
121 188 256 258 59 
122 249 281 279 280 
123 280 279 282 252 
124 89 293 292 248 
125 293 58 294 292 
126 246 297 295 296 
127 297 248 298 295 
128 267 312 311 277 
129 312 269 313 311 
130 311 313 184 314 
131 277 311 314 270 
132 316 277 317 315 
133 315 317 270 318 
134 321 274 322 319 
135 319 322 290 323 
136 252 282 324 325 
137 325 324 326 256 
138 279 329 327 328 
139 329 275 288 327 
140 327 288 182 330 
141 328 327 330 282 
142 275 333 331 332 
143 332 331 334 288 
144 182 291 335 336 
145 291 278 337 335 
146 335 337 283 338 
147 336 335 338 284 
148 287 323 339 340 
149 323 290 341 339 
150 339 341 278 342 
151 340 339 342 291 
152 345 319 346 343 
153 343 346 323 347 
154 344 343 347 287 
155 288 334 348 349 
156 334 287 340 348 
157 348 340 291 350 
158 349 348 350 182 
159 331 353 351 352 
160 353 320 344 351 
161 351 344 287 354 
162 352 351 354 334 
163 356 267 357 355 
164 355 357 277 316 
165 360 306 361 358 
166 358 361 274 321 
167 289 364 362 363 
168 364 321 365 362 
169 362 365 319 345 
170 363 362 345 320 
171 320 368 366 367 
172 368 345 369 366 
173 366 369 343 370 
174 367 366 370 344 
175 59 258 385 386 
176 386 385 387 126 
177 256 326 388 389 
178 389 388 390 258 
179 284 338 396 397 
180 338 283 398 396 
181 396 398 286 393 
182 397 396 393 257 
183 271 403 402 383 
184 403 272 404 402 
185 402 404 91 405 
186 383 402 405 273 
187 407 271 408 406 
188 406 408 383 409 
189 393 412 410 411 
190 412 286 413 410 
191 410 413 394 414 
192 326 417 415 416 
193 417 257 392 415 
194 415 392 382 418 
195 416 415 418 388 
196 257 421 419 420 
197 421 393 411 419 
198 419 411 391 422 
199 420 419 422 392 
200 391 414 431 432 
201 414 394 433 431 
202 431 433 381 434 
203 432 431 434 395 
204 411 437 435 436 
205 437 410 438 435 
206 435 438 414 439 
207 436 435 439 391 
208 162 442 440 441 
209 442 246 296 440 
210 441 440 250 82 
211 250 445 443 444 
212 444 443 281 249 
213 281 448 446 447 
214 448 251 304 446 
215 446 304 275 329 
216 447 446 329 279 
217 304 451 449 450 
218 450 449 333 275 
219 305 458 456 457 
220 456 459 306 360 
221 457 456 360 303 
222 303 462 460 461 
223 462 360 463 460 
224 460 463 358 464 
225 461 460 464 359 
226 409 383 466 465 
227 465 466 273 467 
228 258 390 472 473 
229 473 472 474 385 
230 388 418 475 476 
231 418 382 428 475 
232 475 428 185 477 
233 476 475 477 390 
234 382 480 478 479 
235 480 395 469 478 
236 478 469 427 481 
237 479 478 481 428 
238 395 484 482 483 
239 484 434 485 482 
240 482 485 468 486 
241 483 482 486 469 
242 268 488 487 302 
243 488 88 489 487 
244 487 489 269 312 
245 302 487 312 267 
246 491 302 492 490 
247 490 492 267 356 
248 452 495 493 494 
249 494 493 458 305 
250 498 356 499 497 
251 497 499 355 500 
252 459 497 500 306 
253 458 503 501 502 
254 503 276 504 501 
255 501 504 459 505 
256 502 501 505 456 
257 273 405 517 425 
258 405 91 518 517 
259 517 518 379 519 
260 425 517 519 377 
261 467 273 521 520 
262 520 521 425 522 
263 429 524 523 512 
264 524 465 525 523 
265 523 525 467 526 
266 512 523 526 384 
267 471 529 527 528 
268 529 429 530 527 
269 527 530 512 531 
270 428 481 532 533 
271 481 427 511 532 
272 532 511 430 534 
273 533 532 534 185 
274 427 537 535 536 
275 537 471 528 535 
276 535 528 510 538 
277 536 535 538 511 
278 430 513 539 540 
279 513 384 541 539 
280 539 541 508 542 
281 540 539 542 506 
282 510 531 543 544 
283 531 512 545 543 
284 543 545 384 546 
285 544 543 546 513 
286 528 549 547 548 
287 549 527 550 547 
288 547 550 531 551 
289 548 547 551 510 
290 553 490 554 552 
291 552 554 356 498 
292 493 557 555 556 
293 557 496 558 555 
294 555 558 276 503 
295 556 555 503 458 
296 296 561 559 560 
297 561 295 562 559 
298 559 562 268 301 
299 560 559 301 183 
300 301 565 563 564 
301 565 268 566 563 
302 563 566 302 491 
303 564 563 491 299 
304 299 569 567 568 
305 569 491 570 567 
306 567 570 490 553 
307 455 573 571 572 
308 573 553 574 571 
309 571 574 552 575 
310 572 571 575 496 
311 384 526 576 541 
312 526 467 577 576 
313 576 577 520 578 
314 183 581 579 580 
315 581 301 564 579 
316 579 564 299 454 
317 580 579 454 300 
318 454 584 582 583 
319 584 299 568 582 
320 583 582 495 452 
321 568 587 585 586 
322 587 567 588 585 
323 585 588 553 573 
324 586 585 573 455 
325 19 38 589 590 
326 38 21 591 589 
327 589 591 9 592 
328 590 589 592 22 
329 35 54 593 594 
330 54 37 595 593 
331 593 595 21 596 
332 594 593 596 38 
333 51 78 597 598 
334 78 53 599 597 
335 597 599 37 600 
336 598 597 600 54 
337 75 123 601 602 
338 123 77 603 601 
339 601 603 53 604 
340 602 601 604 78 
341 103 255 605 606 
342 255 121 607 605 
343 605 607 123 608 
344 606 605 608 75 
345 253 380 609 610 
346 380 254 611 609 
347 609 611 121 612 
348 610 609 612 255 
349 378 426 613 614 
350 426 377 615 613 
351 613 615 380 616 
352 614 613 616 253 
353 423 522 617 618 
354 522 425 619 617 
355 617 619 377 620 
356 618 617 620 426 
357 508 578 621 622 
358 578 520 623 621 
359 621 623 522 624 
360 622 621 624 423 
361 541 627 625 626 
362 627 576 628 625 
363 625 628 578 629 
364 626 625 629 508 
365 248 631 630 298 
366 631 292 632 630 
367 308 643 641 642 
368 643 264 644 641 
369 641 644 309 645 
370 642 641 645 307 
371 401 655 653 654 
372 655 266 656 653 
373 653 656 515 657 
374 654 653 657 514 
375 7 659 658 146 
376 659 16 660 658 
377 658 660 15 32 
378 146 658 32 13 
379 13 662 661 150 
380 662 32 663 661 
381 661 663 31 48 
382 150 661 48 26 
383 26 665 664 154 
384 665 48 666 664 
385 664 666 47 85 
386 154 664 85 42 
387 42 668 667 245 
388 668 85 669 667 
389 667 669 84 260 
390 245 667 260 58 
391 58 671 670 294 
392 671 260 672 670 
393 292 674 673 632 
394 674 294 675 673 
395 266 683 682 656 
396 683 650 684 682 
397 682 684 649 685 
398 656 682 685 515 
399 690 693 265 694 
400 691 690 694 640 
401 695 697 646 698 
402 650 700 699 684 
403 700 5 701 699 
404 699 701 651 702 
405 684 699 702 649 
406 15 704 703 33 
407 704 17 705 703 
408 703 705 8 706 
409 33 703 706 18 
410 708 33 709 707 
411 707 709 18 710 
412 18 706 727 45 
413 706 8 728 727 
414 727 728 29 729 
415 45 727 729 28 
416 710 18 731 730 
417 730 731 45 732 
418 636 743 742 697 
419 743 262 744 742 
420 742 744 647 745 
421 697 742 745 646 
422 260 747 746 672 
423 747 84 748 746 
424 259 750 749 725 
425 750 720 751 749 
426 749 751 719 752 
427 725 749 752 635 
428 262 754 753 744 
429 754 722 755 753 
430 753 755 739 756 
431 744 753 756 647 
432 720 773 772 751 
433 773 261 774 772 
434 772 774 721 770 
435 751 772 770 719 
436 770 781 779 780 
437 781 721 782 779 
438 779 782 771 783 
439 780 779 783 768 
440 722 794 792 793 
441 794 762 788 792 
442 792 788 761 795 
443 793 792 795 755 
444 768 783 796 797 
445 783 771 798 796 
446 762 801 799 800 
447 801 789 802 799 
448 799 802 787 803 
449 800 799 803 788 
450 789 809 808 802 
451 808 810 790 811 
452 802 808 811 787 
453 771 813 812 798 
454 813 775 814 812 
455 796 817 815 816 
456 817 798 818 815 
457 815 818 87 809 
458 816 815 809 789 
459 87 820 819 810 
460 820 805 821 819 
461 819 821 804 822 
462 810 819 822 790 
463 809 825 823 824 
464 825 87 826 823 
465 823 826 810 827 
466 824 823 827 808 
467 85 829 828 669 
468 829 47 830 828 
469 828 830 86 716 
470 669 828 716 84 
471 84 832 831 748 
472 832 716 833 831 
473 261 835 834 774 
474 835 766 836 834 
475 834 836 765 776 
476 774 834 776 721 
477 776 851 849 850 
478 851 765 852 849 
479 849 852 777 853 
480 850 849 853 775 
481 775 853 867 814 
482 853 777 868 867 
483 777 879 878 868 
484 879 845 880 878 
485 868 887 885 886 
486 887 878 888 885 
487 885 888 870 882 
488 886 885 882 758 
489 758 891 889 890 
490 891 882 892 889 
491 867 896 894 895 
492 896 868 886 894 
493 894 886 758 875 
494 895 894 875 864 
495 875 899 897 898 
496 899 758 890 897 
497 898 897 900 873 
498 21 46 901 591 
499 46 28 902 901 
500 901 902 30 903 
501 591 901 903 9 
502 37 74 904 595 
503 74 44 905 904 
504 904 905 46 906 
505 595 904 906 21 
506 53 120 907 599 
507 120 72 908 907 
508 907 908 74 909 
509 599 907 909 37 
510 118 738 910 911 
511 738 119 912 910 
512 910 912 72 913 
513 911 910 913 120 
514 914 916 738 917 
515 915 914 917 118 
516 890 936 934 935 
517 936 889 937 934 
518 934 937 893 938 
519 935 934 938 876 
520 767 940 939 847 
521 940 841 941 939 
522 939 941 844 942 
523 847 939 942 718 
524 845 944 943 880 
525 944 847 945 943 
526 943 945 718 946 
527 718 942 947 861 
528 942 844 948 947 
529 947 948 857 949 
530 861 947 949 759 
531 946 718 951 950 
532 950 951 861 952 
533 880 955 953 954 
534 955 943 956 953 
535 953 956 946 957 
536 954 953 957 848 
537 670 960 958 959 
538 960 672 961 958 
539 958 961 259 724 
540 634 964 962 963 
541 964 724 965 962 
542 294 968 967 675 
543 968 670 959 967 
544 973 975 262 743 
545 976 978 726 979 
546 977 976 979 633 
547 963 982 980 981 
548 982 962 983 980 
549 724 986 985 965 
550 986 259 987 985 
551 985 987 725 988 
552 965 985 988 723 
553 962 990 989 983 
554 990 965 991 989 
555 989 991 723 992 
556 994 977 633 996 
557 995 994 996 689 
558 997 999 976 1000 
559 998 997 1000 977 
560 980 1003 1001 1002 
561 1003 983 1004 1001 
562 1002 1001 1005 984 
563 723 988 1006 978 
564 988 725 1007 1006 
565 1006 1007 635 1008 
566 978 1006 1008 726 
567 992 723 1010 1009 
568 1009 1010 978 1011 
569 999 1009 1011 976 
570 983 1013 1012 1004 
571 1013 989 1014 1012 
572 1012 1014 992 1015 
573 1004 1012 1015 966 
574 984 1005 1016 1017 
575 1005 966 1018 1016 
576 1016 1018 999 1019 
577 1017 1016 1019 997 
578 1001 1022 1020 1021 
579 1022 1004 1023 1020 
580 1020 1023 966 1024 
581 1021 1020 1024 1005 
582 969 1027 1025 1026 
583 1027 963 981 1025 
584 1025 981 688 1028 
585 1026 1025 1028 972 
586 981 1031 1029 1030 
587 1031 980 1002 1029 
588 1029 1002 984 1032 
589 1030 1029 1032 688 
590 1037 995 689 1038 
591 693 1037 1038 265 
592 1033 1041 1039 1040 
593 1041 970 1042 1039 
594 1039 1042 686 1043 
595 1040 1039 1043 1036 
596 1034 1048 1046 1047 
597 1048 1033 1040 1046 
598 1046 1040 1036 1049 
599 1047 1046 1049 639 
600 1044 1056 1055 1053 
601 1056 1034 1047 1055 
602 1055 1047 639 1057 
603 1053 1055 1057 692 
604 1058 691 640 1060 
605 1059 1058 1060 263 
606 1061 1063 690 1064 
607 1062 1061 1064 691 
608 1050 1067 1065 1066 
609 1067 1053 1068 1065 
610 1065 1068 692 1069 
611 1066 1065 1069 1054 
612 1074 1062 691 1076 
613 1075 1074 1076 1058 
614 1051 1083 1082 1080 
615 1083 1050 1066 1082 
616 1082 1066 1054 1084 
617 1080 1082 1084 637 
618 1085 1087 1062 1088 
619 1086 1085 1088 1074 
620 1077 1091 1089 1090 
621 1091 1080 1092 1089 
622 1089 1092 637 1093 
623 1090 1089 1093 1081 
624 644 1096 1094 1095 
625 1096 676 1071 1094 
626 1094 1071 679 1097 
627 1095 1094 1097 309 
628 1071 1100 1098 1099 
629 1099 1098 1101 679 
630 632 1108 1106 1107 
631 1108 673 1109 1106 
632 1106 1109 638 677 
633 1107 1106 677 264 
634 677 1112 1110 1111 
635 1112 638 1113 1110 
636 1110 1113 678 1072 
637 1111 1110 1072 676 
638 1072 1116 1114 1115 
639 1116 678 1117 1114 
640 1114 1117 1051 1079 
641 1115 1114 1079 1070 
642 1070 1120 1118 1119 
643 1120 1079 1121 1118 
644 1118 1121 1077 1104 
645 1119 1118 1104 1078 
646 1104 1124 1122 1123 
647 1124 1077 1125 1122 
648 1122 1125 1090 1126 
649 307 645 1127 1128 
650 645 309 1059 1127 
651 1127 1059 263 1129 
652 1128 1127 1129 310 
653 309 1097 1130 1131 
654 1097 679 1075 1130 
655 1130 1075 1058 1132 
656 1131 1130 1132 1059 
657 679 1101 1133 1134 
658 1133 1086 1074 1135 
659 1134 1133 1135 1075 
660 1098 1138 1136 1137 
661 1138 1078 1103 1136 
662 1136 1103 1073 1139 
663 1137 1136 1139 1101 
664 1078 1142 1140 1141 
665 1142 1104 1123 1140 
666 1140 1123 1102 1143 
667 1141 1140 1143 1103 
668 1073 1105 1144 1145 
669 1105 1081 1146 1144 
670 1144 1146 1085 1147 
671 1145 1144 1147 1086 
672 1102 1126 1148 1149 
673 1126 1090 1150 1148 
674 1148 1150 1081 1151 
675 1149 1148 1151 1105 
676 1123 1154 1152 1153 
677 1154 1122 1155 1152 
678 1152 1155 1126 1156 
679 1153 1152 1156 1102 
680 806 1168 1166 1167 
681 1167 1166 1169 784 
682 1164 1176 1174 1175 
683 1176 1163 1177 1174 
684 1174 1177 1165 1178 
685 1175 1174 1178 866 
686 784 1169 1182 1183 
687 1183 1182 1184 1161 
688 1166 1187 1185 1186 
689 1187 1164 1175 1185 
690 1185 1175 866 1188 
691 1186 1185 1188 1169 
692 1198 1199 119 1200 
693 916 1198 1200 738 
694 759 949 1201 920 
695 949 857 1202 1201 
696 1201 1202 859 1203 
697 920 1201 1203 736 
698 1205 759 1206 1204 
699 1204 1206 920 1207 
700 1208 1210 916 1211 
701 1209 1208 1211 914 
702 1207 920 1222 1221 
703 1221 1222 736 1223 
704 1229 1207 1230 1228 
705 1228 1230 1221 1231 
706 77 373 1232 603 
707 373 118 911 1232 
708 1232 911 120 1233 
709 603 1232 1233 53 
710 1234 915 118 1236 
711 1235 1234 1236 373 
712 1237 1209 914 1239 
713 1238 1237 1239 915 
714 760 1215 1240 1241 
715 1215 921 1242 1240 
716 1240 1242 1208 1243 
717 1241 1240 1243 1209 
718 1244 1246 921 1247 
719 1245 1244 1247 1215 
720 736 1203 1257 1210 
721 1203 859 1258 1257 
722 1257 1258 1198 1259 
723 1210 1257 1259 916 
724 921 1223 1260 1242 
725 1223 736 1261 1260 
726 1260 1261 1210 1262 
727 1242 1260 1262 1208 
728 1231 1221 1264 1263 
729 1263 1264 1223 1265 
730 1246 1263 1265 921 
731 1267 1228 1268 1266 
732 1266 1268 1231 1269 
733 1250 1272 1270 1271 
734 1272 1226 1273 1270 
735 1271 1270 1274 1248 
736 1224 1289 1287 1288 
737 1289 1250 1271 1287 
738 1287 1271 1248 1290 
739 1288 1287 1290 1249 
740 1298 1245 1215 1300 
741 1299 1298 1300 760 
742 1212 1286 1301 1302 
743 1286 1227 1303 1301 
744 1301 1303 1244 1304 
745 1302 1301 1304 1245 
746 1283 1297 1305 1306 
747 1297 1249 1307 1305 
748 1305 1307 1227 1308 
749 1306 1305 1308 1286 
750 1311 1288 1312 1309 
751 1309 1312 1249 1313 
752 1310 1309 1313 1297 
753 1279 1316 1314 1315 
754 1316 1225 1284 1314 
755 1314 1284 1212 1317 
756 1315 1314 1317 1282 
757 1225 1320 1318 1319 
758 1320 1285 1295 1318 
759 1318 1295 1283 1321 
760 1319 1318 1321 1284 
761 1295 1324 1322 1323 
762 1324 1294 1310 1322 
763 1322 1310 1297 1325 
764 1323 1322 1325 1283 
765 1291 1328 1326 1327 
766 1328 1254 1329 1326 
767 1326 1329 1224 1296 
768 1327 1326 1296 1285 
769 1296 1332 1330 1331 
770 1332 1224 1333 1330 
771 1330 1333 1288 1311 
772 1331 1330 1311 1294 
773 1294 1336 1334 1335 
774 1336 1311 1337 1334 
775 1334 1337 1309 1338 
776 1335 1334 1338 1310 
777 1346 1238 915 1348 
778 1347 1346 1348 1234 
779 1339 1351 1349 1350 
780 1351 1158 1343 1349 
781 1349 1343 372 1352 
782 1350 1349 1352 1341 
783 1158 1358 1356 1357 
784 1357 1356 1360 1343 
785 372 1345 1365 1366 
786 1345 1159 1367 1365 
787 1365 1367 1237 1368 
788 1366 1365 1368 1238 
789 1343 1360 1369 1370 
790 1360 1342 1371 1369 
791 1369 1371 1345 1372 
792 1370 1369 1372 372 
793 1356 1375 1373 1374 
794 1373 1376 1342 1377 
795 1374 1373 1377 1360 
796 764 1380 1378 1379 
797 1380 740 1354 1378 
798 1378 1354 1158 1351 
799 1379 1378 1351 1339 
800 1354 1383 1381 1382 
801 1383 1353 1384 1381 
802 1381 1384 1344 1358 
803 1382 1381 1358 1158 
804 1358 1387 1385 1386 
805 1387 1344 1388 1385 
806 1385 1388 1359 1375 
807 1386 1385 1375 1356 
808 1342 1364 1389 1371 
809 1364 1276 1390 1389 
810 1389 1390 1159 1391 
811 1371 1389 1391 1345 
812 1393 1361 1394 1392 
813 1392 1394 1364 1395 
814 1376 1392 1395 1342 
815 1375 1398 1396 1397 
816 1398 1359 1399 1396 
817 1396 1399 1376 1400 
818 1397 1396 1400 1373 
819 1277 1404 1402 1403 
820 1403 1402 1405 1275 
821 1157 1407 1406 1363 
822 1407 1277 1403 1406 
823 1406 1403 1275 1408 
824 1363 1406 1408 1276 
825 1361 1410 1409 1394 
826 1410 1363 1411 1409 
827 1409 1411 1276 1412 
828 1394 1409 1412 1364 
829 1353 1414 1413 1384 
830 1414 1355 1415 1413 
831 1413 1415 1157 1362 
832 1384 1413 1362 1344 
833 1344 1417 1416 1388 
834 1417 1362 1418 1416 
835 1416 1418 1361 1393 
836 1388 1416 1393 1359 
837 1359 1420 1419 1399 
838 1420 1393 1421 1419 
839 1419 1421 1392 1422 
840 1399 1419 1422 1376 
841 50 1424 1423 858 
842 1424 840 1425 1423 
843 1423 1425 854 1426 
844 858 1423 1426 737 
845 877 1433 1431 1432 
846 1432 1431 1434 1163 
847 1441 871 1442 1440 
848 1440 1442 860 1443 
849 1445 869 1446 1444 
850 1444 1446 928 1447 
851 933 1449 1448 1438 
852 1449 884 1450 1448 
853 1448 1450 1429 1451 
854 1438 1448 1451 1427 
855 1458 1460 1430 1461 
856 1459 1458 1461 927 
857 1464 1438 1465 1462 
858 1462 1465 1427 1466 
859 873 900 1467 1468 
860 1468 1467 1433 877 
861 1433 1471 1469 1470 
862 1471 865 1436 1469 
863 1469 1436 1428 1472 
864 1470 1469 1472 1431 
865 1436 1475 1473 1474 
866 1474 1473 1476 1428 
867 1427 1451 1477 1460 
868 1451 1429 1478 1477 
869 1477 1478 926 1479 
870 1460 1477 1479 1430 
871 1439 1466 1480 1481 
872 1466 1427 1482 1480 
873 1480 1482 1460 1483 
874 1481 1480 1483 1458 
875 1486 1462 1487 1484 
876 1484 1487 1466 1488 
877 1485 1484 1488 1439 
878 1163 1434 1489 1177 
879 1177 1489 1490 1165 
880 1431 1472 1491 1492 
881 1472 1428 1459 1491 
882 1491 1459 927 1493 
883 1492 1491 1493 1434 
884 1428 1476 1494 1495 
885 1476 1439 1481 1494 
886 1494 1481 1458 1496 
887 1495 1494 1496 1459 
888 1473 1499 1497 1498 
889 1499 1463 1485 1497 
890 1497 1485 1439 1500 
891 1498 1497 1500 1476 
892 931 1503 1501 1502 
893 1503 930 1504 1501 
894 1501 1504 933 1437 
895 1502 1501 1437 865 
896 1437 1507 1505 1506 
897 1507 933 1508 1505 
898 1505 1508 1438 1464 
899 1506 1505 1464 1435 
900 1435 1511 1509 1510 
901 1511 1464 1512 1509 
902 1509 1512 1462 1486 
903 1510 1509 1486 1463 
904 1463 1515 1513 1514 
905 1515 1486 1516 1513 
906 1513 1516 1484 1517 
907 1514 1513 1517 1485 
908 1447 928 1519 1518 
909 1455 1532 1530 1531 
910 1532 1454 1526 1530 
911 1530 1526 1457 1533 
912 1531 1530 1533 785 
913 952 861 1535 1534 
914 1534 1535 759 1205 
915 1443 860 1537 1536 
916 1536 1537 924 1538 
917 1457 1529 1542 1543 
918 1529 929 1544 1542 
919 1542 1544 1523 1545 
920 1543 1542 1545 1521 
921 1526 1548 1546 1547 
922 1546 1549 1529 1550 
923 1547 1546 1550 1457 
924 1430 1479 1551 1552 
925 1479 926 1553 1551 
926 1551 1553 1456 1527 
927 1552 1551 1527 1454 
928 1454 1556 1554 1555 
929 1556 1527 1557 1554 
930 1555 1554 1548 1526 
931 1456 1559 1558 1528 
932 1559 1518 1560 1558 
933 1558 1560 1520 1561 
934 1528 1558 1561 929 
935 1563 1528 1564 1562 
936 1562 1564 929 1565 
937 1549 1562 1565 1529 
938 1548 1568 1566 1567 
939 1566 1569 1549 1570 
940 1567 1566 1570 1546 
941 1527 1572 1571 1557 
942 1572 1456 1573 1571 
943 1571 1573 1528 1563 
944 1554 1576 1574 1575 
945 1576 1557 1577 1574 
946 1574 1577 1525 1568 
947 1575 1574 1568 1548 
948 1525 1579 1578 1569 
949 1579 1563 1580 1578 
950 1578 1580 1562 1581 
951 1569 1578 1581 1549 
952 1568 1584 1582 1583 
953 1584 1525 1585 1582 
954 1582 1585 1569 1586 
955 1583 1582 1586 1566 
956 1524 1601 1599 1600 
957 1601 1452 1595 1599 
958 1599 1595 1588 1602 
959 1600 1599 1602 1591 
960 1523 1605 1603 1604 
961 1605 1539 1606 1603 
962 1603 1606 1541 1596 
963 1604 1603 1596 1452 
964 1452 1609 1607 1608 
965 1609 1596 1610 1607 
966 1608 1607 1611 1595 
967 1453 1616 1615 1589 
968 1616 1536 1617 1615 
969 1615 1617 1538 1618 
970 1589 1615 1618 922 
971 1541 1620 1619 1597 
972 1620 1453 1621 1619 
973 1619 1621 1589 1622 
974 1597 1619 1622 1587 
975 1596 1624 1623 1610 
976 1624 1541 1625 1623 
977 1623 1625 1597 1626 
978 1610 1623 1626 1594 
979 1588 1598 1631 1632 
980 1598 1587 1633 1631 
981 1631 1633 1590 1634 
982 1632 1631 1634 1195 
983 1595 1611 1635 1636 
984 1611 1594 1637 1635 
985 1635 1637 1598 1638 
986 1636 1635 1638 1588 
987 1607 1641 1639 1640 
988 1641 1610 1642 1639 
989 1639 1642 1594 1643 
990 1640 1639 1643 1611 
991 1618 1538 1645 1644 
992 1644 1645 1612 1646 
993 1657 1629 1658 1655 
994 1655 1658 1196 1659 
995 1656 1655 1659 1630 
996 1628 1668 1666 1667 
997 1668 1627 1656 1666 
998 1666 1656 1630 1669 
999 1667 1666 1669 1193 
1000 1590 1672 1670 1671 
1001 1672 922 1673 1670 
1002 1670 1673 1629 1657 
1003 1671 1670 1657 1627 
1004 1627 1676 1674 1675 
1005 1676 1657 1677 1674 
1006 1674 1677 1655 1678 
1007 1675 1674 1678 1656 
1008 1646 1612 1682 1681 
1009 1681 1682 1614 1683 
1010 1683 1614 1686 1684 
1011 1684 1686 1679 1687 
1012 1685 1684 1687 1649 
1013 1653 1690 1688 1689 
1014 1690 1681 1691 1688 
1015 1688 1691 1683 1692 
1016 1693 1685 1649 1695 
1017 1694 1693 1695 1647 
1018 1651 1698 1696 1697 
1019 1698 1653 1689 1696 
1020 1697 1696 1699 1654 
1021 1692 1683 1702 1700 
1022 1700 1702 1684 1703 
1023 1701 1700 1703 1685 
1024 1689 1706 1704 1705 
1025 1706 1688 1707 1704 
1026 1704 1707 1692 1708 
1027 1654 1699 1709 1710 
1028 1709 1701 1685 1711 
1029 1710 1709 1711 1693 
1030 1696 1714 1712 1713 
1031 1714 1689 1705 1712 
1032 1712 1705 925 1715 
1033 1713 1712 1715 1699 
1034 925 1708 1716 1717 
1035 1708 1692 1718 1716 
1036 1716 1718 1700 1719 
1037 1717 1716 1719 1701 
1038 1705 1722 1720 1721 
1039 1722 1704 1723 1720 
1040 1720 1723 1708 1724 
1041 1721 1720 1724 925 
1042 1649 1687 1725 1726 
1043 1687 1679 1727 1725 
1044 1725 1727 1218 1728 
1045 1726 1725 1728 1189 
1046 1189 1728 1731 1732 
1047 1732 1731 1734 1217 
1048 1736 1204 1737 1735 
1049 1735 1737 1207 1229 
1050 1731 1747 1745 1746 
1051 1745 1748 1216 1749 
1052 1746 1745 1749 1734 
1053 1728 1752 1750 1751 
1054 1752 1218 1753 1750 
1055 1751 1750 1747 1731 
1056 1757 1738 1758 1756 
1057 1756 1758 1741 1759 
1058 1748 1756 1759 1216 
1059 1747 1762 1760 1761 
1060 1760 1763 1748 1764 
1061 1761 1760 1764 1745 
1062 1766 1205 1767 1765 
1063 1765 1767 1204 1736 
1064 1679 1769 1768 1727 
1065 1769 1680 1770 1768 
1066 1768 1770 1191 1739 
1067 1727 1768 1739 1218 
1068 1218 1772 1771 1753 
1069 1772 1739 1773 1771 
1070 1771 1773 1738 1757 
1071 1750 1776 1774 1775 
1072 1776 1753 1777 1774 
1073 1774 1777 1733 1762 
1074 1775 1774 1762 1747 
1075 1733 1779 1778 1763 
1076 1779 1757 1780 1778 
1077 1778 1780 1756 1781 
1078 1763 1778 1781 1748 
1079 1762 1784 1782 1783 
1080 1784 1733 1785 1782 
1081 1782 1785 1763 1786 
1082 1783 1782 1786 1760 
1083 1744 1789 1787 1788 
1084 1789 1754 1790 1787 
1085 1788 1787 1791 1220 
1086 1219 1793 1792 1755 
1087 1793 1735 1794 1792 
1088 1792 1794 1229 1795 
1089 1754 1797 1796 1790 
1090 1797 1755 1798 1796 
1091 1796 1798 918 1799 
1092 1790 1796 1799 1255 
1093 1220 1791 1800 1801 
1094 1791 1255 1802 1800 
1095 1800 1802 1253 1803 
1096 1801 1800 1803 1254 
1097 1787 1806 1804 1805 
1098 1806 1790 1807 1804 
1099 1804 1807 1255 1808 
1100 1805 1804 1808 1791 
1101 1795 1229 1810 1809 
1102 1809 1810 1228 1267 
1103 1226 1812 1811 1273 
1104 1812 1267 1813 1811 
1105 1811 1813 1266 1814 
1106 1273 1811 1814 1251 
1107 1227 1252 1815 1303 
1108 1252 1214 1816 1815 
1109 1815 1816 1246 1817 
1110 1303 1815 1817 1244 
1111 1248 1274 1818 1819 
1112 1274 1251 1820 1818 
1113 1818 1820 1214 1821 
1114 1819 1818 1821 1252 
1115 1270 1824 1822 1823 
1116 1824 1273 1825 1822 
1117 1822 1825 1251 1826 
1118 1823 1822 1826 1274 
1119 716 1828 1827 833 
1120 1828 86 1829 1827 
1121 48 1831 1830 666 
1122 1831 31 1832 1830 
1123 1830 1832 49 712 
1124 666 1830 712 47 
1125 47 1834 1833 830 
1126 1834 712 1835 1833 
1127 1833 1835 711 838 
1128 830 1833 838 86 
1129 86 1837 1836 1829 
1130 1837 838 1838 1836 
1131 1836 1838 837 1839 
1132 1829 1836 1839 717 
1133 1827 1842 1840 1841 
1134 1842 1829 1843 1840 
1135 1840 1843 717 1844 
1136 833 1847 1845 1846 
1137 1847 1827 1841 1845 
1138 1845 1841 842 1848 
1139 1846 1845 1848 715 
1140 717 1839 1849 843 
1141 1839 837 1850 1849 
1142 1849 1850 840 1424 
1143 843 1849 1424 50 
1144 842 1844 1851 1852 
1145 1844 717 1853 1851 
1146 1851 1853 843 1854 
1147 1852 1851 1854 841 
1148 1841 1857 1855 1856 
1149 1857 1840 1858 1855 
1150 1855 1858 1844 1859 
1151 1856 1855 1859 842 
1152 34 1861 1860 734 
1153 1861 710 1862 1860 
1154 1860 1862 730 1863 
1155 734 1860 1863 73 
1156 714 1865 1864 855 
1157 1865 34 1866 1864 
1158 1864 1866 734 1867 
1159 855 1864 1867 733 
1160 840 1869 1868 1425 
1161 1869 714 1870 1868 
1162 1868 1870 855 1871 
1163 1425 1868 1871 854 
1164 1 1874 1872 1873 
1165 1874 12 144 1872 
1166 1872 144 10 62 
1167 1873 1872 62 11 
1168 16 1876 1875 660 
1169 1876 2 1877 1875 
1170 1875 1877 17 704 
1171 660 1875 704 15 
1172 20 94 1878 1879 
1173 94 19 590 1878 
1174 1878 590 22 1880 
1175 1879 1878 1880 4 
1176 10 1883 1881 1882 
1177 1883 25 148 1881 
1178 1881 148 23 66 
1179 1882 1881 66 24 
1180 28 729 1884 902 
1181 729 29 1885 1884 
1182 1884 1885 3 1886 
1183 902 1884 1886 30 
1184 32 1888 1887 663 
1185 1888 15 1889 1887 
1186 1887 1889 33 708 
1187 663 1887 708 31 
1188 36 97 1890 1891 
1189 97 35 594 1890 
1190 1890 594 38 1892 
1191 1891 1890 1892 19 
1192 23 1895 1893 1894 
1193 1895 41 152 1893 
1194 1893 152 39 70 
1195 1894 1893 70 40 
1196 44 732 1896 905 
1197 732 45 1897 1896 
1198 1896 1897 28 1898 
1199 905 1896 1898 46 
1200 52 100 1899 1900 
1201 100 51 598 1899 
1202 1899 598 54 1901 
1203 1900 1899 1901 35 
1204 70 1904 1902 1903 
1205 1904 39 156 1902 
1206 1902 156 56 112 
1207 1903 1902 112 68 
1208 72 735 1905 908 
1209 735 73 1906 1905 
1210 1905 1906 44 1907 
1211 908 1905 1907 74 
1212 76 104 1908 1909 
1213 104 75 602 1908 
1214 1908 602 78 1910 
1215 1909 1908 1910 51 
1216 98 135 1911 1912 
1217 135 76 1909 1911 
1218 1911 1909 51 1913 
1219 1912 1911 1913 100 
1220 101 127 1914 1915 
1221 127 103 606 1914 
1222 1914 606 75 1916 
1223 1915 1914 1916 104 
1224 102 138 1917 1918 
1225 138 101 1915 1917 
1226 1917 1915 104 1919 
1227 1918 1917 1919 76 
1228 121 376 1920 607 
1229 376 122 1921 1920 
1230 1920 1921 77 1922 
1231 607 1920 1922 123 
1232 109 189 1923 209 
1233 189 59 386 1923 
1234 1923 386 126 1924 
1235 209 1923 1924 124 
1236 128 193 1925 213 
1237 193 131 1926 1925 
1238 1925 1926 109 1927 
1239 213 1925 1927 132 
1240 117 142 1928 1929 
1241 142 83 208 1928 
1242 1928 208 125 1930 
1243 1929 1928 1930 136 
1244 139 202 1931 1932 
1245 202 129 212 1931 
1246 1931 212 83 1933 
1247 1932 1931 1933 142 
1248 159 1936 1934 1935 
1249 1936 162 441 1934 
1250 1934 441 82 225 
1251 1935 1934 225 107 
1252 160 1939 1937 1938 
1253 1939 159 1935 1937 
1254 1937 1935 107 165 
1255 1938 1937 165 79 
1256 168 206 1940 1941 
1257 206 167 216 1940 
1258 1940 216 171 1942 
1259 1941 1940 1942 129 
1260 172 1945 1943 1944 
1261 1945 160 1938 1943 
1262 1943 1938 79 177 
1263 1944 1943 177 116 
1264 175 1948 1946 1947 
1265 1948 164 179 1946 
1266 1946 179 106 201 
1267 1947 1946 201 141 
1268 179 1951 1949 1950 
1269 1951 178 231 1949 
1270 1949 231 169 205 
1271 1950 1949 205 106 
1272 170 237 1952 217 
1273 237 190 1953 1952 
1274 1952 1953 193 1954 
1275 217 1952 1954 128 
1276 169 1957 1955 1956 
1277 1957 196 239 1955 
1278 1955 239 194 221 
1279 1956 1955 221 195 
1280 194 242 1958 222 
1281 242 197 1959 1958 
1282 1958 1959 170 1960 
1283 222 1958 1960 198 
1284 181 1962 1961 233 
1285 1962 227 1963 1961 
1286 1961 1963 191 235 
1287 233 1961 235 130 
1288 126 387 1964 1965 
1289 387 253 610 1964 
1290 1964 610 255 1966 
1291 1965 1964 1966 103 
1292 270 314 1967 285 
1293 314 184 1968 1967 
1294 1967 1968 272 403 
1295 285 1967 403 271 
1296 278 318 1969 337 
1297 318 270 1970 1969 
1298 1969 1970 285 1971 
1299 337 1969 1971 283 
1300 283 1971 1972 398 
1301 1971 285 1973 1972 
1302 1972 1973 271 407 
1303 398 1972 407 286 
1304 295 1975 1974 562 
1305 1975 298 1976 1974 
1306 1974 1976 88 488 
1307 562 1974 488 268 
1308 251 1979 1977 1978 
1309 1979 305 457 1977 
1310 1977 457 303 451 
1311 1978 1977 451 304 
1312 88 1981 1980 489 
1313 1981 308 642 1980 
1314 1980 642 307 1982 
1315 489 1980 1982 269 
1316 269 1982 1983 313 
1317 1982 307 1128 1983 
1318 1983 1128 310 1984 
1319 313 1983 1984 184 
1320 282 330 1985 1986 
1321 330 182 336 1985 
1322 1985 336 284 1987 
1323 1986 1985 1987 324 
1324 324 1987 1988 1989 
1325 1987 284 397 1988 
1326 1988 397 257 417 
1327 1989 1988 417 326 
1328 333 1992 1990 1991 
1329 1992 289 363 1990 
1330 1990 363 320 353 
1331 1991 1990 353 331 
1332 306 500 1993 361 
1333 500 355 1994 1993 
1334 1993 1994 316 1995 
1335 361 1993 1995 274 
1336 359 464 1996 1997 
1337 464 358 1998 1996 
1338 1996 1998 321 364 
1339 1997 1996 364 289 
1340 1999 1235 373 2000 
1341 1921 1999 2000 77 
1342 254 516 2001 611 
1343 516 374 2002 2001 
1344 2001 2002 376 2003 
1345 611 2001 2003 121 
1346 377 519 2004 615 
1347 519 379 2005 2004 
1348 2004 2005 254 2006 
1349 615 2004 2006 380 
1350 385 474 2007 2008 
1351 474 378 614 2007 
1352 2007 614 253 2009 
1353 2008 2007 2009 387 
1354 392 422 2010 2011 
1355 422 391 432 2010 
1356 2010 432 395 480 
1357 2011 2010 480 382 
1358 184 1984 2012 1968 
1359 1984 310 2013 2012 
1360 2012 2013 399 2014 
1361 1968 2012 2014 272 
1362 310 1129 2015 2013 
1363 1129 263 2016 2015 
1364 2015 2016 400 2017 
1365 2013 2015 2017 399 
1366 399 2017 2018 2019 
1367 2017 400 2020 2018 
1368 2018 2020 266 655 
1369 2019 2018 655 401 
1370 272 2014 2021 404 
1371 2014 399 2019 2021 
1372 2021 2019 401 2022 
1373 404 2021 2022 91 
1374 424 509 2023 2024 
1375 509 423 618 2023 
1376 2023 618 426 2025 
1377 2024 2023 2025 378 
1378 440 2028 2026 2027 
1379 2028 296 560 2026 
1380 2026 560 183 445 
1381 2027 2026 445 250 
1382 443 2031 2029 2030 
1383 2031 300 453 2029 
1384 2029 453 251 448 
1385 2030 2029 448 281 
1386 449 2034 2032 2033 
1387 2034 359 1997 2032 
1388 2032 1997 289 1992 
1389 2033 2032 1992 333 
1390 453 2037 2035 2036 
1391 2037 452 494 2035 
1392 2035 494 305 1979 
1393 2036 2035 1979 251 
1394 381 2039 2038 470 
1395 2039 409 2040 2038 
1396 2038 2040 465 524 
1397 470 2038 524 429 
1398 469 486 2041 2042 
1399 486 468 2043 2041 
1400 2041 2043 471 537 
1401 2042 2041 537 427 
1402 390 477 2044 2045 
1403 477 185 507 2044 
1404 2044 507 424 2046 
1405 2045 2044 2046 472 
1406 472 2046 2047 2048 
1407 2046 424 2024 2047 
1408 2047 2024 378 2049 
1409 2048 2047 2049 474 
1410 495 2052 2050 2051 
1411 2052 455 572 2050 
1412 2050 572 496 557 
1413 2051 2050 557 493 
1414 185 534 2053 2054 
1415 534 430 540 2053 
1416 2053 540 506 2055 
1417 2054 2053 2055 507 
1418 506 542 2056 2057 
1419 542 508 622 2056 
1420 2056 622 423 2058 
1421 2057 2056 2058 509 
1422 507 2055 2059 2060 
1423 2055 506 2057 2059 
1424 2059 2057 509 2061 
1425 2060 2059 2061 424 
1426 511 538 2062 2063 
1427 538 510 544 2062 
1428 2062 544 513 2064 
1429 2063 2062 2064 430 
1430 91 2022 2065 518 
1431 2022 401 654 2065 
1432 2065 654 514 2066 
1433 518 2065 2066 379 
1434 379 2066 2067 2005 
1435 2066 514 2068 2067 
1436 2067 2068 516 2069 
1437 2005 2067 2069 254 
1438 496 575 2070 558 
1439 575 552 2071 2070 
1440 2070 2071 498 2072 
1441 558 2070 2072 276 
1442 582 2075 2073 2074 
1443 2075 568 586 2073 
1444 2073 586 455 2052 
1445 2074 2073 2052 495 
1446 630 2078 2076 2077 
1447 2078 632 1107 2076 
1448 2076 1107 264 643 
1449 2077 2076 643 308 
1450 298 2080 2079 1976 
1451 2080 630 2077 2079 
1452 2079 2077 308 1981 
1453 1976 2079 1981 88 
1454 673 2082 2081 1109 
1455 2082 675 2083 2081 
1456 2081 2083 90 1045 
1457 1109 2081 1045 638 
1458 264 2086 2084 2085 
1459 2086 677 1111 2084 
1460 2084 1111 676 1096 
1461 2085 2084 1096 644 
1462 263 1060 2087 2016 
1463 1060 640 2088 2087 
1464 2087 2088 680 2089 
1465 2016 2087 2089 400 
1466 640 694 2090 2088 
1467 694 265 2091 2090 
1468 2090 2091 681 2092 
1469 2088 2090 2092 680 
1470 680 2092 2093 2094 
1471 2092 681 2095 2093 
1472 2093 2095 5 700 
1473 2094 2093 700 650 
1474 400 2089 2096 2020 
1475 2089 680 2094 2096 
1476 2096 2094 650 683 
1477 2020 2096 683 266 
1478 692 1057 2097 1063 
1479 1057 639 2098 2097 
1480 2097 2098 693 2099 
1481 1063 2097 2099 690 
1482 49 2101 2100 713 
1483 2101 707 2102 2100 
1484 2100 2102 710 1861 
1485 713 2100 1861 34 
1486 711 2104 2103 839 
1487 2104 713 2105 2103 
1488 2103 2105 34 1865 
1489 839 2103 1865 714 
1490 635 752 2106 975 
1491 752 719 769 2106 
1492 2106 769 722 754 
1493 975 2106 754 262 
1494 73 1863 2107 1906 
1495 1863 730 2108 2107 
1496 2107 2108 732 2109 
1497 1906 2107 2109 44 
1498 119 856 2110 912 
1499 856 733 2111 2110 
1500 2110 2111 735 2112 
1501 912 2110 2112 72 
1502 647 756 2113 2114 
1503 756 739 1340 2113 
1504 2113 1340 741 2115 
1505 2114 2113 2115 371 
1506 672 2117 2116 961 
1507 2117 746 2118 2116 
1508 2116 2118 720 750 
1509 961 2116 750 259 
1510 761 791 2119 2120 
1511 2120 2119 1380 764 
1512 755 795 2121 2122 
1513 795 761 2120 2121 
1514 2121 2120 764 2123 
1515 2122 2121 2123 739 
1516 766 2125 2124 836 
1517 2125 715 2126 2124 
1518 2124 2126 767 846 
1519 836 2124 846 765 
1520 769 2129 2127 2128 
1521 2129 768 797 2127 
1522 2127 797 762 794 
1523 2128 2127 794 722 
1524 721 2131 2130 782 
1525 2131 776 850 2130 
1526 2130 850 775 813 
1527 782 2130 813 771 
1528 797 2134 2132 2133 
1529 2134 796 816 2132 
1530 2132 816 789 801 
1531 2133 2132 801 762 
1532 798 2136 2135 818 
1533 2136 812 2137 2135 
1534 2135 2137 805 820 
1535 818 2135 820 87 
1536 831 2140 2138 2139 
1537 2140 833 1846 2138 
1538 2138 1846 715 2125 
1539 2139 2138 2125 766 
1540 748 2143 2141 2142 
1541 2143 831 2139 2141 
1542 2141 2139 766 835 
1543 2142 2141 835 261 
1544 837 2145 2144 1850 
1545 2145 839 2146 2144 
1546 2144 2146 714 1869 
1547 1850 2144 1869 840 
1548 715 1848 2147 2126 
1549 1848 842 1852 2147 
1550 2147 1852 841 940 
1551 2126 2147 940 767 
1552 841 1854 2148 941 
1553 1854 843 2149 2148 
1554 2148 2149 50 2150 
1555 941 2148 2150 844 
1556 765 2152 2151 852 
1557 2152 846 2153 2151 
1558 2151 2153 845 879 
1559 852 2151 879 777 
1560 846 2155 2154 2153 
1561 2155 767 2156 2154 
1562 2154 2156 847 944 
1563 2153 2154 944 845 
1564 737 1426 2157 1199 
1565 1426 854 2158 2157 
1566 2157 2158 856 2159 
1567 1199 2157 2159 119 
1568 844 2150 2160 948 
1569 2150 50 2161 2160 
1570 2160 2161 858 2162 
1571 948 2160 2162 857 
1572 857 2162 2163 1202 
1573 2162 858 2164 2163 
1574 2163 2164 737 2165 
1575 1202 2163 2165 859 
1576 778 2168 2166 2167 
1577 2167 2166 1168 806 
1578 814 2171 2169 2170 
1579 2171 867 895 2169 
1580 2169 895 864 2168 
1581 2170 2169 2168 778 
1582 870 2173 2172 883 
1583 2173 848 2174 2172 
1584 2172 2174 871 1441 
1585 878 2176 2175 888 
1586 2176 880 954 2175 
1587 2175 954 848 2173 
1588 888 2175 2173 870 
1589 881 2178 2177 932 
1590 2178 883 2179 2177 
1591 2177 2179 869 1445 
1592 876 938 2180 2181 
1593 938 893 2182 2180 
1594 2180 2182 930 1503 
1595 2181 2180 1503 931 
1596 930 2184 2183 1504 
1597 2184 932 2185 2183 
1598 2183 2185 884 1449 
1599 1504 2183 1449 933 
1600 848 957 2186 2174 
1601 957 946 2187 2186 
1602 2186 2187 950 2188 
1603 2174 2186 2188 871 
1604 871 2188 2189 1442 
1605 2188 950 2190 2189 
1606 2189 2190 952 2191 
1607 1442 2189 2191 860 
1608 675 2193 2192 2083 
1609 2193 967 2194 2192 
1610 2192 2194 687 1035 
1611 2083 2192 1035 90 
1612 970 2196 2195 1042 
1613 2196 969 1026 2195 
1614 2195 1026 972 2197 
1615 1042 2195 2197 686 
1616 265 1038 2198 2091 
1617 1038 689 2199 2198 
1618 2198 2199 993 2200 
1619 2091 2198 2200 681 
1620 689 996 2201 2199 
1621 996 633 2202 2201 
1622 2201 2202 974 2203 
1623 2199 2201 2203 993 
1624 681 2200 2204 2095 
1625 2200 993 2205 2204 
1626 2204 2205 696 2206 
1627 2095 2204 2206 5 
1628 972 1028 2207 2208 
1629 1028 688 998 2207 
1630 2207 998 977 2209 
1631 2208 2207 2209 994 
1632 688 1032 2210 2211 
1633 1032 984 1017 2210 
1634 2210 1017 997 2212 
1635 2211 2210 2212 998 
1636 966 1015 2213 1018 
1637 1015 992 2214 2213 
1638 2213 2214 1009 2215 
1639 1018 2213 2215 999 
1640 639 1049 2216 2098 
1641 1049 1036 2217 2216 
1642 2216 2217 1037 2218 
1643 2098 2216 2218 693 
1644 1036 1043 2219 2217 
1645 1043 686 2220 2219 
1646 2219 2220 995 2221 
1647 2217 2219 2221 1037 
1648 638 2223 2222 1113 
1649 2223 1045 2224 2222 
1650 2222 2224 1044 1052 
1651 1113 2222 1052 678 
1652 1045 2226 2225 2224 
1653 2226 90 2227 2225 
1654 2225 2227 1034 1056 
1655 2224 2225 1056 1044 
1656 678 2229 2228 1117 
1657 2229 1052 2230 2228 
1658 2228 2230 1050 1083 
1659 1117 2228 1083 1051 
1660 1052 2232 2231 2230 
1661 2232 1044 2233 2231 
1662 2231 2233 1053 1067 
1663 2230 2231 1067 1050 
1664 637 1084 2234 1087 
1665 1084 1054 2235 2234 
1666 2234 2235 1061 2236 
1667 1087 2234 2236 1062 
1668 1054 1069 2237 2235 
1669 1069 692 2238 2237 
1670 2237 2238 1063 2239 
1671 2235 2237 2239 1061 
1672 676 2242 2240 2241 
1673 2242 1072 1115 2240 
1674 2240 1115 1070 1100 
1675 2241 2240 1100 1071 
1676 1079 2244 2243 1121 
1677 2244 1051 2245 2243 
1678 2243 2245 1080 1091 
1679 1121 2243 1091 1077 
1680 1081 1093 2246 1146 
1681 1093 637 2247 2246 
1682 2246 2247 1087 2248 
1683 1146 2246 2248 1085 
1684 1100 2251 2249 2250 
1685 2251 1070 1119 2249 
1686 2249 1119 1078 1138 
1687 2250 2249 1138 1098 
1688 1103 1143 2252 2253 
1689 1143 1102 1149 2252 
1690 2252 1149 1105 2254 
1691 2253 2252 2254 1073 
1692 1101 1139 2255 2256 
1693 1139 1073 1145 2255 
1694 2255 1145 1086 2257 
1695 2256 2255 2257 1133 
1696 1161 1184 2258 2259 
1697 2259 2258 2260 786 
1698 863 2263 2261 2262 
1699 2263 877 1432 2261 
1700 2261 1432 1163 1176 
1701 2262 2261 1176 1164 
1702 1168 2266 2264 2265 
1703 2266 863 2262 2264 
1704 2264 2262 1164 1187 
1705 2265 2264 1187 1166 
1706 1165 1490 2267 2268 
1707 2268 2267 2269 1170 
1708 1170 2269 2270 2271 
1709 2271 2270 2272 1173 
1710 859 2165 2276 1258 
1711 2165 737 2277 2276 
1712 2276 2277 1199 2278 
1713 1258 2276 2278 1198 
1714 371 2115 2279 2280 
1715 2115 741 1347 2279 
1716 2279 1347 1234 2281 
1717 2280 2279 2281 1235 
1718 1159 1278 2282 1367 
1719 1278 760 1241 2282 
1720 2282 1241 1209 2283 
1721 1367 2282 2283 1237 
1722 1249 1290 2284 1307 
1723 1290 1248 1819 2284 
1724 2284 1819 1252 2285 
1725 1307 2284 2285 1227 
1726 1255 1799 2286 1802 
1727 1799 918 2287 2286 
1728 2286 2287 1256 2288 
1729 1802 2286 2288 1253 
1730 1253 2288 2289 2290 
1731 2288 1256 2291 2289 
1732 2289 2291 1226 1272 
1733 2290 2289 1272 1250 
1734 1254 1803 2292 1329 
1735 1803 1253 2290 2292 
1736 2292 2290 1250 1289 
1737 1329 2292 1289 1224 
1738 1214 1269 2293 1816 
1739 1269 1231 2294 2293 
1740 2293 2294 1263 2295 
1741 1816 2293 2295 1246 
1742 1251 1814 2296 1820 
1743 1814 1266 2297 2296 
1744 2296 2297 1269 2298 
1745 1820 2296 2298 1214 
1746 1275 1405 2299 2300 
1747 2299 1299 760 2301 
1748 2300 2299 2301 1278 
1749 1276 1408 2302 1390 
1750 1408 1275 2300 2302 
1751 2302 2300 1278 2303 
1752 1390 2302 2303 1159 
1753 1281 2306 2304 2305 
1754 2306 1192 1292 2304 
1755 2304 1292 1225 1316 
1756 2305 2304 1316 1279 
1757 1284 1321 2307 2308 
1758 1321 1283 1306 2307 
1759 2307 1306 1286 2309 
1760 2308 2307 2309 1212 
1761 1293 2312 2310 2311 
1762 2312 1220 1801 2310 
1763 2310 1801 1254 1328 
1764 2311 2310 1328 1291 
1765 1292 2315 2313 2314 
1766 2315 1291 1327 2313 
1767 2313 1327 1285 1320 
1768 2314 2313 1320 1225 
1769 1285 2318 2316 2317 
1770 2318 1296 1331 2316 
1771 2316 1331 1294 1324 
1772 2317 2316 1324 1295 
1773 1282 1317 2319 2320 
1774 1317 1212 1302 2319 
1775 2319 1302 1245 2321 
1776 2320 2319 2321 1298 
1777 739 2123 2322 2323 
1778 2123 764 1379 2322 
1779 2322 1379 1339 2324 
1780 2323 2322 2324 1340 
1781 1340 2324 2325 2326 
1782 2324 1339 1350 2325 
1783 2325 1350 1341 2327 
1784 2326 2325 2327 741 
1785 1341 1352 2328 2329 
1786 1352 372 1366 2328 
1787 2328 1366 1238 2330 
1788 2329 2328 2330 1346 
1789 1362 2332 2331 1418 
1790 2332 1157 2333 2331 
1791 2331 2333 1363 1410 
1792 1418 2331 1410 1361 
1793 1355 2340 2339 1415 
1794 2340 1401 2338 2339 
1795 2339 2338 1277 1407 
1796 1415 2339 1407 1157 
1797 865 2343 2341 2342 
1798 2343 1437 1506 2341 
1799 2341 1506 1435 1475 
1800 2342 2341 1475 1436 
1801 927 1461 2344 2345 
1802 1461 1430 1552 2344 
1803 2344 1552 1454 1532 
1804 2345 2344 1532 1455 
1805 1467 2348 2346 2347 
1806 2348 931 1502 2346 
1807 2346 1502 865 1471 
1808 2347 2346 1471 1433 
1809 1475 2351 2349 2350 
1810 2351 1435 1510 2349 
1811 2349 1510 1463 1499 
1812 2350 2349 1499 1473 
1813 1434 1493 2352 2353 
1814 1493 927 2345 2352 
1815 2352 2345 1455 2354 
1816 2353 2352 2354 1489 
1817 1489 2354 2355 2356 
1818 2354 1455 1531 2355 
1819 2355 1531 785 2357 
1820 2356 2355 2357 1490 
1821 926 2359 2358 1553 
1822 2359 1447 2360 2358 
1823 2358 2360 1518 1559 
1824 1553 2358 1559 1456 
1825 785 1533 2361 2362 
1826 1533 1457 1543 2361 
1827 2361 1543 1521 2363 
1828 2362 2361 2363 1522 
1829 1521 1545 2364 2365 
1830 1545 1523 1604 2364 
1831 2364 1604 1452 1601 
1832 2365 2364 1601 1524 
1833 1522 2363 2366 2367 
1834 2363 1521 2365 2366 
1835 2366 2365 1524 2368 
1836 2367 2366 2368 1172 
1837 860 2191 2369 1537 
1838 2191 952 2370 2369 
1839 2369 2370 1534 2371 
1840 1537 2369 2371 924 
1841 2371 1534 2373 2372 
1842 2372 2373 1205 1766 
1843 872 2375 2374 1540 
1844 2375 1443 2376 2374 
1845 2374 2376 1536 1616 
1846 1540 2374 1616 1453 
1847 929 1561 2377 1544 
1848 1561 1520 2378 2377 
1849 2377 2378 1539 1605 
1850 1544 2377 1605 1523 
1851 1539 2380 2379 1606 
1852 2380 1540 2381 2379 
1853 2379 2381 1453 1620 
1854 1606 2379 1620 1541 
1855 1557 2383 2382 1577 
1856 2383 1571 2384 2382 
1857 2382 2384 1563 1579 
1858 1577 2382 1579 1525 
1859 1587 1622 2385 1633 
1860 1622 1589 2386 2385 
1861 2385 2386 922 1672 
1862 1633 2385 1672 1590 
1863 1172 2368 2387 2388 
1864 2368 1524 1600 2387 
1865 2387 1600 1591 2389 
1866 2388 2387 2389 1592 
1867 1591 1602 2390 2391 
1868 1602 1588 1632 2390 
1869 2390 1632 1195 2392 
1870 2391 2390 2392 1593 
1871 1592 2389 2393 2394 
1872 2389 1591 2391 2393 
1873 2393 2391 1593 2395 
1874 2394 2393 2395 923 
1875 1594 1626 2396 1637 
1876 1626 1597 2397 2396 
1877 2396 2397 1587 2398 
1878 1637 2396 2398 1598 
1879 1195 1634 2399 2400 
1880 1634 1590 1671 2399 
1881 2399 1671 1627 1668 
1882 2400 2399 1668 1628 
1883 2401 1694 1647 2403 
1884 2402 2401 2403 1648 
1885 1647 1695 2404 2405 
1886 1695 1649 1726 2404 
1887 2404 1726 1189 2406 
1888 2405 2404 2406 1650 
1889 1648 2403 2407 2408 
1890 2403 1647 2405 2407 
1891 2407 2405 1650 2409 
1892 2408 2407 2409 1190 
1893 1630 1659 2410 2411 
1894 1659 1196 2412 2410 
1895 2410 2412 1653 1698 
1896 2411 2410 1698 1651 
1897 1173 2272 2413 2414 
1898 2414 2413 2415 1660 
1899 1660 2415 2416 2417 
1900 2417 2416 2418 1662 
1901 1593 2392 2419 2420 
1902 2392 1195 2400 2419 
1903 2419 2400 1628 2421 
1904 2420 2419 2421 1663 
1905 1663 2421 2422 2423 
1906 2421 1628 1667 2422 
1907 2422 1667 1193 2424 
1908 2423 2422 2424 1665 
1909 1614 2426 2425 1686 
1910 2426 862 2427 2425 
1911 2425 2427 1680 1769 
1912 1686 2425 1769 1679 
1913 1196 2429 2428 2412 
1914 2429 1646 2430 2428 
1915 2428 2430 1681 1690 
1916 2412 2428 1690 1653 
1917 1699 1715 2431 2432 
1918 1715 925 1717 2431 
1919 2431 1717 1701 2433 
1920 2432 2431 2433 1709 
1921 1650 2406 2434 2435 
1922 2406 1189 1732 2434 
1923 2434 1732 1217 2436 
1924 2435 2434 2436 1729 
1925 1729 2436 2437 2438 
1926 2436 1217 1743 2437 
1927 2437 1743 1192 2306 
1928 2438 2437 2306 1281 
1929 1191 2440 2439 1740 
1930 2440 1736 2441 2439 
1931 2439 2441 1735 1793 
1932 1740 2439 1793 1219 
1933 1742 2444 2442 2443 
1934 2444 1744 1788 2442 
1935 2442 1788 1220 2312 
1936 2443 2442 2312 1293 
1937 1216 1759 2445 2446 
1938 1759 1741 2447 2445 
1939 2445 2447 1754 1789 
1940 2446 2445 1789 1744 
1941 1741 2449 2448 2447 
1942 2449 1219 2450 2448 
1943 2448 2450 1755 1797 
1944 2447 2448 1797 1754 
1945 1680 2452 2451 1770 
1946 2452 1765 2453 2451 
1947 2451 2453 1736 2440 
1948 1770 2451 2440 1191 
1949 1753 2455 2454 1777 
1950 2455 1771 2456 2454 
1951 2454 2456 1757 1779 
1952 1777 2454 1779 1733 
1953 1256 2458 2457 2291 
1954 2458 1809 2459 2457 
1955 2457 2459 1267 1812 
1956 2291 2457 1812 1226 
1957 124 1924 2460 2461 
1958 1924 126 1965 2460 
1959 2460 1965 103 2462 
1960 2461 2460 2462 127 
1961 125 210 2463 2464 
1962 210 124 2461 2463 
1963 2463 2461 127 2465 
1964 2464 2463 2465 101 
1965 136 1930 2466 2467 
1966 1930 125 2464 2466 
1967 2466 2464 101 2468 
1968 2467 2466 2468 138 
1969 274 1995 2469 322 
1970 1995 316 2470 2469 
1971 2469 2470 315 2471 
1972 322 2469 2471 290 
1973 290 2471 2472 341 
1974 2471 315 2473 2472 
1975 2472 2473 318 2474 
1976 341 2472 2474 278 
1977 374 652 2475 2002 
1978 652 375 2476 2475 
1979 2475 2476 122 2477 
1980 2002 2475 2477 376 
1981 394 2479 2478 433 
1982 2479 406 2480 2478 
1983 2478 2480 409 2039 
1984 433 2478 2039 381 
1985 445 2483 2481 2482 
1986 2483 183 580 2481 
1987 2481 580 300 2031 
1988 2482 2481 2031 443 
1989 451 2486 2484 2485 
1990 2486 303 461 2484 
1991 2484 461 359 2034 
1992 2485 2484 2034 449 
1993 300 2489 2487 2488 
1994 2489 454 583 2487 
1995 2487 583 452 2037 
1996 2488 2487 2037 453 
1997 468 2491 2490 2043 
1998 2491 470 2492 2490 
1999 2490 2492 429 529 
2000 2043 2490 529 471 
2001 276 2072 2493 504 
2002 2072 498 2494 2493 
2003 2493 2494 497 2495 
2004 504 2493 2495 459 
2005 514 657 2496 2068 
2006 657 515 2497 2496 
2007 2496 2497 374 2498 
2008 2068 2496 2498 516 
2009 646 745 2499 2500 
2010 745 647 2114 2499 
2011 2499 2114 371 2501 
2012 2500 2499 2501 648 
2013 375 698 2502 2476 
2014 698 646 2500 2502 
2015 2502 2500 648 2503 
2016 2476 2502 2503 122 
2017 515 685 2504 2497 
2018 685 649 2505 2504 
2019 2504 2505 652 2506 
2020 2497 2504 2506 374 
2021 5 2206 2507 701 
2022 2206 696 2508 2507 
2023 2507 2508 695 2509 
2024 701 2507 2509 651 
2025 31 2511 2510 1832 
2026 2511 708 2512 2510 
2027 2510 2512 707 2101 
2028 1832 2510 2101 49 
2029 712 2514 2513 1835 
2030 2514 49 2515 2513 
2031 2513 2515 713 2104 
2032 1835 2513 2104 711 
2033 733 1867 2516 2111 
2034 1867 734 2517 2516 
2035 2516 2517 73 2518 
2036 2111 2516 2518 735 
2037 746 2520 2519 2118 
2038 2520 748 2142 2519 
2039 2519 2142 261 773 
2040 2118 2519 773 720 
2041 719 2523 2521 2522 
2042 2523 770 780 2521 
2043 2521 780 768 2129 
2044 2522 2521 2129 769 
2045 805 2525 2524 821 
2046 2525 778 2167 2524 
2047 2524 2167 806 2526 
2048 821 2524 2526 804 
2049 804 2526 2527 2528 
2050 2526 806 1167 2527 
2051 2527 1167 784 2529 
2052 2528 2527 2529 807 
2053 790 822 2530 2531 
2054 822 804 2528 2530 
2055 2530 2528 807 2532 
2056 2531 2530 2532 763 
2057 812 2534 2533 2137 
2058 2534 814 2170 2533 
2059 2533 2170 778 2525 
2060 2137 2533 2525 805 
2061 838 2536 2535 1838 
2062 2536 711 2537 2535 
2063 2535 2537 839 2145 
2064 1838 2535 2145 837 
2065 854 1871 2538 2158 
2066 1871 855 2539 2538 
2067 2538 2539 733 2540 
2068 2158 2538 2540 856 
2069 874 2543 2541 2542 
2070 2543 873 1468 2541 
2071 2541 1468 877 2263 
2072 2542 2541 2263 863 
2073 882 2545 2544 892 
2074 2545 870 2546 2544 
2075 2544 2546 883 2178 
2076 892 2544 2178 881 
2077 893 2548 2547 2182 
2078 2548 881 2549 2547 
2079 2547 2549 932 2184 
2080 2182 2547 2184 930 
2081 967 2551 2550 2194 
2082 2551 959 2552 2550 
2083 2550 2552 634 971 
2084 2194 2550 971 687 
2085 633 979 2553 2202 
2086 979 726 2554 2553 
2087 2553 2554 973 2555 
2088 2202 2553 2555 974 
2089 726 1008 2556 2554 
2090 1008 635 2557 2556 
2091 2556 2557 975 2558 
2092 2554 2556 2558 973 
2093 993 2203 2559 2205 
2094 2203 974 2560 2559 
2095 2559 2560 636 2561 
2096 2205 2559 2561 696 
2097 686 2197 2562 2220 
2098 2197 972 2208 2562 
2099 2562 2208 994 2563 
2100 2220 2562 2563 995 
2101 90 2565 2564 2227 
2102 2565 1035 2566 2564 
2103 2564 2566 1033 1048 
2104 2227 2564 1048 1034 
2105 1035 2568 2567 2566 
2106 2568 687 2569 2567 
2107 2567 2569 970 1041 
2108 2566 2567 1041 1033 
2109 866 1178 2570 2571 
2110 1178 1165 2268 2570 
2111 2570 2268 1170 2572 
2112 2571 2570 2572 1171 
2113 1171 2572 2573 2574 
2114 2572 1170 2271 2573 
2115 2573 2271 1173 2575 
2116 2574 2573 2575 1160 
2117 807 2529 2576 2577 
2118 2529 784 1183 2576 
2119 2576 1183 1161 2578 
2120 2577 2576 2578 1179 
2121 1179 2578 2579 2580 
2122 2578 1161 2259 2579 
2123 2579 2259 786 2581 
2124 2580 2579 2581 1181 
2125 1169 1188 2582 2583 
2126 1188 866 2571 2582 
2127 2582 2571 1171 2584 
2128 2583 2582 2584 1182 
2129 1182 2584 2585 2586 
2130 2584 1171 2574 2585 
2131 2585 2574 1160 2587 
2132 2586 2585 2587 1184 
2133 1192 2590 2588 2589 
2134 2590 1293 2311 2588 
2135 2588 2311 1291 2315 
2136 2589 2588 2315 1292 
2137 741 2327 2591 2592 
2138 2327 1341 2329 2591 
2139 2591 2329 1346 2593 
2140 2592 2591 2593 1347 
2141 1181 2581 2594 2595 
2142 2581 786 2596 2594 
2143 2594 2596 1355 1414 
2144 2595 2594 1414 1353 
2145 786 2260 2597 2596 
2146 2596 2597 2340 1355 
2147 928 2599 2598 1519 
2148 2599 1440 2600 2598 
2149 2598 2600 1443 2375 
2150 1519 2598 2375 872 
2151 1429 2602 2601 1478 
2152 2602 1444 2603 2601 
2153 2601 2603 1447 2359 
2154 1478 2601 2359 926 
2155 900 2606 2604 2605 
2156 2606 876 2181 2604 
2157 2604 2181 931 2348 
2158 2605 2604 2348 1467 
2159 1520 2608 2607 2378 
2160 2608 872 2609 2607 
2161 2607 2609 1540 2380 
2162 2378 2607 2380 1539 
2163 1612 2611 2610 1682 
2164 2611 1613 2612 2610 
2165 2610 2612 862 2426 
2166 1682 2610 2426 1614 
2167 1629 2614 2613 1658 
2168 2614 1644 2615 2613 
2169 2613 2615 1646 2429 
2170 1658 2613 2429 1196 
2171 1193 1669 2616 2617 
2172 1669 1630 2411 2616 
2173 2616 2411 1651 2618 
2174 2617 2616 2618 1652 
2175 1652 2618 2619 2620 
2176 2618 1651 1697 2619 
2177 2619 1697 1654 2621 
2178 2620 2619 2621 1197 
2179 1160 2575 2622 2623 
2180 2575 1173 2414 2622 
2181 2622 2414 1660 2624 
2182 2623 2622 2624 1661 
2183 1661 2624 2625 2626 
2184 2624 1660 2417 2625 
2185 2625 2417 1662 2627 
2186 2626 2625 2627 1162 
2187 923 2395 2628 2629 
2188 2395 1593 2420 2628 
2189 2628 2420 1663 2630 
2190 2629 2628 2630 1664 
2191 1664 2630 2631 2632 
2192 2630 1663 2423 2631 
2193 2631 2423 1665 2633 
2194 2632 2631 2633 1194 
2195 1197 2621 2634 2635 
2196 2621 1654 1710 2634 
2197 2634 1710 1693 2636 
2198 2635 2634 2636 1694 
2199 1190 2409 2637 2638 
2200 2409 1650 2435 2637 
2201 2637 2435 1729 2639 
2202 2638 2637 2639 1730 
2203 1730 2639 2640 2641 
2204 2639 1729 2438 2640 
2205 2640 2438 1281 2642 
2206 2641 2640 2642 919 
2207 1738 2644 2643 1758 
2208 2644 1740 2645 2643 
2209 2643 2645 1219 2449 
2210 1758 2643 2449 1741 
2211 1734 1749 2646 2647 
2212 1749 1216 2446 2646 
2213 2646 2446 1744 2444 
2214 2647 2646 2444 1742 
2215 1743 2650 2648 2649 
2216 2650 1742 2443 2648 
2217 2648 2443 1293 2590 
2218 2649 2648 2590 1192 
2219 862 2652 2651 2427 
2220 2652 1766 2653 2651 
2221 2651 2653 1765 2452 
2222 2427 2651 2452 1680 
2223 918 2655 2654 2287 
2224 2655 1795 2656 2654 
2225 2654 2656 1809 2458 
2226 2287 2654 2458 1256 
2227 648 2501 2657 2658 
2228 2501 371 2280 2657 
2229 2657 2280 1235 2659 
2230 2658 2657 2659 1999 
2231 2166 2662 2660 2661 
2232 2662 874 2542 2660 
2233 2660 2542 863 2266 
2234 2661 2660 2266 1168 
2235 1184 2587 2663 2664 
2236 2587 1160 2623 2663 
2237 2663 2623 1661 2665 
2238 2664 2663 2665 2258 
2239 2258 2665 2666 2667 
2240 2665 1661 2626 2666 
2241 2666 2626 1162 2668 
2242 2667 2666 2668 2260 
2243 1490 2357 2669 2670 
2244 2357 785 2362 2669 
2245 2669 2362 1522 2671 
2246 2670 2669 2671 2267 
2247 2267 2671 2672 2673 
2248 2671 1522 2367 2672 
2249 2672 2367 1172 2674 
2250 2673 2672 2674 2269 
2251 2269 2674 2675 2676 
2252 2674 1172 2388 2675 
2253 2675 2388 1592 2677 
2254 2676 2675 2677 2270 
2255 2270 2677 2678 2679 
2256 2677 1592 2394 2678 
2257 2678 2394 923 2680 
2258 2679 2678 2680 2272 
2259 1665 2424 2681 2682 
2260 2424 1193 2617 2681 
2261 2681 2617 1652 2683 
2262 2682 2681 2683 2273 
2263 2273 2683 2684 2685 
2264 2683 1652 2620 2684 
2265 2684 2620 1197 2686 
2266 2685 2684 2686 2275 
2267 1662 2418 2687 2688 
2268 2687 2402 1648 2689 
2269 2688 2687 2689 2334 
2270 2334 2689 2690 2691 
2271 2689 1648 2408 2690 
2272 2690 2408 1190 2692 
2273 2691 2690 2692 2336 
2274 2336 2692 2693 2694 
2275 2692 1190 2638 2693 
2276 2693 2638 1730 2695 
2277 2694 2693 2695 2337 
2278 2337 2695 2696 2697 
2279 2695 1730 2641 2696 
2280 2696 2641 919 2698 
2281 2697 2696 2698 1404 
2282 1613 2700 2699 2612 
2283 2700 2372 2701 2699 
2284 2699 2701 1766 2652 
2285 2612 2699 2652 862 
2286 2275 2686 2702 2703 
2287 2686 1197 2635 2702 
2288 2702 2635 1694 2704 
2289 2703 2702 2704 2401 
2290 2272 2680 2705 2706 
2291 2680 923 2629 2705 
2292 2705 2629 1664 2707 
2293 2706 2705 2707 2413 
2294 2413 2707 2708 2709 
2295 2707 1664 2632 2708 
2296 2708 2632 1194 2710 
2297 2709 2708 2710 2415 
2298 286 2712 2711 413 
2299 2712 407 2713 2711 
2300 2711 2713 406 2479 
2301 413 2711 2479 394 
2302 434 2715 2714 485 
2303 2715 381 2716 2714 
2304 2714 2716 470 2491 
2305 485 2714 2491 468 
2306 649 702 2717 2505 
2307 702 651 2718 2717 
2308 2717 2718 375 2719 
2309 2505 2717 2719 652 
2310 696 2561 2720 2508 
2311 2561 636 2721 2720 
2312 2720 2721 697 2722 
2313 2508 2720 2722 695 
2314 651 2509 2723 2718 
2315 2509 695 2724 2723 
2316 2723 2724 698 2725 
2317 2718 2723 2725 375 
2318 787 811 2726 2727 
2319 811 790 2531 2726 
2320 2726 2531 763 2728 
2321 2727 2726 2728 791 
2322 788 803 2729 2730 
2323 803 787 2727 2729 
2324 2729 2727 791 2731 
2325 2730 2729 2731 761 
2326 864 2734 2732 2733 
2327 2734 875 898 2732 
2328 2732 898 873 2543 
2329 2733 2732 2543 874 
2330 889 2736 2735 937 
2331 2736 892 2737 2735 
2332 2735 2737 881 2548 
2333 937 2735 2548 893 
2334 897 2740 2738 2739 
2335 2740 890 935 2738 
2336 2738 935 876 2606 
2337 2739 2738 2606 900 
2338 959 2742 2741 2552 
2339 2742 958 2743 2741 
2340 2741 2743 724 964 
2341 2552 2741 964 634 
2342 687 2745 2744 2569 
2343 2745 971 2746 2744 
2344 2744 2746 969 2196 
2345 2569 2744 2196 970 
2346 971 2748 2747 2746 
2347 2748 634 2749 2747 
2348 2747 2749 963 1027 
2349 2746 2747 1027 969 
2350 974 2555 2750 2560 
2351 2555 973 2751 2750 
2352 2750 2751 743 2752 
2353 2560 2750 2752 636 
2354 763 2532 2753 2754 
2355 2532 807 2577 2753 
2356 2753 2577 1179 2755 
2357 2754 2753 2755 1180 
2358 1180 2755 2756 2757 
2359 2755 1179 2580 2756 
2360 2756 2580 1181 2758 
2361 2757 2756 2758 740 
2362 919 2642 2759 2760 
2363 2642 1281 2305 2759 
2364 2759 2305 1279 2761 
2365 2760 2759 2761 1280 
2366 1280 2761 2762 2763 
2367 2761 1279 1315 2762 
2368 2762 1315 1282 2764 
2369 2763 2762 2764 1213 
2370 1213 2764 2765 2766 
2371 2764 1282 2320 2765 
2372 2765 2320 1298 2767 
2373 2766 2765 2767 1299 
2374 740 2758 2768 2769 
2375 2758 1181 2595 2768 
2376 2768 2595 1353 1383 
2377 2769 2768 1383 1354 
2378 1404 2698 2770 2771 
2379 2698 919 2760 2770 
2380 2770 2760 1280 2772 
2381 2771 2770 2772 1402 
2382 1402 2772 2773 2774 
2383 2772 1280 2763 2773 
2384 2773 2763 1213 2775 
2385 2774 2773 2775 1405 
2386 869 2777 2776 1446 
2387 2777 1441 2778 2776 
2388 2776 2778 1440 2599 
2389 1446 2776 2599 928 
2390 884 2780 2779 1450 
2391 2780 1445 2781 2779 
2392 2779 2781 1444 2602 
2393 1450 2779 2602 1429 
2394 1518 2783 2782 1560 
2395 2783 1519 2784 2782 
2396 2782 2784 872 2608 
2397 1560 2782 2608 1520 
2398 1538 2786 2785 1645 
2399 2786 924 2787 2785 
2400 2785 2787 1613 2611 
2401 1645 2785 2611 1612 
2402 922 2789 2788 1673 
2403 2789 1618 2790 2788 
2404 2788 2790 1644 2614 
2405 1673 2788 2614 1629 
2406 1739 2792 2791 1773 
2407 2792 1191 2793 2791 
2408 2791 2793 1740 2644 
2409 1773 2791 2644 1738 
2410 1217 2796 2794 2795 
2411 2796 1734 2647 2794 
2412 2794 2647 1742 2650 
2413 2795 2794 2650 1743 
2414 1755 2798 2797 1798 
2415 2798 1792 2799 2797 
2416 2797 2799 1795 2655 
2417 1798 2797 2655 918 
2418 122 2503 2800 2801 
2419 2503 648 2658 2800 
2420 2800 2658 1999 2802 
2421 2801 2800 2802 1921 
2422 791 2728 2803 2804 
2423 2728 763 2754 2803 
2424 2803 2754 1180 2805 
2425 2804 2803 2805 2119 
2426 2119 2805 2806 2807 
2427 2805 1180 2757 2806 
2428 2806 2757 740 2808 
2429 2807 2806 2808 1380 
2430 2168 2811 2809 2810 
2431 2811 864 2733 2809 
2432 2809 2733 874 2662 
2433 2810 2809 2662 2166 
2434 883 2813 2812 2179 
2435 2813 2172 2814 2812 
2436 2812 2814 1441 2777 
2437 2179 2812 2777 869 
2438 932 2816 2815 2185 
2439 2816 2177 2817 2815 
2440 2815 2817 1445 2780 
2441 2185 2815 2780 884 
2442 1194 2633 2818 2819 
2443 2633 1665 2682 2818 
2444 2818 2682 2273 2820 
2445 2819 2818 2820 2274 
2446 2274 2820 2821 2822 
2447 2820 2273 2685 2821 
2448 2821 2685 2275 2823 
2449 2822 2821 2823 757 
2450 1405 2775 2824 2825 
2451 2775 1213 2766 2824 
2452 2824 2766 1299 2826 
2453 2825 2824 2826 2299 
2454 1162 2627 2827 2828 
2455 2627 1662 2688 2827 
2456 2827 2688 2334 2829 
2457 2828 2827 2829 2335 
2458 2335 2829 2830 2831 
2459 2829 2334 2691 2830 
2460 2830 2691 2336 2832 
2461 2831 2830 2832 1401 
2462 1401 2832 2833 2834 
2463 2832 2336 2694 2833 
2464 2833 2694 2337 2835 
2465 2834 2833 2835 2338 
2466 2338 2835 2836 2837 
2467 2835 2337 2697 2836 
2468 2836 2697 1404 2838 
2469 2837 2836 2838 1277 
2470 924 2840 2839 2787 
2471 2840 2371 2841 2839 
2472 2839 2841 2372 2700 
2473 2787 2839 2700 1613 
2474 757 2823 2842 2843 
2475 2823 2275 2703 2842 
2476 2842 2703 2401 2844 
2477 2843 2842 2844 2402 
2478 2415 2710 2845 2846 
2479 2710 1194 2819 2845 
2480 2845 2819 2274 2847 
2481 2846 2845 2847 2416 
2482 2416 2847 2848 2849 
2483 2847 2274 2822 2848 
2484 2848 2822 757 2850 
2485 2849 2848 2850 2418 
2486 2260 2668 2851 2852 
2487 2668 1162 2828 2851 
2488 2851 2828 2335 2853 
2489 2852 2851 2853 2597 
2490 2597 2853 2854 2855 
2491 2853 2335 2831 2854 
2492 2854 2831 1401 2856 
2493 2855 2854 2856 2340 
2494 2418 2850 2857 2858 
2495 2850 757 2843 2857 
2496 2857 2843 2402 2859 
2497 2858 2857 2859 2687 
