v     0.2918979668     0.2784226613        -1.260792
v     0.2918979668     0.2724239163     -1.314508575
v                0                0             -1.3
v     0.2918979668     0.2553696189     -1.365647036
v     0.2918979668     0.2286726757     -1.412794478
v     0.2918979668     0.1937459932     -1.454537993
v     0.2918979668     0.1520024778     -1.489464676
v     0.2918979668     0.1048550362     -1.516161619
v     0.2918979668    0.05371657472     -1.533215916
v     0.2918979668 -2.131628207e-17     -1.539214661
v     0.2918979668   -0.05371657472     -1.533215916
v     0.2918979668    -0.1048550362     -1.516161619
v     0.2918979668    -0.1520024778     -1.489464676
v     0.2918979668    -0.1937459932     -1.454537993
v     0.2918979668    -0.2286726757     -1.412794478
v     0.2918979668    -0.2553696189     -1.365647036
v     0.2918979668    -0.2724239163     -1.314508575
v     0.2918979668    -0.2784226613        -1.260792
v     0.2918979668    -0.2724239163     -1.207075425
v     0.2918979668    -0.2553696189     -1.155936964
v     0.2918979668    -0.2286726757     -1.108789522
v     0.2918979668    -0.1937459932     -1.067046007
v     0.2918979668    -0.1520024778     -1.032119324
v     0.2918979668    -0.1048550362     -1.005422381
v     0.2918979668   -0.05371657472    -0.9883680837
v     0.2918979668 -2.309263891e-17    -0.9823693387
v     0.2918979668    0.05371657472    -0.9883680837
v     0.2918979668     0.1048550362     -1.005422381
v     0.2918979668     0.1520024778     -1.032119324
v     0.2918979668     0.1937459932     -1.067046007
v     0.2918979668     0.2286726757     -1.108789522
v     0.2918979668     0.2553696189     -1.155936964
v     0.2918979668     0.2724239163     -1.207075425
v     0.6580964106     0.5837104939        -1.167296
v     0.6580964106     0.5714625102     -1.282210596
v     0.6580964106     0.5365057059     -1.390500695
v     0.6580964106     0.4815208017     -1.489485576
v     0.6580964106     0.4091885181     -1.576484518
v     0.6580964106     0.3221895756     -1.648816802
v     0.6580964106     0.2232046947     -1.703801706
v     0.6580964106      0.114914596      -1.73875851
v     0.6580964106 -2.398081733e-17     -1.751006494
v     0.6580964106     -0.114914596      -1.73875851
v     0.6580964106    -0.2232046947     -1.703801706
v     0.6580964106    -0.3221895756     -1.648816802
v     0.6580964106    -0.4091885181     -1.576484518
v     0.6580964106    -0.4815208017     -1.489485576
v     0.6580964106    -0.5365057059     -1.390500695
v     0.6580964106    -0.5714625102     -1.282210596
v     0.6580964106    -0.5837104939        -1.167296
v     0.6580964106    -0.5714625102     -1.052381404
v     0.6580964106    -0.5365057059    -0.9440913053
v     0.6580964106    -0.4815208017    -0.8451064244
v     0.6580964106    -0.4091885181    -0.7581074819
v     0.6580964106    -0.3221895756    -0.6857751983
v     0.6580964106    -0.2232046947    -0.6307902941
v     0.6580964106     -0.114914596    -0.5958334898
v     0.6580964106 -2.597921878e-17    -0.5835855061
v     0.6580964106      0.114914596    -0.5958334898
v     0.6580964106     0.2232046947    -0.6307902941
v     0.6580964106     0.3221895756    -0.6857751983
v     0.6580964106     0.4091885181    -0.7581074819
v     0.6580964106     0.4815208017    -0.8451064244
v     0.6580964106     0.5365057059    -0.9440913053
v     0.6580964106     0.5714625102     -1.052381404
v      1.078345871      0.864886996        -1.055704
v      1.078345871     0.8470489776     -1.228142776
v      1.078345871     0.7960058706     -1.389614996
v      1.078345871     0.7154640969     -1.536414238
v      1.078345871     0.6091300787     -1.664834079
v      1.078345871     0.4807102378     -1.771168097
v      1.078345871     0.3339109964     -1.851709871
v      1.078345871     0.1724387764     -1.902752978
v      1.078345871 -1.598721155e-17     -1.920590996
v      1.078345871    -0.1724387764     -1.902752978
v      1.078345871    -0.3339109964     -1.851709871
v      1.078345871    -0.4807102378     -1.771168097
v      1.078345871    -0.6091300787     -1.664834079
v      1.078345871    -0.7154640969     -1.536414238
v      1.078345871    -0.7960058706     -1.389614996
v      1.078345871    -0.8470489776     -1.228142776
v      1.078345871     -0.864886996        -1.055704
v      1.078345871    -0.8470489776    -0.8832652236
v      1.078345871    -0.7960058706    -0.7217930036
v      1.078345871    -0.7154640969    -0.5749937622
v      1.078345871    -0.6091300787    -0.4465739213
v      1.078345871    -0.4807102378    -0.3402399031
v      1.078345871    -0.3339109964    -0.2596981294
v      1.078345871    -0.1724387764    -0.2086550224
v      1.078345871 -1.731947918e-17     -0.190817004
v      1.078345871     0.1724387764    -0.2086550224
v      1.078345871     0.3339109964    -0.2596981294
v      1.078345871     0.4807102378    -0.3402399031
v      1.078345871     0.6091300787    -0.4465739213
v      1.078345871     0.7154640969    -0.5749937622
v      1.078345871     0.7960058706    -0.7217930036
v      1.078345871     0.8470489776    -0.8832652236
v      1.532396887      1.070975665        -0.962208
v      1.532396887      1.049116514     -1.177341829
v      1.532396887     0.9864677224     -1.378043962
v      1.532396887     0.8874222802     -1.559921409
v      1.532396887     0.7563731788     -1.718581179
v      1.532396887     0.5977134091      -1.84963028
v      1.532396887     0.4158359621     -1.948675722
v      1.532396887     0.2151338288     -2.011324514
v      1.532396887 -5.329070518e-18     -2.033183665
v      1.532396887    -0.2151338288     -2.011324514
v      1.532396887    -0.4158359621     -1.948675722
v      1.532396887    -0.5977134091      -1.84963028
v      1.532396887    -0.7563731788     -1.718581179
v      1.532396887    -0.8874222802     -1.559921409
v      1.532396887    -0.9864677224     -1.378043962
v      1.532396887     -1.049116514     -1.177341829
v      1.532396887     -1.070975665        -0.962208
v      1.532396887     -1.049116514    -0.7470741712
v      1.532396887    -0.9864677224    -0.5463720379
v      1.532396887    -0.8874222802    -0.3644945909
v      1.532396887    -0.7563731788    -0.2058348212
v      1.532396887    -0.5977134091   -0.07478571977
v      1.532396887    -0.4158359621    0.02425972242
v      1.532396887    -0.2151338288    0.08690851444
v      1.532396887 -5.773159728e-18     0.1087676653
v      1.532396887     0.2151338288    0.08690851444
v      1.532396887     0.4158359621    0.02425972242
v      1.532396887     0.5977134091   -0.07478571977
v      1.532396887     0.7563731788    -0.2058348212
v      1.532396887     0.8874222802    -0.3644945909
v      1.532396887     0.9864677224    -0.5463720379
v      1.532396887      1.049116514    -0.7470741712
v                2            1.151           -0.923
v                2      1.127598317     -1.154844466
v                2      1.060488871     -1.370841613
v                2     0.9543150705     -1.566348034
v                2     0.8137203224     -1.736720322
v                2     0.6433480341      -1.87731507
v                2     0.4478416128     -1.983488871
v                2     0.2318444656     -2.050598317
v                2                0           -2.074
v                2    -0.2318444656     -2.050598317
v                2    -0.4478416128     -1.983488871
v                2    -0.6433480341      -1.87731507
v                2    -0.8137203224     -1.736720322
v                2    -0.9543150705     -1.566348034
v                2     -1.060488871     -1.370841613
v                2     -1.127598317     -1.154844466
v                2           -1.151           -0.923
v                2     -1.127598317    -0.6911555344
v                2     -1.060488871    -0.4751583872
v                2    -0.9543150705    -0.2796519659
v                2    -0.8137203224    -0.1092796776
v                2    -0.6433480341    0.03131507047
v                2    -0.4478416128     0.1374888709
v                2    -0.2318444656     0.2045983165
v                2                0            0.228
v                2     0.2318444656     0.2045983165
v                2     0.4478416128     0.1374888709
v                2     0.6433480341    0.03131507047
v                2     0.8137203224    -0.1092796776
v                2     0.9543150705    -0.2796519659
v                2      1.060488871    -0.4751583872
v                2      1.127598317    -0.6911555344
v      2.684823392         1.302632         -0.85748
v      2.684823392      1.276147394     -1.119867506
v      2.684823392      1.200196993     -1.364319979
v      2.684823392      1.080035924     -1.585582291
v      2.684823392     0.9209193146     -1.778399315
v      2.684823392     0.7281022905     -1.937515924
v      2.684823392     0.5068399789     -2.057676993
v      2.684823392     0.2623875065     -2.133627394
v      2.684823392                0        -2.160112
v      2.684823392    -0.2623875065     -2.133627394
v      2.684823392    -0.5068399789     -2.057676993
v      2.684823392    -0.7281022905     -1.937515924
v      2.684823392    -0.9209193146     -1.778399315
v      2.684823392     -1.080035924     -1.585582291
v      2.684823392     -1.200196993     -1.364319979
v      2.684823392     -1.276147394     -1.119867506
v      2.684823392        -1.302632         -0.85748
v      2.684823392     -1.276147394    -0.5950924935
v      2.684823392     -1.200196993    -0.3506400211
v      2.684823392     -1.080035924    -0.1293777095
v      2.684823392    -0.9209193146    0.06343931457
v      2.684823392    -0.7281022905     0.2225559243
v      2.684823392    -0.5068399789      0.342716993
v      2.684823392    -0.2623875065     0.4186673938
v      2.684823392                0         0.445152
v      2.684823392     0.2623875065     0.4186673938
v      2.684823392     0.5068399789      0.342716993
v      2.684823392     0.7281022905     0.2225559243
v      2.684823392     0.9209193146    0.06343931457
v      2.684823392      1.080035924    -0.1293777095
v      2.684823392      1.200196993    -0.3506400211
v      2.684823392      1.276147394    -0.5950924935
v      3.665314969         1.664216         -0.70124
v      3.665314969      1.630379809     -1.036460912
v      3.665314969       1.53334713      -1.34876839
v      3.665314969      1.379831807     -1.631448594
v      3.665314969       1.17654768      -1.87778768
v      3.665314969     0.9302085942     -2.081071807
v      3.665314969     0.6475283905      -2.23458713
v      3.665314969     0.3352209116     -2.331619809
v      3.665314969                0        -2.365456
v      3.665314969    -0.3352209116     -2.331619809
v      3.665314969    -0.6475283905      -2.23458713
v      3.665314969    -0.9302085942     -2.081071807
v      3.665314969      -1.17654768      -1.87778768
v      3.665314969     -1.379831807     -1.631448594
v      3.665314969      -1.53334713      -1.34876839
v      3.665314969     -1.630379809     -1.036460912
v      3.665314969        -1.664216         -0.70124
v      3.665314969     -1.630379809    -0.3660190884
v      3.665314969      -1.53334713   -0.05371160955
v      3.665314969     -1.379831807     0.2289685942
v      3.665314969      -1.17654768     0.4753076804
v      3.665314969    -0.9302085942     0.6785918065
v      3.665314969    -0.6475283905     0.8321071302
v      3.665314969    -0.3352209116     0.9291398088
v      3.665314969                0         0.962976
v      3.665314969     0.3352209116     0.9291398088
v      3.665314969     0.6475283905     0.8321071302
v      3.665314969     0.9302085942     0.6785918065
v      3.665314969       1.17654768     0.4753076804
v      3.665314969      1.379831807     0.2289685942
v      3.665314969       1.53334713   -0.05371160955
v      3.665314969      1.630379809    -0.3660190884
v      4.733394849         2.095784         -0.51476
v      4.733394849      2.053173336    -0.9369111047
v      4.733394849      1.930977939     -1.330206817
v      4.733394849      1.737652698     -1.686192247
v      4.733394849      1.481652504     -1.996412504
v      4.733394849      1.171432247     -2.252412698
v      4.733394849     0.8154468172     -2.445737939
v      4.733394849     0.4221511047     -2.567933336
v      4.733394849                0        -2.610544
v      4.733394849    -0.4221511047     -2.567933336
v      4.733394849    -0.8154468172     -2.445737939
v      4.733394849     -1.171432247     -2.252412698
v      4.733394849     -1.481652504     -1.996412504
v      4.733394849     -1.737652698     -1.686192247
v      4.733394849     -1.930977939     -1.330206817
v      4.733394849     -2.053173336    -0.9369111047
v      4.733394849        -2.095784         -0.51476
v      4.733394849     -2.053173336   -0.09260889527
v      4.733394849     -1.930977939     0.3006868172
v      4.733394849     -1.737652698      0.656672247
v      4.733394849     -1.481652504     0.9668925041
v      4.733394849     -1.171432247      1.222892698
v      4.733394849    -0.8154468172      1.416217939
v      4.733394849    -0.4221511047      1.538413336
v      4.733394849                0         1.581024
v      4.733394849     0.4221511047      1.538413336
v      4.733394849     0.8154468172      1.416217939
v      4.733394849      1.171432247      1.222892698
v      4.733394849      1.481652504     0.9668925041
v      4.733394849      1.737652698      0.656672247
v      4.733394849      1.930977939     0.3006868172
v      4.733394849      2.053173336   -0.09260889527
v      5.680983153         2.457368         -0.35852
v      5.680983153      2.407405751    -0.8535045098
v      5.680983153      2.264128076     -1.314655229
v      5.680983153       2.03744858     -1.732058551
v      5.680983153       1.73728087      -2.09580087
v      5.680983153      1.373538551      -2.39596858
v      5.680983153     0.9561352287     -2.622648076
v      5.680983153     0.4949845098     -2.765925751
v      5.680983153                0        -2.815888
v      5.680983153    -0.4949845098     -2.765925751
v      5.680983153    -0.9561352287     -2.622648076
v      5.680983153     -1.373538551      -2.39596858
v      5.680983153      -1.73728087      -2.09580087
v      5.680983153      -2.03744858     -1.732058551
v      5.680983153     -2.264128076     -1.314655229
v      5.680983153     -2.407405751    -0.8535045098
v      5.680983153        -2.457368         -0.35852
v      5.680983153     -2.407405751     0.1364645098
v      5.680983153     -2.264128076     0.5976152287
v      5.680983153      -2.03744858      1.015018551
v      5.680983153      -1.73728087       1.37876087
v      5.680983153     -1.373538551       1.67892858
v      5.680983153    -0.9561352287      1.905608076
v      5.680983153    -0.4949845098      2.048885751
v      5.680983153                0         2.098848
v      5.680983153     0.4949845098      2.048885751
v      5.680983153     0.9561352287      1.905608076
v      5.680983153      1.373538551       1.67892858
v      5.680983153       1.73728087       1.37876087
v      5.680983153       2.03744858      1.015018551
v      5.680983153      2.264128076     0.5976152287
v      5.680983153      2.407405751     0.1364645098
v              6.3            2.609           -0.293
v              6.3      2.555954829    -0.8185275507
v              6.3      2.403836198     -1.308133595
v              6.3      2.163169434     -1.751292807
v              6.3      1.844479862     -2.137479862
v              6.3      1.458292807     -2.456169434
v              6.3      1.015133595     -2.696836198
v              6.3     0.5255275507     -2.848954829
v              6.3                0           -2.902
v              6.3    -0.5255275507     -2.848954829
v              6.3     -1.015133595     -2.696836198
v              6.3     -1.458292807     -2.456169434
v              6.3     -1.844479862     -2.137479862
v              6.3     -2.163169434     -1.751292807
v              6.3     -2.403836198     -1.308133595
v              6.3     -2.555954829    -0.8185275507
v              6.3           -2.609           -0.293
v              6.3     -2.555954829     0.2325275507
v              6.3     -2.403836198     0.7221335948
v              6.3     -2.163169434      1.165292807
v              6.3     -1.844479862      1.551479862
v              6.3     -1.458292807      1.870169434
v              6.3     -1.015133595      2.110836198
v              6.3    -0.5255275507      2.262954829
v              6.3                0            2.316
v              6.3     0.5255275507      2.262954829
v              6.3      1.015133595      2.110836198
v              6.3      1.458292807      1.870169434
v              6.3      1.844479862      1.551479862
v              6.3      2.163169434      1.165292807
v              6.3      2.403836198     0.7221335948
v              6.3      2.555954829     0.2325275507
v      6.682578156         2.641916        -0.287696
v      6.682578156      2.588201593    -0.8170571422
v      6.682578156      2.434163784      -1.31023474
v      6.682578156       2.19046069     -1.756626687
v      6.682578156      1.867750425      -2.14563088
v      6.682578156      1.476691108     -2.466645212
v      6.682578156      1.027940853      -2.70906758
v      6.682578156     0.5321577787     -2.862295877
v      6.682578156                0        -2.915728
v      6.682578156    -0.5321577787     -2.862295877
v      6.682578156     -1.027940853      -2.70906758
v      6.682578156     -1.476691108     -2.466645212
v      6.682578156     -1.867750425      -2.14563088
v      6.682578156      -2.19046069     -1.756626687
v      6.682578156     -2.434163784      -1.31023474
v      6.682578156     -2.588201593    -0.8170571422
v      6.682578156        -2.641916        -0.287696
v      6.682578156     -2.588201593     0.2416651422
v      6.682578156     -2.434163784     0.7348427396
v      6.682578156      -2.19046069      1.181234687
v      6.682578156     -1.867750425       1.57023888
v      6.682578156     -1.476691108      1.891253212
v      6.682578156     -1.027940853       2.13367558
v      6.682578156    -0.5321577787      2.286903877
v      6.682578156                0         2.340336
v      6.682578156     0.5321577787      2.286903877
v      6.682578156      1.027940853       2.13367558
v      6.682578156      1.476691108      1.891253212
v      6.682578156      1.867750425       1.57023888
v      6.682578156       2.19046069      1.181234687
v      6.682578156      2.434163784     0.7348427396
v      6.682578156      2.588201593     0.2416651422
v      7.061289078         2.720408        -0.275048
v      7.061289078      2.665097725    -0.8135507836
v      7.061289078      2.506483413     -1.315245162
v      7.061289078      2.255539837     -1.769345939
v      7.061289078      1.923241768     -2.165067921
v      7.061289078      1.520563978     -2.491625913
v      7.061289078      1.058481239     -2.738234721
v      7.061289078     0.5479683224     -2.894109148
v      7.061289078                0        -2.948464
v      7.061289078    -0.5479683224     -2.894109148
v      7.061289078     -1.058481239     -2.738234721
v      7.061289078     -1.520563978     -2.491625913
v      7.061289078     -1.923241768     -2.165067921
v      7.061289078     -2.255539837     -1.769345939
v      7.061289078     -2.506483413     -1.315245162
v      7.061289078     -2.665097725    -0.8135507836
v      7.061289078        -2.720408        -0.275048
v      7.061289078     -2.665097725     0.2634547836
v      7.061289078     -2.506483413     0.7651491616
v      7.061289078     -2.255539837      1.219249939
v      7.061289078     -1.923241768      1.614971921
v      7.061289078     -1.520563978      1.941529913
v      7.061289078     -1.058481239      2.188138721
v      7.061289078    -0.5479683224      2.344013148
v      7.061289078                0         2.398368
v      7.061289078     0.5479683224      2.344013148
v      7.061289078      1.058481239      2.188138721
v      7.061289078      1.520563978      1.941529913
v      7.061289078      1.923241768      1.614971921
v      7.061289078      2.255539837      1.219249939
v      7.061289078      2.506483413     0.7651491616
v      7.061289078      2.665097725     0.2634547836
v      7.438710922         2.814092        -0.259952
v      7.438710922      2.756876978    -0.8093657749
v      7.438710922      2.592800389     -1.321225343
v      7.438710922      2.333214948     -1.784526982
v      7.438710922      1.989473371     -2.188266971
v      7.438710922      1.572928372     -2.521441589
v      7.438710922      1.094932667     -2.773047114
v      7.438710922     0.5668389713     -2.932079825
v      7.438710922                0        -2.987536
v      7.438710922    -0.5668389713     -2.932079825
v      7.438710922     -1.094932667     -2.773047114
v      7.438710922     -1.572928372     -2.521441589
v      7.438710922     -1.989473371     -2.188266971
v      7.438710922     -2.333214948     -1.784526982
v      7.438710922     -2.592800389     -1.321225343
v      7.438710922     -2.756876978    -0.8093657749
v      7.438710922        -2.814092        -0.259952
v      7.438710922     -2.756876978     0.2894617749
v      7.438710922     -2.592800389     0.8013213427
v      7.438710922     -2.333214948      1.264622982
v      7.438710922     -1.989473371      1.668362971
v      7.438710922     -1.572928372      2.001537589
v      7.438710922     -1.094932667      2.253143114
v      7.438710922    -0.5668389713      2.412175825
v      7.438710922                0         2.467632
v      7.438710922     0.5668389713      2.412175825
v      7.438710922      1.094932667      2.253143114
v      7.438710922      1.572928372      2.001537589
v      7.438710922      1.989473371      1.668362971
v      7.438710922      2.333214948      1.264622982
v      7.438710922      2.592800389     0.8013213427
v      7.438710922      2.756876978     0.2894617749
v      7.817421844         2.892584        -0.247304
v      7.817421844      2.833773109    -0.8058594163
v      7.817421844      2.665120018     -1.326235765
v      7.817421844      2.398294095     -1.797246234
v      7.817421844      2.044964713     -2.207704013
v      7.817421844      1.616801242      -2.54642229
v      7.817421844      1.125473053     -2.802214255
v      7.817421844      0.582649515     -2.963893095
v      7.817421844                0        -3.020272
v      7.817421844     -0.582649515     -2.963893095
v      7.817421844     -1.125473053     -2.802214255
v      7.817421844     -1.616801242      -2.54642229
v      7.817421844     -2.044964713     -2.207704013
v      7.817421844     -2.398294095     -1.797246234
v      7.817421844     -2.665120018     -1.326235765
v      7.817421844     -2.833773109    -0.8058594163
v      7.817421844        -2.892584        -0.247304
v      7.817421844     -2.833773109     0.3112514163
v      7.817421844     -2.665120018     0.8316277648
v      7.817421844     -2.398294095      1.302638234
v      7.817421844     -2.044964713      1.713096013
v      7.817421844     -1.616801242       2.05181429
v      7.817421844     -1.125473053      2.307606255
v      7.817421844     -0.582649515      2.469285095
v      7.817421844                0         2.525664
v      7.817421844      0.582649515      2.469285095
v      7.817421844      1.125473053      2.307606255
v      7.817421844      1.616801242       2.05181429
v      7.817421844      2.044964713      1.713096013
v      7.817421844      2.398294095      1.302638234
v      7.817421844      2.665120018     0.8316277648
v      7.817421844      2.833773109     0.3112514163
v              8.2           2.9255           -0.242
v              8.2      2.866019874    -0.8043890078
v              8.2      2.695447604     -1.328336909
v              8.2      2.425585351     -1.802580114
v              8.2      2.068235277     -2.215855031
v              8.2      1.635199543     -2.556898068
v              8.2      1.138280311     -2.814445636
v              8.2      0.589279743     -2.977234144
v              8.2                0           -3.034
v              8.2     -0.589279743     -2.977234144
v              8.2     -1.138280311     -2.814445636
v              8.2     -1.635199543     -2.556898068
v              8.2     -2.068235277     -2.215855031
v              8.2     -2.425585351     -1.802580114
v              8.2     -2.695447604     -1.328336909
v              8.2     -2.866019874    -0.8043890078
v              8.2          -2.9255           -0.242
v              8.2     -2.866019874     0.3203890078
v              8.2     -2.695447604     0.8443369095
v              8.2     -2.425585351      1.318580114
v              8.2     -2.068235277      1.731855031
v              8.2     -1.635199543      2.072898068
v              8.2     -1.138280311      2.330445636
v              8.2     -0.589279743      2.493234144
v              8.2                0             2.55
v              8.2      0.589279743      2.493234144
v              8.2      1.138280311      2.330445636
v              8.2      1.635199543      2.072898068
v              8.2      2.068235277      1.731855031
v              8.2      2.425585351      1.318580114
v              8.2      2.695447604     0.8443369095
v              8.2      2.866019874     0.3203890078
v      8.604133327         2.938448        -0.216832
v      8.604133327       2.87870462    -0.7846257435
v      8.604133327      2.707377412      -1.31360895
v      8.604133327      2.436320773     -1.792409781
v      8.604133327        2.0773891       -2.2096564
v      8.604133327      1.642436789     -2.553976968
v      8.604133327      1.143318237      -2.81399965
v      8.604133327     0.5918878422     -2.978352606
v      8.604133327                0        -3.035664
v      8.604133327    -0.5918878422     -2.978352606
v      8.604133327     -1.143318237      -2.81399965
v      8.604133327     -1.642436789     -2.553976968
v      8.604133327       -2.0773891       -2.2096564
v      8.604133327     -2.436320773     -1.792409781
v      8.604133327     -2.707377412      -1.31360895
v      8.604133327      -2.87870462    -0.7846257435
v      8.604133327        -2.938448        -0.216832
v      8.604133327      -2.87870462     0.3509617435
v      8.604133327     -2.707377412     0.8799449496
v      8.604133327     -2.436320773      1.358745781
v      8.604133327       -2.0773891        1.7759924
v      8.604133327     -1.642436789      2.120312968
v      8.604133327     -1.143318237       2.38033565
v      8.604133327    -0.5918878422      2.544688606
v      8.604133327                0            2.602
v      8.604133327     0.5918878422      2.544688606
v      8.604133327      1.143318237       2.38033565
v      8.604133327      1.642436789      2.120312968
v      8.604133327        2.0773891        1.7759924
v      8.604133327      2.436320773      1.358745781
v      8.604133327      2.707377412     0.8799449496
v      8.604133327       2.87870462     0.3509617435
v      9.037954589         2.969324        -0.156816
v      9.037954589      2.908952862    -0.7374979592
v      9.037954589      2.735825418      -1.27848843
v      9.037954589      2.461920628     -1.768157448
v      9.037954589      2.099217448     -2.194875049
v      9.037954589      1.659694838     -2.547011269
v      9.037954589      1.155331754     -2.812936143
v      9.037954589     0.5981071556     -2.981019708
v      9.037954589                0        -3.039632
v      9.037954589    -0.5981071556     -2.981019708
v      9.037954589     -1.155331754     -2.812936143
v      9.037954589     -1.659694838     -2.547011269
v      9.037954589     -2.099217448     -2.194875049
v      9.037954589     -2.461920628     -1.768157448
v      9.037954589     -2.735825418      -1.27848843
v      9.037954589     -2.908952862    -0.7374979592
v      9.037954589        -2.969324        -0.156816
v      9.037954589     -2.908952862     0.4238659592
v      9.037954589     -2.735825418     0.9648564298
v      9.037954589     -2.461920628      1.454525448
v      9.037954589     -2.099217448      1.881243049
v      9.037954589     -1.659694838      2.233379269
v      9.037954589     -1.155331754      2.499304143
v      9.037954589    -0.5981071556      2.667387708
v      9.037954589                0            2.726
v      9.037954589     0.5981071556      2.667387708
v      9.037954589      1.155331754      2.499304143
v      9.037954589      1.659694838      2.233379269
v      9.037954589      2.099217448      1.881243049
v      9.037954589      2.461920628      1.454525448
v      9.037954589      2.735825418     0.9648564298
v      9.037954589      2.908952862     0.4238659592
v      9.489709189         3.006176        -0.085184
v      9.489709189      2.945055601    -0.6812486683
v      9.489709189      2.769779489      -1.23657039
v      9.489709189      2.492475292     -1.739211115
v      9.489709189      2.125270638     -2.177232791
v      9.489709189      1.680293154     -2.538697369
v      9.489709189      1.169670467     -2.811666797
v      9.489709189      0.605530207     -2.984203024
v      9.489709189                0        -3.044368
v      9.489709189     -0.605530207     -2.984203024
v      9.489709189     -1.169670467     -2.811666797
v      9.489709189     -1.680293154     -2.538697369
v      9.489709189     -2.125270638     -2.177232791
v      9.489709189     -2.492475292     -1.739211115
v      9.489709189     -2.769779489      -1.23657039
v      9.489709189     -2.945055601    -0.6812486683
v      9.489709189        -3.006176        -0.085184
v      9.489709189     -2.945055601     0.5108806683
v      9.489709189     -2.769779489       1.06620239
v      9.489709189     -2.492475292      1.568843115
v      9.489709189     -2.125270638      2.006864791
v      9.489709189     -1.680293154      2.368329369
v      9.489709189     -1.169670467      2.641298797
v      9.489709189     -0.605530207      2.813835024
v      9.489709189                0            2.874
v      9.489709189      0.605530207      2.813835024
v      9.489709189      1.169670467      2.641298797
v      9.489709189      1.680293154      2.368329369
v      9.489709189      2.125270638      2.006864791
v      9.489709189      2.492475292      1.568843115
v      9.489709189      2.769779489       1.06620239
v      9.489709189      2.945055601     0.5108806683
v      9.947642526         3.037052        -0.025168
v      9.947642526      2.975303842     -0.634120884
v      9.947642526      2.798227495      -1.20144987
v      9.947642526      2.518075146     -1.714958782
v      9.947642526      2.147098986      -2.16245144
v      9.947642526      1.697551202     -2.531731669
v      9.947642526      1.181683984      -2.81060329
v      9.947642526     0.6117495204     -2.986870126
v      9.947642526                0        -3.048336
v      9.947642526    -0.6117495204     -2.986870126
v      9.947642526     -1.181683984      -2.81060329
v      9.947642526     -1.697551202     -2.531731669
v      9.947642526     -2.147098986      -2.16245144
v      9.947642526     -2.518075146     -1.714958782
v      9.947642526     -2.798227495      -1.20144987
v      9.947642526     -2.975303842     -0.634120884
v      9.947642526        -3.037052        -0.025168
v      9.947642526     -2.975303842      0.583784884
v      9.947642526     -2.798227495       1.15111387
v      9.947642526     -2.518075146      1.664622782
v      9.947642526     -2.147098986       2.11211544
v      9.947642526     -1.697551202      2.481395669
v      9.947642526     -1.181683984       2.76026729
v      9.947642526    -0.6117495204      2.936534126
v      9.947642526                0            2.998
v      9.947642526     0.6117495204      2.936534126
v      9.947642526      1.181683984       2.76026729
v      9.947642526      1.697551202      2.481395669
v      9.947642526      2.147098986       2.11211544
v      9.947642526      2.518075146      1.664622782
v      9.947642526      2.798227495       1.15111387
v      9.947642526      2.975303842      0.583784884
v             10.4             3.05                0
v             10.4      2.987988589    -0.6143576196
v             10.4      2.810157303      -1.18672191
v             10.4      2.528810569     -1.704788448
v             10.4      2.156252809     -2.156252809
v             10.4      1.704788448     -2.528810569
v             10.4       1.18672191     -2.810157303
v             10.4     0.6143576196     -2.987988589
v             10.4                0            -3.05
v             10.4    -0.6143576196     -2.987988589
v             10.4      -1.18672191     -2.810157303
v             10.4     -1.704788448     -2.528810569
v             10.4     -2.156252809     -2.156252809
v             10.4     -2.528810569     -1.704788448
v             10.4     -2.810157303      -1.18672191
v             10.4     -2.987988589    -0.6143576196
v             10.4            -3.05                0
v             10.4     -2.987988589     0.6143576196
v             10.4     -2.810157303       1.18672191
v             10.4     -2.528810569      1.704788448
v             10.4     -2.156252809      2.156252809
v             10.4     -1.704788448      2.528810569
v             10.4      -1.18672191      2.810157303
v             10.4    -0.6143576196      2.987988589
v             10.4                0             3.05
v             10.4     0.6143576196      2.987988589
v             10.4       1.18672191      2.810157303
v             10.4      1.704788448      2.528810569
v             10.4      2.156252809      2.156252809
v             10.4      2.528810569      1.704788448
v             10.4      2.810157303       1.18672191
v             10.4      2.987988589     0.6143576196
v      11.16681686             3.05                0
v      11.16681686      2.987988589    -0.6143576196
v      11.16681686      2.810157303      -1.18672191
v      11.16681686      2.528810569     -1.704788448
v      11.16681686      2.156252809     -2.156252809
v      11.16681686      1.704788448     -2.528810569
v      11.16681686       1.18672191     -2.810157303
v      11.16681686     0.6143576196     -2.987988589
v      11.16681686                0            -3.05
v      11.16681686    -0.6143576196     -2.987988589
v      11.16681686      -1.18672191     -2.810157303
v      11.16681686     -1.704788448     -2.528810569
v      11.16681686     -2.156252809     -2.156252809
v      11.16681686     -2.528810569     -1.704788448
v      11.16681686     -2.810157303      -1.18672191
v      11.16681686     -2.987988589    -0.6143576196
v      11.16681686            -3.05                0
v      11.16681686     -2.987988589     0.6143576196
v      11.16681686     -2.810157303       1.18672191
v      11.16681686     -2.528810569      1.704788448
v      11.16681686     -2.156252809      2.156252809
v      11.16681686     -1.704788448      2.528810569
v      11.16681686      -1.18672191      2.810157303
v      11.16681686    -0.6143576196      2.987988589
v      11.16681686                0             3.05
v      11.16681686     0.6143576196      2.987988589
v      11.16681686       1.18672191      2.810157303
v      11.16681686      1.704788448      2.528810569
v      11.16681686      2.156252809      2.156252809
v      11.16681686      2.528810569      1.704788448
v      11.16681686      2.810157303       1.18672191
v      11.16681686      2.987988589     0.6143576196
v      12.42966897             3.05                0
v      12.42966897      2.987988589    -0.6143576196
v      12.42966897      2.810157303      -1.18672191
v      12.42966897      2.528810569     -1.704788448
v      12.42966897      2.156252809     -2.156252809
v      12.42966897      1.704788448     -2.528810569
v      12.42966897       1.18672191     -2.810157303
v      12.42966897     0.6143576196     -2.987988589
v      12.42966897                0            -3.05
v      12.42966897    -0.6143576196     -2.987988589
v      12.42966897      -1.18672191     -2.810157303
v      12.42966897     -1.704788448     -2.528810569
v      12.42966897     -2.156252809     -2.156252809
v      12.42966897     -2.528810569     -1.704788448
v      12.42966897     -2.810157303      -1.18672191
v      12.42966897     -2.987988589    -0.6143576196
v      12.42966897            -3.05                0
v      12.42966897     -2.987988589     0.6143576196
v      12.42966897     -2.810157303       1.18672191
v      12.42966897     -2.528810569      1.704788448
v      12.42966897     -2.156252809      2.156252809
v      12.42966897     -1.704788448      2.528810569
v      12.42966897      -1.18672191      2.810157303
v      12.42966897    -0.6143576196      2.987988589
v      12.42966897                0             3.05
v      12.42966897     0.6143576196      2.987988589
v      12.42966897       1.18672191      2.810157303
v      12.42966897      1.704788448      2.528810569
v      12.42966897      2.156252809      2.156252809
v      12.42966897      2.528810569      1.704788448
v      12.42966897      2.810157303       1.18672191
v      12.42966897      2.987988589     0.6143576196
v      13.96911264             3.05                0
v      13.96911264      2.987988589    -0.6143576196
v      13.96911264      2.810157303      -1.18672191
v      13.96911264      2.528810569     -1.704788448
v      13.96911264      2.156252809     -2.156252809
v      13.96911264      1.704788448     -2.528810569
v      13.96911264       1.18672191     -2.810157303
v      13.96911264     0.6143576196     -2.987988589
v      13.96911264                0            -3.05
v      13.96911264    -0.6143576196     -2.987988589
v      13.96911264      -1.18672191     -2.810157303
v      13.96911264     -1.704788448     -2.528810569
v      13.96911264     -2.156252809     -2.156252809
v      13.96911264     -2.528810569     -1.704788448
v      13.96911264     -2.810157303      -1.18672191
v      13.96911264     -2.987988589    -0.6143576196
v      13.96911264            -3.05                0
v      13.96911264     -2.987988589     0.6143576196
v      13.96911264     -2.810157303       1.18672191
v      13.96911264     -2.528810569      1.704788448
v      13.96911264     -2.156252809      2.156252809
v      13.96911264     -1.704788448      2.528810569
v      13.96911264      -1.18672191      2.810157303
v      13.96911264    -0.6143576196      2.987988589
v      13.96911264                0             3.05
v      13.96911264     0.6143576196      2.987988589
v      13.96911264       1.18672191      2.810157303
v      13.96911264      1.704788448      2.528810569
v      13.96911264      2.156252809      2.156252809
v      13.96911264      2.528810569      1.704788448
v      13.96911264      2.810157303       1.18672191
v      13.96911264      2.987988589     0.6143576196
v      15.56570421             3.05                0
v      15.56570421      2.987988589    -0.6143576196
v      15.56570421      2.810157303      -1.18672191
v      15.56570421      2.528810569     -1.704788448
v      15.56570421      2.156252809     -2.156252809
v      15.56570421      1.704788448     -2.528810569
v      15.56570421       1.18672191     -2.810157303
v      15.56570421     0.6143576196     -2.987988589
v      15.56570421                0            -3.05
v      15.56570421    -0.6143576196     -2.987988589
v      15.56570421      -1.18672191     -2.810157303
v      15.56570421     -1.704788448     -2.528810569
v      15.56570421     -2.156252809     -2.156252809
v      15.56570421     -2.528810569     -1.704788448
v      15.56570421     -2.810157303      -1.18672191
v      15.56570421     -2.987988589    -0.6143576196
v      15.56570421            -3.05                0
v      15.56570421     -2.987988589     0.6143576196
v      15.56570421     -2.810157303       1.18672191
v      15.56570421     -2.528810569      1.704788448
v      15.56570421     -2.156252809      2.156252809
v      15.56570421     -1.704788448      2.528810569
v      15.56570421      -1.18672191      2.810157303
v      15.56570421    -0.6143576196      2.987988589
v      15.56570421                0             3.05
v      15.56570421     0.6143576196      2.987988589
v      15.56570421       1.18672191      2.810157303
v      15.56570421      1.704788448      2.528810569
v      15.56570421      2.156252809      2.156252809
v      15.56570421      2.528810569      1.704788448
v      15.56570421      2.810157303       1.18672191
v      15.56570421      2.987988589     0.6143576196
v               17             3.05                0
v               17      2.987988589    -0.6143576196
v               17      2.810157303      -1.18672191
v               17      2.528810569     -1.704788448
v               17      2.156252809     -2.156252809
v               17      1.704788448     -2.528810569
v               17       1.18672191     -2.810157303
v               17     0.6143576196     -2.987988589
v               17                0            -3.05
v               17    -0.6143576196     -2.987988589
v               17      -1.18672191     -2.810157303
v               17     -1.704788448     -2.528810569
v               17     -2.156252809     -2.156252809
v               17     -2.528810569     -1.704788448
v               17     -2.810157303      -1.18672191
v               17     -2.987988589    -0.6143576196
v               17            -3.05                0
v               17     -2.987988589     0.6143576196
v               17     -2.810157303       1.18672191
v               17     -2.528810569      1.704788448
v               17     -2.156252809      2.156252809
v               17     -1.704788448      2.528810569
v               17      -1.18672191      2.810157303
v               17    -0.6143576196      2.987988589
v               17                0             3.05
v               17     0.6143576196      2.987988589
v               17       1.18672191      2.810157303
v               17      1.704788448      2.528810569
v               17      2.156252809      2.156252809
v               17      2.528810569      1.704788448
v               17      2.810157303       1.18672191
v               17      2.987988589     0.6143576196
v            18.28             3.05                0
v            18.28      2.987988589    -0.6143576196
v            18.28      2.810157303      -1.18672191
v            18.28      2.528810569     -1.704788448
v            18.28      2.156252809     -2.156252809
v            18.28      1.704788448     -2.528810569
v            18.28       1.18672191     -2.810157303
v            18.28     0.6143576196     -2.987988589
v            18.28                0            -3.05
v            18.28    -0.6143576196     -2.987988589
v            18.28      -1.18672191     -2.810157303
v            18.28     -1.704788448     -2.528810569
v            18.28     -2.156252809     -2.156252809
v            18.28     -2.528810569     -1.704788448
v            18.28     -2.810157303      -1.18672191
v            18.28     -2.987988589    -0.6143576196
v            18.28            -3.05                0
v            18.28     -2.987988589     0.6143576196
v            18.28     -2.810157303       1.18672191
v            18.28     -2.528810569      1.704788448
v            18.28     -2.156252809      2.156252809
v            18.28     -1.704788448      2.528810569
v            18.28      -1.18672191      2.810157303
v            18.28    -0.6143576196      2.987988589
v            18.28                0             3.05
v            18.28     0.6143576196      2.987988589
v            18.28       1.18672191      2.810157303
v            18.28      1.704788448      2.528810569
v            18.28      2.156252809      2.156252809
v            18.28      2.528810569      1.704788448
v            18.28      2.810157303       1.18672191
v            18.28      2.987988589     0.6143576196
v            19.56             3.05                0
v            19.56      2.987988589    -0.6143576196
v            19.56      2.810157303      -1.18672191
v            19.56      2.528810569     -1.704788448
v            19.56      2.156252809     -2.156252809
v            19.56      1.704788448     -2.528810569
v            19.56       1.18672191     -2.810157303
v            19.56     0.6143576196     -2.987988589
v            19.56                0            -3.05
v            19.56    -0.6143576196     -2.987988589
v            19.56      -1.18672191     -2.810157303
v            19.56     -1.704788448     -2.528810569
v            19.56     -2.156252809     -2.156252809
v            19.56     -2.528810569     -1.704788448
v            19.56     -2.810157303      -1.18672191
v            19.56     -2.987988589    -0.6143576196
v            19.56            -3.05                0
v            19.56     -2.987988589     0.6143576196
v            19.56     -2.810157303       1.18672191
v            19.56     -2.528810569      1.704788448
v            19.56     -2.156252809      2.156252809
v            19.56     -1.704788448      2.528810569
v            19.56      -1.18672191      2.810157303
v            19.56    -0.6143576196      2.987988589
v            19.56                0             3.05
v            19.56     0.6143576196      2.987988589
v            19.56       1.18672191      2.810157303
v            19.56      1.704788448      2.528810569
v            19.56      2.156252809      2.156252809
v            19.56      2.528810569      1.704788448
v            19.56      2.810157303       1.18672191
v            19.56      2.987988589     0.6143576196
v            20.84             3.05                0
v            20.84      2.987988589    -0.6143576196
v            20.84      2.810157303      -1.18672191
v            20.84      2.528810569     -1.704788448
v            20.84      2.156252809     -2.156252809
v            20.84      1.704788448     -2.528810569
v            20.84       1.18672191     -2.810157303
v            20.84     0.6143576196     -2.987988589
v            20.84                0            -3.05
v            20.84    -0.6143576196     -2.987988589
v            20.84      -1.18672191     -2.810157303
v            20.84     -1.704788448     -2.528810569
v            20.84     -2.156252809     -2.156252809
v            20.84     -2.528810569     -1.704788448
v            20.84     -2.810157303      -1.18672191
v            20.84     -2.987988589    -0.6143576196
v            20.84            -3.05                0
v            20.84     -2.987988589     0.6143576196
v            20.84     -2.810157303       1.18672191
v            20.84     -2.528810569      1.704788448
v            20.84     -2.156252809      2.156252809
v            20.84     -1.704788448      2.528810569
v            20.84      -1.18672191      2.810157303
v            20.84    -0.6143576196      2.987988589
v            20.84                0             3.05
v            20.84     0.6143576196      2.987988589
v            20.84       1.18672191      2.810157303
v            20.84      1.704788448      2.528810569
v            20.84      2.156252809      2.156252809
v            20.84      2.528810569      1.704788448
v            20.84      2.810157303       1.18672191
v            20.84      2.987988589     0.6143576196
v            22.12             3.05                0
v            22.12      2.987988589    -0.6143576196
v            22.12      2.810157303      -1.18672191
v            22.12      2.528810569     -1.704788448
v            22.12      2.156252809     -2.156252809
v            22.12      1.704788448     -2.528810569
v            22.12       1.18672191     -2.810157303
v            22.12     0.6143576196     -2.987988589
v            22.12                0            -3.05
v            22.12    -0.6143576196     -2.987988589
v            22.12      -1.18672191     -2.810157303
v            22.12     -1.704788448     -2.528810569
v            22.12     -2.156252809     -2.156252809
v            22.12     -2.528810569     -1.704788448
v            22.12     -2.810157303      -1.18672191
v            22.12     -2.987988589    -0.6143576196
v            22.12            -3.05                0
v            22.12     -2.987988589     0.6143576196
v            22.12     -2.810157303       1.18672191
v            22.12     -2.528810569      1.704788448
v            22.12     -2.156252809      2.156252809
v            22.12     -1.704788448      2.528810569
v            22.12      -1.18672191      2.810157303
v            22.12    -0.6143576196      2.987988589
v            22.12                0             3.05
v            22.12     0.6143576196      2.987988589
v            22.12       1.18672191      2.810157303
v            22.12      1.704788448      2.528810569
v            22.12      2.156252809      2.156252809
v            22.12      2.528810569      1.704788448
v            22.12      2.810157303       1.18672191
v            22.12      2.987988589     0.6143576196
v             23.4             3.05                0
v             23.4      2.987988589    -0.6143576196
v             23.4      2.810157303      -1.18672191
v             23.4      2.528810569     -1.704788448
v             23.4      2.156252809     -2.156252809
v             23.4      1.704788448     -2.528810569
v             23.4       1.18672191     -2.810157303
v             23.4     0.6143576196     -2.987988589
v             23.4                0            -3.05
v             23.4    -0.6143576196     -2.987988589
v             23.4      -1.18672191     -2.810157303
v             23.4     -1.704788448     -2.528810569
v             23.4     -2.156252809     -2.156252809
v             23.4     -2.528810569     -1.704788448
v             23.4     -2.810157303      -1.18672191
v             23.4     -2.987988589    -0.6143576196
v             23.4            -3.05                0
v             23.4     -2.987988589     0.6143576196
v             23.4     -2.810157303       1.18672191
v             23.4     -2.528810569      1.704788448
v             23.4     -2.156252809      2.156252809
v             23.4     -1.704788448      2.528810569
v             23.4      -1.18672191      2.810157303
v             23.4    -0.6143576196      2.987988589
v             23.4                0             3.05
v             23.4     0.6143576196      2.987988589
v             23.4       1.18672191      2.810157303
v             23.4      1.704788448      2.528810569
v             23.4      2.156252809      2.156252809
v             23.4      2.528810569      1.704788448
v             23.4      2.810157303       1.18672191
v             23.4      2.987988589     0.6143576196
v      24.76078874         2.976992         0.049608
v      24.76078874      2.916464959     -0.550043711
v      24.76078874       2.74289043      -1.10870729
v      24.76078874      2.468278306     -1.614372843
v      24.76078874       2.10463848      -2.05503048
v      24.76078874      1.663980843     -2.418670306
v      24.76078874       1.15831529      -2.69328243
v      24.76078874      0.599651711     -2.866856959
v      24.76078874                0        -2.927384
v      24.76078874     -0.599651711     -2.866856959
v      24.76078874      -1.15831529      -2.69328243
v      24.76078874     -1.663980843     -2.418670306
v      24.76078874      -2.10463848      -2.05503048
v      24.76078874     -2.468278306     -1.614372843
v      24.76078874      -2.74289043      -1.10870729
v      24.76078874     -2.916464959     -0.550043711
v      24.76078874        -2.976992         0.049608
v      24.76078874     -2.916464959      0.649259711
v      24.76078874      -2.74289043       1.20792329
v      24.76078874     -2.468278306      1.713588843
v      24.76078874      -2.10463848       2.15424648
v      24.76078874     -1.663980843      2.517886306
v      24.76078874      -1.15831529       2.79249843
v      24.76078874     -0.599651711      2.966072959
v      24.76078874                0           3.0266
v      24.76078874      0.599651711      2.966072959
v      24.76078874       1.15831529       2.79249843
v      24.76078874      1.663980843      2.517886306
v      24.76078874       2.10463848       2.15424648
v      24.76078874      2.468278306      1.713588843
v      24.76078874       2.74289043       1.20792329
v      24.76078874      2.916464959      0.649259711
v      26.23036621         2.802896         0.167904
v      26.23036621      2.745908611    -0.3966797753
v      26.23036621      2.582484808    -0.9226724249
v      26.23036621      2.323932141     -1.398766401
v      26.23036621      1.981558155     -1.813654155
v      26.23036621      1.566670401     -2.156028141
v      26.23036621      1.090576425     -2.414580808
v      26.23036621     0.5645837753     -2.578004611
v      26.23036621                0        -2.634992
v      26.23036621    -0.5645837753     -2.578004611
v      26.23036621     -1.090576425     -2.414580808
v      26.23036621     -1.566670401     -2.156028141
v      26.23036621     -1.981558155     -1.813654155
v      26.23036621     -2.323932141     -1.398766401
v      26.23036621     -2.582484808    -0.9226724249
v      26.23036621     -2.745908611    -0.3966797753
v      26.23036621        -2.802896         0.167904
v      26.23036621     -2.745908611     0.7324877753
v      26.23036621     -2.582484808      1.258480425
v      26.23036621     -2.323932141      1.734574401
v      26.23036621     -1.981558155      2.149462155
v      26.23036621     -1.566670401      2.491836141
v      26.23036621     -1.090576425      2.750388808
v      26.23036621    -0.5645837753      2.913812611
v      26.23036621                0           2.9708
v      26.23036621     0.5645837753      2.913812611
v      26.23036621      1.090576425      2.750388808
v      26.23036621      1.566670401      2.491836141
v      26.23036621      1.981558155      2.149462155
v      26.23036621      2.323932141      1.734574401
v      26.23036621      2.582484808      1.258480425
v      26.23036621      2.745908611     0.7324877753
v      27.72954932         2.595104         0.309096
v      27.72954932      2.542341357    -0.2136324971
v      27.72954932      2.391032937     -0.700630812
v      27.72954932      2.151648008     -1.141429679
v      27.72954932      1.834655833     -1.525559833
v      27.72954932      1.450525679     -1.842552008
v      27.72954932      1.009726812     -2.081936937
v      27.72954932     0.5227284971     -2.233245357
v      27.72954932                0        -2.286008
v      27.72954932    -0.5227284971     -2.233245357
v      27.72954932     -1.009726812     -2.081936937
v      27.72954932     -1.450525679     -1.842552008
v      27.72954932     -1.834655833     -1.525559833
v      27.72954932     -2.151648008     -1.141429679
v      27.72954932     -2.391032937     -0.700630812
v      27.72954932     -2.542341357    -0.2136324971
v      27.72954932        -2.595104         0.309096
v      27.72954932     -2.542341357     0.8318244971
v      27.72954932     -2.391032937      1.318822812
v      27.72954932     -2.151648008      1.759621679
v      27.72954932     -1.834655833      2.143751833
v      27.72954932     -1.450525679      2.460744008
v      27.72954932     -1.009726812      2.700128937
v      27.72954932    -0.5227284971      2.851437357
v      27.72954932                0           2.9042
v      27.72954932     0.5227284971      2.851437357
v      27.72954932      1.009726812      2.700128937
v      27.72954932      1.450525679      2.460744008
v      27.72954932      1.834655833      2.143751833
v      27.72954932      2.151648008      1.759621679
v      27.72954932      2.391032937      1.318822812
v      27.72954932      2.542341357     0.8318244971
v      29.17915495         2.421008         0.427392
v      29.17915495      2.371785009   -0.06026856128
v      29.17915495      2.230627316    -0.5145959472
v      29.17915495      2.007301842    -0.9258232366
v      29.17915495      1.711575509     -1.284183509
v      29.17915495      1.353215237     -1.579909842
v      29.17915495     0.9419879472     -1.803235316
v      29.17915495     0.4876605613     -1.944393009
v      29.17915495                0        -1.993616
v      29.17915495    -0.4876605613     -1.944393009
v      29.17915495    -0.9419879472     -1.803235316
v      29.17915495     -1.353215237     -1.579909842
v      29.17915495     -1.711575509     -1.284183509
v      29.17915495     -2.007301842    -0.9258232366
v      29.17915495     -2.230627316    -0.5145959472
v      29.17915495     -2.371785009   -0.06026856128
v      29.17915495        -2.421008         0.427392
v      29.17915495     -2.371785009     0.9150525613
v      29.17915495     -2.230627316      1.369379947
v      29.17915495     -2.007301842      1.780607237
v      29.17915495     -1.711575509      2.138967509
v      29.17915495     -1.353215237      2.434693842
v      29.17915495    -0.9419879472      2.658019316
v      29.17915495    -0.4876605613      2.799177009
v      29.17915495                0           2.8484
v      29.17915495     0.4876605613      2.799177009
v      29.17915495     0.9419879472      2.658019316
v      29.17915495      1.353215237      2.434693842
v      29.17915495      1.711575509      2.138967509
v      29.17915495      2.007301842      1.780607237
v      29.17915495      2.230627316      1.369379947
v      29.17915495      2.371785009     0.9150525613
v             30.5            2.348            0.477
v             30.5      2.300261379   0.004045347277
v             30.5      2.163360442    -0.4365813264
v             30.5      1.946769579    -0.8354076317
v             30.5      1.659961179     -1.182961179
v             30.5      1.312407632     -1.469769579
v             30.5     0.9135813264     -1.686360442
v             30.5     0.4729546527     -1.823261379
v             30.5                0           -1.871
v             30.5    -0.4729546527     -1.823261379
v             30.5    -0.9135813264     -1.686360442
v             30.5     -1.312407632     -1.469769579
v             30.5     -1.659961179     -1.182961179
v             30.5     -1.946769579    -0.8354076317
v             30.5     -2.163360442    -0.4365813264
v             30.5     -2.300261379   0.004045347277
v             30.5           -2.348            0.477
v             30.5     -2.300261379     0.9499546527
v             30.5     -2.163360442      1.390581326
v             30.5     -1.946769579      1.789407632
v             30.5     -1.659961179      2.136961179
v             30.5     -1.312407632      2.423769579
v             30.5    -0.9135813264      2.640360442
v             30.5    -0.4729546527      2.777261379
v             30.5                0            2.825
v             30.5     0.4729546527      2.777261379
v             30.5     0.9135813264      2.640360442
v             30.5      1.312407632      2.423769579
v             30.5      1.659961179      2.136961179
v             30.5      1.946769579      1.789407632
v             30.5      2.163360442      1.390581326
v             30.5      2.300261379     0.9499546527
v      31.72399913          2.22788         0.550008
v      31.72399913      2.182583612     0.1012489661
v      31.72399913      2.052686313    -0.3168359376
v      31.72399913      1.847175899    -0.6952589142
v      31.72399913      1.575040167     -1.025032167
v      31.72399913      1.245266914     -1.297167899
v      31.72399913     0.8668439376     -1.502678313
v      31.72399913     0.4487590339     -1.632575612
v      31.72399913                0        -1.677872
v      31.72399913    -0.4487590339     -1.632575612
v      31.72399913    -0.8668439376     -1.502678313
v      31.72399913     -1.245266914     -1.297167899
v      31.72399913     -1.575040167     -1.025032167
v      31.72399913     -1.847175899    -0.6952589142
v      31.72399913     -2.052686313    -0.3168359376
v      31.72399913     -2.182583612     0.1012489661
v      31.72399913         -2.22788         0.550008
v      31.72399913     -2.182583612     0.9987670339
v      31.72399913     -2.052686313      1.416851938
v      31.72399913     -1.847175899      1.795274914
v      31.72399913     -1.575040167      2.125048167
v      31.72399913     -1.245266914      2.397183899
v      31.72399913    -0.8668439376      2.602694313
v      31.72399913    -0.4487590339      2.732591612
v      31.72399913                0         2.777888
v      31.72399913     0.4487590339      2.732591612
v      31.72399913     0.8668439376      2.602694313
v      31.72399913      1.245266914      2.397183899
v      31.72399913      1.575040167      2.125048167
v      31.72399913      1.847175899      1.795274914
v      31.72399913      2.052686313      1.416851938
v      31.72399913      2.182583612     0.9987670339
v      32.93591293          1.94144         0.724104
v      32.93591293      1.901967398     0.3330422108
v      32.93591293       1.78877108   -0.03128924124
v      32.93591293      1.609683276    -0.3610581263
v      32.93591293      1.372536214    -0.6484322144
v      32.93591293      1.085162126    -0.8855792758
v      32.93591293     0.7553932412      -1.06466708
v      32.93591293     0.3910617892     -1.177863398
v      32.93591293                0        -1.217336
v      32.93591293    -0.3910617892     -1.177863398
v      32.93591293    -0.7553932412      -1.06466708
v      32.93591293     -1.085162126    -0.8855792758
v      32.93591293     -1.372536214    -0.6484322144
v      32.93591293     -1.609683276    -0.3610581263
v      32.93591293      -1.78877108   -0.03128924124
v      32.93591293     -1.901967398     0.3330422108
v      32.93591293         -1.94144         0.724104
v      32.93591293     -1.901967398      1.115165789
v      32.93591293      -1.78877108      1.479497241
v      32.93591293     -1.609683276      1.809266126
v      32.93591293     -1.372536214      2.096640214
v      32.93591293     -1.085162126      2.333787276
v      32.93591293    -0.7553932412       2.51287508
v      32.93591293    -0.3910617892      2.626071398
v      32.93591293                0         2.665544
v      32.93591293     0.3910617892      2.626071398
v      32.93591293     0.7553932412       2.51287508
v      32.93591293      1.085162126      2.333787276
v      32.93591293      1.372536214      2.096640214
v      32.93591293      1.609683276      1.809266126
v      32.93591293       1.78877108      1.479497241
v      32.93591293      1.901967398      1.115165789
v      34.13582717          1.59956         0.931896
v      34.13582717      1.567038369     0.6096986643
v      34.13582717      1.473775481     0.3095245577
v      34.13582717      1.326224339     0.0378266851
v      34.13582717      1.130837949    -0.1989419487
v      34.13582717     0.8940693149    -0.3943283389
v      34.13582717     0.6223714423    -0.5418794808
v      34.13582717     0.3221973357    -0.6351423694
v      34.13582717                0        -0.667664
v      34.13582717    -0.3221973357    -0.6351423694
v      34.13582717    -0.6223714423    -0.5418794808
v      34.13582717    -0.8940693149    -0.3943283389
v      34.13582717     -1.130837949    -0.1989419487
v      34.13582717     -1.326224339     0.0378266851
v      34.13582717     -1.473775481     0.3095245577
v      34.13582717     -1.567038369     0.6096986643
v      34.13582717         -1.59956         0.931896
v      34.13582717     -1.567038369      1.254093336
v      34.13582717     -1.473775481      1.554267442
v      34.13582717     -1.326224339      1.825965315
v      34.13582717     -1.130837949      2.062733949
v      34.13582717    -0.8940693149      2.258120339
v      34.13582717    -0.6223714423      2.405671481
v      34.13582717    -0.3221973357      2.498934369
v      34.13582717                0         2.531456
v      34.13582717     0.3221973357      2.498934369
v      34.13582717     0.6223714423      2.405671481
v      34.13582717     0.8940693149      2.258120339
v      34.13582717      1.130837949      2.062733949
v      34.13582717      1.326224339      1.825965315
v      34.13582717      1.473775481      1.554267442
v      34.13582717      1.567038369      1.254093336
v       35.3238276          1.31312         1.105992
v       35.3238276      1.286422156      0.841491909
v       35.3238276      1.209860249     0.5950712541
v       35.3238276      1.088731716      0.372027473
v       35.3238276     0.9283339964     0.1776580036
v       35.3238276      0.733964527    0.01726028381
v       35.3238276     0.5109207459    -0.1038682486
v       35.3238276      0.264500091    -0.1804301559
v       35.3238276                0        -0.207128
v       35.3238276     -0.264500091    -0.1804301559
v       35.3238276    -0.5109207459    -0.1038682486
v       35.3238276     -0.733964527    0.01726028381
v       35.3238276    -0.9283339964     0.1776580036
v       35.3238276     -1.088731716      0.372027473
v       35.3238276     -1.209860249     0.5950712541
v       35.3238276     -1.286422156      0.841491909
v       35.3238276         -1.31312         1.105992
v       35.3238276     -1.286422156      1.370492091
v       35.3238276     -1.209860249      1.616912746
v       35.3238276     -1.088731716      1.839956527
v       35.3238276    -0.9283339964      2.034325996
v       35.3238276     -0.733964527      2.194723716
v       35.3238276    -0.5109207459      2.315852249
v       35.3238276     -0.264500091      2.392414156
v       35.3238276                0         2.419112
v       35.3238276      0.264500091      2.392414156
v       35.3238276     0.5109207459      2.315852249
v       35.3238276      0.733964527      2.194723716
v       35.3238276     0.9283339964      2.034325996
v       35.3238276      1.088731716      1.839956527
v       35.3238276      1.209860249      1.616912746
v       35.3238276      1.286422156      1.370492091
v             36.5            1.193            1.179
v             36.5      1.168744389     0.9386955278
v             36.5      1.099186119     0.7148166429
v             36.5     0.9891380357     0.5121761905
v             36.5     0.8434129841     0.3355870159
v             36.5     0.6668238095     0.1898619643
v             36.5     0.4641833571    0.07981388097
v             36.5     0.2403044722    0.01025561112
v             36.5                0           -0.014
v             36.5    -0.2403044722    0.01025561112
v             36.5    -0.4641833571    0.07981388097
v             36.5    -0.6668238095     0.1898619643
v             36.5    -0.8434129841     0.3355870159
v             36.5    -0.9891380357     0.5121761905
v             36.5     -1.099186119     0.7148166429
v             36.5     -1.168744389     0.9386955278
v             36.5           -1.193            1.179
v             36.5     -1.168744389      1.419304472
v             36.5     -1.099186119      1.643183357
v             36.5    -0.9891380357      1.845823809
v             36.5    -0.8434129841      2.022412984
v             36.5    -0.6668238095      2.168138036
v             36.5    -0.4641833571      2.278186119
v             36.5    -0.2403044722      2.347744389
v             36.5                0            2.372
v             36.5     0.2403044722      2.347744389
v             36.5     0.4641833571      2.278186119
v             36.5     0.6668238095      2.168138036
v             36.5     0.8434129841      2.022412984
v             36.5     0.9891380357      1.845823809
v             36.5      1.099186119      1.643183357
v             36.5      1.168744389      1.419304472
v      37.74248152      1.168230143         1.238384
v      37.74248152      1.144266696      1.004549016
v      37.74248152      1.075639127     0.7860132066
v      37.74248152     0.9672415951     0.5876707297
v      37.74248152     0.8239682568     0.4144157432
v      37.74248152     0.6507132703     0.2711424049
v      37.74248152     0.4523707934     0.1627448727
v      37.74248152     0.2338349841     0.0941173042
v      37.74248152 -1.065814104e-17    0.07015385742
v      37.74248152    -0.2338349841     0.0941173042
v      37.74248152    -0.4523707934     0.1627448727
v      37.74248152    -0.6507132703     0.2711424049
v      37.74248152    -0.8239682568     0.4144157432
v      37.74248152    -0.9672415951     0.5876707297
v      37.74248152     -1.075639127     0.7860132066
v      37.74248152     -1.144266696      1.004549016
v      37.74248152     -1.168230143         1.238384
v      37.74248152     -1.144266696      1.472218984
v      37.74248152     -1.075639127      1.690754793
v      37.74248152    -0.9672415951       1.88909727
v      37.74248152    -0.8239682568      2.062352257
v      37.74248152    -0.6507132703      2.205625595
v      37.74248152    -0.4523707934      2.314023127
v      37.74248152    -0.2338349841      2.382650696
v      37.74248152 -1.598721155e-17      2.406614143
v      37.74248152     0.2338349841      2.382650696
v      37.74248152     0.4523707934      2.314023127
v      37.74248152     0.6507132703      2.205625595
v      37.74248152     0.8239682568      2.062352257
v      37.74248152     0.9672415951       1.88909727
v      37.74248152      1.075639127      1.690754793
v      37.74248152      1.144266696      1.472218984
v      39.05110019      1.070970428         1.379992
v      39.05110019      1.048561534      1.168708171
v      39.05110019     0.9845776992     0.9698136682
v      39.05110019     0.8838831924     0.7881727605
v      39.05110019     0.7513422827     0.6286497173
v      39.05110019     0.5918192395     0.4961088076
v      39.05110019     0.4101783318     0.3954143008
v      39.05110019     0.2112838289     0.3314304659
v      39.05110019 -3.197442311e-17     0.3090215723
v      39.05110019    -0.2112838289     0.3314304659
v      39.05110019    -0.4101783318     0.3954143008
v      39.05110019    -0.5918192395     0.4961088076
v      39.05110019    -0.7513422827     0.6286497173
v      39.05110019    -0.8838831924     0.7881727605
v      39.05110019    -0.9845776992     0.9698136682
v      39.05110019     -1.048561534      1.168708171
v      39.05110019     -1.070970428         1.379992
v      39.05110019     -1.048561534      1.591275829
v      39.05110019    -0.9845776992      1.790170332
v      39.05110019    -0.8838831924      1.971811239
v      39.05110019    -0.7513422827      2.131334283
v      39.05110019    -0.5918192395      2.263875192
v      39.05110019    -0.4101783318      2.364569699
v      39.05110019    -0.2112838289      2.428553534
v      39.05110019 -4.796163466e-17      2.450962428
v      39.05110019     0.2112838289      2.428553534
v      39.05110019     0.4101783318      2.364569699
v      39.05110019     0.5918192395      2.263875192
v      39.05110019     0.7513422827      2.131334283
v      39.05110019     0.8838831924      1.971811239
v      39.05110019     0.9845776992      1.790170332
v      39.05110019      1.048561534      1.591275829
v      40.30847811     0.8667956416         1.549008
v      40.30847811       0.84822078      1.381071029
v      40.30847811      0.795371155      1.221534184
v      40.30847811     0.7125592065      1.074709903
v      40.30847811      0.604097374      0.944910626
v      40.30847811     0.4742980974     0.8364487935
v      40.30847811     0.3274738163      0.753636845
v      40.30847811     0.1679369706       0.70078722
v      40.30847811 -4.796163466e-17     0.6822123584
v      40.30847811    -0.1679369706       0.70078722
v      40.30847811    -0.3274738163      0.753636845
v      40.30847811    -0.4742980974     0.8364487935
v      40.30847811     -0.604097374      0.944910626
v      40.30847811    -0.7125592065      1.074709903
v      40.30847811     -0.795371155      1.221534184
v      40.30847811      -0.84822078      1.381071029
v      40.30847811    -0.8667956416         1.549008
v      40.30847811      -0.84822078      1.716944971
v      40.30847811     -0.795371155      1.876481816
v      40.30847811    -0.7125592065      2.023306097
v      40.30847811     -0.604097374      2.153105374
v      40.30847811    -0.4742980974      2.261567206
v      40.30847811    -0.3274738163      2.344379155
v      40.30847811    -0.1679369706       2.39722878
v      40.30847811   -7.1942452e-17      2.415803642
v      40.30847811     0.1679369706       2.39722878
v      40.30847811     0.3274738163      2.344379155
v      40.30847811     0.4742980974      2.261567206
v      40.30847811      0.604097374      2.153105374
v      40.30847811     0.7125592065      2.023306097
v      40.30847811      0.795371155      1.876481816
v      40.30847811       0.84822078      1.716944971
v      41.39723735     0.5212805703         1.690616
v      41.39723735     0.5098363099      1.591535627
v      41.39723735     0.4773888152      1.496490909
v      41.39723735     0.4267660161      1.408309776
v      41.39723735     0.3607958424      1.329820158
v      41.39723735     0.2823062241      1.263849984
v      41.39723735      0.194125091      1.213227185
v      41.39723735    0.09908037304       1.18077969
v      41.39723735 -4.263256415e-17       1.16933543
v      41.39723735   -0.09908037304       1.18077969
v      41.39723735     -0.194125091      1.213227185
v      41.39723735    -0.2823062241      1.263849984
v      41.39723735    -0.3607958424      1.329820158
v      41.39723735    -0.4267660161      1.408309776
v      41.39723735    -0.4773888152      1.496490909
v      41.39723735    -0.5098363099      1.591535627
v      41.39723735    -0.5212805703         1.690616
v      41.39723735    -0.5098363099      1.789696373
v      41.39723735    -0.4773888152      1.884741091
v      41.39723735    -0.4267660161      1.972922224
v      41.39723735    -0.3607958424      2.051411842
v      41.39723735    -0.2823062241      2.117382016
v      41.39723735     -0.194125091      2.168004815
v      41.39723735   -0.09908037304       2.20045231
v      41.39723735 -6.394884622e-17       2.21189657
v      41.39723735    0.09908037304       2.20045231
v      41.39723735      0.194125091      2.168004815
v      41.39723735     0.2823062241      2.117382016
v      41.39723735     0.3607958424      2.051411842
v      41.39723735     0.4267660161      1.972922224
v      41.39723735     0.4773888152      1.884741091
v      41.39723735     0.5098363099      1.789696373
v             42.2                0             1.75
v      16.45462913      0.540226611          -1.9708
v      16.45462913     0.5358789475     -2.033490186
v               16 -9.473903143e-18            -1.95
v      16.45462913     0.5212650446     -2.092292596
v      16.45462913      0.496926141     -2.148499721
v      16.45462913      0.463845911      -2.20088154
v      16.45462913     0.4230080287     -2.248208029
v      16.45462913     0.3558181536      -2.30011526
v      16.45462913     0.2791618784     -2.332594056
v      16.45462913     0.1880286769     -2.350316321
v      16.45462913    0.09441907834     -2.361514125
v      16.45462913 -1.421085472e-17     -2.365426611
v      16.45462913   -0.09441907834     -2.361514125
v      16.45462913    -0.1880286769     -2.350316321
v      16.45462913    -0.2791618784     -2.332594056
v      16.45462913    -0.3558181536      -2.30011526
v      16.45462913    -0.4230080287     -2.248208029
v      16.45462913     -0.463845911      -2.20088154
v      16.45462913     -0.496926141     -2.148499721
v      16.45462913    -0.5212650446     -2.092292596
v      16.45462913    -0.5358789475     -2.033490186
v      16.45462913     -0.540226611          -1.9708
v      16.45462913    -0.5358789475     -1.908109814
v      16.45462913    -0.5212650446     -1.849307404
v      16.45462913     -0.496926141     -1.793100279
v      16.45462913     -0.463845911      -1.74071846
v      16.45462913    -0.4230080287     -1.693391971
v      16.45462913    -0.3558181536      -1.64148474
v      16.45462913    -0.2791618784     -1.609005944
v      16.45462913    -0.1880286769     -1.591283679
v      16.45462913   -0.09441907834     -1.580085875
v      16.45462913 -6.217248938e-17     -1.576173389
v      16.45462913    0.09441907834     -1.580085875
v      16.45462913     0.1880286769     -1.591283679
v      16.45462913     0.2791618784     -1.609005944
v      16.45462913     0.3558181536      -1.64148474
v      16.45462913     0.4230080287     -1.693391971
v      16.45462913      0.463845911      -1.74071846
v      16.45462913      0.496926141     -1.793100279
v      16.45462913     0.5212650446     -1.849307404
v      16.45462913     0.5358789475     -1.908109814
v      16.97796248      1.218754937          -2.0204
v      16.97796248      1.212880482     -2.141431367
v      16.97796248      1.188720772     -2.251133218
v      16.97796248       1.14627858     -2.355709257
v      16.97796248      1.087054152     -2.452825442
v      16.97796248      1.012547733     -2.540147733
v      16.97796248     0.8579955195      -2.65211964
v      16.97796248     0.6787196348     -2.709308446
v      16.97796248     0.4559322615     -2.729355861
v      16.97796248     0.2284214631     -2.741953391
v      16.97796248 -1.598721155e-17     -2.746354937
v      16.97796248    -0.2284214631     -2.741953391
v      16.97796248    -0.4559322615     -2.729355861
v      16.97796248    -0.6787196348     -2.709308446
v      16.97796248    -0.8579955195      -2.65211964
v      16.97796248     -1.012547733     -2.540147733
v      16.97796248     -1.087054152     -2.452825442
v      16.97796248      -1.14627858     -2.355709257
v      16.97796248     -1.188720772     -2.251133218
v      16.97796248     -1.212880482     -2.141431367
v      16.97796248     -1.218754937          -2.0204
v      16.97796248     -1.212880482     -1.899368633
v      16.97796248     -1.188720772     -1.789666782
v      16.97796248      -1.14627858     -1.685090743
v      16.97796248     -1.087054152     -1.587974558
v      16.97796248     -1.012547733     -1.500652267
v      16.97796248    -0.8579955195      -1.38868036
v      16.97796248    -0.6787196348     -1.331491554
v      16.97796248    -0.4559322615     -1.311444139
v      16.97796248    -0.2284214631     -1.298846609
v      16.97796248 -6.994405055e-17     -1.294445063
v      16.97796248     0.2284214631     -1.298846609
v      16.97796248     0.4559322615     -1.311444139
v      16.97796248     0.6787196348     -1.331491554
v      16.97796248     0.8579955195      -1.38868036
v      16.97796248      1.012547733     -1.500652267
v      16.97796248      1.087054152     -1.587974558
v      16.97796248       1.14627858     -1.685090743
v      16.97796248      1.188720772     -1.789666782
v      16.97796248      1.212880482     -1.899368633
v      17.57398128      1.887169958          -2.0796
v      17.57398128      1.881524102     -2.249118904
v      17.57398128      1.851840828     -2.398850542
v      17.57398128      1.797055895     -2.541284706
v      17.57398128      1.718861779     -2.673193982
v      17.57398128      1.618950956     -2.791350956
v      17.57398128      1.377029807     -2.960232337
v      17.57398128      1.093871993     -3.034679057
v      17.57398128     0.7338215076     -3.048237241
v      17.57398128     0.3672143088     -3.056635594
v      17.57398128 -1.065814104e-17     -3.059569958
v      17.57398128    -0.3672143088     -3.056635594
v      17.57398128    -0.7338215076     -3.048237241
v      17.57398128     -1.093871993     -3.034679057
v      17.57398128     -1.377029807     -2.960232337
v      17.57398128     -1.618950956     -2.791350956
v      17.57398128     -1.718861779     -2.673193982
v      17.57398128     -1.797055895     -2.541284706
v      17.57398128     -1.851840828     -2.398850542
v      17.57398128     -1.881524102     -2.249118904
v      17.57398128     -1.887169958          -2.0796
v      17.57398128     -1.881524102     -1.910081096
v      17.57398128     -1.851840828     -1.760349458
v      17.57398128     -1.797055895     -1.617915294
v      17.57398128     -1.718861779     -1.486006018
v      17.57398128     -1.618950956     -1.367849044
v      17.57398128     -1.377029807     -1.198967663
v      17.57398128     -1.093871993     -1.124520943
v      17.57398128    -0.7338215076     -1.110962759
v      17.57398128    -0.3672143088     -1.102564406
v      17.57398128 -4.662936703e-17     -1.099630042
v      17.57398128     0.3672143088     -1.102564406
v      17.57398128     0.7338215076     -1.110962759
v      17.57398128      1.093871993     -1.124520943
v      17.57398128      1.377029807     -1.198967663
v      17.57398128      1.618950956     -1.367849044
v      17.57398128      1.718861779     -1.486006018
v      17.57398128      1.797055895     -1.617915294
v      17.57398128      1.851840828     -1.760349458
v      17.57398128      1.881524102     -1.910081096
v      18.24666672      2.397056653          -2.1292
v      18.24666672      2.392329308      -2.33184816
v      18.24666672      2.360098855     -2.507773241
v      18.24666672      2.298256661     -2.674882169
v      18.24666672      2.208505848     -2.829349437
v      18.24666672      2.092549539     -2.967349539
v      18.24666672      1.783418726     -3.178672545
v      18.24666672      1.419817677     -3.263241773
v      18.24666672     0.9518071692      -3.26807908
v      18.24666672     0.4760047696     -3.270878531
v      18.24666672 -3.552713679e-18     -3.271856653
v      18.24666672    -0.4760047696     -3.270878531
v      18.24666672    -0.9518071692      -3.26807908
v      18.24666672     -1.419817677     -3.263241773
v      18.24666672     -1.783418726     -3.178672545
v      18.24666672     -2.092549539     -2.967349539
v      18.24666672     -2.208505848     -2.829349437
v      18.24666672     -2.298256661     -2.674882169
v      18.24666672     -2.360098855     -2.507773241
v      18.24666672     -2.392329308      -2.33184816
v      18.24666672     -2.397056653          -2.1292
v      18.24666672     -2.392329308      -1.92655184
v      18.24666672     -2.360098855     -1.750626759
v      18.24666672     -2.298256661     -1.583517831
v      18.24666672     -2.208505848     -1.429050563
v      18.24666672     -2.092549539     -1.291050461
v      18.24666672     -1.783418726     -1.079727455
v      18.24666672     -1.419817677    -0.9951582269
v      18.24666672    -0.9518071692    -0.9903209198
v      18.24666672    -0.4760047696    -0.9875214687
v      18.24666672 -1.554312234e-17    -0.9865433473
v      18.24666672     0.4760047696    -0.9875214687
v      18.24666672     0.9518071692    -0.9903209198
v      18.24666672      1.419817677    -0.9951582269
v      18.24666672      1.783418726     -1.079727455
v      18.24666672      2.092549539     -1.291050461
v      18.24666672      2.208505848     -1.429050563
v      18.24666672      2.298256661     -1.583517831
v      18.24666672      2.360098855     -1.750626759
v      18.24666672      2.392329308      -1.92655184
v               19              2.6            -2.15
v               19      2.595815599     -2.364914498
v               19      2.562968499     -2.550229991
v               19      2.498879455     -2.726157745
v               19      2.405223414     -2.888654083
v               19      2.283675324     -3.033675324
v               19      1.947659986     -3.261659459
v               19      1.551755411     -3.349532482
v               19             1.04            -3.35
v               19             0.52            -3.35
v               19                0            -3.35
v               19            -0.52            -3.35
v               19            -1.04            -3.35
v               19     -1.551755411     -3.349532482
v               19     -1.947659986     -3.261659459
v               19     -2.283675324     -3.033675324
v               19     -2.405223414     -2.888654083
v               19     -2.498879455     -2.726157745
v               19     -2.562968499     -2.550229991
v               19     -2.595815599     -2.364914498
v               19             -2.6            -2.15
v               19     -2.595815599     -1.935085502
v               19     -2.562968499     -1.749770009
v               19     -2.498879455     -1.573842255
v               19     -2.405223414     -1.411345917
v               19     -2.283675324     -1.266324676
v               19     -1.947659986     -1.038340541
v               19     -1.551755411    -0.9504675182
v               19            -1.04            -0.95
v               19            -0.52            -0.95
v               19                0            -0.95
v               19             0.52            -0.95
v               19             1.04            -0.95
v               19      1.551755411    -0.9504675182
v               19      1.947659986     -1.038340541
v               19      2.283675324     -1.266324676
v               19      2.405223414     -1.411345917
v               19      2.498879455     -1.573842255
v               19      2.562968499     -1.749770009
v               19      2.595815599     -1.935085502
v      19.81314938           2.6936          -2.1552
v      19.81314938       2.68927054     -2.377564868
v      19.81314938       2.65528474      -2.56930463
v      19.81314938      2.588973942     -2.751331214
v      19.81314938      2.492071159     -2.919460758
v      19.81314938      2.366309402     -3.069509402
v      19.81314938      2.018148063     -3.305610446
v      19.81314938      1.607916753     -3.396344612
v      19.81314938          1.07744          -3.3968
v      19.81314938          0.53872          -3.3968
v      19.81314938                0          -3.3968
v      19.81314938         -0.53872          -3.3968
v      19.81314938         -1.07744          -3.3968
v      19.81314938     -1.607916753     -3.396344612
v      19.81314938     -2.018148063     -3.305610446
v      19.81314938     -2.366309402     -3.069509402
v      19.81314938     -2.492071159     -2.919460758
v      19.81314938     -2.588973942     -2.751331214
v      19.81314938      -2.65528474      -2.56930463
v      19.81314938      -2.68927054     -2.377564868
v      19.81314938          -2.6936          -2.1552
v      19.81314938      -2.68927054     -1.932835132
v      19.81314938      -2.65528474      -1.74109537
v      19.81314938     -2.588973942     -1.559068786
v      19.81314938     -2.492071159     -1.390939242
v      19.81314938     -2.366309402     -1.240890598
v      19.81314938     -2.018148063     -1.004789554
v      19.81314938     -1.607916753    -0.9140553879
v      19.81314938         -1.07744          -0.9136
v      19.81314938         -0.53872          -0.9136
v      19.81314938                0          -0.9136
v      19.81314938          0.53872          -0.9136
v      19.81314938          1.07744          -0.9136
v      19.81314938      1.607916753    -0.9140553879
v      19.81314938      2.018148063     -1.004789554
v      19.81314938      2.366309402     -1.240890598
v      19.81314938      2.492071159     -1.390939242
v      19.81314938      2.588973942     -1.559068786
v      19.81314938       2.65528474      -1.74109537
v      19.81314938       2.68927054     -1.932835132
v      20.65546702           2.9168          -2.1676
v      20.65546702       2.91212463     -2.407731133
v      20.65546702      2.875423469      -2.61479031
v      20.65546702      2.803814644     -2.811360254
v      20.65546702      2.699169628     -2.992922828
v      20.65546702      2.563359895     -3.154959895
v      20.65546702      2.186235015     -3.410416645
v      20.65546702      1.741839952     -3.507973538
v      20.65546702          1.16672          -3.5084
v      20.65546702          0.58336          -3.5084
v      20.65546702                0          -3.5084
v      20.65546702         -0.58336          -3.5084
v      20.65546702         -1.16672          -3.5084
v      20.65546702     -1.741839952     -3.507973538
v      20.65546702     -2.186235015     -3.410416645
v      20.65546702     -2.563359895     -3.154959895
v      20.65546702     -2.699169628     -2.992922828
v      20.65546702     -2.803814644     -2.811360254
v      20.65546702     -2.875423469      -2.61479031
v      20.65546702      -2.91212463     -2.407731133
v      20.65546702          -2.9168          -2.1676
v      20.65546702      -2.91212463     -1.927468867
v      20.65546702     -2.875423469      -1.72040969
v      20.65546702     -2.803814644     -1.523839746
v      20.65546702     -2.699169628     -1.342277172
v      20.65546702     -2.563359895     -1.180240105
v      20.65546702     -2.186235015    -0.9247833547
v      20.65546702     -1.741839952    -0.8272264619
v      20.65546702         -1.16672          -0.8268
v      20.65546702         -0.58336          -0.8268
v      20.65546702                0          -0.8268
v      20.65546702          0.58336          -0.8268
v      20.65546702          1.16672          -0.8268
v      20.65546702      1.741839952    -0.8272264619
v      20.65546702      2.186235015    -0.9247833547
v      20.65546702      2.563359895     -1.180240105
v      20.65546702      2.699169628     -1.342277172
v      20.65546702      2.803814644     -1.523839746
v      20.65546702      2.875423469      -1.72040969
v      20.65546702       2.91212463     -1.927468867
v      21.51620997           3.1832          -2.1824
v      21.51620997      3.178111769      -2.44373603
v      21.51620997      3.138169694     -2.669079669
v      21.51620997      3.060237417     -2.883007818
v      21.51620997      2.946351671     -3.080603365
v      21.51620997      2.798549194     -3.256949194
v      21.51620997      2.386854925     -3.535507915
v      21.51620997       1.90168377     -3.641208063
v      21.51620997          1.27328          -3.6416
v      21.51620997          0.63664          -3.6416
v      21.51620997                0          -3.6416
v      21.51620997         -0.63664          -3.6416
v      21.51620997         -1.27328          -3.6416
v      21.51620997      -1.90168377     -3.641208063
v      21.51620997     -2.386854925     -3.535507915
v      21.51620997     -2.798549194     -3.256949194
v      21.51620997     -2.946351671     -3.080603365
v      21.51620997     -3.060237417     -2.883007818
v      21.51620997     -3.138169694     -2.669079669
v      21.51620997     -3.178111769      -2.44373603
v      21.51620997          -3.1832          -2.1824
v      21.51620997     -3.178111769      -1.92106397
v      21.51620997     -3.138169694     -1.695720331
v      21.51620997     -3.060237417     -1.481792182
v      21.51620997     -2.946351671     -1.284196635
v      21.51620997     -2.798549194     -1.107850806
v      21.51620997     -2.386854925    -0.8292920847
v      21.51620997      -1.90168377    -0.7235919373
v      21.51620997         -1.27328          -0.7232
v      21.51620997         -0.63664          -0.7232
v      21.51620997                0          -0.7232
v      21.51620997          0.63664          -0.7232
v      21.51620997          1.27328          -0.7232
v      21.51620997       1.90168377    -0.7235919373
v      21.51620997      2.386854925    -0.8292920847
v      21.51620997      2.798549194     -1.107850806
v      21.51620997      2.946351671     -1.284196635
v      21.51620997      3.060237417     -1.481792182
v      21.51620997      3.138169694     -1.695720331
v      21.51620997      3.178111769      -1.92106397
v      22.38463528           3.4064          -2.1948
v      22.38463528      3.400965858     -2.473902295
v      22.38463528      3.358308424     -2.714565348
v      22.38463528      3.275078118     -2.943036859
v      22.38463528       3.15345014     -3.154065435
v      22.38463528      2.995599687     -3.342399687
v      22.38463528      2.554941877     -3.640314114
v      22.38463528       2.03560697     -3.752836989
v      22.38463528          1.36256          -3.7532
v      22.38463528          0.68128          -3.7532
v      22.38463528                0          -3.7532
v      22.38463528         -0.68128          -3.7532
v      22.38463528         -1.36256          -3.7532
v      22.38463528      -2.03560697     -3.752836989
v      22.38463528     -2.554941877     -3.640314114
v      22.38463528     -2.995599687     -3.342399687
v      22.38463528      -3.15345014     -3.154065435
v      22.38463528     -3.275078118     -2.943036859
v      22.38463528     -3.358308424     -2.714565348
v      22.38463528     -3.400965858     -2.473902295
v      22.38463528          -3.4064          -2.1948
v      22.38463528     -3.400965858     -1.915697705
v      22.38463528     -3.358308424     -1.675034652
v      22.38463528     -3.275078118     -1.446563141
v      22.38463528      -3.15345014     -1.235534565
v      22.38463528     -2.995599687     -1.047200313
v      22.38463528     -2.554941877    -0.7492858856
v      22.38463528      -2.03560697    -0.6367630113
v      22.38463528         -1.36256          -0.6364
v      22.38463528         -0.68128          -0.6364
v      22.38463528                0          -0.6364
v      22.38463528          0.68128          -0.6364
v      22.38463528          1.36256          -0.6364
v      22.38463528       2.03560697    -0.6367630113
v      22.38463528      2.554941877    -0.7492858856
v      22.38463528      2.995599687     -1.047200313
v      22.38463528       3.15345014     -1.235534565
v      22.38463528      3.275078118     -1.446563141
v      22.38463528      3.358308424     -1.675034652
v      22.38463528      3.400965858     -1.915697705
v            23.25              3.5             -2.2
v            23.25      3.494420799     -2.486552664
v            23.25      3.450624665     -2.733639988
v            23.25      3.365172606     -2.968210327
v            23.25      3.240297885      -3.18487211
v            23.25      3.078233765     -3.378233765
v            23.25      2.625429954     -3.684265101
v            23.25      2.091768311     -3.799649119
v            23.25              1.4             -3.8
v            23.25              0.7             -3.8
v            23.25                0             -3.8
v            23.25             -0.7             -3.8
v            23.25             -1.4             -3.8
v            23.25     -2.091768311     -3.799649119
v            23.25     -2.625429954     -3.684265101
v            23.25     -3.078233765     -3.378233765
v            23.25     -3.240297885      -3.18487211
v            23.25     -3.365172606     -2.968210327
v            23.25     -3.450624665     -2.733639988
v            23.25     -3.494420799     -2.486552664
v            23.25             -3.5             -2.2
v            23.25     -3.494420799     -1.913447336
v            23.25     -3.450624665     -1.666360012
v            23.25     -3.365172606     -1.431789673
v            23.25     -3.240297885      -1.21512789
v            23.25     -3.078233765     -1.021766235
v            23.25     -2.625429954    -0.7157348989
v            23.25     -2.091768311     -0.600350881
v            23.25             -1.4             -0.6
v            23.25             -0.7             -0.6
v            23.25                0             -0.6
v            23.25              0.7             -0.6
v            23.25              1.4             -0.6
v            23.25      2.091768311     -0.600350881
v            23.25      2.625429954    -0.7157348989
v            23.25      3.078233765     -1.021766235
v            23.25      3.240297885      -1.21512789
v            23.25      3.365172606     -1.431789673
v            23.25      3.450624665     -1.666360012
v            23.25      3.494420799     -1.913447336
v      24.10678677           3.4376         -2.17088
v      24.10678677      3.432085209     -2.453186335
v      24.10678677       3.38890259     -2.696653881
v      24.10678677      3.304681974     -2.927786851
v      24.10678677       3.18162316     -3.141274465
v      24.10678677      3.021925944     -3.331805944
v      24.10678677       2.57735841      -3.63267841
v      24.10678677      2.053461092     -3.746996566
v      24.10678677          1.37504         -3.74748
v      24.10678677          0.68752         -3.74748
v      24.10678677                0         -3.74748
v      24.10678677         -0.68752         -3.74748
v      24.10678677         -1.37504         -3.74748
v      24.10678677     -2.053461092     -3.746996566
v      24.10678677      -2.57735841      -3.63267841
v      24.10678677     -3.021925944     -3.331805944
v      24.10678677      -3.18162316     -3.141274465
v      24.10678677     -3.304681974     -2.927786851
v      24.10678677      -3.38890259     -2.696653881
v      24.10678677     -3.432085209     -2.453186335
v      24.10678677          -3.4376         -2.17088
v      24.10678677     -3.432085209     -1.888573665
v      24.10678677      -3.38890259     -1.645106119
v      24.10678677     -3.304681974     -1.413973149
v      24.10678677      -3.18162316     -1.200485535
v      24.10678677     -3.021925944     -1.009954056
v      24.10678677      -2.57735841    -0.7090815902
v      24.10678677     -2.053461092    -0.5947634343
v      24.10678677         -1.37504         -0.59428
v      24.10678677         -0.68752         -0.59428
v      24.10678677                0         -0.59428
v      24.10678677          0.68752         -0.59428
v      24.10678677          1.37504         -0.59428
v      24.10678677      2.053461092    -0.5947634343
v      24.10678677       2.57735841    -0.7090815902
v      24.10678677      3.021925944     -1.009954056
v      24.10678677       3.18162316     -1.200485535
v      24.10678677      3.304681974     -1.413973149
v      24.10678677       3.38890259     -1.645106119
v      24.10678677      3.432085209     -1.888573665
v      24.95805617           3.2888         -2.10144
v      24.95805617      3.283438803     -2.373620471
v      24.95805617      3.241719179     -2.608456241
v      24.95805617      3.160435082     -2.831392407
v      24.95805617      3.041706507     -3.037310849
v      24.95805617      2.887653448     -3.221093448
v      24.95805617      2.462726268     -3.509663992
v      24.95805617      1.962113106     -3.621440477
v      24.95805617          1.31552         -3.62224
v      24.95805617          0.65776         -3.62224
v      24.95805617                0         -3.62224
v      24.95805617         -0.65776         -3.62224
v      24.95805617         -1.31552         -3.62224
v      24.95805617     -1.962113106     -3.621440477
v      24.95805617     -2.462726268     -3.509663992
v      24.95805617     -2.887653448     -3.221093448
v      24.95805617     -3.041706507     -3.037310849
v      24.95805617     -3.160435082     -2.831392407
v      24.95805617     -3.241719179     -2.608456241
v      24.95805617     -3.283438803     -2.373620471
v      24.95805617          -3.2888         -2.10144
v      24.95805617     -3.283438803     -1.829259529
v      24.95805617     -3.241719179     -1.594423759
v      24.95805617     -3.160435082     -1.371487593
v      24.95805617     -3.041706507     -1.165569151
v      24.95805617     -2.887653448    -0.9817865525
v      24.95805617     -2.462726268    -0.6932160079
v      24.95805617     -1.962113106    -0.5814395231
v      24.95805617         -1.31552         -0.58064
v      24.95805617         -0.65776         -0.58064
v      24.95805617                0         -0.58064
v      24.95805617          0.65776         -0.58064
v      24.95805617          1.31552         -0.58064
v      24.95805617      1.962113106    -0.5814395231
v      24.95805617      2.462726268    -0.6932160079
v      24.95805617      2.887653448    -0.9817865525
v      24.95805617      3.041706507     -1.165569151
v      24.95805617      3.160435082     -1.371487593
v      24.95805617      3.241719179     -1.594423759
v      24.95805617      3.283438803     -1.829259529
v      25.80593218           3.1112         -2.01856
v      25.80593218      3.106022124     -2.278654764
v      25.80593218      3.066048657     -2.503188091
v      25.80593218      2.988269438     -2.716340974
v      25.80593218      2.874709212     -2.913225243
v      25.80593218      2.727392726     -3.088952726
v      25.80593218      2.325907259     -3.362840332
v      25.80593218      1.853084864      -3.47158321
v      25.80593218          1.24448         -3.47276
v      25.80593218          0.62224         -3.47276
v      25.80593218                0         -3.47276
v      25.80593218         -0.62224         -3.47276
v      25.80593218         -1.24448         -3.47276
v      25.80593218     -1.853084864      -3.47158321
v      25.80593218     -2.325907259     -3.362840332
v      25.80593218     -2.727392726     -3.088952726
v      25.80593218     -2.874709212     -2.913225243
v      25.80593218     -2.988269438     -2.716340974
v      25.80593218     -3.066048657     -2.503188091
v      25.80593218     -3.106022124     -2.278654764
v      25.80593218          -3.1112         -2.01856
v      25.80593218     -3.106022124     -1.758465236
v      25.80593218     -3.066048657     -1.533931909
v      25.80593218     -2.988269438     -1.320779026
v      25.80593218     -2.874709212     -1.123894757
v      25.80593218     -2.727392726    -0.9481672739
v      25.80593218     -2.325907259    -0.6742796678
v      25.80593218     -1.853084864    -0.5655367904
v      25.80593218         -1.24448         -0.56436
v      25.80593218         -0.62224         -0.56436
v      25.80593218                0         -0.56436
v      25.80593218          0.62224         -0.56436
v      25.80593218          1.24448         -0.56436
v      25.80593218      1.853084864    -0.5655367904
v      25.80593218      2.325907259    -0.6742796678
v      25.80593218      2.727392726    -0.9481672739
v      25.80593218      2.874709212     -1.123894757
v      25.80593218      2.988269438     -1.320779026
v      25.80593218      3.066048657     -1.533931909
v      25.80593218      3.106022124     -1.758465236
v       26.6525388           2.9624         -1.94912
v       26.6525388      2.957375717     -2.199088901
v       26.6525388      2.918865247     -2.414990452
v       26.6525388      2.844022546     -2.619946531
v       26.6525388      2.734792559     -2.809261627
v       26.6525388       2.59312023      -2.97824023
v       26.6525388      2.211275117     -3.239825914
v       26.6525388      1.761736878     -3.346027121
v       26.6525388          1.18496         -3.34752
v       26.6525388          0.59248         -3.34752
v       26.6525388                0         -3.34752
v       26.6525388         -0.59248         -3.34752
v       26.6525388         -1.18496         -3.34752
v       26.6525388     -1.761736878     -3.346027121
v       26.6525388     -2.211275117     -3.239825914
v       26.6525388      -2.59312023      -2.97824023
v       26.6525388     -2.734792559     -2.809261627
v       26.6525388     -2.844022546     -2.619946531
v       26.6525388     -2.918865247     -2.414990452
v       26.6525388     -2.957375717     -2.199088901
v       26.6525388          -2.9624         -1.94912
v       26.6525388     -2.957375717     -1.699151099
v       26.6525388     -2.918865247     -1.483249548
v       26.6525388     -2.844022546     -1.278293469
v       26.6525388     -2.734792559     -1.088978373
v       26.6525388      -2.59312023    -0.9199997703
v       26.6525388     -2.211275117    -0.6584140855
v       26.6525388     -1.761736878    -0.5522128792
v       26.6525388         -1.18496         -0.55072
v       26.6525388         -0.59248         -0.55072
v       26.6525388                0         -0.55072
v       26.6525388          0.59248         -0.55072
v       26.6525388          1.18496         -0.55072
v       26.6525388      1.761736878    -0.5522128792
v       26.6525388      2.211275117    -0.6584140855
v       26.6525388       2.59312023    -0.9199997703
v       26.6525388      2.734792559     -1.088978373
v       26.6525388      2.844022546     -1.278293469
v       26.6525388      2.918865247     -1.483249548
v       26.6525388      2.957375717     -1.699151099
v             27.5              2.9            -1.92
v             27.5      2.895040128     -2.165722571
v             27.5      2.857143172     -2.378004345
v             27.5      2.783531914     -2.579523054
v             27.5      2.676117833     -2.765663982
v             27.5      2.536812409     -2.931812409
v             27.5      2.163203574     -3.188239223
v             27.5      1.723429658     -3.293374567
v             27.5             1.16           -3.295
v             27.5             0.58           -3.295
v             27.5                0           -3.295
v             27.5            -0.58           -3.295
v             27.5            -1.16           -3.295
v             27.5     -1.723429658     -3.293374567
v             27.5     -2.163203574     -3.188239223
v             27.5     -2.536812409     -2.931812409
v             27.5     -2.676117833     -2.765663982
v             27.5     -2.783531914     -2.579523054
v             27.5     -2.857143172     -2.378004345
v             27.5     -2.895040128     -2.165722571
v             27.5             -2.9            -1.92
v             27.5     -2.895040128     -1.674277429
v             27.5     -2.857143172     -1.461995655
v             27.5     -2.783531914     -1.260476946
v             27.5     -2.676117833     -1.074336018
v             27.5     -2.536812409    -0.9081875913
v             27.5     -2.163203574    -0.6517607768
v             27.5     -1.723429658    -0.5466254325
v             27.5            -1.16           -0.545
v             27.5            -0.58           -0.545
v             27.5                0           -0.545
v             27.5             0.58           -0.545
v             27.5             1.16           -0.545
v             27.5      1.723429658    -0.5466254325
v             27.5      2.163203574    -0.6517607768
v             27.5      2.536812409    -0.9081875913
v             27.5      2.676117833     -1.074336018
v             27.5      2.783531914     -1.260476946
v             27.5      2.857143172     -1.461995655
v             27.5      2.895040128     -1.674277429
v      28.28309595        2.6704058         -1.83992
v      28.28309595       2.66491767     -2.070852291
v      28.28309595      2.627973757      -2.27160561
v      28.28309595       2.55730169     -2.462283188
v      28.28309595      2.454830172     -2.638534222
v      28.28309595      2.322487906     -2.796007906
v      28.28309595      1.979129696     -3.033290937
v      28.28309595      1.575623506     -3.133720708
v      28.28309595      1.060673717     -3.139893475
v      28.28309595     0.5304448671     -3.142881716
v      28.28309595 -1.776356839e-17       -3.1439258
v      28.28309595    -0.5304448671     -3.142881716
v      28.28309595     -1.060673717     -3.139893475
v      28.28309595     -1.575623506     -3.133720708
v      28.28309595     -1.979129696     -3.033290937
v      28.28309595     -2.322487906     -2.796007906
v      28.28309595     -2.454830172     -2.638534222
v      28.28309595      -2.55730169     -2.462283188
v      28.28309595     -2.627973757      -2.27160561
v      28.28309595      -2.66491767     -2.070852291
v      28.28309595       -2.6704058         -1.83992
v      28.28309595      -2.66491767     -1.608987709
v      28.28309595     -2.627973757      -1.40823439
v      28.28309595      -2.55730169     -1.217556812
v      28.28309595     -2.454830172     -1.041305778
v      28.28309595     -2.322487906    -0.8838320945
v      28.28309595     -1.979129696    -0.6465490626
v      28.28309595     -1.575623506    -0.5461192924
v      28.28309595     -1.060673717     -0.539946525
v      28.28309595    -0.5304448671    -0.5369582843
v      28.28309595  -1.33226763e-17    -0.5359142002
v      28.28309595     0.5304448671    -0.5369582843
v      28.28309595      1.060673717     -0.539946525
v      28.28309595      1.575623506    -0.5461192924
v      28.28309595      1.979129696    -0.6465490626
v      28.28309595      2.322487906    -0.8838320945
v      28.28309595      2.454830172     -1.041305778
v      28.28309595       2.55730169     -1.217556812
v      28.28309595      2.627973757      -1.40823439
v      28.28309595       2.66491767     -1.608987709
v      28.95097207      2.095217399         -1.64896
v      28.95097207       2.08887115     -1.840482827
v      28.95097207        2.0553492     -2.009687966
v      28.95097207      1.993499966     -2.170622534
v      28.95097207      1.905210136     -2.319648143
v      28.95097207      1.792366403     -2.453126403
v      28.95097207      1.524453799     -2.641864797
v      28.95097207      1.211074013     -2.728678005
v      28.95097207     0.8156211502     -2.743880425
v      28.95097207     0.4081346012     -2.752845147
v      28.95097207 -5.329070518e-17     -2.755977399
v      28.95097207    -0.4081346012     -2.752845147
v      28.95097207    -0.8156211502     -2.743880425
v      28.95097207     -1.211074013     -2.728678005
v      28.95097207     -1.524453799     -2.641864797
v      28.95097207     -1.792366403     -2.453126403
v      28.95097207     -1.905210136     -2.319648143
v      28.95097207     -1.993499966     -2.170622534
v      28.95097207       -2.0553492     -2.009687966
v      28.95097207      -2.08887115     -1.840482827
v      28.95097207     -2.095217399         -1.64896
v      28.95097207      -2.08887115     -1.457437173
v      28.95097207       -2.0553492     -1.288232034
v      28.95097207     -1.993499966     -1.127297466
v      28.95097207     -1.905210136     -0.978271857
v      28.95097207     -1.792366403    -0.8447935972
v      28.95097207     -1.524453799    -0.6560552031
v      28.95097207     -1.211074013     -0.569241995
v      28.95097207    -0.8156211502    -0.5540395751
v      28.95097207    -0.4081346012     -0.545074853
v      28.95097207 -3.996802889e-17    -0.5419426007
v      28.95097207     0.4081346012     -0.545074853
v      28.95097207     0.8156211502    -0.5540395751
v      28.95097207      1.211074013     -0.569241995
v      28.95097207      1.524453799    -0.6560552031
v      28.95097207      1.792366403    -0.8447935972
v      28.95097207      1.905210136     -0.978271857
v      28.95097207      1.993499966     -1.127297466
v      28.95097207        2.0553492     -1.288232034
v      28.95097207       2.08887115     -1.457437173
v      29.52730022      1.344826099         -1.42104
v      29.52730022      1.338381845     -1.555976247
v      29.52730022      1.311595034     -1.678169255
v      29.52730022      1.264460162     -1.794629507
v      29.52730022      1.198622148     -1.902760546
v      29.52730022      1.115725911     -1.999965911
v      29.52730022     0.9454944821     -2.124088877
v      29.52730022     0.7480846319     -2.189124776
v      29.52730022     0.5042317253     -2.210920637
v      29.52730022     0.2526019018     -2.224367721
v      29.52730022 -7.993605777e-17     -2.229066099
v      29.52730022    -0.2526019018     -2.224367721
v      29.52730022    -0.5042317253     -2.210920637
v      29.52730022    -0.7480846319     -2.189124776
v      29.52730022    -0.9454944821     -2.124088877
v      29.52730022     -1.115725911     -1.999965911
v      29.52730022     -1.198622148     -1.902760546
v      29.52730022     -1.264460162     -1.794629507
v      29.52730022     -1.311595034     -1.678169255
v      29.52730022     -1.338381845     -1.555976247
v      29.52730022     -1.344826099         -1.42104
v      29.52730022     -1.338381845     -1.286103753
v      29.52730022     -1.311595034     -1.163910745
v      29.52730022     -1.264460162     -1.047450493
v      29.52730022     -1.198622148    -0.9393194542
v      29.52730022     -1.115725911    -0.8421140891
v      29.52730022    -0.9454944821    -0.7179911231
v      29.52730022    -0.7480846319    -0.6529552243
v      29.52730022    -0.5042317253    -0.6311593626
v      29.52730022    -0.2526019018    -0.6177122795
v      29.52730022 -5.995204333e-17    -0.6130139011
v      29.52730022     0.2526019018    -0.6177122795
v      29.52730022     0.5042317253    -0.6311593626
v      29.52730022     0.7480846319    -0.6529552243
v      29.52730022     0.9454944821    -0.7179911231
v      29.52730022      1.115725911    -0.8421140891
v      29.52730022      1.198622148    -0.9393194542
v      29.52730022      1.264460162     -1.047450493
v      29.52730022      1.311595034     -1.163910745
v      29.52730022      1.338381845     -1.286103753
v      30.03575224     0.5896231991         -1.23008
v      30.03575224      0.584931036     -1.298694616
v      30.03575224     0.5690367898     -1.362967319
v      30.03575224     0.5425156994     -1.424392524
v      30.03575224     0.5064306283     -1.481626231
v      30.03575224     0.4618444399      -1.53332444
v      30.03575224     0.3885703487     -1.590091253
v      30.03575224     0.3049588109     -1.625939335
v      30.03575224     0.2058948669       -1.6449739
v      30.03575224     0.1033794683     -1.656926863
v      30.03575224 -7.105427358e-17     -1.661103199
v      30.03575224    -0.1033794683     -1.656926863
v      30.03575224    -0.2058948669       -1.6449739
v      30.03575224    -0.3049588109     -1.625939335
v      30.03575224    -0.3885703487     -1.590091253
v      30.03575224    -0.4618444399      -1.53332444
v      30.03575224    -0.5064306283     -1.481626231
v      30.03575224    -0.5425156994     -1.424392524
v      30.03575224    -0.5690367898     -1.362967319
v      30.03575224     -0.584931036     -1.298694616
v      30.03575224    -0.5896231991         -1.23008
v      30.03575224     -0.584931036     -1.161465384
v      30.03575224    -0.5690367898     -1.097192681
v      30.03575224    -0.5425156994     -1.035767476
v      30.03575224    -0.5064306283    -0.9785337688
v      30.03575224    -0.4618444399    -0.9268355601
v      30.03575224    -0.3885703487    -0.8700687471
v      30.03575224    -0.3049588109    -0.8342206646
v      30.03575224    -0.2058948669    -0.8151861001
v      30.03575224    -0.1033794683    -0.8032331373
v      30.03575224 -5.329070518e-17    -0.7990568009
v      30.03575224     0.1033794683    -0.8032331373
v      30.03575224     0.2058948669    -0.8151861001
v      30.03575224     0.3049588109    -0.8342206646
v      30.03575224     0.3885703487    -0.8700687471
v      30.03575224     0.4618444399    -0.9268355601
v      30.03575224     0.5064306283    -0.9785337688
v      30.03575224     0.5425156994     -1.035767476
v      30.03575224     0.5690367898     -1.097192681
v      30.03575224      0.584931036     -1.161465384
v             30.5                0            -1.15
g MeshGeom
f 1 2 3
f 2 4 3
f 4 5 3
f 5 6 3
f 6 7 3
f 7 8 3
f 8 9 3
f 9 10 3
f 3 10 11
f 3 11 12
f 3 12 13
f 3 13 14
f 3 14 15
f 3 15 16
f 3 16 17
f 3 17 18
f 18 19 3
f 19 20 3
f 20 21 3
f 21 22 3
f 22 23 3
f 23 24 3
f 24 25 3
f 25 26 3
f 3 26 27
f 3 27 28
f 3 28 29
f 3 29 30
f 3 30 31
f 3 31 32
f 3 32 33
f 3 33 1
f 1 34 2
f 34 35 2
f 2 35 4
f 35 36 4
f 4 36 5
f 36 37 5
f 5 37 6
f 37 38 6
f 6 38 7
f 38 39 7
f 7 39 8
f 39 40 8
f 8 40 9
f 40 41 9
f 9 41 10
f 41 42 10
f 10 42 43
f 10 43 11
f 11 43 44
f 11 44 12
f 12 44 45
f 12 45 13
f 13 45 46
f 13 46 14
f 14 46 47
f 14 47 15
f 15 47 48
f 15 48 16
f 16 48 49
f 16 49 17
f 17 49 50
f 17 50 18
f 18 50 19
f 50 51 19
f 19 51 20
f 51 52 20
f 20 52 21
f 52 53 21
f 21 53 22
f 53 54 22
f 22 54 23
f 54 55 23
f 23 55 24
f 55 56 24
f 24 56 25
f 56 57 25
f 25 57 26
f 57 58 26
f 26 58 59
f 26 59 27
f 27 59 60
f 27 60 28
f 28 60 61
f 28 61 29
f 29 61 62
f 29 62 30
f 30 62 63
f 30 63 31
f 31 63 64
f 31 64 32
f 32 64 65
f 32 65 33
f 33 65 34
f 33 34 1
f 34 66 35
f 66 67 35
f 35 67 36
f 67 68 36
f 36 68 37
f 68 69 37
f 37 69 38
f 69 70 38
f 38 70 39
f 70 71 39
f 39 71 40
f 71 72 40
f 40 72 41
f 72 73 41
f 41 73 42
f 73 74 42
f 42 74 75
f 42 75 43
f 43 75 76
f 43 76 44
f 44 76 77
f 44 77 45
f 45 77 78
f 45 78 46
f 46 78 79
f 46 79 47
f 47 79 80
f 47 80 48
f 48 80 81
f 48 81 49
f 49 81 82
f 49 82 50
f 50 82 51
f 82 83 51
f 51 83 52
f 83 84 52
f 52 84 53
f 84 85 53
f 53 85 54
f 85 86 54
f 54 86 55
f 86 87 55
f 55 87 56
f 87 88 56
f 56 88 57
f 88 89 57
f 57 89 58
f 89 90 58
f 58 90 91
f 58 91 59
f 59 91 92
f 59 92 60
f 60 92 93
f 60 93 61
f 61 93 94
f 61 94 62
f 62 94 95
f 62 95 63
f 63 95 96
f 63 96 64
f 64 96 97
f 64 97 65
f 65 97 66
f 65 66 34
f 66 98 67
f 98 99 67
f 67 99 68
f 99 100 68
f 68 100 69
f 100 101 69
f 69 101 70
f 101 102 70
f 70 102 71
f 102 103 71
f 71 103 72
f 103 104 72
f 72 104 73
f 104 105 73
f 73 105 74
f 105 106 74
f 74 106 107
f 74 107 75
f 75 107 108
f 75 108 76
f 76 108 109
f 76 109 77
f 77 109 110
f 77 110 78
f 78 110 111
f 78 111 79
f 79 111 112
f 79 112 80
f 80 112 113
f 80 113 81
f 81 113 114
f 81 114 82
f 82 114 83
f 114 115 83
f 83 115 84
f 115 116 84
f 84 116 85
f 116 117 85
f 85 117 86
f 117 118 86
f 86 118 87
f 118 119 87
f 87 119 88
f 119 120 88
f 88 120 89
f 120 121 89
f 89 121 90
f 121 122 90
f 90 122 123
f 90 123 91
f 91 123 124
f 91 124 92
f 92 124 125
f 92 125 93
f 93 125 126
f 93 126 94
f 94 126 127
f 94 127 95
f 95 127 128
f 95 128 96
f 96 128 129
f 96 129 97
f 97 129 98
f 97 98 66
f 98 130 99
f 130 131 99
f 99 131 100
f 131 132 100
f 100 132 101
f 132 133 101
f 101 133 102
f 133 134 102
f 102 134 103
f 134 135 103
f 103 135 104
f 135 136 104
f 104 136 105
f 136 137 105
f 105 137 106
f 137 138 106
f 106 138 139
f 106 139 107
f 107 139 140
f 107 140 108
f 108 140 141
f 108 141 109
f 109 141 142
f 109 142 110
f 110 142 143
f 110 143 111
f 111 143 144
f 111 144 112
f 112 144 145
f 112 145 113
f 113 145 146
f 113 146 114
f 114 146 115
f 146 147 115
f 115 147 116
f 147 148 116
f 116 148 117
f 148 149 117
f 117 149 118
f 149 150 118
f 118 150 119
f 150 151 119
f 119 151 120
f 151 152 120
f 120 152 121
f 152 153 121
f 121 153 122
f 153 154 122
f 122 154 155
f 122 155 123
f 123 155 156
f 123 156 124
f 124 156 157
f 124 157 125
f 125 157 158
f 125 158 126
f 126 158 159
f 126 159 127
f 127 159 160
f 127 160 128
f 128 160 161
f 128 161 129
f 129 161 130
f 129 130 98
f 130 162 131
f 162 163 131
f 131 163 132
f 163 164 132
f 132 164 133
f 164 165 133
f 133 165 134
f 165 166 134
f 134 166 135
f 166 167 135
f 135 167 136
f 167 168 136
f 136 168 137
f 168 169 137
f 137 169 138
f 169 170 138
f 138 170 171
f 138 171 139
f 139 171 172
f 139 172 140
f 140 172 173
f 140 173 141
f 141 173 174
f 141 174 142
f 142 174 175
f 142 175 143
f 143 175 176
f 143 176 144
f 144 176 177
f 144 177 145
f 145 177 178
f 145 178 146
f 146 178 147
f 178 179 147
f 147 179 148
f 179 180 148
f 148 180 149
f 180 181 149
f 149 181 150
f 181 182 150
f 150 182 151
f 182 183 151
f 151 183 152
f 183 184 152
f 152 184 153
f 184 185 153
f 153 185 154
f 185 186 154
f 154 186 187
f 154 187 155
f 155 187 188
f 155 188 156
f 156 188 189
f 156 189 157
f 157 189 190
f 157 190 158
f 158 190 191
f 158 191 159
f 159 191 192
f 159 192 160
f 160 192 193
f 160 193 161
f 161 193 162
f 161 162 130
f 162 194 163
f 194 195 163
f 163 195 164
f 195 196 164
f 164 196 165
f 196 197 165
f 165 197 166
f 197 198 166
f 166 198 167
f 198 199 167
f 167 199 168
f 199 200 168
f 168 200 169
f 200 201 169
f 169 201 170
f 201 202 170
f 170 202 203
f 170 203 171
f 171 203 204
f 171 204 172
f 172 204 205
f 172 205 173
f 173 205 206
f 173 206 174
f 174 206 207
f 174 207 175
f 175 207 208
f 175 208 176
f 176 208 209
f 176 209 177
f 177 209 210
f 177 210 178
f 178 210 179
f 210 211 179
f 179 211 180
f 211 212 180
f 180 212 181
f 212 213 181
f 181 213 182
f 213 214 182
f 182 214 183
f 214 215 183
f 183 215 184
f 215 216 184
f 184 216 185
f 216 217 185
f 185 217 186
f 217 218 186
f 186 218 219
f 186 219 187
f 187 219 220
f 187 220 188
f 188 220 221
f 188 221 189
f 189 221 222
f 189 222 190
f 190 222 223
f 190 223 191
f 191 223 224
f 191 224 192
f 192 224 225
f 192 225 193
f 193 225 194
f 193 194 162
f 194 226 195
f 226 227 195
f 195 227 196
f 227 228 196
f 196 228 197
f 228 229 197
f 197 229 198
f 229 230 198
f 198 230 199
f 230 231 199
f 199 231 200
f 231 232 200
f 200 232 201
f 232 233 201
f 201 233 202
f 233 234 202
f 202 234 235
f 202 235 203
f 203 235 236
f 203 236 204
f 204 236 237
f 204 237 205
f 205 237 238
f 205 238 206
f 206 238 239
f 206 239 207
f 207 239 240
f 207 240 208
f 208 240 241
f 208 241 209
f 209 241 242
f 209 242 210
f 210 242 211
f 242 243 211
f 211 243 212
f 243 244 212
f 212 244 213
f 244 245 213
f 213 245 214
f 245 246 214
f 214 246 215
f 246 247 215
f 215 247 216
f 247 248 216
f 216 248 217
f 248 249 217
f 217 249 218
f 249 250 218
f 218 250 251
f 218 251 219
f 219 251 252
f 219 252 220
f 220 252 253
f 220 253 221
f 221 253 254
f 221 254 222
f 222 254 255
f 222 255 223
f 223 255 256
f 223 256 224
f 224 256 257
f 224 257 225
f 225 257 226
f 225 226 194
f 226 258 227
f 258 259 227
f 227 259 228
f 259 260 228
f 228 260 229
f 260 261 229
f 229 261 230
f 261 262 230
f 230 262 231
f 262 263 231
f 231 263 232
f 263 264 232
f 232 264 233
f 264 265 233
f 233 265 234
f 265 266 234
f 234 266 267
f 234 267 235
f 235 267 268
f 235 268 236
f 236 268 269
f 236 269 237
f 237 269 270
f 237 270 238
f 238 270 271
f 238 271 239
f 239 271 272
f 239 272 240
f 240 272 273
f 240 273 241
f 241 273 274
f 241 274 242
f 242 274 243
f 274 275 243
f 243 275 244
f 275 276 244
f 244 276 245
f 276 277 245
f 245 277 246
f 277 278 246
f 246 278 247
f 278 279 247
f 247 279 248
f 279 280 248
f 248 280 249
f 280 281 249
f 249 281 250
f 281 282 250
f 250 282 283
f 250 283 251
f 251 283 284
f 251 284 252
f 252 284 285
f 252 285 253
f 253 285 286
f 253 286 254
f 254 286 287
f 254 287 255
f 255 287 288
f 255 288 256
f 256 288 289
f 256 289 257
f 257 289 258
f 257 258 226
f 258 290 259
f 290 291 259
f 259 291 260
f 291 292 260
f 260 292 261
f 292 293 261
f 261 293 262
f 293 294 262
f 262 294 263
f 294 295 263
f 263 295 264
f 295 296 264
f 264 296 265
f 296 297 265
f 265 297 266
f 297 298 266
f 266 298 299
f 266 299 267
f 267 299 300
f 267 300 268
f 268 300 301
f 268 301 269
f 269 301 302
f 269 302 270
f 270 302 303
f 270 303 271
f 271 303 304
f 271 304 272
f 272 304 305
f 272 305 273
f 273 305 306
f 273 306 274
f 274 306 275
f 306 307 275
f 275 307 276
f 307 308 276
f 276 308 277
f 308 309 277
f 277 309 278
f 309 310 278
f 278 310 279
f 310 311 279
f 279 311 280
f 311 312 280
f 280 312 281
f 312 313 281
f 281 313 282
f 313 314 282
f 282 314 315
f 282 315 283
f 283 315 316
f 283 316 284
f 284 316 317
f 284 317 285
f 285 317 318
f 285 318 286
f 286 318 319
f 286 319 287
f 287 319 320
f 287 320 288
f 288 320 321
f 288 321 289
f 289 321 290
f 289 290 258
f 290 322 291
f 322 323 291
f 291 323 292
f 323 324 292
f 292 324 293
f 324 325 293
f 293 325 294
f 325 326 294
f 294 326 295
f 326 327 295
f 295 327 296
f 327 328 296
f 296 328 297
f 328 329 297
f 297 329 298
f 329 330 298
f 298 330 331
f 298 331 299
f 299 331 332
f 299 332 300
f 300 332 333
f 300 333 301
f 301 333 334
f 301 334 302
f 302 334 335
f 302 335 303
f 303 335 336
f 303 336 304
f 304 336 337
f 304 337 305
f 305 337 338
f 305 338 306
f 306 338 307
f 338 339 307
f 307 339 308
f 339 340 308
f 308 340 309
f 340 341 309
f 309 341 310
f 341 342 310
f 310 342 311
f 342 343 311
f 311 343 312
f 343 344 312
f 312 344 313
f 344 345 313
f 313 345 314
f 345 346 314
f 314 346 347
f 314 347 315
f 315 347 348
f 315 348 316
f 316 348 349
f 316 349 317
f 317 349 350
f 317 350 318
f 318 350 351
f 318 351 319
f 319 351 352
f 319 352 320
f 320 352 353
f 320 353 321
f 321 353 322
f 321 322 290
f 322 354 323
f 354 355 323
f 323 355 324
f 355 356 324
f 324 356 325
f 356 357 325
f 325 357 326
f 357 358 326
f 326 358 327
f 358 359 327
f 327 359 328
f 359 360 328
f 328 360 329
f 360 361 329
f 329 361 330
f 361 362 330
f 330 362 363
f 330 363 331
f 331 363 364
f 331 364 332
f 332 364 365
f 332 365 333
f 333 365 366
f 333 366 334
f 334 366 367
f 334 367 335
f 335 367 368
f 335 368 336
f 336 368 369
f 336 369 337
f 337 369 370
f 337 370 338
f 338 370 339
f 370 371 339
f 339 371 340
f 371 372 340
f 340 372 341
f 372 373 341
f 341 373 342
f 373 374 342
f 342 374 343
f 374 375 343
f 343 375 344
f 375 376 344
f 344 376 345
f 376 377 345
f 345 377 346
f 377 378 346
f 346 378 379
f 346 379 347
f 347 379 380
f 347 380 348
f 348 380 381
f 348 381 349
f 349 381 382
f 349 382 350
f 350 382 383
f 350 383 351
f 351 383 384
f 351 384 352
f 352 384 385
f 352 385 353
f 353 385 354
f 353 354 322
f 354 386 355
f 386 387 355
f 355 387 356
f 387 388 356
f 356 388 357
f 388 389 357
f 357 389 358
f 389 390 358
f 358 390 359
f 390 391 359
f 359 391 360
f 391 392 360
f 360 392 361
f 392 393 361
f 361 393 362
f 393 394 362
f 362 394 395
f 362 395 363
f 363 395 396
f 363 396 364
f 364 396 397
f 364 397 365
f 365 397 398
f 365 398 366
f 366 398 399
f 366 399 367
f 367 399 400
f 367 400 368
f 368 400 401
f 368 401 369
f 369 401 402
f 369 402 370
f 370 402 371
f 402 403 371
f 371 403 372
f 403 404 372
f 372 404 373
f 404 405 373
f 373 405 374
f 405 406 374
f 374 406 375
f 406 407 375
f 375 407 376
f 407 408 376
f 376 408 377
f 408 409 377
f 377 409 378
f 409 410 378
f 378 410 411
f 378 411 379
f 379 411 412
f 379 412 380
f 380 412 413
f 380 413 381
f 381 413 414
f 381 414 382
f 382 414 415
f 382 415 383
f 383 415 416
f 383 416 384
f 384 416 417
f 384 417 385
f 385 417 386
f 385 386 354
f 386 418 387
f 418 419 387
f 387 419 388
f 419 420 388
f 388 420 389
f 420 421 389
f 389 421 390
f 421 422 390
f 390 422 391
f 422 423 391
f 391 423 392
f 423 424 392
f 392 424 393
f 424 425 393
f 393 425 394
f 425 426 394
f 394 426 427
f 394 427 395
f 395 427 428
f 395 428 396
f 396 428 429
f 396 429 397
f 397 429 430
f 397 430 398
f 398 430 431
f 398 431 399
f 399 431 432
f 399 432 400
f 400 432 433
f 400 433 401
f 401 433 434
f 401 434 402
f 402 434 403
f 434 435 403
f 403 435 404
f 435 436 404
f 404 436 405
f 436 437 405
f 405 437 406
f 437 438 406
f 406 438 407
f 438 439 407
f 407 439 408
f 439 440 408
f 408 440 409
f 440 441 409
f 409 441 410
f 441 442 410
f 410 442 443
f 410 443 411
f 411 443 444
f 411 444 412
f 412 444 445
f 412 445 413
f 413 445 446
f 413 446 414
f 414 446 447
f 414 447 415
f 415 447 448
f 415 448 416
f 416 448 449
f 416 449 417
f 417 449 418
f 417 418 386
f 418 450 419
f 450 451 419
f 419 451 420
f 451 452 420
f 420 452 421
f 452 453 421
f 421 453 422
f 453 454 422
f 422 454 423
f 454 455 423
f 423 455 424
f 455 456 424
f 424 456 425
f 456 457 425
f 425 457 426
f 457 458 426
f 426 458 459
f 426 459 427
f 427 459 460
f 427 460 428
f 428 460 461
f 428 461 429
f 429 461 462
f 429 462 430
f 430 462 463
f 430 463 431
f 431 463 464
f 431 464 432
f 432 464 465
f 432 465 433
f 433 465 466
f 433 466 434
f 434 466 435
f 466 467 435
f 435 467 436
f 467 468 436
f 436 468 437
f 468 469 437
f 437 469 438
f 469 470 438
f 438 470 439
f 470 471 439
f 439 471 440
f 471 472 440
f 440 472 441
f 472 473 441
f 441 473 442
f 473 474 442
f 442 474 475
f 442 475 443
f 443 475 476
f 443 476 444
f 444 476 477
f 444 477 445
f 445 477 478
f 445 478 446
f 446 478 479
f 446 479 447
f 447 479 480
f 447 480 448
f 448 480 481
f 448 481 449
f 449 481 450
f 449 450 418
f 450 482 451
f 482 483 451
f 451 483 452
f 483 484 452
f 452 484 453
f 484 485 453
f 453 485 454
f 485 486 454
f 454 486 455
f 486 487 455
f 455 487 456
f 487 488 456
f 456 488 457
f 488 489 457
f 457 489 458
f 489 490 458
f 458 490 491
f 458 491 459
f 459 491 492
f 459 492 460
f 460 492 493
f 460 493 461
f 461 493 494
f 461 494 462
f 462 494 495
f 462 495 463
f 463 495 496
f 463 496 464
f 464 496 497
f 464 497 465
f 465 497 498
f 465 498 466
f 466 498 467
f 498 499 467
f 467 499 468
f 499 500 468
f 468 500 469
f 500 501 469
f 469 501 470
f 501 502 470
f 470 502 471
f 502 503 471
f 471 503 472
f 503 504 472
f 472 504 473
f 504 505 473
f 473 505 474
f 505 506 474
f 474 506 507
f 474 507 475
f 475 507 508
f 475 508 476
f 476 508 509
f 476 509 477
f 477 509 510
f 477 510 478
f 478 510 511
f 478 511 479
f 479 511 512
f 479 512 480
f 480 512 513
f 480 513 481
f 481 513 482
f 481 482 450
f 482 514 483
f 514 515 483
f 483 515 484
f 515 516 484
f 484 516 485
f 516 517 485
f 485 517 486
f 517 518 486
f 486 518 487
f 518 519 487
f 487 519 488
f 519 520 488
f 488 520 489
f 520 521 489
f 489 521 490
f 521 522 490
f 490 522 523
f 490 523 491
f 491 523 524
f 491 524 492
f 492 524 525
f 492 525 493
f 493 525 526
f 493 526 494
f 494 526 527
f 494 527 495
f 495 527 528
f 495 528 496
f 496 528 529
f 496 529 497
f 497 529 530
f 497 530 498
f 498 530 499
f 530 531 499
f 499 531 500
f 531 532 500
f 500 532 501
f 532 533 501
f 501 533 502
f 533 534 502
f 502 534 503
f 534 535 503
f 503 535 504
f 535 536 504
f 504 536 505
f 536 537 505
f 505 537 506
f 537 538 506
f 506 538 539
f 506 539 507
f 507 539 540
f 507 540 508
f 508 540 541
f 508 541 509
f 509 541 542
f 509 542 510
f 510 542 543
f 510 543 511
f 511 543 544
f 511 544 512
f 512 544 545
f 512 545 513
f 513 545 514
f 513 514 482
f 514 546 515
f 546 547 515
f 515 547 516
f 547 548 516
f 516 548 517
f 548 549 517
f 517 549 518
f 549 550 518
f 518 550 519
f 550 551 519
f 519 551 520
f 551 552 520
f 520 552 521
f 552 553 521
f 521 553 522
f 553 554 522
f 522 554 555
f 522 555 523
f 523 555 556
f 523 556 524
f 524 556 557
f 524 557 525
f 525 557 558
f 525 558 526
f 526 558 559
f 526 559 527
f 527 559 560
f 527 560 528
f 528 560 561
f 528 561 529
f 529 561 562
f 529 562 530
f 530 562 531
f 562 563 531
f 531 563 532
f 563 564 532
f 532 564 533
f 564 565 533
f 533 565 534
f 565 566 534
f 534 566 535
f 566 567 535
f 535 567 536
f 567 568 536
f 536 568 537
f 568 569 537
f 537 569 538
f 569 570 538
f 538 570 571
f 538 571 539
f 539 571 572
f 539 572 540
f 540 572 573
f 540 573 541
f 541 573 574
f 541 574 542
f 542 574 575
f 542 575 543
f 543 575 576
f 543 576 544
f 544 576 577
f 544 577 545
f 545 577 546
f 545 546 514
f 546 578 547
f 578 579 547
f 547 579 548
f 579 580 548
f 548 580 549
f 580 581 549
f 549 581 550
f 581 582 550
f 550 582 551
f 582 583 551
f 551 583 552
f 583 584 552
f 552 584 553
f 584 585 553
f 553 585 554
f 585 586 554
f 554 586 587
f 554 587 555
f 555 587 588
f 555 588 556
f 556 588 589
f 556 589 557
f 557 589 590
f 557 590 558
f 558 590 591
f 558 591 559
f 559 591 592
f 559 592 560
f 560 592 593
f 560 593 561
f 561 593 594
f 561 594 562
f 562 594 563
f 594 595 563
f 563 595 564
f 595 596 564
f 564 596 565
f 596 597 565
f 565 597 566
f 597 598 566
f 566 598 567
f 598 599 567
f 567 599 568
f 599 600 568
f 568 600 569
f 600 601 569
f 569 601 570
f 601 602 570
f 570 602 603
f 570 603 571
f 571 603 604
f 571 604 572
f 572 604 605
f 572 605 573
f 573 605 606
f 573 606 574
f 574 606 607
f 574 607 575
f 575 607 608
f 575 608 576
f 576 608 609
f 576 609 577
f 577 609 578
f 577 578 546
f 578 610 579
f 610 611 579
f 579 611 580
f 611 612 580
f 580 612 581
f 612 613 581
f 581 613 582
f 613 614 582
f 582 614 583
f 614 615 583
f 583 615 584
f 615 616 584
f 584 616 585
f 616 617 585
f 585 617 586
f 617 618 586
f 586 618 619
f 586 619 587
f 587 619 620
f 587 620 588
f 588 620 621
f 588 621 589
f 589 621 622
f 589 622 590
f 590 622 623
f 590 623 591
f 591 623 624
f 591 624 592
f 592 624 625
f 592 625 593
f 593 625 626
f 593 626 594
f 594 626 595
f 626 627 595
f 595 627 596
f 627 628 596
f 596 628 597
f 628 629 597
f 597 629 598
f 629 630 598
f 598 630 599
f 630 631 599
f 599 631 600
f 631 632 600
f 600 632 601
f 632 633 601
f 601 633 602
f 633 634 602
f 602 634 635
f 602 635 603
f 603 635 636
f 603 636 604
f 604 636 637
f 604 637 605
f 605 637 638
f 605 638 606
f 606 638 639
f 606 639 607
f 607 639 640
f 607 640 608
f 608 640 641
f 608 641 609
f 609 641 610
f 609 610 578
f 610 642 611
f 642 643 611
f 611 643 612
f 643 644 612
f 612 644 613
f 644 645 613
f 613 645 614
f 645 646 614
f 614 646 615
f 646 647 615
f 615 647 616
f 647 648 616
f 616 648 617
f 648 649 617
f 617 649 618
f 649 650 618
f 618 650 651
f 618 651 619
f 619 651 652
f 619 652 620
f 620 652 653
f 620 653 621
f 621 653 654
f 621 654 622
f 622 654 655
f 622 655 623
f 623 655 656
f 623 656 624
f 624 656 657
f 624 657 625
f 625 657 658
f 625 658 626
f 626 658 627
f 658 659 627
f 627 659 628
f 659 660 628
f 628 660 629
f 660 661 629
f 629 661 630
f 661 662 630
f 630 662 631
f 662 663 631
f 631 663 632
f 663 664 632
f 632 664 633
f 664 665 633
f 633 665 634
f 665 666 634
f 634 666 667
f 634 667 635
f 635 667 668
f 635 668 636
f 636 668 669
f 636 669 637
f 637 669 670
f 637 670 638
f 638 670 671
f 638 671 639
f 639 671 672
f 639 672 640
f 640 672 673
f 640 673 641
f 641 673 642
f 641 642 610
f 642 674 643
f 674 675 643
f 643 675 644
f 675 676 644
f 644 676 645
f 676 677 645
f 645 677 646
f 677 678 646
f 646 678 647
f 678 679 647
f 647 679 648
f 679 680 648
f 648 680 649
f 680 681 649
f 649 681 650
f 681 682 650
f 650 682 683
f 650 683 651
f 651 683 684
f 651 684 652
f 652 684 685
f 652 685 653
f 653 685 686
f 653 686 654
f 654 686 687
f 654 687 655
f 655 687 688
f 655 688 656
f 656 688 689
f 656 689 657
f 657 689 690
f 657 690 658
f 658 690 659
f 690 691 659
f 659 691 660
f 691 692 660
f 660 692 661
f 692 693 661
f 661 693 662
f 693 694 662
f 662 694 663
f 694 695 663
f 663 695 664
f 695 696 664
f 664 696 665
f 696 697 665
f 665 697 666
f 697 698 666
f 666 698 699
f 666 699 667
f 667 699 700
f 667 700 668
f 668 700 701
f 668 701 669
f 669 701 702
f 669 702 670
f 670 702 703
f 670 703 671
f 671 703 704
f 671 704 672
f 672 704 705
f 672 705 673
f 673 705 674
f 673 674 642
f 674 706 675
f 706 707 675
f 675 707 676
f 707 708 676
f 676 708 677
f 708 709 677
f 677 709 678
f 709 710 678
f 678 710 679
f 710 711 679
f 679 711 680
f 711 712 680
f 680 712 681
f 712 713 681
f 681 713 682
f 713 714 682
f 682 714 715
f 682 715 683
f 683 715 716
f 683 716 684
f 684 716 717
f 684 717 685
f 685 717 718
f 685 718 686
f 686 718 719
f 686 719 687
f 687 719 720
f 687 720 688
f 688 720 721
f 688 721 689
f 689 721 722
f 689 722 690
f 690 722 691
f 722 723 691
f 691 723 692
f 723 724 692
f 692 724 693
f 724 725 693
f 693 725 694
f 725 726 694
f 694 726 695
f 726 727 695
f 695 727 696
f 727 728 696
f 696 728 697
f 728 729 697
f 697 729 698
f 729 730 698
f 698 730 731
f 698 731 699
f 699 731 732
f 699 732 700
f 700 732 733
f 700 733 701
f 701 733 734
f 701 734 702
f 702 734 735
f 702 735 703
f 703 735 736
f 703 736 704
f 704 736 737
f 704 737 705
f 705 737 706
f 705 706 674
f 706 738 739
f 706 739 707
f 707 739 740
f 707 740 708
f 708 740 741
f 708 741 709
f 709 741 742
f 709 742 710
f 710 742 743
f 710 743 711
f 711 743 744
f 711 744 712
f 712 744 745
f 712 745 713
f 713 745 746
f 713 746 714
f 714 746 715
f 746 747 715
f 715 747 716
f 747 748 716
f 716 748 717
f 748 749 717
f 717 749 718
f 749 750 718
f 718 750 719
f 750 751 719
f 719 751 720
f 751 752 720
f 720 752 721
f 752 753 721
f 721 753 722
f 753 754 722
f 722 754 755
f 722 755 723
f 723 755 756
f 723 756 724
f 724 756 757
f 724 757 725
f 725 757 758
f 725 758 726
f 726 758 759
f 726 759 727
f 727 759 760
f 727 760 728
f 728 760 761
f 728 761 729
f 729 761 762
f 729 762 730
f 730 762 731
f 762 763 731
f 731 763 732
f 763 764 732
f 732 764 733
f 764 765 733
f 733 765 734
f 765 766 734
f 734 766 735
f 766 767 735
f 735 767 736
f 767 768 736
f 736 768 737
f 768 769 737
f 737 769 706
f 769 738 706
f 738 770 771
f 738 771 739
f 739 771 772
f 739 772 740
f 740 772 773
f 740 773 741
f 741 773 774
f 741 774 742
f 742 774 775
f 742 775 743
f 743 775 776
f 743 776 744
f 744 776 777
f 744 777 745
f 745 777 778
f 745 778 746
f 746 778 747
f 778 779 747
f 747 779 748
f 779 780 748
f 748 780 749
f 780 781 749
f 749 781 750
f 781 782 750
f 750 782 751
f 782 783 751
f 751 783 752
f 783 784 752
f 752 784 753
f 784 785 753
f 753 785 754
f 785 786 754
f 754 786 787
f 754 787 755
f 755 787 788
f 755 788 756
f 756 788 789
f 756 789 757
f 757 789 790
f 757 790 758
f 758 790 791
f 758 791 759
f 759 791 792
f 759 792 760
f 760 792 793
f 760 793 761
f 761 793 794
f 761 794 762
f 762 794 763
f 794 795 763
f 763 795 764
f 795 796 764
f 764 796 765
f 796 797 765
f 765 797 766
f 797 798 766
f 766 798 767
f 798 799 767
f 767 799 768
f 799 800 768
f 768 800 769
f 800 801 769
f 769 801 738
f 801 770 738
f 770 802 803
f 770 803 771
f 771 803 804
f 771 804 772
f 772 804 805
f 772 805 773
f 773 805 806
f 773 806 774
f 774 806 807
f 774 807 775
f 775 807 808
f 775 808 776
f 776 808 809
f 776 809 777
f 777 809 810
f 777 810 778
f 778 810 779
f 810 811 779
f 779 811 780
f 811 812 780
f 780 812 781
f 812 813 781
f 781 813 782
f 813 814 782
f 782 814 783
f 814 815 783
f 783 815 784
f 815 816 784
f 784 816 785
f 816 817 785
f 785 817 786
f 817 818 786
f 786 818 819
f 786 819 787
f 787 819 820
f 787 820 788
f 788 820 821
f 788 821 789
f 789 821 822
f 789 822 790
f 790 822 823
f 790 823 791
f 791 823 824
f 791 824 792
f 792 824 825
f 792 825 793
f 793 825 826
f 793 826 794
f 794 826 795
f 826 827 795
f 795 827 796
f 827 828 796
f 796 828 797
f 828 829 797
f 797 829 798
f 829 830 798
f 798 830 799
f 830 831 799
f 799 831 800
f 831 832 800
f 800 832 801
f 832 833 801
f 801 833 770
f 833 802 770
f 802 834 835
f 802 835 803
f 803 835 836
f 803 836 804
f 804 836 837
f 804 837 805
f 805 837 838
f 805 838 806
f 806 838 839
f 806 839 807
f 807 839 840
f 807 840 808
f 808 840 841
f 808 841 809
f 809 841 842
f 809 842 810
f 810 842 811
f 842 843 811
f 811 843 812
f 843 844 812
f 812 844 813
f 844 845 813
f 813 845 814
f 845 846 814
f 814 846 815
f 846 847 815
f 815 847 816
f 847 848 816
f 816 848 817
f 848 849 817
f 817 849 818
f 849 850 818
f 818 850 851
f 818 851 819
f 819 851 852
f 819 852 820
f 820 852 853
f 820 853 821
f 821 853 854
f 821 854 822
f 822 854 855
f 822 855 823
f 823 855 856
f 823 856 824
f 824 856 857
f 824 857 825
f 825 857 858
f 825 858 826
f 826 858 827
f 858 859 827
f 827 859 828
f 859 860 828
f 828 860 829
f 860 861 829
f 829 861 830
f 861 862 830
f 830 862 831
f 862 863 831
f 831 863 832
f 863 864 832
f 832 864 833
f 864 865 833
f 833 865 802
f 865 834 802
f 834 866 867
f 834 867 835
f 835 867 868
f 835 868 836
f 836 868 869
f 836 869 837
f 837 869 870
f 837 870 838
f 838 870 871
f 838 871 839
f 839 871 872
f 839 872 840
f 840 872 873
f 840 873 841
f 841 873 874
f 841 874 842
f 842 874 843
f 874 875 843
f 843 875 844
f 875 876 844
f 844 876 845
f 876 877 845
f 845 877 846
f 877 878 846
f 846 878 847
f 878 879 847
f 847 879 848
f 879 880 848
f 848 880 849
f 880 881 849
f 849 881 850
f 881 882 850
f 850 882 883
f 850 883 851
f 851 883 884
f 851 884 852
f 852 884 885
f 852 885 853
f 853 885 886
f 853 886 854
f 854 886 887
f 854 887 855
f 855 887 888
f 855 888 856
f 856 888 889
f 856 889 857
f 857 889 890
f 857 890 858
f 858 890 859
f 890 891 859
f 859 891 860
f 891 892 860
f 860 892 861
f 892 893 861
f 861 893 862
f 893 894 862
f 862 894 863
f 894 895 863
f 863 895 864
f 895 896 864
f 864 896 865
f 896 897 865
f 865 897 834
f 897 866 834
f 866 898 899
f 866 899 867
f 867 899 900
f 867 900 868
f 868 900 901
f 868 901 869
f 869 901 902
f 869 902 870
f 870 902 903
f 870 903 871
f 871 903 904
f 871 904 872
f 872 904 905
f 872 905 873
f 873 905 906
f 873 906 874
f 874 906 875
f 906 907 875
f 875 907 876
f 907 908 876
f 876 908 877
f 908 909 877
f 877 909 878
f 909 910 878
f 878 910 879
f 910 911 879
f 879 911 880
f 911 912 880
f 880 912 881
f 912 913 881
f 881 913 882
f 913 914 882
f 882 914 915
f 882 915 883
f 883 915 916
f 883 916 884
f 884 916 917
f 884 917 885
f 885 917 918
f 885 918 886
f 886 918 919
f 886 919 887
f 887 919 920
f 887 920 888
f 888 920 921
f 888 921 889
f 889 921 922
f 889 922 890
f 890 922 891
f 922 923 891
f 891 923 892
f 923 924 892
f 892 924 893
f 924 925 893
f 893 925 894
f 925 926 894
f 894 926 895
f 926 927 895
f 895 927 896
f 927 928 896
f 896 928 897
f 928 929 897
f 897 929 866
f 929 898 866
f 898 930 931
f 898 931 899
f 899 931 932
f 899 932 900
f 900 932 933
f 900 933 901
f 901 933 934
f 901 934 902
f 902 934 935
f 902 935 903
f 903 935 936
f 903 936 904
f 904 936 937
f 904 937 905
f 905 937 938
f 905 938 906
f 906 938 907
f 938 939 907
f 907 939 908
f 939 940 908
f 908 940 909
f 940 941 909
f 909 941 910
f 941 942 910
f 910 942 911
f 942 943 911
f 911 943 912
f 943 944 912
f 912 944 913
f 944 945 913
f 913 945 914
f 945 946 914
f 914 946 947
f 914 947 915
f 915 947 948
f 915 948 916
f 916 948 949
f 916 949 917
f 917 949 950
f 917 950 918
f 918 950 951
f 918 951 919
f 919 951 952
f 919 952 920
f 920 952 953
f 920 953 921
f 921 953 954
f 921 954 922
f 922 954 923
f 954 955 923
f 923 955 924
f 955 956 924
f 924 956 925
f 956 957 925
f 925 957 926
f 957 958 926
f 926 958 927
f 958 959 927
f 927 959 928
f 959 960 928
f 928 960 929
f 960 961 929
f 929 961 898
f 961 930 898
f 930 962 963
f 930 963 931
f 931 963 964
f 931 964 932
f 932 964 965
f 932 965 933
f 933 965 966
f 933 966 934
f 934 966 967
f 934 967 935
f 935 967 968
f 935 968 936
f 936 968 969
f 936 969 937
f 937 969 970
f 937 970 938
f 938 970 939
f 970 971 939
f 939 971 940
f 971 972 940
f 940 972 941
f 972 973 941
f 941 973 942
f 973 974 942
f 942 974 943
f 974 975 943
f 943 975 944
f 975 976 944
f 944 976 945
f 976 977 945
f 945 977 946
f 977 978 946
f 946 978 979
f 946 979 947
f 947 979 980
f 947 980 948
f 948 980 981
f 948 981 949
f 949 981 982
f 949 982 950
f 950 982 983
f 950 983 951
f 951 983 984
f 951 984 952
f 952 984 985
f 952 985 953
f 953 985 986
f 953 986 954
f 954 986 955
f 986 987 955
f 955 987 956
f 987 988 956
f 956 988 957
f 988 989 957
f 957 989 958
f 989 990 958
f 958 990 959
f 990 991 959
f 959 991 960
f 991 992 960
f 960 992 961
f 992 993 961
f 961 993 930
f 993 962 930
f 962 994 995
f 962 995 963
f 963 995 996
f 963 996 964
f 964 996 997
f 964 997 965
f 965 997 998
f 965 998 966
f 966 998 999
f 966 999 967
f 967 999 1000
f 967 1000 968
f 968 1000 1001
f 968 1001 969
f 969 1001 1002
f 969 1002 970
f 970 1002 971
f 1002 1003 971
f 971 1003 972
f 1003 1004 972
f 972 1004 973
f 1004 1005 973
f 973 1005 974
f 1005 1006 974
f 974 1006 975
f 1006 1007 975
f 975 1007 976
f 1007 1008 976
f 976 1008 977
f 1008 1009 977
f 977 1009 978
f 1009 1010 978
f 978 1010 1011
f 978 1011 979
f 979 1011 1012
f 979 1012 980
f 980 1012 1013
f 980 1013 981
f 981 1013 1014
f 981 1014 982
f 982 1014 1015
f 982 1015 983
f 983 1015 1016
f 983 1016 984
f 984 1016 1017
f 984 1017 985
f 985 1017 1018
f 985 1018 986
f 986 1018 987
f 1018 1019 987
f 987 1019 988
f 1019 1020 988
f 988 1020 989
f 1020 1021 989
f 989 1021 990
f 1021 1022 990
f 990 1022 991
f 1022 1023 991
f 991 1023 992
f 1023 1024 992
f 992 1024 993
f 1024 1025 993
f 993 1025 962
f 1025 994 962
f 994 1026 1027
f 994 1027 995
f 995 1027 1028
f 995 1028 996
f 996 1028 1029
f 996 1029 997
f 997 1029 1030
f 997 1030 998
f 998 1030 1031
f 998 1031 999
f 999 1031 1032
f 999 1032 1000
f 1000 1032 1033
f 1000 1033 1001
f 1001 1033 1034
f 1001 1034 1002
f 1002 1034 1003
f 1034 1035 1003
f 1003 1035 1004
f 1035 1036 1004
f 1004 1036 1005
f 1036 1037 1005
f 1005 1037 1006
f 1037 1038 1006
f 1006 1038 1007
f 1038 1039 1007
f 1007 1039 1008
f 1039 1040 1008
f 1008 1040 1009
f 1040 1041 1009
f 1009 1041 1010
f 1041 1042 1010
f 1010 1042 1043
f 1010 1043 1011
f 1011 1043 1044
f 1011 1044 1012
f 1012 1044 1045
f 1012 1045 1013
f 1013 1045 1046
f 1013 1046 1014
f 1014 1046 1047
f 1014 1047 1015
f 1015 1047 1048
f 1015 1048 1016
f 1016 1048 1049
f 1016 1049 1017
f 1017 1049 1050
f 1017 1050 1018
f 1018 1050 1019
f 1050 1051 1019
f 1019 1051 1020
f 1051 1052 1020
f 1020 1052 1021
f 1052 1053 1021
f 1021 1053 1022
f 1053 1054 1022
f 1022 1054 1023
f 1054 1055 1023
f 1023 1055 1024
f 1055 1056 1024
f 1024 1056 1025
f 1056 1057 1025
f 1025 1057 994
f 1057 1026 994
f 1026 1058 1059
f 1026 1059 1027
f 1027 1059 1060
f 1027 1060 1028
f 1028 1060 1061
f 1028 1061 1029
f 1029 1061 1062
f 1029 1062 1030
f 1030 1062 1063
f 1030 1063 1031
f 1031 1063 1064
f 1031 1064 1032
f 1032 1064 1065
f 1032 1065 1033
f 1033 1065 1066
f 1033 1066 1034
f 1034 1066 1035
f 1066 1067 1035
f 1035 1067 1036
f 1067 1068 1036
f 1036 1068 1037
f 1068 1069 1037
f 1037 1069 1038
f 1069 1070 1038
f 1038 1070 1039
f 1070 1071 1039
f 1039 1071 1040
f 1071 1072 1040
f 1040 1072 1041
f 1072 1073 1041
f 1041 1073 1042
f 1073 1074 1042
f 1042 1074 1075
f 1042 1075 1043
f 1043 1075 1076
f 1043 1076 1044
f 1044 1076 1077
f 1044 1077 1045
f 1045 1077 1078
f 1045 1078 1046
f 1046 1078 1079
f 1046 1079 1047
f 1047 1079 1080
f 1047 1080 1048
f 1048 1080 1081
f 1048 1081 1049
f 1049 1081 1082
f 1049 1082 1050
f 1050 1082 1051
f 1082 1083 1051
f 1051 1083 1052
f 1083 1084 1052
f 1052 1084 1053
f 1084 1085 1053
f 1053 1085 1054
f 1085 1086 1054
f 1054 1086 1055
f 1086 1087 1055
f 1055 1087 1056
f 1087 1088 1056
f 1056 1088 1057
f 1088 1089 1057
f 1057 1089 1026
f 1089 1058 1026
f 1058 1090 1091
f 1058 1091 1059
f 1059 1091 1092
f 1059 1092 1060
f 1060 1092 1093
f 1060 1093 1061
f 1061 1093 1094
f 1061 1094 1062
f 1062 1094 1095
f 1062 1095 1063
f 1063 1095 1096
f 1063 1096 1064
f 1064 1096 1097
f 1064 1097 1065
f 1065 1097 1098
f 1065 1098 1066
f 1066 1098 1067
f 1098 1099 1067
f 1067 1099 1068
f 1099 1100 1068
f 1068 1100 1069
f 1100 1101 1069
f 1069 1101 1070
f 1101 1102 1070
f 1070 1102 1071
f 1102 1103 1071
f 1071 1103 1072
f 1103 1104 1072
f 1072 1104 1073
f 1104 1105 1073
f 1073 1105 1074
f 1105 1106 1074
f 1074 1106 1107
f 1074 1107 1075
f 1075 1107 1108
f 1075 1108 1076
f 1076 1108 1109
f 1076 1109 1077
f 1077 1109 1110
f 1077 1110 1078
f 1078 1110 1111
f 1078 1111 1079
f 1079 1111 1112
f 1079 1112 1080
f 1080 1112 1113
f 1080 1113 1081
f 1081 1113 1114
f 1081 1114 1082
f 1082 1114 1083
f 1114 1115 1083
f 1083 1115 1084
f 1115 1116 1084
f 1084 1116 1085
f 1116 1117 1085
f 1085 1117 1086
f 1117 1118 1086
f 1086 1118 1087
f 1118 1119 1087
f 1087 1119 1088
f 1119 1120 1088
f 1088 1120 1089
f 1120 1121 1089
f 1089 1121 1058
f 1121 1090 1058
f 1090 1122 1123
f 1090 1123 1091
f 1091 1123 1124
f 1091 1124 1092
f 1092 1124 1125
f 1092 1125 1093
f 1093 1125 1126
f 1093 1126 1094
f 1094 1126 1127
f 1094 1127 1095
f 1095 1127 1128
f 1095 1128 1096
f 1096 1128 1129
f 1096 1129 1097
f 1097 1129 1130
f 1097 1130 1098
f 1098 1130 1099
f 1130 1131 1099
f 1099 1131 1100
f 1131 1132 1100
f 1100 1132 1101
f 1132 1133 1101
f 1101 1133 1102
f 1133 1134 1102
f 1102 1134 1103
f 1134 1135 1103
f 1103 1135 1104
f 1135 1136 1104
f 1104 1136 1105
f 1136 1137 1105
f 1105 1137 1106
f 1137 1138 1106
f 1106 1138 1139
f 1106 1139 1107
f 1107 1139 1140
f 1107 1140 1108
f 1108 1140 1141
f 1108 1141 1109
f 1109 1141 1142
f 1109 1142 1110
f 1110 1142 1143
f 1110 1143 1111
f 1111 1143 1144
f 1111 1144 1112
f 1112 1144 1145
f 1112 1145 1113
f 1113 1145 1146
f 1113 1146 1114
f 1114 1146 1115
f 1146 1147 1115
f 1115 1147 1116
f 1147 1148 1116
f 1116 1148 1117
f 1148 1149 1117
f 1117 1149 1118
f 1149 1150 1118
f 1118 1150 1119
f 1150 1151 1119
f 1119 1151 1120
f 1151 1152 1120
f 1120 1152 1121
f 1152 1153 1121
f 1121 1153 1090
f 1153 1122 1090
f 1122 1154 1155
f 1122 1155 1123
f 1123 1155 1156
f 1123 1156 1124
f 1124 1156 1157
f 1124 1157 1125
f 1125 1157 1158
f 1125 1158 1126
f 1126 1158 1159
f 1126 1159 1127
f 1127 1159 1160
f 1127 1160 1128
f 1128 1160 1161
f 1128 1161 1129
f 1129 1161 1162
f 1129 1162 1130
f 1130 1162 1131
f 1162 1163 1131
f 1131 1163 1132
f 1163 1164 1132
f 1132 1164 1133
f 1164 1165 1133
f 1133 1165 1134
f 1165 1166 1134
f 1134 1166 1135
f 1166 1167 1135
f 1135 1167 1136
f 1167 1168 1136
f 1136 1168 1137
f 1168 1169 1137
f 1137 1169 1138
f 1169 1170 1138
f 1138 1170 1171
f 1138 1171 1139
f 1139 1171 1172
f 1139 1172 1140
f 1140 1172 1173
f 1140 1173 1141
f 1141 1173 1174
f 1141 1174 1142
f 1142 1174 1175
f 1142 1175 1143
f 1143 1175 1176
f 1143 1176 1144
f 1144 1176 1177
f 1144 1177 1145
f 1145 1177 1178
f 1145 1178 1146
f 1146 1178 1147
f 1178 1179 1147
f 1147 1179 1148
f 1179 1180 1148
f 1148 1180 1149
f 1180 1181 1149
f 1149 1181 1150
f 1181 1182 1150
f 1150 1182 1151
f 1182 1183 1151
f 1151 1183 1152
f 1183 1184 1152
f 1152 1184 1153
f 1184 1185 1153
f 1153 1185 1122
f 1185 1154 1122
f 1154 1186 1187
f 1154 1187 1155
f 1155 1187 1188
f 1155 1188 1156
f 1156 1188 1189
f 1156 1189 1157
f 1157 1189 1190
f 1157 1190 1158
f 1158 1190 1191
f 1158 1191 1159
f 1159 1191 1192
f 1159 1192 1160
f 1160 1192 1193
f 1160 1193 1161
f 1161 1193 1194
f 1161 1194 1162
f 1162 1194 1163
f 1194 1195 1163
f 1163 1195 1164
f 1195 1196 1164
f 1164 1196 1165
f 1196 1197 1165
f 1165 1197 1166
f 1197 1198 1166
f 1166 1198 1167
f 1198 1199 1167
f 1167 1199 1168
f 1199 1200 1168
f 1168 1200 1169
f 1200 1201 1169
f 1169 1201 1170
f 1201 1202 1170
f 1170 1202 1203
f 1170 1203 1171
f 1171 1203 1204
f 1171 1204 1172
f 1172 1204 1205
f 1172 1205 1173
f 1173 1205 1206
f 1173 1206 1174
f 1174 1206 1207
f 1174 1207 1175
f 1175 1207 1208
f 1175 1208 1176
f 1176 1208 1209
f 1176 1209 1177
f 1177 1209 1210
f 1177 1210 1178
f 1178 1210 1179
f 1210 1211 1179
f 1179 1211 1180
f 1211 1212 1180
f 1180 1212 1181
f 1212 1213 1181
f 1181 1213 1182
f 1213 1214 1182
f 1182 1214 1183
f 1214 1215 1183
f 1183 1215 1184
f 1215 1216 1184
f 1184 1216 1185
f 1216 1217 1185
f 1185 1217 1154
f 1217 1186 1154
f 1186 1218 1219
f 1186 1219 1187
f 1187 1219 1220
f 1187 1220 1188
f 1188 1220 1221
f 1188 1221 1189
f 1189 1221 1222
f 1189 1222 1190
f 1190 1222 1223
f 1190 1223 1191
f 1191 1223 1224
f 1191 1224 1192
f 1192 1224 1225
f 1192 1225 1193
f 1193 1225 1226
f 1193 1226 1194
f 1194 1226 1195
f 1226 1227 1195
f 1195 1227 1196
f 1227 1228 1196
f 1196 1228 1197
f 1228 1229 1197
f 1197 1229 1198
f 1229 1230 1198
f 1198 1230 1199
f 1230 1231 1199
f 1199 1231 1200
f 1231 1232 1200
f 1200 1232 1201
f 1232 1233 1201
f 1201 1233 1202
f 1233 1234 1202
f 1202 1234 1235
f 1202 1235 1203
f 1203 1235 1236
f 1203 1236 1204
f 1204 1236 1237
f 1204 1237 1205
f 1205 1237 1238
f 1205 1238 1206
f 1206 1238 1239
f 1206 1239 1207
f 1207 1239 1240
f 1207 1240 1208
f 1208 1240 1241
f 1208 1241 1209
f 1209 1241 1242
f 1209 1242 1210
f 1210 1242 1211
f 1242 1243 1211
f 1211 1243 1212
f 1243 1244 1212
f 1212 1244 1213
f 1244 1245 1213
f 1213 1245 1214
f 1245 1246 1214
f 1214 1246 1215
f 1246 1247 1215
f 1215 1247 1216
f 1247 1248 1216
f 1216 1248 1217
f 1248 1249 1217
f 1217 1249 1186
f 1249 1218 1186
f 1218 1250 1251
f 1218 1251 1219
f 1219 1251 1252
f 1219 1252 1220
f 1220 1252 1253
f 1220 1253 1221
f 1221 1253 1254
f 1221 1254 1222
f 1222 1254 1255
f 1222 1255 1223
f 1223 1255 1256
f 1223 1256 1224
f 1224 1256 1257
f 1224 1257 1225
f 1225 1257 1258
f 1225 1258 1226
f 1226 1258 1227
f 1258 1259 1227
f 1227 1259 1228
f 1259 1260 1228
f 1228 1260 1229
f 1260 1261 1229
f 1229 1261 1230
f 1261 1262 1230
f 1230 1262 1231
f 1262 1263 1231
f 1231 1263 1232
f 1263 1264 1232
f 1232 1264 1233
f 1264 1265 1233
f 1233 1265 1234
f 1265 1266 1234
f 1234 1266 1267
f 1234 1267 1235
f 1235 1267 1268
f 1235 1268 1236
f 1236 1268 1269
f 1236 1269 1237
f 1237 1269 1270
f 1237 1270 1238
f 1238 1270 1271
f 1238 1271 1239
f 1239 1271 1272
f 1239 1272 1240
f 1240 1272 1273
f 1240 1273 1241
f 1241 1273 1274
f 1241 1274 1242
f 1242 1274 1243
f 1274 1275 1243
f 1243 1275 1244
f 1275 1276 1244
f 1244 1276 1245
f 1276 1277 1245
f 1245 1277 1246
f 1277 1278 1246
f 1246 1278 1247
f 1278 1279 1247
f 1247 1279 1248
f 1279 1280 1248
f 1248 1280 1249
f 1280 1281 1249
f 1249 1281 1218
f 1281 1250 1218
f 1250 1282 1283
f 1250 1283 1251
f 1251 1283 1284
f 1251 1284 1252
f 1252 1284 1285
f 1252 1285 1253
f 1253 1285 1286
f 1253 1286 1254
f 1254 1286 1287
f 1254 1287 1255
f 1255 1287 1288
f 1255 1288 1256
f 1256 1288 1289
f 1256 1289 1257
f 1257 1289 1290
f 1257 1290 1258
f 1258 1290 1259
f 1290 1291 1259
f 1259 1291 1260
f 1291 1292 1260
f 1260 1292 1261
f 1292 1293 1261
f 1261 1293 1262
f 1293 1294 1262
f 1262 1294 1263
f 1294 1295 1263
f 1263 1295 1264
f 1295 1296 1264
f 1264 1296 1265
f 1296 1297 1265
f 1265 1297 1266
f 1297 1298 1266
f 1266 1298 1299
f 1266 1299 1267
f 1267 1299 1300
f 1267 1300 1268
f 1268 1300 1301
f 1268 1301 1269
f 1269 1301 1302
f 1269 1302 1270
f 1270 1302 1303
f 1270 1303 1271
f 1271 1303 1304
f 1271 1304 1272
f 1272 1304 1305
f 1272 1305 1273
f 1273 1305 1306
f 1273 1306 1274
f 1274 1306 1275
f 1306 1307 1275
f 1275 1307 1276
f 1307 1308 1276
f 1276 1308 1277
f 1308 1309 1277
f 1277 1309 1278
f 1309 1310 1278
f 1278 1310 1279
f 1310 1311 1279
f 1279 1311 1280
f 1311 1312 1280
f 1280 1312 1281
f 1312 1313 1281
f 1281 1313 1250
f 1313 1282 1250
f 1282 1314 1315
f 1282 1315 1283
f 1283 1315 1316
f 1283 1316 1284
f 1284 1316 1317
f 1284 1317 1285
f 1285 1317 1318
f 1285 1318 1286
f 1286 1318 1319
f 1286 1319 1287
f 1287 1319 1320
f 1287 1320 1288
f 1288 1320 1321
f 1288 1321 1289
f 1289 1321 1322
f 1289 1322 1290
f 1290 1322 1291
f 1322 1323 1291
f 1291 1323 1292
f 1323 1324 1292
f 1292 1324 1293
f 1324 1325 1293
f 1293 1325 1294
f 1325 1326 1294
f 1294 1326 1295
f 1326 1327 1295
f 1295 1327 1296
f 1327 1328 1296
f 1296 1328 1297
f 1328 1329 1297
f 1297 1329 1298
f 1329 1330 1298
f 1298 1330 1331
f 1298 1331 1299
f 1299 1331 1332
f 1299 1332 1300
f 1300 1332 1333
f 1300 1333 1301
f 1301 1333 1334
f 1301 1334 1302
f 1302 1334 1335
f 1302 1335 1303
f 1303 1335 1336
f 1303 1336 1304
f 1304 1336 1337
f 1304 1337 1305
f 1305 1337 1338
f 1305 1338 1306
f 1306 1338 1307
f 1338 1339 1307
f 1307 1339 1308
f 1339 1340 1308
f 1308 1340 1309
f 1340 1341 1309
f 1309 1341 1310
f 1341 1342 1310
f 1310 1342 1311
f 1342 1343 1311
f 1311 1343 1312
f 1343 1344 1312
f 1312 1344 1313
f 1344 1345 1313
f 1313 1345 1282
f 1345 1314 1282
f 1314 1346 1347
f 1314 1347 1315
f 1315 1347 1348
f 1315 1348 1316
f 1316 1348 1349
f 1316 1349 1317
f 1317 1349 1350
f 1317 1350 1318
f 1318 1350 1351
f 1318 1351 1319
f 1319 1351 1352
f 1319 1352 1320
f 1320 1352 1353
f 1320 1353 1321
f 1321 1353 1354
f 1321 1354 1322
f 1322 1354 1323
f 1354 1355 1323
f 1323 1355 1324
f 1355 1356 1324
f 1324 1356 1325
f 1356 1357 1325
f 1325 1357 1326
f 1357 1358 1326
f 1326 1358 1327
f 1358 1359 1327
f 1327 1359 1328
f 1359 1360 1328
f 1328 1360 1329
f 1360 1361 1329
f 1329 1361 1330
f 1361 1362 1330
f 1330 1362 1363
f 1330 1363 1331
f 1331 1363 1364
f 1331 1364 1332
f 1332 1364 1365
f 1332 1365 1333
f 1333 1365 1366
f 1333 1366 1334
f 1334 1366 1367
f 1334 1367 1335
f 1335 1367 1368
f 1335 1368 1336
f 1336 1368 1369
f 1336 1369 1337
f 1337 1369 1370
f 1337 1370 1338
f 1338 1370 1339
f 1370 1371 1339
f 1339 1371 1340
f 1371 1372 1340
f 1340 1372 1341
f 1372 1373 1341
f 1341 1373 1342
f 1373 1374 1342
f 1342 1374 1343
f 1374 1375 1343
f 1343 1375 1344
f 1375 1376 1344
f 1344 1376 1345
f 1376 1377 1345
f 1345 1377 1314
f 1377 1346 1314
f 1346 1378 1379
f 1346 1379 1347
f 1347 1379 1380
f 1347 1380 1348
f 1348 1380 1381
f 1348 1381 1349
f 1349 1381 1382
f 1349 1382 1350
f 1350 1382 1383
f 1350 1383 1351
f 1351 1383 1384
f 1351 1384 1352
f 1352 1384 1385
f 1352 1385 1353
f 1353 1385 1386
f 1353 1386 1354
f 1354 1386 1355
f 1386 1387 1355
f 1355 1387 1356
f 1387 1388 1356
f 1356 1388 1357
f 1388 1389 1357
f 1357 1389 1358
f 1389 1390 1358
f 1358 1390 1359
f 1390 1391 1359
f 1359 1391 1360
f 1391 1392 1360
f 1360 1392 1361
f 1392 1393 1361
f 1361 1393 1362
f 1393 1394 1362
f 1362 1394 1395
f 1362 1395 1363
f 1363 1395 1396
f 1363 1396 1364
f 1364 1396 1397
f 1364 1397 1365
f 1365 1397 1398
f 1365 1398 1366
f 1366 1398 1399
f 1366 1399 1367
f 1367 1399 1400
f 1367 1400 1368
f 1368 1400 1401
f 1368 1401 1369
f 1369 1401 1402
f 1369 1402 1370
f 1370 1402 1371
f 1402 1403 1371
f 1371 1403 1372
f 1403 1404 1372
f 1372 1404 1373
f 1404 1405 1373
f 1373 1405 1374
f 1405 1406 1374
f 1374 1406 1375
f 1406 1407 1375
f 1375 1407 1376
f 1407 1408 1376
f 1376 1408 1377
f 1408 1409 1377
f 1377 1409 1346
f 1409 1378 1346
f 1378 1410 1379
f 1379 1410 1380
f 1380 1410 1381
f 1381 1410 1382
f 1382 1410 1383
f 1383 1410 1384
f 1384 1410 1385
f 1385 1410 1386
f 1386 1410 1387
f 1387 1410 1388
f 1388 1410 1389
f 1389 1410 1390
f 1390 1410 1391
f 1391 1410 1392
f 1392 1410 1393
f 1393 1410 1394
f 1394 1410 1395
f 1395 1410 1396
f 1396 1410 1397
f 1397 1410 1398
f 1398 1410 1399
f 1399 1410 1400
f 1400 1410 1401
f 1401 1410 1402
f 1402 1410 1403
f 1403 1410 1404
f 1404 1410 1405
f 1405 1410 1406
f 1406 1410 1407
f 1407 1410 1408
f 1408 1410 1409
f 1409 1410 1378
f 1411 1412 1413
f 1412 1414 1413
f 1414 1415 1413
f 1415 1416 1413
f 1416 1417 1413
f 1417 1418 1413
f 1418 1419 1413
f 1419 1420 1413
f 1420 1421 1413
f 1421 1422 1413
f 1413 1422 1423
f 1413 1423 1424
f 1413 1424 1425
f 1413 1425 1426
f 1413 1426 1427
f 1413 1427 1428
f 1413 1428 1429
f 1413 1429 1430
f 1413 1430 1431
f 1413 1431 1432
f 1432 1433 1413
f 1433 1434 1413
f 1434 1435 1413
f 1435 1436 1413
f 1436 1437 1413
f 1437 1438 1413
f 1438 1439 1413
f 1439 1440 1413
f 1440 1441 1413
f 1441 1442 1413
f 1413 1442 1443
f 1413 1443 1444
f 1413 1444 1445
f 1413 1445 1446
f 1413 1446 1447
f 1413 1447 1448
f 1413 1448 1449
f 1413 1449 1450
f 1413 1450 1451
f 1413 1451 1411
f 1411 1452 1412
f 1452 1453 1412
f 1412 1453 1414
f 1453 1454 1414
f 1414 1454 1415
f 1454 1455 1415
f 1415 1455 1416
f 1455 1456 1416
f 1416 1456 1417
f 1456 1457 1417
f 1417 1457 1418
f 1457 1458 1418
f 1418 1458 1419
f 1458 1459 1419
f 1419 1459 1420
f 1459 1460 1420
f 1420 1460 1421
f 1460 1461 1421
f 1421 1461 1422
f 1461 1462 1422
f 1422 1462 1463
f 1422 1463 1423
f 1423 1463 1464
f 1423 1464 1424
f 1424 1464 1465
f 1424 1465 1425
f 1425 1465 1466
f 1425 1466 1426
f 1426 1466 1467
f 1426 1467 1427
f 1427 1467 1468
f 1427 1468 1428
f 1428 1468 1469
f 1428 1469 1429
f 1429 1469 1470
f 1429 1470 1430
f 1430 1470 1471
f 1430 1471 1431
f 1431 1471 1472
f 1431 1472 1432
f 1432 1472 1433
f 1472 1473 1433
f 1433 1473 1434
f 1473 1474 1434
f 1434 1474 1435
f 1474 1475 1435
f 1435 1475 1436
f 1475 1476 1436
f 1436 1476 1437
f 1476 1477 1437
f 1437 1477 1438
f 1477 1478 1438
f 1438 1478 1439
f 1478 1479 1439
f 1439 1479 1440
f 1479 1480 1440
f 1440 1480 1441
f 1480 1481 1441
f 1441 1481 1442
f 1481 1482 1442
f 1442 1482 1483
f 1442 1483 1443
f 1443 1483 1484
f 1443 1484 1444
f 1444 1484 1485
f 1444 1485 1445
f 1445 1485 1486
f 1445 1486 1446
f 1446 1486 1487
f 1446 1487 1447
f 1447 1487 1488
f 1447 1488 1448
f 1448 1488 1489
f 1448 1489 1449
f 1449 1489 1490
f 1449 1490 1450
f 1450 1490 1491
f 1450 1491 1451
f 1451 1491 1452
f 1451 1452 1411
f 1452 1492 1453
f 1492 1493 1453
f 1453 1493 1454
f 1493 1494 1454
f 1454 1494 1455
f 1494 1495 1455
f 1455 1495 1456
f 1495 1496 1456
f 1456 1496 1457
f 1496 1497 1457
f 1457 1497 1458
f 1497 1498 1458
f 1458 1498 1459
f 1498 1499 1459
f 1459 1499 1460
f 1499 1500 1460
f 1460 1500 1461
f 1500 1501 1461
f 1461 1501 1462
f 1501 1502 1462
f 1462 1502 1503
f 1462 1503 1463
f 1463 1503 1504
f 1463 1504 1464
f 1464 1504 1505
f 1464 1505 1465
f 1465 1505 1506
f 1465 1506 1466
f 1466 1506 1507
f 1466 1507 1467
f 1467 1507 1508
f 1467 1508 1468
f 1468 1508 1509
f 1468 1509 1469
f 1469 1509 1510
f 1469 1510 1470
f 1470 1510 1511
f 1470 1511 1471
f 1471 1511 1512
f 1471 1512 1472
f 1472 1512 1473
f 1512 1513 1473
f 1473 1513 1474
f 1513 1514 1474
f 1474 1514 1475
f 1514 1515 1475
f 1475 1515 1476
f 1515 1516 1476
f 1476 1516 1477
f 1516 1517 1477
f 1477 1517 1478
f 1517 1518 1478
f 1478 1518 1479
f 1518 1519 1479
f 1479 1519 1480
f 1519 1520 1480
f 1480 1520 1481
f 1520 1521 1481
f 1481 1521 1482
f 1521 1522 1482
f 1482 1522 1523
f 1482 1523 1483
f 1483 1523 1524
f 1483 1524 1484
f 1484 1524 1525
f 1484 1525 1485
f 1485 1525 1526
f 1485 1526 1486
f 1486 1526 1527
f 1486 1527 1487
f 1487 1527 1528
f 1487 1528 1488
f 1488 1528 1529
f 1488 1529 1489
f 1489 1529 1530
f 1489 1530 1490
f 1490 1530 1531
f 1490 1531 1491
f 1491 1531 1492
f 1491 1492 1452
f 1492 1532 1493
f 1532 1533 1493
f 1493 1533 1494
f 1533 1534 1494
f 1494 1534 1495
f 1534 1535 1495
f 1495 1535 1496
f 1535 1536 1496
f 1496 1536 1497
f 1536 1537 1497
f 1497 1537 1498
f 1537 1538 1498
f 1498 1538 1499
f 1538 1539 1499
f 1499 1539 1500
f 1539 1540 1500
f 1500 1540 1501
f 1540 1541 1501
f 1501 1541 1502
f 1541 1542 1502
f 1502 1542 1543
f 1502 1543 1503
f 1503 1543 1544
f 1503 1544 1504
f 1504 1544 1545
f 1504 1545 1505
f 1505 1545 1546
f 1505 1546 1506
f 1506 1546 1547
f 1506 1547 1507
f 1507 1547 1548
f 1507 1548 1508
f 1508 1548 1549
f 1508 1549 1509
f 1509 1549 1550
f 1509 1550 1510
f 1510 1550 1551
f 1510 1551 1511
f 1511 1551 1552
f 1511 1552 1512
f 1512 1552 1513
f 1552 1553 1513
f 1513 1553 1514
f 1553 1554 1514
f 1514 1554 1515
f 1554 1555 1515
f 1515 1555 1516
f 1555 1556 1516
f 1516 1556 1517
f 1556 1557 1517
f 1517 1557 1518
f 1557 1558 1518
f 1518 1558 1519
f 1558 1559 1519
f 1519 1559 1520
f 1559 1560 1520
f 1520 1560 1521
f 1560 1561 1521
f 1521 1561 1522
f 1561 1562 1522
f 1522 1562 1563
f 1522 1563 1523
f 1523 1563 1564
f 1523 1564 1524
f 1524 1564 1565
f 1524 1565 1525
f 1525 1565 1566
f 1525 1566 1526
f 1526 1566 1567
f 1526 1567 1527
f 1527 1567 1568
f 1527 1568 1528
f 1528 1568 1569
f 1528 1569 1529
f 1529 1569 1570
f 1529 1570 1530
f 1530 1570 1571
f 1530 1571 1531
f 1531 1571 1532
f 1531 1532 1492
f 1532 1572 1533
f 1572 1573 1533
f 1533 1573 1534
f 1573 1574 1534
f 1534 1574 1535
f 1574 1575 1535
f 1535 1575 1536
f 1575 1576 1536
f 1536 1576 1537
f 1576 1577 1537
f 1537 1577 1538
f 1577 1578 1538
f 1538 1578 1539
f 1578 1579 1539
f 1539 1579 1540
f 1579 1580 1540
f 1540 1580 1541
f 1580 1581 1541
f 1541 1581 1542
f 1581 1582 1542
f 1542 1582 1583
f 1542 1583 1543
f 1543 1583 1584
f 1543 1584 1544
f 1544 1584 1585
f 1544 1585 1545
f 1545 1585 1586
f 1545 1586 1546
f 1546 1586 1587
f 1546 1587 1547
f 1547 1587 1588
f 1547 1588 1548
f 1548 1588 1589
f 1548 1589 1549
f 1549 1589 1590
f 1549 1590 1550
f 1550 1590 1591
f 1550 1591 1551
f 1551 1591 1592
f 1551 1592 1552
f 1552 1592 1553
f 1592 1593 1553
f 1553 1593 1554
f 1593 1594 1554
f 1554 1594 1555
f 1594 1595 1555
f 1555 1595 1556
f 1595 1596 1556
f 1556 1596 1557
f 1596 1597 1557
f 1557 1597 1558
f 1597 1598 1558
f 1558 1598 1559
f 1598 1599 1559
f 1559 1599 1560
f 1599 1600 1560
f 1560 1600 1561
f 1600 1601 1561
f 1561 1601 1562
f 1601 1602 1562
f 1562 1602 1603
f 1562 1603 1563
f 1563 1603 1604
f 1563 1604 1564
f 1564 1604 1605
f 1564 1605 1565
f 1565 1605 1606
f 1565 1606 1566
f 1566 1606 1607
f 1566 1607 1567
f 1567 1607 1608
f 1567 1608 1568
f 1568 1608 1609
f 1568 1609 1569
f 1569 1609 1610
f 1569 1610 1570
f 1570 1610 1611
f 1570 1611 1571
f 1571 1611 1572
f 1571 1572 1532
f 1572 1612 1573
f 1612 1613 1573
f 1573 1613 1574
f 1613 1614 1574
f 1574 1614 1575
f 1614 1615 1575
f 1575 1615 1576
f 1615 1616 1576
f 1576 1616 1577
f 1616 1617 1577
f 1577 1617 1578
f 1617 1618 1578
f 1578 1618 1579
f 1618 1619 1579
f 1579 1619 1580
f 1619 1620 1580
f 1580 1620 1581
f 1620 1621 1581
f 1581 1621 1582
f 1621 1622 1582
f 1582 1622 1623
f 1582 1623 1583
f 1583 1623 1624
f 1583 1624 1584
f 1584 1624 1625
f 1584 1625 1585
f 1585 1625 1626
f 1585 1626 1586
f 1586 1626 1627
f 1586 1627 1587
f 1587 1627 1628
f 1587 1628 1588
f 1588 1628 1629
f 1588 1629 1589
f 1589 1629 1630
f 1589 1630 1590
f 1590 1630 1631
f 1590 1631 1591
f 1591 1631 1632
f 1591 1632 1592
f 1592 1632 1593
f 1632 1633 1593
f 1593 1633 1594
f 1633 1634 1594
f 1594 1634 1595
f 1634 1635 1595
f 1595 1635 1596
f 1635 1636 1596
f 1596 1636 1597
f 1636 1637 1597
f 1597 1637 1598
f 1637 1638 1598
f 1598 1638 1599
f 1638 1639 1599
f 1599 1639 1600
f 1639 1640 1600
f 1600 1640 1601
f 1640 1641 1601
f 1601 1641 1602
f 1641 1642 1602
f 1602 1642 1643
f 1602 1643 1603
f 1603 1643 1644
f 1603 1644 1604
f 1604 1644 1645
f 1604 1645 1605
f 1605 1645 1646
f 1605 1646 1606
f 1606 1646 1647
f 1606 1647 1607
f 1607 1647 1648
f 1607 1648 1608
f 1608 1648 1649
f 1608 1649 1609
f 1609 1649 1650
f 1609 1650 1610
f 1610 1650 1651
f 1610 1651 1611
f 1611 1651 1612
f 1611 1612 1572
f 1612 1652 1613
f 1652 1653 1613
f 1613 1653 1614
f 1653 1654 1614
f 1614 1654 1615
f 1654 1655 1615
f 1615 1655 1616
f 1655 1656 1616
f 1616 1656 1617
f 1656 1657 1617
f 1617 1657 1618
f 1657 1658 1618
f 1618 1658 1619
f 1658 1659 1619
f 1619 1659 1620
f 1659 1660 1620
f 1620 1660 1621
f 1660 1661 1621
f 1621 1661 1622
f 1661 1662 1622
f 1622 1662 1663
f 1622 1663 1623
f 1623 1663 1664
f 1623 1664 1624
f 1624 1664 1665
f 1624 1665 1625
f 1625 1665 1666
f 1625 1666 1626
f 1626 1666 1667
f 1626 1667 1627
f 1627 1667 1668
f 1627 1668 1628
f 1628 1668 1669
f 1628 1669 1629
f 1629 1669 1670
f 1629 1670 1630
f 1630 1670 1671
f 1630 1671 1631
f 1631 1671 1672
f 1631 1672 1632
f 1632 1672 1633
f 1672 1673 1633
f 1633 1673 1634
f 1673 1674 1634
f 1634 1674 1635
f 1674 1675 1635
f 1635 1675 1636
f 1675 1676 1636
f 1636 1676 1637
f 1676 1677 1637
f 1637 1677 1638
f 1677 1678 1638
f 1638 1678 1639
f 1678 1679 1639
f 1639 1679 1640
f 1679 1680 1640
f 1640 1680 1641
f 1680 1681 1641
f 1641 1681 1642
f 1681 1682 1642
f 1642 1682 1683
f 1642 1683 1643
f 1643 1683 1684
f 1643 1684 1644
f 1644 1684 1685
f 1644 1685 1645
f 1645 1685 1686
f 1645 1686 1646
f 1646 1686 1687
f 1646 1687 1647
f 1647 1687 1688
f 1647 1688 1648
f 1648 1688 1689
f 1648 1689 1649
f 1649 1689 1690
f 1649 1690 1650
f 1650 1690 1691
f 1650 1691 1651
f 1651 1691 1652
f 1651 1652 1612
f 1652 1692 1653
f 1692 1693 1653
f 1653 1693 1654
f 1693 1694 1654
f 1654 1694 1655
f 1694 1695 1655
f 1655 1695 1656
f 1695 1696 1656
f 1656 1696 1657
f 1696 1697 1657
f 1657 1697 1658
f 1697 1698 1658
f 1658 1698 1659
f 1698 1699 1659
f 1659 1699 1660
f 1699 1700 1660
f 1660 1700 1661
f 1700 1701 1661
f 1661 1701 1662
f 1701 1702 1662
f 1662 1702 1703
f 1662 1703 1663
f 1663 1703 1704
f 1663 1704 1664
f 1664 1704 1705
f 1664 1705 1665
f 1665 1705 1706
f 1665 1706 1666
f 1666 1706 1707
f 1666 1707 1667
f 1667 1707 1708
f 1667 1708 1668
f 1668 1708 1709
f 1668 1709 1669
f 1669 1709 1710
f 1669 1710 1670
f 1670 1710 1711
f 1670 1711 1671
f 1671 1711 1712
f 1671 1712 1672
f 1672 1712 1673
f 1712 1713 1673
f 1673 1713 1674
f 1713 1714 1674
f 1674 1714 1675
f 1714 1715 1675
f 1675 1715 1676
f 1715 1716 1676
f 1676 1716 1677
f 1716 1717 1677
f 1677 1717 1678
f 1717 1718 1678
f 1678 1718 1679
f 1718 1719 1679
f 1679 1719 1680
f 1719 1720 1680
f 1680 1720 1681
f 1720 1721 1681
f 1681 1721 1682
f 1721 1722 1682
f 1682 1722 1723
f 1682 1723 1683
f 1683 1723 1724
f 1683 1724 1684
f 1684 1724 1725
f 1684 1725 1685
f 1685 1725 1726
f 1685 1726 1686
f 1686 1726 1727
f 1686 1727 1687
f 1687 1727 1728
f 1687 1728 1688
f 1688 1728 1729
f 1688 1729 1689
f 1689 1729 1730
f 1689 1730 1690
f 1690 1730 1731
f 1690 1731 1691
f 1691 1731 1692
f 1691 1692 1652
f 1692 1732 1693
f 1732 1733 1693
f 1693 1733 1694
f 1733 1734 1694
f 1694 1734 1695
f 1734 1735 1695
f 1695 1735 1696
f 1735 1736 1696
f 1696 1736 1697
f 1736 1737 1697
f 1697 1737 1698
f 1737 1738 1698
f 1698 1738 1699
f 1738 1739 1699
f 1699 1739 1700
f 1739 1740 1700
f 1700 1740 1701
f 1740 1741 1701
f 1701 1741 1702
f 1741 1742 1702
f 1702 1742 1743
f 1702 1743 1703
f 1703 1743 1744
f 1703 1744 1704
f 1704 1744 1745
f 1704 1745 1705
f 1705 1745 1746
f 1705 1746 1706
f 1706 1746 1747
f 1706 1747 1707
f 1707 1747 1748
f 1707 1748 1708
f 1708 1748 1749
f 1708 1749 1709
f 1709 1749 1750
f 1709 1750 1710
f 1710 1750 1751
f 1710 1751 1711
f 1711 1751 1752
f 1711 1752 1712
f 1712 1752 1713
f 1752 1753 1713
f 1713 1753 1714
f 1753 1754 1714
f 1714 1754 1715
f 1754 1755 1715
f 1715 1755 1716
f 1755 1756 1716
f 1716 1756 1717
f 1756 1757 1717
f 1717 1757 1718
f 1757 1758 1718
f 1718 1758 1719
f 1758 1759 1719
f 1719 1759 1720
f 1759 1760 1720
f 1720 1760 1721
f 1760 1761 1721
f 1721 1761 1722
f 1761 1762 1722
f 1722 1762 1763
f 1722 1763 1723
f 1723 1763 1764
f 1723 1764 1724
f 1724 1764 1765
f 1724 1765 1725
f 1725 1765 1766
f 1725 1766 1726
f 1726 1766 1767
f 1726 1767 1727
f 1727 1767 1768
f 1727 1768 1728
f 1728 1768 1769
f 1728 1769 1729
f 1729 1769 1770
f 1729 1770 1730
f 1730 1770 1771
f 1730 1771 1731
f 1731 1771 1732
f 1731 1732 1692
f 1732 1772 1733
f 1772 1773 1733
f 1733 1773 1734
f 1773 1774 1734
f 1734 1774 1735
f 1774 1775 1735
f 1735 1775 1736
f 1775 1776 1736
f 1736 1776 1737
f 1776 1777 1737
f 1737 1777 1738
f 1777 1778 1738
f 1738 1778 1739
f 1778 1779 1739
f 1739 1779 1740
f 1779 1780 1740
f 1740 1780 1741
f 1780 1781 1741
f 1741 1781 1742
f 1781 1782 1742
f 1742 1782 1783
f 1742 1783 1743
f 1743 1783 1784
f 1743 1784 1744
f 1744 1784 1785
f 1744 1785 1745
f 1745 1785 1786
f 1745 1786 1746
f 1746 1786 1787
f 1746 1787 1747
f 1747 1787 1788
f 1747 1788 1748
f 1748 1788 1789
f 1748 1789 1749
f 1749 1789 1790
f 1749 1790 1750
f 1750 1790 1791
f 1750 1791 1751
f 1751 1791 1792
f 1751 1792 1752
f 1752 1792 1753
f 1792 1793 1753
f 1753 1793 1754
f 1793 1794 1754
f 1754 1794 1755
f 1794 1795 1755
f 1755 1795 1756
f 1795 1796 1756
f 1756 1796 1757
f 1796 1797 1757
f 1757 1797 1758
f 1797 1798 1758
f 1758 1798 1759
f 1798 1799 1759
f 1759 1799 1760
f 1799 1800 1760
f 1760 1800 1761
f 1800 1801 1761
f 1761 1801 1762
f 1801 1802 1762
f 1762 1802 1803
f 1762 1803 1763
f 1763 1803 1804
f 1763 1804 1764
f 1764 1804 1805
f 1764 1805 1765
f 1765 1805 1806
f 1765 1806 1766
f 1766 1806 1807
f 1766 1807 1767
f 1767 1807 1808
f 1767 1808 1768
f 1768 1808 1809
f 1768 1809 1769
f 1769 1809 1810
f 1769 1810 1770
f 1770 1810 1811
f 1770 1811 1771
f 1771 1811 1772
f 1771 1772 1732
f 1772 1812 1813
f 1772 1813 1773
f 1773 1813 1814
f 1773 1814 1774
f 1774 1814 1815
f 1774 1815 1775
f 1775 1815 1816
f 1775 1816 1776
f 1776 1816 1817
f 1776 1817 1777
f 1777 1817 1818
f 1777 1818 1778
f 1778 1818 1819
f 1778 1819 1779
f 1779 1819 1820
f 1779 1820 1780
f 1780 1820 1821
f 1780 1821 1781
f 1781 1821 1822
f 1781 1822 1782
f 1782 1822 1783
f 1822 1823 1783
f 1783 1823 1784
f 1823 1824 1784
f 1784 1824 1785
f 1824 1825 1785
f 1785 1825 1786
f 1825 1826 1786
f 1786 1826 1787
f 1826 1827 1787
f 1787 1827 1788
f 1827 1828 1788
f 1788 1828 1789
f 1828 1829 1789
f 1789 1829 1790
f 1829 1830 1790
f 1790 1830 1791
f 1830 1831 1791
f 1791 1831 1792
f 1831 1832 1792
f 1792 1832 1833
f 1792 1833 1793
f 1793 1833 1834
f 1793 1834 1794
f 1794 1834 1835
f 1794 1835 1795
f 1795 1835 1836
f 1795 1836 1796
f 1796 1836 1837
f 1796 1837 1797
f 1797 1837 1838
f 1797 1838 1798
f 1798 1838 1839
f 1798 1839 1799
f 1799 1839 1840
f 1799 1840 1800
f 1800 1840 1841
f 1800 1841 1801
f 1801 1841 1842
f 1801 1842 1802
f 1802 1842 1803
f 1842 1843 1803
f 1803 1843 1804
f 1843 1844 1804
f 1804 1844 1805
f 1844 1845 1805
f 1805 1845 1806
f 1845 1846 1806
f 1806 1846 1807
f 1846 1847 1807
f 1807 1847 1808
f 1847 1848 1808
f 1808 1848 1809
f 1848 1849 1809
f 1809 1849 1810
f 1849 1850 1810
f 1810 1850 1811
f 1850 1851 1811
f 1811 1851 1772
f 1851 1812 1772
f 1812 1852 1853
f 1812 1853 1813
f 1813 1853 1854
f 1813 1854 1814
f 1814 1854 1855
f 1814 1855 1815
f 1815 1855 1856
f 1815 1856 1816
f 1816 1856 1857
f 1816 1857 1817
f 1817 1857 1858
f 1817 1858 1818
f 1818 1858 1859
f 1818 1859 1819
f 1819 1859 1860
f 1819 1860 1820
f 1820 1860 1861
f 1820 1861 1821
f 1821 1861 1862
f 1821 1862 1822
f 1822 1862 1823
f 1862 1863 1823
f 1823 1863 1824
f 1863 1864 1824
f 1824 1864 1825
f 1864 1865 1825
f 1825 1865 1826
f 1865 1866 1826
f 1826 1866 1827
f 1866 1867 1827
f 1827 1867 1828
f 1867 1868 1828
f 1828 1868 1829
f 1868 1869 1829
f 1829 1869 1830
f 1869 1870 1830
f 1830 1870 1831
f 1870 1871 1831
f 1831 1871 1832
f 1871 1872 1832
f 1832 1872 1873
f 1832 1873 1833
f 1833 1873 1874
f 1833 1874 1834
f 1834 1874 1875
f 1834 1875 1835
f 1835 1875 1876
f 1835 1876 1836
f 1836 1876 1877
f 1836 1877 1837
f 1837 1877 1878
f 1837 1878 1838
f 1838 1878 1879
f 1838 1879 1839
f 1839 1879 1880
f 1839 1880 1840
f 1840 1880 1881
f 1840 1881 1841
f 1841 1881 1882
f 1841 1882 1842
f 1842 1882 1843
f 1882 1883 1843
f 1843 1883 1844
f 1883 1884 1844
f 1844 1884 1845
f 1884 1885 1845
f 1845 1885 1846
f 1885 1886 1846
f 1846 1886 1847
f 1886 1887 1847
f 1847 1887 1848
f 1887 1888 1848
f 1848 1888 1849
f 1888 1889 1849
f 1849 1889 1850
f 1889 1890 1850
f 1850 1890 1851
f 1890 1891 1851
f 1851 1891 1812
f 1891 1852 1812
f 1852 1892 1893
f 1852 1893 1853
f 1853 1893 1894
f 1853 1894 1854
f 1854 1894 1895
f 1854 1895 1855
f 1855 1895 1896
f 1855 1896 1856
f 1856 1896 1897
f 1856 1897 1857
f 1857 1897 1898
f 1857 1898 1858
f 1858 1898 1899
f 1858 1899 1859
f 1859 1899 1900
f 1859 1900 1860
f 1860 1900 1901
f 1860 1901 1861
f 1861 1901 1902
f 1861 1902 1862
f 1862 1902 1863
f 1902 1903 1863
f 1863 1903 1864
f 1903 1904 1864
f 1864 1904 1865
f 1904 1905 1865
f 1865 1905 1866
f 1905 1906 1866
f 1866 1906 1867
f 1906 1907 1867
f 1867 1907 1868
f 1907 1908 1868
f 1868 1908 1869
f 1908 1909 1869
f 1869 1909 1870
f 1909 1910 1870
f 1870 1910 1871
f 1910 1911 1871
f 1871 1911 1872
f 1911 1912 1872
f 1872 1912 1913
f 1872 1913 1873
f 1873 1913 1914
f 1873 1914 1874
f 1874 1914 1915
f 1874 1915 1875
f 1875 1915 1916
f 1875 1916 1876
f 1876 1916 1917
f 1876 1917 1877
f 1877 1917 1918
f 1877 1918 1878
f 1878 1918 1919
f 1878 1919 1879
f 1879 1919 1920
f 1879 1920 1880
f 1880 1920 1921
f 1880 1921 1881
f 1881 1921 1922
f 1881 1922 1882
f 1882 1922 1883
f 1922 1923 1883
f 1883 1923 1884
f 1923 1924 1884
f 1884 1924 1885
f 1924 1925 1885
f 1885 1925 1886
f 1925 1926 1886
f 1886 1926 1887
f 1926 1927 1887
f 1887 1927 1888
f 1927 1928 1888
f 1888 1928 1889
f 1928 1929 1889
f 1889 1929 1890
f 1929 1930 1890
f 1890 1930 1891
f 1930 1931 1891
f 1891 1931 1852
f 1931 1892 1852
f 1892 1932 1933
f 1892 1933 1893
f 1893 1933 1934
f 1893 1934 1894
f 1894 1934 1935
f 1894 1935 1895
f 1895 1935 1936
f 1895 1936 1896
f 1896 1936 1937
f 1896 1937 1897
f 1897 1937 1938
f 1897 1938 1898
f 1898 1938 1939
f 1898 1939 1899
f 1899 1939 1940
f 1899 1940 1900
f 1900 1940 1941
f 1900 1941 1901
f 1901 1941 1942
f 1901 1942 1902
f 1902 1942 1903
f 1942 1943 1903
f 1903 1943 1904
f 1943 1944 1904
f 1904 1944 1905
f 1944 1945 1905
f 1905 1945 1906
f 1945 1946 1906
f 1906 1946 1907
f 1946 1947 1907
f 1907 1947 1908
f 1947 1948 1908
f 1908 1948 1909
f 1948 1949 1909
f 1909 1949 1910
f 1949 1950 1910
f 1910 1950 1911
f 1950 1951 1911
f 1911 1951 1912
f 1951 1952 1912
f 1912 1952 1953
f 1912 1953 1913
f 1913 1953 1954
f 1913 1954 1914
f 1914 1954 1955
f 1914 1955 1915
f 1915 1955 1956
f 1915 1956 1916
f 1916 1956 1957
f 1916 1957 1917
f 1917 1957 1958
f 1917 1958 1918
f 1918 1958 1959
f 1918 1959 1919
f 1919 1959 1960
f 1919 1960 1920
f 1920 1960 1961
f 1920 1961 1921
f 1921 1961 1962
f 1921 1962 1922
f 1922 1962 1923
f 1962 1963 1923
f 1923 1963 1924
f 1963 1964 1924
f 1924 1964 1925
f 1964 1965 1925
f 1925 1965 1926
f 1965 1966 1926
f 1926 1966 1927
f 1966 1967 1927
f 1927 1967 1928
f 1967 1968 1928
f 1928 1968 1929
f 1968 1969 1929
f 1929 1969 1930
f 1969 1970 1930
f 1930 1970 1931
f 1970 1971 1931
f 1931 1971 1892
f 1971 1932 1892
f 1932 1972 1973
f 1932 1973 1933
f 1933 1973 1974
f 1933 1974 1934
f 1934 1974 1975
f 1934 1975 1935
f 1935 1975 1976
f 1935 1976 1936
f 1936 1976 1977
f 1936 1977 1937
f 1937 1977 1978
f 1937 1978 1938
f 1938 1978 1979
f 1938 1979 1939
f 1939 1979 1980
f 1939 1980 1940
f 1940 1980 1981
f 1940 1981 1941
f 1941 1981 1982
f 1941 1982 1942
f 1942 1982 1943
f 1982 1983 1943
f 1943 1983 1944
f 1983 1984 1944
f 1944 1984 1945
f 1984 1985 1945
f 1945 1985 1946
f 1985 1986 1946
f 1946 1986 1947
f 1986 1987 1947
f 1947 1987 1948
f 1987 1988 1948
f 1948 1988 1949
f 1988 1989 1949
f 1949 1989 1950
f 1989 1990 1950
f 1950 1990 1951
f 1990 1991 1951
f 1951 1991 1952
f 1991 1992 1952
f 1952 1992 1993
f 1952 1993 1953
f 1953 1993 1994
f 1953 1994 1954
f 1954 1994 1995
f 1954 1995 1955
f 1955 1995 1996
f 1955 1996 1956
f 1956 1996 1997
f 1956 1997 1957
f 1957 1997 1998
f 1957 1998 1958
f 1958 1998 1999
f 1958 1999 1959
f 1959 1999 2000
f 1959 2000 1960
f 1960 2000 2001
f 1960 2001 1961
f 1961 2001 2002
f 1961 2002 1962
f 1962 2002 1963
f 2002 2003 1963
f 1963 2003 1964
f 2003 2004 1964
f 1964 2004 1965
f 2004 2005 1965
f 1965 2005 1966
f 2005 2006 1966
f 1966 2006 1967
f 2006 2007 1967
f 1967 2007 1968
f 2007 2008 1968
f 1968 2008 1969
f 2008 2009 1969
f 1969 2009 1970
f 2009 2010 1970
f 1970 2010 1971
f 2010 2011 1971
f 1971 2011 1932
f 2011 1972 1932
f 1972 2012 2013
f 1972 2013 1973
f 1973 2013 2014
f 1973 2014 1974
f 1974 2014 2015
f 1974 2015 1975
f 1975 2015 2016
f 1975 2016 1976
f 1976 2016 2017
f 1976 2017 1977
f 1977 2017 2018
f 1977 2018 1978
f 1978 2018 2019
f 1978 2019 1979
f 1979 2019 2020
f 1979 2020 1980
f 1980 2020 2021
f 1980 2021 1981
f 1981 2021 2022
f 1981 2022 1982
f 1982 2022 1983
f 2022 2023 1983
f 1983 2023 1984
f 2023 2024 1984
f 1984 2024 1985
f 2024 2025 1985
f 1985 2025 1986
f 2025 2026 1986
f 1986 2026 1987
f 2026 2027 1987
f 1987 2027 1988
f 2027 2028 1988
f 1988 2028 1989
f 2028 2029 1989
f 1989 2029 1990
f 2029 2030 1990
f 1990 2030 1991
f 2030 2031 1991
f 1991 2031 1992
f 2031 2032 1992
f 1992 2032 2033
f 1992 2033 1993
f 1993 2033 2034
f 1993 2034 1994
f 1994 2034 2035
f 1994 2035 1995
f 1995 2035 2036
f 1995 2036 1996
f 1996 2036 2037
f 1996 2037 1997
f 1997 2037 2038
f 1997 2038 1998
f 1998 2038 2039
f 1998 2039 1999
f 1999 2039 2040
f 1999 2040 2000
f 2000 2040 2041
f 2000 2041 2001
f 2001 2041 2042
f 2001 2042 2002
f 2002 2042 2003
f 2042 2043 2003
f 2003 2043 2004
f 2043 2044 2004
f 2004 2044 2005
f 2044 2045 2005
f 2005 2045 2006
f 2045 2046 2006
f 2006 2046 2007
f 2046 2047 2007
f 2007 2047 2008
f 2047 2048 2008
f 2008 2048 2009
f 2048 2049 2009
f 2009 2049 2010
f 2049 2050 2010
f 2010 2050 2011
f 2050 2051 2011
f 2011 2051 1972
f 2051 2012 1972
f 2012 2052 2053
f 2012 2053 2013
f 2013 2053 2054
f 2013 2054 2014
f 2014 2054 2055
f 2014 2055 2015
f 2015 2055 2056
f 2015 2056 2016
f 2016 2056 2057
f 2016 2057 2017
f 2017 2057 2058
f 2017 2058 2018
f 2018 2058 2059
f 2018 2059 2019
f 2019 2059 2060
f 2019 2060 2020
f 2020 2060 2061
f 2020 2061 2021
f 2021 2061 2062
f 2021 2062 2022
f 2022 2062 2023
f 2062 2063 2023
f 2023 2063 2024
f 2063 2064 2024
f 2024 2064 2025
f 2064 2065 2025
f 2025 2065 2026
f 2065 2066 2026
f 2026 2066 2027
f 2066 2067 2027
f 2027 2067 2028
f 2067 2068 2028
f 2028 2068 2029
f 2068 2069 2029
f 2029 2069 2030
f 2069 2070 2030
f 2030 2070 2031
f 2070 2071 2031
f 2031 2071 2032
f 2071 2072 2032
f 2032 2072 2073
f 2032 2073 2033
f 2033 2073 2074
f 2033 2074 2034
f 2034 2074 2075
f 2034 2075 2035
f 2035 2075 2076
f 2035 2076 2036
f 2036 2076 2077
f 2036 2077 2037
f 2037 2077 2078
f 2037 2078 2038
f 2038 2078 2079
f 2038 2079 2039
f 2039 2079 2080
f 2039 2080 2040
f 2040 2080 2081
f 2040 2081 2041
f 2041 2081 2082
f 2041 2082 2042
f 2042 2082 2043
f 2082 2083 2043
f 2043 2083 2044
f 2083 2084 2044
f 2044 2084 2045
f 2084 2085 2045
f 2045 2085 2046
f 2085 2086 2046
f 2046 2086 2047
f 2086 2087 2047
f 2047 2087 2048
f 2087 2088 2048
f 2048 2088 2049
f 2088 2089 2049
f 2049 2089 2050
f 2089 2090 2050
f 2050 2090 2051
f 2090 2091 2051
f 2051 2091 2012
f 2091 2052 2012
f 2052 2092 2093
f 2052 2093 2053
f 2053 2093 2094
f 2053 2094 2054
f 2054 2094 2095
f 2054 2095 2055
f 2055 2095 2096
f 2055 2096 2056
f 2056 2096 2097
f 2056 2097 2057
f 2057 2097 2098
f 2057 2098 2058
f 2058 2098 2099
f 2058 2099 2059
f 2059 2099 2100
f 2059 2100 2060
f 2060 2100 2101
f 2060 2101 2061
f 2061 2101 2102
f 2061 2102 2062
f 2062 2102 2063
f 2102 2103 2063
f 2063 2103 2064
f 2103 2104 2064
f 2064 2104 2065
f 2104 2105 2065
f 2065 2105 2066
f 2105 2106 2066
f 2066 2106 2067
f 2106 2107 2067
f 2067 2107 2068
f 2107 2108 2068
f 2068 2108 2069
f 2108 2109 2069
f 2069 2109 2070
f 2109 2110 2070
f 2070 2110 2071
f 2110 2111 2071
f 2071 2111 2072
f 2111 2112 2072
f 2072 2112 2113
f 2072 2113 2073
f 2073 2113 2114
f 2073 2114 2074
f 2074 2114 2115
f 2074 2115 2075
f 2075 2115 2116
f 2075 2116 2076
f 2076 2116 2117
f 2076 2117 2077
f 2077 2117 2118
f 2077 2118 2078
f 2078 2118 2119
f 2078 2119 2079
f 2079 2119 2120
f 2079 2120 2080
f 2080 2120 2121
f 2080 2121 2081
f 2081 2121 2122
f 2081 2122 2082
f 2082 2122 2083
f 2122 2123 2083
f 2083 2123 2084
f 2123 2124 2084
f 2084 2124 2085
f 2124 2125 2085
f 2085 2125 2086
f 2125 2126 2086
f 2086 2126 2087
f 2126 2127 2087
f 2087 2127 2088
f 2127 2128 2088
f 2088 2128 2089
f 2128 2129 2089
f 2089 2129 2090
f 2129 2130 2090
f 2090 2130 2091
f 2130 2131 2091
f 2091 2131 2052
f 2131 2092 2052
f 2092 2132 2133
f 2092 2133 2093
f 2093 2133 2134
f 2093 2134 2094
f 2094 2134 2135
f 2094 2135 2095
f 2095 2135 2136
f 2095 2136 2096
f 2096 2136 2137
f 2096 2137 2097
f 2097 2137 2138
f 2097 2138 2098
f 2098 2138 2139
f 2098 2139 2099
f 2099 2139 2140
f 2099 2140 2100
f 2100 2140 2141
f 2100 2141 2101
f 2101 2141 2142
f 2101 2142 2102
f 2102 2142 2103
f 2142 2143 2103
f 2103 2143 2104
f 2143 2144 2104
f 2104 2144 2105
f 2144 2145 2105
f 2105 2145 2106
f 2145 2146 2106
f 2106 2146 2107
f 2146 2147 2107
f 2107 2147 2108
f 2147 2148 2108
f 2108 2148 2109
f 2148 2149 2109
f 2109 2149 2110
f 2149 2150 2110
f 2110 2150 2111
f 2150 2151 2111
f 2111 2151 2112
f 2151 2152 2112
f 2112 2152 2153
f 2112 2153 2113
f 2113 2153 2154
f 2113 2154 2114
f 2114 2154 2155
f 2114 2155 2115
f 2115 2155 2156
f 2115 2156 2116
f 2116 2156 2157
f 2116 2157 2117
f 2117 2157 2158
f 2117 2158 2118
f 2118 2158 2159
f 2118 2159 2119
f 2119 2159 2160
f 2119 2160 2120
f 2120 2160 2161
f 2120 2161 2121
f 2121 2161 2162
f 2121 2162 2122
f 2122 2162 2123
f 2162 2163 2123
f 2123 2163 2124
f 2163 2164 2124
f 2124 2164 2125
f 2164 2165 2125
f 2125 2165 2126
f 2165 2166 2126
f 2126 2166 2127
f 2166 2167 2127
f 2127 2167 2128
f 2167 2168 2128
f 2128 2168 2129
f 2168 2169 2129
f 2129 2169 2130
f 2169 2170 2130
f 2130 2170 2131
f 2170 2171 2131
f 2131 2171 2092
f 2171 2132 2092
f 2132 2172 2133
f 2133 2172 2134
f 2134 2172 2135
f 2135 2172 2136
f 2136 2172 2137
f 2137 2172 2138
f 2138 2172 2139
f 2139 2172 2140
f 2140 2172 2141
f 2141 2172 2142
f 2142 2172 2143
f 2143 2172 2144
f 2144 2172 2145
f 2145 2172 2146
f 2146 2172 2147
f 2147 2172 2148
f 2148 2172 2149
f 2149 2172 2150
f 2150 2172 2151
f 2151 2172 2152
f 2152 2172 2153
f 2153 2172 2154
f 2154 2172 2155
f 2155 2172 2156
f 2156 2172 2157
f 2157 2172 2158
f 2158 2172 2159
f 2159 2172 2160
f 2160 2172 2161
f 2161 2172 2162
f 2162 2172 2163
f 2163 2172 2164
f 2164 2172 2165
f 2165 2172 2166
f 2166 2172 2167
f 2167 2172 2168
f 2168 2172 2169
f 2169 2172 2170
f 2170 2172 2171
f 2171 2172 2132
