v     0.2918979668     0.2784226613        -1.260792
v     0.2918979668     0.2724239163     -1.314508575
v                0                0             -1.3
v     0.2918979668     0.2553696189     -1.365647036
v     0.2918979668     0.2286726757     -1.412794478
v     0.2918979668     0.1937459932     -1.454537993
v     0.2918979668     0.1520024778     -1.489464676
v     0.2918979668     0.1048550362     -1.516161619
v     0.2918979668    0.05371657472     -1.533215916
v     0.2918979668 -2.131628207e-17     -1.539214661
v     0.2918979668   -0.05371657472     -1.533215916
v     0.2918979668    -0.1048550362     -1.516161619
v     0.2918979668    -0.1520024778     -1.489464676
v     0.2918979668    -0.1937459932     -1.454537993
v     0.2918979668    -0.2286726757     -1.412794478
v     0.2918979668    -0.2553696189     -1.365647036
v     0.2918979668    -0.2724239163     -1.314508575
v     0.2918979668    -0.2784226613        -1.260792
v     0.2918979668    -0.2724239163     -1.207075425
v     0.2918979668    -0.2553696189     -1.155936964
v     0.2918979668    -0.2286726757     -1.108789522
v     0.2918979668    -0.1937459932     -1.067046007
v     0.2918979668    -0.1520024778     -1.032119324
v     0.2918979668    -0.1048550362     -1.005422381
v     0.2918979668   -0.05371657472    -0.9883680837
v     0.2918979668 -2.309263891e-17    -0.9823693387
v     0.2918979668    0.05371657472    -0.9883680837
v     0.2918979668     0.1048550362     -1.005422381
v     0.2918979668     0.1520024778     -1.032119324
v     0.2918979668     0.1937459932     -1.067046007
v     0.2918979668     0.2286726757     -1.108789522
v     0.2918979668     0.2553696189     -1.155936964
v     0.2918979668     0.2724239163     -1.207075425
v     0.6580964106     0.5837104939        -1.167296
v     0.6580964106     0.5714625102     -1.282210596
v     0.6580964106     0.5365057059     -1.390500695
v     0.6580964106     0.4815208017     -1.489485576
v     0.6580964106     0.4091885181     -1.576484518
v     0.6580964106     0.3221895756     -1.648816802
v     0.6580964106     0.2232046947     -1.703801706
v     0.6580964106      0.114914596      -1.73875851
v     0.6580964106 -2.398081733e-17     -1.751006494
v     0.6580964106     -0.114914596      -1.73875851
v     0.6580964106    -0.2232046947     -1.703801706
v     0.6580964106    -0.3221895756     -1.648816802
v     0.6580964106    -0.4091885181     -1.576484518
v     0.6580964106    -0.4815208017     -1.489485576
v     0.6580964106    -0.5365057059     -1.390500695
v     0.6580964106    -0.5714625102     -1.282210596
v     0.6580964106    -0.5837104939        -1.167296
v     0.6580964106    -0.5714625102     -1.052381404
v     0.6580964106    -0.5365057059    -0.9440913053
v     0.6580964106    -0.4815208017    -0.8451064244
v     0.6580964106    -0.4091885181    -0.7581074819
v     0.6580964106    -0.3221895756    -0.6857751983
v     0.6580964106    -0.2232046947    -0.6307902941
v     0.6580964106     -0.114914596    -0.5958334898
v     0.6580964106 -2.597921878e-17    -0.5835855061
v     0.6580964106      0.114914596    -0.5958334898
v     0.6580964106     0.2232046947    -0.6307902941
v     0.6580964106     0.3221895756    -0.6857751983
v     0.6580964106     0.4091885181    -0.7581074819
v     0.6580964106     0.4815208017    -0.8451064244
v     0.6580964106     0.5365057059    -0.9440913053
v     0.6580964106     0.5714625102     -1.052381404
v      1.078345871      0.864886996        -1.055704
v      1.078345871     0.8470489776     -1.228142776
v      1.078345871     0.7960058706     -1.389614996
v      1.078345871     0.7154640969     -1.536414238
v      1.078345871     0.6091300787     -1.664834079
v      1.078345871     0.4807102378     -1.771168097
v      1.078345871     0.3339109964     -1.851709871
v      1.078345871     0.1724387764     -1.902752978
v      1.078345871 -1.598721155e-17     -1.920590996
v      1.078345871    -0.1724387764     -1.902752978
v      1.078345871    -0.3339109964     -1.851709871
v      1.078345871    -0.4807102378     -1.771168097
v      1.078345871    -0.6091300787     -1.664834079
v      1.078345871    -0.7154640969     -1.536414238
v      1.078345871    -0.7960058706     -1.389614996
v      1.078345871    -0.8470489776     -1.228142776
v      1.078345871     -0.864886996        -1.055704
v      1.078345871    -0.8470489776    -0.8832652236
v      1.078345871    -0.7960058706    -0.7217930036
v      1.078345871    -0.7154640969    -0.5749937622
v      1.078345871    -0.6091300787    -0.4465739213
v      1.078345871    -0.4807102378    -0.3402399031
v      1.078345871    -0.3339109964    -0.2596981294
v      1.078345871    -0.1724387764    -0.2086550224
v      1.078345871 -1.731947918e-17     -0.190817004
v      1.078345871     0.1724387764    -0.2086550224
v      1.078345871     0.3339109964    -0.2596981294
v      1.078345871     0.4807102378    -0.3402399031
v      1.078345871     0.6091300787    -0.4465739213
v      1.078345871     0.7154640969    -0.5749937622
v      1.078345871     0.7960058706    -0.7217930036
v      1.078345871     0.8470489776    -0.8832652236
v      1.532396887      1.070975665        -0.962208
v      1.532396887      1.049116514     -1.177341829
v      1.532396887     0.9864677224     -1.378043962
v      1.532396887     0.8874222802     -1.559921409
v      1.532396887     0.7563731788     -1.718581179
v      1.532396887     0.5977134091      -1.84963028
v      1.532396887     0.4158359621     -1.948675722
v      1.532396887     0.2151338288     -2.011324514
v      1.532396887 -5.329070518e-18     -2.033183665
v      1.532396887    -0.2151338288     -2.011324514
v      1.532396887    -0.4158359621     -1.948675722
v      1.532396887    -0.5977134091      -1.84963028
v      1.532396887    -0.7563731788     -1.718581179
v      1.532396887    -0.8874222802     -1.559921409
v      1.532396887    -0.9864677224     -1.378043962
v      1.532396887     -1.049116514     -1.177341829
v      1.532396887     -1.070975665        -0.962208
v      1.532396887     -1.049116514    -0.7470741712
v      1.532396887    -0.9864677224    -0.5463720379
v      1.532396887    -0.8874222802    -0.3644945909
v      1.532396887    -0.7563731788    -0.2058348212
v      1.532396887    -0.5977134091   -0.07478571977
v      1.532396887    -0.4158359621    0.02425972242
v      1.532396887    -0.2151338288    0.08690851444
v      1.532396887 -5.773159728e-18     0.1087676653
v      1.532396887     0.2151338288    0.08690851444
v      1.532396887     0.4158359621    0.02425972242
v      1.532396887     0.5977134091   -0.07478571977
v      1.532396887     0.7563731788    -0.2058348212
v      1.532396887     0.8874222802    -0.3644945909
v      1.532396887     0.9864677224    -0.5463720379
v      1.532396887      1.049116514    -0.7470741712
v                2            1.151           -0.923
v                2      1.127598317     -1.154844466
v                2      1.060488871     -1.370841613
v                2     0.9543150705     -1.566348034
v                2     0.8137203224     -1.736720322
v                2     0.6433480341      -1.87731507
v                2     0.4478416128     -1.983488871
v                2     0.2318444656     -2.050598317
v                2                0           -2.074
v                2    -0.2318444656     -2.050598317
v                2    -0.4478416128     -1.983488871
v                2    -0.6433480341      -1.87731507
v                2    -0.8137203224     -1.736720322
v                2    -0.9543150705     -1.566348034
v                2     -1.060488871     -1.370841613
v                2     -1.127598317     -1.154844466
v                2           -1.151           -0.923
v                2     -1.127598317    -0.6911555344
v                2     -1.060488871    -0.4751583872
v                2    -0.9543150705    -0.2796519659
v                2    -0.8137203224    -0.1092796776
v                2    -0.6433480341    0.03131507047
v                2    -0.4478416128     0.1374888709
v                2    -0.2318444656     0.2045983165
v                2                0            0.228
v                2     0.2318444656     0.2045983165
v                2     0.4478416128     0.1374888709
v                2     0.6433480341    0.03131507047
v                2     0.8137203224    -0.1092796776
v                2     0.9543150705    -0.2796519659
v                2      1.060488871    -0.4751583872
v                2      1.127598317    -0.6911555344
v      2.684823392         1.302632         -0.85748
v      2.684823392      1.276147394     -1.119867506
v      2.684823392      1.200196993     -1.364319979
v      2.684823392      1.080035924     -1.585582291
v      2.684823392     0.9209193146     -1.778399315
v      2.684823392     0.7281022905     -1.937515924
v      2.684823392     0.5068399789     -2.057676993
v      2.684823392     0.2623875065     -2.133627394
v      2.684823392                0        -2.160112
v      2.684823392    -0.2623875065     -2.133627394
v      2.684823392    -0.5068399789     -2.057676993
v      2.684823392    -0.7281022905     -1.937515924
v      2.684823392    -0.9209193146     -1.778399315
v      2.684823392     -1.080035924     -1.585582291
v      2.684823392     -1.200196993     -1.364319979
v      2.684823392     -1.276147394     -1.119867506
v      2.684823392        -1.302632         -0.85748
v      2.684823392     -1.276147394    -0.5950924935
v      2.684823392     -1.200196993    -0.3506400211
v      2.684823392     -1.080035924    -0.1293777095
v      2.684823392    -0.9209193146    0.06343931457
v      2.684823392    -0.7281022905     0.2225559243
v      2.684823392    -0.5068399789      0.342716993
v      2.684823392    -0.2623875065     0.4186673938
v      2.684823392                0         0.445152
v      2.684823392     0.2623875065     0.4186673938
v      2.684823392     0.5068399789      0.342716993
v      2.684823392     0.7281022905     0.2225559243
v      2.684823392     0.9209193146    0.06343931457
v      2.684823392      1.080035924    -0.1293777095
v      2.684823392      1.200196993    -0.3506400211
v      2.684823392      1.276147394    -0.5950924935
v      3.665314969         1.664216         -0.70124
v      3.665314969      1.630379809     -1.036460912
v      3.665314969       1.53334713      -1.34876839
v      3.665314969      1.379831807     -1.631448594
v      3.665314969       1.17654768      -1.87778768
v      3.665314969     0.9302085942     -2.081071807
v      3.665314969     0.6475283905      -2.23458713
v      3.665314969     0.3352209116     -2.331619809
v      3.665314969                0        -2.365456
v      3.665314969    -0.3352209116     -2.331619809
v      3.665314969    -0.6475283905      -2.23458713
v      3.665314969    -0.9302085942     -2.081071807
v      3.665314969      -1.17654768      -1.87778768
v      3.665314969     -1.379831807     -1.631448594
v      3.665314969      -1.53334713      -1.34876839
v      3.665314969     -1.630379809     -1.036460912
v      3.665314969        -1.664216         -0.70124
v      3.665314969     -1.630379809    -0.3660190884
v      3.665314969      -1.53334713   -0.05371160955
v      3.665314969     -1.379831807     0.2289685942
v      3.665314969      -1.17654768     0.4753076804
v      3.665314969    -0.9302085942     0.6785918065
v      3.665314969    -0.6475283905     0.8321071302
v      3.665314969    -0.3352209116     0.9291398088
v      3.665314969                0         0.962976
v      3.665314969     0.3352209116     0.9291398088
v      3.665314969     0.6475283905     0.8321071302
v      3.665314969     0.9302085942     0.6785918065
v      3.665314969       1.17654768     0.4753076804
v      3.665314969      1.379831807     0.2289685942
v      3.665314969       1.53334713   -0.05371160955
v      3.665314969      1.630379809    -0.3660190884
v      4.733394849         2.095784         -0.51476
v      4.733394849      2.053173336    -0.9369111047
v      4.733394849      1.930977939     -1.330206817
v      4.733394849      1.737652698     -1.686192247
v      4.733394849      1.481652504     -1.996412504
v      4.733394849      1.171432247     -2.252412698
v      4.733394849     0.8154468172     -2.445737939
v      4.733394849     0.4221511047     -2.567933336
v      4.733394849                0        -2.610544
v      4.733394849    -0.4221511047     -2.567933336
v      4.733394849    -0.8154468172     -2.445737939
v      4.733394849     -1.171432247     -2.252412698
v      4.733394849     -1.481652504     -1.996412504
v      4.733394849     -1.737652698     -1.686192247
v      4.733394849     -1.930977939     -1.330206817
v      4.733394849     -2.053173336    -0.9369111047
v      4.733394849        -2.095784         -0.51476
v      4.733394849     -2.053173336   -0.09260889527
v      4.733394849     -1.930977939     0.3006868172
v      4.733394849     -1.737652698      0.656672247
v      4.733394849     -1.481652504     0.9668925041
v      4.733394849     -1.171432247      1.222892698
v      4.733394849    -0.8154468172      1.416217939
v      4.733394849    -0.4221511047      1.538413336
v      4.733394849                0         1.581024
v      4.733394849     0.4221511047      1.538413336
v      4.733394849     0.8154468172      1.416217939
v      4.733394849      1.171432247      1.222892698
v      4.733394849      1.481652504     0.9668925041
v      4.733394849      1.737652698      0.656672247
v      4.733394849      1.930977939     0.3006868172
v      4.733394849      2.053173336   -0.09260889527
v      5.680983153         2.457368         -0.35852
v      5.680983153      2.407405751    -0.8535045098
v      5.680983153      2.264128076     -1.314655229
v      5.680983153       2.03744858     -1.732058551
v      5.680983153       1.73728087      -2.09580087
v      5.680983153      1.373538551      -2.39596858
v      5.680983153     0.9561352287     -2.622648076
v      5.680983153     0.4949845098     -2.765925751
v      5.680983153                0        -2.815888
v      5.680983153    -0.4949845098     -2.765925751
v      5.680983153    -0.9561352287     -2.622648076
v      5.680983153     -1.373538551      -2.39596858
v      5.680983153      -1.73728087      -2.09580087
v      5.680983153      -2.03744858     -1.732058551
v      5.680983153     -2.264128076     -1.314655229
v      5.680983153     -2.407405751    -0.8535045098
v      5.680983153        -2.457368         -0.35852
v      5.680983153     -2.407405751     0.1364645098
v      5.680983153     -2.264128076     0.5976152287
v      5.680983153      -2.03744858      1.015018551
v      5.680983153      -1.73728087       1.37876087
v      5.680983153     -1.373538551       1.67892858
v      5.680983153    -0.9561352287      1.905608076
v      5.680983153    -0.4949845098      2.048885751
v      5.680983153                0         2.098848
v      5.680983153     0.4949845098      2.048885751
v      5.680983153     0.9561352287      1.905608076
v      5.680983153      1.373538551       1.67892858
v      5.680983153       1.73728087       1.37876087
v      5.680983153       2.03744858      1.015018551
v      5.680983153      2.264128076     0.5976152287
v      5.680983153      2.407405751     0.1364645098
v              6.3            2.609           -0.293
v              6.3      2.555954829    -0.8185275507
v              6.3      2.403836198     -1.308133595
v              6.3      2.163169434     -1.751292807
v              6.3      1.844479862     -2.137479862
v              6.3      1.458292807     -2.456169434
v              6.3      1.015133595     -2.696836198
v              6.3     0.5255275507     -2.848954829
v              6.3                0           -2.902
v              6.3    -0.5255275507     -2.848954829
v              6.3     -1.015133595     -2.696836198
v              6.3     -1.458292807     -2.456169434
v              6.3     -1.844479862     -2.137479862
v              6.3     -2.163169434     -1.751292807
v              6.3     -2.403836198     -1.308133595
v              6.3     -2.555954829    -0.8185275507
v              6.3           -2.609           -0.293
v              6.3     -2.555954829     0.2325275507
v              6.3     -2.403836198     0.7221335948
v              6.3     -2.163169434      1.165292807
v              6.3     -1.844479862      1.551479862
v              6.3     -1.458292807      1.870169434
v              6.3     -1.015133595      2.110836198
v              6.3    -0.5255275507      2.262954829
v              6.3                0            2.316
v              6.3     0.5255275507      2.262954829
v              6.3      1.015133595      2.110836198
v              6.3      1.458292807      1.870169434
v              6.3      1.844479862      1.551479862
v              6.3      2.163169434      1.165292807
v              6.3      2.403836198     0.7221335948
v              6.3      2.555954829     0.2325275507
v      6.682578156         2.641916        -0.287696
v      6.682578156      2.588201593    -0.8170571422
v      6.682578156      2.434163784      -1.31023474
v      6.682578156       2.19046069     -1.756626687
v      6.682578156      1.867750425      -2.14563088
v      6.682578156      1.476691108     -2.466645212
v      6.682578156      1.027940853      -2.70906758
v      6.682578156     0.5321577787     -2.862295877
v      6.682578156                0        -2.915728
v      6.682578156    -0.5321577787     -2.862295877
v      6.682578156     -1.027940853      -2.70906758
v      6.682578156     -1.476691108     -2.466645212
v      6.682578156     -1.867750425      -2.14563088
v      6.682578156      -2.19046069     -1.756626687
v      6.682578156     -2.434163784      -1.31023474
v      6.682578156     -2.588201593    -0.8170571422
v      6.682578156        -2.641916        -0.287696
v      6.682578156     -2.588201593     0.2416651422
v      6.682578156     -2.434163784     0.7348427396
v      6.682578156      -2.19046069      1.181234687
v      6.682578156     -1.867750425       1.57023888
v      6.682578156     -1.476691108      1.891253212
v      6.682578156     -1.027940853       2.13367558
v      6.682578156    -0.5321577787      2.286903877
v      6.682578156                0         2.340336
v      6.682578156     0.5321577787      2.286903877
v      6.682578156      1.027940853       2.13367558
v      6.682578156      1.476691108      1.891253212
v      6.682578156      1.867750425       1.57023888
v      6.682578156       2.19046069      1.181234687
v      6.682578156      2.434163784     0.7348427396
v      6.682578156      2.588201593     0.2416651422
v      7.061289078         2.720408        -0.275048
v      7.061289078      2.665097725    -0.8135507836
v      7.061289078      2.506483413     -1.315245162
v      7.061289078      2.255539837     -1.769345939
v      7.061289078      1.923241768     -2.165067921
v      7.061289078      1.520563978     -2.491625913
v      7.061289078      1.058481239     -2.738234721
v      7.061289078     0.5479683224     -2.894109148
v      7.061289078                0        -2.948464
v      7.061289078    -0.5479683224     -2.894109148
v      7.061289078     -1.058481239     -2.738234721
v      7.061289078     -1.520563978     -2.491625913
v      7.061289078     -1.923241768     -2.165067921
v      7.061289078     -2.255539837     -1.769345939
v      7.061289078     -2.506483413     -1.315245162
v      7.061289078     -2.665097725    -0.8135507836
v      7.061289078        -2.720408        -0.275048
v      7.061289078     -2.665097725     0.2634547836
v      7.061289078     -2.506483413     0.7651491616
v      7.061289078     -2.255539837      1.219249939
v      7.061289078     -1.923241768      1.614971921
v      7.061289078     -1.520563978      1.941529913
v      7.061289078     -1.058481239      2.188138721
v      7.061289078    -0.5479683224      2.344013148
v      7.061289078                0         2.398368
v      7.061289078     0.5479683224      2.344013148
v      7.061289078      1.058481239      2.188138721
v      7.061289078      1.520563978      1.941529913
v      7.061289078      1.923241768      1.614971921
v      7.061289078      2.255539837      1.219249939
v      7.061289078      2.506483413     0.7651491616
v      7.061289078      2.665097725     0.2634547836
v      7.438710922         2.814092        -0.259952
v      7.438710922      2.756876978    -0.8093657749
v      7.438710922      2.592800389     -1.321225343
v      7.438710922      2.333214948     -1.784526982
v      7.438710922      1.989473371     -2.188266971
v      7.438710922      1.572928372     -2.521441589
v      7.438710922      1.094932667     -2.773047114
v      7.438710922     0.5668389713     -2.932079825
v      7.438710922                0        -2.987536
v      7.438710922    -0.5668389713     -2.932079825
v      7.438710922     -1.094932667     -2.773047114
v      7.438710922     -1.572928372     -2.521441589
v      7.438710922     -1.989473371     -2.188266971
v      7.438710922     -2.333214948     -1.784526982
v      7.438710922     -2.592800389     -1.321225343
v      7.438710922     -2.756876978    -0.8093657749
v      7.438710922        -2.814092        -0.259952
v      7.438710922     -2.756876978     0.2894617749
v      7.438710922     -2.592800389     0.8013213427
v      7.438710922     -2.333214948      1.264622982
v      7.438710922     -1.989473371      1.668362971
v      7.438710922     -1.572928372      2.001537589
v      7.438710922     -1.094932667      2.253143114
v      7.438710922    -0.5668389713      2.412175825
v      7.438710922                0         2.467632
v      7.438710922     0.5668389713      2.412175825
v      7.438710922      1.094932667      2.253143114
v      7.438710922      1.572928372      2.001537589
v      7.438710922      1.989473371      1.668362971
v      7.438710922      2.333214948      1.264622982
v      7.438710922      2.592800389     0.8013213427
v      7.438710922      2.756876978     0.2894617749
v      7.817421844         2.892584        -0.247304
v      7.817421844      2.833773109    -0.8058594163
v      7.817421844      2.665120018     -1.326235765
v      7.817421844      2.398294095     -1.797246234
v      7.817421844      2.044964713     -2.207704013
v      7.817421844      1.616801242      -2.54642229
v      7.817421844      1.125473053     -2.802214255
v      7.817421844      0.582649515     -2.963893095
v      7.817421844                0        -3.020272
v      7.817421844     -0.582649515     -2.963893095
v      7.817421844     -1.125473053     -2.802214255
v      7.817421844     -1.616801242      -2.54642229
v      7.817421844     -2.044964713     -2.207704013
v      7.817421844     -2.398294095     -1.797246234
v      7.817421844     -2.665120018     -1.326235765
v      7.817421844     -2.833773109    -0.8058594163
v      7.817421844        -2.892584        -0.247304
v      7.817421844     -2.833773109     0.3112514163
v      7.817421844     -2.665120018     0.8316277648
v      7.817421844     -2.398294095      1.302638234
v      7.817421844     -2.044964713      1.713096013
v      7.817421844     -1.616801242       2.05181429
v      7.817421844     -1.125473053      2.307606255
v      7.817421844     -0.582649515      2.469285095
v      7.817421844                0         2.525664
v      7.817421844      0.582649515      2.469285095
v      7.817421844      1.125473053      2.307606255
v      7.817421844      1.616801242       2.05181429
v      7.817421844      2.044964713      1.713096013
v      7.817421844      2.398294095      1.302638234
v      7.817421844      2.665120018     0.8316277648
v      7.817421844      2.833773109     0.3112514163
v              8.2           2.9255           -0.242
v              8.2      2.866019874    -0.8043890078
v              8.2      2.695447604     -1.328336909
v              8.2      2.425585351     -1.802580114
v              8.2      2.068235277     -2.215855031
v              8.2      1.635199543     -2.556898068
v              8.2      1.138280311     -2.814445636
v              8.2      0.589279743     -2.977234144
v              8.2                0           -3.034
v              8.2     -0.589279743     -2.977234144
v              8.2     -1.138280311     -2.814445636
v              8.2     -1.635199543     -2.556898068
v              8.2     -2.068235277     -2.215855031
v              8.2     -2.425585351     -1.802580114
v              8.2     -2.695447604     -1.328336909
v              8.2     -2.866019874    -0.8043890078
v              8.2          -2.9255           -0.242
v              8.2     -2.866019874     0.3203890078
v              8.2     -2.695447604     0.8443369095
v              8.2     -2.425585351      1.318580114
v              8.2     -2.068235277      1.731855031
v              8.2     -1.635199543      2.072898068
v              8.2     -1.138280311      2.330445636
v              8.2     -0.589279743      2.493234144
v              8.2                0             2.55
v              8.2      0.589279743      2.493234144
v              8.2      1.138280311      2.330445636
v              8.2      1.635199543      2.072898068
v              8.2      2.068235277      1.731855031
v              8.2      2.425585351      1.318580114
v              8.2      2.695447604     0.8443369095
v              8.2      2.866019874     0.3203890078
v      8.604133327         2.938448        -0.216832
v      8.604133327       2.87870462    -0.7846257435
v      8.604133327      2.707377412      -1.31360895
v      8.604133327      2.436320773     -1.792409781
v      8.604133327        2.0773891       -2.2096564
v      8.604133327      1.642436789     -2.553976968
v      8.604133327      1.143318237      -2.81399965
v      8.604133327     0.5918878422     -2.978352606
v      8.604133327                0        -3.035664
v      8.604133327    -0.5918878422     -2.978352606
v      8.604133327     -1.143318237      -2.81399965
v      8.604133327     -1.642436789     -2.553976968
v      8.604133327       -2.0773891       -2.2096564
v      8.604133327     -2.436320773     -1.792409781
v      8.604133327     -2.707377412      -1.31360895
v      8.604133327      -2.87870462    -0.7846257435
v      8.604133327        -2.938448        -0.216832
v      8.604133327      -2.87870462     0.3509617435
v      8.604133327     -2.707377412     0.8799449496
v      8.604133327     -2.436320773      1.358745781
v      8.604133327       -2.0773891        1.7759924
v      8.604133327     -1.642436789      2.120312968
v      8.604133327     -1.143318237       2.38033565
v      8.604133327    -0.5918878422      2.544688606
v      8.604133327                0            2.602
v      8.604133327     0.5918878422      2.544688606
v      8.604133327      1.143318237       2.38033565
v      8.604133327      1.642436789      2.120312968
v      8.604133327        2.0773891        1.7759924
v      8.604133327      2.436320773      1.358745781
v      8.604133327      2.707377412     0.8799449496
v      8.604133327       2.87870462     0.3509617435
v      9.037954589         2.969324        -0.156816
v      9.037954589      2.908952862    -0.7374979592
v      9.037954589      2.735825418      -1.27848843
v      9.037954589      2.461920628     -1.768157448
v      9.037954589      2.099217448     -2.194875049
v      9.037954589      1.659694838     -2.547011269
v      9.037954589      1.155331754     -2.812936143
v      9.037954589     0.5981071556     -2.981019708
v      9.037954589                0        -3.039632
v      9.037954589    -0.5981071556     -2.981019708
v      9.037954589     -1.155331754     -2.812936143
v      9.037954589     -1.659694838     -2.547011269
v      9.037954589     -2.099217448     -2.194875049
v      9.037954589     -2.461920628     -1.768157448
v      9.037954589     -2.735825418      -1.27848843
v      9.037954589     -2.908952862    -0.7374979592
v      9.037954589        -2.969324        -0.156816
v      9.037954589     -2.908952862     0.4238659592
v      9.037954589     -2.735825418     0.9648564298
v      9.037954589     -2.461920628      1.454525448
v      9.037954589     -2.099217448      1.881243049
v      9.037954589     -1.659694838      2.233379269
v      9.037954589     -1.155331754      2.499304143
v      9.037954589    -0.5981071556      2.667387708
v      9.037954589                0            2.726
v      9.037954589     0.5981071556      2.667387708
v      9.037954589      1.155331754      2.499304143
v      9.037954589      1.659694838      2.233379269
v      9.037954589      2.099217448      1.881243049
v      9.037954589      2.461920628      1.454525448
v      9.037954589      2.735825418     0.9648564298
v      9.037954589      2.908952862     0.4238659592
v      9.489709189         3.006176        -0.085184
v      9.489709189      2.945055601    -0.6812486683
v      9.489709189      2.769779489      -1.23657039
v      9.489709189      2.492475292     -1.739211115
v      9.489709189      2.125270638     -2.177232791
v      9.489709189      1.680293154     -2.538697369
v      9.489709189      1.169670467     -2.811666797
v      9.489709189      0.605530207     -2.984203024
v      9.489709189                0        -3.044368
v      9.489709189     -0.605530207     -2.984203024
v      9.489709189     -1.169670467     -2.811666797
v      9.489709189     -1.680293154     -2.538697369
v      9.489709189     -2.125270638     -2.177232791
v      9.489709189     -2.492475292     -1.739211115
v      9.489709189     -2.769779489      -1.23657039
v      9.489709189     -2.945055601    -0.6812486683
v      9.489709189        -3.006176        -0.085184
v      9.489709189     -2.945055601     0.5108806683
v      9.489709189     -2.769779489       1.06620239
v      9.489709189     -2.492475292      1.568843115
v      9.489709189     -2.125270638      2.006864791
v      9.489709189     -1.680293154      2.368329369
v      9.489709189     -1.169670467      2.641298797
v      9.489709189     -0.605530207      2.813835024
v      9.489709189                0            2.874
v      9.489709189      0.605530207      2.813835024
v      9.489709189      1.169670467      2.641298797
v      9.489709189      1.680293154      2.368329369
v      9.489709189      2.125270638      2.006864791
v      9.489709189      2.492475292      1.568843115
v      9.489709189      2.769779489       1.06620239
v      9.489709189      2.945055601     0.5108806683
v      9.947642526         3.037052        -0.025168
v      9.947642526      2.975303842     -0.634120884
v      9.947642526      2.798227495      -1.20144987
v      9.947642526      2.518075146     -1.714958782
v      9.947642526      2.147098986      -2.16245144
v      9.947642526      1.697551202     -2.531731669
v      9.947642526      1.181683984      -2.81060329
v      9.947642526     0.6117495204     -2.986870126
v      9.947642526                0        -3.048336
v      9.947642526    -0.6117495204     -2.986870126
v      9.947642526     -1.181683984      -2.81060329
v      9.947642526     -1.697551202     -2.531731669
v      9.947642526     -2.147098986      -2.16245144
v      9.947642526     -2.518075146     -1.714958782
v      9.947642526     -2.798227495      -1.20144987
v      9.947642526     -2.975303842     -0.634120884
v      9.947642526        -3.037052        -0.025168
v      9.947642526     -2.975303842      0.583784884
v      9.947642526     -2.798227495       1.15111387
v      9.947642526     -2.518075146      1.664622782
v      9.947642526     -2.147098986       2.11211544
v      9.947642526     -1.697551202      2.481395669
v      9.947642526     -1.181683984       2.76026729
v      9.947642526    -0.6117495204      2.936534126
v      9.947642526                0            2.998
v      9.947642526     0.6117495204      2.936534126
v      9.947642526      1.181683984       2.76026729
v      9.947642526      1.697551202      2.481395669
v      9.947642526      2.147098986       2.11211544
v      9.947642526      2.518075146      1.664622782
v      9.947642526      2.798227495       1.15111387
v      9.947642526      2.975303842      0.583784884
v             10.4             3.05                0
v             10.4      2.987988589    -0.6143576196
v             10.4      2.810157303      -1.18672191
v             10.4      2.528810569     -1.704788448
v             10.4      2.156252809     -2.156252809
v             10.4      1.704788448     -2.528810569
v             10.4       1.18672191     -2.810157303
v             10.4     0.6143576196     -2.987988589
v             10.4                0            -3.05
v             10.4    -0.6143576196     -2.987988589
v             10.4      -1.18672191     -2.810157303
v             10.4     -1.704788448     -2.528810569
v             10.4     -2.156252809     -2.156252809
v             10.4     -2.528810569     -1.704788448
v             10.4     -2.810157303      -1.18672191
v             10.4     -2.987988589    -0.6143576196
v             10.4            -3.05                0
v             10.4     -2.987988589     0.6143576196
v             10.4     -2.810157303       1.18672191
v             10.4     -2.528810569      1.704788448
v             10.4     -2.156252809      2.156252809
v             10.4     -1.704788448      2.528810569
v             10.4      -1.18672191      2.810157303
v             10.4    -0.6143576196      2.987988589
v             10.4                0             3.05
v             10.4     0.6143576196      2.987988589
v             10.4       1.18672191      2.810157303
v             10.4      1.704788448      2.528810569
v             10.4      2.156252809      2.156252809
v             10.4      2.528810569      1.704788448
v             10.4      2.810157303       1.18672191
v             10.4      2.987988589     0.6143576196
v      11.16681686             3.05                0
v      11.16681686      2.987988589    -0.6143576196
v      11.16681686      2.810157303      -1.18672191
v      11.16681686      2.528810569     -1.704788448
v      11.16681686      2.156252809     -2.156252809
v      11.16681686      1.704788448     -2.528810569
v      11.16681686       1.18672191     -2.810157303
v      11.16681686     0.6143576196     -2.987988589
v      11.16681686                0            -3.05
v      11.16681686    -0.6143576196     -2.987988589
v      11.16681686      -1.18672191     -2.810157303
v      11.16681686     -1.704788448     -2.528810569
v      11.16681686     -2.156252809     -2.156252809
v      11.16681686     -2.528810569     -1.704788448
v      11.16681686     -2.810157303      -1.18672191
v      11.16681686     -2.987988589    -0.6143576196
v      11.16681686            -3.05                0
v      11.16681686     -2.987988589     0.6143576196
v      11.16681686     -2.810157303       1.18672191
v      11.16681686     -2.528810569      1.704788448
v      11.16681686     -2.156252809      2.156252809
v      11.16681686     -1.704788448      2.528810569
v      11.16681686      -1.18672191      2.810157303
v      11.16681686    -0.6143576196      2.987988589
v      11.16681686                0             3.05
v      11.16681686     0.6143576196      2.987988589
v      11.16681686       1.18672191      2.810157303
v      11.16681686      1.704788448      2.528810569
v      11.16681686      2.156252809      2.156252809
v      11.16681686      2.528810569      1.704788448
v      11.16681686      2.810157303       1.18672191
v      11.16681686      2.987988589     0.6143576196
v      12.42966897             3.05                0
v      12.42966897      2.987988589    -0.6143576196
v      12.42966897      2.810157303      -1.18672191
v      12.42966897      2.528810569     -1.704788448
v      12.42966897      2.156252809     -2.156252809
v      12.42966897      1.704788448     -2.528810569
v      12.42966897       1.18672191     -2.810157303
v      12.42966897     0.6143576196     -2.987988589
v      12.42966897                0            -3.05
v      12.42966897    -0.6143576196     -2.987988589
v      12.42966897      -1.18672191     -2.810157303
v      12.42966897     -1.704788448     -2.528810569
v      12.42966897     -2.156252809     -2.156252809
v      12.42966897     -2.528810569     -1.704788448
v      12.42966897     -2.810157303      -1.18672191
v      12.42966897     -2.987988589    -0.6143576196
v      12.42966897            -3.05                0
v      12.42966897     -2.987988589     0.6143576196
v      12.42966897     -2.810157303       1.18672191
v      12.42966897     -2.528810569      1.704788448
v      12.42966897     -2.156252809      2.156252809
v      12.42966897     -1.704788448      2.528810569
v      12.42966897      -1.18672191      2.810157303
v      12.42966897    -0.6143576196      2.987988589
v      12.42966897                0             3.05
v      12.42966897     0.6143576196      2.987988589
v      12.42966897       1.18672191      2.810157303
v      12.42966897      1.704788448      2.528810569
v      12.42966897      2.156252809      2.156252809
v      12.42966897      2.528810569      1.704788448
v      12.42966897      2.810157303       1.18672191
v      12.42966897      2.987988589     0.6143576196
v      13.96911264             3.05                0
v      13.96911264      2.987988589    -0.6143576196
v      13.96911264      2.810157303      -1.18672191
v      13.96911264      2.528810569     -1.704788448
v      13.96911264      2.156252809     -2.156252809
v      13.96911264      1.704788448     -2.528810569
v      13.96911264       1.18672191     -2.810157303
v      13.96911264     0.6143576196     -2.987988589
v      13.96911264                0            -3.05
v      13.96911264    -0.6143576196     -2.987988589
v      13.96911264      -1.18672191     -2.810157303
v      13.96911264     -1.704788448     -2.528810569
v      13.96911264     -2.156252809     -2.156252809
v      13.96911264     -2.528810569     -1.704788448
v      13.96911264     -2.810157303      -1.18672191
v      13.96911264     -2.987988589    -0.6143576196
v      13.96911264            -3.05                0
v      13.96911264     -2.987988589     0.6143576196
v      13.96911264     -2.810157303       1.18672191
v      13.96911264     -2.528810569      1.704788448
v      13.96911264     -2.156252809      2.156252809
v      13.96911264     -1.704788448      2.528810569
v      13.96911264      -1.18672191      2.810157303
v      13.96911264    -0.6143576196      2.987988589
v      13.96911264                0             3.05
v      13.96911264     0.6143576196      2.987988589
v      13.96911264       1.18672191      2.810157303
v      13.96911264      1.704788448      2.528810569
v      13.96911264      2.156252809      2.156252809
v      13.96911264      2.528810569      1.704788448
v      13.96911264      2.810157303       1.18672191
v      13.96911264      2.987988589     0.6143576196
v      15.56570421             3.05                0
v      15.56570421      2.987988589    -0.6143576196
v      15.56570421      2.810157303      -1.18672191
v      15.56570421      2.528810569     -1.704788448
v      15.56570421      2.156252809     -2.156252809
v      15.56570421      1.704788448     -2.528810569
v      15.56570421       1.18672191     -2.810157303
v      15.56570421     0.6143576196     -2.987988589
v      15.56570421                0            -3.05
v      15.56570421    -0.6143576196     -2.987988589
v      15.56570421      -1.18672191     -2.810157303
v      15.56570421     -1.704788448     -2.528810569
v      15.56570421     -2.156252809     -2.156252809
v      15.56570421     -2.528810569     -1.704788448
v      15.56570421     -2.810157303      -1.18672191
v      15.56570421     -2.987988589    -0.6143576196
v      15.56570421            -3.05                0
v      15.56570421     -2.987988589     0.6143576196
v      15.56570421     -2.810157303       1.18672191
v      15.56570421     -2.528810569      1.704788448
v      15.56570421     -2.156252809      2.156252809
v      15.56570421     -1.704788448      2.528810569
v      15.56570421      -1.18672191      2.810157303
v      15.56570421    -0.6143576196      2.987988589
v      15.56570421                0             3.05
v      15.56570421     0.6143576196      2.987988589
v      15.56570421       1.18672191      2.810157303
v      15.56570421      1.704788448      2.528810569
v      15.56570421      2.156252809      2.156252809
v      15.56570421      2.528810569      1.704788448
v      15.56570421      2.810157303       1.18672191
v      15.56570421      2.987988589     0.6143576196
v               17             3.05                0
v               17      2.987988589    -0.6143576196
v               17      2.810157303      -1.18672191
v               17      2.528810569     -1.704788448
v               17      2.156252809     -2.156252809
v               17      1.704788448     -2.528810569
v               17       1.18672191     -2.810157303
v               17     0.6143576196     -2.987988589
v               17                0            -3.05
v               17    -0.6143576196     -2.987988589
v               17      -1.18672191     -2.810157303
v               17     -1.704788448     -2.528810569
v               17     -2.156252809     -2.156252809
v               17     -2.528810569     -1.704788448
v               17     -2.810157303      -1.18672191
v               17     -2.987988589    -0.6143576196
v               17            -3.05                0
v               17     -2.987988589     0.6143576196
v               17     -2.810157303       1.18672191
v               17     -2.528810569      1.704788448
v               17     -2.156252809      2.156252809
v               17     -1.704788448      2.528810569
v               17      -1.18672191      2.810157303
v               17    -0.6143576196      2.987988589
v               17                0             3.05
v               17     0.6143576196      2.987988589
v               17       1.18672191      2.810157303
v               17      1.704788448      2.528810569
v               17      2.156252809      2.156252809
v               17      2.528810569      1.704788448
v               17      2.810157303       1.18672191
v               17      2.987988589     0.6143576196
v            18.28             3.05                0
v            18.28      2.987988589    -0.6143576196
v            18.28      2.810157303      -1.18672191
v            18.28      2.528810569     -1.704788448
v            18.28      2.156252809     -2.156252809
v            18.28      1.704788448     -2.528810569
v            18.28       1.18672191     -2.810157303
v            18.28     0.6143576196     -2.987988589
v            18.28                0            -3.05
v            18.28    -0.6143576196     -2.987988589
v            18.28      -1.18672191     -2.810157303
v            18.28     -1.704788448     -2.528810569
v            18.28     -2.156252809     -2.156252809
v            18.28     -2.528810569     -1.704788448
v            18.28     -2.810157303      -1.18672191
v            18.28     -2.987988589    -0.6143576196
v            18.28            -3.05                0
v            18.28     -2.987988589     0.6143576196
v            18.28     -2.810157303       1.18672191
v            18.28     -2.528810569      1.704788448
v            18.28     -2.156252809      2.156252809
v            18.28     -1.704788448      2.528810569
v            18.28      -1.18672191      2.810157303
v            18.28    -0.6143576196      2.987988589
v            18.28                0             3.05
v            18.28     0.6143576196      2.987988589
v            18.28       1.18672191      2.810157303
v            18.28      1.704788448      2.528810569
v            18.28      2.156252809      2.156252809
v            18.28      2.528810569      1.704788448
v            18.28      2.810157303       1.18672191
v            18.28      2.987988589     0.6143576196
v            19.56             3.05                0
v            19.56      2.987988589    -0.6143576196
v            19.56      2.810157303      -1.18672191
v            19.56      2.528810569     -1.704788448
v            19.56      2.156252809     -2.156252809
v            19.56      1.704788448     -2.528810569
v            19.56       1.18672191     -2.810157303
v            19.56     0.6143576196     -2.987988589
v            19.56                0            -3.05
v            19.56    -0.6143576196     -2.987988589
v            19.56      -1.18672191     -2.810157303
v            19.56     -1.704788448     -2.528810569
v            19.56     -2.156252809     -2.156252809
v            19.56     -2.528810569     -1.704788448
v            19.56     -2.810157303      -1.18672191
v            19.56     -2.987988589    -0.6143576196
v            19.56            -3.05                0
v            19.56     -2.987988589     0.6143576196
v            19.56     -2.810157303       1.18672191
v            19.56     -2.528810569      1.704788448
v            19.56     -2.156252809      2.156252809
v            19.56     -1.704788448      2.528810569
v            19.56      -1.18672191      2.810157303
v            19.56    -0.6143576196      2.987988589
v            19.56                0             3.05
v            19.56     0.6143576196      2.987988589
v            19.56       1.18672191      2.810157303
v            19.56      1.704788448      2.528810569
v            19.56      2.156252809      2.156252809
v            19.56      2.528810569      1.704788448
v            19.56      2.810157303       1.18672191
v            19.56      2.987988589     0.6143576196
v            20.84             3.05                0
v            20.84      2.987988589    -0.6143576196
v            20.84      2.810157303      -1.18672191
v            20.84      2.528810569     -1.704788448
v            20.84      2.156252809     -2.156252809
v            20.84      1.704788448     -2.528810569
v            20.84       1.18672191     -2.810157303
v            20.84     0.6143576196     -2.987988589
v            20.84                0            -3.05
v            20.84    -0.6143576196     -2.987988589
v            20.84      -1.18672191     -2.810157303
v            20.84     -1.704788448     -2.528810569
v            20.84     -2.156252809     -2.156252809
v            20.84     -2.528810569     -1.704788448
v            20.84     -2.810157303      -1.18672191
v            20.84     -2.987988589    -0.6143576196
v            20.84            -3.05                0
v            20.84     -2.987988589     0.6143576196
v            20.84     -2.810157303       1.18672191
v            20.84     -2.528810569      1.704788448
v            20.84     -2.156252809      2.156252809
v            20.84     -1.704788448      2.528810569
v            20.84      -1.18672191      2.810157303
v            20.84    -0.6143576196      2.987988589
v            20.84                0             3.05
v            20.84     0.6143576196      2.987988589
v            20.84       1.18672191      2.810157303
v            20.84      1.704788448      2.528810569
v            20.84      2.156252809      2.156252809
v            20.84      2.528810569      1.704788448
v            20.84      2.810157303       1.18672191
v            20.84      2.987988589     0.6143576196
v            22.12             3.05                0
v            22.12      2.987988589    -0.6143576196
v            22.12      2.810157303      -1.18672191
v            22.12      2.528810569     -1.704788448
v            22.12      2.156252809     -2.156252809
v            22.12      1.704788448     -2.528810569
v            22.12       1.18672191     -2.810157303
v            22.12     0.6143576196     -2.987988589
v            22.12                0            -3.05
v            22.12    -0.6143576196     -2.987988589
v            22.12      -1.18672191     -2.810157303
v            22.12     -1.704788448     -2.528810569
v            22.12     -2.156252809     -2.156252809
v            22.12     -2.528810569     -1.704788448
v            22.12     -2.810157303      -1.18672191
v            22.12     -2.987988589    -0.6143576196
v            22.12            -3.05                0
v            22.12     -2.987988589     0.6143576196
v            22.12     -2.810157303       1.18672191
v            22.12     -2.528810569      1.704788448
v            22.12     -2.156252809      2.156252809
v            22.12     -1.704788448      2.528810569
v            22.12      -1.18672191      2.810157303
v            22.12    -0.6143576196      2.987988589
v            22.12                0             3.05
v            22.12     0.6143576196      2.987988589
v            22.12       1.18672191      2.810157303
v            22.12      1.704788448      2.528810569
v            22.12      2.156252809      2.156252809
v            22.12      2.528810569      1.704788448
v            22.12      2.810157303       1.18672191
v            22.12      2.987988589     0.6143576196
v             23.4             3.05                0
v             23.4      2.987988589    -0.6143576196
v             23.4      2.810157303      -1.18672191
v             23.4      2.528810569     -1.704788448
v             23.4      2.156252809     -2.156252809
v             23.4      1.704788448     -2.528810569
v             23.4       1.18672191     -2.810157303
v             23.4     0.6143576196     -2.987988589
v             23.4                0            -3.05
v             23.4    -0.6143576196     -2.987988589
v             23.4      -1.18672191     -2.810157303
v             23.4     -1.704788448     -2.528810569
v             23.4     -2.156252809     -2.156252809
v             23.4     -2.528810569     -1.704788448
v             23.4     -2.810157303      -1.18672191
v             23.4     -2.987988589    -0.6143576196
v             23.4            -3.05                0
v             23.4     -2.987988589     0.6143576196
v             23.4     -2.810157303       1.18672191
v             23.4     -2.528810569      1.704788448
v             23.4     -2.156252809      2.156252809
v             23.4     -1.704788448      2.528810569
v             23.4      -1.18672191      2.810157303
v             23.4    -0.6143576196      2.987988589
v             23.4                0             3.05
v             23.4     0.6143576196      2.987988589
v             23.4       1.18672191      2.810157303
v             23.4      1.704788448      2.528810569
v             23.4      2.156252809      2.156252809
v             23.4      2.528810569      1.704788448
v             23.4      2.810157303       1.18672191
v             23.4      2.987988589     0.6143576196
v      24.76078874         2.976992         0.049608
v      24.76078874      2.916464959     -0.550043711
v      24.76078874       2.74289043      -1.10870729
v      24.76078874      2.468278306     -1.614372843
v      24.76078874       2.10463848      -2.05503048
v      24.76078874      1.663980843     -2.418670306
v      24.76078874       1.15831529      -2.69328243
v      24.76078874      0.599651711     -2.866856959
v      24.76078874                0        -2.927384
v      24.76078874     -0.599651711     -2.866856959
v      24.76078874      -1.15831529      -2.69328243
v      24.76078874     -1.663980843     -2.418670306
v      24.76078874      -2.10463848      -2.05503048
v      24.76078874     -2.468278306     -1.614372843
v      24.76078874      -2.74289043      -1.10870729
v      24.76078874     -2.916464959     -0.550043711
v      24.76078874        -2.976992         0.049608
v      24.76078874     -2.916464959      0.649259711
v      24.76078874      -2.74289043       1.20792329
v      24.76078874     -2.468278306      1.713588843
v      24.76078874      -2.10463848       2.15424648
v      24.76078874     -1.663980843      2.517886306
v      24.76078874      -1.15831529       2.79249843
v      24.76078874     -0.599651711      2.966072959
v      24.76078874                0           3.0266
v      24.76078874      0.599651711      2.966072959
v      24.76078874       1.15831529       2.79249843
v      24.76078874      1.663980843      2.517886306
v      24.76078874       2.10463848       2.15424648
v      24.76078874      2.468278306      1.713588843
v      24.76078874       2.74289043       1.20792329
v      24.76078874      2.916464959      0.649259711
v      26.23036621         2.802896         0.167904
v      26.23036621      2.745908611    -0.3966797753
v      26.23036621      2.582484808    -0.9226724249
v      26.23036621      2.323932141     -1.398766401
v      26.23036621      1.981558155     -1.813654155
v      26.23036621      1.566670401     -2.156028141
v      26.23036621      1.090576425     -2.414580808
v      26.23036621     0.5645837753     -2.578004611
v      26.23036621                0        -2.634992
v      26.23036621    -0.5645837753     -2.578004611
v      26.23036621     -1.090576425     -2.414580808
v      26.23036621     -1.566670401     -2.156028141
v      26.23036621     -1.981558155     -1.813654155
v      26.23036621     -2.323932141     -1.398766401
v      26.23036621     -2.582484808    -0.9226724249
v      26.23036621     -2.745908611    -0.3966797753
v      26.23036621        -2.802896         0.167904
v      26.23036621     -2.745908611     0.7324877753
v      26.23036621     -2.582484808      1.258480425
v      26.23036621     -2.323932141      1.734574401
v      26.23036621     -1.981558155      2.149462155
v      26.23036621     -1.566670401      2.491836141
v      26.23036621     -1.090576425      2.750388808
v      26.23036621    -0.5645837753      2.913812611
v      26.23036621                0           2.9708
v      26.23036621     0.5645837753      2.913812611
v      26.23036621      1.090576425      2.750388808
v      26.23036621      1.566670401      2.491836141
v      26.23036621      1.981558155      2.149462155
v      26.23036621      2.323932141      1.734574401
v      26.23036621      2.582484808      1.258480425
v      26.23036621      2.745908611     0.7324877753
v      27.72954932         2.595104         0.309096
v      27.72954932      2.542341357    -0.2136324971
v      27.72954932      2.391032937     -0.700630812
v      27.72954932      2.151648008     -1.141429679
v      27.72954932      1.834655833     -1.525559833
v      27.72954932      1.450525679     -1.842552008
v      27.72954932      1.009726812     -2.081936937
v      27.72954932     0.5227284971     -2.233245357
v      27.72954932                0        -2.286008
v      27.72954932    -0.5227284971     -2.233245357
v      27.72954932     -1.009726812     -2.081936937
v      27.72954932     -1.450525679     -1.842552008
v      27.72954932     -1.834655833     -1.525559833
v      27.72954932     -2.151648008     -1.141429679
v      27.72954932     -2.391032937     -0.700630812
v      27.72954932     -2.542341357    -0.2136324971
v      27.72954932        -2.595104         0.309096
v      27.72954932     -2.542341357     0.8318244971
v      27.72954932     -2.391032937      1.318822812
v      27.72954932     -2.151648008      1.759621679
v      27.72954932     -1.834655833      2.143751833
v      27.72954932     -1.450525679      2.460744008
v      27.72954932     -1.009726812      2.700128937
v      27.72954932    -0.5227284971      2.851437357
v      27.72954932                0           2.9042
v      27.72954932     0.5227284971      2.851437357
v      27.72954932      1.009726812      2.700128937
v      27.72954932      1.450525679      2.460744008
v      27.72954932      1.834655833      2.143751833
v      27.72954932      2.151648008      1.759621679
v      27.72954932      2.391032937      1.318822812
v      27.72954932      2.542341357     0.8318244971
v      29.17915495         2.421008         0.427392
v      29.17915495      2.371785009   -0.06026856128
v      29.17915495      2.230627316    -0.5145959472
v      29.17915495      2.007301842    -0.9258232366
v      29.17915495      1.711575509     -1.284183509
v      29.17915495      1.353215237     -1.579909842
v      29.17915495     0.9419879472     -1.803235316
v      29.17915495     0.4876605613     -1.944393009
v      29.17915495                0        -1.993616
v      29.17915495    -0.4876605613     -1.944393009
v      29.17915495    -0.9419879472     -1.803235316
v      29.17915495     -1.353215237     -1.579909842
v      29.17915495     -1.711575509     -1.284183509
v      29.17915495     -2.007301842    -0.9258232366
v      29.17915495     -2.230627316    -0.5145959472
v      29.17915495     -2.371785009   -0.06026856128
v      29.17915495        -2.421008         0.427392
v      29.17915495     -2.371785009     0.9150525613
v      29.17915495     -2.230627316      1.369379947
v      29.17915495     -2.007301842      1.780607237
v      29.17915495     -1.711575509      2.138967509
v      29.17915495     -1.353215237      2.434693842
v      29.17915495    -0.9419879472      2.658019316
v      29.17915495    -0.4876605613      2.799177009
v      29.17915495                0           2.8484
v      29.17915495     0.4876605613      2.799177009
v      29.17915495     0.9419879472      2.658019316
v      29.17915495      1.353215237      2.434693842
v      29.17915495      1.711575509      2.138967509
v      29.17915495      2.007301842      1.780607237
v      29.17915495      2.230627316      1.369379947
v      29.17915495      2.371785009     0.9150525613
v             30.5            2.348            0.477
v             30.5      2.300261379   0.004045347277
v             30.5      2.163360442    -0.4365813264
v             30.5      1.946769579    -0.8354076317
v             30.5      1.659961179     -1.182961179
v             30.5      1.312407632     -1.469769579
v             30.5     0.9135813264     -1.686360442
v             30.5     0.4729546527     -1.823261379
v             30.5                0           -1.871
v             30.5    -0.4729546527     -1.823261379
v             30.5    -0.9135813264     -1.686360442
v             30.5     -1.312407632     -1.469769579
v             30.5     -1.659961179     -1.182961179
v             30.5     -1.946769579    -0.8354076317
v             30.5     -2.163360442    -0.4365813264
v             30.5     -2.300261379   0.004045347277
v             30.5           -2.348            0.477
v             30.5     -2.300261379     0.9499546527
v             30.5     -2.163360442      1.390581326
v             30.5     -1.946769579      1.789407632
v             30.5     -1.659961179      2.136961179
v             30.5     -1.312407632      2.423769579
v             30.5    -0.9135813264      2.640360442
v             30.5    -0.4729546527      2.777261379
v             30.5                0            2.825
v             30.5     0.4729546527      2.777261379
v             30.5     0.9135813264      2.640360442
v             30.5      1.312407632      2.423769579
v             30.5      1.659961179      2.136961179
v             30.5      1.946769579      1.789407632
v             30.5      2.163360442      1.390581326
v             30.5      2.300261379     0.9499546527
v      31.72399913          2.22788         0.550008
v      31.72399913      2.182583612     0.1012489661
v      31.72399913      2.052686313    -0.3168359376
v      31.72399913      1.847175899    -0.6952589142
v      31.72399913      1.575040167     -1.025032167
v      31.72399913      1.245266914     -1.297167899
v      31.72399913     0.8668439376     -1.502678313
v      31.72399913     0.4487590339     -1.632575612
v      31.72399913                0        -1.677872
v      31.72399913    -0.4487590339     -1.632575612
v      31.72399913    -0.8668439376     -1.502678313
v      31.72399913     -1.245266914     -1.297167899
v      31.72399913     -1.575040167     -1.025032167
v      31.72399913     -1.847175899    -0.6952589142
v      31.72399913     -2.052686313    -0.3168359376
v      31.72399913     -2.182583612     0.1012489661
v      31.72399913         -2.22788         0.550008
v      31.72399913     -2.182583612     0.9987670339
v      31.72399913     -2.052686313      1.416851938
v      31.72399913     -1.847175899      1.795274914
v      31.72399913     -1.575040167      2.125048167
v      31.72399913     -1.245266914      2.397183899
v      31.72399913    -0.8668439376      2.602694313
v      31.72399913    -0.4487590339      2.732591612
v      31.72399913                0         2.777888
v      31.72399913     0.4487590339      2.732591612
v      31.72399913     0.8668439376      2.602694313
v      31.72399913      1.245266914      2.397183899
v      31.72399913      1.575040167      2.125048167
v      31.72399913      1.847175899      1.795274914
v      31.72399913      2.052686313      1.416851938
v      31.72399913      2.182583612     0.9987670339
v      32.93591293          1.94144         0.724104
v      32.93591293      1.901967398     0.3330422108
v      32.93591293       1.78877108   -0.03128924124
v      32.93591293      1.609683276    -0.3610581263
v      32.93591293      1.372536214    -0.6484322144
v      32.93591293      1.085162126    -0.8855792758
v      32.93591293     0.7553932412      -1.06466708
v      32.93591293     0.3910617892     -1.177863398
v      32.93591293                0        -1.217336
v      32.93591293    -0.3910617892     -1.177863398
v      32.93591293    -0.7553932412      -1.06466708
v      32.93591293     -1.085162126    -0.8855792758
v      32.93591293     -1.372536214    -0.6484322144
v      32.93591293     -1.609683276    -0.3610581263
v      32.93591293      -1.78877108   -0.03128924124
v      32.93591293     -1.901967398     0.3330422108
v      32.93591293         -1.94144         0.724104
v      32.93591293     -1.901967398      1.115165789
v      32.93591293      -1.78877108      1.479497241
v      32.93591293     -1.609683276      1.809266126
v      32.93591293     -1.372536214      2.096640214
v      32.93591293     -1.085162126      2.333787276
v      32.93591293    -0.7553932412       2.51287508
v      32.93591293    -0.3910617892      2.626071398
v      32.93591293                0         2.665544
v      32.93591293     0.3910617892      2.626071398
v      32.93591293     0.7553932412       2.51287508
v      32.93591293      1.085162126      2.333787276
v      32.93591293      1.372536214      2.096640214
v      32.93591293      1.609683276      1.809266126
v      32.93591293       1.78877108      1.479497241
v      32.93591293      1.901967398      1.115165789
v      34.13582717          1.59956         0.931896
v      34.13582717      1.567038369     0.6096986643
v      34.13582717      1.473775481     0.3095245577
v      34.13582717      1.326224339     0.0378266851
v      34.13582717      1.130837949    -0.1989419487
v      34.13582717     0.8940693149    -0.3943283389
v      34.13582717     0.6223714423    -0.5418794808
v      34.13582717     0.3221973357    -0.6351423694
v      34.13582717                0        -0.667664
v      34.13582717    -0.3221973357    -0.6351423694
v      34.13582717    -0.6223714423    -0.5418794808
v      34.13582717    -0.8940693149    -0.3943283389
v      34.13582717     -1.130837949    -0.1989419487
v      34.13582717     -1.326224339     0.0378266851
v      34.13582717     -1.473775481     0.3095245577
v      34.13582717     -1.567038369     0.6096986643
v      34.13582717         -1.59956         0.931896
v      34.13582717     -1.567038369      1.254093336
v      34.13582717     -1.473775481      1.554267442
v      34.13582717     -1.326224339      1.825965315
v      34.13582717     -1.130837949      2.062733949
v      34.13582717    -0.8940693149      2.258120339
v      34.13582717    -0.6223714423      2.405671481
v      34.13582717    -0.3221973357      2.498934369
v      34.13582717                0         2.531456
v      34.13582717     0.3221973357      2.498934369
v      34.13582717     0.6223714423      2.405671481
v      34.13582717     0.8940693149      2.258120339
v      34.13582717      1.130837949      2.062733949
v      34.13582717      1.326224339      1.825965315
v      34.13582717      1.473775481      1.554267442
v      34.13582717      1.567038369      1.254093336
v       35.3238276          1.31312         1.105992
v       35.3238276      1.286422156      0.841491909
v       35.3238276      1.209860249     0.5950712541
v       35.3238276      1.088731716      0.372027473
v       35.3238276     0.9283339964     0.1776580036
v       35.3238276      0.733964527    0.01726028381
v       35.3238276     0.5109207459    -0.1038682486
v       35.3238276      0.264500091    -0.1804301559
v       35.3238276                0        -0.207128
v       35.3238276     -0.264500091    -0.1804301559
v       35.3238276    -0.5109207459    -0.1038682486
v       35.3238276     -0.733964527    0.01726028381
v       35.3238276    -0.9283339964     0.1776580036
v       35.3238276     -1.088731716      0.372027473
v       35.3238276     -1.209860249     0.5950712541
v       35.3238276     -1.286422156      0.841491909
v       35.3238276         -1.31312         1.105992
v       35.3238276     -1.286422156      1.370492091
v       35.3238276     -1.209860249      1.616912746
v       35.3238276     -1.088731716      1.839956527
v       35.3238276    -0.9283339964      2.034325996
v       35.3238276     -0.733964527      2.194723716
v       35.3238276    -0.5109207459      2.315852249
v       35.3238276     -0.264500091      2.392414156
v       35.3238276                0         2.419112
v       35.3238276      0.264500091      2.392414156
v       35.3238276     0.5109207459      2.315852249
v       35.3238276      0.733964527      2.194723716
v       35.3238276     0.9283339964      2.034325996
v       35.3238276      1.088731716      1.839956527
v       35.3238276      1.209860249      1.616912746
v       35.3238276      1.286422156      1.370492091
v             36.5            1.193            1.179
v             36.5      1.168744389     0.9386955278
v             36.5      1.099186119     0.7148166429
v             36.5     0.9891380357     0.5121761905
v             36.5     0.8434129841     0.3355870159
v             36.5     0.6668238095     0.1898619643
v             36.5     0.4641833571    0.07981388097
v             36.5     0.2403044722    0.01025561112
v             36.5                0           -0.014
v             36.5    -0.2403044722    0.01025561112
v             36.5    -0.4641833571    0.07981388097
v             36.5    -0.6668238095     0.1898619643
v             36.5    -0.8434129841     0.3355870159
v             36.5    -0.9891380357     0.5121761905
v             36.5     -1.099186119     0.7148166429
v             36.5     -1.168744389     0.9386955278
v             36.5           -1.193            1.179
v             36.5     -1.168744389      1.419304472
v             36.5     -1.099186119      1.643183357
v             36.5    -0.9891380357      1.845823809
v             36.5    -0.8434129841      2.022412984
v             36.5    -0.6668238095      2.168138036
v             36.5    -0.4641833571      2.278186119
v             36.5    -0.2403044722      2.347744389
v             36.5                0            2.372
v             36.5     0.2403044722      2.347744389
v             36.5     0.4641833571      2.278186119
v             36.5     0.6668238095      2.168138036
v             36.5     0.8434129841      2.022412984
v             36.5     0.9891380357      1.845823809
v             36.5      1.099186119      1.643183357
v             36.5      1.168744389      1.419304472
v      37.74248152      1.168230143         1.238384
v      37.74248152      1.144266696      1.004549016
v      37.74248152      1.075639127     0.7860132066
v      37.74248152     0.9672415951     0.5876707297
v      37.74248152     0.8239682568     0.4144157432
v      37.74248152     0.6507132703     0.2711424049
v      37.74248152     0.4523707934     0.1627448727
v      37.74248152     0.2338349841     0.0941173042
v      37.74248152 -1.065814104e-17    0.07015385742
v      37.74248152    -0.2338349841     0.0941173042
v      37.74248152    -0.4523707934     0.1627448727
v      37.74248152    -0.6507132703     0.2711424049
v      37.74248152    -0.8239682568     0.4144157432
v      37.74248152    -0.9672415951     0.5876707297
v      37.74248152     -1.075639127     0.7860132066
v      37.74248152     -1.144266696      1.004549016
v      37.74248152     -1.168230143         1.238384
v      37.74248152     -1.144266696      1.472218984
v      37.74248152     -1.075639127      1.690754793
v      37.74248152    -0.9672415951       1.88909727
v      37.74248152    -0.8239682568      2.062352257
v      37.74248152    -0.6507132703      2.205625595
v      37.74248152    -0.4523707934      2.314023127
v      37.74248152    -0.2338349841      2.382650696
v      37.74248152 -1.598721155e-17      2.406614143
v      37.74248152     0.2338349841      2.382650696
v      37.74248152     0.4523707934      2.314023127
v      37.74248152     0.6507132703      2.205625595
v      37.74248152     0.8239682568      2.062352257
v      37.74248152     0.9672415951       1.88909727
v      37.74248152      1.075639127      1.690754793
v      37.74248152      1.144266696      1.472218984
v      39.05110019      1.070970428         1.379992
v      39.05110019      1.048561534      1.168708171
v      39.05110019     0.9845776992     0.9698136682
v      39.05110019     0.8838831924     0.7881727605
v      39.05110019     0.7513422827     0.6286497173
v      39.05110019     0.5918192395     0.4961088076
v      39.05110019     0.4101783318     0.3954143008
v      39.05110019     0.2112838289     0.3314304659
v      39.05110019 -3.197442311e-17     0.3090215723
v      39.05110019    -0.2112838289     0.3314304659
v      39.05110019    -0.4101783318     0.3954143008
v      39.05110019    -0.5918192395     0.4961088076
v      39.05110019    -0.7513422827     0.6286497173
v      39.05110019    -0.8838831924     0.7881727605
v      39.05110019    -0.9845776992     0.9698136682
v      39.05110019     -1.048561534      1.168708171
v      39.05110019     -1.070970428         1.379992
v      39.05110019     -1.048561534      1.591275829
v      39.05110019    -0.9845776992      1.790170332
v      39.05110019    -0.8838831924      1.971811239
v      39.05110019    -0.7513422827      2.131334283
v      39.05110019    -0.5918192395      2.263875192
v      39.05110019    -0.4101783318      2.364569699
v      39.05110019    -0.2112838289      2.428553534
v      39.05110019 -4.796163466e-17      2.450962428
v      39.05110019     0.2112838289      2.428553534
v      39.05110019     0.4101783318      2.364569699
v      39.05110019     0.5918192395      2.263875192
v      39.05110019     0.7513422827      2.131334283
v      39.05110019     0.8838831924      1.971811239
v      39.05110019     0.9845776992      1.790170332
v      39.05110019      1.048561534      1.591275829
v      40.30847811     0.8667956416         1.549008
v      40.30847811       0.84822078      1.381071029
v      40.30847811      0.795371155      1.221534184
v      40.30847811     0.7125592065      1.074709903
v      40.30847811      0.604097374      0.944910626
v      40.30847811     0.4742980974     0.8364487935
v      40.30847811     0.3274738163      0.753636845
v      40.30847811     0.1679369706       0.70078722
v      40.30847811 -4.796163466e-17     0.6822123584
v      40.30847811    -0.1679369706       0.70078722
v      40.30847811    -0.3274738163      0.753636845
v      40.30847811    -0.4742980974     0.8364487935
v      40.30847811     -0.604097374      0.944910626
v      40.30847811    -0.7125592065      1.074709903
v      40.30847811     -0.795371155      1.221534184
v      40.30847811      -0.84822078      1.381071029
v      40.30847811    -0.8667956416         1.549008
v      40.30847811      -0.84822078      1.716944971
v      40.30847811     -0.795371155      1.876481816
v      40.30847811    -0.7125592065      2.023306097
v      40.30847811     -0.604097374      2.153105374
v      40.30847811    -0.4742980974      2.261567206
v      40.30847811    -0.3274738163      2.344379155
v      40.30847811    -0.1679369706       2.39722878
v      40.30847811   -7.1942452e-17      2.415803642
v      40.30847811     0.1679369706       2.39722878
v      40.30847811     0.3274738163      2.344379155
v      40.30847811     0.4742980974      2.261567206
v      40.30847811      0.604097374      2.153105374
v      40.30847811     0.7125592065      2.023306097
v      40.30847811      0.795371155      1.876481816
v      40.30847811       0.84822078      1.716944971
v      41.39723735     0.5212805703         1.690616
v      41.39723735     0.5098363099      1.591535627
v      41.39723735     0.4773888152      1.496490909
v      41.39723735     0.4267660161      1.408309776
v      41.39723735     0.3607958424      1.329820158
v      41.39723735     0.2823062241      1.263849984
v      41.39723735      0.194125091      1.213227185
v      41.39723735    0.09908037304       1.18077969
v      41.39723735 -4.263256415e-17       1.16933543
v      41.39723735   -0.09908037304       1.18077969
v      41.39723735     -0.194125091      1.213227185
v      41.39723735    -0.2823062241      1.263849984
v      41.39723735    -0.3607958424      1.329820158
v      41.39723735    -0.4267660161      1.408309776
v      41.39723735    -0.4773888152      1.496490909
v      41.39723735    -0.5098363099      1.591535627
v      41.39723735    -0.5212805703         1.690616
v      41.39723735    -0.5098363099      1.789696373
v      41.39723735    -0.4773888152      1.884741091
v      41.39723735    -0.4267660161      1.972922224
v      41.39723735    -0.3607958424      2.051411842
v      41.39723735    -0.2823062241      2.117382016
v      41.39723735     -0.194125091      2.168004815
v      41.39723735   -0.09908037304       2.20045231
v      41.39723735 -6.394884622e-17       2.21189657
v      41.39723735    0.09908037304       2.20045231
v      41.39723735      0.194125091      2.168004815
v      41.39723735     0.2823062241      2.117382016
v      41.39723735     0.3607958424      2.051411842
v      41.39723735     0.4267660161      1.972922224
v      41.39723735     0.4773888152      1.884741091
v      41.39723735     0.5098363099      1.789696373
v             42.2                0             1.75
v      13.35462913      0.540226611          -1.9708
v      13.35462913     0.5358789475     -2.033490186
v             12.9 -9.473903143e-18            -1.95
v      13.35462913     0.5212650446     -2.092292596
v      13.35462913      0.496926141     -2.148499721
v      13.35462913      0.463845911      -2.20088154
v      13.35462913     0.4230080287     -2.248208029
v      13.35462913     0.3558181536      -2.30011526
v      13.35462913     0.2791618784     -2.332594056
v      13.35462913     0.1880286769     -2.350316321
v      13.35462913    0.09441907834     -2.361514125
v      13.35462913 -1.421085472e-17     -2.365426611
v      13.35462913   -0.09441907834     -2.361514125
v      13.35462913    -0.1880286769     -2.350316321
v      13.35462913    -0.2791618784     -2.332594056
v      13.35462913    -0.3558181536      -2.30011526
v      13.35462913    -0.4230080287     -2.248208029
v      13.35462913     -0.463845911      -2.20088154
v      13.35462913     -0.496926141     -2.148499721
v      13.35462913    -0.5212650446     -2.092292596
v      13.35462913    -0.5358789475     -2.033490186
v      13.35462913     -0.540226611          -1.9708
v      13.35462913    -0.5358789475     -1.908109814
v      13.35462913    -0.5212650446     -1.849307404
v      13.35462913     -0.496926141     -1.793100279
v      13.35462913     -0.463845911      -1.74071846
v      13.35462913    -0.4230080287     -1.693391971
v      13.35462913    -0.3558181536      -1.64148474
v      13.35462913    -0.2791618784     -1.609005944
v      13.35462913    -0.1880286769     -1.591283679
v      13.35462913   -0.09441907834     -1.580085875
v      13.35462913 -6.217248938e-17     -1.576173389
v      13.35462913    0.09441907834     -1.580085875
v      13.35462913     0.1880286769     -1.591283679
v      13.35462913     0.2791618784     -1.609005944
v      13.35462913     0.3558181536      -1.64148474
v      13.35462913     0.4230080287     -1.693391971
v      13.35462913      0.463845911      -1.74071846
v      13.35462913      0.496926141     -1.793100279
v      13.35462913     0.5212650446     -1.849307404
v      13.35462913     0.5358789475     -1.908109814
v      13.87796248      1.218754937          -2.0204
v      13.87796248      1.212880482     -2.141431367
v      13.87796248      1.188720772     -2.251133218
v      13.87796248       1.14627858     -2.355709257
v      13.87796248      1.087054152     -2.452825442
v      13.87796248      1.012547733     -2.540147733
v      13.87796248     0.8579955195      -2.65211964
v      13.87796248     0.6787196348     -2.709308446
v      13.87796248     0.4559322615     -2.729355861
v      13.87796248     0.2284214631     -2.741953391
v      13.87796248 -1.598721155e-17     -2.746354937
v      13.87796248    -0.2284214631     -2.741953391
v      13.87796248    -0.4559322615     -2.729355861
v      13.87796248    -0.6787196348     -2.709308446
v      13.87796248    -0.8579955195      -2.65211964
v      13.87796248     -1.012547733     -2.540147733
v      13.87796248     -1.087054152     -2.452825442
v      13.87796248      -1.14627858     -2.355709257
v      13.87796248     -1.188720772     -2.251133218
v      13.87796248     -1.212880482     -2.141431367
v      13.87796248     -1.218754937          -2.0204
v      13.87796248     -1.212880482     -1.899368633
v      13.87796248     -1.188720772     -1.789666782
v      13.87796248      -1.14627858     -1.685090743
v      13.87796248     -1.087054152     -1.587974558
v      13.87796248     -1.012547733     -1.500652267
v      13.87796248    -0.8579955195      -1.38868036
v      13.87796248    -0.6787196348     -1.331491554
v      13.87796248    -0.4559322615     -1.311444139
v      13.87796248    -0.2284214631     -1.298846609
v      13.87796248 -6.994405055e-17     -1.294445063
v      13.87796248     0.2284214631     -1.298846609
v      13.87796248     0.4559322615     -1.311444139
v      13.87796248     0.6787196348     -1.331491554
v      13.87796248     0.8579955195      -1.38868036
v      13.87796248      1.012547733     -1.500652267
v      13.87796248      1.087054152     -1.587974558
v      13.87796248       1.14627858     -1.685090743
v      13.87796248      1.188720772     -1.789666782
v      13.87796248      1.212880482     -1.899368633
v      14.47398128      1.887169958          -2.0796
v      14.47398128      1.881524102     -2.249118904
v      14.47398128      1.851840828     -2.398850542
v      14.47398128      1.797055895     -2.541284706
v      14.47398128      1.718861779     -2.673193982
v      14.47398128      1.618950956     -2.791350956
v      14.47398128      1.377029807     -2.960232337
v      14.47398128      1.093871993     -3.034679057
v      14.47398128     0.7338215076     -3.048237241
v      14.47398128     0.3672143088     -3.056635594
v      14.47398128 -1.065814104e-17     -3.059569958
v      14.47398128    -0.3672143088     -3.056635594
v      14.47398128    -0.7338215076     -3.048237241
v      14.47398128     -1.093871993     -3.034679057
v      14.47398128     -1.377029807     -2.960232337
v      14.47398128     -1.618950956     -2.791350956
v      14.47398128     -1.718861779     -2.673193982
v      14.47398128     -1.797055895     -2.541284706
v      14.47398128     -1.851840828     -2.398850542
v      14.47398128     -1.881524102     -2.249118904
v      14.47398128     -1.887169958          -2.0796
v      14.47398128     -1.881524102     -1.910081096
v      14.47398128     -1.851840828     -1.760349458
v      14.47398128     -1.797055895     -1.617915294
v      14.47398128     -1.718861779     -1.486006018
v      14.47398128     -1.618950956     -1.367849044
v      14.47398128     -1.377029807     -1.198967663
v      14.47398128     -1.093871993     -1.124520943
v      14.47398128    -0.7338215076     -1.110962759
v      14.47398128    -0.3672143088     -1.102564406
v      14.47398128 -4.662936703e-17     -1.099630042
v      14.47398128     0.3672143088     -1.102564406
v      14.47398128     0.7338215076     -1.110962759
v      14.47398128      1.093871993     -1.124520943
v      14.47398128      1.377029807     -1.198967663
v      14.47398128      1.618950956     -1.367849044
v      14.47398128      1.718861779     -1.486006018
v      14.47398128      1.797055895     -1.617915294
v      14.47398128      1.851840828     -1.760349458
v      14.47398128      1.881524102     -1.910081096
v      15.14666672      2.397056653          -2.1292
v      15.14666672      2.392329308      -2.33184816
v      15.14666672      2.360098855     -2.507773241
v      15.14666672      2.298256661     -2.674882169
v      15.14666672      2.208505848     -2.829349437
v      15.14666672      2.092549539     -2.967349539
v      15.14666672      1.783418726     -3.178672545
v      15.14666672      1.419817677     -3.263241773
v      15.14666672     0.9518071692      -3.26807908
v      15.14666672     0.4760047696     -3.270878531
v      15.14666672 -3.552713679e-18     -3.271856653
v      15.14666672    -0.4760047696     -3.270878531
v      15.14666672    -0.9518071692      -3.26807908
v      15.14666672     -1.419817677     -3.263241773
v      15.14666672     -1.783418726     -3.178672545
v      15.14666672     -2.092549539     -2.967349539
v      15.14666672     -2.208505848     -2.829349437
v      15.14666672     -2.298256661     -2.674882169
v      15.14666672     -2.360098855     -2.507773241
v      15.14666672     -2.392329308      -2.33184816
v      15.14666672     -2.397056653          -2.1292
v      15.14666672     -2.392329308      -1.92655184
v      15.14666672     -2.360098855     -1.750626759
v      15.14666672     -2.298256661     -1.583517831
v      15.14666672     -2.208505848     -1.429050563
v      15.14666672     -2.092549539     -1.291050461
v      15.14666672     -1.783418726     -1.079727455
v      15.14666672     -1.419817677    -0.9951582269
v      15.14666672    -0.9518071692    -0.9903209198
v      15.14666672    -0.4760047696    -0.9875214687
v      15.14666672 -1.554312234e-17    -0.9865433473
v      15.14666672     0.4760047696    -0.9875214687
v      15.14666672     0.9518071692    -0.9903209198
v      15.14666672      1.419817677    -0.9951582269
v      15.14666672      1.783418726     -1.079727455
v      15.14666672      2.092549539     -1.291050461
v      15.14666672      2.208505848     -1.429050563
v      15.14666672      2.298256661     -1.583517831
v      15.14666672      2.360098855     -1.750626759
v      15.14666672      2.392329308      -1.92655184
v             15.9              2.6            -2.15
v             15.9      2.595815599     -2.364914498
v             15.9      2.562968499     -2.550229991
v             15.9      2.498879455     -2.726157745
v             15.9      2.405223414     -2.888654083
v             15.9      2.283675324     -3.033675324
v             15.9      1.947659986     -3.261659459
v             15.9      1.551755411     -3.349532482
v             15.9             1.04            -3.35
v             15.9             0.52            -3.35
v             15.9                0            -3.35
v             15.9            -0.52            -3.35
v             15.9            -1.04            -3.35
v             15.9     -1.551755411     -3.349532482
v             15.9     -1.947659986     -3.261659459
v             15.9     -2.283675324     -3.033675324
v             15.9     -2.405223414     -2.888654083
v             15.9     -2.498879455     -2.726157745
v             15.9     -2.562968499     -2.550229991
v             15.9     -2.595815599     -2.364914498
v             15.9             -2.6            -2.15
v             15.9     -2.595815599     -1.935085502
v             15.9     -2.562968499     -1.749770009
v             15.9     -2.498879455     -1.573842255
v             15.9     -2.405223414     -1.411345917
v             15.9     -2.283675324     -1.266324676
v             15.9     -1.947659986     -1.038340541
v             15.9     -1.551755411    -0.9504675182
v             15.9            -1.04            -0.95
v             15.9            -0.52            -0.95
v             15.9                0            -0.95
v             15.9             0.52            -0.95
v             15.9             1.04            -0.95
v             15.9      1.551755411    -0.9504675182
v             15.9      1.947659986     -1.038340541
v             15.9      2.283675324     -1.266324676
v             15.9      2.405223414     -1.411345917
v             15.9      2.498879455     -1.573842255
v             15.9      2.562968499     -1.749770009
v             15.9      2.595815599     -1.935085502
v      16.71314938           2.6936          -2.1552
v      16.71314938       2.68927054     -2.377564868
v      16.71314938       2.65528474      -2.56930463
v      16.71314938      2.588973942     -2.751331214
v      16.71314938      2.492071159     -2.919460758
v      16.71314938      2.366309402     -3.069509402
v      16.71314938      2.018148063     -3.305610446
v      16.71314938      1.607916753     -3.396344612
v      16.71314938          1.07744          -3.3968
v      16.71314938          0.53872          -3.3968
v      16.71314938                0          -3.3968
v      16.71314938         -0.53872          -3.3968
v      16.71314938         -1.07744          -3.3968
v      16.71314938     -1.607916753     -3.396344612
v      16.71314938     -2.018148063     -3.305610446
v      16.71314938     -2.366309402     -3.069509402
v      16.71314938     -2.492071159     -2.919460758
v      16.71314938     -2.588973942     -2.751331214
v      16.71314938      -2.65528474      -2.56930463
v      16.71314938      -2.68927054     -2.377564868
v      16.71314938          -2.6936          -2.1552
v      16.71314938      -2.68927054     -1.932835132
v      16.71314938      -2.65528474      -1.74109537
v      16.71314938     -2.588973942     -1.559068786
v      16.71314938     -2.492071159     -1.390939242
v      16.71314938     -2.366309402     -1.240890598
v      16.71314938     -2.018148063     -1.004789554
v      16.71314938     -1.607916753    -0.9140553879
v      16.71314938         -1.07744          -0.9136
v      16.71314938         -0.53872          -0.9136
v      16.71314938                0          -0.9136
v      16.71314938          0.53872          -0.9136
v      16.71314938          1.07744          -0.9136
v      16.71314938      1.607916753    -0.9140553879
v      16.71314938      2.018148063     -1.004789554
v      16.71314938      2.366309402     -1.240890598
v      16.71314938      2.492071159     -1.390939242
v      16.71314938      2.588973942     -1.559068786
v      16.71314938       2.65528474      -1.74109537
v      16.71314938       2.68927054     -1.932835132
v      17.55546702           2.9168          -2.1676
v      17.55546702       2.91212463     -2.407731133
v      17.55546702      2.875423469      -2.61479031
v      17.55546702      2.803814644     -2.811360254
v      17.55546702      2.699169628     -2.992922828
v      17.55546702      2.563359895     -3.154959895
v      17.55546702      2.186235015     -3.410416645
v      17.55546702      1.741839952     -3.507973538
v      17.55546702          1.16672          -3.5084
v      17.55546702          0.58336          -3.5084
v      17.55546702                0          -3.5084
v      17.55546702         -0.58336          -3.5084
v      17.55546702         -1.16672          -3.5084
v      17.55546702     -1.741839952     -3.507973538
v      17.55546702     -2.186235015     -3.410416645
v      17.55546702     -2.563359895     -3.154959895
v      17.55546702     -2.699169628     -2.992922828
v      17.55546702     -2.803814644     -2.811360254
v      17.55546702     -2.875423469      -2.61479031
v      17.55546702      -2.91212463     -2.407731133
v      17.55546702          -2.9168          -2.1676
v      17.55546702      -2.91212463     -1.927468867
v      17.55546702     -2.875423469      -1.72040969
v      17.55546702     -2.803814644     -1.523839746
v      17.55546702     -2.699169628     -1.342277172
v      17.55546702     -2.563359895     -1.180240105
v      17.55546702     -2.186235015    -0.9247833547
v      17.55546702     -1.741839952    -0.8272264619
v      17.55546702         -1.16672          -0.8268
v      17.55546702         -0.58336          -0.8268
v      17.55546702                0          -0.8268
v      17.55546702          0.58336          -0.8268
v      17.55546702          1.16672          -0.8268
v      17.55546702      1.741839952    -0.8272264619
v      17.55546702      2.186235015    -0.9247833547
v      17.55546702      2.563359895     -1.180240105
v      17.55546702      2.699169628     -1.342277172
v      17.55546702      2.803814644     -1.523839746
v      17.55546702      2.875423469      -1.72040969
v      17.55546702       2.91212463     -1.927468867
v      18.41620997           3.1832          -2.1824
v      18.41620997      3.178111769      -2.44373603
v      18.41620997      3.138169694     -2.669079669
v      18.41620997      3.060237417     -2.883007818
v      18.41620997      2.946351671     -3.080603365
v      18.41620997      2.798549194     -3.256949194
v      18.41620997      2.386854925     -3.535507915
v      18.41620997       1.90168377     -3.641208063
v      18.41620997          1.27328          -3.6416
v      18.41620997          0.63664          -3.6416
v      18.41620997                0          -3.6416
v      18.41620997         -0.63664          -3.6416
v      18.41620997         -1.27328          -3.6416
v      18.41620997      -1.90168377     -3.641208063
v      18.41620997     -2.386854925     -3.535507915
v      18.41620997     -2.798549194     -3.256949194
v      18.41620997     -2.946351671     -3.080603365
v      18.41620997     -3.060237417     -2.883007818
v      18.41620997     -3.138169694     -2.669079669
v      18.41620997     -3.178111769      -2.44373603
v      18.41620997          -3.1832          -2.1824
v      18.41620997     -3.178111769      -1.92106397
v      18.41620997     -3.138169694     -1.695720331
v      18.41620997     -3.060237417     -1.481792182
v      18.41620997     -2.946351671     -1.284196635
v      18.41620997     -2.798549194     -1.107850806
v      18.41620997     -2.386854925    -0.8292920847
v      18.41620997      -1.90168377    -0.7235919373
v      18.41620997         -1.27328          -0.7232
v      18.41620997         -0.63664          -0.7232
v      18.41620997                0          -0.7232
v      18.41620997          0.63664          -0.7232
v      18.41620997          1.27328          -0.7232
v      18.41620997       1.90168377    -0.7235919373
v      18.41620997      2.386854925    -0.8292920847
v      18.41620997      2.798549194     -1.107850806
v      18.41620997      2.946351671     -1.284196635
v      18.41620997      3.060237417     -1.481792182
v      18.41620997      3.138169694     -1.695720331
v      18.41620997      3.178111769      -1.92106397
v      19.28463528           3.4064          -2.1948
v      19.28463528      3.400965858     -2.473902295
v      19.28463528      3.358308424     -2.714565348
v      19.28463528      3.275078118     -2.943036859
v      19.28463528       3.15345014     -3.154065435
v      19.28463528      2.995599687     -3.342399687
v      19.28463528      2.554941877     -3.640314114
v      19.28463528       2.03560697     -3.752836989
v      19.28463528          1.36256          -3.7532
v      19.28463528          0.68128          -3.7532
v      19.28463528                0          -3.7532
v      19.28463528         -0.68128          -3.7532
v      19.28463528         -1.36256          -3.7532
v      19.28463528      -2.03560697     -3.752836989
v      19.28463528     -2.554941877     -3.640314114
v      19.28463528     -2.995599687     -3.342399687
v      19.28463528      -3.15345014     -3.154065435
v      19.28463528     -3.275078118     -2.943036859
v      19.28463528     -3.358308424     -2.714565348
v      19.28463528     -3.400965858     -2.473902295
v      19.28463528          -3.4064          -2.1948
v      19.28463528     -3.400965858     -1.915697705
v      19.28463528     -3.358308424     -1.675034652
v      19.28463528     -3.275078118     -1.446563141
v      19.28463528      -3.15345014     -1.235534565
v      19.28463528     -2.995599687     -1.047200313
v      19.28463528     -2.554941877    -0.7492858856
v      19.28463528      -2.03560697    -0.6367630113
v      19.28463528         -1.36256          -0.6364
v      19.28463528         -0.68128          -0.6364
v      19.28463528                0          -0.6364
v      19.28463528          0.68128          -0.6364
v      19.28463528          1.36256          -0.6364
v      19.28463528       2.03560697    -0.6367630113
v      19.28463528      2.554941877    -0.7492858856
v      19.28463528      2.995599687     -1.047200313
v      19.28463528       3.15345014     -1.235534565
v      19.28463528      3.275078118     -1.446563141
v      19.28463528      3.358308424     -1.675034652
v      19.28463528      3.400965858     -1.915697705
v            20.15              3.5             -2.2
v            20.15      3.494420799     -2.486552664
v            20.15      3.450624665     -2.733639988
v            20.15      3.365172606     -2.968210327
v            20.15      3.240297885      -3.18487211
v            20.15      3.078233765     -3.378233765
v            20.15      2.625429954     -3.684265101
v            20.15      2.091768311     -3.799649119
v            20.15              1.4             -3.8
v            20.15              0.7             -3.8
v            20.15                0             -3.8
v            20.15             -0.7             -3.8
v            20.15             -1.4             -3.8
v            20.15     -2.091768311     -3.799649119
v            20.15     -2.625429954     -3.684265101
v            20.15     -3.078233765     -3.378233765
v            20.15     -3.240297885      -3.18487211
v            20.15     -3.365172606     -2.968210327
v            20.15     -3.450624665     -2.733639988
v            20.15     -3.494420799     -2.486552664
v            20.15             -3.5             -2.2
v            20.15     -3.494420799     -1.913447336
v            20.15     -3.450624665     -1.666360012
v            20.15     -3.365172606     -1.431789673
v            20.15     -3.240297885      -1.21512789
v            20.15     -3.078233765     -1.021766235
v            20.15     -2.625429954    -0.7157348989
v            20.15     -2.091768311     -0.600350881
v            20.15             -1.4             -0.6
v            20.15             -0.7             -0.6
v            20.15                0             -0.6
v            20.15              0.7             -0.6
v            20.15              1.4             -0.6
v            20.15      2.091768311     -0.600350881
v            20.15      2.625429954    -0.7157348989
v            20.15      3.078233765     -1.021766235
v            20.15      3.240297885      -1.21512789
v            20.15      3.365172606     -1.431789673
v            20.15      3.450624665     -1.666360012
v            20.15      3.494420799     -1.913447336
v      21.00678677           3.4376         -2.17088
v      21.00678677      3.432085209     -2.453186335
v      21.00678677       3.38890259     -2.696653881
v      21.00678677      3.304681974     -2.927786851
v      21.00678677       3.18162316     -3.141274465
v      21.00678677      3.021925944     -3.331805944
v      21.00678677       2.57735841      -3.63267841
v      21.00678677      2.053461092     -3.746996566
v      21.00678677          1.37504         -3.74748
v      21.00678677          0.68752         -3.74748
v      21.00678677                0         -3.74748
v      21.00678677         -0.68752         -3.74748
v      21.00678677         -1.37504         -3.74748
v      21.00678677     -2.053461092     -3.746996566
v      21.00678677      -2.57735841      -3.63267841
v      21.00678677     -3.021925944     -3.331805944
v      21.00678677      -3.18162316     -3.141274465
v      21.00678677     -3.304681974     -2.927786851
v      21.00678677      -3.38890259     -2.696653881
v      21.00678677     -3.432085209     -2.453186335
v      21.00678677          -3.4376         -2.17088
v      21.00678677     -3.432085209     -1.888573665
v      21.00678677      -3.38890259     -1.645106119
v      21.00678677     -3.304681974     -1.413973149
v      21.00678677      -3.18162316     -1.200485535
v      21.00678677     -3.021925944     -1.009954056
v      21.00678677      -2.57735841    -0.7090815902
v      21.00678677     -2.053461092    -0.5947634343
v      21.00678677         -1.37504         -0.59428
v      21.00678677         -0.68752         -0.59428
v      21.00678677                0         -0.59428
v      21.00678677          0.68752         -0.59428
v      21.00678677          1.37504         -0.59428
v      21.00678677      2.053461092    -0.5947634343
v      21.00678677       2.57735841    -0.7090815902
v      21.00678677      3.021925944     -1.009954056
v      21.00678677       3.18162316     -1.200485535
v      21.00678677      3.304681974     -1.413973149
v      21.00678677       3.38890259     -1.645106119
v      21.00678677      3.432085209     -1.888573665
v      21.85805617           3.2888         -2.10144
v      21.85805617      3.283438803     -2.373620471
v      21.85805617      3.241719179     -2.608456241
v      21.85805617      3.160435082     -2.831392407
v      21.85805617      3.041706507     -3.037310849
v      21.85805617      2.887653448     -3.221093448
v      21.85805617      2.462726268     -3.509663992
v      21.85805617      1.962113106     -3.621440477
v      21.85805617          1.31552         -3.62224
v      21.85805617          0.65776         -3.62224
v      21.85805617                0         -3.62224
v      21.85805617         -0.65776         -3.62224
v      21.85805617         -1.31552         -3.62224
v      21.85805617     -1.962113106     -3.621440477
v      21.85805617     -2.462726268     -3.509663992
v      21.85805617     -2.887653448     -3.221093448
v      21.85805617     -3.041706507     -3.037310849
v      21.85805617     -3.160435082     -2.831392407
v      21.85805617     -3.241719179     -2.608456241
v      21.85805617     -3.283438803     -2.373620471
v      21.85805617          -3.2888         -2.10144
v      21.85805617     -3.283438803     -1.829259529
v      21.85805617     -3.241719179     -1.594423759
v      21.85805617     -3.160435082     -1.371487593
v      21.85805617     -3.041706507     -1.165569151
v      21.85805617     -2.887653448    -0.9817865525
v      21.85805617     -2.462726268    -0.6932160079
v      21.85805617     -1.962113106    -0.5814395231
v      21.85805617         -1.31552         -0.58064
v      21.85805617         -0.65776         -0.58064
v      21.85805617                0         -0.58064
v      21.85805617          0.65776         -0.58064
v      21.85805617          1.31552         -0.58064
v      21.85805617      1.962113106    -0.5814395231
v      21.85805617      2.462726268    -0.6932160079
v      21.85805617      2.887653448    -0.9817865525
v      21.85805617      3.041706507     -1.165569151
v      21.85805617      3.160435082     -1.371487593
v      21.85805617      3.241719179     -1.594423759
v      21.85805617      3.283438803     -1.829259529
v      22.70593218           3.1112         -2.01856
v      22.70593218      3.106022124     -2.278654764
v      22.70593218      3.066048657     -2.503188091
v      22.70593218      2.988269438     -2.716340974
v      22.70593218      2.874709212     -2.913225243
v      22.70593218      2.727392726     -3.088952726
v      22.70593218      2.325907259     -3.362840332
v      22.70593218      1.853084864      -3.47158321
v      22.70593218          1.24448         -3.47276
v      22.70593218          0.62224         -3.47276
v      22.70593218                0         -3.47276
v      22.70593218         -0.62224         -3.47276
v      22.70593218         -1.24448         -3.47276
v      22.70593218     -1.853084864      -3.47158321
v      22.70593218     -2.325907259     -3.362840332
v      22.70593218     -2.727392726     -3.088952726
v      22.70593218     -2.874709212     -2.913225243
v      22.70593218     -2.988269438     -2.716340974
v      22.70593218     -3.066048657     -2.503188091
v      22.70593218     -3.106022124     -2.278654764
v      22.70593218          -3.1112         -2.01856
v      22.70593218     -3.106022124     -1.758465236
v      22.70593218     -3.066048657     -1.533931909
v      22.70593218     -2.988269438     -1.320779026
v      22.70593218     -2.874709212     -1.123894757
v      22.70593218     -2.727392726    -0.9481672739
v      22.70593218     -2.325907259    -0.6742796678
v      22.70593218     -1.853084864    -0.5655367904
v      22.70593218         -1.24448         -0.56436
v      22.70593218         -0.62224         -0.56436
v      22.70593218                0         -0.56436
v      22.70593218          0.62224         -0.56436
v      22.70593218          1.24448         -0.56436
v      22.70593218      1.853084864    -0.5655367904
v      22.70593218      2.325907259    -0.6742796678
v      22.70593218      2.727392726    -0.9481672739
v      22.70593218      2.874709212     -1.123894757
v      22.70593218      2.988269438     -1.320779026
v      22.70593218      3.066048657     -1.533931909
v      22.70593218      3.106022124     -1.758465236
v       23.5525388           2.9624         -1.94912
v       23.5525388      2.957375717     -2.199088901
v       23.5525388      2.918865247     -2.414990452
v       23.5525388      2.844022546     -2.619946531
v       23.5525388      2.734792559     -2.809261627
v       23.5525388       2.59312023      -2.97824023
v       23.5525388      2.211275117     -3.239825914
v       23.5525388      1.761736878     -3.346027121
v       23.5525388          1.18496         -3.34752
v       23.5525388          0.59248         -3.34752
v       23.5525388                0         -3.34752
v       23.5525388         -0.59248         -3.34752
v       23.5525388         -1.18496         -3.34752
v       23.5525388     -1.761736878     -3.346027121
v       23.5525388     -2.211275117     -3.239825914
v       23.5525388      -2.59312023      -2.97824023
v       23.5525388     -2.734792559     -2.809261627
v       23.5525388     -2.844022546     -2.619946531
v       23.5525388     -2.918865247     -2.414990452
v       23.5525388     -2.957375717     -2.199088901
v       23.5525388          -2.9624         -1.94912
v       23.5525388     -2.957375717     -1.699151099
v       23.5525388     -2.918865247     -1.483249548
v       23.5525388     -2.844022546     -1.278293469
v       23.5525388     -2.734792559     -1.088978373
v       23.5525388      -2.59312023    -0.9199997703
v       23.5525388     -2.211275117    -0.6584140855
v       23.5525388     -1.761736878    -0.5522128792
v       23.5525388         -1.18496         -0.55072
v       23.5525388         -0.59248         -0.55072
v       23.5525388                0         -0.55072
v       23.5525388          0.59248         -0.55072
v       23.5525388          1.18496         -0.55072
v       23.5525388      1.761736878    -0.5522128792
v       23.5525388      2.211275117    -0.6584140855
v       23.5525388       2.59312023    -0.9199997703
v       23.5525388      2.734792559     -1.088978373
v       23.5525388      2.844022546     -1.278293469
v       23.5525388      2.918865247     -1.483249548
v       23.5525388      2.957375717     -1.699151099
v             24.4              2.9            -1.92
v             24.4      2.895040128     -2.165722571
v             24.4      2.857143172     -2.378004345
v             24.4      2.783531914     -2.579523054
v             24.4      2.676117833     -2.765663982
v             24.4      2.536812409     -2.931812409
v             24.4      2.163203574     -3.188239223
v             24.4      1.723429658     -3.293374567
v             24.4             1.16           -3.295
v             24.4             0.58           -3.295
v             24.4                0           -3.295
v             24.4            -0.58           -3.295
v             24.4            -1.16           -3.295
v             24.4     -1.723429658     -3.293374567
v             24.4     -2.163203574     -3.188239223
v             24.4     -2.536812409     -2.931812409
v             24.4     -2.676117833     -2.765663982
v             24.4     -2.783531914     -2.579523054
v             24.4     -2.857143172     -2.378004345
v             24.4     -2.895040128     -2.165722571
v             24.4             -2.9            -1.92
v             24.4     -2.895040128     -1.674277429
v             24.4     -2.857143172     -1.461995655
v             24.4     -2.783531914     -1.260476946
v             24.4     -2.676117833     -1.074336018
v             24.4     -2.536812409    -0.9081875913
v             24.4     -2.163203574    -0.6517607768
v             24.4     -1.723429658    -0.5466254325
v             24.4            -1.16           -0.545
v             24.4            -0.58           -0.545
v             24.4                0           -0.545
v             24.4             0.58           -0.545
v             24.4             1.16           -0.545
v             24.4      1.723429658    -0.5466254325
v             24.4      2.163203574    -0.6517607768
v             24.4      2.536812409    -0.9081875913
v             24.4      2.676117833     -1.074336018
v             24.4      2.783531914     -1.260476946
v             24.4      2.857143172     -1.461995655
v             24.4      2.895040128     -1.674277429
v      25.18309595        2.6704058         -1.83992
v      25.18309595       2.66491767     -2.070852291
v      25.18309595      2.627973757      -2.27160561
v      25.18309595       2.55730169     -2.462283188
v      25.18309595      2.454830172     -2.638534222
v      25.18309595      2.322487906     -2.796007906
v      25.18309595      1.979129696     -3.033290937
v      25.18309595      1.575623506     -3.133720708
v      25.18309595      1.060673717     -3.139893475
v      25.18309595     0.5304448671     -3.142881716
v      25.18309595 -1.776356839e-17       -3.1439258
v      25.18309595    -0.5304448671     -3.142881716
v      25.18309595     -1.060673717     -3.139893475
v      25.18309595     -1.575623506     -3.133720708
v      25.18309595     -1.979129696     -3.033290937
v      25.18309595     -2.322487906     -2.796007906
v      25.18309595     -2.454830172     -2.638534222
v      25.18309595      -2.55730169     -2.462283188
v      25.18309595     -2.627973757      -2.27160561
v      25.18309595      -2.66491767     -2.070852291
v      25.18309595       -2.6704058         -1.83992
v      25.18309595      -2.66491767     -1.608987709
v      25.18309595     -2.627973757      -1.40823439
v      25.18309595      -2.55730169     -1.217556812
v      25.18309595     -2.454830172     -1.041305778
v      25.18309595     -2.322487906    -0.8838320945
v      25.18309595     -1.979129696    -0.6465490626
v      25.18309595     -1.575623506    -0.5461192924
v      25.18309595     -1.060673717     -0.539946525
v      25.18309595    -0.5304448671    -0.5369582843
v      25.18309595  -1.33226763e-17    -0.5359142002
v      25.18309595     0.5304448671    -0.5369582843
v      25.18309595      1.060673717     -0.539946525
v      25.18309595      1.575623506    -0.5461192924
v      25.18309595      1.979129696    -0.6465490626
v      25.18309595      2.322487906    -0.8838320945
v      25.18309595      2.454830172     -1.041305778
v      25.18309595       2.55730169     -1.217556812
v      25.18309595      2.627973757      -1.40823439
v      25.18309595       2.66491767     -1.608987709
v      25.85097207      2.095217399         -1.64896
v      25.85097207       2.08887115     -1.840482827
v      25.85097207        2.0553492     -2.009687966
v      25.85097207      1.993499966     -2.170622534
v      25.85097207      1.905210136     -2.319648143
v      25.85097207      1.792366403     -2.453126403
v      25.85097207      1.524453799     -2.641864797
v      25.85097207      1.211074013     -2.728678005
v      25.85097207     0.8156211502     -2.743880425
v      25.85097207     0.4081346012     -2.752845147
v      25.85097207 -5.329070518e-17     -2.755977399
v      25.85097207    -0.4081346012     -2.752845147
v      25.85097207    -0.8156211502     -2.743880425
v      25.85097207     -1.211074013     -2.728678005
v      25.85097207     -1.524453799     -2.641864797
v      25.85097207     -1.792366403     -2.453126403
v      25.85097207     -1.905210136     -2.319648143
v      25.85097207     -1.993499966     -2.170622534
v      25.85097207       -2.0553492     -2.009687966
v      25.85097207      -2.08887115     -1.840482827
v      25.85097207     -2.095217399         -1.64896
v      25.85097207      -2.08887115     -1.457437173
v      25.85097207       -2.0553492     -1.288232034
v      25.85097207     -1.993499966     -1.127297466
v      25.85097207     -1.905210136     -0.978271857
v      25.85097207     -1.792366403    -0.8447935972
v      25.85097207     -1.524453799    -0.6560552031
v      25.85097207     -1.211074013     -0.569241995
v      25.85097207    -0.8156211502    -0.5540395751
v      25.85097207    -0.4081346012     -0.545074853
v      25.85097207 -3.996802889e-17    -0.5419426007
v      25.85097207     0.4081346012     -0.545074853
v      25.85097207     0.8156211502    -0.5540395751
v      25.85097207      1.211074013     -0.569241995
v      25.85097207      1.524453799    -0.6560552031
v      25.85097207      1.792366403    -0.8447935972
v      25.85097207      1.905210136     -0.978271857
v      25.85097207      1.993499966     -1.127297466
v      25.85097207        2.0553492     -1.288232034
v      25.85097207       2.08887115     -1.457437173
v      26.42730022      1.344826099         -1.42104
v      26.42730022      1.338381845     -1.555976247
v      26.42730022      1.311595034     -1.678169255
v      26.42730022      1.264460162     -1.794629507
v      26.42730022      1.198622148     -1.902760546
v      26.42730022      1.115725911     -1.999965911
v      26.42730022     0.9454944821     -2.124088877
v      26.42730022     0.7480846319     -2.189124776
v      26.42730022     0.5042317253     -2.210920637
v      26.42730022     0.2526019018     -2.224367721
v      26.42730022 -7.993605777e-17     -2.229066099
v      26.42730022    -0.2526019018     -2.224367721
v      26.42730022    -0.5042317253     -2.210920637
v      26.42730022    -0.7480846319     -2.189124776
v      26.42730022    -0.9454944821     -2.124088877
v      26.42730022     -1.115725911     -1.999965911
v      26.42730022     -1.198622148     -1.902760546
v      26.42730022     -1.264460162     -1.794629507
v      26.42730022     -1.311595034     -1.678169255
v      26.42730022     -1.338381845     -1.555976247
v      26.42730022     -1.344826099         -1.42104
v      26.42730022     -1.338381845     -1.286103753
v      26.42730022     -1.311595034     -1.163910745
v      26.42730022     -1.264460162     -1.047450493
v      26.42730022     -1.198622148    -0.9393194542
v      26.42730022     -1.115725911    -0.8421140891
v      26.42730022    -0.9454944821    -0.7179911231
v      26.42730022    -0.7480846319    -0.6529552243
v      26.42730022    -0.5042317253    -0.6311593626
v      26.42730022    -0.2526019018    -0.6177122795
v      26.42730022 -5.995204333e-17    -0.6130139011
v      26.42730022     0.2526019018    -0.6177122795
v      26.42730022     0.5042317253    -0.6311593626
v      26.42730022     0.7480846319    -0.6529552243
v      26.42730022     0.9454944821    -0.7179911231
v      26.42730022      1.115725911    -0.8421140891
v      26.42730022      1.198622148    -0.9393194542
v      26.42730022      1.264460162     -1.047450493
v      26.42730022      1.311595034     -1.163910745
v      26.42730022      1.338381845     -1.286103753
v      26.93575224     0.5896231991         -1.23008
v      26.93575224      0.584931036     -1.298694616
v      26.93575224     0.5690367898     -1.362967319
v      26.93575224     0.5425156994     -1.424392524
v      26.93575224     0.5064306283     -1.481626231
v      26.93575224     0.4618444399      -1.53332444
v      26.93575224     0.3885703487     -1.590091253
v      26.93575224     0.3049588109     -1.625939335
v      26.93575224     0.2058948669       -1.6449739
v      26.93575224     0.1033794683     -1.656926863
v      26.93575224 -7.105427358e-17     -1.661103199
v      26.93575224    -0.1033794683     -1.656926863
v      26.93575224    -0.2058948669       -1.6449739
v      26.93575224    -0.3049588109     -1.625939335
v      26.93575224    -0.3885703487     -1.590091253
v      26.93575224    -0.4618444399      -1.53332444
v      26.93575224    -0.5064306283     -1.481626231
v      26.93575224    -0.5425156994     -1.424392524
v      26.93575224    -0.5690367898     -1.362967319
v      26.93575224     -0.584931036     -1.298694616
v      26.93575224    -0.5896231991         -1.23008
v      26.93575224     -0.584931036     -1.161465384
v      26.93575224    -0.5690367898     -1.097192681
v      26.93575224    -0.5425156994     -1.035767476
v      26.93575224    -0.5064306283    -0.9785337688
v      26.93575224    -0.4618444399    -0.9268355601
v      26.93575224    -0.3885703487    -0.8700687471
v      26.93575224    -0.3049588109    -0.8342206646
v      26.93575224    -0.2058948669    -0.8151861001
v      26.93575224    -0.1033794683    -0.8032331373
v      26.93575224 -5.329070518e-17    -0.7990568009
v      26.93575224     0.1033794683    -0.8032331373
v      26.93575224     0.2058948669    -0.8151861001
v      26.93575224     0.3049588109    -0.8342206646
v      26.93575224     0.3885703487    -0.8700687471
v      26.93575224     0.4618444399    -0.9268355601
v      26.93575224     0.5064306283    -0.9785337688
v      26.93575224     0.5425156994     -1.035767476
v      26.93575224     0.5690367898     -1.097192681
v      26.93575224      0.584931036     -1.161465384
v             27.4                0            -1.15
v          22.8086                0     -2.596195055
v          22.8086                0     -2.605707417
v      22.86826079     0.7148905114     -2.555537284
v      22.86826679     0.7149722823     -2.564831994
v          22.8086                0     -2.615219778
v      22.86827279     0.7150540531     -2.574126704
v      22.70703924                0      -2.59836793
v      22.76897945     0.7149125474     -2.557724503
v      22.57006458                0     -2.581743547
v       22.6350667     0.7147741677     -2.541566901
v      22.38764169                0     -2.570715337
v      22.45672867     0.7146853967     -2.530906093
v      22.14941316                0     -2.571960665
v      22.22384448     0.7147039771     -2.532273195
v      21.84615021                0     -2.597378052
v      21.92739986     0.7149324969       -2.5573003
v      21.47128752                0     -2.651192881
v      21.56097943     0.7154074956     -2.610120251
v      21.02223954                0     -2.731640051
v      21.12205451     0.7161138855     -2.689009965
v      20.50300734                0     -2.830222263
v      20.61453108     0.7169784891     -2.785664044
v      19.92543175                0     -2.924707121
v      20.04997033     0.7178097995     -2.878351324
v      19.31195505                0     -2.987003793
v      19.45029344     0.7183655984     -2.939609557
v       18.8479487     0.7185979964     -2.964099055
v      18.69577356                0     -3.011668982
v      18.27583332     0.7186288065     -2.965771239
v      18.11053011                0     -3.013002524
v      17.75945637      0.718508352      -2.95042783
v      17.58231522                0     -2.996958838
v      17.31433652     0.7182818322     -2.923256146
v       17.1270002                0     -2.968856957
v      16.94586111     0.7179766399     -2.887387092
v      16.75009395                0     -2.931904659
v      16.65132941     0.7176136384     -2.845183527
v       16.4488322                0     -2.888518349
v       16.4235311     0.7171930145     -2.796643608
v      16.21583919                0     -2.838691379
v      16.25518646     0.7166755738      -2.73728892
v      16.04367115                0     -2.777835659
v      16.14738665     0.7159768538     -2.657522304
v      15.93345059                0     -2.696130021
v      16.11462574     0.7151516001     -2.563612924
v             15.9                0             -2.6
v       15.9333587                0     -2.503998043
v      16.14717564     0.7143252387     -2.469786536
v      16.04331421                0     -2.422304535
v      16.25461327     0.7136193445     -2.389892891
v      16.21492007                0      -2.36086033
v      16.42233119     0.7130854807     -2.329746341
v      16.44765824                0     -2.311683984
v      16.64981793     0.7126550539     -2.281548389
v      16.74872871                0     -2.270534687
v      16.94410932     0.7122913709     -2.241150717
v       17.1251547                0     -2.234744802
v      17.31206935     0.7119712677     -2.205942297
v      17.57974963                0     -2.206825118
v      17.75644993     0.7117162349     -2.178374695
v      18.10710106                0     -2.189830904
v      18.27196195     0.7115527152     -2.161436685
v      18.69140779                0      -2.18422333
v      18.84315892     0.7114851953     -2.155588853
v      19.30709362                0     -2.191747543
v      19.44503943     0.7115295225     -2.162552547
v      20.04647112     0.7117255789     -2.186761494
v      19.92230895                0     -2.216920531
v      20.61614224     0.7120788583     -2.228740017
v      20.50502324                0     -2.260258219
v      21.12935184     0.7125186424      -2.28037073
v      21.02997414                0     -2.313436832
v      21.57136904     0.7129771579     -2.333902873
v      21.48209791                0     -2.368514386
v      21.93767935     0.7134031103     -2.383491508
v      21.85678033                0     -2.419506096
v      22.23158334     0.7137764101     -2.426863657
v      22.15739919                0      -2.46408794
v      22.46131645     0.7140900994      -2.46325476
v      22.39237941                0     -2.501482891
v      22.63715225      0.714350392     -2.493404004
v      22.57222979                0     -2.532454232
v      22.76966798     0.7145587069     -2.517506511
v      22.70777013                0     -2.557208637
v      22.86824879     0.7147269698     -2.536947864
v          22.8086                0     -2.577170333
v      22.86825479     0.7148087406     -2.546242574
v          22.8086                0     -2.586682694
v      22.92792159      1.429781023     -2.514879513
v      22.92793359      1.429944565     -2.523956572
v      22.92794559      1.430108106      -2.53303363
v      22.83091966      1.429825095     -2.517081077
v      22.70006881      1.429548335     -2.501390255
v      22.52581564      1.429370793      -2.49109685
v       22.2982758      1.429407954     -2.492585726
v      22.00864952      1.429864994     -2.517222548
v      21.65067135      1.430814991      -2.56904762
v      21.22186949      1.432227771     -2.646379878
v      20.72605482      1.433956978     -2.741105826
v      20.17450891      1.435619599     -2.831995526
v      19.58863183      1.436731197      -2.89221532
v      19.00012383      1.437195993     -2.916529127
v      18.44113653      1.437257613     -2.918539954
v      17.93659753      1.437016704     -2.903896822
v      17.50167284      1.436563664     -2.877655334
v      17.14162827       1.43595328     -2.842869524
v      16.85382662      1.435227277     -2.801848705
v        16.631223      1.434386029     -2.754595837
v      16.46670177      1.433351148     -2.696742181
v      16.36132271      1.431953708     -2.618914588
v      16.32925147        1.4303032     -2.527225848
v      16.36099257      1.428650477     -2.435575029
v      16.46591233      1.427238689     -2.357481248
v      16.62974231      1.426170961     -2.298632351
v      16.85197762      1.425310108     -2.251412793
v      17.13948993      1.424582742     -2.211766747
v      17.49898401      1.423942535     -2.177139793
v      17.93315024       1.42343247     -2.149924272
v      18.43682284       1.42310543     -2.133042466
v      18.99491005      1.422970391     -2.126954375
v      19.58298523      1.423059045     -2.133357551
v      20.17063329      1.423451158     -2.156602456
v      20.72726125      1.424157717     -2.197221814
v      21.22872954      1.425037285     -2.247304628
v      21.66064017      1.425954316      -2.29929136
v      22.01857837      1.426806221      -2.34747692
v      22.30576749       1.42755282     -2.389639375
v      22.53025349      1.428180199     -2.425026628
v      22.70207471      1.428700784     -2.454353775
v      22.83156584      1.429117414     -2.477804385
v      22.92789759       1.42945394     -2.496725396
v      22.92790959      1.429617481     -2.505802455
v      22.98758238      2.144671534     -2.474221742
v      22.98760038      2.144916847     -2.483081149
v      22.98761838      2.145162159     -2.491940557
v      22.89285987      2.144737642      -2.47643765
v      22.76507093      2.144322503     -2.461213608
v      22.59490262       2.14405619     -2.451287607
v      22.37270712      2.144111931     -2.452898256
v      22.08989918      2.144797491     -2.477144796
v      21.74036326      2.146222487     -2.527974989
v      21.32168447      2.148341656     -2.603749791
v      20.83757855      2.150935467     -2.696547608
v      20.29904748      2.153429399     -2.785639729
v      19.72697022      2.155096795     -2.844821083
v      19.15229897      2.155793989     -2.868959199
v      18.60643974      2.155886419     -2.871308669
v      18.11373868      2.155525056     -2.857365815
v      17.68900915      2.154845497     -2.832054523
v      17.33739543       2.15392992     -2.798351957
v      17.05632383      2.152840915     -2.758513882
v       16.8389149      2.151579044     -2.712548066
v      16.67821708      2.150026721     -2.656195442
v      16.57525878      2.147930561     -2.580306871
v      16.54387721        2.1454548     -2.490838772
v       16.5748095      2.142975716     -2.401363521
v      16.67721139      2.140858033     -2.325069604
v      16.83715343      2.139256442     -2.267518362
v      17.05413731      2.137965162     -2.221277197
v      17.33487054      2.136874113     -2.182382778
v      17.68589866      2.135913803     -2.148337288
v      18.10985054      2.135148705     -2.121473848
v      18.60168374      2.134658146     -2.104648247
v      19.14666118      2.134455586     -2.098319897
v      19.72093104      2.134588568     -2.104162555
v      20.29479546      2.135176737     -2.126443419
v      20.83838025      2.136236575     -2.165703611
v      21.32810723      2.137555927     -2.214238527
v       21.7499113      2.138931474     -2.264679848
v       22.0994774      2.140209331     -2.311462332
v      22.37995163       2.14132923     -2.352415092
v      22.59919053      2.142270298     -2.386798497
v      22.76699717      2.143051176     -2.415303547
v      22.89346369      2.143676121     -2.438102258
v      22.98754638      2.144180909     -2.456502927
v      22.98756438      2.144426222     -2.465362335
v      23.04724317      2.859562046     -2.433563971
v      23.04726717      2.859889129     -2.442205727
v      23.04729117      2.860216212     -2.450847483
v      22.95480008       2.85965019     -2.435794223
v      22.83007305      2.859096671     -2.421036962
v       22.6639896      2.858741587     -2.411478363
v      22.44713844      2.858815908     -2.413210786
v      22.17114883      2.859729988     -2.437067043
v      21.83005518      2.861629982     -2.486902359
v      21.42149945      2.864455542     -2.561119705
v      20.94910229      2.867913957      -2.65198939
v      20.42358606      2.871239198     -2.739283931
v      19.86530861      2.873462394     -2.797426846
v       19.3044741      2.874391985     -2.821389271
v      18.77174295      2.874515226     -2.824077384
v      18.29087983      2.874033408     -2.810834807
v      17.87634547      2.873127329     -2.786453712
v      17.53316259       2.87190656     -2.753834389
v      17.25882105      2.870454554      -2.71517906
v      17.04660681      2.868772058     -2.670500295
v       16.8897324      2.866702295     -2.615648703
v      16.78919484      2.863907415     -2.541699154
v      16.75850295        2.8606064     -2.454451696
v      16.78862644      2.857300955     -2.367152014
v      16.88851045      2.854477378     -2.292657961
v      17.04456454      2.852341923     -2.236404372
v      17.25629701      2.850620216     -2.191141602
v      17.53025115      2.849165484     -2.152998808
v      17.87281332      2.847885071     -2.119534784
v      18.28655085       2.84686494     -2.093023425
v      18.76654463      2.846210861     -2.076254028
v      19.29841231      2.845940781      -2.06968542
v      19.85887685       2.84611809     -2.074967559
v      20.41895763      2.846902316     -2.096284381
v      20.94949925      2.848315433     -2.134185408
v      21.42748493       2.85007457     -2.181172425
v      21.83918242      2.851908631     -2.230068335
v      22.18037642      2.853612441     -2.275447744
v      22.45413578      2.855105641      -2.31519081
v      22.66812757      2.856360397     -2.348570365
v      22.83191963      2.857401568     -2.376253319
v      22.95536155      2.858234828     -2.398400132
v      23.04719517      2.858907879     -2.416280459
v      23.04721917      2.859234962     -2.424922215
v      23.10690397      3.574452557       -2.3929062
v      23.10693397      3.574861411     -2.401330304
v      23.10696397      3.575270265     -2.409754409
v      23.01674029      3.574562737     -2.395150796
v      22.89507517      3.573870839     -2.380860316
v      22.73307658      3.573426984      -2.37166912
v      22.52156976      3.573519885     -2.373523317
v      22.25239849      3.574662484     -2.396989291
v      21.91974709      3.577037478     -2.445829728
v      21.52131442      3.580569427     -2.518489618
v      21.06062603      3.584892446     -2.607431171
v      20.54812464      3.589048998     -2.692928134
v        20.003647      3.591827992     -2.750032609
v      19.45664924      3.592989982     -2.773819343
v      18.93704616      3.593144032     -2.776846099
v      18.46802099       3.59254176     -2.764303799
v      18.06368179      3.591409161     -2.740852901
v      17.72892975      3.589883199     -2.709316822
v      17.46131826      3.588068192     -2.671844238
v      17.25429871      3.585965073     -2.628452524
v      17.10124771      3.583377869     -2.575101964
v      17.00313091      3.579884269     -2.503091438
v      16.97312869         3.575758      -2.41806462
v      17.00244337      3.571626193     -2.332940507
v       17.0998095      3.568096722     -2.260246317
v      17.25197566      3.565427404     -2.205290383
v       17.4584567       3.56327527     -2.161006006
v      17.72563176      3.561456854     -2.123614838
v      18.05972797      3.559856339     -2.090732279
v      18.46325116      3.558581175     -2.064573002
v      18.93140552      3.557763576     -2.047859808
v      19.45016344      3.557425977     -2.041050942
v      19.99682266      3.557647613     -2.045772563
v       20.5431198      3.558627894     -2.066125344
v      21.06061825      3.560394291     -2.102667206
v      21.52686262      3.562593212     -2.148106323
v      21.92845355      3.564885789     -2.195456823
v      22.26127544      3.567015552     -2.239433157
v      22.52831993      3.568882051     -2.277966527
v       22.7370646      3.570450497     -2.310342233
v       22.8968421       3.57175196     -2.337203091
v       23.0172594      3.572793534     -2.358698006
v      23.10684396      3.573634849      -2.37605799
v      23.10687396      3.574043703     -2.384482095
v      23.16656476      4.289343069     -2.352248429
v      23.16660076      4.289833694     -2.360454882
v      23.16663676      4.290324318     -2.368661335
v       23.0786805      4.289475284      -2.35450737
v      22.96007729      4.288645006      -2.34068367
v      22.80216355       4.28811238     -2.331859876
v      22.59600108      4.288223863     -2.333835847
v      22.33364815      4.289594981     -2.356911539
v      22.00943901      4.292444974     -2.404757098
v       21.6211294      4.296683313     -2.475859532
v      21.17214977      4.301870935     -2.562872953
v      20.67266322      4.306858797     -2.646572336
v      20.14198539       4.31019359     -2.702638373
v      19.60882437      4.311587978     -2.726249415
v      19.10234937      4.311772839     -2.729614814
v      18.64516214      4.311050112     -2.717772792
v      18.25101811      4.309690993     -2.695252089
v      17.92469691      4.307859839     -2.664799254
v      17.66381547      4.305681831     -2.628509416
v      17.46199061      4.303158087     -2.586404753
v      17.31276302      4.300053443     -2.534555226
v      17.21706697      4.295861123     -2.464483721
v      17.18775442        4.2909096     -2.381677543
v       17.2162603      4.285951432        -2.298729
v      17.31110856      4.281716067     -2.227834673
v      17.45938678      4.278512884     -2.174176393
v      17.66061639      4.275930323     -2.130870411
v      17.92101237      4.273748225     -2.094230868
v      18.24664263      4.271827606     -2.061929775
v      18.63995146      4.270297409     -2.036122579
v      19.09626641      4.269316291     -2.019465589
v      19.60191457      4.268911172     -2.012416465
v      20.13476847      4.269177135     -2.016577567
v      20.66728197      4.270353473     -2.035966306
v      21.17173726       4.27247315     -2.071149003
v      21.62624032      4.275111855     -2.115040222
v      22.01772468      4.277862947      -2.16084531
v      22.34217446      4.280418662     -2.203418569
v      22.60250407      4.282658461     -2.240742244
v      22.80600164      4.284540596     -2.272114102
v      22.96176456      4.286102352     -2.298152862
v      23.07915725      4.287352241      -2.31899588
v      23.16649276      4.288361819     -2.335835522
v      23.16652876      4.288852444     -2.344041975
v      23.22622555       5.00423358     -2.311590657
v      23.22626755      5.004805976     -2.319579459
v      23.22630955      5.005378372     -2.327568261
v      23.14062071      5.004387832     -2.313863943
v      23.02507941      5.003419174     -2.300507024
v      22.87125053      5.002797777     -2.292050633
v       22.6704324       5.00292784     -2.294148378
v       22.4148978      5.004527478     -2.316833787
v      22.09913093      5.007852469     -2.363684467
v      21.72094438      5.012797198     -2.433229445
v       21.2836735      5.018849424     -2.518314735
v      20.79720179      5.024668597     -2.600216539
v      20.28032378      5.028559189     -2.655244136
v      19.76099951      5.030185975     -2.678679487
v      19.26765258      5.030401645     -2.682383529
v      18.82230329      5.029558464     -2.671241784
v      18.43835443      5.027972826     -2.649651278
v      18.12046407      5.025836479     -2.620281687
v      17.86631268      5.023295469     -2.585174593
v      17.66968252      5.020351102     -2.544356982
v      17.52427833      5.016729017     -2.494008487
v      17.43100304      5.011837976     -2.425876004
v      17.40238016        5.0060612     -2.345290467
v      17.43007724      5.000276671     -2.264517493
v      17.52240762      4.995335411      -2.19542303
v      17.66679789      4.991598365     -2.143062404
v      17.86277608      4.988585377     -2.100734815
v      18.11639298      4.986039596     -2.064846898
v      18.43355728      4.983798874      -2.03312727
v      18.81665177      4.982013644     -2.007672156
v       19.2611273      4.980869006      -1.99107137
v       19.7536657      4.980396367     -1.983781987
v      20.27271427      4.980706658     -1.987382571
v      20.79144414      4.982079052     -2.005807269
v      21.28285626      4.984552008       -2.0396308
v      21.72561802      4.987630497      -2.08197412
v      22.10699581      4.990840105     -2.126233797
v      22.42307348      4.993821772     -2.167403981
v      22.67668822      4.996434871     -2.203517962
v      22.87493868      4.998630696      -2.23388597
v      23.02668702      5.000452744     -2.259102634
v      23.14105511      5.001910948     -2.279293753
v      23.22614155      5.003088789     -2.295613054
v      23.22618355      5.003661184     -2.303601856
v      23.28588634      5.719124092     -2.270932886
v      23.28593435      5.719778258     -2.278704037
v      23.28598235      5.720432425     -2.286475188
v      23.20256092      5.719300379     -2.273220516
v      23.09008152      5.718193342     -2.260330378
v      22.94033751      5.717483174     -2.252241389
v      22.74486372      5.717631817     -2.254460908
v      22.49614746      5.719459975     -2.276756035
v      22.18882284      5.723259965     -2.322611837
v      21.82075936      5.728911084     -2.390599359
v      21.39519724      5.735827913     -2.473756516
v      20.92174037      5.742478396     -2.553860741
v      20.41866217      5.746924787     -2.607849899
v      19.91317464      5.748783971     -2.631109559
v       19.4329558      5.749030452     -2.635152244
v      18.99944445      5.748066816     -2.624710776
v      18.62569074      5.746254658     -2.604050467
v      18.31623124      5.743813119     -2.575764119
v      18.06880989      5.740909107     -2.541839771
v      17.87737442      5.737544116     -2.502309211
v      17.73579365       5.73340459     -2.453461748
v       17.6449391       5.72781483     -2.387268288
v       17.6170059        5.7212128     -2.308903391
v      17.64389417      5.714601909     -2.230305985
v      17.73370668      5.708954756     -2.163011386
v      17.87420901      5.704683846     -2.111948414
v      18.06493577      5.701240431      -2.07059922
v      18.31177359      5.698330967     -2.035462928
v      18.62047194      5.695770142     -2.004324766
v      18.99335207      5.693729879     -1.979221733
v       19.4259882      5.692421722     -1.962677151
v      19.90541684      5.691881563      -1.95514751
v      20.41066008       5.69223618     -1.958187575
v      20.91560631      5.693804631     -1.975648231
v      21.39397526      5.696630866     -2.008112597
v      21.82499571       5.70014914     -2.048908019
v      22.19626694      5.703817263     -2.091622285
v      22.50397251      5.707224882     -2.131389393
v      22.75087237      5.710211281     -2.166293679
v      22.94387572      5.712720795     -2.195657839
v      23.09160948      5.714803136     -2.220052406
v      23.20295296      5.716469655     -2.239591627
v      23.28579034      5.717815758     -2.255390585
v      23.28583834      5.718469925     -2.263161736
v      23.34554714      6.434014603     -2.230275115
v      23.34560114       6.43475054     -2.237828614
v      23.34565514      6.435486478     -2.245382114
v      23.26450113      6.434212926      -2.23257709
v      23.15508364       6.43296751     -2.220153732
v      23.00942449       6.43216857     -2.212432146
v      22.81929504      6.432335794     -2.214773438
v      22.57739712      6.434392472     -2.236678282
v      22.27851476       6.43866746     -2.281539206
v      21.92057433      6.445024969     -2.347969272
v      21.50672098      6.452806402     -2.429198298
v      21.04627895      6.460288196     -2.507504944
v      20.55700056      6.465290386     -2.560455662
v      20.06534978      6.467381967     -2.583539631
v      19.59825901      6.467659258     -2.587920959
v       19.1765856      6.466575168     -2.578179769
v      18.81302706       6.46453649     -2.558449655
v       18.5119984      6.461789759     -2.531246552
v       18.2713071      6.458522746     -2.498504949
v      18.08506632      6.454737131     -2.460261439
v      17.94730896      6.450080164     -2.412915009
v      17.85887516      6.443791684     -2.348660571
v      17.83163164      6.436364401     -2.272516315
v      17.85771111      6.428927148     -2.196094478
v      17.94500574        6.4225741     -2.130599743
v      18.08162013      6.417769326     -2.080834425
v      18.26709546      6.413895485     -2.040463624
v       18.5071542      6.410622338     -2.006078958
v       18.8073866       6.40774141     -1.975522261
v      19.17005238      6.405446114     -1.950771309
v      19.59084909      6.403974437     -1.934282932
v      20.05716797      6.403366758     -1.926513032
v      20.54860589      6.403765703     -1.928992579
v      21.03976848       6.40553021     -1.945489194
v      21.50509426      6.408709725     -1.976594394
v      21.92437341      6.412667782     -2.015841917
v      22.28553807      6.416794421     -2.057010772
v      22.58487153      6.420627993     -2.095374805
v      22.82505652      6.423987691     -2.129069397
v      23.01281276      6.426810894     -2.157429707
v      23.15653194      6.429153528     -2.181002178
v      23.26485082      6.431028362     -2.199889501
v      23.34543914      6.432542728     -2.215168117
v      23.34549314      6.433278666     -2.222721616
v      23.40520793      7.148905114     -2.189617344
v      23.40526793      7.149722823     -2.196953192
v      23.40532793      7.150540531      -2.20428904
v      23.32644135      7.149125474     -2.191933663
v      23.22008576      7.147741677     -2.179977086
v      23.07851146      7.146853967     -2.172622903
v      22.89372636      7.147039771     -2.175085969
v      22.65864678      7.149324969      -2.19660053
v      22.36820667      7.154074956     -2.240466576
v      22.02038931      7.161138855     -2.305339186
v      21.61824472      7.169784891      -2.38464008
v      21.17081753      7.178097995     -2.461149146
v      20.69533895      7.183655984     -2.513061425
v      20.21752491      7.185979964     -2.535969703
v      19.76356222      7.186288065     -2.540689674
v      19.35372675       7.18508352     -2.531648761
v      19.00036338      7.182818322     -2.512848844
v      18.70776556      7.179766399     -2.486728984
v      18.47380431      7.176136384     -2.455170126
v      18.29275823      7.171930145     -2.418213668
v      18.15882427      7.166755738      -2.37236827
v      18.07281123      7.159768538     -2.310052854
v      18.04625737      7.151516001     -2.236129239
v      18.07152804      7.143252387     -2.161882971
v       18.1563048      7.136193445     -2.098188099
v      18.28903124      7.130854807     -2.049720435
v      18.46925516      7.126550539     -2.010328028
v      18.70253481      7.122913709     -1.976694988
v      18.99430125      7.119712677     -1.946719757
v      19.34675269      7.117162349     -1.922320886
v      19.75570998      7.115527152     -1.905888712
v       20.2089191      7.114851953     -1.897878555
v       20.6865517      7.115295225     -1.899797583
v      21.16393066      7.117255789     -1.915330156
v      21.61621327      7.120788583     -1.945076192
v       22.0237511      7.125186424     -1.982775815
v      22.37480919      7.129771579      -2.02239926
v      22.66577055      7.134031103     -2.059360217
v      22.89924066      7.137764101     -2.091845114
v       23.0817498      7.140900994     -2.119201576
v       23.2214544       7.14350392      -2.14195195
v      23.32674867      7.145587069     -2.160187374
v      23.40508793      7.147269698     -2.174945648
v      23.40514793      7.148087406     -2.182281496
v      23.46486872      7.863795626     -2.148959573
v      23.46493473      7.864695105      -2.15607777
v      23.46500073      7.865594584     -2.163195966
v      23.38838156      7.864038021     -2.151290236
v      23.28508788      7.862515845      -2.13980044
v      23.14759844      7.861539364     -2.132813659
v      22.96815768      7.861743748     -2.135398499
v      22.73989643      7.864257466     -2.156522778
v      22.45789859      7.869482452     -2.199393945
v      22.12020429       7.87725274     -2.262709099
v      21.72976845       7.88676338     -2.340081862
v      21.29535611      7.895907795     -2.414793349
v      20.83367734      7.902021582     -2.465667189
v      20.36970005       7.90457796     -2.488399775
v      19.92886543      7.904916871     -2.493458389
v      19.53086791      7.903591872     -2.485117753
v       19.1876997      7.901100155     -2.467248033
v      18.90353272      7.897743039     -2.442211417
v      18.67630152      7.893750023     -2.411835304
v      18.50045013       7.88912316     -2.376165897
v      18.37033958      7.883431312     -2.331821531
v      18.28674729      7.875745392     -2.271445138
v      18.26088311      7.866667601     -2.199742163
v      18.28534497      7.857577625     -2.127671464
v      18.36760386      7.849812789     -2.065776456
v      18.49644236      7.843940288     -2.018606446
v      18.67141485      7.839205593     -1.980192433
v      18.89791542       7.83520508     -1.947311019
v      19.18121591      7.831683945     -1.917917253
v      19.52345299      7.828878584     -1.893870463
v      19.92057087      7.827079867     -1.877494493
v      20.36067023      7.826337149     -1.869244077
v      20.82449751      7.826824748     -1.870602587
v      21.28809283      7.828981368     -1.885171119
v      21.72733227      7.832867441     -1.913557989
v       22.1231288      7.837705067     -1.949709714
v      22.46408032      7.842748737     -1.987787747
v      22.74666957      7.847434213     -2.023345629
v      22.97342481      7.851540512     -2.054620832
v      23.15068684      7.854991093     -2.080973444
v      23.28637687      7.857854312     -2.102901721
v      23.38864653      7.860145776     -2.120485248
v      23.46473672      7.861996668      -2.13472318
v      23.46480272      7.862896147     -2.141841376
v      23.52452952      8.578686137     -2.108301802
v      23.52460152      8.579667387     -2.115202347
v      23.52467352      8.580648637     -2.122102892
v      23.45032177      8.578950569     -2.110646809
v         23.35009      8.577290013     -2.099623794
v      23.21668542      8.576224761     -2.093004416
v        23.042589      8.576447725     -2.095711029
v      22.82114609      8.579189963     -2.116445026
v       22.5475905      8.584889947     -2.158321315
v      22.22001927      8.593366626     -2.220079013
v      21.84129219       8.60374187     -2.295523643
v      21.41989468      8.613717594     -2.368437551
v      20.97201573      8.620387181     -2.418272952
v      20.52187518      8.623175956     -2.440829847
v      20.09416864      8.623545678     -2.446227104
v      19.70800906      8.622100224     -2.438586746
v      19.37503601      8.619381987     -2.421647222
v      19.09929988      8.615719679     -2.397693849
v      18.87879873      8.611363661     -2.368500482
v      18.70814203      8.606316174     -2.334118126
v       18.5818549      8.600106886     -2.291274793
v      18.50068336      8.591722245     -2.232837421
v      18.47550885      8.581819201     -2.163355087
v      18.49916191      8.571902864     -2.093459957
v      18.57890292      8.563432134     -2.033364812
v      18.70385348      8.557025769     -1.987492456
v      18.87357454      8.551860647     -1.950056837
v      19.09329603      8.547496451     -1.917927049
v      19.36813056      8.543655213     -1.889114748
v       19.7001533      8.540594819      -1.86542004
v      20.08543176      8.538632583     -1.849100274
v      20.51242136      8.537822344     -1.840609599
v      20.96244331       8.53835427     -1.841407591
v        21.412255      8.540706947     -1.855012081
v      21.83845127        8.5449463     -1.882039786
v       22.2225065      8.550223709     -1.916643612
v      22.55335145      8.555725894     -1.953176234
v       22.8275686      8.560837324     -1.987331041
v      23.04760896      8.565316922     -2.017396549
v      23.21962387      8.569081192     -2.042745312
v      23.35129933      8.572204704     -2.063851493
v      23.45054438      8.574704483     -2.080783122
v      23.52438551      8.576723638     -2.094500711
v      23.52445752      8.577704887     -2.101401256
v      23.58419031      9.293576649     -2.067644031
v      23.58426831      9.294639669     -2.074326925
v      23.58434631       9.29570269     -2.081009819
v      23.51226198      9.293863116     -2.070003383
v      23.41509212      9.292064181     -2.059447148
v       23.2857724      9.290910157     -2.053195172
v      23.11702032      9.291151702      -2.05602356
v      22.90239575      9.294122459     -2.076367274
v      22.63728242      9.300297443     -2.117248684
v      22.31983424      9.309480511     -2.177448926
v      21.95281593      9.320720359     -2.250965425
v      21.54443326      9.331527394     -2.322081754
v      21.11035412      9.338752779     -2.370878715
v      20.67405032      9.341773953     -2.393259919
v      20.25947185      9.342174484     -2.398995819
v      19.88515021      9.340608576     -2.392055738
v      19.56237233      9.337663819      -2.37604641
v      19.29506704      9.333696318     -2.353176281
v      19.08129594      9.328977299      -2.32516566
v      18.91583394      9.323509189     -2.292070355
v      18.79337021       9.31678246     -2.250728054
v      18.71461942      9.307699099     -2.194229704
v      18.69013459      9.296970801     -2.126968011
v      18.71297884      9.286228103     -2.059248449
v      18.79020198      9.277051478     -2.000953168
v      18.91126459      9.270111249     -1.956378467
v      19.07573423      9.264515701     -1.919921242
v      19.28867664      9.259787821     -1.888543079
v      19.55504522      9.255626481     -1.860312244
v       19.8768536      9.252311054     -1.836969617
v      20.25029265      9.250185298     -1.820706055
v      20.66417249      9.249307539     -1.811975122
v      21.10038912      9.249883793     -1.812212595
v      21.53641717      9.252432526     -1.824853044
v      21.94957027      9.257025158     -1.850521583
v      22.32188419      9.262742352     -1.883577511
v      22.64262258      9.268703052     -1.918564722
v      22.90846762      9.274240434     -1.951316453
v       23.1217931      9.279093332     -1.980172267
v      23.28856091      9.283171292     -2.004517181
v      23.41622179      9.286555096     -2.024801265
v      23.51244223      9.289263189     -2.041080995
v      23.58403431      9.291450608     -2.054278243
v      23.58411231      9.292513628     -2.060961137
v       23.6438511      10.00846716     -2.026986259
v      23.64393511      10.00961195     -2.033451502
v      23.64401911      10.01075674     -2.039916745
v      23.57420219      10.00877566     -2.029359956
v      23.48009423      10.00683835     -2.019270502
v      23.35485937      10.00559555     -2.013385929
v      23.19145164      10.00585568      -2.01633609
v       22.9836454      10.00905496     -2.036289521
v      22.72697433      10.01570494     -2.076176054
v      22.41964922       10.0255944     -2.134818839
v      22.06433967      10.03769885     -2.206407207
v      21.66897184      10.04933719     -2.275725956
v      21.24869251      10.05711838     -2.323484478
v      20.82622545      10.06037195     -2.345689991
v      20.42477506      10.06080329     -2.351764533
v      20.06229137      10.05911693      -2.34552473
v      19.74970865      10.05594565     -2.330445599
v       19.4908342      10.05167296     -2.308658714
v      19.28379315      10.04659094     -2.281830837
v      19.12352584       10.0407022     -2.250022584
v      19.00488552      10.03345803     -2.210181315
v      18.92855548      10.02367595     -2.155621988
v      18.90476032       10.0121224     -2.090580935
v      18.92679577      10.00055334     -2.025036942
v      19.00150104      9.990670822     -1.968541525
v      19.11867571       9.98319673     -1.925264477
v      19.27789392      9.977170755     -1.889785646
v      19.48405725      9.972079192     -1.859159109
v      19.74195987      9.967597748     -1.831509739
v      20.05355391      9.964027289     -1.808519194
v      20.41515355      9.961738013     -1.792311836
v      20.81592362      9.960792735     -1.783340644
v      21.23833493      9.961413315     -1.783017599
v      21.66057934      9.964158104     -1.794694006
v      22.06068928      9.969104016     -1.819003381
v      22.42126189      9.975260994     -1.850511409
v      22.73189371       9.98168021     -1.883953209
v      22.98936664      9.987643544     -1.915301865
v      23.19597725      9.992869742     -1.942947984
v      23.35749795      9.997261391     -1.966289049
v      23.48114425      10.00090549     -1.985751037
v      23.57434009       10.0038219     -2.001378869
v       23.6436831      10.00617758     -2.014055774
v       23.6437671      10.00732237     -2.020521017
v       23.7035119      10.72335767     -1.986328488
v       23.7036019      10.72458423      -1.99257608
v       23.7036919       10.7258108     -1.998823671
v       23.6361424      10.72368821     -1.988716529
v      23.54509635      10.72161252     -1.979093855
v      23.42394635      10.72028095     -1.973576686
v      23.26588296      10.72055966     -1.976648621
v      23.06489506      10.72398745     -1.996211769
v      22.81666625      10.73111243     -2.035103423
v       22.5194642      10.74170828     -2.092188753
v       22.1758634      10.75467734     -2.161848988
v      21.79351042      10.76714699     -2.229370159
v       21.3870309      10.77548398     -2.276090242
v      20.97840059      10.77896995     -2.298120063
v      20.59007827       10.7794321     -2.304533248
v      20.23943252      10.77762528     -2.298993722
v      19.93704497      10.77422748     -2.284844788
v      19.68660136       10.7696496     -2.264141146
v      19.48629036      10.76420458     -2.238496015
v      19.33121774      10.75789522     -2.207974813
v      19.21640083      10.75013361     -2.169634576
v      19.14249155      10.73965281     -2.117014271
v      19.11938606        10.727274     -2.054193859
v      19.14061271      10.71487858     -1.990825435
v       19.2128001      10.70429017     -1.936129881
v      19.32608683      10.69628221     -1.894150488
v      19.48005361      10.68982581      -1.85965005
v      19.67943786      10.68437056     -1.829775139
v      19.92887453      10.67956902     -1.802707235
v      20.23025422      10.67574352      -1.78006877
v      20.58001444      10.67329073     -1.763917616
v      20.96767475      10.67227793     -1.754706167
v      21.37628074      10.67294284     -1.753822603
v      21.78474151      10.67588368     -1.764534969
v      22.17180828      10.68118287     -1.787485178
v      22.52063959      10.68777964     -1.817445307
v      22.82116484      10.69465737     -1.849341697
v      23.07026566      10.70104665     -1.879287277
v       23.2701614      10.70664615     -1.905723702
v      23.42643499      10.71135149     -1.928060918
v      23.54606671      10.71525588     -1.946700808
v      23.63623794       10.7183806     -1.961676743
v      23.70333189      10.72090455     -1.973833306
v      23.70342189      10.72213111     -1.980080897
v      23.76317269      11.43824818     -1.945670717
v      23.76326869      11.43955652     -1.951700657
v      23.76336469      11.44086485     -1.957730597
v      23.69808261      11.43860076     -1.948073103
v      23.61009847      11.43638668     -1.938917209
v      23.49303333      11.43496635     -1.933767442
v      23.34031428      11.43526363     -1.936961151
v      23.14614472      11.43891995     -1.956134017
v      22.90635816      11.44651993     -1.994030793
v      22.61927918      11.45782217     -2.049558666
v      22.28738714      11.47165583      -2.11729077
v      21.91804899      11.48495679     -2.183014361
v       21.5253693      11.49384957     -2.228696005
v      21.13057572      11.49756794     -2.250550135
v      20.75538148       11.4980609     -2.257301963
v      20.41657368      11.49613363     -2.252462715
v      20.12438129      11.49250932     -2.239243977
v      19.88236852      11.48762624     -2.219623579
v      19.68878757      11.48181821     -2.195161193
v      19.53890965      11.47508823     -2.165927042
v      19.42791615      11.46680918     -2.129087837
v      19.35642761      11.45562966     -2.078406554
v       19.3340118       11.4424256     -2.017806783
v      19.35442964      11.42920382     -1.956613928
v      19.42409916      11.41790951     -1.903718238
v      19.53349794      11.40936769     -1.863036498
v       19.6822133      11.40248086     -1.829514455
v      19.87481847      11.39666193     -1.800391169
v      20.11578918      11.39154028      -1.77390473
v      20.40695452      11.38745976     -1.751618347
v      20.74487533      11.38484344     -1.735523397
v      21.11942588      11.38376313     -1.726071689
v      21.51422655      11.38447236     -1.724627607
v      21.90890368      11.38760926     -1.734375932
v      22.28292728      11.39326173     -1.755966975
v      22.62001728      11.40029828     -1.784379206
v      22.91043596      11.40763453     -1.814730184
v      23.15116469      11.41444976     -1.843272689
v      23.34434555      11.42042256     -1.868499419
v      23.49537203      11.42544159     -1.889832786
v      23.61098917      11.42960627      -1.90765058
v       23.6981358      11.43293931     -1.921974616
v      23.76298068      11.43563152     -1.933610837
v      23.76307669      11.43693985     -1.939640777
v      23.82283348      12.15313869     -1.905012946
v      23.82293548       12.1545288     -1.910825235
v      23.82303749       12.1559189     -1.916637523
v      23.76002282      12.15351331     -1.907429676
v      23.67510059      12.15116085     -1.898740563
v       23.5621203      12.14965174     -1.893958199
v       23.4147456      12.14996761     -1.897273681
v      23.22739437      12.15385245     -1.916056265
v      22.99605008      12.16192743     -1.952958162
v      22.71909415      12.17393605      -2.00692858
v      22.39891088      12.18863432     -2.072732552
v      22.04258757      12.20276659     -2.136658564
v      21.66370769      12.21221517     -2.181301768
v      21.28275086      12.21616594     -2.202980207
v       20.9206847      12.21668971     -2.210070678
v      20.59371483      12.21464198     -2.205931707
v       20.3117176      12.21079115     -2.193643165
v      20.07813568      12.20560288     -2.175106011
v      19.89128478      12.19943185      -2.15182637
v      19.74660155      12.19228125     -2.123879271
v      19.63943146      12.18348475     -2.088541098
v      19.57036368      12.17160651     -2.039798838
v      19.54863754       12.1575772     -1.981419707
v      19.56824657      12.14352906     -1.922402421
v      19.63539822      12.13152886     -1.871306594
v      19.74090906      12.12245317     -1.831922509
v        19.884373      12.11513592     -1.799378859
v      20.07019907       12.1089533     -1.771007199
v      20.30270384      12.10351155     -1.745102226
v      20.58365483      12.09917599     -1.723167924
v      20.90973622      12.09639616     -1.707129178
v      21.27117701      12.09524832     -1.697437212
v      21.65217235      12.09600188     -1.695432611
v      22.03306585      12.09933484     -1.704216894
v      22.39404628      12.10534059     -1.724448772
v      22.71939498      12.11281692     -1.751313104
v      22.99970709      12.12061168     -1.780118671
v      23.23206371      12.12785288     -1.807258101
v      23.41852969      12.13419897     -1.831275136
v      23.56430907      12.13953169     -1.851604655
v      23.67591163      12.14395666     -1.868600352
v      23.76003365      12.14749802      -1.88227249
v      23.82262948      12.15035849     -1.893388369
v      23.82273148      12.15174859     -1.899200657
v      23.88249428      12.86802921     -1.864355175
v      23.88260228      12.86950108     -1.869949812
v      23.88271028      12.87097296     -1.875544449
v      23.82196303      12.86842585     -1.866786249
v      23.74010271      12.86593502     -1.858563917
v      23.63120728      12.86433714     -1.854148955
v      23.48917692      12.86467159     -1.857586212
v      23.30864403      12.86878494     -1.875978513
v        23.085742      12.87733492     -1.911885532
v      22.81890913      12.89004994     -1.964298493
v      22.51043462       12.9056128     -2.028174334
v      22.16712615      12.92057639     -2.090302766
v      21.80204608      12.93058077     -2.133907531
v      21.43492599      12.93476393     -2.155410279
v      21.08598791      12.93531852     -2.162839393
v      20.77085598      12.93315034     -2.159400699
v      20.49905392      12.92907298     -2.148042354
v      20.27390285      12.92357952     -2.130588444
v      20.09378199      12.91704549     -2.108491548
v      19.95429345      12.90947426       -2.0818315
v      19.85094677      12.90016033      -2.04799436
v      19.78429974      12.88758337     -2.001191121
v      19.76326327       12.8727288      -1.94503263
v      19.78206351       12.8578543     -1.888190913
v      19.84669728       12.8451482      -1.83889495
v      19.94832018      12.83553865     -1.800808519
v      20.08653269      12.82779097     -1.769243264
v      20.26557968      12.82124468      -1.74162323
v      20.48961849      12.81548282     -1.716299721
v      20.76035513      12.81089223     -1.694717501
v      21.07459711      12.80794887     -1.678734959
v      21.42292815      12.80673352     -1.668802734
v      21.79011816      12.80753141     -1.666237615
v      22.15722802      12.81106042     -1.674057857
v      22.50516528      12.81741945      -1.69293057
v      22.81877267      12.82533556     -1.718247002
v      23.08897822      12.83358884     -1.745507159
v      23.31296273      12.84125599     -1.771243513
v      23.49271384      12.84797538     -1.794050854
v       23.6332461      12.85362179     -1.813376523
v       23.7408341      12.85830706     -1.829550124
v       23.8219315      12.86205672     -1.842570364
v      23.88227827      12.86508546       -1.8531659
v      23.88238627      12.86655733     -1.858760538
v      23.94215507      13.58291972     -1.823697404
v      23.94226907      13.58447336      -1.82907439
v      23.94238307      13.58602701     -1.834451376
v      23.88390324       13.5833384     -1.826142822
v      23.80510483      13.58070919     -1.818387271
v      23.70029426      13.57902254     -1.814339712
v      23.56360824      13.57937556     -1.817898742
v      23.38989369      13.58371744      -1.83590076
v      23.17543391      13.59274242     -1.870812901
v      22.91872411      13.60616382     -1.921668407
v      22.62195835      13.62259129     -1.983616115
v      22.29166473      13.63838619     -2.043946969
v      21.94038447      13.64894637     -2.086513294
v      21.58710113      13.65336193     -2.107840351
v      21.25129112      13.65394732     -2.115608108
v      20.94799714      13.65165869     -2.112869692
v      20.68639024      13.64735481     -2.102441543
v      20.46967001      13.64155616     -2.086070876
v       20.2962792      13.63465913     -2.065156726
v      20.16198536      13.62666728     -2.039783729
v      20.06246208       13.6168359     -2.007447621
v      19.99823581      13.60356022     -1.962583404
v      19.97788901       13.5878804     -1.908645554
v      19.99588044      13.57217953     -1.853979406
v      20.05799634      13.55876754     -1.806483307
v      20.15573129      13.54862413      -1.76969453
v      20.28869238      13.54044602     -1.739107668
v      20.46096029      13.53353605      -1.71223926
v      20.67653315      13.52745409     -1.687497217
v      20.93705544      13.52260846     -1.666267078
v        21.239458      13.51950159      -1.65034074
v      21.57467928      13.51821871     -1.640168257
v      21.92806397      13.51906093     -1.637042618
v       22.2813902        13.522786     -1.643898819
v      22.61628429      13.52949831     -1.661412367
v      22.91815037      13.53785421     -1.685180901
v      23.17824935        13.546566     -1.710895646
v      23.39386175       13.5546591     -1.735228925
v      23.56689799      13.56175179     -1.756826571
v      23.70218314      13.56771189     -1.775148391
v      23.80575656      13.57265745     -1.790499895
v      23.88382936      13.57661543     -1.802868238
v      23.94192706      13.57981243     -1.812943432
v      23.94204107      13.58136607     -1.818320418
v      24.00181586      14.29781023     -1.783039633
v      24.00193586      14.29944565     -1.788198967
v      24.00205587      14.30108106     -1.793358302
v      23.94584345      14.29825095     -1.785499396
v      23.87010695      14.29548335     -1.778210625
v      23.76938124      14.29370793     -1.774530468
v      23.63803956      14.29407954     -1.778211273
v      23.47114334      14.29864994     -1.795823008
v      23.26512583      14.30814991     -1.829740271
v      23.01853909      14.32227771      -1.87903832
v      22.73348209      14.33956978     -1.939057897
v       22.4162033      14.35619599     -1.997591171
v      22.07872286      14.36731197     -2.039119058
v      21.73927626      14.37195993     -2.060270423
v      21.41659433      14.37257613     -2.068376823
v      21.12513829      14.37016704     -2.066338684
v      20.87372656      14.36563664     -2.056840731
v      20.66543717       14.3595328     -2.041553309
v      20.49877641      14.35227277     -2.021821904
v      20.36967726      14.34386029     -1.997735958
v       20.2739774      14.33351148     -1.966900882
v      20.21217187      14.31953708     -1.923975688
v      20.19251475        14.303032     -1.872258478
v      20.20969737      14.28650477     -1.819767899
v       20.2692954      14.27238689     -1.774071663
v      20.36314241      14.26170961      -1.73858054
v      20.49085207      14.25310108     -1.708972073
v       20.6563409      14.24582742      -1.68285529
v       20.8634478      14.23942535     -1.658694712
v      21.11375575       14.2343247     -1.637816655
v       21.4043189       14.2310543      -1.62194652
v      21.72643041      14.22970391     -1.611533779
v      22.06600978      14.23059045     -1.607847622
v      22.40555237      14.23451158     -1.613739782
v      22.72740329      14.24157717     -1.629894164
v      23.01752807      14.25037285     -1.652114799
v      23.26752048      14.25954316     -1.676284134
v      23.47476078      14.26806221     -1.699214337
v      23.64108213       14.2755282     -1.719602289
v      23.77112018      14.28180199      -1.73692026
v      23.87067902      14.28700784     -1.751449667
v      23.94572721      14.29117414     -1.763166111
v      24.00157586       14.2945394     -1.772720963
v      24.00169586      14.29617481     -1.777880298
v      24.06147665      15.01270074     -1.742381861
v      24.06160266      15.01441793     -1.747323545
v      24.06172866      15.01613511     -1.752265228
v      24.00778366       15.0131635     -1.744855969
v      23.93510906      15.01025752     -1.738033979
v      23.83846821      15.00839333     -1.734721225
v      23.71247088      15.00878352     -1.738523803
v        23.552393      15.01358243     -1.755745256
v      23.35481774      15.02355741      -1.78866764
v      23.11835406      15.03839159     -1.836408234
v      22.84500583      15.05654827     -1.894499679
v      22.54074188      15.07400579     -1.951235374
v      22.21706125      15.08567757     -1.991724821
v       21.8914514      15.09055792     -2.012700495
v      21.58189754      15.09120494     -2.021145538
v      21.30227944      15.08867539     -2.019807676
v      21.06106287      15.08391848      -2.01123992
v      20.86120433      15.07750944     -1.997035741
v      20.70127362      15.06988641     -1.978487081
v      20.57736916       15.0610533     -1.955688187
v      20.48549271      15.05018705     -1.926354143
v      20.42610793      15.03551393     -1.885367971
v      20.40714049       15.0181836     -1.835871402
v      20.42351431      15.00083001     -1.785556392
v      20.48059446      14.98600623      -1.74166002
v      20.57055353      14.97479509     -1.707466551
v      20.69301176      14.96575613     -1.678836477
v      20.85172151      14.95811879      -1.65347132
v      21.05036246      14.95139662     -1.629892208
v      21.29045605      14.94604093     -1.609366231
v      21.56917979      14.94260702     -1.593552301
v      21.87818154       14.9411891     -1.582899301
v      22.20395559      14.94211997     -1.578652626
v      22.52971454      14.94623716     -1.583580744
v      22.83852229      14.95365602     -1.598375961
v      23.11690576      14.96289149     -1.619048698
v      23.35679161      14.97252032     -1.641672621
v       23.5556598      14.98146532     -1.663199749
v      23.71526628      14.98930461     -1.682378006
v      23.84005722      14.99589209     -1.698692128
v      23.93560148      15.00135823     -1.712399439
v      24.00762507      15.00573284     -1.723463985
v      24.06122465      15.00926637     -1.732498495
v      24.06135065      15.01098355     -1.737440178
v      24.12113745      15.72759125      -1.70172409
v      24.12126945      15.72939021     -1.706448122
v      24.12140145      15.73118917     -1.711172154
v      24.06972387      15.72807604     -1.704212542
v      24.00011118      15.72503169     -1.697857333
v      23.90755519      15.72307873     -1.694911982
v       23.7869022       15.7234875     -1.698836333
v      23.63364266      15.72851493     -1.715667504
v      23.44450966       15.7389649      -1.74759501
v      23.21816904      15.75450548     -1.793778147
v      22.95652957      15.77352676      -1.84994146
v      22.66528046      15.79181559     -1.904879576
v      22.35539964      15.80404316     -1.944330584
v      22.04362653      15.80915592     -1.965130567
v      21.74720075      15.80983374     -1.973914253
v       21.4794206      15.80718374     -1.973276669
v      21.24839919      15.80220031     -1.965639109
v      21.05697149      15.79548608     -1.952518174
v      20.90377083      15.78750005     -1.935152259
v      20.78506107      15.77824632     -1.913640416
v      20.69700802      15.76686262     -1.885807404
v        20.640044      15.75149078     -1.846760254
v      20.62176622       15.7333352     -1.799484326
v      20.63733124      15.71515525     -1.751344885
v      20.69189352      15.69962558     -1.709248376
v      20.77796464      15.68788058     -1.676352561
v      20.89517145      15.67841119     -1.648700881
v      21.04710212      15.67041016      -1.62408735
v      21.23727711      15.66336789     -1.601089703
v      21.46715636      15.65775717     -1.580915808
v      21.73404068      15.65415973     -1.565158082
v      22.02993267       15.6526743     -1.554264824
v      22.34190139       15.6536495      -1.54945763
v      22.65387671      15.65796274     -1.553421707
v      22.94964129      15.66573488     -1.566857759
v      23.21628346      15.67541013     -1.585982596
v      23.44606273      15.68549747     -1.607061108
v      23.63655882      15.69486843     -1.627185161
v      23.78945043      15.70308102     -1.645153724
v      23.90899426      15.70998219     -1.660463997
v      24.00052394      15.71570862     -1.673349211
v      24.06952292      15.72029155     -1.683761859
v      24.12087344      15.72399334     -1.692276026
v      24.12100544      15.72579229     -1.697000058
v      24.18079824      16.44248176     -1.661066319
v      24.18093624      16.44436249       -1.6655727
v      24.18107425      16.44624322      -1.67007908
v      24.13166408      16.44298859     -1.663569116
v       24.0651133      16.43980586     -1.657680687
v      23.97664217      16.43776412     -1.655102738
v      23.86133352      16.43819147     -1.659148864
v      23.71489231      16.44344743     -1.675589752
v      23.53420157       16.4543724     -1.706522379
v      23.31798402      16.47061937      -1.75114806
v       23.0680533      16.49050525     -1.805383242
v      22.78981904      16.50962539     -1.858523779
v      22.49373803      16.52240876     -1.896936347
v      22.19580167      16.52775392     -1.917560639
v      21.91250396      16.52846255     -1.926682968
v      21.65656175       16.5256921     -1.926745661
v      21.43573551      16.52048214     -1.920038298
v      21.25273865      16.51346272     -1.908000606
v      21.10626804      16.50511368     -1.891817437
v      20.99275297      16.49543933     -1.871592645
v      20.90852333       16.4835382     -1.845260665
v      20.85398006      16.46746764     -1.808152538
v      20.83639196       16.4484868      -1.76309725
v      20.85114818      16.42948049     -1.717133377
v      20.90319257      16.41324492     -1.676836732
v      20.98537576      16.40096606     -1.645238572
v      21.09733114      16.39106624     -1.618565286
v      21.24248273      16.38270153      -1.59470338
v      21.42419177      16.37533916     -1.572287199
v      21.64385666       16.3694734     -1.552465385
v      21.89890157      16.36571245     -1.536763863
v       22.1816838      16.36415949     -1.525630346
v       22.4798472      16.36517902     -1.520262634
v      22.77803888      16.36968831     -1.523262669
v       23.0607603      16.37781374     -1.535339556
v      23.31566116      16.38792878     -1.552916494
v      23.53533386      16.39847463     -1.572449596
v      23.71745784      16.40827154     -1.591170573
v      23.86363457      16.41685743     -1.607929441
v       23.9779313      16.42407229     -1.622235865
v       24.0654464      16.43005902     -1.634298982
v      24.13142077      16.43485026     -1.644059732
v      24.18052223      16.43872031     -1.652053558
v      24.18066024      16.44060103     -1.656559939
v      24.24045903      17.15737227     -1.620408548
v      24.24060304      17.15933477     -1.624697277
v      24.24074704      17.16129727     -1.628986007
v      24.19360429      17.15790114     -1.622925689
v      24.13011542      17.15458003     -1.617504041
v      24.04572915      17.15244952     -1.615293495
v      23.93576484      17.15289545     -1.619461394
v      23.79614197      17.15837993     -1.635511999
v      23.62389349      17.16977989     -1.665449749
v        23.417799      17.18673325     -1.708517974
v      23.17957704      17.20748374     -1.760825024
v      22.91435762      17.22743519     -1.812167981
v      22.63207642      17.24077436     -1.849542111
v       22.3479768      17.24635191     -1.869990711
v      22.07780717      17.24709136     -1.879451683
v       21.8337029      17.24420045     -1.880214653
v      21.62307183      17.23876397     -1.874437486
v      21.44850581      17.23143936     -1.863483039
v      21.30876525      17.22272732     -1.848482614
v      21.20044487      17.21263235     -1.829544874
v      21.12003865      17.20021377     -1.804713927
v      21.06791613      17.18344449     -1.769544821
v       21.0510177       17.1636384     -1.726710174
v      21.06496511      17.14380573      -1.68292187
v      21.11449163      17.12686427     -1.644425089
v      21.19278688      17.11405154     -1.614124582
v      21.29949084      17.10372129      -1.58842969
v      21.43786334       17.0949929      -1.56531941
v      21.61110643      17.08731043     -1.543484694
v      21.82055697      17.08118964     -1.524014962
v      22.06376246      17.07726517     -1.508369644
v      22.33343493      17.07564469     -1.496995869
v      22.61779301      17.07670854     -1.491067638
v      22.90220105      17.08141389     -1.493103632
v       23.1718793       17.0898926     -1.503821353
v      23.41503885      17.10044742     -1.519850393
v      23.62460499      17.11145179     -1.537838083
v      23.79835686      17.12167465     -1.555155985
v      23.93781872      17.13063384     -1.570705159
v      24.04686834      17.13816238     -1.584007734
v      24.13036886      17.14440941     -1.595248754
v      24.19331863      17.14940897     -1.604357606
v      24.24017103      17.15344728      -1.61183109
v      24.24031503      17.15540977     -1.616119819
v      24.30011983      17.87226279     -1.579750777
v      24.30026983      17.87430706     -1.583821855
v      24.30041983      17.87635133     -1.587892933
v       24.2555445      17.87281368     -1.582282262
v      24.19511754      17.86935419     -1.577327395
v      24.11481612      17.86713492     -1.575484251
v      24.01019616      17.86759943     -1.579773924
v      23.87739163      17.87331242     -1.595434247
v       23.7135854      17.88518739     -1.624377118
v      23.51761397      17.90284714     -1.665887887
v      23.29110078      17.92446223     -1.716266806
v      23.03889619      17.94524499     -1.765812184
v      22.77041481      17.95913996     -1.802147874
v      22.50015194      17.96494991     -1.822420783
v      22.24311038      17.96572016     -1.832220398
v      22.01084406       17.9627088     -1.833683646
v      21.81040815      17.95704581     -1.828836675
v      21.64427297        17.949416     -1.818965471
v      21.51126246      17.94034096     -1.805147792
v      21.40813678      17.92982536     -1.787497103
v      21.33155396      17.91688935     -1.764167188
v      21.28185219      17.89942134     -1.730937105
v      21.26564344         17.87879     -1.690323098
v      21.27878204      17.85813097     -1.648710363
v      21.32579069      17.84048361     -1.612013445
v      21.40019799      17.82713702     -1.583010593
v      21.50165053      17.81637635     -1.558294095
v      21.63324395      17.80728427      -1.53593544
v      21.79802108      17.79928169      -1.51468219
v      21.99725728      17.79290587     -1.495564539
v      22.22862336      17.78881788     -1.479975424
v      22.48518606      17.78712988     -1.468361391
v      22.75573882      17.78823806     -1.461872642
v      23.02636322      17.79313947     -1.462944594
v       23.2829983      17.80197146      -1.47230315
v      23.51441655      17.81296606     -1.486784291
v      23.71387612      17.82442895     -1.503226571
v      23.87925589      17.83507776     -1.519141397
v      24.01200287      17.84441025     -1.533480876
v      24.11580537      17.85225248     -1.545779602
v      24.19529133       17.8587598     -1.556198526
v      24.25521648      17.86396767      -1.56465548
v      24.29981982      17.86817425     -1.571608621
v      24.29996982      17.87021852     -1.575679699
v      24.35978062       18.5871533     -1.539093006
v      24.35993662      18.58927934     -1.542946432
v      24.36009263      18.59140538     -1.546799859
v      24.31748471      18.58772623     -1.541638836
v      24.26011966      18.58412836     -1.537150748
v       24.1839031      18.58182031     -1.535675008
v      24.08462748       18.5823034     -1.540086455
v      23.95864128      18.58824492     -1.555356495
v      23.80327732      18.60059489     -1.583304488
v      23.61742895      18.61896102     -1.623257801
v      23.40262452      18.64144072     -1.671708587
v      23.16343477      18.66305479     -1.719456386
v       22.9087532      18.67750556     -1.754753637
v      22.65232707      18.68354791     -1.774850855
v       22.4084136      18.68434897     -1.784989113
v      22.18798521      18.68121715     -1.787152638
v      21.99774446      18.67532764     -1.783235864
v      21.84004013      18.66739264     -1.774447904
v      21.71375967       18.6579546      -1.76181297
v      21.61582868      18.64701838     -1.745449332
v      21.54306927      18.63356492     -1.723620449
v      21.49578825       18.6153982     -1.692329388
v      21.48026917       18.5939416     -1.653936022
v      21.49259898      18.57245621     -1.614498856
v      21.53708975      18.55410296     -1.579601802
v      21.60760911       18.5402225     -1.551896603
v      21.70381022       18.5290314     -1.528158499
v      21.82862456      18.51957564     -1.506551471
v      21.98493574      18.51125296     -1.485879685
v      22.17395758      18.50462211     -1.467114116
v      22.39348425       18.5003706     -1.451581205
v      22.63693719      18.49861508     -1.439726914
v      22.89368463      18.49976759     -1.432677646
v      23.15052539      18.50486505     -1.432785557
v       23.3941173      18.51405032     -1.440784947
v      23.61379424       18.5254847     -1.453718189
v      23.80314725       18.5374061     -1.468615058
v      23.96015491      18.54848087     -1.483126809
v      24.08618702      18.55818666     -1.496256593
v      24.18474241      18.56634258      -1.50755147
v      24.26021379      18.57311019     -1.517148298
v      24.31711434      18.57852638     -1.524953353
v      24.35946861      18.58290122     -1.531386153
v      24.35962462      18.58502726     -1.535239579
v      24.41944141      19.30204381     -1.498435235
v      24.41960342      19.30425162      -1.50207101
v      24.41976542      19.30645943     -1.505706785
v      24.37942492      19.30263878     -1.500995409
v      24.32512177      19.29890253     -1.496974102
v      24.25299008      19.29650571     -1.495865764
v       24.1590588      19.29700738     -1.500398985
v      24.03989094      19.30317742     -1.515278743
v      23.89296923      19.31600238     -1.542231857
v      23.71724393      19.33507491     -1.580627714
v      23.51414825      19.35841921     -1.627150369
v      23.28797335      19.38086459     -1.673100589
v      23.04709159      19.39587116       -1.7073594
v      22.80450221       19.4021459     -1.727280927
v      22.57371681      19.40297777     -1.737757828
v      22.36512636       19.3997255      -1.74062163
v      22.18508078      19.39360947     -1.737635052
v      22.03580729      19.38536928     -1.729930336
v      21.91625688      19.37556824     -1.718478148
v      21.82352058      19.36421139     -1.703401561
v      21.75458458      19.35024049      -1.68307371
v      21.70972432      19.33137505     -1.653721671
v      21.69489491       19.3090932     -1.617548946
v      21.70641591      19.28678144     -1.580287349
v      21.74838881       19.2677223     -1.547190158
v      21.81502023      19.25330798     -1.520782613
v      21.90596991      19.24168646     -1.498022903
v      22.02400517      19.23186701     -1.477167501
v      22.17185039      19.22322423     -1.457077181
v      22.35065789      19.21633834     -1.438663692
v      22.55834514      19.21192331     -1.423186986
v      22.78868832      19.21010027     -1.411092436
v      23.03163044      19.21129711      -1.40348265
v      23.27468756      19.21659063     -1.402626519
v      23.50523631      19.22612917     -1.409266745
v      23.71317194      19.23800335     -1.420652088
v      23.89241838      19.25038326     -1.434003545
v      24.04105393      19.26188398     -1.447112222
v      24.16037116      19.27196307     -1.459032311
v      24.25367945      19.28043268     -1.469323339
v      24.32513625      19.28746058      -1.47809807
v      24.37901219      19.29308509     -1.485251227
v      24.41911741      19.29762818     -1.491163684
v      24.41927941        19.299836     -1.494799459
v      24.47910221      20.01693432     -1.457777464
v      24.47927021       20.0192239     -1.461195587
v      24.47943821      20.02151349     -1.464613711
v      24.44136513      20.01755133     -1.460351982
v      24.39012389       20.0136767     -1.456797456
v      24.32207705      20.01119111     -1.456056521
v      24.23349012      20.01171136     -1.460711516
v       24.1211406      20.01810991      -1.47520099
v      23.98266115      20.03140988     -1.501159227
v      23.81705891      20.05118879     -1.537997628
v      23.62567199       20.0753977     -1.582592151
v      23.41251193      20.09867439     -1.626744791
v      23.18542998      20.11423676     -1.659965163
v      22.95667734       20.1207439     -1.679710999
v      22.73902002      20.12160658     -1.690526543
v      22.54226752      20.11823386     -1.694090623
v       22.3724171       20.1118913     -1.692034241
v      22.23157445      20.10334592     -1.685412769
v      22.11875409      20.09318188     -1.675143325
v      22.03121249      20.08140441      -1.66135379
v       21.9660999      20.06691607     -1.642526971
v      21.92366038      20.04735191     -1.615113955
v      21.90952065       20.0242448      -1.58116187
v      21.92023284      20.00110668     -1.546075841
v      21.95968787      19.98134164     -1.514778514
v      22.02243134      19.96639346     -1.489668624
v       22.1081296      19.95434151     -1.467887308
v      22.21938578      19.94415838     -1.447783531
v      22.35876505       19.9351955     -1.428274676
v      22.52735819      19.92805458     -1.410213269
v      22.72320603      19.92347603     -1.394792767
v      22.94043946      19.92158547     -1.382457959
v      23.16957624      19.92282663     -1.374287654
v      23.39884973      19.92831621     -1.372467482
v      23.61635531      19.93820803     -1.377748542
v      23.81254964      19.95052199     -1.387585986
v       23.9816895      19.96336042     -1.399392033
v      24.12195295      19.97528709     -1.411097634
v      24.23455531      19.98573948     -1.421808028
v      24.32261649      19.99452278     -1.431095207
v      24.39005871      20.00181097     -1.439047841
v      24.44091005      20.00764379     -1.445549101
v       24.4787662      20.01235515     -1.450941216
v       24.4789342      20.01464474      -1.45435934
v        24.538763      20.73182483     -1.417119692
v        24.538937      20.73419619     -1.420320165
v      24.53911101      20.73656754     -1.423520638
v      24.50330534      20.73246387     -1.419708555
v      24.45512601      20.72845086      -1.41662081
v      24.39116403       20.7258765     -1.416247278
v      24.30792144      20.72641534     -1.421024046
v      24.20239025      20.73304241     -1.435123238
v      24.07235307      20.74681737     -1.460086596
v      23.91687388      20.76730268     -1.495367541
v      23.73719573      20.79237618     -1.538033932
v       23.5370505      20.81648419     -1.580388994
v      23.32376837      20.83260235     -1.612570927
v      23.10885248      20.83934189     -1.632141071
v      22.90432323      20.84023539     -1.643295258
v      22.71940867      20.83674221     -1.647559615
v      22.55975342      20.83017313      -1.64643343
v      22.42734162      20.82132256     -1.640895201
v       22.3212513      20.81079551     -1.631808503
v      22.23890439      20.79859742     -1.619306019
v      22.17761521      20.78359164     -1.601980232
v      22.13759645      20.76332876     -1.576506238
v      22.12414639       20.7393964     -1.544774793
v      22.13404978      20.71543192     -1.511864334
v      22.17098693      20.69496099     -1.482366871
v      22.22984246      20.67947894     -1.458554634
v      22.31028929      20.66699656     -1.437751712
v      22.41476639      20.65644976     -1.418399561
v       22.5456797      20.64716676     -1.399472172
v       22.7040585      20.63977081     -1.381762846
v      22.88806692      20.63502874     -1.366398548
v      23.09219059      20.63307066     -1.353823481
v      23.30752205      20.63435615     -1.345092658
v      23.52301191      20.64004179     -1.342308444
v      23.72747431      20.65028689     -1.346230339
v      23.91192733      20.66304063     -1.354519885
v      24.07096063      20.67633758      -1.36478052
v      24.20285198       20.6886902     -1.375083046
v      24.30873946      20.69951589     -1.384583746
v      24.39155353      20.70861288     -1.392867076
v      24.45498117      20.71616137     -1.399997613
v       24.5028079       20.7222025     -1.405846974
v      24.53841499      20.72708212     -1.410718747
v        24.538589      20.72945348      -1.41391922
v      24.56498328      20.79089572     -1.249379856
v      24.56515265      20.79317872     -1.252368374
v      24.56532203      20.79546173     -1.255356892
v      24.53118494      20.79159508     -1.251809419
v      24.48525305      20.78784503      -1.24894255
v       24.4242788      20.78551768     -1.248615579
v      24.34493032      20.78623376     -1.253104502
v      24.24434471      20.79286511     -1.266306242
v      24.12040984      20.80643735     -1.289661223
v      23.97223285      20.82653137     -1.322659374
v      23.80099548      20.85110078     -1.362562258
v      23.61024687      20.87478898     -1.402181411
v      23.40696394      20.89081476     -1.432305457
v      23.20210978      20.89781357     -1.450653266
v      23.00714782      20.89915852      -1.46113877
v      22.83087666        20.896233     -1.465183909
v      22.67867887       20.8902858     -1.464186778
v      22.55244695      20.88207715     -1.459060416
v      22.45130296      20.87219185     -1.450611535
v      22.37278941      20.86064121     -1.438964914
v      22.31434454      20.84633711     -1.422807143
v      22.27616749      20.82692046     -1.399033376
v      22.26331106      20.80390746      -1.36940738
v      22.27271579       20.7808082     -1.338672458
v      22.30789506      20.76100888      -1.31111534
v      22.36397496      20.74596151     -1.288859563
v      22.44064076      20.73375142     -1.269406491
v      22.54021578      20.72334819     -1.251299937
v      22.66499244      20.71409927        -1.233581
v      22.81595281      20.70660234     -1.216990106
v      22.99134802      20.70160015     -1.202580235
v      23.18592179      20.69923105     -1.190768061
v      23.39118396      20.69995869     -1.182541788
v      23.59660364      20.70492292      -1.17986836
v      23.79151837      20.71430367     -1.183460811
v      23.96736329      20.72614743      -1.19113857
v      24.11897818      20.73857449     -1.200665595
v      24.24471917      20.75015654        -1.210241
v      24.34567025       20.7603299     -1.219076542
v      24.42462452      20.76889333     -1.226783188
v      24.48509679      20.77601161     -1.233419982
v      24.53069557      20.78171541     -1.238865748
v      24.56464452      20.78632971      -1.24340282
v       24.5648139      20.78861272     -1.246391338
v      24.59120355      20.84996661      -1.08164002
v       24.5913683      20.85216126     -1.084416584
v      24.59153305      20.85435592     -1.087193147
v      24.55906455      20.85072628     -1.083910284
v      24.51538009       20.8472392      -1.08126429
v      24.45739357      20.84515886     -1.080983881
v       24.3819392      20.84605218     -1.085184958
v      24.28629916      20.85268782     -1.097489246
v      24.16846661      20.86605733      -1.11923585
v      24.02759181      20.88576006     -1.149951206
v      23.86479522      20.90982537     -1.187090584
v      23.68344323      20.93309377     -1.223973829
v      23.49015951      20.94902716     -1.252039986
v      23.29536709      20.95628525      -1.26916546
v      23.10997241      20.95808166     -1.278982283
v      22.94234466      20.95572379     -1.282808203
v      22.79760432      20.95039847     -1.281940127
v      22.67755228      20.94283175      -1.27722563
v      22.58135462      20.93358819     -1.269414566
v      22.50667443        20.922685      -1.25862381
v      22.45107388      20.90908257     -1.243634053
v      22.41473853      20.89051215     -1.221560513
v      22.40247574      20.86841852     -1.194039966
v      22.41138179      20.84618448     -1.165480582
v      22.44480318      20.82705678     -1.139863808
v      22.49810745      20.81244409     -1.119164491
v      22.57099222      20.80050628      -1.10106127
v      22.66566516      20.79024662     -1.084200313
v      22.78430519      20.78103178     -1.067689828
v      22.92784712      20.77343386     -1.052217367
v      23.09462912      20.76817156     -1.038761921
v      23.27965299      20.76539144     -1.027712641
v      23.47484588      20.76556122     -1.019990918
v      23.67019537      20.76980405     -1.017428276
v      23.85556243      20.77832045     -1.020691282
v      24.02279924      20.78925423     -1.027757255
v      24.16699573      20.80081139     -1.036550669
v      24.28658636      20.81162288     -1.045398954
v      24.38260105      20.82114391     -1.053569338
v      24.45769552      20.82917378     -1.060699301
v      24.51521241      20.83586186     -1.066842351
v      24.55858325      20.84122831     -1.071884522
v      24.59087406       20.8455773     -1.076086893
v      24.59103881      20.84777196     -1.078863457
v      24.61742383       20.9090375    -0.9139001842
v      24.61758395       20.9111438    -0.9164647932
v      24.61774408      20.91325011    -0.9190294022
v      24.58694415      20.90985748    -0.9160111477
v      24.54550713      20.90663337    -0.9135860305
v      24.49050834      20.90480004    -0.9133521831
v      24.41894808      20.90587061     -0.917265414
v      24.32825361      20.91251052    -0.9286722492
v      24.21652338      20.92567731    -0.9488104766
v      24.08295077      20.94498875    -0.9772430385
v      23.92859497      20.96854996      -1.01161891
v      23.75663959      20.99139856     -1.045766246
v      23.57335508      21.00723956     -1.071774516
v      23.38862439      21.01475693     -1.087677654
v      23.21279701      21.01700479     -1.096825795
v      23.05381265      21.01521458     -1.100432497
v      22.91652977      21.01051113     -1.099693475
v      22.80265761      21.00358635     -1.095390845
v      22.71140628      20.99498452     -1.088217598
v      22.64055945      20.98472878     -1.078282705
v      22.58780322      20.97182803     -1.064460964
v      22.55330957      20.95410385     -1.044087651
v      22.54164042      20.93292957     -1.018672553
v       22.5500478      20.91156075    -0.9922887061
v      22.58171131      20.89310467    -0.9686122771
v      22.63223994      20.87892666    -0.9494694187
v      22.70134368      20.86726114    -0.9327160491
v      22.79111455      20.85714506    -0.9171006894
v      22.90361793      20.84796428    -0.9017986554
v      23.03974144      20.84026539    -0.8874446271
v      23.19791022      20.83474296    -0.8749436081
v      23.37338419      20.83155183    -0.8646572203
v      23.55850779      20.83116376    -0.8574400474
v       23.7437871      20.83468519    -0.8549881916
v      23.91960649      20.84233722    -0.8579217532
v      24.07823519      20.85236103    -0.8643759405
v      24.21501328       20.8630483    -0.8724357437
v      24.32845356      20.87308922    -0.8805569084
v      24.41953184      20.88195792    -0.8880621346
v      24.49076651      20.88945423    -0.8946154132
v      24.54532803      20.89571211    -0.9002647203
v      24.58647092      20.90074122     -0.904903296
v      24.61710359      20.90482489    -0.9087709661
v      24.61726371       20.9069312    -0.9113355752
v      24.64364411      20.96810839    -0.7461603481
v       24.6437996      20.97012634    -0.7485130026
v       24.6439551       20.9721443    -0.7508656571
v      24.61482375      20.96898868    -0.7481120118
v      24.57563417      20.96602754    -0.7459077706
v      24.52362312      20.96444122     -0.745720485
v      24.45595696      20.96568903      -0.74934587
v      24.37020806      20.97233323    -0.7598552528
v      24.26458015      20.98529729    -0.7783851033
v      24.13830973      21.00421745    -0.8045348709
v      23.99239472      21.02727455    -0.8361472364
v      23.82983595      21.04970335     -0.867558664
v      23.65655064      21.06545197    -0.8915090461
v      23.48188169      21.07322861     -0.906189848
v       23.3156216      21.07592793    -0.9146693077
v      23.16528065      21.07470537    -0.9180567915
v      23.03545521       21.0706238    -0.9174468239
v      22.92776294      21.06434095    -0.9135560591
v      22.84145794      21.05638086    -0.9070206297
v      22.77444446      21.04677257    -0.8979416006
v      22.72453256       21.0345735    -0.8852878742
v      22.69188061      21.01769555    -0.8666147886
v      22.68080509      20.99744063    -0.8433051394
v      22.68871381      20.97693703    -0.8190968301
v      22.71861944      20.95915256    -0.7973607459
v      22.76637244      20.94540924    -0.7797743467
v      22.83169514        20.934016     -0.764370828
v      22.91656394      20.92404349    -0.7500010655
v      23.02293067      20.91489679    -0.7359074833
v      23.15163575      20.90709692    -0.7226718875
v      23.30119132      20.90131437     -0.711125295
v       23.4671154      20.89771222       -0.7016018
v       23.6421697      20.89676629    -0.6948891771
v      23.81737883      20.89956632    -0.6925481074
v      23.98365055        20.906354    -0.6951522245
v      24.13367115      20.91546784    -0.7009946259
v      24.26303083      20.92528521    -0.7083208183
v      24.37032075      20.93455556    -0.7157148626
v      24.45646263      20.94277193    -0.7225549308
v      24.52383751      20.94973468    -0.7285315258
v      24.57544364      20.95556236    -0.7336870894
v       24.6143586      20.96025413    -0.7379220699
v      24.64333312      20.96407248    -0.7414550391
v      24.64348862      20.96609044    -0.7438076936
v      24.66986439      21.02717928    -0.5784205121
v      24.67001525      21.02910888     -0.580561212
v      24.67016612      21.03103849     -0.582701912
v      24.64270335      21.02811988    -0.5802128759
v       24.6057612      21.02542171    -0.5782295107
v      24.55673789       21.0240824    -0.5780887868
v      24.49296583      21.02550746     -0.581426326
v      24.41216252      21.03215593    -0.5910382565
v      24.31263692      21.04491727    -0.6079597301
v      24.19366869      21.06344614    -0.6318267034
v      24.05619447      21.08599915    -0.6606755623
v      23.90303232      21.10800814    -0.6893510815
v      23.73974621      21.12366437     -0.711243576
v        23.575139      21.13170028    -0.7247020422
v      23.41844619      21.13485106    -0.7325128202
v      23.27674864      21.13419617    -0.7356810857
v      23.15438066      21.13073646    -0.7352001724
v      23.05286828      21.12509555    -0.7317212736
v       22.9715096       21.1177772    -0.7258236614
v      22.90832948      21.10881636    -0.7176004961
v      22.86126189      21.09731896    -0.7061147847
v      22.83045165      21.08128725    -0.6891419263
v      22.81996977      21.06195169    -0.6679377259
v      22.82737982      21.04231331    -0.6459049541
v      22.85552756      21.02520046    -0.6261092146
v      22.90050493      21.01189181    -0.6100792748
v      22.96204661      21.00077086     -0.596025607
v      23.04201332      20.99094193    -0.5829014416
v      23.14224341      20.98182929    -0.5700163111
v      23.26353006      20.97392844    -0.5578991478
v      23.40447241      20.96788578    -0.5473069818
v       23.5608466      20.96387261    -0.5385463798
v      23.72583162      20.96236883    -0.5323383068
v      23.89097056      20.96444745    -0.5301080233
v       24.0476946      20.97037078    -0.5323826958
v       24.1891071      20.97857464    -0.5376133112
v      24.31104838      20.98752212    -0.5442058928
v      24.41218794       20.9960219    -0.5508728169
v      24.49339343      21.00358594    -0.5570477271
v       24.5569085      21.01001513    -0.5624476383
v      24.60555926      21.01541261    -0.5671094585
v      24.64224627      21.01976703    -0.5709408437
v      24.66956265      21.02332007    -0.5741391121
v      24.66971352      21.02524968    -0.5762798121
v      24.69608467      21.08625017     -0.410680676
v       24.6962309      21.08809142    -0.4126094214
v      24.69637714      21.08993268    -0.4145381669
v      24.67058295      21.08725108      -0.41231374
v      24.63588824      21.08481588    -0.4105512508
v      24.58985266      21.08372358    -0.4104570887
v      24.52997471      21.08532588    -0.4135067821
v      24.45411697      21.09197864    -0.4222212601
v      24.36069369      21.10453725    -0.4375343568
v      24.24902765      21.12267483    -0.4591185358
v      24.11999421      21.14472374    -0.4852038883
v      23.97622868      21.16631293    -0.5111434991
v      23.82294178      21.18187677    -0.5309781058
v       23.6683963      21.19017196    -0.5432142363
v      23.52127078       21.1937742    -0.5503563327
v      23.38821664      21.19368696    -0.5533053798
v      23.27330611      21.19084913     -0.552953521
v      23.17797361      21.18585015     -0.549886488
v      23.10156126      21.17917353    -0.5446266931
v       23.0422145      21.17086014    -0.5372593915
v      22.99799123      21.16006443    -0.5269416951
v      22.96902269      21.14487894     -0.511669064
v      22.95913445      21.12646275    -0.4925703124
v      22.96604583      21.10768958    -0.4727130781
v      22.99243569      21.09124835    -0.4548576833
v      23.03463742      21.07837438    -0.4403842028
v      23.09239807      21.06752572    -0.4276803859
v      23.16746271      21.05784036    -0.4158018177
v      23.26155615       21.0487618    -0.4041251389
v      23.37542437      21.04075997    -0.3931264082
v      23.50775351      21.03445719    -0.3834886686
v       23.6545778        21.030033    -0.3754909595
v      23.80949353      21.02797136    -0.3697874366
v      23.96456229      21.02932858    -0.3676679391
v      24.11173866      21.03438755    -0.3696131672
v      24.24454305      21.04168144    -0.3742319965
v      24.35906592      21.04975903    -0.3800909673
v      24.45405513      21.05748825    -0.3860307711
v      24.53032422      21.06439995    -0.3915405233
v       24.5899795      21.07029558    -0.3963637508
v      24.63567488      21.07526286    -0.4005318275
v      24.67013395      21.07927994    -0.4039596175
v      24.69579219      21.08256766    -0.4068231851
v      24.69593843      21.08440892    -0.4087519306
v      24.72230494      21.14532106      -0.24294084
v      24.72244655      21.14707396    -0.2446576309
v      24.72258817      21.14882687    -0.2463744218
v      24.69846255      21.14638228    -0.2444146041
v      24.66601528      21.14421005    -0.2428729909
v      24.62296743      21.14336476    -0.2428253905
v      24.56698359      21.14514431    -0.2455872381
v      24.49607142      21.15180135    -0.2534042637
v      24.40875046      21.16415723    -0.2671089836
v      24.30438662      21.18190352    -0.2864103683
v      24.18379396      21.20344833    -0.3097322143
v      24.04942504      21.22461772    -0.3329359166
v      23.90613735      21.24008917    -0.3507126357
v       23.7616536      21.24864364    -0.3617264305
v      23.62409538      21.25269733    -0.3681998452
v      23.49968463      21.25317775     -0.370929674
v      23.39223156       21.2509618    -0.3707068695
v      23.30307894      21.24660474    -0.3680517025
v      23.23161292      21.24056987    -0.3634297248
v      23.17609952      21.23290393    -0.3569182869
v      23.13472057      21.22280989    -0.3477686056
v      23.10759373      21.20847064    -0.3341962017
v      23.09829912       21.1909738    -0.3172028989
v      23.10471184      21.17306586    -0.2995212021
v      23.12934382      21.15729624    -0.2836061521
v      23.16876992      21.14485696    -0.2706891309
v      23.22274953      21.13428058    -0.2593351649
v      23.29291209      21.12473879    -0.2487021938
v      23.38086889      21.11569431    -0.2382339668
v      23.48731869       21.1075915    -0.2283536685
v      23.61103461      21.10102859    -0.2196703554
v      23.74830901      21.09619339    -0.2124355393
v      23.89315544       21.0935739    -0.2072365663
v      24.03815402      21.09420972    -0.2052278549
v      24.17578272      21.09840433    -0.2068436385
v        24.299979      21.10478824    -0.2108506818
v      24.40708347      21.11199593    -0.2159760419
v      24.49592233      21.11895459    -0.2211887254
v      24.56725502      21.12521396    -0.2260333196
v      24.62305049      21.13057603    -0.2302798633
v       24.6657905       21.1351131    -0.2339541966
v      24.69802162      21.13879285    -0.2369783914
v      24.72202172      21.14181525    -0.2395072581
v      24.72216333      21.14356816     -0.241224049
v      24.74866221       21.2060565   -0.07670584027
v      24.74852522      21.20439195   -0.07520100389
v      24.74879919      21.20772105   -0.07821067665
v      24.72634215      21.20551349   -0.07651546817
v      24.69614232      21.20360421   -0.07519473103
v       24.6560822      21.20300594   -0.07519369234
v      24.60399247      21.20496273   -0.07766769406
v      24.53802587      21.21162405   -0.08458726736
v      24.45680723      21.22377721   -0.09668361037
v      24.35974558      21.24113221    -0.1137022007
v      24.24759371      21.26217293    -0.1342605402
v       24.1226214      21.28292251    -0.1547283342
v      23.98933292      21.29830158    -0.1704471655
v      23.85491091      21.30711532    -0.1802386247
v      23.72691997      21.31162047    -0.1860433578
v      23.61115263      21.31266854    -0.1885539681
v      23.51115701      21.31107446     -0.188460218
v      23.42818427      21.30735934     -0.186216917
v      23.36166458       21.3019662    -0.1822327565
v      23.30998454      21.29494772    -0.1765771824
v       23.2714499      21.28555536     -0.168595516
v      23.24616478      21.27206234    -0.1567233394
v       23.2374638      21.25548486    -0.1418354853
v      23.24337785      21.23844214    -0.1263293261
v      23.26625194      21.22334414    -0.1123546208
v      23.30290241      21.21133953    -0.1009940589
v      23.35310099      21.20103544    -0.0909899438
v      23.41836148      21.19163723   -0.08160256996
v      23.50018164      21.18262681   -0.07234279461
v        23.599213      21.17442302   -0.06358092884
v      23.71431571          21.1676   -0.05585204221
v      23.84204021      21.16235378   -0.04938011905
v      23.97681736      21.15917643     -0.044685696
v      24.11174575      21.15909085    -0.0427877707
v      24.23982678      21.16242111   -0.04407410982
v      24.35541496      21.16789504   -0.04746936709
v      24.45510102      21.17423284   -0.05186111641
v      24.53778952      21.18042093   -0.05634667965
v      24.60418581      21.18602796   -0.06052611585
v      24.65612148      21.19085648   -0.06419597579
v      24.69590612      21.19496335   -0.06737656568
v       24.7259093      21.19830575   -0.06999716522
v      24.74825125      21.20106284   -0.07219133114
v      24.74838824       21.2027274   -0.07369616751
v      24.77487786      21.26503904    0.09124595031
v       24.7747455      21.26346284    0.09253883216
v      24.77501021      21.26661524    0.08995306846
v      24.75422176      21.26464469    0.09138366773
v      24.72626936      21.26299838    0.09248352887
v      24.68919697      21.26264712    0.09243800582
v      24.64100135      21.26478116    0.09025184993
v      24.57998033      21.27144676      0.084229729
v        24.504864      21.28339719    0.07374176287
v      24.41510454      21.30036091    0.05900596685
v      24.31139346      21.32089752     0.0412111338
v      24.19581776       21.3412273    0.02347924825
v      24.07252849      21.35651398   0.009818304593
v      23.94816821      21.36558699   0.001249181193
v      23.82974456       21.3705436  -0.003886870301
v      23.72262062      21.37215933   -0.00617826227
v      23.63008246      21.37118713  -0.006213566477
v       23.5532896      21.36811394  -0.004382131483
v      23.49171624      21.36336254  -0.001035788166
v      23.44386956      21.35699151   0.003763922182
v      23.40817924      21.34830082    0.01057757349
v      23.38473582      21.33565403     0.0207495229
v      23.37662848      21.31999592    0.03353192818
v      23.38204386      21.30381842     0.0468625499
v      23.40316007      21.28939203    0.05889691045
v       23.4370349      21.27782211      0.068701013
v      23.48345246       21.2677903    0.07735527726
v      23.54381087      21.25853566    0.08549705392
v      23.61949438      21.24955932    0.09354837755
v      23.71110731      21.24125455     0.1011918108
v      23.81759681      21.23417141      0.107966271
v      23.93577141      21.22851417     0.1136753012
v      24.06047927      21.22477897     0.1178651743
v      24.18533748      21.22397198     0.1196523135
v      24.30387084      21.22643789     0.1186954189
v      24.41085091      21.23100184     0.1159119476
v      24.50311857      21.23646975     0.1122538091
v      24.57965671      21.24188727     0.1084953661
v      24.64111661      21.24684197     0.1049810879
v      24.68919248      21.25113694     0.1018879117
v      24.72602174       21.2548136    0.09920106525
v      24.75379697      21.25781866    0.09698406093
v      24.77448078      21.26031043    0.09512459587
v      24.77461314      21.26188664    0.09383171402
v      24.80109351      21.32402158     0.2591977409
v      24.80096578      21.32253373     0.2602786682
v      24.80122124      21.32550943     0.2581168136
v      24.78210136      21.32377589     0.2592828036
v       24.7563964      21.32239255     0.2601617888
v      24.72231174       21.3222883      0.260069704
v      24.67801023      21.32459958     0.2581713939
v      24.62193478      21.33126946     0.2530467254
v      24.55292077      21.34301717     0.2441671361
v       24.4704635       21.3595896     0.2317141344
v      24.37519321      21.37962211     0.2166828078
v      24.26901413      21.39953209     0.2016868307
v      24.15572406      21.41472638     0.1900837747
v      24.04142552      21.42405867      0.182736987
v      23.93256915      21.42946674     0.1782696172
v      23.83408862      21.43165012     0.1761974436
v      23.74900791      21.43129979      0.176033085
v      23.67839494      21.42886854      0.177452654
v       23.6217679      21.42475888     0.1801611801
v      23.57775458      21.41903529     0.1841050267
v      23.54490858      21.41104629      0.189750663
v      23.52330686      21.39924573     0.1982223852
v      23.51579315      21.38450697     0.2088993417
v      23.52070987      21.36919469     0.2200544259
v       23.5400682      21.35543992     0.2301484417
v       23.5711674      21.34430468     0.2383960849
v      23.61380392      21.33454516     0.2457004983
v      23.66926025       21.3254341     0.2525966778
v      23.73880712      21.31649182     0.2594395497
v      23.82300163      21.30808608     0.2659645505
v      23.92087791      21.30074282     0.2717845842
v      24.02950261      21.29467456     0.2767307214
v      24.14414118       21.2903815     0.2804160446
v      24.25892921      21.28885312     0.2820923977
v       24.3679149      21.29045466     0.2814649475
v      24.46628686      21.29410864     0.2792932623
v      24.55113612      21.29870666     0.2763687345
v      24.62152391      21.30335361     0.2733374119
v       24.6780474      21.30765598     0.2704882916
v      24.72226347      21.31141739     0.2679717992
v      24.75613735      21.31466385     0.2657786962
v      24.78168465      21.31733157     0.2639652871
v      24.80071032      21.31955802     0.2624405229
v      24.80083805      21.32104588     0.2613595955
v      24.82730916      21.38300412     0.4271495315
v      24.82718605      21.38160462     0.4280185043
v      24.82743226      21.38440362     0.4262805587
v      24.80998096      21.38290709     0.4271819395
v      24.78652344      21.38178672     0.4278400487
v      24.75542651      21.38192948     0.4277014021
v      24.71501911      21.38441801     0.4260909379
v      24.66388923      21.39109217     0.4218637217
v      24.60097754      21.40263715     0.4145925093
v      24.52582246      21.41881829      0.404422302
v      24.43899295       21.4383467     0.3921544819
v      24.34221049      21.45783688     0.3798944132
v      24.23891963      21.47293879     0.3703492449
v      24.13468282      21.48253035     0.3642247929
v      24.03539375      21.48838987     0.3604261046
v      23.94555661      21.49114091     0.3585731494
v      23.86793336      21.49141246     0.3582797365
v      23.80350027      21.48962314     0.3592874396
v      23.75181956      21.48615521     0.3613581484
v      23.71163959      21.48107908     0.3644461313
v      23.68163792      21.47379175     0.3689237526
v       23.6618779      21.46283743     0.3756952475
v      23.65495783      21.44901803     0.3842667552
v      23.65937587      21.43457097     0.3932463019
v      23.67697632      21.42148782      0.401399973
v      23.70529989      21.41078725     0.4080911569
v      23.74415538      21.40130002     0.4140457194
v      23.79470964      21.39233253     0.4196963017
v      23.85811986      21.38342433     0.4253307219
v      23.93489594       21.3749176     0.4307372901
v        24.024159      21.36731422     0.4356028973
v      24.12323382      21.36083495     0.4397861417
v       24.2278031      21.35598404     0.4429669148
v      24.33252094      21.35373425     0.4445324819
v      24.43195896      21.35447144     0.4442344762
v      24.52172282      21.35721544      0.442674577
v      24.59915367      21.36094357       0.44048366
v       24.6633911      21.36481995     0.4381794576
v      24.71497819      21.36846999     0.4359954954
v      24.75533447      21.37169784     0.4340556867
v      24.78625297       21.3745141     0.4323563271
v      24.80957232      21.37684447     0.4309465133
v      24.82693985      21.37880561     0.4297564499
v      24.82706295      21.38020511     0.4288874771
v      24.85352481      21.44198666     0.5951013221
v      24.85340633      21.44067551     0.5957583403
v      24.85364328      21.44329781     0.5944443038
v      24.83786056      21.44203829     0.5950810754
v      24.81665048      21.44118089     0.5955183086
v      24.78854128      21.44157066     0.5953331003
v      24.75202798      21.44423643     0.5940104819
v      24.70584368      21.45091487     0.5906807181
v      24.64903431      21.46225713     0.5850178826
v      24.58118142      21.47804698     0.5771304695
v       24.5027927       21.4970713     0.5676261559
v      24.41540685      21.51614167     0.5581019956
v       24.3221152      21.53115119      0.550614715
v      24.22794012      21.54100203     0.5457125987
v      24.13821834      21.54731301     0.5425825921
v      24.05702461      21.55063171     0.5409488553
v      23.98685881      21.55152512      0.540526388
v       23.9286056      21.55037774     0.5411222251
v      23.88187122      21.54755155     0.5425551168
v      23.84552461      21.54312287     0.5447872359
v      23.81836725      21.53653722     0.5480968421
v      23.80044894      21.52642913     0.5531681098
v      23.79412251      21.51352909     0.5596341687
v      23.79804188      21.49994725     0.5664381779
v      23.81388445      21.48753571     0.5726515042
v      23.83943239      21.47726983     0.5777862288
v      23.87450685      21.46805488     0.5823909404
v      23.92015902      21.45923096     0.5867959256
v       23.9774326      21.45035684      0.591221894
v      24.04679025      21.44174913     0.5955100298
v       24.1274401      21.43388563     0.5994212105
v      24.21696502      21.42699534     0.6028415619
v      24.31146501      21.42158657     0.6055177851
v      24.40611267      21.41861538      0.606972566
v      24.49600302      21.41848822     0.6070040049
v      24.57715877      21.42032224     0.6060558917
v      24.64717122      21.42318047     0.6045985854
v      24.70525829      21.42628629     0.6030215033
v      24.75190899        21.429284     0.6015026991
v      24.78840546      21.43197829     0.6001395742
v      24.81636859      21.43436434      0.598933958
v         24.83746      21.43635738     0.5979277394
v      24.85316938       21.4380532     0.5970723769
v      24.85328786      21.43936435     0.5964153586
v      24.87974046       21.5009692     0.7630531127
v      24.87962661       21.4997464     0.7634981764
v       24.8798543        21.502192     0.7626080489
v      24.86574016      21.50116949     0.7629802113
v      24.84677751      21.50057506     0.7631965684
v      24.82165605      21.50121184     0.7629647985
v      24.78903686      21.50405485     0.7619300259
v      24.74779813      21.51073758     0.7594977145
v      24.69709108      21.52187711     0.7554432558
v      24.63654039      21.53727567     0.7498386371
v      24.56659245      21.55579589     0.7430978299
v      24.48860321      21.57444646      0.736309578
v      24.40531077      21.58936359     0.7308801852
v      24.32119743      21.59947371     0.7272004046
v      24.24104293      21.60623614     0.7247390796
v       24.1684926       21.6101225     0.7233245611
v      24.10578426      21.61163779     0.7227730395
v      24.05371093      21.61113233     0.7229570106
v      24.01192288      21.60894789     0.7237520851
v      23.97940963      21.60516665     0.7251283404
v      23.95509659      21.59928268     0.7272699316
v      23.93901998      21.59002082     0.7306409721
v      23.93328718      21.57804015     0.7350015823
v      23.93670789      21.56532352     0.7396300539
v      23.95079258       21.5535836     0.7439030355
v      23.97356488       21.5437524     0.7474813008
v      24.00485831      21.53480974     0.7507361615
v      24.04560841       21.5261294     0.7538955494
v      24.09674534      21.51728934     0.7571130662
v      24.15868456      21.50858065     0.7602827695
v       24.2307212      21.50045704     0.7632395237
v      24.31069622      21.49315573     0.7658969822
v      24.39512692      21.48718911     0.7680686554
v       24.4797044      21.48349651     0.7694126502
v      24.56004707      21.48250499     0.7697735335
v      24.63259472      21.48342905     0.7694372064
v      24.69518876      21.48541738     0.7687135109
v      24.74712549      21.48775263     0.7678635491
v      24.78883978      21.49009801     0.7670099029
v      24.82147646      21.49225874     0.7662234617
v      24.84648421      21.49421459      0.765511589
v      24.86534767      21.49587029     0.7649089656
v      24.87939891      21.49730079     0.7643883039
v      24.87951276      21.49852359     0.7639432401
v      24.87968353       21.5003578     0.7632756445
v      24.86564204      21.49984469     0.7634623999
v      24.84670419      21.49898494     0.7637753236
v      24.82161115      21.49897356     0.7637794643
v      24.78898759      21.50056564     0.7631999952
v      24.74762997      21.50499134     0.7615891731
v       24.6966155      21.51276218     0.7587608196
v      24.63555397      21.52381402     0.7547382794
v       24.5649561      21.53747316     0.7497667558
v      24.48637851      21.55170897     0.7445853461
v      24.40276481      21.56381997     0.7401773027
v      24.31857213      21.57289421      0.736874549
v       24.2384625      21.57979136     0.7343641906
v      24.16604059      21.58473704     0.7325641132
v      24.10352453      21.58805068     0.7313580462
v       24.0516853       21.5898816     0.7306916453
v      24.01015673      21.59041335     0.7304981042
v      23.97794844      21.58981309     0.7307165805
v      23.95402059      21.58785791     0.7314282076
v      23.93844196       21.5838465     0.7328882426
v      23.93728591      21.57149785     0.7373827835
v      23.95186858      21.56500837     0.7397447595
v      23.97502607      21.55910596     0.7418930607
v      24.00662445      21.55334428     0.7439901424
v      24.04763404      21.54738013     0.7461609147
v      24.09900507      21.54087645     0.7485280595
v      24.16113657      21.53396612     0.7510432174
v      24.23330163      21.52690181     0.7536144127
v      24.31332152      21.51973523     0.7562228378
v      24.39767289      21.51273273     0.7587715378
v       24.4819291        21.506234     0.7611368822
v      24.56168342      21.50082772     0.7631046076
v      24.63358114       21.4968907      0.764537564
v      24.69566434      21.49453231     0.7653959471
v      24.74729365      21.49349887     0.7657720904
v      24.78888905      21.49358722     0.7657399336
v      24.82152136      21.49449701     0.7654087959
v      24.84655753      21.49580471     0.7649328338
v       24.8654458      21.49719509      0.764426777
v      24.87956969        21.499135     0.7637207083
v      24.86554392      21.49851989     0.7639445885
v      24.84663086      21.49739482     0.7643540787
v      24.82156625      21.49673529     0.7645941301
v      24.78893832      21.49707643     0.7644699644
v      24.74746181       21.4992451     0.7636806318
v      24.69613992      21.50364725     0.7620783834
v      24.63456755      21.51035236     0.7596379217
v      24.56331976      21.51915044     0.7564356817
v      24.48415381      21.52897149     0.7528611141
v      24.40021885      21.53827635     0.7494744203
v      24.31594682      21.54631472     0.7465486934
v      24.23588207      21.55334659     0.7439893017
v      24.16358858      21.55935158     0.7418036653
v       24.1012648      21.56446357     0.7399430528
v      24.04965967      21.56863087       0.73842628
v      24.00839059      21.57187881     0.7372441233
v      23.97648726      21.57445953     0.7363048206
v      23.95294458      21.57643314     0.7355864836
v      23.93786394      21.57767217      0.735135513
v      22.86826079    -0.7148905114     -2.555537284
v      22.86826679    -0.7149722823     -2.564831994
v      22.86827279    -0.7150540531     -2.574126704
v      22.76897945    -0.7149125474     -2.557724503
v       22.6350667    -0.7147741677     -2.541566901
v      22.45672867    -0.7146853967     -2.530906093
v      22.22384448    -0.7147039771     -2.532273195
v      21.92739986    -0.7149324969       -2.5573003
v      21.56097943    -0.7154074956     -2.610120251
v      21.12205451    -0.7161138855     -2.689009965
v      20.61453108    -0.7169784891     -2.785664044
v      20.04997033    -0.7178097995     -2.878351324
v      19.45029344    -0.7183655984     -2.939609557
v       18.8479487    -0.7185979964     -2.964099055
v      18.27583332    -0.7186288065     -2.965771239
v      17.75945637     -0.718508352      -2.95042783
v      17.31433652    -0.7182818322     -2.923256146
v      16.94586111    -0.7179766399     -2.887387092
v      16.65132941    -0.7176136384     -2.845183527
v       16.4235311    -0.7171930145     -2.796643608
v      16.25518646    -0.7166755738      -2.73728892
v      16.14738665    -0.7159768538     -2.657522304
v      16.11462574    -0.7151516001     -2.563612924
v      16.14717564    -0.7143252387     -2.469786536
v      16.25461327    -0.7136193445     -2.389892891
v      16.42233119    -0.7130854807     -2.329746341
v      16.64981793    -0.7126550539     -2.281548389
v      16.94410932    -0.7122913709     -2.241150717
v      17.31206935    -0.7119712677     -2.205942297
v      17.75644993    -0.7117162349     -2.178374695
v      18.27196195    -0.7115527152     -2.161436685
v      18.84315892    -0.7114851953     -2.155588853
v      19.44503943    -0.7115295225     -2.162552547
v      20.04647112    -0.7117255789     -2.186761494
v      20.61614224    -0.7120788583     -2.228740017
v      21.12935184    -0.7125186424      -2.28037073
v      21.57136904    -0.7129771579     -2.333902873
v      21.93767935    -0.7134031103     -2.383491508
v      22.23158334    -0.7137764101     -2.426863657
v      22.46131645    -0.7140900994      -2.46325476
v      22.63715225     -0.714350392     -2.493404004
v      22.76966798    -0.7145587069     -2.517506511
v      22.86824879    -0.7147269698     -2.536947864
v      22.86825479    -0.7148087406     -2.546242574
v      22.92792159     -1.429781023     -2.514879513
v      22.92793359     -1.429944565     -2.523956572
v      22.92794559     -1.430108106      -2.53303363
v      22.83091966     -1.429825095     -2.517081077
v      22.70006881     -1.429548335     -2.501390255
v      22.52581564     -1.429370793      -2.49109685
v       22.2982758     -1.429407954     -2.492585726
v      22.00864952     -1.429864994     -2.517222548
v      21.65067135     -1.430814991      -2.56904762
v      21.22186949     -1.432227771     -2.646379878
v      20.72605482     -1.433956978     -2.741105826
v      20.17450891     -1.435619599     -2.831995526
v      19.58863183     -1.436731197      -2.89221532
v      19.00012383     -1.437195993     -2.916529127
v      18.44113653     -1.437257613     -2.918539954
v      17.93659753     -1.437016704     -2.903896822
v      17.50167284     -1.436563664     -2.877655334
v      17.14162827      -1.43595328     -2.842869524
v      16.85382662     -1.435227277     -2.801848705
v        16.631223     -1.434386029     -2.754595837
v      16.46670177     -1.433351148     -2.696742181
v      16.36132271     -1.431953708     -2.618914588
v      16.32925147       -1.4303032     -2.527225848
v      16.36099257     -1.428650477     -2.435575029
v      16.46591233     -1.427238689     -2.357481248
v      16.62974231     -1.426170961     -2.298632351
v      16.85197762     -1.425310108     -2.251412793
v      17.13948993     -1.424582742     -2.211766747
v      17.49898401     -1.423942535     -2.177139793
v      17.93315024      -1.42343247     -2.149924272
v      18.43682284      -1.42310543     -2.133042466
v      18.99491005     -1.422970391     -2.126954375
v      19.58298523     -1.423059045     -2.133357551
v      20.17063329     -1.423451158     -2.156602456
v      20.72726125     -1.424157717     -2.197221814
v      21.22872954     -1.425037285     -2.247304628
v      21.66064017     -1.425954316      -2.29929136
v      22.01857837     -1.426806221      -2.34747692
v      22.30576749      -1.42755282     -2.389639375
v      22.53025349     -1.428180199     -2.425026628
v      22.70207471     -1.428700784     -2.454353775
v      22.83156584     -1.429117414     -2.477804385
v      22.92789759      -1.42945394     -2.496725396
v      22.92790959     -1.429617481     -2.505802455
v      22.98758238     -2.144671534     -2.474221742
v      22.98760038     -2.144916847     -2.483081149
v      22.98761838     -2.145162159     -2.491940557
v      22.89285987     -2.144737642      -2.47643765
v      22.76507093     -2.144322503     -2.461213608
v      22.59490262      -2.14405619     -2.451287607
v      22.37270712     -2.144111931     -2.452898256
v      22.08989918     -2.144797491     -2.477144796
v      21.74036326     -2.146222487     -2.527974989
v      21.32168447     -2.148341656     -2.603749791
v      20.83757855     -2.150935467     -2.696547608
v      20.29904748     -2.153429399     -2.785639729
v      19.72697022     -2.155096795     -2.844821083
v      19.15229897     -2.155793989     -2.868959199
v      18.60643974     -2.155886419     -2.871308669
v      18.11373868     -2.155525056     -2.857365815
v      17.68900915     -2.154845497     -2.832054523
v      17.33739543      -2.15392992     -2.798351957
v      17.05632383     -2.152840915     -2.758513882
v       16.8389149     -2.151579044     -2.712548066
v      16.67821708     -2.150026721     -2.656195442
v      16.57525878     -2.147930561     -2.580306871
v      16.54387721       -2.1454548     -2.490838772
v       16.5748095     -2.142975716     -2.401363521
v      16.67721139     -2.140858033     -2.325069604
v      16.83715343     -2.139256442     -2.267518362
v      17.05413731     -2.137965162     -2.221277197
v      17.33487054     -2.136874113     -2.182382778
v      17.68589866     -2.135913803     -2.148337288
v      18.10985054     -2.135148705     -2.121473848
v      18.60168374     -2.134658146     -2.104648247
v      19.14666118     -2.134455586     -2.098319897
v      19.72093104     -2.134588568     -2.104162555
v      20.29479546     -2.135176737     -2.126443419
v      20.83838025     -2.136236575     -2.165703611
v      21.32810723     -2.137555927     -2.214238527
v       21.7499113     -2.138931474     -2.264679848
v       22.0994774     -2.140209331     -2.311462332
v      22.37995163      -2.14132923     -2.352415092
v      22.59919053     -2.142270298     -2.386798497
v      22.76699717     -2.143051176     -2.415303547
v      22.89346369     -2.143676121     -2.438102258
v      22.98754638     -2.144180909     -2.456502927
v      22.98756438     -2.144426222     -2.465362335
v      23.04724317     -2.859562046     -2.433563971
v      23.04726717     -2.859889129     -2.442205727
v      23.04729117     -2.860216212     -2.450847483
v      22.95480008      -2.85965019     -2.435794223
v      22.83007305     -2.859096671     -2.421036962
v       22.6639896     -2.858741587     -2.411478363
v      22.44713844     -2.858815908     -2.413210786
v      22.17114883     -2.859729988     -2.437067043
v      21.83005518     -2.861629982     -2.486902359
v      21.42149945     -2.864455542     -2.561119705
v      20.94910229     -2.867913957      -2.65198939
v      20.42358606     -2.871239198     -2.739283931
v      19.86530861     -2.873462394     -2.797426846
v       19.3044741     -2.874391985     -2.821389271
v      18.77174295     -2.874515226     -2.824077384
v      18.29087983     -2.874033408     -2.810834807
v      17.87634547     -2.873127329     -2.786453712
v      17.53316259      -2.87190656     -2.753834389
v      17.25882105     -2.870454554      -2.71517906
v      17.04660681     -2.868772058     -2.670500295
v       16.8897324     -2.866702295     -2.615648703
v      16.78919484     -2.863907415     -2.541699154
v      16.75850295       -2.8606064     -2.454451696
v      16.78862644     -2.857300955     -2.367152014
v      16.88851045     -2.854477378     -2.292657961
v      17.04456454     -2.852341923     -2.236404372
v      17.25629701     -2.850620216     -2.191141602
v      17.53025115     -2.849165484     -2.152998808
v      17.87281332     -2.847885071     -2.119534784
v      18.28655085      -2.84686494     -2.093023425
v      18.76654463     -2.846210861     -2.076254028
v      19.29841231     -2.845940781      -2.06968542
v      19.85887685      -2.84611809     -2.074967559
v      20.41895763     -2.846902316     -2.096284381
v      20.94949925     -2.848315433     -2.134185408
v      21.42748493      -2.85007457     -2.181172425
v      21.83918242     -2.851908631     -2.230068335
v      22.18037642     -2.853612441     -2.275447744
v      22.45413578     -2.855105641      -2.31519081
v      22.66812757     -2.856360397     -2.348570365
v      22.83191963     -2.857401568     -2.376253319
v      22.95536155     -2.858234828     -2.398400132
v      23.04719517     -2.858907879     -2.416280459
v      23.04721917     -2.859234962     -2.424922215
v      23.10690397     -3.574452557       -2.3929062
v      23.10693397     -3.574861411     -2.401330304
v      23.10696397     -3.575270265     -2.409754409
v      23.01674029     -3.574562737     -2.395150796
v      22.89507517     -3.573870839     -2.380860316
v      22.73307658     -3.573426984      -2.37166912
v      22.52156976     -3.573519885     -2.373523317
v      22.25239849     -3.574662484     -2.396989291
v      21.91974709     -3.577037478     -2.445829728
v      21.52131442     -3.580569427     -2.518489618
v      21.06062603     -3.584892446     -2.607431171
v      20.54812464     -3.589048998     -2.692928134
v        20.003647     -3.591827992     -2.750032609
v      19.45664924     -3.592989982     -2.773819343
v      18.93704616     -3.593144032     -2.776846099
v      18.46802099      -3.59254176     -2.764303799
v      18.06368179     -3.591409161     -2.740852901
v      17.72892975     -3.589883199     -2.709316822
v      17.46131826     -3.588068192     -2.671844238
v      17.25429871     -3.585965073     -2.628452524
v      17.10124771     -3.583377869     -2.575101964
v      17.00313091     -3.579884269     -2.503091438
v      16.97312869        -3.575758      -2.41806462
v      17.00244337     -3.571626193     -2.332940507
v       17.0998095     -3.568096722     -2.260246317
v      17.25197566     -3.565427404     -2.205290383
v       17.4584567      -3.56327527     -2.161006006
v      17.72563176     -3.561456854     -2.123614838
v      18.05972797     -3.559856339     -2.090732279
v      18.46325116     -3.558581175     -2.064573002
v      18.93140552     -3.557763576     -2.047859808
v      19.45016344     -3.557425977     -2.041050942
v      19.99682266     -3.557647613     -2.045772563
v       20.5431198     -3.558627894     -2.066125344
v      21.06061825     -3.560394291     -2.102667206
v      21.52686262     -3.562593212     -2.148106323
v      21.92845355     -3.564885789     -2.195456823
v      22.26127544     -3.567015552     -2.239433157
v      22.52831993     -3.568882051     -2.277966527
v       22.7370646     -3.570450497     -2.310342233
v       22.8968421      -3.57175196     -2.337203091
v       23.0172594     -3.572793534     -2.358698006
v      23.10684396     -3.573634849      -2.37605799
v      23.10687396     -3.574043703     -2.384482095
v      23.16656476     -4.289343069     -2.352248429
v      23.16660076     -4.289833694     -2.360454882
v      23.16663676     -4.290324318     -2.368661335
v       23.0786805     -4.289475284      -2.35450737
v      22.96007729     -4.288645006      -2.34068367
v      22.80216355      -4.28811238     -2.331859876
v      22.59600108     -4.288223863     -2.333835847
v      22.33364815     -4.289594981     -2.356911539
v      22.00943901     -4.292444974     -2.404757098
v       21.6211294     -4.296683313     -2.475859532
v      21.17214977     -4.301870935     -2.562872953
v      20.67266322     -4.306858797     -2.646572336
v      20.14198539      -4.31019359     -2.702638373
v      19.60882437     -4.311587978     -2.726249415
v      19.10234937     -4.311772839     -2.729614814
v      18.64516214     -4.311050112     -2.717772792
v      18.25101811     -4.309690993     -2.695252089
v      17.92469691     -4.307859839     -2.664799254
v      17.66381547     -4.305681831     -2.628509416
v      17.46199061     -4.303158087     -2.586404753
v      17.31276302     -4.300053443     -2.534555226
v      17.21706697     -4.295861123     -2.464483721
v      17.18775442       -4.2909096     -2.381677543
v       17.2162603     -4.285951432        -2.298729
v      17.31110856     -4.281716067     -2.227834673
v      17.45938678     -4.278512884     -2.174176393
v      17.66061639     -4.275930323     -2.130870411
v      17.92101237     -4.273748225     -2.094230868
v      18.24664263     -4.271827606     -2.061929775
v      18.63995146     -4.270297409     -2.036122579
v      19.09626641     -4.269316291     -2.019465589
v      19.60191457     -4.268911172     -2.012416465
v      20.13476847     -4.269177135     -2.016577567
v      20.66728197     -4.270353473     -2.035966306
v      21.17173726      -4.27247315     -2.071149003
v      21.62624032     -4.275111855     -2.115040222
v      22.01772468     -4.277862947      -2.16084531
v      22.34217446     -4.280418662     -2.203418569
v      22.60250407     -4.282658461     -2.240742244
v      22.80600164     -4.284540596     -2.272114102
v      22.96176456     -4.286102352     -2.298152862
v      23.07915725     -4.287352241      -2.31899588
v      23.16649276     -4.288361819     -2.335835522
v      23.16652876     -4.288852444     -2.344041975
v      23.22622555      -5.00423358     -2.311590657
v      23.22626755     -5.004805976     -2.319579459
v      23.22630955     -5.005378372     -2.327568261
v      23.14062071     -5.004387832     -2.313863943
v      23.02507941     -5.003419174     -2.300507024
v      22.87125053     -5.002797777     -2.292050633
v       22.6704324      -5.00292784     -2.294148378
v       22.4148978     -5.004527478     -2.316833787
v      22.09913093     -5.007852469     -2.363684467
v      21.72094438     -5.012797198     -2.433229445
v       21.2836735     -5.018849424     -2.518314735
v      20.79720179     -5.024668597     -2.600216539
v      20.28032378     -5.028559189     -2.655244136
v      19.76099951     -5.030185975     -2.678679487
v      19.26765258     -5.030401645     -2.682383529
v      18.82230329     -5.029558464     -2.671241784
v      18.43835443     -5.027972826     -2.649651278
v      18.12046407     -5.025836479     -2.620281687
v      17.86631268     -5.023295469     -2.585174593
v      17.66968252     -5.020351102     -2.544356982
v      17.52427833     -5.016729017     -2.494008487
v      17.43100304     -5.011837976     -2.425876004
v      17.40238016       -5.0060612     -2.345290467
v      17.43007724     -5.000276671     -2.264517493
v      17.52240762     -4.995335411      -2.19542303
v      17.66679789     -4.991598365     -2.143062404
v      17.86277608     -4.988585377     -2.100734815
v      18.11639298     -4.986039596     -2.064846898
v      18.43355728     -4.983798874      -2.03312727
v      18.81665177     -4.982013644     -2.007672156
v       19.2611273     -4.980869006      -1.99107137
v       19.7536657     -4.980396367     -1.983781987
v      20.27271427     -4.980706658     -1.987382571
v      20.79144414     -4.982079052     -2.005807269
v      21.28285626     -4.984552008       -2.0396308
v      21.72561802     -4.987630497      -2.08197412
v      22.10699581     -4.990840105     -2.126233797
v      22.42307348     -4.993821772     -2.167403981
v      22.67668822     -4.996434871     -2.203517962
v      22.87493868     -4.998630696      -2.23388597
v      23.02668702     -5.000452744     -2.259102634
v      23.14105511     -5.001910948     -2.279293753
v      23.22614155     -5.003088789     -2.295613054
v      23.22618355     -5.003661184     -2.303601856
v      23.28588634     -5.719124092     -2.270932886
v      23.28593435     -5.719778258     -2.278704037
v      23.28598235     -5.720432425     -2.286475188
v      23.20256092     -5.719300379     -2.273220516
v      23.09008152     -5.718193342     -2.260330378
v      22.94033751     -5.717483174     -2.252241389
v      22.74486372     -5.717631817     -2.254460908
v      22.49614746     -5.719459975     -2.276756035
v      22.18882284     -5.723259965     -2.322611837
v      21.82075936     -5.728911084     -2.390599359
v      21.39519724     -5.735827913     -2.473756516
v      20.92174037     -5.742478396     -2.553860741
v      20.41866217     -5.746924787     -2.607849899
v      19.91317464     -5.748783971     -2.631109559
v       19.4329558     -5.749030452     -2.635152244
v      18.99944445     -5.748066816     -2.624710776
v      18.62569074     -5.746254658     -2.604050467
v      18.31623124     -5.743813119     -2.575764119
v      18.06880989     -5.740909107     -2.541839771
v      17.87737442     -5.737544116     -2.502309211
v      17.73579365      -5.73340459     -2.453461748
v       17.6449391      -5.72781483     -2.387268288
v       17.6170059       -5.7212128     -2.308903391
v      17.64389417     -5.714601909     -2.230305985
v      17.73370668     -5.708954756     -2.163011386
v      17.87420901     -5.704683846     -2.111948414
v      18.06493577     -5.701240431      -2.07059922
v      18.31177359     -5.698330967     -2.035462928
v      18.62047194     -5.695770142     -2.004324766
v      18.99335207     -5.693729879     -1.979221733
v       19.4259882     -5.692421722     -1.962677151
v      19.90541684     -5.691881563      -1.95514751
v      20.41066008      -5.69223618     -1.958187575
v      20.91560631     -5.693804631     -1.975648231
v      21.39397526     -5.696630866     -2.008112597
v      21.82499571      -5.70014914     -2.048908019
v      22.19626694     -5.703817263     -2.091622285
v      22.50397251     -5.707224882     -2.131389393
v      22.75087237     -5.710211281     -2.166293679
v      22.94387572     -5.712720795     -2.195657839
v      23.09160948     -5.714803136     -2.220052406
v      23.20295296     -5.716469655     -2.239591627
v      23.28579034     -5.717815758     -2.255390585
v      23.28583834     -5.718469925     -2.263161736
v      23.34554714     -6.434014603     -2.230275115
v      23.34560114      -6.43475054     -2.237828614
v      23.34565514     -6.435486478     -2.245382114
v      23.26450113     -6.434212926      -2.23257709
v      23.15508364      -6.43296751     -2.220153732
v      23.00942449      -6.43216857     -2.212432146
v      22.81929504     -6.432335794     -2.214773438
v      22.57739712     -6.434392472     -2.236678282
v      22.27851476      -6.43866746     -2.281539206
v      21.92057433     -6.445024969     -2.347969272
v      21.50672098     -6.452806402     -2.429198298
v      21.04627895     -6.460288196     -2.507504944
v      20.55700056     -6.465290386     -2.560455662
v      20.06534978     -6.467381967     -2.583539631
v      19.59825901     -6.467659258     -2.587920959
v       19.1765856     -6.466575168     -2.578179769
v      18.81302706      -6.46453649     -2.558449655
v       18.5119984     -6.461789759     -2.531246552
v       18.2713071     -6.458522746     -2.498504949
v      18.08506632     -6.454737131     -2.460261439
v      17.94730896     -6.450080164     -2.412915009
v      17.85887516     -6.443791684     -2.348660571
v      17.83163164     -6.436364401     -2.272516315
v      17.85771111     -6.428927148     -2.196094478
v      17.94500574       -6.4225741     -2.130599743
v      18.08162013     -6.417769326     -2.080834425
v      18.26709546     -6.413895485     -2.040463624
v       18.5071542     -6.410622338     -2.006078958
v       18.8073866      -6.40774141     -1.975522261
v      19.17005238     -6.405446114     -1.950771309
v      19.59084909     -6.403974437     -1.934282932
v      20.05716797     -6.403366758     -1.926513032
v      20.54860589     -6.403765703     -1.928992579
v      21.03976848      -6.40553021     -1.945489194
v      21.50509426     -6.408709725     -1.976594394
v      21.92437341     -6.412667782     -2.015841917
v      22.28553807     -6.416794421     -2.057010772
v      22.58487153     -6.420627993     -2.095374805
v      22.82505652     -6.423987691     -2.129069397
v      23.01281276     -6.426810894     -2.157429707
v      23.15653194     -6.429153528     -2.181002178
v      23.26485082     -6.431028362     -2.199889501
v      23.34543914     -6.432542728     -2.215168117
v      23.34549314     -6.433278666     -2.222721616
v      23.40520793     -7.148905114     -2.189617344
v      23.40526793     -7.149722823     -2.196953192
v      23.40532793     -7.150540531      -2.20428904
v      23.32644135     -7.149125474     -2.191933663
v      23.22008576     -7.147741677     -2.179977086
v      23.07851146     -7.146853967     -2.172622903
v      22.89372636     -7.147039771     -2.175085969
v      22.65864678     -7.149324969      -2.19660053
v      22.36820667     -7.154074956     -2.240466576
v      22.02038931     -7.161138855     -2.305339186
v      21.61824472     -7.169784891      -2.38464008
v      21.17081753     -7.178097995     -2.461149146
v      20.69533895     -7.183655984     -2.513061425
v      20.21752491     -7.185979964     -2.535969703
v      19.76356222     -7.186288065     -2.540689674
v      19.35372675      -7.18508352     -2.531648761
v      19.00036338     -7.182818322     -2.512848844
v      18.70776556     -7.179766399     -2.486728984
v      18.47380431     -7.176136384     -2.455170126
v      18.29275823     -7.171930145     -2.418213668
v      18.15882427     -7.166755738      -2.37236827
v      18.07281123     -7.159768538     -2.310052854
v      18.04625737     -7.151516001     -2.236129239
v      18.07152804     -7.143252387     -2.161882971
v       18.1563048     -7.136193445     -2.098188099
v      18.28903124     -7.130854807     -2.049720435
v      18.46925516     -7.126550539     -2.010328028
v      18.70253481     -7.122913709     -1.976694988
v      18.99430125     -7.119712677     -1.946719757
v      19.34675269     -7.117162349     -1.922320886
v      19.75570998     -7.115527152     -1.905888712
v       20.2089191     -7.114851953     -1.897878555
v       20.6865517     -7.115295225     -1.899797583
v      21.16393066     -7.117255789     -1.915330156
v      21.61621327     -7.120788583     -1.945076192
v       22.0237511     -7.125186424     -1.982775815
v      22.37480919     -7.129771579      -2.02239926
v      22.66577055     -7.134031103     -2.059360217
v      22.89924066     -7.137764101     -2.091845114
v       23.0817498     -7.140900994     -2.119201576
v       23.2214544      -7.14350392      -2.14195195
v      23.32674867     -7.145587069     -2.160187374
v      23.40508793     -7.147269698     -2.174945648
v      23.40514793     -7.148087406     -2.182281496
v      23.46486872     -7.863795626     -2.148959573
v      23.46493473     -7.864695105      -2.15607777
v      23.46500073     -7.865594584     -2.163195966
v      23.38838156     -7.864038021     -2.151290236
v      23.28508788     -7.862515845      -2.13980044
v      23.14759844     -7.861539364     -2.132813659
v      22.96815768     -7.861743748     -2.135398499
v      22.73989643     -7.864257466     -2.156522778
v      22.45789859     -7.869482452     -2.199393945
v      22.12020429      -7.87725274     -2.262709099
v      21.72976845      -7.88676338     -2.340081862
v      21.29535611     -7.895907795     -2.414793349
v      20.83367734     -7.902021582     -2.465667189
v      20.36970005      -7.90457796     -2.488399775
v      19.92886543     -7.904916871     -2.493458389
v      19.53086791     -7.903591872     -2.485117753
v       19.1876997     -7.901100155     -2.467248033
v      18.90353272     -7.897743039     -2.442211417
v      18.67630152     -7.893750023     -2.411835304
v      18.50045013      -7.88912316     -2.376165897
v      18.37033958     -7.883431312     -2.331821531
v      18.28674729     -7.875745392     -2.271445138
v      18.26088311     -7.866667601     -2.199742163
v      18.28534497     -7.857577625     -2.127671464
v      18.36760386     -7.849812789     -2.065776456
v      18.49644236     -7.843940288     -2.018606446
v      18.67141485     -7.839205593     -1.980192433
v      18.89791542      -7.83520508     -1.947311019
v      19.18121591     -7.831683945     -1.917917253
v      19.52345299     -7.828878584     -1.893870463
v      19.92057087     -7.827079867     -1.877494493
v      20.36067023     -7.826337149     -1.869244077
v      20.82449751     -7.826824748     -1.870602587
v      21.28809283     -7.828981368     -1.885171119
v      21.72733227     -7.832867441     -1.913557989
v       22.1231288     -7.837705067     -1.949709714
v      22.46408032     -7.842748737     -1.987787747
v      22.74666957     -7.847434213     -2.023345629
v      22.97342481     -7.851540512     -2.054620832
v      23.15068684     -7.854991093     -2.080973444
v      23.28637687     -7.857854312     -2.102901721
v      23.38864653     -7.860145776     -2.120485248
v      23.46473672     -7.861996668      -2.13472318
v      23.46480272     -7.862896147     -2.141841376
v      23.52452952     -8.578686137     -2.108301802
v      23.52460152     -8.579667387     -2.115202347
v      23.52467352     -8.580648637     -2.122102892
v      23.45032177     -8.578950569     -2.110646809
v         23.35009     -8.577290013     -2.099623794
v      23.21668542     -8.576224761     -2.093004416
v        23.042589     -8.576447725     -2.095711029
v      22.82114609     -8.579189963     -2.116445026
v       22.5475905     -8.584889947     -2.158321315
v      22.22001927     -8.593366626     -2.220079013
v      21.84129219      -8.60374187     -2.295523643
v      21.41989468     -8.613717594     -2.368437551
v      20.97201573     -8.620387181     -2.418272952
v      20.52187518     -8.623175956     -2.440829847
v      20.09416864     -8.623545678     -2.446227104
v      19.70800906     -8.622100224     -2.438586746
v      19.37503601     -8.619381987     -2.421647222
v      19.09929988     -8.615719679     -2.397693849
v      18.87879873     -8.611363661     -2.368500482
v      18.70814203     -8.606316174     -2.334118126
v       18.5818549     -8.600106886     -2.291274793
v      18.50068336     -8.591722245     -2.232837421
v      18.47550885     -8.581819201     -2.163355087
v      18.49916191     -8.571902864     -2.093459957
v      18.57890292     -8.563432134     -2.033364812
v      18.70385348     -8.557025769     -1.987492456
v      18.87357454     -8.551860647     -1.950056837
v      19.09329603     -8.547496451     -1.917927049
v      19.36813056     -8.543655213     -1.889114748
v       19.7001533     -8.540594819      -1.86542004
v      20.08543176     -8.538632583     -1.849100274
v      20.51242136     -8.537822344     -1.840609599
v      20.96244331      -8.53835427     -1.841407591
v        21.412255     -8.540706947     -1.855012081
v      21.83845127       -8.5449463     -1.882039786
v       22.2225065     -8.550223709     -1.916643612
v      22.55335145     -8.555725894     -1.953176234
v       22.8275686     -8.560837324     -1.987331041
v      23.04760896     -8.565316922     -2.017396549
v      23.21962387     -8.569081192     -2.042745312
v      23.35129933     -8.572204704     -2.063851493
v      23.45054438     -8.574704483     -2.080783122
v      23.52438551     -8.576723638     -2.094500711
v      23.52445752     -8.577704887     -2.101401256
v      23.58419031     -9.293576649     -2.067644031
v      23.58426831     -9.294639669     -2.074326925
v      23.58434631      -9.29570269     -2.081009819
v      23.51226198     -9.293863116     -2.070003383
v      23.41509212     -9.292064181     -2.059447148
v       23.2857724     -9.290910157     -2.053195172
v      23.11702032     -9.291151702      -2.05602356
v      22.90239575     -9.294122459     -2.076367274
v      22.63728242     -9.300297443     -2.117248684
v      22.31983424     -9.309480511     -2.177448926
v      21.95281593     -9.320720359     -2.250965425
v      21.54443326     -9.331527394     -2.322081754
v      21.11035412     -9.338752779     -2.370878715
v      20.67405032     -9.341773953     -2.393259919
v      20.25947185     -9.342174484     -2.398995819
v      19.88515021     -9.340608576     -2.392055738
v      19.56237233     -9.337663819      -2.37604641
v      19.29506704     -9.333696318     -2.353176281
v      19.08129594     -9.328977299      -2.32516566
v      18.91583394     -9.323509189     -2.292070355
v      18.79337021      -9.31678246     -2.250728054
v      18.71461942     -9.307699099     -2.194229704
v      18.69013459     -9.296970801     -2.126968011
v      18.71297884     -9.286228103     -2.059248449
v      18.79020198     -9.277051478     -2.000953168
v      18.91126459     -9.270111249     -1.956378467
v      19.07573423     -9.264515701     -1.919921242
v      19.28867664     -9.259787821     -1.888543079
v      19.55504522     -9.255626481     -1.860312244
v       19.8768536     -9.252311054     -1.836969617
v      20.25029265     -9.250185298     -1.820706055
v      20.66417249     -9.249307539     -1.811975122
v      21.10038912     -9.249883793     -1.812212595
v      21.53641717     -9.252432526     -1.824853044
v      21.94957027     -9.257025158     -1.850521583
v      22.32188419     -9.262742352     -1.883577511
v      22.64262258     -9.268703052     -1.918564722
v      22.90846762     -9.274240434     -1.951316453
v       23.1217931     -9.279093332     -1.980172267
v      23.28856091     -9.283171292     -2.004517181
v      23.41622179     -9.286555096     -2.024801265
v      23.51244223     -9.289263189     -2.041080995
v      23.58403431     -9.291450608     -2.054278243
v      23.58411231     -9.292513628     -2.060961137
v       23.6438511     -10.00846716     -2.026986259
v      23.64393511     -10.00961195     -2.033451502
v      23.64401911     -10.01075674     -2.039916745
v      23.57420219     -10.00877566     -2.029359956
v      23.48009423     -10.00683835     -2.019270502
v      23.35485937     -10.00559555     -2.013385929
v      23.19145164     -10.00585568      -2.01633609
v       22.9836454     -10.00905496     -2.036289521
v      22.72697433     -10.01570494     -2.076176054
v      22.41964922      -10.0255944     -2.134818839
v      22.06433967     -10.03769885     -2.206407207
v      21.66897184     -10.04933719     -2.275725956
v      21.24869251     -10.05711838     -2.323484478
v      20.82622545     -10.06037195     -2.345689991
v      20.42477506     -10.06080329     -2.351764533
v      20.06229137     -10.05911693      -2.34552473
v      19.74970865     -10.05594565     -2.330445599
v       19.4908342     -10.05167296     -2.308658714
v      19.28379315     -10.04659094     -2.281830837
v      19.12352584      -10.0407022     -2.250022584
v      19.00488552     -10.03345803     -2.210181315
v      18.92855548     -10.02367595     -2.155621988
v      18.90476032      -10.0121224     -2.090580935
v      18.92679577     -10.00055334     -2.025036942
v      19.00150104     -9.990670822     -1.968541525
v      19.11867571      -9.98319673     -1.925264477
v      19.27789392     -9.977170755     -1.889785646
v      19.48405725     -9.972079192     -1.859159109
v      19.74195987     -9.967597748     -1.831509739
v      20.05355391     -9.964027289     -1.808519194
v      20.41515355     -9.961738013     -1.792311836
v      20.81592362     -9.960792735     -1.783340644
v      21.23833493     -9.961413315     -1.783017599
v      21.66057934     -9.964158104     -1.794694006
v      22.06068928     -9.969104016     -1.819003381
v      22.42126189     -9.975260994     -1.850511409
v      22.73189371      -9.98168021     -1.883953209
v      22.98936664     -9.987643544     -1.915301865
v      23.19597725     -9.992869742     -1.942947984
v      23.35749795     -9.997261391     -1.966289049
v      23.48114425     -10.00090549     -1.985751037
v      23.57434009      -10.0038219     -2.001378869
v       23.6436831     -10.00617758     -2.014055774
v       23.6437671     -10.00732237     -2.020521017
v       23.7035119     -10.72335767     -1.986328488
v       23.7036019     -10.72458423      -1.99257608
v       23.7036919      -10.7258108     -1.998823671
v       23.6361424     -10.72368821     -1.988716529
v      23.54509635     -10.72161252     -1.979093855
v      23.42394635     -10.72028095     -1.973576686
v      23.26588296     -10.72055966     -1.976648621
v      23.06489506     -10.72398745     -1.996211769
v      22.81666625     -10.73111243     -2.035103423
v       22.5194642     -10.74170828     -2.092188753
v       22.1758634     -10.75467734     -2.161848988
v      21.79351042     -10.76714699     -2.229370159
v       21.3870309     -10.77548398     -2.276090242
v      20.97840059     -10.77896995     -2.298120063
v      20.59007827      -10.7794321     -2.304533248
v      20.23943252     -10.77762528     -2.298993722
v      19.93704497     -10.77422748     -2.284844788
v      19.68660136      -10.7696496     -2.264141146
v      19.48629036     -10.76420458     -2.238496015
v      19.33121774     -10.75789522     -2.207974813
v      19.21640083     -10.75013361     -2.169634576
v      19.14249155     -10.73965281     -2.117014271
v      19.11938606       -10.727274     -2.054193859
v      19.14061271     -10.71487858     -1.990825435
v       19.2128001     -10.70429017     -1.936129881
v      19.32608683     -10.69628221     -1.894150488
v      19.48005361     -10.68982581      -1.85965005
v      19.67943786     -10.68437056     -1.829775139
v      19.92887453     -10.67956902     -1.802707235
v      20.23025422     -10.67574352      -1.78006877
v      20.58001444     -10.67329073     -1.763917616
v      20.96767475     -10.67227793     -1.754706167
v      21.37628074     -10.67294284     -1.753822603
v      21.78474151     -10.67588368     -1.764534969
v      22.17180828     -10.68118287     -1.787485178
v      22.52063959     -10.68777964     -1.817445307
v      22.82116484     -10.69465737     -1.849341697
v      23.07026566     -10.70104665     -1.879287277
v       23.2701614     -10.70664615     -1.905723702
v      23.42643499     -10.71135149     -1.928060918
v      23.54606671     -10.71525588     -1.946700808
v      23.63623794      -10.7183806     -1.961676743
v      23.70333189     -10.72090455     -1.973833306
v      23.70342189     -10.72213111     -1.980080897
v      23.76317269     -11.43824818     -1.945670717
v      23.76326869     -11.43955652     -1.951700657
v      23.76336469     -11.44086485     -1.957730597
v      23.69808261     -11.43860076     -1.948073103
v      23.61009847     -11.43638668     -1.938917209
v      23.49303333     -11.43496635     -1.933767442
v      23.34031428     -11.43526363     -1.936961151
v      23.14614472     -11.43891995     -1.956134017
v      22.90635816     -11.44651993     -1.994030793
v      22.61927918     -11.45782217     -2.049558666
v      22.28738714     -11.47165583      -2.11729077
v      21.91804899     -11.48495679     -2.183014361
v       21.5253693     -11.49384957     -2.228696005
v      21.13057572     -11.49756794     -2.250550135
v      20.75538148      -11.4980609     -2.257301963
v      20.41657368     -11.49613363     -2.252462715
v      20.12438129     -11.49250932     -2.239243977
v      19.88236852     -11.48762624     -2.219623579
v      19.68878757     -11.48181821     -2.195161193
v      19.53890965     -11.47508823     -2.165927042
v      19.42791615     -11.46680918     -2.129087837
v      19.35642761     -11.45562966     -2.078406554
v       19.3340118      -11.4424256     -2.017806783
v      19.35442964     -11.42920382     -1.956613928
v      19.42409916     -11.41790951     -1.903718238
v      19.53349794     -11.40936769     -1.863036498
v       19.6822133     -11.40248086     -1.829514455
v      19.87481847     -11.39666193     -1.800391169
v      20.11578918     -11.39154028      -1.77390473
v      20.40695452     -11.38745976     -1.751618347
v      20.74487533     -11.38484344     -1.735523397
v      21.11942588     -11.38376313     -1.726071689
v      21.51422655     -11.38447236     -1.724627607
v      21.90890368     -11.38760926     -1.734375932
v      22.28292728     -11.39326173     -1.755966975
v      22.62001728     -11.40029828     -1.784379206
v      22.91043596     -11.40763453     -1.814730184
v      23.15116469     -11.41444976     -1.843272689
v      23.34434555     -11.42042256     -1.868499419
v      23.49537203     -11.42544159     -1.889832786
v      23.61098917     -11.42960627      -1.90765058
v       23.6981358     -11.43293931     -1.921974616
v      23.76298068     -11.43563152     -1.933610837
v      23.76307669     -11.43693985     -1.939640777
v      23.82283348     -12.15313869     -1.905012946
v      23.82293548      -12.1545288     -1.910825235
v      23.82303749      -12.1559189     -1.916637523
v      23.76002282     -12.15351331     -1.907429676
v      23.67510059     -12.15116085     -1.898740563
v       23.5621203     -12.14965174     -1.893958199
v       23.4147456     -12.14996761     -1.897273681
v      23.22739437     -12.15385245     -1.916056265
v      22.99605008     -12.16192743     -1.952958162
v      22.71909415     -12.17393605      -2.00692858
v      22.39891088     -12.18863432     -2.072732552
v      22.04258757     -12.20276659     -2.136658564
v      21.66370769     -12.21221517     -2.181301768
v      21.28275086     -12.21616594     -2.202980207
v       20.9206847     -12.21668971     -2.210070678
v      20.59371483     -12.21464198     -2.205931707
v       20.3117176     -12.21079115     -2.193643165
v      20.07813568     -12.20560288     -2.175106011
v      19.89128478     -12.19943185      -2.15182637
v      19.74660155     -12.19228125     -2.123879271
v      19.63943146     -12.18348475     -2.088541098
v      19.57036368     -12.17160651     -2.039798838
v      19.54863754      -12.1575772     -1.981419707
v      19.56824657     -12.14352906     -1.922402421
v      19.63539822     -12.13152886     -1.871306594
v      19.74090906     -12.12245317     -1.831922509
v        19.884373     -12.11513592     -1.799378859
v      20.07019907      -12.1089533     -1.771007199
v      20.30270384     -12.10351155     -1.745102226
v      20.58365483     -12.09917599     -1.723167924
v      20.90973622     -12.09639616     -1.707129178
v      21.27117701     -12.09524832     -1.697437212
v      21.65217235     -12.09600188     -1.695432611
v      22.03306585     -12.09933484     -1.704216894
v      22.39404628     -12.10534059     -1.724448772
v      22.71939498     -12.11281692     -1.751313104
v      22.99970709     -12.12061168     -1.780118671
v      23.23206371     -12.12785288     -1.807258101
v      23.41852969     -12.13419897     -1.831275136
v      23.56430907     -12.13953169     -1.851604655
v      23.67591163     -12.14395666     -1.868600352
v      23.76003365     -12.14749802      -1.88227249
v      23.82262948     -12.15035849     -1.893388369
v      23.82273148     -12.15174859     -1.899200657
v      23.88249428     -12.86802921     -1.864355175
v      23.88260228     -12.86950108     -1.869949812
v      23.88271028     -12.87097296     -1.875544449
v      23.82196303     -12.86842585     -1.866786249
v      23.74010271     -12.86593502     -1.858563917
v      23.63120728     -12.86433714     -1.854148955
v      23.48917692     -12.86467159     -1.857586212
v      23.30864403     -12.86878494     -1.875978513
v        23.085742     -12.87733492     -1.911885532
v      22.81890913     -12.89004994     -1.964298493
v      22.51043462      -12.9056128     -2.028174334
v      22.16712615     -12.92057639     -2.090302766
v      21.80204608     -12.93058077     -2.133907531
v      21.43492599     -12.93476393     -2.155410279
v      21.08598791     -12.93531852     -2.162839393
v      20.77085598     -12.93315034     -2.159400699
v      20.49905392     -12.92907298     -2.148042354
v      20.27390285     -12.92357952     -2.130588444
v      20.09378199     -12.91704549     -2.108491548
v      19.95429345     -12.90947426       -2.0818315
v      19.85094677     -12.90016033      -2.04799436
v      19.78429974     -12.88758337     -2.001191121
v      19.76326327      -12.8727288      -1.94503263
v      19.78206351      -12.8578543     -1.888190913
v      19.84669728      -12.8451482      -1.83889495
v      19.94832018     -12.83553865     -1.800808519
v      20.08653269     -12.82779097     -1.769243264
v      20.26557968     -12.82124468      -1.74162323
v      20.48961849     -12.81548282     -1.716299721
v      20.76035513     -12.81089223     -1.694717501
v      21.07459711     -12.80794887     -1.678734959
v      21.42292815     -12.80673352     -1.668802734
v      21.79011816     -12.80753141     -1.666237615
v      22.15722802     -12.81106042     -1.674057857
v      22.50516528     -12.81741945      -1.69293057
v      22.81877267     -12.82533556     -1.718247002
v      23.08897822     -12.83358884     -1.745507159
v      23.31296273     -12.84125599     -1.771243513
v      23.49271384     -12.84797538     -1.794050854
v       23.6332461     -12.85362179     -1.813376523
v       23.7408341     -12.85830706     -1.829550124
v       23.8219315     -12.86205672     -1.842570364
v      23.88227827     -12.86508546       -1.8531659
v      23.88238627     -12.86655733     -1.858760538
v      23.94215507     -13.58291972     -1.823697404
v      23.94226907     -13.58447336      -1.82907439
v      23.94238307     -13.58602701     -1.834451376
v      23.88390324      -13.5833384     -1.826142822
v      23.80510483     -13.58070919     -1.818387271
v      23.70029426     -13.57902254     -1.814339712
v      23.56360824     -13.57937556     -1.817898742
v      23.38989369     -13.58371744      -1.83590076
v      23.17543391     -13.59274242     -1.870812901
v      22.91872411     -13.60616382     -1.921668407
v      22.62195835     -13.62259129     -1.983616115
v      22.29166473     -13.63838619     -2.043946969
v      21.94038447     -13.64894637     -2.086513294
v      21.58710113     -13.65336193     -2.107840351
v      21.25129112     -13.65394732     -2.115608108
v      20.94799714     -13.65165869     -2.112869692
v      20.68639024     -13.64735481     -2.102441543
v      20.46967001     -13.64155616     -2.086070876
v       20.2962792     -13.63465913     -2.065156726
v      20.16198536     -13.62666728     -2.039783729
v      20.06246208      -13.6168359     -2.007447621
v      19.99823581     -13.60356022     -1.962583404
v      19.97788901      -13.5878804     -1.908645554
v      19.99588044     -13.57217953     -1.853979406
v      20.05799634     -13.55876754     -1.806483307
v      20.15573129     -13.54862413      -1.76969453
v      20.28869238     -13.54044602     -1.739107668
v      20.46096029     -13.53353605      -1.71223926
v      20.67653315     -13.52745409     -1.687497217
v      20.93705544     -13.52260846     -1.666267078
v        21.239458     -13.51950159      -1.65034074
v      21.57467928     -13.51821871     -1.640168257
v      21.92806397     -13.51906093     -1.637042618
v       22.2813902       -13.522786     -1.643898819
v      22.61628429     -13.52949831     -1.661412367
v      22.91815037     -13.53785421     -1.685180901
v      23.17824935       -13.546566     -1.710895646
v      23.39386175      -13.5546591     -1.735228925
v      23.56689799     -13.56175179     -1.756826571
v      23.70218314     -13.56771189     -1.775148391
v      23.80575656     -13.57265745     -1.790499895
v      23.88382936     -13.57661543     -1.802868238
v      23.94192706     -13.57981243     -1.812943432
v      23.94204107     -13.58136607     -1.818320418
v      24.00181586     -14.29781023     -1.783039633
v      24.00193586     -14.29944565     -1.788198967
v      24.00205587     -14.30108106     -1.793358302
v      23.94584345     -14.29825095     -1.785499396
v      23.87010695     -14.29548335     -1.778210625
v      23.76938124     -14.29370793     -1.774530468
v      23.63803956     -14.29407954     -1.778211273
v      23.47114334     -14.29864994     -1.795823008
v      23.26512583     -14.30814991     -1.829740271
v      23.01853909     -14.32227771      -1.87903832
v      22.73348209     -14.33956978     -1.939057897
v       22.4162033     -14.35619599     -1.997591171
v      22.07872286     -14.36731197     -2.039119058
v      21.73927626     -14.37195993     -2.060270423
v      21.41659433     -14.37257613     -2.068376823
v      21.12513829     -14.37016704     -2.066338684
v      20.87372656     -14.36563664     -2.056840731
v      20.66543717      -14.3595328     -2.041553309
v      20.49877641     -14.35227277     -2.021821904
v      20.36967726     -14.34386029     -1.997735958
v       20.2739774     -14.33351148     -1.966900882
v      20.21217187     -14.31953708     -1.923975688
v      20.19251475       -14.303032     -1.872258478
v      20.20969737     -14.28650477     -1.819767899
v       20.2692954     -14.27238689     -1.774071663
v      20.36314241     -14.26170961      -1.73858054
v      20.49085207     -14.25310108     -1.708972073
v       20.6563409     -14.24582742      -1.68285529
v       20.8634478     -14.23942535     -1.658694712
v      21.11375575      -14.2343247     -1.637816655
v       21.4043189      -14.2310543      -1.62194652
v      21.72643041     -14.22970391     -1.611533779
v      22.06600978     -14.23059045     -1.607847622
v      22.40555237     -14.23451158     -1.613739782
v      22.72740329     -14.24157717     -1.629894164
v      23.01752807     -14.25037285     -1.652114799
v      23.26752048     -14.25954316     -1.676284134
v      23.47476078     -14.26806221     -1.699214337
v      23.64108213      -14.2755282     -1.719602289
v      23.77112018     -14.28180199      -1.73692026
v      23.87067902     -14.28700784     -1.751449667
v      23.94572721     -14.29117414     -1.763166111
v      24.00157586      -14.2945394     -1.772720963
v      24.00169586     -14.29617481     -1.777880298
v      24.06147665     -15.01270074     -1.742381861
v      24.06160266     -15.01441793     -1.747323545
v      24.06172866     -15.01613511     -1.752265228
v      24.00778366      -15.0131635     -1.744855969
v      23.93510906     -15.01025752     -1.738033979
v      23.83846821     -15.00839333     -1.734721225
v      23.71247088     -15.00878352     -1.738523803
v        23.552393     -15.01358243     -1.755745256
v      23.35481774     -15.02355741      -1.78866764
v      23.11835406     -15.03839159     -1.836408234
v      22.84500583     -15.05654827     -1.894499679
v      22.54074188     -15.07400579     -1.951235374
v      22.21706125     -15.08567757     -1.991724821
v       21.8914514     -15.09055792     -2.012700495
v      21.58189754     -15.09120494     -2.021145538
v      21.30227944     -15.08867539     -2.019807676
v      21.06106287     -15.08391848      -2.01123992
v      20.86120433     -15.07750944     -1.997035741
v      20.70127362     -15.06988641     -1.978487081
v      20.57736916      -15.0610533     -1.955688187
v      20.48549271     -15.05018705     -1.926354143
v      20.42610793     -15.03551393     -1.885367971
v      20.40714049      -15.0181836     -1.835871402
v      20.42351431     -15.00083001     -1.785556392
v      20.48059446     -14.98600623      -1.74166002
v      20.57055353     -14.97479509     -1.707466551
v      20.69301176     -14.96575613     -1.678836477
v      20.85172151     -14.95811879      -1.65347132
v      21.05036246     -14.95139662     -1.629892208
v      21.29045605     -14.94604093     -1.609366231
v      21.56917979     -14.94260702     -1.593552301
v      21.87818154      -14.9411891     -1.582899301
v      22.20395559     -14.94211997     -1.578652626
v      22.52971454     -14.94623716     -1.583580744
v      22.83852229     -14.95365602     -1.598375961
v      23.11690576     -14.96289149     -1.619048698
v      23.35679161     -14.97252032     -1.641672621
v       23.5556598     -14.98146532     -1.663199749
v      23.71526628     -14.98930461     -1.682378006
v      23.84005722     -14.99589209     -1.698692128
v      23.93560148     -15.00135823     -1.712399439
v      24.00762507     -15.00573284     -1.723463985
v      24.06122465     -15.00926637     -1.732498495
v      24.06135065     -15.01098355     -1.737440178
v      24.12113745     -15.72759125      -1.70172409
v      24.12126945     -15.72939021     -1.706448122
v      24.12140145     -15.73118917     -1.711172154
v      24.06972387     -15.72807604     -1.704212542
v      24.00011118     -15.72503169     -1.697857333
v      23.90755519     -15.72307873     -1.694911982
v       23.7869022      -15.7234875     -1.698836333
v      23.63364266     -15.72851493     -1.715667504
v      23.44450966      -15.7389649      -1.74759501
v      23.21816904     -15.75450548     -1.793778147
v      22.95652957     -15.77352676      -1.84994146
v      22.66528046     -15.79181559     -1.904879576
v      22.35539964     -15.80404316     -1.944330584
v      22.04362653     -15.80915592     -1.965130567
v      21.74720075     -15.80983374     -1.973914253
v       21.4794206     -15.80718374     -1.973276669
v      21.24839919     -15.80220031     -1.965639109
v      21.05697149     -15.79548608     -1.952518174
v      20.90377083     -15.78750005     -1.935152259
v      20.78506107     -15.77824632     -1.913640416
v      20.69700802     -15.76686262     -1.885807404
v        20.640044     -15.75149078     -1.846760254
v      20.62176622      -15.7333352     -1.799484326
v      20.63733124     -15.71515525     -1.751344885
v      20.69189352     -15.69962558     -1.709248376
v      20.77796464     -15.68788058     -1.676352561
v      20.89517145     -15.67841119     -1.648700881
v      21.04710212     -15.67041016      -1.62408735
v      21.23727711     -15.66336789     -1.601089703
v      21.46715636     -15.65775717     -1.580915808
v      21.73404068     -15.65415973     -1.565158082
v      22.02993267      -15.6526743     -1.554264824
v      22.34190139      -15.6536495      -1.54945763
v      22.65387671     -15.65796274     -1.553421707
v      22.94964129     -15.66573488     -1.566857759
v      23.21628346     -15.67541013     -1.585982596
v      23.44606273     -15.68549747     -1.607061108
v      23.63655882     -15.69486843     -1.627185161
v      23.78945043     -15.70308102     -1.645153724
v      23.90899426     -15.70998219     -1.660463997
v      24.00052394     -15.71570862     -1.673349211
v      24.06952292     -15.72029155     -1.683761859
v      24.12087344     -15.72399334     -1.692276026
v      24.12100544     -15.72579229     -1.697000058
v      24.18079824     -16.44248176     -1.661066319
v      24.18093624     -16.44436249       -1.6655727
v      24.18107425     -16.44624322      -1.67007908
v      24.13166408     -16.44298859     -1.663569116
v       24.0651133     -16.43980586     -1.657680687
v      23.97664217     -16.43776412     -1.655102738
v      23.86133352     -16.43819147     -1.659148864
v      23.71489231     -16.44344743     -1.675589752
v      23.53420157      -16.4543724     -1.706522379
v      23.31798402     -16.47061937      -1.75114806
v       23.0680533     -16.49050525     -1.805383242
v      22.78981904     -16.50962539     -1.858523779
v      22.49373803     -16.52240876     -1.896936347
v      22.19580167     -16.52775392     -1.917560639
v      21.91250396     -16.52846255     -1.926682968
v      21.65656175      -16.5256921     -1.926745661
v      21.43573551     -16.52048214     -1.920038298
v      21.25273865     -16.51346272     -1.908000606
v      21.10626804     -16.50511368     -1.891817437
v      20.99275297     -16.49543933     -1.871592645
v      20.90852333      -16.4835382     -1.845260665
v      20.85398006     -16.46746764     -1.808152538
v      20.83639196      -16.4484868      -1.76309725
v      20.85114818     -16.42948049     -1.717133377
v      20.90319257     -16.41324492     -1.676836732
v      20.98537576     -16.40096606     -1.645238572
v      21.09733114     -16.39106624     -1.618565286
v      21.24248273     -16.38270153      -1.59470338
v      21.42419177     -16.37533916     -1.572287199
v      21.64385666      -16.3694734     -1.552465385
v      21.89890157     -16.36571245     -1.536763863
v       22.1816838     -16.36415949     -1.525630346
v       22.4798472     -16.36517902     -1.520262634
v      22.77803888     -16.36968831     -1.523262669
v       23.0607603     -16.37781374     -1.535339556
v      23.31566116     -16.38792878     -1.552916494
v      23.53533386     -16.39847463     -1.572449596
v      23.71745784     -16.40827154     -1.591170573
v      23.86363457     -16.41685743     -1.607929441
v       23.9779313     -16.42407229     -1.622235865
v       24.0654464     -16.43005902     -1.634298982
v      24.13142077     -16.43485026     -1.644059732
v      24.18052223     -16.43872031     -1.652053558
v      24.18066024     -16.44060103     -1.656559939
v      24.24045903     -17.15737227     -1.620408548
v      24.24060304     -17.15933477     -1.624697277
v      24.24074704     -17.16129727     -1.628986007
v      24.19360429     -17.15790114     -1.622925689
v      24.13011542     -17.15458003     -1.617504041
v      24.04572915     -17.15244952     -1.615293495
v      23.93576484     -17.15289545     -1.619461394
v      23.79614197     -17.15837993     -1.635511999
v      23.62389349     -17.16977989     -1.665449749
v        23.417799     -17.18673325     -1.708517974
v      23.17957704     -17.20748374     -1.760825024
v      22.91435762     -17.22743519     -1.812167981
v      22.63207642     -17.24077436     -1.849542111
v       22.3479768     -17.24635191     -1.869990711
v      22.07780717     -17.24709136     -1.879451683
v       21.8337029     -17.24420045     -1.880214653
v      21.62307183     -17.23876397     -1.874437486
v      21.44850581     -17.23143936     -1.863483039
v      21.30876525     -17.22272732     -1.848482614
v      21.20044487     -17.21263235     -1.829544874
v      21.12003865     -17.20021377     -1.804713927
v      21.06791613     -17.18344449     -1.769544821
v       21.0510177      -17.1636384     -1.726710174
v      21.06496511     -17.14380573      -1.68292187
v      21.11449163     -17.12686427     -1.644425089
v      21.19278688     -17.11405154     -1.614124582
v      21.29949084     -17.10372129      -1.58842969
v      21.43786334      -17.0949929      -1.56531941
v      21.61110643     -17.08731043     -1.543484694
v      21.82055697     -17.08118964     -1.524014962
v      22.06376246     -17.07726517     -1.508369644
v      22.33343493     -17.07564469     -1.496995869
v      22.61779301     -17.07670854     -1.491067638
v      22.90220105     -17.08141389     -1.493103632
v       23.1718793      -17.0898926     -1.503821353
v      23.41503885     -17.10044742     -1.519850393
v      23.62460499     -17.11145179     -1.537838083
v      23.79835686     -17.12167465     -1.555155985
v      23.93781872     -17.13063384     -1.570705159
v      24.04686834     -17.13816238     -1.584007734
v      24.13036886     -17.14440941     -1.595248754
v      24.19331863     -17.14940897     -1.604357606
v      24.24017103     -17.15344728      -1.61183109
v      24.24031503     -17.15540977     -1.616119819
v      24.30011983     -17.87226279     -1.579750777
v      24.30026983     -17.87430706     -1.583821855
v      24.30041983     -17.87635133     -1.587892933
v       24.2555445     -17.87281368     -1.582282262
v      24.19511754     -17.86935419     -1.577327395
v      24.11481612     -17.86713492     -1.575484251
v      24.01019616     -17.86759943     -1.579773924
v      23.87739163     -17.87331242     -1.595434247
v       23.7135854     -17.88518739     -1.624377118
v      23.51761397     -17.90284714     -1.665887887
v      23.29110078     -17.92446223     -1.716266806
v      23.03889619     -17.94524499     -1.765812184
v      22.77041481     -17.95913996     -1.802147874
v      22.50015194     -17.96494991     -1.822420783
v      22.24311038     -17.96572016     -1.832220398
v      22.01084406      -17.9627088     -1.833683646
v      21.81040815     -17.95704581     -1.828836675
v      21.64427297       -17.949416     -1.818965471
v      21.51126246     -17.94034096     -1.805147792
v      21.40813678     -17.92982536     -1.787497103
v      21.33155396     -17.91688935     -1.764167188
v      21.28185219     -17.89942134     -1.730937105
v      21.26564344        -17.87879     -1.690323098
v      21.27878204     -17.85813097     -1.648710363
v      21.32579069     -17.84048361     -1.612013445
v      21.40019799     -17.82713702     -1.583010593
v      21.50165053     -17.81637635     -1.558294095
v      21.63324395     -17.80728427      -1.53593544
v      21.79802108     -17.79928169      -1.51468219
v      21.99725728     -17.79290587     -1.495564539
v      22.22862336     -17.78881788     -1.479975424
v      22.48518606     -17.78712988     -1.468361391
v      22.75573882     -17.78823806     -1.461872642
v      23.02636322     -17.79313947     -1.462944594
v       23.2829983     -17.80197146      -1.47230315
v      23.51441655     -17.81296606     -1.486784291
v      23.71387612     -17.82442895     -1.503226571
v      23.87925589     -17.83507776     -1.519141397
v      24.01200287     -17.84441025     -1.533480876
v      24.11580537     -17.85225248     -1.545779602
v      24.19529133      -17.8587598     -1.556198526
v      24.25521648     -17.86396767      -1.56465548
v      24.29981982     -17.86817425     -1.571608621
v      24.29996982     -17.87021852     -1.575679699
v      24.35978062      -18.5871533     -1.539093006
v      24.35993662     -18.58927934     -1.542946432
v      24.36009263     -18.59140538     -1.546799859
v      24.31748471     -18.58772623     -1.541638836
v      24.26011966     -18.58412836     -1.537150748
v       24.1839031     -18.58182031     -1.535675008
v      24.08462748      -18.5823034     -1.540086455
v      23.95864128     -18.58824492     -1.555356495
v      23.80327732     -18.60059489     -1.583304488
v      23.61742895     -18.61896102     -1.623257801
v      23.40262452     -18.64144072     -1.671708587
v      23.16343477     -18.66305479     -1.719456386
v       22.9087532     -18.67750556     -1.754753637
v      22.65232707     -18.68354791     -1.774850855
v       22.4084136     -18.68434897     -1.784989113
v      22.18798521     -18.68121715     -1.787152638
v      21.99774446     -18.67532764     -1.783235864
v      21.84004013     -18.66739264     -1.774447904
v      21.71375967      -18.6579546      -1.76181297
v      21.61582868     -18.64701838     -1.745449332
v      21.54306927     -18.63356492     -1.723620449
v      21.49578825      -18.6153982     -1.692329388
v      21.48026917      -18.5939416     -1.653936022
v      21.49259898     -18.57245621     -1.614498856
v      21.53708975     -18.55410296     -1.579601802
v      21.60760911      -18.5402225     -1.551896603
v      21.70381022      -18.5290314     -1.528158499
v      21.82862456     -18.51957564     -1.506551471
v      21.98493574     -18.51125296     -1.485879685
v      22.17395758     -18.50462211     -1.467114116
v      22.39348425      -18.5003706     -1.451581205
v      22.63693719     -18.49861508     -1.439726914
v      22.89368463     -18.49976759     -1.432677646
v      23.15052539     -18.50486505     -1.432785557
v       23.3941173     -18.51405032     -1.440784947
v      23.61379424      -18.5254847     -1.453718189
v      23.80314725      -18.5374061     -1.468615058
v      23.96015491     -18.54848087     -1.483126809
v      24.08618702     -18.55818666     -1.496256593
v      24.18474241     -18.56634258      -1.50755147
v      24.26021379     -18.57311019     -1.517148298
v      24.31711434     -18.57852638     -1.524953353
v      24.35946861     -18.58290122     -1.531386153
v      24.35962462     -18.58502726     -1.535239579
v      24.41944141     -19.30204381     -1.498435235
v      24.41960342     -19.30425162      -1.50207101
v      24.41976542     -19.30645943     -1.505706785
v      24.37942492     -19.30263878     -1.500995409
v      24.32512177     -19.29890253     -1.496974102
v      24.25299008     -19.29650571     -1.495865764
v       24.1590588     -19.29700738     -1.500398985
v      24.03989094     -19.30317742     -1.515278743
v      23.89296923     -19.31600238     -1.542231857
v      23.71724393     -19.33507491     -1.580627714
v      23.51414825     -19.35841921     -1.627150369
v      23.28797335     -19.38086459     -1.673100589
v      23.04709159     -19.39587116       -1.7073594
v      22.80450221      -19.4021459     -1.727280927
v      22.57371681     -19.40297777     -1.737757828
v      22.36512636      -19.3997255      -1.74062163
v      22.18508078     -19.39360947     -1.737635052
v      22.03580729     -19.38536928     -1.729930336
v      21.91625688     -19.37556824     -1.718478148
v      21.82352058     -19.36421139     -1.703401561
v      21.75458458     -19.35024049      -1.68307371
v      21.70972432     -19.33137505     -1.653721671
v      21.69489491      -19.3090932     -1.617548946
v      21.70641591     -19.28678144     -1.580287349
v      21.74838881      -19.2677223     -1.547190158
v      21.81502023     -19.25330798     -1.520782613
v      21.90596991     -19.24168646     -1.498022903
v      22.02400517     -19.23186701     -1.477167501
v      22.17185039     -19.22322423     -1.457077181
v      22.35065789     -19.21633834     -1.438663692
v      22.55834514     -19.21192331     -1.423186986
v      22.78868832     -19.21010027     -1.411092436
v      23.03163044     -19.21129711      -1.40348265
v      23.27468756     -19.21659063     -1.402626519
v      23.50523631     -19.22612917     -1.409266745
v      23.71317194     -19.23800335     -1.420652088
v      23.89241838     -19.25038326     -1.434003545
v      24.04105393     -19.26188398     -1.447112222
v      24.16037116     -19.27196307     -1.459032311
v      24.25367945     -19.28043268     -1.469323339
v      24.32513625     -19.28746058      -1.47809807
v      24.37901219     -19.29308509     -1.485251227
v      24.41911741     -19.29762818     -1.491163684
v      24.41927941       -19.299836     -1.494799459
v      24.47910221     -20.01693432     -1.457777464
v      24.47927021      -20.0192239     -1.461195587
v      24.47943821     -20.02151349     -1.464613711
v      24.44136513     -20.01755133     -1.460351982
v      24.39012389      -20.0136767     -1.456797456
v      24.32207705     -20.01119111     -1.456056521
v      24.23349012     -20.01171136     -1.460711516
v       24.1211406     -20.01810991      -1.47520099
v      23.98266115     -20.03140988     -1.501159227
v      23.81705891     -20.05118879     -1.537997628
v      23.62567199      -20.0753977     -1.582592151
v      23.41251193     -20.09867439     -1.626744791
v      23.18542998     -20.11423676     -1.659965163
v      22.95667734      -20.1207439     -1.679710999
v      22.73902002     -20.12160658     -1.690526543
v      22.54226752     -20.11823386     -1.694090623
v       22.3724171      -20.1118913     -1.692034241
v      22.23157445     -20.10334592     -1.685412769
v      22.11875409     -20.09318188     -1.675143325
v      22.03121249     -20.08140441      -1.66135379
v       21.9660999     -20.06691607     -1.642526971
v      21.92366038     -20.04735191     -1.615113955
v      21.90952065      -20.0242448      -1.58116187
v      21.92023284     -20.00110668     -1.546075841
v      21.95968787     -19.98134164     -1.514778514
v      22.02243134     -19.96639346     -1.489668624
v       22.1081296     -19.95434151     -1.467887308
v      22.21938578     -19.94415838     -1.447783531
v      22.35876505      -19.9351955     -1.428274676
v      22.52735819     -19.92805458     -1.410213269
v      22.72320603     -19.92347603     -1.394792767
v      22.94043946     -19.92158547     -1.382457959
v      23.16957624     -19.92282663     -1.374287654
v      23.39884973     -19.92831621     -1.372467482
v      23.61635531     -19.93820803     -1.377748542
v      23.81254964     -19.95052199     -1.387585986
v       23.9816895     -19.96336042     -1.399392033
v      24.12195295     -19.97528709     -1.411097634
v      24.23455531     -19.98573948     -1.421808028
v      24.32261649     -19.99452278     -1.431095207
v      24.39005871     -20.00181097     -1.439047841
v      24.44091005     -20.00764379     -1.445549101
v       24.4787662     -20.01235515     -1.450941216
v       24.4789342     -20.01464474      -1.45435934
v        24.538763     -20.73182483     -1.417119692
v        24.538937     -20.73419619     -1.420320165
v      24.53911101     -20.73656754     -1.423520638
v      24.50330534     -20.73246387     -1.419708555
v      24.45512601     -20.72845086      -1.41662081
v      24.39116403      -20.7258765     -1.416247278
v      24.30792144     -20.72641534     -1.421024046
v      24.20239025     -20.73304241     -1.435123238
v      24.07235307     -20.74681737     -1.460086596
v      23.91687388     -20.76730268     -1.495367541
v      23.73719573     -20.79237618     -1.538033932
v       23.5370505     -20.81648419     -1.580388994
v      23.32376837     -20.83260235     -1.612570927
v      23.10885248     -20.83934189     -1.632141071
v      22.90432323     -20.84023539     -1.643295258
v      22.71940867     -20.83674221     -1.647559615
v      22.55975342     -20.83017313      -1.64643343
v      22.42734162     -20.82132256     -1.640895201
v       22.3212513     -20.81079551     -1.631808503
v      22.23890439     -20.79859742     -1.619306019
v      22.17761521     -20.78359164     -1.601980232
v      22.13759645     -20.76332876     -1.576506238
v      22.12414639      -20.7393964     -1.544774793
v      22.13404978     -20.71543192     -1.511864334
v      22.17098693     -20.69496099     -1.482366871
v      22.22984246     -20.67947894     -1.458554634
v      22.31028929     -20.66699656     -1.437751712
v      22.41476639     -20.65644976     -1.418399561
v       22.5456797     -20.64716676     -1.399472172
v       22.7040585     -20.63977081     -1.381762846
v      22.88806692     -20.63502874     -1.366398548
v      23.09219059     -20.63307066     -1.353823481
v      23.30752205     -20.63435615     -1.345092658
v      23.52301191     -20.64004179     -1.342308444
v      23.72747431     -20.65028689     -1.346230339
v      23.91192733     -20.66304063     -1.354519885
v      24.07096063     -20.67633758      -1.36478052
v      24.20285198      -20.6886902     -1.375083046
v      24.30873946     -20.69951589     -1.384583746
v      24.39155353     -20.70861288     -1.392867076
v      24.45498117     -20.71616137     -1.399997613
v       24.5028079      -20.7222025     -1.405846974
v      24.53841499     -20.72708212     -1.410718747
v        24.538589     -20.72945348      -1.41391922
v      24.56498328     -20.79089572     -1.249379856
v      24.56515265     -20.79317872     -1.252368374
v      24.56532203     -20.79546173     -1.255356892
v      24.53118494     -20.79159508     -1.251809419
v      24.48525305     -20.78784503      -1.24894255
v       24.4242788     -20.78551768     -1.248615579
v      24.34493032     -20.78623376     -1.253104502
v      24.24434471     -20.79286511     -1.266306242
v      24.12040984     -20.80643735     -1.289661223
v      23.97223285     -20.82653137     -1.322659374
v      23.80099548     -20.85110078     -1.362562258
v      23.61024687     -20.87478898     -1.402181411
v      23.40696394     -20.89081476     -1.432305457
v      23.20210978     -20.89781357     -1.450653266
v      23.00714782     -20.89915852      -1.46113877
v      22.83087666       -20.896233     -1.465183909
v      22.67867887      -20.8902858     -1.464186778
v      22.55244695     -20.88207715     -1.459060416
v      22.45130296     -20.87219185     -1.450611535
v      22.37278941     -20.86064121     -1.438964914
v      22.31434454     -20.84633711     -1.422807143
v      22.27616749     -20.82692046     -1.399033376
v      22.26331106     -20.80390746      -1.36940738
v      22.27271579      -20.7808082     -1.338672458
v      22.30789506     -20.76100888      -1.31111534
v      22.36397496     -20.74596151     -1.288859563
v      22.44064076     -20.73375142     -1.269406491
v      22.54021578     -20.72334819     -1.251299937
v      22.66499244     -20.71409927        -1.233581
v      22.81595281     -20.70660234     -1.216990106
v      22.99134802     -20.70160015     -1.202580235
v      23.18592179     -20.69923105     -1.190768061
v      23.39118396     -20.69995869     -1.182541788
v      23.59660364     -20.70492292      -1.17986836
v      23.79151837     -20.71430367     -1.183460811
v      23.96736329     -20.72614743      -1.19113857
v      24.11897818     -20.73857449     -1.200665595
v      24.24471917     -20.75015654        -1.210241
v      24.34567025      -20.7603299     -1.219076542
v      24.42462452     -20.76889333     -1.226783188
v      24.48509679     -20.77601161     -1.233419982
v      24.53069557     -20.78171541     -1.238865748
v      24.56464452     -20.78632971      -1.24340282
v       24.5648139     -20.78861272     -1.246391338
v      24.59120355     -20.84996661      -1.08164002
v       24.5913683     -20.85216126     -1.084416584
v      24.59153305     -20.85435592     -1.087193147
v      24.55906455     -20.85072628     -1.083910284
v      24.51538009      -20.8472392      -1.08126429
v      24.45739357     -20.84515886     -1.080983881
v       24.3819392     -20.84605218     -1.085184958
v      24.28629916     -20.85268782     -1.097489246
v      24.16846661     -20.86605733      -1.11923585
v      24.02759181     -20.88576006     -1.149951206
v      23.86479522     -20.90982537     -1.187090584
v      23.68344323     -20.93309377     -1.223973829
v      23.49015951     -20.94902716     -1.252039986
v      23.29536709     -20.95628525      -1.26916546
v      23.10997241     -20.95808166     -1.278982283
v      22.94234466     -20.95572379     -1.282808203
v      22.79760432     -20.95039847     -1.281940127
v      22.67755228     -20.94283175      -1.27722563
v      22.58135462     -20.93358819     -1.269414566
v      22.50667443       -20.922685      -1.25862381
v      22.45107388     -20.90908257     -1.243634053
v      22.41473853     -20.89051215     -1.221560513
v      22.40247574     -20.86841852     -1.194039966
v      22.41138179     -20.84618448     -1.165480582
v      22.44480318     -20.82705678     -1.139863808
v      22.49810745     -20.81244409     -1.119164491
v      22.57099222     -20.80050628      -1.10106127
v      22.66566516     -20.79024662     -1.084200313
v      22.78430519     -20.78103178     -1.067689828
v      22.92784712     -20.77343386     -1.052217367
v      23.09462912     -20.76817156     -1.038761921
v      23.27965299     -20.76539144     -1.027712641
v      23.47484588     -20.76556122     -1.019990918
v      23.67019537     -20.76980405     -1.017428276
v      23.85556243     -20.77832045     -1.020691282
v      24.02279924     -20.78925423     -1.027757255
v      24.16699573     -20.80081139     -1.036550669
v      24.28658636     -20.81162288     -1.045398954
v      24.38260105     -20.82114391     -1.053569338
v      24.45769552     -20.82917378     -1.060699301
v      24.51521241     -20.83586186     -1.066842351
v      24.55858325     -20.84122831     -1.071884522
v      24.59087406      -20.8455773     -1.076086893
v      24.59103881     -20.84777196     -1.078863457
v      24.61742383      -20.9090375    -0.9139001842
v      24.61758395      -20.9111438    -0.9164647932
v      24.61774408     -20.91325011    -0.9190294022
v      24.58694415     -20.90985748    -0.9160111477
v      24.54550713     -20.90663337    -0.9135860305
v      24.49050834     -20.90480004    -0.9133521831
v      24.41894808     -20.90587061     -0.917265414
v      24.32825361     -20.91251052    -0.9286722492
v      24.21652338     -20.92567731    -0.9488104766
v      24.08295077     -20.94498875    -0.9772430385
v      23.92859497     -20.96854996      -1.01161891
v      23.75663959     -20.99139856     -1.045766246
v      23.57335508     -21.00723956     -1.071774516
v      23.38862439     -21.01475693     -1.087677654
v      23.21279701     -21.01700479     -1.096825795
v      23.05381265     -21.01521458     -1.100432497
v      22.91652977     -21.01051113     -1.099693475
v      22.80265761     -21.00358635     -1.095390845
v      22.71140628     -20.99498452     -1.088217598
v      22.64055945     -20.98472878     -1.078282705
v      22.58780322     -20.97182803     -1.064460964
v      22.55330957     -20.95410385     -1.044087651
v      22.54164042     -20.93292957     -1.018672553
v       22.5500478     -20.91156075    -0.9922887061
v      22.58171131     -20.89310467    -0.9686122771
v      22.63223994     -20.87892666    -0.9494694187
v      22.70134368     -20.86726114    -0.9327160491
v      22.79111455     -20.85714506    -0.9171006894
v      22.90361793     -20.84796428    -0.9017986554
v      23.03974144     -20.84026539    -0.8874446271
v      23.19791022     -20.83474296    -0.8749436081
v      23.37338419     -20.83155183    -0.8646572203
v      23.55850779     -20.83116376    -0.8574400474
v       23.7437871     -20.83468519    -0.8549881916
v      23.91960649     -20.84233722    -0.8579217532
v      24.07823519     -20.85236103    -0.8643759405
v      24.21501328      -20.8630483    -0.8724357437
v      24.32845356     -20.87308922    -0.8805569084
v      24.41953184     -20.88195792    -0.8880621346
v      24.49076651     -20.88945423    -0.8946154132
v      24.54532803     -20.89571211    -0.9002647203
v      24.58647092     -20.90074122     -0.904903296
v      24.61710359     -20.90482489    -0.9087709661
v      24.61726371      -20.9069312    -0.9113355752
v      24.64364411     -20.96810839    -0.7461603481
v       24.6437996     -20.97012634    -0.7485130026
v       24.6439551      -20.9721443    -0.7508656571
v      24.61482375     -20.96898868    -0.7481120118
v      24.57563417     -20.96602754    -0.7459077706
v      24.52362312     -20.96444122     -0.745720485
v      24.45595696     -20.96568903      -0.74934587
v      24.37020806     -20.97233323    -0.7598552528
v      24.26458015     -20.98529729    -0.7783851033
v      24.13830973     -21.00421745    -0.8045348709
v      23.99239472     -21.02727455    -0.8361472364
v      23.82983595     -21.04970335     -0.867558664
v      23.65655064     -21.06545197    -0.8915090461
v      23.48188169     -21.07322861     -0.906189848
v       23.3156216     -21.07592793    -0.9146693077
v      23.16528065     -21.07470537    -0.9180567915
v      23.03545521      -21.0706238    -0.9174468239
v      22.92776294     -21.06434095    -0.9135560591
v      22.84145794     -21.05638086    -0.9070206297
v      22.77444446     -21.04677257    -0.8979416006
v      22.72453256      -21.0345735    -0.8852878742
v      22.69188061     -21.01769555    -0.8666147886
v      22.68080509     -20.99744063    -0.8433051394
v      22.68871381     -20.97693703    -0.8190968301
v      22.71861944     -20.95915256    -0.7973607459
v      22.76637244     -20.94540924    -0.7797743467
v      22.83169514       -20.934016     -0.764370828
v      22.91656394     -20.92404349    -0.7500010655
v      23.02293067     -20.91489679    -0.7359074833
v      23.15163575     -20.90709692    -0.7226718875
v      23.30119132     -20.90131437     -0.711125295
v       23.4671154     -20.89771222       -0.7016018
v       23.6421697     -20.89676629    -0.6948891771
v      23.81737883     -20.89956632    -0.6925481074
v      23.98365055       -20.906354    -0.6951522245
v      24.13367115     -20.91546784    -0.7009946259
v      24.26303083     -20.92528521    -0.7083208183
v      24.37032075     -20.93455556    -0.7157148626
v      24.45646263     -20.94277193    -0.7225549308
v      24.52383751     -20.94973468    -0.7285315258
v      24.57544364     -20.95556236    -0.7336870894
v       24.6143586     -20.96025413    -0.7379220699
v      24.64333312     -20.96407248    -0.7414550391
v      24.64348862     -20.96609044    -0.7438076936
v      24.66986439     -21.02717928    -0.5784205121
v      24.67001525     -21.02910888     -0.580561212
v      24.67016612     -21.03103849     -0.582701912
v      24.64270335     -21.02811988    -0.5802128759
v       24.6057612     -21.02542171    -0.5782295107
v      24.55673789      -21.0240824    -0.5780887868
v      24.49296583     -21.02550746     -0.581426326
v      24.41216252     -21.03215593    -0.5910382565
v      24.31263692     -21.04491727    -0.6079597301
v      24.19366869     -21.06344614    -0.6318267034
v      24.05619447     -21.08599915    -0.6606755623
v      23.90303232     -21.10800814    -0.6893510815
v      23.73974621     -21.12366437     -0.711243576
v        23.575139     -21.13170028    -0.7247020422
v      23.41844619     -21.13485106    -0.7325128202
v      23.27674864     -21.13419617    -0.7356810857
v      23.15438066     -21.13073646    -0.7352001724
v      23.05286828     -21.12509555    -0.7317212736
v       22.9715096      -21.1177772    -0.7258236614
v      22.90832948     -21.10881636    -0.7176004961
v      22.86126189     -21.09731896    -0.7061147847
v      22.83045165     -21.08128725    -0.6891419263
v      22.81996977     -21.06195169    -0.6679377259
v      22.82737982     -21.04231331    -0.6459049541
v      22.85552756     -21.02520046    -0.6261092146
v      22.90050493     -21.01189181    -0.6100792748
v      22.96204661     -21.00077086     -0.596025607
v      23.04201332     -20.99094193    -0.5829014416
v      23.14224341     -20.98182929    -0.5700163111
v      23.26353006     -20.97392844    -0.5578991478
v      23.40447241     -20.96788578    -0.5473069818
v       23.5608466     -20.96387261    -0.5385463798
v      23.72583162     -20.96236883    -0.5323383068
v      23.89097056     -20.96444745    -0.5301080233
v       24.0476946     -20.97037078    -0.5323826958
v       24.1891071     -20.97857464    -0.5376133112
v      24.31104838     -20.98752212    -0.5442058928
v      24.41218794      -20.9960219    -0.5508728169
v      24.49339343     -21.00358594    -0.5570477271
v       24.5569085     -21.01001513    -0.5624476383
v      24.60555926     -21.01541261    -0.5671094585
v      24.64224627     -21.01976703    -0.5709408437
v      24.66956265     -21.02332007    -0.5741391121
v      24.66971352     -21.02524968    -0.5762798121
v      24.69608467     -21.08625017     -0.410680676
v       24.6962309     -21.08809142    -0.4126094214
v      24.69637714     -21.08993268    -0.4145381669
v      24.67058295     -21.08725108      -0.41231374
v      24.63588824     -21.08481588    -0.4105512508
v      24.58985266     -21.08372358    -0.4104570887
v      24.52997471     -21.08532588    -0.4135067821
v      24.45411697     -21.09197864    -0.4222212601
v      24.36069369     -21.10453725    -0.4375343568
v      24.24902765     -21.12267483    -0.4591185358
v      24.11999421     -21.14472374    -0.4852038883
v      23.97622868     -21.16631293    -0.5111434991
v      23.82294178     -21.18187677    -0.5309781058
v       23.6683963     -21.19017196    -0.5432142363
v      23.52127078      -21.1937742    -0.5503563327
v      23.38821664     -21.19368696    -0.5533053798
v      23.27330611     -21.19084913     -0.552953521
v      23.17797361     -21.18585015     -0.549886488
v      23.10156126     -21.17917353    -0.5446266931
v       23.0422145     -21.17086014    -0.5372593915
v      22.99799123     -21.16006443    -0.5269416951
v      22.96902269     -21.14487894     -0.511669064
v      22.95913445     -21.12646275    -0.4925703124
v      22.96604583     -21.10768958    -0.4727130781
v      22.99243569     -21.09124835    -0.4548576833
v      23.03463742     -21.07837438    -0.4403842028
v      23.09239807     -21.06752572    -0.4276803859
v      23.16746271     -21.05784036    -0.4158018177
v      23.26155615      -21.0487618    -0.4041251389
v      23.37542437     -21.04075997    -0.3931264082
v      23.50775351     -21.03445719    -0.3834886686
v       23.6545778       -21.030033    -0.3754909595
v      23.80949353     -21.02797136    -0.3697874366
v      23.96456229     -21.02932858    -0.3676679391
v      24.11173866     -21.03438755    -0.3696131672
v      24.24454305     -21.04168144    -0.3742319965
v      24.35906592     -21.04975903    -0.3800909673
v      24.45405513     -21.05748825    -0.3860307711
v      24.53032422     -21.06439995    -0.3915405233
v       24.5899795     -21.07029558    -0.3963637508
v      24.63567488     -21.07526286    -0.4005318275
v      24.67013395     -21.07927994    -0.4039596175
v      24.69579219     -21.08256766    -0.4068231851
v      24.69593843     -21.08440892    -0.4087519306
v      24.72230494     -21.14532106      -0.24294084
v      24.72244655     -21.14707396    -0.2446576309
v      24.72258817     -21.14882687    -0.2463744218
v      24.69846255     -21.14638228    -0.2444146041
v      24.66601528     -21.14421005    -0.2428729909
v      24.62296743     -21.14336476    -0.2428253905
v      24.56698359     -21.14514431    -0.2455872381
v      24.49607142     -21.15180135    -0.2534042637
v      24.40875046     -21.16415723    -0.2671089836
v      24.30438662     -21.18190352    -0.2864103683
v      24.18379396     -21.20344833    -0.3097322143
v      24.04942504     -21.22461772    -0.3329359166
v      23.90613735     -21.24008917    -0.3507126357
v       23.7616536     -21.24864364    -0.3617264305
v      23.62409538     -21.25269733    -0.3681998452
v      23.49968463     -21.25317775     -0.370929674
v      23.39223156      -21.2509618    -0.3707068695
v      23.30307894     -21.24660474    -0.3680517025
v      23.23161292     -21.24056987    -0.3634297248
v      23.17609952     -21.23290393    -0.3569182869
v      23.13472057     -21.22280989    -0.3477686056
v      23.10759373     -21.20847064    -0.3341962017
v      23.09829912      -21.1909738    -0.3172028989
v      23.10471184     -21.17306586    -0.2995212021
v      23.12934382     -21.15729624    -0.2836061521
v      23.16876992     -21.14485696    -0.2706891309
v      23.22274953     -21.13428058    -0.2593351649
v      23.29291209     -21.12473879    -0.2487021938
v      23.38086889     -21.11569431    -0.2382339668
v      23.48731869      -21.1075915    -0.2283536685
v      23.61103461     -21.10102859    -0.2196703554
v      23.74830901     -21.09619339    -0.2124355393
v      23.89315544      -21.0935739    -0.2072365663
v      24.03815402     -21.09420972    -0.2052278549
v      24.17578272     -21.09840433    -0.2068436385
v        24.299979     -21.10478824    -0.2108506818
v      24.40708347     -21.11199593    -0.2159760419
v      24.49592233     -21.11895459    -0.2211887254
v      24.56725502     -21.12521396    -0.2260333196
v      24.62305049     -21.13057603    -0.2302798633
v       24.6657905      -21.1351131    -0.2339541966
v      24.69802162     -21.13879285    -0.2369783914
v      24.72202172     -21.14181525    -0.2395072581
v      24.72216333     -21.14356816     -0.241224049
v      24.74852522     -21.20439195   -0.07520100389
v      24.74866221      -21.2060565   -0.07670584027
v      24.74879919     -21.20772105   -0.07821067665
v      24.72634215     -21.20551349   -0.07651546817
v      24.69614232     -21.20360421   -0.07519473103
v       24.6560822     -21.20300594   -0.07519369234
v      24.60399247     -21.20496273   -0.07766769406
v      24.53802587     -21.21162405   -0.08458726736
v      24.45680723     -21.22377721   -0.09668361037
v      24.35974558     -21.24113221    -0.1137022007
v      24.24759371     -21.26217293    -0.1342605402
v       24.1226214     -21.28292251    -0.1547283342
v      23.98933292     -21.29830158    -0.1704471655
v      23.85491091     -21.30711532    -0.1802386247
v      23.72691997     -21.31162047    -0.1860433578
v      23.61115263     -21.31266854    -0.1885539681
v      23.51115701     -21.31107446     -0.188460218
v      23.42818427     -21.30735934     -0.186216917
v      23.36166458      -21.3019662    -0.1822327565
v      23.30998454     -21.29494772    -0.1765771824
v       23.2714499     -21.28555536     -0.168595516
v      23.24616478     -21.27206234    -0.1567233394
v       23.2374638     -21.25548486    -0.1418354853
v      23.24337785     -21.23844214    -0.1263293261
v      23.26625194     -21.22334414    -0.1123546208
v      23.30290241     -21.21133953    -0.1009940589
v      23.35310099     -21.20103544    -0.0909899438
v      23.41836148     -21.19163723   -0.08160256996
v      23.50018164     -21.18262681   -0.07234279461
v        23.599213     -21.17442302   -0.06358092884
v      23.71431571         -21.1676   -0.05585204221
v      23.84204021     -21.16235378   -0.04938011905
v      23.97681736     -21.15917643     -0.044685696
v      24.11174575     -21.15909085    -0.0427877707
v      24.23982678     -21.16242111   -0.04407410982
v      24.35541496     -21.16789504   -0.04746936709
v      24.45510102     -21.17423284   -0.05186111641
v      24.53778952     -21.18042093   -0.05634667965
v      24.60418581     -21.18602796   -0.06052611585
v      24.65612148     -21.19085648   -0.06419597579
v      24.69590612     -21.19496335   -0.06737656568
v       24.7259093     -21.19830575   -0.06999716522
v      24.74825125     -21.20106284   -0.07219133114
v      24.74838824      -21.2027274   -0.07369616751
v       24.7747455     -21.26346284    0.09253883216
v      24.77487786     -21.26503904    0.09124595031
v      24.77501021     -21.26661524    0.08995306846
v      24.75422176     -21.26464469    0.09138366773
v      24.72626936     -21.26299838    0.09248352887
v      24.68919697     -21.26264712    0.09243800582
v      24.64100135     -21.26478116    0.09025184993
v      24.57998033     -21.27144676      0.084229729
v        24.504864     -21.28339719    0.07374176287
v      24.41510454     -21.30036091    0.05900596685
v      24.31139346     -21.32089752     0.0412111338
v      24.19581776      -21.3412273    0.02347924825
v      24.07252849     -21.35651398   0.009818304593
v      23.94816821     -21.36558699   0.001249181193
v      23.82974456      -21.3705436  -0.003886870301
v      23.72262062     -21.37215933   -0.00617826227
v      23.63008246     -21.37118713  -0.006213566477
v       23.5532896     -21.36811394  -0.004382131483
v      23.49171624     -21.36336254  -0.001035788166
v      23.44386956     -21.35699151   0.003763922182
v      23.40817924     -21.34830082    0.01057757349
v      23.38473582     -21.33565403     0.0207495229
v      23.37662848     -21.31999592    0.03353192818
v      23.38204386     -21.30381842     0.0468625499
v      23.40316007     -21.28939203    0.05889691045
v       23.4370349     -21.27782211      0.068701013
v      23.48345246      -21.2677903    0.07735527726
v      23.54381087     -21.25853566    0.08549705392
v      23.61949438     -21.24955932    0.09354837755
v      23.71110731     -21.24125455     0.1011918108
v      23.81759681     -21.23417141      0.107966271
v      23.93577141     -21.22851417     0.1136753012
v      24.06047927     -21.22477897     0.1178651743
v      24.18533748     -21.22397198     0.1196523135
v      24.30387084     -21.22643789     0.1186954189
v      24.41085091     -21.23100184     0.1159119476
v      24.50311857     -21.23646975     0.1122538091
v      24.57965671     -21.24188727     0.1084953661
v      24.64111661     -21.24684197     0.1049810879
v      24.68919248     -21.25113694     0.1018879117
v      24.72602174      -21.2548136    0.09920106525
v      24.75379697     -21.25781866    0.09698406093
v      24.77448078     -21.26031043    0.09512459587
v      24.77461314     -21.26188664    0.09383171402
v      24.80096578     -21.32253373     0.2602786682
v      24.80109351     -21.32402158     0.2591977409
v      24.80122124     -21.32550943     0.2581168136
v      24.78210136     -21.32377589     0.2592828036
v       24.7563964     -21.32239255     0.2601617888
v      24.72231174      -21.3222883      0.260069704
v      24.67801023     -21.32459958     0.2581713939
v      24.62193478     -21.33126946     0.2530467254
v      24.55292077     -21.34301717     0.2441671361
v       24.4704635      -21.3595896     0.2317141344
v      24.37519321     -21.37962211     0.2166828078
v      24.26901413     -21.39953209     0.2016868307
v      24.15572406     -21.41472638     0.1900837747
v      24.04142552     -21.42405867      0.182736987
v      23.93256915     -21.42946674     0.1782696172
v      23.83408862     -21.43165012     0.1761974436
v      23.74900791     -21.43129979      0.176033085
v      23.67839494     -21.42886854      0.177452654
v       23.6217679     -21.42475888     0.1801611801
v      23.57775458     -21.41903529     0.1841050267
v      23.54490858     -21.41104629      0.189750663
v      23.52330686     -21.39924573     0.1982223852
v      23.51579315     -21.38450697     0.2088993417
v      23.52070987     -21.36919469     0.2200544259
v       23.5400682     -21.35543992     0.2301484417
v       23.5711674     -21.34430468     0.2383960849
v      23.61380392     -21.33454516     0.2457004983
v      23.66926025      -21.3254341     0.2525966778
v      23.73880712     -21.31649182     0.2594395497
v      23.82300163     -21.30808608     0.2659645505
v      23.92087791     -21.30074282     0.2717845842
v      24.02950261     -21.29467456     0.2767307214
v      24.14414118      -21.2903815     0.2804160446
v      24.25892921     -21.28885312     0.2820923977
v       24.3679149     -21.29045466     0.2814649475
v      24.46628686     -21.29410864     0.2792932623
v      24.55113612     -21.29870666     0.2763687345
v      24.62152391     -21.30335361     0.2733374119
v       24.6780474     -21.30765598     0.2704882916
v      24.72226347     -21.31141739     0.2679717992
v      24.75613735     -21.31466385     0.2657786962
v      24.78168465     -21.31733157     0.2639652871
v      24.80071032     -21.31955802     0.2624405229
v      24.80083805     -21.32104588     0.2613595955
v      24.82718605     -21.38160462     0.4280185043
v      24.82730916     -21.38300412     0.4271495315
v      24.82743226     -21.38440362     0.4262805587
v      24.80998096     -21.38290709     0.4271819395
v      24.78652344     -21.38178672     0.4278400487
v      24.75542651     -21.38192948     0.4277014021
v      24.71501911     -21.38441801     0.4260909379
v      24.66388923     -21.39109217     0.4218637217
v      24.60097754     -21.40263715     0.4145925093
v      24.52582246     -21.41881829      0.404422302
v      24.43899295      -21.4383467     0.3921544819
v      24.34221049     -21.45783688     0.3798944132
v      24.23891963     -21.47293879     0.3703492449
v      24.13468282     -21.48253035     0.3642247929
v      24.03539375     -21.48838987     0.3604261046
v      23.94555661     -21.49114091     0.3585731494
v      23.86793336     -21.49141246     0.3582797365
v      23.80350027     -21.48962314     0.3592874396
v      23.75181956     -21.48615521     0.3613581484
v      23.71163959     -21.48107908     0.3644461313
v      23.68163792     -21.47379175     0.3689237526
v       23.6618779     -21.46283743     0.3756952475
v      23.65495783     -21.44901803     0.3842667552
v      23.65937587     -21.43457097     0.3932463019
v      23.67697632     -21.42148782      0.401399973
v      23.70529989     -21.41078725     0.4080911569
v      23.74415538     -21.40130002     0.4140457194
v      23.79470964     -21.39233253     0.4196963017
v      23.85811986     -21.38342433     0.4253307219
v      23.93489594      -21.3749176     0.4307372901
v        24.024159     -21.36731422     0.4356028973
v      24.12323382     -21.36083495     0.4397861417
v       24.2278031     -21.35598404     0.4429669148
v      24.33252094     -21.35373425     0.4445324819
v      24.43195896     -21.35447144     0.4442344762
v      24.52172282     -21.35721544      0.442674577
v      24.59915367     -21.36094357       0.44048366
v       24.6633911     -21.36481995     0.4381794576
v      24.71497819     -21.36846999     0.4359954954
v      24.75533447     -21.37169784     0.4340556867
v      24.78625297      -21.3745141     0.4323563271
v      24.80957232     -21.37684447     0.4309465133
v      24.82693985     -21.37880561     0.4297564499
v      24.82706295     -21.38020511     0.4288874771
v      24.85340633     -21.44067551     0.5957583403
v      24.85352481     -21.44198666     0.5951013221
v      24.85364328     -21.44329781     0.5944443038
v      24.83786056     -21.44203829     0.5950810754
v      24.81665048     -21.44118089     0.5955183086
v      24.78854128     -21.44157066     0.5953331003
v      24.75202798     -21.44423643     0.5940104819
v      24.70584368     -21.45091487     0.5906807181
v      24.64903431     -21.46225713     0.5850178826
v      24.58118142     -21.47804698     0.5771304695
v       24.5027927      -21.4970713     0.5676261559
v      24.41540685     -21.51614167     0.5581019956
v       24.3221152     -21.53115119      0.550614715
v      24.22794012     -21.54100203     0.5457125987
v      24.13821834     -21.54731301     0.5425825921
v      24.05702461     -21.55063171     0.5409488553
v      23.98685881     -21.55152512      0.540526388
v       23.9286056     -21.55037774     0.5411222251
v      23.88187122     -21.54755155     0.5425551168
v      23.84552461     -21.54312287     0.5447872359
v      23.81836725     -21.53653722     0.5480968421
v      23.80044894     -21.52642913     0.5531681098
v      23.79412251     -21.51352909     0.5596341687
v      23.79804188     -21.49994725     0.5664381779
v      23.81388445     -21.48753571     0.5726515042
v      23.83943239     -21.47726983     0.5777862288
v      23.87450685     -21.46805488     0.5823909404
v      23.92015902     -21.45923096     0.5867959256
v       23.9774326     -21.45035684      0.591221894
v      24.04679025     -21.44174913     0.5955100298
v       24.1274401     -21.43388563     0.5994212105
v      24.21696502     -21.42699534     0.6028415619
v      24.31146501     -21.42158657     0.6055177851
v      24.40611267     -21.41861538      0.606972566
v      24.49600302     -21.41848822     0.6070040049
v      24.57715877     -21.42032224     0.6060558917
v      24.64717122     -21.42318047     0.6045985854
v      24.70525829     -21.42628629     0.6030215033
v      24.75190899       -21.429284     0.6015026991
v      24.78840546     -21.43197829     0.6001395742
v      24.81636859     -21.43436434      0.598933958
v         24.83746     -21.43635738     0.5979277394
v      24.85316938      -21.4380532     0.5970723769
v      24.85328786     -21.43936435     0.5964153586
v      24.87962661      -21.4997464     0.7634981764
v      24.87974046      -21.5009692     0.7630531127
v       24.8798543       -21.502192     0.7626080489
v      24.86574016     -21.50116949     0.7629802113
v      24.84677751     -21.50057506     0.7631965684
v      24.82165605     -21.50121184     0.7629647985
v      24.78903686     -21.50405485     0.7619300259
v      24.74779813     -21.51073758     0.7594977145
v      24.69709108     -21.52187711     0.7554432558
v      24.63654039     -21.53727567     0.7498386371
v      24.56659245     -21.55579589     0.7430978299
v      24.48860321     -21.57444646      0.736309578
v      24.40531077     -21.58936359     0.7308801852
v      24.32119743     -21.59947371     0.7272004046
v      24.24104293     -21.60623614     0.7247390796
v       24.1684926      -21.6101225     0.7233245611
v      24.10578426     -21.61163779     0.7227730395
v      24.05371093     -21.61113233     0.7229570106
v      24.01192288     -21.60894789     0.7237520851
v      23.97940963     -21.60516665     0.7251283404
v      23.95509659     -21.59928268     0.7272699316
v      23.93901998     -21.59002082     0.7306409721
v      23.93328718     -21.57804015     0.7350015823
v      23.93670789     -21.56532352     0.7396300539
v      23.95079258      -21.5535836     0.7439030355
v      23.97356488      -21.5437524     0.7474813008
v      24.00485831     -21.53480974     0.7507361615
v      24.04560841      -21.5261294     0.7538955494
v      24.09674534     -21.51728934     0.7571130662
v      24.15868456     -21.50858065     0.7602827695
v       24.2307212     -21.50045704     0.7632395237
v      24.31069622     -21.49315573     0.7658969822
v      24.39512692     -21.48718911     0.7680686554
v       24.4797044     -21.48349651     0.7694126502
v      24.56004707     -21.48250499     0.7697735335
v      24.63259472     -21.48342905     0.7694372064
v      24.69518876     -21.48541738     0.7687135109
v      24.74712549     -21.48775263     0.7678635491
v      24.78883978     -21.49009801     0.7670099029
v      24.82147646     -21.49225874     0.7662234617
v      24.84648421     -21.49421459      0.765511589
v      24.86534767     -21.49587029     0.7649089656
v      24.87939891     -21.49730079     0.7643883039
v      24.87951276     -21.49852359     0.7639432401
v      24.87968353      -21.5003578     0.7632756445
v      24.86564204     -21.49984469     0.7634623999
v      24.84670419     -21.49898494     0.7637753236
v      24.82161115     -21.49897356     0.7637794643
v      24.78898759     -21.50056564     0.7631999952
v      24.74762997     -21.50499134     0.7615891731
v       24.6966155     -21.51276218     0.7587608196
v      24.63555397     -21.52381402     0.7547382794
v       24.5649561     -21.53747316     0.7497667558
v      24.48637851     -21.55170897     0.7445853461
v      24.40276481     -21.56381997     0.7401773027
v      24.31857213     -21.57289421      0.736874549
v       24.2384625     -21.57979136     0.7343641906
v      24.16604059     -21.58473704     0.7325641132
v      24.10352453     -21.58805068     0.7313580462
v       24.0516853      -21.5898816     0.7306916453
v      24.01015673     -21.59041335     0.7304981042
v      23.97794844     -21.58981309     0.7307165805
v      23.95402059     -21.58785791     0.7314282076
v      23.93844196      -21.5838465     0.7328882426
v      23.93728591     -21.57149785     0.7373827835
v      23.95186858     -21.56500837     0.7397447595
v      23.97502607     -21.55910596     0.7418930607
v      24.00662445     -21.55334428     0.7439901424
v      24.04763404     -21.54738013     0.7461609147
v      24.09900507     -21.54087645     0.7485280595
v      24.16113657     -21.53396612     0.7510432174
v      24.23330163     -21.52690181     0.7536144127
v      24.31332152     -21.51973523     0.7562228378
v      24.39767289     -21.51273273     0.7587715378
v       24.4819291       -21.506234     0.7611368822
v      24.56168342     -21.50082772     0.7631046076
v      24.63358114      -21.4968907      0.764537564
v      24.69566434     -21.49453231     0.7653959471
v      24.74729365     -21.49349887     0.7657720904
v      24.78888905     -21.49358722     0.7657399336
v      24.82152136     -21.49449701     0.7654087959
v      24.84655753     -21.49580471     0.7649328338
v       24.8654458     -21.49719509      0.764426777
v      24.87956969       -21.499135     0.7637207083
v      24.86554392     -21.49851989     0.7639445885
v      24.84663086     -21.49739482     0.7643540787
v      24.82156625     -21.49673529     0.7645941301
v      24.78893832     -21.49707643     0.7644699644
v      24.74746181      -21.4992451     0.7636806318
v      24.69613992     -21.50364725     0.7620783834
v      24.63456755     -21.51035236     0.7596379217
v      24.56331976     -21.51915044     0.7564356817
v      24.48415381     -21.52897149     0.7528611141
v      24.40021885     -21.53827635     0.7494744203
v      24.31594682     -21.54631472     0.7465486934
v      24.23588207     -21.55334659     0.7439893017
v      24.16358858     -21.55935158     0.7418036653
v       24.1012648     -21.56446357     0.7399430528
v      24.04965967     -21.56863087       0.73842628
v      24.00839059     -21.57187881     0.7372441233
v      23.97648726     -21.57445953     0.7363048206
v      23.95294458     -21.57643314     0.7355864836
v      23.93786394     -21.57767217      0.735135513
v      22.11808135      7.094863528                1
v      22.11808135      7.087588976     0.9497667463
v               22              6.9                1
v      22.11808135      7.067254662     0.9036572107
v      22.11808135      7.036094596     0.8639054044
v      22.11808135      6.996342789     0.8327453384
v      22.11808135      6.950233254     0.8124110239
v      22.11808135              6.9     0.8051364722
v      22.11808135      6.849766746     0.8124110239
v      22.11808135      6.803657211     0.8327453384
v      22.11808135      6.763905404     0.8639054044
v      22.11808135      6.732745338     0.9036572107
v      22.11808135      6.712411024     0.9497667463
v      22.11808135      6.705136472                1
v      22.11808135      6.712411024      1.050233254
v      22.11808135      6.732745338      1.096342789
v      22.11808135      6.763905404      1.136094596
v      22.11808135      6.803657211      1.167254662
v      22.11808135      6.849766746      1.187588976
v      22.11808135              6.9      1.194863528
v      22.11808135      6.950233254      1.187588976
v      22.11808135      6.996342789      1.167254662
v      22.11808135      7.036094596      1.136094596
v      22.11808135      7.067254662      1.096342789
v      22.11808135      7.087588976      1.050233254
v      22.22162495      7.365971469                1
v      22.22162495      7.348967114     0.8779233423
v      22.22162495      7.301202613     0.7671154588
v      22.22162495      7.227550807     0.6724491928
v      22.22162495      7.132884541     0.5987973874
v      22.22162495      7.022076658     0.5510328858
v      22.22162495              6.9     0.5340285312
v      22.22162495      6.777923342     0.5510328858
v      22.22162495      6.667115459     0.5987973874
v      22.22162495      6.572449193     0.6724491928
v      22.22162495      6.498797387     0.7671154588
v      22.22162495      6.451032886     0.8779233423
v      22.22162495      6.434028531                1
v      22.22162495      6.451032886      1.122076658
v      22.22162495      6.498797387      1.232884541
v      22.22162495      6.572449193      1.327550807
v      22.22162495      6.667115459      1.401202613
v      22.22162495      6.777923342      1.448967114
v      22.22162495              6.9      1.465971469
v      22.22162495      7.022076658      1.448967114
v      22.22162495      7.132884541      1.401202613
v      22.22162495      7.227550807      1.327550807
v      22.22162495      7.301202613      1.232884541
v      22.22162495      7.348967114      1.122076658
v      22.33612786      7.644647646                1
v      22.33612786      7.617797367     0.8032968854
v      22.33612786      7.542179028     0.6257668449
v      22.33612786      7.425191375      0.474808625
v      22.33612786      7.274233155     0.3578209722
v      22.33612786      7.096703115     0.2822026331
v      22.33612786              6.9     0.2553523541
v      22.33612786      6.703296885     0.2822026331
v      22.33612786      6.525766845     0.3578209722
v      22.33612786      6.374808625      0.474808625
v      22.33612786      6.257820972     0.6257668449
v      22.33612786      6.182202633     0.8032968854
v      22.33612786      6.155352354                1
v      22.33612786      6.182202633      1.196703115
v      22.33612786      6.257820972      1.374233155
v      22.33612786      6.374808625      1.525191375
v      22.33612786      6.525766845      1.642179028
v      22.33612786      6.703296885      1.717797367
v      22.33612786              6.9      1.744647646
v      22.33612786      7.096703115      1.717797367
v      22.33612786      7.274233155      1.642179028
v      22.33612786      7.425191375      1.525191375
v      22.33612786      7.542179028      1.374233155
v      22.33612786      7.617797367      1.196703115
v      22.48708718      7.862215882                1
v      22.48708718      7.827742687     0.7447144731
v      22.48708718      7.730519082     0.5150034694
v      22.48708718      7.579839039     0.3201609605
v      22.48708718      7.384996531      0.169480918
v      22.48708718      7.155285527    0.07225731328
v      22.48708718              6.9    0.03778411804
v      22.48708718      6.644714473    0.07225731328
v      22.48708718      6.415003469      0.169480918
v      22.48708718      6.220160961     0.3201609605
v      22.48708718      6.069480918     0.5150034694
v      22.48708718      5.972257313     0.7447144731
v      22.48708718      5.937784118                1
v      22.48708718      5.972257313      1.255285527
v      22.48708718      6.069480918      1.484996531
v      22.48708718      6.220160961      1.679839039
v      22.48708718      6.415003469      1.830519082
v      22.48708718      6.644714473      1.927742687
v      22.48708718              6.9      1.962215882
v      22.48708718      7.155285527      1.927742687
v      22.48708718      7.384996531      1.830519082
v      22.48708718      7.579839039      1.679839039
v      22.48708718      7.730519082      1.484996531
v      22.48708718      7.827742687      1.255285527
v             22.7             7.95                1
v             22.7      7.912466026     0.7210032029
v             22.7       7.80655795      0.470217433
v             22.7      7.642316541     0.2576834591
v             22.7      7.429782567    0.09344204984
v             22.7      7.178996797   -0.01246602609
v             22.7              6.9            -0.05
v             22.7      6.621003203   -0.01246602609
v             22.7      6.370217433    0.09344204984
v             22.7      6.157683459     0.2576834591
v             22.7       5.99344205      0.470217433
v             22.7      5.887533974     0.7210032029
v             22.7             5.85                1
v             22.7      5.887533974      1.278996797
v             22.7       5.99344205      1.529782567
v             22.7      6.157683459      1.742316541
v             22.7      6.370217433       1.90655795
v             22.7      6.621003203      2.012466026
v             22.7              6.9             2.05
v             22.7      7.178996797      2.012466026
v             22.7      7.429782567       1.90655795
v             22.7      7.642316541      1.742316541
v             22.7       7.80655795      1.529782567
v             22.7      7.912466026      1.278996797
v      23.01152051           7.9916                1
v      23.01152051      7.952578966     0.7099496155
v      23.01152051      7.842474913     0.4492279523
v      23.01152051      7.671726415     0.2282735847
v      23.01152051      7.450772048    0.05752508724
v      23.01152051      7.190050385   -0.05257896579
v      23.01152051              6.9          -0.0916
v      23.01152051      6.609949615   -0.05257896579
v      23.01152051      6.349227952    0.05752508724
v      23.01152051      6.128273585     0.2282735847
v      23.01152051      5.957525087     0.4492279523
v      23.01152051      5.847421034     0.7099496155
v      23.01152051           5.8084                1
v      23.01152051      5.847421034      1.290050385
v      23.01152051      5.957525087      1.550772048
v      23.01152051      6.128273585      1.771726415
v      23.01152051      6.349227952      1.942474913
v      23.01152051      6.609949615      2.052578966
v      23.01152051              6.9           2.0916
v      23.01152051      7.190050385      2.052578966
v      23.01152051      7.450772048      1.942474913
v      23.01152051      7.671726415      1.771726415
v      23.01152051      7.842474913      1.550772048
v      23.01152051      7.952578966      1.290050385
v      23.41569522           8.0908                1
v      23.41569522      8.048232899     0.6835910609
v      23.41569522      7.928123054     0.3991761136
v      23.41569522      7.741857654     0.1581423458
v      23.41569522      7.500823886   -0.02812305433
v      23.41569522      7.216408939    -0.1482328989
v      23.41569522              6.9          -0.1908
v      23.41569522      6.583591061    -0.1482328989
v      23.41569522      6.299176114   -0.02812305433
v      23.41569522      6.058142346     0.1581423458
v      23.41569522      5.871876946     0.3991761136
v      23.41569522      5.751767101     0.6835910609
v      23.41569522           5.7092                1
v      23.41569522      5.751767101      1.316408939
v      23.41569522      5.871876946      1.600823886
v      23.41569522      6.058142346      1.841857654
v      23.41569522      6.299176114      2.028123054
v      23.41569522      6.583591061      2.148232899
v      23.41569522              6.9           2.1908
v      23.41569522      7.216408939      2.148232899
v      23.41569522      7.500823886      2.028123054
v      23.41569522      7.741857654      1.841857654
v      23.41569522      7.928123054      1.600823886
v      23.41569522      8.048232899      1.316408939
v      23.87410968           8.2092                1
v      23.87410968      8.162400497     0.6521308507
v      23.87410968      8.030348256     0.3394368222
v      23.87410968      7.825562681    0.07443731872
v      23.87410968      7.560563178    -0.1303482556
v      23.87410968      7.247869149    -0.2624004965
v      23.87410968              6.9          -0.3092
v      23.87410968      6.552130851    -0.2624004965
v      23.87410968      6.239436822    -0.1303482556
v      23.87410968      5.974437319    0.07443731872
v      23.87410968      5.769651744     0.3394368222
v      23.87410968      5.637599503     0.6521308507
v      23.87410968           5.5908                1
v      23.87410968      5.637599503      1.347869149
v      23.87410968      5.769651744      1.660563178
v      23.87410968      5.974437319      1.925562681
v      23.87410968      6.239436822      2.130348256
v      23.87410968      6.552130851      2.262400497
v      23.87410968              6.9           2.3092
v      23.87410968      7.247869149      2.262400497
v      23.87410968      7.560563178      2.130348256
v      23.87410968      7.825562681      1.925562681
v      23.87410968      8.030348256      1.660563178
v      23.87410968      8.162400497      1.347869149
v      24.34834943           8.3084                1
v      24.34834943       8.25805443     0.6257722961
v      24.34834943      8.115996397     0.2893849835
v      24.34834943       7.89569392   0.004306079814
v      24.34834943      7.610615017    -0.2159963971
v      24.34834943      7.274227704    -0.3580544297
v      24.34834943              6.9          -0.4084
v      24.34834943      6.525772296    -0.3580544297
v      24.34834943      6.189384983    -0.2159963971
v      24.34834943       5.90430608   0.004306079814
v      24.34834943      5.684003603     0.2893849835
v      24.34834943       5.54194557     0.6257722961
v      24.34834943           5.4916                1
v      24.34834943       5.54194557      1.374227704
v      24.34834943      5.684003603      1.710615017
v      24.34834943       5.90430608       1.99569392
v      24.34834943      6.189384983      2.215996397
v      24.34834943      6.525772296       2.35805443
v      24.34834943              6.9           2.4084
v      24.34834943      7.274227704       2.35805443
v      24.34834943      7.610615017      2.215996397
v      24.34834943       7.89569392       1.99569392
v      24.34834943      8.115996397      1.710615017
v      24.34834943       8.25805443      1.374227704
v             24.8             8.35                1
v             24.8      8.298167369     0.6147187087
v             24.8       8.15191336     0.2683955027
v             24.8      7.925103795   -0.02510379457
v             24.8      7.631604497    -0.2519133597
v             24.8      7.285281291    -0.3981673694
v             24.8              6.9            -0.45
v             24.8      6.514718709    -0.3981673694
v             24.8      6.168395503    -0.2519133597
v             24.8      5.874896205   -0.02510379457
v             24.8       5.64808664     0.2683955027
v             24.8      5.501832631     0.6147187087
v             24.8             5.45                1
v             24.8      5.501832631      1.385281291
v             24.8       5.64808664      1.731604497
v             24.8      5.874896205      2.025103795
v             24.8      6.168395503       2.25191336
v             24.8      6.514718709      2.398167369
v             24.8              6.9             2.45
v             24.8      7.285281291      2.398167369
v             24.8      7.631604497       2.25191336
v             24.8      7.925103795      2.025103795
v             24.8       8.15191336      1.731604497
v             24.8      8.298167369      1.385281291
v      25.29116321           8.3344                1
v      25.29116321      8.283125017      0.618863804
v      25.29116321      8.138444499      0.276266558
v      25.29116321      7.914075092   -0.01407509168
v      25.29116321      7.623733442    -0.2384444988
v      25.29116321      7.281136196     -0.383125017
v      25.29116321              6.9          -0.4344
v      25.29116321      6.518863804     -0.383125017
v      25.29116321      6.176266558    -0.2384444988
v      25.29116321      5.885924908   -0.01407509168
v      25.29116321      5.661555501      0.276266558
v      25.29116321      5.516874983      0.618863804
v      25.29116321           5.4656                1
v      25.29116321      5.516874983      1.381136196
v      25.29116321      5.661555501      1.723733442
v      25.29116321      5.885924908      2.014075092
v      25.29116321      6.176266558      2.238444499
v      25.29116321      6.518863804      2.383125017
v      25.29116321              6.9           2.4344
v      25.29116321      7.281136196      2.383125017
v      25.29116321      7.623733442      2.238444499
v      25.29116321      7.914075092      2.014075092
v      25.29116321      8.138444499      1.723733442
v      25.29116321      8.283125017      1.381136196
v      25.87242824           8.2972                1
v      25.87242824      8.247254792      0.628748262
v      25.87242824      8.106326446     0.2950359975
v      25.87242824      7.887775877    0.01222412292
v      25.87242824      7.604964002    -0.2063264457
v      25.87242824      7.271251738    -0.3472547921
v      25.87242824              6.9          -0.3972
v      25.87242824      6.528748262    -0.3472547921
v      25.87242824      6.195035998    -0.2063264457
v      25.87242824      5.912224123    0.01222412292
v      25.87242824      5.693673554     0.2950359975
v      25.87242824      5.552745208      0.628748262
v      25.87242824           5.5028                1
v      25.87242824      5.552745208      1.371251738
v      25.87242824      5.693673554      1.704964002
v      25.87242824      5.912224123      1.987775877
v      25.87242824      6.195035998      2.206326446
v      25.87242824      6.528748262      2.347254792
v      25.87242824              6.9           2.3972
v      25.87242824      7.271251738      2.347254792
v      25.87242824      7.604964002      2.206326446
v      25.87242824      7.887775877      1.987775877
v      25.87242824      8.106326446      1.704964002
v      25.87242824      8.247254792      1.371251738
v      26.48811166           8.2528                1
v      26.48811166      8.204441943     0.6405458408
v      26.48811166      8.067991995     0.3174382318
v      26.48811166      7.856386492    0.04361350807
v      26.48811166      7.582561768    -0.1679919952
v      26.48811166      7.259454159    -0.3044419429
v      26.48811166              6.9          -0.3528
v      26.48811166      6.540545841    -0.3044419429
v      26.48811166      6.217438232    -0.1679919952
v      26.48811166      5.943613508    0.04361350807
v      26.48811166      5.732008005     0.3174382318
v      26.48811166      5.595558057     0.6405458408
v      26.48811166           5.5472                1
v      26.48811166      5.595558057      1.359454159
v      26.48811166      5.732008005      1.682561768
v      26.48811166      5.943613508      1.956386492
v      26.48811166      6.217438232      2.167991995
v      26.48811166      6.540545841      2.304441943
v      26.48811166              6.9           2.3528
v      26.48811166      7.259454159      2.304441943
v      26.48811166      7.582561768      2.167991995
v      26.48811166      7.856386492      1.956386492
v      26.48811166      8.067991995      1.682561768
v      26.48811166      8.204441943      1.359454159
v      27.08253006           8.2156                1
v      27.08253006      8.168571718     0.6504302988
v      27.08253006      8.035873942     0.3362076713
v      27.08253006      7.830087277    0.06991272267
v      27.08253006      7.563792329    -0.1358739421
v      27.08253006      7.249569701     -0.268571718
v      27.08253006              6.9          -0.3156
v      27.08253006      6.550430299     -0.268571718
v      27.08253006      6.236207671    -0.1358739421
v      27.08253006      5.969912723    0.06991272267
v      27.08253006      5.764126058     0.3362076713
v      27.08253006      5.631428282     0.6504302988
v      27.08253006           5.5844                1
v      27.08253006      5.631428282      1.349569701
v      27.08253006      5.764126058      1.663792329
v      27.08253006      5.969912723      1.930087277
v      27.08253006      6.236207671      2.135873942
v      27.08253006      6.550430299      2.268571718
v      27.08253006              6.9           2.3156
v      27.08253006      7.249569701      2.268571718
v      27.08253006      7.563792329      2.135873942
v      27.08253006      7.830087277      1.930087277
v      27.08253006      8.035873942      1.663792329
v      27.08253006      8.168571718      1.349569701
v             27.6              8.2                1
v             27.6      8.153529366      0.654575394
v             27.6      8.022405081     0.3440787266
v             27.6      7.819058574    0.08094142556
v             27.6      7.555921273    -0.1224050811
v             27.6      7.245424606    -0.2535293656
v             27.6              6.9             -0.3
v             27.6      6.554575394    -0.2535293656
v             27.6      6.244078727    -0.1224050811
v             27.6      5.980941426    0.08094142556
v             27.6      5.777594919     0.3440787266
v             27.6      5.646470634      0.654575394
v             27.6              5.6                1
v             27.6      5.646470634      1.345424606
v             27.6      5.777594919      1.655921273
v             27.6      5.980941426      1.919058574
v             27.6      6.244078727      2.122405081
v             27.6      6.554575394      2.253529366
v             27.6              6.9              2.3
v             27.6      7.245424606      2.253529366
v             27.6      7.555921273      2.122405081
v             27.6      7.819058574      1.919058574
v             27.6      8.022405081      1.655921273
v             27.6      8.153529366      1.345424606
v      28.05320896      8.103869169                1
v      28.05320896      8.060694037     0.6808226986
v      28.05320896      7.938956097     0.3934834574
v      28.05320896      7.750336537     0.1496634633
v      28.05320896      7.506516543   -0.03895609704
v      28.05320896      7.219177301    -0.1606940369
v      28.05320896              6.9    -0.2038691694
v      28.05320896      6.580822699    -0.1606940369
v      28.05320896      6.293483457   -0.03895609704
v      28.05320896      6.049663463     0.1496634633
v      28.05320896      5.861043903     0.3934834574
v      28.05320896      5.739305963     0.6808226986
v      28.05320896      5.696130831                1
v      28.05320896      5.739305963      1.319177301
v      28.05320896      5.861043903      1.606516543
v      28.05320896      6.049663463      1.850336537
v      28.05320896      6.293483457      2.038956097
v      28.05320896      6.580822699      2.160694037
v      28.05320896              6.9      2.203869169
v      28.05320896      7.219177301      2.160694037
v      28.05320896      7.506516543      2.038956097
v      28.05320896      7.750336537      1.850336537
v      28.05320896      7.938956097      1.606516543
v      28.05320896      8.060694037      1.319177301
v      28.48310539      7.859607508                1
v      28.48310539      7.824882205     0.7471342919
v      28.48310539      7.727161926     0.5185297701
v      28.48310539      7.576130118     0.3238698818
v      28.48310539       7.38147023     0.1728380744
v      28.48310539      7.152865708    0.07511779528
v      28.48310539              6.9    0.04039249171
v      28.48310539      6.647134292    0.07511779528
v      28.48310539       6.41852977     0.1728380744
v      28.48310539      6.223869882     0.3238698818
v      28.48310539      6.072838074     0.5185297701
v      28.48310539      5.975117795     0.7471342919
v      28.48310539      5.940392492                1
v      28.48310539      5.975117795      1.252865708
v      28.48310539      6.072838074       1.48147023
v      28.48310539      6.223869882      1.676130118
v      28.48310539       6.41852977      1.827161926
v      28.48310539      6.647134292      1.924882205
v      28.48310539              6.9      1.959607508
v      28.48310539      7.152865708      1.924882205
v      28.48310539       7.38147023      1.827161926
v      28.48310539      7.576130118      1.676130118
v      28.48310539      7.727161926       1.48147023
v      28.48310539      7.824882205      1.252865708
v      28.87639733      7.533411262                1
v      28.87639733        7.5101351     0.8348646936
v      28.87639733      7.444851738     0.6844658447
v      28.87639733      7.344378861     0.5556211389
v      28.87639733      7.215534155      0.455148262
v      28.87639733      7.065135306     0.3898648996
v      28.87639733              6.9     0.3665887376
v      28.87639733      6.734864694     0.3898648996
v      28.87639733      6.584465845      0.455148262
v      28.87639733      6.455621139     0.5556211389
v      28.87639733      6.355148262     0.6844658447
v      28.87639733        6.2898649     0.8348646936
v      28.87639733      6.266588738                1
v      28.87639733        6.2898649      1.165135306
v      28.87639733      6.355148262      1.315534155
v      28.87639733      6.455621139      1.444378861
v      28.87639733      6.584465845      1.544851738
v      28.87639733      6.734864694        1.6101351
v      28.87639733              6.9      1.633411262
v      28.87639733      7.065135306        1.6101351
v      28.87639733      7.215534155      1.544851738
v      28.87639733      7.344378861      1.444378861
v      28.87639733      7.444851738      1.315534155
v      28.87639733        7.5101351      1.165135306
v      29.21979285      7.191476678                1
v      29.21979285      7.180493955     0.9253684231
v      29.21979285      7.149854706     0.8565398613
v      29.21979285      7.103022308     0.7969776923
v      29.21979285      7.043460139     0.7501452942
v      29.21979285      6.974631577     0.7195060449
v      29.21979285              6.9     0.7085233223
v      29.21979285      6.825368423     0.7195060449
v      29.21979285      6.756539861     0.7501452942
v      29.21979285      6.696977692     0.7969776923
v      29.21979285      6.650145294     0.8565398613
v      29.21979285      6.619506045     0.9253684231
v      29.21979285      6.608523322                1
v      29.21979285      6.619506045      1.074631577
v      29.21979285      6.650145294      1.143460139
v      29.21979285      6.696977692      1.203022308
v      29.21979285      6.756539861      1.249854706
v      29.21979285      6.825368423      1.280493955
v      29.21979285              6.9      1.291476678
v      29.21979285      6.974631577      1.280493955
v      29.21979285      7.043460139      1.249854706
v      29.21979285      7.103022308      1.203022308
v      29.21979285      7.149854706      1.143460139
v      29.21979285      7.180493955      1.074631577
v             29.5              6.9                1
v      22.11808135     -7.094863528                1
v               22             -6.9                1
v      22.11808135     -7.087588976     0.9497667463
v      22.11808135     -7.067254662     0.9036572107
v      22.11808135     -7.036094596     0.8639054044
v      22.11808135     -6.996342789     0.8327453384
v      22.11808135     -6.950233254     0.8124110239
v      22.11808135             -6.9     0.8051364722
v      22.11808135     -6.849766746     0.8124110239
v      22.11808135     -6.803657211     0.8327453384
v      22.11808135     -6.763905404     0.8639054044
v      22.11808135     -6.732745338     0.9036572107
v      22.11808135     -6.712411024     0.9497667463
v      22.11808135     -6.705136472                1
v      22.11808135     -6.712411024      1.050233254
v      22.11808135     -6.732745338      1.096342789
v      22.11808135     -6.763905404      1.136094596
v      22.11808135     -6.803657211      1.167254662
v      22.11808135     -6.849766746      1.187588976
v      22.11808135             -6.9      1.194863528
v      22.11808135     -6.950233254      1.187588976
v      22.11808135     -6.996342789      1.167254662
v      22.11808135     -7.036094596      1.136094596
v      22.11808135     -7.067254662      1.096342789
v      22.11808135     -7.087588976      1.050233254
v      22.22162495     -7.365971469                1
v      22.22162495     -7.348967114     0.8779233423
v      22.22162495     -7.301202613     0.7671154588
v      22.22162495     -7.227550807     0.6724491928
v      22.22162495     -7.132884541     0.5987973874
v      22.22162495     -7.022076658     0.5510328858
v      22.22162495             -6.9     0.5340285312
v      22.22162495     -6.777923342     0.5510328858
v      22.22162495     -6.667115459     0.5987973874
v      22.22162495     -6.572449193     0.6724491928
v      22.22162495     -6.498797387     0.7671154588
v      22.22162495     -6.451032886     0.8779233423
v      22.22162495     -6.434028531                1
v      22.22162495     -6.451032886      1.122076658
v      22.22162495     -6.498797387      1.232884541
v      22.22162495     -6.572449193      1.327550807
v      22.22162495     -6.667115459      1.401202613
v      22.22162495     -6.777923342      1.448967114
v      22.22162495             -6.9      1.465971469
v      22.22162495     -7.022076658      1.448967114
v      22.22162495     -7.132884541      1.401202613
v      22.22162495     -7.227550807      1.327550807
v      22.22162495     -7.301202613      1.232884541
v      22.22162495     -7.348967114      1.122076658
v      22.33612786     -7.644647646                1
v      22.33612786     -7.617797367     0.8032968854
v      22.33612786     -7.542179028     0.6257668449
v      22.33612786     -7.425191375      0.474808625
v      22.33612786     -7.274233155     0.3578209722
v      22.33612786     -7.096703115     0.2822026331
v      22.33612786             -6.9     0.2553523541
v      22.33612786     -6.703296885     0.2822026331
v      22.33612786     -6.525766845     0.3578209722
v      22.33612786     -6.374808625      0.474808625
v      22.33612786     -6.257820972     0.6257668449
v      22.33612786     -6.182202633     0.8032968854
v      22.33612786     -6.155352354                1
v      22.33612786     -6.182202633      1.196703115
v      22.33612786     -6.257820972      1.374233155
v      22.33612786     -6.374808625      1.525191375
v      22.33612786     -6.525766845      1.642179028
v      22.33612786     -6.703296885      1.717797367
v      22.33612786             -6.9      1.744647646
v      22.33612786     -7.096703115      1.717797367
v      22.33612786     -7.274233155      1.642179028
v      22.33612786     -7.425191375      1.525191375
v      22.33612786     -7.542179028      1.374233155
v      22.33612786     -7.617797367      1.196703115
v      22.48708718     -7.862215882                1
v      22.48708718     -7.827742687     0.7447144731
v      22.48708718     -7.730519082     0.5150034694
v      22.48708718     -7.579839039     0.3201609605
v      22.48708718     -7.384996531      0.169480918
v      22.48708718     -7.155285527    0.07225731328
v      22.48708718             -6.9    0.03778411804
v      22.48708718     -6.644714473    0.07225731328
v      22.48708718     -6.415003469      0.169480918
v      22.48708718     -6.220160961     0.3201609605
v      22.48708718     -6.069480918     0.5150034694
v      22.48708718     -5.972257313     0.7447144731
v      22.48708718     -5.937784118                1
v      22.48708718     -5.972257313      1.255285527
v      22.48708718     -6.069480918      1.484996531
v      22.48708718     -6.220160961      1.679839039
v      22.48708718     -6.415003469      1.830519082
v      22.48708718     -6.644714473      1.927742687
v      22.48708718             -6.9      1.962215882
v      22.48708718     -7.155285527      1.927742687
v      22.48708718     -7.384996531      1.830519082
v      22.48708718     -7.579839039      1.679839039
v      22.48708718     -7.730519082      1.484996531
v      22.48708718     -7.827742687      1.255285527
v             22.7            -7.95                1
v             22.7     -7.912466026     0.7210032029
v             22.7      -7.80655795      0.470217433
v             22.7     -7.642316541     0.2576834591
v             22.7     -7.429782567    0.09344204984
v             22.7     -7.178996797   -0.01246602609
v             22.7             -6.9            -0.05
v             22.7     -6.621003203   -0.01246602609
v             22.7     -6.370217433    0.09344204984
v             22.7     -6.157683459     0.2576834591
v             22.7      -5.99344205      0.470217433
v             22.7     -5.887533974     0.7210032029
v             22.7            -5.85                1
v             22.7     -5.887533974      1.278996797
v             22.7      -5.99344205      1.529782567
v             22.7     -6.157683459      1.742316541
v             22.7     -6.370217433       1.90655795
v             22.7     -6.621003203      2.012466026
v             22.7             -6.9             2.05
v             22.7     -7.178996797      2.012466026
v             22.7     -7.429782567       1.90655795
v             22.7     -7.642316541      1.742316541
v             22.7      -7.80655795      1.529782567
v             22.7     -7.912466026      1.278996797
v      23.01152051          -7.9916                1
v      23.01152051     -7.952578966     0.7099496155
v      23.01152051     -7.842474913     0.4492279523
v      23.01152051     -7.671726415     0.2282735847
v      23.01152051     -7.450772048    0.05752508724
v      23.01152051     -7.190050385   -0.05257896579
v      23.01152051             -6.9          -0.0916
v      23.01152051     -6.609949615   -0.05257896579
v      23.01152051     -6.349227952    0.05752508724
v      23.01152051     -6.128273585     0.2282735847
v      23.01152051     -5.957525087     0.4492279523
v      23.01152051     -5.847421034     0.7099496155
v      23.01152051          -5.8084                1
v      23.01152051     -5.847421034      1.290050385
v      23.01152051     -5.957525087      1.550772048
v      23.01152051     -6.128273585      1.771726415
v      23.01152051     -6.349227952      1.942474913
v      23.01152051     -6.609949615      2.052578966
v      23.01152051             -6.9           2.0916
v      23.01152051     -7.190050385      2.052578966
v      23.01152051     -7.450772048      1.942474913
v      23.01152051     -7.671726415      1.771726415
v      23.01152051     -7.842474913      1.550772048
v      23.01152051     -7.952578966      1.290050385
v      23.41569522          -8.0908                1
v      23.41569522     -8.048232899     0.6835910609
v      23.41569522     -7.928123054     0.3991761136
v      23.41569522     -7.741857654     0.1581423458
v      23.41569522     -7.500823886   -0.02812305433
v      23.41569522     -7.216408939    -0.1482328989
v      23.41569522             -6.9          -0.1908
v      23.41569522     -6.583591061    -0.1482328989
v      23.41569522     -6.299176114   -0.02812305433
v      23.41569522     -6.058142346     0.1581423458
v      23.41569522     -5.871876946     0.3991761136
v      23.41569522     -5.751767101     0.6835910609
v      23.41569522          -5.7092                1
v      23.41569522     -5.751767101      1.316408939
v      23.41569522     -5.871876946      1.600823886
v      23.41569522     -6.058142346      1.841857654
v      23.41569522     -6.299176114      2.028123054
v      23.41569522     -6.583591061      2.148232899
v      23.41569522             -6.9           2.1908
v      23.41569522     -7.216408939      2.148232899
v      23.41569522     -7.500823886      2.028123054
v      23.41569522     -7.741857654      1.841857654
v      23.41569522     -7.928123054      1.600823886
v      23.41569522     -8.048232899      1.316408939
v      23.87410968          -8.2092                1
v      23.87410968     -8.162400497     0.6521308507
v      23.87410968     -8.030348256     0.3394368222
v      23.87410968     -7.825562681    0.07443731872
v      23.87410968     -7.560563178    -0.1303482556
v      23.87410968     -7.247869149    -0.2624004965
v      23.87410968             -6.9          -0.3092
v      23.87410968     -6.552130851    -0.2624004965
v      23.87410968     -6.239436822    -0.1303482556
v      23.87410968     -5.974437319    0.07443731872
v      23.87410968     -5.769651744     0.3394368222
v      23.87410968     -5.637599503     0.6521308507
v      23.87410968          -5.5908                1
v      23.87410968     -5.637599503      1.347869149
v      23.87410968     -5.769651744      1.660563178
v      23.87410968     -5.974437319      1.925562681
v      23.87410968     -6.239436822      2.130348256
v      23.87410968     -6.552130851      2.262400497
v      23.87410968             -6.9           2.3092
v      23.87410968     -7.247869149      2.262400497
v      23.87410968     -7.560563178      2.130348256
v      23.87410968     -7.825562681      1.925562681
v      23.87410968     -8.030348256      1.660563178
v      23.87410968     -8.162400497      1.347869149
v      24.34834943          -8.3084                1
v      24.34834943      -8.25805443     0.6257722961
v      24.34834943     -8.115996397     0.2893849835
v      24.34834943      -7.89569392   0.004306079814
v      24.34834943     -7.610615017    -0.2159963971
v      24.34834943     -7.274227704    -0.3580544297
v      24.34834943             -6.9          -0.4084
v      24.34834943     -6.525772296    -0.3580544297
v      24.34834943     -6.189384983    -0.2159963971
v      24.34834943      -5.90430608   0.004306079814
v      24.34834943     -5.684003603     0.2893849835
v      24.34834943      -5.54194557     0.6257722961
v      24.34834943          -5.4916                1
v      24.34834943      -5.54194557      1.374227704
v      24.34834943     -5.684003603      1.710615017
v      24.34834943      -5.90430608       1.99569392
v      24.34834943     -6.189384983      2.215996397
v      24.34834943     -6.525772296       2.35805443
v      24.34834943             -6.9           2.4084
v      24.34834943     -7.274227704       2.35805443
v      24.34834943     -7.610615017      2.215996397
v      24.34834943      -7.89569392       1.99569392
v      24.34834943     -8.115996397      1.710615017
v      24.34834943      -8.25805443      1.374227704
v             24.8            -8.35                1
v             24.8     -8.298167369     0.6147187087
v             24.8      -8.15191336     0.2683955027
v             24.8     -7.925103795   -0.02510379457
v             24.8     -7.631604497    -0.2519133597
v             24.8     -7.285281291    -0.3981673694
v             24.8             -6.9            -0.45
v             24.8     -6.514718709    -0.3981673694
v             24.8     -6.168395503    -0.2519133597
v             24.8     -5.874896205   -0.02510379457
v             24.8      -5.64808664     0.2683955027
v             24.8     -5.501832631     0.6147187087
v             24.8            -5.45                1
v             24.8     -5.501832631      1.385281291
v             24.8      -5.64808664      1.731604497
v             24.8     -5.874896205      2.025103795
v             24.8     -6.168395503       2.25191336
v             24.8     -6.514718709      2.398167369
v             24.8             -6.9             2.45
v             24.8     -7.285281291      2.398167369
v             24.8     -7.631604497       2.25191336
v             24.8     -7.925103795      2.025103795
v             24.8      -8.15191336      1.731604497
v             24.8     -8.298167369      1.385281291
v      25.29116321     -8.283125017      0.618863804
v      25.29116321          -8.3344                1
v      25.29116321     -8.138444499      0.276266558
v      25.29116321     -7.914075092   -0.01407509168
v      25.29116321     -7.623733442    -0.2384444988
v      25.29116321     -7.281136196     -0.383125017
v      25.29116321             -6.9          -0.4344
v      25.29116321     -6.518863804     -0.383125017
v      25.29116321     -6.176266558    -0.2384444988
v      25.29116321     -5.885924908   -0.01407509168
v      25.29116321     -5.661555501      0.276266558
v      25.29116321     -5.516874983      0.618863804
v      25.29116321          -5.4656                1
v      25.29116321     -5.516874983      1.381136196
v      25.29116321     -5.661555501      1.723733442
v      25.29116321     -5.885924908      2.014075092
v      25.29116321     -6.176266558      2.238444499
v      25.29116321     -6.518863804      2.383125017
v      25.29116321             -6.9           2.4344
v      25.29116321     -7.281136196      2.383125017
v      25.29116321     -7.623733442      2.238444499
v      25.29116321     -7.914075092      2.014075092
v      25.29116321     -8.138444499      1.723733442
v      25.29116321     -8.283125017      1.381136196
v      25.87242824     -8.247254792      0.628748262
v      25.87242824          -8.2972                1
v      25.87242824     -8.106326446     0.2950359975
v      25.87242824     -7.887775877    0.01222412292
v      25.87242824     -7.604964002    -0.2063264457
v      25.87242824     -7.271251738    -0.3472547921
v      25.87242824             -6.9          -0.3972
v      25.87242824     -6.528748262    -0.3472547921
v      25.87242824     -6.195035998    -0.2063264457
v      25.87242824     -5.912224123    0.01222412292
v      25.87242824     -5.693673554     0.2950359975
v      25.87242824     -5.552745208      0.628748262
v      25.87242824          -5.5028                1
v      25.87242824     -5.552745208      1.371251738
v      25.87242824     -5.693673554      1.704964002
v      25.87242824     -5.912224123      1.987775877
v      25.87242824     -6.195035998      2.206326446
v      25.87242824     -6.528748262      2.347254792
v      25.87242824             -6.9           2.3972
v      25.87242824     -7.271251738      2.347254792
v      25.87242824     -7.604964002      2.206326446
v      25.87242824     -7.887775877      1.987775877
v      25.87242824     -8.106326446      1.704964002
v      25.87242824     -8.247254792      1.371251738
v      26.48811166     -8.204441943     0.6405458408
v      26.48811166          -8.2528                1
v      26.48811166     -8.067991995     0.3174382318
v      26.48811166     -7.856386492    0.04361350807
v      26.48811166     -7.582561768    -0.1679919952
v      26.48811166     -7.259454159    -0.3044419429
v      26.48811166             -6.9          -0.3528
v      26.48811166     -6.540545841    -0.3044419429
v      26.48811166     -6.217438232    -0.1679919952
v      26.48811166     -5.943613508    0.04361350807
v      26.48811166     -5.732008005     0.3174382318
v      26.48811166     -5.595558057     0.6405458408
v      26.48811166          -5.5472                1
v      26.48811166     -5.595558057      1.359454159
v      26.48811166     -5.732008005      1.682561768
v      26.48811166     -5.943613508      1.956386492
v      26.48811166     -6.217438232      2.167991995
v      26.48811166     -6.540545841      2.304441943
v      26.48811166             -6.9           2.3528
v      26.48811166     -7.259454159      2.304441943
v      26.48811166     -7.582561768      2.167991995
v      26.48811166     -7.856386492      1.956386492
v      26.48811166     -8.067991995      1.682561768
v      26.48811166     -8.204441943      1.359454159
v      27.08253006     -8.168571718     0.6504302988
v      27.08253006          -8.2156                1
v      27.08253006     -8.035873942     0.3362076713
v      27.08253006     -7.830087277    0.06991272267
v      27.08253006     -7.563792329    -0.1358739421
v      27.08253006     -7.249569701     -0.268571718
v      27.08253006             -6.9          -0.3156
v      27.08253006     -6.550430299     -0.268571718
v      27.08253006     -6.236207671    -0.1358739421
v      27.08253006     -5.969912723    0.06991272267
v      27.08253006     -5.764126058     0.3362076713
v      27.08253006     -5.631428282     0.6504302988
v      27.08253006          -5.5844                1
v      27.08253006     -5.631428282      1.349569701
v      27.08253006     -5.764126058      1.663792329
v      27.08253006     -5.969912723      1.930087277
v      27.08253006     -6.236207671      2.135873942
v      27.08253006     -6.550430299      2.268571718
v      27.08253006             -6.9           2.3156
v      27.08253006     -7.249569701      2.268571718
v      27.08253006     -7.563792329      2.135873942
v      27.08253006     -7.830087277      1.930087277
v      27.08253006     -8.035873942      1.663792329
v      27.08253006     -8.168571718      1.349569701
v             27.6     -8.153529366      0.654575394
v             27.6             -8.2                1
v             27.6     -8.022405081     0.3440787266
v             27.6     -7.819058574    0.08094142556
v             27.6     -7.555921273    -0.1224050811
v             27.6     -7.245424606    -0.2535293656
v             27.6             -6.9             -0.3
v             27.6     -6.554575394    -0.2535293656
v             27.6     -6.244078727    -0.1224050811
v             27.6     -5.980941426    0.08094142556
v             27.6     -5.777594919     0.3440787266
v             27.6     -5.646470634      0.654575394
v             27.6             -5.6                1
v             27.6     -5.646470634      1.345424606
v             27.6     -5.777594919      1.655921273
v             27.6     -5.980941426      1.919058574
v             27.6     -6.244078727      2.122405081
v             27.6     -6.554575394      2.253529366
v             27.6             -6.9              2.3
v             27.6     -7.245424606      2.253529366
v             27.6     -7.555921273      2.122405081
v             27.6     -7.819058574      1.919058574
v             27.6     -8.022405081      1.655921273
v             27.6     -8.153529366      1.345424606
v      28.05320896     -8.060694037     0.6808226986
v      28.05320896     -8.103869169                1
v      28.05320896     -7.938956097     0.3934834574
v      28.05320896     -7.750336537     0.1496634633
v      28.05320896     -7.506516543   -0.03895609704
v      28.05320896     -7.219177301    -0.1606940369
v      28.05320896             -6.9    -0.2038691694
v      28.05320896     -6.580822699    -0.1606940369
v      28.05320896     -6.293483457   -0.03895609704
v      28.05320896     -6.049663463     0.1496634633
v      28.05320896     -5.861043903     0.3934834574
v      28.05320896     -5.739305963     0.6808226986
v      28.05320896     -5.696130831                1
v      28.05320896     -5.739305963      1.319177301
v      28.05320896     -5.861043903      1.606516543
v      28.05320896     -6.049663463      1.850336537
v      28.05320896     -6.293483457      2.038956097
v      28.05320896     -6.580822699      2.160694037
v      28.05320896             -6.9      2.203869169
v      28.05320896     -7.219177301      2.160694037
v      28.05320896     -7.506516543      2.038956097
v      28.05320896     -7.750336537      1.850336537
v      28.05320896     -7.938956097      1.606516543
v      28.05320896     -8.060694037      1.319177301
v      28.48310539     -7.824882205     0.7471342919
v      28.48310539     -7.859607508                1
v      28.48310539     -7.727161926     0.5185297701
v      28.48310539     -7.576130118     0.3238698818
v      28.48310539      -7.38147023     0.1728380744
v      28.48310539     -7.152865708    0.07511779528
v      28.48310539             -6.9    0.04039249171
v      28.48310539     -6.647134292    0.07511779528
v      28.48310539      -6.41852977     0.1728380744
v      28.48310539     -6.223869882     0.3238698818
v      28.48310539     -6.072838074     0.5185297701
v      28.48310539     -5.975117795     0.7471342919
v      28.48310539     -5.940392492                1
v      28.48310539     -5.975117795      1.252865708
v      28.48310539     -6.072838074       1.48147023
v      28.48310539     -6.223869882      1.676130118
v      28.48310539      -6.41852977      1.827161926
v      28.48310539     -6.647134292      1.924882205
v      28.48310539             -6.9      1.959607508
v      28.48310539     -7.152865708      1.924882205
v      28.48310539      -7.38147023      1.827161926
v      28.48310539     -7.576130118      1.676130118
v      28.48310539     -7.727161926       1.48147023
v      28.48310539     -7.824882205      1.252865708
v      28.87639733       -7.5101351     0.8348646936
v      28.87639733     -7.533411262                1
v      28.87639733     -7.444851738     0.6844658447
v      28.87639733     -7.344378861     0.5556211389
v      28.87639733     -7.215534155      0.455148262
v      28.87639733     -7.065135306     0.3898648996
v      28.87639733             -6.9     0.3665887376
v      28.87639733     -6.734864694     0.3898648996
v      28.87639733     -6.584465845      0.455148262
v      28.87639733     -6.455621139     0.5556211389
v      28.87639733     -6.355148262     0.6844658447
v      28.87639733       -6.2898649     0.8348646936
v      28.87639733     -6.266588738                1
v      28.87639733       -6.2898649      1.165135306
v      28.87639733     -6.355148262      1.315534155
v      28.87639733     -6.455621139      1.444378861
v      28.87639733     -6.584465845      1.544851738
v      28.87639733     -6.734864694        1.6101351
v      28.87639733             -6.9      1.633411262
v      28.87639733     -7.065135306        1.6101351
v      28.87639733     -7.215534155      1.544851738
v      28.87639733     -7.344378861      1.444378861
v      28.87639733     -7.444851738      1.315534155
v      28.87639733       -7.5101351      1.165135306
v      29.21979285     -7.180493955     0.9253684231
v      29.21979285     -7.191476678                1
v      29.21979285     -7.149854706     0.8565398613
v      29.21979285     -7.103022308     0.7969776923
v      29.21979285     -7.043460139     0.7501452942
v      29.21979285     -6.974631577     0.7195060449
v      29.21979285             -6.9     0.7085233223
v      29.21979285     -6.825368423     0.7195060449
v      29.21979285     -6.756539861     0.7501452942
v      29.21979285     -6.696977692     0.7969776923
v      29.21979285     -6.650145294     0.8565398613
v      29.21979285     -6.619506045     0.9253684231
v      29.21979285     -6.608523322                1
v      29.21979285     -6.619506045      1.074631577
v      29.21979285     -6.650145294      1.143460139
v      29.21979285     -6.696977692      1.203022308
v      29.21979285     -6.756539861      1.249854706
v      29.21979285     -6.825368423      1.280493955
v      29.21979285             -6.9      1.291476678
v      29.21979285     -6.974631577      1.280493955
v      29.21979285     -7.043460139      1.249854706
v      29.21979285     -7.103022308      1.203022308
v      29.21979285     -7.149854706      1.143460139
v      29.21979285     -7.180493955      1.074631577
v             29.5             -6.9                1
v             24.5              6.9               -2
v      24.43134228              6.9               -2
v      24.43134228      6.903577147               -2
v      24.33265592              6.9               -2
v      24.33265592      6.908596827               -2
v      24.19373327              6.9               -2
v      24.19373327      6.915426184               -2
v      24.00380383              6.9               -2
v      24.00380383      6.924332764               -2
v      23.75426416              6.9               -2
v      23.75426416      6.935301374               -2
v      23.44299446              6.9               -2
v      23.44299446      6.947793745               -2
v      23.07891894              6.9               -2
v      23.07891894      6.960562147               -2
v      22.68377905              6.9               -2
v      22.68377905      6.971680501               -2
v      22.28828791        6.9789946               -2
v      22.28828791              6.9               -2
v      21.92335016      6.980946459               -2
v      21.92335016              6.9               -2
v      21.61118441      6.977249372               -2
v      21.61118441              6.9               -2
v       21.3612803      6.968780358               -2
v       21.3612803              6.9               -2
v      21.17204085      6.956884802               -2
v      21.17204085              6.9               -2
v      21.03551724      6.942479379               -2
v      21.03551724              6.9               -2
v       20.9428685      6.925055175               -2
v       20.9428685              6.9               -2
v             20.9              6.9               -2
v       20.9428685      6.874944825               -2
v      21.03551724      6.857520621               -2
v      21.17204085      6.843115198               -2
v       21.3612803      6.831219642               -2
v      21.61118441      6.822750628               -2
v      21.92335016      6.819053541               -2
v      22.28828791        6.8210054               -2
v      22.68377905      6.828319499               -2
v      23.07891894      6.839437853               -2
v      23.44299446      6.852206255               -2
v      23.75426416      6.864698626               -2
v      24.00380383      6.875667236               -2
v      24.19373327      6.884573816               -2
v      24.33265592      6.891403173               -2
v      24.43134228      6.896422853               -2
v      24.43134228      6.907154295               -2
v      24.33265592      6.917193654               -2
v      24.19373327      6.930852368               -2
v      24.00380383      6.948665528               -2
v      23.75426416      6.970602749               -2
v      23.44299446       6.99558749               -2
v      23.07891894      7.021124294               -2
v      22.68377905      7.043361002               -2
v      22.28828791      7.057989199               -2
v      21.92335016      7.061892919               -2
v      21.61118441      7.054498743               -2
v       21.3612803      7.037560715               -2
v      21.17204085      7.013769603               -2
v      21.03551724      6.984958757               -2
v       20.9428685      6.950110349               -2
v       20.9428685      6.849889651               -2
v      21.03551724      6.815041243               -2
v      21.17204085      6.786230397               -2
v       21.3612803      6.762439285               -2
v      21.61118441      6.745501257               -2
v      21.92335016      6.738107081               -2
v      22.28828791      6.742010801               -2
v      22.68377905      6.756638998               -2
v      23.07891894      6.778875706               -2
v      23.44299446       6.80441251               -2
v      23.75426416      6.829397251               -2
v      24.00380383      6.851334472               -2
v      24.19373327      6.869147632               -2
v      24.33265592      6.882806346               -2
v      24.43134228      6.892845705               -2
v       24.6486663              6.9     -1.542857143
v        24.583278      6.906813614     -1.542857143
v      24.48929099      6.916374909     -1.542857143
v       24.3569837      6.929383208     -1.542857143
v      24.17609852      6.946348122     -1.542857143
v      23.93844169      6.967240713     -1.542857143
v      23.64199436      6.991035705     -1.542857143
v      23.29525577      7.015356471     -1.542857143
v      22.91893207      7.036534288     -1.542857143
v      22.54227384      7.050465904     -1.542857143
v      22.19471408      7.054183732     -1.542857143
v      21.89741336       7.04714166     -1.542857143
v      21.65940945      7.031010205     -1.542857143
v       21.4791814      7.008352003     -1.542857143
v      21.34915891      6.980913102     -1.542857143
v      21.26092201      6.947724142     -1.542857143
v      21.22009487              6.9     -1.542857143
v      21.26092201      6.852275858     -1.542857143
v      21.34915891      6.819086898     -1.542857143
v       21.4791814      6.791647997     -1.542857143
v      21.65940945      6.768989795     -1.542857143
v      21.89741336       6.75285834     -1.542857143
v      22.19471408      6.745816268     -1.542857143
v      22.54227384      6.749534096     -1.542857143
v      22.91893207      6.763465712     -1.542857143
v      23.29525577      6.784643529     -1.542857143
v      23.64199436      6.808964295     -1.542857143
v      23.93844169      6.832759287     -1.542857143
v      24.17609852      6.853651878     -1.542857143
v       24.3569837      6.870616792     -1.542857143
v      24.48929099      6.883625091     -1.542857143
v        24.583278      6.893186386     -1.542857143
v      24.79733261              6.9     -1.085714286
v      24.73521372      6.906472933     -1.085714286
v      24.64592606      6.915556163     -1.085714286
v      24.52023413      6.927914048     -1.085714286
v      24.34839321      6.944030716     -1.085714286
v      24.12261923      6.963878677     -1.085714286
v      23.84099426       6.98648392     -1.085714286
v       23.5115926      7.009588647     -1.085714286
v      23.15408508      7.029707574     -1.085714286
v      22.79625977      7.042942609     -1.085714286
v      22.46607799      7.046474545     -1.085714286
v      22.18364231      7.039784577     -1.085714286
v       21.9575386      7.024459695     -1.085714286
v      21.78632194      7.002934403     -1.085714286
v      21.66280058      6.976867447     -1.085714286
v      21.57897553      6.945337935     -1.085714286
v      21.54018975              6.9     -1.085714286
v      21.57897553      6.854662065     -1.085714286
v      21.66280058      6.823132553     -1.085714286
v      21.78632194      6.797065597     -1.085714286
v       21.9575386      6.775540305     -1.085714286
v      22.18364231      6.760215423     -1.085714286
v      22.46607799      6.753525455     -1.085714286
v      22.79625977      6.757057391     -1.085714286
v      23.15408508      6.770292426     -1.085714286
v       23.5115926      6.790411353     -1.085714286
v      23.84099426       6.81351608     -1.085714286
v      24.12261923      6.836121323     -1.085714286
v      24.34839321      6.855969284     -1.085714286
v      24.52023413      6.872085952     -1.085714286
v      24.64592606      6.884443837     -1.085714286
v      24.73521372      6.893527067     -1.085714286
v      24.94599891              6.9    -0.6285714286
v      24.88714944      6.906132252    -0.6285714286
v      24.80256113      6.914737418    -0.6285714286
v      24.68348457      6.926444887    -0.6285714286
v      24.52068791       6.94171331    -0.6285714286
v      24.30679676      6.960516642    -0.6285714286
v      24.03999416      6.981932134    -0.6285714286
v      23.72792943      7.003820824    -0.6285714286
v       23.3892381      7.022880859    -0.6285714286
v      23.05024569      7.035419314    -0.6285714286
v      22.73744191      7.038765359    -0.6285714286
v      22.46987126      7.032427494    -0.6285714286
v      22.25566774      7.017909185    -0.6285714286
v      22.09346249      6.997516803    -0.6285714286
v      21.97644225      6.972821792    -0.6285714286
v      21.89702905      6.942951728    -0.6285714286
v      21.86028462              6.9    -0.6285714286
v      21.89702905      6.857048272    -0.6285714286
v      21.97644225      6.827178208    -0.6285714286
v      22.09346249      6.802483197    -0.6285714286
v      22.25566774      6.782090815    -0.6285714286
v      22.46987126      6.767572506    -0.6285714286
v      22.73744191      6.761234641    -0.6285714286
v      23.05024569      6.764580686    -0.6285714286
v       23.3892381      6.777119141    -0.6285714286
v      23.72792943      6.796179176    -0.6285714286
v      24.03999416      6.818067866    -0.6285714286
v      24.30679676      6.839483358    -0.6285714286
v      24.52068791       6.85828669    -0.6285714286
v      24.68348457      6.873555113    -0.6285714286
v      24.80256113      6.885262582    -0.6285714286
v      24.88714944      6.893867748    -0.6285714286
v      25.09466521              6.9    -0.1714285714
v      25.03908516      6.905791572    -0.1714285714
v       24.9591962      6.913918672    -0.1714285714
v        24.846735      6.924975727    -0.1714285714
v       24.6929826      6.939395904    -0.1714285714
v      24.49097429      6.957154606    -0.1714285714
v      24.23899406      6.977380349    -0.1714285714
v      23.94426626         6.998053    -0.1714285714
v      23.62439111      7.016054145    -0.1714285714
v      23.30423162      7.027896019    -0.1714285714
v      23.00880582      7.031056172    -0.1714285714
v      22.75610021      7.025070411    -0.1714285714
v      22.55379689      7.011358674    -0.1714285714
v      22.40060304      6.992099203    -0.1714285714
v      22.29008393      6.968776137    -0.1714285714
v      22.21508257      6.940565521    -0.1714285714
v       22.1803795              6.9    -0.1714285714
v      22.21508257      6.859434479    -0.1714285714
v      22.29008393      6.831223863    -0.1714285714
v      22.40060304      6.807900797    -0.1714285714
v      22.55379689      6.788641326    -0.1714285714
v      22.75610021      6.774929589    -0.1714285714
v      23.00880582      6.768943828    -0.1714285714
v      23.30423162      6.772103981    -0.1714285714
v      23.62439111      6.783945855    -0.1714285714
v      23.94426626         6.801947    -0.1714285714
v      24.23899406      6.822619651    -0.1714285714
v      24.49097429      6.842845394    -0.1714285714
v       24.6929826      6.860604096    -0.1714285714
v        24.846735      6.875024273    -0.1714285714
v       24.9591962      6.886081328    -0.1714285714
v      25.03908516      6.894208428    -0.1714285714
v      25.19102087      6.905450891     0.2857142857
v      25.24333152              6.9     0.2857142857
v      25.11583127      6.913099927     0.2857142857
v      25.00998543      6.923506566     0.2857142857
v      24.86527729      6.937078498     0.2857142857
v      24.67515183       6.95379257     0.2857142857
v      24.43799396      6.972828564     0.2857142857
v      24.16060309      6.992285176     0.2857142857
v      23.85954413       7.00922743     0.2857142857
v      23.55821755      7.020372723     0.2857142857
v      23.28016974      7.023346986     0.2857142857
v      23.04232916      7.017713328     0.2857142857
v      22.85192603      7.004808164     0.2857142857
v      22.70774359      6.986681603     0.2857142857
v       22.6037256      6.964730482     0.2857142857
v      22.53313608      6.938179314     0.2857142857
v      22.50047437              6.9     0.2857142857
v      22.53313608      6.861820686     0.2857142857
v       22.6037256      6.835269518     0.2857142857
v      22.70774359      6.813318397     0.2857142857
v      22.85192603      6.795191836     0.2857142857
v      23.04232916      6.782286672     0.2857142857
v      23.28016974      6.776653014     0.2857142857
v      23.55821755      6.779627277     0.2857142857
v      23.85954413       6.79077257     0.2857142857
v      24.16060309      6.807714824     0.2857142857
v      24.43799396      6.827171436     0.2857142857
v      24.67515183       6.84620743     0.2857142857
v      24.86527729      6.862921502     0.2857142857
v      25.00998543      6.876493434     0.2857142857
v      25.11583127      6.886900073     0.2857142857
v      25.19102087      6.894549109     0.2857142857
v      25.34295659       6.90511021     0.7428571429
v      25.39199782              6.9     0.7428571429
v      25.27246633      6.912281181     0.7428571429
v      25.17323587      6.922037406     0.7428571429
v      25.03757198      6.934761092     0.7428571429
v      24.85932936      6.950430535     0.7428571429
v      24.63699386      6.968276779     0.7428571429
v      24.37693992      6.986517353     0.7428571429
v      24.09469714      7.002400716     0.7428571429
v      23.81220347      7.012849428     0.7428571429
v      23.55153365      7.015637799     0.7428571429
v      23.32855811      7.010356245     0.7428571429
v      23.15005518      6.998257654     0.7428571429
v      23.01488414      6.981264002     0.7428571429
v      22.91736727      6.960684826     0.7428571429
v       22.8511896      6.935793107     0.7428571429
v      22.82056925              6.9     0.7428571429
v       22.8511896      6.864206893     0.7428571429
v      22.91736727      6.839315174     0.7428571429
v      23.01488414      6.818735998     0.7428571429
v      23.15005518      6.801742346     0.7428571429
v      23.32855811      6.789643755     0.7428571429
v      23.55153365      6.784362201     0.7428571429
v      23.81220347      6.787150572     0.7428571429
v      24.09469714      6.797599284     0.7428571429
v      24.37693992      6.813482647     0.7428571429
v      24.63699386      6.831723221     0.7428571429
v      24.85932936      6.849569465     0.7428571429
v      25.03757198      6.865238908     0.7428571429
v      25.17323587      6.877962594     0.7428571429
v      25.27246633      6.887718819     0.7428571429
v      25.34295659       6.89488979     0.7428571429
v      25.49489231       6.90476953              1.2
v      25.54066412              6.9              1.2
v       25.4291014      6.911462436              1.2
v       25.3364863      6.920568246              1.2
v      25.20986668      6.932443686              1.2
v      25.04350689      6.947068499              1.2
v      24.83599376      6.963724993              1.2
v      24.59327675      6.980749529              1.2
v      24.32985016      6.995574002              1.2
v       24.0661894      7.005326133              1.2
v      23.82289757      7.007928612              1.2
v      23.61478706      7.002999162              1.2
v      23.44818433      6.991707144              1.2
v      23.32202469      6.975846402              1.2
v      23.23100895      6.956639171              1.2
v      23.16924312      6.933406899              1.2
v      23.14066412              6.9              1.2
v      23.16924312      6.866593101              1.2
v      23.23100895      6.843360829              1.2
v      23.32202469      6.824153598              1.2
v      23.44818433      6.808292856              1.2
v      23.61478706      6.797000838              1.2
v      23.82289757      6.792071388              1.2
v       24.0661894      6.794673867              1.2
v      24.32985016      6.804425998              1.2
v      24.59327675      6.819250471              1.2
v      24.83599376      6.836275007              1.2
v      25.04350689      6.852931501              1.2
v      25.20986668      6.867556314              1.2
v       25.3364863      6.879431754              1.2
v       25.4291014      6.888537564              1.2
v      25.49489231       6.89523047              1.2
v      25.49489231      6.902384765              1.2
v       25.4291014      6.905731218              1.2
v       25.3364863      6.910284123              1.2
v      25.20986668      6.916221843              1.2
v      25.04350689       6.92353425              1.2
v      24.83599376      6.931862497              1.2
v      24.59327675      6.940374765              1.2
v      24.32985016      6.947787001              1.2
v       24.0661894      6.952663066              1.2
v      23.82289757      6.953964306              1.2
v      23.61478706      6.951499581              1.2
v      23.44818433      6.945853572              1.2
v      23.32202469      6.937923201              1.2
v      23.23100895      6.928319586              1.2
v      23.16924312       6.91670345              1.2
v      23.16924312       6.88329655              1.2
v      23.23100895      6.871680414              1.2
v      23.32202469      6.862076799              1.2
v      23.44818433      6.854146428              1.2
v      23.61478706      6.848500419              1.2
v      23.82289757      6.846035694              1.2
v       24.0661894      6.847336934              1.2
v      24.32985016      6.852212999              1.2
v      24.59327675      6.859625235              1.2
v      24.83599376      6.868137503              1.2
v      25.04350689       6.87646575              1.2
v      25.20986668      6.883778157              1.2
v       25.3364863      6.889715877              1.2
v       25.4291014      6.894268782              1.2
v      25.49489231      6.897615235              1.2
v      25.49489231              6.9              1.2
v       25.4291014              6.9              1.2
v       25.3364863              6.9              1.2
v      25.20986668              6.9              1.2
v      25.04350689              6.9              1.2
v      24.83599376              6.9              1.2
v      24.59327675              6.9              1.2
v      24.32985016              6.9              1.2
v       24.0661894              6.9              1.2
v      23.82289757              6.9              1.2
v      23.61478706              6.9              1.2
v      23.44818433              6.9              1.2
v      23.32202469              6.9              1.2
v      23.23100895              6.9              1.2
v      23.16924312              6.9              1.2
v             24.5             -6.9               -2
v      24.43134228     -6.903577147               -2
v      24.43134228             -6.9               -2
v      24.33265592             -6.9               -2
v      24.33265592     -6.908596827               -2
v      24.19373327             -6.9               -2
v      24.19373327     -6.915426184               -2
v      24.00380383             -6.9               -2
v      24.00380383     -6.924332764               -2
v      23.75426416             -6.9               -2
v      23.75426416     -6.935301374               -2
v      23.44299446             -6.9               -2
v      23.44299446     -6.947793745               -2
v      23.07891894             -6.9               -2
v      23.07891894     -6.960562147               -2
v      22.68377905             -6.9               -2
v      22.68377905     -6.971680501               -2
v      22.28828791       -6.9789946               -2
v      22.28828791             -6.9               -2
v      21.92335016     -6.980946459               -2
v      21.92335016             -6.9               -2
v      21.61118441     -6.977249372               -2
v      21.61118441             -6.9               -2
v       21.3612803     -6.968780358               -2
v       21.3612803             -6.9               -2
v      21.17204085     -6.956884802               -2
v      21.17204085             -6.9               -2
v      21.03551724     -6.942479379               -2
v      21.03551724             -6.9               -2
v       20.9428685     -6.925055175               -2
v       20.9428685             -6.9               -2
v             20.9             -6.9               -2
v       20.9428685     -6.874944825               -2
v      21.03551724     -6.857520621               -2
v      21.17204085     -6.843115198               -2
v       21.3612803     -6.831219642               -2
v      21.61118441     -6.822750628               -2
v      21.92335016     -6.819053541               -2
v      22.28828791       -6.8210054               -2
v      22.68377905     -6.828319499               -2
v      23.07891894     -6.839437853               -2
v      23.44299446     -6.852206255               -2
v      23.75426416     -6.864698626               -2
v      24.00380383     -6.875667236               -2
v      24.19373327     -6.884573816               -2
v      24.33265592     -6.891403173               -2
v      24.43134228     -6.896422853               -2
v      24.43134228     -6.907154295               -2
v      24.33265592     -6.917193654               -2
v      24.19373327     -6.930852368               -2
v      24.00380383     -6.948665528               -2
v      23.75426416     -6.970602749               -2
v      23.44299446      -6.99558749               -2
v      23.07891894     -7.021124294               -2
v      22.68377905     -7.043361002               -2
v      22.28828791     -7.057989199               -2
v      21.92335016     -7.061892919               -2
v      21.61118441     -7.054498743               -2
v       21.3612803     -7.037560715               -2
v      21.17204085     -7.013769603               -2
v      21.03551724     -6.984958757               -2
v       20.9428685     -6.950110349               -2
v       20.9428685     -6.849889651               -2
v      21.03551724     -6.815041243               -2
v      21.17204085     -6.786230397               -2
v       21.3612803     -6.762439285               -2
v      21.61118441     -6.745501257               -2
v      21.92335016     -6.738107081               -2
v      22.28828791     -6.742010801               -2
v      22.68377905     -6.756638998               -2
v      23.07891894     -6.778875706               -2
v      23.44299446      -6.80441251               -2
v      23.75426416     -6.829397251               -2
v      24.00380383     -6.851334472               -2
v      24.19373327     -6.869147632               -2
v      24.33265592     -6.882806346               -2
v      24.43134228     -6.892845705               -2
v       24.6486663             -6.9     -1.542857143
v        24.583278     -6.906813614     -1.542857143
v      24.48929099     -6.916374909     -1.542857143
v       24.3569837     -6.929383208     -1.542857143
v      24.17609852     -6.946348122     -1.542857143
v      23.93844169     -6.967240713     -1.542857143
v      23.64199436     -6.991035705     -1.542857143
v      23.29525577     -7.015356471     -1.542857143
v      22.91893207     -7.036534288     -1.542857143
v      22.54227384     -7.050465904     -1.542857143
v      22.19471408     -7.054183732     -1.542857143
v      21.89741336      -7.04714166     -1.542857143
v      21.65940945     -7.031010205     -1.542857143
v       21.4791814     -7.008352003     -1.542857143
v      21.34915891     -6.980913102     -1.542857143
v      21.26092201     -6.947724142     -1.542857143
v      21.22009487             -6.9     -1.542857143
v      21.26092201     -6.852275858     -1.542857143
v      21.34915891     -6.819086898     -1.542857143
v       21.4791814     -6.791647997     -1.542857143
v      21.65940945     -6.768989795     -1.542857143
v      21.89741336      -6.75285834     -1.542857143
v      22.19471408     -6.745816268     -1.542857143
v      22.54227384     -6.749534096     -1.542857143
v      22.91893207     -6.763465712     -1.542857143
v      23.29525577     -6.784643529     -1.542857143
v      23.64199436     -6.808964295     -1.542857143
v      23.93844169     -6.832759287     -1.542857143
v      24.17609852     -6.853651878     -1.542857143
v       24.3569837     -6.870616792     -1.542857143
v      24.48929099     -6.883625091     -1.542857143
v        24.583278     -6.893186386     -1.542857143
v      24.79733261             -6.9     -1.085714286
v      24.73521372     -6.906472933     -1.085714286
v      24.64592606     -6.915556163     -1.085714286
v      24.52023413     -6.927914048     -1.085714286
v      24.34839321     -6.944030716     -1.085714286
v      24.12261923     -6.963878677     -1.085714286
v      23.84099426      -6.98648392     -1.085714286
v       23.5115926     -7.009588647     -1.085714286
v      23.15408508     -7.029707574     -1.085714286
v      22.79625977     -7.042942609     -1.085714286
v      22.46607799     -7.046474545     -1.085714286
v      22.18364231     -7.039784577     -1.085714286
v       21.9575386     -7.024459695     -1.085714286
v      21.78632194     -7.002934403     -1.085714286
v      21.66280058     -6.976867447     -1.085714286
v      21.57897553     -6.945337935     -1.085714286
v      21.54018975             -6.9     -1.085714286
v      21.57897553     -6.854662065     -1.085714286
v      21.66280058     -6.823132553     -1.085714286
v      21.78632194     -6.797065597     -1.085714286
v       21.9575386     -6.775540305     -1.085714286
v      22.18364231     -6.760215423     -1.085714286
v      22.46607799     -6.753525455     -1.085714286
v      22.79625977     -6.757057391     -1.085714286
v      23.15408508     -6.770292426     -1.085714286
v       23.5115926     -6.790411353     -1.085714286
v      23.84099426      -6.81351608     -1.085714286
v      24.12261923     -6.836121323     -1.085714286
v      24.34839321     -6.855969284     -1.085714286
v      24.52023413     -6.872085952     -1.085714286
v      24.64592606     -6.884443837     -1.085714286
v      24.73521372     -6.893527067     -1.085714286
v      24.94599891             -6.9    -0.6285714286
v      24.88714944     -6.906132252    -0.6285714286
v      24.80256113     -6.914737418    -0.6285714286
v      24.68348457     -6.926444887    -0.6285714286
v      24.52068791      -6.94171331    -0.6285714286
v      24.30679676     -6.960516642    -0.6285714286
v      24.03999416     -6.981932134    -0.6285714286
v      23.72792943     -7.003820824    -0.6285714286
v       23.3892381     -7.022880859    -0.6285714286
v      23.05024569     -7.035419314    -0.6285714286
v      22.73744191     -7.038765359    -0.6285714286
v      22.46987126     -7.032427494    -0.6285714286
v      22.25566774     -7.017909185    -0.6285714286
v      22.09346249     -6.997516803    -0.6285714286
v      21.97644225     -6.972821792    -0.6285714286
v      21.89702905     -6.942951728    -0.6285714286
v      21.86028462             -6.9    -0.6285714286
v      21.89702905     -6.857048272    -0.6285714286
v      21.97644225     -6.827178208    -0.6285714286
v      22.09346249     -6.802483197    -0.6285714286
v      22.25566774     -6.782090815    -0.6285714286
v      22.46987126     -6.767572506    -0.6285714286
v      22.73744191     -6.761234641    -0.6285714286
v      23.05024569     -6.764580686    -0.6285714286
v       23.3892381     -6.777119141    -0.6285714286
v      23.72792943     -6.796179176    -0.6285714286
v      24.03999416     -6.818067866    -0.6285714286
v      24.30679676     -6.839483358    -0.6285714286
v      24.52068791      -6.85828669    -0.6285714286
v      24.68348457     -6.873555113    -0.6285714286
v      24.80256113     -6.885262582    -0.6285714286
v      24.88714944     -6.893867748    -0.6285714286
v      25.09466521             -6.9    -0.1714285714
v      25.03908516     -6.905791572    -0.1714285714
v       24.9591962     -6.913918672    -0.1714285714
v        24.846735     -6.924975727    -0.1714285714
v       24.6929826     -6.939395904    -0.1714285714
v      24.49097429     -6.957154606    -0.1714285714
v      24.23899406     -6.977380349    -0.1714285714
v      23.94426626        -6.998053    -0.1714285714
v      23.62439111     -7.016054145    -0.1714285714
v      23.30423162     -7.027896019    -0.1714285714
v      23.00880582     -7.031056172    -0.1714285714
v      22.75610021     -7.025070411    -0.1714285714
v      22.55379689     -7.011358674    -0.1714285714
v      22.40060304     -6.992099203    -0.1714285714
v      22.29008393     -6.968776137    -0.1714285714
v      22.21508257     -6.940565521    -0.1714285714
v       22.1803795             -6.9    -0.1714285714
v      22.21508257     -6.859434479    -0.1714285714
v      22.29008393     -6.831223863    -0.1714285714
v      22.40060304     -6.807900797    -0.1714285714
v      22.55379689     -6.788641326    -0.1714285714
v      22.75610021     -6.774929589    -0.1714285714
v      23.00880582     -6.768943828    -0.1714285714
v      23.30423162     -6.772103981    -0.1714285714
v      23.62439111     -6.783945855    -0.1714285714
v      23.94426626        -6.801947    -0.1714285714
v      24.23899406     -6.822619651    -0.1714285714
v      24.49097429     -6.842845394    -0.1714285714
v       24.6929826     -6.860604096    -0.1714285714
v        24.846735     -6.875024273    -0.1714285714
v       24.9591962     -6.886081328    -0.1714285714
v      25.03908516     -6.894208428    -0.1714285714
v      25.24333152             -6.9     0.2857142857
v      25.19102087     -6.905450891     0.2857142857
v      25.11583127     -6.913099927     0.2857142857
v      25.00998543     -6.923506566     0.2857142857
v      24.86527729     -6.937078498     0.2857142857
v      24.67515183      -6.95379257     0.2857142857
v      24.43799396     -6.972828564     0.2857142857
v      24.16060309     -6.992285176     0.2857142857
v      23.85954413      -7.00922743     0.2857142857
v      23.55821755     -7.020372723     0.2857142857
v      23.28016974     -7.023346986     0.2857142857
v      23.04232916     -7.017713328     0.2857142857
v      22.85192603     -7.004808164     0.2857142857
v      22.70774359     -6.986681603     0.2857142857
v       22.6037256     -6.964730482     0.2857142857
v      22.53313608     -6.938179314     0.2857142857
v      22.50047437             -6.9     0.2857142857
v      22.53313608     -6.861820686     0.2857142857
v       22.6037256     -6.835269518     0.2857142857
v      22.70774359     -6.813318397     0.2857142857
v      22.85192603     -6.795191836     0.2857142857
v      23.04232916     -6.782286672     0.2857142857
v      23.28016974     -6.776653014     0.2857142857
v      23.55821755     -6.779627277     0.2857142857
v      23.85954413      -6.79077257     0.2857142857
v      24.16060309     -6.807714824     0.2857142857
v      24.43799396     -6.827171436     0.2857142857
v      24.67515183      -6.84620743     0.2857142857
v      24.86527729     -6.862921502     0.2857142857
v      25.00998543     -6.876493434     0.2857142857
v      25.11583127     -6.886900073     0.2857142857
v      25.19102087     -6.894549109     0.2857142857
v      25.39199782             -6.9     0.7428571429
v      25.34295659      -6.90511021     0.7428571429
v      25.27246633     -6.912281181     0.7428571429
v      25.17323587     -6.922037406     0.7428571429
v      25.03757198     -6.934761092     0.7428571429
v      24.85932936     -6.950430535     0.7428571429
v      24.63699386     -6.968276779     0.7428571429
v      24.37693992     -6.986517353     0.7428571429
v      24.09469714     -7.002400716     0.7428571429
v      23.81220347     -7.012849428     0.7428571429
v      23.55153365     -7.015637799     0.7428571429
v      23.32855811     -7.010356245     0.7428571429
v      23.15005518     -6.998257654     0.7428571429
v      23.01488414     -6.981264002     0.7428571429
v      22.91736727     -6.960684826     0.7428571429
v       22.8511896     -6.935793107     0.7428571429
v      22.82056925             -6.9     0.7428571429
v       22.8511896     -6.864206893     0.7428571429
v      22.91736727     -6.839315174     0.7428571429
v      23.01488414     -6.818735998     0.7428571429
v      23.15005518     -6.801742346     0.7428571429
v      23.32855811     -6.789643755     0.7428571429
v      23.55153365     -6.784362201     0.7428571429
v      23.81220347     -6.787150572     0.7428571429
v      24.09469714     -6.797599284     0.7428571429
v      24.37693992     -6.813482647     0.7428571429
v      24.63699386     -6.831723221     0.7428571429
v      24.85932936     -6.849569465     0.7428571429
v      25.03757198     -6.865238908     0.7428571429
v      25.17323587     -6.877962594     0.7428571429
v      25.27246633     -6.887718819     0.7428571429
v      25.34295659      -6.89488979     0.7428571429
v      25.54066412             -6.9              1.2
v      25.49489231      -6.90476953              1.2
v       25.4291014     -6.911462436              1.2
v       25.3364863     -6.920568246              1.2
v      25.20986668     -6.932443686              1.2
v      25.04350689     -6.947068499              1.2
v      24.83599376     -6.963724993              1.2
v      24.59327675     -6.980749529              1.2
v      24.32985016     -6.995574002              1.2
v       24.0661894     -7.005326133              1.2
v      23.82289757     -7.007928612              1.2
v      23.61478706     -7.002999162              1.2
v      23.44818433     -6.991707144              1.2
v      23.32202469     -6.975846402              1.2
v      23.23100895     -6.956639171              1.2
v      23.16924312     -6.933406899              1.2
v      23.14066412             -6.9              1.2
v      23.16924312     -6.866593101              1.2
v      23.23100895     -6.843360829              1.2
v      23.32202469     -6.824153598              1.2
v      23.44818433     -6.808292856              1.2
v      23.61478706     -6.797000838              1.2
v      23.82289757     -6.792071388              1.2
v       24.0661894     -6.794673867              1.2
v      24.32985016     -6.804425998              1.2
v      24.59327675     -6.819250471              1.2
v      24.83599376     -6.836275007              1.2
v      25.04350689     -6.852931501              1.2
v      25.20986668     -6.867556314              1.2
v       25.3364863     -6.879431754              1.2
v       25.4291014     -6.888537564              1.2
v      25.49489231      -6.89523047              1.2
v      25.49489231     -6.902384765              1.2
v       25.4291014     -6.905731218              1.2
v       25.3364863     -6.910284123              1.2
v      25.20986668     -6.916221843              1.2
v      25.04350689      -6.92353425              1.2
v      24.83599376     -6.931862497              1.2
v      24.59327675     -6.940374765              1.2
v      24.32985016     -6.947787001              1.2
v       24.0661894     -6.952663066              1.2
v      23.82289757     -6.953964306              1.2
v      23.61478706     -6.951499581              1.2
v      23.44818433     -6.945853572              1.2
v      23.32202469     -6.937923201              1.2
v      23.23100895     -6.928319586              1.2
v      23.16924312      -6.91670345              1.2
v      23.16924312      -6.88329655              1.2
v      23.23100895     -6.871680414              1.2
v      23.32202469     -6.862076799              1.2
v      23.44818433     -6.854146428              1.2
v      23.61478706     -6.848500419              1.2
v      23.82289757     -6.846035694              1.2
v       24.0661894     -6.847336934              1.2
v      24.32985016     -6.852212999              1.2
v      24.59327675     -6.859625235              1.2
v      24.83599376     -6.868137503              1.2
v      25.04350689      -6.87646575              1.2
v      25.20986668     -6.883778157              1.2
v       25.3364863     -6.889715877              1.2
v       25.4291014     -6.894268782              1.2
v      25.49489231     -6.897615235              1.2
v      25.49489231             -6.9              1.2
v       25.4291014             -6.9              1.2
v       25.3364863             -6.9              1.2
v      25.20986668             -6.9              1.2
v      25.04350689             -6.9              1.2
v      24.83599376             -6.9              1.2
v      24.59327675             -6.9              1.2
v      24.32985016             -6.9              1.2
v       24.0661894             -6.9              1.2
v      23.82289757             -6.9              1.2
v      23.61478706             -6.9              1.2
v      23.44818433             -6.9              1.2
v      23.32202469             -6.9              1.2
v      23.23100895             -6.9              1.2
v      23.16924312             -6.9              1.2
v            40.87                0                2
v      40.69301795 -1.589178643e-15                2
v      40.69301795    0.01024541609                2
v      40.43861484 -2.289592679e-15                2
v      40.43861484    0.02462289831                2
v      40.08045856 -1.441374512e-15                2
v      40.08045856    0.04418446711                2
v      39.59075254 -2.267297464e-16                2
v      39.59075254    0.06969691124                2
v      38.94727056 -1.506242423e-16                2
v      38.94727056     0.1011166834                2
v      38.14448697 -2.517275092e-16                2
v      38.14448697     0.1369000138                2
v      37.20534748 -2.175925434e-16                2
v      37.20534748     0.1734662092                2
v      36.18586816 -1.110223025e-16                2
v      36.18586816     0.2052807881                2
v      35.16526936     0.2261429668                2
v      35.16526936 -1.953634578e-18                2
v      34.22338544     0.2315602012                2
v      34.22338544 -4.971702311e-17                2
v      33.41776912     0.2206776081                2
v      33.41776912  1.054153734e-16                2
v      32.77319114     0.1960120021                2
v      32.77319114  7.539543771e-17                2
v      32.28583754     0.1614030463                2
v      32.28583754  2.728261878e-16                2
v       31.9356565     0.1194765576                2
v       31.9356565  1.492625675e-16                2
v      31.70129043    0.06882766571                2
v      31.70129043  9.286113834e-16                2
v             31.6                0                2
v      31.70129043   -0.06882766571                2
v       31.9356565    -0.1194765576                2
v      32.28583754    -0.1614030463                2
v      32.77319114    -0.1960120021                2
v      33.41776912    -0.2206776081                2
v      34.22338544    -0.2315602012                2
v      35.16526936    -0.2261429668                2
v      36.18586816    -0.2052807881                2
v      37.20534748    -0.1734662092                2
v      38.14448697    -0.1369000138                2
v      38.94727056    -0.1011166834                2
v      39.59075254   -0.06969691124                2
v      40.08045856   -0.04418446711                2
v      40.43861484   -0.02462289831                2
v      40.69301795   -0.01024541609                2
v      40.69301795    0.02049083217                2
v      40.43861484    0.04924579663                2
v      40.08045856    0.08836893421                2
v      39.59075254     0.1393938225                2
v      38.94727056     0.2022333668                2
v      38.14448697     0.2738000275                2
v      37.20534748     0.3469324183                2
v      36.18586816     0.4105615762                2
v      35.16526936     0.4522859337                2
v      34.22338544     0.4631204023                2
v      33.41776912     0.4413552163                2
v      32.77319114     0.3920240043                2
v      32.28583754     0.3228060926                2
v       31.9356565     0.2389531153                2
v      31.70129043     0.1376553314                2
v      31.70129043    -0.1376553314                2
v       31.9356565    -0.2389531153                2
v      32.28583754    -0.3228060926                2
v      32.77319114    -0.3920240043                2
v      33.41776912    -0.4413552163                2
v      34.22338544    -0.4631204023                2
v      35.16526936    -0.4522859337                2
v      36.18586816    -0.4105615762                2
v      37.20534748    -0.3469324183                2
v      38.14448697    -0.2738000275                2
v      38.94727056    -0.2022333668                2
v      39.59075254    -0.1393938225                2
v      40.08045856   -0.08836893421                2
v      40.43861484   -0.04924579663                2
v      40.69301795   -0.02049083217                2
v      41.12524053  4.414295053e-17      2.720909091
v      40.95461088    0.01975535658      2.720909091
v      40.70933904     0.0474782217      2.720909091
v      40.36403803    0.08519711604      2.720909091
v      39.89190898     0.1343905726      2.720909091
v      39.27152344     0.1949746228      2.720909091
v      38.49755408     0.2639725479      2.720909091
v      37.59212304     0.3344800044      2.720909091
v       36.6092358     0.3958253266      2.720909091
v      35.62526927     0.4360520755      2.720909091
v       34.7171923     0.4464976635      2.720909091
v       33.9404919     0.4255136933      2.720909091
v       33.3190497     0.3779531221      2.720909091
v      32.84918864     0.3112196427      2.720909091
v      32.51157661     0.2303763927      2.720909091
v      32.28562262      0.132714481      2.720909091
v       32.1879678  4.414295053e-17      2.720909091
v      32.28562262     -0.132714481      2.720909091
v      32.51157661    -0.2303763927      2.720909091
v      32.84918864    -0.3112196427      2.720909091
v       33.3190497    -0.3779531221      2.720909091
v       33.9404919    -0.4255136933      2.720909091
v       34.7171923    -0.4464976635      2.720909091
v      35.62526927    -0.4360520755      2.720909091
v       36.6092358    -0.3958253266      2.720909091
v      37.59212304    -0.3344800044      2.720909091
v      38.49755408    -0.2639725479      2.720909091
v      39.27152344    -0.1949746228      2.720909091
v      39.89190898    -0.1343905726      2.720909091
v      40.36403803   -0.08519711604      2.720909091
v      40.70933904    -0.0474782217      2.720909091
v      40.95461088   -0.01975535658      2.720909091
v      41.38048105  8.828590107e-17      3.441818182
v       41.2162038      0.019019881      3.441818182
v      40.98006323    0.04571064677      3.441818182
v      40.64761749    0.08202529787      3.441818182
v      40.19306542     0.1293873227      3.441818182
v      39.59577632     0.1877158788      3.441818182
v       38.8506212     0.2541450682      3.441818182
v      37.97889861     0.3220275904      3.441818182
v      37.03260345     0.3810890771      3.441818182
v      36.08526917     0.4198182174      3.441818182
v      35.21099916     0.4298749248      3.441818182
v      34.46321467     0.4096721704      3.441818182
v      33.86490825     0.3638822399      3.441818182
v      33.41253973     0.2996331927      3.441818182
v      33.08749672     0.2217996701      3.441818182
v      32.86995481     0.1277736307      3.441818182
v       32.7759356  8.828590107e-17      3.441818182
v      32.86995481    -0.1277736307      3.441818182
v      33.08749672    -0.2217996701      3.441818182
v      33.41253973    -0.2996331927      3.441818182
v      33.86490825    -0.3638822399      3.441818182
v      34.46321467    -0.4096721704      3.441818182
v      35.21099916    -0.4298749248      3.441818182
v      36.08526917    -0.4198182174      3.441818182
v      37.03260345    -0.3810890771      3.441818182
v      37.97889861    -0.3220275904      3.441818182
v       38.8506212    -0.2541450682      3.441818182
v      39.59577632    -0.1877158788      3.441818182
v      40.19306542    -0.1293873227      3.441818182
v      40.64761749   -0.08202529787      3.441818182
v      40.98006323   -0.04571064677      3.441818182
v       41.2162038     -0.019019881      3.441818182
v      41.63572158  1.324288516e-16      4.162727273
v      41.47779673    0.01828440541      4.162727273
v      41.25078742    0.04394307183      4.162727273
v      40.93119696    0.07885347969      4.162727273
v      40.49422185     0.1243840728      4.162727273
v       39.9200292     0.1804571349      4.162727273
v      39.20368832     0.2443175886      4.162727273
v      38.36567418     0.3095751765      4.162727273
v       37.4559711     0.3663528275      4.162727273
v      36.54526908     0.4035843592      4.162727273
v      35.70480602      0.413252186      4.162727273
v      34.98593745     0.3938306475      4.162727273
v      34.41076681     0.3498113577      4.162727273
v      33.97589082     0.2880467428      4.162727273
v      33.66341683     0.2132229475      4.162727273
v        33.454287     0.1228327803      4.162727273
v      33.36390339  1.324288516e-16      4.162727273
v        33.454287    -0.1228327803      4.162727273
v      33.66341683    -0.2132229475      4.162727273
v      33.97589082    -0.2880467428      4.162727273
v      34.41076681    -0.3498113577      4.162727273
v      34.98593745    -0.3938306475      4.162727273
v      35.70480602     -0.413252186      4.162727273
v      36.54526908    -0.4035843592      4.162727273
v       37.4559711    -0.3663528275      4.162727273
v      38.36567418    -0.3095751765      4.162727273
v      39.20368832    -0.2443175886      4.162727273
v       39.9200292    -0.1804571349      4.162727273
v      40.49422185    -0.1243840728      4.162727273
v      40.93119696   -0.07885347969      4.162727273
v      41.25078742   -0.04394307183      4.162727273
v      41.47779673   -0.01828440541      4.162727273
v       41.8909621  1.765718021e-16      4.883636364
v      41.73938966    0.01754892982      4.883636364
v      41.52151162     0.0421754969      4.883636364
v      41.21477642    0.07568166152      4.883636364
v      40.79537829      0.119380823      4.883636364
v      40.24428208     0.1731983909      4.883636364
v      39.55675544     0.2344901089      4.883636364
v      38.75244975     0.2971227625      4.883636364
v      37.87933874     0.3516165779      4.883636364
v      37.00526899      0.387350501      4.883636364
v      36.19861288     0.3966294472      4.883636364
v      35.50866022     0.3779891246      4.883636364
v      34.95662536     0.3357404755      4.883636364
v      34.53924192     0.2764602929      4.883636364
v      34.23933694      0.204646225      4.883636364
v      34.03861919     0.1178919299      4.883636364
v      33.95187119  1.765718021e-16      4.883636364
v      34.03861919    -0.1178919299      4.883636364
v      34.23933694     -0.204646225      4.883636364
v      34.53924192    -0.2764602929      4.883636364
v      34.95662536    -0.3357404755      4.883636364
v      35.50866022    -0.3779891246      4.883636364
v      36.19861288    -0.3966294472      4.883636364
v      37.00526899     -0.387350501      4.883636364
v      37.87933874    -0.3516165779      4.883636364
v      38.75244975    -0.2971227625      4.883636364
v      39.55675544    -0.2344901089      4.883636364
v      40.24428208    -0.1731983909      4.883636364
v      40.79537829     -0.119380823      4.883636364
v      41.21477642   -0.07568166152      4.883636364
v      41.52151162    -0.0421754969      4.883636364
v      41.73938966   -0.01754892982      4.883636364
v      42.14620263  2.207147527e-16      5.604545455
v      42.00098258    0.01681345423      5.604545455
v      41.79223581    0.04040792197      5.604545455
v      41.49835589    0.07250984334      5.604545455
v      41.09653473     0.1143775731      5.604545455
v      40.56853496     0.1659396469      5.604545455
v      39.90982256     0.2246626292      5.604545455
v      39.13922531     0.2846703486      5.604545455
v      38.30270639     0.3368803283      5.604545455
v      37.46526889     0.3711166428      5.604545455
v      36.69241974     0.3800067085      5.604545455
v        36.031383     0.3621476017      5.604545455
v      35.50248392     0.3216695934      5.604545455
v      35.10259301      0.264873843      5.604545455
v      34.81525705     0.1960695024      5.604545455
v      34.62295138     0.1129510795      5.604545455
v      34.53983899  2.207147527e-16      5.604545455
v      34.62295138    -0.1129510795      5.604545455
v      34.81525705    -0.1960695024      5.604545455
v      35.10259301     -0.264873843      5.604545455
v      35.50248392    -0.3216695934      5.604545455
v        36.031383    -0.3621476017      5.604545455
v      36.69241974    -0.3800067085      5.604545455
v      37.46526889    -0.3711166428      5.604545455
v      38.30270639    -0.3368803283      5.604545455
v      39.13922531    -0.2846703486      5.604545455
v      39.90982256    -0.2246626292      5.604545455
v      40.56853496    -0.1659396469      5.604545455
v      41.09653473    -0.1143775731      5.604545455
v      41.49835589   -0.07250984334      5.604545455
v      41.79223581   -0.04040792197      5.604545455
v      42.00098258   -0.01681345423      5.604545455
v      42.40144315  2.648577032e-16      6.325454545
v      42.26257551    0.01607797864      6.325454545
v         42.06296    0.03864034704      6.325454545
v      41.78193535    0.06933802517      6.325454545
v      41.39769117     0.1093743232      6.325454545
v      40.89278784      0.158680903      6.325454545
v      40.26288968     0.2148351496      6.325454545
v      39.52600088     0.2722179346      6.325454545
v      38.72607404     0.3221440788      6.325454545
v       37.9252688     0.3548827847      6.325454545
v      37.18622661     0.3633839697      6.325454545
v      36.55410577     0.3463060788      6.325454545
v      36.04834247     0.3075987112      6.325454545
v       35.6659441      0.253287393      6.325454545
v      35.39117716     0.1874927798      6.325454545
v      35.20728357     0.1080102291      6.325454545
v      35.12780679  2.648577032e-16      6.325454545
v      35.20728357    -0.1080102291      6.325454545
v      35.39117716    -0.1874927798      6.325454545
v       35.6659441     -0.253287393      6.325454545
v      36.04834247    -0.3075987112      6.325454545
v      36.55410577    -0.3463060788      6.325454545
v      37.18622661    -0.3633839697      6.325454545
v       37.9252688    -0.3548827847      6.325454545
v      38.72607404    -0.3221440788      6.325454545
v      39.52600088    -0.2722179346      6.325454545
v      40.26288968    -0.2148351496      6.325454545
v      40.89278784     -0.158680903      6.325454545
v      41.39769117    -0.1093743232      6.325454545
v      41.78193535   -0.06933802517      6.325454545
v         42.06296   -0.03864034704      6.325454545
v      42.26257551   -0.01607797864      6.325454545
v      42.52416843    0.01534250305      7.046363636
v      42.65668368  3.090006537e-16      7.046363636
v       42.3336842    0.03687277211      7.046363636
v      42.06551482    0.06616620699      7.046363636
v      41.69884761     0.1043710733      7.046363636
v      41.21704072      0.151422159      7.046363636
v      40.61595679     0.2050076699      7.046363636
v      39.91277645     0.2597655206      7.046363636
v      39.14944168     0.3074078292      7.046363636
v      38.38526871     0.3386489265      7.046363636
v      37.68003347     0.3467612309      7.046363636
v      37.07682855     0.3304645559      7.046363636
v      36.59420102      0.293527829      7.046363636
v       36.2292952     0.2417009431      7.046363636
v      35.96709727     0.1789160572      7.046363636
v      35.79161576     0.1030693788      7.046363636
v      35.71577459  3.090006537e-16      7.046363636
v      35.79161576    -0.1030693788      7.046363636
v      35.96709727    -0.1789160572      7.046363636
v       36.2292952    -0.2417009431      7.046363636
v      36.59420102     -0.293527829      7.046363636
v      37.07682855    -0.3304645559      7.046363636
v      37.68003347    -0.3467612309      7.046363636
v      38.38526871    -0.3386489265      7.046363636
v      39.14944168    -0.3074078292      7.046363636
v      39.91277645    -0.2597655206      7.046363636
v      40.61595679    -0.2050076699      7.046363636
v      41.21704072     -0.151422159      7.046363636
v      41.69884761    -0.1043710733      7.046363636
v      42.06551482   -0.06616620699      7.046363636
v       42.3336842   -0.03687277211      7.046363636
v      42.52416843   -0.01534250305      7.046363636
v      42.78576136    0.01460702746      7.767272727
v       42.9119242  3.531436043e-16      7.767272727
v      42.60440839    0.03510519718      7.767272727
v      42.34909428    0.06299438882      7.767272727
v      42.00000405    0.09936782343      7.767272727
v      41.54129359      0.144163415      7.767272727
v      40.96902391     0.1951801903      7.767272727
v      40.29955202     0.2473131067      7.767272727
v      39.57280933     0.2926715796      7.767272727
v      38.84526861     0.3224150683      7.767272727
v      38.17384033     0.3301384921      7.767272727
v      37.59955132      0.314623033      7.767272727
v      37.14005958     0.2794569468      7.767272727
v      36.79264629     0.2301144932      7.767272727
v      36.54301738     0.1703393346      7.767272727
v      36.37594795    0.09812852839      7.767272727
v      36.30374238  3.531436043e-16      7.767272727
v      36.37594795   -0.09812852839      7.767272727
v      36.54301738    -0.1703393346      7.767272727
v      36.79264629    -0.2301144932      7.767272727
v      37.14005958    -0.2794569468      7.767272727
v      37.59955132     -0.314623033      7.767272727
v      38.17384033    -0.3301384921      7.767272727
v      38.84526861    -0.3224150683      7.767272727
v      39.57280933    -0.2926715796      7.767272727
v      40.29955202    -0.2473131067      7.767272727
v      40.96902391    -0.1951801903      7.767272727
v      41.54129359     -0.144163415      7.767272727
v      42.00000405   -0.09936782343      7.767272727
v      42.34909428   -0.06299438882      7.767272727
v      42.60440839   -0.03510519718      7.767272727
v      42.78576136   -0.01460702746      7.767272727
v      43.04735429    0.01387155188      8.488181818
v      43.16716473  3.972865548e-16      8.488181818
v      42.87513259    0.03333762225      8.488181818
v      42.63267375    0.05982257065      8.488181818
v      42.30116049    0.09436457355      8.488181818
v      41.86554647     0.1369046711      8.488181818
v      41.32209103     0.1853527106      8.488181818
v      40.68632758     0.2348606927      8.488181818
v      39.99617698     0.2779353301      8.488181818
v      39.30526852     0.3061812102      8.488181818
v      38.66764719     0.3135157534      8.488181818
v       38.1222741       0.29878151      8.488181818
v      37.68591813     0.2653860647      8.488181818
v      37.35599738     0.2185280433      8.488181818
v      37.11893749      0.161762612      8.488181818
v      36.96028014    0.09318767802      8.488181818
v      36.89171018  3.972865548e-16      8.488181818
v      36.96028014   -0.09318767802      8.488181818
v      37.11893749     -0.161762612      8.488181818
v      37.35599738    -0.2185280433      8.488181818
v      37.68591813    -0.2653860647      8.488181818
v       38.1222741      -0.29878151      8.488181818
v      38.66764719    -0.3135157534      8.488181818
v      39.30526852    -0.3061812102      8.488181818
v      39.99617698    -0.2779353301      8.488181818
v      40.68632758    -0.2348606927      8.488181818
v      41.32209103    -0.1853527106      8.488181818
v      41.86554647    -0.1369046711      8.488181818
v      42.30116049   -0.09436457355      8.488181818
v      42.63267375   -0.05982257065      8.488181818
v      42.87513259   -0.03333762225      8.488181818
v      43.04735429   -0.01387155188      8.488181818
v      43.30894721    0.01313607629      9.209090909
v      43.42240525  4.414295053e-16      9.209090909
v      43.14585678    0.03157004732      9.209090909
v      42.91625321    0.05665075247      9.209090909
v      42.60231693    0.08936132367      9.209090909
v      42.18979935     0.1296459271      9.209090909
v      41.67515815      0.175525231      9.209090909
v      41.07310315     0.2224082788      9.209090909
v      40.41954462     0.2631990805      9.209090909
v      39.76526843      0.289947352      9.209090909
v      39.16145405     0.2968930146      9.209090909
v      38.64499687     0.2829399871      9.209090909
v      38.23177669     0.2513151825      9.209090909
v      37.91934847     0.2069415933      9.209090909
v       37.6948576     0.1531858894      9.209090909
v      37.54461233    0.08824682764      9.209090909
v      37.47967798  4.414295053e-16      9.209090909
v      37.54461233   -0.08824682764      9.209090909
v       37.6948576    -0.1531858894      9.209090909
v      37.91934847    -0.2069415933      9.209090909
v      38.23177669    -0.2513151825      9.209090909
v      38.64499687    -0.2829399871      9.209090909
v      39.16145405    -0.2968930146      9.209090909
v      39.76526843     -0.289947352      9.209090909
v      40.41954462    -0.2631990805      9.209090909
v      41.07310315    -0.2224082788      9.209090909
v      41.67515815     -0.175525231      9.209090909
v      42.18979935    -0.1296459271      9.209090909
v      42.60231693   -0.08936132367      9.209090909
v      42.91625321   -0.05665075247      9.209090909
v      43.14585678   -0.03157004732      9.209090909
v      43.30894721   -0.01313607629      9.209090909
v      43.57054014     0.0124006007             9.93
v      43.67764578  4.855724559e-16             9.93
v      43.41658097    0.02980247239             9.93
v      43.19983268     0.0534789343             9.93
v      42.90347337    0.08435807379             9.93
v      42.51405223     0.1223871831             9.93
v      42.02822527     0.1656977513             9.93
v      41.45987872     0.2099558648             9.93
v      40.84291227     0.2484628309             9.93
v      40.22526834     0.2737134938             9.93
v      39.65526091     0.2802702758             9.93
v      39.16771965     0.2670984642             9.93
v      38.77763524     0.2372443003             9.93
v      38.48269957     0.1953551434             9.93
v      38.27077771     0.1446091669             9.93
v      38.12894452    0.08330597726             9.93
v      38.06764578  4.855724559e-16             9.93
v      38.12894452   -0.08330597726             9.93
v      38.27077771    -0.1446091669             9.93
v      38.48269957    -0.1953551434             9.93
v      38.77763524    -0.2372443003             9.93
v      39.16771965    -0.2670984642             9.93
v      39.65526091    -0.2802702758             9.93
v      40.22526834    -0.2737134938             9.93
v      40.84291227    -0.2484628309             9.93
v      41.45987872    -0.2099558648             9.93
v      42.02822527    -0.1656977513             9.93
v      42.51405223    -0.1223871831             9.93
v      42.90347337   -0.08435807379             9.93
v      43.19983268    -0.0534789343             9.93
v      43.41658097   -0.02980247239             9.93
v      43.57054014    -0.0124006007             9.93
v      43.57054014    0.00620030035             9.93
v      43.41658097     0.0149012362             9.93
v      43.19983268    0.02673946715             9.93
v      42.90347337     0.0421790369             9.93
v      42.51405223    0.06119359156             9.93
v      42.02822527    0.08284887565             9.93
v      41.45987872     0.1049779324             9.93
v      40.84291227     0.1242314155             9.93
v      40.22526834     0.1368567469             9.93
v      39.65526091     0.1401351379             9.93
v      39.16771965     0.1335492321             9.93
v      38.77763524     0.1186221502             9.93
v      38.48269957    0.09767757171             9.93
v      38.27077771    0.07230458343             9.93
v      38.12894452    0.04165298863             9.93
v      38.12894452   -0.04165298863             9.93
v      38.27077771   -0.07230458343             9.93
v      38.48269957   -0.09767757171             9.93
v      38.77763524    -0.1186221502             9.93
v      39.16771965    -0.1335492321             9.93
v      39.65526091    -0.1401351379             9.93
v      40.22526834    -0.1368567469             9.93
v      40.84291227    -0.1242314155             9.93
v      41.45987872    -0.1049779324             9.93
v      42.02822527   -0.08284887565             9.93
v      42.51405223   -0.06119359156             9.93
v      42.90347337    -0.0421790369             9.93
v      43.19983268   -0.02673946715             9.93
v      43.41658097    -0.0149012362             9.93
v      43.57054014   -0.00620030035             9.93
v      43.57054014  -4.77485745e-16             9.93
v      43.41658097 -9.022842276e-16             9.93
v      43.19983268 -3.871540441e-16             9.93
v      42.90347337  3.594939486e-16             9.93
v      42.51405223  4.125614631e-16             9.93
v      42.02822527  3.641943899e-16             9.93
v      41.45987872  3.852239053e-16             9.93
v      40.84291227  4.161835168e-16             9.93
v      40.22526834  4.964685576e-16             9.93
v      39.65526091  4.855724559e-16             9.93
v      39.16771965  5.554345685e-16             9.93
v      38.77763524  5.273584157e-16             9.93
v      38.48269957  6.515980124e-16             9.93
v      38.27077771  5.610073128e-16             9.93
v      38.12894452  1.056553056e-15             9.93
v             32.7                0              2.6
v      32.58222152  6.271185615e-16              2.6
v      32.58222152   0.003409240536              2.6
v      32.41295998  8.644211857e-16              2.6
v      32.41295998   0.008192931852              2.6
v      32.17474292  4.620459736e-16              2.6
v      32.17474292     0.0147006396              2.6
v      31.84915913  3.030529139e-17              2.6
v      31.84915913    0.02318706141              2.6
v      31.42154551  1.524015829e-17              2.6
v      31.42154551    0.03363810031              2.6
v      30.88838574  4.993388696e-17              2.6
v      30.88838574    0.04554342957              2.6
v      30.26510264  9.164137196e-18              2.6
v      30.26510264    0.05772177866              2.6
v      29.58904509  2.775557562e-17              2.6
v      29.58904509    0.06835699576              2.6
v      28.91280263    0.07542636681              2.6
v      28.91280263  2.404874754e-17              2.6
v      28.28906299    0.07748303586              2.6
v      28.28906299 -1.015456101e-17              2.6
v      27.75541903    0.07427897985              2.6
v      27.75541903 -2.561410496e-17              2.6
v      27.32757706    0.06666536952              2.6
v      27.32757706 -2.032914883e-17              2.6
v      27.00227673    0.05591847352              2.6
v      27.00227673 -8.938759435e-17              2.6
v       26.7651411    0.04297178108              2.6
v       26.7651411 -2.936091505e-17              2.6
v      26.59855831    0.02745806015              2.6
v      26.59855831 -1.547944371e-16              2.6
v             26.5                0              2.6
v      26.59855831   -0.02745806015              2.6
v       26.7651411   -0.04297178108              2.6
v      27.00227673   -0.05591847352              2.6
v      27.32757706   -0.06666536952              2.6
v      27.75541903   -0.07427897985              2.6
v      28.28906299   -0.07748303586              2.6
v      28.91280263   -0.07542636681              2.6
v      29.58904509   -0.06835699576              2.6
v      30.26510264   -0.05772177866              2.6
v      30.88838574   -0.04554342957              2.6
v      31.42154551   -0.03363810031              2.6
v      31.84915913   -0.02318706141              2.6
v      32.17474292    -0.0147006396              2.6
v      32.41295998  -0.008192931852              2.6
v      32.58222152  -0.003409240536              2.6
v      32.58222152   0.006818481072              2.6
v      32.41295998     0.0163858637              2.6
v      32.17474292    0.02940127921              2.6
v      31.84915913    0.04637412282              2.6
v      31.42154551    0.06727620063              2.6
v      30.88838574    0.09108685915              2.6
v      30.26510264     0.1154435573              2.6
v      29.58904509     0.1367139915              2.6
v      28.91280263     0.1508527336              2.6
v      28.28906299     0.1549660717              2.6
v      27.75541903     0.1485579597              2.6
v      27.32757706      0.133330739              2.6
v      27.00227673      0.111836947              2.6
v       26.7651411    0.08594356216              2.6
v      26.59855831    0.05491612029              2.6
v      26.59855831   -0.05491612029              2.6
v       26.7651411   -0.08594356216              2.6
v      27.00227673     -0.111836947              2.6
v      27.32757706     -0.133330739              2.6
v      27.75541903    -0.1485579597              2.6
v      28.28906299    -0.1549660717              2.6
v      28.91280263    -0.1508527336              2.6
v      29.58904509    -0.1367139915              2.6
v      30.26510264    -0.1154435573              2.6
v      30.88838574   -0.09108685915              2.6
v      31.42154551   -0.06727620063              2.6
v      31.84915913   -0.04637412282              2.6
v      32.17474292   -0.02940127921              2.6
v      32.41295998    -0.0163858637              2.6
v      32.58222152  -0.006818481072              2.6
v      32.94323428  1.836970199e-17              2.9
v      32.84369247   0.005762716261              2.9
v      32.70063917    0.01384869771              2.9
v      32.49930733    0.02484882307              2.9
v      32.22413651    0.03919361348              2.9
v      31.86273404    0.05685924053              2.9
v      31.41212803    0.07698308741              2.9
v      30.88535329    0.09756842587              2.9
v      30.31397561     0.1155453735              2.9
v      29.74244166      0.127494891              2.9
v      29.21528107     0.1309713251              2.9
v      28.76426585     0.1255554369              2.9
v      28.40267038     0.1126859795              2.9
v      28.12773913    0.09452025846              2.9
v      27.92732127    0.07263617189              2.9
v      27.78653195    0.04641297909              2.9
v      27.70323428  1.836970199e-17              2.9
v      27.78653195   -0.04641297909              2.9
v      27.92732127   -0.07263617189              2.9
v      28.12773913   -0.09452025846              2.9
v      28.40267038    -0.1126859795              2.9
v      28.76426585    -0.1255554369              2.9
v      29.21528107    -0.1309713251              2.9
v      29.74244166     -0.127494891              2.9
v      30.31397561    -0.1155453735              2.9
v      30.88535329   -0.09756842587              2.9
v      31.41212803   -0.07698308741              2.9
v      31.86273404   -0.05685924053              2.9
v      32.22413651   -0.03919361348              2.9
v      32.49930733   -0.02484882307              2.9
v      32.70063917   -0.01384869771              2.9
v      32.84369247  -0.005762716261              2.9
v      33.18646856  3.673940397e-17              3.2
v      33.10516342    0.00470695145              3.2
v      32.98831835    0.01131153172              3.2
v      32.82387174    0.02029636694              3.2
v      32.59911389    0.03201310414              3.2
v      32.30392256    0.04644228043              3.2
v      31.93587033    0.06287931567              3.2
v      31.50560393    0.07969329441              3.2
v      31.03890614    0.09437675544              3.2
v       30.5720807     0.1041370484              3.2
v      30.14149914     0.1069765785              3.2
v      29.77311267     0.1025529141              3.2
v      29.47776369    0.09204121986              3.2
v      29.25320153    0.07720356989              3.2
v      29.08950145    0.05932878162              3.2
v      28.97450559    0.03790983788              3.2
v      28.90646856  3.673940397e-17              3.2
v      28.97450559   -0.03790983788              3.2
v      29.08950145   -0.05932878162              3.2
v      29.25320153   -0.07720356989              3.2
v      29.47776369   -0.09204121986              3.2
v      29.77311267    -0.1025529141              3.2
v      30.14149914    -0.1069765785              3.2
v       30.5720807    -0.1041370484              3.2
v      31.03890614   -0.09437675544              3.2
v      31.50560393   -0.07969329441              3.2
v      31.93587033   -0.06287931567              3.2
v      32.30392256   -0.04644228043              3.2
v      32.59911389   -0.03201310414              3.2
v      32.82387174   -0.02029636694              3.2
v      32.98831835   -0.01131153172              3.2
v      33.10516342   -0.00470695145              3.2
v      33.42970284  5.510910596e-17              3.5
v      33.36663436   0.003651186639              3.5
v      33.27599754   0.008774365725              3.5
v      33.14843614     0.0157439108              3.5
v      32.97409127     0.0248325948              3.5
v      32.74511108    0.03602532034              3.5
v      32.45961262    0.04877554393              3.5
v      32.12585458    0.06181816296              3.5
v      31.76383666     0.0732081374              3.5
v      31.40171973    0.08077920574              3.5
v      31.06771722    0.08298183196              3.5
v      30.78195948    0.07955039133              3.5
v      30.55285701    0.07139646026              3.5
v      30.37866393    0.05988688132              3.5
v      30.25168162    0.04602139135              3.5
v      30.16247923    0.02940669667              3.5
v      30.10970284  5.510910596e-17              3.5
v      30.16247923   -0.02940669667              3.5
v      30.25168162   -0.04602139135              3.5
v      30.37866393   -0.05988688132              3.5
v      30.55285701   -0.07139646026              3.5
v      30.78195948   -0.07955039133              3.5
v      31.06771722   -0.08298183196              3.5
v      31.40171973   -0.08077920574              3.5
v      31.76383666    -0.0732081374              3.5
v      32.12585458   -0.06181816296              3.5
v      32.45961262   -0.04877554393              3.5
v      32.74511108   -0.03602532034              3.5
v      32.97409127    -0.0248325948              3.5
v      33.14843614    -0.0157439108              3.5
v      33.27599754  -0.008774365725              3.5
v      33.36663436  -0.003651186639              3.5
v      33.62810531   0.002595421828              3.8
v      33.67293712  7.347880795e-17              3.8
v      33.56367673   0.006237199732              3.8
v      33.47300055    0.01119145467              3.8
v      33.34906866    0.01765208546              3.8
v      33.18629961    0.02560836024              3.8
v      32.98335492    0.03467177219              3.8
v      32.74610522     0.0439430315              3.8
v      32.48876719    0.05203951935              3.8
v      32.23135876    0.05742136312              3.8
v      31.99393529    0.05898708537              3.8
v       31.7908063    0.05654786853              3.8
v      31.62795032    0.05075170067              3.8
v      31.50412633    0.04257019274              3.8
v       31.4138618    0.03271400108              3.8
v      31.35045287    0.02090355547              3.8
v      31.31293712  7.347880795e-17              3.8
v      31.35045287   -0.02090355547              3.8
v       31.4138618   -0.03271400108              3.8
v      31.50412633   -0.04257019274              3.8
v      31.62795032   -0.05075170067              3.8
v       31.7908063   -0.05654786853              3.8
v      31.99393529   -0.05898708537              3.8
v      32.23135876   -0.05742136312              3.8
v      32.48876719   -0.05203951935              3.8
v      32.74610522    -0.0439430315              3.8
v      32.98335492   -0.03467177219              3.8
v      33.18629961   -0.02560836024              3.8
v      33.34906866   -0.01765208546              3.8
v      33.47300055   -0.01119145467              3.8
v      33.56367673  -0.006237199732              3.8
v      33.62810531  -0.002595421828              3.8
v      33.88957626   0.001539657016              4.1
v       33.9161714  9.184850994e-17              4.1
v      33.85135591   0.003700033739              4.1
v      33.79756496    0.00663899853              4.1
v      33.72404604    0.01047157612              4.1
v      33.62748813    0.01519140014              4.1
v      33.50709721    0.02056800045              4.1
v      33.36635587    0.02606790004              4.1
v      33.21369771    0.03087090131              4.1
v       33.0609978    0.03406352049              4.1
v      32.92015337    0.03499233878              4.1
v      32.79965312    0.03354534574              4.1
v      32.70304364    0.03010694108              4.1
v      32.62958873    0.02525350417              4.1
v      32.57604197    0.01940661081              4.1
v       32.5384265    0.01240041426              4.1
v       32.5161714  9.184850994e-17              4.1
v       32.5384265   -0.01240041426              4.1
v      32.57604197   -0.01940661081              4.1
v      32.62958873   -0.02525350417              4.1
v      32.70304364   -0.03010694108              4.1
v      32.79965312   -0.03354534574              4.1
v      32.92015337   -0.03499233878              4.1
v       33.0609978   -0.03406352049              4.1
v      33.21369771   -0.03087090131              4.1
v      33.36635587   -0.02606790004              4.1
v      33.50709721   -0.02056800045              4.1
v      33.62748813   -0.01519140014              4.1
v      33.72404604   -0.01047157612              4.1
v      33.79756496   -0.00663899853              4.1
v      33.85135591  -0.003700033739              4.1
v      33.88957626  -0.001539657016              4.1
v      33.88957626  0.0007698285082              4.1
v      33.85135591    0.00185001687              4.1
v      33.79756496   0.003319499265              4.1
v      33.72404604    0.00523578806              4.1
v      33.62748813   0.007595700071              4.1
v      33.50709721    0.01028400023              4.1
v      33.36635587    0.01303395002              4.1
v      33.21369771    0.01543545066              4.1
v       33.0609978    0.01703176025              4.1
v      32.92015337    0.01749616939              4.1
v      32.79965312    0.01677267287              4.1
v      32.70304364    0.01505347054              4.1
v      32.62958873    0.01262675209              4.1
v      32.57604197   0.009703305405              4.1
v       32.5384265    0.00620020713              4.1
v       32.5384265   -0.00620020713              4.1
v      32.57604197  -0.009703305405              4.1
v      32.62958873   -0.01262675209              4.1
v      32.70304364   -0.01505347054              4.1
v      32.79965312   -0.01677267287              4.1
v      32.92015337   -0.01749616939              4.1
v       33.0609978   -0.01703176025              4.1
v      33.21369771   -0.01543545066              4.1
v      33.36635587   -0.01303395002              4.1
v      33.50709721   -0.01028400023              4.1
v      33.62748813  -0.007595700071              4.1
v      33.72404604   -0.00523578806              4.1
v      33.79756496  -0.003319499265              4.1
v      33.85135591   -0.00185001687              4.1
v      33.88957626 -0.0007698285082              4.1
v      33.88957626  2.335094189e-16              4.1
v      33.85135591  2.875553603e-16              4.1
v      33.79756496  1.972477562e-16              4.1
v      33.72404604  9.809027743e-17              4.1
v      33.62748813  9.298234433e-17              4.1
v      33.50709721  1.039231732e-16              4.1
v      33.36635587  9.760115967e-17              4.1
v      33.21369771  9.878740384e-17              4.1
v       33.0609978  1.047995907e-16              4.1
v      32.92015337  9.184850994e-17              4.1
v      32.79965312  8.491469485e-17              4.1
v      32.70304364  8.556783896e-17              4.1
v      32.62958873  7.124027851e-17              4.1
v      32.57604197  8.336218071e-17              4.1
v       32.5384265  5.724786347e-17              4.1
v             42.7                0             9.93
v      42.61217719                0       9.91983195
v      42.76441159     0.5066666667             9.93
v      42.67964349     0.5066666667      9.920185621
v      42.48593617                0      9.905563035
v      42.55779345     0.5066666667      9.906413017
v      42.30821029                0       9.88614918
v      42.38624934     0.5066666667      9.887674426
v      42.06520622                0      9.860829387
v      42.15169759     0.5066666667      9.863235321
v      41.74589478                0      9.829646873
v      41.84349263     0.5066666667      9.833137417
v      41.34753398                0      9.794133751
v      41.45898787     0.5066666667      9.798859534
v      40.88151008                0      9.757843676
v      41.00917348     0.5066666667      9.763831722
v      40.37561958                0      9.726269337
v      40.52087918     0.5066666667       9.73335562
v      40.03204869     0.5066666667      9.713371139
v      39.86917358                0      9.705564693
v      39.58091982     0.5066666667      9.708181814
v      39.40178781                0      9.700188366
v      39.19505828     0.5066666667      9.718606563
v      39.00202135                0      9.710988782
v      38.88632838     0.5066666667      9.742234458
v      38.68216605                0      9.735468132
v      38.65290335     0.5066666667      9.775387373
v      38.44032931                0      9.769815747
v       38.4851791     0.5066666667      9.815549964
v      38.26656094                0      9.811425639
v       38.3729261     0.5066666667      9.864067997
v      38.15026278                0      9.861692069
v      38.32441159     0.5066666667             9.93
v             38.1                0             9.93
v      38.15026278                0      9.998307931
v       38.3729261     0.5066666667      9.995932003
v      38.26656094                0      10.04857436
v       38.4851791     0.5066666667      10.04445004
v      38.44032931                0      10.09018425
v      38.65290335     0.5066666667      10.08461263
v      38.68216605                0      10.12453187
v      38.88632838     0.5066666667      10.11776554
v      39.00202135                0      10.14901122
v      39.19505828     0.5066666667      10.14139344
v      39.40178781                0      10.15981163
v      39.58091982     0.5066666667      10.15181819
v      39.86917358                0      10.15443531
v      40.03204869     0.5066666667      10.14662886
v      40.37561958                0      10.13373066
v      40.52087918     0.5066666667      10.12664438
v      41.00917348     0.5066666667      10.09616828
v      40.88151008                0      10.10215632
v      41.45898787     0.5066666667      10.06114047
v      41.34753398                0      10.06586625
v      41.84349263     0.5066666667      10.02686258
v      41.74589478                0      10.03035313
v      42.15169759     0.5066666667      9.996764679
v      42.06520622                0      9.999170613
v      42.38624934     0.5066666667      9.972325574
v      42.30821029                0       9.97385082
v      42.55779345     0.5066666667      9.953586983
v      42.48593617                0      9.954436965
v      42.67964349     0.5066666667      9.939814379
v      42.61217719                0       9.94016805
v      42.82882317      1.013333333             9.93
v      42.74710978      1.013333333      9.920539292
v      42.62965074      1.013333333      9.907262998
v       42.4642884      1.013333333      9.889199672
v      42.23818896      1.013333333      9.865641256
v      41.94109048      1.013333333       9.83662796
v      41.57044175      1.013333333      9.803585316
v      41.13683689      1.013333333      9.769819768
v      40.66613878      1.013333333      9.740441904
v       40.1949238      1.013333333      9.721177584
v      39.76005183      1.013333333      9.716175262
v      39.38809521      1.013333333      9.726224345
v      39.09049071      1.013333333      9.749000783
v       38.8654774      1.013333333      9.780958999
v      38.70379726      1.013333333       9.81967429
v      38.59558941      1.013333333      9.866443925
v      38.54882317      1.013333333             9.93
v      38.59558941      1.013333333      9.993556075
v      38.70379726      1.013333333      10.04032571
v       38.8654774      1.013333333        10.079041
v      39.09049071      1.013333333      10.11099922
v      39.38809521      1.013333333      10.13377566
v      39.76005183      1.013333333      10.14382474
v       40.1949238      1.013333333      10.13882242
v      40.66613878      1.013333333       10.1195581
v      41.13683689      1.013333333      10.09018023
v      41.57044175      1.013333333      10.05641468
v      41.94109048      1.013333333      10.02337204
v      42.23818896      1.013333333      9.994358744
v       42.4642884      1.013333333      9.970800328
v      42.62965074      1.013333333      9.952737002
v      42.74710978      1.013333333      9.939460708
v      42.89323476             1.52             9.93
v      42.81457607             1.52      9.920892963
v      42.70150802             1.52      9.908112979
v      42.54232745             1.52      9.890724918
v      42.32468033             1.52       9.86804719
v      42.03868834             1.52      9.840118504
v      41.68189563             1.52      9.808311099
v       41.2645003             1.52      9.775807814
v      40.81139838             1.52      9.747528188
v      40.35779892             1.52      9.728984029
v      39.93918384             1.52       9.72416871
v      39.58113214             1.52      9.733842126
v      39.29465304             1.52      9.755767109
v      39.07805144             1.52      9.786530626
v      38.92241542             1.52      9.823798615
v      38.81825273             1.52      9.868819853
v      38.77323476             1.52             9.93
v      38.81825273             1.52      9.991180147
v      38.92241542             1.52      10.03620138
v      39.07805144             1.52      10.07346937
v      39.29465304             1.52      10.10423289
v      39.58113214             1.52      10.12615787
v      39.93918384             1.52      10.13583129
v      40.35779892             1.52      10.13101597
v      40.81139838             1.52      10.11247181
v       41.2645003             1.52      10.08419219
v      41.68189563             1.52       10.0516889
v      42.03868834             1.52       10.0198815
v      42.32468033             1.52       9.99195281
v      42.54232745             1.52      9.969275082
v      42.70150802             1.52      9.951887021
v      42.81457607             1.52      9.939107037
v      42.95764634      2.026666667             9.93
v      42.88204236      2.026666667      9.921246635
v       42.7733653      2.026666667      9.908962961
v       42.6203665      2.026666667      9.892250164
v       42.4111717      2.026666667      9.870453124
v      42.13628619      2.026666667      9.843609047
v      41.79334951      2.026666667      9.813036881
v      41.39216371      2.026666667       9.78179586
v      40.95665798      2.026666667      9.754614472
v      40.52067403      2.026666667      9.736790475
v      40.11831585      2.026666667      9.732162158
v      39.77416907      2.026666667      9.741459908
v      39.49881537      2.026666667      9.762533435
v      39.29062549      2.026666667      9.792102252
v      39.14103359      2.026666667      9.827922941
v      39.04091604      2.026666667      9.871195781
v      38.99764634      2.026666667             9.93
v      39.04091604      2.026666667      9.988804219
v      39.14103359      2.026666667      10.03207706
v      39.29062549      2.026666667      10.06789775
v      39.49881537      2.026666667      10.09746656
v      39.77416907      2.026666667      10.11854009
v      40.11831585      2.026666667      10.12783784
v      40.52067403      2.026666667      10.12320953
v      40.95665798      2.026666667      10.10538553
v      41.39216371      2.026666667      10.07820414
v      41.79334951      2.026666667      10.04696312
v      42.13628619      2.026666667      10.01639095
v       42.4111717      2.026666667      9.989546876
v       42.6203665      2.026666667      9.967749836
v       42.7733653      2.026666667      9.951037039
v      42.88204236      2.026666667      9.938753365
v      43.02205793      2.533333333             9.93
v      42.94950865      2.533333333      9.921600306
v      42.84522259      2.533333333      9.909812942
v      42.69840556      2.533333333       9.89377541
v      42.49766307      2.533333333      9.872859059
v      42.23388405      2.533333333      9.847099591
v      41.90480339      2.533333333      9.817762664
v      41.51982712      2.533333333      9.787783906
v      41.10191758      2.533333333      9.761700756
v      40.68354914      2.533333333       9.74459692
v      40.29744786      2.533333333      9.740155606
v        39.967206      2.533333333      9.749077689
v      39.70297771      2.533333333      9.769299761
v      39.50319953      2.533333333      9.797673878
v      39.35965175      2.533333333      9.832047267
v      39.26357936      2.533333333      9.873571709
v      39.22205793      2.533333333             9.93
v      39.26357936      2.533333333      9.986428291
v      39.35965175      2.533333333      10.02795273
v      39.50319953      2.533333333      10.06232612
v      39.70297771      2.533333333      10.09070024
v        39.967206      2.533333333      10.11092231
v      40.29744786      2.533333333      10.11984439
v      40.68354914      2.533333333      10.11540308
v      41.10191758      2.533333333      10.09829924
v      41.51982712      2.533333333      10.07221609
v      41.90480339      2.533333333      10.04223734
v      42.23388405      2.533333333      10.01290041
v      42.49766307      2.533333333      9.987140941
v      42.69840556      2.533333333       9.96622459
v      42.84522259      2.533333333      9.950187058
v      42.94950865      2.533333333      9.938399694
v      43.08646951             3.04             9.93
v      43.01697494             3.04      9.921953977
v      42.91707987             3.04      9.910662923
v      42.77644461             3.04      9.895300656
v      42.58415444             3.04      9.875264993
v       42.3314819             3.04      9.850590134
v      42.01625727             3.04      9.822488447
v      41.64749053             3.04      9.793771952
v      41.24717718             3.04       9.76878704
v      40.84642426             3.04      9.752403366
v      40.47657987             3.04      9.748149055
v      40.16024293             3.04      9.756695471
v      39.90714004             3.04      9.776066087
v      39.71577357             3.04      9.803245504
v      39.57826991             3.04      9.836171592
v      39.48624267             3.04      9.875947637
v      39.44646951             3.04             9.93
v      39.48624267             3.04      9.984052363
v      39.57826991             3.04      10.02382841
v      39.71577357             3.04       10.0567545
v      39.90714004             3.04      10.08393391
v      40.16024293             3.04      10.10330453
v      40.47657987             3.04      10.11185095
v      40.84642426             3.04      10.10759663
v      41.24717718             3.04      10.09121296
v      41.64749053             3.04      10.06622805
v      42.01625727             3.04      10.03751155
v       42.3314819             3.04      10.00940987
v      42.58415444             3.04      9.984735007
v      42.77644461             3.04      9.964699344
v      42.91707987             3.04      9.949337077
v      43.01697494             3.04      9.938046023
v       43.1508811      3.546666667             9.93
v      43.08444124      3.546666667      9.922307649
v      42.98893715      3.546666667      9.911512905
v      42.85448366      3.546666667      9.896825902
v       42.6706458      3.546666667      9.877670927
v      42.42907975      3.546666667      9.854080678
v      42.12771116      3.546666667      9.827214229
v      41.77515394      3.546666667      9.799759998
v      41.39243678      3.546666667      9.775873324
v      41.00929937      3.546666667      9.760209811
v      40.65571188      3.546666667      9.756142503
v      40.35327986      3.546666667      9.764313252
v      40.11130237      3.546666667      9.782832413
v      39.92834762      3.546666667       9.80881713
v      39.79688807      3.546666667      9.840295918
v      39.70890599      3.546666667      9.878323565
v       39.6708811      3.546666667             9.93
v      39.70890599      3.546666667      9.981676435
v      39.79688807      3.546666667      10.01970408
v      39.92834762      3.546666667      10.05118287
v      40.11130237      3.546666667      10.07716759
v      40.35327986      3.546666667      10.09568675
v      40.65571188      3.546666667       10.1038575
v      41.00929937      3.546666667      10.09979019
v      41.39243678      3.546666667      10.08412668
v      41.77515394      3.546666667         10.06024
v      42.12771116      3.546666667      10.03278577
v      42.42907975      3.546666667      10.00591932
v       42.6706458      3.546666667      9.982329073
v      42.85448366      3.546666667      9.963174098
v      42.98893715      3.546666667      9.948487095
v      43.08444124      3.546666667      9.937692351
v      43.21529268      4.053333333             9.93
v      43.15190753      4.053333333       9.92266132
v      43.06079444      4.053333333      9.912362886
v      42.93252272      4.053333333      9.898351148
v      42.75713717      4.053333333      9.880076862
v      42.52667761      4.053333333      9.857571221
v      42.23916504      4.053333333      9.831940012
v      41.90281735      4.053333333      9.805748044
v      41.53769638      4.053333333      9.782959608
v      41.17217448      4.053333333      9.768016257
v      40.83484389      4.053333333      9.764135951
v      40.54631679      4.053333333      9.771931034
v       40.3154647      4.053333333      9.789598738
v      40.14092166      4.053333333      9.814388756
v      40.01550623      4.053333333      9.844420243
v       39.9315693      4.053333333      9.880699493
v      39.89529268      4.053333333             9.93
v       39.9315693      4.053333333      9.979300507
v      40.01550623      4.053333333      10.01557976
v      40.14092166      4.053333333      10.04561124
v       40.3154647      4.053333333      10.07040126
v      40.54631679      4.053333333      10.08806897
v      40.83484389      4.053333333      10.09586405
v      41.17217448      4.053333333      10.09198374
v      41.53769638      4.053333333      10.07704039
v      41.90281735      4.053333333      10.05425196
v      42.23916504      4.053333333      10.02805999
v      42.52667761      4.053333333      10.00242878
v      42.75713717      4.053333333      9.979923138
v      42.93252272      4.053333333      9.961648852
v      43.06079444      4.053333333      9.947637114
v      43.15190753      4.053333333       9.93733868
v      43.27970427             4.56             9.93
v      43.21937382             4.56      9.923014991
v      43.13265172             4.56      9.913212868
v      43.01056177             4.56      9.899876394
v      42.84362854             4.56      9.882482796
v      42.62427546             4.56      9.861061765
v      42.35061892             4.56      9.836665794
v      42.03048075             4.56       9.81173609
v      41.68295598             4.56      9.790045892
v      41.33504959             4.56      9.775822702
v       41.0139759             4.56      9.772129399
v      40.73935372             4.56      9.779548815
v      40.51962703             4.56      9.796365064
v      40.35349571             4.56      9.819960383
v      40.23412439             4.56      9.848544569
v      40.15423261             4.56      9.883075421
v      40.11970427             4.56             9.93
v      40.15423261             4.56      9.976924579
v      40.23412439             4.56      10.01145543
v      40.35349571             4.56      10.04003962
v      40.51962703             4.56      10.06363494
v      40.73935372             4.56      10.08045118
v       41.0139759             4.56       10.0878706
v      41.33504959             4.56       10.0841773
v      41.68295598             4.56      10.06995411
v      42.03048075             4.56      10.04826391
v      42.35061892             4.56      10.02333421
v      42.62427546             4.56      9.998938235
v      42.84362854             4.56      9.977517204
v      43.01056177             4.56      9.960123606
v      43.13265172             4.56      9.946787132
v      43.21937382             4.56      9.936985009
v      43.34411585      5.066666667             9.93
v      43.28684011      5.066666667      9.923368663
v      43.20450901      5.066666667      9.914062849
v      43.08860083      5.066666667      9.901401639
v      42.93011991      5.066666667      9.884888731
v      42.72187332      5.066666667      9.864552308
v       42.4620728      5.066666667      9.841391577
v      42.15814416      5.066666667      9.817724136
v      41.82821558      5.066666667      9.797132176
v      41.49792471      5.066666667      9.783629148
v       41.1931079      5.066666667      9.780122847
v      40.93239065      5.066666667      9.787166597
v      40.72378936      5.066666667       9.80313139
v      40.56606975      5.066666667      9.825532009
v      40.45274255      5.066666667      9.852668895
v      40.37689593      5.066666667      9.885451349
v      40.34411585      5.066666667             9.93
v      40.37689593      5.066666667      9.974548651
v      40.45274255      5.066666667      10.00733111
v      40.56606975      5.066666667      10.03446799
v      40.72378936      5.066666667      10.05686861
v      40.93239065      5.066666667       10.0728334
v       41.1931079      5.066666667      10.07987715
v      41.49792471      5.066666667      10.07637085
v      41.82821558      5.066666667      10.06286782
v      42.15814416      5.066666667      10.04227586
v       42.4620728      5.066666667      10.01860842
v      42.72187332      5.066666667      9.995447692
v      42.93011991      5.066666667      9.975111269
v      43.08860083      5.066666667      9.958598361
v      43.20450901      5.066666667      9.945937151
v      43.28684011      5.066666667      9.936631337
v      43.40852744      5.573333333             9.93
v       43.3543064      5.573333333      9.923722334
v      43.27636629      5.573333333       9.91491283
v      43.16663988      5.573333333      9.902926885
v      43.01661128      5.573333333      9.887294665
v      42.81947117      5.573333333      9.868042852
v      42.57352668      5.573333333      9.846117359
v      42.28580757      5.573333333      9.823712183
v      41.97347518      5.573333333       9.80421846
v      41.66079982      5.573333333      9.791435593
v      41.37223991      5.573333333      9.788116295
v      41.12542758      5.573333333      9.794784378
v      40.92795169      5.573333333      9.809897716
v       40.7786438      5.573333333      9.831103635
v      40.67136072      5.573333333       9.85679322
v      40.59955924      5.573333333      9.887827277
v      40.56852744      5.573333333             9.93
v      40.59955924      5.573333333      9.972172723
v      40.67136072      5.573333333      10.00320678
v       40.7786438      5.573333333      10.02889636
v      40.92795169      5.573333333      10.05010228
v      41.12542758      5.573333333      10.06521562
v      41.37223991      5.573333333       10.0718837
v      41.66079982      5.573333333      10.06856441
v      41.97347518      5.573333333      10.05578154
v      42.28580757      5.573333333      10.03628782
v      42.57352668      5.573333333      10.01388264
v      42.81947117      5.573333333      9.991957148
v      43.01661128      5.573333333      9.972705335
v      43.16663988      5.573333333      9.957073115
v      43.27636629      5.573333333       9.94508717
v       43.3543064      5.573333333      9.936277666
v      43.47293902             6.08             9.93
v      43.42177269             6.08      9.924076005
v      43.34822357             6.08      9.915762812
v      43.24467893             6.08      9.904452131
v      43.10310265             6.08      9.889700599
v      42.91706902             6.08      9.871533396
v      42.68498056             6.08      9.850843142
v      42.41347098             6.08      9.829700229
v      42.11873478             6.08      9.811304744
v      41.82367493             6.08      9.799242039
v      41.55137192             6.08      9.796109743
v      41.31846451             6.08       9.80240216
v      41.13211403             6.08      9.816664042
v      40.99121784             6.08      9.836675261
v      40.88997888             6.08      9.860917546
v      40.82222256             6.08      9.890203205
v      40.79293902             6.08             9.93
v      40.82222256             6.08      9.969796795
v      40.88997888             6.08      9.999082454
v      40.99121784             6.08      10.02332474
v      41.13211403             6.08      10.04333596
v      41.31846451             6.08      10.05759784
v      41.55137192             6.08      10.06389026
v      41.82367493             6.08      10.06075796
v      42.11873478             6.08      10.04869526
v      42.41347098             6.08      10.03029977
v      42.68498056             6.08      10.00915686
v      42.91706902             6.08      9.988466604
v      43.10310265             6.08      9.970299401
v      43.24467893             6.08      9.955547869
v      43.34822357             6.08      9.944237188
v      43.42177269             6.08      9.935923995
v      43.53735061      6.586666667             9.93
v      43.48923899      6.586666667      9.924429677
v      43.42008086      6.586666667      9.916612793
v      43.32271799      6.586666667      9.905977377
v      43.18959402      6.586666667      9.892106534
v      43.01466688      6.586666667      9.875023939
v      42.79643444      6.586666667      9.855568925
v      42.54113439      6.586666667      9.835688275
v      42.26399438      6.586666667      9.818391028
v      41.98655005      6.586666667      9.807048484
v      41.73050393      6.586666667      9.804103192
v      41.51150144      6.586666667      9.810019941
v      41.33627636      6.586666667      9.823430368
v      41.20379188      6.586666667      9.842246887
v      41.10859704      6.586666667      9.865041872
v      41.04488587      6.586666667      9.892579133
v      41.01735061      6.586666667             9.93
v      41.04488587      6.586666667      9.967420867
v      41.10859704      6.586666667      9.994958128
v      41.20379188      6.586666667      10.01775311
v      41.33627636      6.586666667      10.03656963
v      41.51150144      6.586666667      10.04998006
v      41.73050393      6.586666667      10.05589681
v      41.98655005      6.586666667      10.05295152
v      42.26399438      6.586666667      10.04160897
v      42.54113439      6.586666667      10.02431173
v      42.79643444      6.586666667      10.00443108
v      43.01466688      6.586666667      9.984976061
v      43.18959402      6.586666667      9.967893466
v      43.32271799      6.586666667      9.954022623
v      43.42008086      6.586666667      9.943387207
v      43.48923899      6.586666667      9.935570323
v       43.6017622      7.093333333             9.93
v      43.55670528      7.093333333      9.924783348
v      43.49193814      7.093333333      9.917462775
v      43.40075704      7.093333333      9.907502623
v      43.27608539      7.093333333      9.894512468
v      43.11226473      7.093333333      9.878514483
v      42.90788833      7.093333333      9.860294707
v       42.6687978      7.093333333      9.841676321
v      42.40925398      7.093333333      9.825477312
v      42.14942516      7.093333333       9.81485493
v      41.90963594      7.093333333       9.81209664
v      41.70453837      7.093333333      9.817637723
v      41.54043869      7.093333333      9.830196694
v      41.41636593      7.093333333      9.847818514
v       41.3272152      7.093333333      9.869166197
v      41.26754919      7.093333333      9.894955061
v       41.2417622      7.093333333             9.93
v      41.26754919      7.093333333      9.965044939
v       41.3272152      7.093333333      9.990833803
v      41.41636593      7.093333333      10.01218149
v      41.54043869      7.093333333      10.02980331
v      41.70453837      7.093333333      10.04236228
v      41.90963594      7.093333333      10.04790336
v      42.14942516      7.093333333      10.04514507
v      42.40925398      7.093333333      10.03452269
v       42.6687978      7.093333333      10.01832368
v      42.90788833      7.093333333      9.999705293
v      43.11226473      7.093333333      9.981485517
v      43.27608539      7.093333333      9.965487532
v      43.40075704      7.093333333      9.952497377
v      43.49193814      7.093333333      9.942537225
v      43.55670528      7.093333333      9.935216652
v      43.66617378              7.6             9.93
v      43.62417157              7.6      9.925137019
v      43.56379543              7.6      9.918312756
v      43.47879609              7.6      9.909027869
v      43.36257676              7.6      9.896918402
v      43.20986259              7.6      9.882005026
v      43.01934221              7.6       9.86502049
v      42.79646121              7.6      9.847664367
v      42.55451358              7.6      9.832563596
v      42.31230027              7.6      9.822661375
v      42.08876795              7.6      9.820090088
v       41.8975753              7.6      9.825255504
v      41.74460102              7.6      9.836963019
v      41.62893997              7.6       9.85339014
v      41.54583336              7.6      9.873290523
v       41.4902125              7.6      9.897330989
v      41.46617378              7.6             9.93
v       41.4902125              7.6      9.962669011
v      41.54583336              7.6      9.986709477
v      41.62893997              7.6      10.00660986
v      41.74460102              7.6      10.02303698
v       41.8975753              7.6       10.0347445
v      42.08876795              7.6      10.03990991
v      42.31230027              7.6      10.03733863
v      42.55451358              7.6       10.0274364
v      42.79646121              7.6      10.01233563
v      43.01934221              7.6       9.99497951
v      43.20986259              7.6      9.977994974
v      43.36257676              7.6      9.963081598
v      43.47879609              7.6      9.950972131
v      43.56379543              7.6      9.941687244
v      43.62417157              7.6      9.934862981
v      43.62417157              7.6       9.92756851
v      43.56379543              7.6      9.924156378
v      43.47879609              7.6      9.919513934
v      43.36257676              7.6      9.913459201
v      43.20986259              7.6      9.906002513
v      43.01934221              7.6      9.897510245
v      42.79646121              7.6      9.888832183
v      42.55451358              7.6      9.881281798
v      42.31230027              7.6      9.876330687
v      42.08876795              7.6      9.875045044
v       41.8975753              7.6      9.877627752
v      41.74460102              7.6       9.88348151
v      41.62893997              7.6       9.89169507
v      41.54583336              7.6      9.901645261
v       41.4902125              7.6      9.913665495
v       41.4902125              7.6      9.946334505
v      41.54583336              7.6      9.958354739
v      41.62893997              7.6       9.96830493
v      41.74460102              7.6       9.97651849
v       41.8975753              7.6      9.982372248
v      42.08876795              7.6      9.984954956
v      42.31230027              7.6      9.983669313
v      42.55451358              7.6      9.978718202
v      42.79646121              7.6      9.971167817
v      43.01934221              7.6      9.962489755
v      43.20986259              7.6      9.953997487
v      43.36257676              7.6      9.946540799
v      43.47879609              7.6      9.940486066
v      43.56379543              7.6      9.935843622
v      43.62417157              7.6       9.93243149
v      43.62417157              7.6             9.93
v      43.56379543              7.6             9.93
v      43.47879609              7.6             9.93
v      43.36257676              7.6             9.93
v      43.20986259              7.6             9.93
v      43.01934221              7.6             9.93
v      42.79646121              7.6             9.93
v      42.55451358              7.6             9.93
v      42.31230027              7.6             9.93
v      42.08876795              7.6             9.93
v       41.8975753              7.6             9.93
v      41.74460102              7.6             9.93
v      41.62893997              7.6             9.93
v      41.54583336              7.6             9.93
v       41.4902125              7.6             9.93
v      42.76441159    -0.5066666667             9.93
v      42.67964349    -0.5066666667      9.920185621
v      42.55779345    -0.5066666667      9.906413017
v      42.38624934    -0.5066666667      9.887674426
v      42.15169759    -0.5066666667      9.863235321
v      41.84349263    -0.5066666667      9.833137417
v      41.45898787    -0.5066666667      9.798859534
v      41.00917348    -0.5066666667      9.763831722
v      40.52087918    -0.5066666667       9.73335562
v      40.03204869    -0.5066666667      9.713371139
v      39.58091982    -0.5066666667      9.708181814
v      39.19505828    -0.5066666667      9.718606563
v      38.88632838    -0.5066666667      9.742234458
v      38.65290335    -0.5066666667      9.775387373
v       38.4851791    -0.5066666667      9.815549964
v       38.3729261    -0.5066666667      9.864067997
v      38.32441159    -0.5066666667             9.93
v       38.3729261    -0.5066666667      9.995932003
v       38.4851791    -0.5066666667      10.04445004
v      38.65290335    -0.5066666667      10.08461263
v      38.88632838    -0.5066666667      10.11776554
v      39.19505828    -0.5066666667      10.14139344
v      39.58091982    -0.5066666667      10.15181819
v      40.03204869    -0.5066666667      10.14662886
v      40.52087918    -0.5066666667      10.12664438
v      41.00917348    -0.5066666667      10.09616828
v      41.45898787    -0.5066666667      10.06114047
v      41.84349263    -0.5066666667      10.02686258
v      42.15169759    -0.5066666667      9.996764679
v      42.38624934    -0.5066666667      9.972325574
v      42.55779345    -0.5066666667      9.953586983
v      42.67964349    -0.5066666667      9.939814379
v      42.82882317     -1.013333333             9.93
v      42.74710978     -1.013333333      9.920539292
v      42.62965074     -1.013333333      9.907262998
v       42.4642884     -1.013333333      9.889199672
v      42.23818896     -1.013333333      9.865641256
v      41.94109048     -1.013333333       9.83662796
v      41.57044175     -1.013333333      9.803585316
v      41.13683689     -1.013333333      9.769819768
v      40.66613878     -1.013333333      9.740441904
v       40.1949238     -1.013333333      9.721177584
v      39.76005183     -1.013333333      9.716175262
v      39.38809521     -1.013333333      9.726224345
v      39.09049071     -1.013333333      9.749000783
v       38.8654774     -1.013333333      9.780958999
v      38.70379726     -1.013333333       9.81967429
v      38.59558941     -1.013333333      9.866443925
v      38.54882317     -1.013333333             9.93
v      38.59558941     -1.013333333      9.993556075
v      38.70379726     -1.013333333      10.04032571
v       38.8654774     -1.013333333        10.079041
v      39.09049071     -1.013333333      10.11099922
v      39.38809521     -1.013333333      10.13377566
v      39.76005183     -1.013333333      10.14382474
v       40.1949238     -1.013333333      10.13882242
v      40.66613878     -1.013333333       10.1195581
v      41.13683689     -1.013333333      10.09018023
v      41.57044175     -1.013333333      10.05641468
v      41.94109048     -1.013333333      10.02337204
v      42.23818896     -1.013333333      9.994358744
v       42.4642884     -1.013333333      9.970800328
v      42.62965074     -1.013333333      9.952737002
v      42.74710978     -1.013333333      9.939460708
v      42.89323476            -1.52             9.93
v      42.81457607            -1.52      9.920892963
v      42.70150802            -1.52      9.908112979
v      42.54232745            -1.52      9.890724918
v      42.32468033            -1.52       9.86804719
v      42.03868834            -1.52      9.840118504
v      41.68189563            -1.52      9.808311099
v       41.2645003            -1.52      9.775807814
v      40.81139838            -1.52      9.747528188
v      40.35779892            -1.52      9.728984029
v      39.93918384            -1.52       9.72416871
v      39.58113214            -1.52      9.733842126
v      39.29465304            -1.52      9.755767109
v      39.07805144            -1.52      9.786530626
v      38.92241542            -1.52      9.823798615
v      38.81825273            -1.52      9.868819853
v      38.77323476            -1.52             9.93
v      38.81825273            -1.52      9.991180147
v      38.92241542            -1.52      10.03620138
v      39.07805144            -1.52      10.07346937
v      39.29465304            -1.52      10.10423289
v      39.58113214            -1.52      10.12615787
v      39.93918384            -1.52      10.13583129
v      40.35779892            -1.52      10.13101597
v      40.81139838            -1.52      10.11247181
v       41.2645003            -1.52      10.08419219
v      41.68189563            -1.52       10.0516889
v      42.03868834            -1.52       10.0198815
v      42.32468033            -1.52       9.99195281
v      42.54232745            -1.52      9.969275082
v      42.70150802            -1.52      9.951887021
v      42.81457607            -1.52      9.939107037
v      42.95764634     -2.026666667             9.93
v      42.88204236     -2.026666667      9.921246635
v       42.7733653     -2.026666667      9.908962961
v       42.6203665     -2.026666667      9.892250164
v       42.4111717     -2.026666667      9.870453124
v      42.13628619     -2.026666667      9.843609047
v      41.79334951     -2.026666667      9.813036881
v      41.39216371     -2.026666667       9.78179586
v      40.95665798     -2.026666667      9.754614472
v      40.52067403     -2.026666667      9.736790475
v      40.11831585     -2.026666667      9.732162158
v      39.77416907     -2.026666667      9.741459908
v      39.49881537     -2.026666667      9.762533435
v      39.29062549     -2.026666667      9.792102252
v      39.14103359     -2.026666667      9.827922941
v      39.04091604     -2.026666667      9.871195781
v      38.99764634     -2.026666667             9.93
v      39.04091604     -2.026666667      9.988804219
v      39.14103359     -2.026666667      10.03207706
v      39.29062549     -2.026666667      10.06789775
v      39.49881537     -2.026666667      10.09746656
v      39.77416907     -2.026666667      10.11854009
v      40.11831585     -2.026666667      10.12783784
v      40.52067403     -2.026666667      10.12320953
v      40.95665798     -2.026666667      10.10538553
v      41.39216371     -2.026666667      10.07820414
v      41.79334951     -2.026666667      10.04696312
v      42.13628619     -2.026666667      10.01639095
v       42.4111717     -2.026666667      9.989546876
v       42.6203665     -2.026666667      9.967749836
v       42.7733653     -2.026666667      9.951037039
v      42.88204236     -2.026666667      9.938753365
v      43.02205793     -2.533333333             9.93
v      42.94950865     -2.533333333      9.921600306
v      42.84522259     -2.533333333      9.909812942
v      42.69840556     -2.533333333       9.89377541
v      42.49766307     -2.533333333      9.872859059
v      42.23388405     -2.533333333      9.847099591
v      41.90480339     -2.533333333      9.817762664
v      41.51982712     -2.533333333      9.787783906
v      41.10191758     -2.533333333      9.761700756
v      40.68354914     -2.533333333       9.74459692
v      40.29744786     -2.533333333      9.740155606
v        39.967206     -2.533333333      9.749077689
v      39.70297771     -2.533333333      9.769299761
v      39.50319953     -2.533333333      9.797673878
v      39.35965175     -2.533333333      9.832047267
v      39.26357936     -2.533333333      9.873571709
v      39.22205793     -2.533333333             9.93
v      39.26357936     -2.533333333      9.986428291
v      39.35965175     -2.533333333      10.02795273
v      39.50319953     -2.533333333      10.06232612
v      39.70297771     -2.533333333      10.09070024
v        39.967206     -2.533333333      10.11092231
v      40.29744786     -2.533333333      10.11984439
v      40.68354914     -2.533333333      10.11540308
v      41.10191758     -2.533333333      10.09829924
v      41.51982712     -2.533333333      10.07221609
v      41.90480339     -2.533333333      10.04223734
v      42.23388405     -2.533333333      10.01290041
v      42.49766307     -2.533333333      9.987140941
v      42.69840556     -2.533333333       9.96622459
v      42.84522259     -2.533333333      9.950187058
v      42.94950865     -2.533333333      9.938399694
v      43.08646951            -3.04             9.93
v      43.01697494            -3.04      9.921953977
v      42.91707987            -3.04      9.910662923
v      42.77644461            -3.04      9.895300656
v      42.58415444            -3.04      9.875264993
v       42.3314819            -3.04      9.850590134
v      42.01625727            -3.04      9.822488447
v      41.64749053            -3.04      9.793771952
v      41.24717718            -3.04       9.76878704
v      40.84642426            -3.04      9.752403366
v      40.47657987            -3.04      9.748149055
v      40.16024293            -3.04      9.756695471
v      39.90714004            -3.04      9.776066087
v      39.71577357            -3.04      9.803245504
v      39.57826991            -3.04      9.836171592
v      39.48624267            -3.04      9.875947637
v      39.44646951            -3.04             9.93
v      39.48624267            -3.04      9.984052363
v      39.57826991            -3.04      10.02382841
v      39.71577357            -3.04       10.0567545
v      39.90714004            -3.04      10.08393391
v      40.16024293            -3.04      10.10330453
v      40.47657987            -3.04      10.11185095
v      40.84642426            -3.04      10.10759663
v      41.24717718            -3.04      10.09121296
v      41.64749053            -3.04      10.06622805
v      42.01625727            -3.04      10.03751155
v       42.3314819            -3.04      10.00940987
v      42.58415444            -3.04      9.984735007
v      42.77644461            -3.04      9.964699344
v      42.91707987            -3.04      9.949337077
v      43.01697494            -3.04      9.938046023
v       43.1508811     -3.546666667             9.93
v      43.08444124     -3.546666667      9.922307649
v      42.98893715     -3.546666667      9.911512905
v      42.85448366     -3.546666667      9.896825902
v       42.6706458     -3.546666667      9.877670927
v      42.42907975     -3.546666667      9.854080678
v      42.12771116     -3.546666667      9.827214229
v      41.77515394     -3.546666667      9.799759998
v      41.39243678     -3.546666667      9.775873324
v      41.00929937     -3.546666667      9.760209811
v      40.65571188     -3.546666667      9.756142503
v      40.35327986     -3.546666667      9.764313252
v      40.11130237     -3.546666667      9.782832413
v      39.92834762     -3.546666667       9.80881713
v      39.79688807     -3.546666667      9.840295918
v      39.70890599     -3.546666667      9.878323565
v       39.6708811     -3.546666667             9.93
v      39.70890599     -3.546666667      9.981676435
v      39.79688807     -3.546666667      10.01970408
v      39.92834762     -3.546666667      10.05118287
v      40.11130237     -3.546666667      10.07716759
v      40.35327986     -3.546666667      10.09568675
v      40.65571188     -3.546666667       10.1038575
v      41.00929937     -3.546666667      10.09979019
v      41.39243678     -3.546666667      10.08412668
v      41.77515394     -3.546666667         10.06024
v      42.12771116     -3.546666667      10.03278577
v      42.42907975     -3.546666667      10.00591932
v       42.6706458     -3.546666667      9.982329073
v      42.85448366     -3.546666667      9.963174098
v      42.98893715     -3.546666667      9.948487095
v      43.08444124     -3.546666667      9.937692351
v      43.21529268     -4.053333333             9.93
v      43.15190753     -4.053333333       9.92266132
v      43.06079444     -4.053333333      9.912362886
v      42.93252272     -4.053333333      9.898351148
v      42.75713717     -4.053333333      9.880076862
v      42.52667761     -4.053333333      9.857571221
v      42.23916504     -4.053333333      9.831940012
v      41.90281735     -4.053333333      9.805748044
v      41.53769638     -4.053333333      9.782959608
v      41.17217448     -4.053333333      9.768016257
v      40.83484389     -4.053333333      9.764135951
v      40.54631679     -4.053333333      9.771931034
v       40.3154647     -4.053333333      9.789598738
v      40.14092166     -4.053333333      9.814388756
v      40.01550623     -4.053333333      9.844420243
v       39.9315693     -4.053333333      9.880699493
v      39.89529268     -4.053333333             9.93
v       39.9315693     -4.053333333      9.979300507
v      40.01550623     -4.053333333      10.01557976
v      40.14092166     -4.053333333      10.04561124
v       40.3154647     -4.053333333      10.07040126
v      40.54631679     -4.053333333      10.08806897
v      40.83484389     -4.053333333      10.09586405
v      41.17217448     -4.053333333      10.09198374
v      41.53769638     -4.053333333      10.07704039
v      41.90281735     -4.053333333      10.05425196
v      42.23916504     -4.053333333      10.02805999
v      42.52667761     -4.053333333      10.00242878
v      42.75713717     -4.053333333      9.979923138
v      42.93252272     -4.053333333      9.961648852
v      43.06079444     -4.053333333      9.947637114
v      43.15190753     -4.053333333       9.93733868
v      43.27970427            -4.56             9.93
v      43.21937382            -4.56      9.923014991
v      43.13265172            -4.56      9.913212868
v      43.01056177            -4.56      9.899876394
v      42.84362854            -4.56      9.882482796
v      42.62427546            -4.56      9.861061765
v      42.35061892            -4.56      9.836665794
v      42.03048075            -4.56       9.81173609
v      41.68295598            -4.56      9.790045892
v      41.33504959            -4.56      9.775822702
v       41.0139759            -4.56      9.772129399
v      40.73935372            -4.56      9.779548815
v      40.51962703            -4.56      9.796365064
v      40.35349571            -4.56      9.819960383
v      40.23412439            -4.56      9.848544569
v      40.15423261            -4.56      9.883075421
v      40.11970427            -4.56             9.93
v      40.15423261            -4.56      9.976924579
v      40.23412439            -4.56      10.01145543
v      40.35349571            -4.56      10.04003962
v      40.51962703            -4.56      10.06363494
v      40.73935372            -4.56      10.08045118
v       41.0139759            -4.56       10.0878706
v      41.33504959            -4.56       10.0841773
v      41.68295598            -4.56      10.06995411
v      42.03048075            -4.56      10.04826391
v      42.35061892            -4.56      10.02333421
v      42.62427546            -4.56      9.998938235
v      42.84362854            -4.56      9.977517204
v      43.01056177            -4.56      9.960123606
v      43.13265172            -4.56      9.946787132
v      43.21937382            -4.56      9.936985009
v      43.34411585     -5.066666667             9.93
v      43.28684011     -5.066666667      9.923368663
v      43.20450901     -5.066666667      9.914062849
v      43.08860083     -5.066666667      9.901401639
v      42.93011991     -5.066666667      9.884888731
v      42.72187332     -5.066666667      9.864552308
v       42.4620728     -5.066666667      9.841391577
v      42.15814416     -5.066666667      9.817724136
v      41.82821558     -5.066666667      9.797132176
v      41.49792471     -5.066666667      9.783629148
v       41.1931079     -5.066666667      9.780122847
v      40.93239065     -5.066666667      9.787166597
v      40.72378936     -5.066666667       9.80313139
v      40.56606975     -5.066666667      9.825532009
v      40.45274255     -5.066666667      9.852668895
v      40.37689593     -5.066666667      9.885451349
v      40.34411585     -5.066666667             9.93
v      40.37689593     -5.066666667      9.974548651
v      40.45274255     -5.066666667      10.00733111
v      40.56606975     -5.066666667      10.03446799
v      40.72378936     -5.066666667      10.05686861
v      40.93239065     -5.066666667       10.0728334
v       41.1931079     -5.066666667      10.07987715
v      41.49792471     -5.066666667      10.07637085
v      41.82821558     -5.066666667      10.06286782
v      42.15814416     -5.066666667      10.04227586
v       42.4620728     -5.066666667      10.01860842
v      42.72187332     -5.066666667      9.995447692
v      42.93011991     -5.066666667      9.975111269
v      43.08860083     -5.066666667      9.958598361
v      43.20450901     -5.066666667      9.945937151
v      43.28684011     -5.066666667      9.936631337
v      43.40852744     -5.573333333             9.93
v       43.3543064     -5.573333333      9.923722334
v      43.27636629     -5.573333333       9.91491283
v      43.16663988     -5.573333333      9.902926885
v      43.01661128     -5.573333333      9.887294665
v      42.81947117     -5.573333333      9.868042852
v      42.57352668     -5.573333333      9.846117359
v      42.28580757     -5.573333333      9.823712183
v      41.97347518     -5.573333333       9.80421846
v      41.66079982     -5.573333333      9.791435593
v      41.37223991     -5.573333333      9.788116295
v      41.12542758     -5.573333333      9.794784378
v      40.92795169     -5.573333333      9.809897716
v       40.7786438     -5.573333333      9.831103635
v      40.67136072     -5.573333333       9.85679322
v      40.59955924     -5.573333333      9.887827277
v      40.56852744     -5.573333333             9.93
v      40.59955924     -5.573333333      9.972172723
v      40.67136072     -5.573333333      10.00320678
v       40.7786438     -5.573333333      10.02889636
v      40.92795169     -5.573333333      10.05010228
v      41.12542758     -5.573333333      10.06521562
v      41.37223991     -5.573333333       10.0718837
v      41.66079982     -5.573333333      10.06856441
v      41.97347518     -5.573333333      10.05578154
v      42.28580757     -5.573333333      10.03628782
v      42.57352668     -5.573333333      10.01388264
v      42.81947117     -5.573333333      9.991957148
v      43.01661128     -5.573333333      9.972705335
v      43.16663988     -5.573333333      9.957073115
v      43.27636629     -5.573333333       9.94508717
v       43.3543064     -5.573333333      9.936277666
v      43.47293902            -6.08             9.93
v      43.42177269            -6.08      9.924076005
v      43.34822357            -6.08      9.915762812
v      43.24467893            -6.08      9.904452131
v      43.10310265            -6.08      9.889700599
v      42.91706902            -6.08      9.871533396
v      42.68498056            -6.08      9.850843142
v      42.41347098            -6.08      9.829700229
v      42.11873478            -6.08      9.811304744
v      41.82367493            -6.08      9.799242039
v      41.55137192            -6.08      9.796109743
v      41.31846451            -6.08       9.80240216
v      41.13211403            -6.08      9.816664042
v      40.99121784            -6.08      9.836675261
v      40.88997888            -6.08      9.860917546
v      40.82222256            -6.08      9.890203205
v      40.79293902            -6.08             9.93
v      40.82222256            -6.08      9.969796795
v      40.88997888            -6.08      9.999082454
v      40.99121784            -6.08      10.02332474
v      41.13211403            -6.08      10.04333596
v      41.31846451            -6.08      10.05759784
v      41.55137192            -6.08      10.06389026
v      41.82367493            -6.08      10.06075796
v      42.11873478            -6.08      10.04869526
v      42.41347098            -6.08      10.03029977
v      42.68498056            -6.08      10.00915686
v      42.91706902            -6.08      9.988466604
v      43.10310265            -6.08      9.970299401
v      43.24467893            -6.08      9.955547869
v      43.34822357            -6.08      9.944237188
v      43.42177269            -6.08      9.935923995
v      43.53735061     -6.586666667             9.93
v      43.48923899     -6.586666667      9.924429677
v      43.42008086     -6.586666667      9.916612793
v      43.32271799     -6.586666667      9.905977377
v      43.18959402     -6.586666667      9.892106534
v      43.01466688     -6.586666667      9.875023939
v      42.79643444     -6.586666667      9.855568925
v      42.54113439     -6.586666667      9.835688275
v      42.26399438     -6.586666667      9.818391028
v      41.98655005     -6.586666667      9.807048484
v      41.73050393     -6.586666667      9.804103192
v      41.51150144     -6.586666667      9.810019941
v      41.33627636     -6.586666667      9.823430368
v      41.20379188     -6.586666667      9.842246887
v      41.10859704     -6.586666667      9.865041872
v      41.04488587     -6.586666667      9.892579133
v      41.01735061     -6.586666667             9.93
v      41.04488587     -6.586666667      9.967420867
v      41.10859704     -6.586666667      9.994958128
v      41.20379188     -6.586666667      10.01775311
v      41.33627636     -6.586666667      10.03656963
v      41.51150144     -6.586666667      10.04998006
v      41.73050393     -6.586666667      10.05589681
v      41.98655005     -6.586666667      10.05295152
v      42.26399438     -6.586666667      10.04160897
v      42.54113439     -6.586666667      10.02431173
v      42.79643444     -6.586666667      10.00443108
v      43.01466688     -6.586666667      9.984976061
v      43.18959402     -6.586666667      9.967893466
v      43.32271799     -6.586666667      9.954022623
v      43.42008086     -6.586666667      9.943387207
v      43.48923899     -6.586666667      9.935570323
v       43.6017622     -7.093333333             9.93
v      43.55670528     -7.093333333      9.924783348
v      43.49193814     -7.093333333      9.917462775
v      43.40075704     -7.093333333      9.907502623
v      43.27608539     -7.093333333      9.894512468
v      43.11226473     -7.093333333      9.878514483
v      42.90788833     -7.093333333      9.860294707
v       42.6687978     -7.093333333      9.841676321
v      42.40925398     -7.093333333      9.825477312
v      42.14942516     -7.093333333       9.81485493
v      41.90963594     -7.093333333       9.81209664
v      41.70453837     -7.093333333      9.817637723
v      41.54043869     -7.093333333      9.830196694
v      41.41636593     -7.093333333      9.847818514
v       41.3272152     -7.093333333      9.869166197
v      41.26754919     -7.093333333      9.894955061
v       41.2417622     -7.093333333             9.93
v      41.26754919     -7.093333333      9.965044939
v       41.3272152     -7.093333333      9.990833803
v      41.41636593     -7.093333333      10.01218149
v      41.54043869     -7.093333333      10.02980331
v      41.70453837     -7.093333333      10.04236228
v      41.90963594     -7.093333333      10.04790336
v      42.14942516     -7.093333333      10.04514507
v      42.40925398     -7.093333333      10.03452269
v       42.6687978     -7.093333333      10.01832368
v      42.90788833     -7.093333333      9.999705293
v      43.11226473     -7.093333333      9.981485517
v      43.27608539     -7.093333333      9.965487532
v      43.40075704     -7.093333333      9.952497377
v      43.49193814     -7.093333333      9.942537225
v      43.55670528     -7.093333333      9.935216652
v      43.66617378             -7.6             9.93
v      43.62417157             -7.6      9.925137019
v      43.56379543             -7.6      9.918312756
v      43.47879609             -7.6      9.909027869
v      43.36257676             -7.6      9.896918402
v      43.20986259             -7.6      9.882005026
v      43.01934221             -7.6       9.86502049
v      42.79646121             -7.6      9.847664367
v      42.55451358             -7.6      9.832563596
v      42.31230027             -7.6      9.822661375
v      42.08876795             -7.6      9.820090088
v       41.8975753             -7.6      9.825255504
v      41.74460102             -7.6      9.836963019
v      41.62893997             -7.6       9.85339014
v      41.54583336             -7.6      9.873290523
v       41.4902125             -7.6      9.897330989
v      41.46617378             -7.6             9.93
v       41.4902125             -7.6      9.962669011
v      41.54583336             -7.6      9.986709477
v      41.62893997             -7.6      10.00660986
v      41.74460102             -7.6      10.02303698
v       41.8975753             -7.6       10.0347445
v      42.08876795             -7.6      10.03990991
v      42.31230027             -7.6      10.03733863
v      42.55451358             -7.6       10.0274364
v      42.79646121             -7.6      10.01233563
v      43.01934221             -7.6       9.99497951
v      43.20986259             -7.6      9.977994974
v      43.36257676             -7.6      9.963081598
v      43.47879609             -7.6      9.950972131
v      43.56379543             -7.6      9.941687244
v      43.62417157             -7.6      9.934862981
v      43.62417157             -7.6       9.92756851
v      43.56379543             -7.6      9.924156378
v      43.47879609             -7.6      9.919513934
v      43.36257676             -7.6      9.913459201
v      43.20986259             -7.6      9.906002513
v      43.01934221             -7.6      9.897510245
v      42.79646121             -7.6      9.888832183
v      42.55451358             -7.6      9.881281798
v      42.31230027             -7.6      9.876330687
v      42.08876795             -7.6      9.875045044
v       41.8975753             -7.6      9.877627752
v      41.74460102             -7.6       9.88348151
v      41.62893997             -7.6       9.89169507
v      41.54583336             -7.6      9.901645261
v       41.4902125             -7.6      9.913665495
v       41.4902125             -7.6      9.946334505
v      41.54583336             -7.6      9.958354739
v      41.62893997             -7.6       9.96830493
v      41.74460102             -7.6       9.97651849
v       41.8975753             -7.6      9.982372248
v      42.08876795             -7.6      9.984954956
v      42.31230027             -7.6      9.983669313
v      42.55451358             -7.6      9.978718202
v      42.79646121             -7.6      9.971167817
v      43.01934221             -7.6      9.962489755
v      43.20986259             -7.6      9.953997487
v      43.36257676             -7.6      9.946540799
v      43.47879609             -7.6      9.940486066
v      43.56379543             -7.6      9.935843622
v      43.62417157             -7.6       9.93243149
v      43.62417157             -7.6             9.93
v      43.56379543             -7.6             9.93
v      43.47879609             -7.6             9.93
v      43.36257676             -7.6             9.93
v      43.20986259             -7.6             9.93
v      43.01934221             -7.6             9.93
v      42.79646121             -7.6             9.93
v      42.55451358             -7.6             9.93
v      42.31230027             -7.6             9.93
v      42.08876795             -7.6             9.93
v       41.8975753             -7.6             9.93
v      41.74460102             -7.6             9.93
v      41.62893997             -7.6             9.93
v      41.54583336             -7.6             9.93
v       41.4902125             -7.6             9.93
g MeshGeom
f 1 2 3
f 2 4 3
f 4 5 3
f 5 6 3
f 6 7 3
f 7 8 3
f 8 9 3
f 9 10 3
f 3 10 11
f 3 11 12
f 3 12 13
f 3 13 14
f 3 14 15
f 3 15 16
f 3 16 17
f 3 17 18
f 18 19 3
f 19 20 3
f 20 21 3
f 21 22 3
f 22 23 3
f 23 24 3
f 24 25 3
f 25 26 3
f 3 26 27
f 3 27 28
f 3 28 29
f 3 29 30
f 3 30 31
f 3 31 32
f 3 32 33
f 3 33 1
f 1 34 2
f 34 35 2
f 2 35 4
f 35 36 4
f 4 36 5
f 36 37 5
f 5 37 6
f 37 38 6
f 6 38 7
f 38 39 7
f 7 39 8
f 39 40 8
f 8 40 9
f 40 41 9
f 9 41 10
f 41 42 10
f 10 42 43
f 10 43 11
f 11 43 44
f 11 44 12
f 12 44 45
f 12 45 13
f 13 45 46
f 13 46 14
f 14 46 47
f 14 47 15
f 15 47 48
f 15 48 16
f 16 48 49
f 16 49 17
f 17 49 50
f 17 50 18
f 18 50 19
f 50 51 19
f 19 51 20
f 51 52 20
f 20 52 21
f 52 53 21
f 21 53 22
f 53 54 22
f 22 54 23
f 54 55 23
f 23 55 24
f 55 56 24
f 24 56 25
f 56 57 25
f 25 57 26
f 57 58 26
f 26 58 59
f 26 59 27
f 27 59 60
f 27 60 28
f 28 60 61
f 28 61 29
f 29 61 62
f 29 62 30
f 30 62 63
f 30 63 31
f 31 63 64
f 31 64 32
f 32 64 65
f 32 65 33
f 33 65 34
f 33 34 1
f 34 66 35
f 66 67 35
f 35 67 36
f 67 68 36
f 36 68 37
f 68 69 37
f 37 69 38
f 69 70 38
f 38 70 39
f 70 71 39
f 39 71 40
f 71 72 40
f 40 72 41
f 72 73 41
f 41 73 42
f 73 74 42
f 42 74 75
f 42 75 43
f 43 75 76
f 43 76 44
f 44 76 77
f 44 77 45
f 45 77 78
f 45 78 46
f 46 78 79
f 46 79 47
f 47 79 80
f 47 80 48
f 48 80 81
f 48 81 49
f 49 81 82
f 49 82 50
f 50 82 51
f 82 83 51
f 51 83 52
f 83 84 52
f 52 84 53
f 84 85 53
f 53 85 54
f 85 86 54
f 54 86 55
f 86 87 55
f 55 87 56
f 87 88 56
f 56 88 57
f 88 89 57
f 57 89 58
f 89 90 58
f 58 90 91
f 58 91 59
f 59 91 92
f 59 92 60
f 60 92 93
f 60 93 61
f 61 93 94
f 61 94 62
f 62 94 95
f 62 95 63
f 63 95 96
f 63 96 64
f 64 96 97
f 64 97 65
f 65 97 66
f 65 66 34
f 66 98 67
f 98 99 67
f 67 99 68
f 99 100 68
f 68 100 69
f 100 101 69
f 69 101 70
f 101 102 70
f 70 102 71
f 102 103 71
f 71 103 72
f 103 104 72
f 72 104 73
f 104 105 73
f 73 105 74
f 105 106 74
f 74 106 107
f 74 107 75
f 75 107 108
f 75 108 76
f 76 108 109
f 76 109 77
f 77 109 110
f 77 110 78
f 78 110 111
f 78 111 79
f 79 111 112
f 79 112 80
f 80 112 113
f 80 113 81
f 81 113 114
f 81 114 82
f 82 114 83
f 114 115 83
f 83 115 84
f 115 116 84
f 84 116 85
f 116 117 85
f 85 117 86
f 117 118 86
f 86 118 87
f 118 119 87
f 87 119 88
f 119 120 88
f 88 120 89
f 120 121 89
f 89 121 90
f 121 122 90
f 90 122 123
f 90 123 91
f 91 123 124
f 91 124 92
f 92 124 125
f 92 125 93
f 93 125 126
f 93 126 94
f 94 126 127
f 94 127 95
f 95 127 128
f 95 128 96
f 96 128 129
f 96 129 97
f 97 129 98
f 97 98 66
f 98 130 99
f 130 131 99
f 99 131 100
f 131 132 100
f 100 132 101
f 132 133 101
f 101 133 102
f 133 134 102
f 102 134 103
f 134 135 103
f 103 135 104
f 135 136 104
f 104 136 105
f 136 137 105
f 105 137 106
f 137 138 106
f 106 138 139
f 106 139 107
f 107 139 140
f 107 140 108
f 108 140 141
f 108 141 109
f 109 141 142
f 109 142 110
f 110 142 143
f 110 143 111
f 111 143 144
f 111 144 112
f 112 144 145
f 112 145 113
f 113 145 146
f 113 146 114
f 114 146 115
f 146 147 115
f 115 147 116
f 147 148 116
f 116 148 117
f 148 149 117
f 117 149 118
f 149 150 118
f 118 150 119
f 150 151 119
f 119 151 120
f 151 152 120
f 120 152 121
f 152 153 121
f 121 153 122
f 153 154 122
f 122 154 155
f 122 155 123
f 123 155 156
f 123 156 124
f 124 156 157
f 124 157 125
f 125 157 158
f 125 158 126
f 126 158 159
f 126 159 127
f 127 159 160
f 127 160 128
f 128 160 161
f 128 161 129
f 129 161 130
f 129 130 98
f 130 162 131
f 162 163 131
f 131 163 132
f 163 164 132
f 132 164 133
f 164 165 133
f 133 165 134
f 165 166 134
f 134 166 135
f 166 167 135
f 135 167 136
f 167 168 136
f 136 168 137
f 168 169 137
f 137 169 138
f 169 170 138
f 138 170 171
f 138 171 139
f 139 171 172
f 139 172 140
f 140 172 173
f 140 173 141
f 141 173 174
f 141 174 142
f 142 174 175
f 142 175 143
f 143 175 176
f 143 176 144
f 144 176 177
f 144 177 145
f 145 177 178
f 145 178 146
f 146 178 147
f 178 179 147
f 147 179 148
f 179 180 148
f 148 180 149
f 180 181 149
f 149 181 150
f 181 182 150
f 150 182 151
f 182 183 151
f 151 183 152
f 183 184 152
f 152 184 153
f 184 185 153
f 153 185 154
f 185 186 154
f 154 186 187
f 154 187 155
f 155 187 188
f 155 188 156
f 156 188 189
f 156 189 157
f 157 189 190
f 157 190 158
f 158 190 191
f 158 191 159
f 159 191 192
f 159 192 160
f 160 192 193
f 160 193 161
f 161 193 162
f 161 162 130
f 162 194 163
f 194 195 163
f 163 195 164
f 195 196 164
f 164 196 165
f 196 197 165
f 165 197 166
f 197 198 166
f 166 198 167
f 198 199 167
f 167 199 168
f 199 200 168
f 168 200 169
f 200 201 169
f 169 201 170
f 201 202 170
f 170 202 203
f 170 203 171
f 171 203 204
f 171 204 172
f 172 204 205
f 172 205 173
f 173 205 206
f 173 206 174
f 174 206 207
f 174 207 175
f 175 207 208
f 175 208 176
f 176 208 209
f 176 209 177
f 177 209 210
f 177 210 178
f 178 210 179
f 210 211 179
f 179 211 180
f 211 212 180
f 180 212 181
f 212 213 181
f 181 213 182
f 213 214 182
f 182 214 183
f 214 215 183
f 183 215 184
f 215 216 184
f 184 216 185
f 216 217 185
f 185 217 186
f 217 218 186
f 186 218 219
f 186 219 187
f 187 219 220
f 187 220 188
f 188 220 221
f 188 221 189
f 189 221 222
f 189 222 190
f 190 222 223
f 190 223 191
f 191 223 224
f 191 224 192
f 192 224 225
f 192 225 193
f 193 225 194
f 193 194 162
f 194 226 195
f 226 227 195
f 195 227 196
f 227 228 196
f 196 228 197
f 228 229 197
f 197 229 198
f 229 230 198
f 198 230 199
f 230 231 199
f 199 231 200
f 231 232 200
f 200 232 201
f 232 233 201
f 201 233 202
f 233 234 202
f 202 234 235
f 202 235 203
f 203 235 236
f 203 236 204
f 204 236 237
f 204 237 205
f 205 237 238
f 205 238 206
f 206 238 239
f 206 239 207
f 207 239 240
f 207 240 208
f 208 240 241
f 208 241 209
f 209 241 242
f 209 242 210
f 210 242 211
f 242 243 211
f 211 243 212
f 243 244 212
f 212 244 213
f 244 245 213
f 213 245 214
f 245 246 214
f 214 246 215
f 246 247 215
f 215 247 216
f 247 248 216
f 216 248 217
f 248 249 217
f 217 249 218
f 249 250 218
f 218 250 251
f 218 251 219
f 219 251 252
f 219 252 220
f 220 252 253
f 220 253 221
f 221 253 254
f 221 254 222
f 222 254 255
f 222 255 223
f 223 255 256
f 223 256 224
f 224 256 257
f 224 257 225
f 225 257 226
f 225 226 194
f 226 258 227
f 258 259 227
f 227 259 228
f 259 260 228
f 228 260 229
f 260 261 229
f 229 261 230
f 261 262 230
f 230 262 231
f 262 263 231
f 231 263 232
f 263 264 232
f 232 264 233
f 264 265 233
f 233 265 234
f 265 266 234
f 234 266 267
f 234 267 235
f 235 267 268
f 235 268 236
f 236 268 269
f 236 269 237
f 237 269 270
f 237 270 238
f 238 270 271
f 238 271 239
f 239 271 272
f 239 272 240
f 240 272 273
f 240 273 241
f 241 273 274
f 241 274 242
f 242 274 243
f 274 275 243
f 243 275 244
f 275 276 244
f 244 276 245
f 276 277 245
f 245 277 246
f 277 278 246
f 246 278 247
f 278 279 247
f 247 279 248
f 279 280 248
f 248 280 249
f 280 281 249
f 249 281 250
f 281 282 250
f 250 282 283
f 250 283 251
f 251 283 284
f 251 284 252
f 252 284 285
f 252 285 253
f 253 285 286
f 253 286 254
f 254 286 287
f 254 287 255
f 255 287 288
f 255 288 256
f 256 288 289
f 256 289 257
f 257 289 258
f 257 258 226
f 258 290 259
f 290 291 259
f 259 291 260
f 291 292 260
f 260 292 261
f 292 293 261
f 261 293 262
f 293 294 262
f 262 294 263
f 294 295 263
f 263 295 264
f 295 296 264
f 264 296 265
f 296 297 265
f 265 297 266
f 297 298 266
f 266 298 299
f 266 299 267
f 267 299 300
f 267 300 268
f 268 300 301
f 268 301 269
f 269 301 302
f 269 302 270
f 270 302 303
f 270 303 271
f 271 303 304
f 271 304 272
f 272 304 305
f 272 305 273
f 273 305 306
f 273 306 274
f 274 306 275
f 306 307 275
f 275 307 276
f 307 308 276
f 276 308 277
f 308 309 277
f 277 309 278
f 309 310 278
f 278 310 279
f 310 311 279
f 279 311 280
f 311 312 280
f 280 312 281
f 312 313 281
f 281 313 282
f 313 314 282
f 282 314 315
f 282 315 283
f 283 315 316
f 283 316 284
f 284 316 317
f 284 317 285
f 285 317 318
f 285 318 286
f 286 318 319
f 286 319 287
f 287 319 320
f 287 320 288
f 288 320 321
f 288 321 289
f 289 321 290
f 289 290 258
f 290 322 291
f 322 323 291
f 291 323 292
f 323 324 292
f 292 324 293
f 324 325 293
f 293 325 294
f 325 326 294
f 294 326 295
f 326 327 295
f 295 327 296
f 327 328 296
f 296 328 297
f 328 329 297
f 297 329 298
f 329 330 298
f 298 330 331
f 298 331 299
f 299 331 332
f 299 332 300
f 300 332 333
f 300 333 301
f 301 333 334
f 301 334 302
f 302 334 335
f 302 335 303
f 303 335 336
f 303 336 304
f 304 336 337
f 304 337 305
f 305 337 338
f 305 338 306
f 306 338 307
f 338 339 307
f 307 339 308
f 339 340 308
f 308 340 309
f 340 341 309
f 309 341 310
f 341 342 310
f 310 342 311
f 342 343 311
f 311 343 312
f 343 344 312
f 312 344 313
f 344 345 313
f 313 345 314
f 345 346 314
f 314 346 347
f 314 347 315
f 315 347 348
f 315 348 316
f 316 348 349
f 316 349 317
f 317 349 350
f 317 350 318
f 318 350 351
f 318 351 319
f 319 351 352
f 319 352 320
f 320 352 353
f 320 353 321
f 321 353 322
f 321 322 290
f 322 354 323
f 354 355 323
f 323 355 324
f 355 356 324
f 324 356 325
f 356 357 325
f 325 357 326
f 357 358 326
f 326 358 327
f 358 359 327
f 327 359 328
f 359 360 328
f 328 360 329
f 360 361 329
f 329 361 330
f 361 362 330
f 330 362 363
f 330 363 331
f 331 363 364
f 331 364 332
f 332 364 365
f 332 365 333
f 333 365 366
f 333 366 334
f 334 366 367
f 334 367 335
f 335 367 368
f 335 368 336
f 336 368 369
f 336 369 337
f 337 369 370
f 337 370 338
f 338 370 339
f 370 371 339
f 339 371 340
f 371 372 340
f 340 372 341
f 372 373 341
f 341 373 342
f 373 374 342
f 342 374 343
f 374 375 343
f 343 375 344
f 375 376 344
f 344 376 345
f 376 377 345
f 345 377 346
f 377 378 346
f 346 378 379
f 346 379 347
f 347 379 380
f 347 380 348
f 348 380 381
f 348 381 349
f 349 381 382
f 349 382 350
f 350 382 383
f 350 383 351
f 351 383 384
f 351 384 352
f 352 384 385
f 352 385 353
f 353 385 354
f 353 354 322
f 354 386 355
f 386 387 355
f 355 387 356
f 387 388 356
f 356 388 357
f 388 389 357
f 357 389 358
f 389 390 358
f 358 390 359
f 390 391 359
f 359 391 360
f 391 392 360
f 360 392 361
f 392 393 361
f 361 393 362
f 393 394 362
f 362 394 395
f 362 395 363
f 363 395 396
f 363 396 364
f 364 396 397
f 364 397 365
f 365 397 398
f 365 398 366
f 366 398 399
f 366 399 367
f 367 399 400
f 367 400 368
f 368 400 401
f 368 401 369
f 369 401 402
f 369 402 370
f 370 402 371
f 402 403 371
f 371 403 372
f 403 404 372
f 372 404 373
f 404 405 373
f 373 405 374
f 405 406 374
f 374 406 375
f 406 407 375
f 375 407 376
f 407 408 376
f 376 408 377
f 408 409 377
f 377 409 378
f 409 410 378
f 378 410 411
f 378 411 379
f 379 411 412
f 379 412 380
f 380 412 413
f 380 413 381
f 381 413 414
f 381 414 382
f 382 414 415
f 382 415 383
f 383 415 416
f 383 416 384
f 384 416 417
f 384 417 385
f 385 417 386
f 385 386 354
f 386 418 387
f 418 419 387
f 387 419 388
f 419 420 388
f 388 420 389
f 420 421 389
f 389 421 390
f 421 422 390
f 390 422 391
f 422 423 391
f 391 423 392
f 423 424 392
f 392 424 393
f 424 425 393
f 393 425 394
f 425 426 394
f 394 426 427
f 394 427 395
f 395 427 428
f 395 428 396
f 396 428 429
f 396 429 397
f 397 429 430
f 397 430 398
f 398 430 431
f 398 431 399
f 399 431 432
f 399 432 400
f 400 432 433
f 400 433 401
f 401 433 434
f 401 434 402
f 402 434 403
f 434 435 403
f 403 435 404
f 435 436 404
f 404 436 405
f 436 437 405
f 405 437 406
f 437 438 406
f 406 438 407
f 438 439 407
f 407 439 408
f 439 440 408
f 408 440 409
f 440 441 409
f 409 441 410
f 441 442 410
f 410 442 443
f 410 443 411
f 411 443 444
f 411 444 412
f 412 444 445
f 412 445 413
f 413 445 446
f 413 446 414
f 414 446 447
f 414 447 415
f 415 447 448
f 415 448 416
f 416 448 449
f 416 449 417
f 417 449 418
f 417 418 386
f 418 450 419
f 450 451 419
f 419 451 420
f 451 452 420
f 420 452 421
f 452 453 421
f 421 453 422
f 453 454 422
f 422 454 423
f 454 455 423
f 423 455 424
f 455 456 424
f 424 456 425
f 456 457 425
f 425 457 426
f 457 458 426
f 426 458 459
f 426 459 427
f 427 459 460
f 427 460 428
f 428 460 461
f 428 461 429
f 429 461 462
f 429 462 430
f 430 462 463
f 430 463 431
f 431 463 464
f 431 464 432
f 432 464 465
f 432 465 433
f 433 465 466
f 433 466 434
f 434 466 435
f 466 467 435
f 435 467 436
f 467 468 436
f 436 468 437
f 468 469 437
f 437 469 438
f 469 470 438
f 438 470 439
f 470 471 439
f 439 471 440
f 471 472 440
f 440 472 441
f 472 473 441
f 441 473 442
f 473 474 442
f 442 474 475
f 442 475 443
f 443 475 476
f 443 476 444
f 444 476 477
f 444 477 445
f 445 477 478
f 445 478 446
f 446 478 479
f 446 479 447
f 447 479 480
f 447 480 448
f 448 480 481
f 448 481 449
f 449 481 450
f 449 450 418
f 450 482 451
f 482 483 451
f 451 483 452
f 483 484 452
f 452 484 453
f 484 485 453
f 453 485 454
f 485 486 454
f 454 486 455
f 486 487 455
f 455 487 456
f 487 488 456
f 456 488 457
f 488 489 457
f 457 489 458
f 489 490 458
f 458 490 491
f 458 491 459
f 459 491 492
f 459 492 460
f 460 492 493
f 460 493 461
f 461 493 494
f 461 494 462
f 462 494 495
f 462 495 463
f 463 495 496
f 463 496 464
f 464 496 497
f 464 497 465
f 465 497 498
f 465 498 466
f 466 498 467
f 498 499 467
f 467 499 468
f 499 500 468
f 468 500 469
f 500 501 469
f 469 501 470
f 501 502 470
f 470 502 471
f 502 503 471
f 471 503 472
f 503 504 472
f 472 504 473
f 504 505 473
f 473 505 474
f 505 506 474
f 474 506 507
f 474 507 475
f 475 507 508
f 475 508 476
f 476 508 509
f 476 509 477
f 477 509 510
f 477 510 478
f 478 510 511
f 478 511 479
f 479 511 512
f 479 512 480
f 480 512 513
f 480 513 481
f 481 513 482
f 481 482 450
f 482 514 483
f 514 515 483
f 483 515 484
f 515 516 484
f 484 516 485
f 516 517 485
f 485 517 486
f 517 518 486
f 486 518 487
f 518 519 487
f 487 519 488
f 519 520 488
f 488 520 489
f 520 521 489
f 489 521 490
f 521 522 490
f 490 522 523
f 490 523 491
f 491 523 524
f 491 524 492
f 492 524 525
f 492 525 493
f 493 525 526
f 493 526 494
f 494 526 527
f 494 527 495
f 495 527 528
f 495 528 496
f 496 528 529
f 496 529 497
f 497 529 530
f 497 530 498
f 498 530 499
f 530 531 499
f 499 531 500
f 531 532 500
f 500 532 501
f 532 533 501
f 501 533 502
f 533 534 502
f 502 534 503
f 534 535 503
f 503 535 504
f 535 536 504
f 504 536 505
f 536 537 505
f 505 537 506
f 537 538 506
f 506 538 539
f 506 539 507
f 507 539 540
f 507 540 508
f 508 540 541
f 508 541 509
f 509 541 542
f 509 542 510
f 510 542 543
f 510 543 511
f 511 543 544
f 511 544 512
f 512 544 545
f 512 545 513
f 513 545 514
f 513 514 482
f 514 546 515
f 546 547 515
f 515 547 516
f 547 548 516
f 516 548 517
f 548 549 517
f 517 549 518
f 549 550 518
f 518 550 519
f 550 551 519
f 519 551 520
f 551 552 520
f 520 552 521
f 552 553 521
f 521 553 522
f 553 554 522
f 522 554 555
f 522 555 523
f 523 555 556
f 523 556 524
f 524 556 557
f 524 557 525
f 525 557 558
f 525 558 526
f 526 558 559
f 526 559 527
f 527 559 560
f 527 560 528
f 528 560 561
f 528 561 529
f 529 561 562
f 529 562 530
f 530 562 531
f 562 563 531
f 531 563 532
f 563 564 532
f 532 564 533
f 564 565 533
f 533 565 534
f 565 566 534
f 534 566 535
f 566 567 535
f 535 567 536
f 567 568 536
f 536 568 537
f 568 569 537
f 537 569 538
f 569 570 538
f 538 570 571
f 538 571 539
f 539 571 572
f 539 572 540
f 540 572 573
f 540 573 541
f 541 573 574
f 541 574 542
f 542 574 575
f 542 575 543
f 543 575 576
f 543 576 544
f 544 576 577
f 544 577 545
f 545 577 546
f 545 546 514
f 546 578 547
f 578 579 547
f 547 579 548
f 579 580 548
f 548 580 549
f 580 581 549
f 549 581 550
f 581 582 550
f 550 582 551
f 582 583 551
f 551 583 552
f 583 584 552
f 552 584 553
f 584 585 553
f 553 585 554
f 585 586 554
f 554 586 587
f 554 587 555
f 555 587 588
f 555 588 556
f 556 588 589
f 556 589 557
f 557 589 590
f 557 590 558
f 558 590 591
f 558 591 559
f 559 591 592
f 559 592 560
f 560 592 593
f 560 593 561
f 561 593 594
f 561 594 562
f 562 594 563
f 594 595 563
f 563 595 564
f 595 596 564
f 564 596 565
f 596 597 565
f 565 597 566
f 597 598 566
f 566 598 567
f 598 599 567
f 567 599 568
f 599 600 568
f 568 600 569
f 600 601 569
f 569 601 570
f 601 602 570
f 570 602 603
f 570 603 571
f 571 603 604
f 571 604 572
f 572 604 605
f 572 605 573
f 573 605 606
f 573 606 574
f 574 606 607
f 574 607 575
f 575 607 608
f 575 608 576
f 576 608 609
f 576 609 577
f 577 609 578
f 577 578 546
f 578 610 579
f 610 611 579
f 579 611 580
f 611 612 580
f 580 612 581
f 612 613 581
f 581 613 582
f 613 614 582
f 582 614 583
f 614 615 583
f 583 615 584
f 615 616 584
f 584 616 585
f 616 617 585
f 585 617 586
f 617 618 586
f 586 618 619
f 586 619 587
f 587 619 620
f 587 620 588
f 588 620 621
f 588 621 589
f 589 621 622
f 589 622 590
f 590 622 623
f 590 623 591
f 591 623 624
f 591 624 592
f 592 624 625
f 592 625 593
f 593 625 626
f 593 626 594
f 594 626 595
f 626 627 595
f 595 627 596
f 627 628 596
f 596 628 597
f 628 629 597
f 597 629 598
f 629 630 598
f 598 630 599
f 630 631 599
f 599 631 600
f 631 632 600
f 600 632 601
f 632 633 601
f 601 633 602
f 633 634 602
f 602 634 635
f 602 635 603
f 603 635 636
f 603 636 604
f 604 636 637
f 604 637 605
f 605 637 638
f 605 638 606
f 606 638 639
f 606 639 607
f 607 639 640
f 607 640 608
f 608 640 641
f 608 641 609
f 609 641 610
f 609 610 578
f 610 642 611
f 642 643 611
f 611 643 612
f 643 644 612
f 612 644 613
f 644 645 613
f 613 645 614
f 645 646 614
f 614 646 615
f 646 647 615
f 615 647 616
f 647 648 616
f 616 648 617
f 648 649 617
f 617 649 618
f 649 650 618
f 618 650 651
f 618 651 619
f 619 651 652
f 619 652 620
f 620 652 653
f 620 653 621
f 621 653 654
f 621 654 622
f 622 654 655
f 622 655 623
f 623 655 656
f 623 656 624
f 624 656 657
f 624 657 625
f 625 657 658
f 625 658 626
f 626 658 627
f 658 659 627
f 627 659 628
f 659 660 628
f 628 660 629
f 660 661 629
f 629 661 630
f 661 662 630
f 630 662 631
f 662 663 631
f 631 663 632
f 663 664 632
f 632 664 633
f 664 665 633
f 633 665 634
f 665 666 634
f 634 666 667
f 634 667 635
f 635 667 668
f 635 668 636
f 636 668 669
f 636 669 637
f 637 669 670
f 637 670 638
f 638 670 671
f 638 671 639
f 639 671 672
f 639 672 640
f 640 672 673
f 640 673 641
f 641 673 642
f 641 642 610
f 642 674 643
f 674 675 643
f 643 675 644
f 675 676 644
f 644 676 645
f 676 677 645
f 645 677 646
f 677 678 646
f 646 678 647
f 678 679 647
f 647 679 648
f 679 680 648
f 648 680 649
f 680 681 649
f 649 681 650
f 681 682 650
f 650 682 683
f 650 683 651
f 651 683 684
f 651 684 652
f 652 684 685
f 652 685 653
f 653 685 686
f 653 686 654
f 654 686 687
f 654 687 655
f 655 687 688
f 655 688 656
f 656 688 689
f 656 689 657
f 657 689 690
f 657 690 658
f 658 690 659
f 690 691 659
f 659 691 660
f 691 692 660
f 660 692 661
f 692 693 661
f 661 693 662
f 693 694 662
f 662 694 663
f 694 695 663
f 663 695 664
f 695 696 664
f 664 696 665
f 696 697 665
f 665 697 666
f 697 698 666
f 666 698 699
f 666 699 667
f 667 699 700
f 667 700 668
f 668 700 701
f 668 701 669
f 669 701 702
f 669 702 670
f 670 702 703
f 670 703 671
f 671 703 704
f 671 704 672
f 672 704 705
f 672 705 673
f 673 705 674
f 673 674 642
f 674 706 675
f 706 707 675
f 675 707 676
f 707 708 676
f 676 708 677
f 708 709 677
f 677 709 678
f 709 710 678
f 678 710 679
f 710 711 679
f 679 711 680
f 711 712 680
f 680 712 681
f 712 713 681
f 681 713 682
f 713 714 682
f 682 714 715
f 682 715 683
f 683 715 716
f 683 716 684
f 684 716 717
f 684 717 685
f 685 717 718
f 685 718 686
f 686 718 719
f 686 719 687
f 687 719 720
f 687 720 688
f 688 720 721
f 688 721 689
f 689 721 722
f 689 722 690
f 690 722 691
f 722 723 691
f 691 723 692
f 723 724 692
f 692 724 693
f 724 725 693
f 693 725 694
f 725 726 694
f 694 726 695
f 726 727 695
f 695 727 696
f 727 728 696
f 696 728 697
f 728 729 697
f 697 729 698
f 729 730 698
f 698 730 731
f 698 731 699
f 699 731 732
f 699 732 700
f 700 732 733
f 700 733 701
f 701 733 734
f 701 734 702
f 702 734 735
f 702 735 703
f 703 735 736
f 703 736 704
f 704 736 737
f 704 737 705
f 705 737 706
f 705 706 674
f 706 738 739
f 706 739 707
f 707 739 740
f 707 740 708
f 708 740 741
f 708 741 709
f 709 741 742
f 709 742 710
f 710 742 743
f 710 743 711
f 711 743 744
f 711 744 712
f 712 744 745
f 712 745 713
f 713 745 746
f 713 746 714
f 714 746 715
f 746 747 715
f 715 747 716
f 747 748 716
f 716 748 717
f 748 749 717
f 717 749 718
f 749 750 718
f 718 750 719
f 750 751 719
f 719 751 720
f 751 752 720
f 720 752 721
f 752 753 721
f 721 753 722
f 753 754 722
f 722 754 755
f 722 755 723
f 723 755 756
f 723 756 724
f 724 756 757
f 724 757 725
f 725 757 758
f 725 758 726
f 726 758 759
f 726 759 727
f 727 759 760
f 727 760 728
f 728 760 761
f 728 761 729
f 729 761 762
f 729 762 730
f 730 762 731
f 762 763 731
f 731 763 732
f 763 764 732
f 732 764 733
f 764 765 733
f 733 765 734
f 765 766 734
f 734 766 735
f 766 767 735
f 735 767 736
f 767 768 736
f 736 768 737
f 768 769 737
f 737 769 706
f 769 738 706
f 738 770 771
f 738 771 739
f 739 771 772
f 739 772 740
f 740 772 773
f 740 773 741
f 741 773 774
f 741 774 742
f 742 774 775
f 742 775 743
f 743 775 776
f 743 776 744
f 744 776 777
f 744 777 745
f 745 777 778
f 745 778 746
f 746 778 747
f 778 779 747
f 747 779 748
f 779 780 748
f 748 780 749
f 780 781 749
f 749 781 750
f 781 782 750
f 750 782 751
f 782 783 751
f 751 783 752
f 783 784 752
f 752 784 753
f 784 785 753
f 753 785 754
f 785 786 754
f 754 786 787
f 754 787 755
f 755 787 788
f 755 788 756
f 756 788 789
f 756 789 757
f 757 789 790
f 757 790 758
f 758 790 791
f 758 791 759
f 759 791 792
f 759 792 760
f 760 792 793
f 760 793 761
f 761 793 794
f 761 794 762
f 762 794 763
f 794 795 763
f 763 795 764
f 795 796 764
f 764 796 765
f 796 797 765
f 765 797 766
f 797 798 766
f 766 798 767
f 798 799 767
f 767 799 768
f 799 800 768
f 768 800 769
f 800 801 769
f 769 801 738
f 801 770 738
f 770 802 803
f 770 803 771
f 771 803 804
f 771 804 772
f 772 804 805
f 772 805 773
f 773 805 806
f 773 806 774
f 774 806 807
f 774 807 775
f 775 807 808
f 775 808 776
f 776 808 809
f 776 809 777
f 777 809 810
f 777 810 778
f 778 810 779
f 810 811 779
f 779 811 780
f 811 812 780
f 780 812 781
f 812 813 781
f 781 813 782
f 813 814 782
f 782 814 783
f 814 815 783
f 783 815 784
f 815 816 784
f 784 816 785
f 816 817 785
f 785 817 786
f 817 818 786
f 786 818 819
f 786 819 787
f 787 819 820
f 787 820 788
f 788 820 821
f 788 821 789
f 789 821 822
f 789 822 790
f 790 822 823
f 790 823 791
f 791 823 824
f 791 824 792
f 792 824 825
f 792 825 793
f 793 825 826
f 793 826 794
f 794 826 795
f 826 827 795
f 795 827 796
f 827 828 796
f 796 828 797
f 828 829 797
f 797 829 798
f 829 830 798
f 798 830 799
f 830 831 799
f 799 831 800
f 831 832 800
f 800 832 801
f 832 833 801
f 801 833 770
f 833 802 770
f 802 834 835
f 802 835 803
f 803 835 836
f 803 836 804
f 804 836 837
f 804 837 805
f 805 837 838
f 805 838 806
f 806 838 839
f 806 839 807
f 807 839 840
f 807 840 808
f 808 840 841
f 808 841 809
f 809 841 842
f 809 842 810
f 810 842 811
f 842 843 811
f 811 843 812
f 843 844 812
f 812 844 813
f 844 845 813
f 813 845 814
f 845 846 814
f 814 846 815
f 846 847 815
f 815 847 816
f 847 848 816
f 816 848 817
f 848 849 817
f 817 849 818
f 849 850 818
f 818 850 851
f 818 851 819
f 819 851 852
f 819 852 820
f 820 852 853
f 820 853 821
f 821 853 854
f 821 854 822
f 822 854 855
f 822 855 823
f 823 855 856
f 823 856 824
f 824 856 857
f 824 857 825
f 825 857 858
f 825 858 826
f 826 858 827
f 858 859 827
f 827 859 828
f 859 860 828
f 828 860 829
f 860 861 829
f 829 861 830
f 861 862 830
f 830 862 831
f 862 863 831
f 831 863 832
f 863 864 832
f 832 864 833
f 864 865 833
f 833 865 802
f 865 834 802
f 834 866 867
f 834 867 835
f 835 867 868
f 835 868 836
f 836 868 869
f 836 869 837
f 837 869 870
f 837 870 838
f 838 870 871
f 838 871 839
f 839 871 872
f 839 872 840
f 840 872 873
f 840 873 841
f 841 873 874
f 841 874 842
f 842 874 843
f 874 875 843
f 843 875 844
f 875 876 844
f 844 876 845
f 876 877 845
f 845 877 846
f 877 878 846
f 846 878 847
f 878 879 847
f 847 879 848
f 879 880 848
f 848 880 849
f 880 881 849
f 849 881 850
f 881 882 850
f 850 882 883
f 850 883 851
f 851 883 884
f 851 884 852
f 852 884 885
f 852 885 853
f 853 885 886
f 853 886 854
f 854 886 887
f 854 887 855
f 855 887 888
f 855 888 856
f 856 888 889
f 856 889 857
f 857 889 890
f 857 890 858
f 858 890 859
f 890 891 859
f 859 891 860
f 891 892 860
f 860 892 861
f 892 893 861
f 861 893 862
f 893 894 862
f 862 894 863
f 894 895 863
f 863 895 864
f 895 896 864
f 864 896 865
f 896 897 865
f 865 897 834
f 897 866 834
f 866 898 899
f 866 899 867
f 867 899 900
f 867 900 868
f 868 900 901
f 868 901 869
f 869 901 902
f 869 902 870
f 870 902 903
f 870 903 871
f 871 903 904
f 871 904 872
f 872 904 905
f 872 905 873
f 873 905 906
f 873 906 874
f 874 906 875
f 906 907 875
f 875 907 876
f 907 908 876
f 876 908 877
f 908 909 877
f 877 909 878
f 909 910 878
f 878 910 879
f 910 911 879
f 879 911 880
f 911 912 880
f 880 912 881
f 912 913 881
f 881 913 882
f 913 914 882
f 882 914 915
f 882 915 883
f 883 915 916
f 883 916 884
f 884 916 917
f 884 917 885
f 885 917 918
f 885 918 886
f 886 918 919
f 886 919 887
f 887 919 920
f 887 920 888
f 888 920 921
f 888 921 889
f 889 921 922
f 889 922 890
f 890 922 891
f 922 923 891
f 891 923 892
f 923 924 892
f 892 924 893
f 924 925 893
f 893 925 894
f 925 926 894
f 894 926 895
f 926 927 895
f 895 927 896
f 927 928 896
f 896 928 897
f 928 929 897
f 897 929 866
f 929 898 866
f 898 930 931
f 898 931 899
f 899 931 932
f 899 932 900
f 900 932 933
f 900 933 901
f 901 933 934
f 901 934 902
f 902 934 935
f 902 935 903
f 903 935 936
f 903 936 904
f 904 936 937
f 904 937 905
f 905 937 938
f 905 938 906
f 906 938 907
f 938 939 907
f 907 939 908
f 939 940 908
f 908 940 909
f 940 941 909
f 909 941 910
f 941 942 910
f 910 942 911
f 942 943 911
f 911 943 912
f 943 944 912
f 912 944 913
f 944 945 913
f 913 945 914
f 945 946 914
f 914 946 947
f 914 947 915
f 915 947 948
f 915 948 916
f 916 948 949
f 916 949 917
f 917 949 950
f 917 950 918
f 918 950 951
f 918 951 919
f 919 951 952
f 919 952 920
f 920 952 953
f 920 953 921
f 921 953 954
f 921 954 922
f 922 954 923
f 954 955 923
f 923 955 924
f 955 956 924
f 924 956 925
f 956 957 925
f 925 957 926
f 957 958 926
f 926 958 927
f 958 959 927
f 927 959 928
f 959 960 928
f 928 960 929
f 960 961 929
f 929 961 898
f 961 930 898
f 930 962 963
f 930 963 931
f 931 963 964
f 931 964 932
f 932 964 965
f 932 965 933
f 933 965 966
f 933 966 934
f 934 966 967
f 934 967 935
f 935 967 968
f 935 968 936
f 936 968 969
f 936 969 937
f 937 969 970
f 937 970 938
f 938 970 939
f 970 971 939
f 939 971 940
f 971 972 940
f 940 972 941
f 972 973 941
f 941 973 942
f 973 974 942
f 942 974 943
f 974 975 943
f 943 975 944
f 975 976 944
f 944 976 945
f 976 977 945
f 945 977 946
f 977 978 946
f 946 978 979
f 946 979 947
f 947 979 980
f 947 980 948
f 948 980 981
f 948 981 949
f 949 981 982
f 949 982 950
f 950 982 983
f 950 983 951
f 951 983 984
f 951 984 952
f 952 984 985
f 952 985 953
f 953 985 986
f 953 986 954
f 954 986 955
f 986 987 955
f 955 987 956
f 987 988 956
f 956 988 957
f 988 989 957
f 957 989 958
f 989 990 958
f 958 990 959
f 990 991 959
f 959 991 960
f 991 992 960
f 960 992 961
f 992 993 961
f 961 993 930
f 993 962 930
f 962 994 995
f 962 995 963
f 963 995 996
f 963 996 964
f 964 996 997
f 964 997 965
f 965 997 998
f 965 998 966
f 966 998 999
f 966 999 967
f 967 999 1000
f 967 1000 968
f 968 1000 1001
f 968 1001 969
f 969 1001 1002
f 969 1002 970
f 970 1002 971
f 1002 1003 971
f 971 1003 972
f 1003 1004 972
f 972 1004 973
f 1004 1005 973
f 973 1005 974
f 1005 1006 974
f 974 1006 975
f 1006 1007 975
f 975 1007 976
f 1007 1008 976
f 976 1008 977
f 1008 1009 977
f 977 1009 978
f 1009 1010 978
f 978 1010 1011
f 978 1011 979
f 979 1011 1012
f 979 1012 980
f 980 1012 1013
f 980 1013 981
f 981 1013 1014
f 981 1014 982
f 982 1014 1015
f 982 1015 983
f 983 1015 1016
f 983 1016 984
f 984 1016 1017
f 984 1017 985
f 985 1017 1018
f 985 1018 986
f 986 1018 987
f 1018 1019 987
f 987 1019 988
f 1019 1020 988
f 988 1020 989
f 1020 1021 989
f 989 1021 990
f 1021 1022 990
f 990 1022 991
f 1022 1023 991
f 991 1023 992
f 1023 1024 992
f 992 1024 993
f 1024 1025 993
f 993 1025 962
f 1025 994 962
f 994 1026 1027
f 994 1027 995
f 995 1027 1028
f 995 1028 996
f 996 1028 1029
f 996 1029 997
f 997 1029 1030
f 997 1030 998
f 998 1030 1031
f 998 1031 999
f 999 1031 1032
f 999 1032 1000
f 1000 1032 1033
f 1000 1033 1001
f 1001 1033 1034
f 1001 1034 1002
f 1002 1034 1003
f 1034 1035 1003
f 1003 1035 1004
f 1035 1036 1004
f 1004 1036 1005
f 1036 1037 1005
f 1005 1037 1006
f 1037 1038 1006
f 1006 1038 1007
f 1038 1039 1007
f 1007 1039 1008
f 1039 1040 1008
f 1008 1040 1009
f 1040 1041 1009
f 1009 1041 1010
f 1041 1042 1010
f 1010 1042 1043
f 1010 1043 1011
f 1011 1043 1044
f 1011 1044 1012
f 1012 1044 1045
f 1012 1045 1013
f 1013 1045 1046
f 1013 1046 1014
f 1014 1046 1047
f 1014 1047 1015
f 1015 1047 1048
f 1015 1048 1016
f 1016 1048 1049
f 1016 1049 1017
f 1017 1049 1050
f 1017 1050 1018
f 1018 1050 1019
f 1050 1051 1019
f 1019 1051 1020
f 1051 1052 1020
f 1020 1052 1021
f 1052 1053 1021
f 1021 1053 1022
f 1053 1054 1022
f 1022 1054 1023
f 1054 1055 1023
f 1023 1055 1024
f 1055 1056 1024
f 1024 1056 1025
f 1056 1057 1025
f 1025 1057 994
f 1057 1026 994
f 1026 1058 1059
f 1026 1059 1027
f 1027 1059 1060
f 1027 1060 1028
f 1028 1060 1061
f 1028 1061 1029
f 1029 1061 1062
f 1029 1062 1030
f 1030 1062 1063
f 1030 1063 1031
f 1031 1063 1064
f 1031 1064 1032
f 1032 1064 1065
f 1032 1065 1033
f 1033 1065 1066
f 1033 1066 1034
f 1034 1066 1035
f 1066 1067 1035
f 1035 1067 1036
f 1067 1068 1036
f 1036 1068 1037
f 1068 1069 1037
f 1037 1069 1038
f 1069 1070 1038
f 1038 1070 1039
f 1070 1071 1039
f 1039 1071 1040
f 1071 1072 1040
f 1040 1072 1041
f 1072 1073 1041
f 1041 1073 1042
f 1073 1074 1042
f 1042 1074 1075
f 1042 1075 1043
f 1043 1075 1076
f 1043 1076 1044
f 1044 1076 1077
f 1044 1077 1045
f 1045 1077 1078
f 1045 1078 1046
f 1046 1078 1079
f 1046 1079 1047
f 1047 1079 1080
f 1047 1080 1048
f 1048 1080 1081
f 1048 1081 1049
f 1049 1081 1082
f 1049 1082 1050
f 1050 1082 1051
f 1082 1083 1051
f 1051 1083 1052
f 1083 1084 1052
f 1052 1084 1053
f 1084 1085 1053
f 1053 1085 1054
f 1085 1086 1054
f 1054 1086 1055
f 1086 1087 1055
f 1055 1087 1056
f 1087 1088 1056
f 1056 1088 1057
f 1088 1089 1057
f 1057 1089 1026
f 1089 1058 1026
f 1058 1090 1091
f 1058 1091 1059
f 1059 1091 1092
f 1059 1092 1060
f 1060 1092 1093
f 1060 1093 1061
f 1061 1093 1094
f 1061 1094 1062
f 1062 1094 1095
f 1062 1095 1063
f 1063 1095 1096
f 1063 1096 1064
f 1064 1096 1097
f 1064 1097 1065
f 1065 1097 1098
f 1065 1098 1066
f 1066 1098 1067
f 1098 1099 1067
f 1067 1099 1068
f 1099 1100 1068
f 1068 1100 1069
f 1100 1101 1069
f 1069 1101 1070
f 1101 1102 1070
f 1070 1102 1071
f 1102 1103 1071
f 1071 1103 1072
f 1103 1104 1072
f 1072 1104 1073
f 1104 1105 1073
f 1073 1105 1074
f 1105 1106 1074
f 1074 1106 1107
f 1074 1107 1075
f 1075 1107 1108
f 1075 1108 1076
f 1076 1108 1109
f 1076 1109 1077
f 1077 1109 1110
f 1077 1110 1078
f 1078 1110 1111
f 1078 1111 1079
f 1079 1111 1112
f 1079 1112 1080
f 1080 1112 1113
f 1080 1113 1081
f 1081 1113 1114
f 1081 1114 1082
f 1082 1114 1083
f 1114 1115 1083
f 1083 1115 1084
f 1115 1116 1084
f 1084 1116 1085
f 1116 1117 1085
f 1085 1117 1086
f 1117 1118 1086
f 1086 1118 1087
f 1118 1119 1087
f 1087 1119 1088
f 1119 1120 1088
f 1088 1120 1089
f 1120 1121 1089
f 1089 1121 1058
f 1121 1090 1058
f 1090 1122 1123
f 1090 1123 1091
f 1091 1123 1124
f 1091 1124 1092
f 1092 1124 1125
f 1092 1125 1093
f 1093 1125 1126
f 1093 1126 1094
f 1094 1126 1127
f 1094 1127 1095
f 1095 1127 1128
f 1095 1128 1096
f 1096 1128 1129
f 1096 1129 1097
f 1097 1129 1130
f 1097 1130 1098
f 1098 1130 1099
f 1130 1131 1099
f 1099 1131 1100
f 1131 1132 1100
f 1100 1132 1101
f 1132 1133 1101
f 1101 1133 1102
f 1133 1134 1102
f 1102 1134 1103
f 1134 1135 1103
f 1103 1135 1104
f 1135 1136 1104
f 1104 1136 1105
f 1136 1137 1105
f 1105 1137 1106
f 1137 1138 1106
f 1106 1138 1139
f 1106 1139 1107
f 1107 1139 1140
f 1107 1140 1108
f 1108 1140 1141
f 1108 1141 1109
f 1109 1141 1142
f 1109 1142 1110
f 1110 1142 1143
f 1110 1143 1111
f 1111 1143 1144
f 1111 1144 1112
f 1112 1144 1145
f 1112 1145 1113
f 1113 1145 1146
f 1113 1146 1114
f 1114 1146 1115
f 1146 1147 1115
f 1115 1147 1116
f 1147 1148 1116
f 1116 1148 1117
f 1148 1149 1117
f 1117 1149 1118
f 1149 1150 1118
f 1118 1150 1119
f 1150 1151 1119
f 1119 1151 1120
f 1151 1152 1120
f 1120 1152 1121
f 1152 1153 1121
f 1121 1153 1090
f 1153 1122 1090
f 1122 1154 1155
f 1122 1155 1123
f 1123 1155 1156
f 1123 1156 1124
f 1124 1156 1157
f 1124 1157 1125
f 1125 1157 1158
f 1125 1158 1126
f 1126 1158 1159
f 1126 1159 1127
f 1127 1159 1160
f 1127 1160 1128
f 1128 1160 1161
f 1128 1161 1129
f 1129 1161 1162
f 1129 1162 1130
f 1130 1162 1131
f 1162 1163 1131
f 1131 1163 1132
f 1163 1164 1132
f 1132 1164 1133
f 1164 1165 1133
f 1133 1165 1134
f 1165 1166 1134
f 1134 1166 1135
f 1166 1167 1135
f 1135 1167 1136
f 1167 1168 1136
f 1136 1168 1137
f 1168 1169 1137
f 1137 1169 1138
f 1169 1170 1138
f 1138 1170 1171
f 1138 1171 1139
f 1139 1171 1172
f 1139 1172 1140
f 1140 1172 1173
f 1140 1173 1141
f 1141 1173 1174
f 1141 1174 1142
f 1142 1174 1175
f 1142 1175 1143
f 1143 1175 1176
f 1143 1176 1144
f 1144 1176 1177
f 1144 1177 1145
f 1145 1177 1178
f 1145 1178 1146
f 1146 1178 1147
f 1178 1179 1147
f 1147 1179 1148
f 1179 1180 1148
f 1148 1180 1149
f 1180 1181 1149
f 1149 1181 1150
f 1181 1182 1150
f 1150 1182 1151
f 1182 1183 1151
f 1151 1183 1152
f 1183 1184 1152
f 1152 1184 1153
f 1184 1185 1153
f 1153 1185 1122
f 1185 1154 1122
f 1154 1186 1187
f 1154 1187 1155
f 1155 1187 1188
f 1155 1188 1156
f 1156 1188 1189
f 1156 1189 1157
f 1157 1189 1190
f 1157 1190 1158
f 1158 1190 1191
f 1158 1191 1159
f 1159 1191 1192
f 1159 1192 1160
f 1160 1192 1193
f 1160 1193 1161
f 1161 1193 1194
f 1161 1194 1162
f 1162 1194 1163
f 1194 1195 1163
f 1163 1195 1164
f 1195 1196 1164
f 1164 1196 1165
f 1196 1197 1165
f 1165 1197 1166
f 1197 1198 1166
f 1166 1198 1167
f 1198 1199 1167
f 1167 1199 1168
f 1199 1200 1168
f 1168 1200 1169
f 1200 1201 1169
f 1169 1201 1170
f 1201 1202 1170
f 1170 1202 1203
f 1170 1203 1171
f 1171 1203 1204
f 1171 1204 1172
f 1172 1204 1205
f 1172 1205 1173
f 1173 1205 1206
f 1173 1206 1174
f 1174 1206 1207
f 1174 1207 1175
f 1175 1207 1208
f 1175 1208 1176
f 1176 1208 1209
f 1176 1209 1177
f 1177 1209 1210
f 1177 1210 1178
f 1178 1210 1179
f 1210 1211 1179
f 1179 1211 1180
f 1211 1212 1180
f 1180 1212 1181
f 1212 1213 1181
f 1181 1213 1182
f 1213 1214 1182
f 1182 1214 1183
f 1214 1215 1183
f 1183 1215 1184
f 1215 1216 1184
f 1184 1216 1185
f 1216 1217 1185
f 1185 1217 1154
f 1217 1186 1154
f 1186 1218 1219
f 1186 1219 1187
f 1187 1219 1220
f 1187 1220 1188
f 1188 1220 1221
f 1188 1221 1189
f 1189 1221 1222
f 1189 1222 1190
f 1190 1222 1223
f 1190 1223 1191
f 1191 1223 1224
f 1191 1224 1192
f 1192 1224 1225
f 1192 1225 1193
f 1193 1225 1226
f 1193 1226 1194
f 1194 1226 1195
f 1226 1227 1195
f 1195 1227 1196
f 1227 1228 1196
f 1196 1228 1197
f 1228 1229 1197
f 1197 1229 1198
f 1229 1230 1198
f 1198 1230 1199
f 1230 1231 1199
f 1199 1231 1200
f 1231 1232 1200
f 1200 1232 1201
f 1232 1233 1201
f 1201 1233 1202
f 1233 1234 1202
f 1202 1234 1235
f 1202 1235 1203
f 1203 1235 1236
f 1203 1236 1204
f 1204 1236 1237
f 1204 1237 1205
f 1205 1237 1238
f 1205 1238 1206
f 1206 1238 1239
f 1206 1239 1207
f 1207 1239 1240
f 1207 1240 1208
f 1208 1240 1241
f 1208 1241 1209
f 1209 1241 1242
f 1209 1242 1210
f 1210 1242 1211
f 1242 1243 1211
f 1211 1243 1212
f 1243 1244 1212
f 1212 1244 1213
f 1244 1245 1213
f 1213 1245 1214
f 1245 1246 1214
f 1214 1246 1215
f 1246 1247 1215
f 1215 1247 1216
f 1247 1248 1216
f 1216 1248 1217
f 1248 1249 1217
f 1217 1249 1186
f 1249 1218 1186
f 1218 1250 1251
f 1218 1251 1219
f 1219 1251 1252
f 1219 1252 1220
f 1220 1252 1253
f 1220 1253 1221
f 1221 1253 1254
f 1221 1254 1222
f 1222 1254 1255
f 1222 1255 1223
f 1223 1255 1256
f 1223 1256 1224
f 1224 1256 1257
f 1224 1257 1225
f 1225 1257 1258
f 1225 1258 1226
f 1226 1258 1227
f 1258 1259 1227
f 1227 1259 1228
f 1259 1260 1228
f 1228 1260 1229
f 1260 1261 1229
f 1229 1261 1230
f 1261 1262 1230
f 1230 1262 1231
f 1262 1263 1231
f 1231 1263 1232
f 1263 1264 1232
f 1232 1264 1233
f 1264 1265 1233
f 1233 1265 1234
f 1265 1266 1234
f 1234 1266 1267
f 1234 1267 1235
f 1235 1267 1268
f 1235 1268 1236
f 1236 1268 1269
f 1236 1269 1237
f 1237 1269 1270
f 1237 1270 1238
f 1238 1270 1271
f 1238 1271 1239
f 1239 1271 1272
f 1239 1272 1240
f 1240 1272 1273
f 1240 1273 1241
f 1241 1273 1274
f 1241 1274 1242
f 1242 1274 1243
f 1274 1275 1243
f 1243 1275 1244
f 1275 1276 1244
f 1244 1276 1245
f 1276 1277 1245
f 1245 1277 1246
f 1277 1278 1246
f 1246 1278 1247
f 1278 1279 1247
f 1247 1279 1248
f 1279 1280 1248
f 1248 1280 1249
f 1280 1281 1249
f 1249 1281 1218
f 1281 1250 1218
f 1250 1282 1283
f 1250 1283 1251
f 1251 1283 1284
f 1251 1284 1252
f 1252 1284 1285
f 1252 1285 1253
f 1253 1285 1286
f 1253 1286 1254
f 1254 1286 1287
f 1254 1287 1255
f 1255 1287 1288
f 1255 1288 1256
f 1256 1288 1289
f 1256 1289 1257
f 1257 1289 1290
f 1257 1290 1258
f 1258 1290 1259
f 1290 1291 1259
f 1259 1291 1260
f 1291 1292 1260
f 1260 1292 1261
f 1292 1293 1261
f 1261 1293 1262
f 1293 1294 1262
f 1262 1294 1263
f 1294 1295 1263
f 1263 1295 1264
f 1295 1296 1264
f 1264 1296 1265
f 1296 1297 1265
f 1265 1297 1266
f 1297 1298 1266
f 1266 1298 1299
f 1266 1299 1267
f 1267 1299 1300
f 1267 1300 1268
f 1268 1300 1301
f 1268 1301 1269
f 1269 1301 1302
f 1269 1302 1270
f 1270 1302 1303
f 1270 1303 1271
f 1271 1303 1304
f 1271 1304 1272
f 1272 1304 1305
f 1272 1305 1273
f 1273 1305 1306
f 1273 1306 1274
f 1274 1306 1275
f 1306 1307 1275
f 1275 1307 1276
f 1307 1308 1276
f 1276 1308 1277
f 1308 1309 1277
f 1277 1309 1278
f 1309 1310 1278
f 1278 1310 1279
f 1310 1311 1279
f 1279 1311 1280
f 1311 1312 1280
f 1280 1312 1281
f 1312 1313 1281
f 1281 1313 1250
f 1313 1282 1250
f 1282 1314 1315
f 1282 1315 1283
f 1283 1315 1316
f 1283 1316 1284
f 1284 1316 1317
f 1284 1317 1285
f 1285 1317 1318
f 1285 1318 1286
f 1286 1318 1319
f 1286 1319 1287
f 1287 1319 1320
f 1287 1320 1288
f 1288 1320 1321
f 1288 1321 1289
f 1289 1321 1322
f 1289 1322 1290
f 1290 1322 1291
f 1322 1323 1291
f 1291 1323 1292
f 1323 1324 1292
f 1292 1324 1293
f 1324 1325 1293
f 1293 1325 1294
f 1325 1326 1294
f 1294 1326 1295
f 1326 1327 1295
f 1295 1327 1296
f 1327 1328 1296
f 1296 1328 1297
f 1328 1329 1297
f 1297 1329 1298
f 1329 1330 1298
f 1298 1330 1331
f 1298 1331 1299
f 1299 1331 1332
f 1299 1332 1300
f 1300 1332 1333
f 1300 1333 1301
f 1301 1333 1334
f 1301 1334 1302
f 1302 1334 1335
f 1302 1335 1303
f 1303 1335 1336
f 1303 1336 1304
f 1304 1336 1337
f 1304 1337 1305
f 1305 1337 1338
f 1305 1338 1306
f 1306 1338 1307
f 1338 1339 1307
f 1307 1339 1308
f 1339 1340 1308
f 1308 1340 1309
f 1340 1341 1309
f 1309 1341 1310
f 1341 1342 1310
f 1310 1342 1311
f 1342 1343 1311
f 1311 1343 1312
f 1343 1344 1312
f 1312 1344 1313
f 1344 1345 1313
f 1313 1345 1282
f 1345 1314 1282
f 1314 1346 1347
f 1314 1347 1315
f 1315 1347 1348
f 1315 1348 1316
f 1316 1348 1349
f 1316 1349 1317
f 1317 1349 1350
f 1317 1350 1318
f 1318 1350 1351
f 1318 1351 1319
f 1319 1351 1352
f 1319 1352 1320
f 1320 1352 1353
f 1320 1353 1321
f 1321 1353 1354
f 1321 1354 1322
f 1322 1354 1323
f 1354 1355 1323
f 1323 1355 1324
f 1355 1356 1324
f 1324 1356 1325
f 1356 1357 1325
f 1325 1357 1326
f 1357 1358 1326
f 1326 1358 1327
f 1358 1359 1327
f 1327 1359 1328
f 1359 1360 1328
f 1328 1360 1329
f 1360 1361 1329
f 1329 1361 1330
f 1361 1362 1330
f 1330 1362 1363
f 1330 1363 1331
f 1331 1363 1364
f 1331 1364 1332
f 1332 1364 1365
f 1332 1365 1333
f 1333 1365 1366
f 1333 1366 1334
f 1334 1366 1367
f 1334 1367 1335
f 1335 1367 1368
f 1335 1368 1336
f 1336 1368 1369
f 1336 1369 1337
f 1337 1369 1370
f 1337 1370 1338
f 1338 1370 1339
f 1370 1371 1339
f 1339 1371 1340
f 1371 1372 1340
f 1340 1372 1341
f 1372 1373 1341
f 1341 1373 1342
f 1373 1374 1342
f 1342 1374 1343
f 1374 1375 1343
f 1343 1375 1344
f 1375 1376 1344
f 1344 1376 1345
f 1376 1377 1345
f 1345 1377 1314
f 1377 1346 1314
f 1346 1378 1379
f 1346 1379 1347
f 1347 1379 1380
f 1347 1380 1348
f 1348 1380 1381
f 1348 1381 1349
f 1349 1381 1382
f 1349 1382 1350
f 1350 1382 1383
f 1350 1383 1351
f 1351 1383 1384
f 1351 1384 1352
f 1352 1384 1385
f 1352 1385 1353
f 1353 1385 1386
f 1353 1386 1354
f 1354 1386 1355
f 1386 1387 1355
f 1355 1387 1356
f 1387 1388 1356
f 1356 1388 1357
f 1388 1389 1357
f 1357 1389 1358
f 1389 1390 1358
f 1358 1390 1359
f 1390 1391 1359
f 1359 1391 1360
f 1391 1392 1360
f 1360 1392 1361
f 1392 1393 1361
f 1361 1393 1362
f 1393 1394 1362
f 1362 1394 1395
f 1362 1395 1363
f 1363 1395 1396
f 1363 1396 1364
f 1364 1396 1397
f 1364 1397 1365
f 1365 1397 1398
f 1365 1398 1366
f 1366 1398 1399
f 1366 1399 1367
f 1367 1399 1400
f 1367 1400 1368
f 1368 1400 1401
f 1368 1401 1369
f 1369 1401 1402
f 1369 1402 1370
f 1370 1402 1371
f 1402 1403 1371
f 1371 1403 1372
f 1403 1404 1372
f 1372 1404 1373
f 1404 1405 1373
f 1373 1405 1374
f 1405 1406 1374
f 1374 1406 1375
f 1406 1407 1375
f 1375 1407 1376
f 1407 1408 1376
f 1376 1408 1377
f 1408 1409 1377
f 1377 1409 1346
f 1409 1378 1346
f 1378 1410 1379
f 1379 1410 1380
f 1380 1410 1381
f 1381 1410 1382
f 1382 1410 1383
f 1383 1410 1384
f 1384 1410 1385
f 1385 1410 1386
f 1386 1410 1387
f 1387 1410 1388
f 1388 1410 1389
f 1389 1410 1390
f 1390 1410 1391
f 1391 1410 1392
f 1392 1410 1393
f 1393 1410 1394
f 1394 1410 1395
f 1395 1410 1396
f 1396 1410 1397
f 1397 1410 1398
f 1398 1410 1399
f 1399 1410 1400
f 1400 1410 1401
f 1401 1410 1402
f 1402 1410 1403
f 1403 1410 1404
f 1404 1410 1405
f 1405 1410 1406
f 1406 1410 1407
f 1407 1410 1408
f 1408 1410 1409
f 1409 1410 1378
f 1411 1412 1413
f 1412 1414 1413
f 1414 1415 1413
f 1415 1416 1413
f 1416 1417 1413
f 1417 1418 1413
f 1418 1419 1413
f 1419 1420 1413
f 1420 1421 1413
f 1421 1422 1413
f 1413 1422 1423
f 1413 1423 1424
f 1413 1424 1425
f 1413 1425 1426
f 1413 1426 1427
f 1413 1427 1428
f 1413 1428 1429
f 1413 1429 1430
f 1413 1430 1431
f 1413 1431 1432
f 1432 1433 1413
f 1433 1434 1413
f 1434 1435 1413
f 1435 1436 1413
f 1436 1437 1413
f 1437 1438 1413
f 1438 1439 1413
f 1439 1440 1413
f 1440 1441 1413
f 1441 1442 1413
f 1413 1442 1443
f 1413 1443 1444
f 1413 1444 1445
f 1413 1445 1446
f 1413 1446 1447
f 1413 1447 1448
f 1413 1448 1449
f 1413 1449 1450
f 1413 1450 1451
f 1413 1451 1411
f 1411 1452 1412
f 1452 1453 1412
f 1412 1453 1414
f 1453 1454 1414
f 1414 1454 1415
f 1454 1455 1415
f 1415 1455 1416
f 1455 1456 1416
f 1416 1456 1417
f 1456 1457 1417
f 1417 1457 1418
f 1457 1458 1418
f 1418 1458 1419
f 1458 1459 1419
f 1419 1459 1420
f 1459 1460 1420
f 1420 1460 1421
f 1460 1461 1421
f 1421 1461 1422
f 1461 1462 1422
f 1422 1462 1463
f 1422 1463 1423
f 1423 1463 1464
f 1423 1464 1424
f 1424 1464 1465
f 1424 1465 1425
f 1425 1465 1466
f 1425 1466 1426
f 1426 1466 1467
f 1426 1467 1427
f 1427 1467 1468
f 1427 1468 1428
f 1428 1468 1469
f 1428 1469 1429
f 1429 1469 1470
f 1429 1470 1430
f 1430 1470 1471
f 1430 1471 1431
f 1431 1471 1472
f 1431 1472 1432
f 1432 1472 1433
f 1472 1473 1433
f 1433 1473 1434
f 1473 1474 1434
f 1434 1474 1435
f 1474 1475 1435
f 1435 1475 1436
f 1475 1476 1436
f 1436 1476 1437
f 1476 1477 1437
f 1437 1477 1438
f 1477 1478 1438
f 1438 1478 1439
f 1478 1479 1439
f 1439 1479 1440
f 1479 1480 1440
f 1440 1480 1441
f 1480 1481 1441
f 1441 1481 1442
f 1481 1482 1442
f 1442 1482 1483
f 1442 1483 1443
f 1443 1483 1484
f 1443 1484 1444
f 1444 1484 1485
f 1444 1485 1445
f 1445 1485 1486
f 1445 1486 1446
f 1446 1486 1487
f 1446 1487 1447
f 1447 1487 1488
f 1447 1488 1448
f 1448 1488 1489
f 1448 1489 1449
f 1449 1489 1490
f 1449 1490 1450
f 1450 1490 1491
f 1450 1491 1451
f 1451 1491 1452
f 1451 1452 1411
f 1452 1492 1453
f 1492 1493 1453
f 1453 1493 1454
f 1493 1494 1454
f 1454 1494 1455
f 1494 1495 1455
f 1455 1495 1456
f 1495 1496 1456
f 1456 1496 1457
f 1496 1497 1457
f 1457 1497 1458
f 1497 1498 1458
f 1458 1498 1459
f 1498 1499 1459
f 1459 1499 1460
f 1499 1500 1460
f 1460 1500 1461
f 1500 1501 1461
f 1461 1501 1462
f 1501 1502 1462
f 1462 1502 1503
f 1462 1503 1463
f 1463 1503 1504
f 1463 1504 1464
f 1464 1504 1505
f 1464 1505 1465
f 1465 1505 1506
f 1465 1506 1466
f 1466 1506 1507
f 1466 1507 1467
f 1467 1507 1508
f 1467 1508 1468
f 1468 1508 1509
f 1468 1509 1469
f 1469 1509 1510
f 1469 1510 1470
f 1470 1510 1511
f 1470 1511 1471
f 1471 1511 1512
f 1471 1512 1472
f 1472 1512 1473
f 1512 1513 1473
f 1473 1513 1474
f 1513 1514 1474
f 1474 1514 1475
f 1514 1515 1475
f 1475 1515 1476
f 1515 1516 1476
f 1476 1516 1477
f 1516 1517 1477
f 1477 1517 1478
f 1517 1518 1478
f 1478 1518 1479
f 1518 1519 1479
f 1479 1519 1480
f 1519 1520 1480
f 1480 1520 1481
f 1520 1521 1481
f 1481 1521 1482
f 1521 1522 1482
f 1482 1522 1523
f 1482 1523 1483
f 1483 1523 1524
f 1483 1524 1484
f 1484 1524 1525
f 1484 1525 1485
f 1485 1525 1526
f 1485 1526 1486
f 1486 1526 1527
f 1486 1527 1487
f 1487 1527 1528
f 1487 1528 1488
f 1488 1528 1529
f 1488 1529 1489
f 1489 1529 1530
f 1489 1530 1490
f 1490 1530 1531
f 1490 1531 1491
f 1491 1531 1492
f 1491 1492 1452
f 1492 1532 1493
f 1532 1533 1493
f 1493 1533 1494
f 1533 1534 1494
f 1494 1534 1495
f 1534 1535 1495
f 1495 1535 1496
f 1535 1536 1496
f 1496 1536 1497
f 1536 1537 1497
f 1497 1537 1498
f 1537 1538 1498
f 1498 1538 1499
f 1538 1539 1499
f 1499 1539 1500
f 1539 1540 1500
f 1500 1540 1501
f 1540 1541 1501
f 1501 1541 1502
f 1541 1542 1502
f 1502 1542 1543
f 1502 1543 1503
f 1503 1543 1544
f 1503 1544 1504
f 1504 1544 1545
f 1504 1545 1505
f 1505 1545 1546
f 1505 1546 1506
f 1506 1546 1547
f 1506 1547 1507
f 1507 1547 1548
f 1507 1548 1508
f 1508 1548 1549
f 1508 1549 1509
f 1509 1549 1550
f 1509 1550 1510
f 1510 1550 1551
f 1510 1551 1511
f 1511 1551 1552
f 1511 1552 1512
f 1512 1552 1513
f 1552 1553 1513
f 1513 1553 1514
f 1553 1554 1514
f 1514 1554 1515
f 1554 1555 1515
f 1515 1555 1516
f 1555 1556 1516
f 1516 1556 1517
f 1556 1557 1517
f 1517 1557 1518
f 1557 1558 1518
f 1518 1558 1519
f 1558 1559 1519
f 1519 1559 1520
f 1559 1560 1520
f 1520 1560 1521
f 1560 1561 1521
f 1521 1561 1522
f 1561 1562 1522
f 1522 1562 1563
f 1522 1563 1523
f 1523 1563 1564
f 1523 1564 1524
f 1524 1564 1565
f 1524 1565 1525
f 1525 1565 1566
f 1525 1566 1526
f 1526 1566 1567
f 1526 1567 1527
f 1527 1567 1568
f 1527 1568 1528
f 1528 1568 1569
f 1528 1569 1529
f 1529 1569 1570
f 1529 1570 1530
f 1530 1570 1571
f 1530 1571 1531
f 1531 1571 1532
f 1531 1532 1492
f 1532 1572 1533
f 1572 1573 1533
f 1533 1573 1534
f 1573 1574 1534
f 1534 1574 1535
f 1574 1575 1535
f 1535 1575 1536
f 1575 1576 1536
f 1536 1576 1537
f 1576 1577 1537
f 1537 1577 1538
f 1577 1578 1538
f 1538 1578 1539
f 1578 1579 1539
f 1539 1579 1540
f 1579 1580 1540
f 1540 1580 1541
f 1580 1581 1541
f 1541 1581 1542
f 1581 1582 1542
f 1542 1582 1583
f 1542 1583 1543
f 1543 1583 1584
f 1543 1584 1544
f 1544 1584 1585
f 1544 1585 1545
f 1545 1585 1586
f 1545 1586 1546
f 1546 1586 1587
f 1546 1587 1547
f 1547 1587 1588
f 1547 1588 1548
f 1548 1588 1589
f 1548 1589 1549
f 1549 1589 1590
f 1549 1590 1550
f 1550 1590 1591
f 1550 1591 1551
f 1551 1591 1592
f 1551 1592 1552
f 1552 1592 1553
f 1592 1593 1553
f 1553 1593 1554
f 1593 1594 1554
f 1554 1594 1555
f 1594 1595 1555
f 1555 1595 1556
f 1595 1596 1556
f 1556 1596 1557
f 1596 1597 1557
f 1557 1597 1558
f 1597 1598 1558
f 1558 1598 1559
f 1598 1599 1559
f 1559 1599 1560
f 1599 1600 1560
f 1560 1600 1561
f 1600 1601 1561
f 1561 1601 1562
f 1601 1602 1562
f 1562 1602 1603
f 1562 1603 1563
f 1563 1603 1604
f 1563 1604 1564
f 1564 1604 1605
f 1564 1605 1565
f 1565 1605 1606
f 1565 1606 1566
f 1566 1606 1607
f 1566 1607 1567
f 1567 1607 1608
f 1567 1608 1568
f 1568 1608 1609
f 1568 1609 1569
f 1569 1609 1610
f 1569 1610 1570
f 1570 1610 1611
f 1570 1611 1571
f 1571 1611 1572
f 1571 1572 1532
f 1572 1612 1573
f 1612 1613 1573
f 1573 1613 1574
f 1613 1614 1574
f 1574 1614 1575
f 1614 1615 1575
f 1575 1615 1576
f 1615 1616 1576
f 1576 1616 1577
f 1616 1617 1577
f 1577 1617 1578
f 1617 1618 1578
f 1578 1618 1579
f 1618 1619 1579
f 1579 1619 1580
f 1619 1620 1580
f 1580 1620 1581
f 1620 1621 1581
f 1581 1621 1582
f 1621 1622 1582
f 1582 1622 1623
f 1582 1623 1583
f 1583 1623 1624
f 1583 1624 1584
f 1584 1624 1625
f 1584 1625 1585
f 1585 1625 1626
f 1585 1626 1586
f 1586 1626 1627
f 1586 1627 1587
f 1587 1627 1628
f 1587 1628 1588
f 1588 1628 1629
f 1588 1629 1589
f 1589 1629 1630
f 1589 1630 1590
f 1590 1630 1631
f 1590 1631 1591
f 1591 1631 1632
f 1591 1632 1592
f 1592 1632 1593
f 1632 1633 1593
f 1593 1633 1594
f 1633 1634 1594
f 1594 1634 1595
f 1634 1635 1595
f 1595 1635 1596
f 1635 1636 1596
f 1596 1636 1597
f 1636 1637 1597
f 1597 1637 1598
f 1637 1638 1598
f 1598 1638 1599
f 1638 1639 1599
f 1599 1639 1600
f 1639 1640 1600
f 1600 1640 1601
f 1640 1641 1601
f 1601 1641 1602
f 1641 1642 1602
f 1602 1642 1643
f 1602 1643 1603
f 1603 1643 1644
f 1603 1644 1604
f 1604 1644 1645
f 1604 1645 1605
f 1605 1645 1646
f 1605 1646 1606
f 1606 1646 1647
f 1606 1647 1607
f 1607 1647 1648
f 1607 1648 1608
f 1608 1648 1649
f 1608 1649 1609
f 1609 1649 1650
f 1609 1650 1610
f 1610 1650 1651
f 1610 1651 1611
f 1611 1651 1612
f 1611 1612 1572
f 1612 1652 1613
f 1652 1653 1613
f 1613 1653 1614
f 1653 1654 1614
f 1614 1654 1615
f 1654 1655 1615
f 1615 1655 1616
f 1655 1656 1616
f 1616 1656 1617
f 1656 1657 1617
f 1617 1657 1618
f 1657 1658 1618
f 1618 1658 1619
f 1658 1659 1619
f 1619 1659 1620
f 1659 1660 1620
f 1620 1660 1621
f 1660 1661 1621
f 1621 1661 1622
f 1661 1662 1622
f 1622 1662 1663
f 1622 1663 1623
f 1623 1663 1664
f 1623 1664 1624
f 1624 1664 1665
f 1624 1665 1625
f 1625 1665 1666
f 1625 1666 1626
f 1626 1666 1667
f 1626 1667 1627
f 1627 1667 1668
f 1627 1668 1628
f 1628 1668 1669
f 1628 1669 1629
f 1629 1669 1670
f 1629 1670 1630
f 1630 1670 1671
f 1630 1671 1631
f 1631 1671 1672
f 1631 1672 1632
f 1632 1672 1633
f 1672 1673 1633
f 1633 1673 1634
f 1673 1674 1634
f 1634 1674 1635
f 1674 1675 1635
f 1635 1675 1636
f 1675 1676 1636
f 1636 1676 1637
f 1676 1677 1637
f 1637 1677 1638
f 1677 1678 1638
f 1638 1678 1639
f 1678 1679 1639
f 1639 1679 1640
f 1679 1680 1640
f 1640 1680 1641
f 1680 1681 1641
f 1641 1681 1642
f 1681 1682 1642
f 1642 1682 1683
f 1642 1683 1643
f 1643 1683 1684
f 1643 1684 1644
f 1644 1684 1685
f 1644 1685 1645
f 1645 1685 1686
f 1645 1686 1646
f 1646 1686 1687
f 1646 1687 1647
f 1647 1687 1688
f 1647 1688 1648
f 1648 1688 1689
f 1648 1689 1649
f 1649 1689 1690
f 1649 1690 1650
f 1650 1690 1691
f 1650 1691 1651
f 1651 1691 1652
f 1651 1652 1612
f 1652 1692 1653
f 1692 1693 1653
f 1653 1693 1654
f 1693 1694 1654
f 1654 1694 1655
f 1694 1695 1655
f 1655 1695 1656
f 1695 1696 1656
f 1656 1696 1657
f 1696 1697 1657
f 1657 1697 1658
f 1697 1698 1658
f 1658 1698 1659
f 1698 1699 1659
f 1659 1699 1660
f 1699 1700 1660
f 1660 1700 1661
f 1700 1701 1661
f 1661 1701 1662
f 1701 1702 1662
f 1662 1702 1703
f 1662 1703 1663
f 1663 1703 1704
f 1663 1704 1664
f 1664 1704 1705
f 1664 1705 1665
f 1665 1705 1706
f 1665 1706 1666
f 1666 1706 1707
f 1666 1707 1667
f 1667 1707 1708
f 1667 1708 1668
f 1668 1708 1709
f 1668 1709 1669
f 1669 1709 1710
f 1669 1710 1670
f 1670 1710 1711
f 1670 1711 1671
f 1671 1711 1712
f 1671 1712 1672
f 1672 1712 1673
f 1712 1713 1673
f 1673 1713 1674
f 1713 1714 1674
f 1674 1714 1675
f 1714 1715 1675
f 1675 1715 1676
f 1715 1716 1676
f 1676 1716 1677
f 1716 1717 1677
f 1677 1717 1678
f 1717 1718 1678
f 1678 1718 1679
f 1718 1719 1679
f 1679 1719 1680
f 1719 1720 1680
f 1680 1720 1681
f 1720 1721 1681
f 1681 1721 1682
f 1721 1722 1682
f 1682 1722 1723
f 1682 1723 1683
f 1683 1723 1724
f 1683 1724 1684
f 1684 1724 1725
f 1684 1725 1685
f 1685 1725 1726
f 1685 1726 1686
f 1686 1726 1727
f 1686 1727 1687
f 1687 1727 1728
f 1687 1728 1688
f 1688 1728 1729
f 1688 1729 1689
f 1689 1729 1730
f 1689 1730 1690
f 1690 1730 1731
f 1690 1731 1691
f 1691 1731 1692
f 1691 1692 1652
f 1692 1732 1693
f 1732 1733 1693
f 1693 1733 1694
f 1733 1734 1694
f 1694 1734 1695
f 1734 1735 1695
f 1695 1735 1696
f 1735 1736 1696
f 1696 1736 1697
f 1736 1737 1697
f 1697 1737 1698
f 1737 1738 1698
f 1698 1738 1699
f 1738 1739 1699
f 1699 1739 1700
f 1739 1740 1700
f 1700 1740 1701
f 1740 1741 1701
f 1701 1741 1702
f 1741 1742 1702
f 1702 1742 1743
f 1702 1743 1703
f 1703 1743 1744
f 1703 1744 1704
f 1704 1744 1745
f 1704 1745 1705
f 1705 1745 1746
f 1705 1746 1706
f 1706 1746 1747
f 1706 1747 1707
f 1707 1747 1748
f 1707 1748 1708
f 1708 1748 1749
f 1708 1749 1709
f 1709 1749 1750
f 1709 1750 1710
f 1710 1750 1751
f 1710 1751 1711
f 1711 1751 1752
f 1711 1752 1712
f 1712 1752 1713
f 1752 1753 1713
f 1713 1753 1714
f 1753 1754 1714
f 1714 1754 1715
f 1754 1755 1715
f 1715 1755 1716
f 1755 1756 1716
f 1716 1756 1717
f 1756 1757 1717
f 1717 1757 1718
f 1757 1758 1718
f 1718 1758 1719
f 1758 1759 1719
f 1719 1759 1720
f 1759 1760 1720
f 1720 1760 1721
f 1760 1761 1721
f 1721 1761 1722
f 1761 1762 1722
f 1722 1762 1763
f 1722 1763 1723
f 1723 1763 1764
f 1723 1764 1724
f 1724 1764 1765
f 1724 1765 1725
f 1725 1765 1766
f 1725 1766 1726
f 1726 1766 1767
f 1726 1767 1727
f 1727 1767 1768
f 1727 1768 1728
f 1728 1768 1769
f 1728 1769 1729
f 1729 1769 1770
f 1729 1770 1730
f 1730 1770 1771
f 1730 1771 1731
f 1731 1771 1732
f 1731 1732 1692
f 1732 1772 1733
f 1772 1773 1733
f 1733 1773 1734
f 1773 1774 1734
f 1734 1774 1735
f 1774 1775 1735
f 1735 1775 1736
f 1775 1776 1736
f 1736 1776 1737
f 1776 1777 1737
f 1737 1777 1738
f 1777 1778 1738
f 1738 1778 1739
f 1778 1779 1739
f 1739 1779 1740
f 1779 1780 1740
f 1740 1780 1741
f 1780 1781 1741
f 1741 1781 1742
f 1781 1782 1742
f 1742 1782 1783
f 1742 1783 1743
f 1743 1783 1784
f 1743 1784 1744
f 1744 1784 1785
f 1744 1785 1745
f 1745 1785 1786
f 1745 1786 1746
f 1746 1786 1787
f 1746 1787 1747
f 1747 1787 1788
f 1747 1788 1748
f 1748 1788 1789
f 1748 1789 1749
f 1749 1789 1790
f 1749 1790 1750
f 1750 1790 1791
f 1750 1791 1751
f 1751 1791 1792
f 1751 1792 1752
f 1752 1792 1753
f 1792 1793 1753
f 1753 1793 1754
f 1793 1794 1754
f 1754 1794 1755
f 1794 1795 1755
f 1755 1795 1756
f 1795 1796 1756
f 1756 1796 1757
f 1796 1797 1757
f 1757 1797 1758
f 1797 1798 1758
f 1758 1798 1759
f 1798 1799 1759
f 1759 1799 1760
f 1799 1800 1760
f 1760 1800 1761
f 1800 1801 1761
f 1761 1801 1762
f 1801 1802 1762
f 1762 1802 1803
f 1762 1803 1763
f 1763 1803 1804
f 1763 1804 1764
f 1764 1804 1805
f 1764 1805 1765
f 1765 1805 1806
f 1765 1806 1766
f 1766 1806 1807
f 1766 1807 1767
f 1767 1807 1808
f 1767 1808 1768
f 1768 1808 1809
f 1768 1809 1769
f 1769 1809 1810
f 1769 1810 1770
f 1770 1810 1811
f 1770 1811 1771
f 1771 1811 1772
f 1771 1772 1732
f 1772 1812 1813
f 1772 1813 1773
f 1773 1813 1814
f 1773 1814 1774
f 1774 1814 1815
f 1774 1815 1775
f 1775 1815 1816
f 1775 1816 1776
f 1776 1816 1817
f 1776 1817 1777
f 1777 1817 1818
f 1777 1818 1778
f 1778 1818 1819
f 1778 1819 1779
f 1779 1819 1820
f 1779 1820 1780
f 1780 1820 1821
f 1780 1821 1781
f 1781 1821 1822
f 1781 1822 1782
f 1782 1822 1783
f 1822 1823 1783
f 1783 1823 1784
f 1823 1824 1784
f 1784 1824 1785
f 1824 1825 1785
f 1785 1825 1786
f 1825 1826 1786
f 1786 1826 1787
f 1826 1827 1787
f 1787 1827 1788
f 1827 1828 1788
f 1788 1828 1789
f 1828 1829 1789
f 1789 1829 1790
f 1829 1830 1790
f 1790 1830 1791
f 1830 1831 1791
f 1791 1831 1792
f 1831 1832 1792
f 1792 1832 1833
f 1792 1833 1793
f 1793 1833 1834
f 1793 1834 1794
f 1794 1834 1835
f 1794 1835 1795
f 1795 1835 1836
f 1795 1836 1796
f 1796 1836 1837
f 1796 1837 1797
f 1797 1837 1838
f 1797 1838 1798
f 1798 1838 1839
f 1798 1839 1799
f 1799 1839 1840
f 1799 1840 1800
f 1800 1840 1841
f 1800 1841 1801
f 1801 1841 1842
f 1801 1842 1802
f 1802 1842 1803
f 1842 1843 1803
f 1803 1843 1804
f 1843 1844 1804
f 1804 1844 1805
f 1844 1845 1805
f 1805 1845 1806
f 1845 1846 1806
f 1806 1846 1807
f 1846 1847 1807
f 1807 1847 1808
f 1847 1848 1808
f 1808 1848 1809
f 1848 1849 1809
f 1809 1849 1810
f 1849 1850 1810
f 1810 1850 1811
f 1850 1851 1811
f 1811 1851 1772
f 1851 1812 1772
f 1812 1852 1853
f 1812 1853 1813
f 1813 1853 1854
f 1813 1854 1814
f 1814 1854 1855
f 1814 1855 1815
f 1815 1855 1856
f 1815 1856 1816
f 1816 1856 1857
f 1816 1857 1817
f 1817 1857 1858
f 1817 1858 1818
f 1818 1858 1859
f 1818 1859 1819
f 1819 1859 1860
f 1819 1860 1820
f 1820 1860 1861
f 1820 1861 1821
f 1821 1861 1862
f 1821 1862 1822
f 1822 1862 1823
f 1862 1863 1823
f 1823 1863 1824
f 1863 1864 1824
f 1824 1864 1825
f 1864 1865 1825
f 1825 1865 1826
f 1865 1866 1826
f 1826 1866 1827
f 1866 1867 1827
f 1827 1867 1828
f 1867 1868 1828
f 1828 1868 1829
f 1868 1869 1829
f 1829 1869 1830
f 1869 1870 1830
f 1830 1870 1831
f 1870 1871 1831
f 1831 1871 1832
f 1871 1872 1832
f 1832 1872 1873
f 1832 1873 1833
f 1833 1873 1874
f 1833 1874 1834
f 1834 1874 1875
f 1834 1875 1835
f 1835 1875 1876
f 1835 1876 1836
f 1836 1876 1877
f 1836 1877 1837
f 1837 1877 1878
f 1837 1878 1838
f 1838 1878 1879
f 1838 1879 1839
f 1839 1879 1880
f 1839 1880 1840
f 1840 1880 1881
f 1840 1881 1841
f 1841 1881 1882
f 1841 1882 1842
f 1842 1882 1843
f 1882 1883 1843
f 1843 1883 1844
f 1883 1884 1844
f 1844 1884 1845
f 1884 1885 1845
f 1845 1885 1846
f 1885 1886 1846
f 1846 1886 1847
f 1886 1887 1847
f 1847 1887 1848
f 1887 1888 1848
f 1848 1888 1849
f 1888 1889 1849
f 1849 1889 1850
f 1889 1890 1850
f 1850 1890 1851
f 1890 1891 1851
f 1851 1891 1812
f 1891 1852 1812
f 1852 1892 1893
f 1852 1893 1853
f 1853 1893 1894
f 1853 1894 1854
f 1854 1894 1895
f 1854 1895 1855
f 1855 1895 1896
f 1855 1896 1856
f 1856 1896 1897
f 1856 1897 1857
f 1857 1897 1898
f 1857 1898 1858
f 1858 1898 1899
f 1858 1899 1859
f 1859 1899 1900
f 1859 1900 1860
f 1860 1900 1901
f 1860 1901 1861
f 1861 1901 1902
f 1861 1902 1862
f 1862 1902 1863
f 1902 1903 1863
f 1863 1903 1864
f 1903 1904 1864
f 1864 1904 1865
f 1904 1905 1865
f 1865 1905 1866
f 1905 1906 1866
f 1866 1906 1867
f 1906 1907 1867
f 1867 1907 1868
f 1907 1908 1868
f 1868 1908 1869
f 1908 1909 1869
f 1869 1909 1870
f 1909 1910 1870
f 1870 1910 1871
f 1910 1911 1871
f 1871 1911 1872
f 1911 1912 1872
f 1872 1912 1913
f 1872 1913 1873
f 1873 1913 1914
f 1873 1914 1874
f 1874 1914 1915
f 1874 1915 1875
f 1875 1915 1916
f 1875 1916 1876
f 1876 1916 1917
f 1876 1917 1877
f 1877 1917 1918
f 1877 1918 1878
f 1878 1918 1919
f 1878 1919 1879
f 1879 1919 1920
f 1879 1920 1880
f 1880 1920 1921
f 1880 1921 1881
f 1881 1921 1922
f 1881 1922 1882
f 1882 1922 1883
f 1922 1923 1883
f 1883 1923 1884
f 1923 1924 1884
f 1884 1924 1885
f 1924 1925 1885
f 1885 1925 1886
f 1925 1926 1886
f 1886 1926 1887
f 1926 1927 1887
f 1887 1927 1888
f 1927 1928 1888
f 1888 1928 1889
f 1928 1929 1889
f 1889 1929 1890
f 1929 1930 1890
f 1890 1930 1891
f 1930 1931 1891
f 1891 1931 1852
f 1931 1892 1852
f 1892 1932 1933
f 1892 1933 1893
f 1893 1933 1934
f 1893 1934 1894
f 1894 1934 1935
f 1894 1935 1895
f 1895 1935 1936
f 1895 1936 1896
f 1896 1936 1937
f 1896 1937 1897
f 1897 1937 1938
f 1897 1938 1898
f 1898 1938 1939
f 1898 1939 1899
f 1899 1939 1940
f 1899 1940 1900
f 1900 1940 1941
f 1900 1941 1901
f 1901 1941 1942
f 1901 1942 1902
f 1902 1942 1903
f 1942 1943 1903
f 1903 1943 1904
f 1943 1944 1904
f 1904 1944 1905
f 1944 1945 1905
f 1905 1945 1906
f 1945 1946 1906
f 1906 1946 1907
f 1946 1947 1907
f 1907 1947 1908
f 1947 1948 1908
f 1908 1948 1909
f 1948 1949 1909
f 1909 1949 1910
f 1949 1950 1910
f 1910 1950 1911
f 1950 1951 1911
f 1911 1951 1912
f 1951 1952 1912
f 1912 1952 1953
f 1912 1953 1913
f 1913 1953 1954
f 1913 1954 1914
f 1914 1954 1955
f 1914 1955 1915
f 1915 1955 1956
f 1915 1956 1916
f 1916 1956 1957
f 1916 1957 1917
f 1917 1957 1958
f 1917 1958 1918
f 1918 1958 1959
f 1918 1959 1919
f 1919 1959 1960
f 1919 1960 1920
f 1920 1960 1961
f 1920 1961 1921
f 1921 1961 1962
f 1921 1962 1922
f 1922 1962 1923
f 1962 1963 1923
f 1923 1963 1924
f 1963 1964 1924
f 1924 1964 1925
f 1964 1965 1925
f 1925 1965 1926
f 1965 1966 1926
f 1926 1966 1927
f 1966 1967 1927
f 1927 1967 1928
f 1967 1968 1928
f 1928 1968 1929
f 1968 1969 1929
f 1929 1969 1930
f 1969 1970 1930
f 1930 1970 1931
f 1970 1971 1931
f 1931 1971 1892
f 1971 1932 1892
f 1932 1972 1973
f 1932 1973 1933
f 1933 1973 1974
f 1933 1974 1934
f 1934 1974 1975
f 1934 1975 1935
f 1935 1975 1976
f 1935 1976 1936
f 1936 1976 1977
f 1936 1977 1937
f 1937 1977 1978
f 1937 1978 1938
f 1938 1978 1979
f 1938 1979 1939
f 1939 1979 1980
f 1939 1980 1940
f 1940 1980 1981
f 1940 1981 1941
f 1941 1981 1982
f 1941 1982 1942
f 1942 1982 1943
f 1982 1983 1943
f 1943 1983 1944
f 1983 1984 1944
f 1944 1984 1945
f 1984 1985 1945
f 1945 1985 1946
f 1985 1986 1946
f 1946 1986 1947
f 1986 1987 1947
f 1947 1987 1948
f 1987 1988 1948
f 1948 1988 1949
f 1988 1989 1949
f 1949 1989 1950
f 1989 1990 1950
f 1950 1990 1951
f 1990 1991 1951
f 1951 1991 1952
f 1991 1992 1952
f 1952 1992 1993
f 1952 1993 1953
f 1953 1993 1994
f 1953 1994 1954
f 1954 1994 1995
f 1954 1995 1955
f 1955 1995 1996
f 1955 1996 1956
f 1956 1996 1997
f 1956 1997 1957
f 1957 1997 1998
f 1957 1998 1958
f 1958 1998 1999
f 1958 1999 1959
f 1959 1999 2000
f 1959 2000 1960
f 1960 2000 2001
f 1960 2001 1961
f 1961 2001 2002
f 1961 2002 1962
f 1962 2002 1963
f 2002 2003 1963
f 1963 2003 1964
f 2003 2004 1964
f 1964 2004 1965
f 2004 2005 1965
f 1965 2005 1966
f 2005 2006 1966
f 1966 2006 1967
f 2006 2007 1967
f 1967 2007 1968
f 2007 2008 1968
f 1968 2008 1969
f 2008 2009 1969
f 1969 2009 1970
f 2009 2010 1970
f 1970 2010 1971
f 2010 2011 1971
f 1971 2011 1932
f 2011 1972 1932
f 1972 2012 2013
f 1972 2013 1973
f 1973 2013 2014
f 1973 2014 1974
f 1974 2014 2015
f 1974 2015 1975
f 1975 2015 2016
f 1975 2016 1976
f 1976 2016 2017
f 1976 2017 1977
f 1977 2017 2018
f 1977 2018 1978
f 1978 2018 2019
f 1978 2019 1979
f 1979 2019 2020
f 1979 2020 1980
f 1980 2020 2021
f 1980 2021 1981
f 1981 2021 2022
f 1981 2022 1982
f 1982 2022 1983
f 2022 2023 1983
f 1983 2023 1984
f 2023 2024 1984
f 1984 2024 1985
f 2024 2025 1985
f 1985 2025 1986
f 2025 2026 1986
f 1986 2026 1987
f 2026 2027 1987
f 1987 2027 1988
f 2027 2028 1988
f 1988 2028 1989
f 2028 2029 1989
f 1989 2029 1990
f 2029 2030 1990
f 1990 2030 1991
f 2030 2031 1991
f 1991 2031 1992
f 2031 2032 1992
f 1992 2032 2033
f 1992 2033 1993
f 1993 2033 2034
f 1993 2034 1994
f 1994 2034 2035
f 1994 2035 1995
f 1995 2035 2036
f 1995 2036 1996
f 1996 2036 2037
f 1996 2037 1997
f 1997 2037 2038
f 1997 2038 1998
f 1998 2038 2039
f 1998 2039 1999
f 1999 2039 2040
f 1999 2040 2000
f 2000 2040 2041
f 2000 2041 2001
f 2001 2041 2042
f 2001 2042 2002
f 2002 2042 2003
f 2042 2043 2003
f 2003 2043 2004
f 2043 2044 2004
f 2004 2044 2005
f 2044 2045 2005
f 2005 2045 2006
f 2045 2046 2006
f 2006 2046 2007
f 2046 2047 2007
f 2007 2047 2008
f 2047 2048 2008
f 2008 2048 2009
f 2048 2049 2009
f 2009 2049 2010
f 2049 2050 2010
f 2010 2050 2011
f 2050 2051 2011
f 2011 2051 1972
f 2051 2012 1972
f 2012 2052 2053
f 2012 2053 2013
f 2013 2053 2054
f 2013 2054 2014
f 2014 2054 2055
f 2014 2055 2015
f 2015 2055 2056
f 2015 2056 2016
f 2016 2056 2057
f 2016 2057 2017
f 2017 2057 2058
f 2017 2058 2018
f 2018 2058 2059
f 2018 2059 2019
f 2019 2059 2060
f 2019 2060 2020
f 2020 2060 2061
f 2020 2061 2021
f 2021 2061 2062
f 2021 2062 2022
f 2022 2062 2023
f 2062 2063 2023
f 2023 2063 2024
f 2063 2064 2024
f 2024 2064 2025
f 2064 2065 2025
f 2025 2065 2026
f 2065 2066 2026
f 2026 2066 2027
f 2066 2067 2027
f 2027 2067 2028
f 2067 2068 2028
f 2028 2068 2029
f 2068 2069 2029
f 2029 2069 2030
f 2069 2070 2030
f 2030 2070 2031
f 2070 2071 2031
f 2031 2071 2032
f 2071 2072 2032
f 2032 2072 2073
f 2032 2073 2033
f 2033 2073 2074
f 2033 2074 2034
f 2034 2074 2075
f 2034 2075 2035
f 2035 2075 2076
f 2035 2076 2036
f 2036 2076 2077
f 2036 2077 2037
f 2037 2077 2078
f 2037 2078 2038
f 2038 2078 2079
f 2038 2079 2039
f 2039 2079 2080
f 2039 2080 2040
f 2040 2080 2081
f 2040 2081 2041
f 2041 2081 2082
f 2041 2082 2042
f 2042 2082 2043
f 2082 2083 2043
f 2043 2083 2044
f 2083 2084 2044
f 2044 2084 2045
f 2084 2085 2045
f 2045 2085 2046
f 2085 2086 2046
f 2046 2086 2047
f 2086 2087 2047
f 2047 2087 2048
f 2087 2088 2048
f 2048 2088 2049
f 2088 2089 2049
f 2049 2089 2050
f 2089 2090 2050
f 2050 2090 2051
f 2090 2091 2051
f 2051 2091 2012
f 2091 2052 2012
f 2052 2092 2093
f 2052 2093 2053
f 2053 2093 2094
f 2053 2094 2054
f 2054 2094 2095
f 2054 2095 2055
f 2055 2095 2096
f 2055 2096 2056
f 2056 2096 2097
f 2056 2097 2057
f 2057 2097 2098
f 2057 2098 2058
f 2058 2098 2099
f 2058 2099 2059
f 2059 2099 2100
f 2059 2100 2060
f 2060 2100 2101
f 2060 2101 2061
f 2061 2101 2102
f 2061 2102 2062
f 2062 2102 2063
f 2102 2103 2063
f 2063 2103 2064
f 2103 2104 2064
f 2064 2104 2065
f 2104 2105 2065
f 2065 2105 2066
f 2105 2106 2066
f 2066 2106 2067
f 2106 2107 2067
f 2067 2107 2068
f 2107 2108 2068
f 2068 2108 2069
f 2108 2109 2069
f 2069 2109 2070
f 2109 2110 2070
f 2070 2110 2071
f 2110 2111 2071
f 2071 2111 2072
f 2111 2112 2072
f 2072 2112 2113
f 2072 2113 2073
f 2073 2113 2114
f 2073 2114 2074
f 2074 2114 2115
f 2074 2115 2075
f 2075 2115 2116
f 2075 2116 2076
f 2076 2116 2117
f 2076 2117 2077
f 2077 2117 2118
f 2077 2118 2078
f 2078 2118 2119
f 2078 2119 2079
f 2079 2119 2120
f 2079 2120 2080
f 2080 2120 2121
f 2080 2121 2081
f 2081 2121 2122
f 2081 2122 2082
f 2082 2122 2083
f 2122 2123 2083
f 2083 2123 2084
f 2123 2124 2084
f 2084 2124 2085
f 2124 2125 2085
f 2085 2125 2086
f 2125 2126 2086
f 2086 2126 2087
f 2126 2127 2087
f 2087 2127 2088
f 2127 2128 2088
f 2088 2128 2089
f 2128 2129 2089
f 2089 2129 2090
f 2129 2130 2090
f 2090 2130 2091
f 2130 2131 2091
f 2091 2131 2052
f 2131 2092 2052
f 2092 2132 2133
f 2092 2133 2093
f 2093 2133 2134
f 2093 2134 2094
f 2094 2134 2135
f 2094 2135 2095
f 2095 2135 2136
f 2095 2136 2096
f 2096 2136 2137
f 2096 2137 2097
f 2097 2137 2138
f 2097 2138 2098
f 2098 2138 2139
f 2098 2139 2099
f 2099 2139 2140
f 2099 2140 2100
f 2100 2140 2141
f 2100 2141 2101
f 2101 2141 2142
f 2101 2142 2102
f 2102 2142 2103
f 2142 2143 2103
f 2103 2143 2104
f 2143 2144 2104
f 2104 2144 2105
f 2144 2145 2105
f 2105 2145 2106
f 2145 2146 2106
f 2106 2146 2107
f 2146 2147 2107
f 2107 2147 2108
f 2147 2148 2108
f 2108 2148 2109
f 2148 2149 2109
f 2109 2149 2110
f 2149 2150 2110
f 2110 2150 2111
f 2150 2151 2111
f 2111 2151 2112
f 2151 2152 2112
f 2112 2152 2153
f 2112 2153 2113
f 2113 2153 2154
f 2113 2154 2114
f 2114 2154 2155
f 2114 2155 2115
f 2115 2155 2156
f 2115 2156 2116
f 2116 2156 2157
f 2116 2157 2117
f 2117 2157 2158
f 2117 2158 2118
f 2118 2158 2159
f 2118 2159 2119
f 2119 2159 2160
f 2119 2160 2120
f 2120 2160 2161
f 2120 2161 2121
f 2121 2161 2162
f 2121 2162 2122
f 2122 2162 2123
f 2162 2163 2123
f 2123 2163 2124
f 2163 2164 2124
f 2124 2164 2125
f 2164 2165 2125
f 2125 2165 2126
f 2165 2166 2126
f 2126 2166 2127
f 2166 2167 2127
f 2127 2167 2128
f 2167 2168 2128
f 2128 2168 2129
f 2168 2169 2129
f 2129 2169 2130
f 2169 2170 2130
f 2130 2170 2131
f 2170 2171 2131
f 2131 2171 2092
f 2171 2132 2092
f 2132 2172 2133
f 2133 2172 2134
f 2134 2172 2135
f 2135 2172 2136
f 2136 2172 2137
f 2137 2172 2138
f 2138 2172 2139
f 2139 2172 2140
f 2140 2172 2141
f 2141 2172 2142
f 2142 2172 2143
f 2143 2172 2144
f 2144 2172 2145
f 2145 2172 2146
f 2146 2172 2147
f 2147 2172 2148
f 2148 2172 2149
f 2149 2172 2150
f 2150 2172 2151
f 2151 2172 2152
f 2152 2172 2153
f 2153 2172 2154
f 2154 2172 2155
f 2155 2172 2156
f 2156 2172 2157
f 2157 2172 2158
f 2158 2172 2159
f 2159 2172 2160
f 2160 2172 2161
f 2161 2172 2162
f 2162 2172 2163
f 2163 2172 2164
f 2164 2172 2165
f 2165 2172 2166
f 2166 2172 2167
f 2167 2172 2168
f 2168 2172 2169
f 2169 2172 2170
f 2170 2172 2171
f 2171 2172 2132
f 2173 2174 2175
f 2175 2174 2176
f 2174 2177 2176
f 2176 2177 2178
f 2177 2179 2178
f 2178 2179 2180
f 2179 2181 2180
f 2180 2181 2182
f 2181 2183 2182
f 2182 2183 2184
f 2183 2185 2184
f 2184 2185 2186
f 2185 2187 2186
f 2186 2187 2188
f 2187 2189 2188
f 2188 2189 2190
f 2189 2191 2190
f 2190 2191 2192
f 2191 2193 2192
f 2192 2193 2194
f 2193 2195 2194
f 2194 2195 2196
f 2195 2197 2196
f 2196 2197 2198
f 2197 2199 2198
f 2197 2200 2199
f 2200 2201 2199
f 2200 2202 2201
f 2202 2203 2201
f 2202 2204 2203
f 2204 2205 2203
f 2204 2206 2205
f 2206 2207 2205
f 2206 2208 2207
f 2208 2209 2207
f 2208 2210 2209
f 2210 2211 2209
f 2210 2212 2211
f 2212 2213 2211
f 2212 2214 2213
f 2214 2215 2213
f 2214 2216 2215
f 2216 2217 2215
f 2216 2218 2217
f 2218 2219 2217
f 2217 2219 2220
f 2219 2221 2220
f 2220 2221 2222
f 2221 2223 2222
f 2222 2223 2224
f 2223 2225 2224
f 2224 2225 2226
f 2225 2227 2226
f 2226 2227 2228
f 2227 2229 2228
f 2228 2229 2230
f 2229 2231 2230
f 2230 2231 2232
f 2231 2233 2232
f 2232 2233 2234
f 2233 2235 2234
f 2234 2235 2236
f 2235 2237 2236
f 2236 2237 2238
f 2237 2239 2238
f 2237 2240 2239
f 2240 2241 2239
f 2240 2242 2241
f 2242 2243 2241
f 2242 2244 2243
f 2244 2245 2243
f 2244 2246 2245
f 2246 2247 2245
f 2246 2248 2247
f 2248 2249 2247
f 2248 2250 2249
f 2250 2251 2249
f 2250 2252 2251
f 2252 2253 2251
f 2252 2254 2253
f 2254 2255 2253
f 2254 2256 2255
f 2256 2257 2255
f 2256 2258 2257
f 2258 2259 2257
f 2258 2260 2259
f 2260 2175 2259
f 2260 2173 2175
f 2175 2176 2261
f 2261 2176 2262
f 2176 2178 2262
f 2262 2178 2263
f 2178 2180 2263
f 2263 2180 2264
f 2180 2182 2264
f 2264 2182 2265
f 2182 2184 2265
f 2265 2184 2266
f 2184 2186 2266
f 2266 2186 2267
f 2186 2188 2267
f 2267 2188 2268
f 2188 2190 2268
f 2268 2190 2269
f 2190 2192 2269
f 2269 2192 2270
f 2192 2194 2270
f 2270 2194 2271
f 2194 2196 2271
f 2271 2196 2272
f 2196 2198 2272
f 2272 2198 2273
f 2198 2274 2273
f 2198 2199 2274
f 2199 2275 2274
f 2199 2201 2275
f 2201 2276 2275
f 2201 2203 2276
f 2203 2277 2276
f 2203 2205 2277
f 2205 2278 2277
f 2205 2207 2278
f 2207 2279 2278
f 2207 2209 2279
f 2209 2280 2279
f 2209 2211 2280
f 2211 2281 2280
f 2211 2213 2281
f 2213 2282 2281
f 2213 2215 2282
f 2215 2283 2282
f 2215 2217 2283
f 2217 2220 2283
f 2283 2220 2284
f 2220 2222 2284
f 2284 2222 2285
f 2222 2224 2285
f 2285 2224 2286
f 2224 2226 2286
f 2286 2226 2287
f 2226 2228 2287
f 2287 2228 2288
f 2228 2230 2288
f 2288 2230 2289
f 2230 2232 2289
f 2289 2232 2290
f 2232 2234 2290
f 2290 2234 2291
f 2234 2236 2291
f 2291 2236 2292
f 2236 2238 2292
f 2292 2238 2293
f 2238 2294 2293
f 2238 2239 2294
f 2239 2295 2294
f 2239 2241 2295
f 2241 2296 2295
f 2241 2243 2296
f 2243 2297 2296
f 2243 2245 2297
f 2245 2298 2297
f 2245 2247 2298
f 2247 2299 2298
f 2247 2249 2299
f 2249 2300 2299
f 2249 2251 2300
f 2251 2301 2300
f 2251 2253 2301
f 2253 2302 2301
f 2253 2255 2302
f 2255 2303 2302
f 2255 2257 2303
f 2257 2304 2303
f 2257 2259 2304
f 2259 2261 2304
f 2259 2175 2261
f 2261 2262 2305
f 2305 2262 2306
f 2262 2263 2306
f 2306 2263 2307
f 2263 2264 2307
f 2307 2264 2308
f 2264 2265 2308
f 2308 2265 2309
f 2265 2266 2309
f 2309 2266 2310
f 2266 2267 2310
f 2310 2267 2311
f 2267 2268 2311
f 2311 2268 2312
f 2268 2269 2312
f 2312 2269 2313
f 2269 2270 2313
f 2313 2270 2314
f 2270 2271 2314
f 2314 2271 2315
f 2271 2272 2315
f 2315 2272 2316
f 2272 2273 2316
f 2316 2273 2317
f 2273 2318 2317
f 2273 2274 2318
f 2274 2319 2318
f 2274 2275 2319
f 2275 2320 2319
f 2275 2276 2320
f 2276 2321 2320
f 2276 2277 2321
f 2277 2322 2321
f 2277 2278 2322
f 2278 2323 2322
f 2278 2279 2323
f 2279 2324 2323
f 2279 2280 2324
f 2280 2325 2324
f 2280 2281 2325
f 2281 2326 2325
f 2281 2282 2326
f 2282 2327 2326
f 2282 2283 2327
f 2283 2284 2327
f 2327 2284 2328
f 2284 2285 2328
f 2328 2285 2329
f 2285 2286 2329
f 2329 2286 2330
f 2286 2287 2330
f 2330 2287 2331
f 2287 2288 2331
f 2331 2288 2332
f 2288 2289 2332
f 2332 2289 2333
f 2289 2290 2333
f 2333 2290 2334
f 2290 2291 2334
f 2334 2291 2335
f 2291 2292 2335
f 2335 2292 2336
f 2292 2293 2336
f 2336 2293 2337
f 2293 2338 2337
f 2293 2294 2338
f 2294 2339 2338
f 2294 2295 2339
f 2295 2340 2339
f 2295 2296 2340
f 2296 2341 2340
f 2296 2297 2341
f 2297 2342 2341
f 2297 2298 2342
f 2298 2343 2342
f 2298 2299 2343
f 2299 2344 2343
f 2299 2300 2344
f 2300 2345 2344
f 2300 2301 2345
f 2301 2346 2345
f 2301 2302 2346
f 2302 2347 2346
f 2302 2303 2347
f 2303 2348 2347
f 2303 2304 2348
f 2304 2305 2348
f 2304 2261 2305
f 2305 2306 2349
f 2349 2306 2350
f 2306 2307 2350
f 2350 2307 2351
f 2307 2308 2351
f 2351 2308 2352
f 2308 2309 2352
f 2352 2309 2353
f 2309 2310 2353
f 2353 2310 2354
f 2310 2311 2354
f 2354 2311 2355
f 2311 2312 2355
f 2355 2312 2356
f 2312 2313 2356
f 2356 2313 2357
f 2313 2314 2357
f 2357 2314 2358
f 2314 2315 2358
f 2358 2315 2359
f 2315 2316 2359
f 2359 2316 2360
f 2316 2317 2360
f 2360 2317 2361
f 2317 2362 2361
f 2317 2318 2362
f 2318 2363 2362
f 2318 2319 2363
f 2319 2364 2363
f 2319 2320 2364
f 2320 2365 2364
f 2320 2321 2365
f 2321 2366 2365
f 2321 2322 2366
f 2322 2367 2366
f 2322 2323 2367
f 2323 2368 2367
f 2323 2324 2368
f 2324 2369 2368
f 2324 2325 2369
f 2325 2370 2369
f 2325 2326 2370
f 2326 2371 2370
f 2326 2327 2371
f 2327 2328 2371
f 2371 2328 2372
f 2328 2329 2372
f 2372 2329 2373
f 2329 2330 2373
f 2373 2330 2374
f 2330 2331 2374
f 2374 2331 2375
f 2331 2332 2375
f 2375 2332 2376
f 2332 2333 2376
f 2376 2333 2377
f 2333 2334 2377
f 2377 2334 2378
f 2334 2335 2378
f 2378 2335 2379
f 2335 2336 2379
f 2379 2336 2380
f 2336 2337 2380
f 2380 2337 2381
f 2337 2382 2381
f 2337 2338 2382
f 2338 2383 2382
f 2338 2339 2383
f 2339 2384 2383
f 2339 2340 2384
f 2340 2385 2384
f 2340 2341 2385
f 2341 2386 2385
f 2341 2342 2386
f 2342 2387 2386
f 2342 2343 2387
f 2343 2388 2387
f 2343 2344 2388
f 2344 2389 2388
f 2344 2345 2389
f 2345 2390 2389
f 2345 2346 2390
f 2346 2391 2390
f 2346 2347 2391
f 2347 2392 2391
f 2347 2348 2392
f 2348 2349 2392
f 2348 2305 2349
f 2349 2350 2393
f 2393 2350 2394
f 2350 2351 2394
f 2394 2351 2395
f 2351 2352 2395
f 2395 2352 2396
f 2352 2353 2396
f 2396 2353 2397
f 2353 2354 2397
f 2397 2354 2398
f 2354 2355 2398
f 2398 2355 2399
f 2355 2356 2399
f 2399 2356 2400
f 2356 2357 2400
f 2400 2357 2401
f 2357 2358 2401
f 2401 2358 2402
f 2358 2359 2402
f 2402 2359 2403
f 2359 2360 2403
f 2403 2360 2404
f 2360 2361 2404
f 2404 2361 2405
f 2361 2406 2405
f 2361 2362 2406
f 2362 2407 2406
f 2362 2363 2407
f 2363 2408 2407
f 2363 2364 2408
f 2364 2409 2408
f 2364 2365 2409
f 2365 2410 2409
f 2365 2366 2410
f 2366 2411 2410
f 2366 2367 2411
f 2367 2412 2411
f 2367 2368 2412
f 2368 2413 2412
f 2368 2369 2413
f 2369 2414 2413
f 2369 2370 2414
f 2370 2415 2414
f 2370 2371 2415
f 2371 2372 2415
f 2415 2372 2416
f 2372 2373 2416
f 2416 2373 2417
f 2373 2374 2417
f 2417 2374 2418
f 2374 2375 2418
f 2418 2375 2419
f 2375 2376 2419
f 2419 2376 2420
f 2376 2377 2420
f 2420 2377 2421
f 2377 2378 2421
f 2421 2378 2422
f 2378 2379 2422
f 2422 2379 2423
f 2379 2380 2423
f 2423 2380 2424
f 2380 2381 2424
f 2424 2381 2425
f 2381 2426 2425
f 2381 2382 2426
f 2382 2427 2426
f 2382 2383 2427
f 2383 2428 2427
f 2383 2384 2428
f 2384 2429 2428
f 2384 2385 2429
f 2385 2430 2429
f 2385 2386 2430
f 2386 2431 2430
f 2386 2387 2431
f 2387 2432 2431
f 2387 2388 2432
f 2388 2433 2432
f 2388 2389 2433
f 2389 2434 2433
f 2389 2390 2434
f 2390 2435 2434
f 2390 2391 2435
f 2391 2436 2435
f 2391 2392 2436
f 2392 2393 2436
f 2392 2349 2393
f 2393 2394 2437
f 2437 2394 2438
f 2394 2395 2438
f 2438 2395 2439
f 2395 2396 2439
f 2439 2396 2440
f 2396 2397 2440
f 2440 2397 2441
f 2397 2398 2441
f 2441 2398 2442
f 2398 2399 2442
f 2442 2399 2443
f 2399 2400 2443
f 2443 2400 2444
f 2400 2401 2444
f 2444 2401 2445
f 2401 2402 2445
f 2445 2402 2446
f 2402 2403 2446
f 2446 2403 2447
f 2403 2404 2447
f 2447 2404 2448
f 2404 2405 2448
f 2448 2405 2449
f 2405 2450 2449
f 2405 2406 2450
f 2406 2451 2450
f 2406 2407 2451
f 2407 2452 2451
f 2407 2408 2452
f 2408 2453 2452
f 2408 2409 2453
f 2409 2454 2453
f 2409 2410 2454
f 2410 2455 2454
f 2410 2411 2455
f 2411 2456 2455
f 2411 2412 2456
f 2412 2457 2456
f 2412 2413 2457
f 2413 2458 2457
f 2413 2414 2458
f 2414 2459 2458
f 2414 2415 2459
f 2415 2416 2459
f 2459 2416 2460
f 2416 2417 2460
f 2460 2417 2461
f 2417 2418 2461
f 2461 2418 2462
f 2418 2419 2462
f 2462 2419 2463
f 2419 2420 2463
f 2463 2420 2464
f 2420 2421 2464
f 2464 2421 2465
f 2421 2422 2465
f 2465 2422 2466
f 2422 2423 2466
f 2466 2423 2467
f 2423 2424 2467
f 2467 2424 2468
f 2424 2425 2468
f 2468 2425 2469
f 2425 2470 2469
f 2425 2426 2470
f 2426 2471 2470
f 2426 2427 2471
f 2427 2472 2471
f 2427 2428 2472
f 2428 2473 2472
f 2428 2429 2473
f 2429 2474 2473
f 2429 2430 2474
f 2430 2475 2474
f 2430 2431 2475
f 2431 2476 2475
f 2431 2432 2476
f 2432 2477 2476
f 2432 2433 2477
f 2433 2478 2477
f 2433 2434 2478
f 2434 2479 2478
f 2434 2435 2479
f 2435 2480 2479
f 2435 2436 2480
f 2436 2437 2480
f 2436 2393 2437
f 2437 2438 2481
f 2481 2438 2482
f 2438 2439 2482
f 2482 2439 2483
f 2439 2440 2483
f 2483 2440 2484
f 2440 2441 2484
f 2484 2441 2485
f 2441 2442 2485
f 2485 2442 2486
f 2442 2443 2486
f 2486 2443 2487
f 2443 2444 2487
f 2487 2444 2488
f 2444 2445 2488
f 2488 2445 2489
f 2445 2446 2489
f 2489 2446 2490
f 2446 2447 2490
f 2490 2447 2491
f 2447 2448 2491
f 2491 2448 2492
f 2448 2449 2492
f 2492 2449 2493
f 2449 2494 2493
f 2449 2450 2494
f 2450 2495 2494
f 2450 2451 2495
f 2451 2496 2495
f 2451 2452 2496
f 2452 2497 2496
f 2452 2453 2497
f 2453 2498 2497
f 2453 2454 2498
f 2454 2499 2498
f 2454 2455 2499
f 2455 2500 2499
f 2455 2456 2500
f 2456 2501 2500
f 2456 2457 2501
f 2457 2502 2501
f 2457 2458 2502
f 2458 2503 2502
f 2458 2459 2503
f 2459 2460 2503
f 2503 2460 2504
f 2460 2461 2504
f 2504 2461 2505
f 2461 2462 2505
f 2505 2462 2506
f 2462 2463 2506
f 2506 2463 2507
f 2463 2464 2507
f 2507 2464 2508
f 2464 2465 2508
f 2508 2465 2509
f 2465 2466 2509
f 2509 2466 2510
f 2466 2467 2510
f 2510 2467 2511
f 2467 2468 2511
f 2511 2468 2512
f 2468 2469 2512
f 2512 2469 2513
f 2469 2514 2513
f 2469 2470 2514
f 2470 2515 2514
f 2470 2471 2515
f 2471 2516 2515
f 2471 2472 2516
f 2472 2517 2516
f 2472 2473 2517
f 2473 2518 2517
f 2473 2474 2518
f 2474 2519 2518
f 2474 2475 2519
f 2475 2520 2519
f 2475 2476 2520
f 2476 2521 2520
f 2476 2477 2521
f 2477 2522 2521
f 2477 2478 2522
f 2478 2523 2522
f 2478 2479 2523
f 2479 2524 2523
f 2479 2480 2524
f 2480 2481 2524
f 2480 2437 2481
f 2481 2482 2525
f 2525 2482 2526
f 2482 2483 2526
f 2526 2483 2527
f 2483 2484 2527
f 2527 2484 2528
f 2484 2485 2528
f 2528 2485 2529
f 2485 2486 2529
f 2529 2486 2530
f 2486 2487 2530
f 2530 2487 2531
f 2487 2488 2531
f 2531 2488 2532
f 2488 2489 2532
f 2532 2489 2533
f 2489 2490 2533
f 2533 2490 2534
f 2490 2491 2534
f 2534 2491 2535
f 2491 2492 2535
f 2535 2492 2536
f 2492 2493 2536
f 2536 2493 2537
f 2493 2538 2537
f 2493 2494 2538
f 2494 2539 2538
f 2494 2495 2539
f 2495 2540 2539
f 2495 2496 2540
f 2496 2541 2540
f 2496 2497 2541
f 2497 2542 2541
f 2497 2498 2542
f 2498 2543 2542
f 2498 2499 2543
f 2499 2544 2543
f 2499 2500 2544
f 2500 2545 2544
f 2500 2501 2545
f 2501 2546 2545
f 2501 2502 2546
f 2502 2547 2546
f 2502 2503 2547
f 2503 2504 2547
f 2547 2504 2548
f 2504 2505 2548
f 2548 2505 2549
f 2505 2506 2549
f 2549 2506 2550
f 2506 2507 2550
f 2550 2507 2551
f 2507 2508 2551
f 2551 2508 2552
f 2508 2509 2552
f 2552 2509 2553
f 2509 2510 2553
f 2553 2510 2554
f 2510 2511 2554
f 2554 2511 2555
f 2511 2512 2555
f 2555 2512 2556
f 2512 2513 2556
f 2556 2513 2557
f 2513 2558 2557
f 2513 2514 2558
f 2514 2559 2558
f 2514 2515 2559
f 2515 2560 2559
f 2515 2516 2560
f 2516 2561 2560
f 2516 2517 2561
f 2517 2562 2561
f 2517 2518 2562
f 2518 2563 2562
f 2518 2519 2563
f 2519 2564 2563
f 2519 2520 2564
f 2520 2565 2564
f 2520 2521 2565
f 2521 2566 2565
f 2521 2522 2566
f 2522 2567 2566
f 2522 2523 2567
f 2523 2568 2567
f 2523 2524 2568
f 2524 2525 2568
f 2524 2481 2525
f 2525 2526 2569
f 2569 2526 2570
f 2526 2527 2570
f 2570 2527 2571
f 2527 2528 2571
f 2571 2528 2572
f 2528 2529 2572
f 2572 2529 2573
f 2529 2530 2573
f 2573 2530 2574
f 2530 2531 2574
f 2574 2531 2575
f 2531 2532 2575
f 2575 2532 2576
f 2532 2533 2576
f 2576 2533 2577
f 2533 2534 2577
f 2577 2534 2578
f 2534 2535 2578
f 2578 2535 2579
f 2535 2536 2579
f 2579 2536 2580
f 2536 2537 2580
f 2580 2537 2581
f 2537 2582 2581
f 2537 2538 2582
f 2538 2583 2582
f 2538 2539 2583
f 2539 2584 2583
f 2539 2540 2584
f 2540 2585 2584
f 2540 2541 2585
f 2541 2586 2585
f 2541 2542 2586
f 2542 2587 2586
f 2542 2543 2587
f 2543 2588 2587
f 2543 2544 2588
f 2544 2589 2588
f 2544 2545 2589
f 2545 2590 2589
f 2545 2546 2590
f 2546 2591 2590
f 2546 2547 2591
f 2547 2548 2591
f 2591 2548 2592
f 2548 2549 2592
f 2592 2549 2593
f 2549 2550 2593
f 2593 2550 2594
f 2550 2551 2594
f 2594 2551 2595
f 2551 2552 2595
f 2595 2552 2596
f 2552 2553 2596
f 2596 2553 2597
f 2553 2554 2597
f 2597 2554 2598
f 2554 2555 2598
f 2598 2555 2599
f 2555 2556 2599
f 2599 2556 2600
f 2556 2557 2600
f 2600 2557 2601
f 2557 2602 2601
f 2557 2558 2602
f 2558 2603 2602
f 2558 2559 2603
f 2559 2604 2603
f 2559 2560 2604
f 2560 2605 2604
f 2560 2561 2605
f 2561 2606 2605
f 2561 2562 2606
f 2562 2607 2606
f 2562 2563 2607
f 2563 2608 2607
f 2563 2564 2608
f 2564 2609 2608
f 2564 2565 2609
f 2565 2610 2609
f 2565 2566 2610
f 2566 2611 2610
f 2566 2567 2611
f 2567 2612 2611
f 2567 2568 2612
f 2568 2569 2612
f 2568 2525 2569
f 2569 2570 2613
f 2613 2570 2614
f 2570 2571 2614
f 2614 2571 2615
f 2571 2572 2615
f 2615 2572 2616
f 2572 2573 2616
f 2616 2573 2617
f 2573 2574 2617
f 2617 2574 2618
f 2574 2575 2618
f 2618 2575 2619
f 2575 2576 2619
f 2619 2576 2620
f 2576 2577 2620
f 2620 2577 2621
f 2577 2578 2621
f 2621 2578 2622
f 2578 2579 2622
f 2622 2579 2623
f 2579 2580 2623
f 2623 2580 2624
f 2580 2581 2624
f 2624 2581 2625
f 2581 2626 2625
f 2581 2582 2626
f 2582 2627 2626
f 2582 2583 2627
f 2583 2628 2627
f 2583 2584 2628
f 2584 2629 2628
f 2584 2585 2629
f 2585 2630 2629
f 2585 2586 2630
f 2586 2631 2630
f 2586 2587 2631
f 2587 2632 2631
f 2587 2588 2632
f 2588 2633 2632
f 2588 2589 2633
f 2589 2634 2633
f 2589 2590 2634
f 2590 2635 2634
f 2590 2591 2635
f 2591 2592 2635
f 2635 2592 2636
f 2592 2593 2636
f 2636 2593 2637
f 2593 2594 2637
f 2637 2594 2638
f 2594 2595 2638
f 2638 2595 2639
f 2595 2596 2639
f 2639 2596 2640
f 2596 2597 2640
f 2640 2597 2641
f 2597 2598 2641
f 2641 2598 2642
f 2598 2599 2642
f 2642 2599 2643
f 2599 2600 2643
f 2643 2600 2644
f 2600 2601 2644
f 2644 2601 2645
f 2601 2646 2645
f 2601 2602 2646
f 2602 2647 2646
f 2602 2603 2647
f 2603 2648 2647
f 2603 2604 2648
f 2604 2649 2648
f 2604 2605 2649
f 2605 2650 2649
f 2605 2606 2650
f 2606 2651 2650
f 2606 2607 2651
f 2607 2652 2651
f 2607 2608 2652
f 2608 2653 2652
f 2608 2609 2653
f 2609 2654 2653
f 2609 2610 2654
f 2610 2655 2654
f 2610 2611 2655
f 2611 2656 2655
f 2611 2612 2656
f 2612 2613 2656
f 2612 2569 2613
f 2613 2614 2657
f 2657 2614 2658
f 2614 2615 2658
f 2658 2615 2659
f 2615 2616 2659
f 2659 2616 2660
f 2616 2617 2660
f 2660 2617 2661
f 2617 2618 2661
f 2661 2618 2662
f 2618 2619 2662
f 2662 2619 2663
f 2619 2620 2663
f 2663 2620 2664
f 2620 2621 2664
f 2664 2621 2665
f 2621 2622 2665
f 2665 2622 2666
f 2622 2623 2666
f 2666 2623 2667
f 2623 2624 2667
f 2667 2624 2668
f 2624 2625 2668
f 2668 2625 2669
f 2625 2670 2669
f 2625 2626 2670
f 2626 2671 2670
f 2626 2627 2671
f 2627 2672 2671
f 2627 2628 2672
f 2628 2673 2672
f 2628 2629 2673
f 2629 2674 2673
f 2629 2630 2674
f 2630 2675 2674
f 2630 2631 2675
f 2631 2676 2675
f 2631 2632 2676
f 2632 2677 2676
f 2632 2633 2677
f 2633 2678 2677
f 2633 2634 2678
f 2634 2679 2678
f 2634 2635 2679
f 2635 2636 2679
f 2679 2636 2680
f 2636 2637 2680
f 2680 2637 2681
f 2637 2638 2681
f 2681 2638 2682
f 2638 2639 2682
f 2682 2639 2683
f 2639 2640 2683
f 2683 2640 2684
f 2640 2641 2684
f 2684 2641 2685
f 2641 2642 2685
f 2685 2642 2686
f 2642 2643 2686
f 2686 2643 2687
f 2643 2644 2687
f 2687 2644 2688
f 2644 2645 2688
f 2688 2645 2689
f 2645 2690 2689
f 2645 2646 2690
f 2646 2691 2690
f 2646 2647 2691
f 2647 2692 2691
f 2647 2648 2692
f 2648 2693 2692
f 2648 2649 2693
f 2649 2694 2693
f 2649 2650 2694
f 2650 2695 2694
f 2650 2651 2695
f 2651 2696 2695
f 2651 2652 2696
f 2652 2697 2696
f 2652 2653 2697
f 2653 2698 2697
f 2653 2654 2698
f 2654 2699 2698
f 2654 2655 2699
f 2655 2700 2699
f 2655 2656 2700
f 2656 2657 2700
f 2656 2613 2657
f 2657 2658 2701
f 2701 2658 2702
f 2658 2659 2702
f 2702 2659 2703
f 2659 2660 2703
f 2703 2660 2704
f 2660 2661 2704
f 2704 2661 2705
f 2661 2662 2705
f 2705 2662 2706
f 2662 2663 2706
f 2706 2663 2707
f 2663 2664 2707
f 2707 2664 2708
f 2664 2665 2708
f 2708 2665 2709
f 2665 2666 2709
f 2709 2666 2710
f 2666 2667 2710
f 2710 2667 2711
f 2667 2668 2711
f 2711 2668 2712
f 2668 2669 2712
f 2712 2669 2713
f 2669 2714 2713
f 2669 2670 2714
f 2670 2715 2714
f 2670 2671 2715
f 2671 2716 2715
f 2671 2672 2716
f 2672 2717 2716
f 2672 2673 2717
f 2673 2718 2717
f 2673 2674 2718
f 2674 2719 2718
f 2674 2675 2719
f 2675 2720 2719
f 2675 2676 2720
f 2676 2721 2720
f 2676 2677 2721
f 2677 2722 2721
f 2677 2678 2722
f 2678 2723 2722
f 2678 2679 2723
f 2679 2680 2723
f 2723 2680 2724
f 2680 2681 2724
f 2724 2681 2725
f 2681 2682 2725
f 2725 2682 2726
f 2682 2683 2726
f 2726 2683 2727
f 2683 2684 2727
f 2727 2684 2728
f 2684 2685 2728
f 2728 2685 2729
f 2685 2686 2729
f 2729 2686 2730
f 2686 2687 2730
f 2730 2687 2731
f 2687 2688 2731
f 2731 2688 2732
f 2688 2689 2732
f 2732 2689 2733
f 2689 2734 2733
f 2689 2690 2734
f 2690 2735 2734
f 2690 2691 2735
f 2691 2736 2735
f 2691 2692 2736
f 2692 2737 2736
f 2692 2693 2737
f 2693 2738 2737
f 2693 2694 2738
f 2694 2739 2738
f 2694 2695 2739
f 2695 2740 2739
f 2695 2696 2740
f 2696 2741 2740
f 2696 2697 2741
f 2697 2742 2741
f 2697 2698 2742
f 2698 2743 2742
f 2698 2699 2743
f 2699 2744 2743
f 2699 2700 2744
f 2700 2701 2744
f 2700 2657 2701
f 2701 2702 2745
f 2745 2702 2746
f 2702 2703 2746
f 2746 2703 2747
f 2703 2704 2747
f 2747 2704 2748
f 2704 2705 2748
f 2748 2705 2749
f 2705 2706 2749
f 2749 2706 2750
f 2706 2707 2750
f 2750 2707 2751
f 2707 2708 2751
f 2751 2708 2752
f 2708 2709 2752
f 2752 2709 2753
f 2709 2710 2753
f 2753 2710 2754
f 2710 2711 2754
f 2754 2711 2755
f 2711 2712 2755
f 2755 2712 2756
f 2712 2713 2756
f 2756 2713 2757
f 2713 2758 2757
f 2713 2714 2758
f 2714 2759 2758
f 2714 2715 2759
f 2715 2760 2759
f 2715 2716 2760
f 2716 2761 2760
f 2716 2717 2761
f 2717 2762 2761
f 2717 2718 2762
f 2718 2763 2762
f 2718 2719 2763
f 2719 2764 2763
f 2719 2720 2764
f 2720 2765 2764
f 2720 2721 2765
f 2721 2766 2765
f 2721 2722 2766
f 2722 2767 2766
f 2722 2723 2767
f 2723 2724 2767
f 2767 2724 2768
f 2724 2725 2768
f 2768 2725 2769
f 2725 2726 2769
f 2769 2726 2770
f 2726 2727 2770
f 2770 2727 2771
f 2727 2728 2771
f 2771 2728 2772
f 2728 2729 2772
f 2772 2729 2773
f 2729 2730 2773
f 2773 2730 2774
f 2730 2731 2774
f 2774 2731 2775
f 2731 2732 2775
f 2775 2732 2776
f 2732 2733 2776
f 2776 2733 2777
f 2733 2778 2777
f 2733 2734 2778
f 2734 2779 2778
f 2734 2735 2779
f 2735 2780 2779
f 2735 2736 2780
f 2736 2781 2780
f 2736 2737 2781
f 2737 2782 2781
f 2737 2738 2782
f 2738 2783 2782
f 2738 2739 2783
f 2739 2784 2783
f 2739 2740 2784
f 2740 2785 2784
f 2740 2741 2785
f 2741 2786 2785
f 2741 2742 2786
f 2742 2787 2786
f 2742 2743 2787
f 2743 2788 2787
f 2743 2744 2788
f 2744 2745 2788
f 2744 2701 2745
f 2745 2746 2789
f 2789 2746 2790
f 2746 2747 2790
f 2790 2747 2791
f 2747 2748 2791
f 2791 2748 2792
f 2748 2749 2792
f 2792 2749 2793
f 2749 2750 2793
f 2793 2750 2794
f 2750 2751 2794
f 2794 2751 2795
f 2751 2752 2795
f 2795 2752 2796
f 2752 2753 2796
f 2796 2753 2797
f 2753 2754 2797
f 2797 2754 2798
f 2754 2755 2798
f 2798 2755 2799
f 2755 2756 2799
f 2799 2756 2800
f 2756 2757 2800
f 2800 2757 2801
f 2757 2802 2801
f 2757 2758 2802
f 2758 2803 2802
f 2758 2759 2803
f 2759 2804 2803
f 2759 2760 2804
f 2760 2805 2804
f 2760 2761 2805
f 2761 2806 2805
f 2761 2762 2806
f 2762 2807 2806
f 2762 2763 2807
f 2763 2808 2807
f 2763 2764 2808
f 2764 2809 2808
f 2764 2765 2809
f 2765 2810 2809
f 2765 2766 2810
f 2766 2811 2810
f 2766 2767 2811
f 2767 2768 2811
f 2811 2768 2812
f 2768 2769 2812
f 2812 2769 2813
f 2769 2770 2813
f 2813 2770 2814
f 2770 2771 2814
f 2814 2771 2815
f 2771 2772 2815
f 2815 2772 2816
f 2772 2773 2816
f 2816 2773 2817
f 2773 2774 2817
f 2817 2774 2818
f 2774 2775 2818
f 2818 2775 2819
f 2775 2776 2819
f 2819 2776 2820
f 2776 2777 2820
f 2820 2777 2821
f 2777 2822 2821
f 2777 2778 2822
f 2778 2823 2822
f 2778 2779 2823
f 2779 2824 2823
f 2779 2780 2824
f 2780 2825 2824
f 2780 2781 2825
f 2781 2826 2825
f 2781 2782 2826
f 2782 2827 2826
f 2782 2783 2827
f 2783 2828 2827
f 2783 2784 2828
f 2784 2829 2828
f 2784 2785 2829
f 2785 2830 2829
f 2785 2786 2830
f 2786 2831 2830
f 2786 2787 2831
f 2787 2832 2831
f 2787 2788 2832
f 2788 2789 2832
f 2788 2745 2789
f 2789 2790 2833
f 2833 2790 2834
f 2790 2791 2834
f 2834 2791 2835
f 2791 2792 2835
f 2835 2792 2836
f 2792 2793 2836
f 2836 2793 2837
f 2793 2794 2837
f 2837 2794 2838
f 2794 2795 2838
f 2838 2795 2839
f 2795 2796 2839
f 2839 2796 2840
f 2796 2797 2840
f 2840 2797 2841
f 2797 2798 2841
f 2841 2798 2842
f 2798 2799 2842
f 2842 2799 2843
f 2799 2800 2843
f 2843 2800 2844
f 2800 2801 2844
f 2844 2801 2845
f 2801 2846 2845
f 2801 2802 2846
f 2802 2847 2846
f 2802 2803 2847
f 2803 2848 2847
f 2803 2804 2848
f 2804 2849 2848
f 2804 2805 2849
f 2805 2850 2849
f 2805 2806 2850
f 2806 2851 2850
f 2806 2807 2851
f 2807 2852 2851
f 2807 2808 2852
f 2808 2853 2852
f 2808 2809 2853
f 2809 2854 2853
f 2809 2810 2854
f 2810 2855 2854
f 2810 2811 2855
f 2811 2812 2855
f 2855 2812 2856
f 2812 2813 2856
f 2856 2813 2857
f 2813 2814 2857
f 2857 2814 2858
f 2814 2815 2858
f 2858 2815 2859
f 2815 2816 2859
f 2859 2816 2860
f 2816 2817 2860
f 2860 2817 2861
f 2817 2818 2861
f 2861 2818 2862
f 2818 2819 2862
f 2862 2819 2863
f 2819 2820 2863
f 2863 2820 2864
f 2820 2821 2864
f 2864 2821 2865
f 2821 2866 2865
f 2821 2822 2866
f 2822 2867 2866
f 2822 2823 2867
f 2823 2868 2867
f 2823 2824 2868
f 2824 2869 2868
f 2824 2825 2869
f 2825 2870 2869
f 2825 2826 2870
f 2826 2871 2870
f 2826 2827 2871
f 2827 2872 2871
f 2827 2828 2872
f 2828 2873 2872
f 2828 2829 2873
f 2829 2874 2873
f 2829 2830 2874
f 2830 2875 2874
f 2830 2831 2875
f 2831 2876 2875
f 2831 2832 2876
f 2832 2833 2876
f 2832 2789 2833
f 2833 2834 2877
f 2877 2834 2878
f 2834 2835 2878
f 2878 2835 2879
f 2835 2836 2879
f 2879 2836 2880
f 2836 2837 2880
f 2880 2837 2881
f 2837 2838 2881
f 2881 2838 2882
f 2838 2839 2882
f 2882 2839 2883
f 2839 2840 2883
f 2883 2840 2884
f 2840 2841 2884
f 2884 2841 2885
f 2841 2842 2885
f 2885 2842 2886
f 2842 2843 2886
f 2886 2843 2887
f 2843 2844 2887
f 2887 2844 2888
f 2844 2845 2888
f 2888 2845 2889
f 2845 2890 2889
f 2845 2846 2890
f 2846 2891 2890
f 2846 2847 2891
f 2847 2892 2891
f 2847 2848 2892
f 2848 2893 2892
f 2848 2849 2893
f 2849 2894 2893
f 2849 2850 2894
f 2850 2895 2894
f 2850 2851 2895
f 2851 2896 2895
f 2851 2852 2896
f 2852 2897 2896
f 2852 2853 2897
f 2853 2898 2897
f 2853 2854 2898
f 2854 2899 2898
f 2854 2855 2899
f 2855 2856 2899
f 2899 2856 2900
f 2856 2857 2900
f 2900 2857 2901
f 2857 2858 2901
f 2901 2858 2902
f 2858 2859 2902
f 2902 2859 2903
f 2859 2860 2903
f 2903 2860 2904
f 2860 2861 2904
f 2904 2861 2905
f 2861 2862 2905
f 2905 2862 2906
f 2862 2863 2906
f 2906 2863 2907
f 2863 2864 2907
f 2907 2864 2908
f 2864 2865 2908
f 2908 2865 2909
f 2865 2910 2909
f 2865 2866 2910
f 2866 2911 2910
f 2866 2867 2911
f 2867 2912 2911
f 2867 2868 2912
f 2868 2913 2912
f 2868 2869 2913
f 2869 2914 2913
f 2869 2870 2914
f 2870 2915 2914
f 2870 2871 2915
f 2871 2916 2915
f 2871 2872 2916
f 2872 2917 2916
f 2872 2873 2917
f 2873 2918 2917
f 2873 2874 2918
f 2874 2919 2918
f 2874 2875 2919
f 2875 2920 2919
f 2875 2876 2920
f 2876 2877 2920
f 2876 2833 2877
f 2877 2878 2921
f 2921 2878 2922
f 2878 2879 2922
f 2922 2879 2923
f 2879 2880 2923
f 2923 2880 2924
f 2880 2881 2924
f 2924 2881 2925
f 2881 2882 2925
f 2925 2882 2926
f 2882 2883 2926
f 2926 2883 2927
f 2883 2884 2927
f 2927 2884 2928
f 2884 2885 2928
f 2928 2885 2929
f 2885 2886 2929
f 2929 2886 2930
f 2886 2887 2930
f 2930 2887 2931
f 2887 2888 2931
f 2931 2888 2932
f 2888 2889 2932
f 2932 2889 2933
f 2889 2934 2933
f 2889 2890 2934
f 2890 2935 2934
f 2890 2891 2935
f 2891 2936 2935
f 2891 2892 2936
f 2892 2937 2936
f 2892 2893 2937
f 2893 2938 2937
f 2893 2894 2938
f 2894 2939 2938
f 2894 2895 2939
f 2895 2940 2939
f 2895 2896 2940
f 2896 2941 2940
f 2896 2897 2941
f 2897 2942 2941
f 2897 2898 2942
f 2898 2943 2942
f 2898 2899 2943
f 2899 2900 2943
f 2943 2900 2944
f 2900 2901 2944
f 2944 2901 2945
f 2901 2902 2945
f 2945 2902 2946
f 2902 2903 2946
f 2946 2903 2947
f 2903 2904 2947
f 2947 2904 2948
f 2904 2905 2948
f 2948 2905 2949
f 2905 2906 2949
f 2949 2906 2950
f 2906 2907 2950
f 2950 2907 2951
f 2907 2908 2951
f 2951 2908 2952
f 2908 2909 2952
f 2952 2909 2953
f 2909 2954 2953
f 2909 2910 2954
f 2910 2955 2954
f 2910 2911 2955
f 2911 2956 2955
f 2911 2912 2956
f 2912 2957 2956
f 2912 2913 2957
f 2913 2958 2957
f 2913 2914 2958
f 2914 2959 2958
f 2914 2915 2959
f 2915 2960 2959
f 2915 2916 2960
f 2916 2961 2960
f 2916 2917 2961
f 2917 2962 2961
f 2917 2918 2962
f 2918 2963 2962
f 2918 2919 2963
f 2919 2964 2963
f 2919 2920 2964
f 2920 2921 2964
f 2920 2877 2921
f 2921 2922 2965
f 2965 2922 2966
f 2922 2923 2966
f 2966 2923 2967
f 2923 2924 2967
f 2967 2924 2968
f 2924 2925 2968
f 2968 2925 2969
f 2925 2926 2969
f 2969 2926 2970
f 2926 2927 2970
f 2970 2927 2971
f 2927 2928 2971
f 2971 2928 2972
f 2928 2929 2972
f 2972 2929 2973
f 2929 2930 2973
f 2973 2930 2974
f 2930 2931 2974
f 2974 2931 2975
f 2931 2932 2975
f 2975 2932 2976
f 2932 2933 2976
f 2976 2933 2977
f 2933 2978 2977
f 2933 2934 2978
f 2934 2979 2978
f 2934 2935 2979
f 2935 2980 2979
f 2935 2936 2980
f 2936 2981 2980
f 2936 2937 2981
f 2937 2982 2981
f 2937 2938 2982
f 2938 2983 2982
f 2938 2939 2983
f 2939 2984 2983
f 2939 2940 2984
f 2940 2985 2984
f 2940 2941 2985
f 2941 2986 2985
f 2941 2942 2986
f 2942 2987 2986
f 2942 2943 2987
f 2943 2944 2987
f 2987 2944 2988
f 2944 2945 2988
f 2988 2945 2989
f 2945 2946 2989
f 2989 2946 2990
f 2946 2947 2990
f 2990 2947 2991
f 2947 2948 2991
f 2991 2948 2992
f 2948 2949 2992
f 2992 2949 2993
f 2949 2950 2993
f 2993 2950 2994
f 2950 2951 2994
f 2994 2951 2995
f 2951 2952 2995
f 2995 2952 2996
f 2952 2953 2996
f 2996 2953 2997
f 2953 2998 2997
f 2953 2954 2998
f 2954 2999 2998
f 2954 2955 2999
f 2955 3000 2999
f 2955 2956 3000
f 2956 3001 3000
f 2956 2957 3001
f 2957 3002 3001
f 2957 2958 3002
f 2958 3003 3002
f 2958 2959 3003
f 2959 3004 3003
f 2959 2960 3004
f 2960 3005 3004
f 2960 2961 3005
f 2961 3006 3005
f 2961 2962 3006
f 2962 3007 3006
f 2962 2963 3007
f 2963 3008 3007
f 2963 2964 3008
f 2964 2965 3008
f 2964 2921 2965
f 2965 2966 3009
f 3009 2966 3010
f 2966 2967 3010
f 3010 2967 3011
f 2967 2968 3011
f 3011 2968 3012
f 2968 2969 3012
f 3012 2969 3013
f 2969 2970 3013
f 3013 2970 3014
f 2970 2971 3014
f 3014 2971 3015
f 2971 2972 3015
f 3015 2972 3016
f 2972 2973 3016
f 3016 2973 3017
f 2973 2974 3017
f 3017 2974 3018
f 2974 2975 3018
f 3018 2975 3019
f 2975 2976 3019
f 3019 2976 3020
f 2976 2977 3020
f 3020 2977 3021
f 2977 3022 3021
f 2977 2978 3022
f 2978 3023 3022
f 2978 2979 3023
f 2979 3024 3023
f 2979 2980 3024
f 2980 3025 3024
f 2980 2981 3025
f 2981 3026 3025
f 2981 2982 3026
f 2982 3027 3026
f 2982 2983 3027
f 2983 3028 3027
f 2983 2984 3028
f 2984 3029 3028
f 2984 2985 3029
f 2985 3030 3029
f 2985 2986 3030
f 2986 3031 3030
f 2986 2987 3031
f 2987 2988 3031
f 3031 2988 3032
f 2988 2989 3032
f 3032 2989 3033
f 2989 2990 3033
f 3033 2990 3034
f 2990 2991 3034
f 3034 2991 3035
f 2991 2992 3035
f 3035 2992 3036
f 2992 2993 3036
f 3036 2993 3037
f 2993 2994 3037
f 3037 2994 3038
f 2994 2995 3038
f 3038 2995 3039
f 2995 2996 3039
f 3039 2996 3040
f 2996 2997 3040
f 3040 2997 3041
f 2997 3042 3041
f 2997 2998 3042
f 2998 3043 3042
f 2998 2999 3043
f 2999 3044 3043
f 2999 3000 3044
f 3000 3045 3044
f 3000 3001 3045
f 3001 3046 3045
f 3001 3002 3046
f 3002 3047 3046
f 3002 3003 3047
f 3003 3048 3047
f 3003 3004 3048
f 3004 3049 3048
f 3004 3005 3049
f 3005 3050 3049
f 3005 3006 3050
f 3006 3051 3050
f 3006 3007 3051
f 3007 3052 3051
f 3007 3008 3052
f 3008 3009 3052
f 3008 2965 3009
f 3009 3010 3053
f 3053 3010 3054
f 3010 3011 3054
f 3054 3011 3055
f 3011 3012 3055
f 3055 3012 3056
f 3012 3013 3056
f 3056 3013 3057
f 3013 3014 3057
f 3057 3014 3058
f 3014 3015 3058
f 3058 3015 3059
f 3015 3016 3059
f 3059 3016 3060
f 3016 3017 3060
f 3060 3017 3061
f 3017 3018 3061
f 3061 3018 3062
f 3018 3019 3062
f 3062 3019 3063
f 3019 3020 3063
f 3063 3020 3064
f 3020 3021 3064
f 3064 3021 3065
f 3021 3066 3065
f 3021 3022 3066
f 3022 3067 3066
f 3022 3023 3067
f 3023 3068 3067
f 3023 3024 3068
f 3024 3069 3068
f 3024 3025 3069
f 3025 3070 3069
f 3025 3026 3070
f 3026 3071 3070
f 3026 3027 3071
f 3027 3072 3071
f 3027 3028 3072
f 3028 3073 3072
f 3028 3029 3073
f 3029 3074 3073
f 3029 3030 3074
f 3030 3075 3074
f 3030 3031 3075
f 3031 3032 3075
f 3075 3032 3076
f 3032 3033 3076
f 3076 3033 3077
f 3033 3034 3077
f 3077 3034 3078
f 3034 3035 3078
f 3078 3035 3079
f 3035 3036 3079
f 3079 3036 3080
f 3036 3037 3080
f 3080 3037 3081
f 3037 3038 3081
f 3081 3038 3082
f 3038 3039 3082
f 3082 3039 3083
f 3039 3040 3083
f 3083 3040 3084
f 3040 3041 3084
f 3084 3041 3085
f 3041 3086 3085
f 3041 3042 3086
f 3042 3087 3086
f 3042 3043 3087
f 3043 3088 3087
f 3043 3044 3088
f 3044 3089 3088
f 3044 3045 3089
f 3045 3090 3089
f 3045 3046 3090
f 3046 3091 3090
f 3046 3047 3091
f 3047 3092 3091
f 3047 3048 3092
f 3048 3093 3092
f 3048 3049 3093
f 3049 3094 3093
f 3049 3050 3094
f 3050 3095 3094
f 3050 3051 3095
f 3051 3096 3095
f 3051 3052 3096
f 3052 3053 3096
f 3052 3009 3053
f 3053 3054 3097
f 3097 3054 3098
f 3054 3055 3098
f 3098 3055 3099
f 3055 3056 3099
f 3099 3056 3100
f 3056 3057 3100
f 3100 3057 3101
f 3057 3058 3101
f 3101 3058 3102
f 3058 3059 3102
f 3102 3059 3103
f 3059 3060 3103
f 3103 3060 3104
f 3060 3061 3104
f 3104 3061 3105
f 3061 3062 3105
f 3105 3062 3106
f 3062 3063 3106
f 3106 3063 3107
f 3063 3064 3107
f 3107 3064 3108
f 3064 3065 3108
f 3108 3065 3109
f 3065 3110 3109
f 3065 3066 3110
f 3066 3111 3110
f 3066 3067 3111
f 3067 3112 3111
f 3067 3068 3112
f 3068 3113 3112
f 3068 3069 3113
f 3069 3114 3113
f 3069 3070 3114
f 3070 3115 3114
f 3070 3071 3115
f 3071 3116 3115
f 3071 3072 3116
f 3072 3117 3116
f 3072 3073 3117
f 3073 3118 3117
f 3073 3074 3118
f 3074 3119 3118
f 3074 3075 3119
f 3075 3076 3119
f 3119 3076 3120
f 3076 3077 3120
f 3120 3077 3121
f 3077 3078 3121
f 3121 3078 3122
f 3078 3079 3122
f 3122 3079 3123
f 3079 3080 3123
f 3123 3080 3124
f 3080 3081 3124
f 3124 3081 3125
f 3081 3082 3125
f 3125 3082 3126
f 3082 3083 3126
f 3126 3083 3127
f 3083 3084 3127
f 3127 3084 3128
f 3084 3085 3128
f 3128 3085 3129
f 3085 3130 3129
f 3085 3086 3130
f 3086 3131 3130
f 3086 3087 3131
f 3087 3132 3131
f 3087 3088 3132
f 3088 3133 3132
f 3088 3089 3133
f 3089 3134 3133
f 3089 3090 3134
f 3090 3135 3134
f 3090 3091 3135
f 3091 3136 3135
f 3091 3092 3136
f 3092 3137 3136
f 3092 3093 3137
f 3093 3138 3137
f 3093 3094 3138
f 3094 3139 3138
f 3094 3095 3139
f 3095 3140 3139
f 3095 3096 3140
f 3096 3097 3140
f 3096 3053 3097
f 3097 3098 3141
f 3141 3098 3142
f 3098 3099 3142
f 3142 3099 3143
f 3099 3100 3143
f 3143 3100 3144
f 3100 3101 3144
f 3144 3101 3145
f 3101 3102 3145
f 3145 3102 3146
f 3102 3103 3146
f 3146 3103 3147
f 3103 3104 3147
f 3147 3104 3148
f 3104 3105 3148
f 3148 3105 3149
f 3105 3106 3149
f 3149 3106 3150
f 3106 3107 3150
f 3150 3107 3151
f 3107 3108 3151
f 3151 3108 3152
f 3108 3109 3152
f 3152 3109 3153
f 3109 3154 3153
f 3109 3110 3154
f 3110 3155 3154
f 3110 3111 3155
f 3111 3156 3155
f 3111 3112 3156
f 3112 3157 3156
f 3112 3113 3157
f 3113 3158 3157
f 3113 3114 3158
f 3114 3159 3158
f 3114 3115 3159
f 3115 3160 3159
f 3115 3116 3160
f 3116 3161 3160
f 3116 3117 3161
f 3117 3162 3161
f 3117 3118 3162
f 3118 3163 3162
f 3118 3119 3163
f 3119 3120 3163
f 3163 3120 3164
f 3120 3121 3164
f 3164 3121 3165
f 3121 3122 3165
f 3165 3122 3166
f 3122 3123 3166
f 3166 3123 3167
f 3123 3124 3167
f 3167 3124 3168
f 3124 3125 3168
f 3168 3125 3169
f 3125 3126 3169
f 3169 3126 3170
f 3126 3127 3170
f 3170 3127 3171
f 3127 3128 3171
f 3171 3128 3172
f 3128 3129 3172
f 3172 3129 3173
f 3129 3174 3173
f 3129 3130 3174
f 3130 3175 3174
f 3130 3131 3175
f 3131 3176 3175
f 3131 3132 3176
f 3132 3177 3176
f 3132 3133 3177
f 3133 3178 3177
f 3133 3134 3178
f 3134 3179 3178
f 3134 3135 3179
f 3135 3180 3179
f 3135 3136 3180
f 3136 3181 3180
f 3136 3137 3181
f 3137 3182 3181
f 3137 3138 3182
f 3138 3183 3182
f 3138 3139 3183
f 3139 3184 3183
f 3139 3140 3184
f 3140 3141 3184
f 3140 3097 3141
f 3141 3142 3185
f 3185 3142 3186
f 3142 3143 3186
f 3186 3143 3187
f 3143 3144 3187
f 3187 3144 3188
f 3144 3145 3188
f 3188 3145 3189
f 3145 3146 3189
f 3189 3146 3190
f 3146 3147 3190
f 3190 3147 3191
f 3147 3148 3191
f 3191 3148 3192
f 3148 3149 3192
f 3192 3149 3193
f 3149 3150 3193
f 3193 3150 3194
f 3150 3151 3194
f 3194 3151 3195
f 3151 3152 3195
f 3195 3152 3196
f 3152 3153 3196
f 3196 3153 3197
f 3153 3198 3197
f 3153 3154 3198
f 3154 3199 3198
f 3154 3155 3199
f 3155 3200 3199
f 3155 3156 3200
f 3156 3201 3200
f 3156 3157 3201
f 3157 3202 3201
f 3157 3158 3202
f 3158 3203 3202
f 3158 3159 3203
f 3159 3204 3203
f 3159 3160 3204
f 3160 3205 3204
f 3160 3161 3205
f 3161 3206 3205
f 3161 3162 3206
f 3162 3207 3206
f 3162 3163 3207
f 3163 3164 3207
f 3207 3164 3208
f 3164 3165 3208
f 3208 3165 3209
f 3165 3166 3209
f 3209 3166 3210
f 3166 3167 3210
f 3210 3167 3211
f 3167 3168 3211
f 3211 3168 3212
f 3168 3169 3212
f 3212 3169 3213
f 3169 3170 3213
f 3213 3170 3214
f 3170 3171 3214
f 3214 3171 3215
f 3171 3172 3215
f 3215 3172 3216
f 3172 3173 3216
f 3216 3173 3217
f 3173 3218 3217
f 3173 3174 3218
f 3174 3219 3218
f 3174 3175 3219
f 3175 3220 3219
f 3175 3176 3220
f 3176 3221 3220
f 3176 3177 3221
f 3177 3222 3221
f 3177 3178 3222
f 3178 3223 3222
f 3178 3179 3223
f 3179 3224 3223
f 3179 3180 3224
f 3180 3225 3224
f 3180 3181 3225
f 3181 3226 3225
f 3181 3182 3226
f 3182 3227 3226
f 3182 3183 3227
f 3183 3228 3227
f 3183 3184 3228
f 3184 3185 3228
f 3184 3141 3185
f 3185 3186 3229
f 3229 3186 3230
f 3186 3187 3230
f 3230 3187 3231
f 3187 3188 3231
f 3231 3188 3232
f 3188 3189 3232
f 3232 3189 3233
f 3189 3190 3233
f 3233 3190 3234
f 3190 3191 3234
f 3234 3191 3235
f 3191 3192 3235
f 3235 3192 3236
f 3192 3193 3236
f 3236 3193 3237
f 3193 3194 3237
f 3237 3194 3238
f 3194 3195 3238
f 3238 3195 3239
f 3195 3196 3239
f 3239 3196 3240
f 3196 3197 3240
f 3240 3197 3241
f 3197 3242 3241
f 3197 3198 3242
f 3198 3243 3242
f 3198 3199 3243
f 3199 3244 3243
f 3199 3200 3244
f 3200 3245 3244
f 3200 3201 3245
f 3201 3246 3245
f 3201 3202 3246
f 3202 3247 3246
f 3202 3203 3247
f 3203 3248 3247
f 3203 3204 3248
f 3204 3249 3248
f 3204 3205 3249
f 3205 3250 3249
f 3205 3206 3250
f 3206 3251 3250
f 3206 3207 3251
f 3207 3208 3251
f 3251 3208 3252
f 3208 3209 3252
f 3252 3209 3253
f 3209 3210 3253
f 3253 3210 3254
f 3210 3211 3254
f 3254 3211 3255
f 3211 3212 3255
f 3255 3212 3256
f 3212 3213 3256
f 3256 3213 3257
f 3213 3214 3257
f 3257 3214 3258
f 3214 3215 3258
f 3258 3215 3259
f 3215 3216 3259
f 3259 3216 3260
f 3216 3217 3260
f 3260 3217 3261
f 3217 3262 3261
f 3217 3218 3262
f 3218 3263 3262
f 3218 3219 3263
f 3219 3264 3263
f 3219 3220 3264
f 3220 3265 3264
f 3220 3221 3265
f 3221 3266 3265
f 3221 3222 3266
f 3222 3267 3266
f 3222 3223 3267
f 3223 3268 3267
f 3223 3224 3268
f 3224 3269 3268
f 3224 3225 3269
f 3225 3270 3269
f 3225 3226 3270
f 3226 3271 3270
f 3226 3227 3271
f 3227 3272 3271
f 3227 3228 3272
f 3228 3229 3272
f 3228 3185 3229
f 3229 3230 3273
f 3273 3230 3274
f 3230 3231 3274
f 3274 3231 3275
f 3231 3232 3275
f 3275 3232 3276
f 3232 3233 3276
f 3276 3233 3277
f 3233 3234 3277
f 3277 3234 3278
f 3234 3235 3278
f 3278 3235 3279
f 3235 3236 3279
f 3279 3236 3280
f 3236 3237 3280
f 3280 3237 3281
f 3237 3238 3281
f 3281 3238 3282
f 3238 3239 3282
f 3282 3239 3283
f 3239 3240 3283
f 3283 3240 3284
f 3240 3241 3284
f 3284 3241 3285
f 3241 3286 3285
f 3241 3242 3286
f 3242 3287 3286
f 3242 3243 3287
f 3243 3288 3287
f 3243 3244 3288
f 3244 3289 3288
f 3244 3245 3289
f 3245 3290 3289
f 3245 3246 3290
f 3246 3291 3290
f 3246 3247 3291
f 3247 3292 3291
f 3247 3248 3292
f 3248 3293 3292
f 3248 3249 3293
f 3249 3294 3293
f 3249 3250 3294
f 3250 3295 3294
f 3250 3251 3295
f 3251 3252 3295
f 3295 3252 3296
f 3252 3253 3296
f 3296 3253 3297
f 3253 3254 3297
f 3297 3254 3298
f 3254 3255 3298
f 3298 3255 3299
f 3255 3256 3299
f 3299 3256 3300
f 3256 3257 3300
f 3300 3257 3301
f 3257 3258 3301
f 3301 3258 3302
f 3258 3259 3302
f 3302 3259 3303
f 3259 3260 3303
f 3303 3260 3304
f 3260 3261 3304
f 3304 3261 3305
f 3261 3306 3305
f 3261 3262 3306
f 3262 3307 3306
f 3262 3263 3307
f 3263 3308 3307
f 3263 3264 3308
f 3264 3309 3308
f 3264 3265 3309
f 3265 3310 3309
f 3265 3266 3310
f 3266 3311 3310
f 3266 3267 3311
f 3267 3312 3311
f 3267 3268 3312
f 3268 3313 3312
f 3268 3269 3313
f 3269 3314 3313
f 3269 3270 3314
f 3270 3315 3314
f 3270 3271 3315
f 3271 3316 3315
f 3271 3272 3316
f 3272 3273 3316
f 3272 3229 3273
f 3273 3274 3317
f 3317 3274 3318
f 3274 3275 3318
f 3318 3275 3319
f 3275 3276 3319
f 3319 3276 3320
f 3276 3277 3320
f 3320 3277 3321
f 3277 3278 3321
f 3321 3278 3322
f 3278 3279 3322
f 3322 3279 3323
f 3279 3280 3323
f 3323 3280 3324
f 3280 3281 3324
f 3324 3281 3325
f 3281 3282 3325
f 3325 3282 3326
f 3282 3283 3326
f 3326 3283 3327
f 3283 3284 3327
f 3327 3284 3328
f 3284 3285 3328
f 3328 3285 3329
f 3285 3330 3329
f 3285 3286 3330
f 3286 3331 3330
f 3286 3287 3331
f 3287 3332 3331
f 3287 3288 3332
f 3288 3333 3332
f 3288 3289 3333
f 3289 3334 3333
f 3289 3290 3334
f 3290 3335 3334
f 3290 3291 3335
f 3291 3336 3335
f 3291 3292 3336
f 3292 3337 3336
f 3292 3293 3337
f 3293 3338 3337
f 3293 3294 3338
f 3294 3339 3338
f 3294 3295 3339
f 3295 3296 3339
f 3339 3296 3340
f 3296 3297 3340
f 3340 3297 3341
f 3297 3298 3341
f 3341 3298 3342
f 3298 3299 3342
f 3342 3299 3343
f 3299 3300 3343
f 3343 3300 3344
f 3300 3301 3344
f 3344 3301 3345
f 3301 3302 3345
f 3345 3302 3346
f 3302 3303 3346
f 3346 3303 3347
f 3303 3304 3347
f 3347 3304 3348
f 3304 3305 3348
f 3348 3305 3349
f 3305 3350 3349
f 3305 3306 3350
f 3306 3351 3350
f 3306 3307 3351
f 3307 3352 3351
f 3307 3308 3352
f 3308 3353 3352
f 3308 3309 3353
f 3309 3354 3353
f 3309 3310 3354
f 3310 3355 3354
f 3310 3311 3355
f 3311 3356 3355
f 3311 3312 3356
f 3312 3357 3356
f 3312 3313 3357
f 3313 3358 3357
f 3313 3314 3358
f 3314 3359 3358
f 3314 3315 3359
f 3315 3360 3359
f 3315 3316 3360
f 3316 3317 3360
f 3316 3273 3317
f 3317 3318 3361
f 3361 3318 3362
f 3318 3319 3362
f 3362 3319 3363
f 3319 3320 3363
f 3363 3320 3364
f 3320 3321 3364
f 3364 3321 3365
f 3321 3322 3365
f 3365 3322 3366
f 3322 3323 3366
f 3366 3323 3367
f 3323 3324 3367
f 3367 3324 3368
f 3324 3325 3368
f 3368 3325 3369
f 3325 3326 3369
f 3369 3326 3370
f 3326 3327 3370
f 3370 3327 3371
f 3327 3328 3371
f 3371 3328 3372
f 3328 3329 3372
f 3372 3329 3373
f 3329 3374 3373
f 3329 3330 3374
f 3330 3375 3374
f 3330 3331 3375
f 3331 3376 3375
f 3331 3332 3376
f 3332 3377 3376
f 3332 3333 3377
f 3333 3378 3377
f 3333 3334 3378
f 3334 3379 3378
f 3334 3335 3379
f 3335 3380 3379
f 3335 3336 3380
f 3336 3381 3380
f 3336 3337 3381
f 3337 3382 3381
f 3337 3338 3382
f 3338 3383 3382
f 3338 3339 3383
f 3339 3340 3383
f 3383 3340 3384
f 3340 3341 3384
f 3384 3341 3385
f 3341 3342 3385
f 3385 3342 3386
f 3342 3343 3386
f 3386 3343 3387
f 3343 3344 3387
f 3387 3344 3388
f 3344 3345 3388
f 3388 3345 3389
f 3345 3346 3389
f 3389 3346 3390
f 3346 3347 3390
f 3390 3347 3391
f 3347 3348 3391
f 3391 3348 3392
f 3348 3349 3392
f 3392 3349 3393
f 3349 3394 3393
f 3349 3350 3394
f 3350 3395 3394
f 3350 3351 3395
f 3351 3396 3395
f 3351 3352 3396
f 3352 3397 3396
f 3352 3353 3397
f 3353 3398 3397
f 3353 3354 3398
f 3354 3399 3398
f 3354 3355 3399
f 3355 3400 3399
f 3355 3356 3400
f 3356 3401 3400
f 3356 3357 3401
f 3357 3402 3401
f 3357 3358 3402
f 3358 3403 3402
f 3358 3359 3403
f 3359 3404 3403
f 3359 3360 3404
f 3360 3361 3404
f 3360 3317 3361
f 3361 3362 3405
f 3405 3362 3406
f 3362 3363 3406
f 3406 3363 3407
f 3363 3364 3407
f 3407 3364 3408
f 3364 3365 3408
f 3408 3365 3409
f 3365 3366 3409
f 3409 3366 3410
f 3366 3367 3410
f 3410 3367 3411
f 3367 3368 3411
f 3411 3368 3412
f 3368 3369 3412
f 3412 3369 3413
f 3369 3370 3413
f 3413 3370 3414
f 3370 3371 3414
f 3414 3371 3415
f 3371 3372 3415
f 3415 3372 3416
f 3372 3373 3416
f 3416 3373 3417
f 3373 3418 3417
f 3373 3374 3418
f 3374 3419 3418
f 3374 3375 3419
f 3375 3420 3419
f 3375 3376 3420
f 3376 3421 3420
f 3376 3377 3421
f 3377 3422 3421
f 3377 3378 3422
f 3378 3423 3422
f 3378 3379 3423
f 3379 3424 3423
f 3379 3380 3424
f 3380 3425 3424
f 3380 3381 3425
f 3381 3426 3425
f 3381 3382 3426
f 3382 3427 3426
f 3382 3383 3427
f 3383 3384 3427
f 3427 3384 3428
f 3384 3385 3428
f 3428 3385 3429
f 3385 3386 3429
f 3429 3386 3430
f 3386 3387 3430
f 3430 3387 3431
f 3387 3388 3431
f 3431 3388 3432
f 3388 3389 3432
f 3432 3389 3433
f 3389 3390 3433
f 3433 3390 3434
f 3390 3391 3434
f 3434 3391 3435
f 3391 3392 3435
f 3435 3392 3436
f 3392 3393 3436
f 3436 3393 3437
f 3393 3438 3437
f 3393 3394 3438
f 3394 3439 3438
f 3394 3395 3439
f 3395 3440 3439
f 3395 3396 3440
f 3396 3441 3440
f 3396 3397 3441
f 3397 3442 3441
f 3397 3398 3442
f 3398 3443 3442
f 3398 3399 3443
f 3399 3444 3443
f 3399 3400 3444
f 3400 3445 3444
f 3400 3401 3445
f 3401 3446 3445
f 3401 3402 3446
f 3402 3447 3446
f 3402 3403 3447
f 3403 3448 3447
f 3403 3404 3448
f 3404 3405 3448
f 3404 3361 3405
f 3405 3406 3449
f 3449 3406 3450
f 3406 3407 3450
f 3450 3407 3451
f 3407 3408 3451
f 3451 3408 3452
f 3408 3409 3452
f 3452 3409 3453
f 3409 3410 3453
f 3453 3410 3454
f 3410 3411 3454
f 3454 3411 3455
f 3411 3412 3455
f 3455 3412 3456
f 3412 3413 3456
f 3456 3413 3457
f 3413 3414 3457
f 3457 3414 3458
f 3414 3415 3458
f 3458 3415 3459
f 3415 3416 3459
f 3459 3416 3460
f 3416 3417 3460
f 3460 3417 3461
f 3417 3462 3461
f 3417 3418 3462
f 3418 3463 3462
f 3418 3419 3463
f 3419 3464 3463
f 3419 3420 3464
f 3420 3465 3464
f 3420 3421 3465
f 3421 3466 3465
f 3421 3422 3466
f 3422 3467 3466
f 3422 3423 3467
f 3423 3468 3467
f 3423 3424 3468
f 3424 3469 3468
f 3424 3425 3469
f 3425 3470 3469
f 3425 3426 3470
f 3426 3471 3470
f 3426 3427 3471
f 3427 3428 3471
f 3471 3428 3472
f 3428 3429 3472
f 3472 3429 3473
f 3429 3430 3473
f 3473 3430 3474
f 3430 3431 3474
f 3474 3431 3475
f 3431 3432 3475
f 3475 3432 3476
f 3432 3433 3476
f 3476 3433 3477
f 3433 3434 3477
f 3477 3434 3478
f 3434 3435 3478
f 3478 3435 3479
f 3435 3436 3479
f 3479 3436 3480
f 3436 3437 3480
f 3480 3437 3481
f 3437 3482 3481
f 3437 3438 3482
f 3438 3483 3482
f 3438 3439 3483
f 3439 3484 3483
f 3439 3440 3484
f 3440 3485 3484
f 3440 3441 3485
f 3441 3486 3485
f 3441 3442 3486
f 3442 3487 3486
f 3442 3443 3487
f 3443 3488 3487
f 3443 3444 3488
f 3444 3489 3488
f 3444 3445 3489
f 3445 3490 3489
f 3445 3446 3490
f 3446 3491 3490
f 3446 3447 3491
f 3447 3492 3491
f 3447 3448 3492
f 3448 3449 3492
f 3448 3405 3449
f 3449 3450 3493
f 3493 3450 3494
f 3450 3451 3494
f 3494 3451 3495
f 3451 3452 3495
f 3495 3452 3496
f 3452 3453 3496
f 3496 3453 3497
f 3453 3454 3497
f 3497 3454 3498
f 3454 3455 3498
f 3498 3455 3499
f 3455 3456 3499
f 3499 3456 3500
f 3456 3457 3500
f 3500 3457 3501
f 3457 3458 3501
f 3501 3458 3502
f 3458 3459 3502
f 3502 3459 3503
f 3459 3460 3503
f 3503 3460 3504
f 3460 3461 3504
f 3504 3461 3505
f 3461 3506 3505
f 3461 3462 3506
f 3462 3507 3506
f 3462 3463 3507
f 3463 3508 3507
f 3463 3464 3508
f 3464 3509 3508
f 3464 3465 3509
f 3465 3510 3509
f 3465 3466 3510
f 3466 3511 3510
f 3466 3467 3511
f 3467 3512 3511
f 3467 3468 3512
f 3468 3513 3512
f 3468 3469 3513
f 3469 3514 3513
f 3469 3470 3514
f 3470 3515 3514
f 3470 3471 3515
f 3471 3472 3515
f 3515 3472 3516
f 3472 3473 3516
f 3516 3473 3517
f 3473 3474 3517
f 3517 3474 3518
f 3474 3475 3518
f 3518 3475 3519
f 3475 3476 3519
f 3519 3476 3520
f 3476 3477 3520
f 3520 3477 3521
f 3477 3478 3521
f 3521 3478 3522
f 3478 3479 3522
f 3522 3479 3523
f 3479 3480 3523
f 3523 3480 3524
f 3480 3481 3524
f 3524 3481 3525
f 3481 3526 3525
f 3481 3482 3526
f 3482 3527 3526
f 3482 3483 3527
f 3483 3528 3527
f 3483 3484 3528
f 3484 3529 3528
f 3484 3485 3529
f 3485 3530 3529
f 3485 3486 3530
f 3486 3531 3530
f 3486 3487 3531
f 3487 3532 3531
f 3487 3488 3532
f 3488 3533 3532
f 3488 3489 3533
f 3489 3534 3533
f 3489 3490 3534
f 3490 3535 3534
f 3490 3491 3535
f 3491 3536 3535
f 3491 3492 3536
f 3492 3493 3536
f 3492 3449 3493
f 3493 3494 3537
f 3537 3494 3538
f 3494 3495 3538
f 3538 3495 3539
f 3495 3496 3539
f 3539 3496 3540
f 3496 3497 3540
f 3540 3497 3541
f 3497 3498 3541
f 3541 3498 3542
f 3498 3499 3542
f 3542 3499 3543
f 3499 3500 3543
f 3543 3500 3544
f 3500 3501 3544
f 3544 3501 3545
f 3501 3502 3545
f 3545 3502 3546
f 3502 3503 3546
f 3546 3503 3547
f 3503 3504 3547
f 3547 3504 3548
f 3504 3505 3548
f 3548 3505 3549
f 3505 3550 3549
f 3505 3506 3550
f 3506 3551 3550
f 3506 3507 3551
f 3507 3552 3551
f 3507 3508 3552
f 3508 3553 3552
f 3508 3509 3553
f 3509 3554 3553
f 3509 3510 3554
f 3510 3555 3554
f 3510 3511 3555
f 3511 3556 3555
f 3511 3512 3556
f 3512 3557 3556
f 3512 3513 3557
f 3513 3558 3557
f 3513 3514 3558
f 3514 3559 3558
f 3514 3515 3559
f 3515 3516 3559
f 3559 3516 3560
f 3516 3517 3560
f 3560 3517 3561
f 3517 3518 3561
f 3561 3518 3562
f 3518 3519 3562
f 3562 3519 3563
f 3519 3520 3563
f 3563 3520 3564
f 3520 3521 3564
f 3564 3521 3565
f 3521 3522 3565
f 3565 3522 3566
f 3522 3523 3566
f 3566 3523 3567
f 3523 3524 3567
f 3567 3524 3568
f 3524 3525 3568
f 3568 3525 3569
f 3525 3570 3569
f 3525 3526 3570
f 3526 3571 3570
f 3526 3527 3571
f 3527 3572 3571
f 3527 3528 3572
f 3528 3573 3572
f 3528 3529 3573
f 3529 3574 3573
f 3529 3530 3574
f 3530 3575 3574
f 3530 3531 3575
f 3531 3576 3575
f 3531 3532 3576
f 3532 3577 3576
f 3532 3533 3577
f 3533 3578 3577
f 3533 3534 3578
f 3534 3579 3578
f 3534 3535 3579
f 3535 3580 3579
f 3535 3536 3580
f 3536 3537 3580
f 3536 3493 3537
f 3537 3538 3581
f 3581 3538 3582
f 3538 3539 3582
f 3582 3539 3583
f 3539 3540 3583
f 3583 3540 3584
f 3540 3541 3584
f 3584 3541 3585
f 3541 3542 3585
f 3585 3542 3586
f 3542 3543 3586
f 3586 3543 3587
f 3543 3544 3587
f 3587 3544 3588
f 3544 3545 3588
f 3588 3545 3589
f 3545 3546 3589
f 3589 3546 3590
f 3546 3547 3590
f 3590 3547 3591
f 3547 3548 3591
f 3591 3548 3592
f 3548 3549 3592
f 3592 3549 3593
f 3549 3594 3593
f 3549 3550 3594
f 3550 3595 3594
f 3550 3551 3595
f 3551 3596 3595
f 3551 3552 3596
f 3552 3597 3596
f 3552 3553 3597
f 3553 3598 3597
f 3553 3554 3598
f 3554 3599 3598
f 3554 3555 3599
f 3555 3600 3599
f 3555 3556 3600
f 3556 3601 3600
f 3556 3557 3601
f 3557 3602 3601
f 3557 3558 3602
f 3558 3603 3602
f 3558 3559 3603
f 3559 3560 3603
f 3603 3560 3604
f 3560 3561 3604
f 3604 3561 3605
f 3561 3562 3605
f 3605 3562 3606
f 3562 3563 3606
f 3606 3563 3607
f 3563 3564 3607
f 3607 3564 3608
f 3564 3565 3608
f 3608 3565 3609
f 3565 3566 3609
f 3609 3566 3610
f 3566 3567 3610
f 3610 3567 3611
f 3567 3568 3611
f 3611 3568 3612
f 3568 3569 3612
f 3612 3569 3613
f 3569 3614 3613
f 3569 3570 3614
f 3570 3615 3614
f 3570 3571 3615
f 3571 3616 3615
f 3571 3572 3616
f 3572 3617 3616
f 3572 3573 3617
f 3573 3618 3617
f 3573 3574 3618
f 3574 3619 3618
f 3574 3575 3619
f 3575 3620 3619
f 3575 3576 3620
f 3576 3621 3620
f 3576 3577 3621
f 3577 3622 3621
f 3577 3578 3622
f 3578 3623 3622
f 3578 3579 3623
f 3579 3624 3623
f 3579 3580 3624
f 3580 3581 3624
f 3580 3537 3581
f 3581 3582 3625
f 3625 3582 3626
f 3582 3583 3626
f 3626 3583 3627
f 3583 3584 3627
f 3627 3584 3628
f 3584 3585 3628
f 3628 3585 3629
f 3585 3586 3629
f 3629 3586 3630
f 3586 3587 3630
f 3630 3587 3631
f 3587 3588 3631
f 3631 3588 3632
f 3588 3589 3632
f 3632 3589 3633
f 3589 3590 3633
f 3633 3590 3634
f 3590 3591 3634
f 3634 3591 3635
f 3591 3592 3635
f 3635 3592 3636
f 3592 3593 3636
f 3636 3593 3637
f 3593 3638 3637
f 3593 3594 3638
f 3594 3639 3638
f 3594 3595 3639
f 3595 3640 3639
f 3595 3596 3640
f 3596 3641 3640
f 3596 3597 3641
f 3597 3642 3641
f 3597 3598 3642
f 3598 3643 3642
f 3598 3599 3643
f 3599 3644 3643
f 3599 3600 3644
f 3600 3645 3644
f 3600 3601 3645
f 3601 3646 3645
f 3601 3602 3646
f 3602 3647 3646
f 3602 3603 3647
f 3603 3604 3647
f 3647 3604 3648
f 3604 3605 3648
f 3648 3605 3649
f 3605 3606 3649
f 3649 3606 3650
f 3606 3607 3650
f 3650 3607 3651
f 3607 3608 3651
f 3651 3608 3652
f 3608 3609 3652
f 3652 3609 3653
f 3609 3610 3653
f 3653 3610 3654
f 3610 3611 3654
f 3654 3611 3655
f 3611 3612 3655
f 3655 3612 3656
f 3612 3613 3656
f 3656 3613 3657
f 3613 3658 3657
f 3613 3614 3658
f 3614 3659 3658
f 3614 3615 3659
f 3615 3660 3659
f 3615 3616 3660
f 3616 3661 3660
f 3616 3617 3661
f 3617 3662 3661
f 3617 3618 3662
f 3618 3663 3662
f 3618 3619 3663
f 3619 3664 3663
f 3619 3620 3664
f 3620 3665 3664
f 3620 3621 3665
f 3621 3666 3665
f 3621 3622 3666
f 3622 3667 3666
f 3622 3623 3667
f 3623 3668 3667
f 3623 3624 3668
f 3624 3625 3668
f 3624 3581 3625
f 3625 3626 3669
f 3669 3626 3670
f 3626 3627 3670
f 3670 3627 3671
f 3627 3628 3671
f 3671 3628 3672
f 3628 3629 3672
f 3672 3629 3673
f 3629 3630 3673
f 3673 3630 3674
f 3630 3631 3674
f 3674 3631 3675
f 3631 3632 3675
f 3675 3632 3676
f 3632 3633 3676
f 3676 3633 3677
f 3633 3634 3677
f 3677 3634 3678
f 3634 3635 3678
f 3678 3635 3679
f 3635 3636 3679
f 3679 3636 3680
f 3636 3637 3680
f 3680 3637 3681
f 3637 3682 3681
f 3637 3638 3682
f 3638 3683 3682
f 3638 3639 3683
f 3639 3684 3683
f 3639 3640 3684
f 3640 3685 3684
f 3640 3641 3685
f 3641 3686 3685
f 3641 3642 3686
f 3642 3687 3686
f 3642 3643 3687
f 3643 3688 3687
f 3643 3644 3688
f 3644 3689 3688
f 3644 3645 3689
f 3645 3690 3689
f 3645 3646 3690
f 3646 3691 3690
f 3646 3647 3691
f 3647 3648 3691
f 3691 3648 3692
f 3648 3649 3692
f 3692 3649 3693
f 3649 3650 3693
f 3693 3650 3694
f 3650 3651 3694
f 3694 3651 3695
f 3651 3652 3695
f 3695 3652 3696
f 3652 3653 3696
f 3696 3653 3697
f 3653 3654 3697
f 3697 3654 3698
f 3654 3655 3698
f 3698 3655 3699
f 3655 3656 3699
f 3699 3656 3700
f 3656 3657 3700
f 3700 3657 3701
f 3657 3702 3701
f 3657 3658 3702
f 3658 3703 3702
f 3658 3659 3703
f 3659 3704 3703
f 3659 3660 3704
f 3660 3705 3704
f 3660 3661 3705
f 3661 3706 3705
f 3661 3662 3706
f 3662 3707 3706
f 3662 3663 3707
f 3663 3708 3707
f 3663 3664 3708
f 3664 3709 3708
f 3664 3665 3709
f 3665 3710 3709
f 3665 3666 3710
f 3666 3711 3710
f 3666 3667 3711
f 3667 3712 3711
f 3667 3668 3712
f 3668 3669 3712
f 3668 3625 3669
f 3669 3670 3713
f 3713 3670 3714
f 3670 3671 3714
f 3714 3671 3715
f 3671 3672 3715
f 3715 3672 3716
f 3672 3673 3716
f 3716 3673 3717
f 3673 3674 3717
f 3717 3674 3718
f 3674 3675 3718
f 3718 3675 3719
f 3675 3676 3719
f 3719 3676 3720
f 3676 3677 3720
f 3720 3677 3721
f 3677 3678 3721
f 3721 3678 3722
f 3678 3679 3722
f 3722 3679 3723
f 3679 3680 3723
f 3723 3680 3724
f 3680 3681 3724
f 3724 3681 3725
f 3681 3726 3725
f 3681 3682 3726
f 3682 3727 3726
f 3682 3683 3727
f 3683 3728 3727
f 3683 3684 3728
f 3684 3729 3728
f 3684 3685 3729
f 3685 3730 3729
f 3685 3686 3730
f 3686 3731 3730
f 3686 3687 3731
f 3687 3732 3731
f 3687 3688 3732
f 3688 3733 3732
f 3688 3689 3733
f 3689 3734 3733
f 3689 3690 3734
f 3690 3735 3734
f 3690 3691 3735
f 3691 3692 3735
f 3735 3692 3736
f 3692 3693 3736
f 3736 3693 3737
f 3693 3694 3737
f 3737 3694 3738
f 3694 3695 3738
f 3738 3695 3739
f 3695 3696 3739
f 3739 3696 3740
f 3696 3697 3740
f 3740 3697 3741
f 3697 3698 3741
f 3741 3698 3742
f 3698 3699 3742
f 3742 3699 3743
f 3699 3700 3743
f 3743 3700 3744
f 3700 3701 3744
f 3744 3701 3745
f 3701 3746 3745
f 3701 3702 3746
f 3702 3747 3746
f 3702 3703 3747
f 3703 3748 3747
f 3703 3704 3748
f 3704 3749 3748
f 3704 3705 3749
f 3705 3750 3749
f 3705 3706 3750
f 3706 3751 3750
f 3706 3707 3751
f 3707 3752 3751
f 3707 3708 3752
f 3708 3753 3752
f 3708 3709 3753
f 3709 3754 3753
f 3709 3710 3754
f 3710 3755 3754
f 3710 3711 3755
f 3711 3756 3755
f 3711 3712 3756
f 3712 3713 3756
f 3712 3669 3713
f 3713 3714 3757
f 3757 3714 3758
f 3714 3715 3758
f 3758 3715 3759
f 3715 3716 3759
f 3759 3716 3760
f 3716 3717 3760
f 3760 3717 3761
f 3717 3718 3761
f 3761 3718 3762
f 3718 3719 3762
f 3762 3719 3763
f 3719 3720 3763
f 3763 3720 3764
f 3720 3721 3764
f 3764 3721 3765
f 3721 3722 3765
f 3765 3722 3766
f 3722 3723 3766
f 3766 3723 3767
f 3723 3724 3767
f 3767 3724 3768
f 3724 3725 3768
f 3768 3725 3769
f 3725 3770 3769
f 3725 3726 3770
f 3726 3771 3770
f 3726 3727 3771
f 3727 3772 3771
f 3727 3728 3772
f 3728 3773 3772
f 3728 3729 3773
f 3729 3774 3773
f 3729 3730 3774
f 3730 3775 3774
f 3730 3731 3775
f 3731 3776 3775
f 3731 3732 3776
f 3732 3777 3776
f 3732 3733 3777
f 3733 3778 3777
f 3733 3734 3778
f 3734 3779 3778
f 3734 3735 3779
f 3735 3736 3779
f 3779 3736 3780
f 3736 3737 3780
f 3780 3737 3781
f 3737 3738 3781
f 3781 3738 3782
f 3738 3739 3782
f 3782 3739 3783
f 3739 3740 3783
f 3783 3740 3784
f 3740 3741 3784
f 3784 3741 3785
f 3741 3742 3785
f 3785 3742 3786
f 3742 3743 3786
f 3786 3743 3787
f 3743 3744 3787
f 3787 3744 3788
f 3744 3745 3788
f 3788 3745 3789
f 3745 3790 3789
f 3745 3746 3790
f 3746 3791 3790
f 3746 3747 3791
f 3747 3792 3791
f 3747 3748 3792
f 3748 3793 3792
f 3748 3749 3793
f 3749 3794 3793
f 3749 3750 3794
f 3750 3795 3794
f 3750 3751 3795
f 3751 3796 3795
f 3751 3752 3796
f 3752 3797 3796
f 3752 3753 3797
f 3753 3798 3797
f 3753 3754 3798
f 3754 3799 3798
f 3754 3755 3799
f 3755 3800 3799
f 3755 3756 3800
f 3756 3757 3800
f 3756 3713 3757
f 3757 3801 3802
f 3757 3758 3801
f 3758 3803 3801
f 3758 3759 3803
f 3759 3804 3803
f 3759 3760 3804
f 3760 3805 3804
f 3760 3761 3805
f 3761 3806 3805
f 3761 3762 3806
f 3762 3807 3806
f 3762 3763 3807
f 3763 3808 3807
f 3763 3764 3808
f 3764 3809 3808
f 3764 3765 3809
f 3765 3810 3809
f 3765 3766 3810
f 3766 3811 3810
f 3766 3767 3811
f 3767 3812 3811
f 3767 3768 3812
f 3768 3813 3812
f 3768 3769 3813
f 3769 3770 3813
f 3813 3770 3814
f 3770 3771 3814
f 3814 3771 3815
f 3771 3772 3815
f 3815 3772 3816
f 3772 3773 3816
f 3816 3773 3817
f 3773 3774 3817
f 3817 3774 3818
f 3774 3775 3818
f 3818 3775 3819
f 3775 3776 3819
f 3819 3776 3820
f 3776 3777 3820
f 3820 3777 3821
f 3777 3778 3821
f 3821 3778 3822
f 3778 3779 3822
f 3822 3779 3823
f 3779 3824 3823
f 3779 3780 3824
f 3780 3825 3824
f 3780 3781 3825
f 3781 3826 3825
f 3781 3782 3826
f 3782 3827 3826
f 3782 3783 3827
f 3783 3828 3827
f 3783 3784 3828
f 3784 3829 3828
f 3784 3785 3829
f 3785 3830 3829
f 3785 3786 3830
f 3786 3831 3830
f 3786 3787 3831
f 3787 3832 3831
f 3787 3788 3832
f 3788 3833 3832
f 3788 3789 3833
f 3789 3790 3833
f 3833 3790 3834
f 3790 3791 3834
f 3834 3791 3835
f 3791 3792 3835
f 3835 3792 3836
f 3792 3793 3836
f 3836 3793 3837
f 3793 3794 3837
f 3837 3794 3838
f 3794 3795 3838
f 3838 3795 3839
f 3795 3796 3839
f 3839 3796 3840
f 3796 3797 3840
f 3840 3797 3841
f 3797 3798 3841
f 3841 3798 3842
f 3798 3799 3842
f 3842 3799 3843
f 3799 3800 3843
f 3843 3800 3844
f 3800 3757 3844
f 3844 3757 3802
f 3802 3845 3846
f 3802 3801 3845
f 3801 3847 3845
f 3801 3803 3847
f 3803 3848 3847
f 3803 3804 3848
f 3804 3849 3848
f 3804 3805 3849
f 3805 3850 3849
f 3805 3806 3850
f 3806 3851 3850
f 3806 3807 3851
f 3807 3852 3851
f 3807 3808 3852
f 3808 3853 3852
f 3808 3809 3853
f 3809 3854 3853
f 3809 3810 3854
f 3810 3855 3854
f 3810 3811 3855
f 3811 3856 3855
f 3811 3812 3856
f 3812 3857 3856
f 3812 3813 3857
f 3813 3814 3857
f 3857 3814 3858
f 3814 3815 3858
f 3858 3815 3859
f 3815 3816 3859
f 3859 3816 3860
f 3816 3817 3860
f 3860 3817 3861
f 3817 3818 3861
f 3861 3818 3862
f 3818 3819 3862
f 3862 3819 3863
f 3819 3820 3863
f 3863 3820 3864
f 3820 3821 3864
f 3864 3821 3865
f 3821 3822 3865
f 3865 3822 3866
f 3822 3823 3866
f 3866 3823 3867
f 3823 3868 3867
f 3823 3824 3868
f 3824 3869 3868
f 3824 3825 3869
f 3825 3870 3869
f 3825 3826 3870
f 3826 3871 3870
f 3826 3827 3871
f 3827 3872 3871
f 3827 3828 3872
f 3828 3873 3872
f 3828 3829 3873
f 3829 3874 3873
f 3829 3830 3874
f 3830 3875 3874
f 3830 3831 3875
f 3831 3876 3875
f 3831 3832 3876
f 3832 3877 3876
f 3832 3833 3877
f 3833 3834 3877
f 3877 3834 3878
f 3834 3835 3878
f 3878 3835 3879
f 3835 3836 3879
f 3879 3836 3880
f 3836 3837 3880
f 3880 3837 3881
f 3837 3838 3881
f 3881 3838 3882
f 3838 3839 3882
f 3882 3839 3883
f 3839 3840 3883
f 3883 3840 3884
f 3840 3841 3884
f 3884 3841 3885
f 3841 3842 3885
f 3885 3842 3886
f 3842 3843 3886
f 3886 3843 3887
f 3843 3844 3887
f 3887 3844 3888
f 3844 3802 3888
f 3888 3802 3846
f 3846 3889 3890
f 3846 3845 3889
f 3845 3891 3889
f 3845 3847 3891
f 3847 3892 3891
f 3847 3848 3892
f 3848 3893 3892
f 3848 3849 3893
f 3849 3894 3893
f 3849 3850 3894
f 3850 3895 3894
f 3850 3851 3895
f 3851 3896 3895
f 3851 3852 3896
f 3852 3897 3896
f 3852 3853 3897
f 3853 3898 3897
f 3853 3854 3898
f 3854 3899 3898
f 3854 3855 3899
f 3855 3900 3899
f 3855 3856 3900
f 3856 3901 3900
f 3856 3857 3901
f 3857 3858 3901
f 3901 3858 3902
f 3858 3859 3902
f 3902 3859 3903
f 3859 3860 3903
f 3903 3860 3904
f 3860 3861 3904
f 3904 3861 3905
f 3861 3862 3905
f 3905 3862 3906
f 3862 3863 3906
f 3906 3863 3907
f 3863 3864 3907
f 3907 3864 3908
f 3864 3865 3908
f 3908 3865 3909
f 3865 3866 3909
f 3909 3866 3910
f 3866 3867 3910
f 3910 3867 3911
f 3867 3912 3911
f 3867 3868 3912
f 3868 3913 3912
f 3868 3869 3913
f 3869 3914 3913
f 3869 3870 3914
f 3870 3915 3914
f 3870 3871 3915
f 3871 3916 3915
f 3871 3872 3916
f 3872 3917 3916
f 3872 3873 3917
f 3873 3918 3917
f 3873 3874 3918
f 3874 3919 3918
f 3874 3875 3919
f 3875 3920 3919
f 3875 3876 3920
f 3876 3921 3920
f 3876 3877 3921
f 3877 3878 3921
f 3921 3878 3922
f 3878 3879 3922
f 3922 3879 3923
f 3879 3880 3923
f 3923 3880 3924
f 3880 3881 3924
f 3924 3881 3925
f 3881 3882 3925
f 3925 3882 3926
f 3882 3883 3926
f 3926 3883 3927
f 3883 3884 3927
f 3927 3884 3928
f 3884 3885 3928
f 3928 3885 3929
f 3885 3886 3929
f 3929 3886 3930
f 3886 3887 3930
f 3930 3887 3931
f 3887 3888 3931
f 3931 3888 3932
f 3888 3846 3932
f 3932 3846 3890
f 3890 3933 3934
f 3890 3889 3933
f 3889 3935 3933
f 3889 3891 3935
f 3891 3936 3935
f 3891 3892 3936
f 3892 3937 3936
f 3892 3893 3937
f 3893 3938 3937
f 3893 3894 3938
f 3894 3939 3938
f 3894 3895 3939
f 3895 3940 3939
f 3895 3896 3940
f 3896 3941 3940
f 3896 3897 3941
f 3897 3942 3941
f 3897 3898 3942
f 3898 3943 3942
f 3898 3899 3943
f 3899 3944 3943
f 3899 3900 3944
f 3900 3945 3944
f 3900 3901 3945
f 3901 3902 3945
f 3945 3902 3946
f 3902 3903 3946
f 3946 3903 3947
f 3903 3904 3947
f 3947 3904 3948
f 3904 3905 3948
f 3948 3905 3949
f 3905 3906 3949
f 3949 3906 3950
f 3906 3907 3950
f 3950 3907 3951
f 3907 3908 3951
f 3951 3908 3952
f 3908 3909 3952
f 3952 3909 3953
f 3909 3910 3953
f 3953 3910 3954
f 3910 3911 3954
f 3954 3911 3955
f 3911 3956 3955
f 3911 3912 3956
f 3912 3957 3956
f 3912 3913 3957
f 3913 3958 3957
f 3913 3914 3958
f 3914 3959 3958
f 3914 3915 3959
f 3915 3960 3959
f 3915 3916 3960
f 3916 3961 3960
f 3916 3917 3961
f 3917 3962 3961
f 3917 3918 3962
f 3918 3963 3962
f 3918 3919 3963
f 3919 3964 3963
f 3919 3920 3964
f 3920 3965 3964
f 3920 3921 3965
f 3921 3922 3965
f 3965 3922 3966
f 3922 3923 3966
f 3966 3923 3967
f 3923 3924 3967
f 3967 3924 3968
f 3924 3925 3968
f 3968 3925 3969
f 3925 3926 3969
f 3969 3926 3970
f 3926 3927 3970
f 3970 3927 3971
f 3927 3928 3971
f 3971 3928 3972
f 3928 3929 3972
f 3972 3929 3973
f 3929 3930 3973
f 3973 3930 3974
f 3930 3931 3974
f 3974 3931 3975
f 3931 3932 3975
f 3975 3932 3976
f 3932 3890 3976
f 3976 3890 3934
f 3934 3977 3978
f 3934 3933 3977
f 3933 3979 3977
f 3933 3935 3979
f 3935 3980 3979
f 3935 3936 3980
f 3936 3981 3980
f 3936 3937 3981
f 3937 3982 3981
f 3937 3938 3982
f 3938 3983 3982
f 3938 3939 3983
f 3939 3984 3983
f 3939 3940 3984
f 3940 3985 3984
f 3940 3941 3985
f 3941 3986 3985
f 3941 3942 3986
f 3942 3987 3986
f 3942 3943 3987
f 3943 3988 3987
f 3943 3944 3988
f 3944 3989 3988
f 3944 3945 3989
f 3945 3946 3989
f 3989 3946 3990
f 3946 3947 3990
f 3990 3947 3991
f 3947 3948 3991
f 3991 3948 3992
f 3948 3949 3992
f 3992 3949 3993
f 3949 3950 3993
f 3993 3950 3994
f 3950 3951 3994
f 3994 3951 3995
f 3951 3952 3995
f 3995 3952 3996
f 3952 3953 3996
f 3996 3953 3997
f 3953 3954 3997
f 3997 3954 3998
f 3954 3955 3998
f 3998 3955 3999
f 3955 4000 3999
f 3955 3956 4000
f 3956 4001 4000
f 3956 3957 4001
f 3957 4002 4001
f 3957 3958 4002
f 3958 4003 4002
f 3958 3959 4003
f 3959 4004 4003
f 3959 3960 4004
f 3960 4005 4004
f 3960 3961 4005
f 3961 4006 4005
f 3961 3962 4006
f 3962 4007 4006
f 3962 3963 4007
f 3963 4008 4007
f 3963 3964 4008
f 3964 4009 4008
f 3964 3965 4009
f 3965 3966 4009
f 4009 3966 4010
f 3966 3967 4010
f 4010 3967 4011
f 3967 3968 4011
f 4011 3968 4012
f 3968 3969 4012
f 4012 3969 4013
f 3969 3970 4013
f 4013 3970 4014
f 3970 3971 4014
f 4014 3971 4015
f 3971 3972 4015
f 4015 3972 4016
f 3972 3973 4016
f 4016 3973 4017
f 3973 3974 4017
f 4017 3974 4018
f 3974 3975 4018
f 4018 3975 4019
f 3975 3976 4019
f 4019 3976 4020
f 3976 3934 4020
f 4020 3934 3978
f 3978 4021 4022
f 3978 3977 4021
f 3977 4023 4021
f 3977 3979 4023
f 3979 4024 4023
f 3979 3980 4024
f 3980 4025 4024
f 3980 3981 4025
f 3981 4026 4025
f 3981 3982 4026
f 3982 4027 4026
f 3982 3983 4027
f 3983 4028 4027
f 3983 3984 4028
f 3984 4029 4028
f 3984 3985 4029
f 3985 4030 4029
f 3985 3986 4030
f 3986 4031 4030
f 3986 3987 4031
f 3987 4032 4031
f 3987 3988 4032
f 3988 4033 4032
f 3988 3989 4033
f 3989 3990 4033
f 4033 3990 4034
f 3990 3991 4034
f 4034 3991 4035
f 3991 3992 4035
f 4035 3992 4036
f 3992 3993 4036
f 4036 3993 4037
f 3993 3994 4037
f 4037 3994 4038
f 3994 3995 4038
f 4038 3995 4039
f 3995 3996 4039
f 4039 3996 4040
f 3996 3997 4040
f 4040 3997 4041
f 3997 3998 4041
f 4041 3998 4042
f 3998 3999 4042
f 4042 3999 4043
f 3999 4044 4043
f 3999 4000 4044
f 4000 4045 4044
f 4000 4001 4045
f 4001 4046 4045
f 4001 4002 4046
f 4002 4047 4046
f 4002 4003 4047
f 4003 4048 4047
f 4003 4004 4048
f 4004 4049 4048
f 4004 4005 4049
f 4005 4050 4049
f 4005 4006 4050
f 4006 4051 4050
f 4006 4007 4051
f 4007 4052 4051
f 4007 4008 4052
f 4008 4053 4052
f 4008 4009 4053
f 4009 4010 4053
f 4053 4010 4054
f 4010 4011 4054
f 4054 4011 4055
f 4011 4012 4055
f 4055 4012 4056
f 4012 4013 4056
f 4056 4013 4057
f 4013 4014 4057
f 4057 4014 4058
f 4014 4015 4058
f 4058 4015 4059
f 4015 4016 4059
f 4059 4016 4060
f 4016 4017 4060
f 4060 4017 4061
f 4017 4018 4061
f 4061 4018 4062
f 4018 4019 4062
f 4062 4019 4063
f 4019 4020 4063
f 4063 4020 4064
f 4020 3978 4064
f 4064 3978 4022
f 4022 4021 4065
f 4023 4066 4021
f 4023 4024 4066
f 4024 4067 4066
f 4024 4025 4067
f 4025 4068 4067
f 4025 4026 4068
f 4026 4069 4068
f 4026 4027 4069
f 4027 4070 4069
f 4027 4028 4070
f 4028 4071 4070
f 4028 4029 4071
f 4029 4072 4071
f 4029 4030 4072
f 4030 4073 4072
f 4030 4031 4073
f 4031 4074 4073
f 4031 4032 4074
f 4032 4075 4074
f 4032 4033 4075
f 4033 4034 4075
f 4075 4034 4076
f 4034 4035 4076
f 4076 4035 4077
f 4035 4036 4077
f 4077 4036 4078
f 4036 4037 4078
f 4078 4037 4079
f 4037 4038 4079
f 4079 4038 4080
f 4038 4039 4080
f 4080 4039 4081
f 4039 4040 4081
f 4081 4040 4082
f 4040 4041 4082
f 4082 4041 4083
f 4041 4042 4083
f 4083 4042 4084
f 4042 4043 4084
f 4043 4044 4085
f 4044 4086 4085
f 4044 4045 4086
f 4045 4087 4086
f 4045 4046 4087
f 4046 4088 4087
f 4046 4047 4088
f 4047 4089 4088
f 4047 4048 4089
f 4048 4090 4089
f 4048 4049 4090
f 4049 4091 4090
f 4049 4050 4091
f 4050 4092 4091
f 4050 4051 4092
f 4051 4093 4092
f 4051 4052 4093
f 4052 4094 4093
f 4052 4053 4094
f 4053 4054 4094
f 4094 4054 4095
f 4054 4055 4095
f 4095 4055 4096
f 4055 4056 4096
f 4096 4056 4097
f 4056 4057 4097
f 4097 4057 4098
f 4057 4058 4098
f 4098 4058 4099
f 4058 4059 4099
f 4099 4059 4100
f 4059 4060 4100
f 4100 4060 4101
f 4060 4061 4101
f 4101 4061 4102
f 4061 4062 4102
f 4102 4062 4103
f 4062 4063 4103
f 4103 4063 4064
f 4064 4022 4104
f 4065 4021 4022
f 4021 4105 4022
f 4021 4066 4105
f 4066 4106 4105
f 4066 4067 4106
f 4067 4107 4106
f 4067 4068 4107
f 4068 4108 4107
f 4068 4069 4108
f 4069 4109 4108
f 4069 4070 4109
f 4070 4110 4109
f 4070 4071 4110
f 4071 4111 4110
f 4071 4072 4111
f 4072 4112 4111
f 4072 4073 4112
f 4073 4113 4112
f 4073 4074 4113
f 4074 4114 4113
f 4074 4075 4114
f 4075 4076 4114
f 4114 4076 4115
f 4076 4077 4115
f 4115 4077 4116
f 4077 4078 4116
f 4116 4078 4117
f 4078 4079 4117
f 4117 4079 4118
f 4079 4080 4118
f 4118 4080 4119
f 4080 4081 4119
f 4119 4081 4120
f 4081 4082 4120
f 4120 4082 4121
f 4082 4083 4121
f 4121 4083 4122
f 4083 4084 4122
f 4122 4084 4123
f 4084 4043 4123
f 4043 4085 4123
f 4085 4122 4123
f 4085 4086 4122
f 4086 4121 4122
f 4086 4087 4121
f 4087 4120 4121
f 4087 4088 4120
f 4088 4119 4120
f 4088 4089 4119
f 4089 4118 4119
f 4089 4090 4118
f 4090 4117 4118
f 4090 4091 4117
f 4091 4116 4117
f 4091 4092 4116
f 4092 4115 4116
f 4092 4093 4115
f 4093 4114 4115
f 4093 4094 4114
f 4094 4095 4114
f 4114 4095 4113
f 4095 4096 4113
f 4113 4096 4112
f 4096 4097 4112
f 4112 4097 4111
f 4097 4098 4111
f 4111 4098 4110
f 4098 4099 4110
f 4110 4099 4109
f 4099 4100 4109
f 4109 4100 4108
f 4100 4101 4108
f 4108 4101 4107
f 4101 4102 4107
f 4107 4102 4106
f 4102 4103 4106
f 4106 4103 4105
f 4103 4064 4105
f 4105 4064 4022
f 4064 4104 4022
f 2173 4124 2174
f 4124 4125 2174
f 2174 4125 2177
f 4125 4126 2177
f 2177 4126 2179
f 4126 4127 2179
f 2179 4127 2181
f 4127 4128 2181
f 2181 4128 2183
f 4128 4129 2183
f 2183 4129 2185
f 4129 4130 2185
f 2185 4130 2187
f 4130 4131 2187
f 2187 4131 2189
f 4131 4132 2189
f 2189 4132 2191
f 4132 4133 2191
f 2191 4133 2193
f 4133 4134 2193
f 2193 4134 2195
f 4134 4135 2195
f 2195 4135 2197
f 4135 4136 2197
f 2197 4136 4137
f 2197 4137 2200
f 2200 4137 4138
f 2200 4138 2202
f 2202 4138 4139
f 2202 4139 2204
f 2204 4139 4140
f 2204 4140 2206
f 2206 4140 4141
f 2206 4141 2208
f 2208 4141 4142
f 2208 4142 2210
f 2210 4142 4143
f 2210 4143 2212
f 2212 4143 4144
f 2212 4144 2214
f 2214 4144 4145
f 2214 4145 2216
f 2216 4145 4146
f 2216 4146 2218
f 2218 4146 2219
f 4146 4147 2219
f 2219 4147 2221
f 4147 4148 2221
f 2221 4148 2223
f 4148 4149 2223
f 2223 4149 2225
f 4149 4150 2225
f 2225 4150 2227
f 4150 4151 2227
f 2227 4151 2229
f 4151 4152 2229
f 2229 4152 2231
f 4152 4153 2231
f 2231 4153 2233
f 4153 4154 2233
f 2233 4154 2235
f 4154 4155 2235
f 2235 4155 2237
f 4155 4156 2237
f 2237 4156 4157
f 2237 4157 2240
f 2240 4157 4158
f 2240 4158 2242
f 2242 4158 4159
f 2242 4159 2244
f 2244 4159 4160
f 2244 4160 2246
f 2246 4160 4161
f 2246 4161 2248
f 2248 4161 4162
f 2248 4162 2250
f 2250 4162 4163
f 2250 4163 2252
f 2252 4163 4164
f 2252 4164 2254
f 2254 4164 4165
f 2254 4165 2256
f 2256 4165 4166
f 2256 4166 2258
f 2258 4166 4167
f 2258 4167 2260
f 2260 4167 4124
f 2260 4124 2173
f 4124 4168 4125
f 4168 4169 4125
f 4125 4169 4126
f 4169 4170 4126
f 4126 4170 4127
f 4170 4171 4127
f 4127 4171 4128
f 4171 4172 4128
f 4128 4172 4129
f 4172 4173 4129
f 4129 4173 4130
f 4173 4174 4130
f 4130 4174 4131
f 4174 4175 4131
f 4131 4175 4132
f 4175 4176 4132
f 4132 4176 4133
f 4176 4177 4133
f 4133 4177 4134
f 4177 4178 4134
f 4134 4178 4135
f 4178 4179 4135
f 4135 4179 4136
f 4179 4180 4136
f 4136 4180 4181
f 4136 4181 4137
f 4137 4181 4182
f 4137 4182 4138
f 4138 4182 4183
f 4138 4183 4139
f 4139 4183 4184
f 4139 4184 4140
f 4140 4184 4185
f 4140 4185 4141
f 4141 4185 4186
f 4141 4186 4142
f 4142 4186 4187
f 4142 4187 4143
f 4143 4187 4188
f 4143 4188 4144
f 4144 4188 4189
f 4144 4189 4145
f 4145 4189 4190
f 4145 4190 4146
f 4146 4190 4147
f 4190 4191 4147
f 4147 4191 4148
f 4191 4192 4148
f 4148 4192 4149
f 4192 4193 4149
f 4149 4193 4150
f 4193 4194 4150
f 4150 4194 4151
f 4194 4195 4151
f 4151 4195 4152
f 4195 4196 4152
f 4152 4196 4153
f 4196 4197 4153
f 4153 4197 4154
f 4197 4198 4154
f 4154 4198 4155
f 4198 4199 4155
f 4155 4199 4156
f 4199 4200 4156
f 4156 4200 4201
f 4156 4201 4157
f 4157 4201 4202
f 4157 4202 4158
f 4158 4202 4203
f 4158 4203 4159
f 4159 4203 4204
f 4159 4204 4160
f 4160 4204 4205
f 4160 4205 4161
f 4161 4205 4206
f 4161 4206 4162
f 4162 4206 4207
f 4162 4207 4163
f 4163 4207 4208
f 4163 4208 4164
f 4164 4208 4209
f 4164 4209 4165
f 4165 4209 4210
f 4165 4210 4166
f 4166 4210 4211
f 4166 4211 4167
f 4167 4211 4168
f 4167 4168 4124
f 4168 4212 4169
f 4212 4213 4169
f 4169 4213 4170
f 4213 4214 4170
f 4170 4214 4171
f 4214 4215 4171
f 4171 4215 4172
f 4215 4216 4172
f 4172 4216 4173
f 4216 4217 4173
f 4173 4217 4174
f 4217 4218 4174
f 4174 4218 4175
f 4218 4219 4175
f 4175 4219 4176
f 4219 4220 4176
f 4176 4220 4177
f 4220 4221 4177
f 4177 4221 4178
f 4221 4222 4178
f 4178 4222 4179
f 4222 4223 4179
f 4179 4223 4180
f 4223 4224 4180
f 4180 4224 4225
f 4180 4225 4181
f 4181 4225 4226
f 4181 4226 4182
f 4182 4226 4227
f 4182 4227 4183
f 4183 4227 4228
f 4183 4228 4184
f 4184 4228 4229
f 4184 4229 4185
f 4185 4229 4230
f 4185 4230 4186
f 4186 4230 4231
f 4186 4231 4187
f 4187 4231 4232
f 4187 4232 4188
f 4188 4232 4233
f 4188 4233 4189
f 4189 4233 4234
f 4189 4234 4190
f 4190 4234 4191
f 4234 4235 4191
f 4191 4235 4192
f 4235 4236 4192
f 4192 4236 4193
f 4236 4237 4193
f 4193 4237 4194
f 4237 4238 4194
f 4194 4238 4195
f 4238 4239 4195
f 4195 4239 4196
f 4239 4240 4196
f 4196 4240 4197
f 4240 4241 4197
f 4197 4241 4198
f 4241 4242 4198
f 4198 4242 4199
f 4242 4243 4199
f 4199 4243 4200
f 4243 4244 4200
f 4200 4244 4245
f 4200 4245 4201
f 4201 4245 4246
f 4201 4246 4202
f 4202 4246 4247
f 4202 4247 4203
f 4203 4247 4248
f 4203 4248 4204
f 4204 4248 4249
f 4204 4249 4205
f 4205 4249 4250
f 4205 4250 4206
f 4206 4250 4251
f 4206 4251 4207
f 4207 4251 4252
f 4207 4252 4208
f 4208 4252 4253
f 4208 4253 4209
f 4209 4253 4254
f 4209 4254 4210
f 4210 4254 4255
f 4210 4255 4211
f 4211 4255 4212
f 4211 4212 4168
f 4212 4256 4213
f 4256 4257 4213
f 4213 4257 4214
f 4257 4258 4214
f 4214 4258 4215
f 4258 4259 4215
f 4215 4259 4216
f 4259 4260 4216
f 4216 4260 4217
f 4260 4261 4217
f 4217 4261 4218
f 4261 4262 4218
f 4218 4262 4219
f 4262 4263 4219
f 4219 4263 4220
f 4263 4264 4220
f 4220 4264 4221
f 4264 4265 4221
f 4221 4265 4222
f 4265 4266 4222
f 4222 4266 4223
f 4266 4267 4223
f 4223 4267 4224
f 4267 4268 4224
f 4224 4268 4269
f 4224 4269 4225
f 4225 4269 4270
f 4225 4270 4226
f 4226 4270 4271
f 4226 4271 4227
f 4227 4271 4272
f 4227 4272 4228
f 4228 4272 4273
f 4228 4273 4229
f 4229 4273 4274
f 4229 4274 4230
f 4230 4274 4275
f 4230 4275 4231
f 4231 4275 4276
f 4231 4276 4232
f 4232 4276 4277
f 4232 4277 4233
f 4233 4277 4278
f 4233 4278 4234
f 4234 4278 4235
f 4278 4279 4235
f 4235 4279 4236
f 4279 4280 4236
f 4236 4280 4237
f 4280 4281 4237
f 4237 4281 4238
f 4281 4282 4238
f 4238 4282 4239
f 4282 4283 4239
f 4239 4283 4240
f 4283 4284 4240
f 4240 4284 4241
f 4284 4285 4241
f 4241 4285 4242
f 4285 4286 4242
f 4242 4286 4243
f 4286 4287 4243
f 4243 4287 4244
f 4287 4288 4244
f 4244 4288 4289
f 4244 4289 4245
f 4245 4289 4290
f 4245 4290 4246
f 4246 4290 4291
f 4246 4291 4247
f 4247 4291 4292
f 4247 4292 4248
f 4248 4292 4293
f 4248 4293 4249
f 4249 4293 4294
f 4249 4294 4250
f 4250 4294 4295
f 4250 4295 4251
f 4251 4295 4296
f 4251 4296 4252
f 4252 4296 4297
f 4252 4297 4253
f 4253 4297 4298
f 4253 4298 4254
f 4254 4298 4299
f 4254 4299 4255
f 4255 4299 4256
f 4255 4256 4212
f 4256 4300 4257
f 4300 4301 4257
f 4257 4301 4258
f 4301 4302 4258
f 4258 4302 4259
f 4302 4303 4259
f 4259 4303 4260
f 4303 4304 4260
f 4260 4304 4261
f 4304 4305 4261
f 4261 4305 4262
f 4305 4306 4262
f 4262 4306 4263
f 4306 4307 4263
f 4263 4307 4264
f 4307 4308 4264
f 4264 4308 4265
f 4308 4309 4265
f 4265 4309 4266
f 4309 4310 4266
f 4266 4310 4267
f 4310 4311 4267
f 4267 4311 4268
f 4311 4312 4268
f 4268 4312 4313
f 4268 4313 4269
f 4269 4313 4314
f 4269 4314 4270
f 4270 4314 4315
f 4270 4315 4271
f 4271 4315 4316
f 4271 4316 4272
f 4272 4316 4317
f 4272 4317 4273
f 4273 4317 4318
f 4273 4318 4274
f 4274 4318 4319
f 4274 4319 4275
f 4275 4319 4320
f 4275 4320 4276
f 4276 4320 4321
f 4276 4321 4277
f 4277 4321 4322
f 4277 4322 4278
f 4278 4322 4279
f 4322 4323 4279
f 4279 4323 4280
f 4323 4324 4280
f 4280 4324 4281
f 4324 4325 4281
f 4281 4325 4282
f 4325 4326 4282
f 4282 4326 4283
f 4326 4327 4283
f 4283 4327 4284
f 4327 4328 4284
f 4284 4328 4285
f 4328 4329 4285
f 4285 4329 4286
f 4329 4330 4286
f 4286 4330 4287
f 4330 4331 4287
f 4287 4331 4288
f 4331 4332 4288
f 4288 4332 4333
f 4288 4333 4289
f 4289 4333 4334
f 4289 4334 4290
f 4290 4334 4335
f 4290 4335 4291
f 4291 4335 4336
f 4291 4336 4292
f 4292 4336 4337
f 4292 4337 4293
f 4293 4337 4338
f 4293 4338 4294
f 4294 4338 4339
f 4294 4339 4295
f 4295 4339 4340
f 4295 4340 4296
f 4296 4340 4341
f 4296 4341 4297
f 4297 4341 4342
f 4297 4342 4298
f 4298 4342 4343
f 4298 4343 4299
f 4299 4343 4300
f 4299 4300 4256
f 4300 4344 4301
f 4344 4345 4301
f 4301 4345 4302
f 4345 4346 4302
f 4302 4346 4303
f 4346 4347 4303
f 4303 4347 4304
f 4347 4348 4304
f 4304 4348 4305
f 4348 4349 4305
f 4305 4349 4306
f 4349 4350 4306
f 4306 4350 4307
f 4350 4351 4307
f 4307 4351 4308
f 4351 4352 4308
f 4308 4352 4309
f 4352 4353 4309
f 4309 4353 4310
f 4353 4354 4310
f 4310 4354 4311
f 4354 4355 4311
f 4311 4355 4312
f 4355 4356 4312
f 4312 4356 4357
f 4312 4357 4313
f 4313 4357 4358
f 4313 4358 4314
f 4314 4358 4359
f 4314 4359 4315
f 4315 4359 4360
f 4315 4360 4316
f 4316 4360 4361
f 4316 4361 4317
f 4317 4361 4362
f 4317 4362 4318
f 4318 4362 4363
f 4318 4363 4319
f 4319 4363 4364
f 4319 4364 4320
f 4320 4364 4365
f 4320 4365 4321
f 4321 4365 4366
f 4321 4366 4322
f 4322 4366 4323
f 4366 4367 4323
f 4323 4367 4324
f 4367 4368 4324
f 4324 4368 4325
f 4368 4369 4325
f 4325 4369 4326
f 4369 4370 4326
f 4326 4370 4327
f 4370 4371 4327
f 4327 4371 4328
f 4371 4372 4328
f 4328 4372 4329
f 4372 4373 4329
f 4329 4373 4330
f 4373 4374 4330
f 4330 4374 4331
f 4374 4375 4331
f 4331 4375 4332
f 4375 4376 4332
f 4332 4376 4377
f 4332 4377 4333
f 4333 4377 4378
f 4333 4378 4334
f 4334 4378 4379
f 4334 4379 4335
f 4335 4379 4380
f 4335 4380 4336
f 4336 4380 4381
f 4336 4381 4337
f 4337 4381 4382
f 4337 4382 4338
f 4338 4382 4383
f 4338 4383 4339
f 4339 4383 4384
f 4339 4384 4340
f 4340 4384 4385
f 4340 4385 4341
f 4341 4385 4386
f 4341 4386 4342
f 4342 4386 4387
f 4342 4387 4343
f 4343 4387 4344
f 4343 4344 4300
f 4344 4388 4345
f 4388 4389 4345
f 4345 4389 4346
f 4389 4390 4346
f 4346 4390 4347
f 4390 4391 4347
f 4347 4391 4348
f 4391 4392 4348
f 4348 4392 4349
f 4392 4393 4349
f 4349 4393 4350
f 4393 4394 4350
f 4350 4394 4351
f 4394 4395 4351
f 4351 4395 4352
f 4395 4396 4352
f 4352 4396 4353
f 4396 4397 4353
f 4353 4397 4354
f 4397 4398 4354
f 4354 4398 4355
f 4398 4399 4355
f 4355 4399 4356
f 4399 4400 4356
f 4356 4400 4401
f 4356 4401 4357
f 4357 4401 4402
f 4357 4402 4358
f 4358 4402 4403
f 4358 4403 4359
f 4359 4403 4404
f 4359 4404 4360
f 4360 4404 4405
f 4360 4405 4361
f 4361 4405 4406
f 4361 4406 4362
f 4362 4406 4407
f 4362 4407 4363
f 4363 4407 4408
f 4363 4408 4364
f 4364 4408 4409
f 4364 4409 4365
f 4365 4409 4410
f 4365 4410 4366
f 4366 4410 4367
f 4410 4411 4367
f 4367 4411 4368
f 4411 4412 4368
f 4368 4412 4369
f 4412 4413 4369
f 4369 4413 4370
f 4413 4414 4370
f 4370 4414 4371
f 4414 4415 4371
f 4371 4415 4372
f 4415 4416 4372
f 4372 4416 4373
f 4416 4417 4373
f 4373 4417 4374
f 4417 4418 4374
f 4374 4418 4375
f 4418 4419 4375
f 4375 4419 4376
f 4419 4420 4376
f 4376 4420 4421
f 4376 4421 4377
f 4377 4421 4422
f 4377 4422 4378
f 4378 4422 4423
f 4378 4423 4379
f 4379 4423 4424
f 4379 4424 4380
f 4380 4424 4425
f 4380 4425 4381
f 4381 4425 4426
f 4381 4426 4382
f 4382 4426 4427
f 4382 4427 4383
f 4383 4427 4428
f 4383 4428 4384
f 4384 4428 4429
f 4384 4429 4385
f 4385 4429 4430
f 4385 4430 4386
f 4386 4430 4431
f 4386 4431 4387
f 4387 4431 4388
f 4387 4388 4344
f 4388 4432 4389
f 4432 4433 4389
f 4389 4433 4390
f 4433 4434 4390
f 4390 4434 4391
f 4434 4435 4391
f 4391 4435 4392
f 4435 4436 4392
f 4392 4436 4393
f 4436 4437 4393
f 4393 4437 4394
f 4437 4438 4394
f 4394 4438 4395
f 4438 4439 4395
f 4395 4439 4396
f 4439 4440 4396
f 4396 4440 4397
f 4440 4441 4397
f 4397 4441 4398
f 4441 4442 4398
f 4398 4442 4399
f 4442 4443 4399
f 4399 4443 4400
f 4443 4444 4400
f 4400 4444 4445
f 4400 4445 4401
f 4401 4445 4446
f 4401 4446 4402
f 4402 4446 4447
f 4402 4447 4403
f 4403 4447 4448
f 4403 4448 4404
f 4404 4448 4449
f 4404 4449 4405
f 4405 4449 4450
f 4405 4450 4406
f 4406 4450 4451
f 4406 4451 4407
f 4407 4451 4452
f 4407 4452 4408
f 4408 4452 4453
f 4408 4453 4409
f 4409 4453 4454
f 4409 4454 4410
f 4410 4454 4411
f 4454 4455 4411
f 4411 4455 4412
f 4455 4456 4412
f 4412 4456 4413
f 4456 4457 4413
f 4413 4457 4414
f 4457 4458 4414
f 4414 4458 4415
f 4458 4459 4415
f 4415 4459 4416
f 4459 4460 4416
f 4416 4460 4417
f 4460 4461 4417
f 4417 4461 4418
f 4461 4462 4418
f 4418 4462 4419
f 4462 4463 4419
f 4419 4463 4420
f 4463 4464 4420
f 4420 4464 4465
f 4420 4465 4421
f 4421 4465 4466
f 4421 4466 4422
f 4422 4466 4467
f 4422 4467 4423
f 4423 4467 4468
f 4423 4468 4424
f 4424 4468 4469
f 4424 4469 4425
f 4425 4469 4470
f 4425 4470 4426
f 4426 4470 4471
f 4426 4471 4427
f 4427 4471 4472
f 4427 4472 4428
f 4428 4472 4473
f 4428 4473 4429
f 4429 4473 4474
f 4429 4474 4430
f 4430 4474 4475
f 4430 4475 4431
f 4431 4475 4432
f 4431 4432 4388
f 4432 4476 4433
f 4476 4477 4433
f 4433 4477 4434
f 4477 4478 4434
f 4434 4478 4435
f 4478 4479 4435
f 4435 4479 4436
f 4479 4480 4436
f 4436 4480 4437
f 4480 4481 4437
f 4437 4481 4438
f 4481 4482 4438
f 4438 4482 4439
f 4482 4483 4439
f 4439 4483 4440
f 4483 4484 4440
f 4440 4484 4441
f 4484 4485 4441
f 4441 4485 4442
f 4485 4486 4442
f 4442 4486 4443
f 4486 4487 4443
f 4443 4487 4444
f 4487 4488 4444
f 4444 4488 4489
f 4444 4489 4445
f 4445 4489 4490
f 4445 4490 4446
f 4446 4490 4491
f 4446 4491 4447
f 4447 4491 4492
f 4447 4492 4448
f 4448 4492 4493
f 4448 4493 4449
f 4449 4493 4494
f 4449 4494 4450
f 4450 4494 4495
f 4450 4495 4451
f 4451 4495 4496
f 4451 4496 4452
f 4452 4496 4497
f 4452 4497 4453
f 4453 4497 4498
f 4453 4498 4454
f 4454 4498 4455
f 4498 4499 4455
f 4455 4499 4456
f 4499 4500 4456
f 4456 4500 4457
f 4500 4501 4457
f 4457 4501 4458
f 4501 4502 4458
f 4458 4502 4459
f 4502 4503 4459
f 4459 4503 4460
f 4503 4504 4460
f 4460 4504 4461
f 4504 4505 4461
f 4461 4505 4462
f 4505 4506 4462
f 4462 4506 4463
f 4506 4507 4463
f 4463 4507 4464
f 4507 4508 4464
f 4464 4508 4509
f 4464 4509 4465
f 4465 4509 4510
f 4465 4510 4466
f 4466 4510 4511
f 4466 4511 4467
f 4467 4511 4512
f 4467 4512 4468
f 4468 4512 4513
f 4468 4513 4469
f 4469 4513 4514
f 4469 4514 4470
f 4470 4514 4515
f 4470 4515 4471
f 4471 4515 4516
f 4471 4516 4472
f 4472 4516 4517
f 4472 4517 4473
f 4473 4517 4518
f 4473 4518 4474
f 4474 4518 4519
f 4474 4519 4475
f 4475 4519 4476
f 4475 4476 4432
f 4476 4520 4477
f 4520 4521 4477
f 4477 4521 4478
f 4521 4522 4478
f 4478 4522 4479
f 4522 4523 4479
f 4479 4523 4480
f 4523 4524 4480
f 4480 4524 4481
f 4524 4525 4481
f 4481 4525 4482
f 4525 4526 4482
f 4482 4526 4483
f 4526 4527 4483
f 4483 4527 4484
f 4527 4528 4484
f 4484 4528 4485
f 4528 4529 4485
f 4485 4529 4486
f 4529 4530 4486
f 4486 4530 4487
f 4530 4531 4487
f 4487 4531 4488
f 4531 4532 4488
f 4488 4532 4533
f 4488 4533 4489
f 4489 4533 4534
f 4489 4534 4490
f 4490 4534 4535
f 4490 4535 4491
f 4491 4535 4536
f 4491 4536 4492
f 4492 4536 4537
f 4492 4537 4493
f 4493 4537 4538
f 4493 4538 4494
f 4494 4538 4539
f 4494 4539 4495
f 4495 4539 4540
f 4495 4540 4496
f 4496 4540 4541
f 4496 4541 4497
f 4497 4541 4542
f 4497 4542 4498
f 4498 4542 4499
f 4542 4543 4499
f 4499 4543 4500
f 4543 4544 4500
f 4500 4544 4501
f 4544 4545 4501
f 4501 4545 4502
f 4545 4546 4502
f 4502 4546 4503
f 4546 4547 4503
f 4503 4547 4504
f 4547 4548 4504
f 4504 4548 4505
f 4548 4549 4505
f 4505 4549 4506
f 4549 4550 4506
f 4506 4550 4507
f 4550 4551 4507
f 4507 4551 4508
f 4551 4552 4508
f 4508 4552 4553
f 4508 4553 4509
f 4509 4553 4554
f 4509 4554 4510
f 4510 4554 4555
f 4510 4555 4511
f 4511 4555 4556
f 4511 4556 4512
f 4512 4556 4557
f 4512 4557 4513
f 4513 4557 4558
f 4513 4558 4514
f 4514 4558 4559
f 4514 4559 4515
f 4515 4559 4560
f 4515 4560 4516
f 4516 4560 4561
f 4516 4561 4517
f 4517 4561 4562
f 4517 4562 4518
f 4518 4562 4563
f 4518 4563 4519
f 4519 4563 4520
f 4519 4520 4476
f 4520 4564 4521
f 4564 4565 4521
f 4521 4565 4522
f 4565 4566 4522
f 4522 4566 4523
f 4566 4567 4523
f 4523 4567 4524
f 4567 4568 4524
f 4524 4568 4525
f 4568 4569 4525
f 4525 4569 4526
f 4569 4570 4526
f 4526 4570 4527
f 4570 4571 4527
f 4527 4571 4528
f 4571 4572 4528
f 4528 4572 4529
f 4572 4573 4529
f 4529 4573 4530
f 4573 4574 4530
f 4530 4574 4531
f 4574 4575 4531
f 4531 4575 4532
f 4575 4576 4532
f 4532 4576 4577
f 4532 4577 4533
f 4533 4577 4578
f 4533 4578 4534
f 4534 4578 4579
f 4534 4579 4535
f 4535 4579 4580
f 4535 4580 4536
f 4536 4580 4581
f 4536 4581 4537
f 4537 4581 4582
f 4537 4582 4538
f 4538 4582 4583
f 4538 4583 4539
f 4539 4583 4584
f 4539 4584 4540
f 4540 4584 4585
f 4540 4585 4541
f 4541 4585 4586
f 4541 4586 4542
f 4542 4586 4543
f 4586 4587 4543
f 4543 4587 4544
f 4587 4588 4544
f 4544 4588 4545
f 4588 4589 4545
f 4545 4589 4546
f 4589 4590 4546
f 4546 4590 4547
f 4590 4591 4547
f 4547 4591 4548
f 4591 4592 4548
f 4548 4592 4549
f 4592 4593 4549
f 4549 4593 4550
f 4593 4594 4550
f 4550 4594 4551
f 4594 4595 4551
f 4551 4595 4552
f 4595 4596 4552
f 4552 4596 4597
f 4552 4597 4553
f 4553 4597 4598
f 4553 4598 4554
f 4554 4598 4599
f 4554 4599 4555
f 4555 4599 4600
f 4555 4600 4556
f 4556 4600 4601
f 4556 4601 4557
f 4557 4601 4602
f 4557 4602 4558
f 4558 4602 4603
f 4558 4603 4559
f 4559 4603 4604
f 4559 4604 4560
f 4560 4604 4605
f 4560 4605 4561
f 4561 4605 4606
f 4561 4606 4562
f 4562 4606 4607
f 4562 4607 4563
f 4563 4607 4564
f 4563 4564 4520
f 4564 4608 4565
f 4608 4609 4565
f 4565 4609 4566
f 4609 4610 4566
f 4566 4610 4567
f 4610 4611 4567
f 4567 4611 4568
f 4611 4612 4568
f 4568 4612 4569
f 4612 4613 4569
f 4569 4613 4570
f 4613 4614 4570
f 4570 4614 4571
f 4614 4615 4571
f 4571 4615 4572
f 4615 4616 4572
f 4572 4616 4573
f 4616 4617 4573
f 4573 4617 4574
f 4617 4618 4574
f 4574 4618 4575
f 4618 4619 4575
f 4575 4619 4576
f 4619 4620 4576
f 4576 4620 4621
f 4576 4621 4577
f 4577 4621 4622
f 4577 4622 4578
f 4578 4622 4623
f 4578 4623 4579
f 4579 4623 4624
f 4579 4624 4580
f 4580 4624 4625
f 4580 4625 4581
f 4581 4625 4626
f 4581 4626 4582
f 4582 4626 4627
f 4582 4627 4583
f 4583 4627 4628
f 4583 4628 4584
f 4584 4628 4629
f 4584 4629 4585
f 4585 4629 4630
f 4585 4630 4586
f 4586 4630 4587
f 4630 4631 4587
f 4587 4631 4588
f 4631 4632 4588
f 4588 4632 4589
f 4632 4633 4589
f 4589 4633 4590
f 4633 4634 4590
f 4590 4634 4591
f 4634 4635 4591
f 4591 4635 4592
f 4635 4636 4592
f 4592 4636 4593
f 4636 4637 4593
f 4593 4637 4594
f 4637 4638 4594
f 4594 4638 4595
f 4638 4639 4595
f 4595 4639 4596
f 4639 4640 4596
f 4596 4640 4641
f 4596 4641 4597
f 4597 4641 4642
f 4597 4642 4598
f 4598 4642 4643
f 4598 4643 4599
f 4599 4643 4644
f 4599 4644 4600
f 4600 4644 4645
f 4600 4645 4601
f 4601 4645 4646
f 4601 4646 4602
f 4602 4646 4647
f 4602 4647 4603
f 4603 4647 4648
f 4603 4648 4604
f 4604 4648 4649
f 4604 4649 4605
f 4605 4649 4650
f 4605 4650 4606
f 4606 4650 4651
f 4606 4651 4607
f 4607 4651 4608
f 4607 4608 4564
f 4608 4652 4609
f 4652 4653 4609
f 4609 4653 4610
f 4653 4654 4610
f 4610 4654 4611
f 4654 4655 4611
f 4611 4655 4612
f 4655 4656 4612
f 4612 4656 4613
f 4656 4657 4613
f 4613 4657 4614
f 4657 4658 4614
f 4614 4658 4615
f 4658 4659 4615
f 4615 4659 4616
f 4659 4660 4616
f 4616 4660 4617
f 4660 4661 4617
f 4617 4661 4618
f 4661 4662 4618
f 4618 4662 4619
f 4662 4663 4619
f 4619 4663 4620
f 4663 4664 4620
f 4620 4664 4665
f 4620 4665 4621
f 4621 4665 4666
f 4621 4666 4622
f 4622 4666 4667
f 4622 4667 4623
f 4623 4667 4668
f 4623 4668 4624
f 4624 4668 4669
f 4624 4669 4625
f 4625 4669 4670
f 4625 4670 4626
f 4626 4670 4671
f 4626 4671 4627
f 4627 4671 4672
f 4627 4672 4628
f 4628 4672 4673
f 4628 4673 4629
f 4629 4673 4674
f 4629 4674 4630
f 4630 4674 4631
f 4674 4675 4631
f 4631 4675 4632
f 4675 4676 4632
f 4632 4676 4633
f 4676 4677 4633
f 4633 4677 4634
f 4677 4678 4634
f 4634 4678 4635
f 4678 4679 4635
f 4635 4679 4636
f 4679 4680 4636
f 4636 4680 4637
f 4680 4681 4637
f 4637 4681 4638
f 4681 4682 4638
f 4638 4682 4639
f 4682 4683 4639
f 4639 4683 4640
f 4683 4684 4640
f 4640 4684 4685
f 4640 4685 4641
f 4641 4685 4686
f 4641 4686 4642
f 4642 4686 4687
f 4642 4687 4643
f 4643 4687 4688
f 4643 4688 4644
f 4644 4688 4689
f 4644 4689 4645
f 4645 4689 4690
f 4645 4690 4646
f 4646 4690 4691
f 4646 4691 4647
f 4647 4691 4692
f 4647 4692 4648
f 4648 4692 4693
f 4648 4693 4649
f 4649 4693 4694
f 4649 4694 4650
f 4650 4694 4695
f 4650 4695 4651
f 4651 4695 4652
f 4651 4652 4608
f 4652 4696 4653
f 4696 4697 4653
f 4653 4697 4654
f 4697 4698 4654
f 4654 4698 4655
f 4698 4699 4655
f 4655 4699 4656
f 4699 4700 4656
f 4656 4700 4657
f 4700 4701 4657
f 4657 4701 4658
f 4701 4702 4658
f 4658 4702 4659
f 4702 4703 4659
f 4659 4703 4660
f 4703 4704 4660
f 4660 4704 4661
f 4704 4705 4661
f 4661 4705 4662
f 4705 4706 4662
f 4662 4706 4663
f 4706 4707 4663
f 4663 4707 4664
f 4707 4708 4664
f 4664 4708 4709
f 4664 4709 4665
f 4665 4709 4710
f 4665 4710 4666
f 4666 4710 4711
f 4666 4711 4667
f 4667 4711 4712
f 4667 4712 4668
f 4668 4712 4713
f 4668 4713 4669
f 4669 4713 4714
f 4669 4714 4670
f 4670 4714 4715
f 4670 4715 4671
f 4671 4715 4716
f 4671 4716 4672
f 4672 4716 4717
f 4672 4717 4673
f 4673 4717 4718
f 4673 4718 4674
f 4674 4718 4675
f 4718 4719 4675
f 4675 4719 4676
f 4719 4720 4676
f 4676 4720 4677
f 4720 4721 4677
f 4677 4721 4678
f 4721 4722 4678
f 4678 4722 4679
f 4722 4723 4679
f 4679 4723 4680
f 4723 4724 4680
f 4680 4724 4681
f 4724 4725 4681
f 4681 4725 4682
f 4725 4726 4682
f 4682 4726 4683
f 4726 4727 4683
f 4683 4727 4684
f 4727 4728 4684
f 4684 4728 4729
f 4684 4729 4685
f 4685 4729 4730
f 4685 4730 4686
f 4686 4730 4731
f 4686 4731 4687
f 4687 4731 4732
f 4687 4732 4688
f 4688 4732 4733
f 4688 4733 4689
f 4689 4733 4734
f 4689 4734 4690
f 4690 4734 4735
f 4690 4735 4691
f 4691 4735 4736
f 4691 4736 4692
f 4692 4736 4737
f 4692 4737 4693
f 4693 4737 4738
f 4693 4738 4694
f 4694 4738 4739
f 4694 4739 4695
f 4695 4739 4696
f 4695 4696 4652
f 4696 4740 4697
f 4740 4741 4697
f 4697 4741 4698
f 4741 4742 4698
f 4698 4742 4699
f 4742 4743 4699
f 4699 4743 4700
f 4743 4744 4700
f 4700 4744 4701
f 4744 4745 4701
f 4701 4745 4702
f 4745 4746 4702
f 4702 4746 4703
f 4746 4747 4703
f 4703 4747 4704
f 4747 4748 4704
f 4704 4748 4705
f 4748 4749 4705
f 4705 4749 4706
f 4749 4750 4706
f 4706 4750 4707
f 4750 4751 4707
f 4707 4751 4708
f 4751 4752 4708
f 4708 4752 4753
f 4708 4753 4709
f 4709 4753 4754
f 4709 4754 4710
f 4710 4754 4755
f 4710 4755 4711
f 4711 4755 4756
f 4711 4756 4712
f 4712 4756 4757
f 4712 4757 4713
f 4713 4757 4758
f 4713 4758 4714
f 4714 4758 4759
f 4714 4759 4715
f 4715 4759 4760
f 4715 4760 4716
f 4716 4760 4761
f 4716 4761 4717
f 4717 4761 4762
f 4717 4762 4718
f 4718 4762 4719
f 4762 4763 4719
f 4719 4763 4720
f 4763 4764 4720
f 4720 4764 4721
f 4764 4765 4721
f 4721 4765 4722
f 4765 4766 4722
f 4722 4766 4723
f 4766 4767 4723
f 4723 4767 4724
f 4767 4768 4724
f 4724 4768 4725
f 4768 4769 4725
f 4725 4769 4726
f 4769 4770 4726
f 4726 4770 4727
f 4770 4771 4727
f 4727 4771 4728
f 4771 4772 4728
f 4728 4772 4773
f 4728 4773 4729
f 4729 4773 4774
f 4729 4774 4730
f 4730 4774 4775
f 4730 4775 4731
f 4731 4775 4776
f 4731 4776 4732
f 4732 4776 4777
f 4732 4777 4733
f 4733 4777 4778
f 4733 4778 4734
f 4734 4778 4779
f 4734 4779 4735
f 4735 4779 4780
f 4735 4780 4736
f 4736 4780 4781
f 4736 4781 4737
f 4737 4781 4782
f 4737 4782 4738
f 4738 4782 4783
f 4738 4783 4739
f 4739 4783 4740
f 4739 4740 4696
f 4740 4784 4741
f 4784 4785 4741
f 4741 4785 4742
f 4785 4786 4742
f 4742 4786 4743
f 4786 4787 4743
f 4743 4787 4744
f 4787 4788 4744
f 4744 4788 4745
f 4788 4789 4745
f 4745 4789 4746
f 4789 4790 4746
f 4746 4790 4747
f 4790 4791 4747
f 4747 4791 4748
f 4791 4792 4748
f 4748 4792 4749
f 4792 4793 4749
f 4749 4793 4750
f 4793 4794 4750
f 4750 4794 4751
f 4794 4795 4751
f 4751 4795 4752
f 4795 4796 4752
f 4752 4796 4797
f 4752 4797 4753
f 4753 4797 4798
f 4753 4798 4754
f 4754 4798 4799
f 4754 4799 4755
f 4755 4799 4800
f 4755 4800 4756
f 4756 4800 4801
f 4756 4801 4757
f 4757 4801 4802
f 4757 4802 4758
f 4758 4802 4803
f 4758 4803 4759
f 4759 4803 4804
f 4759 4804 4760
f 4760 4804 4805
f 4760 4805 4761
f 4761 4805 4806
f 4761 4806 4762
f 4762 4806 4763
f 4806 4807 4763
f 4763 4807 4764
f 4807 4808 4764
f 4764 4808 4765
f 4808 4809 4765
f 4765 4809 4766
f 4809 4810 4766
f 4766 4810 4767
f 4810 4811 4767
f 4767 4811 4768
f 4811 4812 4768
f 4768 4812 4769
f 4812 4813 4769
f 4769 4813 4770
f 4813 4814 4770
f 4770 4814 4771
f 4814 4815 4771
f 4771 4815 4772
f 4815 4816 4772
f 4772 4816 4817
f 4772 4817 4773
f 4773 4817 4818
f 4773 4818 4774
f 4774 4818 4819
f 4774 4819 4775
f 4775 4819 4820
f 4775 4820 4776
f 4776 4820 4821
f 4776 4821 4777
f 4777 4821 4822
f 4777 4822 4778
f 4778 4822 4823
f 4778 4823 4779
f 4779 4823 4824
f 4779 4824 4780
f 4780 4824 4825
f 4780 4825 4781
f 4781 4825 4826
f 4781 4826 4782
f 4782 4826 4827
f 4782 4827 4783
f 4783 4827 4784
f 4783 4784 4740
f 4784 4828 4785
f 4828 4829 4785
f 4785 4829 4786
f 4829 4830 4786
f 4786 4830 4787
f 4830 4831 4787
f 4787 4831 4788
f 4831 4832 4788
f 4788 4832 4789
f 4832 4833 4789
f 4789 4833 4790
f 4833 4834 4790
f 4790 4834 4791
f 4834 4835 4791
f 4791 4835 4792
f 4835 4836 4792
f 4792 4836 4793
f 4836 4837 4793
f 4793 4837 4794
f 4837 4838 4794
f 4794 4838 4795
f 4838 4839 4795
f 4795 4839 4796
f 4839 4840 4796
f 4796 4840 4841
f 4796 4841 4797
f 4797 4841 4842
f 4797 4842 4798
f 4798 4842 4843
f 4798 4843 4799
f 4799 4843 4844
f 4799 4844 4800
f 4800 4844 4845
f 4800 4845 4801
f 4801 4845 4846
f 4801 4846 4802
f 4802 4846 4847
f 4802 4847 4803
f 4803 4847 4848
f 4803 4848 4804
f 4804 4848 4849
f 4804 4849 4805
f 4805 4849 4850
f 4805 4850 4806
f 4806 4850 4807
f 4850 4851 4807
f 4807 4851 4808
f 4851 4852 4808
f 4808 4852 4809
f 4852 4853 4809
f 4809 4853 4810
f 4853 4854 4810
f 4810 4854 4811
f 4854 4855 4811
f 4811 4855 4812
f 4855 4856 4812
f 4812 4856 4813
f 4856 4857 4813
f 4813 4857 4814
f 4857 4858 4814
f 4814 4858 4815
f 4858 4859 4815
f 4815 4859 4816
f 4859 4860 4816
f 4816 4860 4861
f 4816 4861 4817
f 4817 4861 4862
f 4817 4862 4818
f 4818 4862 4863
f 4818 4863 4819
f 4819 4863 4864
f 4819 4864 4820
f 4820 4864 4865
f 4820 4865 4821
f 4821 4865 4866
f 4821 4866 4822
f 4822 4866 4867
f 4822 4867 4823
f 4823 4867 4868
f 4823 4868 4824
f 4824 4868 4869
f 4824 4869 4825
f 4825 4869 4870
f 4825 4870 4826
f 4826 4870 4871
f 4826 4871 4827
f 4827 4871 4828
f 4827 4828 4784
f 4828 4872 4829
f 4872 4873 4829
f 4829 4873 4830
f 4873 4874 4830
f 4830 4874 4831
f 4874 4875 4831
f 4831 4875 4832
f 4875 4876 4832
f 4832 4876 4833
f 4876 4877 4833
f 4833 4877 4834
f 4877 4878 4834
f 4834 4878 4835
f 4878 4879 4835
f 4835 4879 4836
f 4879 4880 4836
f 4836 4880 4837
f 4880 4881 4837
f 4837 4881 4838
f 4881 4882 4838
f 4838 4882 4839
f 4882 4883 4839
f 4839 4883 4840
f 4883 4884 4840
f 4840 4884 4885
f 4840 4885 4841
f 4841 4885 4886
f 4841 4886 4842
f 4842 4886 4887
f 4842 4887 4843
f 4843 4887 4888
f 4843 4888 4844
f 4844 4888 4889
f 4844 4889 4845
f 4845 4889 4890
f 4845 4890 4846
f 4846 4890 4891
f 4846 4891 4847
f 4847 4891 4892
f 4847 4892 4848
f 4848 4892 4893
f 4848 4893 4849
f 4849 4893 4894
f 4849 4894 4850
f 4850 4894 4851
f 4894 4895 4851
f 4851 4895 4852
f 4895 4896 4852
f 4852 4896 4853
f 4896 4897 4853
f 4853 4897 4854
f 4897 4898 4854
f 4854 4898 4855
f 4898 4899 4855
f 4855 4899 4856
f 4899 4900 4856
f 4856 4900 4857
f 4900 4901 4857
f 4857 4901 4858
f 4901 4902 4858
f 4858 4902 4859
f 4902 4903 4859
f 4859 4903 4860
f 4903 4904 4860
f 4860 4904 4905
f 4860 4905 4861
f 4861 4905 4906
f 4861 4906 4862
f 4862 4906 4907
f 4862 4907 4863
f 4863 4907 4908
f 4863 4908 4864
f 4864 4908 4909
f 4864 4909 4865
f 4865 4909 4910
f 4865 4910 4866
f 4866 4910 4911
f 4866 4911 4867
f 4867 4911 4912
f 4867 4912 4868
f 4868 4912 4913
f 4868 4913 4869
f 4869 4913 4914
f 4869 4914 4870
f 4870 4914 4915
f 4870 4915 4871
f 4871 4915 4872
f 4871 4872 4828
f 4872 4916 4873
f 4916 4917 4873
f 4873 4917 4874
f 4917 4918 4874
f 4874 4918 4875
f 4918 4919 4875
f 4875 4919 4876
f 4919 4920 4876
f 4876 4920 4877
f 4920 4921 4877
f 4877 4921 4878
f 4921 4922 4878
f 4878 4922 4879
f 4922 4923 4879
f 4879 4923 4880
f 4923 4924 4880
f 4880 4924 4881
f 4924 4925 4881
f 4881 4925 4882
f 4925 4926 4882
f 4882 4926 4883
f 4926 4927 4883
f 4883 4927 4884
f 4927 4928 4884
f 4884 4928 4929
f 4884 4929 4885
f 4885 4929 4930
f 4885 4930 4886
f 4886 4930 4931
f 4886 4931 4887
f 4887 4931 4932
f 4887 4932 4888
f 4888 4932 4933
f 4888 4933 4889
f 4889 4933 4934
f 4889 4934 4890
f 4890 4934 4935
f 4890 4935 4891
f 4891 4935 4936
f 4891 4936 4892
f 4892 4936 4937
f 4892 4937 4893
f 4893 4937 4938
f 4893 4938 4894
f 4894 4938 4895
f 4938 4939 4895
f 4895 4939 4896
f 4939 4940 4896
f 4896 4940 4897
f 4940 4941 4897
f 4897 4941 4898
f 4941 4942 4898
f 4898 4942 4899
f 4942 4943 4899
f 4899 4943 4900
f 4943 4944 4900
f 4900 4944 4901
f 4944 4945 4901
f 4901 4945 4902
f 4945 4946 4902
f 4902 4946 4903
f 4946 4947 4903
f 4903 4947 4904
f 4947 4948 4904
f 4904 4948 4949
f 4904 4949 4905
f 4905 4949 4950
f 4905 4950 4906
f 4906 4950 4951
f 4906 4951 4907
f 4907 4951 4952
f 4907 4952 4908
f 4908 4952 4953
f 4908 4953 4909
f 4909 4953 4954
f 4909 4954 4910
f 4910 4954 4955
f 4910 4955 4911
f 4911 4955 4956
f 4911 4956 4912
f 4912 4956 4957
f 4912 4957 4913
f 4913 4957 4958
f 4913 4958 4914
f 4914 4958 4959
f 4914 4959 4915
f 4915 4959 4916
f 4915 4916 4872
f 4916 4960 4917
f 4960 4961 4917
f 4917 4961 4918
f 4961 4962 4918
f 4918 4962 4919
f 4962 4963 4919
f 4919 4963 4920
f 4963 4964 4920
f 4920 4964 4921
f 4964 4965 4921
f 4921 4965 4922
f 4965 4966 4922
f 4922 4966 4923
f 4966 4967 4923
f 4923 4967 4924
f 4967 4968 4924
f 4924 4968 4925
f 4968 4969 4925
f 4925 4969 4926
f 4969 4970 4926
f 4926 4970 4927
f 4970 4971 4927
f 4927 4971 4928
f 4971 4972 4928
f 4928 4972 4973
f 4928 4973 4929
f 4929 4973 4974
f 4929 4974 4930
f 4930 4974 4975
f 4930 4975 4931
f 4931 4975 4976
f 4931 4976 4932
f 4932 4976 4977
f 4932 4977 4933
f 4933 4977 4978
f 4933 4978 4934
f 4934 4978 4979
f 4934 4979 4935
f 4935 4979 4980
f 4935 4980 4936
f 4936 4980 4981
f 4936 4981 4937
f 4937 4981 4982
f 4937 4982 4938
f 4938 4982 4939
f 4982 4983 4939
f 4939 4983 4940
f 4983 4984 4940
f 4940 4984 4941
f 4984 4985 4941
f 4941 4985 4942
f 4985 4986 4942
f 4942 4986 4943
f 4986 4987 4943
f 4943 4987 4944
f 4987 4988 4944
f 4944 4988 4945
f 4988 4989 4945
f 4945 4989 4946
f 4989 4990 4946
f 4946 4990 4947
f 4990 4991 4947
f 4947 4991 4948
f 4991 4992 4948
f 4948 4992 4993
f 4948 4993 4949
f 4949 4993 4994
f 4949 4994 4950
f 4950 4994 4995
f 4950 4995 4951
f 4951 4995 4996
f 4951 4996 4952
f 4952 4996 4997
f 4952 4997 4953
f 4953 4997 4998
f 4953 4998 4954
f 4954 4998 4999
f 4954 4999 4955
f 4955 4999 5000
f 4955 5000 4956
f 4956 5000 5001
f 4956 5001 4957
f 4957 5001 5002
f 4957 5002 4958
f 4958 5002 5003
f 4958 5003 4959
f 4959 5003 4960
f 4959 4960 4916
f 4960 5004 4961
f 5004 5005 4961
f 4961 5005 4962
f 5005 5006 4962
f 4962 5006 4963
f 5006 5007 4963
f 4963 5007 4964
f 5007 5008 4964
f 4964 5008 4965
f 5008 5009 4965
f 4965 5009 4966
f 5009 5010 4966
f 4966 5010 4967
f 5010 5011 4967
f 4967 5011 4968
f 5011 5012 4968
f 4968 5012 4969
f 5012 5013 4969
f 4969 5013 4970
f 5013 5014 4970
f 4970 5014 4971
f 5014 5015 4971
f 4971 5015 4972
f 5015 5016 4972
f 4972 5016 5017
f 4972 5017 4973
f 4973 5017 5018
f 4973 5018 4974
f 4974 5018 5019
f 4974 5019 4975
f 4975 5019 5020
f 4975 5020 4976
f 4976 5020 5021
f 4976 5021 4977
f 4977 5021 5022
f 4977 5022 4978
f 4978 5022 5023
f 4978 5023 4979
f 4979 5023 5024
f 4979 5024 4980
f 4980 5024 5025
f 4980 5025 4981
f 4981 5025 5026
f 4981 5026 4982
f 4982 5026 4983
f 5026 5027 4983
f 4983 5027 4984
f 5027 5028 4984
f 4984 5028 4985
f 5028 5029 4985
f 4985 5029 4986
f 5029 5030 4986
f 4986 5030 4987
f 5030 5031 4987
f 4987 5031 4988
f 5031 5032 4988
f 4988 5032 4989
f 5032 5033 4989
f 4989 5033 4990
f 5033 5034 4990
f 4990 5034 4991
f 5034 5035 4991
f 4991 5035 4992
f 5035 5036 4992
f 4992 5036 5037
f 4992 5037 4993
f 4993 5037 5038
f 4993 5038 4994
f 4994 5038 5039
f 4994 5039 4995
f 4995 5039 5040
f 4995 5040 4996
f 4996 5040 5041
f 4996 5041 4997
f 4997 5041 5042
f 4997 5042 4998
f 4998 5042 5043
f 4998 5043 4999
f 4999 5043 5044
f 4999 5044 5000
f 5000 5044 5045
f 5000 5045 5001
f 5001 5045 5046
f 5001 5046 5002
f 5002 5046 5047
f 5002 5047 5003
f 5003 5047 5004
f 5003 5004 4960
f 5004 5048 5005
f 5048 5049 5005
f 5005 5049 5006
f 5049 5050 5006
f 5006 5050 5007
f 5050 5051 5007
f 5007 5051 5008
f 5051 5052 5008
f 5008 5052 5009
f 5052 5053 5009
f 5009 5053 5010
f 5053 5054 5010
f 5010 5054 5011
f 5054 5055 5011
f 5011 5055 5012
f 5055 5056 5012
f 5012 5056 5013
f 5056 5057 5013
f 5013 5057 5014
f 5057 5058 5014
f 5014 5058 5015
f 5058 5059 5015
f 5015 5059 5016
f 5059 5060 5016
f 5016 5060 5061
f 5016 5061 5017
f 5017 5061 5062
f 5017 5062 5018
f 5018 5062 5063
f 5018 5063 5019
f 5019 5063 5064
f 5019 5064 5020
f 5020 5064 5065
f 5020 5065 5021
f 5021 5065 5066
f 5021 5066 5022
f 5022 5066 5067
f 5022 5067 5023
f 5023 5067 5068
f 5023 5068 5024
f 5024 5068 5069
f 5024 5069 5025
f 5025 5069 5070
f 5025 5070 5026
f 5026 5070 5027
f 5070 5071 5027
f 5027 5071 5028
f 5071 5072 5028
f 5028 5072 5029
f 5072 5073 5029
f 5029 5073 5030
f 5073 5074 5030
f 5030 5074 5031
f 5074 5075 5031
f 5031 5075 5032
f 5075 5076 5032
f 5032 5076 5033
f 5076 5077 5033
f 5033 5077 5034
f 5077 5078 5034
f 5034 5078 5035
f 5078 5079 5035
f 5035 5079 5036
f 5079 5080 5036
f 5036 5080 5081
f 5036 5081 5037
f 5037 5081 5082
f 5037 5082 5038
f 5038 5082 5083
f 5038 5083 5039
f 5039 5083 5084
f 5039 5084 5040
f 5040 5084 5085
f 5040 5085 5041
f 5041 5085 5086
f 5041 5086 5042
f 5042 5086 5087
f 5042 5087 5043
f 5043 5087 5088
f 5043 5088 5044
f 5044 5088 5089
f 5044 5089 5045
f 5045 5089 5090
f 5045 5090 5046
f 5046 5090 5091
f 5046 5091 5047
f 5047 5091 5048
f 5047 5048 5004
f 5048 5092 5049
f 5092 5093 5049
f 5049 5093 5050
f 5093 5094 5050
f 5050 5094 5051
f 5094 5095 5051
f 5051 5095 5052
f 5095 5096 5052
f 5052 5096 5053
f 5096 5097 5053
f 5053 5097 5054
f 5097 5098 5054
f 5054 5098 5055
f 5098 5099 5055
f 5055 5099 5056
f 5099 5100 5056
f 5056 5100 5057
f 5100 5101 5057
f 5057 5101 5058
f 5101 5102 5058
f 5058 5102 5059
f 5102 5103 5059
f 5059 5103 5060
f 5103 5104 5060
f 5060 5104 5105
f 5060 5105 5061
f 5061 5105 5106
f 5061 5106 5062
f 5062 5106 5107
f 5062 5107 5063
f 5063 5107 5108
f 5063 5108 5064
f 5064 5108 5109
f 5064 5109 5065
f 5065 5109 5110
f 5065 5110 5066
f 5066 5110 5111
f 5066 5111 5067
f 5067 5111 5112
f 5067 5112 5068
f 5068 5112 5113
f 5068 5113 5069
f 5069 5113 5114
f 5069 5114 5070
f 5070 5114 5071
f 5114 5115 5071
f 5071 5115 5072
f 5115 5116 5072
f 5072 5116 5073
f 5116 5117 5073
f 5073 5117 5074
f 5117 5118 5074
f 5074 5118 5075
f 5118 5119 5075
f 5075 5119 5076
f 5119 5120 5076
f 5076 5120 5077
f 5120 5121 5077
f 5077 5121 5078
f 5121 5122 5078
f 5078 5122 5079
f 5122 5123 5079
f 5079 5123 5080
f 5123 5124 5080
f 5080 5124 5125
f 5080 5125 5081
f 5081 5125 5126
f 5081 5126 5082
f 5082 5126 5127
f 5082 5127 5083
f 5083 5127 5128
f 5083 5128 5084
f 5084 5128 5129
f 5084 5129 5085
f 5085 5129 5130
f 5085 5130 5086
f 5086 5130 5131
f 5086 5131 5087
f 5087 5131 5132
f 5087 5132 5088
f 5088 5132 5133
f 5088 5133 5089
f 5089 5133 5134
f 5089 5134 5090
f 5090 5134 5135
f 5090 5135 5091
f 5091 5135 5092
f 5091 5092 5048
f 5092 5136 5093
f 5136 5137 5093
f 5093 5137 5094
f 5137 5138 5094
f 5094 5138 5095
f 5138 5139 5095
f 5095 5139 5096
f 5139 5140 5096
f 5096 5140 5097
f 5140 5141 5097
f 5097 5141 5098
f 5141 5142 5098
f 5098 5142 5099
f 5142 5143 5099
f 5099 5143 5100
f 5143 5144 5100
f 5100 5144 5101
f 5144 5145 5101
f 5101 5145 5102
f 5145 5146 5102
f 5102 5146 5103
f 5146 5147 5103
f 5103 5147 5104
f 5147 5148 5104
f 5104 5148 5149
f 5104 5149 5105
f 5105 5149 5150
f 5105 5150 5106
f 5106 5150 5151
f 5106 5151 5107
f 5107 5151 5152
f 5107 5152 5108
f 5108 5152 5153
f 5108 5153 5109
f 5109 5153 5154
f 5109 5154 5110
f 5110 5154 5155
f 5110 5155 5111
f 5111 5155 5156
f 5111 5156 5112
f 5112 5156 5157
f 5112 5157 5113
f 5113 5157 5158
f 5113 5158 5114
f 5114 5158 5115
f 5158 5159 5115
f 5115 5159 5116
f 5159 5160 5116
f 5116 5160 5117
f 5160 5161 5117
f 5117 5161 5118
f 5161 5162 5118
f 5118 5162 5119
f 5162 5163 5119
f 5119 5163 5120
f 5163 5164 5120
f 5120 5164 5121
f 5164 5165 5121
f 5121 5165 5122
f 5165 5166 5122
f 5122 5166 5123
f 5166 5167 5123
f 5123 5167 5124
f 5167 5168 5124
f 5124 5168 5169
f 5124 5169 5125
f 5125 5169 5170
f 5125 5170 5126
f 5126 5170 5171
f 5126 5171 5127
f 5127 5171 5172
f 5127 5172 5128
f 5128 5172 5173
f 5128 5173 5129
f 5129 5173 5174
f 5129 5174 5130
f 5130 5174 5175
f 5130 5175 5131
f 5131 5175 5176
f 5131 5176 5132
f 5132 5176 5177
f 5132 5177 5133
f 5133 5177 5178
f 5133 5178 5134
f 5134 5178 5179
f 5134 5179 5135
f 5135 5179 5136
f 5135 5136 5092
f 5136 5180 5137
f 5180 5181 5137
f 5137 5181 5138
f 5181 5182 5138
f 5138 5182 5139
f 5182 5183 5139
f 5139 5183 5140
f 5183 5184 5140
f 5140 5184 5141
f 5184 5185 5141
f 5141 5185 5142
f 5185 5186 5142
f 5142 5186 5143
f 5186 5187 5143
f 5143 5187 5144
f 5187 5188 5144
f 5144 5188 5145
f 5188 5189 5145
f 5145 5189 5146
f 5189 5190 5146
f 5146 5190 5147
f 5190 5191 5147
f 5147 5191 5148
f 5191 5192 5148
f 5148 5192 5193
f 5148 5193 5149
f 5149 5193 5194
f 5149 5194 5150
f 5150 5194 5195
f 5150 5195 5151
f 5151 5195 5196
f 5151 5196 5152
f 5152 5196 5197
f 5152 5197 5153
f 5153 5197 5198
f 5153 5198 5154
f 5154 5198 5199
f 5154 5199 5155
f 5155 5199 5200
f 5155 5200 5156
f 5156 5200 5201
f 5156 5201 5157
f 5157 5201 5202
f 5157 5202 5158
f 5158 5202 5159
f 5202 5203 5159
f 5159 5203 5160
f 5203 5204 5160
f 5160 5204 5161
f 5204 5205 5161
f 5161 5205 5162
f 5205 5206 5162
f 5162 5206 5163
f 5206 5207 5163
f 5163 5207 5164
f 5207 5208 5164
f 5164 5208 5165
f 5208 5209 5165
f 5165 5209 5166
f 5209 5210 5166
f 5166 5210 5167
f 5210 5211 5167
f 5167 5211 5168
f 5211 5212 5168
f 5168 5212 5213
f 5168 5213 5169
f 5169 5213 5214
f 5169 5214 5170
f 5170 5214 5215
f 5170 5215 5171
f 5171 5215 5216
f 5171 5216 5172
f 5172 5216 5217
f 5172 5217 5173
f 5173 5217 5218
f 5173 5218 5174
f 5174 5218 5219
f 5174 5219 5175
f 5175 5219 5220
f 5175 5220 5176
f 5176 5220 5221
f 5176 5221 5177
f 5177 5221 5222
f 5177 5222 5178
f 5178 5222 5223
f 5178 5223 5179
f 5179 5223 5180
f 5179 5180 5136
f 5180 5224 5181
f 5224 5225 5181
f 5181 5225 5182
f 5225 5226 5182
f 5182 5226 5183
f 5226 5227 5183
f 5183 5227 5184
f 5227 5228 5184
f 5184 5228 5185
f 5228 5229 5185
f 5185 5229 5186
f 5229 5230 5186
f 5186 5230 5187
f 5230 5231 5187
f 5187 5231 5188
f 5231 5232 5188
f 5188 5232 5189
f 5232 5233 5189
f 5189 5233 5190
f 5233 5234 5190
f 5190 5234 5191
f 5234 5235 5191
f 5191 5235 5192
f 5235 5236 5192
f 5192 5236 5237
f 5192 5237 5193
f 5193 5237 5238
f 5193 5238 5194
f 5194 5238 5239
f 5194 5239 5195
f 5195 5239 5240
f 5195 5240 5196
f 5196 5240 5241
f 5196 5241 5197
f 5197 5241 5242
f 5197 5242 5198
f 5198 5242 5243
f 5198 5243 5199
f 5199 5243 5244
f 5199 5244 5200
f 5200 5244 5245
f 5200 5245 5201
f 5201 5245 5246
f 5201 5246 5202
f 5202 5246 5203
f 5246 5247 5203
f 5203 5247 5204
f 5247 5248 5204
f 5204 5248 5205
f 5248 5249 5205
f 5205 5249 5206
f 5249 5250 5206
f 5206 5250 5207
f 5250 5251 5207
f 5207 5251 5208
f 5251 5252 5208
f 5208 5252 5209
f 5252 5253 5209
f 5209 5253 5210
f 5253 5254 5210
f 5210 5254 5211
f 5254 5255 5211
f 5211 5255 5212
f 5255 5256 5212
f 5212 5256 5257
f 5212 5257 5213
f 5213 5257 5258
f 5213 5258 5214
f 5214 5258 5259
f 5214 5259 5215
f 5215 5259 5260
f 5215 5260 5216
f 5216 5260 5261
f 5216 5261 5217
f 5217 5261 5262
f 5217 5262 5218
f 5218 5262 5263
f 5218 5263 5219
f 5219 5263 5264
f 5219 5264 5220
f 5220 5264 5265
f 5220 5265 5221
f 5221 5265 5266
f 5221 5266 5222
f 5222 5266 5267
f 5222 5267 5223
f 5223 5267 5224
f 5223 5224 5180
f 5224 5268 5225
f 5268 5269 5225
f 5225 5269 5226
f 5269 5270 5226
f 5226 5270 5227
f 5270 5271 5227
f 5227 5271 5228
f 5271 5272 5228
f 5228 5272 5229
f 5272 5273 5229
f 5229 5273 5230
f 5273 5274 5230
f 5230 5274 5231
f 5274 5275 5231
f 5231 5275 5232
f 5275 5276 5232
f 5232 5276 5233
f 5276 5277 5233
f 5233 5277 5234
f 5277 5278 5234
f 5234 5278 5235
f 5278 5279 5235
f 5235 5279 5236
f 5279 5280 5236
f 5236 5280 5281
f 5236 5281 5237
f 5237 5281 5282
f 5237 5282 5238
f 5238 5282 5283
f 5238 5283 5239
f 5239 5283 5284
f 5239 5284 5240
f 5240 5284 5285
f 5240 5285 5241
f 5241 5285 5286
f 5241 5286 5242
f 5242 5286 5287
f 5242 5287 5243
f 5243 5287 5288
f 5243 5288 5244
f 5244 5288 5289
f 5244 5289 5245
f 5245 5289 5290
f 5245 5290 5246
f 5246 5290 5247
f 5290 5291 5247
f 5247 5291 5248
f 5291 5292 5248
f 5248 5292 5249
f 5292 5293 5249
f 5249 5293 5250
f 5293 5294 5250
f 5250 5294 5251
f 5294 5295 5251
f 5251 5295 5252
f 5295 5296 5252
f 5252 5296 5253
f 5296 5297 5253
f 5253 5297 5254
f 5297 5298 5254
f 5254 5298 5255
f 5298 5299 5255
f 5255 5299 5256
f 5299 5300 5256
f 5256 5300 5301
f 5256 5301 5257
f 5257 5301 5302
f 5257 5302 5258
f 5258 5302 5303
f 5258 5303 5259
f 5259 5303 5304
f 5259 5304 5260
f 5260 5304 5305
f 5260 5305 5261
f 5261 5305 5306
f 5261 5306 5262
f 5262 5306 5307
f 5262 5307 5263
f 5263 5307 5308
f 5263 5308 5264
f 5264 5308 5309
f 5264 5309 5265
f 5265 5309 5310
f 5265 5310 5266
f 5266 5310 5311
f 5266 5311 5267
f 5267 5311 5268
f 5267 5268 5224
f 5268 5312 5269
f 5312 5313 5269
f 5269 5313 5270
f 5313 5314 5270
f 5270 5314 5271
f 5314 5315 5271
f 5271 5315 5272
f 5315 5316 5272
f 5272 5316 5273
f 5316 5317 5273
f 5273 5317 5274
f 5317 5318 5274
f 5274 5318 5275
f 5318 5319 5275
f 5275 5319 5276
f 5319 5320 5276
f 5276 5320 5277
f 5320 5321 5277
f 5277 5321 5278
f 5321 5322 5278
f 5278 5322 5279
f 5322 5323 5279
f 5279 5323 5280
f 5323 5324 5280
f 5280 5324 5325
f 5280 5325 5281
f 5281 5325 5326
f 5281 5326 5282
f 5282 5326 5327
f 5282 5327 5283
f 5283 5327 5328
f 5283 5328 5284
f 5284 5328 5329
f 5284 5329 5285
f 5285 5329 5330
f 5285 5330 5286
f 5286 5330 5331
f 5286 5331 5287
f 5287 5331 5332
f 5287 5332 5288
f 5288 5332 5333
f 5288 5333 5289
f 5289 5333 5334
f 5289 5334 5290
f 5290 5334 5291
f 5334 5335 5291
f 5291 5335 5292
f 5335 5336 5292
f 5292 5336 5293
f 5336 5337 5293
f 5293 5337 5294
f 5337 5338 5294
f 5294 5338 5295
f 5338 5339 5295
f 5295 5339 5296
f 5339 5340 5296
f 5296 5340 5297
f 5340 5341 5297
f 5297 5341 5298
f 5341 5342 5298
f 5298 5342 5299
f 5342 5343 5299
f 5299 5343 5300
f 5343 5344 5300
f 5300 5344 5345
f 5300 5345 5301
f 5301 5345 5346
f 5301 5346 5302
f 5302 5346 5347
f 5302 5347 5303
f 5303 5347 5348
f 5303 5348 5304
f 5304 5348 5349
f 5304 5349 5305
f 5305 5349 5350
f 5305 5350 5306
f 5306 5350 5351
f 5306 5351 5307
f 5307 5351 5352
f 5307 5352 5308
f 5308 5352 5353
f 5308 5353 5309
f 5309 5353 5354
f 5309 5354 5310
f 5310 5354 5355
f 5310 5355 5311
f 5311 5355 5312
f 5311 5312 5268
f 5312 5356 5313
f 5356 5357 5313
f 5313 5357 5314
f 5357 5358 5314
f 5314 5358 5315
f 5358 5359 5315
f 5315 5359 5316
f 5359 5360 5316
f 5316 5360 5317
f 5360 5361 5317
f 5317 5361 5318
f 5361 5362 5318
f 5318 5362 5319
f 5362 5363 5319
f 5319 5363 5320
f 5363 5364 5320
f 5320 5364 5321
f 5364 5365 5321
f 5321 5365 5322
f 5365 5366 5322
f 5322 5366 5323
f 5366 5367 5323
f 5323 5367 5324
f 5367 5368 5324
f 5324 5368 5369
f 5324 5369 5325
f 5325 5369 5370
f 5325 5370 5326
f 5326 5370 5371
f 5326 5371 5327
f 5327 5371 5372
f 5327 5372 5328
f 5328 5372 5373
f 5328 5373 5329
f 5329 5373 5374
f 5329 5374 5330
f 5330 5374 5375
f 5330 5375 5331
f 5331 5375 5376
f 5331 5376 5332
f 5332 5376 5377
f 5332 5377 5333
f 5333 5377 5378
f 5333 5378 5334
f 5334 5378 5335
f 5378 5379 5335
f 5335 5379 5336
f 5379 5380 5336
f 5336 5380 5337
f 5380 5381 5337
f 5337 5381 5338
f 5381 5382 5338
f 5338 5382 5339
f 5382 5383 5339
f 5339 5383 5340
f 5383 5384 5340
f 5340 5384 5341
f 5384 5385 5341
f 5341 5385 5342
f 5385 5386 5342
f 5342 5386 5343
f 5386 5387 5343
f 5343 5387 5344
f 5387 5388 5344
f 5344 5388 5389
f 5344 5389 5345
f 5345 5389 5390
f 5345 5390 5346
f 5346 5390 5391
f 5346 5391 5347
f 5347 5391 5392
f 5347 5392 5348
f 5348 5392 5393
f 5348 5393 5349
f 5349 5393 5394
f 5349 5394 5350
f 5350 5394 5395
f 5350 5395 5351
f 5351 5395 5396
f 5351 5396 5352
f 5352 5396 5397
f 5352 5397 5353
f 5353 5397 5398
f 5353 5398 5354
f 5354 5398 5399
f 5354 5399 5355
f 5355 5399 5356
f 5355 5356 5312
f 5356 5400 5357
f 5400 5401 5357
f 5357 5401 5358
f 5401 5402 5358
f 5358 5402 5359
f 5402 5403 5359
f 5359 5403 5360
f 5403 5404 5360
f 5360 5404 5361
f 5404 5405 5361
f 5361 5405 5362
f 5405 5406 5362
f 5362 5406 5363
f 5406 5407 5363
f 5363 5407 5364
f 5407 5408 5364
f 5364 5408 5365
f 5408 5409 5365
f 5365 5409 5366
f 5409 5410 5366
f 5366 5410 5367
f 5410 5411 5367
f 5367 5411 5368
f 5411 5412 5368
f 5368 5412 5413
f 5368 5413 5369
f 5369 5413 5414
f 5369 5414 5370
f 5370 5414 5415
f 5370 5415 5371
f 5371 5415 5416
f 5371 5416 5372
f 5372 5416 5417
f 5372 5417 5373
f 5373 5417 5418
f 5373 5418 5374
f 5374 5418 5419
f 5374 5419 5375
f 5375 5419 5420
f 5375 5420 5376
f 5376 5420 5421
f 5376 5421 5377
f 5377 5421 5422
f 5377 5422 5378
f 5378 5422 5379
f 5422 5423 5379
f 5379 5423 5380
f 5423 5424 5380
f 5380 5424 5381
f 5424 5425 5381
f 5381 5425 5382
f 5425 5426 5382
f 5382 5426 5383
f 5426 5427 5383
f 5383 5427 5384
f 5427 5428 5384
f 5384 5428 5385
f 5428 5429 5385
f 5385 5429 5386
f 5429 5430 5386
f 5386 5430 5387
f 5430 5431 5387
f 5387 5431 5388
f 5431 5432 5388
f 5388 5432 5433
f 5388 5433 5389
f 5389 5433 5434
f 5389 5434 5390
f 5390 5434 5435
f 5390 5435 5391
f 5391 5435 5436
f 5391 5436 5392
f 5392 5436 5437
f 5392 5437 5393
f 5393 5437 5438
f 5393 5438 5394
f 5394 5438 5439
f 5394 5439 5395
f 5395 5439 5440
f 5395 5440 5396
f 5396 5440 5441
f 5396 5441 5397
f 5397 5441 5442
f 5397 5442 5398
f 5398 5442 5443
f 5398 5443 5399
f 5399 5443 5400
f 5399 5400 5356
f 5400 5444 5401
f 5444 5445 5401
f 5401 5445 5402
f 5445 5446 5402
f 5402 5446 5403
f 5446 5447 5403
f 5403 5447 5404
f 5447 5448 5404
f 5404 5448 5405
f 5448 5449 5405
f 5405 5449 5406
f 5449 5450 5406
f 5406 5450 5407
f 5450 5451 5407
f 5407 5451 5408
f 5451 5452 5408
f 5408 5452 5409
f 5452 5453 5409
f 5409 5453 5410
f 5453 5454 5410
f 5410 5454 5411
f 5454 5455 5411
f 5411 5455 5412
f 5455 5456 5412
f 5412 5456 5457
f 5412 5457 5413
f 5413 5457 5458
f 5413 5458 5414
f 5414 5458 5459
f 5414 5459 5415
f 5415 5459 5460
f 5415 5460 5416
f 5416 5460 5461
f 5416 5461 5417
f 5417 5461 5462
f 5417 5462 5418
f 5418 5462 5463
f 5418 5463 5419
f 5419 5463 5464
f 5419 5464 5420
f 5420 5464 5465
f 5420 5465 5421
f 5421 5465 5466
f 5421 5466 5422
f 5422 5466 5423
f 5466 5467 5423
f 5423 5467 5424
f 5467 5468 5424
f 5424 5468 5425
f 5468 5469 5425
f 5425 5469 5426
f 5469 5470 5426
f 5426 5470 5427
f 5470 5471 5427
f 5427 5471 5428
f 5471 5472 5428
f 5428 5472 5429
f 5472 5473 5429
f 5429 5473 5430
f 5473 5474 5430
f 5430 5474 5431
f 5474 5475 5431
f 5431 5475 5432
f 5475 5476 5432
f 5432 5476 5477
f 5432 5477 5433
f 5433 5477 5478
f 5433 5478 5434
f 5434 5478 5479
f 5434 5479 5435
f 5435 5479 5480
f 5435 5480 5436
f 5436 5480 5481
f 5436 5481 5437
f 5437 5481 5482
f 5437 5482 5438
f 5438 5482 5483
f 5438 5483 5439
f 5439 5483 5484
f 5439 5484 5440
f 5440 5484 5485
f 5440 5485 5441
f 5441 5485 5486
f 5441 5486 5442
f 5442 5486 5487
f 5442 5487 5443
f 5443 5487 5444
f 5443 5444 5400
f 5444 5488 5445
f 5488 5489 5445
f 5445 5489 5446
f 5489 5490 5446
f 5446 5490 5447
f 5490 5491 5447
f 5447 5491 5448
f 5491 5492 5448
f 5448 5492 5449
f 5492 5493 5449
f 5449 5493 5450
f 5493 5494 5450
f 5450 5494 5451
f 5494 5495 5451
f 5451 5495 5452
f 5495 5496 5452
f 5452 5496 5453
f 5496 5497 5453
f 5453 5497 5454
f 5497 5498 5454
f 5454 5498 5455
f 5498 5499 5455
f 5455 5499 5456
f 5499 5500 5456
f 5456 5500 5501
f 5456 5501 5457
f 5457 5501 5502
f 5457 5502 5458
f 5458 5502 5503
f 5458 5503 5459
f 5459 5503 5504
f 5459 5504 5460
f 5460 5504 5505
f 5460 5505 5461
f 5461 5505 5506
f 5461 5506 5462
f 5462 5506 5507
f 5462 5507 5463
f 5463 5507 5508
f 5463 5508 5464
f 5464 5508 5509
f 5464 5509 5465
f 5465 5509 5510
f 5465 5510 5466
f 5466 5510 5467
f 5510 5511 5467
f 5467 5511 5468
f 5511 5512 5468
f 5468 5512 5469
f 5512 5513 5469
f 5469 5513 5470
f 5513 5514 5470
f 5470 5514 5471
f 5514 5515 5471
f 5471 5515 5472
f 5515 5516 5472
f 5472 5516 5473
f 5516 5517 5473
f 5473 5517 5474
f 5517 5518 5474
f 5474 5518 5475
f 5518 5519 5475
f 5475 5519 5476
f 5519 5520 5476
f 5476 5520 5521
f 5476 5521 5477
f 5477 5521 5522
f 5477 5522 5478
f 5478 5522 5523
f 5478 5523 5479
f 5479 5523 5524
f 5479 5524 5480
f 5480 5524 5525
f 5480 5525 5481
f 5481 5525 5526
f 5481 5526 5482
f 5482 5526 5527
f 5482 5527 5483
f 5483 5527 5528
f 5483 5528 5484
f 5484 5528 5529
f 5484 5529 5485
f 5485 5529 5530
f 5485 5530 5486
f 5486 5530 5531
f 5486 5531 5487
f 5487 5531 5488
f 5487 5488 5444
f 5488 5532 5489
f 5532 5533 5489
f 5489 5533 5490
f 5533 5534 5490
f 5490 5534 5491
f 5534 5535 5491
f 5491 5535 5492
f 5535 5536 5492
f 5492 5536 5493
f 5536 5537 5493
f 5493 5537 5494
f 5537 5538 5494
f 5494 5538 5495
f 5538 5539 5495
f 5495 5539 5496
f 5539 5540 5496
f 5496 5540 5497
f 5540 5541 5497
f 5497 5541 5498
f 5541 5542 5498
f 5498 5542 5499
f 5542 5543 5499
f 5499 5543 5500
f 5543 5544 5500
f 5500 5544 5545
f 5500 5545 5501
f 5501 5545 5546
f 5501 5546 5502
f 5502 5546 5547
f 5502 5547 5503
f 5503 5547 5548
f 5503 5548 5504
f 5504 5548 5549
f 5504 5549 5505
f 5505 5549 5550
f 5505 5550 5506
f 5506 5550 5551
f 5506 5551 5507
f 5507 5551 5552
f 5507 5552 5508
f 5508 5552 5553
f 5508 5553 5509
f 5509 5553 5554
f 5509 5554 5510
f 5510 5554 5511
f 5554 5555 5511
f 5511 5555 5512
f 5555 5556 5512
f 5512 5556 5513
f 5556 5557 5513
f 5513 5557 5514
f 5557 5558 5514
f 5514 5558 5515
f 5558 5559 5515
f 5515 5559 5516
f 5559 5560 5516
f 5516 5560 5517
f 5560 5561 5517
f 5517 5561 5518
f 5561 5562 5518
f 5518 5562 5519
f 5562 5563 5519
f 5519 5563 5520
f 5563 5564 5520
f 5520 5564 5565
f 5520 5565 5521
f 5521 5565 5566
f 5521 5566 5522
f 5522 5566 5567
f 5522 5567 5523
f 5523 5567 5568
f 5523 5568 5524
f 5524 5568 5569
f 5524 5569 5525
f 5525 5569 5570
f 5525 5570 5526
f 5526 5570 5571
f 5526 5571 5527
f 5527 5571 5572
f 5527 5572 5528
f 5528 5572 5573
f 5528 5573 5529
f 5529 5573 5574
f 5529 5574 5530
f 5530 5574 5575
f 5530 5575 5531
f 5531 5575 5532
f 5531 5532 5488
f 5532 5576 5533
f 5576 5577 5533
f 5533 5577 5534
f 5577 5578 5534
f 5534 5578 5535
f 5578 5579 5535
f 5535 5579 5536
f 5579 5580 5536
f 5536 5580 5537
f 5580 5581 5537
f 5537 5581 5538
f 5581 5582 5538
f 5538 5582 5539
f 5582 5583 5539
f 5539 5583 5540
f 5583 5584 5540
f 5540 5584 5541
f 5584 5585 5541
f 5541 5585 5542
f 5585 5586 5542
f 5542 5586 5543
f 5586 5587 5543
f 5543 5587 5544
f 5587 5588 5544
f 5544 5588 5589
f 5544 5589 5545
f 5545 5589 5590
f 5545 5590 5546
f 5546 5590 5591
f 5546 5591 5547
f 5547 5591 5592
f 5547 5592 5548
f 5548 5592 5593
f 5548 5593 5549
f 5549 5593 5594
f 5549 5594 5550
f 5550 5594 5595
f 5550 5595 5551
f 5551 5595 5596
f 5551 5596 5552
f 5552 5596 5597
f 5552 5597 5553
f 5553 5597 5598
f 5553 5598 5554
f 5554 5598 5555
f 5598 5599 5555
f 5555 5599 5556
f 5599 5600 5556
f 5556 5600 5557
f 5600 5601 5557
f 5557 5601 5558
f 5601 5602 5558
f 5558 5602 5559
f 5602 5603 5559
f 5559 5603 5560
f 5603 5604 5560
f 5560 5604 5561
f 5604 5605 5561
f 5561 5605 5562
f 5605 5606 5562
f 5562 5606 5563
f 5606 5607 5563
f 5563 5607 5564
f 5607 5608 5564
f 5564 5608 5609
f 5564 5609 5565
f 5565 5609 5610
f 5565 5610 5566
f 5566 5610 5611
f 5566 5611 5567
f 5567 5611 5612
f 5567 5612 5568
f 5568 5612 5613
f 5568 5613 5569
f 5569 5613 5614
f 5569 5614 5570
f 5570 5614 5615
f 5570 5615 5571
f 5571 5615 5616
f 5571 5616 5572
f 5572 5616 5617
f 5572 5617 5573
f 5573 5617 5618
f 5573 5618 5574
f 5574 5618 5619
f 5574 5619 5575
f 5575 5619 5576
f 5575 5576 5532
f 5576 5620 5577
f 5620 5621 5577
f 5577 5621 5578
f 5621 5622 5578
f 5578 5622 5579
f 5622 5623 5579
f 5579 5623 5580
f 5623 5624 5580
f 5580 5624 5581
f 5624 5625 5581
f 5581 5625 5582
f 5625 5626 5582
f 5582 5626 5583
f 5626 5627 5583
f 5583 5627 5584
f 5627 5628 5584
f 5584 5628 5585
f 5628 5629 5585
f 5585 5629 5586
f 5629 5630 5586
f 5586 5630 5587
f 5630 5631 5587
f 5587 5631 5588
f 5631 5632 5588
f 5588 5632 5633
f 5588 5633 5589
f 5589 5633 5634
f 5589 5634 5590
f 5590 5634 5635
f 5590 5635 5591
f 5591 5635 5636
f 5591 5636 5592
f 5592 5636 5637
f 5592 5637 5593
f 5593 5637 5638
f 5593 5638 5594
f 5594 5638 5639
f 5594 5639 5595
f 5595 5639 5640
f 5595 5640 5596
f 5596 5640 5641
f 5596 5641 5597
f 5597 5641 5642
f 5597 5642 5598
f 5598 5642 5599
f 5642 5643 5599
f 5599 5643 5600
f 5643 5644 5600
f 5600 5644 5601
f 5644 5645 5601
f 5601 5645 5602
f 5645 5646 5602
f 5602 5646 5603
f 5646 5647 5603
f 5603 5647 5604
f 5647 5648 5604
f 5604 5648 5605
f 5648 5649 5605
f 5605 5649 5606
f 5649 5650 5606
f 5606 5650 5607
f 5650 5651 5607
f 5607 5651 5608
f 5651 5652 5608
f 5608 5652 5653
f 5608 5653 5609
f 5609 5653 5654
f 5609 5654 5610
f 5610 5654 5655
f 5610 5655 5611
f 5611 5655 5656
f 5611 5656 5612
f 5612 5656 5657
f 5612 5657 5613
f 5613 5657 5658
f 5613 5658 5614
f 5614 5658 5659
f 5614 5659 5615
f 5615 5659 5660
f 5615 5660 5616
f 5616 5660 5661
f 5616 5661 5617
f 5617 5661 5662
f 5617 5662 5618
f 5618 5662 5663
f 5618 5663 5619
f 5619 5663 5620
f 5619 5620 5576
f 5620 5664 5621
f 5664 5665 5621
f 5621 5665 5622
f 5665 5666 5622
f 5622 5666 5623
f 5666 5667 5623
f 5623 5667 5624
f 5667 5668 5624
f 5624 5668 5625
f 5668 5669 5625
f 5625 5669 5626
f 5669 5670 5626
f 5626 5670 5627
f 5670 5671 5627
f 5627 5671 5628
f 5671 5672 5628
f 5628 5672 5629
f 5672 5673 5629
f 5629 5673 5630
f 5673 5674 5630
f 5630 5674 5631
f 5674 5675 5631
f 5631 5675 5632
f 5675 5676 5632
f 5632 5676 5677
f 5632 5677 5633
f 5633 5677 5678
f 5633 5678 5634
f 5634 5678 5679
f 5634 5679 5635
f 5635 5679 5680
f 5635 5680 5636
f 5636 5680 5681
f 5636 5681 5637
f 5637 5681 5682
f 5637 5682 5638
f 5638 5682 5683
f 5638 5683 5639
f 5639 5683 5684
f 5639 5684 5640
f 5640 5684 5685
f 5640 5685 5641
f 5641 5685 5686
f 5641 5686 5642
f 5642 5686 5643
f 5686 5687 5643
f 5643 5687 5644
f 5687 5688 5644
f 5644 5688 5645
f 5688 5689 5645
f 5645 5689 5646
f 5689 5690 5646
f 5646 5690 5647
f 5690 5691 5647
f 5647 5691 5648
f 5691 5692 5648
f 5648 5692 5649
f 5692 5693 5649
f 5649 5693 5650
f 5693 5694 5650
f 5650 5694 5651
f 5694 5695 5651
f 5651 5695 5652
f 5695 5696 5652
f 5652 5696 5697
f 5652 5697 5653
f 5653 5697 5698
f 5653 5698 5654
f 5654 5698 5699
f 5654 5699 5655
f 5655 5699 5700
f 5655 5700 5656
f 5656 5700 5701
f 5656 5701 5657
f 5657 5701 5702
f 5657 5702 5658
f 5658 5702 5703
f 5658 5703 5659
f 5659 5703 5704
f 5659 5704 5660
f 5660 5704 5705
f 5660 5705 5661
f 5661 5705 5706
f 5661 5706 5662
f 5662 5706 5707
f 5662 5707 5663
f 5663 5707 5664
f 5663 5664 5620
f 5664 5708 5709
f 5664 5709 5665
f 5665 5709 5710
f 5665 5710 5666
f 5666 5710 5711
f 5666 5711 5667
f 5667 5711 5712
f 5667 5712 5668
f 5668 5712 5713
f 5668 5713 5669
f 5669 5713 5714
f 5669 5714 5670
f 5670 5714 5715
f 5670 5715 5671
f 5671 5715 5716
f 5671 5716 5672
f 5672 5716 5717
f 5672 5717 5673
f 5673 5717 5718
f 5673 5718 5674
f 5674 5718 5719
f 5674 5719 5675
f 5675 5719 5720
f 5675 5720 5676
f 5676 5720 5677
f 5720 5721 5677
f 5677 5721 5678
f 5721 5722 5678
f 5678 5722 5679
f 5722 5723 5679
f 5679 5723 5680
f 5723 5724 5680
f 5680 5724 5681
f 5724 5725 5681
f 5681 5725 5682
f 5725 5726 5682
f 5682 5726 5683
f 5726 5727 5683
f 5683 5727 5684
f 5727 5728 5684
f 5684 5728 5685
f 5728 5729 5685
f 5685 5729 5686
f 5729 5730 5686
f 5686 5730 5731
f 5686 5731 5687
f 5687 5731 5732
f 5687 5732 5688
f 5688 5732 5733
f 5688 5733 5689
f 5689 5733 5734
f 5689 5734 5690
f 5690 5734 5735
f 5690 5735 5691
f 5691 5735 5736
f 5691 5736 5692
f 5692 5736 5737
f 5692 5737 5693
f 5693 5737 5738
f 5693 5738 5694
f 5694 5738 5739
f 5694 5739 5695
f 5695 5739 5740
f 5695 5740 5696
f 5696 5740 5697
f 5740 5741 5697
f 5697 5741 5698
f 5741 5742 5698
f 5698 5742 5699
f 5742 5743 5699
f 5699 5743 5700
f 5743 5744 5700
f 5700 5744 5701
f 5744 5745 5701
f 5701 5745 5702
f 5745 5746 5702
f 5702 5746 5703
f 5746 5747 5703
f 5703 5747 5704
f 5747 5748 5704
f 5704 5748 5705
f 5748 5749 5705
f 5705 5749 5706
f 5749 5750 5706
f 5706 5750 5707
f 5750 5751 5707
f 5707 5751 5664
f 5751 5708 5664
f 5708 5752 5753
f 5708 5753 5709
f 5709 5753 5754
f 5709 5754 5710
f 5710 5754 5755
f 5710 5755 5711
f 5711 5755 5756
f 5711 5756 5712
f 5712 5756 5757
f 5712 5757 5713
f 5713 5757 5758
f 5713 5758 5714
f 5714 5758 5759
f 5714 5759 5715
f 5715 5759 5760
f 5715 5760 5716
f 5716 5760 5761
f 5716 5761 5717
f 5717 5761 5762
f 5717 5762 5718
f 5718 5762 5763
f 5718 5763 5719
f 5719 5763 5764
f 5719 5764 5720
f 5720 5764 5721
f 5764 5765 5721
f 5721 5765 5722
f 5765 5766 5722
f 5722 5766 5723
f 5766 5767 5723
f 5723 5767 5724
f 5767 5768 5724
f 5724 5768 5725
f 5768 5769 5725
f 5725 5769 5726
f 5769 5770 5726
f 5726 5770 5727
f 5770 5771 5727
f 5727 5771 5728
f 5771 5772 5728
f 5728 5772 5729
f 5772 5773 5729
f 5729 5773 5730
f 5773 5774 5730
f 5730 5774 5775
f 5730 5775 5731
f 5731 5775 5776
f 5731 5776 5732
f 5732 5776 5777
f 5732 5777 5733
f 5733 5777 5778
f 5733 5778 5734
f 5734 5778 5779
f 5734 5779 5735
f 5735 5779 5780
f 5735 5780 5736
f 5736 5780 5781
f 5736 5781 5737
f 5737 5781 5782
f 5737 5782 5738
f 5738 5782 5783
f 5738 5783 5739
f 5739 5783 5784
f 5739 5784 5740
f 5740 5784 5741
f 5784 5785 5741
f 5741 5785 5742
f 5785 5786 5742
f 5742 5786 5743
f 5786 5787 5743
f 5743 5787 5744
f 5787 5788 5744
f 5744 5788 5745
f 5788 5789 5745
f 5745 5789 5746
f 5789 5790 5746
f 5746 5790 5747
f 5790 5791 5747
f 5747 5791 5748
f 5791 5792 5748
f 5748 5792 5749
f 5792 5793 5749
f 5749 5793 5750
f 5793 5794 5750
f 5750 5794 5751
f 5794 5795 5751
f 5751 5795 5708
f 5795 5752 5708
f 5752 5796 5797
f 5752 5797 5753
f 5753 5797 5798
f 5753 5798 5754
f 5754 5798 5799
f 5754 5799 5755
f 5755 5799 5800
f 5755 5800 5756
f 5756 5800 5801
f 5756 5801 5757
f 5757 5801 5802
f 5757 5802 5758
f 5758 5802 5803
f 5758 5803 5759
f 5759 5803 5804
f 5759 5804 5760
f 5760 5804 5805
f 5760 5805 5761
f 5761 5805 5806
f 5761 5806 5762
f 5762 5806 5807
f 5762 5807 5763
f 5763 5807 5808
f 5763 5808 5764
f 5764 5808 5765
f 5808 5809 5765
f 5765 5809 5766
f 5809 5810 5766
f 5766 5810 5767
f 5810 5811 5767
f 5767 5811 5768
f 5811 5812 5768
f 5768 5812 5769
f 5812 5813 5769
f 5769 5813 5770
f 5813 5814 5770
f 5770 5814 5771
f 5814 5815 5771
f 5771 5815 5772
f 5815 5816 5772
f 5772 5816 5773
f 5816 5817 5773
f 5773 5817 5774
f 5817 5818 5774
f 5774 5818 5819
f 5774 5819 5775
f 5775 5819 5820
f 5775 5820 5776
f 5776 5820 5821
f 5776 5821 5777
f 5777 5821 5822
f 5777 5822 5778
f 5778 5822 5823
f 5778 5823 5779
f 5779 5823 5824
f 5779 5824 5780
f 5780 5824 5825
f 5780 5825 5781
f 5781 5825 5826
f 5781 5826 5782
f 5782 5826 5827
f 5782 5827 5783
f 5783 5827 5828
f 5783 5828 5784
f 5784 5828 5785
f 5828 5829 5785
f 5785 5829 5786
f 5829 5830 5786
f 5786 5830 5787
f 5830 5831 5787
f 5787 5831 5788
f 5831 5832 5788
f 5788 5832 5789
f 5832 5833 5789
f 5789 5833 5790
f 5833 5834 5790
f 5790 5834 5791
f 5834 5835 5791
f 5791 5835 5792
f 5835 5836 5792
f 5792 5836 5793
f 5836 5837 5793
f 5793 5837 5794
f 5837 5838 5794
f 5794 5838 5795
f 5838 5839 5795
f 5795 5839 5752
f 5839 5796 5752
f 5796 5840 5841
f 5796 5841 5797
f 5797 5841 5842
f 5797 5842 5798
f 5798 5842 5843
f 5798 5843 5799
f 5799 5843 5844
f 5799 5844 5800
f 5800 5844 5845
f 5800 5845 5801
f 5801 5845 5846
f 5801 5846 5802
f 5802 5846 5847
f 5802 5847 5803
f 5803 5847 5848
f 5803 5848 5804
f 5804 5848 5849
f 5804 5849 5805
f 5805 5849 5850
f 5805 5850 5806
f 5806 5850 5851
f 5806 5851 5807
f 5807 5851 5852
f 5807 5852 5808
f 5808 5852 5809
f 5852 5853 5809
f 5809 5853 5810
f 5853 5854 5810
f 5810 5854 5811
f 5854 5855 5811
f 5811 5855 5812
f 5855 5856 5812
f 5812 5856 5813
f 5856 5857 5813
f 5813 5857 5814
f 5857 5858 5814
f 5814 5858 5815
f 5858 5859 5815
f 5815 5859 5816
f 5859 5860 5816
f 5816 5860 5817
f 5860 5861 5817
f 5817 5861 5818
f 5861 5862 5818
f 5818 5862 5863
f 5818 5863 5819
f 5819 5863 5864
f 5819 5864 5820
f 5820 5864 5865
f 5820 5865 5821
f 5821 5865 5866
f 5821 5866 5822
f 5822 5866 5867
f 5822 5867 5823
f 5823 5867 5868
f 5823 5868 5824
f 5824 5868 5869
f 5824 5869 5825
f 5825 5869 5870
f 5825 5870 5826
f 5826 5870 5871
f 5826 5871 5827
f 5827 5871 5872
f 5827 5872 5828
f 5828 5872 5829
f 5872 5873 5829
f 5829 5873 5830
f 5873 5874 5830
f 5830 5874 5831
f 5874 5875 5831
f 5831 5875 5832
f 5875 5876 5832
f 5832 5876 5833
f 5876 5877 5833
f 5833 5877 5834
f 5877 5878 5834
f 5834 5878 5835
f 5878 5879 5835
f 5835 5879 5836
f 5879 5880 5836
f 5836 5880 5837
f 5880 5881 5837
f 5837 5881 5838
f 5881 5882 5838
f 5838 5882 5839
f 5882 5883 5839
f 5839 5883 5796
f 5883 5840 5796
f 5840 5884 5885
f 5840 5885 5841
f 5841 5885 5886
f 5841 5886 5842
f 5842 5886 5887
f 5842 5887 5843
f 5843 5887 5888
f 5843 5888 5844
f 5844 5888 5889
f 5844 5889 5845
f 5845 5889 5890
f 5845 5890 5846
f 5846 5890 5891
f 5846 5891 5847
f 5847 5891 5892
f 5847 5892 5848
f 5848 5892 5893
f 5848 5893 5849
f 5849 5893 5894
f 5849 5894 5850
f 5850 5894 5895
f 5850 5895 5851
f 5851 5895 5896
f 5851 5896 5852
f 5852 5896 5853
f 5896 5897 5853
f 5853 5897 5854
f 5897 5898 5854
f 5854 5898 5855
f 5898 5899 5855
f 5855 5899 5856
f 5899 5900 5856
f 5856 5900 5857
f 5900 5901 5857
f 5857 5901 5858
f 5901 5902 5858
f 5858 5902 5859
f 5902 5903 5859
f 5859 5903 5860
f 5903 5904 5860
f 5860 5904 5861
f 5904 5905 5861
f 5861 5905 5862
f 5905 5906 5862
f 5862 5906 5907
f 5862 5907 5863
f 5863 5907 5908
f 5863 5908 5864
f 5864 5908 5909
f 5864 5909 5865
f 5865 5909 5910
f 5865 5910 5866
f 5866 5910 5911
f 5866 5911 5867
f 5867 5911 5912
f 5867 5912 5868
f 5868 5912 5913
f 5868 5913 5869
f 5869 5913 5914
f 5869 5914 5870
f 5870 5914 5915
f 5870 5915 5871
f 5871 5915 5916
f 5871 5916 5872
f 5872 5916 5873
f 5916 5917 5873
f 5873 5917 5874
f 5917 5918 5874
f 5874 5918 5875
f 5918 5919 5875
f 5875 5919 5876
f 5919 5920 5876
f 5876 5920 5877
f 5920 5921 5877
f 5877 5921 5878
f 5921 5922 5878
f 5878 5922 5879
f 5922 5923 5879
f 5879 5923 5880
f 5923 5924 5880
f 5880 5924 5881
f 5924 5925 5881
f 5881 5925 5882
f 5925 5926 5882
f 5882 5926 5883
f 5926 5927 5883
f 5883 5927 5840
f 5927 5884 5840
f 5884 5928 5929
f 5884 5929 5885
f 5885 5929 5930
f 5885 5930 5886
f 5886 5930 5931
f 5886 5931 5887
f 5887 5931 5932
f 5887 5932 5888
f 5888 5932 5933
f 5888 5933 5889
f 5889 5933 5934
f 5889 5934 5890
f 5890 5934 5935
f 5890 5935 5891
f 5891 5935 5936
f 5891 5936 5892
f 5892 5936 5937
f 5892 5937 5893
f 5893 5937 5938
f 5893 5938 5894
f 5894 5938 5939
f 5894 5939 5895
f 5895 5939 5940
f 5895 5940 5896
f 5896 5940 5897
f 5940 5941 5897
f 5897 5941 5898
f 5941 5942 5898
f 5898 5942 5899
f 5942 5943 5899
f 5899 5943 5900
f 5943 5944 5900
f 5900 5944 5901
f 5944 5945 5901
f 5901 5945 5902
f 5945 5946 5902
f 5902 5946 5903
f 5946 5947 5903
f 5903 5947 5904
f 5947 5948 5904
f 5904 5948 5905
f 5948 5949 5905
f 5905 5949 5906
f 5949 5950 5906
f 5906 5950 5951
f 5906 5951 5907
f 5907 5951 5952
f 5907 5952 5908
f 5908 5952 5953
f 5908 5953 5909
f 5909 5953 5954
f 5909 5954 5910
f 5910 5954 5955
f 5910 5955 5911
f 5911 5955 5956
f 5911 5956 5912
f 5912 5956 5957
f 5912 5957 5913
f 5913 5957 5958
f 5913 5958 5914
f 5914 5958 5959
f 5914 5959 5915
f 5915 5959 5960
f 5915 5960 5916
f 5916 5960 5917
f 5960 5961 5917
f 5917 5961 5918
f 5961 5962 5918
f 5918 5962 5919
f 5962 5963 5919
f 5919 5963 5920
f 5963 5964 5920
f 5920 5964 5921
f 5964 5965 5921
f 5921 5965 5922
f 5965 5966 5922
f 5922 5966 5923
f 5966 5967 5923
f 5923 5967 5924
f 5967 5968 5924
f 5924 5968 5925
f 5968 5969 5925
f 5925 5969 5926
f 5969 5970 5926
f 5926 5970 5927
f 5970 5971 5927
f 5927 5971 5884
f 5971 5928 5884
f 5928 5972 5929
f 5930 5929 5973
f 5930 5973 5931
f 5931 5973 5974
f 5931 5974 5932
f 5932 5974 5975
f 5932 5975 5933
f 5933 5975 5976
f 5933 5976 5934
f 5934 5976 5977
f 5934 5977 5935
f 5935 5977 5978
f 5935 5978 5936
f 5936 5978 5979
f 5936 5979 5937
f 5937 5979 5980
f 5937 5980 5938
f 5938 5980 5981
f 5938 5981 5939
f 5939 5981 5982
f 5939 5982 5940
f 5940 5982 5941
f 5982 5983 5941
f 5941 5983 5942
f 5983 5984 5942
f 5942 5984 5943
f 5984 5985 5943
f 5943 5985 5944
f 5985 5986 5944
f 5944 5986 5945
f 5986 5987 5945
f 5945 5987 5946
f 5987 5988 5946
f 5946 5988 5947
f 5988 5989 5947
f 5947 5989 5948
f 5989 5990 5948
f 5948 5990 5949
f 5990 5991 5949
f 5949 5991 5950
f 5950 5992 5951
f 5951 5992 5993
f 5951 5993 5952
f 5952 5993 5994
f 5952 5994 5953
f 5953 5994 5995
f 5953 5995 5954
f 5954 5995 5996
f 5954 5996 5955
f 5955 5996 5997
f 5955 5997 5956
f 5956 5997 5998
f 5956 5998 5957
f 5957 5998 5999
f 5957 5999 5958
f 5958 5999 6000
f 5958 6000 5959
f 5959 6000 6001
f 5959 6001 5960
f 5960 6001 5961
f 6001 6002 5961
f 5961 6002 5962
f 6002 6003 5962
f 5962 6003 5963
f 6003 6004 5963
f 5963 6004 5964
f 6004 6005 5964
f 5964 6005 5965
f 6005 6006 5965
f 5965 6006 5966
f 6006 6007 5966
f 5966 6007 5967
f 6007 6008 5967
f 5967 6008 5968
f 6008 6009 5968
f 5968 6009 5969
f 6009 6010 5969
f 5969 6010 5970
f 6010 5971 5970
f 5971 6011 5928
f 5972 5928 5929
f 5929 5928 6012
f 5929 6012 5973
f 5973 6012 6013
f 5973 6013 5974
f 5974 6013 6014
f 5974 6014 5975
f 5975 6014 6015
f 5975 6015 5976
f 5976 6015 6016
f 5976 6016 5977
f 5977 6016 6017
f 5977 6017 5978
f 5978 6017 6018
f 5978 6018 5979
f 5979 6018 6019
f 5979 6019 5980
f 5980 6019 6020
f 5980 6020 5981
f 5981 6020 6021
f 5981 6021 5982
f 5982 6021 5983
f 6021 6022 5983
f 5983 6022 5984
f 6022 6023 5984
f 5984 6023 5985
f 6023 6024 5985
f 5985 6024 5986
f 6024 6025 5986
f 5986 6025 5987
f 6025 6026 5987
f 5987 6026 5988
f 6026 6027 5988
f 5988 6027 5989
f 6027 6028 5989
f 5989 6028 5990
f 6028 6029 5990
f 5990 6029 5991
f 6029 6030 5991
f 5991 6030 5950
f 5950 6030 5992
f 5992 6030 6029
f 5992 6029 5993
f 5993 6029 6028
f 5993 6028 5994
f 5994 6028 6027
f 5994 6027 5995
f 5995 6027 6026
f 5995 6026 5996
f 5996 6026 6025
f 5996 6025 5997
f 5997 6025 6024
f 5997 6024 5998
f 5998 6024 6023
f 5998 6023 5999
f 5999 6023 6022
f 5999 6022 6000
f 6000 6022 6021
f 6000 6021 6001
f 6001 6021 6002
f 6021 6020 6002
f 6002 6020 6003
f 6020 6019 6003
f 6003 6019 6004
f 6019 6018 6004
f 6004 6018 6005
f 6018 6017 6005
f 6005 6017 6006
f 6017 6016 6006
f 6006 6016 6007
f 6016 6015 6007
f 6007 6015 6008
f 6015 6014 6008
f 6008 6014 6009
f 6014 6013 6009
f 6009 6013 6010
f 6013 6012 6010
f 6010 6012 5971
f 6012 5928 5971
f 5971 5928 6011
f 6031 6032 6033
f 6032 6034 6033
f 6034 6035 6033
f 6035 6036 6033
f 6036 6037 6033
f 6037 6038 6033
f 6033 6038 6039
f 6033 6039 6040
f 6033 6040 6041
f 6033 6041 6042
f 6033 6042 6043
f 6033 6043 6044
f 6044 6045 6033
f 6045 6046 6033
f 6046 6047 6033
f 6047 6048 6033
f 6048 6049 6033
f 6049 6050 6033
f 6033 6050 6051
f 6033 6051 6052
f 6033 6052 6053
f 6033 6053 6054
f 6033 6054 6055
f 6033 6055 6031
f 6031 6056 6032
f 6056 6057 6032
f 6032 6057 6034
f 6057 6058 6034
f 6034 6058 6035
f 6058 6059 6035
f 6035 6059 6036
f 6059 6060 6036
f 6036 6060 6037
f 6060 6061 6037
f 6037 6061 6038
f 6061 6062 6038
f 6038 6062 6063
f 6038 6063 6039
f 6039 6063 6064
f 6039 6064 6040
f 6040 6064 6065
f 6040 6065 6041
f 6041 6065 6066
f 6041 6066 6042
f 6042 6066 6067
f 6042 6067 6043
f 6043 6067 6068
f 6043 6068 6044
f 6044 6068 6045
f 6068 6069 6045
f 6045 6069 6046
f 6069 6070 6046
f 6046 6070 6047
f 6070 6071 6047
f 6047 6071 6048
f 6071 6072 6048
f 6048 6072 6049
f 6072 6073 6049
f 6049 6073 6050
f 6073 6074 6050
f 6050 6074 6075
f 6050 6075 6051
f 6051 6075 6076
f 6051 6076 6052
f 6052 6076 6077
f 6052 6077 6053
f 6053 6077 6078
f 6053 6078 6054
f 6054 6078 6079
f 6054 6079 6055
f 6055 6079 6056
f 6055 6056 6031
f 6056 6080 6057
f 6080 6081 6057
f 6057 6081 6058
f 6081 6082 6058
f 6058 6082 6059
f 6082 6083 6059
f 6059 6083 6060
f 6083 6084 6060
f 6060 6084 6061
f 6084 6085 6061
f 6061 6085 6062
f 6085 6086 6062
f 6062 6086 6087
f 6062 6087 6063
f 6063 6087 6088
f 6063 6088 6064
f 6064 6088 6089
f 6064 6089 6065
f 6065 6089 6090
f 6065 6090 6066
f 6066 6090 6091
f 6066 6091 6067
f 6067 6091 6092
f 6067 6092 6068
f 6068 6092 6069
f 6092 6093 6069
f 6069 6093 6070
f 6093 6094 6070
f 6070 6094 6071
f 6094 6095 6071
f 6071 6095 6072
f 6095 6096 6072
f 6072 6096 6073
f 6096 6097 6073
f 6073 6097 6074
f 6097 6098 6074
f 6074 6098 6099
f 6074 6099 6075
f 6075 6099 6100
f 6075 6100 6076
f 6076 6100 6101
f 6076 6101 6077
f 6077 6101 6102
f 6077 6102 6078
f 6078 6102 6103
f 6078 6103 6079
f 6079 6103 6080
f 6079 6080 6056
f 6080 6104 6081
f 6104 6105 6081
f 6081 6105 6082
f 6105 6106 6082
f 6082 6106 6083
f 6106 6107 6083
f 6083 6107 6084
f 6107 6108 6084
f 6084 6108 6085
f 6108 6109 6085
f 6085 6109 6086
f 6109 6110 6086
f 6086 6110 6111
f 6086 6111 6087
f 6087 6111 6112
f 6087 6112 6088
f 6088 6112 6113
f 6088 6113 6089
f 6089 6113 6114
f 6089 6114 6090
f 6090 6114 6115
f 6090 6115 6091
f 6091 6115 6116
f 6091 6116 6092
f 6092 6116 6093
f 6116 6117 6093
f 6093 6117 6094
f 6117 6118 6094
f 6094 6118 6095
f 6118 6119 6095
f 6095 6119 6096
f 6119 6120 6096
f 6096 6120 6097
f 6120 6121 6097
f 6097 6121 6098
f 6121 6122 6098
f 6098 6122 6123
f 6098 6123 6099
f 6099 6123 6124
f 6099 6124 6100
f 6100 6124 6125
f 6100 6125 6101
f 6101 6125 6126
f 6101 6126 6102
f 6102 6126 6127
f 6102 6127 6103
f 6103 6127 6104
f 6103 6104 6080
f 6104 6128 6105
f 6128 6129 6105
f 6105 6129 6106
f 6129 6130 6106
f 6106 6130 6107
f 6130 6131 6107
f 6107 6131 6108
f 6131 6132 6108
f 6108 6132 6109
f 6132 6133 6109
f 6109 6133 6110
f 6133 6134 6110
f 6110 6134 6135
f 6110 6135 6111
f 6111 6135 6136
f 6111 6136 6112
f 6112 6136 6137
f 6112 6137 6113
f 6113 6137 6138
f 6113 6138 6114
f 6114 6138 6139
f 6114 6139 6115
f 6115 6139 6140
f 6115 6140 6116
f 6116 6140 6117
f 6140 6141 6117
f 6117 6141 6118
f 6141 6142 6118
f 6118 6142 6119
f 6142 6143 6119
f 6119 6143 6120
f 6143 6144 6120
f 6120 6144 6121
f 6144 6145 6121
f 6121 6145 6122
f 6145 6146 6122
f 6122 6146 6147
f 6122 6147 6123
f 6123 6147 6148
f 6123 6148 6124
f 6124 6148 6149
f 6124 6149 6125
f 6125 6149 6150
f 6125 6150 6126
f 6126 6150 6151
f 6126 6151 6127
f 6127 6151 6128
f 6127 6128 6104
f 6128 6152 6129
f 6152 6153 6129
f 6129 6153 6130
f 6153 6154 6130
f 6130 6154 6131
f 6154 6155 6131
f 6131 6155 6132
f 6155 6156 6132
f 6132 6156 6133
f 6156 6157 6133
f 6133 6157 6134
f 6157 6158 6134
f 6134 6158 6159
f 6134 6159 6135
f 6135 6159 6160
f 6135 6160 6136
f 6136 6160 6161
f 6136 6161 6137
f 6137 6161 6162
f 6137 6162 6138
f 6138 6162 6163
f 6138 6163 6139
f 6139 6163 6164
f 6139 6164 6140
f 6140 6164 6141
f 6164 6165 6141
f 6141 6165 6142
f 6165 6166 6142
f 6142 6166 6143
f 6166 6167 6143
f 6143 6167 6144
f 6167 6168 6144
f 6144 6168 6145
f 6168 6169 6145
f 6145 6169 6146
f 6169 6170 6146
f 6146 6170 6171
f 6146 6171 6147
f 6147 6171 6172
f 6147 6172 6148
f 6148 6172 6173
f 6148 6173 6149
f 6149 6173 6174
f 6149 6174 6150
f 6150 6174 6175
f 6150 6175 6151
f 6151 6175 6152
f 6151 6152 6128
f 6152 6176 6153
f 6176 6177 6153
f 6153 6177 6154
f 6177 6178 6154
f 6154 6178 6155
f 6178 6179 6155
f 6155 6179 6156
f 6179 6180 6156
f 6156 6180 6157
f 6180 6181 6157
f 6157 6181 6158
f 6181 6182 6158
f 6158 6182 6183
f 6158 6183 6159
f 6159 6183 6184
f 6159 6184 6160
f 6160 6184 6185
f 6160 6185 6161
f 6161 6185 6186
f 6161 6186 6162
f 6162 6186 6187
f 6162 6187 6163
f 6163 6187 6188
f 6163 6188 6164
f 6164 6188 6165
f 6188 6189 6165
f 6165 6189 6166
f 6189 6190 6166
f 6166 6190 6167
f 6190 6191 6167
f 6167 6191 6168
f 6191 6192 6168
f 6168 6192 6169
f 6192 6193 6169
f 6169 6193 6170
f 6193 6194 6170
f 6170 6194 6195
f 6170 6195 6171
f 6171 6195 6196
f 6171 6196 6172
f 6172 6196 6197
f 6172 6197 6173
f 6173 6197 6198
f 6173 6198 6174
f 6174 6198 6199
f 6174 6199 6175
f 6175 6199 6176
f 6175 6176 6152
f 6176 6200 6177
f 6200 6201 6177
f 6177 6201 6178
f 6201 6202 6178
f 6178 6202 6179
f 6202 6203 6179
f 6179 6203 6180
f 6203 6204 6180
f 6180 6204 6181
f 6204 6205 6181
f 6181 6205 6182
f 6205 6206 6182
f 6182 6206 6207
f 6182 6207 6183
f 6183 6207 6208
f 6183 6208 6184
f 6184 6208 6209
f 6184 6209 6185
f 6185 6209 6210
f 6185 6210 6186
f 6186 6210 6211
f 6186 6211 6187
f 6187 6211 6212
f 6187 6212 6188
f 6188 6212 6189
f 6212 6213 6189
f 6189 6213 6190
f 6213 6214 6190
f 6190 6214 6191
f 6214 6215 6191
f 6191 6215 6192
f 6215 6216 6192
f 6192 6216 6193
f 6216 6217 6193
f 6193 6217 6194
f 6217 6218 6194
f 6194 6218 6219
f 6194 6219 6195
f 6195 6219 6220
f 6195 6220 6196
f 6196 6220 6221
f 6196 6221 6197
f 6197 6221 6222
f 6197 6222 6198
f 6198 6222 6223
f 6198 6223 6199
f 6199 6223 6200
f 6199 6200 6176
f 6200 6224 6201
f 6224 6225 6201
f 6201 6225 6202
f 6225 6226 6202
f 6202 6226 6203
f 6226 6227 6203
f 6203 6227 6204
f 6227 6228 6204
f 6204 6228 6205
f 6228 6229 6205
f 6205 6229 6206
f 6229 6230 6206
f 6206 6230 6231
f 6206 6231 6207
f 6207 6231 6232
f 6207 6232 6208
f 6208 6232 6233
f 6208 6233 6209
f 6209 6233 6234
f 6209 6234 6210
f 6210 6234 6235
f 6210 6235 6211
f 6211 6235 6236
f 6211 6236 6212
f 6212 6236 6213
f 6236 6237 6213
f 6213 6237 6214
f 6237 6238 6214
f 6214 6238 6215
f 6238 6239 6215
f 6215 6239 6216
f 6239 6240 6216
f 6216 6240 6217
f 6240 6241 6217
f 6217 6241 6218
f 6241 6242 6218
f 6218 6242 6243
f 6218 6243 6219
f 6219 6243 6244
f 6219 6244 6220
f 6220 6244 6245
f 6220 6245 6221
f 6221 6245 6246
f 6221 6246 6222
f 6222 6246 6247
f 6222 6247 6223
f 6223 6247 6224
f 6223 6224 6200
f 6224 6248 6225
f 6248 6249 6225
f 6225 6249 6226
f 6249 6250 6226
f 6226 6250 6227
f 6250 6251 6227
f 6227 6251 6228
f 6251 6252 6228
f 6228 6252 6229
f 6252 6253 6229
f 6229 6253 6230
f 6253 6254 6230
f 6230 6254 6255
f 6230 6255 6231
f 6231 6255 6256
f 6231 6256 6232
f 6232 6256 6257
f 6232 6257 6233
f 6233 6257 6258
f 6233 6258 6234
f 6234 6258 6259
f 6234 6259 6235
f 6235 6259 6260
f 6235 6260 6236
f 6236 6260 6237
f 6260 6261 6237
f 6237 6261 6238
f 6261 6262 6238
f 6238 6262 6239
f 6262 6263 6239
f 6239 6263 6240
f 6263 6264 6240
f 6240 6264 6241
f 6264 6265 6241
f 6241 6265 6242
f 6265 6266 6242
f 6242 6266 6267
f 6242 6267 6243
f 6243 6267 6268
f 6243 6268 6244
f 6244 6268 6269
f 6244 6269 6245
f 6245 6269 6270
f 6245 6270 6246
f 6246 6270 6271
f 6246 6271 6247
f 6247 6271 6248
f 6247 6248 6224
f 6248 6272 6273
f 6248 6273 6249
f 6249 6273 6274
f 6249 6274 6250
f 6250 6274 6275
f 6250 6275 6251
f 6251 6275 6276
f 6251 6276 6252
f 6252 6276 6277
f 6252 6277 6253
f 6253 6277 6278
f 6253 6278 6254
f 6254 6278 6255
f 6278 6279 6255
f 6255 6279 6256
f 6279 6280 6256
f 6256 6280 6257
f 6280 6281 6257
f 6257 6281 6258
f 6281 6282 6258
f 6258 6282 6259
f 6282 6283 6259
f 6259 6283 6260
f 6283 6284 6260
f 6260 6284 6285
f 6260 6285 6261
f 6261 6285 6286
f 6261 6286 6262
f 6262 6286 6287
f 6262 6287 6263
f 6263 6287 6288
f 6263 6288 6264
f 6264 6288 6289
f 6264 6289 6265
f 6265 6289 6290
f 6265 6290 6266
f 6266 6290 6267
f 6290 6291 6267
f 6267 6291 6268
f 6291 6292 6268
f 6268 6292 6269
f 6292 6293 6269
f 6269 6293 6270
f 6293 6294 6270
f 6270 6294 6271
f 6294 6295 6271
f 6271 6295 6248
f 6295 6272 6248
f 6272 6296 6297
f 6272 6297 6273
f 6273 6297 6298
f 6273 6298 6274
f 6274 6298 6299
f 6274 6299 6275
f 6275 6299 6300
f 6275 6300 6276
f 6276 6300 6301
f 6276 6301 6277
f 6277 6301 6302
f 6277 6302 6278
f 6278 6302 6279
f 6302 6303 6279
f 6279 6303 6280
f 6303 6304 6280
f 6280 6304 6281
f 6304 6305 6281
f 6281 6305 6282
f 6305 6306 6282
f 6282 6306 6283
f 6306 6307 6283
f 6283 6307 6284
f 6307 6308 6284
f 6284 6308 6309
f 6284 6309 6285
f 6285 6309 6310
f 6285 6310 6286
f 6286 6310 6311
f 6286 6311 6287
f 6287 6311 6312
f 6287 6312 6288
f 6288 6312 6313
f 6288 6313 6289
f 6289 6313 6314
f 6289 6314 6290
f 6290 6314 6291
f 6314 6315 6291
f 6291 6315 6292
f 6315 6316 6292
f 6292 6316 6293
f 6316 6317 6293
f 6293 6317 6294
f 6317 6318 6294
f 6294 6318 6295
f 6318 6319 6295
f 6295 6319 6272
f 6319 6296 6272
f 6296 6320 6321
f 6296 6321 6297
f 6297 6321 6322
f 6297 6322 6298
f 6298 6322 6323
f 6298 6323 6299
f 6299 6323 6324
f 6299 6324 6300
f 6300 6324 6325
f 6300 6325 6301
f 6301 6325 6326
f 6301 6326 6302
f 6302 6326 6303
f 6326 6327 6303
f 6303 6327 6304
f 6327 6328 6304
f 6304 6328 6305
f 6328 6329 6305
f 6305 6329 6306
f 6329 6330 6306
f 6306 6330 6307
f 6330 6331 6307
f 6307 6331 6308
f 6331 6332 6308
f 6308 6332 6333
f 6308 6333 6309
f 6309 6333 6334
f 6309 6334 6310
f 6310 6334 6335
f 6310 6335 6311
f 6311 6335 6336
f 6311 6336 6312
f 6312 6336 6337
f 6312 6337 6313
f 6313 6337 6338
f 6313 6338 6314
f 6314 6338 6315
f 6338 6339 6315
f 6315 6339 6316
f 6339 6340 6316
f 6316 6340 6317
f 6340 6341 6317
f 6317 6341 6318
f 6341 6342 6318
f 6318 6342 6319
f 6342 6343 6319
f 6319 6343 6296
f 6343 6320 6296
f 6320 6344 6345
f 6320 6345 6321
f 6321 6345 6346
f 6321 6346 6322
f 6322 6346 6347
f 6322 6347 6323
f 6323 6347 6348
f 6323 6348 6324
f 6324 6348 6349
f 6324 6349 6325
f 6325 6349 6350
f 6325 6350 6326
f 6326 6350 6327
f 6350 6351 6327
f 6327 6351 6328
f 6351 6352 6328
f 6328 6352 6329
f 6352 6353 6329
f 6329 6353 6330
f 6353 6354 6330
f 6330 6354 6331
f 6354 6355 6331
f 6331 6355 6332
f 6355 6356 6332
f 6332 6356 6357
f 6332 6357 6333
f 6333 6357 6358
f 6333 6358 6334
f 6334 6358 6359
f 6334 6359 6335
f 6335 6359 6360
f 6335 6360 6336
f 6336 6360 6361
f 6336 6361 6337
f 6337 6361 6362
f 6337 6362 6338
f 6338 6362 6339
f 6362 6363 6339
f 6339 6363 6340
f 6363 6364 6340
f 6340 6364 6341
f 6364 6365 6341
f 6341 6365 6342
f 6365 6366 6342
f 6342 6366 6343
f 6366 6367 6343
f 6343 6367 6320
f 6367 6344 6320
f 6344 6368 6369
f 6344 6369 6345
f 6345 6369 6370
f 6345 6370 6346
f 6346 6370 6371
f 6346 6371 6347
f 6347 6371 6372
f 6347 6372 6348
f 6348 6372 6373
f 6348 6373 6349
f 6349 6373 6374
f 6349 6374 6350
f 6350 6374 6351
f 6374 6375 6351
f 6351 6375 6352
f 6375 6376 6352
f 6352 6376 6353
f 6376 6377 6353
f 6353 6377 6354
f 6377 6378 6354
f 6354 6378 6355
f 6378 6379 6355
f 6355 6379 6356
f 6379 6380 6356
f 6356 6380 6381
f 6356 6381 6357
f 6357 6381 6382
f 6357 6382 6358
f 6358 6382 6383
f 6358 6383 6359
f 6359 6383 6384
f 6359 6384 6360
f 6360 6384 6385
f 6360 6385 6361
f 6361 6385 6386
f 6361 6386 6362
f 6362 6386 6363
f 6386 6387 6363
f 6363 6387 6364
f 6387 6388 6364
f 6364 6388 6365
f 6388 6389 6365
f 6365 6389 6366
f 6389 6390 6366
f 6366 6390 6367
f 6390 6391 6367
f 6367 6391 6344
f 6391 6368 6344
f 6368 6392 6393
f 6368 6393 6369
f 6369 6393 6394
f 6369 6394 6370
f 6370 6394 6395
f 6370 6395 6371
f 6371 6395 6396
f 6371 6396 6372
f 6372 6396 6397
f 6372 6397 6373
f 6373 6397 6398
f 6373 6398 6374
f 6374 6398 6375
f 6398 6399 6375
f 6375 6399 6376
f 6399 6400 6376
f 6376 6400 6377
f 6400 6401 6377
f 6377 6401 6378
f 6401 6402 6378
f 6378 6402 6379
f 6402 6403 6379
f 6379 6403 6380
f 6403 6404 6380
f 6380 6404 6405
f 6380 6405 6381
f 6381 6405 6406
f 6381 6406 6382
f 6382 6406 6407
f 6382 6407 6383
f 6383 6407 6408
f 6383 6408 6384
f 6384 6408 6409
f 6384 6409 6385
f 6385 6409 6410
f 6385 6410 6386
f 6386 6410 6387
f 6410 6411 6387
f 6387 6411 6388
f 6411 6412 6388
f 6388 6412 6389
f 6412 6413 6389
f 6389 6413 6390
f 6413 6414 6390
f 6390 6414 6391
f 6414 6415 6391
f 6391 6415 6368
f 6415 6392 6368
f 6392 6416 6417
f 6392 6417 6393
f 6393 6417 6418
f 6393 6418 6394
f 6394 6418 6419
f 6394 6419 6395
f 6395 6419 6420
f 6395 6420 6396
f 6396 6420 6421
f 6396 6421 6397
f 6397 6421 6422
f 6397 6422 6398
f 6398 6422 6399
f 6422 6423 6399
f 6399 6423 6400
f 6423 6424 6400
f 6400 6424 6401
f 6424 6425 6401
f 6401 6425 6402
f 6425 6426 6402
f 6402 6426 6403
f 6426 6427 6403
f 6403 6427 6404
f 6427 6428 6404
f 6404 6428 6429
f 6404 6429 6405
f 6405 6429 6430
f 6405 6430 6406
f 6406 6430 6431
f 6406 6431 6407
f 6407 6431 6432
f 6407 6432 6408
f 6408 6432 6433
f 6408 6433 6409
f 6409 6433 6434
f 6409 6434 6410
f 6410 6434 6411
f 6434 6435 6411
f 6411 6435 6412
f 6435 6436 6412
f 6412 6436 6413
f 6436 6437 6413
f 6413 6437 6414
f 6437 6438 6414
f 6414 6438 6415
f 6438 6439 6415
f 6415 6439 6392
f 6439 6416 6392
f 6416 6440 6441
f 6416 6441 6417
f 6417 6441 6442
f 6417 6442 6418
f 6418 6442 6443
f 6418 6443 6419
f 6419 6443 6444
f 6419 6444 6420
f 6420 6444 6445
f 6420 6445 6421
f 6421 6445 6446
f 6421 6446 6422
f 6422 6446 6423
f 6446 6447 6423
f 6423 6447 6424
f 6447 6448 6424
f 6424 6448 6425
f 6448 6449 6425
f 6425 6449 6426
f 6449 6450 6426
f 6426 6450 6427
f 6450 6451 6427
f 6427 6451 6428
f 6451 6452 6428
f 6428 6452 6453
f 6428 6453 6429
f 6429 6453 6454
f 6429 6454 6430
f 6430 6454 6455
f 6430 6455 6431
f 6431 6455 6456
f 6431 6456 6432
f 6432 6456 6457
f 6432 6457 6433
f 6433 6457 6458
f 6433 6458 6434
f 6434 6458 6435
f 6458 6459 6435
f 6435 6459 6436
f 6459 6460 6436
f 6436 6460 6437
f 6460 6461 6437
f 6437 6461 6438
f 6461 6462 6438
f 6438 6462 6439
f 6462 6463 6439
f 6439 6463 6416
f 6463 6440 6416
f 6440 6464 6465
f 6440 6465 6441
f 6441 6465 6466
f 6441 6466 6442
f 6442 6466 6467
f 6442 6467 6443
f 6443 6467 6468
f 6443 6468 6444
f 6444 6468 6469
f 6444 6469 6445
f 6445 6469 6470
f 6445 6470 6446
f 6446 6470 6447
f 6470 6471 6447
f 6447 6471 6448
f 6471 6472 6448
f 6448 6472 6449
f 6472 6473 6449
f 6449 6473 6450
f 6473 6474 6450
f 6450 6474 6451
f 6474 6475 6451
f 6451 6475 6452
f 6475 6476 6452
f 6452 6476 6477
f 6452 6477 6453
f 6453 6477 6478
f 6453 6478 6454
f 6454 6478 6479
f 6454 6479 6455
f 6455 6479 6480
f 6455 6480 6456
f 6456 6480 6481
f 6456 6481 6457
f 6457 6481 6482
f 6457 6482 6458
f 6458 6482 6459
f 6482 6483 6459
f 6459 6483 6460
f 6483 6484 6460
f 6460 6484 6461
f 6484 6485 6461
f 6461 6485 6462
f 6485 6486 6462
f 6462 6486 6463
f 6486 6487 6463
f 6463 6487 6440
f 6487 6464 6440
f 6464 6488 6465
f 6465 6488 6466
f 6466 6488 6467
f 6467 6488 6468
f 6468 6488 6469
f 6469 6488 6470
f 6470 6488 6471
f 6471 6488 6472
f 6472 6488 6473
f 6473 6488 6474
f 6474 6488 6475
f 6475 6488 6476
f 6476 6488 6477
f 6477 6488 6478
f 6478 6488 6479
f 6479 6488 6480
f 6480 6488 6481
f 6481 6488 6482
f 6482 6488 6483
f 6483 6488 6484
f 6484 6488 6485
f 6485 6488 6486
f 6486 6488 6487
f 6487 6488 6464
f 6489 6490 6491
f 6491 6490 6492
f 6492 6490 6493
f 6493 6490 6494
f 6494 6490 6495
f 6495 6490 6496
f 6490 6497 6496
f 6490 6498 6497
f 6490 6499 6498
f 6490 6500 6499
f 6490 6501 6500
f 6490 6502 6501
f 6502 6490 6503
f 6503 6490 6504
f 6504 6490 6505
f 6505 6490 6506
f 6506 6490 6507
f 6507 6490 6508
f 6490 6509 6508
f 6490 6510 6509
f 6490 6511 6510
f 6490 6512 6511
f 6490 6513 6512
f 6490 6489 6513
f 6489 6491 6514
f 6514 6491 6515
f 6491 6492 6515
f 6515 6492 6516
f 6492 6493 6516
f 6516 6493 6517
f 6493 6494 6517
f 6517 6494 6518
f 6494 6495 6518
f 6518 6495 6519
f 6495 6496 6519
f 6519 6496 6520
f 6496 6521 6520
f 6496 6497 6521
f 6497 6522 6521
f 6497 6498 6522
f 6498 6523 6522
f 6498 6499 6523
f 6499 6524 6523
f 6499 6500 6524
f 6500 6525 6524
f 6500 6501 6525
f 6501 6526 6525
f 6501 6502 6526
f 6502 6503 6526
f 6526 6503 6527
f 6503 6504 6527
f 6527 6504 6528
f 6504 6505 6528
f 6528 6505 6529
f 6505 6506 6529
f 6529 6506 6530
f 6506 6507 6530
f 6530 6507 6531
f 6507 6508 6531
f 6531 6508 6532
f 6508 6533 6532
f 6508 6509 6533
f 6509 6534 6533
f 6509 6510 6534
f 6510 6535 6534
f 6510 6511 6535
f 6511 6536 6535
f 6511 6512 6536
f 6512 6537 6536
f 6512 6513 6537
f 6513 6514 6537
f 6513 6489 6514
f 6514 6515 6538
f 6538 6515 6539
f 6515 6516 6539
f 6539 6516 6540
f 6516 6517 6540
f 6540 6517 6541
f 6517 6518 6541
f 6541 6518 6542
f 6518 6519 6542
f 6542 6519 6543
f 6519 6520 6543
f 6543 6520 6544
f 6520 6545 6544
f 6520 6521 6545
f 6521 6546 6545
f 6521 6522 6546
f 6522 6547 6546
f 6522 6523 6547
f 6523 6548 6547
f 6523 6524 6548
f 6524 6549 6548
f 6524 6525 6549
f 6525 6550 6549
f 6525 6526 6550
f 6526 6527 6550
f 6550 6527 6551
f 6527 6528 6551
f 6551 6528 6552
f 6528 6529 6552
f 6552 6529 6553
f 6529 6530 6553
f 6553 6530 6554
f 6530 6531 6554
f 6554 6531 6555
f 6531 6532 6555
f 6555 6532 6556
f 6532 6557 6556
f 6532 6533 6557
f 6533 6558 6557
f 6533 6534 6558
f 6534 6559 6558
f 6534 6535 6559
f 6535 6560 6559
f 6535 6536 6560
f 6536 6561 6560
f 6536 6537 6561
f 6537 6538 6561
f 6537 6514 6538
f 6538 6539 6562
f 6562 6539 6563
f 6539 6540 6563
f 6563 6540 6564
f 6540 6541 6564
f 6564 6541 6565
f 6541 6542 6565
f 6565 6542 6566
f 6542 6543 6566
f 6566 6543 6567
f 6543 6544 6567
f 6567 6544 6568
f 6544 6569 6568
f 6544 6545 6569
f 6545 6570 6569
f 6545 6546 6570
f 6546 6571 6570
f 6546 6547 6571
f 6547 6572 6571
f 6547 6548 6572
f 6548 6573 6572
f 6548 6549 6573
f 6549 6574 6573
f 6549 6550 6574
f 6550 6551 6574
f 6574 6551 6575
f 6551 6552 6575
f 6575 6552 6576
f 6552 6553 6576
f 6576 6553 6577
f 6553 6554 6577
f 6577 6554 6578
f 6554 6555 6578
f 6578 6555 6579
f 6555 6556 6579
f 6579 6556 6580
f 6556 6581 6580
f 6556 6557 6581
f 6557 6582 6581
f 6557 6558 6582
f 6558 6583 6582
f 6558 6559 6583
f 6559 6584 6583
f 6559 6560 6584
f 6560 6585 6584
f 6560 6561 6585
f 6561 6562 6585
f 6561 6538 6562
f 6562 6563 6586
f 6586 6563 6587
f 6563 6564 6587
f 6587 6564 6588
f 6564 6565 6588
f 6588 6565 6589
f 6565 6566 6589
f 6589 6566 6590
f 6566 6567 6590
f 6590 6567 6591
f 6567 6568 6591
f 6591 6568 6592
f 6568 6593 6592
f 6568 6569 6593
f 6569 6594 6593
f 6569 6570 6594
f 6570 6595 6594
f 6570 6571 6595
f 6571 6596 6595
f 6571 6572 6596
f 6572 6597 6596
f 6572 6573 6597
f 6573 6598 6597
f 6573 6574 6598
f 6574 6575 6598
f 6598 6575 6599
f 6575 6576 6599
f 6599 6576 6600
f 6576 6577 6600
f 6600 6577 6601
f 6577 6578 6601
f 6601 6578 6602
f 6578 6579 6602
f 6602 6579 6603
f 6579 6580 6603
f 6603 6580 6604
f 6580 6605 6604
f 6580 6581 6605
f 6581 6606 6605
f 6581 6582 6606
f 6582 6607 6606
f 6582 6583 6607
f 6583 6608 6607
f 6583 6584 6608
f 6584 6609 6608
f 6584 6585 6609
f 6585 6586 6609
f 6585 6562 6586
f 6586 6587 6610
f 6610 6587 6611
f 6587 6588 6611
f 6611 6588 6612
f 6588 6589 6612
f 6612 6589 6613
f 6589 6590 6613
f 6613 6590 6614
f 6590 6591 6614
f 6614 6591 6615
f 6591 6592 6615
f 6615 6592 6616
f 6592 6617 6616
f 6592 6593 6617
f 6593 6618 6617
f 6593 6594 6618
f 6594 6619 6618
f 6594 6595 6619
f 6595 6620 6619
f 6595 6596 6620
f 6596 6621 6620
f 6596 6597 6621
f 6597 6622 6621
f 6597 6598 6622
f 6598 6599 6622
f 6622 6599 6623
f 6599 6600 6623
f 6623 6600 6624
f 6600 6601 6624
f 6624 6601 6625
f 6601 6602 6625
f 6625 6602 6626
f 6602 6603 6626
f 6626 6603 6627
f 6603 6604 6627
f 6627 6604 6628
f 6604 6629 6628
f 6604 6605 6629
f 6605 6630 6629
f 6605 6606 6630
f 6606 6631 6630
f 6606 6607 6631
f 6607 6632 6631
f 6607 6608 6632
f 6608 6633 6632
f 6608 6609 6633
f 6609 6610 6633
f 6609 6586 6610
f 6610 6611 6634
f 6634 6611 6635
f 6611 6612 6635
f 6635 6612 6636
f 6612 6613 6636
f 6636 6613 6637
f 6613 6614 6637
f 6637 6614 6638
f 6614 6615 6638
f 6638 6615 6639
f 6615 6616 6639
f 6639 6616 6640
f 6616 6641 6640
f 6616 6617 6641
f 6617 6642 6641
f 6617 6618 6642
f 6618 6643 6642
f 6618 6619 6643
f 6619 6644 6643
f 6619 6620 6644
f 6620 6645 6644
f 6620 6621 6645
f 6621 6646 6645
f 6621 6622 6646
f 6622 6623 6646
f 6646 6623 6647
f 6623 6624 6647
f 6647 6624 6648
f 6624 6625 6648
f 6648 6625 6649
f 6625 6626 6649
f 6649 6626 6650
f 6626 6627 6650
f 6650 6627 6651
f 6627 6628 6651
f 6651 6628 6652
f 6628 6653 6652
f 6628 6629 6653
f 6629 6654 6653
f 6629 6630 6654
f 6630 6655 6654
f 6630 6631 6655
f 6631 6656 6655
f 6631 6632 6656
f 6632 6657 6656
f 6632 6633 6657
f 6633 6634 6657
f 6633 6610 6634
f 6634 6635 6658
f 6658 6635 6659
f 6635 6636 6659
f 6659 6636 6660
f 6636 6637 6660
f 6660 6637 6661
f 6637 6638 6661
f 6661 6638 6662
f 6638 6639 6662
f 6662 6639 6663
f 6639 6640 6663
f 6663 6640 6664
f 6640 6665 6664
f 6640 6641 6665
f 6641 6666 6665
f 6641 6642 6666
f 6642 6667 6666
f 6642 6643 6667
f 6643 6668 6667
f 6643 6644 6668
f 6644 6669 6668
f 6644 6645 6669
f 6645 6670 6669
f 6645 6646 6670
f 6646 6647 6670
f 6670 6647 6671
f 6647 6648 6671
f 6671 6648 6672
f 6648 6649 6672
f 6672 6649 6673
f 6649 6650 6673
f 6673 6650 6674
f 6650 6651 6674
f 6674 6651 6675
f 6651 6652 6675
f 6675 6652 6676
f 6652 6677 6676
f 6652 6653 6677
f 6653 6678 6677
f 6653 6654 6678
f 6654 6679 6678
f 6654 6655 6679
f 6655 6680 6679
f 6655 6656 6680
f 6656 6681 6680
f 6656 6657 6681
f 6657 6658 6681
f 6657 6634 6658
f 6658 6659 6682
f 6682 6659 6683
f 6659 6660 6683
f 6683 6660 6684
f 6660 6661 6684
f 6684 6661 6685
f 6661 6662 6685
f 6685 6662 6686
f 6662 6663 6686
f 6686 6663 6687
f 6663 6664 6687
f 6687 6664 6688
f 6664 6689 6688
f 6664 6665 6689
f 6665 6690 6689
f 6665 6666 6690
f 6666 6691 6690
f 6666 6667 6691
f 6667 6692 6691
f 6667 6668 6692
f 6668 6693 6692
f 6668 6669 6693
f 6669 6694 6693
f 6669 6670 6694
f 6670 6671 6694
f 6694 6671 6695
f 6671 6672 6695
f 6695 6672 6696
f 6672 6673 6696
f 6696 6673 6697
f 6673 6674 6697
f 6697 6674 6698
f 6674 6675 6698
f 6698 6675 6699
f 6675 6676 6699
f 6699 6676 6700
f 6676 6701 6700
f 6676 6677 6701
f 6677 6702 6701
f 6677 6678 6702
f 6678 6703 6702
f 6678 6679 6703
f 6679 6704 6703
f 6679 6680 6704
f 6680 6705 6704
f 6680 6681 6705
f 6681 6682 6705
f 6681 6658 6682
f 6682 6683 6706
f 6706 6683 6707
f 6683 6684 6707
f 6707 6684 6708
f 6684 6685 6708
f 6708 6685 6709
f 6685 6686 6709
f 6709 6686 6710
f 6686 6687 6710
f 6710 6687 6711
f 6687 6688 6711
f 6711 6688 6712
f 6688 6713 6712
f 6688 6689 6713
f 6689 6714 6713
f 6689 6690 6714
f 6690 6715 6714
f 6690 6691 6715
f 6691 6716 6715
f 6691 6692 6716
f 6692 6717 6716
f 6692 6693 6717
f 6693 6718 6717
f 6693 6694 6718
f 6694 6695 6718
f 6718 6695 6719
f 6695 6696 6719
f 6719 6696 6720
f 6696 6697 6720
f 6720 6697 6721
f 6697 6698 6721
f 6721 6698 6722
f 6698 6699 6722
f 6722 6699 6723
f 6699 6700 6723
f 6723 6700 6724
f 6700 6725 6724
f 6700 6701 6725
f 6701 6726 6725
f 6701 6702 6726
f 6702 6727 6726
f 6702 6703 6727
f 6703 6728 6727
f 6703 6704 6728
f 6704 6729 6728
f 6704 6705 6729
f 6705 6706 6729
f 6705 6682 6706
f 6706 6730 6731
f 6706 6707 6730
f 6707 6732 6730
f 6707 6708 6732
f 6708 6733 6732
f 6708 6709 6733
f 6709 6734 6733
f 6709 6710 6734
f 6710 6735 6734
f 6710 6711 6735
f 6711 6736 6735
f 6711 6712 6736
f 6712 6713 6736
f 6736 6713 6737
f 6713 6714 6737
f 6737 6714 6738
f 6714 6715 6738
f 6738 6715 6739
f 6715 6716 6739
f 6739 6716 6740
f 6716 6717 6740
f 6740 6717 6741
f 6717 6718 6741
f 6741 6718 6742
f 6718 6743 6742
f 6718 6719 6743
f 6719 6744 6743
f 6719 6720 6744
f 6720 6745 6744
f 6720 6721 6745
f 6721 6746 6745
f 6721 6722 6746
f 6722 6747 6746
f 6722 6723 6747
f 6723 6748 6747
f 6723 6724 6748
f 6724 6725 6748
f 6748 6725 6749
f 6725 6726 6749
f 6749 6726 6750
f 6726 6727 6750
f 6750 6727 6751
f 6727 6728 6751
f 6751 6728 6752
f 6728 6729 6752
f 6752 6729 6753
f 6729 6706 6753
f 6753 6706 6731
f 6731 6754 6755
f 6731 6730 6754
f 6730 6756 6754
f 6730 6732 6756
f 6732 6757 6756
f 6732 6733 6757
f 6733 6758 6757
f 6733 6734 6758
f 6734 6759 6758
f 6734 6735 6759
f 6735 6760 6759
f 6735 6736 6760
f 6736 6737 6760
f 6760 6737 6761
f 6737 6738 6761
f 6761 6738 6762
f 6738 6739 6762
f 6762 6739 6763
f 6739 6740 6763
f 6763 6740 6764
f 6740 6741 6764
f 6764 6741 6765
f 6741 6742 6765
f 6765 6742 6766
f 6742 6767 6766
f 6742 6743 6767
f 6743 6768 6767
f 6743 6744 6768
f 6744 6769 6768
f 6744 6745 6769
f 6745 6770 6769
f 6745 6746 6770
f 6746 6771 6770
f 6746 6747 6771
f 6747 6772 6771
f 6747 6748 6772
f 6748 6749 6772
f 6772 6749 6773
f 6749 6750 6773
f 6773 6750 6774
f 6750 6751 6774
f 6774 6751 6775
f 6751 6752 6775
f 6775 6752 6776
f 6752 6753 6776
f 6776 6753 6777
f 6753 6731 6777
f 6777 6731 6755
f 6755 6778 6779
f 6755 6754 6778
f 6754 6780 6778
f 6754 6756 6780
f 6756 6781 6780
f 6756 6757 6781
f 6757 6782 6781
f 6757 6758 6782
f 6758 6783 6782
f 6758 6759 6783
f 6759 6784 6783
f 6759 6760 6784
f 6760 6761 6784
f 6784 6761 6785
f 6761 6762 6785
f 6785 6762 6786
f 6762 6763 6786
f 6786 6763 6787
f 6763 6764 6787
f 6787 6764 6788
f 6764 6765 6788
f 6788 6765 6789
f 6765 6766 6789
f 6789 6766 6790
f 6766 6791 6790
f 6766 6767 6791
f 6767 6792 6791
f 6767 6768 6792
f 6768 6793 6792
f 6768 6769 6793
f 6769 6794 6793
f 6769 6770 6794
f 6770 6795 6794
f 6770 6771 6795
f 6771 6796 6795
f 6771 6772 6796
f 6772 6773 6796
f 6796 6773 6797
f 6773 6774 6797
f 6797 6774 6798
f 6774 6775 6798
f 6798 6775 6799
f 6775 6776 6799
f 6799 6776 6800
f 6776 6777 6800
f 6800 6777 6801
f 6777 6755 6801
f 6801 6755 6779
f 6779 6802 6803
f 6779 6778 6802
f 6778 6804 6802
f 6778 6780 6804
f 6780 6805 6804
f 6780 6781 6805
f 6781 6806 6805
f 6781 6782 6806
f 6782 6807 6806
f 6782 6783 6807
f 6783 6808 6807
f 6783 6784 6808
f 6784 6785 6808
f 6808 6785 6809
f 6785 6786 6809
f 6809 6786 6810
f 6786 6787 6810
f 6810 6787 6811
f 6787 6788 6811
f 6811 6788 6812
f 6788 6789 6812
f 6812 6789 6813
f 6789 6790 6813
f 6813 6790 6814
f 6790 6815 6814
f 6790 6791 6815
f 6791 6816 6815
f 6791 6792 6816
f 6792 6817 6816
f 6792 6793 6817
f 6793 6818 6817
f 6793 6794 6818
f 6794 6819 6818
f 6794 6795 6819
f 6795 6820 6819
f 6795 6796 6820
f 6796 6797 6820
f 6820 6797 6821
f 6797 6798 6821
f 6821 6798 6822
f 6798 6799 6822
f 6822 6799 6823
f 6799 6800 6823
f 6823 6800 6824
f 6800 6801 6824
f 6824 6801 6825
f 6801 6779 6825
f 6825 6779 6803
f 6803 6826 6827
f 6803 6802 6826
f 6802 6828 6826
f 6802 6804 6828
f 6804 6829 6828
f 6804 6805 6829
f 6805 6830 6829
f 6805 6806 6830
f 6806 6831 6830
f 6806 6807 6831
f 6807 6832 6831
f 6807 6808 6832
f 6808 6809 6832
f 6832 6809 6833
f 6809 6810 6833
f 6833 6810 6834
f 6810 6811 6834
f 6834 6811 6835
f 6811 6812 6835
f 6835 6812 6836
f 6812 6813 6836
f 6836 6813 6837
f 6813 6814 6837
f 6837 6814 6838
f 6814 6839 6838
f 6814 6815 6839
f 6815 6840 6839
f 6815 6816 6840
f 6816 6841 6840
f 6816 6817 6841
f 6817 6842 6841
f 6817 6818 6842
f 6818 6843 6842
f 6818 6819 6843
f 6819 6844 6843
f 6819 6820 6844
f 6820 6821 6844
f 6844 6821 6845
f 6821 6822 6845
f 6845 6822 6846
f 6822 6823 6846
f 6846 6823 6847
f 6823 6824 6847
f 6847 6824 6848
f 6824 6825 6848
f 6848 6825 6849
f 6825 6803 6849
f 6849 6803 6827
f 6827 6850 6851
f 6827 6826 6850
f 6826 6852 6850
f 6826 6828 6852
f 6828 6853 6852
f 6828 6829 6853
f 6829 6854 6853
f 6829 6830 6854
f 6830 6855 6854
f 6830 6831 6855
f 6831 6856 6855
f 6831 6832 6856
f 6832 6833 6856
f 6856 6833 6857
f 6833 6834 6857
f 6857 6834 6858
f 6834 6835 6858
f 6858 6835 6859
f 6835 6836 6859
f 6859 6836 6860
f 6836 6837 6860
f 6860 6837 6861
f 6837 6838 6861
f 6861 6838 6862
f 6838 6863 6862
f 6838 6839 6863
f 6839 6864 6863
f 6839 6840 6864
f 6840 6865 6864
f 6840 6841 6865
f 6841 6866 6865
f 6841 6842 6866
f 6842 6867 6866
f 6842 6843 6867
f 6843 6868 6867
f 6843 6844 6868
f 6844 6845 6868
f 6868 6845 6869
f 6845 6846 6869
f 6869 6846 6870
f 6846 6847 6870
f 6870 6847 6871
f 6847 6848 6871
f 6871 6848 6872
f 6848 6849 6872
f 6872 6849 6873
f 6849 6827 6873
f 6873 6827 6851
f 6851 6874 6875
f 6851 6850 6874
f 6850 6876 6874
f 6850 6852 6876
f 6852 6877 6876
f 6852 6853 6877
f 6853 6878 6877
f 6853 6854 6878
f 6854 6879 6878
f 6854 6855 6879
f 6855 6880 6879
f 6855 6856 6880
f 6856 6857 6880
f 6880 6857 6881
f 6857 6858 6881
f 6881 6858 6882
f 6858 6859 6882
f 6882 6859 6883
f 6859 6860 6883
f 6883 6860 6884
f 6860 6861 6884
f 6884 6861 6885
f 6861 6862 6885
f 6885 6862 6886
f 6862 6887 6886
f 6862 6863 6887
f 6863 6888 6887
f 6863 6864 6888
f 6864 6889 6888
f 6864 6865 6889
f 6865 6890 6889
f 6865 6866 6890
f 6866 6891 6890
f 6866 6867 6891
f 6867 6892 6891
f 6867 6868 6892
f 6868 6869 6892
f 6892 6869 6893
f 6869 6870 6893
f 6893 6870 6894
f 6870 6871 6894
f 6894 6871 6895
f 6871 6872 6895
f 6895 6872 6896
f 6872 6873 6896
f 6896 6873 6897
f 6873 6851 6897
f 6897 6851 6875
f 6875 6898 6899
f 6875 6874 6898
f 6874 6900 6898
f 6874 6876 6900
f 6876 6901 6900
f 6876 6877 6901
f 6877 6902 6901
f 6877 6878 6902
f 6878 6903 6902
f 6878 6879 6903
f 6879 6904 6903
f 6879 6880 6904
f 6880 6881 6904
f 6904 6881 6905
f 6881 6882 6905
f 6905 6882 6906
f 6882 6883 6906
f 6906 6883 6907
f 6883 6884 6907
f 6907 6884 6908
f 6884 6885 6908
f 6908 6885 6909
f 6885 6886 6909
f 6909 6886 6910
f 6886 6911 6910
f 6886 6887 6911
f 6887 6912 6911
f 6887 6888 6912
f 6888 6913 6912
f 6888 6889 6913
f 6889 6914 6913
f 6889 6890 6914
f 6890 6915 6914
f 6890 6891 6915
f 6891 6916 6915
f 6891 6892 6916
f 6892 6893 6916
f 6916 6893 6917
f 6893 6894 6917
f 6917 6894 6918
f 6894 6895 6918
f 6918 6895 6919
f 6895 6896 6919
f 6919 6896 6920
f 6896 6897 6920
f 6920 6897 6921
f 6897 6875 6921
f 6921 6875 6899
f 6899 6922 6923
f 6899 6898 6922
f 6898 6924 6922
f 6898 6900 6924
f 6900 6925 6924
f 6900 6901 6925
f 6901 6926 6925
f 6901 6902 6926
f 6902 6927 6926
f 6902 6903 6927
f 6903 6928 6927
f 6903 6904 6928
f 6904 6905 6928
f 6928 6905 6929
f 6905 6906 6929
f 6929 6906 6930
f 6906 6907 6930
f 6930 6907 6931
f 6907 6908 6931
f 6931 6908 6932
f 6908 6909 6932
f 6932 6909 6933
f 6909 6910 6933
f 6933 6910 6934
f 6910 6935 6934
f 6910 6911 6935
f 6911 6936 6935
f 6911 6912 6936
f 6912 6937 6936
f 6912 6913 6937
f 6913 6938 6937
f 6913 6914 6938
f 6914 6939 6938
f 6914 6915 6939
f 6915 6940 6939
f 6915 6916 6940
f 6916 6917 6940
f 6940 6917 6941
f 6917 6918 6941
f 6941 6918 6942
f 6918 6919 6942
f 6942 6919 6943
f 6919 6920 6943
f 6943 6920 6944
f 6920 6921 6944
f 6944 6921 6945
f 6921 6899 6945
f 6945 6899 6923
f 6923 6922 6946
f 6922 6924 6946
f 6924 6925 6946
f 6925 6926 6946
f 6926 6927 6946
f 6927 6928 6946
f 6928 6929 6946
f 6929 6930 6946
f 6930 6931 6946
f 6931 6932 6946
f 6932 6933 6946
f 6933 6934 6946
f 6934 6935 6946
f 6935 6936 6946
f 6936 6937 6946
f 6937 6938 6946
f 6938 6939 6946
f 6939 6940 6946
f 6940 6941 6946
f 6941 6942 6946
f 6942 6943 6946
f 6943 6944 6946
f 6944 6945 6946
f 6945 6923 6946
f 6947 6948 6949
f 6948 6950 6949
f 6949 6950 6951
f 6950 6952 6951
f 6951 6952 6953
f 6952 6954 6953
f 6953 6954 6955
f 6954 6956 6955
f 6955 6956 6957
f 6956 6958 6957
f 6957 6958 6959
f 6958 6960 6959
f 6959 6960 6961
f 6960 6962 6961
f 6961 6962 6963
f 6962 6964 6963
f 6962 6965 6964
f 6965 6966 6964
f 6965 6967 6966
f 6967 6968 6966
f 6967 6969 6968
f 6969 6970 6968
f 6969 6971 6970
f 6971 6972 6970
f 6971 6973 6972
f 6973 6974 6972
f 6973 6975 6974
f 6975 6976 6974
f 6975 6977 6976
f 6977 6978 6976
f 6978 6977 6979
f 6977 6975 6979
f 6979 6975 6980
f 6975 6973 6980
f 6980 6973 6981
f 6973 6971 6981
f 6981 6971 6982
f 6971 6969 6982
f 6982 6969 6983
f 6969 6967 6983
f 6983 6967 6984
f 6967 6965 6984
f 6984 6965 6985
f 6965 6962 6985
f 6985 6962 6986
f 6962 6987 6986
f 6962 6960 6987
f 6960 6988 6987
f 6960 6958 6988
f 6958 6989 6988
f 6958 6956 6989
f 6956 6990 6989
f 6956 6954 6990
f 6954 6991 6990
f 6954 6952 6991
f 6952 6992 6991
f 6952 6950 6992
f 6950 6993 6992
f 6950 6948 6993
f 6948 6947 6993
f 6947 6949 6994
f 6949 6951 6994
f 6994 6951 6995
f 6951 6953 6995
f 6995 6953 6996
f 6953 6955 6996
f 6996 6955 6997
f 6955 6957 6997
f 6997 6957 6998
f 6957 6959 6998
f 6998 6959 6999
f 6959 6961 6999
f 6999 6961 7000
f 6961 6963 7000
f 7000 6963 7001
f 6963 7002 7001
f 6963 6964 7002
f 6964 7003 7002
f 6964 6966 7003
f 6966 7004 7003
f 6966 6968 7004
f 6968 7005 7004
f 6968 6970 7005
f 6970 7006 7005
f 6970 6972 7006
f 6972 7007 7006
f 6972 6974 7007
f 6974 7008 7007
f 6974 6976 7008
f 6976 6978 7008
f 6978 6979 7009
f 6979 6980 7009
f 7009 6980 7010
f 6980 6981 7010
f 7010 6981 7011
f 6981 6982 7011
f 7011 6982 7012
f 6982 6983 7012
f 7012 6983 7013
f 6983 6984 7013
f 7013 6984 7014
f 6984 6985 7014
f 7014 6985 7015
f 6985 6986 7015
f 7015 6986 7016
f 6986 7017 7016
f 6986 6987 7017
f 6987 7018 7017
f 6987 6988 7018
f 6988 7019 7018
f 6988 6989 7019
f 6989 7020 7019
f 6989 6990 7020
f 6990 7021 7020
f 6990 6991 7021
f 6991 7022 7021
f 6991 6992 7022
f 6992 7023 7022
f 6992 6993 7023
f 6993 6947 7023
f 6947 6994 7024
f 7024 6994 7025
f 6994 6995 7025
f 7025 6995 7026
f 6995 6996 7026
f 7026 6996 7027
f 6996 6997 7027
f 7027 6997 7028
f 6997 6998 7028
f 7028 6998 7029
f 6998 6999 7029
f 7029 6999 7030
f 6999 7000 7030
f 7030 7000 7031
f 7000 7001 7031
f 7031 7001 7032
f 7001 7033 7032
f 7001 7002 7033
f 7002 7034 7033
f 7002 7003 7034
f 7003 7035 7034
f 7003 7004 7035
f 7004 7036 7035
f 7004 7005 7036
f 7005 7037 7036
f 7005 7006 7037
f 7006 7038 7037
f 7006 7007 7038
f 7007 7039 7038
f 7007 7008 7039
f 7008 7040 7039
f 7008 6978 7040
f 6978 7009 7040
f 7040 7009 7041
f 7009 7010 7041
f 7041 7010 7042
f 7010 7011 7042
f 7042 7011 7043
f 7011 7012 7043
f 7043 7012 7044
f 7012 7013 7044
f 7044 7013 7045
f 7013 7014 7045
f 7045 7014 7046
f 7014 7015 7046
f 7046 7015 7047
f 7015 7016 7047
f 7047 7016 7048
f 7016 7049 7048
f 7016 7017 7049
f 7017 7050 7049
f 7017 7018 7050
f 7018 7051 7050
f 7018 7019 7051
f 7019 7052 7051
f 7019 7020 7052
f 7020 7053 7052
f 7020 7021 7053
f 7021 7054 7053
f 7021 7022 7054
f 7022 7055 7054
f 7022 7023 7055
f 7023 7024 7055
f 7023 6947 7024
f 7024 7025 7056
f 7056 7025 7057
f 7025 7026 7057
f 7057 7026 7058
f 7026 7027 7058
f 7058 7027 7059
f 7027 7028 7059
f 7059 7028 7060
f 7028 7029 7060
f 7060 7029 7061
f 7029 7030 7061
f 7061 7030 7062
f 7030 7031 7062
f 7062 7031 7063
f 7031 7032 7063
f 7063 7032 7064
f 7032 7065 7064
f 7032 7033 7065
f 7033 7066 7065
f 7033 7034 7066
f 7034 7067 7066
f 7034 7035 7067
f 7035 7068 7067
f 7035 7036 7068
f 7036 7069 7068
f 7036 7037 7069
f 7037 7070 7069
f 7037 7038 7070
f 7038 7071 7070
f 7038 7039 7071
f 7039 7072 7071
f 7039 7040 7072
f 7040 7041 7072
f 7072 7041 7073
f 7041 7042 7073
f 7073 7042 7074
f 7042 7043 7074
f 7074 7043 7075
f 7043 7044 7075
f 7075 7044 7076
f 7044 7045 7076
f 7076 7045 7077
f 7045 7046 7077
f 7077 7046 7078
f 7046 7047 7078
f 7078 7047 7079
f 7047 7048 7079
f 7079 7048 7080
f 7048 7081 7080
f 7048 7049 7081
f 7049 7082 7081
f 7049 7050 7082
f 7050 7083 7082
f 7050 7051 7083
f 7051 7084 7083
f 7051 7052 7084
f 7052 7085 7084
f 7052 7053 7085
f 7053 7086 7085
f 7053 7054 7086
f 7054 7087 7086
f 7054 7055 7087
f 7055 7056 7087
f 7055 7024 7056
f 7056 7057 7088
f 7088 7057 7089
f 7057 7058 7089
f 7089 7058 7090
f 7058 7059 7090
f 7090 7059 7091
f 7059 7060 7091
f 7091 7060 7092
f 7060 7061 7092
f 7092 7061 7093
f 7061 7062 7093
f 7093 7062 7094
f 7062 7063 7094
f 7094 7063 7095
f 7063 7064 7095
f 7095 7064 7096
f 7064 7097 7096
f 7064 7065 7097
f 7065 7098 7097
f 7065 7066 7098
f 7066 7099 7098
f 7066 7067 7099
f 7067 7100 7099
f 7067 7068 7100
f 7068 7101 7100
f 7068 7069 7101
f 7069 7102 7101
f 7069 7070 7102
f 7070 7103 7102
f 7070 7071 7103
f 7071 7104 7103
f 7071 7072 7104
f 7072 7073 7104
f 7104 7073 7105
f 7073 7074 7105
f 7105 7074 7106
f 7074 7075 7106
f 7106 7075 7107
f 7075 7076 7107
f 7107 7076 7108
f 7076 7077 7108
f 7108 7077 7109
f 7077 7078 7109
f 7109 7078 7110
f 7078 7079 7110
f 7110 7079 7111
f 7079 7080 7111
f 7111 7080 7112
f 7080 7113 7112
f 7080 7081 7113
f 7081 7114 7113
f 7081 7082 7114
f 7082 7115 7114
f 7082 7083 7115
f 7083 7116 7115
f 7083 7084 7116
f 7084 7117 7116
f 7084 7085 7117
f 7085 7118 7117
f 7085 7086 7118
f 7086 7119 7118
f 7086 7087 7119
f 7087 7088 7119
f 7087 7056 7088
f 7088 7089 7120
f 7120 7089 7121
f 7089 7090 7121
f 7121 7090 7122
f 7090 7091 7122
f 7122 7091 7123
f 7091 7092 7123
f 7123 7092 7124
f 7092 7093 7124
f 7124 7093 7125
f 7093 7094 7125
f 7125 7094 7126
f 7094 7095 7126
f 7126 7095 7127
f 7095 7096 7127
f 7127 7096 7128
f 7096 7129 7128
f 7096 7097 7129
f 7097 7130 7129
f 7097 7098 7130
f 7098 7131 7130
f 7098 7099 7131
f 7099 7132 7131
f 7099 7100 7132
f 7100 7133 7132
f 7100 7101 7133
f 7101 7134 7133
f 7101 7102 7134
f 7102 7135 7134
f 7102 7103 7135
f 7103 7136 7135
f 7103 7104 7136
f 7104 7105 7136
f 7136 7105 7137
f 7105 7106 7137
f 7137 7106 7138
f 7106 7107 7138
f 7138 7107 7139
f 7107 7108 7139
f 7139 7108 7140
f 7108 7109 7140
f 7140 7109 7141
f 7109 7110 7141
f 7141 7110 7142
f 7110 7111 7142
f 7142 7111 7143
f 7111 7112 7143
f 7143 7112 7144
f 7112 7145 7144
f 7112 7113 7145
f 7113 7146 7145
f 7113 7114 7146
f 7114 7147 7146
f 7114 7115 7147
f 7115 7148 7147
f 7115 7116 7148
f 7116 7149 7148
f 7116 7117 7149
f 7117 7150 7149
f 7117 7118 7150
f 7118 7151 7150
f 7118 7119 7151
f 7119 7120 7151
f 7119 7088 7120
f 7120 7152 7153
f 7120 7121 7152
f 7121 7154 7152
f 7121 7122 7154
f 7122 7155 7154
f 7122 7123 7155
f 7123 7156 7155
f 7123 7124 7156
f 7124 7157 7156
f 7124 7125 7157
f 7125 7158 7157
f 7125 7126 7158
f 7126 7159 7158
f 7126 7127 7159
f 7127 7160 7159
f 7127 7128 7160
f 7128 7129 7160
f 7160 7129 7161
f 7129 7130 7161
f 7161 7130 7162
f 7130 7131 7162
f 7162 7131 7163
f 7131 7132 7163
f 7163 7132 7164
f 7132 7133 7164
f 7164 7133 7165
f 7133 7134 7165
f 7165 7134 7166
f 7134 7135 7166
f 7166 7135 7167
f 7135 7136 7167
f 7167 7136 7168
f 7136 7169 7168
f 7136 7137 7169
f 7137 7170 7169
f 7137 7138 7170
f 7138 7171 7170
f 7138 7139 7171
f 7139 7172 7171
f 7139 7140 7172
f 7140 7173 7172
f 7140 7141 7173
f 7141 7174 7173
f 7141 7142 7174
f 7142 7175 7174
f 7142 7143 7175
f 7143 7176 7175
f 7143 7144 7176
f 7144 7145 7176
f 7176 7145 7177
f 7145 7146 7177
f 7177 7146 7178
f 7146 7147 7178
f 7178 7147 7179
f 7147 7148 7179
f 7179 7148 7180
f 7148 7149 7180
f 7180 7149 7181
f 7149 7150 7181
f 7181 7150 7182
f 7150 7151 7182
f 7182 7151 7183
f 7151 7120 7183
f 7183 7120 7153
f 7153 7184 7185
f 7153 7152 7184
f 7152 7186 7184
f 7152 7154 7186
f 7154 7187 7186
f 7154 7155 7187
f 7155 7188 7187
f 7155 7156 7188
f 7156 7189 7188
f 7156 7157 7189
f 7157 7190 7189
f 7157 7158 7190
f 7158 7191 7190
f 7158 7159 7191
f 7159 7192 7191
f 7159 7160 7192
f 7160 7161 7192
f 7192 7161 7193
f 7161 7162 7193
f 7193 7162 7194
f 7162 7163 7194
f 7194 7163 7195
f 7163 7164 7195
f 7195 7164 7196
f 7164 7165 7196
f 7196 7165 7197
f 7165 7166 7197
f 7197 7166 7198
f 7166 7167 7198
f 7198 7167 7199
f 7167 7168 7199
f 7199 7168 7200
f 7168 7201 7200
f 7168 7169 7201
f 7169 7202 7201
f 7169 7170 7202
f 7170 7203 7202
f 7170 7171 7203
f 7171 7204 7203
f 7171 7172 7204
f 7172 7205 7204
f 7172 7173 7205
f 7173 7206 7205
f 7173 7174 7206
f 7174 7207 7206
f 7174 7175 7207
f 7175 7208 7207
f 7175 7176 7208
f 7176 7177 7208
f 7208 7177 7209
f 7177 7178 7209
f 7209 7178 7210
f 7178 7179 7210
f 7210 7179 7211
f 7179 7180 7211
f 7211 7180 7212
f 7180 7181 7212
f 7212 7181 7213
f 7181 7182 7213
f 7213 7182 7214
f 7182 7183 7214
f 7214 7183 7215
f 7183 7153 7215
f 7215 7153 7185
f 7185 7216 7217
f 7185 7184 7216
f 7184 7218 7216
f 7184 7186 7218
f 7186 7219 7218
f 7186 7187 7219
f 7187 7220 7219
f 7187 7188 7220
f 7188 7221 7220
f 7188 7189 7221
f 7189 7222 7221
f 7189 7190 7222
f 7190 7223 7222
f 7190 7191 7223
f 7191 7224 7223
f 7191 7192 7224
f 7192 7193 7224
f 7224 7193 7225
f 7193 7194 7225
f 7225 7194 7226
f 7194 7195 7226
f 7226 7195 7227
f 7195 7196 7227
f 7227 7196 7228
f 7196 7197 7228
f 7228 7197 7229
f 7197 7198 7229
f 7229 7198 7230
f 7198 7199 7230
f 7230 7199 7231
f 7199 7200 7231
f 7231 7200 7232
f 7200 7233 7232
f 7200 7201 7233
f 7201 7234 7233
f 7201 7202 7234
f 7202 7235 7234
f 7202 7203 7235
f 7203 7236 7235
f 7203 7204 7236
f 7204 7237 7236
f 7204 7205 7237
f 7205 7238 7237
f 7205 7206 7238
f 7206 7239 7238
f 7206 7207 7239
f 7207 7240 7239
f 7207 7208 7240
f 7208 7209 7240
f 7240 7209 7241
f 7209 7210 7241
f 7241 7210 7242
f 7210 7211 7242
f 7242 7211 7243
f 7211 7212 7243
f 7243 7212 7244
f 7212 7213 7244
f 7244 7213 7245
f 7213 7214 7245
f 7245 7214 7246
f 7214 7215 7246
f 7246 7215 7247
f 7215 7185 7247
f 7247 7185 7217
f 7217 7216 7248
f 7216 7249 7248
f 7216 7218 7249
f 7218 7250 7249
f 7218 7219 7250
f 7219 7251 7250
f 7219 7220 7251
f 7220 7252 7251
f 7220 7221 7252
f 7221 7253 7252
f 7221 7222 7253
f 7222 7254 7253
f 7222 7223 7254
f 7223 7255 7254
f 7223 7224 7255
f 7224 7225 7255
f 7255 7225 7256
f 7225 7226 7256
f 7256 7226 7257
f 7226 7227 7257
f 7257 7227 7258
f 7227 7228 7258
f 7258 7228 7259
f 7228 7229 7259
f 7259 7229 7260
f 7229 7230 7260
f 7260 7230 7261
f 7230 7231 7261
f 7261 7231 7262
f 7231 7232 7262
f 7232 7233 7263
f 7233 7264 7263
f 7233 7234 7264
f 7234 7265 7264
f 7234 7235 7265
f 7235 7266 7265
f 7235 7236 7266
f 7236 7267 7266
f 7236 7237 7267
f 7237 7268 7267
f 7237 7238 7268
f 7238 7269 7268
f 7238 7239 7269
f 7239 7270 7269
f 7239 7240 7270
f 7240 7241 7270
f 7270 7241 7271
f 7241 7242 7271
f 7271 7242 7272
f 7242 7243 7272
f 7272 7243 7273
f 7243 7244 7273
f 7273 7244 7274
f 7244 7245 7274
f 7274 7245 7275
f 7245 7246 7275
f 7275 7246 7276
f 7246 7247 7276
f 7276 7247 7277
f 7247 7217 7277
f 7217 7248 7278
f 7248 7279 7278
f 7248 7249 7279
f 7249 7280 7279
f 7249 7250 7280
f 7250 7281 7280
f 7250 7251 7281
f 7251 7282 7281
f 7251 7252 7282
f 7252 7283 7282
f 7252 7253 7283
f 7253 7284 7283
f 7253 7254 7284
f 7254 7285 7284
f 7254 7255 7285
f 7255 7256 7285
f 7285 7256 7286
f 7256 7257 7286
f 7286 7257 7287
f 7257 7258 7287
f 7287 7258 7288
f 7258 7259 7288
f 7288 7259 7289
f 7259 7260 7289
f 7289 7260 7290
f 7260 7261 7290
f 7290 7261 7291
f 7261 7262 7291
f 7291 7262 7292
f 7262 7232 7292
f 7232 7263 7292
f 7263 7291 7292
f 7263 7264 7291
f 7264 7290 7291
f 7264 7265 7290
f 7265 7289 7290
f 7265 7266 7289
f 7266 7288 7289
f 7266 7267 7288
f 7267 7287 7288
f 7267 7268 7287
f 7268 7286 7287
f 7268 7269 7286
f 7269 7285 7286
f 7269 7270 7285
f 7270 7271 7285
f 7285 7271 7284
f 7271 7272 7284
f 7284 7272 7283
f 7272 7273 7283
f 7283 7273 7282
f 7273 7274 7282
f 7282 7274 7281
f 7274 7275 7281
f 7281 7275 7280
f 7275 7276 7280
f 7280 7276 7279
f 7276 7277 7279
f 7279 7277 7278
f 7277 7217 7278
f 7293 7294 7295
f 7295 7294 7296
f 7294 7297 7296
f 7296 7297 7298
f 7297 7299 7298
f 7298 7299 7300
f 7299 7301 7300
f 7300 7301 7302
f 7301 7303 7302
f 7302 7303 7304
f 7303 7305 7304
f 7304 7305 7306
f 7305 7307 7306
f 7306 7307 7308
f 7307 7309 7308
f 7308 7309 7310
f 7308 7310 7311
f 7311 7310 7312
f 7311 7312 7313
f 7313 7312 7314
f 7313 7314 7315
f 7315 7314 7316
f 7315 7316 7317
f 7317 7316 7318
f 7317 7318 7319
f 7319 7318 7320
f 7319 7320 7321
f 7321 7320 7322
f 7321 7322 7323
f 7323 7322 7324
f 7324 7325 7323
f 7323 7325 7321
f 7325 7326 7321
f 7321 7326 7319
f 7326 7327 7319
f 7319 7327 7317
f 7327 7328 7317
f 7317 7328 7315
f 7328 7329 7315
f 7315 7329 7313
f 7329 7330 7313
f 7313 7330 7311
f 7330 7331 7311
f 7311 7331 7308
f 7331 7332 7308
f 7308 7332 7333
f 7308 7333 7306
f 7306 7333 7334
f 7306 7334 7304
f 7304 7334 7335
f 7304 7335 7302
f 7302 7335 7336
f 7302 7336 7300
f 7300 7336 7337
f 7300 7337 7298
f 7298 7337 7338
f 7298 7338 7296
f 7296 7338 7339
f 7296 7339 7295
f 7295 7339 7293
f 7293 7340 7294
f 7294 7340 7297
f 7340 7341 7297
f 7297 7341 7299
f 7341 7342 7299
f 7299 7342 7301
f 7342 7343 7301
f 7301 7343 7303
f 7343 7344 7303
f 7303 7344 7305
f 7344 7345 7305
f 7305 7345 7307
f 7345 7346 7307
f 7307 7346 7309
f 7346 7347 7309
f 7309 7347 7348
f 7309 7348 7310
f 7310 7348 7349
f 7310 7349 7312
f 7312 7349 7350
f 7312 7350 7314
f 7314 7350 7351
f 7314 7351 7316
f 7316 7351 7352
f 7316 7352 7318
f 7318 7352 7353
f 7318 7353 7320
f 7320 7353 7354
f 7320 7354 7322
f 7322 7354 7324
f 7324 7355 7325
f 7325 7355 7326
f 7355 7356 7326
f 7326 7356 7327
f 7356 7357 7327
f 7327 7357 7328
f 7357 7358 7328
f 7328 7358 7329
f 7358 7359 7329
f 7329 7359 7330
f 7359 7360 7330
f 7330 7360 7331
f 7360 7361 7331
f 7331 7361 7332
f 7361 7362 7332
f 7332 7362 7363
f 7332 7363 7333
f 7333 7363 7364
f 7333 7364 7334
f 7334 7364 7365
f 7334 7365 7335
f 7335 7365 7366
f 7335 7366 7336
f 7336 7366 7367
f 7336 7367 7337
f 7337 7367 7368
f 7337 7368 7338
f 7338 7368 7369
f 7338 7369 7339
f 7339 7369 7293
f 7293 7370 7340
f 7370 7371 7340
f 7340 7371 7341
f 7371 7372 7341
f 7341 7372 7342
f 7372 7373 7342
f 7342 7373 7343
f 7373 7374 7343
f 7343 7374 7344
f 7374 7375 7344
f 7344 7375 7345
f 7375 7376 7345
f 7345 7376 7346
f 7376 7377 7346
f 7346 7377 7347
f 7377 7378 7347
f 7347 7378 7379
f 7347 7379 7348
f 7348 7379 7380
f 7348 7380 7349
f 7349 7380 7381
f 7349 7381 7350
f 7350 7381 7382
f 7350 7382 7351
f 7351 7382 7383
f 7351 7383 7352
f 7352 7383 7384
f 7352 7384 7353
f 7353 7384 7385
f 7353 7385 7354
f 7354 7385 7386
f 7354 7386 7324
f 7324 7386 7355
f 7386 7387 7355
f 7355 7387 7356
f 7387 7388 7356
f 7356 7388 7357
f 7388 7389 7357
f 7357 7389 7358
f 7389 7390 7358
f 7358 7390 7359
f 7390 7391 7359
f 7359 7391 7360
f 7391 7392 7360
f 7360 7392 7361
f 7392 7393 7361
f 7361 7393 7362
f 7393 7394 7362
f 7362 7394 7395
f 7362 7395 7363
f 7363 7395 7396
f 7363 7396 7364
f 7364 7396 7397
f 7364 7397 7365
f 7365 7397 7398
f 7365 7398 7366
f 7366 7398 7399
f 7366 7399 7367
f 7367 7399 7400
f 7367 7400 7368
f 7368 7400 7401
f 7368 7401 7369
f 7369 7401 7370
f 7369 7370 7293
f 7370 7402 7371
f 7402 7403 7371
f 7371 7403 7372
f 7403 7404 7372
f 7372 7404 7373
f 7404 7405 7373
f 7373 7405 7374
f 7405 7406 7374
f 7374 7406 7375
f 7406 7407 7375
f 7375 7407 7376
f 7407 7408 7376
f 7376 7408 7377
f 7408 7409 7377
f 7377 7409 7378
f 7409 7410 7378
f 7378 7410 7411
f 7378 7411 7379
f 7379 7411 7412
f 7379 7412 7380
f 7380 7412 7413
f 7380 7413 7381
f 7381 7413 7414
f 7381 7414 7382
f 7382 7414 7415
f 7382 7415 7383
f 7383 7415 7416
f 7383 7416 7384
f 7384 7416 7417
f 7384 7417 7385
f 7385 7417 7418
f 7385 7418 7386
f 7386 7418 7387
f 7418 7419 7387
f 7387 7419 7388
f 7419 7420 7388
f 7388 7420 7389
f 7420 7421 7389
f 7389 7421 7390
f 7421 7422 7390
f 7390 7422 7391
f 7422 7423 7391
f 7391 7423 7392
f 7423 7424 7392
f 7392 7424 7393
f 7424 7425 7393
f 7393 7425 7394
f 7425 7426 7394
f 7394 7426 7427
f 7394 7427 7395
f 7395 7427 7428
f 7395 7428 7396
f 7396 7428 7429
f 7396 7429 7397
f 7397 7429 7430
f 7397 7430 7398
f 7398 7430 7431
f 7398 7431 7399
f 7399 7431 7432
f 7399 7432 7400
f 7400 7432 7433
f 7400 7433 7401
f 7401 7433 7402
f 7401 7402 7370
f 7402 7434 7403
f 7434 7435 7403
f 7403 7435 7404
f 7435 7436 7404
f 7404 7436 7405
f 7436 7437 7405
f 7405 7437 7406
f 7437 7438 7406
f 7406 7438 7407
f 7438 7439 7407
f 7407 7439 7408
f 7439 7440 7408
f 7408 7440 7409
f 7440 7441 7409
f 7409 7441 7410
f 7441 7442 7410
f 7410 7442 7443
f 7410 7443 7411
f 7411 7443 7444
f 7411 7444 7412
f 7412 7444 7445
f 7412 7445 7413
f 7413 7445 7446
f 7413 7446 7414
f 7414 7446 7447
f 7414 7447 7415
f 7415 7447 7448
f 7415 7448 7416
f 7416 7448 7449
f 7416 7449 7417
f 7417 7449 7450
f 7417 7450 7418
f 7418 7450 7419
f 7450 7451 7419
f 7419 7451 7420
f 7451 7452 7420
f 7420 7452 7421
f 7452 7453 7421
f 7421 7453 7422
f 7453 7454 7422
f 7422 7454 7423
f 7454 7455 7423
f 7423 7455 7424
f 7455 7456 7424
f 7424 7456 7425
f 7456 7457 7425
f 7425 7457 7426
f 7457 7458 7426
f 7426 7458 7459
f 7426 7459 7427
f 7427 7459 7460
f 7427 7460 7428
f 7428 7460 7461
f 7428 7461 7429
f 7429 7461 7462
f 7429 7462 7430
f 7430 7462 7463
f 7430 7463 7431
f 7431 7463 7464
f 7431 7464 7432
f 7432 7464 7465
f 7432 7465 7433
f 7433 7465 7434
f 7433 7434 7402
f 7434 7466 7435
f 7466 7467 7435
f 7435 7467 7436
f 7467 7468 7436
f 7436 7468 7437
f 7468 7469 7437
f 7437 7469 7438
f 7469 7470 7438
f 7438 7470 7439
f 7470 7471 7439
f 7439 7471 7440
f 7471 7472 7440
f 7440 7472 7441
f 7472 7473 7441
f 7441 7473 7442
f 7473 7474 7442
f 7442 7474 7475
f 7442 7475 7443
f 7443 7475 7476
f 7443 7476 7444
f 7444 7476 7477
f 7444 7477 7445
f 7445 7477 7478
f 7445 7478 7446
f 7446 7478 7479
f 7446 7479 7447
f 7447 7479 7480
f 7447 7480 7448
f 7448 7480 7481
f 7448 7481 7449
f 7449 7481 7482
f 7449 7482 7450
f 7450 7482 7451
f 7482 7483 7451
f 7451 7483 7452
f 7483 7484 7452
f 7452 7484 7453
f 7484 7485 7453
f 7453 7485 7454
f 7485 7486 7454
f 7454 7486 7455
f 7486 7487 7455
f 7455 7487 7456
f 7487 7488 7456
f 7456 7488 7457
f 7488 7489 7457
f 7457 7489 7458
f 7489 7490 7458
f 7458 7490 7491
f 7458 7491 7459
f 7459 7491 7492
f 7459 7492 7460
f 7460 7492 7493
f 7460 7493 7461
f 7461 7493 7494
f 7461 7494 7462
f 7462 7494 7495
f 7462 7495 7463
f 7463 7495 7496
f 7463 7496 7464
f 7464 7496 7497
f 7464 7497 7465
f 7465 7497 7466
f 7465 7466 7434
f 7466 7498 7499
f 7466 7499 7467
f 7467 7499 7500
f 7467 7500 7468
f 7468 7500 7501
f 7468 7501 7469
f 7469 7501 7502
f 7469 7502 7470
f 7470 7502 7503
f 7470 7503 7471
f 7471 7503 7504
f 7471 7504 7472
f 7472 7504 7505
f 7472 7505 7473
f 7473 7505 7506
f 7473 7506 7474
f 7474 7506 7475
f 7506 7507 7475
f 7475 7507 7476
f 7507 7508 7476
f 7476 7508 7477
f 7508 7509 7477
f 7477 7509 7478
f 7509 7510 7478
f 7478 7510 7479
f 7510 7511 7479
f 7479 7511 7480
f 7511 7512 7480
f 7480 7512 7481
f 7512 7513 7481
f 7481 7513 7482
f 7513 7514 7482
f 7482 7514 7515
f 7482 7515 7483
f 7483 7515 7516
f 7483 7516 7484
f 7484 7516 7517
f 7484 7517 7485
f 7485 7517 7518
f 7485 7518 7486
f 7486 7518 7519
f 7486 7519 7487
f 7487 7519 7520
f 7487 7520 7488
f 7488 7520 7521
f 7488 7521 7489
f 7489 7521 7522
f 7489 7522 7490
f 7490 7522 7491
f 7522 7523 7491
f 7491 7523 7492
f 7523 7524 7492
f 7492 7524 7493
f 7524 7525 7493
f 7493 7525 7494
f 7525 7526 7494
f 7494 7526 7495
f 7526 7527 7495
f 7495 7527 7496
f 7527 7528 7496
f 7496 7528 7497
f 7528 7529 7497
f 7497 7529 7466
f 7529 7498 7466
f 7498 7530 7531
f 7498 7531 7499
f 7499 7531 7532
f 7499 7532 7500
f 7500 7532 7533
f 7500 7533 7501
f 7501 7533 7534
f 7501 7534 7502
f 7502 7534 7535
f 7502 7535 7503
f 7503 7535 7536
f 7503 7536 7504
f 7504 7536 7537
f 7504 7537 7505
f 7505 7537 7538
f 7505 7538 7506
f 7506 7538 7507
f 7538 7539 7507
f 7507 7539 7508
f 7539 7540 7508
f 7508 7540 7509
f 7540 7541 7509
f 7509 7541 7510
f 7541 7542 7510
f 7510 7542 7511
f 7542 7543 7511
f 7511 7543 7512
f 7543 7544 7512
f 7512 7544 7513
f 7544 7545 7513
f 7513 7545 7514
f 7545 7546 7514
f 7514 7546 7547
f 7514 7547 7515
f 7515 7547 7548
f 7515 7548 7516
f 7516 7548 7549
f 7516 7549 7517
f 7517 7549 7550
f 7517 7550 7518
f 7518 7550 7551
f 7518 7551 7519
f 7519 7551 7552
f 7519 7552 7520
f 7520 7552 7553
f 7520 7553 7521
f 7521 7553 7554
f 7521 7554 7522
f 7522 7554 7523
f 7554 7555 7523
f 7523 7555 7524
f 7555 7556 7524
f 7524 7556 7525
f 7556 7557 7525
f 7525 7557 7526
f 7557 7558 7526
f 7526 7558 7527
f 7558 7559 7527
f 7527 7559 7528
f 7559 7560 7528
f 7528 7560 7529
f 7560 7561 7529
f 7529 7561 7498
f 7561 7530 7498
f 7530 7562 7563
f 7530 7563 7531
f 7531 7563 7564
f 7531 7564 7532
f 7532 7564 7565
f 7532 7565 7533
f 7533 7565 7566
f 7533 7566 7534
f 7534 7566 7567
f 7534 7567 7535
f 7535 7567 7568
f 7535 7568 7536
f 7536 7568 7569
f 7536 7569 7537
f 7537 7569 7570
f 7537 7570 7538
f 7538 7570 7539
f 7570 7571 7539
f 7539 7571 7540
f 7571 7572 7540
f 7540 7572 7541
f 7572 7573 7541
f 7541 7573 7542
f 7573 7574 7542
f 7542 7574 7543
f 7574 7575 7543
f 7543 7575 7544
f 7575 7576 7544
f 7544 7576 7545
f 7576 7577 7545
f 7545 7577 7546
f 7577 7578 7546
f 7546 7578 7579
f 7546 7579 7547
f 7547 7579 7580
f 7547 7580 7548
f 7548 7580 7581
f 7548 7581 7549
f 7549 7581 7582
f 7549 7582 7550
f 7550 7582 7583
f 7550 7583 7551
f 7551 7583 7584
f 7551 7584 7552
f 7552 7584 7585
f 7552 7585 7553
f 7553 7585 7586
f 7553 7586 7554
f 7554 7586 7555
f 7586 7587 7555
f 7555 7587 7556
f 7587 7588 7556
f 7556 7588 7557
f 7588 7589 7557
f 7557 7589 7558
f 7589 7590 7558
f 7558 7590 7559
f 7590 7591 7559
f 7559 7591 7560
f 7591 7592 7560
f 7560 7592 7561
f 7592 7593 7561
f 7561 7593 7530
f 7593 7562 7530
f 7562 7594 7563
f 7563 7594 7595
f 7563 7595 7564
f 7564 7595 7596
f 7564 7596 7565
f 7565 7596 7597
f 7565 7597 7566
f 7566 7597 7598
f 7566 7598 7567
f 7567 7598 7599
f 7567 7599 7568
f 7568 7599 7600
f 7568 7600 7569
f 7569 7600 7601
f 7569 7601 7570
f 7570 7601 7571
f 7601 7602 7571
f 7571 7602 7572
f 7602 7603 7572
f 7572 7603 7573
f 7603 7604 7573
f 7573 7604 7574
f 7604 7605 7574
f 7574 7605 7575
f 7605 7606 7575
f 7575 7606 7576
f 7606 7607 7576
f 7576 7607 7577
f 7607 7608 7577
f 7577 7608 7578
f 7578 7609 7579
f 7579 7609 7610
f 7579 7610 7580
f 7580 7610 7611
f 7580 7611 7581
f 7581 7611 7612
f 7581 7612 7582
f 7582 7612 7613
f 7582 7613 7583
f 7583 7613 7614
f 7583 7614 7584
f 7584 7614 7615
f 7584 7615 7585
f 7585 7615 7616
f 7585 7616 7586
f 7586 7616 7587
f 7616 7617 7587
f 7587 7617 7588
f 7617 7618 7588
f 7588 7618 7589
f 7618 7619 7589
f 7589 7619 7590
f 7619 7620 7590
f 7590 7620 7591
f 7620 7621 7591
f 7591 7621 7592
f 7621 7622 7592
f 7592 7622 7593
f 7622 7623 7593
f 7593 7623 7562
f 7562 7624 7594
f 7594 7624 7625
f 7594 7625 7595
f 7595 7625 7626
f 7595 7626 7596
f 7596 7626 7627
f 7596 7627 7597
f 7597 7627 7628
f 7597 7628 7598
f 7598 7628 7629
f 7598 7629 7599
f 7599 7629 7630
f 7599 7630 7600
f 7600 7630 7631
f 7600 7631 7601
f 7601 7631 7602
f 7631 7632 7602
f 7602 7632 7603
f 7632 7633 7603
f 7603 7633 7604
f 7633 7634 7604
f 7604 7634 7605
f 7634 7635 7605
f 7605 7635 7606
f 7635 7636 7606
f 7606 7636 7607
f 7636 7637 7607
f 7607 7637 7608
f 7637 7638 7608
f 7608 7638 7578
f 7578 7638 7609
f 7609 7638 7637
f 7609 7637 7610
f 7610 7637 7636
f 7610 7636 7611
f 7611 7636 7635
f 7611 7635 7612
f 7612 7635 7634
f 7612 7634 7613
f 7613 7634 7633
f 7613 7633 7614
f 7614 7633 7632
f 7614 7632 7615
f 7615 7632 7631
f 7615 7631 7616
f 7616 7631 7617
f 7631 7630 7617
f 7617 7630 7618
f 7630 7629 7618
f 7618 7629 7619
f 7629 7628 7619
f 7619 7628 7620
f 7628 7627 7620
f 7620 7627 7621
f 7627 7626 7621
f 7621 7626 7622
f 7626 7625 7622
f 7622 7625 7623
f 7625 7624 7623
f 7623 7624 7562
f 7639 7640 7641
f 7640 7642 7641
f 7641 7642 7643
f 7642 7644 7643
f 7643 7644 7645
f 7644 7646 7645
f 7645 7646 7647
f 7646 7648 7647
f 7647 7648 7649
f 7648 7650 7649
f 7649 7650 7651
f 7650 7652 7651
f 7651 7652 7653
f 7652 7654 7653
f 7653 7654 7655
f 7654 7656 7655
f 7654 7657 7656
f 7657 7658 7656
f 7657 7659 7658
f 7659 7660 7658
f 7659 7661 7660
f 7661 7662 7660
f 7661 7663 7662
f 7663 7664 7662
f 7663 7665 7664
f 7665 7666 7664
f 7665 7667 7666
f 7667 7668 7666
f 7667 7669 7668
f 7669 7670 7668
f 7670 7669 7671
f 7669 7667 7671
f 7671 7667 7672
f 7667 7665 7672
f 7672 7665 7673
f 7665 7663 7673
f 7673 7663 7674
f 7663 7661 7674
f 7674 7661 7675
f 7661 7659 7675
f 7675 7659 7676
f 7659 7657 7676
f 7676 7657 7677
f 7657 7654 7677
f 7677 7654 7678
f 7654 7679 7678
f 7654 7652 7679
f 7652 7680 7679
f 7652 7650 7680
f 7650 7681 7680
f 7650 7648 7681
f 7648 7682 7681
f 7648 7646 7682
f 7646 7683 7682
f 7646 7644 7683
f 7644 7684 7683
f 7644 7642 7684
f 7642 7685 7684
f 7642 7640 7685
f 7640 7639 7685
f 7639 7641 7686
f 7641 7643 7686
f 7686 7643 7687
f 7643 7645 7687
f 7687 7645 7688
f 7645 7647 7688
f 7688 7647 7689
f 7647 7649 7689
f 7689 7649 7690
f 7649 7651 7690
f 7690 7651 7691
f 7651 7653 7691
f 7691 7653 7692
f 7653 7655 7692
f 7692 7655 7693
f 7655 7694 7693
f 7655 7656 7694
f 7656 7695 7694
f 7656 7658 7695
f 7658 7696 7695
f 7658 7660 7696
f 7660 7697 7696
f 7660 7662 7697
f 7662 7698 7697
f 7662 7664 7698
f 7664 7699 7698
f 7664 7666 7699
f 7666 7700 7699
f 7666 7668 7700
f 7668 7670 7700
f 7670 7671 7701
f 7671 7672 7701
f 7701 7672 7702
f 7672 7673 7702
f 7702 7673 7703
f 7673 7674 7703
f 7703 7674 7704
f 7674 7675 7704
f 7704 7675 7705
f 7675 7676 7705
f 7705 7676 7706
f 7676 7677 7706
f 7706 7677 7707
f 7677 7678 7707
f 7707 7678 7708
f 7678 7709 7708
f 7678 7679 7709
f 7679 7710 7709
f 7679 7680 7710
f 7680 7711 7710
f 7680 7681 7711
f 7681 7712 7711
f 7681 7682 7712
f 7682 7713 7712
f 7682 7683 7713
f 7683 7714 7713
f 7683 7684 7714
f 7684 7715 7714
f 7684 7685 7715
f 7685 7639 7715
f 7639 7686 7716
f 7716 7686 7717
f 7686 7687 7717
f 7717 7687 7718
f 7687 7688 7718
f 7718 7688 7719
f 7688 7689 7719
f 7719 7689 7720
f 7689 7690 7720
f 7720 7690 7721
f 7690 7691 7721
f 7721 7691 7722
f 7691 7692 7722
f 7722 7692 7723
f 7692 7693 7723
f 7723 7693 7724
f 7693 7725 7724
f 7693 7694 7725
f 7694 7726 7725
f 7694 7695 7726
f 7695 7727 7726
f 7695 7696 7727
f 7696 7728 7727
f 7696 7697 7728
f 7697 7729 7728
f 7697 7698 7729
f 7698 7730 7729
f 7698 7699 7730
f 7699 7731 7730
f 7699 7700 7731
f 7700 7732 7731
f 7700 7670 7732
f 7670 7701 7732
f 7732 7701 7733
f 7701 7702 7733
f 7733 7702 7734
f 7702 7703 7734
f 7734 7703 7735
f 7703 7704 7735
f 7735 7704 7736
f 7704 7705 7736
f 7736 7705 7737
f 7705 7706 7737
f 7737 7706 7738
f 7706 7707 7738
f 7738 7707 7739
f 7707 7708 7739
f 7739 7708 7740
f 7708 7741 7740
f 7708 7709 7741
f 7709 7742 7741
f 7709 7710 7742
f 7710 7743 7742
f 7710 7711 7743
f 7711 7744 7743
f 7711 7712 7744
f 7712 7745 7744
f 7712 7713 7745
f 7713 7746 7745
f 7713 7714 7746
f 7714 7747 7746
f 7714 7715 7747
f 7715 7716 7747
f 7715 7639 7716
f 7716 7717 7748
f 7748 7717 7749
f 7717 7718 7749
f 7749 7718 7750
f 7718 7719 7750
f 7750 7719 7751
f 7719 7720 7751
f 7751 7720 7752
f 7720 7721 7752
f 7752 7721 7753
f 7721 7722 7753
f 7753 7722 7754
f 7722 7723 7754
f 7754 7723 7755
f 7723 7724 7755
f 7755 7724 7756
f 7724 7757 7756
f 7724 7725 7757
f 7725 7758 7757
f 7725 7726 7758
f 7726 7759 7758
f 7726 7727 7759
f 7727 7760 7759
f 7727 7728 7760
f 7728 7761 7760
f 7728 7729 7761
f 7729 7762 7761
f 7729 7730 7762
f 7730 7763 7762
f 7730 7731 7763
f 7731 7764 7763
f 7731 7732 7764
f 7732 7733 7764
f 7764 7733 7765
f 7733 7734 7765
f 7765 7734 7766
f 7734 7735 7766
f 7766 7735 7767
f 7735 7736 7767
f 7767 7736 7768
f 7736 7737 7768
f 7768 7737 7769
f 7737 7738 7769
f 7769 7738 7770
f 7738 7739 7770
f 7770 7739 7771
f 7739 7740 7771
f 7771 7740 7772
f 7740 7773 7772
f 7740 7741 7773
f 7741 7774 7773
f 7741 7742 7774
f 7742 7775 7774
f 7742 7743 7775
f 7743 7776 7775
f 7743 7744 7776
f 7744 7777 7776
f 7744 7745 7777
f 7745 7778 7777
f 7745 7746 7778
f 7746 7779 7778
f 7746 7747 7779
f 7747 7748 7779
f 7747 7716 7748
f 7748 7749 7780
f 7780 7749 7781
f 7749 7750 7781
f 7781 7750 7782
f 7750 7751 7782
f 7782 7751 7783
f 7751 7752 7783
f 7783 7752 7784
f 7752 7753 7784
f 7784 7753 7785
f 7753 7754 7785
f 7785 7754 7786
f 7754 7755 7786
f 7786 7755 7787
f 7755 7756 7787
f 7787 7756 7788
f 7756 7789 7788
f 7756 7757 7789
f 7757 7790 7789
f 7757 7758 7790
f 7758 7791 7790
f 7758 7759 7791
f 7759 7792 7791
f 7759 7760 7792
f 7760 7793 7792
f 7760 7761 7793
f 7761 7794 7793
f 7761 7762 7794
f 7762 7795 7794
f 7762 7763 7795
f 7763 7796 7795
f 7763 7764 7796
f 7764 7765 7796
f 7796 7765 7797
f 7765 7766 7797
f 7797 7766 7798
f 7766 7767 7798
f 7798 7767 7799
f 7767 7768 7799
f 7799 7768 7800
f 7768 7769 7800
f 7800 7769 7801
f 7769 7770 7801
f 7801 7770 7802
f 7770 7771 7802
f 7802 7771 7803
f 7771 7772 7803
f 7803 7772 7804
f 7772 7805 7804
f 7772 7773 7805
f 7773 7806 7805
f 7773 7774 7806
f 7774 7807 7806
f 7774 7775 7807
f 7775 7808 7807
f 7775 7776 7808
f 7776 7809 7808
f 7776 7777 7809
f 7777 7810 7809
f 7777 7778 7810
f 7778 7811 7810
f 7778 7779 7811
f 7779 7780 7811
f 7779 7748 7780
f 7780 7781 7812
f 7812 7781 7813
f 7781 7782 7813
f 7813 7782 7814
f 7782 7783 7814
f 7814 7783 7815
f 7783 7784 7815
f 7815 7784 7816
f 7784 7785 7816
f 7816 7785 7817
f 7785 7786 7817
f 7817 7786 7818
f 7786 7787 7818
f 7818 7787 7819
f 7787 7788 7819
f 7819 7788 7820
f 7788 7821 7820
f 7788 7789 7821
f 7789 7822 7821
f 7789 7790 7822
f 7790 7823 7822
f 7790 7791 7823
f 7791 7824 7823
f 7791 7792 7824
f 7792 7825 7824
f 7792 7793 7825
f 7793 7826 7825
f 7793 7794 7826
f 7794 7827 7826
f 7794 7795 7827
f 7795 7828 7827
f 7795 7796 7828
f 7796 7797 7828
f 7828 7797 7829
f 7797 7798 7829
f 7829 7798 7830
f 7798 7799 7830
f 7830 7799 7831
f 7799 7800 7831
f 7831 7800 7832
f 7800 7801 7832
f 7832 7801 7833
f 7801 7802 7833
f 7833 7802 7834
f 7802 7803 7834
f 7834 7803 7835
f 7803 7804 7835
f 7835 7804 7836
f 7804 7837 7836
f 7804 7805 7837
f 7805 7838 7837
f 7805 7806 7838
f 7806 7839 7838
f 7806 7807 7839
f 7807 7840 7839
f 7807 7808 7840
f 7808 7841 7840
f 7808 7809 7841
f 7809 7842 7841
f 7809 7810 7842
f 7810 7843 7842
f 7810 7811 7843
f 7811 7812 7843
f 7811 7780 7812
f 7812 7813 7844
f 7844 7813 7845
f 7813 7814 7845
f 7845 7814 7846
f 7814 7815 7846
f 7846 7815 7847
f 7815 7816 7847
f 7847 7816 7848
f 7816 7817 7848
f 7848 7817 7849
f 7817 7818 7849
f 7849 7818 7850
f 7818 7819 7850
f 7850 7819 7851
f 7819 7820 7851
f 7851 7820 7852
f 7820 7853 7852
f 7820 7821 7853
f 7821 7854 7853
f 7821 7822 7854
f 7822 7855 7854
f 7822 7823 7855
f 7823 7856 7855
f 7823 7824 7856
f 7824 7857 7856
f 7824 7825 7857
f 7825 7858 7857
f 7825 7826 7858
f 7826 7859 7858
f 7826 7827 7859
f 7827 7860 7859
f 7827 7828 7860
f 7828 7829 7860
f 7860 7829 7861
f 7829 7830 7861
f 7861 7830 7862
f 7830 7831 7862
f 7862 7831 7863
f 7831 7832 7863
f 7863 7832 7864
f 7832 7833 7864
f 7864 7833 7865
f 7833 7834 7865
f 7865 7834 7866
f 7834 7835 7866
f 7866 7835 7867
f 7835 7836 7867
f 7867 7836 7868
f 7836 7869 7868
f 7836 7837 7869
f 7837 7870 7869
f 7837 7838 7870
f 7838 7871 7870
f 7838 7839 7871
f 7839 7872 7871
f 7839 7840 7872
f 7840 7873 7872
f 7840 7841 7873
f 7841 7874 7873
f 7841 7842 7874
f 7842 7875 7874
f 7842 7843 7875
f 7843 7844 7875
f 7843 7812 7844
f 7844 7845 7876
f 7876 7845 7877
f 7845 7846 7877
f 7877 7846 7878
f 7846 7847 7878
f 7878 7847 7879
f 7847 7848 7879
f 7879 7848 7880
f 7848 7849 7880
f 7880 7849 7881
f 7849 7850 7881
f 7881 7850 7882
f 7850 7851 7882
f 7882 7851 7883
f 7851 7852 7883
f 7883 7852 7884
f 7852 7885 7884
f 7852 7853 7885
f 7853 7886 7885
f 7853 7854 7886
f 7854 7887 7886
f 7854 7855 7887
f 7855 7888 7887
f 7855 7856 7888
f 7856 7889 7888
f 7856 7857 7889
f 7857 7890 7889
f 7857 7858 7890
f 7858 7891 7890
f 7858 7859 7891
f 7859 7892 7891
f 7859 7860 7892
f 7860 7861 7892
f 7892 7861 7893
f 7861 7862 7893
f 7893 7862 7894
f 7862 7863 7894
f 7894 7863 7895
f 7863 7864 7895
f 7895 7864 7896
f 7864 7865 7896
f 7896 7865 7897
f 7865 7866 7897
f 7897 7866 7898
f 7866 7867 7898
f 7898 7867 7899
f 7867 7868 7899
f 7899 7868 7900
f 7868 7901 7900
f 7868 7869 7901
f 7869 7902 7901
f 7869 7870 7902
f 7870 7903 7902
f 7870 7871 7903
f 7871 7904 7903
f 7871 7872 7904
f 7872 7905 7904
f 7872 7873 7905
f 7873 7906 7905
f 7873 7874 7906
f 7874 7907 7906
f 7874 7875 7907
f 7875 7876 7907
f 7875 7844 7876
f 7876 7908 7909
f 7876 7877 7908
f 7877 7910 7908
f 7877 7878 7910
f 7878 7911 7910
f 7878 7879 7911
f 7879 7912 7911
f 7879 7880 7912
f 7880 7913 7912
f 7880 7881 7913
f 7881 7914 7913
f 7881 7882 7914
f 7882 7915 7914
f 7882 7883 7915
f 7883 7916 7915
f 7883 7884 7916
f 7884 7885 7916
f 7916 7885 7917
f 7885 7886 7917
f 7917 7886 7918
f 7886 7887 7918
f 7918 7887 7919
f 7887 7888 7919
f 7919 7888 7920
f 7888 7889 7920
f 7920 7889 7921
f 7889 7890 7921
f 7921 7890 7922
f 7890 7891 7922
f 7922 7891 7923
f 7891 7892 7923
f 7923 7892 7924
f 7892 7925 7924
f 7892 7893 7925
f 7893 7926 7925
f 7893 7894 7926
f 7894 7927 7926
f 7894 7895 7927
f 7895 7928 7927
f 7895 7896 7928
f 7896 7929 7928
f 7896 7897 7929
f 7897 7930 7929
f 7897 7898 7930
f 7898 7931 7930
f 7898 7899 7931
f 7899 7932 7931
f 7899 7900 7932
f 7900 7901 7932
f 7932 7901 7933
f 7901 7902 7933
f 7933 7902 7934
f 7902 7903 7934
f 7934 7903 7935
f 7903 7904 7935
f 7935 7904 7936
f 7904 7905 7936
f 7936 7905 7937
f 7905 7906 7937
f 7937 7906 7938
f 7906 7907 7938
f 7938 7907 7939
f 7907 7876 7939
f 7939 7876 7909
f 7909 7940 7941
f 7909 7908 7940
f 7908 7942 7940
f 7908 7910 7942
f 7910 7943 7942
f 7910 7911 7943
f 7911 7944 7943
f 7911 7912 7944
f 7912 7945 7944
f 7912 7913 7945
f 7913 7946 7945
f 7913 7914 7946
f 7914 7947 7946
f 7914 7915 7947
f 7915 7948 7947
f 7915 7916 7948
f 7916 7917 7948
f 7948 7917 7949
f 7917 7918 7949
f 7949 7918 7950
f 7918 7919 7950
f 7950 7919 7951
f 7919 7920 7951
f 7951 7920 7952
f 7920 7921 7952
f 7952 7921 7953
f 7921 7922 7953
f 7953 7922 7954
f 7922 7923 7954
f 7954 7923 7955
f 7923 7924 7955
f 7955 7924 7956
f 7924 7957 7956
f 7924 7925 7957
f 7925 7958 7957
f 7925 7926 7958
f 7926 7959 7958
f 7926 7927 7959
f 7927 7960 7959
f 7927 7928 7960
f 7928 7961 7960
f 7928 7929 7961
f 7929 7962 7961
f 7929 7930 7962
f 7930 7963 7962
f 7930 7931 7963
f 7931 7964 7963
f 7931 7932 7964
f 7932 7933 7964
f 7964 7933 7965
f 7933 7934 7965
f 7965 7934 7966
f 7934 7935 7966
f 7966 7935 7967
f 7935 7936 7967
f 7967 7936 7968
f 7936 7937 7968
f 7968 7937 7969
f 7937 7938 7969
f 7969 7938 7970
f 7938 7939 7970
f 7970 7939 7971
f 7939 7909 7971
f 7971 7909 7941
f 7941 7972 7973
f 7941 7940 7972
f 7940 7974 7972
f 7940 7942 7974
f 7942 7975 7974
f 7942 7943 7975
f 7943 7976 7975
f 7943 7944 7976
f 7944 7977 7976
f 7944 7945 7977
f 7945 7978 7977
f 7945 7946 7978
f 7946 7979 7978
f 7946 7947 7979
f 7947 7980 7979
f 7947 7948 7980
f 7948 7949 7980
f 7980 7949 7981
f 7949 7950 7981
f 7981 7950 7982
f 7950 7951 7982
f 7982 7951 7983
f 7951 7952 7983
f 7983 7952 7984
f 7952 7953 7984
f 7984 7953 7985
f 7953 7954 7985
f 7985 7954 7986
f 7954 7955 7986
f 7986 7955 7987
f 7955 7956 7987
f 7987 7956 7988
f 7956 7989 7988
f 7956 7957 7989
f 7957 7990 7989
f 7957 7958 7990
f 7958 7991 7990
f 7958 7959 7991
f 7959 7992 7991
f 7959 7960 7992
f 7960 7993 7992
f 7960 7961 7993
f 7961 7994 7993
f 7961 7962 7994
f 7962 7995 7994
f 7962 7963 7995
f 7963 7996 7995
f 7963 7964 7996
f 7964 7965 7996
f 7996 7965 7997
f 7965 7966 7997
f 7997 7966 7998
f 7966 7967 7998
f 7998 7967 7999
f 7967 7968 7999
f 7999 7968 8000
f 7968 7969 8000
f 8000 7969 8001
f 7969 7970 8001
f 8001 7970 8002
f 7970 7971 8002
f 8002 7971 8003
f 7971 7941 8003
f 8003 7941 7973
f 7973 8004 8005
f 7973 7972 8004
f 7972 8006 8004
f 7972 7974 8006
f 7974 8007 8006
f 7974 7975 8007
f 7975 8008 8007
f 7975 7976 8008
f 7976 8009 8008
f 7976 7977 8009
f 7977 8010 8009
f 7977 7978 8010
f 7978 8011 8010
f 7978 7979 8011
f 7979 8012 8011
f 7979 7980 8012
f 7980 7981 8012
f 8012 7981 8013
f 7981 7982 8013
f 8013 7982 8014
f 7982 7983 8014
f 8014 7983 8015
f 7983 7984 8015
f 8015 7984 8016
f 7984 7985 8016
f 8016 7985 8017
f 7985 7986 8017
f 8017 7986 8018
f 7986 7987 8018
f 8018 7987 8019
f 7987 7988 8019
f 8019 7988 8020
f 7988 8021 8020
f 7988 7989 8021
f 7989 8022 8021
f 7989 7990 8022
f 7990 8023 8022
f 7990 7991 8023
f 7991 8024 8023
f 7991 7992 8024
f 7992 8025 8024
f 7992 7993 8025
f 7993 8026 8025
f 7993 7994 8026
f 7994 8027 8026
f 7994 7995 8027
f 7995 8028 8027
f 7995 7996 8028
f 7996 7997 8028
f 8028 7997 8029
f 7997 7998 8029
f 8029 7998 8030
f 7998 7999 8030
f 8030 7999 8031
f 7999 8000 8031
f 8031 8000 8032
f 8000 8001 8032
f 8032 8001 8033
f 8001 8002 8033
f 8033 8002 8034
f 8002 8003 8034
f 8034 8003 8035
f 8003 7973 8035
f 8035 7973 8005
f 8005 8036 8037
f 8005 8004 8036
f 8004 8038 8036
f 8004 8006 8038
f 8006 8039 8038
f 8006 8007 8039
f 8007 8040 8039
f 8007 8008 8040
f 8008 8041 8040
f 8008 8009 8041
f 8009 8042 8041
f 8009 8010 8042
f 8010 8043 8042
f 8010 8011 8043
f 8011 8044 8043
f 8011 8012 8044
f 8012 8013 8044
f 8044 8013 8045
f 8013 8014 8045
f 8045 8014 8046
f 8014 8015 8046
f 8046 8015 8047
f 8015 8016 8047
f 8047 8016 8048
f 8016 8017 8048
f 8048 8017 8049
f 8017 8018 8049
f 8049 8018 8050
f 8018 8019 8050
f 8050 8019 8051
f 8019 8020 8051
f 8051 8020 8052
f 8020 8053 8052
f 8020 8021 8053
f 8021 8054 8053
f 8021 8022 8054
f 8022 8055 8054
f 8022 8023 8055
f 8023 8056 8055
f 8023 8024 8056
f 8024 8057 8056
f 8024 8025 8057
f 8025 8058 8057
f 8025 8026 8058
f 8026 8059 8058
f 8026 8027 8059
f 8027 8060 8059
f 8027 8028 8060
f 8028 8029 8060
f 8060 8029 8061
f 8029 8030 8061
f 8061 8030 8062
f 8030 8031 8062
f 8062 8031 8063
f 8031 8032 8063
f 8063 8032 8064
f 8032 8033 8064
f 8064 8033 8065
f 8033 8034 8065
f 8065 8034 8066
f 8034 8035 8066
f 8066 8035 8067
f 8035 8005 8067
f 8067 8005 8037
f 8037 8036 8068
f 8036 8069 8068
f 8036 8038 8069
f 8038 8070 8069
f 8038 8039 8070
f 8039 8071 8070
f 8039 8040 8071
f 8040 8072 8071
f 8040 8041 8072
f 8041 8073 8072
f 8041 8042 8073
f 8042 8074 8073
f 8042 8043 8074
f 8043 8075 8074
f 8043 8044 8075
f 8044 8045 8075
f 8075 8045 8076
f 8045 8046 8076
f 8076 8046 8077
f 8046 8047 8077
f 8077 8047 8078
f 8047 8048 8078
f 8078 8048 8079
f 8048 8049 8079
f 8079 8049 8080
f 8049 8050 8080
f 8080 8050 8081
f 8050 8051 8081
f 8081 8051 8082
f 8051 8052 8082
f 8052 8053 8083
f 8053 8084 8083
f 8053 8054 8084
f 8054 8085 8084
f 8054 8055 8085
f 8055 8086 8085
f 8055 8056 8086
f 8056 8087 8086
f 8056 8057 8087
f 8057 8088 8087
f 8057 8058 8088
f 8058 8089 8088
f 8058 8059 8089
f 8059 8090 8089
f 8059 8060 8090
f 8060 8061 8090
f 8090 8061 8091
f 8061 8062 8091
f 8091 8062 8092
f 8062 8063 8092
f 8092 8063 8093
f 8063 8064 8093
f 8093 8064 8094
f 8064 8065 8094
f 8094 8065 8095
f 8065 8066 8095
f 8095 8066 8096
f 8066 8067 8096
f 8096 8067 8097
f 8067 8037 8097
f 8037 8068 8098
f 8068 8099 8098
f 8068 8069 8099
f 8069 8100 8099
f 8069 8070 8100
f 8070 8101 8100
f 8070 8071 8101
f 8071 8102 8101
f 8071 8072 8102
f 8072 8103 8102
f 8072 8073 8103
f 8073 8104 8103
f 8073 8074 8104
f 8074 8105 8104
f 8074 8075 8105
f 8075 8076 8105
f 8105 8076 8106
f 8076 8077 8106
f 8106 8077 8107
f 8077 8078 8107
f 8107 8078 8108
f 8078 8079 8108
f 8108 8079 8109
f 8079 8080 8109
f 8109 8080 8110
f 8080 8081 8110
f 8110 8081 8111
f 8081 8082 8111
f 8111 8082 8112
f 8082 8052 8112
f 8052 8083 8112
f 8083 8111 8112
f 8083 8084 8111
f 8084 8110 8111
f 8084 8085 8110
f 8085 8109 8110
f 8085 8086 8109
f 8086 8108 8109
f 8086 8087 8108
f 8087 8107 8108
f 8087 8088 8107
f 8088 8106 8107
f 8088 8089 8106
f 8089 8105 8106
f 8089 8090 8105
f 8090 8091 8105
f 8105 8091 8104
f 8091 8092 8104
f 8104 8092 8103
f 8092 8093 8103
f 8103 8093 8102
f 8093 8094 8102
f 8102 8094 8101
f 8094 8095 8101
f 8101 8095 8100
f 8095 8096 8100
f 8100 8096 8099
f 8096 8097 8099
f 8099 8097 8098
f 8097 8037 8098
f 8113 8114 8115
f 8114 8116 8115
f 8115 8116 8117
f 8116 8118 8117
f 8117 8118 8119
f 8118 8120 8119
f 8119 8120 8121
f 8120 8122 8121
f 8121 8122 8123
f 8122 8124 8123
f 8123 8124 8125
f 8124 8126 8125
f 8125 8126 8127
f 8126 8128 8127
f 8127 8128 8129
f 8128 8130 8129
f 8128 8131 8130
f 8131 8132 8130
f 8131 8133 8132
f 8133 8134 8132
f 8133 8135 8134
f 8135 8136 8134
f 8135 8137 8136
f 8137 8138 8136
f 8137 8139 8138
f 8139 8140 8138
f 8139 8141 8140
f 8141 8142 8140
f 8141 8143 8142
f 8143 8144 8142
f 8144 8143 8145
f 8143 8141 8145
f 8145 8141 8146
f 8141 8139 8146
f 8146 8139 8147
f 8139 8137 8147
f 8147 8137 8148
f 8137 8135 8148
f 8148 8135 8149
f 8135 8133 8149
f 8149 8133 8150
f 8133 8131 8150
f 8150 8131 8151
f 8131 8128 8151
f 8151 8128 8152
f 8128 8153 8152
f 8128 8126 8153
f 8126 8154 8153
f 8126 8124 8154
f 8124 8155 8154
f 8124 8122 8155
f 8122 8156 8155
f 8122 8120 8156
f 8120 8157 8156
f 8120 8118 8157
f 8118 8158 8157
f 8118 8116 8158
f 8116 8159 8158
f 8116 8114 8159
f 8114 8113 8159
f 8113 8115 8160
f 8115 8117 8160
f 8160 8117 8161
f 8117 8119 8161
f 8161 8119 8162
f 8119 8121 8162
f 8162 8121 8163
f 8121 8123 8163
f 8163 8123 8164
f 8123 8125 8164
f 8164 8125 8165
f 8125 8127 8165
f 8165 8127 8166
f 8127 8129 8166
f 8166 8129 8167
f 8129 8168 8167
f 8129 8130 8168
f 8130 8169 8168
f 8130 8132 8169
f 8132 8170 8169
f 8132 8134 8170
f 8134 8171 8170
f 8134 8136 8171
f 8136 8172 8171
f 8136 8138 8172
f 8138 8173 8172
f 8138 8140 8173
f 8140 8174 8173
f 8140 8142 8174
f 8142 8144 8174
f 8144 8145 8175
f 8145 8146 8175
f 8175 8146 8176
f 8146 8147 8176
f 8176 8147 8177
f 8147 8148 8177
f 8177 8148 8178
f 8148 8149 8178
f 8178 8149 8179
f 8149 8150 8179
f 8179 8150 8180
f 8150 8151 8180
f 8180 8151 8181
f 8151 8152 8181
f 8181 8152 8182
f 8152 8183 8182
f 8152 8153 8183
f 8153 8184 8183
f 8153 8154 8184
f 8154 8185 8184
f 8154 8155 8185
f 8155 8186 8185
f 8155 8156 8186
f 8156 8187 8186
f 8156 8157 8187
f 8157 8188 8187
f 8157 8158 8188
f 8158 8189 8188
f 8158 8159 8189
f 8159 8113 8189
f 8113 8160 8190
f 8190 8160 8191
f 8160 8161 8191
f 8191 8161 8192
f 8161 8162 8192
f 8192 8162 8193
f 8162 8163 8193
f 8193 8163 8194
f 8163 8164 8194
f 8194 8164 8195
f 8164 8165 8195
f 8195 8165 8196
f 8165 8166 8196
f 8196 8166 8197
f 8166 8167 8197
f 8197 8167 8198
f 8167 8199 8198
f 8167 8168 8199
f 8168 8200 8199
f 8168 8169 8200
f 8169 8201 8200
f 8169 8170 8201
f 8170 8202 8201
f 8170 8171 8202
f 8171 8203 8202
f 8171 8172 8203
f 8172 8204 8203
f 8172 8173 8204
f 8173 8205 8204
f 8173 8174 8205
f 8174 8206 8205
f 8174 8144 8206
f 8144 8175 8206
f 8206 8175 8207
f 8175 8176 8207
f 8207 8176 8208
f 8176 8177 8208
f 8208 8177 8209
f 8177 8178 8209
f 8209 8178 8210
f 8178 8179 8210
f 8210 8179 8211
f 8179 8180 8211
f 8211 8180 8212
f 8180 8181 8212
f 8212 8181 8213
f 8181 8182 8213
f 8213 8182 8214
f 8182 8215 8214
f 8182 8183 8215
f 8183 8216 8215
f 8183 8184 8216
f 8184 8217 8216
f 8184 8185 8217
f 8185 8218 8217
f 8185 8186 8218
f 8186 8219 8218
f 8186 8187 8219
f 8187 8220 8219
f 8187 8188 8220
f 8188 8221 8220
f 8188 8189 8221
f 8189 8190 8221
f 8189 8113 8190
f 8190 8191 8222
f 8222 8191 8223
f 8191 8192 8223
f 8223 8192 8224
f 8192 8193 8224
f 8224 8193 8225
f 8193 8194 8225
f 8225 8194 8226
f 8194 8195 8226
f 8226 8195 8227
f 8195 8196 8227
f 8227 8196 8228
f 8196 8197 8228
f 8228 8197 8229
f 8197 8198 8229
f 8229 8198 8230
f 8198 8231 8230
f 8198 8199 8231
f 8199 8232 8231
f 8199 8200 8232
f 8200 8233 8232
f 8200 8201 8233
f 8201 8234 8233
f 8201 8202 8234
f 8202 8235 8234
f 8202 8203 8235
f 8203 8236 8235
f 8203 8204 8236
f 8204 8237 8236
f 8204 8205 8237
f 8205 8238 8237
f 8205 8206 8238
f 8206 8207 8238
f 8238 8207 8239
f 8207 8208 8239
f 8239 8208 8240
f 8208 8209 8240
f 8240 8209 8241
f 8209 8210 8241
f 8241 8210 8242
f 8210 8211 8242
f 8242 8211 8243
f 8211 8212 8243
f 8243 8212 8244
f 8212 8213 8244
f 8244 8213 8245
f 8213 8214 8245
f 8245 8214 8246
f 8214 8247 8246
f 8214 8215 8247
f 8215 8248 8247
f 8215 8216 8248
f 8216 8249 8248
f 8216 8217 8249
f 8217 8250 8249
f 8217 8218 8250
f 8218 8251 8250
f 8218 8219 8251
f 8219 8252 8251
f 8219 8220 8252
f 8220 8253 8252
f 8220 8221 8253
f 8221 8222 8253
f 8221 8190 8222
f 8222 8223 8254
f 8254 8223 8255
f 8223 8224 8255
f 8255 8224 8256
f 8224 8225 8256
f 8256 8225 8257
f 8225 8226 8257
f 8257 8226 8258
f 8226 8227 8258
f 8258 8227 8259
f 8227 8228 8259
f 8259 8228 8260
f 8228 8229 8260
f 8260 8229 8261
f 8229 8230 8261
f 8261 8230 8262
f 8230 8263 8262
f 8230 8231 8263
f 8231 8264 8263
f 8231 8232 8264
f 8232 8265 8264
f 8232 8233 8265
f 8233 8266 8265
f 8233 8234 8266
f 8234 8267 8266
f 8234 8235 8267
f 8235 8268 8267
f 8235 8236 8268
f 8236 8269 8268
f 8236 8237 8269
f 8237 8270 8269
f 8237 8238 8270
f 8238 8239 8270
f 8270 8239 8271
f 8239 8240 8271
f 8271 8240 8272
f 8240 8241 8272
f 8272 8241 8273
f 8241 8242 8273
f 8273 8242 8274
f 8242 8243 8274
f 8274 8243 8275
f 8243 8244 8275
f 8275 8244 8276
f 8244 8245 8276
f 8276 8245 8277
f 8245 8246 8277
f 8277 8246 8278
f 8246 8279 8278
f 8246 8247 8279
f 8247 8280 8279
f 8247 8248 8280
f 8248 8281 8280
f 8248 8249 8281
f 8249 8282 8281
f 8249 8250 8282
f 8250 8283 8282
f 8250 8251 8283
f 8251 8284 8283
f 8251 8252 8284
f 8252 8285 8284
f 8252 8253 8285
f 8253 8254 8285
f 8253 8222 8254
f 8254 8286 8287
f 8254 8255 8286
f 8255 8288 8286
f 8255 8256 8288
f 8256 8289 8288
f 8256 8257 8289
f 8257 8290 8289
f 8257 8258 8290
f 8258 8291 8290
f 8258 8259 8291
f 8259 8292 8291
f 8259 8260 8292
f 8260 8293 8292
f 8260 8261 8293
f 8261 8294 8293
f 8261 8262 8294
f 8262 8263 8294
f 8294 8263 8295
f 8263 8264 8295
f 8295 8264 8296
f 8264 8265 8296
f 8296 8265 8297
f 8265 8266 8297
f 8297 8266 8298
f 8266 8267 8298
f 8298 8267 8299
f 8267 8268 8299
f 8299 8268 8300
f 8268 8269 8300
f 8300 8269 8301
f 8269 8270 8301
f 8301 8270 8302
f 8270 8303 8302
f 8270 8271 8303
f 8271 8304 8303
f 8271 8272 8304
f 8272 8305 8304
f 8272 8273 8305
f 8273 8306 8305
f 8273 8274 8306
f 8274 8307 8306
f 8274 8275 8307
f 8275 8308 8307
f 8275 8276 8308
f 8276 8309 8308
f 8276 8277 8309
f 8277 8310 8309
f 8277 8278 8310
f 8278 8279 8310
f 8310 8279 8311
f 8279 8280 8311
f 8311 8280 8312
f 8280 8281 8312
f 8312 8281 8313
f 8281 8282 8313
f 8313 8282 8314
f 8282 8283 8314
f 8314 8283 8315
f 8283 8284 8315
f 8315 8284 8316
f 8284 8285 8316
f 8316 8285 8317
f 8285 8254 8317
f 8317 8254 8287
f 8287 8318 8319
f 8287 8286 8318
f 8286 8320 8318
f 8286 8288 8320
f 8288 8321 8320
f 8288 8289 8321
f 8289 8322 8321
f 8289 8290 8322
f 8290 8323 8322
f 8290 8291 8323
f 8291 8324 8323
f 8291 8292 8324
f 8292 8325 8324
f 8292 8293 8325
f 8293 8326 8325
f 8293 8294 8326
f 8294 8295 8326
f 8326 8295 8327
f 8295 8296 8327
f 8327 8296 8328
f 8296 8297 8328
f 8328 8297 8329
f 8297 8298 8329
f 8329 8298 8330
f 8298 8299 8330
f 8330 8299 8331
f 8299 8300 8331
f 8331 8300 8332
f 8300 8301 8332
f 8332 8301 8333
f 8301 8302 8333
f 8333 8302 8334
f 8302 8335 8334
f 8302 8303 8335
f 8303 8336 8335
f 8303 8304 8336
f 8304 8337 8336
f 8304 8305 8337
f 8305 8338 8337
f 8305 8306 8338
f 8306 8339 8338
f 8306 8307 8339
f 8307 8340 8339
f 8307 8308 8340
f 8308 8341 8340
f 8308 8309 8341
f 8309 8342 8341
f 8309 8310 8342
f 8310 8311 8342
f 8342 8311 8343
f 8311 8312 8343
f 8343 8312 8344
f 8312 8313 8344
f 8344 8313 8345
f 8313 8314 8345
f 8345 8314 8346
f 8314 8315 8346
f 8346 8315 8347
f 8315 8316 8347
f 8347 8316 8348
f 8316 8317 8348
f 8348 8317 8349
f 8317 8287 8349
f 8349 8287 8319
f 8319 8318 8350
f 8318 8351 8350
f 8318 8320 8351
f 8320 8352 8351
f 8320 8321 8352
f 8321 8353 8352
f 8321 8322 8353
f 8322 8354 8353
f 8322 8323 8354
f 8323 8355 8354
f 8323 8324 8355
f 8324 8356 8355
f 8324 8325 8356
f 8325 8357 8356
f 8325 8326 8357
f 8326 8327 8357
f 8357 8327 8358
f 8327 8328 8358
f 8358 8328 8359
f 8328 8329 8359
f 8359 8329 8360
f 8329 8330 8360
f 8360 8330 8361
f 8330 8331 8361
f 8361 8331 8362
f 8331 8332 8362
f 8362 8332 8363
f 8332 8333 8363
f 8363 8333 8364
f 8333 8334 8364
f 8334 8335 8365
f 8335 8366 8365
f 8335 8336 8366
f 8336 8367 8366
f 8336 8337 8367
f 8337 8368 8367
f 8337 8338 8368
f 8338 8369 8368
f 8338 8339 8369
f 8339 8370 8369
f 8339 8340 8370
f 8340 8371 8370
f 8340 8341 8371
f 8341 8372 8371
f 8341 8342 8372
f 8342 8343 8372
f 8372 8343 8373
f 8343 8344 8373
f 8373 8344 8374
f 8344 8345 8374
f 8374 8345 8375
f 8345 8346 8375
f 8375 8346 8376
f 8346 8347 8376
f 8376 8347 8377
f 8347 8348 8377
f 8377 8348 8378
f 8348 8349 8378
f 8378 8349 8379
f 8349 8319 8379
f 8319 8350 8380
f 8350 8381 8380
f 8350 8351 8381
f 8351 8382 8381
f 8351 8352 8382
f 8352 8383 8382
f 8352 8353 8383
f 8353 8384 8383
f 8353 8354 8384
f 8354 8385 8384
f 8354 8355 8385
f 8355 8386 8385
f 8355 8356 8386
f 8356 8387 8386
f 8356 8357 8387
f 8357 8358 8387
f 8387 8358 8388
f 8358 8359 8388
f 8388 8359 8389
f 8359 8360 8389
f 8389 8360 8390
f 8360 8361 8390
f 8390 8361 8391
f 8361 8362 8391
f 8391 8362 8392
f 8362 8363 8392
f 8392 8363 8393
f 8363 8364 8393
f 8393 8364 8394
f 8364 8334 8394
f 8334 8365 8394
f 8365 8393 8394
f 8365 8366 8393
f 8366 8392 8393
f 8366 8367 8392
f 8367 8391 8392
f 8367 8368 8391
f 8368 8390 8391
f 8368 8369 8390
f 8369 8389 8390
f 8369 8370 8389
f 8370 8388 8389
f 8370 8371 8388
f 8371 8387 8388
f 8371 8372 8387
f 8372 8373 8387
f 8387 8373 8386
f 8373 8374 8386
f 8386 8374 8385
f 8374 8375 8385
f 8385 8375 8384
f 8375 8376 8384
f 8384 8376 8383
f 8376 8377 8383
f 8383 8377 8382
f 8377 8378 8382
f 8382 8378 8381
f 8378 8379 8381
f 8381 8379 8380
f 8379 8319 8380
f 8395 8396 8397
f 8397 8396 8398
f 8396 8399 8398
f 8398 8399 8400
f 8399 8401 8400
f 8400 8401 8402
f 8401 8403 8402
f 8402 8403 8404
f 8403 8405 8404
f 8404 8405 8406
f 8405 8407 8406
f 8406 8407 8408
f 8407 8409 8408
f 8408 8409 8410
f 8409 8411 8410
f 8410 8411 8412
f 8411 8413 8412
f 8411 8414 8413
f 8414 8415 8413
f 8414 8416 8415
f 8416 8417 8415
f 8416 8418 8417
f 8418 8419 8417
f 8418 8420 8419
f 8420 8421 8419
f 8420 8422 8421
f 8422 8423 8421
f 8422 8424 8423
f 8424 8425 8423
f 8424 8426 8425
f 8426 8427 8425
f 8426 8428 8427
f 8428 8429 8427
f 8427 8429 8430
f 8429 8431 8430
f 8430 8431 8432
f 8431 8433 8432
f 8432 8433 8434
f 8433 8435 8434
f 8434 8435 8436
f 8435 8437 8436
f 8436 8437 8438
f 8437 8439 8438
f 8438 8439 8440
f 8439 8441 8440
f 8440 8441 8442
f 8441 8443 8442
f 8442 8443 8444
f 8443 8445 8444
f 8443 8446 8445
f 8446 8447 8445
f 8446 8448 8447
f 8448 8449 8447
f 8448 8450 8449
f 8450 8451 8449
f 8450 8452 8451
f 8452 8453 8451
f 8452 8454 8453
f 8454 8455 8453
f 8454 8456 8455
f 8456 8457 8455
f 8456 8458 8457
f 8458 8397 8457
f 8458 8395 8397
f 8397 8398 8459
f 8459 8398 8460
f 8398 8400 8460
f 8460 8400 8461
f 8400 8402 8461
f 8461 8402 8462
f 8402 8404 8462
f 8462 8404 8463
f 8404 8406 8463
f 8463 8406 8464
f 8406 8408 8464
f 8464 8408 8465
f 8408 8410 8465
f 8465 8410 8466
f 8410 8412 8466
f 8466 8412 8467
f 8412 8468 8467
f 8412 8413 8468
f 8413 8469 8468
f 8413 8415 8469
f 8415 8470 8469
f 8415 8417 8470
f 8417 8471 8470
f 8417 8419 8471
f 8419 8472 8471
f 8419 8421 8472
f 8421 8473 8472
f 8421 8423 8473
f 8423 8474 8473
f 8423 8425 8474
f 8425 8475 8474
f 8425 8427 8475
f 8427 8430 8475
f 8475 8430 8476
f 8430 8432 8476
f 8476 8432 8477
f 8432 8434 8477
f 8477 8434 8478
f 8434 8436 8478
f 8478 8436 8479
f 8436 8438 8479
f 8479 8438 8480
f 8438 8440 8480
f 8480 8440 8481
f 8440 8442 8481
f 8481 8442 8482
f 8442 8444 8482
f 8482 8444 8483
f 8444 8484 8483
f 8444 8445 8484
f 8445 8485 8484
f 8445 8447 8485
f 8447 8486 8485
f 8447 8449 8486
f 8449 8487 8486
f 8449 8451 8487
f 8451 8488 8487
f 8451 8453 8488
f 8453 8489 8488
f 8453 8455 8489
f 8455 8490 8489
f 8455 8457 8490
f 8457 8459 8490
f 8457 8397 8459
f 8459 8460 8491
f 8491 8460 8492
f 8460 8461 8492
f 8492 8461 8493
f 8461 8462 8493
f 8493 8462 8494
f 8462 8463 8494
f 8494 8463 8495
f 8463 8464 8495
f 8495 8464 8496
f 8464 8465 8496
f 8496 8465 8497
f 8465 8466 8497
f 8497 8466 8498
f 8466 8467 8498
f 8498 8467 8499
f 8467 8500 8499
f 8467 8468 8500
f 8468 8501 8500
f 8468 8469 8501
f 8469 8502 8501
f 8469 8470 8502
f 8470 8503 8502
f 8470 8471 8503
f 8471 8504 8503
f 8471 8472 8504
f 8472 8505 8504
f 8472 8473 8505
f 8473 8506 8505
f 8473 8474 8506
f 8474 8507 8506
f 8474 8475 8507
f 8475 8476 8507
f 8507 8476 8508
f 8476 8477 8508
f 8508 8477 8509
f 8477 8478 8509
f 8509 8478 8510
f 8478 8479 8510
f 8510 8479 8511
f 8479 8480 8511
f 8511 8480 8512
f 8480 8481 8512
f 8512 8481 8513
f 8481 8482 8513
f 8513 8482 8514
f 8482 8483 8514
f 8514 8483 8515
f 8483 8516 8515
f 8483 8484 8516
f 8484 8517 8516
f 8484 8485 8517
f 8485 8518 8517
f 8485 8486 8518
f 8486 8519 8518
f 8486 8487 8519
f 8487 8520 8519
f 8487 8488 8520
f 8488 8521 8520
f 8488 8489 8521
f 8489 8522 8521
f 8489 8490 8522
f 8490 8491 8522
f 8490 8459 8491
f 8491 8492 8523
f 8523 8492 8524
f 8492 8493 8524
f 8524 8493 8525
f 8493 8494 8525
f 8525 8494 8526
f 8494 8495 8526
f 8526 8495 8527
f 8495 8496 8527
f 8527 8496 8528
f 8496 8497 8528
f 8528 8497 8529
f 8497 8498 8529
f 8529 8498 8530
f 8498 8499 8530
f 8530 8499 8531
f 8499 8532 8531
f 8499 8500 8532
f 8500 8533 8532
f 8500 8501 8533
f 8501 8534 8533
f 8501 8502 8534
f 8502 8535 8534
f 8502 8503 8535
f 8503 8536 8535
f 8503 8504 8536
f 8504 8537 8536
f 8504 8505 8537
f 8505 8538 8537
f 8505 8506 8538
f 8506 8539 8538
f 8506 8507 8539
f 8507 8508 8539
f 8539 8508 8540
f 8508 8509 8540
f 8540 8509 8541
f 8509 8510 8541
f 8541 8510 8542
f 8510 8511 8542
f 8542 8511 8543
f 8511 8512 8543
f 8543 8512 8544
f 8512 8513 8544
f 8544 8513 8545
f 8513 8514 8545
f 8545 8514 8546
f 8514 8515 8546
f 8546 8515 8547
f 8515 8548 8547
f 8515 8516 8548
f 8516 8549 8548
f 8516 8517 8549
f 8517 8550 8549
f 8517 8518 8550
f 8518 8551 8550
f 8518 8519 8551
f 8519 8552 8551
f 8519 8520 8552
f 8520 8553 8552
f 8520 8521 8553
f 8521 8554 8553
f 8521 8522 8554
f 8522 8523 8554
f 8522 8491 8523
f 8523 8524 8555
f 8555 8524 8556
f 8524 8525 8556
f 8556 8525 8557
f 8525 8526 8557
f 8557 8526 8558
f 8526 8527 8558
f 8558 8527 8559
f 8527 8528 8559
f 8559 8528 8560
f 8528 8529 8560
f 8560 8529 8561
f 8529 8530 8561
f 8561 8530 8562
f 8530 8531 8562
f 8562 8531 8563
f 8531 8564 8563
f 8531 8532 8564
f 8532 8565 8564
f 8532 8533 8565
f 8533 8566 8565
f 8533 8534 8566
f 8534 8567 8566
f 8534 8535 8567
f 8535 8568 8567
f 8535 8536 8568
f 8536 8569 8568
f 8536 8537 8569
f 8537 8570 8569
f 8537 8538 8570
f 8538 8571 8570
f 8538 8539 8571
f 8539 8540 8571
f 8571 8540 8572
f 8540 8541 8572
f 8572 8541 8573
f 8541 8542 8573
f 8573 8542 8574
f 8542 8543 8574
f 8574 8543 8575
f 8543 8544 8575
f 8575 8544 8576
f 8544 8545 8576
f 8576 8545 8577
f 8545 8546 8577
f 8577 8546 8578
f 8546 8547 8578
f 8578 8547 8579
f 8547 8580 8579
f 8547 8548 8580
f 8548 8581 8580
f 8548 8549 8581
f 8549 8582 8581
f 8549 8550 8582
f 8550 8583 8582
f 8550 8551 8583
f 8551 8584 8583
f 8551 8552 8584
f 8552 8585 8584
f 8552 8553 8585
f 8553 8586 8585
f 8553 8554 8586
f 8554 8555 8586
f 8554 8523 8555
f 8555 8556 8587
f 8587 8556 8588
f 8556 8557 8588
f 8588 8557 8589
f 8557 8558 8589
f 8589 8558 8590
f 8558 8559 8590
f 8590 8559 8591
f 8559 8560 8591
f 8591 8560 8592
f 8560 8561 8592
f 8592 8561 8593
f 8561 8562 8593
f 8593 8562 8594
f 8562 8563 8594
f 8594 8563 8595
f 8563 8596 8595
f 8563 8564 8596
f 8564 8597 8596
f 8564 8565 8597
f 8565 8598 8597
f 8565 8566 8598
f 8566 8599 8598
f 8566 8567 8599
f 8567 8600 8599
f 8567 8568 8600
f 8568 8601 8600
f 8568 8569 8601
f 8569 8602 8601
f 8569 8570 8602
f 8570 8603 8602
f 8570 8571 8603
f 8571 8572 8603
f 8603 8572 8604
f 8572 8573 8604
f 8604 8573 8605
f 8573 8574 8605
f 8605 8574 8606
f 8574 8575 8606
f 8606 8575 8607
f 8575 8576 8607
f 8607 8576 8608
f 8576 8577 8608
f 8608 8577 8609
f 8577 8578 8609
f 8609 8578 8610
f 8578 8579 8610
f 8610 8579 8611
f 8579 8612 8611
f 8579 8580 8612
f 8580 8613 8612
f 8580 8581 8613
f 8581 8614 8613
f 8581 8582 8614
f 8582 8615 8614
f 8582 8583 8615
f 8583 8616 8615
f 8583 8584 8616
f 8584 8617 8616
f 8584 8585 8617
f 8585 8618 8617
f 8585 8586 8618
f 8586 8587 8618
f 8586 8555 8587
f 8587 8588 8619
f 8619 8588 8620
f 8588 8589 8620
f 8620 8589 8621
f 8589 8590 8621
f 8621 8590 8622
f 8590 8591 8622
f 8622 8591 8623
f 8591 8592 8623
f 8623 8592 8624
f 8592 8593 8624
f 8624 8593 8625
f 8593 8594 8625
f 8625 8594 8626
f 8594 8595 8626
f 8626 8595 8627
f 8595 8628 8627
f 8595 8596 8628
f 8596 8629 8628
f 8596 8597 8629
f 8597 8630 8629
f 8597 8598 8630
f 8598 8631 8630
f 8598 8599 8631
f 8599 8632 8631
f 8599 8600 8632
f 8600 8633 8632
f 8600 8601 8633
f 8601 8634 8633
f 8601 8602 8634
f 8602 8635 8634
f 8602 8603 8635
f 8603 8604 8635
f 8635 8604 8636
f 8604 8605 8636
f 8636 8605 8637
f 8605 8606 8637
f 8637 8606 8638
f 8606 8607 8638
f 8638 8607 8639
f 8607 8608 8639
f 8639 8608 8640
f 8608 8609 8640
f 8640 8609 8641
f 8609 8610 8641
f 8641 8610 8642
f 8610 8611 8642
f 8642 8611 8643
f 8611 8644 8643
f 8611 8612 8644
f 8612 8645 8644
f 8612 8613 8645
f 8613 8646 8645
f 8613 8614 8646
f 8614 8647 8646
f 8614 8615 8647
f 8615 8648 8647
f 8615 8616 8648
f 8616 8649 8648
f 8616 8617 8649
f 8617 8650 8649
f 8617 8618 8650
f 8618 8619 8650
f 8618 8587 8619
f 8619 8620 8651
f 8651 8620 8652
f 8620 8621 8652
f 8652 8621 8653
f 8621 8622 8653
f 8653 8622 8654
f 8622 8623 8654
f 8654 8623 8655
f 8623 8624 8655
f 8655 8624 8656
f 8624 8625 8656
f 8656 8625 8657
f 8625 8626 8657
f 8657 8626 8658
f 8626 8627 8658
f 8658 8627 8659
f 8627 8660 8659
f 8627 8628 8660
f 8628 8661 8660
f 8628 8629 8661
f 8629 8662 8661
f 8629 8630 8662
f 8630 8663 8662
f 8630 8631 8663
f 8631 8664 8663
f 8631 8632 8664
f 8632 8665 8664
f 8632 8633 8665
f 8633 8666 8665
f 8633 8634 8666
f 8634 8667 8666
f 8634 8635 8667
f 8635 8636 8667
f 8667 8636 8668
f 8636 8637 8668
f 8668 8637 8669
f 8637 8638 8669
f 8669 8638 8670
f 8638 8639 8670
f 8670 8639 8671
f 8639 8640 8671
f 8671 8640 8672
f 8640 8641 8672
f 8672 8641 8673
f 8641 8642 8673
f 8673 8642 8674
f 8642 8643 8674
f 8674 8643 8675
f 8643 8676 8675
f 8643 8644 8676
f 8644 8677 8676
f 8644 8645 8677
f 8645 8678 8677
f 8645 8646 8678
f 8646 8679 8678
f 8646 8647 8679
f 8647 8680 8679
f 8647 8648 8680
f 8648 8681 8680
f 8648 8649 8681
f 8649 8682 8681
f 8649 8650 8682
f 8650 8651 8682
f 8650 8619 8651
f 8651 8652 8683
f 8683 8652 8684
f 8652 8653 8684
f 8684 8653 8685
f 8653 8654 8685
f 8685 8654 8686
f 8654 8655 8686
f 8686 8655 8687
f 8655 8656 8687
f 8687 8656 8688
f 8656 8657 8688
f 8688 8657 8689
f 8657 8658 8689
f 8689 8658 8690
f 8658 8659 8690
f 8690 8659 8691
f 8659 8692 8691
f 8659 8660 8692
f 8660 8693 8692
f 8660 8661 8693
f 8661 8694 8693
f 8661 8662 8694
f 8662 8695 8694
f 8662 8663 8695
f 8663 8696 8695
f 8663 8664 8696
f 8664 8697 8696
f 8664 8665 8697
f 8665 8698 8697
f 8665 8666 8698
f 8666 8699 8698
f 8666 8667 8699
f 8667 8668 8699
f 8699 8668 8700
f 8668 8669 8700
f 8700 8669 8701
f 8669 8670 8701
f 8701 8670 8702
f 8670 8671 8702
f 8702 8671 8703
f 8671 8672 8703
f 8703 8672 8704
f 8672 8673 8704
f 8704 8673 8705
f 8673 8674 8705
f 8705 8674 8706
f 8674 8675 8706
f 8706 8675 8707
f 8675 8708 8707
f 8675 8676 8708
f 8676 8709 8708
f 8676 8677 8709
f 8677 8710 8709
f 8677 8678 8710
f 8678 8711 8710
f 8678 8679 8711
f 8679 8712 8711
f 8679 8680 8712
f 8680 8713 8712
f 8680 8681 8713
f 8681 8714 8713
f 8681 8682 8714
f 8682 8683 8714
f 8682 8651 8683
f 8683 8684 8715
f 8715 8684 8716
f 8684 8685 8716
f 8716 8685 8717
f 8685 8686 8717
f 8717 8686 8718
f 8686 8687 8718
f 8718 8687 8719
f 8687 8688 8719
f 8719 8688 8720
f 8688 8689 8720
f 8720 8689 8721
f 8689 8690 8721
f 8721 8690 8722
f 8690 8691 8722
f 8722 8691 8723
f 8691 8724 8723
f 8691 8692 8724
f 8692 8725 8724
f 8692 8693 8725
f 8693 8726 8725
f 8693 8694 8726
f 8694 8727 8726
f 8694 8695 8727
f 8695 8728 8727
f 8695 8696 8728
f 8696 8729 8728
f 8696 8697 8729
f 8697 8730 8729
f 8697 8698 8730
f 8698 8731 8730
f 8698 8699 8731
f 8699 8700 8731
f 8731 8700 8732
f 8700 8701 8732
f 8732 8701 8733
f 8701 8702 8733
f 8733 8702 8734
f 8702 8703 8734
f 8734 8703 8735
f 8703 8704 8735
f 8735 8704 8736
f 8704 8705 8736
f 8736 8705 8737
f 8705 8706 8737
f 8737 8706 8738
f 8706 8707 8738
f 8738 8707 8739
f 8707 8740 8739
f 8707 8708 8740
f 8708 8741 8740
f 8708 8709 8741
f 8709 8742 8741
f 8709 8710 8742
f 8710 8743 8742
f 8710 8711 8743
f 8711 8744 8743
f 8711 8712 8744
f 8712 8745 8744
f 8712 8713 8745
f 8713 8746 8745
f 8713 8714 8746
f 8714 8715 8746
f 8714 8683 8715
f 8715 8716 8747
f 8747 8716 8748
f 8716 8717 8748
f 8748 8717 8749
f 8717 8718 8749
f 8749 8718 8750
f 8718 8719 8750
f 8750 8719 8751
f 8719 8720 8751
f 8751 8720 8752
f 8720 8721 8752
f 8752 8721 8753
f 8721 8722 8753
f 8753 8722 8754
f 8722 8723 8754
f 8754 8723 8755
f 8723 8756 8755
f 8723 8724 8756
f 8724 8757 8756
f 8724 8725 8757
f 8725 8758 8757
f 8725 8726 8758
f 8726 8759 8758
f 8726 8727 8759
f 8727 8760 8759
f 8727 8728 8760
f 8728 8761 8760
f 8728 8729 8761
f 8729 8762 8761
f 8729 8730 8762
f 8730 8763 8762
f 8730 8731 8763
f 8731 8732 8763
f 8763 8732 8764
f 8732 8733 8764
f 8764 8733 8765
f 8733 8734 8765
f 8765 8734 8766
f 8734 8735 8766
f 8766 8735 8767
f 8735 8736 8767
f 8767 8736 8768
f 8736 8737 8768
f 8768 8737 8769
f 8737 8738 8769
f 8769 8738 8770
f 8738 8739 8770
f 8770 8739 8771
f 8739 8772 8771
f 8739 8740 8772
f 8740 8773 8772
f 8740 8741 8773
f 8741 8774 8773
f 8741 8742 8774
f 8742 8775 8774
f 8742 8743 8775
f 8743 8776 8775
f 8743 8744 8776
f 8744 8777 8776
f 8744 8745 8777
f 8745 8778 8777
f 8745 8746 8778
f 8746 8747 8778
f 8746 8715 8747
f 8747 8748 8779
f 8779 8748 8780
f 8748 8749 8780
f 8780 8749 8781
f 8749 8750 8781
f 8781 8750 8782
f 8750 8751 8782
f 8782 8751 8783
f 8751 8752 8783
f 8783 8752 8784
f 8752 8753 8784
f 8784 8753 8785
f 8753 8754 8785
f 8785 8754 8786
f 8754 8755 8786
f 8786 8755 8787
f 8755 8788 8787
f 8755 8756 8788
f 8756 8789 8788
f 8756 8757 8789
f 8757 8790 8789
f 8757 8758 8790
f 8758 8791 8790
f 8758 8759 8791
f 8759 8792 8791
f 8759 8760 8792
f 8760 8793 8792
f 8760 8761 8793
f 8761 8794 8793
f 8761 8762 8794
f 8762 8795 8794
f 8762 8763 8795
f 8763 8764 8795
f 8795 8764 8796
f 8764 8765 8796
f 8796 8765 8797
f 8765 8766 8797
f 8797 8766 8798
f 8766 8767 8798
f 8798 8767 8799
f 8767 8768 8799
f 8799 8768 8800
f 8768 8769 8800
f 8800 8769 8801
f 8769 8770 8801
f 8801 8770 8802
f 8770 8771 8802
f 8802 8771 8803
f 8771 8804 8803
f 8771 8772 8804
f 8772 8805 8804
f 8772 8773 8805
f 8773 8806 8805
f 8773 8774 8806
f 8774 8807 8806
f 8774 8775 8807
f 8775 8808 8807
f 8775 8776 8808
f 8776 8809 8808
f 8776 8777 8809
f 8777 8810 8809
f 8777 8778 8810
f 8778 8779 8810
f 8778 8747 8779
f 8779 8780 8811
f 8811 8780 8812
f 8780 8781 8812
f 8812 8781 8813
f 8781 8782 8813
f 8813 8782 8814
f 8782 8783 8814
f 8814 8783 8815
f 8783 8784 8815
f 8815 8784 8816
f 8784 8785 8816
f 8816 8785 8817
f 8785 8786 8817
f 8817 8786 8818
f 8786 8787 8818
f 8818 8787 8819
f 8787 8820 8819
f 8787 8788 8820
f 8788 8821 8820
f 8788 8789 8821
f 8789 8822 8821
f 8789 8790 8822
f 8790 8823 8822
f 8790 8791 8823
f 8791 8824 8823
f 8791 8792 8824
f 8792 8825 8824
f 8792 8793 8825
f 8793 8826 8825
f 8793 8794 8826
f 8794 8827 8826
f 8794 8795 8827
f 8795 8796 8827
f 8827 8796 8828
f 8796 8797 8828
f 8828 8797 8829
f 8797 8798 8829
f 8829 8798 8830
f 8798 8799 8830
f 8830 8799 8831
f 8799 8800 8831
f 8831 8800 8832
f 8800 8801 8832
f 8832 8801 8833
f 8801 8802 8833
f 8833 8802 8834
f 8802 8803 8834
f 8834 8803 8835
f 8803 8836 8835
f 8803 8804 8836
f 8804 8837 8836
f 8804 8805 8837
f 8805 8838 8837
f 8805 8806 8838
f 8806 8839 8838
f 8806 8807 8839
f 8807 8840 8839
f 8807 8808 8840
f 8808 8841 8840
f 8808 8809 8841
f 8809 8842 8841
f 8809 8810 8842
f 8810 8811 8842
f 8810 8779 8811
f 8811 8812 8843
f 8843 8812 8844
f 8812 8813 8844
f 8844 8813 8845
f 8813 8814 8845
f 8845 8814 8846
f 8814 8815 8846
f 8846 8815 8847
f 8815 8816 8847
f 8847 8816 8848
f 8816 8817 8848
f 8848 8817 8849
f 8817 8818 8849
f 8849 8818 8850
f 8818 8819 8850
f 8850 8819 8851
f 8819 8852 8851
f 8819 8820 8852
f 8820 8853 8852
f 8820 8821 8853
f 8821 8854 8853
f 8821 8822 8854
f 8822 8855 8854
f 8822 8823 8855
f 8823 8856 8855
f 8823 8824 8856
f 8824 8857 8856
f 8824 8825 8857
f 8825 8858 8857
f 8825 8826 8858
f 8826 8859 8858
f 8826 8827 8859
f 8827 8828 8859
f 8859 8828 8860
f 8828 8829 8860
f 8860 8829 8861
f 8829 8830 8861
f 8861 8830 8862
f 8830 8831 8862
f 8862 8831 8863
f 8831 8832 8863
f 8863 8832 8864
f 8832 8833 8864
f 8864 8833 8865
f 8833 8834 8865
f 8865 8834 8866
f 8834 8835 8866
f 8866 8835 8867
f 8835 8868 8867
f 8835 8836 8868
f 8836 8869 8868
f 8836 8837 8869
f 8837 8870 8869
f 8837 8838 8870
f 8838 8871 8870
f 8838 8839 8871
f 8839 8872 8871
f 8839 8840 8872
f 8840 8873 8872
f 8840 8841 8873
f 8841 8874 8873
f 8841 8842 8874
f 8842 8843 8874
f 8842 8811 8843
f 8843 8844 8875
f 8875 8844 8876
f 8844 8845 8876
f 8876 8845 8877
f 8845 8846 8877
f 8877 8846 8878
f 8846 8847 8878
f 8878 8847 8879
f 8847 8848 8879
f 8879 8848 8880
f 8848 8849 8880
f 8880 8849 8881
f 8849 8850 8881
f 8881 8850 8882
f 8850 8851 8882
f 8882 8851 8883
f 8851 8884 8883
f 8851 8852 8884
f 8852 8885 8884
f 8852 8853 8885
f 8853 8886 8885
f 8853 8854 8886
f 8854 8887 8886
f 8854 8855 8887
f 8855 8888 8887
f 8855 8856 8888
f 8856 8889 8888
f 8856 8857 8889
f 8857 8890 8889
f 8857 8858 8890
f 8858 8891 8890
f 8858 8859 8891
f 8859 8860 8891
f 8891 8860 8892
f 8860 8861 8892
f 8892 8861 8893
f 8861 8862 8893
f 8893 8862 8894
f 8862 8863 8894
f 8894 8863 8895
f 8863 8864 8895
f 8895 8864 8896
f 8864 8865 8896
f 8896 8865 8897
f 8865 8866 8897
f 8897 8866 8898
f 8866 8867 8898
f 8898 8867 8899
f 8867 8900 8899
f 8867 8868 8900
f 8868 8901 8900
f 8868 8869 8901
f 8869 8902 8901
f 8869 8870 8902
f 8870 8903 8902
f 8870 8871 8903
f 8871 8904 8903
f 8871 8872 8904
f 8872 8905 8904
f 8872 8873 8905
f 8873 8906 8905
f 8873 8874 8906
f 8874 8875 8906
f 8874 8843 8875
f 8875 8876 8907
f 8876 8908 8907
f 8876 8877 8908
f 8877 8909 8908
f 8877 8878 8909
f 8878 8910 8909
f 8878 8879 8910
f 8879 8911 8910
f 8879 8880 8911
f 8880 8912 8911
f 8880 8881 8912
f 8881 8913 8912
f 8881 8882 8913
f 8882 8914 8913
f 8882 8883 8914
f 8883 8884 8914
f 8914 8884 8915
f 8884 8885 8915
f 8915 8885 8916
f 8885 8886 8916
f 8916 8886 8917
f 8886 8887 8917
f 8917 8887 8918
f 8887 8888 8918
f 8918 8888 8919
f 8888 8889 8919
f 8919 8889 8920
f 8889 8890 8920
f 8920 8890 8921
f 8890 8891 8921
f 8891 8892 8922
f 8892 8923 8922
f 8892 8893 8923
f 8893 8924 8923
f 8893 8894 8924
f 8894 8925 8924
f 8894 8895 8925
f 8895 8926 8925
f 8895 8896 8926
f 8896 8927 8926
f 8896 8897 8927
f 8897 8928 8927
f 8897 8898 8928
f 8898 8929 8928
f 8898 8899 8929
f 8899 8900 8929
f 8929 8900 8930
f 8900 8901 8930
f 8930 8901 8931
f 8901 8902 8931
f 8931 8902 8932
f 8902 8903 8932
f 8932 8903 8933
f 8903 8904 8933
f 8933 8904 8934
f 8904 8905 8934
f 8934 8905 8935
f 8905 8906 8935
f 8935 8906 8936
f 8906 8875 8936
f 8875 8907 8937
f 8907 8938 8937
f 8907 8908 8938
f 8908 8939 8938
f 8908 8909 8939
f 8909 8940 8939
f 8909 8910 8940
f 8910 8941 8940
f 8910 8911 8941
f 8911 8942 8941
f 8911 8912 8942
f 8912 8943 8942
f 8912 8913 8943
f 8913 8944 8943
f 8913 8914 8944
f 8914 8915 8944
f 8944 8915 8945
f 8915 8916 8945
f 8945 8916 8946
f 8916 8917 8946
f 8946 8917 8947
f 8917 8918 8947
f 8947 8918 8948
f 8918 8919 8948
f 8948 8919 8949
f 8919 8920 8949
f 8949 8920 8950
f 8920 8921 8950
f 8950 8921 8951
f 8921 8891 8951
f 8891 8922 8951
f 8922 8950 8951
f 8922 8923 8950
f 8923 8949 8950
f 8923 8924 8949
f 8924 8948 8949
f 8924 8925 8948
f 8925 8947 8948
f 8925 8926 8947
f 8926 8946 8947
f 8926 8927 8946
f 8927 8945 8946
f 8927 8928 8945
f 8928 8944 8945
f 8928 8929 8944
f 8929 8930 8944
f 8944 8930 8943
f 8930 8931 8943
f 8943 8931 8942
f 8931 8932 8942
f 8942 8932 8941
f 8932 8933 8941
f 8941 8933 8940
f 8933 8934 8940
f 8940 8934 8939
f 8934 8935 8939
f 8939 8935 8938
f 8935 8936 8938
f 8938 8936 8937
f 8936 8875 8937
f 8395 8952 8396
f 8952 8953 8396
f 8396 8953 8399
f 8953 8954 8399
f 8399 8954 8401
f 8954 8955 8401
f 8401 8955 8403
f 8955 8956 8403
f 8403 8956 8405
f 8956 8957 8405
f 8405 8957 8407
f 8957 8958 8407
f 8407 8958 8409
f 8958 8959 8409
f 8409 8959 8411
f 8959 8960 8411
f 8411 8960 8961
f 8411 8961 8414
f 8414 8961 8962
f 8414 8962 8416
f 8416 8962 8963
f 8416 8963 8418
f 8418 8963 8964
f 8418 8964 8420
f 8420 8964 8965
f 8420 8965 8422
f 8422 8965 8966
f 8422 8966 8424
f 8424 8966 8967
f 8424 8967 8426
f 8426 8967 8968
f 8426 8968 8428
f 8428 8968 8429
f 8968 8969 8429
f 8429 8969 8431
f 8969 8970 8431
f 8431 8970 8433
f 8970 8971 8433
f 8433 8971 8435
f 8971 8972 8435
f 8435 8972 8437
f 8972 8973 8437
f 8437 8973 8439
f 8973 8974 8439
f 8439 8974 8441
f 8974 8975 8441
f 8441 8975 8443
f 8975 8976 8443
f 8443 8976 8977
f 8443 8977 8446
f 8446 8977 8978
f 8446 8978 8448
f 8448 8978 8979
f 8448 8979 8450
f 8450 8979 8980
f 8450 8980 8452
f 8452 8980 8981
f 8452 8981 8454
f 8454 8981 8982
f 8454 8982 8456
f 8456 8982 8983
f 8456 8983 8458
f 8458 8983 8952
f 8458 8952 8395
f 8952 8984 8953
f 8984 8985 8953
f 8953 8985 8954
f 8985 8986 8954
f 8954 8986 8955
f 8986 8987 8955
f 8955 8987 8956
f 8987 8988 8956
f 8956 8988 8957
f 8988 8989 8957
f 8957 8989 8958
f 8989 8990 8958
f 8958 8990 8959
f 8990 8991 8959
f 8959 8991 8960
f 8991 8992 8960
f 8960 8992 8993
f 8960 8993 8961
f 8961 8993 8994
f 8961 8994 8962
f 8962 8994 8995
f 8962 8995 8963
f 8963 8995 8996
f 8963 8996 8964
f 8964 8996 8997
f 8964 8997 8965
f 8965 8997 8998
f 8965 8998 8966
f 8966 8998 8999
f 8966 8999 8967
f 8967 8999 9000
f 8967 9000 8968
f 8968 9000 8969
f 9000 9001 8969
f 8969 9001 8970
f 9001 9002 8970
f 8970 9002 8971
f 9002 9003 8971
f 8971 9003 8972
f 9003 9004 8972
f 8972 9004 8973
f 9004 9005 8973
f 8973 9005 8974
f 9005 9006 8974
f 8974 9006 8975
f 9006 9007 8975
f 8975 9007 8976
f 9007 9008 8976
f 8976 9008 9009
f 8976 9009 8977
f 8977 9009 9010
f 8977 9010 8978
f 8978 9010 9011
f 8978 9011 8979
f 8979 9011 9012
f 8979 9012 8980
f 8980 9012 9013
f 8980 9013 8981
f 8981 9013 9014
f 8981 9014 8982
f 8982 9014 9015
f 8982 9015 8983
f 8983 9015 8984
f 8983 8984 8952
f 8984 9016 8985
f 9016 9017 8985
f 8985 9017 8986
f 9017 9018 8986
f 8986 9018 8987
f 9018 9019 8987
f 8987 9019 8988
f 9019 9020 8988
f 8988 9020 8989
f 9020 9021 8989
f 8989 9021 8990
f 9021 9022 8990
f 8990 9022 8991
f 9022 9023 8991
f 8991 9023 8992
f 9023 9024 8992
f 8992 9024 9025
f 8992 9025 8993
f 8993 9025 9026
f 8993 9026 8994
f 8994 9026 9027
f 8994 9027 8995
f 8995 9027 9028
f 8995 9028 8996
f 8996 9028 9029
f 8996 9029 8997
f 8997 9029 9030
f 8997 9030 8998
f 8998 9030 9031
f 8998 9031 8999
f 8999 9031 9032
f 8999 9032 9000
f 9000 9032 9001
f 9032 9033 9001
f 9001 9033 9002
f 9033 9034 9002
f 9002 9034 9003
f 9034 9035 9003
f 9003 9035 9004
f 9035 9036 9004
f 9004 9036 9005
f 9036 9037 9005
f 9005 9037 9006
f 9037 9038 9006
f 9006 9038 9007
f 9038 9039 9007
f 9007 9039 9008
f 9039 9040 9008
f 9008 9040 9041
f 9008 9041 9009
f 9009 9041 9042
f 9009 9042 9010
f 9010 9042 9043
f 9010 9043 9011
f 9011 9043 9044
f 9011 9044 9012
f 9012 9044 9045
f 9012 9045 9013
f 9013 9045 9046
f 9013 9046 9014
f 9014 9046 9047
f 9014 9047 9015
f 9015 9047 9016
f 9015 9016 8984
f 9016 9048 9017
f 9048 9049 9017
f 9017 9049 9018
f 9049 9050 9018
f 9018 9050 9019
f 9050 9051 9019
f 9019 9051 9020
f 9051 9052 9020
f 9020 9052 9021
f 9052 9053 9021
f 9021 9053 9022
f 9053 9054 9022
f 9022 9054 9023
f 9054 9055 9023
f 9023 9055 9024
f 9055 9056 9024
f 9024 9056 9057
f 9024 9057 9025
f 9025 9057 9058
f 9025 9058 9026
f 9026 9058 9059
f 9026 9059 9027
f 9027 9059 9060
f 9027 9060 9028
f 9028 9060 9061
f 9028 9061 9029
f 9029 9061 9062
f 9029 9062 9030
f 9030 9062 9063
f 9030 9063 9031
f 9031 9063 9064
f 9031 9064 9032
f 9032 9064 9033
f 9064 9065 9033
f 9033 9065 9034
f 9065 9066 9034
f 9034 9066 9035
f 9066 9067 9035
f 9035 9067 9036
f 9067 9068 9036
f 9036 9068 9037
f 9068 9069 9037
f 9037 9069 9038
f 9069 9070 9038
f 9038 9070 9039
f 9070 9071 9039
f 9039 9071 9040
f 9071 9072 9040
f 9040 9072 9073
f 9040 9073 9041
f 9041 9073 9074
f 9041 9074 9042
f 9042 9074 9075
f 9042 9075 9043
f 9043 9075 9076
f 9043 9076 9044
f 9044 9076 9077
f 9044 9077 9045
f 9045 9077 9078
f 9045 9078 9046
f 9046 9078 9079
f 9046 9079 9047
f 9047 9079 9048
f 9047 9048 9016
f 9048 9080 9049
f 9080 9081 9049
f 9049 9081 9050
f 9081 9082 9050
f 9050 9082 9051
f 9082 9083 9051
f 9051 9083 9052
f 9083 9084 9052
f 9052 9084 9053
f 9084 9085 9053
f 9053 9085 9054
f 9085 9086 9054
f 9054 9086 9055
f 9086 9087 9055
f 9055 9087 9056
f 9087 9088 9056
f 9056 9088 9089
f 9056 9089 9057
f 9057 9089 9090
f 9057 9090 9058
f 9058 9090 9091
f 9058 9091 9059
f 9059 9091 9092
f 9059 9092 9060
f 9060 9092 9093
f 9060 9093 9061
f 9061 9093 9094
f 9061 9094 9062
f 9062 9094 9095
f 9062 9095 9063
f 9063 9095 9096
f 9063 9096 9064
f 9064 9096 9065
f 9096 9097 9065
f 9065 9097 9066
f 9097 9098 9066
f 9066 9098 9067
f 9098 9099 9067
f 9067 9099 9068
f 9099 9100 9068
f 9068 9100 9069
f 9100 9101 9069
f 9069 9101 9070
f 9101 9102 9070
f 9070 9102 9071
f 9102 9103 9071
f 9071 9103 9072
f 9103 9104 9072
f 9072 9104 9105
f 9072 9105 9073
f 9073 9105 9106
f 9073 9106 9074
f 9074 9106 9107
f 9074 9107 9075
f 9075 9107 9108
f 9075 9108 9076
f 9076 9108 9109
f 9076 9109 9077
f 9077 9109 9110
f 9077 9110 9078
f 9078 9110 9111
f 9078 9111 9079
f 9079 9111 9080
f 9079 9080 9048
f 9080 9112 9081
f 9112 9113 9081
f 9081 9113 9082
f 9113 9114 9082
f 9082 9114 9083
f 9114 9115 9083
f 9083 9115 9084
f 9115 9116 9084
f 9084 9116 9085
f 9116 9117 9085
f 9085 9117 9086
f 9117 9118 9086
f 9086 9118 9087
f 9118 9119 9087
f 9087 9119 9088
f 9119 9120 9088
f 9088 9120 9121
f 9088 9121 9089
f 9089 9121 9122
f 9089 9122 9090
f 9090 9122 9123
f 9090 9123 9091
f 9091 9123 9124
f 9091 9124 9092
f 9092 9124 9125
f 9092 9125 9093
f 9093 9125 9126
f 9093 9126 9094
f 9094 9126 9127
f 9094 9127 9095
f 9095 9127 9128
f 9095 9128 9096
f 9096 9128 9097
f 9128 9129 9097
f 9097 9129 9098
f 9129 9130 9098
f 9098 9130 9099
f 9130 9131 9099
f 9099 9131 9100
f 9131 9132 9100
f 9100 9132 9101
f 9132 9133 9101
f 9101 9133 9102
f 9133 9134 9102
f 9102 9134 9103
f 9134 9135 9103
f 9103 9135 9104
f 9135 9136 9104
f 9104 9136 9137
f 9104 9137 9105
f 9105 9137 9138
f 9105 9138 9106
f 9106 9138 9139
f 9106 9139 9107
f 9107 9139 9140
f 9107 9140 9108
f 9108 9140 9141
f 9108 9141 9109
f 9109 9141 9142
f 9109 9142 9110
f 9110 9142 9143
f 9110 9143 9111
f 9111 9143 9112
f 9111 9112 9080
f 9112 9144 9113
f 9144 9145 9113
f 9113 9145 9114
f 9145 9146 9114
f 9114 9146 9115
f 9146 9147 9115
f 9115 9147 9116
f 9147 9148 9116
f 9116 9148 9117
f 9148 9149 9117
f 9117 9149 9118
f 9149 9150 9118
f 9118 9150 9119
f 9150 9151 9119
f 9119 9151 9120
f 9151 9152 9120
f 9120 9152 9153
f 9120 9153 9121
f 9121 9153 9154
f 9121 9154 9122
f 9122 9154 9155
f 9122 9155 9123
f 9123 9155 9156
f 9123 9156 9124
f 9124 9156 9157
f 9124 9157 9125
f 9125 9157 9158
f 9125 9158 9126
f 9126 9158 9159
f 9126 9159 9127
f 9127 9159 9160
f 9127 9160 9128
f 9128 9160 9129
f 9160 9161 9129
f 9129 9161 9130
f 9161 9162 9130
f 9130 9162 9131
f 9162 9163 9131
f 9131 9163 9132
f 9163 9164 9132
f 9132 9164 9133
f 9164 9165 9133
f 9133 9165 9134
f 9165 9166 9134
f 9134 9166 9135
f 9166 9167 9135
f 9135 9167 9136
f 9167 9168 9136
f 9136 9168 9169
f 9136 9169 9137
f 9137 9169 9170
f 9137 9170 9138
f 9138 9170 9171
f 9138 9171 9139
f 9139 9171 9172
f 9139 9172 9140
f 9140 9172 9173
f 9140 9173 9141
f 9141 9173 9174
f 9141 9174 9142
f 9142 9174 9175
f 9142 9175 9143
f 9143 9175 9144
f 9143 9144 9112
f 9144 9176 9145
f 9176 9177 9145
f 9145 9177 9146
f 9177 9178 9146
f 9146 9178 9147
f 9178 9179 9147
f 9147 9179 9148
f 9179 9180 9148
f 9148 9180 9149
f 9180 9181 9149
f 9149 9181 9150
f 9181 9182 9150
f 9150 9182 9151
f 9182 9183 9151
f 9151 9183 9152
f 9183 9184 9152
f 9152 9184 9185
f 9152 9185 9153
f 9153 9185 9186
f 9153 9186 9154
f 9154 9186 9187
f 9154 9187 9155
f 9155 9187 9188
f 9155 9188 9156
f 9156 9188 9189
f 9156 9189 9157
f 9157 9189 9190
f 9157 9190 9158
f 9158 9190 9191
f 9158 9191 9159
f 9159 9191 9192
f 9159 9192 9160
f 9160 9192 9161
f 9192 9193 9161
f 9161 9193 9162
f 9193 9194 9162
f 9162 9194 9163
f 9194 9195 9163
f 9163 9195 9164
f 9195 9196 9164
f 9164 9196 9165
f 9196 9197 9165
f 9165 9197 9166
f 9197 9198 9166
f 9166 9198 9167
f 9198 9199 9167
f 9167 9199 9168
f 9199 9200 9168
f 9168 9200 9201
f 9168 9201 9169
f 9169 9201 9202
f 9169 9202 9170
f 9170 9202 9203
f 9170 9203 9171
f 9171 9203 9204
f 9171 9204 9172
f 9172 9204 9205
f 9172 9205 9173
f 9173 9205 9206
f 9173 9206 9174
f 9174 9206 9207
f 9174 9207 9175
f 9175 9207 9176
f 9175 9176 9144
f 9176 9208 9177
f 9208 9209 9177
f 9177 9209 9178
f 9209 9210 9178
f 9178 9210 9179
f 9210 9211 9179
f 9179 9211 9180
f 9211 9212 9180
f 9180 9212 9181
f 9212 9213 9181
f 9181 9213 9182
f 9213 9214 9182
f 9182 9214 9183
f 9214 9215 9183
f 9183 9215 9184
f 9215 9216 9184
f 9184 9216 9217
f 9184 9217 9185
f 9185 9217 9218
f 9185 9218 9186
f 9186 9218 9219
f 9186 9219 9187
f 9187 9219 9220
f 9187 9220 9188
f 9188 9220 9221
f 9188 9221 9189
f 9189 9221 9222
f 9189 9222 9190
f 9190 9222 9223
f 9190 9223 9191
f 9191 9223 9224
f 9191 9224 9192
f 9192 9224 9193
f 9224 9225 9193
f 9193 9225 9194
f 9225 9226 9194
f 9194 9226 9195
f 9226 9227 9195
f 9195 9227 9196
f 9227 9228 9196
f 9196 9228 9197
f 9228 9229 9197
f 9197 9229 9198
f 9229 9230 9198
f 9198 9230 9199
f 9230 9231 9199
f 9199 9231 9200
f 9231 9232 9200
f 9200 9232 9233
f 9200 9233 9201
f 9201 9233 9234
f 9201 9234 9202
f 9202 9234 9235
f 9202 9235 9203
f 9203 9235 9236
f 9203 9236 9204
f 9204 9236 9237
f 9204 9237 9205
f 9205 9237 9238
f 9205 9238 9206
f 9206 9238 9239
f 9206 9239 9207
f 9207 9239 9208
f 9207 9208 9176
f 9208 9240 9209
f 9240 9241 9209
f 9209 9241 9210
f 9241 9242 9210
f 9210 9242 9211
f 9242 9243 9211
f 9211 9243 9212
f 9243 9244 9212
f 9212 9244 9213
f 9244 9245 9213
f 9213 9245 9214
f 9245 9246 9214
f 9214 9246 9215
f 9246 9247 9215
f 9215 9247 9216
f 9247 9248 9216
f 9216 9248 9249
f 9216 9249 9217
f 9217 9249 9250
f 9217 9250 9218
f 9218 9250 9251
f 9218 9251 9219
f 9219 9251 9252
f 9219 9252 9220
f 9220 9252 9253
f 9220 9253 9221
f 9221 9253 9254
f 9221 9254 9222
f 9222 9254 9255
f 9222 9255 9223
f 9223 9255 9256
f 9223 9256 9224
f 9224 9256 9225
f 9256 9257 9225
f 9225 9257 9226
f 9257 9258 9226
f 9226 9258 9227
f 9258 9259 9227
f 9227 9259 9228
f 9259 9260 9228
f 9228 9260 9229
f 9260 9261 9229
f 9229 9261 9230
f 9261 9262 9230
f 9230 9262 9231
f 9262 9263 9231
f 9231 9263 9232
f 9263 9264 9232
f 9232 9264 9265
f 9232 9265 9233
f 9233 9265 9266
f 9233 9266 9234
f 9234 9266 9267
f 9234 9267 9235
f 9235 9267 9268
f 9235 9268 9236
f 9236 9268 9269
f 9236 9269 9237
f 9237 9269 9270
f 9237 9270 9238
f 9238 9270 9271
f 9238 9271 9239
f 9239 9271 9240
f 9239 9240 9208
f 9240 9272 9241
f 9272 9273 9241
f 9241 9273 9242
f 9273 9274 9242
f 9242 9274 9243
f 9274 9275 9243
f 9243 9275 9244
f 9275 9276 9244
f 9244 9276 9245
f 9276 9277 9245
f 9245 9277 9246
f 9277 9278 9246
f 9246 9278 9247
f 9278 9279 9247
f 9247 9279 9248
f 9279 9280 9248
f 9248 9280 9281
f 9248 9281 9249
f 9249 9281 9282
f 9249 9282 9250
f 9250 9282 9283
f 9250 9283 9251
f 9251 9283 9284
f 9251 9284 9252
f 9252 9284 9285
f 9252 9285 9253
f 9253 9285 9286
f 9253 9286 9254
f 9254 9286 9287
f 9254 9287 9255
f 9255 9287 9288
f 9255 9288 9256
f 9256 9288 9257
f 9288 9289 9257
f 9257 9289 9258
f 9289 9290 9258
f 9258 9290 9259
f 9290 9291 9259
f 9259 9291 9260
f 9291 9292 9260
f 9260 9292 9261
f 9292 9293 9261
f 9261 9293 9262
f 9293 9294 9262
f 9262 9294 9263
f 9294 9295 9263
f 9263 9295 9264
f 9295 9296 9264
f 9264 9296 9297
f 9264 9297 9265
f 9265 9297 9298
f 9265 9298 9266
f 9266 9298 9299
f 9266 9299 9267
f 9267 9299 9300
f 9267 9300 9268
f 9268 9300 9301
f 9268 9301 9269
f 9269 9301 9302
f 9269 9302 9270
f 9270 9302 9303
f 9270 9303 9271
f 9271 9303 9272
f 9271 9272 9240
f 9272 9304 9273
f 9304 9305 9273
f 9273 9305 9274
f 9305 9306 9274
f 9274 9306 9275
f 9306 9307 9275
f 9275 9307 9276
f 9307 9308 9276
f 9276 9308 9277
f 9308 9309 9277
f 9277 9309 9278
f 9309 9310 9278
f 9278 9310 9279
f 9310 9311 9279
f 9279 9311 9280
f 9311 9312 9280
f 9280 9312 9313
f 9280 9313 9281
f 9281 9313 9314
f 9281 9314 9282
f 9282 9314 9315
f 9282 9315 9283
f 9283 9315 9316
f 9283 9316 9284
f 9284 9316 9317
f 9284 9317 9285
f 9285 9317 9318
f 9285 9318 9286
f 9286 9318 9319
f 9286 9319 9287
f 9287 9319 9320
f 9287 9320 9288
f 9288 9320 9289
f 9320 9321 9289
f 9289 9321 9290
f 9321 9322 9290
f 9290 9322 9291
f 9322 9323 9291
f 9291 9323 9292
f 9323 9324 9292
f 9292 9324 9293
f 9324 9325 9293
f 9293 9325 9294
f 9325 9326 9294
f 9294 9326 9295
f 9326 9327 9295
f 9295 9327 9296
f 9327 9328 9296
f 9296 9328 9329
f 9296 9329 9297
f 9297 9329 9330
f 9297 9330 9298
f 9298 9330 9331
f 9298 9331 9299
f 9299 9331 9332
f 9299 9332 9300
f 9300 9332 9333
f 9300 9333 9301
f 9301 9333 9334
f 9301 9334 9302
f 9302 9334 9335
f 9302 9335 9303
f 9303 9335 9304
f 9303 9304 9272
f 9304 9336 9305
f 9336 9337 9305
f 9305 9337 9306
f 9337 9338 9306
f 9306 9338 9307
f 9338 9339 9307
f 9307 9339 9308
f 9339 9340 9308
f 9308 9340 9309
f 9340 9341 9309
f 9309 9341 9310
f 9341 9342 9310
f 9310 9342 9311
f 9342 9343 9311
f 9311 9343 9312
f 9343 9344 9312
f 9312 9344 9345
f 9312 9345 9313
f 9313 9345 9346
f 9313 9346 9314
f 9314 9346 9347
f 9314 9347 9315
f 9315 9347 9348
f 9315 9348 9316
f 9316 9348 9349
f 9316 9349 9317
f 9317 9349 9350
f 9317 9350 9318
f 9318 9350 9351
f 9318 9351 9319
f 9319 9351 9352
f 9319 9352 9320
f 9320 9352 9321
f 9352 9353 9321
f 9321 9353 9322
f 9353 9354 9322
f 9322 9354 9323
f 9354 9355 9323
f 9323 9355 9324
f 9355 9356 9324
f 9324 9356 9325
f 9356 9357 9325
f 9325 9357 9326
f 9357 9358 9326
f 9326 9358 9327
f 9358 9359 9327
f 9327 9359 9328
f 9359 9360 9328
f 9328 9360 9361
f 9328 9361 9329
f 9329 9361 9362
f 9329 9362 9330
f 9330 9362 9363
f 9330 9363 9331
f 9331 9363 9364
f 9331 9364 9332
f 9332 9364 9365
f 9332 9365 9333
f 9333 9365 9366
f 9333 9366 9334
f 9334 9366 9367
f 9334 9367 9335
f 9335 9367 9336
f 9335 9336 9304
f 9336 9368 9337
f 9368 9369 9337
f 9337 9369 9338
f 9369 9370 9338
f 9338 9370 9339
f 9370 9371 9339
f 9339 9371 9340
f 9371 9372 9340
f 9340 9372 9341
f 9372 9373 9341
f 9341 9373 9342
f 9373 9374 9342
f 9342 9374 9343
f 9374 9375 9343
f 9343 9375 9344
f 9375 9376 9344
f 9344 9376 9377
f 9344 9377 9345
f 9345 9377 9378
f 9345 9378 9346
f 9346 9378 9379
f 9346 9379 9347
f 9347 9379 9380
f 9347 9380 9348
f 9348 9380 9381
f 9348 9381 9349
f 9349 9381 9382
f 9349 9382 9350
f 9350 9382 9383
f 9350 9383 9351
f 9351 9383 9384
f 9351 9384 9352
f 9352 9384 9353
f 9384 9385 9353
f 9353 9385 9354
f 9385 9386 9354
f 9354 9386 9355
f 9386 9387 9355
f 9355 9387 9356
f 9387 9388 9356
f 9356 9388 9357
f 9388 9389 9357
f 9357 9389 9358
f 9389 9390 9358
f 9358 9390 9359
f 9390 9391 9359
f 9359 9391 9360
f 9391 9392 9360
f 9360 9392 9393
f 9360 9393 9361
f 9361 9393 9394
f 9361 9394 9362
f 9362 9394 9395
f 9362 9395 9363
f 9363 9395 9396
f 9363 9396 9364
f 9364 9396 9397
f 9364 9397 9365
f 9365 9397 9398
f 9365 9398 9366
f 9366 9398 9399
f 9366 9399 9367
f 9367 9399 9368
f 9367 9368 9336
f 9368 9400 9369
f 9400 9401 9369
f 9369 9401 9370
f 9401 9402 9370
f 9370 9402 9371
f 9402 9403 9371
f 9371 9403 9372
f 9403 9404 9372
f 9372 9404 9373
f 9404 9405 9373
f 9373 9405 9374
f 9405 9406 9374
f 9374 9406 9375
f 9406 9407 9375
f 9375 9407 9376
f 9407 9408 9376
f 9376 9408 9409
f 9376 9409 9377
f 9377 9409 9410
f 9377 9410 9378
f 9378 9410 9411
f 9378 9411 9379
f 9379 9411 9412
f 9379 9412 9380
f 9380 9412 9413
f 9380 9413 9381
f 9381 9413 9414
f 9381 9414 9382
f 9382 9414 9415
f 9382 9415 9383
f 9383 9415 9416
f 9383 9416 9384
f 9384 9416 9385
f 9416 9417 9385
f 9385 9417 9386
f 9417 9418 9386
f 9386 9418 9387
f 9418 9419 9387
f 9387 9419 9388
f 9419 9420 9388
f 9388 9420 9389
f 9420 9421 9389
f 9389 9421 9390
f 9421 9422 9390
f 9390 9422 9391
f 9422 9423 9391
f 9391 9423 9392
f 9423 9424 9392
f 9392 9424 9425
f 9392 9425 9393
f 9393 9425 9426
f 9393 9426 9394
f 9394 9426 9427
f 9394 9427 9395
f 9395 9427 9428
f 9395 9428 9396
f 9396 9428 9429
f 9396 9429 9397
f 9397 9429 9430
f 9397 9430 9398
f 9398 9430 9431
f 9398 9431 9399
f 9399 9431 9400
f 9399 9400 9368
f 9400 9432 9401
f 9401 9432 9433
f 9401 9433 9402
f 9402 9433 9434
f 9402 9434 9403
f 9403 9434 9435
f 9403 9435 9404
f 9404 9435 9436
f 9404 9436 9405
f 9405 9436 9437
f 9405 9437 9406
f 9406 9437 9438
f 9406 9438 9407
f 9407 9438 9439
f 9407 9439 9408
f 9408 9439 9409
f 9439 9440 9409
f 9409 9440 9410
f 9440 9441 9410
f 9410 9441 9411
f 9441 9442 9411
f 9411 9442 9412
f 9442 9443 9412
f 9412 9443 9413
f 9443 9444 9413
f 9413 9444 9414
f 9444 9445 9414
f 9414 9445 9415
f 9445 9446 9415
f 9415 9446 9416
f 9416 9447 9417
f 9417 9447 9448
f 9417 9448 9418
f 9418 9448 9449
f 9418 9449 9419
f 9419 9449 9450
f 9419 9450 9420
f 9420 9450 9451
f 9420 9451 9421
f 9421 9451 9452
f 9421 9452 9422
f 9422 9452 9453
f 9422 9453 9423
f 9423 9453 9454
f 9423 9454 9424
f 9424 9454 9425
f 9454 9455 9425
f 9425 9455 9426
f 9455 9456 9426
f 9426 9456 9427
f 9456 9457 9427
f 9427 9457 9428
f 9457 9458 9428
f 9428 9458 9429
f 9458 9459 9429
f 9429 9459 9430
f 9459 9460 9430
f 9430 9460 9431
f 9460 9461 9431
f 9431 9461 9400
f 9400 9462 9432
f 9432 9462 9463
f 9432 9463 9433
f 9433 9463 9464
f 9433 9464 9434
f 9434 9464 9465
f 9434 9465 9435
f 9435 9465 9466
f 9435 9466 9436
f 9436 9466 9467
f 9436 9467 9437
f 9437 9467 9468
f 9437 9468 9438
f 9438 9468 9469
f 9438 9469 9439
f 9439 9469 9440
f 9469 9470 9440
f 9440 9470 9441
f 9470 9471 9441
f 9441 9471 9442
f 9471 9472 9442
f 9442 9472 9443
f 9472 9473 9443
f 9443 9473 9444
f 9473 9474 9444
f 9444 9474 9445
f 9474 9475 9445
f 9445 9475 9446
f 9475 9476 9446
f 9446 9476 9416
f 9416 9476 9447
f 9447 9476 9475
f 9447 9475 9448
f 9448 9475 9474
f 9448 9474 9449
f 9449 9474 9473
f 9449 9473 9450
f 9450 9473 9472
f 9450 9472 9451
f 9451 9472 9471
f 9451 9471 9452
f 9452 9471 9470
f 9452 9470 9453
f 9453 9470 9469
f 9453 9469 9454
f 9454 9469 9455
f 9469 9468 9455
f 9455 9468 9456
f 9468 9467 9456
f 9456 9467 9457
f 9467 9466 9457
f 9457 9466 9458
f 9466 9465 9458
f 9458 9465 9459
f 9465 9464 9459
f 9459 9464 9460
f 9464 9463 9460
f 9460 9463 9461
f 9463 9462 9461
f 9461 9462 9400
