"PointID","x","y","Density","Momentum_x","Momentum_y","Energy","Turb_Kin_Energy","Omega"
0, 1.000000000000000e+00, 3.300000000000000e-03, 3.434761678248500e-01, 0.000000000000000e+00, 0.000000000000000e+00, 5.878377028425287e+04, 1.000000000000000e-10, 1.433811477023495e+09
1, 1.000000000000000e+00, -2.200000000000000e-03, 3.582425927092143e-01, 0.000000000000000e+00, 0.000000000000000e+00, 6.454715813271020e+04, 1.000000000000000e-10, 1.433265043360905e+09
6, 9.970624071000000e-01, 3.890565800000000e-03, 3.754495325255122e-01, 0.000000000000000e+00, 0.000000000000000e+00, 6.903379917759256e+04, 1.000000000000000e-10, 1.390022359967567e+09
7, 9.941250122000000e-01, 4.482116400000000e-03, 3.864415903873287e-01, 0.000000000000000e+00, 0.000000000000000e+00, 7.068572834212608e+04, 1.000000000000000e-10, 1.344857813571641e+09
8, 9.911863511000000e-01, 5.067337600000000e-03, 3.913318565566256e-01, 0.000000000000000e+00, 0.000000000000000e+00, 7.053352458384282e+04, 1.000000000000000e-10, 1.312479543108780e+09
9, 9.882453375000000e-01, 5.640619800000000e-03, 3.943758123182382e-01, 0.000000000000000e+00, 0.000000000000000e+00, 6.962502004618121e+04, 1.000000000000000e-10, 1.280746849927272e+09
10, 9.853025951000000e-01, 6.204961100000000e-03, 3.983778447369409e-01, 0.000000000000000e+00, 0.000000000000000e+00, 6.897737653669163e+04, 1.000000000000000e-10, 1.247958292267838e+09
11, 9.823582610000000e-01, 6.760941000000000e-03, 4.027178372475962e-01, 0.000000000000000e+00, 0.000000000000000e+00, 6.876219782655410e+04, 1.000000000000000e-10, 1.220566280993119e+09
12, 9.794123284000000e-01, 7.308384000000000e-03, 4.061555627935575e-01, 0.000000000000000e+00, 0.000000000000000e+00, 6.874422246550513e+04, 1.000000000000000e-10, 1.201599470262832e+09
13, 9.764641925999999e-01, 7.843832699999999e-03, 4.080437021223268e-01, 0.000000000000000e+00, 0.000000000000000e+00, 6.874063168019765e+04, 1.000000000000000e-10, 1.191451756326515e+09
14, 9.735146296000000e-01, 8.371372199999999e-03, 4.085959987681205e-01, 0.000000000000000e+00, 0.000000000000000e+00, 6.868762413327242e+04, 1.000000000000000e-10, 1.187756595005955e+09
15, 9.705649844999999e-01, 8.898453400000001e-03, 4.083008633744635e-01, 0.000000000000000e+00, 0.000000000000000e+00, 6.856738546383572e+04, 1.000000000000000e-10, 1.187611647618801e+09
16, 9.676163612000001e-01, 9.431218700000001e-03, 4.075845355250923e-01, 0.000000000000000e+00, 0.000000000000000e+00, 6.840624569761399e+04, 1.000000000000000e-10, 1.189116259992956e+09
17, 9.646681685000000e-01, 9.966365099999999e-03, 4.066697056745019e-01, 0.000000000000000e+00, 0.000000000000000e+00, 6.822641626301249e+04, 1.000000000000000e-10, 1.191409496842421e+09
18, 9.617190649000000e-01, 1.049646250000000e-02, 4.057706101022848e-01, 0.000000000000000e+00, 0.000000000000000e+00, 6.805721502371749e+04, 1.000000000000000e-10, 1.193821194818486e+09
19, 9.587677714000000e-01, 1.101421520000000e-02, 4.048656048407254e-01, 0.000000000000000e+00, 0.000000000000000e+00, 6.788842150165503e+04, 1.000000000000000e-10, 1.196243844553398e+09
20, 9.558141732000000e-01, 1.151866560000000e-02, 4.039236115199270e-01, 0.000000000000000e+00, 0.000000000000000e+00, 6.770261565097079e+04, 1.000000000000000e-10, 1.198625277219721e+09
21, 9.528595023999999e-01, 1.201680390000000e-02, 4.035120470323467e-01, 0.000000000000000e+00, 0.000000000000000e+00, 6.760338023761674e+04, 1.000000000000000e-10, 1.199407177427770e+09
22, 9.499050355999999e-01, 1.251614840000000e-02, 4.023653642289575e-01, 0.000000000000000e+00, 0.000000000000000e+00, 6.733779852346711e+04, 1.000000000000000e-10, 1.201702666125971e+09
23, 9.469515835000000e-01, 1.302146080000000e-02, 4.015146846931981e-01, 0.000000000000000e+00, 0.000000000000000e+00, 6.713755867913293e+04, 1.000000000000000e-10, 1.203416537660483e+09
24, 9.439982552000000e-01, 1.352749770000000e-02, 4.008306498347616e-01, 0.000000000000000e+00, 0.000000000000000e+00, 6.696141908191866e+04, 1.000000000000000e-10, 1.204582867398917e+09
25, 9.410437731000000e-01, 1.402674480000000e-02, 4.004184636506024e-01, 0.000000000000000e+00, 0.000000000000000e+00, 6.684097510644428e+04, 1.000000000000000e-10, 1.205058632781497e+09
26, 9.380870172000000e-01, 1.451233270000000e-02, 4.002083712708482e-01, 0.000000000000000e+00, 0.000000000000000e+00, 6.677269533526797e+04, 1.000000000000000e-10, 1.205197242630280e+09
27, 9.351283061000000e-01, 1.498587720000000e-02, 4.001511271427970e-01, 0.000000000000000e+00, 0.000000000000000e+00, 6.674587607460376e+04, 1.000000000000000e-10, 1.205108100526836e+09
28, 9.321688618000000e-01, 1.545482400000000e-02, 4.001577775683373e-01, 0.000000000000000e+00, 0.000000000000000e+00, 6.673409570097773e+04, 1.000000000000000e-10, 1.204896764105652e+09
29, 9.292098398000000e-01, 1.592642560000000e-02, 4.001817568658396e-01, 0.000000000000000e+00, 0.000000000000000e+00, 6.673081649442815e+04, 1.000000000000000e-10, 1.204716548071697e+09
30, 9.262511042000000e-01, 1.639982330000000e-02, 4.002534326423638e-01, 0.000000000000000e+00, 0.000000000000000e+00, 6.675151484030570e+04, 1.000000000000000e-10, 1.204616398653411e+09
31, 9.232923687000000e-01, 1.687322100000000e-02, 4.001015583721776e-01, 0.000000000000000e+00, 0.000000000000000e+00, 6.673315452044258e+04, 1.000000000000000e-10, 1.205184725485882e+09
32, 9.203336331000000e-01, 1.734661870000000e-02, 3.994923474141084e-01, 0.000000000000000e+00, 0.000000000000000e+00, 6.662096579992493e+04, 1.000000000000000e-10, 1.206847910504597e+09
33, 9.173752952000001e-01, 1.782249320000000e-02, 3.988862120284657e-01, 0.000000000000000e+00, 0.000000000000000e+00, 6.652061722061277e+04, 1.000000000000000e-10, 1.208702729776627e+09
34, 9.144172403000000e-01, 1.830012520000000e-02, 3.983347348135923e-01, 0.000000000000000e+00, 0.000000000000000e+00, 6.641788398603784e+04, 1.000000000000000e-10, 1.210237114766316e+09
35, 9.114582624000001e-01, 1.877199790000000e-02, 3.978079605490882e-01, 0.000000000000000e+00, 0.000000000000000e+00, 6.629970071784935e+04, 1.000000000000000e-10, 1.211383811707971e+09
36, 9.084972381000000e-01, 1.923083950000000e-02, 3.973160849194790e-01, 0.000000000000000e+00, 0.000000000000000e+00, 6.617956551902293e+04, 1.000000000000000e-10, 1.212308066624272e+09
37, 9.055342297000000e-01, 1.967670440000000e-02, 3.968640876030006e-01, 0.000000000000000e+00, 0.000000000000000e+00, 6.606458204598287e+04, 1.000000000000000e-10, 1.213089374232208e+09
38, 9.025703724000000e-01, 2.011689840000000e-02, 3.965089560762693e-01, 0.000000000000000e+00, 0.000000000000000e+00, 6.595618647421079e+04, 1.000000000000000e-10, 1.213401690606309e+09
39, 8.996067964000000e-01, 2.055898050000000e-02, 3.962760340991756e-01, 0.000000000000000e+00, 0.000000000000000e+00, 6.586682714451884e+04, 1.000000000000000e-10, 1.213347869694987e+09
40, 8.966435791000000e-01, 2.100346310000000e-02, 3.962725755041799e-01, 0.000000000000000e+00, 0.000000000000000e+00, 6.583698134523208e+04, 1.000000000000000e-10, 1.212914750896125e+09
41, 8.936803618000000e-01, 2.144794570000000e-02, 3.959301722527028e-01, 0.000000000000000e+00, 0.000000000000000e+00, 6.574316768388866e+04, 1.000000000000000e-10, 1.213402836800792e+09
42, 8.907171444000000e-01, 2.189242830000000e-02, 3.953085266552855e-01, 0.000000000000000e+00, 0.000000000000000e+00, 6.560951204305893e+04, 1.000000000000000e-10, 1.214847197443656e+09
43, 8.877539271000000e-01, 2.233691090000000e-02, 3.939859872361898e-01, 0.000000000000000e+00, 0.000000000000000e+00, 6.534034354174833e+04, 1.000000000000000e-10, 1.218163032984494e+09
44, 8.847907098000000e-01, 2.278139350000000e-02, 3.931448010331888e-01, 0.000000000000000e+00, 0.000000000000000e+00, 6.517633470894987e+04, 1.000000000000000e-10, 1.220411041639667e+09
45, 8.818274925000000e-01, 2.322587610000000e-02, 3.927425334330675e-01, 0.000000000000000e+00, 0.000000000000000e+00, 6.510164096657863e+04, 1.000000000000000e-10, 1.221537378677653e+09
46, 8.788643591999999e-01, 2.367091770000000e-02, 3.924254126834770e-01, 0.000000000000000e+00, 0.000000000000000e+00, 6.504977669284718e+04, 1.000000000000000e-10, 1.222515725775642e+09
47, 8.759017882000000e-01, 2.411968790000000e-02, 3.923213067529404e-01, 0.000000000000000e+00, 0.000000000000000e+00, 6.505270677967613e+04, 1.000000000000000e-10, 1.223187729860344e+09
48, 8.729389200000000e-01, 2.456648860000000e-02, 3.924780054478621e-01, 0.000000000000000e+00, 0.000000000000000e+00, 6.510618859561521e+04, 1.000000000000000e-10, 1.223124695367042e+09
49, 8.699746207000000e-01, 2.500367940000000e-02, 3.931259990254781e-01, 0.000000000000000e+00, 0.000000000000000e+00, 6.525566254377604e+04, 1.000000000000000e-10, 1.221768540679957e+09
50, 8.670081947000000e-01, 2.542619980000000e-02, 3.942569059126075e-01, 0.000000000000000e+00, 0.000000000000000e+00, 6.551225748779880e+04, 1.000000000000000e-10, 1.219270971477201e+09
51, 8.640404269000000e-01, 2.583920470000000e-02, 3.955147617120888e-01, 0.000000000000000e+00, 0.000000000000000e+00, 6.579894509722947e+04, 1.000000000000000e-10, 1.216612892989731e+09
52, 8.610724042000000e-01, 2.625037680000000e-02, 3.965611391829713e-01, 0.000000000000000e+00, 0.000000000000000e+00, 6.603240246627494e+04, 1.000000000000000e-10, 1.214300907807909e+09
53, 8.581049055000000e-01, 2.666531320000000e-02, 3.974837254924006e-01, 0.000000000000000e+00, 0.000000000000000e+00, 6.623208556044643e+04, 1.000000000000000e-10, 1.212175703728352e+09
54, 8.551374771000000e-01, 2.708075320000000e-02, 3.981418633069626e-01, 0.000000000000000e+00, 0.000000000000000e+00, 6.637086436252920e+04, 1.000000000000000e-10, 1.210586796319238e+09
55, 8.521700487000000e-01, 2.749619320000000e-02, 3.986990872242027e-01, 0.000000000000000e+00, 0.000000000000000e+00, 6.648349909782012e+04, 1.000000000000000e-10, 1.209190116739330e+09
56, 8.492026203000000e-01, 2.791163320000000e-02, 3.990883616590294e-01, 0.000000000000000e+00, 0.000000000000000e+00, 6.657295986017122e+04, 1.000000000000000e-10, 1.208376971922292e+09
57, 8.462351919000000e-01, 2.832707310000000e-02, 3.988378002209081e-01, 0.000000000000000e+00, 0.000000000000000e+00, 6.652379561264069e+04, 1.000000000000000e-10, 1.209026042582380e+09
58, 8.432677635000000e-01, 2.874251310000000e-02, 3.979422706295346e-01, 0.000000000000000e+00, 0.000000000000000e+00, 6.633279635460868e+04, 1.000000000000000e-10, 1.211124900926256e+09
59, 8.403003351000000e-01, 2.915795310000000e-02, 3.949634690360475e-01, 0.000000000000000e+00, 0.000000000000000e+00, 6.569359841199880e+04, 1.000000000000000e-10, 1.218084110008984e+09
60, 8.373332662000000e-01, 2.957595020000000e-02, 3.915104383106787e-01, 0.000000000000000e+00, 0.000000000000000e+00, 6.494401558603828e+04, 1.000000000000000e-10, 1.226105238164670e+09
61, 8.343664342000000e-01, 2.999562810000000e-02, 3.879330399814903e-01, 0.000000000000000e+00, 0.000000000000000e+00, 6.414601687478787e+04, 1.000000000000000e-10, 1.234164109744874e+09
62, 8.313987667000000e-01, 3.040934680000000e-02, 3.848509604857769e-01, 0.000000000000000e+00, 0.000000000000000e+00, 6.342921925557144e+04, 1.000000000000000e-10, 1.240725585052967e+09
63, 8.284292787999999e-01, 3.080977400000000e-02, 3.821573029265071e-01, 0.000000000000000e+00, 0.000000000000000e+00, 6.279063245036388e+04, 1.000000000000000e-10, 1.246277383415235e+09
64, 8.254580666000000e-01, 3.119721670000000e-02, 3.800475244111189e-01, 0.000000000000000e+00, 0.000000000000000e+00, 6.227921972219224e+04, 1.000000000000000e-10, 1.250465240636252e+09
65, 8.224861366000000e-01, 3.157912440000000e-02, 3.785612565320424e-01, 0.000000000000000e+00, 0.000000000000000e+00, 6.189741280425796e+04, 1.000000000000000e-10, 1.253050459529965e+09
66, 8.195144758000000e-01, 3.196311810000000e-02, 3.775536554308491e-01, 0.000000000000000e+00, 0.000000000000000e+00, 6.162213644009563e+04, 1.000000000000000e-10, 1.254496005444014e+09
67, 8.165431104999999e-01, 3.234939560000000e-02, 3.770509376413895e-01, 0.000000000000000e+00, 0.000000000000000e+00, 6.147182650455486e+04, 1.000000000000000e-10, 1.255042721304481e+09
68, 8.135717453000000e-01, 3.273567310000000e-02, 3.761373066201081e-01, 0.000000000000000e+00, 0.000000000000000e+00, 6.125794114838003e+04, 1.000000000000000e-10, 1.256989199348210e+09
69, 8.106003801000000e-01, 3.312195060000000e-02, 3.753852452416396e-01, 0.000000000000000e+00, 0.000000000000000e+00, 6.110409329377804e+04, 1.000000000000000e-10, 1.258979339514226e+09
70, 8.076290148000000e-01, 3.350822810000000e-02, 3.747837917562210e-01, 0.000000000000000e+00, 0.000000000000000e+00, 6.099526489563319e+04, 1.000000000000000e-10, 1.260812894286447e+09
71, 8.046576496000000e-01, 3.389450560000000e-02, 3.746352542426479e-01, 0.000000000000000e+00, 0.000000000000000e+00, 6.099747636958852e+04, 1.000000000000000e-10, 1.261807930353029e+09
72, 8.016862843000000e-01, 3.428078300000000e-02, 3.759454803669204e-01, 0.000000000000000e+00, 0.000000000000000e+00, 6.130241417388230e+04, 1.000000000000000e-10, 1.258927789402168e+09
73, 7.987150113000000e-01, 3.466776800000000e-02, 3.784267808305324e-01, 0.000000000000000e+00, 0.000000000000000e+00, 6.187660867835718e+04, 1.000000000000000e-10, 1.253473272588977e+09
74, 7.957442224000000e-01, 3.505845300000000e-02, 3.817394943298342e-01, 0.000000000000000e+00, 0.000000000000000e+00, 6.267886677783496e+04, 1.000000000000000e-10, 1.246962045138742e+09
75, 7.927731192000000e-01, 3.544673620000000e-02, 3.857375307084345e-01, 0.000000000000000e+00, 0.000000000000000e+00, 6.362243312113963e+04, 1.000000000000000e-10, 1.238651043752827e+09
76, 7.898007096000000e-01, 3.582487200000000e-02, 3.905006759818926e-01, 0.000000000000000e+00, 0.000000000000000e+00, 6.472095574839391e+04, 1.000000000000000e-10, 1.228414912921092e+09
77, 7.868264558000000e-01, 3.618821970000000e-02, 3.960856346443230e-01, 0.000000000000000e+00, 0.000000000000000e+00, 6.599939281754779e+04, 1.000000000000000e-10, 1.216468306377799e+09
78, 7.838510978000000e-01, 3.654242800000000e-02, 4.014946532242873e-01, 0.000000000000000e+00, 0.000000000000000e+00, 6.724705264465470e+04, 1.000000000000000e-10, 1.205182663377559e+09
79, 7.808755783000000e-01, 3.689528040000000e-02, 4.059706758314223e-01, 0.000000000000000e+00, 0.000000000000000e+00, 6.828360561696654e+04, 1.000000000000000e-10, 1.196002317336959e+09
80, 7.779005125000000e-01, 3.725193850000000e-02, 4.099167373008600e-01, 0.000000000000000e+00, 0.000000000000000e+00, 6.920888452347061e+04, 1.000000000000000e-10, 1.188171475802716e+09
81, 7.749254880000001e-01, 3.760894140000000e-02, 4.135283481868516e-01, 0.000000000000000e+00, 0.000000000000000e+00, 7.004521056965076e+04, 1.000000000000000e-10, 1.180914500955491e+09
82, 7.719504636000000e-01, 3.796594440000000e-02, 4.172127571868542e-01, 0.000000000000000e+00, 0.000000000000000e+00, 7.089160877108245e+04, 1.000000000000000e-10, 1.173481497281668e+09
83, 7.689754391000000e-01, 3.832294730000000e-02, 4.207802265555052e-01, 0.000000000000000e+00, 0.000000000000000e+00, 7.173242722799590e+04, 1.000000000000000e-10, 1.166653719638265e+09
84, 7.660004146000000e-01, 3.867995020000000e-02, 4.236088861853255e-01, 0.000000000000000e+00, 0.000000000000000e+00, 7.242203199637959e+04, 1.000000000000000e-10, 1.161581615833324e+09
85, 7.630253902000000e-01, 3.903695320000000e-02, 4.251432333029913e-01, 0.000000000000000e+00, 0.000000000000000e+00, 7.282433637512177e+04, 1.000000000000000e-10, 1.159209080271660e+09
86, 7.600503657000000e-01, 3.939395610000000e-02, 4.249465710781357e-01, 0.000000000000000e+00, 0.000000000000000e+00, 7.283437925321478e+04, 1.000000000000000e-10, 1.160314185661182e+09
87, 7.570757010000000e-01, 3.975394130000000e-02, 4.241012842159169e-01, 0.000000000000000e+00, 0.000000000000000e+00, 7.269644977617300e+04, 1.000000000000000e-10, 1.162717866567564e+09
88, 7.541011654999999e-01, 4.011499540000000e-02, 4.218071802793660e-01, 0.000000000000000e+00, 0.000000000000000e+00, 7.218786238006981e+04, 1.000000000000000e-10, 1.167544586068432e+09
89, 7.511258242000000e-01, 4.046933410000000e-02, 4.183619986044169e-01, 0.000000000000000e+00, 0.000000000000000e+00, 7.134940708470375e+04, 1.000000000000000e-10, 1.173816245784965e+09
90, 7.481488621000000e-01, 4.080977130000000e-02, 4.131819439524593e-01, 0.000000000000000e+00, 0.000000000000000e+00, 7.011832051662540e+04, 1.000000000000000e-10, 1.183717560849620e+09
91, 7.451704939000000e-01, 4.113770130000000e-02, 4.074848948584068e-01, 0.000000000000000e+00, 0.000000000000000e+00, 6.875258640914275e+04, 1.000000000000000e-10, 1.194597646711807e+09
92, 7.421915967000000e-01, 4.146079960000000e-02, 4.025934827241680e-01, 0.000000000000000e+00, 0.000000000000000e+00, 6.755779556413097e+04, 1.000000000000000e-10, 1.203715147311949e+09
93, 7.392129909000000e-01, 4.178657100000000e-02, 3.985584825732678e-01, 0.000000000000000e+00, 0.000000000000000e+00, 6.655392149282443e+04, 1.000000000000000e-10, 1.211020508192397e+09
94, 7.362345880000000e-01, 4.211419530000000e-02, 3.945611071984658e-01, 0.000000000000000e+00, 0.000000000000000e+00, 6.560585363163274e+04, 1.000000000000000e-10, 1.219008907734166e+09
95, 7.332561850000000e-01, 4.244181960000000e-02, 3.890983351313096e-01, 0.000000000000000e+00, 0.000000000000000e+00, 6.436640991293020e+04, 1.000000000000000e-10, 1.230940898762589e+09
96, 7.302777821000001e-01, 4.276944400000000e-02, 3.826475582776633e-01, 0.000000000000000e+00, 0.000000000000000e+00, 6.294628185907035e+04, 1.000000000000000e-10, 1.245934517046401e+09
97, 7.272996700000000e-01, 4.309969770000000e-02, 3.769206066969276e-01, 0.000000000000000e+00, 0.000000000000000e+00, 6.168595754812903e+04, 1.000000000000000e-10, 1.259503106182831e+09
98, 7.243217382000000e-01, 4.343157600000000e-02, 3.714068386911177e-01, 0.000000000000000e+00, 0.000000000000000e+00, 6.045903278927492e+04, 1.000000000000000e-10, 1.272521757469485e+09
99, 7.213431270000000e-01, 4.375728880000000e-02, 3.668038387124405e-01, 0.000000000000000e+00, 0.000000000000000e+00, 5.940139374837055e+04, 1.000000000000000e-10, 1.282979099304824e+09
100, 7.183630640000001e-01, 4.406941800000000e-02, 3.620840155285572e-01, 0.000000000000000e+00, 0.000000000000000e+00, 5.832323557481879e+04, 1.000000000000000e-10, 1.293966331984157e+09
101, 7.153816632000000e-01, 4.436852160000000e-02, 3.579175685343966e-01, 0.000000000000000e+00, 0.000000000000000e+00, 5.736127250007000e+04, 1.000000000000000e-10, 1.303543883294670e+09
102, 7.123997234000000e-01, 4.466221600000000e-02, 3.548164029184547e-01, 0.000000000000000e+00, 0.000000000000000e+00, 5.662602518214323e+04, 1.000000000000000e-10, 1.310281849443792e+09
103, 7.094180101999999e-01, 4.495819900000000e-02, 3.524294180804095e-01, 0.000000000000000e+00, 0.000000000000000e+00, 5.604888162927327e+04, 1.000000000000000e-10, 1.315395537711985e+09
104, 7.064365126000000e-01, 4.525634870000000e-02, 3.500927389932344e-01, 0.000000000000000e+00, 0.000000000000000e+00, 5.551698267386563e+04, 1.000000000000000e-10, 1.320999506271121e+09
105, 7.034550149000000e-01, 4.555449850000000e-02, 3.483002227945644e-01, 0.000000000000000e+00, 0.000000000000000e+00, 5.512076528162930e+04, 1.000000000000000e-10, 1.325512241046112e+09
106, 7.004735172000000e-01, 4.585264830000000e-02, 3.457711444010523e-01, 0.000000000000000e+00, 0.000000000000000e+00, 5.456861714966492e+04, 1.000000000000000e-10, 1.332115756552478e+09
107, 6.974920194999999e-01, 4.615079800000000e-02, 3.426617589506196e-01, 0.000000000000000e+00, 0.000000000000000e+00, 5.390035270712406e+04, 1.000000000000000e-10, 1.340519303115635e+09
108, 6.945105217999999e-01, 4.644894780000000e-02, 3.389189599771560e-01, 0.000000000000000e+00, 0.000000000000000e+00, 5.309240204339130e+04, 1.000000000000000e-10, 1.350681904527075e+09
109, 6.915290242000000e-01, 4.674709760000000e-02, 3.355869033979585e-01, 0.000000000000000e+00, 0.000000000000000e+00, 5.235499024963477e+04, 1.000000000000000e-10, 1.359426255597580e+09
110, 6.885476161000000e-01, 4.704613990000000e-02, 3.316071543500820e-01, 0.000000000000000e+00, 0.000000000000000e+00, 5.150985441842242e+04, 1.000000000000000e-10, 1.370746368329484e+09
111, 6.855665742000000e-01, 4.734881320000000e-02, 3.281484552020229e-01, 0.000000000000000e+00, 0.000000000000000e+00, 5.077819166973755e+04, 1.000000000000000e-10, 1.380764424546352e+09
112, 6.825852395999999e-01, 4.764858270000000e-02, 3.253060293866751e-01, 0.000000000000000e+00, 0.000000000000000e+00, 5.016990630337701e+04, 1.000000000000000e-10, 1.388899558849668e+09
113, 6.796028435000000e-01, 4.793757530000000e-02, 3.227785801976197e-01, 0.000000000000000e+00, 0.000000000000000e+00, 4.962472612591705e+04, 1.000000000000000e-10, 1.396105047188600e+09
114, 6.766190426000001e-01, 4.821169240000000e-02, 3.204582190003374e-01, 0.000000000000000e+00, 0.000000000000000e+00, 4.911763669590186e+04, 1.000000000000000e-10, 1.402608520142586e+09
115, 6.736344527000000e-01, 4.847710350000000e-02, 3.185346716016221e-01, 0.000000000000000e+00, 0.000000000000000e+00, 4.868106103648998e+04, 1.000000000000000e-10, 1.407631936634623e+09
116, 6.706497918000000e-01, 4.874171610000000e-02, 3.170869720884521e-01, 0.000000000000000e+00, 0.000000000000000e+00, 4.834010293506036e+04, 1.000000000000000e-10, 1.411105805875574e+09
117, 6.676654681999999e-01, 4.901010790000000e-02, 3.158783537398022e-01, 0.000000000000000e+00, 0.000000000000000e+00, 4.805712273467567e+04, 1.000000000000000e-10, 1.414060642491194e+09
118, 6.646811620999999e-01, 4.927869540000000e-02, 3.140899404265520e-01, 0.000000000000000e+00, 0.000000000000000e+00, 4.768369652813020e+04, 1.000000000000000e-10, 1.419570343809002e+09
119, 6.616968561000000e-01, 4.954728290000000e-02, 3.124372211538766e-01, 0.000000000000000e+00, 0.000000000000000e+00, 4.733954966749711e+04, 1.000000000000000e-10, 1.424767415602680e+09
120, 6.587126148000000e-01, 4.981658670000000e-02, 3.105968175405878e-01, 0.000000000000000e+00, 0.000000000000000e+00, 4.697301819804638e+04, 1.000000000000000e-10, 1.430956860987811e+09
121, 6.557287142000000e-01, 5.008964140000000e-02, 3.091307842792386e-01, 0.000000000000000e+00, 0.000000000000000e+00, 4.668888901588757e+04, 1.000000000000000e-10, 1.436123060950698e+09
122, 6.527445878000000e-01, 5.036021100000000e-02, 3.080009038731609e-01, 0.000000000000000e+00, 0.000000000000000e+00, 4.646930957651715e+04, 1.000000000000000e-10, 1.440089594555136e+09
123, 6.497595392000000e-01, 5.062038200000000e-02, 3.071634184014259e-01, 0.000000000000000e+00, 0.000000000000000e+00, 4.630366115242887e+04, 1.000000000000000e-10, 1.442986918920089e+09
124, 6.467732199000000e-01, 5.086554410000000e-02, 3.066340790641660e-01, 0.000000000000000e+00, 0.000000000000000e+00, 4.619389674048283e+04, 1.000000000000000e-10, 1.444686388019991e+09
125, 6.437861620000001e-01, 5.110156080000000e-02, 3.063516281062926e-01, 0.000000000000000e+00, 0.000000000000000e+00, 4.613373029513290e+04, 1.000000000000000e-10, 1.445491390446059e+09
126, 6.407990088000000e-01, 5.133637300000000e-02, 3.061350315328609e-01, 0.000000000000000e+00, 0.000000000000000e+00, 4.609366313057740e+04, 1.000000000000000e-10, 1.446316639356266e+09
127, 6.378123096000000e-01, 5.157688470000000e-02, 3.059420209042423e-01, 0.000000000000000e+00, 0.000000000000000e+00, 4.606993358141603e+04, 1.000000000000000e-10, 1.447382244603757e+09
128, 6.348258525000000e-01, 5.182039160000000e-02, 3.057965200447103e-01, 0.000000000000000e+00, 0.000000000000000e+00, 4.606129237477071e+04, 1.000000000000000e-10, 1.448435317003335e+09
129, 6.318390014000000e-01, 5.205900390000000e-02, 3.057707738824617e-01, 0.000000000000000e+00, 0.000000000000000e+00, 4.606235393208010e+04, 1.000000000000000e-10, 1.448688501434633e+09
130, 6.288511656000000e-01, 5.228491860000000e-02, 3.059760301054223e-01, 0.000000000000000e+00, 0.000000000000000e+00, 4.609033750703691e+04, 1.000000000000000e-10, 1.447666800831382e+09
131, 6.258622963000000e-01, 5.249674920000000e-02, 3.065473633378394e-01, 0.000000000000000e+00, 0.000000000000000e+00, 4.617541023481717e+04, 1.000000000000000e-10, 1.444925154380039e+09
132, 6.228729552000000e-01, 5.270183440000000e-02, 3.072009625326712e-01, 0.000000000000000e+00, 0.000000000000000e+00, 4.627917898557580e+04, 1.000000000000000e-10, 1.441990868980087e+09
133, 6.198836982000000e-01, 5.290814110000000e-02, 3.078890602227941e-01, 0.000000000000000e+00, 0.000000000000000e+00, 4.639349700626641e+04, 1.000000000000000e-10, 1.439023542064010e+09
134, 6.168946444000000e-01, 5.311737490000000e-02, 3.084634030645971e-01, 0.000000000000000e+00, 0.000000000000000e+00, 4.650157106773498e+04, 1.000000000000000e-10, 1.436924402919243e+09
135, 6.139055905000000e-01, 5.332660870000000e-02, 3.087548479856170e-01, 0.000000000000000e+00, 0.000000000000000e+00, 4.656251516934369e+04, 1.000000000000000e-10, 1.436012166192029e+09
136, 6.109165367000000e-01, 5.353584240000000e-02, 3.088091876447836e-01, 0.000000000000000e+00, 0.000000000000000e+00, 4.658765903684098e+04, 1.000000000000000e-10, 1.436200679993381e+09
137, 6.079276023000000e-01, 5.374677020000000e-02, 3.091123342673130e-01, 0.000000000000000e+00, 0.000000000000000e+00, 4.666296642492928e+04, 1.000000000000000e-10, 1.435517284639167e+09
138, 6.049388740000000e-01, 5.396060430000000e-02, 3.093383860530236e-01, 0.000000000000000e+00, 0.000000000000000e+00, 4.673867335543191e+04, 1.000000000000000e-10, 1.435602928408182e+09
139, 6.019498206000000e-01, 5.416983050000000e-02, 3.095476901054076e-01, 0.000000000000000e+00, 0.000000000000000e+00, 4.680983028796951e+04, 1.000000000000000e-10, 1.435655491182281e+09
140, 5.989599226000000e-01, 5.436657950000000e-02, 3.099883583681026e-01, 0.000000000000000e+00, 0.000000000000000e+00, 4.691967215938089e+04, 1.000000000000000e-10, 1.434720561352181e+09
141, 5.959691164000001e-01, 5.454903410000000e-02, 3.108913123390339e-01, 0.000000000000000e+00, 0.000000000000000e+00, 4.711094417514027e+04, 1.000000000000000e-10, 1.431936450521975e+09
142, 5.929778870000000e-01, 5.472444030000000e-02, 3.119466672069173e-01, 0.000000000000000e+00, 0.000000000000000e+00, 4.733421333780779e+04, 1.000000000000000e-10, 1.428730730060810e+09
143, 5.899867137000000e-01, 5.490079730000000e-02, 3.130962871619791e-01, 0.000000000000000e+00, 0.000000000000000e+00, 4.758364449887687e+04, 1.000000000000000e-10, 1.425378312778878e+09
144, 5.869959152999999e-01, 5.508340180000000e-02, 3.142415316843143e-01, 0.000000000000000e+00, 0.000000000000000e+00, 4.784907660215080e+04, 1.000000000000000e-10, 1.422472517677728e+09
145, 5.840051705000000e-01, 5.526688670000000e-02, 3.154413092014458e-01, 0.000000000000000e+00, 0.000000000000000e+00, 4.812362810900454e+04, 1.000000000000000e-10, 1.419371761176556e+09
146, 5.810139992000000e-01, 5.544325400000000e-02, 3.168893998893123e-01, 0.000000000000000e+00, 0.000000000000000e+00, 4.842249694082083e+04, 1.000000000000000e-10, 1.414802706354820e+09
147, 5.780220176999999e-01, 5.560526350000000e-02, 3.190567888434537e-01, 0.000000000000000e+00, 0.000000000000000e+00, 4.883351562829090e+04, 1.000000000000000e-10, 1.407119141426210e+09
148, 5.750293853000000e-01, 5.575481730000000e-02, 3.213841974867248e-01, 0.000000000000000e+00, 0.000000000000000e+00, 4.928052015371940e+04, 1.000000000000000e-10, 1.399096545891872e+09
149, 5.720365281000001e-01, 5.589982500000000e-02, 3.233226944935426e-01, 0.000000000000000e+00, 0.000000000000000e+00, 4.966936223486524e+04, 1.000000000000000e-10, 1.392847540160135e+09
150, 5.690438169000001e-01, 5.604780920000000e-02, 3.248032622786080e-01, 0.000000000000000e+00, 0.000000000000000e+00, 4.999041318101445e+04, 1.000000000000000e-10, 1.388687043756482e+09
151, 5.660511873000000e-01, 5.619744060000000e-02, 3.262453386341037e-01, 0.000000000000000e+00, 0.000000000000000e+00, 5.031037791255421e+04, 1.000000000000000e-10, 1.384814294909263e+09
152, 5.630585577000000e-01, 5.634707210000000e-02, 3.275984596391007e-01, 0.000000000000000e+00, 0.000000000000000e+00, 5.061550329346974e+04, 1.000000000000000e-10, 1.381306598700269e+09
153, 5.600659280000000e-01, 5.649670360000000e-02, 3.288510782568574e-01, 0.000000000000000e+00, 0.000000000000000e+00, 5.091172682958289e+04, 1.000000000000000e-10, 1.378377317214204e+09
154, 5.570734513000000e-01, 5.664935650000000e-02, 3.300684057787672e-01, 0.000000000000000e+00, 0.000000000000000e+00, 5.121742608084148e+04, 1.000000000000000e-10, 1.375934305006514e+09
155, 5.540810301000000e-01, 5.680309730000000e-02, 3.315847252989478e-01, 0.000000000000000e+00, 0.000000000000000e+00, 5.157997204123866e+04, 1.000000000000000e-10, 1.372462911515674e+09
156, 5.510882624000000e-01, 5.694990830000000e-02, 3.333094314430481e-01, 0.000000000000000e+00, 0.000000000000000e+00, 5.196158475467294e+04, 1.000000000000000e-10, 1.367859116412764e+09
157, 5.480948308000000e-01, 5.708244870000000e-02, 3.360133137793448e-01, 0.000000000000000e+00, 0.000000000000000e+00, 5.250217525897819e+04, 1.000000000000000e-10, 1.359457600221570e+09
158, 5.451008633000000e-01, 5.720233900000000e-02, 3.390778706154279e-01, 0.000000000000000e+00, 0.000000000000000e+00, 5.311932517748819e+04, 1.000000000000000e-10, 1.350111034504282e+09
159, 5.421067085000000e-01, 5.731748330000000e-02, 3.415069748989377e-01, 0.000000000000000e+00, 0.000000000000000e+00, 5.362846067064342e+04, 1.000000000000000e-10, 1.343179954593105e+09
160, 5.391126656000000e-01, 5.743549340000000e-02, 3.433535411082235e-01, 0.000000000000000e+00, 0.000000000000000e+00, 5.404001795045783e+04, 1.000000000000000e-10, 1.338498405809072e+09
161, 5.361186917000000e-01, 5.755525230000000e-02, 3.451938949932943e-01, 0.000000000000000e+00, 0.000000000000000e+00, 5.445443775340194e+04, 1.000000000000000e-10, 1.333913622508672e+09
162, 5.331247178000000e-01, 5.767501130000000e-02, 3.467602380652786e-01, 0.000000000000000e+00, 0.000000000000000e+00, 5.482718116706076e+04, 1.000000000000000e-10, 1.330402115959193e+09
163, 5.301307440000000e-01, 5.779477020000000e-02, 3.486932984674230e-01, 0.000000000000000e+00, 0.000000000000000e+00, 5.527223261877190e+04, 1.000000000000000e-10, 1.325814681438063e+09
164, 5.271368887000000e-01, 5.791744960000000e-02, 3.503652473730593e-01, 0.000000000000000e+00, 0.000000000000000e+00, 5.568062688831867e+04, 1.000000000000000e-10, 1.322324565600314e+09
165, 5.241430848000000e-01, 5.804138270000000e-02, 3.523198475387122e-01, 0.000000000000000e+00, 0.000000000000000e+00, 5.614608282894444e+04, 1.000000000000000e-10, 1.317989542009888e+09
166, 5.211490097000000e-01, 5.815854030000000e-02, 3.543131852312743e-01, 0.000000000000000e+00, 0.000000000000000e+00, 5.659761882396254e+04, 1.000000000000000e-10, 1.313191045164051e+09
167, 5.181544149000000e-01, 5.826150360000000e-02, 3.573629540149334e-01, 0.000000000000000e+00, 0.000000000000000e+00, 5.722929876946234e+04, 1.000000000000000e-10, 1.304741643418611e+09
168, 5.151594046000000e-01, 5.835166060000000e-02, 3.606803687088226e-01, 0.000000000000000e+00, 0.000000000000000e+00, 5.792424880375183e+04, 1.000000000000000e-10, 1.295783516131022e+09
169, 5.121642494000000e-01, 5.843690760000000e-02, 3.632424684529853e-01, 0.000000000000000e+00, 0.000000000000000e+00, 5.847952592162985e+04, 1.000000000000000e-10, 1.289198886151026e+09
170, 5.091691748000000e-01, 5.852492480000000e-02, 3.651414538883019e-01, 0.000000000000000e+00, 0.000000000000000e+00, 5.891576849573816e+04, 1.000000000000000e-10, 1.284901262765697e+09
171, 5.061741541000000e-01, 5.861477540000000e-02, 3.671016911006026e-01, 0.000000000000000e+00, 0.000000000000000e+00, 5.936651691681173e+04, 1.000000000000000e-10, 1.280471723877668e+09
172, 5.031791335000000e-01, 5.870462600000000e-02, 3.687633429330821e-01, 0.000000000000000e+00, 0.000000000000000e+00, 5.976721885968926e+04, 1.000000000000000e-10, 1.277040556396319e+09
173, 5.001841129000000e-01, 5.879447660000000e-02, 3.707742982921517e-01, 0.000000000000000e+00, 0.000000000000000e+00, 6.023906200754535e+04, 1.000000000000000e-10, 1.272630982383822e+09
174, 4.971891791000000e-01, 5.888716460000000e-02, 3.723187624007040e-01, 0.000000000000000e+00, 0.000000000000000e+00, 6.063004738059809e+04, 1.000000000000000e-10, 1.269779708803081e+09
175, 4.941942883000000e-01, 5.898124000000000e-02, 3.740984749376113e-01, 0.000000000000000e+00, 0.000000000000000e+00, 6.106980259274138e+04, 1.000000000000000e-10, 1.266306527957466e+09
176, 4.911991976000000e-01, 5.906866820000000e-02, 3.758184449813380e-01, 0.000000000000000e+00, 0.000000000000000e+00, 6.147369559761488e+04, 1.000000000000000e-10, 1.262643034271777e+09
177, 4.882037299000000e-01, 5.914197000000000e-02, 3.785185057203260e-01, 0.000000000000000e+00, 0.000000000000000e+00, 6.204601058129560e+04, 1.000000000000000e-10, 1.255827519517766e+09
178, 4.852079712000000e-01, 5.920233930000000e-02, 3.813307356318906e-01, 0.000000000000000e+00, 0.000000000000000e+00, 6.264626177227409e+04, 1.000000000000000e-10, 1.248858777597434e+09
179, 4.822121140000000e-01, 5.925766320000000e-02, 3.833449427451983e-01, 0.000000000000000e+00, 0.000000000000000e+00, 6.308608425352865e+04, 1.000000000000000e-10, 1.244040081311671e+09
180, 4.792163079000000e-01, 5.931567380000000e-02, 3.847061106169003e-01, 0.000000000000000e+00, 0.000000000000000e+00, 6.340186676236537e+04, 1.000000000000000e-10, 1.241120480631879e+09
181, 4.762205389000000e-01, 5.937558920000000e-02, 3.860335575977550e-01, 0.000000000000000e+00, 0.000000000000000e+00, 6.371402499180883e+04, 1.000000000000000e-10, 1.238345654599954e+09
182, 4.732247699000000e-01, 5.943550460000000e-02, 3.875360133415634e-01, 0.000000000000000e+00, 0.000000000000000e+00, 6.406408178850104e+04, 1.000000000000000e-10, 1.235193606414046e+09
183, 4.702290009000000e-01, 5.949542000000000e-02, 3.888415424753554e-01, 0.000000000000000e+00, 0.000000000000000e+00, 6.438417970912268e+04, 1.000000000000000e-10, 1.232691451926352e+09
184, 4.672332890000000e-01, 5.955810270000000e-02, 3.897331805729333e-01, 0.000000000000000e+00, 0.000000000000000e+00, 6.463183510869856e+04, 1.000000000000000e-10, 1.231453930663428e+09
185, 4.642376084000000e-01, 5.962228340000000e-02, 3.907989663022168e-01, 0.000000000000000e+00, 0.000000000000000e+00, 6.491334129962040e+04, 1.000000000000000e-10, 1.229729306761305e+09
186, 4.612417964000000e-01, 5.967992670000000e-02, 3.918098753707724e-01, 0.000000000000000e+00, 0.000000000000000e+00, 6.516262034419172e+04, 1.000000000000000e-10, 1.227810635529547e+09
187, 4.582457490000000e-01, 5.972350630000000e-02, 3.935019485803730e-01, 0.000000000000000e+00, 0.000000000000000e+00, 6.552707189413260e+04, 1.000000000000000e-10, 1.223783525061479e+09
188, 4.552495377000000e-01, 5.975405020000000e-02, 3.951730312682297e-01, 0.000000000000000e+00, 0.000000000000000e+00, 6.588444435811324e+04, 1.000000000000000e-10, 1.219805162431067e+09
189, 4.522532772000000e-01, 5.977943380000000e-02, 3.962392437295265e-01, 0.000000000000000e+00, 0.000000000000000e+00, 6.611137414945231e+04, 1.000000000000000e-10, 1.217267117141021e+09
190, 4.492570403000000e-01, 5.980742960000000e-02, 3.968563063838881e-01, 0.000000000000000e+00, 0.000000000000000e+00, 6.624380541793631e+04, 1.000000000000000e-10, 1.215819089168197e+09
191, 4.462608221000000e-01, 5.983739180000000e-02, 3.973939341999718e-01, 0.000000000000000e+00, 0.000000000000000e+00, 6.635679323435733e+04, 1.000000000000000e-10, 1.214546996644782e+09
192, 4.432646038000000e-01, 5.986735400000000e-02, 3.978537826299431e-01, 0.000000000000000e+00, 0.000000000000000e+00, 6.645270520615960e+04, 1.000000000000000e-10, 1.213430204629791e+09
193, 4.402683855000000e-01, 5.989731610000000e-02, 3.982454318009480e-01, 0.000000000000000e+00, 0.000000000000000e+00, 6.654136388430197e+04, 1.000000000000000e-10, 1.212536407549459e+09
194, 4.372721672000000e-01, 5.992727830000000e-02, 3.985429099798194e-01, 0.000000000000000e+00, 0.000000000000000e+00, 6.661323914934113e+04, 1.000000000000000e-10, 1.211963267356776e+09
195, 4.342759490000000e-01, 5.995724050000000e-02, 3.987196313000924e-01, 0.000000000000000e+00, 0.000000000000000e+00, 6.666255199146170e+04, 1.000000000000000e-10, 1.211764554657232e+09
196, 4.312797307000000e-01, 5.998720270000000e-02, 3.987352923974281e-01, 0.000000000000000e+00, 0.000000000000000e+00, 6.668088858499384e+04, 1.000000000000000e-10, 1.211951652338649e+09
197, 4.282835251000000e-01, 6.001838500000000e-02, 3.987429983944837e-01, 0.000000000000000e+00, 0.000000000000000e+00, 6.670266162837094e+04, 1.000000000000000e-10, 1.212214358857831e+09
198, 4.252873570000000e-01, 6.005299780000000e-02, 3.986564225038446e-01, 0.000000000000000e+00, 0.000000000000000e+00, 6.670598112815917e+04, 1.000000000000000e-10, 1.212744651978816e+09
199, 4.222911490000000e-01, 6.008389620000000e-02, 3.985588951553758e-01, 0.000000000000000e+00, 0.000000000000000e+00, 6.670626043232411e+04, 1.000000000000000e-10, 1.213289368913453e+09
200, 4.192948456000000e-01, 6.010304610000000e-02, 3.985505272565749e-01, 0.000000000000000e+00, 0.000000000000000e+00, 6.671964349953707e+04, 1.000000000000000e-10, 1.213564662279837e+09
201, 4.162984826000000e-01, 6.010734210000000e-02, 3.988358678882590e-01, 0.000000000000000e+00, 0.000000000000000e+00, 6.677438787839108e+04, 1.000000000000000e-10, 1.212770613209105e+09
202, 4.133021170000000e-01, 6.010365170000000e-02, 3.990859515656324e-01, 0.000000000000000e+00, 0.000000000000000e+00, 6.681361155815440e+04, 1.000000000000000e-10, 1.211971240375556e+09
203, 4.103057513000000e-01, 6.010004530000000e-02, 3.993248725659494e-01, 0.000000000000000e+00, 0.000000000000000e+00, 6.683593678451393e+04, 1.000000000000000e-10, 1.210983117414883e+09
204, 4.073093833000000e-01, 6.010000000000000e-02, 3.994732909047246e-01, 0.000000000000000e+00, 0.000000000000000e+00, 6.683572166185011e+04, 1.000000000000000e-10, 1.210160589239494e+09
205, 4.043130152000000e-01, 6.010000000000000e-02, 3.995448952993630e-01, 0.000000000000000e+00, 0.000000000000000e+00, 6.682389659106075e+04, 1.000000000000000e-10, 1.209589773563046e+09
206, 4.013166471000000e-01, 6.010000000000000e-02, 3.995428965191579e-01, 0.000000000000000e+00, 0.000000000000000e+00, 6.679578524301523e+04, 1.000000000000000e-10, 1.209182764899037e+09
207, 3.983202790000000e-01, 6.010000000000000e-02, 3.992228067980306e-01, 0.000000000000000e+00, 0.000000000000000e+00, 6.673020124606481e+04, 1.000000000000000e-10, 1.209972448472948e+09
208, 3.953239109000000e-01, 6.010000000000000e-02, 3.986743106109816e-01, 0.000000000000000e+00, 0.000000000000000e+00, 6.662653185261917e+04, 1.000000000000000e-10, 1.211458043445226e+09
209, 3.923275428000000e-01, 6.010000000000000e-02, 3.979779750193049e-01, 0.000000000000000e+00, 0.000000000000000e+00, 6.649080042936688e+04, 1.000000000000000e-10, 1.213287462431739e+09
210, 3.893311748000000e-01, 6.010020870000000e-02, 3.971698564750635e-01, 0.000000000000000e+00, 0.000000000000000e+00, 6.633199801556957e+04, 1.000000000000000e-10, 1.215397890706150e+09
211, 3.863348096000000e-01, 6.010425500000000e-02, 3.963191885891897e-01, 0.000000000000000e+00, 0.000000000000000e+00, 6.616391471121133e+04, 1.000000000000000e-10, 1.217613270873784e+09
212, 3.833384435000000e-01, 6.010740740000000e-02, 3.956043986075264e-01, 0.000000000000000e+00, 0.000000000000000e+00, 6.601418170472558e+04, 1.000000000000000e-10, 1.219351624215132e+09
213, 3.803420834000000e-01, 6.010159540000000e-02, 3.950786147053488e-01, 0.000000000000000e+00, 0.000000000000000e+00, 6.589639556018716e+04, 1.000000000000000e-10, 1.220520699051284e+09
214, 3.773457918000000e-01, 6.008061910000000e-02, 3.947226671504953e-01, 0.000000000000000e+00, 0.000000000000000e+00, 6.580960501236336e+04, 1.000000000000000e-10, 1.221203030439159e+09
215, 3.743495929000000e-01, 6.004884090000000e-02, 3.944978826886270e-01, 0.000000000000000e+00, 0.000000000000000e+00, 6.574028114185463e+04, 1.000000000000000e-10, 1.221411335034986e+09
216, 3.713534236000000e-01, 6.001432620000000e-02, 3.943612191227438e-01, 0.000000000000000e+00, 0.000000000000000e+00, 6.567852659557744e+04, 1.000000000000000e-10, 1.221238627945698e+09
217, 3.683572136000000e-01, 5.998357210000000e-02, 3.941745521777466e-01, 0.000000000000000e+00, 0.000000000000000e+00, 6.560797653731306e+04, 1.000000000000000e-10, 1.221212893323898e+09
218, 3.653609953000000e-01, 5.995361000000000e-02, 3.939764589685234e-01, 0.000000000000000e+00, 0.000000000000000e+00, 6.554067157750495e+04, 1.000000000000000e-10, 1.221322639870457e+09
219, 3.623647770000000e-01, 5.992364780000000e-02, 3.937201914604407e-01, 0.000000000000000e+00, 0.000000000000000e+00, 6.546664694676823e+04, 1.000000000000000e-10, 1.221635686226345e+09
220, 3.593685587000000e-01, 5.989368560000000e-02, 3.934081174134670e-01, 0.000000000000000e+00, 0.000000000000000e+00, 6.538312714061683e+04, 1.000000000000000e-10, 1.222118360030980e+09
221, 3.563723404000000e-01, 5.986372340000000e-02, 3.929881623604465e-01, 0.000000000000000e+00, 0.000000000000000e+00, 6.528028207823851e+04, 1.000000000000000e-10, 1.222914893013171e+09
222, 3.533761221000000e-01, 5.983376120000000e-02, 3.923672860661648e-01, 0.000000000000000e+00, 0.000000000000000e+00, 6.514392951183389e+04, 1.000000000000000e-10, 1.224297570608305e+09
223, 3.503799039000000e-01, 5.980379900000000e-02, 3.915475263426149e-01, 0.000000000000000e+00, 0.000000000000000e+00, 6.497096577539084e+04, 1.000000000000000e-10, 1.226288184747438e+09
224, 3.473836618000000e-01, 5.977636380000000e-02, 3.905142347690634e-01, 0.000000000000000e+00, 0.000000000000000e+00, 6.476501543668908e+04, 1.000000000000000e-10, 1.229010766142313e+09
225, 3.443874030000000e-01, 5.975078450000000e-02, 3.894428016792918e-01, 0.000000000000000e+00, 0.000000000000000e+00, 6.454852163997954e+04, 1.000000000000000e-10, 1.231815226155885e+09
226, 3.413912043000000e-01, 5.971906720000000e-02, 3.886526510640765e-01, 0.000000000000000e+00, 0.000000000000000e+00, 6.437450043880545e+04, 1.000000000000000e-10, 1.233640130987958e+09
227, 3.383951856000000e-01, 5.967355900000000e-02, 3.881045046496788e-01, 0.000000000000000e+00, 0.000000000000000e+00, 6.423905887348813e+04, 1.000000000000000e-10, 1.234612308937585e+09
228, 3.353993970000000e-01, 5.961469410000000e-02, 3.877756248441495e-01, 0.000000000000000e+00, 0.000000000000000e+00, 6.414224265603896e+04, 1.000000000000000e-10, 1.235057398022156e+09
229, 3.324037216000000e-01, 5.955026900000000e-02, 3.876220782048483e-01, 0.000000000000000e+00, 0.000000000000000e+00, 6.407553678266929e+04, 1.000000000000000e-10, 1.234890744824671e+09
230, 3.294079977000000e-01, 5.948816000000000e-02, 3.874959746078971e-01, 0.000000000000000e+00, 0.000000000000000e+00, 6.402300037216371e+04, 1.000000000000000e-10, 1.234788968623486e+09
231, 3.264122288000000e-01, 5.942824460000000e-02, 3.872712811652073e-01, 0.000000000000000e+00, 0.000000000000000e+00, 6.396247344762546e+04, 1.000000000000000e-10, 1.235122481194934e+09
232, 3.234164598000000e-01, 5.936832920000000e-02, 3.871039928696258e-01, 0.000000000000000e+00, 0.000000000000000e+00, 6.391849591666165e+04, 1.000000000000000e-10, 1.235364202382590e+09
233, 3.204206908000000e-01, 5.930841380000000e-02, 3.869503732335260e-01, 0.000000000000000e+00, 0.000000000000000e+00, 6.387079246133192e+04, 1.000000000000000e-10, 1.235498484901606e+09
234, 3.174249218000000e-01, 5.924849840000000e-02, 3.864564014639133e-01, 0.000000000000000e+00, 0.000000000000000e+00, 6.375981889111666e+04, 1.000000000000000e-10, 1.236607065978222e+09
235, 3.144291528000000e-01, 5.918858310000000e-02, 3.858130167232776e-01, 0.000000000000000e+00, 0.000000000000000e+00, 6.360845827222773e+04, 1.000000000000000e-10, 1.237952722701160e+09
236, 3.114333838000000e-01, 5.912866770000000e-02, 3.850676777597522e-01, 0.000000000000000e+00, 0.000000000000000e+00, 6.343804768058205e+04, 1.000000000000000e-10, 1.239583106993929e+09
237, 3.084375946000000e-01, 5.906978170000000e-02, 3.841533918232490e-01, 0.000000000000000e+00, 0.000000000000000e+00, 6.324286822229894e+04, 1.000000000000000e-10, 1.241800159322820e+09
238, 3.054417368000000e-01, 5.901448810000000e-02, 3.833205914200760e-01, 0.000000000000000e+00, 0.000000000000000e+00, 6.306942054036964e+04, 1.000000000000000e-10, 1.243908202037273e+09
239, 3.024459424000000e-01, 5.895589760000000e-02, 3.826824773241890e-01, 0.000000000000000e+00, 0.000000000000000e+00, 6.293969287959309e+04, 1.000000000000000e-10, 1.245605046809335e+09
240, 2.994503937000000e-01, 5.888596610000000e-02, 3.820873783757057e-01, 0.000000000000000e+00, 0.000000000000000e+00, 6.282529917919485e+04, 1.000000000000000e-10, 1.247274487796540e+09
241, 2.964552315000000e-01, 5.880104250000000e-02, 3.814354633513671e-01, 0.000000000000000e+00, 0.000000000000000e+00, 6.269561088269128e+04, 1.000000000000000e-10, 1.249043938825645e+09
242, 2.934603172000000e-01, 5.870772480000000e-02, 3.806637688217879e-01, 0.000000000000000e+00, 0.000000000000000e+00, 6.253573460834190e+04, 1.000000000000000e-10, 1.251030657829668e+09
243, 2.904654134000000e-01, 5.861406570000000e-02, 3.799962312478059e-01, 0.000000000000000e+00, 0.000000000000000e+00, 6.238790399763236e+04, 1.000000000000000e-10, 1.252570865613639e+09
244, 2.874703256000000e-01, 5.852650000000000e-02, 3.793360889913955e-01, 0.000000000000000e+00, 0.000000000000000e+00, 6.223973515966227e+04, 1.000000000000000e-10, 1.254089731596751e+09
245, 2.844751753000000e-01, 5.844108520000000e-02, 3.786341755025324e-01, 0.000000000000000e+00, 0.000000000000000e+00, 6.208809879701467e+04, 1.000000000000000e-10, 1.255810150498518e+09
246, 2.814802001000000e-01, 5.834977820000000e-02, 3.782356881583798e-01, 0.000000000000000e+00, 0.000000000000000e+00, 6.199385790758875e+04, 1.000000000000000e-10, 1.256650073144407e+09
247, 2.784856726000000e-01, 5.824487900000000e-02, 3.780904542083758e-01, 0.000000000000000e+00, 0.000000000000000e+00, 6.194469015231242e+04, 1.000000000000000e-10, 1.256707814576849e+09
248, 2.754916466000000e-01, 5.812646400000000e-02, 3.781614256688732e-01, 0.000000000000000e+00, 0.000000000000000e+00, 6.193251063908696e+04, 1.000000000000000e-10, 1.256094934035653e+09
249, 2.724978541000000e-01, 5.800225460000000e-02, 3.783504378377667e-01, 0.000000000000000e+00, 0.000000000000000e+00, 6.193607432339311e+04, 1.000000000000000e-10, 1.255008941367853e+09
250, 2.695039750000000e-01, 5.788015900000000e-02, 3.784715310795588e-01, 0.000000000000000e+00, 0.000000000000000e+00, 6.192847361999430e+04, 1.000000000000000e-10, 1.254126007050678e+09
251, 2.665100011000000e-01, 5.776040000000000e-02, 3.784990939253080e-01, 0.000000000000000e+00, 0.000000000000000e+00, 6.191041287911100e+04, 1.000000000000000e-10, 1.253657044531682e+09
252, 2.635160273000000e-01, 5.764064110000000e-02, 3.785493021982833e-01, 0.000000000000000e+00, 0.000000000000000e+00, 6.190389810330544e+04, 1.000000000000000e-10, 1.253234378700078e+09
253, 2.605220534000000e-01, 5.752088210000000e-02, 3.784180763759050e-01, 0.000000000000000e+00, 0.000000000000000e+00, 6.186464521712662e+04, 1.000000000000000e-10, 1.253371061989285e+09
254, 2.575280795000000e-01, 5.740112320000000e-02, 3.781350245216336e-01, 0.000000000000000e+00, 0.000000000000000e+00, 6.179312758318951e+04, 1.000000000000000e-10, 1.253885933467960e+09
255, 2.545341057000000e-01, 5.728136420000000e-02, 3.776527270002362e-01, 0.000000000000000e+00, 0.000000000000000e+00, 6.168053044358897e+04, 1.000000000000000e-10, 1.254933213459199e+09
256, 2.515401318000000e-01, 5.716160530000000e-02, 3.767232775462508e-01, 0.000000000000000e+00, 0.000000000000000e+00, 6.148563378423634e+04, 1.000000000000000e-10, 1.257300915730245e+09
257, 2.485461222000000e-01, 5.704274810000000e-02, 3.755848480894891e-01, 0.000000000000000e+00, 0.000000000000000e+00, 6.125690714310826e+04, 1.000000000000000e-10, 1.260358954060769e+09
258, 2.455519687000000e-01, 5.692757100000000e-02, 3.741847297290487e-01, 0.000000000000000e+00, 0.000000000000000e+00, 6.098314196114548e+04, 1.000000000000000e-10, 1.264305767592398e+09
259, 2.425579324000000e-01, 5.680940080000000e-02, 3.727940580989400e-01, 0.000000000000000e+00, 0.000000000000000e+00, 6.071897870087010e+04, 1.000000000000000e-10, 1.268391376443957e+09
260, 2.395643498000000e-01, 5.668030080000000e-02, 3.717177008076255e-01, 0.000000000000000e+00, 0.000000000000000e+00, 6.051260361512578e+04, 1.000000000000000e-10, 1.271524201559086e+09
261, 2.365712773000000e-01, 5.653982940000000e-02, 3.712178753192397e-01, 0.000000000000000e+00, 0.000000000000000e+00, 6.039937115540217e+04, 1.000000000000000e-10, 1.272633742713812e+09
262, 2.335786376000000e-01, 5.639042170000000e-02, 3.712443348845695e-01, 0.000000000000000e+00, 0.000000000000000e+00, 6.037815951184044e+04, 1.000000000000000e-10, 1.272075972669923e+09
263, 2.305864572000000e-01, 5.623208320000000e-02, 3.714607486310714e-01, 0.000000000000000e+00, 0.000000000000000e+00, 6.039791829616399e+04, 1.000000000000000e-10, 1.271144321575794e+09
264, 2.275948873000000e-01, 5.606262990000000e-02, 3.718538806427424e-01, 0.000000000000000e+00, 0.000000000000000e+00, 6.044345498137613e+04, 1.000000000000000e-10, 1.269480860756250e+09
265, 2.246039719000000e-01, 5.588195720000000e-02, 3.721927477155722e-01, 0.000000000000000e+00, 0.000000000000000e+00, 6.047882658799001e+04, 1.000000000000000e-10, 1.267971903005866e+09
266, 2.216132630000000e-01, 5.569788720000000e-02, 3.724177819232970e-01, 0.000000000000000e+00, 0.000000000000000e+00, 6.049345618034356e+04, 1.000000000000000e-10, 1.266825451673167e+09
267, 2.186223396000000e-01, 5.551734040000000e-02, 3.724917614652479e-01, 0.000000000000000e+00, 0.000000000000000e+00, 6.048644788121856e+04, 1.000000000000000e-10, 1.266258988962152e+09
268, 2.156313504000000e-01, 5.533788100000000e-02, 3.720809415231462e-01, 0.000000000000000e+00, 0.000000000000000e+00, 6.039580851578973e+04, 1.000000000000000e-10, 1.267241391376260e+09
269, 2.126403613000000e-01, 5.515842170000000e-02, 3.715110404194482e-01, 0.000000000000000e+00, 0.000000000000000e+00, 6.028366565091421e+04, 1.000000000000000e-10, 1.268822851088679e+09
270, 2.096493686000000e-01, 5.497902140000000e-02, 3.708435919579070e-01, 0.000000000000000e+00, 0.000000000000000e+00, 6.015666636196199e+04, 1.000000000000000e-10, 1.270769302783760e+09
271, 2.066581632000000e-01, 5.480320770000000e-02, 3.700632179220742e-01, 0.000000000000000e+00, 0.000000000000000e+00, 6.000427942860349e+04, 1.000000000000000e-10, 1.272995791623625e+09
272, 2.036669592000000e-01, 5.462737120000000e-02, 3.695900159583830e-01, 0.000000000000000e+00, 0.000000000000000e+00, 5.990893843103939e+04, 1.000000000000000e-10, 1.274286545515493e+09
273, 2.006762392000000e-01, 5.444351370000000e-02, 3.692110126909991e-01, 0.000000000000000e+00, 0.000000000000000e+00, 5.982625628260967e+04, 1.000000000000000e-10, 1.275233563318366e+09
274, 1.976864651000000e-01, 5.424488690000000e-02, 3.688729822716043e-01, 0.000000000000000e+00, 0.000000000000000e+00, 5.974405454976289e+04, 1.000000000000000e-10, 1.275893159987086e+09
275, 1.946974808000000e-01, 5.403467400000000e-02, 3.685044376517626e-01, 0.000000000000000e+00, 0.000000000000000e+00, 5.965091373401384e+04, 1.000000000000000e-10, 1.276587575640240e+09
276, 1.917087537000000e-01, 5.382082320000000e-02, 3.681077226405724e-01, 0.000000000000000e+00, 0.000000000000000e+00, 5.954809607162843e+04, 1.000000000000000e-10, 1.277297827528307e+09
277, 1.887197351000000e-01, 5.361109610000000e-02, 3.675273326336481e-01, 0.000000000000000e+00, 0.000000000000000e+00, 5.941978239415283e+04, 1.000000000000000e-10, 1.278700931167956e+09
278, 1.857303707000000e-01, 5.340634910000000e-02, 3.668489636817653e-01, 0.000000000000000e+00, 0.000000000000000e+00, 5.928536227333362e+04, 1.000000000000000e-10, 1.280622414338326e+09
279, 1.827411789000000e-01, 5.319910420000000e-02, 3.662377036787994e-01, 0.000000000000000e+00, 0.000000000000000e+00, 5.917062398905373e+04, 1.000000000000000e-10, 1.282440648337475e+09
280, 1.797527313000000e-01, 5.298142430000000e-02, 3.658126591130022e-01, 0.000000000000000e+00, 0.000000000000000e+00, 5.909137722384892e+04, 1.000000000000000e-10, 1.283744900798273e+09
281, 1.767651486000000e-01, 5.275215400000000e-02, 3.657064714102986e-01, 0.000000000000000e+00, 0.000000000000000e+00, 5.906445985136147e+04, 1.000000000000000e-10, 1.283951769992131e+09
282, 1.737782598000000e-01, 5.251401450000000e-02, 3.658434769407045e-01, 0.000000000000000e+00, 0.000000000000000e+00, 5.908289540877898e+04, 1.000000000000000e-10, 1.283404448739827e+09
283, 1.707920907000000e-01, 5.226701400000000e-02, 3.661602864628404e-01, 0.000000000000000e+00, 0.000000000000000e+00, 5.913489800605978e+04, 1.000000000000000e-10, 1.282309097203019e+09
284, 1.678068289000000e-01, 5.200929790000000e-02, 3.665105082136351e-01, 0.000000000000000e+00, 0.000000000000000e+00, 5.918987416685275e+04, 1.000000000000000e-10, 1.281044274984804e+09
285, 1.648225830000000e-01, 5.174005310000000e-02, 3.666342493510063e-01, 0.000000000000000e+00, 0.000000000000000e+00, 5.920263684436450e+04, 1.000000000000000e-10, 1.280482420830406e+09
286, 1.618386948000000e-01, 5.146686210000000e-02, 3.666684397949578e-01, 0.000000000000000e+00, 0.000000000000000e+00, 5.919948153659687e+04, 1.000000000000000e-10, 1.280242627218713e+09
287, 1.588544609000000e-01, 5.119748250000000e-02, 3.665803027625085e-01, 0.000000000000000e+00, 0.000000000000000e+00, 5.917732134007184e+04, 1.000000000000000e-10, 1.280408159540381e+09
288, 1.558697631000000e-01, 5.093328530000000e-02, 3.664661064185061e-01, 0.000000000000000e+00, 0.000000000000000e+00, 5.915385781445176e+04, 1.000000000000000e-10, 1.280732098886320e+09
289, 1.528852535000000e-01, 5.066697530000000e-02, 3.663909407758236e-01, 0.000000000000000e+00, 0.000000000000000e+00, 5.913963066866182e+04, 1.000000000000000e-10, 1.280957230041064e+09
290, 1.499016570000000e-01, 5.039064780000000e-02, 3.663326374537312e-01, 0.000000000000000e+00, 0.000000000000000e+00, 5.912371284923773e+04, 1.000000000000000e-10, 1.281026076617405e+09
291, 1.469194872000000e-01, 5.009932340000000e-02, 3.662775845943952e-01, 0.000000000000000e+00, 0.000000000000000e+00, 5.909837161369110e+04, 1.000000000000000e-10, 1.280922837383371e+09
292, 1.439382559000000e-01, 4.979852640000000e-02, 3.661784527875139e-01, 0.000000000000000e+00, 0.000000000000000e+00, 5.906027828805133e+04, 1.000000000000000e-10, 1.280855751518902e+09
293, 1.409571857000000e-01, 4.949613280000000e-02, 3.660386390280675e-01, 0.000000000000000e+00, 0.000000000000000e+00, 5.901284322121630e+04, 1.000000000000000e-10, 1.280858685882588e+09
294, 1.379755682000000e-01, 4.919919110000000e-02, 3.657330354995987e-01, 0.000000000000000e+00, 0.000000000000000e+00, 5.893945381334140e+04, 1.000000000000000e-10, 1.281507777550496e+09
295, 1.349936162000000e-01, 4.890561960000000e-02, 3.651439018006455e-01, 0.000000000000000e+00, 0.000000000000000e+00, 5.882244159895563e+04, 1.000000000000000e-10, 1.283191175502063e+09
296, 1.320121036000000e-01, 4.860762960000000e-02, 3.643488567438933e-01, 0.000000000000000e+00, 0.000000000000000e+00, 5.867253646155350e+04, 1.000000000000000e-10, 1.285605712483099e+09
297, 1.290317925000000e-01, 4.829786950000000e-02, 3.635004113416221e-01, 0.000000000000000e+00, 0.000000000000000e+00, 5.850932847218079e+04, 1.000000000000000e-10, 1.288120886868068e+09
298, 1.260525769000000e-01, 4.797772950000000e-02, 3.628838815160187e-01, 0.000000000000000e+00, 0.000000000000000e+00, 5.837861395245286e+04, 1.000000000000000e-10, 1.289723536737437e+09
299, 1.230743167000000e-01, 4.764882070000000e-02, 3.625099810981030e-01, 0.000000000000000e+00, 0.000000000000000e+00, 5.828455471081908e+04, 1.000000000000000e-10, 1.290447130491196e+09
300, 1.200970366000000e-01, 4.731115450000000e-02, 3.622927147621274e-01, 0.000000000000000e+00, 0.000000000000000e+00, 5.821667728465341e+04, 1.000000000000000e-10, 1.290615140969326e+09
301, 1.171207615000000e-01, 4.696474260000000e-02, 3.621473514092268e-01, 0.000000000000000e+00, 0.000000000000000e+00, 5.816208784797182e+04, 1.000000000000000e-10, 1.290557832335068e+09
302, 1.141455159000000e-01, 4.660959680000000e-02, 3.620184059160882e-01, 0.000000000000000e+00, 0.000000000000000e+00, 5.811111055895105e+04, 1.000000000000000e-10, 1.290450887326467e+09
303, 1.111713243000000e-01, 4.624572950000000e-02, 3.618700160833666e-01, 0.000000000000000e+00, 0.000000000000000e+00, 5.805715526561657e+04, 1.000000000000000e-10, 1.290423777864226e+09
304, 1.081982111000000e-01, 4.587315320000000e-02, 3.616675181429459e-01, 0.000000000000000e+00, 0.000000000000000e+00, 5.799462411943637e+04, 1.000000000000000e-10, 1.290602830504809e+09
305, 1.052262005000000e-01, 4.549188050000000e-02, 3.613713319809221e-01, 0.000000000000000e+00, 0.000000000000000e+00, 5.791943687355849e+04, 1.000000000000000e-10, 1.291147805924917e+09
306, 1.022553168000000e-01, 4.510192450000000e-02, 3.609364831352393e-01, 0.000000000000000e+00, 0.000000000000000e+00, 5.782936195261228e+04, 1.000000000000000e-10, 1.292286272492107e+09
307, 9.928555240000000e-02, 4.470353130000000e-02, 3.603140399042650e-01, 0.000000000000000e+00, 0.000000000000000e+00, 5.772011384437951e+04, 1.000000000000000e-10, 1.294341321050519e+09
308, 9.631645150000000e-02, 4.430022190000000e-02, 3.595362662119574e-01, 0.000000000000000e+00, 0.000000000000000e+00, 5.759726329151856e+04, 1.000000000000000e-10, 1.297173966725277e+09
309, 9.334866629999999e-02, 4.388735710000000e-02, 3.586035632651509e-01, 0.000000000000000e+00, 0.000000000000000e+00, 5.745482770813903e+04, 1.000000000000000e-10, 1.300704287440808e+09
310, 9.038333000000000e-02, 4.345728190000000e-02, 3.576820199048891e-01, 0.000000000000000e+00, 0.000000000000000e+00, 5.730718636745081e+04, 1.000000000000000e-10, 1.304059804917786e+09
311, 8.742106760000000e-02, 4.300650920000000e-02, 3.570208364845375e-01, 0.000000000000000e+00, 0.000000000000000e+00, 5.718459212025371e+04, 1.000000000000000e-10, 1.306140404022588e+09
312, 8.446147179999999e-02, 4.253854550000000e-02, 3.567723176669893e-01, 0.000000000000000e+00, 0.000000000000000e+00, 5.712023663549150e+04, 1.000000000000000e-10, 1.306605118479769e+09
313, 8.150462410000001e-02, 4.205352220000000e-02, 3.567834020264202e-01, 0.000000000000000e+00, 0.000000000000000e+00, 5.709621351876169e+04, 1.000000000000000e-10, 1.306074099228548e+09
314, 7.855061400000000e-02, 4.155150370000000e-02, 3.569003518532930e-01, 0.000000000000000e+00, 0.000000000000000e+00, 5.709073759989257e+04, 1.000000000000000e-10, 1.305181762563156e+09
315, 7.559953120000000e-02, 4.103255620000000e-02, 3.570286086843197e-01, 0.000000000000000e+00, 0.000000000000000e+00, 5.709035987842809e+04, 1.000000000000000e-10, 1.304291952435462e+09
316, 7.265146290000001e-02, 4.049674770000000e-02, 3.571098174782575e-01, 0.000000000000000e+00, 0.000000000000000e+00, 5.709036898114552e+04, 1.000000000000000e-10, 1.303789722705421e+09
317, 6.970648800000000e-02, 3.994418840000000e-02, 3.570668670394738e-01, 0.000000000000000e+00, 0.000000000000000e+00, 5.708074402674151e+04, 1.000000000000000e-10, 1.303894163870136e+09
318, 6.676405530000000e-02, 3.937824060000000e-02, 3.567982776736684e-01, 0.000000000000000e+00, 0.000000000000000e+00, 5.704897625489858e+04, 1.000000000000000e-10, 1.305088125829823e+09
319, 6.382483080000000e-02, 3.879587770000000e-02, 3.562831128546735e-01, 0.000000000000000e+00, 0.000000000000000e+00, 5.699323890928200e+04, 1.000000000000000e-10, 1.307443902436719e+09
320, 6.089039250000000e-02, 3.818988410000000e-02, 3.557276752187072e-01, 0.000000000000000e+00, 0.000000000000000e+00, 5.693364145896845e+04, 1.000000000000000e-10, 1.310046395652674e+09
321, 5.796159620000000e-02, 3.755716460000000e-02, 3.553305391027552e-01, 0.000000000000000e+00, 0.000000000000000e+00, 5.689084362189443e+04, 1.000000000000000e-10, 1.311908503667458e+09
322, 5.503766030000000e-02, 3.690236230000000e-02, 3.550089527300786e-01, 0.000000000000000e+00, 0.000000000000000e+00, 5.686713839761802e+04, 1.000000000000000e-10, 1.313630234788315e+09
323, 5.212020500000000e-02, 3.621928960000000e-02, 3.547364931063067e-01, 0.000000000000000e+00, 0.000000000000000e+00, 5.684539820553928e+04, 1.000000000000000e-10, 1.315065254189262e+09
324, 4.921095930000000e-02, 3.550206810000000e-02, 3.545257733647656e-01, 0.000000000000000e+00, 0.000000000000000e+00, 5.681638913257585e+04, 1.000000000000000e-10, 1.315938451630814e+09
325, 4.630834710000000e-02, 3.475842740000000e-02, 3.542551340505293e-01, 0.000000000000000e+00, 0.000000000000000e+00, 5.677980152157979e+04, 1.000000000000000e-10, 1.317074546748418e+09
326, 4.341443290000000e-02, 3.398167710000000e-02, 3.539610397176386e-01, 0.000000000000000e+00, 0.000000000000000e+00, 5.674894336415620e+04, 1.000000000000000e-10, 1.318450888872777e+09
327, 4.053329480000000e-02, 3.315886600000000e-02, 3.537224770455111e-01, 0.000000000000000e+00, 0.000000000000000e+00, 5.674375788986906e+04, 1.000000000000000e-10, 1.320004832844247e+09
328, 3.766462370000000e-02, 3.229347590000000e-02, 3.535104721733570e-01, 0.000000000000000e+00, 0.000000000000000e+00, 5.677967788720933e+04, 1.000000000000000e-10, 1.322148890762256e+09
329, 3.480664810000000e-02, 3.139349160000000e-02, 3.532827016441925e-01, 0.000000000000000e+00, 0.000000000000000e+00, 5.690492735898195e+04, 1.000000000000000e-10, 1.326132407712595e+09
330, 3.196977470000000e-02, 3.042923390000000e-02, 3.534679198142868e-01, 0.000000000000000e+00, 0.000000000000000e+00, 5.716627883754129e+04, 1.000000000000000e-10, 1.329767831604562e+09
331, 2.916436760000000e-02, 2.937700070000000e-02, 3.547065150097996e-01, 0.000000000000000e+00, 0.000000000000000e+00, 5.758653110838566e+04, 1.000000000000000e-10, 1.329331498078186e+09
332, 2.638083370000000e-02, 2.826801140000000e-02, 3.557676637928797e-01, 0.000000000000000e+00, 0.000000000000000e+00, 5.807458443050533e+04, 1.000000000000000e-10, 1.331358708014822e+09
333, 2.362898530000000e-02, 2.708283520000000e-02, 3.576791786670179e-01, 0.000000000000000e+00, 0.000000000000000e+00, 5.881864746355891e+04, 1.000000000000000e-10, 1.332228114927593e+09
334, 2.092840090000000e-02, 2.578537860000000e-02, 3.600322482171148e-01, 0.000000000000000e+00, 0.000000000000000e+00, 5.958714292208934e+04, 1.000000000000000e-10, 1.330304383763775e+09
335, 1.829564720000000e-02, 2.435529470000000e-02, 3.645802793937308e-01, 0.000000000000000e+00, 0.000000000000000e+00, 6.065393488521480e+04, 1.000000000000000e-10, 1.319498502767441e+09
336, 1.571975790000000e-02, 2.282485310000000e-02, 3.700246726736468e-01, 0.000000000000000e+00, 0.000000000000000e+00, 6.175705945366562e+04, 1.000000000000000e-10, 1.303510138135786e+09
337, 1.319128670000000e-02, 2.121724900000000e-02, 3.820876069276133e-01, 0.000000000000000e+00, 0.000000000000000e+00, 6.433049792199146e+04, 1.000000000000000e-10, 1.271452442722703e+09
338, 1.071855140000000e-02, 1.952532850000000e-02, 3.898104018158263e-01, 0.000000000000000e+00, 0.000000000000000e+00, 6.574017364265077e+04, 1.000000000000000e-10, 1.247957368971163e+09
339, 8.357752600000001e-03, 1.768194770000000e-02, 4.156858902390806e-01, 0.000000000000000e+00, 0.000000000000000e+00, 7.163269430827303e+04, 1.000000000000000e-10, 1.190254826399220e+09
340, 6.234852000000000e-03, 1.557056300000000e-02, 4.219785500179012e-01, 0.000000000000000e+00, 0.000000000000000e+00, 7.244061168733453e+04, 1.000000000000000e-10, 1.167400996102008e+09
341, 4.319046800000000e-03, 1.326691890000000e-02, 4.556118779810446e-01, 0.000000000000000e+00, 0.000000000000000e+00, 7.972881429597222e+04, 1.000000000000000e-10, 1.098227786262708e+09
342, 2.659048500000000e-03, 1.078063400000000e-02, 4.640999034032112e-01, 0.000000000000000e+00, 0.000000000000000e+00, 8.071938212967402e+04, 1.000000000000000e-10, 1.073338905448784e+09
343, 1.585549600000000e-03, 7.986006000000000e-03, 4.975008285549768e-01, 0.000000000000000e+00, 0.000000000000000e+00, 8.800341632432466e+04, 1.000000000000000e-10, 1.015097765087159e+09
344, 7.472436000000000e-04, 5.109934500000000e-03, 5.107616545846468e-01, 0.000000000000000e+00, 0.000000000000000e+00, 8.999105595019546e+04, 1.000000000000000e-10, 9.855685232401676e+08
345, 1.626159000000000e-04, 2.172660000000000e-03, 5.233304525737585e-01, 0.000000000000000e+00, 0.000000000000000e+00, 9.227977161605014e+04, 1.000000000000000e-10, 9.623530279293242e+08
346, 2.551370000000000e-05, -8.154233000000000e-04, 5.316679611818113e-01, 0.000000000000000e+00, 0.000000000000000e+00, 9.422167038647730e+04, 1.000000000000000e-10, 9.500957915744089e+08
347, 4.418631000000000e-04, -3.780176900000000e-03, 5.216447050793788e-01, 0.000000000000000e+00, 0.000000000000000e+00, 9.207021451511605e+04, 1.000000000000000e-10, 9.668504749306576e+08
348, 1.178979700000000e-03, -6.683559600000000e-03, 5.044919978111174e-01, 0.000000000000000e+00, 0.000000000000000e+00, 8.881714467535933e+04, 1.000000000000000e-10, 9.976708047039055e+08
349, 2.119737600000000e-03, -9.527886300000000e-03, 4.918377130467679e-01, 0.000000000000000e+00, 0.000000000000000e+00, 8.662724928884303e+04, 1.000000000000000e-10, 1.023702626511724e+09
350, 3.491510200000000e-03, -1.218239690000000e-02, 4.688841008761557e-01, 0.000000000000000e+00, 0.000000000000000e+00, 8.194688665731692e+04, 1.000000000000000e-10, 1.067374780916881e+09
351, 5.352275100000000e-03, -1.453005090000000e-02, 4.438726007360664e-01, 0.000000000000000e+00, 0.000000000000000e+00, 7.702834425875985e+04, 1.000000000000000e-10, 1.121050881858057e+09
352, 7.355607900000000e-03, -1.675624800000000e-02, 4.204769799916385e-01, 0.000000000000000e+00, 0.000000000000000e+00, 7.257258017190263e+04, 1.000000000000000e-10, 1.178199382283992e+09
353, 9.621932400000000e-03, -1.871350840000000e-02, 4.049618324598302e-01, 0.000000000000000e+00, 0.000000000000000e+00, 6.914034652369120e+04, 1.000000000000000e-10, 1.213199549676198e+09
354, 1.205590760000000e-02, -2.046042230000000e-02, 3.912748128559043e-01, 0.000000000000000e+00, 0.000000000000000e+00, 6.655320579594406e+04, 1.000000000000000e-10, 1.251997970289739e+09
355, 1.455955480000000e-02, -2.210638150000000e-02, 3.792387034316834e-01, 0.000000000000000e+00, 0.000000000000000e+00, 6.424577244924831e+04, 1.000000000000000e-10, 1.287468904209030e+09
356, 1.711312970000000e-02, -2.367378560000000e-02, 3.722170259974522e-01, 0.000000000000000e+00, 0.000000000000000e+00, 6.295777438226939e+04, 1.000000000000000e-10, 1.310078669251788e+09
357, 1.972005420000000e-02, -2.515057360000000e-02, 3.679186411648869e-01, 0.000000000000000e+00, 0.000000000000000e+00, 6.205480065909512e+04, 1.000000000000000e-10, 1.322253862680440e+09
358, 2.239892040000000e-02, -2.649200820000000e-02, 3.638003699952165e-01, 0.000000000000000e+00, 0.000000000000000e+00, 6.090016777999202e+04, 1.000000000000000e-10, 1.329003482569708e+09
359, 2.514218880000000e-02, -2.769671360000000e-02, 3.632638414149263e-01, 0.000000000000000e+00, 0.000000000000000e+00, 6.046210348857353e+04, 1.000000000000000e-10, 1.324984652597100e+09
360, 2.792514050000000e-02, -2.880708720000000e-02, 3.626703277485483e-01, 0.000000000000000e+00, 0.000000000000000e+00, 5.996775559867361e+04, 1.000000000000000e-10, 1.319989426728218e+09
361, 3.072579640000000e-02, -2.987219160000000e-02, 3.625413508462738e-01, 0.000000000000000e+00, 0.000000000000000e+00, 5.977723845004428e+04, 1.000000000000000e-10, 1.317386444142120e+09
362, 3.355101120000000e-02, -3.087007190000000e-02, 3.630777513410476e-01, 0.000000000000000e+00, 0.000000000000000e+00, 5.971002797609274e+04, 1.000000000000000e-10, 1.312636641572050e+09
363, 3.640010390000000e-02, -3.179774150000000e-02, 3.641975061433133e-01, 0.000000000000000e+00, 0.000000000000000e+00, 5.970345493661200e+04, 1.000000000000000e-10, 1.305183885260296e+09
364, 3.926405390000000e-02, -3.267859480000000e-02, 3.651783853657604e-01, 0.000000000000000e+00, 0.000000000000000e+00, 5.972708371257741e+04, 1.000000000000000e-10, 1.299213800214652e+09
365, 4.213857070000000e-02, -3.352425530000000e-02, 3.659999597086034e-01, 0.000000000000000e+00, 0.000000000000000e+00, 5.978223509619851e+04, 1.000000000000000e-10, 1.294911059874370e+09
366, 4.502736230000000e-02, -3.431981760000000e-02, 3.668400414620587e-01, 0.000000000000000e+00, 0.000000000000000e+00, 5.984554484125350e+04, 1.000000000000000e-10, 1.290636470430412e+09
367, 4.792660680000000e-02, -3.507646140000000e-02, 3.676290694741351e-01, 0.000000000000000e+00, 0.000000000000000e+00, 5.993967855007599e+04, 1.000000000000000e-10, 1.287252212624543e+09
368, 5.083275460000000e-02, -3.580616600000000e-02, 3.685528161604737e-01, 0.000000000000000e+00, 0.000000000000000e+00, 6.009518710432847e+04, 1.000000000000000e-10, 1.284155165544050e+09
369, 5.374765330000000e-02, -3.650004220000000e-02, 3.697281774633474e-01, 0.000000000000000e+00, 0.000000000000000e+00, 6.027662908596430e+04, 1.000000000000000e-10, 1.279893575292018e+09
370, 5.666961100000000e-02, -3.716362050000000e-02, 3.709032279957274e-01, 0.000000000000000e+00, 0.000000000000000e+00, 6.045068360682014e+04, 1.000000000000000e-10, 1.275525266812001e+09
371, 5.959522020000000e-02, -3.781094180000000e-02, 3.717087771476369e-01, 0.000000000000000e+00, 0.000000000000000e+00, 6.058070913963547e+04, 1.000000000000000e-10, 1.272726507025120e+09
372, 6.252243709999999e-02, -3.845095230000000e-02, 3.722565965238706e-01, 0.000000000000000e+00, 0.000000000000000e+00, 6.069745272728034e+04, 1.000000000000000e-10, 1.271341395154130e+09
373, 6.545274740000000e-02, -3.907663200000000e-02, 3.723850110646252e-01, 0.000000000000000e+00, 0.000000000000000e+00, 6.077407731644927e+04, 1.000000000000000e-10, 1.271866728215484e+09
374, 6.838760620000001e-02, -3.968059320000000e-02, 3.723814982660022e-01, 0.000000000000000e+00, 0.000000000000000e+00, 6.082824814459362e+04, 1.000000000000000e-10, 1.272819132076199e+09
375, 7.132826930000000e-02, -4.025560110000000e-02, 3.724813369380284e-01, 0.000000000000000e+00, 0.000000000000000e+00, 6.087519803732329e+04, 1.000000000000000e-10, 1.273003604921410e+09
376, 7.427458960000000e-02, -4.080090600000000e-02, 3.728392423710147e-01, 0.000000000000000e+00, 0.000000000000000e+00, 6.094039323188379e+04, 1.000000000000000e-10, 1.271899812073153e+09
377, 7.722505590000001e-02, -4.132334090000000e-02, 3.735287463293867e-01, 0.000000000000000e+00, 0.000000000000000e+00, 6.106674041841872e+04, 1.000000000000000e-10, 1.269786530865585e+09
378, 8.017823220000000e-02, -4.183025210000000e-02, 3.746771103130847e-01, 0.000000000000000e+00, 0.000000000000000e+00, 6.128644324681204e+04, 1.000000000000000e-10, 1.266457020500086e+09
379, 8.313435769999999e-02, -4.231964410000000e-02, 3.761878978285875e-01, 0.000000000000000e+00, 0.000000000000000e+00, 6.155861633170920e+04, 1.000000000000000e-10, 1.261803942096370e+09
380, 8.609333900000000e-02, -4.279148640000000e-02, 3.777213067299773e-01, 0.000000000000000e+00, 0.000000000000000e+00, 6.183104612948019e+04, 1.000000000000000e-10, 1.257042720077424e+09
381, 8.905390220000001e-02, -4.325331250000000e-02, 3.790113304130504e-01, 0.000000000000000e+00, 0.000000000000000e+00, 6.207200896604786e+04, 1.000000000000000e-10, 1.253239141756275e+09
382, 9.201521220000000e-02, -4.371032730000000e-02, 3.801222894020991e-01, 0.000000000000000e+00, 0.000000000000000e+00, 6.230196439220916e+04, 1.000000000000000e-10, 1.250372269567759e+09
383, 9.497777180000000e-02, -4.415916550000000e-02, 3.808927548035801e-01, 0.000000000000000e+00, 0.000000000000000e+00, 6.248622521911711e+04, 1.000000000000000e-10, 1.248804078817091e+09
384, 9.794161960000000e-02, -4.459941640000000e-02, 3.814078407464407e-01, 0.000000000000000e+00, 0.000000000000000e+00, 6.261921369769343e+04, 1.000000000000000e-10, 1.247915392002510e+09
385, 1.009067324000000e-01, -4.503106510000000e-02, 3.817577772897863e-01, 0.000000000000000e+00, 0.000000000000000e+00, 6.271272102240268e+04, 1.000000000000000e-10, 1.247361663066679e+09
386, 1.038730870000000e-01, -4.545409720000000e-02, 3.819922696499793e-01, 0.000000000000000e+00, 0.000000000000000e+00, 6.278109016835783e+04, 1.000000000000000e-10, 1.247067713365458e+09
387, 1.068406597000000e-01, -4.586849830000000e-02, 3.821700177758588e-01, 0.000000000000000e+00, 0.000000000000000e+00, 6.283783380921462e+04, 1.000000000000000e-10, 1.246938538595364e+09
388, 1.098094267000000e-01, -4.627425440000000e-02, 3.823366041905257e-01, 0.000000000000000e+00, 0.000000000000000e+00, 6.289210238082496e+04, 1.000000000000000e-10, 1.246838351499583e+09
389, 1.127793642000000e-01, -4.667135170000000e-02, 3.825227580421119e-01, 0.000000000000000e+00, 0.000000000000000e+00, 6.294925581385622e+04, 1.000000000000000e-10, 1.246665109393586e+09
390, 1.157504483000000e-01, -4.705977670000000e-02, 3.827480921833009e-01, 0.000000000000000e+00, 0.000000000000000e+00, 6.301239642280588e+04, 1.000000000000000e-10, 1.246380181579587e+09
391, 1.187226550000000e-01, -4.743951610000000e-02, 3.830215230725334e-01, 0.000000000000000e+00, 0.000000000000000e+00, 6.308284454549065e+04, 1.000000000000000e-10, 1.245904757124483e+09
392, 1.216959602000000e-01, -4.781055690000000e-02, 3.833420498240223e-01, 0.000000000000000e+00, 0.000000000000000e+00, 6.316028329103256e+04, 1.000000000000000e-10, 1.245262416291487e+09
393, 1.246703396000000e-01, -4.817288640000000e-02, 3.837042419994570e-01, 0.000000000000000e+00, 0.000000000000000e+00, 6.324365608353248e+04, 1.000000000000000e-10, 1.244478452558096e+09
394, 1.276457687000000e-01, -4.852649220000000e-02, 3.841068437454736e-01, 0.000000000000000e+00, 0.000000000000000e+00, 6.333256921637760e+04, 1.000000000000000e-10, 1.243539247040374e+09
395, 1.306222230000000e-01, -4.887136210000000e-02, 3.845577637612979e-01, 0.000000000000000e+00, 0.000000000000000e+00, 6.342822095256044e+04, 1.000000000000000e-10, 1.242421084727960e+09
396, 1.335996778000000e-01, -4.920748410000000e-02, 3.850664340858923e-01, 0.000000000000000e+00, 0.000000000000000e+00, 6.353224580980767e+04, 1.000000000000000e-10, 1.241080827322867e+09
397, 1.365781084000000e-01, -4.953484670000000e-02, 3.856239761040735e-01, 0.000000000000000e+00, 0.000000000000000e+00, 6.364332241128241e+04, 1.000000000000000e-10, 1.239592940478097e+09
398, 1.395574899000000e-01, -4.985343850000000e-02, 3.861995771416023e-01, 0.000000000000000e+00, 0.000000000000000e+00, 6.375648560265639e+04, 1.000000000000000e-10, 1.238036191858661e+09
399, 1.425377974000000e-01, -5.016324850000000e-02, 3.867828164807062e-01, 0.000000000000000e+00, 0.000000000000000e+00, 6.387106131650397e+04, 1.000000000000000e-10, 1.236497688149955e+09
400, 1.455190058000000e-01, -5.046426590000000e-02, 3.874046914171753e-01, 0.000000000000000e+00, 0.000000000000000e+00, 6.399732474745874e+04, 1.000000000000000e-10, 1.234887685598448e+09
401, 1.485010900000000e-01, -5.075648020000000e-02, 3.881687731885764e-01, 0.000000000000000e+00, 0.000000000000000e+00, 6.416523638356812e+04, 1.000000000000000e-10, 1.233121128527458e+09
402, 1.514841115000000e-01, -5.103895140000000e-02, 3.892206158909657e-01, 0.000000000000000e+00, 0.000000000000000e+00, 6.438670401899235e+04, 1.000000000000000e-10, 1.230538211862238e+09
403, 1.544682859000000e-01, -5.130898220000000e-02, 3.902794356053361e-01, 0.000000000000000e+00, 0.000000000000000e+00, 6.461378621260334e+04, 1.000000000000000e-10, 1.228026065482626e+09
404, 1.574529831000000e-01, -5.157318600000000e-02, 3.912297567638050e-01, 0.000000000000000e+00, 0.000000000000000e+00, 6.482690486599039e+04, 1.000000000000000e-10, 1.225911992838887e+09
405, 1.604374954000000e-01, -5.183946610000000e-02, 3.918649199839916e-01, 0.000000000000000e+00, 0.000000000000000e+00, 6.498722996885085e+04, 1.000000000000000e-10, 1.224727639516931e+09
406, 1.634214633000000e-01, -5.211178220000000e-02, 3.922984905896574e-01, 0.000000000000000e+00, 0.000000000000000e+00, 6.510695559509459e+04, 1.000000000000000e-10, 1.224114280649253e+09
407, 1.664054524000000e-01, -5.238386490000000e-02, 3.927079192388144e-01, 0.000000000000000e+00, 0.000000000000000e+00, 6.521718305034613e+04, 1.000000000000000e-10, 1.223484289295443e+09
408, 1.693901711000000e-01, -5.264780400000000e-02, 3.929044448973332e-01, 0.000000000000000e+00, 0.000000000000000e+00, 6.528662447152933e+04, 1.000000000000000e-10, 1.223465688361440e+09
409, 1.723759785000000e-01, -5.289913550000000e-02, 3.930377909137650e-01, 0.000000000000000e+00, 0.000000000000000e+00, 6.534388483895663e+04, 1.000000000000000e-10, 1.223599860572847e+09
410, 1.753625325000000e-01, -5.314143690000000e-02, 3.933199674650497e-01, 0.000000000000000e+00, 0.000000000000000e+00, 6.542490869262044e+04, 1.000000000000000e-10, 1.223246734936159e+09
411, 1.783497926000000e-01, -5.337487290000000e-02, 3.937994806081420e-01, 0.000000000000000e+00, 0.000000000000000e+00, 6.555526755981024e+04, 1.000000000000000e-10, 1.222534588500355e+09
412, 1.813377897000000e-01, -5.359866430000000e-02, 3.947402077754651e-01, 0.000000000000000e+00, 0.000000000000000e+00, 6.576924159484317e+04, 1.000000000000000e-10, 1.220496721033283e+09
413, 1.843267059000000e-01, -5.380983240000000e-02, 3.959302090117128e-01, 0.000000000000000e+00, 0.000000000000000e+00, 6.603496376071250e+04, 1.000000000000000e-10, 1.217836382242458e+09
414, 1.873160581000000e-01, -5.401475910000000e-02, 3.971048020802814e-01, 0.000000000000000e+00, 0.000000000000000e+00, 6.629944761756611e+04, 1.000000000000000e-10, 1.215267481736604e+09
415, 1.903052907000000e-01, -5.422141550000000e-02, 3.979907596143856e-01, 0.000000000000000e+00, 0.000000000000000e+00, 6.650780147862600e+04, 1.000000000000000e-10, 1.213441142679123e+09
416, 1.932940919000000e-01, -5.443422470000000e-02, 3.986502218198174e-01, 0.000000000000000e+00, 0.000000000000000e+00, 6.665907806405448e+04, 1.000000000000000e-10, 1.212061805894443e+09
417, 1.962828856000000e-01, -5.464713860000000e-02, 3.993053298353142e-01, 0.000000000000000e+00, 0.000000000000000e+00, 6.679438999677991e+04, 1.000000000000000e-10, 1.210485247874291e+09
418, 1.992722277000000e-01, -5.485218440000000e-02, 3.997438616668382e-01, 0.000000000000000e+00, 0.000000000000000e+00, 6.688330154928245e+04, 1.000000000000000e-10, 1.209388345733208e+09
419, 2.022625407000000e-01, -5.504252520000000e-02, 4.001968695248915e-01, 0.000000000000000e+00, 0.000000000000000e+00, 6.697385083399290e+04, 1.000000000000000e-10, 1.208230629444542e+09
420, 2.052535799000000e-01, -5.522113260000000e-02, 4.007530434988402e-01, 0.000000000000000e+00, 0.000000000000000e+00, 6.709480513931530e+04, 1.000000000000000e-10, 1.206958489854822e+09
421, 2.082448433000000e-01, -5.539596050000000e-02, 4.014717311222012e-01, 0.000000000000000e+00, 0.000000000000000e+00, 6.725003187862592e+04, 1.000000000000000e-10, 1.205275212806293e+09
422, 2.112359078000000e-01, -5.557415450000000e-02, 4.021417663272418e-01, 0.000000000000000e+00, 0.000000000000000e+00, 6.740165967704015e+04, 1.000000000000000e-10, 1.203877221707775e+09
423, 2.142268969000000e-01, -5.575361380000000e-02, 4.025114549332310e-01, 0.000000000000000e+00, 0.000000000000000e+00, 6.749618388303036e+04, 1.000000000000000e-10, 1.203264398407693e+09
424, 2.172178860000000e-01, -5.593307320000000e-02, 4.032554625084573e-01, 0.000000000000000e+00, 0.000000000000000e+00, 6.767958010509190e+04, 1.000000000000000e-10, 1.201914477177563e+09
425, 2.202088738000000e-01, -5.611255380000000e-02, 4.035100429713406e-01, 0.000000000000000e+00, 0.000000000000000e+00, 6.776964546964230e+04, 1.000000000000000e-10, 1.201845122473230e+09
426, 2.231996539000000e-01, -5.629546030000000e-02, 4.032634809540567e-01, 0.000000000000000e+00, 0.000000000000000e+00, 6.775918938720899e+04, 1.000000000000000e-10, 1.203032949067397e+09
427, 2.261904122000000e-01, -5.647872410000000e-02, 4.033627963300193e-01, 0.000000000000000e+00, 0.000000000000000e+00, 6.781017600640570e+04, 1.000000000000000e-10, 1.203236048619946e+09
428, 2.291816271000000e-01, -5.665434720000000e-02, 4.033088819796194e-01, 0.000000000000000e+00, 0.000000000000000e+00, 6.781968757119754e+04, 1.000000000000000e-10, 1.203640913951918e+09
429, 2.321736636000000e-01, -5.681534020000000e-02, 4.034861554901605e-01, 0.000000000000000e+00, 0.000000000000000e+00, 6.786964322114072e+04, 1.000000000000000e-10, 1.203441570845071e+09
430, 2.351663232000000e-01, -5.696435160000000e-02, 4.038765449032456e-01, 0.000000000000000e+00, 0.000000000000000e+00, 6.796887574194833e+04, 1.000000000000000e-10, 1.202765483231535e+09
431, 2.381591812000000e-01, -5.710934150000000e-02, 4.043165367176533e-01, 0.000000000000000e+00, 0.000000000000000e+00, 6.807793191956362e+04, 1.000000000000000e-10, 1.201931289958848e+09
432, 2.411518497000000e-01, -5.725817950000000e-02, 4.048783417001005e-01, 0.000000000000000e+00, 0.000000000000000e+00, 6.820168937481014e+04, 1.000000000000000e-10, 1.200684465598721e+09
433, 2.441442544000000e-01, -5.741224130000000e-02, 4.052957132726097e-01, 0.000000000000000e+00, 0.000000000000000e+00, 6.828139454482406e+04, 1.000000000000000e-10, 1.199583387957627e+09
434, 2.471367698000000e-01, -5.756413020000000e-02, 4.054807484183315e-01, 0.000000000000000e+00, 0.000000000000000e+00, 6.830911754557525e+04, 1.000000000000000e-10, 1.198977594756196e+09
435, 2.501297829000000e-01, -5.770582350000000e-02, 4.055602154959063e-01, 0.000000000000000e+00, 0.000000000000000e+00, 6.832087197767315e+04, 1.000000000000000e-10, 1.198719172518007e+09
436, 2.531234770000000e-01, -5.783232400000000e-02, 4.057914568504867e-01, 0.000000000000000e+00, 0.000000000000000e+00, 6.837319566872068e+04, 1.000000000000000e-10, 1.198247837446536e+09
437, 2.561175599000000e-01, -5.794931300000000e-02, 4.060213062429884e-01, 0.000000000000000e+00, 0.000000000000000e+00, 6.844445435990668e+04, 1.000000000000000e-10, 1.198036313727235e+09
438, 2.591117003000000e-01, -5.806482750000000e-02, 4.061234062025202e-01, 0.000000000000000e+00, 0.000000000000000e+00, 6.848219882494574e+04, 1.000000000000000e-10, 1.198014771080606e+09
439, 2.621056177000000e-01, -5.818597470000000e-02, 4.060643132245512e-01, 0.000000000000000e+00, 0.000000000000000e+00, 6.847487771232091e+04, 1.000000000000000e-10, 1.198227027683742e+09
440, 2.650994034000000e-01, -5.831034790000000e-02, 4.060519060924681e-01, 0.000000000000000e+00, 0.000000000000000e+00, 6.846396615624838e+04, 1.000000000000000e-10, 1.198160556207256e+09
441, 2.680933813000000e-01, -5.842997970000000e-02, 4.058193433888193e-01, 0.000000000000000e+00, 0.000000000000000e+00, 6.839948064415215e+04, 1.000000000000000e-10, 1.198484197109745e+09
442, 2.710878355000000e-01, -5.853695520000000e-02, 4.053681757354738e-01, 0.000000000000000e+00, 0.000000000000000e+00, 6.829853548022163e+04, 1.000000000000000e-10, 1.199443308898829e+09
443, 2.740827683000000e-01, -5.862963070000000e-02, 4.051198280770651e-01, 0.000000000000000e+00, 0.000000000000000e+00, 6.824836211365061e+04, 1.000000000000000e-10, 1.200061868563944e+09
444, 2.770779096000000e-01, -5.871535910000000e-02, 4.045749777195036e-01, 0.000000000000000e+00, 0.000000000000000e+00, 6.814888364126164e+04, 1.000000000000000e-10, 1.201566849834137e+09
445, 2.800730188000000e-01, -5.880219320000000e-02, 4.043834840583667e-01, 0.000000000000000e+00, 0.000000000000000e+00, 6.810814717110436e+04, 1.000000000000000e-10, 1.201976233659441e+09
446, 2.830679396000000e-01, -5.889530050000000e-02, 4.036981699428696e-01, 0.000000000000000e+00, 0.000000000000000e+00, 6.794085516123274e+04, 1.000000000000000e-10, 1.203271465064844e+09
447, 2.860628383000000e-01, -5.898912130000000e-02, 4.030780804811200e-01, 0.000000000000000e+00, 0.000000000000000e+00, 6.776690922936234e+04, 1.000000000000000e-10, 1.204143004970433e+09
448, 2.890579563000000e-01, -5.907560330000000e-02, 4.018051126043483e-01, 0.000000000000000e+00, 0.000000000000000e+00, 6.745337994628616e+04, 1.000000000000000e-10, 1.206504709728528e+09
449, 2.920534568000000e-01, -5.914755270000000e-02, 4.008868449628396e-01, 0.000000000000000e+00, 0.000000000000000e+00, 6.720984838788684e+04, 1.000000000000000e-10, 1.207922131833415e+09
450, 2.950492307000000e-01, -5.920717250000000e-02, 4.001997687541544e-01, 0.000000000000000e+00, 0.000000000000000e+00, 6.701548989614277e+04, 1.000000000000000e-10, 1.208827275360801e+09
451, 2.980450890000000e-01, -5.926243910000000e-02, 3.992358025323466e-01, 0.000000000000000e+00, 0.000000000000000e+00, 6.675747993973276e+04, 1.000000000000000e-10, 1.210307936088621e+09
452, 3.010408880000000e-01, -5.932081780000000e-02, 3.976991729955912e-01, 0.000000000000000e+00, 0.000000000000000e+00, 6.639618624003556e+04, 1.000000000000000e-10, 1.213429266261080e+09
453, 3.040366569000000e-01, -5.938073310000000e-02, 3.961523073363155e-01, 0.000000000000000e+00, 0.000000000000000e+00, 6.603797036658732e+04, 1.000000000000000e-10, 1.216653691707544e+09
454, 3.070324259000000e-01, -5.944064850000000e-02, 3.946675342927261e-01, 0.000000000000000e+00, 0.000000000000000e+00, 6.569505467651281e+04, 1.000000000000000e-10, 1.219785103926590e+09
455, 3.100281949000000e-01, -5.950056430000000e-02, 3.931885598160780e-01, 0.000000000000000e+00, 0.000000000000000e+00, 6.534907766536978e+04, 1.000000000000000e-10, 1.222837359562694e+09
456, 3.130238981000000e-01, -5.956366740000000e-02, 3.908329823763270e-01, 0.000000000000000e+00, 0.000000000000000e+00, 6.482356681455793e+04, 1.000000000000000e-10, 1.228118307830036e+09
457, 3.160195838000000e-01, -5.962760330000000e-02, 3.882990849498276e-01, 0.000000000000000e+00, 0.000000000000000e+00, 6.425963328040537e+04, 1.000000000000000e-10, 1.233830746973069e+09
458, 3.190154135000000e-01, -5.968430950000000e-02, 3.850806518426003e-01, 0.000000000000000e+00, 0.000000000000000e+00, 6.355245022284081e+04, 1.000000000000000e-10, 1.241360092976582e+09
459, 3.220114804000000e-01, -5.972653310000000e-02, 3.826989522330603e-01, 0.000000000000000e+00, 0.000000000000000e+00, 6.300014965242206e+04, 1.000000000000000e-10, 1.246512927783700e+09
460, 3.250076994000000e-01, -5.975631740000000e-02, 3.807950768287870e-01, 0.000000000000000e+00, 0.000000000000000e+00, 6.253583051364747e+04, 1.000000000000000e-10, 1.250256208869806e+09
461, 3.280039605000000e-01, -5.978163410000000e-02, 3.785052760197503e-01, 0.000000000000000e+00, 0.000000000000000e+00, 6.198260467619252e+04, 1.000000000000000e-10, 1.254813988802129e+09
462, 3.310001939000000e-01, -5.981000190000000e-02, 3.755153039859543e-01, 0.000000000000000e+00, 0.000000000000000e+00, 6.130886480700499e+04, 1.000000000000000e-10, 1.261674942990754e+09
463, 3.339964122000000e-01, -5.983996410000000e-02, 3.726589127645248e-01, 0.000000000000000e+00, 0.000000000000000e+00, 6.066098105131119e+04, 1.000000000000000e-10, 1.268189300726711e+09
464, 3.369926304000000e-01, -5.986992630000000e-02, 3.699326703717286e-01, 0.000000000000000e+00, 0.000000000000000e+00, 6.003809799221312e+04, 1.000000000000000e-10, 1.274419903644127e+09
465, 3.399888487000000e-01, -5.989988850000000e-02, 3.673525326377602e-01, 0.000000000000000e+00, 0.000000000000000e+00, 5.944892063440837e+04, 1.000000000000000e-10, 1.280331126290908e+09
466, 3.429850337000000e-01, -5.993297570000000e-02, 3.639062046767211e-01, 0.000000000000000e+00, 0.000000000000000e+00, 5.869540908624006e+04, 1.000000000000000e-10, 1.288925827867480e+09
467, 3.459812085000000e-01, -5.996700070000000e-02, 3.602727629150169e-01, 0.000000000000000e+00, 0.000000000000000e+00, 5.791036059335391e+04, 1.000000000000000e-10, 1.298224259119007e+09
468, 3.489774541000000e-01, -5.999389510000000e-02, 3.558177668825159e-01, 0.000000000000000e+00, 0.000000000000000e+00, 5.696802558366132e+04, 1.000000000000000e-10, 1.310133955748423e+09
469, 3.519737926000000e-01, -6.000635760000000e-02, 3.522040110587388e-01, 0.000000000000000e+00, 0.000000000000000e+00, 5.617803044058064e+04, 1.000000000000000e-10, 1.319426729255728e+09
470, 3.549701596000000e-01, -6.000628710000000e-02, 3.490791968282497e-01, 0.000000000000000e+00, 0.000000000000000e+00, 5.547082537437607e+04, 1.000000000000000e-10, 1.327081793994151e+09
471, 3.579665241000000e-01, -6.000164710000000e-02, 3.455622574416394e-01, 0.000000000000000e+00, 0.000000000000000e+00, 5.467390336972380e+04, 1.000000000000000e-10, 1.335745701662349e+09
472, 3.609628912000000e-01, -6.000041890000000e-02, 3.425175504559270e-01, 0.000000000000000e+00, 0.000000000000000e+00, 5.396212176620094e+04, 1.000000000000000e-10, 1.342845679484525e+09
473, 3.639592561000000e-01, -6.000473460000000e-02, 3.391443679644819e-01, 0.000000000000000e+00, 0.000000000000000e+00, 5.321073733419854e+04, 1.000000000000000e-10, 1.351538038460591e+09
474, 3.669556225000000e-01, -6.000736450000000e-02, 3.351979948652256e-01, 0.000000000000000e+00, 0.000000000000000e+00, 5.236613221330009e+04, 1.000000000000000e-10, 1.362546376656638e+09
475, 3.699519795000000e-01, -6.000023780000000e-02, 3.315534410401672e-01, 0.000000000000000e+00, 0.000000000000000e+00, 5.159519125047635e+04, 1.000000000000000e-10, 1.373035963314750e+09
476, 3.729482611000000e-01, -5.997784780000000e-02, 3.287515708212738e-01, 0.000000000000000e+00, 0.000000000000000e+00, 5.098405400856713e+04, 1.000000000000000e-10, 1.380761886994421e+09
477, 3.759444535000000e-01, -5.994544400000000e-02, 3.262192980107106e-01, 0.000000000000000e+00, 0.000000000000000e+00, 5.041065227942219e+04, 1.000000000000000e-10, 1.387310821143794e+09
478, 3.789406246000000e-01, -5.991109540000000e-02, 3.232064662216741e-01, 0.000000000000000e+00, 0.000000000000000e+00, 4.974166184006705e+04, 1.000000000000000e-10, 1.395417235653550e+09
479, 3.819368521000000e-01, -5.988214390000000e-02, 3.198663183138216e-01, 0.000000000000000e+00, 0.000000000000000e+00, 4.903143307381967e+04, 1.000000000000000e-10, 1.405306269698721e+09
480, 3.849331132000000e-01, -5.985683420000000e-02, 3.169287945941034e-01, 0.000000000000000e+00, 0.000000000000000e+00, 4.840851856745422e+04, 1.000000000000000e-10, 1.414144605141523e+09
481, 3.879293339000000e-01, -5.982721620000000e-02, 3.137671837149963e-01, 0.000000000000000e+00, 0.000000000000000e+00, 4.776173490609213e+04, 1.000000000000000e-10, 1.424280784984151e+09
482, 3.909254052000000e-01, -5.978530220000000e-02, 3.111173195952963e-01, 0.000000000000000e+00, 0.000000000000000e+00, 4.722056290365777e+04, 1.000000000000000e-10, 1.432852902705134e+09
483, 3.939212391000000e-01, -5.972882000000000e-02, 3.093035071046958e-01, 0.000000000000000e+00, 0.000000000000000e+00, 4.681982293643038e+04, 1.000000000000000e-10, 1.438035130316295e+09
484, 3.969169262000000e-01, -5.966494890000000e-02, 3.074940364175053e-01, 0.000000000000000e+00, 0.000000000000000e+00, 4.640628491849518e+04, 1.000000000000000e-10, 1.442834407645551e+09
485, 3.999126274000000e-01, -5.960175120000000e-02, 3.058450729863030e-01, 0.000000000000000e+00, 0.000000000000000e+00, 4.602748962955114e+04, 1.000000000000000e-10, 1.447088336619134e+09
486, 4.029083963000000e-01, -5.954183210000000e-02, 3.039134555360339e-01, 0.000000000000000e+00, 0.000000000000000e+00, 4.561028102288242e+04, 1.000000000000000e-10, 1.452911688331429e+09
487, 4.059041653000000e-01, -5.948191670000000e-02, 3.019166479534165e-01, 0.000000000000000e+00, 0.000000000000000e+00, 4.518642507927773e+04, 1.000000000000000e-10, 1.459143888232381e+09
488, 4.088999342000000e-01, -5.942200130000000e-02, 2.998735856966855e-01, 0.000000000000000e+00, 0.000000000000000e+00, 4.475372657139476e+04, 1.000000000000000e-10, 1.465567705627391e+09
489, 4.118957316000000e-01, -5.936354160000000e-02, 2.979063271630003e-01, 0.000000000000000e+00, 0.000000000000000e+00, 4.434677572288696e+04, 1.000000000000000e-10, 1.472045077644603e+09
490, 4.148915900000000e-01, -5.930827980000000e-02, 2.957131624831971e-01, 0.000000000000000e+00, 0.000000000000000e+00, 4.392478901592331e+04, 1.000000000000000e-10, 1.480234914004709e+09
491, 4.178873672000000e-01, -5.924882410000000e-02, 2.934040766917619e-01, 0.000000000000000e+00, 0.000000000000000e+00, 4.349949873507355e+04, 1.000000000000000e-10, 1.489497787828783e+09
492, 4.208828751000000e-01, -5.917718310000000e-02, 2.914453251799642e-01, 0.000000000000000e+00, 0.000000000000000e+00, 4.314060529471587e+04, 1.000000000000000e-10, 1.497527386067801e+09
493, 4.238779996000000e-01, -5.909092720000000e-02, 2.899579430958915e-01, 0.000000000000000e+00, 0.000000000000000e+00, 4.284933566325193e+04, 1.000000000000000e-10, 1.503079252777121e+09
494, 4.268729004000000e-01, -5.899717340000000e-02, 2.885702336419845e-01, 0.000000000000000e+00, 0.000000000000000e+00, 4.255859475416466e+04, 1.000000000000000e-10, 1.507730225520610e+09
495, 4.298678186000000e-01, -5.890397410000000e-02, 2.871782392809823e-01, 0.000000000000000e+00, 0.000000000000000e+00, 4.226653905524218e+04, 1.000000000000000e-10, 1.512400830298610e+09
496, 4.328629246000000e-01, -5.881703720000000e-02, 2.857068315982493e-01, 0.000000000000000e+00, 0.000000000000000e+00, 4.197395782131556e+04, 1.000000000000000e-10, 1.517853008030464e+09
497, 4.358580675000000e-01, -5.873136490000000e-02, 2.843225088118869e-01, 0.000000000000000e+00, 0.000000000000000e+00, 4.170601213367539e+04, 1.000000000000000e-10, 1.523227169115096e+09
498, 4.388530070000000e-01, -5.863890460000000e-02, 2.830938019204136e-01, 0.000000000000000e+00, 0.000000000000000e+00, 4.146593592579835e+04, 1.000000000000000e-10, 1.527941108385614e+09
499, 4.418474723000000e-01, -5.853224060000000e-02, 2.821291774021349e-01, 0.000000000000000e+00, 0.000000000000000e+00, 4.126549065339864e+04, 1.000000000000000e-10, 1.531278581732026e+09
500, 4.448414571000000e-01, -5.841278340000000e-02, 2.812954447477481e-01, 0.000000000000000e+00, 0.000000000000000e+00, 4.107840952317201e+04, 1.000000000000000e-10, 1.533770621621505e+09
501, 4.478352435000000e-01, -5.828842610000000e-02, 2.803545734260268e-01, 0.000000000000000e+00, 0.000000000000000e+00, 4.086725886116183e+04, 1.000000000000000e-10, 1.536555902515360e+09
502, 4.508291556000000e-01, -5.816714900000000e-02, 2.793372854962403e-01, 0.000000000000000e+00, 0.000000000000000e+00, 4.065420778640009e+04, 1.000000000000000e-10, 1.540058342189491e+09
503, 4.538232940000000e-01, -5.805158270000000e-02, 2.782292179451333e-01, 0.000000000000000e+00, 0.000000000000000e+00, 4.044346732398787e+04, 1.000000000000000e-10, 1.544604800699074e+09
504, 4.568173812000000e-01, -5.793470060000000e-02, 2.771677095109526e-01, 0.000000000000000e+00, 0.000000000000000e+00, 4.024971743389864e+04, 1.000000000000000e-10, 1.549225472933249e+09
505, 4.598110864000000e-01, -5.780846580000000e-02, 2.764155941661588e-01, 0.000000000000000e+00, 0.000000000000000e+00, 4.011016450538887e+04, 1.000000000000000e-10, 1.552426062719598e+09
506, 4.628041128000000e-01, -5.766705430000000e-02, 2.759379686778490e-01, 0.000000000000000e+00, 0.000000000000000e+00, 4.001577952358407e+04, 1.000000000000000e-10, 1.554282117034632e+09
507, 4.657966345000000e-01, -5.751528910000000e-02, 2.755675216564301e-01, 0.000000000000000e+00, 0.000000000000000e+00, 3.993658222392239e+04, 1.000000000000000e-10, 1.555520754544358e+09
508, 4.687890375000000e-01, -5.736119260000000e-02, 2.750889879788179e-01, 0.000000000000000e+00, 0.000000000000000e+00, 3.984802955760135e+04, 1.000000000000000e-10, 1.557586103425089e+09
509, 4.717816992000000e-01, -5.721221950000000e-02, 2.744919904289544e-01, 0.000000000000000e+00, 0.000000000000000e+00, 3.975541454032388e+04, 1.000000000000000e-10, 1.560768073597555e+09
510, 4.747745571000000e-01, -5.706722820000000e-02, 2.738050309740036e-01, 0.000000000000000e+00, 0.000000000000000e+00, 3.965507501785289e+04, 1.000000000000000e-10, 1.564641131482673e+09
511, 4.777672246000000e-01, -5.691837390000000e-02, 2.730978069086286e-01, 0.000000000000000e+00, 0.000000000000000e+00, 3.955102965249788e+04, 1.000000000000000e-10, 1.568671879049598e+09
512, 4.807592922000000e-01, -5.675795070000000e-02, 2.723747863948795e-01, 0.000000000000000e+00, 0.000000000000000e+00, 3.943832407160377e+04, 1.000000000000000e-10, 1.572563795510153e+09
513, 4.837507599000000e-01, -5.658667410000000e-02, 2.717311881527625e-01, 0.000000000000000e+00, 0.000000000000000e+00, 3.933217389717219e+04, 1.000000000000000e-10, 1.575820320892712e+09
514, 4.867417038000000e-01, -5.640648100000000e-02, 2.712138641160693e-01, 0.000000000000000e+00, 0.000000000000000e+00, 3.924194823890922e+04, 1.000000000000000e-10, 1.578335600713431e+09
515, 4.897320976000000e-01, -5.621737780000000e-02, 2.708568567552094e-01, 0.000000000000000e+00, 0.000000000000000e+00, 3.917260335187437e+04, 1.000000000000000e-10, 1.579806811254459e+09
516, 4.927219151000000e-01, -5.601937110000000e-02, 2.707104362944575e-01, 0.000000000000000e+00, 0.000000000000000e+00, 3.913033523655843e+04, 1.000000000000000e-10, 1.579883514334112e+09
517, 4.957111300000000e-01, -5.581246800000000e-02, 2.707402324243879e-01, 0.000000000000000e+00, 0.000000000000000e+00, 3.911544642903999e+04, 1.000000000000000e-10, 1.579028084956241e+09
518, 4.986997164000000e-01, -5.559667590000000e-02, 2.708983295098392e-01, 0.000000000000000e+00, 0.000000000000000e+00, 3.913100310636831e+04, 1.000000000000000e-10, 1.577891880011906e+09
519, 5.016875582000000e-01, -5.537082560000000e-02, 2.713525556021852e-01, 0.000000000000000e+00, 0.000000000000000e+00, 3.920480740942932e+04, 1.000000000000000e-10, 1.575531799694095e+09
520, 5.046744459000000e-01, -5.513267300000000e-02, 2.720608124876085e-01, 0.000000000000000e+00, 0.000000000000000e+00, 3.932956679476455e+04, 1.000000000000000e-10, 1.572227364126933e+09
521, 5.076609077000001e-01, -5.488922320000000e-02, 2.731302521117313e-01, 0.000000000000000e+00, 0.000000000000000e+00, 3.952746695207490e+04, 1.000000000000000e-10, 1.567537717978412e+09
522, 5.106475810000000e-01, -5.464838960000000e-02, 2.744142656496144e-01, 0.000000000000000e+00, 0.000000000000000e+00, 3.978568217883725e+04, 1.000000000000000e-10, 1.562608175839171e+09
523, 5.136347221999999e-01, -5.441342690000000e-02, 2.763226958445297e-01, 0.000000000000000e+00, 0.000000000000000e+00, 4.018737779994451e+04, 1.000000000000000e-10, 1.555964113876480e+09
524, 5.166218002000000e-01, -5.417766240000000e-02, 2.798836142045499e-01, 0.000000000000000e+00, 0.000000000000000e+00, 4.094280489510984e+04, 1.000000000000000e-10, 1.543802129684118e+09
525, 5.196081732000000e-01, -5.393315480000000e-02, 2.867846722779823e-01, 0.000000000000000e+00, 0.000000000000000e+00, 4.239958484693353e+04, 1.000000000000000e-10, 1.520306914271902e+09
526, 5.225935011000000e-01, -5.367618930000000e-02, 2.981118964436759e-01, 0.000000000000000e+00, 0.000000000000000e+00, 4.482317762395933e+04, 1.000000000000000e-10, 1.483547046556354e+09
527, 5.255780483000000e-01, -5.341030860000000e-02, 3.150976733345180e-01, 0.000000000000000e+00, 0.000000000000000e+00, 4.851360967729294e+04, 1.000000000000000e-10, 1.431874783280852e+09
528, 5.285617956000001e-01, -5.313559520000000e-02, 3.365580898359208e-01, 0.000000000000000e+00, 0.000000000000000e+00, 5.330206376835646e+04, 1.000000000000000e-10, 1.372651080566140e+09
529, 5.315447173000000e-01, -5.285205880000000e-02, 3.584905824962920e-01, 0.000000000000000e+00, 0.000000000000000e+00, 5.830989931529405e+04, 1.000000000000000e-10, 1.317528488791173e+09
530, 5.345267882000000e-01, -5.255970920000000e-02, 3.758998845606311e-01, 0.000000000000000e+00, 0.000000000000000e+00, 6.230787869824576e+04, 1.000000000000000e-10, 1.276240497823423e+09
531, 5.375079829000000e-01, -5.225855670000000e-02, 3.860184324349025e-01, 0.000000000000000e+00, 0.000000000000000e+00, 6.454712482961695e+04, 1.000000000000000e-10, 1.251710718486992e+09
532, 5.404882648000000e-01, -5.194849960000000e-02, 3.905208436265553e-01, 0.000000000000000e+00, 0.000000000000000e+00, 6.540273539728839e+04, 1.000000000000000e-10, 1.238910532070522e+09
533, 5.434672252000000e-01, -5.162600380000000e-02, 3.903828458838329e-01, 0.000000000000000e+00, 0.000000000000000e+00, 6.530186869608548e+04, 1.000000000000000e-10, 1.238173135400166e+09
534, 5.464452645000000e-01, -5.129509310000000e-02, 3.884544089677955e-01, 0.000000000000000e+00, 0.000000000000000e+00, 6.482946947362740e+04, 1.000000000000000e-10, 1.241962147098330e+09
535, 5.494232392000000e-01, -5.096360040000000e-02, 3.858847617783648e-01, 0.000000000000000e+00, 0.000000000000000e+00, 6.418851523485873e+04, 1.000000000000000e-10, 1.246791080193329e+09
536, 5.524018620000000e-01, -5.063798680000000e-02, 3.824814517437269e-01, 0.000000000000000e+00, 0.000000000000000e+00, 6.334875510201621e+04, 1.000000000000000e-10, 1.253430027735642e+09
537, 5.553807501000000e-01, -5.031480440000000e-02, 3.783506728244443e-01, 0.000000000000000e+00, 0.000000000000000e+00, 6.238027268669345e+04, 1.000000000000000e-10, 1.262365629072873e+09
538, 5.583590480000000e-01, -4.998623770000000e-02, 3.751919406427441e-01, 0.000000000000000e+00, 0.000000000000000e+00, 6.166089135501152e+04, 1.000000000000000e-10, 1.269662151258267e+09
539, 5.613359734000000e-01, -4.964547060000000e-02, 3.732599059777308e-01, 0.000000000000000e+00, 0.000000000000000e+00, 6.124394145249363e+04, 1.000000000000000e-10, 1.274563236068761e+09
540, 5.643117559000000e-01, -4.929485250000000e-02, 3.728617935259591e-01, 0.000000000000000e+00, 0.000000000000000e+00, 6.115875179251765e+04, 1.000000000000000e-10, 1.275581981315353e+09
541, 5.672864971000000e-01, -4.893550630000000e-02, 3.732171002959190e-01, 0.000000000000000e+00, 0.000000000000000e+00, 6.123357864098580e+04, 1.000000000000000e-10, 1.274622557799120e+09
542, 5.702601725000001e-01, -4.856744460000000e-02, 3.743791650753198e-01, 0.000000000000000e+00, 0.000000000000000e+00, 6.148533394543949e+04, 1.000000000000000e-10, 1.271709434937705e+09
543, 5.732327578000000e-01, -4.819067990000000e-02, 3.767566431487111e-01, 0.000000000000000e+00, 0.000000000000000e+00, 6.200302417196443e+04, 1.000000000000000e-10, 1.265812434600468e+09
544, 5.762042288000000e-01, -4.780522520000000e-02, 3.805867578506333e-01, 0.000000000000000e+00, 0.000000000000000e+00, 6.284065549848604e+04, 1.000000000000000e-10, 1.256494056739120e+09
545, 5.791745615000000e-01, -4.741109350000000e-02, 3.858885404474152e-01, 0.000000000000000e+00, 0.000000000000000e+00, 6.400816605317363e+04, 1.000000000000000e-10, 1.243908915006943e+09
546, 5.821437317000000e-01, -4.700829840000000e-02, 3.925271893597672e-01, 0.000000000000000e+00, 0.000000000000000e+00, 6.548792314583499e+04, 1.000000000000000e-10, 1.228735569023751e+09
547, 5.851117156000000e-01, -4.659685360000000e-02, 4.000296870872437e-01, 0.000000000000000e+00, 0.000000000000000e+00, 6.721045447925931e+04, 1.000000000000000e-10, 1.212671664919698e+09
548, 5.880784894000000e-01, -4.617677290000000e-02, 4.093840024055779e-01, 0.000000000000000e+00, 0.000000000000000e+00, 6.937480303854855e+04, 1.000000000000000e-10, 1.193323875103753e+09
549, 5.910439602000001e-01, -4.574759280000000e-02, 4.206551212735736e-01, 0.000000000000000e+00, 0.000000000000000e+00, 7.199648577793612e+04, 1.000000000000000e-10, 1.170781334005315e+09
550, 5.940076158000001e-01, -4.530605300000000e-02, 4.312805885686348e-01, 0.000000000000000e+00, 0.000000000000000e+00, 7.455663885160135e+04, 1.000000000000000e-10, 1.151303281228460e+09
551, 5.969702442000000e-01, -4.485766250000000e-02, 4.431407779727273e-01, 0.000000000000000e+00, 0.000000000000000e+00, 7.740728747872311e+04, 1.000000000000000e-10, 1.129999588434493e+09
552, 5.999329905000000e-01, -4.441005360000000e-02, 4.526335736814431e-01, 0.000000000000000e+00, 0.000000000000000e+00, 7.974054505386831e+04, 1.000000000000000e-10, 1.113925961173855e+09
553, 6.028966429000000e-01, -4.396848360000000e-02, 4.611516610574208e-01, 0.000000000000000e+00, 0.000000000000000e+00, 8.181279467961132e+04, 1.000000000000000e-10, 1.099577051683389e+09
554, 6.058604630000000e-01, -4.352803920000000e-02, 4.648568250309590e-01, 0.000000000000000e+00, 0.000000000000000e+00, 8.267468817504286e+04, 1.000000000000000e-10, 1.093018388272576e+09
555, 6.088233068000000e-01, -4.308108430000000e-02, 4.658278847081892e-01, 0.000000000000000e+00, 0.000000000000000e+00, 8.282114044991728e+04, 1.000000000000000e-10, 1.090460560806538e+09
556, 6.117840715000000e-01, -4.262056990000000e-02, 4.642464663814977e-01, 0.000000000000000e+00, 0.000000000000000e+00, 8.242031421340558e+04, 1.000000000000000e-10, 1.092895473391045e+09
557, 6.147428891000000e-01, -4.214769180000000e-02, 4.608587920031176e-01, 0.000000000000000e+00, 0.000000000000000e+00, 8.162963697974385e+04, 1.000000000000000e-10, 1.098869094251207e+09
558, 6.177009164000000e-01, -4.166988860000000e-02, 4.557312120109620e-01, 0.000000000000000e+00, 0.000000000000000e+00, 8.042561737456953e+04, 1.000000000000000e-10, 1.107929906990347e+09
559, 6.206593651000000e-01, -4.119470460000000e-02, 4.502803002545198e-01, 0.000000000000000e+00, 0.000000000000000e+00, 7.905035597905343e+04, 1.000000000000000e-10, 1.116613205968312e+09
560, 6.236187181000000e-01, -4.072518330000000e-02, 4.436602791396140e-01, 0.000000000000000e+00, 0.000000000000000e+00, 7.736010986488157e+04, 1.000000000000000e-10, 1.127056783100856e+09
561, 6.265779548000000e-01, -4.025493070000000e-02, 4.345906199640827e-01, 0.000000000000000e+00, 0.000000000000000e+00, 7.512143537429454e+04, 1.000000000000000e-10, 1.142454926064553e+09
562, 6.295358580000000e-01, -3.977637300000000e-02, 4.250616808822679e-01, 0.000000000000000e+00, 0.000000000000000e+00, 7.283029064471774e+04, 1.000000000000000e-10, 1.159711793460754e+09
563, 6.324917848000000e-01, -3.928575100000000e-02, 4.169379411006763e-01, 0.000000000000000e+00, 0.000000000000000e+00, 7.086922006373468e+04, 1.000000000000000e-10, 1.174606151574728e+09
564, 6.354462727000000e-01, -3.878653410000000e-02, 4.092884408294548e-01, 0.000000000000000e+00, 0.000000000000000e+00, 6.902187339176208e+04, 1.000000000000000e-10, 1.188841304759407e+09
565, 6.383993153000000e-01, -3.827883870000000e-02, 4.018016939956329e-01, 0.000000000000000e+00, 0.000000000000000e+00, 6.728723141160535e+04, 1.000000000000000e-10, 1.204066752630216e+09
566, 6.413507560000000e-01, -3.776191640000000e-02, 3.953620172156487e-01, 0.000000000000000e+00, 0.000000000000000e+00, 6.580710570273807e+04, 1.000000000000000e-10, 1.217558361149092e+09
567, 6.443000666000001e-01, -3.723297330000000e-02, 3.912904084609273e-01, 0.000000000000000e+00, 0.000000000000000e+00, 6.482413783956519e+04, 1.000000000000000e-10, 1.225486715932669e+09
568, 6.472482997000000e-01, -3.669805020000000e-02, 3.877770857752113e-01, 0.000000000000000e+00, 0.000000000000000e+00, 6.398405138183678e+04, 1.000000000000000e-10, 1.232511871777881e+09
569, 6.501967952000000e-01, -3.616457690000000e-02, 3.854983264376018e-01, 0.000000000000000e+00, 0.000000000000000e+00, 6.341405763927961e+04, 1.000000000000000e-10, 1.236678209609430e+09
570, 6.531457706000000e-01, -3.563376130000000e-02, 3.841789858865791e-01, 0.000000000000000e+00, 0.000000000000000e+00, 6.308435511210095e+04, 1.000000000000000e-10, 1.239099075242556e+09
571, 6.560947461000000e-01, -3.510294570000000e-02, 3.841959354568746e-01, 0.000000000000000e+00, 0.000000000000000e+00, 6.304333381745001e+04, 1.000000000000000e-10, 1.238323373358135e+09
572, 6.590437216000000e-01, -3.457213010000000e-02, 3.840880759634220e-01, 0.000000000000000e+00, 0.000000000000000e+00, 6.301884654122583e+04, 1.000000000000000e-10, 1.238560013659334e+09
573, 6.619929736000000e-01, -3.404285490000000e-02, 3.844071098580793e-01, 0.000000000000000e+00, 0.000000000000000e+00, 6.309799961687184e+04, 1.000000000000000e-10, 1.237966333277516e+09
574, 6.649427455000000e-01, -3.351648340000000e-02, 3.850454809863762e-01, 0.000000000000000e+00, 0.000000000000000e+00, 6.325367615399369e+04, 1.000000000000000e-10, 1.236735312720063e+09
575, 6.678917876000000e-01, -3.298604320000000e-02, 3.862325965842126e-01, 0.000000000000000e+00, 0.000000000000000e+00, 6.352871743661204e+04, 1.000000000000000e-10, 1.234213173801779e+09
576, 6.708387459000000e-01, -3.244415800000000e-02, 3.880556168008775e-01, 0.000000000000000e+00, 0.000000000000000e+00, 6.395764489138110e+04, 1.000000000000000e-10, 1.230463699346512e+09
577, 6.737831424000000e-01, -3.188851370000000e-02, 3.904973676862424e-01, 0.000000000000000e+00, 0.000000000000000e+00, 6.452700563351916e+04, 1.000000000000000e-10, 1.225382599674731e+09
578, 6.767261656000000e-01, -3.132563310000000e-02, 3.942019939254491e-01, 0.000000000000000e+00, 0.000000000000000e+00, 6.534496626888843e+04, 1.000000000000000e-10, 1.217024868146981e+09
579, 6.796692174000000e-01, -3.076290160000000e-02, 3.970341161465963e-01, 0.000000000000000e+00, 0.000000000000000e+00, 6.599474160700840e+04, 1.000000000000000e-10, 1.211055160146409e+09
580, 6.826129130000000e-01, -3.020354650000000e-02, 4.005377738109251e-01, 0.000000000000000e+00, 0.000000000000000e+00, 6.679489028893912e+04, 1.000000000000000e-10, 1.203690106800662e+09
581, 6.855566182000000e-01, -2.964424250000000e-02, 4.049790892983152e-01, 0.000000000000000e+00, 0.000000000000000e+00, 6.778142123694682e+04, 1.000000000000000e-10, 1.194026819790804e+09
582, 6.885003235000000e-01, -2.908493850000000e-02, 4.094435986430329e-01, 0.000000000000000e+00, 0.000000000000000e+00, 6.877802656597411e+04, 1.000000000000000e-10, 1.184534161516353e+09
583, 6.914440287000000e-01, -2.852563450000000e-02, 4.125326632417778e-01, 0.000000000000000e+00, 0.000000000000000e+00, 6.948440710031831e+04, 1.000000000000000e-10, 1.178272517242182e+09
584, 6.943877340000000e-01, -2.796633050000000e-02, 4.151938708854502e-01, 0.000000000000000e+00, 0.000000000000000e+00, 7.009285927188255e+04, 1.000000000000000e-10, 1.172918267697864e+09
585, 6.973314392000000e-01, -2.740702650000000e-02, 4.172107674575381e-01, 0.000000000000000e+00, 0.000000000000000e+00, 7.056272468578300e+04, 1.000000000000000e-10, 1.169004214182528e+09
586, 7.002751444999999e-01, -2.684772250000000e-02, 4.188537950179917e-01, 0.000000000000000e+00, 0.000000000000000e+00, 7.095213008750028e+04, 1.000000000000000e-10, 1.165919372171539e+09
587, 7.032188497000000e-01, -2.628841850000000e-02, 4.205404796925822e-01, 0.000000000000000e+00, 0.000000000000000e+00, 7.135789779141315e+04, 1.000000000000000e-10, 1.162844624951184e+09
588, 7.061625550000000e-01, -2.572911460000000e-02, 4.215609430739227e-01, 0.000000000000000e+00, 0.000000000000000e+00, 7.160650030543625e+04, 1.000000000000000e-10, 1.161076386380055e+09
589, 7.091062603000000e-01, -2.516981060000000e-02, 4.224748956381031e-01, 0.000000000000000e+00, 0.000000000000000e+00, 7.180958490857172e+04, 1.000000000000000e-10, 1.159196348706196e+09
590, 7.120499655000000e-01, -2.461050660000000e-02, 4.235374155417594e-01, 0.000000000000000e+00, 0.000000000000000e+00, 7.204162185469986e+04, 1.000000000000000e-10, 1.156963928182538e+09
591, 7.149936708000000e-01, -2.405120260000000e-02, 4.243012604397512e-01, 0.000000000000000e+00, 0.000000000000000e+00, 7.221003001889632e+04, 1.000000000000000e-10, 1.155384623955484e+09
592, 7.179373760000000e-01, -2.349189860000000e-02, 4.246873444986618e-01, 0.000000000000000e+00, 0.000000000000000e+00, 7.229774117897617e+04, 1.000000000000000e-10, 1.154621607531017e+09
593, 7.208810812999999e-01, -2.293259460000000e-02, 4.246983494886680e-01, 0.000000000000000e+00, 0.000000000000000e+00, 7.230129347241763e+04, 1.000000000000000e-10, 1.154613608041920e+09
594, 7.238247865000000e-01, -2.237329060000000e-02, 4.247090214047790e-01, 0.000000000000000e+00, 0.000000000000000e+00, 7.230456018658272e+04, 1.000000000000000e-10, 1.154603524984170e+09
595, 7.267684918000000e-01, -2.181398660000000e-02, 4.246733876318929e-01, 0.000000000000000e+00, 0.000000000000000e+00, 7.229551633483409e+04, 1.000000000000000e-10, 1.154661527700150e+09
596, 7.297121971000000e-01, -2.125468260000000e-02, 4.245931342021502e-01, 0.000000000000000e+00, 0.000000000000000e+00, 7.227266790706138e+04, 1.000000000000000e-10, 1.154759769705661e+09
597, 7.326559023000000e-01, -2.069537860000000e-02, 4.244350218541667e-01, 0.000000000000000e+00, 0.000000000000000e+00, 7.223109986315831e+04, 1.000000000000000e-10, 1.154998348372818e+09
598, 7.355996076000000e-01, -2.013607460000000e-02, 4.239583137648184e-01, 0.000000000000000e+00, 0.000000000000000e+00, 7.211254763359956e+04, 1.000000000000000e-10, 1.155806573594321e+09
599, 7.385433128000000e-01, -1.957677060000000e-02, 4.235510558683245e-01, 0.000000000000000e+00, 0.000000000000000e+00, 7.201393037886395e+04, 1.000000000000000e-10, 1.156532510039682e+09
600, 7.414870181000000e-01, -1.901746660000000e-02, 4.233149383715896e-01, 0.000000000000000e+00, 0.000000000000000e+00, 7.196263379919625e+04, 1.000000000000000e-10, 1.157030970505419e+09
601, 7.444307233000000e-01, -1.845816260000000e-02, 4.229568262248642e-01, 0.000000000000000e+00, 0.000000000000000e+00, 7.189463879803111e+04, 1.000000000000000e-10, 1.157916866349248e+09
602, 7.473744286000000e-01, -1.789885860000000e-02, 4.228852151557605e-01, 0.000000000000000e+00, 0.000000000000000e+00, 7.189177699919556e+04, 1.000000000000000e-10, 1.158235636961031e+09
603, 7.503181249000000e-01, -1.733950730000000e-02, 4.228211321651335e-01, 0.000000000000000e+00, 0.000000000000000e+00, 7.188300156965424e+04, 1.000000000000000e-10, 1.158439108183429e+09
604, 7.532611798000000e-01, -1.677679240000000e-02, 4.230052047206915e-01, 0.000000000000000e+00, 0.000000000000000e+00, 7.192693885994186e+04, 1.000000000000000e-10, 1.158098981442125e+09
605, 7.562042001000000e-01, -1.621389660000000e-02, 4.232752305846788e-01, 0.000000000000000e+00, 0.000000000000000e+00, 7.199311495504553e+04, 1.000000000000000e-10, 1.157623756458728e+09
606, 7.591485878000001e-01, -1.565820530000000e-02, 4.237084338056974e-01, 0.000000000000000e+00, 0.000000000000000e+00, 7.209209520727812e+04, 1.000000000000000e-10, 1.156772153362940e+09
607, 7.620955345000000e-01, -1.511625730000000e-02, 4.243112344276016e-01, 0.000000000000000e+00, 0.000000000000000e+00, 7.222069862192534e+04, 1.000000000000000e-10, 1.155469438394456e+09
608, 7.650445705000000e-01, -1.458578350000000e-02, 4.250384124223940e-01, 0.000000000000000e+00, 0.000000000000000e+00, 7.236899005714717e+04, 1.000000000000000e-10, 1.153820844730070e+09
609, 7.679943422000000e-01, -1.405941050000000e-02, 4.257928349784617e-01, 0.000000000000000e+00, 0.000000000000000e+00, 7.253023623881101e+04, 1.000000000000000e-10, 1.152213354171079e+09
610, 7.709435269000000e-01, -1.352976200000000e-02, 4.266680547969411e-01, 0.000000000000000e+00, 0.000000000000000e+00, 7.273714424270773e+04, 1.000000000000000e-10, 1.150597499366487e+09
611, 7.738917632000000e-01, -1.299485690000000e-02, 4.283554998034912e-01, 0.000000000000000e+00, 0.000000000000000e+00, 7.312808727830405e+04, 1.000000000000000e-10, 1.147381541300588e+09
612, 7.768402548000000e-01, -1.246136210000000e-02, 4.285031773205185e-01, 0.000000000000000e+00, 0.000000000000000e+00, 7.318058906219457e+04, 1.000000000000000e-10, 1.147335664477505e+09
613, 7.797903352000000e-01, -1.193673480000000e-02, 4.291461742436600e-01, 0.000000000000000e+00, 0.000000000000000e+00, 7.335083263192515e+04, 1.000000000000000e-10, 1.146365628344863e+09
614, 7.827429347000000e-01, -1.142647830000000e-02, 4.302771510381238e-01, 0.000000000000000e+00, 0.000000000000000e+00, 7.361622279474785e+04, 1.000000000000000e-10, 1.144271214878594e+09
615, 7.856972424999999e-01, -1.092619490000000e-02, 4.312035505882507e-01, 0.000000000000000e+00, 0.000000000000000e+00, 7.382793926633401e+04, 1.000000000000000e-10, 1.142485278556010e+09
616, 7.886519677000000e-01, -1.042837940000000e-02, 4.318809234152872e-01, 0.000000000000000e+00, 0.000000000000000e+00, 7.398606108648334e+04, 1.000000000000000e-10, 1.141227947946066e+09
617, 7.916060843000000e-01, -9.926965700000000e-03, 4.324231193865450e-01, 0.000000000000000e+00, 0.000000000000000e+00, 7.411586843785754e+04, 1.000000000000000e-10, 1.140256108802266e+09
618, 7.945600712999999e-01, -9.424787900000000e-03, 4.330791807519812e-01, 0.000000000000000e+00, 0.000000000000000e+00, 7.426383143531851e+04, 1.000000000000000e-10, 1.138972424831326e+09
619, 7.975140582000000e-01, -8.922610100000001e-03, 4.337649557761596e-01, 0.000000000000000e+00, 0.000000000000000e+00, 7.443808122890945e+04, 1.000000000000000e-10, 1.137878401309434e+09
620, 8.004680280000001e-01, -8.420330800000000e-03, 4.339983804039589e-01, 0.000000000000000e+00, 0.000000000000000e+00, 7.451317125318447e+04, 1.000000000000000e-10, 1.137744706500057e+09
621, 8.034213936000000e-01, -7.914512699999999e-03, 4.344190651990495e-01, 0.000000000000000e+00, 0.000000000000000e+00, 7.462249694789677e+04, 1.000000000000000e-10, 1.137104073802673e+09
622, 8.063747975000000e-01, -7.408918400000000e-03, 4.347416636166320e-01, 0.000000000000000e+00, 0.000000000000000e+00, 7.470750656888350e+04, 1.000000000000000e-10, 1.136588533366239e+09
623, 8.093295144000000e-01, -6.911064600000000e-03, 4.350884280255859e-01, 0.000000000000000e+00, 0.000000000000000e+00, 7.478937039822982e+04, 1.000000000000000e-10, 1.135957421945437e+09
624, 8.122862570000000e-01, -6.425381100000000e-03, 4.353839372441536e-01, 0.000000000000000e+00, 0.000000000000000e+00, 7.485867887645122e+04, 1.000000000000000e-10, 1.135448866234897e+09
625, 8.152444195000000e-01, -5.948422800000000e-03, 4.355685609341301e-01, 0.000000000000000e+00, 0.000000000000000e+00, 7.490942291632968e+04, 1.000000000000000e-10, 1.135212197724832e+09
626, 8.182039458000000e-01, -5.480001300000000e-03, 4.356659285172935e-01, 0.000000000000000e+00, 0.000000000000000e+00, 7.494915306135367e+04, 1.000000000000000e-10, 1.135242358502322e+09
627, 8.211648134000000e-01, -5.020132300000000e-03, 4.357302574973735e-01, 0.000000000000000e+00, 0.000000000000000e+00, 7.498528382330676e+04, 1.000000000000000e-10, 1.135360750095974e+09
628, 8.241269989000000e-01, -4.568831200000000e-03, 4.358251895035678e-01, 0.000000000000000e+00, 0.000000000000000e+00, 7.502284391693282e+04, 1.000000000000000e-10, 1.135339925619679e+09
629, 8.270904793000000e-01, -4.126113200000000e-03, 4.359932939487918e-01, 0.000000000000000e+00, 0.000000000000000e+00, 7.506160887402050e+04, 1.000000000000000e-10, 1.135036857165293e+09
630, 8.300552314000000e-01, -3.691994500000000e-03, 4.363808726012572e-01, 0.000000000000000e+00, 0.000000000000000e+00, 7.512065008323005e+04, 1.000000000000000e-10, 1.133929368146271e+09
631, 8.330216764000000e-01, -3.269608000000000e-03, 4.367693452486553e-01, 0.000000000000000e+00, 0.000000000000000e+00, 7.518342943129824e+04, 1.000000000000000e-10, 1.132873253764430e+09
632, 8.359894521000000e-01, -2.856659800000000e-03, 4.371043741093887e-01, 0.000000000000000e+00, 0.000000000000000e+00, 7.524100147526806e+04, 1.000000000000000e-10, 1.132007298584404e+09
633, 8.389574719000000e-01, -2.445467200000000e-03, 4.374343238278951e-01, 0.000000000000000e+00, 0.000000000000000e+00, 7.530713123640578e+04, 1.000000000000000e-10, 1.131280652890419e+09
634, 8.419245535000000e-01, -2.027571400000000e-03, 4.377001488240314e-01, 0.000000000000000e+00, 0.000000000000000e+00, 7.538440137613229e+04, 1.000000000000000e-10, 1.130984162707530e+09
635, 8.448907007000001e-01, -1.603081000000000e-03, 4.379209445184309e-01, 0.000000000000000e+00, 0.000000000000000e+00, 7.548867609143713e+04, 1.000000000000000e-10, 1.131238875385687e+09
636, 8.478579874000000e-01, -1.186655300000000e-03, 4.383987677904924e-01, 0.000000000000000e+00, 0.000000000000000e+00, 7.562627963471568e+04, 1.000000000000000e-10, 1.130678847961113e+09
637, 8.508284127000000e-01, -7.933073000000000e-04, 4.391482947205482e-01, 0.000000000000000e+00, 0.000000000000000e+00, 7.578621854618150e+04, 1.000000000000000e-10, 1.129063402702832e+09
638, 8.538020126000000e-01, -4.246734000000000e-04, 4.398996055785080e-01, 0.000000000000000e+00, 0.000000000000000e+00, 7.593286201152176e+04, 1.000000000000000e-10, 1.127403265878650e+09
639, 8.567775810000000e-01, -7.225130000000000e-05, 4.403660552283273e-01, 0.000000000000000e+00, 0.000000000000000e+00, 7.602034696809221e+04, 1.000000000000000e-10, 1.126293193819697e+09
640, 8.597541393000000e-01, 2.717253000000000e-04, 4.405124027144330e-01, 0.000000000000000e+00, 0.000000000000000e+00, 7.606709761804419e+04, 1.000000000000000e-10, 1.126156522056448e+09
641, 8.627313085000000e-01, 6.103705000000000e-04, 4.406064005224706e-01, 0.000000000000000e+00, 0.000000000000000e+00, 7.611517845657050e+04, 1.000000000000000e-10, 1.126282067539894e+09
642, 8.657094571000000e-01, 9.402886000000000e-04, 4.406751279871168e-01, 0.000000000000000e+00, 0.000000000000000e+00, 7.618096172105316e+04, 1.000000000000000e-10, 1.126763555825734e+09
643, 8.686885639000000e-01, 1.261439300000000e-03, 4.408505085856147e-01, 0.000000000000000e+00, 0.000000000000000e+00, 7.625970506424103e+04, 1.000000000000000e-10, 1.126897962010262e+09
644, 8.716684840000000e-01, 1.574958600000000e-03, 4.411510505534399e-01, 0.000000000000000e+00, 0.000000000000000e+00, 7.635410084118349e+04, 1.000000000000000e-10, 1.126649997782856e+09
645, 8.746489628000000e-01, 1.883117200000000e-03, 4.414723737962043e-01, 0.000000000000000e+00, 0.000000000000000e+00, 7.643499358454569e+04, 1.000000000000000e-10, 1.126133132164818e+09
646, 8.776306820999999e-01, 2.179005900000000e-03, 4.418692385139927e-01, 0.000000000000000e+00, 0.000000000000000e+00, 7.652688446608606e+04, 1.000000000000000e-10, 1.125389949294571e+09
647, 8.806143131000000e-01, 2.454910800000000e-03, 4.422450434029594e-01, 0.000000000000000e+00, 0.000000000000000e+00, 7.661642337371434e+04, 1.000000000000000e-10, 1.124725791724813e+09
648, 8.835997117000000e-01, 2.711016100000000e-03, 4.425408009463133e-01, 0.000000000000000e+00, 0.000000000000000e+00, 7.668270045540236e+04, 1.000000000000000e-10, 1.124178367335105e+09
649, 8.865865769000000e-01, 2.949408900000000e-03, 4.428152623248997e-01, 0.000000000000000e+00, 0.000000000000000e+00, 7.674256950011048e+04, 1.000000000000000e-10, 1.123628270444720e+09
650, 8.895748055000000e-01, 3.170055600000000e-03, 4.430779769539153e-01, 0.000000000000000e+00, 0.000000000000000e+00, 7.678810425182337e+04, 1.000000000000000e-10, 1.122915623862334e+09
651, 8.925644546000000e-01, 3.370490400000000e-03, 4.433218638828943e-01, 0.000000000000000e+00, 0.000000000000000e+00, 7.683503275457666e+04, 1.000000000000000e-10, 1.122368227622330e+09
652, 8.955553676000000e-01, 3.551155100000000e-03, 4.434908189854543e-01, 0.000000000000000e+00, 0.000000000000000e+00, 7.686820709092355e+04, 1.000000000000000e-10, 1.121987268701988e+09
653, 8.985469777000000e-01, 3.719930400000000e-03, 4.436181381442859e-01, 0.000000000000000e+00, 0.000000000000000e+00, 7.689834483220681e+04, 1.000000000000000e-10, 1.121765946719879e+09
654, 9.015387704000000e-01, 3.885451900000000e-03, 4.436949867010440e-01, 0.000000000000000e+00, 0.000000000000000e+00, 7.696183356049871e+04, 1.000000000000000e-10, 1.122181038092590e+09
655, 9.045306080000000e-01, 4.050146900000000e-03, 4.435928964134811e-01, 0.000000000000000e+00, 0.000000000000000e+00, 7.696517978767314e+04, 1.000000000000000e-10, 1.122689155475539e+09
656, 9.075232441000000e-01, 4.199497100000000e-03, 4.439128459652251e-01, 0.000000000000000e+00, 0.000000000000000e+00, 7.706703623676124e+04, 1.000000000000000e-10, 1.122441911976509e+09
657, 9.105172638000000e-01, 4.317576000000000e-03, 4.444523059077762e-01, 0.000000000000000e+00, 0.000000000000000e+00, 7.719618701795289e+04, 1.000000000000000e-10, 1.121498958923146e+09
658, 9.135124732000000e-01, 4.400428400000000e-03, 4.449745870649743e-01, 0.000000000000000e+00, 0.000000000000000e+00, 7.731493991016618e+04, 1.000000000000000e-10, 1.120513090655629e+09
659, 9.165083028000000e-01, 4.456858500000000e-03, 4.451291379487495e-01, 0.000000000000000e+00, 0.000000000000000e+00, 7.734625178320834e+04, 1.000000000000000e-10, 1.120144727283574e+09
660, 9.195044264000000e-01, 4.494915400000000e-03, 4.449901230185122e-01, 0.000000000000000e+00, 0.000000000000000e+00, 7.733376203162830e+04, 1.000000000000000e-10, 1.120642779437493e+09
661, 9.225006781000000e-01, 4.521098200000000e-03, 4.447621760373275e-01, 0.000000000000000e+00, 0.000000000000000e+00, 7.730864364699366e+04, 1.000000000000000e-10, 1.121395082123520e+09
662, 9.254970225000000e-01, 4.531556300000000e-03, 4.445537126745783e-01, 0.000000000000000e+00, 0.000000000000000e+00, 7.729340685689452e+04, 1.000000000000000e-10, 1.122168812527209e+09
663, 9.284933501000000e-01, 4.518230800000000e-03, 4.446104530312084e-01, 0.000000000000000e+00, 0.000000000000000e+00, 7.732033938350886e+04, 1.000000000000000e-10, 1.122240478952319e+09
664, 9.314893480999999e-01, 4.472444700000000e-03, 4.447513785190091e-01, 0.000000000000000e+00, 0.000000000000000e+00, 7.734660730261917e+04, 1.000000000000000e-10, 1.121905638230238e+09
665, 9.344846103000000e-01, 4.391470900000000e-03, 4.449203948541386e-01, 0.000000000000000e+00, 0.000000000000000e+00, 7.737572308218331e+04, 1.000000000000000e-10, 1.121476175240606e+09
666, 9.374792507000000e-01, 4.289801600000000e-03, 4.447367932437284e-01, 0.000000000000000e+00, 0.000000000000000e+00, 7.731632510361409e+04, 1.000000000000000e-10, 1.121579810428729e+09
667, 9.404737331000000e-01, 4.183520900000000e-03, 4.442427684638845e-01, 0.000000000000000e+00, 0.000000000000000e+00, 7.720759068102496e+04, 1.000000000000000e-10, 1.122590719622647e+09
668, 9.434683278000000e-01, 4.080451000000000e-03, 4.436457542621316e-01, 0.000000000000000e+00, 0.000000000000000e+00, 7.710199886079568e+04, 1.000000000000000e-10, 1.124079658584071e+09
669, 9.464625694000000e-01, 3.967701700000000e-03, 4.432830394132513e-01, 0.000000000000000e+00, 0.000000000000000e+00, 7.704911440001280e+04, 1.000000000000000e-10, 1.125071125449059e+09
670, 9.494557192999999e-01, 3.829211000000000e-03, 4.433146574345249e-01, 0.000000000000000e+00, 0.000000000000000e+00, 7.706134924447758e+04, 1.000000000000000e-10, 1.125070883794237e+09
671, 9.524469545000001e-01, 3.654174900000000e-03, 4.434380514745661e-01, 0.000000000000000e+00, 0.000000000000000e+00, 7.709646892481355e+04, 1.000000000000000e-10, 1.124959978533343e+09
672, 9.554363444000000e-01, 3.449926600000000e-03, 4.434053970744170e-01, 0.000000000000000e+00, 0.000000000000000e+00, 7.707867969895780e+04, 1.000000000000000e-10, 1.124899108528380e+09
673, 9.584242260000000e-01, 3.224624800000000e-03, 4.429485934238804e-01, 0.000000000000000e+00, 0.000000000000000e+00, 7.696318326684313e+04, 1.000000000000000e-10, 1.125599068603833e+09
674, 9.614110739000000e-01, 2.985978000000000e-03, 4.419262212271193e-01, 0.000000000000000e+00, 0.000000000000000e+00, 7.676649752340057e+04, 1.000000000000000e-10, 1.128010949135956e+09
675, 9.643968526000000e-01, 2.734335600000000e-03, 4.408531410572318e-01, 0.000000000000000e+00, 0.000000000000000e+00, 7.657793114341841e+04, 1.000000000000000e-10, 1.130707878300963e+09
676, 9.673808280000000e-01, 2.462191300000000e-03, 4.399936928795293e-01, 0.000000000000000e+00, 0.000000000000000e+00, 7.644484127052306e+04, 1.000000000000000e-10, 1.133106912947302e+09
677, 9.703620847000000e-01, 2.161784500000000e-03, 4.393336730784127e-01, 0.000000000000000e+00, 0.000000000000000e+00, 7.634421335666718e+04, 1.000000000000000e-10, 1.134976352985943e+09
678, 9.733402982000000e-01, 1.832532300000000e-03, 4.382601077745681e-01, 0.000000000000000e+00, 0.000000000000000e+00, 7.621431593212653e+04, 1.000000000000000e-10, 1.138456847074209e+09
679, 9.763154943000000e-01, 1.477044900000000e-03, 4.358819894486610e-01, 0.000000000000000e+00, 0.000000000000000e+00, 7.591178954924252e+04, 1.000000000000000e-10, 1.146030833421488e+09
680, 9.792874526000001e-01, 1.095432300000000e-03, 4.326097798791603e-01, 0.000000000000000e+00, 0.000000000000000e+00, 7.545135341230976e+04, 1.000000000000000e-10, 1.156064593246969e+09
681, 9.822556855000000e-01, 6.858801000000000e-04, 4.301670931503706e-01, 0.000000000000000e+00, 0.000000000000000e+00, 7.525502227325522e+04, 1.000000000000000e-10, 1.165518881134592e+09
682, 9.852198673000000e-01, 2.479352000000000e-04, 4.267948656367745e-01, 0.000000000000000e+00, 0.000000000000000e+00, 7.521686857198109e+04, 1.000000000000000e-10, 1.181763148682026e+09
683, 9.881808922000000e-01, -2.108983000000000e-04, 4.213547154851005e-01, 0.000000000000000e+00, 0.000000000000000e+00, 7.542279482181053e+04, 1.000000000000000e-10, 1.212167470699435e+09
684, 9.911395461000000e-01, -6.847765000000000e-04, 4.152534457003711e-01, 0.000000000000000e+00, 0.000000000000000e+00, 7.555807648930702e+04, 1.000000000000000e-10, 1.246298649247432e+09
685, 9.940944037000000e-01, -1.181769000000000e-03, 4.061418227348882e-01, 0.000000000000000e+00, 0.000000000000000e+00, 7.475390439673053e+04, 1.000000000000000e-10, 1.286064184651322e+09
686, 9.970470357000000e-01, -1.691851000000000e-03, 3.814019300478100e-01, 0.000000000000000e+00, 0.000000000000000e+00, 7.037366749165411e+04, 1.000000000000000e-10, 1.372192630621141e+09
687, 1.000000000000000e+00, 5.500000000000000e-04, 3.387749637477119e-01, 0.000000000000000e+00, 0.000000000000000e+00, 6.072821654337455e+04, 1.000000000000000e-10, 1.509394022207561e+09
