"PointID","x","y","Density","Momentum_x","Momentum_y","Energy","Turb_Kin_Energy","Omega"
0, 1.000000000000000e+00, 3.300000000000000e-03, 3.595843545928251e-01, 0.000000000000000e+00, 0.000000000000000e+00, 6.140018177247549e+04, 1.000000000000000e-10, 1.367029075913493e+09
1, 1.000000000000000e+00, -2.200000000000000e-03, 3.593950702367128e-01, 0.000000000000000e+00, 0.000000000000000e+00, 6.318160163159710e+04, 1.000000000000000e-10, 1.400556500325970e+09
6, 9.970624071000000e-01, 3.890565800000000e-03, 3.831068489415655e-01, 0.000000000000000e+00, 0.000000000000000e+00, 6.906858267873613e+04, 1.000000000000000e-10, 1.340868883055209e+09
7, 9.941250122000000e-01, 4.482116400000000e-03, 3.923493912181339e-01, 0.000000000000000e+00, 0.000000000000000e+00, 7.036965559016964e+04, 1.000000000000000e-10, 1.303833422779197e+09
8, 9.911863511000000e-01, 5.067337600000000e-03, 3.950248561343043e-01, 0.000000000000000e+00, 0.000000000000000e+00, 6.983429493843955e+04, 1.000000000000000e-10, 1.280047904395972e+09
9, 9.882453375000000e-01, 5.640619800000000e-03, 3.972168701309144e-01, 0.000000000000000e+00, 0.000000000000000e+00, 6.888458202195213e+04, 1.000000000000000e-10, 1.253275958860813e+09
10, 9.853025951000000e-01, 6.204961100000000e-03, 4.008159952058079e-01, 0.000000000000000e+00, 0.000000000000000e+00, 6.826603564862633e+04, 1.000000000000000e-10, 1.223816699892112e+09
11, 9.823582610000000e-01, 6.760941000000000e-03, 4.048586122759670e-01, 0.000000000000000e+00, 0.000000000000000e+00, 6.802578943588515e+04, 1.000000000000000e-10, 1.198244625894161e+09
12, 9.794123284000000e-01, 7.308384000000000e-03, 4.081407591879027e-01, 0.000000000000000e+00, 0.000000000000000e+00, 6.797781575929713e+04, 1.000000000000000e-10, 1.180073404577000e+09
13, 9.764641925999999e-01, 7.843832699999999e-03, 4.099517461492588e-01, 0.000000000000000e+00, 0.000000000000000e+00, 6.794848099477055e+04, 1.000000000000000e-10, 1.170172226131058e+09
14, 9.735146296000000e-01, 8.371372199999999e-03, 4.104800666686884e-01, 0.000000000000000e+00, 0.000000000000000e+00, 6.787549659066008e+04, 1.000000000000000e-10, 1.166380461403427e+09
15, 9.705649844999999e-01, 8.898453400000001e-03, 4.102349689684650e-01, 0.000000000000000e+00, 0.000000000000000e+00, 6.775480171313217e+04, 1.000000000000000e-10, 1.165940634250492e+09
16, 9.676163612000001e-01, 9.431218700000001e-03, 4.096362615260982e-01, 0.000000000000000e+00, 0.000000000000000e+00, 6.761355856539645e+04, 1.000000000000000e-10, 1.167042098989653e+09
17, 9.646681685000000e-01, 9.966365099999999e-03, 4.089100262919203e-01, 0.000000000000000e+00, 0.000000000000000e+00, 6.747251980331755e+04, 1.000000000000000e-10, 1.168807640451484e+09
18, 9.617190649000000e-01, 1.049646250000000e-02, 4.082510384969317e-01, 0.000000000000000e+00, 0.000000000000000e+00, 6.735501151060336e+04, 1.000000000000000e-10, 1.170604077059879e+09
19, 9.587677714000000e-01, 1.101421520000000e-02, 4.076497600961026e-01, 0.000000000000000e+00, 0.000000000000000e+00, 6.725299602044529e+04, 1.000000000000000e-10, 1.172290264998298e+09
20, 9.558141732000000e-01, 1.151866560000000e-02, 4.071005602187747e-01, 0.000000000000000e+00, 0.000000000000000e+00, 6.715399373110167e+04, 1.000000000000000e-10, 1.173747257311618e+09
21, 9.528595023999999e-01, 1.201680390000000e-02, 4.069347817361324e-01, 0.000000000000000e+00, 0.000000000000000e+00, 6.712135095675757e+04, 1.000000000000000e-10, 1.174149035117007e+09
22, 9.499050355999999e-01, 1.251614840000000e-02, 4.063232100951570e-01, 0.000000000000000e+00, 0.000000000000000e+00, 6.698909041841792e+04, 1.000000000000000e-10, 1.175417192082488e+09
23, 9.469515835000000e-01, 1.302146080000000e-02, 4.059206016484568e-01, 0.000000000000000e+00, 0.000000000000000e+00, 6.689772807522371e+04, 1.000000000000000e-10, 1.176240193699080e+09
24, 9.439982552000000e-01, 1.352749770000000e-02, 4.054952363186845e-01, 0.000000000000000e+00, 0.000000000000000e+00, 6.678959536908264e+04, 1.000000000000000e-10, 1.176946209529472e+09
25, 9.410437731000000e-01, 1.402674480000000e-02, 4.052653216874213e-01, 0.000000000000000e+00, 0.000000000000000e+00, 6.671652317191749e+04, 1.000000000000000e-10, 1.177101632498012e+09
26, 9.380870172000000e-01, 1.451233270000000e-02, 4.051112315009368e-01, 0.000000000000000e+00, 0.000000000000000e+00, 6.666706597322995e+04, 1.000000000000000e-10, 1.177197134311355e+09
27, 9.351283061000000e-01, 1.498587720000000e-02, 4.049820960512388e-01, 0.000000000000000e+00, 0.000000000000000e+00, 6.662979630706261e+04, 1.000000000000000e-10, 1.177333843556324e+09
28, 9.321688618000000e-01, 1.545482400000000e-02, 4.048775962326609e-01, 0.000000000000000e+00, 0.000000000000000e+00, 6.659363823962957e+04, 1.000000000000000e-10, 1.177361078145867e+09
29, 9.292098398000000e-01, 1.592642560000000e-02, 4.048449849957490e-01, 0.000000000000000e+00, 0.000000000000000e+00, 6.657040782063488e+04, 1.000000000000000e-10, 1.177195231019051e+09
30, 9.262511042000000e-01, 1.639982330000000e-02, 4.049989907171211e-01, 0.000000000000000e+00, 0.000000000000000e+00, 6.659767800273863e+04, 1.000000000000000e-10, 1.176762122590645e+09
31, 9.232923687000000e-01, 1.687322100000000e-02, 4.046985101634212e-01, 0.000000000000000e+00, 0.000000000000000e+00, 6.653929135673621e+04, 1.000000000000000e-10, 1.177512218336323e+09
32, 9.203336331000000e-01, 1.734661870000000e-02, 4.035099717000141e-01, 0.000000000000000e+00, 0.000000000000000e+00, 6.630084566559416e+04, 1.000000000000000e-10, 1.180331654159483e+09
33, 9.173752952000001e-01, 1.782249320000000e-02, 4.025623040842121e-01, 0.000000000000000e+00, 0.000000000000000e+00, 6.612328101435058e+04, 1.000000000000000e-10, 1.182797404437079e+09
34, 9.144172403000000e-01, 1.830012520000000e-02, 4.018313751421151e-01, 0.000000000000000e+00, 0.000000000000000e+00, 6.597404956785736e+04, 1.000000000000000e-10, 1.184538365481325e+09
35, 9.114582624000001e-01, 1.877199790000000e-02, 4.012243769167632e-01, 0.000000000000000e+00, 0.000000000000000e+00, 6.583713793228814e+04, 1.000000000000000e-10, 1.185776537185803e+09
36, 9.084972381000000e-01, 1.923083950000000e-02, 4.007482650526295e-01, 0.000000000000000e+00, 0.000000000000000e+00, 6.572254803434786e+04, 1.000000000000000e-10, 1.186641044276369e+09
37, 9.055342297000000e-01, 1.967670440000000e-02, 4.004227195454667e-01, 0.000000000000000e+00, 0.000000000000000e+00, 6.563811534178977e+04, 1.000000000000000e-10, 1.187142164660934e+09
38, 9.025703724000000e-01, 2.011689840000000e-02, 4.002596375364789e-01, 0.000000000000000e+00, 0.000000000000000e+00, 6.557939738979153e+04, 1.000000000000000e-10, 1.187119776349417e+09
39, 8.996067964000000e-01, 2.055898050000000e-02, 4.002299672751690e-01, 0.000000000000000e+00, 0.000000000000000e+00, 6.554560020831284e+04, 1.000000000000000e-10, 1.186775044635111e+09
40, 8.966435791000000e-01, 2.100346310000000e-02, 4.003671608149702e-01, 0.000000000000000e+00, 0.000000000000000e+00, 6.555683921005893e+04, 1.000000000000000e-10, 1.186200533761739e+09
41, 8.936803618000000e-01, 2.144794570000000e-02, 4.003990424969134e-01, 0.000000000000000e+00, 0.000000000000000e+00, 6.555875673981241e+04, 1.000000000000000e-10, 1.186056721636213e+09
42, 8.907171444000000e-01, 2.189242830000000e-02, 4.002723110806353e-01, 0.000000000000000e+00, 0.000000000000000e+00, 6.552782264715136e+04, 1.000000000000000e-10, 1.186279939820767e+09
43, 8.877539271000000e-01, 2.233691090000000e-02, 3.995623993707326e-01, 0.000000000000000e+00, 0.000000000000000e+00, 6.538365971672155e+04, 1.000000000000000e-10, 1.187968171962336e+09
44, 8.847907098000000e-01, 2.278139350000000e-02, 3.989521218132797e-01, 0.000000000000000e+00, 0.000000000000000e+00, 6.526739492871931e+04, 1.000000000000000e-10, 1.189557274851879e+09
45, 8.818274925000000e-01, 2.322587610000000e-02, 3.986670150436450e-01, 0.000000000000000e+00, 0.000000000000000e+00, 6.521244190705461e+04, 1.000000000000000e-10, 1.190282652906249e+09
46, 8.788643591999999e-01, 2.367091770000000e-02, 3.981282171809917e-01, 0.000000000000000e+00, 0.000000000000000e+00, 6.510995632390901e+04, 1.000000000000000e-10, 1.191657302493718e+09
47, 8.759017882000000e-01, 2.411968790000000e-02, 3.977884339964656e-01, 0.000000000000000e+00, 0.000000000000000e+00, 6.505203613103525e+04, 1.000000000000000e-10, 1.192673756722078e+09
48, 8.729389200000000e-01, 2.456648860000000e-02, 3.975941432061877e-01, 0.000000000000000e+00, 0.000000000000000e+00, 6.501844883040596e+04, 1.000000000000000e-10, 1.193229064209659e+09
49, 8.699746207000000e-01, 2.500367940000000e-02, 3.974666040977076e-01, 0.000000000000000e+00, 0.000000000000000e+00, 6.499565733368645e+04, 1.000000000000000e-10, 1.193595174841831e+09
50, 8.670081947000000e-01, 2.542619980000000e-02, 3.973971065828319e-01, 0.000000000000000e+00, 0.000000000000000e+00, 6.498252996359833e+04, 1.000000000000000e-10, 1.193730116690102e+09
51, 8.640404269000000e-01, 2.583920470000000e-02, 3.973359339214456e-01, 0.000000000000000e+00, 0.000000000000000e+00, 6.496894190895657e+04, 1.000000000000000e-10, 1.193896640535169e+09
52, 8.610724042000000e-01, 2.625037680000000e-02, 3.973358219815076e-01, 0.000000000000000e+00, 0.000000000000000e+00, 6.495730270932680e+04, 1.000000000000000e-10, 1.193720493598064e+09
53, 8.581049055000000e-01, 2.666531320000000e-02, 3.974251578517329e-01, 0.000000000000000e+00, 0.000000000000000e+00, 6.496110144285193e+04, 1.000000000000000e-10, 1.193288113524122e+09
54, 8.551374771000000e-01, 2.708075320000000e-02, 3.971898454535454e-01, 0.000000000000000e+00, 0.000000000000000e+00, 6.490165081919364e+04, 1.000000000000000e-10, 1.193654547842947e+09
55, 8.521700487000000e-01, 2.749619320000000e-02, 3.969049194318365e-01, 0.000000000000000e+00, 0.000000000000000e+00, 6.483028785874815e+04, 1.000000000000000e-10, 1.194133783363726e+09
56, 8.492026203000000e-01, 2.791163320000000e-02, 3.965086877543844e-01, 0.000000000000000e+00, 0.000000000000000e+00, 6.474230222724828e+04, 1.000000000000000e-10, 1.194972111892161e+09
57, 8.462351919000000e-01, 2.832707310000000e-02, 3.958245264785596e-01, 0.000000000000000e+00, 0.000000000000000e+00, 6.458922945744455e+04, 1.000000000000000e-10, 1.196404147919863e+09
58, 8.432677635000000e-01, 2.874251310000000e-02, 3.949525548137880e-01, 0.000000000000000e+00, 0.000000000000000e+00, 6.439462818885974e+04, 1.000000000000000e-10, 1.198243483261268e+09
59, 8.403003351000000e-01, 2.915795310000000e-02, 3.935271122048797e-01, 0.000000000000000e+00, 0.000000000000000e+00, 6.409433239739176e+04, 1.000000000000000e-10, 1.201531259662565e+09
60, 8.373332662000000e-01, 2.957595020000000e-02, 3.923470130936464e-01, 0.000000000000000e+00, 0.000000000000000e+00, 6.385365548673504e+04, 1.000000000000000e-10, 1.204388855622749e+09
61, 8.343664342000000e-01, 2.999562810000000e-02, 3.914514381079709e-01, 0.000000000000000e+00, 0.000000000000000e+00, 6.366693324904182e+04, 1.000000000000000e-10, 1.206494934346514e+09
62, 8.313987667000000e-01, 3.040934680000000e-02, 3.909018857266551e-01, 0.000000000000000e+00, 0.000000000000000e+00, 6.354408537561078e+04, 1.000000000000000e-10, 1.207681220963464e+09
63, 8.284292787999999e-01, 3.080977400000000e-02, 3.906674426753515e-01, 0.000000000000000e+00, 0.000000000000000e+00, 6.348118129283953e+04, 1.000000000000000e-10, 1.208008290208599e+09
64, 8.254580666000000e-01, 3.119721670000000e-02, 3.906677222190565e-01, 0.000000000000000e+00, 0.000000000000000e+00, 6.346564222547879e+04, 1.000000000000000e-10, 1.207761928224766e+09
65, 8.224861366000000e-01, 3.157912440000000e-02, 3.907931359726590e-01, 0.000000000000000e+00, 0.000000000000000e+00, 6.347374563894243e+04, 1.000000000000000e-10, 1.207169106576125e+09
66, 8.195144758000000e-01, 3.196311810000000e-02, 3.911974675283051e-01, 0.000000000000000e+00, 0.000000000000000e+00, 6.353455409719826e+04, 1.000000000000000e-10, 1.205807616145993e+09
67, 8.165431104999999e-01, 3.234939560000000e-02, 3.920847422825608e-01, 0.000000000000000e+00, 0.000000000000000e+00, 6.370654607759885e+04, 1.000000000000000e-10, 1.203540384804236e+09
68, 8.135717453000000e-01, 3.273567310000000e-02, 3.927274205566091e-01, 0.000000000000000e+00, 0.000000000000000e+00, 6.385321040933301e+04, 1.000000000000000e-10, 1.202229178165951e+09
69, 8.106003801000000e-01, 3.312195060000000e-02, 3.932297431089110e-01, 0.000000000000000e+00, 0.000000000000000e+00, 6.398936568148902e+04, 1.000000000000000e-10, 1.201546283272816e+09
70, 8.076290148000000e-01, 3.350822810000000e-02, 3.936786768166693e-01, 0.000000000000000e+00, 0.000000000000000e+00, 6.411798663580909e+04, 1.000000000000000e-10, 1.201037318878743e+09
71, 8.046576496000000e-01, 3.389450560000000e-02, 3.941145355918110e-01, 0.000000000000000e+00, 0.000000000000000e+00, 6.424200406994901e+04, 1.000000000000000e-10, 1.200570277185215e+09
72, 8.016862843000000e-01, 3.428078300000000e-02, 3.946033602159230e-01, 0.000000000000000e+00, 0.000000000000000e+00, 6.436824275446014e+04, 1.000000000000000e-10, 1.199763661813828e+09
73, 7.987150113000000e-01, 3.466776800000000e-02, 3.944804425056201e-01, 0.000000000000000e+00, 0.000000000000000e+00, 6.436234543241780e+04, 1.000000000000000e-10, 1.200316773339971e+09
74, 7.957442224000000e-01, 3.505845300000000e-02, 3.943915096283906e-01, 0.000000000000000e+00, 0.000000000000000e+00, 6.436314655474540e+04, 1.000000000000000e-10, 1.200903654908122e+09
75, 7.927731192000000e-01, 3.544673620000000e-02, 3.942923361493641e-01, 0.000000000000000e+00, 0.000000000000000e+00, 6.434608239454763e+04, 1.000000000000000e-10, 1.201192135562966e+09
76, 7.898007096000000e-01, 3.582487200000000e-02, 3.938516171526791e-01, 0.000000000000000e+00, 0.000000000000000e+00, 6.424788726137971e+04, 1.000000000000000e-10, 1.202107057299768e+09
77, 7.868264558000000e-01, 3.618821970000000e-02, 3.927813781082098e-01, 0.000000000000000e+00, 0.000000000000000e+00, 6.401507307094343e+04, 1.000000000000000e-10, 1.204497831366709e+09
78, 7.838510978000000e-01, 3.654242800000000e-02, 3.913204143278069e-01, 0.000000000000000e+00, 0.000000000000000e+00, 6.367673417975774e+04, 1.000000000000000e-10, 1.207422621242190e+09
79, 7.808755783000000e-01, 3.689528040000000e-02, 3.901211475499397e-01, 0.000000000000000e+00, 0.000000000000000e+00, 6.336987762961547e+04, 1.000000000000000e-10, 1.209352412102154e+09
80, 7.779005125000000e-01, 3.725193850000000e-02, 3.891967243556915e-01, 0.000000000000000e+00, 0.000000000000000e+00, 6.312532052610468e+04, 1.000000000000000e-10, 1.210725951775943e+09
81, 7.749254880000001e-01, 3.760894140000000e-02, 3.874740165491998e-01, 0.000000000000000e+00, 0.000000000000000e+00, 6.273829358804753e+04, 1.000000000000000e-10, 1.214374150046857e+09
82, 7.719504636000000e-01, 3.796594440000000e-02, 3.862971563178543e-01, 0.000000000000000e+00, 0.000000000000000e+00, 6.245913332672997e+04, 1.000000000000000e-10, 1.216626198349321e+09
83, 7.689754391000000e-01, 3.832294730000000e-02, 3.843547007760643e-01, 0.000000000000000e+00, 0.000000000000000e+00, 6.200796090578917e+04, 1.000000000000000e-10, 1.220537725533636e+09
84, 7.660004146000000e-01, 3.867995020000000e-02, 3.822566761582452e-01, 0.000000000000000e+00, 0.000000000000000e+00, 6.152830495104366e+04, 1.000000000000000e-10, 1.224905410379869e+09
85, 7.630253902000000e-01, 3.903695320000000e-02, 3.795934076529467e-01, 0.000000000000000e+00, 0.000000000000000e+00, 6.094810803634754e+04, 1.000000000000000e-10, 1.230959710221746e+09
86, 7.600503657000000e-01, 3.939395610000000e-02, 3.774585158931504e-01, 0.000000000000000e+00, 0.000000000000000e+00, 6.049330021293289e+04, 1.000000000000000e-10, 1.236021035025100e+09
87, 7.570757010000000e-01, 3.975394130000000e-02, 3.758821195967079e-01, 0.000000000000000e+00, 0.000000000000000e+00, 6.016478150139117e+04, 1.000000000000000e-10, 1.239905814824084e+09
88, 7.541011654999999e-01, 4.011499540000000e-02, 3.747305435642767e-01, 0.000000000000000e+00, 0.000000000000000e+00, 5.992609723348223e+04, 1.000000000000000e-10, 1.242806401088829e+09
89, 7.511258242000000e-01, 4.046933410000000e-02, 3.741464905339010e-01, 0.000000000000000e+00, 0.000000000000000e+00, 5.979314077637705e+04, 1.000000000000000e-10, 1.244062273223297e+09
90, 7.481488621000000e-01, 4.080977130000000e-02, 3.740273587264523e-01, 0.000000000000000e+00, 0.000000000000000e+00, 5.975073477024552e+04, 1.000000000000000e-10, 1.244035526787939e+09
91, 7.451704939000000e-01, 4.113770130000000e-02, 3.743200675682367e-01, 0.000000000000000e+00, 0.000000000000000e+00, 5.979753727209196e+04, 1.000000000000000e-10, 1.243067320549568e+09
92, 7.421915967000000e-01, 4.146079960000000e-02, 3.751475358764865e-01, 0.000000000000000e+00, 0.000000000000000e+00, 5.995398862864851e+04, 1.000000000000000e-10, 1.240742997385816e+09
93, 7.392129909000000e-01, 4.178657100000000e-02, 3.763746774989585e-01, 0.000000000000000e+00, 0.000000000000000e+00, 6.021976573826339e+04, 1.000000000000000e-10, 1.237888190589861e+09
94, 7.362345880000000e-01, 4.211419530000000e-02, 3.781558973807596e-01, 0.000000000000000e+00, 0.000000000000000e+00, 6.061899501698363e+04, 1.000000000000000e-10, 1.233994199745974e+09
95, 7.332561850000000e-01, 4.244181960000000e-02, 3.800906448748071e-01, 0.000000000000000e+00, 0.000000000000000e+00, 6.106374890630758e+04, 1.000000000000000e-10, 1.229993526533612e+09
96, 7.302777821000001e-01, 4.276944400000000e-02, 3.819215379018958e-01, 0.000000000000000e+00, 0.000000000000000e+00, 6.151086257295011e+04, 1.000000000000000e-10, 1.226629501739576e+09
97, 7.272996700000000e-01, 4.309969770000000e-02, 3.839890218667037e-01, 0.000000000000000e+00, 0.000000000000000e+00, 6.201884718279293e+04, 1.000000000000000e-10, 1.222887812182009e+09
98, 7.243217382000000e-01, 4.343157600000000e-02, 3.863922418254699e-01, 0.000000000000000e+00, 0.000000000000000e+00, 6.257923345442348e+04, 1.000000000000000e-10, 1.218028449094826e+09
99, 7.213431270000000e-01, 4.375728880000000e-02, 3.887282437427198e-01, 0.000000000000000e+00, 0.000000000000000e+00, 6.311207416367761e+04, 1.000000000000000e-10, 1.213169241508685e+09
100, 7.183630640000001e-01, 4.406941800000000e-02, 3.913617905658499e-01, 0.000000000000000e+00, 0.000000000000000e+00, 6.369102785648235e+04, 1.000000000000000e-10, 1.207412250093632e+09
101, 7.153816632000000e-01, 4.436852160000000e-02, 3.937005473250746e-01, 0.000000000000000e+00, 0.000000000000000e+00, 6.421094632364622e+04, 1.000000000000000e-10, 1.202397877121746e+09
102, 7.123997234000000e-01, 4.466221600000000e-02, 3.954197279460606e-01, 0.000000000000000e+00, 0.000000000000000e+00, 6.459521591824255e+04, 1.000000000000000e-10, 1.198696544078343e+09
103, 7.094180101999999e-01, 4.495819900000000e-02, 3.967666860352853e-01, 0.000000000000000e+00, 0.000000000000000e+00, 6.489456223556073e+04, 1.000000000000000e-10, 1.195898307618391e+09
104, 7.064365126000000e-01, 4.525634870000000e-02, 3.980188655799602e-01, 0.000000000000000e+00, 0.000000000000000e+00, 6.516764414593549e+04, 1.000000000000000e-10, 1.193168921124213e+09
105, 7.034550149000000e-01, 4.555449850000000e-02, 3.988589641893447e-01, 0.000000000000000e+00, 0.000000000000000e+00, 6.535730492942202e+04, 1.000000000000000e-10, 1.191402607959539e+09
106, 7.004735172000000e-01, 4.585264830000000e-02, 3.995229220388407e-01, 0.000000000000000e+00, 0.000000000000000e+00, 6.551275150806223e+04, 1.000000000000000e-10, 1.190122553877869e+09
107, 6.974920194999999e-01, 4.615079800000000e-02, 3.997918522322136e-01, 0.000000000000000e+00, 0.000000000000000e+00, 6.558546069742106e+04, 1.000000000000000e-10, 1.189750560770464e+09
108, 6.945105217999999e-01, 4.644894780000000e-02, 3.994562273444016e-01, 0.000000000000000e+00, 0.000000000000000e+00, 6.551675822445627e+04, 1.000000000000000e-10, 1.190559712683983e+09
109, 6.915290242000000e-01, 4.674709760000000e-02, 3.983637899853651e-01, 0.000000000000000e+00, 0.000000000000000e+00, 6.527572869660207e+04, 1.000000000000000e-10, 1.192900177257223e+09
110, 6.885476161000000e-01, 4.704613990000000e-02, 3.958788426398341e-01, 0.000000000000000e+00, 0.000000000000000e+00, 6.474248378488739e+04, 1.000000000000000e-10, 1.198460539147573e+09
111, 6.855665742000000e-01, 4.734881320000000e-02, 3.932196186723416e-01, 0.000000000000000e+00, 0.000000000000000e+00, 6.415414305762562e+04, 1.000000000000000e-10, 1.204184999595387e+09
112, 6.825852395999999e-01, 4.764858270000000e-02, 3.907275319642836e-01, 0.000000000000000e+00, 0.000000000000000e+00, 6.358108136582128e+04, 1.000000000000000e-10, 1.209231200121640e+09
113, 6.796028435000000e-01, 4.793757530000000e-02, 3.880138773819043e-01, 0.000000000000000e+00, 0.000000000000000e+00, 6.296339192297083e+04, 1.000000000000000e-10, 1.214876119481948e+09
114, 6.766190426000001e-01, 4.821169240000000e-02, 3.848477488281734e-01, 0.000000000000000e+00, 0.000000000000000e+00, 6.225434551078739e+04, 1.000000000000000e-10, 1.221698891584696e+09
115, 6.736344527000000e-01, 4.847710350000000e-02, 3.816975993753069e-01, 0.000000000000000e+00, 0.000000000000000e+00, 6.153009898673205e+04, 1.000000000000000e-10, 1.228229695856983e+09
116, 6.706497918000000e-01, 4.874171610000000e-02, 3.791611621026537e-01, 0.000000000000000e+00, 0.000000000000000e+00, 6.092305745664168e+04, 1.000000000000000e-10, 1.233107724910214e+09
117, 6.676654681999999e-01, 4.901010790000000e-02, 3.769829380280178e-01, 0.000000000000000e+00, 0.000000000000000e+00, 6.039499527399924e+04, 1.000000000000000e-10, 1.237205290044782e+09
118, 6.646811620999999e-01, 4.927869540000000e-02, 3.739423433956820e-01, 0.000000000000000e+00, 0.000000000000000e+00, 5.972155756365679e+04, 1.000000000000000e-10, 1.244039968518753e+09
119, 6.616968561000000e-01, 4.954728290000000e-02, 3.708497109189736e-01, 0.000000000000000e+00, 0.000000000000000e+00, 5.903837196414377e+04, 1.000000000000000e-10, 1.251125494846775e+09
120, 6.587126148000000e-01, 4.981658670000000e-02, 3.673004198063269e-01, 0.000000000000000e+00, 0.000000000000000e+00, 5.828558276645563e+04, 1.000000000000000e-10, 1.259837173828033e+09
121, 6.557287142000000e-01, 5.008964140000000e-02, 3.643633671594056e-01, 0.000000000000000e+00, 0.000000000000000e+00, 5.765947101385272e+04, 1.000000000000000e-10, 1.267062424198568e+09
122, 6.527445878000000e-01, 5.036021100000000e-02, 3.620019107903905e-01, 0.000000000000000e+00, 0.000000000000000e+00, 5.714600049257915e+04, 1.000000000000000e-10, 1.272713210923189e+09
123, 6.497595392000000e-01, 5.062038200000000e-02, 3.597714999765168e-01, 0.000000000000000e+00, 0.000000000000000e+00, 5.666221773282312e+04, 1.000000000000000e-10, 1.278129539446728e+09
124, 6.467732199000000e-01, 5.086554410000000e-02, 3.575301427955205e-01, 0.000000000000000e+00, 0.000000000000000e+00, 5.618024310211836e+04, 1.000000000000000e-10, 1.283682088534754e+09
125, 6.437861620000001e-01, 5.110156080000000e-02, 3.555713427414564e-01, 0.000000000000000e+00, 0.000000000000000e+00, 5.575365275427791e+04, 1.000000000000000e-10, 1.288406437759245e+09
126, 6.407990088000000e-01, 5.133637300000000e-02, 3.539809075193244e-01, 0.000000000000000e+00, 0.000000000000000e+00, 5.540955647033254e+04, 1.000000000000000e-10, 1.292348991567325e+09
127, 6.378123096000000e-01, 5.157688470000000e-02, 3.525640227242718e-01, 0.000000000000000e+00, 0.000000000000000e+00, 5.510697269082158e+04, 1.000000000000000e-10, 1.295964459656053e+09
128, 6.348258525000000e-01, 5.182039160000000e-02, 3.511261937262710e-01, 0.000000000000000e+00, 0.000000000000000e+00, 5.480747865878857e+04, 1.000000000000000e-10, 1.299799106856333e+09
129, 6.318390014000000e-01, 5.205900390000000e-02, 3.499598045679183e-01, 0.000000000000000e+00, 0.000000000000000e+00, 5.455662247314209e+04, 1.000000000000000e-10, 1.302756703599105e+09
130, 6.288511656000000e-01, 5.228491860000000e-02, 3.489574987018477e-01, 0.000000000000000e+00, 0.000000000000000e+00, 5.433224182593478e+04, 1.000000000000000e-10, 1.305154081281209e+09
131, 6.258622963000000e-01, 5.249674920000000e-02, 3.481118949543200e-01, 0.000000000000000e+00, 0.000000000000000e+00, 5.412680183943267e+04, 1.000000000000000e-10, 1.306817197175888e+09
132, 6.228729552000000e-01, 5.270183440000000e-02, 3.475384360378848e-01, 0.000000000000000e+00, 0.000000000000000e+00, 5.396690658947104e+04, 1.000000000000000e-10, 1.307538129585523e+09
133, 6.198836982000000e-01, 5.290814110000000e-02, 3.469973636485484e-01, 0.000000000000000e+00, 0.000000000000000e+00, 5.382310634652493e+04, 1.000000000000000e-10, 1.308337669916623e+09
134, 6.168946444000000e-01, 5.311737490000000e-02, 3.465192672950642e-01, 0.000000000000000e+00, 0.000000000000000e+00, 5.370485523909760e+04, 1.000000000000000e-10, 1.309258592895614e+09
135, 6.139055905000000e-01, 5.332660870000000e-02, 3.457238045701052e-01, 0.000000000000000e+00, 0.000000000000000e+00, 5.352681918441047e+04, 1.000000000000000e-10, 1.311147755066348e+09
136, 6.109165367000000e-01, 5.353584240000000e-02, 3.445845200901198e-01, 0.000000000000000e+00, 0.000000000000000e+00, 5.329057671834942e+04, 1.000000000000000e-10, 1.314244980883092e+09
137, 6.079276023000000e-01, 5.374677020000000e-02, 3.436064714980722e-01, 0.000000000000000e+00, 0.000000000000000e+00, 5.309409442243819e+04, 1.000000000000000e-10, 1.317005342601611e+09
138, 6.049388740000000e-01, 5.396060430000000e-02, 3.427290828670232e-01, 0.000000000000000e+00, 0.000000000000000e+00, 5.292589012736777e+04, 1.000000000000000e-10, 1.319746241665219e+09
139, 6.019498206000000e-01, 5.416983050000000e-02, 3.419294683524566e-01, 0.000000000000000e+00, 0.000000000000000e+00, 5.277557485485869e+04, 1.000000000000000e-10, 1.322268353913725e+09
140, 5.989599226000000e-01, 5.436657950000000e-02, 3.412952513092276e-01, 0.000000000000000e+00, 0.000000000000000e+00, 5.265667324563401e+04, 1.000000000000000e-10, 1.324273919326954e+09
141, 5.959691164000001e-01, 5.454903410000000e-02, 3.409093883952148e-01, 0.000000000000000e+00, 0.000000000000000e+00, 5.257967919771427e+04, 1.000000000000000e-10, 1.325387601318696e+09
142, 5.929778870000000e-01, 5.472444030000000e-02, 3.407359018078500e-01, 0.000000000000000e+00, 0.000000000000000e+00, 5.254359423428909e+04, 1.000000000000000e-10, 1.325889348628134e+09
143, 5.899867137000000e-01, 5.490079730000000e-02, 3.405745082312026e-01, 0.000000000000000e+00, 0.000000000000000e+00, 5.251067768161861e+04, 1.000000000000000e-10, 1.326347443240239e+09
144, 5.869959152999999e-01, 5.508340180000000e-02, 3.404183757779070e-01, 0.000000000000000e+00, 0.000000000000000e+00, 5.249143282832063e+04, 1.000000000000000e-10, 1.327058232092839e+09
145, 5.840051705000000e-01, 5.526688670000000e-02, 3.402266276048655e-01, 0.000000000000000e+00, 0.000000000000000e+00, 5.246206414092063e+04, 1.000000000000000e-10, 1.327836441752402e+09
146, 5.810139992000000e-01, 5.544325400000000e-02, 3.402774465760451e-01, 0.000000000000000e+00, 0.000000000000000e+00, 5.246554680728311e+04, 1.000000000000000e-10, 1.327545667194263e+09
147, 5.780220176999999e-01, 5.560526350000000e-02, 3.408470032518420e-01, 0.000000000000000e+00, 0.000000000000000e+00, 5.254949907882543e+04, 1.000000000000000e-10, 1.325237950510255e+09
148, 5.750293853000000e-01, 5.575481730000000e-02, 3.417872539143478e-01, 0.000000000000000e+00, 0.000000000000000e+00, 5.271117800811818e+04, 1.000000000000000e-10, 1.321944182822202e+09
149, 5.720365281000001e-01, 5.589982500000000e-02, 3.425729804295701e-01, 0.000000000000000e+00, 0.000000000000000e+00, 5.285619844297094e+04, 1.000000000000000e-10, 1.319393007105126e+09
150, 5.690438169000001e-01, 5.604780920000000e-02, 3.430666901432249e-01, 0.000000000000000e+00, 0.000000000000000e+00, 5.296378045654343e+04, 1.000000000000000e-10, 1.318154022655584e+09
151, 5.660511873000000e-01, 5.619744060000000e-02, 3.435319008680036e-01, 0.000000000000000e+00, 0.000000000000000e+00, 5.307331159931626e+04, 1.000000000000000e-10, 1.317154289832652e+09
152, 5.630585577000000e-01, 5.634707210000000e-02, 3.439033436245573e-01, 0.000000000000000e+00, 0.000000000000000e+00, 5.316636873700689e+04, 1.000000000000000e-10, 1.316475327656191e+09
153, 5.600659280000000e-01, 5.649670360000000e-02, 3.441872182444078e-01, 0.000000000000000e+00, 0.000000000000000e+00, 5.324803242630990e+04, 1.000000000000000e-10, 1.316172796526584e+09
154, 5.570734513000000e-01, 5.664935650000000e-02, 3.444437558785525e-01, 0.000000000000000e+00, 0.000000000000000e+00, 5.333495359963569e+04, 1.000000000000000e-10, 1.316170034879694e+09
155, 5.540810301000000e-01, 5.680309730000000e-02, 3.449052086481900e-01, 0.000000000000000e+00, 0.000000000000000e+00, 5.345860160154834e+04, 1.000000000000000e-10, 1.315470157026857e+09
156, 5.510882624000000e-01, 5.694990830000000e-02, 3.455085267496203e-01, 0.000000000000000e+00, 0.000000000000000e+00, 5.359466562713347e+04, 1.000000000000000e-10, 1.314047650826060e+09
157, 5.480948308000000e-01, 5.708244870000000e-02, 3.469049670420738e-01, 0.000000000000000e+00, 0.000000000000000e+00, 5.386104544082403e+04, 1.000000000000000e-10, 1.309796867130386e+09
158, 5.451008633000000e-01, 5.720233900000000e-02, 3.487688331892739e-01, 0.000000000000000e+00, 0.000000000000000e+00, 5.422230524966100e+04, 1.000000000000000e-10, 1.304245562716400e+09
159, 5.421067085000000e-01, 5.731748330000000e-02, 3.502306394466841e-01, 0.000000000000000e+00, 0.000000000000000e+00, 5.452091795907642e+04, 1.000000000000000e-10, 1.300207771194111e+09
160, 5.391126656000000e-01, 5.743549340000000e-02, 3.512693197502032e-01, 0.000000000000000e+00, 0.000000000000000e+00, 5.475191059590442e+04, 1.000000000000000e-10, 1.297764411125770e+09
161, 5.361186917000000e-01, 5.755525230000000e-02, 3.523299825017863e-01, 0.000000000000000e+00, 0.000000000000000e+00, 5.499137516666397e+04, 1.000000000000000e-10, 1.295319204677971e+09
162, 5.331247178000000e-01, 5.767501130000000e-02, 3.531900959151156e-01, 0.000000000000000e+00, 0.000000000000000e+00, 5.520217273595765e+04, 1.000000000000000e-10, 1.293636763955756e+09
163, 5.301307440000000e-01, 5.779477020000000e-02, 3.543736961763920e-01, 0.000000000000000e+00, 0.000000000000000e+00, 5.547429014705861e+04, 1.000000000000000e-10, 1.291011779755207e+09
164, 5.271368887000000e-01, 5.791744960000000e-02, 3.553523761275811e-01, 0.000000000000000e+00, 0.000000000000000e+00, 5.571484730514655e+04, 1.000000000000000e-10, 1.289145852779310e+09
165, 5.241430848000000e-01, 5.804138270000000e-02, 3.565714706359069e-01, 0.000000000000000e+00, 0.000000000000000e+00, 5.600253927059604e+04, 1.000000000000000e-10, 1.286567470583474e+09
166, 5.211490097000000e-01, 5.815854030000000e-02, 3.577794788400002e-01, 0.000000000000000e+00, 0.000000000000000e+00, 5.627420809437633e+04, 1.000000000000000e-10, 1.283816307665272e+09
167, 5.181544149000000e-01, 5.826150360000000e-02, 3.599465557789289e-01, 0.000000000000000e+00, 0.000000000000000e+00, 5.671225038317214e+04, 1.000000000000000e-10, 1.277933278915027e+09
168, 5.151594046000000e-01, 5.835166060000000e-02, 3.625077995197178e-01, 0.000000000000000e+00, 0.000000000000000e+00, 5.723546326032975e+04, 1.000000000000000e-10, 1.271122118572824e+09
169, 5.121642494000000e-01, 5.843690760000000e-02, 3.645038802496482e-01, 0.000000000000000e+00, 0.000000000000000e+00, 5.765940280639445e+04, 1.000000000000000e-10, 1.266077711555323e+09
170, 5.091691748000000e-01, 5.852492480000000e-02, 3.659554459696346e-01, 0.000000000000000e+00, 0.000000000000000e+00, 5.798931192256830e+04, 1.000000000000000e-10, 1.262921164407160e+09
171, 5.061741541000000e-01, 5.861477540000000e-02, 3.674956401235446e-01, 0.000000000000000e+00, 0.000000000000000e+00, 5.833912134990401e+04, 1.000000000000000e-10, 1.259556800962682e+09
172, 5.031791335000000e-01, 5.870462600000000e-02, 3.687652353906619e-01, 0.000000000000000e+00, 0.000000000000000e+00, 5.864446491568410e+04, 1.000000000000000e-10, 1.257074936128021e+09
173, 5.001841129000000e-01, 5.879447660000000e-02, 3.705945650525038e-01, 0.000000000000000e+00, 0.000000000000000e+00, 5.905927144228014e+04, 1.000000000000000e-10, 1.253021819821140e+09
174, 4.971891791000000e-01, 5.888716460000000e-02, 3.720280735724714e-01, 0.000000000000000e+00, 0.000000000000000e+00, 5.940623553748245e+04, 1.000000000000000e-10, 1.250268841490246e+09
175, 4.941942883000000e-01, 5.898124000000000e-02, 3.736670617781929e-01, 0.000000000000000e+00, 0.000000000000000e+00, 5.979811517282383e+04, 1.000000000000000e-10, 1.247037883011149e+09
176, 4.911991976000000e-01, 5.906866820000000e-02, 3.752522542209449e-01, 0.000000000000000e+00, 0.000000000000000e+00, 6.016264613940198e+04, 1.000000000000000e-10, 1.243715252267663e+09
177, 4.882037299000000e-01, 5.914197000000000e-02, 3.778606796471949e-01, 0.000000000000000e+00, 0.000000000000000e+00, 6.070761607900814e+04, 1.000000000000000e-10, 1.237281996279753e+09
178, 4.852079712000000e-01, 5.920233930000000e-02, 3.806829919331952e-01, 0.000000000000000e+00, 0.000000000000000e+00, 6.130246941786348e+04, 1.000000000000000e-10, 1.230465494413594e+09
179, 4.822121140000000e-01, 5.925766320000000e-02, 3.827626963110892e-01, 0.000000000000000e+00, 0.000000000000000e+00, 6.175378284905614e+04, 1.000000000000000e-10, 1.225667839071904e+09
180, 4.792163079000000e-01, 5.931567380000000e-02, 3.841823135610296e-01, 0.000000000000000e+00, 0.000000000000000e+00, 6.208385551287313e+04, 1.000000000000000e-10, 1.222789037086930e+09
181, 4.762205389000000e-01, 5.937558920000000e-02, 3.856391021756492e-01, 0.000000000000000e+00, 0.000000000000000e+00, 6.242151589448162e+04, 1.000000000000000e-10, 1.219822352089786e+09
182, 4.732247699000000e-01, 5.943550460000000e-02, 3.873101855811708e-01, 0.000000000000000e+00, 0.000000000000000e+00, 6.280490371029637e+04, 1.000000000000000e-10, 1.216397248715909e+09
183, 4.702290009000000e-01, 5.949542000000000e-02, 3.892039084400333e-01, 0.000000000000000e+00, 0.000000000000000e+00, 6.324471277938066e+04, 1.000000000000000e-10, 1.212586170393132e+09
184, 4.672332890000000e-01, 5.955810270000000e-02, 3.906820348130322e-01, 0.000000000000000e+00, 0.000000000000000e+00, 6.361316177854915e+04, 1.000000000000000e-10, 1.210030612948418e+09
185, 4.642376084000000e-01, 5.962228340000000e-02, 3.923706689094277e-01, 0.000000000000000e+00, 0.000000000000000e+00, 6.402509791646145e+04, 1.000000000000000e-10, 1.206959210691153e+09
186, 4.612417964000000e-01, 5.967992670000000e-02, 3.939684954425879e-01, 0.000000000000000e+00, 0.000000000000000e+00, 6.440325270379560e+04, 1.000000000000000e-10, 1.203871704452964e+09
187, 4.582457490000000e-01, 5.972350630000000e-02, 3.965025122707843e-01, 0.000000000000000e+00, 0.000000000000000e+00, 6.495126720295799e+04, 1.000000000000000e-10, 1.198194372438403e+09
188, 4.552495377000000e-01, 5.975405020000000e-02, 3.990966805678041e-01, 0.000000000000000e+00, 0.000000000000000e+00, 6.551645333727451e+04, 1.000000000000000e-10, 1.192506686251465e+09
189, 4.522532772000000e-01, 5.977943380000000e-02, 4.008903294951862e-01, 0.000000000000000e+00, 0.000000000000000e+00, 6.591312260263829e+04, 1.000000000000000e-10, 1.188692927071984e+09
190, 4.492570403000000e-01, 5.980742960000000e-02, 4.020003746074526e-01, 0.000000000000000e+00, 0.000000000000000e+00, 6.616939154365234e+04, 1.000000000000000e-10, 1.186501902219195e+09
191, 4.462608221000000e-01, 5.983739180000000e-02, 4.029924097465116e-01, 0.000000000000000e+00, 0.000000000000000e+00, 6.639285868224458e+04, 1.000000000000000e-10, 1.184489245803398e+09
192, 4.432646038000000e-01, 5.986735400000000e-02, 4.039449687849710e-01, 0.000000000000000e+00, 0.000000000000000e+00, 6.660384615439989e+04, 1.000000000000000e-10, 1.182487499077156e+09
193, 4.402683855000000e-01, 5.989731610000000e-02, 4.048948812891222e-01, 0.000000000000000e+00, 0.000000000000000e+00, 6.682420950036956e+04, 1.000000000000000e-10, 1.180594588678261e+09
194, 4.372721672000000e-01, 5.992727830000000e-02, 4.059547523560542e-01, 0.000000000000000e+00, 0.000000000000000e+00, 6.707158090117527e+04, 1.000000000000000e-10, 1.178562142101106e+09
195, 4.342759490000000e-01, 5.995724050000000e-02, 4.071334078626946e-01, 0.000000000000000e+00, 0.000000000000000e+00, 6.734862874629159e+04, 1.000000000000000e-10, 1.176376810069322e+09
196, 4.312797307000000e-01, 5.998720270000000e-02, 4.081085017456266e-01, 0.000000000000000e+00, 0.000000000000000e+00, 6.758677984870688e+04, 1.000000000000000e-10, 1.174666406173268e+09
197, 4.282835251000000e-01, 6.001838500000000e-02, 4.092012534130597e-01, 0.000000000000000e+00, 0.000000000000000e+00, 6.784630763700682e+04, 1.000000000000000e-10, 1.172628679021423e+09
198, 4.252873570000000e-01, 6.005299780000000e-02, 4.099637829765525e-01, 0.000000000000000e+00, 0.000000000000000e+00, 6.804047547313360e+04, 1.000000000000000e-10, 1.171408904682673e+09
199, 4.222911490000000e-01, 6.008389620000000e-02, 4.105343832678351e-01, 0.000000000000000e+00, 0.000000000000000e+00, 6.819035215559136e+04, 1.000000000000000e-10, 1.170560361875066e+09
200, 4.192948456000000e-01, 6.010304610000000e-02, 4.113372635081554e-01, 0.000000000000000e+00, 0.000000000000000e+00, 6.838634789862311e+04, 1.000000000000000e-10, 1.169184709719463e+09
201, 4.162984826000000e-01, 6.010734210000000e-02, 4.125386598625585e-01, 0.000000000000000e+00, 0.000000000000000e+00, 6.865580180253038e+04, 1.000000000000000e-10, 1.166725793399872e+09
202, 4.133021170000000e-01, 6.010365170000000e-02, 4.134925729311892e-01, 0.000000000000000e+00, 0.000000000000000e+00, 6.886310323652689e+04, 1.000000000000000e-10, 1.164709585386101e+09
203, 4.103057513000000e-01, 6.010004530000000e-02, 4.143211889031350e-01, 0.000000000000000e+00, 0.000000000000000e+00, 6.903195095870816e+04, 1.000000000000000e-10, 1.162807576829067e+09
204, 4.073093833000000e-01, 6.010000000000000e-02, 4.148280999531565e-01, 0.000000000000000e+00, 0.000000000000000e+00, 6.912835443013701e+04, 1.000000000000000e-10, 1.161551683347889e+09
205, 4.043130152000000e-01, 6.010000000000000e-02, 4.152895711301501e-01, 0.000000000000000e+00, 0.000000000000000e+00, 6.921232671859201e+04, 1.000000000000000e-10, 1.160358433230026e+09
206, 4.013166471000000e-01, 6.010000000000000e-02, 4.158097159311030e-01, 0.000000000000000e+00, 0.000000000000000e+00, 6.931276715739274e+04, 1.000000000000000e-10, 1.159096012328550e+09
207, 3.983202790000000e-01, 6.010000000000000e-02, 4.159757299550981e-01, 0.000000000000000e+00, 0.000000000000000e+00, 6.936232769423776e+04, 1.000000000000000e-10, 1.158934083616051e+09
208, 3.953239109000000e-01, 6.010000000000000e-02, 4.160227780405121e-01, 0.000000000000000e+00, 0.000000000000000e+00, 6.939185466588924e+04, 1.000000000000000e-10, 1.159100753227202e+09
209, 3.923275428000000e-01, 6.010000000000000e-02, 4.160301069570321e-01, 0.000000000000000e+00, 0.000000000000000e+00, 6.941390473693088e+04, 1.000000000000000e-10, 1.159366288170003e+09
210, 3.893311748000000e-01, 6.010020870000000e-02, 4.159604748831045e-01, 0.000000000000000e+00, 0.000000000000000e+00, 6.941975709564378e+04, 1.000000000000000e-10, 1.159800200339773e+09
211, 3.863348096000000e-01, 6.010425500000000e-02, 4.157875238729888e-01, 0.000000000000000e+00, 0.000000000000000e+00, 6.939851307110791e+04, 1.000000000000000e-10, 1.160387348519027e+09
212, 3.833384435000000e-01, 6.010740740000000e-02, 4.155508913178502e-01, 0.000000000000000e+00, 0.000000000000000e+00, 6.935216401086574e+04, 1.000000000000000e-10, 1.160953688828400e+09
213, 3.803420834000000e-01, 6.010159540000000e-02, 4.153855778725974e-01, 0.000000000000000e+00, 0.000000000000000e+00, 6.931832461001239e+04, 1.000000000000000e-10, 1.161333264032186e+09
214, 3.773457918000000e-01, 6.008061910000000e-02, 4.153594461890419e-01, 0.000000000000000e+00, 0.000000000000000e+00, 6.931464960620829e+04, 1.000000000000000e-10, 1.161415771949338e+09
215, 3.743495929000000e-01, 6.004884090000000e-02, 4.153027017219992e-01, 0.000000000000000e+00, 0.000000000000000e+00, 6.929934504921552e+04, 1.000000000000000e-10, 1.161493054608263e+09
216, 3.713534236000000e-01, 6.001432620000000e-02, 4.151812674863843e-01, 0.000000000000000e+00, 0.000000000000000e+00, 6.925405659026196e+04, 1.000000000000000e-10, 1.161487789677201e+09
217, 3.683572136000000e-01, 5.998357210000000e-02, 4.149320526790868e-01, 0.000000000000000e+00, 0.000000000000000e+00, 6.917231467584945e+04, 1.000000000000000e-10, 1.161630833516457e+09
218, 3.653609953000000e-01, 5.995361000000000e-02, 4.146701096939467e-01, 0.000000000000000e+00, 0.000000000000000e+00, 6.909076728704390e+04, 1.000000000000000e-10, 1.161861786862741e+09
219, 3.623647770000000e-01, 5.992364780000000e-02, 4.143946050287445e-01, 0.000000000000000e+00, 0.000000000000000e+00, 6.901240528625027e+04, 1.000000000000000e-10, 1.162184766964614e+09
220, 3.593685587000000e-01, 5.989368560000000e-02, 4.141406914808914e-01, 0.000000000000000e+00, 0.000000000000000e+00, 6.894245601084472e+04, 1.000000000000000e-10, 1.162513705716398e+09
221, 3.563723404000000e-01, 5.986372340000000e-02, 4.138897320843877e-01, 0.000000000000000e+00, 0.000000000000000e+00, 6.887681491229743e+04, 1.000000000000000e-10, 1.162887211860365e+09
222, 3.533761221000000e-01, 5.983376120000000e-02, 4.134913783121346e-01, 0.000000000000000e+00, 0.000000000000000e+00, 6.878975755652490e+04, 1.000000000000000e-10, 1.163681800851901e+09
223, 3.503799039000000e-01, 5.980379900000000e-02, 4.129347577490682e-01, 0.000000000000000e+00, 0.000000000000000e+00, 6.867567139387182e+04, 1.000000000000000e-10, 1.164950598143587e+09
224, 3.473836618000000e-01, 5.977636380000000e-02, 4.121730554475403e-01, 0.000000000000000e+00, 0.000000000000000e+00, 6.852659716691387e+04, 1.000000000000000e-10, 1.166805560844006e+09
225, 3.443874030000000e-01, 5.975078450000000e-02, 4.113329427015403e-01, 0.000000000000000e+00, 0.000000000000000e+00, 6.835491101405463e+04, 1.000000000000000e-10, 1.168769483657589e+09
226, 3.413912043000000e-01, 5.971906720000000e-02, 4.106116549110859e-01, 0.000000000000000e+00, 0.000000000000000e+00, 6.819325177293058e+04, 1.000000000000000e-10, 1.170232367004128e+09
227, 3.383951856000000e-01, 5.967355900000000e-02, 4.098713600173645e-01, 0.000000000000000e+00, 0.000000000000000e+00, 6.802256794260671e+04, 1.000000000000000e-10, 1.171609098211700e+09
228, 3.353993970000000e-01, 5.961469410000000e-02, 4.091649235343463e-01, 0.000000000000000e+00, 0.000000000000000e+00, 6.784896180095569e+04, 1.000000000000000e-10, 1.172896505639468e+09
229, 3.324037216000000e-01, 5.955026900000000e-02, 4.086387698142626e-01, 0.000000000000000e+00, 0.000000000000000e+00, 6.769990935167282e+04, 1.000000000000000e-10, 1.173524629168216e+09
230, 3.294079977000000e-01, 5.948816000000000e-02, 4.081927961815380e-01, 0.000000000000000e+00, 0.000000000000000e+00, 6.757393690951898e+04, 1.000000000000000e-10, 1.174061477194778e+09
231, 3.264122288000000e-01, 5.942824460000000e-02, 4.077034735268561e-01, 0.000000000000000e+00, 0.000000000000000e+00, 6.745426027674720e+04, 1.000000000000000e-10, 1.174905771198657e+09
232, 3.234164598000000e-01, 5.936832920000000e-02, 4.073432952636308e-01, 0.000000000000000e+00, 0.000000000000000e+00, 6.736634068801104e+04, 1.000000000000000e-10, 1.175507310034741e+09
233, 3.204206908000000e-01, 5.930841380000000e-02, 4.070810730654055e-01, 0.000000000000000e+00, 0.000000000000000e+00, 6.729554007622153e+04, 1.000000000000000e-10, 1.175869559257011e+09
234, 3.174249218000000e-01, 5.924849840000000e-02, 4.066178612231843e-01, 0.000000000000000e+00, 0.000000000000000e+00, 6.718770101913063e+04, 1.000000000000000e-10, 1.176757880568376e+09
235, 3.144291528000000e-01, 5.918858310000000e-02, 4.060110263041221e-01, 0.000000000000000e+00, 0.000000000000000e+00, 6.704543343420724e+04, 1.000000000000000e-10, 1.177917113702151e+09
236, 3.114333838000000e-01, 5.912866770000000e-02, 4.052692468736379e-01, 0.000000000000000e+00, 0.000000000000000e+00, 6.687565602965803e+04, 1.000000000000000e-10, 1.179385747062503e+09
237, 3.084375946000000e-01, 5.906978170000000e-02, 4.042668793414080e-01, 0.000000000000000e+00, 0.000000000000000e+00, 6.666037922706387e+04, 1.000000000000000e-10, 1.181570205662056e+09
238, 3.054417368000000e-01, 5.901448810000000e-02, 4.033520169733384e-01, 0.000000000000000e+00, 0.000000000000000e+00, 6.646356209782467e+04, 1.000000000000000e-10, 1.183576615634421e+09
239, 3.024459424000000e-01, 5.895589760000000e-02, 4.026260316128576e-01, 0.000000000000000e+00, 0.000000000000000e+00, 6.630424686163176e+04, 1.000000000000000e-10, 1.185150942892463e+09
240, 2.994503937000000e-01, 5.888596610000000e-02, 4.019290550908654e-01, 0.000000000000000e+00, 0.000000000000000e+00, 6.615983137826709e+04, 1.000000000000000e-10, 1.186767568256045e+09
241, 2.964552315000000e-01, 5.880104250000000e-02, 4.010435044140787e-01, 0.000000000000000e+00, 0.000000000000000e+00, 6.598252951203445e+04, 1.000000000000000e-10, 1.188926520091718e+09
242, 2.934603172000000e-01, 5.870772480000000e-02, 4.001663803477871e-01, 0.000000000000000e+00, 0.000000000000000e+00, 6.579839173894815e+04, 1.000000000000000e-10, 1.190937776069028e+09
243, 2.904654134000000e-01, 5.861406570000000e-02, 3.993261497235582e-01, 0.000000000000000e+00, 0.000000000000000e+00, 6.561299849237067e+04, 1.000000000000000e-10, 1.192711296077802e+09
244, 2.874703256000000e-01, 5.852650000000000e-02, 3.985146891731804e-01, 0.000000000000000e+00, 0.000000000000000e+00, 6.543028934791655e+04, 1.000000000000000e-10, 1.194396777822259e+09
245, 2.844751753000000e-01, 5.844108520000000e-02, 3.975825076767688e-01, 0.000000000000000e+00, 0.000000000000000e+00, 6.522129735317604e+04, 1.000000000000000e-10, 1.196354500718527e+09
246, 2.814802001000000e-01, 5.834977820000000e-02, 3.968831196659039e-01, 0.000000000000000e+00, 0.000000000000000e+00, 6.505354686172113e+04, 1.000000000000000e-10, 1.197657298168453e+09
247, 2.784856726000000e-01, 5.824487900000000e-02, 3.961748345138828e-01, 0.000000000000000e+00, 0.000000000000000e+00, 6.488341911146563e+04, 1.000000000000000e-10, 1.198973874521398e+09
248, 2.754916466000000e-01, 5.812646400000000e-02, 3.956302209729763e-01, 0.000000000000000e+00, 0.000000000000000e+00, 6.474133055478668e+04, 1.000000000000000e-10, 1.199835389937343e+09
249, 2.724978541000000e-01, 5.800225460000000e-02, 3.954307804042810e-01, 0.000000000000000e+00, 0.000000000000000e+00, 6.465622228810260e+04, 1.000000000000000e-10, 1.199636138660362e+09
250, 2.695039750000000e-01, 5.788015900000000e-02, 3.952191055691369e-01, 0.000000000000000e+00, 0.000000000000000e+00, 6.457635720048602e+04, 1.000000000000000e-10, 1.199562328135651e+09
251, 2.665100011000000e-01, 5.776040000000000e-02, 3.950262849789767e-01, 0.000000000000000e+00, 0.000000000000000e+00, 6.450901735537306e+04, 1.000000000000000e-10, 1.199597061916026e+09
252, 2.635160273000000e-01, 5.764064110000000e-02, 3.948573109728583e-01, 0.000000000000000e+00, 0.000000000000000e+00, 6.445813836216660e+04, 1.000000000000000e-10, 1.199742536844519e+09
253, 2.605220534000000e-01, 5.752088210000000e-02, 3.945476803389507e-01, 0.000000000000000e+00, 0.000000000000000e+00, 6.438312618578247e+04, 1.000000000000000e-10, 1.200306943106333e+09
254, 2.575280795000000e-01, 5.740112320000000e-02, 3.941353315637454e-01, 0.000000000000000e+00, 0.000000000000000e+00, 6.428535133060011e+04, 1.000000000000000e-10, 1.201091734047353e+09
255, 2.545341057000000e-01, 5.728136420000000e-02, 3.934691630316267e-01, 0.000000000000000e+00, 0.000000000000000e+00, 6.413327925526206e+04, 1.000000000000000e-10, 1.202465541048344e+09
256, 2.515401318000000e-01, 5.716160530000000e-02, 3.925491417244233e-01, 0.000000000000000e+00, 0.000000000000000e+00, 6.393418572333545e+04, 1.000000000000000e-10, 1.204518104276460e+09
257, 2.485461222000000e-01, 5.704274810000000e-02, 3.913389240104452e-01, 0.000000000000000e+00, 0.000000000000000e+00, 6.368495308872673e+04, 1.000000000000000e-10, 1.207403702312304e+09
258, 2.455519687000000e-01, 5.692757100000000e-02, 3.899753337992765e-01, 0.000000000000000e+00, 0.000000000000000e+00, 6.340667270040562e+04, 1.000000000000000e-10, 1.210743734994687e+09
259, 2.425579324000000e-01, 5.680940080000000e-02, 3.886473554200193e-01, 0.000000000000000e+00, 0.000000000000000e+00, 6.314122107912107e+04, 1.000000000000000e-10, 1.214109175186643e+09
260, 2.395643498000000e-01, 5.668030080000000e-02, 3.873690472876848e-01, 0.000000000000000e+00, 0.000000000000000e+00, 6.288383521667580e+04, 1.000000000000000e-10, 1.217319132455819e+09
261, 2.365712773000000e-01, 5.653982940000000e-02, 3.864301020089439e-01, 0.000000000000000e+00, 0.000000000000000e+00, 6.267704121856949e+04, 1.000000000000000e-10, 1.219356107073620e+09
262, 2.335786376000000e-01, 5.639042170000000e-02, 3.861284752171951e-01, 0.000000000000000e+00, 0.000000000000000e+00, 6.258327531098085e+04, 1.000000000000000e-10, 1.219563584139360e+09
263, 2.305864572000000e-01, 5.623208320000000e-02, 3.861390339279424e-01, 0.000000000000000e+00, 0.000000000000000e+00, 6.255597636212074e+04, 1.000000000000000e-10, 1.219137072575008e+09
264, 2.275948873000000e-01, 5.606262990000000e-02, 3.862039525327250e-01, 0.000000000000000e+00, 0.000000000000000e+00, 6.253802286227350e+04, 1.000000000000000e-10, 1.218472592229727e+09
265, 2.246039719000000e-01, 5.588195720000000e-02, 3.862144199243599e-01, 0.000000000000000e+00, 0.000000000000000e+00, 6.251043063860889e+04, 1.000000000000000e-10, 1.217956096289975e+09
266, 2.216132630000000e-01, 5.569788720000000e-02, 3.862441252030144e-01, 0.000000000000000e+00, 0.000000000000000e+00, 6.248900724635466e+04, 1.000000000000000e-10, 1.217438943164210e+09
267, 2.186223396000000e-01, 5.551734040000000e-02, 3.862470518481881e-01, 0.000000000000000e+00, 0.000000000000000e+00, 6.246555069178731e+04, 1.000000000000000e-10, 1.217057604756888e+09
268, 2.156313504000000e-01, 5.533788100000000e-02, 3.856170077505341e-01, 0.000000000000000e+00, 0.000000000000000e+00, 6.232825955217525e+04, 1.000000000000000e-10, 1.218472553661017e+09
269, 2.126403613000000e-01, 5.515842170000000e-02, 3.849191736849494e-01, 0.000000000000000e+00, 0.000000000000000e+00, 6.218824322165737e+04, 1.000000000000000e-10, 1.220219272572757e+09
270, 2.096493686000000e-01, 5.497902140000000e-02, 3.841867222467865e-01, 0.000000000000000e+00, 0.000000000000000e+00, 6.204666707498347e+04, 1.000000000000000e-10, 1.222156334118447e+09
271, 2.066581632000000e-01, 5.480320770000000e-02, 3.834236973971541e-01, 0.000000000000000e+00, 0.000000000000000e+00, 6.189033536144534e+04, 1.000000000000000e-10, 1.224045639670049e+09
272, 2.036669592000000e-01, 5.462737120000000e-02, 3.829282762057995e-01, 0.000000000000000e+00, 0.000000000000000e+00, 6.178315840875512e+04, 1.000000000000000e-10, 1.225171075746885e+09
273, 2.006762392000000e-01, 5.444351370000000e-02, 3.824956230225290e-01, 0.000000000000000e+00, 0.000000000000000e+00, 6.168506157500835e+04, 1.000000000000000e-10, 1.226104075353294e+09
274, 1.976864651000000e-01, 5.424488690000000e-02, 3.819943680070597e-01, 0.000000000000000e+00, 0.000000000000000e+00, 6.157228262429479e+04, 1.000000000000000e-10, 1.227162070661921e+09
275, 1.946974808000000e-01, 5.403467400000000e-02, 3.814595140470109e-01, 0.000000000000000e+00, 0.000000000000000e+00, 6.144893940141017e+04, 1.000000000000000e-10, 1.228278028410222e+09
276, 1.917087537000000e-01, 5.382082320000000e-02, 3.809881989423194e-01, 0.000000000000000e+00, 0.000000000000000e+00, 6.133368770680010e+04, 1.000000000000000e-10, 1.229163339733916e+09
277, 1.887197351000000e-01, 5.361109610000000e-02, 3.803408009197317e-01, 0.000000000000000e+00, 0.000000000000000e+00, 6.119097845382186e+04, 1.000000000000000e-10, 1.230613243844863e+09
278, 1.857303707000000e-01, 5.340634910000000e-02, 3.796427107520852e-01, 0.000000000000000e+00, 0.000000000000000e+00, 6.104447194165057e+04, 1.000000000000000e-10, 1.232303180353961e+09
279, 1.827411789000000e-01, 5.319910420000000e-02, 3.789919167587157e-01, 0.000000000000000e+00, 0.000000000000000e+00, 6.091270161586364e+04, 1.000000000000000e-10, 1.233931829808604e+09
280, 1.797527313000000e-01, 5.298142430000000e-02, 3.784009900118435e-01, 0.000000000000000e+00, 0.000000000000000e+00, 6.079277335613508e+04, 1.000000000000000e-10, 1.235442250725358e+09
281, 1.767651486000000e-01, 5.275215400000000e-02, 3.780902621330599e-01, 0.000000000000000e+00, 0.000000000000000e+00, 6.071965229376597e+04, 1.000000000000000e-10, 1.236075161909865e+09
282, 1.737782598000000e-01, 5.251401450000000e-02, 3.780939687307872e-01, 0.000000000000000e+00, 0.000000000000000e+00, 6.070635804092485e+04, 1.000000000000000e-10, 1.235828252902267e+09
283, 1.707920907000000e-01, 5.226701400000000e-02, 3.781711054767856e-01, 0.000000000000000e+00, 0.000000000000000e+00, 6.071212454166360e+04, 1.000000000000000e-10, 1.235464334169018e+09
284, 1.678068289000000e-01, 5.200929790000000e-02, 3.782680049150104e-01, 0.000000000000000e+00, 0.000000000000000e+00, 6.071859341047060e+04, 1.000000000000000e-10, 1.234983686121439e+09
285, 1.648225830000000e-01, 5.174005310000000e-02, 3.781664410598068e-01, 0.000000000000000e+00, 0.000000000000000e+00, 6.068570695699406e+04, 1.000000000000000e-10, 1.235035078128358e+09
286, 1.618386948000000e-01, 5.146686210000000e-02, 3.780179233782704e-01, 0.000000000000000e+00, 0.000000000000000e+00, 6.064238809311456e+04, 1.000000000000000e-10, 1.235224610513125e+09
287, 1.588544609000000e-01, 5.119748250000000e-02, 3.777110467397182e-01, 0.000000000000000e+00, 0.000000000000000e+00, 6.057250759487903e+04, 1.000000000000000e-10, 1.235878213374229e+09
288, 1.558697631000000e-01, 5.093328530000000e-02, 3.774161158522650e-01, 0.000000000000000e+00, 0.000000000000000e+00, 6.050662153768997e+04, 1.000000000000000e-10, 1.236543122491148e+09
289, 1.528852535000000e-01, 5.066697530000000e-02, 3.772125287775345e-01, 0.000000000000000e+00, 0.000000000000000e+00, 6.045943018384399e+04, 1.000000000000000e-10, 1.236963155717817e+09
290, 1.499016570000000e-01, 5.039064780000000e-02, 3.769979824853592e-01, 0.000000000000000e+00, 0.000000000000000e+00, 6.040722408522883e+04, 1.000000000000000e-10, 1.237346369706658e+09
291, 1.469194872000000e-01, 5.009932340000000e-02, 3.767085223639697e-01, 0.000000000000000e+00, 0.000000000000000e+00, 6.033549978929583e+04, 1.000000000000000e-10, 1.237865118177745e+09
292, 1.439382559000000e-01, 4.979852640000000e-02, 3.763874317879636e-01, 0.000000000000000e+00, 0.000000000000000e+00, 6.025230010682414e+04, 1.000000000000000e-10, 1.238362636730977e+09
293, 1.409571857000000e-01, 4.949613280000000e-02, 3.761046549293635e-01, 0.000000000000000e+00, 0.000000000000000e+00, 6.017775029329607e+04, 1.000000000000000e-10, 1.238755677695789e+09
294, 1.379755682000000e-01, 4.919919110000000e-02, 3.757202331052672e-01, 0.000000000000000e+00, 0.000000000000000e+00, 6.008932999375978e+04, 1.000000000000000e-10, 1.239575067517615e+09
295, 1.349936162000000e-01, 4.890561960000000e-02, 3.750900166934011e-01, 0.000000000000000e+00, 0.000000000000000e+00, 5.996351523813697e+04, 1.000000000000000e-10, 1.241241876902848e+09
296, 1.320121036000000e-01, 4.860762960000000e-02, 3.743632507012319e-01, 0.000000000000000e+00, 0.000000000000000e+00, 5.982260715336629e+04, 1.000000000000000e-10, 1.243235314780725e+09
297, 1.290317925000000e-01, 4.829786950000000e-02, 3.735439992431041e-01, 0.000000000000000e+00, 0.000000000000000e+00, 5.966059639032317e+04, 1.000000000000000e-10, 1.245422222137641e+09
298, 1.260525769000000e-01, 4.797772950000000e-02, 3.729262047805210e-01, 0.000000000000000e+00, 0.000000000000000e+00, 5.952645110399529e+04, 1.000000000000000e-10, 1.246859044169024e+09
299, 1.230743167000000e-01, 4.764882070000000e-02, 3.725114571901316e-01, 0.000000000000000e+00, 0.000000000000000e+00, 5.942398104332435e+04, 1.000000000000000e-10, 1.247629859654786e+09
300, 1.200970366000000e-01, 4.731115450000000e-02, 3.722188201415476e-01, 0.000000000000000e+00, 0.000000000000000e+00, 5.934376941554592e+04, 1.000000000000000e-10, 1.248024576471746e+09
301, 1.171207615000000e-01, 4.696474260000000e-02, 3.719818441155325e-01, 0.000000000000000e+00, 0.000000000000000e+00, 5.927536872563506e+04, 1.000000000000000e-10, 1.248283173459318e+09
302, 1.141455159000000e-01, 4.660959680000000e-02, 3.717606317440497e-01, 0.000000000000000e+00, 0.000000000000000e+00, 5.921085154271784e+04, 1.000000000000000e-10, 1.248504237757405e+09
303, 1.111713243000000e-01, 4.624572950000000e-02, 3.715297748364152e-01, 0.000000000000000e+00, 0.000000000000000e+00, 5.914491200032814e+04, 1.000000000000000e-10, 1.248767458672011e+09
304, 1.081982111000000e-01, 4.587315320000000e-02, 3.712661263711107e-01, 0.000000000000000e+00, 0.000000000000000e+00, 5.907386338439277e+04, 1.000000000000000e-10, 1.249153963024372e+09
305, 1.052262005000000e-01, 4.549188050000000e-02, 3.709461273359912e-01, 0.000000000000000e+00, 0.000000000000000e+00, 5.899630992202189e+04, 1.000000000000000e-10, 1.249761838063760e+09
306, 1.022553168000000e-01, 4.510192450000000e-02, 3.705322062882122e-01, 0.000000000000000e+00, 0.000000000000000e+00, 5.891144376280066e+04, 1.000000000000000e-10, 1.250783996580660e+09
307, 9.928555240000000e-02, 4.470353130000000e-02, 3.699730064070676e-01, 0.000000000000000e+00, 0.000000000000000e+00, 5.881410416968937e+04, 1.000000000000000e-10, 1.252525006363059e+09
308, 9.631645150000000e-02, 4.430022190000000e-02, 3.693328756192812e-01, 0.000000000000000e+00, 0.000000000000000e+00, 5.871455986616808e+04, 1.000000000000000e-10, 1.254735329802280e+09
309, 9.334866629999999e-02, 4.388735710000000e-02, 3.685525915718993e-01, 0.000000000000000e+00, 0.000000000000000e+00, 5.859773952225398e+04, 1.000000000000000e-10, 1.257545188152710e+09
310, 9.038333000000000e-02, 4.345728190000000e-02, 3.677429058968386e-01, 0.000000000000000e+00, 0.000000000000000e+00, 5.846861103986717e+04, 1.000000000000000e-10, 1.260311032854040e+09
311, 8.742106760000000e-02, 4.300650920000000e-02, 3.670794659064774e-01, 0.000000000000000e+00, 0.000000000000000e+00, 5.834792937961956e+04, 1.000000000000000e-10, 1.262297431638688e+09
312, 8.446147179999999e-02, 4.253854550000000e-02, 3.667435757642781e-01, 0.000000000000000e+00, 0.000000000000000e+00, 5.827216528576214e+04, 1.000000000000000e-10, 1.263070543532201e+09
313, 8.150462410000001e-02, 4.205352220000000e-02, 3.666311208146693e-01, 0.000000000000000e+00, 0.000000000000000e+00, 5.823082350365588e+04, 1.000000000000000e-10, 1.263033970122974e+09
314, 7.855061400000000e-02, 4.155150370000000e-02, 3.666385181857333e-01, 0.000000000000000e+00, 0.000000000000000e+00, 5.821045307559693e+04, 1.000000000000000e-10, 1.262614749060960e+09
315, 7.559953120000000e-02, 4.103255620000000e-02, 3.666870331330466e-01, 0.000000000000000e+00, 0.000000000000000e+00, 5.820097945190948e+04, 1.000000000000000e-10, 1.262114092099553e+09
316, 7.265146290000001e-02, 4.049674770000000e-02, 3.667078514838518e-01, 0.000000000000000e+00, 0.000000000000000e+00, 5.819506221880101e+04, 1.000000000000000e-10, 1.261915303358686e+09
317, 6.970648800000000e-02, 3.994418840000000e-02, 3.666252766903869e-01, 0.000000000000000e+00, 0.000000000000000e+00, 5.818156269471158e+04, 1.000000000000000e-10, 1.262192381452382e+09
318, 6.676405530000000e-02, 3.937824060000000e-02, 3.663354623378527e-01, 0.000000000000000e+00, 0.000000000000000e+00, 5.814893180187434e+04, 1.000000000000000e-10, 1.263432744851592e+09
319, 6.382483080000000e-02, 3.879587770000000e-02, 3.658247341928551e-01, 0.000000000000000e+00, 0.000000000000000e+00, 5.809657853035985e+04, 1.000000000000000e-10, 1.265679730407876e+09
320, 6.089039250000000e-02, 3.818988410000000e-02, 3.652792360890841e-01, 0.000000000000000e+00, 0.000000000000000e+00, 5.804020269347868e+04, 1.000000000000000e-10, 1.268121855875668e+09
321, 5.796159620000000e-02, 3.755716460000000e-02, 3.648656860742687e-01, 0.000000000000000e+00, 0.000000000000000e+00, 5.799640208265354e+04, 1.000000000000000e-10, 1.269958680101628e+09
322, 5.503766030000000e-02, 3.690236230000000e-02, 3.644852681372600e-01, 0.000000000000000e+00, 0.000000000000000e+00, 5.796365376923568e+04, 1.000000000000000e-10, 1.271790561449318e+09
323, 5.212020500000000e-02, 3.621928960000000e-02, 3.641193521472182e-01, 0.000000000000000e+00, 0.000000000000000e+00, 5.792875720757093e+04, 1.000000000000000e-10, 1.273499833001663e+09
324, 4.921095930000000e-02, 3.550206810000000e-02, 3.637887058805588e-01, 0.000000000000000e+00, 0.000000000000000e+00, 5.788532368618660e+04, 1.000000000000000e-10, 1.274825424317762e+09
325, 4.630834710000000e-02, 3.475842740000000e-02, 3.633299413969753e-01, 0.000000000000000e+00, 0.000000000000000e+00, 5.782600690993830e+04, 1.000000000000000e-10, 1.276686527444950e+09
326, 4.341443290000000e-02, 3.398167710000000e-02, 3.627897025244194e-01, 0.000000000000000e+00, 0.000000000000000e+00, 5.776604189644138e+04, 1.000000000000000e-10, 1.279035930294074e+09
327, 4.053329480000000e-02, 3.315886600000000e-02, 3.623752496906290e-01, 0.000000000000000e+00, 0.000000000000000e+00, 5.774182528457688e+04, 1.000000000000000e-10, 1.281295322620040e+09
328, 3.766462370000000e-02, 3.229347590000000e-02, 3.619628303642740e-01, 0.000000000000000e+00, 0.000000000000000e+00, 5.774903567419062e+04, 1.000000000000000e-10, 1.284104456103848e+09
329, 3.480664810000000e-02, 3.139349160000000e-02, 3.613900324247052e-01, 0.000000000000000e+00, 0.000000000000000e+00, 5.780611581256215e+04, 1.000000000000000e-10, 1.288892980347435e+09
330, 3.196977470000000e-02, 3.042923390000000e-02, 3.611042928131755e-01, 0.000000000000000e+00, 0.000000000000000e+00, 5.796413492714071e+04, 1.000000000000000e-10, 1.293557989351471e+09
331, 2.916436760000000e-02, 2.937700070000000e-02, 3.616283221285904e-01, 0.000000000000000e+00, 0.000000000000000e+00, 5.824051752181656e+04, 1.000000000000000e-10, 1.295233915922799e+09
332, 2.638083370000000e-02, 2.826801140000000e-02, 3.623837993482474e-01, 0.000000000000000e+00, 0.000000000000000e+00, 5.863971270890070e+04, 1.000000000000000e-10, 1.297628176168841e+09
333, 2.362898530000000e-02, 2.708283520000000e-02, 3.633262540232304e-01, 0.000000000000000e+00, 0.000000000000000e+00, 5.910002549921128e+04, 1.000000000000000e-10, 1.299769965409407e+09
334, 2.092840090000000e-02, 2.578537860000000e-02, 3.659925793395176e-01, 0.000000000000000e+00, 0.000000000000000e+00, 5.989041540108216e+04, 1.000000000000000e-10, 1.296451336918661e+09
335, 1.829564720000000e-02, 2.435529470000000e-02, 3.691744016746078e-01, 0.000000000000000e+00, 0.000000000000000e+00, 6.064518971938414e+04, 1.000000000000000e-10, 1.289548683357916e+09
336, 1.571975790000000e-02, 2.282485310000000e-02, 3.732011920837476e-01, 0.000000000000000e+00, 0.000000000000000e+00, 6.141582612743108e+04, 1.000000000000000e-10, 1.277508343402301e+09
337, 1.319128670000000e-02, 2.121724900000000e-02, 3.813348230936670e-01, 0.000000000000000e+00, 0.000000000000000e+00, 6.305505702054482e+04, 1.000000000000000e-10, 1.255197374163977e+09
338, 1.071855140000000e-02, 1.952532850000000e-02, 3.920481315862820e-01, 0.000000000000000e+00, 0.000000000000000e+00, 6.518119384627665e+04, 1.000000000000000e-10, 1.226385384652822e+09
339, 8.357752600000001e-03, 1.768194770000000e-02, 4.050071007907645e-01, 0.000000000000000e+00, 0.000000000000000e+00, 6.805234941855598e+04, 1.000000000000000e-10, 1.196674990030036e+09
340, 6.234852000000000e-03, 1.557056300000000e-02, 4.208976595314688e-01, 0.000000000000000e+00, 0.000000000000000e+00, 7.113844897706551e+04, 1.000000000000000e-10, 1.155592496632137e+09
341, 4.319046800000000e-03, 1.326691890000000e-02, 4.394303575173014e-01, 0.000000000000000e+00, 0.000000000000000e+00, 7.503039448738619e+04, 1.000000000000000e-10, 1.116108376521597e+09
342, 2.659048500000000e-03, 1.078063400000000e-02, 4.546159301247551e-01, 0.000000000000000e+00, 0.000000000000000e+00, 7.764273059917889e+04, 1.000000000000000e-10, 1.079586580281528e+09
343, 1.585549600000000e-03, 7.986006000000000e-03, 4.804335640991165e-01, 0.000000000000000e+00, 0.000000000000000e+00, 8.317535062730049e+04, 1.000000000000000e-10, 1.032961134719191e+09
344, 7.472436000000000e-04, 5.109934500000000e-03, 4.939227702471649e-01, 0.000000000000000e+00, 0.000000000000000e+00, 8.532086474770989e+04, 1.000000000000000e-10, 1.002934323193703e+09
345, 1.626159000000000e-04, 2.172660000000000e-03, 5.110273554186326e-01, 0.000000000000000e+00, 0.000000000000000e+00, 8.868544174854424e+04, 1.000000000000000e-10, 9.728530640089169e+08
346, 2.551370000000000e-05, -8.154233000000000e-04, 5.134468417153591e-01, 0.000000000000000e+00, 0.000000000000000e+00, 8.919328217144316e+04, 1.000000000000000e-10, 9.680044489135253e+08
347, 4.418631000000000e-04, -3.780176900000000e-03, 5.112329250910895e-01, 0.000000000000000e+00, 0.000000000000000e+00, 8.878497201530446e+04, 1.000000000000000e-10, 9.736777359210653e+08
348, 1.178979700000000e-03, -6.683559600000000e-03, 4.943046523864580e-01, 0.000000000000000e+00, 0.000000000000000e+00, 8.545939456907303e+04, 1.000000000000000e-10, 1.003339729662568e+09
349, 2.119737600000000e-03, -9.527886300000000e-03, 4.877513856224035e-01, 0.000000000000000e+00, 0.000000000000000e+00, 8.450991280358141e+04, 1.000000000000000e-10, 1.018621061235545e+09
350, 3.491510200000000e-03, -1.218239690000000e-02, 4.540130953359607e-01, 0.000000000000000e+00, 0.000000000000000e+00, 7.725989053147177e+04, 1.000000000000000e-10, 1.078642992889764e+09
351, 5.352275100000000e-03, -1.453005090000000e-02, 4.493926778515300e-01, 0.000000000000000e+00, 0.000000000000000e+00, 7.689149376865911e+04, 1.000000000000000e-10, 1.094595923124285e+09
352, 7.355607900000000e-03, -1.675624800000000e-02, 4.195281013061874e-01, 0.000000000000000e+00, 0.000000000000000e+00, 7.075646938388103e+04, 1.000000000000000e-10, 1.158799252454369e+09
353, 9.621932400000000e-03, -1.871350840000000e-02, 4.155703276357806e-01, 0.000000000000000e+00, 0.000000000000000e+00, 7.004020175607507e+04, 1.000000000000000e-10, 1.169787618380194e+09
354, 1.205590760000000e-02, -2.046042230000000e-02, 4.000106509102806e-01, 0.000000000000000e+00, 0.000000000000000e+00, 6.692352277948961e+04, 1.000000000000000e-10, 1.208174235771273e+09
355, 1.455955480000000e-02, -2.210638150000000e-02, 3.935130625428324e-01, 0.000000000000000e+00, 0.000000000000000e+00, 6.586107540048752e+04, 1.000000000000000e-10, 1.228500612914582e+09
356, 1.711312970000000e-02, -2.367378560000000e-02, 3.871252570898005e-01, 0.000000000000000e+00, 0.000000000000000e+00, 6.466649551151648e+04, 1.000000000000000e-10, 1.246784654330756e+09
357, 1.972005420000000e-02, -2.515057360000000e-02, 3.843324956296083e-01, 0.000000000000000e+00, 0.000000000000000e+00, 6.410636480860361e+04, 1.000000000000000e-10, 1.254282479533841e+09
358, 2.239892040000000e-02, -2.649200820000000e-02, 3.818549504770082e-01, 0.000000000000000e+00, 0.000000000000000e+00, 6.347338931468911e+04, 1.000000000000000e-10, 1.258849318403743e+09
359, 2.514218880000000e-02, -2.769671360000000e-02, 3.800213789411586e-01, 0.000000000000000e+00, 0.000000000000000e+00, 6.295803531392079e+04, 1.000000000000000e-10, 1.261723548403213e+09
360, 2.792514050000000e-02, -2.880708720000000e-02, 3.796808517484489e-01, 0.000000000000000e+00, 0.000000000000000e+00, 6.267715107386430e+04, 1.000000000000000e-10, 1.259140981322093e+09
361, 3.072579640000000e-02, -2.987219160000000e-02, 3.799451214411710e-01, 0.000000000000000e+00, 0.000000000000000e+00, 6.257769782885459e+04, 1.000000000000000e-10, 1.255897973203203e+09
362, 3.355101120000000e-02, -3.087007190000000e-02, 3.807526724805959e-01, 0.000000000000000e+00, 0.000000000000000e+00, 6.255796530877816e+04, 1.000000000000000e-10, 1.250732744878302e+09
363, 3.640010390000000e-02, -3.179774150000000e-02, 3.819360310682420e-01, 0.000000000000000e+00, 0.000000000000000e+00, 6.258359180294817e+04, 1.000000000000000e-10, 1.244110459360237e+09
364, 3.926405390000000e-02, -3.267859480000000e-02, 3.830423039554201e-01, 0.000000000000000e+00, 0.000000000000000e+00, 6.264349167122407e+04, 1.000000000000000e-10, 1.238535184350966e+09
365, 4.213857070000000e-02, -3.352425530000000e-02, 3.841106533596580e-01, 0.000000000000000e+00, 0.000000000000000e+00, 6.274869257288324e+04, 1.000000000000000e-10, 1.233990801370099e+09
366, 4.502736230000000e-02, -3.431981760000000e-02, 3.850606935000910e-01, 0.000000000000000e+00, 0.000000000000000e+00, 6.284490783364818e+04, 1.000000000000000e-10, 1.230000017902724e+09
367, 4.792660680000000e-02, -3.507646140000000e-02, 3.859200422802987e-01, 0.000000000000000e+00, 0.000000000000000e+00, 6.295870635869516e+04, 1.000000000000000e-10, 1.226834895970897e+09
368, 5.083275460000000e-02, -3.580616600000000e-02, 3.869793768835025e-01, 0.000000000000000e+00, 0.000000000000000e+00, 6.313626632135861e+04, 1.000000000000000e-10, 1.223593255953975e+09
369, 5.374765330000000e-02, -3.650004220000000e-02, 3.881245693833751e-01, 0.000000000000000e+00, 0.000000000000000e+00, 6.331822112768525e+04, 1.000000000000000e-10, 1.219905123100394e+09
370, 5.666961100000000e-02, -3.716362050000000e-02, 3.891936009576358e-01, 0.000000000000000e+00, 0.000000000000000e+00, 6.348248853901027e+04, 1.000000000000000e-10, 1.216386240227404e+09
371, 5.959522020000000e-02, -3.781094180000000e-02, 3.899503182958118e-01, 0.000000000000000e+00, 0.000000000000000e+00, 6.360991563035099e+04, 1.000000000000000e-10, 1.214076916381358e+09
372, 6.252243709999999e-02, -3.845095230000000e-02, 3.906638812594902e-01, 0.000000000000000e+00, 0.000000000000000e+00, 6.375695736526847e+04, 1.000000000000000e-10, 1.212352745649291e+09
373, 6.545274740000000e-02, -3.907663200000000e-02, 3.910353401934066e-01, 0.000000000000000e+00, 0.000000000000000e+00, 6.387546913664451e+04, 1.000000000000000e-10, 1.212109306793637e+09
374, 6.838760620000001e-02, -3.968059320000000e-02, 3.912928880860614e-01, 0.000000000000000e+00, 0.000000000000000e+00, 6.397790024125183e+04, 1.000000000000000e-10, 1.212250508846790e+09
375, 7.132826930000000e-02, -4.025560110000000e-02, 3.916687103553786e-01, 0.000000000000000e+00, 0.000000000000000e+00, 6.408179130258442e+04, 1.000000000000000e-10, 1.211746705726248e+09
376, 7.427458960000000e-02, -4.080090600000000e-02, 3.921832322583095e-01, 0.000000000000000e+00, 0.000000000000000e+00, 6.418520662899063e+04, 1.000000000000000e-10, 1.210459139592542e+09
377, 7.722505590000001e-02, -4.132334090000000e-02, 3.929727573213975e-01, 0.000000000000000e+00, 0.000000000000000e+00, 6.433637352679822e+04, 1.000000000000000e-10, 1.208367834124994e+09
378, 8.017823220000000e-02, -4.183025210000000e-02, 3.942407159730299e-01, 0.000000000000000e+00, 0.000000000000000e+00, 6.458174319129300e+04, 1.000000000000000e-10, 1.205079590415563e+09
379, 8.313435769999999e-02, -4.231964410000000e-02, 3.957212357236625e-01, 0.000000000000000e+00, 0.000000000000000e+00, 6.485479877609685e+04, 1.000000000000000e-10, 1.201046298142190e+09
380, 8.609333900000000e-02, -4.279148640000000e-02, 3.971616585758017e-01, 0.000000000000000e+00, 0.000000000000000e+00, 6.511898770098999e+04, 1.000000000000000e-10, 1.197117247664922e+09
381, 8.905390220000001e-02, -4.325331250000000e-02, 3.983921161528765e-01, 0.000000000000000e+00, 0.000000000000000e+00, 6.535862981127812e+04, 1.000000000000000e-10, 1.193970606704999e+09
382, 9.201521220000000e-02, -4.371032730000000e-02, 3.996676928024792e-01, 0.000000000000000e+00, 0.000000000000000e+00, 6.562475818361253e+04, 1.000000000000000e-10, 1.191011973169312e+09
383, 9.497777180000000e-02, -4.415916550000000e-02, 4.006783478961679e-01, 0.000000000000000e+00, 0.000000000000000e+00, 6.586018831836227e+04, 1.000000000000000e-10, 1.189047156572073e+09
384, 9.794161960000000e-02, -4.459941640000000e-02, 4.014372401697568e-01, 0.000000000000000e+00, 0.000000000000000e+00, 6.604862493302474e+04, 1.000000000000000e-10, 1.187744556909502e+09
385, 1.009067324000000e-01, -4.503106510000000e-02, 4.020893155868815e-01, 0.000000000000000e+00, 0.000000000000000e+00, 6.621058027758863e+04, 1.000000000000000e-10, 1.186624960857977e+09
386, 1.038730870000000e-01, -4.545409720000000e-02, 4.026702354375773e-01, 0.000000000000000e+00, 0.000000000000000e+00, 6.635652333027485e+04, 1.000000000000000e-10, 1.185637419250330e+09
387, 1.068406597000000e-01, -4.586849830000000e-02, 4.032213179917548e-01, 0.000000000000000e+00, 0.000000000000000e+00, 6.649653701956804e+04, 1.000000000000000e-10, 1.184739879474567e+09
388, 1.098094267000000e-01, -4.627425440000000e-02, 4.037768721227385e-01, 0.000000000000000e+00, 0.000000000000000e+00, 6.663763320832893e+04, 1.000000000000000e-10, 1.183837773857734e+09
389, 1.127793642000000e-01, -4.667135170000000e-02, 4.043606392226640e-01, 0.000000000000000e+00, 0.000000000000000e+00, 6.678396918566426e+04, 1.000000000000000e-10, 1.182858608809255e+09
390, 1.157504483000000e-01, -4.705977670000000e-02, 4.049862044570275e-01, 0.000000000000000e+00, 0.000000000000000e+00, 6.693762331419349e+04, 1.000000000000000e-10, 1.181786473997926e+09
391, 1.187226550000000e-01, -4.743951610000000e-02, 4.056563075996461e-01, 0.000000000000000e+00, 0.000000000000000e+00, 6.709878852568004e+04, 1.000000000000000e-10, 1.180565087113306e+09
392, 1.216959602000000e-01, -4.781055690000000e-02, 4.063653054645356e-01, 0.000000000000000e+00, 0.000000000000000e+00, 6.726617507087947e+04, 1.000000000000000e-10, 1.179227727149725e+09
393, 1.246703396000000e-01, -4.817288640000000e-02, 4.071067487382771e-01, 0.000000000000000e+00, 0.000000000000000e+00, 6.743826993395230e+04, 1.000000000000000e-10, 1.177796704494529e+09
394, 1.276457687000000e-01, -4.852649220000000e-02, 4.078811917422560e-01, 0.000000000000000e+00, 0.000000000000000e+00, 6.761474617127106e+04, 1.000000000000000e-10, 1.176250767809566e+09
395, 1.306222230000000e-01, -4.887136210000000e-02, 4.086994457212105e-01, 0.000000000000000e+00, 0.000000000000000e+00, 6.779716620537410e+04, 1.000000000000000e-10, 1.174559187772686e+09
396, 1.335996778000000e-01, -4.920748410000000e-02, 4.095727997691483e-01, 0.000000000000000e+00, 0.000000000000000e+00, 6.798730079988734e+04, 1.000000000000000e-10, 1.172675348814314e+09
397, 1.365781084000000e-01, -4.953484670000000e-02, 4.104925145292540e-01, 0.000000000000000e+00, 0.000000000000000e+00, 6.818341064108294e+04, 1.000000000000000e-10, 1.170661836390624e+09
398, 1.395574899000000e-01, -4.985343850000000e-02, 4.114271165783446e-01, 0.000000000000000e+00, 0.000000000000000e+00, 6.837990779450646e+04, 1.000000000000000e-10, 1.168582765714422e+09
399, 1.425377974000000e-01, -5.016324850000000e-02, 4.123582170394328e-01, 0.000000000000000e+00, 0.000000000000000e+00, 6.857466996291686e+04, 1.000000000000000e-10, 1.166538568189701e+09
400, 1.455190058000000e-01, -5.046426590000000e-02, 4.132967075869373e-01, 0.000000000000000e+00, 0.000000000000000e+00, 6.877428410726783e+04, 1.000000000000000e-10, 1.164496207165770e+09
401, 1.485010900000000e-01, -5.075648020000000e-02, 4.143683175279391e-01, 0.000000000000000e+00, 0.000000000000000e+00, 6.900998925308227e+04, 1.000000000000000e-10, 1.162283358714317e+09
402, 1.514841115000000e-01, -5.103895140000000e-02, 4.156372857908177e-01, 0.000000000000000e+00, 0.000000000000000e+00, 6.928251136300479e+04, 1.000000000000000e-10, 1.159576937924706e+09
403, 1.544682859000000e-01, -5.130898220000000e-02, 4.168005028771852e-01, 0.000000000000000e+00, 0.000000000000000e+00, 6.954214842627180e+04, 1.000000000000000e-10, 1.157252660629058e+09
404, 1.574529831000000e-01, -5.157318600000000e-02, 4.179080560001469e-01, 0.000000000000000e+00, 0.000000000000000e+00, 6.979517546851435e+04, 1.000000000000000e-10, 1.155113867155981e+09
405, 1.604374954000000e-01, -5.183946610000000e-02, 4.187320062659914e-01, 0.000000000000000e+00, 0.000000000000000e+00, 6.999956795537406e+04, 1.000000000000000e-10, 1.153696373244045e+09
406, 1.634214633000000e-01, -5.211178220000000e-02, 4.194108077679279e-01, 0.000000000000000e+00, 0.000000000000000e+00, 7.016739418342969e+04, 1.000000000000000e-10, 1.152562573942900e+09
407, 1.664054524000000e-01, -5.238386490000000e-02, 4.200574853387202e-01, 0.000000000000000e+00, 0.000000000000000e+00, 7.032328927215884e+04, 1.000000000000000e-10, 1.151423567362942e+09
408, 1.693901711000000e-01, -5.264780400000000e-02, 4.204582077169127e-01, 0.000000000000000e+00, 0.000000000000000e+00, 7.043692561922400e+04, 1.000000000000000e-10, 1.150975073938000e+09
409, 1.723759785000000e-01, -5.289913550000000e-02, 4.207904810644866e-01, 0.000000000000000e+00, 0.000000000000000e+00, 7.054370358901225e+04, 1.000000000000000e-10, 1.150758706071496e+09
410, 1.753625325000000e-01, -5.314143690000000e-02, 4.212678004889196e-01, 0.000000000000000e+00, 0.000000000000000e+00, 7.067045027474838e+04, 1.000000000000000e-10, 1.150079058479671e+09
411, 1.783497926000000e-01, -5.337487290000000e-02, 4.218911954349979e-01, 0.000000000000000e+00, 0.000000000000000e+00, 7.082846776370464e+04, 1.000000000000000e-10, 1.149092343626785e+09
412, 1.813377897000000e-01, -5.359866430000000e-02, 4.228064295817495e-01, 0.000000000000000e+00, 0.000000000000000e+00, 7.103443162742748e+04, 1.000000000000000e-10, 1.147298258338051e+09
413, 1.843267059000000e-01, -5.380983240000000e-02, 4.238894724422095e-01, 0.000000000000000e+00, 0.000000000000000e+00, 7.128149904097906e+04, 1.000000000000000e-10, 1.145211117263041e+09
414, 1.873160581000000e-01, -5.401475910000000e-02, 4.248546138341011e-01, 0.000000000000000e+00, 0.000000000000000e+00, 7.150737621547379e+04, 1.000000000000000e-10, 1.143443430594280e+09
415, 1.903052907000000e-01, -5.422141550000000e-02, 4.256413693232673e-01, 0.000000000000000e+00, 0.000000000000000e+00, 7.169412321750711e+04, 1.000000000000000e-10, 1.142013908597264e+09
416, 1.932940919000000e-01, -5.443422470000000e-02, 4.261929943274822e-01, 0.000000000000000e+00, 0.000000000000000e+00, 7.181198048259756e+04, 1.000000000000000e-10, 1.140874204108393e+09
417, 1.962828856000000e-01, -5.464713860000000e-02, 4.265998699391378e-01, 0.000000000000000e+00, 0.000000000000000e+00, 7.188349434863910e+04, 1.000000000000000e-10, 1.139851200442438e+09
418, 1.992722277000000e-01, -5.485218440000000e-02, 4.268104281053365e-01, 0.000000000000000e+00, 0.000000000000000e+00, 7.191646929223047e+04, 1.000000000000000e-10, 1.139256348294846e+09
419, 2.022625407000000e-01, -5.504252520000000e-02, 4.271423701228773e-01, 0.000000000000000e+00, 0.000000000000000e+00, 7.198074964008814e+04, 1.000000000000000e-10, 1.138472336130686e+09
420, 2.052535799000000e-01, -5.522113260000000e-02, 4.275736595284863e-01, 0.000000000000000e+00, 0.000000000000000e+00, 7.208161408897382e+04, 1.000000000000000e-10, 1.137681869063079e+09
421, 2.082448433000000e-01, -5.539596050000000e-02, 4.279161762702557e-01, 0.000000000000000e+00, 0.000000000000000e+00, 7.215851545056411e+04, 1.000000000000000e-10, 1.136984389293300e+09
422, 2.112359078000000e-01, -5.557415450000000e-02, 4.279856725258822e-01, 0.000000000000000e+00, 0.000000000000000e+00, 7.217632630673492e+04, 1.000000000000000e-10, 1.136909129308450e+09
423, 2.142268969000000e-01, -5.575361380000000e-02, 4.278783338181609e-01, 0.000000000000000e+00, 0.000000000000000e+00, 7.215745043468542e+04, 1.000000000000000e-10, 1.137199776642261e+09
424, 2.172178860000000e-01, -5.593307320000000e-02, 4.279789728408735e-01, 0.000000000000000e+00, 0.000000000000000e+00, 7.219457409735330e+04, 1.000000000000000e-10, 1.137207085784160e+09
425, 2.202088738000000e-01, -5.611255380000000e-02, 4.278555502948719e-01, 0.000000000000000e+00, 0.000000000000000e+00, 7.218630603926364e+04, 1.000000000000000e-10, 1.137697263108301e+09
426, 2.231996539000000e-01, -5.629546030000000e-02, 4.272160779435803e-01, 0.000000000000000e+00, 0.000000000000000e+00, 7.205827107130022e+04, 1.000000000000000e-10, 1.139141162481640e+09
427, 2.261904122000000e-01, -5.647872410000000e-02, 4.267445741974602e-01, 0.000000000000000e+00, 0.000000000000000e+00, 7.195481985563462e+04, 1.000000000000000e-10, 1.140089110646966e+09
428, 2.291816271000000e-01, -5.665434720000000e-02, 4.256168984383545e-01, 0.000000000000000e+00, 0.000000000000000e+00, 7.170897126428885e+04, 1.000000000000000e-10, 1.142357259271148e+09
429, 2.321736636000000e-01, -5.681534020000000e-02, 4.248315190649367e-01, 0.000000000000000e+00, 0.000000000000000e+00, 7.153063535051896e+04, 1.000000000000000e-10, 1.143900532004858e+09
430, 2.351663232000000e-01, -5.696435160000000e-02, 4.242125088389184e-01, 0.000000000000000e+00, 0.000000000000000e+00, 7.139537025534188e+04, 1.000000000000000e-10, 1.145161458767483e+09
431, 2.381591812000000e-01, -5.710934150000000e-02, 4.232555869928045e-01, 0.000000000000000e+00, 0.000000000000000e+00, 7.118547936797308e+04, 1.000000000000000e-10, 1.147074341983615e+09
432, 2.411518497000000e-01, -5.725817950000000e-02, 4.226084076687475e-01, 0.000000000000000e+00, 0.000000000000000e+00, 7.101687170651861e+04, 1.000000000000000e-10, 1.148038526154143e+09
433, 2.441442544000000e-01, -5.741224130000000e-02, 4.215828715107212e-01, 0.000000000000000e+00, 0.000000000000000e+00, 7.075830916143530e+04, 1.000000000000000e-10, 1.149681758833839e+09
434, 2.471367698000000e-01, -5.756413020000000e-02, 4.197810380835527e-01, 0.000000000000000e+00, 0.000000000000000e+00, 7.032062385369788e+04, 1.000000000000000e-10, 1.152788189303903e+09
435, 2.501297829000000e-01, -5.770582350000000e-02, 4.176637522102782e-01, 0.000000000000000e+00, 0.000000000000000e+00, 6.982911642716298e+04, 1.000000000000000e-10, 1.156770827647639e+09
436, 2.531234770000000e-01, -5.783232400000000e-02, 4.161283525966363e-01, 0.000000000000000e+00, 0.000000000000000e+00, 6.946884477365720e+04, 1.000000000000000e-10, 1.159637678319461e+09
437, 2.561175599000000e-01, -5.794931300000000e-02, 4.148207225503076e-01, 0.000000000000000e+00, 0.000000000000000e+00, 6.916350003484701e+04, 1.000000000000000e-10, 1.162091095522785e+09
438, 2.591117003000000e-01, -5.806482750000000e-02, 4.129375640138796e-01, 0.000000000000000e+00, 0.000000000000000e+00, 6.872939111145877e+04, 1.000000000000000e-10, 1.165701107004883e+09
439, 2.621056177000000e-01, -5.818597470000000e-02, 4.105610498355027e-01, 0.000000000000000e+00, 0.000000000000000e+00, 6.818943991355953e+04, 1.000000000000000e-10, 1.170409908607487e+09
440, 2.650994034000000e-01, -5.831034790000000e-02, 4.084892123041602e-01, 0.000000000000000e+00, 0.000000000000000e+00, 6.769285417708503e+04, 1.000000000000000e-10, 1.174192331546926e+09
441, 2.680933813000000e-01, -5.842997970000000e-02, 4.055022859554985e-01, 0.000000000000000e+00, 0.000000000000000e+00, 6.700731412592398e+04, 1.000000000000000e-10, 1.180077553414470e+09
442, 2.710878355000000e-01, -5.853695520000000e-02, 4.024755771545803e-01, 0.000000000000000e+00, 0.000000000000000e+00, 6.633714783627132e+04, 1.000000000000000e-10, 1.186429802000349e+09
443, 2.740827683000000e-01, -5.862963070000000e-02, 4.003400608998318e-01, 0.000000000000000e+00, 0.000000000000000e+00, 6.584563123999727e+04, 1.000000000000000e-10, 1.190680943746753e+09
444, 2.770779096000000e-01, -5.871535910000000e-02, 3.977366497684408e-01, 0.000000000000000e+00, 0.000000000000000e+00, 6.525812108119747e+04, 1.000000000000000e-10, 1.196065075300423e+09
445, 2.800730188000000e-01, -5.880219320000000e-02, 3.955769960311488e-01, 0.000000000000000e+00, 0.000000000000000e+00, 6.475408034587561e+04, 1.000000000000000e-10, 1.200266875106880e+09
446, 2.830679396000000e-01, -5.889530050000000e-02, 3.924724387270938e-01, 0.000000000000000e+00, 0.000000000000000e+00, 6.404707339387475e+04, 1.000000000000000e-10, 1.206674475742448e+09
447, 2.860628383000000e-01, -5.898912130000000e-02, 3.898428073759390e-01, 0.000000000000000e+00, 0.000000000000000e+00, 6.342412322392942e+04, 1.000000000000000e-10, 1.211786371548711e+09
448, 2.890579563000000e-01, -5.907560330000000e-02, 3.865262345890439e-01, 0.000000000000000e+00, 0.000000000000000e+00, 6.267405625259699e+04, 1.000000000000000e-10, 1.218803426180989e+09
449, 2.920534568000000e-01, -5.914755270000000e-02, 3.841875699518200e-01, 0.000000000000000e+00, 0.000000000000000e+00, 6.212019749121988e+04, 1.000000000000000e-10, 1.223345275343098e+09
450, 2.950492307000000e-01, -5.920717250000000e-02, 3.823115433863722e-01, 0.000000000000000e+00, 0.000000000000000e+00, 6.166128279591173e+04, 1.000000000000000e-10, 1.226786232825869e+09
451, 2.980450890000000e-01, -5.926243910000000e-02, 3.799455461918900e-01, 0.000000000000000e+00, 0.000000000000000e+00, 6.110059469485245e+04, 1.000000000000000e-10, 1.231431615007150e+09
452, 3.010408880000000e-01, -5.932081780000000e-02, 3.767993498403538e-01, 0.000000000000000e+00, 0.000000000000000e+00, 6.041433811643868e+04, 1.000000000000000e-10, 1.238656798285620e+09
453, 3.040366569000000e-01, -5.938073310000000e-02, 3.739155905570780e-01, 0.000000000000000e+00, 0.000000000000000e+00, 5.977876121703075e+04, 1.000000000000000e-10, 1.245212090949108e+09
454, 3.070324259000000e-01, -5.944064850000000e-02, 3.716061673172130e-01, 0.000000000000000e+00, 0.000000000000000e+00, 5.925496610161053e+04, 1.000000000000000e-10, 1.250249850422522e+09
455, 3.100281949000000e-01, -5.950056430000000e-02, 3.693022771355103e-01, 0.000000000000000e+00, 0.000000000000000e+00, 5.872680288986561e+04, 1.000000000000000e-10, 1.255190029636080e+09
456, 3.130238981000000e-01, -5.956366740000000e-02, 3.661777802923883e-01, 0.000000000000000e+00, 0.000000000000000e+00, 5.804984153939470e+04, 1.000000000000000e-10, 1.262638355144419e+09
457, 3.160195838000000e-01, -5.962760330000000e-02, 3.632252226275188e-01, 0.000000000000000e+00, 0.000000000000000e+00, 5.741882498717492e+04, 1.000000000000000e-10, 1.269867174564618e+09
458, 3.190154135000000e-01, -5.968430950000000e-02, 3.599093242093576e-01, 0.000000000000000e+00, 0.000000000000000e+00, 5.672397334483235e+04, 1.000000000000000e-10, 1.278385899692649e+09
459, 3.220114804000000e-01, -5.972653310000000e-02, 3.576676437121867e-01, 0.000000000000000e+00, 0.000000000000000e+00, 5.622371311367435e+04, 1.000000000000000e-10, 1.283623380800612e+09
460, 3.250076994000000e-01, -5.975631740000000e-02, 3.559277684689288e-01, 0.000000000000000e+00, 0.000000000000000e+00, 5.581386178087309e+04, 1.000000000000000e-10, 1.287271551727166e+09
461, 3.280039605000000e-01, -5.978163410000000e-02, 3.538190071705426e-01, 0.000000000000000e+00, 0.000000000000000e+00, 5.533070888777525e+04, 1.000000000000000e-10, 1.291922433559341e+09
462, 3.310001939000000e-01, -5.981000190000000e-02, 3.511256255835878e-01, 0.000000000000000e+00, 0.000000000000000e+00, 5.476335700424217e+04, 1.000000000000000e-10, 1.298932897322191e+09
463, 3.339964122000000e-01, -5.983996410000000e-02, 3.487506298565020e-01, 0.000000000000000e+00, 0.000000000000000e+00, 5.425482106980780e+04, 1.000000000000000e-10, 1.304979281205400e+09
464, 3.369926304000000e-01, -5.986992630000000e-02, 3.469266371992439e-01, 0.000000000000000e+00, 0.000000000000000e+00, 5.385197648896110e+04, 1.000000000000000e-10, 1.309446564237028e+09
465, 3.399888487000000e-01, -5.989988850000000e-02, 3.452335405775843e-01, 0.000000000000000e+00, 0.000000000000000e+00, 5.347747663124558e+04, 1.000000000000000e-10, 1.313569355492154e+09
466, 3.429850337000000e-01, -5.993297570000000e-02, 3.429058543053953e-01, 0.000000000000000e+00, 0.000000000000000e+00, 5.299530675987860e+04, 1.000000000000000e-10, 1.319979946085181e+09
467, 3.459812085000000e-01, -5.996700070000000e-02, 3.405886857501457e-01, 0.000000000000000e+00, 0.000000000000000e+00, 5.252847420524656e+04, 1.000000000000000e-10, 1.326656593088693e+09
468, 3.489774541000000e-01, -5.999389510000000e-02, 3.379340021391065e-01, 0.000000000000000e+00, 0.000000000000000e+00, 5.200359286769710e+04, 1.000000000000000e-10, 1.334566107476141e+09
469, 3.519737926000000e-01, -6.000635760000000e-02, 3.360389833645662e-01, 0.000000000000000e+00, 0.000000000000000e+00, 5.160643720722552e+04, 1.000000000000000e-10, 1.339767896470879e+09
470, 3.549701596000000e-01, -6.000628710000000e-02, 3.345183647844615e-01, 0.000000000000000e+00, 0.000000000000000e+00, 5.126629928989476e+04, 1.000000000000000e-10, 1.343510002345505e+09
471, 3.579665241000000e-01, -6.000164710000000e-02, 3.327793044857857e-01, 0.000000000000000e+00, 0.000000000000000e+00, 5.087570068547266e+04, 1.000000000000000e-10, 1.347768617094820e+09
472, 3.609628912000000e-01, -6.000041890000000e-02, 3.313706772856512e-01, 0.000000000000000e+00, 0.000000000000000e+00, 5.055041654468580e+04, 1.000000000000000e-10, 1.351025661302341e+09
473, 3.639592561000000e-01, -6.000473460000000e-02, 3.298495446532492e-01, 0.000000000000000e+00, 0.000000000000000e+00, 5.022827538365248e+04, 1.000000000000000e-10, 1.355209524672329e+09
474, 3.669556225000000e-01, -6.000736450000000e-02, 3.281719591393689e-01, 0.000000000000000e+00, 0.000000000000000e+00, 4.989157694224608e+04, 1.000000000000000e-10, 1.360269856825965e+09
475, 3.699519795000000e-01, -6.000023780000000e-02, 3.268621228078218e-01, 0.000000000000000e+00, 0.000000000000000e+00, 4.962628899977954e+04, 1.000000000000000e-10, 1.364188452020547e+09
476, 3.729482611000000e-01, -5.997784780000000e-02, 3.260574474119090e-01, 0.000000000000000e+00, 0.000000000000000e+00, 4.944995558985054e+04, 1.000000000000000e-10, 1.366289603990509e+09
477, 3.759444535000000e-01, -5.994544400000000e-02, 3.253678918071023e-01, 0.000000000000000e+00, 0.000000000000000e+00, 4.928432398960392e+04, 1.000000000000000e-10, 1.367755725238797e+09
478, 3.789406246000000e-01, -5.991109540000000e-02, 3.244476567729897e-01, 0.000000000000000e+00, 0.000000000000000e+00, 4.907707768753966e+04, 1.000000000000000e-10, 1.370000880579367e+09
479, 3.819368521000000e-01, -5.988214390000000e-02, 3.234131092371448e-01, 0.000000000000000e+00, 0.000000000000000e+00, 4.886929042826589e+04, 1.000000000000000e-10, 1.373206864563733e+09
480, 3.849331132000000e-01, -5.985683420000000e-02, 3.227325476289419e-01, 0.000000000000000e+00, 0.000000000000000e+00, 4.874086457269597e+04, 1.000000000000000e-10, 1.375545111159063e+09
481, 3.879293339000000e-01, -5.982721620000000e-02, 3.222276147285046e-01, 0.000000000000000e+00, 0.000000000000000e+00, 4.865338938234193e+04, 1.000000000000000e-10, 1.377432532161100e+09
482, 3.909254052000000e-01, -5.978530220000000e-02, 3.221277516815938e-01, 0.000000000000000e+00, 0.000000000000000e+00, 4.863965487059054e+04, 1.000000000000000e-10, 1.377857143021073e+09
483, 3.939212391000000e-01, -5.972882000000000e-02, 3.223968934690765e-01, 0.000000000000000e+00, 0.000000000000000e+00, 4.868254601002939e+04, 1.000000000000000e-10, 1.376787491443167e+09
484, 3.969169262000000e-01, -5.966494890000000e-02, 3.227441634030718e-01, 0.000000000000000e+00, 0.000000000000000e+00, 4.873384825755375e+04, 1.000000000000000e-10, 1.375279014676890e+09
485, 3.999126274000000e-01, -5.960175120000000e-02, 3.231842688827914e-01, 0.000000000000000e+00, 0.000000000000000e+00, 4.880521083673686e+04, 1.000000000000000e-10, 1.373451151174408e+09
486, 4.029083963000000e-01, -5.954183210000000e-02, 3.236083968941736e-01, 0.000000000000000e+00, 0.000000000000000e+00, 4.888459753639626e+04, 1.000000000000000e-10, 1.372044053092376e+09
487, 4.059041653000000e-01, -5.948191670000000e-02, 3.240764594635909e-01, 0.000000000000000e+00, 0.000000000000000e+00, 4.897850548791899e+04, 1.000000000000000e-10, 1.370623582729846e+09
488, 4.088999342000000e-01, -5.942200130000000e-02, 3.246186917128315e-01, 0.000000000000000e+00, 0.000000000000000e+00, 4.909120969688224e+04, 1.000000000000000e-10, 1.369057956137497e+09
489, 4.118957316000000e-01, -5.936354160000000e-02, 3.251789662084453e-01, 0.000000000000000e+00, 0.000000000000000e+00, 4.922084796429284e+04, 1.000000000000000e-10, 1.367738996439165e+09
490, 4.148915900000000e-01, -5.930827980000000e-02, 3.257814796455420e-01, 0.000000000000000e+00, 0.000000000000000e+00, 4.937831348745469e+04, 1.000000000000000e-10, 1.366756622159300e+09
491, 4.178873672000000e-01, -5.924882410000000e-02, 3.265832713234153e-01, 0.000000000000000e+00, 0.000000000000000e+00, 4.958690322699398e+04, 1.000000000000000e-10, 1.365425387921827e+09
492, 4.208828751000000e-01, -5.917718310000000e-02, 3.277439152495823e-01, 0.000000000000000e+00, 0.000000000000000e+00, 4.986567677447008e+04, 1.000000000000000e-10, 1.362984904369346e+09
493, 4.238779996000000e-01, -5.909092720000000e-02, 3.292400784645369e-01, 0.000000000000000e+00, 0.000000000000000e+00, 5.020277511370646e+04, 1.000000000000000e-10, 1.359275696080094e+09
494, 4.268729004000000e-01, -5.899717340000000e-02, 3.312049080952185e-01, 0.000000000000000e+00, 0.000000000000000e+00, 5.062250855474671e+04, 1.000000000000000e-10, 1.353916634292535e+09
495, 4.298678186000000e-01, -5.890397410000000e-02, 3.331936835620486e-01, 0.000000000000000e+00, 0.000000000000000e+00, 5.105370226834492e+04, 1.000000000000000e-10, 1.348662697374131e+09
496, 4.328629246000000e-01, -5.881703720000000e-02, 3.355807902944116e-01, 0.000000000000000e+00, 0.000000000000000e+00, 5.157559690932634e+04, 1.000000000000000e-10, 1.342485740549225e+09
497, 4.358580675000000e-01, -5.873136490000000e-02, 3.380705730181607e-01, 0.000000000000000e+00, 0.000000000000000e+00, 5.212872222298657e+04, 1.000000000000000e-10, 1.336260273952633e+09
498, 4.388530070000000e-01, -5.863890460000000e-02, 3.411735713476881e-01, 0.000000000000000e+00, 0.000000000000000e+00, 5.279846632991710e+04, 1.000000000000000e-10, 1.328126590386719e+09
499, 4.418474723000000e-01, -5.853224060000000e-02, 3.443138173073139e-01, 0.000000000000000e+00, 0.000000000000000e+00, 5.347285942109020e+04, 1.000000000000000e-10, 1.319897376123604e+09
500, 4.448414571000000e-01, -5.841278340000000e-02, 3.475516116473211e-01, 0.000000000000000e+00, 0.000000000000000e+00, 5.417121042594800e+04, 1.000000000000000e-10, 1.311587028995488e+09
501, 4.478352435000000e-01, -5.828842610000000e-02, 3.511901580466824e-01, 0.000000000000000e+00, 0.000000000000000e+00, 5.495056735857513e+04, 1.000000000000000e-10, 1.302207043468783e+09
502, 4.508291556000000e-01, -5.816714900000000e-02, 3.545639960170925e-01, 0.000000000000000e+00, 0.000000000000000e+00, 5.569463653836498e+04, 1.000000000000000e-10, 1.294012335156687e+09
503, 4.538232940000000e-01, -5.805158270000000e-02, 3.579761266297104e-01, 0.000000000000000e+00, 0.000000000000000e+00, 5.645491071886396e+04, 1.000000000000000e-10, 1.285964789738824e+09
504, 4.568173812000000e-01, -5.793470060000000e-02, 3.614622171422204e-01, 0.000000000000000e+00, 0.000000000000000e+00, 5.722661845136130e+04, 1.000000000000000e-10, 1.277696039582849e+09
505, 4.598110864000000e-01, -5.780846580000000e-02, 3.643044338817764e-01, 0.000000000000000e+00, 0.000000000000000e+00, 5.784561345430600e+04, 1.000000000000000e-10, 1.270811388238149e+09
506, 4.628041128000000e-01, -5.766705430000000e-02, 3.659965518202128e-01, 0.000000000000000e+00, 0.000000000000000e+00, 5.822319739053456e+04, 1.000000000000000e-10, 1.266909488448906e+09
507, 4.657966345000000e-01, -5.751528910000000e-02, 3.667429797470587e-01, 0.000000000000000e+00, 0.000000000000000e+00, 5.840155950621218e+04, 1.000000000000000e-10, 1.265402994047853e+09
508, 4.687890375000000e-01, -5.736119260000000e-02, 3.669581286487170e-01, 0.000000000000000e+00, 0.000000000000000e+00, 5.846635395435448e+04, 1.000000000000000e-10, 1.265210958790189e+09
509, 4.717816992000000e-01, -5.721221950000000e-02, 3.668924678414792e-01, 0.000000000000000e+00, 0.000000000000000e+00, 5.846606826959400e+04, 1.000000000000000e-10, 1.265620682059443e+09
510, 4.747745571000000e-01, -5.706722820000000e-02, 3.664674706848343e-01, 0.000000000000000e+00, 0.000000000000000e+00, 5.838905806829970e+04, 1.000000000000000e-10, 1.266909194790136e+09
511, 4.777672246000000e-01, -5.691837390000000e-02, 3.656715749156886e-01, 0.000000000000000e+00, 0.000000000000000e+00, 5.822820344584336e+04, 1.000000000000000e-10, 1.269076477617536e+09
512, 4.807592922000000e-01, -5.675795070000000e-02, 3.644585155190753e-01, 0.000000000000000e+00, 0.000000000000000e+00, 5.797112762085589e+04, 1.000000000000000e-10, 1.272133159376240e+09
513, 4.837507599000000e-01, -5.658667410000000e-02, 3.630342427576226e-01, 0.000000000000000e+00, 0.000000000000000e+00, 5.765545690412124e+04, 1.000000000000000e-10, 1.275462461695315e+09
514, 4.867417038000000e-01, -5.640648100000000e-02, 3.615055108760548e-01, 0.000000000000000e+00, 0.000000000000000e+00, 5.730247662429314e+04, 1.000000000000000e-10, 1.278837351131977e+09
515, 4.897320976000000e-01, -5.621737780000000e-02, 3.599181725581212e-01, 0.000000000000000e+00, 0.000000000000000e+00, 5.692688503659447e+04, 1.000000000000000e-10, 1.282150331672170e+09
516, 4.927219151000000e-01, -5.601937110000000e-02, 3.584014971804699e-01, 0.000000000000000e+00, 0.000000000000000e+00, 5.655926729591830e+04, 1.000000000000000e-10, 1.285114932318449e+09
517, 4.957111300000000e-01, -5.581246800000000e-02, 3.571188582488741e-01, 0.000000000000000e+00, 0.000000000000000e+00, 5.624370747201340e+04, 1.000000000000000e-10, 1.287553406101477e+09
518, 4.986997164000000e-01, -5.559667590000000e-02, 3.561534455564061e-01, 0.000000000000000e+00, 0.000000000000000e+00, 5.601144204631022e+04, 1.000000000000000e-10, 1.289531491236999e+09
519, 5.016875582000000e-01, -5.537082560000000e-02, 3.556556838100658e-01, 0.000000000000000e+00, 0.000000000000000e+00, 5.588526983953834e+04, 1.000000000000000e-10, 1.290412870727511e+09
520, 5.046744459000000e-01, -5.513267300000000e-02, 3.555298510821282e-01, 0.000000000000000e+00, 0.000000000000000e+00, 5.584146650717899e+04, 1.000000000000000e-10, 1.290431447539057e+09
521, 5.076609077000001e-01, -5.488922320000000e-02, 3.556520204993605e-01, 0.000000000000000e+00, 0.000000000000000e+00, 5.585618724161088e+04, 1.000000000000000e-10, 1.289901989578573e+09
522, 5.106475810000000e-01, -5.464838960000000e-02, 3.557429518453217e-01, 0.000000000000000e+00, 0.000000000000000e+00, 5.588020809009763e+04, 1.000000000000000e-10, 1.289741776312808e+09
523, 5.136347221999999e-01, -5.441342690000000e-02, 3.560619643892431e-01, 0.000000000000000e+00, 0.000000000000000e+00, 5.596222431734222e+04, 1.000000000000000e-10, 1.289215735455448e+09
524, 5.166218002000000e-01, -5.417766240000000e-02, 3.568709677007502e-01, 0.000000000000000e+00, 0.000000000000000e+00, 5.616094682343399e+04, 1.000000000000000e-10, 1.287663553190968e+09
525, 5.196081732000000e-01, -5.393315480000000e-02, 3.581623279108443e-01, 0.000000000000000e+00, 0.000000000000000e+00, 5.646693711893735e+04, 1.000000000000000e-10, 1.284981522874683e+09
526, 5.225935011000000e-01, -5.367618930000000e-02, 3.596745721200552e-01, 0.000000000000000e+00, 0.000000000000000e+00, 5.682513614885486e+04, 1.000000000000000e-10, 1.281819617635512e+09
527, 5.255780483000000e-01, -5.341030860000000e-02, 3.618040894938759e-01, 0.000000000000000e+00, 0.000000000000000e+00, 5.730603161821689e+04, 1.000000000000000e-10, 1.276949893428018e+09
528, 5.285617956000001e-01, -5.313559520000000e-02, 3.645673754074651e-01, 0.000000000000000e+00, 0.000000000000000e+00, 5.791535384936289e+04, 1.000000000000000e-10, 1.270433751715446e+09
529, 5.315447173000000e-01, -5.285205880000000e-02, 3.679930435333509e-01, 0.000000000000000e+00, 0.000000000000000e+00, 5.866154542873469e+04, 1.000000000000000e-10, 1.262225965692906e+09
530, 5.345267882000000e-01, -5.255970920000000e-02, 3.721142422059657e-01, 0.000000000000000e+00, 0.000000000000000e+00, 5.955728466271725e+04, 1.000000000000000e-10, 1.252403235665866e+09
531, 5.375079829000000e-01, -5.225855670000000e-02, 3.768352939763169e-01, 0.000000000000000e+00, 0.000000000000000e+00, 6.059776682370494e+04, 1.000000000000000e-10, 1.241515797161514e+09
532, 5.404882648000000e-01, -5.194849960000000e-02, 3.829956593960456e-01, 0.000000000000000e+00, 0.000000000000000e+00, 6.194096354914393e+04, 1.000000000000000e-10, 1.227375693680636e+09
533, 5.434672252000000e-01, -5.162600380000000e-02, 3.889631634662264e-01, 0.000000000000000e+00, 0.000000000000000e+00, 6.328232272950716e+04, 1.000000000000000e-10, 1.214563007029754e+09
534, 5.464452645000000e-01, -5.129509310000000e-02, 3.947916252416700e-01, 0.000000000000000e+00, 0.000000000000000e+00, 6.462389336810881e+04, 1.000000000000000e-10, 1.202687233750561e+09
535, 5.494232392000000e-01, -5.096360040000000e-02, 4.013750684079875e-01, 0.000000000000000e+00, 0.000000000000000e+00, 6.614132226178398e+04, 1.000000000000000e-10, 1.189440415780964e+09
536, 5.524018620000000e-01, -5.063798680000000e-02, 4.082158526667402e-01, 0.000000000000000e+00, 0.000000000000000e+00, 6.772007817975317e+04, 1.000000000000000e-10, 1.175971740886765e+09
537, 5.553807501000000e-01, -5.031480440000000e-02, 4.139384805560613e-01, 0.000000000000000e+00, 0.000000000000000e+00, 6.909245837584948e+04, 1.000000000000000e-10, 1.165578685051762e+09
538, 5.583590480000000e-01, -4.998623770000000e-02, 4.191088205685866e-01, 0.000000000000000e+00, 0.000000000000000e+00, 7.032454422265949e+04, 1.000000000000000e-10, 1.156222670934634e+09
539, 5.613359734000000e-01, -4.964547060000000e-02, 4.220037832672284e-01, 0.000000000000000e+00, 0.000000000000000e+00, 7.106033384185303e+04, 1.000000000000000e-10, 1.151649426476781e+09
540, 5.643117559000000e-01, -4.929485250000000e-02, 4.233743483178034e-01, 0.000000000000000e+00, 0.000000000000000e+00, 7.140440071138734e+04, 1.000000000000000e-10, 1.149416364421882e+09
541, 5.672864971000000e-01, -4.893550630000000e-02, 4.236624392279631e-01, 0.000000000000000e+00, 0.000000000000000e+00, 7.146509109400133e+04, 1.000000000000000e-10, 1.148767648311310e+09
542, 5.702601725000001e-01, -4.856744460000000e-02, 4.231124811089021e-01, 0.000000000000000e+00, 0.000000000000000e+00, 7.131451351639777e+04, 1.000000000000000e-10, 1.149497097954918e+09
543, 5.732327578000000e-01, -4.819067990000000e-02, 4.217211487704019e-01, 0.000000000000000e+00, 0.000000000000000e+00, 7.095141718924697e+04, 1.000000000000000e-10, 1.151564024034330e+09
544, 5.762042288000000e-01, -4.780522520000000e-02, 4.193928517340615e-01, 0.000000000000000e+00, 0.000000000000000e+00, 7.035356350181387e+04, 1.000000000000000e-10, 1.155181953184541e+09
545, 5.791745615000000e-01, -4.741109350000000e-02, 4.161772971587533e-01, 0.000000000000000e+00, 0.000000000000000e+00, 6.954026941532533e+04, 1.000000000000000e-10, 1.160355702652793e+09
546, 5.821437317000000e-01, -4.700829840000000e-02, 4.122683172898964e-01, 0.000000000000000e+00, 0.000000000000000e+00, 6.856391816639467e+04, 1.000000000000000e-10, 1.166854896035148e+09
547, 5.851117156000000e-01, -4.659685360000000e-02, 4.079062803838857e-01, 0.000000000000000e+00, 0.000000000000000e+00, 6.747754466437784e+04, 1.000000000000000e-10, 1.174164951053735e+09
548, 5.880784894000000e-01, -4.617677290000000e-02, 4.029265864873071e-01, 0.000000000000000e+00, 0.000000000000000e+00, 6.629535318262345e+04, 1.000000000000000e-10, 1.183403908603582e+09
549, 5.910439602000001e-01, -4.574759280000000e-02, 3.976223816213694e-01, 0.000000000000000e+00, 0.000000000000000e+00, 6.507982899531019e+04, 1.000000000000000e-10, 1.193961452080542e+09
550, 5.940076158000001e-01, -4.530605300000000e-02, 3.934700961875457e-01, 0.000000000000000e+00, 0.000000000000000e+00, 6.412057978412326e+04, 1.000000000000000e-10, 1.202250981928368e+09
551, 5.969702442000000e-01, -4.485766250000000e-02, 3.896326013584733e-01, 0.000000000000000e+00, 0.000000000000000e+00, 6.324361285962524e+04, 1.000000000000000e-10, 1.210109262663823e+09
552, 5.999329905000000e-01, -4.441005360000000e-02, 3.860610311179568e-01, 0.000000000000000e+00, 0.000000000000000e+00, 6.241914937729583e+04, 1.000000000000000e-10, 1.217318287563934e+09
553, 6.028966429000000e-01, -4.396848360000000e-02, 3.829325077296154e-01, 0.000000000000000e+00, 0.000000000000000e+00, 6.171148508477125e+04, 1.000000000000000e-10, 1.223949375601868e+09
554, 6.058604630000000e-01, -4.352803920000000e-02, 3.805667304996240e-01, 0.000000000000000e+00, 0.000000000000000e+00, 6.118462543676044e+04, 1.000000000000000e-10, 1.229152177030410e+09
555, 6.088233068000000e-01, -4.308108430000000e-02, 3.794796502567829e-01, 0.000000000000000e+00, 0.000000000000000e+00, 6.094299601236446e+04, 1.000000000000000e-10, 1.231551682592767e+09
556, 6.117840715000000e-01, -4.262056990000000e-02, 3.794076081559067e-01, 0.000000000000000e+00, 0.000000000000000e+00, 6.091963677545359e+04, 1.000000000000000e-10, 1.231590848626433e+09
557, 6.147428891000000e-01, -4.214769180000000e-02, 3.797212481255461e-01, 0.000000000000000e+00, 0.000000000000000e+00, 6.099927546577401e+04, 1.000000000000000e-10, 1.231064257944552e+09
558, 6.177009164000000e-01, -4.166988860000000e-02, 3.804240854264013e-01, 0.000000000000000e+00, 0.000000000000000e+00, 6.116418385781677e+04, 1.000000000000000e-10, 1.229651580775536e+09
559, 6.206593651000000e-01, -4.119470460000000e-02, 3.814618532954398e-01, 0.000000000000000e+00, 0.000000000000000e+00, 6.140379116591013e+04, 1.000000000000000e-10, 1.227513595649889e+09
560, 6.236187181000000e-01, -4.072518330000000e-02, 3.829502473453279e-01, 0.000000000000000e+00, 0.000000000000000e+00, 6.174452007425617e+04, 1.000000000000000e-10, 1.224431343998502e+09
561, 6.265779548000000e-01, -4.025493070000000e-02, 3.852133561898622e-01, 0.000000000000000e+00, 0.000000000000000e+00, 6.224993094156179e+04, 1.000000000000000e-10, 1.219521119154726e+09
562, 6.295358580000000e-01, -3.977637300000000e-02, 3.879764398413466e-01, 0.000000000000000e+00, 0.000000000000000e+00, 6.286626339141260e+04, 1.000000000000000e-10, 1.213552164335351e+09
563, 6.324917848000000e-01, -3.928575100000000e-02, 3.907845012362101e-01, 0.000000000000000e+00, 0.000000000000000e+00, 6.350353459760288e+04, 1.000000000000000e-10, 1.207702956453789e+09
564, 6.354462727000000e-01, -3.878653410000000e-02, 3.937839892729332e-01, 0.000000000000000e+00, 0.000000000000000e+00, 6.419001415416349e+04, 1.000000000000000e-10, 1.201580069903734e+09
565, 6.383993153000000e-01, -3.827883870000000e-02, 3.972330941382706e-01, 0.000000000000000e+00, 0.000000000000000e+00, 6.498183526378871e+04, 1.000000000000000e-10, 1.194637282311759e+09
566, 6.413507560000000e-01, -3.776191640000000e-02, 4.011063666015978e-01, 0.000000000000000e+00, 0.000000000000000e+00, 6.585428689354008e+04, 1.000000000000000e-10, 1.186641885620560e+09
567, 6.443000666000001e-01, -3.723297330000000e-02, 4.045271916689186e-01, 0.000000000000000e+00, 0.000000000000000e+00, 6.663214688950501e+04, 1.000000000000000e-10, 1.179773174408977e+09
568, 6.472482997000000e-01, -3.669805020000000e-02, 4.078415695180880e-01, 0.000000000000000e+00, 0.000000000000000e+00, 6.736841959620884e+04, 1.000000000000000e-10, 1.172933863710461e+09
569, 6.501967952000000e-01, -3.616457690000000e-02, 4.108596580195552e-01, 0.000000000000000e+00, 0.000000000000000e+00, 6.801448899683820e+04, 1.000000000000000e-10, 1.166402734183040e+09
570, 6.531457706000000e-01, -3.563376130000000e-02, 4.137025415175651e-01, 0.000000000000000e+00, 0.000000000000000e+00, 6.861505364098653e+04, 1.000000000000000e-10, 1.160197141560840e+09
571, 6.560947461000000e-01, -3.510294570000000e-02, 4.144363988741118e-01, 0.000000000000000e+00, 0.000000000000000e+00, 6.877209138067835e+04, 1.000000000000000e-10, 1.158622590133138e+09
572, 6.590437216000000e-01, -3.457213010000000e-02, 4.146430760910046e-01, 0.000000000000000e+00, 0.000000000000000e+00, 6.882849000363299e+04, 1.000000000000000e-10, 1.158350375302315e+09
573, 6.619929736000000e-01, -3.404285490000000e-02, 4.146013614899671e-01, 0.000000000000000e+00, 0.000000000000000e+00, 6.882729872622162e+04, 1.000000000000000e-10, 1.158546351791035e+09
574, 6.649427455000000e-01, -3.351648340000000e-02, 4.144641191134533e-01, 0.000000000000000e+00, 0.000000000000000e+00, 6.878707951181014e+04, 1.000000000000000e-10, 1.158688246796313e+09
575, 6.678917876000000e-01, -3.298604320000000e-02, 4.139936508020784e-01, 0.000000000000000e+00, 0.000000000000000e+00, 6.866418516990093e+04, 1.000000000000000e-10, 1.159378317598933e+09
576, 6.708387459000000e-01, -3.244415800000000e-02, 4.132185196064922e-01, 0.000000000000000e+00, 0.000000000000000e+00, 6.847999524765930e+04, 1.000000000000000e-10, 1.160776813228354e+09
577, 6.737831424000000e-01, -3.188851370000000e-02, 4.124127360159091e-01, 0.000000000000000e+00, 0.000000000000000e+00, 6.829475196949566e+04, 1.000000000000000e-10, 1.162319329801215e+09
578, 6.767261656000000e-01, -3.132563310000000e-02, 4.117632309561390e-01, 0.000000000000000e+00, 0.000000000000000e+00, 6.813428013286777e+04, 1.000000000000000e-10, 1.163408556183089e+09
579, 6.796692174000000e-01, -3.076290160000000e-02, 4.109591720058027e-01, 0.000000000000000e+00, 0.000000000000000e+00, 6.792418301978312e+04, 1.000000000000000e-10, 1.164584426442121e+09
580, 6.826129130000000e-01, -3.020354650000000e-02, 4.104360970663473e-01, 0.000000000000000e+00, 0.000000000000000e+00, 6.777061740265843e+04, 1.000000000000000e-10, 1.165117833134076e+09
581, 6.855566182000000e-01, -2.964424250000000e-02, 4.101323789423557e-01, 0.000000000000000e+00, 0.000000000000000e+00, 6.766761193056010e+04, 1.000000000000000e-10, 1.165207993766448e+09
582, 6.885003235000000e-01, -2.908493850000000e-02, 4.102520425807348e-01, 0.000000000000000e+00, 0.000000000000000e+00, 6.766851646979529e+04, 1.000000000000000e-10, 1.164600824948937e+09
583, 6.914440287000000e-01, -2.852563450000000e-02, 4.107947870648215e-01, 0.000000000000000e+00, 0.000000000000000e+00, 6.777955179722575e+04, 1.000000000000000e-10, 1.163366580073889e+09
584, 6.943877340000000e-01, -2.796633050000000e-02, 4.110524241266346e-01, 0.000000000000000e+00, 0.000000000000000e+00, 6.783101914175547e+04, 1.000000000000000e-10, 1.162764009135998e+09
585, 6.973314392000000e-01, -2.740702650000000e-02, 4.113427693863266e-01, 0.000000000000000e+00, 0.000000000000000e+00, 6.789519952225959e+04, 1.000000000000000e-10, 1.162172833410991e+09
586, 7.002751444999999e-01, -2.684772250000000e-02, 4.120220008066064e-01, 0.000000000000000e+00, 0.000000000000000e+00, 6.804635986088280e+04, 1.000000000000000e-10, 1.160806042867548e+09
587, 7.032188497000000e-01, -2.628841850000000e-02, 4.127552992825299e-01, 0.000000000000000e+00, 0.000000000000000e+00, 6.821831065820708e+04, 1.000000000000000e-10, 1.159455989478528e+09
588, 7.061625550000000e-01, -2.572911460000000e-02, 4.135516531200570e-01, 0.000000000000000e+00, 0.000000000000000e+00, 6.840996967154695e+04, 1.000000000000000e-10, 1.158106309710951e+09
589, 7.091062603000000e-01, -2.516981060000000e-02, 4.148142426588280e-01, 0.000000000000000e+00, 0.000000000000000e+00, 6.869853552839725e+04, 1.000000000000000e-10, 1.155685950305571e+09
590, 7.120499655000000e-01, -2.461050660000000e-02, 4.155394752455210e-01, 0.000000000000000e+00, 0.000000000000000e+00, 6.887323680124209e+04, 1.000000000000000e-10, 1.154422572462414e+09
591, 7.149936708000000e-01, -2.405120260000000e-02, 4.161838683854575e-01, 0.000000000000000e+00, 0.000000000000000e+00, 6.903338223941321e+04, 1.000000000000000e-10, 1.153368932265146e+09
592, 7.179373760000000e-01, -2.349189860000000e-02, 4.175838815893632e-01, 0.000000000000000e+00, 0.000000000000000e+00, 6.936125697576973e+04, 1.000000000000000e-10, 1.150808501781329e+09
593, 7.208810812999999e-01, -2.293259460000000e-02, 4.188965410419391e-01, 0.000000000000000e+00, 0.000000000000000e+00, 6.966658853484869e+04, 1.000000000000000e-10, 1.148386472461986e+09
594, 7.238247865000000e-01, -2.237329060000000e-02, 4.199092735714718e-01, 0.000000000000000e+00, 0.000000000000000e+00, 6.988733079115342e+04, 1.000000000000000e-10, 1.146322711596341e+09
595, 7.267684918000000e-01, -2.181398660000000e-02, 4.212868495776522e-01, 0.000000000000000e+00, 0.000000000000000e+00, 7.019109288965118e+04, 1.000000000000000e-10, 1.143572429458032e+09
596, 7.297121971000000e-01, -2.125468260000000e-02, 4.221959730363734e-01, 0.000000000000000e+00, 0.000000000000000e+00, 7.039955320478145e+04, 1.000000000000000e-10, 1.141870012825485e+09
597, 7.326559023000000e-01, -2.069537860000000e-02, 4.232044251140525e-01, 0.000000000000000e+00, 0.000000000000000e+00, 7.063288048904351e+04, 1.000000000000000e-10, 1.140013763105130e+09
598, 7.355996076000000e-01, -2.013607460000000e-02, 4.236189221663415e-01, 0.000000000000000e+00, 0.000000000000000e+00, 7.073372233864022e+04, 1.000000000000000e-10, 1.139317446876733e+09
599, 7.385433128000000e-01, -1.957677060000000e-02, 4.243118761304063e-01, 0.000000000000000e+00, 0.000000000000000e+00, 7.089305671162225e+04, 1.000000000000000e-10, 1.138032339491917e+09
600, 7.414870181000000e-01, -1.901746660000000e-02, 4.250688768953610e-01, 0.000000000000000e+00, 0.000000000000000e+00, 7.107686437620431e+04, 1.000000000000000e-10, 1.136758984289883e+09
601, 7.444307233000000e-01, -1.845816260000000e-02, 4.251892564863610e-01, 0.000000000000000e+00, 0.000000000000000e+00, 7.112626389263790e+04, 1.000000000000000e-10, 1.136821459805875e+09
602, 7.473744286000000e-01, -1.789885860000000e-02, 4.254965919254439e-01, 0.000000000000000e+00, 0.000000000000000e+00, 7.120884848405918e+04, 1.000000000000000e-10, 1.136408962235370e+09
603, 7.503181249000000e-01, -1.733950730000000e-02, 4.257248561952203e-01, 0.000000000000000e+00, 0.000000000000000e+00, 7.126622249020975e+04, 1.000000000000000e-10, 1.136050660537236e+09
604, 7.532611798000000e-01, -1.677679240000000e-02, 4.259855349235339e-01, 0.000000000000000e+00, 0.000000000000000e+00, 7.132495876278947e+04, 1.000000000000000e-10, 1.135550399360974e+09
605, 7.562042001000000e-01, -1.621389660000000e-02, 4.260930840280934e-01, 0.000000000000000e+00, 0.000000000000000e+00, 7.134905652388027e+04, 1.000000000000000e-10, 1.135340544608591e+09
606, 7.591485878000001e-01, -1.565820530000000e-02, 4.262036251251896e-01, 0.000000000000000e+00, 0.000000000000000e+00, 7.136772874707036e+04, 1.000000000000000e-10, 1.135048198281439e+09
607, 7.620955345000000e-01, -1.511625730000000e-02, 4.262647256592577e-01, 0.000000000000000e+00, 0.000000000000000e+00, 7.136998515729471e+04, 1.000000000000000e-10, 1.134781374850778e+09
608, 7.650445705000000e-01, -1.458578350000000e-02, 4.263424077265172e-01, 0.000000000000000e+00, 0.000000000000000e+00, 7.136855944682701e+04, 1.000000000000000e-10, 1.134394684465266e+09
609, 7.679943422000000e-01, -1.405941050000000e-02, 4.264084226208373e-01, 0.000000000000000e+00, 0.000000000000000e+00, 7.136818937817962e+04, 1.000000000000000e-10, 1.134080788965057e+09
610, 7.709435269000000e-01, -1.352976200000000e-02, 4.264511542336241e-01, 0.000000000000000e+00, 0.000000000000000e+00, 7.137880588805165e+04, 1.000000000000000e-10, 1.134012355293838e+09
611, 7.738917632000000e-01, -1.299485690000000e-02, 4.268395943747261e-01, 0.000000000000000e+00, 0.000000000000000e+00, 7.147420941854249e+04, 1.000000000000000e-10, 1.133368615258334e+09
612, 7.768402548000000e-01, -1.246136210000000e-02, 4.267985606024590e-01, 0.000000000000000e+00, 0.000000000000000e+00, 7.147109994762301e+04, 1.000000000000000e-10, 1.133526571703152e+09
613, 7.797903352000000e-01, -1.193673480000000e-02, 4.270537267715488e-01, 0.000000000000000e+00, 0.000000000000000e+00, 7.153776004142525e+04, 1.000000000000000e-10, 1.133138334067425e+09
614, 7.827429347000000e-01, -1.142647830000000e-02, 4.275155394611043e-01, 0.000000000000000e+00, 0.000000000000000e+00, 7.164549054095575e+04, 1.000000000000000e-10, 1.132312127767137e+09
615, 7.856972424999999e-01, -1.092619490000000e-02, 4.280320443573179e-01, 0.000000000000000e+00, 0.000000000000000e+00, 7.175710492316294e+04, 1.000000000000000e-10, 1.131270067871957e+09
616, 7.886519677000000e-01, -1.042837940000000e-02, 4.285150214419249e-01, 0.000000000000000e+00, 0.000000000000000e+00, 7.186585957003834e+04, 1.000000000000000e-10, 1.130357627776485e+09
617, 7.916060843000000e-01, -9.926965700000000e-03, 4.290093888740289e-01, 0.000000000000000e+00, 0.000000000000000e+00, 7.197988594891067e+04, 1.000000000000000e-10, 1.129451323000092e+09
618, 7.945600712999999e-01, -9.424787900000000e-03, 4.296275689157342e-01, 0.000000000000000e+00, 0.000000000000000e+00, 7.211955122412344e+04, 1.000000000000000e-10, 1.128286866010310e+09
619, 7.975140582000000e-01, -8.922610100000001e-03, 4.304021107910261e-01, 0.000000000000000e+00, 0.000000000000000e+00, 7.231364101736846e+04, 1.000000000000000e-10, 1.127075893277528e+09
620, 8.004680280000001e-01, -8.420330800000000e-03, 4.307486481574843e-01, 0.000000000000000e+00, 0.000000000000000e+00, 7.242079680755756e+04, 1.000000000000000e-10, 1.126835307560616e+09
621, 8.034213936000000e-01, -7.914512699999999e-03, 4.314418143517102e-01, 0.000000000000000e+00, 0.000000000000000e+00, 7.259215596012431e+04, 1.000000000000000e-10, 1.125722217792638e+09
622, 8.063747975000000e-01, -7.408918400000000e-03, 4.320808869797070e-01, 0.000000000000000e+00, 0.000000000000000e+00, 7.274835536490493e+04, 1.000000000000000e-10, 1.124635712320705e+09
623, 8.093295144000000e-01, -6.911064600000000e-03, 4.326692829293602e-01, 0.000000000000000e+00, 0.000000000000000e+00, 7.288921320726523e+04, 1.000000000000000e-10, 1.123633391058200e+09
624, 8.122862570000000e-01, -6.425381100000000e-03, 4.332058137599823e-01, 0.000000000000000e+00, 0.000000000000000e+00, 7.301585070098621e+04, 1.000000000000000e-10, 1.122731851284305e+09
625, 8.152444195000000e-01, -5.948422800000000e-03, 4.335928552913649e-01, 0.000000000000000e+00, 0.000000000000000e+00, 7.311080601671922e+04, 1.000000000000000e-10, 1.122113286311214e+09
626, 8.182039458000000e-01, -5.480001300000000e-03, 4.338638966905838e-01, 0.000000000000000e+00, 0.000000000000000e+00, 7.318480560933381e+04, 1.000000000000000e-10, 1.121767804038794e+09
627, 8.211648134000000e-01, -5.020132300000000e-03, 4.340674662984301e-01, 0.000000000000000e+00, 0.000000000000000e+00, 7.324758233156850e+04, 1.000000000000000e-10, 1.121575468760794e+09
628, 8.241269989000000e-01, -4.568831200000000e-03, 4.342537725135059e-01, 0.000000000000000e+00, 0.000000000000000e+00, 7.330466375746127e+04, 1.000000000000000e-10, 1.121380828736496e+09
629, 8.270904793000000e-01, -4.126113200000000e-03, 4.344578238773992e-01, 0.000000000000000e+00, 0.000000000000000e+00, 7.335566502917197e+04, 1.000000000000000e-10, 1.121074854721603e+09
630, 8.300552314000000e-01, -3.691994500000000e-03, 4.348205286406971e-01, 0.000000000000000e+00, 0.000000000000000e+00, 7.341829761173596e+04, 1.000000000000000e-10, 1.120152349534509e+09
631, 8.330216764000000e-01, -3.269608000000000e-03, 4.351801254044853e-01, 0.000000000000000e+00, 0.000000000000000e+00, 7.348200383131074e+04, 1.000000000000000e-10, 1.119266741119151e+09
632, 8.359894521000000e-01, -2.856659800000000e-03, 4.354975141639780e-01, 0.000000000000000e+00, 0.000000000000000e+00, 7.353874291086080e+04, 1.000000000000000e-10, 1.118493762481177e+09
633, 8.389574719000000e-01, -2.445467200000000e-03, 4.358080679964704e-01, 0.000000000000000e+00, 0.000000000000000e+00, 7.360156120437059e+04, 1.000000000000000e-10, 1.117838625975760e+09
634, 8.419245535000000e-01, -2.027571400000000e-03, 4.360818311067657e-01, 0.000000000000000e+00, 0.000000000000000e+00, 7.367609944121141e+04, 1.000000000000000e-10, 1.117493783345863e+09
635, 8.448907007000001e-01, -1.603081000000000e-03, 4.363452783299377e-01, 0.000000000000000e+00, 0.000000000000000e+00, 7.377707758840606e+04, 1.000000000000000e-10, 1.117535418321721e+09
636, 8.478579874000000e-01, -1.186655300000000e-03, 4.368182385394661e-01, 0.000000000000000e+00, 0.000000000000000e+00, 7.390668055076902e+04, 1.000000000000000e-10, 1.116939809226377e+09
637, 8.508284127000000e-01, -7.933073000000000e-04, 4.374758735627431e-01, 0.000000000000000e+00, 0.000000000000000e+00, 7.405105852375721e+04, 1.000000000000000e-10, 1.115612407793188e+09
638, 8.538020126000000e-01, -4.246734000000000e-04, 4.381701791565049e-01, 0.000000000000000e+00, 0.000000000000000e+00, 7.418971937677740e+04, 1.000000000000000e-10, 1.114166591371224e+09
639, 8.567775810000000e-01, -7.225130000000000e-05, 4.386449794929506e-01, 0.000000000000000e+00, 0.000000000000000e+00, 7.428240973624871e+04, 1.000000000000000e-10, 1.113111480410382e+09
640, 8.597541393000000e-01, 2.717253000000000e-04, 4.388614574901843e-01, 0.000000000000000e+00, 0.000000000000000e+00, 7.434321149903521e+04, 1.000000000000000e-10, 1.112836930616635e+09
641, 8.627313085000000e-01, 6.103705000000000e-04, 4.390319983056726e-01, 0.000000000000000e+00, 0.000000000000000e+00, 7.440251444833408e+04, 1.000000000000000e-10, 1.112759178515307e+09
642, 8.657094571000000e-01, 9.402886000000000e-04, 4.391949795799853e-01, 0.000000000000000e+00, 0.000000000000000e+00, 7.447842698128165e+04, 1.000000000000000e-10, 1.112944610218950e+09
643, 8.686885639000000e-01, 1.261439300000000e-03, 4.394145653361597e-01, 0.000000000000000e+00, 0.000000000000000e+00, 7.456372642998442e+04, 1.000000000000000e-10, 1.112975573047810e+09
644, 8.716684840000000e-01, 1.574958600000000e-03, 4.397420572806900e-01, 0.000000000000000e+00, 0.000000000000000e+00, 7.466257466553134e+04, 1.000000000000000e-10, 1.112684638649575e+09
645, 8.746489628000000e-01, 1.883117200000000e-03, 4.400762990887506e-01, 0.000000000000000e+00, 0.000000000000000e+00, 7.474866444599086e+04, 1.000000000000000e-10, 1.112196710215092e+09
646, 8.776306820999999e-01, 2.179005900000000e-03, 4.404662715483077e-01, 0.000000000000000e+00, 0.000000000000000e+00, 7.483812982634603e+04, 1.000000000000000e-10, 1.111485141322195e+09
647, 8.806143131000000e-01, 2.454910800000000e-03, 4.408407638363905e-01, 0.000000000000000e+00, 0.000000000000000e+00, 7.492304503803005e+04, 1.000000000000000e-10, 1.110799093851192e+09
648, 8.835997117000000e-01, 2.711016100000000e-03, 4.411112889488932e-01, 0.000000000000000e+00, 0.000000000000000e+00, 7.498185285865350e+04, 1.000000000000000e-10, 1.110297788645108e+09
649, 8.865865769000000e-01, 2.949408900000000e-03, 4.413461298539277e-01, 0.000000000000000e+00, 0.000000000000000e+00, 7.503034962064135e+04, 1.000000000000000e-10, 1.109810770013335e+09
650, 8.895748055000000e-01, 3.170055600000000e-03, 4.415635112458598e-01, 0.000000000000000e+00, 0.000000000000000e+00, 7.506666651412200e+04, 1.000000000000000e-10, 1.109210790279206e+09
651, 8.925644546000000e-01, 3.370490400000000e-03, 4.417316088946024e-01, 0.000000000000000e+00, 0.000000000000000e+00, 7.509624299077565e+04, 1.000000000000000e-10, 1.108815530197742e+09
652, 8.955553676000000e-01, 3.551155100000000e-03, 4.418229701862068e-01, 0.000000000000000e+00, 0.000000000000000e+00, 7.511067434559259e+04, 1.000000000000000e-10, 1.108573361802155e+09
653, 8.985469777000000e-01, 3.719930400000000e-03, 4.418482547249817e-01, 0.000000000000000e+00, 0.000000000000000e+00, 7.511775390550202e+04, 1.000000000000000e-10, 1.108548333078110e+09
654, 9.015387704000000e-01, 3.885451900000000e-03, 4.418106032602940e-01, 0.000000000000000e+00, 0.000000000000000e+00, 7.514651190328528e+04, 1.000000000000000e-10, 1.109081232832873e+09
655, 9.045306080000000e-01, 4.050146900000000e-03, 4.416770991670330e-01, 0.000000000000000e+00, 0.000000000000000e+00, 7.513780128928191e+04, 1.000000000000000e-10, 1.109585500991712e+09
656, 9.075232441000000e-01, 4.199497100000000e-03, 4.418801812863047e-01, 0.000000000000000e+00, 0.000000000000000e+00, 7.520575390855479e+04, 1.000000000000000e-10, 1.109491248261668e+09
657, 9.105172638000000e-01, 4.317576000000000e-03, 4.422555496287801e-01, 0.000000000000000e+00, 0.000000000000000e+00, 7.529438877564784e+04, 1.000000000000000e-10, 1.108847565364244e+09
658, 9.135124732000000e-01, 4.400428400000000e-03, 4.425306904853169e-01, 0.000000000000000e+00, 0.000000000000000e+00, 7.535649593994759e+04, 1.000000000000000e-10, 1.108341694204010e+09
659, 9.165083028000000e-01, 4.456858500000000e-03, 4.425718602622618e-01, 0.000000000000000e+00, 0.000000000000000e+00, 7.536363269446835e+04, 1.000000000000000e-10, 1.108208624531039e+09
660, 9.195044264000000e-01, 4.494915400000000e-03, 4.423695426457608e-01, 0.000000000000000e+00, 0.000000000000000e+00, 7.533222807231377e+04, 1.000000000000000e-10, 1.108762672950287e+09
661, 9.225006781000000e-01, 4.521098200000000e-03, 4.420557695155365e-01, 0.000000000000000e+00, 0.000000000000000e+00, 7.528502340576870e+04, 1.000000000000000e-10, 1.109631636001811e+09
662, 9.254970225000000e-01, 4.531556300000000e-03, 4.418108044521736e-01, 0.000000000000000e+00, 0.000000000000000e+00, 7.525631662037525e+04, 1.000000000000000e-10, 1.110403836150171e+09
663, 9.284933501000000e-01, 4.518230800000000e-03, 4.417461495272595e-01, 0.000000000000000e+00, 0.000000000000000e+00, 7.525536729048195e+04, 1.000000000000000e-10, 1.110701113159616e+09
664, 9.314893480999999e-01, 4.472444700000000e-03, 4.417725322596725e-01, 0.000000000000000e+00, 0.000000000000000e+00, 7.526021590133868e+04, 1.000000000000000e-10, 1.110639053209511e+09
665, 9.344846103000000e-01, 4.391470900000000e-03, 4.418233616662054e-01, 0.000000000000000e+00, 0.000000000000000e+00, 7.526685234696409e+04, 1.000000000000000e-10, 1.110486883841927e+09
666, 9.374792507000000e-01, 4.289801600000000e-03, 4.417056563447176e-01, 0.000000000000000e+00, 0.000000000000000e+00, 7.522530092841707e+04, 1.000000000000000e-10, 1.110488313650811e+09
667, 9.404737331000000e-01, 4.183520900000000e-03, 4.413004617433785e-01, 0.000000000000000e+00, 0.000000000000000e+00, 7.514006067632497e+04, 1.000000000000000e-10, 1.111345098196332e+09
668, 9.434683278000000e-01, 4.080451000000000e-03, 4.408738017278607e-01, 0.000000000000000e+00, 0.000000000000000e+00, 7.506916330300510e+04, 1.000000000000000e-10, 1.112441813402965e+09
669, 9.464625694000000e-01, 3.967701700000000e-03, 4.406254338257989e-01, 0.000000000000000e+00, 0.000000000000000e+00, 7.503736001659396e+04, 1.000000000000000e-10, 1.113147720721298e+09
670, 9.494557192999999e-01, 3.829211000000000e-03, 4.406951895162583e-01, 0.000000000000000e+00, 0.000000000000000e+00, 7.505728665648864e+04, 1.000000000000000e-10, 1.113069087356683e+09
671, 9.524469545000001e-01, 3.654174900000000e-03, 4.409380732385286e-01, 0.000000000000000e+00, 0.000000000000000e+00, 7.511090091102105e+04, 1.000000000000000e-10, 1.112643826757488e+09
672, 9.554363444000000e-01, 3.449926600000000e-03, 4.408673165048139e-01, 0.000000000000000e+00, 0.000000000000000e+00, 7.509531772356595e+04, 1.000000000000000e-10, 1.112779637040994e+09
673, 9.584242260000000e-01, 3.224624800000000e-03, 4.404875027036277e-01, 0.000000000000000e+00, 0.000000000000000e+00, 7.502075017630840e+04, 1.000000000000000e-10, 1.113588719065209e+09
674, 9.614110739000000e-01, 2.985978000000000e-03, 4.397077420502796e-01, 0.000000000000000e+00, 0.000000000000000e+00, 7.488690733118425e+04, 1.000000000000000e-10, 1.115585914335033e+09
675, 9.643968526000000e-01, 2.734335600000000e-03, 4.388763085824977e-01, 0.000000000000000e+00, 0.000000000000000e+00, 7.475512730641555e+04, 1.000000000000000e-10, 1.117796881387091e+09
676, 9.673808280000000e-01, 2.462191300000000e-03, 4.381977765129801e-01, 0.000000000000000e+00, 0.000000000000000e+00, 7.466351833831632e+04, 1.000000000000000e-10, 1.119816781564712e+09
677, 9.703620847000000e-01, 2.161784500000000e-03, 4.376120134956373e-01, 0.000000000000000e+00, 0.000000000000000e+00, 7.458945732286719e+04, 1.000000000000000e-10, 1.121629551905310e+09
678, 9.733402982000000e-01, 1.832532300000000e-03, 4.366488650387624e-01, 0.000000000000000e+00, 0.000000000000000e+00, 7.448486624388309e+04, 1.000000000000000e-10, 1.124850827562560e+09
679, 9.763154943000000e-01, 1.477044900000000e-03, 4.344624774296652e-01, 0.000000000000000e+00, 0.000000000000000e+00, 7.421782183862750e+04, 1.000000000000000e-10, 1.131831337744438e+09
680, 9.792874526000001e-01, 1.095432300000000e-03, 4.314210705551398e-01, 0.000000000000000e+00, 0.000000000000000e+00, 7.382364301616838e+04, 1.000000000000000e-10, 1.141396356495181e+09
681, 9.822556855000000e-01, 6.858801000000000e-04, 4.291727742760007e-01, 0.000000000000000e+00, 0.000000000000000e+00, 7.368380433653152e+04, 1.000000000000000e-10, 1.150497220940006e+09
682, 9.852198673000000e-01, 2.479352000000000e-04, 4.260453265862207e-01, 0.000000000000000e+00, 0.000000000000000e+00, 7.367723037405331e+04, 1.000000000000000e-10, 1.165786456757961e+09
683, 9.881808922000000e-01, -2.108983000000000e-04, 4.210620771351551e-01, 0.000000000000000e+00, 0.000000000000000e+00, 7.387167127992399e+04, 1.000000000000000e-10, 1.193460007820827e+09
684, 9.911395461000000e-01, -6.847765000000000e-04, 4.156403191337128e-01, 0.000000000000000e+00, 0.000000000000000e+00, 7.397090931570562e+04, 1.000000000000000e-10, 1.223104188803251e+09
685, 9.940944037000000e-01, -1.181769000000000e-03, 4.073466339028141e-01, 0.000000000000000e+00, 0.000000000000000e+00, 7.312577162309996e+04, 1.000000000000000e-10, 1.256775706805899e+09
686, 9.970470357000000e-01, -1.691851000000000e-03, 3.851744428747986e-01, 0.000000000000000e+00, 0.000000000000000e+00, 6.921638775985081e+04, 1.000000000000000e-10, 1.330219371619158e+09
687, 1.000000000000000e+00, 5.500000000000000e-04, 3.489280695123531e-01, 0.000000000000000e+00, 0.000000000000000e+00, 6.123690410298303e+04, 1.000000000000000e-10, 1.440574903533868e+09
