2 0.000000 100.000000 335.864767
2916 2542 
1 -220.509466 0.000000 -223.956064 99.938195 -0.000669 3.489821 0.000018 
2 263.833875 0.000000 -223.956064 99.938322 -0.004914 3.484966 0.000019 
3 263.833875 0.000000 230.086264 99.939894 0.005495 3.483945 -0.000012 
4 -220.509466 0.000000 230.086264 99.939746 0.000668 3.490364 -0.000014 
5 21.662204 0.000000 3.065100 106.946478 -0.051300 0.252655 -0.143762 
6 -220.509466 0.000000 3.065100 99.938154 -0.000056 3.490877 0.000018 
7 21.662204 0.000000 -223.956064 99.937163 -0.002674 3.487308 0.000040 
8 263.833875 0.000000 3.065100 99.956399 -0.116116 2.968574 -0.000011 
9 21.662204 0.000000 230.086264 99.942384 0.002633 3.487268 -0.000064 
10 -99.423631 0.000000 -110.445482 99.935002 -0.001438 3.488247 0.000083 
11 -220.509466 0.000000 -110.445482 99.937850 -0.000470 3.490150 0.000024 
12 -99.423631 0.000000 -223.956064 99.937501 -0.001348 3.488985 0.000032 
13 21.662204 0.000000 -110.445482 99.933872 -0.005819 3.479564 0.000111 
14 -99.423631 0.000000 3.065100 99.931192 -0.000772 3.493747 0.000155 
15 142.748040 0.000000 -110.445482 99.935519 -0.009702 3.470762 0.000085 
16 142.748040 0.000000 -223.956064 99.937564 -0.004121 3.485653 0.000033 
17 263.833875 0.000000 -110.445482 99.938474 -0.010487 3.470442 0.000026 
18 142.748040 0.000000 3.065100 99.913862 -0.150166 3.993939 0.000125 
19 -99.423631 0.000000 116.575682 99.941216 0.000908 3.492731 -0.000045 
20 -220.509466 0.000000 116.575682 99.939281 0.000405 3.490915 -0.000005 
21 21.662204 0.000000 116.575682 99.954410 0.003840 3.479478 -0.000299 
22 -99.423631 0.000000 230.086264 99.940972 0.001289 3.490021 -0.000038 
23 -38.880713 0.000000 -53.690191 99.933861 0.003307 3.445209 0.000135 
24 -99.423631 0.000000 -53.690191 99.931793 -0.001335 3.488963 0.000146 
25 -38.880713 0.000000 -110.445482 99.933414 -0.002986 3.483911 0.000118 
26 21.662204 0.000000 -53.690191 100.089360 -0.080784 3.443734 -0.002975 
27 -38.880713 0.000000 3.065100 99.846832 0.095140 3.449366 0.001870 
28 142.748040 0.000000 116.575682 99.941748 0.010600 3.465925 -0.000037 
29 263.833875 0.000000 116.575682 99.940023 0.012836 3.466150 -0.000002 
30 142.748040 0.000000 230.086264 99.941059 0.004378 3.484453 -0.000036 
31 82.205122 0.000000 -53.690191 99.949170 -0.046922 3.457283 -0.000179 
32 82.205122 0.000000 -110.445482 99.933343 -0.008306 3.474468 0.000126 
33 142.748040 0.000000 -53.690191 99.934581 -0.020840 3.414434 0.000142 
34 82.205122 0.000000 3.065100 99.865951 -0.263890 3.198273 0.001649 
35 -38.880713 0.000000 59.820391 99.925809 0.017902 3.495282 0.000262 
36 -99.423631 0.000000 59.820391 99.937687 0.000160 3.495317 0.000024 
37 21.662204 0.000000 59.820391 99.921875 0.053603 3.447953 0.000373 
38 -38.880713 0.000000 116.575682 99.947046 0.001677 3.492313 -0.000161 
39 -8.609254 0.000000 -25.312545 99.733489 -0.081793 3.259869 0.004260 
40 -38.880713 0.000000 -25.312545 99.897439 0.013170 3.406864 0.000889 
41 -8.609254 0.000000 -53.690191 99.994594 -0.025678 3.400397 -0.001048 
42 21.662204 0.000000 -25.312545 100.179644 -0.382545 3.368301 -0.004745 
43 -8.609254 0.000000 3.065100 98.570563 0.144022 3.563814 0.027112 
44 82.205122 0.000000 59.820391 99.927300 0.031346 3.405298 0.000294 
45 142.748040 0.000000 59.820391 99.940273 0.025598 3.404598 0.000035 
46 82.205122 0.000000 116.575682 99.947328 0.007743 3.466848 -0.000149 
47 51.933663 0.000000 -25.312545 99.875142 -0.091793 3.466996 0.001293 
48 51.933663 0.000000 -53.690191 100.025666 -0.100374 3.500533 -0.001740 
49 82.205122 0.000000 -25.312545 99.935404 -0.172176 3.341677 0.000172 
50 51.933663 0.000000 3.065100 99.036479 -0.180346 2.655956 0.018469 
51 -8.609254 0.000000 31.442745 99.999629 0.371049 3.664064 -0.001349 
52 -38.880713 0.000000 31.442745 99.883522 0.034772 3.485229 0.001113 
53 21.662204 0.000000 31.442745 100.224134 0.351331 3.301871 -0.005590 
54 -8.609254 0.000000 59.820391 99.916884 0.040095 3.485706 0.000446 
55 6.526475 0.000000 -11.123723 99.988275 -0.111699 1.907422 -0.000131 
56 -8.609254 0.000000 -11.123723 99.306779 0.047250 2.968156 0.012935 
57 6.526475 0.000000 -25.312545 99.786708 -0.355547 3.077419 0.003302 
58 21.662204 0.000000 -11.123723 101.671319 -0.149413 3.320961 -0.034811 
59 6.526475 0.000000 3.065100 93.644008 -0.396173 22.118813 0.074140 
60 -159.966548 0.000000 -53.690191 99.936373 -0.000546 3.490497 0.000054 
61 -220.509466 0.000000 -53.690191 99.937848 -0.000287 3.490503 0.000024 
62 -159.966548 0.000000 -110.445482 99.936840 -0.000778 3.489780 0.000045 
63 -159.966548 0.000000 3.065100 99.936833 -0.000186 3.491606 0.000044 
64 -69.152172 0.000000 -25.312545 99.911151 0.030670 3.501435 0.000550 
65 -99.423631 0.000000 -25.312545 99.930492 -0.001125 3.490988 0.000171 
66 -69.152172 0.000000 -53.690191 99.935049 0.037461 3.468971 0.000095 
67 -69.152172 0.000000 3.065100 99.914338 0.027619 3.490049 0.000494 
68 -23.744984 0.000000 -11.123723 99.717761 0.193693 3.397920 0.004478 
69 -38.880713 0.000000 -11.123723 99.862191 0.066891 3.419015 0.001585 
70 -23.744984 0.000000 -25.312545 99.830739 -0.000356 3.386438 0.002236 
71 -23.744984 0.000000 3.065100 99.675742 0.301965 3.531057 0.005219 
72 51.933663 0.000000 31.442745 99.880340 0.115065 3.155636 0.001395 
73 82.205122 0.000000 31.442745 99.863475 0.019662 3.302033 0.001638 
74 51.933663 0.000000 59.820391 99.901703 0.048603 3.419768 0.000795 
75 6.526475 0.000000 17.253923 100.276071 0.195674 4.267520 -0.007354 
76 -8.609254 0.000000 17.253923 100.004114 -0.145518 4.085222 -0.001753 
77 21.662204 0.000000 17.253923 101.073299 0.041786 2.931849 -0.022441 
78 6.526475 0.000000 31.442745 100.231223 0.459032 3.578972 -0.005932 
79 -1.041390 0.000000 -4.029311 94.390188 0.250429 -2.113213 0.108596 
80 -8.609254 0.000000 -4.029311 98.623891 0.025958 3.033411 0.026413 
81 -1.041390 0.000000 -11.123723 99.311390 -0.035218 1.828585 0.013390 
82 6.526475 0.000000 -4.029311 104.214925 -0.387589 -21.218158 -0.131111 
83 -1.041390 0.000000 3.065100 95.997868 0.335668 6.753237 0.073869 
84 36.797934 0.000000 -11.123723 99.345407 -0.017609 4.815533 0.010730 
85 36.797934 0.000000 -25.312545 100.136450 -0.309306 3.649902 -0.004073 
86 51.933663 0.000000 -11.123723 99.574251 -0.176099 3.456427 0.007299 
87 36.797934 0.000000 3.065100 105.165741 0.019454 3.100994 -0.106945 
88 14.094340 0.000000 -4.029311 91.589811 -0.494595 -2.130642 0.160652 
89 14.094340 0.000000 -11.123723 100.185690 0.304409 1.871709 -0.004077 
90 21.662204 0.000000 -4.029311 112.950734 -0.025042 17.621198 -0.306838 
91 14.094340 0.000000 3.065100 105.973187 -0.306453 2.738258 -0.123791 
92 -159.966548 0.000000 59.820391 99.938357 0.000233 3.492076 0.000013 
93 -220.509466 0.000000 59.820391 99.938725 0.000189 3.491042 0.000006 
94 -159.966548 0.000000 116.575682 99.939668 0.000585 3.491576 -0.000013 
95 -69.152172 0.000000 31.442745 99.929916 0.024468 3.518455 0.000163 
96 -99.423631 0.000000 31.442745 99.934189 -0.000292 3.495570 0.000094 
97 -69.152172 0.000000 59.820391 99.938072 -0.000025 3.500066 0.000013 
98 -23.744984 0.000000 17.253923 99.822243 0.319663 3.619167 0.002232 
99 -38.880713 0.000000 17.253923 99.857620 0.038052 3.474030 0.001639 
100 -23.744984 0.000000 31.442745 99.895273 0.167671 3.548537 0.000831 
101 -1.041390 0.000000 10.159511 99.135829 0.325319 5.012573 0.014686 
102 -8.609254 0.000000 10.159511 99.423238 0.003410 4.021236 0.009885 
103 6.526475 0.000000 10.159511 99.994445 0.220846 6.099068 -0.003614 
104 -1.041390 0.000000 17.253923 100.418149 0.085950 4.223808 -0.010165 
105 2.742543 0.000000 -0.482106 90.755864 -0.135139 26.487161 0.106179 
106 -1.041390 0.000000 -0.482106 87.927936 0.280219 8.459894 0.219703 
107 2.742543 0.000000 -4.029311 97.826850 -0.028127 -1.718830 0.042695 
108 6.526475 0.000000 -0.482106 -11.308731 -0.380290 -0.813357 0.987131 
109 2.742543 0.000000 3.065100 94.775451 0.087610 11.206458 0.089202 
110 -16.177119 0.000000 -4.029311 99.315865 0.128815 3.844456 0.012156 
111 -23.744984 0.000000 -4.029311 99.666987 0.235338 3.460440 0.005446 
112 -16.177119 0.000000 -11.123723 99.439453 0.163908 3.498923 0.009953 
113 -16.177119 0.000000 3.065100 99.483798 0.116309 4.042510 0.008662 
114 -4.825322 0.000000 -0.482106 96.826358 -0.010909 3.408781 0.061304 
115 -8.609254 0.000000 -0.482106 98.487744 0.048039 3.424681 0.028843 
116 -4.825322 0.000000 -4.029311 97.405283 -0.040806 2.327441 0.050679 
117 -4.825322 0.000000 3.065100 97.643878 0.074636 4.213429 0.044791 
118 -38.880713 0.000000 -167.200773 99.936151 -0.002299 3.487055 0.000061 
119 -99.423631 0.000000 -167.200773 99.936681 -0.001420 3.488638 0.000049 
120 -38.880713 0.000000 -223.956064 99.937245 -0.001932 3.488207 0.000038 
121 21.662204 0.000000 -167.200773 99.936035 -0.003550 3.485266 0.000064 
122 -8.609254 0.000000 -82.067836 99.959769 -0.011568 3.460075 -0.000393 
123 -38.880713 0.000000 -82.067836 99.945969 0.032182 3.467853 -0.000122 
124 -8.609254 0.000000 -110.445482 99.933731 -0.004171 3.481185 0.000113 
125 21.662204 0.000000 -82.067836 99.972465 -0.025130 3.470183 -0.000654 
126 6.526475 0.000000 -39.501368 100.061420 -0.326763 3.288646 -0.002321 
127 -8.609254 0.000000 -39.501368 99.994479 -0.101929 3.303766 -0.000982 
128 6.526475 0.000000 -53.690191 100.039466 -0.050265 3.412158 -0.001954 
129 21.662204 0.000000 -39.501368 100.085663 -0.490168 3.385195 -0.002884 
130 -1.041390 0.000000 -18.218134 99.190741 -0.063864 2.945363 0.015252 
131 -8.609254 0.000000 -18.218134 99.253317 0.028767 3.399376 0.013722 
132 -1.041390 0.000000 -25.312545 99.712352 -0.336536 3.175679 0.004725 
133 6.526475 0.000000 -18.218134 99.489750 0.134914 2.559760 0.009522 
134 2.742543 0.000000 -7.576517 98.753577 0.144493 0.225201 0.024766 
135 -1.041390 0.000000 -7.576517 98.338187 0.061995 1.048648 0.032850 
136 2.742543 0.000000 -11.123723 99.378344 0.203438 1.722894 0.012094 
137 6.526475 0.000000 -7.576517 100.443662 -0.134337 0.124989 -0.008896 
138 0.850577 0.000000 -2.255709 100.063551 0.073562 -24.468035 -0.061140 
139 -1.041390 0.000000 -2.255709 81.752399 0.310715 -2.139505 0.331187 
140 0.850577 0.000000 -4.029311 98.847135 0.123946 -4.977904 0.020445 
141 2.742543 0.000000 -2.255709 101.297474 -0.023827 5.603820 -0.029258 
142 0.850577 0.000000 -0.482106 87.047276 -0.012108 34.439537 0.123669 
143 -4.825322 0.000000 -7.576517 98.472864 0.043521 2.252076 0.029802 
144 -8.609254 0.000000 -7.576517 99.031924 0.024025 2.712346 0.018532 
145 -4.825322 0.000000 -11.123723 99.336010 0.002322 2.329114 0.012693 
146 -2.933356 0.000000 -2.255709 94.269751 0.152281 2.337207 0.110773 
147 -4.825322 0.000000 -2.255709 96.898494 -0.047541 2.727579 0.060324 
148 -2.933356 0.000000 -4.029311 96.017445 0.030254 1.237334 0.077912 
149 -2.933356 0.000000 -0.482106 94.365538 0.220495 4.252107 0.107702 
150 0.850577 0.000000 -5.802914 98.020713 0.244453 -0.858472 0.039114 
151 -1.041390 0.000000 -5.802914 97.288658 0.191763 0.164305 0.053485 
152 0.850577 0.000000 -7.576517 98.551064 0.182998 0.606605 0.028729 
153 2.742543 0.000000 -5.802914 98.658252 0.018051 -1.312065 0.026483 
154 -0.095407 0.000000 -3.142510 102.198184 0.125633 -31.996778 -0.146828 
155 -1.041390 0.000000 -3.142510 90.229063 0.225033 -3.815575 0.184411 
156 -0.095407 0.000000 -4.029311 95.517177 0.199969 -4.919222 0.085223 
157 0.850577 0.000000 -3.142510 103.910586 0.086385 -18.430276 -0.113709 
158 -0.095407 0.000000 -2.255709 53.285893 0.205039 -39.544661 0.559679 
159 36.797934 0.000000 17.253923 99.954184 0.141441 2.235491 0.000414 
160 51.933663 0.000000 17.253923 99.606023 0.272290 2.710062 0.007122 
161 36.797934 0.000000 31.442745 100.031562 0.070490 3.123386 -0.001607 
162 14.094340 0.000000 10.159511 101.298352 0.476466 4.808114 -0.028470 
163 21.662204 0.000000 10.159511 102.536838 -0.116221 2.262667 -0.051894 
164 14.094340 0.000000 17.253923 101.348704 0.073270 3.779223 -0.028585 
165 2.742543 0.000000 6.612306 98.159071 0.064192 7.114195 0.031418 
166 -1.041390 0.000000 6.612306 98.120537 0.427413 5.679190 0.033992 
167 6.526475 0.000000 6.612306 99.599566 -0.042119 9.405253 -0.000853 
168 2.742543 0.000000 10.159511 99.016452 0.492973 5.519804 0.016503 
169 0.850577 0.000000 1.291497 92.501238 0.121287 11.637027 0.130809 
170 -1.041390 0.000000 1.291497 93.634205 0.296038 7.593129 0.117489 
171 2.742543 0.000000 1.291497 91.315423 0.045600 15.926549 0.140784 
172 0.850577 0.000000 3.065100 95.405762 0.138351 8.574693 0.082420 
173 -0.095407 0.000000 -1.368907 62.116602 0.008817 43.832465 0.422024 
174 -1.041390 0.000000 -1.368907 81.893958 0.311058 6.487763 0.325119 
175 0.850577 0.000000 -1.368907 82.881958 -0.016793 35.512641 0.186943 
176 -0.095407 0.000000 -0.482106 83.568852 0.000884 39.616621 0.144677 
177 10.310407 0.000000 -0.482106 -12.260521 -0.175045 0.325221 0.984954 
178 10.310407 0.000000 -4.029311 98.953503 -0.679858 11.799296 0.006852 
179 14.094340 0.000000 -0.482106 -9.596495 -0.057557 2.428572 0.990201 
180 10.310407 0.000000 3.065100 114.900885 -0.441532 11.867817 -0.334325 
181 4.634509 0.000000 -2.255709 95.241956 -0.093550 -9.101480 0.084612 
182 4.634509 0.000000 -4.029311 95.348453 -0.043384 -7.708358 0.084925 
183 6.526475 0.000000 -2.255709 97.333159 -0.303252 -33.669847 -0.060749 
184 4.634509 0.000000 -0.482106 87.456957 -0.373998 28.617592 0.153217 
185 1.796560 0.000000 -3.142510 104.637776 0.020583 -0.170776 -0.094909 
186 1.796560 0.000000 -4.029311 99.618600 0.072115 -3.140064 0.006627 
187 2.742543 0.000000 -3.142510 100.639044 -0.021587 6.611878 -0.017193 
188 1.796560 0.000000 -2.255709 104.657634 0.018707 -0.338254 -0.095334 
189 1.796560 0.000000 -1.368907 89.933672 -0.023280 30.091273 0.100645 
190 2.742543 0.000000 -1.368907 91.132614 -0.132772 26.467388 0.099431 
191 1.796560 0.000000 -0.482106 90.230656 -0.059178 28.952927 0.102015 
192 4.634509 0.000000 1.291497 83.479169 -0.486455 34.404856 0.184730 
193 6.526475 0.000000 1.291497 80.553431 -0.143963 47.123248 0.129052 
194 4.634509 0.000000 3.065100 93.791127 -0.155597 15.174026 0.097295 
195 3.688526 0.000000 0.404696 89.039781 -0.295892 26.750910 0.135622 
196 2.742543 0.000000 0.404696 91.018252 -0.134611 26.517982 0.101246 
197 3.688526 0.000000 -0.482106 89.894490 -0.243277 26.496446 0.121686 
198 4.634509 0.000000 0.404696 85.701249 -0.427785 31.007288 0.169366 
199 3.688526 0.000000 1.291497 87.090306 -0.389227 28.716881 0.159047 
200 14.094340 0.000000 -18.218134 100.034920 -0.056967 2.655519 -0.001404 
201 14.094340 0.000000 -25.312545 100.126093 -0.377746 3.165746 -0.003540 
202 21.662204 0.000000 -18.218134 100.387560 -0.155361 3.378458 -0.008910 
203 10.310407 0.000000 -7.576517 100.010953 -0.335418 1.582121 -0.000481 
204 10.310407 0.000000 -11.123723 100.132895 -0.172490 2.024230 -0.003072 
205 14.094340 0.000000 -7.576517 99.504473 -0.511515 0.498105 0.009835 
206 4.634509 0.000000 -5.802914 99.340734 -0.125886 -2.670915 0.012427 
207 4.634509 0.000000 -7.576517 99.516014 -0.094878 -0.287555 0.009647 
208 6.526475 0.000000 -5.802914 101.450743 -0.221476 -2.224690 -0.029725 
209 8.418441 0.000000 -2.255709 -11.990136 -0.006503 -0.806683 0.985559 
210 8.418441 0.000000 -4.029311 108.717815 -0.417863 8.796117 -0.189711 
211 10.310407 0.000000 -2.255709 99.072856 -0.648307 11.123504 0.006042 
212 8.418441 0.000000 -0.482106 -11.725816 0.177594 -0.680850 0.986201 
213 5.580492 0.000000 -3.142510 95.358448 -0.269807 -27.622428 0.014370 
214 4.634509 0.000000 -3.142510 95.144900 -0.128129 -11.886248 0.080615 
215 5.580492 0.000000 -4.029311 98.574281 -0.247302 -12.117153 0.013622 
216 6.526475 0.000000 -3.142510 103.101362 -0.375444 -22.842315 -0.115180 
217 5.580492 0.000000 -2.255709 94.147236 -0.247033 -23.036911 0.060554 
218 10.310407 0.000000 6.612306 102.340363 0.327202 7.719094 -0.053324 
219 14.094340 0.000000 6.612306 101.642290 -0.893594 4.649183 -0.035357 
220 10.310407 0.000000 10.159511 100.960063 0.320388 5.790091 -0.022656 
221 8.418441 0.000000 1.291497 92.327396 -0.227288 48.479923 -0.087470 
222 10.310407 0.000000 1.291497 -11.696667 0.099783 0.429539 0.986299 
223 8.418441 0.000000 3.065100 99.380896 -0.327368 43.614590 -0.177890 
224 5.580492 0.000000 0.404696 82.218130 -0.375011 37.535006 0.183116 
225 5.580492 0.000000 -0.482106 83.489760 -0.486156 34.385624 0.184685 
226 6.526475 0.000000 0.404696 79.416456 -0.180909 44.257719 0.173425 
227 5.580492 0.000000 1.291497 81.260577 -0.320407 39.777469 0.181437 
228 8.418441 0.000000 -5.802914 101.831586 -0.460685 0.956089 -0.037080 
229 8.418441 0.000000 -7.576517 100.680481 -0.441942 1.320616 -0.013850 
230 10.310407 0.000000 -5.802914 99.695380 -0.582740 2.314599 0.005513 
231 7.472458 0.000000 -3.142510 110.181496 -0.456418 -1.280703 -0.214181 
232 7.472458 0.000000 -4.029311 110.604939 -0.472280 -4.170033 -0.225106 
233 8.418441 0.000000 -3.142510 106.611948 -0.454342 11.041221 -0.148822 
234 7.472458 0.000000 -2.255709 -11.591669 0.008399 -0.469803 0.986541 
235 8.418441 0.000000 4.838703 102.029006 0.142810 14.283182 -0.061395 
236 6.526475 0.000000 4.838703 98.618142 -0.220694 13.381128 0.009536 
237 10.310407 0.000000 4.838703 105.963860 -0.224008 9.659119 -0.132169 
238 8.418441 0.000000 6.612306 101.223224 0.003752 9.345626 -0.033348 
239 7.472458 0.000000 2.178299 87.102717 -0.178820 49.549214 -0.004204 
240 6.526475 0.000000 2.178299 82.885293 -0.100103 49.211426 0.070825 
241 7.472458 0.000000 1.291497 83.853110 -0.094029 47.222310 0.073870 
242 8.418441 0.000000 2.178299 95.287632 -0.275663 46.353594 -0.122846 
243 7.472458 0.000000 3.065100 91.676567 -0.299642 50.202516 -0.092498 
244 29.230069 0.000000 -4.029311 98.185176 -0.381379 10.260390 0.025425 
245 29.230069 0.000000 -11.123723 100.713407 0.054201 5.003047 -0.016822 
246 36.797934 0.000000 -4.029311 96.905401 -0.246154 8.901695 0.053004 
247 29.230069 0.000000 3.065100 111.170276 -0.052594 -1.117964 -0.236008 
248 17.878272 0.000000 -0.482106 -8.168758 0.283664 0.867739 0.993244 
249 17.878272 0.000000 -4.029311 105.990894 0.363321 -16.402094 -0.150323 
250 21.662204 0.000000 -0.482106 -10.221220 -0.062195 -0.752306 0.989496 
251 17.878272 0.000000 3.065100 105.790940 0.182184 0.268009 -0.119183 
252 12.202374 0.000000 -2.255709 96.611978 -0.545655 0.910773 0.066500 
253 12.202374 0.000000 -4.029311 96.192047 -0.541448 -0.007365 0.074680 
254 14.094340 0.000000 -2.255709 90.437342 -0.468097 -2.144939 0.181627 
255 12.202374 0.000000 -0.482106 -11.836308 -0.421705 1.813903 0.985643 
256 9.364424 0.000000 -3.142510 102.269008 -0.549200 14.164778 -0.065989 
257 9.364424 0.000000 -4.029311 103.060767 -0.497717 14.405575 -0.082929 
258 10.310407 0.000000 -3.142510 99.095657 -0.665740 11.492798 0.004752 
259 9.364424 0.000000 -2.255709 103.059873 -0.534148 14.986527 -0.084622 
260 12.202374 0.000000 1.291497 -10.653806 -0.347831 0.744703 0.988582 
261 14.094340 0.000000 1.291497 -9.202372 -0.101761 1.176551 0.991392 
262 12.202374 0.000000 3.065100 108.677882 -0.790022 -1.736907 -0.181452 
263 9.364424 0.000000 2.178299 104.237903 -0.406829 40.454699 -0.250229 
264 9.364424 0.000000 1.291497 -11.514974 0.099063 0.134145 0.986738 
265 10.310407 0.000000 2.178299 115.611520 -0.426587 11.209288 -0.349185 
266 9.364424 0.000000 3.065100 109.194929 -0.435670 31.169044 -0.289523 
267 17.878272 0.000000 -7.576517 102.292562 -0.538263 -0.430140 -0.046424 
268 17.878272 0.000000 -11.123723 100.943598 0.217692 2.587614 -0.019635 
269 21.662204 0.000000 -7.576517 103.737340 -0.030003 4.010925 -0.077752 
270 12.202374 0.000000 -5.802914 98.289922 -0.347552 1.103601 0.033775 
271 12.202374 0.000000 -7.576517 99.324449 -0.383074 1.324522 0.013275 
272 14.094340 0.000000 -5.802914 98.381086 -0.137980 -1.550801 0.031874 
273 11.256390 0.000000 -3.142510 98.025732 -0.624621 5.936451 0.035532 
274 11.256390 0.000000 -4.029311 97.658489 -0.648208 4.339340 0.044357 
275 12.202374 0.000000 -3.142510 96.903147 -0.560355 1.752572 0.060639 
276 11.256390 0.000000 -2.255709 97.815023 -0.570403 3.941464 0.041636 
277 29.230069 0.000000 10.159511 100.654375 0.131007 0.889191 -0.013211 
278 36.797934 0.000000 10.159511 99.807028 0.174044 1.332206 0.003675 
279 29.230069 0.000000 17.253923 100.601571 0.173749 2.250425 -0.012577 
280 17.878272 0.000000 6.612306 101.666779 -0.123733 3.624915 -0.034929 
281 21.662204 0.000000 6.612306 102.265130 -0.467480 1.717317 -0.046132 
282 17.878272 0.000000 10.159511 101.343160 -0.459010 3.452411 -0.028257 
283 12.202374 0.000000 4.838703 103.835687 -0.356106 4.950142 -0.080648 
284 14.094340 0.000000 4.838703 102.351509 -0.690375 4.466100 -0.049625 
285 12.202374 0.000000 6.612306 102.425235 -0.189746 5.818010 -0.052481 
286 11.256390 0.000000 2.178299 110.789073 -0.580479 -4.167794 -0.229193 
287 11.256390 0.000000 1.291497 -11.286927 -0.256018 0.562345 0.987222 
288 12.202374 0.000000 2.178299 107.142147 -0.935421 0.431252 -0.148050 
289 11.256390 0.000000 3.065100 111.846890 -0.548835 -1.124423 -0.251129 
290 15.986306 0.000000 1.291497 -8.749151 -0.002206 1.100124 0.992224 
291 15.986306 0.000000 -0.482106 -8.146173 0.088842 1.629108 0.993098 
292 17.878272 0.000000 1.291497 -8.685057 0.299773 0.919444 0.992363 
293 15.986306 0.000000 3.065100 105.756300 -0.032551 2.066752 -0.118867 
294 15.986306 0.000000 4.838703 102.563034 -0.284075 4.037025 -0.053555 
295 17.878272 0.000000 4.838703 102.671428 0.342705 3.129065 -0.055133 
296 15.986306 0.000000 6.612306 101.504421 -0.642027 4.321791 -0.032224 
297 15.040323 0.000000 2.178299 105.786893 -0.123146 2.919846 -0.119941 
298 14.094340 0.000000 2.178299 106.065431 -0.383576 2.592320 -0.125674 
299 15.040323 0.000000 1.291497 -8.697692 0.034751 1.154918 0.992302 
300 15.986306 0.000000 2.178299 105.755578 -0.004468 1.830058 -0.118759 
301 15.040323 0.000000 3.065100 105.788216 -0.134787 2.898300 -0.119956 
302 25.446137 0.000000 -0.482106 -15.476869 0.125472 -3.595255 0.974752 
303 25.446137 0.000000 -4.029311 105.693832 -0.296596 22.130318 -0.166103 
304 29.230069 0.000000 -0.482106 -27.987799 -0.252597 -1.046133 0.921552 
305 25.446137 0.000000 3.065100 107.394144 0.080739 -4.373978 -0.155264 
306 19.770238 0.000000 1.291497 -9.389172 0.143269 0.224355 0.991177 
307 19.770238 0.000000 -0.482106 -9.002515 -0.102433 -0.073896 0.991894 
308 21.662204 0.000000 1.291497 -10.653124 -0.133027 0.145234 0.988647 
309 19.770238 0.000000 3.065100 106.101502 0.092481 0.291744 -0.125762 
310 25.446137 0.000000 6.612306 102.484270 0.040110 -0.042901 -0.050303 
311 29.230069 0.000000 6.612306 101.529035 -0.173874 -0.698021 -0.030866 
312 25.446137 0.000000 10.159511 101.707140 -0.158818 1.199574 -0.034581 
313 19.770238 0.000000 4.838703 102.395071 0.296160 2.550975 -0.049135 
314 21.662204 0.000000 4.838703 103.290058 0.158218 2.312926 -0.067421 
315 19.770238 0.000000 6.612306 101.761753 -0.490153 3.028826 -0.036487 
316 18.824255 0.000000 2.178299 105.885630 0.052959 0.271922 -0.121184 
317 17.878272 0.000000 2.178299 105.749386 0.242147 0.237149 -0.118305 
318 18.824255 0.000000 1.291497 -9.092712 0.052869 0.368906 0.991718 
319 19.770238 0.000000 2.178299 106.143868 0.108654 0.223831 -0.126658 
320 18.824255 0.000000 3.065100 105.874501 0.064501 0.213948 -0.120946 
321 23.554171 0.000000 1.291497 -12.325787 0.013591 -1.259798 0.984649 
322 23.554171 0.000000 -0.482106 -11.992006 0.000591 -2.209622 0.985131 
323 25.446137 0.000000 1.291497 -15.060888 0.252622 -1.608844 0.977052 
324 23.554171 0.000000 3.065100 107.761866 -0.079081 -1.049775 -0.161373 
325 23.554171 0.000000 4.838703 104.010457 0.118327 0.168792 -0.081822 
326 25.446137 0.000000 4.838703 103.729950 0.185921 -1.416639 -0.076194 
327 23.554171 0.000000 6.612306 102.618410 0.010046 1.043134 -0.053163 
328 22.608188 0.000000 2.178299 107.385960 -0.100648 0.188508 -0.153179 
329 21.662204 0.000000 2.178299 106.788723 -0.026131 0.254496 -0.140390 
330 22.608188 0.000000 1.291497 -11.299473 -0.214122 -1.061808 0.987115 
331 23.554171 0.000000 2.178299 107.845299 -0.073791 -1.416123 -0.163262 
332 22.608188 0.000000 3.065100 107.277815 -0.093470 0.182332 -0.150857 
333 82.205122 0.000000 -167.200773 99.936157 -0.004875 3.483421 0.000063 
334 82.205122 0.000000 -223.956064 99.937263 -0.003454 3.486407 0.000039 
335 142.748040 0.000000 -167.200773 99.936826 -0.005891 3.481911 0.000051 
336 51.933663 0.000000 -82.067836 99.949541 -0.045104 3.475320 -0.000199 
337 51.933663 0.000000 -110.445482 99.933330 -0.007122 3.477380 0.000124 
338 82.205122 0.000000 -82.067836 99.938263 -0.028461 3.468975 0.000031 
339 36.797934 0.000000 -39.501368 100.091922 -0.465244 3.472343 -0.003067 
340 36.797934 0.000000 -53.690191 100.073880 -0.094263 3.487291 -0.002695 
341 51.933663 0.000000 -39.501368 100.125471 -0.367467 3.559873 -0.003792 
342 29.230069 0.000000 -18.218134 100.212876 -0.142150 3.809880 -0.005716 
343 29.230069 0.000000 -25.312545 100.237494 -0.307751 3.512830 -0.005999 
344 36.797934 0.000000 -18.218134 100.093460 -0.506784 4.065425 -0.003549 
345 25.446137 0.000000 -7.576517 101.610340 -0.487619 7.133941 -0.037579 
346 25.446137 0.000000 -11.123723 101.344929 0.425033 4.584975 -0.029200 
347 29.230069 0.000000 -7.576517 99.887140 0.166109 6.735583 -0.002284 
348 203.290957 0.000000 -53.690191 99.938832 -0.020559 3.418088 0.000055 
349 203.290957 0.000000 -110.445482 99.937456 -0.010284 3.470098 0.000046 
350 263.833875 0.000000 -53.690191 99.940145 -0.020118 3.422521 0.000025 
351 203.290957 0.000000 3.065100 99.946724 -0.131740 3.209678 0.000033 
352 112.476581 0.000000 -25.312545 99.931169 -0.054443 3.260068 0.000313 
353 112.476581 0.000000 -53.690191 99.929788 0.023123 3.417723 0.000236 
354 142.748040 0.000000 -25.312545 99.938955 -0.039788 3.256513 0.000160 
355 112.476581 0.000000 3.065100 99.919572 -0.182052 3.407791 0.000443 
356 67.069393 0.000000 -11.123723 99.823989 -0.080372 3.169290 0.002512 
357 67.069393 0.000000 -25.312545 99.904549 -0.029843 3.392399 0.000757 
358 82.205122 0.000000 -11.123723 99.922666 -0.140907 3.160059 0.000545 
359 67.069393 0.000000 3.065100 99.751975 -0.435123 2.999421 0.004036 
360 44.365799 0.000000 -4.029311 97.732033 -0.251002 4.289247 0.042999 
361 44.365799 0.000000 -11.123723 99.194256 -0.215736 3.915813 0.014512 
362 51.933663 0.000000 -4.029311 99.117716 -0.263223 3.269402 0.016492 
363 44.365799 0.000000 3.065100 96.014374 -1.027339 1.250300 0.077862 
364 33.014001 0.000000 -0.482106 103.750953 0.016030 20.020967 -0.116510 
365 33.014001 0.000000 -4.029311 98.674933 -0.132939 11.283453 0.013592 
366 36.797934 0.000000 -0.482106 100.678322 0.080136 24.124169 -0.071811 
367 33.014001 0.000000 3.065100 100.066906 -0.073524 -20.199340 -0.042140 
368 27.338103 0.000000 -2.255709 95.046262 -0.142429 20.476809 0.054689 
369 25.446137 0.000000 -2.255709 95.829924 0.055270 45.122976 -0.121946 
370 27.338103 0.000000 -4.029311 95.475878 -0.418663 13.649690 0.069787 
371 29.230069 0.000000 -2.255709 98.456886 -0.454882 12.882341 0.014008 
372 27.338103 0.000000 -0.482106 -21.938374 -0.360091 -4.102858 0.950174 
373 23.554171 0.000000 -2.255709 -11.959030 -0.052548 -2.177085 0.985224 
374 21.662204 0.000000 -2.255709 -10.353385 -0.092255 -1.135698 0.989151 
375 23.554171 0.000000 -4.029311 109.450580 -0.273867 11.634784 -0.211487 
376 33.014001 0.000000 -7.576517 99.112385 0.257073 6.381428 0.013595 
377 33.014001 0.000000 -11.123723 99.941851 -0.686944 5.062268 -0.001447 
378 36.797934 0.000000 -7.576517 98.671529 -0.315986 6.016220 0.022763 
379 27.338103 0.000000 -5.802914 99.691531 -0.464018 9.718394 -0.003306 
380 25.446137 0.000000 -5.802914 102.251642 -0.340960 10.852489 -0.057329 
381 27.338103 0.000000 -7.576517 100.481571 -0.517966 7.150226 -0.014794 
382 29.230069 0.000000 -5.802914 99.139244 0.236171 8.584722 0.009766 
383 26.392120 0.000000 -3.142510 92.732660 0.076913 21.406310 0.094242 
384 25.446137 0.000000 -3.142510 101.048196 0.036702 47.041386 -0.242363 
385 26.392120 0.000000 -4.029311 96.628003 -0.420676 19.647972 0.027681 
386 27.338103 0.000000 -3.142510 93.289518 0.004028 21.091571 0.085221 
387 26.392120 0.000000 -2.255709 90.517780 0.076339 20.880817 0.137052 
388 23.554171 0.000000 -5.802914 104.694422 -0.171515 9.126769 -0.104425 
389 21.662204 0.000000 -5.802914 106.506389 -0.477575 5.853701 -0.137810 
390 23.554171 0.000000 -7.576517 102.733488 -0.042758 6.225123 -0.059292 
391 24.500154 0.000000 -3.142510 113.061604 -0.057457 15.572290 -0.302543 
392 23.554171 0.000000 -3.142510 109.518059 -0.260958 11.315723 -0.212232 
393 24.500154 0.000000 -4.029311 111.183983 -0.066882 14.458217 -0.257092 
394 24.500154 0.000000 -2.255709 -12.385626 -0.051000 -3.543622 0.983404 
395 27.338103 0.000000 1.291497 -19.920066 -0.356659 0.480469 0.960283 
396 29.230069 0.000000 1.291497 -27.372712 -0.065468 1.364945 0.924887 
397 27.338103 0.000000 3.065100 99.334733 -0.050564 -0.215797 0.013256 
398 26.392120 0.000000 -1.368907 92.414754 0.077223 21.184513 0.101072 
399 25.446137 0.000000 -1.368907 -15.706697 0.104923 -3.899847 0.973808 
400 27.338103 0.000000 -1.368907 94.106837 -0.116329 20.278625 0.073267 
401 26.392120 0.000000 -0.482106 -17.655831 0.199531 -4.283035 0.966989 
402 25.919128 0.000000 -2.699109 71.459812 0.081027 45.080147 0.286127 
403 25.446137 0.000000 -2.699109 96.018380 0.045630 53.395079 -0.207057 
404 25.919128 0.000000 -3.142510 95.464398 0.053631 45.798625 -0.121097 
405 26.392120 0.000000 -2.699109 90.025158 0.076256 20.754033 0.146474 
406 25.919128 0.000000 -2.255709 89.637721 0.076610 20.570441 0.154193 
407 31.122035 0.000000 -2.255709 102.680810 -0.109489 15.556592 -0.078537 
408 31.122035 0.000000 -4.029311 99.404054 -0.023315 10.684360 0.000468 
409 33.014001 0.000000 -2.255709 102.051436 -0.000455 24.855775 -0.103231 
410 31.122035 0.000000 -0.482106 102.605937 -0.036902 16.753154 -0.080865 
411 28.284086 0.000000 -3.142510 96.889677 -0.434436 18.812535 0.025829 
412 28.284086 0.000000 -4.029311 96.828507 -0.489077 11.505754 0.049162 
413 29.230069 0.000000 -3.142510 98.358608 -0.461458 13.454473 0.014435 
414 28.284086 0.000000 -2.255709 96.814079 -0.407590 18.904562 0.026949 
415 26.865111 0.000000 -2.699109 93.521874 0.074296 21.886717 0.077463 
416 26.865111 0.000000 -3.142510 92.842346 0.076700 21.478817 0.091895 
417 27.338103 0.000000 -2.699109 94.091102 -0.071685 20.751294 0.071624 
418 26.865111 0.000000 -2.255709 93.780085 0.040998 21.743707 0.073251 
419 24.500154 0.000000 -1.368907 -13.254460 -0.019122 -3.524544 0.981190 
420 23.554171 0.000000 -1.368907 -11.782449 -0.048121 -2.480737 0.985502 
421 24.500154 0.000000 -0.482106 -13.353161 0.123336 -3.064246 0.981229 
422 25.919128 0.000000 -1.812308 94.060505 0.078324 22.435641 0.064926 
423 25.446137 0.000000 -1.812308 -16.593741 0.089668 -4.668299 0.970285 
424 26.392120 0.000000 -1.812308 92.619071 0.077067 21.328704 0.096679 
425 25.919128 0.000000 -1.368907 95.280905 0.065452 22.842995 0.039974 
426 26.155624 0.000000 -2.477409 82.293114 0.080217 26.025283 0.255052 
427 25.919128 0.000000 -2.477409 82.350129 0.072733 37.889308 0.178285 
428 26.155624 0.000000 -2.699109 80.740504 0.078877 30.233932 0.256687 
429 26.392120 0.000000 -2.477409 90.222458 0.076184 20.817905 0.142652 
430 26.155624 0.000000 -2.255709 89.840850 0.076539 20.653018 0.150207 
431 24.973145 0.000000 -2.699109 105.364551 0.028131 39.118857 -0.263197 
432 24.500154 0.000000 -2.699109 113.148679 -0.055333 15.714505 -0.304957 
433 24.973145 0.000000 -3.142510 107.298052 0.025791 35.539079 -0.277590 
434 24.973145 0.000000 -2.255709 -13.085447 0.057548 -4.838435 0.980536 
435 25.682633 0.000000 -2.477409 87.931815 0.063920 42.917300 0.042610 
436 25.446137 0.000000 -2.477409 95.986001 0.045345 52.171121 -0.193514 
437 25.682633 0.000000 -2.699109 83.561092 0.068201 43.506019 0.112477 
438 25.682633 0.000000 -2.255709 94.819952 0.067885 34.912906 -0.020974 
439 26.392120 0.000000 -4.916113 99.663821 -0.409246 13.987583 -0.012870 
440 25.446137 0.000000 -4.916113 103.108422 -0.219830 14.653215 -0.084611 
441 26.392120 0.000000 -5.802914 100.608660 -0.653478 10.710150 -0.023724 
442 27.338103 0.000000 -4.916113 98.219445 -0.522105 11.821221 0.021293 
443 25.919128 0.000000 -3.585911 95.821050 0.055435 44.762862 -0.118539 
444 25.446137 0.000000 -3.585911 104.607196 0.032591 40.437229 -0.257784 
445 25.919128 0.000000 -4.029311 100.305155 -0.225290 22.243137 -0.055593 
446 26.392120 0.000000 -3.585911 94.079823 0.078120 22.442089 0.064533 
447 26.155624 0.000000 -2.920810 86.696099 0.071567 35.197666 0.124491 
448 25.919128 0.000000 -2.920810 83.065359 0.069593 42.145784 0.132387 
449 26.155624 0.000000 -3.142510 94.802765 0.068190 34.284819 -0.016302 
450 26.392120 0.000000 -2.920810 90.096966 0.076425 20.749295 0.145200 
451 26.037376 0.000000 -2.588259 79.582521 0.080321 28.972422 0.282721 
452 25.919128 0.000000 -2.588259 80.757557 0.075713 34.652492 0.227742 
453 26.037376 0.000000 -2.699109 80.043991 0.078921 29.148193 0.274334 
454 26.155624 0.000000 -2.588259 80.925772 0.078888 29.898664 0.255708 
455 26.037376 0.000000 -2.477409 80.684858 0.078556 31.260703 0.251272 
456 203.290957 0.000000 59.820391 99.941275 0.028157 3.402126 0.000017 
457 263.833875 0.000000 59.820391 99.941892 0.029941 3.396723 0.000008 
458 203.290957 0.000000 116.575682 99.940340 0.012022 3.466328 -0.000009 
459 112.476581 0.000000 31.442745 99.930554 0.057668 3.239468 0.000339 
460 142.748040 0.000000 31.442745 99.943446 0.062533 3.218975 0.000094 
461 112.476581 0.000000 59.820391 99.938397 0.033671 3.404049 0.000073 
462 67.069393 0.000000 17.253923 99.795861 0.056412 2.909715 0.003232 
463 82.205122 0.000000 17.253923 99.846789 0.223869 2.982620 0.002167 
464 67.069393 0.000000 31.442745 99.773565 0.339342 3.326541 0.003405 
465 44.365799 0.000000 10.159511 99.158061 0.864361 1.202495 0.016549 
466 51.933663 0.000000 10.159511 99.423191 2.185515 2.274874 0.010508 
467 44.365799 0.000000 17.253923 99.581950 0.238326 2.469829 0.007728 
468 33.014001 0.000000 6.612306 100.094229 0.050095 -0.951985 -0.001976 
469 36.797934 0.000000 6.612306 98.868638 -0.000000 -0.242764 0.022493 
470 33.014001 0.000000 10.159511 100.136288 -0.168671 0.793308 -0.002793 
471 31.122035 0.000000 1.291497 101.431859 -0.240844 -2.243716 -0.029351 
472 33.014001 0.000000 1.291497 106.191833 -0.099488 4.235508 -0.129465 
473 31.122035 0.000000 3.065100 110.567285 -0.046738 -25.138777 -0.285708 
474 27.338103 0.000000 4.838703 102.418257 -0.241495 -1.274288 -0.049118 
475 29.230069 0.000000 4.838703 102.216878 -0.293516 -0.908080 -0.044920 
476 27.338103 0.000000 6.612306 102.067058 -0.430459 -0.608343 -0.041824 
477 28.284086 0.000000 2.178299 99.348016 -0.138170 12.212811 -0.001920 
478 27.338103 0.000000 2.178299 104.789801 -0.022896 -5.126903 -0.100719 
479 28.284086 0.000000 1.291497 -22.994892 -0.183687 1.819483 0.946789 
480 29.230069 0.000000 2.178299 106.240096 -0.133220 5.052849 -0.131251 
481 28.284086 0.000000 3.065100 86.789231 -0.039762 16.552870 0.219363 
482 31.122035 0.000000 4.838703 100.343462 -0.000000 -3.232985 -0.007926 
483 33.014001 0.000000 4.838703 99.313658 -0.057379 -2.833206 0.012877 
484 31.122035 0.000000 6.612306 100.657165 0.025915 -0.970575 -0.013281 
485 30.176052 0.000000 2.178299 105.009302 -0.217476 1.761649 -0.103010 
486 30.176052 0.000000 1.291497 -28.436960 -0.071823 -0.496980 0.919109 
487 31.122035 0.000000 2.178299 101.383797 -0.234567 -2.003578 -0.028274 
488 30.176052 0.000000 3.065100 170.482096 -0.034470 -6.492201 -1.910629 
489 28.284086 0.000000 3.951901 97.135409 -0.064811 22.115277 0.007562 
490 27.338103 0.000000 3.951901 105.803957 0.070337 -5.113981 -0.122064 
491 29.230069 0.000000 3.951901 107.819511 -0.030952 6.265356 -0.166430 
492 28.284086 0.000000 4.838703 101.955437 -0.422170 -0.629935 -0.039549 
493 28.757078 0.000000 2.621699 105.568376 -0.106156 30.790269 -0.209273 
494 28.284086 0.000000 2.621699 96.474025 -0.114548 14.914386 0.047031 
495 28.757078 0.000000 2.178299 103.711339 -0.121878 10.312466 -0.086240 
496 29.230069 0.000000 2.621699 98.927417 -0.106166 0.607493 0.021299 
497 28.757078 0.000000 3.065100 106.540305 -0.065611 34.951505 -0.257245 
498 26.392120 0.000000 2.178299 106.499884 0.064362 -5.121628 -0.136846 
499 25.446137 0.000000 2.178299 107.607093 0.062428 -4.593342 -0.160039 
500 26.392120 0.000000 1.291497 -17.253611 0.090334 -1.401500 0.970034 
501 26.392120 0.000000 3.065100 106.440775 0.072836 -4.894754 -0.135360 
502 27.811094 0.000000 2.621699 97.274561 -0.073849 4.973575 0.051292 
503 27.338103 0.000000 2.621699 100.444594 -0.056362 -2.169024 -0.009382 
504 27.811094 0.000000 2.178299 95.063743 -0.095103 4.260362 0.094473 
505 27.811094 0.000000 3.065100 95.500607 -0.076234 6.876319 0.083234 
506 30.176052 0.000000 3.951901 105.367961 -0.036987 -4.735576 -0.112483 
507 31.122035 0.000000 3.951901 102.796805 -0.022055 -9.210256 -0.065201 
508 30.176052 0.000000 4.838703 102.304604 -0.247062 -2.154822 -0.047094 
509 28.757078 0.000000 3.508501 103.432939 -0.066292 11.185615 -0.082350 
510 28.284086 0.000000 3.508501 95.693083 -0.076811 17.828369 0.052498 
511 29.230069 0.000000 3.508501 104.269088 -0.049850 4.197960 -0.088967 
512 28.757078 0.000000 3.951901 103.435685 -0.038870 10.921178 -0.081821 
513 28.520582 0.000000 2.843400 103.127089 -0.077046 24.486370 -0.123478 
514 28.284086 0.000000 2.843400 95.108628 -0.066495 17.956541 0.063191 
515 28.520582 0.000000 2.621699 106.539759 -0.091441 11.761664 -0.148907 
516 28.757078 0.000000 2.843400 104.853230 -0.074402 57.198435 -0.426587 
517 28.520582 0.000000 3.065100 90.509632 -0.030721 26.732335 0.109339 
518 29.703061 0.000000 2.621699 101.976216 -0.092151 2.631987 -0.040608 
519 29.703061 0.000000 2.178299 102.371450 -0.137331 -5.129421 -0.050624 
520 30.176052 0.000000 2.621699 214.350811 -0.113420 -40.489278 -3.758566 
521 29.703061 0.000000 3.065100 101.278366 -0.034041 -0.594492 -0.025766 
522 28.993573 0.000000 2.843400 102.027769 -0.080350 40.381113 -0.204031 
523 28.993573 0.000000 2.621699 101.418435 -0.115022 22.360367 -0.078570 
524 29.230069 0.000000 2.843400 98.331702 -0.091038 10.172906 0.022738 
525 28.993573 0.000000 3.065100 113.903261 -0.070951 23.214786 -0.351288 
526 26.392120 0.000000 3.951901 106.172810 0.074811 -4.914162 -0.129682 
527 25.446137 0.000000 3.951901 107.471793 0.072216 -4.387581 -0.156944 
528 26.392120 0.000000 4.838703 102.983443 -0.260725 -1.616815 -0.060827 
529 27.811094 0.000000 3.508501 93.626552 -0.069997 11.238256 0.110777 
530 27.338103 0.000000 3.508501 98.215479 -0.014186 -0.013809 0.035372 
531 27.811094 0.000000 3.951901 88.137403 -0.070137 11.137788 0.210774 
532 28.520582 0.000000 3.286800 97.705402 -0.059779 16.941507 0.016664 
533 28.284086 0.000000 3.286800 94.303698 -0.059844 16.850256 0.082288 
534 28.757078 0.000000 3.286800 103.917603 -0.055141 14.758838 -0.101669 
535 28.520582 0.000000 3.508501 100.648017 -0.059077 13.863155 -0.032221 
536 28.638830 0.000000 2.954250 105.762496 -0.050242 43.141654 -0.304691 
537 28.520582 0.000000 2.954250 101.776581 -0.062080 25.785341 -0.102336 
538 28.638830 0.000000 2.843400 101.680549 -0.102055 56.788642 -0.356389 
539 28.757078 0.000000 2.954250 105.626417 -0.066732 49.752951 -0.363230 
540 28.638830 0.000000 3.065100 104.137919 -0.041042 38.026247 -0.229070 
541 28.047590 0.000000 2.843400 90.520779 -0.081167 -0.316213 0.180588 
542 27.811094 0.000000 2.843400 89.289491 -0.085132 -21.441707 0.156763 
543 28.047590 0.000000 2.621699 97.926125 -0.097576 10.777295 0.029431 
544 28.047590 0.000000 3.065100 92.474282 -0.042146 15.667792 0.120303 
545 26.865111 0.000000 2.621699 105.918997 0.065527 -5.319541 -0.124714 
546 26.392120 0.000000 2.621699 106.450736 0.071617 -4.929930 -0.135607 
547 26.865111 0.000000 2.178299 106.016261 0.061457 -5.456298 -0.126922 
548 26.865111 0.000000 3.065100 105.791936 0.070845 -5.154886 -0.121851 
549 27.574599 0.000000 2.843400 98.631315 -0.128676 0.424451 0.027167 
550 27.338103 0.000000 2.843400 99.571295 -0.051841 -0.489205 0.008532 
551 27.574599 0.000000 2.621699 98.488580 -0.068060 0.426680 0.029981 
552 27.574599 0.000000 3.065100 98.318108 -0.062361 3.352185 0.032231 
553 28.047590 0.000000 3.286800 95.077076 -0.063317 14.667345 0.074521 
554 27.811094 0.000000 3.286800 93.145289 -0.070423 11.326299 0.119567 
555 28.047590 0.000000 3.508501 97.044470 -0.065550 14.124499 0.038287 
556 27.929342 0.000000 2.954250 89.353896 -0.068239 -6.589273 0.197246 
557 27.811094 0.000000 2.954250 89.156601 -0.081510 -20.311937 0.163852 
558 27.929342 0.000000 2.843400 89.452365 -0.083909 -13.757313 0.180900 
559 28.047590 0.000000 2.954250 90.283765 -0.075513 1.229387 0.184732 
560 27.929342 0.000000 3.065100 94.160622 -0.057159 8.653875 0.105888 
561 26.865111 0.000000 3.508501 105.967115 0.063513 -5.385249 -0.125803 
562 26.392120 0.000000 3.508501 106.494027 0.065649 -5.071551 -0.136670 
563 26.865111 0.000000 3.951901 105.801679 0.070433 -5.111639 -0.122013 
564 27.574599 0.000000 3.286800 97.829052 -0.059511 4.396311 0.041015 
565 27.338103 0.000000 3.286800 97.094257 -0.009750 2.675313 0.056555 
566 27.574599 0.000000 3.508501 92.899117 -0.035132 6.586540 0.132637 
567 27.692847 0.000000 2.954250 91.810385 -0.101842 -17.040978 0.128045 
568 27.574599 0.000000 2.954250 98.532819 -0.130285 0.485741 0.029103 
569 27.692847 0.000000 2.843400 91.898036 -0.100286 -17.054874 0.126387 
570 27.692847 0.000000 3.065100 97.454117 -0.066106 4.445372 0.048293 
571 28.284086 0.000000 0.404696 -24.093493 -0.228860 -0.902910 0.941864 
572 27.338103 0.000000 0.404696 -20.895134 -0.348147 -1.909869 0.955962 
573 28.284086 0.000000 -0.482106 -24.957362 -0.218238 -3.012115 0.936801 
574 29.230069 0.000000 0.404696 -26.844645 -0.131146 -0.225958 0.927930 
575 27.811094 0.000000 1.734898 102.438855 -0.272355 -4.519327 -0.051422 
576 27.338103 0.000000 1.734898 105.811848 0.070007 -5.122093 -0.122239 
577 27.811094 0.000000 1.291497 -21.435405 -0.214994 1.040610 0.953939 
578 28.284086 0.000000 1.734898 102.427179 -0.272358 -4.515601 -0.051179 
579 28.047590 0.000000 2.399999 99.312585 -0.103693 9.634089 0.004418 
580 27.811094 0.000000 2.399999 96.424039 -0.071712 7.425790 0.064726 
581 28.047590 0.000000 2.178299 94.835061 -0.137299 9.577502 0.091456 
582 28.284086 0.000000 2.399999 98.384182 -0.129788 13.246238 0.014507 
583 27.929342 0.000000 2.732549 95.096061 -0.063161 7.611819 0.089880 
584 27.811094 0.000000 2.732549 97.080099 -0.072970 5.028111 0.055017 
585 27.929342 0.000000 2.621699 99.164618 -0.094320 6.986440 0.011756 
586 28.047590 0.000000 2.732549 93.633248 -0.077413 10.166319 0.112945 
587 27.870218 0.000000 2.898825 85.269113 -0.058907 -21.267269 0.227688 
588 27.811094 0.000000 2.898825 87.313594 -0.088043 -31.501563 0.138398 
589 27.870218 0.000000 2.843400 88.869855 -0.081892 -17.907251 0.178147 
590 27.929342 0.000000 2.898825 85.889214 -0.051764 -28.443290 0.181402 
591 27.870218 0.000000 2.954250 88.699789 -0.078753 -17.144666 0.183840 
592 27.574599 0.000000 2.399999 97.214688 -0.063140 2.297947 0.054402 
593 27.338103 0.000000 2.399999 101.881975 -0.055316 -3.216877 -0.039029 
594 27.574599 0.000000 2.178299 98.888663 -0.070809 -0.734801 0.022049 
595 27.692847 0.000000 2.732549 98.021898 -0.069586 3.710418 0.037794 
596 27.574599 0.000000 2.732549 98.728615 -0.065105 2.770491 0.024498 
597 27.692847 0.000000 2.621699 98.041667 -0.069831 3.887858 0.037271 
598 27.870218 0.000000 2.787975 90.622973 -0.067223 -5.408009 0.175823 
599 27.811094 0.000000 2.787975 90.620564 -0.080282 -15.921888 0.153440 
600 27.870218 0.000000 2.732549 98.728594 -0.079201 7.426122 0.019751 
601 27.929342 0.000000 2.787975 90.508865 -0.071948 -5.356124 0.177945 
602 28.165838 0.000000 2.954250 91.739142 -0.071029 11.561907 0.145025 
603 28.165838 0.000000 2.843400 92.325849 -0.090205 8.205559 0.140860 
604 28.284086 0.000000 2.954250 94.552799 -0.061027 18.414309 0.072068 
605 28.165838 0.000000 3.065100 91.825293 -0.064087 14.882510 0.134662 
606 27.988466 0.000000 2.898825 89.523387 -0.103346 -12.985071 0.181694 
607 27.988466 0.000000 2.843400 90.628185 -0.093351 -6.110482 0.174919 
608 28.047590 0.000000 2.898825 87.637122 -0.053629 -1.788529 0.231653 
609 27.988466 0.000000 2.954250 90.558192 -0.085808 -3.544048 0.178665 
610 27.899780 0.000000 2.871112 86.413917 -0.057976 -26.229040 0.184467 
611 27.870218 0.000000 2.871112 87.610928 -0.076704 -20.290235 0.191263 
612 27.899780 0.000000 2.843400 89.151334 -0.081914 -15.646178 0.180723 
613 27.929342 0.000000 2.871112 86.951984 -0.061954 -24.097172 0.185868 
614 27.899780 0.000000 2.898825 87.755187 -0.089050 -24.670162 0.169040 
615 40.581866 0.000000 -0.482106 100.624633 0.035350 24.259723 -0.071385 
616 40.581866 0.000000 -4.029311 96.954000 -0.137191 6.335986 0.055976 
617 44.365799 0.000000 -0.482106 95.847154 -0.545366 5.137474 0.078663 
618 40.581866 0.000000 3.065100 105.384197 0.016795 -6.515093 -0.114828 
619 34.905968 0.000000 1.291497 106.529014 -0.083837 4.467959 -0.136840 
620 34.905968 0.000000 -0.482106 100.683910 0.048678 25.860238 -0.080600 
621 36.797934 0.000000 1.291497 104.847077 0.077277 9.398859 -0.108125 
622 34.905968 0.000000 3.065100 112.852151 -0.032804 -14.023628 -0.293227 
623 32.068018 0.000000 2.178299 103.349006 -0.225249 -2.123527 -0.068558 
624 32.068018 0.000000 1.291497 103.864141 -0.226740 -2.201183 -0.079266 
625 33.014001 0.000000 2.178299 103.709653 -0.187114 -4.717709 -0.077798 
626 32.068018 0.000000 3.065100 116.359942 -0.022505 4.198341 -0.355726 
627 40.581866 0.000000 6.612306 98.186624 0.000000 -0.100962 0.035938 
628 44.365799 0.000000 6.612306 98.198673 -0.167025 1.023528 0.035595 
629 40.581866 0.000000 10.159511 99.344088 -0.054470 0.084661 0.013074 
630 34.905968 0.000000 4.838703 100.034475 0.000000 -1.941825 -0.001067 
631 36.797934 0.000000 4.838703 99.658905 -0.004365 -2.015151 0.006404 
632 34.905968 0.000000 6.612306 99.084714 0.000000 -0.644576 0.018180 
633 33.959985 0.000000 2.178299 103.298978 -0.148765 8.470731 -0.074245 
634 33.959985 0.000000 1.291497 104.795984 -0.065602 7.203553 -0.103409 
635 34.905968 0.000000 2.178299 105.607433 -0.047682 -24.460249 -0.175124 
636 33.959985 0.000000 3.065100 99.384442 -0.085320 7.688376 0.006361 
637 32.068018 0.000000 3.951901 100.915201 -0.002463 -3.843328 -0.019865 
638 33.014001 0.000000 3.951901 98.434475 -0.009556 -7.383333 0.025614 
639 32.068018 0.000000 4.838703 100.863436 -0.000000 -4.111416 -0.019034 
640 32.541010 0.000000 2.621699 101.222599 -0.139741 -28.876033 -0.107986 
641 32.068018 0.000000 2.621699 112.491435 -0.141011 28.937918 -0.349175 
642 32.541010 0.000000 2.178299 104.136030 -0.219043 -2.308350 -0.084969 
643 33.014001 0.000000 2.621699 90.341687 -0.113028 -16.104362 0.157902 
644 32.541010 0.000000 3.065100 135.243671 -0.025885 -23.758851 -0.885533 
645 31.595027 0.000000 2.621699 91.069366 -0.136912 -1.006294 0.170534 
646 31.122035 0.000000 2.621699 95.091264 -0.111353 -16.614465 0.068160 
647 31.595027 0.000000 2.178299 102.083675 -0.233301 -2.562585 -0.042770 
648 31.595027 0.000000 3.065100 93.713226 -0.048059 -5.743136 0.118485 
649 33.959985 0.000000 3.951901 100.496433 -0.026653 -1.193619 -0.010096 
650 34.905968 0.000000 3.951901 105.561125 -0.041347 -2.407191 -0.114895 
651 33.959985 0.000000 4.838703 99.641288 -0.009346 -1.643468 0.006891 
652 32.541010 0.000000 3.508501 108.221842 -0.020857 -12.075124 -0.185778 
653 32.068018 0.000000 3.508501 103.891613 -0.026219 -5.082289 -0.081930 
654 33.014001 0.000000 3.508501 103.880644 -0.019386 -14.541735 -0.100265 
655 32.541010 0.000000 3.951901 101.938415 -0.017438 -7.090319 -0.044171 
656 32.304514 0.000000 2.843400 145.314239 -0.037842 29.518373 -1.198756 
657 32.068018 0.000000 2.843400 116.087326 -0.078733 31.224227 -0.445123 
658 32.304514 0.000000 2.621699 109.246556 -0.172974 -16.656132 -0.221227 
659 32.541010 0.000000 2.843400 117.394105 -0.099904 -27.022151 -0.451158 
660 32.304514 0.000000 3.065100 129.122249 -0.043080 -10.224486 -0.677710 
661 32.068018 0.000000 0.404696 103.280739 0.010774 22.378314 -0.116770 
662 31.122035 0.000000 0.404696 -22.822707 0.049563 -0.466928 0.947890 
663 32.068018 0.000000 -0.482106 103.153949 -0.020940 18.331317 -0.097677 
664 33.014001 0.000000 0.404696 105.925063 -0.067067 7.975357 -0.128373 
665 32.541010 0.000000 1.734898 104.743796 -0.205157 -2.247982 -0.097636 
666 32.068018 0.000000 1.734898 103.622066 -0.222515 -2.018829 -0.074166 
667 32.541010 0.000000 1.291497 106.559977 -0.154284 -0.736208 -0.135559 
668 33.014001 0.000000 1.734898 106.504320 -0.175937 -2.660582 -0.135028 
669 32.304514 0.000000 2.399999 104.364653 -0.210109 -9.220176 -0.097704 
670 32.068018 0.000000 2.399999 106.777414 -0.206631 -6.325483 -0.144147 
671 32.304514 0.000000 2.178299 103.910867 -0.216494 -2.044355 -0.080169 
672 32.541010 0.000000 2.399999 104.733306 -0.190864 -10.863627 -0.108712 
673 33.486993 0.000000 2.621699 90.673015 -0.109308 -2.998669 0.176940 
674 33.486993 0.000000 2.178299 98.161729 -0.146704 -0.819647 0.036358 
675 33.959985 0.000000 2.621699 94.199915 -0.084259 19.387287 0.075050 
676 33.486993 0.000000 3.065100 96.236126 -0.067699 -3.893544 0.072344 
677 32.777506 0.000000 2.843400 95.661231 -0.094557 -31.016383 -0.011310 
678 32.777506 0.000000 2.621699 92.545398 -0.105343 -31.721967 0.042906 
679 33.014001 0.000000 2.843400 95.345962 -0.098636 -17.928069 0.058772 
680 32.777506 0.000000 3.065100 117.226099 -0.027764 -31.049050 -0.470600 
681 32.422762 0.000000 2.732549 117.729396 -0.121098 -28.388962 -0.466616 
682 32.304514 0.000000 2.732549 121.906892 -0.128975 -15.176644 -0.509164 
683 32.422762 0.000000 2.621699 104.436997 -0.150449 -26.578147 -0.161351 
684 32.541010 0.000000 2.732549 102.946560 -0.122500 -26.108875 -0.127968 
685 32.422762 0.000000 2.843400 128.436951 -0.079893 -10.165146 -0.659939 
686 31.595027 0.000000 3.508501 97.497291 -0.012872 -9.530565 0.040345 
687 31.122035 0.000000 3.508501 105.186643 -0.017121 -11.804522 -0.120358 
688 31.595027 0.000000 3.951901 100.458275 -0.023504 -6.462555 -0.013363 
689 31.831523 0.000000 2.843400 94.850152 -0.080380 9.126255 0.092015 
690 31.595027 0.000000 2.843400 91.921623 -0.072243 0.312131 0.155031 
691 31.831523 0.000000 2.621699 96.732818 -0.122866 9.310160 0.055607 
692 31.831523 0.000000 3.065100 100.184144 -0.048624 0.798147 -0.003750 
693 32.186266 0.000000 2.732549 124.307368 -0.117925 26.199733 -0.613876 
694 32.068018 0.000000 2.732549 116.706693 -0.127084 40.015408 -0.522170 
695 32.186266 0.000000 2.621699 113.796832 -0.148558 28.487736 -0.376129 
696 32.186266 0.000000 2.843400 132.090104 -0.062298 35.708238 -0.872288 
697 32.304514 0.000000 3.286800 117.850563 -0.026098 -8.977537 -0.396935 
698 32.068018 0.000000 3.286800 104.478206 -0.028326 -3.605050 -0.092869 
699 32.541010 0.000000 3.286800 120.218163 -0.020142 -15.868009 -0.470420 
700 32.304514 0.000000 3.508501 104.684906 -0.012980 -4.488143 -0.097907 
701 32.422762 0.000000 2.954250 139.752230 -0.049418 -17.362994 -0.983216 
702 32.304514 0.000000 2.954250 140.470511 -0.038546 14.172617 -0.993283 
703 32.541010 0.000000 2.954250 125.826945 -0.063022 -22.663310 -0.634605 
704 32.422762 0.000000 3.065100 143.715801 -0.029693 -18.066852 -1.098064 
705 32.363638 0.000000 2.787975 130.295466 -0.084584 2.283931 -0.698213 
706 32.304514 0.000000 2.787975 132.172351 -0.081882 8.438992 -0.754075 
707 32.363638 0.000000 2.732549 123.038609 -0.121235 -15.893795 -0.539113 
708 32.422762 0.000000 2.787975 122.569710 -0.102125 -16.234081 -0.528689 
709 32.363638 0.000000 2.843400 136.471296 -0.063476 9.484040 -0.871437 
710 38.689900 0.000000 1.291497 103.095072 0.235740 11.655326 -0.076450 
711 38.689900 0.000000 -0.482106 100.396862 0.161998 23.837393 -0.064778 
712 40.581866 0.000000 1.291497 103.842900 0.068043 7.117010 -0.083400 
713 38.689900 0.000000 3.065100 97.889884 0.069147 -7.723202 0.035792 
714 35.851951 0.000000 2.178299 99.238182 -0.001252 -5.341924 0.012325 
715 35.851951 0.000000 1.291497 106.060051 -0.041546 7.794437 -0.130949 
716 36.797934 0.000000 2.178299 101.205144 0.081354 9.707629 -0.033673 
717 35.851951 0.000000 3.065100 95.605317 -0.006605 -15.997106 0.060372 
718 34.432976 0.000000 2.621699 104.874511 -0.100050 14.155360 -0.119905 
719 34.432976 0.000000 2.178299 104.064863 -0.137725 9.284266 -0.091571 
720 34.905968 0.000000 2.621699 103.116251 -0.027312 -24.151137 -0.121624 
721 34.432976 0.000000 3.065100 106.156810 -0.074129 6.006379 -0.130535 
722 34.905968 0.000000 -2.255709 100.593840 0.034164 28.139519 -0.091095 
723 34.905968 0.000000 -4.029311 97.443703 0.018182 10.131915 0.040207 
724 36.797934 0.000000 -2.255709 98.753351 0.047453 30.396166 -0.067615 
725 33.959985 0.000000 0.404696 104.609848 -0.045099 12.499621 -0.109946 
726 33.959985 0.000000 -0.482106 102.804016 0.023218 21.509386 -0.103132 
727 34.905968 0.000000 0.404696 105.447396 -0.018130 12.186683 -0.126767 
728 34.432976 0.000000 1.734898 105.858518 -0.108364 3.121901 -0.121578 
729 33.959985 0.000000 1.734898 105.987006 -0.147259 -1.988397 -0.123722 
730 34.432976 0.000000 1.291497 105.972338 -0.082075 5.457764 -0.125993 
731 34.905968 0.000000 1.734898 106.498008 -0.093586 3.606022 -0.135484 
732 38.689900 0.000000 4.838703 99.315535 0.022092 -2.408476 0.013062 
733 40.581866 0.000000 4.838703 98.000542 -0.000000 -1.704528 0.039299 
734 38.689900 0.000000 6.612306 98.518063 -0.000000 -0.412453 0.029402 
735 35.851951 0.000000 3.951901 101.589386 -0.029795 -5.390446 -0.034946 
736 36.797934 0.000000 3.951901 102.139240 -0.031927 -2.221009 -0.043736 
737 35.851951 0.000000 4.838703 99.483639 -0.002025 -2.750849 0.009544 
738 35.378959 0.000000 2.621699 102.111939 -0.003904 -43.942977 -0.235783 
739 35.378959 0.000000 2.178299 102.756734 -0.021285 -18.880635 -0.091543 
740 35.851951 0.000000 2.621699 96.507124 0.011598 -10.948809 0.056650 
741 35.378959 0.000000 3.065100 104.014401 -0.026339 -23.194329 -0.135697 
742 34.669472 0.000000 2.399999 103.172622 -0.074251 -32.817907 -0.172161 
743 34.432976 0.000000 2.399999 104.469356 -0.113675 8.075861 -0.097908 
744 34.669472 0.000000 2.178299 104.405129 -0.072184 -9.828254 -0.099703 
745 34.905968 0.000000 2.399999 102.447035 -0.026492 -22.526534 -0.100284 
746 34.669472 0.000000 2.621699 103.590582 -0.041522 -45.319577 -0.278487 
747 35.851951 0.000000 0.404696 104.031495 -0.009994 14.795090 -0.104145 
748 35.851951 0.000000 -0.482106 100.677606 0.045101 25.680004 -0.079545 
749 36.797934 0.000000 0.404696 103.382015 0.040740 16.111005 -0.094741 
750 35.378959 0.000000 1.734898 104.001978 -0.061908 2.580662 -0.082308 
751 35.378959 0.000000 1.291497 105.865381 -0.067614 6.292051 -0.124707 
752 35.851951 0.000000 1.734898 103.149005 -0.020418 2.909162 -0.064818 
753 37.743917 0.000000 2.178299 103.782800 0.387151 -14.088596 -0.096951 
754 37.743917 0.000000 1.291497 105.360431 0.106627 8.680923 -0.117619 
755 38.689900 0.000000 2.178299 91.956840 0.734177 -4.886055 0.151953 
756 37.743917 0.000000 3.065100 109.421887 0.046137 -6.571740 -0.201634 
757 36.324942 0.000000 2.621699 97.342851 0.054631 1.489647 0.052215 
758 36.324942 0.000000 2.178299 100.585093 0.062032 2.754561 -0.012495 
759 36.797934 0.000000 2.621699 101.047068 0.057999 6.677385 -0.025510 
760 36.324942 0.000000 3.065100 99.370110 0.049927 -2.501974 0.011932 
761 35.615455 0.000000 2.399999 99.876766 0.000582 -26.346809 -0.066952 
762 35.378959 0.000000 2.399999 102.141656 -0.003422 -34.059597 -0.159297 
763 35.615455 0.000000 2.178299 101.269481 -0.008000 -14.682208 -0.047107 
764 35.851951 0.000000 2.399999 94.276704 0.039932 -8.168128 0.104518 
765 35.615455 0.000000 2.621699 99.459022 0.000798 -43.200388 -0.175837 
766 35.142463 0.000000 2.399999 104.081321 0.030274 -48.835967 -0.321787 
767 35.142463 0.000000 2.178299 104.150996 -0.025115 -22.796127 -0.136709 
768 35.142463 0.000000 2.621699 104.508178 0.016335 -56.190255 -0.407930 
769 35.378959 0.000000 3.508501 105.894213 -0.050455 -11.548457 -0.134695 
770 34.905968 0.000000 3.508501 111.959612 -0.046528 -3.729751 -0.254887 
771 35.851951 0.000000 3.508501 100.139443 -0.031810 -8.887092 -0.010689 
772 35.378959 0.000000 3.951901 103.405486 -0.033570 -5.187990 -0.071961 
773 35.615455 0.000000 2.843400 100.748397 -0.011722 -31.449608 -0.113932 
774 35.378959 0.000000 2.843400 103.122532 -0.018483 -32.199382 -0.167106 
775 35.851951 0.000000 2.843400 97.797992 -0.015360 -12.954406 0.026774 
776 35.615455 0.000000 3.065100 100.987645 -0.035175 -14.975364 -0.042277 
777 35.497207 0.000000 2.510849 100.745735 -0.001931 -40.621565 -0.179981 
778 35.378959 0.000000 2.510849 101.891848 0.001401 -41.898063 -0.213740 
779 35.497207 0.000000 2.399999 101.320018 -0.003843 -30.789323 -0.121373 
780 35.615455 0.000000 2.510849 99.714153 0.004255 -35.926088 -0.123360 
781 35.497207 0.000000 2.621699 100.198466 -0.005559 -51.599314 -0.270222 
782 59.501528 0.000000 -4.029311 99.598547 -0.145738 3.166601 0.007008 
783 59.501528 0.000000 -11.123723 99.707958 -0.128707 3.188368 0.004814 
784 67.069393 0.000000 -4.029311 99.775153 -0.109172 3.141544 0.003504 
785 59.501528 0.000000 3.065100 99.566331 -0.555319 2.362718 0.008065 
786 48.149731 0.000000 -0.482106 98.195341 -0.385290 4.243273 0.033952 
787 48.149731 0.000000 -4.029311 98.575161 -0.315361 3.463980 0.027084 
788 51.933663 0.000000 -0.482106 98.973645 -0.231028 4.089623 0.018744 
789 48.149731 0.000000 3.065100 98.302434 -0.462306 2.418374 0.033057 
790 42.473832 0.000000 1.291497 102.952356 0.077800 3.813825 -0.061374 
791 42.473832 0.000000 -0.482106 92.899824 -0.349040 7.961671 0.130611 
792 44.365799 0.000000 1.291497 95.010107 -1.027566 2.956450 0.096328 
793 42.473832 0.000000 3.065100 106.589104 0.004958 -12.474255 -0.151684 
794 59.501528 0.000000 10.159511 99.619015 -1.405328 3.036909 0.006485 
795 67.069393 0.000000 10.159511 99.757926 -0.273017 2.636583 0.004133 
796 59.501528 0.000000 17.253923 99.737489 0.179358 2.787553 0.004463 
797 48.149731 0.000000 6.612306 98.770137 -0.097609 1.951019 0.024064 
798 51.933663 0.000000 6.612306 99.200456 0.278133 2.248644 0.015414 
799 48.149731 0.000000 10.159511 99.255489 1.057413 1.833849 0.014387 
800 42.473832 0.000000 4.838703 97.601093 0.000000 -0.710320 0.047352 
801 44.365799 0.000000 4.838703 97.368262 -1.190763 0.959208 0.051708 
802 42.473832 0.000000 6.612306 98.131167 0.000000 0.404866 0.037011 
803 41.527849 0.000000 2.178299 97.339901 0.946020 -1.955404 0.052023 
804 40.581866 0.000000 2.178299 97.446645 0.836938 -11.450327 0.037234 
805 41.527849 0.000000 1.291497 102.717068 0.029143 7.930354 -0.061369 
806 42.473832 0.000000 2.178299 103.061701 0.142958 1.331641 -0.062351 
807 41.527849 0.000000 3.065100 101.278337 0.110320 -3.718233 -0.027114 
808 44.365799 0.000000 -18.218134 99.812003 -0.497995 3.724113 0.002345 
809 44.365799 0.000000 -25.312545 99.979409 -0.031263 3.558612 -0.000855 
810 51.933663 0.000000 -18.218134 99.761592 -0.154379 3.429795 0.003584 
811 40.581866 0.000000 -7.576517 98.496164 -0.176497 4.974434 0.027373 
812 40.581866 0.000000 -11.123723 99.133870 -0.183488 4.373305 0.015332 
813 44.365799 0.000000 -7.576517 98.690537 -0.288458 4.049929 0.024369 
814 42.473832 0.000000 -2.255709 95.984778 -0.246633 6.040468 0.075037 
815 40.581866 0.000000 -2.255709 95.376234 -0.142029 8.126573 0.083731 
816 42.473832 0.000000 -4.029311 97.292459 -0.256601 5.200885 0.050706 
817 44.365799 0.000000 -2.255709 96.953113 -0.359969 4.505513 0.057966 
818 41.527849 0.000000 0.404696 103.613781 -0.087463 7.127034 -0.078662 
819 40.581866 0.000000 0.404696 103.337534 0.028361 9.605651 -0.077092 
820 41.527849 0.000000 -0.482106 101.645022 -0.154448 23.217509 -0.087079 
821 42.473832 0.000000 0.404696 101.250142 -0.162610 15.445704 -0.049019 
822 46.257765 0.000000 1.291497 97.285895 -0.548649 3.021294 0.052603 
823 46.257765 0.000000 -0.482106 97.417944 -0.430971 4.499181 0.048932 
824 48.149731 0.000000 1.291497 98.173545 -0.427060 3.095211 0.035219 
825 46.257765 0.000000 3.065100 97.568478 -0.617180 2.140882 0.047543 
826 43.419815 0.000000 2.178299 92.380108 -2.519933 0.516562 0.145930 
827 43.419815 0.000000 1.291497 91.606221 -2.067222 3.102300 0.159440 
828 44.365799 0.000000 2.178299 95.301579 -1.205436 1.905855 0.091252 
829 43.419815 0.000000 3.065100 94.749993 -1.368608 -0.058310 0.102056 
830 42.000841 0.000000 1.734898 102.689466 0.162674 2.617098 -0.055200 
831 41.527849 0.000000 1.734898 102.554417 0.209318 2.969312 -0.052627 
832 42.000841 0.000000 1.291497 102.819013 0.071677 5.004798 -0.059680 
833 42.473832 0.000000 1.734898 54.669511 0.004583 7.181957 0.695966 
834 42.000841 0.000000 2.178299 102.576654 0.255392 0.401923 -0.052220 
835 43.419815 0.000000 0.404696 93.123809 -0.956945 5.042653 0.130161 
836 43.419815 0.000000 -0.482106 94.504179 -0.541510 6.122739 0.103118 
837 44.365799 0.000000 0.404696 95.294904 -0.750114 4.159871 0.090101 
838 42.000841 0.000000 0.848096 103.727408 -0.083305 6.188216 -0.079768 
839 41.527849 0.000000 0.848096 102.774388 0.009244 8.058182 -0.062751 
840 42.000841 0.000000 0.404696 103.742520 -0.084346 6.066594 -0.079932 
841 42.473832 0.000000 0.848096 103.919127 -0.079425 4.826182 -0.082248 
842 42.946824 0.000000 1.734898 104.286864 -0.069595 2.709039 -0.088309 
843 42.946824 0.000000 1.291497 104.141524 -0.074080 3.484490 -0.085760 
844 43.419815 0.000000 1.734898 91.457082 -2.577025 1.699559 0.162607 
845 42.946824 0.000000 2.178299 104.440525 -0.064971 1.951106 -0.091163 
846 42.237337 0.000000 1.513198 66.831278 -0.189538 32.668263 0.446633 
847 42.000841 0.000000 1.513198 102.784254 0.108209 3.933722 -0.058009 
848 42.237337 0.000000 1.291497 102.886295 0.076907 4.281141 -0.060392 
849 42.473832 0.000000 1.513198 102.957399 0.095099 3.212464 -0.061055 
850 42.237337 0.000000 1.734898 38.411744 -0.041232 6.895348 0.847699 
851 41.527849 0.000000 3.951901 99.333767 0.040193 -5.745957 0.009979 
852 40.581866 0.000000 3.951901 101.508287 0.090557 -5.542669 -0.033466 
853 42.473832 0.000000 3.951901 95.711774 -0.622092 -1.323738 0.083712 
854 41.527849 0.000000 4.838703 97.354377 0.000000 -1.382791 0.052021 
855 42.000841 0.000000 2.621699 103.212181 0.198852 -0.387085 -0.065294 
856 41.527849 0.000000 2.621699 101.366362 0.213981 -3.422020 -0.028690 
857 42.473832 0.000000 2.621699 103.256690 0.142158 0.637037 -0.066237 
858 42.000841 0.000000 3.065100 102.898172 0.139459 -0.952253 -0.058896 
859 42.237337 0.000000 1.956598 50.443757 0.565783 -20.949088 0.701624 
860 42.000841 0.000000 1.956598 102.543857 0.225319 1.351271 -0.051712 
861 42.473832 0.000000 1.956598 60.403588 0.135562 -8.682722 0.627600 
862 42.237337 0.000000 2.178299 91.582810 0.635155 -9.402605 0.152378 
863 15.986306 0.000000 -2.255709 -6.541904 0.097522 1.067398 0.995605 
864 15.986306 0.000000 -4.029311 101.442386 0.436520 -5.838415 -0.032484 
865 17.878272 0.000000 -2.255709 -7.493242 0.212772 0.473345 0.994358 
866 15.986306 0.000000 -5.802914 100.341196 -0.217428 -3.583640 -0.008125 
867 15.986306 0.000000 -7.576517 100.429002 -0.219770 -0.600395 -0.008639 
868 17.878272 0.000000 -5.802914 103.607174 0.005823 -3.791662 -0.074882 
869 15.040323 0.000000 -3.142510 97.987856 0.009748 -22.303409 -0.009906 
870 14.094340 0.000000 -3.142510 87.455983 -0.465369 -12.335027 0.219908 
871 15.040323 0.000000 -4.029311 98.715007 -0.329804 -10.244571 0.015029 
872 15.986306 0.000000 -3.142510 101.984242 0.287628 -8.196686 -0.046805 
873 15.040323 0.000000 -2.255709 -6.628502 -0.082442 2.302300 0.995076 
874 13.148357 0.000000 -3.142510 93.641874 -0.504219 -1.067432 0.122981 
875 13.148357 0.000000 -4.029311 96.192047 -0.541448 -0.007365 0.074680 
876 13.148357 0.000000 -2.255709 93.410744 -0.492444 -1.076996 0.127303 
877 15.040323 0.000000 -1.368907 -7.830962 -0.086134 2.419191 0.993282 
878 14.094340 0.000000 -1.368907 -9.344033 -0.042039 3.542482 0.990014 
879 15.986306 0.000000 -1.368907 -7.504189 0.104223 1.673706 0.994087 
880 15.040323 0.000000 -0.482106 -8.449873 0.057232 1.970378 0.992471 
881 14.567331 0.000000 -2.699109 93.125316 -0.223618 -19.391544 0.095159 
882 14.094340 0.000000 -2.699109 90.589833 -0.471603 -2.143047 0.178867 
883 14.567331 0.000000 -3.142510 90.336770 -0.215614 -28.252714 0.104101 
884 15.040323 0.000000 -2.699109 94.824425 -0.068320 -30.338180 0.008792 
885 14.567331 0.000000 -2.255709 91.589811 -0.494595 -2.130642 0.160652 
886 13.148357 0.000000 -1.368907 -12.199499 -0.218099 3.254060 0.984054 
887 12.202374 0.000000 -1.368907 -12.858763 -0.310549 1.950739 0.983075 
888 13.148357 0.000000 -0.482106 -10.854666 -0.132767 2.183940 0.987739 
889 13.621348 0.000000 -2.699109 92.770079 -0.495109 -1.395967 0.139152 
890 13.148357 0.000000 -2.699109 93.634726 -0.503653 -1.066369 0.123115 
891 13.621348 0.000000 -3.142510 92.658856 -0.495235 -1.467370 0.141194 
892 13.621348 0.000000 -2.255709 90.436033 -0.468067 -2.144955 0.181650 
893 15.040323 0.000000 -4.916113 98.395908 -0.252751 -5.295053 0.029014 
894 14.094340 0.000000 -4.916113 96.616125 -0.316351 -3.143393 0.065534 
895 15.040323 0.000000 -5.802914 99.281777 -0.290878 -2.812536 0.013513 
896 15.986306 0.000000 -4.916113 100.028469 -0.210474 -5.868762 -0.004018 
897 14.567331 0.000000 -3.585911 94.298935 -0.137887 -25.750001 0.044463 
898 14.094340 0.000000 -3.585911 90.500321 -0.469545 -2.144157 0.180487 
899 14.567331 0.000000 -4.029311 94.330028 -0.341423 -9.453762 0.101236 
900 15.040323 0.000000 -3.585911 98.506276 0.025224 -21.004413 -0.014467 
901 14.330835 0.000000 -2.920810 85.512290 -0.356997 -27.458830 0.193353 
902 14.094340 0.000000 -2.920810 87.385100 -0.465397 -12.591648 0.220508 
903 14.330835 0.000000 -3.142510 88.050137 -0.319446 -24.646125 0.163964 
904 14.567331 0.000000 -2.920810 88.614064 -0.289683 -25.955712 0.147376 
905 14.330835 0.000000 -2.699109 87.889551 -0.414774 -16.111658 0.201567 
906 13.148357 0.000000 -4.916113 96.728308 -0.167450 -0.592392 0.064326 
907 12.202374 0.000000 -4.916113 97.399017 -0.160881 1.240573 0.051187 
908 13.148357 0.000000 -5.802914 98.072511 -0.249775 -0.004398 0.038172 
909 13.621348 0.000000 -3.585911 91.517891 -0.482483 -1.765064 0.162113 
910 13.148357 0.000000 -3.585911 93.409050 -0.493157 -1.082867 0.127333 
911 13.621348 0.000000 -4.029311 91.589811 -0.494595 -2.130642 0.160652 
912 14.330835 0.000000 -3.364210 93.000913 -0.237627 -18.443454 0.101061 
913 14.094340 0.000000 -3.364210 90.573141 -0.471219 -2.143254 0.179169 
914 14.330835 0.000000 -3.585911 93.430202 -0.268606 -17.884587 0.095087 
915 14.567331 0.000000 -3.364210 94.375486 -0.130184 -26.375021 0.039761 
916 19.770238 0.000000 -2.255709 -8.854680 -0.084831 -0.642016 0.992118 
917 19.770238 0.000000 -4.029311 116.557171 0.099757 -4.392794 -0.360488 
918 16.932289 0.000000 -3.142510 101.631244 0.341876 -11.007540 -0.045019 
919 16.932289 0.000000 -4.029311 101.713041 0.295700 -13.476122 -0.052724 
920 17.878272 0.000000 -3.142510 104.680962 0.341379 -15.495457 -0.119833 
921 16.932289 0.000000 -2.255709 -7.100422 0.323204 0.924822 0.994862 
922 15.513314 0.000000 -2.699109 102.587547 0.146624 -10.710569 -0.063894 
923 15.513314 0.000000 -3.142510 101.026033 0.126806 -13.849460 -0.039808 
924 15.986306 0.000000 -2.699109 101.442386 0.436520 -5.838415 -0.032484 
925 15.513314 0.000000 -2.255709 -6.354241 0.136091 1.613248 0.995700 
926 14.803827 0.000000 -2.920810 94.487589 -0.117337 -27.318250 0.032580 
927 14.803827 0.000000 -3.142510 95.324103 -0.080415 -28.306243 0.011207 
928 15.040323 0.000000 -2.920810 97.182180 -0.008824 -24.344464 -0.003703 
929 14.803827 0.000000 -2.699109 94.341793 -0.132373 -26.121368 0.041728 
930 14.449083 0.000000 -3.031660 82.959370 -0.362512 -33.155037 0.201835 
931 14.330835 0.000000 -3.031660 84.680856 -0.359935 -29.226815 0.197482 
932 14.449083 0.000000 -3.142510 85.791895 -0.326124 -29.553018 0.176626 
933 14.567331 0.000000 -3.031660 88.699678 -0.280303 -26.663186 0.142136 
934 14.449083 0.000000 -2.920810 85.403483 -0.341906 -29.077365 0.186064 
935 15.513314 0.000000 -3.585911 102.562100 0.135437 -10.775834 -0.063512 
936 15.513314 0.000000 -4.029311 102.587547 0.146624 -10.710569 -0.063894 
937 15.986306 0.000000 -3.585911 101.969218 0.291307 -8.131430 -0.046393 
938 19.770238 0.000000 -5.802914 107.390147 -0.261417 0.268841 -0.153278 
939 19.770238 0.000000 -7.576517 103.712616 -0.086520 1.622612 -0.075895 
940 18.824255 0.000000 -3.142510 111.639408 0.230244 -14.346609 -0.266924 
941 18.824255 0.000000 -4.029311 112.578404 0.205026 -12.921853 -0.284091 
942 19.770238 0.000000 -3.142510 116.942307 0.098552 -6.324385 -0.371551 
943 18.824255 0.000000 -2.255709 -8.298414 0.331721 0.229560 0.993097 
944 20.716221 0.000000 -3.142510 117.950185 0.024620 7.230205 -0.396452 
945 20.716221 0.000000 -4.029311 116.885258 0.010491 9.934488 -0.376086 
946 21.662204 0.000000 -3.142510 112.298392 -0.035065 18.038649 -0.293632 
947 20.716221 0.000000 -2.255709 -9.522606 -0.131467 -0.857373 0.990857 
948 22.608188 0.000000 -3.142510 108.946118 -0.216677 17.710459 -0.218296 
949 22.608188 0.000000 -4.029311 109.134523 -0.197628 17.960520 -0.223296 
950 22.608188 0.000000 -2.255709 -11.323731 -0.357104 -2.153546 0.986701 
951 22.608188 0.000000 -4.916113 106.773629 -0.450414 9.738293 -0.149565 
952 21.662204 0.000000 -4.916113 109.449886 -0.312258 8.556128 -0.205258 
953 22.608188 0.000000 -5.802914 105.428609 -0.293468 7.595107 -0.117296 
954 23.554171 0.000000 -4.916113 105.731162 -0.140830 10.717107 -0.129395 
955 23.081179 0.000000 -3.585911 108.344649 -0.304415 16.757737 -0.201948 
956 22.608188 0.000000 -3.585911 109.035522 -0.204891 17.844370 -0.220721 
957 23.081179 0.000000 -4.029311 107.863289 -0.389503 15.956405 -0.188925 
958 23.554171 0.000000 -3.585911 109.457423 -0.264970 11.478343 -0.211275 
959 23.081179 0.000000 -3.142510 108.192465 -0.323494 16.531104 -0.197899 
960 37.743917 0.000000 3.951901 103.879616 0.063181 -4.085150 -0.080767 
961 38.689900 0.000000 3.951901 101.254268 0.083519 -5.141240 -0.027887 
962 37.743917 0.000000 4.838703 99.306257 -0.000000 -1.958399 0.013443 
963 82.205122 0.000000 173.330973 99.943828 0.004836 3.481067 -0.000089 
964 21.662204 0.000000 173.330973 99.945280 0.003200 3.485248 -0.000121 
965 142.748040 0.000000 173.330973 99.941647 0.006278 3.479506 -0.000044 
966 82.205122 0.000000 230.086264 99.941945 0.003537 3.485487 -0.000054 
967 51.933663 0.000000 88.198036 99.946661 0.022434 3.453548 -0.000126 
968 21.662204 0.000000 88.198036 99.956390 0.023585 3.469849 -0.000332 
969 82.205122 0.000000 88.198036 99.946924 0.005294 3.447340 -0.000127 
970 51.933663 0.000000 116.575682 99.952019 0.005712 3.471023 -0.000245 
971 36.797934 0.000000 45.631568 99.892971 0.335442 3.322656 0.001024 
972 21.662204 0.000000 45.631568 99.917338 0.377380 3.389102 0.000490 
973 51.933663 0.000000 45.631568 99.778586 0.288495 3.394660 0.003263 
974 36.797934 0.000000 59.820391 99.889172 0.054673 3.426756 0.001041 
975 44.365799 0.000000 24.348334 99.819917 0.261081 2.901889 0.002750 
976 36.797934 0.000000 24.348334 100.010694 0.161782 2.820035 -0.001012 
977 51.933663 0.000000 24.348334 99.784044 0.073290 2.983719 0.003424 
978 44.365799 0.000000 31.442745 99.964019 -0.011187 3.100265 -0.000242 
979 40.581866 0.000000 13.706717 99.894852 0.163214 1.725754 0.001801 
980 36.797934 0.000000 13.706717 100.042544 0.010831 1.875308 -0.001203 
981 44.365799 0.000000 13.706717 99.596402 0.221196 1.893713 0.007692 
982 40.581866 0.000000 17.253923 99.764112 0.301263 2.308881 0.004170 
983 42.473832 0.000000 8.385909 98.779585 -0.000000 0.771357 0.024200 
984 40.581866 0.000000 8.385909 98.426749 -0.000000 0.354426 0.031205 
985 44.365799 0.000000 8.385909 98.735800 -0.686921 1.066292 0.024963 
986 42.473832 0.000000 10.159511 98.983604 -0.000000 0.651432 0.020182 
987 41.527849 0.000000 5.725504 97.761706 -0.000000 -0.457640 0.044244 
988 40.581866 0.000000 5.725504 97.993334 -0.000000 -0.699542 0.039682 
989 42.473832 0.000000 5.725504 97.666147 0.000000 -0.066760 0.046132 
990 41.527849 0.000000 6.612306 98.047512 -0.000000 0.097950 0.038668 
991 38.689900 0.000000 8.385909 98.491354 -0.000000 0.568809 0.029913 
992 36.797934 0.000000 8.385909 98.923838 0.000000 0.765439 0.021349 
993 38.689900 0.000000 10.159511 99.967997 0.069359 0.205372 0.000635 
994 39.635883 0.000000 5.725504 98.173064 -0.000000 -0.892066 0.036125 
995 38.689900 0.000000 5.725504 98.560608 -0.000000 -1.095731 0.028461 
996 39.635883 0.000000 4.838703 98.173724 0.000000 -1.736375 0.035890 
997 39.635883 0.000000 6.612306 98.307515 -0.000000 -0.323272 0.033553 
998 46.257765 0.000000 4.838703 98.062414 -0.889763 1.734170 0.037996 
999 48.149731 0.000000 4.838703 98.510365 -0.630597 2.151600 0.029068 
1000 46.257765 0.000000 6.612306 98.527096 -0.149624 1.563431 0.028994 
1001 43.419815 0.000000 5.725504 97.679296 0.122695 0.526773 0.045846 
1002 43.419815 0.000000 4.838703 97.082376 -1.284024 0.316177 0.057326 
1003 44.365799 0.000000 5.725504 97.838506 0.138129 0.972049 0.042666 
1004 43.419815 0.000000 6.612306 98.089196 -0.184071 0.703757 0.037798 
1005 42.000841 0.000000 5.282104 97.618823 0.000000 -0.622811 0.047018 
1006 41.527849 0.000000 5.282104 97.708780 0.000000 -0.787215 0.045237 
1007 42.000841 0.000000 4.838703 97.303613 0.000000 -1.217602 0.053052 
1008 42.473832 0.000000 5.282104 97.631215 0.000000 -0.382327 0.046800 
1009 42.000841 0.000000 5.725504 97.677607 0.000000 -0.256217 0.045902 
1010 41.054858 0.000000 5.282104 97.870076 -0.000000 -1.051354 0.042034 
1011 40.581866 0.000000 5.282104 98.001969 -0.000000 -1.172234 0.039424 
1012 41.054858 0.000000 4.838703 97.757103 -0.000000 -1.603508 0.044098 
1013 41.054858 0.000000 5.725504 97.876674 -0.000000 -0.598932 0.041980 
1014 39.635883 0.000000 3.951901 101.136110 0.062757 -2.756344 -0.023611 
1015 39.635883 0.000000 3.065100 104.660128 0.110123 0.930451 -0.095462 
1016 40.108875 0.000000 5.282104 98.129568 0.000000 -1.212201 0.036912 
1017 39.635883 0.000000 5.282104 98.175460 -0.000000 -1.377907 0.035968 
1018 40.108875 0.000000 4.838703 98.119430 -0.000000 -1.692308 0.036971 
1019 40.108875 0.000000 5.725504 98.111147 0.000000 -0.829309 0.037352 
1020 48.149731 0.000000 13.706717 99.555010 0.151669 2.117716 0.008429 
1021 51.933663 0.000000 13.706717 99.445923 0.314541 2.492686 0.010420 
1022 48.149731 0.000000 17.253923 99.517586 0.241039 2.610886 0.008938 
1023 46.257765 0.000000 8.385909 98.866610 -0.592924 1.533093 0.022269 
1024 48.149731 0.000000 8.385909 99.005388 -0.502188 1.817759 0.019438 
1025 46.257765 0.000000 10.159511 99.163705 0.913967 1.553019 0.016331 
1026 43.419815 0.000000 7.499107 98.450156 0.000000 0.660854 0.030713 
1027 42.473832 0.000000 7.499107 98.232032 0.000000 0.638818 0.035006 
1028 44.365799 0.000000 7.499107 98.489156 -0.302235 1.050803 0.029869 
1029 43.419815 0.000000 8.385909 98.771034 0.000000 0.846571 0.024357 
1030 41.527849 0.000000 7.499107 98.335854 -0.000000 0.393779 0.032990 
1031 40.581866 0.000000 7.499107 98.373337 -0.000000 0.193387 0.032265 
1032 41.527849 0.000000 8.385909 98.557043 -0.000000 0.499333 0.028626 
1033 42.473832 0.000000 11.933114 99.653872 0.059762 1.277543 0.006747 
1034 40.581866 0.000000 11.933114 99.998305 0.009454 1.242332 -0.000120 
1035 44.365799 0.000000 11.933114 99.431028 0.072185 1.567474 0.011101 
1036 42.473832 0.000000 13.706717 99.691178 0.144600 1.787122 0.005845 
1037 43.419815 0.000000 9.272710 98.902206 0.000000 0.959228 0.021743 
1038 42.473832 0.000000 9.272710 98.949807 -0.000000 0.742724 0.020838 
1039 44.365799 0.000000 9.272710 98.960572 1.317602 1.117120 0.020382 
1040 43.419815 0.000000 10.159511 99.006774 0.000000 1.026591 0.019660 
1041 41.527849 0.000000 9.272710 98.806451 -0.000000 0.396557 0.023713 
1042 40.581866 0.000000 9.272710 98.651955 -0.000000 0.300864 0.026770 
1043 41.527849 0.000000 10.159511 99.478942 -0.118675 0.047292 0.010392 
1044 42.946824 0.000000 8.829309 98.860361 0.000000 0.893879 0.022583 
1045 42.473832 0.000000 8.829309 98.895166 -0.000000 0.755137 0.021918 
1046 42.946824 0.000000 8.385909 98.802558 0.000000 0.842786 0.023734 
1047 43.419815 0.000000 8.829309 98.812395 0.000000 0.926464 0.023525 
1048 42.946824 0.000000 9.272710 98.960798 0.000000 0.929707 0.020590 
1049 28.402334 0.000000 2.954250 93.433629 -0.050871 21.474085 0.080902 
1050 28.402334 0.000000 2.843400 94.405967 -0.077248 18.816064 0.073346 
1051 28.402334 0.000000 3.065100 87.783120 -0.030607 20.830479 0.186021 
1052 28.757078 0.000000 1.734898 102.436212 -0.272355 -4.518483 -0.051367 
1053 28.757078 0.000000 1.291497 -25.586692 -0.148930 2.139154 0.934072 
1054 29.230069 0.000000 1.734898 99.432725 -0.251936 -1.840691 0.010968 
1055 28.520582 0.000000 2.399999 102.031986 -0.127960 10.295808 -0.051655 
1056 28.520582 0.000000 2.178299 100.000451 -0.134366 12.912252 -0.016683 
1057 28.757078 0.000000 2.399999 103.550961 -0.118853 9.505335 -0.081317 
1058 28.402334 0.000000 2.732549 100.257800 -0.083989 18.665893 -0.040005 
1059 28.284086 0.000000 2.732549 97.901619 -0.089132 14.446824 0.020655 
1060 28.402334 0.000000 2.621699 101.715127 -0.098899 14.894843 -0.056783 
1061 28.520582 0.000000 2.732549 102.797194 -0.093620 24.325200 -0.115899 
1062 28.343210 0.000000 2.898825 91.166739 -0.043844 20.933216 0.125042 
1063 28.284086 0.000000 2.898825 96.263671 -0.043501 23.877149 0.016319 
1064 28.343210 0.000000 2.843400 93.847747 -0.063888 18.984415 0.083219 
1065 28.402334 0.000000 2.898825 93.244292 -0.067175 19.739845 0.091584 
1066 28.343210 0.000000 2.954250 92.393473 -0.053171 19.225746 0.109381 
1067 29.703061 0.000000 3.508501 106.134272 -0.024617 0.781283 -0.126509 
1068 30.176052 0.000000 3.508501 106.151124 -0.015694 -5.575225 -0.129914 
1069 29.703061 0.000000 3.951901 104.675011 -0.025799 -3.520391 -0.096925 
1070 28.993573 0.000000 3.286800 102.676220 -0.042467 13.729802 -0.073092 
1071 29.230069 0.000000 3.286800 102.433426 -0.043236 6.921521 -0.054052 
1072 28.993573 0.000000 3.508501 104.679672 -0.056694 7.589876 -0.101544 
1073 29.466565 0.000000 3.286800 106.937233 -0.029143 1.472168 -0.143774 
1074 29.466565 0.000000 3.065100 105.138214 -0.048985 0.196840 -0.105409 
1075 29.703061 0.000000 3.286800 109.337478 -0.022262 0.367410 -0.195482 
1076 29.466565 0.000000 3.508501 105.087430 -0.037140 2.247123 -0.104842 
1077 29.111821 0.000000 3.175950 99.580999 -0.049534 9.591507 -0.000837 
1078 28.993573 0.000000 3.175950 99.111626 -0.047880 15.020381 -0.004873 
1079 29.111821 0.000000 3.065100 104.685046 -0.074583 15.519657 -0.119982 
1080 29.230069 0.000000 3.175950 102.668361 -0.050851 8.850616 -0.061913 
1081 29.111821 0.000000 3.286800 102.341613 -0.050825 9.972933 -0.057327 
1082 30.649044 0.000000 3.508501 108.404853 -0.012984 -3.115362 -0.176132 
1083 30.649044 0.000000 3.065100 153.312819 -0.046451 -22.774760 -1.402351 
1084 30.649044 0.000000 3.951901 105.704185 -0.024790 -8.765859 -0.125022 
1085 29.939556 0.000000 3.286800 108.175935 -0.029581 1.666086 -0.170481 
1086 29.939556 0.000000 3.065100 109.062660 -0.048473 4.318141 -0.191331 
1087 30.176052 0.000000 3.286800 110.476582 -0.035194 2.004188 -0.220909 
1088 29.939556 0.000000 3.508501 107.859797 -0.031313 -0.358564 -0.163387 
1089 30.649044 0.000000 2.621699 254.082667 -0.134169 -67.941046 -5.917401 
1090 30.649044 0.000000 2.178299 100.831131 -0.238347 -1.869971 -0.017047 
1091 30.412548 0.000000 3.286800 132.238901 -0.030875 -9.877995 -0.758470 
1092 30.412548 0.000000 3.065100 204.054924 -0.068422 -38.878396 -3.314995 
1093 30.649044 0.000000 3.286800 132.937938 -0.027097 -14.608703 -0.788591 
1094 30.412548 0.000000 3.508501 106.054678 -0.020987 -3.814734 -0.126215 
1095 29.230069 0.000000 24.348334 100.263108 0.093832 2.900211 -0.006111 
1096 21.662204 0.000000 24.348334 100.416803 0.274701 3.265075 -0.009427 
1097 29.230069 0.000000 31.442745 100.143492 0.245272 3.166694 -0.003881 
1098 33.014001 0.000000 13.706717 100.196615 -0.074294 1.650926 -0.004209 
1099 29.230069 0.000000 13.706717 100.565605 -0.136022 1.657621 -0.011621 
1100 33.014001 0.000000 17.253923 100.205009 0.129243 2.260091 -0.004617 
1101 31.122035 0.000000 8.385909 100.471727 0.092797 0.259189 -0.009464 
1102 29.230069 0.000000 8.385909 101.009872 0.091637 0.330407 -0.020311 
1103 33.014001 0.000000 8.385909 100.006125 -0.050697 0.080701 -0.000123 
1104 31.122035 0.000000 10.159511 100.487504 -0.270729 0.840914 -0.009852 
1105 30.176052 0.000000 5.725504 101.568010 -0.061384 -1.545691 -0.031845 
1106 29.230069 0.000000 5.725504 101.792735 -0.295624 -0.996411 -0.036284 
1107 31.122035 0.000000 5.725504 100.899546 -0.049384 -1.751466 -0.018379 
1108 30.176052 0.000000 6.612306 101.052351 -0.092502 -0.846838 -0.021230 
1109 29.703061 0.000000 4.395302 100.321828 -0.000000 0.457781 -0.006468 
1110 29.230069 0.000000 4.395302 99.314831 -0.000000 -4.692858 0.011454 
1111 30.176052 0.000000 4.395302 105.703180 -0.000000 -4.045456 -0.118953 
1112 29.703061 0.000000 4.838703 102.374319 -0.303578 -1.536444 -0.048295 
1113 29.939556 0.000000 3.730201 106.983883 -0.042149 -1.555393 -0.144797 
1114 29.703061 0.000000 3.730201 107.929185 -0.033894 -0.104572 -0.164872 
1115 30.176052 0.000000 3.730201 107.013272 -0.030574 -1.694658 -0.145471 
1116 29.939556 0.000000 3.951901 104.107130 -0.023306 -3.407714 -0.084991 
1117 30.057804 0.000000 3.397651 109.292582 -0.026733 2.177080 -0.194961 
1118 29.939556 0.000000 3.397651 107.229418 -0.031564 3.122615 -0.150790 
1119 30.057804 0.000000 3.286800 108.790874 -0.033425 2.740308 -0.184296 
1120 30.176052 0.000000 3.397651 111.326973 -0.029264 0.338857 -0.239381 
1121 30.057804 0.000000 3.508501 108.507804 -0.029476 -1.256316 -0.177552 
1122 30.649044 0.000000 4.395302 104.412883 -0.000000 -12.085432 -0.104811 
1123 31.122035 0.000000 4.395302 101.772075 -0.023399 -8.291972 -0.042631 
1124 30.649044 0.000000 4.838703 108.372936 -0.000000 -11.689811 -0.188135 
1125 30.412548 0.000000 3.730201 109.344849 -0.032668 -5.293111 -0.198431 
1126 30.649044 0.000000 3.730201 108.317404 -0.022201 -8.355369 -0.180247 
1127 30.412548 0.000000 3.951901 105.385317 -0.030686 -7.244293 -0.115855 
1128 30.294300 0.000000 3.397651 111.230973 -0.022579 0.326056 -0.237244 
1129 30.294300 0.000000 3.286800 128.033104 -0.025306 -6.506048 -0.643481 
1130 30.412548 0.000000 3.397651 126.386566 -0.025892 -9.825806 -0.607011 
1131 30.294300 0.000000 3.508501 104.649952 -0.014611 -4.436828 -0.097130 
1132 30.057804 0.000000 3.619351 107.485192 -0.038211 -1.158592 -0.155441 
1133 29.939556 0.000000 3.619351 106.783776 -0.038979 -0.797482 -0.140341 
1134 30.176052 0.000000 3.619351 108.525154 -0.042570 -2.038357 -0.178187 
1135 30.057804 0.000000 3.730201 107.671224 -0.029801 -2.039455 -0.159725 
1136 30.116928 0.000000 3.453076 108.614193 -0.022340 -2.540154 -0.180350 
1137 30.057804 0.000000 3.453076 109.484792 -0.030582 0.932237 -0.198779 
1138 30.116928 0.000000 3.397651 110.287517 -0.029128 0.707389 -0.216384 
1139 30.176052 0.000000 3.453076 107.965195 -0.023619 -3.418412 -0.166817 
1140 30.116928 0.000000 3.508501 106.777751 -0.016768 -5.509347 -0.143184 
1141 30.294300 0.000000 3.619351 107.001667 -0.031243 -3.700332 -0.146305 
1142 30.412548 0.000000 3.619351 107.461487 -0.024034 -4.278758 -0.156628 
1143 30.294300 0.000000 3.730201 108.490836 -0.033482 -4.004617 -0.178630 
1144 30.235176 0.000000 3.453076 107.431184 -0.020592 -3.498915 -0.155370 
1145 30.235176 0.000000 3.397651 112.646287 -0.026630 0.516752 -0.268945 
1146 30.294300 0.000000 3.453076 107.547176 -0.023211 -2.673031 -0.157354 
1147 30.235176 0.000000 3.508501 105.601670 -0.017348 -4.656538 -0.117340 
1148 30.116928 0.000000 3.563926 109.395068 -0.041391 -1.114980 -0.196853 
1149 30.057804 0.000000 3.563926 107.568119 -0.036684 -0.560406 -0.157122 
1150 30.176052 0.000000 3.563926 107.439615 -0.027820 -3.742364 -0.155728 
1151 30.116928 0.000000 3.619351 107.913632 -0.038226 -1.356384 -0.164719 
1152 30.146490 0.000000 3.480788 106.422985 -0.014399 -5.900297 -0.136067 
1153 30.116928 0.000000 3.480788 107.095269 -0.018578 -5.013916 -0.149454 
1154 30.146490 0.000000 3.453076 107.893612 -0.018707 -3.616558 -0.165411 
1155 30.176052 0.000000 3.480788 106.558251 -0.016092 -5.444103 -0.138430 
1156 30.146490 0.000000 3.508501 105.963060 -0.011339 -6.777010 -0.127410 
1157 30.235176 0.000000 3.563926 106.172678 -0.023659 -4.023327 -0.128883 
1158 30.294300 0.000000 3.563926 106.653417 -0.026927 -3.625778 -0.138810 
1159 30.235176 0.000000 3.619351 108.610469 -0.041041 -2.715879 -0.180361 
1160 30.205614 0.000000 3.480788 105.685208 -0.014792 -5.129389 -0.119567 
1161 30.205614 0.000000 3.453076 107.271794 -0.019931 -3.946699 -0.152281 
1162 30.235176 0.000000 3.480788 106.030197 -0.018193 -4.192127 -0.125998 
1163 30.205614 0.000000 3.508501 104.471304 -0.009185 -6.444255 -0.095578 
1164 30.146490 0.000000 3.536213 106.525097 -0.018599 -5.271357 -0.137538 
1165 30.116928 0.000000 3.536213 107.285579 -0.023646 -4.053347 -0.152663 
1166 30.176052 0.000000 3.536213 107.062171 -0.024451 -4.008183 -0.147837 
1167 30.146490 0.000000 3.563926 107.511342 -0.029371 -3.367744 -0.157003 
1168 30.161271 0.000000 3.494644 106.342558 -0.014553 -5.947050 -0.134411 
1169 30.146490 0.000000 3.494644 105.908770 -0.010493 -6.887197 -0.126410 
1170 30.161271 0.000000 3.480788 106.586214 -0.015820 -5.556255 -0.139149 
1171 30.176052 0.000000 3.494644 106.286384 -0.015104 -5.748906 -0.132985 
1172 30.161271 0.000000 3.508501 106.217985 -0.015166 -5.763673 -0.131548 
1173 38.689900 0.000000 11.933114 100.151160 -0.007966 1.520719 -0.003257 
1174 36.797934 0.000000 11.933114 99.991329 0.176272 1.511362 -0.000058 
1175 38.689900 0.000000 13.706717 100.022964 0.111411 1.840368 -0.000799 
1176 41.527849 0.000000 11.046313 99.753113 0.020659 0.864125 0.004857 
1177 40.581866 0.000000 11.046313 100.012570 -0.040087 0.872496 -0.000328 
1178 42.473832 0.000000 11.046313 99.513764 0.124859 0.980465 0.009603 
1179 41.527849 0.000000 11.933114 99.810729 0.015771 1.222499 0.003632 
1180 42.000841 0.000000 9.716111 99.199696 -0.086859 0.191479 0.015938 
1181 41.527849 0.000000 9.716111 99.354662 -0.095336 0.097988 0.012863 
1182 42.000841 0.000000 9.272710 98.888194 0.000000 0.543888 0.022083 
1183 42.473832 0.000000 9.716111 98.984858 -0.000000 0.669568 0.020155 
1184 42.000841 0.000000 10.159511 99.279304 -0.112662 0.102657 0.014360 
1185 39.635883 0.000000 9.272710 98.506609 -0.000000 0.344615 0.029633 
1186 38.689900 0.000000 9.272710 98.491548 -0.000000 0.680502 0.029895 
1187 39.635883 0.000000 8.385909 98.373518 -0.000000 0.382071 0.032250 
1188 39.635883 0.000000 10.159511 99.395055 -0.049980 0.079955 0.012061 
1189 41.054858 0.000000 9.716111 99.282280 -0.046737 0.116804 0.014301 
1190 40.581866 0.000000 9.716111 99.237745 -0.044189 0.115071 0.015185 
1191 41.054858 0.000000 9.272710 98.739560 -0.000000 0.322245 0.025040 
1192 41.054858 0.000000 10.159511 99.419010 -0.059630 0.072977 0.011585 
1193 46.257765 0.000000 11.933114 99.313523 0.338053 1.802808 0.013346 
1194 48.149731 0.000000 11.933114 99.387418 0.330471 1.977169 0.011812 
1195 46.257765 0.000000 13.706717 99.574933 0.139379 2.035081 0.008067 
1196 43.419815 0.000000 11.046313 99.390237 0.183135 1.170104 0.012018 
1197 44.365799 0.000000 11.046313 99.339891 0.172373 1.331510 0.012978 
1198 43.419815 0.000000 11.933114 99.536577 0.096259 1.389243 0.009053 
1199 42.000841 0.000000 10.602912 99.534723 0.124844 0.710405 0.009232 
1200 41.527849 0.000000 10.602912 99.698082 -0.012545 0.628382 0.005990 
1201 42.473832 0.000000 10.602912 99.398316 0.235706 0.828687 0.011923 
1202 42.000841 0.000000 11.046313 99.618248 0.060500 0.908679 0.007538 
1203 41.764345 0.000000 9.937811 99.245457 -0.101651 0.104868 0.015032 
1204 41.527849 0.000000 9.937811 99.322680 -0.097211 0.090311 0.013499 
1205 41.764345 0.000000 9.716111 99.299248 -0.109874 0.098051 0.013964 
1206 42.000841 0.000000 9.937811 99.137733 -0.071245 0.113059 0.017169 
1207 41.764345 0.000000 10.159511 99.373304 -0.132300 0.030846 0.012493 
1208 42.000841 0.000000 8.829309 98.793723 -0.000000 0.599938 0.023944 
1209 41.527849 0.000000 8.829309 98.690964 0.000000 0.470188 0.025987 
1210 42.000841 0.000000 8.385909 98.622975 -0.000000 0.607130 0.027314 
1211 41.764345 0.000000 9.494410 98.883634 0.000000 0.425940 0.022185 
1212 41.527849 0.000000 9.494410 98.847026 -0.000000 0.362869 0.022913 
1213 41.764345 0.000000 9.272710 98.859828 0.000000 0.462621 0.022652 
1214 42.000841 0.000000 9.494410 98.922238 -0.000000 0.499663 0.021414 
1215 42.946824 0.000000 9.716111 99.018045 -0.000000 0.917860 0.019458 
1216 43.419815 0.000000 9.716111 99.006900 0.000000 1.017179 0.019660 
1217 42.946824 0.000000 10.159511 99.026434 -0.000000 0.902733 0.019295 
1218 42.237337 0.000000 9.937811 99.072015 -0.042246 0.355042 0.018461 
1219 42.237337 0.000000 9.716111 99.089265 -0.047349 0.331447 0.018121 
1220 42.473832 0.000000 9.937811 98.981864 -0.000000 0.655557 0.020216 
1221 42.237337 0.000000 10.159511 99.129083 -0.065065 0.215346 0.017337 
1222 41.882593 0.000000 9.826961 99.224542 -0.098781 0.110877 0.015447 
1223 41.764345 0.000000 9.826961 99.298730 -0.113502 0.084674 0.013974 
1224 41.882593 0.000000 9.716111 99.209252 -0.090946 0.163712 0.015749 
1225 42.000841 0.000000 9.826961 99.247178 -0.103076 0.121198 0.014997 
1226 41.882593 0.000000 9.937811 99.164157 -0.083403 0.113454 0.016645 
1227 39.635883 0.000000 11.046313 100.258944 -0.007157 0.981271 -0.005282 
1228 38.689900 0.000000 11.046313 100.400255 -0.031442 1.319037 -0.008195 
1229 39.635883 0.000000 11.933114 100.116193 -0.022453 1.366865 -0.002512 
1230 41.054858 0.000000 10.602912 99.869203 -0.055332 0.592301 0.002579 
1231 40.581866 0.000000 10.602912 100.026882 -0.053168 0.614086 -0.000576 
1232 41.054858 0.000000 11.046313 99.892431 -0.007659 0.837198 0.002080 
1233 41.291353 0.000000 9.937811 99.264282 -0.059634 0.104004 0.014659 
1234 41.054858 0.000000 9.937811 99.323651 -0.047851 0.100034 0.013480 
1235 41.291353 0.000000 9.716111 99.220407 -0.056018 0.128397 0.015529 
1236 41.291353 0.000000 10.159511 99.392898 -0.081445 0.063803 0.012104 
1237 40.108875 0.000000 9.716111 99.133323 -0.041109 0.148460 0.017256 
1238 39.635883 0.000000 9.716111 99.200402 -0.039013 0.117185 0.015927 
1239 40.108875 0.000000 9.272710 98.520652 -0.000000 0.292363 0.029360 
1240 40.108875 0.000000 10.159511 99.418668 -0.061360 0.102735 0.011591 
1241 34.905968 0.000000 8.385909 99.706692 -0.194698 0.365960 0.005840 
1242 34.905968 0.000000 10.159511 100.057919 -0.070362 0.888882 -0.001238 
1243 37.743917 0.000000 9.272710 98.993734 0.000000 1.491436 0.019802 
1244 36.797934 0.000000 9.272710 99.258724 0.000000 1.315006 0.014598 
1245 37.743917 0.000000 8.385909 98.847295 0.000000 0.825337 0.022853 
1246 37.743917 0.000000 10.159511 99.109229 0.000000 1.841007 0.017397 
1247 39.162892 0.000000 9.716111 99.313612 -0.020495 0.099919 0.013680 
1248 38.689900 0.000000 9.716111 99.576512 0.049213 0.385868 0.008437 
1249 39.162892 0.000000 9.272710 98.465431 -0.000000 0.383210 0.030441 
1250 39.162892 0.000000 10.159511 99.507968 -0.025175 0.065361 0.009816 
1251 34.905968 0.000000 11.933114 100.160131 0.087171 1.400647 -0.003402 
1252 33.014001 0.000000 11.933114 100.514959 -0.191182 1.221350 -0.010479 
1253 34.905968 0.000000 13.706717 100.125089 0.080553 1.747089 -0.002809 
1254 37.743917 0.000000 11.046313 100.180621 0.112882 1.550310 -0.003857 
1255 36.797934 0.000000 11.046313 99.989454 0.171160 1.458735 -0.000005 
1256 37.743917 0.000000 11.933114 100.067023 -0.066891 1.653423 -0.001615 
1257 39.162892 0.000000 10.602912 100.512908 -0.032498 0.800133 -0.010349 
1258 38.689900 0.000000 10.602912 100.679748 -0.008922 1.073622 -0.013756 
1259 39.635883 0.000000 10.602912 100.321267 -0.012584 0.700326 -0.006485 
1260 39.162892 0.000000 11.046313 100.358884 0.003142 1.102744 -0.007312 
1261 39.399387 0.000000 9.937811 99.341292 -0.037931 0.025983 0.013131 
1262 39.162892 0.000000 9.937811 99.398061 -0.022418 0.032445 0.012002 
1263 39.399387 0.000000 9.716111 99.273764 -0.034098 0.087215 0.014471 
1264 39.635883 0.000000 9.937811 99.275060 -0.050217 0.034153 0.014446 
1265 39.399387 0.000000 10.159511 99.520199 -0.045431 0.039714 0.009573 
1266 38.216908 0.000000 9.716111 100.238279 0.173936 0.597367 -0.004810 
1267 37.743917 0.000000 9.716111 99.191454 0.000000 1.769248 0.015793 
1268 38.216908 0.000000 9.272710 98.637489 0.000000 1.070018 0.026950 
1269 38.216908 0.000000 10.159511 100.923833 0.242753 0.366382 -0.018581 
1270 38.216908 0.000000 10.602912 100.584523 0.013487 1.535319 -0.011960 
1271 37.743917 0.000000 10.602912 100.227145 0.130691 1.602618 -0.004807 
1272 38.216908 0.000000 11.046313 100.296943 -0.030244 1.535772 -0.006184 
1273 38.453404 0.000000 9.937811 99.838629 0.110512 0.539136 0.003195 
1274 38.216908 0.000000 9.937811 100.347382 0.165089 0.849780 -0.007035 
1275 38.453404 0.000000 9.716111 100.185584 0.157794 0.401243 -0.003734 
1276 38.689900 0.000000 9.937811 99.388047 0.037375 0.312240 0.012192 
1277 38.453404 0.000000 10.159511 100.685074 0.200578 0.285403 -0.013761 
1278 35.851951 0.000000 9.272710 99.785301 -0.068843 0.646126 0.004247 
1279 34.905968 0.000000 9.272710 100.034466 -0.123094 0.545585 -0.000721 
1280 35.851951 0.000000 8.385909 98.701436 0.000000 0.674542 0.025757 
1281 35.851951 0.000000 10.159511 99.781539 -0.006505 1.145371 0.004233 
1282 37.270925 0.000000 9.716111 99.344606 0.000000 1.735883 0.012764 
1283 36.797934 0.000000 9.716111 99.557501 0.145473 1.222433 0.008679 
1284 37.270925 0.000000 9.272710 99.227145 0.000000 1.494067 0.015174 
1285 37.270925 0.000000 10.159511 99.643514 0.000000 2.099586 0.006676 
1286 37.980413 0.000000 9.937811 100.740057 0.222608 0.625905 -0.014900 
1287 37.743917 0.000000 9.937811 99.974779 0.117658 1.221820 0.000354 
1288 37.980413 0.000000 9.716111 100.131008 0.146063 0.996917 -0.002723 
1289 37.980413 0.000000 10.159511 100.842150 0.236292 0.544284 -0.016949 
1290 37.743917 0.000000 7.499107 98.818218 -0.000000 0.115932 0.023495 
1291 36.797934 0.000000 7.499107 98.886510 0.000000 0.328117 0.022135 
1292 37.743917 0.000000 6.612306 98.762584 -0.000000 -0.356829 0.024582 
1293 38.689900 0.000000 7.499107 98.574354 -0.000000 0.123659 0.028308 
1294 38.216908 0.000000 8.829309 98.704592 0.000000 1.008469 0.025639 
1295 37.743917 0.000000 8.829309 98.965429 0.000000 1.174435 0.020446 
1296 38.216908 0.000000 8.385909 98.597751 -0.000000 0.703290 0.027799 
1297 38.689900 0.000000 8.829309 98.457479 -0.000000 0.598035 0.030577 
1298 37.980413 0.000000 9.494410 98.890591 0.000000 1.587709 0.021813 
1299 37.743917 0.000000 9.494410 99.302924 0.000000 1.783053 0.013575 
1300 37.980413 0.000000 9.272710 98.795187 0.000000 1.311724 0.023779 
1301 38.216908 0.000000 9.494410 98.549287 0.000000 1.210054 0.028657 
1302 38.098661 0.000000 9.826961 100.606562 0.208276 0.539287 -0.012201 
1303 37.980413 0.000000 9.826961 100.521844 0.194788 0.765923 -0.010527 
1304 38.098661 0.000000 9.716111 100.218967 0.165085 0.722728 -0.004439 
1305 38.216908 0.000000 9.826961 100.653881 0.216714 0.443686 -0.013145 
1306 38.098661 0.000000 9.937811 100.919747 0.204295 0.944309 -0.018573 
1307 38.453404 0.000000 9.494410 98.445402 0.000000 0.870086 0.030775 
1308 38.453404 0.000000 9.272710 98.535575 0.000000 0.812209 0.029008 
1309 38.689900 0.000000 9.494410 98.489397 0.000000 0.708080 0.029934 
1310 38.335156 0.000000 9.826961 100.590920 0.198847 0.352412 -0.011870 
1311 38.335156 0.000000 9.716111 100.274200 0.168339 0.457747 -0.005515 
1312 38.453404 0.000000 9.826961 100.207106 0.150299 0.462549 -0.004170 
1313 38.335156 0.000000 9.937811 99.964557 0.144003 0.661017 0.000663 
1314 35.851951 0.000000 11.046313 100.030924 -0.025381 1.351958 -0.000801 
1315 34.905968 0.000000 11.046313 99.961528 0.085029 1.201663 0.000624 
1316 35.851951 0.000000 11.933114 100.047300 0.200087 1.470708 -0.001167 
1317 37.270925 0.000000 10.602912 99.982757 0.179669 1.479539 0.000123 
1318 36.797934 0.000000 10.602912 99.946375 0.141341 1.409310 0.000872 
1319 37.270925 0.000000 11.046313 100.074163 0.094822 1.482598 -0.001705 
1320 37.980413 0.000000 10.381212 99.055509 0.000000 1.809708 0.018473 
1321 37.743917 0.000000 10.381212 99.358667 0.000000 2.016540 0.012379 
1322 38.216908 0.000000 10.381212 98.835946 0.000000 1.526096 0.022913 
1323 37.980413 0.000000 10.602912 100.380991 0.121507 1.686942 -0.007920 
1324 38.098661 0.000000 10.048661 100.928922 0.243405 0.407708 -0.018687 
1325 37.980413 0.000000 10.048661 100.831034 0.234433 0.562099 -0.016727 
1326 38.216908 0.000000 10.048661 100.881233 0.240350 0.343278 -0.017720 
1327 38.098661 0.000000 10.159511 100.922825 0.247691 0.478428 -0.018571 
1328 38.157785 0.000000 9.882386 100.561567 0.195787 0.716289 -0.011318 
1329 38.098661 0.000000 9.882386 100.728364 0.222193 0.477240 -0.014648 
1330 38.157785 0.000000 9.826961 100.643447 0.214361 0.485325 -0.012939 
1331 38.216908 0.000000 9.882386 100.425444 0.177241 0.772718 -0.008590 
1332 38.157785 0.000000 9.937811 100.456922 0.178535 0.879335 -0.009240 
1333 55.717596 0.000000 -0.482106 99.337100 -0.164754 3.952076 0.011649 
1334 55.717596 0.000000 -4.029311 99.449842 -0.130378 3.234008 0.009925 
1335 59.501528 0.000000 -0.482106 99.527710 -0.175153 4.008505 0.007814 
1336 55.717596 0.000000 3.065100 99.390046 0.089322 2.487287 0.011542 
1337 50.041697 0.000000 1.291497 98.688656 -0.495752 3.181191 0.025018 
1338 50.041697 0.000000 -0.482106 98.692109 -0.457846 4.170300 0.024227 
1339 51.933663 0.000000 1.291497 98.983937 -0.292204 3.251583 0.019152 
1340 50.041697 0.000000 3.065100 98.759162 -0.386323 2.593691 0.023975 
1341 43.419815 0.000000 3.951901 96.203159 -0.809832 0.028093 0.074430 
1342 44.365799 0.000000 3.951901 96.758840 -0.795231 1.031458 0.063603 
1343 42.000841 0.000000 4.395302 96.811928 0.000000 -1.820688 0.062414 
1344 41.527849 0.000000 4.395302 96.914813 0.000000 -2.466871 0.060143 
1345 42.000841 0.000000 3.951901 101.941443 0.084176 -7.662400 -0.045078 
1346 42.473832 0.000000 4.395302 96.688633 0.000000 -1.758827 0.064821 
1347 41.054858 0.000000 4.395302 97.559601 0.000000 -3.017008 0.047302 
1348 40.581866 0.000000 4.395302 98.521030 -0.000000 -2.700840 0.028631 
1349 41.054858 0.000000 3.951901 99.655730 0.032797 -5.593898 0.003744 
1350 42.000841 0.000000 3.508501 105.219485 0.031332 -12.817310 -0.123542 
1351 41.527849 0.000000 3.508501 101.317975 0.014859 -10.436157 -0.037425 
1352 42.473832 0.000000 3.508501 109.184891 0.086440 -15.482036 -0.216104 
1353 41.764345 0.000000 4.173602 98.837888 -0.011677 -3.905521 0.021582 
1354 41.527849 0.000000 4.173602 97.377247 0.026222 -3.579632 0.050486 
1355 41.764345 0.000000 3.951901 100.411642 0.058955 -6.480053 -0.012449 
1356 42.000841 0.000000 4.173602 96.678140 0.000000 -2.717580 0.064595 
1357 41.764345 0.000000 4.395302 96.787955 0.000000 -2.228069 0.062713 
1358 41.054858 0.000000 3.508501 100.314791 0.007633 -10.021059 -0.016348 
1359 40.581866 0.000000 3.508501 104.823537 0.048442 -9.718435 -0.108242 
1360 41.054858 0.000000 3.065100 99.463486 0.068664 -7.973530 0.004343 
1361 41.291353 0.000000 4.173602 98.223067 0.037508 -4.063156 0.033572 
1362 41.054858 0.000000 4.173602 98.484082 0.031265 -4.194276 0.028329 
1363 41.291353 0.000000 3.951901 99.220998 0.016610 -5.830733 0.012120 
1364 41.291353 0.000000 4.395302 97.170893 0.000000 -2.743221 0.055029 
1365 41.764345 0.000000 3.730201 102.517312 0.044250 -9.638082 -0.060269 
1366 41.527849 0.000000 3.730201 99.506731 0.012118 -7.679588 0.003943 
1367 41.764345 0.000000 3.508501 102.580061 0.015458 -10.979578 -0.064322 
1368 42.000841 0.000000 3.730201 104.650197 0.058765 -11.526362 -0.108452 
1369 41.646097 0.000000 4.062752 98.912013 0.035458 -5.044828 0.019096 
1370 41.527849 0.000000 4.062752 98.426678 0.027148 -4.670377 0.029038 
1371 41.646097 0.000000 3.951901 99.915198 0.051716 -6.215207 -0.002168 
1372 41.764345 0.000000 4.062752 99.535329 0.098451 -5.117280 0.006652 
1373 41.646097 0.000000 4.173602 98.102975 0.050151 -3.980261 0.035996 
1374 41.291353 0.000000 3.730201 99.562656 0.012335 -8.006686 0.002317 
1375 41.054858 0.000000 3.730201 100.174491 0.012863 -8.547360 -0.010799 
1376 41.291353 0.000000 3.508501 98.499729 0.005910 -8.847593 0.021952 
1377 41.409601 0.000000 4.062752 98.870859 0.030327 -5.039609 0.019915 
1378 41.291353 0.000000 4.062752 98.830846 0.027676 -4.972813 0.020773 
1379 41.409601 0.000000 3.951901 99.249894 0.017842 -5.961178 0.011392 
1380 41.409601 0.000000 4.173602 97.815284 0.029214 -3.855143 0.041731 
1381 41.764345 0.000000 4.617002 97.025152 0.000000 -1.589595 0.058359 
1382 41.527849 0.000000 4.617002 97.087207 0.000000 -1.690678 0.057122 
1383 42.000841 0.000000 4.617002 97.106357 0.000000 -1.425906 0.056832 
1384 41.764345 0.000000 4.838703 97.235254 0.000000 -1.296257 0.054363 
1385 41.646097 0.000000 4.284452 96.750136 0.000000 -2.780144 0.063168 
1386 41.527849 0.000000 4.284452 96.802089 0.000000 -2.914868 0.062086 
1387 41.764345 0.000000 4.284452 96.787283 0.000000 -2.460248 0.062617 
1388 41.646097 0.000000 4.395302 96.820152 0.000000 -2.234650 0.062086 
1389 41.586973 0.000000 4.118177 97.794365 0.041161 -3.885261 0.042117 
1390 41.527849 0.000000 4.118177 97.683687 0.035218 -3.821562 0.044329 
1391 41.586973 0.000000 4.062752 98.691547 0.032238 -4.892231 0.023604 
1392 41.646097 0.000000 4.118177 98.206066 0.053859 -4.124398 0.033856 
1393 41.586973 0.000000 4.173602 97.407753 0.027695 -3.590399 0.049884 
1394 42.946824 0.000000 4.395302 96.534176 -0.142198 -0.321860 0.068103 
1395 42.946824 0.000000 3.951901 95.933123 -0.738369 -0.557582 0.079598 
1396 43.419815 0.000000 4.395302 96.674353 -0.203373 0.199205 0.065399 
1397 42.946824 0.000000 4.838703 97.015628 -1.288934 -0.136961 0.058629 
1398 42.237337 0.000000 4.173602 96.748074 0.000000 -1.781129 0.063664 
1399 42.237337 0.000000 3.951901 103.173960 -0.037465 -5.942771 -0.068018 
1400 42.473832 0.000000 4.173602 96.120735 -0.339626 -1.118911 0.075944 
1401 42.237337 0.000000 4.395302 96.745873 0.000000 -1.780303 0.063707 
1402 41.882593 0.000000 4.062752 100.000929 0.117498 -5.247463 -0.002774 
1403 41.882593 0.000000 3.951901 101.112660 0.070887 -6.873642 -0.027102 
1404 42.000841 0.000000 4.062752 100.294356 0.127492 -5.415679 -0.008830 
1405 41.882593 0.000000 4.173602 96.678195 0.000000 -2.717719 0.064594 
1406 41.705221 0.000000 4.118177 98.491936 0.062846 -4.281974 0.028100 
1407 41.705221 0.000000 4.062752 99.412020 0.094266 -5.075795 0.009148 
1408 41.764345 0.000000 4.118177 99.455198 0.095204 -4.963713 0.008402 
1409 41.705221 0.000000 4.173602 98.413152 0.059797 -4.147301 0.029765 
1410 41.291353 0.000000 4.617002 97.363530 0.000000 -1.730559 0.051735 
1411 41.054858 0.000000 4.617002 97.510237 -0.000000 -1.884531 0.048820 
1412 41.291353 0.000000 4.838703 97.477853 -0.000000 -1.523330 0.049575 
1413 41.409601 0.000000 4.284452 96.972252 0.000000 -2.975926 0.058753 
1414 41.291353 0.000000 4.284452 97.725738 -0.016116 -3.459159 0.043771 
1415 41.409601 0.000000 4.395302 97.031285 0.000000 -2.510174 0.057863 
1416 41.586973 0.000000 4.229027 97.609698 -0.005265 -3.350672 0.046112 
1417 41.527849 0.000000 4.229027 97.526240 -0.004453 -3.363508 0.047732 
1418 41.646097 0.000000 4.229027 97.333240 -0.019983 -3.261436 0.051560 
1419 41.586973 0.000000 4.284452 96.745120 0.000000 -2.809822 0.063249 
1420 41.616535 0.000000 4.145889 97.880208 0.043618 -3.895502 0.040429 
1421 41.586973 0.000000 4.145889 97.458242 0.029316 -3.645068 0.048860 
1422 41.616535 0.000000 4.118177 98.012802 0.047875 -4.013547 0.037738 
1423 41.646097 0.000000 4.145889 98.130524 0.051282 -4.037841 0.035409 
1424 41.616535 0.000000 4.173602 97.849977 0.042449 -3.841183 0.041063 
1425 41.882593 0.000000 4.284452 96.703544 0.000000 -2.518735 0.064208 
1426 42.000841 0.000000 4.284452 96.705108 0.000000 -2.268294 0.064298 
1427 41.882593 0.000000 4.395302 96.726368 0.000000 -2.099518 0.063960 
1428 41.705221 0.000000 4.229027 96.858046 0.000000 -2.806339 0.061064 
1429 41.764345 0.000000 4.229027 96.777298 0.000000 -2.572537 0.062754 
1430 41.705221 0.000000 4.284452 96.861060 0.000000 -2.669759 0.061081 
1431 41.675659 0.000000 4.145889 98.308312 0.056797 -4.136353 0.031836 
1432 41.675659 0.000000 4.118177 98.362613 0.058756 -4.211620 0.030706 
1433 41.705221 0.000000 4.145889 98.445765 0.061120 -4.211176 0.029069 
1434 41.675659 0.000000 4.173602 98.278781 0.055582 -4.075212 0.032467 
1435 41.616535 0.000000 4.201314 97.456861 0.067342 -3.388059 0.049068 
1436 41.586973 0.000000 4.201314 97.628994 0.033733 -3.685826 0.045499 
1437 41.646097 0.000000 4.201314 97.776546 -0.006123 -3.432410 0.042797 
1438 41.616535 0.000000 4.229027 97.263789 -0.018313 -3.248636 0.052920 
1439 41.631316 0.000000 4.159746 97.993143 0.046937 -3.940189 0.038182 
1440 41.616535 0.000000 4.159746 97.848474 0.042537 -3.858651 0.041079 
1441 41.631316 0.000000 4.145889 98.017431 0.047808 -3.974020 0.037679 
1442 41.646097 0.000000 4.159746 98.109899 0.050512 -4.005182 0.035840 
1443 41.631316 0.000000 4.173602 97.989598 0.046687 -3.918296 0.038268 
1444 41.764345 0.000000 5.060403 97.454772 0.000000 -1.044052 0.050148 
1445 41.527849 0.000000 5.060403 97.462000 0.000000 -1.237162 0.049963 
1446 42.000841 0.000000 5.060403 97.472804 0.000000 -0.939949 0.049817 
1447 41.764345 0.000000 5.282104 97.626610 0.000000 -0.735624 0.046850 
1448 42.946824 0.000000 5.282104 97.346040 -0.267707 0.119421 0.052366 
1449 43.419815 0.000000 5.282104 97.415667 -0.303936 0.433559 0.050991 
1450 42.946824 0.000000 5.725504 97.657952 0.000000 0.077497 0.046292 
1451 42.237337 0.000000 5.060403 97.472250 0.000000 -0.887072 0.049837 
1452 42.237337 0.000000 4.838703 97.299056 0.000000 -1.119153 0.053164 
1453 42.473832 0.000000 5.060403 97.599798 0.000000 -0.710032 0.047378 
1454 42.237337 0.000000 5.282104 97.638276 0.000000 -0.471636 0.046654 
1455 41.882593 0.000000 4.949553 97.278035 0.000000 -1.171765 0.053561 
1456 41.764345 0.000000 4.949553 97.280861 0.000000 -1.209334 0.053497 
1457 41.882593 0.000000 4.838703 97.215177 0.000000 -1.241375 0.054767 
1458 42.000841 0.000000 4.949553 97.377235 0.000000 -1.117547 0.051643 
1459 41.882593 0.000000 5.060403 97.454340 0.000000 -1.017404 0.050162 
1460 42.000841 0.000000 6.168905 97.887372 0.000000 0.118935 0.041805 
1461 41.527849 0.000000 6.168905 97.924603 -0.000000 -0.022111 0.041077 
1462 42.473832 0.000000 6.168905 97.919982 0.000000 0.227888 0.041163 
1463 42.000841 0.000000 6.612306 98.076508 0.000000 0.260064 0.038093 
1464 42.237337 0.000000 5.503804 97.666195 0.000000 -0.332140 0.046120 
1465 42.000841 0.000000 5.503804 97.670368 0.000000 -0.381657 0.046035 
1466 42.473832 0.000000 5.503804 97.653767 0.000000 -0.247030 0.046368 
1467 42.237337 0.000000 5.725504 97.679308 0.000000 -0.181421 0.045872 
1468 41.764345 0.000000 5.503804 97.701137 0.000000 -0.434428 0.045430 
1469 41.527849 0.000000 5.503804 97.753670 -0.000000 -0.543394 0.044392 
1470 41.764345 0.000000 5.725504 97.713258 0.000000 -0.338333 0.045200 
1471 42.946824 0.000000 6.168905 98.006495 0.000000 0.335047 0.039461 
1472 43.419815 0.000000 6.168905 97.905961 -0.395310 0.617685 0.041388 
1473 42.946824 0.000000 6.612306 98.180428 0.000000 0.447205 0.036040 
1474 42.237337 0.000000 5.947205 97.706665 0.000000 0.064116 0.045340 
1475 42.000841 0.000000 5.947205 97.747440 0.000000 -0.020972 0.044544 
1476 42.473832 0.000000 5.947205 97.790833 0.000000 0.154001 0.043693 
1477 42.237337 0.000000 6.168905 97.890661 0.000000 0.194413 0.041738 
1478 42.119089 0.000000 5.614654 97.639886 0.000000 -0.297801 0.046636 
1479 42.000841 0.000000 5.614654 97.670984 0.000000 -0.328874 0.046027 
1480 42.119089 0.000000 5.503804 97.645753 0.000000 -0.345601 0.046519 
1481 42.237337 0.000000 5.614654 97.673903 0.000000 -0.259282 0.045974 
1482 42.119089 0.000000 5.725504 97.662137 0.000000 -0.228162 0.046205 
1483 42.119089 0.000000 5.392954 97.649475 0.000000 -0.449879 0.046438 
1484 42.000841 0.000000 5.392954 97.658029 0.000000 -0.521823 0.046264 
1485 42.119089 0.000000 5.282104 97.634959 0.000000 -0.571779 0.046709 
1486 42.237337 0.000000 5.392954 97.644968 0.000000 -0.422739 0.046528 
1487 42.710328 0.000000 5.503804 97.641930 0.000000 -0.166864 0.046603 
1488 42.710328 0.000000 5.282104 97.569075 0.000000 -0.703213 0.047978 
1489 42.946824 0.000000 5.503804 97.499283 -0.630589 0.199529 0.049345 
1490 42.710328 0.000000 5.725504 97.674903 0.000000 0.081058 0.045961 
1491 42.355584 0.000000 5.614654 97.658656 0.000000 -0.201069 0.046275 
1492 42.355584 0.000000 5.503804 97.655770 0.000000 -0.327480 0.046324 
1493 42.473832 0.000000 5.614654 97.658564 0.000000 -0.198989 0.046277 
1494 42.355584 0.000000 5.725504 97.676591 0.000000 -0.134172 0.045927 
1495 42.178213 0.000000 5.559229 97.649265 0.000000 -0.309787 0.046453 
1496 42.119089 0.000000 5.559229 97.641956 0.000000 -0.316941 0.046595 
1497 42.178213 0.000000 5.503804 97.664974 0.000000 -0.347614 0.046143 
1498 42.237337 0.000000 5.559229 97.670278 0.000000 -0.296404 0.046043 
1499 42.178213 0.000000 5.614654 97.651234 0.000000 -0.284782 0.046416 
1500 41.054858 0.000000 6.168905 97.940133 -0.000000 -0.179782 0.040770 
1501 40.581866 0.000000 6.168905 98.081085 -0.000000 -0.303578 0.038001 
1502 41.054858 0.000000 6.612306 98.082151 -0.000000 -0.030609 0.037989 
1503 41.764345 0.000000 5.947205 97.770154 0.000000 -0.128518 0.044098 
1504 41.527849 0.000000 5.947205 97.816763 -0.000000 -0.155093 0.043186 
1505 41.764345 0.000000 6.168905 97.897308 -0.000000 0.051237 0.041611 
1506 41.882593 0.000000 5.614654 97.715366 0.000000 -0.337650 0.045159 
1507 41.764345 0.000000 5.614654 97.706841 0.000000 -0.386790 0.045322 
1508 41.882593 0.000000 5.503804 97.693882 0.000000 -0.416300 0.045573 
1509 41.882593 0.000000 5.725504 97.710720 0.000000 -0.312263 0.045252 
1510 42.059965 0.000000 5.559229 97.654512 0.000000 -0.338961 0.046348 
1511 42.000841 0.000000 5.559229 97.670458 0.000000 -0.350712 0.046036 
1512 42.059965 0.000000 5.503804 97.664081 0.000000 -0.372071 0.046159 
1513 42.059965 0.000000 5.614654 97.634221 0.000000 -0.308590 0.046746 
1514 42.119089 0.000000 5.836354 97.688273 0.000000 -0.105060 0.045699 
1515 42.000841 0.000000 5.836354 97.703529 0.000000 -0.139604 0.045400 
1516 42.237337 0.000000 5.836354 97.680764 0.000000 -0.057396 0.045847 
1517 42.119089 0.000000 5.947205 97.714017 0.000000 0.048621 0.045197 
1518 42.178213 0.000000 5.670079 97.656625 0.000000 -0.255183 0.046312 
1519 42.119089 0.000000 5.670079 97.651217 0.000000 -0.268101 0.046417 
1520 42.237337 0.000000 5.670079 97.676957 0.000000 -0.220977 0.045916 
1521 42.178213 0.000000 5.725504 97.680949 0.000000 -0.184962 0.045840 
1522 42.148651 0.000000 5.586942 97.645667 0.000000 -0.302262 0.046523 
1523 42.119089 0.000000 5.586942 97.639338 0.000000 -0.306946 0.046647 
1524 42.148651 0.000000 5.559229 97.646001 0.000000 -0.313732 0.046516 
1525 42.178213 0.000000 5.586942 97.649846 0.000000 -0.297405 0.046442 
1526 42.148651 0.000000 5.614654 97.646847 0.000000 -0.290840 0.046501 
1527 42.059965 0.000000 5.670079 97.660333 0.000000 -0.283052 0.046238 
1528 42.000841 0.000000 5.670079 97.676714 0.000000 -0.308494 0.045916 
1529 42.059965 0.000000 5.725504 97.672105 0.000000 -0.249198 0.046010 
1530 42.089527 0.000000 5.586942 97.637519 0.000000 -0.311561 0.046682 
1531 42.059965 0.000000 5.586942 97.637864 0.000000 -0.313203 0.046675 
1532 42.089527 0.000000 5.559229 97.648265 0.000000 -0.319436 0.046471 
1533 42.089527 0.000000 5.614654 97.634617 0.000000 -0.306894 0.046739 
1534 42.148651 0.000000 5.642367 97.649919 0.000000 -0.277493 0.046442 
1535 42.119089 0.000000 5.642367 97.644904 0.000000 -0.284963 0.046539 
1536 42.178213 0.000000 5.642367 97.653576 0.000000 -0.270905 0.046371 
1537 42.148651 0.000000 5.670079 97.654096 0.000000 -0.261459 0.046361 
1538 42.133870 0.000000 5.600798 97.642945 0.000000 -0.299581 0.046577 
1539 42.119089 0.000000 5.600798 97.638975 0.000000 -0.302589 0.046654 
1540 42.133870 0.000000 5.586942 97.642848 0.000000 -0.304654 0.046578 
1541 42.148651 0.000000 5.600798 97.646011 0.000000 -0.296678 0.046517 
1542 42.133870 0.000000 5.614654 97.643801 0.000000 -0.294191 0.046560 
1543 42.000841 0.000000 7.055706 98.188012 -0.000000 0.432136 0.035893 
1544 41.527849 0.000000 7.055706 98.180526 -0.000000 0.271023 0.036051 
1545 42.473832 0.000000 7.055706 98.180463 0.000000 0.544468 0.036030 
1546 42.000841 0.000000 7.499107 98.291284 -0.000000 0.546727 0.033852 
1547 42.237337 0.000000 6.390605 97.970968 0.000000 0.260236 0.040162 
1548 42.000841 0.000000 6.390605 97.965630 0.000000 0.196246 0.040270 
1549 42.473832 0.000000 6.390605 98.017282 0.000000 0.299847 0.039252 
1550 42.237337 0.000000 6.612306 98.105896 0.000000 0.342645 0.037512 
1551 42.946824 0.000000 7.055706 98.164782 0.000000 0.562687 0.036336 
1552 43.419815 0.000000 7.055706 98.165155 0.000000 0.570269 0.036328 
1553 42.946824 0.000000 7.499107 98.331476 0.000000 0.653488 0.033049 
1554 42.710328 0.000000 6.390605 98.026163 0.000000 0.335234 0.039076 
1555 42.710328 0.000000 6.168905 97.961649 0.000000 0.287209 0.040343 
1556 42.946824 0.000000 6.390605 98.181594 0.000000 0.464442 0.036016 
1557 42.710328 0.000000 6.612306 98.179640 0.000000 0.450128 0.036056 
1558 42.355584 0.000000 6.279755 97.937802 0.000000 0.262998 0.040812 
1559 42.237337 0.000000 6.279755 97.938742 0.000000 0.245706 0.040794 
1560 42.355584 0.000000 6.168905 97.885163 0.000000 0.183883 0.041846 
1561 42.473832 0.000000 6.279755 97.968129 0.000000 0.262091 0.040218 
1562 42.355584 0.000000 6.390605 97.966953 0.000000 0.279966 0.040240 
1563 42.710328 0.000000 5.947205 97.797140 0.000000 0.173840 0.043569 
1564 42.946824 0.000000 5.947205 97.657952 0.000000 0.077497 0.046292 
1565 42.592080 0.000000 6.279755 97.955841 0.000000 0.271180 0.040458 
1566 42.592080 0.000000 6.168905 97.916237 0.000000 0.241052 0.041235 
1567 42.710328 0.000000 6.279755 97.993096 0.000000 0.310416 0.039726 
1568 42.592080 0.000000 6.390605 98.047163 0.000000 0.330785 0.038664 
1569 42.237337 0.000000 6.834006 98.166446 0.000000 0.442995 0.036315 
1570 42.000841 0.000000 6.834006 98.184220 -0.000000 0.388296 0.035971 
1571 42.473832 0.000000 6.834006 98.173682 0.000000 0.482396 0.036170 
1572 42.237337 0.000000 7.055706 98.146088 -0.000000 0.480279 0.036711 
1573 42.355584 0.000000 6.501456 98.063450 0.000000 0.332738 0.038345 
1574 42.237337 0.000000 6.501456 98.042054 0.000000 0.302535 0.038766 
1575 42.473832 0.000000 6.501456 98.066264 0.000000 0.341618 0.038289 
1576 42.355584 0.000000 6.612306 98.131913 0.000000 0.396705 0.036997 
1577 42.414708 0.000000 6.335180 97.956634 0.000000 0.272131 0.040442 
1578 42.355584 0.000000 6.335180 97.938369 0.000000 0.270084 0.040800 
1579 42.414708 0.000000 6.279755 97.942417 0.000000 0.260577 0.040722 
1580 42.473832 0.000000 6.335180 97.992709 0.000000 0.280552 0.039735 
1581 42.414708 0.000000 6.390605 97.978440 0.000000 0.285609 0.040014 
1582 41.764345 0.000000 6.390605 97.970432 -0.000000 0.103835 0.040178 
1583 41.527849 0.000000 6.390605 97.990864 -0.000000 0.033658 0.039779 
1584 41.764345 0.000000 6.612306 98.061213 -0.000000 0.175074 0.038397 
1585 42.119089 0.000000 6.279755 97.948428 0.000000 0.219534 0.040606 
1586 42.000841 0.000000 6.279755 97.937628 0.000000 0.176624 0.040819 
1587 42.119089 0.000000 6.168905 97.900761 0.000000 0.175402 0.041541 
1588 42.119089 0.000000 6.390605 97.974812 0.000000 0.233290 0.040088 
1589 42.296461 0.000000 6.335180 97.940128 0.000000 0.259631 0.040766 
1590 42.237337 0.000000 6.335180 97.956623 0.000000 0.254115 0.040444 
1591 42.296461 0.000000 6.279755 97.933398 0.000000 0.248719 0.040899 
1592 42.296461 0.000000 6.390605 97.967877 0.000000 0.279275 0.040222 
1593 42.355584 0.000000 6.058055 97.824740 0.000000 0.149229 0.043030 
1594 42.237337 0.000000 6.058055 97.796545 0.000000 0.130243 0.043582 
1595 42.355584 0.000000 5.947205 97.765875 0.000000 0.121534 0.044182 
1596 42.473832 0.000000 6.058055 97.850251 0.000000 0.193258 0.042529 
1597 42.414708 0.000000 6.224330 97.927562 0.000000 0.246828 0.041013 
1598 42.355584 0.000000 6.224330 97.914219 0.000000 0.225363 0.041275 
1599 42.414708 0.000000 6.168905 97.906324 0.000000 0.218026 0.041430 
1600 42.473832 0.000000 6.224330 97.943749 0.000000 0.244479 0.040696 
1601 42.385146 0.000000 6.307468 97.941740 0.000000 0.265172 0.040735 
1602 42.355584 0.000000 6.307468 97.936345 0.000000 0.267273 0.040840 
1603 42.385146 0.000000 6.279755 97.937347 0.000000 0.259576 0.040821 
1604 42.414708 0.000000 6.307468 97.949005 0.000000 0.266463 0.040592 
1605 42.385146 0.000000 6.335180 97.947881 0.000000 0.269955 0.040614 
1606 97.340851 0.000000 17.253923 99.917795 0.140659 2.862254 0.000822 
1607 97.340851 0.000000 3.065100 99.909985 -0.229415 3.226784 0.000753 
1608 112.476581 0.000000 17.253923 99.941249 0.151738 2.793797 0.000392 
1609 97.340851 0.000000 31.442745 99.913040 0.062374 3.257384 0.000677 
1610 74.637257 0.000000 10.159511 99.852395 0.315321 2.470572 0.002330 
1611 74.637257 0.000000 3.065100 99.830314 -0.351930 3.045140 0.002451 
1612 82.205122 0.000000 10.159511 99.871515 -0.690978 2.513453 0.001889 
1613 74.637257 0.000000 17.253923 99.851716 0.149769 2.905907 0.002117 
1614 63.285460 0.000000 6.612306 99.691904 -0.207972 2.638465 0.005452 
1615 59.501528 0.000000 6.612306 99.579063 -0.539622 2.589469 0.007701 
1616 63.285460 0.000000 3.065100 99.678242 -0.577736 2.816610 0.005598 
1617 67.069393 0.000000 6.612306 99.762494 -0.028829 2.705601 0.004012 
1618 63.285460 0.000000 10.159511 99.702221 -0.616710 2.686414 0.005187 
1619 42.710328 0.000000 6.834006 98.168023 0.000000 0.517332 0.036277 
1620 42.946824 0.000000 6.834006 98.168668 0.000000 0.525078 0.036264 
1621 42.710328 0.000000 7.055706 98.165180 0.000000 0.536402 0.036331 
1622 42.946824 0.000000 7.942508 98.627054 0.000000 0.741520 0.027215 
1623 42.473832 0.000000 7.942508 98.492497 0.000000 0.705453 0.029873 
1624 43.419815 0.000000 7.942508 98.781927 0.000000 0.779986 0.024152 
1625 42.710328 0.000000 7.277407 98.159936 0.000000 0.589870 0.036428 
1626 42.473832 0.000000 7.277407 98.160691 0.000000 0.579794 0.036414 
1627 42.946824 0.000000 7.277407 98.157810 0.000000 0.588672 0.036470 
1628 42.710328 0.000000 7.499107 98.279716 0.000000 0.643281 0.034068 
1629 42.592080 0.000000 6.944856 98.168708 0.000000 0.509209 0.036265 
1630 42.473832 0.000000 6.944856 98.180937 0.000000 0.522719 0.036023 
1631 42.592080 0.000000 6.834006 98.171650 0.000000 0.489847 0.036209 
1632 42.710328 0.000000 6.944856 98.165721 0.000000 0.532211 0.036321 
1633 42.592080 0.000000 7.055706 98.169283 0.000000 0.518842 0.036252 
1634 45.311782 0.000000 7.499107 98.602570 -0.292748 1.307665 0.027574 
1635 45.311782 0.000000 6.612306 98.356430 -0.153668 1.327496 0.032423 
1636 46.257765 0.000000 7.499107 98.721131 -0.291183 1.514363 0.025176 
1637 45.311782 0.000000 8.385909 98.820322 -0.667735 1.278208 0.023246 
1638 43.892807 0.000000 7.055706 98.294785 -0.235229 0.880032 0.033731 
1639 43.892807 0.000000 6.612306 98.128434 -0.177431 0.859090 0.037004 
1640 44.365799 0.000000 7.055706 98.350628 -0.236958 1.040916 0.032601 
1641 43.892807 0.000000 7.499107 98.440526 -0.302510 0.905399 0.030855 
1642 43.183320 0.000000 6.834006 98.168714 0.000000 0.512831 0.036264 
1643 43.183320 0.000000 6.612306 98.172134 0.000000 0.457648 0.036202 
1644 43.419815 0.000000 6.834006 98.174968 -0.340977 0.732354 0.036102 
1645 43.183320 0.000000 7.055706 98.167782 0.000000 0.556627 0.036278 
1646 42.828576 0.000000 6.944856 98.165107 0.000000 0.537114 0.036332 
1647 42.828576 0.000000 6.834006 98.169467 0.000000 0.519080 0.036249 
1648 42.946824 0.000000 6.944856 98.166022 0.000000 0.553626 0.036313 
1649 42.828576 0.000000 7.055706 98.163487 0.000000 0.549416 0.036363 
1650 42.000841 0.000000 7.942508 98.417501 -0.000000 0.608506 0.031363 
1651 41.527849 0.000000 7.942508 98.385272 -0.000000 0.459108 0.032013 
1652 42.237337 0.000000 7.277407 98.159830 0.000000 0.531422 0.036437 
1653 42.000841 0.000000 7.277407 98.205699 -0.000000 0.457619 0.035543 
1654 42.237337 0.000000 7.499107 98.243125 -0.000000 0.614905 0.034791 
1655 42.592080 0.000000 7.166557 98.167779 0.000000 0.545427 0.036279 
1656 42.473832 0.000000 7.166557 98.175056 0.000000 0.549869 0.036136 
1657 42.710328 0.000000 7.166557 98.161447 0.000000 0.564426 0.036401 
1658 42.592080 0.000000 7.277407 98.163778 0.000000 0.578467 0.036354 
1659 42.651204 0.000000 7.000281 98.166452 0.000000 0.527254 0.036307 
1660 42.592080 0.000000 7.000281 98.171044 0.000000 0.523703 0.036217 
1661 42.651204 0.000000 6.944856 98.168415 0.000000 0.511250 0.036270 
1662 42.710328 0.000000 7.000281 98.165908 0.000000 0.531311 0.036317 
1663 42.651204 0.000000 7.055706 98.165936 0.000000 0.530618 0.036317 
1664 97.340851 0.000000 -11.123723 99.929097 -0.097254 3.046398 0.000489 
1665 97.340851 0.000000 -25.312545 99.935058 -0.066848 3.298686 0.000210 
1666 112.476581 0.000000 -11.123723 99.936276 -0.085100 3.013742 0.000365 
1667 74.637257 0.000000 -4.029311 99.842835 -0.122088 3.052131 0.002208 
1668 74.637257 0.000000 -11.123723 99.865248 -0.080326 3.091428 0.001737 
1669 82.205122 0.000000 -4.029311 99.895040 -0.139542 3.121448 0.001122 
1670 70.853325 0.000000 6.612306 99.808205 0.033878 2.689425 0.003109 
1671 70.853325 0.000000 3.065100 99.794719 -0.433997 3.019512 0.003171 
1672 74.637257 0.000000 6.612306 99.842260 0.201150 2.681532 0.002429 
1673 70.853325 0.000000 10.159511 99.819379 -0.014566 2.517392 0.002975 
1674 67.069393 0.000000 45.631568 99.866604 0.149171 3.387219 0.001517 
1675 82.205122 0.000000 45.631568 99.894165 0.043552 3.382766 0.000971 
1676 67.069393 0.000000 59.820391 99.901304 0.040669 3.423131 0.000801 
1677 59.501528 0.000000 24.348334 99.797237 0.070001 3.101804 0.003089 
1678 67.069393 0.000000 24.348334 99.828257 0.033826 3.150765 0.002439 
1679 59.501528 0.000000 31.442745 99.839792 -0.039039 3.245980 0.002148 
1680 63.285460 0.000000 13.706717 99.744568 0.199027 2.658570 0.004391 
1681 59.501528 0.000000 13.706717 99.683082 0.230701 2.567800 0.005664 
1682 67.069393 0.000000 13.706717 99.778396 0.148906 2.684730 0.003704 
1683 63.285460 0.000000 17.253923 99.768310 0.135371 2.889563 0.003792 
1684 65.177426 0.000000 8.385909 99.743492 0.165998 2.473132 0.004509 
1685 63.285460 0.000000 8.385909 99.706039 0.035690 2.460244 0.005265 
1686 65.177426 0.000000 6.612306 99.711851 -0.084647 2.758111 0.004993 
1687 67.069393 0.000000 8.385909 99.780175 0.404496 2.300573 0.003846 
1688 65.177426 0.000000 10.159511 99.753258 -0.422267 2.613800 0.004228 
1689 55.717596 0.000000 6.612306 99.423855 1.014141 2.367701 0.010826 
1690 55.717596 0.000000 10.159511 99.321381 1.718022 9.442357 0.004315 
1691 61.393494 0.000000 8.385909 99.662074 0.022478 2.433448 0.006155 
1692 59.501528 0.000000 8.385909 99.601595 -0.029061 2.438650 0.007357 
1693 61.393494 0.000000 6.612306 99.643281 -0.278571 2.599760 0.006438 
1694 61.393494 0.000000 10.159511 99.677751 -0.873813 2.721849 0.005617 
1695 63.285460 0.000000 -0.482106 99.649619 -0.187019 3.930003 0.005447 
1696 63.285460 0.000000 -4.029311 99.702234 -0.131673 3.141088 0.004958 
1697 67.069393 0.000000 -0.482106 99.730945 -0.152467 3.851763 0.003888 
1698 65.177426 0.000000 4.838703 99.711826 0.432941 2.768742 0.004970 
1699 63.285460 0.000000 4.838703 99.683828 0.231714 2.719732 0.005568 
1700 65.177426 0.000000 3.065100 99.707792 -0.498245 3.003070 0.004909 
1701 67.069393 0.000000 4.838703 99.772263 0.825596 2.387394 0.003911 
1702 64.231443 0.000000 7.499107 99.697442 -0.023611 2.673189 0.005327 
1703 63.285460 0.000000 7.499107 99.721925 0.671662 1.594942 0.005254 
1704 64.231443 0.000000 6.612306 99.695245 -0.127775 2.733451 0.005337 
1705 65.177426 0.000000 7.499107 99.737611 -0.720436 2.288230 0.004665 
1706 64.231443 0.000000 8.385909 99.703134 0.123854 2.554692 0.005274 
1707 61.393494 0.000000 4.838703 99.630224 0.165654 2.710431 0.006644 
1708 59.501528 0.000000 4.838703 99.561895 0.091067 2.733457 0.007995 
1709 61.393494 0.000000 3.065100 99.625991 -0.623931 2.640662 0.006730 
1710 64.231443 0.000000 5.725504 99.696385 0.012992 2.763144 0.005300 
1711 63.285460 0.000000 5.725504 99.686371 -0.030536 2.704172 0.005531 
1712 64.231443 0.000000 4.838703 99.705725 0.334062 2.709422 0.005132 
1713 65.177426 0.000000 5.725504 99.709967 0.075757 2.824261 0.004994 
1714 74.637257 0.000000 24.348334 99.790921 0.235766 3.254637 0.003112 
1715 82.205122 0.000000 24.348334 99.874014 0.120022 3.172546 0.001510 
1716 74.637257 0.000000 31.442745 99.804991 0.212061 3.345733 0.002772 
1717 70.853325 0.000000 13.706717 99.823499 0.174325 2.668207 0.002812 
1718 74.637257 0.000000 13.706717 99.851573 0.183496 2.656886 0.002257 
1719 70.853325 0.000000 17.253923 99.827140 0.100333 2.911079 0.002606 
1720 68.961359 0.000000 8.385909 99.829816 -0.443433 1.471668 0.003165 
1721 68.961359 0.000000 6.612306 99.782121 -0.050097 2.701644 0.003623 
1722 70.853325 0.000000 8.385909 99.820894 -0.508852 2.382901 0.002985 
1723 68.961359 0.000000 10.159511 99.796894 -0.177683 2.538430 0.003410 
1724 66.123410 0.000000 7.499107 99.758605 -0.468924 2.485160 0.004182 
1725 66.123410 0.000000 6.612306 99.749700 -0.089609 2.673674 0.004284 
1726 67.069393 0.000000 7.499107 99.768609 -0.313308 2.584339 0.003945 
1727 66.123410 0.000000 8.385909 99.764068 0.245580 2.410261 0.004126 
1728 64.704435 0.000000 7.055706 99.704422 0.088933 2.710028 0.005168 
1729 64.231443 0.000000 7.055706 99.694551 0.073587 2.710376 0.005364 
1730 64.704435 0.000000 6.612306 99.702842 -0.108173 2.747652 0.005178 
1731 65.177426 0.000000 7.055706 99.722943 0.090377 2.687170 0.004811 
1732 64.704435 0.000000 7.499107 99.731258 -0.859231 1.867189 0.004945 
1733 62.339477 0.000000 7.499107 99.685092 0.581420 2.184931 0.005777 
1734 61.393494 0.000000 7.499107 99.655449 0.403210 2.362035 0.006305 
1735 62.339477 0.000000 6.612306 99.669409 -0.215551 2.601385 0.005920 
1736 62.339477 0.000000 8.385909 99.688522 0.025467 2.446248 0.005621 
1737 63.758452 0.000000 7.055706 99.705395 0.037276 2.605659 0.005204 
1738 63.285460 0.000000 7.055706 99.694875 0.006343 2.598929 0.005418 
1739 63.758452 0.000000 6.612306 99.701816 -0.172977 2.646272 0.005252 
1740 63.758452 0.000000 7.499107 99.706417 -0.032431 2.583101 0.005196 
1741 70.853325 0.000000 -0.482106 99.775916 -0.206140 3.731323 0.003080 
1742 70.853325 0.000000 -4.029311 99.809782 -0.156525 3.077203 0.002851 
1743 74.637257 0.000000 -0.482106 99.814299 -0.166271 3.642359 0.002381 
1744 68.961359 0.000000 4.838703 99.854895 -0.024373 0.722577 0.002848 
1745 68.961359 0.000000 3.065100 99.776116 -0.406782 3.016988 0.003546 
1746 70.853325 0.000000 4.838703 99.818932 -0.909710 2.364217 0.002976 
1747 66.123410 0.000000 5.725504 99.745693 0.074056 2.737729 0.004330 
1748 66.123410 0.000000 4.838703 99.749916 0.569986 2.582508 0.004296 
1749 67.069393 0.000000 5.725504 99.759350 0.147609 2.768849 0.004038 
1750 64.704435 0.000000 6.168905 99.704988 0.641745 2.705281 0.005119 
1751 64.231443 0.000000 6.168905 99.699376 0.494911 2.684285 0.005258 
1752 64.704435 0.000000 5.725504 99.701263 0.043071 2.810612 0.005176 
1753 65.177426 0.000000 6.168905 99.715231 0.862885 2.664770 0.004903 
1754 64.467939 0.000000 6.834006 99.696854 0.727740 2.808999 0.005212 
1755 64.231443 0.000000 6.834006 99.692881 1.123328 2.807613 0.005218 
1756 64.467939 0.000000 6.612306 99.698919 -0.125909 2.745755 0.005257 
1757 64.704435 0.000000 6.834006 99.696907 1.111096 2.920144 0.005076 
1758 64.467939 0.000000 7.055706 99.700627 0.073007 2.707641 0.005245 
1759 42.710328 0.000000 7.720807 98.458927 0.000000 0.716670 0.030533 
1760 42.473832 0.000000 7.720807 98.402849 -0.000000 0.683454 0.031641 
1761 42.946824 0.000000 7.720807 98.485857 0.000000 0.691042 0.030006 
1762 42.710328 0.000000 7.942508 98.552765 0.000000 0.729270 0.028682 
1763 43.892807 0.000000 7.942508 98.572240 -0.062330 0.927818 0.028265 
1764 44.365799 0.000000 7.942508 98.617188 -0.057280 1.055968 0.027353 
1765 43.892807 0.000000 8.385909 98.708610 0.000000 0.880127 0.025584 
1766 43.183320 0.000000 7.720807 98.551906 0.000000 0.711261 0.028702 
1767 43.183320 0.000000 7.499107 98.426119 0.000000 0.684197 0.031183 
1768 43.419815 0.000000 7.720807 98.602430 0.000000 0.716064 0.027705 
1769 43.183320 0.000000 7.942508 98.645112 0.000000 0.739930 0.026859 
1770 42.710328 0.000000 8.164208 98.731154 0.000000 0.775109 0.025156 
1771 42.473832 0.000000 8.164208 98.694714 -0.000000 0.759857 0.025878 
1772 42.946824 0.000000 8.164208 98.791171 0.000000 0.796700 0.023967 
1773 42.710328 0.000000 8.385909 98.801603 0.000000 0.816556 0.023758 
1774 42.828576 0.000000 7.831658 98.498115 0.000000 0.701134 0.029763 
1775 42.710328 0.000000 7.831658 98.488975 0.000000 0.721941 0.029940 
1776 42.828576 0.000000 7.720807 98.465425 0.000000 0.690330 0.030408 
1777 42.946824 0.000000 7.831658 98.530430 0.000000 0.704768 0.029126 
1778 42.828576 0.000000 7.942508 98.609742 0.000000 0.736068 0.027558 
1779 42.828576 0.000000 7.609957 98.376882 0.000000 0.670170 0.032154 
1780 42.710328 0.000000 7.609957 98.392331 0.000000 0.684984 0.031848 
1781 42.828576 0.000000 7.499107 98.302974 0.000000 0.642727 0.033611 
1782 42.946824 0.000000 7.609957 98.408507 0.000000 0.678673 0.031531 
1783 43.183320 0.000000 8.164208 98.771053 0.000000 0.807803 0.024363 
1784 43.419815 0.000000 8.164208 98.762290 0.000000 0.817351 0.024534 
1785 43.183320 0.000000 8.385909 98.788332 0.000000 0.837119 0.024016 
1786 43.065072 0.000000 7.831658 98.566175 0.000000 0.724308 0.028418 
1787 43.065072 0.000000 7.720807 98.511637 0.000000 0.709303 0.029495 
1788 43.183320 0.000000 7.831658 98.607258 0.000000 0.729353 0.027608 
1789 43.065072 0.000000 7.942508 98.659971 0.000000 0.744534 0.026566 
1790 42.887700 0.000000 7.776233 98.479762 0.000000 0.682781 0.030127 
1791 42.828576 0.000000 7.776233 98.477362 0.000000 0.684832 0.030174 
1792 42.887700 0.000000 7.720807 98.464375 0.000000 0.681394 0.030430 
1793 42.946824 0.000000 7.776233 98.505535 0.000000 0.696188 0.029617 
1794 42.887700 0.000000 7.831658 98.518310 0.000000 0.698727 0.029365 
1795 45.311782 0.000000 9.272710 99.006890 1.871133 1.319720 0.019239 
1796 46.257765 0.000000 9.272710 99.028465 -0.181314 1.519624 0.019102 
1797 45.311782 0.000000 10.159511 99.133180 0.880571 1.446746 0.016974 
1798 43.892807 0.000000 8.829309 98.719174 0.000000 0.897351 0.025372 
1799 44.365799 0.000000 8.829309 98.851282 -0.225348 1.091571 0.022718 
1800 43.892807 0.000000 9.272710 98.943074 0.000000 1.000199 0.020927 
1801 43.183320 0.000000 8.607609 98.802003 0.000000 0.863585 0.023742 
1802 42.946824 0.000000 8.607609 98.814296 0.000000 0.858687 0.023500 
1803 43.419815 0.000000 8.607609 98.786991 0.000000 0.874909 0.024036 
1804 43.183320 0.000000 8.829309 98.763665 0.000000 0.909732 0.024491 
1805 42.710328 0.000000 8.607609 98.822307 0.000000 0.819615 0.023348 
1806 42.473832 0.000000 8.607609 98.801972 -0.000000 0.778252 0.023756 
1807 42.710328 0.000000 8.829309 98.901016 -0.000000 0.851420 0.021786 
1808 43.065072 0.000000 8.496759 98.774087 0.000000 0.841545 0.024297 
1809 42.946824 0.000000 8.496759 98.796993 0.000000 0.872969 0.023839 
1810 43.065072 0.000000 8.385909 98.782910 0.000000 0.837450 0.024124 
1811 43.183320 0.000000 8.496759 98.772736 0.000000 0.841910 0.024324 
1812 43.065072 0.000000 8.607609 98.802907 0.000000 0.863559 0.023724 
1813 43.065072 0.000000 8.275058 98.786719 0.000000 0.815583 0.024052 
1814 42.946824 0.000000 8.275058 98.794003 0.000000 0.810153 0.023909 
1815 43.065072 0.000000 8.164208 98.782101 0.000000 0.791517 0.024147 
1816 43.183320 0.000000 8.275058 98.786567 0.000000 0.823793 0.024054 
1817 43.656311 0.000000 8.607609 98.755946 0.000000 0.907361 0.024644 
1818 43.656311 0.000000 8.385909 98.737555 0.000000 0.855425 0.025016 
1819 43.892807 0.000000 8.607609 98.719296 0.000000 0.897551 0.025369 
1820 43.656311 0.000000 8.829309 98.794224 0.000000 0.921809 0.023885 
1821 43.301568 0.000000 8.496759 98.792532 0.000000 0.859057 0.023930 
1822 43.301568 0.000000 8.385909 98.794595 0.000000 0.847766 0.023891 
1823 43.419815 0.000000 8.496759 98.793239 0.000000 0.867306 0.023914 
1824 43.301568 0.000000 8.607609 98.786502 0.000000 0.870172 0.024047 
1825 43.124196 0.000000 8.441334 98.768489 0.000000 0.839369 0.024408 
1826 43.065072 0.000000 8.441334 98.777954 0.000000 0.840629 0.024221 
1827 43.124196 0.000000 8.385909 98.773167 0.000000 0.830407 0.024317 
1828 43.183320 0.000000 8.441334 98.770685 0.000000 0.835502 0.024365 
1829 43.124196 0.000000 8.496759 98.760518 0.000000 0.832603 0.024567 
1830 43.656311 0.000000 8.164208 98.786949 0.000000 0.777427 0.024053 
1831 43.656311 0.000000 7.942508 98.787021 0.000000 0.777513 0.024052 
1832 43.892807 0.000000 8.164208 98.636163 -0.296363 0.942910 0.026993 
1833 43.301568 0.000000 8.275058 98.774857 0.000000 0.831964 0.024284 
1834 43.301568 0.000000 8.164208 98.776155 0.000000 0.824075 0.024259 
1835 43.419815 0.000000 8.275058 98.773226 0.000000 0.838337 0.024315 
1836 43.242444 0.000000 8.441334 98.795313 0.000000 0.851972 0.023876 
1837 43.242444 0.000000 8.385909 98.795539 0.000000 0.845529 0.023873 
1838 43.301568 0.000000 8.441334 98.793910 0.000000 0.853373 0.023904 
1839 43.242444 0.000000 8.496759 98.794401 0.000000 0.858437 0.023893 
1840 43.183320 0.000000 9.051010 98.890926 0.000000 0.936325 0.021971 
1841 42.946824 0.000000 9.051010 98.930511 0.000000 0.915915 0.021192 
1842 43.419815 0.000000 9.051010 98.871551 0.000000 0.952377 0.022351 
1843 43.183320 0.000000 9.272710 98.925513 0.000000 0.984398 0.021277 
1844 43.065072 0.000000 8.718459 98.815078 0.000000 0.878915 0.023481 
1845 42.946824 0.000000 8.718459 98.830297 0.000000 0.868135 0.023182 
1846 43.183320 0.000000 8.718459 98.790539 0.000000 0.878223 0.023966 
1847 43.065072 0.000000 8.829309 98.830186 0.000000 0.905572 0.023177 
1848 43.124196 0.000000 8.552184 98.776129 0.000000 0.838290 0.024257 
1849 43.065072 0.000000 8.552184 98.782621 0.000000 0.848261 0.024127 
1850 43.183320 0.000000 8.552184 98.776182 0.000000 0.849044 0.024254 
1851 43.124196 0.000000 8.607609 98.807771 0.000000 0.863190 0.023628 
1852 43.153758 0.000000 8.469046 98.764978 0.000000 0.833877 0.024478 
1853 43.124196 0.000000 8.469046 98.764155 0.000000 0.833732 0.024495 
1854 43.153758 0.000000 8.441334 98.767961 0.000000 0.833543 0.024420 
1855 43.183320 0.000000 8.469046 98.769414 0.000000 0.836879 0.024390 
1856 43.153758 0.000000 8.496759 98.764492 0.000000 0.835247 0.024488 
1857 50.041697 0.000000 8.385909 99.186710 -0.279318 1.976466 0.015801 
1858 50.041697 0.000000 6.612306 99.034203 -0.003696 2.141281 0.018764 
1859 51.933663 0.000000 8.385909 99.332612 -0.157415 2.064525 0.012875 
1860 50.041697 0.000000 10.159511 99.312049 1.685098 2.016699 0.013021 
1861 47.203748 0.000000 9.272710 99.050348 -0.208243 1.694764 0.018611 
1862 47.203748 0.000000 8.385909 98.924456 -0.577085 1.675361 0.021081 
1863 48.149731 0.000000 9.272710 99.117276 -0.195907 1.811656 0.017245 
1864 47.203748 0.000000 10.159511 99.169809 1.058209 1.735810 0.016122 
1865 47.203748 0.000000 7.499107 98.795208 -0.316116 1.715616 0.023646 
1866 47.203748 0.000000 6.612306 98.650465 -0.060110 1.798493 0.026485 
1867 48.149731 0.000000 7.499107 98.886877 -0.242291 1.892384 0.021775 
1868 46.730756 0.000000 8.829309 98.979159 -0.252072 1.573572 0.020059 
1869 46.257765 0.000000 8.829309 98.947832 -0.148863 1.518987 0.020700 
1870 46.730756 0.000000 8.385909 98.907748 -0.604468 1.546299 0.021450 
1871 47.203748 0.000000 8.829309 98.994327 -0.192893 1.677905 0.019727 
1872 46.730756 0.000000 9.272710 99.050936 -0.286541 1.577195 0.018634 
1873 55.717596 0.000000 13.706717 99.587312 0.231332 2.528354 0.007592 
1874 55.717596 0.000000 17.253923 99.680714 0.150261 2.748041 0.005618 
1875 50.041697 0.000000 11.933114 99.464873 0.220099 2.041763 0.010252 
1876 51.933663 0.000000 11.933114 99.462893 0.349427 2.239301 0.010200 
1877 50.041697 0.000000 13.706717 99.485794 0.261595 2.289512 0.009727 
1878 49.095714 0.000000 9.272710 99.212238 -2.989373 1.288508 0.014634 
1879 49.095714 0.000000 8.385909 99.129197 -0.562812 1.894525 0.016950 
1880 50.041697 0.000000 9.272710 99.213444 -1.638566 1.690233 0.015115 
1881 49.095714 0.000000 10.159511 99.228257 1.533146 1.980898 0.014748 
1882 47.676739 0.000000 8.829309 99.024108 -0.154446 1.756237 0.019112 
1883 47.676739 0.000000 8.385909 98.960346 -0.526211 1.757204 0.020349 
1884 48.149731 0.000000 8.829309 99.063133 -0.140103 1.813005 0.018319 
1885 47.676739 0.000000 9.272710 99.083748 -0.202491 1.755261 0.017929 
1886 47.203748 0.000000 11.046313 99.302028 0.304799 1.761143 0.013591 
1887 46.257765 0.000000 11.046313 99.254954 0.247600 1.677503 0.014558 
1888 48.149731 0.000000 11.046313 99.303414 0.308874 1.880154 0.013520 
1889 47.203748 0.000000 11.933114 99.368714 0.208289 1.884211 0.012227 
1890 46.730756 0.000000 9.716111 99.095264 -0.507771 1.627702 0.017722 
1891 46.257765 0.000000 9.716111 99.101089 -0.555445 1.494657 0.017643 
1892 47.203748 0.000000 9.716111 99.113191 -0.457496 1.710032 0.017344 
1893 46.730756 0.000000 10.159511 99.148025 1.025484 1.670670 0.016583 
1894 46.967252 0.000000 9.051010 99.008985 -0.518736 1.645863 0.019424 
1895 46.730756 0.000000 9.051010 99.014873 -0.574264 1.576526 0.019324 
1896 46.967252 0.000000 8.829309 98.974874 -0.200775 1.644414 0.020123 
1897 47.203748 0.000000 9.051010 99.026767 -0.507963 1.678576 0.019062 
1898 46.967252 0.000000 9.272710 99.043237 -0.238670 1.646085 0.018767 
1899 47.676739 0.000000 9.716111 99.141312 -0.431668 1.765686 0.016770 
1900 48.149731 0.000000 9.716111 99.169800 -0.406238 1.817790 0.016188 
1901 47.676739 0.000000 10.159511 99.192870 1.107785 1.793002 0.015633 
1902 47.440244 0.000000 9.051010 99.035703 -0.472676 1.725998 0.018873 
1903 47.440244 0.000000 8.829309 99.004528 -0.161232 1.726195 0.019510 
1904 47.676739 0.000000 9.051010 99.053385 -0.460788 1.754355 0.018514 
1905 47.440244 0.000000 9.272710 99.067021 -0.205479 1.725655 0.018271 
1906 46.967252 0.000000 9.494410 99.067256 -0.005953 1.666723 0.018290 
1907 46.730756 0.000000 9.494410 99.061945 -0.044844 1.616141 0.018412 
1908 47.203748 0.000000 9.494410 99.082505 0.003277 1.699323 0.017977 
1909 46.967252 0.000000 9.716111 99.099269 -0.466479 1.677675 0.017630 
1910 47.085500 0.000000 9.161860 99.033761 -0.973804 1.663375 0.018860 
1911 46.967252 0.000000 9.161860 99.025264 -0.991391 1.648370 0.019030 
1912 47.085500 0.000000 9.051010 99.017823 -0.513311 1.662224 0.019244 
1913 47.203748 0.000000 9.161860 99.033183 -0.930549 1.694766 0.018869 
1914 47.085500 0.000000 9.272710 99.051305 -0.236797 1.662377 0.018602 
1915 47.440244 0.000000 9.494410 99.097705 0.013019 1.727235 0.017666 
1916 47.676739 0.000000 9.494410 99.113626 0.025445 1.754320 0.017341 
1917 47.440244 0.000000 9.716111 99.127177 -0.445678 1.737617 0.017058 
1918 47.321996 0.000000 9.161860 99.041936 -0.914634 1.709395 0.018694 
1919 47.321996 0.000000 9.051010 99.026637 -0.477435 1.710751 0.019057 
1920 47.440244 0.000000 9.161860 99.050672 -0.899222 1.723629 0.018518 
1921 47.321996 0.000000 9.272710 99.058686 -0.206883 1.710455 0.018441 
1922 47.085500 0.000000 9.383560 99.059158 0.373512 1.680732 0.018432 
1923 46.967252 0.000000 9.383560 99.060673 0.333736 1.649343 0.018415 
1924 47.203748 0.000000 9.383560 99.067286 0.385383 1.697451 0.018264 
1925 47.085500 0.000000 9.494410 99.074819 -0.001390 1.682551 0.018135 
1926 47.144624 0.000000 9.217285 99.035491 -1.919664 1.690595 0.018543 
1927 47.085500 0.000000 9.217285 99.040434 -1.985937 1.669670 0.018426 
1928 47.144624 0.000000 9.161860 99.038044 -0.965203 1.670989 0.018774 
1929 47.203748 0.000000 9.217285 99.039896 -1.882051 1.695325 0.018468 
1930 47.144624 0.000000 9.272710 99.046161 -0.208908 1.686793 0.018697 
1931 -159.966548 0.000000 -167.200773 99.937425 -0.000897 3.489548 0.000033 
1932 -220.509466 0.000000 -167.200773 99.938009 -0.000595 3.489929 0.000021 
1933 -159.966548 0.000000 -223.956064 99.937859 -0.000940 3.489522 0.000025 
1934 203.290957 0.000000 -167.200773 99.937652 -0.006502 3.481200 0.000035 
1935 203.290957 0.000000 -223.956064 99.937962 -0.004602 3.485181 0.000026 
1936 263.833875 0.000000 -167.200773 99.938266 -0.006825 3.481036 0.000023 
1937 -38.880713 0.000000 173.330973 99.943731 0.001948 3.489383 -0.000093 
1938 -99.423631 0.000000 173.330973 99.941459 0.001215 3.490815 -0.000048 
1939 -38.880713 0.000000 230.086264 99.941900 0.001853 3.489033 -0.000056 
1940 -159.966548 0.000000 173.330973 99.940183 0.000806 3.490853 -0.000023 
1941 -220.509466 0.000000 173.330973 99.939620 0.000565 3.490637 -0.000011 
1942 -159.966548 0.000000 230.086264 99.940212 0.000914 3.490338 -0.000023 
1943 -69.152172 0.000000 -82.067836 99.931272 -0.002264 3.485294 0.000159 
1944 -99.423631 0.000000 -82.067836 99.933573 -0.001448 3.488273 0.000111 
1945 -69.152172 0.000000 -110.445482 99.933959 -0.001995 3.486316 0.000105 
1946 203.290957 0.000000 173.330973 99.940439 0.007245 3.479268 -0.000020 
1947 263.833875 0.000000 173.330973 99.939916 0.007850 3.479248 -0.000009 
1948 203.290957 0.000000 230.086264 99.940334 0.005031 3.484062 -0.000021 
1949 112.476581 0.000000 -82.067836 99.932168 -0.012923 3.456918 0.000161 
1950 112.476581 0.000000 -110.445482 99.934262 -0.009077 3.472209 0.000109 
1951 142.748040 0.000000 -82.067836 99.934697 -0.013473 3.455390 0.000112 
1952 -8.609254 0.000000 88.198036 99.952300 0.024123 3.488854 -0.000263 
1953 -38.880713 0.000000 88.198036 99.948376 0.001047 3.497412 -0.000191 
1954 -8.609254 0.000000 116.575682 99.951786 0.002566 3.487989 -0.000253 
1955 -69.152172 0.000000 88.198036 99.942306 0.000766 3.496213 -0.000069 
1956 -99.423631 0.000000 88.198036 99.940084 0.000605 3.494179 -0.000023 
1957 -69.152172 0.000000 116.575682 99.943303 0.001255 3.493138 -0.000087 
1958 -23.744984 0.000000 -39.501368 99.940472 -0.002597 3.373943 0.000052 
1959 -38.880713 0.000000 -39.501368 99.916831 0.010078 3.433008 0.000484 
1960 -23.744984 0.000000 -53.690191 99.944580 -0.000195 3.426409 -0.000066 
1961 112.476581 0.000000 88.198036 99.943121 0.013551 3.447258 -0.000051 
1962 142.748040 0.000000 88.198036 99.941144 0.015322 3.448618 -0.000013 
1963 112.476581 0.000000 116.575682 99.943719 0.009338 3.465797 -0.000076 
1964 67.069393 0.000000 -39.501368 100.040459 -0.225069 3.527423 -0.002059 
1965 67.069393 0.000000 -53.690191 99.974708 -0.067190 3.482074 -0.000707 
1966 82.205122 0.000000 -39.501368 99.949484 -0.067829 3.431089 -0.000168 
1967 6.526475 0.000000 45.631568 99.944913 0.297088 3.484313 -0.000121 
1968 -8.609254 0.000000 45.631568 99.946168 0.109139 3.523375 -0.000166 
1969 6.526475 0.000000 59.820391 99.922507 0.047598 3.472452 0.000343 
1970 -23.744984 0.000000 45.631568 99.896684 0.041162 3.496370 0.000843 
1971 -38.880713 0.000000 45.631568 99.914467 0.022121 3.501061 0.000484 
1972 -23.744984 0.000000 59.820391 99.929560 0.021396 3.498952 0.000184 
1973 -16.177119 0.000000 -18.218134 99.660727 0.125814 3.324898 0.005667 
1974 -23.744984 0.000000 -18.218134 99.759138 0.071086 3.422678 0.003639 
1975 -16.177119 0.000000 -25.312545 99.783363 -0.022578 3.328288 0.003220 
1976 14.094340 0.000000 24.348334 100.381640 0.093164 3.491858 -0.008868 
1977 6.526475 0.000000 24.348334 100.358546 0.046323 3.739651 -0.008582 
1978 14.094340 0.000000 31.442745 100.430188 0.323146 3.502582 -0.009860 
1979 -1.041390 0.000000 24.348334 100.296153 -0.026299 3.895083 -0.007449 
1980 -8.609254 0.000000 24.348334 100.008579 0.320936 3.804875 -0.001630 
1981 -1.041390 0.000000 31.442745 100.148942 0.330519 3.684433 -0.004349 
1982 -16.177119 0.000000 10.159511 99.729029 0.106187 3.997518 0.003813 
1983 -23.744984 0.000000 10.159511 99.751363 0.321135 3.615774 0.003649 
1984 -16.177119 0.000000 17.253923 99.781561 0.372199 3.755017 0.002940 
1985 -16.177119 0.000000 24.348334 99.901715 0.348520 3.695775 0.000587 
1986 -23.744984 0.000000 24.348334 99.834197 0.277349 3.539571 0.002053 
1987 -16.177119 0.000000 31.442745 99.881715 0.389227 3.570416 0.001074 
1988 -4.825322 0.000000 6.612306 98.353832 0.172625 4.163505 0.030916 
1989 -8.609254 0.000000 6.612306 99.160167 0.041204 4.107945 0.015038 
1990 -4.825322 0.000000 10.159511 99.276354 0.165197 4.323314 0.012549 
1991 -2.933356 0.000000 1.291497 95.658539 0.323607 5.025367 0.082408 
1992 -4.825322 0.000000 1.291497 97.150462 0.002489 3.921141 0.054641 
1993 -2.933356 0.000000 3.065100 96.816031 0.268689 5.181358 0.059974 
1994 -2.933356 0.000000 -5.802914 97.543052 0.002484 1.226727 0.048385 
1995 -4.825322 0.000000 -5.802914 97.915738 0.099912 2.268297 0.040735 
1996 -2.933356 0.000000 -7.576517 98.236884 0.134077 1.599820 0.034694 
1997 4.634509 0.000000 4.838703 97.232814 -0.024700 10.921027 0.042651 
1998 2.742543 0.000000 4.838703 96.812104 -0.015659 8.730864 0.055119 
1999 4.634509 0.000000 6.612306 98.524720 0.132463 8.511408 0.022042 
2000 1.796560 0.000000 0.404696 89.707202 -0.099567 28.243502 0.115491 
2001 0.850577 0.000000 0.404696 89.946988 0.118876 15.146863 0.168010 
2002 1.796560 0.000000 1.291497 92.159426 0.135045 13.666245 0.131986 
2003 3.688526 0.000000 -3.142510 97.817815 -0.009251 2.961272 0.042291 
2004 3.688526 0.000000 -4.029311 96.051245 -0.075532 -3.354761 0.076290 
2005 3.688526 0.000000 -2.255709 97.902935 -0.009434 2.538417 0.040857 
2006 5.580492 0.000000 -1.368907 -9.318352 -0.135533 -0.321178 0.991305 
2007 4.634509 0.000000 -1.368907 -6.682684 -0.006537 -0.277978 0.995526 
2008 6.526475 0.000000 -1.368907 -10.998032 -0.283156 -0.580031 0.987863 
2009 3.688526 0.000000 -1.368907 -3.648986 0.033749 0.805760 0.998603 
2010 5.580492 0.000000 2.178299 89.079639 -0.479432 23.036361 0.153391 
2011 4.634509 0.000000 2.178299 90.878379 -0.054885 18.416532 0.140195 
2012 5.580492 0.000000 3.065100 93.366228 -0.373657 18.239772 0.094992 
2013 3.688526 0.000000 2.178299 92.295067 0.014586 15.174252 0.125136 
2014 2.742543 0.000000 2.178299 93.224233 0.068380 13.042102 0.113914 
2015 3.688526 0.000000 3.065100 94.316604 0.072725 12.887067 0.093830 
2016 7.472458 0.000000 -1.368907 -11.612405 0.077631 -0.535041 0.986486 
2017 8.418441 0.000000 -1.368907 -11.935890 0.044049 -0.567149 0.985721 
2018 7.472458 0.000000 -0.482106 -11.540246 0.208430 -0.806288 0.986613 
2019 7.472458 0.000000 0.404696 -11.059537 0.183220 -1.290011 0.987599 
2020 8.418441 0.000000 0.404696 -11.375593 0.115554 -0.715669 0.987007 
2021 9.364424 0.000000 0.404696 -11.785889 -0.015679 -0.083237 0.986109 
2022 9.364424 0.000000 -0.482106 -12.052566 0.163523 -0.434669 0.985452 
2023 10.310407 0.000000 0.404696 -11.845213 -0.119393 0.357113 0.985955 
2024 11.256390 0.000000 -1.368907 -12.772110 -0.143775 0.803181 0.983621 
2025 10.310407 0.000000 -1.368907 -12.690259 -0.163306 0.110584 0.983892 
2026 11.256390 0.000000 -0.482106 -12.132597 -0.274893 0.799401 0.985209 
2027 11.256390 0.000000 0.404696 -11.627089 -0.331059 0.736243 0.986416 
2028 12.202374 0.000000 0.404696 -11.145322 -0.462113 1.375686 0.987368 
2029 13.148357 0.000000 0.404696 -10.250381 -0.111686 1.474404 0.989274 
2030 14.094340 0.000000 0.404696 -9.387664 -0.030107 1.562218 0.990943 
2031 13.148357 0.000000 1.291497 -10.029530 -0.657984 1.043872 0.989789 
2032 13.148357 0.000000 2.178299 106.624760 -0.669909 1.473371 -0.137146 
2033 13.148357 0.000000 3.065100 106.605073 -0.675430 1.356646 -0.136694 
2034 11.256390 0.000000 -4.916113 98.198330 -0.400973 2.463449 0.035086 
2035 10.310407 0.000000 -4.916113 99.349621 -0.563491 3.434862 0.011754 
2036 11.256390 0.000000 -5.802914 98.877369 -0.477482 1.906866 0.021940 
2037 25.446137 0.000000 13.706717 101.004261 0.048558 2.111599 -0.020632 
2038 21.662204 0.000000 13.706717 101.333359 0.140716 2.675255 -0.027563 
2039 25.446137 0.000000 17.253923 100.823443 0.035463 2.572497 -0.017199 
2040 15.040323 0.000000 0.404696 -8.653633 0.008778 1.436504 0.992305 
2041 15.986306 0.000000 0.404696 -8.558558 0.090882 1.315555 0.992501 
2042 16.932289 0.000000 2.178299 105.752227 0.132303 0.915113 -0.118439 
2043 16.932289 0.000000 1.291497 -8.790190 0.359495 0.843386 0.992189 
2044 16.932289 0.000000 3.065100 105.744287 0.136235 0.848118 -0.118259 
2045 20.716221 0.000000 2.178299 106.490601 0.052613 0.261659 -0.134032 
2046 20.716221 0.000000 1.291497 -9.956190 -0.145950 0.136249 0.990083 
2047 20.716221 0.000000 3.065100 106.450170 0.049157 0.170018 -0.133167 
2048 27.338103 0.000000 8.385909 101.677860 -0.234936 0.161338 -0.033847 
2049 25.446137 0.000000 8.385909 101.982973 -0.156944 0.719284 -0.040107 
2050 27.338103 0.000000 10.159511 101.059402 0.086542 1.066552 -0.021415 
2051 23.554171 0.000000 8.385909 102.159960 0.157214 1.339499 -0.043848 
2052 21.662204 0.000000 8.385909 101.862866 -0.210935 2.013434 -0.038014 
2053 23.554171 0.000000 10.159511 101.978268 -0.006106 1.573661 -0.040204 
2054 24.500154 0.000000 2.178299 107.769166 -0.000664 -2.990133 -0.162313 
2055 24.500154 0.000000 1.291497 -13.656439 0.113614 -1.506879 0.981122 
2056 24.500154 0.000000 3.065100 107.815363 -0.004991 -2.782984 -0.163190 
2057 24.500154 0.000000 3.951901 107.867506 -0.025610 -2.395222 -0.164114 
2058 23.554171 0.000000 3.951901 107.835319 -0.074686 -1.392744 -0.163040 
2059 24.500154 0.000000 4.838703 104.046134 0.214122 -0.619386 -0.082603 
2060 97.340851 0.000000 -39.501368 99.930229 -0.051494 3.385674 0.000248 
2061 97.340851 0.000000 -53.690191 99.934946 -0.043691 3.434401 0.000121 
2062 112.476581 0.000000 -39.501368 99.931525 -0.041679 3.374475 0.000230 
2063 59.501528 0.000000 -18.218134 99.809164 -0.085495 3.330413 0.002703 
2064 59.501528 0.000000 -25.312545 99.910497 -0.033776 3.473874 0.000582 
2065 67.069393 0.000000 -18.218134 99.862293 -0.079945 3.293577 0.001667 
2066 74.637257 0.000000 -18.218134 99.951592 -0.197745 3.352490 -0.000160 
2067 74.637257 0.000000 -25.312545 99.978171 -0.195543 3.435448 -0.000748 
2068 82.205122 0.000000 -18.218134 99.944453 -0.143900 3.296677 0.000022 
2069 48.149731 0.000000 -7.576517 99.004834 -0.340037 3.494497 0.018572 
2070 48.149731 0.000000 -11.123723 99.324507 -0.450683 3.566163 0.012172 
2071 51.933663 0.000000 -7.576517 99.271395 -0.281245 3.276266 0.013438 
2072 28.284086 0.000000 -1.368907 96.991817 -0.375850 17.464371 0.028744 
2073 29.230069 0.000000 -1.368907 98.678588 -0.427884 11.451620 0.013121 
2074 22.608188 0.000000 -1.368907 -10.813096 -0.272782 -2.038718 0.987885 
2075 21.662204 0.000000 -1.368907 -10.182957 -0.077876 -0.925090 0.989545 
2076 22.608188 0.000000 -0.482106 -10.980914 -0.257347 -1.918204 0.987567 
2077 31.122035 0.000000 -5.802914 99.228106 0.088787 8.166445 0.008708 
2078 31.122035 0.000000 -7.576517 99.367407 0.005734 6.402893 0.008512 
2079 33.014001 0.000000 -5.802914 98.916585 -0.096975 8.121448 0.014954 
2080 28.284086 0.000000 -4.916113 98.454945 -0.455771 10.021634 0.020598 
2081 28.284086 0.000000 -5.802914 99.396962 -0.407094 8.854331 0.004168 
2082 29.230069 0.000000 -4.916113 98.766168 -0.349902 9.358269 0.015754 
2083 26.865111 0.000000 -3.585911 94.087994 0.078034 22.444816 0.064367 
2084 26.865111 0.000000 -4.029311 95.147775 -0.646212 16.334826 0.067966 
2085 27.338103 0.000000 -3.585911 94.079508 0.078124 22.441984 0.064540 
2086 24.500154 0.000000 -4.916113 105.574155 -0.109608 12.565659 -0.130381 
2087 24.500154 0.000000 -5.802914 103.691941 -0.247142 10.017434 -0.085243 
2088 24.973145 0.000000 -3.585911 114.499957 0.014075 22.253769 -0.360547 
2089 24.500154 0.000000 -3.585911 112.927679 -0.063653 14.992749 -0.297745 
2090 24.973145 0.000000 -4.029311 109.128454 -0.110885 18.595546 -0.225483 
2091 26.392120 0.000000 0.404696 -17.765701 0.238765 -2.617086 0.967747 
2092 25.446137 0.000000 0.404696 -15.390040 0.233728 -2.601364 0.975632 
2093 26.865111 0.000000 -1.812308 93.155039 0.021455 21.165806 0.087415 
2094 27.338103 0.000000 -1.812308 94.566942 -0.140411 19.902423 0.066097 
2095 26.865111 0.000000 -1.368907 92.438327 0.077208 21.201287 0.100566 
2096 25.682633 0.000000 -2.920810 89.771815 0.057262 52.038246 -0.076696 
2097 25.446137 0.000000 -2.920810 98.922743 0.042472 49.928634 -0.227858 
2098 25.682633 0.000000 -3.142510 95.656445 0.051198 49.022249 -0.155334 
2099 24.973145 0.000000 -1.812308 -14.089337 0.077029 -4.360264 0.978247 
2100 24.500154 0.000000 -1.812308 -12.892703 -0.033846 -3.605046 0.982078 
2101 24.973145 0.000000 -1.368907 -14.305610 0.090940 -3.889344 0.978021 
2102 97.340851 0.000000 45.631568 99.922538 0.038384 3.360029 0.000420 
2103 112.476581 0.000000 45.631568 99.930949 0.036361 3.358832 0.000252 
2104 97.340851 0.000000 59.820391 99.937407 0.033615 3.397508 0.000097 
2105 30.176052 0.000000 0.404696 -26.783040 -0.030323 -0.138283 0.928265 
2106 30.176052 0.000000 -0.482106 102.872941 -0.074030 17.220844 -0.087940 
2107 28.284086 0.000000 5.725504 101.803099 -0.331178 -0.785645 -0.036460 
2108 27.338103 0.000000 5.725504 101.950093 -0.384049 -0.957076 -0.039488 
2109 28.284086 0.000000 6.612306 101.729233 -0.343135 -0.523301 -0.034923 
2110 26.392120 0.000000 5.725504 102.415576 -0.204833 -0.792761 -0.048962 
2111 25.446137 0.000000 5.725504 102.877120 0.019346 -0.581687 -0.058404 
2112 26.392120 0.000000 6.612306 102.213855 -0.433884 -0.295864 -0.044795 
2113 32.068018 0.000000 5.725504 100.196252 0.004213 -1.704146 -0.004219 
2114 33.014001 0.000000 5.725504 99.822626 0.062581 -1.618706 0.003282 
2115 32.068018 0.000000 6.612306 100.270105 0.018961 -0.907505 -0.005492 
2116 29.703061 0.000000 1.734898 99.417294 -0.251951 -1.838762 0.011276 
2117 29.703061 0.000000 1.291497 -27.968337 -0.123649 0.620208 0.921737 
2118 30.176052 0.000000 1.734898 99.802289 -0.255485 -2.306561 0.003412 
2119 30.649044 0.000000 1.734898 101.801345 -0.227592 -1.776017 -0.036672 
2120 30.649044 0.000000 1.291497 100.331665 -0.259938 -2.921056 -0.007504 
2121 31.122035 0.000000 1.734898 101.728621 -0.228898 -1.819314 -0.035207 
2122 28.757078 0.000000 4.395302 102.546224 -0.398502 -0.027128 -0.051589 
2123 28.284086 0.000000 4.395302 102.018062 -0.143872 -0.306554 -0.040780 
2124 28.757078 0.000000 4.838703 102.099597 -0.382228 -0.676178 -0.042493 
2125 27.811094 0.000000 4.395302 102.155130 -0.183100 -0.794367 -0.043634 
2126 27.338103 0.000000 4.395302 102.097689 -0.313431 -1.219286 -0.042552 
2127 27.811094 0.000000 4.838703 102.045851 -0.157703 -0.919474 -0.041423 
2128 28.993573 0.000000 2.399999 103.519396 -0.102596 6.458218 -0.075798 
2129 28.993573 0.000000 2.178299 104.463904 -0.137460 8.237176 -0.098058 
2130 29.230069 0.000000 2.399999 100.626459 -0.112685 -1.758113 -0.012879 
2131 26.865111 0.000000 1.734898 106.051058 0.060001 -5.509019 -0.127718 
2132 26.392120 0.000000 1.734898 105.811826 0.070008 -5.122071 -0.122238 
2133 26.865111 0.000000 1.291497 -18.114114 -0.048879 -0.501021 0.967163 
2134 28.638830 0.000000 2.732549 104.302818 -0.099753 28.781406 -0.170746 
2135 28.638830 0.000000 2.621699 106.613936 -0.087757 31.955904 -0.238772 
2136 28.757078 0.000000 2.732549 106.217170 -0.100166 36.702912 -0.262920 
2137 29.466565 0.000000 2.843400 96.411918 -0.076834 -6.225888 0.066597 
2138 29.466565 0.000000 2.621699 98.200077 -0.090742 -2.267412 0.035160 
2139 29.703061 0.000000 2.843400 94.974030 -0.061128 -0.661135 0.097949 
2140 26.865111 0.000000 4.395302 102.207353 -0.429756 -2.002123 -0.045054 
2141 26.392120 0.000000 4.395302 103.034585 -0.245510 -2.226196 -0.062114 
2142 26.865111 0.000000 4.838703 102.607282 -0.397721 -1.625315 -0.053105 
2143 28.165838 0.000000 2.732549 95.116094 -0.090028 11.811846 0.081340 
2144 28.165838 0.000000 2.621699 97.543288 -0.096888 11.751060 0.034721 
2145 27.988466 0.000000 2.787975 91.766012 -0.090369 -2.348795 0.157347 
2146 27.988466 0.000000 2.732549 93.360243 -0.088978 -0.987444 0.128288 
2147 28.047590 0.000000 2.787975 91.924638 -0.087787 1.620448 0.154723 
2148 38.689900 0.000000 -2.255709 95.049916 -0.085736 10.894025 0.084683 
2149 38.689900 0.000000 -4.029311 96.797591 -0.092117 7.681465 0.057121 
2150 31.595027 0.000000 1.734898 102.454802 -0.228776 -2.488033 -0.050323 
2151 31.595027 0.000000 1.291497 101.439176 -0.226824 -2.405818 -0.029575 
2152 33.959985 0.000000 5.725504 99.389882 0.000000 -1.271996 0.012003 
2153 34.905968 0.000000 5.725504 99.472707 0.000000 -1.228698 0.010367 
2154 33.959985 0.000000 6.612306 99.863015 0.001230 -0.990753 0.002640 
2155 33.486993 0.000000 1.734898 106.373714 -0.177919 -2.719393 -0.132279 
2156 33.486993 0.000000 1.291497 106.199425 -0.097837 4.620968 -0.129968 
2157 31.595027 0.000000 4.395302 101.076450 -0.016402 -6.388695 -0.025726 
2158 32.068018 0.000000 4.395302 100.439805 -0.023606 -4.298753 -0.010663 
2159 31.595027 0.000000 4.838703 100.695889 -0.000000 -3.576095 -0.015245 
2160 32.777506 0.000000 2.399999 99.901754 -0.136431 -15.191026 -0.021115 
2161 32.777506 0.000000 2.178299 106.165092 -0.190141 -6.722230 -0.131625 
2162 33.014001 0.000000 2.399999 97.620357 -0.126705 -13.949864 0.027565 
2163 31.831523 0.000000 2.399999 98.743343 -0.207219 5.681058 0.021743 
2164 31.595027 0.000000 2.399999 96.745470 -0.211238 -3.344406 0.062908 
2165 31.831523 0.000000 2.178299 102.727607 -0.230564 -2.339795 -0.055849 
2166 33.486993 0.000000 3.508501 99.090776 -0.043686 -7.089594 0.013075 
2167 33.959985 0.000000 3.508501 100.209994 -0.050733 0.931184 -0.004291 
2168 33.486993 0.000000 3.951901 99.443155 -0.036241 -3.369803 0.009970 
2169 34.432976 0.000000 3.508501 106.752632 -0.067091 1.711381 -0.139906 
2170 34.432976 0.000000 3.951901 103.238934 -0.040892 -0.562637 -0.065860 
2171 32.777506 0.000000 3.286800 112.837821 -0.029808 -18.700676 -0.308209 
2172 33.014001 0.000000 3.286800 106.497773 -0.040263 -17.166495 -0.163647 
2173 32.777506 0.000000 3.508501 104.752726 -0.007497 -15.708189 -0.121988 
2174 32.186266 0.000000 2.954250 131.491337 -0.041144 16.679121 -0.756817 
2175 32.068018 0.000000 2.954250 111.786397 -0.052784 12.385313 -0.264960 
2176 32.186266 0.000000 3.065100 119.672802 -0.046657 -4.762492 -0.434426 
2177 31.831523 0.000000 3.286800 99.806274 -0.024523 -4.036514 0.002241 
2178 31.595027 0.000000 3.286800 96.465299 -0.031857 -7.681829 0.063543 
2179 31.831523 0.000000 3.508501 100.857059 -0.023900 -5.218558 -0.019938 
2180 37.743917 0.000000 0.404696 104.414094 0.116609 11.925490 -0.104453 
2181 37.743917 0.000000 -0.482106 100.714582 0.121384 23.841317 -0.071185 
2182 38.689900 0.000000 0.404696 100.871101 0.200377 18.431022 -0.051472 
2183 39.635883 0.000000 0.404696 103.140669 0.104845 15.452163 -0.087678 
2184 39.635883 0.000000 -0.482106 101.411074 0.191746 21.072979 -0.072831 
2185 39.635883 0.000000 1.291497 104.434009 0.085008 7.007167 -0.095557 
2186 39.635883 0.000000 2.178299 115.159983 0.349092 13.909637 -0.345542 
2187 36.324942 0.000000 1.734898 101.885234 0.074103 6.259088 -0.041978 
2188 36.324942 0.000000 1.291497 104.656856 -0.002710 10.456377 -0.106239 
2189 36.797934 0.000000 1.734898 104.002388 0.079844 9.336237 -0.090367 
2190 37.743917 0.000000 5.725504 98.741763 -0.000000 -1.015872 0.024903 
2191 36.797934 0.000000 5.725504 98.822984 -0.000000 -0.980607 0.023306 
2192 36.324942 0.000000 3.508501 100.179778 -0.032749 -4.819171 -0.005921 
2193 36.797934 0.000000 3.508501 103.681003 0.037018 -0.254020 -0.074982 
2194 36.324942 0.000000 3.951901 100.448871 -0.027210 -3.908954 -0.010526 
2195 35.142463 0.000000 2.843400 105.798471 -0.019226 -39.377475 -0.274390 
2196 34.905968 0.000000 2.843400 108.142531 -0.048483 -20.303526 -0.210704 
2197 35.142463 0.000000 3.065100 108.734154 -0.036950 -23.849838 -0.239193 
2198 55.717596 0.000000 -7.576517 99.572033 -0.125446 3.297357 0.007452 
2199 55.717596 0.000000 -11.123723 99.637599 -0.155068 3.246634 0.006178 
2200 59.501528 0.000000 -7.576517 99.653162 -0.136696 3.133617 0.005941 
2201 63.285460 0.000000 -7.576517 99.752585 -0.069088 3.120871 0.003968 
2202 63.285460 0.000000 -11.123723 99.797416 -0.051565 3.183121 0.003034 
2203 67.069393 0.000000 -7.576517 99.803270 -0.090994 3.127849 0.002952 
2204 46.257765 0.000000 -2.255709 97.821793 -0.346999 3.864841 0.041584 
2205 46.257765 0.000000 -4.029311 98.225435 -0.309326 3.782939 0.033736 
2206 48.149731 0.000000 -2.255709 98.366650 -0.343555 3.543218 0.031133 
2207 50.041697 0.000000 -2.255709 98.786368 -0.409778 3.444173 0.022922 
2208 50.041697 0.000000 -4.029311 98.900571 -0.388207 3.338975 0.020738 
2209 51.933663 0.000000 -2.255709 99.054695 -0.250560 3.425611 0.017637 
2210 50.041697 0.000000 4.838703 98.880399 -0.434033 2.334510 0.021703 
2211 51.933663 0.000000 4.838703 99.130699 -0.194364 2.379591 0.016740 
2212 41.054858 0.000000 2.621699 97.563867 0.121045 -10.526662 0.037047 
2213 40.581866 0.000000 2.621699 109.226355 0.084205 -11.346756 -0.205915 
2214 41.054858 0.000000 2.178299 101.225232 0.449699 -5.616847 -0.027830 
2215 42.946824 0.000000 2.621699 107.434007 0.007143 -15.062539 -0.176895 
2216 43.419815 0.000000 2.621699 93.704992 -2.606720 -0.091326 0.121257 
2217 42.946824 0.000000 3.065100 109.041346 0.192121 -13.621345 -0.207559 
2218 42.946824 0.000000 0.848096 100.861389 -0.148007 18.710119 -0.052311 
2219 42.946824 0.000000 0.404696 101.613260 -0.153991 23.252409 -0.086595 
2220 43.419815 0.000000 0.848096 92.336105 -1.425423 4.181385 0.145453 
2221 16.932289 0.000000 -1.368907 -7.546833 0.330318 1.286787 0.994128 
2222 17.878272 0.000000 -1.368907 -7.848761 0.305784 0.715635 0.993779 
2223 16.932289 0.000000 -0.482106 -8.089258 0.445149 1.184669 0.993296 
2224 16.932289 0.000000 -4.916113 101.282675 0.048481 -6.753773 -0.030380 
2225 16.932289 0.000000 -5.802914 101.806421 -0.187731 -4.259110 -0.038272 
2226 17.878272 0.000000 -4.916113 103.973237 0.164254 -7.073205 -0.086049 
2227 14.803827 0.000000 -3.364210 96.428146 -0.050067 -24.209801 0.011550 
2228 14.803827 0.000000 -3.585911 94.825756 -0.069307 -30.329053 0.008822 
2229 15.040323 0.000000 -3.364210 98.262917 0.017755 -21.611359 -0.012265 
2230 20.716221 0.000000 -1.368907 -9.517161 -0.146274 -0.648348 0.990898 
2231 19.770238 0.000000 -1.368907 -8.875509 -0.098624 -0.243654 0.992116 
2232 20.716221 0.000000 -0.482106 -9.575165 -0.158308 -0.456884 0.990808 
2233 18.824255 0.000000 -1.368907 -8.498213 0.175539 0.418706 0.992757 
2234 18.824255 0.000000 -0.482106 -8.736745 0.084619 0.551528 0.992336 
2235 20.716221 0.000000 -4.916113 111.745193 -0.418208 4.328461 -0.250590 
2236 19.770238 0.000000 -4.916113 111.410708 0.078122 -1.673091 -0.241515 
2237 20.716221 0.000000 -5.802914 107.430459 -0.117680 3.669751 -0.155478 
2238 18.824255 0.000000 -4.916113 107.995945 0.069610 -5.458704 -0.169293 
2239 18.824255 0.000000 -5.802914 105.566823 0.033937 -2.672634 -0.115150 
2240 39.635883 0.000000 7.499107 98.427376 -0.000000 0.147019 0.031203 
2241 40.108875 0.000000 6.168905 98.134474 -0.000000 -0.480985 0.036939 
2242 39.635883 0.000000 6.168905 98.218341 -0.000000 -0.601917 0.035280 
2243 40.108875 0.000000 6.612306 98.241131 -0.000000 -0.206255 0.034864 
2244 45.311782 0.000000 5.725504 98.070225 0.183003 1.347564 0.038038 
2245 45.311782 0.000000 4.838703 97.728670 -1.103307 1.437085 0.044582 
2246 46.257765 0.000000 5.725504 98.307402 0.256688 1.601501 0.033302 
2247 43.892807 0.000000 6.168905 97.943694 -0.434599 0.830958 0.040615 
2248 43.892807 0.000000 5.725504 97.733195 0.072861 0.779164 0.044761 
2249 44.365799 0.000000 6.168905 98.030618 -0.397089 1.000002 0.038884 
2250 41.291353 0.000000 5.060403 97.550042 0.000000 -1.317401 0.048225 
2251 41.054858 0.000000 5.060403 97.798387 -0.000000 -1.427201 0.043344 
2252 41.291353 0.000000 5.282104 97.772278 -0.000000 -0.840698 0.043987 
2253 41.291353 0.000000 5.503804 97.852655 -0.000000 -0.648391 0.042444 
2254 41.054858 0.000000 5.503804 97.878462 -0.000000 -0.727260 0.041928 
2255 41.291353 0.000000 5.725504 97.845633 -0.000000 -0.543566 0.042594 
2256 40.108875 0.000000 4.395302 99.500334 0.060891 -2.527742 0.009329 
2257 39.635883 0.000000 4.395302 100.277478 0.076302 -2.686724 -0.006280 
2258 40.108875 0.000000 3.951901 102.755632 0.110288 -4.234791 -0.057667 
2259 41.054858 0.000000 7.055706 98.275316 -0.000000 0.167416 0.034193 
2260 40.581866 0.000000 7.055706 98.303758 -0.000000 0.073362 0.033637 
2261 41.054858 0.000000 7.499107 98.387319 0.000000 0.295886 0.031985 
2262 41.054858 0.000000 7.942508 98.379072 0.000000 0.357421 0.032143 
2263 40.581866 0.000000 7.942508 98.365927 -0.000000 0.280236 0.032407 
2264 41.054858 0.000000 8.385909 98.450363 -0.000000 0.391603 0.030737 
2265 43.892807 0.000000 9.716111 99.000612 0.000000 1.028522 0.019782 
2266 44.365799 0.000000 9.716111 99.065998 -0.605094 1.152507 0.018423 
2267 43.892807 0.000000 10.159511 98.998932 0.000000 1.019106 0.019817 
2268 41.054858 0.000000 8.829309 98.625412 -0.000000 0.376881 0.027289 
2269 40.581866 0.000000 8.829309 98.541829 -0.000000 0.350004 0.028939 
2270 42.710328 0.000000 9.051010 98.935259 -0.000000 0.840169 0.021111 
2271 42.473832 0.000000 9.051010 98.916797 -0.000000 0.755810 0.021490 
2272 42.710328 0.000000 9.272710 98.969316 -0.000000 0.867680 0.020432 
2273 29.466565 0.000000 3.730201 105.904537 -0.023433 3.396960 -0.122731 
2274 29.230069 0.000000 3.730201 103.237402 -0.042088 5.461147 -0.068779 
2275 29.466565 0.000000 3.951901 108.123905 -0.029655 -0.592789 -0.169113 
2276 31.122035 0.000000 11.933114 100.766201 -0.420683 1.000770 -0.015501 
2277 29.230069 0.000000 11.933114 100.949484 -0.278292 1.290729 -0.019254 
2278 31.122035 0.000000 13.706717 100.444479 -0.184686 1.457752 -0.009125 
2279 30.205614 0.000000 3.536213 105.703423 -0.019821 -4.409913 -0.119266 
2280 30.235176 0.000000 3.536213 105.894985 -0.020566 -4.296568 -0.123221 
2281 30.205614 0.000000 3.563926 106.120010 -0.023961 -3.906204 -0.127672 
2282 42.237337 0.000000 9.494410 98.941995 -0.000000 0.606987 0.021011 
2283 42.237337 0.000000 9.272710 98.927493 -0.000000 0.647219 0.021293 
2284 42.473832 0.000000 9.494410 98.962547 -0.000000 0.685752 0.020594 
2285 39.162892 0.000000 8.829309 98.467023 -0.000000 0.449540 0.030404 
2286 39.162892 0.000000 8.385909 98.398041 -0.000000 0.436301 0.031764 
2287 39.635883 0.000000 8.829309 98.452855 -0.000000 0.403697 0.030687 
2288 40.108875 0.000000 8.829309 98.468487 -0.000000 0.369488 0.030382 
2289 40.108875 0.000000 8.385909 98.411288 -0.000000 0.358502 0.031509 
2290 41.291353 0.000000 9.494410 98.818515 -0.000000 0.287178 0.023482 
2291 41.054858 0.000000 9.494410 98.774968 -0.000000 0.306609 0.024341 
2292 41.291353 0.000000 9.272710 98.771218 -0.000000 0.327882 0.024414 
2293 45.311782 0.000000 11.046313 99.287074 0.246939 1.515955 0.013972 
2294 45.311782 0.000000 11.933114 99.413191 0.139647 1.647110 0.011429 
2295 42.946824 0.000000 10.602912 99.330599 0.297240 0.950233 0.013244 
2296 43.419815 0.000000 10.602912 99.290714 0.311038 1.067400 0.014012 
2297 42.946824 0.000000 11.046313 99.439423 0.163195 1.076371 0.011062 
2298 43.892807 0.000000 10.602912 99.267717 0.317897 1.170158 0.014445 
2299 44.365799 0.000000 10.602912 99.256789 0.294985 1.254655 0.014643 
2300 43.892807 0.000000 11.046313 99.353009 0.199013 1.259070 0.012735 
2301 42.237337 0.000000 9.051010 98.906730 -0.000000 0.649006 0.021704 
2302 42.000841 0.000000 9.051010 98.869436 -0.000000 0.567427 0.022451 
2303 42.237337 0.000000 8.829309 98.822958 -0.000000 0.663119 0.023358 
2304 41.764345 0.000000 9.051010 98.847711 -0.000000 0.497000 0.022888 
2305 41.527849 0.000000 9.051010 98.788385 -0.000000 0.426065 0.024067 
2306 41.764345 0.000000 8.829309 98.759059 -0.000000 0.521620 0.024638 
2307 42.710328 0.000000 9.494410 99.004282 -0.000000 0.871385 0.019739 
2308 42.946824 0.000000 9.494410 98.972005 0.000000 0.936481 0.020367 
2309 42.710328 0.000000 9.716111 99.009804 -0.000000 0.837945 0.019636 
2310 43.183320 0.000000 9.494410 98.972995 0.000000 0.991604 0.020336 
2311 43.419815 0.000000 9.494410 98.976163 0.000000 1.009234 0.020270 
2312 43.183320 0.000000 9.716111 99.019579 0.000000 1.000597 0.019412 
2313 42.710328 0.000000 9.937811 98.998004 -0.000000 0.725190 0.019887 
2314 42.946824 0.000000 9.937811 99.025103 -0.000000 0.911449 0.019320 
2315 42.710328 0.000000 10.159511 99.003940 -0.000000 0.772284 0.019762 
2316 40.108875 0.000000 10.602912 100.185551 -0.027606 0.652190 -0.003757 
2317 40.108875 0.000000 11.046313 100.148857 0.025550 0.902685 -0.003061 
2318 35.851951 0.000000 7.499107 98.954776 0.000000 0.215452 0.020791 
2319 34.905968 0.000000 7.499107 99.495186 -0.078801 -0.132568 0.010068 
2320 35.851951 0.000000 6.612306 98.965326 0.000000 -0.333179 0.020575 
2321 37.270925 0.000000 8.829309 99.229511 0.000000 1.260672 0.015191 
2322 36.797934 0.000000 8.829309 99.049879 0.000000 1.004736 0.018811 
2323 37.270925 0.000000 8.385909 98.974044 0.000000 0.847188 0.020342 
2324 38.926396 0.000000 9.937811 99.523814 -0.006153 0.105564 0.009500 
2325 38.926396 0.000000 9.716111 99.332827 -0.000219 0.153143 0.013297 
2326 38.926396 0.000000 10.159511 99.701044 -0.000074 0.069374 0.005970 
2327 38.453404 0.000000 10.381212 98.128983 -0.000000 0.824134 0.037002 
2328 38.689900 0.000000 10.381212 98.224945 -0.000000 0.301672 0.035177 
2329 38.453404 0.000000 10.602912 100.709525 0.002276 1.291939 -0.014408 
2330 38.335156 0.000000 10.048661 100.780634 0.216249 0.284114 -0.015686 
2331 38.453404 0.000000 10.048661 100.346387 0.162467 0.424554 -0.006960 
2332 38.335156 0.000000 10.159511 100.758002 0.212324 0.297012 -0.015231 
2333 42.946824 0.000000 3.508501 95.117725 0.604537 -0.926513 0.095139 
2334 43.419815 0.000000 3.508501 95.548489 0.521686 -0.237682 0.087016 
2335 42.237337 0.000000 4.617002 97.124166 0.000000 -1.307799 0.056519 
2336 42.473832 0.000000 4.617002 96.688633 0.000000 -1.758827 0.064821 
2337 42.237337 0.000000 3.730201 106.328854 0.153525 -11.623084 -0.144094 
2338 42.237337 0.000000 3.508501 108.594876 0.038895 -16.088450 -0.205169 
2339 42.473832 0.000000 3.730201 108.072374 0.400123 -10.879941 -0.179817 
2340 41.675659 0.000000 4.201314 97.902458 -0.006726 -3.464885 0.040310 
2341 41.705221 0.000000 4.201314 98.004186 -0.007224 -3.491135 0.038299 
2342 41.675659 0.000000 4.229027 96.725056 0.000000 -2.883402 0.063595 
2343 42.710328 0.000000 5.060403 97.569075 0.000000 -0.703213 0.047978 
2344 42.710328 0.000000 4.838703 96.979854 -1.295536 -0.323247 0.059312 
2345 42.946824 0.000000 5.060403 97.197316 -0.018111 -0.010513 0.055268 
2346 42.355584 0.000000 5.392954 97.650263 0.000000 -0.381436 0.046428 
2347 42.355584 0.000000 5.282104 97.635357 0.000000 -0.478989 0.046711 
2348 42.473832 0.000000 5.392954 97.634849 0.000000 -0.345892 0.046732 
2349 41.882593 0.000000 5.392954 97.667050 0.000000 -0.542845 0.046085 
2350 41.764345 0.000000 5.392954 97.689861 0.000000 -0.557278 0.045638 
2351 41.882593 0.000000 5.282104 97.649817 0.000000 -0.661315 0.046408 
2352 43.183320 0.000000 6.390605 98.172134 0.000000 0.457648 0.036202 
2353 43.183320 0.000000 6.168905 97.881518 -0.395589 0.506994 0.041879 
2354 43.419815 0.000000 6.390605 97.998892 0.401716 0.647001 0.039564 
2355 42.355584 0.000000 5.836354 97.677433 0.000000 -0.075455 0.045911 
2356 42.473832 0.000000 5.836354 97.668629 0.000000 -0.035624 0.046084 
2357 42.119089 0.000000 6.058055 97.800265 0.000000 0.121060 0.043509 
2358 42.000841 0.000000 6.058055 97.826326 0.000000 0.079768 0.043000 
2359 41.291353 0.000000 5.947205 97.850992 -0.000000 -0.285916 0.042510 
2360 41.054858 0.000000 5.947205 97.905211 -0.000000 -0.403971 0.041441 
2361 41.291353 0.000000 6.168905 97.911248 -0.000000 -0.120455 0.041337 
2362 41.291353 0.000000 6.390605 97.954443 -0.000000 -0.061897 0.040492 
2363 41.054858 0.000000 6.390605 97.967942 -0.000000 -0.138277 0.040226 
2364 41.291353 0.000000 6.612306 98.054830 -0.000000 0.045162 0.038525 
2365 41.882593 0.000000 5.836354 97.711566 0.000000 -0.165813 0.045242 
2366 41.764345 0.000000 5.836354 97.721670 0.000000 -0.273992 0.045040 
2367 41.882593 0.000000 5.947205 97.735966 0.000000 -0.073336 0.044768 
2368 41.882593 0.000000 6.058055 97.820817 0.000000 0.047170 0.043109 
2369 41.764345 0.000000 6.058055 97.854558 0.000000 0.016402 0.042449 
2370 41.882593 0.000000 6.168905 97.897863 0.000000 0.085401 0.041600 
2371 42.089527 0.000000 5.642367 97.648646 0.000000 -0.295114 0.046465 
2372 42.059965 0.000000 5.642367 97.649926 0.000000 -0.297548 0.046440 
2373 42.089527 0.000000 5.670079 97.658758 0.000000 -0.279932 0.046269 
2374 41.764345 0.000000 6.834006 98.185859 -0.000000 0.312746 0.035944 
2375 41.527849 0.000000 6.834006 98.162445 -0.000000 0.225180 0.036408 
2376 41.764345 0.000000 7.055706 98.206791 -0.000000 0.358670 0.035530 
2377 41.764345 0.000000 7.277407 98.220711 -0.000000 0.395526 0.035254 
2378 41.527849 0.000000 7.277407 98.262156 -0.000000 0.310523 0.034445 
2379 41.764345 0.000000 7.499107 98.305825 -0.000000 0.490987 0.033572 
2380 42.119089 0.000000 6.501456 98.011695 0.000000 0.248219 0.039365 
2381 42.000841 0.000000 6.501456 98.009615 0.000000 0.214256 0.039407 
2382 42.119089 0.000000 6.612306 98.093105 0.000000 0.314338 0.037764 
2383 43.183320 0.000000 7.277407 98.156673 0.000000 0.610774 0.036489 
2384 43.419815 0.000000 7.277407 98.165155 0.000000 0.570269 0.036328 
2385 42.592080 0.000000 6.501456 98.083958 0.000000 0.361782 0.037941 
2386 42.710328 0.000000 6.501456 98.103739 0.000000 0.394365 0.037550 
2387 42.592080 0.000000 6.612306 98.144459 0.000000 0.414051 0.036749 
2388 42.296461 0.000000 6.224330 97.920159 0.000000 0.231523 0.041159 
2389 42.237337 0.000000 6.224330 97.919672 0.000000 0.227806 0.041169 
2390 42.296461 0.000000 6.168905 97.874450 0.000000 0.175090 0.042056 
2391 42.592080 0.000000 6.058055 97.884525 0.000000 0.217368 0.041857 
2392 42.592080 0.000000 5.947205 97.824711 0.000000 0.177814 0.043029 
2393 42.710328 0.000000 6.058055 97.891749 0.000000 0.245249 0.041715 
2394 41.882593 0.000000 6.279755 97.938037 -0.000000 0.118478 0.040813 
2395 41.764345 0.000000 6.279755 97.941109 -0.000000 0.088733 0.040753 
2396 41.882593 0.000000 6.390605 97.962369 -0.000000 0.135219 0.040336 
2397 41.882593 0.000000 6.501456 98.008422 0.000000 0.181303 0.039432 
2398 41.764345 0.000000 6.501456 97.994305 -0.000000 0.124357 0.039710 
2399 41.882593 0.000000 6.612306 98.079350 0.000000 0.242803 0.038038 
2400 42.592080 0.000000 6.723156 98.174838 0.000000 0.470064 0.036148 
2401 42.473832 0.000000 6.723156 98.176838 0.000000 0.470509 0.036109 
2402 42.710328 0.000000 6.723156 98.172067 0.000000 0.499174 0.036200 
2403 42.828576 0.000000 6.723156 98.176138 0.000000 0.490859 0.036120 
2404 42.828576 0.000000 6.612306 98.180161 0.000000 0.448381 0.036045 
2405 42.946824 0.000000 6.723156 98.175657 0.000000 0.497039 0.036129 
2406 42.828576 0.000000 7.166557 98.160912 0.000000 0.576017 0.036410 
2407 42.946824 0.000000 7.166557 98.163784 0.000000 0.570820 0.036355 
2408 42.828576 0.000000 7.277407 98.160973 0.000000 0.582246 0.036408 
2409 42.828576 0.000000 7.388257 98.209165 0.000000 0.600328 0.035460 
2410 42.710328 0.000000 7.388257 98.198241 0.000000 0.613570 0.035673 
2411 42.946824 0.000000 7.388257 98.304003 0.000000 0.644347 0.033591 
2412 42.592080 0.000000 7.388257 98.201266 0.000000 0.616107 0.035613 
2413 42.473832 0.000000 7.388257 98.150283 0.000000 0.636972 0.036612 
2414 42.592080 0.000000 7.499107 98.264569 0.000000 0.640106 0.034366 
2415 42.237337 0.000000 7.720807 98.378237 -0.000000 0.648126 0.032130 
2416 42.000841 0.000000 7.720807 98.354953 -0.000000 0.574962 0.032597 
2417 42.237337 0.000000 7.942508 98.455469 -0.000000 0.662854 0.030608 
2418 42.237337 0.000000 8.164208 98.593066 -0.000000 0.677316 0.027895 
2419 42.000841 0.000000 8.164208 98.537044 -0.000000 0.604402 0.029009 
2420 42.237337 0.000000 8.385909 98.704053 -0.000000 0.704942 0.025701 
2421 70.853325 0.000000 -7.576517 99.828381 -0.098817 3.056130 0.002494 
2422 70.853325 0.000000 -11.123723 99.844463 -0.078301 3.115823 0.002137 
2423 74.637257 0.000000 -7.576517 99.854450 -0.100088 3.031640 0.001989 
2424 62.339477 0.000000 5.725504 99.662375 -0.022759 2.667287 0.006030 
2425 61.393494 0.000000 5.725504 99.635544 -0.048740 2.667164 0.006564 
2426 62.339477 0.000000 4.838703 99.657820 0.209930 2.698245 0.006099 
2427 63.758452 0.000000 6.168905 99.700568 0.396724 2.638607 0.005268 
2428 63.285460 0.000000 6.168905 99.689535 0.347082 2.643713 0.005489 
2429 63.758452 0.000000 5.725504 99.697194 -0.017690 2.704791 0.005315 
2430 42.592080 0.000000 7.609957 98.358034 0.000000 0.665137 0.032525 
2431 42.473832 0.000000 7.609957 98.345306 0.000000 0.661375 0.032776 
2432 42.592080 0.000000 7.720807 98.433763 0.000000 0.703903 0.031030 
2433 42.592080 0.000000 7.831658 98.469438 0.000000 0.712654 0.030326 
2434 42.473832 0.000000 7.831658 98.432833 -0.000000 0.688384 0.031050 
2435 42.592080 0.000000 7.942508 98.519024 0.000000 0.715580 0.029349 
2436 43.656311 0.000000 7.720807 98.776288 0.000000 0.764513 0.024266 
2437 43.656311 0.000000 7.499107 98.411867 -0.307939 0.847763 0.031429 
2438 43.892807 0.000000 7.720807 98.503663 -0.844778 0.886948 0.029553 
2439 43.065072 0.000000 7.609957 98.461753 0.000000 0.694806 0.030480 
2440 43.065072 0.000000 7.499107 98.394699 0.000000 0.674174 0.031803 
2441 43.183320 0.000000 7.609957 98.460003 0.000000 0.693850 0.030515 
2442 43.065072 0.000000 8.053358 98.711508 0.000000 0.756483 0.025547 
2443 42.946824 0.000000 8.053358 98.720205 0.000000 0.763877 0.025374 
2444 43.183320 0.000000 8.053358 98.717913 0.000000 0.758102 0.025420 
2445 43.301568 0.000000 8.053358 98.781926 0.000000 0.778943 0.024152 
2446 43.301568 0.000000 7.942508 98.684409 0.000000 0.746445 0.026083 
2447 43.419815 0.000000 8.053358 98.781923 0.000000 0.779707 0.024152 
2448 43.656311 0.000000 9.051010 98.871910 0.000000 0.966338 0.022341 
2449 43.892807 0.000000 9.051010 98.862088 0.000000 0.959522 0.022537 
2450 43.656311 0.000000 9.272710 98.929844 0.000000 0.991810 0.021190 
2451 43.301568 0.000000 8.718459 98.772759 0.000000 0.885090 0.024316 
2452 43.419815 0.000000 8.718459 98.775176 0.000000 0.888499 0.024268 
2453 43.301568 0.000000 8.829309 98.741002 0.000000 0.892668 0.024942 
2454 43.242444 0.000000 8.552184 98.792518 0.000000 0.864833 0.023929 
2455 43.301568 0.000000 8.552184 98.790189 0.000000 0.864698 0.023975 
2456 43.242444 0.000000 8.607609 98.789265 0.000000 0.871082 0.023992 
2457 49.095714 0.000000 7.499107 99.030603 -0.315399 1.982564 0.018891 
2458 49.095714 0.000000 6.612306 98.895535 -0.052919 2.076796 0.021536 
2459 50.041697 0.000000 7.499107 99.116968 -0.191487 2.058007 0.017155 
2460 49.095714 0.000000 11.046313 99.334003 0.482646 1.974322 0.012862 
2461 50.041697 0.000000 11.046313 99.409191 0.485833 1.968996 0.011370 
2462 49.095714 0.000000 11.933114 99.446019 0.392635 1.984635 0.010640 
2463 47.321996 0.000000 9.383560 99.075183 0.397640 1.710254 0.018102 
2464 47.440244 0.000000 9.383560 99.083208 0.410315 1.724234 0.017938 
2465 47.321996 0.000000 9.494410 99.090049 0.008053 1.712652 0.017823 
2466 17.878272 0.000000 13.706717 101.758315 0.210818 3.281816 -0.036557 
2467 14.094340 0.000000 13.706717 101.344894 0.249153 4.216145 -0.028863 
2468 17.878272 0.000000 17.253923 101.296884 0.002279 3.372741 -0.027243 
2469 10.310407 0.000000 13.706717 101.022580 0.444306 4.696480 -0.022782 
2470 6.526475 0.000000 13.706717 100.326621 0.409295 4.847738 -0.008910 
2471 10.310407 0.000000 17.253923 101.280595 -0.087392 3.994334 -0.027372 
2472 0.850577 0.000000 4.838703 96.833082 0.092351 6.974643 0.057470 
2473 -1.041390 0.000000 4.838703 97.231858 0.340456 6.128313 0.050829 
2474 0.850577 0.000000 6.612306 97.996920 0.216004 6.247848 0.035752 
2475 -0.095407 0.000000 0.404696 90.142061 0.096950 11.554727 0.174089 
2476 -1.041390 0.000000 0.404696 91.520107 0.319104 8.215624 0.155647 
2477 -0.095407 0.000000 1.291497 92.925325 0.107887 9.435036 0.127585 
2478 1.796560 0.000000 2.178299 93.807740 0.149625 11.270415 0.107306 
2479 0.850577 0.000000 2.178299 94.184791 0.127663 9.722572 0.103468 
2480 1.796560 0.000000 3.065100 95.125596 0.163173 9.776489 0.085551 
2481 -0.095407 0.000000 2.178299 94.557386 0.196588 8.230150 0.099113 
2482 -1.041390 0.000000 2.178299 95.014565 0.308104 7.121506 0.092142 
2483 -0.095407 0.000000 3.065100 95.588805 0.285638 7.351908 0.080865 
2484 9.364424 0.000000 -1.368907 -12.321254 0.202614 -0.595772 0.984779 
2485 9.364424 0.000000 -4.916113 101.334194 -0.637081 3.329187 -0.028011 
2486 8.418441 0.000000 -4.916113 103.402537 -0.533106 1.760419 -0.069547 
2487 9.364424 0.000000 -5.802914 100.866725 -0.602366 2.260239 -0.017957 
2488 7.472458 0.000000 -4.916113 104.377112 -0.456687 -1.530382 -0.089713 
2489 6.526475 0.000000 -4.916113 102.902770 -0.355355 -4.937402 -0.061348 
2490 7.472458 0.000000 -5.802914 102.050605 -0.346915 -0.461574 -0.041466 
2491 19.770238 0.000000 8.385909 101.750945 -0.160107 3.255330 -0.036388 
2492 17.878272 0.000000 8.385909 101.689071 -0.466935 3.811204 -0.035541 
2493 19.770238 0.000000 10.159511 102.371867 -0.068549 2.746908 -0.048755 
2494 15.986306 0.000000 8.385909 101.149585 -0.587276 4.090314 -0.024831 
2495 14.094340 0.000000 8.385909 101.479590 -0.258497 4.745058 -0.032069 
2496 15.986306 0.000000 10.159511 101.285101 0.278600 4.073061 -0.027534 
2497 16.932289 0.000000 0.404696 -8.455773 0.422590 1.102519 0.992711 
2498 17.878272 0.000000 0.404696 -8.447270 0.294871 0.942607 0.992767 
2499 18.824255 0.000000 0.404696 -8.991987 0.089829 0.426353 0.991895 
2500 19.770238 0.000000 0.404696 -9.242872 0.111075 0.228222 0.991450 
2501 20.716221 0.000000 0.404696 -9.865619 -0.189300 -0.095915 0.990262 
2502 21.662204 0.000000 0.404696 -10.468493 -0.049302 -0.454597 0.989020 
2503 22.608188 0.000000 0.404696 -11.047614 -0.271010 -1.496504 0.987564 
2504 23.554171 0.000000 0.404696 -12.205386 0.023047 -1.838589 0.984765 
2505 24.500154 0.000000 0.404696 -13.462748 0.037609 -2.310827 0.981341 
2506 22.608188 0.000000 3.951901 107.383950 -0.101358 0.184238 -0.153136 
2507 21.662204 0.000000 3.951901 106.785942 -0.026457 0.249245 -0.140330 
2508 22.608188 0.000000 4.838703 103.851742 -0.058783 1.101099 -0.078640 
2509 24.500154 0.000000 5.725504 103.120043 -0.128266 0.120690 -0.063377 
2510 23.554171 0.000000 5.725504 103.169130 -0.227127 0.818616 -0.064459 
2511 24.500154 0.000000 6.612306 102.620641 0.082908 0.551125 -0.053131 
2512 22.608188 0.000000 5.725504 103.186999 -0.059989 1.389844 -0.064949 
2513 21.662204 0.000000 5.725504 102.942114 -0.082620 1.663133 -0.059985 
2514 22.608188 0.000000 6.612306 102.443261 -0.244301 1.526255 -0.049701 
2515 34.905968 0.000000 -5.802914 98.133392 -0.031175 7.444421 0.031442 
2516 34.905968 0.000000 -7.576517 99.111595 -0.462593 6.637831 0.013262 
2517 36.797934 0.000000 -5.802914 98.211453 -0.433110 7.221354 0.030218 
2518 24.027162 0.000000 -3.585911 111.737066 -0.121838 9.535214 -0.257611 
2519 24.027162 0.000000 -4.029311 111.192928 -0.146934 6.890997 -0.241137 
2520 24.027162 0.000000 -3.142510 111.964715 -0.111091 10.521106 -0.264680 
2521 24.027162 0.000000 -2.699109 111.192928 -0.146934 6.890997 -0.241137 
2522 23.554171 0.000000 -2.699109 109.608716 -0.262346 11.204235 -0.213967 
2523 24.027162 0.000000 -2.255709 -11.997468 -0.143609 -2.708840 0.984870 
2524 30.176052 0.000000 -1.368907 101.021790 -0.295923 10.793529 -0.032199 
2525 30.176052 0.000000 -2.255709 100.797695 -0.342371 11.150150 -0.028462 
2526 31.122035 0.000000 -1.368907 102.658584 -0.051344 17.059413 -0.082981 
2527 24.027162 0.000000 -1.812308 -12.195422 0.053706 -2.735387 0.984379 
2528 23.554171 0.000000 -1.812308 -11.710514 -0.068287 -2.370767 0.985724 
2529 24.027162 0.000000 -1.368907 -12.321889 0.003376 -2.721413 0.984076 
2530 28.993573 0.000000 3.730201 103.164499 -0.045938 7.728169 -0.070264 
2531 28.757078 0.000000 3.730201 103.331493 -0.034794 11.582851 -0.081156 
2532 28.993573 0.000000 3.951901 103.932260 -0.032398 8.934725 -0.088175 
2533 28.520582 0.000000 3.730201 102.114510 -0.068121 12.354177 -0.058000 
2534 28.284086 0.000000 3.730201 97.213251 -0.090834 18.562010 0.020503 
2535 28.520582 0.000000 3.951901 98.562704 -0.050294 17.035348 -0.000481 
2536 29.466565 0.000000 2.399999 100.394187 -0.101357 -4.458943 -0.009889 
2537 29.466565 0.000000 2.178299 106.951700 -0.138661 -3.100280 -0.144830 
2538 29.703061 0.000000 2.399999 103.817834 -0.114477 3.810680 -0.079268 
2539 29.939556 0.000000 2.843400 105.411258 -0.080394 10.519763 -0.122221 
2540 29.939556 0.000000 2.621699 106.052560 -0.101123 9.186163 -0.133154 
2541 30.176052 0.000000 2.843400 313.074765 -0.073278 -75.563115 -9.372560 
2542 28.047590 0.000000 3.730201 91.309492 -0.092580 15.211347 0.143118 
2543 27.811094 0.000000 3.730201 92.578931 -0.038235 13.557608 0.124533 
2544 28.047590 0.000000 3.951901 87.771663 -0.077349 21.293932 0.184270 
2545 27.574599 0.000000 3.730201 92.903159 -0.035695 6.650001 0.132478 
2546 27.338103 0.000000 3.730201 99.311227 -0.035090 -1.454077 0.013516 
2547 27.574599 0.000000 3.951901 94.754129 -0.041620 2.496517 0.101542 
2548 35.851951 0.000000 5.725504 99.127007 -0.000000 -1.278811 0.017220 
2549 32.541010 0.000000 4.395302 100.567338 -0.022857 -5.173999 -0.014056 
2550 33.014001 0.000000 4.395302 100.082094 -0.028423 -4.700421 -0.003852 
2551 32.541010 0.000000 4.838703 100.892188 -0.000000 -4.200275 -0.019688 
2552 33.486993 0.000000 4.395302 100.116880 -0.031498 -2.646108 -0.003039 
2553 33.959985 0.000000 4.395302 100.162177 -0.018848 -1.603040 -0.003503 
2554 33.486993 0.000000 4.838703 100.076765 -0.035444 -2.113302 -0.001983 
2555 34.669472 0.000000 2.843400 106.946435 -0.057984 -13.997919 -0.163349 
2556 34.432976 0.000000 2.843400 106.361489 -0.086928 11.265503 -0.143969 
2557 34.669472 0.000000 3.065100 108.953552 -0.082712 0.890555 -0.187168 
2558 41.054858 0.000000 1.734898 103.771269 0.151010 4.209153 -0.078622 
2559 40.581866 0.000000 1.734898 104.212089 0.112960 4.337823 -0.087899 
2560 41.054858 0.000000 1.291497 103.033591 -0.012824 10.961272 -0.073607 
2561 38.689900 0.000000 -5.802914 97.946023 -0.065615 6.255076 0.036745 
2562 38.689900 0.000000 -7.576517 98.517971 -0.130425 5.432113 0.026468 
2563 40.581866 0.000000 -5.802914 97.893303 -0.156892 5.452914 0.038714 
2564 41.054858 0.000000 0.848096 103.238084 -0.048531 10.991200 -0.077891 
2565 40.581866 0.000000 0.848096 104.210405 0.007681 8.011246 -0.092399 
2566 41.054858 0.000000 0.404696 103.016470 -0.025892 10.632831 -0.072545 
2567 23.081179 0.000000 -2.699109 107.863289 -0.389503 15.956405 -0.188925 
2568 22.608188 0.000000 -2.699109 -12.188733 -0.322300 -2.207366 0.984646 
2569 23.081179 0.000000 -2.255709 -11.615754 -0.283559 -2.312338 0.985965 
2570 45.311782 0.000000 3.951901 97.340120 -0.640998 1.566331 0.052204 
2571 45.311782 0.000000 3.065100 96.935689 -0.751127 1.838678 0.059953 
2572 46.257765 0.000000 3.951901 97.809333 -0.539245 1.892556 0.042946 
2573 47.203748 0.000000 5.725504 98.513940 0.487914 1.737509 0.029175 
2574 47.203748 0.000000 4.838703 98.339909 -0.703708 1.945200 0.032498 
2575 48.149731 0.000000 5.725504 98.646149 0.656448 1.853552 0.026507 
2576 43.892807 0.000000 5.282104 97.503813 -0.326786 0.750000 0.049234 
2577 43.892807 0.000000 4.838703 97.219509 -1.241491 0.676923 0.054637 
2578 44.365799 0.000000 5.282104 97.618587 -0.303241 0.971588 0.046958 
2579 40.108875 0.000000 3.508501 106.472642 0.069034 -6.621301 -0.138027 
2580 39.635883 0.000000 3.508501 103.941016 0.116703 -3.477125 -0.081584 
2581 40.108875 0.000000 3.065100 111.228516 0.026060 0.425191 -0.237196 
2582 30.412548 0.000000 2.843400 339.900911 -0.108996 -94.825822 -11.452458 
2583 30.412548 0.000000 2.621699 248.344771 -0.114452 -57.543181 -5.498636 
2584 30.649044 0.000000 2.843400 409.226391 -0.103696 -131.764555 -17.482815 
2585 42.237337 0.000000 8.607609 98.735059 -0.000000 0.690299 0.025091 
2586 42.000841 0.000000 8.607609 98.662413 -0.000000 0.605232 0.026536 
2587 43.183320 0.000000 9.937811 99.017413 -0.000000 0.999649 0.019455 
2588 43.419815 0.000000 9.937811 99.010722 0.000000 1.047524 0.019578 
2589 43.183320 0.000000 10.159511 99.026137 0.000000 0.984705 0.019285 
2590 33.959985 0.000000 7.499107 99.747121 0.162280 -0.288144 0.005040 
2591 33.014001 0.000000 7.499107 100.081973 0.078098 -0.411214 -0.001658 
2592 33.959985 0.000000 8.385909 99.712421 -0.242092 0.224779 0.005732 
2593 33.959985 0.000000 9.272710 99.986744 -0.287425 0.545283 0.000227 
2594 33.014001 0.000000 9.272710 99.970103 -0.192376 0.453822 0.000574 
2595 33.959985 0.000000 10.159511 100.276885 -0.147444 0.606146 -0.005584 
2596 38.926396 0.000000 9.494410 98.380184 -0.000000 0.315233 0.032124 
2597 38.926396 0.000000 9.272710 98.455533 -0.000000 0.408433 0.030634 
2598 39.162892 0.000000 9.494410 98.453562 -0.000000 0.306539 0.030680 
2599 39.399387 0.000000 9.494410 98.501274 -0.000000 0.263020 0.029743 
2600 39.399387 0.000000 9.272710 98.513793 -0.000000 0.362909 0.029490 
2601 39.635883 0.000000 9.494410 98.512841 -0.000000 0.278064 0.029514 
2602 33.959985 0.000000 11.046313 100.284974 -0.073265 0.963425 -0.005801 
2603 33.014001 0.000000 11.046313 100.543816 -0.203272 0.874799 -0.010987 
2604 33.959985 0.000000 11.933114 100.163341 0.037458 1.411290 -0.003469 
2605 38.926396 0.000000 10.381212 98.358488 -0.000000 0.125284 0.032559 
2606 39.162892 0.000000 10.381212 98.452261 -0.000000 0.148559 0.030713 
2607 38.926396 0.000000 10.602912 100.609259 -0.023652 0.905294 -0.012304 
2608 39.399387 0.000000 10.381212 98.545679 -0.000000 0.171747 0.028872 
2609 39.635883 0.000000 10.381212 98.545679 -0.000000 0.171747 0.028872 
2610 39.399387 0.000000 10.602912 100.414983 -0.041731 0.745317 -0.008373 
2611 43.892807 0.000000 4.395302 96.876812 -0.203210 0.635009 0.061444 
2612 43.892807 0.000000 3.951901 96.477337 -0.789164 0.612555 0.069113 
2613 44.365799 0.000000 4.395302 97.082191 -0.212461 0.993997 0.057402 
2614 42.710328 0.000000 4.617002 96.747979 -0.369489 -0.459561 0.063948 
2615 42.710328 0.000000 4.395302 96.480562 -0.112968 -0.612570 0.069111 
2616 42.946824 0.000000 4.617002 96.784650 -0.391396 -0.203023 0.063254 
2617 41.882593 0.000000 5.171253 97.551902 0.000000 -0.845327 0.048291 
2618 41.764345 0.000000 5.171253 97.527049 0.000000 -0.943527 0.048758 
2619 42.000841 0.000000 5.171253 97.529142 0.000000 -0.837580 0.048736 
2620 42.119089 0.000000 5.171253 97.548081 0.000000 -0.819197 0.048370 
2621 42.119089 0.000000 5.060403 97.420593 0.000000 -0.962513 0.050830 
2622 42.237337 0.000000 5.171253 97.613171 0.000000 -0.724518 0.047114 
2623 43.183320 0.000000 5.947205 97.784044 -0.202905 0.459862 0.043803 
2624 43.183320 0.000000 5.725504 97.663268 0.116311 0.398264 0.046171 
2625 43.419815 0.000000 5.947205 97.798309 -0.199887 0.579127 0.043512 
2626 42.828576 0.000000 6.501456 98.180372 0.000000 0.447688 0.036041 
2627 42.828576 0.000000 6.390605 98.075979 0.000000 0.372829 0.038096 
2628 42.946824 0.000000 6.501456 98.181381 0.000000 0.464289 0.036020 
2629 42.592080 0.000000 5.836354 97.685869 0.000000 0.065396 0.045747 
2630 42.592080 0.000000 5.725504 97.665149 0.000000 -0.078095 0.046151 
2631 42.710328 0.000000 5.836354 97.674573 0.000000 0.080988 0.045967 
2632 42.355584 0.000000 6.723156 98.164234 0.000000 0.449417 0.036358 
2633 42.237337 0.000000 6.723156 98.140426 0.000000 0.389343 0.036831 
2634 42.355584 0.000000 6.834006 98.171565 0.000000 0.473404 0.036212 
2635 42.355584 0.000000 6.944856 98.171053 0.000000 0.508454 0.036219 
2636 42.237337 0.000000 6.944856 98.156288 0.000000 0.464273 0.036513 
2637 42.355584 0.000000 7.055706 98.170807 0.000000 0.528100 0.036221 
2638 43.656311 0.000000 7.277407 98.339317 -0.144091 0.828275 0.032867 
2639 43.656311 0.000000 7.055706 98.261048 -0.262281 0.826183 0.034402 
2640 43.892807 0.000000 7.277407 98.369989 -0.137312 0.890652 0.032253 
2641 41.764345 0.000000 7.720807 98.355901 -0.000000 0.470423 0.032590 
2642 41.527849 0.000000 7.720807 98.369003 -0.000000 0.442507 0.032334 
2643 41.764345 0.000000 7.942508 98.387310 -0.000000 0.503337 0.031968 
2644 41.764345 0.000000 8.164208 98.460204 -0.000000 0.528745 0.030531 
2645 41.527849 0.000000 8.164208 98.462696 -0.000000 0.472945 0.030487 
2646 41.764345 0.000000 8.385909 98.573745 -0.000000 0.556772 0.028291 
2647 42.355584 0.000000 7.166557 98.166547 0.000000 0.532717 0.036305 
2648 42.237337 0.000000 7.166557 98.157167 0.000000 0.507416 0.036491 
2649 42.355584 0.000000 7.277407 98.164901 0.000000 0.552549 0.036335 
2650 42.355584 0.000000 7.388257 98.197013 0.000000 0.596280 0.035699 
2651 42.237337 0.000000 7.388257 98.164753 -0.000000 0.573294 0.036335 
2652 42.355584 0.000000 7.499107 98.267052 0.000000 0.634034 0.034318 
2653 43.301568 0.000000 7.831658 98.661606 0.000000 0.739232 0.026534 
2654 43.301568 0.000000 7.720807 98.557039 0.000000 0.712808 0.028600 
2655 43.419815 0.000000 7.831658 98.656689 0.000000 0.737700 0.026631 
2656 42.828576 0.000000 8.053358 98.670337 0.000000 0.753933 0.026360 
2657 42.710328 0.000000 8.053358 98.656981 0.000000 0.751894 0.026623 
2658 42.828576 0.000000 8.164208 98.751189 0.000000 0.781751 0.024759 
2659 42.828576 0.000000 8.275058 98.786544 0.000000 0.807389 0.024057 
2660 42.710328 0.000000 8.275058 98.788858 0.000000 0.803933 0.024012 
2661 42.828576 0.000000 8.385909 98.797058 0.000000 0.829671 0.023845 
2662 42.828576 0.000000 8.496759 98.808398 0.000000 0.838996 0.023620 
2663 42.710328 0.000000 8.496759 98.819876 -0.000000 0.820829 0.023396 
2664 42.828576 0.000000 8.607609 98.831265 0.000000 0.843140 0.023167 
2665 42.828576 0.000000 8.718459 98.849698 0.000000 0.855258 0.022801 
2666 42.710328 0.000000 8.718459 98.853486 0.000000 0.833590 0.022729 
2667 42.828576 0.000000 8.829309 98.904476 0.000000 0.874194 0.021714 
2668 -2.933356 0.000000 4.838703 97.628811 0.229539 5.096226 0.044259 
2669 -4.825322 0.000000 4.838703 98.138120 0.073334 4.335115 0.035011 
2670 -2.933356 0.000000 6.612306 98.356664 0.149745 4.938139 0.030156 
2671 27.338103 0.000000 11.933114 101.486321 0.084520 1.581049 -0.030198 
2672 25.446137 0.000000 11.933114 101.734527 -0.233817 1.839129 -0.035335 
2673 27.338103 0.000000 13.706717 100.732751 -0.098652 1.903745 -0.015072 
2674 23.081179 0.000000 -1.812308 -11.379050 -0.259798 -2.385908 0.986476 
2675 22.608188 0.000000 -1.812308 -11.101316 -0.369196 -2.109791 0.987217 
2676 23.081179 0.000000 -1.368907 -11.163326 -0.296850 -2.469289 0.986919 
2677 40.108875 0.000000 2.621699 127.544864 0.043383 9.366421 -0.635542 
2678 39.635883 0.000000 2.621699 109.200180 0.134937 10.437569 -0.203364 
2679 40.108875 0.000000 2.178299 126.521092 1.382125 13.272222 -0.618565 
2680 49.095714 0.000000 5.725504 98.808523 1.053786 1.615862 0.023315 
2681 49.095714 0.000000 4.838703 98.697629 -0.539704 2.278174 0.025330 
2682 50.041697 0.000000 5.725504 98.955838 -0.165422 2.251452 0.020265 
2683 40.108875 0.000000 7.055706 98.344567 -0.000000 -0.001245 0.032835 
2684 39.635883 0.000000 7.055706 98.445813 -0.000000 -0.041719 0.030842 
2685 40.108875 0.000000 7.499107 98.423172 -0.000000 0.159290 0.031285 
2686 40.108875 0.000000 7.942508 98.398855 -0.000000 0.273667 0.031759 
2687 39.635883 0.000000 7.942508 98.387003 -0.000000 0.272746 0.031992 
2688 39.162892 0.000000 7.942508 98.395968 -0.000000 0.302194 0.031814 
2689 38.689900 0.000000 7.942508 98.493792 -0.000000 0.343350 0.029885 
2690 39.162892 0.000000 7.499107 98.459861 -0.000000 0.108212 0.030564 
2691 41.291353 0.000000 6.834006 98.203966 -0.000000 0.181777 0.035595 
2692 41.054858 0.000000 6.834006 98.214890 -0.000000 0.128418 0.035382 
2693 41.291353 0.000000 7.055706 98.231827 -0.000000 0.224750 0.035046 
2694 41.291353 0.000000 7.277407 98.302633 -0.000000 0.273516 0.033652 
2695 41.054858 0.000000 7.277407 98.312990 -0.000000 0.230703 0.033450 
2696 41.291353 0.000000 7.499107 98.387765 -0.000000 0.356301 0.031972 
2697 41.291353 0.000000 7.720807 98.402122 0.000000 0.384063 0.031687 
2698 41.054858 0.000000 7.720807 98.383562 0.000000 0.346064 0.032055 
2699 41.291353 0.000000 7.942508 98.389888 -0.000000 0.394490 0.031927 
2700 41.291353 0.000000 8.164208 98.439388 0.000000 0.418044 0.030951 
2701 41.054858 0.000000 8.164208 98.382648 -0.000000 0.372088 0.032072 
2702 41.291353 0.000000 8.385909 98.501329 0.000000 0.442234 0.029729 
2703 43.656311 0.000000 9.494410 98.978808 0.000000 1.009349 0.020218 
2704 43.892807 0.000000 9.494410 99.000477 0.000000 1.028063 0.019785 
2705 43.656311 0.000000 9.716111 99.002538 0.000000 1.022515 0.019745 
2706 43.656311 0.000000 9.937811 98.993315 0.000000 1.002724 0.019932 
2707 43.892807 0.000000 9.937811 99.001171 0.000000 1.030472 0.019771 
2708 43.656311 0.000000 10.159511 99.001775 0.000000 1.032647 0.019758 
2709 41.291353 0.000000 9.051010 98.736512 -0.000000 0.379178 0.025096 
2710 41.054858 0.000000 9.051010 98.688489 -0.000000 0.346937 0.026046 
2711 41.291353 0.000000 8.829309 98.657128 -0.000000 0.425671 0.026659 
2712 43.065072 0.000000 7.388257 98.320752 0.000000 0.651893 0.033260 
2713 43.065072 0.000000 7.277407 98.157342 0.000000 0.608790 0.036477 
2714 43.183320 0.000000 7.388257 98.272270 0.000000 0.639002 0.034215 
2715 42.355584 0.000000 7.609957 98.347672 0.000000 0.656573 0.032730 
2716 42.237337 0.000000 7.609957 98.326586 -0.000000 0.628918 0.033149 
2717 42.355584 0.000000 7.720807 98.386677 -0.000000 0.661561 0.031962 
2718 42.355584 0.000000 7.831658 98.429526 0.000000 0.671872 0.031118 
2719 42.237337 0.000000 7.831658 98.413650 -0.000000 0.658262 0.031432 
2720 42.355584 0.000000 7.942508 98.462843 0.000000 0.678222 0.030461 
2721 2.742543 0.000000 13.706717 99.944763 0.395551 4.812764 -0.001227 
2722 -1.041390 0.000000 13.706717 99.532810 0.136717 4.267033 0.007499 
2723 2.742543 0.000000 17.253923 100.027933 0.086941 4.156683 -0.002287 
2724 -4.825322 0.000000 13.706717 99.651881 0.006658 4.207197 0.005180 
2725 -8.609254 0.000000 13.706717 99.978344 -0.009321 4.313139 -0.001427 
2726 -4.825322 0.000000 17.253923 100.153942 -0.031805 4.196690 -0.004843 
2727 5.580492 0.000000 -4.916113 100.135287 -0.137502 -5.806935 -0.006082 
2728 4.634509 0.000000 -4.916113 98.303739 -0.077854 -4.690713 0.031437 
2729 5.580492 0.000000 -5.802914 100.250818 -0.182862 -3.046563 -0.005954 
2730 3.688526 0.000000 -4.916113 97.880752 -0.055518 -2.873252 0.041110 
2731 2.742543 0.000000 -4.916113 98.307725 -0.039534 -1.986566 0.033164 
2732 3.688526 0.000000 -5.802914 98.758493 -0.065177 -1.831415 0.024340 
2733 12.202374 0.000000 8.385909 101.318805 0.514523 5.692444 -0.029817 
2734 10.310407 0.000000 8.385909 101.419366 0.283957 6.543545 -0.032879 
2735 12.202374 0.000000 10.159511 101.248163 0.386036 5.255274 -0.027896 
2736 8.418441 0.000000 8.385909 100.866829 0.154617 7.304417 -0.022750 
2737 6.526475 0.000000 8.385909 100.013674 0.168172 7.363241 -0.005698 
2738 8.418441 0.000000 10.159511 100.545812 0.238697 6.053688 -0.014616 
2739 20.716221 0.000000 3.951901 106.338015 0.083151 0.214755 -0.130783 
2740 19.770238 0.000000 3.951901 106.139272 0.107798 0.217914 -0.126560 
2741 20.716221 0.000000 4.838703 102.954538 0.083290 2.581915 -0.060631 
2742 20.716221 0.000000 5.725504 102.276000 0.167435 2.595090 -0.046714 
2743 19.770238 0.000000 5.725504 101.962218 0.123491 2.785934 -0.040407 
2744 20.716221 0.000000 6.612306 101.636892 -0.379919 2.775906 -0.033791 
2745 30.176052 0.000000 -3.142510 99.797957 -0.488466 8.210200 -0.002728 
2746 30.176052 0.000000 -4.029311 99.116354 0.108533 10.244145 0.007099 
2747 31.122035 0.000000 -3.142510 102.849056 -0.074956 17.342093 -0.087868 
2748 32.068018 0.000000 -1.368907 102.335701 -0.022187 20.625117 -0.089799 
2749 32.068018 0.000000 -2.255709 102.322645 -0.029384 20.794029 -0.090232 
2750 33.014001 0.000000 -1.368907 102.728637 0.001830 22.221479 -0.104697 
2751 29.939556 0.000000 2.399999 105.055427 -0.112640 6.302664 -0.107638 
2752 29.939556 0.000000 2.178299 98.279423 -0.220622 -2.317632 0.033574 
2753 30.176052 0.000000 2.399999 104.303260 -0.121894 7.388874 -0.093378 
2754 34.432976 0.000000 4.395302 101.049594 -0.016395 -1.774354 -0.021417 
2755 34.905968 0.000000 4.395302 102.299295 -0.030623 -3.100757 -0.047476 
2756 34.432976 0.000000 4.838703 99.929544 -0.004779 -1.700073 0.001120 
2757 33.959985 0.000000 -1.368907 101.484898 0.035984 25.792782 -0.096445 
2758 33.959985 0.000000 -2.255709 101.859180 0.026560 26.858906 -0.109669 
2759 34.905968 0.000000 -1.368907 101.475509 0.022894 25.692102 -0.095736 
2760 35.378959 0.000000 4.395302 101.454137 -0.012470 -3.757556 -0.030706 
2761 35.851951 0.000000 4.395302 100.901414 -0.021081 -3.650346 -0.019442 
2762 35.378959 0.000000 4.838703 100.459994 -0.003052 -2.824453 -0.010019 
2763 42.473832 0.000000 -5.802914 98.053512 -0.248012 4.751026 0.036288 
2764 42.473832 0.000000 -7.576517 98.550276 -0.227105 4.453457 0.026796 
2765 44.365799 0.000000 -5.802914 98.299275 -0.260913 4.190233 0.031963 
2766 45.311782 0.000000 2.178299 96.596262 -0.834131 2.309285 0.066313 
2767 45.311782 0.000000 1.291497 96.442288 -0.690313 2.979306 0.068953 
2768 46.257765 0.000000 2.178299 97.378850 -0.682631 2.512974 0.051058 
2769 47.203748 0.000000 3.951901 98.171524 -0.444167 2.097060 0.035776 
2770 47.203748 0.000000 3.065100 98.015270 -0.520213 2.309488 0.038740 
2771 48.149731 0.000000 3.951901 98.390769 -0.396960 2.300085 0.031381 
2772 30.412548 0.000000 2.399999 154.964852 -0.154995 -21.103860 -1.445950 
2773 30.412548 0.000000 2.178299 100.373941 -0.247313 -2.094915 -0.007938 
2774 30.649044 0.000000 2.399999 159.184069 -0.143030 -30.289484 -1.625704 
2775 32.068018 0.000000 7.499107 100.488673 0.092591 -0.414436 -0.009815 
2776 31.122035 0.000000 7.499107 100.632106 0.077446 -0.271239 -0.012690 
2777 32.068018 0.000000 8.385909 100.409179 0.113403 0.029313 -0.008202 
2778 32.068018 0.000000 9.272710 100.461679 -0.104127 0.278627 -0.009264 
2779 31.122035 0.000000 9.272710 100.644039 0.220940 0.498009 -0.012952 
2780 32.068018 0.000000 10.159511 100.329690 -0.217016 0.834447 -0.006679 
2781 41.764345 0.000000 8.607609 98.629076 -0.000000 0.558301 0.027199 
2782 41.527849 0.000000 8.607609 98.595286 0.000000 0.488041 0.027873 
2783 38.216908 0.000000 7.942508 98.616985 -0.000000 0.331369 0.027458 
2784 37.743917 0.000000 7.942508 98.749575 -0.000000 0.417271 0.024835 
2785 38.216908 0.000000 7.499107 98.695000 -0.000000 0.115421 0.025928 
2786 37.270925 0.000000 7.942508 98.911337 0.000000 0.546824 0.021625 
2787 36.797934 0.000000 7.942508 98.848675 0.000000 0.477940 0.022871 
2788 37.270925 0.000000 7.499107 98.879462 0.000000 0.257023 0.022279 
2789 43.892807 0.000000 3.508501 96.003862 0.569000 0.378293 0.078279 
2790 43.892807 0.000000 3.065100 95.415668 -1.162633 0.774791 0.089390 
2791 44.365799 0.000000 3.508501 96.412274 0.592107 0.802982 0.070368 
2792 42.710328 0.000000 4.173602 96.175194 -0.386724 -0.761095 0.074960 
2793 42.710328 0.000000 3.951901 95.797905 -0.690677 -0.916834 0.082144 
2794 42.946824 0.000000 4.173602 96.251915 -0.425973 -0.431394 0.073520 
2795 43.183320 0.000000 5.503804 97.525908 -0.644767 0.333822 0.048817 
2796 43.183320 0.000000 5.282104 97.375865 -0.299124 0.270685 0.051778 
2797 43.419815 0.000000 5.503804 97.547047 -0.639868 0.477333 0.048394 
2798 42.119089 0.000000 4.949553 97.357007 0.000000 -1.046811 0.052052 
2799 42.119089 0.000000 4.838703 97.289661 0.000000 -1.130991 0.053344 
2800 42.237337 0.000000 4.949553 97.349003 0.000000 -1.056289 0.052206 
2801 42.355584 0.000000 5.171253 97.617330 0.000000 -0.727068 0.047033 
2802 42.355584 0.000000 5.060403 97.618881 0.000000 -0.728010 0.047002 
2803 42.473832 0.000000 5.171253 97.599354 0.000000 -0.709934 0.047386 
2804 42.592080 0.000000 5.614654 97.662004 0.000000 -0.105629 0.046212 
2805 42.592080 0.000000 5.503804 97.641150 0.000000 -0.172692 0.046618 
2806 42.710328 0.000000 5.614654 97.675280 0.000000 0.081137 0.045953 
2807 42.828576 0.000000 6.279755 97.996089 0.000000 0.312561 0.039667 
2808 42.828576 0.000000 6.168905 97.931975 0.000000 0.275501 0.040925 
2809 42.946824 0.000000 6.279755 98.025759 0.000000 0.349285 0.039083 
2810 42.828576 0.000000 6.058055 97.909200 0.000000 0.258310 0.041372 
2811 42.828576 0.000000 5.947205 97.674916 0.000000 0.081060 0.045960 
2812 42.946824 0.000000 6.058055 97.901625 0.000000 0.257652 0.041521 
2813 42.119089 0.000000 6.723156 98.156136 0.000000 0.384701 0.036522 
2814 42.000841 0.000000 6.723156 98.166609 -0.000000 0.335630 0.036320 
2815 42.119089 0.000000 6.834006 98.172070 0.000000 0.417242 0.036207 
2816 42.119089 0.000000 6.944856 98.165903 0.000000 0.441995 0.036326 
2817 42.000841 0.000000 6.944856 98.186154 -0.000000 0.413452 0.035931 
2818 42.119089 0.000000 7.055706 98.159276 -0.000000 0.460510 0.036454 
2819 43.656311 0.000000 6.834006 98.180621 -0.356909 0.802503 0.035979 
2820 43.656311 0.000000 6.612306 98.093869 -0.197948 0.795309 0.037692 
2821 43.892807 0.000000 6.834006 98.216571 -0.326755 0.861837 0.035266 
2822 42.119089 0.000000 7.166557 98.175251 0.000000 0.467401 0.036140 
2823 42.000841 0.000000 7.166557 98.189546 -0.000000 0.445655 0.035861 
2824 42.119089 0.000000 7.277407 98.181999 0.000000 0.498371 0.036005 
2825 42.119089 0.000000 7.388257 98.198007 -0.000000 0.543678 0.035686 
2826 42.000841 0.000000 7.388257 98.243703 -0.000000 0.493622 0.034793 
2827 42.119089 0.000000 7.499107 98.281920 -0.000000 0.579991 0.034033 
2828 43.301568 0.000000 7.609957 98.525138 0.000000 0.703253 0.029230 
2829 43.301568 0.000000 7.499107 98.446526 0.000000 0.677198 0.030782 
2830 43.419815 0.000000 7.609957 98.577285 0.000000 0.707793 0.028202 
2831 42.592080 0.000000 8.053358 98.595890 0.000000 0.733712 0.027831 
2832 42.473832 0.000000 8.053358 98.579429 0.000000 0.722267 0.028157 
2833 42.592080 0.000000 8.164208 98.689178 0.000000 0.760907 0.025987 
2834 42.592080 0.000000 8.275058 98.774145 0.000000 0.789578 0.024304 
2835 42.473832 0.000000 8.275058 98.744818 -0.000000 0.756403 0.024889 
2836 42.592080 0.000000 8.385909 98.800217 -0.000000 0.800268 0.023788 
2837 42.592080 0.000000 8.496759 98.814141 -0.000000 0.805697 0.023512 
2838 42.473832 0.000000 8.496759 98.824741 -0.000000 0.807672 0.023302 
2839 42.592080 0.000000 8.607609 98.819795 0.000000 0.809669 0.023399 
2840 42.592080 0.000000 8.718459 98.832320 0.000000 0.806570 0.023152 
2841 42.473832 0.000000 8.718459 98.840668 -0.000000 0.788135 0.022990 
2842 42.592080 0.000000 8.829309 98.885819 -0.000000 0.807190 0.022094 
2843 23.554171 0.000000 11.933114 101.844309 -0.214789 2.159810 -0.037697 
2844 21.662204 0.000000 11.933114 101.996601 -0.020733 2.503918 -0.040958 
2845 23.554171 0.000000 13.706717 101.224788 0.095180 2.373183 -0.025210 
2846 46.257765 0.000000 -5.802914 98.563854 -0.294430 3.747750 0.027103 
2847 46.257765 0.000000 -7.576517 98.821966 -0.318276 3.772661 0.021988 
2848 48.149731 0.000000 -5.802914 98.778443 -0.258956 3.463061 0.023076 
2849 30.176052 0.000000 -4.916113 99.035275 0.184030 9.164311 0.010800 
2850 30.176052 0.000000 -5.802914 99.202300 0.234252 8.219602 0.009129 
2851 31.122035 0.000000 -4.916113 99.178020 -0.051166 9.173401 0.007957 
2852 40.108875 0.000000 1.734898 104.926204 0.056445 4.745542 -0.103203 
2853 39.635883 0.000000 1.734898 103.282413 0.185008 5.925075 -0.070240 
2854 40.108875 0.000000 1.291497 102.483016 0.047708 10.360831 -0.061012 
2855 49.095714 0.000000 3.951901 98.615422 -0.354599 2.389468 0.026916 
2856 49.095714 0.000000 3.065100 98.539436 -0.429493 2.552426 0.028328 
2857 50.041697 0.000000 3.951901 98.815772 -0.313839 2.452413 0.022933 
2858 39.162892 0.000000 7.055706 98.465275 -0.000000 -0.106779 0.030458 
2859 38.689900 0.000000 7.055706 98.542531 -0.000000 -0.148395 0.028935 
2860 39.162892 0.000000 6.612306 98.431997 -0.000000 -0.319090 0.031104 
2861 43.656311 0.000000 6.390605 98.027263 0.434721 0.737380 0.038992 
2862 43.656311 0.000000 6.168905 97.927500 -0.421646 0.740895 0.040948 
2863 43.892807 0.000000 6.390605 98.040244 0.455452 0.807910 0.038725 
2864 41.291353 0.000000 8.607609 98.562786 0.000000 0.459547 0.028517 
2865 41.054858 0.000000 8.607609 98.488954 -0.000000 0.387731 0.029978 
2866 32.068018 0.000000 11.046313 100.703633 -0.424379 0.882963 -0.014218 
2867 31.122035 0.000000 11.046313 100.465794 -0.204580 1.100944 -0.009463 
2868 32.068018 0.000000 11.933114 100.746353 -0.367736 1.035588 -0.015104 
2869 42.710328 0.000000 3.730201 95.365679 -0.405648 -1.058600 0.090410 
2870 42.710328 0.000000 3.508501 108.068854 0.400509 -10.880582 -0.179742 
2871 42.946824 0.000000 3.730201 95.520209 -0.469726 -0.649266 0.087525 
2872 41.882593 0.000000 6.723156 98.169475 -0.000000 0.313243 0.036266 
2873 41.764345 0.000000 6.723156 98.162036 -0.000000 0.263977 0.036414 
2874 41.882593 0.000000 6.834006 98.194150 -0.000000 0.347708 0.035779 
2875 41.882593 0.000000 6.944856 98.198571 -0.000000 0.379223 0.035690 
2876 41.764345 0.000000 6.944856 98.194097 -0.000000 0.329579 0.035781 
2877 41.882593 0.000000 7.055706 98.216558 -0.000000 0.391861 0.035335 
2878 41.882593 0.000000 7.166557 98.208026 -0.000000 0.398316 0.035502 
2879 41.764345 0.000000 7.166557 98.209941 -0.000000 0.379085 0.035466 
2880 41.882593 0.000000 7.277407 98.224286 -0.000000 0.430037 0.035180 
2881 41.882593 0.000000 7.388257 98.260078 -0.000000 0.449482 0.034476 
2882 41.764345 0.000000 7.388257 98.255001 -0.000000 0.423409 0.034578 
2883 41.882593 0.000000 7.499107 98.293216 -0.000000 0.497496 0.033820 
2884 43.065072 0.000000 7.166557 98.159494 0.000000 0.583322 0.036437 
2885 43.065072 0.000000 7.055706 98.164831 0.000000 0.562346 0.036335 
2886 43.183320 0.000000 7.166557 98.156331 0.000000 0.611817 0.036496 
2887 43.301568 0.000000 7.388257 98.166084 0.000000 0.594110 0.036307 
2888 43.301568 0.000000 7.277407 98.166089 0.000000 0.594249 0.036307 
2889 43.419815 0.000000 7.388257 98.166103 0.000000 0.594612 0.036306 
2890 42.119089 0.000000 7.609957 98.320602 -0.000000 0.587191 0.033271 
2891 42.000841 0.000000 7.609957 98.333229 -0.000000 0.566844 0.033025 
2892 42.119089 0.000000 7.720807 98.377109 -0.000000 0.622536 0.032156 
2893 42.119089 0.000000 7.831658 98.401973 -0.000000 0.627503 0.031666 
2894 42.000841 0.000000 7.831658 98.381526 -0.000000 0.578164 0.032074 
2895 42.119089 0.000000 7.942508 98.418633 -0.000000 0.627839 0.031338 
2896 42.355584 0.000000 8.053358 98.536976 -0.000000 0.702005 0.028997 
2897 42.237337 0.000000 8.053358 98.498383 -0.000000 0.671190 0.029762 
2898 42.355584 0.000000 8.164208 98.618439 -0.000000 0.701667 0.027391 
2899 42.355584 0.000000 8.275058 98.716042 -0.000000 0.729053 0.025461 
2900 42.237337 0.000000 8.275058 98.667782 -0.000000 0.696739 0.026418 
2901 42.355584 0.000000 8.385909 98.737735 -0.000000 0.734148 0.025032 
2902 19.770238 0.000000 11.933114 101.757480 0.165077 2.748267 -0.036216 
2903 17.878272 0.000000 11.933114 101.473644 0.558220 3.528023 -0.030966 
2904 19.770238 0.000000 13.706717 101.540803 0.138521 2.916615 -0.031906 
2905 42.355584 0.000000 8.496759 98.761593 -0.000000 0.747903 0.024559 
2906 42.237337 0.000000 8.496759 98.713796 -0.000000 0.697929 0.025510 
2907 42.355584 0.000000 8.607609 98.790177 -0.000000 0.754075 0.023993 
2908 42.355584 0.000000 8.718459 98.810268 -0.000000 0.748827 0.023597 
2909 42.237337 0.000000 8.718459 98.779631 -0.000000 0.695942 0.024210 
2910 42.355584 0.000000 8.829309 98.878460 -0.000000 0.737340 0.022251 
2911 41.882593 0.000000 7.609957 98.326555 -0.000000 0.527318 0.033161 
2912 41.764345 0.000000 7.609957 98.331017 -0.000000 0.487712 0.033077 
2913 41.882593 0.000000 7.720807 98.361066 -0.000000 0.540093 0.032481 
2914 41.882593 0.000000 7.831658 98.370908 -0.000000 0.539413 0.032287 
2915 41.764345 0.000000 7.831658 98.360641 -0.000000 0.475126 0.032496 
2916 41.882593 0.000000 7.942508 98.396513 -0.000000 0.544663 0.031783 
1 11 62 60 61 
2 62 10 24 60 
3 60 24 14 63 
4 61 60 63 6 
5 24 66 64 65 
6 66 23 40 64 
7 64 40 27 67 
8 65 64 67 14 
9 40 70 68 69 
10 69 68 71 27 
11 6 63 92 93 
12 63 14 36 92 
13 92 36 19 94 
14 93 92 94 20 
15 14 67 95 96 
16 67 27 52 95 
17 95 52 35 97 
18 96 95 97 36 
19 27 71 98 99 
20 99 98 100 52 
21 68 112 110 111 
22 112 56 80 110 
23 110 80 43 113 
24 111 110 113 71 
25 80 116 114 115 
26 115 114 117 43 
27 12 120 118 119 
28 120 7 121 118 
29 118 121 13 25 
30 119 118 25 10 
31 25 124 122 123 
32 124 13 125 122 
33 122 125 26 41 
34 123 122 41 23 
35 41 128 126 127 
36 128 26 129 126 
37 126 129 42 57 
38 127 126 57 39 
39 39 132 130 131 
40 132 57 133 130 
41 130 133 55 81 
42 131 130 81 56 
43 81 136 134 135 
44 136 55 137 134 
45 56 145 143 144 
46 145 81 135 143 
47 144 143 116 80 
48 116 148 146 147 
49 148 79 139 146 
50 146 139 106 149 
51 147 146 149 114 
52 135 152 150 151 
53 152 134 153 150 
54 150 153 107 140 
55 151 150 140 79 
56 79 156 154 155 
57 156 140 157 154 
58 154 157 138 158 
59 155 154 158 139 
60 165 167 103 168 
61 166 165 168 101 
62 139 158 173 174 
63 158 138 175 173 
64 173 175 142 176 
65 174 173 176 106 
66 140 186 185 157 
67 186 107 187 185 
68 185 187 141 188 
69 157 185 188 138 
70 138 188 189 175 
71 188 141 190 189 
72 189 190 105 191 
73 175 189 191 142 
74 105 197 195 196 
75 197 184 198 195 
76 195 198 192 199 
77 196 195 199 171 
78 57 201 200 133 
79 201 42 202 200 
80 200 202 58 89 
81 133 200 89 55 
82 55 204 203 137 
83 204 89 205 203 
84 134 207 206 153 
85 207 137 208 206 
86 182 215 213 214 
87 215 82 216 213 
88 213 216 183 217 
89 214 213 217 181 
90 184 225 224 198 
91 225 108 226 224 
92 224 226 193 227 
93 198 224 227 192 
94 137 229 228 208 
95 229 203 230 228 
96 82 232 231 216 
97 232 210 233 231 
98 231 233 209 234 
99 216 231 234 183 
100 59 223 235 236 
101 223 180 237 235 
102 235 237 218 238 
103 236 235 238 167 
104 193 241 239 240 
105 241 221 242 239 
106 239 242 223 243 
107 240 239 243 59 
108 210 257 256 233 
109 257 178 258 256 
110 256 258 211 259 
111 233 256 259 209 
112 221 264 263 242 
113 264 222 265 263 
114 263 265 180 266 
115 242 263 266 223 
116 89 268 267 205 
117 268 58 269 267 
118 203 271 270 230 
119 271 205 272 270 
120 178 274 273 258 
121 274 253 275 273 
122 273 275 252 276 
123 258 273 276 211 
124 180 262 283 237 
125 262 91 284 283 
126 283 284 219 285 
127 237 283 285 218 
128 222 287 286 265 
129 287 260 288 286 
130 286 288 262 289 
131 265 286 289 180 
132 91 293 294 284 
133 293 251 295 294 
134 294 295 280 296 
135 284 294 296 219 
136 261 299 297 298 
137 299 290 300 297 
138 297 300 293 301 
139 298 297 301 91 
140 251 309 313 295 
141 295 313 315 280 
142 292 318 316 317 
143 318 306 319 316 
144 316 319 309 320 
145 317 316 320 251 
146 308 330 328 329 
147 330 321 331 328 
148 328 331 324 332 
149 329 328 332 5 
150 7 334 333 121 
151 334 16 335 333 
152 333 335 15 32 
153 121 333 32 13 
154 13 337 336 125 
155 337 32 338 336 
156 336 338 31 48 
157 125 336 48 26 
158 26 340 339 129 
159 340 48 341 339 
160 339 341 47 85 
161 129 339 85 42 
162 42 343 342 202 
163 343 85 344 342 
164 342 344 84 245 
165 202 342 245 58 
166 58 346 345 269 
167 346 245 347 345 
168 15 349 348 33 
169 349 17 350 348 
170 348 350 8 351 
171 33 348 351 18 
172 353 33 354 352 
173 352 354 18 355 
174 245 377 376 347 
175 377 84 378 376 
176 345 381 379 380 
177 381 347 382 379 
178 269 390 388 389 
179 390 345 380 388 
180 398 400 372 401 
181 399 398 401 302 
182 408 365 409 407 
183 370 412 411 386 
184 412 244 413 411 
185 411 413 371 414 
186 386 411 414 368 
187 383 416 415 405 
188 416 386 417 415 
189 415 417 368 418 
190 405 415 418 387 
191 419 399 302 421 
192 420 419 421 322 
193 369 406 422 423 
194 406 387 424 422 
195 422 424 398 425 
196 423 422 425 399 
197 428 405 429 426 
198 426 429 387 430 
199 427 426 430 406 
200 391 433 431 432 
201 433 384 403 431 
202 431 403 369 434 
203 432 431 434 394 
204 403 437 435 436 
205 437 402 427 435 
206 435 427 406 438 
207 436 435 438 369 
208 380 441 439 440 
209 441 379 442 439 
210 439 442 370 385 
211 440 439 385 303 
212 303 445 443 444 
213 445 385 446 443 
214 443 446 383 404 
215 444 443 404 384 
216 404 449 447 448 
217 449 383 450 447 
218 447 450 405 428 
219 448 447 428 402 
220 402 453 451 452 
221 453 428 454 451 
222 451 454 426 455 
223 452 451 455 427 
224 18 351 456 45 
225 351 8 457 456 
226 456 457 29 458 
227 45 456 458 28 
228 355 18 460 459 
229 459 460 45 461 
230 323 500 498 499 
231 499 498 501 305 
232 493 523 522 516 
233 523 496 524 522 
234 522 524 247 525 
235 516 522 525 497 
236 305 501 526 527 
237 527 526 528 326 
238 481 517 532 533 
239 517 497 534 532 
240 532 534 509 535 
241 533 532 535 510 
242 513 538 536 537 
243 538 516 539 536 
244 536 539 497 540 
245 537 536 540 517 
246 498 547 545 546 
247 547 478 503 545 
248 545 503 397 548 
249 546 545 548 501 
250 503 551 549 550 
251 550 549 552 397 
252 505 544 553 554 
253 544 481 533 553 
254 553 533 510 555 
255 554 553 555 529 
256 556 559 544 560 
257 557 556 560 505 
258 501 548 561 562 
259 548 397 530 561 
260 561 530 490 563 
261 562 561 563 526 
262 397 552 564 565 
263 552 505 554 564 
264 564 554 529 566 
265 565 564 566 530 
266 549 569 567 568 
267 569 542 557 567 
268 567 557 505 570 
269 568 567 570 552 
270 372 573 571 572 
271 573 304 574 571 
272 571 574 396 479 
273 572 571 479 395 
274 395 577 575 576 
275 577 479 578 575 
276 575 578 477 504 
277 576 575 504 478 
278 504 581 579 580 
279 581 477 582 579 
280 579 582 494 543 
281 580 579 543 502 
282 502 585 583 584 
283 585 543 586 583 
284 542 589 587 588 
285 587 590 556 591 
286 588 587 591 557 
287 478 594 592 593 
288 594 504 580 592 
289 592 580 502 551 
290 593 592 551 503 
291 551 597 595 596 
292 597 502 584 595 
293 595 584 542 569 
294 596 595 569 549 
295 584 600 598 599 
296 600 583 601 598 
297 598 601 558 589 
298 599 598 589 542 
299 541 603 602 559 
300 603 514 604 602 
301 602 604 481 605 
302 559 602 605 544 
303 558 607 606 590 
304 607 541 608 606 
305 606 608 559 609 
306 590 606 609 556 
307 589 612 610 611 
308 612 558 613 610 
309 610 613 590 614 
310 611 610 614 587 
311 487 647 645 646 
312 646 645 648 473 
313 652 654 638 655 
314 653 652 655 637 
315 410 663 661 662 
316 663 364 664 661 
317 661 664 472 624 
318 662 661 624 471 
319 624 667 665 666 
320 667 472 668 665 
321 665 668 625 642 
322 666 665 642 623 
323 623 671 669 670 
324 671 642 672 669 
325 669 672 640 658 
326 670 669 658 641 
327 625 674 673 643 
328 674 633 675 673 
329 673 675 636 676 
330 643 673 676 367 
331 640 678 677 659 
332 678 643 679 677 
333 677 679 367 680 
334 659 677 680 644 
335 658 683 681 682 
336 683 640 684 681 
337 681 684 659 685 
338 473 648 686 687 
339 686 653 637 688 
340 687 686 688 507 
341 645 691 689 690 
342 691 641 657 689 
343 689 657 626 692 
344 690 689 692 648 
345 641 695 693 694 
346 695 658 682 693 
347 693 682 656 696 
348 694 693 696 657 
349 626 660 697 698 
350 660 644 699 697 
351 697 699 652 700 
352 698 697 700 653 
353 656 685 701 702 
354 685 659 703 701 
355 701 703 644 704 
356 702 701 704 660 
357 682 707 705 706 
358 707 681 708 705 
359 705 708 685 709 
360 706 705 709 656 
361 633 719 718 675 
362 675 718 721 636 
363 365 723 722 409 
364 723 246 724 722 
365 722 724 366 620 
366 364 726 725 664 
367 726 620 727 725 
368 725 727 619 634 
369 664 725 634 472 
370 634 730 728 729 
371 730 619 731 728 
372 728 731 635 719 
373 729 728 719 633 
374 735 736 631 737 
375 719 744 742 743 
376 744 635 745 742 
377 742 745 720 746 
378 743 742 746 718 
379 620 748 747 727 
380 748 366 749 747 
381 747 749 621 715 
382 727 747 715 619 
383 619 751 750 731 
384 751 715 752 750 
385 750 752 714 739 
386 731 750 739 635 
387 621 754 753 716 
388 754 710 755 753 
389 753 755 713 756 
390 716 753 756 87 
391 714 758 757 740 
392 758 716 759 757 
393 757 759 87 760 
394 740 757 760 717 
395 739 763 761 762 
396 763 714 764 761 
397 761 764 740 765 
398 635 767 766 745 
399 767 739 762 766 
400 766 762 738 768 
401 745 766 768 720 
402 622 741 769 770 
403 741 717 771 769 
404 769 771 735 772 
405 770 769 772 650 
406 738 765 773 774 
407 765 740 775 773 
408 773 775 717 776 
409 774 773 776 741 
410 762 779 777 778 
411 779 761 780 777 
412 777 780 765 781 
413 778 777 781 738 
414 85 809 808 344 
415 809 47 810 808 
416 808 810 86 361 
417 344 808 361 84 
418 84 812 811 378 
419 812 361 813 811 
420 616 816 814 815 
421 816 360 817 814 
422 814 817 617 791 
423 815 814 791 615 
424 615 820 818 819 
425 820 791 821 818 
426 617 823 822 792 
427 823 786 824 822 
428 822 824 789 825 
429 827 792 828 826 
430 826 828 363 829 
431 805 832 830 831 
432 831 830 834 803 
433 791 836 835 821 
434 836 617 837 835 
435 835 837 792 827 
436 818 840 838 839 
437 840 821 841 838 
438 838 841 790 832 
439 839 838 832 805 
440 790 843 842 833 
441 843 827 844 842 
442 842 844 826 845 
443 833 842 845 806 
444 832 848 846 847 
445 848 790 849 846 
446 846 849 833 850 
447 847 846 850 830 
448 803 834 855 856 
449 834 806 857 855 
450 855 857 793 858 
451 856 855 858 807 
452 830 850 859 860 
453 850 833 861 859 
454 859 861 806 862 
455 860 859 862 834 
456 205 867 866 272 
457 867 267 868 866 
458 253 875 874 275 
459 275 874 876 252 
460 254 873 877 878 
461 873 863 879 877 
462 877 879 291 880 
463 878 877 880 179 
464 881 884 873 885 
465 882 881 885 254 
466 252 876 886 887 
467 876 254 878 886 
468 886 878 179 888 
469 887 886 888 255 
470 874 891 889 890 
471 891 870 882 889 
472 889 882 254 892 
473 890 889 892 876 
474 272 895 893 894 
475 895 866 896 893 
476 893 896 864 871 
477 894 893 871 88 
478 88 899 897 898 
479 899 871 900 897 
480 870 903 901 902 
481 901 904 881 905 
482 902 901 905 882 
483 270 908 906 907 
484 908 272 894 906 
485 906 894 88 875 
486 907 906 875 253 
487 875 911 909 910 
488 911 88 898 909 
489 909 898 870 891 
490 910 909 891 874 
491 898 914 912 913 
492 914 897 915 912 
493 912 915 883 903 
494 913 912 903 870 
495 864 919 918 872 
496 919 249 920 918 
497 918 920 865 921 
498 872 918 921 863 
499 869 923 922 884 
500 923 872 924 922 
501 922 924 863 925 
502 884 922 925 873 
503 883 927 926 904 
504 927 869 928 926 
505 926 928 884 929 
506 904 926 929 881 
507 903 932 930 931 
508 932 883 933 930 
509 930 933 904 934 
510 931 930 934 901 
511 871 936 935 900 
512 936 864 937 935 
513 935 937 872 923 
514 900 935 923 869 
515 267 939 938 868 
516 939 269 389 938 
517 249 941 940 920 
518 941 917 942 940 
519 940 942 916 943 
520 920 940 943 865 
521 917 945 944 942 
522 945 90 946 944 
523 944 946 374 947 
524 942 944 947 916 
525 90 949 948 946 
526 946 948 950 374 
527 389 953 951 952 
528 953 388 954 951 
529 951 954 375 949 
530 952 951 949 90 
531 949 957 955 956 
532 957 375 958 955 
533 955 958 392 959 
534 956 955 959 948 
535 87 756 960 736 
536 756 713 961 960 
537 960 961 732 962 
538 736 960 962 631 
539 21 46 963 964 
540 46 28 965 963 
541 963 965 30 966 
542 964 963 966 9 
543 37 74 967 968 
544 74 44 969 967 
545 967 969 46 970 
546 968 967 970 21 
547 53 161 971 972 
548 161 72 973 971 
549 971 973 74 974 
550 972 971 974 37 
551 159 467 975 976 
552 467 160 977 975 
553 975 977 72 978 
554 976 975 978 161 
555 979 981 467 982 
556 980 979 982 159 
557 732 996 994 995 
558 995 994 997 734 
559 733 1012 1010 1011 
560 1011 1010 1013 988 
561 713 1015 1014 961 
562 961 1014 996 732 
563 996 1018 1016 1017 
564 1018 733 1011 1016 
565 1016 1011 988 1019 
566 1017 1016 1019 994 
567 1020 1021 160 1022 
568 981 1020 1022 467 
569 1033 1035 981 1036 
570 1034 1033 1036 979 
571 1050 513 537 1049 
572 1049 537 517 1051 
573 604 1049 1051 481 
574 479 1053 1052 578 
575 1053 396 1054 1052 
576 1052 1054 480 495 
577 578 1052 495 477 
578 477 1056 1055 582 
579 1056 495 1057 1055 
580 1055 1057 493 515 
581 582 1055 515 494 
582 494 1060 1058 1059 
583 1060 515 1061 1058 
584 1058 1061 513 1050 
585 1059 1058 1050 514 
586 514 1064 1062 1063 
587 1064 1050 1065 1062 
588 1062 1065 1049 1066 
589 1063 1062 1066 604 
590 497 525 1070 534 
591 1070 1071 511 1072 
592 534 1070 1072 509 
593 247 1074 1073 1071 
594 1074 521 1075 1073 
595 1073 1075 1067 1076 
596 1071 1073 1076 511 
597 525 1079 1077 1078 
598 1079 247 1080 1077 
599 1077 1080 1071 1081 
600 1078 1077 1081 1070 
601 1083 473 687 1082 
602 1082 687 507 1084 
603 521 1086 1085 1075 
604 1086 488 1087 1085 
605 1075 1085 1088 1067 
606 1090 487 646 1089 
607 1089 646 473 1083 
608 488 1092 1091 1087 
609 1092 1083 1093 1091 
610 1091 1093 1082 1094 
611 77 279 1095 1096 
612 279 159 976 1095 
613 1095 976 161 1097 
614 1096 1095 1097 53 
615 1098 980 159 1100 
616 1099 1098 1100 279 
617 311 484 1101 1102 
618 1102 1101 1104 277 
619 475 508 1105 1106 
620 508 482 1107 1105 
621 1105 1107 484 1108 
622 1106 1105 1108 311 
623 491 1069 1109 1110 
624 1069 506 1111 1109 
625 1109 1111 508 1112 
626 1110 1109 1112 475 
627 1067 1088 1113 1114 
628 1113 1115 506 1116 
629 1114 1113 1116 1069 
630 1085 1119 1117 1118 
631 1119 1087 1120 1117 
632 1118 1117 1121 1088 
633 506 1084 1122 1111 
634 1084 507 1123 1122 
635 1122 1123 482 1124 
636 1111 1122 1124 508 
637 1094 1082 1126 1125 
638 1125 1126 1084 1127 
639 1115 1125 1127 506 
640 1087 1129 1128 1120 
641 1129 1091 1130 1128 
642 1128 1130 1094 1131 
643 1088 1121 1132 1133 
644 1132 1134 1115 1135 
645 1133 1132 1135 1113 
646 1117 1138 1136 1137 
647 1138 1120 1139 1136 
648 1137 1136 1140 1121 
649 1131 1094 1142 1141 
650 1141 1142 1125 1143 
651 1134 1141 1143 1115 
652 1120 1145 1144 1139 
653 1145 1128 1146 1144 
654 1144 1146 1131 1147 
655 1121 1140 1148 1149 
656 1148 1150 1134 1151 
657 1149 1148 1151 1132 
658 1136 1154 1152 1153 
659 1154 1139 1155 1152 
660 1153 1152 1156 1140 
661 1147 1131 1158 1157 
662 1157 1158 1141 1159 
663 1150 1157 1159 1134 
664 1139 1161 1160 1155 
665 1161 1144 1162 1160 
666 1160 1162 1147 1163 
667 1155 1160 1163 1068 
668 1140 1156 1164 1165 
669 1156 1068 1166 1164 
670 1164 1166 1150 1167 
671 1165 1164 1167 1148 
672 1152 1170 1168 1169 
673 1170 1155 1171 1168 
674 1168 1171 1068 1172 
675 1169 1168 1172 1156 
676 1173 1034 979 1175 
677 1174 1173 1175 980 
678 1176 1178 1033 1179 
679 1177 1176 1179 1034 
680 1042 1191 1189 1190 
681 1190 1189 1192 629 
682 1193 1194 1020 1195 
683 1035 1193 1195 981 
684 1196 1197 1035 1198 
685 1178 1196 1198 1033 
686 1043 1184 1199 1200 
687 1184 986 1201 1199 
688 1199 1201 1178 1202 
689 1200 1199 1202 1176 
690 1181 1205 1203 1204 
691 1203 1206 1184 1207 
692 1204 1203 1207 1043 
693 1041 1213 1211 1212 
694 1213 1182 1214 1211 
695 1211 1214 1180 1205 
696 1212 1211 1205 1181 
697 1180 1219 1218 1206 
698 1219 1183 1220 1218 
699 1218 1220 986 1221 
700 1206 1218 1221 1184 
701 1205 1224 1222 1223 
702 1224 1180 1225 1222 
703 1222 1225 1206 1226 
704 1223 1222 1226 1203 
705 1227 1177 1034 1229 
706 1228 1227 1229 1173 
707 629 1192 1230 1231 
708 1192 1043 1200 1230 
709 1230 1200 1176 1232 
710 1231 1230 1232 1177 
711 1189 1235 1233 1234 
712 1235 1181 1204 1233 
713 1233 1204 1043 1236 
714 1234 1233 1236 1192 
715 1185 1239 1237 1238 
716 1239 1042 1190 1237 
717 1237 1190 629 1240 
718 1238 1237 1240 1188 
719 1251 1174 980 1253 
720 1252 1251 1253 1098 
721 1254 1228 1173 1256 
722 1255 1254 1256 1174 
723 1257 1259 1227 1260 
724 1258 1257 1260 1228 
725 1247 1263 1261 1262 
726 1263 1238 1264 1261 
727 1261 1264 1188 1265 
728 1262 1261 1265 1250 
729 1270 1258 1228 1272 
730 1271 1270 1272 1254 
731 1275 1248 1276 1273 
732 1273 1276 993 1277 
733 1241 1280 1278 1279 
734 1280 992 1244 1278 
735 1278 1244 278 1281 
736 1279 1278 1281 1242 
737 1244 1284 1282 1283 
738 1284 1243 1267 1282 
739 1282 1267 1246 1285 
740 1283 1282 1285 278 
741 1267 1288 1286 1287 
742 1287 1286 1289 1246 
743 469 1292 1290 1291 
744 1292 734 1293 1290 
745 1245 1296 1294 1295 
746 1296 991 1297 1294 
747 1294 1297 1186 1268 
748 1295 1294 1268 1243 
749 1243 1300 1298 1299 
750 1300 1268 1301 1298 
751 1298 1301 1266 1288 
752 1299 1298 1288 1267 
753 1288 1304 1302 1303 
754 1304 1266 1305 1302 
755 1303 1302 1306 1286 
756 1268 1308 1307 1301 
757 1308 1186 1309 1307 
758 1307 1309 1248 1275 
759 1301 1307 1275 1266 
760 1266 1311 1310 1305 
761 1311 1275 1312 1310 
762 1310 1312 1273 1313 
763 1305 1310 1313 1274 
764 1242 1281 1314 1315 
765 1281 278 1255 1314 
766 1314 1255 1174 1316 
767 1315 1314 1316 1251 
768 278 1285 1317 1318 
769 1285 1246 1271 1317 
770 1317 1271 1254 1319 
771 1318 1317 1319 1255 
772 1246 1289 1320 1321 
773 1289 1269 1322 1320 
774 1320 1322 1270 1323 
775 1321 1320 1323 1271 
776 1286 1306 1324 1325 
777 1306 1274 1326 1324 
778 1324 1326 1269 1327 
779 1325 1324 1327 1289 
780 1302 1330 1328 1329 
781 1330 1305 1331 1328 
782 1328 1331 1274 1332 
783 1329 1328 1332 1306 
784 362 1334 1333 788 
785 1334 782 1335 1333 
786 1333 1335 785 1336 
787 788 1333 1336 50 
788 786 1338 1337 824 
789 1338 788 1339 1337 
790 1337 1339 50 1340 
791 824 1337 1340 789 
792 852 1349 1347 1348 
793 1348 1347 1012 733 
794 807 858 1350 1351 
795 858 793 1352 1350 
796 618 1360 1358 1359 
797 1360 807 1351 1358 
798 1359 1358 1349 852 
799 1349 1363 1361 1362 
800 1362 1361 1364 1347 
801 1351 1367 1365 1366 
802 1367 1350 1368 1365 
803 1365 1368 1345 1355 
804 1366 1365 1355 851 
805 851 1371 1369 1370 
806 1371 1355 1372 1369 
807 1358 1376 1374 1375 
808 1376 1351 1366 1374 
809 1374 1366 851 1363 
810 1375 1374 1363 1349 
811 1363 1379 1377 1378 
812 1379 851 1370 1377 
813 1377 1370 1354 1380 
814 1378 1377 1380 1361 
815 1344 1357 1381 1382 
816 1357 1343 1383 1381 
817 1381 1383 1007 1384 
818 1382 1381 1384 854 
819 1385 1387 1357 1388 
820 1386 1385 1388 1344 
821 1370 1391 1389 1390 
822 1391 1369 1392 1389 
823 1390 1389 1393 1354 
824 1395 1341 1396 1394 
825 1394 1396 1002 1397 
826 1345 1399 1398 1356 
827 1399 853 1400 1398 
828 1398 1400 1346 1401 
829 1356 1398 1401 1343 
830 1355 1403 1402 1372 
831 1403 1345 1404 1402 
832 1402 1404 1356 1405 
833 1372 1402 1405 1353 
834 1369 1407 1406 1392 
835 1407 1372 1408 1406 
836 1406 1408 1353 1409 
837 1347 1364 1410 1411 
838 1364 1344 1382 1410 
839 1410 1382 854 1412 
840 1411 1410 1412 1012 
841 1361 1380 1413 1414 
842 1380 1354 1386 1413 
843 1413 1386 1344 1415 
844 1414 1413 1415 1364 
845 1354 1393 1416 1417 
846 1416 1418 1385 1419 
847 1417 1416 1419 1386 
848 1389 1422 1420 1421 
849 1422 1392 1423 1420 
850 1421 1420 1424 1393 
851 1353 1405 1425 1387 
852 1405 1356 1426 1425 
853 1425 1426 1343 1427 
854 1387 1425 1427 1357 
855 1409 1353 1429 1428 
856 1428 1429 1387 1430 
857 1418 1428 1430 1385 
858 1392 1432 1431 1423 
859 1432 1406 1433 1431 
860 1431 1433 1409 1434 
861 1423 1431 1434 1373 
862 1393 1424 1435 1436 
863 1424 1373 1437 1435 
864 1435 1437 1418 1438 
865 1436 1435 1438 1416 
866 1420 1441 1439 1440 
867 1441 1423 1442 1439 
868 1439 1442 1373 1443 
869 1440 1439 1443 1424 
870 854 1384 1444 1445 
871 1445 1444 1447 1006 
872 1397 1002 1449 1448 
873 1452 800 1453 1451 
874 1384 1457 1455 1456 
875 1457 1007 1458 1455 
876 1455 1458 1446 1459 
877 1456 1455 1459 1444 
878 1006 1447 1468 1469 
879 1469 1468 1470 987 
880 1005 1485 1483 1484 
881 1485 1454 1486 1483 
882 1483 1486 1464 1480 
883 1484 1483 1480 1465 
884 1008 1488 1487 1466 
885 1488 1448 1489 1487 
886 1487 1489 1450 1490 
887 1464 1492 1491 1481 
888 1492 1466 1493 1491 
889 1491 1493 989 1494 
890 1481 1491 1494 1467 
891 1480 1497 1495 1496 
892 1497 1464 1498 1495 
893 1495 1498 1481 1499 
894 988 1013 1500 1501 
895 1501 1500 1502 627 
896 987 1470 1503 1504 
897 1504 1503 1505 1461 
898 1468 1508 1506 1507 
899 1508 1465 1479 1506 
900 1506 1479 1009 1509 
901 1507 1506 1509 1470 
902 1465 1512 1510 1511 
903 1512 1480 1496 1510 
904 1511 1510 1513 1479 
905 1009 1482 1514 1515 
906 1482 1467 1516 1514 
907 1514 1516 1474 1517 
908 1515 1514 1517 1475 
909 1499 1481 1520 1518 
910 1518 1520 1467 1521 
911 1519 1518 1521 1482 
912 1496 1524 1522 1523 
913 1524 1495 1525 1522 
914 1522 1525 1499 1526 
915 1479 1513 1527 1528 
916 1527 1519 1482 1529 
917 1528 1527 1529 1009 
918 1510 1532 1530 1531 
919 1532 1496 1523 1530 
920 1530 1523 1478 1533 
921 1531 1530 1533 1513 
922 1478 1526 1534 1535 
923 1526 1499 1536 1534 
924 1534 1536 1518 1537 
925 1535 1534 1537 1519 
926 1523 1540 1538 1539 
927 1540 1522 1541 1538 
928 1538 1541 1526 1542 
929 1539 1538 1542 1478 
930 1490 1450 1564 1563 
931 1462 1566 1565 1561 
932 1566 1555 1567 1565 
933 1565 1567 1554 1568 
934 1561 1565 1568 1549 
935 1547 1562 1573 1574 
936 1562 1549 1575 1573 
937 1573 1575 802 1576 
938 1574 1573 1576 1550 
939 1579 1561 1580 1577 
940 1577 1580 1549 1581 
941 1578 1577 1581 1562 
942 1461 1505 1582 1583 
943 1583 1582 1584 990 
944 1460 1587 1585 1586 
945 1587 1477 1559 1585 
946 1585 1559 1547 1588 
947 1586 1585 1588 1548 
948 1559 1591 1589 1590 
949 1591 1558 1578 1589 
950 1589 1578 1562 1592 
951 1590 1589 1592 1547 
952 1474 1595 1593 1594 
953 1595 1476 1596 1593 
954 1593 1596 1462 1560 
955 1594 1593 1560 1477 
956 1560 1599 1597 1598 
957 1599 1462 1600 1597 
958 1597 1600 1561 1579 
959 1598 1597 1579 1558 
960 1558 1603 1601 1602 
961 1603 1579 1604 1601 
962 1601 1604 1577 1605 
963 1602 1601 1605 1578 
964 34 1607 1606 463 
965 1607 355 1608 1606 
966 1606 1608 459 1609 
967 463 1606 1609 73 
968 1611 34 1612 1610 
969 1610 1612 463 1613 
970 1571 1631 1629 1630 
971 1631 1619 1632 1629 
972 1630 1629 1633 1545 
973 628 1635 1634 1028 
974 1635 1000 1636 1634 
975 1634 1636 1023 1637 
976 1028 1634 1637 985 
977 1639 628 1640 1638 
978 1638 1640 1028 1641 
979 1473 1643 1642 1620 
980 1643 1004 1644 1642 
981 1642 1644 1552 1645 
982 1620 1642 1645 1551 
983 1619 1647 1646 1632 
984 1647 1620 1648 1646 
985 1646 1648 1551 1649 
986 1632 1646 1649 1621 
987 1545 1633 1655 1656 
988 1633 1621 1657 1655 
989 1655 1657 1625 1658 
990 1656 1655 1658 1626 
991 1629 1661 1659 1660 
992 1661 1632 1662 1659 
993 1659 1662 1621 1663 
994 1660 1659 1663 1633 
995 49 1665 1664 358 
996 1665 352 1666 1664 
997 1664 1666 355 1607 
998 358 1664 1607 34 
999 1668 358 1669 1667 
1000 1667 1669 34 1611 
1001 1671 1611 1672 1670 
1002 1670 1672 1610 1673 
1003 72 464 1674 973 
1004 464 73 1675 1674 
1005 1674 1675 44 1676 
1006 973 1674 1676 74 
1007 160 796 1677 977 
1008 796 462 1678 1677 
1009 1677 1678 464 1679 
1010 977 1677 1679 72 
1011 794 1618 1680 1681 
1012 1618 795 1682 1680 
1013 1680 1682 462 1683 
1014 1681 1680 1683 796 
1015 1684 1687 795 1688 
1016 1685 1684 1688 1618 
1017 50 1336 1689 798 
1018 1336 785 1615 1689 
1019 1689 1615 794 1690 
1020 798 1689 1690 466 
1021 1615 1693 1691 1692 
1022 1691 1685 1618 1694 
1023 1692 1691 1694 794 
1024 782 1696 1695 1335 
1025 1696 784 1697 1695 
1026 1695 1697 359 1616 
1027 1335 1695 1616 785 
1028 1616 1700 1698 1699 
1029 1700 359 1701 1698 
1030 1702 1705 1684 1706 
1031 1703 1702 1706 1685 
1032 785 1709 1707 1708 
1033 1709 1616 1699 1707 
1034 1708 1707 1693 1615 
1035 1699 1712 1710 1711 
1036 1712 1698 1713 1710 
1037 462 1613 1714 1678 
1038 1613 463 1715 1714 
1039 1714 1715 73 1716 
1040 1678 1714 1716 464 
1041 795 1673 1717 1682 
1042 1673 1610 1718 1717 
1043 1717 1718 1613 1719 
1044 1682 1717 1719 462 
1045 1617 1721 1720 1687 
1046 1721 1670 1722 1720 
1047 1720 1722 1673 1723 
1048 1687 1720 1723 795 
1049 1686 1725 1724 1705 
1050 1725 1617 1726 1724 
1051 1724 1726 1687 1727 
1052 1705 1724 1727 1684 
1053 1730 1686 1731 1728 
1054 1728 1731 1705 1732 
1055 1729 1728 1732 1702 
1056 1693 1735 1733 1734 
1057 1735 1614 1703 1733 
1058 1733 1703 1685 1736 
1059 1734 1733 1736 1691 
1060 1614 1739 1737 1738 
1061 1739 1704 1729 1737 
1062 1737 1729 1702 1740 
1063 1738 1737 1740 1703 
1064 784 1742 1741 1697 
1065 1742 1667 1743 1741 
1066 1741 1743 1611 1671 
1067 1697 1741 1671 359 
1068 359 1745 1744 1701 
1069 1745 1671 1746 1744 
1070 1744 1746 1670 1721 
1071 1701 1744 1721 1617 
1072 1698 1748 1747 1713 
1073 1748 1701 1749 1747 
1074 1747 1749 1617 1725 
1075 1713 1747 1725 1686 
1076 1710 1752 1750 1751 
1077 1752 1713 1753 1750 
1078 1750 1753 1686 1730 
1079 1751 1750 1730 1704 
1080 1704 1756 1754 1755 
1081 1756 1730 1757 1754 
1082 1754 1757 1728 1758 
1083 1755 1754 1758 1729 
1084 1641 1028 1764 1763 
1085 1763 1764 985 1765 
1086 1759 1776 1774 1775 
1087 1774 1777 1622 1778 
1088 1775 1774 1778 1762 
1089 1628 1781 1779 1780 
1090 1781 1553 1782 1779 
1091 1779 1782 1761 1776 
1092 1780 1779 1776 1759 
1093 1761 1787 1786 1777 
1094 1787 1766 1788 1786 
1095 1786 1788 1769 1789 
1096 1777 1786 1789 1622 
1097 1776 1792 1790 1791 
1098 1792 1761 1793 1790 
1099 1790 1793 1777 1794 
1100 1791 1790 1794 1774 
1101 985 1637 1795 1039 
1102 1637 1023 1796 1795 
1103 1795 1796 1025 1797 
1104 1039 1795 1797 465 
1105 1765 985 1799 1798 
1106 1798 1799 1039 1800 
1107 1046 1810 1808 1809 
1108 1809 1808 1812 1802 
1109 1772 1815 1813 1814 
1110 1815 1783 1816 1813 
1111 1813 1816 1785 1810 
1112 1814 1813 1810 1046 
1113 1029 1818 1817 1803 
1114 1818 1765 1819 1817 
1115 1817 1819 1798 1820 
1116 1803 1817 1820 1047 
1117 1822 1029 1823 1821 
1118 1821 1823 1803 1824 
1119 1810 1827 1825 1826 
1120 1827 1785 1828 1825 
1121 1826 1825 1829 1808 
1122 1624 1831 1830 1784 
1123 1831 1763 1832 1830 
1124 1830 1832 1765 1818 
1125 1784 1830 1818 1029 
1126 1783 1834 1833 1816 
1127 1834 1784 1835 1833 
1128 1833 1835 1029 1822 
1129 1816 1833 1822 1785 
1130 1785 1837 1836 1828 
1131 1837 1822 1838 1836 
1132 1836 1838 1821 1839 
1133 1828 1836 1839 1811 
1134 1044 1804 1840 1841 
1135 1804 1047 1842 1840 
1136 1840 1842 1037 1843 
1137 1841 1840 1843 1048 
1138 1802 1812 1844 1845 
1139 1812 1801 1846 1844 
1140 1844 1846 1804 1847 
1141 1845 1844 1847 1044 
1142 1808 1829 1848 1849 
1143 1829 1811 1850 1848 
1144 1848 1850 1801 1851 
1145 1849 1848 1851 1812 
1146 1825 1854 1852 1853 
1147 1854 1828 1855 1852 
1148 1852 1855 1811 1856 
1149 1853 1852 1856 1829 
1150 1858 798 1859 1857 
1151 1857 1859 466 1860 
1152 1000 1866 1865 1636 
1153 1866 797 1867 1865 
1154 1865 1867 1024 1862 
1155 1636 1865 1862 1023 
1156 1023 1870 1868 1869 
1157 1870 1862 1871 1868 
1158 1869 1868 1872 1796 
1159 466 1690 1873 1021 
1160 1690 794 1681 1873 
1161 1873 1681 796 1874 
1162 1021 1873 1874 160 
1163 1860 466 1876 1875 
1164 1875 1876 1021 1877 
1165 1194 1875 1877 1020 
1166 1024 1879 1878 1863 
1167 1879 1857 1880 1878 
1168 1878 1880 1860 1881 
1169 1863 1878 1881 799 
1170 1862 1883 1882 1871 
1171 1883 1024 1884 1882 
1172 1882 1884 1863 1885 
1173 1025 1864 1886 1887 
1174 1864 799 1888 1886 
1175 1886 1888 1194 1889 
1176 1887 1886 1889 1193 
1177 1796 1872 1890 1891 
1178 1890 1892 1864 1893 
1179 1891 1890 1893 1025 
1180 1868 1896 1894 1895 
1181 1896 1871 1897 1894 
1182 1895 1894 1898 1872 
1183 1885 1863 1900 1899 
1184 1899 1900 799 1901 
1185 1892 1899 1901 1864 
1186 1871 1903 1902 1897 
1187 1903 1882 1904 1902 
1188 1902 1904 1885 1905 
1189 1872 1898 1906 1907 
1190 1906 1908 1892 1909 
1191 1907 1906 1909 1890 
1192 1894 1912 1910 1911 
1193 1912 1897 1913 1910 
1194 1911 1910 1914 1898 
1195 1905 1885 1916 1915 
1196 1915 1916 1899 1917 
1197 1908 1915 1917 1892 
1198 1897 1919 1918 1913 
1199 1919 1902 1920 1918 
1200 1918 1920 1905 1921 
1201 1913 1918 1921 1861 
1202 1898 1914 1922 1923 
1203 1914 1861 1924 1922 
1204 1922 1924 1908 1925 
1205 1923 1922 1925 1906 
1206 1910 1928 1926 1927 
1207 1928 1913 1929 1926 
1208 1926 1929 1861 1930 
1209 1927 1926 1930 1914 
1210 1 1933 1931 1932 
1211 1933 12 119 1931 
1212 1931 119 10 62 
1213 1932 1931 62 11 
1214 16 1935 1934 335 
1215 1935 2 1936 1934 
1216 1934 1936 17 349 
1217 335 1934 349 15 
1218 19 38 1937 1938 
1219 38 21 964 1937 
1220 1937 964 9 1939 
1221 1938 1937 1939 22 
1222 20 94 1940 1941 
1223 94 19 1938 1940 
1224 1940 1938 22 1942 
1225 1941 1940 1942 4 
1226 10 1945 1943 1944 
1227 1945 25 123 1943 
1228 1943 123 23 66 
1229 1944 1943 66 24 
1230 28 458 1946 965 
1231 458 29 1947 1946 
1232 1946 1947 3 1948 
1233 965 1946 1948 30 
1234 32 1950 1949 338 
1235 1950 15 1951 1949 
1236 1949 1951 33 353 
1237 338 1949 353 31 
1238 35 54 1952 1953 
1239 54 37 968 1952 
1240 1952 968 21 1954 
1241 1953 1952 1954 38 
1242 36 97 1955 1956 
1243 97 35 1953 1955 
1244 1955 1953 38 1957 
1245 1956 1955 1957 19 
1246 23 1960 1958 1959 
1247 1960 41 127 1958 
1248 1958 127 39 70 
1249 1959 1958 70 40 
1250 44 461 1961 969 
1251 461 45 1962 1961 
1252 1961 1962 28 1963 
1253 969 1961 1963 46 
1254 48 1965 1964 341 
1255 1965 31 1966 1964 
1256 1964 1966 49 357 
1257 341 1964 357 47 
1258 51 78 1967 1968 
1259 78 53 972 1967 
1260 1967 972 37 1969 
1261 1968 1967 1969 54 
1262 52 100 1970 1971 
1263 100 51 1968 1970 
1264 1970 1968 54 1972 
1265 1971 1970 1972 35 
1266 70 1975 1973 1974 
1267 1975 39 131 1973 
1268 1973 131 56 112 
1269 1974 1973 112 68 
1270 75 164 1976 1977 
1271 164 77 1096 1976 
1272 1976 1096 53 1978 
1273 1977 1976 1978 78 
1274 76 104 1979 1980 
1275 104 75 1977 1979 
1276 1979 1977 78 1981 
1277 1980 1979 1981 51 
1278 71 113 1982 1983 
1279 113 43 102 1982 
1280 1982 102 76 1984 
1281 1983 1982 1984 98 
1282 98 1984 1985 1986 
1283 1984 76 1980 1985 
1284 1985 1980 51 1987 
1285 1986 1985 1987 100 
1286 43 117 1988 1989 
1287 1988 166 101 1990 
1288 1989 1988 1990 102 
1289 114 149 1991 1992 
1290 149 106 170 1991 
1291 1991 170 83 1993 
1292 1992 1991 1993 117 
1293 143 1996 1994 1995 
1294 1996 135 151 1994 
1295 1994 151 79 148 
1296 1995 1994 148 116 
1297 109 194 1997 1998 
1298 194 59 236 1997 
1299 1997 236 167 1999 
1300 1998 1997 1999 165 
1301 142 191 2000 2001 
1302 191 105 196 2000 
1303 2000 196 171 2002 
1304 2001 2000 2002 169 
1305 107 2004 2003 187 
1306 2004 182 214 2003 
1307 2003 214 181 2005 
1308 187 2003 2005 141 
1309 181 217 2006 2007 
1310 217 183 2008 2006 
1311 2006 2008 108 225 
1312 2007 2006 225 184 
1313 141 2005 2009 190 
1314 2005 181 2007 2009 
1315 2009 2007 184 197 
1316 190 2009 197 105 
1317 192 227 2010 2011 
1318 227 193 240 2010 
1319 2010 240 59 2012 
1320 2011 2010 2012 194 
1321 171 199 2013 2014 
1322 199 192 2011 2013 
1323 2013 2011 194 2015 
1324 2014 2013 2015 109 
1325 183 234 2016 2008 
1326 234 209 2017 2016 
1327 2016 2017 212 2018 
1328 2008 2016 2018 108 
1329 108 2018 2019 226 
1330 2018 212 2020 2019 
1331 2019 2020 221 241 
1332 226 2019 241 193 
1333 212 2022 2021 2020 
1334 2022 177 2023 2021 
1335 2021 2023 222 264 
1336 2020 2021 264 221 
1337 211 276 2024 2025 
1338 276 252 887 2024 
1339 2024 887 255 2026 
1340 2025 2024 2026 177 
1341 177 2026 2027 2023 
1342 2026 255 2028 2027 
1343 2027 2028 260 287 
1344 2023 2027 287 222 
1345 255 888 2029 2028 
1346 888 179 2030 2029 
1347 2029 2030 261 2031 
1348 2028 2029 2031 260 
1349 260 2031 2032 288 
1350 2031 261 298 2032 
1351 2032 298 91 2033 
1352 288 2032 2033 262 
1353 230 2036 2034 2035 
1354 2036 270 907 2034 
1355 2034 907 253 274 
1356 2035 2034 274 178 
1357 2037 1099 279 2039 
1358 2038 2037 2039 77 
1359 179 880 2040 2030 
1360 880 291 2041 2040 
1361 2040 2041 290 299 
1362 2030 2040 299 261 
1363 290 2043 2042 300 
1364 2043 292 317 2042 
1365 2042 317 251 2044 
1366 300 2042 2044 293 
1367 306 2046 2045 319 
1368 2046 308 329 2045 
1369 2045 329 5 2047 
1370 319 2045 2047 309 
1371 310 476 2048 2049 
1372 476 311 1102 2048 
1373 2048 1102 277 2050 
1374 2049 2048 2050 312 
1375 281 327 2051 2052 
1376 327 310 2049 2051 
1377 2051 2049 312 2053 
1378 2052 2051 2053 163 
1379 321 2055 2054 331 
1380 2055 323 499 2054 
1381 2054 499 305 2056 
1382 331 2054 2056 324 
1383 324 2056 2057 2058 
1384 2056 305 527 2057 
1385 2057 527 326 2059 
1386 2058 2057 2059 325 
1387 31 2061 2060 1966 
1388 2061 353 2062 2060 
1389 2060 2062 352 1665 
1390 1966 2060 1665 49 
1391 47 2064 2063 810 
1392 2064 357 2065 2063 
1393 2063 2065 356 783 
1394 810 2063 783 86 
1395 357 2067 2066 2065 
1396 2067 49 2068 2066 
1397 2066 2068 358 1668 
1398 2065 2066 1668 356 
1399 361 2070 2069 813 
1400 2070 86 2071 2069 
1401 2069 2071 362 787 
1402 368 414 2072 400 
1403 414 371 2073 2072 
1404 2072 2073 304 573 
1405 400 2072 573 372 
1406 374 950 2074 2075 
1407 2074 420 322 2076 
1408 2075 2074 2076 250 
1409 347 2078 2077 382 
1410 2078 376 2079 2077 
1411 2077 2079 365 408 
1412 379 2081 2080 442 
1413 2081 382 2082 2080 
1414 2080 2082 244 412 
1415 442 2080 412 370 
1416 385 2084 2083 446 
1417 2084 370 2085 2083 
1418 2083 2085 386 416 
1419 446 2083 416 383 
1420 388 2087 2086 954 
1421 2087 380 440 2086 
1422 2086 440 303 393 
1423 954 2086 393 375 
1424 393 2090 2088 2089 
1425 2090 303 444 2088 
1426 2088 444 384 433 
1427 2089 2088 433 391 
1428 302 401 2091 2092 
1429 401 372 572 2091 
1430 2091 572 395 500 
1431 2092 2091 500 323 
1432 387 418 2093 424 
1433 418 368 2094 2093 
1434 2093 2094 400 2095 
1435 424 2093 2095 398 
1436 384 2098 2096 2097 
1437 2098 404 448 2096 
1438 2096 448 402 437 
1439 2097 2096 437 403 
1440 394 434 2099 2100 
1441 434 369 423 2099 
1442 2099 423 399 2101 
1443 2100 2099 2101 419 
1444 73 1609 2102 1675 
1445 1609 459 2103 2102 
1446 2102 2103 461 2104 
1447 1675 2102 2104 44 
1448 304 2106 2105 574 
1449 2106 410 662 2105 
1450 2105 662 471 486 
1451 574 2105 486 396 
1452 474 492 2107 2108 
1453 492 475 1106 2107 
1454 2107 1106 311 2109 
1455 2108 2107 2109 476 
1456 326 528 2110 2111 
1457 528 474 2108 2110 
1458 2110 2108 476 2112 
1459 2111 2110 2112 310 
1460 482 639 2113 1107 
1461 639 483 2114 2113 
1462 2113 2114 468 2115 
1463 1107 2113 2115 484 
1464 396 2117 2116 1054 
1465 2117 486 2118 2116 
1466 2116 2118 485 519 
1467 1054 2116 519 480 
1468 486 2120 2119 2118 
1469 2120 471 2121 2119 
1470 2119 2121 487 1090 
1471 2118 2119 1090 485 
1472 489 512 2122 2123 
1473 512 491 1110 2122 
1474 2122 1110 475 2124 
1475 2123 2122 2124 492 
1476 490 531 2125 2126 
1477 531 489 2123 2125 
1478 2125 2123 492 2127 
1479 2126 2125 2127 474 
1480 495 2129 2128 1057 
1481 2129 480 2130 2128 
1482 2128 2130 496 523 
1483 1057 2128 523 493 
1484 500 2133 2131 2132 
1485 2133 395 576 2131 
1486 2131 576 478 547 
1487 2132 2131 547 498 
1488 515 2135 2134 1061 
1489 2135 493 2136 2134 
1490 2134 2136 516 538 
1491 1061 2134 538 513 
1492 496 2138 2137 524 
1493 2138 518 2139 2137 
1494 2137 2139 521 1074 
1495 524 2137 1074 247 
1496 526 563 2140 2141 
1497 563 490 2126 2140 
1498 2140 2126 474 2142 
1499 2141 2140 2142 528 
1500 543 2144 2143 586 
1501 2144 494 1059 2143 
1502 2143 1059 514 603 
1503 586 2143 603 541 
1504 583 2146 2145 601 
1505 2146 586 2147 2145 
1506 2145 2147 541 607 
1507 601 2145 607 558 
1508 246 2149 2148 724 
1509 2149 616 815 2148 
1510 2148 815 615 711 
1511 724 2148 711 366 
1512 471 2151 2150 2121 
1513 2151 624 666 2150 
1514 2150 666 623 647 
1515 2121 2150 647 487 
1516 483 651 2152 2114 
1517 651 630 2153 2152 
1518 2152 2153 632 2154 
1519 2114 2152 2154 468 
1520 472 2156 2155 668 
1521 2156 634 729 2155 
1522 2155 729 633 674 
1523 668 2155 674 625 
1524 507 688 2157 1123 
1525 688 637 2158 2157 
1526 2157 2158 639 2159 
1527 1123 2157 2159 482 
1528 642 2161 2160 672 
1529 2161 625 2162 2160 
1530 2160 2162 643 678 
1531 672 2160 678 640 
1532 647 2165 2163 2164 
1533 2165 623 670 2163 
1534 2163 670 641 691 
1535 2164 2163 691 645 
1536 367 676 2166 654 
1537 676 636 2167 2166 
1538 2166 2167 649 2168 
1539 654 2166 2168 638 
1540 636 721 2169 2167 
1541 721 622 770 2169 
1542 2169 770 650 2170 
1543 2167 2169 2170 649 
1544 644 680 2171 699 
1545 680 367 2172 2171 
1546 2171 2172 654 2173 
1547 699 2171 2173 652 
1548 657 696 2174 2175 
1549 696 656 702 2174 
1550 2174 702 660 2176 
1551 2175 2174 2176 626 
1552 648 692 2177 2178 
1553 692 626 698 2177 
1554 2177 698 653 2179 
1555 2178 2177 2179 686 
1556 366 2181 2180 749 
1557 2181 711 2182 2180 
1558 2180 2182 710 754 
1559 749 2180 754 621 
1560 711 2184 2183 2182 
1561 2184 615 819 2183 
1562 2183 819 712 2185 
1563 2182 2183 2185 710 
1564 710 2185 2186 755 
1565 755 2186 1015 713 
1566 715 2188 2187 752 
1567 2188 621 2189 2187 
1568 2187 2189 716 758 
1569 752 2187 758 714 
1570 631 962 2190 2191 
1571 962 732 995 2190 
1572 2190 995 734 1292 
1573 2191 2190 1292 469 
1574 717 760 2192 771 
1575 760 87 2193 2192 
1576 2192 2193 736 2194 
1577 771 2192 2194 735 
1578 720 768 2195 2196 
1579 768 738 774 2195 
1580 2195 774 741 2197 
1581 2196 2195 2197 622 
1582 86 2199 2198 2071 
1583 2199 783 2200 2198 
1584 2198 2200 782 1334 
1585 2071 2198 1334 362 
1586 783 2202 2201 2200 
1587 2202 356 2203 2201 
1588 2201 2203 784 1696 
1589 2200 2201 1696 782 
1590 360 2205 2204 817 
1591 2205 787 2206 2204 
1592 2204 2206 786 823 
1593 817 2204 823 617 
1594 787 2208 2207 2206 
1595 2208 362 2209 2207 
1596 2207 2209 788 1338 
1597 2206 2207 1338 786 
1598 1340 50 2211 2210 
1599 2210 2211 798 1858 
1600 804 2214 2212 2213 
1601 2214 803 856 2212 
1602 2212 856 807 1360 
1603 2213 2212 1360 618 
1604 806 845 2215 857 
1605 845 826 2216 2215 
1606 2215 2216 829 2217 
1607 857 2215 2217 793 
1608 821 2219 2218 841 
1609 2219 835 2220 2218 
1610 2218 2220 827 843 
1611 841 2218 843 790 
1612 863 921 2221 879 
1613 921 865 2222 2221 
1614 2221 2222 248 2223 
1615 879 2221 2223 291 
1616 866 2225 2224 896 
1617 2225 868 2226 2224 
1618 2224 2226 249 919 
1619 896 2224 919 864 
1620 897 2228 2227 915 
1621 2228 900 2229 2227 
1622 2227 2229 869 927 
1623 915 2227 927 883 
1624 916 947 2230 2231 
1625 947 374 2075 2230 
1626 2230 2075 250 2232 
1627 2231 2230 2232 307 
1628 865 943 2233 2222 
1629 943 916 2231 2233 
1630 2233 2231 307 2234 
1631 2222 2233 2234 248 
1632 938 2237 2235 2236 
1633 2237 389 952 2235 
1634 2235 952 90 945 
1635 2236 2235 945 917 
1636 868 2239 2238 2226 
1637 2239 938 2236 2238 
1638 2238 2236 917 941 
1639 2226 2238 941 249 
1640 994 1019 2241 2242 
1641 1019 988 1501 2241 
1642 2241 1501 627 2243 
1643 2242 2241 2243 997 
1644 801 2245 2244 1003 
1645 2245 998 2246 2244 
1646 2244 2246 1000 1635 
1647 1003 2244 1635 628 
1648 1001 2248 2247 1472 
1649 2248 1003 2249 2247 
1650 2247 2249 628 1639 
1651 1012 1412 2250 2251 
1652 1412 854 1445 2250 
1653 2250 1445 1006 2252 
1654 2251 2250 2252 1010 
1655 1010 2252 2253 2254 
1656 2252 1006 1469 2253 
1657 2253 1469 987 2255 
1658 2254 2253 2255 1013 
1659 1014 2258 2256 2257 
1660 2258 852 1348 2256 
1661 2256 1348 733 1018 
1662 2257 2256 1018 996 
1663 627 1502 2259 2260 
1664 2260 2259 2261 1031 
1665 1031 2261 2262 2263 
1666 2263 2262 2264 984 
1667 1800 1039 2266 2265 
1668 2265 2266 465 2267 
1669 984 2264 2268 2269 
1670 2269 2268 1191 1042 
1671 1045 1807 2270 2271 
1672 1807 1044 1841 2270 
1673 2270 1841 1048 2272 
1674 2271 2270 2272 1038 
1675 511 1076 2273 2274 
1676 1076 1067 1114 2273 
1677 2273 1114 1069 2275 
1678 2274 2273 2275 491 
1679 277 1104 2276 2277 
1680 2276 1252 1098 2278 
1681 2277 2276 2278 1099 
1682 1068 1163 2279 1166 
1683 1163 1147 2280 2279 
1684 2279 2280 1157 2281 
1685 1166 2279 2281 1150 
1686 1182 2283 2282 1214 
1687 2283 1038 2284 2282 
1688 2282 2284 1183 1219 
1689 1214 2282 1219 1180 
1690 991 2286 2285 1297 
1691 2286 1187 2287 2285 
1692 2285 2287 1185 1249 
1693 1297 2285 1249 1186 
1694 1187 2289 2288 2287 
1695 2289 984 2269 2288 
1696 2288 2269 1042 1239 
1697 2287 2288 1239 1185 
1698 1191 2292 2290 2291 
1699 2292 1041 1212 2290 
1700 2290 1212 1181 1235 
1701 2291 2290 1235 1189 
1702 465 1797 2293 1197 
1703 1797 1025 1887 2293 
1704 2293 1887 1193 2294 
1705 1197 2293 2294 1035 
1706 986 1217 2295 1201 
1707 1217 1040 2296 2295 
1708 2295 2296 1196 2297 
1709 1201 2295 2297 1178 
1710 1040 2267 2298 2296 
1711 2267 465 2299 2298 
1712 2298 2299 1197 2300 
1713 2296 2298 2300 1196 
1714 1208 2303 2301 2302 
1715 2303 1045 2271 2301 
1716 2301 2271 1038 2283 
1717 2302 2301 2283 1182 
1718 1209 2306 2304 2305 
1719 2306 1208 2302 2304 
1720 2304 2302 1182 1213 
1721 2305 2304 1213 1041 
1722 1038 2272 2307 2284 
1723 2272 1048 2308 2307 
1724 2307 2308 1215 2309 
1725 2284 2307 2309 1183 
1726 1048 1843 2310 2308 
1727 1843 1037 2311 2310 
1728 2310 2311 1216 2312 
1729 2308 2310 2312 1215 
1730 1183 2309 2313 1220 
1731 2309 1215 2314 2313 
1732 2313 2314 1217 2315 
1733 1220 2313 2315 986 
1734 1188 1240 2316 1259 
1735 1240 629 1231 2316 
1736 2316 1231 1177 2317 
1737 1259 2316 2317 1227 
1738 632 2320 2318 2319 
1739 2320 469 1291 2318 
1740 2318 1291 992 1280 
1741 2319 2318 1280 1241 
1742 992 2323 2321 2322 
1743 2323 1245 1295 2321 
1744 2321 1295 1243 1284 
1745 2322 2321 1284 1244 
1746 1248 2325 2324 1276 
1747 2325 1247 1262 2324 
1748 2324 1262 1250 2326 
1749 1276 2324 2326 993 
1750 1269 1277 2327 1322 
1751 1277 993 2328 2327 
1752 2327 2328 1258 2329 
1753 1322 2327 2329 1270 
1754 1274 1313 2330 1326 
1755 1313 1273 2331 2330 
1756 2330 2331 1277 2332 
1757 1326 2330 2332 1269 
1758 793 2217 2333 1352 
1759 2217 829 2334 2333 
1760 2333 2334 1341 1395 
1761 1343 1401 2335 1383 
1762 1401 1346 2336 2335 
1763 2335 2336 800 1452 
1764 1383 2335 1452 1007 
1765 1350 2338 2337 1368 
1766 2338 1352 2339 2337 
1767 2337 2339 853 1399 
1768 1368 2337 1399 1345 
1769 1373 1434 2340 1437 
1770 1434 1409 2341 2340 
1771 2340 2341 1428 2342 
1772 1437 2340 2342 1418 
1773 800 2344 2343 1453 
1774 2344 1397 2345 2343 
1775 2343 2345 1448 1488 
1776 1453 2343 1488 1008 
1777 1454 2347 2346 1486 
1778 2347 1008 2348 2346 
1779 2346 2348 1466 1492 
1780 1486 2346 1492 1464 
1781 1447 2351 2349 2350 
1782 2351 1005 1484 2349 
1783 2349 1484 1465 1508 
1784 2350 2349 1508 1468 
1785 1471 2353 2352 1556 
1786 2353 1472 2354 2352 
1787 2352 2354 1004 1643 
1788 1556 2352 1643 1473 
1789 1467 1494 2355 1516 
1790 1494 989 2356 2355 
1791 2355 2356 1476 1595 
1792 1516 2355 1595 1474 
1793 1475 1517 2357 2358 
1794 1517 1474 1594 2357 
1795 2357 1594 1477 1587 
1796 2358 2357 1587 1460 
1797 1013 2255 2359 2360 
1798 2255 987 1504 2359 
1799 2359 1504 1461 2361 
1800 2360 2359 2361 1500 
1801 1500 2361 2362 2363 
1802 2361 1461 1583 2362 
1803 2362 1583 990 2364 
1804 2363 2362 2364 1502 
1805 1470 1509 2365 2366 
1806 1509 1009 1515 2365 
1807 2365 1515 1475 2367 
1808 2366 2365 2367 1503 
1809 1503 2367 2368 2369 
1810 2367 1475 2358 2368 
1811 2368 2358 1460 2370 
1812 2369 2368 2370 1505 
1813 1513 1533 2371 2372 
1814 1533 1478 1535 2371 
1815 2371 1535 1519 2373 
1816 2372 2371 2373 1527 
1817 990 1584 2374 2375 
1818 2375 2374 2376 1544 
1819 1544 2376 2377 2378 
1820 2378 2377 2379 1030 
1821 1548 1588 2380 2381 
1822 1588 1547 1574 2380 
1823 2380 1574 1550 2382 
1824 2381 2380 2382 1463 
1825 1645 1552 2384 2383 
1826 1549 1568 2385 1575 
1827 1568 1554 2386 2385 
1828 2385 2386 1557 2387 
1829 1575 2385 2387 802 
1830 1477 2390 2388 2389 
1831 2390 1560 1598 2388 
1832 2388 1598 1558 1591 
1833 2389 2388 1591 1559 
1834 1476 2392 2391 1596 
1835 2392 1563 2393 2391 
1836 2391 2393 1555 1566 
1837 1596 2391 1566 1462 
1838 1505 2370 2394 2395 
1839 2370 1460 1586 2394 
1840 2394 1586 1548 2396 
1841 2395 2394 2396 1582 
1842 1582 2396 2397 2398 
1843 2396 1548 2381 2397 
1844 2397 2381 1463 2399 
1845 2398 2397 2399 1584 
1846 802 2387 2400 2401 
1847 2387 1557 2402 2400 
1848 2400 2402 1619 1631 
1849 2401 2400 1631 1571 
1850 1557 2404 2403 2402 
1851 2404 1473 2405 2403 
1852 2403 2405 1620 1647 
1853 2402 2403 1647 1619 
1854 1621 1649 2406 1657 
1855 1649 1551 2407 2406 
1856 2406 2407 1627 2408 
1857 1657 2406 2408 1625 
1858 1625 2408 2409 2410 
1859 2408 1627 2411 2409 
1860 2409 2411 1553 1781 
1861 2410 2409 1781 1628 
1862 1626 1658 2412 2413 
1863 1658 1625 2410 2412 
1864 2412 2410 1628 2414 
1865 2413 2412 2414 1027 
1866 1650 2417 2418 2419 
1867 2419 2418 2420 1210 
1868 356 2422 2421 2203 
1869 2422 1668 2423 2421 
1870 2421 2423 1667 1742 
1871 2203 2421 1742 784 
1872 1707 2426 2424 2425 
1873 2426 1699 1711 2424 
1874 2424 1711 1614 1735 
1875 2425 2424 1735 1693 
1876 1711 2429 2427 2428 
1877 2429 1710 1751 2427 
1878 2427 1751 1704 1739 
1879 2428 2427 1739 1614 
1880 1027 2414 2430 2431 
1881 2414 1628 1780 2430 
1882 2430 1780 1759 2432 
1883 2431 2430 2432 1760 
1884 1760 2432 2433 2434 
1885 2432 1759 1775 2433 
1886 2433 1775 1762 2435 
1887 2434 2433 2435 1623 
1888 1026 2437 2436 1768 
1889 2437 1641 2438 2436 
1890 2436 2438 1763 1831 
1891 1768 2436 1831 1624 
1892 1553 2440 2439 1782 
1893 2440 1767 2441 2439 
1894 2439 2441 1766 1787 
1895 1782 2439 1787 1761 
1896 1622 1789 2442 2443 
1897 1789 1769 2444 2442 
1898 2442 2444 1783 1815 
1899 2443 2442 1815 1772 
1900 1769 2446 2445 2444 
1901 2446 1624 2447 2445 
1902 2445 2447 1784 1834 
1903 2444 2445 1834 1783 
1904 1047 1820 2448 1842 
1905 1820 1798 2449 2448 
1906 2448 2449 1800 2450 
1907 1842 2448 2450 1037 
1908 1801 1824 2451 1846 
1909 1824 1803 2452 2451 
1910 2451 2452 1047 2453 
1911 1846 2451 2453 1804 
1912 1811 1839 2454 1850 
1913 1839 1821 2455 2454 
1914 2454 2455 1824 2456 
1915 1850 2454 2456 1801 
1916 797 2458 2457 1867 
1917 2458 1858 2459 2457 
1918 2457 2459 1857 1879 
1919 1867 2457 1879 1024 
1920 799 1881 2460 1888 
1921 1881 1860 2461 2460 
1922 2460 2461 1875 2462 
1923 1888 2460 2462 1194 
1924 1861 1921 2463 1924 
1925 1921 1905 2464 2463 
1926 2463 2464 1915 2465 
1927 1924 2463 2465 1908 
1928 162 282 2466 2467 
1929 2466 2038 77 2468 
1930 2467 2466 2468 164 
1931 103 220 2469 2470 
1932 220 162 2467 2469 
1933 2469 2467 164 2471 
1934 2470 2469 2471 75 
1935 83 172 2472 2473 
1936 172 109 1998 2472 
1937 2472 1998 165 2474 
1938 2473 2472 2474 166 
1939 106 176 2475 2476 
1940 176 142 2001 2475 
1941 2475 2001 169 2477 
1942 2476 2475 2477 170 
1943 169 2002 2478 2479 
1944 2002 171 2014 2478 
1945 2478 2014 109 2480 
1946 2479 2478 2480 172 
1947 170 2477 2481 2482 
1948 2477 169 2479 2481 
1949 2481 2479 172 2483 
1950 2482 2481 2483 83 
1951 209 259 2484 2017 
1952 259 211 2025 2484 
1953 2484 2025 177 2022 
1954 2017 2484 2022 212 
1955 228 2487 2485 2486 
1956 2487 230 2035 2485 
1957 2485 2035 178 257 
1958 2486 2485 257 210 
1959 208 2490 2488 2489 
1960 2490 228 2486 2488 
1961 2488 2486 210 232 
1962 2489 2488 232 82 
1963 280 315 2491 2492 
1964 315 281 2052 2491 
1965 2491 2052 163 2493 
1966 2492 2491 2493 282 
1967 219 296 2494 2495 
1968 296 280 2492 2494 
1969 2494 2492 282 2496 
1970 2495 2494 2496 162 
1971 291 2223 2497 2041 
1972 2223 248 2498 2497 
1973 2497 2498 292 2043 
1974 2041 2497 2043 290 
1975 248 2234 2499 2498 
1976 2234 307 2500 2499 
1977 2499 2500 306 318 
1978 2498 2499 318 292 
1979 307 2232 2501 2500 
1980 2232 250 2502 2501 
1981 2501 2502 308 2046 
1982 2500 2501 2046 306 
1983 250 2076 2503 2502 
1984 2076 322 2504 2503 
1985 2503 2504 321 330 
1986 2502 2503 330 308 
1987 322 421 2505 2504 
1988 421 302 2092 2505 
1989 2505 2092 323 2055 
1990 2504 2505 2055 321 
1991 5 332 2506 2507 
1992 332 324 2058 2506 
1993 2506 2058 325 2508 
1994 2507 2506 2508 314 
1995 325 2059 2509 2510 
1996 2059 326 2111 2509 
1997 2509 2111 310 2511 
1998 2510 2509 2511 327 
1999 314 2508 2512 2513 
2000 2508 325 2510 2512 
2001 2512 2510 327 2514 
2002 2513 2512 2514 281 
2003 376 2516 2515 2079 
2004 2516 378 2517 2515 
2005 2515 2517 246 723 
2006 2079 2515 723 365 
2007 375 2519 2518 958 
2008 2519 393 2089 2518 
2009 2518 2089 391 2520 
2010 958 2518 2520 392 
2011 392 2520 2521 2522 
2012 2520 391 432 2521 
2013 2521 432 394 2523 
2014 2522 2521 2523 373 
2015 371 2525 2524 2073 
2016 2525 407 2526 2524 
2017 2524 2526 410 2106 
2018 2073 2524 2106 304 
2019 373 2523 2527 2528 
2020 2523 394 2100 2527 
2021 2527 2100 419 2529 
2022 2528 2527 2529 420 
2023 509 1072 2530 2531 
2024 1072 511 2274 2530 
2025 2530 2274 491 2532 
2026 2531 2530 2532 512 
2027 510 535 2533 2534 
2028 535 509 2531 2533 
2029 2533 2531 512 2535 
2030 2534 2533 2535 489 
2031 480 2537 2536 2130 
2032 2537 519 2538 2536 
2033 2536 2538 518 2138 
2034 2130 2536 2138 496 
2035 518 2540 2539 2139 
2036 2540 520 2541 2539 
2037 2539 2541 488 1086 
2038 2139 2539 1086 521 
2039 529 555 2542 2543 
2040 555 510 2534 2542 
2041 2542 2534 489 2544 
2042 2543 2542 2544 531 
2043 530 566 2545 2546 
2044 566 529 2543 2545 
2045 2545 2543 531 2547 
2046 2546 2545 2547 490 
2047 630 737 2548 2153 
2048 737 631 2191 2548 
2049 2548 2191 469 2320 
2050 2153 2548 2320 632 
2051 637 655 2549 2158 
2052 655 638 2550 2549 
2053 2549 2550 483 2551 
2054 2158 2549 2551 639 
2055 638 2168 2552 2550 
2056 2168 649 2553 2552 
2057 2552 2553 651 2554 
2058 2550 2552 2554 483 
2059 718 746 2555 2556 
2060 746 720 2196 2555 
2061 2555 2196 622 2557 
2062 2556 2555 2557 721 
2063 712 2560 2558 2559 
2064 2560 805 831 2558 
2065 2558 831 803 2214 
2066 2559 2558 2214 804 
2067 378 2562 2561 2517 
2068 2562 811 2563 2561 
2069 2561 2563 616 2149 
2070 2517 2561 2149 246 
2071 819 2566 2564 2565 
2072 2566 818 839 2564 
2073 2564 839 805 2560 
2074 2565 2564 2560 712 
2075 948 959 2567 2568 
2076 959 392 2522 2567 
2077 2567 2522 373 2569 
2078 2568 2567 2569 950 
2079 363 2571 2570 1342 
2080 2571 825 2572 2570 
2081 2570 2572 998 2245 
2082 1342 2570 2245 801 
2083 998 2574 2573 2246 
2084 2574 999 2575 2573 
2085 2573 2575 797 1866 
2086 2246 2573 1866 1000 
2087 1002 2577 2576 1449 
2088 2577 801 2578 2576 
2089 2576 2578 1003 2248 
2090 1449 2576 2248 1001 
2091 1015 2581 2579 2580 
2092 2581 618 1359 2579 
2093 2579 1359 852 2258 
2094 2580 2579 2258 1014 
2095 520 2583 2582 2541 
2096 2583 1089 2584 2582 
2097 2582 2584 1083 1092 
2098 2541 2582 1092 488 
2099 1210 2420 2585 2586 
2100 2586 2585 2303 1208 
2101 1215 2312 2587 2314 
2102 2312 1216 2588 2587 
2103 2587 2588 1040 2589 
2104 2314 2587 2589 1217 
2105 468 2154 2590 2591 
2106 2154 632 2319 2590 
2107 2590 2319 1241 2592 
2108 2591 2590 2592 1103 
2109 1103 2592 2593 2594 
2110 2592 1241 1279 2593 
2111 2593 1279 1242 2595 
2112 2594 2593 2595 470 
2113 1186 2597 2596 1309 
2114 2597 1249 2598 2596 
2115 2596 2598 1247 2325 
2116 1309 2596 2325 1248 
2117 1249 2600 2599 2598 
2118 2600 1185 2601 2599 
2119 2599 2601 1238 1263 
2120 2598 2599 1263 1247 
2121 470 2595 2602 2603 
2122 2595 1242 1315 2602 
2123 2602 1315 1251 2604 
2124 2603 2602 2604 1252 
2125 993 2326 2605 2328 
2126 2326 1250 2606 2605 
2127 2605 2606 1257 2607 
2128 2328 2605 2607 1258 
2129 1250 1265 2608 2606 
2130 1265 1188 2609 2608 
2131 2608 2609 1259 2610 
2132 2606 2608 2610 1257 
2133 1341 2612 2611 1396 
2134 2612 1342 2613 2611 
2135 2611 2613 801 2577 
2136 1396 2611 2577 1002 
2137 1346 2615 2614 2336 
2138 2615 1394 2616 2614 
2139 2614 2616 1397 2344 
2140 2336 2614 2344 800 
2141 1444 1459 2617 2618 
2142 1459 1446 2619 2617 
2143 2617 2619 1005 2351 
2144 2618 2617 2351 1447 
2145 1446 2621 2620 2619 
2146 2621 1451 2622 2620 
2147 2620 2622 1454 1485 
2148 2619 2620 1485 1005 
2149 1450 2624 2623 1564 
2150 2624 1001 2625 2623 
2151 2623 2625 1472 2353 
2152 1564 2623 2353 1471 
2153 1554 2627 2626 2386 
2154 2627 1556 2628 2626 
2155 2626 2628 1473 2404 
2156 2386 2626 2404 1557 
2157 989 2630 2629 2356 
2158 2630 1490 2631 2629 
2159 2629 2631 1563 2392 
2160 2356 2629 2392 1476 
2161 1550 1576 2632 2633 
2162 1576 802 2401 2632 
2163 2632 2401 1571 2634 
2164 2633 2632 2634 1569 
2165 1569 2634 2635 2636 
2166 2634 1571 1630 2635 
2167 2635 1630 1545 2637 
2168 2636 2635 2637 1572 
2169 1552 2639 2638 2384 
2170 2639 1638 2640 2638 
2171 2638 2640 1641 2437 
2172 2384 2638 2437 1026 
2173 1030 2379 2641 2642 
2174 2642 2641 2643 1651 
2175 1651 2643 2644 2645 
2176 2643 1650 2419 2644 
2177 2644 2419 1210 2646 
2178 2645 2644 2646 1032 
2179 1572 2637 2647 2648 
2180 2637 1545 1656 2647 
2181 2647 1656 1626 2649 
2182 2648 2647 2649 1652 
2183 1652 2649 2650 2651 
2184 2649 1626 2413 2650 
2185 2650 2413 1027 2652 
2186 2651 2650 2652 1654 
2187 1766 2654 2653 1788 
2188 2654 1768 2655 2653 
2189 2653 2655 1624 2446 
2190 1788 2653 2446 1769 
2191 1762 1778 2656 2657 
2192 1778 1622 2443 2656 
2193 2656 2443 1772 2658 
2194 2657 2656 2658 1770 
2195 1770 2658 2659 2660 
2196 2658 1772 1814 2659 
2197 2659 1814 1046 2661 
2198 2660 2659 2661 1773 
2199 1773 2661 2662 2663 
2200 2661 1046 1809 2662 
2201 2662 1809 1802 2664 
2202 2663 2662 2664 1805 
2203 1805 2664 2665 2666 
2204 2664 1802 1845 2665 
2205 2665 1845 1044 2667 
2206 2666 2665 2667 1807 
2207 117 1993 2668 2669 
2208 1993 83 2473 2668 
2209 2668 2473 166 2670 
2210 2669 2668 2670 1988 
2211 312 2050 2671 2672 
2212 2050 277 2277 2671 
2213 2671 2277 1099 2673 
2214 2672 2671 2673 2037 
2215 950 2569 2674 2675 
2216 2569 373 2528 2674 
2217 2674 2528 420 2676 
2218 2675 2674 2676 2074 
2219 2186 2679 2677 2678 
2220 2679 804 2213 2677 
2221 2677 2213 618 2581 
2222 2678 2677 2581 1015 
2223 999 2681 2680 2575 
2224 2681 2210 2682 2680 
2225 2680 2682 1858 2458 
2226 2575 2680 2458 797 
2227 997 2243 2683 2684 
2228 2243 627 2260 2683 
2229 2683 2260 1031 2685 
2230 2684 2683 2685 2240 
2231 2240 2685 2686 2687 
2232 2685 1031 2263 2686 
2233 2686 2263 984 2289 
2234 2687 2686 2289 1187 
2235 1293 2690 2688 2689 
2236 2690 2240 2687 2688 
2237 2688 2687 1187 2286 
2238 2689 2688 2286 991 
2239 1502 2364 2691 2692 
2240 2364 990 2375 2691 
2241 2691 2375 1544 2693 
2242 2692 2691 2693 2259 
2243 2259 2693 2694 2695 
2244 2693 1544 2378 2694 
2245 2694 2378 1030 2696 
2246 2695 2694 2696 2261 
2247 2261 2696 2697 2698 
2248 2696 1030 2642 2697 
2249 2697 2642 1651 2699 
2250 2698 2697 2699 2262 
2251 2262 2699 2700 2701 
2252 2699 1651 2645 2700 
2253 2700 2645 1032 2702 
2254 2701 2700 2702 2264 
2255 1037 2450 2703 2311 
2256 2450 1800 2704 2703 
2257 2703 2704 2265 2705 
2258 2311 2703 2705 1216 
2259 1216 2705 2706 2588 
2260 2705 2265 2707 2706 
2261 2706 2707 2267 2708 
2262 2588 2706 2708 1040 
2263 2268 2711 2709 2710 
2264 2711 1209 2305 2709 
2265 2709 2305 1041 2292 
2266 2710 2709 2292 1191 
2267 1627 2713 2712 2411 
2268 2713 2383 2714 2712 
2269 2712 2714 1767 2440 
2270 2411 2712 2440 1553 
2271 1654 2652 2715 2716 
2272 2652 1027 2431 2715 
2273 2715 2431 1760 2717 
2274 2716 2715 2717 2415 
2275 2415 2717 2718 2719 
2276 2717 1760 2434 2718 
2277 2718 2434 1623 2720 
2278 2719 2718 2720 2417 
2279 101 168 2721 2722 
2280 168 103 2470 2721 
2281 2721 2470 75 2723 
2282 2722 2721 2723 104 
2283 102 1990 2724 2725 
2284 1990 101 2722 2724 
2285 2724 2722 104 2726 
2286 2725 2724 2726 76 
2287 206 2729 2727 2728 
2288 2729 208 2489 2727 
2289 2727 2489 82 215 
2290 2728 2727 215 182 
2291 153 2732 2730 2731 
2292 2732 206 2728 2730 
2293 2730 2728 182 2004 
2294 2731 2730 2004 107 
2295 218 285 2733 2734 
2296 285 219 2495 2733 
2297 2733 2495 162 2735 
2298 2734 2733 2735 220 
2299 167 238 2736 2737 
2300 238 218 2734 2736 
2301 2736 2734 220 2738 
2302 2737 2736 2738 103 
2303 309 2047 2739 2740 
2304 2047 5 2507 2739 
2305 2739 2507 314 2741 
2306 2740 2739 2741 313 
2307 313 2741 2742 2743 
2308 2741 314 2513 2742 
2309 2742 2513 281 2744 
2310 2743 2742 2744 315 
2311 244 2746 2745 413 
2312 2746 408 2747 2745 
2313 2745 2747 407 2525 
2314 413 2745 2525 371 
2315 407 2749 2748 2526 
2316 2749 409 2750 2748 
2317 2748 2750 364 663 
2318 2526 2748 663 410 
2319 519 2752 2751 2538 
2320 2752 485 2753 2751 
2321 2751 2753 520 2540 
2322 2538 2751 2540 518 
2323 649 2170 2754 2553 
2324 2170 650 2755 2754 
2325 2754 2755 630 2756 
2326 2553 2754 2756 651 
2327 409 2758 2757 2750 
2328 2758 722 2759 2757 
2329 2757 2759 620 726 
2330 2750 2757 726 364 
2331 650 772 2760 2755 
2332 772 735 2761 2760 
2333 2760 2761 737 2762 
2334 2755 2760 2762 630 
2335 811 2764 2763 2563 
2336 2764 813 2765 2763 
2337 2763 2765 360 816 
2338 2563 2763 816 616 
2339 792 2767 2766 828 
2340 2767 822 2768 2766 
2341 2766 2768 825 2571 
2342 828 2766 2571 363 
2343 825 2770 2769 2572 
2344 2770 789 2771 2769 
2345 2769 2771 999 2574 
2346 2572 2769 2574 998 
2347 485 2773 2772 2753 
2348 2773 1090 2774 2772 
2349 2772 2774 1089 2583 
2350 2753 2772 2583 520 
2351 484 2115 2775 2776 
2352 2115 468 2591 2775 
2353 2775 2591 1103 2777 
2354 2776 2775 2777 1101 
2355 1101 2777 2778 2779 
2356 2777 1103 2594 2778 
2357 2778 2594 470 2780 
2358 2779 2778 2780 1104 
2359 1032 2646 2781 2782 
2360 2646 1210 2586 2781 
2361 2781 2586 1208 2306 
2362 2782 2781 2306 1209 
2363 1290 2785 2783 2784 
2364 2785 1293 2689 2783 
2365 2783 2689 991 1296 
2366 2784 2783 1296 1245 
2367 1291 2788 2786 2787 
2368 2788 1290 2784 2786 
2369 2786 2784 1245 2323 
2370 2787 2786 2323 992 
2371 829 2790 2789 2334 
2372 2790 363 2791 2789 
2373 2789 2791 1342 2612 
2374 2334 2789 2612 1341 
2375 853 2793 2792 1400 
2376 2793 1395 2794 2792 
2377 2792 2794 1394 2615 
2378 1400 2792 2615 1346 
2379 1448 2796 2795 1489 
2380 2796 1449 2797 2795 
2381 2795 2797 1001 2624 
2382 1489 2795 2624 1450 
2383 1007 2799 2798 1458 
2384 2799 1452 2800 2798 
2385 2798 2800 1451 2621 
2386 1458 2798 2621 1446 
2387 1451 2802 2801 2622 
2388 2802 1453 2803 2801 
2389 2801 2803 1008 2347 
2390 2622 2801 2347 1454 
2391 1466 2805 2804 1493 
2392 2805 1487 2806 2804 
2393 2804 2806 1490 2630 
2394 1493 2804 2630 989 
2395 1555 2808 2807 1567 
2396 2808 1471 2809 2807 
2397 2807 2809 1556 2627 
2398 1567 2807 2627 1554 
2399 1563 2811 2810 2393 
2400 2811 1564 2812 2810 
2401 2810 2812 1471 2808 
2402 2393 2810 2808 1555 
2403 1463 2382 2813 2814 
2404 2382 1550 2633 2813 
2405 2813 2633 1569 2815 
2406 2814 2813 2815 1570 
2407 1570 2815 2816 2817 
2408 2815 1569 2636 2816 
2409 2816 2636 1572 2818 
2410 2817 2816 2818 1543 
2411 1004 2820 2819 1644 
2412 2820 1639 2821 2819 
2413 2819 2821 1638 2639 
2414 1644 2819 2639 1552 
2415 1543 2818 2822 2823 
2416 2818 1572 2648 2822 
2417 2822 2648 1652 2824 
2418 2823 2822 2824 1653 
2419 1653 2824 2825 2826 
2420 2824 1652 2651 2825 
2421 2825 2651 1654 2827 
2422 2826 2825 2827 1546 
2423 1767 2829 2828 2441 
2424 2829 1026 2830 2828 
2425 2828 2830 1768 2654 
2426 2441 2828 2654 1766 
2427 1623 2435 2831 2832 
2428 2435 1762 2657 2831 
2429 2831 2657 1770 2833 
2430 2832 2831 2833 1771 
2431 1771 2833 2834 2835 
2432 2833 1770 2660 2834 
2433 2834 2660 1773 2836 
2434 2835 2834 2836 983 
2435 983 2836 2837 2838 
2436 2836 1773 2663 2837 
2437 2837 2663 1805 2839 
2438 2838 2837 2839 1806 
2439 1806 2839 2840 2841 
2440 2839 1805 2666 2840 
2441 2840 2666 1807 2842 
2442 2841 2840 2842 1045 
2443 163 2053 2843 2844 
2444 2053 312 2672 2843 
2445 2843 2672 2037 2845 
2446 2844 2843 2845 2038 
2447 813 2847 2846 2765 
2448 2847 2069 2848 2846 
2449 2846 2848 787 2205 
2450 2765 2846 2205 360 
2451 382 2850 2849 2082 
2452 2850 2077 2851 2849 
2453 2849 2851 408 2746 
2454 2082 2849 2746 244 
2455 2185 2854 2852 2853 
2456 2854 712 2559 2852 
2457 2852 2559 804 2679 
2458 2853 2852 2679 2186 
2459 789 2856 2855 2771 
2460 2856 1340 2857 2855 
2461 2855 2857 2210 2681 
2462 2771 2855 2681 999 
2463 734 2860 2858 2859 
2464 2860 997 2684 2858 
2465 2858 2684 2240 2690 
2466 2859 2858 2690 1293 
2467 1472 2862 2861 2354 
2468 2862 2247 2863 2861 
2469 2861 2863 1639 2820 
2470 2354 2861 2820 1004 
2471 2264 2702 2864 2865 
2472 2702 1032 2782 2864 
2473 2864 2782 1209 2711 
2474 2865 2864 2711 2268 
2475 1104 2780 2866 2867 
2476 2780 470 2603 2866 
2477 2866 2603 1252 2868 
2478 2867 2866 2868 2276 
2479 1352 2870 2869 2339 
2480 2870 2333 2871 2869 
2481 2869 2871 1395 2793 
2482 2339 2869 2793 853 
2483 1584 2399 2872 2873 
2484 2399 1463 2814 2872 
2485 2872 2814 1570 2874 
2486 2873 2872 2874 2374 
2487 2374 2874 2875 2876 
2488 2874 1570 2817 2875 
2489 2875 2817 1543 2877 
2490 2876 2875 2877 2376 
2491 2376 2877 2878 2879 
2492 2877 1543 2823 2878 
2493 2878 2823 1653 2880 
2494 2879 2878 2880 2377 
2495 2377 2880 2881 2882 
2496 2880 1653 2826 2881 
2497 2881 2826 1546 2883 
2498 2882 2881 2883 2379 
2499 1551 2885 2884 2407 
2500 2885 1645 2886 2884 
2501 2884 2886 2383 2713 
2502 2407 2884 2713 1627 
2503 2383 2888 2887 2714 
2504 2888 2384 2889 2887 
2505 2887 2889 1026 2829 
2506 2714 2887 2829 1767 
2507 1546 2827 2890 2891 
2508 2827 1654 2716 2890 
2509 2890 2716 2415 2892 
2510 2891 2890 2892 2416 
2511 2416 2892 2893 2894 
2512 2892 2415 2719 2893 
2513 2893 2719 2417 2895 
2514 2894 2893 2895 1650 
2515 2417 2720 2896 2897 
2516 2720 1623 2832 2896 
2517 2896 2832 1771 2898 
2518 2897 2896 2898 2418 
2519 2418 2898 2899 2900 
2520 2898 1771 2835 2899 
2521 2899 2835 983 2901 
2522 2900 2899 2901 2420 
2523 282 2493 2902 2903 
2524 2493 163 2844 2902 
2525 2902 2844 2038 2904 
2526 2903 2902 2904 2466 
2527 2420 2901 2905 2906 
2528 2901 983 2838 2905 
2529 2905 2838 1806 2907 
2530 2906 2905 2907 2585 
2531 2585 2907 2908 2909 
2532 2907 1806 2841 2908 
2533 2908 2841 1045 2910 
2534 2909 2908 2910 2303 
2535 2379 2883 2911 2912 
2536 2883 1546 2891 2911 
2537 2911 2891 2416 2913 
2538 2912 2911 2913 2641 
2539 2641 2913 2914 2915 
2540 2913 2416 2894 2914 
2541 2914 2894 1650 2916 
2542 2915 2914 2916 2643 
