2 0.000000 100.000000 335.864767
3072 2704 
1 -216.133803 0.000000 -219.580401 99.790112 -0.000657 6.453124 0.000029 
2 258.136734 0.000000 -219.580401 99.790545 -0.004767 6.444054 0.000032 
3 258.136734 0.000000 224.706101 99.793464 0.005797 6.441174 -0.000022 
4 -216.133803 0.000000 224.706101 99.792886 0.000733 6.453647 -0.000027 
5 21.001465 0.000000 2.562850 106.627809 0.039161 0.298839 -0.136958 
6 -216.133803 0.000000 2.562850 99.790694 -0.000008 6.454726 0.000015 
7 21.001465 0.000000 -219.580401 99.787809 -0.002702 6.448228 0.000081 
8 258.136734 0.000000 2.562850 99.863165 -0.078776 5.328073 -0.000105 
9 21.001465 0.000000 224.706101 99.797164 0.002830 6.447886 -0.000105 
10 -97.566169 0.000000 -108.508776 99.785196 -0.001454 6.451588 0.000129 
11 -216.133803 0.000000 -108.508776 99.789827 -0.000447 6.453758 0.000034 
12 -97.566169 0.000000 -219.580401 99.788713 -0.001354 6.451744 0.000059 
13 21.001465 0.000000 -108.508776 99.779019 -0.005935 6.432843 0.000277 
14 -97.566169 0.000000 2.562850 99.783818 -0.000703 6.459312 0.000147 
15 139.569099 0.000000 -108.508776 99.786954 -0.009442 6.416999 0.000139 
16 139.569099 0.000000 -219.580401 99.788998 -0.004085 6.444927 0.000062 
17 258.136734 0.000000 -108.508776 99.791759 -0.009898 6.419452 0.000040 
18 139.569099 0.000000 2.562850 99.877954 -0.121899 4.982590 -0.000045 
19 -97.566169 0.000000 113.634476 99.796274 0.001065 6.456071 -0.000098 
20 -216.133803 0.000000 113.634476 99.792378 0.000472 6.454514 -0.000018 
21 21.001465 0.000000 113.634476 99.816021 0.004314 6.432727 -0.000462 
22 -97.566169 0.000000 224.706101 99.794929 0.001407 6.452717 -0.000067 
23 -38.282352 0.000000 -52.972963 99.777123 0.003036 6.407648 0.000347 
24 -97.566169 0.000000 -52.972963 99.782195 -0.001284 6.453403 0.000187 
25 -38.282352 0.000000 -108.508776 99.780762 -0.003089 6.445005 0.000226 
26 21.001465 0.000000 -52.972963 99.918732 -0.082097 6.363942 -0.002426 
27 -38.282352 0.000000 2.562850 99.699346 0.098197 6.420396 0.001881 
28 139.569099 0.000000 113.634476 99.798409 0.011289 6.406155 -0.000076 
29 258.136734 0.000000 113.634476 99.795433 0.013954 6.401086 -0.000010 
30 139.569099 0.000000 224.706101 99.795285 0.004621 6.442769 -0.000061 
31 80.285282 0.000000 -52.972963 99.800168 -0.049349 6.356653 -0.000048 
32 80.285282 0.000000 -108.508776 99.781720 -0.008578 6.421685 0.000237 
33 139.569099 0.000000 -52.972963 99.790091 -0.019768 6.321188 0.000198 
34 80.285282 0.000000 2.562850 99.731663 -0.142323 6.037976 0.001712 
35 -38.282352 0.000000 58.098663 99.787506 0.019387 6.458400 0.000074 
36 -97.566169 0.000000 58.098663 99.792549 0.000296 6.459862 -0.000028 
37 21.001465 0.000000 58.098663 99.781118 0.070100 6.369236 0.000316 
38 -38.282352 0.000000 113.634476 99.805289 0.001960 6.453455 -0.000274 
39 -8.640443 0.000000 -25.205056 99.538448 -0.072325 6.223977 0.005335 
40 -38.282352 0.000000 -25.205056 99.741514 0.013343 6.373775 0.001101 
41 -8.640443 0.000000 -52.972963 99.827112 -0.026179 6.352184 -0.000580 
42 21.001465 0.000000 -25.205056 99.943741 -0.341430 6.140080 -0.002657 
43 -8.640443 0.000000 2.562850 98.432431 0.139580 6.549095 0.026815 
44 80.285282 0.000000 58.098663 99.793255 0.033822 6.287638 0.000177 
45 139.569099 0.000000 58.098663 99.802893 0.027832 6.270439 0.000006 
46 80.285282 0.000000 113.634476 99.806644 0.008368 6.411117 -0.000247 
47 50.643374 0.000000 -25.205056 99.712499 -0.102044 6.192559 0.001906 
48 50.643374 0.000000 -52.972963 99.870753 -0.101285 6.401209 -0.001515 
49 80.285282 0.000000 -25.205056 99.837490 -0.160340 6.173335 -0.000566 
50 50.643374 0.000000 2.562850 98.742546 -0.630230 4.598389 0.022837 
51 -8.640443 0.000000 30.330756 99.894108 0.385910 6.636890 -0.002303 
52 -38.282352 0.000000 30.330756 99.743902 0.036307 6.452255 0.000952 
53 21.001465 0.000000 30.330756 100.281781 0.382031 6.123349 -0.009408 
54 -8.640443 0.000000 58.098663 99.788695 0.042579 6.439844 0.000074 
55 6.180511 0.000000 -11.321103 99.588705 -0.106294 4.791431 0.005912 
56 -8.640443 0.000000 -11.321103 99.078685 0.018964 6.031684 0.014703 
57 6.180511 0.000000 -25.205056 99.545593 -0.309558 5.982652 0.005479 
58 21.001465 0.000000 -11.321103 101.114341 0.416121 5.644011 -0.025614 
59 6.180511 0.000000 2.562850 91.402869 -0.464041 25.990088 0.096982 
60 -156.849986 0.000000 -52.972963 99.788177 -0.000513 6.454568 0.000066 
61 -216.133803 0.000000 -52.972963 99.790045 -0.000253 6.454280 0.000029 
62 -156.849986 0.000000 -108.508776 99.788302 -0.000763 6.453424 0.000065 
63 -156.849986 0.000000 2.562850 99.789404 -0.000126 6.455899 0.000040 
64 -67.924261 0.000000 -25.205056 99.760398 0.031869 6.468202 0.000602 
65 -97.566169 0.000000 -25.205056 99.781762 -0.001092 6.456252 0.000192 
66 -67.924261 0.000000 -52.972963 99.783548 0.039803 6.433127 0.000186 
67 -67.924261 0.000000 2.562850 99.765946 0.014274 6.443881 0.000523 
68 -23.461398 0.000000 -11.321103 99.556945 0.198136 6.377893 0.004770 
69 -38.282352 0.000000 -11.321103 99.709542 0.068001 6.389010 0.001718 
70 -23.461398 0.000000 -25.205056 99.662867 0.002502 6.357316 0.002690 
71 -23.461398 0.000000 2.562850 99.526845 0.293180 6.515605 0.005187 
72 50.643374 0.000000 30.330756 99.809885 0.042675 5.846210 0.000381 
73 80.285282 0.000000 30.330756 99.748815 0.122982 5.986799 0.001432 
74 50.643374 0.000000 58.098663 99.752245 0.039097 6.320897 0.000953 
75 6.180511 0.000000 16.446803 100.381290 0.263405 7.278998 -0.012946 
76 -8.640443 0.000000 16.446803 99.918857 -0.122991 7.109720 -0.003434 
77 21.001465 0.000000 16.446803 101.201812 -0.062779 5.638806 -0.027361 
78 6.180511 0.000000 30.330756 100.221711 0.506444 6.560222 -0.008768 
79 -1.229966 0.000000 -4.379127 94.815662 0.227294 1.976650 0.100603 
80 -8.640443 0.000000 -4.379127 98.491392 0.021723 6.046299 0.026289 
81 -1.229966 0.000000 -11.321103 99.043618 -0.038409 4.867488 0.016667 
82 6.180511 0.000000 -4.379127 101.975972 -0.407377 -7.763624 -0.045954 
83 -1.229966 0.000000 2.562850 95.705343 0.328437 9.769707 0.074493 
84 35.822419 0.000000 -11.321103 99.382945 -0.018377 7.203765 0.007114 
85 35.822419 0.000000 -25.205056 99.949989 -0.324216 6.382068 -0.003084 
86 50.643374 0.000000 -11.321103 99.445036 -0.285187 5.951208 0.007519 
87 35.822419 0.000000 2.562850 90.698554 0.191647 -12.758777 0.161095 
88 13.590988 0.000000 -4.379127 93.872857 -0.360065 -0.332748 0.118765 
89 13.590988 0.000000 -11.321103 99.732586 0.341712 4.571175 0.003240 
90 21.001465 0.000000 -4.379127 116.421996 0.005870 11.811906 -0.369360 
91 13.590988 0.000000 2.562850 106.777366 -0.544388 2.420122 -0.140756 
92 -156.849986 0.000000 58.098663 99.791692 0.000319 6.456145 -0.000006 
93 -216.133803 0.000000 58.098663 99.791605 0.000249 6.454815 -0.000003 
94 -156.849986 0.000000 113.634476 99.793339 0.000682 6.455210 -0.000038 
95 -67.924261 0.000000 30.330756 99.785450 0.026281 6.485555 0.000080 
96 -97.566169 0.000000 30.330756 99.788168 -0.000186 6.460844 0.000058 
97 -67.924261 0.000000 58.098663 99.795130 0.000148 6.464951 -0.000086 
98 -23.461398 0.000000 16.446803 99.686734 0.325781 6.600248 0.001889 
99 -38.282352 0.000000 16.446803 99.720098 0.106275 6.446605 0.001433 
100 -23.461398 0.000000 30.330756 99.764519 0.176455 6.518659 0.000452 
101 -1.229966 0.000000 9.504827 98.848350 0.342324 8.008080 0.016476 
102 -8.640443 0.000000 9.504827 99.294513 -0.000484 7.030310 0.009117 
103 6.180511 0.000000 9.504827 99.954283 0.235791 9.321818 -0.007781 
104 -1.229966 0.000000 16.446803 99.748171 0.091765 7.001302 0.000128 
105 2.475272 0.000000 -0.908138 92.348213 -0.076868 28.361684 0.066742 
106 -1.229966 0.000000 -0.908138 87.056332 0.260940 10.378132 0.231342 
107 2.475272 0.000000 -4.379127 97.774164 0.041765 0.198700 0.044017 
108 6.180511 0.000000 -0.908138 -10.780913 -0.086431 -0.407274 0.988360 
109 2.475272 0.000000 2.562850 94.441445 0.094889 14.262469 0.087739 
110 -16.050921 0.000000 -4.379127 99.150095 0.132710 6.844248 0.012240 
111 -23.461398 0.000000 -4.379127 99.512309 0.237494 6.442669 0.005574 
112 -16.050921 0.000000 -11.321103 99.275321 0.161388 6.448758 0.010280 
113 -16.050921 0.000000 2.562850 99.328104 0.119927 7.045261 0.008428 
114 -4.935205 0.000000 -0.908138 96.767537 -0.018071 6.324259 0.059605 
115 -8.640443 0.000000 -0.908138 98.355370 0.046492 6.407933 0.028516 
116 -4.935205 0.000000 -4.379127 97.357063 -0.083609 5.410934 0.049232 
117 -4.935205 0.000000 2.562850 97.475189 0.105037 7.156823 0.044736 
118 -38.282352 0.000000 -164.044589 99.785852 -0.002350 6.448573 0.000120 
119 -97.566169 0.000000 -164.044589 99.787404 -0.001434 6.451492 0.000085 
120 -38.282352 0.000000 -219.580401 99.788041 -0.001953 6.450212 0.000074 
121 21.001465 0.000000 -164.044589 99.785262 -0.003634 6.444319 0.000137 
122 -8.640443 0.000000 -80.740869 99.801801 -0.012334 6.415066 -0.000155 
123 -38.282352 0.000000 -80.740869 99.763442 0.016950 6.446179 0.000570 
124 -8.640443 0.000000 -108.508776 99.779372 -0.004338 6.439268 0.000261 
125 21.001465 0.000000 -80.740869 99.813642 -0.026448 6.415349 -0.000392 
126 6.180511 0.000000 -39.089010 99.865275 -0.391837 6.218264 -0.001189 
127 -8.640443 0.000000 -39.089010 99.815739 -0.099379 6.256568 -0.000234 
128 6.180511 0.000000 -52.972963 99.883001 -0.030085 6.340576 -0.001682 
129 21.001465 0.000000 -39.089010 99.893198 -0.502226 6.268111 -0.001819 
130 -1.229966 0.000000 -18.263080 98.977055 0.019053 5.874340 0.016903 
131 -8.640443 0.000000 -18.263080 99.051417 0.030134 6.382651 0.014808 
132 -1.229966 0.000000 -25.205056 99.487453 -0.336974 6.127539 0.006459 
133 6.180511 0.000000 -18.263080 99.179744 0.132362 5.475263 0.013338 
134 2.475272 0.000000 -7.850115 98.271132 0.188645 3.319032 0.033173 
135 -1.229966 0.000000 -7.850115 98.116395 0.072019 4.148586 0.035596 
136 2.475272 0.000000 -11.321103 99.053209 0.142821 4.729967 0.016607 
137 6.180511 0.000000 -7.850115 99.902858 -0.100263 2.768369 0.001175 
138 0.622653 0.000000 -2.643632 98.600334 0.106246 -25.866545 -0.039112 
139 -1.229966 0.000000 -2.643632 86.987501 0.290121 1.112819 0.243185 
140 0.622653 0.000000 -4.379127 96.985196 0.213476 -1.159395 0.059248 
141 2.475272 0.000000 -2.643632 101.308000 0.003662 4.614293 -0.028460 
142 0.622653 0.000000 -0.908138 86.154248 -0.004221 38.228830 0.111600 
143 -4.935205 0.000000 -7.850115 98.296357 0.033265 5.345603 0.030925 
144 -8.640443 0.000000 -7.850115 98.872373 0.018394 5.742549 0.019128 
145 -4.935205 0.000000 -11.321103 99.119328 -0.001429 5.363764 0.014659 
146 -3.082586 0.000000 -2.643632 94.676486 0.049172 5.196159 0.100936 
147 -4.935205 0.000000 -2.643632 96.874293 -0.017747 5.818592 0.058152 
148 -3.082586 0.000000 -4.379127 96.235138 0.030201 4.303235 0.072028 
149 -3.082586 0.000000 -0.908138 94.388636 0.207868 6.975858 0.104208 
150 35.822419 0.000000 16.446803 99.961811 -0.070294 4.672914 -0.001420 
151 50.643374 0.000000 16.446803 99.484061 0.227201 4.979494 0.007807 
152 35.822419 0.000000 30.330756 99.978473 0.151507 5.876538 -0.003025 
153 13.590988 0.000000 9.504827 101.550406 0.588414 7.597822 -0.037056 
154 21.001465 0.000000 9.504827 102.280723 -0.019703 4.825294 -0.048463 
155 13.590988 0.000000 16.446803 101.524358 0.039622 6.540467 -0.034997 
156 2.475272 0.000000 6.033838 98.000185 0.096255 10.364110 0.028854 
157 -1.229966 0.000000 6.033838 97.927519 0.410007 8.703418 0.033428 
158 6.180511 0.000000 6.033838 99.298702 -0.090365 12.982457 -0.002878 
159 2.475272 0.000000 9.504827 98.891583 0.360342 8.544581 0.014732 
160 0.622653 0.000000 0.827356 91.925541 0.118257 15.275397 0.131634 
161 -1.229966 0.000000 0.827356 93.116732 0.276680 10.518782 0.121855 
162 2.475272 0.000000 0.827356 91.268554 -0.139300 27.347352 0.092215 
163 0.622653 0.000000 2.562850 95.098582 0.134424 11.737774 0.081847 
164 -0.303657 0.000000 -1.775885 17.506940 0.180577 23.811647 0.912648 
165 -1.229966 0.000000 -1.775885 83.335623 0.312046 6.294951 0.301545 
166 -0.303657 0.000000 -2.643632 76.418092 0.183509 -40.553218 0.251568 
167 0.622653 0.000000 -1.775885 83.615724 0.037324 5.943336 0.297309 
168 -0.303657 0.000000 -0.908138 84.362498 0.000610 41.555396 0.115612 
169 0.622653 0.000000 -6.114621 97.527357 0.233556 2.431072 0.048245 
170 -1.229966 0.000000 -6.114621 97.127388 0.152390 3.460113 0.055427 
171 0.622653 0.000000 -7.850115 98.163999 0.183680 3.739444 0.034981 
172 2.475272 0.000000 -6.114621 98.084538 0.042649 1.875399 0.037590 
173 -0.303657 0.000000 -3.511380 91.959622 0.276155 -4.139771 0.152621 
174 -1.229966 0.000000 -3.511380 92.085031 0.230113 0.933785 0.151942 
175 -0.303657 0.000000 -4.379127 95.201145 0.251978 -0.153286 0.093666 
176 0.622653 0.000000 -3.511380 100.986986 0.142284 -29.086576 -0.104442 
177 9.885749 0.000000 -0.908138 -12.515756 -0.095366 0.068440 0.984334 
178 9.885749 0.000000 -4.379127 99.639319 -0.490748 6.591470 0.002832 
179 13.590988 0.000000 -0.908138 -10.742672 -0.066763 3.119964 0.987486 
180 9.885749 0.000000 2.562850 112.224206 -0.413982 25.139804 -0.322645 
181 4.327892 0.000000 -2.643632 94.728102 -0.060719 -6.825072 0.098000 
182 4.327892 0.000000 -4.379127 96.004677 -0.110318 -3.234160 0.077263 
183 6.180511 0.000000 -2.643632 95.206849 -0.274079 -29.009901 0.009401 
184 4.327892 0.000000 -0.908138 89.434788 -0.342636 27.922187 0.122165 
185 1.548963 0.000000 -1.775885 98.413448 0.017956 14.389561 0.010773 
186 1.548963 0.000000 -2.643632 104.008906 0.046483 -1.091724 -0.081905 
187 2.475272 0.000000 -1.775885 100.226842 -0.011072 6.582227 -0.008875 
188 1.548963 0.000000 -0.908138 91.392472 -0.020285 30.556494 0.071372 
189 0.159498 0.000000 -2.209759 86.052650 0.108860 -30.806925 0.164586 
190 -0.303657 0.000000 -2.209759 35.501613 0.241011 -27.475384 0.798468 
191 0.159498 0.000000 -2.643632 95.933006 0.110518 -31.923854 -0.022229 
192 0.622653 0.000000 -2.209759 92.800434 0.087136 -24.285325 0.079829 
193 0.159498 0.000000 -1.775885 83.414479 0.037135 5.604098 0.301062 
194 -16.050921 0.000000 9.504827 99.611008 0.053247 7.065622 0.002772 
195 -23.461398 0.000000 9.504827 99.609623 0.325605 6.599150 0.003427 
196 -16.050921 0.000000 16.446803 99.653308 0.379928 6.745123 0.002358 
197 -4.935205 0.000000 6.033838 98.263524 0.111164 7.205025 0.029236 
198 -8.640443 0.000000 6.033838 98.949820 0.140759 7.008926 0.015979 
199 -4.935205 0.000000 9.504827 99.078291 0.198012 7.286416 0.013036 
200 -3.082586 0.000000 0.827356 95.472140 0.313808 7.889116 0.082273 
201 -4.935205 0.000000 0.827356 97.043785 -0.005729 6.847894 0.053561 
202 -3.082586 0.000000 2.562850 96.631000 0.281843 8.146928 0.059600 
203 -2.156276 0.000000 -1.775885 91.275811 0.303194 6.020974 0.163238 
204 -3.082586 0.000000 -1.775885 94.284753 0.121619 6.032494 0.107398 
205 -2.156276 0.000000 -2.643632 92.190096 0.302519 4.309874 0.148232 
206 -2.156276 0.000000 -0.908138 91.856689 0.308725 7.689770 0.150312 
207 -0.766811 0.000000 -2.209759 73.203396 0.322073 -1.426147 0.463913 
208 -1.229966 0.000000 -2.209759 84.215674 0.303735 3.079300 0.289815 
209 -0.766811 0.000000 -2.643632 82.313818 0.297677 -4.339276 0.320552 
210 -0.766811 0.000000 -1.775885 70.746498 0.336276 7.888120 0.493260 
211 1.548963 0.000000 -3.511380 104.758685 0.048512 -1.111992 -0.097562 
212 1.548963 0.000000 -4.379127 98.158443 0.065749 -0.585621 0.036457 
213 2.475272 0.000000 -3.511380 100.145797 -0.011033 6.635007 -0.007320 
214 0.159498 0.000000 -3.077506 98.728451 0.125197 -31.963791 -0.076901 
215 -0.303657 0.000000 -3.077506 100.976971 0.142283 -29.116796 -0.104416 
216 0.159498 0.000000 -3.511380 101.549739 0.142640 -27.431031 -0.106483 
217 0.622653 0.000000 -3.077506 100.207041 0.107824 -23.827105 -0.060919 
218 -0.072079 0.000000 -2.426696 64.276385 0.204211 -44.003296 0.393221 
219 -0.303657 0.000000 -2.426696 54.254766 0.227288 -38.526970 0.557204 
220 -0.072079 0.000000 -2.643632 78.441678 0.169336 -39.668294 0.227330 
221 0.159498 0.000000 -2.426696 81.596231 0.143728 -36.317628 0.202306 
222 -0.072079 0.000000 -2.209759 51.538649 0.213667 -34.237179 0.617154 
223 4.327892 0.000000 0.827356 87.640106 -0.394229 30.559222 0.138519 
224 6.180511 0.000000 0.827356 81.879958 -0.236150 42.292243 0.150698 
225 4.327892 0.000000 2.562850 93.104050 0.024152 18.263186 0.099809 
226 3.401582 0.000000 -0.040391 90.594142 -0.238115 27.535725 0.103443 
227 2.475272 0.000000 -0.040391 92.360364 -0.106390 27.361035 0.072093 
228 3.401582 0.000000 -0.908138 91.416767 -0.187907 27.505962 0.088636 
229 4.327892 0.000000 -0.040391 88.755769 -0.362244 28.960568 0.128357 
230 3.401582 0.000000 0.827356 89.634726 -0.314125 27.856359 0.118954 
231 13.590988 0.000000 -18.263080 99.550093 0.031399 5.473095 0.005982 
232 13.590988 0.000000 -25.205056 99.854134 -0.384034 6.013255 -0.000715 
233 21.001465 0.000000 -18.263080 99.978228 -0.228180 6.042274 -0.003221 
234 9.885749 0.000000 -7.850115 99.778398 -0.506163 4.237664 0.002606 
235 9.885749 0.000000 -11.321103 99.831332 -0.133880 4.737513 0.001124 
236 13.590988 0.000000 -7.850115 98.713045 -0.577811 3.568811 0.024266 
237 4.327892 0.000000 -6.114621 98.713220 -0.071495 0.754708 0.025513 
238 4.327892 0.000000 -7.850115 98.841012 -0.054308 2.855238 0.022230 
239 6.180511 0.000000 -6.114621 100.330549 -0.235730 0.530854 -0.006656 
240 8.033130 0.000000 -2.643632 108.395898 -0.424592 9.001394 -0.183088 
241 8.033130 0.000000 -4.379127 105.814380 -0.597879 3.113137 -0.120673 
242 9.885749 0.000000 -2.643632 100.681919 -0.581466 12.999485 -0.030617 
243 8.033130 0.000000 -0.908138 -11.822916 -0.120490 -0.556078 0.985989 
244 5.254201 0.000000 -3.511380 92.625546 -0.240187 -24.110043 0.083916 
245 4.327892 0.000000 -3.511380 95.572932 0.008480 0.241891 0.086576 
246 5.254201 0.000000 -4.379127 97.607402 -0.176173 -6.570055 0.042960 
247 6.180511 0.000000 -3.511380 96.646083 -0.293721 -32.021710 -0.036594 
248 5.254201 0.000000 -2.643632 92.994341 -0.222953 -21.986413 0.086860 
249 9.885749 0.000000 6.033838 103.107396 0.307041 11.233892 -0.075743 
250 13.590988 0.000000 6.033838 102.456940 -0.720879 7.024986 -0.054729 
251 9.885749 0.000000 9.504827 101.071332 0.138103 8.887054 -0.029441 
252 8.033130 0.000000 0.827356 83.419506 -0.110970 51.784377 0.035955 
253 9.885749 0.000000 0.827356 -11.852293 0.094104 0.284146 0.985943 
254 8.033130 0.000000 2.562850 93.527624 -0.228059 49.774165 -0.122494 
255 5.254201 0.000000 -0.040391 86.302105 -0.440430 32.257159 0.151123 
256 5.254201 0.000000 -0.908138 -9.107703 -0.095654 0.013869 0.991704 
257 6.180511 0.000000 -0.040391 81.929489 -0.318296 41.417027 0.157209 
258 5.254201 0.000000 0.827356 84.099583 -0.395532 36.696297 0.158049 
259 8.033130 0.000000 -6.114621 101.090473 -0.396938 2.836372 -0.022749 
260 8.033130 0.000000 -7.850115 100.257235 -0.271494 3.901239 -0.006681 
261 9.885749 0.000000 -6.114621 99.740514 -0.597310 4.364961 0.003242 
262 7.106821 0.000000 -3.511380 107.413060 -0.433958 -13.496141 -0.171990 
263 7.106821 0.000000 -4.379127 105.872273 -0.448840 -3.119790 -0.121887 
264 8.033130 0.000000 -3.511380 108.999224 -0.436794 4.391823 -0.190031 
265 7.106821 0.000000 -2.643632 107.456071 -0.440652 -13.052367 -0.171737 
266 8.033130 0.000000 4.298344 101.442693 0.097757 19.775676 -0.068171 
267 6.180511 0.000000 4.298344 97.734781 -0.262598 17.189929 0.015235 
268 9.885749 0.000000 4.298344 108.452622 0.346920 14.817523 -0.198165 
269 8.033130 0.000000 6.033838 101.271352 -0.031173 13.201090 -0.043016 
270 7.106821 0.000000 1.695103 84.033352 -0.101447 49.784820 0.045986 
271 6.180511 0.000000 1.695103 81.209517 -0.156246 46.546279 0.123843 
272 7.106821 0.000000 0.827356 82.542736 -0.129748 47.771457 0.090457 
273 8.033130 0.000000 1.695103 89.133995 -0.176768 50.382593 -0.048331 
274 7.106821 0.000000 2.562850 86.286266 -0.139239 50.408143 0.001368 
275 28.411942 0.000000 -4.379127 97.820954 -0.441098 12.347402 0.027841 
276 28.411942 0.000000 -11.321103 100.636116 0.173238 7.094253 -0.017799 
277 35.822419 0.000000 -4.379127 97.412863 -0.062749 10.988513 0.038998 
278 28.411942 0.000000 2.562850 99.956864 -0.115479 13.520412 -0.017419 
279 17.296227 0.000000 -0.908138 -8.161038 0.337923 1.225898 0.993178 
280 17.296227 0.000000 -4.379127 100.279606 0.163535 -8.228131 -0.012373 
281 21.001465 0.000000 -0.908138 -10.144550 -0.257854 -0.442641 0.989683 
282 17.296227 0.000000 2.562850 106.083362 0.163865 0.902654 -0.125452 
283 11.738369 0.000000 -2.643632 96.596876 -0.546921 2.494837 0.066252 
284 11.738369 0.000000 -4.379127 96.500868 -0.354667 3.735779 0.067350 
285 13.590988 0.000000 -2.643632 92.015453 -0.454843 -1.175610 0.153157 
286 11.738369 0.000000 -0.908138 -12.605650 -0.190926 1.244091 0.983951 
287 8.959440 0.000000 -3.511380 105.310982 -0.470840 12.282957 -0.124150 
288 8.959440 0.000000 -4.379127 102.791778 -0.545891 6.186939 -0.060473 
289 9.885749 0.000000 -3.511380 100.793562 -0.578937 13.112205 -0.033161 
290 8.959440 0.000000 -2.643632 104.027572 -0.477670 13.497074 -0.100413 
291 28.411942 0.000000 9.504827 100.890005 0.058946 2.905252 -0.018724 
292 35.822419 0.000000 9.504827 100.012141 0.045518 3.422256 -0.001414 
293 28.411942 0.000000 16.446803 100.751682 0.120146 4.675966 -0.017278 
294 17.296227 0.000000 6.033838 101.865298 -0.278299 5.925717 -0.041173 
295 21.001465 0.000000 6.033838 102.355194 0.369677 4.380491 -0.049591 
296 17.296227 0.000000 9.504827 101.285335 -0.722474 5.953195 -0.029468 
297 11.738369 0.000000 4.298344 105.947455 -0.333581 6.409894 -0.126606 
298 11.738369 0.000000 2.562850 109.584044 -0.724651 -2.249333 -0.201425 
299 13.590988 0.000000 4.298344 102.768777 -0.814949 5.591819 -0.059335 
300 11.738369 0.000000 6.033838 103.274899 -0.207601 8.530664 -0.073852 
301 17.296227 0.000000 -7.850115 100.719940 -0.548683 2.023930 -0.014890 
302 17.296227 0.000000 -11.321103 100.320654 0.226491 4.863110 -0.008793 
303 21.001465 0.000000 -7.850115 103.030533 -0.018836 4.823181 -0.063855 
304 11.738369 0.000000 -6.114621 98.194722 -0.439732 3.802128 0.034315 
305 11.738369 0.000000 -7.850115 98.984081 -0.449059 4.009561 0.018587 
306 13.590988 0.000000 -6.114621 97.813215 -0.233461 1.811913 0.042924 
307 15.443607 0.000000 -2.643632 101.315582 0.160929 -10.577495 -0.037676 
308 15.443607 0.000000 -4.379127 98.244279 -0.279366 -6.320608 0.030803 
309 17.296227 0.000000 -2.643632 100.583775 0.313359 -13.326504 -0.029479 
310 15.443607 0.000000 -0.908138 -8.103688 0.019268 1.960601 0.993049 
311 12.664678 0.000000 -3.511380 95.655416 -0.488525 0.154153 0.084978 
312 11.738369 0.000000 -3.511380 96.675296 -0.531424 2.540809 0.064715 
313 12.664678 0.000000 -4.379127 95.413706 -0.208107 2.097250 0.089178 
314 13.590988 0.000000 -3.511380 90.611049 -0.439698 -1.567372 0.178699 
315 12.664678 0.000000 -2.643632 95.800066 -0.474761 0.310830 0.082203 
316 11.738369 0.000000 0.827356 -11.402014 -0.330909 0.865334 0.986914 
317 13.590988 0.000000 0.827356 -9.823094 -0.014674 1.297393 0.990182 
318 15.443607 0.000000 4.298344 102.966826 -0.264292 5.875575 -0.063676 
319 15.443607 0.000000 2.562850 106.174547 -0.061811 2.881805 -0.128134 
320 17.296227 0.000000 4.298344 103.351057 0.345290 3.995577 -0.069752 
321 15.443607 0.000000 6.033838 102.049880 -0.621139 6.557733 -0.045757 
322 12.664678 0.000000 3.430597 107.360984 -0.850159 0.829536 -0.152779 
323 11.738369 0.000000 3.430597 109.727238 -0.708037 -2.233800 -0.204556 
324 12.664678 0.000000 2.562850 107.437091 -0.850481 1.238356 -0.154499 
325 13.590988 0.000000 3.430597 106.627195 -0.478113 2.303541 -0.137489 
326 12.664678 0.000000 4.298344 103.727848 -0.627551 5.585077 -0.079105 
327 15.443607 0.000000 0.827356 -8.827849 0.007559 1.364591 0.992021 
328 17.296227 0.000000 0.827356 -8.788724 0.403234 0.954202 0.992169 
329 24.706704 0.000000 6.033838 102.867649 -0.000769 1.925154 -0.058546 
330 24.706704 0.000000 2.562850 107.535175 0.020389 -3.155686 -0.157377 
331 28.411942 0.000000 6.033838 101.591185 -0.304715 1.156526 -0.032220 
332 24.706704 0.000000 9.504827 101.783999 -0.104314 3.551315 -0.037261 
333 19.148846 0.000000 4.298344 106.127933 0.058434 0.124878 -0.126316 
334 19.148846 0.000000 2.562850 106.219399 0.083848 0.698489 -0.128306 
335 21.001465 0.000000 4.298344 103.544743 0.093742 3.266488 -0.073219 
336 19.148846 0.000000 6.033838 102.198795 -0.286082 5.029386 -0.046997 
337 16.369917 0.000000 3.430597 106.107848 0.034918 1.671747 -0.126167 
338 15.443607 0.000000 3.430597 106.138531 -0.050001 2.437356 -0.127133 
339 16.369917 0.000000 2.562850 106.131594 0.034454 2.024822 -0.126802 
340 17.296227 0.000000 3.430597 106.076867 0.161602 0.848553 -0.125305 
341 16.369917 0.000000 4.298344 103.096988 0.343940 4.805934 -0.065220 
342 24.706704 0.000000 -0.908138 -14.318707 0.278237 -3.714265 0.978110 
343 24.706704 0.000000 -4.379127 108.640765 -0.130146 15.953882 -0.205736 
344 28.411942 0.000000 -0.908138 97.593553 -0.381893 18.657395 0.012725 
345 19.148846 0.000000 0.827356 -9.195928 0.063777 0.428160 0.991525 
346 19.148846 0.000000 -0.908138 -8.923307 0.083668 0.493474 0.992012 
347 21.001465 0.000000 0.827356 -10.143472 -0.168386 -0.022418 0.989708 
348 22.854084 0.000000 4.298344 107.360529 -0.116919 0.088721 -0.152630 
349 22.854084 0.000000 2.562850 107.515117 -0.079478 0.345676 -0.155963 
350 24.706704 0.000000 4.298344 104.885844 0.258976 -0.243757 -0.100117 
351 22.854084 0.000000 6.033838 102.910122 -0.313525 3.119510 -0.060032 
352 20.075156 0.000000 3.430597 106.342140 0.112226 0.319844 -0.130877 
353 19.148846 0.000000 3.430597 106.226675 0.080327 0.389556 -0.128426 
354 20.075156 0.000000 2.562850 106.448075 0.112508 0.775696 -0.133181 
355 21.001465 0.000000 3.430597 106.626663 0.038314 0.290193 -0.136933 
356 20.075156 0.000000 4.298344 106.326431 0.115673 0.114946 -0.130534 
357 80.285282 0.000000 -164.044589 99.786174 -0.004926 6.440193 0.000124 
358 80.285282 0.000000 -219.580401 99.788190 -0.003464 6.446297 0.000076 
359 139.569099 0.000000 -164.044589 99.788026 -0.005838 6.437739 0.000091 
360 50.643374 0.000000 -80.740869 99.793775 -0.046342 6.412442 0.000008 
361 50.643374 0.000000 -108.508776 99.779657 -0.007277 6.426586 0.000272 
362 80.285282 0.000000 -80.740869 99.786661 -0.029489 6.402967 0.000162 
363 35.822419 0.000000 -39.089010 99.787007 -0.028111 6.355787 0.000216 
364 35.822419 0.000000 -52.972963 99.947663 -0.045943 6.393357 -0.003041 
365 50.643374 0.000000 -39.089010 99.948898 -0.489787 6.401761 -0.003100 
366 28.411942 0.000000 -18.263080 100.055768 -0.149759 6.426579 -0.005248 
367 28.411942 0.000000 -25.205056 100.054170 -0.244279 6.240129 -0.004984 
368 35.822419 0.000000 -18.263080 99.932148 -0.366545 6.578062 -0.002984 
369 24.706704 0.000000 -7.850115 101.762126 -0.308820 8.392338 -0.042606 
370 24.706704 0.000000 -11.321103 100.875099 0.391323 6.624286 -0.021982 
371 28.411942 0.000000 -7.850115 100.082600 0.355085 8.756975 -0.009334 
372 198.852917 0.000000 -52.972963 99.795393 -0.018921 6.334488 0.000075 
373 198.852917 0.000000 -108.508776 99.790239 -0.009873 6.417691 0.000072 
374 258.136734 0.000000 -52.972963 99.796621 -0.018073 6.346843 0.000035 
375 198.852917 0.000000 2.562850 99.877420 -0.097321 5.084466 -0.000136 
376 109.927191 0.000000 -25.205056 99.798861 -0.053530 6.054689 0.000353 
377 109.927191 0.000000 -52.972963 99.787488 -0.034207 6.327372 0.000242 
378 139.569099 0.000000 -25.205056 99.805765 -0.035784 6.070080 0.000196 
379 109.927191 0.000000 2.562850 99.830564 -0.166678 5.475741 0.000385 
380 65.464328 0.000000 -11.321103 99.711860 -0.075248 5.653441 0.002558 
381 65.464328 0.000000 -25.205056 99.764144 -0.028826 6.150146 0.000929 
382 80.285282 0.000000 -11.321103 99.814846 -0.144527 5.665670 0.000488 
383 65.464328 0.000000 2.562850 99.622822 -0.232049 5.362645 0.004648 
384 43.232897 0.000000 -4.379127 97.567778 -0.268372 6.744788 0.043496 
385 43.232897 0.000000 -11.321103 99.072050 -0.197368 6.346847 0.014441 
386 50.643374 0.000000 -4.379127 98.877148 -0.232799 5.271401 0.019547 
387 43.232897 0.000000 2.562850 92.348533 -2.446133 -0.388584 0.146561 
388 32.117181 0.000000 -0.908138 103.576071 0.008481 19.384790 -0.110377 
389 32.117181 0.000000 -4.379127 99.249371 -0.183252 11.933864 0.000711 
390 35.822419 0.000000 -0.908138 101.753028 0.078371 26.558583 -0.105904 
391 32.117181 0.000000 2.562850 105.238455 -0.234146 2.748664 -0.108274 
392 26.559323 0.000000 -2.643632 91.816969 0.095338 21.490309 0.110780 
393 24.706704 0.000000 -2.643632 116.086795 0.020781 22.475776 -0.398130 
394 26.559323 0.000000 -4.379127 98.309053 -0.564746 17.773186 0.001912 
395 28.411942 0.000000 -2.643632 97.593574 -0.393254 18.806233 0.012167 
396 26.559323 0.000000 -0.908138 -18.323907 0.131227 -5.789563 0.963070 
397 198.852917 0.000000 58.098663 99.804327 0.031814 6.248171 0.000006 
398 258.136734 0.000000 58.098663 99.806523 0.035502 6.217148 0.000000 
399 198.852917 0.000000 113.634476 99.796009 0.012876 6.403953 -0.000025 
400 109.927191 0.000000 30.330756 99.814085 0.069938 5.872853 0.000265 
401 139.569099 0.000000 30.330756 99.828485 0.073108 5.807097 0.000055 
402 109.927191 0.000000 58.098663 99.801878 0.036939 6.278094 0.000017 
403 65.464328 0.000000 16.446803 99.692277 0.157223 5.170388 0.003469 
404 80.285282 0.000000 16.446803 99.761399 0.243858 5.140891 0.002118 
405 65.464328 0.000000 30.330756 99.734608 0.012512 5.968786 0.001738 
406 43.232897 0.000000 9.504827 99.029996 0.329886 2.289708 0.018771 
407 50.643374 0.000000 9.504827 99.245922 0.494360 3.479863 0.013789 
408 43.232897 0.000000 16.446803 99.489100 0.046605 4.720699 0.007963 
409 32.117181 0.000000 6.033838 99.981903 0.103758 0.530972 0.000333 
410 35.822419 0.000000 6.033838 98.161796 0.000000 1.505757 0.036199 
411 32.117181 0.000000 9.504827 100.201094 -0.148053 2.770062 -0.004795 
412 26.559323 0.000000 4.298344 105.215884 0.115081 -4.817181 -0.109360 
413 26.559323 0.000000 2.562850 106.019209 0.088352 -4.877836 -0.126387 
414 28.411942 0.000000 4.298344 101.797556 -0.104754 1.417461 -0.036476 
415 26.559323 0.000000 6.033838 102.124268 -0.191843 1.183633 -0.043080 
416 26.559323 0.000000 0.827356 -18.536589 0.080880 -2.066181 0.965212 
417 24.706704 0.000000 0.827356 -14.183981 0.249791 -2.204831 0.979389 
418 28.411942 0.000000 0.827356 -24.944409 -0.188001 0.145787 0.937772 
419 25.633013 0.000000 3.430597 106.824518 0.079997 -4.447889 -0.143127 
420 24.706704 0.000000 3.430597 107.531240 0.015684 -2.965084 -0.157176 
421 25.633013 0.000000 2.562850 106.838766 0.079127 -4.447494 -0.143431 
422 26.559323 0.000000 3.430597 106.070617 0.087866 -4.852802 -0.127453 
423 25.633013 0.000000 4.298344 107.153604 0.095186 -4.202473 -0.149956 
424 30.264562 0.000000 4.298344 104.542950 -0.000000 -3.620362 -0.094234 
425 30.264562 0.000000 2.562850 219.179716 -0.152382 -42.909127 -3.988096 
426 32.117181 0.000000 4.298344 100.278034 -0.031268 -2.553111 -0.006220 
427 30.264562 0.000000 6.033838 101.100134 -0.084006 0.576494 -0.022158 
428 30.264562 0.000000 0.827356 -27.826653 -0.056974 -0.763496 0.922509 
429 30.264562 0.000000 -0.908138 101.971563 -0.237198 12.431977 -0.055281 
430 32.117181 0.000000 0.827356 102.856573 -0.079709 13.991054 -0.077523 
431 29.338252 0.000000 3.430597 104.035705 -0.046918 3.241311 -0.083394 
432 28.411942 0.000000 3.430597 98.027890 -0.065960 16.257172 0.012623 
433 29.338252 0.000000 2.562850 98.236132 -0.137765 -4.226836 0.033178 
434 30.264562 0.000000 3.430597 108.452595 -0.030145 -0.365829 -0.176210 
435 29.338252 0.000000 4.298344 98.553865 -0.000000 -0.967468 0.028620 
436 27.485633 0.000000 3.430597 95.204921 -0.012458 4.512559 0.091566 
437 27.485633 0.000000 2.562850 98.451477 -0.065850 0.533576 0.030702 
438 27.485633 0.000000 4.298344 101.872698 -0.284139 0.438644 -0.037832 
439 29.338252 0.000000 1.695103 99.094214 -0.282336 -1.402289 0.017829 
440 28.411942 0.000000 1.695103 102.059792 -0.288599 -4.088240 -0.043300 
441 29.338252 0.000000 0.827356 -27.851230 -0.062585 0.193821 0.922427 
442 30.264562 0.000000 1.695103 99.531515 -0.305573 -1.907217 0.008975 
443 28.875097 0.000000 2.996724 110.212258 -0.098658 33.635494 -0.327810 
444 28.411942 0.000000 2.996724 92.532586 -0.057807 21.660522 0.096854 
445 28.875097 0.000000 2.562850 102.252706 -0.140149 29.978118 -0.135432 
446 29.338252 0.000000 2.996724 103.786123 -0.088055 -0.696773 -0.077205 
447 28.875097 0.000000 3.430597 104.201908 -0.065311 10.795181 -0.097458 
448 27.485633 0.000000 1.695103 105.454657 0.100995 -4.960917 -0.114531 
449 26.559323 0.000000 1.695103 105.454077 0.101029 -4.960568 -0.114518 
450 27.485633 0.000000 0.827356 -21.609747 -0.303169 -0.863462 0.953218 
451 27.948787 0.000000 2.996724 89.570483 -0.084748 -3.981868 0.196127 
452 27.485633 0.000000 2.996724 98.396668 -0.065827 0.441674 0.031790 
453 27.948787 0.000000 2.562850 98.264969 -0.100220 10.402867 0.023577 
454 27.948787 0.000000 3.430597 96.577656 -0.065863 13.991600 0.047699 
455 28.875097 0.000000 2.128976 103.497794 -0.149928 9.104011 -0.079470 
456 28.411942 0.000000 2.128976 99.355030 -0.144951 13.138861 -0.004407 
457 28.875097 0.000000 1.695103 100.730542 -0.309390 -3.884849 -0.016183 
458 29.338252 0.000000 2.128976 109.930295 -0.180498 2.791033 -0.209249 
459 28.643520 0.000000 2.779787 103.683088 -0.097538 41.925217 -0.250792 
460 28.411942 0.000000 2.779787 98.795117 -0.106646 18.978562 -0.012067 
461 28.643520 0.000000 2.562850 106.402156 -0.112668 27.711819 -0.208938 
462 28.875097 0.000000 2.779787 104.184277 -0.130844 43.876291 -0.277951 
463 28.643520 0.000000 2.996724 104.253513 -0.067061 35.158377 -0.210491 
464 27.022478 0.000000 2.996724 104.931360 0.052950 -4.873398 -0.103434 
465 26.559323 0.000000 2.996724 105.999029 0.095125 -4.770782 -0.125856 
466 27.022478 0.000000 2.562850 104.806866 0.028255 -4.891889 -0.100841 
467 27.022478 0.000000 3.430597 105.595931 0.092388 -5.091261 -0.117643 
468 27.948787 0.000000 2.128976 94.314277 -0.100685 5.090054 0.107890 
469 27.485633 0.000000 2.128976 101.105664 -0.064479 -2.606953 -0.022916 
470 27.948787 0.000000 1.695103 102.065239 -0.288514 -4.089073 -0.043412 
471 27.717210 0.000000 2.779787 97.408546 -0.076193 4.324330 0.049287 
472 27.485633 0.000000 2.779787 98.603667 -0.067594 0.223817 0.027726 
473 27.717210 0.000000 2.562850 97.515495 -0.075214 4.587463 0.046968 
474 27.948787 0.000000 2.779787 92.071728 -0.104171 -2.047401 0.151859 
475 27.717210 0.000000 2.996724 97.010947 -0.073532 4.812536 0.056571 
476 28.180365 0.000000 2.779787 92.899700 -0.098327 11.447465 0.123859 
477 28.180365 0.000000 2.562850 96.963207 -0.119737 13.575974 0.041382 
478 28.180365 0.000000 2.996724 90.801413 -0.076298 13.961231 0.156018 
479 80.285282 0.000000 169.170289 99.799899 0.005187 6.436716 -0.000145 
480 21.001465 0.000000 169.170289 99.801829 0.003499 6.443872 -0.000193 
481 139.569099 0.000000 169.170289 99.796725 0.006651 6.433280 -0.000077 
482 80.285282 0.000000 224.706101 99.796579 0.003762 6.444791 -0.000089 
483 50.643374 0.000000 85.866569 99.812127 0.023674 6.388080 -0.000327 
484 21.001465 0.000000 85.866569 99.824013 0.024601 6.415504 -0.000599 
485 80.285282 0.000000 85.866569 99.809195 0.006999 6.375052 -0.000252 
486 50.643374 0.000000 113.634476 99.813011 0.006341 6.419128 -0.000384 
487 35.822419 0.000000 44.214710 99.785187 0.365894 6.184138 0.000454 
488 21.001465 0.000000 44.214710 99.818315 0.402465 6.289339 -0.000341 
489 50.643374 0.000000 44.214710 99.649239 0.239047 6.238359 0.003105 
490 35.822419 0.000000 58.098663 99.765638 0.058077 6.335664 0.000667 
491 28.411942 0.000000 23.388780 100.308564 0.093660 5.591284 -0.009308 
492 21.001465 0.000000 23.388780 100.422038 0.228132 5.972489 -0.012031 
493 35.822419 0.000000 23.388780 99.938973 0.140367 5.478880 -0.001784 
494 28.411942 0.000000 30.330756 100.106320 0.315675 5.966781 -0.005698 
495 24.706704 0.000000 12.975815 101.594248 0.159780 4.722820 -0.034372 
496 21.001465 0.000000 12.975815 101.653892 0.316851 5.201970 -0.036067 
497 28.411942 0.000000 12.975815 101.069406 -0.131060 4.112188 -0.023195 
498 24.706704 0.000000 16.446803 100.876245 -0.198417 5.170090 -0.020279 
499 26.559323 0.000000 7.769332 101.768047 -0.253266 2.193247 -0.036161 
500 24.706704 0.000000 7.769332 102.287030 0.019457 2.717519 -0.047002 
501 28.411942 0.000000 7.769332 101.391169 -0.167572 1.894187 -0.028379 
502 26.559323 0.000000 9.504827 101.592849 -0.217603 3.013866 -0.033024 
503 27.485633 0.000000 5.166091 101.992978 -0.149371 0.501040 -0.040284 
504 26.559323 0.000000 5.166091 102.567923 -0.182886 0.284961 -0.052029 
505 28.411942 0.000000 5.166091 101.774489 -0.367176 0.853135 -0.035891 
506 27.485633 0.000000 6.033838 101.864153 -0.327366 1.063110 -0.037754 
507 27.948787 0.000000 3.864471 89.139753 -0.066319 18.872661 0.169792 
508 27.485633 0.000000 3.864471 94.759118 -0.033491 2.610741 0.101389 
509 28.411942 0.000000 3.864471 97.248125 -0.063494 20.496865 0.012268 
510 27.948787 0.000000 4.298344 101.781398 -0.155360 0.708053 -0.035998 
511 27.717210 0.000000 3.213660 96.504921 -0.068283 5.845774 0.065262 
512 27.485633 0.000000 3.213660 97.872889 -0.061377 1.124112 0.041963 
513 27.948787 0.000000 3.213660 95.319301 -0.066595 14.179445 0.071317 
514 27.717210 0.000000 3.430597 93.703535 -0.066275 10.998246 0.109868 
515 27.832999 0.000000 2.888255 87.940850 -0.143271 -31.633251 0.126572 
516 27.717210 0.000000 2.888255 86.393521 -0.122971 -50.346970 0.000133 
517 27.832999 0.000000 2.779787 91.020082 -0.056080 -1.866668 0.171186 
518 27.948787 0.000000 2.888255 88.879653 -0.104195 -8.768775 0.202351 
519 27.832999 0.000000 2.996724 90.219634 -0.099169 -15.261560 0.162749 
520 28.180365 0.000000 3.213660 90.706963 -0.066174 18.780491 0.141954 
521 28.411942 0.000000 3.213660 96.654197 -0.045035 18.775201 0.030546 
522 28.180365 0.000000 3.430597 94.407998 -0.077841 18.336201 0.075091 
523 28.064576 0.000000 2.888255 87.693097 -0.072936 -2.250425 0.230485 
524 28.064576 0.000000 2.779787 91.711606 -0.109309 2.975398 0.158012 
525 28.180365 0.000000 2.888255 90.942660 -0.147790 3.860007 0.171451 
526 28.064576 0.000000 2.996724 90.637961 -0.096714 4.185200 0.176723 
527 27.832999 0.000000 3.105192 97.696580 -0.078466 8.588942 0.038160 
528 27.717210 0.000000 3.105192 96.721718 -0.070844 5.351076 0.061627 
529 27.948787 0.000000 3.105192 96.288771 -0.076449 10.496114 0.061830 
530 27.832999 0.000000 3.213660 94.556754 -0.080327 8.267284 0.099067 
531 27.890893 0.000000 2.942489 88.153074 -0.100766 -16.017975 0.197245 
532 27.832999 0.000000 2.942489 88.249210 -0.097015 -19.840278 0.181843 
533 27.890893 0.000000 2.888255 88.188074 -0.147877 -31.145231 0.125282 
534 27.948787 0.000000 2.942489 88.924621 -0.092220 -6.540312 0.204963 
535 27.890893 0.000000 2.996724 89.559072 -0.078763 -4.673175 0.195733 
536 22.854084 0.000000 0.827356 -11.453338 -0.223454 -1.385649 0.986685 
537 22.854084 0.000000 -0.908138 -11.538280 -0.304966 -2.226988 0.986182 
538 25.633013 0.000000 1.695103 107.219697 0.077868 -4.243386 -0.151408 
539 24.706704 0.000000 1.695103 -14.455493 0.238157 -1.473371 0.978881 
540 25.633013 0.000000 0.827356 -16.095197 0.230155 -2.532863 0.973448 
541 27.022478 0.000000 2.128976 105.659128 0.088587 -5.141480 -0.119029 
542 26.559323 0.000000 2.128976 105.662172 0.088403 -5.143982 -0.119096 
543 27.022478 0.000000 1.695103 105.453927 0.101038 -4.960478 -0.114515 
544 27.254055 0.000000 2.779787 100.447969 -0.045040 -2.083751 -0.009414 
545 27.022478 0.000000 2.779787 104.899493 0.045155 -4.882769 -0.102775 
546 27.254055 0.000000 2.562850 101.841270 -0.029947 -2.985698 -0.038056 
547 27.254055 0.000000 2.996724 100.100595 -0.023210 -1.815527 -0.002343 
548 27.601421 0.000000 2.888255 98.101760 -0.208306 -0.361848 0.037587 
549 27.485633 0.000000 2.888255 98.573200 -0.067514 0.226122 0.028327 
550 27.601421 0.000000 2.779787 98.203240 -0.072052 3.221350 0.034574 
551 27.601421 0.000000 2.996724 97.969961 -0.155277 1.250034 0.040030 
552 32.117181 0.000000 -7.850115 99.222241 0.224231 8.269220 0.008652 
553 32.117181 0.000000 -11.321103 99.815326 -0.738694 7.347924 -0.001764 
554 35.822419 0.000000 -7.850115 98.658569 -0.520901 8.237952 0.019835 
555 30.264562 0.000000 -2.643632 101.471616 -0.295389 12.059795 -0.044201 
556 30.264562 0.000000 -4.379127 99.215028 0.162640 11.445032 0.002536 
557 32.117181 0.000000 -2.643632 102.400334 0.004408 23.104924 -0.101967 
558 39.527658 0.000000 6.033838 97.363566 0.000000 0.786719 0.051972 
559 39.527658 0.000000 2.562850 101.297020 0.042981 18.002509 -0.058518 
560 43.232897 0.000000 6.033838 97.546012 -0.269803 1.969404 0.048082 
561 39.527658 0.000000 9.504827 100.738576 0.046769 1.267956 -0.014987 
562 33.969800 0.000000 4.298344 99.067003 -0.022364 -0.037922 0.018573 
563 33.969800 0.000000 2.562850 92.729422 -0.123511 17.456551 0.109651 
564 35.822419 0.000000 4.298344 100.029003 0.004549 -2.839942 -0.001387 
565 33.969800 0.000000 6.033838 98.648164 0.000000 1.149567 0.026722 
566 39.527658 0.000000 -0.908138 99.489238 0.235885 26.212439 -0.058526 
567 39.527658 0.000000 -4.379127 97.161620 -0.159728 8.667337 0.048447 
568 43.232897 0.000000 -0.908138 94.810885 -0.453721 8.286370 0.094203 
569 33.969800 0.000000 0.827356 104.936590 -0.051167 12.494176 -0.116780 
570 33.969800 0.000000 -0.908138 102.615327 0.069427 25.182744 -0.116408 
571 35.822419 0.000000 0.827356 105.512719 0.023774 12.368557 -0.128592 
572 33.043491 0.000000 3.430597 100.727657 -0.039595 -11.811884 -0.028558 
573 32.117181 0.000000 3.430597 104.515251 -0.034024 -3.128337 -0.093323 
574 33.043491 0.000000 2.562850 97.611044 -0.170877 -11.798826 0.033284 
575 33.969800 0.000000 3.430597 101.302286 -0.038734 3.538440 -0.027468 
576 33.043491 0.000000 4.298344 99.083467 -0.029200 -3.917839 0.016712 
577 31.190871 0.000000 3.430597 103.979910 -0.023144 -10.876495 -0.093012 
578 31.190871 0.000000 2.562850 94.437483 -0.170438 -15.114668 0.085308 
579 31.190871 0.000000 4.298344 101.203806 -0.028657 -6.215842 -0.028085 
580 33.043491 0.000000 1.695103 106.319856 -0.218129 -1.046408 -0.130505 
581 32.117181 0.000000 1.695103 103.443971 -0.278566 -1.078149 -0.070190 
582 33.043491 0.000000 0.827356 106.226357 -0.087450 8.073127 -0.134922 
583 33.969800 0.000000 1.695103 105.603829 -0.110250 0.860821 -0.115292 
584 32.580336 0.000000 2.996724 135.582021 -0.061729 -26.849965 -0.910341 
585 32.117181 0.000000 2.996724 119.673283 -0.070409 6.570841 -0.436488 
586 32.580336 0.000000 2.562850 103.776635 -0.201886 -19.921591 -0.116650 
587 33.043491 0.000000 2.996724 101.832370 -0.088601 -20.777972 -0.080156 
588 32.580336 0.000000 3.430597 107.885634 -0.024398 -11.819925 -0.177902 
589 31.190871 0.000000 1.695103 101.501525 -0.289915 -0.902682 -0.030346 
590 31.190871 0.000000 0.827356 -23.310969 0.064129 -1.556975 0.945417 
591 31.654026 0.000000 2.996724 91.839732 -0.069862 0.242361 0.156540 
592 31.190871 0.000000 2.996724 92.716816 -0.067467 -20.874008 0.096786 
593 31.654026 0.000000 2.562850 92.597170 -0.212656 2.687372 0.141850 
594 31.654026 0.000000 3.430597 97.828724 -0.032125 -6.393257 0.038867 
595 32.580336 0.000000 2.128976 103.959421 -0.272929 -1.346247 -0.080945 
596 32.117181 0.000000 2.128976 103.196276 -0.281544 -1.222014 -0.065104 
597 32.580336 0.000000 1.695103 104.670258 -0.259266 -1.201070 -0.095737 
598 33.043491 0.000000 2.128976 104.615438 -0.253901 -1.594286 -0.094700 
599 32.348758 0.000000 2.779787 132.202035 -0.145694 -14.579737 -0.768997 
600 32.117181 0.000000 2.779787 126.264190 -0.152582 49.027685 -0.834638 
601 32.348758 0.000000 2.562850 107.736672 -0.272956 -14.239948 -0.181004 
602 32.580336 0.000000 2.779787 115.669150 -0.154019 -24.994228 -0.400409 
603 32.348758 0.000000 2.996724 143.678059 -0.045975 -9.098391 -1.072617 
604 37.675039 0.000000 0.827356 104.989376 0.137361 11.466706 -0.115427 
605 37.675039 0.000000 -0.908138 100.745609 0.148295 26.024808 -0.082699 
606 39.527658 0.000000 0.827356 103.716011 0.090521 13.798083 -0.094741 
607 37.675039 0.000000 2.562850 109.320439 0.421417 -10.241001 -0.205601 
608 34.896110 0.000000 1.695103 106.474994 -0.065485 5.120044 -0.136314 
609 34.896110 0.000000 0.827356 106.162462 -0.032991 9.628724 -0.136318 
610 35.822419 0.000000 1.695103 106.288770 0.045382 6.671523 -0.134181 
611 34.896110 0.000000 2.562850 168.015539 0.430120 133.060065 -3.593439 
612 37.675039 0.000000 4.298344 100.754453 0.089580 -1.815118 -0.015476 
613 39.527658 0.000000 4.298344 98.532323 0.067828 -1.358948 0.028953 
614 37.675039 0.000000 6.033838 97.764089 -0.000000 1.169473 0.044082 
615 36.748729 0.000000 1.695103 105.211342 0.201404 11.975259 -0.121287 
616 36.748729 0.000000 0.827356 103.815369 0.172270 14.070701 -0.097565 
617 37.675039 0.000000 1.695103 104.785742 0.351136 1.132856 -0.098146 
618 36.748729 0.000000 2.562850 102.171798 0.188521 20.900983 -0.087596 
619 34.896110 0.000000 3.430597 111.623031 -0.038501 -4.802894 -0.248277 
620 35.822419 0.000000 3.430597 100.125767 0.003220 -9.533646 -0.011606 
621 34.896110 0.000000 4.298344 101.678350 -0.003067 -1.528663 -0.034082 
622 35.359265 0.000000 2.128976 99.446419 0.127016 -5.486938 0.008029 
623 34.896110 0.000000 2.128976 111.997899 0.040513 12.847219 -0.270858 
624 35.359265 0.000000 1.695103 103.507019 0.049174 1.561168 -0.071614 
625 35.822419 0.000000 2.128976 97.476466 0.227694 -3.337800 0.048715 
626 35.359265 0.000000 2.562850 100.227198 0.269541 -11.284284 -0.017290 
627 34.432955 0.000000 2.128976 135.676557 -0.123927 62.778578 -1.234929 
628 33.969800 0.000000 2.128976 99.991319 -0.151521 4.993551 -0.002322 
629 34.432955 0.000000 1.695103 105.802965 -0.093786 4.508507 -0.121460 
630 34.432955 0.000000 2.562850 155.150125 -0.126603 109.093358 -2.597294 
631 36.748729 0.000000 3.430597 101.803854 0.087012 0.981600 -0.036500 
632 37.675039 0.000000 3.430597 108.841978 0.087409 -4.452190 -0.186641 
633 36.748729 0.000000 4.298344 99.781235 0.003315 -0.714079 0.004320 
634 35.359265 0.000000 2.996724 113.427244 0.050265 -12.206741 -0.301475 
635 34.896110 0.000000 2.996724 119.797263 0.019223 7.992826 -0.441527 
636 35.822419 0.000000 2.996724 96.803331 0.146393 -11.489610 0.049708 
637 35.359265 0.000000 3.430597 107.429511 -0.021193 -11.616625 -0.167605 
638 35.127687 0.000000 2.345913 109.545515 0.121301 5.107790 -0.202632 
639 34.896110 0.000000 2.345913 143.001956 0.259099 79.984842 -1.684720 
640 35.127687 0.000000 2.128976 108.436422 0.073473 7.771666 -0.181886 
641 35.359265 0.000000 2.345913 101.492871 0.233754 -5.393007 -0.032994 
642 35.127687 0.000000 2.562850 155.324721 0.168817 101.362184 -2.440009 
643 58.053851 0.000000 -4.379127 99.470825 -0.156568 5.181370 0.007868 
644 58.053851 0.000000 -11.321103 99.581565 -0.135187 5.650638 0.005156 
645 65.464328 0.000000 -4.379127 99.682664 -0.117139 5.245867 0.003583 
646 58.053851 0.000000 2.562850 99.401065 -0.291346 5.041171 0.009393 
647 46.938135 0.000000 -0.908138 97.714181 -0.416605 6.147902 0.041397 
648 46.938135 0.000000 -4.379127 98.348518 -0.357058 5.693604 0.029502 
649 50.643374 0.000000 -0.908138 98.708135 -0.330701 5.795743 0.022300 
650 46.938135 0.000000 2.562850 97.679915 -0.991612 4.066791 0.044111 
651 41.380277 0.000000 0.827356 103.654218 -0.212784 11.892417 -0.088567 
652 41.380277 0.000000 -0.908138 93.476797 -0.017005 12.197253 0.111332 
653 43.232897 0.000000 0.827356 103.059941 -0.338818 23.097476 -0.115496 
654 41.380277 0.000000 2.562850 106.753309 -0.200684 -0.826198 -0.139699 
655 58.053851 0.000000 9.504827 99.518261 0.542056 3.920255 0.008045 
656 65.464328 0.000000 9.504827 99.698781 0.613928 4.489814 0.003962 
657 58.053851 0.000000 16.446803 99.615996 0.174934 5.070198 0.005092 
658 46.938135 0.000000 6.033838 98.409916 -0.091136 3.367213 0.030414 
659 50.643374 0.000000 6.033838 98.980165 -0.665991 3.509904 0.019016 
660 46.938135 0.000000 9.504827 99.023176 0.245258 3.140061 0.018449 
661 41.380277 0.000000 4.298344 96.273600 -0.335851 -1.440357 0.072921 
662 43.232897 0.000000 4.298344 96.086404 -0.611472 1.539096 0.076466 
663 41.380277 0.000000 6.033838 97.600598 0.000000 0.962402 0.047320 
664 40.453968 0.000000 1.695103 105.437873 -0.092550 5.964519 -0.115273 
665 39.527658 0.000000 1.695103 105.079838 0.049733 6.557467 -0.108478 
666 40.453968 0.000000 0.827356 104.775632 -0.088147 9.017520 -0.105926 
667 41.380277 0.000000 1.695103 105.295685 -0.225987 5.254089 -0.111484 
668 40.453968 0.000000 2.562850 106.611851 -0.064150 3.010345 -0.137515 
669 38.601348 0.000000 1.695103 103.973594 0.372943 6.952203 -0.085898 
670 38.601348 0.000000 0.827356 99.904937 0.242011 19.549848 -0.036325 
671 38.601348 0.000000 2.562850 93.121315 0.416607 -11.194048 0.120294 
672 40.453968 0.000000 3.430597 106.550914 -0.004203 -6.455114 -0.139477 
673 39.527658 0.000000 3.430597 102.729963 0.058813 0.343189 -0.055357 
674 41.380277 0.000000 3.430597 106.454657 -0.224847 -2.096904 -0.133704 
675 40.453968 0.000000 4.298344 97.718403 0.000000 -1.275262 0.044949 
676 39.990813 0.000000 2.128976 98.266514 1.299282 6.643152 0.029787 
677 39.527658 0.000000 2.128976 94.334796 1.055492 18.283470 0.076555 
678 39.990813 0.000000 1.695103 105.338371 -0.029362 6.250759 -0.113525 
679 40.453968 0.000000 2.128976 105.959398 -0.076639 3.750872 -0.124147 
680 39.990813 0.000000 2.562850 107.026268 -0.010609 14.455609 -0.166359 
681 38.601348 0.000000 3.430597 99.055134 0.135423 -5.838654 0.015397 
682 38.601348 0.000000 4.298344 99.546663 0.107319 -2.923593 0.008190 
683 39.064503 0.000000 2.128976 92.214913 1.040503 4.434114 0.147567 
684 38.601348 0.000000 2.128976 93.650743 0.991489 -2.307036 0.122323 
685 39.064503 0.000000 1.695103 104.424079 0.287697 8.230870 -0.097222 
686 39.064503 0.000000 2.562850 93.255056 0.215992 3.553020 0.129082 
687 39.990813 0.000000 2.996724 109.350536 -0.015891 3.641964 -0.197080 
688 39.527658 0.000000 2.996724 103.664676 0.077899 4.207848 -0.076408 
689 40.453968 0.000000 2.996724 107.782487 -0.087674 0.122392 -0.161709 
690 39.990813 0.000000 3.430597 106.147175 0.018362 -1.915445 -0.127089 
691 39.759235 0.000000 2.345913 103.938777 0.240563 27.973778 -0.158586 
692 39.527658 0.000000 2.345913 98.383549 0.338697 21.450319 -0.013955 
693 39.759235 0.000000 2.128976 99.765401 0.945058 20.686614 -0.038196 
694 39.990813 0.000000 2.345913 104.539415 0.325335 15.795486 -0.117809 
695 39.759235 0.000000 2.562850 105.991870 0.010625 23.525213 -0.178771 
696 39.064503 0.000000 2.996724 97.023566 0.140182 1.518859 0.058410 
697 38.601348 0.000000 2.996724 98.730156 0.188965 -4.393305 0.023302 
698 39.064503 0.000000 3.430597 98.130130 0.106125 -1.041660 0.036938 
699 39.296081 0.000000 2.345913 94.985532 0.494503 10.950630 0.085759 
700 39.064503 0.000000 2.345913 91.442855 0.780282 4.499156 0.161735 
701 39.296081 0.000000 2.128976 92.990392 1.036858 12.423393 0.119737 
702 39.296081 0.000000 2.562850 97.390305 0.134483 10.703578 0.040054 
703 43.232897 0.000000 -18.263080 99.697635 -0.433609 6.364013 0.001969 
704 43.232897 0.000000 -25.205056 99.845881 -0.164854 6.312906 -0.000908 
705 50.643374 0.000000 -18.263080 99.602008 -0.119140 6.048061 0.004285 
706 39.527658 0.000000 -7.850115 98.487569 -0.177383 7.311735 0.024671 
707 39.527658 0.000000 -11.321103 99.112091 -0.145498 6.836724 0.013003 
708 43.232897 0.000000 -7.850115 98.542795 -0.217033 6.463882 0.024749 
709 41.380277 0.000000 -2.643632 95.991328 -0.098743 8.724235 0.070954 
710 39.527658 0.000000 -2.643632 95.606604 -0.058968 10.663948 0.074565 
711 41.380277 0.000000 -4.379127 97.264337 -0.144113 7.649231 0.048112 
712 43.232897 0.000000 -2.643632 96.613692 -0.304114 7.163985 0.061438 
713 40.453968 0.000000 -0.040391 102.128059 -0.073966 22.251920 -0.092529 
714 39.527658 0.000000 -0.040391 103.200115 0.129052 16.336106 -0.091715 
715 40.453968 0.000000 -0.908138 98.312794 0.249521 27.735284 -0.043471 
716 41.380277 0.000000 -0.040391 101.815288 -0.291523 17.953836 -0.068878 
717 39.990813 0.000000 1.261229 102.764089 -0.031726 11.603056 -0.069509 
718 39.527658 0.000000 1.261229 104.604969 0.033176 8.594417 -0.101606 
719 39.990813 0.000000 0.827356 104.685721 -0.029894 9.039710 -0.104082 
720 40.453968 0.000000 1.261229 104.965589 -0.100555 8.144342 -0.108412 
721 39.759235 0.000000 1.912040 103.396999 0.345153 10.736946 -0.080634 
722 39.527658 0.000000 1.912040 105.239828 0.063148 5.653741 -0.110739 
723 39.759235 0.000000 1.695103 105.235432 0.008039 6.416981 -0.111567 
724 39.990813 0.000000 1.912040 103.381426 0.354682 7.790912 -0.074854 
725 39.643447 0.000000 2.237445 98.290127 1.004856 24.657977 -0.026997 
726 39.527658 0.000000 2.237445 95.803956 0.808853 18.861457 0.046519 
727 39.643447 0.000000 2.128976 96.717039 1.479860 28.756364 -0.018330 
728 39.759235 0.000000 2.237445 102.211010 0.418968 19.434608 -0.082497 
729 39.643447 0.000000 2.345913 103.474227 0.026471 27.829328 -0.148139 
730 37.675039 0.000000 -2.643632 95.568758 -0.138998 12.376491 0.071342 
731 35.822419 0.000000 -2.643632 98.102101 0.129714 32.841029 -0.070257 
732 37.675039 0.000000 -4.379127 97.282233 -0.316345 9.992763 0.043621 
733 38.601348 0.000000 -0.040391 102.514948 0.198490 17.696387 -0.082252 
734 37.675039 0.000000 -0.040391 102.133838 0.235208 20.727002 -0.086098 
735 38.601348 0.000000 -0.908138 99.423574 0.191877 27.761007 -0.065576 
736 39.064503 0.000000 1.261229 103.161951 0.187862 13.818818 -0.083338 
737 38.601348 0.000000 1.261229 102.582044 0.274879 13.702935 -0.071092 
738 39.064503 0.000000 0.827356 101.401767 0.190366 17.336891 -0.058292 
739 39.296081 0.000000 1.912040 101.072243 0.505410 6.871883 -0.026308 
740 39.064503 0.000000 1.912040 100.617622 0.633258 4.187518 -0.014184 
741 39.296081 0.000000 1.695103 105.121047 0.131682 7.875456 -0.111247 
742 39.643447 0.000000 2.020508 100.051831 0.616502 14.693615 -0.022665 
743 39.527658 0.000000 2.020508 100.161828 0.527334 15.898284 -0.028543 
744 39.643447 0.000000 1.912040 105.374899 0.034245 11.906253 -0.124563 
745 39.759235 0.000000 2.020508 102.078234 0.449988 12.547070 -0.057760 
746 45.085516 0.000000 0.827356 96.010586 -0.698446 5.717222 0.074879 
747 45.085516 0.000000 -0.908138 96.621297 -0.478204 6.720826 0.061893 
748 46.938135 0.000000 0.827356 97.533133 -0.468881 5.629204 0.045538 
749 45.085516 0.000000 2.562850 96.292383 -1.489276 3.262956 0.071491 
750 42.306587 0.000000 1.695103 30.202501 -0.462176 18.041691 0.876209 
751 42.306587 0.000000 0.827356 104.746134 -0.256894 6.657993 -0.101615 
752 43.232897 0.000000 1.695103 102.346095 -0.321086 24.049442 -0.105320 
753 42.306587 0.000000 2.562850 105.741058 -0.240687 2.056472 -0.118546 
754 40.917122 0.000000 2.128976 106.660229 -0.045815 1.055029 -0.137752 
755 40.917122 0.000000 1.695103 105.428093 -0.132545 5.998816 -0.115109 
756 41.380277 0.000000 2.128976 106.786658 -0.135529 -0.578480 -0.140374 
757 40.917122 0.000000 2.562850 107.060732 -0.127603 -1.338111 -0.146381 
758 40.222390 0.000000 2.345913 106.569887 -0.043586 8.315658 -0.142629 
759 40.222390 0.000000 2.128976 104.227361 0.234413 7.277263 -0.091636 
760 40.453968 0.000000 2.345913 106.098387 -0.071269 3.185000 -0.126702 
761 40.222390 0.000000 2.562850 107.146685 -0.036415 8.017469 -0.154469 
762 39.875024 0.000000 2.237445 101.104608 0.653512 16.736833 -0.050269 
763 39.875024 0.000000 2.128976 94.722070 1.682206 8.114475 0.095905 
764 39.990813 0.000000 2.237445 100.131602 0.998256 9.715483 -0.012172 
765 39.875024 0.000000 2.345913 104.600089 0.279796 27.813014 -0.171482 
766 39.701341 0.000000 2.183211 97.938353 1.189508 25.508383 -0.024401 
767 39.643447 0.000000 2.183211 97.052824 1.365351 27.840031 -0.019618 
768 39.701341 0.000000 2.128976 97.745836 1.243495 25.113853 -0.018650 
769 39.759235 0.000000 2.183211 99.979126 0.903663 21.977194 -0.047964 
770 39.701341 0.000000 2.237445 100.330323 0.821265 24.717005 -0.067778 
771 40.222390 0.000000 1.912040 105.609735 -0.057944 5.174629 -0.118020 
772 40.222390 0.000000 1.695103 105.402045 -0.063016 6.088199 -0.114666 
773 40.453968 0.000000 1.912040 105.724408 -0.084125 4.724517 -0.119998 
774 39.875024 0.000000 2.020508 101.440861 0.668207 10.273646 -0.039624 
775 39.875024 0.000000 1.912040 103.189462 0.396833 8.002118 -0.071226 
776 39.990813 0.000000 2.020508 102.103046 0.554527 9.898452 -0.052332 
777 39.701341 0.000000 2.074742 99.972488 0.926083 21.338034 -0.045067 
778 39.643447 0.000000 2.074742 98.123548 1.096099 22.403265 -0.013134 
779 39.701341 0.000000 2.020508 102.476029 0.376767 12.926994 -0.066859 
780 39.759235 0.000000 2.074742 101.700981 0.509290 13.253127 -0.051899 
781 39.817130 0.000000 2.183211 100.610170 0.705340 14.993714 -0.034772 
782 39.817130 0.000000 2.128976 100.001250 0.801644 12.847442 -0.016595 
783 39.875024 0.000000 2.183211 98.258814 1.105821 12.208518 0.019493 
784 39.817130 0.000000 2.237445 101.754689 0.529414 18.518537 -0.069723 
785 39.730288 0.000000 2.156094 95.931936 1.840008 34.759771 -0.041456 
786 39.701341 0.000000 2.156094 97.627383 1.274957 26.075326 -0.021265 
787 39.730288 0.000000 2.128976 96.618403 1.682192 32.309672 -0.038186 
788 39.759235 0.000000 2.156094 97.295113 1.520734 29.841358 -0.035916 
789 39.730288 0.000000 2.183211 99.740937 0.962799 23.608535 -0.050654 
790 39.817130 0.000000 2.074742 100.605242 0.700558 12.147145 -0.026946 
791 39.817130 0.000000 2.020508 102.065854 0.570524 10.932854 -0.053729 
792 39.875024 0.000000 2.074742 99.166307 1.041100 9.479850 0.007509 
793 39.730288 0.000000 2.101859 99.782583 0.957016 21.450045 -0.041758 
794 39.701341 0.000000 2.101859 99.464729 1.035968 23.232391 -0.043405 
795 39.730288 0.000000 2.074742 100.092546 0.892093 20.201064 -0.042740 
796 39.759235 0.000000 2.101859 99.886265 0.920385 19.862051 -0.037261 
797 39.788183 0.000000 2.156094 101.041685 0.623048 14.686529 -0.042550 
798 39.788183 0.000000 2.128976 100.947957 0.638347 13.814948 -0.038175 
799 39.817130 0.000000 2.156094 100.160963 0.776791 13.717141 -0.022098 
800 39.788183 0.000000 2.183211 101.291023 0.582891 15.850435 -0.051145 
801 39.744762 0.000000 2.142535 96.317778 1.749621 33.228051 -0.038428 
802 39.730288 0.000000 2.142535 95.255799 1.995982 36.850033 -0.043558 
803 39.744762 0.000000 2.128976 96.901623 1.614702 31.129443 -0.036157 
804 39.759235 0.000000 2.142535 97.211130 1.539490 29.893825 -0.034601 
805 39.744762 0.000000 2.156094 96.533749 1.699854 32.663964 -0.038859 
806 39.788183 0.000000 2.101859 101.028265 0.625347 13.204473 -0.038146 
807 39.788183 0.000000 2.074742 101.241723 0.590577 12.787802 -0.041376 
808 39.817130 0.000000 2.101859 100.191854 0.769309 12.372774 -0.019209 
809 39.773709 0.000000 2.142535 99.745598 0.940031 20.200703 -0.035814 
810 39.773709 0.000000 2.128976 101.273881 0.580597 14.157752 -0.045718 
811 39.788183 0.000000 2.142535 100.972758 0.634266 14.215180 -0.039797 
812 39.773709 0.000000 2.156094 99.790096 0.932223 20.549025 -0.038119 
813 39.759235 0.000000 2.779787 105.849916 0.012805 14.459785 -0.141329 
814 39.527658 0.000000 2.779787 103.116480 0.072242 13.886189 -0.082584 
815 39.990813 0.000000 2.779787 107.694046 -0.009136 10.539258 -0.170908 
816 39.759235 0.000000 2.996724 107.051112 0.038083 4.291891 -0.147836 
817 39.643447 0.000000 2.454382 103.174475 0.022741 25.759098 -0.130850 
818 39.527658 0.000000 2.454382 100.081780 0.044801 20.928454 -0.045436 
819 39.759235 0.000000 2.454382 104.949769 0.011976 27.624230 -0.177755 
820 39.643447 0.000000 2.562850 103.390875 0.021029 21.015044 -0.113131 
821 39.701341 0.000000 2.291679 102.654661 0.282876 23.331759 -0.108243 
822 39.643447 0.000000 2.291679 100.131642 0.519547 22.267990 -0.052248 
823 39.759235 0.000000 2.291679 103.118673 0.318292 23.182453 -0.117099 
824 39.701341 0.000000 2.345913 102.963746 0.209870 30.006333 -0.150196 
825 39.730288 0.000000 2.210328 100.110527 0.880989 23.734055 -0.058620 
826 39.701341 0.000000 2.210328 99.793301 0.947397 24.911668 -0.058019 
827 39.759235 0.000000 2.210328 100.288030 0.842894 22.591088 -0.056876 
828 39.730288 0.000000 2.237445 100.525205 0.790550 24.127059 -0.068806 
829 39.744762 0.000000 2.169652 97.206448 1.544988 30.717539 -0.039505 
830 39.730288 0.000000 2.169652 96.998864 1.594111 31.583550 -0.040884 
831 39.759235 0.000000 2.169652 99.867672 0.925668 21.691202 -0.044492 
832 39.744762 0.000000 2.183211 99.896716 0.925702 22.752311 -0.049788 
833 39.751999 0.000000 2.149314 96.824775 1.631148 31.484168 -0.036895 
834 39.744762 0.000000 2.149314 96.293884 1.755203 33.373846 -0.038941 
835 39.751999 0.000000 2.142535 96.830662 1.629623 31.374754 -0.036321 
836 39.759235 0.000000 2.149314 97.213376 1.539266 29.995569 -0.035254 
837 39.751999 0.000000 2.156094 96.953689 1.601546 31.155472 -0.037325 
838 45.085516 0.000000 4.298344 97.166105 -0.522068 3.126190 0.054870 
839 46.938135 0.000000 4.298344 98.013333 -0.356730 3.733240 0.037932 
840 45.085516 0.000000 6.033838 97.956006 -0.223867 2.851478 0.039644 
841 44.159206 0.000000 1.695103 94.331535 -1.343286 4.391623 0.108047 
842 44.159206 0.000000 0.827356 94.503031 -1.013660 5.909199 0.103323 
843 45.085516 0.000000 1.695103 96.014843 -0.838289 4.645499 0.075887 
844 44.159206 0.000000 2.562850 94.951981 -1.901681 2.118857 0.097602 
845 42.306587 0.000000 3.430597 109.590399 -0.206042 -13.637590 -0.219608 
846 43.232897 0.000000 3.430597 94.674760 -0.759615 1.435954 0.103405 
847 42.306587 0.000000 4.298344 95.733600 -0.458775 0.202473 0.083483 
848 42.769742 0.000000 2.128976 105.374662 -0.246974 3.451780 -0.111580 
849 42.306587 0.000000 2.128976 78.550235 -0.318789 -21.948724 0.334801 
850 42.769742 0.000000 1.695103 105.179078 -0.249672 4.329601 -0.108145 
851 43.232897 0.000000 2.128976 110.568052 -0.068956 -9.718836 -0.231975 
852 42.769742 0.000000 2.562850 105.524538 -0.245277 2.825656 -0.114347 
853 41.843432 0.000000 2.128976 105.909865 -0.228261 1.763937 -0.122006 
854 41.843432 0.000000 1.695103 105.228686 -0.242468 4.658041 -0.109483 
855 41.843432 0.000000 2.562850 106.151552 -0.229319 0.767711 -0.126879 
856 42.306587 0.000000 -0.040391 101.887346 -0.305663 23.060168 -0.091290 
857 42.306587 0.000000 -0.908138 93.790012 -0.307334 9.952121 0.110429 
858 43.232897 0.000000 -0.040391 93.352256 -0.723508 8.395030 0.121436 
859 42.769742 0.000000 1.261229 105.000926 -0.252554 5.195526 -0.105225 
860 42.306587 0.000000 1.261229 104.891580 -0.253574 5.882259 -0.103691 
861 42.769742 0.000000 0.827356 104.403820 -0.229357 7.248394 -0.095275 
862 43.232897 0.000000 1.261229 102.351814 -0.321252 24.046837 -0.105425 
863 42.538164 0.000000 1.912040 86.770027 -0.324986 -0.155103 0.247083 
864 42.306587 0.000000 1.912040 30.188911 -0.530010 -11.509501 0.895588 
865 42.538164 0.000000 1.695103 87.063645 -0.310770 8.271297 0.235141 
866 42.769742 0.000000 1.912040 105.278988 -0.248234 3.872430 -0.109872 
867 42.538164 0.000000 2.128976 105.436621 -0.245353 3.230664 -0.112738 
868 15.443607 0.000000 -6.114621 98.869207 -0.499948 -0.451620 0.022443 
869 15.443607 0.000000 -7.850115 99.434808 -0.249218 2.292420 0.010740 
870 17.296227 0.000000 -6.114621 101.375941 -0.087941 -1.825772 -0.028042 
871 14.517298 0.000000 -3.511380 93.027435 -0.114679 -25.232366 0.070921 
872 14.517298 0.000000 -4.379127 94.667867 -0.319598 -5.225960 0.101058 
873 15.443607 0.000000 -3.511380 99.944361 0.114523 -13.943375 -0.018331 
874 14.517298 0.000000 -2.643632 90.899244 -0.302436 -11.474417 0.160557 
875 14.517298 0.000000 -1.775885 -8.207038 -0.081377 3.173968 0.992256 
876 13.590988 0.000000 -1.775885 -11.733930 -0.281118 5.169959 0.983551 
877 15.443607 0.000000 -1.775885 -7.320682 0.133466 1.976807 0.994248 
878 14.517298 0.000000 -0.908138 -9.073807 -0.079613 2.680307 0.991048 
879 14.054143 0.000000 -3.077506 86.691428 -0.421811 -11.388122 0.235473 
880 13.590988 0.000000 -3.077506 91.804816 -0.453621 -1.306444 0.156996 
881 14.054143 0.000000 -3.511380 89.571449 -0.425240 -1.907655 0.197314 
882 14.517298 0.000000 -3.077506 84.722116 -0.284573 -29.524471 0.195039 
883 14.054143 0.000000 -2.643632 89.620264 -0.426183 -1.914109 0.196436 
884 19.148846 0.000000 -2.643632 -8.926734 0.230923 0.083469 0.992025 
885 19.148846 0.000000 -4.379127 113.478759 0.170359 -10.481130 -0.298731 
886 21.001465 0.000000 -2.643632 -10.649735 -0.116220 -1.093525 0.988537 
887 16.369917 0.000000 -3.511380 100.312922 0.418704 -7.436763 -0.011816 
888 16.369917 0.000000 -4.379127 98.791087 -0.094736 -6.276595 0.020092 
889 17.296227 0.000000 -3.511380 101.691451 0.327083 -14.066631 -0.053913 
890 16.369917 0.000000 -2.643632 100.240368 0.457864 -5.769234 -0.008163 
891 14.980452 0.000000 -3.077506 95.626443 0.001025 -24.650932 0.024791 
892 14.980452 0.000000 -3.511380 96.130317 0.016635 -23.408369 0.021101 
893 15.443607 0.000000 -3.077506 99.119343 0.090298 -15.981986 -0.008008 
894 14.980452 0.000000 -2.643632 93.510733 -0.047172 -29.914901 0.036084 
895 12.664678 0.000000 -1.775885 95.529058 -0.507979 0.051778 0.087394 
896 11.738369 0.000000 -1.775885 -13.732660 -0.081691 0.856785 0.981067 
897 12.664678 0.000000 -0.908138 -12.116180 -0.071997 2.236014 0.984819 
898 14.054143 0.000000 -2.209759 89.475214 -0.423383 -1.894931 0.199042 
899 13.590988 0.000000 -2.209759 89.469863 -0.423279 -1.894224 0.199138 
900 14.517298 0.000000 -2.209759 90.621020 -0.445502 -2.046423 0.178344 
901 14.054143 0.000000 -1.775885 -9.114726 -0.026497 4.173099 0.989951 
902 14.285720 0.000000 -2.860569 85.882618 -0.338545 -21.830789 0.214748 
903 14.054143 0.000000 -2.860569 89.751179 -0.428710 -1.931418 0.194081 
904 14.285720 0.000000 -3.077506 84.481588 -0.316215 -27.102650 0.212821 
905 14.517298 0.000000 -2.860569 87.241959 -0.268692 -24.853900 0.177105 
906 14.285720 0.000000 -2.643632 89.543409 -0.424699 -1.903948 0.197817 
907 14.517298 0.000000 -5.246874 97.033563 -0.324877 -1.468921 0.058222 
908 13.590988 0.000000 -5.246874 96.531530 -0.201447 0.726427 0.068110 
909 14.517298 0.000000 -6.114621 98.094228 -0.276659 0.587594 0.037710 
910 15.443607 0.000000 -5.246874 98.351939 -0.305663 -2.836038 0.031876 
911 14.054143 0.000000 -3.945253 90.621020 -0.445502 -2.046423 0.178344 
912 13.590988 0.000000 -3.945253 90.621020 -0.445502 -2.046423 0.178344 
913 14.054143 0.000000 -4.379127 93.513894 -0.357986 -2.730381 0.124757 
914 14.517298 0.000000 -3.945253 92.319920 -0.344634 -8.715625 0.140095 
915 14.285720 0.000000 -3.294443 89.065799 -0.221416 -24.281597 0.147764 
916 14.054143 0.000000 -3.294443 89.664073 -0.427028 -1.919901 0.195649 
917 14.285720 0.000000 -3.511380 90.829573 -0.310975 -10.839868 0.163239 
918 14.517298 0.000000 -3.294443 89.367490 -0.190891 -26.643316 0.130355 
919 16.369917 0.000000 -1.775885 -7.534511 0.308223 1.240423 0.994160 
920 17.296227 0.000000 -1.775885 -7.830219 0.310529 0.991660 0.993761 
921 16.369917 0.000000 -0.908138 -8.099381 0.297635 1.490781 0.993209 
922 14.980452 0.000000 -2.209759 -7.096244 -0.103746 2.439809 0.994368 
923 15.443607 0.000000 -2.209759 -6.740821 0.134746 1.812471 0.995126 
924 14.980452 0.000000 -1.775885 -7.665377 -0.085560 2.567937 0.993464 
925 14.748875 0.000000 -2.860569 93.151682 -0.099931 -26.372744 0.062723 
926 14.748875 0.000000 -3.077506 90.927546 -0.125888 -29.961095 0.083450 
927 14.980452 0.000000 -2.860569 94.908525 -0.011735 -26.446791 0.029294 
928 14.748875 0.000000 -2.643632 93.032186 -0.113310 -25.295556 0.070513 
929 14.401509 0.000000 -2.969038 82.880975 -0.323550 -30.309431 0.221198 
930 14.285720 0.000000 -2.969038 86.477332 -0.307796 -23.137640 0.198623 
931 14.401509 0.000000 -3.077506 82.607286 -0.320778 -31.214778 0.220157 
932 14.517298 0.000000 -2.969038 84.610035 -0.291409 -29.138157 0.199202 
933 14.401509 0.000000 -2.860569 86.806082 -0.290116 -23.938670 0.189156 
934 19.148846 0.000000 -6.114621 104.947826 0.059770 0.217927 -0.101410 
935 19.148846 0.000000 -7.850115 102.554915 -0.048990 2.852633 -0.052565 
936 21.001465 0.000000 -6.114621 106.058475 -0.007636 5.615196 -0.127993 
937 18.222536 0.000000 -3.511380 106.688672 0.333307 -15.649318 -0.162748 
938 18.222536 0.000000 -4.379127 105.010587 0.370511 -16.250392 -0.129144 
939 19.148846 0.000000 -3.511380 112.674131 0.191805 -11.604336 -0.283016 
940 18.222536 0.000000 -2.643632 -7.949840 0.197854 0.232138 0.993671 
941 22.854084 0.000000 -2.643632 108.827236 -0.395898 16.099004 -0.210270 
942 22.854084 0.000000 -4.379127 107.346323 -0.300695 12.100551 -0.166975 
943 20.075156 0.000000 -3.511380 116.958928 0.077976 -1.360742 -0.368125 
944 20.075156 0.000000 -4.379127 117.175555 0.064906 0.277323 -0.373019 
945 21.001465 0.000000 -3.511380 116.256547 0.004090 12.137095 -0.366289 
946 20.075156 0.000000 -2.643632 -9.697593 -0.094334 -0.821181 0.990527 
947 22.854084 0.000000 -6.114621 104.766026 -0.187597 8.942879 -0.105593 
948 22.854084 0.000000 -7.850115 102.582514 -0.013258 7.256325 -0.057583 
949 24.706704 0.000000 -6.114621 103.263886 -0.262954 11.034865 -0.078527 
950 21.927775 0.000000 -3.511380 112.580444 -0.042869 18.314303 -0.300977 
951 21.927775 0.000000 -4.379127 114.750408 -0.016164 16.882248 -0.345267 
952 22.854084 0.000000 -3.511380 109.651504 -0.249022 17.569054 -0.233219 
953 21.927775 0.000000 -2.643632 -11.758343 -0.245902 -1.365422 0.985982 
954 21.927775 0.000000 -5.246874 107.757278 -0.488233 8.607589 -0.168596 
955 21.001465 0.000000 -5.246874 109.378646 -0.280634 6.233589 -0.200262 
956 21.927775 0.000000 -6.114621 105.274764 -0.273838 7.067875 -0.113281 
957 22.854084 0.000000 -5.246874 106.260606 -0.335504 10.207191 -0.139562 
958 21.464620 0.000000 -3.945253 114.622997 -0.014778 16.000655 -0.339445 
959 21.001465 0.000000 -3.945253 116.312599 0.004711 11.970061 -0.367190 
960 21.464620 0.000000 -4.379127 114.750408 -0.016164 16.882248 -0.345267 
961 21.927775 0.000000 -3.945253 112.290608 -0.048910 18.525607 -0.295238 
962 21.464620 0.000000 -3.511380 114.295055 -0.019394 16.444593 -0.333378 
963 23.780394 0.000000 -3.511380 111.339290 -0.224222 9.717537 -0.249092 
964 23.780394 0.000000 -4.379127 107.534046 -0.170560 12.252549 -0.171373 
965 24.706704 0.000000 -3.511380 115.021755 -0.026421 18.072723 -0.355663 
966 23.780394 0.000000 -2.643632 112.458237 -0.147694 6.969412 -0.269545 
967 26.559323 0.000000 -6.114621 100.838248 -0.439091 11.361363 -0.029763 
968 26.559323 0.000000 -7.850115 100.857509 -0.516424 8.791460 -0.024979 
969 28.411942 0.000000 -6.114621 99.680388 -0.375680 10.129568 -0.003893 
970 25.633013 0.000000 -3.511380 97.531925 0.060103 57.109119 -0.277393 
971 25.633013 0.000000 -4.379127 103.832297 -0.207421 19.903862 -0.117735 
972 26.559323 0.000000 -3.511380 95.017071 0.097570 22.845218 0.044984 
973 25.633013 0.000000 -2.643632 89.681721 0.078097 51.760031 -0.072192 
974 27.485633 0.000000 -3.511380 95.005299 0.097682 22.842559 0.045220 
975 27.485633 0.000000 -4.379127 97.197895 -0.510795 14.095583 0.035362 
976 28.411942 0.000000 -3.511380 97.586350 -0.436377 19.328480 0.010312 
977 27.485633 0.000000 -2.643632 95.855579 -0.133159 20.782955 0.037976 
978 25.633013 0.000000 -1.775885 94.975371 0.097965 22.835801 0.045820 
979 24.706704 0.000000 -1.775885 -14.250616 0.115795 -4.346848 0.977801 
980 26.559323 0.000000 -1.775885 93.520997 0.095003 21.943052 0.077232 
981 25.633013 0.000000 -0.908138 -16.546798 0.119398 -4.139804 0.970905 
982 26.096168 0.000000 -3.077506 93.438045 0.082443 35.739025 -0.000795 
983 25.633013 0.000000 -3.077506 99.924549 0.059221 50.692295 -0.255463 
984 26.096168 0.000000 -3.511380 94.999808 0.097734 22.841319 0.045330 
985 26.559323 0.000000 -3.077506 93.714550 0.094892 22.044840 0.073160 
986 26.096168 0.000000 -2.643632 80.652222 0.101739 28.545613 0.268036 
987 25.169859 0.000000 -3.077506 106.466029 0.043636 40.364494 -0.296431 
988 24.706704 0.000000 -3.077506 115.241068 -0.016523 18.991145 -0.364117 
989 25.169859 0.000000 -3.511380 109.638290 0.038313 34.405115 -0.320427 
990 25.169859 0.000000 -2.643632 101.581801 0.051764 49.541839 -0.277326 
991 27.485633 0.000000 -1.775885 95.517648 -0.147042 20.281757 0.046501 
992 28.411942 0.000000 -1.775885 98.100838 -0.392704 16.599461 0.010053 
993 27.485633 0.000000 -0.908138 97.586350 -0.436377 19.328480 0.010312 
994 26.096168 0.000000 -2.209759 90.714175 0.096239 21.078093 0.132664 
995 25.633013 0.000000 -2.209759 95.926435 0.087012 35.417025 -0.045625 
996 26.559323 0.000000 -2.209759 93.985542 0.094446 22.177546 0.067487 
997 26.096168 0.000000 -1.775885 93.375778 0.094995 21.863601 0.080294 
998 25.864591 0.000000 -2.860569 83.772463 0.089669 43.458170 0.109355 
999 25.633013 0.000000 -2.860569 91.399469 0.075476 53.049276 -0.116809 
1000 25.864591 0.000000 -3.077506 90.206350 0.077924 50.980007 -0.073615 
1001 26.096168 0.000000 -2.860569 84.111044 0.091785 38.785314 0.142102 
1002 25.864591 0.000000 -2.643632 76.524810 0.098632 42.621214 0.232738 
1003 36.285574 0.000000 2.996724 93.665419 0.112687 -3.918189 0.121142 
1004 36.285574 0.000000 2.562850 92.972478 0.329382 -0.999160 0.135501 
1005 36.748729 0.000000 2.996724 102.742916 0.188331 6.371429 -0.059674 
1006 36.285574 0.000000 3.430597 97.535683 0.012789 -2.539231 0.048034 
1007 43.232897 0.000000 23.388780 99.765896 0.174489 5.479198 0.001671 
1008 50.643374 0.000000 23.388780 99.692609 0.113736 5.545225 0.003062 
1009 43.232897 0.000000 30.330756 99.874792 -0.013971 5.829448 -0.000896 
1010 39.527658 0.000000 12.975815 100.079540 0.183824 3.765666 -0.003013 
1011 35.822419 0.000000 12.975815 100.226213 0.207681 4.107504 -0.006221 
1012 43.232897 0.000000 12.975815 99.552515 0.189876 3.778886 0.007498 
1013 39.527658 0.000000 16.446803 99.679158 -0.052255 4.667487 0.004228 
1014 41.380277 0.000000 7.769332 98.170789 0.000000 1.465888 0.036035 
1015 39.527658 0.000000 7.769332 97.306959 -0.000000 1.141559 0.053005 
1016 43.232897 0.000000 7.769332 98.349331 -0.004414 2.033738 0.032327 
1017 41.380277 0.000000 9.504827 99.358436 0.264235 1.599979 0.012527 
1018 40.453968 0.000000 5.166091 97.452910 0.000000 0.008216 0.050293 
1019 39.527658 0.000000 5.166091 97.300840 -0.000000 -0.012066 0.053255 
1020 41.380277 0.000000 5.166091 97.228920 0.000000 0.447478 0.054634 
1021 40.453968 0.000000 6.033838 97.468434 -0.000000 0.760207 0.049933 
1022 37.675039 0.000000 7.769332 97.048443 -0.000000 2.348300 0.057609 
1023 35.822419 0.000000 7.769332 97.352008 0.000000 3.474106 0.051052 
1024 37.675039 0.000000 9.504827 102.416525 0.344893 2.652103 -0.049630 
1025 38.601348 0.000000 5.166091 97.705336 -0.000000 -0.266441 0.045360 
1026 37.675039 0.000000 5.166091 98.228529 -0.000000 0.253269 0.035109 
1027 38.601348 0.000000 6.033838 97.565175 -0.000000 0.864483 0.048029 
1028 39.990813 0.000000 4.732218 97.645435 -0.000000 -0.555414 0.046506 
1029 39.527658 0.000000 4.732218 97.974778 0.011986 -0.700324 0.040045 
1030 39.990813 0.000000 4.298344 98.637635 0.053910 -1.294023 0.026894 
1031 40.453968 0.000000 4.732218 97.682640 0.000000 -0.688993 0.045763 
1032 39.990813 0.000000 5.166091 97.465893 -0.000000 0.020347 0.050040 
1033 39.064503 0.000000 4.732218 98.483630 0.107279 -1.504818 0.029870 
1034 38.601348 0.000000 4.732218 98.721382 0.094920 -1.681617 0.025125 
1035 39.064503 0.000000 4.298344 98.491885 0.076817 -1.991087 0.029538 
1036 39.064503 0.000000 5.166091 97.471059 0.000000 -0.181073 0.049936 
1037 39.990813 0.000000 3.864471 101.205361 0.034118 -2.207414 -0.024740 
1038 39.527658 0.000000 3.864471 98.778304 0.045261 -0.841341 0.024214 
1039 40.453968 0.000000 3.864471 102.917610 0.039411 -4.459767 -0.061193 
1040 39.759235 0.000000 4.515281 98.072905 0.053855 -0.889932 0.038091 
1041 39.527658 0.000000 4.515281 98.557441 0.067286 -1.268626 0.028482 
1042 39.759235 0.000000 4.298344 98.782507 0.069119 -1.324015 0.024026 
1043 39.990813 0.000000 4.515281 98.211345 0.057341 -1.043482 0.035344 
1044 39.759235 0.000000 4.732218 97.460157 -0.000000 -0.450187 0.050132 
1045 42.306587 0.000000 5.166091 96.857060 -0.315431 1.000595 0.061761 
1046 43.232897 0.000000 5.166091 96.952280 -0.382596 1.816182 0.059681 
1047 42.306587 0.000000 6.033838 97.480673 -0.262027 1.436046 0.049539 
1048 40.917122 0.000000 4.732218 97.641481 0.000000 -0.555331 0.046583 
1049 40.917122 0.000000 4.298344 97.694817 0.000000 -1.177504 0.045434 
1050 41.380277 0.000000 4.732218 96.761386 -0.205114 -0.416854 0.063702 
1051 40.917122 0.000000 5.166091 97.398195 0.000000 0.076160 0.051359 
1052 36.748729 0.000000 5.166091 98.018733 -0.000000 0.450343 0.039213 
1053 35.822419 0.000000 5.166091 98.372104 -0.000000 -0.092110 0.032292 
1054 36.748729 0.000000 6.033838 97.961145 -0.000000 1.408974 0.040163 
1055 38.138194 0.000000 4.732218 98.699176 0.105333 -1.308124 0.025675 
1056 37.675039 0.000000 4.732218 98.631348 -0.000000 -0.404421 0.027169 
1057 38.138194 0.000000 4.298344 100.382253 0.099645 -2.806455 -0.008448 
1058 38.138194 0.000000 5.166091 98.004574 -0.000000 -0.127453 0.039509 
1059 40.453968 0.000000 6.901585 97.506679 -0.000000 1.183448 0.049105 
1060 39.527658 0.000000 6.901585 97.383506 -0.000000 1.139262 0.051515 
1061 41.380277 0.000000 6.901585 97.664034 0.000000 1.328308 0.045997 
1062 40.453968 0.000000 7.769332 97.719480 -0.000000 1.207346 0.044945 
1063 46.938135 0.000000 12.975815 99.448887 0.141241 4.074088 0.009330 
1064 50.643374 0.000000 12.975815 99.388174 0.217329 4.341475 0.010310 
1065 46.938135 0.000000 16.446803 99.499602 0.289670 4.794429 0.007676 
1066 45.085516 0.000000 7.769332 98.556173 0.442350 2.237807 0.028148 
1067 46.938135 0.000000 7.769332 98.731257 -0.647697 2.904765 0.024328 
1068 45.085516 0.000000 9.504827 99.008082 0.263883 2.756849 0.018973 
1069 42.306587 0.000000 6.901585 97.873867 -0.354899 1.682060 0.041775 
1070 43.232897 0.000000 6.901585 97.981678 -0.366443 2.054276 0.039524 
1071 42.306587 0.000000 7.769332 98.085090 0.000000 1.505755 0.037705 
1072 40.917122 0.000000 6.467712 97.468530 0.000000 1.112075 0.049865 
1073 40.453968 0.000000 6.467712 97.487834 -0.000000 1.023583 0.049507 
1074 40.917122 0.000000 6.033838 97.534499 0.000000 0.872817 0.048626 
1075 41.380277 0.000000 6.467712 97.463302 0.000000 1.167744 0.049954 
1076 40.917122 0.000000 6.901585 97.535516 -0.000000 1.289433 0.048516 
1077 41.380277 0.000000 11.240321 99.804419 0.062449 2.837976 0.003102 
1078 39.527658 0.000000 11.240321 100.352888 0.048123 2.965128 -0.007950 
1079 43.232897 0.000000 11.240321 99.448382 0.072204 3.054290 0.010069 
1080 41.380277 0.000000 12.975815 99.827473 0.213097 3.644415 0.002115 
1081 42.306587 0.000000 8.637080 98.460048 0.000000 1.400343 0.030366 
1082 41.380277 0.000000 8.637080 98.294128 -0.000000 1.275002 0.033664 
1083 43.232897 0.000000 8.637080 98.185532 2.235656 -1.924602 0.035090 
1084 42.306587 0.000000 9.504827 99.122582 0.325053 2.011723 0.017056 
1085 41.843432 0.000000 7.335459 98.179610 0.000000 1.456809 0.035864 
1086 41.380277 0.000000 7.335459 98.080659 0.000000 1.432406 0.037813 
1087 41.843432 0.000000 6.901585 97.838162 0.000000 1.354879 0.042586 
1088 42.306587 0.000000 7.335459 98.077808 -0.349249 1.679252 0.037780 
1089 41.843432 0.000000 7.769332 98.160734 0.000000 1.489476 0.036225 
1090 40.453968 0.000000 8.637080 98.507702 -0.369650 0.609235 0.029572 
1091 39.527658 0.000000 8.637080 98.046443 -0.299571 0.513752 0.038654 
1092 40.453968 0.000000 9.504827 99.994075 0.088667 1.292426 -0.000049 
1093 40.917122 0.000000 7.335459 97.781984 -0.000000 1.325270 0.043693 
1094 40.453968 0.000000 7.335459 97.529501 -0.000000 1.212626 0.048653 
1095 40.917122 0.000000 7.769332 97.944857 -0.000000 1.336177 0.040502 
1096 45.085516 0.000000 11.240321 99.286983 0.135035 3.371625 0.013071 
1097 46.938135 0.000000 11.240321 99.192314 0.308108 3.636840 0.014756 
1098 45.085516 0.000000 12.975815 99.399265 0.273367 3.941896 0.010417 
1099 42.306587 0.000000 10.372574 99.401897 0.090725 2.465250 0.011318 
1100 41.380277 0.000000 10.372574 99.672623 0.073958 2.273619 0.006019 
1101 43.232897 0.000000 10.372574 99.271981 0.114153 2.672966 0.013792 
1102 42.306587 0.000000 11.240321 99.589230 0.051272 2.914207 0.007349 
1103 41.843432 0.000000 9.070953 98.391120 0.000000 1.382218 0.031728 
1104 41.380277 0.000000 9.070953 98.249378 -0.000000 1.206044 0.034561 
1105 41.843432 0.000000 8.637080 98.399409 0.000000 1.410049 0.031557 
1106 42.306587 0.000000 9.070953 98.474141 0.000000 1.395864 0.030090 
1107 41.843432 0.000000 9.504827 99.207936 0.270911 1.825866 0.015438 
1108 29.801407 0.000000 2.996724 105.145066 -0.073379 3.231723 -0.106593 
1109 29.801407 0.000000 2.562850 103.940475 -0.116251 6.649252 -0.084785 
1110 30.264562 0.000000 2.996724 251.538838 -0.090478 -52.094147 -5.598560 
1111 29.801407 0.000000 3.430597 107.993511 -0.028219 0.404039 -0.166276 
1112 29.106675 0.000000 2.779787 99.864193 -0.109537 25.513332 -0.062380 
1113 29.106675 0.000000 2.562850 99.009360 -0.132567 4.263827 0.017895 
1114 29.338252 0.000000 2.779787 95.648873 -0.131639 -7.342047 0.079737 
1115 29.106675 0.000000 2.996724 103.780642 -0.094485 23.294609 -0.131307 
1116 32.117181 0.000000 12.975815 100.335965 -0.193711 3.839580 -0.008209 
1117 32.117181 0.000000 16.446803 100.260225 0.248079 4.720461 -0.007446 
1118 30.264562 0.000000 7.769332 100.675362 0.153027 2.141137 -0.014014 
1119 32.117181 0.000000 7.769332 100.235694 0.200988 2.014466 -0.005129 
1120 30.264562 0.000000 9.504827 100.755877 0.273141 3.087104 -0.016135 
1121 29.338252 0.000000 5.166091 101.821056 -0.248027 0.583813 -0.036793 
1122 30.264562 0.000000 5.166091 101.809889 -0.174033 -0.400248 -0.036544 
1123 29.338252 0.000000 6.033838 101.697769 -0.242188 0.856017 -0.034323 
1124 28.875097 0.000000 3.864471 103.292435 -0.038187 10.943792 -0.078910 
1125 29.338252 0.000000 3.864471 105.358085 -0.032129 5.653257 -0.113229 
1126 28.875097 0.000000 4.298344 99.560384 -0.000000 -4.780966 0.006487 
1127 28.643520 0.000000 3.213660 104.027225 -0.053385 19.768305 -0.121245 
1128 28.875097 0.000000 3.213660 101.896322 -0.054404 23.798710 -0.094924 
1129 28.643520 0.000000 3.430597 101.417700 -0.074082 14.448853 -0.049432 
1130 28.759308 0.000000 2.888255 104.423585 -0.085559 58.718265 -0.435213 
1131 28.643520 0.000000 2.888255 102.134867 -0.127337 57.714814 -0.376255 
1132 28.759308 0.000000 2.779787 104.625647 -0.103323 50.694107 -0.351643 
1133 28.875097 0.000000 2.888255 105.101919 -0.132497 58.807974 -0.450481 
1134 28.759308 0.000000 2.996724 106.532980 -0.088393 37.137795 -0.272850 
1135 28.296154 0.000000 2.888255 92.448828 -0.119277 10.747499 0.133769 
1136 28.296154 0.000000 2.779787 96.945940 -0.105942 15.797700 0.035191 
1137 28.411942 0.000000 2.888255 93.339070 -0.094390 21.647266 0.081920 
1138 28.296154 0.000000 2.996724 90.856518 -0.067593 18.021231 0.142032 
1139 27.717210 0.000000 2.345913 96.151718 -0.068372 3.396540 0.074331 
1140 27.485633 0.000000 2.345913 98.713032 -0.055476 -0.393602 0.025558 
1141 27.717210 0.000000 2.128976 96.640020 -0.098786 1.016227 0.065966 
1142 27.948787 0.000000 2.345913 95.399477 -0.110699 8.648323 0.082413 
1143 27.832999 0.000000 2.671318 96.605830 -0.079468 5.676023 0.063509 
1144 27.717210 0.000000 2.671318 97.466497 -0.075870 4.436127 0.048060 
1145 27.832999 0.000000 2.562850 96.821055 -0.079583 5.603262 0.059428 
1146 27.948787 0.000000 2.671318 98.423991 -0.099926 7.871435 0.025075 
1147 27.890893 0.000000 2.834021 88.850213 -0.105825 -15.356982 0.186979 
1148 27.832999 0.000000 2.834021 88.714491 -0.105619 -20.230925 0.172044 
1149 27.890893 0.000000 2.779787 90.297448 -0.084650 -4.681091 0.182445 
1150 27.948787 0.000000 2.834021 89.339337 -0.096487 -6.817870 0.197199 
1151 28.064576 0.000000 3.105192 92.900786 -0.063293 15.627593 0.112522 
1152 28.180365 0.000000 3.105192 91.068304 -0.072024 16.011046 0.145021 
1153 28.064576 0.000000 3.213660 93.685642 -0.063217 15.643829 0.097827 
1154 28.006682 0.000000 2.942489 90.032347 -0.102542 -1.586821 0.189165 
1155 28.006682 0.000000 2.888255 89.168309 -0.126683 -9.400617 0.196063 
1156 28.064576 0.000000 2.942489 89.861205 -0.095998 2.306766 0.191963 
1157 28.006682 0.000000 2.996724 90.714601 -0.106407 -0.479208 0.177062 
1158 27.919840 0.000000 2.915372 85.631174 -0.068751 -27.044274 0.193590 
1159 27.890893 0.000000 2.915372 85.619222 -0.073021 -25.814644 0.200295 
1160 27.919840 0.000000 2.888255 86.583999 -0.101620 -26.739782 0.178818 
1161 27.948787 0.000000 2.915372 88.815689 -0.099164 -7.967237 0.204829 
1162 27.919840 0.000000 2.942489 88.655627 -0.103549 -13.723144 0.195184 
1163 29.106675 0.000000 3.213660 98.422645 -0.057796 10.569168 0.020127 
1164 29.338252 0.000000 3.213660 108.544644 -0.032154 14.736723 -0.199911 
1165 29.106675 0.000000 3.430597 105.082937 -0.068891 6.375158 -0.108307 
1166 28.990886 0.000000 3.105192 108.497545 -0.081868 21.907782 -0.225167 
1167 28.875097 0.000000 3.105192 111.189483 -0.091695 26.654070 -0.307355 
1168 28.990886 0.000000 2.996724 109.453123 -0.093980 29.060852 -0.282453 
1169 29.106675 0.000000 3.105192 103.812653 -0.087475 16.197242 -0.103943 
1170 28.990886 0.000000 3.213660 96.801539 -0.048840 9.955221 0.053035 
1171 29.801407 0.000000 3.864471 105.068928 -0.026008 -2.979447 -0.104836 
1172 30.264562 0.000000 3.864471 106.960742 -0.039845 -1.904579 -0.144423 
1173 29.801407 0.000000 4.298344 101.886754 -0.000000 -0.976787 -0.038186 
1174 31.190871 0.000000 5.166091 100.772782 0.047893 -0.865302 -0.015590 
1175 32.117181 0.000000 5.166091 99.667190 -0.000000 -0.312992 0.006635 
1176 31.190871 0.000000 6.033838 100.534621 0.036633 0.525273 -0.010749 
1177 30.727716 0.000000 3.864471 105.112543 -0.025831 -7.617447 -0.110667 
1178 30.727716 0.000000 3.430597 123.623231 -0.025245 -10.965365 -0.540294 
1179 31.190871 0.000000 3.864471 101.889314 -0.026923 -7.722979 -0.044108 
1180 30.727716 0.000000 4.298344 105.832116 -0.035195 -7.932502 -0.126336 
1181 30.032984 0.000000 3.647534 106.872853 -0.046320 -0.207964 -0.142185 
1182 29.801407 0.000000 3.647534 107.576767 -0.033213 0.598089 -0.157312 
1183 30.032984 0.000000 3.430597 108.713744 -0.033963 2.565864 -0.182526 
1184 30.264562 0.000000 3.647534 108.170571 -0.049414 -2.015474 -0.170494 
1185 30.032984 0.000000 3.864471 105.626393 -0.041210 -0.501926 -0.115719 
1186 30.727716 0.000000 2.996724 195.928846 -0.078358 -45.934572 -3.049810 
1187 30.727716 0.000000 2.562850 143.878221 -0.173073 -27.003311 -1.143015 
1188 30.032984 0.000000 3.213660 109.767807 -0.042710 2.858065 -0.205714 
1189 29.801407 0.000000 3.213660 108.842501 -0.039973 2.460912 -0.185275 
1190 30.032984 0.000000 2.996724 157.592754 -0.067337 -8.426872 -1.490649 
1191 30.264562 0.000000 3.213660 127.473955 -0.040565 -5.366841 -0.627841 
1192 30.496139 0.000000 3.647534 107.677943 -0.028411 -3.672979 -0.160803 
1193 30.496139 0.000000 3.430597 122.904663 -0.026513 -8.651226 -0.518040 
1194 30.727716 0.000000 3.647534 108.244822 -0.009629 -7.687746 -0.177604 
1195 30.496139 0.000000 3.864471 106.661607 -0.042874 -4.702121 -0.139881 
1196 30.148773 0.000000 3.539065 106.107391 -0.022784 -3.734266 -0.127272 
1197 30.032984 0.000000 3.539065 107.127104 -0.039349 -0.191123 -0.147625 
1198 30.148773 0.000000 3.430597 110.266945 -0.036229 1.134650 -0.216009 
1199 30.264562 0.000000 3.539065 105.481210 -0.025292 -2.918329 -0.113480 
1200 30.148773 0.000000 3.647534 106.491879 -0.047781 0.243961 -0.134058 
1201 30.496139 0.000000 3.213660 140.726157 -0.040154 -13.151547 -0.997682 
1202 30.496139 0.000000 2.996724 272.494605 -0.118855 -69.850286 -6.913239 
1203 30.727716 0.000000 3.213660 136.015499 -0.047214 -15.538239 -0.874165 
1204 30.148773 0.000000 3.322129 109.541525 -0.042166 2.858185 -0.200752 
1205 30.032984 0.000000 3.322129 107.368663 -0.032027 5.341762 -0.155657 
1206 30.148773 0.000000 3.213660 125.575075 -0.043999 -3.127991 -0.577889 
1207 30.264562 0.000000 3.322129 126.025520 -0.024326 -2.699147 -0.588972 
1208 30.380350 0.000000 3.539065 105.776015 -0.027328 -2.647693 -0.119558 
1209 30.380350 0.000000 3.430597 107.124268 -0.028072 -1.925665 -0.147932 
1210 30.496139 0.000000 3.539065 107.403245 -0.020330 -2.351562 -0.154099 
1211 30.380350 0.000000 3.647534 107.564564 -0.033447 -2.959960 -0.157890 
1212 30.206667 0.000000 3.484831 104.863998 -0.015590 -4.069875 -0.101302 
1213 30.148773 0.000000 3.484831 105.837039 -0.016328 -4.550288 -0.122218 
1214 30.206667 0.000000 3.430597 109.269221 -0.028031 -0.640670 -0.194017 
1215 30.264562 0.000000 3.484831 105.687622 -0.022987 -2.641560 -0.117685 
1216 30.206667 0.000000 3.539065 105.329685 -0.024324 -2.977864 -0.110321 
1217 29.569829 0.000000 3.647534 106.962663 -0.035944 2.835521 -0.144905 
1218 29.338252 0.000000 3.647534 103.366006 -0.054593 4.802115 -0.070759 
1219 29.569829 0.000000 3.430597 107.285453 -0.020275 0.540808 -0.151046 
1220 29.569829 0.000000 3.864471 107.047131 -0.029502 -0.520604 -0.145936 
1221 29.917195 0.000000 3.539065 107.400450 -0.038445 0.403115 -0.153502 
1222 29.801407 0.000000 3.539065 106.600145 -0.029773 1.082789 -0.136476 
1223 29.917195 0.000000 3.430597 107.943066 -0.031552 2.733598 -0.165918 
1224 29.917195 0.000000 3.647534 106.279637 -0.047262 0.086254 -0.129537 
1225 30.090879 0.000000 3.484831 107.062561 -0.027638 -2.301255 -0.146769 
1226 30.032984 0.000000 3.484831 108.328495 -0.035589 0.273070 -0.173514 
1227 30.090879 0.000000 3.430597 109.553203 -0.035972 2.105965 -0.200634 
1228 30.090879 0.000000 3.539065 108.838475 -0.044945 -0.595532 -0.184617 
1229 29.801407 0.000000 4.732218 102.325964 -0.183600 -0.113272 -0.047065 
1230 29.338252 0.000000 4.732218 102.143478 -0.233885 0.576665 -0.043368 
1231 30.264562 0.000000 4.732218 107.824977 -0.000000 -9.484787 -0.171619 
1232 29.801407 0.000000 5.166091 101.866837 -0.201867 0.106717 -0.037690 
1233 30.032984 0.000000 4.081407 105.202086 -0.029241 -2.696951 -0.107475 
1234 29.801407 0.000000 4.081407 103.277519 -0.035817 -0.737639 -0.066679 
1235 30.264562 0.000000 4.081407 105.568890 -0.026551 -4.220809 -0.116261 
1236 30.032984 0.000000 4.298344 104.593362 -0.000000 -2.275680 -0.094495 
1237 30.148773 0.000000 3.756002 106.373175 -0.038899 -0.439433 -0.131545 
1238 30.032984 0.000000 3.756002 107.121226 -0.037726 -0.953190 -0.147587 
1239 30.264562 0.000000 3.756002 106.241631 -0.044110 -2.406451 -0.129308 
1240 30.148773 0.000000 3.864471 106.097194 -0.040698 -0.957005 -0.125753 
1241 30.206667 0.000000 3.593300 107.893109 -0.046784 -0.919553 -0.164177 
1242 30.148773 0.000000 3.593300 108.985194 -0.048827 -1.171668 -0.187915 
1243 30.264562 0.000000 3.593300 106.524470 -0.036388 -2.146005 -0.135207 
1244 30.206667 0.000000 3.647534 108.186254 -0.051410 -1.341193 -0.170607 
1245 30.177720 0.000000 3.511948 105.678547 -0.018913 -4.076876 -0.118458 
1246 30.148773 0.000000 3.511948 105.636616 -0.015401 -4.878914 -0.118290 
1247 30.177720 0.000000 3.484831 105.975337 -0.018667 -4.105037 -0.124762 
1248 30.206667 0.000000 3.511948 104.385849 -0.013568 -4.547796 -0.091709 
1249 30.177720 0.000000 3.539065 106.663559 -0.029455 -2.710034 -0.138446 
1250 30.090879 0.000000 3.593300 107.389988 -0.044819 0.166112 -0.153264 
1251 30.032984 0.000000 3.593300 106.910966 -0.044595 0.303384 -0.143005 
1252 30.090879 0.000000 3.647534 107.256963 -0.046385 -0.346288 -0.150418 
1253 30.119826 0.000000 3.511948 105.801459 -0.017305 -4.553605 -0.121468 
1254 30.090879 0.000000 3.511948 106.971431 -0.027918 -2.617905 -0.144974 
1255 30.119826 0.000000 3.484831 105.967407 -0.018019 -4.225647 -0.124695 
1256 30.119826 0.000000 3.539065 106.870915 -0.028560 -2.617171 -0.142824 
1257 30.380350 0.000000 3.322129 130.761085 -0.033012 -7.607042 -0.715633 
1258 30.380350 0.000000 3.213660 123.857052 -0.027046 -6.846168 -0.538744 
1259 30.496139 0.000000 3.322129 133.520536 -0.038894 -12.421272 -0.798202 
1260 30.206667 0.000000 3.376363 111.868308 -0.032743 1.664727 -0.251729 
1261 30.148773 0.000000 3.376363 110.593510 -0.034697 1.660932 -0.223368 
1262 30.206667 0.000000 3.322129 112.059616 -0.032546 1.979349 -0.256128 
1263 30.264562 0.000000 3.376363 114.276076 -0.024542 2.806174 -0.306690 
1264 30.177720 0.000000 3.457714 107.404497 -0.027579 -2.346537 -0.154123 
1265 30.148773 0.000000 3.457714 107.322937 -0.021659 -2.452353 -0.152423 
1266 30.177720 0.000000 3.430597 109.017145 -0.028870 -0.500130 -0.188499 
1267 30.206667 0.000000 3.457714 106.665522 -0.023122 -2.835912 -0.138558 
1268 30.163246 0.000000 3.498390 105.856057 -0.017528 -4.430640 -0.122514 
1269 30.148773 0.000000 3.498390 105.451389 -0.013091 -5.172988 -0.114676 
1270 30.163246 0.000000 3.484831 106.045141 -0.018511 -4.172347 -0.126298 
1271 30.177720 0.000000 3.498390 105.650266 -0.018257 -4.067376 -0.117852 
1272 30.163246 0.000000 3.511948 105.778470 -0.018718 -4.152588 -0.120633 
1273 37.675039 0.000000 11.240321 100.521877 0.095497 3.613739 -0.011772 
1274 35.822419 0.000000 11.240321 100.337563 0.149515 3.802343 -0.008211 
1275 37.675039 0.000000 12.975815 100.173408 0.146579 3.982910 -0.005060 
1276 40.453968 0.000000 10.372574 100.074993 0.113602 2.174028 -0.001974 
1277 39.527658 0.000000 10.372574 100.550590 0.032404 2.303254 -0.011573 
1278 40.453968 0.000000 11.240321 100.066702 0.029430 2.847906 -0.002146 
1279 40.917122 0.000000 9.070953 98.995099 -0.563915 0.314368 0.019955 
1280 40.453968 0.000000 9.070953 99.426830 -0.841683 0.221571 0.011355 
1281 40.917122 0.000000 8.637080 98.567940 -0.294770 0.655780 0.028384 
1282 40.917122 0.000000 9.504827 99.622477 0.204457 1.394215 0.007338 
1283 38.601348 0.000000 8.637080 98.454484 -0.420139 0.540172 0.030625 
1284 37.675039 0.000000 8.637080 97.532654 -0.123958 1.857527 0.048392 
1285 38.601348 0.000000 7.769332 96.870391 -0.000000 1.492284 0.061390 
1286 38.601348 0.000000 9.504827 101.550338 0.163535 1.498525 -0.031474 
1287 39.990813 0.000000 9.070953 99.472839 -0.789801 0.249725 0.010447 
1288 39.527658 0.000000 9.070953 99.375336 -0.708481 0.257513 0.012397 
1289 39.990813 0.000000 8.637080 98.162314 -0.284769 0.581425 0.036374 
1290 39.990813 0.000000 9.504827 100.340996 0.056988 1.268951 -0.006993 
1291 40.917122 0.000000 8.203206 98.071017 -0.000000 1.179035 0.038069 
1292 40.453968 0.000000 8.203206 97.813838 -0.000000 1.029096 0.043139 
1293 41.380277 0.000000 8.203206 98.252156 -0.000000 1.418575 0.034450 
1294 40.685545 0.000000 8.854016 99.345718 -0.777349 0.197669 0.012979 
1295 40.453968 0.000000 8.854016 99.182254 -0.724633 0.306203 0.016226 
1296 40.685545 0.000000 8.637080 98.699495 -0.445131 0.560440 0.025790 
1297 40.917122 0.000000 8.854016 98.961673 -0.564188 0.341544 0.020615 
1298 40.685545 0.000000 9.070953 99.321642 -0.759837 0.203431 0.013459 
1299 41.148700 0.000000 8.854016 98.737237 -0.366307 0.556049 0.025051 
1300 41.148700 0.000000 8.637080 98.480100 -0.192180 0.805178 0.030098 
1301 41.380277 0.000000 8.854016 98.279236 -0.000000 1.248042 0.033963 
1302 41.148700 0.000000 9.070953 98.838218 -0.421530 0.485078 0.023059 
1303 40.917122 0.000000 9.938700 99.765957 0.134930 1.831380 0.004338 
1304 40.453968 0.000000 9.938700 100.037443 0.088178 1.766403 -0.001062 
1305 41.380277 0.000000 9.938700 99.542665 0.107703 1.956424 0.008742 
1306 40.917122 0.000000 10.372574 99.847559 0.064928 2.220189 0.002553 
1307 40.685545 0.000000 9.287890 97.615281 -0.000000 0.789927 0.047063 
1308 40.453968 0.000000 9.287890 97.606845 -0.000000 0.786792 0.047228 
1309 40.917122 0.000000 9.287890 98.028525 0.000000 0.963446 0.038948 
1310 40.685545 0.000000 9.504827 99.810982 0.115029 1.336253 0.003597 
1311 40.801334 0.000000 8.962485 99.310244 -0.764661 0.193492 0.013685 
1312 40.685545 0.000000 8.962485 99.454050 -0.828782 0.158681 0.010818 
1313 40.801334 0.000000 8.854016 99.263524 -0.734282 0.219860 0.014617 
1314 40.917122 0.000000 8.962485 98.919051 -0.515227 0.318042 0.021465 
1315 40.801334 0.000000 9.070953 99.191289 -0.682096 0.235169 0.016057 
1316 39.990813 0.000000 8.203206 97.482992 -0.000000 0.913081 0.049623 
1317 39.527658 0.000000 8.203206 97.206702 -0.000000 0.908950 0.055003 
1318 39.990813 0.000000 7.769332 97.502133 0.000000 1.139138 0.049204 
1319 40.685545 0.000000 8.420143 97.914410 -0.000000 1.043297 0.041168 
1320 40.453968 0.000000 8.420143 97.775220 0.000000 0.964832 0.043908 
1321 40.685545 0.000000 8.203206 97.957990 -0.000000 1.101725 0.040302 
1322 40.917122 0.000000 8.420143 98.066706 -0.000000 1.140564 0.038162 
1323 40.801334 0.000000 8.745548 99.058139 -0.602017 0.330129 0.018701 
1324 40.685545 0.000000 8.745548 98.990483 -0.601547 0.376266 0.020038 
1325 40.801334 0.000000 8.637080 98.758958 -0.440090 0.485391 0.024624 
1326 40.917122 0.000000 8.745548 98.885417 -0.497063 0.401034 0.022127 
1327 41.148700 0.000000 9.287890 99.334862 0.375063 1.286470 0.013079 
1328 41.380277 0.000000 9.287890 98.276204 -0.000000 1.253739 0.034022 
1329 41.148700 0.000000 9.504827 99.466702 0.225322 1.499572 0.010408 
1330 41.032911 0.000000 8.962485 98.914747 -0.485879 0.417021 0.021546 
1331 41.032911 0.000000 8.854016 98.894715 -0.472692 0.439025 0.021942 
1332 41.148700 0.000000 8.962485 98.762140 -0.382280 0.529130 0.024561 
1333 41.032911 0.000000 9.070953 98.857619 -0.457533 0.405150 0.022680 
1334 40.859228 0.000000 8.908250 99.270386 -0.775710 0.185827 0.014475 
1335 40.801334 0.000000 8.908250 99.310810 -0.766771 0.193549 0.013674 
1336 40.859228 0.000000 8.854016 99.044894 -0.621380 0.294577 0.018964 
1337 40.917122 0.000000 8.908250 98.752098 -0.417463 0.419698 0.024767 
1338 40.859228 0.000000 8.962485 99.218445 -0.725216 0.224569 0.015512 
1339 40.222390 0.000000 8.854016 99.583713 -0.865233 0.216747 0.008229 
1340 39.990813 0.000000 8.854016 99.248064 -0.704175 0.304109 0.014923 
1341 40.222390 0.000000 8.637080 98.205118 -0.288913 0.617120 0.035529 
1342 40.222390 0.000000 9.070953 99.627655 -0.882054 0.205494 0.007351 
1343 40.569756 0.000000 8.962485 99.553592 -0.896269 0.189053 0.008824 
1344 40.453968 0.000000 8.962485 98.954236 -0.627464 0.364513 0.020753 
1345 40.569756 0.000000 8.854016 99.420566 -0.827223 0.237625 0.011481 
1346 40.569756 0.000000 9.070953 99.386778 -0.809423 0.245571 0.012155 
1347 38.601348 0.000000 10.372574 100.974537 0.030151 2.684689 -0.020307 
1348 37.675039 0.000000 10.372574 101.079836 0.241496 3.244596 -0.022772 
1349 38.601348 0.000000 11.240321 100.540213 0.001440 3.265434 -0.011900 
1350 39.064503 0.000000 9.070953 99.650172 -0.730160 0.222520 0.006926 
1351 38.601348 0.000000 9.070953 99.469112 -0.628835 0.312626 0.010540 
1352 39.064503 0.000000 8.637080 98.230255 -0.394541 0.473443 0.035044 
1353 39.064503 0.000000 9.504827 101.137767 0.047994 1.352398 -0.023068 
1354 38.601348 0.000000 6.901585 97.341770 -0.000000 1.397313 0.052263 
1355 37.675039 0.000000 6.901585 97.537476 -0.000000 1.815680 0.048314 
1356 39.064503 0.000000 8.203206 96.962700 -0.000000 0.976448 0.059728 
1357 38.601348 0.000000 8.203206 96.584407 -0.000000 1.221925 0.066996 
1358 39.064503 0.000000 7.769332 97.082487 -0.000000 1.244632 0.057344 
1359 39.296081 0.000000 8.854016 99.518021 -0.740637 0.222086 0.009557 
1360 39.064503 0.000000 8.854016 99.269203 -0.642377 0.291034 0.014513 
1361 39.296081 0.000000 8.637080 98.343472 -0.386534 0.490423 0.032817 
1362 39.527658 0.000000 8.854016 99.016155 -0.604316 0.325314 0.019533 
1363 39.296081 0.000000 9.070953 99.461220 -0.727994 0.230409 0.010688 
1364 33.969800 0.000000 7.769332 99.494839 0.054682 2.167808 0.009607 
1365 33.969800 0.000000 9.504827 99.966006 -0.175337 3.104067 -0.000287 
1366 36.748729 0.000000 8.637080 96.570314 0.000000 4.657987 0.065248 
1367 35.822419 0.000000 8.637080 99.549387 0.217055 3.064882 0.008048 
1368 36.748729 0.000000 7.769332 97.615511 0.000000 3.337333 0.046007 
1369 36.748729 0.000000 9.504827 100.412868 0.289158 4.171004 -0.010022 
1370 38.138194 0.000000 9.070953 99.600399 -0.513156 0.481680 0.007927 
1371 37.675039 0.000000 9.070953 101.207526 -0.272798 0.811506 -0.024370 
1372 38.138194 0.000000 8.637080 97.842372 -0.299968 0.955786 0.042587 
1373 38.138194 0.000000 9.504827 102.110662 0.256624 1.762950 -0.042976 
1374 33.969800 0.000000 11.240321 100.310964 0.011410 3.521488 -0.007469 
1375 32.117181 0.000000 11.240321 100.711698 -0.408103 3.298479 -0.015389 
1376 33.969800 0.000000 12.975815 100.285670 0.033209 4.057743 -0.007368 
1377 36.748729 0.000000 10.372574 100.590828 0.234058 3.753948 -0.013266 
1378 35.822419 0.000000 10.372574 100.121852 0.068237 3.720370 -0.003823 
1379 36.748729 0.000000 11.240321 100.440539 0.163492 3.762943 -0.010249 
1380 37.211884 0.000000 9.070953 101.722045 -0.045932 1.527618 -0.034971 
1381 36.748729 0.000000 9.070953 95.745455 0.000000 5.083096 0.080697 
1382 37.211884 0.000000 8.637080 97.913455 -0.017827 3.434212 0.040116 
1383 37.211884 0.000000 9.504827 101.665841 0.376739 4.016396 -0.035222 
1384 38.138194 0.000000 8.203206 96.297332 -0.000000 1.648606 0.072411 
1385 37.675039 0.000000 8.203206 96.057763 0.000000 2.764781 0.076526 
1386 38.138194 0.000000 7.769332 96.910005 -0.000000 1.898016 0.060485 
1387 37.906616 0.000000 8.854016 99.437530 -0.411427 0.847990 0.011129 
1388 37.675039 0.000000 8.854016 100.207685 -0.243774 1.275082 -0.004327 
1389 37.906616 0.000000 8.637080 97.227035 -0.181195 1.342122 0.054507 
1390 38.138194 0.000000 8.854016 99.652684 -0.539467 0.464951 0.006884 
1391 37.906616 0.000000 9.070953 99.677326 -0.430002 0.736788 0.006370 
1392 36.748729 0.000000 6.901585 97.813365 -0.000000 2.380094 0.042688 
1393 35.822419 0.000000 6.901585 97.825583 0.000000 2.656411 0.042310 
1394 37.211884 0.000000 8.203206 96.422755 0.000000 3.677375 0.068913 
1395 36.748729 0.000000 8.203206 97.136181 0.000000 4.186072 0.054704 
1396 37.211884 0.000000 7.769332 97.413074 0.000000 3.018613 0.050158 
1397 37.443461 0.000000 8.854016 100.682812 -0.164306 1.687490 -0.013990 
1398 37.211884 0.000000 8.854016 100.854129 -0.038311 1.986381 -0.017550 
1399 37.443461 0.000000 8.637080 99.073979 -0.066249 2.147860 0.017973 
1400 37.443461 0.000000 9.070953 101.234112 -0.145996 1.367577 -0.025024 
1401 34.896110 0.000000 8.637080 99.633561 -0.077603 2.868616 0.006492 
1402 33.969800 0.000000 8.637080 99.629693 -0.155462 2.708949 0.006656 
1403 34.896110 0.000000 7.769332 99.228820 0.125559 2.385096 0.014794 
1404 34.896110 0.000000 9.504827 100.069341 -0.019167 3.056327 -0.002321 
1405 36.285574 0.000000 9.070953 99.768724 0.272608 3.701788 0.003242 
1406 35.822419 0.000000 9.070953 99.813226 0.142009 3.276046 0.002657 
1407 36.285574 0.000000 8.637080 97.160211 0.000000 4.671506 0.053807 
1408 36.285574 0.000000 9.504827 99.938256 0.179245 3.862735 -0.000261 
1409 36.980307 0.000000 8.854016 98.076124 0.007993 3.684256 0.036750 
1410 36.748729 0.000000 8.854016 95.802060 0.000000 5.147826 0.079547 
1411 36.980307 0.000000 8.637080 96.207473 0.000000 5.236169 0.071670 
1412 36.980307 0.000000 9.070953 99.298226 0.012005 3.217098 0.012951 
1413 37.211884 0.000000 9.938700 101.146816 0.309652 3.687529 -0.024437 
1414 36.748729 0.000000 9.938700 100.578518 0.152473 3.879633 -0.013111 
1415 37.675039 0.000000 9.938700 101.573952 0.249424 3.081743 -0.032683 
1416 37.211884 0.000000 10.372574 100.886951 0.231620 3.603075 -0.019121 
1417 37.443461 0.000000 9.287890 102.139983 -0.058666 1.138197 -0.043388 
1418 37.211884 0.000000 9.287890 100.053858 0.014668 2.764506 -0.001842 
1419 37.675039 0.000000 9.287890 100.338256 -0.353056 0.731663 -0.006843 
1420 37.443461 0.000000 9.504827 102.216459 0.437892 3.410953 -0.046003 
1421 37.327673 0.000000 8.962485 101.565830 -0.102725 1.594814 -0.031817 
1422 37.211884 0.000000 8.962485 101.519563 -0.042713 1.643438 -0.030892 
1423 37.327673 0.000000 8.854016 101.060059 -0.080894 1.821302 -0.021646 
1424 37.443461 0.000000 8.962485 100.990316 -0.180363 1.547700 -0.020147 
1425 37.327673 0.000000 9.070953 102.198530 -0.102468 1.132146 -0.044583 
1426 36.980307 0.000000 9.287890 95.688256 0.000000 5.016745 0.081859 
1427 36.748729 0.000000 9.287890 95.999473 0.000000 5.405012 0.075489 
1428 36.980307 0.000000 9.504827 100.902019 0.366034 4.231477 -0.019926 
1429 37.096095 0.000000 8.962485 100.968659 -0.039032 1.974239 -0.019857 
1430 36.980307 0.000000 8.962485 98.571344 0.009813 3.334170 0.027257 
1431 37.096095 0.000000 8.854016 100.291150 -0.034127 2.374490 -0.006395 
1432 37.096095 0.000000 9.070953 100.720816 -0.003644 2.159571 -0.014935 
1433 37.443461 0.000000 8.420143 95.857915 0.000000 3.291437 0.080043 
1434 37.211884 0.000000 8.420143 96.091400 0.000000 3.986484 0.075055 
1435 37.443461 0.000000 8.203206 96.203876 0.000000 3.167219 0.073478 
1436 37.675039 0.000000 8.420143 95.793130 0.000000 2.788803 0.081590 
1437 37.327673 0.000000 8.745548 100.174214 -0.073429 1.945301 -0.003866 
1438 37.211884 0.000000 8.745548 99.597456 -0.030232 2.619623 0.007348 
1439 37.327673 0.000000 8.637080 97.905256 -0.020956 2.855112 0.040641 
1440 37.443461 0.000000 8.745548 100.404497 -0.088116 1.644717 -0.008378 
1441 37.269778 0.000000 8.908250 101.140940 -0.020851 2.361888 -0.023507 
1442 37.211884 0.000000 8.908250 101.255713 -0.040721 1.780593 -0.025589 
1443 37.269778 0.000000 8.854016 100.373793 -0.067769 2.172638 -0.007962 
1444 37.327673 0.000000 8.908250 101.821018 -0.103324 1.476476 -0.036971 
1445 37.269778 0.000000 8.962485 101.275843 -0.038588 2.188054 -0.026159 
1446 54.348612 0.000000 6.033838 99.331054 -0.079930 4.067822 0.011679 
1447 54.348612 0.000000 2.562850 99.205426 -0.337516 4.727638 0.013582 
1448 58.053851 0.000000 6.033838 99.457815 -0.000495 4.335221 0.008935 
1449 54.348612 0.000000 9.504827 99.343521 0.519634 3.885295 0.011550 
1450 40.917122 0.000000 3.864471 106.438757 -0.133628 -9.616020 -0.142169 
1451 40.917122 0.000000 3.430597 106.723824 -0.082821 -3.966983 -0.140572 
1452 41.380277 0.000000 3.864471 110.417864 -0.196380 -13.285789 -0.236866 
1453 40.222390 0.000000 4.081407 99.677436 0.067461 -1.946123 0.006062 
1454 39.990813 0.000000 4.081407 99.595742 0.061245 -1.495401 0.007845 
1455 40.222390 0.000000 3.864471 101.430794 0.017153 -3.060562 -0.029757 
1456 40.453968 0.000000 4.081407 100.767186 0.062090 -3.174302 -0.016411 
1457 40.222390 0.000000 4.298344 98.364151 0.063013 -1.405200 0.032252 
1458 40.222390 0.000000 3.647534 102.944470 0.013574 -4.187920 -0.061510 
1459 39.990813 0.000000 3.647534 102.821264 0.024166 -3.102310 -0.058184 
1460 40.222390 0.000000 3.430597 106.085893 0.005053 -4.578776 -0.127518 
1461 40.453968 0.000000 3.647534 104.367371 0.012709 -5.658613 -0.092457 
1462 40.685545 0.000000 4.081407 102.053167 -0.021622 -4.219355 -0.043265 
1463 40.685545 0.000000 3.864471 103.957313 0.039189 -6.380285 -0.084783 
1464 40.917122 0.000000 4.081407 105.378366 -0.094287 -7.686594 -0.116369 
1465 40.685545 0.000000 4.298344 97.714918 0.000000 -1.183575 0.045039 
1466 40.338179 0.000000 3.972939 101.208980 0.042151 -3.106829 -0.025291 
1467 40.222390 0.000000 3.972939 101.016671 0.037583 -2.760308 -0.021199 
1468 40.338179 0.000000 3.864471 101.381382 0.023312 -3.487513 -0.029035 
1469 40.453968 0.000000 3.972939 102.400591 0.038536 -4.360591 -0.050490 
1470 40.338179 0.000000 4.081407 100.613909 0.067994 -2.520882 -0.012952 
1471 40.917122 0.000000 2.996724 106.573331 -0.128595 -0.611478 -0.135827 
1472 41.380277 0.000000 2.996724 106.338016 -0.227106 0.220503 -0.130787 
1473 40.685545 0.000000 3.647534 105.441676 0.007399 -7.681092 -0.117695 
1474 40.685545 0.000000 3.430597 106.691126 -0.039422 -6.898935 -0.143059 
1475 40.917122 0.000000 3.647534 108.326022 0.021763 -11.218407 -0.186038 
1476 40.338179 0.000000 3.756002 103.355839 0.029001 -4.406840 -0.070185 
1477 40.222390 0.000000 3.756002 102.474478 0.024301 -3.529008 -0.051347 
1478 40.338179 0.000000 3.647534 103.780045 0.014091 -5.053677 -0.079584 
1479 40.453968 0.000000 3.756002 103.806928 0.024956 -5.521928 -0.080637 
1480 40.569756 0.000000 3.972939 102.742054 0.058109 -4.888298 -0.057983 
1481 40.569756 0.000000 3.864471 103.719530 0.043995 -5.262406 -0.078544 
1482 40.685545 0.000000 3.972939 103.420139 0.065502 -5.548316 -0.072651 
1483 40.569756 0.000000 4.081407 101.582695 0.081396 -3.788911 -0.033341 
1484 40.396073 0.000000 3.918705 101.769029 0.028692 -3.758006 -0.037106 
1485 40.338179 0.000000 3.918705 101.283167 0.023386 -3.445276 -0.027015 
1486 40.396073 0.000000 3.864471 101.946841 0.029299 -3.845808 -0.040795 
1487 40.453968 0.000000 3.918705 102.651022 0.038267 -4.320232 -0.055590 
1488 40.396073 0.000000 3.972939 101.383344 0.045441 -3.206919 -0.028887 
1489 39.064503 0.000000 3.864471 98.418207 0.060404 -2.560533 0.030730 
1490 38.601348 0.000000 3.864471 99.363046 0.071424 -4.910763 0.010286 
1491 39.759235 0.000000 4.081407 99.837194 0.058900 -1.318782 0.003079 
1492 39.527658 0.000000 4.081407 98.976376 0.058416 -1.356307 0.020183 
1493 39.759235 0.000000 3.864471 100.072243 0.056646 -1.253132 -0.001603 
1494 40.106602 0.000000 3.972939 100.828907 0.045402 -1.996614 -0.017046 
1495 39.990813 0.000000 3.972939 100.133769 0.045059 -1.508155 -0.002905 
1496 40.106602 0.000000 3.864471 100.960753 0.023676 -2.090199 -0.019744 
1497 40.106602 0.000000 4.081407 99.655574 0.057876 -1.759697 0.006567 
1498 40.280285 0.000000 3.918705 100.684148 0.026671 -2.756234 -0.014490 
1499 40.222390 0.000000 3.918705 101.215946 0.028363 -2.777941 -0.025239 
1500 40.280285 0.000000 3.864471 100.997912 0.012557 -3.068522 -0.020999 
1501 40.280285 0.000000 3.972939 100.983565 0.036392 -2.833281 -0.020571 
1502 40.569756 0.000000 3.756002 104.353514 0.024091 -6.264972 -0.092891 
1503 40.569756 0.000000 3.647534 105.158970 -0.000725 -6.788784 -0.110450 
1504 40.685545 0.000000 3.756002 105.227351 0.022442 -7.041229 -0.112237 
1505 40.396073 0.000000 3.810236 102.232764 0.031196 -3.995474 -0.046750 
1506 40.338179 0.000000 3.810236 102.207674 0.021238 -3.831544 -0.046109 
1507 40.396073 0.000000 3.756002 103.974707 0.014741 -5.348893 -0.083935 
1508 40.453968 0.000000 3.810236 103.454363 0.042346 -4.794137 -0.072579 
1509 40.367126 0.000000 3.891588 101.599240 0.026286 -3.634827 -0.033562 
1510 40.338179 0.000000 3.891588 101.210602 0.021747 -3.397325 -0.025513 
1511 40.367126 0.000000 3.864471 101.715507 0.027019 -3.694145 -0.035969 
1512 40.396073 0.000000 3.891588 101.841469 0.028778 -3.792265 -0.038607 
1513 40.367126 0.000000 3.918705 101.564784 0.026622 -3.622514 -0.032853 
1514 39.759235 0.000000 3.647534 101.984486 0.045294 -2.275184 -0.040601 
1515 39.527658 0.000000 3.647534 100.438153 0.071666 -1.402335 -0.008979 
1516 39.759235 0.000000 3.430597 104.600153 0.034437 -0.512422 -0.094146 
1517 40.106602 0.000000 3.756002 102.047003 0.023519 -3.043575 -0.042285 
1518 39.990813 0.000000 3.756002 101.634856 0.038121 -2.414986 -0.033548 
1519 40.106602 0.000000 3.647534 102.739091 0.025248 -3.473516 -0.056739 
1520 40.280285 0.000000 3.810236 101.812739 0.018711 -3.429925 -0.037760 
1521 40.222390 0.000000 3.810236 101.752344 0.019226 -3.221263 -0.036392 
1522 40.280285 0.000000 3.756002 102.530622 0.023698 -3.925549 -0.052794 
1523 40.309232 0.000000 3.891588 100.373983 0.010872 -2.844940 -0.008303 
1524 40.280285 0.000000 3.891588 100.420321 0.011669 -2.846427 -0.009234 
1525 40.309232 0.000000 3.864471 100.999101 0.012299 -3.098209 -0.021042 
1526 40.309232 0.000000 3.918705 100.689495 0.026631 -2.786017 -0.014614 
1527 40.367126 0.000000 3.837354 101.896100 0.028511 -3.789522 -0.039718 
1528 40.338179 0.000000 3.837354 101.917192 0.019368 -3.686794 -0.040071 
1529 40.367126 0.000000 3.810236 102.356205 0.021895 -3.931157 -0.049225 
1530 40.396073 0.000000 3.837354 102.082912 0.030182 -3.916898 -0.043626 
1531 40.352653 0.000000 3.878029 101.480854 0.024673 -3.555276 -0.031100 
1532 40.338179 0.000000 3.878029 101.264797 0.022137 -3.424892 -0.026629 
1533 40.352653 0.000000 3.864471 101.565138 0.025397 -3.599707 -0.032844 
1534 40.367126 0.000000 3.878029 101.646508 0.026517 -3.658306 -0.034540 
1535 40.352653 0.000000 3.891588 101.432285 0.024396 -3.531032 -0.030098 
1536 40.685545 0.000000 4.515281 97.694112 0.000000 -0.909858 0.045503 
1537 40.453968 0.000000 4.515281 97.709415 0.000000 -1.005912 0.045186 
1538 40.917122 0.000000 4.515281 97.680364 0.000000 -0.938528 0.045767 
1539 40.685545 0.000000 4.732218 97.655846 0.000000 -0.696629 0.046285 
1540 40.222390 0.000000 4.515281 97.704436 0.000000 -0.804861 0.045320 
1541 40.222390 0.000000 4.732218 97.668815 0.000000 -0.650407 0.046038 
1542 40.917122 0.000000 5.599965 97.350394 0.000000 0.594442 0.052255 
1543 40.453968 0.000000 5.599965 97.368319 -0.000000 0.567918 0.051909 
1544 41.380277 0.000000 5.599965 97.410288 0.000000 0.697132 0.051075 
1545 40.685545 0.000000 4.949154 97.539342 0.000000 -0.273060 0.048600 
1546 40.453968 0.000000 4.949154 97.542308 0.000000 -0.212888 0.048545 
1547 40.917122 0.000000 4.949154 97.484838 0.000000 -0.162964 0.049668 
1548 40.685545 0.000000 5.166091 97.444574 0.000000 -0.025416 0.050455 
1549 40.569756 0.000000 4.623749 97.677027 0.000000 -0.921023 0.045835 
1550 40.453968 0.000000 4.623749 97.707256 0.000000 -0.910682 0.045246 
1551 40.569756 0.000000 4.515281 97.675342 0.000000 -1.070043 0.045838 
1552 40.685545 0.000000 4.623749 97.670897 0.000000 -0.784623 0.045978 
1553 40.569756 0.000000 4.732218 97.667403 0.000000 -0.676397 0.046062 
1554 40.569756 0.000000 4.406813 97.692562 0.000000 -1.107847 0.045494 
1555 40.453968 0.000000 4.406813 97.716261 0.000000 -1.066155 0.045040 
1556 40.569756 0.000000 4.298344 97.720458 0.000000 -1.296673 0.044903 
1557 40.685545 0.000000 4.406813 97.707616 0.000000 -1.084162 0.045205 
1558 41.843432 0.000000 4.732218 96.478328 -0.191585 0.070898 0.069189 
1559 41.843432 0.000000 4.298344 95.827789 -0.369654 -0.647779 0.081648 
1560 42.306587 0.000000 4.732218 96.385159 -0.230350 0.644339 0.070943 
1561 41.843432 0.000000 5.166091 96.911598 -0.308138 0.586416 0.060770 
1562 41.148700 0.000000 4.515281 97.635759 0.000000 -0.583796 0.046692 
1563 41.148700 0.000000 4.298344 96.628710 -0.339681 -1.715559 0.065983 
1564 41.380277 0.000000 4.515281 96.547714 -0.285379 -0.867882 0.067770 
1565 41.148700 0.000000 4.732218 97.634750 0.000000 -0.584816 0.046711 
1566 40.801334 0.000000 4.623749 97.670594 0.000000 -0.849712 0.045973 
1567 40.801334 0.000000 4.515281 97.680814 0.000000 -0.941354 0.045757 
1568 40.917122 0.000000 4.623749 97.654675 0.000000 -0.770589 0.046297 
1569 40.801334 0.000000 4.732218 97.645110 0.000000 -0.694576 0.046495 
1570 40.627651 0.000000 4.569515 97.678901 0.000000 -0.967094 0.045790 
1571 40.569756 0.000000 4.569515 97.676389 0.000000 -1.006238 0.045831 
1572 40.627651 0.000000 4.515281 97.681589 0.000000 -1.015943 0.045727 
1573 40.685545 0.000000 4.569515 97.688251 0.000000 -0.858577 0.045627 
1574 40.627651 0.000000 4.623749 97.683636 0.000000 -0.806184 0.045726 
1575 39.990813 0.000000 5.599965 97.241439 -0.000000 0.507444 0.054384 
1576 39.527658 0.000000 5.599965 97.286201 -0.000000 0.498407 0.053515 
1577 39.990813 0.000000 6.033838 97.343448 -0.000000 0.753200 0.052369 
1578 40.222390 0.000000 4.949154 97.545642 -0.000000 -0.162435 0.048482 
1579 39.990813 0.000000 4.949154 97.493694 -0.000000 -0.104492 0.049497 
1580 40.222390 0.000000 5.166091 97.478693 -0.000000 -0.007034 0.049790 
1581 40.338179 0.000000 4.623749 97.709624 0.000000 -0.783987 0.045221 
1582 40.222390 0.000000 4.623749 97.696067 0.000000 -0.752632 0.045491 
1583 40.338179 0.000000 4.515281 97.763659 0.000000 -0.875522 0.044150 
1584 40.338179 0.000000 4.732218 97.674835 0.000000 -0.657017 0.045919 
1585 40.511862 0.000000 4.569515 97.694027 0.000000 -1.012756 0.045485 
1586 40.453968 0.000000 4.569515 97.711375 0.000000 -0.971262 0.045154 
1587 40.511862 0.000000 4.515281 97.669766 0.000000 -1.142061 0.045931 
1588 40.511862 0.000000 4.623749 97.698654 0.000000 -0.923097 0.045412 
1589 40.801334 0.000000 4.406813 97.689215 0.000000 -1.033435 0.045575 
1590 40.801334 0.000000 4.298344 97.715208 0.000000 -1.209462 0.045028 
1591 40.917122 0.000000 4.406813 97.688699 0.000000 -1.114252 0.045568 
1592 40.627651 0.000000 4.461047 97.686243 0.000000 -1.050106 0.045630 
1593 40.569756 0.000000 4.461047 97.683251 0.000000 -1.080800 0.045681 
1594 40.627651 0.000000 4.406813 97.706531 0.000000 -1.041412 0.045235 
1595 40.685545 0.000000 4.461047 97.699335 0.000000 -0.962464 0.045391 
1596 40.598704 0.000000 4.542398 97.678326 0.000000 -1.015198 0.045791 
1597 40.569756 0.000000 4.542398 97.675204 0.000000 -1.045596 0.045846 
1598 40.598704 0.000000 4.515281 97.679430 0.000000 -1.037778 0.045765 
1599 40.627651 0.000000 4.542398 97.680079 0.000000 -0.993822 0.045761 
1600 40.598704 0.000000 4.569515 97.677906 0.000000 -0.984635 0.045806 
1601 40.338179 0.000000 4.406813 97.732910 0.000000 -0.968519 0.044734 
1602 40.222390 0.000000 4.406813 98.108198 0.007946 -1.038450 0.037370 
1603 40.338179 0.000000 4.298344 98.359865 0.062409 -1.543299 0.032295 
1604 40.511862 0.000000 4.461047 97.701144 0.000000 -1.069195 0.045334 
1605 40.453968 0.000000 4.461047 97.713139 0.000000 -1.028709 0.045108 
1606 40.511862 0.000000 4.406813 97.708145 0.000000 -1.072296 0.045197 
1607 40.540809 0.000000 4.542398 97.683955 0.000000 -1.068275 0.045670 
1608 40.511862 0.000000 4.542398 97.683433 0.000000 -1.078843 0.045678 
1609 40.540809 0.000000 4.515281 97.677663 0.000000 -1.108104 0.045785 
1610 40.540809 0.000000 4.569515 97.691793 0.000000 -1.010902 0.045529 
1611 40.598704 0.000000 4.488164 97.681729 0.000000 -1.052766 0.045717 
1612 40.569756 0.000000 4.488164 97.678492 0.000000 -1.076753 0.045775 
1613 40.598704 0.000000 4.461047 97.684986 0.000000 -1.065066 0.045651 
1614 40.627651 0.000000 4.488164 97.683653 0.000000 -1.034011 0.045683 
1615 40.584230 0.000000 4.528839 97.677148 0.000000 -1.042221 0.045809 
1616 40.569756 0.000000 4.528839 97.674939 0.000000 -1.060426 0.045848 
1617 40.584230 0.000000 4.515281 97.677723 0.000000 -1.052127 0.045796 
1618 40.598704 0.000000 4.528839 97.678745 0.000000 -1.027600 0.045781 
1619 40.584230 0.000000 4.542398 97.676983 0.000000 -1.029017 0.045815 
1620 41.148700 0.000000 4.949154 97.444942 0.000000 -0.101030 0.050447 
1621 41.380277 0.000000 4.949154 96.929765 -0.424341 -0.053645 0.060444 
1622 41.148700 0.000000 5.166091 97.371370 0.000000 0.100636 0.051881 
1623 40.685545 0.000000 5.383028 97.323388 0.000000 0.276592 0.052808 
1624 40.453968 0.000000 5.383028 97.377873 0.000000 0.184266 0.051752 
1625 40.917122 0.000000 5.383028 97.284689 0.000000 0.323804 0.053558 
1626 40.685545 0.000000 5.599965 97.345341 0.000000 0.576666 0.052355 
1627 40.801334 0.000000 5.057623 97.440182 0.000000 -0.075111 0.050541 
1628 40.685545 0.000000 5.057623 97.473894 0.000000 -0.090033 0.049883 
1629 40.801334 0.000000 4.949154 97.501108 0.000000 -0.197986 0.049349 
1630 40.917122 0.000000 5.057623 97.449431 0.000000 -0.069546 0.050360 
1631 40.801334 0.000000 5.166091 97.409118 0.000000 -0.013474 0.051146 
1632 41.843432 0.000000 5.599965 97.224143 -0.384149 0.938162 0.054644 
1633 42.306587 0.000000 5.599965 97.205912 -0.366321 1.254153 0.054930 
1634 41.843432 0.000000 6.033838 97.476352 -0.270036 1.170152 0.049692 
1635 41.148700 0.000000 5.816902 97.473329 0.000000 0.775277 0.049835 
1636 40.917122 0.000000 5.816902 97.436004 0.000000 0.723335 0.050570 
1637 41.148700 0.000000 5.599965 97.384841 0.000000 0.658347 0.051576 
1638 41.380277 0.000000 5.816902 97.520929 0.000000 0.855035 0.048894 
1639 41.148700 0.000000 6.033838 97.581738 0.000000 0.928306 0.047694 
1640 40.685545 0.000000 5.816902 97.425342 0.000000 0.697463 0.050782 
1641 40.453968 0.000000 5.816902 97.418934 -0.000000 0.658034 0.050912 
1642 40.685545 0.000000 6.033838 97.508948 0.000000 0.809237 0.049135 
1643 41.148700 0.000000 5.383028 97.235196 0.000000 0.445589 0.054512 
1644 41.380277 0.000000 5.383028 97.228525 0.000000 0.447167 0.054641 
1645 41.032911 0.000000 5.708433 97.417575 0.000000 0.700302 0.050933 
1646 40.917122 0.000000 5.708433 97.413638 0.000000 0.690505 0.051011 
1647 41.032911 0.000000 5.599965 97.376675 0.000000 0.641607 0.051737 
1648 41.148700 0.000000 5.708433 97.436865 0.000000 0.724133 0.050553 
1649 41.032911 0.000000 5.816902 97.442878 0.000000 0.736150 0.050434 
1650 41.843432 0.000000 6.467712 97.425223 0.000000 1.270781 0.050671 
1651 42.306587 0.000000 6.467712 97.669031 0.235582 1.595297 0.045816 
1652 41.148700 0.000000 6.250775 97.529818 0.000000 1.057000 0.048682 
1653 40.917122 0.000000 6.250775 97.506688 0.000000 1.041296 0.049136 
1654 41.380277 0.000000 6.250775 97.516641 0.000000 1.096057 0.048930 
1655 41.148700 0.000000 6.467712 97.493506 0.000000 1.135751 0.049373 
1656 41.611855 0.000000 6.250775 97.516992 0.000000 1.116628 0.048919 
1657 41.611855 0.000000 6.033838 97.606352 0.000000 0.966106 0.047207 
1658 41.843432 0.000000 6.250775 97.583096 -0.411465 1.258058 0.047579 
1659 41.611855 0.000000 6.467712 97.447113 0.000000 1.208569 0.050260 
1660 41.148700 0.000000 6.684649 97.435248 0.000000 1.234745 0.050485 
1661 40.917122 0.000000 6.684649 97.419269 0.000000 1.195216 0.050806 
1662 41.380277 0.000000 6.684649 97.448487 0.000000 1.258929 0.050221 
1663 41.148700 0.000000 6.901585 97.621609 0.000000 1.314399 0.046829 
1664 41.264489 0.000000 6.359243 97.498485 0.000000 1.117956 0.049280 
1665 41.148700 0.000000 6.359243 97.508470 0.000000 1.114990 0.049086 
1666 41.264489 0.000000 6.250775 97.518225 0.000000 1.074399 0.048904 
1667 41.380277 0.000000 6.359243 97.481356 0.000000 1.137316 0.049609 
1668 41.264489 0.000000 6.467712 97.482156 0.000000 1.142817 0.049592 
1669 39.990813 0.000000 6.467712 97.484634 -0.000000 0.980759 0.049578 
1670 39.527658 0.000000 6.467712 97.443528 0.000000 1.013126 0.050373 
1671 39.990813 0.000000 6.901585 97.519977 -0.000000 1.159895 0.048851 
1672 40.685545 0.000000 6.250775 97.509154 -0.000000 1.011563 0.049094 
1673 40.453968 0.000000 6.250775 97.490441 -0.000000 0.968422 0.049468 
1674 40.685545 0.000000 6.467712 97.485421 -0.000000 1.069239 0.049545 
1675 41.032911 0.000000 6.359243 97.498624 0.000000 1.118803 0.049277 
1676 40.917122 0.000000 6.359243 97.482208 0.000000 1.091495 0.049603 
1677 41.032911 0.000000 6.250775 97.528217 0.000000 1.076241 0.048709 
1678 41.032911 0.000000 6.467712 97.482779 0.000000 1.135485 0.049582 
1679 41.611855 0.000000 6.684649 97.533972 0.000000 1.292652 0.048545 
1680 41.843432 0.000000 6.684649 97.425309 0.000000 1.270503 0.050669 
1681 41.611855 0.000000 6.901585 97.783227 0.000000 1.354817 0.043660 
1682 41.264489 0.000000 6.576180 97.442583 0.000000 1.202071 0.050350 
1683 41.148700 0.000000 6.576180 97.439690 0.000000 1.194459 0.050408 
1684 41.380277 0.000000 6.576180 97.438171 0.000000 1.215909 0.050432 
1685 41.264489 0.000000 6.684649 97.444403 0.000000 1.260838 0.050300 
1686 41.206594 0.000000 6.413478 97.510690 0.000000 1.110676 0.049043 
1687 41.148700 0.000000 6.413478 97.502986 0.000000 1.124406 0.049190 
1688 41.206594 0.000000 6.359243 97.507939 0.000000 1.112575 0.049096 
1689 41.264489 0.000000 6.413478 97.493068 0.000000 1.127298 0.049383 
1690 41.206594 0.000000 6.467712 97.490903 0.000000 1.140638 0.049422 
1691 41.264489 0.000000 6.142307 97.553019 0.000000 1.031319 0.048234 
1692 41.148700 0.000000 6.142307 97.565864 0.000000 1.006849 0.047989 
1693 41.264489 0.000000 6.033838 97.566879 0.000000 0.908027 0.047988 
1694 41.380277 0.000000 6.142307 97.530436 0.000000 1.073801 0.048666 
1695 41.206594 0.000000 6.305009 97.512518 0.000000 1.090559 0.049012 
1696 41.148700 0.000000 6.305009 97.515133 0.000000 1.101099 0.048959 
1697 41.206594 0.000000 6.250775 97.524603 0.000000 1.064813 0.048782 
1698 41.264489 0.000000 6.305009 97.499217 0.000000 1.108557 0.049267 
1699 41.496066 0.000000 6.359243 97.483092 0.000000 1.156093 0.049571 
1700 41.496066 0.000000 6.250775 97.508098 0.000000 1.109996 0.049094 
1701 41.611855 0.000000 6.359243 97.481241 0.000000 1.159165 0.049606 
1702 41.496066 0.000000 6.467712 97.468404 0.000000 1.180406 0.049852 
1703 41.322383 0.000000 6.413478 97.473165 0.000000 1.149833 0.049766 
1704 41.322383 0.000000 6.359243 97.483812 0.000000 1.132810 0.049562 
1705 41.380277 0.000000 6.413478 97.472200 0.000000 1.152355 0.049784 
1706 41.322383 0.000000 6.467712 97.462943 0.000000 1.167035 0.049961 
1707 41.235541 0.000000 6.386361 97.500712 0.000000 1.117474 0.049236 
1708 41.206594 0.000000 6.386361 97.508769 0.000000 1.112688 0.049080 
1709 41.235541 0.000000 6.359243 97.505090 0.000000 1.105459 0.049154 
1710 41.264489 0.000000 6.386361 97.496157 0.000000 1.122332 0.049324 
1711 41.235541 0.000000 6.413478 97.498977 0.000000 1.120717 0.049269 
1712 41.611855 0.000000 7.118522 97.936143 0.000000 1.386831 0.040659 
1713 41.380277 0.000000 7.118522 97.839301 0.000000 1.368454 0.042560 
1714 41.843432 0.000000 7.118522 98.062977 0.000000 1.406345 0.038167 
1715 41.611855 0.000000 7.335459 98.198510 0.000000 1.428941 0.035501 
1716 41.148700 0.000000 7.118522 97.740909 0.000000 1.347777 0.044490 
1717 40.917122 0.000000 7.118522 97.643347 -0.000000 1.318358 0.046404 
1718 41.148700 0.000000 7.335459 97.908323 -0.000000 1.394026 0.041202 
1719 41.496066 0.000000 7.010054 97.833988 0.000000 1.355122 0.042667 
1720 41.380277 0.000000 7.010054 97.798499 0.000000 1.355975 0.043362 
1721 41.496066 0.000000 6.901585 97.707607 0.000000 1.337180 0.045144 
1722 41.611855 0.000000 7.010054 97.854835 0.000000 1.370374 0.042255 
1723 41.496066 0.000000 7.118522 97.898724 0.000000 1.372152 0.041396 
1724 41.264489 0.000000 7.010054 97.761839 0.000000 1.369404 0.044075 
1725 41.148700 0.000000 7.010054 97.695150 0.000000 1.337819 0.045387 
1726 41.264489 0.000000 6.901585 97.673430 0.000000 1.338430 0.045811 
1727 41.264489 0.000000 7.118522 97.792697 0.000000 1.369668 0.043471 
1728 41.843432 0.000000 8.203206 98.269050 0.000000 1.455245 0.034108 
1729 42.306587 0.000000 8.203206 98.312612 0.000000 1.442822 0.033255 
1730 41.611855 0.000000 7.552396 98.167069 0.000000 1.475227 0.036105 
1731 41.380277 0.000000 7.552396 98.136163 0.000000 1.450801 0.036719 
1732 41.843432 0.000000 7.552396 98.182775 0.000000 1.476369 0.035796 
1733 41.611855 0.000000 7.769332 98.157974 0.000000 1.483077 0.036281 
1734 41.496066 0.000000 7.226991 98.026679 0.000000 1.407391 0.038879 
1735 41.380277 0.000000 7.226991 97.970775 0.000000 1.400375 0.039977 
1736 41.611855 0.000000 7.226991 98.070617 0.000000 1.410962 0.038016 
1737 41.496066 0.000000 7.335459 98.172649 0.000000 1.440553 0.036006 
1738 41.438172 0.000000 7.064288 97.832055 0.000000 1.355402 0.042705 
1739 41.380277 0.000000 7.064288 97.818005 0.000000 1.360557 0.042979 
1740 41.438172 0.000000 7.010054 97.815649 0.000000 1.351420 0.043027 
1741 41.496066 0.000000 7.064288 97.861912 0.000000 1.361544 0.042119 
1742 41.438172 0.000000 7.118522 97.876924 0.000000 1.366462 0.041824 
1743 41.496066 0.000000 6.793117 97.613491 0.000000 1.312702 0.046988 
1744 41.380277 0.000000 6.793117 97.561267 0.000000 1.301632 0.048010 
1745 41.496066 0.000000 6.684649 97.478652 0.000000 1.282560 0.049627 
1746 41.611855 0.000000 6.793117 97.706649 0.000000 1.335008 0.045163 
1747 41.438172 0.000000 6.955820 97.770876 0.000000 1.341943 0.043906 
1748 41.380277 0.000000 6.955820 97.767104 0.000000 1.352206 0.043976 
1749 41.438172 0.000000 6.901585 97.684833 0.000000 1.332391 0.045590 
1750 41.496066 0.000000 6.955820 97.778192 0.000000 1.344560 0.043762 
1751 44.159206 0.000000 6.901585 98.113301 -0.325524 2.415320 0.036784 
1752 44.159206 0.000000 6.033838 97.721077 -0.259497 2.441013 0.044457 
1753 45.085516 0.000000 6.901585 98.271086 -0.302676 2.755662 0.033511 
1754 44.159206 0.000000 7.769332 98.433694 0.170320 2.261120 0.030567 
1755 42.769742 0.000000 7.335459 98.127183 -0.327344 1.858341 0.036750 
1756 42.769742 0.000000 6.901585 97.929945 -0.349700 1.828110 0.040626 
1757 43.232897 0.000000 7.335459 98.172887 -0.342945 2.066835 0.035769 
1758 42.769742 0.000000 7.769332 98.305119 -0.087964 1.869918 0.033260 
1759 42.075010 0.000000 7.118522 98.242222 0.000000 1.436788 0.034640 
1760 42.075010 0.000000 6.901585 98.248830 0.000000 1.421741 0.034515 
1761 42.306587 0.000000 7.118522 97.983647 -0.180802 1.658250 0.039642 
1762 42.075010 0.000000 7.335459 98.242336 0.000000 1.436529 0.034638 
1763 41.727643 0.000000 7.010054 97.923369 0.000000 1.379625 0.040911 
1764 41.727643 0.000000 6.901585 97.798417 0.000000 1.355037 0.043363 
1765 41.843432 0.000000 7.010054 97.927520 0.000000 1.380443 0.040830 
1766 41.727643 0.000000 7.118522 97.982220 0.000000 1.395031 0.039754 
1767 41.553960 0.000000 7.064288 97.887890 0.000000 1.377859 0.041606 
1768 41.553960 0.000000 7.010054 97.844061 0.000000 1.368518 0.042467 
1769 41.611855 0.000000 7.064288 97.894391 0.000000 1.378573 0.041479 
1770 41.553960 0.000000 7.118522 97.933602 0.000000 1.387221 0.040709 
1771 41.467119 0.000000 7.037171 97.842618 0.000000 1.353418 0.042499 
1772 41.438172 0.000000 7.037171 97.829659 0.000000 1.348127 0.042754 
1773 41.467119 0.000000 7.010054 97.812264 0.000000 1.347697 0.043094 
1774 41.496066 0.000000 7.037171 97.847518 0.000000 1.357773 0.042402 
1775 41.467119 0.000000 7.064288 97.855048 0.000000 1.357549 0.042255 
1776 42.075010 0.000000 7.552396 98.168836 0.000000 1.480816 0.036069 
1777 42.306587 0.000000 7.552396 98.087076 0.000000 1.498938 0.037668 
1778 42.075010 0.000000 7.769332 98.139950 0.000000 1.493670 0.036632 
1779 41.611855 0.000000 7.986269 98.191712 0.000000 1.488997 0.035617 
1780 41.380277 0.000000 7.986269 98.262807 -0.000000 1.479987 0.034223 
1781 41.843432 0.000000 7.986269 98.144154 0.000000 1.491105 0.036550 
1782 41.611855 0.000000 8.203206 98.280240 0.000000 1.447740 0.033890 
1783 41.727643 0.000000 7.660864 98.173962 0.000000 1.473006 0.035970 
1784 41.611855 0.000000 7.660864 98.162783 0.000000 1.471535 0.036190 
1785 41.727643 0.000000 7.552396 98.168773 0.000000 1.468414 0.036074 
1786 41.843432 0.000000 7.660864 98.173412 0.000000 1.482941 0.035978 
1787 41.727643 0.000000 7.769332 98.165720 0.000000 1.490220 0.036127 
1788 41.148700 0.000000 7.552396 98.072333 -0.000000 1.420109 0.037980 
1789 40.917122 0.000000 7.552396 97.923438 -0.000000 1.348546 0.040918 
1790 41.148700 0.000000 7.769332 98.099078 -0.000000 1.423114 0.037455 
1791 41.496066 0.000000 7.660864 98.156472 0.000000 1.488351 0.036309 
1792 41.380277 0.000000 7.660864 98.149723 0.000000 1.464437 0.036449 
1793 41.496066 0.000000 7.552396 98.163556 0.000000 1.468960 0.036176 
1794 41.496066 0.000000 7.769332 98.163967 0.000000 1.479535 0.036165 
1795 44.159206 0.000000 8.637080 97.907141 -6.311949 -6.733258 0.032901 
1796 45.085516 0.000000 8.637080 98.640969 -13.136705 -3.269640 0.008670 
1797 44.159206 0.000000 9.504827 99.002064 0.316328 2.550877 0.019198 
1798 42.769742 0.000000 8.203206 98.474932 -0.521064 1.844123 0.029902 
1799 43.232897 0.000000 8.203206 98.482662 -0.437639 1.975916 0.029707 
1800 42.769742 0.000000 8.637080 98.416598 1.747192 0.237382 0.031106 
1801 42.075010 0.000000 7.986269 98.210866 0.000000 1.478420 0.035244 
1802 42.306587 0.000000 7.986269 98.085116 0.000000 1.505663 0.037704 
1803 42.075010 0.000000 8.203206 98.290771 0.000000 1.450108 0.033682 
1804 41.727643 0.000000 7.877801 98.145740 0.000000 1.491123 0.036519 
1805 41.611855 0.000000 7.877801 98.169834 0.000000 1.490425 0.036046 
1806 41.843432 0.000000 7.877801 98.143152 0.000000 1.497626 0.036568 
1807 41.727643 0.000000 7.986269 98.120571 0.000000 1.501901 0.037010 
1808 41.669749 0.000000 7.715098 98.162887 0.000000 1.466876 0.036190 
1809 41.611855 0.000000 7.715098 98.161267 0.000000 1.474831 0.036219 
1810 41.669749 0.000000 7.660864 98.164490 0.000000 1.466689 0.036158 
1811 41.727643 0.000000 7.715098 98.170811 0.000000 1.476836 0.036031 
1812 41.669749 0.000000 7.769332 98.169102 0.000000 1.480773 0.036063 
1813 42.075010 0.000000 8.420143 98.371697 0.000000 1.421103 0.032099 
1814 41.843432 0.000000 8.420143 98.339750 0.000000 1.424343 0.032726 
1815 42.306587 0.000000 8.420143 98.394866 0.000000 1.418175 0.031644 
1816 42.075010 0.000000 8.637080 98.462617 0.000000 1.390702 0.030318 
1817 41.611855 0.000000 8.420143 98.313697 0.000000 1.408980 0.033243 
1818 41.380277 0.000000 8.420143 98.271000 -0.000000 1.383857 0.034090 
1819 41.611855 0.000000 8.637080 98.350443 -0.000000 1.378556 0.032529 
1820 41.959221 0.000000 8.311674 98.303621 0.000000 1.440732 0.033432 
1821 41.843432 0.000000 8.311674 98.288030 0.000000 1.446863 0.033737 
1822 41.959221 0.000000 8.203206 98.277976 0.000000 1.458840 0.033931 
1823 42.075010 0.000000 8.311674 98.323468 0.000000 1.439947 0.033042 
1824 41.959221 0.000000 8.420143 98.352777 0.000000 1.418491 0.032472 
1825 41.727643 0.000000 8.311674 98.287189 0.000000 1.466253 0.033748 
1826 41.611855 0.000000 8.311674 98.314496 -0.000000 1.431088 0.033221 
1827 41.727643 0.000000 8.203206 98.272912 0.000000 1.462575 0.034030 
1828 41.727643 0.000000 8.420143 98.318071 0.000000 1.440640 0.033148 
1829 41.959221 0.000000 8.094738 98.242092 0.000000 1.469450 0.034633 
1830 41.843432 0.000000 8.094738 98.211863 0.000000 1.478173 0.035225 
1831 41.959221 0.000000 7.986269 98.208060 0.000000 1.482619 0.035298 
1832 42.075010 0.000000 8.094738 98.252865 0.000000 1.466353 0.034422 
1833 41.901326 0.000000 8.257440 98.286509 0.000000 1.439787 0.033769 
1834 41.843432 0.000000 8.257440 98.280582 0.000000 1.450632 0.033882 
1835 41.901326 0.000000 8.203206 98.274273 0.000000 1.453799 0.034005 
1836 41.959221 0.000000 8.257440 98.292020 0.000000 1.447652 0.033658 
1837 41.901326 0.000000 8.311674 98.293546 0.000000 1.436848 0.033631 
1838 42.769742 0.000000 9.070953 98.891146 1.967904 1.778497 0.021351 
1839 43.232897 0.000000 9.070953 98.886049 1.658252 1.923926 0.021510 
1840 42.769742 0.000000 9.504827 99.054861 0.320090 2.167632 0.018333 
1841 42.075010 0.000000 8.854016 98.460456 0.000000 1.405492 0.030356 
1842 41.843432 0.000000 8.854016 98.387832 0.000000 1.386094 0.031791 
1843 42.306587 0.000000 8.854016 98.458192 0.000000 1.401853 0.030402 
1844 42.075010 0.000000 9.070953 98.436004 0.000000 1.400374 0.030839 
1845 42.538164 0.000000 8.854016 98.474280 0.000000 1.395388 0.030087 
1846 42.538164 0.000000 8.637080 98.474361 0.000000 1.395111 0.030085 
1847 42.769742 0.000000 8.854016 98.604682 -34.221726 -1.365293 -0.089587 
1848 42.538164 0.000000 9.070953 98.924845 2.210057 1.682115 0.020616 
1849 41.843432 0.000000 9.938700 99.388140 0.139406 2.100491 0.011757 
1850 42.306587 0.000000 9.938700 99.287992 0.167642 2.238714 0.013685 
1851 41.843432 0.000000 10.372574 99.522198 0.097225 2.373258 0.008969 
1852 42.075010 0.000000 9.287890 99.062142 0.611971 1.789195 0.018312 
1853 41.843432 0.000000 9.287890 99.100214 0.558143 1.678077 0.017602 
1854 42.306587 0.000000 9.287890 99.032889 0.647109 1.881593 0.018853 
1855 42.075010 0.000000 9.504827 99.159281 0.295750 1.931278 0.016362 
1856 42.190798 0.000000 8.962485 98.456975 0.000000 1.402818 0.030426 
1857 42.075010 0.000000 8.962485 98.464689 0.000000 1.401918 0.030274 
1858 42.190798 0.000000 8.854016 98.442957 0.000000 1.399179 0.030703 
1859 42.306587 0.000000 8.962485 98.457103 0.000000 1.402652 0.030423 
1860 42.190798 0.000000 9.070953 98.455936 0.000000 1.403495 0.030446 
1861 41.611855 0.000000 8.854016 98.342207 -0.000000 1.338092 0.032702 
1862 41.611855 0.000000 9.070953 98.375720 -0.000000 1.376781 0.032032 
1863 41.959221 0.000000 8.962485 98.434973 0.000000 1.428513 0.030852 
1864 41.843432 0.000000 8.962485 98.378779 -0.000000 1.385217 0.031970 
1865 41.959221 0.000000 8.854016 98.425280 0.000000 1.412389 0.031047 
1866 41.959221 0.000000 9.070953 98.433755 0.000000 1.400725 0.030883 
1867 42.190798 0.000000 8.745548 98.447202 0.000000 1.397951 0.030619 
1868 42.075010 0.000000 8.745548 98.449788 0.000000 1.397976 0.030568 
1869 42.190798 0.000000 8.637080 98.450605 0.000000 1.396578 0.030553 
1870 42.306587 0.000000 8.745548 98.459343 0.000000 1.400940 0.030380 
1871 42.132904 0.000000 8.908250 98.469351 0.000000 1.383261 0.030187 
1872 42.075010 0.000000 8.908250 98.467015 0.000000 1.398092 0.030229 
1873 42.132904 0.000000 8.854016 98.462511 0.000000 1.387640 0.030321 
1874 42.190798 0.000000 8.908250 98.462092 0.000000 1.387429 0.030329 
1875 42.132904 0.000000 8.962485 98.467395 0.000000 1.384166 0.030226 
1876 95.106237 0.000000 16.446803 99.848365 0.158625 4.886827 0.000640 
1877 95.106237 0.000000 2.562850 99.772661 -0.197812 6.119954 0.000792 
1878 109.927191 0.000000 16.446803 99.883561 0.178850 4.673732 0.000140 
1879 95.106237 0.000000 30.330756 99.785149 0.063994 5.942794 0.000760 
1880 72.874805 0.000000 9.504827 99.795566 -0.934316 4.310613 0.002139 
1881 72.874805 0.000000 2.562850 99.710983 -0.193295 5.561597 0.002675 
1882 80.285282 0.000000 9.504827 99.852698 -0.329208 3.861305 0.001442 
1883 72.874805 0.000000 16.446803 99.761573 0.115164 5.107951 0.002152 
1884 61.759089 0.000000 6.033838 99.602799 0.153040 4.280412 0.006094 
1885 61.759089 0.000000 2.562850 99.543212 -0.254588 5.103489 0.006504 
1886 65.464328 0.000000 6.033838 99.686230 -0.289101 4.377950 0.004341 
1887 61.759089 0.000000 9.504827 99.626987 0.646931 4.080019 0.005740 
1888 48.790754 0.000000 7.769332 98.921618 -0.419908 3.307417 0.020340 
1889 48.790754 0.000000 6.033838 98.699617 0.134867 3.615440 0.024530 
1890 50.643374 0.000000 7.769332 99.077559 -0.110487 3.551106 0.017101 
1891 48.790754 0.000000 9.504827 99.171686 0.198417 3.339306 0.015379 
1892 65.464328 0.000000 44.214710 99.736732 0.192626 6.220430 0.001385 
1893 80.285282 0.000000 44.214710 99.762221 0.049557 6.208628 0.000895 
1894 65.464328 0.000000 58.098663 99.768868 0.044527 6.311983 0.000633 
1895 58.053851 0.000000 23.388780 99.641288 -0.014260 5.715443 0.003895 
1896 65.464328 0.000000 23.388780 99.711286 0.036897 5.716870 0.002498 
1897 58.053851 0.000000 30.330756 99.720922 -0.042074 5.959194 0.002022 
1898 54.348612 0.000000 12.975815 99.461184 0.293798 4.518124 0.008697 
1899 58.053851 0.000000 12.975815 99.569292 0.206032 4.528693 0.006540 
1900 54.348612 0.000000 16.446803 99.547902 0.172478 5.035568 0.006483 
1901 52.495993 0.000000 7.769332 99.268094 -0.110954 3.627294 0.013268 
1902 52.495993 0.000000 6.033838 99.156609 -0.208805 3.993368 0.015198 
1903 54.348612 0.000000 7.769332 99.368964 -0.072934 3.803440 0.011134 
1904 52.495993 0.000000 9.504827 99.402186 0.508439 3.567470 0.010622 
1905 56.201232 0.000000 7.769332 99.409009 -0.037767 3.994950 0.010189 
1906 56.201232 0.000000 6.033838 99.369662 0.004469 4.336852 0.010686 
1907 58.053851 0.000000 7.769332 99.496188 -0.066220 3.992469 0.008456 
1908 56.201232 0.000000 9.504827 99.438776 0.578546 3.929410 0.009615 
1909 61.759089 0.000000 12.975815 99.644052 0.204558 4.573059 0.005011 
1910 65.464328 0.000000 12.975815 99.718021 0.179206 4.556732 0.003552 
1911 61.759089 0.000000 16.446803 99.661530 0.140683 5.154915 0.004099 
1912 59.906470 0.000000 7.769332 99.567988 -0.023766 3.992756 0.007027 
1913 59.906470 0.000000 6.033838 99.535643 0.059278 4.335701 0.007385 
1914 61.759089 0.000000 7.769332 99.637077 -0.092230 3.880175 0.005739 
1915 59.906470 0.000000 9.504827 99.584916 0.595632 3.968822 0.006674 
1916 95.106237 0.000000 -11.321103 99.819342 -0.091513 5.582576 0.000493 
1917 95.106237 0.000000 -25.205056 99.801737 -0.066648 6.075870 0.000269 
1918 109.927191 0.000000 -11.321103 99.825127 -0.076370 5.586983 0.000372 
1919 72.874805 0.000000 -4.379127 99.752433 -0.112561 5.128914 0.002313 
1920 72.874805 0.000000 -11.321103 99.749669 -0.073716 5.569789 0.001898 
1921 80.285282 0.000000 -4.379127 99.811650 -0.135852 5.239738 0.001016 
1922 69.169567 0.000000 6.033838 99.737892 -0.089712 4.483676 0.003224 
1923 69.169567 0.000000 2.562850 99.682303 -0.192696 5.420987 0.003401 
1924 72.874805 0.000000 6.033838 99.817538 0.417221 3.911166 0.002099 
1925 69.169567 0.000000 9.504827 99.717706 0.319924 4.917814 0.003209 
1926 63.611709 0.000000 7.769332 99.680874 -0.179583 4.090232 0.004696 
1927 63.611709 0.000000 6.033838 99.685207 0.140020 3.841629 0.004808 
1928 65.464328 0.000000 7.769332 99.712904 -0.116118 4.177445 0.003987 
1929 63.611709 0.000000 9.504827 99.642096 0.613102 4.338587 0.005225 
1930 72.874805 0.000000 23.388780 99.747509 0.109376 5.707987 0.001784 
1931 80.285282 0.000000 23.388780 99.722271 0.201274 5.773286 0.002210 
1932 72.874805 0.000000 30.330756 99.673817 0.233912 6.051684 0.002845 
1933 69.169567 0.000000 12.975815 99.754813 0.136035 4.534846 0.002839 
1934 72.874805 0.000000 12.975815 99.791687 0.182294 4.486912 0.002145 
1935 69.169567 0.000000 16.446803 99.733206 0.106819 5.137640 0.002688 
1936 63.611709 0.000000 11.240321 99.658080 0.298568 4.293086 0.004975 
1937 61.759089 0.000000 11.240321 99.655242 0.243544 4.152027 0.005153 
1938 65.464328 0.000000 11.240321 99.726162 0.253349 4.208650 0.003692 
1939 63.611709 0.000000 12.975815 99.681949 0.209450 4.589069 0.004241 
1940 62.685399 0.000000 8.637080 99.706173 -0.535887 3.870199 0.004341 
1941 61.759089 0.000000 8.637080 99.666525 -0.622746 3.793158 0.005181 
1942 62.685399 0.000000 7.769332 99.663927 -0.214864 3.982837 0.005119 
1943 63.611709 0.000000 8.637080 99.698798 -0.350400 3.982303 0.004417 
1944 62.685399 0.000000 9.504827 99.637964 0.586984 4.183249 0.005443 
1945 -156.849986 0.000000 -164.044589 99.788900 -0.000890 6.452864 0.000054 
1946 -216.133803 0.000000 -164.044589 99.789909 -0.000580 6.453362 0.000033 
1947 -156.849986 0.000000 -219.580401 99.789480 -0.000934 6.452665 0.000042 
1948 198.852917 0.000000 -164.044589 99.789675 -0.006334 6.437005 0.000059 
1949 198.852917 0.000000 -219.580401 99.789859 -0.004510 6.444244 0.000046 
1950 258.136734 0.000000 -164.044589 99.790744 -0.006561 6.437165 0.000037 
1951 -38.282352 0.000000 169.170289 99.799457 0.002161 6.450784 -0.000154 
1952 -97.566169 0.000000 169.170289 99.795956 0.001356 6.453627 -0.000088 
1953 -38.282352 0.000000 224.706101 99.796385 0.002010 6.450903 -0.000093 
1954 -156.849986 0.000000 169.170289 99.793828 0.000901 6.454146 -0.000046 
1955 -216.133803 0.000000 169.170289 99.792787 0.000634 6.454055 -0.000026 
1956 -156.849986 0.000000 224.706101 99.793690 0.001001 6.453448 -0.000043 
1957 -67.924261 0.000000 -80.740869 99.779594 -0.002277 6.448787 0.000245 
1958 -97.566169 0.000000 -80.740869 99.783676 -0.001413 6.452166 0.000159 
1959 -67.924261 0.000000 -108.508776 99.782954 -0.002148 6.449102 0.000177 
1960 198.852917 0.000000 169.170289 99.794831 0.007665 6.431952 -0.000038 
1961 258.136734 0.000000 169.170289 99.793960 0.008352 6.431091 -0.000019 
1962 198.852917 0.000000 224.706101 99.794172 0.005296 6.441737 -0.000037 
1963 109.927191 0.000000 -80.740869 99.782802 -0.012847 6.390139 0.000256 
1964 109.927191 0.000000 -108.508776 99.784447 -0.009089 6.418560 0.000187 
1965 139.569099 0.000000 -80.740869 99.787152 -0.013127 6.390025 0.000169 
1966 -8.640443 0.000000 85.866569 99.816969 0.024969 6.445017 -0.000497 
1967 -38.282352 0.000000 85.866569 99.808689 0.001236 6.459023 -0.000349 
1968 -8.640443 0.000000 113.634476 99.812178 0.002861 6.446087 -0.000402 
1969 -67.924261 0.000000 85.866569 99.799287 0.000974 6.459656 -0.000162 
1970 -97.566169 0.000000 85.866569 99.795227 0.000759 6.458060 -0.000079 
1971 -67.924261 0.000000 113.634476 99.799684 0.001391 6.455858 -0.000166 
1972 -23.461398 0.000000 -39.089010 99.776357 -0.002726 6.335636 0.000454 
1973 -38.282352 0.000000 -39.089010 99.759560 0.009914 6.397497 0.000710 
1974 -23.461398 0.000000 -52.972963 99.783014 -0.000708 6.385716 0.000257 
1975 109.927191 0.000000 85.866569 99.802814 0.014646 6.371120 -0.000119 
1976 139.569099 0.000000 85.866569 99.799445 0.016355 6.369583 -0.000050 
1977 109.927191 0.000000 113.634476 99.801457 0.009997 6.407660 -0.000139 
1978 65.464328 0.000000 -39.089010 99.888651 -0.235597 6.378235 -0.001848 
1979 65.464328 0.000000 -52.972963 99.823100 -0.070263 6.381492 -0.000538 
1980 80.285282 0.000000 -39.089010 99.805148 -0.070718 6.286813 -0.000060 
1981 6.180511 0.000000 44.214710 99.833673 0.357950 6.407064 -0.000794 
1982 -8.640443 0.000000 44.214710 99.826819 0.113805 6.481211 -0.000741 
1983 6.180511 0.000000 58.098663 99.800579 0.050781 6.415400 -0.000132 
1984 -23.461398 0.000000 44.214710 99.764436 0.043465 6.459005 0.000534 
1985 -38.282352 0.000000 44.214710 99.776322 0.023787 6.466238 0.000287 
1986 -23.461398 0.000000 58.098663 99.795943 0.023359 6.459646 -0.000096 
1987 -16.050921 0.000000 -18.263080 99.443503 0.087117 6.368904 0.007042 
1988 -23.461398 0.000000 -18.263080 99.593082 0.074127 6.399125 0.004026 
1989 -16.050921 0.000000 -25.205056 99.603433 -0.019874 6.301210 0.003945 
1990 13.590988 0.000000 23.388780 100.493272 0.172373 6.380406 -0.013964 
1991 6.180511 0.000000 23.388780 100.255951 0.045234 6.656743 -0.009557 
1992 13.590988 0.000000 30.330756 100.335037 0.353451 6.380995 -0.010796 
1993 -1.229966 0.000000 23.388780 100.045913 -0.060943 6.806802 -0.005552 
1994 -8.640443 0.000000 23.388780 99.869086 0.356221 6.777972 -0.001990 
1995 -1.229966 0.000000 30.330756 100.069482 0.345092 6.652520 -0.005828 
1996 -16.050921 0.000000 23.388780 99.779616 0.358566 6.677605 -0.000069 
1997 -23.461398 0.000000 23.388780 99.753273 0.264930 6.590811 0.000578 
1998 -16.050921 0.000000 30.330756 99.758033 0.405591 6.540490 0.000539 
1999 -3.082586 0.000000 -6.114621 97.470985 -0.007405 4.416122 0.047990 
2000 -4.935205 0.000000 -6.114621 97.794361 0.123212 5.374996 0.040736 
2001 -3.082586 0.000000 -7.850115 98.041398 0.101988 4.755317 0.036526 
2002 -2.156276 0.000000 -3.511380 93.891167 0.248888 3.549869 0.117179 
2003 -3.082586 0.000000 -3.511380 95.410570 -0.021321 4.659138 0.087512 
2004 -2.156276 0.000000 -4.379127 95.392397 0.239173 3.536602 0.088773 
2005 17.296227 0.000000 12.975815 102.072111 0.166177 5.860397 -0.045309 
2006 13.590988 0.000000 12.975815 101.512694 0.363678 7.038926 -0.035451 
2007 17.296227 0.000000 16.446803 101.515331 0.204924 6.157850 -0.034332 
2008 9.885749 0.000000 12.975815 100.962391 0.508368 7.745075 -0.025365 
2009 6.180511 0.000000 12.975815 100.171405 0.356603 7.835755 -0.009584 
2010 9.885749 0.000000 16.446803 100.669530 0.060055 7.140564 -0.018535 
2011 4.327892 0.000000 4.298344 96.613381 -0.066127 14.231809 0.046331 
2012 2.475272 0.000000 4.298344 96.502180 -0.048833 11.848935 0.054693 
2013 4.327892 0.000000 6.033838 98.534476 0.048881 11.696143 0.015415 
2014 1.548963 0.000000 -0.040391 91.498596 -0.042629 30.117939 0.072091 
2015 0.622653 0.000000 -0.040391 91.424184 -0.026248 30.506383 0.071098 
2016 1.548963 0.000000 0.827356 91.987539 0.131813 17.515829 0.123147 
2017 -0.766811 0.000000 -3.077506 88.323307 0.283647 -2.982220 0.219002 
2018 -1.229966 0.000000 -3.077506 89.855642 0.223392 0.650519 0.192549 
2019 -0.766811 0.000000 -3.511380 91.552619 0.241384 -1.406761 0.161608 
2020 3.401582 0.000000 -3.511380 97.777949 -0.001910 4.412897 0.042000 
2021 3.401582 0.000000 -4.379127 96.573792 -0.043572 -0.716733 0.067299 
2022 3.401582 0.000000 -2.643632 97.473461 -0.000938 3.579086 0.048611 
2023 5.254201 0.000000 -1.775885 92.646047 -0.240304 -24.059250 0.083780 
2024 4.327892 0.000000 -1.775885 95.594902 0.008304 0.260456 0.086155 
2025 6.180511 0.000000 -1.775885 -10.679452 -0.182507 -0.452933 0.988571 
2026 3.401582 0.000000 -1.775885 97.737332 -0.001642 4.321485 0.042874 
2027 5.254201 0.000000 1.695103 87.653040 -0.209285 26.157542 0.163268 
2028 4.327892 0.000000 1.695103 90.262253 -0.024589 21.267470 0.140042 
2029 5.254201 0.000000 2.562850 92.109080 -0.351675 21.483134 0.105427 
2030 3.401582 0.000000 1.695103 91.949370 0.038097 18.224174 0.121319 
2031 2.475272 0.000000 1.695103 92.999831 0.061949 16.301673 0.108528 
2032 3.401582 0.000000 2.562850 93.903687 0.062962 15.975007 0.092689 
2033 7.106821 0.000000 -1.775885 -11.484480 -0.091591 -0.362151 0.986797 
2034 8.033130 0.000000 -1.775885 -11.857630 -0.116988 -0.489023 0.985914 
2035 7.106821 0.000000 -0.908138 -11.522622 0.010557 -0.528291 0.986695 
2036 7.106821 0.000000 -0.040391 -11.507705 0.144972 -0.947228 0.986665 
2037 8.033130 0.000000 -0.040391 -11.665585 0.257049 -0.599640 0.986349 
2038 10.812059 0.000000 -3.511380 98.151077 -0.602368 8.025909 0.030159 
2039 10.812059 0.000000 -4.379127 97.647742 -0.486231 5.397259 0.043555 
2040 10.812059 0.000000 -2.643632 98.063516 -0.618691 7.933116 0.032023 
2041 10.812059 0.000000 -1.775885 -13.478593 -0.164664 0.409759 0.981813 
2042 9.885749 0.000000 -1.775885 -12.848727 -0.123848 -0.135489 0.983488 
2043 10.812059 0.000000 -0.908138 -12.588026 -0.166211 0.544585 0.984122 
2044 12.664678 0.000000 -5.246874 96.864313 -0.291418 2.748284 0.060967 
2045 11.738369 0.000000 -5.246874 97.489968 -0.451677 3.806909 0.048101 
2046 12.664678 0.000000 -6.114621 97.712245 -0.390536 3.167538 0.044213 
2047 10.812059 0.000000 -5.246874 98.432006 -0.526119 4.677467 0.028898 
2048 9.885749 0.000000 -5.246874 99.790075 -0.552977 5.054840 0.001608 
2049 10.812059 0.000000 -6.114621 98.799123 -0.524662 4.333560 0.021968 
2050 14.517298 0.000000 3.430597 106.299200 -0.243154 2.852038 -0.130771 
2051 14.517298 0.000000 2.562850 106.300714 -0.244594 2.850271 -0.130803 
2052 14.517298 0.000000 4.298344 102.794438 -0.629820 5.532479 -0.059770 
2053 22.854084 0.000000 7.769332 102.314428 -0.120694 3.634356 -0.048147 
2054 21.001465 0.000000 7.769332 102.077929 -0.410211 4.204407 -0.043775 
2055 22.854084 0.000000 9.504827 102.089959 0.156246 3.931204 -0.043784 
2056 18.222536 0.000000 3.430597 106.097031 0.156787 0.295505 -0.125669 
2057 18.222536 0.000000 2.562850 106.097554 0.156415 0.304436 -0.125681 
2058 18.222536 0.000000 4.298344 103.416374 0.292895 3.677197 -0.070855 
2059 95.106237 0.000000 -39.089010 99.786858 -0.052306 6.246898 0.000356 
2060 95.106237 0.000000 -52.972963 99.787428 -0.044802 6.334579 0.000234 
2061 109.927191 0.000000 -39.089010 99.789497 -0.041650 6.240681 0.000311 
2062 58.053851 0.000000 -18.263080 99.715812 -0.083833 6.011373 0.002061 
2063 58.053851 0.000000 -25.205056 99.738789 -0.017528 6.176362 0.001403 
2064 65.464328 0.000000 -18.263080 99.730402 -0.049664 5.949418 0.001845 
2065 72.874805 0.000000 -18.263080 99.756684 -0.098850 5.903417 0.001374 
2066 72.874805 0.000000 -25.205056 99.847962 -0.214769 6.201461 -0.000812 
2067 80.285282 0.000000 -18.263080 99.822286 -0.153208 5.975960 -0.000022 
2068 46.938135 0.000000 -7.850115 98.756563 -0.230106 5.808457 0.021335 
2069 46.938135 0.000000 -11.321103 99.121911 -0.472492 5.957661 0.013913 
2070 50.643374 0.000000 -7.850115 99.088324 -0.309210 5.560133 0.015049 
2071 33.969800 0.000000 -2.643632 102.630137 0.065428 27.271419 -0.127668 
2072 33.969800 0.000000 -4.379127 98.193465 -0.100965 11.804752 0.021868 
2073 95.106237 0.000000 44.214710 99.790560 0.041358 6.177776 0.000368 
2074 109.927191 0.000000 44.214710 99.798798 0.039353 6.168254 0.000215 
2075 95.106237 0.000000 58.098663 99.801784 0.035809 6.275238 0.000022 
2076 25.633013 0.000000 5.166091 103.070129 -0.244949 0.648291 -0.062393 
2077 24.706704 0.000000 5.166091 103.549576 0.263063 0.926240 -0.072344 
2078 25.633013 0.000000 6.033838 102.591819 0.091569 1.438705 -0.052716 
2079 25.633013 0.000000 -0.040391 -16.419768 0.142000 -3.555756 0.971773 
2080 24.706704 0.000000 -0.040391 -14.278320 0.304279 -3.073539 0.978659 
2081 26.559323 0.000000 -0.040391 -18.978929 0.202649 -3.761648 0.962561 
2082 27.485633 0.000000 -0.040391 -22.654081 -0.357988 -3.074990 0.947721 
2083 28.411942 0.000000 -0.040391 -25.852031 -0.229527 -2.123885 0.932711 
2084 29.338252 0.000000 -0.040391 -28.325715 -0.110686 -0.677455 0.919718 
2085 29.338252 0.000000 -0.908138 100.188711 -0.457013 8.320738 -0.010722 
2086 30.264562 0.000000 -0.040391 -27.835406 -0.013836 0.284376 0.922511 
2087 31.190871 0.000000 -0.040391 103.604588 -0.037597 15.986831 -0.098949 
2088 31.190871 0.000000 -0.908138 103.053130 -0.008777 18.495973 -0.096205 
2089 32.117181 0.000000 -0.040391 104.155651 0.017603 19.948475 -0.124634 
2090 27.022478 0.000000 3.864471 105.442447 0.101715 -4.953567 -0.114266 
2091 26.559323 0.000000 3.864471 105.443348 0.101662 -4.954109 -0.114285 
2092 27.022478 0.000000 4.298344 105.215884 0.115081 -4.817181 -0.109360 
2093 29.801407 0.000000 2.128976 97.253516 -0.252816 -1.737135 0.053867 
2094 29.801407 0.000000 1.695103 99.084755 -0.282428 -1.402485 0.018016 
2095 30.264562 0.000000 2.128976 100.044087 -0.296238 -1.533515 -0.001126 
2096 28.527731 0.000000 2.888255 104.978995 -0.086084 24.522568 -0.162195 
2097 28.527731 0.000000 2.779787 102.660194 -0.110099 24.793807 -0.115386 
2098 28.527731 0.000000 2.996724 98.092236 -0.068978 27.627674 -0.038538 
2099 27.254055 0.000000 3.213660 98.998046 0.009435 -0.439477 0.019919 
2100 27.022478 0.000000 3.213660 104.825830 0.034831 -4.878950 -0.101226 
2101 27.254055 0.000000 3.430597 98.480057 0.002952 -0.066040 0.030167 
2102 28.180365 0.000000 2.345913 98.438320 -0.128606 12.333489 0.015777 
2103 28.180365 0.000000 2.128976 93.675595 -0.161450 11.551464 0.109142 
2104 28.411942 0.000000 2.345913 98.650037 -0.137039 14.229765 0.006567 
2105 27.601421 0.000000 2.671318 98.158718 -0.070956 3.477587 0.035277 
2106 27.485633 0.000000 2.671318 98.536665 -0.066689 0.365425 0.029039 
2107 27.601421 0.000000 2.562850 97.921550 -0.073289 0.998597 0.041037 
2108 28.064576 0.000000 2.671318 96.997119 -0.098026 11.907592 0.044976 
2109 28.064576 0.000000 2.562850 97.886137 -0.102204 11.219070 0.029243 
2110 28.180365 0.000000 2.671318 95.376145 -0.105745 12.627571 0.074392 
2111 28.296154 0.000000 2.671318 96.607192 -0.109996 19.201670 0.029833 
2112 28.296154 0.000000 2.562850 96.721767 -0.126861 15.218413 0.041328 
2113 28.411942 0.000000 2.671318 100.886231 -0.101595 18.429126 -0.051767 
2114 27.601421 0.000000 3.105192 97.636153 -0.067066 4.167344 0.044981 
2115 27.485633 0.000000 3.105192 98.135067 -0.063426 0.780688 0.036890 
2116 27.601421 0.000000 3.213660 97.380954 -0.064410 4.720386 0.049466 
2117 28.296154 0.000000 3.105192 89.707874 -0.028665 19.553803 0.157015 
2118 28.411942 0.000000 3.105192 91.514095 -0.047479 21.658894 0.115606 
2119 28.296154 0.000000 3.213660 91.274845 -0.055925 18.345818 0.133233 
2120 28.006682 0.000000 2.834021 90.747224 -0.111760 -2.376369 0.175928 
2121 28.006682 0.000000 2.779787 91.390322 -0.114039 -1.366217 0.164593 
2122 28.064576 0.000000 2.834021 90.532960 -0.104656 1.650624 0.180105 
2123 27.254055 0.000000 2.345913 104.539455 -0.000171 -4.849431 -0.095201 
2124 27.022478 0.000000 2.345913 105.631657 0.090242 -5.119240 -0.118426 
2125 27.254055 0.000000 2.128976 104.488312 -0.006575 -4.845457 -0.094129 
2126 30.264562 0.000000 -6.114621 99.219330 0.150276 9.769672 0.006006 
2127 30.264562 0.000000 -7.850115 99.525525 0.361383 8.367071 0.002453 
2128 32.117181 0.000000 -6.114621 99.177028 -0.251968 9.516654 0.007329 
2129 29.338252 0.000000 -1.775885 99.219964 -0.429323 12.231836 0.000560 
2130 29.338252 0.000000 -2.643632 99.303799 -0.443757 12.052292 -0.000670 
2131 30.264562 0.000000 -1.775885 101.495015 -0.280685 12.167021 -0.044935 
2132 34.896110 0.000000 5.166091 99.000683 0.000000 0.318038 0.019876 
2133 33.969800 0.000000 5.166091 98.345151 0.000000 0.752049 0.032767 
2134 34.896110 0.000000 6.033838 97.997029 0.000000 1.569676 0.039412 
2135 33.043491 0.000000 5.166091 99.197039 0.277292 -0.509675 0.015961 
2136 33.043491 0.000000 6.033838 99.705283 0.183433 0.546348 0.005852 
2137 33.043491 0.000000 -0.040391 105.224594 0.041812 17.960147 -0.139478 
2138 33.043491 0.000000 -0.908138 103.219474 0.046937 23.956439 -0.122817 
2139 33.969800 0.000000 -0.040391 104.162444 0.046193 20.131068 -0.125508 
2140 34.896110 0.000000 -0.040391 104.236382 0.052005 20.505702 -0.128571 
2141 34.896110 0.000000 -0.908138 101.153766 0.090399 27.271990 -0.097585 
2142 35.822419 0.000000 -0.040391 102.655686 0.063330 20.532397 -0.095977 
2143 31.654026 0.000000 3.864471 100.111856 -0.020902 -5.240389 -0.004985 
2144 32.117181 0.000000 3.864471 100.457839 -0.017924 -2.789052 -0.009956 
2145 31.654026 0.000000 4.298344 100.542176 -0.020601 -4.298185 -0.012720 
2146 33.506645 0.000000 2.128976 104.580874 -0.160815 -1.999078 -0.094118 
2147 33.506645 0.000000 1.695103 106.519702 -0.202831 -1.215972 -0.134797 
2148 33.506645 0.000000 2.562850 94.245913 -0.134037 1.363081 0.111583 
2149 31.654026 0.000000 2.128976 102.404473 -0.289422 -1.537554 -0.048912 
2150 31.190871 0.000000 2.128976 101.170038 -0.298598 -1.164280 -0.023682 
2151 31.654026 0.000000 1.695103 102.255246 -0.279836 -1.743701 -0.045925 
2152 30.727716 0.000000 2.128976 100.598580 -0.290081 -1.148990 -0.012148 
2153 30.727716 0.000000 1.695103 101.560462 -0.288280 -0.850722 -0.031533 
2154 36.748729 0.000000 -0.040391 102.950116 0.081023 19.164317 -0.096600 
2155 36.748729 0.000000 -0.908138 100.724284 0.111551 25.908864 -0.081666 
2156 36.285574 0.000000 2.128976 98.877668 0.319885 2.283097 0.021789 
2157 36.285574 0.000000 1.695103 102.327260 0.227231 6.226244 -0.050969 
2158 36.748729 0.000000 2.128976 103.255435 0.282105 12.373001 -0.081486 
2159 34.432955 0.000000 2.996724 126.623511 -0.074635 38.937657 -0.754966 
2160 33.969800 0.000000 2.996724 97.699466 -0.067821 8.943893 0.037482 
2161 34.432955 0.000000 3.430597 106.727130 -0.044419 3.443246 -0.140254 
2162 54.348612 0.000000 -0.908138 99.149459 -0.179503 5.551810 0.013853 
2163 54.348612 0.000000 -4.379127 99.244019 -0.143322 5.114517 0.012445 
2164 58.053851 0.000000 -0.908138 99.394575 -0.186650 5.553507 0.008984 
2165 45.085516 0.000000 -2.643632 97.389521 -0.344139 6.164038 0.047717 
2166 45.085516 0.000000 -4.379127 97.961523 -0.277658 6.081821 0.036647 
2167 46.938135 0.000000 -2.643632 98.042982 -0.340343 5.631840 0.035574 
2168 48.790754 0.000000 4.298344 98.480239 -0.277070 4.061248 0.028507 
2169 48.790754 0.000000 2.562850 98.311131 -0.798008 4.438638 0.031458 
2170 50.643374 0.000000 4.298344 98.845755 -0.138774 4.203820 0.021183 
2171 40.917122 0.000000 1.261229 104.450307 -0.176706 10.580254 -0.102184 
2172 40.917122 0.000000 0.827356 104.018924 -0.136356 11.276135 -0.094711 
2173 41.380277 0.000000 1.261229 103.824476 -0.252663 11.386550 -0.090924 
2174 38.138194 0.000000 3.864471 101.725436 0.111815 -5.389405 -0.037712 
2175 37.675039 0.000000 3.864471 104.456909 0.092823 -2.815105 -0.091918 
2176 38.138194 0.000000 3.430597 104.490654 0.088183 -8.056523 -0.098321 
2177 40.222390 0.000000 2.779787 107.564177 -0.033150 4.111983 -0.158696 
2178 40.453968 0.000000 2.779787 107.339345 -0.076697 1.701680 -0.152464 
2179 40.222390 0.000000 2.996724 107.672563 -0.046467 1.852775 -0.159682 
2180 40.222390 0.000000 3.213660 107.714444 -0.031186 -1.851379 -0.160583 
2181 39.990813 0.000000 3.213660 107.868151 0.009961 -0.558653 -0.163585 
2182 40.453968 0.000000 3.213660 106.760238 -0.074422 -0.039649 -0.139776 
2183 39.759235 0.000000 3.213660 105.500383 0.029976 1.546646 -0.113272 
2184 39.527658 0.000000 3.213660 102.935896 0.056653 2.208139 -0.060068 
2185 39.875024 0.000000 2.454382 106.269354 0.001663 26.394769 -0.198986 
2186 39.990813 0.000000 2.454382 106.856382 -0.011128 16.933965 -0.170505 
2187 39.875024 0.000000 2.562850 107.341504 0.001423 22.833059 -0.204355 
2188 39.296081 0.000000 2.779787 98.757964 0.132937 7.329681 0.019312 
2189 39.064503 0.000000 2.779787 96.136884 0.194851 2.362193 0.075208 
2190 39.296081 0.000000 2.996724 101.256881 0.115312 4.091822 -0.026971 
2191 39.296081 0.000000 3.213660 98.134728 0.077540 2.799730 0.036173 
2192 39.064503 0.000000 3.213660 98.487531 0.124558 0.551986 0.029989 
2193 39.296081 0.000000 3.430597 98.663614 0.080821 -0.217766 0.026544 
2194 44.159206 0.000000 -0.040391 95.111630 -0.703027 7.267522 0.090047 
2195 44.159206 0.000000 -0.908138 95.838397 -0.503347 7.230018 0.076248 
2196 45.085516 0.000000 -0.040391 96.234420 -0.580755 6.822466 0.069205 
2197 41.843432 0.000000 1.261229 104.676630 -0.257026 7.405158 -0.101210 
2198 41.843432 0.000000 0.827356 104.534667 -0.261469 8.123597 -0.099356 
2199 39.817130 0.000000 2.291679 103.206143 0.366812 23.171701 -0.118857 
2200 39.875024 0.000000 2.291679 102.944590 0.426237 21.297227 -0.105134 
2201 39.817130 0.000000 2.345913 104.916315 0.241439 32.909152 -0.209050 
2202 39.788183 0.000000 2.210328 101.636602 0.528329 17.312202 -0.062999 
2203 39.817130 0.000000 2.210328 101.179501 0.616137 16.601526 -0.051328 
2204 39.788183 0.000000 2.237445 102.023766 0.469392 19.090964 -0.077353 
2205 39.773709 0.000000 2.169652 99.873403 0.917064 20.894974 -0.041214 
2206 39.788183 0.000000 2.169652 101.150215 0.605496 15.231428 -0.046373 
2207 39.773709 0.000000 2.183211 101.538837 0.536131 16.162736 -0.057166 
2208 44.159206 0.000000 3.430597 95.829105 -0.617352 2.719766 0.080900 
2209 45.085516 0.000000 3.430597 96.704405 -0.393328 3.387830 0.063663 
2210 44.159206 0.000000 4.298344 96.605673 -0.654703 2.535824 0.066048 
2211 44.159206 0.000000 5.166091 97.239673 -1.281664 1.781685 0.053963 
2212 45.085516 0.000000 5.166091 97.595349 -0.896971 2.755041 0.046675 
2213 41.843432 0.000000 2.996724 106.070856 -0.235052 0.957908 -0.125200 
2214 42.306587 0.000000 2.996724 105.795720 -0.241096 1.835788 -0.119616 
2215 41.843432 0.000000 3.430597 107.738774 -0.198042 -9.944404 -0.170657 
2216 42.769742 0.000000 2.996724 109.544959 -0.207721 -13.707873 -0.218805 
2217 43.232897 0.000000 2.996724 93.710555 -1.479865 1.378100 0.121424 
2218 42.769742 0.000000 3.430597 110.582856 -0.071967 -9.741341 -0.232347 
2219 41.843432 0.000000 3.864471 110.415107 -0.198486 -13.343538 -0.236959 
2220 42.306587 0.000000 3.864471 110.585624 -0.072470 -9.742656 -0.232410 
2221 16.369917 0.000000 -5.246874 99.575451 -0.076254 -3.797403 0.007030 
2222 16.369917 0.000000 -6.114621 99.920597 -0.248311 -1.267936 0.001420 
2223 17.296227 0.000000 -5.246874 101.392553 0.327156 -4.425010 -0.030014 
2224 14.980452 0.000000 -3.945253 97.331267 -0.332544 -10.314293 0.042013 
2225 14.980452 0.000000 -4.379127 96.702215 -0.341690 -6.367570 0.060802 
2226 15.443607 0.000000 -3.945253 101.315582 0.160929 -10.577495 -0.037676 
2227 18.222536 0.000000 -1.775885 -8.157068 0.225118 0.681794 0.993295 
2228 19.148846 0.000000 -1.775885 -8.926723 0.049921 0.394786 0.992016 
2229 18.222536 0.000000 -0.908138 -8.464675 0.358317 0.937854 0.992734 
2230 14.748875 0.000000 -3.294443 94.367097 -0.052845 -25.728957 0.043287 
2231 14.748875 0.000000 -3.511380 93.162727 -0.097616 -26.498539 0.061852 
2232 14.980452 0.000000 -3.294443 96.582190 0.025286 -22.277347 0.017560 
2233 20.075156 0.000000 -5.246874 109.588691 -0.068449 1.680226 -0.201251 
2234 19.148846 0.000000 -5.246874 107.293986 -0.104090 -2.284172 -0.151723 
2235 20.075156 0.000000 -6.114621 106.096392 -0.189136 2.741838 -0.126400 
2236 18.222536 0.000000 -5.246874 104.147872 0.176368 -4.215514 -0.086458 
2237 18.222536 0.000000 -6.114621 103.047794 0.001094 -1.198021 -0.062028 
2238 23.780394 0.000000 -1.775885 -12.891069 -0.015876 -2.660606 0.982674 
2239 22.854084 0.000000 -1.775885 -12.015736 -0.295807 -2.438632 0.984959 
2240 23.780394 0.000000 -0.908138 -12.705750 -0.022997 -2.604593 0.983178 
2241 21.927775 0.000000 -1.775885 -11.153873 -0.109207 -1.187283 0.987417 
2242 21.001465 0.000000 -1.775885 -10.283377 -0.135023 -0.791919 0.989361 
2243 21.927775 0.000000 -0.908138 -10.774889 -0.077297 -0.961154 0.988297 
2244 23.780394 0.000000 -5.246874 105.718204 -0.131541 11.655960 -0.131222 
2245 23.780394 0.000000 -6.114621 104.174080 -0.205148 10.031071 -0.095290 
2246 24.706704 0.000000 -5.246874 104.924298 -0.156453 13.242679 -0.118450 
2247 25.633013 0.000000 -5.246874 102.639060 -0.304619 14.578603 -0.074741 
2248 25.633013 0.000000 -6.114621 101.990189 -0.408868 11.563123 -0.053587 
2249 26.559323 0.000000 -5.246874 100.144975 -0.487136 13.888930 -0.022216 
2250 25.169859 0.000000 -2.209759 -14.921831 0.083580 -6.133537 0.973971 
2251 24.706704 0.000000 -2.209759 -13.710856 0.019824 -4.437337 0.979232 
2252 25.169859 0.000000 -1.775885 -15.890947 0.097311 -4.965266 0.972281 
2253 39.064503 0.000000 5.599965 97.367489 0.000000 0.408465 0.051941 
2254 38.601348 0.000000 5.599965 97.570636 -0.000000 0.407838 0.047980 
2255 39.064503 0.000000 6.033838 97.394605 -0.000000 0.777985 0.051369 
2256 38.138194 0.000000 5.599965 97.824894 -0.000000 0.565165 0.042997 
2257 37.675039 0.000000 5.599965 97.847773 -0.000000 0.757632 0.042524 
2258 38.138194 0.000000 6.033838 97.688771 -0.000000 0.993625 0.045592 
2259 39.759235 0.000000 4.949154 97.417241 -0.000000 -0.178622 0.050985 
2260 39.527658 0.000000 4.949154 97.338094 -0.000000 -0.256939 0.052523 
2261 39.759235 0.000000 5.166091 97.327636 -0.000000 -0.011339 0.052733 
2262 39.990813 0.000000 7.335459 97.421114 0.000000 1.178213 0.050774 
2263 39.527658 0.000000 7.335459 97.301049 -0.000000 1.184593 0.053110 
2264 48.790754 0.000000 11.240321 99.260105 0.352804 3.802828 0.013285 
2265 50.643374 0.000000 11.240321 99.384290 0.179831 3.846907 0.010793 
2266 48.790754 0.000000 12.975815 99.456094 0.136822 4.137414 0.009135 
2267 42.769742 0.000000 6.467712 97.729050 0.390258 1.754949 0.044580 
2268 42.769742 0.000000 6.033838 97.489245 -0.257374 1.720062 0.049282 
2269 43.232897 0.000000 6.467712 97.783168 -0.310985 2.017308 0.043429 
2270 40.685545 0.000000 6.684649 97.471144 -0.000000 1.158153 0.049803 
2271 40.453968 0.000000 6.684649 97.480979 -0.000000 1.102132 0.049624 
2272 40.685545 0.000000 6.901585 97.526880 -0.000000 1.240800 0.048697 
2273 40.685545 0.000000 7.118522 97.568120 -0.000000 1.252571 0.047889 
2274 40.453968 0.000000 7.118522 97.520961 -0.000000 1.181003 0.048827 
2275 40.685545 0.000000 7.335459 97.670961 -0.000000 1.266421 0.045878 
2276 40.685545 0.000000 7.552396 97.752870 -0.000000 1.246614 0.044282 
2277 40.453968 0.000000 7.552396 97.646512 -0.000000 1.207724 0.046370 
2278 40.685545 0.000000 7.769332 97.791391 -0.000000 1.234215 0.043532 
2279 44.159206 0.000000 10.372574 99.199726 0.127779 2.881721 0.015109 
2280 45.085516 0.000000 10.372574 99.137625 0.094261 3.120501 0.016198 
2281 44.159206 0.000000 11.240321 99.366937 0.049023 3.197289 0.011599 
2282 42.769742 0.000000 9.938700 99.203742 0.149335 2.364208 0.015301 
2283 43.232897 0.000000 9.938700 99.158603 0.168307 2.484317 0.016137 
2284 42.769742 0.000000 10.372574 99.328662 0.107934 2.562348 0.012724 
2285 41.611855 0.000000 9.287890 99.155119 0.534207 1.555072 0.016556 
2286 41.611855 0.000000 9.504827 99.269749 0.249899 1.726789 0.014247 
2287 29.569829 0.000000 3.213660 112.879764 -0.039093 2.007848 -0.274587 
2288 29.569829 0.000000 2.996724 100.868874 -0.058536 -1.720820 -0.017749 
2289 28.990886 0.000000 2.888255 101.216769 -0.054876 60.023194 -0.384762 
2290 28.990886 0.000000 2.779787 101.592770 -0.126711 31.190799 -0.129397 
2291 29.106675 0.000000 2.888255 99.918439 -0.079235 35.764418 -0.126279 
2292 30.264562 0.000000 11.240321 100.422863 -0.168993 3.394589 -0.009630 
2293 28.411942 0.000000 11.240321 100.892757 -0.113026 3.641610 -0.019262 
2294 30.264562 0.000000 12.975815 100.721138 -0.378438 3.770513 -0.015911 
2295 28.875097 0.000000 4.732218 102.002800 -0.298307 0.910096 -0.040549 
2296 28.411942 0.000000 4.732218 101.884007 -0.372902 0.973550 -0.038144 
2297 28.875097 0.000000 5.166091 101.733462 -0.258513 0.838088 -0.035047 
2298 29.106675 0.000000 3.647534 103.318635 -0.049620 7.484819 -0.073077 
2299 28.875097 0.000000 3.647534 103.506617 -0.059497 10.689298 -0.082788 
2300 29.106675 0.000000 3.864471 103.447655 -0.056579 8.228354 -0.076913 
2301 28.527731 0.000000 3.105192 95.248838 -0.055270 23.089621 0.039453 
2302 28.643520 0.000000 3.105192 103.607777 -0.052756 37.137625 -0.211378 
2303 28.527731 0.000000 3.213660 99.901423 -0.052954 19.010287 -0.034169 
2304 28.759308 0.000000 3.105192 106.275227 -0.078274 34.191501 -0.246349 
2305 28.759308 0.000000 3.213660 106.385825 -0.063360 31.827065 -0.233091 
2306 29.569829 0.000000 4.081407 102.221072 -0.043582 0.790327 -0.044977 
2307 29.338252 0.000000 4.081407 109.626228 -0.044271 0.102783 -0.201792 
2308 29.569829 0.000000 4.298344 99.788175 -0.000000 1.642519 0.003962 
2309 30.727716 0.000000 4.732218 106.150558 -0.000000 -10.440093 -0.137694 
2310 31.190871 0.000000 4.732218 102.887535 -0.000000 -6.795220 -0.063202 
2311 30.727716 0.000000 5.166091 101.378598 -0.125913 -0.607226 -0.027800 
2312 31.654026 0.000000 4.732218 100.318316 -0.000000 -1.556408 -0.006619 
2313 32.117181 0.000000 4.732218 100.408629 -0.000000 -2.021730 -0.008598 
2314 31.654026 0.000000 5.166091 100.353923 0.145113 -0.906877 -0.007175 
2315 30.496139 0.000000 4.081407 105.154261 -0.023388 -6.527683 -0.110003 
2316 30.727716 0.000000 4.081407 104.978092 -0.036007 -7.448382 -0.107588 
2317 30.496139 0.000000 4.298344 107.574016 -0.000000 -6.863052 -0.161927 
2318 29.917195 0.000000 3.756002 107.257723 -0.023091 -0.382342 -0.150437 
2319 29.801407 0.000000 3.756002 108.215256 -0.035700 0.232624 -0.171060 
2320 29.917195 0.000000 3.864471 107.472686 -0.024032 -0.885655 -0.155116 
2321 29.917195 0.000000 3.322129 106.618993 -0.037540 3.569691 -0.138035 
2322 29.801407 0.000000 3.322129 105.952539 -0.027353 3.892079 -0.124109 
2323 29.917195 0.000000 3.213660 110.382136 -0.037482 -0.293831 -0.218430 
2324 30.380350 0.000000 3.756002 108.824632 -0.041879 -3.718095 -0.185663 
2325 30.496139 0.000000 3.756002 108.665346 -0.038354 -4.940864 -0.183257 
2326 30.380350 0.000000 3.864471 106.716104 -0.045793 -3.713400 -0.140212 
2327 30.090879 0.000000 3.376363 109.598931 -0.033290 2.860561 -0.202011 
2328 30.032984 0.000000 3.376363 107.121761 -0.031393 5.572429 -0.150612 
2329 30.090879 0.000000 3.322129 108.619536 -0.040842 3.812106 -0.181274 
2330 30.119826 0.000000 3.457714 108.061696 -0.025856 -1.510427 -0.167961 
2331 30.090879 0.000000 3.457714 109.528805 -0.037383 1.724928 -0.199954 
2332 30.119826 0.000000 3.430597 109.844263 -0.035942 1.330300 -0.206753 
2333 39.990813 0.000000 9.938700 100.347199 0.049421 1.776729 -0.007272 
2334 39.527658 0.000000 9.938700 100.639324 0.039208 1.847112 -0.013169 
2335 39.990813 0.000000 10.372574 100.304518 0.068824 2.201783 -0.006585 
2336 39.759235 0.000000 8.854016 99.649722 -0.819335 0.217812 0.006921 
2337 39.759235 0.000000 8.637080 98.774347 -0.509358 0.443322 0.024317 
2338 39.759235 0.000000 9.070953 99.639915 -0.818901 0.216032 0.007117 
2339 40.222390 0.000000 9.287890 98.757750 -0.543185 0.406862 0.024645 
2340 39.990813 0.000000 9.287890 97.329550 -0.000000 0.722417 0.052644 
2341 40.222390 0.000000 9.504827 100.170781 0.070649 1.275273 -0.003582 
2342 39.759235 0.000000 9.287890 98.280495 -0.390766 0.439624 0.034060 
2343 39.527658 0.000000 9.287890 99.097364 -0.645066 0.271545 0.017922 
2344 39.759235 0.000000 9.504827 100.552764 0.048104 1.251652 -0.011243 
2345 40.685545 0.000000 7.986269 97.925142 -0.000000 1.194347 0.040924 
2346 40.453968 0.000000 7.986269 97.784676 -0.000000 1.112642 0.043692 
2347 40.917122 0.000000 7.986269 98.008669 -0.000000 1.261437 0.039271 
2348 41.148700 0.000000 7.986269 98.141807 -0.000000 1.360829 0.036633 
2349 41.148700 0.000000 8.203206 98.184257 -0.000000 1.321773 0.035810 
2350 41.148700 0.000000 8.420143 98.169885 -0.000000 1.256003 0.036110 
2351 40.569756 0.000000 8.745548 99.030838 -0.641847 0.365756 0.019235 
2352 40.453968 0.000000 8.745548 99.195920 -0.708674 0.329665 0.015956 
2353 40.569756 0.000000 8.637080 98.225034 -0.228072 0.696740 0.035131 
2354 41.032911 0.000000 8.745548 98.719149 -0.367101 0.549400 0.025409 
2355 41.032911 0.000000 8.637080 98.505607 -0.241922 0.733524 0.029605 
2356 41.148700 0.000000 8.745548 98.545855 -0.232505 0.720083 0.028814 
2357 40.222390 0.000000 8.420143 97.630061 -0.000000 0.935436 0.046750 
2358 39.990813 0.000000 8.420143 97.442732 -0.000000 0.854922 0.050418 
2359 40.222390 0.000000 8.203206 97.647453 -0.000000 0.972467 0.046403 
2360 39.759235 0.000000 8.420143 97.360516 -0.000000 0.859183 0.052019 
2361 39.527658 0.000000 8.420143 97.121750 -0.000000 0.827429 0.056668 
2362 39.759235 0.000000 8.203206 97.379356 -0.000000 0.957434 0.051634 
2363 38.138194 0.000000 9.938700 101.501574 0.193351 2.579864 -0.030926 
2364 38.601348 0.000000 9.938700 101.269721 0.050336 2.214444 -0.026046 
2365 38.138194 0.000000 10.372574 101.093449 0.098760 2.978427 -0.022877 
2366 39.064503 0.000000 9.938700 100.970816 0.038570 1.975531 -0.019901 
2367 39.064503 0.000000 10.372574 100.766238 0.030022 2.458359 -0.015988 
2368 39.296081 0.000000 9.287890 98.564047 -0.470517 0.351088 0.028478 
2369 39.064503 0.000000 9.287890 99.111433 -0.617397 0.290358 0.017646 
2370 39.296081 0.000000 9.504827 100.946363 0.043441 1.293722 -0.019184 
2371 39.064503 0.000000 6.467712 97.395509 -0.000000 1.038867 0.051304 
2372 38.601348 0.000000 6.467712 97.565140 -0.000000 1.154134 0.047971 
2373 39.064503 0.000000 6.901585 97.345427 -0.000000 1.241028 0.052233 
2374 39.064503 0.000000 7.335459 97.179437 -0.000000 1.299154 0.055447 
2375 38.601348 0.000000 7.335459 97.060537 -0.000000 1.484332 0.057705 
2376 38.138194 0.000000 7.335459 97.054121 -0.000000 1.784713 0.057731 
2377 37.675039 0.000000 7.335459 97.223015 -0.000000 2.132080 0.054314 
2378 38.138194 0.000000 6.901585 97.407987 -0.000000 1.573797 0.050921 
2379 39.296081 0.000000 8.420143 96.997971 -0.000000 0.825930 0.059071 
2380 39.064503 0.000000 8.420143 96.807027 -0.000000 0.879070 0.062763 
2381 39.296081 0.000000 8.203206 97.085693 -0.000000 0.951792 0.057346 
2382 34.896110 0.000000 6.901585 97.984539 0.000000 2.392385 0.039331 
2383 33.969800 0.000000 6.901585 99.606918 0.175510 1.399008 0.007647 
2384 36.285574 0.000000 8.203206 97.765076 0.000000 4.001374 0.042598 
2385 35.822419 0.000000 8.203206 97.721101 0.000000 4.201029 0.043294 
2386 36.285574 0.000000 7.769332 97.537919 0.000000 3.553632 0.047373 
2387 37.906616 0.000000 9.287890 99.650409 -0.380765 0.639592 0.006924 
2388 38.138194 0.000000 9.287890 99.712598 -0.494792 0.384147 0.005701 
2389 37.906616 0.000000 9.504827 102.314378 0.298764 2.119769 -0.047281 
2390 34.896110 0.000000 10.372574 100.203560 -0.033812 3.427833 -0.005250 
2391 33.969800 0.000000 10.372574 100.318355 -0.028211 3.135077 -0.007360 
2392 34.896110 0.000000 11.240321 100.121812 0.149918 3.695201 -0.003805 
2393 36.285574 0.000000 9.938700 100.174378 0.138210 3.815796 -0.004949 
2394 35.822419 0.000000 9.938700 99.975448 0.072076 3.676893 -0.000861 
2395 36.285574 0.000000 10.372574 100.314970 0.041157 3.783010 -0.007741 
2396 37.906616 0.000000 8.420143 95.804631 -0.000000 2.041482 0.081731 
2397 37.906616 0.000000 8.203206 96.190629 -0.000000 1.974048 0.074347 
2398 38.138194 0.000000 8.420143 96.004718 -0.000000 1.654253 0.078036 
2399 37.211884 0.000000 7.335459 97.440423 -0.000000 2.533715 0.049894 
2400 36.748729 0.000000 7.335459 97.602805 0.000000 2.895379 0.046531 
2401 37.211884 0.000000 6.901585 97.699215 -0.000000 2.128326 0.045033 
2402 36.285574 0.000000 7.335459 97.534893 0.000000 3.031287 0.047776 
2403 35.822419 0.000000 7.335459 97.461293 0.000000 2.993281 0.049234 
2404 36.285574 0.000000 6.901585 97.818723 0.000000 2.577562 0.042485 
2405 36.980307 0.000000 8.420143 96.447745 0.000000 4.361190 0.067881 
2406 36.748729 0.000000 8.420143 96.783055 0.000000 4.465601 0.061310 
2407 36.980307 0.000000 8.203206 96.724755 0.000000 4.038531 0.062801 
2408 37.096095 0.000000 8.745548 98.529864 -0.001967 3.431347 0.028009 
2409 36.980307 0.000000 8.745548 95.989427 0.000000 4.867613 0.076234 
2410 37.096095 0.000000 8.637080 96.811109 0.002858 4.548393 0.060692 
2411 52.495993 0.000000 4.298344 99.074982 0.153261 4.206572 0.016643 
2412 52.495993 0.000000 2.562850 99.002065 -0.425721 4.695874 0.017636 
2413 54.348612 0.000000 4.298344 99.292212 0.016203 3.752008 0.012698 
2414 56.201232 0.000000 4.298344 99.348242 -0.280622 4.442941 0.011011 
2415 56.201232 0.000000 2.562850 99.308337 -0.300897 4.991521 0.011285 
2416 58.053851 0.000000 4.298344 99.432416 -0.169888 4.570795 0.009227 
2417 41.148700 0.000000 4.081407 110.729362 -0.160906 -11.906205 -0.240278 
2418 41.148700 0.000000 3.864471 110.417796 -0.195466 -13.264120 -0.236806 
2419 41.380277 0.000000 4.081407 110.731219 -0.161533 -11.917946 -0.240347 
2420 40.338179 0.000000 4.189876 98.130788 0.022878 -1.646129 0.036764 
2421 40.222390 0.000000 4.189876 98.967307 0.048758 -1.704188 0.020257 
2422 40.453968 0.000000 4.189876 98.162359 0.034713 -1.795424 0.036093 
2423 40.106602 0.000000 4.189876 98.850287 0.041062 -1.518276 0.022631 
2424 39.990813 0.000000 4.189876 99.212787 0.064603 -1.557222 0.015439 
2425 40.106602 0.000000 4.298344 98.317104 0.062981 -1.310523 0.033203 
2426 40.569756 0.000000 4.189876 98.869117 -0.027959 -2.089069 0.022053 
2427 40.685545 0.000000 4.189876 100.262120 0.021353 -2.545905 -0.005897 
2428 40.685545 0.000000 3.213660 106.110071 -0.104882 -0.460626 -0.125957 
2429 40.685545 0.000000 2.996724 107.291887 -0.114552 -0.362535 -0.151169 
2430 40.917122 0.000000 3.213660 106.471276 -0.124027 -0.362204 -0.133628 
2431 39.296081 0.000000 3.647534 98.963280 0.069470 -1.564626 0.020382 
2432 39.064503 0.000000 3.647534 99.229602 0.096613 -3.321623 0.014244 
2433 39.296081 0.000000 3.864471 99.450177 0.073343 -2.072217 0.010536 
2434 39.296081 0.000000 4.081407 99.085721 0.076399 -1.719220 0.017906 
2435 39.064503 0.000000 4.081407 98.779722 0.074208 -2.725080 0.023514 
2436 39.296081 0.000000 4.298344 98.691862 0.089087 -1.800591 0.025667 
2437 40.309232 0.000000 3.837354 101.523897 0.016351 -3.335097 -0.031822 
2438 40.280285 0.000000 3.837354 101.493365 0.016451 -3.284923 -0.031169 
2439 40.309232 0.000000 3.810236 101.854386 0.018648 -3.487620 -0.038648 
2440 40.106602 0.000000 4.406813 98.216439 0.055516 -1.123688 0.035227 
2441 39.990813 0.000000 4.406813 98.274389 0.063523 -1.138898 0.034084 
2442 40.106602 0.000000 4.515281 97.817038 -0.002301 -0.730771 0.043129 
2443 40.106602 0.000000 4.623749 97.662480 0.000000 -0.677430 0.046158 
2444 39.990813 0.000000 4.623749 97.622290 -0.000000 -0.666148 0.046944 
2445 40.106602 0.000000 4.732218 97.658190 0.000000 -0.603916 0.046251 
2446 40.801334 0.000000 4.840686 97.545768 0.000000 -0.343145 0.048471 
2447 40.685545 0.000000 4.840686 97.596144 0.000000 -0.535137 0.047471 
2448 40.917122 0.000000 4.840686 97.535882 0.000000 -0.301318 0.048666 
2449 40.222390 0.000000 5.383028 97.391634 -0.000000 0.199516 0.051483 
2450 39.990813 0.000000 5.383028 97.311069 -0.000000 0.260324 0.053049 
2451 40.222390 0.000000 5.599965 97.330867 -0.000000 0.552366 0.052640 
2452 40.222390 0.000000 5.816902 97.387388 -0.000000 0.633276 0.051530 
2453 39.990813 0.000000 5.816902 97.211464 -0.000000 0.571449 0.054960 
2454 40.222390 0.000000 6.033838 97.404364 -0.000000 0.747869 0.051183 
2455 40.540809 0.000000 4.488164 97.688516 0.000000 -1.082747 0.045578 
2456 40.511862 0.000000 4.488164 97.688968 0.000000 -1.088127 0.045568 
2457 40.540809 0.000000 4.461047 97.698743 0.000000 -1.068425 0.045381 
2458 41.611855 0.000000 5.816902 97.606449 0.000000 0.966517 0.047205 
2459 41.611855 0.000000 5.599965 97.255549 -0.394491 0.803035 0.054056 
2460 41.843432 0.000000 5.816902 97.356223 0.537389 1.030444 0.052042 
2461 42.075010 0.000000 6.684649 97.779932 -0.270155 1.516779 0.043671 
2462 42.075010 0.000000 6.467712 97.696226 0.170492 1.441260 0.045334 
2463 42.306587 0.000000 6.684649 97.773634 -0.258751 1.651838 0.043752 
2464 41.032911 0.000000 6.142307 97.575073 0.000000 1.002839 0.047810 
2465 40.917122 0.000000 6.142307 97.561327 0.000000 0.978255 0.048083 
2466 41.032911 0.000000 6.033838 97.568330 0.000000 0.916600 0.047958 
2467 41.496066 0.000000 6.142307 97.541385 0.000000 1.066408 0.048454 
2468 41.496066 0.000000 6.033838 97.600137 0.000000 0.962844 0.047329 
2469 41.611855 0.000000 6.142307 97.554421 0.000000 1.051611 0.048203 
2470 41.032911 0.000000 6.576180 97.446590 0.000000 1.167865 0.050280 
2471 40.917122 0.000000 6.576180 97.443248 0.000000 1.139591 0.050351 
2472 41.032911 0.000000 6.684649 97.432496 0.000000 1.225376 0.050541 
2473 41.264489 0.000000 6.793117 97.538004 0.000000 1.302919 0.048464 
2474 41.148700 0.000000 6.793117 97.504012 0.000000 1.291937 0.049130 
2475 41.032911 0.000000 6.793117 97.467591 0.000000 1.280309 0.049843 
2476 40.917122 0.000000 6.793117 97.448816 -0.000000 1.268675 0.050212 
2477 41.032911 0.000000 6.901585 97.588133 0.000000 1.308217 0.047484 
2478 41.322383 0.000000 6.305009 97.494579 0.000000 1.116163 0.049356 
2479 41.322383 0.000000 6.250775 97.505062 0.000000 1.100289 0.049155 
2480 41.380277 0.000000 6.305009 97.490464 0.000000 1.122874 0.049435 
2481 40.222390 0.000000 6.250775 97.465740 -0.000000 0.916981 0.049959 
2482 39.990813 0.000000 6.250775 97.452320 -0.000000 0.912514 0.050221 
2483 40.222390 0.000000 6.467712 97.457385 -0.000000 0.951067 0.050115 
2484 40.222390 0.000000 6.684649 97.538256 -0.000000 1.085080 0.048511 
2485 39.990813 0.000000 6.684649 97.517157 -0.000000 1.053962 0.048929 
2486 40.222390 0.000000 6.901585 97.525718 -0.000000 1.162687 0.048738 
2487 41.496066 0.000000 6.576180 97.425486 0.000000 1.229514 0.050676 
2488 41.611855 0.000000 6.576180 97.410609 0.000000 1.270996 0.050956 
2489 41.727643 0.000000 6.793117 97.697829 0.000000 1.328886 0.045337 
2490 41.727643 0.000000 6.684649 97.409841 0.000000 1.271233 0.050971 
2491 41.843432 0.000000 6.793117 97.796355 0.000000 1.346396 0.043406 
2492 41.727643 0.000000 7.226991 98.098562 0.000000 1.416344 0.037467 
2493 41.843432 0.000000 7.226991 98.211614 0.000000 1.439804 0.035241 
2494 41.727643 0.000000 7.335459 98.175143 0.000000 1.452327 0.035953 
2495 41.032911 0.000000 7.010054 97.658319 0.000000 1.323945 0.046110 
2496 40.917122 0.000000 7.010054 97.614898 -0.000000 1.312430 0.046961 
2497 41.032911 0.000000 7.118522 97.689035 0.000000 1.328851 0.045509 
2498 41.264489 0.000000 7.226991 97.892153 0.000000 1.384914 0.041521 
2499 41.148700 0.000000 7.226991 97.815380 0.000000 1.367728 0.043028 
2500 41.264489 0.000000 7.335459 98.004842 0.000000 1.412888 0.039305 
2501 41.032911 0.000000 7.226991 97.747553 0.000000 1.348360 0.044360 
2502 40.917122 0.000000 7.226991 97.689387 -0.000000 1.327091 0.045502 
2503 41.032911 0.000000 7.335459 97.859719 -0.000000 1.373382 0.042159 
2504 41.553960 0.000000 6.955820 97.802160 0.000000 1.359303 0.043289 
2505 41.553960 0.000000 6.901585 97.762770 0.000000 1.350402 0.044062 
2506 41.611855 0.000000 6.955820 97.817597 0.000000 1.362386 0.042986 
2507 41.496066 0.000000 7.443927 98.181298 0.000000 1.451060 0.035833 
2508 41.380277 0.000000 7.443927 98.130996 0.000000 1.442411 0.036823 
2509 41.611855 0.000000 7.443927 98.190032 0.000000 1.453297 0.035661 
2510 41.727643 0.000000 7.443927 98.178368 0.000000 1.460295 0.035888 
2511 41.843432 0.000000 7.443927 98.177486 0.000000 1.467347 0.035903 
2512 41.496066 0.000000 7.877801 98.178376 0.000000 1.481919 0.035881 
2513 41.380277 0.000000 7.877801 98.183615 0.000000 1.461479 0.035784 
2514 41.496066 0.000000 7.986269 98.206266 0.000000 1.479855 0.035334 
2515 41.727643 0.000000 8.094738 98.205751 0.000000 1.467348 0.035348 
2516 41.611855 0.000000 8.094738 98.211339 0.000000 1.470669 0.035237 
2517 41.496066 0.000000 8.094738 98.231279 0.000000 1.463573 0.034847 
2518 41.380277 0.000000 8.094738 98.229889 -0.000000 1.425584 0.034886 
2519 41.496066 0.000000 8.203206 98.270712 0.000000 1.429802 0.034082 
2520 41.264489 0.000000 7.443927 98.094877 0.000000 1.435523 0.037533 
2521 41.148700 0.000000 7.443927 98.044236 -0.000000 1.422686 0.038530 
2522 41.264489 0.000000 7.552396 98.114758 0.000000 1.445250 0.037141 
2523 41.264489 0.000000 7.660864 98.121632 0.000000 1.442998 0.037006 
2524 41.148700 0.000000 7.660864 98.094808 -0.000000 1.434625 0.037535 
2525 41.264489 0.000000 7.769332 98.126169 0.000000 1.441393 0.036918 
2526 42.538164 0.000000 8.420143 98.474308 0.000000 1.395292 0.030086 
2527 42.538164 0.000000 8.203206 98.479532 0.000000 1.377334 0.029988 
2528 42.769742 0.000000 8.420143 98.536600 0.457981 1.706984 0.028741 
2529 41.959221 0.000000 7.877801 98.147166 0.000000 1.498637 0.036489 
2530 41.959221 0.000000 7.769332 98.167121 0.000000 1.491313 0.036099 
2531 42.075010 0.000000 7.877801 98.114222 0.000000 1.508927 0.037132 
2532 41.496066 0.000000 8.311674 98.295304 0.000000 1.418499 0.033602 
2533 41.380277 0.000000 8.311674 98.273951 -0.000000 1.401836 0.034027 
2534 41.496066 0.000000 8.420143 98.298063 0.000000 1.401681 0.033553 
2535 42.538164 0.000000 9.287890 99.011438 0.643658 1.956281 0.019249 
2536 42.769742 0.000000 9.287890 98.977488 0.614470 2.035740 0.019894 
2537 42.538164 0.000000 9.504827 99.094403 0.333268 2.088251 0.017583 
2538 41.959221 0.000000 8.745548 98.433684 0.000000 1.391581 0.030887 
2539 41.843432 0.000000 8.745548 98.409605 0.000000 1.391196 0.031361 
2540 41.959221 0.000000 8.637080 98.452800 0.000000 1.401521 0.030508 
2541 61.759089 0.000000 -0.908138 99.535989 -0.156321 5.401531 0.006339 
2542 61.759089 0.000000 -4.379127 99.581387 -0.126960 5.125491 0.005726 
2543 65.464328 0.000000 -0.908138 99.639101 -0.124942 5.431531 0.004253 
2544 59.906470 0.000000 4.298344 99.511467 -0.092305 4.602461 0.007628 
2545 59.906470 0.000000 2.562850 99.480051 -0.274279 5.076247 0.007788 
2546 61.759089 0.000000 4.298344 99.577445 -0.024850 4.595414 0.006321 
2547 63.611709 0.000000 4.298344 99.631400 0.058910 4.611354 0.005232 
2548 63.611709 0.000000 2.562850 99.594540 -0.249423 5.183759 0.005399 
2549 65.464328 0.000000 4.298344 99.670074 0.303602 4.566644 0.004493 
2550 52.495993 0.000000 11.240321 99.351343 0.316802 4.113750 0.011229 
2551 54.348612 0.000000 11.240321 99.410619 0.306891 4.171784 0.010003 
2552 52.495993 0.000000 12.975815 99.373071 0.303041 4.508978 0.010457 
2553 56.201232 0.000000 11.240321 99.469904 0.349288 4.224712 0.008777 
2554 58.053851 0.000000 11.240321 99.546384 0.269599 4.181320 0.007296 
2555 56.201232 0.000000 12.975815 99.513281 0.223257 4.524285 0.007659 
2556 59.906470 0.000000 11.240321 99.606746 0.276324 4.171449 0.006102 
2557 59.906470 0.000000 12.975815 99.616029 0.223348 4.528510 0.005609 
2558 69.169567 0.000000 -0.908138 99.700111 -0.135271 5.272584 0.003207 
2559 69.169567 0.000000 -4.379127 99.718021 -0.100788 5.139245 0.002989 
2560 72.874805 0.000000 -0.908138 99.740028 -0.143630 5.188337 0.002499 
2561 2.475272 0.000000 12.975815 99.944325 0.454835 7.891177 -0.005135 
2562 -1.229966 0.000000 12.975815 99.465854 0.272676 7.283903 0.005341 
2563 2.475272 0.000000 16.446803 100.013692 0.093104 7.227673 -0.005499 
2564 -4.935205 0.000000 12.975815 99.545528 -0.005915 7.223895 0.003850 
2565 -8.640443 0.000000 12.975815 99.870016 -0.012502 7.349570 -0.002804 
2566 -4.935205 0.000000 16.446803 100.179504 0.075842 7.279886 -0.008894 
2567 0.622653 0.000000 4.298344 96.695912 0.088027 10.097953 0.054792 
2568 -1.229966 0.000000 4.298344 97.037935 0.306314 9.162672 0.049959 
2569 0.622653 0.000000 6.033838 97.784817 0.172106 9.305750 0.035150 
2570 -0.303657 0.000000 -0.040391 88.593253 0.174381 15.218722 0.191960 
2571 -1.229966 0.000000 -0.040391 90.790068 0.333474 10.899212 0.163826 
2572 -0.303657 0.000000 0.827356 92.212926 0.182096 12.672803 0.133614 
2573 1.548963 0.000000 1.695103 93.535967 0.144189 14.608821 0.103758 
2574 0.622653 0.000000 1.695103 93.807748 0.124138 13.024427 0.103046 
2575 1.548963 0.000000 2.562850 94.837412 0.156990 12.961746 0.083783 
2576 -0.303657 0.000000 1.695103 94.121172 0.273683 11.379259 0.101164 
2577 -1.229966 0.000000 1.695103 94.651404 0.300034 10.122567 0.093856 
2578 -0.303657 0.000000 2.562850 95.282273 0.280800 10.441695 0.081218 
2579 -3.082586 0.000000 4.298344 97.463937 0.257267 8.102090 0.043507 
2580 -4.935205 0.000000 4.298344 97.984137 0.088503 7.313665 0.034561 
2581 -3.082586 0.000000 6.033838 98.145311 0.133430 7.935185 0.030451 
2582 -2.156276 0.000000 -0.040391 93.151392 0.345405 8.636065 0.124812 
2583 -3.082586 0.000000 -0.040391 94.849051 0.302264 7.510753 0.094715 
2584 -2.156276 0.000000 0.827356 94.396859 0.366524 8.964903 0.100873 
2585 -2.156276 0.000000 1.695103 95.405664 0.377127 8.998358 0.081665 
2586 -3.082586 0.000000 1.695103 96.083054 0.324488 8.072547 0.070278 
2587 -2.156276 0.000000 2.562850 96.172487 0.379094 8.902920 0.067145 
2588 8.959440 0.000000 -1.775885 -12.260642 0.145816 -0.723566 0.984913 
2589 8.959440 0.000000 -0.908138 -12.128808 0.183413 -0.664428 0.985242 
2590 8.959440 0.000000 -0.040391 -11.828710 0.164260 -0.572368 0.985973 
2591 9.885749 0.000000 -0.040391 -12.233973 0.081302 0.186417 0.985029 
2592 8.959440 0.000000 0.827356 -11.387864 0.144450 -0.407333 0.987013 
2593 8.959440 0.000000 1.695103 97.003030 -0.264713 47.251850 -0.164240 
2594 9.885749 0.000000 1.695103 -11.679011 0.100697 0.689642 0.986311 
2595 8.959440 0.000000 2.562850 101.972556 -0.348639 43.904628 -0.232614 
2596 8.959440 0.000000 -5.246874 101.325564 -0.530623 4.295973 -0.028561 
2597 8.033130 0.000000 -5.246874 102.621784 -0.327317 2.546342 -0.053782 
2598 8.959440 0.000000 -6.114621 100.637850 -0.635641 4.012606 -0.014448 
2599 7.106821 0.000000 -5.246874 102.547689 -0.392714 0.007389 -0.051618 
2600 6.180511 0.000000 -5.246874 100.962757 -0.260180 -2.009492 -0.019758 
2601 7.106821 0.000000 -6.114621 101.048329 -0.299100 1.619437 -0.021348 
2602 19.148846 0.000000 7.769332 101.942499 -0.223405 5.620836 -0.042392 
2603 17.296227 0.000000 7.769332 101.924526 -0.538640 6.313137 -0.042875 
2604 19.148846 0.000000 9.504827 101.793147 -0.402548 5.967717 -0.039762 
2605 15.443607 0.000000 7.769332 101.499298 -0.543526 6.629496 -0.034635 
2606 13.590988 0.000000 7.769332 101.770646 -0.312320 7.562912 -0.041456 
2607 15.443607 0.000000 9.504827 101.341908 0.100510 6.704226 -0.031514 
2608 10.812059 0.000000 -0.040391 -12.061577 -0.197733 0.593973 0.985413 
2609 11.738369 0.000000 -0.040391 -11.879737 -0.304809 1.122737 0.985752 
2610 10.812059 0.000000 0.827356 -11.681856 -0.116065 0.617718 0.986314 
2611 12.664678 0.000000 -0.040391 -11.269508 -0.483045 1.797237 0.986953 
2612 13.590988 0.000000 -0.040391 -10.229554 -0.011067 2.077110 0.989104 
2613 12.664678 0.000000 0.827356 -10.691579 -0.459960 1.274290 0.988385 
2614 12.664678 0.000000 1.695103 -9.993874 -0.559250 0.904288 0.989899 
2615 11.738369 0.000000 1.695103 -11.293193 -0.296901 0.701427 0.987188 
2616 13.590988 0.000000 1.695103 -9.302871 0.022047 0.381521 0.991331 
2617 10.812059 0.000000 1.695103 -11.774713 0.138954 0.545060 0.986104 
2618 10.812059 0.000000 2.562850 113.861537 -0.485575 3.850779 -0.297951 
2619 14.517298 0.000000 -0.040391 -9.268871 -0.040970 1.980976 0.991016 
2620 15.443607 0.000000 -0.040391 -8.638630 0.011859 1.758332 0.992228 
2621 14.517298 0.000000 0.827356 -9.216908 -0.052195 1.402751 0.991308 
2622 16.369917 0.000000 -0.040391 -8.547181 0.074152 1.306658 0.992523 
2623 17.296227 0.000000 -0.040391 -8.412510 0.323546 1.207060 0.992767 
2624 16.369917 0.000000 0.827356 -8.795599 0.025766 1.181371 0.992124 
2625 16.369917 0.000000 1.695103 -8.749732 0.025992 1.003734 0.992243 
2626 15.443607 0.000000 1.695103 -8.784940 0.023981 1.436664 0.992076 
2627 17.296227 0.000000 1.695103 -9.042002 0.354656 0.666432 0.991767 
2628 14.517298 0.000000 1.695103 -9.326640 -0.017865 0.957489 0.991210 
2629 18.222536 0.000000 -0.040391 -8.674122 0.314113 0.902134 0.992385 
2630 19.148846 0.000000 -0.040391 -9.224008 0.214931 0.317357 0.991477 
2631 18.222536 0.000000 0.827356 -8.829181 0.271294 0.901947 0.992116 
2632 18.222536 0.000000 1.695103 -9.209431 0.291580 0.849622 0.991438 
2633 19.148846 0.000000 1.695103 -9.155958 0.031866 0.631893 0.991577 
2634 28.643520 0.000000 2.345913 102.638671 -0.139479 10.528227 -0.064556 
2635 28.643520 0.000000 2.128976 99.279111 -0.146916 14.058834 -0.005401 
2636 28.875097 0.000000 2.345913 103.602163 -0.126407 8.597380 -0.080734 
2637 28.527731 0.000000 2.671318 102.533803 -0.112224 15.109660 -0.074150 
2638 28.527731 0.000000 2.562850 106.245929 -0.108972 12.407181 -0.144215 
2639 28.643520 0.000000 2.671318 106.604839 -0.097474 33.814344 -0.250801 
2640 28.759308 0.000000 2.671318 105.447192 -0.126327 33.809055 -0.226218 
2641 28.759308 0.000000 2.562850 102.257057 -0.145084 31.500959 -0.144884 
2642 28.875097 0.000000 2.671318 101.369522 -0.137706 30.090199 -0.118122 
2643 26.559323 0.000000 11.240321 101.162734 -0.250741 3.849376 -0.024878 
2644 24.706704 0.000000 11.240321 102.021900 -0.037766 4.208963 -0.042618 
2645 26.559323 0.000000 12.975815 101.328850 0.113905 4.404191 -0.028695 
2646 27.948787 0.000000 4.732218 101.780607 -0.125973 0.687116 -0.035978 
2647 27.485633 0.000000 4.732218 102.193541 -0.150352 0.428837 -0.044373 
2648 27.948787 0.000000 5.166091 101.824834 -0.395923 0.819609 -0.036913 
2649 23.780394 0.000000 -0.040391 -12.647139 -0.000799 -2.311825 0.983471 
2650 22.854084 0.000000 -0.040391 -11.376778 -0.270565 -1.959971 0.986665 
2651 23.780394 0.000000 0.827356 -12.656328 0.017136 -1.791303 0.983661 
2652 23.780394 0.000000 1.695103 -12.503265 0.043906 -1.441214 0.984159 
2653 22.854084 0.000000 1.695103 -11.567542 -0.110268 -0.539260 0.986589 
2654 23.780394 0.000000 2.562850 107.809920 -0.058598 -1.023948 -0.162403 
2655 33.969800 0.000000 -6.114621 98.547145 0.047193 9.416003 0.019980 
2656 33.969800 0.000000 -7.850115 99.197614 -0.199400 8.350915 0.009006 
2657 35.822419 0.000000 -6.114621 98.222805 -0.368183 9.128560 0.026881 
2658 29.338252 0.000000 -3.511380 98.276187 -0.382176 12.011674 0.019736 
2659 29.338252 0.000000 -4.379127 98.716310 -0.343901 11.447146 0.012393 
2660 30.264562 0.000000 -3.511380 99.869038 -0.061663 12.338788 -0.012607 
2661 31.190871 0.000000 -1.775885 102.993702 -0.052374 17.599270 -0.091744 
2662 31.190871 0.000000 -2.643632 103.524879 -0.041276 16.549448 -0.099129 
2663 32.117181 0.000000 -1.775885 102.587575 0.009988 22.687668 -0.103894 
2664 33.506645 0.000000 2.996724 94.526176 -0.092627 -0.918779 0.106395 
2665 33.506645 0.000000 3.430597 97.070134 -0.052710 -4.013367 0.056128 
2666 32.580336 0.000000 3.864471 100.879110 -0.021258 -4.997387 -0.020157 
2667 33.043491 0.000000 3.864471 97.194185 -0.007666 -6.770053 0.050746 
2668 32.580336 0.000000 4.298344 100.471564 -0.030026 -3.756445 -0.010865 
2669 54.348612 0.000000 -7.850115 99.407877 -0.156871 5.503002 0.008777 
2670 54.348612 0.000000 -11.321103 99.545311 -0.132561 5.805393 0.005701 
2671 58.053851 0.000000 -7.850115 99.529658 -0.129519 5.427884 0.006437 
2672 61.759089 0.000000 -7.850115 99.621152 -0.101783 5.410853 0.004634 
2673 61.759089 0.000000 -11.321103 99.677938 -0.095096 5.676530 0.003208 
2674 65.464328 0.000000 -7.850115 99.676473 -0.127164 5.372698 0.003572 
2675 48.790754 0.000000 0.827356 98.218776 -0.415948 5.729009 0.032008 
2676 48.790754 0.000000 -0.908138 98.304368 -0.391055 5.871733 0.030162 
2677 50.643374 0.000000 0.827356 98.662298 -0.329215 5.770726 0.023234 
2678 38.138194 0.000000 2.996724 105.955979 0.143303 -8.140001 -0.129295 
2679 37.675039 0.000000 2.996724 112.011528 0.094303 -5.037711 -0.257197 
2680 38.138194 0.000000 2.562850 100.152020 0.510168 -25.300471 -0.067080 
2681 37.675039 0.000000 -6.114621 98.007848 -0.216846 8.529987 0.032165 
2682 37.675039 0.000000 -7.850115 98.654541 -0.036126 7.764747 0.020699 
2683 39.527658 0.000000 -6.114621 97.945864 -0.136142 7.762917 0.034633 
2684 42.769742 0.000000 3.864471 95.058678 -0.548742 0.710747 0.096304 
2685 43.232897 0.000000 3.864471 95.473316 -0.634535 1.453515 0.088233 
2686 42.769742 0.000000 4.298344 95.852111 -0.546096 0.951952 0.081117 
2687 20.075156 0.000000 -1.775885 -9.513852 -0.140270 -0.516470 0.990920 
2688 20.075156 0.000000 -0.908138 -9.452357 -0.150886 -0.312867 0.991053 
2689 27.485633 0.000000 -5.246874 99.038576 -0.471005 12.300045 0.003985 
2690 27.485633 0.000000 -6.114621 100.015300 -0.451841 10.779041 -0.011945 
2691 28.411942 0.000000 -5.246874 99.063184 -0.408343 11.151566 0.006196 
2692 39.296081 0.000000 4.515281 98.440103 0.065420 -1.405384 0.030757 
2693 39.064503 0.000000 4.515281 99.007297 0.092661 -1.863937 0.019407 
2694 39.296081 0.000000 4.732218 98.100647 0.073412 -1.148323 0.037494 
2695 39.296081 0.000000 4.949154 97.378258 -0.000000 -0.322483 0.051737 
2696 39.064503 0.000000 4.949154 97.512014 0.000000 -0.499267 0.049116 
2697 39.296081 0.000000 5.166091 97.402079 -0.000000 -0.146991 0.051281 
2698 42.769742 0.000000 4.732218 96.433456 -0.271573 1.197310 0.069908 
2699 43.232897 0.000000 4.732218 96.549374 -0.331736 1.700528 0.067522 
2700 42.769742 0.000000 5.166091 96.883411 -0.337103 1.419892 0.061147 
2701 42.769742 0.000000 5.599965 97.230134 -0.371247 1.563857 0.054372 
2702 43.232897 0.000000 5.599965 97.284109 -0.396388 1.904600 0.053202 
2703 29.569829 0.000000 2.779787 96.574263 -0.081426 -1.645631 0.067070 
2704 29.569829 0.000000 2.562850 100.904616 -0.110518 1.483326 -0.018395 
2705 29.801407 0.000000 2.779787 97.023461 -0.108536 6.654092 0.054216 
2706 30.032984 0.000000 2.779787 173.592295 -0.103263 -16.041940 -2.039164 
2707 30.032984 0.000000 2.562850 105.859293 -0.122038 8.113710 -0.127204 
2708 30.264562 0.000000 2.779787 354.237838 -0.119349 -95.618331 -12.462733 
2709 29.106675 0.000000 2.345913 103.096147 -0.115255 6.282768 -0.066830 
2710 29.106675 0.000000 2.128976 104.244383 -0.153956 8.251623 -0.093500 
2711 29.338252 0.000000 2.345913 100.958637 -0.134858 -1.858162 -0.019612 
2712 28.990886 0.000000 2.671318 101.315567 -0.139786 25.232422 -0.090154 
2713 28.990886 0.000000 2.562850 100.757134 -0.142327 21.102680 -0.059734 
2714 29.106675 0.000000 2.671318 99.938998 -0.135293 16.550952 -0.026176 
2715 28.643520 0.000000 3.647534 102.239592 -0.063923 12.693772 -0.061407 
2716 28.411942 0.000000 3.647534 100.382883 -0.073454 13.929254 -0.027075 
2717 28.643520 0.000000 3.864471 102.338130 -0.045448 12.837115 -0.063789 
2718 29.106675 0.000000 4.081407 109.420504 -0.000000 9.346026 -0.206019 
2719 28.875097 0.000000 4.081407 99.274278 -0.047621 14.664078 -0.007042 
2720 29.106675 0.000000 4.298344 98.791625 -0.000000 -3.229533 0.022978 
2721 28.643520 0.000000 4.081407 98.705696 -0.056324 17.182422 -0.003805 
2722 28.411942 0.000000 4.081407 87.563543 -0.085887 22.819248 0.181190 
2723 28.643520 0.000000 4.298344 102.260869 -0.201477 1.565027 -0.045978 
2724 30.496139 0.000000 2.779787 340.951939 -0.163211 -98.755908 -11.600098 
2725 30.496139 0.000000 2.562850 238.925739 -0.163530 -55.943909 -5.021526 
2726 30.727716 0.000000 2.779787 313.967712 -0.136860 -96.827569 -9.795132 
2727 40.222390 0.000000 7.986269 97.671462 0.000000 1.095999 0.045908 
2728 39.990813 0.000000 7.986269 97.505516 -0.000000 1.041553 0.049159 
2729 40.222390 0.000000 7.769332 97.612694 0.000000 1.159628 0.047042 
2730 38.138194 0.000000 6.467712 97.606454 -0.000000 1.240967 0.047144 
2731 37.675039 0.000000 6.467712 97.729064 -0.000000 1.525733 0.044670 
2732 33.043491 0.000000 6.901585 99.856710 0.196987 1.340503 0.002680 
2733 32.117181 0.000000 6.901585 100.140170 -0.014416 1.295918 -0.002973 
2734 33.043491 0.000000 7.769332 99.950627 0.144372 1.945003 0.000607 
2735 33.043491 0.000000 8.637080 99.953224 -0.033543 2.430193 0.000345 
2736 32.117181 0.000000 8.637080 100.267709 0.218916 2.374753 -0.005930 
2737 33.043491 0.000000 9.504827 99.994144 -0.263225 2.913514 -0.000739 
2738 33.043491 0.000000 10.372574 100.353672 -0.283509 3.061630 -0.008031 
2739 32.117181 0.000000 10.372574 100.246061 -0.070402 3.362169 -0.006058 
2740 33.043491 0.000000 11.240321 100.566542 -0.109378 3.360062 -0.012493 
2741 37.211884 0.000000 6.467712 97.916463 -0.000000 1.706886 0.040945 
2742 36.748729 0.000000 6.467712 97.964686 -0.000000 1.784729 0.039974 
2743 37.211884 0.000000 6.033838 97.864453 -0.000000 1.304033 0.042085 
2744 41.148700 0.000000 3.647534 109.657721 -0.200307 -13.469729 -0.220629 
2745 41.148700 0.000000 3.430597 106.307578 -0.230605 -0.510139 -0.130161 
2746 41.380277 0.000000 3.647534 109.650702 -0.201439 -13.497353 -0.220550 
2747 40.801334 0.000000 4.189876 102.119605 -0.024270 -4.228415 -0.044629 
2748 40.801334 0.000000 4.081407 103.708905 -0.073470 -6.294406 -0.079516 
2749 40.917122 0.000000 4.189876 104.425257 -0.037080 -5.865491 -0.093904 
2750 40.685545 0.000000 2.779787 107.010502 -0.122837 -0.745719 -0.145182 
2751 40.685545 0.000000 2.562850 106.532346 -0.103206 0.661356 -0.134959 
2752 40.917122 0.000000 2.779787 106.918048 -0.133536 -1.025154 -0.143254 
2753 41.148700 0.000000 3.213660 105.989834 -0.116977 -0.058132 -0.123386 
2754 41.148700 0.000000 2.996724 106.372504 -0.131804 -0.542424 -0.131542 
2755 41.380277 0.000000 3.213660 106.185136 -0.232434 0.661392 -0.127577 
2756 40.569756 0.000000 4.840686 97.657392 0.000000 -0.526170 0.046276 
2757 40.453968 0.000000 4.840686 97.639587 0.000000 -0.503334 0.046626 
2758 40.569756 0.000000 4.949154 97.555609 0.000000 -0.276143 0.048283 
2759 40.569756 0.000000 5.057623 97.486051 0.000000 -0.063103 0.049647 
2760 40.453968 0.000000 5.057623 97.482141 0.000000 -0.061035 0.049723 
2761 40.569756 0.000000 5.166091 97.475646 0.000000 0.007942 0.049850 
2762 39.759235 0.000000 5.383028 97.275699 -0.000000 0.242624 0.053738 
2763 39.527658 0.000000 5.383028 97.280389 -0.000000 0.181320 0.053649 
2764 39.759235 0.000000 5.599965 97.247830 -0.000000 0.525798 0.054258 
2765 39.759235 0.000000 5.816902 97.262537 -0.000000 0.607770 0.053963 
2766 39.527658 0.000000 5.816902 97.309824 0.000000 0.575184 0.053047 
2767 39.759235 0.000000 6.033838 97.334438 -0.000000 0.737785 0.052546 
2768 40.338179 0.000000 4.840686 97.659545 0.000000 -0.523687 0.046234 
2769 40.222390 0.000000 4.840686 97.619692 0.000000 -0.372167 0.047026 
2770 40.338179 0.000000 4.949154 97.550682 0.000000 -0.195149 0.048383 
2771 40.338179 0.000000 5.057623 97.493629 0.000000 -0.074963 0.049499 
2772 40.222390 0.000000 5.057623 97.514669 -0.000000 -0.089252 0.049088 
2773 40.338179 0.000000 5.166091 97.451068 -0.000000 0.004951 0.050329 
2774 41.611855 0.000000 5.383028 97.124253 -0.223899 0.619992 0.056645 
2775 41.611855 0.000000 5.166091 96.976518 -0.308113 0.405295 0.059530 
2776 41.843432 0.000000 5.383028 97.076518 -0.217564 0.772702 0.057551 
2777 41.032911 0.000000 5.925370 97.511031 0.000000 0.829844 0.049091 
2778 40.917122 0.000000 5.925370 97.488469 0.000000 0.805610 0.049535 
2779 41.148700 0.000000 5.925370 97.529727 0.000000 0.857843 0.048722 
2780 42.075010 0.000000 6.250775 97.589083 -0.405222 1.387677 0.047428 
2781 42.075010 0.000000 6.033838 97.474975 -0.268544 1.309200 0.049684 
2782 42.306587 0.000000 6.250775 97.585809 -0.395191 1.523919 0.047453 
2783 39.759235 0.000000 6.250775 97.446913 -0.000000 0.929905 0.050323 
2784 39.527658 0.000000 6.250775 97.408237 0.000000 0.910871 0.051081 
2785 39.759235 0.000000 6.467712 97.506302 0.000000 0.981562 0.049156 
2786 39.759235 0.000000 6.684649 97.501042 0.000000 1.087152 0.049236 
2787 39.527658 0.000000 6.684649 97.443409 0.000000 1.070699 0.050364 
2788 39.759235 0.000000 6.901585 97.465096 0.000000 1.140420 0.049925 
2789 41.727643 0.000000 6.576180 97.409386 0.000000 1.271413 0.050980 
2790 41.727643 0.000000 6.467712 97.425277 0.000000 1.270606 0.050670 
2791 41.843432 0.000000 6.576180 97.425278 0.000000 1.270603 0.050670 
2792 41.959221 0.000000 7.660864 98.161062 0.000000 1.484638 0.036220 
2793 41.959221 0.000000 7.552396 98.163839 0.000000 1.475876 0.036168 
2794 42.075010 0.000000 7.660864 98.161018 0.000000 1.484661 0.036221 
2795 41.032911 0.000000 7.443927 97.965910 -0.000000 1.377684 0.040078 
2796 40.917122 0.000000 7.443927 97.876824 -0.000000 1.343332 0.041832 
2797 41.032911 0.000000 7.552396 97.986998 -0.000000 1.378512 0.039665 
2798 41.032911 0.000000 7.660864 98.024419 -0.000000 1.397166 0.038926 
2799 40.917122 0.000000 7.660864 97.939435 -0.000000 1.344415 0.040606 
2800 41.032911 0.000000 7.769332 98.039541 -0.000000 1.387071 0.038632 
2801 42.538164 0.000000 7.986269 98.375414 -0.325675 1.776847 0.031901 
2802 42.538164 0.000000 7.769332 98.289348 -0.082043 1.762401 0.033609 
2803 42.769742 0.000000 7.986269 98.392792 -0.313107 1.875294 0.031524 
2804 41.959221 0.000000 8.528611 98.405566 0.000000 1.405922 0.031437 
2805 41.843432 0.000000 8.528611 98.376838 0.000000 1.414023 0.032000 
2806 42.075010 0.000000 8.528611 98.410170 0.000000 1.408976 0.031345 
2807 41.727643 0.000000 8.528611 98.352808 0.000000 1.414617 0.032472 
2808 41.611855 0.000000 8.528611 98.324976 0.000000 1.387748 0.033027 
2809 41.727643 0.000000 8.637080 98.374537 0.000000 1.403039 0.032048 
2810 41.496066 0.000000 8.528611 98.303428 0.000000 1.370662 0.033456 
2811 41.380277 0.000000 8.528611 98.289753 -0.000000 1.344759 0.033732 
2812 41.496066 0.000000 8.637080 98.333504 -0.000000 1.349464 0.032870 
2813 41.727643 0.000000 8.745548 98.393432 0.000000 1.385680 0.031681 
2814 41.611855 0.000000 8.745548 98.361563 0.000000 1.356720 0.032316 
2815 41.727643 0.000000 8.854016 98.381367 -0.000000 1.383322 0.031919 
2816 41.727643 0.000000 8.962485 98.377166 -0.000000 1.382498 0.032002 
2817 41.611855 0.000000 8.962485 98.350264 -0.000000 1.360221 0.032538 
2818 41.727643 0.000000 9.070953 98.379044 -0.000000 1.380999 0.031966 
2819 69.169567 0.000000 -7.850115 99.718036 -0.126710 5.362339 0.002754 
2820 69.169567 0.000000 -11.321103 99.723716 -0.106909 5.584699 0.002398 
2821 72.874805 0.000000 -7.850115 99.749887 -0.091247 5.351407 0.002131 
2822 33.043491 0.000000 -1.775885 103.084061 0.033018 23.708964 -0.118844 
2823 33.043491 0.000000 -2.643632 102.672686 0.051730 26.463751 -0.124201 
2824 33.969800 0.000000 -1.775885 101.795278 0.080478 27.453610 -0.111599 
2825 29.569829 0.000000 2.345913 102.314845 -0.134156 4.576632 -0.048929 
2826 29.569829 0.000000 2.128976 107.522305 -0.150298 -2.328759 -0.156649 
2827 29.801407 0.000000 2.345913 103.333422 -0.138420 4.628302 -0.069924 
2828 29.338252 0.000000 -5.246874 99.024910 0.120414 10.850307 0.007632 
2829 29.338252 0.000000 -6.114621 99.330755 0.278885 10.039213 0.003254 
2830 30.264562 0.000000 -5.246874 99.194912 0.227437 10.529662 0.004944 
2831 32.580336 0.000000 4.732218 100.167154 -0.019888 -2.960954 -0.004223 
2832 33.043491 0.000000 4.732218 99.776037 -0.090988 -3.928580 0.002930 
2833 32.580336 0.000000 5.166091 99.499916 0.184634 -0.669615 0.009928 
2834 52.495993 0.000000 0.827356 98.923239 -0.219936 5.891658 0.017943 
2835 52.495993 0.000000 -0.908138 98.966632 -0.263797 5.756682 0.017240 
2836 54.348612 0.000000 0.827356 99.121200 -0.151307 5.857835 0.014065 
2837 39.296081 0.000000 5.383028 97.336117 0.000000 0.149726 0.052566 
2838 39.064503 0.000000 5.383028 97.424506 0.000000 0.091832 0.050846 
2839 39.296081 0.000000 5.599965 97.339989 0.000000 0.409301 0.052476 
2840 39.296081 0.000000 5.816902 97.342427 0.000000 0.626766 0.052406 
2841 39.064503 0.000000 5.816902 97.348820 -0.000000 0.600765 0.052285 
2842 39.296081 0.000000 6.033838 97.332955 0.000000 0.735057 0.052576 
2843 40.222390 0.000000 7.118522 97.529753 -0.000000 1.183293 0.048655 
2844 39.990813 0.000000 7.118522 97.486806 0.000000 1.178145 0.049493 
2845 40.222390 0.000000 7.335459 97.535768 -0.000000 1.183149 0.048537 
2846 40.222390 0.000000 7.552396 97.582739 -0.000000 1.181556 0.047621 
2847 39.990813 0.000000 7.552396 97.449613 0.000000 1.161401 0.050222 
2848 41.264489 0.000000 7.877801 98.158934 0.000000 1.444836 0.036274 
2849 41.148700 0.000000 7.877801 98.109590 -0.000000 1.413492 0.037251 
2850 41.264489 0.000000 7.986269 98.180982 -0.000000 1.420127 0.035848 
2851 41.264489 0.000000 8.094738 98.202086 -0.000000 1.381999 0.035444 
2852 41.148700 0.000000 8.094738 98.154728 -0.000000 1.328366 0.036388 
2853 41.264489 0.000000 8.203206 98.208141 -0.000000 1.367450 0.035329 
2854 41.264489 0.000000 8.311674 98.228701 -0.000000 1.363076 0.034926 
2855 41.148700 0.000000 8.311674 98.164256 -0.000000 1.280712 0.036214 
2856 41.264489 0.000000 8.420143 98.239970 -0.000000 1.337441 0.034712 
2857 41.264489 0.000000 8.528611 98.249687 -0.000000 1.302336 0.034530 
2858 41.148700 0.000000 8.528611 98.175298 -0.000000 1.204079 0.036016 
2859 41.264489 0.000000 8.637080 98.256059 -0.000000 1.251676 0.034418 
2860 41.032911 0.000000 8.528611 98.106470 -0.000000 1.126330 0.037385 
2861 40.917122 0.000000 8.528611 98.047952 -0.000000 1.074365 0.038544 
2862 41.032911 0.000000 8.420143 98.103707 -0.000000 1.169874 0.037429 
2863 39.296081 0.000000 6.250775 97.383632 0.000000 0.903608 0.051561 
2864 39.064503 0.000000 6.250775 97.391996 -0.000000 0.918146 0.051396 
2865 39.296081 0.000000 6.467712 97.393854 -0.000000 0.976822 0.051348 
2866 39.296081 0.000000 6.684649 97.386044 -0.000000 1.106182 0.051473 
2867 39.064503 0.000000 6.684649 97.438092 -0.000000 1.167222 0.050446 
2868 39.296081 0.000000 6.901585 97.324533 -0.000000 1.196725 0.052650 
2869 5.254201 0.000000 -5.246874 99.110491 -0.069271 -2.158036 0.017245 
2870 4.327892 0.000000 -5.246874 97.959775 -0.154872 -0.947254 0.040296 
2871 5.254201 0.000000 -6.114621 99.371453 -0.067899 0.096123 0.012530 
2872 3.401582 0.000000 -5.246874 97.718476 -0.039439 0.238805 0.045104 
2873 2.475272 0.000000 -5.246874 97.911100 0.026860 0.836946 0.041272 
2874 3.401582 0.000000 -6.114621 98.340958 -0.051713 1.314911 0.032732 
2875 11.738369 0.000000 7.769332 101.876588 0.473028 8.540215 -0.045200 
2876 9.885749 0.000000 7.769332 101.753927 0.331957 9.727431 -0.044859 
2877 11.738369 0.000000 9.504827 101.356224 0.339087 8.221758 -0.034080 
2878 8.033130 0.000000 7.769332 100.911916 0.007356 10.624666 -0.029610 
2879 6.180511 0.000000 7.769332 99.907898 0.146203 10.661569 -0.009528 
2880 8.033130 0.000000 9.504827 100.563242 0.205811 9.276128 -0.019905 
2881 10.812059 0.000000 3.430597 113.825131 -0.486823 3.726432 -0.297028 
2882 9.885749 0.000000 3.430597 114.478286 -0.412944 17.716527 -0.341932 
2883 10.812059 0.000000 4.298344 108.593338 -0.318910 9.487014 -0.188262 
2884 20.075156 0.000000 -0.040391 -9.419349 -0.157710 -0.165379 0.991122 
2885 21.001465 0.000000 -0.040391 -10.090523 -0.190320 -0.214136 0.989810 
2886 20.075156 0.000000 0.827356 -9.495549 0.076386 0.131782 0.990981 
2887 20.075156 0.000000 1.695103 -9.390190 0.088800 0.265077 0.991175 
2888 21.001465 0.000000 1.695103 -10.438695 -0.158453 0.052108 0.989101 
2889 23.780394 0.000000 3.430597 107.708209 -0.065817 -1.007808 -0.160208 
2890 22.854084 0.000000 3.430597 107.457559 -0.093814 0.000522 -0.154714 
2891 23.780394 0.000000 4.298344 107.815892 -0.052803 -1.829299 -0.162762 
2892 23.780394 0.000000 5.166091 103.655070 0.091263 1.750015 -0.074744 
2893 22.854084 0.000000 5.166091 103.674496 -0.034535 2.598256 -0.075515 
2894 23.780394 0.000000 6.033838 103.021197 -0.002498 2.577054 -0.062001 
2895 22.854084 0.000000 11.240321 102.053950 -0.255758 4.537899 -0.043567 
2896 21.001465 0.000000 11.240321 102.205361 -0.014410 5.023469 -0.047117 
2897 22.854084 0.000000 12.975815 101.380501 0.188122 4.875686 -0.030181 
2898 27.022478 0.000000 4.732218 102.240762 -0.299618 -0.142003 -0.045328 
2899 26.559323 0.000000 4.732218 102.616810 -0.311737 -0.245601 -0.053037 
2900 27.022478 0.000000 5.166091 102.208742 -0.123852 0.287058 -0.044672 
2901 28.180365 0.000000 3.647534 95.958439 -0.097039 19.016312 0.043035 
2902 27.948787 0.000000 3.647534 92.811194 -0.071233 12.746748 0.122360 
2903 28.180365 0.000000 3.864471 96.019429 -0.073831 22.615753 0.026879 
2904 28.180365 0.000000 4.081407 87.474750 -0.087825 22.272695 0.185209 
2905 27.948787 0.000000 4.081407 84.721945 -0.107848 14.599006 0.260905 
2906 28.180365 0.000000 4.298344 101.641873 -0.148264 1.142624 -0.033240 
2907 21.927775 0.000000 -0.040391 -10.656684 -0.099457 -0.706829 0.988593 
2908 21.927775 0.000000 0.827356 -10.730012 -0.056152 -0.324454 0.988476 
2909 21.927775 0.000000 1.695103 -11.194304 -0.142622 0.446165 0.987447 
2910 21.927775 0.000000 2.562850 107.094588 -0.062107 0.271122 -0.146933 
2911 31.190871 0.000000 -3.511380 102.989073 -0.064991 19.652104 -0.099296 
2912 31.190871 0.000000 -4.379127 99.432386 0.029853 11.678256 -0.002318 
2913 32.117181 0.000000 -3.511380 99.728223 -0.002647 13.902435 -0.013900 
2914 33.506645 0.000000 3.864471 98.058441 -0.022874 -3.022484 0.037541 
2915 33.969800 0.000000 3.864471 99.777540 -0.011092 0.133194 0.004442 
2916 33.506645 0.000000 4.298344 97.507985 -0.015435 -1.477049 0.049001 
2917 34.432955 0.000000 3.864471 102.973020 -0.025978 1.374031 -0.060533 
2918 34.896110 0.000000 3.864471 105.916046 -0.013026 -2.055347 -0.122243 
2919 34.432955 0.000000 4.298344 100.788319 -0.003339 -0.064682 -0.015829 
2920 37.211884 0.000000 2.996724 111.016814 0.145490 8.058348 -0.238969 
2921 37.211884 0.000000 2.562850 114.870107 0.176446 21.104307 -0.364056 
2922 37.211884 0.000000 3.430597 106.111069 0.090507 -0.232339 -0.125962 
2923 37.211884 0.000000 3.864471 102.754805 0.081190 -0.410295 -0.055872 
2924 36.748729 0.000000 3.864471 100.534208 0.019596 -0.345150 -0.010725 
2925 37.211884 0.000000 4.298344 100.445064 0.136934 -1.103665 -0.009045 
2926 36.285574 0.000000 3.864471 97.000009 0.001649 -2.168237 0.058630 
2927 35.822419 0.000000 3.864471 99.995834 0.003191 -4.747120 -0.002170 
2928 36.285574 0.000000 4.298344 99.442465 0.004613 -1.476387 0.010902 
2929 48.790754 0.000000 -2.643632 98.459486 -0.311187 5.338800 0.027713 
2930 48.790754 0.000000 -4.379127 98.627414 -0.278609 5.372057 0.024370 
2931 50.643374 0.000000 -2.643632 98.800413 -0.282513 5.278770 0.021053 
2932 38.138194 0.000000 2.128976 99.325723 0.774425 -16.392409 -0.013491 
2933 37.675039 0.000000 2.128976 105.732500 0.615675 -10.077473 -0.128130 
2934 38.138194 0.000000 1.695103 105.271366 0.225331 7.419426 -0.113716 
2935 41.380277 0.000000 -6.114621 98.021814 -0.249719 7.171440 0.034023 
2936 41.380277 0.000000 -7.850115 98.491623 -0.242310 6.875363 0.025207 
2937 43.232897 0.000000 -6.114621 98.141501 -0.263027 6.566053 0.032506 
2938 40.685545 0.000000 2.345913 106.377517 -0.082970 2.134319 -0.132074 
2939 40.685545 0.000000 2.128976 106.237941 -0.085377 2.682836 -0.129371 
2940 40.917122 0.000000 2.345913 107.046793 -0.092555 -0.795218 -0.145966 
2941 37.211884 0.000000 4.732218 99.030315 0.026645 -0.510735 0.019274 
2942 36.748729 0.000000 4.732218 99.297679 0.013566 -0.488408 0.013973 
2943 37.211884 0.000000 5.166091 98.114650 -0.000000 0.457079 0.037331 
2944 37.211884 0.000000 5.599965 97.877299 -0.000000 0.951831 0.041913 
2945 36.748729 0.000000 5.599965 97.993276 -0.000000 0.935901 0.039644 
2946 31.190871 0.000000 6.901585 100.358471 0.170412 1.403650 -0.007382 
2947 30.264562 0.000000 6.901585 100.824246 0.018267 1.360890 -0.016738 
2948 31.190871 0.000000 7.769332 100.463449 0.122771 2.027782 -0.009703 
2949 31.190871 0.000000 8.637080 100.527029 0.269153 2.474992 -0.011188 
2950 30.264562 0.000000 8.637080 100.596250 0.002713 2.645376 -0.012660 
2951 31.190871 0.000000 9.504827 100.576142 0.313655 2.851378 -0.012379 
2952 41.264489 0.000000 8.745548 98.399829 -0.104201 0.953413 0.031655 
2953 41.380277 0.000000 8.745548 98.282858 -0.000000 1.251404 0.033891 
2954 41.264489 0.000000 8.854016 98.515106 -0.192504 0.811635 0.029408 
2955 41.264489 0.000000 8.962485 98.480158 -0.172787 0.837340 0.030093 
2956 41.380277 0.000000 8.962485 98.271594 -0.000000 1.235288 0.034117 
2957 41.264489 0.000000 9.070953 98.612850 -0.263919 0.667451 0.027499 
2958 39.759235 0.000000 7.986269 97.414921 -0.000000 1.037760 0.050926 
2959 39.527658 0.000000 7.986269 97.297252 -0.000000 1.067135 0.053211 
2960 39.759235 0.000000 7.769332 97.369792 -0.000000 1.121147 0.051787 
2961 40.801334 0.000000 8.528611 98.013624 -0.000000 1.063652 0.039220 
2962 40.685545 0.000000 8.528611 97.871320 -0.000000 0.983624 0.042024 
2963 40.801334 0.000000 8.420143 98.018138 -0.000000 1.096550 0.039124 
2964 40.569756 0.000000 8.528611 97.764674 0.000000 0.915880 0.044123 
2965 40.453968 0.000000 8.528611 97.738653 0.000000 0.916845 0.044632 
2966 40.569756 0.000000 8.420143 97.837048 -0.000000 1.003323 0.042691 
2967 39.296081 0.000000 7.986269 97.128069 -0.000000 1.039155 0.056506 
2968 39.064503 0.000000 7.986269 97.054740 -0.000000 1.168211 0.057901 
2969 39.296081 0.000000 7.769332 97.235706 -0.000000 1.217111 0.054374 
2970 36.285574 0.000000 6.467712 98.165842 -0.000000 1.895787 0.035987 
2971 35.822419 0.000000 6.467712 98.133799 0.000000 1.954456 0.036594 
2972 36.285574 0.000000 6.033838 98.080038 -0.000000 1.491694 0.037808 
2973 40.801334 0.000000 3.972939 105.088523 -0.090261 -7.450787 -0.109912 
2974 40.801334 0.000000 3.864471 105.585069 -0.076490 -7.960633 -0.121158 
2975 40.917122 0.000000 3.972939 105.765623 -0.098731 -7.983750 -0.125012 
2976 41.148700 0.000000 2.779787 106.572110 -0.134029 -0.963240 -0.135856 
2977 41.148700 0.000000 2.562850 106.989586 -0.129582 -1.559833 -0.144922 
2978 41.380277 0.000000 2.779787 106.529994 -0.217981 -0.292208 -0.134877 
2979 40.801334 0.000000 3.756002 105.530591 0.041795 -7.942578 -0.119979 
2980 40.801334 0.000000 3.647534 106.783965 0.002474 -9.097262 -0.148558 
2981 40.917122 0.000000 3.756002 108.226096 -0.160354 -11.250682 -0.183949 
2982 41.611855 0.000000 4.949154 96.806289 -0.398964 0.136181 0.062836 
2983 41.611855 0.000000 4.732218 96.595099 -0.185807 -0.189348 0.066932 
2984 41.843432 0.000000 4.949154 96.715792 -0.397317 0.350297 0.064578 
2985 40.106602 0.000000 4.840686 97.643613 -0.000000 -0.311937 0.046563 
2986 39.990813 0.000000 4.840686 97.563462 -0.000000 -0.296665 0.048128 
2987 40.106602 0.000000 4.949154 97.574422 -0.000000 -0.197645 0.047919 
2988 40.106602 0.000000 5.057623 97.492917 -0.000000 -0.046115 0.049513 
2989 39.990813 0.000000 5.057623 97.475942 -0.000000 -0.035916 0.049844 
2990 40.106602 0.000000 5.166091 97.491228 -0.000000 0.049588 0.049546 
2991 42.075010 0.000000 5.816902 97.348923 -0.310551 1.212239 0.052162 
2992 42.075010 0.000000 5.599965 97.209921 -0.358156 1.074460 0.054895 
2993 42.306587 0.000000 5.816902 97.349633 -0.308327 1.353296 0.052112 
2994 41.264489 0.000000 5.925370 97.521287 0.000000 0.845373 0.048888 
2995 41.264489 0.000000 5.816902 97.482916 0.000000 0.800541 0.049644 
2996 41.380277 0.000000 5.925370 97.537241 0.000000 0.876614 0.048572 
2997 41.727643 0.000000 6.359243 97.478467 0.000000 1.174606 0.049657 
2998 41.727643 0.000000 6.250775 97.485826 0.000000 1.161378 0.049517 
2999 41.843432 0.000000 6.359243 97.429302 0.000000 1.257643 0.050595 
3000 42.538164 0.000000 7.552396 98.193882 -0.462257 1.764457 0.035463 
3001 42.538164 0.000000 7.335459 98.094898 -0.332353 1.767982 0.037415 
3002 42.769742 0.000000 7.552396 98.220668 -0.445556 1.861978 0.034903 
3003 41.959221 0.000000 7.443927 98.170574 0.000000 1.471506 0.036037 
3004 41.959221 0.000000 7.335459 98.186260 0.000000 1.451522 0.035735 
3005 42.075010 0.000000 7.443927 98.169149 0.000000 1.468889 0.036066 
3006 42.190798 0.000000 8.528611 98.413418 0.000000 1.407241 0.031282 
3007 42.190798 0.000000 8.420143 98.363578 0.000000 1.422918 0.032258 
3008 42.306587 0.000000 8.528611 98.459781 0.000000 1.400572 0.030371 
3009 41.496066 0.000000 8.745548 98.325966 -0.000000 1.308348 0.033029 
3010 41.496066 0.000000 8.854016 98.322229 -0.000000 1.305460 0.033104 
3011 41.496066 0.000000 8.962485 98.320389 -0.000000 1.304384 0.033140 
3012 41.496066 0.000000 9.070953 98.306499 -0.000000 1.290830 0.033417 
3013 19.148846 0.000000 11.240321 101.975354 -0.114315 5.044142 -0.042443 
3014 17.296227 0.000000 11.240321 101.603374 0.451112 6.220098 -0.036214 
3015 19.148846 0.000000 12.975815 101.815141 0.277714 5.533045 -0.039701 
3016 45.085516 0.000000 -6.114621 98.381966 -0.295108 6.086947 0.028385 
3017 45.085516 0.000000 -7.850115 98.689140 -0.287619 6.100032 0.022316 
3018 46.938135 0.000000 -6.114621 98.588325 -0.281711 5.781839 0.024683 
3019 33.043491 0.000000 -3.511380 99.901373 0.104941 33.380584 -0.109456 
3020 33.043491 0.000000 -4.379127 98.852413 0.025487 12.088478 0.008207 
3021 33.969800 0.000000 -3.511380 99.901315 0.104943 33.380669 -0.109455 
3022 34.896110 0.000000 -1.775885 102.220159 0.065660 26.378867 -0.114481 
3023 34.896110 0.000000 -2.643632 99.929599 0.109411 31.236645 -0.096166 
3024 35.822419 0.000000 -1.775885 100.664917 0.083409 29.539649 -0.100602 
3025 30.032984 0.000000 2.345913 104.954395 -0.136121 6.804530 -0.106175 
3026 30.032984 0.000000 2.128976 99.608017 -0.291896 -1.728356 0.007517 
3027 30.264562 0.000000 2.345913 103.845298 -0.167597 3.159546 -0.079386 
3028 31.190871 0.000000 -5.246874 99.346635 -0.142137 10.580455 0.001828 
3029 31.190871 0.000000 -6.114621 99.191634 0.072446 9.599536 0.006886 
3030 32.117181 0.000000 -5.246874 99.088391 -0.131982 10.448495 0.007230 
3031 33.506645 0.000000 4.732218 98.284315 -0.026771 -0.749889 0.033963 
3032 33.969800 0.000000 4.732218 98.443648 -0.010549 0.240026 0.030879 
3033 33.506645 0.000000 5.166091 97.973401 0.000000 0.687383 0.040074 
3034 30.496139 0.000000 2.345913 176.263627 -0.170146 -27.497757 -2.182502 
3035 30.496139 0.000000 2.128976 100.141425 -0.298397 -1.568822 -0.003086 
3036 30.727716 0.000000 2.345913 180.884341 -0.219573 -35.910953 -2.400879 
3037 52.495993 0.000000 -2.643632 99.030560 -0.251977 5.228305 0.016555 
3038 52.495993 0.000000 -4.379127 99.077517 -0.195053 5.222799 0.015633 
3039 54.348612 0.000000 -2.643632 99.200516 -0.163523 5.083105 0.013339 
3040 56.201232 0.000000 0.827356 99.243586 -0.146704 6.148433 0.011289 
3041 56.201232 0.000000 -0.908138 99.294223 -0.165412 5.662718 0.010856 
3042 58.053851 0.000000 0.827356 99.338516 -0.181500 6.176322 0.009368 
3043 39.759235 0.000000 7.118522 97.415382 0.000000 1.162682 0.050889 
3044 39.527658 0.000000 7.118522 97.322113 -0.000000 1.166034 0.052705 
3045 39.759235 0.000000 7.335459 97.382547 -0.000000 1.169040 0.051527 
3046 39.759235 0.000000 7.552396 97.364165 -0.000000 1.148442 0.051890 
3047 39.527658 0.000000 7.552396 97.286218 -0.000000 1.178374 0.053400 
3048 31.190871 0.000000 10.372574 100.458534 -0.286144 3.217953 -0.010235 
3049 30.264562 0.000000 10.372574 100.549023 -0.163814 3.345706 -0.012133 
3050 31.190871 0.000000 11.240321 100.788156 -0.323229 3.380244 -0.016978 
3051 41.032911 0.000000 7.877801 98.051713 -0.000000 1.371730 0.038398 
3052 40.917122 0.000000 7.877801 97.995061 -0.000000 1.337306 0.039518 
3053 41.032911 0.000000 7.986269 98.111883 -0.000000 1.331712 0.037228 
3054 41.032911 0.000000 8.094738 98.141826 -0.000000 1.293882 0.036651 
3055 40.917122 0.000000 8.094738 98.060542 -0.000000 1.215011 0.038265 
3056 41.032911 0.000000 8.203206 98.099258 -0.000000 1.213130 0.037506 
3057 41.032911 0.000000 8.311674 98.104147 -0.000000 1.180664 0.037418 
3058 40.917122 0.000000 8.311674 98.070571 -0.000000 1.160580 0.038082 
3059 39.296081 0.000000 7.118522 97.290842 -0.000000 1.235328 0.053297 
3060 39.064503 0.000000 7.118522 97.284151 -0.000000 1.281440 0.053415 
3061 39.296081 0.000000 7.335459 97.233383 -0.000000 1.248430 0.054411 
3062 39.296081 0.000000 7.552396 97.241160 -0.000000 1.221515 0.054266 
3063 39.064503 0.000000 7.552396 97.105922 -0.000000 1.322079 0.056869 
3064 41.496066 0.000000 5.925370 97.599990 0.000000 0.962993 0.047331 
3065 41.496066 0.000000 5.816902 97.606403 0.000000 0.966323 0.047206 
3066 41.611855 0.000000 5.925370 97.606390 0.000000 0.966267 0.047206 
3067 59.906470 0.000000 0.827356 99.412003 -0.167542 6.235818 0.007834 
3068 59.906470 0.000000 -0.908138 99.472217 -0.165532 5.494200 0.007506 
3069 61.759089 0.000000 0.827356 99.474033 -0.170089 6.230617 0.006607 
3070 33.043491 0.000000 -5.246874 98.849700 -0.148375 10.541135 0.011760 
3071 33.043491 0.000000 -6.114621 99.027464 -0.192914 9.624751 0.010089 
3072 33.969800 0.000000 -5.246874 98.539467 -0.072181 10.337663 0.018310 
1 11 62 60 61 
2 62 10 24 60 
3 60 24 14 63 
4 61 60 63 6 
5 24 66 64 65 
6 66 23 40 64 
7 64 40 27 67 
8 65 64 67 14 
9 40 70 68 69 
10 69 68 71 27 
11 6 63 92 93 
12 63 14 36 92 
13 92 36 19 94 
14 93 92 94 20 
15 14 67 95 96 
16 67 27 52 95 
17 95 52 35 97 
18 96 95 97 36 
19 27 71 98 99 
20 99 98 100 52 
21 68 112 110 111 
22 112 56 80 110 
23 110 80 43 113 
24 111 110 113 71 
25 80 116 114 115 
26 115 114 117 43 
27 12 120 118 119 
28 120 7 121 118 
29 118 121 13 25 
30 119 118 25 10 
31 25 124 122 123 
32 124 13 125 122 
33 122 125 26 41 
34 123 122 41 23 
35 41 128 126 127 
36 128 26 129 126 
37 126 129 42 57 
38 127 126 57 39 
39 39 132 130 131 
40 132 57 133 130 
41 130 133 55 81 
42 131 130 81 56 
43 81 136 134 135 
44 136 55 137 134 
45 56 145 143 144 
46 145 81 135 143 
47 144 143 116 80 
48 116 148 146 147 
49 147 146 149 114 
50 156 158 103 159 
51 157 156 159 101 
52 164 167 142 168 
53 165 164 168 106 
54 135 171 169 170 
55 171 134 172 169 
56 169 172 107 140 
57 170 169 140 79 
58 79 175 173 174 
59 175 140 176 173 
60 138 186 185 167 
61 186 141 187 185 
62 185 187 105 188 
63 167 185 188 142 
64 191 138 192 189 
65 189 192 167 193 
66 190 189 193 164 
67 71 113 194 195 
68 113 43 102 194 
69 194 102 76 196 
70 195 194 196 98 
71 43 117 197 198 
72 197 157 101 199 
73 198 197 199 102 
74 114 149 200 201 
75 201 200 202 117 
76 146 205 203 204 
77 205 139 165 203 
78 203 165 106 206 
79 204 203 206 149 
80 139 209 207 208 
81 209 166 190 207 
82 207 190 164 210 
83 208 207 210 165 
84 140 212 211 176 
85 212 107 213 211 
86 211 213 141 186 
87 176 211 186 138 
88 173 216 214 215 
89 216 176 217 214 
90 214 217 138 191 
91 215 214 191 166 
92 166 220 218 219 
93 220 191 221 218 
94 218 221 189 222 
95 219 218 222 190 
96 105 228 226 227 
97 228 184 229 226 
98 226 229 223 230 
99 227 226 230 162 
100 57 232 231 133 
101 232 42 233 231 
102 231 233 58 89 
103 133 231 89 55 
104 55 235 234 137 
105 235 89 236 234 
106 134 238 237 172 
107 238 137 239 237 
108 182 246 244 245 
109 246 82 247 244 
110 244 247 183 248 
111 245 244 248 181 
112 184 256 255 229 
113 256 108 257 255 
114 255 257 224 258 
115 229 255 258 223 
116 137 260 259 239 
117 260 234 261 259 
118 82 263 262 247 
119 263 241 264 262 
120 262 264 240 265 
121 247 262 265 183 
122 59 254 266 267 
123 254 180 268 266 
124 266 268 249 269 
125 267 266 269 158 
126 224 272 270 271 
127 272 252 273 270 
128 270 273 254 274 
129 271 270 274 59 
130 241 288 287 264 
131 288 178 289 287 
132 287 289 242 290 
133 264 287 290 240 
134 297 299 250 300 
135 268 297 300 249 
136 89 302 301 236 
137 302 58 303 301 
138 234 305 304 261 
139 305 236 306 304 
140 284 313 311 312 
141 313 88 314 311 
142 311 314 285 315 
143 312 311 315 283 
144 318 320 294 321 
145 299 318 321 250 
146 298 324 322 323 
147 324 91 325 322 
148 322 325 299 326 
149 323 322 326 297 
150 333 335 295 336 
151 320 333 336 294 
152 319 339 337 338 
153 339 282 340 337 
154 337 340 320 341 
155 338 337 341 318 
156 5 349 348 335 
157 335 348 351 295 
158 334 354 352 353 
159 354 5 355 352 
160 352 355 335 356 
161 353 352 356 333 
162 7 358 357 121 
163 358 16 359 357 
164 357 359 15 32 
165 121 357 32 13 
166 13 361 360 125 
167 361 32 362 360 
168 360 362 31 48 
169 125 360 48 26 
170 26 364 363 129 
171 364 48 365 363 
172 363 365 47 85 
173 129 363 85 42 
174 42 367 366 233 
175 367 85 368 366 
176 366 368 84 276 
177 233 366 276 58 
178 58 370 369 303 
179 370 276 371 369 
180 15 373 372 33 
181 373 17 374 372 
182 372 374 8 375 
183 33 372 375 18 
184 377 33 378 376 
185 376 378 18 379 
186 18 375 397 45 
187 375 8 398 397 
188 397 398 29 399 
189 45 397 399 28 
190 379 18 401 400 
191 400 401 45 402 
192 330 421 419 420 
193 421 413 422 419 
194 419 422 412 423 
195 420 419 423 350 
196 418 441 439 440 
197 441 428 442 439 
198 416 450 448 449 
199 450 418 440 448 
200 440 457 455 456 
201 457 439 458 455 
202 413 466 464 465 
203 465 464 467 422 
204 448 470 468 469 
205 470 440 456 468 
206 21 46 479 480 
207 46 28 481 479 
208 479 481 30 482 
209 480 479 482 9 
210 37 74 483 484 
211 74 44 485 483 
212 483 485 46 486 
213 484 483 486 21 
214 53 152 487 488 
215 152 72 489 487 
216 487 489 74 490 
217 488 487 490 37 
218 77 293 491 492 
219 293 150 493 491 
220 491 493 152 494 
221 492 491 494 53 
222 495 497 293 498 
223 496 495 498 77 
224 329 415 499 500 
225 415 331 501 499 
226 499 501 291 502 
227 500 499 502 332 
228 503 505 331 506 
229 504 503 506 415 
230 436 454 507 508 
231 508 507 510 438 
232 511 513 454 514 
233 512 511 514 436 
234 471 517 515 516 
235 516 515 519 475 
236 520 521 432 522 
237 513 520 522 454 
238 524 476 525 523 
239 523 525 478 526 
240 475 519 527 528 
241 519 451 529 527 
242 527 529 513 530 
243 528 527 530 511 
244 515 533 531 532 
245 531 534 451 535 
246 532 531 535 519 
247 417 540 538 539 
248 540 416 449 538 
249 538 449 413 421 
250 539 538 421 330 
251 449 543 541 542 
252 543 448 469 541 
253 542 541 466 413 
254 466 546 544 545 
255 546 437 472 544 
256 544 472 452 547 
257 545 544 547 464 
258 472 550 548 549 
259 550 471 516 548 
260 548 516 475 551 
261 549 548 551 452 
262 276 553 552 371 
263 553 84 554 552 
264 430 582 580 581 
265 582 569 583 580 
266 586 574 587 584 
267 584 587 572 588 
268 585 584 588 573 
269 428 590 589 442 
270 590 430 581 589 
271 578 593 591 592 
272 593 391 585 591 
273 591 585 573 594 
274 592 591 594 577 
275 581 597 595 596 
276 597 580 598 595 
277 595 598 574 586 
278 596 595 586 391 
279 391 601 599 600 
280 601 586 602 599 
281 599 602 584 603 
282 600 599 603 585 
283 569 609 608 583 
284 609 571 610 608 
285 571 616 615 610 
286 616 604 617 615 
287 615 617 607 618 
288 619 620 564 621 
289 608 624 622 623 
290 624 610 625 622 
291 622 625 87 626 
292 583 629 627 628 
293 629 608 623 627 
294 627 623 611 630 
295 628 627 630 563 
296 611 626 634 635 
297 626 87 636 634 
298 634 636 620 637 
299 635 634 637 619 
300 623 640 638 639 
301 640 622 641 638 
302 638 641 626 642 
303 639 638 642 611 
304 604 670 669 617 
305 669 685 683 684 
306 684 683 686 671 
307 671 686 696 697 
308 697 696 698 681 
309 683 701 699 700 
310 701 677 692 699 
311 699 692 559 702 
312 700 699 702 686 
313 85 704 703 368 
314 704 47 705 703 
315 703 705 86 385 
316 368 703 385 84 
317 84 707 706 554 
318 707 385 708 706 
319 567 711 709 710 
320 711 384 712 709 
321 709 712 568 652 
322 710 709 652 566 
323 566 715 713 714 
324 715 652 716 713 
325 713 716 651 666 
326 714 713 666 606 
327 606 719 717 718 
328 719 666 720 717 
329 717 720 664 678 
330 718 717 678 665 
331 665 723 721 722 
332 723 678 724 721 
333 677 727 725 726 
334 726 725 729 692 
335 277 732 730 731 
336 732 567 710 730 
337 730 710 566 605 
338 731 730 605 390 
339 605 735 733 734 
340 735 566 714 733 
341 733 714 606 670 
342 734 733 670 604 
343 670 738 736 737 
344 738 606 718 736 
345 736 718 665 685 
346 737 736 685 669 
347 685 741 739 740 
348 741 665 722 739 
349 739 722 677 701 
350 740 739 701 683 
351 722 744 742 743 
352 744 721 745 742 
353 743 742 727 677 
354 747 647 748 746 
355 746 748 650 749 
356 664 755 754 679 
357 755 667 756 754 
358 754 756 654 757 
359 676 759 758 694 
360 759 679 760 758 
361 758 760 668 761 
362 694 758 761 680 
363 763 676 764 762 
364 762 764 694 765 
365 727 768 766 767 
366 767 766 770 725 
367 678 772 771 724 
368 772 664 773 771 
369 771 773 679 759 
370 724 771 759 676 
371 721 775 774 745 
372 775 724 776 774 
373 774 776 676 763 
374 742 779 777 778 
375 779 745 780 777 
376 778 777 768 727 
377 782 763 783 781 
378 781 783 762 784 
379 768 787 785 786 
380 786 785 789 766 
381 745 791 790 780 
382 791 774 792 790 
383 790 792 763 782 
384 777 795 793 794 
385 795 780 796 793 
386 793 796 693 787 
387 794 793 787 768 
388 798 782 799 797 
389 797 799 781 800 
390 787 803 801 802 
391 803 693 804 801 
392 802 801 805 785 
393 780 807 806 796 
394 807 790 808 806 
395 806 808 782 798 
396 796 806 798 693 
397 693 810 809 804 
398 810 798 811 809 
399 809 811 797 812 
400 804 809 812 788 
401 559 695 813 814 
402 695 680 815 813 
403 813 815 687 816 
404 814 813 816 688 
405 692 729 817 818 
406 729 691 819 817 
407 817 819 695 820 
408 818 817 820 559 
409 725 770 821 822 
410 770 728 823 821 
411 821 823 691 824 
412 822 821 824 729 
413 766 789 825 826 
414 789 769 827 825 
415 825 827 728 828 
416 826 825 828 770 
417 785 805 829 830 
418 805 788 831 829 
419 829 831 769 832 
420 830 829 832 789 
421 801 835 833 834 
422 835 804 836 833 
423 833 836 788 837 
424 834 833 837 805 
425 749 650 839 838 
426 838 839 658 840 
427 653 842 841 752 
428 842 746 843 841 
429 841 843 749 844 
430 752 841 844 387 
431 850 752 851 848 
432 848 851 387 852 
433 849 848 852 753 
434 667 854 853 756 
435 854 750 849 853 
436 853 849 753 855 
437 756 853 855 654 
438 652 857 856 716 
439 857 568 858 856 
440 856 858 653 751 
441 716 856 751 651 
442 751 861 859 860 
443 861 653 862 859 
444 859 862 752 850 
445 860 859 850 750 
446 750 865 863 864 
447 865 850 866 863 
448 863 866 848 867 
449 864 863 867 849 
450 236 869 868 306 
451 869 301 870 868 
452 875 877 310 878 
453 876 875 878 179 
454 314 881 879 880 
455 880 879 883 285 
456 308 888 887 873 
457 888 280 889 887 
458 887 889 309 890 
459 873 887 890 307 
460 892 873 893 891 
461 891 893 307 894 
462 283 315 895 896 
463 315 285 876 895 
464 895 876 179 897 
465 896 895 897 286 
466 285 883 898 899 
467 883 874 900 898 
468 898 900 875 901 
469 899 898 901 876 
470 879 904 902 903 
471 902 905 874 906 
472 903 902 906 883 
473 306 909 907 908 
474 909 868 910 907 
475 907 910 308 872 
476 908 907 872 88 
477 88 913 911 912 
478 913 872 914 911 
479 911 914 871 881 
480 912 911 881 314 
481 881 917 915 916 
482 917 871 918 915 
483 915 918 882 904 
484 916 915 904 879 
485 307 890 919 877 
486 890 309 920 919 
487 919 920 279 921 
488 877 919 921 310 
489 874 894 922 900 
490 894 307 923 922 
491 922 923 877 924 
492 900 922 924 875 
493 882 926 925 905 
494 926 891 927 925 
495 925 927 894 928 
496 905 925 928 874 
497 904 931 929 930 
498 931 882 932 929 
499 929 932 905 933 
500 930 929 933 902 
501 301 935 934 870 
502 935 303 936 934 
503 280 938 937 889 
504 938 885 939 937 
505 937 939 884 940 
506 889 937 940 309 
507 885 944 943 939 
508 944 90 945 943 
509 943 945 886 946 
510 939 943 946 884 
511 303 948 947 936 
512 948 369 949 947 
513 951 942 952 950 
514 950 952 941 953 
515 945 950 953 886 
516 936 956 954 955 
517 956 947 957 954 
518 954 957 942 951 
519 955 954 951 90 
520 90 960 958 959 
521 960 951 961 958 
522 958 961 950 962 
523 959 958 962 945 
524 942 964 963 952 
525 964 343 965 963 
526 963 965 393 966 
527 952 963 966 941 
528 369 968 967 949 
529 968 371 969 967 
530 343 971 970 965 
531 971 394 972 970 
532 394 975 974 972 
533 975 275 976 974 
534 974 976 395 977 
535 972 974 977 392 
536 978 980 396 981 
537 979 978 981 342 
538 970 984 982 983 
539 984 972 985 982 
540 982 985 392 986 
541 965 989 987 988 
542 989 970 983 987 
543 987 983 973 990 
544 988 987 990 393 
545 392 977 991 980 
546 977 395 992 991 
547 991 992 344 993 
548 980 991 993 396 
549 973 986 994 995 
550 986 392 996 994 
551 994 996 980 997 
552 995 994 997 978 
553 983 1000 998 999 
554 1000 982 1001 998 
555 998 1001 986 1002 
556 999 998 1002 973 
557 87 1004 1003 636 
558 1004 618 1005 1003 
559 1003 1005 631 1006 
560 636 1003 1006 620 
561 150 408 1007 493 
562 408 151 1008 1007 
563 1007 1008 72 1009 
564 493 1007 1009 152 
565 1010 1012 408 1013 
566 1011 1010 1013 150 
567 682 1035 1033 1034 
568 1034 1033 1036 1025 
569 613 1042 1040 1041 
570 1042 1030 1043 1040 
571 1040 1043 1028 1044 
572 1041 1040 1044 1029 
573 564 633 1052 1053 
574 1053 1052 1054 410 
575 612 1057 1055 1056 
576 1057 682 1034 1055 
577 1055 1034 1025 1058 
578 1056 1055 1058 1026 
579 1063 1064 151 1065 
580 1012 1063 1065 408 
581 840 658 1067 1066 
582 1066 1067 660 1068 
583 1077 1079 1012 1080 
584 1078 1077 1080 1010 
585 1068 660 1097 1096 
586 1096 1097 1063 1098 
587 1079 1096 1098 1012 
588 1099 1101 1079 1102 
589 1100 1099 1102 1077 
590 1113 433 1114 1112 
591 1112 1114 446 1115 
592 1116 1011 150 1117 
593 497 1116 1117 293 
594 331 427 1118 501 
595 501 1118 1120 291 
596 1121 1122 427 1123 
597 505 1121 1123 331 
598 1127 1128 447 1129 
599 521 1127 1129 432 
600 459 1132 1130 1131 
601 1132 462 1133 1130 
602 1130 1133 443 1134 
603 1131 1130 1134 463 
604 476 1136 1135 525 
605 1136 460 1137 1135 
606 1135 1137 444 1138 
607 525 1135 1138 478 
608 469 1141 1139 1140 
609 1141 468 1142 1139 
610 1139 1142 453 473 
611 1140 1139 473 437 
612 473 1145 1143 1144 
613 1145 453 1146 1143 
614 1143 1146 474 517 
615 1144 1143 517 471 
616 517 1149 1147 1148 
617 1149 474 1150 1147 
618 1147 1150 518 533 
619 1148 1147 533 515 
620 451 526 1151 529 
621 526 478 1152 1151 
622 1151 1152 520 1153 
623 529 1151 1153 513 
624 518 1155 1154 534 
625 1155 523 1156 1154 
626 1154 1156 526 1157 
627 534 1154 1157 451 
628 533 1160 1158 1159 
629 1160 518 1161 1158 
630 1158 1161 534 1162 
631 1159 1158 1162 531 
632 1115 446 1164 1163 
633 1163 1164 431 1165 
634 1128 1163 1165 447 
635 443 1168 1166 1167 
636 1168 1115 1169 1166 
637 1166 1169 1163 1170 
638 1167 1166 1170 1128 
639 1174 1175 409 1176 
640 1122 1174 1176 427 
641 1178 577 1179 1177 
642 1177 1179 579 1180 
643 1187 578 592 1186 
644 1186 592 577 1178 
645 1108 1190 1188 1189 
646 1190 1110 1191 1188 
647 1193 1178 1194 1192 
648 1192 1194 1177 1195 
649 1110 1202 1201 1191 
650 1202 1186 1203 1201 
651 1201 1203 1178 1193 
652 1188 1206 1204 1205 
653 1206 1191 1207 1204 
654 434 1209 1208 1199 
655 1209 1193 1210 1208 
656 1208 1210 1192 1211 
657 1199 1208 1211 1184 
658 1214 434 1215 1212 
659 1212 1215 1199 1216 
660 431 1219 1217 1218 
661 1219 1111 1182 1217 
662 1217 1182 1171 1220 
663 1218 1217 1220 1125 
664 1111 1223 1221 1222 
665 1223 1183 1197 1221 
666 1221 1197 1181 1224 
667 1222 1221 1224 1182 
668 1183 1227 1225 1226 
669 1226 1225 1228 1197 
670 435 1173 1229 1230 
671 1173 424 1231 1229 
672 1229 1231 1122 1232 
673 1230 1229 1232 1121 
674 1171 1185 1233 1234 
675 1185 1172 1235 1233 
676 1233 1235 424 1236 
677 1234 1233 1236 1173 
678 1181 1200 1237 1238 
679 1200 1184 1239 1237 
680 1237 1239 1172 1240 
681 1238 1237 1240 1185 
682 1196 1216 1241 1242 
683 1216 1199 1243 1241 
684 1241 1243 1184 1244 
685 1242 1241 1244 1200 
686 1247 1212 1248 1245 
687 1245 1248 1216 1249 
688 1246 1245 1249 1196 
689 1197 1228 1250 1251 
690 1228 1196 1242 1250 
691 1250 1242 1200 1252 
692 1251 1250 1252 1181 
693 1225 1255 1253 1254 
694 1255 1213 1246 1253 
695 1253 1246 1196 1256 
696 1254 1253 1256 1228 
697 1191 1258 1257 1207 
698 1258 1201 1259 1257 
699 1257 1259 1193 1209 
700 1207 1257 1209 434 
701 1204 1262 1260 1261 
702 1262 1207 1263 1260 
703 1260 1263 434 1214 
704 1261 1260 1214 1198 
705 1198 1266 1264 1265 
706 1266 1214 1267 1264 
707 1264 1267 1212 1247 
708 1265 1264 1247 1213 
709 1213 1270 1268 1269 
710 1270 1247 1271 1268 
711 1268 1271 1245 1272 
712 1269 1268 1272 1246 
713 1273 1078 1010 1275 
714 1274 1273 1275 1011 
715 1276 1100 1077 1278 
716 1277 1276 1278 1078 
717 1092 1282 1303 1304 
718 1282 1017 1305 1303 
719 1303 1305 1100 1306 
720 1304 1303 1306 1276 
721 1280 1298 1307 1308 
722 1298 1279 1309 1307 
723 1307 1309 1282 1310 
724 1308 1307 1310 1092 
725 1294 1313 1311 1312 
726 1311 1314 1279 1315 
727 1312 1311 1315 1298 
728 1292 1321 1319 1320 
729 1321 1291 1322 1319 
730 1296 1325 1323 1324 
731 1325 1281 1326 1323 
732 1323 1326 1297 1313 
733 1324 1323 1313 1294 
734 1279 1302 1327 1309 
735 1302 1104 1328 1327 
736 1327 1328 1017 1329 
737 1309 1327 1329 1282 
738 1297 1331 1330 1314 
739 1331 1299 1332 1330 
740 1330 1332 1302 1333 
741 1314 1330 1333 1279 
742 1313 1336 1334 1335 
743 1336 1297 1337 1334 
744 1334 1337 1314 1338 
745 1335 1334 1338 1311 
746 1289 1341 1339 1340 
747 1341 1090 1295 1339 
748 1339 1295 1280 1342 
749 1340 1339 1342 1287 
750 1295 1345 1343 1344 
751 1345 1294 1312 1343 
752 1343 1312 1298 1346 
753 1344 1343 1346 1280 
754 1347 1277 1078 1349 
755 1348 1347 1349 1273 
756 1283 1352 1350 1351 
757 1351 1350 1353 1286 
758 1285 1358 1356 1357 
759 1357 1356 1352 1283 
760 1352 1361 1359 1360 
761 1361 1091 1362 1359 
762 1359 1362 1288 1363 
763 1360 1359 1363 1350 
764 1372 1283 1351 1370 
765 1370 1351 1286 1373 
766 1374 1274 1011 1376 
767 1375 1374 1376 1116 
768 1377 1348 1273 1379 
769 1378 1377 1379 1274 
770 1022 1386 1384 1385 
771 1386 1285 1357 1384 
772 1384 1357 1283 1372 
773 1284 1389 1387 1388 
774 1389 1372 1390 1387 
775 1387 1390 1370 1391 
776 1388 1387 1391 1371 
777 1368 1396 1394 1395 
778 1396 1022 1385 1394 
779 1399 1284 1388 1397 
780 1397 1388 1371 1400 
781 1364 1403 1401 1402 
782 1403 1023 1367 1401 
783 1401 1367 292 1404 
784 1402 1401 1404 1365 
785 1367 1407 1405 1406 
786 1407 1366 1381 1405 
787 1405 1381 1369 1408 
788 1406 1405 1408 292 
789 1366 1411 1409 1410 
790 1410 1409 1412 1381 
791 1369 1383 1413 1414 
792 1383 1024 1415 1413 
793 1413 1415 1348 1416 
794 1414 1413 1416 1377 
795 1380 1400 1417 1418 
796 1400 1371 1419 1417 
797 1417 1419 1024 1420 
798 1418 1417 1420 1383 
799 1423 1397 1424 1421 
800 1421 1424 1400 1425 
801 1422 1421 1425 1380 
802 1381 1412 1426 1427 
803 1412 1380 1418 1426 
804 1426 1418 1383 1428 
805 1427 1426 1428 1369 
806 1409 1431 1429 1430 
807 1431 1398 1422 1429 
808 1429 1422 1380 1432 
809 1430 1429 1432 1412 
810 1394 1435 1433 1434 
811 1435 1385 1436 1433 
812 1433 1436 1284 1399 
813 1434 1433 1399 1382 
814 1382 1439 1437 1438 
815 1439 1399 1440 1437 
816 1437 1440 1397 1423 
817 1438 1437 1423 1398 
818 1398 1443 1441 1442 
819 1443 1423 1444 1441 
820 1441 1444 1421 1445 
821 1442 1441 1445 1422 
822 690 1460 1458 1459 
823 1460 672 1461 1458 
824 1466 1469 1456 1470 
825 1467 1466 1470 1453 
826 672 1474 1473 1461 
827 1474 1451 1475 1473 
828 1458 1478 1476 1477 
829 1478 1461 1479 1476 
830 1039 1481 1480 1469 
831 1481 1463 1482 1480 
832 1480 1482 1462 1483 
833 1469 1480 1483 1456 
834 1486 1039 1487 1484 
835 1484 1487 1469 1488 
836 1485 1484 1488 1466 
837 681 698 1489 1490 
838 1490 1489 1035 682 
839 1038 1493 1491 1492 
840 1493 1037 1454 1491 
841 1491 1454 1030 1042 
842 1492 1491 1042 613 
843 1037 1496 1494 1495 
844 1496 1455 1467 1494 
845 1494 1467 1453 1497 
846 1495 1494 1497 1454 
847 1455 1500 1498 1499 
848 1498 1485 1466 1501 
849 1499 1498 1501 1467 
850 1461 1503 1502 1479 
851 1503 1473 1504 1502 
852 1502 1504 1463 1481 
853 1479 1502 1481 1039 
854 1476 1507 1505 1506 
855 1507 1479 1508 1505 
856 1505 1508 1039 1486 
857 1511 1486 1512 1509 
858 1509 1512 1484 1513 
859 1510 1509 1513 1485 
860 673 1516 1514 1515 
861 1516 690 1459 1514 
862 1514 1459 1037 1493 
863 1515 1514 1493 1038 
864 1459 1519 1517 1518 
865 1519 1458 1477 1517 
866 1517 1477 1455 1496 
867 1518 1517 1496 1037 
868 1477 1522 1520 1521 
869 1522 1476 1506 1520 
870 1521 1520 1500 1455 
871 1500 1525 1523 1524 
872 1525 1468 1510 1523 
873 1523 1510 1485 1526 
874 1524 1523 1526 1498 
875 1506 1529 1527 1528 
876 1529 1505 1530 1527 
877 1527 1530 1486 1511 
878 1528 1527 1511 1468 
879 1468 1533 1531 1532 
880 1533 1511 1534 1531 
881 1531 1534 1509 1535 
882 1532 1531 1535 1510 
883 1549 1552 1539 1553 
884 1550 1549 1553 1031 
885 675 1556 1554 1555 
886 1556 1465 1557 1554 
887 661 1559 1558 1050 
888 1559 847 1560 1558 
889 1558 1560 1045 1561 
890 1049 1563 1562 1538 
891 1563 661 1564 1562 
892 1562 1564 1050 1565 
893 1538 1562 1565 1048 
894 1536 1567 1566 1552 
895 1567 1538 1568 1566 
896 1566 1568 1048 1569 
897 1552 1566 1569 1539 
898 1572 1536 1573 1570 
899 1570 1573 1552 1574 
900 1571 1570 1574 1549 
901 1540 1583 1581 1582 
902 1583 1537 1550 1581 
903 1581 1550 1031 1584 
904 1582 1581 1584 1541 
905 1537 1587 1585 1586 
906 1585 1571 1549 1588 
907 1586 1585 1588 1550 
908 1465 1590 1589 1557 
909 1590 1049 1591 1589 
910 1589 1591 1538 1567 
911 1557 1589 1567 1536 
912 1554 1594 1592 1593 
913 1594 1557 1595 1592 
914 1592 1595 1536 1572 
915 1598 1572 1599 1596 
916 1596 1599 1570 1600 
917 1597 1596 1600 1571 
918 1457 1603 1601 1602 
919 1603 675 1555 1601 
920 1601 1555 1537 1583 
921 1602 1601 1583 1540 
922 1555 1606 1604 1605 
923 1606 1554 1593 1604 
924 1605 1604 1587 1537 
925 1587 1609 1607 1608 
926 1609 1551 1597 1607 
927 1607 1597 1571 1610 
928 1608 1607 1610 1585 
929 1593 1613 1611 1612 
930 1613 1592 1614 1611 
931 1611 1614 1572 1598 
932 1612 1611 1598 1551 
933 1551 1617 1615 1616 
934 1617 1598 1618 1615 
935 1615 1618 1596 1619 
936 1616 1615 1619 1597 
937 1048 1565 1620 1547 
938 1565 1050 1621 1620 
939 1620 1621 1020 1622 
940 1547 1620 1622 1051 
941 1018 1548 1623 1624 
942 1548 1051 1625 1623 
943 1623 1625 1542 1626 
944 1624 1623 1626 1543 
945 1545 1629 1627 1628 
946 1629 1547 1630 1627 
947 1627 1630 1051 1631 
948 1628 1627 1631 1548 
949 1561 1045 1633 1632 
950 1637 1544 1638 1635 
951 1543 1626 1640 1641 
952 1626 1542 1636 1640 
953 1640 1636 1074 1642 
954 1641 1640 1642 1021 
955 1051 1622 1643 1625 
956 1622 1020 1644 1643 
957 1643 1644 1544 1637 
958 1625 1643 1637 1542 
959 1542 1647 1645 1646 
960 1647 1637 1648 1645 
961 1645 1648 1635 1649 
962 1646 1645 1649 1636 
963 1657 1634 1658 1656 
964 1021 1642 1672 1673 
965 1642 1074 1653 1672 
966 1672 1653 1072 1674 
967 1673 1672 1674 1073 
968 1653 1677 1675 1676 
969 1677 1652 1665 1675 
970 1675 1665 1655 1678 
971 1676 1675 1678 1072 
972 1655 1668 1682 1683 
973 1668 1075 1684 1682 
974 1682 1684 1662 1685 
975 1683 1682 1685 1660 
976 1665 1688 1686 1687 
977 1686 1689 1668 1690 
978 1687 1686 1690 1655 
979 1639 1693 1691 1692 
980 1693 663 1694 1691 
981 1691 1694 1654 1666 
982 1692 1691 1666 1652 
983 1652 1697 1695 1696 
984 1697 1666 1698 1695 
985 1695 1698 1664 1688 
986 1696 1695 1688 1665 
987 1654 1700 1699 1667 
988 1700 1656 1701 1699 
989 1699 1701 1659 1702 
990 1667 1699 1702 1075 
991 1664 1704 1703 1689 
992 1704 1667 1705 1703 
993 1703 1705 1075 1706 
994 1689 1703 1706 1668 
995 1688 1709 1707 1708 
996 1709 1664 1710 1707 
997 1707 1710 1689 1711 
998 1708 1707 1711 1686 
999 1663 1726 1724 1725 
1000 1726 1061 1720 1724 
1001 1724 1720 1713 1727 
1002 1725 1724 1727 1716 
1003 1713 1723 1734 1735 
1004 1723 1712 1736 1734 
1005 1734 1736 1715 1737 
1006 1735 1734 1737 1086 
1007 1720 1740 1738 1739 
1008 1738 1741 1723 1742 
1009 1739 1738 1742 1713 
1010 1662 1745 1743 1744 
1011 1745 1679 1746 1743 
1012 1743 1746 1681 1721 
1013 1744 1743 1721 1061 
1014 1061 1749 1747 1748 
1015 1749 1721 1750 1747 
1016 1747 1750 1719 1740 
1017 1748 1747 1740 1720 
1018 560 1752 1751 1070 
1019 1752 840 1753 1751 
1020 1751 1753 1066 1754 
1021 1070 1751 1754 1016 
1022 1069 1756 1755 1088 
1023 1756 1070 1757 1755 
1024 1755 1757 1016 1758 
1025 1087 1760 1759 1714 
1026 1760 1069 1761 1759 
1027 1759 1761 1088 1762 
1028 1714 1759 1762 1085 
1029 1681 1764 1763 1722 
1030 1764 1087 1765 1763 
1031 1763 1765 1714 1766 
1032 1722 1763 1766 1712 
1033 1719 1768 1767 1741 
1034 1768 1722 1769 1767 
1035 1767 1769 1712 1770 
1036 1741 1767 1770 1723 
1037 1740 1773 1771 1772 
1038 1773 1719 1774 1771 
1039 1771 1774 1741 1775 
1040 1772 1771 1775 1738 
1041 1762 1088 1777 1776 
1042 1776 1777 1071 1778 
1043 1730 1785 1783 1784 
1044 1785 1732 1786 1783 
1045 1783 1786 1089 1787 
1046 1731 1793 1791 1792 
1047 1793 1730 1784 1791 
1048 1791 1784 1733 1794 
1049 1792 1791 1794 1014 
1050 1016 1754 1795 1083 
1051 1754 1066 1796 1795 
1052 1795 1796 1068 1797 
1053 1083 1795 1797 406 
1054 1758 1016 1799 1798 
1055 1798 1799 1083 1800 
1056 1778 1071 1802 1801 
1057 1801 1802 1729 1803 
1058 1733 1787 1804 1805 
1059 1787 1089 1806 1804 
1060 1804 1806 1781 1807 
1061 1805 1804 1807 1779 
1062 1784 1810 1808 1809 
1063 1810 1783 1811 1808 
1064 1808 1811 1787 1812 
1065 1809 1808 1812 1733 
1066 1803 1729 1815 1813 
1067 1822 1803 1823 1820 
1068 1820 1823 1813 1824 
1069 1821 1820 1824 1814 
1070 1782 1827 1825 1826 
1071 1827 1728 1821 1825 
1072 1825 1821 1814 1828 
1073 1826 1825 1828 1817 
1074 1781 1831 1829 1830 
1075 1831 1801 1832 1829 
1076 1829 1832 1803 1822 
1077 1830 1829 1822 1728 
1078 1728 1835 1833 1834 
1079 1835 1822 1836 1833 
1080 1833 1836 1820 1837 
1081 1834 1833 1837 1821 
1082 1800 1083 1839 1838 
1083 1838 1839 406 1840 
1084 1081 1846 1845 1843 
1085 1846 1800 1847 1845 
1086 1845 1847 1838 1848 
1087 1843 1845 1848 1106 
1088 1017 1107 1849 1305 
1089 1107 1084 1850 1849 
1090 1849 1850 1099 1851 
1091 1305 1849 1851 1100 
1092 1103 1844 1852 1853 
1093 1844 1106 1854 1852 
1094 1852 1854 1084 1855 
1095 1853 1852 1855 1107 
1096 1858 1843 1859 1856 
1097 1856 1859 1106 1860 
1098 1857 1856 1860 1844 
1099 1842 1865 1863 1864 
1100 1865 1841 1857 1863 
1101 1863 1857 1844 1866 
1102 1864 1863 1866 1103 
1103 1816 1869 1867 1868 
1104 1869 1081 1870 1867 
1105 1867 1870 1843 1858 
1106 1868 1867 1858 1841 
1107 1841 1873 1871 1872 
1108 1873 1858 1874 1871 
1109 1871 1874 1856 1875 
1110 1872 1871 1875 1857 
1111 34 1877 1876 404 
1112 1877 379 1878 1876 
1113 1876 1878 400 1879 
1114 404 1876 1879 73 
1115 1881 34 1882 1880 
1116 1880 1882 404 1883 
1117 658 1889 1888 1067 
1118 1889 659 1890 1888 
1119 1888 1890 407 1891 
1120 1067 1888 1891 660 
1121 72 405 1892 489 
1122 405 73 1893 1892 
1123 1892 1893 44 1894 
1124 489 1892 1894 74 
1125 151 657 1895 1008 
1126 657 403 1896 1895 
1127 1895 1896 405 1897 
1128 1008 1895 1897 72 
1129 1898 1899 657 1900 
1130 1064 1898 1900 151 
1131 659 1902 1901 1890 
1132 1902 1446 1903 1901 
1133 1901 1903 1449 1904 
1134 1890 1901 1904 407 
1135 1446 1906 1905 1903 
1136 1906 1448 1907 1905 
1137 1905 1907 655 1908 
1138 1903 1905 1908 1449 
1139 1909 1910 403 1911 
1140 1899 1909 1911 657 
1141 1448 1913 1912 1907 
1142 1913 1884 1914 1912 
1143 1912 1914 1887 1915 
1144 1907 1912 1915 655 
1145 49 1917 1916 382 
1146 1917 376 1918 1916 
1147 1916 1918 379 1877 
1148 382 1916 1877 34 
1149 1920 382 1921 1919 
1150 1919 1921 34 1881 
1151 383 1923 1922 1886 
1152 1923 1881 1924 1922 
1153 1922 1924 1880 1925 
1154 1886 1922 1925 656 
1155 1884 1927 1926 1914 
1156 1927 1886 1928 1926 
1157 1926 1928 656 1929 
1158 403 1883 1930 1896 
1159 1883 404 1931 1930 
1160 1930 1931 73 1932 
1161 1896 1930 1932 405 
1162 656 1925 1933 1910 
1163 1925 1880 1934 1933 
1164 1933 1934 1883 1935 
1165 1910 1933 1935 403 
1166 1887 1929 1936 1937 
1167 1929 656 1938 1936 
1168 1936 1938 1910 1939 
1169 1937 1936 1939 1909 
1170 1914 1942 1940 1941 
1171 1942 1926 1943 1940 
1172 1940 1943 1929 1944 
1173 1941 1940 1944 1887 
1174 1 1947 1945 1946 
1175 1947 12 119 1945 
1176 1945 119 10 62 
1177 1946 1945 62 11 
1178 16 1949 1948 359 
1179 1949 2 1950 1948 
1180 1948 1950 17 373 
1181 359 1948 373 15 
1182 19 38 1951 1952 
1183 38 21 480 1951 
1184 1951 480 9 1953 
1185 1952 1951 1953 22 
1186 20 94 1954 1955 
1187 94 19 1952 1954 
1188 1954 1952 22 1956 
1189 1955 1954 1956 4 
1190 10 1959 1957 1958 
1191 1959 25 123 1957 
1192 1957 123 23 66 
1193 1958 1957 66 24 
1194 28 399 1960 481 
1195 399 29 1961 1960 
1196 1960 1961 3 1962 
1197 481 1960 1962 30 
1198 32 1964 1963 362 
1199 1964 15 1965 1963 
1200 1963 1965 33 377 
1201 362 1963 377 31 
1202 35 54 1966 1967 
1203 54 37 484 1966 
1204 1966 484 21 1968 
1205 1967 1966 1968 38 
1206 36 97 1969 1970 
1207 97 35 1967 1969 
1208 1969 1967 38 1971 
1209 1970 1969 1971 19 
1210 23 1974 1972 1973 
1211 1974 41 127 1972 
1212 1972 127 39 70 
1213 1973 1972 70 40 
1214 44 402 1975 485 
1215 402 45 1976 1975 
1216 1975 1976 28 1977 
1217 485 1975 1977 46 
1218 48 1979 1978 365 
1219 1979 31 1980 1978 
1220 1978 1980 49 381 
1221 365 1978 381 47 
1222 51 78 1981 1982 
1223 78 53 488 1981 
1224 1981 488 37 1983 
1225 1982 1981 1983 54 
1226 52 100 1984 1985 
1227 100 51 1982 1984 
1228 1984 1982 54 1986 
1229 1985 1984 1986 35 
1230 70 1989 1987 1988 
1231 1989 39 131 1987 
1232 1987 131 56 112 
1233 1988 1987 112 68 
1234 75 155 1990 1991 
1235 155 77 492 1990 
1236 1990 492 53 1992 
1237 1991 1990 1992 78 
1238 76 104 1993 1994 
1239 104 75 1991 1993 
1240 1993 1991 78 1995 
1241 1994 1993 1995 51 
1242 98 196 1996 1997 
1243 196 76 1994 1996 
1244 1996 1994 51 1998 
1245 1997 1996 1998 100 
1246 143 2001 1999 2000 
1247 2001 135 170 1999 
1248 1999 170 79 148 
1249 2000 1999 148 116 
1250 148 2004 2002 2003 
1251 2004 79 174 2002 
1252 2002 174 139 205 
1253 2003 2002 205 146 
1254 153 296 2005 2006 
1255 2005 496 77 2007 
1256 2006 2005 2007 155 
1257 103 251 2008 2009 
1258 251 153 2006 2008 
1259 2008 2006 155 2010 
1260 2009 2008 2010 75 
1261 109 225 2011 2012 
1262 225 59 267 2011 
1263 2011 267 158 2013 
1264 2012 2011 2013 156 
1265 142 188 2014 2015 
1266 188 105 227 2014 
1267 2014 227 162 2016 
1268 2015 2014 2016 160 
1269 174 2019 2017 2018 
1270 2019 173 215 2017 
1271 2017 215 166 209 
1272 2018 2017 209 139 
1273 107 2021 2020 213 
1274 2021 182 245 2020 
1275 2020 245 181 2022 
1276 213 2020 2022 141 
1277 181 248 2023 2024 
1278 248 183 2025 2023 
1279 2023 2025 108 256 
1280 2024 2023 256 184 
1281 141 2022 2026 187 
1282 2022 181 2024 2026 
1283 2026 2024 184 228 
1284 187 2026 228 105 
1285 223 258 2027 2028 
1286 258 224 271 2027 
1287 2027 271 59 2029 
1288 2028 2027 2029 225 
1289 162 230 2030 2031 
1290 230 223 2028 2030 
1291 2030 2028 225 2032 
1292 2031 2030 2032 109 
1293 183 265 2033 2025 
1294 265 240 2034 2033 
1295 2033 2034 243 2035 
1296 2025 2033 2035 108 
1297 108 2035 2036 257 
1298 2035 243 2037 2036 
1299 2036 2037 252 272 
1300 257 2036 272 224 
1301 178 2039 2038 289 
1302 2039 284 312 2038 
1303 2038 312 283 2040 
1304 289 2038 2040 242 
1305 242 2040 2041 2042 
1306 2040 283 896 2041 
1307 2041 896 286 2043 
1308 2042 2041 2043 177 
1309 304 2046 2044 2045 
1310 2046 306 908 2044 
1311 2044 908 88 313 
1312 2045 2044 313 284 
1313 261 2049 2047 2048 
1314 2049 304 2045 2047 
1315 2047 2045 284 2039 
1316 2048 2047 2039 178 
1317 91 2051 2050 325 
1318 2051 319 338 2050 
1319 2050 338 318 2052 
1320 325 2050 2052 299 
1321 295 351 2053 2054 
1322 351 329 500 2053 
1323 2053 500 332 2055 
1324 2054 2053 2055 154 
1325 282 2057 2056 340 
1326 2057 334 353 2056 
1327 2056 353 333 2058 
1328 340 2056 2058 320 
1329 31 2060 2059 1980 
1330 2060 377 2061 2059 
1331 2059 2061 376 1917 
1332 1980 2059 1917 49 
1333 47 2063 2062 705 
1334 2063 381 2064 2062 
1335 2062 2064 380 644 
1336 705 2062 644 86 
1337 381 2066 2065 2064 
1338 2066 49 2067 2065 
1339 2065 2067 382 1920 
1340 2064 2065 1920 380 
1341 385 2069 2068 708 
1342 2069 86 2070 2068 
1343 2068 2070 386 648 
1344 2072 277 731 2071 
1345 73 1879 2073 1893 
1346 1879 400 2074 2073 
1347 2073 2074 402 2075 
1348 1893 2073 2075 44 
1349 350 423 2076 2077 
1350 423 412 504 2076 
1351 2076 504 415 2078 
1352 2077 2076 2078 329 
1353 342 981 2079 2080 
1354 981 396 2081 2079 
1355 2079 2081 416 540 
1356 2080 2079 540 417 
1357 396 993 2082 2081 
1358 993 344 2083 2082 
1359 2082 2083 418 450 
1360 2081 2082 450 416 
1361 344 2085 2084 2083 
1362 2085 429 2086 2084 
1363 2084 2086 428 441 
1364 2083 2084 441 418 
1365 429 2088 2087 2086 
1366 2088 388 2089 2087 
1367 2087 2089 430 590 
1368 2086 2087 590 428 
1369 422 467 2090 2091 
1370 467 436 508 2090 
1371 2090 508 438 2092 
1372 2091 2090 2092 412 
1373 439 2094 2093 458 
1374 2094 442 2095 2093 
1375 460 2097 2096 1137 
1376 2097 459 1131 2096 
1377 2096 1131 463 2098 
1378 1137 2096 2098 444 
1379 464 547 2099 2100 
1380 547 452 512 2099 
1381 2099 512 436 2101 
1382 2100 2099 2101 467 
1383 468 2103 2102 1142 
1384 2103 456 2104 2102 
1385 2102 2104 278 477 
1386 1142 2102 477 453 
1387 437 2107 2105 2106 
1388 2107 473 1144 2105 
1389 2105 1144 471 550 
1390 2106 2105 550 472 
1391 453 2109 2108 1146 
1392 2109 477 2110 2108 
1393 2108 2110 476 524 
1394 1146 2108 524 474 
1395 477 2112 2111 2110 
1396 2112 278 2113 2111 
1397 2111 2113 460 1136 
1398 2110 2111 1136 476 
1399 452 551 2114 2115 
1400 551 475 528 2114 
1401 2114 528 511 2116 
1402 2115 2114 2116 512 
1403 478 1138 2117 1152 
1404 1138 444 2118 2117 
1405 2117 2118 521 2119 
1406 1152 2117 2119 520 
1407 474 2121 2120 1150 
1408 2121 524 2122 2120 
1409 2120 2122 523 1155 
1410 1150 2120 1155 518 
1411 541 2125 2123 2124 
1412 2125 469 1140 2123 
1413 2123 1140 437 546 
1414 2124 2123 546 466 
1415 371 2127 2126 969 
1416 2127 552 2128 2126 
1417 395 2130 2129 992 
1418 2130 555 2131 2129 
1419 2129 2131 429 2085 
1420 992 2129 2085 344 
1421 562 621 2132 2133 
1422 621 564 1053 2132 
1423 2132 1053 410 2134 
1424 2133 2132 2134 565 
1425 2135 2133 565 2136 
1426 1175 2135 2136 409 
1427 388 2138 2137 2089 
1428 2138 570 2139 2137 
1429 2137 2139 569 582 
1430 2089 2137 582 430 
1431 570 2141 2140 2139 
1432 2141 390 2142 2140 
1433 2140 2142 571 609 
1434 2139 2140 609 569 
1435 577 594 2143 1179 
1436 594 573 2144 2143 
1437 2143 2144 426 2145 
1438 1179 2143 2145 579 
1439 580 2147 2146 598 
1440 2147 583 628 2146 
1441 2146 628 563 2148 
1442 598 2146 2148 574 
1443 589 2151 2149 2150 
1444 2151 581 596 2149 
1445 2149 596 391 593 
1446 2150 2149 593 578 
1447 442 2153 2152 2095 
1448 2153 589 2150 2152 
1449 2152 2150 578 1187 
1450 390 2155 2154 2142 
1451 2155 605 734 2154 
1452 2154 734 604 616 
1453 2142 2154 616 571 
1454 610 2157 2156 625 
1455 2157 615 2158 2156 
1456 2156 2158 618 1004 
1457 625 2156 1004 87 
1458 563 630 2159 2160 
1459 630 611 635 2159 
1460 2159 635 619 2161 
1461 2160 2159 2161 575 
1462 2163 643 2164 2162 
1463 384 2166 2165 712 
1464 2166 648 2167 2165 
1465 2165 2167 647 747 
1466 712 2165 747 568 
1467 650 2169 2168 839 
1468 2169 50 2170 2168 
1469 2168 2170 659 1889 
1470 839 2168 1889 658 
1471 666 2172 2171 720 
1472 2172 651 2173 2171 
1473 2171 2173 667 755 
1474 720 2171 755 664 
1475 632 2176 2174 2175 
1476 2176 681 1490 2174 
1477 2174 1490 682 1057 
1478 2175 2174 1057 612 
1479 680 761 2177 815 
1480 761 668 2178 2177 
1481 2177 2178 689 2179 
1482 815 2177 2179 687 
1483 687 2179 2180 2181 
1484 2179 689 2182 2180 
1485 2180 2182 672 1460 
1486 2181 2180 1460 690 
1487 688 816 2183 2184 
1488 816 687 2181 2183 
1489 2183 2181 690 1516 
1490 2184 2183 1516 673 
1491 691 765 2185 819 
1492 765 694 2186 2185 
1493 2185 2186 680 2187 
1494 819 2185 2187 695 
1495 686 702 2188 2189 
1496 702 559 814 2188 
1497 2188 814 688 2190 
1498 2189 2188 2190 696 
1499 696 2190 2191 2192 
1500 2190 688 2184 2191 
1501 2191 2184 673 2193 
1502 2192 2191 2193 698 
1503 568 2195 2194 858 
1504 2195 747 2196 2194 
1505 2194 2196 746 842 
1506 858 2194 842 653 
1507 651 2198 2197 2173 
1508 2198 751 860 2197 
1509 2197 860 750 854 
1510 2173 2197 854 667 
1511 728 784 2199 823 
1512 784 762 2200 2199 
1513 2199 2200 765 2201 
1514 823 2199 2201 691 
1515 769 800 2202 827 
1516 800 781 2203 2202 
1517 2202 2203 784 2204 
1518 827 2202 2204 728 
1519 788 812 2205 831 
1520 812 797 2206 2205 
1521 2205 2206 800 2207 
1522 831 2205 2207 769 
1523 387 844 2208 846 
1524 844 749 2209 2208 
1525 2208 2209 838 2210 
1526 846 2208 2210 662 
1527 662 2210 2211 1046 
1528 2210 838 2212 2211 
1529 2211 2212 840 1752 
1530 1046 2211 1752 560 
1531 654 855 2213 1472 
1532 855 753 2214 2213 
1533 2213 2214 845 2215 
1534 1472 2213 2215 674 
1535 753 852 2216 2214 
1536 852 387 2217 2216 
1537 2216 2217 846 2218 
1538 2214 2216 2218 845 
1539 674 2215 2219 1452 
1540 2215 845 2220 2219 
1541 2219 2220 847 1559 
1542 1452 2219 1559 661 
1543 868 2222 2221 910 
1544 2222 870 2223 2221 
1545 2221 2223 280 888 
1546 910 2221 888 308 
1547 872 2225 2224 914 
1548 2225 308 2226 2224 
1549 2224 2226 873 892 
1550 914 2224 892 871 
1551 309 940 2227 920 
1552 940 884 2228 2227 
1553 2227 2228 346 2229 
1554 920 2227 2229 279 
1555 871 2231 2230 918 
1556 2231 892 2232 2230 
1557 2230 2232 891 926 
1558 918 2230 926 882 
1559 934 2235 2233 2234 
1560 2235 936 955 2233 
1561 2233 955 90 944 
1562 2234 2233 944 885 
1563 870 2237 2236 2223 
1564 2237 934 2234 2236 
1565 2236 2234 885 938 
1566 2223 2236 938 280 
1567 941 966 2238 2239 
1568 966 393 979 2238 
1569 2238 979 342 2240 
1570 2239 2238 2240 537 
1571 886 953 2241 2242 
1572 953 941 2239 2241 
1573 2241 2239 537 2243 
1574 2242 2241 2243 281 
1575 947 2245 2244 957 
1576 2245 949 2246 2244 
1577 2244 2246 343 964 
1578 957 2244 964 942 
1579 949 2248 2247 2246 
1580 2248 967 2249 2247 
1581 2247 2249 394 971 
1582 2246 2247 971 343 
1583 393 990 2250 2251 
1584 990 973 995 2250 
1585 2250 995 978 2252 
1586 2251 2250 2252 979 
1587 1025 1036 2253 2254 
1588 2254 2253 2255 1027 
1589 1026 1058 2256 2257 
1590 1058 1025 2254 2256 
1591 2256 2254 1027 2258 
1592 2257 2256 2258 614 
1593 1029 1044 2259 2260 
1594 1044 1028 1579 2259 
1595 2259 1579 1032 2261 
1596 2260 2259 2261 1019 
1597 660 1891 2264 1097 
1598 1891 407 2265 2264 
1599 2264 2265 1064 2266 
1600 1097 2264 2266 1063 
1601 1047 2268 2267 1651 
1602 2268 560 2269 2267 
1603 2267 2269 1070 1756 
1604 1651 2267 1756 1069 
1605 1073 1674 2270 2271 
1606 1674 1072 1661 2270 
1607 2270 1661 1076 2272 
1608 2271 2270 2272 1059 
1609 1059 2272 2273 2274 
1610 2272 1076 1717 2273 
1611 2273 1717 1093 2275 
1612 2274 2273 2275 1094 
1613 1094 2275 2276 2277 
1614 2275 1093 1789 2276 
1615 2276 1789 1095 2278 
1616 2277 2276 2278 1062 
1617 406 1797 2279 1101 
1618 1797 1068 2280 2279 
1619 2279 2280 1096 2281 
1620 1101 2279 2281 1079 
1621 1084 1840 2282 1850 
1622 1840 406 2283 2282 
1623 2282 2283 1101 2284 
1624 1850 2282 2284 1099 
1625 1104 1862 2285 1328 
1626 1862 1103 1853 2285 
1627 2285 1853 1107 2286 
1628 1328 2285 2286 1017 
1629 446 2288 2287 1164 
1630 2288 1108 1189 2287 
1631 2287 1189 1111 1219 
1632 1164 2287 1219 431 
1633 462 2290 2289 1133 
1634 2290 1112 2291 2289 
1635 2289 2291 1115 1168 
1636 1133 2289 1168 443 
1637 291 1120 2292 2293 
1638 2292 1375 1116 2294 
1639 2293 2292 2294 497 
1640 414 1126 2295 2296 
1641 1126 435 1230 2295 
1642 2295 1230 1121 2297 
1643 2296 2295 2297 505 
1644 447 1165 2298 2299 
1645 1165 431 1218 2298 
1646 2298 1218 1125 2300 
1647 2299 2298 2300 1124 
1648 444 2098 2301 2118 
1649 2098 463 2302 2301 
1650 2301 2302 1127 2303 
1651 2118 2301 2303 521 
1652 463 1134 2304 2302 
1653 1134 443 1167 2304 
1654 2304 1167 1128 2305 
1655 2302 2304 2305 1127 
1656 1125 1220 2306 2307 
1657 1220 1171 1234 2306 
1658 2306 1234 1173 2308 
1659 2307 2306 2308 435 
1660 424 1180 2309 1231 
1661 1180 579 2310 2309 
1662 2309 2310 1174 2311 
1663 1231 2309 2311 1122 
1664 579 2145 2312 2310 
1665 2145 426 2313 2312 
1666 2312 2313 1175 2314 
1667 2310 2312 2314 1174 
1668 1172 1195 2315 1235 
1669 1195 1177 2316 2315 
1670 2315 2316 1180 2317 
1671 1235 2315 2317 424 
1672 1182 1224 2318 2319 
1673 1224 1181 1238 2318 
1674 2318 1238 1185 2320 
1675 2319 2318 2320 1171 
1676 1189 2323 2321 2322 
1677 2323 1188 1205 2321 
1678 2321 1205 1183 1223 
1679 2322 2321 1223 1111 
1680 1184 1211 2324 1239 
1681 1211 1192 2325 2324 
1682 2324 2325 1195 2326 
1683 1239 2324 2326 1172 
1684 1205 2329 2327 2328 
1685 2329 1204 1261 2327 
1686 2327 1261 1198 1227 
1687 2328 2327 1227 1183 
1688 1227 2332 2330 2331 
1689 2332 1198 1265 2330 
1690 2330 1265 1213 1255 
1691 2331 2330 1255 1225 
1692 561 1290 2333 2334 
1693 1290 1092 1304 2333 
1694 2333 1304 1276 2335 
1695 2334 2333 2335 1277 
1696 1091 2337 2336 1362 
1697 2337 1289 1340 2336 
1698 2336 1340 1287 2338 
1699 1362 2336 2338 1288 
1700 1287 1342 2339 2340 
1701 1342 1280 1308 2339 
1702 2339 1308 1092 2341 
1703 2340 2339 2341 1290 
1704 1288 2338 2342 2343 
1705 2338 1287 2340 2342 
1706 2342 2340 1290 2344 
1707 2343 2342 2344 561 
1708 1062 2278 2345 2346 
1709 2278 1095 2347 2345 
1710 2345 2347 1291 1321 
1711 2346 2345 1321 1292 
1712 1090 2353 2351 2352 
1713 2353 1296 1324 2351 
1714 2351 1324 1294 1345 
1715 2352 2351 1345 1295 
1716 1281 2355 2354 1326 
1717 2355 1300 2356 2354 
1718 2354 2356 1299 1331 
1719 1326 2354 1331 1297 
1720 1316 2359 2357 2358 
1721 2359 1292 1320 2357 
1722 2357 1320 1090 1341 
1723 2358 2357 1341 1289 
1724 1317 2362 2360 2361 
1725 2362 1316 2358 2360 
1726 2360 2358 1289 2337 
1727 2361 2360 2337 1091 
1728 1024 1373 2363 1415 
1729 1373 1286 2364 2363 
1730 2363 2364 1347 2365 
1731 1415 2363 2365 1348 
1732 1286 1353 2366 2364 
1733 1353 561 2334 2366 
1734 2366 2334 1277 2367 
1735 2364 2366 2367 1347 
1736 1350 1363 2368 2369 
1737 1363 1288 2343 2368 
1738 2368 2343 561 2370 
1739 2369 2368 2370 1353 
1740 1027 2255 2371 2372 
1741 2372 2371 2373 1354 
1742 1354 2373 2374 2375 
1743 2375 2374 1358 1285 
1744 1355 2378 2376 2377 
1745 2378 1354 2375 2376 
1746 2376 2375 1285 1386 
1747 2377 2376 1386 1022 
1748 1356 2381 2379 2380 
1749 2381 1317 2361 2379 
1750 2379 2361 1091 1361 
1751 2380 2379 1361 1352 
1752 565 2134 2382 2383 
1753 2134 410 1393 2382 
1754 2382 1393 1023 1403 
1755 2383 2382 1403 1364 
1756 1023 2386 2384 2385 
1757 2386 1368 1395 2384 
1758 2384 1395 1366 1407 
1759 2385 2384 1407 1367 
1760 1371 1391 2387 1419 
1761 1391 1370 2388 2387 
1762 2387 2388 1373 2389 
1763 1419 2387 2389 1024 
1764 1365 1404 2390 2391 
1765 1404 292 1378 2390 
1766 2390 1378 1274 2392 
1767 2391 2390 2392 1374 
1768 292 1408 2393 2394 
1769 1408 1369 1414 2393 
1770 2393 1414 1377 2395 
1771 2394 2393 2395 1378 
1772 1385 2397 2396 1436 
1773 2397 1384 2398 2396 
1774 2396 2398 1372 1389 
1775 1436 2396 1389 1284 
1776 1392 2401 2399 2400 
1777 2401 1355 2377 2399 
1778 2399 2377 1022 1396 
1779 2400 2399 1396 1368 
1780 1393 2404 2402 2403 
1781 2404 1392 2400 2402 
1782 2402 2400 1368 2386 
1783 2403 2402 2386 1023 
1784 1395 2407 2405 2406 
1785 2407 1394 1434 2405 
1786 2405 1434 1382 1411 
1787 2406 2405 1411 1366 
1788 1411 2410 2408 2409 
1789 2410 1382 1438 2408 
1790 2408 1438 1398 1431 
1791 2409 2408 1431 1409 
1792 50 2412 2411 2170 
1793 2412 1447 2413 2411 
1794 2411 2413 1446 1902 
1795 2170 2411 1902 659 
1796 1447 2415 2414 2413 
1797 2415 646 2416 2414 
1798 2414 2416 1448 1906 
1799 2413 2414 1906 1446 
1800 1450 2418 2417 1464 
1801 2418 1452 2419 2417 
1802 2417 2419 661 1563 
1803 1464 2417 1563 1049 
1804 1453 1470 2420 2421 
1805 1470 1456 2422 2420 
1806 2420 2422 675 1603 
1807 2421 2420 1603 1457 
1808 1454 1497 2423 2424 
1809 1497 1453 2421 2423 
1810 2423 2421 1457 2425 
1811 2424 2423 2425 1030 
1812 1456 1483 2426 2422 
1813 1483 1462 2427 2426 
1814 2426 2427 1465 1556 
1815 2422 2426 1556 675 
1816 689 2429 2428 2182 
1817 2429 1471 2430 2428 
1818 2428 2430 1451 1474 
1819 2182 2428 1474 672 
1820 698 2193 2431 2432 
1821 2193 673 1515 2431 
1822 2431 1515 1038 2433 
1823 2432 2431 2433 1489 
1824 1489 2433 2434 2435 
1825 2433 1038 1492 2434 
1826 2434 1492 613 2436 
1827 2435 2434 2436 1035 
1828 1520 2439 2437 2438 
1829 2439 1506 1528 2437 
1830 2437 1528 1468 1525 
1831 2438 2437 1525 1500 
1832 1030 2425 2440 2441 
1833 2425 1457 1602 2440 
1834 2440 1602 1540 2442 
1835 2441 2440 2442 1043 
1836 1043 2442 2443 2444 
1837 2442 1540 1582 2443 
1838 2443 1582 1541 2445 
1839 2444 2443 2445 1028 
1840 1539 1569 2446 2447 
1841 1569 1048 2448 2446 
1842 2446 2448 1547 1629 
1843 2447 2446 1629 1545 
1844 1032 1580 2449 2450 
1845 1580 1018 1624 2449 
1846 2449 1624 1543 2451 
1847 2450 2449 2451 1575 
1848 1575 2451 2452 2453 
1849 2451 1543 1641 2452 
1850 2452 1641 1021 2454 
1851 2453 2452 2454 1577 
1852 1604 2457 2455 2456 
1853 2457 1593 1612 2455 
1854 2455 1612 1551 1609 
1855 2456 2455 1609 1587 
1856 1544 2459 2458 1638 
1857 2459 1632 2460 2458 
1858 2458 2460 1634 1657 
1859 1650 2462 2461 1680 
1860 2462 1651 2463 2461 
1861 2461 2463 1069 1760 
1862 1680 2461 1760 1087 
1863 1074 2466 2464 2465 
1864 2466 1639 1692 2464 
1865 2464 1692 1652 1677 
1866 2465 2464 1677 1653 
1867 663 2468 2467 1694 
1868 2468 1657 2469 2467 
1869 2467 2469 1656 1700 
1870 1694 2467 1700 1654 
1871 1072 1678 2470 2471 
1872 1678 1655 1683 2470 
1873 2470 1683 1660 2472 
1874 2471 2470 2472 1661 
1875 1660 1685 2473 2474 
1876 1685 1662 1744 2473 
1877 2473 1744 1061 1726 
1878 2474 2473 1726 1663 
1879 1661 2472 2475 2476 
1880 2472 1660 2474 2475 
1881 2475 2474 1663 2477 
1882 2476 2475 2477 1076 
1883 1666 2479 2478 1698 
1884 2479 1654 2480 2478 
1885 2478 2480 1667 1704 
1886 1698 2478 1704 1664 
1887 1577 2454 2481 2482 
1888 2454 1021 1673 2481 
1889 2481 1673 1073 2483 
1890 2482 2481 2483 1669 
1891 1669 2483 2484 2485 
1892 2483 1073 2271 2484 
1893 2484 2271 1059 2486 
1894 2485 2484 2486 1671 
1895 1075 1702 2487 1684 
1896 1702 1659 2488 2487 
1897 2487 2488 1679 1745 
1898 1684 2487 1745 1662 
1899 1679 2490 2489 1746 
1900 2490 1680 2491 2489 
1901 2489 2491 1087 1764 
1902 1746 2489 1764 1681 
1903 1712 1766 2492 1736 
1904 1766 1714 2493 2492 
1905 2492 2493 1085 2494 
1906 1736 2492 2494 1715 
1907 1076 2477 2495 2496 
1908 2477 1663 1725 2495 
1909 2495 1725 1716 2497 
1910 2496 2495 2497 1717 
1911 1716 1727 2498 2499 
1912 1727 1713 1735 2498 
1913 2498 1735 1086 2500 
1914 2499 2498 2500 1718 
1915 1717 2497 2501 2502 
1916 2497 1716 2499 2501 
1917 2501 2499 1718 2503 
1918 2502 2501 2503 1093 
1919 1721 2505 2504 1750 
1920 2505 1681 2506 2504 
1921 2504 2506 1722 1768 
1922 1750 2504 1768 1719 
1923 1086 1737 2507 2508 
1924 1737 1715 2509 2507 
1925 2507 2509 1730 1793 
1926 2508 2507 1793 1731 
1927 1715 2494 2510 2509 
1928 2494 1085 2511 2510 
1929 2510 2511 1732 1785 
1930 2509 2510 1785 1730 
1931 1014 1794 2512 2513 
1932 1794 1733 1805 2512 
1933 2512 1805 1779 2514 
1934 2513 2512 2514 1780 
1935 1779 1807 2515 2516 
1936 1807 1781 1830 2515 
1937 2515 1830 1728 1827 
1938 2516 2515 1827 1782 
1939 1780 2514 2517 2518 
1940 2514 1779 2516 2517 
1941 2517 2516 1782 2519 
1942 2518 2517 2519 1293 
1943 1718 2500 2520 2521 
1944 2500 1086 2508 2520 
1945 2520 2508 1731 2522 
1946 2521 2520 2522 1788 
1947 1788 2522 2523 2524 
1948 2522 1731 1792 2523 
1949 2523 1792 1014 2525 
1950 2524 2523 2525 1790 
1951 1729 2527 2526 1815 
1952 2527 1798 2528 2526 
1953 2526 2528 1800 1846 
1954 1815 2526 1846 1081 
1955 1089 2530 2529 1806 
1956 2530 1778 2531 2529 
1957 2529 2531 1801 1831 
1958 1806 2529 1831 1781 
1959 1293 2519 2532 2533 
1960 2519 1782 1826 2532 
1961 2532 1826 1817 2534 
1962 2533 2532 2534 1818 
1963 1106 1848 2535 1854 
1964 1848 1838 2536 2535 
1965 2535 2536 1840 2537 
1966 1854 2535 2537 1084 
1967 1105 2540 2538 2539 
1968 2540 1816 1868 2538 
1969 2538 1868 1841 1865 
1970 2539 2538 1865 1842 
1971 643 2542 2541 2164 
1972 2542 645 2543 2541 
1973 2541 2543 383 1885 
1974 646 2545 2544 2416 
1975 2545 1885 2546 2544 
1976 2544 2546 1884 1913 
1977 2416 2544 1913 1448 
1978 1885 2548 2547 2546 
1979 2548 383 2549 2547 
1980 2547 2549 1886 1927 
1981 2546 2547 1927 1884 
1982 407 1904 2550 2265 
1983 1904 1449 2551 2550 
1984 2550 2551 1898 2552 
1985 2265 2550 2552 1064 
1986 1449 1908 2553 2551 
1987 1908 655 2554 2553 
1988 2553 2554 1899 2555 
1989 2551 2553 2555 1898 
1990 655 1915 2556 2554 
1991 1915 1887 1937 2556 
1992 2556 1937 1909 2557 
1993 2554 2556 2557 1899 
1994 645 2559 2558 2543 
1995 2559 1919 2560 2558 
1996 2558 2560 1881 1923 
1997 2543 2558 1923 383 
1998 101 159 2561 2562 
1999 159 103 2009 2561 
2000 2561 2009 75 2563 
2001 2562 2561 2563 104 
2002 102 199 2564 2565 
2003 199 101 2562 2564 
2004 2564 2562 104 2566 
2005 2565 2564 2566 76 
2006 83 163 2567 2568 
2007 163 109 2012 2567 
2008 2567 2012 156 2569 
2009 2568 2567 2569 157 
2010 106 168 2570 2571 
2011 168 142 2015 2570 
2012 2570 2015 160 2572 
2013 2571 2570 2572 161 
2014 160 2016 2573 2574 
2015 2016 162 2031 2573 
2016 2573 2031 109 2575 
2017 2574 2573 2575 163 
2018 161 2572 2576 2577 
2019 2572 160 2574 2576 
2020 2576 2574 163 2578 
2021 2577 2576 2578 83 
2022 117 202 2579 2580 
2023 202 83 2568 2579 
2024 2579 2568 157 2581 
2025 2580 2579 2581 197 
2026 149 206 2582 2583 
2027 206 106 2571 2582 
2028 2582 2571 161 2584 
2029 2583 2582 2584 200 
2030 200 2584 2585 2586 
2031 2584 161 2577 2585 
2032 2585 2577 83 2587 
2033 2586 2585 2587 202 
2034 240 290 2588 2034 
2035 290 242 2042 2588 
2036 2588 2042 177 2589 
2037 2034 2588 2589 243 
2038 243 2589 2590 2037 
2039 2589 177 2591 2590 
2040 2590 2591 253 2592 
2041 2037 2590 2592 252 
2042 252 2592 2593 273 
2043 2592 253 2594 2593 
2044 2593 2594 180 2595 
2045 273 2593 2595 254 
2046 259 2598 2596 2597 
2047 2598 261 2048 2596 
2048 2596 2048 178 288 
2049 2597 2596 288 241 
2050 239 2601 2599 2600 
2051 2601 259 2597 2599 
2052 2599 2597 241 263 
2053 2600 2599 263 82 
2054 294 336 2602 2603 
2055 336 295 2054 2602 
2056 2602 2054 154 2604 
2057 2603 2602 2604 296 
2058 250 321 2605 2606 
2059 321 294 2603 2605 
2060 2605 2603 296 2607 
2061 2606 2605 2607 153 
2062 177 2043 2608 2591 
2063 2043 286 2609 2608 
2064 2608 2609 316 2610 
2065 2591 2608 2610 253 
2066 286 897 2611 2609 
2067 897 179 2612 2611 
2068 2611 2612 317 2613 
2069 2609 2611 2613 316 
2070 316 2613 2614 2615 
2071 2613 317 2616 2614 
2072 2614 2616 91 324 
2073 2615 2614 324 298 
2074 253 2610 2617 2594 
2075 2610 316 2615 2617 
2076 2617 2615 298 2618 
2077 2594 2617 2618 180 
2078 179 878 2619 2612 
2079 878 310 2620 2619 
2080 2619 2620 327 2621 
2081 2612 2619 2621 317 
2082 310 921 2622 2620 
2083 921 279 2623 2622 
2084 2622 2623 328 2624 
2085 2620 2622 2624 327 
2086 327 2624 2625 2626 
2087 2624 328 2627 2625 
2088 2625 2627 282 339 
2089 2626 2625 339 319 
2090 317 2621 2628 2616 
2091 2621 327 2626 2628 
2092 2628 2626 319 2051 
2093 2616 2628 2051 91 
2094 279 2229 2629 2623 
2095 2229 346 2630 2629 
2096 2629 2630 345 2631 
2097 2623 2629 2631 328 
2098 328 2631 2632 2627 
2099 2631 345 2633 2632 
2100 2632 2633 334 2057 
2101 2627 2632 2057 282 
2102 456 2635 2634 2104 
2103 2635 455 2636 2634 
2104 2634 2636 445 461 
2105 2104 2634 461 278 
2106 278 2638 2637 2113 
2107 2638 461 2639 2637 
2108 2637 2639 459 2097 
2109 2113 2637 2097 460 
2110 461 2641 2640 2639 
2111 2641 445 2642 2640 
2112 2640 2642 462 1132 
2113 2639 2640 1132 459 
2114 332 502 2643 2644 
2115 502 291 2293 2643 
2116 2643 2293 497 2645 
2117 2644 2643 2645 495 
2118 438 510 2646 2647 
2119 510 414 2296 2646 
2120 2646 2296 505 2648 
2121 2647 2646 2648 503 
2122 537 2240 2649 2650 
2123 2240 342 2080 2649 
2124 2649 2080 417 2651 
2125 2650 2649 2651 536 
2126 536 2651 2652 2653 
2127 2651 417 539 2652 
2128 2652 539 330 2654 
2129 2653 2652 2654 349 
2130 552 2656 2655 2128 
2131 2656 554 2657 2655 
2132 2655 2657 277 2072 
2133 275 2659 2658 976 
2134 2659 556 2660 2658 
2135 2658 2660 555 2130 
2136 976 2658 2130 395 
2137 555 2662 2661 2131 
2138 2662 557 2663 2661 
2139 2661 2663 388 2088 
2140 2131 2661 2088 429 
2141 574 2148 2664 587 
2142 2148 563 2160 2664 
2143 2664 2160 575 2665 
2144 587 2664 2665 572 
2145 573 588 2666 2144 
2146 588 572 2667 2666 
2147 2666 2667 576 2668 
2148 2144 2666 2668 426 
2149 86 2670 2669 2070 
2150 2670 644 2671 2669 
2151 2669 2671 643 2163 
2152 2070 2669 2163 386 
2153 644 2673 2672 2671 
2154 2673 380 2674 2672 
2155 2672 2674 645 2542 
2156 2671 2672 2542 643 
2157 647 2676 2675 748 
2158 2676 649 2677 2675 
2159 2675 2677 50 2169 
2160 748 2675 2169 650 
2161 607 2680 2678 2679 
2162 2680 671 697 2678 
2163 2678 697 681 2176 
2164 2679 2678 2176 632 
2165 554 2682 2681 2657 
2166 2682 706 2683 2681 
2167 2681 2683 567 732 
2168 2657 2681 732 277 
2169 845 2218 2684 2220 
2170 2218 846 2685 2684 
2171 2684 2685 662 2686 
2172 2220 2684 2686 847 
2173 884 946 2687 2228 
2174 946 886 2242 2687 
2175 2687 2242 281 2688 
2176 2228 2687 2688 346 
2177 967 2690 2689 2249 
2178 2690 969 2691 2689 
2179 2689 2691 275 975 
2180 2249 2689 975 394 
2181 1035 2436 2692 2693 
2182 2436 613 1041 2692 
2183 2692 1041 1029 2694 
2184 2693 2692 2694 1033 
2185 1033 2694 2695 2696 
2186 2694 1029 2260 2695 
2187 2695 2260 1019 2697 
2188 2696 2695 2697 1036 
2189 847 2686 2698 1560 
2190 2686 662 2699 2698 
2191 2698 2699 1046 2700 
2192 1560 2698 2700 1045 
2193 1045 2700 2701 1633 
2194 2700 1046 2702 2701 
2195 2701 2702 560 2268 
2196 1633 2701 2268 1047 
2197 433 2704 2703 1114 
2198 2704 1109 2705 2703 
2199 2703 2705 1108 2288 
2200 1114 2703 2288 446 
2201 1109 2707 2706 2705 
2202 2707 425 2708 2706 
2203 2706 2708 1110 1190 
2204 2705 2706 1190 1108 
2205 455 2710 2709 2636 
2206 2710 458 2711 2709 
2207 2709 2711 433 1113 
2208 2636 2709 1113 445 
2209 445 2713 2712 2642 
2210 2713 1113 2714 2712 
2211 2712 2714 1112 2290 
2212 2642 2712 2290 462 
2213 432 1129 2715 2716 
2214 1129 447 2299 2715 
2215 2715 2299 1124 2717 
2216 2716 2715 2717 509 
2217 1124 2300 2718 2719 
2218 2300 1125 2307 2718 
2219 2718 2307 435 2720 
2220 2719 2718 2720 1126 
2221 509 2717 2721 2722 
2222 2717 1124 2719 2721 
2223 2721 2719 1126 2723 
2224 2722 2721 2723 414 
2225 425 2725 2724 2708 
2226 2725 1187 2726 2724 
2227 2724 2726 1186 1202 
2228 2708 2724 1202 1110 
2229 1318 2729 2727 2728 
2230 2729 1062 2346 2727 
2231 2727 2346 1292 2359 
2232 2728 2727 2359 1316 
2233 614 2258 2730 2731 
2234 2258 1027 2372 2730 
2235 2730 2372 1354 2378 
2236 2731 2730 2378 1355 
2237 409 2136 2732 2733 
2238 2136 565 2383 2732 
2239 2732 2383 1364 2734 
2240 2733 2732 2734 1119 
2241 1119 2734 2735 2736 
2242 2734 1364 1402 2735 
2243 2735 1402 1365 2737 
2244 2736 2735 2737 411 
2245 411 2737 2738 2739 
2246 2737 1365 2391 2738 
2247 2738 2391 1374 2740 
2248 2739 2738 2740 1375 
2249 1054 2743 2741 2742 
2250 2743 614 2731 2741 
2251 2741 2731 1355 2401 
2252 2742 2741 2401 1392 
2253 1451 2745 2744 1475 
2254 2745 674 2746 2744 
2255 2744 2746 1452 2418 
2256 1475 2744 2418 1450 
2257 1462 2748 2747 2427 
2258 2748 1464 2749 2747 
2259 2747 2749 1049 1590 
2260 2427 2747 1590 1465 
2261 668 2751 2750 2178 
2262 2751 757 2752 2750 
2263 2750 2752 1471 2429 
2264 2178 2750 2429 689 
2265 1471 2754 2753 2430 
2266 2754 1472 2755 2753 
2267 2753 2755 674 2745 
2268 2430 2753 2745 1451 
2269 1031 1553 2756 2757 
2270 1553 1539 2447 2756 
2271 2756 2447 1545 2758 
2272 2757 2756 2758 1546 
2273 1546 2758 2759 2760 
2274 2758 1545 1628 2759 
2275 2759 1628 1548 2761 
2276 2760 2759 2761 1018 
2277 1019 2261 2762 2763 
2278 2261 1032 2450 2762 
2279 2762 2450 1575 2764 
2280 2763 2762 2764 1576 
2281 1576 2764 2765 2766 
2282 2764 1575 2453 2765 
2283 2765 2453 1577 2767 
2284 2766 2765 2767 558 
2285 1541 1584 2768 2769 
2286 1584 1031 2757 2768 
2287 2768 2757 1546 2770 
2288 2769 2768 2770 1578 
2289 1578 2770 2771 2772 
2290 2770 1546 2760 2771 
2291 2771 2760 1018 2773 
2292 2772 2771 2773 1580 
2293 1020 2775 2774 1644 
2294 2775 1561 2776 2774 
2295 2774 2776 1632 2459 
2296 1644 2774 2459 1544 
2297 1636 1649 2777 2778 
2298 1649 1635 2779 2777 
2299 2777 2779 1639 2466 
2300 2778 2777 2466 1074 
2301 1634 2781 2780 1658 
2302 2781 1047 2782 2780 
2303 2780 2782 1651 2462 
2304 1658 2780 2462 1650 
2305 558 2767 2783 2784 
2306 2767 1577 2482 2783 
2307 2783 2482 1669 2785 
2308 2784 2783 2785 1670 
2309 1670 2785 2786 2787 
2310 2785 1669 2485 2786 
2311 2786 2485 1671 2788 
2312 2787 2786 2788 1060 
2313 1659 2790 2789 2488 
2314 2790 1650 2791 2789 
2315 2789 2791 1680 2490 
2316 2488 2789 2490 1679 
2317 1732 2793 2792 1786 
2318 2793 1776 2794 2792 
2319 2792 2794 1778 2530 
2320 1786 2792 2530 1089 
2321 1093 2503 2795 2796 
2322 2503 1718 2521 2795 
2323 2795 2521 1788 2797 
2324 2796 2795 2797 1789 
2325 1789 2797 2798 2799 
2326 2797 1788 2524 2798 
2327 2798 2524 1790 2800 
2328 2799 2798 2800 1095 
2329 1071 2802 2801 1802 
2330 2802 1758 2803 2801 
2331 2801 2803 1798 2527 
2332 1802 2801 2527 1729 
2333 1814 1824 2804 2805 
2334 1824 1813 2806 2804 
2335 2804 2806 1816 2540 
2336 2805 2804 2540 1105 
2337 1817 1828 2807 2808 
2338 1828 1814 2805 2807 
2339 2807 2805 1105 2809 
2340 2808 2807 2809 1819 
2341 1818 2534 2810 2811 
2342 2534 1817 2808 2810 
2343 2810 2808 1819 2812 
2344 2811 2810 2812 1082 
2345 1819 2809 2813 2814 
2346 2809 1105 2539 2813 
2347 2813 2539 1842 2815 
2348 2814 2813 2815 1861 
2349 1861 2815 2816 2817 
2350 2815 1842 1864 2816 
2351 2816 1864 1103 2818 
2352 2817 2816 2818 1862 
2353 380 2820 2819 2674 
2354 2820 1920 2821 2819 
2355 2819 2821 1919 2559 
2356 2674 2819 2559 645 
2357 557 2823 2822 2663 
2358 2823 2071 2824 2822 
2359 2822 2824 570 2138 
2360 2663 2822 2138 388 
2361 458 2826 2825 2711 
2362 2826 2093 2827 2825 
2363 2825 2827 1109 2704 
2364 2711 2825 2704 433 
2365 969 2829 2828 2691 
2366 2829 2126 2830 2828 
2367 2828 2830 556 2659 
2368 2691 2828 2659 275 
2369 426 2668 2831 2313 
2370 2668 576 2832 2831 
2371 2831 2832 2135 2833 
2372 2313 2831 2833 1175 
2373 649 2835 2834 2677 
2374 2835 2162 2836 2834 
2375 2834 2836 1447 2412 
2376 2677 2834 2412 50 
2377 1036 2697 2837 2838 
2378 2697 1019 2763 2837 
2379 2837 2763 1576 2839 
2380 2838 2837 2839 2253 
2381 2253 2839 2840 2841 
2382 2839 1576 2766 2840 
2383 2840 2766 558 2842 
2384 2841 2840 2842 2255 
2385 1671 2486 2843 2844 
2386 2486 1059 2274 2843 
2387 2843 2274 1094 2845 
2388 2844 2843 2845 2262 
2389 2262 2845 2846 2847 
2390 2845 1094 2277 2846 
2391 2846 2277 1062 2729 
2392 2847 2846 2729 1318 
2393 1790 2525 2848 2849 
2394 2525 1014 2513 2848 
2395 2848 2513 1780 2850 
2396 2849 2848 2850 2348 
2397 2348 2850 2851 2852 
2398 2850 1780 2518 2851 
2399 2851 2518 1293 2853 
2400 2852 2851 2853 2349 
2401 2349 2853 2854 2855 
2402 2853 1293 2533 2854 
2403 2854 2533 1818 2856 
2404 2855 2854 2856 2350 
2405 2350 2856 2857 2858 
2406 2856 1818 2811 2857 
2407 2857 2811 1082 2859 
2408 2858 2857 2859 1300 
2409 1322 2862 2860 2861 
2410 2862 2350 2858 2860 
2411 2860 2858 1300 2355 
2412 2861 2860 2355 1281 
2413 2255 2842 2863 2864 
2414 2842 558 2784 2863 
2415 2863 2784 1670 2865 
2416 2864 2863 2865 2371 
2417 2371 2865 2866 2867 
2418 2865 1670 2787 2866 
2419 2866 2787 1060 2868 
2420 2867 2866 2868 2373 
2421 237 2871 2869 2870 
2422 2871 239 2600 2869 
2423 2869 2600 82 246 
2424 2870 2869 246 182 
2425 172 2874 2872 2873 
2426 2874 237 2870 2872 
2427 2872 2870 182 2021 
2428 2873 2872 2021 107 
2429 249 300 2875 2876 
2430 300 250 2606 2875 
2431 2875 2606 153 2877 
2432 2876 2875 2877 251 
2433 158 269 2878 2879 
2434 269 249 2876 2878 
2435 2878 2876 251 2880 
2436 2879 2878 2880 103 
2437 180 2618 2881 2882 
2438 2618 298 323 2881 
2439 2881 323 297 2883 
2440 2882 2881 2883 268 
2441 346 2688 2884 2630 
2442 2688 281 2885 2884 
2443 2884 2885 347 2886 
2444 2630 2884 2886 345 
2445 345 2886 2887 2633 
2446 2886 347 2888 2887 
2447 2887 2888 5 354 
2448 2633 2887 354 334 
2449 349 2654 2889 2890 
2450 2654 330 420 2889 
2451 2889 420 350 2891 
2452 2890 2889 2891 348 
2453 348 2891 2892 2893 
2454 2891 350 2077 2892 
2455 2892 2077 329 2894 
2456 2893 2892 2894 351 
2457 154 2055 2895 2896 
2458 2055 332 2644 2895 
2459 2895 2644 495 2897 
2460 2896 2895 2897 496 
2461 412 2092 2898 2899 
2462 2092 438 2647 2898 
2463 2898 2647 503 2900 
2464 2899 2898 2900 504 
2465 454 522 2901 2902 
2466 522 432 2716 2901 
2467 2901 2716 509 2903 
2468 2902 2901 2903 507 
2469 507 2903 2904 2905 
2470 2903 509 2722 2904 
2471 2904 2722 414 2906 
2472 2905 2904 2906 510 
2473 281 2243 2907 2885 
2474 2243 537 2650 2907 
2475 2907 2650 536 2908 
2476 2885 2907 2908 347 
2477 347 2908 2909 2888 
2478 2908 536 2653 2909 
2479 2909 2653 349 2910 
2480 2888 2909 2910 5 
2481 556 2912 2911 2660 
2482 2912 389 2913 2911 
2483 2911 2913 557 2662 
2484 2660 2911 2662 555 
2485 572 2665 2914 2667 
2486 2665 575 2915 2914 
2487 2914 2915 562 2916 
2488 2667 2914 2916 576 
2489 575 2161 2917 2915 
2490 2161 619 2918 2917 
2491 2917 2918 621 2919 
2492 2915 2917 2919 562 
2493 618 2921 2920 1005 
2494 2921 607 2679 2920 
2495 2920 2679 632 2922 
2496 1005 2920 2922 631 
2497 631 2922 2923 2924 
2498 2922 632 2175 2923 
2499 2923 2175 612 2925 
2500 2924 2923 2925 633 
2501 620 1006 2926 2927 
2502 1006 631 2924 2926 
2503 2926 2924 633 2928 
2504 2927 2926 2928 564 
2505 648 2930 2929 2167 
2506 2930 386 2931 2929 
2507 2929 2931 649 2676 
2508 2167 2929 2676 647 
2509 617 2934 2932 2933 
2510 2934 669 684 2932 
2511 2932 684 671 2680 
2512 2933 2932 2680 607 
2513 706 2936 2935 2683 
2514 2936 708 2937 2935 
2515 2935 2937 384 711 
2516 2683 2935 711 567 
2517 679 2939 2938 760 
2518 2939 754 2940 2938 
2519 2938 2940 757 2751 
2520 760 2938 2751 668 
2521 633 2925 2941 2942 
2522 2925 612 1056 2941 
2523 2941 1056 1026 2943 
2524 2942 2941 2943 1052 
2525 1052 2943 2944 2945 
2526 2943 1026 2257 2944 
2527 2944 2257 614 2743 
2528 2945 2944 2743 1054 
2529 427 1176 2946 2947 
2530 1176 409 2733 2946 
2531 2946 2733 1119 2948 
2532 2947 2946 2948 1118 
2533 1118 2948 2949 2950 
2534 2948 1119 2736 2949 
2535 2949 2736 411 2951 
2536 2950 2949 2951 1120 
2537 1300 2859 2952 2356 
2538 2859 1082 2953 2952 
2539 2952 2953 1301 2954 
2540 2356 2952 2954 1299 
2541 1299 2954 2955 1332 
2542 2954 1301 2956 2955 
2543 2955 2956 1104 2957 
2544 1332 2955 2957 1302 
2545 1015 2960 2958 2959 
2546 2960 1318 2728 2958 
2547 2958 2728 1316 2362 
2548 2959 2958 2362 1317 
2549 1319 2963 2961 2962 
2550 2963 1322 2861 2961 
2551 2961 2861 1281 1325 
2552 2962 2961 1325 1296 
2553 1320 2966 2964 2965 
2554 2966 1319 2962 2964 
2555 2964 2962 1296 2353 
2556 2965 2964 2353 1090 
2557 1358 2969 2967 2968 
2558 2969 1015 2959 2967 
2559 2967 2959 1317 2381 
2560 2968 2967 2381 1356 
2561 410 2972 2970 2971 
2562 2972 1054 2742 2970 
2563 2970 2742 1392 2404 
2564 2971 2970 2404 1393 
2565 1463 2974 2973 1482 
2566 2974 1450 2975 2973 
2567 2973 2975 1464 2748 
2568 1482 2973 2748 1462 
2569 757 2977 2976 2752 
2570 2977 654 2978 2976 
2571 2976 2978 1472 2754 
2572 2752 2976 2754 1471 
2573 1473 2980 2979 1504 
2574 2980 1475 2981 2979 
2575 2979 2981 1450 2974 
2576 1504 2979 2974 1463 
2577 1050 2983 2982 1621 
2578 2983 1558 2984 2982 
2579 2982 2984 1561 2775 
2580 1621 2982 2775 1020 
2581 1028 2445 2985 2986 
2582 2445 1541 2769 2985 
2583 2985 2769 1578 2987 
2584 2986 2985 2987 1579 
2585 1579 2987 2988 2989 
2586 2987 1578 2772 2988 
2587 2988 2772 1580 2990 
2588 2989 2988 2990 1032 
2589 1632 2992 2991 2460 
2590 2992 1633 2993 2991 
2591 2991 2993 1047 2781 
2592 2460 2991 2781 1634 
2593 1635 2995 2994 2779 
2594 2995 1638 2996 2994 
2595 2994 2996 663 1693 
2596 2779 2994 1693 1639 
2597 1656 2998 2997 1701 
2598 2998 1658 2999 2997 
2599 2997 2999 1650 2790 
2600 1701 2997 2790 1659 
2601 1088 3001 3000 1777 
2602 3001 1755 3002 3000 
2603 3000 3002 1758 2802 
2604 1777 3000 2802 1071 
2605 1085 3004 3003 2511 
2606 3004 1762 3005 3003 
2607 3003 3005 1776 2793 
2608 2511 3003 2793 1732 
2609 1813 3007 3006 2806 
2610 3007 1815 3008 3006 
2611 3006 3008 1081 1869 
2612 2806 3006 1869 1816 
2613 1082 2812 3009 2953 
2614 2812 1819 2814 3009 
2615 3009 2814 1861 3010 
2616 2953 3009 3010 1301 
2617 1301 3010 3011 2956 
2618 3010 1861 2817 3011 
2619 3011 2817 1862 3012 
2620 2956 3011 3012 1104 
2621 296 2604 3013 3014 
2622 2604 154 2896 3013 
2623 3013 2896 496 3015 
2624 3014 3013 3015 2005 
2625 708 3017 3016 2937 
2626 3017 2068 3018 3016 
2627 3016 3018 648 2166 
2628 2937 3016 2166 384 
2629 389 3020 3019 2913 
2630 3020 2072 3021 3019 
2631 3019 3021 2071 2823 
2632 2913 3019 2823 557 
2633 2071 3023 3022 2824 
2634 3023 731 3024 3022 
2635 3022 3024 390 2141 
2636 2824 3022 2141 570 
2637 2093 3026 3025 2827 
2638 3026 2095 3027 3025 
2639 3025 3027 425 2707 
2640 2827 3025 2707 1109 
2641 2126 3029 3028 2830 
2642 3029 2128 3030 3028 
2643 3028 3030 389 2912 
2644 2830 3028 2912 556 
2645 576 2916 3031 2832 
2646 2916 562 3032 3031 
2647 3031 3032 2133 3033 
2648 2832 3031 3033 2135 
2649 2095 3035 3034 3027 
2650 3035 2152 3036 3034 
2651 3034 3036 1187 2725 
2652 3027 3034 2725 425 
2653 386 3038 3037 2931 
2654 3038 2163 3039 3037 
2655 3037 3039 2162 2835 
2656 2931 3037 2835 649 
2657 2162 3041 3040 2836 
2658 3041 2164 3042 3040 
2659 3040 3042 646 2415 
2660 2836 3040 2415 1447 
2661 1060 2788 3043 3044 
2662 2788 1671 2844 3043 
2663 3043 2844 2262 3045 
2664 3044 3043 3045 2263 
2665 2263 3045 3046 3047 
2666 3045 2262 2847 3046 
2667 3046 2847 1318 2960 
2668 3047 3046 2960 1015 
2669 1120 2951 3048 3049 
2670 2951 411 2739 3048 
2671 3048 2739 1375 3050 
2672 3049 3048 3050 2292 
2673 1095 2800 3051 3052 
2674 2800 1790 2849 3051 
2675 3051 2849 2348 3053 
2676 3052 3051 3053 2347 
2677 2347 3053 3054 3055 
2678 3053 2348 2852 3054 
2679 3054 2852 2349 3056 
2680 3055 3054 3056 1291 
2681 1291 3056 3057 3058 
2682 3056 2349 2855 3057 
2683 3057 2855 2350 2862 
2684 3058 3057 2862 1322 
2685 2373 2868 3059 3060 
2686 2868 1060 3044 3059 
2687 3059 3044 2263 3061 
2688 3060 3059 3061 2374 
2689 2374 3061 3062 3063 
2690 3061 2263 3047 3062 
2691 3062 3047 1015 2969 
2692 3063 3062 2969 1358 
2693 1638 3065 3064 2996 
2694 3065 2458 3066 3064 
2695 3064 3066 1657 2468 
2696 2996 3064 2468 663 
2697 2164 3068 3067 3042 
2698 3068 2541 3069 3067 
2699 3067 3069 1885 2545 
2700 3042 3067 2545 646 
2701 2128 3071 3070 3030 
2702 3071 2655 3072 3070 
2703 3070 3072 2072 3020 
2704 3030 3070 3020 389 
