v     0.1488528137     0.1628528137                0
v     0.1488528137     0.1567254603   -0.04174226124
v                0 -6.853228547e-19                0
v     0.1488528137     0.1396263314   -0.08021033487
v     0.1488528137     0.1134798239    -0.1134798239
v     0.1488528137    0.08021033487    -0.1396263314
v     0.1488528137    0.04174226124    -0.1567254603
v     0.1488528137 -1.421085472e-17    -0.1628528137
v     0.1488528137   -0.04174226124    -0.1567254603
v     0.1488528137   -0.08021033487    -0.1396263314
v     0.1488528137    -0.1134798239    -0.1134798239
v     0.1488528137    -0.1396263314   -0.08021033487
v     0.1488528137    -0.1567254603   -0.04174226124
v     0.1488528137    -0.1628528137 -7.105427358e-18
v     0.1488528137    -0.1567254603    0.04174226124
v     0.1488528137    -0.1396263314    0.08021033487
v     0.1488528137    -0.1134798239     0.1134798239
v     0.1488528137   -0.08021033487     0.1396263314
v     0.1488528137   -0.04174226124     0.1567254603
v     0.1488528137 -1.243449788e-17     0.1628528137
v     0.1488528137    0.04174226124     0.1567254603
v     0.1488528137    0.08021033487     0.1396263314
v     0.1488528137     0.1134798239     0.1134798239
v     0.1488528137     0.1396263314    0.08021033487
v     0.1488528137     0.1567254603    0.04174226124
v     0.3274594155     0.3594594155                0
v     0.3274594155     0.3462657972   -0.09379164913
v     0.3274594155     0.3092518502    -0.1791644148
v     0.3274594155     0.2522679356    -0.2522679356
v     0.3274594155     0.1791644148    -0.3092518502
v     0.3274594155    0.09379164913    -0.3462657972
v     0.3274594155 -1.598721155e-17    -0.3594594155
v     0.3274594155   -0.09379164913    -0.3462657972
v     0.3274594155    -0.1791644148    -0.3092518502
v     0.3274594155    -0.2522679356    -0.2522679356
v     0.3274594155    -0.3092518502    -0.1791644148
v     0.3274594155    -0.3462657972   -0.09379164913
v     0.3274594155    -0.3594594155 -7.993605777e-18
v     0.3274594155    -0.3462657972    0.09379164913
v     0.3274594155    -0.3092518502     0.1791644148
v     0.3274594155    -0.2522679356     0.2522679356
v     0.3274594155    -0.1791644148     0.3092518502
v     0.3274594155   -0.09379164913     0.3462657972
v     0.3274594155 -1.398881011e-17     0.3594594155
v     0.3274594155    0.09379164913     0.3462657972
v     0.3274594155     0.1791644148     0.3092518502
v     0.3274594155     0.2522679356     0.2522679356
v     0.3274594155     0.3092518502     0.1791644148
v     0.3274594155     0.3462657972    0.09379164913
v     0.5316396103     0.5496396103                0
v     0.5316396103     0.5297624059     -0.144898249
v     0.5316396103     0.4738183425    -0.2758549391
v     0.5316396103     0.3873387453    -0.3873387453
v     0.5316396103     0.2758549391    -0.4738183425
v     0.5316396103      0.144898249    -0.5297624059
v     0.5316396103 -1.065814104e-17    -0.5496396103
v     0.5316396103     -0.144898249    -0.5297624059
v     0.5316396103    -0.2758549391    -0.4738183425
v     0.5316396103    -0.3873387453    -0.3873387453
v     0.5316396103    -0.4738183425    -0.2758549391
v     0.5316396103    -0.5297624059     -0.144898249
v     0.5316396103    -0.5496396103 -5.329070518e-18
v     0.5316396103    -0.5297624059      0.144898249
v     0.5316396103    -0.4738183425     0.2758549391
v     0.5316396103    -0.3873387453     0.3873387453
v     0.5316396103    -0.2758549391     0.4738183425
v     0.5316396103     -0.144898249     0.5297624059
v     0.5316396103 -9.325873407e-18     0.5496396103
v     0.5316396103      0.144898249     0.5297624059
v     0.5316396103     0.2758549391     0.4738183425
v     0.5316396103     0.3873387453     0.3873387453
v     0.5316396103     0.4738183425     0.2758549391
v     0.5316396103     0.5297624059      0.144898249
v     0.7572132034     0.6932132034                0
v     0.7572132034     0.6683566813    -0.1838121464
v     0.7572132034     0.5982675947    -0.3492746075
v     0.7572132034     0.4896666635    -0.4896666635
v     0.7572132034     0.3492746075    -0.5982675947
v     0.7572132034     0.1838121464    -0.6683566813
v     0.7572132034 -3.552713679e-18    -0.6932132034
v     0.7572132034    -0.1838121464    -0.6683566813
v     0.7572132034    -0.3492746075    -0.5982675947
v     0.7572132034    -0.4896666635    -0.4896666635
v     0.7572132034    -0.5982675947    -0.3492746075
v     0.7572132034    -0.6683566813    -0.1838121464
v     0.7572132034    -0.6932132034 -1.776356839e-18
v     0.7572132034    -0.6683566813     0.1838121464
v     0.7572132034    -0.5982675947     0.3492746075
v     0.7572132034    -0.4896666635     0.4896666635
v     0.7572132034    -0.3492746075     0.5982675947
v     0.7572132034    -0.1838121464     0.6683566813
v     0.7572132034 -3.108624469e-18     0.6932132034
v     0.7572132034     0.1838121464     0.6683566813
v     0.7572132034     0.3492746075     0.5982675947
v     0.7572132034     0.4896666635     0.4896666635
v     0.7572132034     0.5982675947     0.3492746075
v     0.7572132034     0.6683566813     0.1838121464
v                1             0.75                0
v                1     0.7231900186    -0.1992834265
v                1      0.647541393    -0.3784161193
v                1     0.5302261006    -0.5302261006
v                1     0.3784161193     -0.647541393
v                1     0.1992834265    -0.7231900186
v                1                0            -0.75
v                1    -0.1992834265    -0.7231900186
v                1    -0.3784161193     -0.647541393
v                1    -0.5302261006    -0.5302261006
v                1     -0.647541393    -0.3784161193
v                1    -0.7231900186    -0.1992834265
v                1            -0.75                0
v                1    -0.7231900186     0.1992834265
v                1     -0.647541393     0.3784161193
v                1    -0.5302261006     0.5302261006
v                1    -0.3784161193      0.647541393
v                1    -0.1992834265     0.7231900186
v                1                0             0.75
v                1     0.1992834265     0.7231900186
v                1     0.3784161193      0.647541393
v                1     0.5302261006     0.5302261006
v                1      0.647541393     0.3784161193
v                1     0.7231900186     0.1992834265
v      1.264929915          0.80668                0
v      1.264929915      0.777843899    -0.2143439393
v      1.264929915     0.6964782545    -0.4070142868
v      1.264929915     0.5702970545    -0.5702970545
v      1.264929915     0.4070142868    -0.6964782545
v      1.264929915     0.2143439393     -0.777843899
v      1.264929915                0         -0.80668
v      1.264929915    -0.2143439393     -0.777843899
v      1.264929915    -0.4070142868    -0.6964782545
v      1.264929915    -0.5702970545    -0.5702970545
v      1.264929915    -0.6964782545    -0.4070142868
v      1.264929915     -0.777843899    -0.2143439393
v      1.264929915         -0.80668                0
v      1.264929915     -0.777843899     0.2143439393
v      1.264929915    -0.6964782545     0.4070142868
v      1.264929915    -0.5702970545     0.5702970545
v      1.264929915    -0.4070142868     0.6964782545
v      1.264929915    -0.2143439393      0.777843899
v      1.264929915                0          0.80668
v      1.264929915     0.2143439393      0.777843899
v      1.264929915     0.4070142868     0.6964782545
v      1.264929915     0.5702970545     0.5702970545
v      1.264929915     0.6964782545     0.4070142868
v      1.264929915      0.777843899     0.2143439393
v      1.554789744          0.94184                0
v      1.554789744     0.9081723829    -0.2502574699
v      1.554789744     0.8131738474     -0.475209917
v      1.554789744     0.6658508675    -0.6658508675
v      1.554789744      0.475209917    -0.8131738474
v      1.554789744     0.2502574699    -0.9081723829
v      1.554789744                0         -0.94184
v      1.554789744    -0.2502574699    -0.9081723829
v      1.554789744     -0.475209917    -0.8131738474
v      1.554789744    -0.6658508675    -0.6658508675
v      1.554789744    -0.8131738474     -0.475209917
v      1.554789744    -0.9081723829    -0.2502574699
v      1.554789744         -0.94184                0
v      1.554789744    -0.9081723829     0.2502574699
v      1.554789744    -0.8131738474      0.475209917
v      1.554789744    -0.6658508675     0.6658508675
v      1.554789744     -0.475209917     0.8131738474
v      1.554789744    -0.2502574699     0.9081723829
v      1.554789744                0          0.94184
v      1.554789744     0.2502574699     0.9081723829
v      1.554789744      0.475209917     0.8131738474
v      1.554789744     0.6658508675     0.6658508675
v      1.554789744     0.8131738474      0.475209917
v      1.554789744     0.9081723829     0.2502574699
v      1.862184617          1.10316                0
v      1.862184617      1.063725735    -0.2931220064
v      1.862184617     0.9524556841    -0.5566047015
v      1.862184617     0.7798989669    -0.7798989669
v      1.862184617     0.5566047015    -0.9524556841
v      1.862184617     0.2931220064     -1.063725735
v      1.862184617                0         -1.10316
v      1.862184617    -0.2931220064     -1.063725735
v      1.862184617    -0.5566047015    -0.9524556841
v      1.862184617    -0.7798989669    -0.7798989669
v      1.862184617    -0.9524556841    -0.5566047015
v      1.862184617     -1.063725735    -0.2931220064
v      1.862184617         -1.10316                0
v      1.862184617     -1.063725735     0.2931220064
v      1.862184617    -0.9524556841     0.5566047015
v      1.862184617    -0.7798989669     0.7798989669
v      1.862184617    -0.5566047015     0.9524556841
v      1.862184617    -0.2931220064      1.063725735
v      1.862184617                0          1.10316
v      1.862184617     0.2931220064      1.063725735
v      1.862184617     0.5566047015     0.9524556841
v      1.862184617     0.7798989669     0.7798989669
v      1.862184617     0.9524556841     0.5566047015
v      1.862184617      1.063725735     0.2931220064
v      2.179719659          1.23832                0
v      2.179719659      1.194054219     -0.329035537
v      2.179719659      1.069151277    -0.6248003318
v      2.179719659     0.8754527799    -0.8754527799
v      2.179719659     0.6248003318     -1.069151277
v      2.179719659      0.329035537     -1.194054219
v      2.179719659                0         -1.23832
v      2.179719659     -0.329035537     -1.194054219
v      2.179719659    -0.6248003318     -1.069151277
v      2.179719659    -0.8754527799    -0.8754527799
v      2.179719659     -1.069151277    -0.6248003318
v      2.179719659     -1.194054219     -0.329035537
v      2.179719659         -1.23832                0
v      2.179719659     -1.194054219      0.329035537
v      2.179719659     -1.069151277     0.6248003318
v      2.179719659    -0.8754527799     0.8754527799
v      2.179719659    -0.6248003318      1.069151277
v      2.179719659     -0.329035537      1.194054219
v      2.179719659                0          1.23832
v      2.179719659      0.329035537      1.194054219
v      2.179719659     0.6248003318      1.069151277
v      2.179719659     0.8754527799     0.8754527799
v      2.179719659      1.069151277     0.6248003318
v      2.179719659      1.194054219      0.329035537
v              2.5            1.295                0
v              2.5      1.248708099    -0.3440960498
v              2.5      1.118088139    -0.6533984993
v              2.5     0.9155237338    -0.9155237338
v              2.5     0.6533984993     -1.118088139
v              2.5     0.3440960498     -1.248708099
v              2.5                0           -1.295
v              2.5    -0.3440960498     -1.248708099
v              2.5    -0.6533984993     -1.118088139
v              2.5    -0.9155237338    -0.9155237338
v              2.5     -1.118088139    -0.6533984993
v              2.5     -1.248708099    -0.3440960498
v              2.5           -1.295                0
v              2.5     -1.248708099     0.3440960498
v              2.5     -1.118088139     0.6533984993
v              2.5    -0.9155237338     0.9155237338
v              2.5    -0.6533984993      1.118088139
v              2.5    -0.3440960498      1.248708099
v              2.5                0            1.295
v              2.5     0.3440960498      1.248708099
v              2.5     0.6533984993      1.118088139
v              2.5     0.9155237338     0.9155237338
v              2.5      1.118088139     0.6533984993
v              2.5      1.248708099     0.3440960498
v      2.882435375          1.36468                0
v      2.882435375      1.315897273    -0.3626108087
v      2.882435375      1.178249051    -0.6885558795
v      2.882435375     0.9647852734    -0.9647852734
v      2.882435375     0.6885558795     -1.178249051
v      2.882435375     0.3626108087     -1.315897273
v      2.882435375                0         -1.36468
v      2.882435375    -0.3626108087     -1.315897273
v      2.882435375    -0.6885558795     -1.178249051
v      2.882435375    -0.9647852734    -0.9647852734
v      2.882435375     -1.178249051    -0.6885558795
v      2.882435375     -1.315897273    -0.3626108087
v      2.882435375         -1.36468                0
v      2.882435375     -1.315897273     0.3626108087
v      2.882435375     -1.178249051     0.6885558795
v      2.882435375    -0.9647852734     0.9647852734
v      2.882435375    -0.6885558795      1.178249051
v      2.882435375    -0.3626108087      1.315897273
v      2.882435375                0          1.36468
v      2.882435375     0.3626108087      1.315897273
v      2.882435375     0.6885558795      1.178249051
v      2.882435375     0.9647852734     0.9647852734
v      2.882435375      1.178249051     0.6885558795
v      2.882435375      1.315897273     0.3626108087
v      3.364280486          1.53084                0
v      3.364280486      1.476117611    -0.4067613875
v      3.364280486      1.321709688    -0.7723927094
v      3.364280486      1.082255099     -1.082255099
v      3.364280486     0.7723927094     -1.321709688
v      3.364280486     0.4067613875     -1.476117611
v      3.364280486                0         -1.53084
v      3.364280486    -0.4067613875     -1.476117611
v      3.364280486    -0.7723927094     -1.321709688
v      3.364280486     -1.082255099     -1.082255099
v      3.364280486     -1.321709688    -0.7723927094
v      3.364280486     -1.476117611    -0.4067613875
v      3.364280486         -1.53084                0
v      3.364280486     -1.476117611     0.4067613875
v      3.364280486     -1.321709688     0.7723927094
v      3.364280486     -1.082255099      1.082255099
v      3.364280486    -0.7723927094      1.321709688
v      3.364280486    -0.4067613875      1.476117611
v      3.364280486                0          1.53084
v      3.364280486     0.4067613875      1.476117611
v      3.364280486     0.7723927094      1.321709688
v      3.364280486      1.082255099      1.082255099
v      3.364280486      1.321709688     0.7723927094
v      3.364280486      1.476117611     0.4067613875
v       3.90490791          1.72916                0
v       3.90490791      1.667348337    -0.4594572397
v       3.90490791        1.4929369    -0.8724560224
v       3.90490791      1.222461019     -1.222461019
v       3.90490791     0.8724560224       -1.4929369
v       3.90490791     0.4594572397     -1.667348337
v       3.90490791                0         -1.72916
v       3.90490791    -0.4594572397     -1.667348337
v       3.90490791    -0.8724560224       -1.4929369
v       3.90490791     -1.222461019     -1.222461019
v       3.90490791       -1.4929369    -0.8724560224
v       3.90490791     -1.667348337    -0.4594572397
v       3.90490791         -1.72916                0
v       3.90490791     -1.667348337     0.4594572397
v       3.90490791       -1.4929369     0.8724560224
v       3.90490791     -1.222461019      1.222461019
v       3.90490791    -0.8724560224        1.4929369
v       3.90490791    -0.4594572397      1.667348337
v       3.90490791                0          1.72916
v       3.90490791     0.4594572397      1.667348337
v       3.90490791     0.8724560224        1.4929369
v       3.90490791      1.222461019      1.222461019
v       3.90490791        1.4929369     0.8724560224
v       3.90490791      1.667348337     0.4594572397
v      4.463690223          1.89532                0
v      4.463690223      1.827568675    -0.5036078186
v      4.463690223      1.636397537    -0.9562928522
v      4.463690223      1.339930844     -1.339930844
v      4.463690223     0.9562928522     -1.636397537
v      4.463690223     0.5036078186     -1.827568675
v      4.463690223                0         -1.89532
v      4.463690223    -0.5036078186     -1.827568675
v      4.463690223    -0.9562928522     -1.636397537
v      4.463690223     -1.339930844     -1.339930844
v      4.463690223     -1.636397537    -0.9562928522
v      4.463690223     -1.827568675    -0.5036078186
v      4.463690223         -1.89532                0
v      4.463690223     -1.827568675     0.5036078186
v      4.463690223     -1.636397537     0.9562928522
v      4.463690223     -1.339930844      1.339930844
v      4.463690223    -0.9562928522      1.636397537
v      4.463690223    -0.5036078186      1.827568675
v      4.463690223                0          1.89532
v      4.463690223     0.5036078186      1.827568675
v      4.463690223     0.9562928522      1.636397537
v      4.463690223      1.339930844      1.339930844
v      4.463690223      1.636397537     0.9562928522
v      4.463690223      1.827568675     0.5036078186
v                5            1.965                0
v                5      1.894757849    -0.5221225775
v                5       1.69655845    -0.9914502325
v                5      1.389192384     -1.389192384
v                5     0.9914502325      -1.69655845
v                5     0.5221225775     -1.894757849
v                5                0           -1.965
v                5    -0.5221225775     -1.894757849
v                5    -0.9914502325      -1.69655845
v                5     -1.389192384     -1.389192384
v                5      -1.69655845    -0.9914502325
v                5     -1.894757849    -0.5221225775
v                5           -1.965                0
v                5     -1.894757849     0.5221225775
v                5      -1.69655845     0.9914502325
v                5     -1.389192384      1.389192384
v                5    -0.9914502325       1.69655845
v                5    -0.5221225775      1.894757849
v                5                0            1.965
v                5     0.5221225775      1.894757849
v                5     0.9914502325       1.69655845
v                5      1.389192384      1.389192384
v                5       1.69655845     0.9914502325
v                5      1.894757849     0.5221225775
v      5.505534897          2.02116                0
v      5.505534897      1.948910317    -0.5370449205
v      5.505534897      1.745046349     -1.019786032
v      5.505534897      1.428895714     -1.428895714
v      5.505534897      1.019786032     -1.745046349
v      5.505534897     0.5370449205     -1.948910317
v      5.505534897                0         -2.02116
v      5.505534897    -0.5370449205     -1.948910317
v      5.505534897     -1.019786032     -1.745046349
v      5.505534897     -1.428895714     -1.428895714
v      5.505534897     -1.745046349     -1.019786032
v      5.505534897     -1.948910317    -0.5370449205
v      5.505534897         -2.02116                0
v      5.505534897     -1.948910317     0.5370449205
v      5.505534897     -1.745046349      1.019786032
v      5.505534897     -1.428895714      1.428895714
v      5.505534897     -1.019786032      1.745046349
v      5.505534897    -0.5370449205      1.948910317
v      5.505534897                0          2.02116
v      5.505534897     0.5370449205      1.948910317
v      5.505534897      1.019786032      1.745046349
v      5.505534897      1.428895714      1.428895714
v      5.505534897      1.745046349      1.019786032
v      5.505534897      1.948910317     0.5370449205
v      6.002767448          2.15508                0
v      6.002767448      2.078043127    -0.5726289691
v      6.002767448       1.86067134     -1.087356014
v      6.002767448      1.523572887     -1.523572887
v      6.002767448      1.087356014      -1.86067134
v      6.002767448     0.5726289691     -2.078043127
v      6.002767448                0         -2.15508
v      6.002767448    -0.5726289691     -2.078043127
v      6.002767448     -1.087356014      -1.86067134
v      6.002767448     -1.523572887     -1.523572887
v      6.002767448      -1.86067134     -1.087356014
v      6.002767448     -2.078043127    -0.5726289691
v      6.002767448         -2.15508                0
v      6.002767448     -2.078043127     0.5726289691
v      6.002767448      -1.86067134      1.087356014
v      6.002767448     -1.523572887      1.523572887
v      6.002767448     -1.087356014       1.86067134
v      6.002767448    -0.5726289691      2.078043127
v      6.002767448                0          2.15508
v      6.002767448     0.5726289691      2.078043127
v      6.002767448      1.087356014       1.86067134
v      6.002767448      1.523572887      1.523572887
v      6.002767448       1.86067134      1.087356014
v      6.002767448      2.078043127     0.5726289691
v      6.497232552          2.31492                0
v      6.497232552      2.232169384     -0.615100253
v      6.497232552      1.998675362     -1.168004057
v      6.497232552      1.636574673     -1.636574673
v      6.497232552      1.168004057     -1.998675362
v      6.497232552      0.615100253     -2.232169384
v      6.497232552                0         -2.31492
v      6.497232552     -0.615100253     -2.232169384
v      6.497232552     -1.168004057     -1.998675362
v      6.497232552     -1.636574673     -1.636574673
v      6.497232552     -1.998675362     -1.168004057
v      6.497232552     -2.232169384     -0.615100253
v      6.497232552         -2.31492                0
v      6.497232552     -2.232169384      0.615100253
v      6.497232552     -1.998675362      1.168004057
v      6.497232552     -1.636574673      1.636574673
v      6.497232552     -1.168004057      1.998675362
v      6.497232552     -0.615100253      2.232169384
v      6.497232552                0          2.31492
v      6.497232552      0.615100253      2.232169384
v      6.497232552      1.168004057      1.998675362
v      6.497232552      1.636574673      1.636574673
v      6.497232552      1.998675362      1.168004057
v      6.497232552      2.232169384      0.615100253
v      6.994465103          2.44884                0
v      6.994465103      2.361302194    -0.6506843016
v      6.994465103      2.114300353     -1.235574039
v      6.994465103      1.731251846     -1.731251846
v      6.994465103      1.235574039     -2.114300353
v      6.994465103     0.6506843016     -2.361302194
v      6.994465103                0         -2.44884
v      6.994465103    -0.6506843016     -2.361302194
v      6.994465103     -1.235574039     -2.114300353
v      6.994465103     -1.731251846     -1.731251846
v      6.994465103     -2.114300353     -1.235574039
v      6.994465103     -2.361302194    -0.6506843016
v      6.994465103         -2.44884                0
v      6.994465103     -2.361302194     0.6506843016
v      6.994465103     -2.114300353      1.235574039
v      6.994465103     -1.731251846      1.731251846
v      6.994465103     -1.235574039      2.114300353
v      6.994465103    -0.6506843016      2.361302194
v      6.994465103                0          2.44884
v      6.994465103     0.6506843016      2.361302194
v      6.994465103      1.235574039      2.114300353
v      6.994465103      1.731251846      1.731251846
v      6.994465103      2.114300353      1.235574039
v      6.994465103      2.361302194     0.6506843016
v              7.5            2.505                0
v              7.5      2.415454662    -0.6656066446
v              7.5      2.162788253     -1.263909838
v              7.5      1.770955176     -1.770955176
v              7.5      1.263909838     -2.162788253
v              7.5     0.6656066446     -2.415454662
v              7.5                0           -2.505
v              7.5    -0.6656066446     -2.415454662
v              7.5     -1.263909838     -2.162788253
v              7.5     -1.770955176     -1.770955176
v              7.5     -2.162788253     -1.263909838
v              7.5     -2.415454662    -0.6656066446
v              7.5           -2.505                0
v              7.5     -2.415454662     0.6656066446
v              7.5     -2.162788253      1.263909838
v              7.5     -1.770955176      1.770955176
v              7.5     -1.263909838      2.162788253
v              7.5    -0.6656066446      2.415454662
v              7.5                0            2.505
v              7.5     0.6656066446      2.415454662
v              7.5      1.263909838      2.162788253
v              7.5      1.770955176      1.770955176
v              7.5      2.162788253      1.263909838
v              7.5      2.415454662     0.6656066446
v      8.034555323          2.56168                0
v      8.034555323      2.470108543    -0.6806671574
v      8.034555323      2.211725114     -1.292508006
v      8.034555323       1.81102613      -1.81102613
v      8.034555323      1.292508006     -2.211725114
v      8.034555323     0.6806671574     -2.470108543
v      8.034555323                0         -2.56168
v      8.034555323    -0.6806671574     -2.470108543
v      8.034555323     -1.292508006     -2.211725114
v      8.034555323      -1.81102613      -1.81102613
v      8.034555323     -2.211725114     -1.292508006
v      8.034555323     -2.470108543    -0.6806671574
v      8.034555323         -2.56168                0
v      8.034555323     -2.470108543     0.6806671574
v      8.034555323     -2.211725114      1.292508006
v      8.034555323      -1.81102613       1.81102613
v      8.034555323     -1.292508006      2.211725114
v      8.034555323    -0.6806671574      2.470108543
v      8.034555323                0          2.56168
v      8.034555323     0.6806671574      2.470108543
v      8.034555323      1.292508006      2.211725114
v      8.034555323       1.81102613       1.81102613
v      8.034555323      2.211725114      1.292508006
v      8.034555323      2.470108543     0.6806671574
v      8.605828728          2.69684                0
v      8.605828728      2.600437026     -0.716580688
v      8.605828728      2.328420707     -1.360703636
v      8.605828728      1.906579943     -1.906579943
v      8.605828728      1.360703636     -2.328420707
v      8.605828728      0.716580688     -2.600437026
v      8.605828728                0         -2.69684
v      8.605828728     -0.716580688     -2.600437026
v      8.605828728     -1.360703636     -2.328420707
v      8.605828728     -1.906579943     -1.906579943
v      8.605828728     -2.328420707     -1.360703636
v      8.605828728     -2.600437026     -0.716580688
v      8.605828728         -2.69684                0
v      8.605828728     -2.600437026      0.716580688
v      8.605828728     -2.328420707      1.360703636
v      8.605828728     -1.906579943      1.906579943
v      8.605828728     -1.360703636      2.328420707
v      8.605828728     -0.716580688      2.600437026
v      8.605828728                0          2.69684
v      8.605828728      0.716580688      2.600437026
v      8.605828728      1.360703636      2.328420707
v      8.605828728      1.906579943      1.906579943
v      8.605828728      2.328420707      1.360703636
v      8.605828728      2.600437026      0.716580688
v      9.199824471          2.85816                0
v      9.199824471      2.755990378    -0.7594452244
v      9.199824471      2.467702544     -1.442098421
v      9.199824471      2.020628042     -2.020628042
v      9.199824471      1.442098421     -2.467702544
v      9.199824471     0.7594452244     -2.755990378
v      9.199824471                0         -2.85816
v      9.199824471    -0.7594452244     -2.755990378
v      9.199824471     -1.442098421     -2.467702544
v      9.199824471     -2.020628042     -2.020628042
v      9.199824471     -2.467702544     -1.442098421
v      9.199824471     -2.755990378    -0.7594452244
v      9.199824471         -2.85816                0
v      9.199824471     -2.755990378     0.7594452244
v      9.199824471     -2.467702544      1.442098421
v      9.199824471     -2.020628042      2.020628042
v      9.199824471     -1.442098421      2.467702544
v      9.199824471    -0.7594452244      2.755990378
v      9.199824471                0          2.85816
v      9.199824471     0.7594452244      2.755990378
v      9.199824471      1.442098421      2.467702544
v      9.199824471      2.020628042      2.020628042
v      9.199824471      2.467702544      1.442098421
v      9.199824471      2.755990378     0.7594452244
v      9.802546809          2.99332                0
v      9.802546809      2.886318862     -0.795358755
v      9.802546809      2.584398137     -1.510294051
v      9.802546809      2.116181855     -2.116181855
v      9.802546809      1.510294051     -2.584398137
v      9.802546809      0.795358755     -2.886318862
v      9.802546809                0         -2.99332
v      9.802546809     -0.795358755     -2.886318862
v      9.802546809     -1.510294051     -2.584398137
v      9.802546809     -2.116181855     -2.116181855
v      9.802546809     -2.584398137     -1.510294051
v      9.802546809     -2.886318862     -0.795358755
v      9.802546809         -2.99332                0
v      9.802546809     -2.886318862      0.795358755
v      9.802546809     -2.584398137      1.510294051
v      9.802546809     -2.116181855      2.116181855
v      9.802546809     -1.510294051      2.584398137
v      9.802546809     -0.795358755      2.886318862
v      9.802546809                0          2.99332
v      9.802546809      0.795358755      2.886318862
v      9.802546809      1.510294051      2.584398137
v      9.802546809      2.116181855      2.116181855
v      9.802546809      2.584398137      1.510294051
v      9.802546809      2.886318862      0.795358755
v             10.4             3.05                0
v             10.4      2.940972742    -0.8104192678
v             10.4      2.633334998     -1.538892218
v             10.4      2.156252809     -2.156252809
v             10.4      1.538892218     -2.633334998
v             10.4     0.8104192678     -2.940972742
v             10.4                0            -3.05
v             10.4    -0.8104192678     -2.940972742
v             10.4     -1.538892218     -2.633334998
v             10.4     -2.156252809     -2.156252809
v             10.4     -2.633334998     -1.538892218
v             10.4     -2.940972742    -0.8104192678
v             10.4            -3.05                0
v             10.4     -2.940972742     0.8104192678
v             10.4     -2.633334998      1.538892218
v             10.4     -2.156252809      2.156252809
v             10.4     -1.538892218      2.633334998
v             10.4    -0.8104192678      2.940972742
v             10.4                0             3.05
v             10.4     0.8104192678      2.940972742
v             10.4      1.538892218      2.633334998
v             10.4      2.156252809      2.156252809
v             10.4      2.633334998      1.538892218
v             10.4      2.940972742     0.8104192678
v      11.05609816             3.05                0
v      11.05609816      2.940972742    -0.8104192678
v      11.05609816      2.633334998     -1.538892218
v      11.05609816      2.156252809     -2.156252809
v      11.05609816      1.538892218     -2.633334998
v      11.05609816     0.8104192678     -2.940972742
v      11.05609816                0            -3.05
v      11.05609816    -0.8104192678     -2.940972742
v      11.05609816     -1.538892218     -2.633334998
v      11.05609816     -2.156252809     -2.156252809
v      11.05609816     -2.633334998     -1.538892218
v      11.05609816     -2.940972742    -0.8104192678
v      11.05609816            -3.05                0
v      11.05609816     -2.940972742     0.8104192678
v      11.05609816     -2.633334998      1.538892218
v      11.05609816     -2.156252809      2.156252809
v      11.05609816     -1.538892218      2.633334998
v      11.05609816    -0.8104192678      2.940972742
v      11.05609816                0             3.05
v      11.05609816     0.8104192678      2.940972742
v      11.05609816      1.538892218      2.633334998
v      11.05609816      2.156252809      2.156252809
v      11.05609816      2.633334998      1.538892218
v      11.05609816      2.940972742     0.8104192678
v      11.80411043             3.05                0
v      11.80411043      2.940972742    -0.8104192678
v      11.80411043      2.633334998     -1.538892218
v      11.80411043      2.156252809     -2.156252809
v      11.80411043      1.538892218     -2.633334998
v      11.80411043     0.8104192678     -2.940972742
v      11.80411043                0            -3.05
v      11.80411043    -0.8104192678     -2.940972742
v      11.80411043     -1.538892218     -2.633334998
v      11.80411043     -2.156252809     -2.156252809
v      11.80411043     -2.633334998     -1.538892218
v      11.80411043     -2.940972742    -0.8104192678
v      11.80411043            -3.05                0
v      11.80411043     -2.940972742     0.8104192678
v      11.80411043     -2.633334998      1.538892218
v      11.80411043     -2.156252809      2.156252809
v      11.80411043     -1.538892218      2.633334998
v      11.80411043    -0.8104192678      2.940972742
v      11.80411043                0             3.05
v      11.80411043     0.8104192678      2.940972742
v      11.80411043      1.538892218      2.633334998
v      11.80411043      2.156252809      2.156252809
v      11.80411043      2.633334998      1.538892218
v      11.80411043      2.940972742     0.8104192678
v      12.58407362             3.05                0
v      12.58407362      2.940972742    -0.8104192678
v      12.58407362      2.633334998     -1.538892218
v      12.58407362      2.156252809     -2.156252809
v      12.58407362      1.538892218     -2.633334998
v      12.58407362     0.8104192678     -2.940972742
v      12.58407362                0            -3.05
v      12.58407362    -0.8104192678     -2.940972742
v      12.58407362     -1.538892218     -2.633334998
v      12.58407362     -2.156252809     -2.156252809
v      12.58407362     -2.633334998     -1.538892218
v      12.58407362     -2.940972742    -0.8104192678
v      12.58407362            -3.05                0
v      12.58407362     -2.940972742     0.8104192678
v      12.58407362     -2.633334998      1.538892218
v      12.58407362     -2.156252809      2.156252809
v      12.58407362     -1.538892218      2.633334998
v      12.58407362    -0.8104192678      2.940972742
v      12.58407362                0             3.05
v      12.58407362     0.8104192678      2.940972742
v      12.58407362      1.538892218      2.633334998
v      12.58407362      2.156252809      2.156252809
v      12.58407362      2.633334998      1.538892218
v      12.58407362      2.940972742     0.8104192678
v      13.33602454             3.05                0
v      13.33602454      2.940972742    -0.8104192678
v      13.33602454      2.633334998     -1.538892218
v      13.33602454      2.156252809     -2.156252809
v      13.33602454      1.538892218     -2.633334998
v      13.33602454     0.8104192678     -2.940972742
v      13.33602454                0            -3.05
v      13.33602454    -0.8104192678     -2.940972742
v      13.33602454     -1.538892218     -2.633334998
v      13.33602454     -2.156252809     -2.156252809
v      13.33602454     -2.633334998     -1.538892218
v      13.33602454     -2.940972742    -0.8104192678
v      13.33602454            -3.05                0
v      13.33602454     -2.940972742     0.8104192678
v      13.33602454     -2.633334998      1.538892218
v      13.33602454     -2.156252809      2.156252809
v      13.33602454     -1.538892218      2.633334998
v      13.33602454    -0.8104192678      2.940972742
v      13.33602454                0             3.05
v      13.33602454     0.8104192678      2.940972742
v      13.33602454      1.538892218      2.633334998
v      13.33602454      2.156252809      2.156252809
v      13.33602454      2.633334998      1.538892218
v      13.33602454      2.940972742     0.8104192678
v               14             3.05                0
v               14      2.940972742    -0.8104192678
v               14      2.633334998     -1.538892218
v               14      2.156252809     -2.156252809
v               14      1.538892218     -2.633334998
v               14     0.8104192678     -2.940972742
v               14                0            -3.05
v               14    -0.8104192678     -2.940972742
v               14     -1.538892218     -2.633334998
v               14     -2.156252809     -2.156252809
v               14     -2.633334998     -1.538892218
v               14     -2.940972742    -0.8104192678
v               14            -3.05                0
v               14     -2.940972742     0.8104192678
v               14     -2.633334998      1.538892218
v               14     -2.156252809      2.156252809
v               14     -1.538892218      2.633334998
v               14    -0.8104192678      2.940972742
v               14                0             3.05
v               14     0.8104192678      2.940972742
v               14      1.538892218      2.633334998
v               14      2.156252809      2.156252809
v               14      2.633334998      1.538892218
v               14      2.940972742     0.8104192678
v             14.6             3.05                0
v             14.6      2.940972742    -0.8104192678
v             14.6      2.633334998     -1.538892218
v             14.6      2.156252809     -2.156252809
v             14.6      1.538892218     -2.633334998
v             14.6     0.8104192678     -2.940972742
v             14.6                0            -3.05
v             14.6    -0.8104192678     -2.940972742
v             14.6     -1.538892218     -2.633334998
v             14.6     -2.156252809     -2.156252809
v             14.6     -2.633334998     -1.538892218
v             14.6     -2.940972742    -0.8104192678
v             14.6            -3.05                0
v             14.6     -2.940972742     0.8104192678
v             14.6     -2.633334998      1.538892218
v             14.6     -2.156252809      2.156252809
v             14.6     -1.538892218      2.633334998
v             14.6    -0.8104192678      2.940972742
v             14.6                0             3.05
v             14.6     0.8104192678      2.940972742
v             14.6      1.538892218      2.633334998
v             14.6      2.156252809      2.156252809
v             14.6      2.633334998      1.538892218
v             14.6      2.940972742     0.8104192678
v             15.2             3.05                0
v             15.2      2.940972742    -0.8104192678
v             15.2      2.633334998     -1.538892218
v             15.2      2.156252809     -2.156252809
v             15.2      1.538892218     -2.633334998
v             15.2     0.8104192678     -2.940972742
v             15.2                0            -3.05
v             15.2    -0.8104192678     -2.940972742
v             15.2     -1.538892218     -2.633334998
v             15.2     -2.156252809     -2.156252809
v             15.2     -2.633334998     -1.538892218
v             15.2     -2.940972742    -0.8104192678
v             15.2            -3.05                0
v             15.2     -2.940972742     0.8104192678
v             15.2     -2.633334998      1.538892218
v             15.2     -2.156252809      2.156252809
v             15.2     -1.538892218      2.633334998
v             15.2    -0.8104192678      2.940972742
v             15.2                0             3.05
v             15.2     0.8104192678      2.940972742
v             15.2      1.538892218      2.633334998
v             15.2      2.156252809      2.156252809
v             15.2      2.633334998      1.538892218
v             15.2      2.940972742     0.8104192678
v             15.8             3.05                0
v             15.8      2.940972742    -0.8104192678
v             15.8      2.633334998     -1.538892218
v             15.8      2.156252809     -2.156252809
v             15.8      1.538892218     -2.633334998
v             15.8     0.8104192678     -2.940972742
v             15.8                0            -3.05
v             15.8    -0.8104192678     -2.940972742
v             15.8     -1.538892218     -2.633334998
v             15.8     -2.156252809     -2.156252809
v             15.8     -2.633334998     -1.538892218
v             15.8     -2.940972742    -0.8104192678
v             15.8            -3.05                0
v             15.8     -2.940972742     0.8104192678
v             15.8     -2.633334998      1.538892218
v             15.8     -2.156252809      2.156252809
v             15.8     -1.538892218      2.633334998
v             15.8    -0.8104192678      2.940972742
v             15.8                0             3.05
v             15.8     0.8104192678      2.940972742
v             15.8      1.538892218      2.633334998
v             15.8      2.156252809      2.156252809
v             15.8      2.633334998      1.538892218
v             15.8      2.940972742     0.8104192678
v             16.4             3.05                0
v             16.4      2.940972742    -0.8104192678
v             16.4      2.633334998     -1.538892218
v             16.4      2.156252809     -2.156252809
v             16.4      1.538892218     -2.633334998
v             16.4     0.8104192678     -2.940972742
v             16.4                0            -3.05
v             16.4    -0.8104192678     -2.940972742
v             16.4     -1.538892218     -2.633334998
v             16.4     -2.156252809     -2.156252809
v             16.4     -2.633334998     -1.538892218
v             16.4     -2.940972742    -0.8104192678
v             16.4            -3.05                0
v             16.4     -2.940972742     0.8104192678
v             16.4     -2.633334998      1.538892218
v             16.4     -2.156252809      2.156252809
v             16.4     -1.538892218      2.633334998
v             16.4    -0.8104192678      2.940972742
v             16.4                0             3.05
v             16.4     0.8104192678      2.940972742
v             16.4      1.538892218      2.633334998
v             16.4      2.156252809      2.156252809
v             16.4      2.633334998      1.538892218
v             16.4      2.940972742     0.8104192678
v               17             3.05                0
v               17      2.940972742    -0.8104192678
v               17      2.633334998     -1.538892218
v               17      2.156252809     -2.156252809
v               17      1.538892218     -2.633334998
v               17     0.8104192678     -2.940972742
v               17                0            -3.05
v               17    -0.8104192678     -2.940972742
v               17     -1.538892218     -2.633334998
v               17     -2.156252809     -2.156252809
v               17     -2.633334998     -1.538892218
v               17     -2.940972742    -0.8104192678
v               17            -3.05                0
v               17     -2.940972742     0.8104192678
v               17     -2.633334998      1.538892218
v               17     -2.156252809      2.156252809
v               17     -1.538892218      2.633334998
v               17    -0.8104192678      2.940972742
v               17                0             3.05
v               17     0.8104192678      2.940972742
v               17      1.538892218      2.633334998
v               17      2.156252809      2.156252809
v               17      2.633334998      1.538892218
v               17      2.940972742     0.8104192678
v       17.5999167            3.037                0
v       17.5999167      2.928437449    -0.8069650218
v       17.5999167      2.622110947     -1.532333006
v       17.5999167      2.147062224     -2.147062224
v       17.5999167      1.532333006     -2.622110947
v       17.5999167     0.8069650218     -2.928437449
v       17.5999167                0           -3.037
v       17.5999167    -0.8069650218     -2.928437449
v       17.5999167     -1.532333006     -2.622110947
v       17.5999167     -2.147062224     -2.147062224
v       17.5999167     -2.622110947     -1.532333006
v       17.5999167     -2.928437449    -0.8069650218
v       17.5999167           -3.037                0
v       17.5999167     -2.928437449     0.8069650218
v       17.5999167     -2.622110947      1.532333006
v       17.5999167     -2.147062224      2.147062224
v       17.5999167     -1.532333006      2.622110947
v       17.5999167    -0.8069650218      2.928437449
v       17.5999167                0            3.037
v       17.5999167     0.8069650218      2.928437449
v       17.5999167      1.532333006      2.622110947
v       17.5999167      2.147062224      2.147062224
v       17.5999167      2.622110947      1.532333006
v       17.5999167      2.928437449     0.8069650218
v      18.19975011            3.006                0
v      18.19975011      2.898545595    -0.7987279735
v      18.19975011      2.595345903     -1.516691806
v      18.19975011      2.125146211     -2.125146211
v      18.19975011      1.516691806     -2.595345903
v      18.19975011     0.7987279735     -2.898545595
v      18.19975011                0           -3.006
v      18.19975011    -0.7987279735     -2.898545595
v      18.19975011     -1.516691806     -2.595345903
v      18.19975011     -2.125146211     -2.125146211
v      18.19975011     -2.595345903     -1.516691806
v      18.19975011     -2.898545595    -0.7987279735
v      18.19975011           -3.006                0
v      18.19975011     -2.898545595     0.7987279735
v      18.19975011     -2.595345903      1.516691806
v      18.19975011     -2.125146211      2.125146211
v      18.19975011     -1.516691806      2.595345903
v      18.19975011    -0.7987279735      2.898545595
v      18.19975011                0            3.006
v      18.19975011     0.7987279735      2.898545595
v      18.19975011      1.516691806      2.595345903
v      18.19975011      2.125146211      2.125146211
v      18.19975011      2.595345903      1.516691806
v      18.19975011      2.898545595     0.7987279735
v      18.79962516            2.969                0
v      18.79962516       2.86286822    -0.7888966578
v      18.79962516      2.563400528     -1.498023278
v      18.79962516       2.09898839      -2.09898839
v      18.79962516      1.498023278     -2.563400528
v      18.79962516     0.7888966578      -2.86286822
v      18.79962516                0           -2.969
v      18.79962516    -0.7888966578      -2.86286822
v      18.79962516     -1.498023278     -2.563400528
v      18.79962516      -2.09898839      -2.09898839
v      18.79962516     -2.563400528     -1.498023278
v      18.79962516      -2.86286822    -0.7888966578
v      18.79962516           -2.969                0
v      18.79962516      -2.86286822     0.7888966578
v      18.79962516     -2.563400528      1.498023278
v      18.79962516      -2.09898839       2.09898839
v      18.79962516     -1.498023278      2.563400528
v      18.79962516    -0.7888966578       2.86286822
v      18.79962516                0            2.969
v      18.79962516     0.7888966578       2.86286822
v      18.79962516      1.498023278      2.563400528
v      18.79962516       2.09898839       2.09898839
v      18.79962516      2.563400528      1.498023278
v      18.79962516       2.86286822     0.7888966578
v      19.39966681            2.938                0
v      19.39966681      2.832976366    -0.7806596095
v      19.39966681      2.536635483     -1.482382078
v      19.39966681      2.077072378     -2.077072378
v      19.39966681      1.482382078     -2.536635483
v      19.39966681     0.7806596095     -2.832976366
v      19.39966681                0           -2.938
v      19.39966681    -0.7806596095     -2.832976366
v      19.39966681     -1.482382078     -2.536635483
v      19.39966681     -2.077072378     -2.077072378
v      19.39966681     -2.536635483     -1.482382078
v      19.39966681     -2.832976366    -0.7806596095
v      19.39966681           -2.938                0
v      19.39966681     -2.832976366     0.7806596095
v      19.39966681     -2.536635483      1.482382078
v      19.39966681     -2.077072378      2.077072378
v      19.39966681     -1.482382078      2.536635483
v      19.39966681    -0.7806596095      2.832976366
v      19.39966681                0            2.938
v      19.39966681     0.7806596095      2.832976366
v      19.39966681      1.482382078      2.536635483
v      19.39966681      2.077072378      2.077072378
v      19.39966681      2.536635483      1.482382078
v      19.39966681      2.832976366     0.7806596095
v               20            2.925                0
v               20      2.820441073    -0.7772053634
v               20      2.525411433     -1.475822865
v               20      2.067881792     -2.067881792
v               20      1.475822865     -2.525411433
v               20     0.7772053634     -2.820441073
v               20                0           -2.925
v               20    -0.7772053634     -2.820441073
v               20     -1.475822865     -2.525411433
v               20     -2.067881792     -2.067881792
v               20     -2.525411433     -1.475822865
v               20     -2.820441073    -0.7772053634
v               20           -2.925                0
v               20     -2.820441073     0.7772053634
v               20     -2.525411433      1.475822865
v               20     -2.067881792      2.067881792
v               20     -1.475822865      2.525411433
v               20    -0.7772053634      2.820441073
v               20                0            2.925
v               20     0.7772053634      2.820441073
v               20      1.475822865      2.525411433
v               20      2.067881792      2.067881792
v               20      2.525411433      1.475822865
v               20      2.820441073     0.7772053634
v      20.60016999           2.9068                0
v      20.60016999      2.802891662    -0.7723694189
v      20.60016999      2.509697761     -1.466639967
v      20.60016999      2.055014972     -2.055014972
v      20.60016999      1.466639967     -2.509697761
v      20.60016999     0.7723694189     -2.802891662
v      20.60016999                0          -2.9068
v      20.60016999    -0.7723694189     -2.802891662
v      20.60016999     -1.466639967     -2.509697761
v      20.60016999     -2.055014972     -2.055014972
v      20.60016999     -2.509697761     -1.466639967
v      20.60016999     -2.802891662    -0.7723694189
v      20.60016999          -2.9068                0
v      20.60016999     -2.802891662     0.7723694189
v      20.60016999     -2.509697761      1.466639967
v      20.60016999     -2.055014972      2.055014972
v      20.60016999     -1.466639967      2.509697761
v      20.60016999    -0.7723694189      2.802891662
v      20.60016999                0           2.9068
v      20.60016999     0.7723694189      2.802891662
v      20.60016999      1.466639967      2.509697761
v      20.60016999      2.055014972      2.055014972
v      20.60016999      2.509697761      1.466639967
v      20.60016999      2.802891662     0.7723694189
v      21.19988525           2.8634                0
v      21.19988525      2.761043066    -0.7608375513
v      21.19988525        2.4722267     -1.444742288
v      21.19988525      2.024332555     -2.024332555
v      21.19988525      1.444742288       -2.4722267
v      21.19988525     0.7608375513     -2.761043066
v      21.19988525                0          -2.8634
v      21.19988525    -0.7608375513     -2.761043066
v      21.19988525     -1.444742288       -2.4722267
v      21.19988525     -2.024332555     -2.024332555
v      21.19988525       -2.4722267     -1.444742288
v      21.19988525     -2.761043066    -0.7608375513
v      21.19988525          -2.8634                0
v      21.19988525     -2.761043066     0.7608375513
v      21.19988525       -2.4722267      1.444742288
v      21.19988525     -2.024332555      2.024332555
v      21.19988525     -1.444742288        2.4722267
v      21.19988525    -0.7608375513      2.761043066
v      21.19988525                0           2.8634
v      21.19988525     0.7608375513      2.761043066
v      21.19988525      1.444742288        2.4722267
v      21.19988525      2.024332555      2.024332555
v      21.19988525        2.4722267      1.444742288
v      21.19988525      2.761043066     0.7608375513
v      21.79951552           2.8116                0
v      21.79951552      2.711094742    -0.7470737093
v      21.79951552      2.427503174     -1.418606348
v      21.79951552      1.987711606     -1.987711606
v      21.79951552      1.418606348     -2.427503174
v      21.79951552     0.7470737093     -2.711094742
v      21.79951552                0          -2.8116
v      21.79951552    -0.7470737093     -2.711094742
v      21.79951552     -1.418606348     -2.427503174
v      21.79951552     -1.987711606     -1.987711606
v      21.79951552     -2.427503174     -1.418606348
v      21.79951552     -2.711094742    -0.7470737093
v      21.79951552          -2.8116                0
v      21.79951552     -2.711094742     0.7470737093
v      21.79951552     -2.427503174      1.418606348
v      21.79951552     -1.987711606      1.987711606
v      21.79951552     -1.418606348      2.427503174
v      21.79951552    -0.7470737093      2.711094742
v      21.79951552                0           2.8116
v      21.79951552     0.7470737093      2.711094742
v      21.79951552      1.418606348      2.427503174
v      21.79951552      1.987711606      1.987711606
v      21.79951552      2.427503174      1.418606348
v      21.79951552      2.711094742     0.7470737093
v      22.39943052           2.7682                0
v      22.39943052      2.669246146    -0.7355418417
v      22.39943052      2.390032112     -1.396708669
v      22.39943052      1.957029189     -1.957029189
v      22.39943052      1.396708669     -2.390032112
v      22.39943052     0.7355418417     -2.669246146
v      22.39943052                0          -2.7682
v      22.39943052    -0.7355418417     -2.669246146
v      22.39943052     -1.396708669     -2.390032112
v      22.39943052     -1.957029189     -1.957029189
v      22.39943052     -2.390032112     -1.396708669
v      22.39943052     -2.669246146    -0.7355418417
v      22.39943052          -2.7682                0
v      22.39943052     -2.669246146     0.7355418417
v      22.39943052     -2.390032112      1.396708669
v      22.39943052     -1.957029189      1.957029189
v      22.39943052     -1.396708669      2.390032112
v      22.39943052    -0.7355418417      2.669246146
v      22.39943052                0           2.7682
v      22.39943052     0.7355418417      2.669246146
v      22.39943052      1.396708669      2.390032112
v      22.39943052      1.957029189      1.957029189
v      22.39943052      2.390032112      1.396708669
v      22.39943052      2.669246146     0.7355418417
v               23             2.75                0
v               23      2.651696735    -0.7307058972
v               23      2.374318441     -1.387525771
v               23      1.944162369     -1.944162369
v               23      1.387525771     -2.374318441
v               23     0.7307058972     -2.651696735
v               23                0            -2.75
v               23    -0.7307058972     -2.651696735
v               23     -1.387525771     -2.374318441
v               23     -1.944162369     -1.944162369
v               23     -2.374318441     -1.387525771
v               23     -2.651696735    -0.7307058972
v               23            -2.75                0
v               23     -2.651696735     0.7307058972
v               23     -2.374318441      1.387525771
v               23     -1.944162369      1.944162369
v               23     -1.387525771      2.374318441
v               23    -0.7307058972      2.651696735
v               23                0             2.75
v               23     0.7307058972      2.651696735
v               23      1.387525771      2.374318441
v               23      1.944162369      1.944162369
v               23      2.374318441      1.387525771
v               23      2.651696735     0.7307058972
v      23.60032002            2.724                0
v      23.60032002      2.626626148    -0.7237974051
v      23.60032002      2.351870339     -1.374407345
v      23.60032002      1.925781198     -1.925781198
v      23.60032002      1.374407345     -2.351870339
v      23.60032002     0.7237974051     -2.626626148
v      23.60032002                0           -2.724
v      23.60032002    -0.7237974051     -2.626626148
v      23.60032002     -1.374407345     -2.351870339
v      23.60032002     -1.925781198     -1.925781198
v      23.60032002     -2.351870339     -1.374407345
v      23.60032002     -2.626626148    -0.7237974051
v      23.60032002           -2.724                0
v      23.60032002     -2.626626148     0.7237974051
v      23.60032002     -2.351870339      1.374407345
v      23.60032002     -1.925781198      1.925781198
v      23.60032002     -1.374407345      2.351870339
v      23.60032002    -0.7237974051      2.626626148
v      23.60032002                0            2.724
v      23.60032002     0.7237974051      2.626626148
v      23.60032002      1.374407345      2.351870339
v      23.60032002      1.925781198      1.925781198
v      23.60032002      2.351870339      1.374407345
v      23.60032002      2.626626148     0.7237974051
v      24.19973611            2.662                0
v      24.19973611      2.566842439    -0.7073233085
v      24.19973611      2.298340251     -1.343124946
v      24.19973611      1.881949173     -1.881949173
v      24.19973611      1.343124946     -2.298340251
v      24.19973611     0.7073233085     -2.566842439
v      24.19973611                0           -2.662
v      24.19973611    -0.7073233085     -2.566842439
v      24.19973611     -1.343124946     -2.298340251
v      24.19973611     -1.881949173     -1.881949173
v      24.19973611     -2.298340251     -1.343124946
v      24.19973611     -2.566842439    -0.7073233085
v      24.19973611           -2.662                0
v      24.19973611     -2.566842439     0.7073233085
v      24.19973611     -2.298340251      1.343124946
v      24.19973611     -1.881949173      1.881949173
v      24.19973611     -1.343124946      2.298340251
v      24.19973611    -0.7073233085      2.566842439
v      24.19973611                0            2.662
v      24.19973611     0.7073233085      2.566842439
v      24.19973611      1.343124946      2.298340251
v      24.19973611      1.881949173      1.881949173
v      24.19973611      2.298340251      1.343124946
v      24.19973611      2.566842439     0.7073233085
v      24.79899218            2.588                0
v      24.79899218      2.495487691    -0.6876606771
v      24.79899218        2.2344495     -1.305787889
v      24.79899218      1.829633531     -1.829633531
v      24.79899218      1.305787889       -2.2344495
v      24.79899218     0.6876606771     -2.495487691
v      24.79899218                0           -2.588
v      24.79899218    -0.6876606771     -2.495487691
v      24.79899218     -1.305787889       -2.2344495
v      24.79899218     -1.829633531     -1.829633531
v      24.79899218       -2.2344495     -1.305787889
v      24.79899218     -2.495487691    -0.6876606771
v      24.79899218           -2.588                0
v      24.79899218     -2.495487691     0.6876606771
v      24.79899218       -2.2344495      1.305787889
v      24.79899218     -1.829633531      1.829633531
v      24.79899218     -1.305787889        2.2344495
v      24.79899218    -0.6876606771      2.495487691
v      24.79899218                0            2.588
v      24.79899218     0.6876606771      2.495487691
v      24.79899218      1.305787889        2.2344495
v      24.79899218      1.829633531      1.829633531
v      24.79899218        2.2344495      1.305787889
v      24.79899218      2.495487691     0.6876606771
v      25.39883217            2.526                0
v      25.39883217      2.435703983    -0.6711865805
v      25.39883217      2.180919412      -1.27450549
v      25.39883217      1.785801507     -1.785801507
v      25.39883217       1.27450549     -2.180919412
v      25.39883217     0.6711865805     -2.435703983
v      25.39883217                0           -2.526
v      25.39883217    -0.6711865805     -2.435703983
v      25.39883217      -1.27450549     -2.180919412
v      25.39883217     -1.785801507     -1.785801507
v      25.39883217     -2.180919412      -1.27450549
v      25.39883217     -2.435703983    -0.6711865805
v      25.39883217           -2.526                0
v      25.39883217     -2.435703983     0.6711865805
v      25.39883217     -2.180919412       1.27450549
v      25.39883217     -1.785801507      1.785801507
v      25.39883217      -1.27450549      2.180919412
v      25.39883217    -0.6711865805      2.435703983
v      25.39883217                0            2.526
v      25.39883217     0.6711865805      2.435703983
v      25.39883217       1.27450549      2.180919412
v      25.39883217      1.785801507      1.785801507
v      25.39883217      2.180919412       1.27450549
v      25.39883217      2.435703983     0.6711865805
v               26              2.5                0
v               26      2.410633395    -0.6642780884
v               26       2.15847131     -1.261387064
v               26      1.767420335     -1.767420335
v               26      1.261387064      -2.15847131
v               26     0.6642780884     -2.410633395
v               26                0             -2.5
v               26    -0.6642780884     -2.410633395
v               26     -1.261387064      -2.15847131
v               26     -1.767420335     -1.767420335
v               26      -2.15847131     -1.261387064
v               26     -2.410633395    -0.6642780884
v               26             -2.5                0
v               26     -2.410633395     0.6642780884
v               26      -2.15847131      1.261387064
v               26     -1.767420335      1.767420335
v               26     -1.261387064       2.15847131
v               26    -0.6642780884      2.410633395
v               26                0              2.5
v               26     0.6642780884      2.410633395
v               26      1.261387064       2.15847131
v               26      1.767420335      1.767420335
v               26       2.15847131      1.261387064
v               26      2.410633395     0.6642780884
v      26.59973103              2.5           0.0572
v      26.59973103      2.410633395    -0.6070780884
v      26.59973103       2.15847131     -1.204187064
v      26.59973103      1.767420335     -1.710220335
v      26.59973103      1.261387064      -2.10127131
v      26.59973103     0.6642780884     -2.353433395
v      26.59973103                0          -2.4428
v      26.59973103    -0.6642780884     -2.353433395
v      26.59973103     -1.261387064      -2.10127131
v      26.59973103     -1.767420335     -1.710220335
v      26.59973103      -2.15847131     -1.204187064
v      26.59973103     -2.410633395    -0.6070780884
v      26.59973103             -2.5           0.0572
v      26.59973103     -2.410633395     0.7214780884
v      26.59973103      -2.15847131      1.318587064
v      26.59973103     -1.767420335      1.824620335
v      26.59973103     -1.261387064       2.21567131
v      26.59973103    -0.6642780884      2.467833395
v      26.59973103                0           2.5572
v      26.59973103     0.6642780884      2.467833395
v      26.59973103      1.261387064       2.21567131
v      26.59973103      1.767420335      1.824620335
v      26.59973103       2.15847131      1.318587064
v      26.59973103      2.410633395     0.7214780884
v       27.1966974              2.5           0.1936
v       27.1966974      2.410633395    -0.4706780884
v       27.1966974       2.15847131     -1.067787064
v       27.1966974      1.767420335     -1.573820335
v       27.1966974      1.261387064      -1.96487131
v       27.1966974     0.6642780884     -2.217033395
v       27.1966974                0          -2.3064
v       27.1966974    -0.6642780884     -2.217033395
v       27.1966974     -1.261387064      -1.96487131
v       27.1966974     -1.767420335     -1.573820335
v       27.1966974      -2.15847131     -1.067787064
v       27.1966974     -2.410633395    -0.4706780884
v       27.1966974             -2.5           0.1936
v       27.1966974     -2.410633395     0.8578780884
v       27.1966974      -2.15847131      1.454987064
v       27.1966974     -1.767420335      1.961020335
v       27.1966974     -1.261387064       2.35207131
v       27.1966974    -0.6642780884      2.604233395
v       27.1966974                0           2.6936
v       27.1966974     0.6642780884      2.604233395
v       27.1966974      1.261387064       2.35207131
v       27.1966974      1.767420335      1.961020335
v       27.1966974       2.15847131      1.454987064
v       27.1966974      2.410633395     0.8578780884
v      27.79379827              2.5           0.3564
v      27.79379827      2.410633395    -0.3078780884
v      27.79379827       2.15847131    -0.9049870643
v      27.79379827      1.767420335     -1.411020335
v      27.79379827      1.261387064      -1.80207131
v      27.79379827     0.6642780884     -2.054233395
v      27.79379827                0          -2.1436
v      27.79379827    -0.6642780884     -2.054233395
v      27.79379827     -1.261387064      -1.80207131
v      27.79379827     -1.767420335     -1.411020335
v      27.79379827      -2.15847131    -0.9049870643
v      27.79379827     -2.410633395    -0.3078780884
v      27.79379827             -2.5           0.3564
v      27.79379827     -2.410633395      1.020678088
v      27.79379827      -2.15847131      1.617787064
v      27.79379827     -1.767420335      2.123820335
v      27.79379827     -1.261387064       2.51487131
v      27.79379827    -0.6642780884      2.767033395
v      27.79379827                0           2.8564
v      27.79379827     0.6642780884      2.767033395
v      27.79379827      1.261387064       2.51487131
v      27.79379827      1.767420335      2.123820335
v      27.79379827       2.15847131      1.617787064
v      27.79379827      2.410633395      1.020678088
v      28.39393276              2.5           0.4928
v      28.39393276      2.410633395    -0.1714780884
v      28.39393276       2.15847131    -0.7685870643
v      28.39393276      1.767420335     -1.274620335
v      28.39393276      1.261387064      -1.66567131
v      28.39393276     0.6642780884     -1.917833395
v      28.39393276                0          -2.0072
v      28.39393276    -0.6642780884     -1.917833395
v      28.39393276     -1.261387064      -1.66567131
v      28.39393276     -1.767420335     -1.274620335
v      28.39393276      -2.15847131    -0.7685870643
v      28.39393276     -2.410633395    -0.1714780884
v      28.39393276             -2.5           0.4928
v      28.39393276     -2.410633395      1.157078088
v      28.39393276      -2.15847131      1.754187064
v      28.39393276     -1.767420335      2.260220335
v      28.39393276     -1.261387064       2.65127131
v      28.39393276    -0.6642780884      2.903433395
v      28.39393276                0           2.9928
v      28.39393276     0.6642780884      2.903433395
v      28.39393276      1.261387064       2.65127131
v      28.39393276      1.767420335      2.260220335
v      28.39393276       2.15847131      1.754187064
v      28.39393276      2.410633395      1.157078088
v               29              2.5             0.55
v               29      2.410633395    -0.1142780884
v               29       2.15847131    -0.7113870643
v               29      1.767420335     -1.217420335
v               29      1.261387064      -1.60847131
v               29     0.6642780884     -1.860633395
v               29                0            -1.95
v               29    -0.6642780884     -1.860633395
v               29     -1.261387064      -1.60847131
v               29     -1.767420335     -1.217420335
v               29      -2.15847131    -0.7113870643
v               29     -2.410633395    -0.1142780884
v               29             -2.5             0.55
v               29     -2.410633395      1.214278088
v               29      -2.15847131      1.811387064
v               29     -1.767420335      2.317420335
v               29     -1.261387064       2.70847131
v               29    -0.6642780884      2.960633395
v               29                0             3.05
v               29     0.6642780884      2.960633395
v               29      1.261387064       2.70847131
v               29      1.767420335      2.317420335
v               29       2.15847131      1.811387064
v               29      2.410633395      1.214278088
v      29.67639569           2.4428           0.5968
v      29.67639569      2.355478103   -0.05227940573
v      29.67639569      2.109085486    -0.6357265282
v      29.67639569      1.726981758     -1.130181758
v      29.67639569      1.232526528     -1.512285486
v      29.67639569     0.6490794057     -1.758678103
v      29.67639569                0           -1.846
v      29.67639569    -0.6490794057     -1.758678103
v      29.67639569     -1.232526528     -1.512285486
v      29.67639569     -1.726981758     -1.130181758
v      29.67639569     -2.109085486    -0.6357265282
v      29.67639569     -2.355478103   -0.05227940573
v      29.67639569          -2.4428           0.5968
v      29.67639569     -2.355478103      1.245879406
v      29.67639569     -2.109085486      1.829326528
v      29.67639569     -1.726981758      2.323781758
v      29.67639569     -1.232526528      2.705885486
v      29.67639569    -0.6490794057      2.952278103
v      29.67639569                0           3.0396
v      29.67639569     0.6490794057      2.952278103
v      29.67639569      1.232526528      2.705885486
v      29.67639569      1.726981758      2.323781758
v      29.67639569      2.109085486      1.829326528
v      29.67639569      2.355478103      1.245879406
v      30.45718708           2.3064           0.7084
v      30.45718708      2.223953945    0.09556360677
v      30.45718708      1.991319292      -0.45530525
v      30.45718708      1.630551305    -0.9221513047
v      30.45718708       1.16370525     -1.282919292
v      30.45718708     0.6128363932     -1.515553945
v      30.45718708                0           -1.598
v      30.45718708    -0.6128363932     -1.515553945
v      30.45718708      -1.16370525     -1.282919292
v      30.45718708     -1.630551305    -0.9221513047
v      30.45718708     -1.991319292      -0.45530525
v      30.45718708     -2.223953945    0.09556360677
v      30.45718708          -2.3064           0.7084
v      30.45718708     -2.223953945      1.321236393
v      30.45718708     -1.991319292       1.87210525
v      30.45718708     -1.630551305      2.338951305
v      30.45718708      -1.16370525      2.699719292
v      30.45718708    -0.6128363932      2.932353945
v      30.45718708                0           3.0148
v      30.45718708     0.6128363932      2.932353945
v      30.45718708       1.16370525      2.699719292
v      30.45718708      1.630551305      2.338951305
v      30.45718708      1.991319292       1.87210525
v      30.45718708      2.223953945      1.321236393
v      31.29978062           2.1436           0.8416
v      31.29978062      2.066973499     0.2720213959
v      31.29978062       1.85075964    -0.2399637244
v      31.29978062      1.515456892    -0.6738568924
v      31.29978062      1.081563724      -1.00915964
v      31.29978062     0.5695786041     -1.225373499
v      31.29978062                0           -1.302
v      31.29978062    -0.5695786041     -1.225373499
v      31.29978062     -1.081563724      -1.00915964
v      31.29978062     -1.515456892    -0.6738568924
v      31.29978062      -1.85075964    -0.2399637244
v      31.29978062     -2.066973499     0.2720213959
v      31.29978062          -2.1436           0.8416
v      31.29978062     -2.066973499      1.411178604
v      31.29978062      -1.85075964      1.923163724
v      31.29978062     -1.515456892      2.357056892
v      31.29978062     -1.081563724       2.69235964
v      31.29978062    -0.5695786041      2.908573499
v      31.29978062                0           2.9852
v      31.29978062     0.5695786041      2.908573499
v      31.29978062      1.081563724       2.69235964
v      31.29978062      1.515456892      2.357056892
v      31.29978062       1.85075964      1.923163724
v      31.29978062      2.066973499      1.411178604
v      32.16158277           2.0072           0.9532
v      32.16158277      1.935449341     0.4198644084
v      32.16158277      1.732993445   -0.05954244615
v      32.16158277      1.419026439    -0.4658264389
v      32.16158277      1.012742446    -0.7797934453
v      32.16158277     0.5333355916    -0.9822493405
v      32.16158277                0           -1.054
v      32.16158277    -0.5333355916    -0.9822493405
v      32.16158277     -1.012742446    -0.7797934453
v      32.16158277     -1.419026439    -0.4658264389
v      32.16158277     -1.732993445   -0.05954244615
v      32.16158277     -1.935449341     0.4198644084
v      32.16158277          -2.0072           0.9532
v      32.16158277     -1.935449341      1.486535592
v      32.16158277     -1.732993445      1.965942446
v      32.16158277     -1.419026439      2.372226439
v      32.16158277     -1.012742446      2.686193445
v      32.16158277    -0.5333355916      2.888649341
v      32.16158277                0           2.9604
v      32.16158277     0.5333355916      2.888649341
v      32.16158277      1.012742446      2.686193445
v      32.16158277      1.419026439      2.372226439
v      32.16158277      1.732993445      1.965942446
v      32.16158277      1.935449341      1.486535592
v               33             1.95                1
v               33      1.880294048     0.4818630911
v               33      1.683607622    0.01611808988
v               33      1.378587862    -0.3785878617
v               33     0.9838819101    -0.6836076217
v               33     0.5181369089    -0.8802940485
v               33                0            -0.95
v               33    -0.5181369089    -0.8802940485
v               33    -0.9838819101    -0.6836076217
v               33     -1.378587862    -0.3785878617
v               33     -1.683607622    0.01611808988
v               33     -1.880294048     0.4818630911
v               33            -1.95                1
v               33     -1.880294048      1.518136909
v               33     -1.683607622       1.98388191
v               33     -1.378587862      2.378587862
v               33    -0.9838819101      2.683607622
v               33    -0.5181369089      2.880294048
v               33                0             2.95
v               33     0.5181369089      2.880294048
v               33     0.9838819101      2.683607622
v               33      1.378587862      2.378587862
v               33      1.683607622       1.98388191
v               33      1.880294048      1.518136909
v      33.89825687           1.8772            1.078
v      33.89825687      1.810096404      0.579206869
v      33.89825687      1.620752937     0.1308496812
v      33.89825687      1.327120581    -0.2491205815
v      33.89825687     0.9471503188    -0.5427529372
v      33.89825687      0.498793131     -0.732096404
v      33.89825687                0          -0.7992
v      33.89825687     -0.498793131     -0.732096404
v      33.89825687    -0.9471503188    -0.5427529372
v      33.89825687     -1.327120581    -0.2491205815
v      33.89825687     -1.620752937     0.1308496812
v      33.89825687     -1.810096404      0.579206869
v      33.89825687          -1.8772            1.078
v      33.89825687     -1.810096404      1.576793131
v      33.89825687     -1.620752937      2.025150319
v      33.89825687     -1.327120581      2.405120581
v      33.89825687    -0.9471503188      2.698752937
v      33.89825687     -0.498793131      2.888096404
v      33.89825687                0           2.9552
v      33.89825687      0.498793131      2.888096404
v      33.89825687     0.9471503188      2.698752937
v      33.89825687      1.327120581      2.405120581
v      33.89825687      1.620752937      2.025150319
v      33.89825687      1.810096404      1.576793131
v       34.9197383           1.7036            1.264
v       34.9197383      1.642702021     0.8113343394
v       34.9197383      1.470868689     0.4044403989
v       34.9197383      1.204390913     0.0596090866
v       34.9197383     0.8595596011    -0.2068686894
v       34.9197383     0.4526656606     -0.378702021
v       34.9197383                0          -0.4396
v       34.9197383    -0.4526656606     -0.378702021
v       34.9197383    -0.8595596011    -0.2068686894
v       34.9197383     -1.204390913     0.0596090866
v       34.9197383     -1.470868689     0.4044403989
v       34.9197383     -1.642702021     0.8113343394
v       34.9197383          -1.7036            1.264
v       34.9197383     -1.642702021      1.716665661
v       34.9197383     -1.470868689      2.123559601
v       34.9197383     -1.204390913      2.468390913
v       34.9197383    -0.8595596011      2.734868689
v       34.9197383    -0.4526656606      2.906702021
v       34.9197383                0           2.9676
v       34.9197383     0.4526656606      2.906702021
v       34.9197383     0.8595596011      2.734868689
v       34.9197383      1.204390913      2.468390913
v       34.9197383      1.470868689      2.123559601
v       34.9197383      1.642702021      1.716665661
v       35.9920913           1.4964            1.486
v       35.9920913      1.442908725      1.088389707
v       35.9920913      1.291974587     0.7309841588
v       35.9920913      1.057907116      0.428092884
v       35.9920913     0.7550158412     0.1940254127
v       35.9920913     0.3976102926    0.04309127482
v       35.9920913                0          -0.0104
v       35.9920913    -0.3976102926    0.04309127482
v       35.9920913    -0.7550158412     0.1940254127
v       35.9920913     -1.057907116      0.428092884
v       35.9920913     -1.291974587     0.7309841588
v       35.9920913     -1.442908725      1.088389707
v       35.9920913          -1.4964            1.486
v       35.9920913     -1.442908725      1.883610293
v       35.9920913     -1.291974587      2.241015841
v       35.9920913     -1.057907116      2.543907116
v       35.9920913    -0.7550158412      2.777974587
v       35.9920913    -0.3976102926      2.928908725
v       35.9920913                0           2.9824
v       35.9920913     0.3976102926      2.928908725
v       35.9920913     0.7550158412      2.777974587
v       35.9920913      1.057907116      2.543907116
v       35.9920913      1.291974587      2.241015841
v       35.9920913      1.442908725      1.883610293
v      37.04296286           1.3228            1.672
v      37.04296286      1.275514342      1.320517178
v      37.04296286      1.142090339      1.004574877
v      37.04296286     0.9351774479     0.7368225521
v      37.04296286     0.6674251234     0.5299096605
v      37.04296286     0.3514828221     0.3964856578
v      37.04296286                0           0.3492
v      37.04296286    -0.3514828221     0.3964856578
v      37.04296286    -0.6674251234     0.5299096605
v      37.04296286    -0.9351774479     0.7368225521
v      37.04296286     -1.142090339      1.004574877
v      37.04296286     -1.275514342      1.320517178
v      37.04296286          -1.3228            1.672
v      37.04296286     -1.275514342      2.023482822
v      37.04296286     -1.142090339      2.339425123
v      37.04296286    -0.9351774479      2.607177448
v      37.04296286    -0.6674251234      2.814090339
v      37.04296286    -0.3514828221      2.947514342
v      37.04296286                0           2.9948
v      37.04296286     0.3514828221      2.947514342
v      37.04296286     0.6674251234      2.814090339
v      37.04296286     0.9351774479      2.607177448
v      37.04296286      1.142090339      2.339425123
v      37.04296286      1.275514342      2.023482822
v               38             1.25             1.75
v               38      1.205316698      1.417860956
v               38      1.079235655      1.119306468
v               38     0.8837101677     0.8662898323
v               38     0.6306935321      0.670764345
v               38     0.3321390442     0.5446833023
v               38                0              0.5
v               38    -0.3321390442     0.5446833023
v               38    -0.6306935321      0.670764345
v               38    -0.8837101677     0.8662898323
v               38     -1.079235655      1.119306468
v               38     -1.205316698      1.417860956
v               38            -1.25             1.75
v               38     -1.205316698      2.082139044
v               38     -1.079235655      2.380693532
v               38    -0.8837101677      2.633710168
v               38    -0.6306935321      2.829235655
v               38    -0.3321390442      2.955316698
v               38                0                3
v               38     0.3321390442      2.955316698
v               38     0.6306935321      2.829235655
v               38     0.8837101677      2.633710168
v               38      1.079235655      2.380693532
v               38      1.205316698      2.082139044
v      38.92866166      1.195179785           1.8176
v      38.92866166      1.152185082      1.501382498
v      38.92866166      1.031037185      1.216300921
v      38.92866166     0.8434904121     0.9741095879
v      38.92866166     0.6012990788     0.7865628145
v      38.92866166     0.3162175024     0.6654149181
v      38.92866166 -7.105427358e-18     0.6224202155
v      38.92866166    -0.3162175024     0.6654149181
v      38.92866166    -0.6012990788     0.7865628145
v      38.92866166    -0.8434904121     0.9741095879
v      38.92866166     -1.031037185      1.216300921
v      38.92866166     -1.152185082      1.501382498
v      38.92866166     -1.195179785           1.8176
v      38.92866166     -1.152185082      2.133817502
v      38.92866166     -1.031037185      2.418899079
v      38.92866166    -0.8434904121      2.661090412
v      38.92866166    -0.6012990788      2.848637185
v      38.92866166    -0.3162175024      2.969785082
v      38.92866166 -1.598721155e-17      3.012779785
v      38.92866166     0.3162175024      2.969785082
v      38.92866166     0.6012990788      2.848637185
v      38.92866166     0.8434904121      2.661090412
v      38.92866166      1.031037185      2.418899079
v      38.92866166      1.152185082      2.133817502
v      39.89078227      1.035539354           1.9788
v      39.89078227     0.9977091825      1.707711143
v      39.89078227     0.8914708204      1.461517569
v      39.89078227     0.7277024943      1.251097506
v      39.89078227     0.5172824309       1.08732918
v      39.89078227     0.2710888572     0.9810908175
v      39.89078227 -2.131628207e-17     0.9432606464
v      39.89078227    -0.2710888572     0.9810908175
v      39.89078227    -0.5172824309       1.08732918
v      39.89078227    -0.7277024943      1.251097506
v      39.89078227    -0.8914708204      1.461517569
v      39.89078227    -0.9977091825      1.707711143
v      39.89078227     -1.035539354           1.9788
v      39.89078227    -0.9977091825      2.249888857
v      39.89078227    -0.8914708204      2.496082431
v      39.89078227    -0.7277024943      2.706502494
v      39.89078227    -0.5172824309       2.87027082
v      39.89078227    -0.2710888572      2.976509182
v      39.89078227 -4.796163466e-17      3.014339354
v      39.89078227     0.2710888572      2.976509182
v      39.89078227     0.5172824309       2.87027082
v      39.89078227     0.7277024943      2.706502494
v      39.89078227     0.8914708204      2.496082431
v      39.89078227     0.9977091825      2.249888857
v      40.80857205     0.7783090303           2.1712
v      40.80857205     0.7492674211      1.970492922
v      40.80857205     0.6680801245      1.786306344
v      40.80857205     0.5436534374      1.627546563
v      40.80857205     0.3848936564      1.503119875
v      40.80857205     0.2007070784      1.421932579
v      40.80857205 -3.197442311e-17       1.39289097
v      40.80857205    -0.2007070784      1.421932579
v      40.80857205    -0.3848936564      1.503119875
v      40.80857205    -0.5436534374      1.627546563
v      40.80857205    -0.6680801245      1.786306344
v      40.80857205    -0.7492674211      1.970492922
v      40.80857205    -0.7783090303           2.1712
v      40.80857205    -0.7492674211      2.371907078
v      40.80857205    -0.6680801245      2.556093656
v      40.80857205    -0.5436534374      2.714853437
v      40.80857205    -0.3848936564      2.839280125
v      40.80857205    -0.2007070784      2.920467421
v      40.80857205   -7.1942452e-17       2.94950903
v      40.80857205     0.2007070784      2.920467421
v      40.80857205     0.3848936564      2.839280125
v      40.80857205     0.5436534374      2.714853437
v      40.80857205     0.6680801245      2.556093656
v      40.80857205     0.7492674211      2.371907078
v      41.60424122     0.4307191381           2.3324
v      41.60424122     0.4142382197      2.223373864
v      41.60424122     0.3684086628      2.122017177
v      41.60424122     0.2986502649      2.033749735
v      41.60424122     0.2103828234      1.963991337
v      41.60424122      0.109026136       1.91816178
v      41.60424122 -2.842170943e-17      1.901680862
v      41.60424122     -0.109026136       1.91816178
v      41.60424122    -0.2103828234      1.963991337
v      41.60424122    -0.2986502649      2.033749735
v      41.60424122    -0.3684086628      2.122017177
v      41.60424122    -0.4142382197      2.223373864
v      41.60424122    -0.4307191381           2.3324
v      41.60424122    -0.4142382197      2.441426136
v      41.60424122    -0.3684086628      2.542782823
v      41.60424122    -0.2986502649      2.631050265
v      41.60424122    -0.2103828234      2.700808663
v      41.60424122     -0.109026136       2.74663822
v      41.60424122 -6.394884622e-17      2.763119138
v      41.60424122      0.109026136       2.74663822
v      41.60424122     0.2103828234      2.700808663
v      41.60424122     0.2986502649      2.631050265
v      41.60424122     0.3684086628      2.542782823
v      41.60424122     0.4142382197      2.441426136
v             42.2                0              2.4
v          25.9086                0     -2.596195055
v          25.9086                0     -2.605707417
v      25.96826079     0.7148905114     -2.555537284
v      25.96826679     0.7149722823     -2.564831994
v          25.9086                0     -2.615219778
v      25.96827279     0.7150540531     -2.574126704
v      25.80703924                0      -2.59836793
v      25.86897945     0.7149125474     -2.557724503
v      25.67006458                0     -2.581743547
v       25.7350667     0.7147741677     -2.541566901
v      25.48764169                0     -2.570715337
v      25.55672867     0.7146853967     -2.530906093
v      25.24941316                0     -2.571960665
v      25.32384448     0.7147039771     -2.532273195
v      24.94615021                0     -2.597378052
v      25.02739986     0.7149324969       -2.5573003
v      24.57128752                0     -2.651192881
v      24.66097943     0.7154074956     -2.610120251
v      24.12223954                0     -2.731640051
v      24.22205451     0.7161138855     -2.689009965
v      23.60300734                0     -2.830222263
v      23.71453108     0.7169784891     -2.785664044
v      23.02543175                0     -2.924707121
v      23.14997033     0.7178097995     -2.878351324
v      22.41195505                0     -2.987003793
v      22.55029344     0.7183655984     -2.939609557
v       21.9479487     0.7185979964     -2.964099055
v      21.79577356                0     -3.011668982
v      21.37583332     0.7186288065     -2.965771239
v      21.21053011                0     -3.013002524
v      20.85945637      0.718508352      -2.95042783
v      20.68231522                0     -2.996958838
v      20.41433652     0.7182818322     -2.923256146
v       20.2270002                0     -2.968856957
v      20.04586111     0.7179766399     -2.887387092
v      19.85009395                0     -2.931904659
v      19.75132941     0.7176136384     -2.845183527
v       19.5488322                0     -2.888518349
v       19.5235311     0.7171930145     -2.796643608
v      19.31583919                0     -2.838691379
v      19.35518646     0.7166755738      -2.73728892
v      19.14367115                0     -2.777835659
v      19.24738665     0.7159768538     -2.657522304
v      19.03345059                0     -2.696130021
v      19.21462574     0.7151516001     -2.563612924
v               19                0             -2.6
v       19.0333587                0     -2.503998043
v      19.24717564     0.7143252387     -2.469786536
v      19.14331421                0     -2.422304535
v      19.35461327     0.7136193445     -2.389892891
v      19.31492007                0      -2.36086033
v      19.52233119     0.7130854807     -2.329746341
v      19.54765824                0     -2.311683984
v      19.74981793     0.7126550539     -2.281548389
v      19.84872871                0     -2.270534687
v      20.04410932     0.7122913709     -2.241150717
v       20.2251547                0     -2.234744802
v      20.41206935     0.7119712677     -2.205942297
v      20.67974963                0     -2.206825118
v      20.85644993     0.7117162349     -2.178374695
v      21.20710106                0     -2.189830904
v      21.37196195     0.7115527152     -2.161436685
v      21.79140779                0      -2.18422333
v      21.94315892     0.7114851953     -2.155588853
v      22.40709362                0     -2.191747543
v      22.54503943     0.7115295225     -2.162552547
v      23.14647112     0.7117255789     -2.186761494
v      23.02230895                0     -2.216920531
v      23.71614224     0.7120788583     -2.228740017
v      23.60502324                0     -2.260258219
v      24.22935184     0.7125186424      -2.28037073
v      24.12997414                0     -2.313436832
v      24.67136904     0.7129771579     -2.333902873
v      24.58209791                0     -2.368514386
v      25.03767935     0.7134031103     -2.383491508
v      24.95678033                0     -2.419506096
v      25.33158334     0.7137764101     -2.426863657
v      25.25739919                0      -2.46408794
v      25.56131645     0.7140900994      -2.46325476
v      25.49237941                0     -2.501482891
v      25.73715225      0.714350392     -2.493404004
v      25.67222979                0     -2.532454232
v      25.86966798     0.7145587069     -2.517506511
v      25.80777013                0     -2.557208637
v      25.96824879     0.7147269698     -2.536947864
v          25.9086                0     -2.577170333
v      25.96825479     0.7148087406     -2.546242574
v          25.9086                0     -2.586682694
v      26.02792159      1.429781023     -2.514879513
v      26.02793359      1.429944565     -2.523956572
v      26.02794559      1.430108106      -2.53303363
v      25.93091966      1.429825095     -2.517081077
v      25.80006881      1.429548335     -2.501390255
v      25.62581564      1.429370793      -2.49109685
v       25.3982758      1.429407954     -2.492585726
v      25.10864952      1.429864994     -2.517222548
v      24.75067135      1.430814991      -2.56904762
v      24.32186949      1.432227771     -2.646379878
v      23.82605482      1.433956978     -2.741105826
v      23.27450891      1.435619599     -2.831995526
v      22.68863183      1.436731197      -2.89221532
v      22.10012383      1.437195993     -2.916529127
v      21.54113653      1.437257613     -2.918539954
v      21.03659753      1.437016704     -2.903896822
v      20.60167284      1.436563664     -2.877655334
v      20.24162827       1.43595328     -2.842869524
v      19.95382662      1.435227277     -2.801848705
v        19.731223      1.434386029     -2.754595837
v      19.56670177      1.433351148     -2.696742181
v      19.46132271      1.431953708     -2.618914588
v      19.42925147        1.4303032     -2.527225848
v      19.46099257      1.428650477     -2.435575029
v      19.56591233      1.427238689     -2.357481248
v      19.72974231      1.426170961     -2.298632351
v      19.95197762      1.425310108     -2.251412793
v      20.23948993      1.424582742     -2.211766747
v      20.59898401      1.423942535     -2.177139793
v      21.03315024       1.42343247     -2.149924272
v      21.53682284       1.42310543     -2.133042466
v      22.09491005      1.422970391     -2.126954375
v      22.68298523      1.423059045     -2.133357551
v      23.27063329      1.423451158     -2.156602456
v      23.82726125      1.424157717     -2.197221814
v      24.32872954      1.425037285     -2.247304628
v      24.76064017      1.425954316      -2.29929136
v      25.11857837      1.426806221      -2.34747692
v      25.40576749       1.42755282     -2.389639375
v      25.63025349      1.428180199     -2.425026628
v      25.80207471      1.428700784     -2.454353775
v      25.93156584      1.429117414     -2.477804385
v      26.02789759       1.42945394     -2.496725396
v      26.02790959      1.429617481     -2.505802455
v      26.08758238      2.144671534     -2.474221742
v      26.08760038      2.144916847     -2.483081149
v      26.08761838      2.145162159     -2.491940557
v      25.99285987      2.144737642      -2.47643765
v      25.86507093      2.144322503     -2.461213608
v      25.69490262       2.14405619     -2.451287607
v      25.47270712      2.144111931     -2.452898256
v      25.18989918      2.144797491     -2.477144796
v      24.84036326      2.146222487     -2.527974989
v      24.42168447      2.148341656     -2.603749791
v      23.93757855      2.150935467     -2.696547608
v      23.39904748      2.153429399     -2.785639729
v      22.82697022      2.155096795     -2.844821083
v      22.25229897      2.155793989     -2.868959199
v      21.70643974      2.155886419     -2.871308669
v      21.21373868      2.155525056     -2.857365815
v      20.78900915      2.154845497     -2.832054523
v      20.43739543       2.15392992     -2.798351957
v      20.15632383      2.152840915     -2.758513882
v       19.9389149      2.151579044     -2.712548066
v      19.77821708      2.150026721     -2.656195442
v      19.67525878      2.147930561     -2.580306871
v      19.64387721        2.1454548     -2.490838772
v       19.6748095      2.142975716     -2.401363521
v      19.77721139      2.140858033     -2.325069604
v      19.93715343      2.139256442     -2.267518362
v      20.15413731      2.137965162     -2.221277197
v      20.43487054      2.136874113     -2.182382778
v      20.78589866      2.135913803     -2.148337288
v      21.20985054      2.135148705     -2.121473848
v      21.70168374      2.134658146     -2.104648247
v      22.24666118      2.134455586     -2.098319897
v      22.82093104      2.134588568     -2.104162555
v      23.39479546      2.135176737     -2.126443419
v      23.93838025      2.136236575     -2.165703611
v      24.42810723      2.137555927     -2.214238527
v       24.8499113      2.138931474     -2.264679848
v       25.1994774      2.140209331     -2.311462332
v      25.47995163       2.14132923     -2.352415092
v      25.69919053      2.142270298     -2.386798497
v      25.86699717      2.143051176     -2.415303547
v      25.99346369      2.143676121     -2.438102258
v      26.08754638      2.144180909     -2.456502927
v      26.08756438      2.144426222     -2.465362335
v      26.14724317      2.859562046     -2.433563971
v      26.14726717      2.859889129     -2.442205727
v      26.14729117      2.860216212     -2.450847483
v      26.05480008       2.85965019     -2.435794223
v      25.93007305      2.859096671     -2.421036962
v       25.7639896      2.858741587     -2.411478363
v      25.54713844      2.858815908     -2.413210786
v      25.27114883      2.859729988     -2.437067043
v      24.93005518      2.861629982     -2.486902359
v      24.52149945      2.864455542     -2.561119705
v      24.04910229      2.867913957      -2.65198939
v      23.52358606      2.871239198     -2.739283931
v      22.96530861      2.873462394     -2.797426846
v       22.4044741      2.874391985     -2.821389271
v      21.87174295      2.874515226     -2.824077384
v      21.39087983      2.874033408     -2.810834807
v      20.97634547      2.873127329     -2.786453712
v      20.63316259       2.87190656     -2.753834389
v      20.35882105      2.870454554      -2.71517906
v      20.14660681      2.868772058     -2.670500295
v       19.9897324      2.866702295     -2.615648703
v      19.88919484      2.863907415     -2.541699154
v      19.85850295        2.8606064     -2.454451696
v      19.88862644      2.857300955     -2.367152014
v      19.98851045      2.854477378     -2.292657961
v      20.14456454      2.852341923     -2.236404372
v      20.35629701      2.850620216     -2.191141602
v      20.63025115      2.849165484     -2.152998808
v      20.97281332      2.847885071     -2.119534784
v      21.38655085       2.84686494     -2.093023425
v      21.86654463      2.846210861     -2.076254028
v      22.39841231      2.845940781      -2.06968542
v      22.95887685       2.84611809     -2.074967559
v      23.51895763      2.846902316     -2.096284381
v      24.04949925      2.848315433     -2.134185408
v      24.52748493       2.85007457     -2.181172425
v      24.93918242      2.851908631     -2.230068335
v      25.28037642      2.853612441     -2.275447744
v      25.55413578      2.855105641      -2.31519081
v      25.76812757      2.856360397     -2.348570365
v      25.93191963      2.857401568     -2.376253319
v      26.05536155      2.858234828     -2.398400132
v      26.14719517      2.858907879     -2.416280459
v      26.14721917      2.859234962     -2.424922215
v      26.20690397      3.574452557       -2.3929062
v      26.20693397      3.574861411     -2.401330304
v      26.20696397      3.575270265     -2.409754409
v      26.11674029      3.574562737     -2.395150796
v      25.99507517      3.573870839     -2.380860316
v      25.83307658      3.573426984      -2.37166912
v      25.62156976      3.573519885     -2.373523317
v      25.35239849      3.574662484     -2.396989291
v      25.01974709      3.577037478     -2.445829728
v      24.62131442      3.580569427     -2.518489618
v      24.16062603      3.584892446     -2.607431171
v      23.64812464      3.589048998     -2.692928134
v        23.103647      3.591827992     -2.750032609
v      22.55664924      3.592989982     -2.773819343
v      22.03704616      3.593144032     -2.776846099
v      21.56802099       3.59254176     -2.764303799
v      21.16368179      3.591409161     -2.740852901
v      20.82892975      3.589883199     -2.709316822
v      20.56131826      3.588068192     -2.671844238
v      20.35429871      3.585965073     -2.628452524
v      20.20124771      3.583377869     -2.575101964
v      20.10313091      3.579884269     -2.503091438
v      20.07312869         3.575758      -2.41806462
v      20.10244337      3.571626193     -2.332940507
v       20.1998095      3.568096722     -2.260246317
v      20.35197566      3.565427404     -2.205290383
v       20.5584567       3.56327527     -2.161006006
v      20.82563176      3.561456854     -2.123614838
v      21.15972797      3.559856339     -2.090732279
v      21.56325116      3.558581175     -2.064573002
v      22.03140552      3.557763576     -2.047859808
v      22.55016344      3.557425977     -2.041050942
v      23.09682266      3.557647613     -2.045772563
v       23.6431198      3.558627894     -2.066125344
v      24.16061825      3.560394291     -2.102667206
v      24.62686262      3.562593212     -2.148106323
v      25.02845355      3.564885789     -2.195456823
v      25.36127544      3.567015552     -2.239433157
v      25.62831993      3.568882051     -2.277966527
v       25.8370646      3.570450497     -2.310342233
v       25.9968421       3.57175196     -2.337203091
v       26.1172594      3.572793534     -2.358698006
v      26.20684396      3.573634849      -2.37605799
v      26.20687396      3.574043703     -2.384482095
v      26.26656476      4.289343069     -2.352248429
v      26.26660076      4.289833694     -2.360454882
v      26.26663676      4.290324318     -2.368661335
v       26.1786805      4.289475284      -2.35450737
v      26.06007729      4.288645006      -2.34068367
v      25.90216355       4.28811238     -2.331859876
v      25.69600108      4.288223863     -2.333835847
v      25.43364815      4.289594981     -2.356911539
v      25.10943901      4.292444974     -2.404757098
v       24.7211294      4.296683313     -2.475859532
v      24.27214977      4.301870935     -2.562872953
v      23.77266322      4.306858797     -2.646572336
v      23.24198539       4.31019359     -2.702638373
v      22.70882437      4.311587978     -2.726249415
v      22.20234937      4.311772839     -2.729614814
v      21.74516214      4.311050112     -2.717772792
v      21.35101811      4.309690993     -2.695252089
v      21.02469691      4.307859839     -2.664799254
v      20.76381547      4.305681831     -2.628509416
v      20.56199061      4.303158087     -2.586404753
v      20.41276302      4.300053443     -2.534555226
v      20.31706697      4.295861123     -2.464483721
v      20.28775442        4.2909096     -2.381677543
v       20.3162603      4.285951432        -2.298729
v      20.41110856      4.281716067     -2.227834673
v      20.55938678      4.278512884     -2.174176393
v      20.76061639      4.275930323     -2.130870411
v      21.02101237      4.273748225     -2.094230868
v      21.34664263      4.271827606     -2.061929775
v      21.73995146      4.270297409     -2.036122579
v      22.19626641      4.269316291     -2.019465589
v      22.70191457      4.268911172     -2.012416465
v      23.23476847      4.269177135     -2.016577567
v      23.76728197      4.270353473     -2.035966306
v      24.27173726       4.27247315     -2.071149003
v      24.72624032      4.275111855     -2.115040222
v      25.11772468      4.277862947      -2.16084531
v      25.44217446      4.280418662     -2.203418569
v      25.70250407      4.282658461     -2.240742244
v      25.90600164      4.284540596     -2.272114102
v      26.06176456      4.286102352     -2.298152862
v      26.17915725      4.287352241      -2.31899588
v      26.26649276      4.288361819     -2.335835522
v      26.26652876      4.288852444     -2.344041975
v      26.32622555       5.00423358     -2.311590657
v      26.32626755      5.004805976     -2.319579459
v      26.32630955      5.005378372     -2.327568261
v      26.24062071      5.004387832     -2.313863943
v      26.12507941      5.003419174     -2.300507024
v      25.97125053      5.002797777     -2.292050633
v       25.7704324       5.00292784     -2.294148378
v       25.5148978      5.004527478     -2.316833787
v      25.19913093      5.007852469     -2.363684467
v      24.82094438      5.012797198     -2.433229445
v       24.3836735      5.018849424     -2.518314735
v      23.89720179      5.024668597     -2.600216539
v      23.38032378      5.028559189     -2.655244136
v      22.86099951      5.030185975     -2.678679487
v      22.36765258      5.030401645     -2.682383529
v      21.92230329      5.029558464     -2.671241784
v      21.53835443      5.027972826     -2.649651278
v      21.22046407      5.025836479     -2.620281687
v      20.96631268      5.023295469     -2.585174593
v      20.76968252      5.020351102     -2.544356982
v      20.62427833      5.016729017     -2.494008487
v      20.53100304      5.011837976     -2.425876004
v      20.50238016        5.0060612     -2.345290467
v      20.53007724      5.000276671     -2.264517493
v      20.62240762      4.995335411      -2.19542303
v      20.76679789      4.991598365     -2.143062404
v      20.96277608      4.988585377     -2.100734815
v      21.21639298      4.986039596     -2.064846898
v      21.53355728      4.983798874      -2.03312727
v      21.91665177      4.982013644     -2.007672156
v       22.3611273      4.980869006      -1.99107137
v       22.8536657      4.980396367     -1.983781987
v      23.37271427      4.980706658     -1.987382571
v      23.89144414      4.982079052     -2.005807269
v      24.38285626      4.984552008       -2.0396308
v      24.82561802      4.987630497      -2.08197412
v      25.20699581      4.990840105     -2.126233797
v      25.52307348      4.993821772     -2.167403981
v      25.77668822      4.996434871     -2.203517962
v      25.97493868      4.998630696      -2.23388597
v      26.12668702      5.000452744     -2.259102634
v      26.24105511      5.001910948     -2.279293753
v      26.32614155      5.003088789     -2.295613054
v      26.32618355      5.003661184     -2.303601856
v      26.38588634      5.719124092     -2.270932886
v      26.38593435      5.719778258     -2.278704037
v      26.38598235      5.720432425     -2.286475188
v      26.30256092      5.719300379     -2.273220516
v      26.19008152      5.718193342     -2.260330378
v      26.04033751      5.717483174     -2.252241389
v      25.84486372      5.717631817     -2.254460908
v      25.59614746      5.719459975     -2.276756035
v      25.28882284      5.723259965     -2.322611837
v      24.92075936      5.728911084     -2.390599359
v      24.49519724      5.735827913     -2.473756516
v      24.02174037      5.742478396     -2.553860741
v      23.51866217      5.746924787     -2.607849899
v      23.01317464      5.748783971     -2.631109559
v       22.5329558      5.749030452     -2.635152244
v      22.09944445      5.748066816     -2.624710776
v      21.72569074      5.746254658     -2.604050467
v      21.41623124      5.743813119     -2.575764119
v      21.16880989      5.740909107     -2.541839771
v      20.97737442      5.737544116     -2.502309211
v      20.83579365       5.73340459     -2.453461748
v       20.7449391       5.72781483     -2.387268288
v       20.7170059        5.7212128     -2.308903391
v      20.74389417      5.714601909     -2.230305985
v      20.83370668      5.708954756     -2.163011386
v      20.97420901      5.704683846     -2.111948414
v      21.16493577      5.701240431      -2.07059922
v      21.41177359      5.698330967     -2.035462928
v      21.72047194      5.695770142     -2.004324766
v      22.09335207      5.693729879     -1.979221733
v       22.5259882      5.692421722     -1.962677151
v      23.00541684      5.691881563      -1.95514751
v      23.51066008       5.69223618     -1.958187575
v      24.01560631      5.693804631     -1.975648231
v      24.49397526      5.696630866     -2.008112597
v      24.92499571       5.70014914     -2.048908019
v      25.29626694      5.703817263     -2.091622285
v      25.60397251      5.707224882     -2.131389393
v      25.85087237      5.710211281     -2.166293679
v      26.04387572      5.712720795     -2.195657839
v      26.19160948      5.714803136     -2.220052406
v      26.30295296      5.716469655     -2.239591627
v      26.38579034      5.717815758     -2.255390585
v      26.38583834      5.718469925     -2.263161736
v      26.44554714      6.434014603     -2.230275115
v      26.44560114       6.43475054     -2.237828614
v      26.44565514      6.435486478     -2.245382114
v      26.36450113      6.434212926      -2.23257709
v      26.25508364       6.43296751     -2.220153732
v      26.10942449       6.43216857     -2.212432146
v      25.91929504      6.432335794     -2.214773438
v      25.67739712      6.434392472     -2.236678282
v      25.37851476       6.43866746     -2.281539206
v      25.02057433      6.445024969     -2.347969272
v      24.60672098      6.452806402     -2.429198298
v      24.14627895      6.460288196     -2.507504944
v      23.65700056      6.465290386     -2.560455662
v      23.16534978      6.467381967     -2.583539631
v      22.69825901      6.467659258     -2.587920959
v       22.2765856      6.466575168     -2.578179769
v      21.91302706       6.46453649     -2.558449655
v       21.6119984      6.461789759     -2.531246552
v       21.3713071      6.458522746     -2.498504949
v      21.18506632      6.454737131     -2.460261439
v      21.04730896      6.450080164     -2.412915009
v      20.95887516      6.443791684     -2.348660571
v      20.93163164      6.436364401     -2.272516315
v      20.95771111      6.428927148     -2.196094478
v      21.04500574        6.4225741     -2.130599743
v      21.18162013      6.417769326     -2.080834425
v      21.36709546      6.413895485     -2.040463624
v       21.6071542      6.410622338     -2.006078958
v       21.9073866       6.40774141     -1.975522261
v      22.27005238      6.405446114     -1.950771309
v      22.69084909      6.403974437     -1.934282932
v      23.15716797      6.403366758     -1.926513032
v      23.64860589      6.403765703     -1.928992579
v      24.13976848       6.40553021     -1.945489194
v      24.60509426      6.408709725     -1.976594394
v      25.02437341      6.412667782     -2.015841917
v      25.38553807      6.416794421     -2.057010772
v      25.68487153      6.420627993     -2.095374805
v      25.92505652      6.423987691     -2.129069397
v      26.11281276      6.426810894     -2.157429707
v      26.25653194      6.429153528     -2.181002178
v      26.36485082      6.431028362     -2.199889501
v      26.44543914      6.432542728     -2.215168117
v      26.44549314      6.433278666     -2.222721616
v      26.50520793      7.148905114     -2.189617344
v      26.50526793      7.149722823     -2.196953192
v      26.50532793      7.150540531      -2.20428904
v      26.42644135      7.149125474     -2.191933663
v      26.32008576      7.147741677     -2.179977086
v      26.17851146      7.146853967     -2.172622903
v      25.99372636      7.147039771     -2.175085969
v      25.75864678      7.149324969      -2.19660053
v      25.46820667      7.154074956     -2.240466576
v      25.12038931      7.161138855     -2.305339186
v      24.71824472      7.169784891      -2.38464008
v      24.27081753      7.178097995     -2.461149146
v      23.79533895      7.183655984     -2.513061425
v      23.31752491      7.185979964     -2.535969703
v      22.86356222      7.186288065     -2.540689674
v      22.45372675       7.18508352     -2.531648761
v      22.10036338      7.182818322     -2.512848844
v      21.80776556      7.179766399     -2.486728984
v      21.57380431      7.176136384     -2.455170126
v      21.39275823      7.171930145     -2.418213668
v      21.25882427      7.166755738      -2.37236827
v      21.17281123      7.159768538     -2.310052854
v      21.14625737      7.151516001     -2.236129239
v      21.17152804      7.143252387     -2.161882971
v       21.2563048      7.136193445     -2.098188099
v      21.38903124      7.130854807     -2.049720435
v      21.56925516      7.126550539     -2.010328028
v      21.80253481      7.122913709     -1.976694988
v      22.09430125      7.119712677     -1.946719757
v      22.44675269      7.117162349     -1.922320886
v      22.85570998      7.115527152     -1.905888712
v       23.3089191      7.114851953     -1.897878555
v       23.7865517      7.115295225     -1.899797583
v      24.26393066      7.117255789     -1.915330156
v      24.71621327      7.120788583     -1.945076192
v       25.1237511      7.125186424     -1.982775815
v      25.47480919      7.129771579      -2.02239926
v      25.76577055      7.134031103     -2.059360217
v      25.99924066      7.137764101     -2.091845114
v       26.1817498      7.140900994     -2.119201576
v       26.3214544       7.14350392      -2.14195195
v      26.42674867      7.145587069     -2.160187374
v      26.50508793      7.147269698     -2.174945648
v      26.50514793      7.148087406     -2.182281496
v      26.56486872      7.863795626     -2.148959573
v      26.56493473      7.864695105      -2.15607777
v      26.56500073      7.865594584     -2.163195966
v      26.48838156      7.864038021     -2.151290236
v      26.38508788      7.862515845      -2.13980044
v      26.24759844      7.861539364     -2.132813659
v      26.06815768      7.861743748     -2.135398499
v      25.83989643      7.864257466     -2.156522778
v      25.55789859      7.869482452     -2.199393945
v      25.22020429       7.87725274     -2.262709099
v      24.82976845       7.88676338     -2.340081862
v      24.39535611      7.895907795     -2.414793349
v      23.93367734      7.902021582     -2.465667189
v      23.46970005       7.90457796     -2.488399775
v      23.02886543      7.904916871     -2.493458389
v      22.63086791      7.903591872     -2.485117753
v       22.2876997      7.901100155     -2.467248033
v      22.00353272      7.897743039     -2.442211417
v      21.77630152      7.893750023     -2.411835304
v      21.60045013       7.88912316     -2.376165897
v      21.47033958      7.883431312     -2.331821531
v      21.38674729      7.875745392     -2.271445138
v      21.36088311      7.866667601     -2.199742163
v      21.38534497      7.857577625     -2.127671464
v      21.46760386      7.849812789     -2.065776456
v      21.59644236      7.843940288     -2.018606446
v      21.77141485      7.839205593     -1.980192433
v      21.99791542       7.83520508     -1.947311019
v      22.28121591      7.831683945     -1.917917253
v      22.62345299      7.828878584     -1.893870463
v      23.02057087      7.827079867     -1.877494493
v      23.46067023      7.826337149     -1.869244077
v      23.92449751      7.826824748     -1.870602587
v      24.38809283      7.828981368     -1.885171119
v      24.82733227      7.832867441     -1.913557989
v       25.2231288      7.837705067     -1.949709714
v      25.56408032      7.842748737     -1.987787747
v      25.84666957      7.847434213     -2.023345629
v      26.07342481      7.851540512     -2.054620832
v      26.25068684      7.854991093     -2.080973444
v      26.38637687      7.857854312     -2.102901721
v      26.48864653      7.860145776     -2.120485248
v      26.56473672      7.861996668      -2.13472318
v      26.56480272      7.862896147     -2.141841376
v      26.62452952      8.578686137     -2.108301802
v      26.62460152      8.579667387     -2.115202347
v      26.62467352      8.580648637     -2.122102892
v      26.55032177      8.578950569     -2.110646809
v         26.45009      8.577290013     -2.099623794
v      26.31668542      8.576224761     -2.093004416
v        26.142589      8.576447725     -2.095711029
v      25.92114609      8.579189963     -2.116445026
v       25.6475905      8.584889947     -2.158321315
v      25.32001927      8.593366626     -2.220079013
v      24.94129219       8.60374187     -2.295523643
v      24.51989468      8.613717594     -2.368437551
v      24.07201573      8.620387181     -2.418272952
v      23.62187518      8.623175956     -2.440829847
v      23.19416864      8.623545678     -2.446227104
v      22.80800906      8.622100224     -2.438586746
v      22.47503601      8.619381987     -2.421647222
v      22.19929988      8.615719679     -2.397693849
v      21.97879873      8.611363661     -2.368500482
v      21.80814203      8.606316174     -2.334118126
v       21.6818549      8.600106886     -2.291274793
v      21.60068336      8.591722245     -2.232837421
v      21.57550885      8.581819201     -2.163355087
v      21.59916191      8.571902864     -2.093459957
v      21.67890292      8.563432134     -2.033364812
v      21.80385348      8.557025769     -1.987492456
v      21.97357454      8.551860647     -1.950056837
v      22.19329603      8.547496451     -1.917927049
v      22.46813056      8.543655213     -1.889114748
v       22.8001533      8.540594819      -1.86542004
v      23.18543176      8.538632583     -1.849100274
v      23.61242136      8.537822344     -1.840609599
v      24.06244331       8.53835427     -1.841407591
v        24.512255      8.540706947     -1.855012081
v      24.93845127        8.5449463     -1.882039786
v       25.3225065      8.550223709     -1.916643612
v      25.65335145      8.555725894     -1.953176234
v       25.9275686      8.560837324     -1.987331041
v      26.14760896      8.565316922     -2.017396549
v      26.31962387      8.569081192     -2.042745312
v      26.45129933      8.572204704     -2.063851493
v      26.55054438      8.574704483     -2.080783122
v      26.62438551      8.576723638     -2.094500711
v      26.62445752      8.577704887     -2.101401256
v      26.68419031      9.293576649     -2.067644031
v      26.68426831      9.294639669     -2.074326925
v      26.68434631       9.29570269     -2.081009819
v      26.61226198      9.293863116     -2.070003383
v      26.51509212      9.292064181     -2.059447148
v       26.3857724      9.290910157     -2.053195172
v      26.21702032      9.291151702      -2.05602356
v      26.00239575      9.294122459     -2.076367274
v      25.73728242      9.300297443     -2.117248684
v      25.41983424      9.309480511     -2.177448926
v      25.05281593      9.320720359     -2.250965425
v      24.64443326      9.331527394     -2.322081754
v      24.21035412      9.338752779     -2.370878715
v      23.77405032      9.341773953     -2.393259919
v      23.35947185      9.342174484     -2.398995819
v      22.98515021      9.340608576     -2.392055738
v      22.66237233      9.337663819      -2.37604641
v      22.39506704      9.333696318     -2.353176281
v      22.18129594      9.328977299      -2.32516566
v      22.01583394      9.323509189     -2.292070355
v      21.89337021       9.31678246     -2.250728054
v      21.81461942      9.307699099     -2.194229704
v      21.79013459      9.296970801     -2.126968011
v      21.81297884      9.286228103     -2.059248449
v      21.89020198      9.277051478     -2.000953168
v      22.01126459      9.270111249     -1.956378467
v      22.17573423      9.264515701     -1.919921242
v      22.38867664      9.259787821     -1.888543079
v      22.65504522      9.255626481     -1.860312244
v       22.9768536      9.252311054     -1.836969617
v      23.35029265      9.250185298     -1.820706055
v      23.76417249      9.249307539     -1.811975122
v      24.20038912      9.249883793     -1.812212595
v      24.63641717      9.252432526     -1.824853044
v      25.04957027      9.257025158     -1.850521583
v      25.42188419      9.262742352     -1.883577511
v      25.74262258      9.268703052     -1.918564722
v      26.00846762      9.274240434     -1.951316453
v       26.2217931      9.279093332     -1.980172267
v      26.38856091      9.283171292     -2.004517181
v      26.51622179      9.286555096     -2.024801265
v      26.61244223      9.289263189     -2.041080995
v      26.68403431      9.291450608     -2.054278243
v      26.68411231      9.292513628     -2.060961137
v       26.7438511      10.00846716     -2.026986259
v      26.74393511      10.00961195     -2.033451502
v      26.74401911      10.01075674     -2.039916745
v      26.67420219      10.00877566     -2.029359956
v      26.58009423      10.00683835     -2.019270502
v      26.45485937      10.00559555     -2.013385929
v      26.29145164      10.00585568      -2.01633609
v       26.0836454      10.00905496     -2.036289521
v      25.82697433      10.01570494     -2.076176054
v      25.51964922       10.0255944     -2.134818839
v      25.16433967      10.03769885     -2.206407207
v      24.76897184      10.04933719     -2.275725956
v      24.34869251      10.05711838     -2.323484478
v      23.92622545      10.06037195     -2.345689991
v      23.52477506      10.06080329     -2.351764533
v      23.16229137      10.05911693      -2.34552473
v      22.84970865      10.05594565     -2.330445599
v       22.5908342      10.05167296     -2.308658714
v      22.38379315      10.04659094     -2.281830837
v      22.22352584       10.0407022     -2.250022584
v      22.10488552      10.03345803     -2.210181315
v      22.02855548      10.02367595     -2.155621988
v      22.00476032       10.0121224     -2.090580935
v      22.02679577      10.00055334     -2.025036942
v      22.10150104      9.990670822     -1.968541525
v      22.21867571       9.98319673     -1.925264477
v      22.37789392      9.977170755     -1.889785646
v      22.58405725      9.972079192     -1.859159109
v      22.84195987      9.967597748     -1.831509739
v      23.15355391      9.964027289     -1.808519194
v      23.51515355      9.961738013     -1.792311836
v      23.91592362      9.960792735     -1.783340644
v      24.33833493      9.961413315     -1.783017599
v      24.76057934      9.964158104     -1.794694006
v      25.16068928      9.969104016     -1.819003381
v      25.52126189      9.975260994     -1.850511409
v      25.83189371       9.98168021     -1.883953209
v      26.08936664      9.987643544     -1.915301865
v      26.29597725      9.992869742     -1.942947984
v      26.45749795      9.997261391     -1.966289049
v      26.58114425      10.00090549     -1.985751037
v      26.67434009       10.0038219     -2.001378869
v       26.7436831      10.00617758     -2.014055774
v       26.7437671      10.00732237     -2.020521017
v       26.8035119      10.72335767     -1.986328488
v       26.8036019      10.72458423      -1.99257608
v       26.8036919       10.7258108     -1.998823671
v       26.7361424      10.72368821     -1.988716529
v      26.64509635      10.72161252     -1.979093855
v      26.52394635      10.72028095     -1.973576686
v      26.36588296      10.72055966     -1.976648621
v      26.16489506      10.72398745     -1.996211769
v      25.91666625      10.73111243     -2.035103423
v       25.6194642      10.74170828     -2.092188753
v       25.2758634      10.75467734     -2.161848988
v      24.89351042      10.76714699     -2.229370159
v       24.4870309      10.77548398     -2.276090242
v      24.07840059      10.77896995     -2.298120063
v      23.69007827       10.7794321     -2.304533248
v      23.33943252      10.77762528     -2.298993722
v      23.03704497      10.77422748     -2.284844788
v      22.78660136       10.7696496     -2.264141146
v      22.58629036      10.76420458     -2.238496015
v      22.43121774      10.75789522     -2.207974813
v      22.31640083      10.75013361     -2.169634576
v      22.24249155      10.73965281     -2.117014271
v      22.21938606        10.727274     -2.054193859
v      22.24061271      10.71487858     -1.990825435
v       22.3128001      10.70429017     -1.936129881
v      22.42608683      10.69628221     -1.894150488
v      22.58005361      10.68982581      -1.85965005
v      22.77943786      10.68437056     -1.829775139
v      23.02887453      10.67956902     -1.802707235
v      23.33025422      10.67574352      -1.78006877
v      23.68001444      10.67329073     -1.763917616
v      24.06767475      10.67227793     -1.754706167
v      24.47628074      10.67294284     -1.753822603
v      24.88474151      10.67588368     -1.764534969
v      25.27180828      10.68118287     -1.787485178
v      25.62063959      10.68777964     -1.817445307
v      25.92116484      10.69465737     -1.849341697
v      26.17026566      10.70104665     -1.879287277
v       26.3701614      10.70664615     -1.905723702
v      26.52643499      10.71135149     -1.928060918
v      26.64606671      10.71525588     -1.946700808
v      26.73623794       10.7183806     -1.961676743
v      26.80333189      10.72090455     -1.973833306
v      26.80342189      10.72213111     -1.980080897
v      26.86317269      11.43824818     -1.945670717
v      26.86326869      11.43955652     -1.951700657
v      26.86336469      11.44086485     -1.957730597
v      26.79808261      11.43860076     -1.948073103
v      26.71009847      11.43638668     -1.938917209
v      26.59303333      11.43496635     -1.933767442
v      26.44031428      11.43526363     -1.936961151
v      26.24614472      11.43891995     -1.956134017
v      26.00635816      11.44651993     -1.994030793
v      25.71927918      11.45782217     -2.049558666
v      25.38738714      11.47165583      -2.11729077
v      25.01804899      11.48495679     -2.183014361
v       24.6253693      11.49384957     -2.228696005
v      24.23057572      11.49756794     -2.250550135
v      23.85538148       11.4980609     -2.257301963
v      23.51657368      11.49613363     -2.252462715
v      23.22438129      11.49250932     -2.239243977
v      22.98236852      11.48762624     -2.219623579
v      22.78878757      11.48181821     -2.195161193
v      22.63890965      11.47508823     -2.165927042
v      22.52791615      11.46680918     -2.129087837
v      22.45642761      11.45562966     -2.078406554
v       22.4340118       11.4424256     -2.017806783
v      22.45442964      11.42920382     -1.956613928
v      22.52409916      11.41790951     -1.903718238
v      22.63349794      11.40936769     -1.863036498
v       22.7822133      11.40248086     -1.829514455
v      22.97481847      11.39666193     -1.800391169
v      23.21578918      11.39154028      -1.77390473
v      23.50695452      11.38745976     -1.751618347
v      23.84487533      11.38484344     -1.735523397
v      24.21942588      11.38376313     -1.726071689
v      24.61422655      11.38447236     -1.724627607
v      25.00890368      11.38760926     -1.734375932
v      25.38292728      11.39326173     -1.755966975
v      25.72001728      11.40029828     -1.784379206
v      26.01043596      11.40763453     -1.814730184
v      26.25116469      11.41444976     -1.843272689
v      26.44434555      11.42042256     -1.868499419
v      26.59537203      11.42544159     -1.889832786
v      26.71098917      11.42960627      -1.90765058
v       26.7981358      11.43293931     -1.921974616
v      26.86298068      11.43563152     -1.933610837
v      26.86307669      11.43693985     -1.939640777
v      26.92283348      12.15313869     -1.905012946
v      26.92293548       12.1545288     -1.910825235
v      26.92303749       12.1559189     -1.916637523
v      26.86002282      12.15351331     -1.907429676
v      26.77510059      12.15116085     -1.898740563
v       26.6621203      12.14965174     -1.893958199
v       26.5147456      12.14996761     -1.897273681
v      26.32739437      12.15385245     -1.916056265
v      26.09605008      12.16192743     -1.952958162
v      25.81909415      12.17393605      -2.00692858
v      25.49891088      12.18863432     -2.072732552
v      25.14258757      12.20276659     -2.136658564
v      24.76370769      12.21221517     -2.181301768
v      24.38275086      12.21616594     -2.202980207
v       24.0206847      12.21668971     -2.210070678
v      23.69371483      12.21464198     -2.205931707
v       23.4117176      12.21079115     -2.193643165
v      23.17813568      12.20560288     -2.175106011
v      22.99128478      12.19943185      -2.15182637
v      22.84660155      12.19228125     -2.123879271
v      22.73943146      12.18348475     -2.088541098
v      22.67036368      12.17160651     -2.039798838
v      22.64863754       12.1575772     -1.981419707
v      22.66824657      12.14352906     -1.922402421
v      22.73539822      12.13152886     -1.871306594
v      22.84090906      12.12245317     -1.831922509
v        22.984373      12.11513592     -1.799378859
v      23.17019907       12.1089533     -1.771007199
v      23.40270384      12.10351155     -1.745102226
v      23.68365483      12.09917599     -1.723167924
v      24.00973622      12.09639616     -1.707129178
v      24.37117701      12.09524832     -1.697437212
v      24.75217235      12.09600188     -1.695432611
v      25.13306585      12.09933484     -1.704216894
v      25.49404628      12.10534059     -1.724448772
v      25.81939498      12.11281692     -1.751313104
v      26.09970709      12.12061168     -1.780118671
v      26.33206371      12.12785288     -1.807258101
v      26.51852969      12.13419897     -1.831275136
v      26.66430907      12.13953169     -1.851604655
v      26.77591163      12.14395666     -1.868600352
v      26.86003365      12.14749802      -1.88227249
v      26.92262948      12.15035849     -1.893388369
v      26.92273148      12.15174859     -1.899200657
v      26.98249428      12.86802921     -1.864355175
v      26.98260228      12.86950108     -1.869949812
v      26.98271028      12.87097296     -1.875544449
v      26.92196303      12.86842585     -1.866786249
v      26.84010271      12.86593502     -1.858563917
v      26.73120728      12.86433714     -1.854148955
v      26.58917692      12.86467159     -1.857586212
v      26.40864403      12.86878494     -1.875978513
v        26.185742      12.87733492     -1.911885532
v      25.91890913      12.89004994     -1.964298493
v      25.61043462       12.9056128     -2.028174334
v      25.26712615      12.92057639     -2.090302766
v      24.90204608      12.93058077     -2.133907531
v      24.53492599      12.93476393     -2.155410279
v      24.18598791      12.93531852     -2.162839393
v      23.87085598      12.93315034     -2.159400699
v      23.59905392      12.92907298     -2.148042354
v      23.37390285      12.92357952     -2.130588444
v      23.19378199      12.91704549     -2.108491548
v      23.05429345      12.90947426       -2.0818315
v      22.95094677      12.90016033      -2.04799436
v      22.88429974      12.88758337     -2.001191121
v      22.86326327       12.8727288      -1.94503263
v      22.88206351       12.8578543     -1.888190913
v      22.94669728       12.8451482      -1.83889495
v      23.04832018      12.83553865     -1.800808519
v      23.18653269      12.82779097     -1.769243264
v      23.36557968      12.82124468      -1.74162323
v      23.58961849      12.81548282     -1.716299721
v      23.86035513      12.81089223     -1.694717501
v      24.17459711      12.80794887     -1.678734959
v      24.52292815      12.80673352     -1.668802734
v      24.89011816      12.80753141     -1.666237615
v      25.25722802      12.81106042     -1.674057857
v      25.60516528      12.81741945      -1.69293057
v      25.91877267      12.82533556     -1.718247002
v      26.18897822      12.83358884     -1.745507159
v      26.41296273      12.84125599     -1.771243513
v      26.59271384      12.84797538     -1.794050854
v       26.7332461      12.85362179     -1.813376523
v       26.8408341      12.85830706     -1.829550124
v       26.9219315      12.86205672     -1.842570364
v      26.98227827      12.86508546       -1.8531659
v      26.98238627      12.86655733     -1.858760538
v      27.04215507      13.58291972     -1.823697404
v      27.04226907      13.58447336      -1.82907439
v      27.04238307      13.58602701     -1.834451376
v      26.98390324       13.5833384     -1.826142822
v      26.90510483      13.58070919     -1.818387271
v      26.80029426      13.57902254     -1.814339712
v      26.66360824      13.57937556     -1.817898742
v      26.48989369      13.58371744      -1.83590076
v      26.27543391      13.59274242     -1.870812901
v      26.01872411      13.60616382     -1.921668407
v      25.72195835      13.62259129     -1.983616115
v      25.39166473      13.63838619     -2.043946969
v      25.04038447      13.64894637     -2.086513294
v      24.68710113      13.65336193     -2.107840351
v      24.35129112      13.65394732     -2.115608108
v      24.04799714      13.65165869     -2.112869692
v      23.78639024      13.64735481     -2.102441543
v      23.56967001      13.64155616     -2.086070876
v       23.3962792      13.63465913     -2.065156726
v      23.26198536      13.62666728     -2.039783729
v      23.16246208       13.6168359     -2.007447621
v      23.09823581      13.60356022     -1.962583404
v      23.07788901       13.5878804     -1.908645554
v      23.09588044      13.57217953     -1.853979406
v      23.15799634      13.55876754     -1.806483307
v      23.25573129      13.54862413      -1.76969453
v      23.38869238      13.54044602     -1.739107668
v      23.56096029      13.53353605      -1.71223926
v      23.77653315      13.52745409     -1.687497217
v      24.03705544      13.52260846     -1.666267078
v        24.339458      13.51950159      -1.65034074
v      24.67467928      13.51821871     -1.640168257
v      25.02806397      13.51906093     -1.637042618
v       25.3813902        13.522786     -1.643898819
v      25.71628429      13.52949831     -1.661412367
v      26.01815037      13.53785421     -1.685180901
v      26.27824935        13.546566     -1.710895646
v      26.49386175       13.5546591     -1.735228925
v      26.66689799      13.56175179     -1.756826571
v      26.80218314      13.56771189     -1.775148391
v      26.90575656      13.57265745     -1.790499895
v      26.98382936      13.57661543     -1.802868238
v      27.04192706      13.57981243     -1.812943432
v      27.04204107      13.58136607     -1.818320418
v      27.10181586      14.29781023     -1.783039633
v      27.10193586      14.29944565     -1.788198967
v      27.10205587      14.30108106     -1.793358302
v      27.04584345      14.29825095     -1.785499396
v      26.97010695      14.29548335     -1.778210625
v      26.86938124      14.29370793     -1.774530468
v      26.73803956      14.29407954     -1.778211273
v      26.57114334      14.29864994     -1.795823008
v      26.36512583      14.30814991     -1.829740271
v      26.11853909      14.32227771      -1.87903832
v      25.83348209      14.33956978     -1.939057897
v       25.5162033      14.35619599     -1.997591171
v      25.17872286      14.36731197     -2.039119058
v      24.83927626      14.37195993     -2.060270423
v      24.51659433      14.37257613     -2.068376823
v      24.22513829      14.37016704     -2.066338684
v      23.97372656      14.36563664     -2.056840731
v      23.76543717       14.3595328     -2.041553309
v      23.59877641      14.35227277     -2.021821904
v      23.46967726      14.34386029     -1.997735958
v       23.3739774      14.33351148     -1.966900882
v      23.31217187      14.31953708     -1.923975688
v      23.29251475        14.303032     -1.872258478
v      23.30969737      14.28650477     -1.819767899
v       23.3692954      14.27238689     -1.774071663
v      23.46314241      14.26170961      -1.73858054
v      23.59085207      14.25310108     -1.708972073
v       23.7563409      14.24582742      -1.68285529
v       23.9634478      14.23942535     -1.658694712
v      24.21375575       14.2343247     -1.637816655
v       24.5043189       14.2310543      -1.62194652
v      24.82643041      14.22970391     -1.611533779
v      25.16600978      14.23059045     -1.607847622
v      25.50555237      14.23451158     -1.613739782
v      25.82740329      14.24157717     -1.629894164
v      26.11752807      14.25037285     -1.652114799
v      26.36752048      14.25954316     -1.676284134
v      26.57476078      14.26806221     -1.699214337
v      26.74108213       14.2755282     -1.719602289
v      26.87112018      14.28180199      -1.73692026
v      26.97067902      14.28700784     -1.751449667
v      27.04572721      14.29117414     -1.763166111
v      27.10157586       14.2945394     -1.772720963
v      27.10169586      14.29617481     -1.777880298
v      27.16147665      15.01270074     -1.742381861
v      27.16160266      15.01441793     -1.747323545
v      27.16172866      15.01613511     -1.752265228
v      27.10778366       15.0131635     -1.744855969
v      27.03510906      15.01025752     -1.738033979
v      26.93846821      15.00839333     -1.734721225
v      26.81247088      15.00878352     -1.738523803
v        26.652393      15.01358243     -1.755745256
v      26.45481774      15.02355741      -1.78866764
v      26.21835406      15.03839159     -1.836408234
v      25.94500583      15.05654827     -1.894499679
v      25.64074188      15.07400579     -1.951235374
v      25.31706125      15.08567757     -1.991724821
v       24.9914514      15.09055792     -2.012700495
v      24.68189754      15.09120494     -2.021145538
v      24.40227944      15.08867539     -2.019807676
v      24.16106287      15.08391848      -2.01123992
v      23.96120433      15.07750944     -1.997035741
v      23.80127362      15.06988641     -1.978487081
v      23.67736916       15.0610533     -1.955688187
v      23.58549271      15.05018705     -1.926354143
v      23.52610793      15.03551393     -1.885367971
v      23.50714049       15.0181836     -1.835871402
v      23.52351431      15.00083001     -1.785556392
v      23.58059446      14.98600623      -1.74166002
v      23.67055353      14.97479509     -1.707466551
v      23.79301176      14.96575613     -1.678836477
v      23.95172151      14.95811879      -1.65347132
v      24.15036246      14.95139662     -1.629892208
v      24.39045605      14.94604093     -1.609366231
v      24.66917979      14.94260702     -1.593552301
v      24.97818154       14.9411891     -1.582899301
v      25.30395559      14.94211997     -1.578652626
v      25.62971454      14.94623716     -1.583580744
v      25.93852229      14.95365602     -1.598375961
v      26.21690576      14.96289149     -1.619048698
v      26.45679161      14.97252032     -1.641672621
v       26.6556598      14.98146532     -1.663199749
v      26.81526628      14.98930461     -1.682378006
v      26.94005722      14.99589209     -1.698692128
v      27.03560148      15.00135823     -1.712399439
v      27.10762507      15.00573284     -1.723463985
v      27.16122465      15.00926637     -1.732498495
v      27.16135065      15.01098355     -1.737440178
v      27.22113745      15.72759125      -1.70172409
v      27.22126945      15.72939021     -1.706448122
v      27.22140145      15.73118917     -1.711172154
v      27.16972387      15.72807604     -1.704212542
v      27.10011118      15.72503169     -1.697857333
v      27.00755519      15.72307873     -1.694911982
v       26.8869022       15.7234875     -1.698836333
v      26.73364266      15.72851493     -1.715667504
v      26.54450966       15.7389649      -1.74759501
v      26.31816904      15.75450548     -1.793778147
v      26.05652957      15.77352676      -1.84994146
v      25.76528046      15.79181559     -1.904879576
v      25.45539964      15.80404316     -1.944330584
v      25.14362653      15.80915592     -1.965130567
v      24.84720075      15.80983374     -1.973914253
v       24.5794206      15.80718374     -1.973276669
v      24.34839919      15.80220031     -1.965639109
v      24.15697149      15.79548608     -1.952518174
v      24.00377083      15.78750005     -1.935152259
v      23.88506107      15.77824632     -1.913640416
v      23.79700802      15.76686262     -1.885807404
v        23.740044      15.75149078     -1.846760254
v      23.72176622       15.7333352     -1.799484326
v      23.73733124      15.71515525     -1.751344885
v      23.79189352      15.69962558     -1.709248376
v      23.87796464      15.68788058     -1.676352561
v      23.99517145      15.67841119     -1.648700881
v      24.14710212      15.67041016      -1.62408735
v      24.33727711      15.66336789     -1.601089703
v      24.56715636      15.65775717     -1.580915808
v      24.83404068      15.65415973     -1.565158082
v      25.12993267       15.6526743     -1.554264824
v      25.44190139       15.6536495      -1.54945763
v      25.75387671      15.65796274     -1.553421707
v      26.04964129      15.66573488     -1.566857759
v      26.31628346      15.67541013     -1.585982596
v      26.54606273      15.68549747     -1.607061108
v      26.73655882      15.69486843     -1.627185161
v      26.88945043      15.70308102     -1.645153724
v      27.00899426      15.70998219     -1.660463997
v      27.10052394      15.71570862     -1.673349211
v      27.16952292      15.72029155     -1.683761859
v      27.22087344      15.72399334     -1.692276026
v      27.22100544      15.72579229     -1.697000058
v      27.28079824      16.44248176     -1.661066319
v      27.28093624      16.44436249       -1.6655727
v      27.28107425      16.44624322      -1.67007908
v      27.23166408      16.44298859     -1.663569116
v       27.1651133      16.43980586     -1.657680687
v      27.07664217      16.43776412     -1.655102738
v      26.96133352      16.43819147     -1.659148864
v      26.81489231      16.44344743     -1.675589752
v      26.63420157       16.4543724     -1.706522379
v      26.41798402      16.47061937      -1.75114806
v       26.1680533      16.49050525     -1.805383242
v      25.88981904      16.50962539     -1.858523779
v      25.59373803      16.52240876     -1.896936347
v      25.29580167      16.52775392     -1.917560639
v      25.01250396      16.52846255     -1.926682968
v      24.75656175       16.5256921     -1.926745661
v      24.53573551      16.52048214     -1.920038298
v      24.35273865      16.51346272     -1.908000606
v      24.20626804      16.50511368     -1.891817437
v      24.09275297      16.49543933     -1.871592645
v      24.00852333       16.4835382     -1.845260665
v      23.95398006      16.46746764     -1.808152538
v      23.93639196       16.4484868      -1.76309725
v      23.95114818      16.42948049     -1.717133377
v      24.00319257      16.41324492     -1.676836732
v      24.08537576      16.40096606     -1.645238572
v      24.19733114      16.39106624     -1.618565286
v      24.34248273      16.38270153      -1.59470338
v      24.52419177      16.37533916     -1.572287199
v      24.74385666       16.3694734     -1.552465385
v      24.99890157      16.36571245     -1.536763863
v       25.2816838      16.36415949     -1.525630346
v       25.5798472      16.36517902     -1.520262634
v      25.87803888      16.36968831     -1.523262669
v       26.1607603      16.37781374     -1.535339556
v      26.41566116      16.38792878     -1.552916494
v      26.63533386      16.39847463     -1.572449596
v      26.81745784      16.40827154     -1.591170573
v      26.96363457      16.41685743     -1.607929441
v       27.0779313      16.42407229     -1.622235865
v       27.1654464      16.43005902     -1.634298982
v      27.23142077      16.43485026     -1.644059732
v      27.28052223      16.43872031     -1.652053558
v      27.28066024      16.44060103     -1.656559939
v      27.34045903      17.15737227     -1.620408548
v      27.34060304      17.15933477     -1.624697277
v      27.34074704      17.16129727     -1.628986007
v      27.29360429      17.15790114     -1.622925689
v      27.23011542      17.15458003     -1.617504041
v      27.14572915      17.15244952     -1.615293495
v      27.03576484      17.15289545     -1.619461394
v      26.89614197      17.15837993     -1.635511999
v      26.72389349      17.16977989     -1.665449749
v        26.517799      17.18673325     -1.708517974
v      26.27957704      17.20748374     -1.760825024
v      26.01435762      17.22743519     -1.812167981
v      25.73207642      17.24077436     -1.849542111
v       25.4479768      17.24635191     -1.869990711
v      25.17780717      17.24709136     -1.879451683
v       24.9337029      17.24420045     -1.880214653
v      24.72307183      17.23876397     -1.874437486
v      24.54850581      17.23143936     -1.863483039
v      24.40876525      17.22272732     -1.848482614
v      24.30044487      17.21263235     -1.829544874
v      24.22003865      17.20021377     -1.804713927
v      24.16791613      17.18344449     -1.769544821
v       24.1510177       17.1636384     -1.726710174
v      24.16496511      17.14380573      -1.68292187
v      24.21449163      17.12686427     -1.644425089
v      24.29278688      17.11405154     -1.614124582
v      24.39949084      17.10372129      -1.58842969
v      24.53786334       17.0949929      -1.56531941
v      24.71110643      17.08731043     -1.543484694
v      24.92055697      17.08118964     -1.524014962
v      25.16376246      17.07726517     -1.508369644
v      25.43343493      17.07564469     -1.496995869
v      25.71779301      17.07670854     -1.491067638
v      26.00220105      17.08141389     -1.493103632
v       26.2718793       17.0898926     -1.503821353
v      26.51503885      17.10044742     -1.519850393
v      26.72460499      17.11145179     -1.537838083
v      26.89835686      17.12167465     -1.555155985
v      27.03781872      17.13063384     -1.570705159
v      27.14686834      17.13816238     -1.584007734
v      27.23036886      17.14440941     -1.595248754
v      27.29331863      17.14940897     -1.604357606
v      27.34017103      17.15344728      -1.61183109
v      27.34031503      17.15540977     -1.616119819
v      27.40011983      17.87226279     -1.579750777
v      27.40026983      17.87430706     -1.583821855
v      27.40041983      17.87635133     -1.587892933
v       27.3555445      17.87281368     -1.582282262
v      27.29511754      17.86935419     -1.577327395
v      27.21481612      17.86713492     -1.575484251
v      27.11019616      17.86759943     -1.579773924
v      26.97739163      17.87331242     -1.595434247
v       26.8135854      17.88518739     -1.624377118
v      26.61761397      17.90284714     -1.665887887
v      26.39110078      17.92446223     -1.716266806
v      26.13889619      17.94524499     -1.765812184
v      25.87041481      17.95913996     -1.802147874
v      25.60015194      17.96494991     -1.822420783
v      25.34311038      17.96572016     -1.832220398
v      25.11084406       17.9627088     -1.833683646
v      24.91040815      17.95704581     -1.828836675
v      24.74427297        17.949416     -1.818965471
v      24.61126246      17.94034096     -1.805147792
v      24.50813678      17.92982536     -1.787497103
v      24.43155396      17.91688935     -1.764167188
v      24.38185219      17.89942134     -1.730937105
v      24.36564344         17.87879     -1.690323098
v      24.37878204      17.85813097     -1.648710363
v      24.42579069      17.84048361     -1.612013445
v      24.50019799      17.82713702     -1.583010593
v      24.60165053      17.81637635     -1.558294095
v      24.73324395      17.80728427      -1.53593544
v      24.89802108      17.79928169      -1.51468219
v      25.09725728      17.79290587     -1.495564539
v      25.32862336      17.78881788     -1.479975424
v      25.58518606      17.78712988     -1.468361391
v      25.85573882      17.78823806     -1.461872642
v      26.12636322      17.79313947     -1.462944594
v       26.3829983      17.80197146      -1.47230315
v      26.61441655      17.81296606     -1.486784291
v      26.81387612      17.82442895     -1.503226571
v      26.97925589      17.83507776     -1.519141397
v      27.11200287      17.84441025     -1.533480876
v      27.21580537      17.85225248     -1.545779602
v      27.29529133       17.8587598     -1.556198526
v      27.35521648      17.86396767      -1.56465548
v      27.39981982      17.86817425     -1.571608621
v      27.39996982      17.87021852     -1.575679699
v      27.45978062       18.5871533     -1.539093006
v      27.45993662      18.58927934     -1.542946432
v      27.46009263      18.59140538     -1.546799859
v      27.41748471      18.58772623     -1.541638836
v      27.36011966      18.58412836     -1.537150748
v       27.2839031      18.58182031     -1.535675008
v      27.18462748       18.5823034     -1.540086455
v      27.05864128      18.58824492     -1.555356495
v      26.90327732      18.60059489     -1.583304488
v      26.71742895      18.61896102     -1.623257801
v      26.50262452      18.64144072     -1.671708587
v      26.26343477      18.66305479     -1.719456386
v       26.0087532      18.67750556     -1.754753637
v      25.75232707      18.68354791     -1.774850855
v       25.5084136      18.68434897     -1.784989113
v      25.28798521      18.68121715     -1.787152638
v      25.09774446      18.67532764     -1.783235864
v      24.94004013      18.66739264     -1.774447904
v      24.81375967       18.6579546      -1.76181297
v      24.71582868      18.64701838     -1.745449332
v      24.64306927      18.63356492     -1.723620449
v      24.59578825       18.6153982     -1.692329388
v      24.58026917       18.5939416     -1.653936022
v      24.59259898      18.57245621     -1.614498856
v      24.63708975      18.55410296     -1.579601802
v      24.70760911       18.5402225     -1.551896603
v      24.80381022       18.5290314     -1.528158499
v      24.92862456      18.51957564     -1.506551471
v      25.08493574      18.51125296     -1.485879685
v      25.27395758      18.50462211     -1.467114116
v      25.49348425       18.5003706     -1.451581205
v      25.73693719      18.49861508     -1.439726914
v      25.99368463      18.49976759     -1.432677646
v      26.25052539      18.50486505     -1.432785557
v       26.4941173      18.51405032     -1.440784947
v      26.71379424       18.5254847     -1.453718189
v      26.90314725       18.5374061     -1.468615058
v      27.06015491      18.54848087     -1.483126809
v      27.18618702      18.55818666     -1.496256593
v      27.28474241      18.56634258      -1.50755147
v      27.36021379      18.57311019     -1.517148298
v      27.41711434      18.57852638     -1.524953353
v      27.45946861      18.58290122     -1.531386153
v      27.45962462      18.58502726     -1.535239579
v      27.51944141      19.30204381     -1.498435235
v      27.51960342      19.30425162      -1.50207101
v      27.51976542      19.30645943     -1.505706785
v      27.47942492      19.30263878     -1.500995409
v      27.42512177      19.29890253     -1.496974102
v      27.35299008      19.29650571     -1.495865764
v       27.2590588      19.29700738     -1.500398985
v      27.13989094      19.30317742     -1.515278743
v      26.99296923      19.31600238     -1.542231857
v      26.81724393      19.33507491     -1.580627714
v      26.61414825      19.35841921     -1.627150369
v      26.38797335      19.38086459     -1.673100589
v      26.14709159      19.39587116       -1.7073594
v      25.90450221       19.4021459     -1.727280927
v      25.67371681      19.40297777     -1.737757828
v      25.46512636       19.3997255      -1.74062163
v      25.28508078      19.39360947     -1.737635052
v      25.13580729      19.38536928     -1.729930336
v      25.01625688      19.37556824     -1.718478148
v      24.92352058      19.36421139     -1.703401561
v      24.85458458      19.35024049      -1.68307371
v      24.80972432      19.33137505     -1.653721671
v      24.79489491       19.3090932     -1.617548946
v      24.80641591      19.28678144     -1.580287349
v      24.84838881       19.2677223     -1.547190158
v      24.91502023      19.25330798     -1.520782613
v      25.00596991      19.24168646     -1.498022903
v      25.12400517      19.23186701     -1.477167501
v      25.27185039      19.22322423     -1.457077181
v      25.45065789      19.21633834     -1.438663692
v      25.65834514      19.21192331     -1.423186986
v      25.88868832      19.21010027     -1.411092436
v      26.13163044      19.21129711      -1.40348265
v      26.37468756      19.21659063     -1.402626519
v      26.60523631      19.22612917     -1.409266745
v      26.81317194      19.23800335     -1.420652088
v      26.99241838      19.25038326     -1.434003545
v      27.14105393      19.26188398     -1.447112222
v      27.26037116      19.27196307     -1.459032311
v      27.35367945      19.28043268     -1.469323339
v      27.42513625      19.28746058      -1.47809807
v      27.47901219      19.29308509     -1.485251227
v      27.51911741      19.29762818     -1.491163684
v      27.51927941        19.299836     -1.494799459
v      27.57910221      20.01693432     -1.457777464
v      27.57927021       20.0192239     -1.461195587
v      27.57943821      20.02151349     -1.464613711
v      27.54136513      20.01755133     -1.460351982
v      27.49012389       20.0136767     -1.456797456
v      27.42207705      20.01119111     -1.456056521
v      27.33349012      20.01171136     -1.460711516
v       27.2211406      20.01810991      -1.47520099
v      27.08266115      20.03140988     -1.501159227
v      26.91705891      20.05118879     -1.537997628
v      26.72567199       20.0753977     -1.582592151
v      26.51251193      20.09867439     -1.626744791
v      26.28542998      20.11423676     -1.659965163
v      26.05667734       20.1207439     -1.679710999
v      25.83902002      20.12160658     -1.690526543
v      25.64226752      20.11823386     -1.694090623
v       25.4724171       20.1118913     -1.692034241
v      25.33157445      20.10334592     -1.685412769
v      25.21875409      20.09318188     -1.675143325
v      25.13121249      20.08140441      -1.66135379
v       25.0660999      20.06691607     -1.642526971
v      25.02366038      20.04735191     -1.615113955
v      25.00952065       20.0242448      -1.58116187
v      25.02023284      20.00110668     -1.546075841
v      25.05968787      19.98134164     -1.514778514
v      25.12243134      19.96639346     -1.489668624
v       25.2081296      19.95434151     -1.467887308
v      25.31938578      19.94415838     -1.447783531
v      25.45876505       19.9351955     -1.428274676
v      25.62735819      19.92805458     -1.410213269
v      25.82320603      19.92347603     -1.394792767
v      26.04043946      19.92158547     -1.382457959
v      26.26957624      19.92282663     -1.374287654
v      26.49884973      19.92831621     -1.372467482
v      26.71635531      19.93820803     -1.377748542
v      26.91254964      19.95052199     -1.387585986
v       27.0816895      19.96336042     -1.399392033
v      27.22195295      19.97528709     -1.411097634
v      27.33455531      19.98573948     -1.421808028
v      27.42261649      19.99452278     -1.431095207
v      27.49005871      20.00181097     -1.439047841
v      27.54091005      20.00764379     -1.445549101
v       27.5787662      20.01235515     -1.450941216
v       27.5789342      20.01464474      -1.45435934
v        27.638763      20.73182483     -1.417119692
v        27.638937      20.73419619     -1.420320165
v      27.63911101      20.73656754     -1.423520638
v      27.60330534      20.73246387     -1.419708555
v      27.55512601      20.72845086      -1.41662081
v      27.49116403       20.7258765     -1.416247278
v      27.40792144      20.72641534     -1.421024046
v      27.30239025      20.73304241     -1.435123238
v      27.17235307      20.74681737     -1.460086596
v      27.01687388      20.76730268     -1.495367541
v      26.83719573      20.79237618     -1.538033932
v       26.6370505      20.81648419     -1.580388994
v      26.42376837      20.83260235     -1.612570927
v      26.20885248      20.83934189     -1.632141071
v      26.00432323      20.84023539     -1.643295258
v      25.81940867      20.83674221     -1.647559615
v      25.65975342      20.83017313      -1.64643343
v      25.52734162      20.82132256     -1.640895201
v       25.4212513      20.81079551     -1.631808503
v      25.33890439      20.79859742     -1.619306019
v      25.27761521      20.78359164     -1.601980232
v      25.23759645      20.76332876     -1.576506238
v      25.22414639       20.7393964     -1.544774793
v      25.23404978      20.71543192     -1.511864334
v      25.27098693      20.69496099     -1.482366871
v      25.32984246      20.67947894     -1.458554634
v      25.41028929      20.66699656     -1.437751712
v      25.51476639      20.65644976     -1.418399561
v       25.6456797      20.64716676     -1.399472172
v       25.8040585      20.63977081     -1.381762846
v      25.98806692      20.63502874     -1.366398548
v      26.19219059      20.63307066     -1.353823481
v      26.40752205      20.63435615     -1.345092658
v      26.62301191      20.64004179     -1.342308444
v      26.82747431      20.65028689     -1.346230339
v      27.01192733      20.66304063     -1.354519885
v      27.17096063      20.67633758      -1.36478052
v      27.30285198       20.6886902     -1.375083046
v      27.40873946      20.69951589     -1.384583746
v      27.49155353      20.70861288     -1.392867076
v      27.55498117      20.71616137     -1.399997613
v       27.6028079       20.7222025     -1.405846974
v      27.63841499      20.72708212     -1.410718747
v        27.638589      20.72945348      -1.41391922
v      27.66498328      20.79089572     -1.249379856
v      27.66515265      20.79317872     -1.252368374
v      27.66532203      20.79546173     -1.255356892
v      27.63118494      20.79159508     -1.251809419
v      27.58525305      20.78784503      -1.24894255
v       27.5242788      20.78551768     -1.248615579
v      27.44493032      20.78623376     -1.253104502
v      27.34434471      20.79286511     -1.266306242
v      27.22040984      20.80643735     -1.289661223
v      27.07223285      20.82653137     -1.322659374
v      26.90099548      20.85110078     -1.362562258
v      26.71024687      20.87478898     -1.402181411
v      26.50696394      20.89081476     -1.432305457
v      26.30210978      20.89781357     -1.450653266
v      26.10714782      20.89915852      -1.46113877
v      25.93087666        20.896233     -1.465183909
v      25.77867887       20.8902858     -1.464186778
v      25.65244695      20.88207715     -1.459060416
v      25.55130296      20.87219185     -1.450611535
v      25.47278941      20.86064121     -1.438964914
v      25.41434454      20.84633711     -1.422807143
v      25.37616749      20.82692046     -1.399033376
v      25.36331106      20.80390746      -1.36940738
v      25.37271579       20.7808082     -1.338672458
v      25.40789506      20.76100888      -1.31111534
v      25.46397496      20.74596151     -1.288859563
v      25.54064076      20.73375142     -1.269406491
v      25.64021578      20.72334819     -1.251299937
v      25.76499244      20.71409927        -1.233581
v      25.91595281      20.70660234     -1.216990106
v      26.09134802      20.70160015     -1.202580235
v      26.28592179      20.69923105     -1.190768061
v      26.49118396      20.69995869     -1.182541788
v      26.69660364      20.70492292      -1.17986836
v      26.89151837      20.71430367     -1.183460811
v      27.06736329      20.72614743      -1.19113857
v      27.21897818      20.73857449     -1.200665595
v      27.34471917      20.75015654        -1.210241
v      27.44567025       20.7603299     -1.219076542
v      27.52462452      20.76889333     -1.226783188
v      27.58509679      20.77601161     -1.233419982
v      27.63069557      20.78171541     -1.238865748
v      27.66464452      20.78632971      -1.24340282
v       27.6648139      20.78861272     -1.246391338
v      27.69120355      20.84996661      -1.08164002
v       27.6913683      20.85216126     -1.084416584
v      27.69153305      20.85435592     -1.087193147
v      27.65906455      20.85072628     -1.083910284
v      27.61538009       20.8472392      -1.08126429
v      27.55739357      20.84515886     -1.080983881
v       27.4819392      20.84605218     -1.085184958
v      27.38629916      20.85268782     -1.097489246
v      27.26846661      20.86605733      -1.11923585
v      27.12759181      20.88576006     -1.149951206
v      26.96479522      20.90982537     -1.187090584
v      26.78344323      20.93309377     -1.223973829
v      26.59015951      20.94902716     -1.252039986
v      26.39536709      20.95628525      -1.26916546
v      26.20997241      20.95808166     -1.278982283
v      26.04234466      20.95572379     -1.282808203
v      25.89760432      20.95039847     -1.281940127
v      25.77755228      20.94283175      -1.27722563
v      25.68135462      20.93358819     -1.269414566
v      25.60667443        20.922685      -1.25862381
v      25.55107388      20.90908257     -1.243634053
v      25.51473853      20.89051215     -1.221560513
v      25.50247574      20.86841852     -1.194039966
v      25.51138179      20.84618448     -1.165480582
v      25.54480318      20.82705678     -1.139863808
v      25.59810745      20.81244409     -1.119164491
v      25.67099222      20.80050628      -1.10106127
v      25.76566516      20.79024662     -1.084200313
v      25.88430519      20.78103178     -1.067689828
v      26.02784712      20.77343386     -1.052217367
v      26.19462912      20.76817156     -1.038761921
v      26.37965299      20.76539144     -1.027712641
v      26.57484588      20.76556122     -1.019990918
v      26.77019537      20.76980405     -1.017428276
v      26.95556243      20.77832045     -1.020691282
v      27.12279924      20.78925423     -1.027757255
v      27.26699573      20.80081139     -1.036550669
v      27.38658636      20.81162288     -1.045398954
v      27.48260105      20.82114391     -1.053569338
v      27.55769552      20.82917378     -1.060699301
v      27.61521241      20.83586186     -1.066842351
v      27.65858325      20.84122831     -1.071884522
v      27.69087406       20.8455773     -1.076086893
v      27.69103881      20.84777196     -1.078863457
v      27.71742383       20.9090375    -0.9139001842
v      27.71758395       20.9111438    -0.9164647932
v      27.71774408      20.91325011    -0.9190294022
v      27.68694415      20.90985748    -0.9160111477
v      27.64550713      20.90663337    -0.9135860305
v      27.59050834      20.90480004    -0.9133521831
v      27.51894808      20.90587061     -0.917265414
v      27.42825361      20.91251052    -0.9286722492
v      27.31652338      20.92567731    -0.9488104766
v      27.18295077      20.94498875    -0.9772430385
v      27.02859497      20.96854996      -1.01161891
v      26.85663959      20.99139856     -1.045766246
v      26.67335508      21.00723956     -1.071774516
v      26.48862439      21.01475693     -1.087677654
v      26.31279701      21.01700479     -1.096825795
v      26.15381265      21.01521458     -1.100432497
v      26.01652977      21.01051113     -1.099693475
v      25.90265761      21.00358635     -1.095390845
v      25.81140628      20.99498452     -1.088217598
v      25.74055945      20.98472878     -1.078282705
v      25.68780322      20.97182803     -1.064460964
v      25.65330957      20.95410385     -1.044087651
v      25.64164042      20.93292957     -1.018672553
v       25.6500478      20.91156075    -0.9922887061
v      25.68171131      20.89310467    -0.9686122771
v      25.73223994      20.87892666    -0.9494694187
v      25.80134368      20.86726114    -0.9327160491
v      25.89111455      20.85714506    -0.9171006894
v      26.00361793      20.84796428    -0.9017986554
v      26.13974144      20.84026539    -0.8874446271
v      26.29791022      20.83474296    -0.8749436081
v      26.47338419      20.83155183    -0.8646572203
v      26.65850779      20.83116376    -0.8574400474
v       26.8437871      20.83468519    -0.8549881916
v      27.01960649      20.84233722    -0.8579217532
v      27.17823519      20.85236103    -0.8643759405
v      27.31501328       20.8630483    -0.8724357437
v      27.42845356      20.87308922    -0.8805569084
v      27.51953184      20.88195792    -0.8880621346
v      27.59076651      20.88945423    -0.8946154132
v      27.64532803      20.89571211    -0.9002647203
v      27.68647092      20.90074122     -0.904903296
v      27.71710359      20.90482489    -0.9087709661
v      27.71726371       20.9069312    -0.9113355752
v      27.74364411      20.96810839    -0.7461603481
v       27.7437996      20.97012634    -0.7485130026
v       27.7439551       20.9721443    -0.7508656571
v      27.71482375      20.96898868    -0.7481120118
v      27.67563417      20.96602754    -0.7459077706
v      27.62362312      20.96444122     -0.745720485
v      27.55595696      20.96568903      -0.74934587
v      27.47020806      20.97233323    -0.7598552528
v      27.36458015      20.98529729    -0.7783851033
v      27.23830973      21.00421745    -0.8045348709
v      27.09239472      21.02727455    -0.8361472364
v      26.92983595      21.04970335     -0.867558664
v      26.75655064      21.06545197    -0.8915090461
v      26.58188169      21.07322861     -0.906189848
v       26.4156216      21.07592793    -0.9146693077
v      26.26528065      21.07470537    -0.9180567915
v      26.13545521       21.0706238    -0.9174468239
v      26.02776294      21.06434095    -0.9135560591
v      25.94145794      21.05638086    -0.9070206297
v      25.87444446      21.04677257    -0.8979416006
v      25.82453256       21.0345735    -0.8852878742
v      25.79188061      21.01769555    -0.8666147886
v      25.78080509      20.99744063    -0.8433051394
v      25.78871381      20.97693703    -0.8190968301
v      25.81861944      20.95915256    -0.7973607459
v      25.86637244      20.94540924    -0.7797743467
v      25.93169514        20.934016     -0.764370828
v      26.01656394      20.92404349    -0.7500010655
v      26.12293067      20.91489679    -0.7359074833
v      26.25163575      20.90709692    -0.7226718875
v      26.40119132      20.90131437     -0.711125295
v       26.5671154      20.89771222       -0.7016018
v       26.7421697      20.89676629    -0.6948891771
v      26.91737883      20.89956632    -0.6925481074
v      27.08365055        20.906354    -0.6951522245
v      27.23367115      20.91546784    -0.7009946259
v      27.36303083      20.92528521    -0.7083208183
v      27.47032075      20.93455556    -0.7157148626
v      27.55646263      20.94277193    -0.7225549308
v      27.62383751      20.94973468    -0.7285315258
v      27.67544364      20.95556236    -0.7336870894
v       27.7143586      20.96025413    -0.7379220699
v      27.74333312      20.96407248    -0.7414550391
v      27.74348862      20.96609044    -0.7438076936
v      27.76986439      21.02717928    -0.5784205121
v      27.77001525      21.02910888     -0.580561212
v      27.77016612      21.03103849     -0.582701912
v      27.74270335      21.02811988    -0.5802128759
v       27.7057612      21.02542171    -0.5782295107
v      27.65673789       21.0240824    -0.5780887868
v      27.59296583      21.02550746     -0.581426326
v      27.51216252      21.03215593    -0.5910382565
v      27.41263692      21.04491727    -0.6079597301
v      27.29366869      21.06344614    -0.6318267034
v      27.15619447      21.08599915    -0.6606755623
v      27.00303232      21.10800814    -0.6893510815
v      26.83974621      21.12366437     -0.711243576
v        26.675139      21.13170028    -0.7247020422
v      26.51844619      21.13485106    -0.7325128202
v      26.37674864      21.13419617    -0.7356810857
v      26.25438066      21.13073646    -0.7352001724
v      26.15286828      21.12509555    -0.7317212736
v       26.0715096       21.1177772    -0.7258236614
v      26.00832948      21.10881636    -0.7176004961
v      25.96126189      21.09731896    -0.7061147847
v      25.93045165      21.08128725    -0.6891419263
v      25.91996977      21.06195169    -0.6679377259
v      25.92737982      21.04231331    -0.6459049541
v      25.95552756      21.02520046    -0.6261092146
v      26.00050493      21.01189181    -0.6100792748
v      26.06204661      21.00077086     -0.596025607
v      26.14201332      20.99094193    -0.5829014416
v      26.24224341      20.98182929    -0.5700163111
v      26.36353006      20.97392844    -0.5578991478
v      26.50447241      20.96788578    -0.5473069818
v       26.6608466      20.96387261    -0.5385463798
v      26.82583162      20.96236883    -0.5323383068
v      26.99097056      20.96444745    -0.5301080233
v       27.1476946      20.97037078    -0.5323826958
v       27.2891071      20.97857464    -0.5376133112
v      27.41104838      20.98752212    -0.5442058928
v      27.51218794       20.9960219    -0.5508728169
v      27.59339343      21.00358594    -0.5570477271
v       27.6569085      21.01001513    -0.5624476383
v      27.70555926      21.01541261    -0.5671094585
v      27.74224627      21.01976703    -0.5709408437
v      27.76956265      21.02332007    -0.5741391121
v      27.76971352      21.02524968    -0.5762798121
v      27.79608467      21.08625017     -0.410680676
v       27.7962309      21.08809142    -0.4126094214
v      27.79637714      21.08993268    -0.4145381669
v      27.77058295      21.08725108      -0.41231374
v      27.73588824      21.08481588    -0.4105512508
v      27.68985266      21.08372358    -0.4104570887
v      27.62997471      21.08532588    -0.4135067821
v      27.55411697      21.09197864    -0.4222212601
v      27.46069369      21.10453725    -0.4375343568
v      27.34902765      21.12267483    -0.4591185358
v      27.21999421      21.14472374    -0.4852038883
v      27.07622868      21.16631293    -0.5111434991
v      26.92294178      21.18187677    -0.5309781058
v       26.7683963      21.19017196    -0.5432142363
v      26.62127078       21.1937742    -0.5503563327
v      26.48821664      21.19368696    -0.5533053798
v      26.37330611      21.19084913     -0.552953521
v      26.27797361      21.18585015     -0.549886488
v      26.20156126      21.17917353    -0.5446266931
v       26.1422145      21.17086014    -0.5372593915
v      26.09799123      21.16006443    -0.5269416951
v      26.06902269      21.14487894     -0.511669064
v      26.05913445      21.12646275    -0.4925703124
v      26.06604583      21.10768958    -0.4727130781
v      26.09243569      21.09124835    -0.4548576833
v      26.13463742      21.07837438    -0.4403842028
v      26.19239807      21.06752572    -0.4276803859
v      26.26746271      21.05784036    -0.4158018177
v      26.36155615       21.0487618    -0.4041251389
v      26.47542437      21.04075997    -0.3931264082
v      26.60775351      21.03445719    -0.3834886686
v       26.7545778        21.030033    -0.3754909595
v      26.90949353      21.02797136    -0.3697874366
v      27.06456229      21.02932858    -0.3676679391
v      27.21173866      21.03438755    -0.3696131672
v      27.34454305      21.04168144    -0.3742319965
v      27.45906592      21.04975903    -0.3800909673
v      27.55405513      21.05748825    -0.3860307711
v      27.63032422      21.06439995    -0.3915405233
v       27.6899795      21.07029558    -0.3963637508
v      27.73567488      21.07526286    -0.4005318275
v      27.77013395      21.07927994    -0.4039596175
v      27.79579219      21.08256766    -0.4068231851
v      27.79593843      21.08440892    -0.4087519306
v      27.82230494      21.14532106      -0.24294084
v      27.82244655      21.14707396    -0.2446576309
v      27.82258817      21.14882687    -0.2463744218
v      27.79846255      21.14638228    -0.2444146041
v      27.76601528      21.14421005    -0.2428729909
v      27.72296743      21.14336476    -0.2428253905
v      27.66698359      21.14514431    -0.2455872381
v      27.59607142      21.15180135    -0.2534042637
v      27.50875046      21.16415723    -0.2671089836
v      27.40438662      21.18190352    -0.2864103683
v      27.28379396      21.20344833    -0.3097322143
v      27.14942504      21.22461772    -0.3329359166
v      27.00613735      21.24008917    -0.3507126357
v       26.8616536      21.24864364    -0.3617264305
v      26.72409538      21.25269733    -0.3681998452
v      26.59968463      21.25317775     -0.370929674
v      26.49223156       21.2509618    -0.3707068695
v      26.40307894      21.24660474    -0.3680517025
v      26.33161292      21.24056987    -0.3634297248
v      26.27609952      21.23290393    -0.3569182869
v      26.23472057      21.22280989    -0.3477686056
v      26.20759373      21.20847064    -0.3341962017
v      26.19829912       21.1909738    -0.3172028989
v      26.20471184      21.17306586    -0.2995212021
v      26.22934382      21.15729624    -0.2836061521
v      26.26876992      21.14485696    -0.2706891309
v      26.32274953      21.13428058    -0.2593351649
v      26.39291209      21.12473879    -0.2487021938
v      26.48086889      21.11569431    -0.2382339668
v      26.58731869       21.1075915    -0.2283536685
v      26.71103461      21.10102859    -0.2196703554
v      26.84830901      21.09619339    -0.2124355393
v      26.99315544       21.0935739    -0.2072365663
v      27.13815402      21.09420972    -0.2052278549
v      27.27578272      21.09840433    -0.2068436385
v        27.399979      21.10478824    -0.2108506818
v      27.50708347      21.11199593    -0.2159760419
v      27.59592233      21.11895459    -0.2211887254
v      27.66725502      21.12521396    -0.2260333196
v      27.72305049      21.13057603    -0.2302798633
v       27.7657905       21.1351131    -0.2339541966
v      27.79802162      21.13879285    -0.2369783914
v      27.82202172      21.14181525    -0.2395072581
v      27.82216333      21.14356816     -0.241224049
v      27.84866221       21.2060565   -0.07670584027
v      27.84852522      21.20439195   -0.07520100389
v      27.84879919      21.20772105   -0.07821067665
v      27.82634215      21.20551349   -0.07651546817
v      27.79614232      21.20360421   -0.07519473103
v       27.7560822      21.20300594   -0.07519369234
v      27.70399247      21.20496273   -0.07766769406
v      27.63802587      21.21162405   -0.08458726736
v      27.55680723      21.22377721   -0.09668361037
v      27.45974558      21.24113221    -0.1137022007
v      27.34759371      21.26217293    -0.1342605402
v       27.2226214      21.28292251    -0.1547283342
v      27.08933292      21.29830158    -0.1704471655
v      26.95491091      21.30711532    -0.1802386247
v      26.82691997      21.31162047    -0.1860433578
v      26.71115263      21.31266854    -0.1885539681
v      26.61115701      21.31107446     -0.188460218
v      26.52818427      21.30735934     -0.186216917
v      26.46166458       21.3019662    -0.1822327565
v      26.40998454      21.29494772    -0.1765771824
v       26.3714499      21.28555536     -0.168595516
v      26.34616478      21.27206234    -0.1567233394
v       26.3374638      21.25548486    -0.1418354853
v      26.34337785      21.23844214    -0.1263293261
v      26.36625194      21.22334414    -0.1123546208
v      26.40290241      21.21133953    -0.1009940589
v      26.45310099      21.20103544    -0.0909899438
v      26.51836148      21.19163723   -0.08160256996
v      26.60018164      21.18262681   -0.07234279461
v        26.699213      21.17442302   -0.06358092884
v      26.81431571          21.1676   -0.05585204221
v      26.94204021      21.16235378   -0.04938011905
v      27.07681736      21.15917643     -0.044685696
v      27.21174575      21.15909085    -0.0427877707
v      27.33982678      21.16242111   -0.04407410982
v      27.45541496      21.16789504   -0.04746936709
v      27.55510102      21.17423284   -0.05186111641
v      27.63778952      21.18042093   -0.05634667965
v      27.70418581      21.18602796   -0.06052611585
v      27.75612148      21.19085648   -0.06419597579
v      27.79590612      21.19496335   -0.06737656568
v       27.8259093      21.19830575   -0.06999716522
v      27.84825125      21.20106284   -0.07219133114
v      27.84838824       21.2027274   -0.07369616751
v      27.87487786      21.26503904    0.09124595031
v       27.8747455      21.26346284    0.09253883216
v      27.87501021      21.26661524    0.08995306846
v      27.85422176      21.26464469    0.09138366773
v      27.82626936      21.26299838    0.09248352887
v      27.78919697      21.26264712    0.09243800582
v      27.74100135      21.26478116    0.09025184993
v      27.67998033      21.27144676      0.084229729
v        27.604864      21.28339719    0.07374176287
v      27.51510454      21.30036091    0.05900596685
v      27.41139346      21.32089752     0.0412111338
v      27.29581776       21.3412273    0.02347924825
v      27.17252849      21.35651398   0.009818304593
v      27.04816821      21.36558699   0.001249181193
v      26.92974456       21.3705436  -0.003886870301
v      26.82262062      21.37215933   -0.00617826227
v      26.73008246      21.37118713  -0.006213566477
v       26.6532896      21.36811394  -0.004382131483
v      26.59171624      21.36336254  -0.001035788166
v      26.54386956      21.35699151   0.003763922182
v      26.50817924      21.34830082    0.01057757349
v      26.48473582      21.33565403     0.0207495229
v      26.47662848      21.31999592    0.03353192818
v      26.48204386      21.30381842     0.0468625499
v      26.50316007      21.28939203    0.05889691045
v       26.5370349      21.27782211      0.068701013
v      26.58345246       21.2677903    0.07735527726
v      26.64381087      21.25853566    0.08549705392
v      26.71949438      21.24955932    0.09354837755
v      26.81110731      21.24125455     0.1011918108
v      26.91759681      21.23417141      0.107966271
v      27.03577141      21.22851417     0.1136753012
v      27.16047927      21.22477897     0.1178651743
v      27.28533748      21.22397198     0.1196523135
v      27.40387084      21.22643789     0.1186954189
v      27.51085091      21.23100184     0.1159119476
v      27.60311857      21.23646975     0.1122538091
v      27.67965671      21.24188727     0.1084953661
v      27.74111661      21.24684197     0.1049810879
v      27.78919248      21.25113694     0.1018879117
v      27.82602174       21.2548136    0.09920106525
v      27.85379697      21.25781866    0.09698406093
v      27.87448078      21.26031043    0.09512459587
v      27.87461314      21.26188664    0.09383171402
v      27.90109351      21.32402158     0.2591977409
v      27.90096578      21.32253373     0.2602786682
v      27.90122124      21.32550943     0.2581168136
v      27.88210136      21.32377589     0.2592828036
v       27.8563964      21.32239255     0.2601617888
v      27.82231174       21.3222883      0.260069704
v      27.77801023      21.32459958     0.2581713939
v      27.72193478      21.33126946     0.2530467254
v      27.65292077      21.34301717     0.2441671361
v       27.5704635       21.3595896     0.2317141344
v      27.47519321      21.37962211     0.2166828078
v      27.36901413      21.39953209     0.2016868307
v      27.25572406      21.41472638     0.1900837747
v      27.14142552      21.42405867      0.182736987
v      27.03256915      21.42946674     0.1782696172
v      26.93408862      21.43165012     0.1761974436
v      26.84900791      21.43129979      0.176033085
v      26.77839494      21.42886854      0.177452654
v       26.7217679      21.42475888     0.1801611801
v      26.67775458      21.41903529     0.1841050267
v      26.64490858      21.41104629      0.189750663
v      26.62330686      21.39924573     0.1982223852
v      26.61579315      21.38450697     0.2088993417
v      26.62070987      21.36919469     0.2200544259
v       26.6400682      21.35543992     0.2301484417
v       26.6711674      21.34430468     0.2383960849
v      26.71380392      21.33454516     0.2457004983
v      26.76926025       21.3254341     0.2525966778
v      26.83880712      21.31649182     0.2594395497
v      26.92300163      21.30808608     0.2659645505
v      27.02087791      21.30074282     0.2717845842
v      27.12950261      21.29467456     0.2767307214
v      27.24414118       21.2903815     0.2804160446
v      27.35892921      21.28885312     0.2820923977
v       27.4679149      21.29045466     0.2814649475
v      27.56628686      21.29410864     0.2792932623
v      27.65113612      21.29870666     0.2763687345
v      27.72152391      21.30335361     0.2733374119
v       27.7780474      21.30765598     0.2704882916
v      27.82226347      21.31141739     0.2679717992
v      27.85613735      21.31466385     0.2657786962
v      27.88168465      21.31733157     0.2639652871
v      27.90071032      21.31955802     0.2624405229
v      27.90083805      21.32104588     0.2613595955
v      27.92730916      21.38300412     0.4271495315
v      27.92718605      21.38160462     0.4280185043
v      27.92743226      21.38440362     0.4262805587
v      27.90998096      21.38290709     0.4271819395
v      27.88652344      21.38178672     0.4278400487
v      27.85542651      21.38192948     0.4277014021
v      27.81501911      21.38441801     0.4260909379
v      27.76388923      21.39109217     0.4218637217
v      27.70097754      21.40263715     0.4145925093
v      27.62582246      21.41881829      0.404422302
v      27.53899295       21.4383467     0.3921544819
v      27.44221049      21.45783688     0.3798944132
v      27.33891963      21.47293879     0.3703492449
v      27.23468282      21.48253035     0.3642247929
v      27.13539375      21.48838987     0.3604261046
v      27.04555661      21.49114091     0.3585731494
v      26.96793336      21.49141246     0.3582797365
v      26.90350027      21.48962314     0.3592874396
v      26.85181956      21.48615521     0.3613581484
v      26.81163959      21.48107908     0.3644461313
v      26.78163792      21.47379175     0.3689237526
v       26.7618779      21.46283743     0.3756952475
v      26.75495783      21.44901803     0.3842667552
v      26.75937587      21.43457097     0.3932463019
v      26.77697632      21.42148782      0.401399973
v      26.80529989      21.41078725     0.4080911569
v      26.84415538      21.40130002     0.4140457194
v      26.89470964      21.39233253     0.4196963017
v      26.95811986      21.38342433     0.4253307219
v      27.03489594       21.3749176     0.4307372901
v        27.124159      21.36731422     0.4356028973
v      27.22323382      21.36083495     0.4397861417
v       27.3278031      21.35598404     0.4429669148
v      27.43252094      21.35373425     0.4445324819
v      27.53195896      21.35447144     0.4442344762
v      27.62172282      21.35721544      0.442674577
v      27.69915367      21.36094357       0.44048366
v       27.7633911      21.36481995     0.4381794576
v      27.81497819      21.36846999     0.4359954954
v      27.85533447      21.37169784     0.4340556867
v      27.88625297       21.3745141     0.4323563271
v      27.90957232      21.37684447     0.4309465133
v      27.92693985      21.37880561     0.4297564499
v      27.92706295      21.38020511     0.4288874771
v      27.95352481      21.44198666     0.5951013221
v      27.95340633      21.44067551     0.5957583403
v      27.95364328      21.44329781     0.5944443038
v      27.93786056      21.44203829     0.5950810754
v      27.91665048      21.44118089     0.5955183086
v      27.88854128      21.44157066     0.5953331003
v      27.85202798      21.44423643     0.5940104819
v      27.80584368      21.45091487     0.5906807181
v      27.74903431      21.46225713     0.5850178826
v      27.68118142      21.47804698     0.5771304695
v       27.6027927       21.4970713     0.5676261559
v      27.51540685      21.51614167     0.5581019956
v       27.4221152      21.53115119      0.550614715
v      27.32794012      21.54100203     0.5457125987
v      27.23821834      21.54731301     0.5425825921
v      27.15702461      21.55063171     0.5409488553
v      27.08685881      21.55152512      0.540526388
v       27.0286056      21.55037774     0.5411222251
v      26.98187122      21.54755155     0.5425551168
v      26.94552461      21.54312287     0.5447872359
v      26.91836725      21.53653722     0.5480968421
v      26.90044894      21.52642913     0.5531681098
v      26.89412251      21.51352909     0.5596341687
v      26.89804188      21.49994725     0.5664381779
v      26.91388445      21.48753571     0.5726515042
v      26.93943239      21.47726983     0.5777862288
v      26.97450685      21.46805488     0.5823909404
v      27.02015902      21.45923096     0.5867959256
v       27.0774326      21.45035684      0.591221894
v      27.14679025      21.44174913     0.5955100298
v       27.2274401      21.43388563     0.5994212105
v      27.31696502      21.42699534     0.6028415619
v      27.41146501      21.42158657     0.6055177851
v      27.50611267      21.41861538      0.606972566
v      27.59600302      21.41848822     0.6070040049
v      27.67715877      21.42032224     0.6060558917
v      27.74717122      21.42318047     0.6045985854
v      27.80525829      21.42628629     0.6030215033
v      27.85190899        21.429284     0.6015026991
v      27.88840546      21.43197829     0.6001395742
v      27.91636859      21.43436434      0.598933958
v         27.93746      21.43635738     0.5979277394
v      27.95316938       21.4380532     0.5970723769
v      27.95328786      21.43936435     0.5964153586
v      27.97974046       21.5009692     0.7630531127
v      27.97962661       21.4997464     0.7634981764
v       27.9798543        21.502192     0.7626080489
v      27.96574016      21.50116949     0.7629802113
v      27.94677751      21.50057506     0.7631965684
v      27.92165605      21.50121184     0.7629647985
v      27.88903686      21.50405485     0.7619300259
v      27.84779813      21.51073758     0.7594977145
v      27.79709108      21.52187711     0.7554432558
v      27.73654039      21.53727567     0.7498386371
v      27.66659245      21.55579589     0.7430978299
v      27.58860321      21.57444646      0.736309578
v      27.50531077      21.58936359     0.7308801852
v      27.42119743      21.59947371     0.7272004046
v      27.34104293      21.60623614     0.7247390796
v       27.2684926       21.6101225     0.7233245611
v      27.20578426      21.61163779     0.7227730395
v      27.15371093      21.61113233     0.7229570106
v      27.11192288      21.60894789     0.7237520851
v      27.07940963      21.60516665     0.7251283404
v      27.05509659      21.59928268     0.7272699316
v      27.03901998      21.59002082     0.7306409721
v      27.03328718      21.57804015     0.7350015823
v      27.03670789      21.56532352     0.7396300539
v      27.05079258       21.5535836     0.7439030355
v      27.07356488       21.5437524     0.7474813008
v      27.10485831      21.53480974     0.7507361615
v      27.14560841       21.5261294     0.7538955494
v      27.19674534      21.51728934     0.7571130662
v      27.25868456      21.50858065     0.7602827695
v       27.3307212      21.50045704     0.7632395237
v      27.41069622      21.49315573     0.7658969822
v      27.49512692      21.48718911     0.7680686554
v       27.5797044      21.48349651     0.7694126502
v      27.66004707      21.48250499     0.7697735335
v      27.73259472      21.48342905     0.7694372064
v      27.79518876      21.48541738     0.7687135109
v      27.84712549      21.48775263     0.7678635491
v      27.88883978      21.49009801     0.7670099029
v      27.92147646      21.49225874     0.7662234617
v      27.94648421      21.49421459      0.765511589
v      27.96534767      21.49587029     0.7649089656
v      27.97939891      21.49730079     0.7643883039
v      27.97951276      21.49852359     0.7639432401
v      27.97968353       21.5003578     0.7632756445
v      27.96564204      21.49984469     0.7634623999
v      27.94670419      21.49898494     0.7637753236
v      27.92161115      21.49897356     0.7637794643
v      27.88898759      21.50056564     0.7631999952
v      27.84762997      21.50499134     0.7615891731
v       27.7966155      21.51276218     0.7587608196
v      27.73555397      21.52381402     0.7547382794
v       27.6649561      21.53747316     0.7497667558
v      27.58637851      21.55170897     0.7445853461
v      27.50276481      21.56381997     0.7401773027
v      27.41857213      21.57289421      0.736874549
v       27.3384625      21.57979136     0.7343641906
v      27.26604059      21.58473704     0.7325641132
v      27.20352453      21.58805068     0.7313580462
v       27.1516853       21.5898816     0.7306916453
v      27.11015673      21.59041335     0.7304981042
v      27.07794844      21.58981309     0.7307165805
v      27.05402059      21.58785791     0.7314282076
v      27.03844196       21.5838465     0.7328882426
v      27.03728591      21.57149785     0.7373827835
v      27.05186858      21.56500837     0.7397447595
v      27.07502607      21.55910596     0.7418930607
v      27.10662445      21.55334428     0.7439901424
v      27.14763404      21.54738013     0.7461609147
v      27.19900507      21.54087645     0.7485280595
v      27.26113657      21.53396612     0.7510432174
v      27.33330163      21.52690181     0.7536144127
v      27.41332152      21.51973523     0.7562228378
v      27.49767289      21.51273273     0.7587715378
v       27.5819291        21.506234     0.7611368822
v      27.66168342      21.50082772     0.7631046076
v      27.73358114       21.4968907      0.764537564
v      27.79566434      21.49453231     0.7653959471
v      27.84729365      21.49349887     0.7657720904
v      27.88888905      21.49358722     0.7657399336
v      27.92152136      21.49449701     0.7654087959
v      27.94655753      21.49580471     0.7649328338
v       27.9654458      21.49719509      0.764426777
v      27.97956969        21.499135     0.7637207083
v      27.96554392      21.49851989     0.7639445885
v      27.94663086      21.49739482     0.7643540787
v      27.92156625      21.49673529     0.7645941301
v      27.88893832      21.49707643     0.7644699644
v      27.84746181       21.4992451     0.7636806318
v      27.79613992      21.50364725     0.7620783834
v      27.73456755      21.51035236     0.7596379217
v      27.66331976      21.51915044     0.7564356817
v      27.58415381      21.52897149     0.7528611141
v      27.50021885      21.53827635     0.7494744203
v      27.41594682      21.54631472     0.7465486934
v      27.33588207      21.55334659     0.7439893017
v      27.26358858      21.55935158     0.7418036653
v       27.2012648      21.56446357     0.7399430528
v      27.14965967      21.56863087       0.73842628
v      27.10839059      21.57187881     0.7372441233
v      27.07648726      21.57445953     0.7363048206
v      27.05294458      21.57643314     0.7355864836
v      27.03786394      21.57767217      0.735135513
v      25.96826079    -0.7148905114     -2.555537284
v      25.96826679    -0.7149722823     -2.564831994
v      25.96827279    -0.7150540531     -2.574126704
v      25.86897945    -0.7149125474     -2.557724503
v       25.7350667    -0.7147741677     -2.541566901
v      25.55672867    -0.7146853967     -2.530906093
v      25.32384448    -0.7147039771     -2.532273195
v      25.02739986    -0.7149324969       -2.5573003
v      24.66097943    -0.7154074956     -2.610120251
v      24.22205451    -0.7161138855     -2.689009965
v      23.71453108    -0.7169784891     -2.785664044
v      23.14997033    -0.7178097995     -2.878351324
v      22.55029344    -0.7183655984     -2.939609557
v       21.9479487    -0.7185979964     -2.964099055
v      21.37583332    -0.7186288065     -2.965771239
v      20.85945637     -0.718508352      -2.95042783
v      20.41433652    -0.7182818322     -2.923256146
v      20.04586111    -0.7179766399     -2.887387092
v      19.75132941    -0.7176136384     -2.845183527
v       19.5235311    -0.7171930145     -2.796643608
v      19.35518646    -0.7166755738      -2.73728892
v      19.24738665    -0.7159768538     -2.657522304
v      19.21462574    -0.7151516001     -2.563612924
v      19.24717564    -0.7143252387     -2.469786536
v      19.35461327    -0.7136193445     -2.389892891
v      19.52233119    -0.7130854807     -2.329746341
v      19.74981793    -0.7126550539     -2.281548389
v      20.04410932    -0.7122913709     -2.241150717
v      20.41206935    -0.7119712677     -2.205942297
v      20.85644993    -0.7117162349     -2.178374695
v      21.37196195    -0.7115527152     -2.161436685
v      21.94315892    -0.7114851953     -2.155588853
v      22.54503943    -0.7115295225     -2.162552547
v      23.14647112    -0.7117255789     -2.186761494
v      23.71614224    -0.7120788583     -2.228740017
v      24.22935184    -0.7125186424      -2.28037073
v      24.67136904    -0.7129771579     -2.333902873
v      25.03767935    -0.7134031103     -2.383491508
v      25.33158334    -0.7137764101     -2.426863657
v      25.56131645    -0.7140900994      -2.46325476
v      25.73715225     -0.714350392     -2.493404004
v      25.86966798    -0.7145587069     -2.517506511
v      25.96824879    -0.7147269698     -2.536947864
v      25.96825479    -0.7148087406     -2.546242574
v      26.02792159     -1.429781023     -2.514879513
v      26.02793359     -1.429944565     -2.523956572
v      26.02794559     -1.430108106      -2.53303363
v      25.93091966     -1.429825095     -2.517081077
v      25.80006881     -1.429548335     -2.501390255
v      25.62581564     -1.429370793      -2.49109685
v       25.3982758     -1.429407954     -2.492585726
v      25.10864952     -1.429864994     -2.517222548
v      24.75067135     -1.430814991      -2.56904762
v      24.32186949     -1.432227771     -2.646379878
v      23.82605482     -1.433956978     -2.741105826
v      23.27450891     -1.435619599     -2.831995526
v      22.68863183     -1.436731197      -2.89221532
v      22.10012383     -1.437195993     -2.916529127
v      21.54113653     -1.437257613     -2.918539954
v      21.03659753     -1.437016704     -2.903896822
v      20.60167284     -1.436563664     -2.877655334
v      20.24162827      -1.43595328     -2.842869524
v      19.95382662     -1.435227277     -2.801848705
v        19.731223     -1.434386029     -2.754595837
v      19.56670177     -1.433351148     -2.696742181
v      19.46132271     -1.431953708     -2.618914588
v      19.42925147       -1.4303032     -2.527225848
v      19.46099257     -1.428650477     -2.435575029
v      19.56591233     -1.427238689     -2.357481248
v      19.72974231     -1.426170961     -2.298632351
v      19.95197762     -1.425310108     -2.251412793
v      20.23948993     -1.424582742     -2.211766747
v      20.59898401     -1.423942535     -2.177139793
v      21.03315024      -1.42343247     -2.149924272
v      21.53682284      -1.42310543     -2.133042466
v      22.09491005     -1.422970391     -2.126954375
v      22.68298523     -1.423059045     -2.133357551
v      23.27063329     -1.423451158     -2.156602456
v      23.82726125     -1.424157717     -2.197221814
v      24.32872954     -1.425037285     -2.247304628
v      24.76064017     -1.425954316      -2.29929136
v      25.11857837     -1.426806221      -2.34747692
v      25.40576749      -1.42755282     -2.389639375
v      25.63025349     -1.428180199     -2.425026628
v      25.80207471     -1.428700784     -2.454353775
v      25.93156584     -1.429117414     -2.477804385
v      26.02789759      -1.42945394     -2.496725396
v      26.02790959     -1.429617481     -2.505802455
v      26.08758238     -2.144671534     -2.474221742
v      26.08760038     -2.144916847     -2.483081149
v      26.08761838     -2.145162159     -2.491940557
v      25.99285987     -2.144737642      -2.47643765
v      25.86507093     -2.144322503     -2.461213608
v      25.69490262      -2.14405619     -2.451287607
v      25.47270712     -2.144111931     -2.452898256
v      25.18989918     -2.144797491     -2.477144796
v      24.84036326     -2.146222487     -2.527974989
v      24.42168447     -2.148341656     -2.603749791
v      23.93757855     -2.150935467     -2.696547608
v      23.39904748     -2.153429399     -2.785639729
v      22.82697022     -2.155096795     -2.844821083
v      22.25229897     -2.155793989     -2.868959199
v      21.70643974     -2.155886419     -2.871308669
v      21.21373868     -2.155525056     -2.857365815
v      20.78900915     -2.154845497     -2.832054523
v      20.43739543      -2.15392992     -2.798351957
v      20.15632383     -2.152840915     -2.758513882
v       19.9389149     -2.151579044     -2.712548066
v      19.77821708     -2.150026721     -2.656195442
v      19.67525878     -2.147930561     -2.580306871
v      19.64387721       -2.1454548     -2.490838772
v       19.6748095     -2.142975716     -2.401363521
v      19.77721139     -2.140858033     -2.325069604
v      19.93715343     -2.139256442     -2.267518362
v      20.15413731     -2.137965162     -2.221277197
v      20.43487054     -2.136874113     -2.182382778
v      20.78589866     -2.135913803     -2.148337288
v      21.20985054     -2.135148705     -2.121473848
v      21.70168374     -2.134658146     -2.104648247
v      22.24666118     -2.134455586     -2.098319897
v      22.82093104     -2.134588568     -2.104162555
v      23.39479546     -2.135176737     -2.126443419
v      23.93838025     -2.136236575     -2.165703611
v      24.42810723     -2.137555927     -2.214238527
v       24.8499113     -2.138931474     -2.264679848
v       25.1994774     -2.140209331     -2.311462332
v      25.47995163      -2.14132923     -2.352415092
v      25.69919053     -2.142270298     -2.386798497
v      25.86699717     -2.143051176     -2.415303547
v      25.99346369     -2.143676121     -2.438102258
v      26.08754638     -2.144180909     -2.456502927
v      26.08756438     -2.144426222     -2.465362335
v      26.14724317     -2.859562046     -2.433563971
v      26.14726717     -2.859889129     -2.442205727
v      26.14729117     -2.860216212     -2.450847483
v      26.05480008      -2.85965019     -2.435794223
v      25.93007305     -2.859096671     -2.421036962
v       25.7639896     -2.858741587     -2.411478363
v      25.54713844     -2.858815908     -2.413210786
v      25.27114883     -2.859729988     -2.437067043
v      24.93005518     -2.861629982     -2.486902359
v      24.52149945     -2.864455542     -2.561119705
v      24.04910229     -2.867913957      -2.65198939
v      23.52358606     -2.871239198     -2.739283931
v      22.96530861     -2.873462394     -2.797426846
v       22.4044741     -2.874391985     -2.821389271
v      21.87174295     -2.874515226     -2.824077384
v      21.39087983     -2.874033408     -2.810834807
v      20.97634547     -2.873127329     -2.786453712
v      20.63316259      -2.87190656     -2.753834389
v      20.35882105     -2.870454554      -2.71517906
v      20.14660681     -2.868772058     -2.670500295
v       19.9897324     -2.866702295     -2.615648703
v      19.88919484     -2.863907415     -2.541699154
v      19.85850295       -2.8606064     -2.454451696
v      19.88862644     -2.857300955     -2.367152014
v      19.98851045     -2.854477378     -2.292657961
v      20.14456454     -2.852341923     -2.236404372
v      20.35629701     -2.850620216     -2.191141602
v      20.63025115     -2.849165484     -2.152998808
v      20.97281332     -2.847885071     -2.119534784
v      21.38655085      -2.84686494     -2.093023425
v      21.86654463     -2.846210861     -2.076254028
v      22.39841231     -2.845940781      -2.06968542
v      22.95887685      -2.84611809     -2.074967559
v      23.51895763     -2.846902316     -2.096284381
v      24.04949925     -2.848315433     -2.134185408
v      24.52748493      -2.85007457     -2.181172425
v      24.93918242     -2.851908631     -2.230068335
v      25.28037642     -2.853612441     -2.275447744
v      25.55413578     -2.855105641      -2.31519081
v      25.76812757     -2.856360397     -2.348570365
v      25.93191963     -2.857401568     -2.376253319
v      26.05536155     -2.858234828     -2.398400132
v      26.14719517     -2.858907879     -2.416280459
v      26.14721917     -2.859234962     -2.424922215
v      26.20690397     -3.574452557       -2.3929062
v      26.20693397     -3.574861411     -2.401330304
v      26.20696397     -3.575270265     -2.409754409
v      26.11674029     -3.574562737     -2.395150796
v      25.99507517     -3.573870839     -2.380860316
v      25.83307658     -3.573426984      -2.37166912
v      25.62156976     -3.573519885     -2.373523317
v      25.35239849     -3.574662484     -2.396989291
v      25.01974709     -3.577037478     -2.445829728
v      24.62131442     -3.580569427     -2.518489618
v      24.16062603     -3.584892446     -2.607431171
v      23.64812464     -3.589048998     -2.692928134
v        23.103647     -3.591827992     -2.750032609
v      22.55664924     -3.592989982     -2.773819343
v      22.03704616     -3.593144032     -2.776846099
v      21.56802099      -3.59254176     -2.764303799
v      21.16368179     -3.591409161     -2.740852901
v      20.82892975     -3.589883199     -2.709316822
v      20.56131826     -3.588068192     -2.671844238
v      20.35429871     -3.585965073     -2.628452524
v      20.20124771     -3.583377869     -2.575101964
v      20.10313091     -3.579884269     -2.503091438
v      20.07312869        -3.575758      -2.41806462
v      20.10244337     -3.571626193     -2.332940507
v       20.1998095     -3.568096722     -2.260246317
v      20.35197566     -3.565427404     -2.205290383
v       20.5584567      -3.56327527     -2.161006006
v      20.82563176     -3.561456854     -2.123614838
v      21.15972797     -3.559856339     -2.090732279
v      21.56325116     -3.558581175     -2.064573002
v      22.03140552     -3.557763576     -2.047859808
v      22.55016344     -3.557425977     -2.041050942
v      23.09682266     -3.557647613     -2.045772563
v       23.6431198     -3.558627894     -2.066125344
v      24.16061825     -3.560394291     -2.102667206
v      24.62686262     -3.562593212     -2.148106323
v      25.02845355     -3.564885789     -2.195456823
v      25.36127544     -3.567015552     -2.239433157
v      25.62831993     -3.568882051     -2.277966527
v       25.8370646     -3.570450497     -2.310342233
v       25.9968421      -3.57175196     -2.337203091
v       26.1172594     -3.572793534     -2.358698006
v      26.20684396     -3.573634849      -2.37605799
v      26.20687396     -3.574043703     -2.384482095
v      26.26656476     -4.289343069     -2.352248429
v      26.26660076     -4.289833694     -2.360454882
v      26.26663676     -4.290324318     -2.368661335
v       26.1786805     -4.289475284      -2.35450737
v      26.06007729     -4.288645006      -2.34068367
v      25.90216355      -4.28811238     -2.331859876
v      25.69600108     -4.288223863     -2.333835847
v      25.43364815     -4.289594981     -2.356911539
v      25.10943901     -4.292444974     -2.404757098
v       24.7211294     -4.296683313     -2.475859532
v      24.27214977     -4.301870935     -2.562872953
v      23.77266322     -4.306858797     -2.646572336
v      23.24198539      -4.31019359     -2.702638373
v      22.70882437     -4.311587978     -2.726249415
v      22.20234937     -4.311772839     -2.729614814
v      21.74516214     -4.311050112     -2.717772792
v      21.35101811     -4.309690993     -2.695252089
v      21.02469691     -4.307859839     -2.664799254
v      20.76381547     -4.305681831     -2.628509416
v      20.56199061     -4.303158087     -2.586404753
v      20.41276302     -4.300053443     -2.534555226
v      20.31706697     -4.295861123     -2.464483721
v      20.28775442       -4.2909096     -2.381677543
v       20.3162603     -4.285951432        -2.298729
v      20.41110856     -4.281716067     -2.227834673
v      20.55938678     -4.278512884     -2.174176393
v      20.76061639     -4.275930323     -2.130870411
v      21.02101237     -4.273748225     -2.094230868
v      21.34664263     -4.271827606     -2.061929775
v      21.73995146     -4.270297409     -2.036122579
v      22.19626641     -4.269316291     -2.019465589
v      22.70191457     -4.268911172     -2.012416465
v      23.23476847     -4.269177135     -2.016577567
v      23.76728197     -4.270353473     -2.035966306
v      24.27173726      -4.27247315     -2.071149003
v      24.72624032     -4.275111855     -2.115040222
v      25.11772468     -4.277862947      -2.16084531
v      25.44217446     -4.280418662     -2.203418569
v      25.70250407     -4.282658461     -2.240742244
v      25.90600164     -4.284540596     -2.272114102
v      26.06176456     -4.286102352     -2.298152862
v      26.17915725     -4.287352241      -2.31899588
v      26.26649276     -4.288361819     -2.335835522
v      26.26652876     -4.288852444     -2.344041975
v      26.32622555      -5.00423358     -2.311590657
v      26.32626755     -5.004805976     -2.319579459
v      26.32630955     -5.005378372     -2.327568261
v      26.24062071     -5.004387832     -2.313863943
v      26.12507941     -5.003419174     -2.300507024
v      25.97125053     -5.002797777     -2.292050633
v       25.7704324      -5.00292784     -2.294148378
v       25.5148978     -5.004527478     -2.316833787
v      25.19913093     -5.007852469     -2.363684467
v      24.82094438     -5.012797198     -2.433229445
v       24.3836735     -5.018849424     -2.518314735
v      23.89720179     -5.024668597     -2.600216539
v      23.38032378     -5.028559189     -2.655244136
v      22.86099951     -5.030185975     -2.678679487
v      22.36765258     -5.030401645     -2.682383529
v      21.92230329     -5.029558464     -2.671241784
v      21.53835443     -5.027972826     -2.649651278
v      21.22046407     -5.025836479     -2.620281687
v      20.96631268     -5.023295469     -2.585174593
v      20.76968252     -5.020351102     -2.544356982
v      20.62427833     -5.016729017     -2.494008487
v      20.53100304     -5.011837976     -2.425876004
v      20.50238016       -5.0060612     -2.345290467
v      20.53007724     -5.000276671     -2.264517493
v      20.62240762     -4.995335411      -2.19542303
v      20.76679789     -4.991598365     -2.143062404
v      20.96277608     -4.988585377     -2.100734815
v      21.21639298     -4.986039596     -2.064846898
v      21.53355728     -4.983798874      -2.03312727
v      21.91665177     -4.982013644     -2.007672156
v       22.3611273     -4.980869006      -1.99107137
v       22.8536657     -4.980396367     -1.983781987
v      23.37271427     -4.980706658     -1.987382571
v      23.89144414     -4.982079052     -2.005807269
v      24.38285626     -4.984552008       -2.0396308
v      24.82561802     -4.987630497      -2.08197412
v      25.20699581     -4.990840105     -2.126233797
v      25.52307348     -4.993821772     -2.167403981
v      25.77668822     -4.996434871     -2.203517962
v      25.97493868     -4.998630696      -2.23388597
v      26.12668702     -5.000452744     -2.259102634
v      26.24105511     -5.001910948     -2.279293753
v      26.32614155     -5.003088789     -2.295613054
v      26.32618355     -5.003661184     -2.303601856
v      26.38588634     -5.719124092     -2.270932886
v      26.38593435     -5.719778258     -2.278704037
v      26.38598235     -5.720432425     -2.286475188
v      26.30256092     -5.719300379     -2.273220516
v      26.19008152     -5.718193342     -2.260330378
v      26.04033751     -5.717483174     -2.252241389
v      25.84486372     -5.717631817     -2.254460908
v      25.59614746     -5.719459975     -2.276756035
v      25.28882284     -5.723259965     -2.322611837
v      24.92075936     -5.728911084     -2.390599359
v      24.49519724     -5.735827913     -2.473756516
v      24.02174037     -5.742478396     -2.553860741
v      23.51866217     -5.746924787     -2.607849899
v      23.01317464     -5.748783971     -2.631109559
v       22.5329558     -5.749030452     -2.635152244
v      22.09944445     -5.748066816     -2.624710776
v      21.72569074     -5.746254658     -2.604050467
v      21.41623124     -5.743813119     -2.575764119
v      21.16880989     -5.740909107     -2.541839771
v      20.97737442     -5.737544116     -2.502309211
v      20.83579365      -5.73340459     -2.453461748
v       20.7449391      -5.72781483     -2.387268288
v       20.7170059       -5.7212128     -2.308903391
v      20.74389417     -5.714601909     -2.230305985
v      20.83370668     -5.708954756     -2.163011386
v      20.97420901     -5.704683846     -2.111948414
v      21.16493577     -5.701240431      -2.07059922
v      21.41177359     -5.698330967     -2.035462928
v      21.72047194     -5.695770142     -2.004324766
v      22.09335207     -5.693729879     -1.979221733
v       22.5259882     -5.692421722     -1.962677151
v      23.00541684     -5.691881563      -1.95514751
v      23.51066008      -5.69223618     -1.958187575
v      24.01560631     -5.693804631     -1.975648231
v      24.49397526     -5.696630866     -2.008112597
v      24.92499571      -5.70014914     -2.048908019
v      25.29626694     -5.703817263     -2.091622285
v      25.60397251     -5.707224882     -2.131389393
v      25.85087237     -5.710211281     -2.166293679
v      26.04387572     -5.712720795     -2.195657839
v      26.19160948     -5.714803136     -2.220052406
v      26.30295296     -5.716469655     -2.239591627
v      26.38579034     -5.717815758     -2.255390585
v      26.38583834     -5.718469925     -2.263161736
v      26.44554714     -6.434014603     -2.230275115
v      26.44560114      -6.43475054     -2.237828614
v      26.44565514     -6.435486478     -2.245382114
v      26.36450113     -6.434212926      -2.23257709
v      26.25508364      -6.43296751     -2.220153732
v      26.10942449      -6.43216857     -2.212432146
v      25.91929504     -6.432335794     -2.214773438
v      25.67739712     -6.434392472     -2.236678282
v      25.37851476      -6.43866746     -2.281539206
v      25.02057433     -6.445024969     -2.347969272
v      24.60672098     -6.452806402     -2.429198298
v      24.14627895     -6.460288196     -2.507504944
v      23.65700056     -6.465290386     -2.560455662
v      23.16534978     -6.467381967     -2.583539631
v      22.69825901     -6.467659258     -2.587920959
v       22.2765856     -6.466575168     -2.578179769
v      21.91302706      -6.46453649     -2.558449655
v       21.6119984     -6.461789759     -2.531246552
v       21.3713071     -6.458522746     -2.498504949
v      21.18506632     -6.454737131     -2.460261439
v      21.04730896     -6.450080164     -2.412915009
v      20.95887516     -6.443791684     -2.348660571
v      20.93163164     -6.436364401     -2.272516315
v      20.95771111     -6.428927148     -2.196094478
v      21.04500574       -6.4225741     -2.130599743
v      21.18162013     -6.417769326     -2.080834425
v      21.36709546     -6.413895485     -2.040463624
v       21.6071542     -6.410622338     -2.006078958
v       21.9073866      -6.40774141     -1.975522261
v      22.27005238     -6.405446114     -1.950771309
v      22.69084909     -6.403974437     -1.934282932
v      23.15716797     -6.403366758     -1.926513032
v      23.64860589     -6.403765703     -1.928992579
v      24.13976848      -6.40553021     -1.945489194
v      24.60509426     -6.408709725     -1.976594394
v      25.02437341     -6.412667782     -2.015841917
v      25.38553807     -6.416794421     -2.057010772
v      25.68487153     -6.420627993     -2.095374805
v      25.92505652     -6.423987691     -2.129069397
v      26.11281276     -6.426810894     -2.157429707
v      26.25653194     -6.429153528     -2.181002178
v      26.36485082     -6.431028362     -2.199889501
v      26.44543914     -6.432542728     -2.215168117
v      26.44549314     -6.433278666     -2.222721616
v      26.50520793     -7.148905114     -2.189617344
v      26.50526793     -7.149722823     -2.196953192
v      26.50532793     -7.150540531      -2.20428904
v      26.42644135     -7.149125474     -2.191933663
v      26.32008576     -7.147741677     -2.179977086
v      26.17851146     -7.146853967     -2.172622903
v      25.99372636     -7.147039771     -2.175085969
v      25.75864678     -7.149324969      -2.19660053
v      25.46820667     -7.154074956     -2.240466576
v      25.12038931     -7.161138855     -2.305339186
v      24.71824472     -7.169784891      -2.38464008
v      24.27081753     -7.178097995     -2.461149146
v      23.79533895     -7.183655984     -2.513061425
v      23.31752491     -7.185979964     -2.535969703
v      22.86356222     -7.186288065     -2.540689674
v      22.45372675      -7.18508352     -2.531648761
v      22.10036338     -7.182818322     -2.512848844
v      21.80776556     -7.179766399     -2.486728984
v      21.57380431     -7.176136384     -2.455170126
v      21.39275823     -7.171930145     -2.418213668
v      21.25882427     -7.166755738      -2.37236827
v      21.17281123     -7.159768538     -2.310052854
v      21.14625737     -7.151516001     -2.236129239
v      21.17152804     -7.143252387     -2.161882971
v       21.2563048     -7.136193445     -2.098188099
v      21.38903124     -7.130854807     -2.049720435
v      21.56925516     -7.126550539     -2.010328028
v      21.80253481     -7.122913709     -1.976694988
v      22.09430125     -7.119712677     -1.946719757
v      22.44675269     -7.117162349     -1.922320886
v      22.85570998     -7.115527152     -1.905888712
v       23.3089191     -7.114851953     -1.897878555
v       23.7865517     -7.115295225     -1.899797583
v      24.26393066     -7.117255789     -1.915330156
v      24.71621327     -7.120788583     -1.945076192
v       25.1237511     -7.125186424     -1.982775815
v      25.47480919     -7.129771579      -2.02239926
v      25.76577055     -7.134031103     -2.059360217
v      25.99924066     -7.137764101     -2.091845114
v       26.1817498     -7.140900994     -2.119201576
v       26.3214544      -7.14350392      -2.14195195
v      26.42674867     -7.145587069     -2.160187374
v      26.50508793     -7.147269698     -2.174945648
v      26.50514793     -7.148087406     -2.182281496
v      26.56486872     -7.863795626     -2.148959573
v      26.56493473     -7.864695105      -2.15607777
v      26.56500073     -7.865594584     -2.163195966
v      26.48838156     -7.864038021     -2.151290236
v      26.38508788     -7.862515845      -2.13980044
v      26.24759844     -7.861539364     -2.132813659
v      26.06815768     -7.861743748     -2.135398499
v      25.83989643     -7.864257466     -2.156522778
v      25.55789859     -7.869482452     -2.199393945
v      25.22020429      -7.87725274     -2.262709099
v      24.82976845      -7.88676338     -2.340081862
v      24.39535611     -7.895907795     -2.414793349
v      23.93367734     -7.902021582     -2.465667189
v      23.46970005      -7.90457796     -2.488399775
v      23.02886543     -7.904916871     -2.493458389
v      22.63086791     -7.903591872     -2.485117753
v       22.2876997     -7.901100155     -2.467248033
v      22.00353272     -7.897743039     -2.442211417
v      21.77630152     -7.893750023     -2.411835304
v      21.60045013      -7.88912316     -2.376165897
v      21.47033958     -7.883431312     -2.331821531
v      21.38674729     -7.875745392     -2.271445138
v      21.36088311     -7.866667601     -2.199742163
v      21.38534497     -7.857577625     -2.127671464
v      21.46760386     -7.849812789     -2.065776456
v      21.59644236     -7.843940288     -2.018606446
v      21.77141485     -7.839205593     -1.980192433
v      21.99791542      -7.83520508     -1.947311019
v      22.28121591     -7.831683945     -1.917917253
v      22.62345299     -7.828878584     -1.893870463
v      23.02057087     -7.827079867     -1.877494493
v      23.46067023     -7.826337149     -1.869244077
v      23.92449751     -7.826824748     -1.870602587
v      24.38809283     -7.828981368     -1.885171119
v      24.82733227     -7.832867441     -1.913557989
v       25.2231288     -7.837705067     -1.949709714
v      25.56408032     -7.842748737     -1.987787747
v      25.84666957     -7.847434213     -2.023345629
v      26.07342481     -7.851540512     -2.054620832
v      26.25068684     -7.854991093     -2.080973444
v      26.38637687     -7.857854312     -2.102901721
v      26.48864653     -7.860145776     -2.120485248
v      26.56473672     -7.861996668      -2.13472318
v      26.56480272     -7.862896147     -2.141841376
v      26.62452952     -8.578686137     -2.108301802
v      26.62460152     -8.579667387     -2.115202347
v      26.62467352     -8.580648637     -2.122102892
v      26.55032177     -8.578950569     -2.110646809
v         26.45009     -8.577290013     -2.099623794
v      26.31668542     -8.576224761     -2.093004416
v        26.142589     -8.576447725     -2.095711029
v      25.92114609     -8.579189963     -2.116445026
v       25.6475905     -8.584889947     -2.158321315
v      25.32001927     -8.593366626     -2.220079013
v      24.94129219      -8.60374187     -2.295523643
v      24.51989468     -8.613717594     -2.368437551
v      24.07201573     -8.620387181     -2.418272952
v      23.62187518     -8.623175956     -2.440829847
v      23.19416864     -8.623545678     -2.446227104
v      22.80800906     -8.622100224     -2.438586746
v      22.47503601     -8.619381987     -2.421647222
v      22.19929988     -8.615719679     -2.397693849
v      21.97879873     -8.611363661     -2.368500482
v      21.80814203     -8.606316174     -2.334118126
v       21.6818549     -8.600106886     -2.291274793
v      21.60068336     -8.591722245     -2.232837421
v      21.57550885     -8.581819201     -2.163355087
v      21.59916191     -8.571902864     -2.093459957
v      21.67890292     -8.563432134     -2.033364812
v      21.80385348     -8.557025769     -1.987492456
v      21.97357454     -8.551860647     -1.950056837
v      22.19329603     -8.547496451     -1.917927049
v      22.46813056     -8.543655213     -1.889114748
v       22.8001533     -8.540594819      -1.86542004
v      23.18543176     -8.538632583     -1.849100274
v      23.61242136     -8.537822344     -1.840609599
v      24.06244331      -8.53835427     -1.841407591
v        24.512255     -8.540706947     -1.855012081
v      24.93845127       -8.5449463     -1.882039786
v       25.3225065     -8.550223709     -1.916643612
v      25.65335145     -8.555725894     -1.953176234
v       25.9275686     -8.560837324     -1.987331041
v      26.14760896     -8.565316922     -2.017396549
v      26.31962387     -8.569081192     -2.042745312
v      26.45129933     -8.572204704     -2.063851493
v      26.55054438     -8.574704483     -2.080783122
v      26.62438551     -8.576723638     -2.094500711
v      26.62445752     -8.577704887     -2.101401256
v      26.68419031     -9.293576649     -2.067644031
v      26.68426831     -9.294639669     -2.074326925
v      26.68434631      -9.29570269     -2.081009819
v      26.61226198     -9.293863116     -2.070003383
v      26.51509212     -9.292064181     -2.059447148
v       26.3857724     -9.290910157     -2.053195172
v      26.21702032     -9.291151702      -2.05602356
v      26.00239575     -9.294122459     -2.076367274
v      25.73728242     -9.300297443     -2.117248684
v      25.41983424     -9.309480511     -2.177448926
v      25.05281593     -9.320720359     -2.250965425
v      24.64443326     -9.331527394     -2.322081754
v      24.21035412     -9.338752779     -2.370878715
v      23.77405032     -9.341773953     -2.393259919
v      23.35947185     -9.342174484     -2.398995819
v      22.98515021     -9.340608576     -2.392055738
v      22.66237233     -9.337663819      -2.37604641
v      22.39506704     -9.333696318     -2.353176281
v      22.18129594     -9.328977299      -2.32516566
v      22.01583394     -9.323509189     -2.292070355
v      21.89337021      -9.31678246     -2.250728054
v      21.81461942     -9.307699099     -2.194229704
v      21.79013459     -9.296970801     -2.126968011
v      21.81297884     -9.286228103     -2.059248449
v      21.89020198     -9.277051478     -2.000953168
v      22.01126459     -9.270111249     -1.956378467
v      22.17573423     -9.264515701     -1.919921242
v      22.38867664     -9.259787821     -1.888543079
v      22.65504522     -9.255626481     -1.860312244
v       22.9768536     -9.252311054     -1.836969617
v      23.35029265     -9.250185298     -1.820706055
v      23.76417249     -9.249307539     -1.811975122
v      24.20038912     -9.249883793     -1.812212595
v      24.63641717     -9.252432526     -1.824853044
v      25.04957027     -9.257025158     -1.850521583
v      25.42188419     -9.262742352     -1.883577511
v      25.74262258     -9.268703052     -1.918564722
v      26.00846762     -9.274240434     -1.951316453
v       26.2217931     -9.279093332     -1.980172267
v      26.38856091     -9.283171292     -2.004517181
v      26.51622179     -9.286555096     -2.024801265
v      26.61244223     -9.289263189     -2.041080995
v      26.68403431     -9.291450608     -2.054278243
v      26.68411231     -9.292513628     -2.060961137
v       26.7438511     -10.00846716     -2.026986259
v      26.74393511     -10.00961195     -2.033451502
v      26.74401911     -10.01075674     -2.039916745
v      26.67420219     -10.00877566     -2.029359956
v      26.58009423     -10.00683835     -2.019270502
v      26.45485937     -10.00559555     -2.013385929
v      26.29145164     -10.00585568      -2.01633609
v       26.0836454     -10.00905496     -2.036289521
v      25.82697433     -10.01570494     -2.076176054
v      25.51964922      -10.0255944     -2.134818839
v      25.16433967     -10.03769885     -2.206407207
v      24.76897184     -10.04933719     -2.275725956
v      24.34869251     -10.05711838     -2.323484478
v      23.92622545     -10.06037195     -2.345689991
v      23.52477506     -10.06080329     -2.351764533
v      23.16229137     -10.05911693      -2.34552473
v      22.84970865     -10.05594565     -2.330445599
v       22.5908342     -10.05167296     -2.308658714
v      22.38379315     -10.04659094     -2.281830837
v      22.22352584      -10.0407022     -2.250022584
v      22.10488552     -10.03345803     -2.210181315
v      22.02855548     -10.02367595     -2.155621988
v      22.00476032      -10.0121224     -2.090580935
v      22.02679577     -10.00055334     -2.025036942
v      22.10150104     -9.990670822     -1.968541525
v      22.21867571      -9.98319673     -1.925264477
v      22.37789392     -9.977170755     -1.889785646
v      22.58405725     -9.972079192     -1.859159109
v      22.84195987     -9.967597748     -1.831509739
v      23.15355391     -9.964027289     -1.808519194
v      23.51515355     -9.961738013     -1.792311836
v      23.91592362     -9.960792735     -1.783340644
v      24.33833493     -9.961413315     -1.783017599
v      24.76057934     -9.964158104     -1.794694006
v      25.16068928     -9.969104016     -1.819003381
v      25.52126189     -9.975260994     -1.850511409
v      25.83189371      -9.98168021     -1.883953209
v      26.08936664     -9.987643544     -1.915301865
v      26.29597725     -9.992869742     -1.942947984
v      26.45749795     -9.997261391     -1.966289049
v      26.58114425     -10.00090549     -1.985751037
v      26.67434009      -10.0038219     -2.001378869
v       26.7436831     -10.00617758     -2.014055774
v       26.7437671     -10.00732237     -2.020521017
v       26.8035119     -10.72335767     -1.986328488
v       26.8036019     -10.72458423      -1.99257608
v       26.8036919      -10.7258108     -1.998823671
v       26.7361424     -10.72368821     -1.988716529
v      26.64509635     -10.72161252     -1.979093855
v      26.52394635     -10.72028095     -1.973576686
v      26.36588296     -10.72055966     -1.976648621
v      26.16489506     -10.72398745     -1.996211769
v      25.91666625     -10.73111243     -2.035103423
v       25.6194642     -10.74170828     -2.092188753
v       25.2758634     -10.75467734     -2.161848988
v      24.89351042     -10.76714699     -2.229370159
v       24.4870309     -10.77548398     -2.276090242
v      24.07840059     -10.77896995     -2.298120063
v      23.69007827      -10.7794321     -2.304533248
v      23.33943252     -10.77762528     -2.298993722
v      23.03704497     -10.77422748     -2.284844788
v      22.78660136      -10.7696496     -2.264141146
v      22.58629036     -10.76420458     -2.238496015
v      22.43121774     -10.75789522     -2.207974813
v      22.31640083     -10.75013361     -2.169634576
v      22.24249155     -10.73965281     -2.117014271
v      22.21938606       -10.727274     -2.054193859
v      22.24061271     -10.71487858     -1.990825435
v       22.3128001     -10.70429017     -1.936129881
v      22.42608683     -10.69628221     -1.894150488
v      22.58005361     -10.68982581      -1.85965005
v      22.77943786     -10.68437056     -1.829775139
v      23.02887453     -10.67956902     -1.802707235
v      23.33025422     -10.67574352      -1.78006877
v      23.68001444     -10.67329073     -1.763917616
v      24.06767475     -10.67227793     -1.754706167
v      24.47628074     -10.67294284     -1.753822603
v      24.88474151     -10.67588368     -1.764534969
v      25.27180828     -10.68118287     -1.787485178
v      25.62063959     -10.68777964     -1.817445307
v      25.92116484     -10.69465737     -1.849341697
v      26.17026566     -10.70104665     -1.879287277
v       26.3701614     -10.70664615     -1.905723702
v      26.52643499     -10.71135149     -1.928060918
v      26.64606671     -10.71525588     -1.946700808
v      26.73623794      -10.7183806     -1.961676743
v      26.80333189     -10.72090455     -1.973833306
v      26.80342189     -10.72213111     -1.980080897
v      26.86317269     -11.43824818     -1.945670717
v      26.86326869     -11.43955652     -1.951700657
v      26.86336469     -11.44086485     -1.957730597
v      26.79808261     -11.43860076     -1.948073103
v      26.71009847     -11.43638668     -1.938917209
v      26.59303333     -11.43496635     -1.933767442
v      26.44031428     -11.43526363     -1.936961151
v      26.24614472     -11.43891995     -1.956134017
v      26.00635816     -11.44651993     -1.994030793
v      25.71927918     -11.45782217     -2.049558666
v      25.38738714     -11.47165583      -2.11729077
v      25.01804899     -11.48495679     -2.183014361
v       24.6253693     -11.49384957     -2.228696005
v      24.23057572     -11.49756794     -2.250550135
v      23.85538148      -11.4980609     -2.257301963
v      23.51657368     -11.49613363     -2.252462715
v      23.22438129     -11.49250932     -2.239243977
v      22.98236852     -11.48762624     -2.219623579
v      22.78878757     -11.48181821     -2.195161193
v      22.63890965     -11.47508823     -2.165927042
v      22.52791615     -11.46680918     -2.129087837
v      22.45642761     -11.45562966     -2.078406554
v       22.4340118      -11.4424256     -2.017806783
v      22.45442964     -11.42920382     -1.956613928
v      22.52409916     -11.41790951     -1.903718238
v      22.63349794     -11.40936769     -1.863036498
v       22.7822133     -11.40248086     -1.829514455
v      22.97481847     -11.39666193     -1.800391169
v      23.21578918     -11.39154028      -1.77390473
v      23.50695452     -11.38745976     -1.751618347
v      23.84487533     -11.38484344     -1.735523397
v      24.21942588     -11.38376313     -1.726071689
v      24.61422655     -11.38447236     -1.724627607
v      25.00890368     -11.38760926     -1.734375932
v      25.38292728     -11.39326173     -1.755966975
v      25.72001728     -11.40029828     -1.784379206
v      26.01043596     -11.40763453     -1.814730184
v      26.25116469     -11.41444976     -1.843272689
v      26.44434555     -11.42042256     -1.868499419
v      26.59537203     -11.42544159     -1.889832786
v      26.71098917     -11.42960627      -1.90765058
v       26.7981358     -11.43293931     -1.921974616
v      26.86298068     -11.43563152     -1.933610837
v      26.86307669     -11.43693985     -1.939640777
v      26.92283348     -12.15313869     -1.905012946
v      26.92293548      -12.1545288     -1.910825235
v      26.92303749      -12.1559189     -1.916637523
v      26.86002282     -12.15351331     -1.907429676
v      26.77510059     -12.15116085     -1.898740563
v       26.6621203     -12.14965174     -1.893958199
v       26.5147456     -12.14996761     -1.897273681
v      26.32739437     -12.15385245     -1.916056265
v      26.09605008     -12.16192743     -1.952958162
v      25.81909415     -12.17393605      -2.00692858
v      25.49891088     -12.18863432     -2.072732552
v      25.14258757     -12.20276659     -2.136658564
v      24.76370769     -12.21221517     -2.181301768
v      24.38275086     -12.21616594     -2.202980207
v       24.0206847     -12.21668971     -2.210070678
v      23.69371483     -12.21464198     -2.205931707
v       23.4117176     -12.21079115     -2.193643165
v      23.17813568     -12.20560288     -2.175106011
v      22.99128478     -12.19943185      -2.15182637
v      22.84660155     -12.19228125     -2.123879271
v      22.73943146     -12.18348475     -2.088541098
v      22.67036368     -12.17160651     -2.039798838
v      22.64863754      -12.1575772     -1.981419707
v      22.66824657     -12.14352906     -1.922402421
v      22.73539822     -12.13152886     -1.871306594
v      22.84090906     -12.12245317     -1.831922509
v        22.984373     -12.11513592     -1.799378859
v      23.17019907      -12.1089533     -1.771007199
v      23.40270384     -12.10351155     -1.745102226
v      23.68365483     -12.09917599     -1.723167924
v      24.00973622     -12.09639616     -1.707129178
v      24.37117701     -12.09524832     -1.697437212
v      24.75217235     -12.09600188     -1.695432611
v      25.13306585     -12.09933484     -1.704216894
v      25.49404628     -12.10534059     -1.724448772
v      25.81939498     -12.11281692     -1.751313104
v      26.09970709     -12.12061168     -1.780118671
v      26.33206371     -12.12785288     -1.807258101
v      26.51852969     -12.13419897     -1.831275136
v      26.66430907     -12.13953169     -1.851604655
v      26.77591163     -12.14395666     -1.868600352
v      26.86003365     -12.14749802      -1.88227249
v      26.92262948     -12.15035849     -1.893388369
v      26.92273148     -12.15174859     -1.899200657
v      26.98249428     -12.86802921     -1.864355175
v      26.98260228     -12.86950108     -1.869949812
v      26.98271028     -12.87097296     -1.875544449
v      26.92196303     -12.86842585     -1.866786249
v      26.84010271     -12.86593502     -1.858563917
v      26.73120728     -12.86433714     -1.854148955
v      26.58917692     -12.86467159     -1.857586212
v      26.40864403     -12.86878494     -1.875978513
v        26.185742     -12.87733492     -1.911885532
v      25.91890913     -12.89004994     -1.964298493
v      25.61043462      -12.9056128     -2.028174334
v      25.26712615     -12.92057639     -2.090302766
v      24.90204608     -12.93058077     -2.133907531
v      24.53492599     -12.93476393     -2.155410279
v      24.18598791     -12.93531852     -2.162839393
v      23.87085598     -12.93315034     -2.159400699
v      23.59905392     -12.92907298     -2.148042354
v      23.37390285     -12.92357952     -2.130588444
v      23.19378199     -12.91704549     -2.108491548
v      23.05429345     -12.90947426       -2.0818315
v      22.95094677     -12.90016033      -2.04799436
v      22.88429974     -12.88758337     -2.001191121
v      22.86326327      -12.8727288      -1.94503263
v      22.88206351      -12.8578543     -1.888190913
v      22.94669728      -12.8451482      -1.83889495
v      23.04832018     -12.83553865     -1.800808519
v      23.18653269     -12.82779097     -1.769243264
v      23.36557968     -12.82124468      -1.74162323
v      23.58961849     -12.81548282     -1.716299721
v      23.86035513     -12.81089223     -1.694717501
v      24.17459711     -12.80794887     -1.678734959
v      24.52292815     -12.80673352     -1.668802734
v      24.89011816     -12.80753141     -1.666237615
v      25.25722802     -12.81106042     -1.674057857
v      25.60516528     -12.81741945      -1.69293057
v      25.91877267     -12.82533556     -1.718247002
v      26.18897822     -12.83358884     -1.745507159
v      26.41296273     -12.84125599     -1.771243513
v      26.59271384     -12.84797538     -1.794050854
v       26.7332461     -12.85362179     -1.813376523
v       26.8408341     -12.85830706     -1.829550124
v       26.9219315     -12.86205672     -1.842570364
v      26.98227827     -12.86508546       -1.8531659
v      26.98238627     -12.86655733     -1.858760538
v      27.04215507     -13.58291972     -1.823697404
v      27.04226907     -13.58447336      -1.82907439
v      27.04238307     -13.58602701     -1.834451376
v      26.98390324      -13.5833384     -1.826142822
v      26.90510483     -13.58070919     -1.818387271
v      26.80029426     -13.57902254     -1.814339712
v      26.66360824     -13.57937556     -1.817898742
v      26.48989369     -13.58371744      -1.83590076
v      26.27543391     -13.59274242     -1.870812901
v      26.01872411     -13.60616382     -1.921668407
v      25.72195835     -13.62259129     -1.983616115
v      25.39166473     -13.63838619     -2.043946969
v      25.04038447     -13.64894637     -2.086513294
v      24.68710113     -13.65336193     -2.107840351
v      24.35129112     -13.65394732     -2.115608108
v      24.04799714     -13.65165869     -2.112869692
v      23.78639024     -13.64735481     -2.102441543
v      23.56967001     -13.64155616     -2.086070876
v       23.3962792     -13.63465913     -2.065156726
v      23.26198536     -13.62666728     -2.039783729
v      23.16246208      -13.6168359     -2.007447621
v      23.09823581     -13.60356022     -1.962583404
v      23.07788901      -13.5878804     -1.908645554
v      23.09588044     -13.57217953     -1.853979406
v      23.15799634     -13.55876754     -1.806483307
v      23.25573129     -13.54862413      -1.76969453
v      23.38869238     -13.54044602     -1.739107668
v      23.56096029     -13.53353605      -1.71223926
v      23.77653315     -13.52745409     -1.687497217
v      24.03705544     -13.52260846     -1.666267078
v        24.339458     -13.51950159      -1.65034074
v      24.67467928     -13.51821871     -1.640168257
v      25.02806397     -13.51906093     -1.637042618
v       25.3813902       -13.522786     -1.643898819
v      25.71628429     -13.52949831     -1.661412367
v      26.01815037     -13.53785421     -1.685180901
v      26.27824935       -13.546566     -1.710895646
v      26.49386175      -13.5546591     -1.735228925
v      26.66689799     -13.56175179     -1.756826571
v      26.80218314     -13.56771189     -1.775148391
v      26.90575656     -13.57265745     -1.790499895
v      26.98382936     -13.57661543     -1.802868238
v      27.04192706     -13.57981243     -1.812943432
v      27.04204107     -13.58136607     -1.818320418
v      27.10181586     -14.29781023     -1.783039633
v      27.10193586     -14.29944565     -1.788198967
v      27.10205587     -14.30108106     -1.793358302
v      27.04584345     -14.29825095     -1.785499396
v      26.97010695     -14.29548335     -1.778210625
v      26.86938124     -14.29370793     -1.774530468
v      26.73803956     -14.29407954     -1.778211273
v      26.57114334     -14.29864994     -1.795823008
v      26.36512583     -14.30814991     -1.829740271
v      26.11853909     -14.32227771      -1.87903832
v      25.83348209     -14.33956978     -1.939057897
v       25.5162033     -14.35619599     -1.997591171
v      25.17872286     -14.36731197     -2.039119058
v      24.83927626     -14.37195993     -2.060270423
v      24.51659433     -14.37257613     -2.068376823
v      24.22513829     -14.37016704     -2.066338684
v      23.97372656     -14.36563664     -2.056840731
v      23.76543717      -14.3595328     -2.041553309
v      23.59877641     -14.35227277     -2.021821904
v      23.46967726     -14.34386029     -1.997735958
v       23.3739774     -14.33351148     -1.966900882
v      23.31217187     -14.31953708     -1.923975688
v      23.29251475       -14.303032     -1.872258478
v      23.30969737     -14.28650477     -1.819767899
v       23.3692954     -14.27238689     -1.774071663
v      23.46314241     -14.26170961      -1.73858054
v      23.59085207     -14.25310108     -1.708972073
v       23.7563409     -14.24582742      -1.68285529
v       23.9634478     -14.23942535     -1.658694712
v      24.21375575      -14.2343247     -1.637816655
v       24.5043189      -14.2310543      -1.62194652
v      24.82643041     -14.22970391     -1.611533779
v      25.16600978     -14.23059045     -1.607847622
v      25.50555237     -14.23451158     -1.613739782
v      25.82740329     -14.24157717     -1.629894164
v      26.11752807     -14.25037285     -1.652114799
v      26.36752048     -14.25954316     -1.676284134
v      26.57476078     -14.26806221     -1.699214337
v      26.74108213      -14.2755282     -1.719602289
v      26.87112018     -14.28180199      -1.73692026
v      26.97067902     -14.28700784     -1.751449667
v      27.04572721     -14.29117414     -1.763166111
v      27.10157586      -14.2945394     -1.772720963
v      27.10169586     -14.29617481     -1.777880298
v      27.16147665     -15.01270074     -1.742381861
v      27.16160266     -15.01441793     -1.747323545
v      27.16172866     -15.01613511     -1.752265228
v      27.10778366      -15.0131635     -1.744855969
v      27.03510906     -15.01025752     -1.738033979
v      26.93846821     -15.00839333     -1.734721225
v      26.81247088     -15.00878352     -1.738523803
v        26.652393     -15.01358243     -1.755745256
v      26.45481774     -15.02355741      -1.78866764
v      26.21835406     -15.03839159     -1.836408234
v      25.94500583     -15.05654827     -1.894499679
v      25.64074188     -15.07400579     -1.951235374
v      25.31706125     -15.08567757     -1.991724821
v       24.9914514     -15.09055792     -2.012700495
v      24.68189754     -15.09120494     -2.021145538
v      24.40227944     -15.08867539     -2.019807676
v      24.16106287     -15.08391848      -2.01123992
v      23.96120433     -15.07750944     -1.997035741
v      23.80127362     -15.06988641     -1.978487081
v      23.67736916      -15.0610533     -1.955688187
v      23.58549271     -15.05018705     -1.926354143
v      23.52610793     -15.03551393     -1.885367971
v      23.50714049      -15.0181836     -1.835871402
v      23.52351431     -15.00083001     -1.785556392
v      23.58059446     -14.98600623      -1.74166002
v      23.67055353     -14.97479509     -1.707466551
v      23.79301176     -14.96575613     -1.678836477
v      23.95172151     -14.95811879      -1.65347132
v      24.15036246     -14.95139662     -1.629892208
v      24.39045605     -14.94604093     -1.609366231
v      24.66917979     -14.94260702     -1.593552301
v      24.97818154      -14.9411891     -1.582899301
v      25.30395559     -14.94211997     -1.578652626
v      25.62971454     -14.94623716     -1.583580744
v      25.93852229     -14.95365602     -1.598375961
v      26.21690576     -14.96289149     -1.619048698
v      26.45679161     -14.97252032     -1.641672621
v       26.6556598     -14.98146532     -1.663199749
v      26.81526628     -14.98930461     -1.682378006
v      26.94005722     -14.99589209     -1.698692128
v      27.03560148     -15.00135823     -1.712399439
v      27.10762507     -15.00573284     -1.723463985
v      27.16122465     -15.00926637     -1.732498495
v      27.16135065     -15.01098355     -1.737440178
v      27.22113745     -15.72759125      -1.70172409
v      27.22126945     -15.72939021     -1.706448122
v      27.22140145     -15.73118917     -1.711172154
v      27.16972387     -15.72807604     -1.704212542
v      27.10011118     -15.72503169     -1.697857333
v      27.00755519     -15.72307873     -1.694911982
v       26.8869022      -15.7234875     -1.698836333
v      26.73364266     -15.72851493     -1.715667504
v      26.54450966      -15.7389649      -1.74759501
v      26.31816904     -15.75450548     -1.793778147
v      26.05652957     -15.77352676      -1.84994146
v      25.76528046     -15.79181559     -1.904879576
v      25.45539964     -15.80404316     -1.944330584
v      25.14362653     -15.80915592     -1.965130567
v      24.84720075     -15.80983374     -1.973914253
v       24.5794206     -15.80718374     -1.973276669
v      24.34839919     -15.80220031     -1.965639109
v      24.15697149     -15.79548608     -1.952518174
v      24.00377083     -15.78750005     -1.935152259
v      23.88506107     -15.77824632     -1.913640416
v      23.79700802     -15.76686262     -1.885807404
v        23.740044     -15.75149078     -1.846760254
v      23.72176622      -15.7333352     -1.799484326
v      23.73733124     -15.71515525     -1.751344885
v      23.79189352     -15.69962558     -1.709248376
v      23.87796464     -15.68788058     -1.676352561
v      23.99517145     -15.67841119     -1.648700881
v      24.14710212     -15.67041016      -1.62408735
v      24.33727711     -15.66336789     -1.601089703
v      24.56715636     -15.65775717     -1.580915808
v      24.83404068     -15.65415973     -1.565158082
v      25.12993267      -15.6526743     -1.554264824
v      25.44190139      -15.6536495      -1.54945763
v      25.75387671     -15.65796274     -1.553421707
v      26.04964129     -15.66573488     -1.566857759
v      26.31628346     -15.67541013     -1.585982596
v      26.54606273     -15.68549747     -1.607061108
v      26.73655882     -15.69486843     -1.627185161
v      26.88945043     -15.70308102     -1.645153724
v      27.00899426     -15.70998219     -1.660463997
v      27.10052394     -15.71570862     -1.673349211
v      27.16952292     -15.72029155     -1.683761859
v      27.22087344     -15.72399334     -1.692276026
v      27.22100544     -15.72579229     -1.697000058
v      27.28079824     -16.44248176     -1.661066319
v      27.28093624     -16.44436249       -1.6655727
v      27.28107425     -16.44624322      -1.67007908
v      27.23166408     -16.44298859     -1.663569116
v       27.1651133     -16.43980586     -1.657680687
v      27.07664217     -16.43776412     -1.655102738
v      26.96133352     -16.43819147     -1.659148864
v      26.81489231     -16.44344743     -1.675589752
v      26.63420157      -16.4543724     -1.706522379
v      26.41798402     -16.47061937      -1.75114806
v       26.1680533     -16.49050525     -1.805383242
v      25.88981904     -16.50962539     -1.858523779
v      25.59373803     -16.52240876     -1.896936347
v      25.29580167     -16.52775392     -1.917560639
v      25.01250396     -16.52846255     -1.926682968
v      24.75656175      -16.5256921     -1.926745661
v      24.53573551     -16.52048214     -1.920038298
v      24.35273865     -16.51346272     -1.908000606
v      24.20626804     -16.50511368     -1.891817437
v      24.09275297     -16.49543933     -1.871592645
v      24.00852333      -16.4835382     -1.845260665
v      23.95398006     -16.46746764     -1.808152538
v      23.93639196      -16.4484868      -1.76309725
v      23.95114818     -16.42948049     -1.717133377
v      24.00319257     -16.41324492     -1.676836732
v      24.08537576     -16.40096606     -1.645238572
v      24.19733114     -16.39106624     -1.618565286
v      24.34248273     -16.38270153      -1.59470338
v      24.52419177     -16.37533916     -1.572287199
v      24.74385666      -16.3694734     -1.552465385
v      24.99890157     -16.36571245     -1.536763863
v       25.2816838     -16.36415949     -1.525630346
v       25.5798472     -16.36517902     -1.520262634
v      25.87803888     -16.36968831     -1.523262669
v       26.1607603     -16.37781374     -1.535339556
v      26.41566116     -16.38792878     -1.552916494
v      26.63533386     -16.39847463     -1.572449596
v      26.81745784     -16.40827154     -1.591170573
v      26.96363457     -16.41685743     -1.607929441
v       27.0779313     -16.42407229     -1.622235865
v       27.1654464     -16.43005902     -1.634298982
v      27.23142077     -16.43485026     -1.644059732
v      27.28052223     -16.43872031     -1.652053558
v      27.28066024     -16.44060103     -1.656559939
v      27.34045903     -17.15737227     -1.620408548
v      27.34060304     -17.15933477     -1.624697277
v      27.34074704     -17.16129727     -1.628986007
v      27.29360429     -17.15790114     -1.622925689
v      27.23011542     -17.15458003     -1.617504041
v      27.14572915     -17.15244952     -1.615293495
v      27.03576484     -17.15289545     -1.619461394
v      26.89614197     -17.15837993     -1.635511999
v      26.72389349     -17.16977989     -1.665449749
v        26.517799     -17.18673325     -1.708517974
v      26.27957704     -17.20748374     -1.760825024
v      26.01435762     -17.22743519     -1.812167981
v      25.73207642     -17.24077436     -1.849542111
v       25.4479768     -17.24635191     -1.869990711
v      25.17780717     -17.24709136     -1.879451683
v       24.9337029     -17.24420045     -1.880214653
v      24.72307183     -17.23876397     -1.874437486
v      24.54850581     -17.23143936     -1.863483039
v      24.40876525     -17.22272732     -1.848482614
v      24.30044487     -17.21263235     -1.829544874
v      24.22003865     -17.20021377     -1.804713927
v      24.16791613     -17.18344449     -1.769544821
v       24.1510177      -17.1636384     -1.726710174
v      24.16496511     -17.14380573      -1.68292187
v      24.21449163     -17.12686427     -1.644425089
v      24.29278688     -17.11405154     -1.614124582
v      24.39949084     -17.10372129      -1.58842969
v      24.53786334      -17.0949929      -1.56531941
v      24.71110643     -17.08731043     -1.543484694
v      24.92055697     -17.08118964     -1.524014962
v      25.16376246     -17.07726517     -1.508369644
v      25.43343493     -17.07564469     -1.496995869
v      25.71779301     -17.07670854     -1.491067638
v      26.00220105     -17.08141389     -1.493103632
v       26.2718793      -17.0898926     -1.503821353
v      26.51503885     -17.10044742     -1.519850393
v      26.72460499     -17.11145179     -1.537838083
v      26.89835686     -17.12167465     -1.555155985
v      27.03781872     -17.13063384     -1.570705159
v      27.14686834     -17.13816238     -1.584007734
v      27.23036886     -17.14440941     -1.595248754
v      27.29331863     -17.14940897     -1.604357606
v      27.34017103     -17.15344728      -1.61183109
v      27.34031503     -17.15540977     -1.616119819
v      27.40011983     -17.87226279     -1.579750777
v      27.40026983     -17.87430706     -1.583821855
v      27.40041983     -17.87635133     -1.587892933
v       27.3555445     -17.87281368     -1.582282262
v      27.29511754     -17.86935419     -1.577327395
v      27.21481612     -17.86713492     -1.575484251
v      27.11019616     -17.86759943     -1.579773924
v      26.97739163     -17.87331242     -1.595434247
v       26.8135854     -17.88518739     -1.624377118
v      26.61761397     -17.90284714     -1.665887887
v      26.39110078     -17.92446223     -1.716266806
v      26.13889619     -17.94524499     -1.765812184
v      25.87041481     -17.95913996     -1.802147874
v      25.60015194     -17.96494991     -1.822420783
v      25.34311038     -17.96572016     -1.832220398
v      25.11084406      -17.9627088     -1.833683646
v      24.91040815     -17.95704581     -1.828836675
v      24.74427297       -17.949416     -1.818965471
v      24.61126246     -17.94034096     -1.805147792
v      24.50813678     -17.92982536     -1.787497103
v      24.43155396     -17.91688935     -1.764167188
v      24.38185219     -17.89942134     -1.730937105
v      24.36564344        -17.87879     -1.690323098
v      24.37878204     -17.85813097     -1.648710363
v      24.42579069     -17.84048361     -1.612013445
v      24.50019799     -17.82713702     -1.583010593
v      24.60165053     -17.81637635     -1.558294095
v      24.73324395     -17.80728427      -1.53593544
v      24.89802108     -17.79928169      -1.51468219
v      25.09725728     -17.79290587     -1.495564539
v      25.32862336     -17.78881788     -1.479975424
v      25.58518606     -17.78712988     -1.468361391
v      25.85573882     -17.78823806     -1.461872642
v      26.12636322     -17.79313947     -1.462944594
v       26.3829983     -17.80197146      -1.47230315
v      26.61441655     -17.81296606     -1.486784291
v      26.81387612     -17.82442895     -1.503226571
v      26.97925589     -17.83507776     -1.519141397
v      27.11200287     -17.84441025     -1.533480876
v      27.21580537     -17.85225248     -1.545779602
v      27.29529133      -17.8587598     -1.556198526
v      27.35521648     -17.86396767      -1.56465548
v      27.39981982     -17.86817425     -1.571608621
v      27.39996982     -17.87021852     -1.575679699
v      27.45978062      -18.5871533     -1.539093006
v      27.45993662     -18.58927934     -1.542946432
v      27.46009263     -18.59140538     -1.546799859
v      27.41748471     -18.58772623     -1.541638836
v      27.36011966     -18.58412836     -1.537150748
v       27.2839031     -18.58182031     -1.535675008
v      27.18462748      -18.5823034     -1.540086455
v      27.05864128     -18.58824492     -1.555356495
v      26.90327732     -18.60059489     -1.583304488
v      26.71742895     -18.61896102     -1.623257801
v      26.50262452     -18.64144072     -1.671708587
v      26.26343477     -18.66305479     -1.719456386
v       26.0087532     -18.67750556     -1.754753637
v      25.75232707     -18.68354791     -1.774850855
v       25.5084136     -18.68434897     -1.784989113
v      25.28798521     -18.68121715     -1.787152638
v      25.09774446     -18.67532764     -1.783235864
v      24.94004013     -18.66739264     -1.774447904
v      24.81375967      -18.6579546      -1.76181297
v      24.71582868     -18.64701838     -1.745449332
v      24.64306927     -18.63356492     -1.723620449
v      24.59578825      -18.6153982     -1.692329388
v      24.58026917      -18.5939416     -1.653936022
v      24.59259898     -18.57245621     -1.614498856
v      24.63708975     -18.55410296     -1.579601802
v      24.70760911      -18.5402225     -1.551896603
v      24.80381022      -18.5290314     -1.528158499
v      24.92862456     -18.51957564     -1.506551471
v      25.08493574     -18.51125296     -1.485879685
v      25.27395758     -18.50462211     -1.467114116
v      25.49348425      -18.5003706     -1.451581205
v      25.73693719     -18.49861508     -1.439726914
v      25.99368463     -18.49976759     -1.432677646
v      26.25052539     -18.50486505     -1.432785557
v       26.4941173     -18.51405032     -1.440784947
v      26.71379424      -18.5254847     -1.453718189
v      26.90314725      -18.5374061     -1.468615058
v      27.06015491     -18.54848087     -1.483126809
v      27.18618702     -18.55818666     -1.496256593
v      27.28474241     -18.56634258      -1.50755147
v      27.36021379     -18.57311019     -1.517148298
v      27.41711434     -18.57852638     -1.524953353
v      27.45946861     -18.58290122     -1.531386153
v      27.45962462     -18.58502726     -1.535239579
v      27.51944141     -19.30204381     -1.498435235
v      27.51960342     -19.30425162      -1.50207101
v      27.51976542     -19.30645943     -1.505706785
v      27.47942492     -19.30263878     -1.500995409
v      27.42512177     -19.29890253     -1.496974102
v      27.35299008     -19.29650571     -1.495865764
v       27.2590588     -19.29700738     -1.500398985
v      27.13989094     -19.30317742     -1.515278743
v      26.99296923     -19.31600238     -1.542231857
v      26.81724393     -19.33507491     -1.580627714
v      26.61414825     -19.35841921     -1.627150369
v      26.38797335     -19.38086459     -1.673100589
v      26.14709159     -19.39587116       -1.7073594
v      25.90450221      -19.4021459     -1.727280927
v      25.67371681     -19.40297777     -1.737757828
v      25.46512636      -19.3997255      -1.74062163
v      25.28508078     -19.39360947     -1.737635052
v      25.13580729     -19.38536928     -1.729930336
v      25.01625688     -19.37556824     -1.718478148
v      24.92352058     -19.36421139     -1.703401561
v      24.85458458     -19.35024049      -1.68307371
v      24.80972432     -19.33137505     -1.653721671
v      24.79489491      -19.3090932     -1.617548946
v      24.80641591     -19.28678144     -1.580287349
v      24.84838881      -19.2677223     -1.547190158
v      24.91502023     -19.25330798     -1.520782613
v      25.00596991     -19.24168646     -1.498022903
v      25.12400517     -19.23186701     -1.477167501
v      25.27185039     -19.22322423     -1.457077181
v      25.45065789     -19.21633834     -1.438663692
v      25.65834514     -19.21192331     -1.423186986
v      25.88868832     -19.21010027     -1.411092436
v      26.13163044     -19.21129711      -1.40348265
v      26.37468756     -19.21659063     -1.402626519
v      26.60523631     -19.22612917     -1.409266745
v      26.81317194     -19.23800335     -1.420652088
v      26.99241838     -19.25038326     -1.434003545
v      27.14105393     -19.26188398     -1.447112222
v      27.26037116     -19.27196307     -1.459032311
v      27.35367945     -19.28043268     -1.469323339
v      27.42513625     -19.28746058      -1.47809807
v      27.47901219     -19.29308509     -1.485251227
v      27.51911741     -19.29762818     -1.491163684
v      27.51927941       -19.299836     -1.494799459
v      27.57910221     -20.01693432     -1.457777464
v      27.57927021      -20.0192239     -1.461195587
v      27.57943821     -20.02151349     -1.464613711
v      27.54136513     -20.01755133     -1.460351982
v      27.49012389      -20.0136767     -1.456797456
v      27.42207705     -20.01119111     -1.456056521
v      27.33349012     -20.01171136     -1.460711516
v       27.2211406     -20.01810991      -1.47520099
v      27.08266115     -20.03140988     -1.501159227
v      26.91705891     -20.05118879     -1.537997628
v      26.72567199      -20.0753977     -1.582592151
v      26.51251193     -20.09867439     -1.626744791
v      26.28542998     -20.11423676     -1.659965163
v      26.05667734      -20.1207439     -1.679710999
v      25.83902002     -20.12160658     -1.690526543
v      25.64226752     -20.11823386     -1.694090623
v       25.4724171      -20.1118913     -1.692034241
v      25.33157445     -20.10334592     -1.685412769
v      25.21875409     -20.09318188     -1.675143325
v      25.13121249     -20.08140441      -1.66135379
v       25.0660999     -20.06691607     -1.642526971
v      25.02366038     -20.04735191     -1.615113955
v      25.00952065      -20.0242448      -1.58116187
v      25.02023284     -20.00110668     -1.546075841
v      25.05968787     -19.98134164     -1.514778514
v      25.12243134     -19.96639346     -1.489668624
v       25.2081296     -19.95434151     -1.467887308
v      25.31938578     -19.94415838     -1.447783531
v      25.45876505      -19.9351955     -1.428274676
v      25.62735819     -19.92805458     -1.410213269
v      25.82320603     -19.92347603     -1.394792767
v      26.04043946     -19.92158547     -1.382457959
v      26.26957624     -19.92282663     -1.374287654
v      26.49884973     -19.92831621     -1.372467482
v      26.71635531     -19.93820803     -1.377748542
v      26.91254964     -19.95052199     -1.387585986
v       27.0816895     -19.96336042     -1.399392033
v      27.22195295     -19.97528709     -1.411097634
v      27.33455531     -19.98573948     -1.421808028
v      27.42261649     -19.99452278     -1.431095207
v      27.49005871     -20.00181097     -1.439047841
v      27.54091005     -20.00764379     -1.445549101
v       27.5787662     -20.01235515     -1.450941216
v       27.5789342     -20.01464474      -1.45435934
v        27.638763     -20.73182483     -1.417119692
v        27.638937     -20.73419619     -1.420320165
v      27.63911101     -20.73656754     -1.423520638
v      27.60330534     -20.73246387     -1.419708555
v      27.55512601     -20.72845086      -1.41662081
v      27.49116403      -20.7258765     -1.416247278
v      27.40792144     -20.72641534     -1.421024046
v      27.30239025     -20.73304241     -1.435123238
v      27.17235307     -20.74681737     -1.460086596
v      27.01687388     -20.76730268     -1.495367541
v      26.83719573     -20.79237618     -1.538033932
v       26.6370505     -20.81648419     -1.580388994
v      26.42376837     -20.83260235     -1.612570927
v      26.20885248     -20.83934189     -1.632141071
v      26.00432323     -20.84023539     -1.643295258
v      25.81940867     -20.83674221     -1.647559615
v      25.65975342     -20.83017313      -1.64643343
v      25.52734162     -20.82132256     -1.640895201
v       25.4212513     -20.81079551     -1.631808503
v      25.33890439     -20.79859742     -1.619306019
v      25.27761521     -20.78359164     -1.601980232
v      25.23759645     -20.76332876     -1.576506238
v      25.22414639      -20.7393964     -1.544774793
v      25.23404978     -20.71543192     -1.511864334
v      25.27098693     -20.69496099     -1.482366871
v      25.32984246     -20.67947894     -1.458554634
v      25.41028929     -20.66699656     -1.437751712
v      25.51476639     -20.65644976     -1.418399561
v       25.6456797     -20.64716676     -1.399472172
v       25.8040585     -20.63977081     -1.381762846
v      25.98806692     -20.63502874     -1.366398548
v      26.19219059     -20.63307066     -1.353823481
v      26.40752205     -20.63435615     -1.345092658
v      26.62301191     -20.64004179     -1.342308444
v      26.82747431     -20.65028689     -1.346230339
v      27.01192733     -20.66304063     -1.354519885
v      27.17096063     -20.67633758      -1.36478052
v      27.30285198      -20.6886902     -1.375083046
v      27.40873946     -20.69951589     -1.384583746
v      27.49155353     -20.70861288     -1.392867076
v      27.55498117     -20.71616137     -1.399997613
v       27.6028079      -20.7222025     -1.405846974
v      27.63841499     -20.72708212     -1.410718747
v        27.638589     -20.72945348      -1.41391922
v      27.66498328     -20.79089572     -1.249379856
v      27.66515265     -20.79317872     -1.252368374
v      27.66532203     -20.79546173     -1.255356892
v      27.63118494     -20.79159508     -1.251809419
v      27.58525305     -20.78784503      -1.24894255
v       27.5242788     -20.78551768     -1.248615579
v      27.44493032     -20.78623376     -1.253104502
v      27.34434471     -20.79286511     -1.266306242
v      27.22040984     -20.80643735     -1.289661223
v      27.07223285     -20.82653137     -1.322659374
v      26.90099548     -20.85110078     -1.362562258
v      26.71024687     -20.87478898     -1.402181411
v      26.50696394     -20.89081476     -1.432305457
v      26.30210978     -20.89781357     -1.450653266
v      26.10714782     -20.89915852      -1.46113877
v      25.93087666       -20.896233     -1.465183909
v      25.77867887      -20.8902858     -1.464186778
v      25.65244695     -20.88207715     -1.459060416
v      25.55130296     -20.87219185     -1.450611535
v      25.47278941     -20.86064121     -1.438964914
v      25.41434454     -20.84633711     -1.422807143
v      25.37616749     -20.82692046     -1.399033376
v      25.36331106     -20.80390746      -1.36940738
v      25.37271579      -20.7808082     -1.338672458
v      25.40789506     -20.76100888      -1.31111534
v      25.46397496     -20.74596151     -1.288859563
v      25.54064076     -20.73375142     -1.269406491
v      25.64021578     -20.72334819     -1.251299937
v      25.76499244     -20.71409927        -1.233581
v      25.91595281     -20.70660234     -1.216990106
v      26.09134802     -20.70160015     -1.202580235
v      26.28592179     -20.69923105     -1.190768061
v      26.49118396     -20.69995869     -1.182541788
v      26.69660364     -20.70492292      -1.17986836
v      26.89151837     -20.71430367     -1.183460811
v      27.06736329     -20.72614743      -1.19113857
v      27.21897818     -20.73857449     -1.200665595
v      27.34471917     -20.75015654        -1.210241
v      27.44567025      -20.7603299     -1.219076542
v      27.52462452     -20.76889333     -1.226783188
v      27.58509679     -20.77601161     -1.233419982
v      27.63069557     -20.78171541     -1.238865748
v      27.66464452     -20.78632971      -1.24340282
v       27.6648139     -20.78861272     -1.246391338
v      27.69120355     -20.84996661      -1.08164002
v       27.6913683     -20.85216126     -1.084416584
v      27.69153305     -20.85435592     -1.087193147
v      27.65906455     -20.85072628     -1.083910284
v      27.61538009      -20.8472392      -1.08126429
v      27.55739357     -20.84515886     -1.080983881
v       27.4819392     -20.84605218     -1.085184958
v      27.38629916     -20.85268782     -1.097489246
v      27.26846661     -20.86605733      -1.11923585
v      27.12759181     -20.88576006     -1.149951206
v      26.96479522     -20.90982537     -1.187090584
v      26.78344323     -20.93309377     -1.223973829
v      26.59015951     -20.94902716     -1.252039986
v      26.39536709     -20.95628525      -1.26916546
v      26.20997241     -20.95808166     -1.278982283
v      26.04234466     -20.95572379     -1.282808203
v      25.89760432     -20.95039847     -1.281940127
v      25.77755228     -20.94283175      -1.27722563
v      25.68135462     -20.93358819     -1.269414566
v      25.60667443       -20.922685      -1.25862381
v      25.55107388     -20.90908257     -1.243634053
v      25.51473853     -20.89051215     -1.221560513
v      25.50247574     -20.86841852     -1.194039966
v      25.51138179     -20.84618448     -1.165480582
v      25.54480318     -20.82705678     -1.139863808
v      25.59810745     -20.81244409     -1.119164491
v      25.67099222     -20.80050628      -1.10106127
v      25.76566516     -20.79024662     -1.084200313
v      25.88430519     -20.78103178     -1.067689828
v      26.02784712     -20.77343386     -1.052217367
v      26.19462912     -20.76817156     -1.038761921
v      26.37965299     -20.76539144     -1.027712641
v      26.57484588     -20.76556122     -1.019990918
v      26.77019537     -20.76980405     -1.017428276
v      26.95556243     -20.77832045     -1.020691282
v      27.12279924     -20.78925423     -1.027757255
v      27.26699573     -20.80081139     -1.036550669
v      27.38658636     -20.81162288     -1.045398954
v      27.48260105     -20.82114391     -1.053569338
v      27.55769552     -20.82917378     -1.060699301
v      27.61521241     -20.83586186     -1.066842351
v      27.65858325     -20.84122831     -1.071884522
v      27.69087406      -20.8455773     -1.076086893
v      27.69103881     -20.84777196     -1.078863457
v      27.71742383      -20.9090375    -0.9139001842
v      27.71758395      -20.9111438    -0.9164647932
v      27.71774408     -20.91325011    -0.9190294022
v      27.68694415     -20.90985748    -0.9160111477
v      27.64550713     -20.90663337    -0.9135860305
v      27.59050834     -20.90480004    -0.9133521831
v      27.51894808     -20.90587061     -0.917265414
v      27.42825361     -20.91251052    -0.9286722492
v      27.31652338     -20.92567731    -0.9488104766
v      27.18295077     -20.94498875    -0.9772430385
v      27.02859497     -20.96854996      -1.01161891
v      26.85663959     -20.99139856     -1.045766246
v      26.67335508     -21.00723956     -1.071774516
v      26.48862439     -21.01475693     -1.087677654
v      26.31279701     -21.01700479     -1.096825795
v      26.15381265     -21.01521458     -1.100432497
v      26.01652977     -21.01051113     -1.099693475
v      25.90265761     -21.00358635     -1.095390845
v      25.81140628     -20.99498452     -1.088217598
v      25.74055945     -20.98472878     -1.078282705
v      25.68780322     -20.97182803     -1.064460964
v      25.65330957     -20.95410385     -1.044087651
v      25.64164042     -20.93292957     -1.018672553
v       25.6500478     -20.91156075    -0.9922887061
v      25.68171131     -20.89310467    -0.9686122771
v      25.73223994     -20.87892666    -0.9494694187
v      25.80134368     -20.86726114    -0.9327160491
v      25.89111455     -20.85714506    -0.9171006894
v      26.00361793     -20.84796428    -0.9017986554
v      26.13974144     -20.84026539    -0.8874446271
v      26.29791022     -20.83474296    -0.8749436081
v      26.47338419     -20.83155183    -0.8646572203
v      26.65850779     -20.83116376    -0.8574400474
v       26.8437871     -20.83468519    -0.8549881916
v      27.01960649     -20.84233722    -0.8579217532
v      27.17823519     -20.85236103    -0.8643759405
v      27.31501328      -20.8630483    -0.8724357437
v      27.42845356     -20.87308922    -0.8805569084
v      27.51953184     -20.88195792    -0.8880621346
v      27.59076651     -20.88945423    -0.8946154132
v      27.64532803     -20.89571211    -0.9002647203
v      27.68647092     -20.90074122     -0.904903296
v      27.71710359     -20.90482489    -0.9087709661
v      27.71726371      -20.9069312    -0.9113355752
v      27.74364411     -20.96810839    -0.7461603481
v       27.7437996     -20.97012634    -0.7485130026
v       27.7439551      -20.9721443    -0.7508656571
v      27.71482375     -20.96898868    -0.7481120118
v      27.67563417     -20.96602754    -0.7459077706
v      27.62362312     -20.96444122     -0.745720485
v      27.55595696     -20.96568903      -0.74934587
v      27.47020806     -20.97233323    -0.7598552528
v      27.36458015     -20.98529729    -0.7783851033
v      27.23830973     -21.00421745    -0.8045348709
v      27.09239472     -21.02727455    -0.8361472364
v      26.92983595     -21.04970335     -0.867558664
v      26.75655064     -21.06545197    -0.8915090461
v      26.58188169     -21.07322861     -0.906189848
v       26.4156216     -21.07592793    -0.9146693077
v      26.26528065     -21.07470537    -0.9180567915
v      26.13545521      -21.0706238    -0.9174468239
v      26.02776294     -21.06434095    -0.9135560591
v      25.94145794     -21.05638086    -0.9070206297
v      25.87444446     -21.04677257    -0.8979416006
v      25.82453256      -21.0345735    -0.8852878742
v      25.79188061     -21.01769555    -0.8666147886
v      25.78080509     -20.99744063    -0.8433051394
v      25.78871381     -20.97693703    -0.8190968301
v      25.81861944     -20.95915256    -0.7973607459
v      25.86637244     -20.94540924    -0.7797743467
v      25.93169514       -20.934016     -0.764370828
v      26.01656394     -20.92404349    -0.7500010655
v      26.12293067     -20.91489679    -0.7359074833
v      26.25163575     -20.90709692    -0.7226718875
v      26.40119132     -20.90131437     -0.711125295
v       26.5671154     -20.89771222       -0.7016018
v       26.7421697     -20.89676629    -0.6948891771
v      26.91737883     -20.89956632    -0.6925481074
v      27.08365055       -20.906354    -0.6951522245
v      27.23367115     -20.91546784    -0.7009946259
v      27.36303083     -20.92528521    -0.7083208183
v      27.47032075     -20.93455556    -0.7157148626
v      27.55646263     -20.94277193    -0.7225549308
v      27.62383751     -20.94973468    -0.7285315258
v      27.67544364     -20.95556236    -0.7336870894
v       27.7143586     -20.96025413    -0.7379220699
v      27.74333312     -20.96407248    -0.7414550391
v      27.74348862     -20.96609044    -0.7438076936
v      27.76986439     -21.02717928    -0.5784205121
v      27.77001525     -21.02910888     -0.580561212
v      27.77016612     -21.03103849     -0.582701912
v      27.74270335     -21.02811988    -0.5802128759
v       27.7057612     -21.02542171    -0.5782295107
v      27.65673789      -21.0240824    -0.5780887868
v      27.59296583     -21.02550746     -0.581426326
v      27.51216252     -21.03215593    -0.5910382565
v      27.41263692     -21.04491727    -0.6079597301
v      27.29366869     -21.06344614    -0.6318267034
v      27.15619447     -21.08599915    -0.6606755623
v      27.00303232     -21.10800814    -0.6893510815
v      26.83974621     -21.12366437     -0.711243576
v        26.675139     -21.13170028    -0.7247020422
v      26.51844619     -21.13485106    -0.7325128202
v      26.37674864     -21.13419617    -0.7356810857
v      26.25438066     -21.13073646    -0.7352001724
v      26.15286828     -21.12509555    -0.7317212736
v       26.0715096      -21.1177772    -0.7258236614
v      26.00832948     -21.10881636    -0.7176004961
v      25.96126189     -21.09731896    -0.7061147847
v      25.93045165     -21.08128725    -0.6891419263
v      25.91996977     -21.06195169    -0.6679377259
v      25.92737982     -21.04231331    -0.6459049541
v      25.95552756     -21.02520046    -0.6261092146
v      26.00050493     -21.01189181    -0.6100792748
v      26.06204661     -21.00077086     -0.596025607
v      26.14201332     -20.99094193    -0.5829014416
v      26.24224341     -20.98182929    -0.5700163111
v      26.36353006     -20.97392844    -0.5578991478
v      26.50447241     -20.96788578    -0.5473069818
v       26.6608466     -20.96387261    -0.5385463798
v      26.82583162     -20.96236883    -0.5323383068
v      26.99097056     -20.96444745    -0.5301080233
v       27.1476946     -20.97037078    -0.5323826958
v       27.2891071     -20.97857464    -0.5376133112
v      27.41104838     -20.98752212    -0.5442058928
v      27.51218794      -20.9960219    -0.5508728169
v      27.59339343     -21.00358594    -0.5570477271
v       27.6569085     -21.01001513    -0.5624476383
v      27.70555926     -21.01541261    -0.5671094585
v      27.74224627     -21.01976703    -0.5709408437
v      27.76956265     -21.02332007    -0.5741391121
v      27.76971352     -21.02524968    -0.5762798121
v      27.79608467     -21.08625017     -0.410680676
v       27.7962309     -21.08809142    -0.4126094214
v      27.79637714     -21.08993268    -0.4145381669
v      27.77058295     -21.08725108      -0.41231374
v      27.73588824     -21.08481588    -0.4105512508
v      27.68985266     -21.08372358    -0.4104570887
v      27.62997471     -21.08532588    -0.4135067821
v      27.55411697     -21.09197864    -0.4222212601
v      27.46069369     -21.10453725    -0.4375343568
v      27.34902765     -21.12267483    -0.4591185358
v      27.21999421     -21.14472374    -0.4852038883
v      27.07622868     -21.16631293    -0.5111434991
v      26.92294178     -21.18187677    -0.5309781058
v       26.7683963     -21.19017196    -0.5432142363
v      26.62127078      -21.1937742    -0.5503563327
v      26.48821664     -21.19368696    -0.5533053798
v      26.37330611     -21.19084913     -0.552953521
v      26.27797361     -21.18585015     -0.549886488
v      26.20156126     -21.17917353    -0.5446266931
v       26.1422145     -21.17086014    -0.5372593915
v      26.09799123     -21.16006443    -0.5269416951
v      26.06902269     -21.14487894     -0.511669064
v      26.05913445     -21.12646275    -0.4925703124
v      26.06604583     -21.10768958    -0.4727130781
v      26.09243569     -21.09124835    -0.4548576833
v      26.13463742     -21.07837438    -0.4403842028
v      26.19239807     -21.06752572    -0.4276803859
v      26.26746271     -21.05784036    -0.4158018177
v      26.36155615      -21.0487618    -0.4041251389
v      26.47542437     -21.04075997    -0.3931264082
v      26.60775351     -21.03445719    -0.3834886686
v       26.7545778       -21.030033    -0.3754909595
v      26.90949353     -21.02797136    -0.3697874366
v      27.06456229     -21.02932858    -0.3676679391
v      27.21173866     -21.03438755    -0.3696131672
v      27.34454305     -21.04168144    -0.3742319965
v      27.45906592     -21.04975903    -0.3800909673
v      27.55405513     -21.05748825    -0.3860307711
v      27.63032422     -21.06439995    -0.3915405233
v       27.6899795     -21.07029558    -0.3963637508
v      27.73567488     -21.07526286    -0.4005318275
v      27.77013395     -21.07927994    -0.4039596175
v      27.79579219     -21.08256766    -0.4068231851
v      27.79593843     -21.08440892    -0.4087519306
v      27.82230494     -21.14532106      -0.24294084
v      27.82244655     -21.14707396    -0.2446576309
v      27.82258817     -21.14882687    -0.2463744218
v      27.79846255     -21.14638228    -0.2444146041
v      27.76601528     -21.14421005    -0.2428729909
v      27.72296743     -21.14336476    -0.2428253905
v      27.66698359     -21.14514431    -0.2455872381
v      27.59607142     -21.15180135    -0.2534042637
v      27.50875046     -21.16415723    -0.2671089836
v      27.40438662     -21.18190352    -0.2864103683
v      27.28379396     -21.20344833    -0.3097322143
v      27.14942504     -21.22461772    -0.3329359166
v      27.00613735     -21.24008917    -0.3507126357
v       26.8616536     -21.24864364    -0.3617264305
v      26.72409538     -21.25269733    -0.3681998452
v      26.59968463     -21.25317775     -0.370929674
v      26.49223156      -21.2509618    -0.3707068695
v      26.40307894     -21.24660474    -0.3680517025
v      26.33161292     -21.24056987    -0.3634297248
v      26.27609952     -21.23290393    -0.3569182869
v      26.23472057     -21.22280989    -0.3477686056
v      26.20759373     -21.20847064    -0.3341962017
v      26.19829912      -21.1909738    -0.3172028989
v      26.20471184     -21.17306586    -0.2995212021
v      26.22934382     -21.15729624    -0.2836061521
v      26.26876992     -21.14485696    -0.2706891309
v      26.32274953     -21.13428058    -0.2593351649
v      26.39291209     -21.12473879    -0.2487021938
v      26.48086889     -21.11569431    -0.2382339668
v      26.58731869      -21.1075915    -0.2283536685
v      26.71103461     -21.10102859    -0.2196703554
v      26.84830901     -21.09619339    -0.2124355393
v      26.99315544      -21.0935739    -0.2072365663
v      27.13815402     -21.09420972    -0.2052278549
v      27.27578272     -21.09840433    -0.2068436385
v        27.399979     -21.10478824    -0.2108506818
v      27.50708347     -21.11199593    -0.2159760419
v      27.59592233     -21.11895459    -0.2211887254
v      27.66725502     -21.12521396    -0.2260333196
v      27.72305049     -21.13057603    -0.2302798633
v       27.7657905      -21.1351131    -0.2339541966
v      27.79802162     -21.13879285    -0.2369783914
v      27.82202172     -21.14181525    -0.2395072581
v      27.82216333     -21.14356816     -0.241224049
v      27.84852522     -21.20439195   -0.07520100389
v      27.84866221      -21.2060565   -0.07670584027
v      27.84879919     -21.20772105   -0.07821067665
v      27.82634215     -21.20551349   -0.07651546817
v      27.79614232     -21.20360421   -0.07519473103
v       27.7560822     -21.20300594   -0.07519369234
v      27.70399247     -21.20496273   -0.07766769406
v      27.63802587     -21.21162405   -0.08458726736
v      27.55680723     -21.22377721   -0.09668361037
v      27.45974558     -21.24113221    -0.1137022007
v      27.34759371     -21.26217293    -0.1342605402
v       27.2226214     -21.28292251    -0.1547283342
v      27.08933292     -21.29830158    -0.1704471655
v      26.95491091     -21.30711532    -0.1802386247
v      26.82691997     -21.31162047    -0.1860433578
v      26.71115263     -21.31266854    -0.1885539681
v      26.61115701     -21.31107446     -0.188460218
v      26.52818427     -21.30735934     -0.186216917
v      26.46166458      -21.3019662    -0.1822327565
v      26.40998454     -21.29494772    -0.1765771824
v       26.3714499     -21.28555536     -0.168595516
v      26.34616478     -21.27206234    -0.1567233394
v       26.3374638     -21.25548486    -0.1418354853
v      26.34337785     -21.23844214    -0.1263293261
v      26.36625194     -21.22334414    -0.1123546208
v      26.40290241     -21.21133953    -0.1009940589
v      26.45310099     -21.20103544    -0.0909899438
v      26.51836148     -21.19163723   -0.08160256996
v      26.60018164     -21.18262681   -0.07234279461
v        26.699213     -21.17442302   -0.06358092884
v      26.81431571         -21.1676   -0.05585204221
v      26.94204021     -21.16235378   -0.04938011905
v      27.07681736     -21.15917643     -0.044685696
v      27.21174575     -21.15909085    -0.0427877707
v      27.33982678     -21.16242111   -0.04407410982
v      27.45541496     -21.16789504   -0.04746936709
v      27.55510102     -21.17423284   -0.05186111641
v      27.63778952     -21.18042093   -0.05634667965
v      27.70418581     -21.18602796   -0.06052611585
v      27.75612148     -21.19085648   -0.06419597579
v      27.79590612     -21.19496335   -0.06737656568
v       27.8259093     -21.19830575   -0.06999716522
v      27.84825125     -21.20106284   -0.07219133114
v      27.84838824      -21.2027274   -0.07369616751
v       27.8747455     -21.26346284    0.09253883216
v      27.87487786     -21.26503904    0.09124595031
v      27.87501021     -21.26661524    0.08995306846
v      27.85422176     -21.26464469    0.09138366773
v      27.82626936     -21.26299838    0.09248352887
v      27.78919697     -21.26264712    0.09243800582
v      27.74100135     -21.26478116    0.09025184993
v      27.67998033     -21.27144676      0.084229729
v        27.604864     -21.28339719    0.07374176287
v      27.51510454     -21.30036091    0.05900596685
v      27.41139346     -21.32089752     0.0412111338
v      27.29581776      -21.3412273    0.02347924825
v      27.17252849     -21.35651398   0.009818304593
v      27.04816821     -21.36558699   0.001249181193
v      26.92974456      -21.3705436  -0.003886870301
v      26.82262062     -21.37215933   -0.00617826227
v      26.73008246     -21.37118713  -0.006213566477
v       26.6532896     -21.36811394  -0.004382131483
v      26.59171624     -21.36336254  -0.001035788166
v      26.54386956     -21.35699151   0.003763922182
v      26.50817924     -21.34830082    0.01057757349
v      26.48473582     -21.33565403     0.0207495229
v      26.47662848     -21.31999592    0.03353192818
v      26.48204386     -21.30381842     0.0468625499
v      26.50316007     -21.28939203    0.05889691045
v       26.5370349     -21.27782211      0.068701013
v      26.58345246      -21.2677903    0.07735527726
v      26.64381087     -21.25853566    0.08549705392
v      26.71949438     -21.24955932    0.09354837755
v      26.81110731     -21.24125455     0.1011918108
v      26.91759681     -21.23417141      0.107966271
v      27.03577141     -21.22851417     0.1136753012
v      27.16047927     -21.22477897     0.1178651743
v      27.28533748     -21.22397198     0.1196523135
v      27.40387084     -21.22643789     0.1186954189
v      27.51085091     -21.23100184     0.1159119476
v      27.60311857     -21.23646975     0.1122538091
v      27.67965671     -21.24188727     0.1084953661
v      27.74111661     -21.24684197     0.1049810879
v      27.78919248     -21.25113694     0.1018879117
v      27.82602174      -21.2548136    0.09920106525
v      27.85379697     -21.25781866    0.09698406093
v      27.87448078     -21.26031043    0.09512459587
v      27.87461314     -21.26188664    0.09383171402
v      27.90096578     -21.32253373     0.2602786682
v      27.90109351     -21.32402158     0.2591977409
v      27.90122124     -21.32550943     0.2581168136
v      27.88210136     -21.32377589     0.2592828036
v       27.8563964     -21.32239255     0.2601617888
v      27.82231174      -21.3222883      0.260069704
v      27.77801023     -21.32459958     0.2581713939
v      27.72193478     -21.33126946     0.2530467254
v      27.65292077     -21.34301717     0.2441671361
v       27.5704635      -21.3595896     0.2317141344
v      27.47519321     -21.37962211     0.2166828078
v      27.36901413     -21.39953209     0.2016868307
v      27.25572406     -21.41472638     0.1900837747
v      27.14142552     -21.42405867      0.182736987
v      27.03256915     -21.42946674     0.1782696172
v      26.93408862     -21.43165012     0.1761974436
v      26.84900791     -21.43129979      0.176033085
v      26.77839494     -21.42886854      0.177452654
v       26.7217679     -21.42475888     0.1801611801
v      26.67775458     -21.41903529     0.1841050267
v      26.64490858     -21.41104629      0.189750663
v      26.62330686     -21.39924573     0.1982223852
v      26.61579315     -21.38450697     0.2088993417
v      26.62070987     -21.36919469     0.2200544259
v       26.6400682     -21.35543992     0.2301484417
v       26.6711674     -21.34430468     0.2383960849
v      26.71380392     -21.33454516     0.2457004983
v      26.76926025      -21.3254341     0.2525966778
v      26.83880712     -21.31649182     0.2594395497
v      26.92300163     -21.30808608     0.2659645505
v      27.02087791     -21.30074282     0.2717845842
v      27.12950261     -21.29467456     0.2767307214
v      27.24414118      -21.2903815     0.2804160446
v      27.35892921     -21.28885312     0.2820923977
v       27.4679149     -21.29045466     0.2814649475
v      27.56628686     -21.29410864     0.2792932623
v      27.65113612     -21.29870666     0.2763687345
v      27.72152391     -21.30335361     0.2733374119
v       27.7780474     -21.30765598     0.2704882916
v      27.82226347     -21.31141739     0.2679717992
v      27.85613735     -21.31466385     0.2657786962
v      27.88168465     -21.31733157     0.2639652871
v      27.90071032     -21.31955802     0.2624405229
v      27.90083805     -21.32104588     0.2613595955
v      27.92718605     -21.38160462     0.4280185043
v      27.92730916     -21.38300412     0.4271495315
v      27.92743226     -21.38440362     0.4262805587
v      27.90998096     -21.38290709     0.4271819395
v      27.88652344     -21.38178672     0.4278400487
v      27.85542651     -21.38192948     0.4277014021
v      27.81501911     -21.38441801     0.4260909379
v      27.76388923     -21.39109217     0.4218637217
v      27.70097754     -21.40263715     0.4145925093
v      27.62582246     -21.41881829      0.404422302
v      27.53899295      -21.4383467     0.3921544819
v      27.44221049     -21.45783688     0.3798944132
v      27.33891963     -21.47293879     0.3703492449
v      27.23468282     -21.48253035     0.3642247929
v      27.13539375     -21.48838987     0.3604261046
v      27.04555661     -21.49114091     0.3585731494
v      26.96793336     -21.49141246     0.3582797365
v      26.90350027     -21.48962314     0.3592874396
v      26.85181956     -21.48615521     0.3613581484
v      26.81163959     -21.48107908     0.3644461313
v      26.78163792     -21.47379175     0.3689237526
v       26.7618779     -21.46283743     0.3756952475
v      26.75495783     -21.44901803     0.3842667552
v      26.75937587     -21.43457097     0.3932463019
v      26.77697632     -21.42148782      0.401399973
v      26.80529989     -21.41078725     0.4080911569
v      26.84415538     -21.40130002     0.4140457194
v      26.89470964     -21.39233253     0.4196963017
v      26.95811986     -21.38342433     0.4253307219
v      27.03489594      -21.3749176     0.4307372901
v        27.124159     -21.36731422     0.4356028973
v      27.22323382     -21.36083495     0.4397861417
v       27.3278031     -21.35598404     0.4429669148
v      27.43252094     -21.35373425     0.4445324819
v      27.53195896     -21.35447144     0.4442344762
v      27.62172282     -21.35721544      0.442674577
v      27.69915367     -21.36094357       0.44048366
v       27.7633911     -21.36481995     0.4381794576
v      27.81497819     -21.36846999     0.4359954954
v      27.85533447     -21.37169784     0.4340556867
v      27.88625297      -21.3745141     0.4323563271
v      27.90957232     -21.37684447     0.4309465133
v      27.92693985     -21.37880561     0.4297564499
v      27.92706295     -21.38020511     0.4288874771
v      27.95340633     -21.44067551     0.5957583403
v      27.95352481     -21.44198666     0.5951013221
v      27.95364328     -21.44329781     0.5944443038
v      27.93786056     -21.44203829     0.5950810754
v      27.91665048     -21.44118089     0.5955183086
v      27.88854128     -21.44157066     0.5953331003
v      27.85202798     -21.44423643     0.5940104819
v      27.80584368     -21.45091487     0.5906807181
v      27.74903431     -21.46225713     0.5850178826
v      27.68118142     -21.47804698     0.5771304695
v       27.6027927      -21.4970713     0.5676261559
v      27.51540685     -21.51614167     0.5581019956
v       27.4221152     -21.53115119      0.550614715
v      27.32794012     -21.54100203     0.5457125987
v      27.23821834     -21.54731301     0.5425825921
v      27.15702461     -21.55063171     0.5409488553
v      27.08685881     -21.55152512      0.540526388
v       27.0286056     -21.55037774     0.5411222251
v      26.98187122     -21.54755155     0.5425551168
v      26.94552461     -21.54312287     0.5447872359
v      26.91836725     -21.53653722     0.5480968421
v      26.90044894     -21.52642913     0.5531681098
v      26.89412251     -21.51352909     0.5596341687
v      26.89804188     -21.49994725     0.5664381779
v      26.91388445     -21.48753571     0.5726515042
v      26.93943239     -21.47726983     0.5777862288
v      26.97450685     -21.46805488     0.5823909404
v      27.02015902     -21.45923096     0.5867959256
v       27.0774326     -21.45035684      0.591221894
v      27.14679025     -21.44174913     0.5955100298
v       27.2274401     -21.43388563     0.5994212105
v      27.31696502     -21.42699534     0.6028415619
v      27.41146501     -21.42158657     0.6055177851
v      27.50611267     -21.41861538      0.606972566
v      27.59600302     -21.41848822     0.6070040049
v      27.67715877     -21.42032224     0.6060558917
v      27.74717122     -21.42318047     0.6045985854
v      27.80525829     -21.42628629     0.6030215033
v      27.85190899       -21.429284     0.6015026991
v      27.88840546     -21.43197829     0.6001395742
v      27.91636859     -21.43436434      0.598933958
v         27.93746     -21.43635738     0.5979277394
v      27.95316938      -21.4380532     0.5970723769
v      27.95328786     -21.43936435     0.5964153586
v      27.97962661      -21.4997464     0.7634981764
v      27.97974046      -21.5009692     0.7630531127
v       27.9798543       -21.502192     0.7626080489
v      27.96574016     -21.50116949     0.7629802113
v      27.94677751     -21.50057506     0.7631965684
v      27.92165605     -21.50121184     0.7629647985
v      27.88903686     -21.50405485     0.7619300259
v      27.84779813     -21.51073758     0.7594977145
v      27.79709108     -21.52187711     0.7554432558
v      27.73654039     -21.53727567     0.7498386371
v      27.66659245     -21.55579589     0.7430978299
v      27.58860321     -21.57444646      0.736309578
v      27.50531077     -21.58936359     0.7308801852
v      27.42119743     -21.59947371     0.7272004046
v      27.34104293     -21.60623614     0.7247390796
v       27.2684926      -21.6101225     0.7233245611
v      27.20578426     -21.61163779     0.7227730395
v      27.15371093     -21.61113233     0.7229570106
v      27.11192288     -21.60894789     0.7237520851
v      27.07940963     -21.60516665     0.7251283404
v      27.05509659     -21.59928268     0.7272699316
v      27.03901998     -21.59002082     0.7306409721
v      27.03328718     -21.57804015     0.7350015823
v      27.03670789     -21.56532352     0.7396300539
v      27.05079258      -21.5535836     0.7439030355
v      27.07356488      -21.5437524     0.7474813008
v      27.10485831     -21.53480974     0.7507361615
v      27.14560841      -21.5261294     0.7538955494
v      27.19674534     -21.51728934     0.7571130662
v      27.25868456     -21.50858065     0.7602827695
v       27.3307212     -21.50045704     0.7632395237
v      27.41069622     -21.49315573     0.7658969822
v      27.49512692     -21.48718911     0.7680686554
v       27.5797044     -21.48349651     0.7694126502
v      27.66004707     -21.48250499     0.7697735335
v      27.73259472     -21.48342905     0.7694372064
v      27.79518876     -21.48541738     0.7687135109
v      27.84712549     -21.48775263     0.7678635491
v      27.88883978     -21.49009801     0.7670099029
v      27.92147646     -21.49225874     0.7662234617
v      27.94648421     -21.49421459      0.765511589
v      27.96534767     -21.49587029     0.7649089656
v      27.97939891     -21.49730079     0.7643883039
v      27.97951276     -21.49852359     0.7639432401
v      27.97968353      -21.5003578     0.7632756445
v      27.96564204     -21.49984469     0.7634623999
v      27.94670419     -21.49898494     0.7637753236
v      27.92161115     -21.49897356     0.7637794643
v      27.88898759     -21.50056564     0.7631999952
v      27.84762997     -21.50499134     0.7615891731
v       27.7966155     -21.51276218     0.7587608196
v      27.73555397     -21.52381402     0.7547382794
v       27.6649561     -21.53747316     0.7497667558
v      27.58637851     -21.55170897     0.7445853461
v      27.50276481     -21.56381997     0.7401773027
v      27.41857213     -21.57289421      0.736874549
v       27.3384625     -21.57979136     0.7343641906
v      27.26604059     -21.58473704     0.7325641132
v      27.20352453     -21.58805068     0.7313580462
v       27.1516853      -21.5898816     0.7306916453
v      27.11015673     -21.59041335     0.7304981042
v      27.07794844     -21.58981309     0.7307165805
v      27.05402059     -21.58785791     0.7314282076
v      27.03844196      -21.5838465     0.7328882426
v      27.03728591     -21.57149785     0.7373827835
v      27.05186858     -21.56500837     0.7397447595
v      27.07502607     -21.55910596     0.7418930607
v      27.10662445     -21.55334428     0.7439901424
v      27.14763404     -21.54738013     0.7461609147
v      27.19900507     -21.54087645     0.7485280595
v      27.26113657     -21.53396612     0.7510432174
v      27.33330163     -21.52690181     0.7536144127
v      27.41332152     -21.51973523     0.7562228378
v      27.49767289     -21.51273273     0.7587715378
v       27.5819291       -21.506234     0.7611368822
v      27.66168342     -21.50082772     0.7631046076
v      27.73358114      -21.4968907      0.764537564
v      27.79566434     -21.49453231     0.7653959471
v      27.84729365     -21.49349887     0.7657720904
v      27.88888905     -21.49358722     0.7657399336
v      27.92152136     -21.49449701     0.7654087959
v      27.94655753     -21.49580471     0.7649328338
v       27.9654458     -21.49719509      0.764426777
v      27.97956969       -21.499135     0.7637207083
v      27.96554392     -21.49851989     0.7639445885
v      27.94663086     -21.49739482     0.7643540787
v      27.92156625     -21.49673529     0.7645941301
v      27.88893832     -21.49707643     0.7644699644
v      27.84746181      -21.4992451     0.7636806318
v      27.79613992     -21.50364725     0.7620783834
v      27.73456755     -21.51035236     0.7596379217
v      27.66331976     -21.51915044     0.7564356817
v      27.58415381     -21.52897149     0.7528611141
v      27.50021885     -21.53827635     0.7494744203
v      27.41594682     -21.54631472     0.7465486934
v      27.33588207     -21.55334659     0.7439893017
v      27.26358858     -21.55935158     0.7418036653
v       27.2012648     -21.56446357     0.7399430528
v      27.14965967     -21.56863087       0.73842628
v      27.10839059     -21.57187881     0.7372441233
v      27.07648726     -21.57445953     0.7363048206
v      27.05294458     -21.57643314     0.7355864836
v      27.03786394     -21.57767217      0.735135513
v      25.20121259      7.067025881             -0.2
v      25.20121259      7.053355426    -0.2633798102
v             25.1              6.9             -0.2
v      25.20121259      7.016652511    -0.3166525105
v      25.20121259       6.96337981    -0.3533554259
v      25.20121259              6.9     -0.367025881
v      25.20121259       6.83662019    -0.3533554259
v      25.20121259      6.783347489    -0.3166525105
v      25.20121259      6.746644574    -0.2633798102
v      25.20121259      6.732974119             -0.2
v      25.20121259      6.746644574    -0.1366201898
v      25.20121259      6.783347489   -0.08334748946
v      25.20121259       6.83662019   -0.04664457414
v      25.20121259              6.9     -0.032974119
v      25.20121259       6.96337981   -0.04664457414
v      25.20121259      7.016652511   -0.08334748946
v      25.20121259      7.053355426    -0.1366201898
v      25.28996424      7.299404116             -0.2
v      25.28996424      7.267393139    -0.3535946419
v      25.28996424      7.180757835    -0.4807578347
v      25.28996424      7.053594642    -0.5673931392
v      25.28996424              6.9    -0.5994041161
v      25.28996424      6.746405358    -0.5673931392
v      25.28996424      6.619242165    -0.4807578347
v      25.28996424      6.532606861    -0.3535946419
v      25.28996424      6.500595884             -0.2
v      25.28996424      6.532606861   -0.04640535809
v      25.28996424      6.619242165    0.08075783474
v      25.28996424      6.746405358     0.1673931392
v      25.28996424              6.9     0.1994041161
v      25.28996424      7.053594642     0.1673931392
v      25.28996424      7.180757835    0.08075783474
v      25.28996424      7.267393139   -0.04640535809
v       25.3881096      7.538269411             -0.2
v       25.3881096      7.487675814    -0.4471375921
v       25.3881096      7.350164036    -0.6501640357
v       25.3881096      7.147137592    -0.7876758142
v       25.3881096              6.9    -0.8382694107
v       25.3881096      6.652862408    -0.7876758142
v       25.3881096      6.449835964    -0.6501640357
v       25.3881096      6.312324186    -0.4471375921
v       25.3881096      6.261730589             -0.2
v       25.3881096      6.312324186     0.0471375921
v       25.3881096      6.449835964     0.2501640357
v       25.3881096      6.652862408     0.3876758142
v       25.3881096              6.9     0.4382694107
v       25.3881096      7.147137592     0.3876758142
v       25.3881096      7.350164036     0.2501640357
v       25.3881096      7.487675814     0.0471375921
v       25.5175033       7.72475647             -0.2
v       25.5175033      7.659766125    -0.5205017578
v       25.5175033      7.482719177    -0.7827191767
v       25.5175033      7.220501758    -0.9597661249
v       25.5175033              6.9      -1.02475647
v       25.5175033      6.579498242    -0.9597661249
v       25.5175033      6.317280823    -0.7827191767
v       25.5175033      6.140233875    -0.5205017578
v       25.5175033       6.07524353             -0.2
v       25.5175033      6.140233875     0.1205017578
v       25.5175033      6.317280823     0.3827191767
v       25.5175033      6.579498242     0.5597661249
v       25.5175033              6.9     0.6247564702
v       25.5175033      7.220501758     0.5597661249
v       25.5175033      7.482719177     0.3827191767
v       25.5175033      7.659766125     0.1205017578
v             25.7              7.8             -0.2
v             25.7      7.729226745    -0.5501802359
v             25.7      7.536271321    -0.8362713208
v             25.7      7.250180236     -1.029226745
v             25.7              6.9             -1.1
v             25.7      6.549819764     -1.029226745
v             25.7      6.263728679    -0.8362713208
v             25.7      6.070773255    -0.5501802359
v             25.7                6             -0.2
v             25.7      6.070773255     0.1501802359
v             25.7      6.263728679     0.4362713208
v             25.7      6.549819764     0.6292267453
v             25.7              6.9              0.7
v             25.7      7.250180236     0.6292267453
v             25.7      7.536271321     0.4362713208
v             25.7      7.729226745     0.1501802359
v      25.98148056           7.8364             -0.2
v      25.98148056       7.76276436     -0.564343081
v      25.98148056      7.562004961    -0.8620049609
v      25.98148056      7.264343081      -1.06276436
v      25.98148056              6.9          -1.1364
v      25.98148056      6.535656919      -1.06276436
v      25.98148056      6.237995039    -0.8620049609
v      25.98148056       6.03723564     -0.564343081
v      25.98148056           5.9636             -0.2
v      25.98148056       6.03723564      0.164343081
v      25.98148056      6.237995039     0.4620049609
v      25.98148056      6.535656919     0.6627643603
v      25.98148056              6.9           0.7364
v      25.98148056      7.264343081     0.6627643603
v      25.98148056      7.562004961     0.4620049609
v      25.98148056       7.76276436      0.164343081
v      26.36484199           7.9232             -0.2
v      26.36484199      7.842738673    -0.5981160193
v      26.36484199      7.623369795    -0.9233697949
v      26.36484199      7.298116019     -1.142738673
v      26.36484199              6.9          -1.2232
v      26.36484199      6.501883981     -1.142738673
v      26.36484199      6.176630205    -0.9233697949
v      26.36484199      5.957261327    -0.5981160193
v      26.36484199           5.8768             -0.2
v      26.36484199      5.957261327     0.1981160193
v      26.36484199      6.176630205     0.5233697949
v      26.36484199      6.501883981     0.7427386731
v      26.36484199              6.9           0.8232
v      26.36484199      7.298116019     0.7427386731
v      26.36484199      7.623369795     0.5233697949
v      26.36484199      7.842738673     0.1981160193
v      26.80746313           8.0268             -0.2
v      26.80746313      7.938191885    -0.6384256553
v      26.80746313      7.696611694    -0.9966116936
v      26.80746313      7.338425655     -1.238191885
v      26.80746313              6.9          -1.3268
v      26.80746313      6.461574345     -1.238191885
v      26.80746313      6.103388306    -0.9966116936
v      26.80746313      5.861808115    -0.6384256553
v      26.80746313           5.7732             -0.2
v      26.80746313      5.861808115     0.2384256553
v      26.80746313      6.103388306     0.5966116936
v      26.80746313      6.461574345     0.8381918851
v      26.80746313              6.9           0.9268
v      26.80746313      7.338425655     0.8381918851
v      26.80746313      7.696611694     0.5966116936
v      26.80746313      7.938191885     0.2384256553
v      27.26672285           8.1136             -0.2
v      27.26672285      8.018166198    -0.6721985936
v      27.26672285      7.757976528     -1.057976528
v      27.26672285      7.372198594     -1.318166198
v      27.26672285              6.9          -1.4136
v      27.26672285      6.427801406     -1.318166198
v      27.26672285      6.042023472     -1.057976528
v      27.26672285      5.781833802    -0.6721985936
v      27.26672285           5.6864             -0.2
v      27.26672285      5.781833802     0.2721985936
v      27.26672285      6.042023472     0.6579765276
v      27.26672285      6.427801406     0.9181661979
v      27.26672285              6.9           1.0136
v      27.26672285      7.372198594     0.9181661979
v      27.26672285      7.757976528     0.6579765276
v      27.26672285      8.018166198     0.2721985936
v             27.7             8.15             -0.2
v             27.7      8.051703813    -0.6863614387
v             27.7      7.783710168     -1.083710168
v             27.7      7.386361439     -1.351703813
v             27.7              6.9            -1.45
v             27.7      6.413638561     -1.351703813
v             27.7      6.016289832     -1.083710168
v             27.7      5.748296187    -0.6863614387
v             27.7             5.65             -0.2
v             27.7      5.748296187     0.2863614387
v             27.7      6.016289832     0.6837101677
v             27.7      6.413638561     0.9517038129
v             27.7              6.9             1.05
v             27.7      7.386361439     0.9517038129
v             27.7      7.783710168     0.6837101677
v             27.7      8.051703813     0.2863614387
v      28.16278636           8.1344             -0.2
v      28.16278636      8.037330549    -0.6802916479
v      28.16278636      7.772681465     -1.072681465
v      28.16278636      7.380291648     -1.337330549
v      28.16278636              6.9          -1.4344
v      28.16278636      6.419708352     -1.337330549
v      28.16278636      6.027318535     -1.072681465
v      28.16278636      5.762669451    -0.6802916479
v      28.16278636           5.6656             -0.2
v      28.16278636      5.762669451     0.2802916479
v      28.16278636      6.027318535     0.6726814648
v      28.16278636      6.419708352     0.9373305493
v      28.16278636              6.9           1.0344
v      28.16278636      7.380291648     0.9373305493
v      28.16278636      7.772681465     0.6726814648
v      28.16278636      8.037330549     0.2802916479
v      28.70506452           8.0972             -0.2
v      28.70506452      8.003055844    -0.6658175315
v      28.70506452       7.74638225      -1.04638225
v      28.70506452      7.365817532     -1.303055844
v      28.70506452              6.9          -1.3972
v      28.70506452      6.434182468     -1.303055844
v      28.70506452       6.05361775      -1.04638225
v      28.70506452      5.796944156    -0.6658175315
v      28.70506452           5.7028             -0.2
v      28.70506452      5.796944156     0.2658175315
v      28.70506452       6.05361775     0.6463822502
v      28.70506452      6.434182468     0.9030558438
v      28.70506452              6.9           0.9972
v      28.70506452      7.365817532     0.9030558438
v      28.70506452       7.74638225     0.6463822502
v      28.70506452      8.003055844     0.2658175315
v       29.2759495           8.0528             -0.2
v       29.2759495      7.962147324    -0.6485419732
v       29.2759495      7.714992865     -1.014992865
v       29.2759495      7.348541973     -1.262147324
v       29.2759495              6.9          -1.3528
v       29.2759495      6.451458027     -1.262147324
v       29.2759495      6.085007135     -1.014992865
v       29.2759495      5.837852676    -0.6485419732
v       29.2759495           5.7472             -0.2
v       29.2759495      5.837852676     0.2485419732
v       29.2759495      6.085007135     0.6149928651
v       29.2759495      6.451458027     0.8621473244
v       29.2759495              6.9           0.9528
v       29.2759495      7.348541973     0.8621473244
v       29.2759495      7.714992865     0.6149928651
v       29.2759495      7.962147324     0.2485419732
v      29.82455631           8.0156             -0.2
v      29.82455631      7.927872619    -0.6340678568
v      29.82455631       7.68869365    -0.9886936505
v      29.82455631      7.334067857     -1.227872619
v      29.82455631              6.9          -1.3156
v      29.82455631      6.465932143     -1.227872619
v      29.82455631       6.11130635    -0.9886936505
v      29.82455631      5.872127381    -0.6340678568
v      29.82455631           5.7844             -0.2
v      29.82455631      5.872127381     0.2340678568
v      29.82455631       6.11130635     0.5886936505
v      29.82455631      6.465932143     0.8278726189
v      29.82455631              6.9           0.9156
v      29.82455631      7.334067857     0.8278726189
v      29.82455631       7.68869365     0.5886936505
v      29.82455631      7.927872619     0.2340678568
v             30.3                8             -0.2
v             30.3      7.913499355    -0.6279980661
v             30.3      7.677664948    -0.9776649476
v             30.3      7.327998066     -1.213499355
v             30.3              6.9             -1.3
v             30.3      6.472001934     -1.213499355
v             30.3      6.122335052    -0.9776649476
v             30.3      5.886500645    -0.6279980661
v             30.3              5.8             -0.2
v             30.3      5.886500645     0.2279980661
v             30.3      6.122335052     0.5776649476
v             30.3      6.472001934     0.8134993554
v             30.3              6.9              0.9
v             30.3      7.327998066     0.8134993554
v             30.3      7.677664948     0.5776649476
v             30.3      7.913499355     0.2279980661
v      30.72141685      7.921399441             -0.2
v      30.72141685      7.840818349    -0.5966313746
v      30.72141685      7.621399909     -0.921399909
v      30.72141685      7.296631375     -1.140818349
v      30.72141685              6.9     -1.221399441
v      30.72141685      6.503368625     -1.140818349
v      30.72141685      6.178600091     -0.921399909
v      30.72141685      5.959181651    -0.5966313746
v      30.72141685      5.878600559             -0.2
v      30.72141685      5.959181651     0.1966313746
v      30.72141685      6.178600091      0.521399909
v      30.72141685      6.503368625     0.7408183492
v      30.72141685              6.9     0.8213994413
v      30.72141685      7.296631375     0.7408183492
v      30.72141685      7.621399909      0.521399909
v      30.72141685      7.840818349     0.1966313746
v      31.12997001      7.720198324             -0.2
v      31.12997001      7.654916363    -0.5167780689
v      31.12997001      7.477763234    -0.7777632338
v      31.12997001      7.216778069    -0.9549163628
v      31.12997001              6.9     -1.020198324
v      31.12997001      6.583221931    -0.9549163628
v      31.12997001      6.322236766    -0.7777632338
v      31.12997001      6.145083637    -0.5167780689
v      31.12997001      6.079801676             -0.2
v      31.12997001      6.145083637     0.1167780689
v      31.12997001      6.322236766     0.3777632338
v      31.12997001      6.583221931     0.5549163628
v      31.12997001              6.9      0.620198324
v      31.12997001      7.216778069     0.5549163628
v      31.12997001      7.477763234     0.3777632338
v      31.12997001      7.654916363     0.1167780689
v      31.50781474      7.448297486             -0.2
v      31.50781474      7.404004944    -0.4098083024
v      31.50781474      7.284492583    -0.5844925832
v      31.50781474      7.109808302    -0.7040049439
v      31.50781474              6.9     -0.748297486
v      31.50781474      6.690191698    -0.7040049439
v      31.50781474      6.515507417    -0.5844925832
v      31.50781474      6.395995056    -0.4098083024
v      31.50781474      6.351702514             -0.2
v      31.50781474      6.395995056   0.009808302397
v      31.50781474      6.515507417     0.1844925832
v      31.50781474      6.690191698     0.3040049439
v      31.50781474              6.9      0.348297486
v      31.50781474      7.109808302     0.3040049439
v      31.50781474      7.284492583     0.1844925832
v      31.50781474      7.404004944   0.009808302397
v      31.83710631      7.157597765             -0.2
v      31.83710631       7.13629564    -0.2970922283
v      31.83710631      7.079325618    -0.3793256182
v      31.83710631      6.997092228    -0.4362956403
v      31.83710631              6.9    -0.4575977653
v      31.83710631      6.802907772    -0.4362956403
v      31.83710631      6.720674382    -0.3793256182
v      31.83710631       6.66370436    -0.2970922283
v      31.83710631      6.642402235             -0.2
v      31.83710631       6.66370436    -0.1029077717
v      31.83710631      6.720674382   -0.02067438177
v      31.83710631      6.802907772    0.03629564034
v      31.83710631              6.9    0.05759776535
v      31.83710631      6.997092228    0.03629564034
v      31.83710631      7.079325618   -0.02067438177
v      31.83710631       7.13629564    -0.1029077717
v             32.1              6.9             -0.2
v      25.20121259     -7.067025881             -0.2
v             25.1             -6.9             -0.2
v      25.20121259     -7.053355426    -0.2633798102
v      25.20121259     -7.016652511    -0.3166525105
v      25.20121259      -6.96337981    -0.3533554259
v      25.20121259             -6.9     -0.367025881
v      25.20121259      -6.83662019    -0.3533554259
v      25.20121259     -6.783347489    -0.3166525105
v      25.20121259     -6.746644574    -0.2633798102
v      25.20121259     -6.732974119             -0.2
v      25.20121259     -6.746644574    -0.1366201898
v      25.20121259     -6.783347489   -0.08334748946
v      25.20121259      -6.83662019   -0.04664457414
v      25.20121259             -6.9     -0.032974119
v      25.20121259      -6.96337981   -0.04664457414
v      25.20121259     -7.016652511   -0.08334748946
v      25.20121259     -7.053355426    -0.1366201898
v      25.28996424     -7.299404116             -0.2
v      25.28996424     -7.267393139    -0.3535946419
v      25.28996424     -7.180757835    -0.4807578347
v      25.28996424     -7.053594642    -0.5673931392
v      25.28996424             -6.9    -0.5994041161
v      25.28996424     -6.746405358    -0.5673931392
v      25.28996424     -6.619242165    -0.4807578347
v      25.28996424     -6.532606861    -0.3535946419
v      25.28996424     -6.500595884             -0.2
v      25.28996424     -6.532606861   -0.04640535809
v      25.28996424     -6.619242165    0.08075783474
v      25.28996424     -6.746405358     0.1673931392
v      25.28996424             -6.9     0.1994041161
v      25.28996424     -7.053594642     0.1673931392
v      25.28996424     -7.180757835    0.08075783474
v      25.28996424     -7.267393139   -0.04640535809
v       25.3881096     -7.538269411             -0.2
v       25.3881096     -7.487675814    -0.4471375921
v       25.3881096     -7.350164036    -0.6501640357
v       25.3881096     -7.147137592    -0.7876758142
v       25.3881096             -6.9    -0.8382694107
v       25.3881096     -6.652862408    -0.7876758142
v       25.3881096     -6.449835964    -0.6501640357
v       25.3881096     -6.312324186    -0.4471375921
v       25.3881096     -6.261730589             -0.2
v       25.3881096     -6.312324186     0.0471375921
v       25.3881096     -6.449835964     0.2501640357
v       25.3881096     -6.652862408     0.3876758142
v       25.3881096             -6.9     0.4382694107
v       25.3881096     -7.147137592     0.3876758142
v       25.3881096     -7.350164036     0.2501640357
v       25.3881096     -7.487675814     0.0471375921
v       25.5175033      -7.72475647             -0.2
v       25.5175033     -7.659766125    -0.5205017578
v       25.5175033     -7.482719177    -0.7827191767
v       25.5175033     -7.220501758    -0.9597661249
v       25.5175033             -6.9      -1.02475647
v       25.5175033     -6.579498242    -0.9597661249
v       25.5175033     -6.317280823    -0.7827191767
v       25.5175033     -6.140233875    -0.5205017578
v       25.5175033      -6.07524353             -0.2
v       25.5175033     -6.140233875     0.1205017578
v       25.5175033     -6.317280823     0.3827191767
v       25.5175033     -6.579498242     0.5597661249
v       25.5175033             -6.9     0.6247564702
v       25.5175033     -7.220501758     0.5597661249
v       25.5175033     -7.482719177     0.3827191767
v       25.5175033     -7.659766125     0.1205017578
v             25.7             -7.8             -0.2
v             25.7     -7.729226745    -0.5501802359
v             25.7     -7.536271321    -0.8362713208
v             25.7     -7.250180236     -1.029226745
v             25.7             -6.9             -1.1
v             25.7     -6.549819764     -1.029226745
v             25.7     -6.263728679    -0.8362713208
v             25.7     -6.070773255    -0.5501802359
v             25.7               -6             -0.2
v             25.7     -6.070773255     0.1501802359
v             25.7     -6.263728679     0.4362713208
v             25.7     -6.549819764     0.6292267453
v             25.7             -6.9              0.7
v             25.7     -7.250180236     0.6292267453
v             25.7     -7.536271321     0.4362713208
v             25.7     -7.729226745     0.1501802359
v      25.98148056          -7.8364             -0.2
v      25.98148056      -7.76276436     -0.564343081
v      25.98148056     -7.562004961    -0.8620049609
v      25.98148056     -7.264343081      -1.06276436
v      25.98148056             -6.9          -1.1364
v      25.98148056     -6.535656919      -1.06276436
v      25.98148056     -6.237995039    -0.8620049609
v      25.98148056      -6.03723564     -0.564343081
v      25.98148056          -5.9636             -0.2
v      25.98148056      -6.03723564      0.164343081
v      25.98148056     -6.237995039     0.4620049609
v      25.98148056     -6.535656919     0.6627643603
v      25.98148056             -6.9           0.7364
v      25.98148056     -7.264343081     0.6627643603
v      25.98148056     -7.562004961     0.4620049609
v      25.98148056      -7.76276436      0.164343081
v      26.36484199          -7.9232             -0.2
v      26.36484199     -7.842738673    -0.5981160193
v      26.36484199     -7.623369795    -0.9233697949
v      26.36484199     -7.298116019     -1.142738673
v      26.36484199             -6.9          -1.2232
v      26.36484199     -6.501883981     -1.142738673
v      26.36484199     -6.176630205    -0.9233697949
v      26.36484199     -5.957261327    -0.5981160193
v      26.36484199          -5.8768             -0.2
v      26.36484199     -5.957261327     0.1981160193
v      26.36484199     -6.176630205     0.5233697949
v      26.36484199     -6.501883981     0.7427386731
v      26.36484199             -6.9           0.8232
v      26.36484199     -7.298116019     0.7427386731
v      26.36484199     -7.623369795     0.5233697949
v      26.36484199     -7.842738673     0.1981160193
v      26.80746313          -8.0268             -0.2
v      26.80746313     -7.938191885    -0.6384256553
v      26.80746313     -7.696611694    -0.9966116936
v      26.80746313     -7.338425655     -1.238191885
v      26.80746313             -6.9          -1.3268
v      26.80746313     -6.461574345     -1.238191885
v      26.80746313     -6.103388306    -0.9966116936
v      26.80746313     -5.861808115    -0.6384256553
v      26.80746313          -5.7732             -0.2
v      26.80746313     -5.861808115     0.2384256553
v      26.80746313     -6.103388306     0.5966116936
v      26.80746313     -6.461574345     0.8381918851
v      26.80746313             -6.9           0.9268
v      26.80746313     -7.338425655     0.8381918851
v      26.80746313     -7.696611694     0.5966116936
v      26.80746313     -7.938191885     0.2384256553
v      27.26672285          -8.1136             -0.2
v      27.26672285     -8.018166198    -0.6721985936
v      27.26672285     -7.757976528     -1.057976528
v      27.26672285     -7.372198594     -1.318166198
v      27.26672285             -6.9          -1.4136
v      27.26672285     -6.427801406     -1.318166198
v      27.26672285     -6.042023472     -1.057976528
v      27.26672285     -5.781833802    -0.6721985936
v      27.26672285          -5.6864             -0.2
v      27.26672285     -5.781833802     0.2721985936
v      27.26672285     -6.042023472     0.6579765276
v      27.26672285     -6.427801406     0.9181661979
v      27.26672285             -6.9           1.0136
v      27.26672285     -7.372198594     0.9181661979
v      27.26672285     -7.757976528     0.6579765276
v      27.26672285     -8.018166198     0.2721985936
v             27.7            -8.15             -0.2
v             27.7     -8.051703813    -0.6863614387
v             27.7     -7.783710168     -1.083710168
v             27.7     -7.386361439     -1.351703813
v             27.7             -6.9            -1.45
v             27.7     -6.413638561     -1.351703813
v             27.7     -6.016289832     -1.083710168
v             27.7     -5.748296187    -0.6863614387
v             27.7            -5.65             -0.2
v             27.7     -5.748296187     0.2863614387
v             27.7     -6.016289832     0.6837101677
v             27.7     -6.413638561     0.9517038129
v             27.7             -6.9             1.05
v             27.7     -7.386361439     0.9517038129
v             27.7     -7.783710168     0.6837101677
v             27.7     -8.051703813     0.2863614387
v      28.16278636     -8.037330549    -0.6802916479
v      28.16278636          -8.1344             -0.2
v      28.16278636     -7.772681465     -1.072681465
v      28.16278636     -7.380291648     -1.337330549
v      28.16278636             -6.9          -1.4344
v      28.16278636     -6.419708352     -1.337330549
v      28.16278636     -6.027318535     -1.072681465
v      28.16278636     -5.762669451    -0.6802916479
v      28.16278636          -5.6656             -0.2
v      28.16278636     -5.762669451     0.2802916479
v      28.16278636     -6.027318535     0.6726814648
v      28.16278636     -6.419708352     0.9373305493
v      28.16278636             -6.9           1.0344
v      28.16278636     -7.380291648     0.9373305493
v      28.16278636     -7.772681465     0.6726814648
v      28.16278636     -8.037330549     0.2802916479
v      28.70506452     -8.003055844    -0.6658175315
v      28.70506452          -8.0972             -0.2
v      28.70506452      -7.74638225      -1.04638225
v      28.70506452     -7.365817532     -1.303055844
v      28.70506452             -6.9          -1.3972
v      28.70506452     -6.434182468     -1.303055844
v      28.70506452      -6.05361775      -1.04638225
v      28.70506452     -5.796944156    -0.6658175315
v      28.70506452          -5.7028             -0.2
v      28.70506452     -5.796944156     0.2658175315
v      28.70506452      -6.05361775     0.6463822502
v      28.70506452     -6.434182468     0.9030558438
v      28.70506452             -6.9           0.9972
v      28.70506452     -7.365817532     0.9030558438
v      28.70506452      -7.74638225     0.6463822502
v      28.70506452     -8.003055844     0.2658175315
v       29.2759495     -7.962147324    -0.6485419732
v       29.2759495          -8.0528             -0.2
v       29.2759495     -7.714992865     -1.014992865
v       29.2759495     -7.348541973     -1.262147324
v       29.2759495             -6.9          -1.3528
v       29.2759495     -6.451458027     -1.262147324
v       29.2759495     -6.085007135     -1.014992865
v       29.2759495     -5.837852676    -0.6485419732
v       29.2759495          -5.7472             -0.2
v       29.2759495     -5.837852676     0.2485419732
v       29.2759495     -6.085007135     0.6149928651
v       29.2759495     -6.451458027     0.8621473244
v       29.2759495             -6.9           0.9528
v       29.2759495     -7.348541973     0.8621473244
v       29.2759495     -7.714992865     0.6149928651
v       29.2759495     -7.962147324     0.2485419732
v      29.82455631     -7.927872619    -0.6340678568
v      29.82455631          -8.0156             -0.2
v      29.82455631      -7.68869365    -0.9886936505
v      29.82455631     -7.334067857     -1.227872619
v      29.82455631             -6.9          -1.3156
v      29.82455631     -6.465932143     -1.227872619
v      29.82455631      -6.11130635    -0.9886936505
v      29.82455631     -5.872127381    -0.6340678568
v      29.82455631          -5.7844             -0.2
v      29.82455631     -5.872127381     0.2340678568
v      29.82455631      -6.11130635     0.5886936505
v      29.82455631     -6.465932143     0.8278726189
v      29.82455631             -6.9           0.9156
v      29.82455631     -7.334067857     0.8278726189
v      29.82455631      -7.68869365     0.5886936505
v      29.82455631     -7.927872619     0.2340678568
v             30.3     -7.913499355    -0.6279980661
v             30.3               -8             -0.2
v             30.3     -7.677664948    -0.9776649476
v             30.3     -7.327998066     -1.213499355
v             30.3             -6.9             -1.3
v             30.3     -6.472001934     -1.213499355
v             30.3     -6.122335052    -0.9776649476
v             30.3     -5.886500645    -0.6279980661
v             30.3             -5.8             -0.2
v             30.3     -5.886500645     0.2279980661
v             30.3     -6.122335052     0.5776649476
v             30.3     -6.472001934     0.8134993554
v             30.3             -6.9              0.9
v             30.3     -7.327998066     0.8134993554
v             30.3     -7.677664948     0.5776649476
v             30.3     -7.913499355     0.2279980661
v      30.72141685     -7.840818349    -0.5966313746
v      30.72141685     -7.921399441             -0.2
v      30.72141685     -7.621399909     -0.921399909
v      30.72141685     -7.296631375     -1.140818349
v      30.72141685             -6.9     -1.221399441
v      30.72141685     -6.503368625     -1.140818349
v      30.72141685     -6.178600091     -0.921399909
v      30.72141685     -5.959181651    -0.5966313746
v      30.72141685     -5.878600559             -0.2
v      30.72141685     -5.959181651     0.1966313746
v      30.72141685     -6.178600091      0.521399909
v      30.72141685     -6.503368625     0.7408183492
v      30.72141685             -6.9     0.8213994413
v      30.72141685     -7.296631375     0.7408183492
v      30.72141685     -7.621399909      0.521399909
v      30.72141685     -7.840818349     0.1966313746
v      31.12997001     -7.654916363    -0.5167780689
v      31.12997001     -7.720198324             -0.2
v      31.12997001     -7.477763234    -0.7777632338
v      31.12997001     -7.216778069    -0.9549163628
v      31.12997001             -6.9     -1.020198324
v      31.12997001     -6.583221931    -0.9549163628
v      31.12997001     -6.322236766    -0.7777632338
v      31.12997001     -6.145083637    -0.5167780689
v      31.12997001     -6.079801676             -0.2
v      31.12997001     -6.145083637     0.1167780689
v      31.12997001     -6.322236766     0.3777632338
v      31.12997001     -6.583221931     0.5549163628
v      31.12997001             -6.9      0.620198324
v      31.12997001     -7.216778069     0.5549163628
v      31.12997001     -7.477763234     0.3777632338
v      31.12997001     -7.654916363     0.1167780689
v      31.50781474     -7.404004944    -0.4098083024
v      31.50781474     -7.448297486             -0.2
v      31.50781474     -7.284492583    -0.5844925832
v      31.50781474     -7.109808302    -0.7040049439
v      31.50781474             -6.9     -0.748297486
v      31.50781474     -6.690191698    -0.7040049439
v      31.50781474     -6.515507417    -0.5844925832
v      31.50781474     -6.395995056    -0.4098083024
v      31.50781474     -6.351702514             -0.2
v      31.50781474     -6.395995056   0.009808302397
v      31.50781474     -6.515507417     0.1844925832
v      31.50781474     -6.690191698     0.3040049439
v      31.50781474             -6.9      0.348297486
v      31.50781474     -7.109808302     0.3040049439
v      31.50781474     -7.284492583     0.1844925832
v      31.50781474     -7.404004944   0.009808302397
v      31.83710631      -7.13629564    -0.2970922283
v      31.83710631     -7.157597765             -0.2
v      31.83710631     -7.079325618    -0.3793256182
v      31.83710631     -6.997092228    -0.4362956403
v      31.83710631             -6.9    -0.4575977653
v      31.83710631     -6.802907772    -0.4362956403
v      31.83710631     -6.720674382    -0.3793256182
v      31.83710631      -6.66370436    -0.2970922283
v      31.83710631     -6.642402235             -0.2
v      31.83710631      -6.66370436    -0.1029077717
v      31.83710631     -6.720674382   -0.02067438177
v      31.83710631     -6.802907772    0.03629564034
v      31.83710631             -6.9    0.05759776535
v      31.83710631     -6.997092228    0.03629564034
v      31.83710631     -7.079325618   -0.02067438177
v      31.83710631      -7.13629564    -0.1029077717
v             32.1             -6.9             -0.2
v             29.4              6.9            -2.05
v      29.33890587              6.9            -2.05
v      29.33890587      6.903536713            -2.05
v      29.25108603              6.9            -2.05
v      29.25108603      6.908499814            -2.05
v      29.12745064              6.9            -2.05
v      29.12745064      6.915252459            -2.05
v      28.95840433              6.9            -2.05
v      28.95840433      6.924059344            -2.05
v      28.73627463              6.9            -2.05
v      28.73627463      6.934905435            -2.05
v      28.45915408              6.9            -2.05
v      28.45915408      6.947257826            -2.05
v      28.13496353              6.9            -2.05
v      28.13496353      6.959880461            -2.05
v      27.78303971              6.9            -2.05
v      27.78303971      6.970862839            -2.05
v      27.43072944      6.978064455            -2.05
v      27.43072944              6.9            -2.05
v      27.10559152      6.979934482            -2.05
v      27.10559152              6.9            -2.05
v      26.82749312      6.976177815            -2.05
v      26.82749312              6.9            -2.05
v      26.60498508      6.967663259            -2.05
v      26.60498508              6.9            -2.05
v      26.43675082      6.955716262            -2.05
v      26.43675082              6.9            -2.05
v      26.31586848      6.941243256            -2.05
v      26.31586848              6.9            -2.05
v      26.23496541      6.923759281            -2.05
v      26.23496541              6.9            -2.05
v             26.2              6.9            -2.05
v      26.23496541      6.876240719            -2.05
v      26.31586848      6.858756744            -2.05
v      26.43675082      6.844283738            -2.05
v      26.60498508      6.832336741            -2.05
v      26.82749312      6.823822185            -2.05
v      27.10559152      6.820065518            -2.05
v      27.43072944      6.821935545            -2.05
v      27.78303971      6.829137161            -2.05
v      28.13496353      6.840119539            -2.05
v      28.45915408      6.852742174            -2.05
v      28.73627463      6.865094565            -2.05
v      28.95840433      6.875940656            -2.05
v      29.12745064      6.884747541            -2.05
v      29.25108603      6.891500186            -2.05
v      29.33890587      6.896463287            -2.05
v      29.33890587      6.907073426            -2.05
v      29.25108603      6.916999628            -2.05
v      29.12745064      6.930504918            -2.05
v      28.95840433      6.948118687            -2.05
v      28.73627463      6.969810871            -2.05
v      28.45915408      6.994515651            -2.05
v      28.13496353      7.019760921            -2.05
v      27.78303971      7.041725679            -2.05
v      27.43072944      7.056128909            -2.05
v      27.10559152      7.059868963            -2.05
v      26.82749312       7.05235563            -2.05
v      26.60498508      7.035326517            -2.05
v      26.43675082      7.011432524            -2.05
v      26.31586848      6.982486512            -2.05
v      26.23496541      6.947518561            -2.05
v      26.23496541      6.852481439            -2.05
v      26.31586848      6.817513488            -2.05
v      26.43675082      6.788567476            -2.05
v      26.60498508      6.764673483            -2.05
v      26.82749312       6.74764437            -2.05
v      27.10559152      6.740131037            -2.05
v      27.43072944      6.743871091            -2.05
v      27.78303971      6.758274321            -2.05
v      28.13496353      6.780239079            -2.05
v      28.45915408      6.805484349            -2.05
v      28.73627463      6.830189129            -2.05
v      28.95840433      6.851881313            -2.05
v      29.12745064      6.869495082            -2.05
v      29.25108603      6.883000372            -2.05
v      29.33890587      6.892926574            -2.05
v             29.4              6.9            -1.67
v      29.33890587      6.907073426            -1.67
v      29.25108603      6.916999628            -1.67
v      29.12745064      6.930504918            -1.67
v      28.95840433      6.948118687            -1.67
v      28.73627463      6.969810871            -1.67
v      28.45915408      6.994515651            -1.67
v      28.13496353      7.019760921            -1.67
v      27.78303971      7.041725679            -1.67
v      27.43072944      7.056128909            -1.67
v      27.10559152      7.059868963            -1.67
v      26.82749312       7.05235563            -1.67
v      26.60498508      7.035326517            -1.67
v      26.43675082      7.011432524            -1.67
v      26.31586848      6.982486512            -1.67
v      26.23496541      6.947518561            -1.67
v             26.2              6.9            -1.67
v      26.23496541      6.852481439            -1.67
v      26.31586848      6.817513488            -1.67
v      26.43675082      6.788567476            -1.67
v      26.60498508      6.764673483            -1.67
v      26.82749312       6.74764437            -1.67
v      27.10559152      6.740131037            -1.67
v      27.43072944      6.743871091            -1.67
v      27.78303971      6.758274321            -1.67
v      28.13496353      6.780239079            -1.67
v      28.45915408      6.805484349            -1.67
v      28.73627463      6.830189129            -1.67
v      28.95840433      6.851881313            -1.67
v      29.12745064      6.869495082            -1.67
v      29.25108603      6.883000372            -1.67
v      29.33890587      6.892926574            -1.67
v             29.4              6.9            -1.29
v      29.33890587      6.907073426            -1.29
v      29.25108603      6.916999628            -1.29
v      29.12745064      6.930504918            -1.29
v      28.95840433      6.948118687            -1.29
v      28.73627463      6.969810871            -1.29
v      28.45915408      6.994515651            -1.29
v      28.13496353      7.019760921            -1.29
v      27.78303971      7.041725679            -1.29
v      27.43072944      7.056128909            -1.29
v      27.10559152      7.059868963            -1.29
v      26.82749312       7.05235563            -1.29
v      26.60498508      7.035326517            -1.29
v      26.43675082      7.011432524            -1.29
v      26.31586848      6.982486512            -1.29
v      26.23496541      6.947518561            -1.29
v             26.2              6.9            -1.29
v      26.23496541      6.852481439            -1.29
v      26.31586848      6.817513488            -1.29
v      26.43675082      6.788567476            -1.29
v      26.60498508      6.764673483            -1.29
v      26.82749312       6.74764437            -1.29
v      27.10559152      6.740131037            -1.29
v      27.43072944      6.743871091            -1.29
v      27.78303971      6.758274321            -1.29
v      28.13496353      6.780239079            -1.29
v      28.45915408      6.805484349            -1.29
v      28.73627463      6.830189129            -1.29
v      28.95840433      6.851881313            -1.29
v      29.12745064      6.869495082            -1.29
v      29.25108603      6.883000372            -1.29
v      29.33890587      6.892926574            -1.29
v             29.4              6.9            -0.91
v      29.33890587      6.907073426            -0.91
v      29.25108603      6.916999628            -0.91
v      29.12745064      6.930504918            -0.91
v      28.95840433      6.948118687            -0.91
v      28.73627463      6.969810871            -0.91
v      28.45915408      6.994515651            -0.91
v      28.13496353      7.019760921            -0.91
v      27.78303971      7.041725679            -0.91
v      27.43072944      7.056128909            -0.91
v      27.10559152      7.059868963            -0.91
v      26.82749312       7.05235563            -0.91
v      26.60498508      7.035326517            -0.91
v      26.43675082      7.011432524            -0.91
v      26.31586848      6.982486512            -0.91
v      26.23496541      6.947518561            -0.91
v             26.2              6.9            -0.91
v      26.23496541      6.852481439            -0.91
v      26.31586848      6.817513488            -0.91
v      26.43675082      6.788567476            -0.91
v      26.60498508      6.764673483            -0.91
v      26.82749312       6.74764437            -0.91
v      27.10559152      6.740131037            -0.91
v      27.43072944      6.743871091            -0.91
v      27.78303971      6.758274321            -0.91
v      28.13496353      6.780239079            -0.91
v      28.45915408      6.805484349            -0.91
v      28.73627463      6.830189129            -0.91
v      28.95840433      6.851881313            -0.91
v      29.12745064      6.869495082            -0.91
v      29.25108603      6.883000372            -0.91
v      29.33890587      6.892926574            -0.91
v      29.33890587      6.907073426            -0.53
v             29.4              6.9            -0.53
v      29.25108603      6.916999628            -0.53
v      29.12745064      6.930504918            -0.53
v      28.95840433      6.948118687            -0.53
v      28.73627463      6.969810871            -0.53
v      28.45915408      6.994515651            -0.53
v      28.13496353      7.019760921            -0.53
v      27.78303971      7.041725679            -0.53
v      27.43072944      7.056128909            -0.53
v      27.10559152      7.059868963            -0.53
v      26.82749312       7.05235563            -0.53
v      26.60498508      7.035326517            -0.53
v      26.43675082      7.011432524            -0.53
v      26.31586848      6.982486512            -0.53
v      26.23496541      6.947518561            -0.53
v             26.2              6.9            -0.53
v      26.23496541      6.852481439            -0.53
v      26.31586848      6.817513488            -0.53
v      26.43675082      6.788567476            -0.53
v      26.60498508      6.764673483            -0.53
v      26.82749312       6.74764437            -0.53
v      27.10559152      6.740131037            -0.53
v      27.43072944      6.743871091            -0.53
v      27.78303971      6.758274321            -0.53
v      28.13496353      6.780239079            -0.53
v      28.45915408      6.805484349            -0.53
v      28.73627463      6.830189129            -0.53
v      28.95840433      6.851881313            -0.53
v      29.12745064      6.869495082            -0.53
v      29.25108603      6.883000372            -0.53
v      29.33890587      6.892926574            -0.53
v      29.33890587      6.907073426            -0.15
v             29.4              6.9            -0.15
v      29.25108603      6.916999628            -0.15
v      29.12745064      6.930504918            -0.15
v      28.95840433      6.948118687            -0.15
v      28.73627463      6.969810871            -0.15
v      28.45915408      6.994515651            -0.15
v      28.13496353      7.019760921            -0.15
v      27.78303971      7.041725679            -0.15
v      27.43072944      7.056128909            -0.15
v      27.10559152      7.059868963            -0.15
v      26.82749312       7.05235563            -0.15
v      26.60498508      7.035326517            -0.15
v      26.43675082      7.011432524            -0.15
v      26.31586848      6.982486512            -0.15
v      26.23496541      6.947518561            -0.15
v             26.2              6.9            -0.15
v      26.23496541      6.852481439            -0.15
v      26.31586848      6.817513488            -0.15
v      26.43675082      6.788567476            -0.15
v      26.60498508      6.764673483            -0.15
v      26.82749312       6.74764437            -0.15
v      27.10559152      6.740131037            -0.15
v      27.43072944      6.743871091            -0.15
v      27.78303971      6.758274321            -0.15
v      28.13496353      6.780239079            -0.15
v      28.45915408      6.805484349            -0.15
v      28.73627463      6.830189129            -0.15
v      28.95840433      6.851881313            -0.15
v      29.12745064      6.869495082            -0.15
v      29.25108603      6.883000372            -0.15
v      29.33890587      6.892926574            -0.15
v      29.33890587      6.903536713            -0.15
v      29.25108603      6.908499814            -0.15
v      29.12745064      6.915252459            -0.15
v      28.95840433      6.924059344            -0.15
v      28.73627463      6.934905435            -0.15
v      28.45915408      6.947257826            -0.15
v      28.13496353      6.959880461            -0.15
v      27.78303971      6.970862839            -0.15
v      27.43072944      6.978064455            -0.15
v      27.10559152      6.979934482            -0.15
v      26.82749312      6.976177815            -0.15
v      26.60498508      6.967663259            -0.15
v      26.43675082      6.955716262            -0.15
v      26.31586848      6.941243256            -0.15
v      26.23496541      6.923759281            -0.15
v      26.23496541      6.876240719            -0.15
v      26.31586848      6.858756744            -0.15
v      26.43675082      6.844283738            -0.15
v      26.60498508      6.832336741            -0.15
v      26.82749312      6.823822185            -0.15
v      27.10559152      6.820065518            -0.15
v      27.43072944      6.821935545            -0.15
v      27.78303971      6.829137161            -0.15
v      28.13496353      6.840119539            -0.15
v      28.45915408      6.852742174            -0.15
v      28.73627463      6.865094565            -0.15
v      28.95840433      6.875940656            -0.15
v      29.12745064      6.884747541            -0.15
v      29.25108603      6.891500186            -0.15
v      29.33890587      6.896463287            -0.15
v      29.33890587              6.9            -0.15
v      29.25108603              6.9            -0.15
v      29.12745064              6.9            -0.15
v      28.95840433              6.9            -0.15
v      28.73627463              6.9            -0.15
v      28.45915408              6.9            -0.15
v      28.13496353              6.9            -0.15
v      27.78303971              6.9            -0.15
v      27.43072944              6.9            -0.15
v      27.10559152              6.9            -0.15
v      26.82749312              6.9            -0.15
v      26.60498508              6.9            -0.15
v      26.43675082              6.9            -0.15
v      26.31586848              6.9            -0.15
v      26.23496541              6.9            -0.15
v             29.4             -6.9            -2.05
v      29.33890587     -6.903536713            -2.05
v      29.33890587             -6.9            -2.05
v      29.25108603             -6.9            -2.05
v      29.25108603     -6.908499814            -2.05
v      29.12745064             -6.9            -2.05
v      29.12745064     -6.915252459            -2.05
v      28.95840433             -6.9            -2.05
v      28.95840433     -6.924059344            -2.05
v      28.73627463             -6.9            -2.05
v      28.73627463     -6.934905435            -2.05
v      28.45915408             -6.9            -2.05
v      28.45915408     -6.947257826            -2.05
v      28.13496353             -6.9            -2.05
v      28.13496353     -6.959880461            -2.05
v      27.78303971             -6.9            -2.05
v      27.78303971     -6.970862839            -2.05
v      27.43072944     -6.978064455            -2.05
v      27.43072944             -6.9            -2.05
v      27.10559152     -6.979934482            -2.05
v      27.10559152             -6.9            -2.05
v      26.82749312     -6.976177815            -2.05
v      26.82749312             -6.9            -2.05
v      26.60498508     -6.967663259            -2.05
v      26.60498508             -6.9            -2.05
v      26.43675082     -6.955716262            -2.05
v      26.43675082             -6.9            -2.05
v      26.31586848     -6.941243256            -2.05
v      26.31586848             -6.9            -2.05
v      26.23496541     -6.923759281            -2.05
v      26.23496541             -6.9            -2.05
v             26.2             -6.9            -2.05
v      26.23496541     -6.876240719            -2.05
v      26.31586848     -6.858756744            -2.05
v      26.43675082     -6.844283738            -2.05
v      26.60498508     -6.832336741            -2.05
v      26.82749312     -6.823822185            -2.05
v      27.10559152     -6.820065518            -2.05
v      27.43072944     -6.821935545            -2.05
v      27.78303971     -6.829137161            -2.05
v      28.13496353     -6.840119539            -2.05
v      28.45915408     -6.852742174            -2.05
v      28.73627463     -6.865094565            -2.05
v      28.95840433     -6.875940656            -2.05
v      29.12745064     -6.884747541            -2.05
v      29.25108603     -6.891500186            -2.05
v      29.33890587     -6.896463287            -2.05
v      29.33890587     -6.907073426            -2.05
v      29.25108603     -6.916999628            -2.05
v      29.12745064     -6.930504918            -2.05
v      28.95840433     -6.948118687            -2.05
v      28.73627463     -6.969810871            -2.05
v      28.45915408     -6.994515651            -2.05
v      28.13496353     -7.019760921            -2.05
v      27.78303971     -7.041725679            -2.05
v      27.43072944     -7.056128909            -2.05
v      27.10559152     -7.059868963            -2.05
v      26.82749312      -7.05235563            -2.05
v      26.60498508     -7.035326517            -2.05
v      26.43675082     -7.011432524            -2.05
v      26.31586848     -6.982486512            -2.05
v      26.23496541     -6.947518561            -2.05
v      26.23496541     -6.852481439            -2.05
v      26.31586848     -6.817513488            -2.05
v      26.43675082     -6.788567476            -2.05
v      26.60498508     -6.764673483            -2.05
v      26.82749312      -6.74764437            -2.05
v      27.10559152     -6.740131037            -2.05
v      27.43072944     -6.743871091            -2.05
v      27.78303971     -6.758274321            -2.05
v      28.13496353     -6.780239079            -2.05
v      28.45915408     -6.805484349            -2.05
v      28.73627463     -6.830189129            -2.05
v      28.95840433     -6.851881313            -2.05
v      29.12745064     -6.869495082            -2.05
v      29.25108603     -6.883000372            -2.05
v      29.33890587     -6.892926574            -2.05
v             29.4             -6.9            -1.67
v      29.33890587     -6.907073426            -1.67
v      29.25108603     -6.916999628            -1.67
v      29.12745064     -6.930504918            -1.67
v      28.95840433     -6.948118687            -1.67
v      28.73627463     -6.969810871            -1.67
v      28.45915408     -6.994515651            -1.67
v      28.13496353     -7.019760921            -1.67
v      27.78303971     -7.041725679            -1.67
v      27.43072944     -7.056128909            -1.67
v      27.10559152     -7.059868963            -1.67
v      26.82749312      -7.05235563            -1.67
v      26.60498508     -7.035326517            -1.67
v      26.43675082     -7.011432524            -1.67
v      26.31586848     -6.982486512            -1.67
v      26.23496541     -6.947518561            -1.67
v             26.2             -6.9            -1.67
v      26.23496541     -6.852481439            -1.67
v      26.31586848     -6.817513488            -1.67
v      26.43675082     -6.788567476            -1.67
v      26.60498508     -6.764673483            -1.67
v      26.82749312      -6.74764437            -1.67
v      27.10559152     -6.740131037            -1.67
v      27.43072944     -6.743871091            -1.67
v      27.78303971     -6.758274321            -1.67
v      28.13496353     -6.780239079            -1.67
v      28.45915408     -6.805484349            -1.67
v      28.73627463     -6.830189129            -1.67
v      28.95840433     -6.851881313            -1.67
v      29.12745064     -6.869495082            -1.67
v      29.25108603     -6.883000372            -1.67
v      29.33890587     -6.892926574            -1.67
v             29.4             -6.9            -1.29
v      29.33890587     -6.907073426            -1.29
v      29.25108603     -6.916999628            -1.29
v      29.12745064     -6.930504918            -1.29
v      28.95840433     -6.948118687            -1.29
v      28.73627463     -6.969810871            -1.29
v      28.45915408     -6.994515651            -1.29
v      28.13496353     -7.019760921            -1.29
v      27.78303971     -7.041725679            -1.29
v      27.43072944     -7.056128909            -1.29
v      27.10559152     -7.059868963            -1.29
v      26.82749312      -7.05235563            -1.29
v      26.60498508     -7.035326517            -1.29
v      26.43675082     -7.011432524            -1.29
v      26.31586848     -6.982486512            -1.29
v      26.23496541     -6.947518561            -1.29
v             26.2             -6.9            -1.29
v      26.23496541     -6.852481439            -1.29
v      26.31586848     -6.817513488            -1.29
v      26.43675082     -6.788567476            -1.29
v      26.60498508     -6.764673483            -1.29
v      26.82749312      -6.74764437            -1.29
v      27.10559152     -6.740131037            -1.29
v      27.43072944     -6.743871091            -1.29
v      27.78303971     -6.758274321            -1.29
v      28.13496353     -6.780239079            -1.29
v      28.45915408     -6.805484349            -1.29
v      28.73627463     -6.830189129            -1.29
v      28.95840433     -6.851881313            -1.29
v      29.12745064     -6.869495082            -1.29
v      29.25108603     -6.883000372            -1.29
v      29.33890587     -6.892926574            -1.29
v             29.4             -6.9            -0.91
v      29.33890587     -6.907073426            -0.91
v      29.25108603     -6.916999628            -0.91
v      29.12745064     -6.930504918            -0.91
v      28.95840433     -6.948118687            -0.91
v      28.73627463     -6.969810871            -0.91
v      28.45915408     -6.994515651            -0.91
v      28.13496353     -7.019760921            -0.91
v      27.78303971     -7.041725679            -0.91
v      27.43072944     -7.056128909            -0.91
v      27.10559152     -7.059868963            -0.91
v      26.82749312      -7.05235563            -0.91
v      26.60498508     -7.035326517            -0.91
v      26.43675082     -7.011432524            -0.91
v      26.31586848     -6.982486512            -0.91
v      26.23496541     -6.947518561            -0.91
v             26.2             -6.9            -0.91
v      26.23496541     -6.852481439            -0.91
v      26.31586848     -6.817513488            -0.91
v      26.43675082     -6.788567476            -0.91
v      26.60498508     -6.764673483            -0.91
v      26.82749312      -6.74764437            -0.91
v      27.10559152     -6.740131037            -0.91
v      27.43072944     -6.743871091            -0.91
v      27.78303971     -6.758274321            -0.91
v      28.13496353     -6.780239079            -0.91
v      28.45915408     -6.805484349            -0.91
v      28.73627463     -6.830189129            -0.91
v      28.95840433     -6.851881313            -0.91
v      29.12745064     -6.869495082            -0.91
v      29.25108603     -6.883000372            -0.91
v      29.33890587     -6.892926574            -0.91
v             29.4             -6.9            -0.53
v      29.33890587     -6.907073426            -0.53
v      29.25108603     -6.916999628            -0.53
v      29.12745064     -6.930504918            -0.53
v      28.95840433     -6.948118687            -0.53
v      28.73627463     -6.969810871            -0.53
v      28.45915408     -6.994515651            -0.53
v      28.13496353     -7.019760921            -0.53
v      27.78303971     -7.041725679            -0.53
v      27.43072944     -7.056128909            -0.53
v      27.10559152     -7.059868963            -0.53
v      26.82749312      -7.05235563            -0.53
v      26.60498508     -7.035326517            -0.53
v      26.43675082     -7.011432524            -0.53
v      26.31586848     -6.982486512            -0.53
v      26.23496541     -6.947518561            -0.53
v             26.2             -6.9            -0.53
v      26.23496541     -6.852481439            -0.53
v      26.31586848     -6.817513488            -0.53
v      26.43675082     -6.788567476            -0.53
v      26.60498508     -6.764673483            -0.53
v      26.82749312      -6.74764437            -0.53
v      27.10559152     -6.740131037            -0.53
v      27.43072944     -6.743871091            -0.53
v      27.78303971     -6.758274321            -0.53
v      28.13496353     -6.780239079            -0.53
v      28.45915408     -6.805484349            -0.53
v      28.73627463     -6.830189129            -0.53
v      28.95840433     -6.851881313            -0.53
v      29.12745064     -6.869495082            -0.53
v      29.25108603     -6.883000372            -0.53
v      29.33890587     -6.892926574            -0.53
v             29.4             -6.9            -0.15
v      29.33890587     -6.907073426            -0.15
v      29.25108603     -6.916999628            -0.15
v      29.12745064     -6.930504918            -0.15
v      28.95840433     -6.948118687            -0.15
v      28.73627463     -6.969810871            -0.15
v      28.45915408     -6.994515651            -0.15
v      28.13496353     -7.019760921            -0.15
v      27.78303971     -7.041725679            -0.15
v      27.43072944     -7.056128909            -0.15
v      27.10559152     -7.059868963            -0.15
v      26.82749312      -7.05235563            -0.15
v      26.60498508     -7.035326517            -0.15
v      26.43675082     -7.011432524            -0.15
v      26.31586848     -6.982486512            -0.15
v      26.23496541     -6.947518561            -0.15
v             26.2             -6.9            -0.15
v      26.23496541     -6.852481439            -0.15
v      26.31586848     -6.817513488            -0.15
v      26.43675082     -6.788567476            -0.15
v      26.60498508     -6.764673483            -0.15
v      26.82749312      -6.74764437            -0.15
v      27.10559152     -6.740131037            -0.15
v      27.43072944     -6.743871091            -0.15
v      27.78303971     -6.758274321            -0.15
v      28.13496353     -6.780239079            -0.15
v      28.45915408     -6.805484349            -0.15
v      28.73627463     -6.830189129            -0.15
v      28.95840433     -6.851881313            -0.15
v      29.12745064     -6.869495082            -0.15
v      29.25108603     -6.883000372            -0.15
v      29.33890587     -6.892926574            -0.15
v      29.33890587     -6.903536713            -0.15
v      29.25108603     -6.908499814            -0.15
v      29.12745064     -6.915252459            -0.15
v      28.95840433     -6.924059344            -0.15
v      28.73627463     -6.934905435            -0.15
v      28.45915408     -6.947257826            -0.15
v      28.13496353     -6.959880461            -0.15
v      27.78303971     -6.970862839            -0.15
v      27.43072944     -6.978064455            -0.15
v      27.10559152     -6.979934482            -0.15
v      26.82749312     -6.976177815            -0.15
v      26.60498508     -6.967663259            -0.15
v      26.43675082     -6.955716262            -0.15
v      26.31586848     -6.941243256            -0.15
v      26.23496541     -6.923759281            -0.15
v      26.23496541     -6.876240719            -0.15
v      26.31586848     -6.858756744            -0.15
v      26.43675082     -6.844283738            -0.15
v      26.60498508     -6.832336741            -0.15
v      26.82749312     -6.823822185            -0.15
v      27.10559152     -6.820065518            -0.15
v      27.43072944     -6.821935545            -0.15
v      27.78303971     -6.829137161            -0.15
v      28.13496353     -6.840119539            -0.15
v      28.45915408     -6.852742174            -0.15
v      28.73627463     -6.865094565            -0.15
v      28.95840433     -6.875940656            -0.15
v      29.12745064     -6.884747541            -0.15
v      29.25108603     -6.891500186            -0.15
v      29.33890587     -6.896463287            -0.15
v      29.33890587             -6.9            -0.15
v      29.25108603             -6.9            -0.15
v      29.12745064             -6.9            -0.15
v      28.95840433             -6.9            -0.15
v      28.73627463             -6.9            -0.15
v      28.45915408             -6.9            -0.15
v      28.13496353             -6.9            -0.15
v      27.78303971             -6.9            -0.15
v      27.43072944             -6.9            -0.15
v      27.10559152             -6.9            -0.15
v      26.82749312             -6.9            -0.15
v      26.60498508             -6.9            -0.15
v      26.43675082             -6.9            -0.15
v      26.31586848             -6.9            -0.15
v      26.23496541             -6.9            -0.15
v             39.2                0                2
v      39.05490145 -1.304334237e-15                2
v      39.05490145   0.008399693879                2
v      38.84632932 -1.883892951e-15                2
v      38.84632932    0.02018705795                2
v      38.55269526 -1.195893453e-15                2
v      38.55269526    0.03622459008                2
v      38.15121028  -1.92839184e-16                2
v      38.15121028    0.05714094125                2
v      37.62365224  -1.18532337e-16                2
v      37.62365224    0.08290040924                2
v      36.96549093 -1.828843615e-16                2
v      36.96549093      0.112237336                2
v      36.19553838  -1.26143391e-16                2
v      36.19553838     0.1422160938                2
v      35.35971931 -5.551115123e-17                2
v      35.35971931     0.1682992438                2
v      34.52298243     0.1854030796                2
v      34.52298243  -1.28497363e-17                2
v      33.75077986     0.1898443936                2
v      33.75077986 -2.775557562e-17                2
v      33.09029615     0.1809223109                2
v      33.09029615  1.063579222e-16                2
v      32.56183956     0.1607002391                2
v      32.56183956  8.194305148e-17                2
v      32.16228321     0.1323261221                2
v      32.16228321  1.995680314e-16                2
v      31.87518764    0.09795273334                2
v      31.87518764  9.880661984e-17                2
v      31.68304286    0.05642829119                2
v      31.68304286  7.829884114e-16                2
v             31.6                0                2
v      31.68304286   -0.05642829119                2
v      31.87518764   -0.09795273334                2
v      32.16228321    -0.1323261221                2
v      32.56183956    -0.1607002391                2
v      33.09029615    -0.1809223109                2
v      33.75077986    -0.1898443936                2
v      34.52298243    -0.1854030796                2
v      35.35971931    -0.1682992438                2
v      36.19553838    -0.1422160938                2
v      36.96549093     -0.112237336                2
v      37.62365224   -0.08290040924                2
v      38.15121028   -0.05714094125                2
v      38.55269526   -0.03622459008                2
v      38.84632932   -0.02018705795                2
v      39.05490145  -0.008399693879                2
v      39.05490145    0.01679938776                2
v      38.84632932     0.0403741159                2
v      38.55269526    0.07244918015                2
v      38.15121028     0.1142818825                2
v      37.62365224     0.1658008185                2
v      36.96549093      0.224474672                2
v      36.19553838     0.2844321876                2
v      35.35971931     0.3365984875                2
v      34.52298243     0.3708061592                2
v      33.75077986     0.3796887872                2
v      33.09029615     0.3618446217                2
v      32.56183956     0.3214004781                2
v      32.16228321     0.2646522442                2
v      31.87518764     0.1959054667                2
v      31.68304286     0.1128565824                2
v      31.68304286    -0.1128565824                2
v      31.87518764    -0.1959054667                2
v      32.16228321    -0.2646522442                2
v      32.56183956    -0.3214004781                2
v      33.09029615    -0.3618446217                2
v      33.75077986    -0.3796887872                2
v      34.52298243    -0.3708061592                2
v      35.35971931    -0.3365984875                2
v      36.19553838    -0.2844321876                2
v      36.96549093     -0.224474672                2
v      37.62365224    -0.1658008185                2
v      38.15121028    -0.1142818825                2
v      38.55269526   -0.07244918015                2
v      38.84632932    -0.0403741159                2
v      39.05490145   -0.01679938776                2
v      39.40921355  3.618274634e-17      2.590909091
v      39.26932188    0.01619653891      2.590909091
v       39.0682344    0.03892528399      2.590909091
v      38.78513745    0.06984932919      2.590909091
v      38.39805982      0.110180858      2.590909091
v      37.88943329     0.1598510284      2.590909091
v      37.25489021     0.2164193608      2.590909091
v      36.51256754      0.274225291      2.590909091
v      35.70674197     0.3245195944      2.590909091
v      34.90003153     0.3574997181      2.590909091
v      34.15553958     0.3660635915      2.590909091
v      33.51875744     0.3488597669      2.590909091
v       33.0092646     0.3098669682      2.590909091
v       32.6240464     0.2551551541      2.590909091
v       32.3472533     0.1888753662      2.590909091
v      32.16200367      0.108806705      2.590909091
v      32.08194082  3.618274634e-17      2.590909091
v      32.16200367     -0.108806705      2.590909091
v       32.3472533    -0.1888753662      2.590909091
v       32.6240464    -0.2551551541      2.590909091
v       33.0092646    -0.3098669682      2.590909091
v      33.51875744    -0.3488597669      2.590909091
v      34.15553958    -0.3660635915      2.590909091
v      34.90003153    -0.3574997181      2.590909091
v      35.70674197    -0.3245195944      2.590909091
v      36.51256754     -0.274225291      2.590909091
v      37.25489021    -0.2164193608      2.590909091
v      37.88943329    -0.1598510284      2.590909091
v      38.39805982     -0.110180858      2.590909091
v      38.78513745   -0.06984932919      2.590909091
v       39.0682344   -0.03892528399      2.590909091
v      39.26932188   -0.01619653891      2.590909091
v      39.61842709  7.236549268e-17      3.181818182
v      39.48374231    0.01559369007      3.181818182
v      39.29013947    0.03747645208      3.181818182
v      39.01757963    0.06724947823      3.181818182
v      38.64490936     0.1060798335      3.181818182
v      38.15521434     0.1539012382      3.181818182
v      37.54428949     0.2083640496      3.181818182
v      36.82959669     0.2640183943      3.181818182
v      36.05376463     0.3124407013      3.181818182
v      35.27708064      0.344193277      3.181818182
v      34.56029931     0.3524383958      3.181818182
v      33.94721873     0.3358749121      3.181818182
v      33.45668965     0.2983334582      3.181818182
v      33.08580959      0.245658064      3.181818182
v      32.81931897     0.1818452657      3.181818182
v      32.64096448     0.1047568277      3.181818182
v      32.56388164  7.236549268e-17      3.181818182
v      32.64096448    -0.1047568277      3.181818182
v      32.81931897    -0.1818452657      3.181818182
v      33.08580959     -0.245658064      3.181818182
v      33.45668965    -0.2983334582      3.181818182
v      33.94721873    -0.3358749121      3.181818182
v      34.56029931    -0.3524383958      3.181818182
v      35.27708064     -0.344193277      3.181818182
v      36.05376463    -0.3124407013      3.181818182
v      36.82959669    -0.2640183943      3.181818182
v      37.54428949    -0.2083640496      3.181818182
v      38.15521434    -0.1539012382      3.181818182
v      38.64490936    -0.1060798335      3.181818182
v      39.01757963   -0.06724947823      3.181818182
v      39.29013947   -0.03747645208      3.181818182
v      39.48374231   -0.01559369007      3.181818182
v      39.82764064   1.08548239e-16      3.772727273
v      39.69816274    0.01499084123      3.772727273
v      39.51204455    0.03602762017      3.772727273
v      39.25002181    0.06464962727      3.772727273
v       38.8917589      0.101978809      3.772727273
v      38.42099538     0.1479514481      3.772727273
v      37.83368876     0.2003087384      3.772727273
v      37.14662585     0.2538114976      3.772727273
v      36.40078729     0.3003618082      3.772727273
v      35.65412974     0.3308868359      3.772727273
v      34.96505903     0.3388132001      3.772727273
v      34.37568002     0.3228900572      3.772727273
v      33.90411469     0.2867999482      3.772727273
v      33.54757278     0.2361609739      3.772727273
v      33.29138463     0.1748151653      3.772727273
v      33.11992529     0.1007069503      3.772727273
v      33.04582245   1.08548239e-16      3.772727273
v      33.11992529    -0.1007069503      3.772727273
v      33.29138463    -0.1748151653      3.772727273
v      33.54757278    -0.2361609739      3.772727273
v      33.90411469    -0.2867999482      3.772727273
v      34.37568002    -0.3228900572      3.772727273
v      34.96505903    -0.3388132001      3.772727273
v      35.65412974    -0.3308868359      3.772727273
v      36.40078729    -0.3003618082      3.772727273
v      37.14662585    -0.2538114976      3.772727273
v      37.83368876    -0.2003087384      3.772727273
v      38.42099538    -0.1479514481      3.772727273
v       38.8917589     -0.101978809      3.772727273
v      39.25002181   -0.06464962727      3.772727273
v      39.51204455   -0.03602762017      3.772727273
v      39.69816274   -0.01499084123      3.772727273
v      40.03685418  1.447309854e-16      4.363636364
v      39.91258317    0.01438799239      4.363636364
v      39.73394963    0.03457878826      4.363636364
v        39.482464     0.0620497763      4.363636364
v      39.13860844    0.09787778453      4.363636364
v      38.68677643     0.1420016579      4.363636364
v      38.12308804     0.1922534272      4.363636364
v        37.463655     0.2436046009      4.363636364
v      36.74780995     0.2882829151      4.363636364
v      36.03117885     0.3175803947      4.363636364
v      35.36981875     0.3251880044      4.363636364
v      34.80414132     0.3099052024      4.363636364
v      34.35153974     0.2752664382      4.363636364
v      34.00933597     0.2266638838      4.363636364
v      33.76345029     0.1677850648      4.363636364
v       33.5988861    0.09665707295      4.363636364
v      33.52776327  1.447309854e-16      4.363636364
v       33.5988861   -0.09665707295      4.363636364
v      33.76345029    -0.1677850648      4.363636364
v      34.00933597    -0.2266638838      4.363636364
v      34.35153974    -0.2752664382      4.363636364
v      34.80414132    -0.3099052024      4.363636364
v      35.36981875    -0.3251880044      4.363636364
v      36.03117885    -0.3175803947      4.363636364
v      36.74780995    -0.2882829151      4.363636364
v        37.463655    -0.2436046009      4.363636364
v      38.12308804    -0.1922534272      4.363636364
v      38.68677643    -0.1420016579      4.363636364
v      39.13860844   -0.09787778453      4.363636364
v        39.482464    -0.0620497763      4.363636364
v      39.73394963   -0.03457878826      4.363636364
v      39.91258317   -0.01438799239      4.363636364
v      40.24606773  1.809137317e-16      4.954545455
v      40.12700361    0.01378514354      4.954545455
v       39.9558547    0.03312995635      4.954545455
v      39.71490618    0.05944992534      4.954545455
v      39.38545798    0.09377676004      4.954545455
v      38.95255748     0.1360518678      4.954545455
v      38.41248732      0.184198116      4.954545455
v      37.78068415     0.2333977042      4.954545455
v      37.09483261      0.276204022      4.954545455
v      36.40822795     0.3042739536      4.954545455
v      35.77457847     0.3115628086      4.954545455
v      35.23260261     0.2969203475      4.954545455
v      34.79896478     0.2637329282      4.954545455
v      34.47109916     0.2171667937      4.954545455
v      34.23551596     0.1607549643      4.954545455
v      34.07784691     0.0926071956      4.954545455
v      34.00970409  1.809137317e-16      4.954545455
v      34.07784691    -0.0926071956      4.954545455
v      34.23551596    -0.1607549643      4.954545455
v      34.47109916    -0.2171667937      4.954545455
v      34.79896478    -0.2637329282      4.954545455
v      35.23260261    -0.2969203475      4.954545455
v      35.77457847    -0.3115628086      4.954545455
v      36.40822795    -0.3042739536      4.954545455
v      37.09483261     -0.276204022      4.954545455
v      37.78068415    -0.2333977042      4.954545455
v      38.41248732     -0.184198116      4.954545455
v      38.95255748    -0.1360518678      4.954545455
v      39.38545798   -0.09377676004      4.954545455
v      39.71490618   -0.05944992534      4.954545455
v       39.9558547   -0.03312995635      4.954545455
v      40.12700361   -0.01378514354      4.954545455
v      40.45528127   2.17096478e-16      5.545454545
v      40.34142404     0.0131822947      5.545454545
v      40.17775978    0.03168112444      5.545454545
v      39.94734837    0.05685007438      5.545454545
v      39.63230752    0.08967573555      5.545454545
v      39.21833853     0.1301020777      5.545454545
v       38.7018866     0.1761428048      5.545454545
v      38.09771331     0.2231908075      5.545454545
v      37.44185528     0.2641251289      5.545454545
v      36.78527705     0.2909675125      5.545454545
v       36.1793382     0.2979376129      5.545454545
v       35.6610639     0.2839354927      5.545454545
v      35.24638982     0.2521994182      5.545454545
v      34.93286235     0.2076697036      5.545454545
v      34.70758162     0.1537248638      5.545454545
v      34.55680773    0.08855731824      5.545454545
v      34.49164491   2.17096478e-16      5.545454545
v      34.55680773   -0.08855731824      5.545454545
v      34.70758162    -0.1537248638      5.545454545
v      34.93286235    -0.2076697036      5.545454545
v      35.24638982    -0.2521994182      5.545454545
v       35.6610639    -0.2839354927      5.545454545
v       36.1793382    -0.2979376129      5.545454545
v      36.78527705    -0.2909675125      5.545454545
v      37.44185528    -0.2641251289      5.545454545
v      38.09771331    -0.2231908075      5.545454545
v       38.7018866    -0.1761428048      5.545454545
v      39.21833853    -0.1301020777      5.545454545
v      39.63230752   -0.08967573555      5.545454545
v      39.94734837   -0.05685007438      5.545454545
v      40.17775978   -0.03168112444      5.545454545
v      40.34142404    -0.0131822947      5.545454545
v      40.55584447    0.01257944586      6.136363636
v      40.66449482  2.532792244e-16      6.136363636
v      40.39966486    0.03023229253      6.136363636
v      40.17979055    0.05425022342      6.136363636
v      39.87915706    0.08557471106      6.136363636
v      39.48411958     0.1241522875      6.136363636
v      38.99128587     0.1680874936      6.136363636
v      38.41474246     0.2129839108      6.136363636
v      37.78887794     0.2520462359      6.136363636
v      37.16232616     0.2776610714      6.136363636
v      36.58409792     0.2843124172      6.136363636
v      36.08952519     0.2709506378      6.136363636
v      35.69381487     0.2406659083      6.136363636
v      35.39462554     0.1981726135      6.136363636
v      35.17964729     0.1466947633      6.136363636
v      35.03576854    0.08450744088      6.136363636
v      34.97358573  2.532792244e-16      6.136363636
v      35.03576854   -0.08450744088      6.136363636
v      35.17964729    -0.1466947633      6.136363636
v      35.39462554    -0.1981726135      6.136363636
v      35.69381487    -0.2406659083      6.136363636
v      36.08952519    -0.2709506378      6.136363636
v      36.58409792    -0.2843124172      6.136363636
v      37.16232616    -0.2776610714      6.136363636
v      37.78887794    -0.2520462359      6.136363636
v      38.41474246    -0.2129839108      6.136363636
v      38.99128587    -0.1680874936      6.136363636
v      39.48411958    -0.1241522875      6.136363636
v      39.87915706   -0.08557471106      6.136363636
v      40.17979055   -0.05425022342      6.136363636
v      40.39966486   -0.03023229253      6.136363636
v      40.55584447   -0.01257944586      6.136363636
v       40.7702649    0.01197659701      6.727272727
v      40.87370836  2.894619707e-16      6.727272727
v      40.62156994    0.02878346061      6.727272727
v      40.41223274    0.05165037245      6.727272727
v       40.1260066    0.08147368657      6.727272727
v      39.74990063     0.1182024974      6.727272727
v      39.28068515     0.1600321824      6.727272727
v      38.73177161     0.2027770142      6.727272727
v       38.1359006     0.2399673428      6.727272727
v      37.53937526     0.2643546303      6.727272727
v      36.98885764     0.2706872215      6.727272727
v      36.51798648      0.257965783      6.727272727
v      36.14123991     0.2291323983      6.727272727
v      35.85638874     0.1886755234      6.727272727
v      35.65171295     0.1396646629      6.727272727
v      35.51472935    0.08045756352      6.727272727
v      35.45552654  2.894619707e-16      6.727272727
v      35.51472935   -0.08045756352      6.727272727
v      35.65171295    -0.1396646629      6.727272727
v      35.85638874    -0.1886755234      6.727272727
v      36.14123991    -0.2291323983      6.727272727
v      36.51798648     -0.257965783      6.727272727
v      36.98885764    -0.2706872215      6.727272727
v      37.53937526    -0.2643546303      6.727272727
v       38.1359006    -0.2399673428      6.727272727
v      38.73177161    -0.2027770142      6.727272727
v      39.28068515    -0.1600321824      6.727272727
v      39.74990063    -0.1182024974      6.727272727
v       40.1260066   -0.08147368657      6.727272727
v      40.41223274   -0.05165037245      6.727272727
v      40.62156994   -0.02878346062      6.727272727
v       40.7702649   -0.01197659701      6.727272727
v      40.98468533    0.01137374817      7.318181818
v      41.08292191   3.25644717e-16      7.318181818
v      40.84347501     0.0273346287      7.318181818
v      40.64467492    0.04905052149      7.318181818
v      40.37285614    0.07737266208      7.318181818
v      40.01568168     0.1122527073      7.318181818
v      39.57008443     0.1519768712      7.318181818
v      39.04880077     0.1925701175      7.318181818
v      38.48292326     0.2278884497      7.318181818
v      37.91642437     0.2510481891      7.318181818
v      37.39361736     0.2570620258      7.318181818
v      36.94644777     0.2449809281      7.318181818
v      36.58866496     0.2175988883      7.318181818
v      36.31815193     0.1791784333      7.318181818
v      36.12377861     0.1326345624      7.318181818
v      35.99369016    0.07640768616      7.318181818
v      35.93746736   3.25644717e-16      7.318181818
v      35.99369016   -0.07640768616      7.318181818
v      36.12377861    -0.1326345624      7.318181818
v      36.31815193    -0.1791784333      7.318181818
v      36.58866496    -0.2175988883      7.318181818
v      36.94644777    -0.2449809281      7.318181818
v      37.39361736    -0.2570620258      7.318181818
v      37.91642437    -0.2510481891      7.318181818
v      38.48292326    -0.2278884497      7.318181818
v      39.04880077    -0.1925701175      7.318181818
v      39.57008443    -0.1519768712      7.318181818
v      40.01568168    -0.1122527073      7.318181818
v      40.37285614   -0.07737266208      7.318181818
v      40.64467492   -0.04905052149      7.318181818
v      40.84347501    -0.0273346287      7.318181818
v      40.98468533   -0.01137374817      7.318181818
v      41.19910576    0.01077089933      7.909090909
v      41.29213545  3.618274634e-16      7.909090909
v      41.06538009    0.02588579679      7.909090909
v       40.8771171    0.04645067053      7.909090909
v      40.61970568    0.07327163758      7.909090909
v      40.28146273     0.1063029171      7.909090909
v      39.85948371       0.14392156      7.909090909
v      39.36582992     0.1823632208      7.909090909
v      38.82994592     0.2158095566      7.909090909
v      38.29347347      0.237741748      7.909090909
v      37.79837709     0.2434368301      7.909090909
v      37.37490906     0.2319960733      7.909090909
v         37.03609     0.2060653783      7.909090909
v      36.77991512     0.1696813432      7.909090909
v      36.59584428     0.1256044619      7.909090909
v      36.47265097     0.0723578088      7.909090909
v      36.41940818  3.618274634e-16      7.909090909
v      36.47265097    -0.0723578088      7.909090909
v      36.59584428    -0.1256044619      7.909090909
v      36.77991512    -0.1696813432      7.909090909
v         37.03609    -0.2060653783      7.909090909
v      37.37490906    -0.2319960733      7.909090909
v      37.79837709    -0.2434368301      7.909090909
v      38.29347347     -0.237741748      7.909090909
v      38.82994592    -0.2158095566      7.909090909
v      39.36582992    -0.1823632208      7.909090909
v      39.85948371      -0.14392156      7.909090909
v      40.28146273    -0.1063029171      7.909090909
v      40.61970568   -0.07327163758      7.909090909
v       40.8771171   -0.04645067053      7.909090909
v      41.06538009   -0.02588579679      7.909090909
v      41.19910576   -0.01077089933      7.909090909
v      41.41352619    0.01016805048              8.5
v        41.501349  3.980102097e-16              8.5
v      41.28728517    0.02443696488              8.5
v      41.10955929    0.04385081957              8.5
v      40.86655522    0.06917061309              8.5
v      40.54724377      0.100353127              8.5
v      40.14888298     0.1358662488              8.5
v      39.68285907     0.1721563241              8.5
v      39.17696858     0.2037306635              8.5
v      38.67052257     0.2244353069              8.5
v      38.20313681     0.2298116344              8.5
v      37.80337035     0.2190112184              8.5
v      37.48351505     0.1945318683              8.5
v      37.24167831     0.1601842531              8.5
v      37.06790994     0.1185743614              8.5
v      36.95161178    0.06830793145              8.5
v        36.901349  3.980102097e-16              8.5
v      36.95161178   -0.06830793145              8.5
v      37.06790994    -0.1185743614              8.5
v      37.24167831    -0.1601842531              8.5
v      37.48351505    -0.1945318683              8.5
v      37.80337035    -0.2190112184              8.5
v      38.20313681    -0.2298116344              8.5
v      38.67052257    -0.2244353069              8.5
v      39.17696858    -0.2037306635              8.5
v      39.68285907    -0.1721563241              8.5
v      40.14888298    -0.1358662488              8.5
v      40.54724377     -0.100353127              8.5
v      40.86655522   -0.06917061309              8.5
v      41.10955929   -0.04385081957              8.5
v      41.28728517   -0.02443696488              8.5
v      41.41352619   -0.01016805048              8.5
v      41.41352619   0.005084025242              8.5
v      41.28728517    0.01221848244              8.5
v      41.10955929    0.02192540978              8.5
v      40.86655522    0.03458530655              8.5
v      40.54724377    0.05017656349              8.5
v      40.14888298    0.06793312442              8.5
v      39.68285907    0.08607816205              8.5
v      39.17696858     0.1018653317              8.5
v      38.67052257     0.1122176534              8.5
v      38.20313681     0.1149058172              8.5
v      37.80337035     0.1095056092              8.5
v      37.48351505    0.09726593417              8.5
v      37.24167831    0.08009212654              8.5
v      37.06790994    0.05928718071              8.5
v      36.95161178    0.03415396572              8.5
v      36.95161178   -0.03415396572              8.5
v      37.06790994   -0.05928718071              8.5
v      37.24167831   -0.08009212654              8.5
v      37.48351505   -0.09726593417              8.5
v      37.80337035    -0.1095056092              8.5
v      38.20313681    -0.1149058172              8.5
v      38.67052257    -0.1122176534              8.5
v      39.17696858    -0.1018653317              8.5
v      39.68285907   -0.08607816205              8.5
v      40.14888298   -0.06793312442              8.5
v      40.54724377   -0.05017656349              8.5
v      40.86655522   -0.03458530655              8.5
v      41.10955929   -0.02192540978              8.5
v      41.28728517   -0.01221848244              8.5
v      41.41352619  -0.005084025242              8.5
v      41.41352619 -3.935216862e-16              8.5
v      41.28728517 -7.492080354e-16              8.5
v      41.10955929  -3.36901504e-16              8.5
v      40.86655522  2.845079257e-16              8.5
v      40.54724377  3.324050885e-16              8.5
v      40.14888298  2.901043832e-16              8.5
v      39.68285907  3.018155241e-16              8.5
v      39.17696858  3.424990585e-16              8.5
v      38.67052257  3.915853416e-16              8.5
v      38.20313681  4.009072738e-16              8.5
v      37.80337035  4.695861064e-16              8.5
v      37.48351505  4.606490583e-16              8.5
v      37.24167831  5.363117401e-16              8.5
v      37.06790994  4.594087862e-16              8.5
v      36.95161178  8.745269553e-16              8.5
v             41.4                0              8.5
v      41.31217719                0       8.48983195
v      41.46441159     0.5066666667              8.5
v      41.37964349     0.5066666667      8.490185621
v      41.18593617                0      8.475563035
v      41.25779345     0.5066666667      8.476413017
v      41.00821029                0       8.45614918
v      41.08624934     0.5066666667      8.457674426
v      40.76520622                0      8.430829387
v      40.85169759     0.5066666667      8.433235321
v      40.44589478                0      8.399646873
v      40.54349263     0.5066666667      8.403137417
v      40.04753398                0      8.364133751
v      40.15898787     0.5066666667      8.368859534
v      39.58151008                0      8.327843676
v      39.70917348     0.5066666667      8.333831722
v      39.07561958                0      8.296269337
v      39.22087918     0.5066666667       8.30335562
v      38.73204869     0.5066666667      8.283371139
v      38.56917358                0      8.275564693
v      38.28091982     0.5066666667      8.278181814
v      38.10178781                0      8.270188366
v      37.89505828     0.5066666667      8.288606563
v      37.70202135                0      8.280988782
v      37.58632838     0.5066666667      8.312234458
v      37.38216605                0      8.305468132
v      37.35290335     0.5066666667      8.345387373
v      37.14032931                0      8.339815747
v       37.1851791     0.5066666667      8.385549964
v      36.96656094                0      8.381425639
v       37.0729261     0.5066666667      8.434067997
v      36.85026278                0      8.431692069
v      37.02441159     0.5066666667              8.5
v             36.8                0              8.5
v      36.85026278                0      8.568307931
v       37.0729261     0.5066666667      8.565932003
v      36.96656094                0      8.618574361
v       37.1851791     0.5066666667      8.614450036
v      37.14032931                0      8.660184253
v      37.35290335     0.5066666667      8.654612627
v      37.38216605                0      8.694531868
v      37.58632838     0.5066666667      8.687765542
v      37.70202135                0      8.719011218
v      37.89505828     0.5066666667      8.711393437
v      38.10178781                0      8.729811634
v      38.28091982     0.5066666667      8.721818186
v      38.56917358                0      8.724435307
v      38.73204869     0.5066666667      8.716628861
v      39.07561958                0      8.703730663
v      39.22087918     0.5066666667       8.69664438
v      39.70917348     0.5066666667      8.666168278
v      39.58151008                0      8.672156324
v      40.15898787     0.5066666667      8.631140466
v      40.04753398                0      8.635866249
v      40.54349263     0.5066666667      8.596862583
v      40.44589478                0      8.600353127
v      40.85169759     0.5066666667      8.566764679
v      40.76520622                0      8.569170613
v      41.08624934     0.5066666667      8.542325574
v      41.00821029                0       8.54385082
v      41.25779345     0.5066666667      8.523586983
v      41.18593617                0      8.524436965
v      41.37964349     0.5066666667      8.509814379
v      41.31217719                0       8.51016805
v      41.52882317      1.013333333              8.5
v      41.44710978      1.013333333      8.490539292
v      41.32965074      1.013333333      8.477262998
v       41.1642884      1.013333333      8.459199672
v      40.93818896      1.013333333      8.435641256
v      40.64109048      1.013333333       8.40662796
v      40.27044175      1.013333333      8.373585316
v      39.83683689      1.013333333      8.339819768
v      39.36613878      1.013333333      8.310441904
v       38.8949238      1.013333333      8.291177584
v      38.46005183      1.013333333      8.286175262
v      38.08809521      1.013333333      8.296224345
v      37.79049071      1.013333333      8.319000783
v       37.5654774      1.013333333      8.350958999
v      37.40379726      1.013333333       8.38967429
v      37.29558941      1.013333333      8.436443925
v      37.24882317      1.013333333              8.5
v      37.29558941      1.013333333      8.563556075
v      37.40379726      1.013333333       8.61032571
v       37.5654774      1.013333333      8.649041001
v      37.79049071      1.013333333      8.680999217
v      38.08809521      1.013333333      8.703775655
v      38.46005183      1.013333333      8.713824738
v       38.8949238      1.013333333      8.708822416
v      39.36613878      1.013333333      8.689558096
v      39.83683689      1.013333333      8.660180232
v      40.27044175      1.013333333      8.626414684
v      40.64109048      1.013333333       8.59337204
v      40.93818896      1.013333333      8.564358744
v       41.1642884      1.013333333      8.540800328
v      41.32965074      1.013333333      8.522737002
v      41.44710978      1.013333333      8.509460708
v      41.59323476             1.52              8.5
v      41.51457607             1.52      8.490892963
v      41.40150802             1.52      8.478112979
v      41.24232745             1.52      8.460724918
v      41.02468033             1.52       8.43804719
v      40.73868834             1.52      8.410118504
v      40.38189563             1.52      8.378311099
v       39.9645003             1.52      8.345807814
v      39.51139838             1.52      8.317528188
v      39.05779892             1.52      8.298984029
v      38.63918384             1.52       8.29416871
v      38.28113214             1.52      8.303842126
v      37.99465304             1.52      8.325767109
v      37.77805144             1.52      8.356530626
v      37.62241542             1.52      8.393798615
v      37.51825273             1.52      8.438819853
v      37.47323476             1.52              8.5
v      37.51825273             1.52      8.561180147
v      37.62241542             1.52      8.606201385
v      37.77805144             1.52      8.643469374
v      37.99465304             1.52      8.674232891
v      38.28113214             1.52      8.696157874
v      38.63918384             1.52       8.70583129
v      39.05779892             1.52      8.701015971
v      39.51139838             1.52      8.682471812
v       39.9645003             1.52      8.654192186
v      40.38189563             1.52      8.621688901
v      40.73868834             1.52      8.589881496
v      41.02468033             1.52       8.56195281
v      41.24232745             1.52      8.539275082
v      41.40150802             1.52      8.521887021
v      41.51457607             1.52      8.509107037
v      41.65764634      2.026666667              8.5
v      41.58204236      2.026666667      8.491246635
v       41.4733653      2.026666667      8.478962961
v       41.3203665      2.026666667      8.462250164
v       41.1111717      2.026666667      8.440453124
v      40.83628619      2.026666667      8.413609047
v      40.49334951      2.026666667      8.383036881
v      40.09216371      2.026666667       8.35179586
v      39.65665798      2.026666667      8.324614472
v      39.22067403      2.026666667      8.306790475
v      38.81831585      2.026666667      8.302162158
v      38.47416907      2.026666667      8.311459908
v      38.19881537      2.026666667      8.332533435
v      37.99062549      2.026666667      8.362102252
v      37.84103359      2.026666667      8.397922941
v      37.74091604      2.026666667      8.441195781
v      37.69764634      2.026666667              8.5
v      37.74091604      2.026666667      8.558804219
v      37.84103359      2.026666667      8.602077059
v      37.99062549      2.026666667      8.637897748
v      38.19881537      2.026666667      8.667466565
v      38.47416907      2.026666667      8.688540092
v      38.81831585      2.026666667      8.697837842
v      39.22067403      2.026666667      8.693209525
v      39.65665798      2.026666667      8.675385528
v      40.09216371      2.026666667       8.64820414
v      40.49334951      2.026666667      8.616963119
v      40.83628619      2.026666667      8.586390953
v       41.1111717      2.026666667      8.559546876
v       41.3203665      2.026666667      8.537749836
v       41.4733653      2.026666667      8.521037039
v      41.58204236      2.026666667      8.508753365
v      41.72205793      2.533333333              8.5
v      41.64950865      2.533333333      8.491600306
v      41.54522259      2.533333333      8.479812942
v      41.39840556      2.533333333       8.46377541
v      41.19766307      2.533333333      8.442859059
v      40.93388405      2.533333333      8.417099591
v      40.60480339      2.533333333      8.387762664
v      40.21982712      2.533333333      8.357783906
v      39.80191758      2.533333333      8.331700756
v      39.38354914      2.533333333       8.31459692
v      38.99744786      2.533333333      8.310155606
v        38.667206      2.533333333      8.319077689
v      38.40297771      2.533333333      8.339299761
v      38.20319953      2.533333333      8.367673878
v      38.05965175      2.533333333      8.402047267
v      37.96357936      2.533333333      8.443571709
v      37.92205793      2.533333333              8.5
v      37.96357936      2.533333333      8.556428291
v      38.05965175      2.533333333      8.597952733
v      38.20319953      2.533333333      8.632326122
v      38.40297771      2.533333333      8.660700239
v        38.667206      2.533333333      8.680922311
v      38.99744786      2.533333333      8.689844394
v      39.38354914      2.533333333       8.68540308
v      39.80191758      2.533333333      8.668299244
v      40.21982712      2.533333333      8.642216094
v      40.60480339      2.533333333      8.612237336
v      40.93388405      2.533333333      8.582900409
v      41.19766307      2.533333333      8.557140941
v      41.39840556      2.533333333       8.53622459
v      41.54522259      2.533333333      8.520187058
v      41.64950865      2.533333333      8.508399694
v      41.78646951             3.04              8.5
v      41.71697494             3.04      8.491953977
v      41.61707987             3.04      8.480662923
v      41.47644461             3.04      8.465300656
v      41.28415444             3.04      8.445264993
v       41.0314819             3.04      8.420590134
v      40.71625727             3.04      8.392488447
v      40.34749053             3.04      8.363771952
v      39.94717718             3.04       8.33878704
v      39.54642426             3.04      8.322403366
v      39.17657987             3.04      8.318149055
v      38.86024293             3.04      8.326695471
v      38.60714004             3.04      8.346066087
v      38.41577357             3.04      8.373245504
v      38.27826991             3.04      8.406171592
v      38.18624267             3.04      8.445947637
v      38.14646951             3.04              8.5
v      38.18624267             3.04      8.554052363
v      38.27826991             3.04      8.593828408
v      38.41577357             3.04      8.626754496
v      38.60714004             3.04      8.653933913
v      38.86024293             3.04      8.673304529
v      39.17657987             3.04      8.681850945
v      39.54642426             3.04      8.677596634
v      39.94717718             3.04       8.66121296
v      40.34749053             3.04      8.636228048
v      40.71625727             3.04      8.607511553
v       41.0314819             3.04      8.579409866
v      41.28415444             3.04      8.554735007
v      41.47644461             3.04      8.534699344
v      41.61707987             3.04      8.519337077
v      41.71697494             3.04      8.508046023
v       41.8508811      3.546666667              8.5
v      41.78444124      3.546666667      8.492307649
v      41.68893715      3.546666667      8.481512905
v      41.55448366      3.546666667      8.466825902
v       41.3706458      3.546666667      8.447670927
v      41.12907975      3.546666667      8.424080678
v      40.82771116      3.546666667      8.397214229
v      40.47515394      3.546666667      8.369759998
v      40.09243678      3.546666667      8.345873324
v      39.70929937      3.546666667      8.330209811
v      39.35571188      3.546666667      8.326142503
v      39.05327986      3.546666667      8.334313252
v      38.81130237      3.546666667      8.352832413
v      38.62834762      3.546666667       8.37881713
v      38.49688807      3.546666667      8.410295918
v      38.40890599      3.546666667      8.448323565
v       38.3708811      3.546666667              8.5
v      38.40890599      3.546666667      8.551676435
v      38.49688807      3.546666667      8.589704082
v      38.62834762      3.546666667       8.62118287
v      38.81130237      3.546666667      8.647167587
v      39.05327986      3.546666667      8.665686748
v      39.35571188      3.546666667      8.673857497
v      39.70929937      3.546666667      8.669790189
v      40.09243678      3.546666667      8.654126676
v      40.47515394      3.546666667      8.630240002
v      40.82771116      3.546666667      8.602785771
v      41.12907975      3.546666667      8.575919322
v       41.3706458      3.546666667      8.552329073
v      41.55448366      3.546666667      8.533174098
v      41.68893715      3.546666667      8.518487095
v      41.78444124      3.546666667      8.507692351
v      41.91529268      4.053333333              8.5
v      41.85190753      4.053333333       8.49266132
v      41.76079444      4.053333333      8.482362886
v      41.63252272      4.053333333      8.468351148
v      41.45713717      4.053333333      8.450076862
v      41.22667761      4.053333333      8.427571221
v      40.93916504      4.053333333      8.401940012
v      40.60281735      4.053333333      8.375748044
v      40.23769638      4.053333333      8.352959608
v      39.87217448      4.053333333      8.338016257
v      39.53484389      4.053333333      8.334135951
v      39.24631679      4.053333333      8.341931034
v       39.0154647      4.053333333      8.359598738
v      38.84092166      4.053333333      8.384388756
v      38.71550623      4.053333333      8.414420243
v       38.6315693      4.053333333      8.450699493
v      38.59529268      4.053333333              8.5
v       38.6315693      4.053333333      8.549300507
v      38.71550623      4.053333333      8.585579757
v      38.84092166      4.053333333      8.615611244
v       39.0154647      4.053333333      8.640401262
v      39.24631679      4.053333333      8.658068966
v      39.53484389      4.053333333      8.665864049
v      39.87217448      4.053333333      8.661983743
v      40.23769638      4.053333333      8.647040392
v      40.60281735      4.053333333      8.624251956
v      40.93916504      4.053333333      8.598059988
v      41.22667761      4.053333333      8.572428779
v      41.45713717      4.053333333      8.549923138
v      41.63252272      4.053333333      8.531648852
v      41.76079444      4.053333333      8.517637114
v      41.85190753      4.053333333       8.50733868
v      41.97970427             4.56              8.5
v      41.91937382             4.56      8.493014991
v      41.83265172             4.56      8.483212868
v      41.71056177             4.56      8.469876394
v      41.54362854             4.56      8.452482796
v      41.32427546             4.56      8.431061765
v      41.05061892             4.56      8.406665794
v      40.73048075             4.56       8.38173609
v      40.38295598             4.56      8.360045892
v      40.03504959             4.56      8.345822702
v       39.7139759             4.56      8.342129399
v      39.43935372             4.56      8.349548815
v      39.21962703             4.56      8.366365064
v      39.05349571             4.56      8.389960383
v      38.93412439             4.56      8.418544569
v      38.85423261             4.56      8.453075421
v      38.81970427             4.56              8.5
v      38.85423261             4.56      8.546924579
v      38.93412439             4.56      8.581455431
v      39.05349571             4.56      8.610039617
v      39.21962703             4.56      8.633634936
v      39.43935372             4.56      8.650451185
v       39.7139759             4.56      8.657870601
v      40.03504959             4.56      8.654177298
v      40.38295598             4.56      8.639954108
v      40.73048075             4.56       8.61826391
v      41.05061892             4.56      8.593334206
v      41.32427546             4.56      8.568938235
v      41.54362854             4.56      8.547517204
v      41.71056177             4.56      8.530123606
v      41.83265172             4.56      8.516787132
v      41.91937382             4.56      8.506985009
v      42.04411585      5.066666667              8.5
v      41.98684011      5.066666667      8.493368663
v      41.90450901      5.066666667      8.484062849
v      41.78860083      5.066666667      8.471401639
v      41.63011991      5.066666667      8.454888731
v      41.42187332      5.066666667      8.434552308
v       41.1620728      5.066666667      8.411391577
v      40.85814416      5.066666667      8.387724136
v      40.52821558      5.066666667      8.367132176
v      40.19792471      5.066666667      8.353629148
v       39.8931079      5.066666667      8.350122847
v      39.63239065      5.066666667      8.357166597
v      39.42378936      5.066666667       8.37313139
v      39.26606975      5.066666667      8.395532009
v      39.15274255      5.066666667      8.422668895
v      39.07689593      5.066666667      8.455451349
v      39.04411585      5.066666667              8.5
v      39.07689593      5.066666667      8.544548651
v      39.15274255      5.066666667      8.577331105
v      39.26606975      5.066666667      8.604467991
v      39.42378936      5.066666667       8.62686861
v      39.63239065      5.066666667      8.642833403
v       39.8931079      5.066666667      8.649877153
v      40.19792471      5.066666667      8.646370852
v      40.52821558      5.066666667      8.632867824
v      40.85814416      5.066666667      8.612275864
v       41.1620728      5.066666667      8.588608423
v      41.42187332      5.066666667      8.565447692
v      41.63011991      5.066666667      8.545111269
v      41.78860083      5.066666667      8.528598361
v      41.90450901      5.066666667      8.515937151
v      41.98684011      5.066666667      8.506631337
v      42.10852744      5.573333333              8.5
v       42.0543064      5.573333333      8.493722334
v      41.97636629      5.573333333       8.48491283
v      41.86663988      5.573333333      8.472926885
v      41.71661128      5.573333333      8.457294665
v      41.51947117      5.573333333      8.438042852
v      41.27352668      5.573333333      8.416117359
v      40.98580757      5.573333333      8.393712183
v      40.67347518      5.573333333       8.37421846
v      40.36079982      5.573333333      8.361435593
v      40.07223991      5.573333333      8.358116295
v      39.82542758      5.573333333      8.364784378
v      39.62795169      5.573333333      8.379897716
v       39.4786438      5.573333333      8.401103635
v      39.37136072      5.573333333       8.42679322
v      39.29955924      5.573333333      8.457827277
v      39.26852744      5.573333333              8.5
v      39.29955924      5.573333333      8.542172723
v      39.37136072      5.573333333       8.57320678
v       39.4786438      5.573333333      8.598896365
v      39.62795169      5.573333333      8.620102284
v      39.82542758      5.573333333      8.635215622
v      40.07223991      5.573333333      8.641883705
v      40.36079982      5.573333333      8.638564407
v      40.67347518      5.573333333       8.62578154
v      40.98580757      5.573333333      8.606287817
v      41.27352668      5.573333333      8.583882641
v      41.51947117      5.573333333      8.561957148
v      41.71661128      5.573333333      8.542705335
v      41.86663988      5.573333333      8.527073115
v      41.97636629      5.573333333       8.51508717
v       42.0543064      5.573333333      8.506277666
v      42.17293902             6.08              8.5
v      42.12177269             6.08      8.494076005
v      42.04822357             6.08      8.485762812
v      41.94467893             6.08      8.474452131
v      41.80310265             6.08      8.459700599
v      41.61706902             6.08      8.441533396
v      41.38498056             6.08      8.420843142
v      41.11347098             6.08      8.399700229
v      40.81873478             6.08      8.381304744
v      40.52367493             6.08      8.369242039
v      40.25137192             6.08      8.366109743
v      40.01846451             6.08       8.37240216
v      39.83211403             6.08      8.386664042
v      39.69121784             6.08      8.406675261
v      39.58997888             6.08      8.430917546
v      39.52222256             6.08      8.460203205
v      39.49293902             6.08              8.5
v      39.52222256             6.08      8.539796795
v      39.58997888             6.08      8.569082454
v      39.69121784             6.08      8.593324739
v      39.83211403             6.08      8.613335958
v      40.01846451             6.08       8.62759784
v      40.25137192             6.08      8.633890257
v      40.52367493             6.08      8.630757961
v      40.81873478             6.08      8.618695256
v      41.11347098             6.08      8.600299771
v      41.38498056             6.08      8.579156858
v      41.61706902             6.08      8.558466604
v      41.80310265             6.08      8.540299401
v      41.94467893             6.08      8.525547869
v      42.04822357             6.08      8.514237188
v      42.12177269             6.08      8.505923995
v      42.23735061      6.586666667              8.5
v      42.18923899      6.586666667      8.494429677
v      42.12008086      6.586666667      8.486612793
v      42.02271799      6.586666667      8.475977377
v      41.88959402      6.586666667      8.462106534
v      41.71466688      6.586666667      8.445023939
v      41.49643444      6.586666667      8.425568925
v      41.24113439      6.586666667      8.405688275
v      40.96399438      6.586666667      8.388391028
v      40.68655005      6.586666667      8.377048484
v      40.43050393      6.586666667      8.374103192
v      40.21150144      6.586666667      8.380019941
v      40.03627636      6.586666667      8.393430368
v      39.90379188      6.586666667      8.412246887
v      39.80859704      6.586666667      8.435041872
v      39.74488587      6.586666667      8.462579133
v      39.71735061      6.586666667              8.5
v      39.74488587      6.586666667      8.537420867
v      39.80859704      6.586666667      8.564958128
v      39.90379188      6.586666667      8.587753113
v      40.03627636      6.586666667      8.606569632
v      40.21150144      6.586666667      8.619980059
v      40.43050393      6.586666667      8.625896808
v      40.68655005      6.586666667      8.622951516
v      40.96399438      6.586666667      8.611608972
v      41.24113439      6.586666667      8.594311725
v      41.49643444      6.586666667      8.574431075
v      41.71466688      6.586666667      8.554976061
v      41.88959402      6.586666667      8.537893466
v      42.02271799      6.586666667      8.524022623
v      42.12008086      6.586666667      8.513387207
v      42.18923899      6.586666667      8.505570323
v       42.3017622      7.093333333              8.5
v      42.25670528      7.093333333      8.494783348
v      42.19193814      7.093333333      8.487462775
v      42.10075704      7.093333333      8.477502623
v      41.97608539      7.093333333      8.464512468
v      41.81226473      7.093333333      8.448514483
v      41.60788833      7.093333333      8.430294707
v       41.3687978      7.093333333      8.411676321
v      41.10925398      7.093333333      8.395477312
v      40.84942516      7.093333333       8.38485493
v      40.60963594      7.093333333       8.38209664
v      40.40453837      7.093333333      8.387637723
v      40.24043869      7.093333333      8.400196694
v      40.11636593      7.093333333      8.417818514
v       40.0272152      7.093333333      8.439166197
v      39.96754919      7.093333333      8.464955061
v       39.9417622      7.093333333              8.5
v      39.96754919      7.093333333      8.535044939
v       40.0272152      7.093333333      8.560833803
v      40.11636593      7.093333333      8.582181486
v      40.24043869      7.093333333      8.599803306
v      40.40453837      7.093333333      8.612362277
v      40.60963594      7.093333333       8.61790336
v      40.84942516      7.093333333       8.61514507
v      41.10925398      7.093333333      8.604522688
v       41.3687978      7.093333333      8.588323679
v      41.60788833      7.093333333      8.569705293
v      41.81226473      7.093333333      8.551485517
v      41.97608539      7.093333333      8.535487532
v      42.10075704      7.093333333      8.522497377
v      42.19193814      7.093333333      8.512537225
v      42.25670528      7.093333333      8.505216652
v      42.36617378              7.6              8.5
v      42.32417157              7.6      8.495137019
v      42.26379543              7.6      8.488312756
v      42.17879609              7.6      8.479027869
v      42.06257676              7.6      8.466918402
v      41.90986259              7.6      8.452005026
v      41.71934221              7.6       8.43502049
v      41.49646121              7.6      8.417664367
v      41.25451358              7.6      8.402563596
v      41.01230027              7.6      8.392661375
v      40.78876795              7.6      8.390090088
v       40.5975753              7.6      8.395255504
v      40.44460102              7.6      8.406963019
v      40.32893997              7.6       8.42339014
v      40.24583336              7.6      8.443290523
v       40.1902125              7.6      8.467330989
v      40.16617378              7.6              8.5
v       40.1902125              7.6      8.532669011
v      40.24583336              7.6      8.556709477
v      40.32893997              7.6       8.57660986
v      40.44460102              7.6      8.593036981
v       40.5975753              7.6      8.604744496
v      40.78876795              7.6      8.609909912
v      41.01230027              7.6      8.607338625
v      41.25451358              7.6      8.597436404
v      41.49646121              7.6      8.582335633
v      41.71934221              7.6       8.56497951
v      41.90986259              7.6      8.547994974
v      42.06257676              7.6      8.533081598
v      42.17879609              7.6      8.520972131
v      42.26379543              7.6      8.511687244
v      42.32417157              7.6      8.504862981
v      42.32417157              7.6       8.49756851
v      42.26379543              7.6      8.494156378
v      42.17879609              7.6      8.489513934
v      42.06257676              7.6      8.483459201
v      41.90986259              7.6      8.476002513
v      41.71934221              7.6      8.467510245
v      41.49646121              7.6      8.458832183
v      41.25451358              7.6      8.451281798
v      41.01230027              7.6      8.446330687
v      40.78876795              7.6      8.445045044
v       40.5975753              7.6      8.447627752
v      40.44460102              7.6       8.45348151
v      40.32893997              7.6       8.46169507
v      40.24583336              7.6      8.471645261
v       40.1902125              7.6      8.483665495
v       40.1902125              7.6      8.516334505
v      40.24583336              7.6      8.528354739
v      40.32893997              7.6       8.53830493
v      40.44460102              7.6       8.54651849
v       40.5975753              7.6      8.552372248
v      40.78876795              7.6      8.554954956
v      41.01230027              7.6      8.553669313
v      41.25451358              7.6      8.548718202
v      41.49646121              7.6      8.541167817
v      41.71934221              7.6      8.532489755
v      41.90986259              7.6      8.523997487
v      42.06257676              7.6      8.516540799
v      42.17879609              7.6      8.510486066
v      42.26379543              7.6      8.505843622
v      42.32417157              7.6       8.50243149
v      42.32417157              7.6              8.5
v      42.26379543              7.6              8.5
v      42.17879609              7.6              8.5
v      42.06257676              7.6              8.5
v      41.90986259              7.6              8.5
v      41.71934221              7.6              8.5
v      41.49646121              7.6              8.5
v      41.25451358              7.6              8.5
v      41.01230027              7.6              8.5
v      40.78876795              7.6              8.5
v       40.5975753              7.6              8.5
v      40.44460102              7.6              8.5
v      40.32893997              7.6              8.5
v      40.24583336              7.6              8.5
v       40.1902125              7.6              8.5
v      41.46441159    -0.5066666667              8.5
v      41.37964349    -0.5066666667      8.490185621
v      41.25779345    -0.5066666667      8.476413017
v      41.08624934    -0.5066666667      8.457674426
v      40.85169759    -0.5066666667      8.433235321
v      40.54349263    -0.5066666667      8.403137417
v      40.15898787    -0.5066666667      8.368859534
v      39.70917348    -0.5066666667      8.333831722
v      39.22087918    -0.5066666667       8.30335562
v      38.73204869    -0.5066666667      8.283371139
v      38.28091982    -0.5066666667      8.278181814
v      37.89505828    -0.5066666667      8.288606563
v      37.58632838    -0.5066666667      8.312234458
v      37.35290335    -0.5066666667      8.345387373
v       37.1851791    -0.5066666667      8.385549964
v       37.0729261    -0.5066666667      8.434067997
v      37.02441159    -0.5066666667              8.5
v       37.0729261    -0.5066666667      8.565932003
v       37.1851791    -0.5066666667      8.614450036
v      37.35290335    -0.5066666667      8.654612627
v      37.58632838    -0.5066666667      8.687765542
v      37.89505828    -0.5066666667      8.711393437
v      38.28091982    -0.5066666667      8.721818186
v      38.73204869    -0.5066666667      8.716628861
v      39.22087918    -0.5066666667       8.69664438
v      39.70917348    -0.5066666667      8.666168278
v      40.15898787    -0.5066666667      8.631140466
v      40.54349263    -0.5066666667      8.596862583
v      40.85169759    -0.5066666667      8.566764679
v      41.08624934    -0.5066666667      8.542325574
v      41.25779345    -0.5066666667      8.523586983
v      41.37964349    -0.5066666667      8.509814379
v      41.52882317     -1.013333333              8.5
v      41.44710978     -1.013333333      8.490539292
v      41.32965074     -1.013333333      8.477262998
v       41.1642884     -1.013333333      8.459199672
v      40.93818896     -1.013333333      8.435641256
v      40.64109048     -1.013333333       8.40662796
v      40.27044175     -1.013333333      8.373585316
v      39.83683689     -1.013333333      8.339819768
v      39.36613878     -1.013333333      8.310441904
v       38.8949238     -1.013333333      8.291177584
v      38.46005183     -1.013333333      8.286175262
v      38.08809521     -1.013333333      8.296224345
v      37.79049071     -1.013333333      8.319000783
v       37.5654774     -1.013333333      8.350958999
v      37.40379726     -1.013333333       8.38967429
v      37.29558941     -1.013333333      8.436443925
v      37.24882317     -1.013333333              8.5
v      37.29558941     -1.013333333      8.563556075
v      37.40379726     -1.013333333       8.61032571
v       37.5654774     -1.013333333      8.649041001
v      37.79049071     -1.013333333      8.680999217
v      38.08809521     -1.013333333      8.703775655
v      38.46005183     -1.013333333      8.713824738
v       38.8949238     -1.013333333      8.708822416
v      39.36613878     -1.013333333      8.689558096
v      39.83683689     -1.013333333      8.660180232
v      40.27044175     -1.013333333      8.626414684
v      40.64109048     -1.013333333       8.59337204
v      40.93818896     -1.013333333      8.564358744
v       41.1642884     -1.013333333      8.540800328
v      41.32965074     -1.013333333      8.522737002
v      41.44710978     -1.013333333      8.509460708
v      41.59323476            -1.52              8.5
v      41.51457607            -1.52      8.490892963
v      41.40150802            -1.52      8.478112979
v      41.24232745            -1.52      8.460724918
v      41.02468033            -1.52       8.43804719
v      40.73868834            -1.52      8.410118504
v      40.38189563            -1.52      8.378311099
v       39.9645003            -1.52      8.345807814
v      39.51139838            -1.52      8.317528188
v      39.05779892            -1.52      8.298984029
v      38.63918384            -1.52       8.29416871
v      38.28113214            -1.52      8.303842126
v      37.99465304            -1.52      8.325767109
v      37.77805144            -1.52      8.356530626
v      37.62241542            -1.52      8.393798615
v      37.51825273            -1.52      8.438819853
v      37.47323476            -1.52              8.5
v      37.51825273            -1.52      8.561180147
v      37.62241542            -1.52      8.606201385
v      37.77805144            -1.52      8.643469374
v      37.99465304            -1.52      8.674232891
v      38.28113214            -1.52      8.696157874
v      38.63918384            -1.52       8.70583129
v      39.05779892            -1.52      8.701015971
v      39.51139838            -1.52      8.682471812
v       39.9645003            -1.52      8.654192186
v      40.38189563            -1.52      8.621688901
v      40.73868834            -1.52      8.589881496
v      41.02468033            -1.52       8.56195281
v      41.24232745            -1.52      8.539275082
v      41.40150802            -1.52      8.521887021
v      41.51457607            -1.52      8.509107037
v      41.65764634     -2.026666667              8.5
v      41.58204236     -2.026666667      8.491246635
v       41.4733653     -2.026666667      8.478962961
v       41.3203665     -2.026666667      8.462250164
v       41.1111717     -2.026666667      8.440453124
v      40.83628619     -2.026666667      8.413609047
v      40.49334951     -2.026666667      8.383036881
v      40.09216371     -2.026666667       8.35179586
v      39.65665798     -2.026666667      8.324614472
v      39.22067403     -2.026666667      8.306790475
v      38.81831585     -2.026666667      8.302162158
v      38.47416907     -2.026666667      8.311459908
v      38.19881537     -2.026666667      8.332533435
v      37.99062549     -2.026666667      8.362102252
v      37.84103359     -2.026666667      8.397922941
v      37.74091604     -2.026666667      8.441195781
v      37.69764634     -2.026666667              8.5
v      37.74091604     -2.026666667      8.558804219
v      37.84103359     -2.026666667      8.602077059
v      37.99062549     -2.026666667      8.637897748
v      38.19881537     -2.026666667      8.667466565
v      38.47416907     -2.026666667      8.688540092
v      38.81831585     -2.026666667      8.697837842
v      39.22067403     -2.026666667      8.693209525
v      39.65665798     -2.026666667      8.675385528
v      40.09216371     -2.026666667       8.64820414
v      40.49334951     -2.026666667      8.616963119
v      40.83628619     -2.026666667      8.586390953
v       41.1111717     -2.026666667      8.559546876
v       41.3203665     -2.026666667      8.537749836
v       41.4733653     -2.026666667      8.521037039
v      41.58204236     -2.026666667      8.508753365
v      41.72205793     -2.533333333              8.5
v      41.64950865     -2.533333333      8.491600306
v      41.54522259     -2.533333333      8.479812942
v      41.39840556     -2.533333333       8.46377541
v      41.19766307     -2.533333333      8.442859059
v      40.93388405     -2.533333333      8.417099591
v      40.60480339     -2.533333333      8.387762664
v      40.21982712     -2.533333333      8.357783906
v      39.80191758     -2.533333333      8.331700756
v      39.38354914     -2.533333333       8.31459692
v      38.99744786     -2.533333333      8.310155606
v        38.667206     -2.533333333      8.319077689
v      38.40297771     -2.533333333      8.339299761
v      38.20319953     -2.533333333      8.367673878
v      38.05965175     -2.533333333      8.402047267
v      37.96357936     -2.533333333      8.443571709
v      37.92205793     -2.533333333              8.5
v      37.96357936     -2.533333333      8.556428291
v      38.05965175     -2.533333333      8.597952733
v      38.20319953     -2.533333333      8.632326122
v      38.40297771     -2.533333333      8.660700239
v        38.667206     -2.533333333      8.680922311
v      38.99744786     -2.533333333      8.689844394
v      39.38354914     -2.533333333       8.68540308
v      39.80191758     -2.533333333      8.668299244
v      40.21982712     -2.533333333      8.642216094
v      40.60480339     -2.533333333      8.612237336
v      40.93388405     -2.533333333      8.582900409
v      41.19766307     -2.533333333      8.557140941
v      41.39840556     -2.533333333       8.53622459
v      41.54522259     -2.533333333      8.520187058
v      41.64950865     -2.533333333      8.508399694
v      41.78646951            -3.04              8.5
v      41.71697494            -3.04      8.491953977
v      41.61707987            -3.04      8.480662923
v      41.47644461            -3.04      8.465300656
v      41.28415444            -3.04      8.445264993
v       41.0314819            -3.04      8.420590134
v      40.71625727            -3.04      8.392488447
v      40.34749053            -3.04      8.363771952
v      39.94717718            -3.04       8.33878704
v      39.54642426            -3.04      8.322403366
v      39.17657987            -3.04      8.318149055
v      38.86024293            -3.04      8.326695471
v      38.60714004            -3.04      8.346066087
v      38.41577357            -3.04      8.373245504
v      38.27826991            -3.04      8.406171592
v      38.18624267            -3.04      8.445947637
v      38.14646951            -3.04              8.5
v      38.18624267            -3.04      8.554052363
v      38.27826991            -3.04      8.593828408
v      38.41577357            -3.04      8.626754496
v      38.60714004            -3.04      8.653933913
v      38.86024293            -3.04      8.673304529
v      39.17657987            -3.04      8.681850945
v      39.54642426            -3.04      8.677596634
v      39.94717718            -3.04       8.66121296
v      40.34749053            -3.04      8.636228048
v      40.71625727            -3.04      8.607511553
v       41.0314819            -3.04      8.579409866
v      41.28415444            -3.04      8.554735007
v      41.47644461            -3.04      8.534699344
v      41.61707987            -3.04      8.519337077
v      41.71697494            -3.04      8.508046023
v       41.8508811     -3.546666667              8.5
v      41.78444124     -3.546666667      8.492307649
v      41.68893715     -3.546666667      8.481512905
v      41.55448366     -3.546666667      8.466825902
v       41.3706458     -3.546666667      8.447670927
v      41.12907975     -3.546666667      8.424080678
v      40.82771116     -3.546666667      8.397214229
v      40.47515394     -3.546666667      8.369759998
v      40.09243678     -3.546666667      8.345873324
v      39.70929937     -3.546666667      8.330209811
v      39.35571188     -3.546666667      8.326142503
v      39.05327986     -3.546666667      8.334313252
v      38.81130237     -3.546666667      8.352832413
v      38.62834762     -3.546666667       8.37881713
v      38.49688807     -3.546666667      8.410295918
v      38.40890599     -3.546666667      8.448323565
v       38.3708811     -3.546666667              8.5
v      38.40890599     -3.546666667      8.551676435
v      38.49688807     -3.546666667      8.589704082
v      38.62834762     -3.546666667       8.62118287
v      38.81130237     -3.546666667      8.647167587
v      39.05327986     -3.546666667      8.665686748
v      39.35571188     -3.546666667      8.673857497
v      39.70929937     -3.546666667      8.669790189
v      40.09243678     -3.546666667      8.654126676
v      40.47515394     -3.546666667      8.630240002
v      40.82771116     -3.546666667      8.602785771
v      41.12907975     -3.546666667      8.575919322
v       41.3706458     -3.546666667      8.552329073
v      41.55448366     -3.546666667      8.533174098
v      41.68893715     -3.546666667      8.518487095
v      41.78444124     -3.546666667      8.507692351
v      41.91529268     -4.053333333              8.5
v      41.85190753     -4.053333333       8.49266132
v      41.76079444     -4.053333333      8.482362886
v      41.63252272     -4.053333333      8.468351148
v      41.45713717     -4.053333333      8.450076862
v      41.22667761     -4.053333333      8.427571221
v      40.93916504     -4.053333333      8.401940012
v      40.60281735     -4.053333333      8.375748044
v      40.23769638     -4.053333333      8.352959608
v      39.87217448     -4.053333333      8.338016257
v      39.53484389     -4.053333333      8.334135951
v      39.24631679     -4.053333333      8.341931034
v       39.0154647     -4.053333333      8.359598738
v      38.84092166     -4.053333333      8.384388756
v      38.71550623     -4.053333333      8.414420243
v       38.6315693     -4.053333333      8.450699493
v      38.59529268     -4.053333333              8.5
v       38.6315693     -4.053333333      8.549300507
v      38.71550623     -4.053333333      8.585579757
v      38.84092166     -4.053333333      8.615611244
v       39.0154647     -4.053333333      8.640401262
v      39.24631679     -4.053333333      8.658068966
v      39.53484389     -4.053333333      8.665864049
v      39.87217448     -4.053333333      8.661983743
v      40.23769638     -4.053333333      8.647040392
v      40.60281735     -4.053333333      8.624251956
v      40.93916504     -4.053333333      8.598059988
v      41.22667761     -4.053333333      8.572428779
v      41.45713717     -4.053333333      8.549923138
v      41.63252272     -4.053333333      8.531648852
v      41.76079444     -4.053333333      8.517637114
v      41.85190753     -4.053333333       8.50733868
v      41.97970427            -4.56              8.5
v      41.91937382            -4.56      8.493014991
v      41.83265172            -4.56      8.483212868
v      41.71056177            -4.56      8.469876394
v      41.54362854            -4.56      8.452482796
v      41.32427546            -4.56      8.431061765
v      41.05061892            -4.56      8.406665794
v      40.73048075            -4.56       8.38173609
v      40.38295598            -4.56      8.360045892
v      40.03504959            -4.56      8.345822702
v       39.7139759            -4.56      8.342129399
v      39.43935372            -4.56      8.349548815
v      39.21962703            -4.56      8.366365064
v      39.05349571            -4.56      8.389960383
v      38.93412439            -4.56      8.418544569
v      38.85423261            -4.56      8.453075421
v      38.81970427            -4.56              8.5
v      38.85423261            -4.56      8.546924579
v      38.93412439            -4.56      8.581455431
v      39.05349571            -4.56      8.610039617
v      39.21962703            -4.56      8.633634936
v      39.43935372            -4.56      8.650451185
v       39.7139759            -4.56      8.657870601
v      40.03504959            -4.56      8.654177298
v      40.38295598            -4.56      8.639954108
v      40.73048075            -4.56       8.61826391
v      41.05061892            -4.56      8.593334206
v      41.32427546            -4.56      8.568938235
v      41.54362854            -4.56      8.547517204
v      41.71056177            -4.56      8.530123606
v      41.83265172            -4.56      8.516787132
v      41.91937382            -4.56      8.506985009
v      42.04411585     -5.066666667              8.5
v      41.98684011     -5.066666667      8.493368663
v      41.90450901     -5.066666667      8.484062849
v      41.78860083     -5.066666667      8.471401639
v      41.63011991     -5.066666667      8.454888731
v      41.42187332     -5.066666667      8.434552308
v       41.1620728     -5.066666667      8.411391577
v      40.85814416     -5.066666667      8.387724136
v      40.52821558     -5.066666667      8.367132176
v      40.19792471     -5.066666667      8.353629148
v       39.8931079     -5.066666667      8.350122847
v      39.63239065     -5.066666667      8.357166597
v      39.42378936     -5.066666667       8.37313139
v      39.26606975     -5.066666667      8.395532009
v      39.15274255     -5.066666667      8.422668895
v      39.07689593     -5.066666667      8.455451349
v      39.04411585     -5.066666667              8.5
v      39.07689593     -5.066666667      8.544548651
v      39.15274255     -5.066666667      8.577331105
v      39.26606975     -5.066666667      8.604467991
v      39.42378936     -5.066666667       8.62686861
v      39.63239065     -5.066666667      8.642833403
v       39.8931079     -5.066666667      8.649877153
v      40.19792471     -5.066666667      8.646370852
v      40.52821558     -5.066666667      8.632867824
v      40.85814416     -5.066666667      8.612275864
v       41.1620728     -5.066666667      8.588608423
v      41.42187332     -5.066666667      8.565447692
v      41.63011991     -5.066666667      8.545111269
v      41.78860083     -5.066666667      8.528598361
v      41.90450901     -5.066666667      8.515937151
v      41.98684011     -5.066666667      8.506631337
v      42.10852744     -5.573333333              8.5
v       42.0543064     -5.573333333      8.493722334
v      41.97636629     -5.573333333       8.48491283
v      41.86663988     -5.573333333      8.472926885
v      41.71661128     -5.573333333      8.457294665
v      41.51947117     -5.573333333      8.438042852
v      41.27352668     -5.573333333      8.416117359
v      40.98580757     -5.573333333      8.393712183
v      40.67347518     -5.573333333       8.37421846
v      40.36079982     -5.573333333      8.361435593
v      40.07223991     -5.573333333      8.358116295
v      39.82542758     -5.573333333      8.364784378
v      39.62795169     -5.573333333      8.379897716
v       39.4786438     -5.573333333      8.401103635
v      39.37136072     -5.573333333       8.42679322
v      39.29955924     -5.573333333      8.457827277
v      39.26852744     -5.573333333              8.5
v      39.29955924     -5.573333333      8.542172723
v      39.37136072     -5.573333333       8.57320678
v       39.4786438     -5.573333333      8.598896365
v      39.62795169     -5.573333333      8.620102284
v      39.82542758     -5.573333333      8.635215622
v      40.07223991     -5.573333333      8.641883705
v      40.36079982     -5.573333333      8.638564407
v      40.67347518     -5.573333333       8.62578154
v      40.98580757     -5.573333333      8.606287817
v      41.27352668     -5.573333333      8.583882641
v      41.51947117     -5.573333333      8.561957148
v      41.71661128     -5.573333333      8.542705335
v      41.86663988     -5.573333333      8.527073115
v      41.97636629     -5.573333333       8.51508717
v       42.0543064     -5.573333333      8.506277666
v      42.17293902            -6.08              8.5
v      42.12177269            -6.08      8.494076005
v      42.04822357            -6.08      8.485762812
v      41.94467893            -6.08      8.474452131
v      41.80310265            -6.08      8.459700599
v      41.61706902            -6.08      8.441533396
v      41.38498056            -6.08      8.420843142
v      41.11347098            -6.08      8.399700229
v      40.81873478            -6.08      8.381304744
v      40.52367493            -6.08      8.369242039
v      40.25137192            -6.08      8.366109743
v      40.01846451            -6.08       8.37240216
v      39.83211403            -6.08      8.386664042
v      39.69121784            -6.08      8.406675261
v      39.58997888            -6.08      8.430917546
v      39.52222256            -6.08      8.460203205
v      39.49293902            -6.08              8.5
v      39.52222256            -6.08      8.539796795
v      39.58997888            -6.08      8.569082454
v      39.69121784            -6.08      8.593324739
v      39.83211403            -6.08      8.613335958
v      40.01846451            -6.08       8.62759784
v      40.25137192            -6.08      8.633890257
v      40.52367493            -6.08      8.630757961
v      40.81873478            -6.08      8.618695256
v      41.11347098            -6.08      8.600299771
v      41.38498056            -6.08      8.579156858
v      41.61706902            -6.08      8.558466604
v      41.80310265            -6.08      8.540299401
v      41.94467893            -6.08      8.525547869
v      42.04822357            -6.08      8.514237188
v      42.12177269            -6.08      8.505923995
v      42.23735061     -6.586666667              8.5
v      42.18923899     -6.586666667      8.494429677
v      42.12008086     -6.586666667      8.486612793
v      42.02271799     -6.586666667      8.475977377
v      41.88959402     -6.586666667      8.462106534
v      41.71466688     -6.586666667      8.445023939
v      41.49643444     -6.586666667      8.425568925
v      41.24113439     -6.586666667      8.405688275
v      40.96399438     -6.586666667      8.388391028
v      40.68655005     -6.586666667      8.377048484
v      40.43050393     -6.586666667      8.374103192
v      40.21150144     -6.586666667      8.380019941
v      40.03627636     -6.586666667      8.393430368
v      39.90379188     -6.586666667      8.412246887
v      39.80859704     -6.586666667      8.435041872
v      39.74488587     -6.586666667      8.462579133
v      39.71735061     -6.586666667              8.5
v      39.74488587     -6.586666667      8.537420867
v      39.80859704     -6.586666667      8.564958128
v      39.90379188     -6.586666667      8.587753113
v      40.03627636     -6.586666667      8.606569632
v      40.21150144     -6.586666667      8.619980059
v      40.43050393     -6.586666667      8.625896808
v      40.68655005     -6.586666667      8.622951516
v      40.96399438     -6.586666667      8.611608972
v      41.24113439     -6.586666667      8.594311725
v      41.49643444     -6.586666667      8.574431075
v      41.71466688     -6.586666667      8.554976061
v      41.88959402     -6.586666667      8.537893466
v      42.02271799     -6.586666667      8.524022623
v      42.12008086     -6.586666667      8.513387207
v      42.18923899     -6.586666667      8.505570323
v       42.3017622     -7.093333333              8.5
v      42.25670528     -7.093333333      8.494783348
v      42.19193814     -7.093333333      8.487462775
v      42.10075704     -7.093333333      8.477502623
v      41.97608539     -7.093333333      8.464512468
v      41.81226473     -7.093333333      8.448514483
v      41.60788833     -7.093333333      8.430294707
v       41.3687978     -7.093333333      8.411676321
v      41.10925398     -7.093333333      8.395477312
v      40.84942516     -7.093333333       8.38485493
v      40.60963594     -7.093333333       8.38209664
v      40.40453837     -7.093333333      8.387637723
v      40.24043869     -7.093333333      8.400196694
v      40.11636593     -7.093333333      8.417818514
v       40.0272152     -7.093333333      8.439166197
v      39.96754919     -7.093333333      8.464955061
v       39.9417622     -7.093333333              8.5
v      39.96754919     -7.093333333      8.535044939
v       40.0272152     -7.093333333      8.560833803
v      40.11636593     -7.093333333      8.582181486
v      40.24043869     -7.093333333      8.599803306
v      40.40453837     -7.093333333      8.612362277
v      40.60963594     -7.093333333       8.61790336
v      40.84942516     -7.093333333       8.61514507
v      41.10925398     -7.093333333      8.604522688
v       41.3687978     -7.093333333      8.588323679
v      41.60788833     -7.093333333      8.569705293
v      41.81226473     -7.093333333      8.551485517
v      41.97608539     -7.093333333      8.535487532
v      42.10075704     -7.093333333      8.522497377
v      42.19193814     -7.093333333      8.512537225
v      42.25670528     -7.093333333      8.505216652
v      42.36617378             -7.6              8.5
v      42.32417157             -7.6      8.495137019
v      42.26379543             -7.6      8.488312756
v      42.17879609             -7.6      8.479027869
v      42.06257676             -7.6      8.466918402
v      41.90986259             -7.6      8.452005026
v      41.71934221             -7.6       8.43502049
v      41.49646121             -7.6      8.417664367
v      41.25451358             -7.6      8.402563596
v      41.01230027             -7.6      8.392661375
v      40.78876795             -7.6      8.390090088
v       40.5975753             -7.6      8.395255504
v      40.44460102             -7.6      8.406963019
v      40.32893997             -7.6       8.42339014
v      40.24583336             -7.6      8.443290523
v       40.1902125             -7.6      8.467330989
v      40.16617378             -7.6              8.5
v       40.1902125             -7.6      8.532669011
v      40.24583336             -7.6      8.556709477
v      40.32893997             -7.6       8.57660986
v      40.44460102             -7.6      8.593036981
v       40.5975753             -7.6      8.604744496
v      40.78876795             -7.6      8.609909912
v      41.01230027             -7.6      8.607338625
v      41.25451358             -7.6      8.597436404
v      41.49646121             -7.6      8.582335633
v      41.71934221             -7.6       8.56497951
v      41.90986259             -7.6      8.547994974
v      42.06257676             -7.6      8.533081598
v      42.17879609             -7.6      8.520972131
v      42.26379543             -7.6      8.511687244
v      42.32417157             -7.6      8.504862981
v      42.32417157             -7.6       8.49756851
v      42.26379543             -7.6      8.494156378
v      42.17879609             -7.6      8.489513934
v      42.06257676             -7.6      8.483459201
v      41.90986259             -7.6      8.476002513
v      41.71934221             -7.6      8.467510245
v      41.49646121             -7.6      8.458832183
v      41.25451358             -7.6      8.451281798
v      41.01230027             -7.6      8.446330687
v      40.78876795             -7.6      8.445045044
v       40.5975753             -7.6      8.447627752
v      40.44460102             -7.6       8.45348151
v      40.32893997             -7.6       8.46169507
v      40.24583336             -7.6      8.471645261
v       40.1902125             -7.6      8.483665495
v       40.1902125             -7.6      8.516334505
v      40.24583336             -7.6      8.528354739
v      40.32893997             -7.6       8.53830493
v      40.44460102             -7.6       8.54651849
v       40.5975753             -7.6      8.552372248
v      40.78876795             -7.6      8.554954956
v      41.01230027             -7.6      8.553669313
v      41.25451358             -7.6      8.548718202
v      41.49646121             -7.6      8.541167817
v      41.71934221             -7.6      8.532489755
v      41.90986259             -7.6      8.523997487
v      42.06257676             -7.6      8.516540799
v      42.17879609             -7.6      8.510486066
v      42.26379543             -7.6      8.505843622
v      42.32417157             -7.6       8.50243149
v      42.32417157             -7.6              8.5
v      42.26379543             -7.6              8.5
v      42.17879609             -7.6              8.5
v      42.06257676             -7.6              8.5
v      41.90986259             -7.6              8.5
v      41.71934221             -7.6              8.5
v      41.49646121             -7.6              8.5
v      41.25451358             -7.6              8.5
v      41.01230027             -7.6              8.5
v      40.78876795             -7.6              8.5
v       40.5975753             -7.6              8.5
v      40.44460102             -7.6              8.5
v      40.32893997             -7.6              8.5
v      40.24583336             -7.6              8.5
v       40.1902125             -7.6              8.5
g MeshGeom
f 1 2 3
f 2 4 3
f 4 5 3
f 5 6 3
f 6 7 3
f 7 8 3
f 3 8 9
f 3 9 10
f 3 10 11
f 3 11 12
f 3 12 13
f 3 13 14
f 14 15 3
f 15 16 3
f 16 17 3
f 17 18 3
f 18 19 3
f 19 20 3
f 3 20 21
f 3 21 22
f 3 22 23
f 3 23 24
f 3 24 25
f 3 25 1
f 1 26 2
f 26 27 2
f 2 27 4
f 27 28 4
f 4 28 5
f 28 29 5
f 5 29 6
f 29 30 6
f 6 30 7
f 30 31 7
f 7 31 8
f 31 32 8
f 8 32 33
f 8 33 9
f 9 33 34
f 9 34 10
f 10 34 35
f 10 35 11
f 11 35 36
f 11 36 12
f 12 36 37
f 12 37 13
f 13 37 38
f 13 38 14
f 14 38 15
f 38 39 15
f 15 39 16
f 39 40 16
f 16 40 17
f 40 41 17
f 17 41 18
f 41 42 18
f 18 42 19
f 42 43 19
f 19 43 20
f 43 44 20
f 20 44 45
f 20 45 21
f 21 45 46
f 21 46 22
f 22 46 47
f 22 47 23
f 23 47 48
f 23 48 24
f 24 48 49
f 24 49 25
f 25 49 26
f 25 26 1
f 26 50 27
f 50 51 27
f 27 51 28
f 51 52 28
f 28 52 29
f 52 53 29
f 29 53 30
f 53 54 30
f 30 54 31
f 54 55 31
f 31 55 32
f 55 56 32
f 32 56 57
f 32 57 33
f 33 57 58
f 33 58 34
f 34 58 59
f 34 59 35
f 35 59 60
f 35 60 36
f 36 60 61
f 36 61 37
f 37 61 62
f 37 62 38
f 38 62 39
f 62 63 39
f 39 63 40
f 63 64 40
f 40 64 41
f 64 65 41
f 41 65 42
f 65 66 42
f 42 66 43
f 66 67 43
f 43 67 44
f 67 68 44
f 44 68 69
f 44 69 45
f 45 69 70
f 45 70 46
f 46 70 71
f 46 71 47
f 47 71 72
f 47 72 48
f 48 72 73
f 48 73 49
f 49 73 50
f 49 50 26
f 50 74 51
f 74 75 51
f 51 75 52
f 75 76 52
f 52 76 53
f 76 77 53
f 53 77 54
f 77 78 54
f 54 78 55
f 78 79 55
f 55 79 56
f 79 80 56
f 56 80 81
f 56 81 57
f 57 81 82
f 57 82 58
f 58 82 83
f 58 83 59
f 59 83 84
f 59 84 60
f 60 84 85
f 60 85 61
f 61 85 86
f 61 86 62
f 62 86 63
f 86 87 63
f 63 87 64
f 87 88 64
f 64 88 65
f 88 89 65
f 65 89 66
f 89 90 66
f 66 90 67
f 90 91 67
f 67 91 68
f 91 92 68
f 68 92 93
f 68 93 69
f 69 93 94
f 69 94 70
f 70 94 95
f 70 95 71
f 71 95 96
f 71 96 72
f 72 96 97
f 72 97 73
f 73 97 74
f 73 74 50
f 74 98 75
f 98 99 75
f 75 99 76
f 99 100 76
f 76 100 77
f 100 101 77
f 77 101 78
f 101 102 78
f 78 102 79
f 102 103 79
f 79 103 80
f 103 104 80
f 80 104 105
f 80 105 81
f 81 105 106
f 81 106 82
f 82 106 107
f 82 107 83
f 83 107 108
f 83 108 84
f 84 108 109
f 84 109 85
f 85 109 110
f 85 110 86
f 86 110 87
f 110 111 87
f 87 111 88
f 111 112 88
f 88 112 89
f 112 113 89
f 89 113 90
f 113 114 90
f 90 114 91
f 114 115 91
f 91 115 92
f 115 116 92
f 92 116 117
f 92 117 93
f 93 117 118
f 93 118 94
f 94 118 119
f 94 119 95
f 95 119 120
f 95 120 96
f 96 120 121
f 96 121 97
f 97 121 98
f 97 98 74
f 98 122 99
f 122 123 99
f 99 123 100
f 123 124 100
f 100 124 101
f 124 125 101
f 101 125 102
f 125 126 102
f 102 126 103
f 126 127 103
f 103 127 104
f 127 128 104
f 104 128 129
f 104 129 105
f 105 129 130
f 105 130 106
f 106 130 131
f 106 131 107
f 107 131 132
f 107 132 108
f 108 132 133
f 108 133 109
f 109 133 134
f 109 134 110
f 110 134 111
f 134 135 111
f 111 135 112
f 135 136 112
f 112 136 113
f 136 137 113
f 113 137 114
f 137 138 114
f 114 138 115
f 138 139 115
f 115 139 116
f 139 140 116
f 116 140 141
f 116 141 117
f 117 141 142
f 117 142 118
f 118 142 143
f 118 143 119
f 119 143 144
f 119 144 120
f 120 144 145
f 120 145 121
f 121 145 122
f 121 122 98
f 122 146 123
f 146 147 123
f 123 147 124
f 147 148 124
f 124 148 125
f 148 149 125
f 125 149 126
f 149 150 126
f 126 150 127
f 150 151 127
f 127 151 128
f 151 152 128
f 128 152 153
f 128 153 129
f 129 153 154
f 129 154 130
f 130 154 155
f 130 155 131
f 131 155 156
f 131 156 132
f 132 156 157
f 132 157 133
f 133 157 158
f 133 158 134
f 134 158 135
f 158 159 135
f 135 159 136
f 159 160 136
f 136 160 137
f 160 161 137
f 137 161 138
f 161 162 138
f 138 162 139
f 162 163 139
f 139 163 140
f 163 164 140
f 140 164 165
f 140 165 141
f 141 165 166
f 141 166 142
f 142 166 167
f 142 167 143
f 143 167 168
f 143 168 144
f 144 168 169
f 144 169 145
f 145 169 146
f 145 146 122
f 146 170 147
f 170 171 147
f 147 171 148
f 171 172 148
f 148 172 149
f 172 173 149
f 149 173 150
f 173 174 150
f 150 174 151
f 174 175 151
f 151 175 152
f 175 176 152
f 152 176 177
f 152 177 153
f 153 177 178
f 153 178 154
f 154 178 179
f 154 179 155
f 155 179 180
f 155 180 156
f 156 180 181
f 156 181 157
f 157 181 182
f 157 182 158
f 158 182 159
f 182 183 159
f 159 183 160
f 183 184 160
f 160 184 161
f 184 185 161
f 161 185 162
f 185 186 162
f 162 186 163
f 186 187 163
f 163 187 164
f 187 188 164
f 164 188 189
f 164 189 165
f 165 189 190
f 165 190 166
f 166 190 191
f 166 191 167
f 167 191 192
f 167 192 168
f 168 192 193
f 168 193 169
f 169 193 170
f 169 170 146
f 170 194 171
f 194 195 171
f 171 195 172
f 195 196 172
f 172 196 173
f 196 197 173
f 173 197 174
f 197 198 174
f 174 198 175
f 198 199 175
f 175 199 176
f 199 200 176
f 176 200 201
f 176 201 177
f 177 201 202
f 177 202 178
f 178 202 203
f 178 203 179
f 179 203 204
f 179 204 180
f 180 204 205
f 180 205 181
f 181 205 206
f 181 206 182
f 182 206 183
f 206 207 183
f 183 207 184
f 207 208 184
f 184 208 185
f 208 209 185
f 185 209 186
f 209 210 186
f 186 210 187
f 210 211 187
f 187 211 188
f 211 212 188
f 188 212 213
f 188 213 189
f 189 213 214
f 189 214 190
f 190 214 215
f 190 215 191
f 191 215 216
f 191 216 192
f 192 216 217
f 192 217 193
f 193 217 194
f 193 194 170
f 194 218 195
f 218 219 195
f 195 219 196
f 219 220 196
f 196 220 197
f 220 221 197
f 197 221 198
f 221 222 198
f 198 222 199
f 222 223 199
f 199 223 200
f 223 224 200
f 200 224 225
f 200 225 201
f 201 225 226
f 201 226 202
f 202 226 227
f 202 227 203
f 203 227 228
f 203 228 204
f 204 228 229
f 204 229 205
f 205 229 230
f 205 230 206
f 206 230 207
f 230 231 207
f 207 231 208
f 231 232 208
f 208 232 209
f 232 233 209
f 209 233 210
f 233 234 210
f 210 234 211
f 234 235 211
f 211 235 212
f 235 236 212
f 212 236 237
f 212 237 213
f 213 237 238
f 213 238 214
f 214 238 239
f 214 239 215
f 215 239 240
f 215 240 216
f 216 240 241
f 216 241 217
f 217 241 218
f 217 218 194
f 218 242 219
f 242 243 219
f 219 243 220
f 243 244 220
f 220 244 221
f 244 245 221
f 221 245 222
f 245 246 222
f 222 246 223
f 246 247 223
f 223 247 224
f 247 248 224
f 224 248 249
f 224 249 225
f 225 249 250
f 225 250 226
f 226 250 251
f 226 251 227
f 227 251 252
f 227 252 228
f 228 252 253
f 228 253 229
f 229 253 254
f 229 254 230
f 230 254 231
f 254 255 231
f 231 255 232
f 255 256 232
f 232 256 233
f 256 257 233
f 233 257 234
f 257 258 234
f 234 258 235
f 258 259 235
f 235 259 236
f 259 260 236
f 236 260 261
f 236 261 237
f 237 261 262
f 237 262 238
f 238 262 263
f 238 263 239
f 239 263 264
f 239 264 240
f 240 264 265
f 240 265 241
f 241 265 242
f 241 242 218
f 242 266 243
f 266 267 243
f 243 267 244
f 267 268 244
f 244 268 245
f 268 269 245
f 245 269 246
f 269 270 246
f 246 270 247
f 270 271 247
f 247 271 248
f 271 272 248
f 248 272 273
f 248 273 249
f 249 273 274
f 249 274 250
f 250 274 275
f 250 275 251
f 251 275 276
f 251 276 252
f 252 276 277
f 252 277 253
f 253 277 278
f 253 278 254
f 254 278 255
f 278 279 255
f 255 279 256
f 279 280 256
f 256 280 257
f 280 281 257
f 257 281 258
f 281 282 258
f 258 282 259
f 282 283 259
f 259 283 260
f 283 284 260
f 260 284 285
f 260 285 261
f 261 285 286
f 261 286 262
f 262 286 287
f 262 287 263
f 263 287 288
f 263 288 264
f 264 288 289
f 264 289 265
f 265 289 266
f 265 266 242
f 266 290 267
f 290 291 267
f 267 291 268
f 291 292 268
f 268 292 269
f 292 293 269
f 269 293 270
f 293 294 270
f 270 294 271
f 294 295 271
f 271 295 272
f 295 296 272
f 272 296 297
f 272 297 273
f 273 297 298
f 273 298 274
f 274 298 299
f 274 299 275
f 275 299 300
f 275 300 276
f 276 300 301
f 276 301 277
f 277 301 302
f 277 302 278
f 278 302 279
f 302 303 279
f 279 303 280
f 303 304 280
f 280 304 281
f 304 305 281
f 281 305 282
f 305 306 282
f 282 306 283
f 306 307 283
f 283 307 284
f 307 308 284
f 284 308 309
f 284 309 285
f 285 309 310
f 285 310 286
f 286 310 311
f 286 311 287
f 287 311 312
f 287 312 288
f 288 312 313
f 288 313 289
f 289 313 290
f 289 290 266
f 290 314 291
f 314 315 291
f 291 315 292
f 315 316 292
f 292 316 293
f 316 317 293
f 293 317 294
f 317 318 294
f 294 318 295
f 318 319 295
f 295 319 296
f 319 320 296
f 296 320 321
f 296 321 297
f 297 321 322
f 297 322 298
f 298 322 323
f 298 323 299
f 299 323 324
f 299 324 300
f 300 324 325
f 300 325 301
f 301 325 326
f 301 326 302
f 302 326 303
f 326 327 303
f 303 327 304
f 327 328 304
f 304 328 305
f 328 329 305
f 305 329 306
f 329 330 306
f 306 330 307
f 330 331 307
f 307 331 308
f 331 332 308
f 308 332 333
f 308 333 309
f 309 333 334
f 309 334 310
f 310 334 335
f 310 335 311
f 311 335 336
f 311 336 312
f 312 336 337
f 312 337 313
f 313 337 314
f 313 314 290
f 314 338 315
f 338 339 315
f 315 339 316
f 339 340 316
f 316 340 317
f 340 341 317
f 317 341 318
f 341 342 318
f 318 342 319
f 342 343 319
f 319 343 320
f 343 344 320
f 320 344 345
f 320 345 321
f 321 345 346
f 321 346 322
f 322 346 347
f 322 347 323
f 323 347 348
f 323 348 324
f 324 348 349
f 324 349 325
f 325 349 350
f 325 350 326
f 326 350 327
f 350 351 327
f 327 351 328
f 351 352 328
f 328 352 329
f 352 353 329
f 329 353 330
f 353 354 330
f 330 354 331
f 354 355 331
f 331 355 332
f 355 356 332
f 332 356 357
f 332 357 333
f 333 357 358
f 333 358 334
f 334 358 359
f 334 359 335
f 335 359 360
f 335 360 336
f 336 360 361
f 336 361 337
f 337 361 338
f 337 338 314
f 338 362 339
f 362 363 339
f 339 363 340
f 363 364 340
f 340 364 341
f 364 365 341
f 341 365 342
f 365 366 342
f 342 366 343
f 366 367 343
f 343 367 344
f 367 368 344
f 344 368 369
f 344 369 345
f 345 369 370
f 345 370 346
f 346 370 371
f 346 371 347
f 347 371 372
f 347 372 348
f 348 372 373
f 348 373 349
f 349 373 374
f 349 374 350
f 350 374 351
f 374 375 351
f 351 375 352
f 375 376 352
f 352 376 353
f 376 377 353
f 353 377 354
f 377 378 354
f 354 378 355
f 378 379 355
f 355 379 356
f 379 380 356
f 356 380 381
f 356 381 357
f 357 381 382
f 357 382 358
f 358 382 383
f 358 383 359
f 359 383 384
f 359 384 360
f 360 384 385
f 360 385 361
f 361 385 362
f 361 362 338
f 362 386 363
f 386 387 363
f 363 387 364
f 387 388 364
f 364 388 365
f 388 389 365
f 365 389 366
f 389 390 366
f 366 390 367
f 390 391 367
f 367 391 368
f 391 392 368
f 368 392 393
f 368 393 369
f 369 393 394
f 369 394 370
f 370 394 395
f 370 395 371
f 371 395 396
f 371 396 372
f 372 396 397
f 372 397 373
f 373 397 398
f 373 398 374
f 374 398 375
f 398 399 375
f 375 399 376
f 399 400 376
f 376 400 377
f 400 401 377
f 377 401 378
f 401 402 378
f 378 402 379
f 402 403 379
f 379 403 380
f 403 404 380
f 380 404 405
f 380 405 381
f 381 405 406
f 381 406 382
f 382 406 407
f 382 407 383
f 383 407 408
f 383 408 384
f 384 408 409
f 384 409 385
f 385 409 386
f 385 386 362
f 386 410 387
f 410 411 387
f 387 411 388
f 411 412 388
f 388 412 389
f 412 413 389
f 389 413 390
f 413 414 390
f 390 414 391
f 414 415 391
f 391 415 392
f 415 416 392
f 392 416 417
f 392 417 393
f 393 417 418
f 393 418 394
f 394 418 419
f 394 419 395
f 395 419 420
f 395 420 396
f 396 420 421
f 396 421 397
f 397 421 422
f 397 422 398
f 398 422 399
f 422 423 399
f 399 423 400
f 423 424 400
f 400 424 401
f 424 425 401
f 401 425 402
f 425 426 402
f 402 426 403
f 426 427 403
f 403 427 404
f 427 428 404
f 404 428 429
f 404 429 405
f 405 429 430
f 405 430 406
f 406 430 431
f 406 431 407
f 407 431 432
f 407 432 408
f 408 432 433
f 408 433 409
f 409 433 410
f 409 410 386
f 410 434 411
f 434 435 411
f 411 435 412
f 435 436 412
f 412 436 413
f 436 437 413
f 413 437 414
f 437 438 414
f 414 438 415
f 438 439 415
f 415 439 416
f 439 440 416
f 416 440 441
f 416 441 417
f 417 441 442
f 417 442 418
f 418 442 443
f 418 443 419
f 419 443 444
f 419 444 420
f 420 444 445
f 420 445 421
f 421 445 446
f 421 446 422
f 422 446 423
f 446 447 423
f 423 447 424
f 447 448 424
f 424 448 425
f 448 449 425
f 425 449 426
f 449 450 426
f 426 450 427
f 450 451 427
f 427 451 428
f 451 452 428
f 428 452 453
f 428 453 429
f 429 453 454
f 429 454 430
f 430 454 455
f 430 455 431
f 431 455 456
f 431 456 432
f 432 456 457
f 432 457 433
f 433 457 434
f 433 434 410
f 434 458 435
f 458 459 435
f 435 459 436
f 459 460 436
f 436 460 437
f 460 461 437
f 437 461 438
f 461 462 438
f 438 462 439
f 462 463 439
f 439 463 440
f 463 464 440
f 440 464 465
f 440 465 441
f 441 465 466
f 441 466 442
f 442 466 467
f 442 467 443
f 443 467 468
f 443 468 444
f 444 468 469
f 444 469 445
f 445 469 470
f 445 470 446
f 446 470 447
f 470 471 447
f 447 471 448
f 471 472 448
f 448 472 449
f 472 473 449
f 449 473 450
f 473 474 450
f 450 474 451
f 474 475 451
f 451 475 452
f 475 476 452
f 452 476 477
f 452 477 453
f 453 477 478
f 453 478 454
f 454 478 479
f 454 479 455
f 455 479 480
f 455 480 456
f 456 480 481
f 456 481 457
f 457 481 458
f 457 458 434
f 458 482 459
f 482 483 459
f 459 483 460
f 483 484 460
f 460 484 461
f 484 485 461
f 461 485 462
f 485 486 462
f 462 486 463
f 486 487 463
f 463 487 464
f 487 488 464
f 464 488 489
f 464 489 465
f 465 489 490
f 465 490 466
f 466 490 491
f 466 491 467
f 467 491 492
f 467 492 468
f 468 492 493
f 468 493 469
f 469 493 494
f 469 494 470
f 470 494 471
f 494 495 471
f 471 495 472
f 495 496 472
f 472 496 473
f 496 497 473
f 473 497 474
f 497 498 474
f 474 498 475
f 498 499 475
f 475 499 476
f 499 500 476
f 476 500 501
f 476 501 477
f 477 501 502
f 477 502 478
f 478 502 503
f 478 503 479
f 479 503 504
f 479 504 480
f 480 504 505
f 480 505 481
f 481 505 482
f 481 482 458
f 482 506 483
f 506 507 483
f 483 507 484
f 507 508 484
f 484 508 485
f 508 509 485
f 485 509 486
f 509 510 486
f 486 510 487
f 510 511 487
f 487 511 488
f 511 512 488
f 488 512 513
f 488 513 489
f 489 513 514
f 489 514 490
f 490 514 515
f 490 515 491
f 491 515 516
f 491 516 492
f 492 516 517
f 492 517 493
f 493 517 518
f 493 518 494
f 494 518 495
f 518 519 495
f 495 519 496
f 519 520 496
f 496 520 497
f 520 521 497
f 497 521 498
f 521 522 498
f 498 522 499
f 522 523 499
f 499 523 500
f 523 524 500
f 500 524 525
f 500 525 501
f 501 525 526
f 501 526 502
f 502 526 527
f 502 527 503
f 503 527 528
f 503 528 504
f 504 528 529
f 504 529 505
f 505 529 506
f 505 506 482
f 506 530 507
f 530 531 507
f 507 531 508
f 531 532 508
f 508 532 509
f 532 533 509
f 509 533 510
f 533 534 510
f 510 534 511
f 534 535 511
f 511 535 512
f 535 536 512
f 512 536 537
f 512 537 513
f 513 537 538
f 513 538 514
f 514 538 539
f 514 539 515
f 515 539 540
f 515 540 516
f 516 540 541
f 516 541 517
f 517 541 542
f 517 542 518
f 518 542 519
f 542 543 519
f 519 543 520
f 543 544 520
f 520 544 521
f 544 545 521
f 521 545 522
f 545 546 522
f 522 546 523
f 546 547 523
f 523 547 524
f 547 548 524
f 524 548 549
f 524 549 525
f 525 549 550
f 525 550 526
f 526 550 551
f 526 551 527
f 527 551 552
f 527 552 528
f 528 552 553
f 528 553 529
f 529 553 530
f 529 530 506
f 530 554 531
f 554 555 531
f 531 555 532
f 555 556 532
f 532 556 533
f 556 557 533
f 533 557 534
f 557 558 534
f 534 558 535
f 558 559 535
f 535 559 536
f 559 560 536
f 536 560 561
f 536 561 537
f 537 561 562
f 537 562 538
f 538 562 563
f 538 563 539
f 539 563 564
f 539 564 540
f 540 564 565
f 540 565 541
f 541 565 566
f 541 566 542
f 542 566 543
f 566 567 543
f 543 567 544
f 567 568 544
f 544 568 545
f 568 569 545
f 545 569 546
f 569 570 546
f 546 570 547
f 570 571 547
f 547 571 548
f 571 572 548
f 548 572 573
f 548 573 549
f 549 573 574
f 549 574 550
f 550 574 575
f 550 575 551
f 551 575 576
f 551 576 552
f 552 576 577
f 552 577 553
f 553 577 554
f 553 554 530
f 554 578 555
f 578 579 555
f 555 579 556
f 579 580 556
f 556 580 557
f 580 581 557
f 557 581 558
f 581 582 558
f 558 582 559
f 582 583 559
f 559 583 560
f 583 584 560
f 560 584 585
f 560 585 561
f 561 585 586
f 561 586 562
f 562 586 587
f 562 587 563
f 563 587 588
f 563 588 564
f 564 588 589
f 564 589 565
f 565 589 590
f 565 590 566
f 566 590 567
f 590 591 567
f 567 591 568
f 591 592 568
f 568 592 569
f 592 593 569
f 569 593 570
f 593 594 570
f 570 594 571
f 594 595 571
f 571 595 572
f 595 596 572
f 572 596 597
f 572 597 573
f 573 597 598
f 573 598 574
f 574 598 599
f 574 599 575
f 575 599 600
f 575 600 576
f 576 600 601
f 576 601 577
f 577 601 578
f 577 578 554
f 578 602 579
f 602 603 579
f 579 603 580
f 603 604 580
f 580 604 581
f 604 605 581
f 581 605 582
f 605 606 582
f 582 606 583
f 606 607 583
f 583 607 584
f 607 608 584
f 584 608 609
f 584 609 585
f 585 609 610
f 585 610 586
f 586 610 611
f 586 611 587
f 587 611 612
f 587 612 588
f 588 612 613
f 588 613 589
f 589 613 614
f 589 614 590
f 590 614 591
f 614 615 591
f 591 615 592
f 615 616 592
f 592 616 593
f 616 617 593
f 593 617 594
f 617 618 594
f 594 618 595
f 618 619 595
f 595 619 596
f 619 620 596
f 596 620 621
f 596 621 597
f 597 621 622
f 597 622 598
f 598 622 623
f 598 623 599
f 599 623 624
f 599 624 600
f 600 624 625
f 600 625 601
f 601 625 602
f 601 602 578
f 602 626 603
f 626 627 603
f 603 627 604
f 627 628 604
f 604 628 605
f 628 629 605
f 605 629 606
f 629 630 606
f 606 630 607
f 630 631 607
f 607 631 608
f 631 632 608
f 608 632 633
f 608 633 609
f 609 633 634
f 609 634 610
f 610 634 635
f 610 635 611
f 611 635 636
f 611 636 612
f 612 636 637
f 612 637 613
f 613 637 638
f 613 638 614
f 614 638 615
f 638 639 615
f 615 639 616
f 639 640 616
f 616 640 617
f 640 641 617
f 617 641 618
f 641 642 618
f 618 642 619
f 642 643 619
f 619 643 620
f 643 644 620
f 620 644 645
f 620 645 621
f 621 645 646
f 621 646 622
f 622 646 647
f 622 647 623
f 623 647 648
f 623 648 624
f 624 648 649
f 624 649 625
f 625 649 626
f 625 626 602
f 626 650 627
f 650 651 627
f 627 651 628
f 651 652 628
f 628 652 629
f 652 653 629
f 629 653 630
f 653 654 630
f 630 654 631
f 654 655 631
f 631 655 632
f 655 656 632
f 632 656 657
f 632 657 633
f 633 657 658
f 633 658 634
f 634 658 659
f 634 659 635
f 635 659 660
f 635 660 636
f 636 660 661
f 636 661 637
f 637 661 662
f 637 662 638
f 638 662 639
f 662 663 639
f 639 663 640
f 663 664 640
f 640 664 641
f 664 665 641
f 641 665 642
f 665 666 642
f 642 666 643
f 666 667 643
f 643 667 644
f 667 668 644
f 644 668 669
f 644 669 645
f 645 669 670
f 645 670 646
f 646 670 671
f 646 671 647
f 647 671 672
f 647 672 648
f 648 672 673
f 648 673 649
f 649 673 650
f 649 650 626
f 650 674 651
f 674 675 651
f 651 675 652
f 675 676 652
f 652 676 653
f 676 677 653
f 653 677 654
f 677 678 654
f 654 678 655
f 678 679 655
f 655 679 656
f 679 680 656
f 656 680 681
f 656 681 657
f 657 681 682
f 657 682 658
f 658 682 683
f 658 683 659
f 659 683 684
f 659 684 660
f 660 684 685
f 660 685 661
f 661 685 686
f 661 686 662
f 662 686 663
f 686 687 663
f 663 687 664
f 687 688 664
f 664 688 665
f 688 689 665
f 665 689 666
f 689 690 666
f 666 690 667
f 690 691 667
f 667 691 668
f 691 692 668
f 668 692 693
f 668 693 669
f 669 693 694
f 669 694 670
f 670 694 695
f 670 695 671
f 671 695 696
f 671 696 672
f 672 696 697
f 672 697 673
f 673 697 674
f 673 674 650
f 674 698 675
f 698 699 675
f 675 699 676
f 699 700 676
f 676 700 677
f 700 701 677
f 677 701 678
f 701 702 678
f 678 702 679
f 702 703 679
f 679 703 680
f 703 704 680
f 680 704 705
f 680 705 681
f 681 705 706
f 681 706 682
f 682 706 707
f 682 707 683
f 683 707 708
f 683 708 684
f 684 708 709
f 684 709 685
f 685 709 710
f 685 710 686
f 686 710 687
f 710 711 687
f 687 711 688
f 711 712 688
f 688 712 689
f 712 713 689
f 689 713 690
f 713 714 690
f 690 714 691
f 714 715 691
f 691 715 692
f 715 716 692
f 692 716 717
f 692 717 693
f 693 717 718
f 693 718 694
f 694 718 719
f 694 719 695
f 695 719 720
f 695 720 696
f 696 720 721
f 696 721 697
f 697 721 698
f 697 698 674
f 698 722 699
f 722 723 699
f 699 723 700
f 723 724 700
f 700 724 701
f 724 725 701
f 701 725 702
f 725 726 702
f 702 726 703
f 726 727 703
f 703 727 704
f 727 728 704
f 704 728 729
f 704 729 705
f 705 729 730
f 705 730 706
f 706 730 731
f 706 731 707
f 707 731 732
f 707 732 708
f 708 732 733
f 708 733 709
f 709 733 734
f 709 734 710
f 710 734 711
f 734 735 711
f 711 735 712
f 735 736 712
f 712 736 713
f 736 737 713
f 713 737 714
f 737 738 714
f 714 738 715
f 738 739 715
f 715 739 716
f 739 740 716
f 716 740 741
f 716 741 717
f 717 741 742
f 717 742 718
f 718 742 743
f 718 743 719
f 719 743 744
f 719 744 720
f 720 744 745
f 720 745 721
f 721 745 722
f 721 722 698
f 722 746 723
f 746 747 723
f 723 747 724
f 747 748 724
f 724 748 725
f 748 749 725
f 725 749 726
f 749 750 726
f 726 750 727
f 750 751 727
f 727 751 728
f 751 752 728
f 728 752 753
f 728 753 729
f 729 753 754
f 729 754 730
f 730 754 755
f 730 755 731
f 731 755 756
f 731 756 732
f 732 756 757
f 732 757 733
f 733 757 758
f 733 758 734
f 734 758 735
f 758 759 735
f 735 759 736
f 759 760 736
f 736 760 737
f 760 761 737
f 737 761 738
f 761 762 738
f 738 762 739
f 762 763 739
f 739 763 740
f 763 764 740
f 740 764 765
f 740 765 741
f 741 765 766
f 741 766 742
f 742 766 767
f 742 767 743
f 743 767 768
f 743 768 744
f 744 768 769
f 744 769 745
f 745 769 746
f 745 746 722
f 746 770 747
f 770 771 747
f 747 771 748
f 771 772 748
f 748 772 749
f 772 773 749
f 749 773 750
f 773 774 750
f 750 774 751
f 774 775 751
f 751 775 752
f 775 776 752
f 752 776 777
f 752 777 753
f 753 777 778
f 753 778 754
f 754 778 779
f 754 779 755
f 755 779 780
f 755 780 756
f 756 780 781
f 756 781 757
f 757 781 782
f 757 782 758
f 758 782 759
f 782 783 759
f 759 783 760
f 783 784 760
f 760 784 761
f 784 785 761
f 761 785 762
f 785 786 762
f 762 786 763
f 786 787 763
f 763 787 764
f 787 788 764
f 764 788 789
f 764 789 765
f 765 789 790
f 765 790 766
f 766 790 791
f 766 791 767
f 767 791 792
f 767 792 768
f 768 792 793
f 768 793 769
f 769 793 770
f 769 770 746
f 770 794 771
f 794 795 771
f 771 795 772
f 795 796 772
f 772 796 773
f 796 797 773
f 773 797 774
f 797 798 774
f 774 798 775
f 798 799 775
f 775 799 776
f 799 800 776
f 776 800 801
f 776 801 777
f 777 801 802
f 777 802 778
f 778 802 803
f 778 803 779
f 779 803 804
f 779 804 780
f 780 804 805
f 780 805 781
f 781 805 806
f 781 806 782
f 782 806 783
f 806 807 783
f 783 807 784
f 807 808 784
f 784 808 785
f 808 809 785
f 785 809 786
f 809 810 786
f 786 810 787
f 810 811 787
f 787 811 788
f 811 812 788
f 788 812 813
f 788 813 789
f 789 813 814
f 789 814 790
f 790 814 815
f 790 815 791
f 791 815 816
f 791 816 792
f 792 816 817
f 792 817 793
f 793 817 794
f 793 794 770
f 794 818 795
f 818 819 795
f 795 819 796
f 819 820 796
f 796 820 797
f 820 821 797
f 797 821 798
f 821 822 798
f 798 822 799
f 822 823 799
f 799 823 800
f 823 824 800
f 800 824 825
f 800 825 801
f 801 825 826
f 801 826 802
f 802 826 827
f 802 827 803
f 803 827 828
f 803 828 804
f 804 828 829
f 804 829 805
f 805 829 830
f 805 830 806
f 806 830 807
f 830 831 807
f 807 831 808
f 831 832 808
f 808 832 809
f 832 833 809
f 809 833 810
f 833 834 810
f 810 834 811
f 834 835 811
f 811 835 812
f 835 836 812
f 812 836 837
f 812 837 813
f 813 837 838
f 813 838 814
f 814 838 839
f 814 839 815
f 815 839 840
f 815 840 816
f 816 840 841
f 816 841 817
f 817 841 818
f 817 818 794
f 818 842 843
f 818 843 819
f 819 843 844
f 819 844 820
f 820 844 845
f 820 845 821
f 821 845 846
f 821 846 822
f 822 846 847
f 822 847 823
f 823 847 848
f 823 848 824
f 824 848 825
f 848 849 825
f 825 849 826
f 849 850 826
f 826 850 827
f 850 851 827
f 827 851 828
f 851 852 828
f 828 852 829
f 852 853 829
f 829 853 830
f 853 854 830
f 830 854 855
f 830 855 831
f 831 855 856
f 831 856 832
f 832 856 857
f 832 857 833
f 833 857 858
f 833 858 834
f 834 858 859
f 834 859 835
f 835 859 860
f 835 860 836
f 836 860 837
f 860 861 837
f 837 861 838
f 861 862 838
f 838 862 839
f 862 863 839
f 839 863 840
f 863 864 840
f 840 864 841
f 864 865 841
f 841 865 818
f 865 842 818
f 842 866 867
f 842 867 843
f 843 867 868
f 843 868 844
f 844 868 869
f 844 869 845
f 845 869 870
f 845 870 846
f 846 870 871
f 846 871 847
f 847 871 872
f 847 872 848
f 848 872 849
f 872 873 849
f 849 873 850
f 873 874 850
f 850 874 851
f 874 875 851
f 851 875 852
f 875 876 852
f 852 876 853
f 876 877 853
f 853 877 854
f 877 878 854
f 854 878 879
f 854 879 855
f 855 879 880
f 855 880 856
f 856 880 881
f 856 881 857
f 857 881 882
f 857 882 858
f 858 882 883
f 858 883 859
f 859 883 884
f 859 884 860
f 860 884 861
f 884 885 861
f 861 885 862
f 885 886 862
f 862 886 863
f 886 887 863
f 863 887 864
f 887 888 864
f 864 888 865
f 888 889 865
f 865 889 842
f 889 866 842
f 866 890 891
f 866 891 867
f 867 891 892
f 867 892 868
f 868 892 893
f 868 893 869
f 869 893 894
f 869 894 870
f 870 894 895
f 870 895 871
f 871 895 896
f 871 896 872
f 872 896 873
f 896 897 873
f 873 897 874
f 897 898 874
f 874 898 875
f 898 899 875
f 875 899 876
f 899 900 876
f 876 900 877
f 900 901 877
f 877 901 878
f 901 902 878
f 878 902 903
f 878 903 879
f 879 903 904
f 879 904 880
f 880 904 905
f 880 905 881
f 881 905 906
f 881 906 882
f 882 906 907
f 882 907 883
f 883 907 908
f 883 908 884
f 884 908 885
f 908 909 885
f 885 909 886
f 909 910 886
f 886 910 887
f 910 911 887
f 887 911 888
f 911 912 888
f 888 912 889
f 912 913 889
f 889 913 866
f 913 890 866
f 890 914 915
f 890 915 891
f 891 915 916
f 891 916 892
f 892 916 917
f 892 917 893
f 893 917 918
f 893 918 894
f 894 918 919
f 894 919 895
f 895 919 920
f 895 920 896
f 896 920 897
f 920 921 897
f 897 921 898
f 921 922 898
f 898 922 899
f 922 923 899
f 899 923 900
f 923 924 900
f 900 924 901
f 924 925 901
f 901 925 902
f 925 926 902
f 902 926 927
f 902 927 903
f 903 927 928
f 903 928 904
f 904 928 929
f 904 929 905
f 905 929 930
f 905 930 906
f 906 930 931
f 906 931 907
f 907 931 932
f 907 932 908
f 908 932 909
f 932 933 909
f 909 933 910
f 933 934 910
f 910 934 911
f 934 935 911
f 911 935 912
f 935 936 912
f 912 936 913
f 936 937 913
f 913 937 890
f 937 914 890
f 914 938 939
f 914 939 915
f 915 939 940
f 915 940 916
f 916 940 941
f 916 941 917
f 917 941 942
f 917 942 918
f 918 942 943
f 918 943 919
f 919 943 944
f 919 944 920
f 920 944 921
f 944 945 921
f 921 945 922
f 945 946 922
f 922 946 923
f 946 947 923
f 923 947 924
f 947 948 924
f 924 948 925
f 948 949 925
f 925 949 926
f 949 950 926
f 926 950 951
f 926 951 927
f 927 951 952
f 927 952 928
f 928 952 953
f 928 953 929
f 929 953 954
f 929 954 930
f 930 954 955
f 930 955 931
f 931 955 956
f 931 956 932
f 932 956 933
f 956 957 933
f 933 957 934
f 957 958 934
f 934 958 935
f 958 959 935
f 935 959 936
f 959 960 936
f 936 960 937
f 960 961 937
f 937 961 914
f 961 938 914
f 938 962 963
f 938 963 939
f 939 963 964
f 939 964 940
f 940 964 965
f 940 965 941
f 941 965 966
f 941 966 942
f 942 966 967
f 942 967 943
f 943 967 968
f 943 968 944
f 944 968 945
f 968 969 945
f 945 969 946
f 969 970 946
f 946 970 947
f 970 971 947
f 947 971 948
f 971 972 948
f 948 972 949
f 972 973 949
f 949 973 950
f 973 974 950
f 950 974 975
f 950 975 951
f 951 975 976
f 951 976 952
f 952 976 977
f 952 977 953
f 953 977 978
f 953 978 954
f 954 978 979
f 954 979 955
f 955 979 980
f 955 980 956
f 956 980 957
f 980 981 957
f 957 981 958
f 981 982 958
f 958 982 959
f 982 983 959
f 959 983 960
f 983 984 960
f 960 984 961
f 984 985 961
f 961 985 938
f 985 962 938
f 962 986 987
f 962 987 963
f 963 987 988
f 963 988 964
f 964 988 989
f 964 989 965
f 965 989 990
f 965 990 966
f 966 990 991
f 966 991 967
f 967 991 992
f 967 992 968
f 968 992 969
f 992 993 969
f 969 993 970
f 993 994 970
f 970 994 971
f 994 995 971
f 971 995 972
f 995 996 972
f 972 996 973
f 996 997 973
f 973 997 974
f 997 998 974
f 974 998 999
f 974 999 975
f 975 999 1000
f 975 1000 976
f 976 1000 1001
f 976 1001 977
f 977 1001 1002
f 977 1002 978
f 978 1002 1003
f 978 1003 979
f 979 1003 1004
f 979 1004 980
f 980 1004 981
f 1004 1005 981
f 981 1005 982
f 1005 1006 982
f 982 1006 983
f 1006 1007 983
f 983 1007 984
f 1007 1008 984
f 984 1008 985
f 1008 1009 985
f 985 1009 962
f 1009 986 962
f 986 1010 1011
f 986 1011 987
f 987 1011 1012
f 987 1012 988
f 988 1012 1013
f 988 1013 989
f 989 1013 1014
f 989 1014 990
f 990 1014 1015
f 990 1015 991
f 991 1015 1016
f 991 1016 992
f 992 1016 993
f 1016 1017 993
f 993 1017 994
f 1017 1018 994
f 994 1018 995
f 1018 1019 995
f 995 1019 996
f 1019 1020 996
f 996 1020 997
f 1020 1021 997
f 997 1021 998
f 1021 1022 998
f 998 1022 1023
f 998 1023 999
f 999 1023 1024
f 999 1024 1000
f 1000 1024 1025
f 1000 1025 1001
f 1001 1025 1026
f 1001 1026 1002
f 1002 1026 1027
f 1002 1027 1003
f 1003 1027 1028
f 1003 1028 1004
f 1004 1028 1005
f 1028 1029 1005
f 1005 1029 1006
f 1029 1030 1006
f 1006 1030 1007
f 1030 1031 1007
f 1007 1031 1008
f 1031 1032 1008
f 1008 1032 1009
f 1032 1033 1009
f 1009 1033 986
f 1033 1010 986
f 1010 1034 1035
f 1010 1035 1011
f 1011 1035 1036
f 1011 1036 1012
f 1012 1036 1037
f 1012 1037 1013
f 1013 1037 1038
f 1013 1038 1014
f 1014 1038 1039
f 1014 1039 1015
f 1015 1039 1040
f 1015 1040 1016
f 1016 1040 1017
f 1040 1041 1017
f 1017 1041 1018
f 1041 1042 1018
f 1018 1042 1019
f 1042 1043 1019
f 1019 1043 1020
f 1043 1044 1020
f 1020 1044 1021
f 1044 1045 1021
f 1021 1045 1022
f 1045 1046 1022
f 1022 1046 1047
f 1022 1047 1023
f 1023 1047 1048
f 1023 1048 1024
f 1024 1048 1049
f 1024 1049 1025
f 1025 1049 1050
f 1025 1050 1026
f 1026 1050 1051
f 1026 1051 1027
f 1027 1051 1052
f 1027 1052 1028
f 1028 1052 1029
f 1052 1053 1029
f 1029 1053 1030
f 1053 1054 1030
f 1030 1054 1031
f 1054 1055 1031
f 1031 1055 1032
f 1055 1056 1032
f 1032 1056 1033
f 1056 1057 1033
f 1033 1057 1010
f 1057 1034 1010
f 1034 1058 1059
f 1034 1059 1035
f 1035 1059 1060
f 1035 1060 1036
f 1036 1060 1061
f 1036 1061 1037
f 1037 1061 1062
f 1037 1062 1038
f 1038 1062 1063
f 1038 1063 1039
f 1039 1063 1064
f 1039 1064 1040
f 1040 1064 1041
f 1064 1065 1041
f 1041 1065 1042
f 1065 1066 1042
f 1042 1066 1043
f 1066 1067 1043
f 1043 1067 1044
f 1067 1068 1044
f 1044 1068 1045
f 1068 1069 1045
f 1045 1069 1046
f 1069 1070 1046
f 1046 1070 1071
f 1046 1071 1047
f 1047 1071 1072
f 1047 1072 1048
f 1048 1072 1073
f 1048 1073 1049
f 1049 1073 1074
f 1049 1074 1050
f 1050 1074 1075
f 1050 1075 1051
f 1051 1075 1076
f 1051 1076 1052
f 1052 1076 1053
f 1076 1077 1053
f 1053 1077 1054
f 1077 1078 1054
f 1054 1078 1055
f 1078 1079 1055
f 1055 1079 1056
f 1079 1080 1056
f 1056 1080 1057
f 1080 1081 1057
f 1057 1081 1034
f 1081 1058 1034
f 1058 1082 1083
f 1058 1083 1059
f 1059 1083 1084
f 1059 1084 1060
f 1060 1084 1085
f 1060 1085 1061
f 1061 1085 1086
f 1061 1086 1062
f 1062 1086 1087
f 1062 1087 1063
f 1063 1087 1088
f 1063 1088 1064
f 1064 1088 1065
f 1088 1089 1065
f 1065 1089 1066
f 1089 1090 1066
f 1066 1090 1067
f 1090 1091 1067
f 1067 1091 1068
f 1091 1092 1068
f 1068 1092 1069
f 1092 1093 1069
f 1069 1093 1070
f 1093 1094 1070
f 1070 1094 1095
f 1070 1095 1071
f 1071 1095 1096
f 1071 1096 1072
f 1072 1096 1097
f 1072 1097 1073
f 1073 1097 1098
f 1073 1098 1074
f 1074 1098 1099
f 1074 1099 1075
f 1075 1099 1100
f 1075 1100 1076
f 1076 1100 1077
f 1100 1101 1077
f 1077 1101 1078
f 1101 1102 1078
f 1078 1102 1079
f 1102 1103 1079
f 1079 1103 1080
f 1103 1104 1080
f 1080 1104 1081
f 1104 1105 1081
f 1081 1105 1058
f 1105 1082 1058
f 1082 1106 1107
f 1082 1107 1083
f 1083 1107 1108
f 1083 1108 1084
f 1084 1108 1109
f 1084 1109 1085
f 1085 1109 1110
f 1085 1110 1086
f 1086 1110 1111
f 1086 1111 1087
f 1087 1111 1112
f 1087 1112 1088
f 1088 1112 1089
f 1112 1113 1089
f 1089 1113 1090
f 1113 1114 1090
f 1090 1114 1091
f 1114 1115 1091
f 1091 1115 1092
f 1115 1116 1092
f 1092 1116 1093
f 1116 1117 1093
f 1093 1117 1094
f 1117 1118 1094
f 1094 1118 1119
f 1094 1119 1095
f 1095 1119 1120
f 1095 1120 1096
f 1096 1120 1121
f 1096 1121 1097
f 1097 1121 1122
f 1097 1122 1098
f 1098 1122 1123
f 1098 1123 1099
f 1099 1123 1124
f 1099 1124 1100
f 1100 1124 1101
f 1124 1125 1101
f 1101 1125 1102
f 1125 1126 1102
f 1102 1126 1103
f 1126 1127 1103
f 1103 1127 1104
f 1127 1128 1104
f 1104 1128 1105
f 1128 1129 1105
f 1105 1129 1082
f 1129 1106 1082
f 1106 1130 1131
f 1106 1131 1107
f 1107 1131 1132
f 1107 1132 1108
f 1108 1132 1133
f 1108 1133 1109
f 1109 1133 1134
f 1109 1134 1110
f 1110 1134 1135
f 1110 1135 1111
f 1111 1135 1136
f 1111 1136 1112
f 1112 1136 1113
f 1136 1137 1113
f 1113 1137 1114
f 1137 1138 1114
f 1114 1138 1115
f 1138 1139 1115
f 1115 1139 1116
f 1139 1140 1116
f 1116 1140 1117
f 1140 1141 1117
f 1117 1141 1118
f 1141 1142 1118
f 1118 1142 1143
f 1118 1143 1119
f 1119 1143 1144
f 1119 1144 1120
f 1120 1144 1145
f 1120 1145 1121
f 1121 1145 1146
f 1121 1146 1122
f 1122 1146 1147
f 1122 1147 1123
f 1123 1147 1148
f 1123 1148 1124
f 1124 1148 1125
f 1148 1149 1125
f 1125 1149 1126
f 1149 1150 1126
f 1126 1150 1127
f 1150 1151 1127
f 1127 1151 1128
f 1151 1152 1128
f 1128 1152 1129
f 1152 1153 1129
f 1129 1153 1106
f 1153 1130 1106
f 1130 1154 1155
f 1130 1155 1131
f 1131 1155 1156
f 1131 1156 1132
f 1132 1156 1157
f 1132 1157 1133
f 1133 1157 1158
f 1133 1158 1134
f 1134 1158 1159
f 1134 1159 1135
f 1135 1159 1160
f 1135 1160 1136
f 1136 1160 1137
f 1160 1161 1137
f 1137 1161 1138
f 1161 1162 1138
f 1138 1162 1139
f 1162 1163 1139
f 1139 1163 1140
f 1163 1164 1140
f 1140 1164 1141
f 1164 1165 1141
f 1141 1165 1142
f 1165 1166 1142
f 1142 1166 1167
f 1142 1167 1143
f 1143 1167 1168
f 1143 1168 1144
f 1144 1168 1169
f 1144 1169 1145
f 1145 1169 1170
f 1145 1170 1146
f 1146 1170 1171
f 1146 1171 1147
f 1147 1171 1172
f 1147 1172 1148
f 1148 1172 1149
f 1172 1173 1149
f 1149 1173 1150
f 1173 1174 1150
f 1150 1174 1151
f 1174 1175 1151
f 1151 1175 1152
f 1175 1176 1152
f 1152 1176 1153
f 1176 1177 1153
f 1153 1177 1130
f 1177 1154 1130
f 1154 1178 1179
f 1154 1179 1155
f 1155 1179 1180
f 1155 1180 1156
f 1156 1180 1181
f 1156 1181 1157
f 1157 1181 1182
f 1157 1182 1158
f 1158 1182 1183
f 1158 1183 1159
f 1159 1183 1184
f 1159 1184 1160
f 1160 1184 1161
f 1184 1185 1161
f 1161 1185 1162
f 1185 1186 1162
f 1162 1186 1163
f 1186 1187 1163
f 1163 1187 1164
f 1187 1188 1164
f 1164 1188 1165
f 1188 1189 1165
f 1165 1189 1166
f 1189 1190 1166
f 1166 1190 1191
f 1166 1191 1167
f 1167 1191 1192
f 1167 1192 1168
f 1168 1192 1193
f 1168 1193 1169
f 1169 1193 1194
f 1169 1194 1170
f 1170 1194 1195
f 1170 1195 1171
f 1171 1195 1196
f 1171 1196 1172
f 1172 1196 1173
f 1196 1197 1173
f 1173 1197 1174
f 1197 1198 1174
f 1174 1198 1175
f 1198 1199 1175
f 1175 1199 1176
f 1199 1200 1176
f 1176 1200 1177
f 1200 1201 1177
f 1177 1201 1154
f 1201 1178 1154
f 1178 1202 1203
f 1178 1203 1179
f 1179 1203 1204
f 1179 1204 1180
f 1180 1204 1205
f 1180 1205 1181
f 1181 1205 1206
f 1181 1206 1182
f 1182 1206 1207
f 1182 1207 1183
f 1183 1207 1208
f 1183 1208 1184
f 1184 1208 1185
f 1208 1209 1185
f 1185 1209 1186
f 1209 1210 1186
f 1186 1210 1187
f 1210 1211 1187
f 1187 1211 1188
f 1211 1212 1188
f 1188 1212 1189
f 1212 1213 1189
f 1189 1213 1190
f 1213 1214 1190
f 1190 1214 1215
f 1190 1215 1191
f 1191 1215 1216
f 1191 1216 1192
f 1192 1216 1217
f 1192 1217 1193
f 1193 1217 1218
f 1193 1218 1194
f 1194 1218 1219
f 1194 1219 1195
f 1195 1219 1220
f 1195 1220 1196
f 1196 1220 1197
f 1220 1221 1197
f 1197 1221 1198
f 1221 1222 1198
f 1198 1222 1199
f 1222 1223 1199
f 1199 1223 1200
f 1223 1224 1200
f 1200 1224 1201
f 1224 1225 1201
f 1201 1225 1178
f 1225 1202 1178
f 1202 1226 1227
f 1202 1227 1203
f 1203 1227 1228
f 1203 1228 1204
f 1204 1228 1229
f 1204 1229 1205
f 1205 1229 1230
f 1205 1230 1206
f 1206 1230 1231
f 1206 1231 1207
f 1207 1231 1232
f 1207 1232 1208
f 1208 1232 1209
f 1232 1233 1209
f 1209 1233 1210
f 1233 1234 1210
f 1210 1234 1211
f 1234 1235 1211
f 1211 1235 1212
f 1235 1236 1212
f 1212 1236 1213
f 1236 1237 1213
f 1213 1237 1214
f 1237 1238 1214
f 1214 1238 1239
f 1214 1239 1215
f 1215 1239 1240
f 1215 1240 1216
f 1216 1240 1241
f 1216 1241 1217
f 1217 1241 1242
f 1217 1242 1218
f 1218 1242 1243
f 1218 1243 1219
f 1219 1243 1244
f 1219 1244 1220
f 1220 1244 1221
f 1244 1245 1221
f 1221 1245 1222
f 1245 1246 1222
f 1222 1246 1223
f 1246 1247 1223
f 1223 1247 1224
f 1247 1248 1224
f 1224 1248 1225
f 1248 1249 1225
f 1225 1249 1202
f 1249 1226 1202
f 1226 1250 1251
f 1226 1251 1227
f 1227 1251 1252
f 1227 1252 1228
f 1228 1252 1253
f 1228 1253 1229
f 1229 1253 1254
f 1229 1254 1230
f 1230 1254 1255
f 1230 1255 1231
f 1231 1255 1256
f 1231 1256 1232
f 1232 1256 1233
f 1256 1257 1233
f 1233 1257 1234
f 1257 1258 1234
f 1234 1258 1235
f 1258 1259 1235
f 1235 1259 1236
f 1259 1260 1236
f 1236 1260 1237
f 1260 1261 1237
f 1237 1261 1238
f 1261 1262 1238
f 1238 1262 1263
f 1238 1263 1239
f 1239 1263 1264
f 1239 1264 1240
f 1240 1264 1265
f 1240 1265 1241
f 1241 1265 1266
f 1241 1266 1242
f 1242 1266 1267
f 1242 1267 1243
f 1243 1267 1268
f 1243 1268 1244
f 1244 1268 1245
f 1268 1269 1245
f 1245 1269 1246
f 1269 1270 1246
f 1246 1270 1247
f 1270 1271 1247
f 1247 1271 1248
f 1271 1272 1248
f 1248 1272 1249
f 1272 1273 1249
f 1249 1273 1226
f 1273 1250 1226
f 1250 1274 1275
f 1250 1275 1251
f 1251 1275 1276
f 1251 1276 1252
f 1252 1276 1277
f 1252 1277 1253
f 1253 1277 1278
f 1253 1278 1254
f 1254 1278 1279
f 1254 1279 1255
f 1255 1279 1280
f 1255 1280 1256
f 1256 1280 1257
f 1280 1281 1257
f 1257 1281 1258
f 1281 1282 1258
f 1258 1282 1259
f 1282 1283 1259
f 1259 1283 1260
f 1283 1284 1260
f 1260 1284 1261
f 1284 1285 1261
f 1261 1285 1262
f 1285 1286 1262
f 1262 1286 1287
f 1262 1287 1263
f 1263 1287 1288
f 1263 1288 1264
f 1264 1288 1289
f 1264 1289 1265
f 1265 1289 1290
f 1265 1290 1266
f 1266 1290 1291
f 1266 1291 1267
f 1267 1291 1292
f 1267 1292 1268
f 1268 1292 1269
f 1292 1293 1269
f 1269 1293 1270
f 1293 1294 1270
f 1270 1294 1271
f 1294 1295 1271
f 1271 1295 1272
f 1295 1296 1272
f 1272 1296 1273
f 1296 1297 1273
f 1273 1297 1250
f 1297 1274 1250
f 1274 1298 1299
f 1274 1299 1275
f 1275 1299 1300
f 1275 1300 1276
f 1276 1300 1301
f 1276 1301 1277
f 1277 1301 1302
f 1277 1302 1278
f 1278 1302 1303
f 1278 1303 1279
f 1279 1303 1304
f 1279 1304 1280
f 1280 1304 1281
f 1304 1305 1281
f 1281 1305 1282
f 1305 1306 1282
f 1282 1306 1283
f 1306 1307 1283
f 1283 1307 1284
f 1307 1308 1284
f 1284 1308 1285
f 1308 1309 1285
f 1285 1309 1286
f 1309 1310 1286
f 1286 1310 1311
f 1286 1311 1287
f 1287 1311 1312
f 1287 1312 1288
f 1288 1312 1313
f 1288 1313 1289
f 1289 1313 1314
f 1289 1314 1290
f 1290 1314 1315
f 1290 1315 1291
f 1291 1315 1316
f 1291 1316 1292
f 1292 1316 1293
f 1316 1317 1293
f 1293 1317 1294
f 1317 1318 1294
f 1294 1318 1295
f 1318 1319 1295
f 1295 1319 1296
f 1319 1320 1296
f 1296 1320 1297
f 1320 1321 1297
f 1297 1321 1274
f 1321 1298 1274
f 1298 1322 1323
f 1298 1323 1299
f 1299 1323 1324
f 1299 1324 1300
f 1300 1324 1325
f 1300 1325 1301
f 1301 1325 1326
f 1301 1326 1302
f 1302 1326 1327
f 1302 1327 1303
f 1303 1327 1328
f 1303 1328 1304
f 1304 1328 1305
f 1328 1329 1305
f 1305 1329 1306
f 1329 1330 1306
f 1306 1330 1307
f 1330 1331 1307
f 1307 1331 1308
f 1331 1332 1308
f 1308 1332 1309
f 1332 1333 1309
f 1309 1333 1310
f 1333 1334 1310
f 1310 1334 1335
f 1310 1335 1311
f 1311 1335 1336
f 1311 1336 1312
f 1312 1336 1337
f 1312 1337 1313
f 1313 1337 1338
f 1313 1338 1314
f 1314 1338 1339
f 1314 1339 1315
f 1315 1339 1340
f 1315 1340 1316
f 1316 1340 1317
f 1340 1341 1317
f 1317 1341 1318
f 1341 1342 1318
f 1318 1342 1319
f 1342 1343 1319
f 1319 1343 1320
f 1343 1344 1320
f 1320 1344 1321
f 1344 1345 1321
f 1321 1345 1298
f 1345 1322 1298
f 1322 1346 1347
f 1322 1347 1323
f 1323 1347 1348
f 1323 1348 1324
f 1324 1348 1349
f 1324 1349 1325
f 1325 1349 1350
f 1325 1350 1326
f 1326 1350 1351
f 1326 1351 1327
f 1327 1351 1352
f 1327 1352 1328
f 1328 1352 1329
f 1352 1353 1329
f 1329 1353 1330
f 1353 1354 1330
f 1330 1354 1331
f 1354 1355 1331
f 1331 1355 1332
f 1355 1356 1332
f 1332 1356 1333
f 1356 1357 1333
f 1333 1357 1334
f 1357 1358 1334
f 1334 1358 1359
f 1334 1359 1335
f 1335 1359 1360
f 1335 1360 1336
f 1336 1360 1361
f 1336 1361 1337
f 1337 1361 1362
f 1337 1362 1338
f 1338 1362 1363
f 1338 1363 1339
f 1339 1363 1364
f 1339 1364 1340
f 1340 1364 1341
f 1364 1365 1341
f 1341 1365 1342
f 1365 1366 1342
f 1342 1366 1343
f 1366 1367 1343
f 1343 1367 1344
f 1367 1368 1344
f 1344 1368 1345
f 1368 1369 1345
f 1345 1369 1322
f 1369 1346 1322
f 1346 1370 1371
f 1346 1371 1347
f 1347 1371 1372
f 1347 1372 1348
f 1348 1372 1373
f 1348 1373 1349
f 1349 1373 1374
f 1349 1374 1350
f 1350 1374 1375
f 1350 1375 1351
f 1351 1375 1376
f 1351 1376 1352
f 1352 1376 1353
f 1376 1377 1353
f 1353 1377 1354
f 1377 1378 1354
f 1354 1378 1355
f 1378 1379 1355
f 1355 1379 1356
f 1379 1380 1356
f 1356 1380 1357
f 1380 1381 1357
f 1357 1381 1358
f 1381 1382 1358
f 1358 1382 1383
f 1358 1383 1359
f 1359 1383 1384
f 1359 1384 1360
f 1360 1384 1385
f 1360 1385 1361
f 1361 1385 1386
f 1361 1386 1362
f 1362 1386 1387
f 1362 1387 1363
f 1363 1387 1388
f 1363 1388 1364
f 1364 1388 1365
f 1388 1389 1365
f 1365 1389 1366
f 1389 1390 1366
f 1366 1390 1367
f 1390 1391 1367
f 1367 1391 1368
f 1391 1392 1368
f 1368 1392 1369
f 1392 1393 1369
f 1369 1393 1346
f 1393 1370 1346
f 1370 1394 1395
f 1370 1395 1371
f 1371 1395 1396
f 1371 1396 1372
f 1372 1396 1397
f 1372 1397 1373
f 1373 1397 1398
f 1373 1398 1374
f 1374 1398 1399
f 1374 1399 1375
f 1375 1399 1400
f 1375 1400 1376
f 1376 1400 1377
f 1400 1401 1377
f 1377 1401 1378
f 1401 1402 1378
f 1378 1402 1379
f 1402 1403 1379
f 1379 1403 1380
f 1403 1404 1380
f 1380 1404 1381
f 1404 1405 1381
f 1381 1405 1382
f 1405 1406 1382
f 1382 1406 1407
f 1382 1407 1383
f 1383 1407 1408
f 1383 1408 1384
f 1384 1408 1409
f 1384 1409 1385
f 1385 1409 1410
f 1385 1410 1386
f 1386 1410 1411
f 1386 1411 1387
f 1387 1411 1412
f 1387 1412 1388
f 1388 1412 1389
f 1412 1413 1389
f 1389 1413 1390
f 1413 1414 1390
f 1390 1414 1391
f 1414 1415 1391
f 1391 1415 1392
f 1415 1416 1392
f 1392 1416 1393
f 1416 1417 1393
f 1393 1417 1370
f 1417 1394 1370
f 1394 1418 1419
f 1394 1419 1395
f 1395 1419 1420
f 1395 1420 1396
f 1396 1420 1421
f 1396 1421 1397
f 1397 1421 1422
f 1397 1422 1398
f 1398 1422 1423
f 1398 1423 1399
f 1399 1423 1424
f 1399 1424 1400
f 1400 1424 1401
f 1424 1425 1401
f 1401 1425 1402
f 1425 1426 1402
f 1402 1426 1403
f 1426 1427 1403
f 1403 1427 1404
f 1427 1428 1404
f 1404 1428 1405
f 1428 1429 1405
f 1405 1429 1406
f 1429 1430 1406
f 1406 1430 1431
f 1406 1431 1407
f 1407 1431 1432
f 1407 1432 1408
f 1408 1432 1433
f 1408 1433 1409
f 1409 1433 1434
f 1409 1434 1410
f 1410 1434 1435
f 1410 1435 1411
f 1411 1435 1436
f 1411 1436 1412
f 1412 1436 1413
f 1436 1437 1413
f 1413 1437 1414
f 1437 1438 1414
f 1414 1438 1415
f 1438 1439 1415
f 1415 1439 1416
f 1439 1440 1416
f 1416 1440 1417
f 1440 1441 1417
f 1417 1441 1394
f 1441 1418 1394
f 1418 1442 1443
f 1418 1443 1419
f 1419 1443 1444
f 1419 1444 1420
f 1420 1444 1445
f 1420 1445 1421
f 1421 1445 1446
f 1421 1446 1422
f 1422 1446 1447
f 1422 1447 1423
f 1423 1447 1448
f 1423 1448 1424
f 1424 1448 1425
f 1448 1449 1425
f 1425 1449 1426
f 1449 1450 1426
f 1426 1450 1427
f 1450 1451 1427
f 1427 1451 1428
f 1451 1452 1428
f 1428 1452 1429
f 1452 1453 1429
f 1429 1453 1430
f 1453 1454 1430
f 1430 1454 1455
f 1430 1455 1431
f 1431 1455 1456
f 1431 1456 1432
f 1432 1456 1457
f 1432 1457 1433
f 1433 1457 1458
f 1433 1458 1434
f 1434 1458 1459
f 1434 1459 1435
f 1435 1459 1460
f 1435 1460 1436
f 1436 1460 1437
f 1460 1461 1437
f 1437 1461 1438
f 1461 1462 1438
f 1438 1462 1439
f 1462 1463 1439
f 1439 1463 1440
f 1463 1464 1440
f 1440 1464 1441
f 1464 1465 1441
f 1441 1465 1418
f 1465 1442 1418
f 1442 1466 1467
f 1442 1467 1443
f 1443 1467 1468
f 1443 1468 1444
f 1444 1468 1469
f 1444 1469 1445
f 1445 1469 1470
f 1445 1470 1446
f 1446 1470 1471
f 1446 1471 1447
f 1447 1471 1472
f 1447 1472 1448
f 1448 1472 1449
f 1472 1473 1449
f 1449 1473 1450
f 1473 1474 1450
f 1450 1474 1451
f 1474 1475 1451
f 1451 1475 1452
f 1475 1476 1452
f 1452 1476 1453
f 1476 1477 1453
f 1453 1477 1454
f 1477 1478 1454
f 1454 1478 1479
f 1454 1479 1455
f 1455 1479 1480
f 1455 1480 1456
f 1456 1480 1481
f 1456 1481 1457
f 1457 1481 1482
f 1457 1482 1458
f 1458 1482 1483
f 1458 1483 1459
f 1459 1483 1484
f 1459 1484 1460
f 1460 1484 1461
f 1484 1485 1461
f 1461 1485 1462
f 1485 1486 1462
f 1462 1486 1463
f 1486 1487 1463
f 1463 1487 1464
f 1487 1488 1464
f 1464 1488 1465
f 1488 1489 1465
f 1465 1489 1442
f 1489 1466 1442
f 1466 1490 1491
f 1466 1491 1467
f 1467 1491 1492
f 1467 1492 1468
f 1468 1492 1493
f 1468 1493 1469
f 1469 1493 1494
f 1469 1494 1470
f 1470 1494 1495
f 1470 1495 1471
f 1471 1495 1496
f 1471 1496 1472
f 1472 1496 1473
f 1496 1497 1473
f 1473 1497 1474
f 1497 1498 1474
f 1474 1498 1475
f 1498 1499 1475
f 1475 1499 1476
f 1499 1500 1476
f 1476 1500 1477
f 1500 1501 1477
f 1477 1501 1478
f 1501 1502 1478
f 1478 1502 1503
f 1478 1503 1479
f 1479 1503 1504
f 1479 1504 1480
f 1480 1504 1505
f 1480 1505 1481
f 1481 1505 1506
f 1481 1506 1482
f 1482 1506 1507
f 1482 1507 1483
f 1483 1507 1508
f 1483 1508 1484
f 1484 1508 1485
f 1508 1509 1485
f 1485 1509 1486
f 1509 1510 1486
f 1486 1510 1487
f 1510 1511 1487
f 1487 1511 1488
f 1511 1512 1488
f 1488 1512 1489
f 1512 1513 1489
f 1489 1513 1466
f 1513 1490 1466
f 1490 1514 1515
f 1490 1515 1491
f 1491 1515 1516
f 1491 1516 1492
f 1492 1516 1517
f 1492 1517 1493
f 1493 1517 1518
f 1493 1518 1494
f 1494 1518 1519
f 1494 1519 1495
f 1495 1519 1520
f 1495 1520 1496
f 1496 1520 1497
f 1520 1521 1497
f 1497 1521 1498
f 1521 1522 1498
f 1498 1522 1499
f 1522 1523 1499
f 1499 1523 1500
f 1523 1524 1500
f 1500 1524 1501
f 1524 1525 1501
f 1501 1525 1502
f 1525 1526 1502
f 1502 1526 1527
f 1502 1527 1503
f 1503 1527 1528
f 1503 1528 1504
f 1504 1528 1529
f 1504 1529 1505
f 1505 1529 1530
f 1505 1530 1506
f 1506 1530 1531
f 1506 1531 1507
f 1507 1531 1532
f 1507 1532 1508
f 1508 1532 1509
f 1532 1533 1509
f 1509 1533 1510
f 1533 1534 1510
f 1510 1534 1511
f 1534 1535 1511
f 1511 1535 1512
f 1535 1536 1512
f 1512 1536 1513
f 1536 1537 1513
f 1513 1537 1490
f 1537 1514 1490
f 1514 1538 1539
f 1514 1539 1515
f 1515 1539 1540
f 1515 1540 1516
f 1516 1540 1541
f 1516 1541 1517
f 1517 1541 1542
f 1517 1542 1518
f 1518 1542 1543
f 1518 1543 1519
f 1519 1543 1544
f 1519 1544 1520
f 1520 1544 1521
f 1544 1545 1521
f 1521 1545 1522
f 1545 1546 1522
f 1522 1546 1523
f 1546 1547 1523
f 1523 1547 1524
f 1547 1548 1524
f 1524 1548 1525
f 1548 1549 1525
f 1525 1549 1526
f 1549 1550 1526
f 1526 1550 1551
f 1526 1551 1527
f 1527 1551 1552
f 1527 1552 1528
f 1528 1552 1553
f 1528 1553 1529
f 1529 1553 1554
f 1529 1554 1530
f 1530 1554 1555
f 1530 1555 1531
f 1531 1555 1556
f 1531 1556 1532
f 1532 1556 1533
f 1556 1557 1533
f 1533 1557 1534
f 1557 1558 1534
f 1534 1558 1535
f 1558 1559 1535
f 1535 1559 1536
f 1559 1560 1536
f 1536 1560 1537
f 1560 1561 1537
f 1537 1561 1514
f 1561 1538 1514
f 1538 1562 1563
f 1538 1563 1539
f 1539 1563 1564
f 1539 1564 1540
f 1540 1564 1565
f 1540 1565 1541
f 1541 1565 1566
f 1541 1566 1542
f 1542 1566 1567
f 1542 1567 1543
f 1543 1567 1568
f 1543 1568 1544
f 1544 1568 1545
f 1568 1569 1545
f 1545 1569 1546
f 1569 1570 1546
f 1546 1570 1547
f 1570 1571 1547
f 1547 1571 1548
f 1571 1572 1548
f 1548 1572 1549
f 1572 1573 1549
f 1549 1573 1550
f 1573 1574 1550
f 1550 1574 1575
f 1550 1575 1551
f 1551 1575 1576
f 1551 1576 1552
f 1552 1576 1577
f 1552 1577 1553
f 1553 1577 1578
f 1553 1578 1554
f 1554 1578 1579
f 1554 1579 1555
f 1555 1579 1580
f 1555 1580 1556
f 1556 1580 1557
f 1580 1581 1557
f 1557 1581 1558
f 1581 1582 1558
f 1558 1582 1559
f 1582 1583 1559
f 1559 1583 1560
f 1583 1584 1560
f 1560 1584 1561
f 1584 1585 1561
f 1561 1585 1538
f 1585 1562 1538
f 1562 1586 1587
f 1562 1587 1563
f 1563 1587 1588
f 1563 1588 1564
f 1564 1588 1589
f 1564 1589 1565
f 1565 1589 1590
f 1565 1590 1566
f 1566 1590 1591
f 1566 1591 1567
f 1567 1591 1592
f 1567 1592 1568
f 1568 1592 1569
f 1592 1593 1569
f 1569 1593 1570
f 1593 1594 1570
f 1570 1594 1571
f 1594 1595 1571
f 1571 1595 1572
f 1595 1596 1572
f 1572 1596 1573
f 1596 1597 1573
f 1573 1597 1574
f 1597 1598 1574
f 1574 1598 1599
f 1574 1599 1575
f 1575 1599 1600
f 1575 1600 1576
f 1576 1600 1601
f 1576 1601 1577
f 1577 1601 1602
f 1577 1602 1578
f 1578 1602 1603
f 1578 1603 1579
f 1579 1603 1604
f 1579 1604 1580
f 1580 1604 1581
f 1604 1605 1581
f 1581 1605 1582
f 1605 1606 1582
f 1582 1606 1583
f 1606 1607 1583
f 1583 1607 1584
f 1607 1608 1584
f 1584 1608 1585
f 1608 1609 1585
f 1585 1609 1562
f 1609 1586 1562
f 1586 1610 1611
f 1586 1611 1587
f 1587 1611 1612
f 1587 1612 1588
f 1588 1612 1613
f 1588 1613 1589
f 1589 1613 1614
f 1589 1614 1590
f 1590 1614 1615
f 1590 1615 1591
f 1591 1615 1616
f 1591 1616 1592
f 1592 1616 1593
f 1616 1617 1593
f 1593 1617 1594
f 1617 1618 1594
f 1594 1618 1595
f 1618 1619 1595
f 1595 1619 1596
f 1619 1620 1596
f 1596 1620 1597
f 1620 1621 1597
f 1597 1621 1598
f 1621 1622 1598
f 1598 1622 1623
f 1598 1623 1599
f 1599 1623 1624
f 1599 1624 1600
f 1600 1624 1625
f 1600 1625 1601
f 1601 1625 1626
f 1601 1626 1602
f 1602 1626 1627
f 1602 1627 1603
f 1603 1627 1628
f 1603 1628 1604
f 1604 1628 1605
f 1628 1629 1605
f 1605 1629 1606
f 1629 1630 1606
f 1606 1630 1607
f 1630 1631 1607
f 1607 1631 1608
f 1631 1632 1608
f 1608 1632 1609
f 1632 1633 1609
f 1609 1633 1586
f 1633 1610 1586
f 1610 1634 1635
f 1610 1635 1611
f 1611 1635 1636
f 1611 1636 1612
f 1612 1636 1637
f 1612 1637 1613
f 1613 1637 1638
f 1613 1638 1614
f 1614 1638 1639
f 1614 1639 1615
f 1615 1639 1640
f 1615 1640 1616
f 1616 1640 1617
f 1640 1641 1617
f 1617 1641 1618
f 1641 1642 1618
f 1618 1642 1619
f 1642 1643 1619
f 1619 1643 1620
f 1643 1644 1620
f 1620 1644 1621
f 1644 1645 1621
f 1621 1645 1622
f 1645 1646 1622
f 1622 1646 1647
f 1622 1647 1623
f 1623 1647 1648
f 1623 1648 1624
f 1624 1648 1649
f 1624 1649 1625
f 1625 1649 1650
f 1625 1650 1626
f 1626 1650 1651
f 1626 1651 1627
f 1627 1651 1652
f 1627 1652 1628
f 1628 1652 1629
f 1652 1653 1629
f 1629 1653 1630
f 1653 1654 1630
f 1630 1654 1631
f 1654 1655 1631
f 1631 1655 1632
f 1655 1656 1632
f 1632 1656 1633
f 1656 1657 1633
f 1633 1657 1610
f 1657 1634 1610
f 1634 1658 1635
f 1635 1658 1636
f 1636 1658 1637
f 1637 1658 1638
f 1638 1658 1639
f 1639 1658 1640
f 1640 1658 1641
f 1641 1658 1642
f 1642 1658 1643
f 1643 1658 1644
f 1644 1658 1645
f 1645 1658 1646
f 1646 1658 1647
f 1647 1658 1648
f 1648 1658 1649
f 1649 1658 1650
f 1650 1658 1651
f 1651 1658 1652
f 1652 1658 1653
f 1653 1658 1654
f 1654 1658 1655
f 1655 1658 1656
f 1656 1658 1657
f 1657 1658 1634
f 1659 1660 1661
f 1661 1660 1662
f 1660 1663 1662
f 1662 1663 1664
f 1663 1665 1664
f 1664 1665 1666
f 1665 1667 1666
f 1666 1667 1668
f 1667 1669 1668
f 1668 1669 1670
f 1669 1671 1670
f 1670 1671 1672
f 1671 1673 1672
f 1672 1673 1674
f 1673 1675 1674
f 1674 1675 1676
f 1675 1677 1676
f 1676 1677 1678
f 1677 1679 1678
f 1678 1679 1680
f 1679 1681 1680
f 1680 1681 1682
f 1681 1683 1682
f 1682 1683 1684
f 1683 1685 1684
f 1683 1686 1685
f 1686 1687 1685
f 1686 1688 1687
f 1688 1689 1687
f 1688 1690 1689
f 1690 1691 1689
f 1690 1692 1691
f 1692 1693 1691
f 1692 1694 1693
f 1694 1695 1693
f 1694 1696 1695
f 1696 1697 1695
f 1696 1698 1697
f 1698 1699 1697
f 1698 1700 1699
f 1700 1701 1699
f 1700 1702 1701
f 1702 1703 1701
f 1702 1704 1703
f 1704 1705 1703
f 1703 1705 1706
f 1705 1707 1706
f 1706 1707 1708
f 1707 1709 1708
f 1708 1709 1710
f 1709 1711 1710
f 1710 1711 1712
f 1711 1713 1712
f 1712 1713 1714
f 1713 1715 1714
f 1714 1715 1716
f 1715 1717 1716
f 1716 1717 1718
f 1717 1719 1718
f 1718 1719 1720
f 1719 1721 1720
f 1720 1721 1722
f 1721 1723 1722
f 1722 1723 1724
f 1723 1725 1724
f 1723 1726 1725
f 1726 1727 1725
f 1726 1728 1727
f 1728 1729 1727
f 1728 1730 1729
f 1730 1731 1729
f 1730 1732 1731
f 1732 1733 1731
f 1732 1734 1733
f 1734 1735 1733
f 1734 1736 1735
f 1736 1737 1735
f 1736 1738 1737
f 1738 1739 1737
f 1738 1740 1739
f 1740 1741 1739
f 1740 1742 1741
f 1742 1743 1741
f 1742 1744 1743
f 1744 1745 1743
f 1744 1746 1745
f 1746 1661 1745
f 1746 1659 1661
f 1661 1662 1747
f 1747 1662 1748
f 1662 1664 1748
f 1748 1664 1749
f 1664 1666 1749
f 1749 1666 1750
f 1666 1668 1750
f 1750 1668 1751
f 1668 1670 1751
f 1751 1670 1752
f 1670 1672 1752
f 1752 1672 1753
f 1672 1674 1753
f 1753 1674 1754
f 1674 1676 1754
f 1754 1676 1755
f 1676 1678 1755
f 1755 1678 1756
f 1678 1680 1756
f 1756 1680 1757
f 1680 1682 1757
f 1757 1682 1758
f 1682 1684 1758
f 1758 1684 1759
f 1684 1760 1759
f 1684 1685 1760
f 1685 1761 1760
f 1685 1687 1761
f 1687 1762 1761
f 1687 1689 1762
f 1689 1763 1762
f 1689 1691 1763
f 1691 1764 1763
f 1691 1693 1764
f 1693 1765 1764
f 1693 1695 1765
f 1695 1766 1765
f 1695 1697 1766
f 1697 1767 1766
f 1697 1699 1767
f 1699 1768 1767
f 1699 1701 1768
f 1701 1769 1768
f 1701 1703 1769
f 1703 1706 1769
f 1769 1706 1770
f 1706 1708 1770
f 1770 1708 1771
f 1708 1710 1771
f 1771 1710 1772
f 1710 1712 1772
f 1772 1712 1773
f 1712 1714 1773
f 1773 1714 1774
f 1714 1716 1774
f 1774 1716 1775
f 1716 1718 1775
f 1775 1718 1776
f 1718 1720 1776
f 1776 1720 1777
f 1720 1722 1777
f 1777 1722 1778
f 1722 1724 1778
f 1778 1724 1779
f 1724 1780 1779
f 1724 1725 1780
f 1725 1781 1780
f 1725 1727 1781
f 1727 1782 1781
f 1727 1729 1782
f 1729 1783 1782
f 1729 1731 1783
f 1731 1784 1783
f 1731 1733 1784
f 1733 1785 1784
f 1733 1735 1785
f 1735 1786 1785
f 1735 1737 1786
f 1737 1787 1786
f 1737 1739 1787
f 1739 1788 1787
f 1739 1741 1788
f 1741 1789 1788
f 1741 1743 1789
f 1743 1790 1789
f 1743 1745 1790
f 1745 1747 1790
f 1745 1661 1747
f 1747 1748 1791
f 1791 1748 1792
f 1748 1749 1792
f 1792 1749 1793
f 1749 1750 1793
f 1793 1750 1794
f 1750 1751 1794
f 1794 1751 1795
f 1751 1752 1795
f 1795 1752 1796
f 1752 1753 1796
f 1796 1753 1797
f 1753 1754 1797
f 1797 1754 1798
f 1754 1755 1798
f 1798 1755 1799
f 1755 1756 1799
f 1799 1756 1800
f 1756 1757 1800
f 1800 1757 1801
f 1757 1758 1801
f 1801 1758 1802
f 1758 1759 1802
f 1802 1759 1803
f 1759 1804 1803
f 1759 1760 1804
f 1760 1805 1804
f 1760 1761 1805
f 1761 1806 1805
f 1761 1762 1806
f 1762 1807 1806
f 1762 1763 1807
f 1763 1808 1807
f 1763 1764 1808
f 1764 1809 1808
f 1764 1765 1809
f 1765 1810 1809
f 1765 1766 1810
f 1766 1811 1810
f 1766 1767 1811
f 1767 1812 1811
f 1767 1768 1812
f 1768 1813 1812
f 1768 1769 1813
f 1769 1770 1813
f 1813 1770 1814
f 1770 1771 1814
f 1814 1771 1815
f 1771 1772 1815
f 1815 1772 1816
f 1772 1773 1816
f 1816 1773 1817
f 1773 1774 1817
f 1817 1774 1818
f 1774 1775 1818
f 1818 1775 1819
f 1775 1776 1819
f 1819 1776 1820
f 1776 1777 1820
f 1820 1777 1821
f 1777 1778 1821
f 1821 1778 1822
f 1778 1779 1822
f 1822 1779 1823
f 1779 1824 1823
f 1779 1780 1824
f 1780 1825 1824
f 1780 1781 1825
f 1781 1826 1825
f 1781 1782 1826
f 1782 1827 1826
f 1782 1783 1827
f 1783 1828 1827
f 1783 1784 1828
f 1784 1829 1828
f 1784 1785 1829
f 1785 1830 1829
f 1785 1786 1830
f 1786 1831 1830
f 1786 1787 1831
f 1787 1832 1831
f 1787 1788 1832
f 1788 1833 1832
f 1788 1789 1833
f 1789 1834 1833
f 1789 1790 1834
f 1790 1791 1834
f 1790 1747 1791
f 1791 1792 1835
f 1835 1792 1836
f 1792 1793 1836
f 1836 1793 1837
f 1793 1794 1837
f 1837 1794 1838
f 1794 1795 1838
f 1838 1795 1839
f 1795 1796 1839
f 1839 1796 1840
f 1796 1797 1840
f 1840 1797 1841
f 1797 1798 1841
f 1841 1798 1842
f 1798 1799 1842
f 1842 1799 1843
f 1799 1800 1843
f 1843 1800 1844
f 1800 1801 1844
f 1844 1801 1845
f 1801 1802 1845
f 1845 1802 1846
f 1802 1803 1846
f 1846 1803 1847
f 1803 1848 1847
f 1803 1804 1848
f 1804 1849 1848
f 1804 1805 1849
f 1805 1850 1849
f 1805 1806 1850
f 1806 1851 1850
f 1806 1807 1851
f 1807 1852 1851
f 1807 1808 1852
f 1808 1853 1852
f 1808 1809 1853
f 1809 1854 1853
f 1809 1810 1854
f 1810 1855 1854
f 1810 1811 1855
f 1811 1856 1855
f 1811 1812 1856
f 1812 1857 1856
f 1812 1813 1857
f 1813 1814 1857
f 1857 1814 1858
f 1814 1815 1858
f 1858 1815 1859
f 1815 1816 1859
f 1859 1816 1860
f 1816 1817 1860
f 1860 1817 1861
f 1817 1818 1861
f 1861 1818 1862
f 1818 1819 1862
f 1862 1819 1863
f 1819 1820 1863
f 1863 1820 1864
f 1820 1821 1864
f 1864 1821 1865
f 1821 1822 1865
f 1865 1822 1866
f 1822 1823 1866
f 1866 1823 1867
f 1823 1868 1867
f 1823 1824 1868
f 1824 1869 1868
f 1824 1825 1869
f 1825 1870 1869
f 1825 1826 1870
f 1826 1871 1870
f 1826 1827 1871
f 1827 1872 1871
f 1827 1828 1872
f 1828 1873 1872
f 1828 1829 1873
f 1829 1874 1873
f 1829 1830 1874
f 1830 1875 1874
f 1830 1831 1875
f 1831 1876 1875
f 1831 1832 1876
f 1832 1877 1876
f 1832 1833 1877
f 1833 1878 1877
f 1833 1834 1878
f 1834 1835 1878
f 1834 1791 1835
f 1835 1836 1879
f 1879 1836 1880
f 1836 1837 1880
f 1880 1837 1881
f 1837 1838 1881
f 1881 1838 1882
f 1838 1839 1882
f 1882 1839 1883
f 1839 1840 1883
f 1883 1840 1884
f 1840 1841 1884
f 1884 1841 1885
f 1841 1842 1885
f 1885 1842 1886
f 1842 1843 1886
f 1886 1843 1887
f 1843 1844 1887
f 1887 1844 1888
f 1844 1845 1888
f 1888 1845 1889
f 1845 1846 1889
f 1889 1846 1890
f 1846 1847 1890
f 1890 1847 1891
f 1847 1892 1891
f 1847 1848 1892
f 1848 1893 1892
f 1848 1849 1893
f 1849 1894 1893
f 1849 1850 1894
f 1850 1895 1894
f 1850 1851 1895
f 1851 1896 1895
f 1851 1852 1896
f 1852 1897 1896
f 1852 1853 1897
f 1853 1898 1897
f 1853 1854 1898
f 1854 1899 1898
f 1854 1855 1899
f 1855 1900 1899
f 1855 1856 1900
f 1856 1901 1900
f 1856 1857 1901
f 1857 1858 1901
f 1901 1858 1902
f 1858 1859 1902
f 1902 1859 1903
f 1859 1860 1903
f 1903 1860 1904
f 1860 1861 1904
f 1904 1861 1905
f 1861 1862 1905
f 1905 1862 1906
f 1862 1863 1906
f 1906 1863 1907
f 1863 1864 1907
f 1907 1864 1908
f 1864 1865 1908
f 1908 1865 1909
f 1865 1866 1909
f 1909 1866 1910
f 1866 1867 1910
f 1910 1867 1911
f 1867 1912 1911
f 1867 1868 1912
f 1868 1913 1912
f 1868 1869 1913
f 1869 1914 1913
f 1869 1870 1914
f 1870 1915 1914
f 1870 1871 1915
f 1871 1916 1915
f 1871 1872 1916
f 1872 1917 1916
f 1872 1873 1917
f 1873 1918 1917
f 1873 1874 1918
f 1874 1919 1918
f 1874 1875 1919
f 1875 1920 1919
f 1875 1876 1920
f 1876 1921 1920
f 1876 1877 1921
f 1877 1922 1921
f 1877 1878 1922
f 1878 1879 1922
f 1878 1835 1879
f 1879 1880 1923
f 1923 1880 1924
f 1880 1881 1924
f 1924 1881 1925
f 1881 1882 1925
f 1925 1882 1926
f 1882 1883 1926
f 1926 1883 1927
f 1883 1884 1927
f 1927 1884 1928
f 1884 1885 1928
f 1928 1885 1929
f 1885 1886 1929
f 1929 1886 1930
f 1886 1887 1930
f 1930 1887 1931
f 1887 1888 1931
f 1931 1888 1932
f 1888 1889 1932
f 1932 1889 1933
f 1889 1890 1933
f 1933 1890 1934
f 1890 1891 1934
f 1934 1891 1935
f 1891 1936 1935
f 1891 1892 1936
f 1892 1937 1936
f 1892 1893 1937
f 1893 1938 1937
f 1893 1894 1938
f 1894 1939 1938
f 1894 1895 1939
f 1895 1940 1939
f 1895 1896 1940
f 1896 1941 1940
f 1896 1897 1941
f 1897 1942 1941
f 1897 1898 1942
f 1898 1943 1942
f 1898 1899 1943
f 1899 1944 1943
f 1899 1900 1944
f 1900 1945 1944
f 1900 1901 1945
f 1901 1902 1945
f 1945 1902 1946
f 1902 1903 1946
f 1946 1903 1947
f 1903 1904 1947
f 1947 1904 1948
f 1904 1905 1948
f 1948 1905 1949
f 1905 1906 1949
f 1949 1906 1950
f 1906 1907 1950
f 1950 1907 1951
f 1907 1908 1951
f 1951 1908 1952
f 1908 1909 1952
f 1952 1909 1953
f 1909 1910 1953
f 1953 1910 1954
f 1910 1911 1954
f 1954 1911 1955
f 1911 1956 1955
f 1911 1912 1956
f 1912 1957 1956
f 1912 1913 1957
f 1913 1958 1957
f 1913 1914 1958
f 1914 1959 1958
f 1914 1915 1959
f 1915 1960 1959
f 1915 1916 1960
f 1916 1961 1960
f 1916 1917 1961
f 1917 1962 1961
f 1917 1918 1962
f 1918 1963 1962
f 1918 1919 1963
f 1919 1964 1963
f 1919 1920 1964
f 1920 1965 1964
f 1920 1921 1965
f 1921 1966 1965
f 1921 1922 1966
f 1922 1923 1966
f 1922 1879 1923
f 1923 1924 1967
f 1967 1924 1968
f 1924 1925 1968
f 1968 1925 1969
f 1925 1926 1969
f 1969 1926 1970
f 1926 1927 1970
f 1970 1927 1971
f 1927 1928 1971
f 1971 1928 1972
f 1928 1929 1972
f 1972 1929 1973
f 1929 1930 1973
f 1973 1930 1974
f 1930 1931 1974
f 1974 1931 1975
f 1931 1932 1975
f 1975 1932 1976
f 1932 1933 1976
f 1976 1933 1977
f 1933 1934 1977
f 1977 1934 1978
f 1934 1935 1978
f 1978 1935 1979
f 1935 1980 1979
f 1935 1936 1980
f 1936 1981 1980
f 1936 1937 1981
f 1937 1982 1981
f 1937 1938 1982
f 1938 1983 1982
f 1938 1939 1983
f 1939 1984 1983
f 1939 1940 1984
f 1940 1985 1984
f 1940 1941 1985
f 1941 1986 1985
f 1941 1942 1986
f 1942 1987 1986
f 1942 1943 1987
f 1943 1988 1987
f 1943 1944 1988
f 1944 1989 1988
f 1944 1945 1989
f 1945 1946 1989
f 1989 1946 1990
f 1946 1947 1990
f 1990 1947 1991
f 1947 1948 1991
f 1991 1948 1992
f 1948 1949 1992
f 1992 1949 1993
f 1949 1950 1993
f 1993 1950 1994
f 1950 1951 1994
f 1994 1951 1995
f 1951 1952 1995
f 1995 1952 1996
f 1952 1953 1996
f 1996 1953 1997
f 1953 1954 1997
f 1997 1954 1998
f 1954 1955 1998
f 1998 1955 1999
f 1955 2000 1999
f 1955 1956 2000
f 1956 2001 2000
f 1956 1957 2001
f 1957 2002 2001
f 1957 1958 2002
f 1958 2003 2002
f 1958 1959 2003
f 1959 2004 2003
f 1959 1960 2004
f 1960 2005 2004
f 1960 1961 2005
f 1961 2006 2005
f 1961 1962 2006
f 1962 2007 2006
f 1962 1963 2007
f 1963 2008 2007
f 1963 1964 2008
f 1964 2009 2008
f 1964 1965 2009
f 1965 2010 2009
f 1965 1966 2010
f 1966 1967 2010
f 1966 1923 1967
f 1967 1968 2011
f 2011 1968 2012
f 1968 1969 2012
f 2012 1969 2013
f 1969 1970 2013
f 2013 1970 2014
f 1970 1971 2014
f 2014 1971 2015
f 1971 1972 2015
f 2015 1972 2016
f 1972 1973 2016
f 2016 1973 2017
f 1973 1974 2017
f 2017 1974 2018
f 1974 1975 2018
f 2018 1975 2019
f 1975 1976 2019
f 2019 1976 2020
f 1976 1977 2020
f 2020 1977 2021
f 1977 1978 2021
f 2021 1978 2022
f 1978 1979 2022
f 2022 1979 2023
f 1979 2024 2023
f 1979 1980 2024
f 1980 2025 2024
f 1980 1981 2025
f 1981 2026 2025
f 1981 1982 2026
f 1982 2027 2026
f 1982 1983 2027
f 1983 2028 2027
f 1983 1984 2028
f 1984 2029 2028
f 1984 1985 2029
f 1985 2030 2029
f 1985 1986 2030
f 1986 2031 2030
f 1986 1987 2031
f 1987 2032 2031
f 1987 1988 2032
f 1988 2033 2032
f 1988 1989 2033
f 1989 1990 2033
f 2033 1990 2034
f 1990 1991 2034
f 2034 1991 2035
f 1991 1992 2035
f 2035 1992 2036
f 1992 1993 2036
f 2036 1993 2037
f 1993 1994 2037
f 2037 1994 2038
f 1994 1995 2038
f 2038 1995 2039
f 1995 1996 2039
f 2039 1996 2040
f 1996 1997 2040
f 2040 1997 2041
f 1997 1998 2041
f 2041 1998 2042
f 1998 1999 2042
f 2042 1999 2043
f 1999 2044 2043
f 1999 2000 2044
f 2000 2045 2044
f 2000 2001 2045
f 2001 2046 2045
f 2001 2002 2046
f 2002 2047 2046
f 2002 2003 2047
f 2003 2048 2047
f 2003 2004 2048
f 2004 2049 2048
f 2004 2005 2049
f 2005 2050 2049
f 2005 2006 2050
f 2006 2051 2050
f 2006 2007 2051
f 2007 2052 2051
f 2007 2008 2052
f 2008 2053 2052
f 2008 2009 2053
f 2009 2054 2053
f 2009 2010 2054
f 2010 2011 2054
f 2010 1967 2011
f 2011 2012 2055
f 2055 2012 2056
f 2012 2013 2056
f 2056 2013 2057
f 2013 2014 2057
f 2057 2014 2058
f 2014 2015 2058
f 2058 2015 2059
f 2015 2016 2059
f 2059 2016 2060
f 2016 2017 2060
f 2060 2017 2061
f 2017 2018 2061
f 2061 2018 2062
f 2018 2019 2062
f 2062 2019 2063
f 2019 2020 2063
f 2063 2020 2064
f 2020 2021 2064
f 2064 2021 2065
f 2021 2022 2065
f 2065 2022 2066
f 2022 2023 2066
f 2066 2023 2067
f 2023 2068 2067
f 2023 2024 2068
f 2024 2069 2068
f 2024 2025 2069
f 2025 2070 2069
f 2025 2026 2070
f 2026 2071 2070
f 2026 2027 2071
f 2027 2072 2071
f 2027 2028 2072
f 2028 2073 2072
f 2028 2029 2073
f 2029 2074 2073
f 2029 2030 2074
f 2030 2075 2074
f 2030 2031 2075
f 2031 2076 2075
f 2031 2032 2076
f 2032 2077 2076
f 2032 2033 2077
f 2033 2034 2077
f 2077 2034 2078
f 2034 2035 2078
f 2078 2035 2079
f 2035 2036 2079
f 2079 2036 2080
f 2036 2037 2080
f 2080 2037 2081
f 2037 2038 2081
f 2081 2038 2082
f 2038 2039 2082
f 2082 2039 2083
f 2039 2040 2083
f 2083 2040 2084
f 2040 2041 2084
f 2084 2041 2085
f 2041 2042 2085
f 2085 2042 2086
f 2042 2043 2086
f 2086 2043 2087
f 2043 2088 2087
f 2043 2044 2088
f 2044 2089 2088
f 2044 2045 2089
f 2045 2090 2089
f 2045 2046 2090
f 2046 2091 2090
f 2046 2047 2091
f 2047 2092 2091
f 2047 2048 2092
f 2048 2093 2092
f 2048 2049 2093
f 2049 2094 2093
f 2049 2050 2094
f 2050 2095 2094
f 2050 2051 2095
f 2051 2096 2095
f 2051 2052 2096
f 2052 2097 2096
f 2052 2053 2097
f 2053 2098 2097
f 2053 2054 2098
f 2054 2055 2098
f 2054 2011 2055
f 2055 2056 2099
f 2099 2056 2100
f 2056 2057 2100
f 2100 2057 2101
f 2057 2058 2101
f 2101 2058 2102
f 2058 2059 2102
f 2102 2059 2103
f 2059 2060 2103
f 2103 2060 2104
f 2060 2061 2104
f 2104 2061 2105
f 2061 2062 2105
f 2105 2062 2106
f 2062 2063 2106
f 2106 2063 2107
f 2063 2064 2107
f 2107 2064 2108
f 2064 2065 2108
f 2108 2065 2109
f 2065 2066 2109
f 2109 2066 2110
f 2066 2067 2110
f 2110 2067 2111
f 2067 2112 2111
f 2067 2068 2112
f 2068 2113 2112
f 2068 2069 2113
f 2069 2114 2113
f 2069 2070 2114
f 2070 2115 2114
f 2070 2071 2115
f 2071 2116 2115
f 2071 2072 2116
f 2072 2117 2116
f 2072 2073 2117
f 2073 2118 2117
f 2073 2074 2118
f 2074 2119 2118
f 2074 2075 2119
f 2075 2120 2119
f 2075 2076 2120
f 2076 2121 2120
f 2076 2077 2121
f 2077 2078 2121
f 2121 2078 2122
f 2078 2079 2122
f 2122 2079 2123
f 2079 2080 2123
f 2123 2080 2124
f 2080 2081 2124
f 2124 2081 2125
f 2081 2082 2125
f 2125 2082 2126
f 2082 2083 2126
f 2126 2083 2127
f 2083 2084 2127
f 2127 2084 2128
f 2084 2085 2128
f 2128 2085 2129
f 2085 2086 2129
f 2129 2086 2130
f 2086 2087 2130
f 2130 2087 2131
f 2087 2132 2131
f 2087 2088 2132
f 2088 2133 2132
f 2088 2089 2133
f 2089 2134 2133
f 2089 2090 2134
f 2090 2135 2134
f 2090 2091 2135
f 2091 2136 2135
f 2091 2092 2136
f 2092 2137 2136
f 2092 2093 2137
f 2093 2138 2137
f 2093 2094 2138
f 2094 2139 2138
f 2094 2095 2139
f 2095 2140 2139
f 2095 2096 2140
f 2096 2141 2140
f 2096 2097 2141
f 2097 2142 2141
f 2097 2098 2142
f 2098 2099 2142
f 2098 2055 2099
f 2099 2100 2143
f 2143 2100 2144
f 2100 2101 2144
f 2144 2101 2145
f 2101 2102 2145
f 2145 2102 2146
f 2102 2103 2146
f 2146 2103 2147
f 2103 2104 2147
f 2147 2104 2148
f 2104 2105 2148
f 2148 2105 2149
f 2105 2106 2149
f 2149 2106 2150
f 2106 2107 2150
f 2150 2107 2151
f 2107 2108 2151
f 2151 2108 2152
f 2108 2109 2152
f 2152 2109 2153
f 2109 2110 2153
f 2153 2110 2154
f 2110 2111 2154
f 2154 2111 2155
f 2111 2156 2155
f 2111 2112 2156
f 2112 2157 2156
f 2112 2113 2157
f 2113 2158 2157
f 2113 2114 2158
f 2114 2159 2158
f 2114 2115 2159
f 2115 2160 2159
f 2115 2116 2160
f 2116 2161 2160
f 2116 2117 2161
f 2117 2162 2161
f 2117 2118 2162
f 2118 2163 2162
f 2118 2119 2163
f 2119 2164 2163
f 2119 2120 2164
f 2120 2165 2164
f 2120 2121 2165
f 2121 2122 2165
f 2165 2122 2166
f 2122 2123 2166
f 2166 2123 2167
f 2123 2124 2167
f 2167 2124 2168
f 2124 2125 2168
f 2168 2125 2169
f 2125 2126 2169
f 2169 2126 2170
f 2126 2127 2170
f 2170 2127 2171
f 2127 2128 2171
f 2171 2128 2172
f 2128 2129 2172
f 2172 2129 2173
f 2129 2130 2173
f 2173 2130 2174
f 2130 2131 2174
f 2174 2131 2175
f 2131 2176 2175
f 2131 2132 2176
f 2132 2177 2176
f 2132 2133 2177
f 2133 2178 2177
f 2133 2134 2178
f 2134 2179 2178
f 2134 2135 2179
f 2135 2180 2179
f 2135 2136 2180
f 2136 2181 2180
f 2136 2137 2181
f 2137 2182 2181
f 2137 2138 2182
f 2138 2183 2182
f 2138 2139 2183
f 2139 2184 2183
f 2139 2140 2184
f 2140 2185 2184
f 2140 2141 2185
f 2141 2186 2185
f 2141 2142 2186
f 2142 2143 2186
f 2142 2099 2143
f 2143 2144 2187
f 2187 2144 2188
f 2144 2145 2188
f 2188 2145 2189
f 2145 2146 2189
f 2189 2146 2190
f 2146 2147 2190
f 2190 2147 2191
f 2147 2148 2191
f 2191 2148 2192
f 2148 2149 2192
f 2192 2149 2193
f 2149 2150 2193
f 2193 2150 2194
f 2150 2151 2194
f 2194 2151 2195
f 2151 2152 2195
f 2195 2152 2196
f 2152 2153 2196
f 2196 2153 2197
f 2153 2154 2197
f 2197 2154 2198
f 2154 2155 2198
f 2198 2155 2199
f 2155 2200 2199
f 2155 2156 2200
f 2156 2201 2200
f 2156 2157 2201
f 2157 2202 2201
f 2157 2158 2202
f 2158 2203 2202
f 2158 2159 2203
f 2159 2204 2203
f 2159 2160 2204
f 2160 2205 2204
f 2160 2161 2205
f 2161 2206 2205
f 2161 2162 2206
f 2162 2207 2206
f 2162 2163 2207
f 2163 2208 2207
f 2163 2164 2208
f 2164 2209 2208
f 2164 2165 2209
f 2165 2166 2209
f 2209 2166 2210
f 2166 2167 2210
f 2210 2167 2211
f 2167 2168 2211
f 2211 2168 2212
f 2168 2169 2212
f 2212 2169 2213
f 2169 2170 2213
f 2213 2170 2214
f 2170 2171 2214
f 2214 2171 2215
f 2171 2172 2215
f 2215 2172 2216
f 2172 2173 2216
f 2216 2173 2217
f 2173 2174 2217
f 2217 2174 2218
f 2174 2175 2218
f 2218 2175 2219
f 2175 2220 2219
f 2175 2176 2220
f 2176 2221 2220
f 2176 2177 2221
f 2177 2222 2221
f 2177 2178 2222
f 2178 2223 2222
f 2178 2179 2223
f 2179 2224 2223
f 2179 2180 2224
f 2180 2225 2224
f 2180 2181 2225
f 2181 2226 2225
f 2181 2182 2226
f 2182 2227 2226
f 2182 2183 2227
f 2183 2228 2227
f 2183 2184 2228
f 2184 2229 2228
f 2184 2185 2229
f 2185 2230 2229
f 2185 2186 2230
f 2186 2187 2230
f 2186 2143 2187
f 2187 2188 2231
f 2231 2188 2232
f 2188 2189 2232
f 2232 2189 2233
f 2189 2190 2233
f 2233 2190 2234
f 2190 2191 2234
f 2234 2191 2235
f 2191 2192 2235
f 2235 2192 2236
f 2192 2193 2236
f 2236 2193 2237
f 2193 2194 2237
f 2237 2194 2238
f 2194 2195 2238
f 2238 2195 2239
f 2195 2196 2239
f 2239 2196 2240
f 2196 2197 2240
f 2240 2197 2241
f 2197 2198 2241
f 2241 2198 2242
f 2198 2199 2242
f 2242 2199 2243
f 2199 2244 2243
f 2199 2200 2244
f 2200 2245 2244
f 2200 2201 2245
f 2201 2246 2245
f 2201 2202 2246
f 2202 2247 2246
f 2202 2203 2247
f 2203 2248 2247
f 2203 2204 2248
f 2204 2249 2248
f 2204 2205 2249
f 2205 2250 2249
f 2205 2206 2250
f 2206 2251 2250
f 2206 2207 2251
f 2207 2252 2251
f 2207 2208 2252
f 2208 2253 2252
f 2208 2209 2253
f 2209 2210 2253
f 2253 2210 2254
f 2210 2211 2254
f 2254 2211 2255
f 2211 2212 2255
f 2255 2212 2256
f 2212 2213 2256
f 2256 2213 2257
f 2213 2214 2257
f 2257 2214 2258
f 2214 2215 2258
f 2258 2215 2259
f 2215 2216 2259
f 2259 2216 2260
f 2216 2217 2260
f 2260 2217 2261
f 2217 2218 2261
f 2261 2218 2262
f 2218 2219 2262
f 2262 2219 2263
f 2219 2264 2263
f 2219 2220 2264
f 2220 2265 2264
f 2220 2221 2265
f 2221 2266 2265
f 2221 2222 2266
f 2222 2267 2266
f 2222 2223 2267
f 2223 2268 2267
f 2223 2224 2268
f 2224 2269 2268
f 2224 2225 2269
f 2225 2270 2269
f 2225 2226 2270
f 2226 2271 2270
f 2226 2227 2271
f 2227 2272 2271
f 2227 2228 2272
f 2228 2273 2272
f 2228 2229 2273
f 2229 2274 2273
f 2229 2230 2274
f 2230 2231 2274
f 2230 2187 2231
f 2231 2232 2275
f 2275 2232 2276
f 2232 2233 2276
f 2276 2233 2277
f 2233 2234 2277
f 2277 2234 2278
f 2234 2235 2278
f 2278 2235 2279
f 2235 2236 2279
f 2279 2236 2280
f 2236 2237 2280
f 2280 2237 2281
f 2237 2238 2281
f 2281 2238 2282
f 2238 2239 2282
f 2282 2239 2283
f 2239 2240 2283
f 2283 2240 2284
f 2240 2241 2284
f 2284 2241 2285
f 2241 2242 2285
f 2285 2242 2286
f 2242 2243 2286
f 2286 2243 2287
f 2243 2288 2287
f 2243 2244 2288
f 2244 2289 2288
f 2244 2245 2289
f 2245 2290 2289
f 2245 2246 2290
f 2246 2291 2290
f 2246 2247 2291
f 2247 2292 2291
f 2247 2248 2292
f 2248 2293 2292
f 2248 2249 2293
f 2249 2294 2293
f 2249 2250 2294
f 2250 2295 2294
f 2250 2251 2295
f 2251 2296 2295
f 2251 2252 2296
f 2252 2297 2296
f 2252 2253 2297
f 2253 2254 2297
f 2297 2254 2298
f 2254 2255 2298
f 2298 2255 2299
f 2255 2256 2299
f 2299 2256 2300
f 2256 2257 2300
f 2300 2257 2301
f 2257 2258 2301
f 2301 2258 2302
f 2258 2259 2302
f 2302 2259 2303
f 2259 2260 2303
f 2303 2260 2304
f 2260 2261 2304
f 2304 2261 2305
f 2261 2262 2305
f 2305 2262 2306
f 2262 2263 2306
f 2306 2263 2307
f 2263 2308 2307
f 2263 2264 2308
f 2264 2309 2308
f 2264 2265 2309
f 2265 2310 2309
f 2265 2266 2310
f 2266 2311 2310
f 2266 2267 2311
f 2267 2312 2311
f 2267 2268 2312
f 2268 2313 2312
f 2268 2269 2313
f 2269 2314 2313
f 2269 2270 2314
f 2270 2315 2314
f 2270 2271 2315
f 2271 2316 2315
f 2271 2272 2316
f 2272 2317 2316
f 2272 2273 2317
f 2273 2318 2317
f 2273 2274 2318
f 2274 2275 2318
f 2274 2231 2275
f 2275 2276 2319
f 2319 2276 2320
f 2276 2277 2320
f 2320 2277 2321
f 2277 2278 2321
f 2321 2278 2322
f 2278 2279 2322
f 2322 2279 2323
f 2279 2280 2323
f 2323 2280 2324
f 2280 2281 2324
f 2324 2281 2325
f 2281 2282 2325
f 2325 2282 2326
f 2282 2283 2326
f 2326 2283 2327
f 2283 2284 2327
f 2327 2284 2328
f 2284 2285 2328
f 2328 2285 2329
f 2285 2286 2329
f 2329 2286 2330
f 2286 2287 2330
f 2330 2287 2331
f 2287 2332 2331
f 2287 2288 2332
f 2288 2333 2332
f 2288 2289 2333
f 2289 2334 2333
f 2289 2290 2334
f 2290 2335 2334
f 2290 2291 2335
f 2291 2336 2335
f 2291 2292 2336
f 2292 2337 2336
f 2292 2293 2337
f 2293 2338 2337
f 2293 2294 2338
f 2294 2339 2338
f 2294 2295 2339
f 2295 2340 2339
f 2295 2296 2340
f 2296 2341 2340
f 2296 2297 2341
f 2297 2298 2341
f 2341 2298 2342
f 2298 2299 2342
f 2342 2299 2343
f 2299 2300 2343
f 2343 2300 2344
f 2300 2301 2344
f 2344 2301 2345
f 2301 2302 2345
f 2345 2302 2346
f 2302 2303 2346
f 2346 2303 2347
f 2303 2304 2347
f 2347 2304 2348
f 2304 2305 2348
f 2348 2305 2349
f 2305 2306 2349
f 2349 2306 2350
f 2306 2307 2350
f 2350 2307 2351
f 2307 2352 2351
f 2307 2308 2352
f 2308 2353 2352
f 2308 2309 2353
f 2309 2354 2353
f 2309 2310 2354
f 2310 2355 2354
f 2310 2311 2355
f 2311 2356 2355
f 2311 2312 2356
f 2312 2357 2356
f 2312 2313 2357
f 2313 2358 2357
f 2313 2314 2358
f 2314 2359 2358
f 2314 2315 2359
f 2315 2360 2359
f 2315 2316 2360
f 2316 2361 2360
f 2316 2317 2361
f 2317 2362 2361
f 2317 2318 2362
f 2318 2319 2362
f 2318 2275 2319
f 2319 2320 2363
f 2363 2320 2364
f 2320 2321 2364
f 2364 2321 2365
f 2321 2322 2365
f 2365 2322 2366
f 2322 2323 2366
f 2366 2323 2367
f 2323 2324 2367
f 2367 2324 2368
f 2324 2325 2368
f 2368 2325 2369
f 2325 2326 2369
f 2369 2326 2370
f 2326 2327 2370
f 2370 2327 2371
f 2327 2328 2371
f 2371 2328 2372
f 2328 2329 2372
f 2372 2329 2373
f 2329 2330 2373
f 2373 2330 2374
f 2330 2331 2374
f 2374 2331 2375
f 2331 2376 2375
f 2331 2332 2376
f 2332 2377 2376
f 2332 2333 2377
f 2333 2378 2377
f 2333 2334 2378
f 2334 2379 2378
f 2334 2335 2379
f 2335 2380 2379
f 2335 2336 2380
f 2336 2381 2380
f 2336 2337 2381
f 2337 2382 2381
f 2337 2338 2382
f 2338 2383 2382
f 2338 2339 2383
f 2339 2384 2383
f 2339 2340 2384
f 2340 2385 2384
f 2340 2341 2385
f 2341 2342 2385
f 2385 2342 2386
f 2342 2343 2386
f 2386 2343 2387
f 2343 2344 2387
f 2387 2344 2388
f 2344 2345 2388
f 2388 2345 2389
f 2345 2346 2389
f 2389 2346 2390
f 2346 2347 2390
f 2390 2347 2391
f 2347 2348 2391
f 2391 2348 2392
f 2348 2349 2392
f 2392 2349 2393
f 2349 2350 2393
f 2393 2350 2394
f 2350 2351 2394
f 2394 2351 2395
f 2351 2396 2395
f 2351 2352 2396
f 2352 2397 2396
f 2352 2353 2397
f 2353 2398 2397
f 2353 2354 2398
f 2354 2399 2398
f 2354 2355 2399
f 2355 2400 2399
f 2355 2356 2400
f 2356 2401 2400
f 2356 2357 2401
f 2357 2402 2401
f 2357 2358 2402
f 2358 2403 2402
f 2358 2359 2403
f 2359 2404 2403
f 2359 2360 2404
f 2360 2405 2404
f 2360 2361 2405
f 2361 2406 2405
f 2361 2362 2406
f 2362 2363 2406
f 2362 2319 2363
f 2363 2364 2407
f 2407 2364 2408
f 2364 2365 2408
f 2408 2365 2409
f 2365 2366 2409
f 2409 2366 2410
f 2366 2367 2410
f 2410 2367 2411
f 2367 2368 2411
f 2411 2368 2412
f 2368 2369 2412
f 2412 2369 2413
f 2369 2370 2413
f 2413 2370 2414
f 2370 2371 2414
f 2414 2371 2415
f 2371 2372 2415
f 2415 2372 2416
f 2372 2373 2416
f 2416 2373 2417
f 2373 2374 2417
f 2417 2374 2418
f 2374 2375 2418
f 2418 2375 2419
f 2375 2420 2419
f 2375 2376 2420
f 2376 2421 2420
f 2376 2377 2421
f 2377 2422 2421
f 2377 2378 2422
f 2378 2423 2422
f 2378 2379 2423
f 2379 2424 2423
f 2379 2380 2424
f 2380 2425 2424
f 2380 2381 2425
f 2381 2426 2425
f 2381 2382 2426
f 2382 2427 2426
f 2382 2383 2427
f 2383 2428 2427
f 2383 2384 2428
f 2384 2429 2428
f 2384 2385 2429
f 2385 2386 2429
f 2429 2386 2430
f 2386 2387 2430
f 2430 2387 2431
f 2387 2388 2431
f 2431 2388 2432
f 2388 2389 2432
f 2432 2389 2433
f 2389 2390 2433
f 2433 2390 2434
f 2390 2391 2434
f 2434 2391 2435
f 2391 2392 2435
f 2435 2392 2436
f 2392 2393 2436
f 2436 2393 2437
f 2393 2394 2437
f 2437 2394 2438
f 2394 2395 2438
f 2438 2395 2439
f 2395 2440 2439
f 2395 2396 2440
f 2396 2441 2440
f 2396 2397 2441
f 2397 2442 2441
f 2397 2398 2442
f 2398 2443 2442
f 2398 2399 2443
f 2399 2444 2443
f 2399 2400 2444
f 2400 2445 2444
f 2400 2401 2445
f 2401 2446 2445
f 2401 2402 2446
f 2402 2447 2446
f 2402 2403 2447
f 2403 2448 2447
f 2403 2404 2448
f 2404 2449 2448
f 2404 2405 2449
f 2405 2450 2449
f 2405 2406 2450
f 2406 2407 2450
f 2406 2363 2407
f 2407 2408 2451
f 2451 2408 2452
f 2408 2409 2452
f 2452 2409 2453
f 2409 2410 2453
f 2453 2410 2454
f 2410 2411 2454
f 2454 2411 2455
f 2411 2412 2455
f 2455 2412 2456
f 2412 2413 2456
f 2456 2413 2457
f 2413 2414 2457
f 2457 2414 2458
f 2414 2415 2458
f 2458 2415 2459
f 2415 2416 2459
f 2459 2416 2460
f 2416 2417 2460
f 2460 2417 2461
f 2417 2418 2461
f 2461 2418 2462
f 2418 2419 2462
f 2462 2419 2463
f 2419 2464 2463
f 2419 2420 2464
f 2420 2465 2464
f 2420 2421 2465
f 2421 2466 2465
f 2421 2422 2466
f 2422 2467 2466
f 2422 2423 2467
f 2423 2468 2467
f 2423 2424 2468
f 2424 2469 2468
f 2424 2425 2469
f 2425 2470 2469
f 2425 2426 2470
f 2426 2471 2470
f 2426 2427 2471
f 2427 2472 2471
f 2427 2428 2472
f 2428 2473 2472
f 2428 2429 2473
f 2429 2430 2473
f 2473 2430 2474
f 2430 2431 2474
f 2474 2431 2475
f 2431 2432 2475
f 2475 2432 2476
f 2432 2433 2476
f 2476 2433 2477
f 2433 2434 2477
f 2477 2434 2478
f 2434 2435 2478
f 2478 2435 2479
f 2435 2436 2479
f 2479 2436 2480
f 2436 2437 2480
f 2480 2437 2481
f 2437 2438 2481
f 2481 2438 2482
f 2438 2439 2482
f 2482 2439 2483
f 2439 2484 2483
f 2439 2440 2484
f 2440 2485 2484
f 2440 2441 2485
f 2441 2486 2485
f 2441 2442 2486
f 2442 2487 2486
f 2442 2443 2487
f 2443 2488 2487
f 2443 2444 2488
f 2444 2489 2488
f 2444 2445 2489
f 2445 2490 2489
f 2445 2446 2490
f 2446 2491 2490
f 2446 2447 2491
f 2447 2492 2491
f 2447 2448 2492
f 2448 2493 2492
f 2448 2449 2493
f 2449 2494 2493
f 2449 2450 2494
f 2450 2451 2494
f 2450 2407 2451
f 2451 2452 2495
f 2495 2452 2496
f 2452 2453 2496
f 2496 2453 2497
f 2453 2454 2497
f 2497 2454 2498
f 2454 2455 2498
f 2498 2455 2499
f 2455 2456 2499
f 2499 2456 2500
f 2456 2457 2500
f 2500 2457 2501
f 2457 2458 2501
f 2501 2458 2502
f 2458 2459 2502
f 2502 2459 2503
f 2459 2460 2503
f 2503 2460 2504
f 2460 2461 2504
f 2504 2461 2505
f 2461 2462 2505
f 2505 2462 2506
f 2462 2463 2506
f 2506 2463 2507
f 2463 2508 2507
f 2463 2464 2508
f 2464 2509 2508
f 2464 2465 2509
f 2465 2510 2509
f 2465 2466 2510
f 2466 2511 2510
f 2466 2467 2511
f 2467 2512 2511
f 2467 2468 2512
f 2468 2513 2512
f 2468 2469 2513
f 2469 2514 2513
f 2469 2470 2514
f 2470 2515 2514
f 2470 2471 2515
f 2471 2516 2515
f 2471 2472 2516
f 2472 2517 2516
f 2472 2473 2517
f 2473 2474 2517
f 2517 2474 2518
f 2474 2475 2518
f 2518 2475 2519
f 2475 2476 2519
f 2519 2476 2520
f 2476 2477 2520
f 2520 2477 2521
f 2477 2478 2521
f 2521 2478 2522
f 2478 2479 2522
f 2522 2479 2523
f 2479 2480 2523
f 2523 2480 2524
f 2480 2481 2524
f 2524 2481 2525
f 2481 2482 2525
f 2525 2482 2526
f 2482 2483 2526
f 2526 2483 2527
f 2483 2528 2527
f 2483 2484 2528
f 2484 2529 2528
f 2484 2485 2529
f 2485 2530 2529
f 2485 2486 2530
f 2486 2531 2530
f 2486 2487 2531
f 2487 2532 2531
f 2487 2488 2532
f 2488 2533 2532
f 2488 2489 2533
f 2489 2534 2533
f 2489 2490 2534
f 2490 2535 2534
f 2490 2491 2535
f 2491 2536 2535
f 2491 2492 2536
f 2492 2537 2536
f 2492 2493 2537
f 2493 2538 2537
f 2493 2494 2538
f 2494 2495 2538
f 2494 2451 2495
f 2495 2496 2539
f 2539 2496 2540
f 2496 2497 2540
f 2540 2497 2541
f 2497 2498 2541
f 2541 2498 2542
f 2498 2499 2542
f 2542 2499 2543
f 2499 2500 2543
f 2543 2500 2544
f 2500 2501 2544
f 2544 2501 2545
f 2501 2502 2545
f 2545 2502 2546
f 2502 2503 2546
f 2546 2503 2547
f 2503 2504 2547
f 2547 2504 2548
f 2504 2505 2548
f 2548 2505 2549
f 2505 2506 2549
f 2549 2506 2550
f 2506 2507 2550
f 2550 2507 2551
f 2507 2552 2551
f 2507 2508 2552
f 2508 2553 2552
f 2508 2509 2553
f 2509 2554 2553
f 2509 2510 2554
f 2510 2555 2554
f 2510 2511 2555
f 2511 2556 2555
f 2511 2512 2556
f 2512 2557 2556
f 2512 2513 2557
f 2513 2558 2557
f 2513 2514 2558
f 2514 2559 2558
f 2514 2515 2559
f 2515 2560 2559
f 2515 2516 2560
f 2516 2561 2560
f 2516 2517 2561
f 2517 2518 2561
f 2561 2518 2562
f 2518 2519 2562
f 2562 2519 2563
f 2519 2520 2563
f 2563 2520 2564
f 2520 2521 2564
f 2564 2521 2565
f 2521 2522 2565
f 2565 2522 2566
f 2522 2523 2566
f 2566 2523 2567
f 2523 2524 2567
f 2567 2524 2568
f 2524 2525 2568
f 2568 2525 2569
f 2525 2526 2569
f 2569 2526 2570
f 2526 2527 2570
f 2570 2527 2571
f 2527 2572 2571
f 2527 2528 2572
f 2528 2573 2572
f 2528 2529 2573
f 2529 2574 2573
f 2529 2530 2574
f 2530 2575 2574
f 2530 2531 2575
f 2531 2576 2575
f 2531 2532 2576
f 2532 2577 2576
f 2532 2533 2577
f 2533 2578 2577
f 2533 2534 2578
f 2534 2579 2578
f 2534 2535 2579
f 2535 2580 2579
f 2535 2536 2580
f 2536 2581 2580
f 2536 2537 2581
f 2537 2582 2581
f 2537 2538 2582
f 2538 2539 2582
f 2538 2495 2539
f 2539 2540 2583
f 2583 2540 2584
f 2540 2541 2584
f 2584 2541 2585
f 2541 2542 2585
f 2585 2542 2586
f 2542 2543 2586
f 2586 2543 2587
f 2543 2544 2587
f 2587 2544 2588
f 2544 2545 2588
f 2588 2545 2589
f 2545 2546 2589
f 2589 2546 2590
f 2546 2547 2590
f 2590 2547 2591
f 2547 2548 2591
f 2591 2548 2592
f 2548 2549 2592
f 2592 2549 2593
f 2549 2550 2593
f 2593 2550 2594
f 2550 2551 2594
f 2594 2551 2595
f 2551 2596 2595
f 2551 2552 2596
f 2552 2597 2596
f 2552 2553 2597
f 2553 2598 2597
f 2553 2554 2598
f 2554 2599 2598
f 2554 2555 2599
f 2555 2600 2599
f 2555 2556 2600
f 2556 2601 2600
f 2556 2557 2601
f 2557 2602 2601
f 2557 2558 2602
f 2558 2603 2602
f 2558 2559 2603
f 2559 2604 2603
f 2559 2560 2604
f 2560 2605 2604
f 2560 2561 2605
f 2561 2562 2605
f 2605 2562 2606
f 2562 2563 2606
f 2606 2563 2607
f 2563 2564 2607
f 2607 2564 2608
f 2564 2565 2608
f 2608 2565 2609
f 2565 2566 2609
f 2609 2566 2610
f 2566 2567 2610
f 2610 2567 2611
f 2567 2568 2611
f 2611 2568 2612
f 2568 2569 2612
f 2612 2569 2613
f 2569 2570 2613
f 2613 2570 2614
f 2570 2571 2614
f 2614 2571 2615
f 2571 2616 2615
f 2571 2572 2616
f 2572 2617 2616
f 2572 2573 2617
f 2573 2618 2617
f 2573 2574 2618
f 2574 2619 2618
f 2574 2575 2619
f 2575 2620 2619
f 2575 2576 2620
f 2576 2621 2620
f 2576 2577 2621
f 2577 2622 2621
f 2577 2578 2622
f 2578 2623 2622
f 2578 2579 2623
f 2579 2624 2623
f 2579 2580 2624
f 2580 2625 2624
f 2580 2581 2625
f 2581 2626 2625
f 2581 2582 2626
f 2582 2583 2626
f 2582 2539 2583
f 2583 2584 2627
f 2627 2584 2628
f 2584 2585 2628
f 2628 2585 2629
f 2585 2586 2629
f 2629 2586 2630
f 2586 2587 2630
f 2630 2587 2631
f 2587 2588 2631
f 2631 2588 2632
f 2588 2589 2632
f 2632 2589 2633
f 2589 2590 2633
f 2633 2590 2634
f 2590 2591 2634
f 2634 2591 2635
f 2591 2592 2635
f 2635 2592 2636
f 2592 2593 2636
f 2636 2593 2637
f 2593 2594 2637
f 2637 2594 2638
f 2594 2595 2638
f 2638 2595 2639
f 2595 2640 2639
f 2595 2596 2640
f 2596 2641 2640
f 2596 2597 2641
f 2597 2642 2641
f 2597 2598 2642
f 2598 2643 2642
f 2598 2599 2643
f 2599 2644 2643
f 2599 2600 2644
f 2600 2645 2644
f 2600 2601 2645
f 2601 2646 2645
f 2601 2602 2646
f 2602 2647 2646
f 2602 2603 2647
f 2603 2648 2647
f 2603 2604 2648
f 2604 2649 2648
f 2604 2605 2649
f 2605 2606 2649
f 2649 2606 2650
f 2606 2607 2650
f 2650 2607 2651
f 2607 2608 2651
f 2651 2608 2652
f 2608 2609 2652
f 2652 2609 2653
f 2609 2610 2653
f 2653 2610 2654
f 2610 2611 2654
f 2654 2611 2655
f 2611 2612 2655
f 2655 2612 2656
f 2612 2613 2656
f 2656 2613 2657
f 2613 2614 2657
f 2657 2614 2658
f 2614 2615 2658
f 2658 2615 2659
f 2615 2660 2659
f 2615 2616 2660
f 2616 2661 2660
f 2616 2617 2661
f 2617 2662 2661
f 2617 2618 2662
f 2618 2663 2662
f 2618 2619 2663
f 2619 2664 2663
f 2619 2620 2664
f 2620 2665 2664
f 2620 2621 2665
f 2621 2666 2665
f 2621 2622 2666
f 2622 2667 2666
f 2622 2623 2667
f 2623 2668 2667
f 2623 2624 2668
f 2624 2669 2668
f 2624 2625 2669
f 2625 2670 2669
f 2625 2626 2670
f 2626 2627 2670
f 2626 2583 2627
f 2627 2628 2671
f 2671 2628 2672
f 2628 2629 2672
f 2672 2629 2673
f 2629 2630 2673
f 2673 2630 2674
f 2630 2631 2674
f 2674 2631 2675
f 2631 2632 2675
f 2675 2632 2676
f 2632 2633 2676
f 2676 2633 2677
f 2633 2634 2677
f 2677 2634 2678
f 2634 2635 2678
f 2678 2635 2679
f 2635 2636 2679
f 2679 2636 2680
f 2636 2637 2680
f 2680 2637 2681
f 2637 2638 2681
f 2681 2638 2682
f 2638 2639 2682
f 2682 2639 2683
f 2639 2684 2683
f 2639 2640 2684
f 2640 2685 2684
f 2640 2641 2685
f 2641 2686 2685
f 2641 2642 2686
f 2642 2687 2686
f 2642 2643 2687
f 2643 2688 2687
f 2643 2644 2688
f 2644 2689 2688
f 2644 2645 2689
f 2645 2690 2689
f 2645 2646 2690
f 2646 2691 2690
f 2646 2647 2691
f 2647 2692 2691
f 2647 2648 2692
f 2648 2693 2692
f 2648 2649 2693
f 2649 2650 2693
f 2693 2650 2694
f 2650 2651 2694
f 2694 2651 2695
f 2651 2652 2695
f 2695 2652 2696
f 2652 2653 2696
f 2696 2653 2697
f 2653 2654 2697
f 2697 2654 2698
f 2654 2655 2698
f 2698 2655 2699
f 2655 2656 2699
f 2699 2656 2700
f 2656 2657 2700
f 2700 2657 2701
f 2657 2658 2701
f 2701 2658 2702
f 2658 2659 2702
f 2702 2659 2703
f 2659 2704 2703
f 2659 2660 2704
f 2660 2705 2704
f 2660 2661 2705
f 2661 2706 2705
f 2661 2662 2706
f 2662 2707 2706
f 2662 2663 2707
f 2663 2708 2707
f 2663 2664 2708
f 2664 2709 2708
f 2664 2665 2709
f 2665 2710 2709
f 2665 2666 2710
f 2666 2711 2710
f 2666 2667 2711
f 2667 2712 2711
f 2667 2668 2712
f 2668 2713 2712
f 2668 2669 2713
f 2669 2714 2713
f 2669 2670 2714
f 2670 2671 2714
f 2670 2627 2671
f 2671 2672 2715
f 2715 2672 2716
f 2672 2673 2716
f 2716 2673 2717
f 2673 2674 2717
f 2717 2674 2718
f 2674 2675 2718
f 2718 2675 2719
f 2675 2676 2719
f 2719 2676 2720
f 2676 2677 2720
f 2720 2677 2721
f 2677 2678 2721
f 2721 2678 2722
f 2678 2679 2722
f 2722 2679 2723
f 2679 2680 2723
f 2723 2680 2724
f 2680 2681 2724
f 2724 2681 2725
f 2681 2682 2725
f 2725 2682 2726
f 2682 2683 2726
f 2726 2683 2727
f 2683 2728 2727
f 2683 2684 2728
f 2684 2729 2728
f 2684 2685 2729
f 2685 2730 2729
f 2685 2686 2730
f 2686 2731 2730
f 2686 2687 2731
f 2687 2732 2731
f 2687 2688 2732
f 2688 2733 2732
f 2688 2689 2733
f 2689 2734 2733
f 2689 2690 2734
f 2690 2735 2734
f 2690 2691 2735
f 2691 2736 2735
f 2691 2692 2736
f 2692 2737 2736
f 2692 2693 2737
f 2693 2694 2737
f 2737 2694 2738
f 2694 2695 2738
f 2738 2695 2739
f 2695 2696 2739
f 2739 2696 2740
f 2696 2697 2740
f 2740 2697 2741
f 2697 2698 2741
f 2741 2698 2742
f 2698 2699 2742
f 2742 2699 2743
f 2699 2700 2743
f 2743 2700 2744
f 2700 2701 2744
f 2744 2701 2745
f 2701 2702 2745
f 2745 2702 2746
f 2702 2703 2746
f 2746 2703 2747
f 2703 2748 2747
f 2703 2704 2748
f 2704 2749 2748
f 2704 2705 2749
f 2705 2750 2749
f 2705 2706 2750
f 2706 2751 2750
f 2706 2707 2751
f 2707 2752 2751
f 2707 2708 2752
f 2708 2753 2752
f 2708 2709 2753
f 2709 2754 2753
f 2709 2710 2754
f 2710 2755 2754
f 2710 2711 2755
f 2711 2756 2755
f 2711 2712 2756
f 2712 2757 2756
f 2712 2713 2757
f 2713 2758 2757
f 2713 2714 2758
f 2714 2715 2758
f 2714 2671 2715
f 2715 2716 2759
f 2759 2716 2760
f 2716 2717 2760
f 2760 2717 2761
f 2717 2718 2761
f 2761 2718 2762
f 2718 2719 2762
f 2762 2719 2763
f 2719 2720 2763
f 2763 2720 2764
f 2720 2721 2764
f 2764 2721 2765
f 2721 2722 2765
f 2765 2722 2766
f 2722 2723 2766
f 2766 2723 2767
f 2723 2724 2767
f 2767 2724 2768
f 2724 2725 2768
f 2768 2725 2769
f 2725 2726 2769
f 2769 2726 2770
f 2726 2727 2770
f 2770 2727 2771
f 2727 2772 2771
f 2727 2728 2772
f 2728 2773 2772
f 2728 2729 2773
f 2729 2774 2773
f 2729 2730 2774
f 2730 2775 2774
f 2730 2731 2775
f 2731 2776 2775
f 2731 2732 2776
f 2732 2777 2776
f 2732 2733 2777
f 2733 2778 2777
f 2733 2734 2778
f 2734 2779 2778
f 2734 2735 2779
f 2735 2780 2779
f 2735 2736 2780
f 2736 2781 2780
f 2736 2737 2781
f 2737 2738 2781
f 2781 2738 2782
f 2738 2739 2782
f 2782 2739 2783
f 2739 2740 2783
f 2783 2740 2784
f 2740 2741 2784
f 2784 2741 2785
f 2741 2742 2785
f 2785 2742 2786
f 2742 2743 2786
f 2786 2743 2787
f 2743 2744 2787
f 2787 2744 2788
f 2744 2745 2788
f 2788 2745 2789
f 2745 2746 2789
f 2789 2746 2790
f 2746 2747 2790
f 2790 2747 2791
f 2747 2792 2791
f 2747 2748 2792
f 2748 2793 2792
f 2748 2749 2793
f 2749 2794 2793
f 2749 2750 2794
f 2750 2795 2794
f 2750 2751 2795
f 2751 2796 2795
f 2751 2752 2796
f 2752 2797 2796
f 2752 2753 2797
f 2753 2798 2797
f 2753 2754 2798
f 2754 2799 2798
f 2754 2755 2799
f 2755 2800 2799
f 2755 2756 2800
f 2756 2801 2800
f 2756 2757 2801
f 2757 2802 2801
f 2757 2758 2802
f 2758 2759 2802
f 2758 2715 2759
f 2759 2760 2803
f 2803 2760 2804
f 2760 2761 2804
f 2804 2761 2805
f 2761 2762 2805
f 2805 2762 2806
f 2762 2763 2806
f 2806 2763 2807
f 2763 2764 2807
f 2807 2764 2808
f 2764 2765 2808
f 2808 2765 2809
f 2765 2766 2809
f 2809 2766 2810
f 2766 2767 2810
f 2810 2767 2811
f 2767 2768 2811
f 2811 2768 2812
f 2768 2769 2812
f 2812 2769 2813
f 2769 2770 2813
f 2813 2770 2814
f 2770 2771 2814
f 2814 2771 2815
f 2771 2816 2815
f 2771 2772 2816
f 2772 2817 2816
f 2772 2773 2817
f 2773 2818 2817
f 2773 2774 2818
f 2774 2819 2818
f 2774 2775 2819
f 2775 2820 2819
f 2775 2776 2820
f 2776 2821 2820
f 2776 2777 2821
f 2777 2822 2821
f 2777 2778 2822
f 2778 2823 2822
f 2778 2779 2823
f 2779 2824 2823
f 2779 2780 2824
f 2780 2825 2824
f 2780 2781 2825
f 2781 2782 2825
f 2825 2782 2826
f 2782 2783 2826
f 2826 2783 2827
f 2783 2784 2827
f 2827 2784 2828
f 2784 2785 2828
f 2828 2785 2829
f 2785 2786 2829
f 2829 2786 2830
f 2786 2787 2830
f 2830 2787 2831
f 2787 2788 2831
f 2831 2788 2832
f 2788 2789 2832
f 2832 2789 2833
f 2789 2790 2833
f 2833 2790 2834
f 2790 2791 2834
f 2834 2791 2835
f 2791 2836 2835
f 2791 2792 2836
f 2792 2837 2836
f 2792 2793 2837
f 2793 2838 2837
f 2793 2794 2838
f 2794 2839 2838
f 2794 2795 2839
f 2795 2840 2839
f 2795 2796 2840
f 2796 2841 2840
f 2796 2797 2841
f 2797 2842 2841
f 2797 2798 2842
f 2798 2843 2842
f 2798 2799 2843
f 2799 2844 2843
f 2799 2800 2844
f 2800 2845 2844
f 2800 2801 2845
f 2801 2846 2845
f 2801 2802 2846
f 2802 2803 2846
f 2802 2759 2803
f 2803 2804 2847
f 2847 2804 2848
f 2804 2805 2848
f 2848 2805 2849
f 2805 2806 2849
f 2849 2806 2850
f 2806 2807 2850
f 2850 2807 2851
f 2807 2808 2851
f 2851 2808 2852
f 2808 2809 2852
f 2852 2809 2853
f 2809 2810 2853
f 2853 2810 2854
f 2810 2811 2854
f 2854 2811 2855
f 2811 2812 2855
f 2855 2812 2856
f 2812 2813 2856
f 2856 2813 2857
f 2813 2814 2857
f 2857 2814 2858
f 2814 2815 2858
f 2858 2815 2859
f 2815 2860 2859
f 2815 2816 2860
f 2816 2861 2860
f 2816 2817 2861
f 2817 2862 2861
f 2817 2818 2862
f 2818 2863 2862
f 2818 2819 2863
f 2819 2864 2863
f 2819 2820 2864
f 2820 2865 2864
f 2820 2821 2865
f 2821 2866 2865
f 2821 2822 2866
f 2822 2867 2866
f 2822 2823 2867
f 2823 2868 2867
f 2823 2824 2868
f 2824 2869 2868
f 2824 2825 2869
f 2825 2826 2869
f 2869 2826 2870
f 2826 2827 2870
f 2870 2827 2871
f 2827 2828 2871
f 2871 2828 2872
f 2828 2829 2872
f 2872 2829 2873
f 2829 2830 2873
f 2873 2830 2874
f 2830 2831 2874
f 2874 2831 2875
f 2831 2832 2875
f 2875 2832 2876
f 2832 2833 2876
f 2876 2833 2877
f 2833 2834 2877
f 2877 2834 2878
f 2834 2835 2878
f 2878 2835 2879
f 2835 2880 2879
f 2835 2836 2880
f 2836 2881 2880
f 2836 2837 2881
f 2837 2882 2881
f 2837 2838 2882
f 2838 2883 2882
f 2838 2839 2883
f 2839 2884 2883
f 2839 2840 2884
f 2840 2885 2884
f 2840 2841 2885
f 2841 2886 2885
f 2841 2842 2886
f 2842 2887 2886
f 2842 2843 2887
f 2843 2888 2887
f 2843 2844 2888
f 2844 2889 2888
f 2844 2845 2889
f 2845 2890 2889
f 2845 2846 2890
f 2846 2847 2890
f 2846 2803 2847
f 2847 2848 2891
f 2891 2848 2892
f 2848 2849 2892
f 2892 2849 2893
f 2849 2850 2893
f 2893 2850 2894
f 2850 2851 2894
f 2894 2851 2895
f 2851 2852 2895
f 2895 2852 2896
f 2852 2853 2896
f 2896 2853 2897
f 2853 2854 2897
f 2897 2854 2898
f 2854 2855 2898
f 2898 2855 2899
f 2855 2856 2899
f 2899 2856 2900
f 2856 2857 2900
f 2900 2857 2901
f 2857 2858 2901
f 2901 2858 2902
f 2858 2859 2902
f 2902 2859 2903
f 2859 2904 2903
f 2859 2860 2904
f 2860 2905 2904
f 2860 2861 2905
f 2861 2906 2905
f 2861 2862 2906
f 2862 2907 2906
f 2862 2863 2907
f 2863 2908 2907
f 2863 2864 2908
f 2864 2909 2908
f 2864 2865 2909
f 2865 2910 2909
f 2865 2866 2910
f 2866 2911 2910
f 2866 2867 2911
f 2867 2912 2911
f 2867 2868 2912
f 2868 2913 2912
f 2868 2869 2913
f 2869 2870 2913
f 2913 2870 2914
f 2870 2871 2914
f 2914 2871 2915
f 2871 2872 2915
f 2915 2872 2916
f 2872 2873 2916
f 2916 2873 2917
f 2873 2874 2917
f 2917 2874 2918
f 2874 2875 2918
f 2918 2875 2919
f 2875 2876 2919
f 2919 2876 2920
f 2876 2877 2920
f 2920 2877 2921
f 2877 2878 2921
f 2921 2878 2922
f 2878 2879 2922
f 2922 2879 2923
f 2879 2924 2923
f 2879 2880 2924
f 2880 2925 2924
f 2880 2881 2925
f 2881 2926 2925
f 2881 2882 2926
f 2882 2927 2926
f 2882 2883 2927
f 2883 2928 2927
f 2883 2884 2928
f 2884 2929 2928
f 2884 2885 2929
f 2885 2930 2929
f 2885 2886 2930
f 2886 2931 2930
f 2886 2887 2931
f 2887 2932 2931
f 2887 2888 2932
f 2888 2933 2932
f 2888 2889 2933
f 2889 2934 2933
f 2889 2890 2934
f 2890 2891 2934
f 2890 2847 2891
f 2891 2892 2935
f 2935 2892 2936
f 2892 2893 2936
f 2936 2893 2937
f 2893 2894 2937
f 2937 2894 2938
f 2894 2895 2938
f 2938 2895 2939
f 2895 2896 2939
f 2939 2896 2940
f 2896 2897 2940
f 2940 2897 2941
f 2897 2898 2941
f 2941 2898 2942
f 2898 2899 2942
f 2942 2899 2943
f 2899 2900 2943
f 2943 2900 2944
f 2900 2901 2944
f 2944 2901 2945
f 2901 2902 2945
f 2945 2902 2946
f 2902 2903 2946
f 2946 2903 2947
f 2903 2948 2947
f 2903 2904 2948
f 2904 2949 2948
f 2904 2905 2949
f 2905 2950 2949
f 2905 2906 2950
f 2906 2951 2950
f 2906 2907 2951
f 2907 2952 2951
f 2907 2908 2952
f 2908 2953 2952
f 2908 2909 2953
f 2909 2954 2953
f 2909 2910 2954
f 2910 2955 2954
f 2910 2911 2955
f 2911 2956 2955
f 2911 2912 2956
f 2912 2957 2956
f 2912 2913 2957
f 2913 2914 2957
f 2957 2914 2958
f 2914 2915 2958
f 2958 2915 2959
f 2915 2916 2959
f 2959 2916 2960
f 2916 2917 2960
f 2960 2917 2961
f 2917 2918 2961
f 2961 2918 2962
f 2918 2919 2962
f 2962 2919 2963
f 2919 2920 2963
f 2963 2920 2964
f 2920 2921 2964
f 2964 2921 2965
f 2921 2922 2965
f 2965 2922 2966
f 2922 2923 2966
f 2966 2923 2967
f 2923 2968 2967
f 2923 2924 2968
f 2924 2969 2968
f 2924 2925 2969
f 2925 2970 2969
f 2925 2926 2970
f 2926 2971 2970
f 2926 2927 2971
f 2927 2972 2971
f 2927 2928 2972
f 2928 2973 2972
f 2928 2929 2973
f 2929 2974 2973
f 2929 2930 2974
f 2930 2975 2974
f 2930 2931 2975
f 2931 2976 2975
f 2931 2932 2976
f 2932 2977 2976
f 2932 2933 2977
f 2933 2978 2977
f 2933 2934 2978
f 2934 2935 2978
f 2934 2891 2935
f 2935 2936 2979
f 2979 2936 2980
f 2936 2937 2980
f 2980 2937 2981
f 2937 2938 2981
f 2981 2938 2982
f 2938 2939 2982
f 2982 2939 2983
f 2939 2940 2983
f 2983 2940 2984
f 2940 2941 2984
f 2984 2941 2985
f 2941 2942 2985
f 2985 2942 2986
f 2942 2943 2986
f 2986 2943 2987
f 2943 2944 2987
f 2987 2944 2988
f 2944 2945 2988
f 2988 2945 2989
f 2945 2946 2989
f 2989 2946 2990
f 2946 2947 2990
f 2990 2947 2991
f 2947 2992 2991
f 2947 2948 2992
f 2948 2993 2992
f 2948 2949 2993
f 2949 2994 2993
f 2949 2950 2994
f 2950 2995 2994
f 2950 2951 2995
f 2951 2996 2995
f 2951 2952 2996
f 2952 2997 2996
f 2952 2953 2997
f 2953 2998 2997
f 2953 2954 2998
f 2954 2999 2998
f 2954 2955 2999
f 2955 3000 2999
f 2955 2956 3000
f 2956 3001 3000
f 2956 2957 3001
f 2957 2958 3001
f 3001 2958 3002
f 2958 2959 3002
f 3002 2959 3003
f 2959 2960 3003
f 3003 2960 3004
f 2960 2961 3004
f 3004 2961 3005
f 2961 2962 3005
f 3005 2962 3006
f 2962 2963 3006
f 3006 2963 3007
f 2963 2964 3007
f 3007 2964 3008
f 2964 2965 3008
f 3008 2965 3009
f 2965 2966 3009
f 3009 2966 3010
f 2966 2967 3010
f 3010 2967 3011
f 2967 3012 3011
f 2967 2968 3012
f 2968 3013 3012
f 2968 2969 3013
f 2969 3014 3013
f 2969 2970 3014
f 2970 3015 3014
f 2970 2971 3015
f 2971 3016 3015
f 2971 2972 3016
f 2972 3017 3016
f 2972 2973 3017
f 2973 3018 3017
f 2973 2974 3018
f 2974 3019 3018
f 2974 2975 3019
f 2975 3020 3019
f 2975 2976 3020
f 2976 3021 3020
f 2976 2977 3021
f 2977 3022 3021
f 2977 2978 3022
f 2978 2979 3022
f 2978 2935 2979
f 2979 2980 3023
f 3023 2980 3024
f 2980 2981 3024
f 3024 2981 3025
f 2981 2982 3025
f 3025 2982 3026
f 2982 2983 3026
f 3026 2983 3027
f 2983 2984 3027
f 3027 2984 3028
f 2984 2985 3028
f 3028 2985 3029
f 2985 2986 3029
f 3029 2986 3030
f 2986 2987 3030
f 3030 2987 3031
f 2987 2988 3031
f 3031 2988 3032
f 2988 2989 3032
f 3032 2989 3033
f 2989 2990 3033
f 3033 2990 3034
f 2990 2991 3034
f 3034 2991 3035
f 2991 3036 3035
f 2991 2992 3036
f 2992 3037 3036
f 2992 2993 3037
f 2993 3038 3037
f 2993 2994 3038
f 2994 3039 3038
f 2994 2995 3039
f 2995 3040 3039
f 2995 2996 3040
f 2996 3041 3040
f 2996 2997 3041
f 2997 3042 3041
f 2997 2998 3042
f 2998 3043 3042
f 2998 2999 3043
f 2999 3044 3043
f 2999 3000 3044
f 3000 3045 3044
f 3000 3001 3045
f 3001 3002 3045
f 3045 3002 3046
f 3002 3003 3046
f 3046 3003 3047
f 3003 3004 3047
f 3047 3004 3048
f 3004 3005 3048
f 3048 3005 3049
f 3005 3006 3049
f 3049 3006 3050
f 3006 3007 3050
f 3050 3007 3051
f 3007 3008 3051
f 3051 3008 3052
f 3008 3009 3052
f 3052 3009 3053
f 3009 3010 3053
f 3053 3010 3054
f 3010 3011 3054
f 3054 3011 3055
f 3011 3056 3055
f 3011 3012 3056
f 3012 3057 3056
f 3012 3013 3057
f 3013 3058 3057
f 3013 3014 3058
f 3014 3059 3058
f 3014 3015 3059
f 3015 3060 3059
f 3015 3016 3060
f 3016 3061 3060
f 3016 3017 3061
f 3017 3062 3061
f 3017 3018 3062
f 3018 3063 3062
f 3018 3019 3063
f 3019 3064 3063
f 3019 3020 3064
f 3020 3065 3064
f 3020 3021 3065
f 3021 3066 3065
f 3021 3022 3066
f 3022 3023 3066
f 3022 2979 3023
f 3023 3024 3067
f 3067 3024 3068
f 3024 3025 3068
f 3068 3025 3069
f 3025 3026 3069
f 3069 3026 3070
f 3026 3027 3070
f 3070 3027 3071
f 3027 3028 3071
f 3071 3028 3072
f 3028 3029 3072
f 3072 3029 3073
f 3029 3030 3073
f 3073 3030 3074
f 3030 3031 3074
f 3074 3031 3075
f 3031 3032 3075
f 3075 3032 3076
f 3032 3033 3076
f 3076 3033 3077
f 3033 3034 3077
f 3077 3034 3078
f 3034 3035 3078
f 3078 3035 3079
f 3035 3080 3079
f 3035 3036 3080
f 3036 3081 3080
f 3036 3037 3081
f 3037 3082 3081
f 3037 3038 3082
f 3038 3083 3082
f 3038 3039 3083
f 3039 3084 3083
f 3039 3040 3084
f 3040 3085 3084
f 3040 3041 3085
f 3041 3086 3085
f 3041 3042 3086
f 3042 3087 3086
f 3042 3043 3087
f 3043 3088 3087
f 3043 3044 3088
f 3044 3089 3088
f 3044 3045 3089
f 3045 3046 3089
f 3089 3046 3090
f 3046 3047 3090
f 3090 3047 3091
f 3047 3048 3091
f 3091 3048 3092
f 3048 3049 3092
f 3092 3049 3093
f 3049 3050 3093
f 3093 3050 3094
f 3050 3051 3094
f 3094 3051 3095
f 3051 3052 3095
f 3095 3052 3096
f 3052 3053 3096
f 3096 3053 3097
f 3053 3054 3097
f 3097 3054 3098
f 3054 3055 3098
f 3098 3055 3099
f 3055 3100 3099
f 3055 3056 3100
f 3056 3101 3100
f 3056 3057 3101
f 3057 3102 3101
f 3057 3058 3102
f 3058 3103 3102
f 3058 3059 3103
f 3059 3104 3103
f 3059 3060 3104
f 3060 3105 3104
f 3060 3061 3105
f 3061 3106 3105
f 3061 3062 3106
f 3062 3107 3106
f 3062 3063 3107
f 3063 3108 3107
f 3063 3064 3108
f 3064 3109 3108
f 3064 3065 3109
f 3065 3110 3109
f 3065 3066 3110
f 3066 3067 3110
f 3066 3023 3067
f 3067 3068 3111
f 3111 3068 3112
f 3068 3069 3112
f 3112 3069 3113
f 3069 3070 3113
f 3113 3070 3114
f 3070 3071 3114
f 3114 3071 3115
f 3071 3072 3115
f 3115 3072 3116
f 3072 3073 3116
f 3116 3073 3117
f 3073 3074 3117
f 3117 3074 3118
f 3074 3075 3118
f 3118 3075 3119
f 3075 3076 3119
f 3119 3076 3120
f 3076 3077 3120
f 3120 3077 3121
f 3077 3078 3121
f 3121 3078 3122
f 3078 3079 3122
f 3122 3079 3123
f 3079 3124 3123
f 3079 3080 3124
f 3080 3125 3124
f 3080 3081 3125
f 3081 3126 3125
f 3081 3082 3126
f 3082 3127 3126
f 3082 3083 3127
f 3083 3128 3127
f 3083 3084 3128
f 3084 3129 3128
f 3084 3085 3129
f 3085 3130 3129
f 3085 3086 3130
f 3086 3131 3130
f 3086 3087 3131
f 3087 3132 3131
f 3087 3088 3132
f 3088 3133 3132
f 3088 3089 3133
f 3089 3090 3133
f 3133 3090 3134
f 3090 3091 3134
f 3134 3091 3135
f 3091 3092 3135
f 3135 3092 3136
f 3092 3093 3136
f 3136 3093 3137
f 3093 3094 3137
f 3137 3094 3138
f 3094 3095 3138
f 3138 3095 3139
f 3095 3096 3139
f 3139 3096 3140
f 3096 3097 3140
f 3140 3097 3141
f 3097 3098 3141
f 3141 3098 3142
f 3098 3099 3142
f 3142 3099 3143
f 3099 3144 3143
f 3099 3100 3144
f 3100 3145 3144
f 3100 3101 3145
f 3101 3146 3145
f 3101 3102 3146
f 3102 3147 3146
f 3102 3103 3147
f 3103 3148 3147
f 3103 3104 3148
f 3104 3149 3148
f 3104 3105 3149
f 3105 3150 3149
f 3105 3106 3150
f 3106 3151 3150
f 3106 3107 3151
f 3107 3152 3151
f 3107 3108 3152
f 3108 3153 3152
f 3108 3109 3153
f 3109 3154 3153
f 3109 3110 3154
f 3110 3111 3154
f 3110 3067 3111
f 3111 3112 3155
f 3155 3112 3156
f 3112 3113 3156
f 3156 3113 3157
f 3113 3114 3157
f 3157 3114 3158
f 3114 3115 3158
f 3158 3115 3159
f 3115 3116 3159
f 3159 3116 3160
f 3116 3117 3160
f 3160 3117 3161
f 3117 3118 3161
f 3161 3118 3162
f 3118 3119 3162
f 3162 3119 3163
f 3119 3120 3163
f 3163 3120 3164
f 3120 3121 3164
f 3164 3121 3165
f 3121 3122 3165
f 3165 3122 3166
f 3122 3123 3166
f 3166 3123 3167
f 3123 3168 3167
f 3123 3124 3168
f 3124 3169 3168
f 3124 3125 3169
f 3125 3170 3169
f 3125 3126 3170
f 3126 3171 3170
f 3126 3127 3171
f 3127 3172 3171
f 3127 3128 3172
f 3128 3173 3172
f 3128 3129 3173
f 3129 3174 3173
f 3129 3130 3174
f 3130 3175 3174
f 3130 3131 3175
f 3131 3176 3175
f 3131 3132 3176
f 3132 3177 3176
f 3132 3133 3177
f 3133 3134 3177
f 3177 3134 3178
f 3134 3135 3178
f 3178 3135 3179
f 3135 3136 3179
f 3179 3136 3180
f 3136 3137 3180
f 3180 3137 3181
f 3137 3138 3181
f 3181 3138 3182
f 3138 3139 3182
f 3182 3139 3183
f 3139 3140 3183
f 3183 3140 3184
f 3140 3141 3184
f 3184 3141 3185
f 3141 3142 3185
f 3185 3142 3186
f 3142 3143 3186
f 3186 3143 3187
f 3143 3188 3187
f 3143 3144 3188
f 3144 3189 3188
f 3144 3145 3189
f 3145 3190 3189
f 3145 3146 3190
f 3146 3191 3190
f 3146 3147 3191
f 3147 3192 3191
f 3147 3148 3192
f 3148 3193 3192
f 3148 3149 3193
f 3149 3194 3193
f 3149 3150 3194
f 3150 3195 3194
f 3150 3151 3195
f 3151 3196 3195
f 3151 3152 3196
f 3152 3197 3196
f 3152 3153 3197
f 3153 3198 3197
f 3153 3154 3198
f 3154 3155 3198
f 3154 3111 3155
f 3155 3156 3199
f 3199 3156 3200
f 3156 3157 3200
f 3200 3157 3201
f 3157 3158 3201
f 3201 3158 3202
f 3158 3159 3202
f 3202 3159 3203
f 3159 3160 3203
f 3203 3160 3204
f 3160 3161 3204
f 3204 3161 3205
f 3161 3162 3205
f 3205 3162 3206
f 3162 3163 3206
f 3206 3163 3207
f 3163 3164 3207
f 3207 3164 3208
f 3164 3165 3208
f 3208 3165 3209
f 3165 3166 3209
f 3209 3166 3210
f 3166 3167 3210
f 3210 3167 3211
f 3167 3212 3211
f 3167 3168 3212
f 3168 3213 3212
f 3168 3169 3213
f 3169 3214 3213
f 3169 3170 3214
f 3170 3215 3214
f 3170 3171 3215
f 3171 3216 3215
f 3171 3172 3216
f 3172 3217 3216
f 3172 3173 3217
f 3173 3218 3217
f 3173 3174 3218
f 3174 3219 3218
f 3174 3175 3219
f 3175 3220 3219
f 3175 3176 3220
f 3176 3221 3220
f 3176 3177 3221
f 3177 3178 3221
f 3221 3178 3222
f 3178 3179 3222
f 3222 3179 3223
f 3179 3180 3223
f 3223 3180 3224
f 3180 3181 3224
f 3224 3181 3225
f 3181 3182 3225
f 3225 3182 3226
f 3182 3183 3226
f 3226 3183 3227
f 3183 3184 3227
f 3227 3184 3228
f 3184 3185 3228
f 3228 3185 3229
f 3185 3186 3229
f 3229 3186 3230
f 3186 3187 3230
f 3230 3187 3231
f 3187 3232 3231
f 3187 3188 3232
f 3188 3233 3232
f 3188 3189 3233
f 3189 3234 3233
f 3189 3190 3234
f 3190 3235 3234
f 3190 3191 3235
f 3191 3236 3235
f 3191 3192 3236
f 3192 3237 3236
f 3192 3193 3237
f 3193 3238 3237
f 3193 3194 3238
f 3194 3239 3238
f 3194 3195 3239
f 3195 3240 3239
f 3195 3196 3240
f 3196 3241 3240
f 3196 3197 3241
f 3197 3242 3241
f 3197 3198 3242
f 3198 3199 3242
f 3198 3155 3199
f 3199 3200 3243
f 3243 3200 3244
f 3200 3201 3244
f 3244 3201 3245
f 3201 3202 3245
f 3245 3202 3246
f 3202 3203 3246
f 3246 3203 3247
f 3203 3204 3247
f 3247 3204 3248
f 3204 3205 3248
f 3248 3205 3249
f 3205 3206 3249
f 3249 3206 3250
f 3206 3207 3250
f 3250 3207 3251
f 3207 3208 3251
f 3251 3208 3252
f 3208 3209 3252
f 3252 3209 3253
f 3209 3210 3253
f 3253 3210 3254
f 3210 3211 3254
f 3254 3211 3255
f 3211 3256 3255
f 3211 3212 3256
f 3212 3257 3256
f 3212 3213 3257
f 3213 3258 3257
f 3213 3214 3258
f 3214 3259 3258
f 3214 3215 3259
f 3215 3260 3259
f 3215 3216 3260
f 3216 3261 3260
f 3216 3217 3261
f 3217 3262 3261
f 3217 3218 3262
f 3218 3263 3262
f 3218 3219 3263
f 3219 3264 3263
f 3219 3220 3264
f 3220 3265 3264
f 3220 3221 3265
f 3221 3222 3265
f 3265 3222 3266
f 3222 3223 3266
f 3266 3223 3267
f 3223 3224 3267
f 3267 3224 3268
f 3224 3225 3268
f 3268 3225 3269
f 3225 3226 3269
f 3269 3226 3270
f 3226 3227 3270
f 3270 3227 3271
f 3227 3228 3271
f 3271 3228 3272
f 3228 3229 3272
f 3272 3229 3273
f 3229 3230 3273
f 3273 3230 3274
f 3230 3231 3274
f 3274 3231 3275
f 3231 3276 3275
f 3231 3232 3276
f 3232 3277 3276
f 3232 3233 3277
f 3233 3278 3277
f 3233 3234 3278
f 3234 3279 3278
f 3234 3235 3279
f 3235 3280 3279
f 3235 3236 3280
f 3236 3281 3280
f 3236 3237 3281
f 3237 3282 3281
f 3237 3238 3282
f 3238 3283 3282
f 3238 3239 3283
f 3239 3284 3283
f 3239 3240 3284
f 3240 3285 3284
f 3240 3241 3285
f 3241 3286 3285
f 3241 3242 3286
f 3242 3243 3286
f 3242 3199 3243
f 3243 3287 3288
f 3243 3244 3287
f 3244 3289 3287
f 3244 3245 3289
f 3245 3290 3289
f 3245 3246 3290
f 3246 3291 3290
f 3246 3247 3291
f 3247 3292 3291
f 3247 3248 3292
f 3248 3293 3292
f 3248 3249 3293
f 3249 3294 3293
f 3249 3250 3294
f 3250 3295 3294
f 3250 3251 3295
f 3251 3296 3295
f 3251 3252 3296
f 3252 3297 3296
f 3252 3253 3297
f 3253 3298 3297
f 3253 3254 3298
f 3254 3299 3298
f 3254 3255 3299
f 3255 3256 3299
f 3299 3256 3300
f 3256 3257 3300
f 3300 3257 3301
f 3257 3258 3301
f 3301 3258 3302
f 3258 3259 3302
f 3302 3259 3303
f 3259 3260 3303
f 3303 3260 3304
f 3260 3261 3304
f 3304 3261 3305
f 3261 3262 3305
f 3305 3262 3306
f 3262 3263 3306
f 3306 3263 3307
f 3263 3264 3307
f 3307 3264 3308
f 3264 3265 3308
f 3308 3265 3309
f 3265 3310 3309
f 3265 3266 3310
f 3266 3311 3310
f 3266 3267 3311
f 3267 3312 3311
f 3267 3268 3312
f 3268 3313 3312
f 3268 3269 3313
f 3269 3314 3313
f 3269 3270 3314
f 3270 3315 3314
f 3270 3271 3315
f 3271 3316 3315
f 3271 3272 3316
f 3272 3317 3316
f 3272 3273 3317
f 3273 3318 3317
f 3273 3274 3318
f 3274 3319 3318
f 3274 3275 3319
f 3275 3276 3319
f 3319 3276 3320
f 3276 3277 3320
f 3320 3277 3321
f 3277 3278 3321
f 3321 3278 3322
f 3278 3279 3322
f 3322 3279 3323
f 3279 3280 3323
f 3323 3280 3324
f 3280 3281 3324
f 3324 3281 3325
f 3281 3282 3325
f 3325 3282 3326
f 3282 3283 3326
f 3326 3283 3327
f 3283 3284 3327
f 3327 3284 3328
f 3284 3285 3328
f 3328 3285 3329
f 3285 3286 3329
f 3329 3286 3330
f 3286 3243 3330
f 3330 3243 3288
f 3288 3331 3332
f 3288 3287 3331
f 3287 3333 3331
f 3287 3289 3333
f 3289 3334 3333
f 3289 3290 3334
f 3290 3335 3334
f 3290 3291 3335
f 3291 3336 3335
f 3291 3292 3336
f 3292 3337 3336
f 3292 3293 3337
f 3293 3338 3337
f 3293 3294 3338
f 3294 3339 3338
f 3294 3295 3339
f 3295 3340 3339
f 3295 3296 3340
f 3296 3341 3340
f 3296 3297 3341
f 3297 3342 3341
f 3297 3298 3342
f 3298 3343 3342
f 3298 3299 3343
f 3299 3300 3343
f 3343 3300 3344
f 3300 3301 3344
f 3344 3301 3345
f 3301 3302 3345
f 3345 3302 3346
f 3302 3303 3346
f 3346 3303 3347
f 3303 3304 3347
f 3347 3304 3348
f 3304 3305 3348
f 3348 3305 3349
f 3305 3306 3349
f 3349 3306 3350
f 3306 3307 3350
f 3350 3307 3351
f 3307 3308 3351
f 3351 3308 3352
f 3308 3309 3352
f 3352 3309 3353
f 3309 3354 3353
f 3309 3310 3354
f 3310 3355 3354
f 3310 3311 3355
f 3311 3356 3355
f 3311 3312 3356
f 3312 3357 3356
f 3312 3313 3357
f 3313 3358 3357
f 3313 3314 3358
f 3314 3359 3358
f 3314 3315 3359
f 3315 3360 3359
f 3315 3316 3360
f 3316 3361 3360
f 3316 3317 3361
f 3317 3362 3361
f 3317 3318 3362
f 3318 3363 3362
f 3318 3319 3363
f 3319 3320 3363
f 3363 3320 3364
f 3320 3321 3364
f 3364 3321 3365
f 3321 3322 3365
f 3365 3322 3366
f 3322 3323 3366
f 3366 3323 3367
f 3323 3324 3367
f 3367 3324 3368
f 3324 3325 3368
f 3368 3325 3369
f 3325 3326 3369
f 3369 3326 3370
f 3326 3327 3370
f 3370 3327 3371
f 3327 3328 3371
f 3371 3328 3372
f 3328 3329 3372
f 3372 3329 3373
f 3329 3330 3373
f 3373 3330 3374
f 3330 3288 3374
f 3374 3288 3332
f 3332 3375 3376
f 3332 3331 3375
f 3331 3377 3375
f 3331 3333 3377
f 3333 3378 3377
f 3333 3334 3378
f 3334 3379 3378
f 3334 3335 3379
f 3335 3380 3379
f 3335 3336 3380
f 3336 3381 3380
f 3336 3337 3381
f 3337 3382 3381
f 3337 3338 3382
f 3338 3383 3382
f 3338 3339 3383
f 3339 3384 3383
f 3339 3340 3384
f 3340 3385 3384
f 3340 3341 3385
f 3341 3386 3385
f 3341 3342 3386
f 3342 3387 3386
f 3342 3343 3387
f 3343 3344 3387
f 3387 3344 3388
f 3344 3345 3388
f 3388 3345 3389
f 3345 3346 3389
f 3389 3346 3390
f 3346 3347 3390
f 3390 3347 3391
f 3347 3348 3391
f 3391 3348 3392
f 3348 3349 3392
f 3392 3349 3393
f 3349 3350 3393
f 3393 3350 3394
f 3350 3351 3394
f 3394 3351 3395
f 3351 3352 3395
f 3395 3352 3396
f 3352 3353 3396
f 3396 3353 3397
f 3353 3398 3397
f 3353 3354 3398
f 3354 3399 3398
f 3354 3355 3399
f 3355 3400 3399
f 3355 3356 3400
f 3356 3401 3400
f 3356 3357 3401
f 3357 3402 3401
f 3357 3358 3402
f 3358 3403 3402
f 3358 3359 3403
f 3359 3404 3403
f 3359 3360 3404
f 3360 3405 3404
f 3360 3361 3405
f 3361 3406 3405
f 3361 3362 3406
f 3362 3407 3406
f 3362 3363 3407
f 3363 3364 3407
f 3407 3364 3408
f 3364 3365 3408
f 3408 3365 3409
f 3365 3366 3409
f 3409 3366 3410
f 3366 3367 3410
f 3410 3367 3411
f 3367 3368 3411
f 3411 3368 3412
f 3368 3369 3412
f 3412 3369 3413
f 3369 3370 3413
f 3413 3370 3414
f 3370 3371 3414
f 3414 3371 3415
f 3371 3372 3415
f 3415 3372 3416
f 3372 3373 3416
f 3416 3373 3417
f 3373 3374 3417
f 3417 3374 3418
f 3374 3332 3418
f 3418 3332 3376
f 3376 3419 3420
f 3376 3375 3419
f 3375 3421 3419
f 3375 3377 3421
f 3377 3422 3421
f 3377 3378 3422
f 3378 3423 3422
f 3378 3379 3423
f 3379 3424 3423
f 3379 3380 3424
f 3380 3425 3424
f 3380 3381 3425
f 3381 3426 3425
f 3381 3382 3426
f 3382 3427 3426
f 3382 3383 3427
f 3383 3428 3427
f 3383 3384 3428
f 3384 3429 3428
f 3384 3385 3429
f 3385 3430 3429
f 3385 3386 3430
f 3386 3431 3430
f 3386 3387 3431
f 3387 3388 3431
f 3431 3388 3432
f 3388 3389 3432
f 3432 3389 3433
f 3389 3390 3433
f 3433 3390 3434
f 3390 3391 3434
f 3434 3391 3435
f 3391 3392 3435
f 3435 3392 3436
f 3392 3393 3436
f 3436 3393 3437
f 3393 3394 3437
f 3437 3394 3438
f 3394 3395 3438
f 3438 3395 3439
f 3395 3396 3439
f 3439 3396 3440
f 3396 3397 3440
f 3440 3397 3441
f 3397 3442 3441
f 3397 3398 3442
f 3398 3443 3442
f 3398 3399 3443
f 3399 3444 3443
f 3399 3400 3444
f 3400 3445 3444
f 3400 3401 3445
f 3401 3446 3445
f 3401 3402 3446
f 3402 3447 3446
f 3402 3403 3447
f 3403 3448 3447
f 3403 3404 3448
f 3404 3449 3448
f 3404 3405 3449
f 3405 3450 3449
f 3405 3406 3450
f 3406 3451 3450
f 3406 3407 3451
f 3407 3408 3451
f 3451 3408 3452
f 3408 3409 3452
f 3452 3409 3453
f 3409 3410 3453
f 3453 3410 3454
f 3410 3411 3454
f 3454 3411 3455
f 3411 3412 3455
f 3455 3412 3456
f 3412 3413 3456
f 3456 3413 3457
f 3413 3414 3457
f 3457 3414 3458
f 3414 3415 3458
f 3458 3415 3459
f 3415 3416 3459
f 3459 3416 3460
f 3416 3417 3460
f 3460 3417 3461
f 3417 3418 3461
f 3461 3418 3462
f 3418 3376 3462
f 3462 3376 3420
f 3420 3463 3464
f 3420 3419 3463
f 3419 3465 3463
f 3419 3421 3465
f 3421 3466 3465
f 3421 3422 3466
f 3422 3467 3466
f 3422 3423 3467
f 3423 3468 3467
f 3423 3424 3468
f 3424 3469 3468
f 3424 3425 3469
f 3425 3470 3469
f 3425 3426 3470
f 3426 3471 3470
f 3426 3427 3471
f 3427 3472 3471
f 3427 3428 3472
f 3428 3473 3472
f 3428 3429 3473
f 3429 3474 3473
f 3429 3430 3474
f 3430 3475 3474
f 3430 3431 3475
f 3431 3432 3475
f 3475 3432 3476
f 3432 3433 3476
f 3476 3433 3477
f 3433 3434 3477
f 3477 3434 3478
f 3434 3435 3478
f 3478 3435 3479
f 3435 3436 3479
f 3479 3436 3480
f 3436 3437 3480
f 3480 3437 3481
f 3437 3438 3481
f 3481 3438 3482
f 3438 3439 3482
f 3482 3439 3483
f 3439 3440 3483
f 3483 3440 3484
f 3440 3441 3484
f 3484 3441 3485
f 3441 3486 3485
f 3441 3442 3486
f 3442 3487 3486
f 3442 3443 3487
f 3443 3488 3487
f 3443 3444 3488
f 3444 3489 3488
f 3444 3445 3489
f 3445 3490 3489
f 3445 3446 3490
f 3446 3491 3490
f 3446 3447 3491
f 3447 3492 3491
f 3447 3448 3492
f 3448 3493 3492
f 3448 3449 3493
f 3449 3494 3493
f 3449 3450 3494
f 3450 3495 3494
f 3450 3451 3495
f 3451 3452 3495
f 3495 3452 3496
f 3452 3453 3496
f 3496 3453 3497
f 3453 3454 3497
f 3497 3454 3498
f 3454 3455 3498
f 3498 3455 3499
f 3455 3456 3499
f 3499 3456 3500
f 3456 3457 3500
f 3500 3457 3501
f 3457 3458 3501
f 3501 3458 3502
f 3458 3459 3502
f 3502 3459 3503
f 3459 3460 3503
f 3503 3460 3504
f 3460 3461 3504
f 3504 3461 3505
f 3461 3462 3505
f 3505 3462 3506
f 3462 3420 3506
f 3506 3420 3464
f 3464 3507 3508
f 3464 3463 3507
f 3463 3509 3507
f 3463 3465 3509
f 3465 3510 3509
f 3465 3466 3510
f 3466 3511 3510
f 3466 3467 3511
f 3467 3512 3511
f 3467 3468 3512
f 3468 3513 3512
f 3468 3469 3513
f 3469 3514 3513
f 3469 3470 3514
f 3470 3515 3514
f 3470 3471 3515
f 3471 3516 3515
f 3471 3472 3516
f 3472 3517 3516
f 3472 3473 3517
f 3473 3518 3517
f 3473 3474 3518
f 3474 3519 3518
f 3474 3475 3519
f 3475 3476 3519
f 3519 3476 3520
f 3476 3477 3520
f 3520 3477 3521
f 3477 3478 3521
f 3521 3478 3522
f 3478 3479 3522
f 3522 3479 3523
f 3479 3480 3523
f 3523 3480 3524
f 3480 3481 3524
f 3524 3481 3525
f 3481 3482 3525
f 3525 3482 3526
f 3482 3483 3526
f 3526 3483 3527
f 3483 3484 3527
f 3527 3484 3528
f 3484 3485 3528
f 3528 3485 3529
f 3485 3530 3529
f 3485 3486 3530
f 3486 3531 3530
f 3486 3487 3531
f 3487 3532 3531
f 3487 3488 3532
f 3488 3533 3532
f 3488 3489 3533
f 3489 3534 3533
f 3489 3490 3534
f 3490 3535 3534
f 3490 3491 3535
f 3491 3536 3535
f 3491 3492 3536
f 3492 3537 3536
f 3492 3493 3537
f 3493 3538 3537
f 3493 3494 3538
f 3494 3539 3538
f 3494 3495 3539
f 3495 3496 3539
f 3539 3496 3540
f 3496 3497 3540
f 3540 3497 3541
f 3497 3498 3541
f 3541 3498 3542
f 3498 3499 3542
f 3542 3499 3543
f 3499 3500 3543
f 3543 3500 3544
f 3500 3501 3544
f 3544 3501 3545
f 3501 3502 3545
f 3545 3502 3546
f 3502 3503 3546
f 3546 3503 3547
f 3503 3504 3547
f 3547 3504 3548
f 3504 3505 3548
f 3548 3505 3549
f 3505 3506 3549
f 3549 3506 3550
f 3506 3464 3550
f 3550 3464 3508
f 3508 3507 3551
f 3509 3552 3507
f 3509 3510 3552
f 3510 3553 3552
f 3510 3511 3553
f 3511 3554 3553
f 3511 3512 3554
f 3512 3555 3554
f 3512 3513 3555
f 3513 3556 3555
f 3513 3514 3556
f 3514 3557 3556
f 3514 3515 3557
f 3515 3558 3557
f 3515 3516 3558
f 3516 3559 3558
f 3516 3517 3559
f 3517 3560 3559
f 3517 3518 3560
f 3518 3561 3560
f 3518 3519 3561
f 3519 3520 3561
f 3561 3520 3562
f 3520 3521 3562
f 3562 3521 3563
f 3521 3522 3563
f 3563 3522 3564
f 3522 3523 3564
f 3564 3523 3565
f 3523 3524 3565
f 3565 3524 3566
f 3524 3525 3566
f 3566 3525 3567
f 3525 3526 3567
f 3567 3526 3568
f 3526 3527 3568
f 3568 3527 3569
f 3527 3528 3569
f 3569 3528 3570
f 3528 3529 3570
f 3529 3530 3571
f 3530 3572 3571
f 3530 3531 3572
f 3531 3573 3572
f 3531 3532 3573
f 3532 3574 3573
f 3532 3533 3574
f 3533 3575 3574
f 3533 3534 3575
f 3534 3576 3575
f 3534 3535 3576
f 3535 3577 3576
f 3535 3536 3577
f 3536 3578 3577
f 3536 3537 3578
f 3537 3579 3578
f 3537 3538 3579
f 3538 3580 3579
f 3538 3539 3580
f 3539 3540 3580
f 3580 3540 3581
f 3540 3541 3581
f 3581 3541 3582
f 3541 3542 3582
f 3582 3542 3583
f 3542 3543 3583
f 3583 3543 3584
f 3543 3544 3584
f 3584 3544 3585
f 3544 3545 3585
f 3585 3545 3586
f 3545 3546 3586
f 3586 3546 3587
f 3546 3547 3587
f 3587 3547 3588
f 3547 3548 3588
f 3588 3548 3589
f 3548 3549 3589
f 3589 3549 3550
f 3550 3508 3590
f 3551 3507 3508
f 3507 3591 3508
f 3507 3552 3591
f 3552 3592 3591
f 3552 3553 3592
f 3553 3593 3592
f 3553 3554 3593
f 3554 3594 3593
f 3554 3555 3594
f 3555 3595 3594
f 3555 3556 3595
f 3556 3596 3595
f 3556 3557 3596
f 3557 3597 3596
f 3557 3558 3597
f 3558 3598 3597
f 3558 3559 3598
f 3559 3599 3598
f 3559 3560 3599
f 3560 3600 3599
f 3560 3561 3600
f 3561 3562 3600
f 3600 3562 3601
f 3562 3563 3601
f 3601 3563 3602
f 3563 3564 3602
f 3602 3564 3603
f 3564 3565 3603
f 3603 3565 3604
f 3565 3566 3604
f 3604 3566 3605
f 3566 3567 3605
f 3605 3567 3606
f 3567 3568 3606
f 3606 3568 3607
f 3568 3569 3607
f 3607 3569 3608
f 3569 3570 3608
f 3608 3570 3609
f 3570 3529 3609
f 3529 3571 3609
f 3571 3608 3609
f 3571 3572 3608
f 3572 3607 3608
f 3572 3573 3607
f 3573 3606 3607
f 3573 3574 3606
f 3574 3605 3606
f 3574 3575 3605
f 3575 3604 3605
f 3575 3576 3604
f 3576 3603 3604
f 3576 3577 3603
f 3577 3602 3603
f 3577 3578 3602
f 3578 3601 3602
f 3578 3579 3601
f 3579 3600 3601
f 3579 3580 3600
f 3580 3581 3600
f 3600 3581 3599
f 3581 3582 3599
f 3599 3582 3598
f 3582 3583 3598
f 3598 3583 3597
f 3583 3584 3597
f 3597 3584 3596
f 3584 3585 3596
f 3596 3585 3595
f 3585 3586 3595
f 3595 3586 3594
f 3586 3587 3594
f 3594 3587 3593
f 3587 3588 3593
f 3593 3588 3592
f 3588 3589 3592
f 3592 3589 3591
f 3589 3550 3591
f 3591 3550 3508
f 3550 3590 3508
f 1659 3610 1660
f 3610 3611 1660
f 1660 3611 1663
f 3611 3612 1663
f 1663 3612 1665
f 3612 3613 1665
f 1665 3613 1667
f 3613 3614 1667
f 1667 3614 1669
f 3614 3615 1669
f 1669 3615 1671
f 3615 3616 1671
f 1671 3616 1673
f 3616 3617 1673
f 1673 3617 1675
f 3617 3618 1675
f 1675 3618 1677
f 3618 3619 1677
f 1677 3619 1679
f 3619 3620 1679
f 1679 3620 1681
f 3620 3621 1681
f 1681 3621 1683
f 3621 3622 1683
f 1683 3622 3623
f 1683 3623 1686
f 1686 3623 3624
f 1686 3624 1688
f 1688 3624 3625
f 1688 3625 1690
f 1690 3625 3626
f 1690 3626 1692
f 1692 3626 3627
f 1692 3627 1694
f 1694 3627 3628
f 1694 3628 1696
f 1696 3628 3629
f 1696 3629 1698
f 1698 3629 3630
f 1698 3630 1700
f 1700 3630 3631
f 1700 3631 1702
f 1702 3631 3632
f 1702 3632 1704
f 1704 3632 1705
f 3632 3633 1705
f 1705 3633 1707
f 3633 3634 1707
f 1707 3634 1709
f 3634 3635 1709
f 1709 3635 1711
f 3635 3636 1711
f 1711 3636 1713
f 3636 3637 1713
f 1713 3637 1715
f 3637 3638 1715
f 1715 3638 1717
f 3638 3639 1717
f 1717 3639 1719
f 3639 3640 1719
f 1719 3640 1721
f 3640 3641 1721
f 1721 3641 1723
f 3641 3642 1723
f 1723 3642 3643
f 1723 3643 1726
f 1726 3643 3644
f 1726 3644 1728
f 1728 3644 3645
f 1728 3645 1730
f 1730 3645 3646
f 1730 3646 1732
f 1732 3646 3647
f 1732 3647 1734
f 1734 3647 3648
f 1734 3648 1736
f 1736 3648 3649
f 1736 3649 1738
f 1738 3649 3650
f 1738 3650 1740
f 1740 3650 3651
f 1740 3651 1742
f 1742 3651 3652
f 1742 3652 1744
f 1744 3652 3653
f 1744 3653 1746
f 1746 3653 3610
f 1746 3610 1659
f 3610 3654 3611
f 3654 3655 3611
f 3611 3655 3612
f 3655 3656 3612
f 3612 3656 3613
f 3656 3657 3613
f 3613 3657 3614
f 3657 3658 3614
f 3614 3658 3615
f 3658 3659 3615
f 3615 3659 3616
f 3659 3660 3616
f 3616 3660 3617
f 3660 3661 3617
f 3617 3661 3618
f 3661 3662 3618
f 3618 3662 3619
f 3662 3663 3619
f 3619 3663 3620
f 3663 3664 3620
f 3620 3664 3621
f 3664 3665 3621
f 3621 3665 3622
f 3665 3666 3622
f 3622 3666 3667
f 3622 3667 3623
f 3623 3667 3668
f 3623 3668 3624
f 3624 3668 3669
f 3624 3669 3625
f 3625 3669 3670
f 3625 3670 3626
f 3626 3670 3671
f 3626 3671 3627
f 3627 3671 3672
f 3627 3672 3628
f 3628 3672 3673
f 3628 3673 3629
f 3629 3673 3674
f 3629 3674 3630
f 3630 3674 3675
f 3630 3675 3631
f 3631 3675 3676
f 3631 3676 3632
f 3632 3676 3633
f 3676 3677 3633
f 3633 3677 3634
f 3677 3678 3634
f 3634 3678 3635
f 3678 3679 3635
f 3635 3679 3636
f 3679 3680 3636
f 3636 3680 3637
f 3680 3681 3637
f 3637 3681 3638
f 3681 3682 3638
f 3638 3682 3639
f 3682 3683 3639
f 3639 3683 3640
f 3683 3684 3640
f 3640 3684 3641
f 3684 3685 3641
f 3641 3685 3642
f 3685 3686 3642
f 3642 3686 3687
f 3642 3687 3643
f 3643 3687 3688
f 3643 3688 3644
f 3644 3688 3689
f 3644 3689 3645
f 3645 3689 3690
f 3645 3690 3646
f 3646 3690 3691
f 3646 3691 3647
f 3647 3691 3692
f 3647 3692 3648
f 3648 3692 3693
f 3648 3693 3649
f 3649 3693 3694
f 3649 3694 3650
f 3650 3694 3695
f 3650 3695 3651
f 3651 3695 3696
f 3651 3696 3652
f 3652 3696 3697
f 3652 3697 3653
f 3653 3697 3654
f 3653 3654 3610
f 3654 3698 3655
f 3698 3699 3655
f 3655 3699 3656
f 3699 3700 3656
f 3656 3700 3657
f 3700 3701 3657
f 3657 3701 3658
f 3701 3702 3658
f 3658 3702 3659
f 3702 3703 3659
f 3659 3703 3660
f 3703 3704 3660
f 3660 3704 3661
f 3704 3705 3661
f 3661 3705 3662
f 3705 3706 3662
f 3662 3706 3663
f 3706 3707 3663
f 3663 3707 3664
f 3707 3708 3664
f 3664 3708 3665
f 3708 3709 3665
f 3665 3709 3666
f 3709 3710 3666
f 3666 3710 3711
f 3666 3711 3667
f 3667 3711 3712
f 3667 3712 3668
f 3668 3712 3713
f 3668 3713 3669
f 3669 3713 3714
f 3669 3714 3670
f 3670 3714 3715
f 3670 3715 3671
f 3671 3715 3716
f 3671 3716 3672
f 3672 3716 3717
f 3672 3717 3673
f 3673 3717 3718
f 3673 3718 3674
f 3674 3718 3719
f 3674 3719 3675
f 3675 3719 3720
f 3675 3720 3676
f 3676 3720 3677
f 3720 3721 3677
f 3677 3721 3678
f 3721 3722 3678
f 3678 3722 3679
f 3722 3723 3679
f 3679 3723 3680
f 3723 3724 3680
f 3680 3724 3681
f 3724 3725 3681
f 3681 3725 3682
f 3725 3726 3682
f 3682 3726 3683
f 3726 3727 3683
f 3683 3727 3684
f 3727 3728 3684
f 3684 3728 3685
f 3728 3729 3685
f 3685 3729 3686
f 3729 3730 3686
f 3686 3730 3731
f 3686 3731 3687
f 3687 3731 3732
f 3687 3732 3688
f 3688 3732 3733
f 3688 3733 3689
f 3689 3733 3734
f 3689 3734 3690
f 3690 3734 3735
f 3690 3735 3691
f 3691 3735 3736
f 3691 3736 3692
f 3692 3736 3737
f 3692 3737 3693
f 3693 3737 3738
f 3693 3738 3694
f 3694 3738 3739
f 3694 3739 3695
f 3695 3739 3740
f 3695 3740 3696
f 3696 3740 3741
f 3696 3741 3697
f 3697 3741 3698
f 3697 3698 3654
f 3698 3742 3699
f 3742 3743 3699
f 3699 3743 3700
f 3743 3744 3700
f 3700 3744 3701
f 3744 3745 3701
f 3701 3745 3702
f 3745 3746 3702
f 3702 3746 3703
f 3746 3747 3703
f 3703 3747 3704
f 3747 3748 3704
f 3704 3748 3705
f 3748 3749 3705
f 3705 3749 3706
f 3749 3750 3706
f 3706 3750 3707
f 3750 3751 3707
f 3707 3751 3708
f 3751 3752 3708
f 3708 3752 3709
f 3752 3753 3709
f 3709 3753 3710
f 3753 3754 3710
f 3710 3754 3755
f 3710 3755 3711
f 3711 3755 3756
f 3711 3756 3712
f 3712 3756 3757
f 3712 3757 3713
f 3713 3757 3758
f 3713 3758 3714
f 3714 3758 3759
f 3714 3759 3715
f 3715 3759 3760
f 3715 3760 3716
f 3716 3760 3761
f 3716 3761 3717
f 3717 3761 3762
f 3717 3762 3718
f 3718 3762 3763
f 3718 3763 3719
f 3719 3763 3764
f 3719 3764 3720
f 3720 3764 3721
f 3764 3765 3721
f 3721 3765 3722
f 3765 3766 3722
f 3722 3766 3723
f 3766 3767 3723
f 3723 3767 3724
f 3767 3768 3724
f 3724 3768 3725
f 3768 3769 3725
f 3725 3769 3726
f 3769 3770 3726
f 3726 3770 3727
f 3770 3771 3727
f 3727 3771 3728
f 3771 3772 3728
f 3728 3772 3729
f 3772 3773 3729
f 3729 3773 3730
f 3773 3774 3730
f 3730 3774 3775
f 3730 3775 3731
f 3731 3775 3776
f 3731 3776 3732
f 3732 3776 3777
f 3732 3777 3733
f 3733 3777 3778
f 3733 3778 3734
f 3734 3778 3779
f 3734 3779 3735
f 3735 3779 3780
f 3735 3780 3736
f 3736 3780 3781
f 3736 3781 3737
f 3737 3781 3782
f 3737 3782 3738
f 3738 3782 3783
f 3738 3783 3739
f 3739 3783 3784
f 3739 3784 3740
f 3740 3784 3785
f 3740 3785 3741
f 3741 3785 3742
f 3741 3742 3698
f 3742 3786 3743
f 3786 3787 3743
f 3743 3787 3744
f 3787 3788 3744
f 3744 3788 3745
f 3788 3789 3745
f 3745 3789 3746
f 3789 3790 3746
f 3746 3790 3747
f 3790 3791 3747
f 3747 3791 3748
f 3791 3792 3748
f 3748 3792 3749
f 3792 3793 3749
f 3749 3793 3750
f 3793 3794 3750
f 3750 3794 3751
f 3794 3795 3751
f 3751 3795 3752
f 3795 3796 3752
f 3752 3796 3753
f 3796 3797 3753
f 3753 3797 3754
f 3797 3798 3754
f 3754 3798 3799
f 3754 3799 3755
f 3755 3799 3800
f 3755 3800 3756
f 3756 3800 3801
f 3756 3801 3757
f 3757 3801 3802
f 3757 3802 3758
f 3758 3802 3803
f 3758 3803 3759
f 3759 3803 3804
f 3759 3804 3760
f 3760 3804 3805
f 3760 3805 3761
f 3761 3805 3806
f 3761 3806 3762
f 3762 3806 3807
f 3762 3807 3763
f 3763 3807 3808
f 3763 3808 3764
f 3764 3808 3765
f 3808 3809 3765
f 3765 3809 3766
f 3809 3810 3766
f 3766 3810 3767
f 3810 3811 3767
f 3767 3811 3768
f 3811 3812 3768
f 3768 3812 3769
f 3812 3813 3769
f 3769 3813 3770
f 3813 3814 3770
f 3770 3814 3771
f 3814 3815 3771
f 3771 3815 3772
f 3815 3816 3772
f 3772 3816 3773
f 3816 3817 3773
f 3773 3817 3774
f 3817 3818 3774
f 3774 3818 3819
f 3774 3819 3775
f 3775 3819 3820
f 3775 3820 3776
f 3776 3820 3821
f 3776 3821 3777
f 3777 3821 3822
f 3777 3822 3778
f 3778 3822 3823
f 3778 3823 3779
f 3779 3823 3824
f 3779 3824 3780
f 3780 3824 3825
f 3780 3825 3781
f 3781 3825 3826
f 3781 3826 3782
f 3782 3826 3827
f 3782 3827 3783
f 3783 3827 3828
f 3783 3828 3784
f 3784 3828 3829
f 3784 3829 3785
f 3785 3829 3786
f 3785 3786 3742
f 3786 3830 3787
f 3830 3831 3787
f 3787 3831 3788
f 3831 3832 3788
f 3788 3832 3789
f 3832 3833 3789
f 3789 3833 3790
f 3833 3834 3790
f 3790 3834 3791
f 3834 3835 3791
f 3791 3835 3792
f 3835 3836 3792
f 3792 3836 3793
f 3836 3837 3793
f 3793 3837 3794
f 3837 3838 3794
f 3794 3838 3795
f 3838 3839 3795
f 3795 3839 3796
f 3839 3840 3796
f 3796 3840 3797
f 3840 3841 3797
f 3797 3841 3798
f 3841 3842 3798
f 3798 3842 3843
f 3798 3843 3799
f 3799 3843 3844
f 3799 3844 3800
f 3800 3844 3845
f 3800 3845 3801
f 3801 3845 3846
f 3801 3846 3802
f 3802 3846 3847
f 3802 3847 3803
f 3803 3847 3848
f 3803 3848 3804
f 3804 3848 3849
f 3804 3849 3805
f 3805 3849 3850
f 3805 3850 3806
f 3806 3850 3851
f 3806 3851 3807
f 3807 3851 3852
f 3807 3852 3808
f 3808 3852 3809
f 3852 3853 3809
f 3809 3853 3810
f 3853 3854 3810
f 3810 3854 3811
f 3854 3855 3811
f 3811 3855 3812
f 3855 3856 3812
f 3812 3856 3813
f 3856 3857 3813
f 3813 3857 3814
f 3857 3858 3814
f 3814 3858 3815
f 3858 3859 3815
f 3815 3859 3816
f 3859 3860 3816
f 3816 3860 3817
f 3860 3861 3817
f 3817 3861 3818
f 3861 3862 3818
f 3818 3862 3863
f 3818 3863 3819
f 3819 3863 3864
f 3819 3864 3820
f 3820 3864 3865
f 3820 3865 3821
f 3821 3865 3866
f 3821 3866 3822
f 3822 3866 3867
f 3822 3867 3823
f 3823 3867 3868
f 3823 3868 3824
f 3824 3868 3869
f 3824 3869 3825
f 3825 3869 3870
f 3825 3870 3826
f 3826 3870 3871
f 3826 3871 3827
f 3827 3871 3872
f 3827 3872 3828
f 3828 3872 3873
f 3828 3873 3829
f 3829 3873 3830
f 3829 3830 3786
f 3830 3874 3831
f 3874 3875 3831
f 3831 3875 3832
f 3875 3876 3832
f 3832 3876 3833
f 3876 3877 3833
f 3833 3877 3834
f 3877 3878 3834
f 3834 3878 3835
f 3878 3879 3835
f 3835 3879 3836
f 3879 3880 3836
f 3836 3880 3837
f 3880 3881 3837
f 3837 3881 3838
f 3881 3882 3838
f 3838 3882 3839
f 3882 3883 3839
f 3839 3883 3840
f 3883 3884 3840
f 3840 3884 3841
f 3884 3885 3841
f 3841 3885 3842
f 3885 3886 3842
f 3842 3886 3887
f 3842 3887 3843
f 3843 3887 3888
f 3843 3888 3844
f 3844 3888 3889
f 3844 3889 3845
f 3845 3889 3890
f 3845 3890 3846
f 3846 3890 3891
f 3846 3891 3847
f 3847 3891 3892
f 3847 3892 3848
f 3848 3892 3893
f 3848 3893 3849
f 3849 3893 3894
f 3849 3894 3850
f 3850 3894 3895
f 3850 3895 3851
f 3851 3895 3896
f 3851 3896 3852
f 3852 3896 3853
f 3896 3897 3853
f 3853 3897 3854
f 3897 3898 3854
f 3854 3898 3855
f 3898 3899 3855
f 3855 3899 3856
f 3899 3900 3856
f 3856 3900 3857
f 3900 3901 3857
f 3857 3901 3858
f 3901 3902 3858
f 3858 3902 3859
f 3902 3903 3859
f 3859 3903 3860
f 3903 3904 3860
f 3860 3904 3861
f 3904 3905 3861
f 3861 3905 3862
f 3905 3906 3862
f 3862 3906 3907
f 3862 3907 3863
f 3863 3907 3908
f 3863 3908 3864
f 3864 3908 3909
f 3864 3909 3865
f 3865 3909 3910
f 3865 3910 3866
f 3866 3910 3911
f 3866 3911 3867
f 3867 3911 3912
f 3867 3912 3868
f 3868 3912 3913
f 3868 3913 3869
f 3869 3913 3914
f 3869 3914 3870
f 3870 3914 3915
f 3870 3915 3871
f 3871 3915 3916
f 3871 3916 3872
f 3872 3916 3917
f 3872 3917 3873
f 3873 3917 3874
f 3873 3874 3830
f 3874 3918 3875
f 3918 3919 3875
f 3875 3919 3876
f 3919 3920 3876
f 3876 3920 3877
f 3920 3921 3877
f 3877 3921 3878
f 3921 3922 3878
f 3878 3922 3879
f 3922 3923 3879
f 3879 3923 3880
f 3923 3924 3880
f 3880 3924 3881
f 3924 3925 3881
f 3881 3925 3882
f 3925 3926 3882
f 3882 3926 3883
f 3926 3927 3883
f 3883 3927 3884
f 3927 3928 3884
f 3884 3928 3885
f 3928 3929 3885
f 3885 3929 3886
f 3929 3930 3886
f 3886 3930 3931
f 3886 3931 3887
f 3887 3931 3932
f 3887 3932 3888
f 3888 3932 3933
f 3888 3933 3889
f 3889 3933 3934
f 3889 3934 3890
f 3890 3934 3935
f 3890 3935 3891
f 3891 3935 3936
f 3891 3936 3892
f 3892 3936 3937
f 3892 3937 3893
f 3893 3937 3938
f 3893 3938 3894
f 3894 3938 3939
f 3894 3939 3895
f 3895 3939 3940
f 3895 3940 3896
f 3896 3940 3897
f 3940 3941 3897
f 3897 3941 3898
f 3941 3942 3898
f 3898 3942 3899
f 3942 3943 3899
f 3899 3943 3900
f 3943 3944 3900
f 3900 3944 3901
f 3944 3945 3901
f 3901 3945 3902
f 3945 3946 3902
f 3902 3946 3903
f 3946 3947 3903
f 3903 3947 3904
f 3947 3948 3904
f 3904 3948 3905
f 3948 3949 3905
f 3905 3949 3906
f 3949 3950 3906
f 3906 3950 3951
f 3906 3951 3907
f 3907 3951 3952
f 3907 3952 3908
f 3908 3952 3953
f 3908 3953 3909
f 3909 3953 3954
f 3909 3954 3910
f 3910 3954 3955
f 3910 3955 3911
f 3911 3955 3956
f 3911 3956 3912
f 3912 3956 3957
f 3912 3957 3913
f 3913 3957 3958
f 3913 3958 3914
f 3914 3958 3959
f 3914 3959 3915
f 3915 3959 3960
f 3915 3960 3916
f 3916 3960 3961
f 3916 3961 3917
f 3917 3961 3918
f 3917 3918 3874
f 3918 3962 3919
f 3962 3963 3919
f 3919 3963 3920
f 3963 3964 3920
f 3920 3964 3921
f 3964 3965 3921
f 3921 3965 3922
f 3965 3966 3922
f 3922 3966 3923
f 3966 3967 3923
f 3923 3967 3924
f 3967 3968 3924
f 3924 3968 3925
f 3968 3969 3925
f 3925 3969 3926
f 3969 3970 3926
f 3926 3970 3927
f 3970 3971 3927
f 3927 3971 3928
f 3971 3972 3928
f 3928 3972 3929
f 3972 3973 3929
f 3929 3973 3930
f 3973 3974 3930
f 3930 3974 3975
f 3930 3975 3931
f 3931 3975 3976
f 3931 3976 3932
f 3932 3976 3977
f 3932 3977 3933
f 3933 3977 3978
f 3933 3978 3934
f 3934 3978 3979
f 3934 3979 3935
f 3935 3979 3980
f 3935 3980 3936
f 3936 3980 3981
f 3936 3981 3937
f 3937 3981 3982
f 3937 3982 3938
f 3938 3982 3983
f 3938 3983 3939
f 3939 3983 3984
f 3939 3984 3940
f 3940 3984 3941
f 3984 3985 3941
f 3941 3985 3942
f 3985 3986 3942
f 3942 3986 3943
f 3986 3987 3943
f 3943 3987 3944
f 3987 3988 3944
f 3944 3988 3945
f 3988 3989 3945
f 3945 3989 3946
f 3989 3990 3946
f 3946 3990 3947
f 3990 3991 3947
f 3947 3991 3948
f 3991 3992 3948
f 3948 3992 3949
f 3992 3993 3949
f 3949 3993 3950
f 3993 3994 3950
f 3950 3994 3995
f 3950 3995 3951
f 3951 3995 3996
f 3951 3996 3952
f 3952 3996 3997
f 3952 3997 3953
f 3953 3997 3998
f 3953 3998 3954
f 3954 3998 3999
f 3954 3999 3955
f 3955 3999 4000
f 3955 4000 3956
f 3956 4000 4001
f 3956 4001 3957
f 3957 4001 4002
f 3957 4002 3958
f 3958 4002 4003
f 3958 4003 3959
f 3959 4003 4004
f 3959 4004 3960
f 3960 4004 4005
f 3960 4005 3961
f 3961 4005 3962
f 3961 3962 3918
f 3962 4006 3963
f 4006 4007 3963
f 3963 4007 3964
f 4007 4008 3964
f 3964 4008 3965
f 4008 4009 3965
f 3965 4009 3966
f 4009 4010 3966
f 3966 4010 3967
f 4010 4011 3967
f 3967 4011 3968
f 4011 4012 3968
f 3968 4012 3969
f 4012 4013 3969
f 3969 4013 3970
f 4013 4014 3970
f 3970 4014 3971
f 4014 4015 3971
f 3971 4015 3972
f 4015 4016 3972
f 3972 4016 3973
f 4016 4017 3973
f 3973 4017 3974
f 4017 4018 3974
f 3974 4018 4019
f 3974 4019 3975
f 3975 4019 4020
f 3975 4020 3976
f 3976 4020 4021
f 3976 4021 3977
f 3977 4021 4022
f 3977 4022 3978
f 3978 4022 4023
f 3978 4023 3979
f 3979 4023 4024
f 3979 4024 3980
f 3980 4024 4025
f 3980 4025 3981
f 3981 4025 4026
f 3981 4026 3982
f 3982 4026 4027
f 3982 4027 3983
f 3983 4027 4028
f 3983 4028 3984
f 3984 4028 3985
f 4028 4029 3985
f 3985 4029 3986
f 4029 4030 3986
f 3986 4030 3987
f 4030 4031 3987
f 3987 4031 3988
f 4031 4032 3988
f 3988 4032 3989
f 4032 4033 3989
f 3989 4033 3990
f 4033 4034 3990
f 3990 4034 3991
f 4034 4035 3991
f 3991 4035 3992
f 4035 4036 3992
f 3992 4036 3993
f 4036 4037 3993
f 3993 4037 3994
f 4037 4038 3994
f 3994 4038 4039
f 3994 4039 3995
f 3995 4039 4040
f 3995 4040 3996
f 3996 4040 4041
f 3996 4041 3997
f 3997 4041 4042
f 3997 4042 3998
f 3998 4042 4043
f 3998 4043 3999
f 3999 4043 4044
f 3999 4044 4000
f 4000 4044 4045
f 4000 4045 4001
f 4001 4045 4046
f 4001 4046 4002
f 4002 4046 4047
f 4002 4047 4003
f 4003 4047 4048
f 4003 4048 4004
f 4004 4048 4049
f 4004 4049 4005
f 4005 4049 4006
f 4005 4006 3962
f 4006 4050 4007
f 4050 4051 4007
f 4007 4051 4008
f 4051 4052 4008
f 4008 4052 4009
f 4052 4053 4009
f 4009 4053 4010
f 4053 4054 4010
f 4010 4054 4011
f 4054 4055 4011
f 4011 4055 4012
f 4055 4056 4012
f 4012 4056 4013
f 4056 4057 4013
f 4013 4057 4014
f 4057 4058 4014
f 4014 4058 4015
f 4058 4059 4015
f 4015 4059 4016
f 4059 4060 4016
f 4016 4060 4017
f 4060 4061 4017
f 4017 4061 4018
f 4061 4062 4018
f 4018 4062 4063
f 4018 4063 4019
f 4019 4063 4064
f 4019 4064 4020
f 4020 4064 4065
f 4020 4065 4021
f 4021 4065 4066
f 4021 4066 4022
f 4022 4066 4067
f 4022 4067 4023
f 4023 4067 4068
f 4023 4068 4024
f 4024 4068 4069
f 4024 4069 4025
f 4025 4069 4070
f 4025 4070 4026
f 4026 4070 4071
f 4026 4071 4027
f 4027 4071 4072
f 4027 4072 4028
f 4028 4072 4029
f 4072 4073 4029
f 4029 4073 4030
f 4073 4074 4030
f 4030 4074 4031
f 4074 4075 4031
f 4031 4075 4032
f 4075 4076 4032
f 4032 4076 4033
f 4076 4077 4033
f 4033 4077 4034
f 4077 4078 4034
f 4034 4078 4035
f 4078 4079 4035
f 4035 4079 4036
f 4079 4080 4036
f 4036 4080 4037
f 4080 4081 4037
f 4037 4081 4038
f 4081 4082 4038
f 4038 4082 4083
f 4038 4083 4039
f 4039 4083 4084
f 4039 4084 4040
f 4040 4084 4085
f 4040 4085 4041
f 4041 4085 4086
f 4041 4086 4042
f 4042 4086 4087
f 4042 4087 4043
f 4043 4087 4088
f 4043 4088 4044
f 4044 4088 4089
f 4044 4089 4045
f 4045 4089 4090
f 4045 4090 4046
f 4046 4090 4091
f 4046 4091 4047
f 4047 4091 4092
f 4047 4092 4048
f 4048 4092 4093
f 4048 4093 4049
f 4049 4093 4050
f 4049 4050 4006
f 4050 4094 4051
f 4094 4095 4051
f 4051 4095 4052
f 4095 4096 4052
f 4052 4096 4053
f 4096 4097 4053
f 4053 4097 4054
f 4097 4098 4054
f 4054 4098 4055
f 4098 4099 4055
f 4055 4099 4056
f 4099 4100 4056
f 4056 4100 4057
f 4100 4101 4057
f 4057 4101 4058
f 4101 4102 4058
f 4058 4102 4059
f 4102 4103 4059
f 4059 4103 4060
f 4103 4104 4060
f 4060 4104 4061
f 4104 4105 4061
f 4061 4105 4062
f 4105 4106 4062
f 4062 4106 4107
f 4062 4107 4063
f 4063 4107 4108
f 4063 4108 4064
f 4064 4108 4109
f 4064 4109 4065
f 4065 4109 4110
f 4065 4110 4066
f 4066 4110 4111
f 4066 4111 4067
f 4067 4111 4112
f 4067 4112 4068
f 4068 4112 4113
f 4068 4113 4069
f 4069 4113 4114
f 4069 4114 4070
f 4070 4114 4115
f 4070 4115 4071
f 4071 4115 4116
f 4071 4116 4072
f 4072 4116 4073
f 4116 4117 4073
f 4073 4117 4074
f 4117 4118 4074
f 4074 4118 4075
f 4118 4119 4075
f 4075 4119 4076
f 4119 4120 4076
f 4076 4120 4077
f 4120 4121 4077
f 4077 4121 4078
f 4121 4122 4078
f 4078 4122 4079
f 4122 4123 4079
f 4079 4123 4080
f 4123 4124 4080
f 4080 4124 4081
f 4124 4125 4081
f 4081 4125 4082
f 4125 4126 4082
f 4082 4126 4127
f 4082 4127 4083
f 4083 4127 4128
f 4083 4128 4084
f 4084 4128 4129
f 4084 4129 4085
f 4085 4129 4130
f 4085 4130 4086
f 4086 4130 4131
f 4086 4131 4087
f 4087 4131 4132
f 4087 4132 4088
f 4088 4132 4133
f 4088 4133 4089
f 4089 4133 4134
f 4089 4134 4090
f 4090 4134 4135
f 4090 4135 4091
f 4091 4135 4136
f 4091 4136 4092
f 4092 4136 4137
f 4092 4137 4093
f 4093 4137 4094
f 4093 4094 4050
f 4094 4138 4095
f 4138 4139 4095
f 4095 4139 4096
f 4139 4140 4096
f 4096 4140 4097
f 4140 4141 4097
f 4097 4141 4098
f 4141 4142 4098
f 4098 4142 4099
f 4142 4143 4099
f 4099 4143 4100
f 4143 4144 4100
f 4100 4144 4101
f 4144 4145 4101
f 4101 4145 4102
f 4145 4146 4102
f 4102 4146 4103
f 4146 4147 4103
f 4103 4147 4104
f 4147 4148 4104
f 4104 4148 4105
f 4148 4149 4105
f 4105 4149 4106
f 4149 4150 4106
f 4106 4150 4151
f 4106 4151 4107
f 4107 4151 4152
f 4107 4152 4108
f 4108 4152 4153
f 4108 4153 4109
f 4109 4153 4154
f 4109 4154 4110
f 4110 4154 4155
f 4110 4155 4111
f 4111 4155 4156
f 4111 4156 4112
f 4112 4156 4157
f 4112 4157 4113
f 4113 4157 4158
f 4113 4158 4114
f 4114 4158 4159
f 4114 4159 4115
f 4115 4159 4160
f 4115 4160 4116
f 4116 4160 4117
f 4160 4161 4117
f 4117 4161 4118
f 4161 4162 4118
f 4118 4162 4119
f 4162 4163 4119
f 4119 4163 4120
f 4163 4164 4120
f 4120 4164 4121
f 4164 4165 4121
f 4121 4165 4122
f 4165 4166 4122
f 4122 4166 4123
f 4166 4167 4123
f 4123 4167 4124
f 4167 4168 4124
f 4124 4168 4125
f 4168 4169 4125
f 4125 4169 4126
f 4169 4170 4126
f 4126 4170 4171
f 4126 4171 4127
f 4127 4171 4172
f 4127 4172 4128
f 4128 4172 4173
f 4128 4173 4129
f 4129 4173 4174
f 4129 4174 4130
f 4130 4174 4175
f 4130 4175 4131
f 4131 4175 4176
f 4131 4176 4132
f 4132 4176 4177
f 4132 4177 4133
f 4133 4177 4178
f 4133 4178 4134
f 4134 4178 4179
f 4134 4179 4135
f 4135 4179 4180
f 4135 4180 4136
f 4136 4180 4181
f 4136 4181 4137
f 4137 4181 4138
f 4137 4138 4094
f 4138 4182 4139
f 4182 4183 4139
f 4139 4183 4140
f 4183 4184 4140
f 4140 4184 4141
f 4184 4185 4141
f 4141 4185 4142
f 4185 4186 4142
f 4142 4186 4143
f 4186 4187 4143
f 4143 4187 4144
f 4187 4188 4144
f 4144 4188 4145
f 4188 4189 4145
f 4145 4189 4146
f 4189 4190 4146
f 4146 4190 4147
f 4190 4191 4147
f 4147 4191 4148
f 4191 4192 4148
f 4148 4192 4149
f 4192 4193 4149
f 4149 4193 4150
f 4193 4194 4150
f 4150 4194 4195
f 4150 4195 4151
f 4151 4195 4196
f 4151 4196 4152
f 4152 4196 4197
f 4152 4197 4153
f 4153 4197 4198
f 4153 4198 4154
f 4154 4198 4199
f 4154 4199 4155
f 4155 4199 4200
f 4155 4200 4156
f 4156 4200 4201
f 4156 4201 4157
f 4157 4201 4202
f 4157 4202 4158
f 4158 4202 4203
f 4158 4203 4159
f 4159 4203 4204
f 4159 4204 4160
f 4160 4204 4161
f 4204 4205 4161
f 4161 4205 4162
f 4205 4206 4162
f 4162 4206 4163
f 4206 4207 4163
f 4163 4207 4164
f 4207 4208 4164
f 4164 4208 4165
f 4208 4209 4165
f 4165 4209 4166
f 4209 4210 4166
f 4166 4210 4167
f 4210 4211 4167
f 4167 4211 4168
f 4211 4212 4168
f 4168 4212 4169
f 4212 4213 4169
f 4169 4213 4170
f 4213 4214 4170
f 4170 4214 4215
f 4170 4215 4171
f 4171 4215 4216
f 4171 4216 4172
f 4172 4216 4217
f 4172 4217 4173
f 4173 4217 4218
f 4173 4218 4174
f 4174 4218 4219
f 4174 4219 4175
f 4175 4219 4220
f 4175 4220 4176
f 4176 4220 4221
f 4176 4221 4177
f 4177 4221 4222
f 4177 4222 4178
f 4178 4222 4223
f 4178 4223 4179
f 4179 4223 4224
f 4179 4224 4180
f 4180 4224 4225
f 4180 4225 4181
f 4181 4225 4182
f 4181 4182 4138
f 4182 4226 4183
f 4226 4227 4183
f 4183 4227 4184
f 4227 4228 4184
f 4184 4228 4185
f 4228 4229 4185
f 4185 4229 4186
f 4229 4230 4186
f 4186 4230 4187
f 4230 4231 4187
f 4187 4231 4188
f 4231 4232 4188
f 4188 4232 4189
f 4232 4233 4189
f 4189 4233 4190
f 4233 4234 4190
f 4190 4234 4191
f 4234 4235 4191
f 4191 4235 4192
f 4235 4236 4192
f 4192 4236 4193
f 4236 4237 4193
f 4193 4237 4194
f 4237 4238 4194
f 4194 4238 4239
f 4194 4239 4195
f 4195 4239 4240
f 4195 4240 4196
f 4196 4240 4241
f 4196 4241 4197
f 4197 4241 4242
f 4197 4242 4198
f 4198 4242 4243
f 4198 4243 4199
f 4199 4243 4244
f 4199 4244 4200
f 4200 4244 4245
f 4200 4245 4201
f 4201 4245 4246
f 4201 4246 4202
f 4202 4246 4247
f 4202 4247 4203
f 4203 4247 4248
f 4203 4248 4204
f 4204 4248 4205
f 4248 4249 4205
f 4205 4249 4206
f 4249 4250 4206
f 4206 4250 4207
f 4250 4251 4207
f 4207 4251 4208
f 4251 4252 4208
f 4208 4252 4209
f 4252 4253 4209
f 4209 4253 4210
f 4253 4254 4210
f 4210 4254 4211
f 4254 4255 4211
f 4211 4255 4212
f 4255 4256 4212
f 4212 4256 4213
f 4256 4257 4213
f 4213 4257 4214
f 4257 4258 4214
f 4214 4258 4259
f 4214 4259 4215
f 4215 4259 4260
f 4215 4260 4216
f 4216 4260 4261
f 4216 4261 4217
f 4217 4261 4262
f 4217 4262 4218
f 4218 4262 4263
f 4218 4263 4219
f 4219 4263 4264
f 4219 4264 4220
f 4220 4264 4265
f 4220 4265 4221
f 4221 4265 4266
f 4221 4266 4222
f 4222 4266 4267
f 4222 4267 4223
f 4223 4267 4268
f 4223 4268 4224
f 4224 4268 4269
f 4224 4269 4225
f 4225 4269 4226
f 4225 4226 4182
f 4226 4270 4227
f 4270 4271 4227
f 4227 4271 4228
f 4271 4272 4228
f 4228 4272 4229
f 4272 4273 4229
f 4229 4273 4230
f 4273 4274 4230
f 4230 4274 4231
f 4274 4275 4231
f 4231 4275 4232
f 4275 4276 4232
f 4232 4276 4233
f 4276 4277 4233
f 4233 4277 4234
f 4277 4278 4234
f 4234 4278 4235
f 4278 4279 4235
f 4235 4279 4236
f 4279 4280 4236
f 4236 4280 4237
f 4280 4281 4237
f 4237 4281 4238
f 4281 4282 4238
f 4238 4282 4283
f 4238 4283 4239
f 4239 4283 4284
f 4239 4284 4240
f 4240 4284 4285
f 4240 4285 4241
f 4241 4285 4286
f 4241 4286 4242
f 4242 4286 4287
f 4242 4287 4243
f 4243 4287 4288
f 4243 4288 4244
f 4244 4288 4289
f 4244 4289 4245
f 4245 4289 4290
f 4245 4290 4246
f 4246 4290 4291
f 4246 4291 4247
f 4247 4291 4292
f 4247 4292 4248
f 4248 4292 4249
f 4292 4293 4249
f 4249 4293 4250
f 4293 4294 4250
f 4250 4294 4251
f 4294 4295 4251
f 4251 4295 4252
f 4295 4296 4252
f 4252 4296 4253
f 4296 4297 4253
f 4253 4297 4254
f 4297 4298 4254
f 4254 4298 4255
f 4298 4299 4255
f 4255 4299 4256
f 4299 4300 4256
f 4256 4300 4257
f 4300 4301 4257
f 4257 4301 4258
f 4301 4302 4258
f 4258 4302 4303
f 4258 4303 4259
f 4259 4303 4304
f 4259 4304 4260
f 4260 4304 4305
f 4260 4305 4261
f 4261 4305 4306
f 4261 4306 4262
f 4262 4306 4307
f 4262 4307 4263
f 4263 4307 4308
f 4263 4308 4264
f 4264 4308 4309
f 4264 4309 4265
f 4265 4309 4310
f 4265 4310 4266
f 4266 4310 4311
f 4266 4311 4267
f 4267 4311 4312
f 4267 4312 4268
f 4268 4312 4313
f 4268 4313 4269
f 4269 4313 4270
f 4269 4270 4226
f 4270 4314 4271
f 4314 4315 4271
f 4271 4315 4272
f 4315 4316 4272
f 4272 4316 4273
f 4316 4317 4273
f 4273 4317 4274
f 4317 4318 4274
f 4274 4318 4275
f 4318 4319 4275
f 4275 4319 4276
f 4319 4320 4276
f 4276 4320 4277
f 4320 4321 4277
f 4277 4321 4278
f 4321 4322 4278
f 4278 4322 4279
f 4322 4323 4279
f 4279 4323 4280
f 4323 4324 4280
f 4280 4324 4281
f 4324 4325 4281
f 4281 4325 4282
f 4325 4326 4282
f 4282 4326 4327
f 4282 4327 4283
f 4283 4327 4328
f 4283 4328 4284
f 4284 4328 4329
f 4284 4329 4285
f 4285 4329 4330
f 4285 4330 4286
f 4286 4330 4331
f 4286 4331 4287
f 4287 4331 4332
f 4287 4332 4288
f 4288 4332 4333
f 4288 4333 4289
f 4289 4333 4334
f 4289 4334 4290
f 4290 4334 4335
f 4290 4335 4291
f 4291 4335 4336
f 4291 4336 4292
f 4292 4336 4293
f 4336 4337 4293
f 4293 4337 4294
f 4337 4338 4294
f 4294 4338 4295
f 4338 4339 4295
f 4295 4339 4296
f 4339 4340 4296
f 4296 4340 4297
f 4340 4341 4297
f 4297 4341 4298
f 4341 4342 4298
f 4298 4342 4299
f 4342 4343 4299
f 4299 4343 4300
f 4343 4344 4300
f 4300 4344 4301
f 4344 4345 4301
f 4301 4345 4302
f 4345 4346 4302
f 4302 4346 4347
f 4302 4347 4303
f 4303 4347 4348
f 4303 4348 4304
f 4304 4348 4349
f 4304 4349 4305
f 4305 4349 4350
f 4305 4350 4306
f 4306 4350 4351
f 4306 4351 4307
f 4307 4351 4352
f 4307 4352 4308
f 4308 4352 4353
f 4308 4353 4309
f 4309 4353 4354
f 4309 4354 4310
f 4310 4354 4355
f 4310 4355 4311
f 4311 4355 4356
f 4311 4356 4312
f 4312 4356 4357
f 4312 4357 4313
f 4313 4357 4314
f 4313 4314 4270
f 4314 4358 4315
f 4358 4359 4315
f 4315 4359 4316
f 4359 4360 4316
f 4316 4360 4317
f 4360 4361 4317
f 4317 4361 4318
f 4361 4362 4318
f 4318 4362 4319
f 4362 4363 4319
f 4319 4363 4320
f 4363 4364 4320
f 4320 4364 4321
f 4364 4365 4321
f 4321 4365 4322
f 4365 4366 4322
f 4322 4366 4323
f 4366 4367 4323
f 4323 4367 4324
f 4367 4368 4324
f 4324 4368 4325
f 4368 4369 4325
f 4325 4369 4326
f 4369 4370 4326
f 4326 4370 4371
f 4326 4371 4327
f 4327 4371 4372
f 4327 4372 4328
f 4328 4372 4373
f 4328 4373 4329
f 4329 4373 4374
f 4329 4374 4330
f 4330 4374 4375
f 4330 4375 4331
f 4331 4375 4376
f 4331 4376 4332
f 4332 4376 4377
f 4332 4377 4333
f 4333 4377 4378
f 4333 4378 4334
f 4334 4378 4379
f 4334 4379 4335
f 4335 4379 4380
f 4335 4380 4336
f 4336 4380 4337
f 4380 4381 4337
f 4337 4381 4338
f 4381 4382 4338
f 4338 4382 4339
f 4382 4383 4339
f 4339 4383 4340
f 4383 4384 4340
f 4340 4384 4341
f 4384 4385 4341
f 4341 4385 4342
f 4385 4386 4342
f 4342 4386 4343
f 4386 4387 4343
f 4343 4387 4344
f 4387 4388 4344
f 4344 4388 4345
f 4388 4389 4345
f 4345 4389 4346
f 4389 4390 4346
f 4346 4390 4391
f 4346 4391 4347
f 4347 4391 4392
f 4347 4392 4348
f 4348 4392 4393
f 4348 4393 4349
f 4349 4393 4394
f 4349 4394 4350
f 4350 4394 4395
f 4350 4395 4351
f 4351 4395 4396
f 4351 4396 4352
f 4352 4396 4397
f 4352 4397 4353
f 4353 4397 4398
f 4353 4398 4354
f 4354 4398 4399
f 4354 4399 4355
f 4355 4399 4400
f 4355 4400 4356
f 4356 4400 4401
f 4356 4401 4357
f 4357 4401 4358
f 4357 4358 4314
f 4358 4402 4359
f 4402 4403 4359
f 4359 4403 4360
f 4403 4404 4360
f 4360 4404 4361
f 4404 4405 4361
f 4361 4405 4362
f 4405 4406 4362
f 4362 4406 4363
f 4406 4407 4363
f 4363 4407 4364
f 4407 4408 4364
f 4364 4408 4365
f 4408 4409 4365
f 4365 4409 4366
f 4409 4410 4366
f 4366 4410 4367
f 4410 4411 4367
f 4367 4411 4368
f 4411 4412 4368
f 4368 4412 4369
f 4412 4413 4369
f 4369 4413 4370
f 4413 4414 4370
f 4370 4414 4415
f 4370 4415 4371
f 4371 4415 4416
f 4371 4416 4372
f 4372 4416 4417
f 4372 4417 4373
f 4373 4417 4418
f 4373 4418 4374
f 4374 4418 4419
f 4374 4419 4375
f 4375 4419 4420
f 4375 4420 4376
f 4376 4420 4421
f 4376 4421 4377
f 4377 4421 4422
f 4377 4422 4378
f 4378 4422 4423
f 4378 4423 4379
f 4379 4423 4424
f 4379 4424 4380
f 4380 4424 4381
f 4424 4425 4381
f 4381 4425 4382
f 4425 4426 4382
f 4382 4426 4383
f 4426 4427 4383
f 4383 4427 4384
f 4427 4428 4384
f 4384 4428 4385
f 4428 4429 4385
f 4385 4429 4386
f 4429 4430 4386
f 4386 4430 4387
f 4430 4431 4387
f 4387 4431 4388
f 4431 4432 4388
f 4388 4432 4389
f 4432 4433 4389
f 4389 4433 4390
f 4433 4434 4390
f 4390 4434 4435
f 4390 4435 4391
f 4391 4435 4436
f 4391 4436 4392
f 4392 4436 4437
f 4392 4437 4393
f 4393 4437 4438
f 4393 4438 4394
f 4394 4438 4439
f 4394 4439 4395
f 4395 4439 4440
f 4395 4440 4396
f 4396 4440 4441
f 4396 4441 4397
f 4397 4441 4442
f 4397 4442 4398
f 4398 4442 4443
f 4398 4443 4399
f 4399 4443 4444
f 4399 4444 4400
f 4400 4444 4445
f 4400 4445 4401
f 4401 4445 4402
f 4401 4402 4358
f 4402 4446 4403
f 4446 4447 4403
f 4403 4447 4404
f 4447 4448 4404
f 4404 4448 4405
f 4448 4449 4405
f 4405 4449 4406
f 4449 4450 4406
f 4406 4450 4407
f 4450 4451 4407
f 4407 4451 4408
f 4451 4452 4408
f 4408 4452 4409
f 4452 4453 4409
f 4409 4453 4410
f 4453 4454 4410
f 4410 4454 4411
f 4454 4455 4411
f 4411 4455 4412
f 4455 4456 4412
f 4412 4456 4413
f 4456 4457 4413
f 4413 4457 4414
f 4457 4458 4414
f 4414 4458 4459
f 4414 4459 4415
f 4415 4459 4460
f 4415 4460 4416
f 4416 4460 4461
f 4416 4461 4417
f 4417 4461 4462
f 4417 4462 4418
f 4418 4462 4463
f 4418 4463 4419
f 4419 4463 4464
f 4419 4464 4420
f 4420 4464 4465
f 4420 4465 4421
f 4421 4465 4466
f 4421 4466 4422
f 4422 4466 4467
f 4422 4467 4423
f 4423 4467 4468
f 4423 4468 4424
f 4424 4468 4425
f 4468 4469 4425
f 4425 4469 4426
f 4469 4470 4426
f 4426 4470 4427
f 4470 4471 4427
f 4427 4471 4428
f 4471 4472 4428
f 4428 4472 4429
f 4472 4473 4429
f 4429 4473 4430
f 4473 4474 4430
f 4430 4474 4431
f 4474 4475 4431
f 4431 4475 4432
f 4475 4476 4432
f 4432 4476 4433
f 4476 4477 4433
f 4433 4477 4434
f 4477 4478 4434
f 4434 4478 4479
f 4434 4479 4435
f 4435 4479 4480
f 4435 4480 4436
f 4436 4480 4481
f 4436 4481 4437
f 4437 4481 4482
f 4437 4482 4438
f 4438 4482 4483
f 4438 4483 4439
f 4439 4483 4484
f 4439 4484 4440
f 4440 4484 4485
f 4440 4485 4441
f 4441 4485 4486
f 4441 4486 4442
f 4442 4486 4487
f 4442 4487 4443
f 4443 4487 4488
f 4443 4488 4444
f 4444 4488 4489
f 4444 4489 4445
f 4445 4489 4446
f 4445 4446 4402
f 4446 4490 4447
f 4490 4491 4447
f 4447 4491 4448
f 4491 4492 4448
f 4448 4492 4449
f 4492 4493 4449
f 4449 4493 4450
f 4493 4494 4450
f 4450 4494 4451
f 4494 4495 4451
f 4451 4495 4452
f 4495 4496 4452
f 4452 4496 4453
f 4496 4497 4453
f 4453 4497 4454
f 4497 4498 4454
f 4454 4498 4455
f 4498 4499 4455
f 4455 4499 4456
f 4499 4500 4456
f 4456 4500 4457
f 4500 4501 4457
f 4457 4501 4458
f 4501 4502 4458
f 4458 4502 4503
f 4458 4503 4459
f 4459 4503 4504
f 4459 4504 4460
f 4460 4504 4505
f 4460 4505 4461
f 4461 4505 4506
f 4461 4506 4462
f 4462 4506 4507
f 4462 4507 4463
f 4463 4507 4508
f 4463 4508 4464
f 4464 4508 4509
f 4464 4509 4465
f 4465 4509 4510
f 4465 4510 4466
f 4466 4510 4511
f 4466 4511 4467
f 4467 4511 4512
f 4467 4512 4468
f 4468 4512 4469
f 4512 4513 4469
f 4469 4513 4470
f 4513 4514 4470
f 4470 4514 4471
f 4514 4515 4471
f 4471 4515 4472
f 4515 4516 4472
f 4472 4516 4473
f 4516 4517 4473
f 4473 4517 4474
f 4517 4518 4474
f 4474 4518 4475
f 4518 4519 4475
f 4475 4519 4476
f 4519 4520 4476
f 4476 4520 4477
f 4520 4521 4477
f 4477 4521 4478
f 4521 4522 4478
f 4478 4522 4523
f 4478 4523 4479
f 4479 4523 4524
f 4479 4524 4480
f 4480 4524 4525
f 4480 4525 4481
f 4481 4525 4526
f 4481 4526 4482
f 4482 4526 4527
f 4482 4527 4483
f 4483 4527 4528
f 4483 4528 4484
f 4484 4528 4529
f 4484 4529 4485
f 4485 4529 4530
f 4485 4530 4486
f 4486 4530 4531
f 4486 4531 4487
f 4487 4531 4532
f 4487 4532 4488
f 4488 4532 4533
f 4488 4533 4489
f 4489 4533 4490
f 4489 4490 4446
f 4490 4534 4491
f 4534 4535 4491
f 4491 4535 4492
f 4535 4536 4492
f 4492 4536 4493
f 4536 4537 4493
f 4493 4537 4494
f 4537 4538 4494
f 4494 4538 4495
f 4538 4539 4495
f 4495 4539 4496
f 4539 4540 4496
f 4496 4540 4497
f 4540 4541 4497
f 4497 4541 4498
f 4541 4542 4498
f 4498 4542 4499
f 4542 4543 4499
f 4499 4543 4500
f 4543 4544 4500
f 4500 4544 4501
f 4544 4545 4501
f 4501 4545 4502
f 4545 4546 4502
f 4502 4546 4547
f 4502 4547 4503
f 4503 4547 4548
f 4503 4548 4504
f 4504 4548 4549
f 4504 4549 4505
f 4505 4549 4550
f 4505 4550 4506
f 4506 4550 4551
f 4506 4551 4507
f 4507 4551 4552
f 4507 4552 4508
f 4508 4552 4553
f 4508 4553 4509
f 4509 4553 4554
f 4509 4554 4510
f 4510 4554 4555
f 4510 4555 4511
f 4511 4555 4556
f 4511 4556 4512
f 4512 4556 4513
f 4556 4557 4513
f 4513 4557 4514
f 4557 4558 4514
f 4514 4558 4515
f 4558 4559 4515
f 4515 4559 4516
f 4559 4560 4516
f 4516 4560 4517
f 4560 4561 4517
f 4517 4561 4518
f 4561 4562 4518
f 4518 4562 4519
f 4562 4563 4519
f 4519 4563 4520
f 4563 4564 4520
f 4520 4564 4521
f 4564 4565 4521
f 4521 4565 4522
f 4565 4566 4522
f 4522 4566 4567
f 4522 4567 4523
f 4523 4567 4568
f 4523 4568 4524
f 4524 4568 4569
f 4524 4569 4525
f 4525 4569 4570
f 4525 4570 4526
f 4526 4570 4571
f 4526 4571 4527
f 4527 4571 4572
f 4527 4572 4528
f 4528 4572 4573
f 4528 4573 4529
f 4529 4573 4574
f 4529 4574 4530
f 4530 4574 4575
f 4530 4575 4531
f 4531 4575 4576
f 4531 4576 4532
f 4532 4576 4577
f 4532 4577 4533
f 4533 4577 4534
f 4533 4534 4490
f 4534 4578 4535
f 4578 4579 4535
f 4535 4579 4536
f 4579 4580 4536
f 4536 4580 4537
f 4580 4581 4537
f 4537 4581 4538
f 4581 4582 4538
f 4538 4582 4539
f 4582 4583 4539
f 4539 4583 4540
f 4583 4584 4540
f 4540 4584 4541
f 4584 4585 4541
f 4541 4585 4542
f 4585 4586 4542
f 4542 4586 4543
f 4586 4587 4543
f 4543 4587 4544
f 4587 4588 4544
f 4544 4588 4545
f 4588 4589 4545
f 4545 4589 4546
f 4589 4590 4546
f 4546 4590 4591
f 4546 4591 4547
f 4547 4591 4592
f 4547 4592 4548
f 4548 4592 4593
f 4548 4593 4549
f 4549 4593 4594
f 4549 4594 4550
f 4550 4594 4595
f 4550 4595 4551
f 4551 4595 4596
f 4551 4596 4552
f 4552 4596 4597
f 4552 4597 4553
f 4553 4597 4598
f 4553 4598 4554
f 4554 4598 4599
f 4554 4599 4555
f 4555 4599 4600
f 4555 4600 4556
f 4556 4600 4557
f 4600 4601 4557
f 4557 4601 4558
f 4601 4602 4558
f 4558 4602 4559
f 4602 4603 4559
f 4559 4603 4560
f 4603 4604 4560
f 4560 4604 4561
f 4604 4605 4561
f 4561 4605 4562
f 4605 4606 4562
f 4562 4606 4563
f 4606 4607 4563
f 4563 4607 4564
f 4607 4608 4564
f 4564 4608 4565
f 4608 4609 4565
f 4565 4609 4566
f 4609 4610 4566
f 4566 4610 4611
f 4566 4611 4567
f 4567 4611 4612
f 4567 4612 4568
f 4568 4612 4613
f 4568 4613 4569
f 4569 4613 4614
f 4569 4614 4570
f 4570 4614 4615
f 4570 4615 4571
f 4571 4615 4616
f 4571 4616 4572
f 4572 4616 4617
f 4572 4617 4573
f 4573 4617 4618
f 4573 4618 4574
f 4574 4618 4619
f 4574 4619 4575
f 4575 4619 4620
f 4575 4620 4576
f 4576 4620 4621
f 4576 4621 4577
f 4577 4621 4578
f 4577 4578 4534
f 4578 4622 4579
f 4622 4623 4579
f 4579 4623 4580
f 4623 4624 4580
f 4580 4624 4581
f 4624 4625 4581
f 4581 4625 4582
f 4625 4626 4582
f 4582 4626 4583
f 4626 4627 4583
f 4583 4627 4584
f 4627 4628 4584
f 4584 4628 4585
f 4628 4629 4585
f 4585 4629 4586
f 4629 4630 4586
f 4586 4630 4587
f 4630 4631 4587
f 4587 4631 4588
f 4631 4632 4588
f 4588 4632 4589
f 4632 4633 4589
f 4589 4633 4590
f 4633 4634 4590
f 4590 4634 4635
f 4590 4635 4591
f 4591 4635 4636
f 4591 4636 4592
f 4592 4636 4637
f 4592 4637 4593
f 4593 4637 4638
f 4593 4638 4594
f 4594 4638 4639
f 4594 4639 4595
f 4595 4639 4640
f 4595 4640 4596
f 4596 4640 4641
f 4596 4641 4597
f 4597 4641 4642
f 4597 4642 4598
f 4598 4642 4643
f 4598 4643 4599
f 4599 4643 4644
f 4599 4644 4600
f 4600 4644 4601
f 4644 4645 4601
f 4601 4645 4602
f 4645 4646 4602
f 4602 4646 4603
f 4646 4647 4603
f 4603 4647 4604
f 4647 4648 4604
f 4604 4648 4605
f 4648 4649 4605
f 4605 4649 4606
f 4649 4650 4606
f 4606 4650 4607
f 4650 4651 4607
f 4607 4651 4608
f 4651 4652 4608
f 4608 4652 4609
f 4652 4653 4609
f 4609 4653 4610
f 4653 4654 4610
f 4610 4654 4655
f 4610 4655 4611
f 4611 4655 4656
f 4611 4656 4612
f 4612 4656 4657
f 4612 4657 4613
f 4613 4657 4658
f 4613 4658 4614
f 4614 4658 4659
f 4614 4659 4615
f 4615 4659 4660
f 4615 4660 4616
f 4616 4660 4661
f 4616 4661 4617
f 4617 4661 4662
f 4617 4662 4618
f 4618 4662 4663
f 4618 4663 4619
f 4619 4663 4664
f 4619 4664 4620
f 4620 4664 4665
f 4620 4665 4621
f 4621 4665 4622
f 4621 4622 4578
f 4622 4666 4623
f 4666 4667 4623
f 4623 4667 4624
f 4667 4668 4624
f 4624 4668 4625
f 4668 4669 4625
f 4625 4669 4626
f 4669 4670 4626
f 4626 4670 4627
f 4670 4671 4627
f 4627 4671 4628
f 4671 4672 4628
f 4628 4672 4629
f 4672 4673 4629
f 4629 4673 4630
f 4673 4674 4630
f 4630 4674 4631
f 4674 4675 4631
f 4631 4675 4632
f 4675 4676 4632
f 4632 4676 4633
f 4676 4677 4633
f 4633 4677 4634
f 4677 4678 4634
f 4634 4678 4679
f 4634 4679 4635
f 4635 4679 4680
f 4635 4680 4636
f 4636 4680 4681
f 4636 4681 4637
f 4637 4681 4682
f 4637 4682 4638
f 4638 4682 4683
f 4638 4683 4639
f 4639 4683 4684
f 4639 4684 4640
f 4640 4684 4685
f 4640 4685 4641
f 4641 4685 4686
f 4641 4686 4642
f 4642 4686 4687
f 4642 4687 4643
f 4643 4687 4688
f 4643 4688 4644
f 4644 4688 4645
f 4688 4689 4645
f 4645 4689 4646
f 4689 4690 4646
f 4646 4690 4647
f 4690 4691 4647
f 4647 4691 4648
f 4691 4692 4648
f 4648 4692 4649
f 4692 4693 4649
f 4649 4693 4650
f 4693 4694 4650
f 4650 4694 4651
f 4694 4695 4651
f 4651 4695 4652
f 4695 4696 4652
f 4652 4696 4653
f 4696 4697 4653
f 4653 4697 4654
f 4697 4698 4654
f 4654 4698 4699
f 4654 4699 4655
f 4655 4699 4700
f 4655 4700 4656
f 4656 4700 4701
f 4656 4701 4657
f 4657 4701 4702
f 4657 4702 4658
f 4658 4702 4703
f 4658 4703 4659
f 4659 4703 4704
f 4659 4704 4660
f 4660 4704 4705
f 4660 4705 4661
f 4661 4705 4706
f 4661 4706 4662
f 4662 4706 4707
f 4662 4707 4663
f 4663 4707 4708
f 4663 4708 4664
f 4664 4708 4709
f 4664 4709 4665
f 4665 4709 4666
f 4665 4666 4622
f 4666 4710 4667
f 4710 4711 4667
f 4667 4711 4668
f 4711 4712 4668
f 4668 4712 4669
f 4712 4713 4669
f 4669 4713 4670
f 4713 4714 4670
f 4670 4714 4671
f 4714 4715 4671
f 4671 4715 4672
f 4715 4716 4672
f 4672 4716 4673
f 4716 4717 4673
f 4673 4717 4674
f 4717 4718 4674
f 4674 4718 4675
f 4718 4719 4675
f 4675 4719 4676
f 4719 4720 4676
f 4676 4720 4677
f 4720 4721 4677
f 4677 4721 4678
f 4721 4722 4678
f 4678 4722 4723
f 4678 4723 4679
f 4679 4723 4724
f 4679 4724 4680
f 4680 4724 4725
f 4680 4725 4681
f 4681 4725 4726
f 4681 4726 4682
f 4682 4726 4727
f 4682 4727 4683
f 4683 4727 4728
f 4683 4728 4684
f 4684 4728 4729
f 4684 4729 4685
f 4685 4729 4730
f 4685 4730 4686
f 4686 4730 4731
f 4686 4731 4687
f 4687 4731 4732
f 4687 4732 4688
f 4688 4732 4689
f 4732 4733 4689
f 4689 4733 4690
f 4733 4734 4690
f 4690 4734 4691
f 4734 4735 4691
f 4691 4735 4692
f 4735 4736 4692
f 4692 4736 4693
f 4736 4737 4693
f 4693 4737 4694
f 4737 4738 4694
f 4694 4738 4695
f 4738 4739 4695
f 4695 4739 4696
f 4739 4740 4696
f 4696 4740 4697
f 4740 4741 4697
f 4697 4741 4698
f 4741 4742 4698
f 4698 4742 4743
f 4698 4743 4699
f 4699 4743 4744
f 4699 4744 4700
f 4700 4744 4745
f 4700 4745 4701
f 4701 4745 4746
f 4701 4746 4702
f 4702 4746 4747
f 4702 4747 4703
f 4703 4747 4748
f 4703 4748 4704
f 4704 4748 4749
f 4704 4749 4705
f 4705 4749 4750
f 4705 4750 4706
f 4706 4750 4751
f 4706 4751 4707
f 4707 4751 4752
f 4707 4752 4708
f 4708 4752 4753
f 4708 4753 4709
f 4709 4753 4710
f 4709 4710 4666
f 4710 4754 4711
f 4754 4755 4711
f 4711 4755 4712
f 4755 4756 4712
f 4712 4756 4713
f 4756 4757 4713
f 4713 4757 4714
f 4757 4758 4714
f 4714 4758 4715
f 4758 4759 4715
f 4715 4759 4716
f 4759 4760 4716
f 4716 4760 4717
f 4760 4761 4717
f 4717 4761 4718
f 4761 4762 4718
f 4718 4762 4719
f 4762 4763 4719
f 4719 4763 4720
f 4763 4764 4720
f 4720 4764 4721
f 4764 4765 4721
f 4721 4765 4722
f 4765 4766 4722
f 4722 4766 4767
f 4722 4767 4723
f 4723 4767 4768
f 4723 4768 4724
f 4724 4768 4769
f 4724 4769 4725
f 4725 4769 4770
f 4725 4770 4726
f 4726 4770 4771
f 4726 4771 4727
f 4727 4771 4772
f 4727 4772 4728
f 4728 4772 4773
f 4728 4773 4729
f 4729 4773 4774
f 4729 4774 4730
f 4730 4774 4775
f 4730 4775 4731
f 4731 4775 4776
f 4731 4776 4732
f 4732 4776 4733
f 4776 4777 4733
f 4733 4777 4734
f 4777 4778 4734
f 4734 4778 4735
f 4778 4779 4735
f 4735 4779 4736
f 4779 4780 4736
f 4736 4780 4737
f 4780 4781 4737
f 4737 4781 4738
f 4781 4782 4738
f 4738 4782 4739
f 4782 4783 4739
f 4739 4783 4740
f 4783 4784 4740
f 4740 4784 4741
f 4784 4785 4741
f 4741 4785 4742
f 4785 4786 4742
f 4742 4786 4787
f 4742 4787 4743
f 4743 4787 4788
f 4743 4788 4744
f 4744 4788 4789
f 4744 4789 4745
f 4745 4789 4790
f 4745 4790 4746
f 4746 4790 4791
f 4746 4791 4747
f 4747 4791 4792
f 4747 4792 4748
f 4748 4792 4793
f 4748 4793 4749
f 4749 4793 4794
f 4749 4794 4750
f 4750 4794 4795
f 4750 4795 4751
f 4751 4795 4796
f 4751 4796 4752
f 4752 4796 4797
f 4752 4797 4753
f 4753 4797 4754
f 4753 4754 4710
f 4754 4798 4755
f 4798 4799 4755
f 4755 4799 4756
f 4799 4800 4756
f 4756 4800 4757
f 4800 4801 4757
f 4757 4801 4758
f 4801 4802 4758
f 4758 4802 4759
f 4802 4803 4759
f 4759 4803 4760
f 4803 4804 4760
f 4760 4804 4761
f 4804 4805 4761
f 4761 4805 4762
f 4805 4806 4762
f 4762 4806 4763
f 4806 4807 4763
f 4763 4807 4764
f 4807 4808 4764
f 4764 4808 4765
f 4808 4809 4765
f 4765 4809 4766
f 4809 4810 4766
f 4766 4810 4811
f 4766 4811 4767
f 4767 4811 4812
f 4767 4812 4768
f 4768 4812 4813
f 4768 4813 4769
f 4769 4813 4814
f 4769 4814 4770
f 4770 4814 4815
f 4770 4815 4771
f 4771 4815 4816
f 4771 4816 4772
f 4772 4816 4817
f 4772 4817 4773
f 4773 4817 4818
f 4773 4818 4774
f 4774 4818 4819
f 4774 4819 4775
f 4775 4819 4820
f 4775 4820 4776
f 4776 4820 4777
f 4820 4821 4777
f 4777 4821 4778
f 4821 4822 4778
f 4778 4822 4779
f 4822 4823 4779
f 4779 4823 4780
f 4823 4824 4780
f 4780 4824 4781
f 4824 4825 4781
f 4781 4825 4782
f 4825 4826 4782
f 4782 4826 4783
f 4826 4827 4783
f 4783 4827 4784
f 4827 4828 4784
f 4784 4828 4785
f 4828 4829 4785
f 4785 4829 4786
f 4829 4830 4786
f 4786 4830 4831
f 4786 4831 4787
f 4787 4831 4832
f 4787 4832 4788
f 4788 4832 4833
f 4788 4833 4789
f 4789 4833 4834
f 4789 4834 4790
f 4790 4834 4835
f 4790 4835 4791
f 4791 4835 4836
f 4791 4836 4792
f 4792 4836 4837
f 4792 4837 4793
f 4793 4837 4838
f 4793 4838 4794
f 4794 4838 4839
f 4794 4839 4795
f 4795 4839 4840
f 4795 4840 4796
f 4796 4840 4841
f 4796 4841 4797
f 4797 4841 4798
f 4797 4798 4754
f 4798 4842 4799
f 4842 4843 4799
f 4799 4843 4800
f 4843 4844 4800
f 4800 4844 4801
f 4844 4845 4801
f 4801 4845 4802
f 4845 4846 4802
f 4802 4846 4803
f 4846 4847 4803
f 4803 4847 4804
f 4847 4848 4804
f 4804 4848 4805
f 4848 4849 4805
f 4805 4849 4806
f 4849 4850 4806
f 4806 4850 4807
f 4850 4851 4807
f 4807 4851 4808
f 4851 4852 4808
f 4808 4852 4809
f 4852 4853 4809
f 4809 4853 4810
f 4853 4854 4810
f 4810 4854 4855
f 4810 4855 4811
f 4811 4855 4856
f 4811 4856 4812
f 4812 4856 4857
f 4812 4857 4813
f 4813 4857 4858
f 4813 4858 4814
f 4814 4858 4859
f 4814 4859 4815
f 4815 4859 4860
f 4815 4860 4816
f 4816 4860 4861
f 4816 4861 4817
f 4817 4861 4862
f 4817 4862 4818
f 4818 4862 4863
f 4818 4863 4819
f 4819 4863 4864
f 4819 4864 4820
f 4820 4864 4821
f 4864 4865 4821
f 4821 4865 4822
f 4865 4866 4822
f 4822 4866 4823
f 4866 4867 4823
f 4823 4867 4824
f 4867 4868 4824
f 4824 4868 4825
f 4868 4869 4825
f 4825 4869 4826
f 4869 4870 4826
f 4826 4870 4827
f 4870 4871 4827
f 4827 4871 4828
f 4871 4872 4828
f 4828 4872 4829
f 4872 4873 4829
f 4829 4873 4830
f 4873 4874 4830
f 4830 4874 4875
f 4830 4875 4831
f 4831 4875 4876
f 4831 4876 4832
f 4832 4876 4877
f 4832 4877 4833
f 4833 4877 4878
f 4833 4878 4834
f 4834 4878 4879
f 4834 4879 4835
f 4835 4879 4880
f 4835 4880 4836
f 4836 4880 4881
f 4836 4881 4837
f 4837 4881 4882
f 4837 4882 4838
f 4838 4882 4883
f 4838 4883 4839
f 4839 4883 4884
f 4839 4884 4840
f 4840 4884 4885
f 4840 4885 4841
f 4841 4885 4842
f 4841 4842 4798
f 4842 4886 4843
f 4886 4887 4843
f 4843 4887 4844
f 4887 4888 4844
f 4844 4888 4845
f 4888 4889 4845
f 4845 4889 4846
f 4889 4890 4846
f 4846 4890 4847
f 4890 4891 4847
f 4847 4891 4848
f 4891 4892 4848
f 4848 4892 4849
f 4892 4893 4849
f 4849 4893 4850
f 4893 4894 4850
f 4850 4894 4851
f 4894 4895 4851
f 4851 4895 4852
f 4895 4896 4852
f 4852 4896 4853
f 4896 4897 4853
f 4853 4897 4854
f 4897 4898 4854
f 4854 4898 4899
f 4854 4899 4855
f 4855 4899 4900
f 4855 4900 4856
f 4856 4900 4901
f 4856 4901 4857
f 4857 4901 4902
f 4857 4902 4858
f 4858 4902 4903
f 4858 4903 4859
f 4859 4903 4904
f 4859 4904 4860
f 4860 4904 4905
f 4860 4905 4861
f 4861 4905 4906
f 4861 4906 4862
f 4862 4906 4907
f 4862 4907 4863
f 4863 4907 4908
f 4863 4908 4864
f 4864 4908 4865
f 4908 4909 4865
f 4865 4909 4866
f 4909 4910 4866
f 4866 4910 4867
f 4910 4911 4867
f 4867 4911 4868
f 4911 4912 4868
f 4868 4912 4869
f 4912 4913 4869
f 4869 4913 4870
f 4913 4914 4870
f 4870 4914 4871
f 4914 4915 4871
f 4871 4915 4872
f 4915 4916 4872
f 4872 4916 4873
f 4916 4917 4873
f 4873 4917 4874
f 4917 4918 4874
f 4874 4918 4919
f 4874 4919 4875
f 4875 4919 4920
f 4875 4920 4876
f 4876 4920 4921
f 4876 4921 4877
f 4877 4921 4922
f 4877 4922 4878
f 4878 4922 4923
f 4878 4923 4879
f 4879 4923 4924
f 4879 4924 4880
f 4880 4924 4925
f 4880 4925 4881
f 4881 4925 4926
f 4881 4926 4882
f 4882 4926 4927
f 4882 4927 4883
f 4883 4927 4928
f 4883 4928 4884
f 4884 4928 4929
f 4884 4929 4885
f 4885 4929 4886
f 4885 4886 4842
f 4886 4930 4887
f 4930 4931 4887
f 4887 4931 4888
f 4931 4932 4888
f 4888 4932 4889
f 4932 4933 4889
f 4889 4933 4890
f 4933 4934 4890
f 4890 4934 4891
f 4934 4935 4891
f 4891 4935 4892
f 4935 4936 4892
f 4892 4936 4893
f 4936 4937 4893
f 4893 4937 4894
f 4937 4938 4894
f 4894 4938 4895
f 4938 4939 4895
f 4895 4939 4896
f 4939 4940 4896
f 4896 4940 4897
f 4940 4941 4897
f 4897 4941 4898
f 4941 4942 4898
f 4898 4942 4943
f 4898 4943 4899
f 4899 4943 4944
f 4899 4944 4900
f 4900 4944 4945
f 4900 4945 4901
f 4901 4945 4946
f 4901 4946 4902
f 4902 4946 4947
f 4902 4947 4903
f 4903 4947 4948
f 4903 4948 4904
f 4904 4948 4949
f 4904 4949 4905
f 4905 4949 4950
f 4905 4950 4906
f 4906 4950 4951
f 4906 4951 4907
f 4907 4951 4952
f 4907 4952 4908
f 4908 4952 4909
f 4952 4953 4909
f 4909 4953 4910
f 4953 4954 4910
f 4910 4954 4911
f 4954 4955 4911
f 4911 4955 4912
f 4955 4956 4912
f 4912 4956 4913
f 4956 4957 4913
f 4913 4957 4914
f 4957 4958 4914
f 4914 4958 4915
f 4958 4959 4915
f 4915 4959 4916
f 4959 4960 4916
f 4916 4960 4917
f 4960 4961 4917
f 4917 4961 4918
f 4961 4962 4918
f 4918 4962 4963
f 4918 4963 4919
f 4919 4963 4964
f 4919 4964 4920
f 4920 4964 4965
f 4920 4965 4921
f 4921 4965 4966
f 4921 4966 4922
f 4922 4966 4967
f 4922 4967 4923
f 4923 4967 4968
f 4923 4968 4924
f 4924 4968 4969
f 4924 4969 4925
f 4925 4969 4970
f 4925 4970 4926
f 4926 4970 4971
f 4926 4971 4927
f 4927 4971 4972
f 4927 4972 4928
f 4928 4972 4973
f 4928 4973 4929
f 4929 4973 4930
f 4929 4930 4886
f 4930 4974 4931
f 4974 4975 4931
f 4931 4975 4932
f 4975 4976 4932
f 4932 4976 4933
f 4976 4977 4933
f 4933 4977 4934
f 4977 4978 4934
f 4934 4978 4935
f 4978 4979 4935
f 4935 4979 4936
f 4979 4980 4936
f 4936 4980 4937
f 4980 4981 4937
f 4937 4981 4938
f 4981 4982 4938
f 4938 4982 4939
f 4982 4983 4939
f 4939 4983 4940
f 4983 4984 4940
f 4940 4984 4941
f 4984 4985 4941
f 4941 4985 4942
f 4985 4986 4942
f 4942 4986 4987
f 4942 4987 4943
f 4943 4987 4988
f 4943 4988 4944
f 4944 4988 4989
f 4944 4989 4945
f 4945 4989 4990
f 4945 4990 4946
f 4946 4990 4991
f 4946 4991 4947
f 4947 4991 4992
f 4947 4992 4948
f 4948 4992 4993
f 4948 4993 4949
f 4949 4993 4994
f 4949 4994 4950
f 4950 4994 4995
f 4950 4995 4951
f 4951 4995 4996
f 4951 4996 4952
f 4952 4996 4953
f 4996 4997 4953
f 4953 4997 4954
f 4997 4998 4954
f 4954 4998 4955
f 4998 4999 4955
f 4955 4999 4956
f 4999 5000 4956
f 4956 5000 4957
f 5000 5001 4957
f 4957 5001 4958
f 5001 5002 4958
f 4958 5002 4959
f 5002 5003 4959
f 4959 5003 4960
f 5003 5004 4960
f 4960 5004 4961
f 5004 5005 4961
f 4961 5005 4962
f 5005 5006 4962
f 4962 5006 5007
f 4962 5007 4963
f 4963 5007 5008
f 4963 5008 4964
f 4964 5008 5009
f 4964 5009 4965
f 4965 5009 5010
f 4965 5010 4966
f 4966 5010 5011
f 4966 5011 4967
f 4967 5011 5012
f 4967 5012 4968
f 4968 5012 5013
f 4968 5013 4969
f 4969 5013 5014
f 4969 5014 4970
f 4970 5014 5015
f 4970 5015 4971
f 4971 5015 5016
f 4971 5016 4972
f 4972 5016 5017
f 4972 5017 4973
f 4973 5017 4974
f 4973 4974 4930
f 4974 5018 4975
f 5018 5019 4975
f 4975 5019 4976
f 5019 5020 4976
f 4976 5020 4977
f 5020 5021 4977
f 4977 5021 4978
f 5021 5022 4978
f 4978 5022 4979
f 5022 5023 4979
f 4979 5023 4980
f 5023 5024 4980
f 4980 5024 4981
f 5024 5025 4981
f 4981 5025 4982
f 5025 5026 4982
f 4982 5026 4983
f 5026 5027 4983
f 4983 5027 4984
f 5027 5028 4984
f 4984 5028 4985
f 5028 5029 4985
f 4985 5029 4986
f 5029 5030 4986
f 4986 5030 5031
f 4986 5031 4987
f 4987 5031 5032
f 4987 5032 4988
f 4988 5032 5033
f 4988 5033 4989
f 4989 5033 5034
f 4989 5034 4990
f 4990 5034 5035
f 4990 5035 4991
f 4991 5035 5036
f 4991 5036 4992
f 4992 5036 5037
f 4992 5037 4993
f 4993 5037 5038
f 4993 5038 4994
f 4994 5038 5039
f 4994 5039 4995
f 4995 5039 5040
f 4995 5040 4996
f 4996 5040 4997
f 5040 5041 4997
f 4997 5041 4998
f 5041 5042 4998
f 4998 5042 4999
f 5042 5043 4999
f 4999 5043 5000
f 5043 5044 5000
f 5000 5044 5001
f 5044 5045 5001
f 5001 5045 5002
f 5045 5046 5002
f 5002 5046 5003
f 5046 5047 5003
f 5003 5047 5004
f 5047 5048 5004
f 5004 5048 5005
f 5048 5049 5005
f 5005 5049 5006
f 5049 5050 5006
f 5006 5050 5051
f 5006 5051 5007
f 5007 5051 5052
f 5007 5052 5008
f 5008 5052 5053
f 5008 5053 5009
f 5009 5053 5054
f 5009 5054 5010
f 5010 5054 5055
f 5010 5055 5011
f 5011 5055 5056
f 5011 5056 5012
f 5012 5056 5057
f 5012 5057 5013
f 5013 5057 5058
f 5013 5058 5014
f 5014 5058 5059
f 5014 5059 5015
f 5015 5059 5060
f 5015 5060 5016
f 5016 5060 5061
f 5016 5061 5017
f 5017 5061 5018
f 5017 5018 4974
f 5018 5062 5019
f 5062 5063 5019
f 5019 5063 5020
f 5063 5064 5020
f 5020 5064 5021
f 5064 5065 5021
f 5021 5065 5022
f 5065 5066 5022
f 5022 5066 5023
f 5066 5067 5023
f 5023 5067 5024
f 5067 5068 5024
f 5024 5068 5025
f 5068 5069 5025
f 5025 5069 5026
f 5069 5070 5026
f 5026 5070 5027
f 5070 5071 5027
f 5027 5071 5028
f 5071 5072 5028
f 5028 5072 5029
f 5072 5073 5029
f 5029 5073 5030
f 5073 5074 5030
f 5030 5074 5075
f 5030 5075 5031
f 5031 5075 5076
f 5031 5076 5032
f 5032 5076 5077
f 5032 5077 5033
f 5033 5077 5078
f 5033 5078 5034
f 5034 5078 5079
f 5034 5079 5035
f 5035 5079 5080
f 5035 5080 5036
f 5036 5080 5081
f 5036 5081 5037
f 5037 5081 5082
f 5037 5082 5038
f 5038 5082 5083
f 5038 5083 5039
f 5039 5083 5084
f 5039 5084 5040
f 5040 5084 5041
f 5084 5085 5041
f 5041 5085 5042
f 5085 5086 5042
f 5042 5086 5043
f 5086 5087 5043
f 5043 5087 5044
f 5087 5088 5044
f 5044 5088 5045
f 5088 5089 5045
f 5045 5089 5046
f 5089 5090 5046
f 5046 5090 5047
f 5090 5091 5047
f 5047 5091 5048
f 5091 5092 5048
f 5048 5092 5049
f 5092 5093 5049
f 5049 5093 5050
f 5093 5094 5050
f 5050 5094 5095
f 5050 5095 5051
f 5051 5095 5096
f 5051 5096 5052
f 5052 5096 5097
f 5052 5097 5053
f 5053 5097 5098
f 5053 5098 5054
f 5054 5098 5099
f 5054 5099 5055
f 5055 5099 5100
f 5055 5100 5056
f 5056 5100 5101
f 5056 5101 5057
f 5057 5101 5102
f 5057 5102 5058
f 5058 5102 5103
f 5058 5103 5059
f 5059 5103 5104
f 5059 5104 5060
f 5060 5104 5105
f 5060 5105 5061
f 5061 5105 5062
f 5061 5062 5018
f 5062 5106 5063
f 5106 5107 5063
f 5063 5107 5064
f 5107 5108 5064
f 5064 5108 5065
f 5108 5109 5065
f 5065 5109 5066
f 5109 5110 5066
f 5066 5110 5067
f 5110 5111 5067
f 5067 5111 5068
f 5111 5112 5068
f 5068 5112 5069
f 5112 5113 5069
f 5069 5113 5070
f 5113 5114 5070
f 5070 5114 5071
f 5114 5115 5071
f 5071 5115 5072
f 5115 5116 5072
f 5072 5116 5073
f 5116 5117 5073
f 5073 5117 5074
f 5117 5118 5074
f 5074 5118 5119
f 5074 5119 5075
f 5075 5119 5120
f 5075 5120 5076
f 5076 5120 5121
f 5076 5121 5077
f 5077 5121 5122
f 5077 5122 5078
f 5078 5122 5123
f 5078 5123 5079
f 5079 5123 5124
f 5079 5124 5080
f 5080 5124 5125
f 5080 5125 5081
f 5081 5125 5126
f 5081 5126 5082
f 5082 5126 5127
f 5082 5127 5083
f 5083 5127 5128
f 5083 5128 5084
f 5084 5128 5085
f 5128 5129 5085
f 5085 5129 5086
f 5129 5130 5086
f 5086 5130 5087
f 5130 5131 5087
f 5087 5131 5088
f 5131 5132 5088
f 5088 5132 5089
f 5132 5133 5089
f 5089 5133 5090
f 5133 5134 5090
f 5090 5134 5091
f 5134 5135 5091
f 5091 5135 5092
f 5135 5136 5092
f 5092 5136 5093
f 5136 5137 5093
f 5093 5137 5094
f 5137 5138 5094
f 5094 5138 5139
f 5094 5139 5095
f 5095 5139 5140
f 5095 5140 5096
f 5096 5140 5141
f 5096 5141 5097
f 5097 5141 5142
f 5097 5142 5098
f 5098 5142 5143
f 5098 5143 5099
f 5099 5143 5144
f 5099 5144 5100
f 5100 5144 5145
f 5100 5145 5101
f 5101 5145 5146
f 5101 5146 5102
f 5102 5146 5147
f 5102 5147 5103
f 5103 5147 5148
f 5103 5148 5104
f 5104 5148 5149
f 5104 5149 5105
f 5105 5149 5106
f 5105 5106 5062
f 5106 5150 5107
f 5150 5151 5107
f 5107 5151 5108
f 5151 5152 5108
f 5108 5152 5109
f 5152 5153 5109
f 5109 5153 5110
f 5153 5154 5110
f 5110 5154 5111
f 5154 5155 5111
f 5111 5155 5112
f 5155 5156 5112
f 5112 5156 5113
f 5156 5157 5113
f 5113 5157 5114
f 5157 5158 5114
f 5114 5158 5115
f 5158 5159 5115
f 5115 5159 5116
f 5159 5160 5116
f 5116 5160 5117
f 5160 5161 5117
f 5117 5161 5118
f 5161 5162 5118
f 5118 5162 5163
f 5118 5163 5119
f 5119 5163 5164
f 5119 5164 5120
f 5120 5164 5165
f 5120 5165 5121
f 5121 5165 5166
f 5121 5166 5122
f 5122 5166 5167
f 5122 5167 5123
f 5123 5167 5168
f 5123 5168 5124
f 5124 5168 5169
f 5124 5169 5125
f 5125 5169 5170
f 5125 5170 5126
f 5126 5170 5171
f 5126 5171 5127
f 5127 5171 5172
f 5127 5172 5128
f 5128 5172 5129
f 5172 5173 5129
f 5129 5173 5130
f 5173 5174 5130
f 5130 5174 5131
f 5174 5175 5131
f 5131 5175 5132
f 5175 5176 5132
f 5132 5176 5133
f 5176 5177 5133
f 5133 5177 5134
f 5177 5178 5134
f 5134 5178 5135
f 5178 5179 5135
f 5135 5179 5136
f 5179 5180 5136
f 5136 5180 5137
f 5180 5181 5137
f 5137 5181 5138
f 5181 5182 5138
f 5138 5182 5183
f 5138 5183 5139
f 5139 5183 5184
f 5139 5184 5140
f 5140 5184 5185
f 5140 5185 5141
f 5141 5185 5186
f 5141 5186 5142
f 5142 5186 5187
f 5142 5187 5143
f 5143 5187 5188
f 5143 5188 5144
f 5144 5188 5189
f 5144 5189 5145
f 5145 5189 5190
f 5145 5190 5146
f 5146 5190 5191
f 5146 5191 5147
f 5147 5191 5192
f 5147 5192 5148
f 5148 5192 5193
f 5148 5193 5149
f 5149 5193 5150
f 5149 5150 5106
f 5150 5194 5195
f 5150 5195 5151
f 5151 5195 5196
f 5151 5196 5152
f 5152 5196 5197
f 5152 5197 5153
f 5153 5197 5198
f 5153 5198 5154
f 5154 5198 5199
f 5154 5199 5155
f 5155 5199 5200
f 5155 5200 5156
f 5156 5200 5201
f 5156 5201 5157
f 5157 5201 5202
f 5157 5202 5158
f 5158 5202 5203
f 5158 5203 5159
f 5159 5203 5204
f 5159 5204 5160
f 5160 5204 5205
f 5160 5205 5161
f 5161 5205 5206
f 5161 5206 5162
f 5162 5206 5163
f 5206 5207 5163
f 5163 5207 5164
f 5207 5208 5164
f 5164 5208 5165
f 5208 5209 5165
f 5165 5209 5166
f 5209 5210 5166
f 5166 5210 5167
f 5210 5211 5167
f 5167 5211 5168
f 5211 5212 5168
f 5168 5212 5169
f 5212 5213 5169
f 5169 5213 5170
f 5213 5214 5170
f 5170 5214 5171
f 5214 5215 5171
f 5171 5215 5172
f 5215 5216 5172
f 5172 5216 5217
f 5172 5217 5173
f 5173 5217 5218
f 5173 5218 5174
f 5174 5218 5219
f 5174 5219 5175
f 5175 5219 5220
f 5175 5220 5176
f 5176 5220 5221
f 5176 5221 5177
f 5177 5221 5222
f 5177 5222 5178
f 5178 5222 5223
f 5178 5223 5179
f 5179 5223 5224
f 5179 5224 5180
f 5180 5224 5225
f 5180 5225 5181
f 5181 5225 5226
f 5181 5226 5182
f 5182 5226 5183
f 5226 5227 5183
f 5183 5227 5184
f 5227 5228 5184
f 5184 5228 5185
f 5228 5229 5185
f 5185 5229 5186
f 5229 5230 5186
f 5186 5230 5187
f 5230 5231 5187
f 5187 5231 5188
f 5231 5232 5188
f 5188 5232 5189
f 5232 5233 5189
f 5189 5233 5190
f 5233 5234 5190
f 5190 5234 5191
f 5234 5235 5191
f 5191 5235 5192
f 5235 5236 5192
f 5192 5236 5193
f 5236 5237 5193
f 5193 5237 5150
f 5237 5194 5150
f 5194 5238 5239
f 5194 5239 5195
f 5195 5239 5240
f 5195 5240 5196
f 5196 5240 5241
f 5196 5241 5197
f 5197 5241 5242
f 5197 5242 5198
f 5198 5242 5243
f 5198 5243 5199
f 5199 5243 5244
f 5199 5244 5200
f 5200 5244 5245
f 5200 5245 5201
f 5201 5245 5246
f 5201 5246 5202
f 5202 5246 5247
f 5202 5247 5203
f 5203 5247 5248
f 5203 5248 5204
f 5204 5248 5249
f 5204 5249 5205
f 5205 5249 5250
f 5205 5250 5206
f 5206 5250 5207
f 5250 5251 5207
f 5207 5251 5208
f 5251 5252 5208
f 5208 5252 5209
f 5252 5253 5209
f 5209 5253 5210
f 5253 5254 5210
f 5210 5254 5211
f 5254 5255 5211
f 5211 5255 5212
f 5255 5256 5212
f 5212 5256 5213
f 5256 5257 5213
f 5213 5257 5214
f 5257 5258 5214
f 5214 5258 5215
f 5258 5259 5215
f 5215 5259 5216
f 5259 5260 5216
f 5216 5260 5261
f 5216 5261 5217
f 5217 5261 5262
f 5217 5262 5218
f 5218 5262 5263
f 5218 5263 5219
f 5219 5263 5264
f 5219 5264 5220
f 5220 5264 5265
f 5220 5265 5221
f 5221 5265 5266
f 5221 5266 5222
f 5222 5266 5267
f 5222 5267 5223
f 5223 5267 5268
f 5223 5268 5224
f 5224 5268 5269
f 5224 5269 5225
f 5225 5269 5270
f 5225 5270 5226
f 5226 5270 5227
f 5270 5271 5227
f 5227 5271 5228
f 5271 5272 5228
f 5228 5272 5229
f 5272 5273 5229
f 5229 5273 5230
f 5273 5274 5230
f 5230 5274 5231
f 5274 5275 5231
f 5231 5275 5232
f 5275 5276 5232
f 5232 5276 5233
f 5276 5277 5233
f 5233 5277 5234
f 5277 5278 5234
f 5234 5278 5235
f 5278 5279 5235
f 5235 5279 5236
f 5279 5280 5236
f 5236 5280 5237
f 5280 5281 5237
f 5237 5281 5194
f 5281 5238 5194
f 5238 5282 5283
f 5238 5283 5239
f 5239 5283 5284
f 5239 5284 5240
f 5240 5284 5285
f 5240 5285 5241
f 5241 5285 5286
f 5241 5286 5242
f 5242 5286 5287
f 5242 5287 5243
f 5243 5287 5288
f 5243 5288 5244
f 5244 5288 5289
f 5244 5289 5245
f 5245 5289 5290
f 5245 5290 5246
f 5246 5290 5291
f 5246 5291 5247
f 5247 5291 5292
f 5247 5292 5248
f 5248 5292 5293
f 5248 5293 5249
f 5249 5293 5294
f 5249 5294 5250
f 5250 5294 5251
f 5294 5295 5251
f 5251 5295 5252
f 5295 5296 5252
f 5252 5296 5253
f 5296 5297 5253
f 5253 5297 5254
f 5297 5298 5254
f 5254 5298 5255
f 5298 5299 5255
f 5255 5299 5256
f 5299 5300 5256
f 5256 5300 5257
f 5300 5301 5257
f 5257 5301 5258
f 5301 5302 5258
f 5258 5302 5259
f 5302 5303 5259
f 5259 5303 5260
f 5303 5304 5260
f 5260 5304 5305
f 5260 5305 5261
f 5261 5305 5306
f 5261 5306 5262
f 5262 5306 5307
f 5262 5307 5263
f 5263 5307 5308
f 5263 5308 5264
f 5264 5308 5309
f 5264 5309 5265
f 5265 5309 5310
f 5265 5310 5266
f 5266 5310 5311
f 5266 5311 5267
f 5267 5311 5312
f 5267 5312 5268
f 5268 5312 5313
f 5268 5313 5269
f 5269 5313 5314
f 5269 5314 5270
f 5270 5314 5271
f 5314 5315 5271
f 5271 5315 5272
f 5315 5316 5272
f 5272 5316 5273
f 5316 5317 5273
f 5273 5317 5274
f 5317 5318 5274
f 5274 5318 5275
f 5318 5319 5275
f 5275 5319 5276
f 5319 5320 5276
f 5276 5320 5277
f 5320 5321 5277
f 5277 5321 5278
f 5321 5322 5278
f 5278 5322 5279
f 5322 5323 5279
f 5279 5323 5280
f 5323 5324 5280
f 5280 5324 5281
f 5324 5325 5281
f 5281 5325 5238
f 5325 5282 5238
f 5282 5326 5327
f 5282 5327 5283
f 5283 5327 5328
f 5283 5328 5284
f 5284 5328 5329
f 5284 5329 5285
f 5285 5329 5330
f 5285 5330 5286
f 5286 5330 5331
f 5286 5331 5287
f 5287 5331 5332
f 5287 5332 5288
f 5288 5332 5333
f 5288 5333 5289
f 5289 5333 5334
f 5289 5334 5290
f 5290 5334 5335
f 5290 5335 5291
f 5291 5335 5336
f 5291 5336 5292
f 5292 5336 5337
f 5292 5337 5293
f 5293 5337 5338
f 5293 5338 5294
f 5294 5338 5295
f 5338 5339 5295
f 5295 5339 5296
f 5339 5340 5296
f 5296 5340 5297
f 5340 5341 5297
f 5297 5341 5298
f 5341 5342 5298
f 5298 5342 5299
f 5342 5343 5299
f 5299 5343 5300
f 5343 5344 5300
f 5300 5344 5301
f 5344 5345 5301
f 5301 5345 5302
f 5345 5346 5302
f 5302 5346 5303
f 5346 5347 5303
f 5303 5347 5304
f 5347 5348 5304
f 5304 5348 5349
f 5304 5349 5305
f 5305 5349 5350
f 5305 5350 5306
f 5306 5350 5351
f 5306 5351 5307
f 5307 5351 5352
f 5307 5352 5308
f 5308 5352 5353
f 5308 5353 5309
f 5309 5353 5354
f 5309 5354 5310
f 5310 5354 5355
f 5310 5355 5311
f 5311 5355 5356
f 5311 5356 5312
f 5312 5356 5357
f 5312 5357 5313
f 5313 5357 5358
f 5313 5358 5314
f 5314 5358 5315
f 5358 5359 5315
f 5315 5359 5316
f 5359 5360 5316
f 5316 5360 5317
f 5360 5361 5317
f 5317 5361 5318
f 5361 5362 5318
f 5318 5362 5319
f 5362 5363 5319
f 5319 5363 5320
f 5363 5364 5320
f 5320 5364 5321
f 5364 5365 5321
f 5321 5365 5322
f 5365 5366 5322
f 5322 5366 5323
f 5366 5367 5323
f 5323 5367 5324
f 5367 5368 5324
f 5324 5368 5325
f 5368 5369 5325
f 5325 5369 5282
f 5369 5326 5282
f 5326 5370 5371
f 5326 5371 5327
f 5327 5371 5372
f 5327 5372 5328
f 5328 5372 5373
f 5328 5373 5329
f 5329 5373 5374
f 5329 5374 5330
f 5330 5374 5375
f 5330 5375 5331
f 5331 5375 5376
f 5331 5376 5332
f 5332 5376 5377
f 5332 5377 5333
f 5333 5377 5378
f 5333 5378 5334
f 5334 5378 5379
f 5334 5379 5335
f 5335 5379 5380
f 5335 5380 5336
f 5336 5380 5381
f 5336 5381 5337
f 5337 5381 5382
f 5337 5382 5338
f 5338 5382 5339
f 5382 5383 5339
f 5339 5383 5340
f 5383 5384 5340
f 5340 5384 5341
f 5384 5385 5341
f 5341 5385 5342
f 5385 5386 5342
f 5342 5386 5343
f 5386 5387 5343
f 5343 5387 5344
f 5387 5388 5344
f 5344 5388 5345
f 5388 5389 5345
f 5345 5389 5346
f 5389 5390 5346
f 5346 5390 5347
f 5390 5391 5347
f 5347 5391 5348
f 5391 5392 5348
f 5348 5392 5393
f 5348 5393 5349
f 5349 5393 5394
f 5349 5394 5350
f 5350 5394 5395
f 5350 5395 5351
f 5351 5395 5396
f 5351 5396 5352
f 5352 5396 5397
f 5352 5397 5353
f 5353 5397 5398
f 5353 5398 5354
f 5354 5398 5399
f 5354 5399 5355
f 5355 5399 5400
f 5355 5400 5356
f 5356 5400 5401
f 5356 5401 5357
f 5357 5401 5402
f 5357 5402 5358
f 5358 5402 5359
f 5402 5403 5359
f 5359 5403 5360
f 5403 5404 5360
f 5360 5404 5361
f 5404 5405 5361
f 5361 5405 5362
f 5405 5406 5362
f 5362 5406 5363
f 5406 5407 5363
f 5363 5407 5364
f 5407 5408 5364
f 5364 5408 5365
f 5408 5409 5365
f 5365 5409 5366
f 5409 5410 5366
f 5366 5410 5367
f 5410 5411 5367
f 5367 5411 5368
f 5411 5412 5368
f 5368 5412 5369
f 5412 5413 5369
f 5369 5413 5326
f 5413 5370 5326
f 5370 5414 5415
f 5370 5415 5371
f 5371 5415 5416
f 5371 5416 5372
f 5372 5416 5417
f 5372 5417 5373
f 5373 5417 5418
f 5373 5418 5374
f 5374 5418 5419
f 5374 5419 5375
f 5375 5419 5420
f 5375 5420 5376
f 5376 5420 5421
f 5376 5421 5377
f 5377 5421 5422
f 5377 5422 5378
f 5378 5422 5423
f 5378 5423 5379
f 5379 5423 5424
f 5379 5424 5380
f 5380 5424 5425
f 5380 5425 5381
f 5381 5425 5426
f 5381 5426 5382
f 5382 5426 5383
f 5426 5427 5383
f 5383 5427 5384
f 5427 5428 5384
f 5384 5428 5385
f 5428 5429 5385
f 5385 5429 5386
f 5429 5430 5386
f 5386 5430 5387
f 5430 5431 5387
f 5387 5431 5388
f 5431 5432 5388
f 5388 5432 5389
f 5432 5433 5389
f 5389 5433 5390
f 5433 5434 5390
f 5390 5434 5391
f 5434 5435 5391
f 5391 5435 5392
f 5435 5436 5392
f 5392 5436 5437
f 5392 5437 5393
f 5393 5437 5438
f 5393 5438 5394
f 5394 5438 5439
f 5394 5439 5395
f 5395 5439 5440
f 5395 5440 5396
f 5396 5440 5441
f 5396 5441 5397
f 5397 5441 5442
f 5397 5442 5398
f 5398 5442 5443
f 5398 5443 5399
f 5399 5443 5444
f 5399 5444 5400
f 5400 5444 5445
f 5400 5445 5401
f 5401 5445 5446
f 5401 5446 5402
f 5402 5446 5403
f 5446 5447 5403
f 5403 5447 5404
f 5447 5448 5404
f 5404 5448 5405
f 5448 5449 5405
f 5405 5449 5406
f 5449 5450 5406
f 5406 5450 5407
f 5450 5451 5407
f 5407 5451 5408
f 5451 5452 5408
f 5408 5452 5409
f 5452 5453 5409
f 5409 5453 5410
f 5453 5454 5410
f 5410 5454 5411
f 5454 5455 5411
f 5411 5455 5412
f 5455 5456 5412
f 5412 5456 5413
f 5456 5457 5413
f 5413 5457 5370
f 5457 5414 5370
f 5414 5458 5415
f 5416 5415 5459
f 5416 5459 5417
f 5417 5459 5460
f 5417 5460 5418
f 5418 5460 5461
f 5418 5461 5419
f 5419 5461 5462
f 5419 5462 5420
f 5420 5462 5463
f 5420 5463 5421
f 5421 5463 5464
f 5421 5464 5422
f 5422 5464 5465
f 5422 5465 5423
f 5423 5465 5466
f 5423 5466 5424
f 5424 5466 5467
f 5424 5467 5425
f 5425 5467 5468
f 5425 5468 5426
f 5426 5468 5427
f 5468 5469 5427
f 5427 5469 5428
f 5469 5470 5428
f 5428 5470 5429
f 5470 5471 5429
f 5429 5471 5430
f 5471 5472 5430
f 5430 5472 5431
f 5472 5473 5431
f 5431 5473 5432
f 5473 5474 5432
f 5432 5474 5433
f 5474 5475 5433
f 5433 5475 5434
f 5475 5476 5434
f 5434 5476 5435
f 5476 5477 5435
f 5435 5477 5436
f 5436 5478 5437
f 5437 5478 5479
f 5437 5479 5438
f 5438 5479 5480
f 5438 5480 5439
f 5439 5480 5481
f 5439 5481 5440
f 5440 5481 5482
f 5440 5482 5441
f 5441 5482 5483
f 5441 5483 5442
f 5442 5483 5484
f 5442 5484 5443
f 5443 5484 5485
f 5443 5485 5444
f 5444 5485 5486
f 5444 5486 5445
f 5445 5486 5487
f 5445 5487 5446
f 5446 5487 5447
f 5487 5488 5447
f 5447 5488 5448
f 5488 5489 5448
f 5448 5489 5449
f 5489 5490 5449
f 5449 5490 5450
f 5490 5491 5450
f 5450 5491 5451
f 5491 5492 5451
f 5451 5492 5452
f 5492 5493 5452
f 5452 5493 5453
f 5493 5494 5453
f 5453 5494 5454
f 5494 5495 5454
f 5454 5495 5455
f 5495 5496 5455
f 5455 5496 5456
f 5496 5457 5456
f 5457 5497 5414
f 5458 5414 5415
f 5415 5414 5498
f 5415 5498 5459
f 5459 5498 5499
f 5459 5499 5460
f 5460 5499 5500
f 5460 5500 5461
f 5461 5500 5501
f 5461 5501 5462
f 5462 5501 5502
f 5462 5502 5463
f 5463 5502 5503
f 5463 5503 5464
f 5464 5503 5504
f 5464 5504 5465
f 5465 5504 5505
f 5465 5505 5466
f 5466 5505 5506
f 5466 5506 5467
f 5467 5506 5507
f 5467 5507 5468
f 5468 5507 5469
f 5507 5508 5469
f 5469 5508 5470
f 5508 5509 5470
f 5470 5509 5471
f 5509 5510 5471
f 5471 5510 5472
f 5510 5511 5472
f 5472 5511 5473
f 5511 5512 5473
f 5473 5512 5474
f 5512 5513 5474
f 5474 5513 5475
f 5513 5514 5475
f 5475 5514 5476
f 5514 5515 5476
f 5476 5515 5477
f 5515 5516 5477
f 5477 5516 5436
f 5436 5516 5478
f 5478 5516 5515
f 5478 5515 5479
f 5479 5515 5514
f 5479 5514 5480
f 5480 5514 5513
f 5480 5513 5481
f 5481 5513 5512
f 5481 5512 5482
f 5482 5512 5511
f 5482 5511 5483
f 5483 5511 5510
f 5483 5510 5484
f 5484 5510 5509
f 5484 5509 5485
f 5485 5509 5508
f 5485 5508 5486
f 5486 5508 5507
f 5486 5507 5487
f 5487 5507 5488
f 5507 5506 5488
f 5488 5506 5489
f 5506 5505 5489
f 5489 5505 5490
f 5505 5504 5490
f 5490 5504 5491
f 5504 5503 5491
f 5491 5503 5492
f 5503 5502 5492
f 5492 5502 5493
f 5502 5501 5493
f 5493 5501 5494
f 5501 5500 5494
f 5494 5500 5495
f 5500 5499 5495
f 5495 5499 5496
f 5499 5498 5496
f 5496 5498 5457
f 5498 5414 5457
f 5457 5414 5497
f 5517 5518 5519
f 5518 5520 5519
f 5520 5521 5519
f 5521 5522 5519
f 5519 5522 5523
f 5519 5523 5524
f 5519 5524 5525
f 5519 5525 5526
f 5526 5527 5519
f 5527 5528 5519
f 5528 5529 5519
f 5529 5530 5519
f 5519 5530 5531
f 5519 5531 5532
f 5519 5532 5533
f 5519 5533 5517
f 5517 5534 5518
f 5534 5535 5518
f 5518 5535 5520
f 5535 5536 5520
f 5520 5536 5521
f 5536 5537 5521
f 5521 5537 5522
f 5537 5538 5522
f 5522 5538 5539
f 5522 5539 5523
f 5523 5539 5540
f 5523 5540 5524
f 5524 5540 5541
f 5524 5541 5525
f 5525 5541 5542
f 5525 5542 5526
f 5526 5542 5527
f 5542 5543 5527
f 5527 5543 5528
f 5543 5544 5528
f 5528 5544 5529
f 5544 5545 5529
f 5529 5545 5530
f 5545 5546 5530
f 5530 5546 5547
f 5530 5547 5531
f 5531 5547 5548
f 5531 5548 5532
f 5532 5548 5549
f 5532 5549 5533
f 5533 5549 5534
f 5533 5534 5517
f 5534 5550 5535
f 5550 5551 5535
f 5535 5551 5536
f 5551 5552 5536
f 5536 5552 5537
f 5552 5553 5537
f 5537 5553 5538
f 5553 5554 5538
f 5538 5554 5555
f 5538 5555 5539
f 5539 5555 5556
f 5539 5556 5540
f 5540 5556 5557
f 5540 5557 5541
f 5541 5557 5558
f 5541 5558 5542
f 5542 5558 5543
f 5558 5559 5543
f 5543 5559 5544
f 5559 5560 5544
f 5544 5560 5545
f 5560 5561 5545
f 5545 5561 5546
f 5561 5562 5546
f 5546 5562 5563
f 5546 5563 5547
f 5547 5563 5564
f 5547 5564 5548
f 5548 5564 5565
f 5548 5565 5549
f 5549 5565 5550
f 5549 5550 5534
f 5550 5566 5551
f 5566 5567 5551
f 5551 5567 5552
f 5567 5568 5552
f 5552 5568 5553
f 5568 5569 5553
f 5553 5569 5554
f 5569 5570 5554
f 5554 5570 5571
f 5554 5571 5555
f 5555 5571 5572
f 5555 5572 5556
f 5556 5572 5573
f 5556 5573 5557
f 5557 5573 5574
f 5557 5574 5558
f 5558 5574 5559
f 5574 5575 5559
f 5559 5575 5560
f 5575 5576 5560
f 5560 5576 5561
f 5576 5577 5561
f 5561 5577 5562
f 5577 5578 5562
f 5562 5578 5579
f 5562 5579 5563
f 5563 5579 5580
f 5563 5580 5564
f 5564 5580 5581
f 5564 5581 5565
f 5565 5581 5566
f 5565 5566 5550
f 5566 5582 5567
f 5582 5583 5567
f 5567 5583 5568
f 5583 5584 5568
f 5568 5584 5569
f 5584 5585 5569
f 5569 5585 5570
f 5585 5586 5570
f 5570 5586 5587
f 5570 5587 5571
f 5571 5587 5588
f 5571 5588 5572
f 5572 5588 5589
f 5572 5589 5573
f 5573 5589 5590
f 5573 5590 5574
f 5574 5590 5575
f 5590 5591 5575
f 5575 5591 5576
f 5591 5592 5576
f 5576 5592 5577
f 5592 5593 5577
f 5577 5593 5578
f 5593 5594 5578
f 5578 5594 5595
f 5578 5595 5579
f 5579 5595 5596
f 5579 5596 5580
f 5580 5596 5597
f 5580 5597 5581
f 5581 5597 5582
f 5581 5582 5566
f 5582 5598 5583
f 5598 5599 5583
f 5583 5599 5584
f 5599 5600 5584
f 5584 5600 5585
f 5600 5601 5585
f 5585 5601 5586
f 5601 5602 5586
f 5586 5602 5603
f 5586 5603 5587
f 5587 5603 5604
f 5587 5604 5588
f 5588 5604 5605
f 5588 5605 5589
f 5589 5605 5606
f 5589 5606 5590
f 5590 5606 5591
f 5606 5607 5591
f 5591 5607 5592
f 5607 5608 5592
f 5592 5608 5593
f 5608 5609 5593
f 5593 5609 5594
f 5609 5610 5594
f 5594 5610 5611
f 5594 5611 5595
f 5595 5611 5612
f 5595 5612 5596
f 5596 5612 5613
f 5596 5613 5597
f 5597 5613 5598
f 5597 5598 5582
f 5598 5614 5599
f 5614 5615 5599
f 5599 5615 5600
f 5615 5616 5600
f 5600 5616 5601
f 5616 5617 5601
f 5601 5617 5602
f 5617 5618 5602
f 5602 5618 5619
f 5602 5619 5603
f 5603 5619 5620
f 5603 5620 5604
f 5604 5620 5621
f 5604 5621 5605
f 5605 5621 5622
f 5605 5622 5606
f 5606 5622 5607
f 5622 5623 5607
f 5607 5623 5608
f 5623 5624 5608
f 5608 5624 5609
f 5624 5625 5609
f 5609 5625 5610
f 5625 5626 5610
f 5610 5626 5627
f 5610 5627 5611
f 5611 5627 5628
f 5611 5628 5612
f 5612 5628 5629
f 5612 5629 5613
f 5613 5629 5614
f 5613 5614 5598
f 5614 5630 5615
f 5630 5631 5615
f 5615 5631 5616
f 5631 5632 5616
f 5616 5632 5617
f 5632 5633 5617
f 5617 5633 5618
f 5633 5634 5618
f 5618 5634 5635
f 5618 5635 5619
f 5619 5635 5636
f 5619 5636 5620
f 5620 5636 5637
f 5620 5637 5621
f 5621 5637 5638
f 5621 5638 5622
f 5622 5638 5623
f 5638 5639 5623
f 5623 5639 5624
f 5639 5640 5624
f 5624 5640 5625
f 5640 5641 5625
f 5625 5641 5626
f 5641 5642 5626
f 5626 5642 5643
f 5626 5643 5627
f 5627 5643 5644
f 5627 5644 5628
f 5628 5644 5645
f 5628 5645 5629
f 5629 5645 5630
f 5629 5630 5614
f 5630 5646 5631
f 5646 5647 5631
f 5631 5647 5632
f 5647 5648 5632
f 5632 5648 5633
f 5648 5649 5633
f 5633 5649 5634
f 5649 5650 5634
f 5634 5650 5651
f 5634 5651 5635
f 5635 5651 5652
f 5635 5652 5636
f 5636 5652 5653
f 5636 5653 5637
f 5637 5653 5654
f 5637 5654 5638
f 5638 5654 5639
f 5654 5655 5639
f 5639 5655 5640
f 5655 5656 5640
f 5640 5656 5641
f 5656 5657 5641
f 5641 5657 5642
f 5657 5658 5642
f 5642 5658 5659
f 5642 5659 5643
f 5643 5659 5660
f 5643 5660 5644
f 5644 5660 5661
f 5644 5661 5645
f 5645 5661 5646
f 5645 5646 5630
f 5646 5662 5647
f 5662 5663 5647
f 5647 5663 5648
f 5663 5664 5648
f 5648 5664 5649
f 5664 5665 5649
f 5649 5665 5650
f 5665 5666 5650
f 5650 5666 5667
f 5650 5667 5651
f 5651 5667 5668
f 5651 5668 5652
f 5652 5668 5669
f 5652 5669 5653
f 5653 5669 5670
f 5653 5670 5654
f 5654 5670 5655
f 5670 5671 5655
f 5655 5671 5656
f 5671 5672 5656
f 5656 5672 5657
f 5672 5673 5657
f 5657 5673 5658
f 5673 5674 5658
f 5658 5674 5675
f 5658 5675 5659
f 5659 5675 5676
f 5659 5676 5660
f 5660 5676 5677
f 5660 5677 5661
f 5661 5677 5662
f 5661 5662 5646
f 5662 5678 5679
f 5662 5679 5663
f 5663 5679 5680
f 5663 5680 5664
f 5664 5680 5681
f 5664 5681 5665
f 5665 5681 5682
f 5665 5682 5666
f 5666 5682 5667
f 5682 5683 5667
f 5667 5683 5668
f 5683 5684 5668
f 5668 5684 5669
f 5684 5685 5669
f 5669 5685 5670
f 5685 5686 5670
f 5670 5686 5687
f 5670 5687 5671
f 5671 5687 5688
f 5671 5688 5672
f 5672 5688 5689
f 5672 5689 5673
f 5673 5689 5690
f 5673 5690 5674
f 5674 5690 5675
f 5690 5691 5675
f 5675 5691 5676
f 5691 5692 5676
f 5676 5692 5677
f 5692 5693 5677
f 5677 5693 5662
f 5693 5678 5662
f 5678 5694 5695
f 5678 5695 5679
f 5679 5695 5696
f 5679 5696 5680
f 5680 5696 5697
f 5680 5697 5681
f 5681 5697 5698
f 5681 5698 5682
f 5682 5698 5683
f 5698 5699 5683
f 5683 5699 5684
f 5699 5700 5684
f 5684 5700 5685
f 5700 5701 5685
f 5685 5701 5686
f 5701 5702 5686
f 5686 5702 5703
f 5686 5703 5687
f 5687 5703 5704
f 5687 5704 5688
f 5688 5704 5705
f 5688 5705 5689
f 5689 5705 5706
f 5689 5706 5690
f 5690 5706 5691
f 5706 5707 5691
f 5691 5707 5692
f 5707 5708 5692
f 5692 5708 5693
f 5708 5709 5693
f 5693 5709 5678
f 5709 5694 5678
f 5694 5710 5711
f 5694 5711 5695
f 5695 5711 5712
f 5695 5712 5696
f 5696 5712 5713
f 5696 5713 5697
f 5697 5713 5714
f 5697 5714 5698
f 5698 5714 5699
f 5714 5715 5699
f 5699 5715 5700
f 5715 5716 5700
f 5700 5716 5701
f 5716 5717 5701
f 5701 5717 5702
f 5717 5718 5702
f 5702 5718 5719
f 5702 5719 5703
f 5703 5719 5720
f 5703 5720 5704
f 5704 5720 5721
f 5704 5721 5705
f 5705 5721 5722
f 5705 5722 5706
f 5706 5722 5707
f 5722 5723 5707
f 5707 5723 5708
f 5723 5724 5708
f 5708 5724 5709
f 5724 5725 5709
f 5709 5725 5694
f 5725 5710 5694
f 5710 5726 5727
f 5710 5727 5711
f 5711 5727 5728
f 5711 5728 5712
f 5712 5728 5729
f 5712 5729 5713
f 5713 5729 5730
f 5713 5730 5714
f 5714 5730 5715
f 5730 5731 5715
f 5715 5731 5716
f 5731 5732 5716
f 5716 5732 5717
f 5732 5733 5717
f 5717 5733 5718
f 5733 5734 5718
f 5718 5734 5735
f 5718 5735 5719
f 5719 5735 5736
f 5719 5736 5720
f 5720 5736 5737
f 5720 5737 5721
f 5721 5737 5738
f 5721 5738 5722
f 5722 5738 5723
f 5738 5739 5723
f 5723 5739 5724
f 5739 5740 5724
f 5724 5740 5725
f 5740 5741 5725
f 5725 5741 5710
f 5741 5726 5710
f 5726 5742 5743
f 5726 5743 5727
f 5727 5743 5744
f 5727 5744 5728
f 5728 5744 5745
f 5728 5745 5729
f 5729 5745 5746
f 5729 5746 5730
f 5730 5746 5731
f 5746 5747 5731
f 5731 5747 5732
f 5747 5748 5732
f 5732 5748 5733
f 5748 5749 5733
f 5733 5749 5734
f 5749 5750 5734
f 5734 5750 5751
f 5734 5751 5735
f 5735 5751 5752
f 5735 5752 5736
f 5736 5752 5753
f 5736 5753 5737
f 5737 5753 5754
f 5737 5754 5738
f 5738 5754 5739
f 5754 5755 5739
f 5739 5755 5740
f 5755 5756 5740
f 5740 5756 5741
f 5756 5757 5741
f 5741 5757 5726
f 5757 5742 5726
f 5742 5758 5759
f 5742 5759 5743
f 5743 5759 5760
f 5743 5760 5744
f 5744 5760 5761
f 5744 5761 5745
f 5745 5761 5762
f 5745 5762 5746
f 5746 5762 5747
f 5762 5763 5747
f 5747 5763 5748
f 5763 5764 5748
f 5748 5764 5749
f 5764 5765 5749
f 5749 5765 5750
f 5765 5766 5750
f 5750 5766 5767
f 5750 5767 5751
f 5751 5767 5768
f 5751 5768 5752
f 5752 5768 5769
f 5752 5769 5753
f 5753 5769 5770
f 5753 5770 5754
f 5754 5770 5755
f 5770 5771 5755
f 5755 5771 5756
f 5771 5772 5756
f 5756 5772 5757
f 5772 5773 5757
f 5757 5773 5742
f 5773 5758 5742
f 5758 5774 5775
f 5758 5775 5759
f 5759 5775 5776
f 5759 5776 5760
f 5760 5776 5777
f 5760 5777 5761
f 5761 5777 5778
f 5761 5778 5762
f 5762 5778 5763
f 5778 5779 5763
f 5763 5779 5764
f 5779 5780 5764
f 5764 5780 5765
f 5780 5781 5765
f 5765 5781 5766
f 5781 5782 5766
f 5766 5782 5783
f 5766 5783 5767
f 5767 5783 5784
f 5767 5784 5768
f 5768 5784 5785
f 5768 5785 5769
f 5769 5785 5786
f 5769 5786 5770
f 5770 5786 5771
f 5786 5787 5771
f 5771 5787 5772
f 5787 5788 5772
f 5772 5788 5773
f 5788 5789 5773
f 5773 5789 5758
f 5789 5774 5758
f 5774 5790 5791
f 5774 5791 5775
f 5775 5791 5792
f 5775 5792 5776
f 5776 5792 5793
f 5776 5793 5777
f 5777 5793 5794
f 5777 5794 5778
f 5778 5794 5779
f 5794 5795 5779
f 5779 5795 5780
f 5795 5796 5780
f 5780 5796 5781
f 5796 5797 5781
f 5781 5797 5782
f 5797 5798 5782
f 5782 5798 5799
f 5782 5799 5783
f 5783 5799 5800
f 5783 5800 5784
f 5784 5800 5801
f 5784 5801 5785
f 5785 5801 5802
f 5785 5802 5786
f 5786 5802 5787
f 5802 5803 5787
f 5787 5803 5788
f 5803 5804 5788
f 5788 5804 5789
f 5804 5805 5789
f 5789 5805 5774
f 5805 5790 5774
f 5790 5806 5807
f 5790 5807 5791
f 5791 5807 5808
f 5791 5808 5792
f 5792 5808 5809
f 5792 5809 5793
f 5793 5809 5810
f 5793 5810 5794
f 5794 5810 5795
f 5810 5811 5795
f 5795 5811 5796
f 5811 5812 5796
f 5796 5812 5797
f 5812 5813 5797
f 5797 5813 5798
f 5813 5814 5798
f 5798 5814 5815
f 5798 5815 5799
f 5799 5815 5816
f 5799 5816 5800
f 5800 5816 5817
f 5800 5817 5801
f 5801 5817 5818
f 5801 5818 5802
f 5802 5818 5803
f 5818 5819 5803
f 5803 5819 5804
f 5819 5820 5804
f 5804 5820 5805
f 5820 5821 5805
f 5805 5821 5790
f 5821 5806 5790
f 5806 5822 5807
f 5807 5822 5808
f 5808 5822 5809
f 5809 5822 5810
f 5810 5822 5811
f 5811 5822 5812
f 5812 5822 5813
f 5813 5822 5814
f 5814 5822 5815
f 5815 5822 5816
f 5816 5822 5817
f 5817 5822 5818
f 5818 5822 5819
f 5819 5822 5820
f 5820 5822 5821
f 5821 5822 5806
f 5823 5824 5825
f 5825 5824 5826
f 5826 5824 5827
f 5827 5824 5828
f 5824 5829 5828
f 5824 5830 5829
f 5824 5831 5830
f 5824 5832 5831
f 5832 5824 5833
f 5833 5824 5834
f 5834 5824 5835
f 5835 5824 5836
f 5824 5837 5836
f 5824 5838 5837
f 5824 5839 5838
f 5824 5823 5839
f 5823 5825 5840
f 5840 5825 5841
f 5825 5826 5841
f 5841 5826 5842
f 5826 5827 5842
f 5842 5827 5843
f 5827 5828 5843
f 5843 5828 5844
f 5828 5845 5844
f 5828 5829 5845
f 5829 5846 5845
f 5829 5830 5846
f 5830 5847 5846
f 5830 5831 5847
f 5831 5848 5847
f 5831 5832 5848
f 5832 5833 5848
f 5848 5833 5849
f 5833 5834 5849
f 5849 5834 5850
f 5834 5835 5850
f 5850 5835 5851
f 5835 5836 5851
f 5851 5836 5852
f 5836 5853 5852
f 5836 5837 5853
f 5837 5854 5853
f 5837 5838 5854
f 5838 5855 5854
f 5838 5839 5855
f 5839 5840 5855
f 5839 5823 5840
f 5840 5841 5856
f 5856 5841 5857
f 5841 5842 5857
f 5857 5842 5858
f 5842 5843 5858
f 5858 5843 5859
f 5843 5844 5859
f 5859 5844 5860
f 5844 5861 5860
f 5844 5845 5861
f 5845 5862 5861
f 5845 5846 5862
f 5846 5863 5862
f 5846 5847 5863
f 5847 5864 5863
f 5847 5848 5864
f 5848 5849 5864
f 5864 5849 5865
f 5849 5850 5865
f 5865 5850 5866
f 5850 5851 5866
f 5866 5851 5867
f 5851 5852 5867
f 5867 5852 5868
f 5852 5869 5868
f 5852 5853 5869
f 5853 5870 5869
f 5853 5854 5870
f 5854 5871 5870
f 5854 5855 5871
f 5855 5856 5871
f 5855 5840 5856
f 5856 5857 5872
f 5872 5857 5873
f 5857 5858 5873
f 5873 5858 5874
f 5858 5859 5874
f 5874 5859 5875
f 5859 5860 5875
f 5875 5860 5876
f 5860 5877 5876
f 5860 5861 5877
f 5861 5878 5877
f 5861 5862 5878
f 5862 5879 5878
f 5862 5863 5879
f 5863 5880 5879
f 5863 5864 5880
f 5864 5865 5880
f 5880 5865 5881
f 5865 5866 5881
f 5881 5866 5882
f 5866 5867 5882
f 5882 5867 5883
f 5867 5868 5883
f 5883 5868 5884
f 5868 5885 5884
f 5868 5869 5885
f 5869 5886 5885
f 5869 5870 5886
f 5870 5887 5886
f 5870 5871 5887
f 5871 5872 5887
f 5871 5856 5872
f 5872 5873 5888
f 5888 5873 5889
f 5873 5874 5889
f 5889 5874 5890
f 5874 5875 5890
f 5890 5875 5891
f 5875 5876 5891
f 5891 5876 5892
f 5876 5893 5892
f 5876 5877 5893
f 5877 5894 5893
f 5877 5878 5894
f 5878 5895 5894
f 5878 5879 5895
f 5879 5896 5895
f 5879 5880 5896
f 5880 5881 5896
f 5896 5881 5897
f 5881 5882 5897
f 5897 5882 5898
f 5882 5883 5898
f 5898 5883 5899
f 5883 5884 5899
f 5899 5884 5900
f 5884 5901 5900
f 5884 5885 5901
f 5885 5902 5901
f 5885 5886 5902
f 5886 5903 5902
f 5886 5887 5903
f 5887 5888 5903
f 5887 5872 5888
f 5888 5889 5904
f 5904 5889 5905
f 5889 5890 5905
f 5905 5890 5906
f 5890 5891 5906
f 5906 5891 5907
f 5891 5892 5907
f 5907 5892 5908
f 5892 5909 5908
f 5892 5893 5909
f 5893 5910 5909
f 5893 5894 5910
f 5894 5911 5910
f 5894 5895 5911
f 5895 5912 5911
f 5895 5896 5912
f 5896 5897 5912
f 5912 5897 5913
f 5897 5898 5913
f 5913 5898 5914
f 5898 5899 5914
f 5914 5899 5915
f 5899 5900 5915
f 5915 5900 5916
f 5900 5917 5916
f 5900 5901 5917
f 5901 5918 5917
f 5901 5902 5918
f 5902 5919 5918
f 5902 5903 5919
f 5903 5904 5919
f 5903 5888 5904
f 5904 5905 5920
f 5920 5905 5921
f 5905 5906 5921
f 5921 5906 5922
f 5906 5907 5922
f 5922 5907 5923
f 5907 5908 5923
f 5923 5908 5924
f 5908 5925 5924
f 5908 5909 5925
f 5909 5926 5925
f 5909 5910 5926
f 5910 5927 5926
f 5910 5911 5927
f 5911 5928 5927
f 5911 5912 5928
f 5912 5913 5928
f 5928 5913 5929
f 5913 5914 5929
f 5929 5914 5930
f 5914 5915 5930
f 5930 5915 5931
f 5915 5916 5931
f 5931 5916 5932
f 5916 5933 5932
f 5916 5917 5933
f 5917 5934 5933
f 5917 5918 5934
f 5918 5935 5934
f 5918 5919 5935
f 5919 5920 5935
f 5919 5904 5920
f 5920 5921 5936
f 5936 5921 5937
f 5921 5922 5937
f 5937 5922 5938
f 5922 5923 5938
f 5938 5923 5939
f 5923 5924 5939
f 5939 5924 5940
f 5924 5941 5940
f 5924 5925 5941
f 5925 5942 5941
f 5925 5926 5942
f 5926 5943 5942
f 5926 5927 5943
f 5927 5944 5943
f 5927 5928 5944
f 5928 5929 5944
f 5944 5929 5945
f 5929 5930 5945
f 5945 5930 5946
f 5930 5931 5946
f 5946 5931 5947
f 5931 5932 5947
f 5947 5932 5948
f 5932 5949 5948
f 5932 5933 5949
f 5933 5950 5949
f 5933 5934 5950
f 5934 5951 5950
f 5934 5935 5951
f 5935 5936 5951
f 5935 5920 5936
f 5936 5937 5952
f 5952 5937 5953
f 5937 5938 5953
f 5953 5938 5954
f 5938 5939 5954
f 5954 5939 5955
f 5939 5940 5955
f 5955 5940 5956
f 5940 5957 5956
f 5940 5941 5957
f 5941 5958 5957
f 5941 5942 5958
f 5942 5959 5958
f 5942 5943 5959
f 5943 5960 5959
f 5943 5944 5960
f 5944 5945 5960
f 5960 5945 5961
f 5945 5946 5961
f 5961 5946 5962
f 5946 5947 5962
f 5962 5947 5963
f 5947 5948 5963
f 5963 5948 5964
f 5948 5965 5964
f 5948 5949 5965
f 5949 5966 5965
f 5949 5950 5966
f 5950 5967 5966
f 5950 5951 5967
f 5951 5952 5967
f 5951 5936 5952
f 5952 5953 5968
f 5968 5953 5969
f 5953 5954 5969
f 5969 5954 5970
f 5954 5955 5970
f 5970 5955 5971
f 5955 5956 5971
f 5971 5956 5972
f 5956 5973 5972
f 5956 5957 5973
f 5957 5974 5973
f 5957 5958 5974
f 5958 5975 5974
f 5958 5959 5975
f 5959 5976 5975
f 5959 5960 5976
f 5960 5961 5976
f 5976 5961 5977
f 5961 5962 5977
f 5977 5962 5978
f 5962 5963 5978
f 5978 5963 5979
f 5963 5964 5979
f 5979 5964 5980
f 5964 5981 5980
f 5964 5965 5981
f 5965 5982 5981
f 5965 5966 5982
f 5966 5983 5982
f 5966 5967 5983
f 5967 5968 5983
f 5967 5952 5968
f 5968 5984 5985
f 5968 5969 5984
f 5969 5986 5984
f 5969 5970 5986
f 5970 5987 5986
f 5970 5971 5987
f 5971 5988 5987
f 5971 5972 5988
f 5972 5973 5988
f 5988 5973 5989
f 5973 5974 5989
f 5989 5974 5990
f 5974 5975 5990
f 5990 5975 5991
f 5975 5976 5991
f 5991 5976 5992
f 5976 5993 5992
f 5976 5977 5993
f 5977 5994 5993
f 5977 5978 5994
f 5978 5995 5994
f 5978 5979 5995
f 5979 5996 5995
f 5979 5980 5996
f 5980 5981 5996
f 5996 5981 5997
f 5981 5982 5997
f 5997 5982 5998
f 5982 5983 5998
f 5998 5983 5999
f 5983 5968 5999
f 5999 5968 5985
f 5985 6000 6001
f 5985 5984 6000
f 5984 6002 6000
f 5984 5986 6002
f 5986 6003 6002
f 5986 5987 6003
f 5987 6004 6003
f 5987 5988 6004
f 5988 5989 6004
f 6004 5989 6005
f 5989 5990 6005
f 6005 5990 6006
f 5990 5991 6006
f 6006 5991 6007
f 5991 5992 6007
f 6007 5992 6008
f 5992 6009 6008
f 5992 5993 6009
f 5993 6010 6009
f 5993 5994 6010
f 5994 6011 6010
f 5994 5995 6011
f 5995 6012 6011
f 5995 5996 6012
f 5996 5997 6012
f 6012 5997 6013
f 5997 5998 6013
f 6013 5998 6014
f 5998 5999 6014
f 6014 5999 6015
f 5999 5985 6015
f 6015 5985 6001
f 6001 6016 6017
f 6001 6000 6016
f 6000 6018 6016
f 6000 6002 6018
f 6002 6019 6018
f 6002 6003 6019
f 6003 6020 6019
f 6003 6004 6020
f 6004 6005 6020
f 6020 6005 6021
f 6005 6006 6021
f 6021 6006 6022
f 6006 6007 6022
f 6022 6007 6023
f 6007 6008 6023
f 6023 6008 6024
f 6008 6025 6024
f 6008 6009 6025
f 6009 6026 6025
f 6009 6010 6026
f 6010 6027 6026
f 6010 6011 6027
f 6011 6028 6027
f 6011 6012 6028
f 6012 6013 6028
f 6028 6013 6029
f 6013 6014 6029
f 6029 6014 6030
f 6014 6015 6030
f 6030 6015 6031
f 6015 6001 6031
f 6031 6001 6017
f 6017 6032 6033
f 6017 6016 6032
f 6016 6034 6032
f 6016 6018 6034
f 6018 6035 6034
f 6018 6019 6035
f 6019 6036 6035
f 6019 6020 6036
f 6020 6021 6036
f 6036 6021 6037
f 6021 6022 6037
f 6037 6022 6038
f 6022 6023 6038
f 6038 6023 6039
f 6023 6024 6039
f 6039 6024 6040
f 6024 6041 6040
f 6024 6025 6041
f 6025 6042 6041
f 6025 6026 6042
f 6026 6043 6042
f 6026 6027 6043
f 6027 6044 6043
f 6027 6028 6044
f 6028 6029 6044
f 6044 6029 6045
f 6029 6030 6045
f 6045 6030 6046
f 6030 6031 6046
f 6046 6031 6047
f 6031 6017 6047
f 6047 6017 6033
f 6033 6048 6049
f 6033 6032 6048
f 6032 6050 6048
f 6032 6034 6050
f 6034 6051 6050
f 6034 6035 6051
f 6035 6052 6051
f 6035 6036 6052
f 6036 6037 6052
f 6052 6037 6053
f 6037 6038 6053
f 6053 6038 6054
f 6038 6039 6054
f 6054 6039 6055
f 6039 6040 6055
f 6055 6040 6056
f 6040 6057 6056
f 6040 6041 6057
f 6041 6058 6057
f 6041 6042 6058
f 6042 6059 6058
f 6042 6043 6059
f 6043 6060 6059
f 6043 6044 6060
f 6044 6045 6060
f 6060 6045 6061
f 6045 6046 6061
f 6061 6046 6062
f 6046 6047 6062
f 6062 6047 6063
f 6047 6033 6063
f 6063 6033 6049
f 6049 6064 6065
f 6049 6048 6064
f 6048 6066 6064
f 6048 6050 6066
f 6050 6067 6066
f 6050 6051 6067
f 6051 6068 6067
f 6051 6052 6068
f 6052 6053 6068
f 6068 6053 6069
f 6053 6054 6069
f 6069 6054 6070
f 6054 6055 6070
f 6070 6055 6071
f 6055 6056 6071
f 6071 6056 6072
f 6056 6073 6072
f 6056 6057 6073
f 6057 6074 6073
f 6057 6058 6074
f 6058 6075 6074
f 6058 6059 6075
f 6059 6076 6075
f 6059 6060 6076
f 6060 6061 6076
f 6076 6061 6077
f 6061 6062 6077
f 6077 6062 6078
f 6062 6063 6078
f 6078 6063 6079
f 6063 6049 6079
f 6079 6049 6065
f 6065 6080 6081
f 6065 6064 6080
f 6064 6082 6080
f 6064 6066 6082
f 6066 6083 6082
f 6066 6067 6083
f 6067 6084 6083
f 6067 6068 6084
f 6068 6069 6084
f 6084 6069 6085
f 6069 6070 6085
f 6085 6070 6086
f 6070 6071 6086
f 6086 6071 6087
f 6071 6072 6087
f 6087 6072 6088
f 6072 6089 6088
f 6072 6073 6089
f 6073 6090 6089
f 6073 6074 6090
f 6074 6091 6090
f 6074 6075 6091
f 6075 6092 6091
f 6075 6076 6092
f 6076 6077 6092
f 6092 6077 6093
f 6077 6078 6093
f 6093 6078 6094
f 6078 6079 6094
f 6094 6079 6095
f 6079 6065 6095
f 6095 6065 6081
f 6081 6096 6097
f 6081 6080 6096
f 6080 6098 6096
f 6080 6082 6098
f 6082 6099 6098
f 6082 6083 6099
f 6083 6100 6099
f 6083 6084 6100
f 6084 6085 6100
f 6100 6085 6101
f 6085 6086 6101
f 6101 6086 6102
f 6086 6087 6102
f 6102 6087 6103
f 6087 6088 6103
f 6103 6088 6104
f 6088 6105 6104
f 6088 6089 6105
f 6089 6106 6105
f 6089 6090 6106
f 6090 6107 6106
f 6090 6091 6107
f 6091 6108 6107
f 6091 6092 6108
f 6092 6093 6108
f 6108 6093 6109
f 6093 6094 6109
f 6109 6094 6110
f 6094 6095 6110
f 6110 6095 6111
f 6095 6081 6111
f 6111 6081 6097
f 6097 6112 6113
f 6097 6096 6112
f 6096 6114 6112
f 6096 6098 6114
f 6098 6115 6114
f 6098 6099 6115
f 6099 6116 6115
f 6099 6100 6116
f 6100 6101 6116
f 6116 6101 6117
f 6101 6102 6117
f 6117 6102 6118
f 6102 6103 6118
f 6118 6103 6119
f 6103 6104 6119
f 6119 6104 6120
f 6104 6121 6120
f 6104 6105 6121
f 6105 6122 6121
f 6105 6106 6122
f 6106 6123 6122
f 6106 6107 6123
f 6107 6124 6123
f 6107 6108 6124
f 6108 6109 6124
f 6124 6109 6125
f 6109 6110 6125
f 6125 6110 6126
f 6110 6111 6126
f 6126 6111 6127
f 6111 6097 6127
f 6127 6097 6113
f 6113 6112 6128
f 6112 6114 6128
f 6114 6115 6128
f 6115 6116 6128
f 6116 6117 6128
f 6117 6118 6128
f 6118 6119 6128
f 6119 6120 6128
f 6120 6121 6128
f 6121 6122 6128
f 6122 6123 6128
f 6123 6124 6128
f 6124 6125 6128
f 6125 6126 6128
f 6126 6127 6128
f 6127 6113 6128
f 6129 6130 6131
f 6130 6132 6131
f 6131 6132 6133
f 6132 6134 6133
f 6133 6134 6135
f 6134 6136 6135
f 6135 6136 6137
f 6136 6138 6137
f 6137 6138 6139
f 6138 6140 6139
f 6139 6140 6141
f 6140 6142 6141
f 6141 6142 6143
f 6142 6144 6143
f 6143 6144 6145
f 6144 6146 6145
f 6144 6147 6146
f 6147 6148 6146
f 6147 6149 6148
f 6149 6150 6148
f 6149 6151 6150
f 6151 6152 6150
f 6151 6153 6152
f 6153 6154 6152
f 6153 6155 6154
f 6155 6156 6154
f 6155 6157 6156
f 6157 6158 6156
f 6157 6159 6158
f 6159 6160 6158
f 6160 6159 6161
f 6159 6157 6161
f 6161 6157 6162
f 6157 6155 6162
f 6162 6155 6163
f 6155 6153 6163
f 6163 6153 6164
f 6153 6151 6164
f 6164 6151 6165
f 6151 6149 6165
f 6165 6149 6166
f 6149 6147 6166
f 6166 6147 6167
f 6147 6144 6167
f 6167 6144 6168
f 6144 6169 6168
f 6144 6142 6169
f 6142 6170 6169
f 6142 6140 6170
f 6140 6171 6170
f 6140 6138 6171
f 6138 6172 6171
f 6138 6136 6172
f 6136 6173 6172
f 6136 6134 6173
f 6134 6174 6173
f 6134 6132 6174
f 6132 6175 6174
f 6132 6130 6175
f 6130 6129 6175
f 6129 6131 6176
f 6131 6133 6176
f 6176 6133 6177
f 6133 6135 6177
f 6177 6135 6178
f 6135 6137 6178
f 6178 6137 6179
f 6137 6139 6179
f 6179 6139 6180
f 6139 6141 6180
f 6180 6141 6181
f 6141 6143 6181
f 6181 6143 6182
f 6143 6145 6182
f 6182 6145 6183
f 6145 6184 6183
f 6145 6146 6184
f 6146 6185 6184
f 6146 6148 6185
f 6148 6186 6185
f 6148 6150 6186
f 6150 6187 6186
f 6150 6152 6187
f 6152 6188 6187
f 6152 6154 6188
f 6154 6189 6188
f 6154 6156 6189
f 6156 6190 6189
f 6156 6158 6190
f 6158 6160 6190
f 6160 6161 6191
f 6161 6162 6191
f 6191 6162 6192
f 6162 6163 6192
f 6192 6163 6193
f 6163 6164 6193
f 6193 6164 6194
f 6164 6165 6194
f 6194 6165 6195
f 6165 6166 6195
f 6195 6166 6196
f 6166 6167 6196
f 6196 6167 6197
f 6167 6168 6197
f 6197 6168 6198
f 6168 6199 6198
f 6168 6169 6199
f 6169 6200 6199
f 6169 6170 6200
f 6170 6201 6200
f 6170 6171 6201
f 6171 6202 6201
f 6171 6172 6202
f 6172 6203 6202
f 6172 6173 6203
f 6173 6204 6203
f 6173 6174 6204
f 6174 6205 6204
f 6174 6175 6205
f 6175 6129 6205
f 6129 6176 6206
f 6206 6176 6207
f 6176 6177 6207
f 6207 6177 6208
f 6177 6178 6208
f 6208 6178 6209
f 6178 6179 6209
f 6209 6179 6210
f 6179 6180 6210
f 6210 6180 6211
f 6180 6181 6211
f 6211 6181 6212
f 6181 6182 6212
f 6212 6182 6213
f 6182 6183 6213
f 6213 6183 6214
f 6183 6215 6214
f 6183 6184 6215
f 6184 6216 6215
f 6184 6185 6216
f 6185 6217 6216
f 6185 6186 6217
f 6186 6218 6217
f 6186 6187 6218
f 6187 6219 6218
f 6187 6188 6219
f 6188 6220 6219
f 6188 6189 6220
f 6189 6221 6220
f 6189 6190 6221
f 6190 6222 6221
f 6190 6160 6222
f 6160 6191 6222
f 6222 6191 6223
f 6191 6192 6223
f 6223 6192 6224
f 6192 6193 6224
f 6224 6193 6225
f 6193 6194 6225
f 6225 6194 6226
f 6194 6195 6226
f 6226 6195 6227
f 6195 6196 6227
f 6227 6196 6228
f 6196 6197 6228
f 6228 6197 6229
f 6197 6198 6229
f 6229 6198 6230
f 6198 6231 6230
f 6198 6199 6231
f 6199 6232 6231
f 6199 6200 6232
f 6200 6233 6232
f 6200 6201 6233
f 6201 6234 6233
f 6201 6202 6234
f 6202 6235 6234
f 6202 6203 6235
f 6203 6236 6235
f 6203 6204 6236
f 6204 6237 6236
f 6204 6205 6237
f 6205 6206 6237
f 6205 6129 6206
f 6206 6207 6238
f 6238 6207 6239
f 6207 6208 6239
f 6239 6208 6240
f 6208 6209 6240
f 6240 6209 6241
f 6209 6210 6241
f 6241 6210 6242
f 6210 6211 6242
f 6242 6211 6243
f 6211 6212 6243
f 6243 6212 6244
f 6212 6213 6244
f 6244 6213 6245
f 6213 6214 6245
f 6245 6214 6246
f 6214 6247 6246
f 6214 6215 6247
f 6215 6248 6247
f 6215 6216 6248
f 6216 6249 6248
f 6216 6217 6249
f 6217 6250 6249
f 6217 6218 6250
f 6218 6251 6250
f 6218 6219 6251
f 6219 6252 6251
f 6219 6220 6252
f 6220 6253 6252
f 6220 6221 6253
f 6221 6254 6253
f 6221 6222 6254
f 6222 6223 6254
f 6254 6223 6255
f 6223 6224 6255
f 6255 6224 6256
f 6224 6225 6256
f 6256 6225 6257
f 6225 6226 6257
f 6257 6226 6258
f 6226 6227 6258
f 6258 6227 6259
f 6227 6228 6259
f 6259 6228 6260
f 6228 6229 6260
f 6260 6229 6261
f 6229 6230 6261
f 6261 6230 6262
f 6230 6263 6262
f 6230 6231 6263
f 6231 6264 6263
f 6231 6232 6264
f 6232 6265 6264
f 6232 6233 6265
f 6233 6266 6265
f 6233 6234 6266
f 6234 6267 6266
f 6234 6235 6267
f 6235 6268 6267
f 6235 6236 6268
f 6236 6269 6268
f 6236 6237 6269
f 6237 6238 6269
f 6237 6206 6238
f 6238 6239 6270
f 6270 6239 6271
f 6239 6240 6271
f 6271 6240 6272
f 6240 6241 6272
f 6272 6241 6273
f 6241 6242 6273
f 6273 6242 6274
f 6242 6243 6274
f 6274 6243 6275
f 6243 6244 6275
f 6275 6244 6276
f 6244 6245 6276
f 6276 6245 6277
f 6245 6246 6277
f 6277 6246 6278
f 6246 6279 6278
f 6246 6247 6279
f 6247 6280 6279
f 6247 6248 6280
f 6248 6281 6280
f 6248 6249 6281
f 6249 6282 6281
f 6249 6250 6282
f 6250 6283 6282
f 6250 6251 6283
f 6251 6284 6283
f 6251 6252 6284
f 6252 6285 6284
f 6252 6253 6285
f 6253 6286 6285
f 6253 6254 6286
f 6254 6255 6286
f 6286 6255 6287
f 6255 6256 6287
f 6287 6256 6288
f 6256 6257 6288
f 6288 6257 6289
f 6257 6258 6289
f 6289 6258 6290
f 6258 6259 6290
f 6290 6259 6291
f 6259 6260 6291
f 6291 6260 6292
f 6260 6261 6292
f 6292 6261 6293
f 6261 6262 6293
f 6293 6262 6294
f 6262 6295 6294
f 6262 6263 6295
f 6263 6296 6295
f 6263 6264 6296
f 6264 6297 6296
f 6264 6265 6297
f 6265 6298 6297
f 6265 6266 6298
f 6266 6299 6298
f 6266 6267 6299
f 6267 6300 6299
f 6267 6268 6300
f 6268 6301 6300
f 6268 6269 6301
f 6269 6270 6301
f 6269 6238 6270
f 6270 6302 6303
f 6270 6271 6302
f 6271 6304 6302
f 6271 6272 6304
f 6272 6305 6304
f 6272 6273 6305
f 6273 6306 6305
f 6273 6274 6306
f 6274 6307 6306
f 6274 6275 6307
f 6275 6308 6307
f 6275 6276 6308
f 6276 6309 6308
f 6276 6277 6309
f 6277 6310 6309
f 6277 6278 6310
f 6278 6279 6310
f 6310 6279 6311
f 6279 6280 6311
f 6311 6280 6312
f 6280 6281 6312
f 6312 6281 6313
f 6281 6282 6313
f 6313 6282 6314
f 6282 6283 6314
f 6314 6283 6315
f 6283 6284 6315
f 6315 6284 6316
f 6284 6285 6316
f 6316 6285 6317
f 6285 6286 6317
f 6317 6286 6318
f 6286 6319 6318
f 6286 6287 6319
f 6287 6320 6319
f 6287 6288 6320
f 6288 6321 6320
f 6288 6289 6321
f 6289 6322 6321
f 6289 6290 6322
f 6290 6323 6322
f 6290 6291 6323
f 6291 6324 6323
f 6291 6292 6324
f 6292 6325 6324
f 6292 6293 6325
f 6293 6326 6325
f 6293 6294 6326
f 6294 6295 6326
f 6326 6295 6327
f 6295 6296 6327
f 6327 6296 6328
f 6296 6297 6328
f 6328 6297 6329
f 6297 6298 6329
f 6329 6298 6330
f 6298 6299 6330
f 6330 6299 6331
f 6299 6300 6331
f 6331 6300 6332
f 6300 6301 6332
f 6332 6301 6333
f 6301 6270 6333
f 6333 6270 6303
f 6303 6334 6335
f 6303 6302 6334
f 6302 6336 6334
f 6302 6304 6336
f 6304 6337 6336
f 6304 6305 6337
f 6305 6338 6337
f 6305 6306 6338
f 6306 6339 6338
f 6306 6307 6339
f 6307 6340 6339
f 6307 6308 6340
f 6308 6341 6340
f 6308 6309 6341
f 6309 6342 6341
f 6309 6310 6342
f 6310 6311 6342
f 6342 6311 6343
f 6311 6312 6343
f 6343 6312 6344
f 6312 6313 6344
f 6344 6313 6345
f 6313 6314 6345
f 6345 6314 6346
f 6314 6315 6346
f 6346 6315 6347
f 6315 6316 6347
f 6347 6316 6348
f 6316 6317 6348
f 6348 6317 6349
f 6317 6318 6349
f 6349 6318 6350
f 6318 6351 6350
f 6318 6319 6351
f 6319 6352 6351
f 6319 6320 6352
f 6320 6353 6352
f 6320 6321 6353
f 6321 6354 6353
f 6321 6322 6354
f 6322 6355 6354
f 6322 6323 6355
f 6323 6356 6355
f 6323 6324 6356
f 6324 6357 6356
f 6324 6325 6357
f 6325 6358 6357
f 6325 6326 6358
f 6326 6327 6358
f 6358 6327 6359
f 6327 6328 6359
f 6359 6328 6360
f 6328 6329 6360
f 6360 6329 6361
f 6329 6330 6361
f 6361 6330 6362
f 6330 6331 6362
f 6362 6331 6363
f 6331 6332 6363
f 6363 6332 6364
f 6332 6333 6364
f 6364 6333 6365
f 6333 6303 6365
f 6365 6303 6335
f 6335 6334 6366
f 6334 6367 6366
f 6334 6336 6367
f 6336 6368 6367
f 6336 6337 6368
f 6337 6369 6368
f 6337 6338 6369
f 6338 6370 6369
f 6338 6339 6370
f 6339 6371 6370
f 6339 6340 6371
f 6340 6372 6371
f 6340 6341 6372
f 6341 6373 6372
f 6341 6342 6373
f 6342 6343 6373
f 6373 6343 6374
f 6343 6344 6374
f 6374 6344 6375
f 6344 6345 6375
f 6375 6345 6376
f 6345 6346 6376
f 6376 6346 6377
f 6346 6347 6377
f 6377 6347 6378
f 6347 6348 6378
f 6378 6348 6379
f 6348 6349 6379
f 6379 6349 6380
f 6349 6350 6380
f 6350 6351 6381
f 6351 6382 6381
f 6351 6352 6382
f 6352 6383 6382
f 6352 6353 6383
f 6353 6384 6383
f 6353 6354 6384
f 6354 6385 6384
f 6354 6355 6385
f 6355 6386 6385
f 6355 6356 6386
f 6356 6387 6386
f 6356 6357 6387
f 6357 6388 6387
f 6357 6358 6388
f 6358 6359 6388
f 6388 6359 6389
f 6359 6360 6389
f 6389 6360 6390
f 6360 6361 6390
f 6390 6361 6391
f 6361 6362 6391
f 6391 6362 6392
f 6362 6363 6392
f 6392 6363 6393
f 6363 6364 6393
f 6393 6364 6394
f 6364 6365 6394
f 6394 6365 6395
f 6365 6335 6395
f 6335 6366 6396
f 6366 6397 6396
f 6366 6367 6397
f 6367 6398 6397
f 6367 6368 6398
f 6368 6399 6398
f 6368 6369 6399
f 6369 6400 6399
f 6369 6370 6400
f 6370 6401 6400
f 6370 6371 6401
f 6371 6402 6401
f 6371 6372 6402
f 6372 6403 6402
f 6372 6373 6403
f 6373 6374 6403
f 6403 6374 6404
f 6374 6375 6404
f 6404 6375 6405
f 6375 6376 6405
f 6405 6376 6406
f 6376 6377 6406
f 6406 6377 6407
f 6377 6378 6407
f 6407 6378 6408
f 6378 6379 6408
f 6408 6379 6409
f 6379 6380 6409
f 6409 6380 6410
f 6380 6350 6410
f 6350 6381 6410
f 6381 6409 6410
f 6381 6382 6409
f 6382 6408 6409
f 6382 6383 6408
f 6383 6407 6408
f 6383 6384 6407
f 6384 6406 6407
f 6384 6385 6406
f 6385 6405 6406
f 6385 6386 6405
f 6386 6404 6405
f 6386 6387 6404
f 6387 6403 6404
f 6387 6388 6403
f 6388 6389 6403
f 6403 6389 6402
f 6389 6390 6402
f 6402 6390 6401
f 6390 6391 6401
f 6401 6391 6400
f 6391 6392 6400
f 6400 6392 6399
f 6392 6393 6399
f 6399 6393 6398
f 6393 6394 6398
f 6398 6394 6397
f 6394 6395 6397
f 6397 6395 6396
f 6395 6335 6396
f 6411 6412 6413
f 6413 6412 6414
f 6412 6415 6414
f 6414 6415 6416
f 6415 6417 6416
f 6416 6417 6418
f 6417 6419 6418
f 6418 6419 6420
f 6419 6421 6420
f 6420 6421 6422
f 6421 6423 6422
f 6422 6423 6424
f 6423 6425 6424
f 6424 6425 6426
f 6425 6427 6426
f 6426 6427 6428
f 6426 6428 6429
f 6429 6428 6430
f 6429 6430 6431
f 6431 6430 6432
f 6431 6432 6433
f 6433 6432 6434
f 6433 6434 6435
f 6435 6434 6436
f 6435 6436 6437
f 6437 6436 6438
f 6437 6438 6439
f 6439 6438 6440
f 6439 6440 6441
f 6441 6440 6442
f 6442 6443 6441
f 6441 6443 6439
f 6443 6444 6439
f 6439 6444 6437
f 6444 6445 6437
f 6437 6445 6435
f 6445 6446 6435
f 6435 6446 6433
f 6446 6447 6433
f 6433 6447 6431
f 6447 6448 6431
f 6431 6448 6429
f 6448 6449 6429
f 6429 6449 6426
f 6449 6450 6426
f 6426 6450 6451
f 6426 6451 6424
f 6424 6451 6452
f 6424 6452 6422
f 6422 6452 6453
f 6422 6453 6420
f 6420 6453 6454
f 6420 6454 6418
f 6418 6454 6455
f 6418 6455 6416
f 6416 6455 6456
f 6416 6456 6414
f 6414 6456 6457
f 6414 6457 6413
f 6413 6457 6411
f 6411 6458 6412
f 6412 6458 6415
f 6458 6459 6415
f 6415 6459 6417
f 6459 6460 6417
f 6417 6460 6419
f 6460 6461 6419
f 6419 6461 6421
f 6461 6462 6421
f 6421 6462 6423
f 6462 6463 6423
f 6423 6463 6425
f 6463 6464 6425
f 6425 6464 6427
f 6464 6465 6427
f 6427 6465 6466
f 6427 6466 6428
f 6428 6466 6467
f 6428 6467 6430
f 6430 6467 6468
f 6430 6468 6432
f 6432 6468 6469
f 6432 6469 6434
f 6434 6469 6470
f 6434 6470 6436
f 6436 6470 6471
f 6436 6471 6438
f 6438 6471 6472
f 6438 6472 6440
f 6440 6472 6442
f 6442 6473 6443
f 6443 6473 6444
f 6473 6474 6444
f 6444 6474 6445
f 6474 6475 6445
f 6445 6475 6446
f 6475 6476 6446
f 6446 6476 6447
f 6476 6477 6447
f 6447 6477 6448
f 6477 6478 6448
f 6448 6478 6449
f 6478 6479 6449
f 6449 6479 6450
f 6479 6480 6450
f 6450 6480 6481
f 6450 6481 6451
f 6451 6481 6482
f 6451 6482 6452
f 6452 6482 6483
f 6452 6483 6453
f 6453 6483 6484
f 6453 6484 6454
f 6454 6484 6485
f 6454 6485 6455
f 6455 6485 6486
f 6455 6486 6456
f 6456 6486 6487
f 6456 6487 6457
f 6457 6487 6411
f 6411 6488 6458
f 6488 6489 6458
f 6458 6489 6459
f 6489 6490 6459
f 6459 6490 6460
f 6490 6491 6460
f 6460 6491 6461
f 6491 6492 6461
f 6461 6492 6462
f 6492 6493 6462
f 6462 6493 6463
f 6493 6494 6463
f 6463 6494 6464
f 6494 6495 6464
f 6464 6495 6465
f 6495 6496 6465
f 6465 6496 6497
f 6465 6497 6466
f 6466 6497 6498
f 6466 6498 6467
f 6467 6498 6499
f 6467 6499 6468
f 6468 6499 6500
f 6468 6500 6469
f 6469 6500 6501
f 6469 6501 6470
f 6470 6501 6502
f 6470 6502 6471
f 6471 6502 6503
f 6471 6503 6472
f 6472 6503 6504
f 6472 6504 6442
f 6442 6504 6473
f 6504 6505 6473
f 6473 6505 6474
f 6505 6506 6474
f 6474 6506 6475
f 6506 6507 6475
f 6475 6507 6476
f 6507 6508 6476
f 6476 6508 6477
f 6508 6509 6477
f 6477 6509 6478
f 6509 6510 6478
f 6478 6510 6479
f 6510 6511 6479
f 6479 6511 6480
f 6511 6512 6480
f 6480 6512 6513
f 6480 6513 6481
f 6481 6513 6514
f 6481 6514 6482
f 6482 6514 6515
f 6482 6515 6483
f 6483 6515 6516
f 6483 6516 6484
f 6484 6516 6517
f 6484 6517 6485
f 6485 6517 6518
f 6485 6518 6486
f 6486 6518 6519
f 6486 6519 6487
f 6487 6519 6488
f 6487 6488 6411
f 6488 6520 6489
f 6520 6521 6489
f 6489 6521 6490
f 6521 6522 6490
f 6490 6522 6491
f 6522 6523 6491
f 6491 6523 6492
f 6523 6524 6492
f 6492 6524 6493
f 6524 6525 6493
f 6493 6525 6494
f 6525 6526 6494
f 6494 6526 6495
f 6526 6527 6495
f 6495 6527 6496
f 6527 6528 6496
f 6496 6528 6529
f 6496 6529 6497
f 6497 6529 6530
f 6497 6530 6498
f 6498 6530 6531
f 6498 6531 6499
f 6499 6531 6532
f 6499 6532 6500
f 6500 6532 6533
f 6500 6533 6501
f 6501 6533 6534
f 6501 6534 6502
f 6502 6534 6535
f 6502 6535 6503
f 6503 6535 6536
f 6503 6536 6504
f 6504 6536 6505
f 6536 6537 6505
f 6505 6537 6506
f 6537 6538 6506
f 6506 6538 6507
f 6538 6539 6507
f 6507 6539 6508
f 6539 6540 6508
f 6508 6540 6509
f 6540 6541 6509
f 6509 6541 6510
f 6541 6542 6510
f 6510 6542 6511
f 6542 6543 6511
f 6511 6543 6512
f 6543 6544 6512
f 6512 6544 6545
f 6512 6545 6513
f 6513 6545 6546
f 6513 6546 6514
f 6514 6546 6547
f 6514 6547 6515
f 6515 6547 6548
f 6515 6548 6516
f 6516 6548 6549
f 6516 6549 6517
f 6517 6549 6550
f 6517 6550 6518
f 6518 6550 6551
f 6518 6551 6519
f 6519 6551 6520
f 6519 6520 6488
f 6520 6552 6521
f 6552 6553 6521
f 6521 6553 6522
f 6553 6554 6522
f 6522 6554 6523
f 6554 6555 6523
f 6523 6555 6524
f 6555 6556 6524
f 6524 6556 6525
f 6556 6557 6525
f 6525 6557 6526
f 6557 6558 6526
f 6526 6558 6527
f 6558 6559 6527
f 6527 6559 6528
f 6559 6560 6528
f 6528 6560 6561
f 6528 6561 6529
f 6529 6561 6562
f 6529 6562 6530
f 6530 6562 6563
f 6530 6563 6531
f 6531 6563 6564
f 6531 6564 6532
f 6532 6564 6565
f 6532 6565 6533
f 6533 6565 6566
f 6533 6566 6534
f 6534 6566 6567
f 6534 6567 6535
f 6535 6567 6568
f 6535 6568 6536
f 6536 6568 6537
f 6568 6569 6537
f 6537 6569 6538
f 6569 6570 6538
f 6538 6570 6539
f 6570 6571 6539
f 6539 6571 6540
f 6571 6572 6540
f 6540 6572 6541
f 6572 6573 6541
f 6541 6573 6542
f 6573 6574 6542
f 6542 6574 6543
f 6574 6575 6543
f 6543 6575 6544
f 6575 6576 6544
f 6544 6576 6577
f 6544 6577 6545
f 6545 6577 6578
f 6545 6578 6546
f 6546 6578 6579
f 6546 6579 6547
f 6547 6579 6580
f 6547 6580 6548
f 6548 6580 6581
f 6548 6581 6549
f 6549 6581 6582
f 6549 6582 6550
f 6550 6582 6583
f 6550 6583 6551
f 6551 6583 6552
f 6551 6552 6520
f 6552 6584 6585
f 6552 6585 6553
f 6553 6585 6586
f 6553 6586 6554
f 6554 6586 6587
f 6554 6587 6555
f 6555 6587 6588
f 6555 6588 6556
f 6556 6588 6589
f 6556 6589 6557
f 6557 6589 6590
f 6557 6590 6558
f 6558 6590 6591
f 6558 6591 6559
f 6559 6591 6592
f 6559 6592 6560
f 6560 6592 6561
f 6592 6593 6561
f 6561 6593 6562
f 6593 6594 6562
f 6562 6594 6563
f 6594 6595 6563
f 6563 6595 6564
f 6595 6596 6564
f 6564 6596 6565
f 6596 6597 6565
f 6565 6597 6566
f 6597 6598 6566
f 6566 6598 6567
f 6598 6599 6567
f 6567 6599 6568
f 6599 6600 6568
f 6568 6600 6601
f 6568 6601 6569
f 6569 6601 6602
f 6569 6602 6570
f 6570 6602 6603
f 6570 6603 6571
f 6571 6603 6604
f 6571 6604 6572
f 6572 6604 6605
f 6572 6605 6573
f 6573 6605 6606
f 6573 6606 6574
f 6574 6606 6607
f 6574 6607 6575
f 6575 6607 6608
f 6575 6608 6576
f 6576 6608 6577
f 6608 6609 6577
f 6577 6609 6578
f 6609 6610 6578
f 6578 6610 6579
f 6610 6611 6579
f 6579 6611 6580
f 6611 6612 6580
f 6580 6612 6581
f 6612 6613 6581
f 6581 6613 6582
f 6613 6614 6582
f 6582 6614 6583
f 6614 6615 6583
f 6583 6615 6552
f 6615 6584 6552
f 6584 6616 6617
f 6584 6617 6585
f 6585 6617 6618
f 6585 6618 6586
f 6586 6618 6619
f 6586 6619 6587
f 6587 6619 6620
f 6587 6620 6588
f 6588 6620 6621
f 6588 6621 6589
f 6589 6621 6622
f 6589 6622 6590
f 6590 6622 6623
f 6590 6623 6591
f 6591 6623 6624
f 6591 6624 6592
f 6592 6624 6593
f 6624 6625 6593
f 6593 6625 6594
f 6625 6626 6594
f 6594 6626 6595
f 6626 6627 6595
f 6595 6627 6596
f 6627 6628 6596
f 6596 6628 6597
f 6628 6629 6597
f 6597 6629 6598
f 6629 6630 6598
f 6598 6630 6599
f 6630 6631 6599
f 6599 6631 6600
f 6631 6632 6600
f 6600 6632 6633
f 6600 6633 6601
f 6601 6633 6634
f 6601 6634 6602
f 6602 6634 6635
f 6602 6635 6603
f 6603 6635 6636
f 6603 6636 6604
f 6604 6636 6637
f 6604 6637 6605
f 6605 6637 6638
f 6605 6638 6606
f 6606 6638 6639
f 6606 6639 6607
f 6607 6639 6640
f 6607 6640 6608
f 6608 6640 6609
f 6640 6641 6609
f 6609 6641 6610
f 6641 6642 6610
f 6610 6642 6611
f 6642 6643 6611
f 6611 6643 6612
f 6643 6644 6612
f 6612 6644 6613
f 6644 6645 6613
f 6613 6645 6614
f 6645 6646 6614
f 6614 6646 6615
f 6646 6647 6615
f 6615 6647 6584
f 6647 6616 6584
f 6616 6648 6617
f 6617 6648 6649
f 6617 6649 6618
f 6618 6649 6650
f 6618 6650 6619
f 6619 6650 6651
f 6619 6651 6620
f 6620 6651 6652
f 6620 6652 6621
f 6621 6652 6653
f 6621 6653 6622
f 6622 6653 6654
f 6622 6654 6623
f 6623 6654 6655
f 6623 6655 6624
f 6624 6655 6625
f 6655 6656 6625
f 6625 6656 6626
f 6656 6657 6626
f 6626 6657 6627
f 6657 6658 6627
f 6627 6658 6628
f 6658 6659 6628
f 6628 6659 6629
f 6659 6660 6629
f 6629 6660 6630
f 6660 6661 6630
f 6630 6661 6631
f 6661 6662 6631
f 6631 6662 6632
f 6632 6663 6633
f 6633 6663 6664
f 6633 6664 6634
f 6634 6664 6665
f 6634 6665 6635
f 6635 6665 6666
f 6635 6666 6636
f 6636 6666 6667
f 6636 6667 6637
f 6637 6667 6668
f 6637 6668 6638
f 6638 6668 6669
f 6638 6669 6639
f 6639 6669 6670
f 6639 6670 6640
f 6640 6670 6641
f 6670 6671 6641
f 6641 6671 6642
f 6671 6672 6642
f 6642 6672 6643
f 6672 6673 6643
f 6643 6673 6644
f 6673 6674 6644
f 6644 6674 6645
f 6674 6675 6645
f 6645 6675 6646
f 6675 6676 6646
f 6646 6676 6647
f 6676 6677 6647
f 6647 6677 6616
f 6616 6678 6648
f 6648 6678 6679
f 6648 6679 6649
f 6649 6679 6680
f 6649 6680 6650
f 6650 6680 6681
f 6650 6681 6651
f 6651 6681 6682
f 6651 6682 6652
f 6652 6682 6683
f 6652 6683 6653
f 6653 6683 6684
f 6653 6684 6654
f 6654 6684 6685
f 6654 6685 6655
f 6655 6685 6656
f 6685 6686 6656
f 6656 6686 6657
f 6686 6687 6657
f 6657 6687 6658
f 6687 6688 6658
f 6658 6688 6659
f 6688 6689 6659
f 6659 6689 6660
f 6689 6690 6660
f 6660 6690 6661
f 6690 6691 6661
f 6661 6691 6662
f 6691 6692 6662
f 6662 6692 6632
f 6632 6692 6663
f 6663 6692 6691
f 6663 6691 6664
f 6664 6691 6690
f 6664 6690 6665
f 6665 6690 6689
f 6665 6689 6666
f 6666 6689 6688
f 6666 6688 6667
f 6667 6688 6687
f 6667 6687 6668
f 6668 6687 6686
f 6668 6686 6669
f 6669 6686 6685
f 6669 6685 6670
f 6670 6685 6671
f 6685 6684 6671
f 6671 6684 6672
f 6684 6683 6672
f 6672 6683 6673
f 6683 6682 6673
f 6673 6682 6674
f 6682 6681 6674
f 6674 6681 6675
f 6681 6680 6675
f 6675 6680 6676
f 6680 6679 6676
f 6676 6679 6677
f 6679 6678 6677
f 6677 6678 6616
f 6693 6694 6695
f 6694 6696 6695
f 6695 6696 6697
f 6696 6698 6697
f 6697 6698 6699
f 6698 6700 6699
f 6699 6700 6701
f 6700 6702 6701
f 6701 6702 6703
f 6702 6704 6703
f 6703 6704 6705
f 6704 6706 6705
f 6705 6706 6707
f 6706 6708 6707
f 6707 6708 6709
f 6708 6710 6709
f 6708 6711 6710
f 6711 6712 6710
f 6711 6713 6712
f 6713 6714 6712
f 6713 6715 6714
f 6715 6716 6714
f 6715 6717 6716
f 6717 6718 6716
f 6717 6719 6718
f 6719 6720 6718
f 6719 6721 6720
f 6721 6722 6720
f 6721 6723 6722
f 6723 6724 6722
f 6724 6723 6725
f 6723 6721 6725
f 6725 6721 6726
f 6721 6719 6726
f 6726 6719 6727
f 6719 6717 6727
f 6727 6717 6728
f 6717 6715 6728
f 6728 6715 6729
f 6715 6713 6729
f 6729 6713 6730
f 6713 6711 6730
f 6730 6711 6731
f 6711 6708 6731
f 6731 6708 6732
f 6708 6733 6732
f 6708 6706 6733
f 6706 6734 6733
f 6706 6704 6734
f 6704 6735 6734
f 6704 6702 6735
f 6702 6736 6735
f 6702 6700 6736
f 6700 6737 6736
f 6700 6698 6737
f 6698 6738 6737
f 6698 6696 6738
f 6696 6739 6738
f 6696 6694 6739
f 6694 6693 6739
f 6693 6695 6740
f 6695 6697 6740
f 6740 6697 6741
f 6697 6699 6741
f 6741 6699 6742
f 6699 6701 6742
f 6742 6701 6743
f 6701 6703 6743
f 6743 6703 6744
f 6703 6705 6744
f 6744 6705 6745
f 6705 6707 6745
f 6745 6707 6746
f 6707 6709 6746
f 6746 6709 6747
f 6709 6748 6747
f 6709 6710 6748
f 6710 6749 6748
f 6710 6712 6749
f 6712 6750 6749
f 6712 6714 6750
f 6714 6751 6750
f 6714 6716 6751
f 6716 6752 6751
f 6716 6718 6752
f 6718 6753 6752
f 6718 6720 6753
f 6720 6754 6753
f 6720 6722 6754
f 6722 6724 6754
f 6724 6725 6755
f 6725 6726 6755
f 6755 6726 6756
f 6726 6727 6756
f 6756 6727 6757
f 6727 6728 6757
f 6757 6728 6758
f 6728 6729 6758
f 6758 6729 6759
f 6729 6730 6759
f 6759 6730 6760
f 6730 6731 6760
f 6760 6731 6761
f 6731 6732 6761
f 6761 6732 6762
f 6732 6763 6762
f 6732 6733 6763
f 6733 6764 6763
f 6733 6734 6764
f 6734 6765 6764
f 6734 6735 6765
f 6735 6766 6765
f 6735 6736 6766
f 6736 6767 6766
f 6736 6737 6767
f 6737 6768 6767
f 6737 6738 6768
f 6738 6769 6768
f 6738 6739 6769
f 6739 6693 6769
f 6693 6740 6770
f 6770 6740 6771
f 6740 6741 6771
f 6771 6741 6772
f 6741 6742 6772
f 6772 6742 6773
f 6742 6743 6773
f 6773 6743 6774
f 6743 6744 6774
f 6774 6744 6775
f 6744 6745 6775
f 6775 6745 6776
f 6745 6746 6776
f 6776 6746 6777
f 6746 6747 6777
f 6777 6747 6778
f 6747 6779 6778
f 6747 6748 6779
f 6748 6780 6779
f 6748 6749 6780
f 6749 6781 6780
f 6749 6750 6781
f 6750 6782 6781
f 6750 6751 6782
f 6751 6783 6782
f 6751 6752 6783
f 6752 6784 6783
f 6752 6753 6784
f 6753 6785 6784
f 6753 6754 6785
f 6754 6786 6785
f 6754 6724 6786
f 6724 6755 6786
f 6786 6755 6787
f 6755 6756 6787
f 6787 6756 6788
f 6756 6757 6788
f 6788 6757 6789
f 6757 6758 6789
f 6789 6758 6790
f 6758 6759 6790
f 6790 6759 6791
f 6759 6760 6791
f 6791 6760 6792
f 6760 6761 6792
f 6792 6761 6793
f 6761 6762 6793
f 6793 6762 6794
f 6762 6795 6794
f 6762 6763 6795
f 6763 6796 6795
f 6763 6764 6796
f 6764 6797 6796
f 6764 6765 6797
f 6765 6798 6797
f 6765 6766 6798
f 6766 6799 6798
f 6766 6767 6799
f 6767 6800 6799
f 6767 6768 6800
f 6768 6801 6800
f 6768 6769 6801
f 6769 6770 6801
f 6769 6693 6770
f 6770 6771 6802
f 6802 6771 6803
f 6771 6772 6803
f 6803 6772 6804
f 6772 6773 6804
f 6804 6773 6805
f 6773 6774 6805
f 6805 6774 6806
f 6774 6775 6806
f 6806 6775 6807
f 6775 6776 6807
f 6807 6776 6808
f 6776 6777 6808
f 6808 6777 6809
f 6777 6778 6809
f 6809 6778 6810
f 6778 6811 6810
f 6778 6779 6811
f 6779 6812 6811
f 6779 6780 6812
f 6780 6813 6812
f 6780 6781 6813
f 6781 6814 6813
f 6781 6782 6814
f 6782 6815 6814
f 6782 6783 6815
f 6783 6816 6815
f 6783 6784 6816
f 6784 6817 6816
f 6784 6785 6817
f 6785 6818 6817
f 6785 6786 6818
f 6786 6787 6818
f 6818 6787 6819
f 6787 6788 6819
f 6819 6788 6820
f 6788 6789 6820
f 6820 6789 6821
f 6789 6790 6821
f 6821 6790 6822
f 6790 6791 6822
f 6822 6791 6823
f 6791 6792 6823
f 6823 6792 6824
f 6792 6793 6824
f 6824 6793 6825
f 6793 6794 6825
f 6825 6794 6826
f 6794 6827 6826
f 6794 6795 6827
f 6795 6828 6827
f 6795 6796 6828
f 6796 6829 6828
f 6796 6797 6829
f 6797 6830 6829
f 6797 6798 6830
f 6798 6831 6830
f 6798 6799 6831
f 6799 6832 6831
f 6799 6800 6832
f 6800 6833 6832
f 6800 6801 6833
f 6801 6802 6833
f 6801 6770 6802
f 6802 6803 6834
f 6834 6803 6835
f 6803 6804 6835
f 6835 6804 6836
f 6804 6805 6836
f 6836 6805 6837
f 6805 6806 6837
f 6837 6806 6838
f 6806 6807 6838
f 6838 6807 6839
f 6807 6808 6839
f 6839 6808 6840
f 6808 6809 6840
f 6840 6809 6841
f 6809 6810 6841
f 6841 6810 6842
f 6810 6843 6842
f 6810 6811 6843
f 6811 6844 6843
f 6811 6812 6844
f 6812 6845 6844
f 6812 6813 6845
f 6813 6846 6845
f 6813 6814 6846
f 6814 6847 6846
f 6814 6815 6847
f 6815 6848 6847
f 6815 6816 6848
f 6816 6849 6848
f 6816 6817 6849
f 6817 6850 6849
f 6817 6818 6850
f 6818 6819 6850
f 6850 6819 6851
f 6819 6820 6851
f 6851 6820 6852
f 6820 6821 6852
f 6852 6821 6853
f 6821 6822 6853
f 6853 6822 6854
f 6822 6823 6854
f 6854 6823 6855
f 6823 6824 6855
f 6855 6824 6856
f 6824 6825 6856
f 6856 6825 6857
f 6825 6826 6857
f 6857 6826 6858
f 6826 6859 6858
f 6826 6827 6859
f 6827 6860 6859
f 6827 6828 6860
f 6828 6861 6860
f 6828 6829 6861
f 6829 6862 6861
f 6829 6830 6862
f 6830 6863 6862
f 6830 6831 6863
f 6831 6864 6863
f 6831 6832 6864
f 6832 6865 6864
f 6832 6833 6865
f 6833 6834 6865
f 6833 6802 6834
f 6834 6835 6866
f 6866 6835 6867
f 6835 6836 6867
f 6867 6836 6868
f 6836 6837 6868
f 6868 6837 6869
f 6837 6838 6869
f 6869 6838 6870
f 6838 6839 6870
f 6870 6839 6871
f 6839 6840 6871
f 6871 6840 6872
f 6840 6841 6872
f 6872 6841 6873
f 6841 6842 6873
f 6873 6842 6874
f 6842 6875 6874
f 6842 6843 6875
f 6843 6876 6875
f 6843 6844 6876
f 6844 6877 6876
f 6844 6845 6877
f 6845 6878 6877
f 6845 6846 6878
f 6846 6879 6878
f 6846 6847 6879
f 6847 6880 6879
f 6847 6848 6880
f 6848 6881 6880
f 6848 6849 6881
f 6849 6882 6881
f 6849 6850 6882
f 6850 6851 6882
f 6882 6851 6883
f 6851 6852 6883
f 6883 6852 6884
f 6852 6853 6884
f 6884 6853 6885
f 6853 6854 6885
f 6885 6854 6886
f 6854 6855 6886
f 6886 6855 6887
f 6855 6856 6887
f 6887 6856 6888
f 6856 6857 6888
f 6888 6857 6889
f 6857 6858 6889
f 6889 6858 6890
f 6858 6891 6890
f 6858 6859 6891
f 6859 6892 6891
f 6859 6860 6892
f 6860 6893 6892
f 6860 6861 6893
f 6861 6894 6893
f 6861 6862 6894
f 6862 6895 6894
f 6862 6863 6895
f 6863 6896 6895
f 6863 6864 6896
f 6864 6897 6896
f 6864 6865 6897
f 6865 6866 6897
f 6865 6834 6866
f 6866 6867 6898
f 6898 6867 6899
f 6867 6868 6899
f 6899 6868 6900
f 6868 6869 6900
f 6900 6869 6901
f 6869 6870 6901
f 6901 6870 6902
f 6870 6871 6902
f 6902 6871 6903
f 6871 6872 6903
f 6903 6872 6904
f 6872 6873 6904
f 6904 6873 6905
f 6873 6874 6905
f 6905 6874 6906
f 6874 6907 6906
f 6874 6875 6907
f 6875 6908 6907
f 6875 6876 6908
f 6876 6909 6908
f 6876 6877 6909
f 6877 6910 6909
f 6877 6878 6910
f 6878 6911 6910
f 6878 6879 6911
f 6879 6912 6911
f 6879 6880 6912
f 6880 6913 6912
f 6880 6881 6913
f 6881 6914 6913
f 6881 6882 6914
f 6882 6883 6914
f 6914 6883 6915
f 6883 6884 6915
f 6915 6884 6916
f 6884 6885 6916
f 6916 6885 6917
f 6885 6886 6917
f 6917 6886 6918
f 6886 6887 6918
f 6918 6887 6919
f 6887 6888 6919
f 6919 6888 6920
f 6888 6889 6920
f 6920 6889 6921
f 6889 6890 6921
f 6921 6890 6922
f 6890 6923 6922
f 6890 6891 6923
f 6891 6924 6923
f 6891 6892 6924
f 6892 6925 6924
f 6892 6893 6925
f 6893 6926 6925
f 6893 6894 6926
f 6894 6927 6926
f 6894 6895 6927
f 6895 6928 6927
f 6895 6896 6928
f 6896 6929 6928
f 6896 6897 6929
f 6897 6898 6929
f 6897 6866 6898
f 6898 6899 6930
f 6930 6899 6931
f 6899 6900 6931
f 6931 6900 6932
f 6900 6901 6932
f 6932 6901 6933
f 6901 6902 6933
f 6933 6902 6934
f 6902 6903 6934
f 6934 6903 6935
f 6903 6904 6935
f 6935 6904 6936
f 6904 6905 6936
f 6936 6905 6937
f 6905 6906 6937
f 6937 6906 6938
f 6906 6939 6938
f 6906 6907 6939
f 6907 6940 6939
f 6907 6908 6940
f 6908 6941 6940
f 6908 6909 6941
f 6909 6942 6941
f 6909 6910 6942
f 6910 6943 6942
f 6910 6911 6943
f 6911 6944 6943
f 6911 6912 6944
f 6912 6945 6944
f 6912 6913 6945
f 6913 6946 6945
f 6913 6914 6946
f 6914 6915 6946
f 6946 6915 6947
f 6915 6916 6947
f 6947 6916 6948
f 6916 6917 6948
f 6948 6917 6949
f 6917 6918 6949
f 6949 6918 6950
f 6918 6919 6950
f 6950 6919 6951
f 6919 6920 6951
f 6951 6920 6952
f 6920 6921 6952
f 6952 6921 6953
f 6921 6922 6953
f 6953 6922 6954
f 6922 6955 6954
f 6922 6923 6955
f 6923 6956 6955
f 6923 6924 6956
f 6924 6957 6956
f 6924 6925 6957
f 6925 6958 6957
f 6925 6926 6958
f 6926 6959 6958
f 6926 6927 6959
f 6927 6960 6959
f 6927 6928 6960
f 6928 6961 6960
f 6928 6929 6961
f 6929 6930 6961
f 6929 6898 6930
f 6930 6962 6963
f 6930 6931 6962
f 6931 6964 6962
f 6931 6932 6964
f 6932 6965 6964
f 6932 6933 6965
f 6933 6966 6965
f 6933 6934 6966
f 6934 6967 6966
f 6934 6935 6967
f 6935 6968 6967
f 6935 6936 6968
f 6936 6969 6968
f 6936 6937 6969
f 6937 6970 6969
f 6937 6938 6970
f 6938 6939 6970
f 6970 6939 6971
f 6939 6940 6971
f 6971 6940 6972
f 6940 6941 6972
f 6972 6941 6973
f 6941 6942 6973
f 6973 6942 6974
f 6942 6943 6974
f 6974 6943 6975
f 6943 6944 6975
f 6975 6944 6976
f 6944 6945 6976
f 6976 6945 6977
f 6945 6946 6977
f 6977 6946 6978
f 6946 6979 6978
f 6946 6947 6979
f 6947 6980 6979
f 6947 6948 6980
f 6948 6981 6980
f 6948 6949 6981
f 6949 6982 6981
f 6949 6950 6982
f 6950 6983 6982
f 6950 6951 6983
f 6951 6984 6983
f 6951 6952 6984
f 6952 6985 6984
f 6952 6953 6985
f 6953 6986 6985
f 6953 6954 6986
f 6954 6955 6986
f 6986 6955 6987
f 6955 6956 6987
f 6987 6956 6988
f 6956 6957 6988
f 6988 6957 6989
f 6957 6958 6989
f 6989 6958 6990
f 6958 6959 6990
f 6990 6959 6991
f 6959 6960 6991
f 6991 6960 6992
f 6960 6961 6992
f 6992 6961 6993
f 6961 6930 6993
f 6993 6930 6963
f 6963 6994 6995
f 6963 6962 6994
f 6962 6996 6994
f 6962 6964 6996
f 6964 6997 6996
f 6964 6965 6997
f 6965 6998 6997
f 6965 6966 6998
f 6966 6999 6998
f 6966 6967 6999
f 6967 7000 6999
f 6967 6968 7000
f 6968 7001 7000
f 6968 6969 7001
f 6969 7002 7001
f 6969 6970 7002
f 6970 6971 7002
f 7002 6971 7003
f 6971 6972 7003
f 7003 6972 7004
f 6972 6973 7004
f 7004 6973 7005
f 6973 6974 7005
f 7005 6974 7006
f 6974 6975 7006
f 7006 6975 7007
f 6975 6976 7007
f 7007 6976 7008
f 6976 6977 7008
f 7008 6977 7009
f 6977 6978 7009
f 7009 6978 7010
f 6978 7011 7010
f 6978 6979 7011
f 6979 7012 7011
f 6979 6980 7012
f 6980 7013 7012
f 6980 6981 7013
f 6981 7014 7013
f 6981 6982 7014
f 6982 7015 7014
f 6982 6983 7015
f 6983 7016 7015
f 6983 6984 7016
f 6984 7017 7016
f 6984 6985 7017
f 6985 7018 7017
f 6985 6986 7018
f 6986 6987 7018
f 7018 6987 7019
f 6987 6988 7019
f 7019 6988 7020
f 6988 6989 7020
f 7020 6989 7021
f 6989 6990 7021
f 7021 6990 7022
f 6990 6991 7022
f 7022 6991 7023
f 6991 6992 7023
f 7023 6992 7024
f 6992 6993 7024
f 7024 6993 7025
f 6993 6963 7025
f 7025 6963 6995
f 6995 7026 7027
f 6995 6994 7026
f 6994 7028 7026
f 6994 6996 7028
f 6996 7029 7028
f 6996 6997 7029
f 6997 7030 7029
f 6997 6998 7030
f 6998 7031 7030
f 6998 6999 7031
f 6999 7032 7031
f 6999 7000 7032
f 7000 7033 7032
f 7000 7001 7033
f 7001 7034 7033
f 7001 7002 7034
f 7002 7003 7034
f 7034 7003 7035
f 7003 7004 7035
f 7035 7004 7036
f 7004 7005 7036
f 7036 7005 7037
f 7005 7006 7037
f 7037 7006 7038
f 7006 7007 7038
f 7038 7007 7039
f 7007 7008 7039
f 7039 7008 7040
f 7008 7009 7040
f 7040 7009 7041
f 7009 7010 7041
f 7041 7010 7042
f 7010 7043 7042
f 7010 7011 7043
f 7011 7044 7043
f 7011 7012 7044
f 7012 7045 7044
f 7012 7013 7045
f 7013 7046 7045
f 7013 7014 7046
f 7014 7047 7046
f 7014 7015 7047
f 7015 7048 7047
f 7015 7016 7048
f 7016 7049 7048
f 7016 7017 7049
f 7017 7050 7049
f 7017 7018 7050
f 7018 7019 7050
f 7050 7019 7051
f 7019 7020 7051
f 7051 7020 7052
f 7020 7021 7052
f 7052 7021 7053
f 7021 7022 7053
f 7053 7022 7054
f 7022 7023 7054
f 7054 7023 7055
f 7023 7024 7055
f 7055 7024 7056
f 7024 7025 7056
f 7056 7025 7057
f 7025 6995 7057
f 7057 6995 7027
f 7027 7058 7059
f 7027 7026 7058
f 7026 7060 7058
f 7026 7028 7060
f 7028 7061 7060
f 7028 7029 7061
f 7029 7062 7061
f 7029 7030 7062
f 7030 7063 7062
f 7030 7031 7063
f 7031 7064 7063
f 7031 7032 7064
f 7032 7065 7064
f 7032 7033 7065
f 7033 7066 7065
f 7033 7034 7066
f 7034 7035 7066
f 7066 7035 7067
f 7035 7036 7067
f 7067 7036 7068
f 7036 7037 7068
f 7068 7037 7069
f 7037 7038 7069
f 7069 7038 7070
f 7038 7039 7070
f 7070 7039 7071
f 7039 7040 7071
f 7071 7040 7072
f 7040 7041 7072
f 7072 7041 7073
f 7041 7042 7073
f 7073 7042 7074
f 7042 7075 7074
f 7042 7043 7075
f 7043 7076 7075
f 7043 7044 7076
f 7044 7077 7076
f 7044 7045 7077
f 7045 7078 7077
f 7045 7046 7078
f 7046 7079 7078
f 7046 7047 7079
f 7047 7080 7079
f 7047 7048 7080
f 7048 7081 7080
f 7048 7049 7081
f 7049 7082 7081
f 7049 7050 7082
f 7050 7051 7082
f 7082 7051 7083
f 7051 7052 7083
f 7083 7052 7084
f 7052 7053 7084
f 7084 7053 7085
f 7053 7054 7085
f 7085 7054 7086
f 7054 7055 7086
f 7086 7055 7087
f 7055 7056 7087
f 7087 7056 7088
f 7056 7057 7088
f 7088 7057 7089
f 7057 7027 7089
f 7089 7027 7059
f 7059 7090 7091
f 7059 7058 7090
f 7058 7092 7090
f 7058 7060 7092
f 7060 7093 7092
f 7060 7061 7093
f 7061 7094 7093
f 7061 7062 7094
f 7062 7095 7094
f 7062 7063 7095
f 7063 7096 7095
f 7063 7064 7096
f 7064 7097 7096
f 7064 7065 7097
f 7065 7098 7097
f 7065 7066 7098
f 7066 7067 7098
f 7098 7067 7099
f 7067 7068 7099
f 7099 7068 7100
f 7068 7069 7100
f 7100 7069 7101
f 7069 7070 7101
f 7101 7070 7102
f 7070 7071 7102
f 7102 7071 7103
f 7071 7072 7103
f 7103 7072 7104
f 7072 7073 7104
f 7104 7073 7105
f 7073 7074 7105
f 7105 7074 7106
f 7074 7107 7106
f 7074 7075 7107
f 7075 7108 7107
f 7075 7076 7108
f 7076 7109 7108
f 7076 7077 7109
f 7077 7110 7109
f 7077 7078 7110
f 7078 7111 7110
f 7078 7079 7111
f 7079 7112 7111
f 7079 7080 7112
f 7080 7113 7112
f 7080 7081 7113
f 7081 7114 7113
f 7081 7082 7114
f 7082 7083 7114
f 7114 7083 7115
f 7083 7084 7115
f 7115 7084 7116
f 7084 7085 7116
f 7116 7085 7117
f 7085 7086 7117
f 7117 7086 7118
f 7086 7087 7118
f 7118 7087 7119
f 7087 7088 7119
f 7119 7088 7120
f 7088 7089 7120
f 7120 7089 7121
f 7089 7059 7121
f 7121 7059 7091
f 7091 7090 7122
f 7090 7123 7122
f 7090 7092 7123
f 7092 7124 7123
f 7092 7093 7124
f 7093 7125 7124
f 7093 7094 7125
f 7094 7126 7125
f 7094 7095 7126
f 7095 7127 7126
f 7095 7096 7127
f 7096 7128 7127
f 7096 7097 7128
f 7097 7129 7128
f 7097 7098 7129
f 7098 7099 7129
f 7129 7099 7130
f 7099 7100 7130
f 7130 7100 7131
f 7100 7101 7131
f 7131 7101 7132
f 7101 7102 7132
f 7132 7102 7133
f 7102 7103 7133
f 7133 7103 7134
f 7103 7104 7134
f 7134 7104 7135
f 7104 7105 7135
f 7135 7105 7136
f 7105 7106 7136
f 7106 7107 7137
f 7107 7138 7137
f 7107 7108 7138
f 7108 7139 7138
f 7108 7109 7139
f 7109 7140 7139
f 7109 7110 7140
f 7110 7141 7140
f 7110 7111 7141
f 7111 7142 7141
f 7111 7112 7142
f 7112 7143 7142
f 7112 7113 7143
f 7113 7144 7143
f 7113 7114 7144
f 7114 7115 7144
f 7144 7115 7145
f 7115 7116 7145
f 7145 7116 7146
f 7116 7117 7146
f 7146 7117 7147
f 7117 7118 7147
f 7147 7118 7148
f 7118 7119 7148
f 7148 7119 7149
f 7119 7120 7149
f 7149 7120 7150
f 7120 7121 7150
f 7150 7121 7151
f 7121 7091 7151
f 7091 7122 7152
f 7122 7153 7152
f 7122 7123 7153
f 7123 7154 7153
f 7123 7124 7154
f 7124 7155 7154
f 7124 7125 7155
f 7125 7156 7155
f 7125 7126 7156
f 7126 7157 7156
f 7126 7127 7157
f 7127 7158 7157
f 7127 7128 7158
f 7128 7159 7158
f 7128 7129 7159
f 7129 7130 7159
f 7159 7130 7160
f 7130 7131 7160
f 7160 7131 7161
f 7131 7132 7161
f 7161 7132 7162
f 7132 7133 7162
f 7162 7133 7163
f 7133 7134 7163
f 7163 7134 7164
f 7134 7135 7164
f 7164 7135 7165
f 7135 7136 7165
f 7165 7136 7166
f 7136 7106 7166
f 7106 7137 7166
f 7137 7165 7166
f 7137 7138 7165
f 7138 7164 7165
f 7138 7139 7164
f 7139 7163 7164
f 7139 7140 7163
f 7140 7162 7163
f 7140 7141 7162
f 7141 7161 7162
f 7141 7142 7161
f 7142 7160 7161
f 7142 7143 7160
f 7143 7159 7160
f 7143 7144 7159
f 7144 7145 7159
f 7159 7145 7158
f 7145 7146 7158
f 7158 7146 7157
f 7146 7147 7157
f 7157 7147 7156
f 7147 7148 7156
f 7156 7148 7155
f 7148 7149 7155
f 7155 7149 7154
f 7149 7150 7154
f 7154 7150 7153
f 7150 7151 7153
f 7153 7151 7152
f 7151 7091 7152
f 7167 7168 7169
f 7169 7168 7170
f 7168 7171 7170
f 7170 7171 7172
f 7171 7173 7172
f 7172 7173 7174
f 7173 7175 7174
f 7174 7175 7176
f 7175 7177 7176
f 7176 7177 7178
f 7177 7179 7178
f 7178 7179 7180
f 7179 7181 7180
f 7180 7181 7182
f 7181 7183 7182
f 7182 7183 7184
f 7183 7185 7184
f 7183 7186 7185
f 7186 7187 7185
f 7186 7188 7187
f 7188 7189 7187
f 7188 7190 7189
f 7190 7191 7189
f 7190 7192 7191
f 7192 7193 7191
f 7192 7194 7193
f 7194 7195 7193
f 7194 7196 7195
f 7196 7197 7195
f 7196 7198 7197
f 7198 7199 7197
f 7198 7200 7199
f 7200 7201 7199
f 7199 7201 7202
f 7201 7203 7202
f 7202 7203 7204
f 7203 7205 7204
f 7204 7205 7206
f 7205 7207 7206
f 7206 7207 7208
f 7207 7209 7208
f 7208 7209 7210
f 7209 7211 7210
f 7210 7211 7212
f 7211 7213 7212
f 7212 7213 7214
f 7213 7215 7214
f 7214 7215 7216
f 7215 7217 7216
f 7215 7218 7217
f 7218 7219 7217
f 7218 7220 7219
f 7220 7221 7219
f 7220 7222 7221
f 7222 7223 7221
f 7222 7224 7223
f 7224 7225 7223
f 7224 7226 7225
f 7226 7227 7225
f 7226 7228 7227
f 7228 7229 7227
f 7228 7230 7229
f 7230 7169 7229
f 7230 7167 7169
f 7169 7170 7231
f 7231 7170 7232
f 7170 7172 7232
f 7232 7172 7233
f 7172 7174 7233
f 7233 7174 7234
f 7174 7176 7234
f 7234 7176 7235
f 7176 7178 7235
f 7235 7178 7236
f 7178 7180 7236
f 7236 7180 7237
f 7180 7182 7237
f 7237 7182 7238
f 7182 7184 7238
f 7238 7184 7239
f 7184 7240 7239
f 7184 7185 7240
f 7185 7241 7240
f 7185 7187 7241
f 7187 7242 7241
f 7187 7189 7242
f 7189 7243 7242
f 7189 7191 7243
f 7191 7244 7243
f 7191 7193 7244
f 7193 7245 7244
f 7193 7195 7245
f 7195 7246 7245
f 7195 7197 7246
f 7197 7247 7246
f 7197 7199 7247
f 7199 7202 7247
f 7247 7202 7248
f 7202 7204 7248
f 7248 7204 7249
f 7204 7206 7249
f 7249 7206 7250
f 7206 7208 7250
f 7250 7208 7251
f 7208 7210 7251
f 7251 7210 7252
f 7210 7212 7252
f 7252 7212 7253
f 7212 7214 7253
f 7253 7214 7254
f 7214 7216 7254
f 7254 7216 7255
f 7216 7256 7255
f 7216 7217 7256
f 7217 7257 7256
f 7217 7219 7257
f 7219 7258 7257
f 7219 7221 7258
f 7221 7259 7258
f 7221 7223 7259
f 7223 7260 7259
f 7223 7225 7260
f 7225 7261 7260
f 7225 7227 7261
f 7227 7262 7261
f 7227 7229 7262
f 7229 7231 7262
f 7229 7169 7231
f 7231 7232 7263
f 7263 7232 7264
f 7232 7233 7264
f 7264 7233 7265
f 7233 7234 7265
f 7265 7234 7266
f 7234 7235 7266
f 7266 7235 7267
f 7235 7236 7267
f 7267 7236 7268
f 7236 7237 7268
f 7268 7237 7269
f 7237 7238 7269
f 7269 7238 7270
f 7238 7239 7270
f 7270 7239 7271
f 7239 7272 7271
f 7239 7240 7272
f 7240 7273 7272
f 7240 7241 7273
f 7241 7274 7273
f 7241 7242 7274
f 7242 7275 7274
f 7242 7243 7275
f 7243 7276 7275
f 7243 7244 7276
f 7244 7277 7276
f 7244 7245 7277
f 7245 7278 7277
f 7245 7246 7278
f 7246 7279 7278
f 7246 7247 7279
f 7247 7248 7279
f 7279 7248 7280
f 7248 7249 7280
f 7280 7249 7281
f 7249 7250 7281
f 7281 7250 7282
f 7250 7251 7282
f 7282 7251 7283
f 7251 7252 7283
f 7283 7252 7284
f 7252 7253 7284
f 7284 7253 7285
f 7253 7254 7285
f 7285 7254 7286
f 7254 7255 7286
f 7286 7255 7287
f 7255 7288 7287
f 7255 7256 7288
f 7256 7289 7288
f 7256 7257 7289
f 7257 7290 7289
f 7257 7258 7290
f 7258 7291 7290
f 7258 7259 7291
f 7259 7292 7291
f 7259 7260 7292
f 7260 7293 7292
f 7260 7261 7293
f 7261 7294 7293
f 7261 7262 7294
f 7262 7263 7294
f 7262 7231 7263
f 7263 7264 7295
f 7295 7264 7296
f 7264 7265 7296
f 7296 7265 7297
f 7265 7266 7297
f 7297 7266 7298
f 7266 7267 7298
f 7298 7267 7299
f 7267 7268 7299
f 7299 7268 7300
f 7268 7269 7300
f 7300 7269 7301
f 7269 7270 7301
f 7301 7270 7302
f 7270 7271 7302
f 7302 7271 7303
f 7271 7304 7303
f 7271 7272 7304
f 7272 7305 7304
f 7272 7273 7305
f 7273 7306 7305
f 7273 7274 7306
f 7274 7307 7306
f 7274 7275 7307
f 7275 7308 7307
f 7275 7276 7308
f 7276 7309 7308
f 7276 7277 7309
f 7277 7310 7309
f 7277 7278 7310
f 7278 7311 7310
f 7278 7279 7311
f 7279 7280 7311
f 7311 7280 7312
f 7280 7281 7312
f 7312 7281 7313
f 7281 7282 7313
f 7313 7282 7314
f 7282 7283 7314
f 7314 7283 7315
f 7283 7284 7315
f 7315 7284 7316
f 7284 7285 7316
f 7316 7285 7317
f 7285 7286 7317
f 7317 7286 7318
f 7286 7287 7318
f 7318 7287 7319
f 7287 7320 7319
f 7287 7288 7320
f 7288 7321 7320
f 7288 7289 7321
f 7289 7322 7321
f 7289 7290 7322
f 7290 7323 7322
f 7290 7291 7323
f 7291 7324 7323
f 7291 7292 7324
f 7292 7325 7324
f 7292 7293 7325
f 7293 7326 7325
f 7293 7294 7326
f 7294 7295 7326
f 7294 7263 7295
f 7295 7296 7327
f 7327 7296 7328
f 7296 7297 7328
f 7328 7297 7329
f 7297 7298 7329
f 7329 7298 7330
f 7298 7299 7330
f 7330 7299 7331
f 7299 7300 7331
f 7331 7300 7332
f 7300 7301 7332
f 7332 7301 7333
f 7301 7302 7333
f 7333 7302 7334
f 7302 7303 7334
f 7334 7303 7335
f 7303 7336 7335
f 7303 7304 7336
f 7304 7337 7336
f 7304 7305 7337
f 7305 7338 7337
f 7305 7306 7338
f 7306 7339 7338
f 7306 7307 7339
f 7307 7340 7339
f 7307 7308 7340
f 7308 7341 7340
f 7308 7309 7341
f 7309 7342 7341
f 7309 7310 7342
f 7310 7343 7342
f 7310 7311 7343
f 7311 7312 7343
f 7343 7312 7344
f 7312 7313 7344
f 7344 7313 7345
f 7313 7314 7345
f 7345 7314 7346
f 7314 7315 7346
f 7346 7315 7347
f 7315 7316 7347
f 7347 7316 7348
f 7316 7317 7348
f 7348 7317 7349
f 7317 7318 7349
f 7349 7318 7350
f 7318 7319 7350
f 7350 7319 7351
f 7319 7352 7351
f 7319 7320 7352
f 7320 7353 7352
f 7320 7321 7353
f 7321 7354 7353
f 7321 7322 7354
f 7322 7355 7354
f 7322 7323 7355
f 7323 7356 7355
f 7323 7324 7356
f 7324 7357 7356
f 7324 7325 7357
f 7325 7358 7357
f 7325 7326 7358
f 7326 7327 7358
f 7326 7295 7327
f 7327 7328 7359
f 7359 7328 7360
f 7328 7329 7360
f 7360 7329 7361
f 7329 7330 7361
f 7361 7330 7362
f 7330 7331 7362
f 7362 7331 7363
f 7331 7332 7363
f 7363 7332 7364
f 7332 7333 7364
f 7364 7333 7365
f 7333 7334 7365
f 7365 7334 7366
f 7334 7335 7366
f 7366 7335 7367
f 7335 7368 7367
f 7335 7336 7368
f 7336 7369 7368
f 7336 7337 7369
f 7337 7370 7369
f 7337 7338 7370
f 7338 7371 7370
f 7338 7339 7371
f 7339 7372 7371
f 7339 7340 7372
f 7340 7373 7372
f 7340 7341 7373
f 7341 7374 7373
f 7341 7342 7374
f 7342 7375 7374
f 7342 7343 7375
f 7343 7344 7375
f 7375 7344 7376
f 7344 7345 7376
f 7376 7345 7377
f 7345 7346 7377
f 7377 7346 7378
f 7346 7347 7378
f 7378 7347 7379
f 7347 7348 7379
f 7379 7348 7380
f 7348 7349 7380
f 7380 7349 7381
f 7349 7350 7381
f 7381 7350 7382
f 7350 7351 7382
f 7382 7351 7383
f 7351 7384 7383
f 7351 7352 7384
f 7352 7385 7384
f 7352 7353 7385
f 7353 7386 7385
f 7353 7354 7386
f 7354 7387 7386
f 7354 7355 7387
f 7355 7388 7387
f 7355 7356 7388
f 7356 7389 7388
f 7356 7357 7389
f 7357 7390 7389
f 7357 7358 7390
f 7358 7359 7390
f 7358 7327 7359
f 7359 7360 7391
f 7391 7360 7392
f 7360 7361 7392
f 7392 7361 7393
f 7361 7362 7393
f 7393 7362 7394
f 7362 7363 7394
f 7394 7363 7395
f 7363 7364 7395
f 7395 7364 7396
f 7364 7365 7396
f 7396 7365 7397
f 7365 7366 7397
f 7397 7366 7398
f 7366 7367 7398
f 7398 7367 7399
f 7367 7400 7399
f 7367 7368 7400
f 7368 7401 7400
f 7368 7369 7401
f 7369 7402 7401
f 7369 7370 7402
f 7370 7403 7402
f 7370 7371 7403
f 7371 7404 7403
f 7371 7372 7404
f 7372 7405 7404
f 7372 7373 7405
f 7373 7406 7405
f 7373 7374 7406
f 7374 7407 7406
f 7374 7375 7407
f 7375 7376 7407
f 7407 7376 7408
f 7376 7377 7408
f 7408 7377 7409
f 7377 7378 7409
f 7409 7378 7410
f 7378 7379 7410
f 7410 7379 7411
f 7379 7380 7411
f 7411 7380 7412
f 7380 7381 7412
f 7412 7381 7413
f 7381 7382 7413
f 7413 7382 7414
f 7382 7383 7414
f 7414 7383 7415
f 7383 7416 7415
f 7383 7384 7416
f 7384 7417 7416
f 7384 7385 7417
f 7385 7418 7417
f 7385 7386 7418
f 7386 7419 7418
f 7386 7387 7419
f 7387 7420 7419
f 7387 7388 7420
f 7388 7421 7420
f 7388 7389 7421
f 7389 7422 7421
f 7389 7390 7422
f 7390 7391 7422
f 7390 7359 7391
f 7391 7392 7423
f 7423 7392 7424
f 7392 7393 7424
f 7424 7393 7425
f 7393 7394 7425
f 7425 7394 7426
f 7394 7395 7426
f 7426 7395 7427
f 7395 7396 7427
f 7427 7396 7428
f 7396 7397 7428
f 7428 7397 7429
f 7397 7398 7429
f 7429 7398 7430
f 7398 7399 7430
f 7430 7399 7431
f 7399 7432 7431
f 7399 7400 7432
f 7400 7433 7432
f 7400 7401 7433
f 7401 7434 7433
f 7401 7402 7434
f 7402 7435 7434
f 7402 7403 7435
f 7403 7436 7435
f 7403 7404 7436
f 7404 7437 7436
f 7404 7405 7437
f 7405 7438 7437
f 7405 7406 7438
f 7406 7439 7438
f 7406 7407 7439
f 7407 7408 7439
f 7439 7408 7440
f 7408 7409 7440
f 7440 7409 7441
f 7409 7410 7441
f 7441 7410 7442
f 7410 7411 7442
f 7442 7411 7443
f 7411 7412 7443
f 7443 7412 7444
f 7412 7413 7444
f 7444 7413 7445
f 7413 7414 7445
f 7445 7414 7446
f 7414 7415 7446
f 7446 7415 7447
f 7415 7448 7447
f 7415 7416 7448
f 7416 7449 7448
f 7416 7417 7449
f 7417 7450 7449
f 7417 7418 7450
f 7418 7451 7450
f 7418 7419 7451
f 7419 7452 7451
f 7419 7420 7452
f 7420 7453 7452
f 7420 7421 7453
f 7421 7454 7453
f 7421 7422 7454
f 7422 7423 7454
f 7422 7391 7423
f 7423 7424 7455
f 7455 7424 7456
f 7424 7425 7456
f 7456 7425 7457
f 7425 7426 7457
f 7457 7426 7458
f 7426 7427 7458
f 7458 7427 7459
f 7427 7428 7459
f 7459 7428 7460
f 7428 7429 7460
f 7460 7429 7461
f 7429 7430 7461
f 7461 7430 7462
f 7430 7431 7462
f 7462 7431 7463
f 7431 7464 7463
f 7431 7432 7464
f 7432 7465 7464
f 7432 7433 7465
f 7433 7466 7465
f 7433 7434 7466
f 7434 7467 7466
f 7434 7435 7467
f 7435 7468 7467
f 7435 7436 7468
f 7436 7469 7468
f 7436 7437 7469
f 7437 7470 7469
f 7437 7438 7470
f 7438 7471 7470
f 7438 7439 7471
f 7439 7440 7471
f 7471 7440 7472
f 7440 7441 7472
f 7472 7441 7473
f 7441 7442 7473
f 7473 7442 7474
f 7442 7443 7474
f 7474 7443 7475
f 7443 7444 7475
f 7475 7444 7476
f 7444 7445 7476
f 7476 7445 7477
f 7445 7446 7477
f 7477 7446 7478
f 7446 7447 7478
f 7478 7447 7479
f 7447 7480 7479
f 7447 7448 7480
f 7448 7481 7480
f 7448 7449 7481
f 7449 7482 7481
f 7449 7450 7482
f 7450 7483 7482
f 7450 7451 7483
f 7451 7484 7483
f 7451 7452 7484
f 7452 7485 7484
f 7452 7453 7485
f 7453 7486 7485
f 7453 7454 7486
f 7454 7455 7486
f 7454 7423 7455
f 7455 7456 7487
f 7487 7456 7488
f 7456 7457 7488
f 7488 7457 7489
f 7457 7458 7489
f 7489 7458 7490
f 7458 7459 7490
f 7490 7459 7491
f 7459 7460 7491
f 7491 7460 7492
f 7460 7461 7492
f 7492 7461 7493
f 7461 7462 7493
f 7493 7462 7494
f 7462 7463 7494
f 7494 7463 7495
f 7463 7496 7495
f 7463 7464 7496
f 7464 7497 7496
f 7464 7465 7497
f 7465 7498 7497
f 7465 7466 7498
f 7466 7499 7498
f 7466 7467 7499
f 7467 7500 7499
f 7467 7468 7500
f 7468 7501 7500
f 7468 7469 7501
f 7469 7502 7501
f 7469 7470 7502
f 7470 7503 7502
f 7470 7471 7503
f 7471 7472 7503
f 7503 7472 7504
f 7472 7473 7504
f 7504 7473 7505
f 7473 7474 7505
f 7505 7474 7506
f 7474 7475 7506
f 7506 7475 7507
f 7475 7476 7507
f 7507 7476 7508
f 7476 7477 7508
f 7508 7477 7509
f 7477 7478 7509
f 7509 7478 7510
f 7478 7479 7510
f 7510 7479 7511
f 7479 7512 7511
f 7479 7480 7512
f 7480 7513 7512
f 7480 7481 7513
f 7481 7514 7513
f 7481 7482 7514
f 7482 7515 7514
f 7482 7483 7515
f 7483 7516 7515
f 7483 7484 7516
f 7484 7517 7516
f 7484 7485 7517
f 7485 7518 7517
f 7485 7486 7518
f 7486 7487 7518
f 7486 7455 7487
f 7487 7488 7519
f 7519 7488 7520
f 7488 7489 7520
f 7520 7489 7521
f 7489 7490 7521
f 7521 7490 7522
f 7490 7491 7522
f 7522 7491 7523
f 7491 7492 7523
f 7523 7492 7524
f 7492 7493 7524
f 7524 7493 7525
f 7493 7494 7525
f 7525 7494 7526
f 7494 7495 7526
f 7526 7495 7527
f 7495 7528 7527
f 7495 7496 7528
f 7496 7529 7528
f 7496 7497 7529
f 7497 7530 7529
f 7497 7498 7530
f 7498 7531 7530
f 7498 7499 7531
f 7499 7532 7531
f 7499 7500 7532
f 7500 7533 7532
f 7500 7501 7533
f 7501 7534 7533
f 7501 7502 7534
f 7502 7535 7534
f 7502 7503 7535
f 7503 7504 7535
f 7535 7504 7536
f 7504 7505 7536
f 7536 7505 7537
f 7505 7506 7537
f 7537 7506 7538
f 7506 7507 7538
f 7538 7507 7539
f 7507 7508 7539
f 7539 7508 7540
f 7508 7509 7540
f 7540 7509 7541
f 7509 7510 7541
f 7541 7510 7542
f 7510 7511 7542
f 7542 7511 7543
f 7511 7544 7543
f 7511 7512 7544
f 7512 7545 7544
f 7512 7513 7545
f 7513 7546 7545
f 7513 7514 7546
f 7514 7547 7546
f 7514 7515 7547
f 7515 7548 7547
f 7515 7516 7548
f 7516 7549 7548
f 7516 7517 7549
f 7517 7550 7549
f 7517 7518 7550
f 7518 7519 7550
f 7518 7487 7519
f 7519 7520 7551
f 7551 7520 7552
f 7520 7521 7552
f 7552 7521 7553
f 7521 7522 7553
f 7553 7522 7554
f 7522 7523 7554
f 7554 7523 7555
f 7523 7524 7555
f 7555 7524 7556
f 7524 7525 7556
f 7556 7525 7557
f 7525 7526 7557
f 7557 7526 7558
f 7526 7527 7558
f 7558 7527 7559
f 7527 7560 7559
f 7527 7528 7560
f 7528 7561 7560
f 7528 7529 7561
f 7529 7562 7561
f 7529 7530 7562
f 7530 7563 7562
f 7530 7531 7563
f 7531 7564 7563
f 7531 7532 7564
f 7532 7565 7564
f 7532 7533 7565
f 7533 7566 7565
f 7533 7534 7566
f 7534 7567 7566
f 7534 7535 7567
f 7535 7536 7567
f 7567 7536 7568
f 7536 7537 7568
f 7568 7537 7569
f 7537 7538 7569
f 7569 7538 7570
f 7538 7539 7570
f 7570 7539 7571
f 7539 7540 7571
f 7571 7540 7572
f 7540 7541 7572
f 7572 7541 7573
f 7541 7542 7573
f 7573 7542 7574
f 7542 7543 7574
f 7574 7543 7575
f 7543 7576 7575
f 7543 7544 7576
f 7544 7577 7576
f 7544 7545 7577
f 7545 7578 7577
f 7545 7546 7578
f 7546 7579 7578
f 7546 7547 7579
f 7547 7580 7579
f 7547 7548 7580
f 7548 7581 7580
f 7548 7549 7581
f 7549 7582 7581
f 7549 7550 7582
f 7550 7551 7582
f 7550 7519 7551
f 7551 7552 7583
f 7583 7552 7584
f 7552 7553 7584
f 7584 7553 7585
f 7553 7554 7585
f 7585 7554 7586
f 7554 7555 7586
f 7586 7555 7587
f 7555 7556 7587
f 7587 7556 7588
f 7556 7557 7588
f 7588 7557 7589
f 7557 7558 7589
f 7589 7558 7590
f 7558 7559 7590
f 7590 7559 7591
f 7559 7592 7591
f 7559 7560 7592
f 7560 7593 7592
f 7560 7561 7593
f 7561 7594 7593
f 7561 7562 7594
f 7562 7595 7594
f 7562 7563 7595
f 7563 7596 7595
f 7563 7564 7596
f 7564 7597 7596
f 7564 7565 7597
f 7565 7598 7597
f 7565 7566 7598
f 7566 7599 7598
f 7566 7567 7599
f 7567 7568 7599
f 7599 7568 7600
f 7568 7569 7600
f 7600 7569 7601
f 7569 7570 7601
f 7601 7570 7602
f 7570 7571 7602
f 7602 7571 7603
f 7571 7572 7603
f 7603 7572 7604
f 7572 7573 7604
f 7604 7573 7605
f 7573 7574 7605
f 7605 7574 7606
f 7574 7575 7606
f 7606 7575 7607
f 7575 7608 7607
f 7575 7576 7608
f 7576 7609 7608
f 7576 7577 7609
f 7577 7610 7609
f 7577 7578 7610
f 7578 7611 7610
f 7578 7579 7611
f 7579 7612 7611
f 7579 7580 7612
f 7580 7613 7612
f 7580 7581 7613
f 7581 7614 7613
f 7581 7582 7614
f 7582 7583 7614
f 7582 7551 7583
f 7583 7584 7615
f 7615 7584 7616
f 7584 7585 7616
f 7616 7585 7617
f 7585 7586 7617
f 7617 7586 7618
f 7586 7587 7618
f 7618 7587 7619
f 7587 7588 7619
f 7619 7588 7620
f 7588 7589 7620
f 7620 7589 7621
f 7589 7590 7621
f 7621 7590 7622
f 7590 7591 7622
f 7622 7591 7623
f 7591 7624 7623
f 7591 7592 7624
f 7592 7625 7624
f 7592 7593 7625
f 7593 7626 7625
f 7593 7594 7626
f 7594 7627 7626
f 7594 7595 7627
f 7595 7628 7627
f 7595 7596 7628
f 7596 7629 7628
f 7596 7597 7629
f 7597 7630 7629
f 7597 7598 7630
f 7598 7631 7630
f 7598 7599 7631
f 7599 7600 7631
f 7631 7600 7632
f 7600 7601 7632
f 7632 7601 7633
f 7601 7602 7633
f 7633 7602 7634
f 7602 7603 7634
f 7634 7603 7635
f 7603 7604 7635
f 7635 7604 7636
f 7604 7605 7636
f 7636 7605 7637
f 7605 7606 7637
f 7637 7606 7638
f 7606 7607 7638
f 7638 7607 7639
f 7607 7640 7639
f 7607 7608 7640
f 7608 7641 7640
f 7608 7609 7641
f 7609 7642 7641
f 7609 7610 7642
f 7610 7643 7642
f 7610 7611 7643
f 7611 7644 7643
f 7611 7612 7644
f 7612 7645 7644
f 7612 7613 7645
f 7613 7646 7645
f 7613 7614 7646
f 7614 7615 7646
f 7614 7583 7615
f 7615 7616 7647
f 7647 7616 7648
f 7616 7617 7648
f 7648 7617 7649
f 7617 7618 7649
f 7649 7618 7650
f 7618 7619 7650
f 7650 7619 7651
f 7619 7620 7651
f 7651 7620 7652
f 7620 7621 7652
f 7652 7621 7653
f 7621 7622 7653
f 7653 7622 7654
f 7622 7623 7654
f 7654 7623 7655
f 7623 7656 7655
f 7623 7624 7656
f 7624 7657 7656
f 7624 7625 7657
f 7625 7658 7657
f 7625 7626 7658
f 7626 7659 7658
f 7626 7627 7659
f 7627 7660 7659
f 7627 7628 7660
f 7628 7661 7660
f 7628 7629 7661
f 7629 7662 7661
f 7629 7630 7662
f 7630 7663 7662
f 7630 7631 7663
f 7631 7632 7663
f 7663 7632 7664
f 7632 7633 7664
f 7664 7633 7665
f 7633 7634 7665
f 7665 7634 7666
f 7634 7635 7666
f 7666 7635 7667
f 7635 7636 7667
f 7667 7636 7668
f 7636 7637 7668
f 7668 7637 7669
f 7637 7638 7669
f 7669 7638 7670
f 7638 7639 7670
f 7670 7639 7671
f 7639 7672 7671
f 7639 7640 7672
f 7640 7673 7672
f 7640 7641 7673
f 7641 7674 7673
f 7641 7642 7674
f 7642 7675 7674
f 7642 7643 7675
f 7643 7676 7675
f 7643 7644 7676
f 7644 7677 7676
f 7644 7645 7677
f 7645 7678 7677
f 7645 7646 7678
f 7646 7647 7678
f 7646 7615 7647
f 7647 7648 7679
f 7648 7680 7679
f 7648 7649 7680
f 7649 7681 7680
f 7649 7650 7681
f 7650 7682 7681
f 7650 7651 7682
f 7651 7683 7682
f 7651 7652 7683
f 7652 7684 7683
f 7652 7653 7684
f 7653 7685 7684
f 7653 7654 7685
f 7654 7686 7685
f 7654 7655 7686
f 7655 7656 7686
f 7686 7656 7687
f 7656 7657 7687
f 7687 7657 7688
f 7657 7658 7688
f 7688 7658 7689
f 7658 7659 7689
f 7689 7659 7690
f 7659 7660 7690
f 7690 7660 7691
f 7660 7661 7691
f 7691 7661 7692
f 7661 7662 7692
f 7692 7662 7693
f 7662 7663 7693
f 7663 7664 7694
f 7664 7695 7694
f 7664 7665 7695
f 7665 7696 7695
f 7665 7666 7696
f 7666 7697 7696
f 7666 7667 7697
f 7667 7698 7697
f 7667 7668 7698
f 7668 7699 7698
f 7668 7669 7699
f 7669 7700 7699
f 7669 7670 7700
f 7670 7701 7700
f 7670 7671 7701
f 7671 7672 7701
f 7701 7672 7702
f 7672 7673 7702
f 7702 7673 7703
f 7673 7674 7703
f 7703 7674 7704
f 7674 7675 7704
f 7704 7675 7705
f 7675 7676 7705
f 7705 7676 7706
f 7676 7677 7706
f 7706 7677 7707
f 7677 7678 7707
f 7707 7678 7708
f 7678 7647 7708
f 7647 7679 7709
f 7679 7710 7709
f 7679 7680 7710
f 7680 7711 7710
f 7680 7681 7711
f 7681 7712 7711
f 7681 7682 7712
f 7682 7713 7712
f 7682 7683 7713
f 7683 7714 7713
f 7683 7684 7714
f 7684 7715 7714
f 7684 7685 7715
f 7685 7716 7715
f 7685 7686 7716
f 7686 7687 7716
f 7716 7687 7717
f 7687 7688 7717
f 7717 7688 7718
f 7688 7689 7718
f 7718 7689 7719
f 7689 7690 7719
f 7719 7690 7720
f 7690 7691 7720
f 7720 7691 7721
f 7691 7692 7721
f 7721 7692 7722
f 7692 7693 7722
f 7722 7693 7723
f 7693 7663 7723
f 7663 7694 7723
f 7694 7722 7723
f 7694 7695 7722
f 7695 7721 7722
f 7695 7696 7721
f 7696 7720 7721
f 7696 7697 7720
f 7697 7719 7720
f 7697 7698 7719
f 7698 7718 7719
f 7698 7699 7718
f 7699 7717 7718
f 7699 7700 7717
f 7700 7716 7717
f 7700 7701 7716
f 7701 7702 7716
f 7716 7702 7715
f 7702 7703 7715
f 7715 7703 7714
f 7703 7704 7714
f 7714 7704 7713
f 7704 7705 7713
f 7713 7705 7712
f 7705 7706 7712
f 7712 7706 7711
f 7706 7707 7711
f 7711 7707 7710
f 7707 7708 7710
f 7710 7708 7709
f 7708 7647 7709
f 7167 7724 7168
f 7724 7725 7168
f 7168 7725 7171
f 7725 7726 7171
f 7171 7726 7173
f 7726 7727 7173
f 7173 7727 7175
f 7727 7728 7175
f 7175 7728 7177
f 7728 7729 7177
f 7177 7729 7179
f 7729 7730 7179
f 7179 7730 7181
f 7730 7731 7181
f 7181 7731 7183
f 7731 7732 7183
f 7183 7732 7733
f 7183 7733 7186
f 7186 7733 7734
f 7186 7734 7188
f 7188 7734 7735
f 7188 7735 7190
f 7190 7735 7736
f 7190 7736 7192
f 7192 7736 7737
f 7192 7737 7194
f 7194 7737 7738
f 7194 7738 7196
f 7196 7738 7739
f 7196 7739 7198
f 7198 7739 7740
f 7198 7740 7200
f 7200 7740 7201
f 7740 7741 7201
f 7201 7741 7203
f 7741 7742 7203
f 7203 7742 7205
f 7742 7743 7205
f 7205 7743 7207
f 7743 7744 7207
f 7207 7744 7209
f 7744 7745 7209
f 7209 7745 7211
f 7745 7746 7211
f 7211 7746 7213
f 7746 7747 7213
f 7213 7747 7215
f 7747 7748 7215
f 7215 7748 7749
f 7215 7749 7218
f 7218 7749 7750
f 7218 7750 7220
f 7220 7750 7751
f 7220 7751 7222
f 7222 7751 7752
f 7222 7752 7224
f 7224 7752 7753
f 7224 7753 7226
f 7226 7753 7754
f 7226 7754 7228
f 7228 7754 7755
f 7228 7755 7230
f 7230 7755 7724
f 7230 7724 7167
f 7724 7756 7725
f 7756 7757 7725
f 7725 7757 7726
f 7757 7758 7726
f 7726 7758 7727
f 7758 7759 7727
f 7727 7759 7728
f 7759 7760 7728
f 7728 7760 7729
f 7760 7761 7729
f 7729 7761 7730
f 7761 7762 7730
f 7730 7762 7731
f 7762 7763 7731
f 7731 7763 7732
f 7763 7764 7732
f 7732 7764 7765
f 7732 7765 7733
f 7733 7765 7766
f 7733 7766 7734
f 7734 7766 7767
f 7734 7767 7735
f 7735 7767 7768
f 7735 7768 7736
f 7736 7768 7769
f 7736 7769 7737
f 7737 7769 7770
f 7737 7770 7738
f 7738 7770 7771
f 7738 7771 7739
f 7739 7771 7772
f 7739 7772 7740
f 7740 7772 7741
f 7772 7773 7741
f 7741 7773 7742
f 7773 7774 7742
f 7742 7774 7743
f 7774 7775 7743
f 7743 7775 7744
f 7775 7776 7744
f 7744 7776 7745
f 7776 7777 7745
f 7745 7777 7746
f 7777 7778 7746
f 7746 7778 7747
f 7778 7779 7747
f 7747 7779 7748
f 7779 7780 7748
f 7748 7780 7781
f 7748 7781 7749
f 7749 7781 7782
f 7749 7782 7750
f 7750 7782 7783
f 7750 7783 7751
f 7751 7783 7784
f 7751 7784 7752
f 7752 7784 7785
f 7752 7785 7753
f 7753 7785 7786
f 7753 7786 7754
f 7754 7786 7787
f 7754 7787 7755
f 7755 7787 7756
f 7755 7756 7724
f 7756 7788 7757
f 7788 7789 7757
f 7757 7789 7758
f 7789 7790 7758
f 7758 7790 7759
f 7790 7791 7759
f 7759 7791 7760
f 7791 7792 7760
f 7760 7792 7761
f 7792 7793 7761
f 7761 7793 7762
f 7793 7794 7762
f 7762 7794 7763
f 7794 7795 7763
f 7763 7795 7764
f 7795 7796 7764
f 7764 7796 7797
f 7764 7797 7765
f 7765 7797 7798
f 7765 7798 7766
f 7766 7798 7799
f 7766 7799 7767
f 7767 7799 7800
f 7767 7800 7768
f 7768 7800 7801
f 7768 7801 7769
f 7769 7801 7802
f 7769 7802 7770
f 7770 7802 7803
f 7770 7803 7771
f 7771 7803 7804
f 7771 7804 7772
f 7772 7804 7773
f 7804 7805 7773
f 7773 7805 7774
f 7805 7806 7774
f 7774 7806 7775
f 7806 7807 7775
f 7775 7807 7776
f 7807 7808 7776
f 7776 7808 7777
f 7808 7809 7777
f 7777 7809 7778
f 7809 7810 7778
f 7778 7810 7779
f 7810 7811 7779
f 7779 7811 7780
f 7811 7812 7780
f 7780 7812 7813
f 7780 7813 7781
f 7781 7813 7814
f 7781 7814 7782
f 7782 7814 7815
f 7782 7815 7783
f 7783 7815 7816
f 7783 7816 7784
f 7784 7816 7817
f 7784 7817 7785
f 7785 7817 7818
f 7785 7818 7786
f 7786 7818 7819
f 7786 7819 7787
f 7787 7819 7788
f 7787 7788 7756
f 7788 7820 7789
f 7820 7821 7789
f 7789 7821 7790
f 7821 7822 7790
f 7790 7822 7791
f 7822 7823 7791
f 7791 7823 7792
f 7823 7824 7792
f 7792 7824 7793
f 7824 7825 7793
f 7793 7825 7794
f 7825 7826 7794
f 7794 7826 7795
f 7826 7827 7795
f 7795 7827 7796
f 7827 7828 7796
f 7796 7828 7829
f 7796 7829 7797
f 7797 7829 7830
f 7797 7830 7798
f 7798 7830 7831
f 7798 7831 7799
f 7799 7831 7832
f 7799 7832 7800
f 7800 7832 7833
f 7800 7833 7801
f 7801 7833 7834
f 7801 7834 7802
f 7802 7834 7835
f 7802 7835 7803
f 7803 7835 7836
f 7803 7836 7804
f 7804 7836 7805
f 7836 7837 7805
f 7805 7837 7806
f 7837 7838 7806
f 7806 7838 7807
f 7838 7839 7807
f 7807 7839 7808
f 7839 7840 7808
f 7808 7840 7809
f 7840 7841 7809
f 7809 7841 7810
f 7841 7842 7810
f 7810 7842 7811
f 7842 7843 7811
f 7811 7843 7812
f 7843 7844 7812
f 7812 7844 7845
f 7812 7845 7813
f 7813 7845 7846
f 7813 7846 7814
f 7814 7846 7847
f 7814 7847 7815
f 7815 7847 7848
f 7815 7848 7816
f 7816 7848 7849
f 7816 7849 7817
f 7817 7849 7850
f 7817 7850 7818
f 7818 7850 7851
f 7818 7851 7819
f 7819 7851 7820
f 7819 7820 7788
f 7820 7852 7821
f 7852 7853 7821
f 7821 7853 7822
f 7853 7854 7822
f 7822 7854 7823
f 7854 7855 7823
f 7823 7855 7824
f 7855 7856 7824
f 7824 7856 7825
f 7856 7857 7825
f 7825 7857 7826
f 7857 7858 7826
f 7826 7858 7827
f 7858 7859 7827
f 7827 7859 7828
f 7859 7860 7828
f 7828 7860 7861
f 7828 7861 7829
f 7829 7861 7862
f 7829 7862 7830
f 7830 7862 7863
f 7830 7863 7831
f 7831 7863 7864
f 7831 7864 7832
f 7832 7864 7865
f 7832 7865 7833
f 7833 7865 7866
f 7833 7866 7834
f 7834 7866 7867
f 7834 7867 7835
f 7835 7867 7868
f 7835 7868 7836
f 7836 7868 7837
f 7868 7869 7837
f 7837 7869 7838
f 7869 7870 7838
f 7838 7870 7839
f 7870 7871 7839
f 7839 7871 7840
f 7871 7872 7840
f 7840 7872 7841
f 7872 7873 7841
f 7841 7873 7842
f 7873 7874 7842
f 7842 7874 7843
f 7874 7875 7843
f 7843 7875 7844
f 7875 7876 7844
f 7844 7876 7877
f 7844 7877 7845
f 7845 7877 7878
f 7845 7878 7846
f 7846 7878 7879
f 7846 7879 7847
f 7847 7879 7880
f 7847 7880 7848
f 7848 7880 7881
f 7848 7881 7849
f 7849 7881 7882
f 7849 7882 7850
f 7850 7882 7883
f 7850 7883 7851
f 7851 7883 7852
f 7851 7852 7820
f 7852 7884 7853
f 7884 7885 7853
f 7853 7885 7854
f 7885 7886 7854
f 7854 7886 7855
f 7886 7887 7855
f 7855 7887 7856
f 7887 7888 7856
f 7856 7888 7857
f 7888 7889 7857
f 7857 7889 7858
f 7889 7890 7858
f 7858 7890 7859
f 7890 7891 7859
f 7859 7891 7860
f 7891 7892 7860
f 7860 7892 7893
f 7860 7893 7861
f 7861 7893 7894
f 7861 7894 7862
f 7862 7894 7895
f 7862 7895 7863
f 7863 7895 7896
f 7863 7896 7864
f 7864 7896 7897
f 7864 7897 7865
f 7865 7897 7898
f 7865 7898 7866
f 7866 7898 7899
f 7866 7899 7867
f 7867 7899 7900
f 7867 7900 7868
f 7868 7900 7869
f 7900 7901 7869
f 7869 7901 7870
f 7901 7902 7870
f 7870 7902 7871
f 7902 7903 7871
f 7871 7903 7872
f 7903 7904 7872
f 7872 7904 7873
f 7904 7905 7873
f 7873 7905 7874
f 7905 7906 7874
f 7874 7906 7875
f 7906 7907 7875
f 7875 7907 7876
f 7907 7908 7876
f 7876 7908 7909
f 7876 7909 7877
f 7877 7909 7910
f 7877 7910 7878
f 7878 7910 7911
f 7878 7911 7879
f 7879 7911 7912
f 7879 7912 7880
f 7880 7912 7913
f 7880 7913 7881
f 7881 7913 7914
f 7881 7914 7882
f 7882 7914 7915
f 7882 7915 7883
f 7883 7915 7884
f 7883 7884 7852
f 7884 7916 7885
f 7916 7917 7885
f 7885 7917 7886
f 7917 7918 7886
f 7886 7918 7887
f 7918 7919 7887
f 7887 7919 7888
f 7919 7920 7888
f 7888 7920 7889
f 7920 7921 7889
f 7889 7921 7890
f 7921 7922 7890
f 7890 7922 7891
f 7922 7923 7891
f 7891 7923 7892
f 7923 7924 7892
f 7892 7924 7925
f 7892 7925 7893
f 7893 7925 7926
f 7893 7926 7894
f 7894 7926 7927
f 7894 7927 7895
f 7895 7927 7928
f 7895 7928 7896
f 7896 7928 7929
f 7896 7929 7897
f 7897 7929 7930
f 7897 7930 7898
f 7898 7930 7931
f 7898 7931 7899
f 7899 7931 7932
f 7899 7932 7900
f 7900 7932 7901
f 7932 7933 7901
f 7901 7933 7902
f 7933 7934 7902
f 7902 7934 7903
f 7934 7935 7903
f 7903 7935 7904
f 7935 7936 7904
f 7904 7936 7905
f 7936 7937 7905
f 7905 7937 7906
f 7937 7938 7906
f 7906 7938 7907
f 7938 7939 7907
f 7907 7939 7908
f 7939 7940 7908
f 7908 7940 7941
f 7908 7941 7909
f 7909 7941 7942
f 7909 7942 7910
f 7910 7942 7943
f 7910 7943 7911
f 7911 7943 7944
f 7911 7944 7912
f 7912 7944 7945
f 7912 7945 7913
f 7913 7945 7946
f 7913 7946 7914
f 7914 7946 7947
f 7914 7947 7915
f 7915 7947 7916
f 7915 7916 7884
f 7916 7948 7917
f 7948 7949 7917
f 7917 7949 7918
f 7949 7950 7918
f 7918 7950 7919
f 7950 7951 7919
f 7919 7951 7920
f 7951 7952 7920
f 7920 7952 7921
f 7952 7953 7921
f 7921 7953 7922
f 7953 7954 7922
f 7922 7954 7923
f 7954 7955 7923
f 7923 7955 7924
f 7955 7956 7924
f 7924 7956 7957
f 7924 7957 7925
f 7925 7957 7958
f 7925 7958 7926
f 7926 7958 7959
f 7926 7959 7927
f 7927 7959 7960
f 7927 7960 7928
f 7928 7960 7961
f 7928 7961 7929
f 7929 7961 7962
f 7929 7962 7930
f 7930 7962 7963
f 7930 7963 7931
f 7931 7963 7964
f 7931 7964 7932
f 7932 7964 7933
f 7964 7965 7933
f 7933 7965 7934
f 7965 7966 7934
f 7934 7966 7935
f 7966 7967 7935
f 7935 7967 7936
f 7967 7968 7936
f 7936 7968 7937
f 7968 7969 7937
f 7937 7969 7938
f 7969 7970 7938
f 7938 7970 7939
f 7970 7971 7939
f 7939 7971 7940
f 7971 7972 7940
f 7940 7972 7973
f 7940 7973 7941
f 7941 7973 7974
f 7941 7974 7942
f 7942 7974 7975
f 7942 7975 7943
f 7943 7975 7976
f 7943 7976 7944
f 7944 7976 7977
f 7944 7977 7945
f 7945 7977 7978
f 7945 7978 7946
f 7946 7978 7979
f 7946 7979 7947
f 7947 7979 7948
f 7947 7948 7916
f 7948 7980 7949
f 7980 7981 7949
f 7949 7981 7950
f 7981 7982 7950
f 7950 7982 7951
f 7982 7983 7951
f 7951 7983 7952
f 7983 7984 7952
f 7952 7984 7953
f 7984 7985 7953
f 7953 7985 7954
f 7985 7986 7954
f 7954 7986 7955
f 7986 7987 7955
f 7955 7987 7956
f 7987 7988 7956
f 7956 7988 7989
f 7956 7989 7957
f 7957 7989 7990
f 7957 7990 7958
f 7958 7990 7991
f 7958 7991 7959
f 7959 7991 7992
f 7959 7992 7960
f 7960 7992 7993
f 7960 7993 7961
f 7961 7993 7994
f 7961 7994 7962
f 7962 7994 7995
f 7962 7995 7963
f 7963 7995 7996
f 7963 7996 7964
f 7964 7996 7965
f 7996 7997 7965
f 7965 7997 7966
f 7997 7998 7966
f 7966 7998 7967
f 7998 7999 7967
f 7967 7999 7968
f 7999 8000 7968
f 7968 8000 7969
f 8000 8001 7969
f 7969 8001 7970
f 8001 8002 7970
f 7970 8002 7971
f 8002 8003 7971
f 7971 8003 7972
f 8003 8004 7972
f 7972 8004 8005
f 7972 8005 7973
f 7973 8005 8006
f 7973 8006 7974
f 7974 8006 8007
f 7974 8007 7975
f 7975 8007 8008
f 7975 8008 7976
f 7976 8008 8009
f 7976 8009 7977
f 7977 8009 8010
f 7977 8010 7978
f 7978 8010 8011
f 7978 8011 7979
f 7979 8011 7980
f 7979 7980 7948
f 7980 8012 7981
f 8012 8013 7981
f 7981 8013 7982
f 8013 8014 7982
f 7982 8014 7983
f 8014 8015 7983
f 7983 8015 7984
f 8015 8016 7984
f 7984 8016 7985
f 8016 8017 7985
f 7985 8017 7986
f 8017 8018 7986
f 7986 8018 7987
f 8018 8019 7987
f 7987 8019 7988
f 8019 8020 7988
f 7988 8020 8021
f 7988 8021 7989
f 7989 8021 8022
f 7989 8022 7990
f 7990 8022 8023
f 7990 8023 7991
f 7991 8023 8024
f 7991 8024 7992
f 7992 8024 8025
f 7992 8025 7993
f 7993 8025 8026
f 7993 8026 7994
f 7994 8026 8027
f 7994 8027 7995
f 7995 8027 8028
f 7995 8028 7996
f 7996 8028 7997
f 8028 8029 7997
f 7997 8029 7998
f 8029 8030 7998
f 7998 8030 7999
f 8030 8031 7999
f 7999 8031 8000
f 8031 8032 8000
f 8000 8032 8001
f 8032 8033 8001
f 8001 8033 8002
f 8033 8034 8002
f 8002 8034 8003
f 8034 8035 8003
f 8003 8035 8004
f 8035 8036 8004
f 8004 8036 8037
f 8004 8037 8005
f 8005 8037 8038
f 8005 8038 8006
f 8006 8038 8039
f 8006 8039 8007
f 8007 8039 8040
f 8007 8040 8008
f 8008 8040 8041
f 8008 8041 8009
f 8009 8041 8042
f 8009 8042 8010
f 8010 8042 8043
f 8010 8043 8011
f 8011 8043 8012
f 8011 8012 7980
f 8012 8044 8013
f 8044 8045 8013
f 8013 8045 8014
f 8045 8046 8014
f 8014 8046 8015
f 8046 8047 8015
f 8015 8047 8016
f 8047 8048 8016
f 8016 8048 8017
f 8048 8049 8017
f 8017 8049 8018
f 8049 8050 8018
f 8018 8050 8019
f 8050 8051 8019
f 8019 8051 8020
f 8051 8052 8020
f 8020 8052 8053
f 8020 8053 8021
f 8021 8053 8054
f 8021 8054 8022
f 8022 8054 8055
f 8022 8055 8023
f 8023 8055 8056
f 8023 8056 8024
f 8024 8056 8057
f 8024 8057 8025
f 8025 8057 8058
f 8025 8058 8026
f 8026 8058 8059
f 8026 8059 8027
f 8027 8059 8060
f 8027 8060 8028
f 8028 8060 8029
f 8060 8061 8029
f 8029 8061 8030
f 8061 8062 8030
f 8030 8062 8031
f 8062 8063 8031
f 8031 8063 8032
f 8063 8064 8032
f 8032 8064 8033
f 8064 8065 8033
f 8033 8065 8034
f 8065 8066 8034
f 8034 8066 8035
f 8066 8067 8035
f 8035 8067 8036
f 8067 8068 8036
f 8036 8068 8069
f 8036 8069 8037
f 8037 8069 8070
f 8037 8070 8038
f 8038 8070 8071
f 8038 8071 8039
f 8039 8071 8072
f 8039 8072 8040
f 8040 8072 8073
f 8040 8073 8041
f 8041 8073 8074
f 8041 8074 8042
f 8042 8074 8075
f 8042 8075 8043
f 8043 8075 8044
f 8043 8044 8012
f 8044 8076 8045
f 8076 8077 8045
f 8045 8077 8046
f 8077 8078 8046
f 8046 8078 8047
f 8078 8079 8047
f 8047 8079 8048
f 8079 8080 8048
f 8048 8080 8049
f 8080 8081 8049
f 8049 8081 8050
f 8081 8082 8050
f 8050 8082 8051
f 8082 8083 8051
f 8051 8083 8052
f 8083 8084 8052
f 8052 8084 8085
f 8052 8085 8053
f 8053 8085 8086
f 8053 8086 8054
f 8054 8086 8087
f 8054 8087 8055
f 8055 8087 8088
f 8055 8088 8056
f 8056 8088 8089
f 8056 8089 8057
f 8057 8089 8090
f 8057 8090 8058
f 8058 8090 8091
f 8058 8091 8059
f 8059 8091 8092
f 8059 8092 8060
f 8060 8092 8061
f 8092 8093 8061
f 8061 8093 8062
f 8093 8094 8062
f 8062 8094 8063
f 8094 8095 8063
f 8063 8095 8064
f 8095 8096 8064
f 8064 8096 8065
f 8096 8097 8065
f 8065 8097 8066
f 8097 8098 8066
f 8066 8098 8067
f 8098 8099 8067
f 8067 8099 8068
f 8099 8100 8068
f 8068 8100 8101
f 8068 8101 8069
f 8069 8101 8102
f 8069 8102 8070
f 8070 8102 8103
f 8070 8103 8071
f 8071 8103 8104
f 8071 8104 8072
f 8072 8104 8105
f 8072 8105 8073
f 8073 8105 8106
f 8073 8106 8074
f 8074 8106 8107
f 8074 8107 8075
f 8075 8107 8076
f 8075 8076 8044
f 8076 8108 8077
f 8108 8109 8077
f 8077 8109 8078
f 8109 8110 8078
f 8078 8110 8079
f 8110 8111 8079
f 8079 8111 8080
f 8111 8112 8080
f 8080 8112 8081
f 8112 8113 8081
f 8081 8113 8082
f 8113 8114 8082
f 8082 8114 8083
f 8114 8115 8083
f 8083 8115 8084
f 8115 8116 8084
f 8084 8116 8117
f 8084 8117 8085
f 8085 8117 8118
f 8085 8118 8086
f 8086 8118 8119
f 8086 8119 8087
f 8087 8119 8120
f 8087 8120 8088
f 8088 8120 8121
f 8088 8121 8089
f 8089 8121 8122
f 8089 8122 8090
f 8090 8122 8123
f 8090 8123 8091
f 8091 8123 8124
f 8091 8124 8092
f 8092 8124 8093
f 8124 8125 8093
f 8093 8125 8094
f 8125 8126 8094
f 8094 8126 8095
f 8126 8127 8095
f 8095 8127 8096
f 8127 8128 8096
f 8096 8128 8097
f 8128 8129 8097
f 8097 8129 8098
f 8129 8130 8098
f 8098 8130 8099
f 8130 8131 8099
f 8099 8131 8100
f 8131 8132 8100
f 8100 8132 8133
f 8100 8133 8101
f 8101 8133 8134
f 8101 8134 8102
f 8102 8134 8135
f 8102 8135 8103
f 8103 8135 8136
f 8103 8136 8104
f 8104 8136 8137
f 8104 8137 8105
f 8105 8137 8138
f 8105 8138 8106
f 8106 8138 8139
f 8106 8139 8107
f 8107 8139 8108
f 8107 8108 8076
f 8108 8140 8109
f 8140 8141 8109
f 8109 8141 8110
f 8141 8142 8110
f 8110 8142 8111
f 8142 8143 8111
f 8111 8143 8112
f 8143 8144 8112
f 8112 8144 8113
f 8144 8145 8113
f 8113 8145 8114
f 8145 8146 8114
f 8114 8146 8115
f 8146 8147 8115
f 8115 8147 8116
f 8147 8148 8116
f 8116 8148 8149
f 8116 8149 8117
f 8117 8149 8150
f 8117 8150 8118
f 8118 8150 8151
f 8118 8151 8119
f 8119 8151 8152
f 8119 8152 8120
f 8120 8152 8153
f 8120 8153 8121
f 8121 8153 8154
f 8121 8154 8122
f 8122 8154 8155
f 8122 8155 8123
f 8123 8155 8156
f 8123 8156 8124
f 8124 8156 8125
f 8156 8157 8125
f 8125 8157 8126
f 8157 8158 8126
f 8126 8158 8127
f 8158 8159 8127
f 8127 8159 8128
f 8159 8160 8128
f 8128 8160 8129
f 8160 8161 8129
f 8129 8161 8130
f 8161 8162 8130
f 8130 8162 8131
f 8162 8163 8131
f 8131 8163 8132
f 8163 8164 8132
f 8132 8164 8165
f 8132 8165 8133
f 8133 8165 8166
f 8133 8166 8134
f 8134 8166 8167
f 8134 8167 8135
f 8135 8167 8168
f 8135 8168 8136
f 8136 8168 8169
f 8136 8169 8137
f 8137 8169 8170
f 8137 8170 8138
f 8138 8170 8171
f 8138 8171 8139
f 8139 8171 8140
f 8139 8140 8108
f 8140 8172 8141
f 8172 8173 8141
f 8141 8173 8142
f 8173 8174 8142
f 8142 8174 8143
f 8174 8175 8143
f 8143 8175 8144
f 8175 8176 8144
f 8144 8176 8145
f 8176 8177 8145
f 8145 8177 8146
f 8177 8178 8146
f 8146 8178 8147
f 8178 8179 8147
f 8147 8179 8148
f 8179 8180 8148
f 8148 8180 8181
f 8148 8181 8149
f 8149 8181 8182
f 8149 8182 8150
f 8150 8182 8183
f 8150 8183 8151
f 8151 8183 8184
f 8151 8184 8152
f 8152 8184 8185
f 8152 8185 8153
f 8153 8185 8186
f 8153 8186 8154
f 8154 8186 8187
f 8154 8187 8155
f 8155 8187 8188
f 8155 8188 8156
f 8156 8188 8157
f 8188 8189 8157
f 8157 8189 8158
f 8189 8190 8158
f 8158 8190 8159
f 8190 8191 8159
f 8159 8191 8160
f 8191 8192 8160
f 8160 8192 8161
f 8192 8193 8161
f 8161 8193 8162
f 8193 8194 8162
f 8162 8194 8163
f 8194 8195 8163
f 8163 8195 8164
f 8195 8196 8164
f 8164 8196 8197
f 8164 8197 8165
f 8165 8197 8198
f 8165 8198 8166
f 8166 8198 8199
f 8166 8199 8167
f 8167 8199 8200
f 8167 8200 8168
f 8168 8200 8201
f 8168 8201 8169
f 8169 8201 8202
f 8169 8202 8170
f 8170 8202 8203
f 8170 8203 8171
f 8171 8203 8172
f 8171 8172 8140
f 8172 8204 8173
f 8173 8204 8205
f 8173 8205 8174
f 8174 8205 8206
f 8174 8206 8175
f 8175 8206 8207
f 8175 8207 8176
f 8176 8207 8208
f 8176 8208 8177
f 8177 8208 8209
f 8177 8209 8178
f 8178 8209 8210
f 8178 8210 8179
f 8179 8210 8211
f 8179 8211 8180
f 8180 8211 8181
f 8211 8212 8181
f 8181 8212 8182
f 8212 8213 8182
f 8182 8213 8183
f 8213 8214 8183
f 8183 8214 8184
f 8214 8215 8184
f 8184 8215 8185
f 8215 8216 8185
f 8185 8216 8186
f 8216 8217 8186
f 8186 8217 8187
f 8217 8218 8187
f 8187 8218 8188
f 8188 8219 8189
f 8189 8219 8220
f 8189 8220 8190
f 8190 8220 8221
f 8190 8221 8191
f 8191 8221 8222
f 8191 8222 8192
f 8192 8222 8223
f 8192 8223 8193
f 8193 8223 8224
f 8193 8224 8194
f 8194 8224 8225
f 8194 8225 8195
f 8195 8225 8226
f 8195 8226 8196
f 8196 8226 8197
f 8226 8227 8197
f 8197 8227 8198
f 8227 8228 8198
f 8198 8228 8199
f 8228 8229 8199
f 8199 8229 8200
f 8229 8230 8200
f 8200 8230 8201
f 8230 8231 8201
f 8201 8231 8202
f 8231 8232 8202
f 8202 8232 8203
f 8232 8233 8203
f 8203 8233 8172
f 8172 8234 8204
f 8204 8234 8235
f 8204 8235 8205
f 8205 8235 8236
f 8205 8236 8206
f 8206 8236 8237
f 8206 8237 8207
f 8207 8237 8238
f 8207 8238 8208
f 8208 8238 8239
f 8208 8239 8209
f 8209 8239 8240
f 8209 8240 8210
f 8210 8240 8241
f 8210 8241 8211
f 8211 8241 8212
f 8241 8242 8212
f 8212 8242 8213
f 8242 8243 8213
f 8213 8243 8214
f 8243 8244 8214
f 8214 8244 8215
f 8244 8245 8215
f 8215 8245 8216
f 8245 8246 8216
f 8216 8246 8217
f 8246 8247 8217
f 8217 8247 8218
f 8247 8248 8218
f 8218 8248 8188
f 8188 8248 8219
f 8219 8248 8247
f 8219 8247 8220
f 8220 8247 8246
f 8220 8246 8221
f 8221 8246 8245
f 8221 8245 8222
f 8222 8245 8244
f 8222 8244 8223
f 8223 8244 8243
f 8223 8243 8224
f 8224 8243 8242
f 8224 8242 8225
f 8225 8242 8241
f 8225 8241 8226
f 8226 8241 8227
f 8241 8240 8227
f 8227 8240 8228
f 8240 8239 8228
f 8228 8239 8229
f 8239 8238 8229
f 8229 8238 8230
f 8238 8237 8230
f 8230 8237 8231
f 8237 8236 8231
f 8231 8236 8232
f 8236 8235 8232
f 8232 8235 8233
f 8235 8234 8233
f 8233 8234 8172
