v    0.08670228115      0.119044587        -0.593552
v    0.08670228115     0.1145879267    -0.6241774038
v                0                0             -0.6
v    0.08670228115     0.1021378387    -0.6523287378
v    0.08670228115     0.0830741626    -0.6766261626
v    0.08670228115     0.0587767378    -0.6956898387
v    0.08670228115    0.03062540377    -0.7081399267
v    0.08670228115 -1.065814104e-17     -0.712596587
v    0.08670228115   -0.03062540377    -0.7081399267
v    0.08670228115    -0.0587767378    -0.6956898387
v    0.08670228115    -0.0830741626    -0.6766261626
v    0.08670228115    -0.1021378387    -0.6523287378
v    0.08670228115    -0.1145879267    -0.6241774038
v    0.08670228115     -0.119044587        -0.593552
v    0.08670228115    -0.1145879267    -0.5629265962
v    0.08670228115    -0.1021378387    -0.5347752622
v    0.08670228115    -0.0830741626    -0.5104778374
v    0.08670228115    -0.0587767378    -0.4914141613
v    0.08670228115   -0.03062540377    -0.4789640733
v    0.08670228115 -1.243449788e-17     -0.474507413
v    0.08670228115    0.03062540377    -0.4789640733
v    0.08670228115     0.0587767378    -0.4914141613
v    0.08670228115     0.0830741626    -0.5104778374
v    0.08670228115     0.1021378387    -0.5347752622
v    0.08670228115     0.1145879267    -0.5629265962
v     0.1774582429     0.2768051603        -0.578176
v     0.1774582429     0.2666839373    -0.6505944006
v     0.1774582429     0.2382660209    -0.7163906235
v     0.1774582429     0.1944700399    -0.7726460399
v     0.1774582429     0.1382146235    -0.8164420209
v     0.1774582429    0.07241840055    -0.8448599373
v     0.1774582429 -1.199040867e-17    -0.8549811603
v     0.1774582429   -0.07241840055    -0.8448599373
v     0.1774582429    -0.1382146235    -0.8164420209
v     0.1774582429    -0.1944700399    -0.7726460399
v     0.1774582429    -0.2382660209    -0.7163906235
v     0.1774582429    -0.2666839373    -0.6505944006
v     0.1774582429    -0.2768051603        -0.578176
v     0.1774582429    -0.2666839373    -0.5057575994
v     0.1774582429    -0.2382660209    -0.4399613765
v     0.1774582429    -0.1944700399    -0.3837059601
v     0.1774582429    -0.1382146235    -0.3399099791
v     0.1774582429   -0.07241840055    -0.3114920627
v     0.1774582429 -1.398881011e-17    -0.3013708397
v     0.1774582429    0.07241840055    -0.3114920627
v     0.1774582429     0.1382146235    -0.3399099791
v     0.1774582429     0.1944700399    -0.3837059601
v     0.1774582429     0.2382660209    -0.4399613765
v     0.1774582429     0.2666839373    -0.5057575994
v     0.2798630641     0.4358434402        -0.559824
v     0.2798630641     0.4201125888    -0.6748779386
v     0.2798630641     0.3758193059    -0.7787650737
v     0.2798630641     0.3073124985    -0.8671364985
v     0.2798630641     0.2189410737    -0.9356433059
v     0.2798630641     0.1150539386    -0.9799365888
v     0.2798630641 -7.993605777e-18    -0.9956674402
v     0.2798630641    -0.1150539386    -0.9799365888
v     0.2798630641    -0.2189410737    -0.9356433059
v     0.2798630641    -0.3073124985    -0.8671364985
v     0.2798630641    -0.3758193059    -0.7787650737
v     0.2798630641    -0.4201125888    -0.6748779386
v     0.2798630641    -0.4358434402        -0.559824
v     0.2798630641    -0.4201125888    -0.4447700614
v     0.2798630641    -0.3758193059    -0.3408829263
v     0.2798630641    -0.3073124985    -0.2525115015
v     0.2798630641    -0.2189410737    -0.1840046941
v     0.2798630641    -0.1150539386    -0.1397114112
v     0.2798630641 -9.325873407e-18    -0.1239805598
v     0.2798630641     0.1150539386    -0.1397114112
v     0.2798630641     0.2189410737    -0.1840046941
v     0.2798630641     0.3073124985    -0.2525115015
v     0.2798630641     0.3758193059    -0.3408829263
v     0.2798630641     0.4201125888    -0.4447700614
v     0.4015119235     0.5587211467        -0.544448
v     0.4015119235      0.538698438     -0.692654966
v     0.4015119235     0.4822324533    -0.8260315051
v     0.4015119235     0.3947264049    -0.9391744049
v     0.4015119235     0.2815835051     -1.026680453
v     0.4015119235      0.148206966     -1.083146438
v     0.4015119235 -2.664535259e-18     -1.103169147
v     0.4015119235     -0.148206966     -1.083146438
v     0.4015119235    -0.2815835051     -1.026680453
v     0.4015119235    -0.3947264049    -0.9391744049
v     0.4015119235    -0.4822324533    -0.8260315051
v     0.4015119235     -0.538698438     -0.692654966
v     0.4015119235    -0.5587211467        -0.544448
v     0.4015119235     -0.538698438     -0.396241034
v     0.4015119235    -0.4822324533    -0.2628644949
v     0.4015119235    -0.3947264049    -0.1497215951
v     0.4015119235    -0.2815835051   -0.06221554669
v     0.4015119235     -0.148206966  -0.005749561991
v     0.4015119235 -3.108624469e-18    0.01427314674
v     0.4015119235      0.148206966  -0.005749561991
v     0.4015119235     0.2815835051   -0.06221554669
v     0.4015119235     0.3947264049    -0.1497215951
v     0.4015119235     0.4822324533    -0.2628644949
v     0.4015119235      0.538698438     -0.396241034
v             0.55            0.608           -0.538
v             0.55     0.5862660418    -0.6995524311
v             0.55     0.5249402226     -0.844769334
v             0.55     0.4298366256    -0.9678366256
v             0.55      0.306769334     -1.062940223
v             0.55     0.1615524311     -1.124266042
v             0.55                0           -1.146
v             0.55    -0.1615524311     -1.124266042
v             0.55     -0.306769334     -1.062940223
v             0.55    -0.4298366256    -0.9678366256
v             0.55    -0.5249402226     -0.844769334
v             0.55    -0.5862660418    -0.6995524311
v             0.55           -0.608           -0.538
v             0.55    -0.5862660418    -0.3764475689
v             0.55    -0.5249402226     -0.231230666
v             0.55    -0.4298366256    -0.1081633744
v             0.55     -0.306769334   -0.01305977743
v             0.55    -0.1615524311    0.04826604177
v             0.55                0             0.07
v             0.55     0.1615524311    0.04826604177
v             0.55      0.306769334   -0.01305977743
v             0.55     0.4298366256    -0.1081633744
v             0.55     0.5249402226     -0.231230666
v             0.55     0.5862660418    -0.3764475689
v     0.7112908059          0.66416        -0.528744
v     0.7112908059     0.6404185104    -0.7052187741
v     0.7112908059     0.5734281221     -0.863849133
v     0.7112908059      0.469539956     -0.998283956
v     0.7112908059      0.335105133     -1.102172122
v     0.7112908059     0.1764747741      -1.16916251
v     0.7112908059                0        -1.192904
v     0.7112908059    -0.1764747741      -1.16916251
v     0.7112908059     -0.335105133     -1.102172122
v     0.7112908059     -0.469539956     -0.998283956
v     0.7112908059    -0.5734281221     -0.863849133
v     0.7112908059    -0.6404185104    -0.7052187741
v     0.7112908059         -0.66416        -0.528744
v     0.7112908059    -0.6404185104    -0.3522692259
v     0.7112908059    -0.5734281221     -0.193638867
v     0.7112908059     -0.469539956     -0.059204044
v     0.7112908059     -0.335105133    0.04468412207
v     0.7112908059    -0.1764747741     0.1116745104
v     0.7112908059                0         0.135416
v     0.7112908059     0.1764747741     0.1116745104
v     0.7112908059      0.335105133    0.04468412207
v     0.7112908059      0.469539956     -0.059204044
v     0.7112908059     0.5734281221     -0.193638867
v     0.7112908059     0.6404185104    -0.3522692259
v     0.8705451241          0.79808        -0.506672
v     0.8705451241     0.7695513201    -0.7187308227
v     0.8705451241     0.6890531132    -0.9093471153
v     0.8705451241     0.5642171285     -1.070889129
v     0.8705451241     0.4026751153     -1.195725113
v     0.8705451241     0.2120588227      -1.27622332
v     0.8705451241                0        -1.304752
v     0.8705451241    -0.2120588227      -1.27622332
v     0.8705451241    -0.4026751153     -1.195725113
v     0.8705451241    -0.5642171285     -1.070889129
v     0.8705451241    -0.6890531132    -0.9093471153
v     0.8705451241    -0.7695513201    -0.7187308227
v     0.8705451241         -0.79808        -0.506672
v     0.8705451241    -0.7695513201    -0.2946131773
v     0.8705451241    -0.6890531132    -0.1039968847
v     0.8705451241    -0.5642171285    0.05754512853
v     0.8705451241    -0.4026751153     0.1823811132
v     0.8705451241    -0.2120588227     0.2628793201
v     0.8705451241                0         0.291408
v     0.8705451241     0.2120588227     0.2628793201
v     0.8705451241     0.4026751153     0.1823811132
v     0.8705451241     0.5642171285    0.05754512853
v     0.8705451241     0.6890531132    -0.1039968847
v     0.8705451241     0.7695513201    -0.2946131773
v      1.034154039          0.95792        -0.480328
v      1.034154039     0.9236775769    -0.7348581066
v      1.034154039     0.8270571349    -0.9636511586
v      1.034154039     0.6772189151     -1.157546915
v      1.034154039     0.4833231586     -1.307385135
v      1.034154039     0.2545301066     -1.404005577
v      1.034154039                0        -1.438248
v      1.034154039    -0.2545301066     -1.404005577
v      1.034154039    -0.4833231586     -1.307385135
v      1.034154039    -0.6772189151     -1.157546915
v      1.034154039    -0.8270571349    -0.9636511586
v      1.034154039    -0.9236775769    -0.7348581066
v      1.034154039         -0.95792        -0.480328
v      1.034154039    -0.9236775769    -0.2257978934
v      1.034154039    -0.8270571349   0.002995158635
v      1.034154039    -0.6772189151     0.1968909151
v      1.034154039    -0.4833231586     0.3467291349
v      1.034154039    -0.2545301066     0.4433495769
v      1.034154039                0         0.477592
v      1.034154039     0.2545301066     0.4433495769
v      1.034154039     0.4833231586     0.3467291349
v      1.034154039     0.6772189151     0.1968909151
v      1.034154039     0.8270571349   0.002995158635
v      1.034154039     0.9236775769    -0.2257978934
v      1.208508636          1.09184        -0.458256
v      1.208508636      1.052810387    -0.7483701552
v      1.208508636      0.942682126     -1.009149141
v      1.208508636     0.7718960876     -1.230152088
v      1.208508636     0.5508931409     -1.400938126
v      1.208508636     0.2901141552     -1.511066387
v      1.208508636                0        -1.550096
v      1.208508636    -0.2901141552     -1.511066387
v      1.208508636    -0.5508931409     -1.400938126
v      1.208508636    -0.7718960876     -1.230152088
v      1.208508636     -0.942682126     -1.009149141
v      1.208508636     -1.052810387    -0.7483701552
v      1.208508636         -1.09184        -0.458256
v      1.208508636     -1.052810387    -0.1681418448
v      1.208508636     -0.942682126    0.09263714089
v      1.208508636    -0.7718960876     0.3136400876
v      1.208508636    -0.5508931409      0.484426126
v      1.208508636    -0.2901141552     0.5945543866
v      1.208508636                0         0.633584
v      1.208508636     0.2901141552     0.5945543866
v      1.208508636     0.5508931409      0.484426126
v      1.208508636     0.7718960876     0.3136400876
v      1.208508636      0.942682126    0.09263714089
v      1.208508636      1.052810387    -0.1681418448
v              1.4            1.148           -0.449
v              1.4      1.106962855    -0.7540364982
v              1.4     0.9911700255      -1.02822894
v              1.4      0.811599418     -1.260599418
v              1.4     0.5792289399     -1.440170026
v              1.4     0.3050364982     -1.555962855
v              1.4                0           -1.597
v              1.4    -0.3050364982     -1.555962855
v              1.4    -0.5792289399     -1.440170026
v              1.4     -0.811599418     -1.260599418
v              1.4    -0.9911700255      -1.02822894
v              1.4     -1.106962855    -0.7540364982
v              1.4           -1.148           -0.449
v              1.4     -1.106962855    -0.1439635018
v              1.4    -0.9911700255     0.1302289399
v              1.4     -0.811599418      0.362599418
v              1.4    -0.5792289399     0.5421700255
v              1.4    -0.3050364982     0.6579628552
v              1.4                0            0.699
v              1.4     0.3050364982     0.6579628552
v              1.4     0.5792289399     0.5421700255
v              1.4      0.811599418      0.362599418
v              1.4     0.9911700255     0.1302289399
v              1.4      1.106962855    -0.1439635018
v      1.618597243         1.210608         -0.43652
v      1.618597243      1.167332829    -0.7581921472
v      1.618597243      1.045225054     -1.047338108
v      1.618597243      0.855861279     -1.292381279
v      1.618597243     0.6108181084     -1.481745054
v      1.618597243     0.3216721472     -1.603852829
v      1.618597243                0        -1.647128
v      1.618597243    -0.3216721472     -1.603852829
v      1.618597243    -0.6108181084     -1.481745054
v      1.618597243     -0.855861279     -1.292381279
v      1.618597243     -1.045225054     -1.047338108
v      1.618597243     -1.167332829    -0.7581921472
v      1.618597243        -1.210608         -0.43652
v      1.618597243     -1.167332829    -0.1148478528
v      1.618597243     -1.045225054     0.1742981084
v      1.618597243     -0.855861279      0.419341279
v      1.618597243    -0.6108181084     0.6087050542
v      1.618597243    -0.3216721472     0.7308128294
v      1.618597243                0         0.774088
v      1.618597243     0.3216721472     0.7308128294
v      1.618597243     0.6108181084     0.6087050542
v      1.618597243      0.855861279      0.419341279
v      1.618597243      1.045225054     0.1742981084
v      1.618597243      1.167332829    -0.1148478528
v      1.865163597         1.359904         -0.40676
v      1.865163597      1.311291999    -0.7681017718
v      1.865163597      1.174125507     -1.092906126
v      1.865163597     0.9614087936     -1.368168794
v      1.865163597     0.6861461257     -1.580885507
v      1.865163597     0.3613417718     -1.718051999
v      1.865163597                0        -1.766664
v      1.865163597    -0.3613417718     -1.718051999
v      1.865163597    -0.6861461257     -1.580885507
v      1.865163597    -0.9614087936     -1.368168794
v      1.865163597     -1.174125507     -1.092906126
v      1.865163597     -1.311291999    -0.7681017718
v      1.865163597        -1.359904         -0.40676
v      1.865163597     -1.311291999   -0.04541822819
v      1.865163597     -1.174125507     0.2793861257
v      1.865163597    -0.9614087936     0.5546487936
v      1.865163597    -0.6861461257     0.7673655073
v      1.865163597    -0.3613417718     0.9045319988
v      1.865163597                0         0.953144
v      1.865163597     0.3613417718     0.9045319988
v      1.865163597     0.6861461257     0.7673655073
v      1.865163597     0.9614087936     0.5546487936
v      1.865163597      1.174125507     0.2793861257
v      1.865163597      1.311291999   -0.04541822819
v      2.132431331         1.538096         -0.37124
v      2.132431331      1.483114233    -0.7799293883
v      2.132431331      1.327974435     -1.147293759
v      2.132431331      1.087384859     -1.458624859
v      2.132431331     0.7760537592     -1.699214435
v      2.132431331     0.4086893883     -1.854354233
v      2.132431331                0        -1.909336
v      2.132431331    -0.4086893883     -1.854354233
v      2.132431331    -0.7760537592     -1.699214435
v      2.132431331     -1.087384859     -1.458624859
v      2.132431331     -1.327974435     -1.147293759
v      2.132431331     -1.483114233    -0.7799293883
v      2.132431331        -1.538096         -0.37124
v      2.132431331     -1.483114233    0.03744938826
v      2.132431331     -1.327974435     0.4048137592
v      2.132431331     -1.087384859     0.7161448593
v      2.132431331    -0.7760537592     0.9567344352
v      2.132431331    -0.4086893883      1.111874233
v      2.132431331                0         1.166856
v      2.132431331     0.4086893883      1.111874233
v      2.132431331     0.7760537592     0.9567344352
v      2.132431331      1.087384859     0.7161448593
v      2.132431331      1.327974435     0.4048137592
v      2.132431331      1.483114233    0.03744938826
v       2.41313271         1.687392         -0.34148
v       2.41313271      1.627073403    -0.7898390129
v       2.41313271      1.456874888     -1.192861776
v       2.41313271      1.192932374     -1.534412374
v       2.41313271     0.8513817764     -1.798354888
v       2.41313271     0.4483590129     -1.968553403
v       2.41313271                0        -2.028872
v       2.41313271    -0.4483590129     -1.968553403
v       2.41313271    -0.8513817764     -1.798354888
v       2.41313271     -1.192932374     -1.534412374
v       2.41313271     -1.456874888     -1.192861776
v       2.41313271     -1.627073403    -0.7898390129
v       2.41313271        -1.687392         -0.34148
v       2.41313271     -1.627073403     0.1068790129
v       2.41313271     -1.456874888     0.5099017764
v       2.41313271     -1.192932374     0.8514523739
v       2.41313271    -0.8513817764      1.115394888
v       2.41313271    -0.4483590129      1.285593403
v       2.41313271                0         1.345912
v       2.41313271     0.4483590129      1.285593403
v       2.41313271     0.8513817764      1.115394888
v       2.41313271      1.192932374     0.8514523739
v       2.41313271      1.456874888     0.5099017764
v       2.41313271      1.627073403     0.1068790129
v              2.7             1.75           -0.329
v              2.7      1.687443377    -0.7939946619
v              2.7      1.510929917     -1.211970945
v              2.7      1.237194235     -1.566194235
v              2.7      0.882970945     -1.839929917
v              2.7     0.4649946619     -2.016443377
v              2.7                0           -2.079
v              2.7    -0.4649946619     -2.016443377
v              2.7     -0.882970945     -1.839929917
v              2.7     -1.237194235     -1.566194235
v              2.7     -1.510929917     -1.211970945
v              2.7     -1.687443377    -0.7939946619
v              2.7            -1.75           -0.329
v              2.7     -1.687443377     0.1359946619
v              2.7     -1.510929917      0.553970945
v              2.7     -1.237194235     0.9081942348
v              2.7     -0.882970945      1.181929917
v              2.7    -0.4649946619      1.358443377
v              2.7                0            1.421
v              2.7     0.4649946619      1.358443377
v              2.7      0.882970945      1.181929917
v              2.7      1.237194235     0.9081942348
v              2.7      1.510929917      0.553970945
v              2.7      1.687443377     0.1359946619
v      2.996293047         1.805588        -0.316208
v      2.996293047      1.741044292     -0.795973018
v      2.996293047      1.558923958     -1.227226139
v      2.996293047      1.276493179     -1.592701179
v      2.996293047     0.9110181386     -1.875131958
v      2.996293047      0.479765018     -2.057252292
v      2.996293047                0        -2.121796
v      2.996293047     -0.479765018     -2.057252292
v      2.996293047    -0.9110181386     -1.875131958
v      2.996293047     -1.276493179     -1.592701179
v      2.996293047     -1.558923958     -1.227226139
v      2.996293047     -1.741044292     -0.795973018
v      2.996293047        -1.805588        -0.316208
v      2.996293047     -1.741044292      0.163557018
v      2.996293047     -1.558923958     0.5948101386
v      2.996293047     -1.276493179     0.9602851795
v      2.996293047    -0.9110181386      1.242715958
v      2.996293047     -0.479765018      1.424836292
v      2.996293047                0          1.48938
v      2.996293047      0.479765018      1.424836292
v      2.996293047     0.9110181386      1.242715958
v      2.996293047      1.276493179     0.9602851795
v      2.996293047      1.558923958     0.5948101386
v      2.996293047      1.741044292      0.163557018
v      3.307845939         1.938144        -0.285704
v      3.307845939      1.868861861    -0.8006906365
v      3.307845939      1.673371287     -1.263603908
v      3.307845939      1.370206047     -1.655910047
v      3.307845939     0.9778999081     -1.959075287
v      3.307845939     0.5149866365     -2.154565861
v      3.307845939                0        -2.223848
v      3.307845939    -0.5149866365     -2.154565861
v      3.307845939    -0.9778999081     -1.959075287
v      3.307845939     -1.370206047     -1.655910047
v      3.307845939     -1.673371287     -1.263603908
v      3.307845939     -1.868861861    -0.8006906365
v      3.307845939        -1.938144        -0.285704
v      3.307845939     -1.868861861     0.2292826365
v      3.307845939     -1.673371287     0.6921959081
v      3.307845939     -1.370206047      1.084502047
v      3.307845939    -0.9778999081      1.387667287
v      3.307845939    -0.5149866365      1.583157861
v      3.307845939                0          1.65244
v      3.307845939     0.5149866365      1.583157861
v      3.307845939     0.9778999081      1.387667287
v      3.307845939      1.370206047      1.084502047
v      3.307845939      1.673371287     0.6921959081
v      3.307845939      1.868861861     0.2292826365
v      3.631252307         2.096356        -0.249296
v      3.631252307      2.021418313    -0.8063213425
v      3.631252307      1.809969713     -1.307022536
v      3.631252307       1.48205689      -1.73135289
v      3.631252307      1.057726536     -2.059265713
v      3.631252307     0.5570253425     -2.270714313
v      3.631252307                0        -2.345652
v      3.631252307    -0.5570253425     -2.270714313
v      3.631252307     -1.057726536     -2.059265713
v      3.631252307      -1.48205689      -1.73135289
v      3.631252307     -1.809969713     -1.307022536
v      3.631252307     -2.021418313    -0.8063213425
v      3.631252307        -2.096356        -0.249296
v      3.631252307     -2.021418313     0.3077293425
v      3.631252307     -1.809969713     0.8084305362
v      3.631252307      -1.48205689       1.23276089
v      3.631252307     -1.057726536      1.560673713
v      3.631252307    -0.5570253425      1.772122313
v      3.631252307                0          1.84706
v      3.631252307     0.5570253425      1.772122313
v      3.631252307      1.057726536      1.560673713
v      3.631252307       1.48205689       1.23276089
v      3.631252307      1.809969713     0.8084305362
v      3.631252307      2.021418313     0.3077293425
v      3.963105784         2.228912        -0.218792
v      3.963105784      2.149235881     -0.811038961
v      3.963105784      1.924417042     -1.343400306
v      3.963105784      1.575769758     -1.794561758
v      3.963105784      1.124608306     -2.143209042
v      3.963105784      0.592246961     -2.368027881
v      3.963105784                0        -2.447704
v      3.963105784     -0.592246961     -2.368027881
v      3.963105784     -1.124608306     -2.143209042
v      3.963105784     -1.575769758     -1.794561758
v      3.963105784     -1.924417042     -1.343400306
v      3.963105784     -2.149235881     -0.811038961
v      3.963105784        -2.228912        -0.218792
v      3.963105784     -2.149235881      0.373454961
v      3.963105784     -1.924417042     0.9058163057
v      3.963105784     -1.575769758      1.356977758
v      3.963105784     -1.124608306      1.705625042
v      3.963105784     -0.592246961      1.930443881
v      3.963105784                0          2.01012
v      3.963105784      0.592246961      1.930443881
v      3.963105784      1.124608306      1.705625042
v      3.963105784      1.575769758      1.356977758
v      3.963105784      1.924417042     0.9058163057
v      3.963105784      2.149235881      0.373454961
v              4.3           2.2845           -0.206
v              4.3      2.202836797    -0.8130173172
v              4.3      1.972411083     -1.358655499
v              4.3      1.615068703     -1.821068703
v              4.3      1.152655499     -2.178411083
v              4.3     0.6070173172     -2.408836797
v              4.3                0          -2.4905
v              4.3    -0.6070173172     -2.408836797
v              4.3     -1.152655499     -2.178411083
v              4.3     -1.615068703     -1.821068703
v              4.3     -1.972411083     -1.358655499
v              4.3     -2.202836797    -0.8130173172
v              4.3          -2.2845           -0.206
v              4.3     -2.202836797     0.4010173172
v              4.3     -1.972411083     0.9466554993
v              4.3     -1.615068703      1.409068703
v              4.3     -1.152655499      1.766411083
v              4.3    -0.6070173172      1.996836797
v              4.3                0           2.0785
v              4.3     0.6070173172      1.996836797
v              4.3      1.152655499      1.766411083
v              4.3      1.615068703      1.409068703
v              4.3      1.972411083     0.9466554993
v              4.3      2.202836797     0.4010173172
v      4.644549128          2.32688        -0.195288
v      4.644549128      2.243701854    -0.8135661593
v      4.644549128      2.009001489     -1.369326533
v      4.644549128      1.645030012     -1.840318012
v      4.644549128      1.174038533     -2.204289489
v      4.644549128     0.6182781593     -2.438989854
v      4.644549128                0        -2.522168
v      4.644549128    -0.6182781593     -2.438989854
v      4.644549128     -1.174038533     -2.204289489
v      4.644549128     -1.645030012     -1.840318012
v      4.644549128     -2.009001489     -1.369326533
v      4.644549128     -2.243701854    -0.8135661593
v      4.644549128         -2.32688        -0.195288
v      4.644549128     -2.243701854     0.4229901593
v      4.644549128     -2.009001489     0.9787505328
v      4.644549128     -1.645030012      1.449742012
v      4.644549128     -1.174038533      1.813713489
v      4.644549128    -0.6182781593      2.048413854
v      4.644549128                0         2.131592
v      4.644549128     0.6182781593      2.048413854
v      4.644549128      1.174038533      1.813713489
v      4.644549128      1.645030012      1.449742012
v      4.644549128      2.009001489     0.9787505328
v      4.644549128      2.243701854     0.4229901593
v      4.999712427          2.42794        -0.169744
v      4.999712427      2.341149298    -0.8148749368
v      4.999712427      2.096255533     -1.394772844
v      4.999712427      1.716476212     -1.886220212
v      4.999712427      1.225028844     -2.265999533
v      4.999712427     0.6451309368     -2.510893298
v      4.999712427                0        -2.597684
v      4.999712427    -0.6451309368     -2.510893298
v      4.999712427     -1.225028844     -2.265999533
v      4.999712427     -1.716476212     -1.886220212
v      4.999712427     -2.096255533     -1.394772844
v      4.999712427     -2.341149298    -0.8148749368
v      4.999712427         -2.42794        -0.169744
v      4.999712427     -2.341149298     0.4753869368
v      4.999712427     -2.096255533      1.055284844
v      4.999712427     -1.716476212      1.546732212
v      4.999712427     -1.225028844      1.926511533
v      4.999712427    -0.6451309368      2.171405298
v      4.999712427                0         2.258196
v      4.999712427     0.6451309368      2.171405298
v      4.999712427      1.225028844      1.926511533
v      4.999712427      1.716476212      1.546732212
v      4.999712427      2.096255533      1.055284844
v      4.999712427      2.341149298     0.4753869368
v      5.362601162          2.54856        -0.139256
v      5.362601162      2.457457539     -0.816437026
v      5.362601162      2.200397457     -1.425144247
v      5.362601162      1.801750708     -1.941006708
v      5.362601162      1.285888247     -2.339653457
v      5.362601162      0.677181026     -2.596713539
v      5.362601162                0        -2.687816
v      5.362601162     -0.677181026     -2.596713539
v      5.362601162     -1.285888247     -2.339653457
v      5.362601162     -1.801750708     -1.941006708
v      5.362601162     -2.200397457     -1.425144247
v      5.362601162     -2.457457539     -0.816437026
v      5.362601162         -2.54856        -0.139256
v      5.362601162     -2.457457539      0.537925026
v      5.362601162     -2.200397457      1.146632247
v      5.362601162     -1.801750708      1.662494708
v      5.362601162     -1.285888247      2.061141457
v      5.362601162     -0.677181026      2.318201539
v      5.362601162                0         2.409304
v      5.362601162      0.677181026      2.318201539
v      5.362601162      1.285888247      2.061141457
v      5.362601162      1.801750708      1.662494708
v      5.362601162      2.200397457      1.146632247
v      5.362601162      2.457457539      0.537925026
v      5.730326598          2.64962        -0.113712
v      5.730326598      2.554904983    -0.8177458034
v      5.730326598      2.287651501     -1.450590557
v      5.730326598      1.873196908     -1.986908908
v      5.730326598      1.336878557     -2.401363501
v      5.730326598     0.7040338034     -2.668616983
v      5.730326598                0        -2.763332
v      5.730326598    -0.7040338034     -2.668616983
v      5.730326598     -1.336878557     -2.401363501
v      5.730326598     -1.873196908     -1.986908908
v      5.730326598     -2.287651501     -1.450590557
v      5.730326598     -2.554904983    -0.8177458034
v      5.730326598         -2.64962        -0.113712
v      5.730326598     -2.554904983     0.5903218034
v      5.730326598     -2.287651501      1.223166557
v      5.730326598     -1.873196908      1.759484908
v      5.730326598     -1.336878557      2.173939501
v      5.730326598    -0.7040338034      2.441192983
v      5.730326598                0         2.535908
v      5.730326598     0.7040338034      2.441192983
v      5.730326598      1.336878557      2.173939501
v      5.730326598      1.873196908      1.759484908
v      5.730326598      2.287651501      1.223166557
v      5.730326598      2.554904983     0.5903218034
v              6.1            2.692           -0.103
v              6.1       2.59577004    -0.8182946456
v              6.1      2.324241907     -1.461261591
v              6.1      1.903158217     -2.006158217
v              6.1      1.358261591     -2.427241907
v              6.1     0.7152946456      -2.69877004
v              6.1                0           -2.795
v              6.1    -0.7152946456      -2.69877004
v              6.1     -1.358261591     -2.427241907
v              6.1     -1.903158217     -2.006158217
v              6.1     -2.324241907     -1.461261591
v              6.1      -2.59577004    -0.8182946456
v              6.1           -2.692           -0.103
v              6.1      -2.59577004     0.6122946456
v              6.1     -2.324241907      1.255261591
v              6.1     -1.903158217      1.800158217
v              6.1     -1.358261591      2.221241907
v              6.1    -0.7152946456       2.49277004
v              6.1                0            2.589
v              6.1     0.7152946456       2.49277004
v              6.1      1.358261591      2.221241907
v              6.1      1.903158217      1.800158217
v              6.1      2.324241907      1.255261591
v              6.1       2.59577004     0.6122946456
v        6.4800099         2.719196        -0.095304
v        6.4800099      2.621993875    -0.8178249283
v        6.4800099      2.347722621     -1.467287464
v        6.4800099      1.922384923     -2.017688923
v        6.4800099      1.371983464     -2.443026621
v        6.4800099     0.7225209283     -2.717297875
v        6.4800099                0          -2.8145
v        6.4800099    -0.7225209283     -2.717297875
v        6.4800099     -1.371983464     -2.443026621
v        6.4800099     -1.922384923     -2.017688923
v        6.4800099     -2.347722621     -1.467287464
v        6.4800099     -2.621993875    -0.8178249283
v        6.4800099        -2.719196        -0.095304
v        6.4800099     -2.621993875     0.6272169283
v        6.4800099     -2.347722621      1.276679464
v        6.4800099     -1.922384923      1.827080923
v        6.4800099     -1.371983464      2.252418621
v        6.4800099    -0.7225209283      2.526689875
v        6.4800099                0         2.623892
v        6.4800099     0.7225209283      2.526689875
v        6.4800099      1.371983464      2.252418621
v        6.4800099      1.922384923      1.827080923
v        6.4800099      2.347722621      1.276679464
v        6.4800099      2.621993875     0.6272169283
v      6.876408331         2.784048        -0.076952
v      6.876408331      2.684527633    -0.8167048334
v      6.876408331      2.403715093     -1.481656853
v      6.876408331       1.96823322      -2.04518522
v      6.876408331      1.404704853     -2.480667093
v      6.876408331     0.7397528334     -2.761479633
v      6.876408331                0           -2.861
v      6.876408331    -0.7397528334     -2.761479633
v      6.876408331     -1.404704853     -2.480667093
v      6.876408331      -1.96823322      -2.04518522
v      6.876408331     -2.403715093     -1.481656853
v      6.876408331     -2.684527633    -0.8167048334
v      6.876408331        -2.784048        -0.076952
v      6.876408331     -2.684527633     0.6628008334
v      6.876408331     -2.403715093      1.327752853
v      6.876408331      -1.96823322       1.89128122
v      6.876408331     -1.404704853      2.326763093
v      6.876408331    -0.7397528334      2.607575633
v      6.876408331                0         2.707096
v      6.876408331     0.7397528334      2.607575633
v      6.876408331      1.404704853      2.326763093
v      6.876408331       1.96823322       1.89128122
v      6.876408331      2.403715093      1.327752853
v      6.876408331      2.684527633     0.6628008334
v      7.282801812         2.861452        -0.055048
v      7.282801812        2.7591647    -0.8153679458
v      7.282801812      2.470544819     -1.498807415
v      7.282801812      2.022955382     -2.078003382
v      7.282801812      1.443759415     -2.525592819
v      7.282801812     0.7603199458       -2.8142127
v      7.282801812                0          -2.9165
v      7.282801812    -0.7603199458       -2.8142127
v      7.282801812     -1.443759415     -2.525592819
v      7.282801812     -2.022955382     -2.078003382
v      7.282801812     -2.470544819     -1.498807415
v      7.282801812       -2.7591647    -0.8153679458
v      7.282801812        -2.861452        -0.055048
v      7.282801812       -2.7591647     0.7052719458
v      7.282801812     -2.470544819      1.388711415
v      7.282801812     -2.022955382      1.967907382
v      7.282801812     -1.443759415      2.415496819
v      7.282801812    -0.7603199458        2.7041167
v      7.282801812                0         2.806404
v      7.282801812     0.7603199458        2.7041167
v      7.282801812      1.443759415      2.415496819
v      7.282801812      2.022955382      1.967907382
v      7.282801812      2.470544819      1.388711415
v      7.282801812        2.7591647     0.7052719458
v      7.692796862         2.926304        -0.036696
v      7.692796862      2.821698459    -0.8142478509
v      7.692796862      2.526537291     -1.513176805
v      7.692796862      2.068803679     -2.105499679
v      7.692796862      1.476480805     -2.563233291
v      7.692796862     0.7775518509     -2.858394459
v      7.692796862                0           -2.963
v      7.692796862    -0.7775518509     -2.858394459
v      7.692796862     -1.476480805     -2.563233291
v      7.692796862     -2.068803679     -2.105499679
v      7.692796862     -2.526537291     -1.513176805
v      7.692796862     -2.821698459    -0.8142478509
v      7.692796862        -2.926304        -0.036696
v      7.692796862     -2.821698459     0.7408558509
v      7.692796862     -2.526537291      1.439784805
v      7.692796862     -2.068803679      2.032107679
v      7.692796862     -1.476480805      2.489841291
v      7.692796862    -0.7775518509      2.785002459
v      7.692796862                0         2.889608
v      7.692796862     0.7775518509      2.785002459
v      7.692796862      1.476480805      2.489841291
v      7.692796862      2.068803679      2.032107679
v      7.692796862      2.526537291      1.439784805
v      7.692796862      2.821698459     0.7408558509
v              8.1           2.9535           -0.029
v              8.1      2.847922293    -0.8137781336
v              8.1      2.550018006     -1.519202678
v              8.1      2.088030384     -2.117030384
v              8.1      1.490202678     -2.579018006
v              8.1     0.7847781336     -2.876922293
v              8.1                0          -2.9825
v              8.1    -0.7847781336     -2.876922293
v              8.1     -1.490202678     -2.579018006
v              8.1     -2.088030384     -2.117030384
v              8.1     -2.550018006     -1.519202678
v              8.1     -2.847922293    -0.8137781336
v              8.1          -2.9535           -0.029
v              8.1     -2.847922293     0.7557781336
v              8.1     -2.550018006      1.461202678
v              8.1     -2.088030384      2.059030384
v              8.1     -1.490202678      2.521018006
v              8.1    -0.7847781336      2.818922293
v              8.1                0           2.9245
v              8.1     0.7847781336      2.818922293
v              8.1      1.490202678      2.521018006
v              8.1      2.088030384      2.059030384
v              8.1      2.550018006      1.461202678
v              8.1      2.847922293     0.7557781336
v      8.523882056         2.963536        -0.025984
v      8.523882056       2.85759954    -0.8134288116
v      8.523882056      2.558682973      -1.52125039
v      8.523882056      2.095125517     -2.121109517
v      8.523882056       1.49526639     -2.584666973
v      8.523882056     0.7874448116      -2.88358354
v      8.523882056                0         -2.98952
v      8.523882056    -0.7874448116      -2.88358354
v      8.523882056      -1.49526639     -2.584666973
v      8.523882056     -2.095125517     -2.121109517
v      8.523882056     -2.558682973      -1.52125039
v      8.523882056      -2.85759954    -0.8134288116
v      8.523882056        -2.963536        -0.025984
v      8.523882056      -2.85759954     0.7614608116
v      8.523882056     -2.558682973       1.46928239
v      8.523882056     -2.095125517      2.069141517
v      8.523882056      -1.49526639      2.532698973
v      8.523882056    -0.7874448116       2.83161554
v      8.523882056                0         2.937552
v      8.523882056     0.7874448116       2.83161554
v      8.523882056       1.49526639      2.532698973
v      8.523882056      2.095125517      2.069141517
v      8.523882056      2.558682973       1.46928239
v      8.523882056       2.85759954     0.7614608116
v      8.979234943         2.987468        -0.018792
v      8.979234943      2.880676051    -0.8125958129
v      8.979234943      2.579345587     -1.526133396
v      8.979234943      2.112044678     -2.130836678
v      8.979234943      1.507341396     -2.598137587
v      8.979234943     0.7938038129     -2.899468051
v      8.979234943                0         -3.00626
v      8.979234943    -0.7938038129     -2.899468051
v      8.979234943     -1.507341396     -2.598137587
v      8.979234943     -2.112044678     -2.130836678
v      8.979234943     -2.579345587     -1.526133396
v      8.979234943     -2.880676051    -0.8125958129
v      8.979234943        -2.987468        -0.018792
v      8.979234943     -2.880676051     0.7750118129
v      8.979234943     -2.579345587      1.488549396
v      8.979234943     -2.112044678      2.093252678
v      8.979234943     -1.507341396      2.560553587
v      8.979234943    -0.7938038129      2.861884051
v      8.979234943                0         2.968676
v      8.979234943     0.7938038129      2.861884051
v      8.979234943      1.507341396      2.560553587
v      8.979234943      2.112044678      2.093252678
v      8.979234943      2.579345587      1.488549396
v      8.979234943      2.880676051     0.7750118129
v      9.452646802         3.016032        -0.010208
v      9.452646802      2.908218984    -0.8116015886
v      9.452646802      2.604007417       -1.5319615
v      9.452646802      2.132238516     -2.142446516
v      9.452646802        1.5217535     -2.614215417
v      9.452646802     0.8013935886     -2.918426984
v      9.452646802                0         -3.02624
v      9.452646802    -0.8013935886     -2.918426984
v      9.452646802       -1.5217535     -2.614215417
v      9.452646802     -2.132238516     -2.142446516
v      9.452646802     -2.604007417       -1.5319615
v      9.452646802     -2.908218984    -0.8116015886
v      9.452646802        -3.016032        -0.010208
v      9.452646802     -2.908218984     0.7911855886
v      9.452646802     -2.604007417        1.5115455
v      9.452646802     -2.132238516      2.122030516
v      9.452646802       -1.5217535      2.593799417
v      9.452646802    -0.8013935886      2.898010984
v      9.452646802                0         3.005824
v      9.452646802     0.8013935886      2.898010984
v      9.452646802        1.5217535      2.593799417
v      9.452646802      2.132238516      2.122030516
v      9.452646802      2.604007417        1.5115455
v      9.452646802      2.908218984     0.7911855886
v      9.930705774         3.039964        -0.003016
v      9.930705774      2.931295496    -0.8107685899
v      9.930705774      2.624670031     -1.536844506
v      9.930705774      2.149157677     -2.152173677
v      9.930705774      1.533828506     -2.627686031
v      9.930705774     0.8077525899     -2.934311496
v      9.930705774                0         -3.04298
v      9.930705774    -0.8077525899     -2.934311496
v      9.930705774     -1.533828506     -2.627686031
v      9.930705774     -2.149157677     -2.152173677
v      9.930705774     -2.624670031     -1.536844506
v      9.930705774     -2.931295496    -0.8107685899
v      9.930705774        -3.039964        -0.003016
v      9.930705774     -2.931295496     0.8047365899
v      9.930705774     -2.624670031      1.530812506
v      9.930705774     -2.149157677      2.146141677
v      9.930705774     -1.533828506      2.621654031
v      9.930705774    -0.8077525899      2.928279496
v      9.930705774                0         3.036948
v      9.930705774     0.8077525899      2.928279496
v      9.930705774      1.533828506      2.621654031
v      9.930705774      2.149157677      2.146141677
v      9.930705774      2.624670031      1.530812506
v      9.930705774      2.931295496     0.8047365899
v             10.4             3.05                0
v             10.4      2.940972742    -0.8104192678
v             10.4      2.633334998     -1.538892218
v             10.4      2.156252809     -2.156252809
v             10.4      1.538892218     -2.633334998
v             10.4     0.8104192678     -2.940972742
v             10.4                0            -3.05
v             10.4    -0.8104192678     -2.940972742
v             10.4     -1.538892218     -2.633334998
v             10.4     -2.156252809     -2.156252809
v             10.4     -2.633334998     -1.538892218
v             10.4     -2.940972742    -0.8104192678
v             10.4            -3.05                0
v             10.4     -2.940972742     0.8104192678
v             10.4     -2.633334998      1.538892218
v             10.4     -2.156252809      2.156252809
v             10.4     -1.538892218      2.633334998
v             10.4    -0.8104192678      2.940972742
v             10.4                0             3.05
v             10.4     0.8104192678      2.940972742
v             10.4      1.538892218      2.633334998
v             10.4      2.156252809      2.156252809
v             10.4      2.633334998      1.538892218
v             10.4      2.940972742     0.8104192678
v      10.95388239             3.05                0
v      10.95388239      2.940972742    -0.8104192678
v      10.95388239      2.633334998     -1.538892218
v      10.95388239      2.156252809     -2.156252809
v      10.95388239      1.538892218     -2.633334998
v      10.95388239     0.8104192678     -2.940972742
v      10.95388239                0            -3.05
v      10.95388239    -0.8104192678     -2.940972742
v      10.95388239     -1.538892218     -2.633334998
v      10.95388239     -2.156252809     -2.156252809
v      10.95388239     -2.633334998     -1.538892218
v      10.95388239     -2.940972742    -0.8104192678
v      10.95388239            -3.05                0
v      10.95388239     -2.940972742     0.8104192678
v      10.95388239     -2.633334998      1.538892218
v      10.95388239     -2.156252809      2.156252809
v      10.95388239     -1.538892218      2.633334998
v      10.95388239    -0.8104192678      2.940972742
v      10.95388239                0             3.05
v      10.95388239     0.8104192678      2.940972742
v      10.95388239      1.538892218      2.633334998
v      10.95388239      2.156252809      2.156252809
v      10.95388239      2.633334998      1.538892218
v      10.95388239      2.940972742     0.8104192678
v      11.65311769             3.05                0
v      11.65311769      2.940972742    -0.8104192678
v      11.65311769      2.633334998     -1.538892218
v      11.65311769      2.156252809     -2.156252809
v      11.65311769      1.538892218     -2.633334998
v      11.65311769     0.8104192678     -2.940972742
v      11.65311769                0            -3.05
v      11.65311769    -0.8104192678     -2.940972742
v      11.65311769     -1.538892218     -2.633334998
v      11.65311769     -2.156252809     -2.156252809
v      11.65311769     -2.633334998     -1.538892218
v      11.65311769     -2.940972742    -0.8104192678
v      11.65311769            -3.05                0
v      11.65311769     -2.940972742     0.8104192678
v      11.65311769     -2.633334998      1.538892218
v      11.65311769     -2.156252809      2.156252809
v      11.65311769     -1.538892218      2.633334998
v      11.65311769    -0.8104192678      2.940972742
v      11.65311769                0             3.05
v      11.65311769     0.8104192678      2.940972742
v      11.65311769      1.538892218      2.633334998
v      11.65311769      2.156252809      2.156252809
v      11.65311769      2.633334998      1.538892218
v      11.65311769      2.940972742     0.8104192678
v      12.43541179             3.05                0
v      12.43541179      2.940972742    -0.8104192678
v      12.43541179      2.633334998     -1.538892218
v      12.43541179      2.156252809     -2.156252809
v      12.43541179      1.538892218     -2.633334998
v      12.43541179     0.8104192678     -2.940972742
v      12.43541179                0            -3.05
v      12.43541179    -0.8104192678     -2.940972742
v      12.43541179     -1.538892218     -2.633334998
v      12.43541179     -2.156252809     -2.156252809
v      12.43541179     -2.633334998     -1.538892218
v      12.43541179     -2.940972742    -0.8104192678
v      12.43541179            -3.05                0
v      12.43541179     -2.940972742     0.8104192678
v      12.43541179     -2.633334998      1.538892218
v      12.43541179     -2.156252809      2.156252809
v      12.43541179     -1.538892218      2.633334998
v      12.43541179    -0.8104192678      2.940972742
v      12.43541179                0             3.05
v      12.43541179     0.8104192678      2.940972742
v      12.43541179      1.538892218      2.633334998
v      12.43541179      2.156252809      2.156252809
v      12.43541179      2.633334998      1.538892218
v      12.43541179      2.940972742     0.8104192678
v       13.2384706             3.05                0
v       13.2384706      2.940972742    -0.8104192678
v       13.2384706      2.633334998     -1.538892218
v       13.2384706      2.156252809     -2.156252809
v       13.2384706      1.538892218     -2.633334998
v       13.2384706     0.8104192678     -2.940972742
v       13.2384706                0            -3.05
v       13.2384706    -0.8104192678     -2.940972742
v       13.2384706     -1.538892218     -2.633334998
v       13.2384706     -2.156252809     -2.156252809
v       13.2384706     -2.633334998     -1.538892218
v       13.2384706     -2.940972742    -0.8104192678
v       13.2384706            -3.05                0
v       13.2384706     -2.940972742     0.8104192678
v       13.2384706     -2.633334998      1.538892218
v       13.2384706     -2.156252809      2.156252809
v       13.2384706     -1.538892218      2.633334998
v       13.2384706    -0.8104192678      2.940972742
v       13.2384706                0             3.05
v       13.2384706     0.8104192678      2.940972742
v       13.2384706      1.538892218      2.633334998
v       13.2384706      2.156252809      2.156252809
v       13.2384706      2.633334998      1.538892218
v       13.2384706      2.940972742     0.8104192678
v               14             3.05                0
v               14      2.940972742    -0.8104192678
v               14      2.633334998     -1.538892218
v               14      2.156252809     -2.156252809
v               14      1.538892218     -2.633334998
v               14     0.8104192678     -2.940972742
v               14                0            -3.05
v               14    -0.8104192678     -2.940972742
v               14     -1.538892218     -2.633334998
v               14     -2.156252809     -2.156252809
v               14     -2.633334998     -1.538892218
v               14     -2.940972742    -0.8104192678
v               14            -3.05                0
v               14     -2.940972742     0.8104192678
v               14     -2.633334998      1.538892218
v               14     -2.156252809      2.156252809
v               14     -1.538892218      2.633334998
v               14    -0.8104192678      2.940972742
v               14                0             3.05
v               14     0.8104192678      2.940972742
v               14      1.538892218      2.633334998
v               14      2.156252809      2.156252809
v               14      2.633334998      1.538892218
v               14      2.940972742     0.8104192678
v          14.7848             3.05                0
v          14.7848      2.940972742    -0.8104192678
v          14.7848      2.633334998     -1.538892218
v          14.7848      2.156252809     -2.156252809
v          14.7848      1.538892218     -2.633334998
v          14.7848     0.8104192678     -2.940972742
v          14.7848                0            -3.05
v          14.7848    -0.8104192678     -2.940972742
v          14.7848     -1.538892218     -2.633334998
v          14.7848     -2.156252809     -2.156252809
v          14.7848     -2.633334998     -1.538892218
v          14.7848     -2.940972742    -0.8104192678
v          14.7848            -3.05                0
v          14.7848     -2.940972742     0.8104192678
v          14.7848     -2.633334998      1.538892218
v          14.7848     -2.156252809      2.156252809
v          14.7848     -1.538892218      2.633334998
v          14.7848    -0.8104192678      2.940972742
v          14.7848                0             3.05
v          14.7848     0.8104192678      2.940972742
v          14.7848      1.538892218      2.633334998
v          14.7848      2.156252809      2.156252809
v          14.7848      2.633334998      1.538892218
v          14.7848      2.940972742     0.8104192678
v          15.6704             3.05                0
v          15.6704      2.940972742    -0.8104192678
v          15.6704      2.633334998     -1.538892218
v          15.6704      2.156252809     -2.156252809
v          15.6704      1.538892218     -2.633334998
v          15.6704     0.8104192678     -2.940972742
v          15.6704                0            -3.05
v          15.6704    -0.8104192678     -2.940972742
v          15.6704     -1.538892218     -2.633334998
v          15.6704     -2.156252809     -2.156252809
v          15.6704     -2.633334998     -1.538892218
v          15.6704     -2.940972742    -0.8104192678
v          15.6704            -3.05                0
v          15.6704     -2.940972742     0.8104192678
v          15.6704     -2.633334998      1.538892218
v          15.6704     -2.156252809      2.156252809
v          15.6704     -1.538892218      2.633334998
v          15.6704    -0.8104192678      2.940972742
v          15.6704                0             3.05
v          15.6704     0.8104192678      2.940972742
v          15.6704      1.538892218      2.633334998
v          15.6704      2.156252809      2.156252809
v          15.6704      2.633334998      1.538892218
v          15.6704      2.940972742     0.8104192678
v          16.6136             3.05                0
v          16.6136      2.940972742    -0.8104192678
v          16.6136      2.633334998     -1.538892218
v          16.6136      2.156252809     -2.156252809
v          16.6136      1.538892218     -2.633334998
v          16.6136     0.8104192678     -2.940972742
v          16.6136                0            -3.05
v          16.6136    -0.8104192678     -2.940972742
v          16.6136     -1.538892218     -2.633334998
v          16.6136     -2.156252809     -2.156252809
v          16.6136     -2.633334998     -1.538892218
v          16.6136     -2.940972742    -0.8104192678
v          16.6136            -3.05                0
v          16.6136     -2.940972742     0.8104192678
v          16.6136     -2.633334998      1.538892218
v          16.6136     -2.156252809      2.156252809
v          16.6136     -1.538892218      2.633334998
v          16.6136    -0.8104192678      2.940972742
v          16.6136                0             3.05
v          16.6136     0.8104192678      2.940972742
v          16.6136      1.538892218      2.633334998
v          16.6136      2.156252809      2.156252809
v          16.6136      2.633334998      1.538892218
v          16.6136      2.940972742     0.8104192678
v          17.5712             3.05                0
v          17.5712      2.940972742    -0.8104192678
v          17.5712      2.633334998     -1.538892218
v          17.5712      2.156252809     -2.156252809
v          17.5712      1.538892218     -2.633334998
v          17.5712     0.8104192678     -2.940972742
v          17.5712                0            -3.05
v          17.5712    -0.8104192678     -2.940972742
v          17.5712     -1.538892218     -2.633334998
v          17.5712     -2.156252809     -2.156252809
v          17.5712     -2.633334998     -1.538892218
v          17.5712     -2.940972742    -0.8104192678
v          17.5712            -3.05                0
v          17.5712     -2.940972742     0.8104192678
v          17.5712     -2.633334998      1.538892218
v          17.5712     -2.156252809      2.156252809
v          17.5712     -1.538892218      2.633334998
v          17.5712    -0.8104192678      2.940972742
v          17.5712                0             3.05
v          17.5712     0.8104192678      2.940972742
v          17.5712      1.538892218      2.633334998
v          17.5712      2.156252809      2.156252809
v          17.5712      2.633334998      1.538892218
v          17.5712      2.940972742     0.8104192678
v             18.5             3.05                0
v             18.5      2.940972742    -0.8104192678
v             18.5      2.633334998     -1.538892218
v             18.5      2.156252809     -2.156252809
v             18.5      1.538892218     -2.633334998
v             18.5     0.8104192678     -2.940972742
v             18.5                0            -3.05
v             18.5    -0.8104192678     -2.940972742
v             18.5     -1.538892218     -2.633334998
v             18.5     -2.156252809     -2.156252809
v             18.5     -2.633334998     -1.538892218
v             18.5     -2.940972742    -0.8104192678
v             18.5            -3.05                0
v             18.5     -2.940972742     0.8104192678
v             18.5     -2.633334998      1.538892218
v             18.5     -2.156252809      2.156252809
v             18.5     -1.538892218      2.633334998
v             18.5    -0.8104192678      2.940972742
v             18.5                0             3.05
v             18.5     0.8104192678      2.940972742
v             18.5      1.538892218      2.633334998
v             18.5      2.156252809      2.156252809
v             18.5      2.633334998      1.538892218
v             18.5      2.940972742     0.8104192678
v       19.4862494             3.05                0
v       19.4862494      2.940972742    -0.8104192678
v       19.4862494      2.633334998     -1.538892218
v       19.4862494      2.156252809     -2.156252809
v       19.4862494      1.538892218     -2.633334998
v       19.4862494     0.8104192678     -2.940972742
v       19.4862494                0            -3.05
v       19.4862494    -0.8104192678     -2.940972742
v       19.4862494     -1.538892218     -2.633334998
v       19.4862494     -2.156252809     -2.156252809
v       19.4862494     -2.633334998     -1.538892218
v       19.4862494     -2.940972742    -0.8104192678
v       19.4862494            -3.05                0
v       19.4862494     -2.940972742     0.8104192678
v       19.4862494     -2.633334998      1.538892218
v       19.4862494     -2.156252809      2.156252809
v       19.4862494     -1.538892218      2.633334998
v       19.4862494    -0.8104192678      2.940972742
v       19.4862494                0             3.05
v       19.4862494     0.8104192678      2.940972742
v       19.4862494      1.538892218      2.633334998
v       19.4862494      2.156252809      2.156252809
v       19.4862494      2.633334998      1.538892218
v       19.4862494      2.940972742     0.8104192678
v      20.57474821             3.05                0
v      20.57474821      2.940972742    -0.8104192678
v      20.57474821      2.633334998     -1.538892218
v      20.57474821      2.156252809     -2.156252809
v      20.57474821      1.538892218     -2.633334998
v      20.57474821     0.8104192678     -2.940972742
v      20.57474821                0            -3.05
v      20.57474821    -0.8104192678     -2.940972742
v      20.57474821     -1.538892218     -2.633334998
v      20.57474821     -2.156252809     -2.156252809
v      20.57474821     -2.633334998     -1.538892218
v      20.57474821     -2.940972742    -0.8104192678
v      20.57474821            -3.05                0
v      20.57474821     -2.940972742     0.8104192678
v      20.57474821     -2.633334998      1.538892218
v      20.57474821     -2.156252809      2.156252809
v      20.57474821     -1.538892218      2.633334998
v      20.57474821    -0.8104192678      2.940972742
v      20.57474821                0             3.05
v      20.57474821     0.8104192678      2.940972742
v      20.57474821      1.538892218      2.633334998
v      20.57474821      2.156252809      2.156252809
v      20.57474821      2.633334998      1.538892218
v      20.57474821      2.940972742     0.8104192678
v      21.66012232             3.05                0
v      21.66012232      2.940972742    -0.8104192678
v      21.66012232      2.633334998     -1.538892218
v      21.66012232      2.156252809     -2.156252809
v      21.66012232      1.538892218     -2.633334998
v      21.66012232     0.8104192678     -2.940972742
v      21.66012232                0            -3.05
v      21.66012232    -0.8104192678     -2.940972742
v      21.66012232     -1.538892218     -2.633334998
v      21.66012232     -2.156252809     -2.156252809
v      21.66012232     -2.633334998     -1.538892218
v      21.66012232     -2.940972742    -0.8104192678
v      21.66012232            -3.05                0
v      21.66012232     -2.940972742     0.8104192678
v      21.66012232     -2.633334998      1.538892218
v      21.66012232     -2.156252809      2.156252809
v      21.66012232     -1.538892218      2.633334998
v      21.66012232    -0.8104192678      2.940972742
v      21.66012232                0             3.05
v      21.66012232     0.8104192678      2.940972742
v      21.66012232      1.538892218      2.633334998
v      21.66012232      2.156252809      2.156252809
v      21.66012232      2.633334998      1.538892218
v      21.66012232      2.940972742     0.8104192678
v      22.63699762             3.05                0
v      22.63699762      2.940972742    -0.8104192678
v      22.63699762      2.633334998     -1.538892218
v      22.63699762      2.156252809     -2.156252809
v      22.63699762      1.538892218     -2.633334998
v      22.63699762     0.8104192678     -2.940972742
v      22.63699762                0            -3.05
v      22.63699762    -0.8104192678     -2.940972742
v      22.63699762     -1.538892218     -2.633334998
v      22.63699762     -2.156252809     -2.156252809
v      22.63699762     -2.633334998     -1.538892218
v      22.63699762     -2.940972742    -0.8104192678
v      22.63699762            -3.05                0
v      22.63699762     -2.940972742     0.8104192678
v      22.63699762     -2.633334998      1.538892218
v      22.63699762     -2.156252809      2.156252809
v      22.63699762     -1.538892218      2.633334998
v      22.63699762    -0.8104192678      2.940972742
v      22.63699762                0             3.05
v      22.63699762     0.8104192678      2.940972742
v      22.63699762      1.538892218      2.633334998
v      22.63699762      2.156252809      2.156252809
v      22.63699762      2.633334998      1.538892218
v      22.63699762      2.940972742     0.8104192678
v             23.4             3.05                0
v             23.4      2.940972742    -0.8104192678
v             23.4      2.633334998     -1.538892218
v             23.4      2.156252809     -2.156252809
v             23.4      1.538892218     -2.633334998
v             23.4     0.8104192678     -2.940972742
v             23.4                0            -3.05
v             23.4    -0.8104192678     -2.940972742
v             23.4     -1.538892218     -2.633334998
v             23.4     -2.156252809     -2.156252809
v             23.4     -2.633334998     -1.538892218
v             23.4     -2.940972742    -0.8104192678
v             23.4            -3.05                0
v             23.4     -2.940972742     0.8104192678
v             23.4     -2.633334998      1.538892218
v             23.4     -2.156252809      2.156252809
v             23.4     -1.538892218      2.633334998
v             23.4    -0.8104192678      2.940972742
v             23.4                0             3.05
v             23.4     0.8104192678      2.940972742
v             23.4      1.538892218      2.633334998
v             23.4      2.156252809      2.156252809
v             23.4      2.633334998      1.538892218
v             23.4      2.940972742     0.8104192678
v       24.0230459          3.03336          0.00624
v       24.0230459      2.924927567    -0.7997578329
v       24.0230459      2.618968213     -1.524256426
v       24.0230459       2.14448886      -2.13824886
v       24.0230459      1.530496426     -2.612728213
v       24.0230459     0.8059978329     -2.918687567
v       24.0230459                0         -3.02712
v       24.0230459    -0.8059978329     -2.918687567
v       24.0230459     -1.530496426     -2.612728213
v       24.0230459      -2.14448886      -2.13824886
v       24.0230459     -2.618968213     -1.524256426
v       24.0230459     -2.924927567    -0.7997578329
v       24.0230459         -3.03336          0.00624
v       24.0230459     -2.924927567     0.8122378329
v       24.0230459     -2.618968213      1.536736426
v       24.0230459      -2.14448886       2.15072886
v       24.0230459     -1.530496426      2.625208213
v       24.0230459    -0.8059978329      2.931167567
v       24.0230459                0           3.0396
v       24.0230459     0.8059978329      2.931167567
v       24.0230459      1.530496426      2.625208213
v       24.0230459       2.14448886       2.15072886
v       24.0230459      2.618968213      1.536736426
v       24.0230459      2.924927567     0.8122378329
v      24.64800822          2.99368          0.02112
v      24.64800822      2.886665993    -0.7743344111
v      24.64800822      2.584708956     -1.489355691
v      24.64800822      2.116436364     -2.095316364
v      24.64800822      1.510475691     -2.563588956
v      24.64800822     0.7954544111     -2.865545993
v      24.64800822                0         -2.97256
v      24.64800822    -0.7954544111     -2.865545993
v      24.64800822     -1.510475691     -2.563588956
v      24.64800822     -2.116436364     -2.095316364
v      24.64800822     -2.584708956     -1.489355691
v      24.64800822     -2.886665993    -0.7743344111
v      24.64800822         -2.99368          0.02112
v      24.64800822     -2.886665993     0.8165744111
v      24.64800822     -2.584708956      1.531595691
v      24.64800822     -2.116436364      2.137556364
v      24.64800822     -1.510475691      2.605828956
v      24.64800822    -0.7954544111      2.907785993
v      24.64800822                0           3.0148
v      24.64800822     0.7954544111      2.907785993
v      24.64800822      1.510475691      2.605828956
v      24.64800822      2.116436364      2.137556364
v      24.64800822      2.584708956      1.531595691
v      24.64800822      2.886665993     0.8165744111
v       25.2714476          2.94632          0.03888
v       25.2714476      2.840998954     -0.743990327
v       25.2714476      2.543818876     -1.447699974
v       25.2714476      2.082954353     -2.044074353
v       25.2714476      1.486579974     -2.504938876
v       25.2714476      0.782870327     -2.802118954
v       25.2714476                0         -2.90744
v       25.2714476     -0.782870327     -2.802118954
v       25.2714476     -1.486579974     -2.504938876
v       25.2714476     -2.082954353     -2.044074353
v       25.2714476     -2.543818876     -1.447699974
v       25.2714476     -2.840998954     -0.743990327
v       25.2714476         -2.94632          0.03888
v       25.2714476     -2.840998954      0.821750327
v       25.2714476     -2.543818876      1.525459974
v       25.2714476     -2.082954353      2.121834353
v       25.2714476     -1.486579974      2.582698876
v       25.2714476     -0.782870327      2.879878954
v       25.2714476                0           2.9852
v       25.2714476      0.782870327      2.879878954
v       25.2714476      1.486579974      2.582698876
v       25.2714476      2.082954353      2.121834353
v       25.2714476      2.543818876      1.525459974
v       25.2714476      2.840998954      0.821750327
v      25.88992465          2.90664          0.05376
v      25.88992465      2.802737381    -0.7185669051
v      25.88992465      2.509559619     -1.412799239
v      25.88992465      2.054901858     -2.001141858
v      25.88992465      1.466559239     -2.455799619
v      25.88992465     0.7723269051     -2.748977381
v      25.88992465                0         -2.85288
v      25.88992465    -0.7723269051     -2.748977381
v      25.88992465     -1.466559239     -2.455799619
v      25.88992465     -2.054901858     -2.001141858
v      25.88992465     -2.509559619     -1.412799239
v      25.88992465     -2.802737381    -0.7185669051
v      25.88992465         -2.90664          0.05376
v      25.88992465     -2.802737381     0.8260869051
v      25.88992465     -2.509559619      1.520319239
v      25.88992465     -2.054901858      2.108661858
v      25.88992465     -1.466559239      2.563319619
v      25.88992465    -0.7723269051      2.856497381
v      25.88992465                0           2.9604
v      25.88992465     0.7723269051      2.856497381
v      25.88992465      1.466559239      2.563319619
v      25.88992465      2.054901858      2.108661858
v      25.88992465      2.509559619      1.520319239
v      25.88992465      2.802737381     0.8260869051
v             26.5             2.89             0.06
v             26.5      2.786692205    -0.7079054702
v             26.5      2.495192834     -1.398163446
v             26.5      2.043137908     -1.983137908
v             26.5      1.458163446     -2.435192834
v             26.5     0.7679054702     -2.726692205
v             26.5                0            -2.83
v             26.5    -0.7679054702     -2.726692205
v             26.5     -1.458163446     -2.435192834
v             26.5     -2.043137908     -1.983137908
v             26.5     -2.495192834     -1.398163446
v             26.5     -2.786692205    -0.7079054702
v             26.5            -2.89             0.06
v             26.5     -2.786692205     0.8279054702
v             26.5     -2.495192834      1.518163446
v             26.5     -2.043137908      2.103137908
v             26.5     -1.458163446      2.555192834
v             26.5    -0.7679054702      2.846692205
v             26.5                0             2.95
v             26.5     0.7679054702      2.846692205
v             26.5      1.458163446      2.555192834
v             26.5      2.043137908      2.103137908
v             26.5      2.495192834      1.518163446
v             26.5      2.786692205     0.8279054702
v      27.11796151          2.85672           0.0808
v      27.11796151      2.754601853    -0.6782626003
v      27.11796151      2.466459264     -1.360571862
v      27.11796151      2.019610008     -1.938810008
v      27.11796151      1.441371862     -2.385659264
v      27.11796151     0.7590626003     -2.673801853
v      27.11796151                0         -2.77592
v      27.11796151    -0.7590626003     -2.673801853
v      27.11796151     -1.441371862     -2.385659264
v      27.11796151     -2.019610008     -1.938810008
v      27.11796151     -2.466459264     -1.360571862
v      27.11796151     -2.754601853    -0.6782626003
v      27.11796151         -2.85672           0.0808
v      27.11796151     -2.754601853     0.8398626003
v      27.11796151     -2.466459264      1.522171862
v      27.11796151     -2.019610008      2.100410008
v      27.11796151     -1.441371862      2.547259264
v      27.11796151    -0.7590626003      2.835401853
v      27.11796151                0          2.93752
v      27.11796151     0.7590626003      2.835401853
v      27.11796151      1.441371862      2.547259264
v      27.11796151      2.019610008      2.100410008
v      27.11796151      2.466459264      1.522171862
v      27.11796151      2.754601853     0.8398626003
v      27.74821087          2.77736           0.1304
v      27.74821087      2.678078707    -0.6075757566
v      27.74821087      2.397940751     -1.270930391
v      27.74821087      1.963505017     -1.833105017
v      27.74821087      1.401330391     -2.267540751
v      27.74821087     0.7379757566     -2.547678707
v      27.74821087                0         -2.64696
v      27.74821087    -0.7379757566     -2.547678707
v      27.74821087     -1.401330391     -2.267540751
v      27.74821087     -1.963505017     -1.833105017
v      27.74821087     -2.397940751     -1.270930391
v      27.74821087     -2.678078707    -0.6075757566
v      27.74821087         -2.77736           0.1304
v      27.74821087     -2.678078707     0.8683757566
v      27.74821087     -2.397940751      1.531730391
v      27.74821087     -1.963505017      2.093905017
v      27.74821087     -1.401330391      2.528340751
v      27.74821087    -0.7379757566      2.808478707
v      27.74821087                0          2.90776
v      27.74821087     0.7379757566      2.808478707
v      27.74821087      1.401330391      2.528340751
v      27.74821087      1.963505017      2.093905017
v      27.74821087      2.397940751      1.531730391
v      27.74821087      2.678078707     0.8683757566
v      28.36947948          2.68264           0.1896
v      28.36947948      2.586744629    -0.5232075884
v      28.36947948       2.31616059     -1.163938958
v      28.36947948      1.896540995     -1.706940995
v      28.36947948      1.353538958      -2.12656059
v      28.36947948     0.7128075884     -2.397144629
v      28.36947948                0         -2.49304
v      28.36947948    -0.7128075884     -2.397144629
v      28.36947948     -1.353538958      -2.12656059
v      28.36947948     -1.896540995     -1.706940995
v      28.36947948      -2.31616059     -1.163938958
v      28.36947948     -2.586744629    -0.5232075884
v      28.36947948         -2.68264           0.1896
v      28.36947948     -2.586744629     0.9024075884
v      28.36947948      -2.31616059      1.543138958
v      28.36947948     -1.896540995      2.086140995
v      28.36947948     -1.353538958       2.50576059
v      28.36947948    -0.7128075884      2.776344629
v      28.36947948                0          2.87224
v      28.36947948     0.7128075884      2.776344629
v      28.36947948      1.353538958       2.50576059
v      28.36947948      1.896540995      2.086140995
v      28.36947948       2.31616059      1.543138958
v      28.36947948      2.586744629     0.9024075884
v      28.96049873          2.60328           0.2392
v      28.96049873      2.510221482    -0.4525207448
v      28.96049873      2.247642077     -1.074297487
v      28.96049873      1.840436004     -1.601236004
v      28.96049873      1.313497487     -2.008442077
v      28.96049873     0.6917207448     -2.271021482
v      28.96049873                0         -2.36408
v      28.96049873    -0.6917207448     -2.271021482
v      28.96049873     -1.313497487     -2.008442077
v      28.96049873     -1.840436004     -1.601236004
v      28.96049873     -2.247642077     -1.074297487
v      28.96049873     -2.510221482    -0.4525207448
v      28.96049873         -2.60328           0.2392
v      28.96049873     -2.510221482     0.9309207448
v      28.96049873     -2.247642077      1.552697487
v      28.96049873     -1.840436004      2.079636004
v      28.96049873     -1.313497487      2.486842077
v      28.96049873    -0.6917207448      2.749421482
v      28.96049873                0          2.84248
v      28.96049873     0.6917207448      2.749421482
v      28.96049873      1.313497487      2.486842077
v      28.96049873      1.840436004      2.079636004
v      28.96049873      2.247642077      1.552697487
v      28.96049873      2.510221482     0.9309207448
v             29.5             2.57             0.26
v             29.5      2.478131131    -0.4228778749
v             29.5      2.218908507     -1.036705902
v             29.5      1.816908105     -1.556908105
v             29.5      1.296705902     -1.958908507
v             29.5     0.6828778749     -2.218131131
v             29.5                0            -2.31
v             29.5    -0.6828778749     -2.218131131
v             29.5     -1.296705902     -1.958908507
v             29.5     -1.816908105     -1.556908105
v             29.5     -2.218908507     -1.036705902
v             29.5     -2.478131131    -0.4228778749
v             29.5            -2.57             0.26
v             29.5     -2.478131131     0.9428778749
v             29.5     -2.218908507      1.556705902
v             29.5     -1.816908105      2.076908105
v             29.5     -1.296705902      2.478908507
v             29.5    -0.6828778749      2.738131131
v             29.5                0             2.83
v             29.5     0.6828778749      2.738131131
v             29.5      1.296705902      2.478908507
v             29.5      1.816908105      2.076908105
v             29.5      2.218908507      1.556705902
v             29.5      2.478131131     0.9428778749
v      30.00319332          2.53412          0.28288
v      30.00319332       2.44353372    -0.3904641557
v      30.00319332      2.187930126    -0.9957224749
v      30.00319332      1.791542088     -1.508662088
v      30.00319332      1.278602475     -1.905050126
v      30.00319332     0.6733441557      -2.16065372
v      30.00319332                0         -2.25124
v      30.00319332    -0.6733441557      -2.16065372
v      30.00319332     -1.278602475     -1.905050126
v      30.00319332     -1.791542088     -1.508662088
v      30.00319332     -2.187930126    -0.9957224749
v      30.00319332      -2.44353372    -0.3904641557
v      30.00319332         -2.53412          0.28288
v      30.00319332      -2.44353372     0.9562241557
v      30.00319332     -2.187930126      1.561482475
v      30.00319332     -1.791542088      2.074422088
v      30.00319332     -1.278602475      2.470810126
v      30.00319332    -0.6733441557       2.72641372
v      30.00319332                0            2.817
v      30.00319332     0.6733441557       2.72641372
v      30.00319332      1.278602475      2.470810126
v      30.00319332      1.791542088      2.074422088
v      30.00319332      2.187930126      1.561482475
v      30.00319332       2.44353372     0.9562241557
v      30.50159666          2.44856          0.33744
v      30.50159666      2.361032203    -0.3131699024
v      30.50159666      2.114058604     -0.897992764
v      30.50159666      1.731053895     -1.393613895
v      30.50159666      1.235432764     -1.776618604
v      30.50159666     0.6506099024     -2.023592203
v      30.50159666                0         -2.11112
v      30.50159666    -0.6506099024     -2.023592203
v      30.50159666     -1.235432764     -1.776618604
v      30.50159666     -1.731053895     -1.393613895
v      30.50159666     -2.114058604     -0.897992764
v      30.50159666     -2.361032203    -0.3131699024
v      30.50159666         -2.44856          0.33744
v      30.50159666     -2.361032203     0.9880499024
v      30.50159666     -2.114058604      1.572872764
v      30.50159666     -1.731053895      2.068493895
v      30.50159666     -1.235432764      2.451498604
v      30.50159666    -0.6506099024      2.698472203
v      30.50159666                0            2.786
v      30.50159666     0.6506099024      2.698472203
v      30.50159666      1.235432764      2.451498604
v      30.50159666      1.731053895      2.068493895
v      30.50159666      2.114058604      1.572872764
v      30.50159666      2.361032203     0.9880499024
v      30.99840334          2.34644          0.40256
v      30.99840334       2.26256265    -0.2209154711
v      30.99840334      2.025889368    -0.7813476252
v      30.99840334      1.658858309     -1.256298309
v      30.99840334      1.183907625     -1.623329368
v      30.99840334     0.6234754711      -1.86000265
v      30.99840334                0         -1.94388
v      30.99840334    -0.6234754711      -1.86000265
v      30.99840334     -1.183907625     -1.623329368
v      30.99840334     -1.658858309     -1.256298309
v      30.99840334     -2.025889368    -0.7813476252
v      30.99840334      -2.26256265    -0.2209154711
v      30.99840334         -2.34644          0.40256
v      30.99840334      -2.26256265      1.026035471
v      30.99840334     -2.025889368      1.586467625
v      30.99840334     -1.658858309      2.061418309
v      30.99840334     -1.183907625      2.428449368
v      30.99840334    -0.6234754711       2.66512265
v      30.99840334                0            2.749
v      30.99840334     0.6234754711       2.66512265
v      30.99840334      1.183907625      2.428449368
v      30.99840334      1.658858309      2.061418309
v      30.99840334      2.025889368      1.586467625
v      30.99840334       2.26256265      1.026035471
v      31.49680668          2.26088          0.45712
v      31.49680668      2.180061132    -0.1436212178
v      31.49680668      1.952017846    -0.6836179143
v      31.49680668      1.598370115     -1.141250115
v      31.49680668      1.140737914     -1.494897846
v      31.49680668     0.6007412178     -1.722941132
v      31.49680668                0         -1.80376
v      31.49680668    -0.6007412178     -1.722941132
v      31.49680668     -1.140737914     -1.494897846
v      31.49680668     -1.598370115     -1.141250115
v      31.49680668     -1.952017846    -0.6836179143
v      31.49680668     -2.180061132    -0.1436212178
v      31.49680668         -2.26088          0.45712
v      31.49680668     -2.180061132      1.057861218
v      31.49680668     -1.952017846      1.597857914
v      31.49680668     -1.598370115      2.055490115
v      31.49680668     -1.140737914      2.409137846
v      31.49680668    -0.6007412178      2.637181132
v      31.49680668                0            2.718
v      31.49680668     0.6007412178      2.637181132
v      31.49680668      1.140737914      2.409137846
v      31.49680668      1.598370115      2.055490115
v      31.49680668      1.952017846      1.597857914
v      31.49680668      2.180061132      1.057861218
v               32            2.225             0.48
v               32      2.145463722    -0.1112074987
v               32      1.921039466    -0.6426344872
v               32      1.573004099     -1.093004099
v               32      1.122634487     -1.441039466
v               32     0.5912074987     -1.665463722
v               32                0           -1.745
v               32    -0.5912074987     -1.665463722
v               32     -1.122634487     -1.441039466
v               32     -1.573004099     -1.093004099
v               32     -1.921039466    -0.6426344872
v               32     -2.145463722    -0.1112074987
v               32           -2.225             0.48
v               32     -2.145463722      1.071207499
v               32     -1.921039466      1.602634487
v               32     -1.573004099      2.053004099
v               32     -1.122634487      2.401039466
v               32    -0.5912074987      2.625463722
v               32                0            2.705
v               32     0.5912074987      2.625463722
v               32      1.122634487      2.401039466
v               32      1.573004099      2.053004099
v               32      1.921039466      1.602634487
v               32      2.145463722      1.071207499
v      32.53834338           2.1756          0.51848
v      32.53834338      2.097829606   -0.05960136364
v      32.53834338      1.878388073    -0.5792294788
v      32.53834338      1.538079873     -1.019599873
v      32.53834338      1.097709479     -1.359908073
v      32.53834338     0.5780813636     -1.579349606
v      32.53834338                0         -1.65712
v      32.53834338    -0.5780813636     -1.579349606
v      32.53834338     -1.097709479     -1.359908073
v      32.53834338     -1.538079873     -1.019599873
v      32.53834338     -1.878388073    -0.5792294788
v      32.53834338     -2.097829606   -0.05960136364
v      32.53834338          -2.1756          0.51848
v      32.53834338     -2.097829606      1.096561364
v      32.53834338     -1.878388073      1.616189479
v      32.53834338     -1.538079873      2.056559873
v      32.53834338     -1.097709479      2.396868073
v      32.53834338    -0.5780813636      2.616309606
v      32.53834338                0          2.69408
v      32.53834338     0.5780813636      2.616309606
v      32.53834338      1.097709479      2.396868073
v      32.53834338      1.538079873      2.056559873
v      32.53834338      1.878388073      1.616189479
v      32.53834338      2.097829606      1.096561364
v      33.12704684           2.0578          0.61024
v      33.12704684       1.98424056    0.06345941988
v      33.12704684      1.776680905    -0.4280329203
v      33.12704684      1.454799027    -0.8445590265
v      33.12704684       1.03827292     -1.166440905
v      33.12704684     0.5467805801      -1.37400056
v      33.12704684                0         -1.44756
v      33.12704684    -0.5467805801      -1.37400056
v      33.12704684      -1.03827292     -1.166440905
v      33.12704684     -1.454799027    -0.8445590265
v      33.12704684     -1.776680905    -0.4280329203
v      33.12704684      -1.98424056    0.06345941988
v      33.12704684          -2.0578          0.61024
v      33.12704684      -1.98424056       1.15702058
v      33.12704684     -1.776680905       1.64851292
v      33.12704684     -1.454799027      2.065039027
v      33.12704684      -1.03827292      2.386920905
v      33.12704684    -0.5467805801       2.59448056
v      33.12704684                0          2.66804
v      33.12704684     0.5467805801       2.59448056
v      33.12704684       1.03827292      2.386920905
v      33.12704684      1.454799027      2.065039027
v      33.12704684      1.776680905       1.64851292
v      33.12704684       1.98424056       1.15702058
v      33.74657861           1.9172          0.71976
v      33.74657861      1.848666538     0.2103384196
v      33.74657861      1.655288478    -0.2475725118
v      33.74657861      1.355399307    -0.6356393069
v      33.74657861     0.9673325118    -0.9355284781
v      33.74657861     0.5094215804     -1.128906538
v      33.74657861                0         -1.19744
v      33.74657861    -0.5094215804     -1.128906538
v      33.74657861    -0.9673325118    -0.9355284781
v      33.74657861     -1.355399307    -0.6356393069
v      33.74657861     -1.655288478    -0.2475725118
v      33.74657861     -1.848666538     0.2103384196
v      33.74657861          -1.9172          0.71976
v      33.74657861     -1.848666538       1.22918158
v      33.74657861     -1.655288478      1.687092512
v      33.74657861     -1.355399307      2.075159307
v      33.74657861    -0.9673325118      2.375048478
v      33.74657861    -0.5094215804      2.568426538
v      33.74657861                0          2.63696
v      33.74657861     0.5094215804      2.568426538
v      33.74657861     0.9673325118      2.375048478
v      33.74657861      1.355399307      2.075159307
v      33.74657861      1.655288478      1.687092512
v      33.74657861      1.848666538       1.22918158
v      34.37740692           1.7994          0.81152
v      34.37740692      1.735077493     0.3333992031
v      34.37740692       1.55358131   -0.09637595337
v      34.37740692      1.272118461    -0.4605984607
v      34.37740692     0.9078959534      -0.74206131
v      34.37740692     0.4781207969    -0.9235574927
v      34.37740692                0         -0.98788
v      34.37740692    -0.4781207969    -0.9235574927
v      34.37740692    -0.9078959534      -0.74206131
v      34.37740692     -1.272118461    -0.4605984607
v      34.37740692      -1.55358131   -0.09637595337
v      34.37740692     -1.735077493     0.3333992031
v      34.37740692          -1.7994          0.81152
v      34.37740692     -1.735077493      1.289640797
v      34.37740692      -1.55358131      1.719415953
v      34.37740692     -1.272118461      2.083638461
v      34.37740692    -0.9078959534       2.36510131
v      34.37740692    -0.4781207969      2.546597493
v      34.37740692                0          2.61092
v      34.37740692     0.4781207969      2.546597493
v      34.37740692     0.9078959534       2.36510131
v      34.37740692      1.272118461      2.083638461
v      34.37740692       1.55358131      1.719415953
v      34.37740692      1.735077493      1.289640797
v               35             1.75             0.85
v               35      1.687443377     0.3850053381
v               35      1.510929917   -0.03297094498
v               35      1.237194235    -0.3871942348
v               35      0.882970945    -0.6609299169
v               35     0.4649946619    -0.8374433768
v               35                0             -0.9
v               35    -0.4649946619    -0.8374433768
v               35     -0.882970945    -0.6609299169
v               35     -1.237194235    -0.3871942348
v               35     -1.510929917   -0.03297094498
v               35     -1.687443377     0.3850053381
v               35            -1.75             0.85
v               35     -1.687443377      1.314994662
v               35     -1.510929917      1.732970945
v               35     -1.237194235      2.087194235
v               35     -0.882970945      2.360929917
v               35    -0.4649946619      2.537443377
v               35                0              2.6
v               35     0.4649946619      2.537443377
v               35      0.882970945      2.360929917
v               35      1.237194235      2.087194235
v               35      1.510929917      1.732970945
v               35      1.687443377      1.314994662
v      35.62118562          1.69696          0.89576
v      35.62118562      1.636299379      0.444858662
v      35.62118562       1.46513579    0.03955064298
v      35.62118562      1.199696645     -0.303936645
v      35.62118562      0.856209357    -0.5693757896
v      35.62118562      0.450901338    -0.7405393787
v      35.62118562                0          -0.8012
v      35.62118562     -0.450901338    -0.7405393787
v      35.62118562     -0.856209357    -0.5693757896
v      35.62118562     -1.199696645     -0.303936645
v      35.62118562      -1.46513579    0.03955064298
v      35.62118562     -1.636299379      0.444858662
v      35.62118562         -1.69696          0.89576
v      35.62118562     -1.636299379      1.346661338
v      35.62118562      -1.46513579      1.751969357
v      35.62118562     -1.199696645      2.095456645
v      35.62118562     -0.856209357       2.36089579
v      35.62118562     -0.450901338      2.532059379
v      35.62118562                0          2.59272
v      35.62118562      0.450901338      2.532059379
v      35.62118562      0.856209357       2.36089579
v      35.62118562      1.199696645      2.095456645
v      35.62118562       1.46513579      1.751969357
v      35.62118562      1.636299379      1.346661338
v      36.24919903          1.57048          1.00488
v      36.24919903      1.514340614     0.5875858191
v      36.24919903      1.355934409     0.2124867373
v      36.24919903      1.110279315    -0.1053993154
v      36.24919903     0.7923932627    -0.3510544091
v      36.24919903     0.4172941809     -0.509460614
v      36.24919903                0          -0.5656
v      36.24919903    -0.4172941809     -0.509460614
v      36.24919903    -0.7923932627    -0.3510544091
v      36.24919903     -1.110279315    -0.1053993154
v      36.24919903     -1.355934409     0.2124867373
v      36.24919903     -1.514340614     0.5875858191
v      36.24919903         -1.57048          1.00488
v      36.24919903     -1.514340614      1.422174181
v      36.24919903     -1.355934409      1.797273263
v      36.24919903     -1.110279315      2.115159315
v      36.24919903    -0.7923932627      2.360814409
v      36.24919903    -0.4172941809      2.519220614
v      36.24919903                0          2.57536
v      36.24919903     0.4172941809      2.519220614
v      36.24919903     0.7923932627      2.360814409
v      36.24919903      1.110279315      2.115159315
v      36.24919903      1.355934409      1.797273263
v      36.24919903      1.514340614      1.422174181
v      36.86661963          1.41952          1.13512
v      36.86661963      1.368776927     0.7579375872
v      36.86661963      1.225597278     0.4188943338
v      36.86661963      1.003555406     0.1315645942
v      36.86661963     0.7162256662   -0.09047727753
v      36.86661963     0.3771824128     -0.233656927
v      36.86661963                0          -0.2844
v      36.86661963    -0.3771824128     -0.233656927
v      36.86661963    -0.7162256662   -0.09047727753
v      36.86661963     -1.003555406     0.1315645942
v      36.86661963     -1.225597278     0.4188943338
v      36.86661963     -1.368776927     0.7579375872
v      36.86661963         -1.41952          1.13512
v      36.86661963     -1.368776927      1.512302413
v      36.86661963     -1.225597278      1.851345666
v      36.86661963     -1.003555406      2.138675406
v      36.86661963    -0.7162256662      2.360717278
v      36.86661963    -0.3771824128      2.503896927
v      36.86661963                0          2.55464
v      36.86661963     0.3771824128      2.503896927
v      36.86661963     0.7162256662      2.360717278
v      36.86661963      1.003555406      2.138675406
v      36.86661963      1.225597278      1.851345666
v      36.86661963      1.368776927      1.512302413
v      37.45602682          1.29304          1.24424
v      37.45602682      1.246818162     0.9006647442
v      37.45602682      1.116395897     0.5918304282
v      37.45602682     0.9141380762     0.3301019238
v      37.45602682     0.6524095718      0.127844103
v      37.45602682     0.3435752558  -0.002578162264
v      37.45602682                0          -0.0488
v      37.45602682    -0.3435752558  -0.002578162264
v      37.45602682    -0.6524095718      0.127844103
v      37.45602682    -0.9141380762     0.3301019238
v      37.45602682     -1.116395897     0.5918304282
v      37.45602682     -1.246818162     0.9006647442
v      37.45602682         -1.29304          1.24424
v      37.45602682     -1.246818162      1.587815256
v      37.45602682     -1.116395897      1.896649572
v      37.45602682    -0.9141380762      2.158378076
v      37.45602682    -0.6524095718      2.360635897
v      37.45602682    -0.3435752558      2.491058162
v      37.45602682                0          2.53728
v      37.45602682     0.3435752558      2.491058162
v      37.45602682     0.6524095718      2.360635897
v      37.45602682     0.9141380762      2.158378076
v      37.45602682      1.116395897      1.896649572
v      37.45602682      1.246818162      1.587815256
v               38             1.24             1.29
v               38      1.195674164     0.9605180682
v               38       1.07060177     0.6643520161
v               38     0.8766404864     0.4133595136
v               38     0.6256479839     0.2193982303
v               38     0.3294819318    0.09432583585
v               38                0             0.05
v               38    -0.3294819318    0.09432583585
v               38    -0.6256479839     0.2193982303
v               38    -0.8766404864     0.4133595136
v               38      -1.07060177     0.6643520161
v               38     -1.195674164     0.9605180682
v               38            -1.24             1.29
v               38     -1.195674164      1.619481932
v               38      -1.07060177      1.915647984
v               38    -0.8766404864      2.166640486
v               38    -0.6256479839       2.36060177
v               38    -0.3294819318      2.485674164
v               38                0             2.53
v               38     0.3294819318      2.485674164
v               38     0.6256479839       2.36060177
v               38     0.8766404864      2.166640486
v               38       1.07060177      1.915647984
v               38      1.195674164      1.619481932
v      38.52965867          1.18904          1.33056
v      38.52965867      1.146535813      1.014618713
v      38.52965867      1.026603491       0.73062413
v      38.52965867     0.8406133903     0.4899466097
v      38.52965867       0.59993587     0.3039565095
v      38.52965867     0.3159412873      0.184024187
v      38.52965867                0          0.14152
v      38.52965867    -0.3159412873      0.184024187
v      38.52965867      -0.59993587     0.3039565095
v      38.52965867    -0.8406133903     0.4899466097
v      38.52965867     -1.026603491       0.73062413
v      38.52965867     -1.146535813      1.014618713
v      38.52965867         -1.18904          1.33056
v      38.52965867     -1.146535813      1.646501287
v      38.52965867     -1.026603491       1.93049587
v      38.52965867    -0.8406133903       2.17117339
v      38.52965867      -0.59993587      2.357163491
v      38.52965867    -0.3159412873      2.477095813
v      38.52965867                0           2.5196
v      38.52965867     0.3159412873      2.477095813
v      38.52965867       0.59993587      2.357163491
v      38.52965867     0.8406133903       2.17117339
v      38.52965867      1.026603491       1.93049587
v      38.52965867      1.146535813      1.646501287
v      39.07043682          1.06752          1.42728
v      39.07043682      1.029359745      1.143627942
v      39.07043682     0.9216845171     0.8886576325
v      39.07043682     0.7547026226     0.6725773774
v      39.07043682     0.5386223675     0.5055954829
v      39.07043682      0.283652058     0.3979202551
v      39.07043682                0          0.35976
v      39.07043682     -0.283652058     0.3979202551
v      39.07043682    -0.5386223675     0.5055954829
v      39.07043682    -0.7547026226     0.6725773774
v      39.07043682    -0.9216845171     0.8886576325
v      39.07043682     -1.029359745      1.143627942
v      39.07043682         -1.06752          1.42728
v      39.07043682     -1.029359745      1.710932058
v      39.07043682    -0.9216845171      1.965902368
v      39.07043682    -0.7547026226      2.181982623
v      39.07043682    -0.5386223675      2.348964517
v      39.07043682     -0.283652058      2.456639745
v      39.07043682                0           2.4948
v      39.07043682      0.283652058      2.456639745
v      39.07043682     0.5386223675      2.348964517
v      39.07043682     0.7547026226      2.181982623
v      39.07043682     0.9216845171      1.965902368
v      39.07043682      1.029359745      1.710932058
v      39.59638564          0.92248          1.54272
v      39.59638564     0.8895044379        1.2976067
v      39.59638564     0.7964586456      1.077278264
v      39.59638564     0.6521639644     0.8905560356
v      39.59638564     0.4654417356     0.7462613544
v      39.59638564     0.2451133004     0.6532155621
v      39.59638564                0          0.62024
v      39.59638564    -0.2451133004     0.6532155621
v      39.59638564    -0.4654417356     0.7462613544
v      39.59638564    -0.6521639644     0.8905560356
v      39.59638564    -0.7964586456      1.077278264
v      39.59638564    -0.8895044379        1.2976067
v      39.59638564         -0.92248          1.54272
v      39.59638564    -0.8895044379        1.7878333
v      39.59638564    -0.7964586456      2.008161736
v      39.59638564    -0.6521639644      2.194883964
v      39.59638564    -0.4654417356      2.339178646
v      39.59638564    -0.2451133004      2.432224438
v      39.59638564                0           2.4652
v      39.59638564     0.2451133004      2.432224438
v      39.59638564     0.4654417356      2.339178646
v      39.59638564     0.6521639644      2.194883964
v      39.59638564     0.7964586456      2.008161736
v      39.59638564     0.8895044379        1.7878333
v       40.0815563          0.80096          1.63944
v       40.0815563     0.7723283698      1.426615929
v       40.0815563     0.6915396722      1.235311767
v       40.0815563     0.5662531968      1.073186803
v       40.0815563     0.4041282332     0.9479003278
v       40.0815563     0.2128240711     0.8671116302
v       40.0815563                0          0.83848
v       40.0815563    -0.2128240711     0.8671116302
v       40.0815563    -0.4041282332     0.9479003278
v       40.0815563    -0.5662531968      1.073186803
v       40.0815563    -0.6915396722      1.235311767
v       40.0815563    -0.7723283698      1.426615929
v       40.0815563         -0.80096          1.63944
v       40.0815563    -0.7723283698      1.852264071
v       40.0815563    -0.6915396722      2.043568233
v       40.0815563    -0.5662531968      2.205693197
v       40.0815563    -0.4041282332      2.330979672
v       40.0815563    -0.2128240711       2.41176837
v       40.0815563                0           2.4404
v       40.0815563     0.2128240711       2.41176837
v       40.0815563     0.4041282332      2.330979672
v       40.0815563     0.5662531968      2.205693197
v       40.0815563     0.6915396722      2.043568233
v       40.0815563     0.7723283698      1.852264071
v             40.5             0.75             1.68
v             40.5     0.7231900186      1.480716573
v             40.5      0.647541393      1.301583881
v             40.5     0.5302261006      1.149773899
v             40.5     0.3784161193      1.032458607
v             40.5     0.1992834265     0.9568099814
v             40.5                0             0.93
v             40.5    -0.1992834265     0.9568099814
v             40.5    -0.3784161193      1.032458607
v             40.5    -0.5302261006      1.149773899
v             40.5     -0.647541393      1.301583881
v             40.5    -0.7231900186      1.480716573
v             40.5            -0.75             1.68
v             40.5    -0.7231900186      1.879283427
v             40.5     -0.647541393      2.058416119
v             40.5    -0.5302261006      2.210226101
v             40.5    -0.3784161193      2.327541393
v             40.5    -0.1992834265      2.403190019
v             40.5                0             2.43
v             40.5     0.1992834265      2.403190019
v             40.5     0.3784161193      2.327541393
v             40.5     0.5302261006      2.210226101
v             40.5      0.647541393      2.058416119
v             40.5     0.7231900186      1.879283427
v      40.88577439      0.703941196           1.7112
v      40.88577439     0.6786625075      1.524730689
v      40.88577439      0.607406255      1.356760063
v      40.88577439     0.4970421584      1.214157842
v      40.88577439     0.3544399372      1.103793745
v      40.88577439     0.1864693112      1.032537493
v      40.88577439 -4.440892099e-18      1.007258804
v      40.88577439    -0.1864693112      1.032537493
v      40.88577439    -0.3544399372      1.103793745
v      40.88577439    -0.4970421584      1.214157842
v      40.88577439     -0.607406255      1.356760063
v      40.88577439    -0.6786625075      1.524730689
v      40.88577439     -0.703941196           1.7112
v      40.88577439    -0.6786625075      1.897669311
v      40.88577439     -0.607406255      2.065639937
v      40.88577439    -0.4970421584      2.208242158
v      40.88577439    -0.3544399372      2.318606255
v      40.88577439    -0.1864693112      2.389862507
v      40.88577439 -6.439293543e-18      2.415141196
v      40.88577439     0.1864693112      2.389862507
v      40.88577439     0.3544399372      2.318606255
v      40.88577439     0.4970421584      2.208242158
v      40.88577439      0.607406255      2.065639937
v      40.88577439     0.6786625075      1.897669311
v      41.27360645     0.5818235879           1.7856
v      41.27360645     0.5606798844      1.632730257
v      41.27360645     0.5012343235      1.494249072
v      41.27360645     0.4094652299       1.37613477
v      41.27360645     0.2913509284      1.284365677
v      41.27360645     0.1528697435      1.224920116
v      41.27360645  -1.33226763e-17      1.203776412
v      41.27360645    -0.1528697435      1.224920116
v      41.27360645    -0.2913509284      1.284365677
v      41.27360645    -0.4094652299       1.37613477
v      41.27360645    -0.5012343235      1.494249072
v      41.27360645    -0.5606798844      1.632730257
v      41.27360645    -0.5818235879           1.7856
v      41.27360645    -0.5606798844      1.938469743
v      41.27360645    -0.5012343235      2.076950928
v      41.27360645    -0.4094652299       2.19506523
v      41.27360645    -0.2913509284      2.286834323
v      41.27360645    -0.1528697435      2.346279884
v      41.27360645 -1.931788063e-17      2.367423588
v      41.27360645     0.1528697435      2.346279884
v      41.27360645     0.2913509284      2.286834323
v      41.27360645     0.4094652299       2.19506523
v      41.27360645     0.5012343235      2.076950928
v      41.27360645     0.5606798844      1.938469743
v      41.63855131     0.4077353819           1.8744
v      41.63855131      0.392642015      1.768651109
v      41.63855131     0.3503758215      1.671991601
v      41.63855131     0.2854576625      1.588942338
v      41.63855131     0.2024083986      1.524024178
v      41.63855131     0.1057488908      1.481757985
v      41.63855131 -1.998401444e-17      1.466664618
v      41.63855131    -0.1057488908      1.481757985
v      41.63855131    -0.2024083986      1.524024178
v      41.63855131    -0.2854576625      1.588942338
v      41.63855131    -0.3503758215      1.671991601
v      41.63855131     -0.392642015      1.768651109
v      41.63855131    -0.4077353819           1.8744
v      41.63855131     -0.392642015      1.980148891
v      41.63855131    -0.3503758215      2.076808399
v      41.63855131    -0.2854576625      2.159857662
v      41.63855131    -0.2024083986      2.224775822
v      41.63855131    -0.1057488908      2.267042015
v      41.63855131 -2.897682094e-17      2.282135382
v      41.63855131     0.1057488908      2.267042015
v      41.63855131     0.2024083986      2.224775822
v      41.63855131     0.2854576625      2.159857662
v      41.63855131     0.3503758215      2.076808399
v      41.63855131      0.392642015      1.980148891
v      41.95566411     0.2057647839           1.9488
v      41.95566411      0.197948765      1.896429079
v      41.95566411     0.1761809726      1.847928346
v      41.95566411     0.1429818034      1.805818197
v      41.95566411     0.1008716538      1.772619027
v      41.95566411    0.05237092051      1.750851235
v      41.95566411 -1.776356839e-17      1.743035216
v      41.95566411   -0.05237092051      1.750851235
v      41.95566411    -0.1008716538      1.772619027
v      41.95566411    -0.1429818034      1.805818197
v      41.95566411    -0.1761809726      1.847928346
v      41.95566411     -0.197948765      1.896429079
v      41.95566411    -0.2057647839           1.9488
v      41.95566411     -0.197948765      2.001170921
v      41.95566411    -0.1761809726      2.049671654
v      41.95566411    -0.1429818034      2.091781803
v      41.95566411    -0.1008716538      2.124980973
v      41.95566411   -0.05237092051      2.146748765
v      41.95566411 -2.575717417e-17      2.154564784
v      41.95566411    0.05237092051      2.146748765
v      41.95566411     0.1008716538      2.124980973
v      41.95566411     0.1429818034      2.091781803
v      41.95566411     0.1761809726      2.049671654
v      41.95566411      0.197948765      2.001170921
v             42.2                0             1.98
v      16.27365624     0.3979854426         -1.96768
v      16.27365624     0.3938494183     -2.026100224
v               16                0            -1.95
v      16.27365624     0.3789532298     -2.078615277
v      16.27365624     0.3530318197     -2.127480144
v      16.27365624      0.317496276     -2.170776276
v      16.27365624     0.2537236152     -2.215087831
v      16.27365624     0.1751415297     -2.235832319
v      16.27365624    0.08809689408     -2.247231785
v      16.27365624 -1.421085472e-17     -2.251265443
v      16.27365624   -0.08809689408     -2.247231785
v      16.27365624    -0.1751415297     -2.235832319
v      16.27365624    -0.2537236152     -2.215087831
v      16.27365624     -0.317496276     -2.170776276
v      16.27365624    -0.3530318197     -2.127480144
v      16.27365624    -0.3789532298     -2.078615277
v      16.27365624    -0.3938494183     -2.026100224
v      16.27365624    -0.3979854426         -1.96768
v      16.27365624    -0.3938494183     -1.909259776
v      16.27365624    -0.3789532298     -1.856744723
v      16.27365624    -0.3530318197     -1.807879856
v      16.27365624     -0.317496276     -1.764583724
v      16.27365624    -0.2537236152     -1.720272169
v      16.27365624    -0.1751415297     -1.699527681
v      16.27365624   -0.08809689408     -1.688128215
v      16.27365624 -2.930988785e-17     -1.684094557
v      16.27365624    0.08809689408     -1.688128215
v      16.27365624     0.1751415297     -1.699527681
v      16.27365624     0.2537236152     -1.720272169
v      16.27365624      0.317496276     -1.764583724
v      16.27365624     0.3530318197     -1.807879856
v      16.27365624     0.3789532298     -1.856744723
v      16.27365624     0.3938494183     -1.909259776
v      16.54824601     0.9412336229         -2.00984
v      16.54824601     0.9363492858     -2.131879892
v      16.54824601      0.911689827      -2.23631075
v      16.54824601     0.8639804299     -2.333142532
v      16.54824601     0.7956193854     -2.418259385
v      16.54824601     0.6411973573     -2.516323851
v      16.54824601     0.4437842209     -2.546511358
v      16.54824601     0.2224840058     -2.559335758
v      16.54824601 -1.598721155e-17     -2.563873623
v      16.54824601    -0.2224840058     -2.559335758
v      16.54824601    -0.4437842209     -2.546511358
v      16.54824601    -0.6411973573     -2.516323851
v      16.54824601    -0.7956193854     -2.418259385
v      16.54824601    -0.8639804299     -2.333142532
v      16.54824601     -0.911689827      -2.23631075
v      16.54824601    -0.9363492858     -2.131879892
v      16.54824601    -0.9412336229         -2.00984
v      16.54824601    -0.9363492858     -1.887800108
v      16.54824601     -0.911689827      -1.78336925
v      16.54824601    -0.8639804299     -1.686537468
v      16.54824601    -0.7956193854     -1.601420615
v      16.54824601    -0.6411973573     -1.503356149
v      16.54824601    -0.4437842209     -1.473168642
v      16.54824601    -0.2224840058     -1.460344242
v      16.54824601 -3.297362383e-17     -1.455806377
v      16.54824601     0.2224840058     -1.460344242
v      16.54824601     0.4437842209     -1.473168642
v      16.54824601     0.6411973573     -1.503356149
v      16.54824601     0.7956193854     -1.601420615
v      16.54824601     0.8639804299     -1.686537468
v      16.54824601      0.911689827      -1.78336925
v      16.54824601     0.9363492858     -1.887800108
v      16.84600767      1.495489082         -2.06016
v      16.84600767      1.491826014     -2.240574189
v      16.84600767      1.461489147     -2.389961803
v      16.84600767      1.397059783     -2.528140324
v      16.84600767      1.301562899     -2.648922899
v      16.84600767      1.053195798     -2.799101081
v      16.84600767     0.7298561473     -2.831274239
v      16.84600767     0.3653226706     -2.839823839
v      16.84600767 -1.065814104e-17     -2.842849082
v      16.84600767    -0.3653226706     -2.839823839
v      16.84600767    -0.7298561473     -2.831274239
v      16.84600767     -1.053195798     -2.799101081
v      16.84600767     -1.301562899     -2.648922899
v      16.84600767     -1.397059783     -2.528140324
v      16.84600767     -1.461489147     -2.389961803
v      16.84600767     -1.491826014     -2.240574189
v      16.84600767     -1.495489082         -2.06016
v      16.84600767     -1.491826014     -1.879745811
v      16.84600767     -1.461489147     -1.730358197
v      16.84600767     -1.397059783     -1.592179676
v      16.84600767     -1.301562899     -1.471397101
v      16.84600767     -1.053195798     -1.321218919
v      16.84600767    -0.7298561473     -1.289045761
v      16.84600767    -0.3653226706     -1.280496161
v      16.84600767 -2.198241589e-17     -1.277470918
v      16.84600767     0.3653226706     -1.280496161
v      16.84600767     0.7298561473     -1.289045761
v      16.84600767      1.053195798     -1.321218919
v      16.84600767      1.301562899     -1.471397101
v      16.84600767      1.397059783     -1.592179676
v      16.84600767      1.461489147     -1.730358197
v      16.84600767      1.491826014     -1.879745811
v      17.18917955      1.926496361         -2.10232
v      17.18917955      1.924606016     -2.325418298
v      17.18917955      1.891630545      -2.50644382
v      17.18917955      1.816483829     -2.673626682
v      17.18917955      1.702520389     -2.819240389
v      17.18917955       1.38049351     -3.008812539
v      17.18917955     0.9572853824      -3.03935808
v      17.18917955     0.4787742235     -3.042207946
v      17.18917955 -3.552713679e-18     -3.043216361
v      17.18917955    -0.4787742235     -3.042207946
v      17.18917955    -0.9572853824      -3.03935808
v      17.18917955      -1.38049351     -3.008812539
v      17.18917955     -1.702520389     -2.819240389
v      17.18917955     -1.816483829     -2.673626682
v      17.18917955     -1.891630545      -2.50644382
v      17.18917955     -1.924606016     -2.325418298
v      17.18917955     -1.926496361         -2.10232
v      17.18917955     -1.924606016     -1.879221702
v      17.18917955     -1.891630545      -1.69819618
v      17.18917955     -1.816483829     -1.531013318
v      17.18917955     -1.702520389     -1.385399611
v      17.18917955      -1.38049351     -1.195827461
v      17.18917955    -0.9572853824      -1.16528192
v      17.18917955    -0.4787742235     -1.162432054
v      17.18917955 -7.327471963e-18     -1.161423639
v      17.18917955     0.4787742235     -1.162432054
v      17.18917955     0.9572853824      -1.16528192
v      17.18917955       1.38049351     -1.195827461
v      17.18917955      1.702520389     -1.385399611
v      17.18917955      1.816483829     -1.531013318
v      17.18917955      1.891630545      -1.69819618
v      17.18917955      1.924606016     -1.879221702
v             17.6              2.1            -2.12
v             17.6      2.099015703     -2.359647404
v             17.6      2.065393377     -2.552632184
v             17.6      1.986466522     -2.730754765
v             17.6      1.865685425     -2.885685425
v             17.6      1.513865065     -3.090851243
v             17.6             1.05            -3.12
v             17.6            0.525            -3.12
v             17.6                0            -3.12
v             17.6           -0.525            -3.12
v             17.6            -1.05            -3.12
v             17.6     -1.513865065     -3.090851243
v             17.6     -1.865685425     -2.885685425
v             17.6     -1.986466522     -2.730754765
v             17.6     -2.065393377     -2.552632184
v             17.6     -2.099015703     -2.359647404
v             17.6             -2.1            -2.12
v             17.6     -2.099015703     -1.880352596
v             17.6     -2.065393377     -1.687367816
v             17.6     -1.986466522     -1.509245235
v             17.6     -1.865685425     -1.354314575
v             17.6     -1.513865065     -1.149148757
v             17.6            -1.05            -1.12
v             17.6           -0.525            -1.12
v             17.6                0            -1.12
v             17.6            0.525            -1.12
v             17.6             1.05            -1.12
v             17.6      1.513865065     -1.149148757
v             17.6      1.865685425     -1.354314575
v             17.6      1.986466522     -1.509245235
v             17.6      2.065393377     -1.687367816
v             17.6      2.099015703     -1.880352596
v      18.02498761           2.2092         -2.12832
v      18.02498761      2.207973389     -2.378306931
v      18.02498761      2.172186917     -2.580188038
v      18.02498761      2.089236927     -2.766505153
v      18.02498761      1.962701067     -2.928621067
v      18.02498761      1.592586048     -3.144455507
v      18.02498761           1.1046         -3.17512
v      18.02498761           0.5523         -3.17512
v      18.02498761                0         -3.17512
v      18.02498761          -0.5523         -3.17512
v      18.02498761          -1.1046         -3.17512
v      18.02498761     -1.592586048     -3.144455507
v      18.02498761     -1.962701067     -2.928621067
v      18.02498761     -2.089236927     -2.766505153
v      18.02498761     -2.172186917     -2.580188038
v      18.02498761     -2.207973389     -2.378306931
v      18.02498761          -2.2092         -2.12832
v      18.02498761     -2.207973389     -1.878333069
v      18.02498761     -2.172186917     -1.676451962
v      18.02498761     -2.089236927     -1.490134847
v      18.02498761     -1.962701067     -1.328018933
v      18.02498761     -1.592586048     -1.112184493
v      18.02498761          -1.1046         -1.08152
v      18.02498761          -0.5523         -1.08152
v      18.02498761                0         -1.08152
v      18.02498761           0.5523         -1.08152
v      18.02498761           1.1046         -1.08152
v      18.02498761      1.592586048     -1.112184493
v      18.02498761      1.962701067     -1.328018933
v      18.02498761      2.089236927     -1.490134847
v      18.02498761      2.172186917     -1.676451962
v      18.02498761      2.207973389     -1.878333069
v       18.4124938           2.4696         -2.14816
v       18.4124938      2.467795563     -2.422802724
v       18.4124938      2.426848436     -2.645898151
v       18.4124938      2.334304814     -2.851756076
v       18.4124938       2.19404606      -3.03100606
v       18.4124938      1.780305316     -3.272281061
v       18.4124938           1.2348         -3.30656
v       18.4124938           0.6174         -3.30656
v       18.4124938                0         -3.30656
v       18.4124938          -0.6174         -3.30656
v       18.4124938          -1.2348         -3.30656
v       18.4124938     -1.780305316     -3.272281061
v       18.4124938      -2.19404606      -3.03100606
v       18.4124938     -2.334304814     -2.851756076
v       18.4124938     -2.426848436     -2.645898151
v       18.4124938     -2.467795563     -2.422802724
v       18.4124938          -2.4696         -2.14816
v       18.4124938     -2.467795563     -1.873517276
v       18.4124938     -2.426848436     -1.650421849
v       18.4124938     -2.334304814     -1.444563924
v       18.4124938      -2.19404606      -1.26531394
v       18.4124938     -1.780305316     -1.024038939
v       18.4124938          -1.2348         -0.98976
v       18.4124938          -0.6174         -0.98976
v       18.4124938                0         -0.98976
v       18.4124938           0.6174         -0.98976
v       18.4124938           1.2348         -0.98976
v       18.4124938      1.780305316     -1.024038939
v       18.4124938       2.19404606      -1.26531394
v       18.4124938      2.334304814     -1.444563924
v       18.4124938      2.426848436     -1.650421849
v       18.4124938      2.467795563     -1.873517276
v       18.7875062           2.7804         -2.17184
v       18.7875062        2.7779059     -2.475910607
v       18.7875062      2.730799282     -2.724326349
v       18.7875062      2.626805195     -2.953507179
v       18.7875062      2.470167503     -3.153207503
v       18.7875062      2.004357346     -3.424847045
v       18.7875062           1.3902         -3.46344
v       18.7875062           0.6951         -3.46344
v       18.7875062                0         -3.46344
v       18.7875062          -0.6951         -3.46344
v       18.7875062          -1.3902         -3.46344
v       18.7875062     -2.004357346     -3.424847045
v       18.7875062     -2.470167503     -3.153207503
v       18.7875062     -2.626805195     -2.953507179
v       18.7875062     -2.730799282     -2.724326349
v       18.7875062       -2.7779059     -2.475910607
v       18.7875062          -2.7804         -2.17184
v       18.7875062       -2.7779059     -1.867769393
v       18.7875062     -2.730799282     -1.619353651
v       18.7875062     -2.626805195     -1.390172821
v       18.7875062     -2.470167503     -1.190472497
v       18.7875062     -2.004357346    -0.9188329548
v       18.7875062          -1.3902         -0.88024
v       18.7875062          -0.6951         -0.88024
v       18.7875062                0         -0.88024
v       18.7875062           0.6951         -0.88024
v       18.7875062           1.3902         -0.88024
v       18.7875062      2.004357346    -0.9188329548
v       18.7875062      2.470167503     -1.190472497
v       18.7875062      2.626805195     -1.390172821
v       18.7875062      2.730799282     -1.619353651
v       18.7875062        2.7779059     -1.867769393
v      19.17501239           3.0408         -2.19168
v      19.17501239      3.037728075       -2.5204064
v      19.17501239      2.985460801     -2.790036462
v      19.17501239      2.871873082     -3.038758102
v      19.17501239      2.701512495     -3.255592495
v      19.17501239      2.192076614     -3.552672599
v      19.17501239           1.5204         -3.59488
v      19.17501239           0.7602         -3.59488
v      19.17501239                0         -3.59488
v      19.17501239          -0.7602         -3.59488
v      19.17501239          -1.5204         -3.59488
v      19.17501239     -2.192076614     -3.552672599
v      19.17501239     -2.701512495     -3.255592495
v      19.17501239     -2.871873082     -3.038758102
v      19.17501239     -2.985460801     -2.790036462
v      19.17501239     -3.037728075       -2.5204064
v      19.17501239          -3.0408         -2.19168
v      19.17501239     -3.037728075       -1.8629536
v      19.17501239     -2.985460801     -1.593323538
v      19.17501239     -2.871873082     -1.344601898
v      19.17501239     -2.701512495     -1.127767505
v      19.17501239     -2.192076614    -0.8306874007
v      19.17501239          -1.5204         -0.78848
v      19.17501239          -0.7602         -0.78848
v      19.17501239                0         -0.78848
v      19.17501239           0.7602         -0.78848
v      19.17501239           1.5204         -0.78848
v      19.17501239      2.192076614    -0.8306874007
v      19.17501239      2.701512495     -1.127767505
v      19.17501239      2.871873082     -1.344601898
v      19.17501239      2.985460801     -1.593323538
v      19.17501239      3.037728075       -1.8629536
v             19.6             3.15             -2.2
v             19.6      3.146685761     -2.539065926
v             19.6      3.092254342     -2.817592316
v             19.6      2.974643486      -3.07450849
v             19.6      2.798528137     -3.298528137
v             19.6      2.270797597     -3.606276864
v             19.6            1.575            -3.65
v             19.6           0.7875            -3.65
v             19.6                0            -3.65
v             19.6          -0.7875            -3.65
v             19.6           -1.575            -3.65
v             19.6     -2.270797597     -3.606276864
v             19.6     -2.798528137     -3.298528137
v             19.6     -2.974643486      -3.07450849
v             19.6     -3.092254342     -2.817592316
v             19.6     -3.146685761     -2.539065926
v             19.6            -3.15             -2.2
v             19.6     -3.146685761     -1.860934074
v             19.6     -3.092254342     -1.582407684
v             19.6     -2.974643486      -1.32549151
v             19.6     -2.798528137     -1.101471863
v             19.6     -2.270797597    -0.7937231361
v             19.6           -1.575            -0.75
v             19.6          -0.7875            -0.75
v             19.6                0            -0.75
v             19.6           0.7875            -0.75
v             19.6            1.575            -0.75
v             19.6      2.270797597    -0.7937231361
v             19.6      2.798528137     -1.101471863
v             19.6      2.974643486      -1.32549151
v             19.6      3.092254342     -1.582407684
v             19.6      3.146685761     -1.860934074
v      20.06130444           3.1864             -2.2
v      20.06130444       3.18203009     -2.539892538
v      20.06130444      3.125390414     -2.820996326
v      20.06130444      3.005605973     -3.080267332
v      20.06130444      2.827312914     -3.306512914
v      20.06130444      2.294109311     -3.619141403
v      20.06130444           1.5932          -3.6656
v      20.06130444           0.7966          -3.6656
v      20.06130444                0          -3.6656
v      20.06130444          -0.7966          -3.6656
v      20.06130444          -1.5932          -3.6656
v      20.06130444     -2.294109311     -3.619141403
v      20.06130444     -2.827312914     -3.306512914
v      20.06130444     -3.005605973     -3.080267332
v      20.06130444     -3.125390414     -2.820996326
v      20.06130444      -3.18203009     -2.539892538
v      20.06130444          -3.1864             -2.2
v      20.06130444      -3.18203009     -1.860107462
v      20.06130444     -3.125390414     -1.579003674
v      20.06130444     -3.005605973     -1.319732668
v      20.06130444     -2.827312914     -1.093487086
v      20.06130444     -2.294109311    -0.7808585971
v      20.06130444          -1.5932          -0.7344
v      20.06130444          -0.7966          -0.7344
v      20.06130444                0          -0.7344
v      20.06130444           0.7966          -0.7344
v      20.06130444           1.5932          -0.7344
v      20.06130444      2.294109311    -0.7808585971
v      20.06130444      2.827312914     -1.093487086
v      20.06130444      3.005605973     -1.319732668
v      20.06130444      3.125390414     -1.579003674
v      20.06130444       3.18203009     -1.860107462
v       20.5374443           3.2732             -2.2
v       20.5374443      3.266312721     -2.541863691
v       20.5374443      3.204407202     -2.829113581
v       20.5374443      3.079439597     -3.093999957
v       20.5374443      2.895953534     -3.325553534
v       20.5374443      2.349698783      -3.64981838
v       20.5374443           1.6366          -3.7028
v       20.5374443           0.8183          -3.7028
v       20.5374443                0          -3.7028
v       20.5374443          -0.8183          -3.7028
v       20.5374443          -1.6366          -3.7028
v       20.5374443     -2.349698783      -3.64981838
v       20.5374443     -2.895953534     -3.325553534
v       20.5374443     -3.079439597     -3.093999957
v       20.5374443     -3.204407202     -2.829113581
v       20.5374443     -3.266312721     -2.541863691
v       20.5374443          -3.2732             -2.2
v       20.5374443     -3.266312721     -1.858136309
v       20.5374443     -3.204407202     -1.570886419
v       20.5374443     -3.079439597     -1.306000043
v       20.5374443     -2.895953534     -1.074446466
v       20.5374443     -2.349698783    -0.7501816196
v       20.5374443          -1.6366          -0.6972
v       20.5374443          -0.8183          -0.6972
v       20.5374443                0          -0.6972
v       20.5374443           0.8183          -0.6972
v       20.5374443           1.6366          -0.6972
v       20.5374443      2.349698783    -0.7501816196
v       20.5374443      2.895953534     -1.074446466
v       20.5374443      3.079439597     -1.306000043
v       20.5374443      3.204407202     -1.570886419
v       20.5374443      3.266312721     -1.858136309
v      21.02293194           3.3768             -2.2
v      21.02293194       3.36690812     -2.544216356
v      21.02293194      3.298717561     -2.838801917
v      21.02293194      3.167563599     -3.110390509
v      21.02293194      2.977879436     -3.348279436
v      21.02293194      2.416047508     -3.686432837
v      21.02293194           1.6884          -3.7472
v      21.02293194           0.8442          -3.7472
v      21.02293194                0          -3.7472
v      21.02293194          -0.8442          -3.7472
v      21.02293194          -1.6884          -3.7472
v      21.02293194     -2.416047508     -3.686432837
v      21.02293194     -2.977879436     -3.348279436
v      21.02293194     -3.167563599     -3.110390509
v      21.02293194     -3.298717561     -2.838801917
v      21.02293194      -3.36690812     -2.544216356
v      21.02293194          -3.3768             -2.2
v      21.02293194      -3.36690812     -1.855783644
v      21.02293194     -3.298717561     -1.561198083
v      21.02293194     -3.167563599     -1.289609491
v      21.02293194     -2.977879436     -1.051720564
v      21.02293194     -2.416047508    -0.7135671625
v      21.02293194          -1.6884          -0.6528
v      21.02293194          -0.8442          -0.6528
v      21.02293194                0          -0.6528
v      21.02293194           0.8442          -0.6528
v      21.02293194           1.6884          -0.6528
v      21.02293194      2.416047508    -0.7135671625
v      21.02293194      2.977879436     -1.051720564
v      21.02293194      3.167563599     -1.289609491
v      21.02293194      3.298717561     -1.561198083
v      21.02293194       3.36690812     -1.855783644
v      21.51227972           3.4636             -2.2
v      21.51227972      3.451190751     -2.546187508
v      21.51227972      3.377734349     -2.846919172
v      21.51227972      3.241397223     -3.124123133
v      21.51227972      3.046520056     -3.367320056
v      21.51227972      2.471636979     -3.717109815
v      21.51227972           1.7318          -3.7844
v      21.51227972           0.8659          -3.7844
v      21.51227972                0          -3.7844
v      21.51227972          -0.8659          -3.7844
v      21.51227972          -1.7318          -3.7844
v      21.51227972     -2.471636979     -3.717109815
v      21.51227972     -3.046520056     -3.367320056
v      21.51227972     -3.241397223     -3.124123133
v      21.51227972     -3.377734349     -2.846919172
v      21.51227972     -3.451190751     -2.546187508
v      21.51227972          -3.4636             -2.2
v      21.51227972     -3.451190751     -1.853812492
v      21.51227972     -3.377734349     -1.553080828
v      21.51227972     -3.241397223     -1.275876867
v      21.51227972     -3.046520056     -1.032679944
v      21.51227972     -2.471636979     -0.682890185
v      21.51227972          -1.7318          -0.6156
v      21.51227972          -0.8659          -0.6156
v      21.51227972                0          -0.6156
v      21.51227972           0.8659          -0.6156
v      21.51227972           1.7318          -0.6156
v      21.51227972      2.471636979     -0.682890185
v      21.51227972      3.046520056     -1.032679944
v      21.51227972      3.241397223     -1.275876867
v      21.51227972      3.377734349     -1.553080828
v      21.51227972      3.451190751     -1.853812492
v               22              3.5             -2.2
v               22       3.48653508     -2.547014121
v               22      3.410870421     -2.850323182
v               22       3.27235971     -3.129881976
v               22      3.075304833     -3.375304833
v               22      2.494948693     -3.729974354
v               22             1.75             -3.8
v               22            0.875             -3.8
v               22                0             -3.8
v               22           -0.875             -3.8
v               22            -1.75             -3.8
v               22     -2.494948693     -3.729974354
v               22     -3.075304833     -3.375304833
v               22      -3.27235971     -3.129881976
v               22     -3.410870421     -2.850323182
v               22      -3.48653508     -2.547014121
v               22             -3.5             -2.2
v               22      -3.48653508     -1.852985879
v               22     -3.410870421     -1.549676818
v               22      -3.27235971     -1.270118024
v               22     -3.075304833     -1.024695167
v               22     -2.494948693     -0.670025646
v               22            -1.75             -0.6
v               22           -0.875             -0.6
v               22                0             -0.6
v               22            0.875             -0.6
v               22             1.75             -0.6
v               22      2.494948693     -0.670025646
v               22      3.075304833     -1.024695167
v               22       3.27235971     -1.270118024
v               22      3.410870421     -1.549676818
v               22       3.48653508     -1.852985879
v      22.50165352              3.5          -2.1948
v      22.50165352       3.48653508     -2.541814121
v      22.50165352      3.410870421     -2.845123182
v      22.50165352       3.27235971     -3.124681976
v      22.50165352      3.075304833     -3.370104833
v      22.50165352      2.494948693     -3.724774354
v      22.50165352             1.75          -3.7948
v      22.50165352            0.875          -3.7948
v      22.50165352                0          -3.7948
v      22.50165352           -0.875          -3.7948
v      22.50165352            -1.75          -3.7948
v      22.50165352     -2.494948693     -3.724774354
v      22.50165352     -3.075304833     -3.370104833
v      22.50165352      -3.27235971     -3.124681976
v      22.50165352     -3.410870421     -2.845123182
v      22.50165352      -3.48653508     -2.541814121
v      22.50165352             -3.5          -2.1948
v      22.50165352      -3.48653508     -1.847785879
v      22.50165352     -3.410870421     -1.544476818
v      22.50165352      -3.27235971     -1.264918024
v      22.50165352     -3.075304833     -1.019495167
v      22.50165352     -2.494948693     -0.664825646
v      22.50165352            -1.75          -0.5948
v      22.50165352           -0.875          -0.5948
v      22.50165352                0          -0.5948
v      22.50165352            0.875          -0.5948
v      22.50165352             1.75          -0.5948
v      22.50165352      2.494948693     -0.664825646
v      22.50165352      3.075304833     -1.019495167
v      22.50165352       3.27235971     -1.264918024
v      22.50165352      3.410870421     -1.544476818
v      22.50165352       3.48653508     -1.847785879
v      23.02686779              3.5          -2.1824
v      23.02686779       3.48653508     -2.529414121
v      23.02686779      3.410870421     -2.832723182
v      23.02686779       3.27235971     -3.112281976
v      23.02686779      3.075304833     -3.357704833
v      23.02686779      2.494948693     -3.712374354
v      23.02686779             1.75          -3.7824
v      23.02686779            0.875          -3.7824
v      23.02686779                0          -3.7824
v      23.02686779           -0.875          -3.7824
v      23.02686779            -1.75          -3.7824
v      23.02686779     -2.494948693     -3.712374354
v      23.02686779     -3.075304833     -3.357704833
v      23.02686779      -3.27235971     -3.112281976
v      23.02686779     -3.410870421     -2.832723182
v      23.02686779      -3.48653508     -2.529414121
v      23.02686779             -3.5          -2.1824
v      23.02686779      -3.48653508     -1.835385879
v      23.02686779     -3.410870421     -1.532076818
v      23.02686779      -3.27235971     -1.252518024
v      23.02686779     -3.075304833     -1.007095167
v      23.02686779     -2.494948693     -0.652425646
v      23.02686779            -1.75          -0.5824
v      23.02686779           -0.875          -0.5824
v      23.02686779                0          -0.5824
v      23.02686779            0.875          -0.5824
v      23.02686779             1.75          -0.5824
v      23.02686779      2.494948693     -0.652425646
v      23.02686779      3.075304833     -1.007095167
v      23.02686779       3.27235971     -1.252518024
v      23.02686779      3.410870421     -1.532076818
v      23.02686779       3.48653508     -1.835385879
v      23.56125529              3.5          -2.1676
v      23.56125529       3.48653508     -2.514614121
v      23.56125529      3.410870421     -2.817923182
v      23.56125529       3.27235971     -3.097481976
v      23.56125529      3.075304833     -3.342904833
v      23.56125529      2.494948693     -3.697574354
v      23.56125529             1.75          -3.7676
v      23.56125529            0.875          -3.7676
v      23.56125529                0          -3.7676
v      23.56125529           -0.875          -3.7676
v      23.56125529            -1.75          -3.7676
v      23.56125529     -2.494948693     -3.697574354
v      23.56125529     -3.075304833     -3.342904833
v      23.56125529      -3.27235971     -3.097481976
v      23.56125529     -3.410870421     -2.817923182
v      23.56125529      -3.48653508     -2.514614121
v      23.56125529             -3.5          -2.1676
v      23.56125529      -3.48653508     -1.820585879
v      23.56125529     -3.410870421     -1.517276818
v      23.56125529      -3.27235971     -1.237718024
v      23.56125529     -3.075304833    -0.9922951673
v      23.56125529     -2.494948693     -0.637625646
v      23.56125529            -1.75          -0.5676
v      23.56125529           -0.875          -0.5676
v      23.56125529                0          -0.5676
v      23.56125529            0.875          -0.5676
v      23.56125529             1.75          -0.5676
v      23.56125529      2.494948693     -0.637625646
v      23.56125529      3.075304833    -0.9922951673
v      23.56125529       3.27235971     -1.237718024
v      23.56125529      3.410870421     -1.517276818
v      23.56125529       3.48653508     -1.820585879
v      24.09042853              3.5          -2.1552
v      24.09042853       3.48653508     -2.502214121
v      24.09042853      3.410870421     -2.805523182
v      24.09042853       3.27235971     -3.085081976
v      24.09042853      3.075304833     -3.330504833
v      24.09042853      2.494948693     -3.685174354
v      24.09042853             1.75          -3.7552
v      24.09042853            0.875          -3.7552
v      24.09042853                0          -3.7552
v      24.09042853           -0.875          -3.7552
v      24.09042853            -1.75          -3.7552
v      24.09042853     -2.494948693     -3.685174354
v      24.09042853     -3.075304833     -3.330504833
v      24.09042853      -3.27235971     -3.085081976
v      24.09042853     -3.410870421     -2.805523182
v      24.09042853      -3.48653508     -2.502214121
v      24.09042853             -3.5          -2.1552
v      24.09042853      -3.48653508     -1.808185879
v      24.09042853     -3.410870421     -1.504876818
v      24.09042853      -3.27235971     -1.225318024
v      24.09042853     -3.075304833    -0.9798951673
v      24.09042853     -2.494948693     -0.625225646
v      24.09042853            -1.75          -0.5552
v      24.09042853           -0.875          -0.5552
v      24.09042853                0          -0.5552
v      24.09042853            0.875          -0.5552
v      24.09042853             1.75          -0.5552
v      24.09042853      2.494948693     -0.625225646
v      24.09042853      3.075304833    -0.9798951673
v      24.09042853       3.27235971     -1.225318024
v      24.09042853      3.410870421     -1.504876818
v      24.09042853       3.48653508     -1.808185879
v             24.6              3.5            -2.15
v             24.6       3.48653508     -2.497014121
v             24.6      3.410870421     -2.800323182
v             24.6       3.27235971     -3.079881976
v             24.6      3.075304833     -3.325304833
v             24.6      2.494948693     -3.679974354
v             24.6             1.75            -3.75
v             24.6            0.875            -3.75
v             24.6                0            -3.75
v             24.6           -0.875            -3.75
v             24.6            -1.75            -3.75
v             24.6     -2.494948693     -3.679974354
v             24.6     -3.075304833     -3.325304833
v             24.6      -3.27235971     -3.079881976
v             24.6     -3.410870421     -2.800323182
v             24.6      -3.48653508     -2.497014121
v             24.6             -3.5            -2.15
v             24.6      -3.48653508     -1.802985879
v             24.6     -3.410870421     -1.499676818
v             24.6      -3.27235971     -1.220118024
v             24.6     -3.075304833    -0.9746951673
v             24.6     -2.494948693     -0.620025646
v             24.6            -1.75            -0.55
v             24.6           -0.875            -0.55
v             24.6                0            -0.55
v             24.6            0.875            -0.55
v             24.6             1.75            -0.55
v             24.6      2.494948693     -0.620025646
v             24.6      3.075304833    -0.9746951673
v             24.6       3.27235971     -1.220118024
v             24.6      3.410870421     -1.499676818
v             24.6       3.48653508     -1.802985879
v      25.09346525           3.4428           -2.124
v      25.09346525      3.429694838      -2.46692915
v      25.09346525       3.35523639     -2.766356666
v      25.09346525      3.218651183     -3.042339027
v      25.09346525      3.024197012     -3.284597012
v      25.09346525      2.453463639     -3.633752738
v      25.09346525           1.7214          -3.7032
v      25.09346525           0.8607          -3.7032
v      25.09346525                0          -3.7032
v      25.09346525          -0.8607          -3.7032
v      25.09346525          -1.7214          -3.7032
v      25.09346525     -2.453463639     -3.633752738
v      25.09346525     -3.024197012     -3.284597012
v      25.09346525     -3.218651183     -3.042339027
v      25.09346525      -3.35523639     -2.766356666
v      25.09346525     -3.429694838      -2.46692915
v      25.09346525          -3.4428           -2.124
v      25.09346525     -3.429694838      -1.78107085
v      25.09346525      -3.35523639     -1.481643334
v      25.09346525     -3.218651183     -1.205660973
v      25.09346525     -3.024197012    -0.9634029883
v      25.09346525     -2.453463639    -0.6142472616
v      25.09346525          -1.7214          -0.5448
v      25.09346525          -0.8607          -0.5448
v      25.09346525                0          -0.5448
v      25.09346525           0.8607          -0.5448
v      25.09346525           1.7214          -0.5448
v      25.09346525      2.453463639    -0.6142472616
v      25.09346525      3.024197012    -0.9634029883
v      25.09346525      3.218651183     -1.205660973
v      25.09346525       3.35523639     -1.481643334
v      25.09346525      3.429694838      -1.78107085
v      25.58242606           3.3064           -2.062
v      25.58242606      3.294152721     -2.395188065
v      25.58242606      3.222570622     -2.685359589
v      25.58242606      3.090577004     -2.952813533
v      25.58242606      2.902324515     -3.187524515
v      25.58242606      2.354537739     -3.523531963
v      25.58242606           1.6532          -3.5916
v      25.58242606           0.8266          -3.5916
v      25.58242606                0          -3.5916
v      25.58242606          -0.8266          -3.5916
v      25.58242606          -1.6532          -3.5916
v      25.58242606     -2.354537739     -3.523531963
v      25.58242606     -2.902324515     -3.187524515
v      25.58242606     -3.090577004     -2.952813533
v      25.58242606     -3.222570622     -2.685359589
v      25.58242606     -3.294152721     -2.395188065
v      25.58242606          -3.3064           -2.062
v      25.58242606     -3.294152721     -1.728811935
v      25.58242606     -3.222570622     -1.438640411
v      25.58242606     -3.090577004     -1.171186467
v      25.58242606     -2.902324515    -0.9364754847
v      25.58242606     -2.354537739    -0.6004680373
v      25.58242606          -1.6532          -0.5324
v      25.58242606          -0.8266          -0.5324
v      25.58242606                0          -0.5324
v      25.58242606           0.8266          -0.5324
v      25.58242606           1.6532          -0.5324
v      25.58242606      2.354537739    -0.6004680373
v      25.58242606      2.902324515    -0.9364754847
v      25.58242606      3.090577004     -1.171186467
v      25.58242606      3.222570622     -1.438640411
v      25.58242606      3.294152721     -1.728811935
v      26.06465425           3.1436           -1.988
v      26.06465425      3.132376646      -2.30956161
v      26.06465425       3.06422761     -2.588685658
v      26.06465425      2.937714274     -2.845960524
v      26.06465425      2.756863794     -3.071663794
v      26.06465425       2.23646489     -3.391978134
v      26.06465425           1.5718          -3.4584
v      26.06465425           0.7859          -3.4584
v      26.06465425                0          -3.4584
v      26.06465425          -0.7859          -3.4584
v      26.06465425          -1.5718          -3.4584
v      26.06465425      -2.23646489     -3.391978134
v      26.06465425     -2.756863794     -3.071663794
v      26.06465425     -2.937714274     -2.845960524
v      26.06465425      -3.06422761     -2.588685658
v      26.06465425     -3.132376646      -2.30956161
v      26.06465425          -3.1436           -1.988
v      26.06465425     -3.132376646      -1.66643839
v      26.06465425      -3.06422761     -1.387314342
v      26.06465425     -2.937714274     -1.130039476
v      26.06465425     -2.756863794    -0.9043362061
v      26.06465425      -2.23646489    -0.5840218664
v      26.06465425          -1.5718          -0.5176
v      26.06465425          -0.7859          -0.5176
v      26.06465425                0          -0.5176
v      26.06465425           0.7859          -0.5176
v      26.06465425           1.5718          -0.5176
v      26.06465425       2.23646489    -0.5840218664
v      26.06465425      2.756863794    -0.9043362061
v      26.06465425      2.937714274     -1.130039476
v      26.06465425       3.06422761     -1.387314342
v      26.06465425      3.132376646      -1.66643839
v      26.53792162           3.0072           -1.926
v      26.53792162       2.99683453     -2.237820525
v      26.53792162      2.931561843     -2.507688581
v      26.53792162      2.809640094     -2.756435031
v      26.53792162      2.634991298     -2.974591298
v      26.53792162       2.13753899     -3.281757358
v      26.53792162           1.5036          -3.3468
v      26.53792162           0.7518          -3.3468
v      26.53792162                0          -3.3468
v      26.53792162          -0.7518          -3.3468
v      26.53792162          -1.5036          -3.3468
v      26.53792162      -2.13753899     -3.281757358
v      26.53792162     -2.634991298     -2.974591298
v      26.53792162     -2.809640094     -2.756435031
v      26.53792162     -2.931561843     -2.507688581
v      26.53792162      -2.99683453     -2.237820525
v      26.53792162          -3.0072           -1.926
v      26.53792162      -2.99683453     -1.614179475
v      26.53792162     -2.931561843     -1.344311419
v      26.53792162     -2.809640094     -1.095564969
v      26.53792162     -2.634991298    -0.8774087025
v      26.53792162      -2.13753899    -0.5702426422
v      26.53792162          -1.5036          -0.5052
v      26.53792162          -0.7518          -0.5052
v      26.53792162                0          -0.5052
v      26.53792162           0.7518          -0.5052
v      26.53792162           1.5036          -0.5052
v      26.53792162       2.13753899    -0.5702426422
v      26.53792162      2.634991298    -0.8774087025
v      26.53792162      2.809640094     -1.095564969
v      26.53792162      2.931561843     -1.344311419
v      26.53792162       2.99683453     -1.614179475
v               27             2.95             -1.9
v               27      2.939994287     -2.207735554
v               27      2.875927811     -2.473722065
v               27      2.755931567     -2.718892082
v               27      2.583883476     -2.933883476
v               27      2.096053935     -3.235535742
v               27            1.475             -3.3
v               27           0.7375             -3.3
v               27                0             -3.3
v               27          -0.7375             -3.3
v               27           -1.475             -3.3
v               27     -2.096053935     -3.235535742
v               27     -2.583883476     -2.933883476
v               27     -2.755931567     -2.718892082
v               27     -2.875927811     -2.473722065
v               27     -2.939994287     -2.207735554
v               27            -2.95             -1.9
v               27     -2.939994287     -1.592264446
v               27     -2.875927811     -1.326277935
v               27     -2.755931567     -1.081107918
v               27     -2.583883476    -0.8661165235
v               27     -2.096053935    -0.5644642578
v               27           -1.475             -0.5
v               27          -0.7375             -0.5
v               27                0             -0.5
v               27           0.7375             -0.5
v               27            1.475             -0.5
v               27      2.096053935    -0.5644642578
v               27      2.583883476    -0.8661165235
v               27      2.755931567     -1.081107918
v               27      2.875927811     -1.326277935
v               27      2.939994287     -1.592264446
v      27.42675575           2.8408          -1.8688
v      27.42675575       2.83158989     -2.166304239
v      27.42675575       2.77059964     -2.422590049
v      27.42675575      2.655450236     -2.658828945
v      27.42675575      2.489913924     -2.865913924
v      27.42675575      2.019859402     -3.155812117
v      27.42675575           1.4204          -3.2168
v      27.42675575           0.7102          -3.2168
v      27.42675575                0          -3.2168
v      27.42675575          -0.7102          -3.2168
v      27.42675575          -1.4204          -3.2168
v      27.42675575     -2.019859402     -3.155812117
v      27.42675575     -2.489913924     -2.865913924
v      27.42675575     -2.655450236     -2.658828945
v      27.42675575      -2.77059964     -2.422590049
v      27.42675575      -2.83158989     -2.166304239
v      27.42675575          -2.8408          -1.8688
v      27.42675575      -2.83158989     -1.571295761
v      27.42675575      -2.77059964     -1.315009951
v      27.42675575     -2.655450236     -1.078771055
v      27.42675575     -2.489913924    -0.8716860761
v      27.42675575     -2.019859402    -0.5817878833
v      27.42675575          -1.4204          -0.5208
v      27.42675575          -0.7102          -0.5208
v      27.42675575                0          -0.5208
v      27.42675575           0.7102          -0.5208
v      27.42675575           1.4204          -0.5208
v      27.42675575      2.019859402    -0.5817878833
v      27.42675575      2.489913924    -0.8716860761
v      27.42675575      2.655450236     -1.078771055
v      27.42675575       2.77059964     -1.315009951
v      27.42675575       2.83158989     -1.571295761
v      27.81337788           2.5804          -1.7944
v      27.81337788      2.573087096     -2.067506486
v      27.81337788      2.519432461     -2.300659858
v      27.81337788      2.415840908     -2.515601466
v      27.81337788      2.265832683     -2.703832683
v      27.81337788      1.838164746     -2.965701933
v      27.81337788           1.2902          -3.0184
v      27.81337788           0.6451          -3.0184
v      27.81337788                0          -3.0184
v      27.81337788          -0.6451          -3.0184
v      27.81337788          -1.2902          -3.0184
v      27.81337788     -1.838164746     -2.965701933
v      27.81337788     -2.265832683     -2.703832683
v      27.81337788     -2.415840908     -2.515601466
v      27.81337788     -2.519432461     -2.300659858
v      27.81337788     -2.573087096     -2.067506486
v      27.81337788          -2.5804          -1.7944
v      27.81337788     -2.573087096     -1.521293514
v      27.81337788     -2.519432461     -1.288140142
v      27.81337788     -2.415840908     -1.073198534
v      27.81337788     -2.265832683     -0.884967317
v      27.81337788     -1.838164746    -0.6230980673
v      27.81337788          -1.2902          -0.5704
v      27.81337788          -0.6451          -0.5704
v      27.81337788                0          -0.5704
v      27.81337788           0.6451          -0.5704
v      27.81337788           1.2902          -0.5704
v      27.81337788      1.838164746    -0.6230980673
v      27.81337788      2.265832683     -0.884967317
v      27.81337788      2.415840908     -1.073198534
v      27.81337788      2.519432461     -1.288140142
v      27.81337788      2.573087096     -1.521293514
v      28.18662212           2.2696          -1.7056
v      28.18662212      2.264551503     -1.949586588
v      28.18662212       2.21965228     -2.155130274
v      28.18662212       2.12985558      -2.34465254
v      28.18662212      1.998380879     -2.510380879
v      28.18662212      1.621303383     -2.738796229
v      28.18662212           1.1348          -2.7816
v      28.18662212           0.5674          -2.7816
v      28.18662212                0          -2.7816
v      28.18662212          -0.5674          -2.7816
v      28.18662212          -1.1348          -2.7816
v      28.18662212     -1.621303383     -2.738796229
v      28.18662212     -1.998380879     -2.510380879
v      28.18662212      -2.12985558      -2.34465254
v      28.18662212      -2.21965228     -2.155130274
v      28.18662212     -2.264551503     -1.949586588
v      28.18662212          -2.2696          -1.7056
v      28.18662212     -2.264551503     -1.461613412
v      28.18662212      -2.21965228     -1.256069726
v      28.18662212      -2.12985558      -1.06654746
v      28.18662212     -1.998380879    -0.9008191206
v      28.18662212     -1.621303383    -0.6724037708
v      28.18662212          -1.1348          -0.6296
v      28.18662212          -0.5674          -0.6296
v      28.18662212                0          -0.6296
v      28.18662212           0.5674          -0.6296
v      28.18662212           1.1348          -0.6296
v      28.18662212      1.621303383    -0.6724037708
v      28.18662212      1.998380879    -0.9008191206
v      28.18662212       2.12985558      -1.06654746
v      28.18662212       2.21965228     -1.256069726
v      28.18662212      2.264551503     -1.461613412
v      28.57324425           2.0092          -1.6312
v      28.57324425      2.006048709     -1.850788836
v      28.57324425      1.968485102     -2.033200083
v      28.57324425      1.890246252     -2.201425061
v      28.57324425      1.774299639     -2.348299639
v      28.57324425      1.439608727     -2.548686045
v      28.57324425           1.0046          -2.5832
v      28.57324425           0.5023          -2.5832
v      28.57324425                0          -2.5832
v      28.57324425          -0.5023          -2.5832
v      28.57324425          -1.0046          -2.5832
v      28.57324425     -1.439608727     -2.548686045
v      28.57324425     -1.774299639     -2.348299639
v      28.57324425     -1.890246252     -2.201425061
v      28.57324425     -1.968485102     -2.033200083
v      28.57324425     -2.006048709     -1.850788836
v      28.57324425          -2.0092          -1.6312
v      28.57324425     -2.006048709     -1.411611164
v      28.57324425     -1.968485102     -1.229199917
v      28.57324425     -1.890246252     -1.060974939
v      28.57324425     -1.774299639    -0.9141003615
v      28.57324425     -1.439608727    -0.7137139548
v      28.57324425          -1.0046          -0.6792
v      28.57324425          -0.5023          -0.6792
v      28.57324425                0          -0.6792
v      28.57324425           0.5023          -0.6792
v      28.57324425           1.0046          -0.6792
v      28.57324425      1.439608727    -0.7137139548
v      28.57324425      1.774299639    -0.9141003615
v      28.57324425      1.890246252     -1.060974939
v      28.57324425      1.968485102     -1.229199917
v      28.57324425      2.006048709     -1.411611164
v               29              1.9             -1.6
v               29      1.897644312      -1.80935752
v               29       1.86315693     -1.982068067
v               29       1.78976492     -2.141361924
v               29      1.680330086     -2.280330086
v               29      1.363414194      -2.46896242
v               29             0.95             -2.5
v               29            0.475             -2.5
v               29                0             -2.5
v               29           -0.475             -2.5
v               29            -0.95             -2.5
v               29     -1.363414194      -2.46896242
v               29     -1.680330086     -2.280330086
v               29      -1.78976492     -2.141361924
v               29      -1.86315693     -1.982068067
v               29     -1.897644312      -1.80935752
v               29             -1.9             -1.6
v               29     -1.897644312      -1.39064248
v               29      -1.86315693     -1.217931933
v               29      -1.78976492     -1.058638076
v               29     -1.680330086    -0.9196699141
v               29     -1.363414194    -0.7310375803
v               29            -0.95             -0.7
v               29           -0.475             -0.7
v               29                0             -0.7
v               29            0.475             -0.7
v               29             0.95             -0.7
v               29      1.363414194    -0.7310375803
v               29      1.680330086    -0.9196699141
v               29       1.78976492     -1.058638076
v               29       1.86315693     -1.217931933
v               29      1.897644312      -1.39064248
v      29.40588917      1.744185165          -1.5532
v      29.40588917      1.741135934     -1.748578251
v      29.40588917      1.707582862     -1.910875979
v      29.40588917      1.637702232     -2.060662682
v      29.40588917      1.534303058     -2.191503058
v      29.40588917      1.244021516     -2.365863192
v      29.40588917     0.8665429902     -2.397794252
v      29.40588917     0.4333939126     -2.400446631
v      29.40588917 -5.329070518e-18     -2.401385165
v      29.40588917    -0.4333939126     -2.400446631
v      29.40588917    -0.8665429902     -2.397794252
v      29.40588917     -1.244021516     -2.365863192
v      29.40588917     -1.534303058     -2.191503058
v      29.40588917     -1.637702232     -2.060662682
v      29.40588917     -1.707582862     -1.910875979
v      29.40588917     -1.741135934     -1.748578251
v      29.40588917     -1.744185165          -1.5532
v      29.40588917     -1.741135934     -1.357821749
v      29.40588917     -1.707582862     -1.195524021
v      29.40588917     -1.637702232     -1.045737318
v      29.40588917     -1.534303058    -0.9148969422
v      29.40588917     -1.244021516     -0.740536808
v      29.40588917    -0.8665429902    -0.7086057478
v      29.40588917    -0.4333939126    -0.7059533691
v      29.40588917 -5.773159728e-18    -0.7050148352
v      29.40588917     0.4333939126    -0.7059533691
v      29.40588917     0.8665429902    -0.7086057478
v      29.40588917      1.244021516     -0.740536808
v      29.40588917      1.534303058    -0.9148969422
v      29.40588917      1.637702232     -1.045737318
v      29.40588917      1.707582862     -1.195524021
v      29.40588917      1.741135934     -1.357821749
v      29.73077814      1.356555494          -1.4416
v      29.73077814      1.352213407     -1.600645411
v      29.73077814      1.321908447     -1.735209078
v      29.73077814       1.26198626     -1.859609721
v      29.73077814      1.175035798     -1.968635798
v      29.73077814     0.9506995917      -2.10690624
v      29.73077814     0.6616289706     -2.139382757
v      29.73077814     0.3311817377     -2.147339893
v      29.73077814 -1.598721155e-17     -2.150155494
v      29.73077814    -0.3311817377     -2.147339893
v      29.73077814    -0.6616289706     -2.139382757
v      29.73077814    -0.9506995917      -2.10690624
v      29.73077814     -1.175035798     -1.968635798
v      29.73077814      -1.26198626     -1.859609721
v      29.73077814     -1.321908447     -1.735209078
v      29.73077814     -1.352213407     -1.600645411
v      29.73077814     -1.356555494          -1.4416
v      29.73077814     -1.352213407     -1.282554589
v      29.73077814     -1.321908447     -1.147990922
v      29.73077814      -1.26198626     -1.023590279
v      29.73077814     -1.175035798    -0.9145642019
v      29.73077814    -0.9506995917    -0.7762937603
v      29.73077814    -0.6616289706    -0.7438172433
v      29.73077814    -0.3311817377    -0.7358601074
v      29.73077814 -1.731947918e-17    -0.7330445055
v      29.73077814     0.3311817377    -0.7358601074
v      29.73077814     0.6616289706    -0.7438172433
v      29.73077814     0.9506995917    -0.7762937603
v      29.73077814      1.175035798    -0.9145642019
v      29.73077814       1.26198626     -1.023590279
v      29.73077814      1.321908447     -1.147990922
v      29.73077814      1.352213407     -1.282554589
v      30.00272251     0.8568332417          -1.3084
v      30.00272251     0.8517806366     -1.417166454
v      30.00272251     0.8277053744     -1.511931416
v      30.00272251     0.7833251395     -1.599770188
v      30.00272251     0.7207490439     -1.677149044
v      30.00272251     0.5807325871     -1.767602659
v      30.00272251      0.403443456     -1.797074135
v      30.00272251     0.2022726066     -1.809009839
v      30.00272251 -2.398081733e-17     -1.813233242
v      30.00272251    -0.2022726066     -1.809009839
v      30.00272251     -0.403443456     -1.797074135
v      30.00272251    -0.5807325871     -1.767602659
v      30.00272251    -0.7207490439     -1.677149044
v      30.00272251    -0.7833251395     -1.599770188
v      30.00272251    -0.8277053744     -1.511931416
v      30.00272251    -0.8517806366     -1.417166454
v      30.00272251    -0.8568332417          -1.3084
v      30.00272251    -0.8517806366     -1.199633546
v      30.00272251    -0.8277053744     -1.104868584
v      30.00272251    -0.7833251395     -1.017029812
v      30.00272251    -0.7207490439    -0.9396509561
v      30.00272251    -0.5807325871    -0.8491973407
v      30.00272251     -0.403443456     -0.819725865
v      30.00272251    -0.2022726066    -0.8077901611
v      30.00272251 -2.597921878e-17    -0.8035667583
v      30.00272251     0.2022726066    -0.8077901611
v      30.00272251      0.403443456     -0.819725865
v      30.00272251     0.5807325871    -0.8491973407
v      30.00272251     0.7207490439    -0.9396509561
v      30.00272251     0.7833251395     -1.017029812
v      30.00272251     0.8277053744     -1.104868584
v      30.00272251     0.8517806366     -1.199633546
v      30.24977793     0.3647406593          -1.1968
v      30.24977793     0.3607415318     -1.249748832
v      30.24977793     0.3465453296      -1.29790704
v      30.24977793     0.3224270073     -1.342711232
v      30.24977793     0.2896635322     -1.382463532
v      30.24977793      0.231404668     -1.423463547
v      30.24977793     0.1601719608     -1.443177009
v      30.24977793    0.08057565032     -1.453786523
v      30.24977793 -2.131628207e-17     -1.457540659
v      30.24977793   -0.08057565032     -1.453786523
v      30.24977793    -0.1601719608     -1.443177009
v      30.24977793     -0.231404668     -1.423463547
v      30.24977793    -0.2896635322     -1.382463532
v      30.24977793    -0.3224270073     -1.342711232
v      30.24977793    -0.3465453296      -1.29790704
v      30.24977793    -0.3607415318     -1.249748832
v      30.24977793    -0.3647406593          -1.1968
v      30.24977793    -0.3607415318     -1.143851168
v      30.24977793    -0.3465453296      -1.09569296
v      30.24977793    -0.3224270073     -1.050888768
v      30.24977793    -0.2896635322     -1.011136468
v      30.24977793     -0.231404668    -0.9701364527
v      30.24977793    -0.1601719608    -0.9504229911
v      30.24977793   -0.08057565032    -0.9398134766
v      30.24977793 -2.309263891e-17    -0.9360593407
v      30.24977793    0.08057565032    -0.9398134766
v      30.24977793     0.1601719608    -0.9504229911
v      30.24977793      0.231404668    -0.9701364527
v      30.24977793     0.2896635322     -1.011136468
v      30.24977793     0.3224270073     -1.050888768
v      30.24977793     0.3465453296      -1.09569296
v      30.24977793     0.3607415318     -1.143851168
v             30.5                0            -1.15
g MeshGeom
f 1 2 3
f 2 4 3
f 4 5 3
f 5 6 3
f 6 7 3
f 7 8 3
f 3 8 9
f 3 9 10
f 3 10 11
f 3 11 12
f 3 12 13
f 3 13 14
f 14 15 3
f 15 16 3
f 16 17 3
f 17 18 3
f 18 19 3
f 19 20 3
f 3 20 21
f 3 21 22
f 3 22 23
f 3 23 24
f 3 24 25
f 3 25 1
f 1 26 2
f 26 27 2
f 2 27 4
f 27 28 4
f 4 28 5
f 28 29 5
f 5 29 6
f 29 30 6
f 6 30 7
f 30 31 7
f 7 31 8
f 31 32 8
f 8 32 33
f 8 33 9
f 9 33 34
f 9 34 10
f 10 34 35
f 10 35 11
f 11 35 36
f 11 36 12
f 12 36 37
f 12 37 13
f 13 37 38
f 13 38 14
f 14 38 15
f 38 39 15
f 15 39 16
f 39 40 16
f 16 40 17
f 40 41 17
f 17 41 18
f 41 42 18
f 18 42 19
f 42 43 19
f 19 43 20
f 43 44 20
f 20 44 45
f 20 45 21
f 21 45 46
f 21 46 22
f 22 46 47
f 22 47 23
f 23 47 48
f 23 48 24
f 24 48 49
f 24 49 25
f 25 49 26
f 25 26 1
f 26 50 27
f 50 51 27
f 27 51 28
f 51 52 28
f 28 52 29
f 52 53 29
f 29 53 30
f 53 54 30
f 30 54 31
f 54 55 31
f 31 55 32
f 55 56 32
f 32 56 57
f 32 57 33
f 33 57 58
f 33 58 34
f 34 58 59
f 34 59 35
f 35 59 60
f 35 60 36
f 36 60 61
f 36 61 37
f 37 61 62
f 37 62 38
f 38 62 39
f 62 63 39
f 39 63 40
f 63 64 40
f 40 64 41
f 64 65 41
f 41 65 42
f 65 66 42
f 42 66 43
f 66 67 43
f 43 67 44
f 67 68 44
f 44 68 69
f 44 69 45
f 45 69 70
f 45 70 46
f 46 70 71
f 46 71 47
f 47 71 72
f 47 72 48
f 48 72 73
f 48 73 49
f 49 73 50
f 49 50 26
f 50 74 51
f 74 75 51
f 51 75 52
f 75 76 52
f 52 76 53
f 76 77 53
f 53 77 54
f 77 78 54
f 54 78 55
f 78 79 55
f 55 79 56
f 79 80 56
f 56 80 81
f 56 81 57
f 57 81 82
f 57 82 58
f 58 82 83
f 58 83 59
f 59 83 84
f 59 84 60
f 60 84 85
f 60 85 61
f 61 85 86
f 61 86 62
f 62 86 63
f 86 87 63
f 63 87 64
f 87 88 64
f 64 88 65
f 88 89 65
f 65 89 66
f 89 90 66
f 66 90 67
f 90 91 67
f 67 91 68
f 91 92 68
f 68 92 93
f 68 93 69
f 69 93 94
f 69 94 70
f 70 94 95
f 70 95 71
f 71 95 96
f 71 96 72
f 72 96 97
f 72 97 73
f 73 97 74
f 73 74 50
f 74 98 75
f 98 99 75
f 75 99 76
f 99 100 76
f 76 100 77
f 100 101 77
f 77 101 78
f 101 102 78
f 78 102 79
f 102 103 79
f 79 103 80
f 103 104 80
f 80 104 105
f 80 105 81
f 81 105 106
f 81 106 82
f 82 106 107
f 82 107 83
f 83 107 108
f 83 108 84
f 84 108 109
f 84 109 85
f 85 109 110
f 85 110 86
f 86 110 87
f 110 111 87
f 87 111 88
f 111 112 88
f 88 112 89
f 112 113 89
f 89 113 90
f 113 114 90
f 90 114 91
f 114 115 91
f 91 115 92
f 115 116 92
f 92 116 117
f 92 117 93
f 93 117 118
f 93 118 94
f 94 118 119
f 94 119 95
f 95 119 120
f 95 120 96
f 96 120 121
f 96 121 97
f 97 121 98
f 97 98 74
f 98 122 99
f 122 123 99
f 99 123 100
f 123 124 100
f 100 124 101
f 124 125 101
f 101 125 102
f 125 126 102
f 102 126 103
f 126 127 103
f 103 127 104
f 127 128 104
f 104 128 129
f 104 129 105
f 105 129 130
f 105 130 106
f 106 130 131
f 106 131 107
f 107 131 132
f 107 132 108
f 108 132 133
f 108 133 109
f 109 133 134
f 109 134 110
f 110 134 111
f 134 135 111
f 111 135 112
f 135 136 112
f 112 136 113
f 136 137 113
f 113 137 114
f 137 138 114
f 114 138 115
f 138 139 115
f 115 139 116
f 139 140 116
f 116 140 141
f 116 141 117
f 117 141 142
f 117 142 118
f 118 142 143
f 118 143 119
f 119 143 144
f 119 144 120
f 120 144 145
f 120 145 121
f 121 145 122
f 121 122 98
f 122 146 123
f 146 147 123
f 123 147 124
f 147 148 124
f 124 148 125
f 148 149 125
f 125 149 126
f 149 150 126
f 126 150 127
f 150 151 127
f 127 151 128
f 151 152 128
f 128 152 153
f 128 153 129
f 129 153 154
f 129 154 130
f 130 154 155
f 130 155 131
f 131 155 156
f 131 156 132
f 132 156 157
f 132 157 133
f 133 157 158
f 133 158 134
f 134 158 135
f 158 159 135
f 135 159 136
f 159 160 136
f 136 160 137
f 160 161 137
f 137 161 138
f 161 162 138
f 138 162 139
f 162 163 139
f 139 163 140
f 163 164 140
f 140 164 165
f 140 165 141
f 141 165 166
f 141 166 142
f 142 166 167
f 142 167 143
f 143 167 168
f 143 168 144
f 144 168 169
f 144 169 145
f 145 169 146
f 145 146 122
f 146 170 147
f 170 171 147
f 147 171 148
f 171 172 148
f 148 172 149
f 172 173 149
f 149 173 150
f 173 174 150
f 150 174 151
f 174 175 151
f 151 175 152
f 175 176 152
f 152 176 177
f 152 177 153
f 153 177 178
f 153 178 154
f 154 178 179
f 154 179 155
f 155 179 180
f 155 180 156
f 156 180 181
f 156 181 157
f 157 181 182
f 157 182 158
f 158 182 159
f 182 183 159
f 159 183 160
f 183 184 160
f 160 184 161
f 184 185 161
f 161 185 162
f 185 186 162
f 162 186 163
f 186 187 163
f 163 187 164
f 187 188 164
f 164 188 189
f 164 189 165
f 165 189 190
f 165 190 166
f 166 190 191
f 166 191 167
f 167 191 192
f 167 192 168
f 168 192 193
f 168 193 169
f 169 193 170
f 169 170 146
f 170 194 171
f 194 195 171
f 171 195 172
f 195 196 172
f 172 196 173
f 196 197 173
f 173 197 174
f 197 198 174
f 174 198 175
f 198 199 175
f 175 199 176
f 199 200 176
f 176 200 201
f 176 201 177
f 177 201 202
f 177 202 178
f 178 202 203
f 178 203 179
f 179 203 204
f 179 204 180
f 180 204 205
f 180 205 181
f 181 205 206
f 181 206 182
f 182 206 183
f 206 207 183
f 183 207 184
f 207 208 184
f 184 208 185
f 208 209 185
f 185 209 186
f 209 210 186
f 186 210 187
f 210 211 187
f 187 211 188
f 211 212 188
f 188 212 213
f 188 213 189
f 189 213 214
f 189 214 190
f 190 214 215
f 190 215 191
f 191 215 216
f 191 216 192
f 192 216 217
f 192 217 193
f 193 217 194
f 193 194 170
f 194 218 195
f 218 219 195
f 195 219 196
f 219 220 196
f 196 220 197
f 220 221 197
f 197 221 198
f 221 222 198
f 198 222 199
f 222 223 199
f 199 223 200
f 223 224 200
f 200 224 225
f 200 225 201
f 201 225 226
f 201 226 202
f 202 226 227
f 202 227 203
f 203 227 228
f 203 228 204
f 204 228 229
f 204 229 205
f 205 229 230
f 205 230 206
f 206 230 207
f 230 231 207
f 207 231 208
f 231 232 208
f 208 232 209
f 232 233 209
f 209 233 210
f 233 234 210
f 210 234 211
f 234 235 211
f 211 235 212
f 235 236 212
f 212 236 237
f 212 237 213
f 213 237 238
f 213 238 214
f 214 238 239
f 214 239 215
f 215 239 240
f 215 240 216
f 216 240 241
f 216 241 217
f 217 241 218
f 217 218 194
f 218 242 219
f 242 243 219
f 219 243 220
f 243 244 220
f 220 244 221
f 244 245 221
f 221 245 222
f 245 246 222
f 222 246 223
f 246 247 223
f 223 247 224
f 247 248 224
f 224 248 249
f 224 249 225
f 225 249 250
f 225 250 226
f 226 250 251
f 226 251 227
f 227 251 252
f 227 252 228
f 228 252 253
f 228 253 229
f 229 253 254
f 229 254 230
f 230 254 231
f 254 255 231
f 231 255 232
f 255 256 232
f 232 256 233
f 256 257 233
f 233 257 234
f 257 258 234
f 234 258 235
f 258 259 235
f 235 259 236
f 259 260 236
f 236 260 261
f 236 261 237
f 237 261 262
f 237 262 238
f 238 262 263
f 238 263 239
f 239 263 264
f 239 264 240
f 240 264 265
f 240 265 241
f 241 265 242
f 241 242 218
f 242 266 243
f 266 267 243
f 243 267 244
f 267 268 244
f 244 268 245
f 268 269 245
f 245 269 246
f 269 270 246
f 246 270 247
f 270 271 247
f 247 271 248
f 271 272 248
f 248 272 273
f 248 273 249
f 249 273 274
f 249 274 250
f 250 274 275
f 250 275 251
f 251 275 276
f 251 276 252
f 252 276 277
f 252 277 253
f 253 277 278
f 253 278 254
f 254 278 255
f 278 279 255
f 255 279 256
f 279 280 256
f 256 280 257
f 280 281 257
f 257 281 258
f 281 282 258
f 258 282 259
f 282 283 259
f 259 283 260
f 283 284 260
f 260 284 285
f 260 285 261
f 261 285 286
f 261 286 262
f 262 286 287
f 262 287 263
f 263 287 288
f 263 288 264
f 264 288 289
f 264 289 265
f 265 289 266
f 265 266 242
f 266 290 267
f 290 291 267
f 267 291 268
f 291 292 268
f 268 292 269
f 292 293 269
f 269 293 270
f 293 294 270
f 270 294 271
f 294 295 271
f 271 295 272
f 295 296 272
f 272 296 297
f 272 297 273
f 273 297 298
f 273 298 274
f 274 298 299
f 274 299 275
f 275 299 300
f 275 300 276
f 276 300 301
f 276 301 277
f 277 301 302
f 277 302 278
f 278 302 279
f 302 303 279
f 279 303 280
f 303 304 280
f 280 304 281
f 304 305 281
f 281 305 282
f 305 306 282
f 282 306 283
f 306 307 283
f 283 307 284
f 307 308 284
f 284 308 309
f 284 309 285
f 285 309 310
f 285 310 286
f 286 310 311
f 286 311 287
f 287 311 312
f 287 312 288
f 288 312 313
f 288 313 289
f 289 313 290
f 289 290 266
f 290 314 291
f 314 315 291
f 291 315 292
f 315 316 292
f 292 316 293
f 316 317 293
f 293 317 294
f 317 318 294
f 294 318 295
f 318 319 295
f 295 319 296
f 319 320 296
f 296 320 321
f 296 321 297
f 297 321 322
f 297 322 298
f 298 322 323
f 298 323 299
f 299 323 324
f 299 324 300
f 300 324 325
f 300 325 301
f 301 325 326
f 301 326 302
f 302 326 303
f 326 327 303
f 303 327 304
f 327 328 304
f 304 328 305
f 328 329 305
f 305 329 306
f 329 330 306
f 306 330 307
f 330 331 307
f 307 331 308
f 331 332 308
f 308 332 333
f 308 333 309
f 309 333 334
f 309 334 310
f 310 334 335
f 310 335 311
f 311 335 336
f 311 336 312
f 312 336 337
f 312 337 313
f 313 337 314
f 313 314 290
f 314 338 315
f 338 339 315
f 315 339 316
f 339 340 316
f 316 340 317
f 340 341 317
f 317 341 318
f 341 342 318
f 318 342 319
f 342 343 319
f 319 343 320
f 343 344 320
f 320 344 345
f 320 345 321
f 321 345 346
f 321 346 322
f 322 346 347
f 322 347 323
f 323 347 348
f 323 348 324
f 324 348 349
f 324 349 325
f 325 349 350
f 325 350 326
f 326 350 327
f 350 351 327
f 327 351 328
f 351 352 328
f 328 352 329
f 352 353 329
f 329 353 330
f 353 354 330
f 330 354 331
f 354 355 331
f 331 355 332
f 355 356 332
f 332 356 357
f 332 357 333
f 333 357 358
f 333 358 334
f 334 358 359
f 334 359 335
f 335 359 360
f 335 360 336
f 336 360 361
f 336 361 337
f 337 361 338
f 337 338 314
f 338 362 339
f 362 363 339
f 339 363 340
f 363 364 340
f 340 364 341
f 364 365 341
f 341 365 342
f 365 366 342
f 342 366 343
f 366 367 343
f 343 367 344
f 367 368 344
f 344 368 369
f 344 369 345
f 345 369 370
f 345 370 346
f 346 370 371
f 346 371 347
f 347 371 372
f 347 372 348
f 348 372 373
f 348 373 349
f 349 373 374
f 349 374 350
f 350 374 351
f 374 375 351
f 351 375 352
f 375 376 352
f 352 376 353
f 376 377 353
f 353 377 354
f 377 378 354
f 354 378 355
f 378 379 355
f 355 379 356
f 379 380 356
f 356 380 381
f 356 381 357
f 357 381 382
f 357 382 358
f 358 382 383
f 358 383 359
f 359 383 384
f 359 384 360
f 360 384 385
f 360 385 361
f 361 385 362
f 361 362 338
f 362 386 363
f 386 387 363
f 363 387 364
f 387 388 364
f 364 388 365
f 388 389 365
f 365 389 366
f 389 390 366
f 366 390 367
f 390 391 367
f 367 391 368
f 391 392 368
f 368 392 393
f 368 393 369
f 369 393 394
f 369 394 370
f 370 394 395
f 370 395 371
f 371 395 396
f 371 396 372
f 372 396 397
f 372 397 373
f 373 397 398
f 373 398 374
f 374 398 375
f 398 399 375
f 375 399 376
f 399 400 376
f 376 400 377
f 400 401 377
f 377 401 378
f 401 402 378
f 378 402 379
f 402 403 379
f 379 403 380
f 403 404 380
f 380 404 405
f 380 405 381
f 381 405 406
f 381 406 382
f 382 406 407
f 382 407 383
f 383 407 408
f 383 408 384
f 384 408 409
f 384 409 385
f 385 409 386
f 385 386 362
f 386 410 387
f 410 411 387
f 387 411 388
f 411 412 388
f 388 412 389
f 412 413 389
f 389 413 390
f 413 414 390
f 390 414 391
f 414 415 391
f 391 415 392
f 415 416 392
f 392 416 417
f 392 417 393
f 393 417 418
f 393 418 394
f 394 418 419
f 394 419 395
f 395 419 420
f 395 420 396
f 396 420 421
f 396 421 397
f 397 421 422
f 397 422 398
f 398 422 399
f 422 423 399
f 399 423 400
f 423 424 400
f 400 424 401
f 424 425 401
f 401 425 402
f 425 426 402
f 402 426 403
f 426 427 403
f 403 427 404
f 427 428 404
f 404 428 429
f 404 429 405
f 405 429 430
f 405 430 406
f 406 430 431
f 406 431 407
f 407 431 432
f 407 432 408
f 408 432 433
f 408 433 409
f 409 433 410
f 409 410 386
f 410 434 411
f 434 435 411
f 411 435 412
f 435 436 412
f 412 436 413
f 436 437 413
f 413 437 414
f 437 438 414
f 414 438 415
f 438 439 415
f 415 439 416
f 439 440 416
f 416 440 441
f 416 441 417
f 417 441 442
f 417 442 418
f 418 442 443
f 418 443 419
f 419 443 444
f 419 444 420
f 420 444 445
f 420 445 421
f 421 445 446
f 421 446 422
f 422 446 423
f 446 447 423
f 423 447 424
f 447 448 424
f 424 448 425
f 448 449 425
f 425 449 426
f 449 450 426
f 426 450 427
f 450 451 427
f 427 451 428
f 451 452 428
f 428 452 453
f 428 453 429
f 429 453 454
f 429 454 430
f 430 454 455
f 430 455 431
f 431 455 456
f 431 456 432
f 432 456 457
f 432 457 433
f 433 457 434
f 433 434 410
f 434 458 435
f 458 459 435
f 435 459 436
f 459 460 436
f 436 460 437
f 460 461 437
f 437 461 438
f 461 462 438
f 438 462 439
f 462 463 439
f 439 463 440
f 463 464 440
f 440 464 465
f 440 465 441
f 441 465 466
f 441 466 442
f 442 466 467
f 442 467 443
f 443 467 468
f 443 468 444
f 444 468 469
f 444 469 445
f 445 469 470
f 445 470 446
f 446 470 447
f 470 471 447
f 447 471 448
f 471 472 448
f 448 472 449
f 472 473 449
f 449 473 450
f 473 474 450
f 450 474 451
f 474 475 451
f 451 475 452
f 475 476 452
f 452 476 477
f 452 477 453
f 453 477 478
f 453 478 454
f 454 478 479
f 454 479 455
f 455 479 480
f 455 480 456
f 456 480 481
f 456 481 457
f 457 481 458
f 457 458 434
f 458 482 459
f 482 483 459
f 459 483 460
f 483 484 460
f 460 484 461
f 484 485 461
f 461 485 462
f 485 486 462
f 462 486 463
f 486 487 463
f 463 487 464
f 487 488 464
f 464 488 489
f 464 489 465
f 465 489 490
f 465 490 466
f 466 490 491
f 466 491 467
f 467 491 492
f 467 492 468
f 468 492 493
f 468 493 469
f 469 493 494
f 469 494 470
f 470 494 471
f 494 495 471
f 471 495 472
f 495 496 472
f 472 496 473
f 496 497 473
f 473 497 474
f 497 498 474
f 474 498 475
f 498 499 475
f 475 499 476
f 499 500 476
f 476 500 501
f 476 501 477
f 477 501 502
f 477 502 478
f 478 502 503
f 478 503 479
f 479 503 504
f 479 504 480
f 480 504 505
f 480 505 481
f 481 505 482
f 481 482 458
f 482 506 483
f 506 507 483
f 483 507 484
f 507 508 484
f 484 508 485
f 508 509 485
f 485 509 486
f 509 510 486
f 486 510 487
f 510 511 487
f 487 511 488
f 511 512 488
f 488 512 513
f 488 513 489
f 489 513 514
f 489 514 490
f 490 514 515
f 490 515 491
f 491 515 516
f 491 516 492
f 492 516 517
f 492 517 493
f 493 517 518
f 493 518 494
f 494 518 495
f 518 519 495
f 495 519 496
f 519 520 496
f 496 520 497
f 520 521 497
f 497 521 498
f 521 522 498
f 498 522 499
f 522 523 499
f 499 523 500
f 523 524 500
f 500 524 525
f 500 525 501
f 501 525 526
f 501 526 502
f 502 526 527
f 502 527 503
f 503 527 528
f 503 528 504
f 504 528 529
f 504 529 505
f 505 529 506
f 505 506 482
f 506 530 507
f 530 531 507
f 507 531 508
f 531 532 508
f 508 532 509
f 532 533 509
f 509 533 510
f 533 534 510
f 510 534 511
f 534 535 511
f 511 535 512
f 535 536 512
f 512 536 537
f 512 537 513
f 513 537 538
f 513 538 514
f 514 538 539
f 514 539 515
f 515 539 540
f 515 540 516
f 516 540 541
f 516 541 517
f 517 541 542
f 517 542 518
f 518 542 519
f 542 543 519
f 519 543 520
f 543 544 520
f 520 544 521
f 544 545 521
f 521 545 522
f 545 546 522
f 522 546 523
f 546 547 523
f 523 547 524
f 547 548 524
f 524 548 549
f 524 549 525
f 525 549 550
f 525 550 526
f 526 550 551
f 526 551 527
f 527 551 552
f 527 552 528
f 528 552 553
f 528 553 529
f 529 553 530
f 529 530 506
f 530 554 531
f 554 555 531
f 531 555 532
f 555 556 532
f 532 556 533
f 556 557 533
f 533 557 534
f 557 558 534
f 534 558 535
f 558 559 535
f 535 559 536
f 559 560 536
f 536 560 561
f 536 561 537
f 537 561 562
f 537 562 538
f 538 562 563
f 538 563 539
f 539 563 564
f 539 564 540
f 540 564 565
f 540 565 541
f 541 565 566
f 541 566 542
f 542 566 543
f 566 567 543
f 543 567 544
f 567 568 544
f 544 568 545
f 568 569 545
f 545 569 546
f 569 570 546
f 546 570 547
f 570 571 547
f 547 571 548
f 571 572 548
f 548 572 573
f 548 573 549
f 549 573 574
f 549 574 550
f 550 574 575
f 550 575 551
f 551 575 576
f 551 576 552
f 552 576 577
f 552 577 553
f 553 577 554
f 553 554 530
f 554 578 555
f 578 579 555
f 555 579 556
f 579 580 556
f 556 580 557
f 580 581 557
f 557 581 558
f 581 582 558
f 558 582 559
f 582 583 559
f 559 583 560
f 583 584 560
f 560 584 585
f 560 585 561
f 561 585 586
f 561 586 562
f 562 586 587
f 562 587 563
f 563 587 588
f 563 588 564
f 564 588 589
f 564 589 565
f 565 589 590
f 565 590 566
f 566 590 567
f 590 591 567
f 567 591 568
f 591 592 568
f 568 592 569
f 592 593 569
f 569 593 570
f 593 594 570
f 570 594 571
f 594 595 571
f 571 595 572
f 595 596 572
f 572 596 597
f 572 597 573
f 573 597 598
f 573 598 574
f 574 598 599
f 574 599 575
f 575 599 600
f 575 600 576
f 576 600 601
f 576 601 577
f 577 601 578
f 577 578 554
f 578 602 579
f 602 603 579
f 579 603 580
f 603 604 580
f 580 604 581
f 604 605 581
f 581 605 582
f 605 606 582
f 582 606 583
f 606 607 583
f 583 607 584
f 607 608 584
f 584 608 609
f 584 609 585
f 585 609 610
f 585 610 586
f 586 610 611
f 586 611 587
f 587 611 612
f 587 612 588
f 588 612 613
f 588 613 589
f 589 613 614
f 589 614 590
f 590 614 591
f 614 615 591
f 591 615 592
f 615 616 592
f 592 616 593
f 616 617 593
f 593 617 594
f 617 618 594
f 594 618 595
f 618 619 595
f 595 619 596
f 619 620 596
f 596 620 621
f 596 621 597
f 597 621 622
f 597 622 598
f 598 622 623
f 598 623 599
f 599 623 624
f 599 624 600
f 600 624 625
f 600 625 601
f 601 625 602
f 601 602 578
f 602 626 603
f 626 627 603
f 603 627 604
f 627 628 604
f 604 628 605
f 628 629 605
f 605 629 606
f 629 630 606
f 606 630 607
f 630 631 607
f 607 631 608
f 631 632 608
f 608 632 633
f 608 633 609
f 609 633 634
f 609 634 610
f 610 634 635
f 610 635 611
f 611 635 636
f 611 636 612
f 612 636 637
f 612 637 613
f 613 637 638
f 613 638 614
f 614 638 615
f 638 639 615
f 615 639 616
f 639 640 616
f 616 640 617
f 640 641 617
f 617 641 618
f 641 642 618
f 618 642 619
f 642 643 619
f 619 643 620
f 643 644 620
f 620 644 645
f 620 645 621
f 621 645 646
f 621 646 622
f 622 646 647
f 622 647 623
f 623 647 648
f 623 648 624
f 624 648 649
f 624 649 625
f 625 649 626
f 625 626 602
f 626 650 627
f 650 651 627
f 627 651 628
f 651 652 628
f 628 652 629
f 652 653 629
f 629 653 630
f 653 654 630
f 630 654 631
f 654 655 631
f 631 655 632
f 655 656 632
f 632 656 657
f 632 657 633
f 633 657 658
f 633 658 634
f 634 658 659
f 634 659 635
f 635 659 660
f 635 660 636
f 636 660 661
f 636 661 637
f 637 661 662
f 637 662 638
f 638 662 639
f 662 663 639
f 639 663 640
f 663 664 640
f 640 664 641
f 664 665 641
f 641 665 642
f 665 666 642
f 642 666 643
f 666 667 643
f 643 667 644
f 667 668 644
f 644 668 669
f 644 669 645
f 645 669 670
f 645 670 646
f 646 670 671
f 646 671 647
f 647 671 672
f 647 672 648
f 648 672 673
f 648 673 649
f 649 673 650
f 649 650 626
f 650 674 651
f 674 675 651
f 651 675 652
f 675 676 652
f 652 676 653
f 676 677 653
f 653 677 654
f 677 678 654
f 654 678 655
f 678 679 655
f 655 679 656
f 679 680 656
f 656 680 681
f 656 681 657
f 657 681 682
f 657 682 658
f 658 682 683
f 658 683 659
f 659 683 684
f 659 684 660
f 660 684 685
f 660 685 661
f 661 685 686
f 661 686 662
f 662 686 663
f 686 687 663
f 663 687 664
f 687 688 664
f 664 688 665
f 688 689 665
f 665 689 666
f 689 690 666
f 666 690 667
f 690 691 667
f 667 691 668
f 691 692 668
f 668 692 693
f 668 693 669
f 669 693 694
f 669 694 670
f 670 694 695
f 670 695 671
f 671 695 696
f 671 696 672
f 672 696 697
f 672 697 673
f 673 697 674
f 673 674 650
f 674 698 675
f 698 699 675
f 675 699 676
f 699 700 676
f 676 700 677
f 700 701 677
f 677 701 678
f 701 702 678
f 678 702 679
f 702 703 679
f 679 703 680
f 703 704 680
f 680 704 705
f 680 705 681
f 681 705 706
f 681 706 682
f 682 706 707
f 682 707 683
f 683 707 708
f 683 708 684
f 684 708 709
f 684 709 685
f 685 709 710
f 685 710 686
f 686 710 687
f 710 711 687
f 687 711 688
f 711 712 688
f 688 712 689
f 712 713 689
f 689 713 690
f 713 714 690
f 690 714 691
f 714 715 691
f 691 715 692
f 715 716 692
f 692 716 717
f 692 717 693
f 693 717 718
f 693 718 694
f 694 718 719
f 694 719 695
f 695 719 720
f 695 720 696
f 696 720 721
f 696 721 697
f 697 721 698
f 697 698 674
f 698 722 699
f 722 723 699
f 699 723 700
f 723 724 700
f 700 724 701
f 724 725 701
f 701 725 702
f 725 726 702
f 702 726 703
f 726 727 703
f 703 727 704
f 727 728 704
f 704 728 729
f 704 729 705
f 705 729 730
f 705 730 706
f 706 730 731
f 706 731 707
f 707 731 732
f 707 732 708
f 708 732 733
f 708 733 709
f 709 733 734
f 709 734 710
f 710 734 711
f 734 735 711
f 711 735 712
f 735 736 712
f 712 736 713
f 736 737 713
f 713 737 714
f 737 738 714
f 714 738 715
f 738 739 715
f 715 739 716
f 739 740 716
f 716 740 741
f 716 741 717
f 717 741 742
f 717 742 718
f 718 742 743
f 718 743 719
f 719 743 744
f 719 744 720
f 720 744 745
f 720 745 721
f 721 745 722
f 721 722 698
f 722 746 723
f 746 747 723
f 723 747 724
f 747 748 724
f 724 748 725
f 748 749 725
f 725 749 726
f 749 750 726
f 726 750 727
f 750 751 727
f 727 751 728
f 751 752 728
f 728 752 753
f 728 753 729
f 729 753 754
f 729 754 730
f 730 754 755
f 730 755 731
f 731 755 756
f 731 756 732
f 732 756 757
f 732 757 733
f 733 757 758
f 733 758 734
f 734 758 735
f 758 759 735
f 735 759 736
f 759 760 736
f 736 760 737
f 760 761 737
f 737 761 738
f 761 762 738
f 738 762 739
f 762 763 739
f 739 763 740
f 763 764 740
f 740 764 765
f 740 765 741
f 741 765 766
f 741 766 742
f 742 766 767
f 742 767 743
f 743 767 768
f 743 768 744
f 744 768 769
f 744 769 745
f 745 769 746
f 745 746 722
f 746 770 747
f 770 771 747
f 747 771 748
f 771 772 748
f 748 772 749
f 772 773 749
f 749 773 750
f 773 774 750
f 750 774 751
f 774 775 751
f 751 775 752
f 775 776 752
f 752 776 777
f 752 777 753
f 753 777 778
f 753 778 754
f 754 778 779
f 754 779 755
f 755 779 780
f 755 780 756
f 756 780 781
f 756 781 757
f 757 781 782
f 757 782 758
f 758 782 759
f 782 783 759
f 759 783 760
f 783 784 760
f 760 784 761
f 784 785 761
f 761 785 762
f 785 786 762
f 762 786 763
f 786 787 763
f 763 787 764
f 787 788 764
f 764 788 789
f 764 789 765
f 765 789 790
f 765 790 766
f 766 790 791
f 766 791 767
f 767 791 792
f 767 792 768
f 768 792 793
f 768 793 769
f 769 793 770
f 769 770 746
f 770 794 771
f 794 795 771
f 771 795 772
f 795 796 772
f 772 796 773
f 796 797 773
f 773 797 774
f 797 798 774
f 774 798 775
f 798 799 775
f 775 799 776
f 799 800 776
f 776 800 801
f 776 801 777
f 777 801 802
f 777 802 778
f 778 802 803
f 778 803 779
f 779 803 804
f 779 804 780
f 780 804 805
f 780 805 781
f 781 805 806
f 781 806 782
f 782 806 783
f 806 807 783
f 783 807 784
f 807 808 784
f 784 808 785
f 808 809 785
f 785 809 786
f 809 810 786
f 786 810 787
f 810 811 787
f 787 811 788
f 811 812 788
f 788 812 813
f 788 813 789
f 789 813 814
f 789 814 790
f 790 814 815
f 790 815 791
f 791 815 816
f 791 816 792
f 792 816 817
f 792 817 793
f 793 817 794
f 793 794 770
f 794 818 795
f 818 819 795
f 795 819 796
f 819 820 796
f 796 820 797
f 820 821 797
f 797 821 798
f 821 822 798
f 798 822 799
f 822 823 799
f 799 823 800
f 823 824 800
f 800 824 825
f 800 825 801
f 801 825 826
f 801 826 802
f 802 826 827
f 802 827 803
f 803 827 828
f 803 828 804
f 804 828 829
f 804 829 805
f 805 829 830
f 805 830 806
f 806 830 807
f 830 831 807
f 807 831 808
f 831 832 808
f 808 832 809
f 832 833 809
f 809 833 810
f 833 834 810
f 810 834 811
f 834 835 811
f 811 835 812
f 835 836 812
f 812 836 837
f 812 837 813
f 813 837 838
f 813 838 814
f 814 838 839
f 814 839 815
f 815 839 840
f 815 840 816
f 816 840 841
f 816 841 817
f 817 841 818
f 817 818 794
f 818 842 819
f 842 843 819
f 819 843 820
f 843 844 820
f 820 844 821
f 844 845 821
f 821 845 822
f 845 846 822
f 822 846 823
f 846 847 823
f 823 847 824
f 847 848 824
f 824 848 849
f 824 849 825
f 825 849 850
f 825 850 826
f 826 850 851
f 826 851 827
f 827 851 852
f 827 852 828
f 828 852 853
f 828 853 829
f 829 853 854
f 829 854 830
f 830 854 831
f 854 855 831
f 831 855 832
f 855 856 832
f 832 856 833
f 856 857 833
f 833 857 834
f 857 858 834
f 834 858 835
f 858 859 835
f 835 859 836
f 859 860 836
f 836 860 861
f 836 861 837
f 837 861 862
f 837 862 838
f 838 862 863
f 838 863 839
f 839 863 864
f 839 864 840
f 840 864 865
f 840 865 841
f 841 865 842
f 841 842 818
f 842 866 843
f 866 867 843
f 843 867 844
f 867 868 844
f 844 868 845
f 868 869 845
f 845 869 846
f 869 870 846
f 846 870 847
f 870 871 847
f 847 871 848
f 871 872 848
f 848 872 873
f 848 873 849
f 849 873 874
f 849 874 850
f 850 874 875
f 850 875 851
f 851 875 876
f 851 876 852
f 852 876 877
f 852 877 853
f 853 877 878
f 853 878 854
f 854 878 855
f 878 879 855
f 855 879 856
f 879 880 856
f 856 880 857
f 880 881 857
f 857 881 858
f 881 882 858
f 858 882 859
f 882 883 859
f 859 883 860
f 883 884 860
f 860 884 885
f 860 885 861
f 861 885 886
f 861 886 862
f 862 886 887
f 862 887 863
f 863 887 888
f 863 888 864
f 864 888 889
f 864 889 865
f 865 889 866
f 865 866 842
f 866 890 867
f 890 891 867
f 867 891 868
f 891 892 868
f 868 892 869
f 892 893 869
f 869 893 870
f 893 894 870
f 870 894 871
f 894 895 871
f 871 895 872
f 895 896 872
f 872 896 897
f 872 897 873
f 873 897 898
f 873 898 874
f 874 898 899
f 874 899 875
f 875 899 900
f 875 900 876
f 876 900 901
f 876 901 877
f 877 901 902
f 877 902 878
f 878 902 879
f 902 903 879
f 879 903 880
f 903 904 880
f 880 904 881
f 904 905 881
f 881 905 882
f 905 906 882
f 882 906 883
f 906 907 883
f 883 907 884
f 907 908 884
f 884 908 909
f 884 909 885
f 885 909 910
f 885 910 886
f 886 910 911
f 886 911 887
f 887 911 912
f 887 912 888
f 888 912 913
f 888 913 889
f 889 913 890
f 889 890 866
f 890 914 891
f 914 915 891
f 891 915 892
f 915 916 892
f 892 916 893
f 916 917 893
f 893 917 894
f 917 918 894
f 894 918 895
f 918 919 895
f 895 919 896
f 919 920 896
f 896 920 921
f 896 921 897
f 897 921 922
f 897 922 898
f 898 922 923
f 898 923 899
f 899 923 924
f 899 924 900
f 900 924 925
f 900 925 901
f 901 925 926
f 901 926 902
f 902 926 903
f 926 927 903
f 903 927 904
f 927 928 904
f 904 928 905
f 928 929 905
f 905 929 906
f 929 930 906
f 906 930 907
f 930 931 907
f 907 931 908
f 931 932 908
f 908 932 933
f 908 933 909
f 909 933 934
f 909 934 910
f 910 934 935
f 910 935 911
f 911 935 936
f 911 936 912
f 912 936 937
f 912 937 913
f 913 937 914
f 913 914 890
f 914 938 915
f 938 939 915
f 915 939 916
f 939 940 916
f 916 940 917
f 940 941 917
f 917 941 918
f 941 942 918
f 918 942 919
f 942 943 919
f 919 943 920
f 943 944 920
f 920 944 945
f 920 945 921
f 921 945 946
f 921 946 922
f 922 946 947
f 922 947 923
f 923 947 948
f 923 948 924
f 924 948 949
f 924 949 925
f 925 949 950
f 925 950 926
f 926 950 927
f 950 951 927
f 927 951 928
f 951 952 928
f 928 952 929
f 952 953 929
f 929 953 930
f 953 954 930
f 930 954 931
f 954 955 931
f 931 955 932
f 955 956 932
f 932 956 957
f 932 957 933
f 933 957 958
f 933 958 934
f 934 958 959
f 934 959 935
f 935 959 960
f 935 960 936
f 936 960 961
f 936 961 937
f 937 961 938
f 937 938 914
f 938 962 939
f 962 963 939
f 939 963 940
f 963 964 940
f 940 964 941
f 964 965 941
f 941 965 942
f 965 966 942
f 942 966 943
f 966 967 943
f 943 967 944
f 967 968 944
f 944 968 969
f 944 969 945
f 945 969 970
f 945 970 946
f 946 970 971
f 946 971 947
f 947 971 972
f 947 972 948
f 948 972 973
f 948 973 949
f 949 973 974
f 949 974 950
f 950 974 951
f 974 975 951
f 951 975 952
f 975 976 952
f 952 976 953
f 976 977 953
f 953 977 954
f 977 978 954
f 954 978 955
f 978 979 955
f 955 979 956
f 979 980 956
f 956 980 981
f 956 981 957
f 957 981 982
f 957 982 958
f 958 982 983
f 958 983 959
f 959 983 984
f 959 984 960
f 960 984 985
f 960 985 961
f 961 985 962
f 961 962 938
f 962 986 963
f 986 987 963
f 963 987 964
f 987 988 964
f 964 988 965
f 988 989 965
f 965 989 966
f 989 990 966
f 966 990 967
f 990 991 967
f 967 991 968
f 991 992 968
f 968 992 993
f 968 993 969
f 969 993 994
f 969 994 970
f 970 994 995
f 970 995 971
f 971 995 996
f 971 996 972
f 972 996 997
f 972 997 973
f 973 997 998
f 973 998 974
f 974 998 975
f 998 999 975
f 975 999 976
f 999 1000 976
f 976 1000 977
f 1000 1001 977
f 977 1001 978
f 1001 1002 978
f 978 1002 979
f 1002 1003 979
f 979 1003 980
f 1003 1004 980
f 980 1004 1005
f 980 1005 981
f 981 1005 1006
f 981 1006 982
f 982 1006 1007
f 982 1007 983
f 983 1007 1008
f 983 1008 984
f 984 1008 1009
f 984 1009 985
f 985 1009 986
f 985 986 962
f 986 1010 987
f 1010 1011 987
f 987 1011 988
f 1011 1012 988
f 988 1012 989
f 1012 1013 989
f 989 1013 990
f 1013 1014 990
f 990 1014 991
f 1014 1015 991
f 991 1015 992
f 1015 1016 992
f 992 1016 1017
f 992 1017 993
f 993 1017 1018
f 993 1018 994
f 994 1018 1019
f 994 1019 995
f 995 1019 1020
f 995 1020 996
f 996 1020 1021
f 996 1021 997
f 997 1021 1022
f 997 1022 998
f 998 1022 999
f 1022 1023 999
f 999 1023 1000
f 1023 1024 1000
f 1000 1024 1001
f 1024 1025 1001
f 1001 1025 1002
f 1025 1026 1002
f 1002 1026 1003
f 1026 1027 1003
f 1003 1027 1004
f 1027 1028 1004
f 1004 1028 1029
f 1004 1029 1005
f 1005 1029 1030
f 1005 1030 1006
f 1006 1030 1031
f 1006 1031 1007
f 1007 1031 1032
f 1007 1032 1008
f 1008 1032 1033
f 1008 1033 1009
f 1009 1033 1010
f 1009 1010 986
f 1010 1034 1035
f 1010 1035 1011
f 1011 1035 1036
f 1011 1036 1012
f 1012 1036 1037
f 1012 1037 1013
f 1013 1037 1038
f 1013 1038 1014
f 1014 1038 1039
f 1014 1039 1015
f 1015 1039 1040
f 1015 1040 1016
f 1016 1040 1017
f 1040 1041 1017
f 1017 1041 1018
f 1041 1042 1018
f 1018 1042 1019
f 1042 1043 1019
f 1019 1043 1020
f 1043 1044 1020
f 1020 1044 1021
f 1044 1045 1021
f 1021 1045 1022
f 1045 1046 1022
f 1022 1046 1047
f 1022 1047 1023
f 1023 1047 1048
f 1023 1048 1024
f 1024 1048 1049
f 1024 1049 1025
f 1025 1049 1050
f 1025 1050 1026
f 1026 1050 1051
f 1026 1051 1027
f 1027 1051 1052
f 1027 1052 1028
f 1028 1052 1029
f 1052 1053 1029
f 1029 1053 1030
f 1053 1054 1030
f 1030 1054 1031
f 1054 1055 1031
f 1031 1055 1032
f 1055 1056 1032
f 1032 1056 1033
f 1056 1057 1033
f 1033 1057 1010
f 1057 1034 1010
f 1034 1058 1059
f 1034 1059 1035
f 1035 1059 1060
f 1035 1060 1036
f 1036 1060 1061
f 1036 1061 1037
f 1037 1061 1062
f 1037 1062 1038
f 1038 1062 1063
f 1038 1063 1039
f 1039 1063 1064
f 1039 1064 1040
f 1040 1064 1041
f 1064 1065 1041
f 1041 1065 1042
f 1065 1066 1042
f 1042 1066 1043
f 1066 1067 1043
f 1043 1067 1044
f 1067 1068 1044
f 1044 1068 1045
f 1068 1069 1045
f 1045 1069 1046
f 1069 1070 1046
f 1046 1070 1071
f 1046 1071 1047
f 1047 1071 1072
f 1047 1072 1048
f 1048 1072 1073
f 1048 1073 1049
f 1049 1073 1074
f 1049 1074 1050
f 1050 1074 1075
f 1050 1075 1051
f 1051 1075 1076
f 1051 1076 1052
f 1052 1076 1053
f 1076 1077 1053
f 1053 1077 1054
f 1077 1078 1054
f 1054 1078 1055
f 1078 1079 1055
f 1055 1079 1056
f 1079 1080 1056
f 1056 1080 1057
f 1080 1081 1057
f 1057 1081 1034
f 1081 1058 1034
f 1058 1082 1083
f 1058 1083 1059
f 1059 1083 1084
f 1059 1084 1060
f 1060 1084 1085
f 1060 1085 1061
f 1061 1085 1086
f 1061 1086 1062
f 1062 1086 1087
f 1062 1087 1063
f 1063 1087 1088
f 1063 1088 1064
f 1064 1088 1065
f 1088 1089 1065
f 1065 1089 1066
f 1089 1090 1066
f 1066 1090 1067
f 1090 1091 1067
f 1067 1091 1068
f 1091 1092 1068
f 1068 1092 1069
f 1092 1093 1069
f 1069 1093 1070
f 1093 1094 1070
f 1070 1094 1095
f 1070 1095 1071
f 1071 1095 1096
f 1071 1096 1072
f 1072 1096 1097
f 1072 1097 1073
f 1073 1097 1098
f 1073 1098 1074
f 1074 1098 1099
f 1074 1099 1075
f 1075 1099 1100
f 1075 1100 1076
f 1076 1100 1077
f 1100 1101 1077
f 1077 1101 1078
f 1101 1102 1078
f 1078 1102 1079
f 1102 1103 1079
f 1079 1103 1080
f 1103 1104 1080
f 1080 1104 1081
f 1104 1105 1081
f 1081 1105 1058
f 1105 1082 1058
f 1082 1106 1107
f 1082 1107 1083
f 1083 1107 1108
f 1083 1108 1084
f 1084 1108 1109
f 1084 1109 1085
f 1085 1109 1110
f 1085 1110 1086
f 1086 1110 1111
f 1086 1111 1087
f 1087 1111 1112
f 1087 1112 1088
f 1088 1112 1089
f 1112 1113 1089
f 1089 1113 1090
f 1113 1114 1090
f 1090 1114 1091
f 1114 1115 1091
f 1091 1115 1092
f 1115 1116 1092
f 1092 1116 1093
f 1116 1117 1093
f 1093 1117 1094
f 1117 1118 1094
f 1094 1118 1119
f 1094 1119 1095
f 1095 1119 1120
f 1095 1120 1096
f 1096 1120 1121
f 1096 1121 1097
f 1097 1121 1122
f 1097 1122 1098
f 1098 1122 1123
f 1098 1123 1099
f 1099 1123 1124
f 1099 1124 1100
f 1100 1124 1101
f 1124 1125 1101
f 1101 1125 1102
f 1125 1126 1102
f 1102 1126 1103
f 1126 1127 1103
f 1103 1127 1104
f 1127 1128 1104
f 1104 1128 1105
f 1128 1129 1105
f 1105 1129 1082
f 1129 1106 1082
f 1106 1130 1131
f 1106 1131 1107
f 1107 1131 1132
f 1107 1132 1108
f 1108 1132 1133
f 1108 1133 1109
f 1109 1133 1134
f 1109 1134 1110
f 1110 1134 1135
f 1110 1135 1111
f 1111 1135 1136
f 1111 1136 1112
f 1112 1136 1113
f 1136 1137 1113
f 1113 1137 1114
f 1137 1138 1114
f 1114 1138 1115
f 1138 1139 1115
f 1115 1139 1116
f 1139 1140 1116
f 1116 1140 1117
f 1140 1141 1117
f 1117 1141 1118
f 1141 1142 1118
f 1118 1142 1143
f 1118 1143 1119
f 1119 1143 1144
f 1119 1144 1120
f 1120 1144 1145
f 1120 1145 1121
f 1121 1145 1146
f 1121 1146 1122
f 1122 1146 1147
f 1122 1147 1123
f 1123 1147 1148
f 1123 1148 1124
f 1124 1148 1125
f 1148 1149 1125
f 1125 1149 1126
f 1149 1150 1126
f 1126 1150 1127
f 1150 1151 1127
f 1127 1151 1128
f 1151 1152 1128
f 1128 1152 1129
f 1152 1153 1129
f 1129 1153 1106
f 1153 1130 1106
f 1130 1154 1155
f 1130 1155 1131
f 1131 1155 1156
f 1131 1156 1132
f 1132 1156 1157
f 1132 1157 1133
f 1133 1157 1158
f 1133 1158 1134
f 1134 1158 1159
f 1134 1159 1135
f 1135 1159 1160
f 1135 1160 1136
f 1136 1160 1137
f 1160 1161 1137
f 1137 1161 1138
f 1161 1162 1138
f 1138 1162 1139
f 1162 1163 1139
f 1139 1163 1140
f 1163 1164 1140
f 1140 1164 1141
f 1164 1165 1141
f 1141 1165 1142
f 1165 1166 1142
f 1142 1166 1167
f 1142 1167 1143
f 1143 1167 1168
f 1143 1168 1144
f 1144 1168 1169
f 1144 1169 1145
f 1145 1169 1170
f 1145 1170 1146
f 1146 1170 1171
f 1146 1171 1147
f 1147 1171 1172
f 1147 1172 1148
f 1148 1172 1149
f 1172 1173 1149
f 1149 1173 1150
f 1173 1174 1150
f 1150 1174 1151
f 1174 1175 1151
f 1151 1175 1152
f 1175 1176 1152
f 1152 1176 1153
f 1176 1177 1153
f 1153 1177 1130
f 1177 1154 1130
f 1154 1178 1179
f 1154 1179 1155
f 1155 1179 1180
f 1155 1180 1156
f 1156 1180 1181
f 1156 1181 1157
f 1157 1181 1182
f 1157 1182 1158
f 1158 1182 1183
f 1158 1183 1159
f 1159 1183 1184
f 1159 1184 1160
f 1160 1184 1161
f 1184 1185 1161
f 1161 1185 1162
f 1185 1186 1162
f 1162 1186 1163
f 1186 1187 1163
f 1163 1187 1164
f 1187 1188 1164
f 1164 1188 1165
f 1188 1189 1165
f 1165 1189 1166
f 1189 1190 1166
f 1166 1190 1191
f 1166 1191 1167
f 1167 1191 1192
f 1167 1192 1168
f 1168 1192 1193
f 1168 1193 1169
f 1169 1193 1194
f 1169 1194 1170
f 1170 1194 1195
f 1170 1195 1171
f 1171 1195 1196
f 1171 1196 1172
f 1172 1196 1173
f 1196 1197 1173
f 1173 1197 1174
f 1197 1198 1174
f 1174 1198 1175
f 1198 1199 1175
f 1175 1199 1176
f 1199 1200 1176
f 1176 1200 1177
f 1200 1201 1177
f 1177 1201 1154
f 1201 1178 1154
f 1178 1202 1203
f 1178 1203 1179
f 1179 1203 1204
f 1179 1204 1180
f 1180 1204 1205
f 1180 1205 1181
f 1181 1205 1206
f 1181 1206 1182
f 1182 1206 1207
f 1182 1207 1183
f 1183 1207 1208
f 1183 1208 1184
f 1184 1208 1185
f 1208 1209 1185
f 1185 1209 1186
f 1209 1210 1186
f 1186 1210 1187
f 1210 1211 1187
f 1187 1211 1188
f 1211 1212 1188
f 1188 1212 1189
f 1212 1213 1189
f 1189 1213 1190
f 1213 1214 1190
f 1190 1214 1215
f 1190 1215 1191
f 1191 1215 1216
f 1191 1216 1192
f 1192 1216 1217
f 1192 1217 1193
f 1193 1217 1218
f 1193 1218 1194
f 1194 1218 1219
f 1194 1219 1195
f 1195 1219 1220
f 1195 1220 1196
f 1196 1220 1197
f 1220 1221 1197
f 1197 1221 1198
f 1221 1222 1198
f 1198 1222 1199
f 1222 1223 1199
f 1199 1223 1200
f 1223 1224 1200
f 1200 1224 1201
f 1224 1225 1201
f 1201 1225 1178
f 1225 1202 1178
f 1202 1226 1227
f 1202 1227 1203
f 1203 1227 1228
f 1203 1228 1204
f 1204 1228 1229
f 1204 1229 1205
f 1205 1229 1230
f 1205 1230 1206
f 1206 1230 1231
f 1206 1231 1207
f 1207 1231 1232
f 1207 1232 1208
f 1208 1232 1209
f 1232 1233 1209
f 1209 1233 1210
f 1233 1234 1210
f 1210 1234 1211
f 1234 1235 1211
f 1211 1235 1212
f 1235 1236 1212
f 1212 1236 1213
f 1236 1237 1213
f 1213 1237 1214
f 1237 1238 1214
f 1214 1238 1239
f 1214 1239 1215
f 1215 1239 1240
f 1215 1240 1216
f 1216 1240 1241
f 1216 1241 1217
f 1217 1241 1242
f 1217 1242 1218
f 1218 1242 1243
f 1218 1243 1219
f 1219 1243 1244
f 1219 1244 1220
f 1220 1244 1221
f 1244 1245 1221
f 1221 1245 1222
f 1245 1246 1222
f 1222 1246 1223
f 1246 1247 1223
f 1223 1247 1224
f 1247 1248 1224
f 1224 1248 1225
f 1248 1249 1225
f 1225 1249 1202
f 1249 1226 1202
f 1226 1250 1251
f 1226 1251 1227
f 1227 1251 1252
f 1227 1252 1228
f 1228 1252 1253
f 1228 1253 1229
f 1229 1253 1254
f 1229 1254 1230
f 1230 1254 1255
f 1230 1255 1231
f 1231 1255 1256
f 1231 1256 1232
f 1232 1256 1233
f 1256 1257 1233
f 1233 1257 1234
f 1257 1258 1234
f 1234 1258 1235
f 1258 1259 1235
f 1235 1259 1236
f 1259 1260 1236
f 1236 1260 1237
f 1260 1261 1237
f 1237 1261 1238
f 1261 1262 1238
f 1238 1262 1263
f 1238 1263 1239
f 1239 1263 1264
f 1239 1264 1240
f 1240 1264 1265
f 1240 1265 1241
f 1241 1265 1266
f 1241 1266 1242
f 1242 1266 1267
f 1242 1267 1243
f 1243 1267 1268
f 1243 1268 1244
f 1244 1268 1245
f 1268 1269 1245
f 1245 1269 1246
f 1269 1270 1246
f 1246 1270 1247
f 1270 1271 1247
f 1247 1271 1248
f 1271 1272 1248
f 1248 1272 1249
f 1272 1273 1249
f 1249 1273 1226
f 1273 1250 1226
f 1250 1274 1275
f 1250 1275 1251
f 1251 1275 1276
f 1251 1276 1252
f 1252 1276 1277
f 1252 1277 1253
f 1253 1277 1278
f 1253 1278 1254
f 1254 1278 1279
f 1254 1279 1255
f 1255 1279 1280
f 1255 1280 1256
f 1256 1280 1257
f 1280 1281 1257
f 1257 1281 1258
f 1281 1282 1258
f 1258 1282 1259
f 1282 1283 1259
f 1259 1283 1260
f 1283 1284 1260
f 1260 1284 1261
f 1284 1285 1261
f 1261 1285 1262
f 1285 1286 1262
f 1262 1286 1287
f 1262 1287 1263
f 1263 1287 1288
f 1263 1288 1264
f 1264 1288 1289
f 1264 1289 1265
f 1265 1289 1290
f 1265 1290 1266
f 1266 1290 1291
f 1266 1291 1267
f 1267 1291 1292
f 1267 1292 1268
f 1268 1292 1269
f 1292 1293 1269
f 1269 1293 1270
f 1293 1294 1270
f 1270 1294 1271
f 1294 1295 1271
f 1271 1295 1272
f 1295 1296 1272
f 1272 1296 1273
f 1296 1297 1273
f 1273 1297 1250
f 1297 1274 1250
f 1274 1298 1299
f 1274 1299 1275
f 1275 1299 1300
f 1275 1300 1276
f 1276 1300 1301
f 1276 1301 1277
f 1277 1301 1302
f 1277 1302 1278
f 1278 1302 1303
f 1278 1303 1279
f 1279 1303 1304
f 1279 1304 1280
f 1280 1304 1281
f 1304 1305 1281
f 1281 1305 1282
f 1305 1306 1282
f 1282 1306 1283
f 1306 1307 1283
f 1283 1307 1284
f 1307 1308 1284
f 1284 1308 1285
f 1308 1309 1285
f 1285 1309 1286
f 1309 1310 1286
f 1286 1310 1311
f 1286 1311 1287
f 1287 1311 1312
f 1287 1312 1288
f 1288 1312 1313
f 1288 1313 1289
f 1289 1313 1314
f 1289 1314 1290
f 1290 1314 1315
f 1290 1315 1291
f 1291 1315 1316
f 1291 1316 1292
f 1292 1316 1293
f 1316 1317 1293
f 1293 1317 1294
f 1317 1318 1294
f 1294 1318 1295
f 1318 1319 1295
f 1295 1319 1296
f 1319 1320 1296
f 1296 1320 1297
f 1320 1321 1297
f 1297 1321 1274
f 1321 1298 1274
f 1298 1322 1323
f 1298 1323 1299
f 1299 1323 1324
f 1299 1324 1300
f 1300 1324 1325
f 1300 1325 1301
f 1301 1325 1326
f 1301 1326 1302
f 1302 1326 1327
f 1302 1327 1303
f 1303 1327 1328
f 1303 1328 1304
f 1304 1328 1305
f 1328 1329 1305
f 1305 1329 1306
f 1329 1330 1306
f 1306 1330 1307
f 1330 1331 1307
f 1307 1331 1308
f 1331 1332 1308
f 1308 1332 1309
f 1332 1333 1309
f 1309 1333 1310
f 1333 1334 1310
f 1310 1334 1335
f 1310 1335 1311
f 1311 1335 1336
f 1311 1336 1312
f 1312 1336 1337
f 1312 1337 1313
f 1313 1337 1338
f 1313 1338 1314
f 1314 1338 1339
f 1314 1339 1315
f 1315 1339 1340
f 1315 1340 1316
f 1316 1340 1317
f 1340 1341 1317
f 1317 1341 1318
f 1341 1342 1318
f 1318 1342 1319
f 1342 1343 1319
f 1319 1343 1320
f 1343 1344 1320
f 1320 1344 1321
f 1344 1345 1321
f 1321 1345 1298
f 1345 1322 1298
f 1322 1346 1347
f 1322 1347 1323
f 1323 1347 1348
f 1323 1348 1324
f 1324 1348 1349
f 1324 1349 1325
f 1325 1349 1350
f 1325 1350 1326
f 1326 1350 1351
f 1326 1351 1327
f 1327 1351 1352
f 1327 1352 1328
f 1328 1352 1329
f 1352 1353 1329
f 1329 1353 1330
f 1353 1354 1330
f 1330 1354 1331
f 1354 1355 1331
f 1331 1355 1332
f 1355 1356 1332
f 1332 1356 1333
f 1356 1357 1333
f 1333 1357 1334
f 1357 1358 1334
f 1334 1358 1359
f 1334 1359 1335
f 1335 1359 1360
f 1335 1360 1336
f 1336 1360 1361
f 1336 1361 1337
f 1337 1361 1362
f 1337 1362 1338
f 1338 1362 1363
f 1338 1363 1339
f 1339 1363 1364
f 1339 1364 1340
f 1340 1364 1341
f 1364 1365 1341
f 1341 1365 1342
f 1365 1366 1342
f 1342 1366 1343
f 1366 1367 1343
f 1343 1367 1344
f 1367 1368 1344
f 1344 1368 1345
f 1368 1369 1345
f 1345 1369 1322
f 1369 1346 1322
f 1346 1370 1371
f 1346 1371 1347
f 1347 1371 1372
f 1347 1372 1348
f 1348 1372 1373
f 1348 1373 1349
f 1349 1373 1374
f 1349 1374 1350
f 1350 1374 1375
f 1350 1375 1351
f 1351 1375 1376
f 1351 1376 1352
f 1352 1376 1353
f 1376 1377 1353
f 1353 1377 1354
f 1377 1378 1354
f 1354 1378 1355
f 1378 1379 1355
f 1355 1379 1356
f 1379 1380 1356
f 1356 1380 1357
f 1380 1381 1357
f 1357 1381 1358
f 1381 1382 1358
f 1358 1382 1383
f 1358 1383 1359
f 1359 1383 1384
f 1359 1384 1360
f 1360 1384 1385
f 1360 1385 1361
f 1361 1385 1386
f 1361 1386 1362
f 1362 1386 1387
f 1362 1387 1363
f 1363 1387 1388
f 1363 1388 1364
f 1364 1388 1365
f 1388 1389 1365
f 1365 1389 1366
f 1389 1390 1366
f 1366 1390 1367
f 1390 1391 1367
f 1367 1391 1368
f 1391 1392 1368
f 1368 1392 1369
f 1392 1393 1369
f 1369 1393 1346
f 1393 1370 1346
f 1370 1394 1395
f 1370 1395 1371
f 1371 1395 1396
f 1371 1396 1372
f 1372 1396 1397
f 1372 1397 1373
f 1373 1397 1398
f 1373 1398 1374
f 1374 1398 1399
f 1374 1399 1375
f 1375 1399 1400
f 1375 1400 1376
f 1376 1400 1377
f 1400 1401 1377
f 1377 1401 1378
f 1401 1402 1378
f 1378 1402 1379
f 1402 1403 1379
f 1379 1403 1380
f 1403 1404 1380
f 1380 1404 1381
f 1404 1405 1381
f 1381 1405 1382
f 1405 1406 1382
f 1382 1406 1407
f 1382 1407 1383
f 1383 1407 1408
f 1383 1408 1384
f 1384 1408 1409
f 1384 1409 1385
f 1385 1409 1410
f 1385 1410 1386
f 1386 1410 1411
f 1386 1411 1387
f 1387 1411 1412
f 1387 1412 1388
f 1388 1412 1389
f 1412 1413 1389
f 1389 1413 1390
f 1413 1414 1390
f 1390 1414 1391
f 1414 1415 1391
f 1391 1415 1392
f 1415 1416 1392
f 1392 1416 1393
f 1416 1417 1393
f 1393 1417 1370
f 1417 1394 1370
f 1394 1418 1419
f 1394 1419 1395
f 1395 1419 1420
f 1395 1420 1396
f 1396 1420 1421
f 1396 1421 1397
f 1397 1421 1422
f 1397 1422 1398
f 1398 1422 1423
f 1398 1423 1399
f 1399 1423 1424
f 1399 1424 1400
f 1400 1424 1401
f 1424 1425 1401
f 1401 1425 1402
f 1425 1426 1402
f 1402 1426 1403
f 1426 1427 1403
f 1403 1427 1404
f 1427 1428 1404
f 1404 1428 1405
f 1428 1429 1405
f 1405 1429 1406
f 1429 1430 1406
f 1406 1430 1431
f 1406 1431 1407
f 1407 1431 1432
f 1407 1432 1408
f 1408 1432 1433
f 1408 1433 1409
f 1409 1433 1434
f 1409 1434 1410
f 1410 1434 1435
f 1410 1435 1411
f 1411 1435 1436
f 1411 1436 1412
f 1412 1436 1413
f 1436 1437 1413
f 1413 1437 1414
f 1437 1438 1414
f 1414 1438 1415
f 1438 1439 1415
f 1415 1439 1416
f 1439 1440 1416
f 1416 1440 1417
f 1440 1441 1417
f 1417 1441 1394
f 1441 1418 1394
f 1418 1442 1443
f 1418 1443 1419
f 1419 1443 1444
f 1419 1444 1420
f 1420 1444 1445
f 1420 1445 1421
f 1421 1445 1446
f 1421 1446 1422
f 1422 1446 1447
f 1422 1447 1423
f 1423 1447 1448
f 1423 1448 1424
f 1424 1448 1425
f 1448 1449 1425
f 1425 1449 1426
f 1449 1450 1426
f 1426 1450 1427
f 1450 1451 1427
f 1427 1451 1428
f 1451 1452 1428
f 1428 1452 1429
f 1452 1453 1429
f 1429 1453 1430
f 1453 1454 1430
f 1430 1454 1455
f 1430 1455 1431
f 1431 1455 1456
f 1431 1456 1432
f 1432 1456 1457
f 1432 1457 1433
f 1433 1457 1458
f 1433 1458 1434
f 1434 1458 1459
f 1434 1459 1435
f 1435 1459 1460
f 1435 1460 1436
f 1436 1460 1437
f 1460 1461 1437
f 1437 1461 1438
f 1461 1462 1438
f 1438 1462 1439
f 1462 1463 1439
f 1439 1463 1440
f 1463 1464 1440
f 1440 1464 1441
f 1464 1465 1441
f 1441 1465 1418
f 1465 1442 1418
f 1442 1466 1467
f 1442 1467 1443
f 1443 1467 1468
f 1443 1468 1444
f 1444 1468 1469
f 1444 1469 1445
f 1445 1469 1470
f 1445 1470 1446
f 1446 1470 1471
f 1446 1471 1447
f 1447 1471 1472
f 1447 1472 1448
f 1448 1472 1449
f 1472 1473 1449
f 1449 1473 1450
f 1473 1474 1450
f 1450 1474 1451
f 1474 1475 1451
f 1451 1475 1452
f 1475 1476 1452
f 1452 1476 1453
f 1476 1477 1453
f 1453 1477 1454
f 1477 1478 1454
f 1454 1478 1479
f 1454 1479 1455
f 1455 1479 1480
f 1455 1480 1456
f 1456 1480 1481
f 1456 1481 1457
f 1457 1481 1482
f 1457 1482 1458
f 1458 1482 1483
f 1458 1483 1459
f 1459 1483 1484
f 1459 1484 1460
f 1460 1484 1461
f 1484 1485 1461
f 1461 1485 1462
f 1485 1486 1462
f 1462 1486 1463
f 1486 1487 1463
f 1463 1487 1464
f 1487 1488 1464
f 1464 1488 1465
f 1488 1489 1465
f 1465 1489 1442
f 1489 1466 1442
f 1466 1490 1491
f 1466 1491 1467
f 1467 1491 1492
f 1467 1492 1468
f 1468 1492 1493
f 1468 1493 1469
f 1469 1493 1494
f 1469 1494 1470
f 1470 1494 1495
f 1470 1495 1471
f 1471 1495 1496
f 1471 1496 1472
f 1472 1496 1473
f 1496 1497 1473
f 1473 1497 1474
f 1497 1498 1474
f 1474 1498 1475
f 1498 1499 1475
f 1475 1499 1476
f 1499 1500 1476
f 1476 1500 1477
f 1500 1501 1477
f 1477 1501 1478
f 1501 1502 1478
f 1478 1502 1503
f 1478 1503 1479
f 1479 1503 1504
f 1479 1504 1480
f 1480 1504 1505
f 1480 1505 1481
f 1481 1505 1506
f 1481 1506 1482
f 1482 1506 1507
f 1482 1507 1483
f 1483 1507 1508
f 1483 1508 1484
f 1484 1508 1485
f 1508 1509 1485
f 1485 1509 1486
f 1509 1510 1486
f 1486 1510 1487
f 1510 1511 1487
f 1487 1511 1488
f 1511 1512 1488
f 1488 1512 1489
f 1512 1513 1489
f 1489 1513 1466
f 1513 1490 1466
f 1490 1514 1515
f 1490 1515 1491
f 1491 1515 1516
f 1491 1516 1492
f 1492 1516 1517
f 1492 1517 1493
f 1493 1517 1518
f 1493 1518 1494
f 1494 1518 1519
f 1494 1519 1495
f 1495 1519 1520
f 1495 1520 1496
f 1496 1520 1497
f 1520 1521 1497
f 1497 1521 1498
f 1521 1522 1498
f 1498 1522 1499
f 1522 1523 1499
f 1499 1523 1500
f 1523 1524 1500
f 1500 1524 1501
f 1524 1525 1501
f 1501 1525 1502
f 1525 1526 1502
f 1502 1526 1527
f 1502 1527 1503
f 1503 1527 1528
f 1503 1528 1504
f 1504 1528 1529
f 1504 1529 1505
f 1505 1529 1530
f 1505 1530 1506
f 1506 1530 1531
f 1506 1531 1507
f 1507 1531 1532
f 1507 1532 1508
f 1508 1532 1509
f 1532 1533 1509
f 1509 1533 1510
f 1533 1534 1510
f 1510 1534 1511
f 1534 1535 1511
f 1511 1535 1512
f 1535 1536 1512
f 1512 1536 1513
f 1536 1537 1513
f 1513 1537 1490
f 1537 1514 1490
f 1514 1538 1539
f 1514 1539 1515
f 1515 1539 1540
f 1515 1540 1516
f 1516 1540 1541
f 1516 1541 1517
f 1517 1541 1542
f 1517 1542 1518
f 1518 1542 1543
f 1518 1543 1519
f 1519 1543 1544
f 1519 1544 1520
f 1520 1544 1521
f 1544 1545 1521
f 1521 1545 1522
f 1545 1546 1522
f 1522 1546 1523
f 1546 1547 1523
f 1523 1547 1524
f 1547 1548 1524
f 1524 1548 1525
f 1548 1549 1525
f 1525 1549 1526
f 1549 1550 1526
f 1526 1550 1551
f 1526 1551 1527
f 1527 1551 1552
f 1527 1552 1528
f 1528 1552 1553
f 1528 1553 1529
f 1529 1553 1554
f 1529 1554 1530
f 1530 1554 1555
f 1530 1555 1531
f 1531 1555 1556
f 1531 1556 1532
f 1532 1556 1533
f 1556 1557 1533
f 1533 1557 1534
f 1557 1558 1534
f 1534 1558 1535
f 1558 1559 1535
f 1535 1559 1536
f 1559 1560 1536
f 1536 1560 1537
f 1560 1561 1537
f 1537 1561 1514
f 1561 1538 1514
f 1538 1562 1563
f 1538 1563 1539
f 1539 1563 1564
f 1539 1564 1540
f 1540 1564 1565
f 1540 1565 1541
f 1541 1565 1566
f 1541 1566 1542
f 1542 1566 1567
f 1542 1567 1543
f 1543 1567 1568
f 1543 1568 1544
f 1544 1568 1545
f 1568 1569 1545
f 1545 1569 1546
f 1569 1570 1546
f 1546 1570 1547
f 1570 1571 1547
f 1547 1571 1548
f 1571 1572 1548
f 1548 1572 1549
f 1572 1573 1549
f 1549 1573 1550
f 1573 1574 1550
f 1550 1574 1575
f 1550 1575 1551
f 1551 1575 1576
f 1551 1576 1552
f 1552 1576 1577
f 1552 1577 1553
f 1553 1577 1578
f 1553 1578 1554
f 1554 1578 1579
f 1554 1579 1555
f 1555 1579 1580
f 1555 1580 1556
f 1556 1580 1557
f 1580 1581 1557
f 1557 1581 1558
f 1581 1582 1558
f 1558 1582 1559
f 1582 1583 1559
f 1559 1583 1560
f 1583 1584 1560
f 1560 1584 1561
f 1584 1585 1561
f 1561 1585 1538
f 1585 1562 1538
f 1562 1586 1587
f 1562 1587 1563
f 1563 1587 1588
f 1563 1588 1564
f 1564 1588 1589
f 1564 1589 1565
f 1565 1589 1590
f 1565 1590 1566
f 1566 1590 1591
f 1566 1591 1567
f 1567 1591 1592
f 1567 1592 1568
f 1568 1592 1569
f 1592 1593 1569
f 1569 1593 1570
f 1593 1594 1570
f 1570 1594 1571
f 1594 1595 1571
f 1571 1595 1572
f 1595 1596 1572
f 1572 1596 1573
f 1596 1597 1573
f 1573 1597 1574
f 1597 1598 1574
f 1574 1598 1599
f 1574 1599 1575
f 1575 1599 1600
f 1575 1600 1576
f 1576 1600 1601
f 1576 1601 1577
f 1577 1601 1602
f 1577 1602 1578
f 1578 1602 1603
f 1578 1603 1579
f 1579 1603 1604
f 1579 1604 1580
f 1580 1604 1581
f 1604 1605 1581
f 1581 1605 1582
f 1605 1606 1582
f 1582 1606 1583
f 1606 1607 1583
f 1583 1607 1584
f 1607 1608 1584
f 1584 1608 1585
f 1608 1609 1585
f 1585 1609 1562
f 1609 1586 1562
f 1586 1610 1611
f 1586 1611 1587
f 1587 1611 1612
f 1587 1612 1588
f 1588 1612 1613
f 1588 1613 1589
f 1589 1613 1614
f 1589 1614 1590
f 1590 1614 1615
f 1590 1615 1591
f 1591 1615 1616
f 1591 1616 1592
f 1592 1616 1593
f 1616 1617 1593
f 1593 1617 1594
f 1617 1618 1594
f 1594 1618 1595
f 1618 1619 1595
f 1595 1619 1596
f 1619 1620 1596
f 1596 1620 1597
f 1620 1621 1597
f 1597 1621 1598
f 1621 1622 1598
f 1598 1622 1623
f 1598 1623 1599
f 1599 1623 1624
f 1599 1624 1600
f 1600 1624 1625
f 1600 1625 1601
f 1601 1625 1626
f 1601 1626 1602
f 1602 1626 1627
f 1602 1627 1603
f 1603 1627 1628
f 1603 1628 1604
f 1604 1628 1605
f 1628 1629 1605
f 1605 1629 1606
f 1629 1630 1606
f 1606 1630 1607
f 1630 1631 1607
f 1607 1631 1608
f 1631 1632 1608
f 1608 1632 1609
f 1632 1633 1609
f 1609 1633 1586
f 1633 1610 1586
f 1610 1634 1635
f 1610 1635 1611
f 1611 1635 1636
f 1611 1636 1612
f 1612 1636 1637
f 1612 1637 1613
f 1613 1637 1638
f 1613 1638 1614
f 1614 1638 1639
f 1614 1639 1615
f 1615 1639 1640
f 1615 1640 1616
f 1616 1640 1617
f 1640 1641 1617
f 1617 1641 1618
f 1641 1642 1618
f 1618 1642 1619
f 1642 1643 1619
f 1619 1643 1620
f 1643 1644 1620
f 1620 1644 1621
f 1644 1645 1621
f 1621 1645 1622
f 1645 1646 1622
f 1622 1646 1647
f 1622 1647 1623
f 1623 1647 1648
f 1623 1648 1624
f 1624 1648 1649
f 1624 1649 1625
f 1625 1649 1650
f 1625 1650 1626
f 1626 1650 1651
f 1626 1651 1627
f 1627 1651 1652
f 1627 1652 1628
f 1628 1652 1629
f 1652 1653 1629
f 1629 1653 1630
f 1653 1654 1630
f 1630 1654 1631
f 1654 1655 1631
f 1631 1655 1632
f 1655 1656 1632
f 1632 1656 1633
f 1656 1657 1633
f 1633 1657 1610
f 1657 1634 1610
f 1634 1658 1659
f 1634 1659 1635
f 1635 1659 1660
f 1635 1660 1636
f 1636 1660 1661
f 1636 1661 1637
f 1637 1661 1662
f 1637 1662 1638
f 1638 1662 1663
f 1638 1663 1639
f 1639 1663 1664
f 1639 1664 1640
f 1640 1664 1641
f 1664 1665 1641
f 1641 1665 1642
f 1665 1666 1642
f 1642 1666 1643
f 1666 1667 1643
f 1643 1667 1644
f 1667 1668 1644
f 1644 1668 1645
f 1668 1669 1645
f 1645 1669 1646
f 1669 1670 1646
f 1646 1670 1671
f 1646 1671 1647
f 1647 1671 1672
f 1647 1672 1648
f 1648 1672 1673
f 1648 1673 1649
f 1649 1673 1674
f 1649 1674 1650
f 1650 1674 1675
f 1650 1675 1651
f 1651 1675 1676
f 1651 1676 1652
f 1652 1676 1653
f 1676 1677 1653
f 1653 1677 1654
f 1677 1678 1654
f 1654 1678 1655
f 1678 1679 1655
f 1655 1679 1656
f 1679 1680 1656
f 1656 1680 1657
f 1680 1681 1657
f 1657 1681 1634
f 1681 1658 1634
f 1658 1682 1683
f 1658 1683 1659
f 1659 1683 1684
f 1659 1684 1660
f 1660 1684 1685
f 1660 1685 1661
f 1661 1685 1686
f 1661 1686 1662
f 1662 1686 1687
f 1662 1687 1663
f 1663 1687 1688
f 1663 1688 1664
f 1664 1688 1665
f 1688 1689 1665
f 1665 1689 1666
f 1689 1690 1666
f 1666 1690 1667
f 1690 1691 1667
f 1667 1691 1668
f 1691 1692 1668
f 1668 1692 1669
f 1692 1693 1669
f 1669 1693 1670
f 1693 1694 1670
f 1670 1694 1695
f 1670 1695 1671
f 1671 1695 1696
f 1671 1696 1672
f 1672 1696 1697
f 1672 1697 1673
f 1673 1697 1698
f 1673 1698 1674
f 1674 1698 1699
f 1674 1699 1675
f 1675 1699 1700
f 1675 1700 1676
f 1676 1700 1677
f 1700 1701 1677
f 1677 1701 1678
f 1701 1702 1678
f 1678 1702 1679
f 1702 1703 1679
f 1679 1703 1680
f 1703 1704 1680
f 1680 1704 1681
f 1704 1705 1681
f 1681 1705 1658
f 1705 1682 1658
f 1682 1706 1707
f 1682 1707 1683
f 1683 1707 1708
f 1683 1708 1684
f 1684 1708 1709
f 1684 1709 1685
f 1685 1709 1710
f 1685 1710 1686
f 1686 1710 1711
f 1686 1711 1687
f 1687 1711 1712
f 1687 1712 1688
f 1688 1712 1689
f 1712 1713 1689
f 1689 1713 1690
f 1713 1714 1690
f 1690 1714 1691
f 1714 1715 1691
f 1691 1715 1692
f 1715 1716 1692
f 1692 1716 1693
f 1716 1717 1693
f 1693 1717 1694
f 1717 1718 1694
f 1694 1718 1719
f 1694 1719 1695
f 1695 1719 1720
f 1695 1720 1696
f 1696 1720 1721
f 1696 1721 1697
f 1697 1721 1722
f 1697 1722 1698
f 1698 1722 1723
f 1698 1723 1699
f 1699 1723 1724
f 1699 1724 1700
f 1700 1724 1701
f 1724 1725 1701
f 1701 1725 1702
f 1725 1726 1702
f 1702 1726 1703
f 1726 1727 1703
f 1703 1727 1704
f 1727 1728 1704
f 1704 1728 1705
f 1728 1729 1705
f 1705 1729 1682
f 1729 1706 1682
f 1706 1730 1731
f 1706 1731 1707
f 1707 1731 1732
f 1707 1732 1708
f 1708 1732 1733
f 1708 1733 1709
f 1709 1733 1734
f 1709 1734 1710
f 1710 1734 1735
f 1710 1735 1711
f 1711 1735 1736
f 1711 1736 1712
f 1712 1736 1713
f 1736 1737 1713
f 1713 1737 1714
f 1737 1738 1714
f 1714 1738 1715
f 1738 1739 1715
f 1715 1739 1716
f 1739 1740 1716
f 1716 1740 1717
f 1740 1741 1717
f 1717 1741 1718
f 1741 1742 1718
f 1718 1742 1743
f 1718 1743 1719
f 1719 1743 1744
f 1719 1744 1720
f 1720 1744 1745
f 1720 1745 1721
f 1721 1745 1746
f 1721 1746 1722
f 1722 1746 1747
f 1722 1747 1723
f 1723 1747 1748
f 1723 1748 1724
f 1724 1748 1725
f 1748 1749 1725
f 1725 1749 1726
f 1749 1750 1726
f 1726 1750 1727
f 1750 1751 1727
f 1727 1751 1728
f 1751 1752 1728
f 1728 1752 1729
f 1752 1753 1729
f 1729 1753 1706
f 1753 1730 1706
f 1730 1754 1755
f 1730 1755 1731
f 1731 1755 1756
f 1731 1756 1732
f 1732 1756 1757
f 1732 1757 1733
f 1733 1757 1758
f 1733 1758 1734
f 1734 1758 1759
f 1734 1759 1735
f 1735 1759 1760
f 1735 1760 1736
f 1736 1760 1737
f 1760 1761 1737
f 1737 1761 1738
f 1761 1762 1738
f 1738 1762 1739
f 1762 1763 1739
f 1739 1763 1740
f 1763 1764 1740
f 1740 1764 1741
f 1764 1765 1741
f 1741 1765 1742
f 1765 1766 1742
f 1742 1766 1767
f 1742 1767 1743
f 1743 1767 1768
f 1743 1768 1744
f 1744 1768 1769
f 1744 1769 1745
f 1745 1769 1770
f 1745 1770 1746
f 1746 1770 1771
f 1746 1771 1747
f 1747 1771 1772
f 1747 1772 1748
f 1748 1772 1749
f 1772 1773 1749
f 1749 1773 1750
f 1773 1774 1750
f 1750 1774 1751
f 1774 1775 1751
f 1751 1775 1752
f 1775 1776 1752
f 1752 1776 1753
f 1776 1777 1753
f 1753 1777 1730
f 1777 1754 1730
f 1754 1778 1779
f 1754 1779 1755
f 1755 1779 1780
f 1755 1780 1756
f 1756 1780 1781
f 1756 1781 1757
f 1757 1781 1782
f 1757 1782 1758
f 1758 1782 1783
f 1758 1783 1759
f 1759 1783 1784
f 1759 1784 1760
f 1760 1784 1761
f 1784 1785 1761
f 1761 1785 1762
f 1785 1786 1762
f 1762 1786 1763
f 1786 1787 1763
f 1763 1787 1764
f 1787 1788 1764
f 1764 1788 1765
f 1788 1789 1765
f 1765 1789 1766
f 1789 1790 1766
f 1766 1790 1791
f 1766 1791 1767
f 1767 1791 1792
f 1767 1792 1768
f 1768 1792 1793
f 1768 1793 1769
f 1769 1793 1794
f 1769 1794 1770
f 1770 1794 1795
f 1770 1795 1771
f 1771 1795 1796
f 1771 1796 1772
f 1772 1796 1773
f 1796 1797 1773
f 1773 1797 1774
f 1797 1798 1774
f 1774 1798 1775
f 1798 1799 1775
f 1775 1799 1776
f 1799 1800 1776
f 1776 1800 1777
f 1800 1801 1777
f 1777 1801 1754
f 1801 1778 1754
f 1778 1802 1803
f 1778 1803 1779
f 1779 1803 1804
f 1779 1804 1780
f 1780 1804 1805
f 1780 1805 1781
f 1781 1805 1806
f 1781 1806 1782
f 1782 1806 1807
f 1782 1807 1783
f 1783 1807 1808
f 1783 1808 1784
f 1784 1808 1785
f 1808 1809 1785
f 1785 1809 1786
f 1809 1810 1786
f 1786 1810 1787
f 1810 1811 1787
f 1787 1811 1788
f 1811 1812 1788
f 1788 1812 1789
f 1812 1813 1789
f 1789 1813 1790
f 1813 1814 1790
f 1790 1814 1815
f 1790 1815 1791
f 1791 1815 1816
f 1791 1816 1792
f 1792 1816 1817
f 1792 1817 1793
f 1793 1817 1818
f 1793 1818 1794
f 1794 1818 1819
f 1794 1819 1795
f 1795 1819 1820
f 1795 1820 1796
f 1796 1820 1797
f 1820 1821 1797
f 1797 1821 1798
f 1821 1822 1798
f 1798 1822 1799
f 1822 1823 1799
f 1799 1823 1800
f 1823 1824 1800
f 1800 1824 1801
f 1824 1825 1801
f 1801 1825 1778
f 1825 1802 1778
f 1802 1826 1827
f 1802 1827 1803
f 1803 1827 1828
f 1803 1828 1804
f 1804 1828 1829
f 1804 1829 1805
f 1805 1829 1830
f 1805 1830 1806
f 1806 1830 1831
f 1806 1831 1807
f 1807 1831 1832
f 1807 1832 1808
f 1808 1832 1809
f 1832 1833 1809
f 1809 1833 1810
f 1833 1834 1810
f 1810 1834 1811
f 1834 1835 1811
f 1811 1835 1812
f 1835 1836 1812
f 1812 1836 1813
f 1836 1837 1813
f 1813 1837 1814
f 1837 1838 1814
f 1814 1838 1839
f 1814 1839 1815
f 1815 1839 1840
f 1815 1840 1816
f 1816 1840 1841
f 1816 1841 1817
f 1817 1841 1842
f 1817 1842 1818
f 1818 1842 1843
f 1818 1843 1819
f 1819 1843 1844
f 1819 1844 1820
f 1820 1844 1821
f 1844 1845 1821
f 1821 1845 1822
f 1845 1846 1822
f 1822 1846 1823
f 1846 1847 1823
f 1823 1847 1824
f 1847 1848 1824
f 1824 1848 1825
f 1848 1849 1825
f 1825 1849 1802
f 1849 1826 1802
f 1826 1850 1851
f 1826 1851 1827
f 1827 1851 1852
f 1827 1852 1828
f 1828 1852 1853
f 1828 1853 1829
f 1829 1853 1854
f 1829 1854 1830
f 1830 1854 1855
f 1830 1855 1831
f 1831 1855 1856
f 1831 1856 1832
f 1832 1856 1833
f 1856 1857 1833
f 1833 1857 1834
f 1857 1858 1834
f 1834 1858 1835
f 1858 1859 1835
f 1835 1859 1836
f 1859 1860 1836
f 1836 1860 1837
f 1860 1861 1837
f 1837 1861 1838
f 1861 1862 1838
f 1838 1862 1863
f 1838 1863 1839
f 1839 1863 1864
f 1839 1864 1840
f 1840 1864 1865
f 1840 1865 1841
f 1841 1865 1866
f 1841 1866 1842
f 1842 1866 1867
f 1842 1867 1843
f 1843 1867 1868
f 1843 1868 1844
f 1844 1868 1845
f 1868 1869 1845
f 1845 1869 1846
f 1869 1870 1846
f 1846 1870 1847
f 1870 1871 1847
f 1847 1871 1848
f 1871 1872 1848
f 1848 1872 1849
f 1872 1873 1849
f 1849 1873 1826
f 1873 1850 1826
f 1850 1874 1875
f 1850 1875 1851
f 1851 1875 1876
f 1851 1876 1852
f 1852 1876 1877
f 1852 1877 1853
f 1853 1877 1878
f 1853 1878 1854
f 1854 1878 1879
f 1854 1879 1855
f 1855 1879 1880
f 1855 1880 1856
f 1856 1880 1857
f 1880 1881 1857
f 1857 1881 1858
f 1881 1882 1858
f 1858 1882 1859
f 1882 1883 1859
f 1859 1883 1860
f 1883 1884 1860
f 1860 1884 1861
f 1884 1885 1861
f 1861 1885 1862
f 1885 1886 1862
f 1862 1886 1887
f 1862 1887 1863
f 1863 1887 1888
f 1863 1888 1864
f 1864 1888 1889
f 1864 1889 1865
f 1865 1889 1890
f 1865 1890 1866
f 1866 1890 1891
f 1866 1891 1867
f 1867 1891 1892
f 1867 1892 1868
f 1868 1892 1869
f 1892 1893 1869
f 1869 1893 1870
f 1893 1894 1870
f 1870 1894 1871
f 1894 1895 1871
f 1871 1895 1872
f 1895 1896 1872
f 1872 1896 1873
f 1896 1897 1873
f 1873 1897 1850
f 1897 1874 1850
f 1874 1898 1899
f 1874 1899 1875
f 1875 1899 1900
f 1875 1900 1876
f 1876 1900 1901
f 1876 1901 1877
f 1877 1901 1902
f 1877 1902 1878
f 1878 1902 1903
f 1878 1903 1879
f 1879 1903 1904
f 1879 1904 1880
f 1880 1904 1881
f 1904 1905 1881
f 1881 1905 1882
f 1905 1906 1882
f 1882 1906 1883
f 1906 1907 1883
f 1883 1907 1884
f 1907 1908 1884
f 1884 1908 1885
f 1908 1909 1885
f 1885 1909 1886
f 1909 1910 1886
f 1886 1910 1911
f 1886 1911 1887
f 1887 1911 1912
f 1887 1912 1888
f 1888 1912 1913
f 1888 1913 1889
f 1889 1913 1914
f 1889 1914 1890
f 1890 1914 1915
f 1890 1915 1891
f 1891 1915 1916
f 1891 1916 1892
f 1892 1916 1893
f 1916 1917 1893
f 1893 1917 1894
f 1917 1918 1894
f 1894 1918 1895
f 1918 1919 1895
f 1895 1919 1896
f 1919 1920 1896
f 1896 1920 1897
f 1920 1921 1897
f 1897 1921 1874
f 1921 1898 1874
f 1898 1922 1923
f 1898 1923 1899
f 1899 1923 1924
f 1899 1924 1900
f 1900 1924 1925
f 1900 1925 1901
f 1901 1925 1926
f 1901 1926 1902
f 1902 1926 1927
f 1902 1927 1903
f 1903 1927 1928
f 1903 1928 1904
f 1904 1928 1905
f 1928 1929 1905
f 1905 1929 1906
f 1929 1930 1906
f 1906 1930 1907
f 1930 1931 1907
f 1907 1931 1908
f 1931 1932 1908
f 1908 1932 1909
f 1932 1933 1909
f 1909 1933 1910
f 1933 1934 1910
f 1910 1934 1935
f 1910 1935 1911
f 1911 1935 1936
f 1911 1936 1912
f 1912 1936 1937
f 1912 1937 1913
f 1913 1937 1938
f 1913 1938 1914
f 1914 1938 1939
f 1914 1939 1915
f 1915 1939 1940
f 1915 1940 1916
f 1916 1940 1917
f 1940 1941 1917
f 1917 1941 1918
f 1941 1942 1918
f 1918 1942 1919
f 1942 1943 1919
f 1919 1943 1920
f 1943 1944 1920
f 1920 1944 1921
f 1944 1945 1921
f 1921 1945 1898
f 1945 1922 1898
f 1922 1946 1947
f 1922 1947 1923
f 1923 1947 1948
f 1923 1948 1924
f 1924 1948 1949
f 1924 1949 1925
f 1925 1949 1950
f 1925 1950 1926
f 1926 1950 1951
f 1926 1951 1927
f 1927 1951 1952
f 1927 1952 1928
f 1928 1952 1929
f 1952 1953 1929
f 1929 1953 1930
f 1953 1954 1930
f 1930 1954 1931
f 1954 1955 1931
f 1931 1955 1932
f 1955 1956 1932
f 1932 1956 1933
f 1956 1957 1933
f 1933 1957 1934
f 1957 1958 1934
f 1934 1958 1959
f 1934 1959 1935
f 1935 1959 1960
f 1935 1960 1936
f 1936 1960 1961
f 1936 1961 1937
f 1937 1961 1962
f 1937 1962 1938
f 1938 1962 1963
f 1938 1963 1939
f 1939 1963 1964
f 1939 1964 1940
f 1940 1964 1941
f 1964 1965 1941
f 1941 1965 1942
f 1965 1966 1942
f 1942 1966 1943
f 1966 1967 1943
f 1943 1967 1944
f 1967 1968 1944
f 1944 1968 1945
f 1968 1969 1945
f 1945 1969 1922
f 1969 1946 1922
f 1946 1970 1971
f 1946 1971 1947
f 1947 1971 1972
f 1947 1972 1948
f 1948 1972 1973
f 1948 1973 1949
f 1949 1973 1974
f 1949 1974 1950
f 1950 1974 1975
f 1950 1975 1951
f 1951 1975 1976
f 1951 1976 1952
f 1952 1976 1953
f 1976 1977 1953
f 1953 1977 1954
f 1977 1978 1954
f 1954 1978 1955
f 1978 1979 1955
f 1955 1979 1956
f 1979 1980 1956
f 1956 1980 1957
f 1980 1981 1957
f 1957 1981 1958
f 1981 1982 1958
f 1958 1982 1983
f 1958 1983 1959
f 1959 1983 1984
f 1959 1984 1960
f 1960 1984 1985
f 1960 1985 1961
f 1961 1985 1986
f 1961 1986 1962
f 1962 1986 1987
f 1962 1987 1963
f 1963 1987 1988
f 1963 1988 1964
f 1964 1988 1965
f 1988 1989 1965
f 1965 1989 1966
f 1989 1990 1966
f 1966 1990 1967
f 1990 1991 1967
f 1967 1991 1968
f 1991 1992 1968
f 1968 1992 1969
f 1992 1993 1969
f 1969 1993 1946
f 1993 1970 1946
f 1970 1994 1995
f 1970 1995 1971
f 1971 1995 1996
f 1971 1996 1972
f 1972 1996 1997
f 1972 1997 1973
f 1973 1997 1998
f 1973 1998 1974
f 1974 1998 1999
f 1974 1999 1975
f 1975 1999 2000
f 1975 2000 1976
f 1976 2000 1977
f 2000 2001 1977
f 1977 2001 1978
f 2001 2002 1978
f 1978 2002 1979
f 2002 2003 1979
f 1979 2003 1980
f 2003 2004 1980
f 1980 2004 1981
f 2004 2005 1981
f 1981 2005 1982
f 2005 2006 1982
f 1982 2006 2007
f 1982 2007 1983
f 1983 2007 2008
f 1983 2008 1984
f 1984 2008 2009
f 1984 2009 1985
f 1985 2009 2010
f 1985 2010 1986
f 1986 2010 2011
f 1986 2011 1987
f 1987 2011 2012
f 1987 2012 1988
f 1988 2012 1989
f 2012 2013 1989
f 1989 2013 1990
f 2013 2014 1990
f 1990 2014 1991
f 2014 2015 1991
f 1991 2015 1992
f 2015 2016 1992
f 1992 2016 1993
f 2016 2017 1993
f 1993 2017 1970
f 2017 1994 1970
f 1994 2018 1995
f 1995 2018 1996
f 1996 2018 1997
f 1997 2018 1998
f 1998 2018 1999
f 1999 2018 2000
f 2000 2018 2001
f 2001 2018 2002
f 2002 2018 2003
f 2003 2018 2004
f 2004 2018 2005
f 2005 2018 2006
f 2006 2018 2007
f 2007 2018 2008
f 2008 2018 2009
f 2009 2018 2010
f 2010 2018 2011
f 2011 2018 2012
f 2012 2018 2013
f 2013 2018 2014
f 2014 2018 2015
f 2015 2018 2016
f 2016 2018 2017
f 2017 2018 1994
f 2019 2020 2021
f 2020 2022 2021
f 2022 2023 2021
f 2023 2024 2021
f 2024 2025 2021
f 2025 2026 2021
f 2026 2027 2021
f 2027 2028 2021
f 2021 2028 2029
f 2021 2029 2030
f 2021 2030 2031
f 2021 2031 2032
f 2021 2032 2033
f 2021 2033 2034
f 2021 2034 2035
f 2021 2035 2036
f 2036 2037 2021
f 2037 2038 2021
f 2038 2039 2021
f 2039 2040 2021
f 2040 2041 2021
f 2041 2042 2021
f 2042 2043 2021
f 2043 2044 2021
f 2021 2044 2045
f 2021 2045 2046
f 2021 2046 2047
f 2021 2047 2048
f 2021 2048 2049
f 2021 2049 2050
f 2021 2050 2051
f 2021 2051 2019
f 2019 2052 2020
f 2052 2053 2020
f 2020 2053 2022
f 2053 2054 2022
f 2022 2054 2023
f 2054 2055 2023
f 2023 2055 2024
f 2055 2056 2024
f 2024 2056 2025
f 2056 2057 2025
f 2025 2057 2026
f 2057 2058 2026
f 2026 2058 2027
f 2058 2059 2027
f 2027 2059 2028
f 2059 2060 2028
f 2028 2060 2061
f 2028 2061 2029
f 2029 2061 2062
f 2029 2062 2030
f 2030 2062 2063
f 2030 2063 2031
f 2031 2063 2064
f 2031 2064 2032
f 2032 2064 2065
f 2032 2065 2033
f 2033 2065 2066
f 2033 2066 2034
f 2034 2066 2067
f 2034 2067 2035
f 2035 2067 2068
f 2035 2068 2036
f 2036 2068 2037
f 2068 2069 2037
f 2037 2069 2038
f 2069 2070 2038
f 2038 2070 2039
f 2070 2071 2039
f 2039 2071 2040
f 2071 2072 2040
f 2040 2072 2041
f 2072 2073 2041
f 2041 2073 2042
f 2073 2074 2042
f 2042 2074 2043
f 2074 2075 2043
f 2043 2075 2044
f 2075 2076 2044
f 2044 2076 2077
f 2044 2077 2045
f 2045 2077 2078
f 2045 2078 2046
f 2046 2078 2079
f 2046 2079 2047
f 2047 2079 2080
f 2047 2080 2048
f 2048 2080 2081
f 2048 2081 2049
f 2049 2081 2082
f 2049 2082 2050
f 2050 2082 2083
f 2050 2083 2051
f 2051 2083 2052
f 2051 2052 2019
f 2052 2084 2053
f 2084 2085 2053
f 2053 2085 2054
f 2085 2086 2054
f 2054 2086 2055
f 2086 2087 2055
f 2055 2087 2056
f 2087 2088 2056
f 2056 2088 2057
f 2088 2089 2057
f 2057 2089 2058
f 2089 2090 2058
f 2058 2090 2059
f 2090 2091 2059
f 2059 2091 2060
f 2091 2092 2060
f 2060 2092 2093
f 2060 2093 2061
f 2061 2093 2094
f 2061 2094 2062
f 2062 2094 2095
f 2062 2095 2063
f 2063 2095 2096
f 2063 2096 2064
f 2064 2096 2097
f 2064 2097 2065
f 2065 2097 2098
f 2065 2098 2066
f 2066 2098 2099
f 2066 2099 2067
f 2067 2099 2100
f 2067 2100 2068
f 2068 2100 2069
f 2100 2101 2069
f 2069 2101 2070
f 2101 2102 2070
f 2070 2102 2071
f 2102 2103 2071
f 2071 2103 2072
f 2103 2104 2072
f 2072 2104 2073
f 2104 2105 2073
f 2073 2105 2074
f 2105 2106 2074
f 2074 2106 2075
f 2106 2107 2075
f 2075 2107 2076
f 2107 2108 2076
f 2076 2108 2109
f 2076 2109 2077
f 2077 2109 2110
f 2077 2110 2078
f 2078 2110 2111
f 2078 2111 2079
f 2079 2111 2112
f 2079 2112 2080
f 2080 2112 2113
f 2080 2113 2081
f 2081 2113 2114
f 2081 2114 2082
f 2082 2114 2115
f 2082 2115 2083
f 2083 2115 2084
f 2083 2084 2052
f 2084 2116 2085
f 2116 2117 2085
f 2085 2117 2086
f 2117 2118 2086
f 2086 2118 2087
f 2118 2119 2087
f 2087 2119 2088
f 2119 2120 2088
f 2088 2120 2089
f 2120 2121 2089
f 2089 2121 2090
f 2121 2122 2090
f 2090 2122 2091
f 2122 2123 2091
f 2091 2123 2092
f 2123 2124 2092
f 2092 2124 2125
f 2092 2125 2093
f 2093 2125 2126
f 2093 2126 2094
f 2094 2126 2127
f 2094 2127 2095
f 2095 2127 2128
f 2095 2128 2096
f 2096 2128 2129
f 2096 2129 2097
f 2097 2129 2130
f 2097 2130 2098
f 2098 2130 2131
f 2098 2131 2099
f 2099 2131 2132
f 2099 2132 2100
f 2100 2132 2101
f 2132 2133 2101
f 2101 2133 2102
f 2133 2134 2102
f 2102 2134 2103
f 2134 2135 2103
f 2103 2135 2104
f 2135 2136 2104
f 2104 2136 2105
f 2136 2137 2105
f 2105 2137 2106
f 2137 2138 2106
f 2106 2138 2107
f 2138 2139 2107
f 2107 2139 2108
f 2139 2140 2108
f 2108 2140 2141
f 2108 2141 2109
f 2109 2141 2142
f 2109 2142 2110
f 2110 2142 2143
f 2110 2143 2111
f 2111 2143 2144
f 2111 2144 2112
f 2112 2144 2145
f 2112 2145 2113
f 2113 2145 2146
f 2113 2146 2114
f 2114 2146 2147
f 2114 2147 2115
f 2115 2147 2116
f 2115 2116 2084
f 2116 2148 2117
f 2148 2149 2117
f 2117 2149 2118
f 2149 2150 2118
f 2118 2150 2119
f 2150 2151 2119
f 2119 2151 2120
f 2151 2152 2120
f 2120 2152 2121
f 2152 2153 2121
f 2121 2153 2122
f 2153 2154 2122
f 2122 2154 2123
f 2154 2155 2123
f 2123 2155 2124
f 2155 2156 2124
f 2124 2156 2157
f 2124 2157 2125
f 2125 2157 2158
f 2125 2158 2126
f 2126 2158 2159
f 2126 2159 2127
f 2127 2159 2160
f 2127 2160 2128
f 2128 2160 2161
f 2128 2161 2129
f 2129 2161 2162
f 2129 2162 2130
f 2130 2162 2163
f 2130 2163 2131
f 2131 2163 2164
f 2131 2164 2132
f 2132 2164 2133
f 2164 2165 2133
f 2133 2165 2134
f 2165 2166 2134
f 2134 2166 2135
f 2166 2167 2135
f 2135 2167 2136
f 2167 2168 2136
f 2136 2168 2137
f 2168 2169 2137
f 2137 2169 2138
f 2169 2170 2138
f 2138 2170 2139
f 2170 2171 2139
f 2139 2171 2140
f 2171 2172 2140
f 2140 2172 2173
f 2140 2173 2141
f 2141 2173 2174
f 2141 2174 2142
f 2142 2174 2175
f 2142 2175 2143
f 2143 2175 2176
f 2143 2176 2144
f 2144 2176 2177
f 2144 2177 2145
f 2145 2177 2178
f 2145 2178 2146
f 2146 2178 2179
f 2146 2179 2147
f 2147 2179 2148
f 2147 2148 2116
f 2148 2180 2149
f 2180 2181 2149
f 2149 2181 2150
f 2181 2182 2150
f 2150 2182 2151
f 2182 2183 2151
f 2151 2183 2152
f 2183 2184 2152
f 2152 2184 2153
f 2184 2185 2153
f 2153 2185 2154
f 2185 2186 2154
f 2154 2186 2155
f 2186 2187 2155
f 2155 2187 2156
f 2187 2188 2156
f 2156 2188 2189
f 2156 2189 2157
f 2157 2189 2190
f 2157 2190 2158
f 2158 2190 2191
f 2158 2191 2159
f 2159 2191 2192
f 2159 2192 2160
f 2160 2192 2193
f 2160 2193 2161
f 2161 2193 2194
f 2161 2194 2162
f 2162 2194 2195
f 2162 2195 2163
f 2163 2195 2196
f 2163 2196 2164
f 2164 2196 2165
f 2196 2197 2165
f 2165 2197 2166
f 2197 2198 2166
f 2166 2198 2167
f 2198 2199 2167
f 2167 2199 2168
f 2199 2200 2168
f 2168 2200 2169
f 2200 2201 2169
f 2169 2201 2170
f 2201 2202 2170
f 2170 2202 2171
f 2202 2203 2171
f 2171 2203 2172
f 2203 2204 2172
f 2172 2204 2205
f 2172 2205 2173
f 2173 2205 2206
f 2173 2206 2174
f 2174 2206 2207
f 2174 2207 2175
f 2175 2207 2208
f 2175 2208 2176
f 2176 2208 2209
f 2176 2209 2177
f 2177 2209 2210
f 2177 2210 2178
f 2178 2210 2211
f 2178 2211 2179
f 2179 2211 2180
f 2179 2180 2148
f 2180 2212 2181
f 2212 2213 2181
f 2181 2213 2182
f 2213 2214 2182
f 2182 2214 2183
f 2214 2215 2183
f 2183 2215 2184
f 2215 2216 2184
f 2184 2216 2185
f 2216 2217 2185
f 2185 2217 2186
f 2217 2218 2186
f 2186 2218 2187
f 2218 2219 2187
f 2187 2219 2188
f 2219 2220 2188
f 2188 2220 2221
f 2188 2221 2189
f 2189 2221 2222
f 2189 2222 2190
f 2190 2222 2223
f 2190 2223 2191
f 2191 2223 2224
f 2191 2224 2192
f 2192 2224 2225
f 2192 2225 2193
f 2193 2225 2226
f 2193 2226 2194
f 2194 2226 2227
f 2194 2227 2195
f 2195 2227 2228
f 2195 2228 2196
f 2196 2228 2197
f 2228 2229 2197
f 2197 2229 2198
f 2229 2230 2198
f 2198 2230 2199
f 2230 2231 2199
f 2199 2231 2200
f 2231 2232 2200
f 2200 2232 2201
f 2232 2233 2201
f 2201 2233 2202
f 2233 2234 2202
f 2202 2234 2203
f 2234 2235 2203
f 2203 2235 2204
f 2235 2236 2204
f 2204 2236 2237
f 2204 2237 2205
f 2205 2237 2238
f 2205 2238 2206
f 2206 2238 2239
f 2206 2239 2207
f 2207 2239 2240
f 2207 2240 2208
f 2208 2240 2241
f 2208 2241 2209
f 2209 2241 2242
f 2209 2242 2210
f 2210 2242 2243
f 2210 2243 2211
f 2211 2243 2212
f 2211 2212 2180
f 2212 2244 2213
f 2244 2245 2213
f 2213 2245 2214
f 2245 2246 2214
f 2214 2246 2215
f 2246 2247 2215
f 2215 2247 2216
f 2247 2248 2216
f 2216 2248 2217
f 2248 2249 2217
f 2217 2249 2218
f 2249 2250 2218
f 2218 2250 2219
f 2250 2251 2219
f 2219 2251 2220
f 2251 2252 2220
f 2220 2252 2253
f 2220 2253 2221
f 2221 2253 2254
f 2221 2254 2222
f 2222 2254 2255
f 2222 2255 2223
f 2223 2255 2256
f 2223 2256 2224
f 2224 2256 2257
f 2224 2257 2225
f 2225 2257 2258
f 2225 2258 2226
f 2226 2258 2259
f 2226 2259 2227
f 2227 2259 2260
f 2227 2260 2228
f 2228 2260 2229
f 2260 2261 2229
f 2229 2261 2230
f 2261 2262 2230
f 2230 2262 2231
f 2262 2263 2231
f 2231 2263 2232
f 2263 2264 2232
f 2232 2264 2233
f 2264 2265 2233
f 2233 2265 2234
f 2265 2266 2234
f 2234 2266 2235
f 2266 2267 2235
f 2235 2267 2236
f 2267 2268 2236
f 2236 2268 2269
f 2236 2269 2237
f 2237 2269 2270
f 2237 2270 2238
f 2238 2270 2271
f 2238 2271 2239
f 2239 2271 2272
f 2239 2272 2240
f 2240 2272 2273
f 2240 2273 2241
f 2241 2273 2274
f 2241 2274 2242
f 2242 2274 2275
f 2242 2275 2243
f 2243 2275 2244
f 2243 2244 2212
f 2244 2276 2245
f 2276 2277 2245
f 2245 2277 2246
f 2277 2278 2246
f 2246 2278 2247
f 2278 2279 2247
f 2247 2279 2248
f 2279 2280 2248
f 2248 2280 2249
f 2280 2281 2249
f 2249 2281 2250
f 2281 2282 2250
f 2250 2282 2251
f 2282 2283 2251
f 2251 2283 2252
f 2283 2284 2252
f 2252 2284 2285
f 2252 2285 2253
f 2253 2285 2286
f 2253 2286 2254
f 2254 2286 2287
f 2254 2287 2255
f 2255 2287 2288
f 2255 2288 2256
f 2256 2288 2289
f 2256 2289 2257
f 2257 2289 2290
f 2257 2290 2258
f 2258 2290 2291
f 2258 2291 2259
f 2259 2291 2292
f 2259 2292 2260
f 2260 2292 2261
f 2292 2293 2261
f 2261 2293 2262
f 2293 2294 2262
f 2262 2294 2263
f 2294 2295 2263
f 2263 2295 2264
f 2295 2296 2264
f 2264 2296 2265
f 2296 2297 2265
f 2265 2297 2266
f 2297 2298 2266
f 2266 2298 2267
f 2298 2299 2267
f 2267 2299 2268
f 2299 2300 2268
f 2268 2300 2301
f 2268 2301 2269
f 2269 2301 2302
f 2269 2302 2270
f 2270 2302 2303
f 2270 2303 2271
f 2271 2303 2304
f 2271 2304 2272
f 2272 2304 2305
f 2272 2305 2273
f 2273 2305 2306
f 2273 2306 2274
f 2274 2306 2307
f 2274 2307 2275
f 2275 2307 2276
f 2275 2276 2244
f 2276 2308 2277
f 2308 2309 2277
f 2277 2309 2278
f 2309 2310 2278
f 2278 2310 2279
f 2310 2311 2279
f 2279 2311 2280
f 2311 2312 2280
f 2280 2312 2281
f 2312 2313 2281
f 2281 2313 2282
f 2313 2314 2282
f 2282 2314 2283
f 2314 2315 2283
f 2283 2315 2284
f 2315 2316 2284
f 2284 2316 2317
f 2284 2317 2285
f 2285 2317 2318
f 2285 2318 2286
f 2286 2318 2319
f 2286 2319 2287
f 2287 2319 2320
f 2287 2320 2288
f 2288 2320 2321
f 2288 2321 2289
f 2289 2321 2322
f 2289 2322 2290
f 2290 2322 2323
f 2290 2323 2291
f 2291 2323 2324
f 2291 2324 2292
f 2292 2324 2293
f 2324 2325 2293
f 2293 2325 2294
f 2325 2326 2294
f 2294 2326 2295
f 2326 2327 2295
f 2295 2327 2296
f 2327 2328 2296
f 2296 2328 2297
f 2328 2329 2297
f 2297 2329 2298
f 2329 2330 2298
f 2298 2330 2299
f 2330 2331 2299
f 2299 2331 2300
f 2331 2332 2300
f 2300 2332 2333
f 2300 2333 2301
f 2301 2333 2334
f 2301 2334 2302
f 2302 2334 2335
f 2302 2335 2303
f 2303 2335 2336
f 2303 2336 2304
f 2304 2336 2337
f 2304 2337 2305
f 2305 2337 2338
f 2305 2338 2306
f 2306 2338 2339
f 2306 2339 2307
f 2307 2339 2308
f 2307 2308 2276
f 2308 2340 2309
f 2340 2341 2309
f 2309 2341 2310
f 2341 2342 2310
f 2310 2342 2311
f 2342 2343 2311
f 2311 2343 2312
f 2343 2344 2312
f 2312 2344 2313
f 2344 2345 2313
f 2313 2345 2314
f 2345 2346 2314
f 2314 2346 2315
f 2346 2347 2315
f 2315 2347 2316
f 2347 2348 2316
f 2316 2348 2349
f 2316 2349 2317
f 2317 2349 2350
f 2317 2350 2318
f 2318 2350 2351
f 2318 2351 2319
f 2319 2351 2352
f 2319 2352 2320
f 2320 2352 2353
f 2320 2353 2321
f 2321 2353 2354
f 2321 2354 2322
f 2322 2354 2355
f 2322 2355 2323
f 2323 2355 2356
f 2323 2356 2324
f 2324 2356 2325
f 2356 2357 2325
f 2325 2357 2326
f 2357 2358 2326
f 2326 2358 2327
f 2358 2359 2327
f 2327 2359 2328
f 2359 2360 2328
f 2328 2360 2329
f 2360 2361 2329
f 2329 2361 2330
f 2361 2362 2330
f 2330 2362 2331
f 2362 2363 2331
f 2331 2363 2332
f 2363 2364 2332
f 2332 2364 2365
f 2332 2365 2333
f 2333 2365 2366
f 2333 2366 2334
f 2334 2366 2367
f 2334 2367 2335
f 2335 2367 2368
f 2335 2368 2336
f 2336 2368 2369
f 2336 2369 2337
f 2337 2369 2370
f 2337 2370 2338
f 2338 2370 2371
f 2338 2371 2339
f 2339 2371 2340
f 2339 2340 2308
f 2340 2372 2341
f 2372 2373 2341
f 2341 2373 2342
f 2373 2374 2342
f 2342 2374 2343
f 2374 2375 2343
f 2343 2375 2344
f 2375 2376 2344
f 2344 2376 2345
f 2376 2377 2345
f 2345 2377 2346
f 2377 2378 2346
f 2346 2378 2347
f 2378 2379 2347
f 2347 2379 2348
f 2379 2380 2348
f 2348 2380 2381
f 2348 2381 2349
f 2349 2381 2382
f 2349 2382 2350
f 2350 2382 2383
f 2350 2383 2351
f 2351 2383 2384
f 2351 2384 2352
f 2352 2384 2385
f 2352 2385 2353
f 2353 2385 2386
f 2353 2386 2354
f 2354 2386 2387
f 2354 2387 2355
f 2355 2387 2388
f 2355 2388 2356
f 2356 2388 2357
f 2388 2389 2357
f 2357 2389 2358
f 2389 2390 2358
f 2358 2390 2359
f 2390 2391 2359
f 2359 2391 2360
f 2391 2392 2360
f 2360 2392 2361
f 2392 2393 2361
f 2361 2393 2362
f 2393 2394 2362
f 2362 2394 2363
f 2394 2395 2363
f 2363 2395 2364
f 2395 2396 2364
f 2364 2396 2397
f 2364 2397 2365
f 2365 2397 2398
f 2365 2398 2366
f 2366 2398 2399
f 2366 2399 2367
f 2367 2399 2400
f 2367 2400 2368
f 2368 2400 2401
f 2368 2401 2369
f 2369 2401 2402
f 2369 2402 2370
f 2370 2402 2403
f 2370 2403 2371
f 2371 2403 2372
f 2371 2372 2340
f 2372 2404 2373
f 2404 2405 2373
f 2373 2405 2374
f 2405 2406 2374
f 2374 2406 2375
f 2406 2407 2375
f 2375 2407 2376
f 2407 2408 2376
f 2376 2408 2377
f 2408 2409 2377
f 2377 2409 2378
f 2409 2410 2378
f 2378 2410 2379
f 2410 2411 2379
f 2379 2411 2380
f 2411 2412 2380
f 2380 2412 2413
f 2380 2413 2381
f 2381 2413 2414
f 2381 2414 2382
f 2382 2414 2415
f 2382 2415 2383
f 2383 2415 2416
f 2383 2416 2384
f 2384 2416 2417
f 2384 2417 2385
f 2385 2417 2418
f 2385 2418 2386
f 2386 2418 2419
f 2386 2419 2387
f 2387 2419 2420
f 2387 2420 2388
f 2388 2420 2389
f 2420 2421 2389
f 2389 2421 2390
f 2421 2422 2390
f 2390 2422 2391
f 2422 2423 2391
f 2391 2423 2392
f 2423 2424 2392
f 2392 2424 2393
f 2424 2425 2393
f 2393 2425 2394
f 2425 2426 2394
f 2394 2426 2395
f 2426 2427 2395
f 2395 2427 2396
f 2427 2428 2396
f 2396 2428 2429
f 2396 2429 2397
f 2397 2429 2430
f 2397 2430 2398
f 2398 2430 2431
f 2398 2431 2399
f 2399 2431 2432
f 2399 2432 2400
f 2400 2432 2433
f 2400 2433 2401
f 2401 2433 2434
f 2401 2434 2402
f 2402 2434 2435
f 2402 2435 2403
f 2403 2435 2404
f 2403 2404 2372
f 2404 2436 2405
f 2436 2437 2405
f 2405 2437 2406
f 2437 2438 2406
f 2406 2438 2407
f 2438 2439 2407
f 2407 2439 2408
f 2439 2440 2408
f 2408 2440 2409
f 2440 2441 2409
f 2409 2441 2410
f 2441 2442 2410
f 2410 2442 2411
f 2442 2443 2411
f 2411 2443 2412
f 2443 2444 2412
f 2412 2444 2445
f 2412 2445 2413
f 2413 2445 2446
f 2413 2446 2414
f 2414 2446 2447
f 2414 2447 2415
f 2415 2447 2448
f 2415 2448 2416
f 2416 2448 2449
f 2416 2449 2417
f 2417 2449 2450
f 2417 2450 2418
f 2418 2450 2451
f 2418 2451 2419
f 2419 2451 2452
f 2419 2452 2420
f 2420 2452 2421
f 2452 2453 2421
f 2421 2453 2422
f 2453 2454 2422
f 2422 2454 2423
f 2454 2455 2423
f 2423 2455 2424
f 2455 2456 2424
f 2424 2456 2425
f 2456 2457 2425
f 2425 2457 2426
f 2457 2458 2426
f 2426 2458 2427
f 2458 2459 2427
f 2427 2459 2428
f 2459 2460 2428
f 2428 2460 2461
f 2428 2461 2429
f 2429 2461 2462
f 2429 2462 2430
f 2430 2462 2463
f 2430 2463 2431
f 2431 2463 2464
f 2431 2464 2432
f 2432 2464 2465
f 2432 2465 2433
f 2433 2465 2466
f 2433 2466 2434
f 2434 2466 2467
f 2434 2467 2435
f 2435 2467 2436
f 2435 2436 2404
f 2436 2468 2437
f 2468 2469 2437
f 2437 2469 2438
f 2469 2470 2438
f 2438 2470 2439
f 2470 2471 2439
f 2439 2471 2440
f 2471 2472 2440
f 2440 2472 2441
f 2472 2473 2441
f 2441 2473 2442
f 2473 2474 2442
f 2442 2474 2443
f 2474 2475 2443
f 2443 2475 2444
f 2475 2476 2444
f 2444 2476 2477
f 2444 2477 2445
f 2445 2477 2478
f 2445 2478 2446
f 2446 2478 2479
f 2446 2479 2447
f 2447 2479 2480
f 2447 2480 2448
f 2448 2480 2481
f 2448 2481 2449
f 2449 2481 2482
f 2449 2482 2450
f 2450 2482 2483
f 2450 2483 2451
f 2451 2483 2484
f 2451 2484 2452
f 2452 2484 2453
f 2484 2485 2453
f 2453 2485 2454
f 2485 2486 2454
f 2454 2486 2455
f 2486 2487 2455
f 2455 2487 2456
f 2487 2488 2456
f 2456 2488 2457
f 2488 2489 2457
f 2457 2489 2458
f 2489 2490 2458
f 2458 2490 2459
f 2490 2491 2459
f 2459 2491 2460
f 2491 2492 2460
f 2460 2492 2493
f 2460 2493 2461
f 2461 2493 2494
f 2461 2494 2462
f 2462 2494 2495
f 2462 2495 2463
f 2463 2495 2496
f 2463 2496 2464
f 2464 2496 2497
f 2464 2497 2465
f 2465 2497 2498
f 2465 2498 2466
f 2466 2498 2499
f 2466 2499 2467
f 2467 2499 2468
f 2467 2468 2436
f 2468 2500 2469
f 2500 2501 2469
f 2469 2501 2470
f 2501 2502 2470
f 2470 2502 2471
f 2502 2503 2471
f 2471 2503 2472
f 2503 2504 2472
f 2472 2504 2473
f 2504 2505 2473
f 2473 2505 2474
f 2505 2506 2474
f 2474 2506 2475
f 2506 2507 2475
f 2475 2507 2476
f 2507 2508 2476
f 2476 2508 2509
f 2476 2509 2477
f 2477 2509 2510
f 2477 2510 2478
f 2478 2510 2511
f 2478 2511 2479
f 2479 2511 2512
f 2479 2512 2480
f 2480 2512 2513
f 2480 2513 2481
f 2481 2513 2514
f 2481 2514 2482
f 2482 2514 2515
f 2482 2515 2483
f 2483 2515 2516
f 2483 2516 2484
f 2484 2516 2485
f 2516 2517 2485
f 2485 2517 2486
f 2517 2518 2486
f 2486 2518 2487
f 2518 2519 2487
f 2487 2519 2488
f 2519 2520 2488
f 2488 2520 2489
f 2520 2521 2489
f 2489 2521 2490
f 2521 2522 2490
f 2490 2522 2491
f 2522 2523 2491
f 2491 2523 2492
f 2523 2524 2492
f 2492 2524 2525
f 2492 2525 2493
f 2493 2525 2526
f 2493 2526 2494
f 2494 2526 2527
f 2494 2527 2495
f 2495 2527 2528
f 2495 2528 2496
f 2496 2528 2529
f 2496 2529 2497
f 2497 2529 2530
f 2497 2530 2498
f 2498 2530 2531
f 2498 2531 2499
f 2499 2531 2500
f 2499 2500 2468
f 2500 2532 2501
f 2532 2533 2501
f 2501 2533 2502
f 2533 2534 2502
f 2502 2534 2503
f 2534 2535 2503
f 2503 2535 2504
f 2535 2536 2504
f 2504 2536 2505
f 2536 2537 2505
f 2505 2537 2506
f 2537 2538 2506
f 2506 2538 2507
f 2538 2539 2507
f 2507 2539 2508
f 2539 2540 2508
f 2508 2540 2541
f 2508 2541 2509
f 2509 2541 2542
f 2509 2542 2510
f 2510 2542 2543
f 2510 2543 2511
f 2511 2543 2544
f 2511 2544 2512
f 2512 2544 2545
f 2512 2545 2513
f 2513 2545 2546
f 2513 2546 2514
f 2514 2546 2547
f 2514 2547 2515
f 2515 2547 2548
f 2515 2548 2516
f 2516 2548 2517
f 2548 2549 2517
f 2517 2549 2518
f 2549 2550 2518
f 2518 2550 2519
f 2550 2551 2519
f 2519 2551 2520
f 2551 2552 2520
f 2520 2552 2521
f 2552 2553 2521
f 2521 2553 2522
f 2553 2554 2522
f 2522 2554 2523
f 2554 2555 2523
f 2523 2555 2524
f 2555 2556 2524
f 2524 2556 2557
f 2524 2557 2525
f 2525 2557 2558
f 2525 2558 2526
f 2526 2558 2559
f 2526 2559 2527
f 2527 2559 2560
f 2527 2560 2528
f 2528 2560 2561
f 2528 2561 2529
f 2529 2561 2562
f 2529 2562 2530
f 2530 2562 2563
f 2530 2563 2531
f 2531 2563 2532
f 2531 2532 2500
f 2532 2564 2533
f 2564 2565 2533
f 2533 2565 2534
f 2565 2566 2534
f 2534 2566 2535
f 2566 2567 2535
f 2535 2567 2536
f 2567 2568 2536
f 2536 2568 2537
f 2568 2569 2537
f 2537 2569 2538
f 2569 2570 2538
f 2538 2570 2539
f 2570 2571 2539
f 2539 2571 2540
f 2571 2572 2540
f 2540 2572 2573
f 2540 2573 2541
f 2541 2573 2574
f 2541 2574 2542
f 2542 2574 2575
f 2542 2575 2543
f 2543 2575 2576
f 2543 2576 2544
f 2544 2576 2577
f 2544 2577 2545
f 2545 2577 2578
f 2545 2578 2546
f 2546 2578 2579
f 2546 2579 2547
f 2547 2579 2580
f 2547 2580 2548
f 2548 2580 2549
f 2580 2581 2549
f 2549 2581 2550
f 2581 2582 2550
f 2550 2582 2551
f 2582 2583 2551
f 2551 2583 2552
f 2583 2584 2552
f 2552 2584 2553
f 2584 2585 2553
f 2553 2585 2554
f 2585 2586 2554
f 2554 2586 2555
f 2586 2587 2555
f 2555 2587 2556
f 2587 2588 2556
f 2556 2588 2589
f 2556 2589 2557
f 2557 2589 2590
f 2557 2590 2558
f 2558 2590 2591
f 2558 2591 2559
f 2559 2591 2592
f 2559 2592 2560
f 2560 2592 2593
f 2560 2593 2561
f 2561 2593 2594
f 2561 2594 2562
f 2562 2594 2595
f 2562 2595 2563
f 2563 2595 2564
f 2563 2564 2532
f 2564 2596 2597
f 2564 2597 2565
f 2565 2597 2598
f 2565 2598 2566
f 2566 2598 2599
f 2566 2599 2567
f 2567 2599 2600
f 2567 2600 2568
f 2568 2600 2601
f 2568 2601 2569
f 2569 2601 2602
f 2569 2602 2570
f 2570 2602 2603
f 2570 2603 2571
f 2571 2603 2604
f 2571 2604 2572
f 2572 2604 2573
f 2604 2605 2573
f 2573 2605 2574
f 2605 2606 2574
f 2574 2606 2575
f 2606 2607 2575
f 2575 2607 2576
f 2607 2608 2576
f 2576 2608 2577
f 2608 2609 2577
f 2577 2609 2578
f 2609 2610 2578
f 2578 2610 2579
f 2610 2611 2579
f 2579 2611 2580
f 2611 2612 2580
f 2580 2612 2613
f 2580 2613 2581
f 2581 2613 2614
f 2581 2614 2582
f 2582 2614 2615
f 2582 2615 2583
f 2583 2615 2616
f 2583 2616 2584
f 2584 2616 2617
f 2584 2617 2585
f 2585 2617 2618
f 2585 2618 2586
f 2586 2618 2619
f 2586 2619 2587
f 2587 2619 2620
f 2587 2620 2588
f 2588 2620 2589
f 2620 2621 2589
f 2589 2621 2590
f 2621 2622 2590
f 2590 2622 2591
f 2622 2623 2591
f 2591 2623 2592
f 2623 2624 2592
f 2592 2624 2593
f 2624 2625 2593
f 2593 2625 2594
f 2625 2626 2594
f 2594 2626 2595
f 2626 2627 2595
f 2595 2627 2564
f 2627 2596 2564
f 2596 2628 2629
f 2596 2629 2597
f 2597 2629 2630
f 2597 2630 2598
f 2598 2630 2631
f 2598 2631 2599
f 2599 2631 2632
f 2599 2632 2600
f 2600 2632 2633
f 2600 2633 2601
f 2601 2633 2634
f 2601 2634 2602
f 2602 2634 2635
f 2602 2635 2603
f 2603 2635 2636
f 2603 2636 2604
f 2604 2636 2605
f 2636 2637 2605
f 2605 2637 2606
f 2637 2638 2606
f 2606 2638 2607
f 2638 2639 2607
f 2607 2639 2608
f 2639 2640 2608
f 2608 2640 2609
f 2640 2641 2609
f 2609 2641 2610
f 2641 2642 2610
f 2610 2642 2611
f 2642 2643 2611
f 2611 2643 2612
f 2643 2644 2612
f 2612 2644 2645
f 2612 2645 2613
f 2613 2645 2646
f 2613 2646 2614
f 2614 2646 2647
f 2614 2647 2615
f 2615 2647 2648
f 2615 2648 2616
f 2616 2648 2649
f 2616 2649 2617
f 2617 2649 2650
f 2617 2650 2618
f 2618 2650 2651
f 2618 2651 2619
f 2619 2651 2652
f 2619 2652 2620
f 2620 2652 2621
f 2652 2653 2621
f 2621 2653 2622
f 2653 2654 2622
f 2622 2654 2623
f 2654 2655 2623
f 2623 2655 2624
f 2655 2656 2624
f 2624 2656 2625
f 2656 2657 2625
f 2625 2657 2626
f 2657 2658 2626
f 2626 2658 2627
f 2658 2659 2627
f 2627 2659 2596
f 2659 2628 2596
f 2628 2660 2661
f 2628 2661 2629
f 2629 2661 2662
f 2629 2662 2630
f 2630 2662 2663
f 2630 2663 2631
f 2631 2663 2664
f 2631 2664 2632
f 2632 2664 2665
f 2632 2665 2633
f 2633 2665 2666
f 2633 2666 2634
f 2634 2666 2667
f 2634 2667 2635
f 2635 2667 2668
f 2635 2668 2636
f 2636 2668 2637
f 2668 2669 2637
f 2637 2669 2638
f 2669 2670 2638
f 2638 2670 2639
f 2670 2671 2639
f 2639 2671 2640
f 2671 2672 2640
f 2640 2672 2641
f 2672 2673 2641
f 2641 2673 2642
f 2673 2674 2642
f 2642 2674 2643
f 2674 2675 2643
f 2643 2675 2644
f 2675 2676 2644
f 2644 2676 2677
f 2644 2677 2645
f 2645 2677 2678
f 2645 2678 2646
f 2646 2678 2679
f 2646 2679 2647
f 2647 2679 2680
f 2647 2680 2648
f 2648 2680 2681
f 2648 2681 2649
f 2649 2681 2682
f 2649 2682 2650
f 2650 2682 2683
f 2650 2683 2651
f 2651 2683 2684
f 2651 2684 2652
f 2652 2684 2653
f 2684 2685 2653
f 2653 2685 2654
f 2685 2686 2654
f 2654 2686 2655
f 2686 2687 2655
f 2655 2687 2656
f 2687 2688 2656
f 2656 2688 2657
f 2688 2689 2657
f 2657 2689 2658
f 2689 2690 2658
f 2658 2690 2659
f 2690 2691 2659
f 2659 2691 2628
f 2691 2660 2628
f 2660 2692 2693
f 2660 2693 2661
f 2661 2693 2694
f 2661 2694 2662
f 2662 2694 2695
f 2662 2695 2663
f 2663 2695 2696
f 2663 2696 2664
f 2664 2696 2697
f 2664 2697 2665
f 2665 2697 2698
f 2665 2698 2666
f 2666 2698 2699
f 2666 2699 2667
f 2667 2699 2700
f 2667 2700 2668
f 2668 2700 2669
f 2700 2701 2669
f 2669 2701 2670
f 2701 2702 2670
f 2670 2702 2671
f 2702 2703 2671
f 2671 2703 2672
f 2703 2704 2672
f 2672 2704 2673
f 2704 2705 2673
f 2673 2705 2674
f 2705 2706 2674
f 2674 2706 2675
f 2706 2707 2675
f 2675 2707 2676
f 2707 2708 2676
f 2676 2708 2709
f 2676 2709 2677
f 2677 2709 2710
f 2677 2710 2678
f 2678 2710 2711
f 2678 2711 2679
f 2679 2711 2712
f 2679 2712 2680
f 2680 2712 2713
f 2680 2713 2681
f 2681 2713 2714
f 2681 2714 2682
f 2682 2714 2715
f 2682 2715 2683
f 2683 2715 2716
f 2683 2716 2684
f 2684 2716 2685
f 2716 2717 2685
f 2685 2717 2686
f 2717 2718 2686
f 2686 2718 2687
f 2718 2719 2687
f 2687 2719 2688
f 2719 2720 2688
f 2688 2720 2689
f 2720 2721 2689
f 2689 2721 2690
f 2721 2722 2690
f 2690 2722 2691
f 2722 2723 2691
f 2691 2723 2660
f 2723 2692 2660
f 2692 2724 2725
f 2692 2725 2693
f 2693 2725 2726
f 2693 2726 2694
f 2694 2726 2727
f 2694 2727 2695
f 2695 2727 2728
f 2695 2728 2696
f 2696 2728 2729
f 2696 2729 2697
f 2697 2729 2730
f 2697 2730 2698
f 2698 2730 2731
f 2698 2731 2699
f 2699 2731 2732
f 2699 2732 2700
f 2700 2732 2701
f 2732 2733 2701
f 2701 2733 2702
f 2733 2734 2702
f 2702 2734 2703
f 2734 2735 2703
f 2703 2735 2704
f 2735 2736 2704
f 2704 2736 2705
f 2736 2737 2705
f 2705 2737 2706
f 2737 2738 2706
f 2706 2738 2707
f 2738 2739 2707
f 2707 2739 2708
f 2739 2740 2708
f 2708 2740 2741
f 2708 2741 2709
f 2709 2741 2742
f 2709 2742 2710
f 2710 2742 2743
f 2710 2743 2711
f 2711 2743 2744
f 2711 2744 2712
f 2712 2744 2745
f 2712 2745 2713
f 2713 2745 2746
f 2713 2746 2714
f 2714 2746 2747
f 2714 2747 2715
f 2715 2747 2748
f 2715 2748 2716
f 2716 2748 2717
f 2748 2749 2717
f 2717 2749 2718
f 2749 2750 2718
f 2718 2750 2719
f 2750 2751 2719
f 2719 2751 2720
f 2751 2752 2720
f 2720 2752 2721
f 2752 2753 2721
f 2721 2753 2722
f 2753 2754 2722
f 2722 2754 2723
f 2754 2755 2723
f 2723 2755 2692
f 2755 2724 2692
f 2724 2756 2757
f 2724 2757 2725
f 2725 2757 2758
f 2725 2758 2726
f 2726 2758 2759
f 2726 2759 2727
f 2727 2759 2760
f 2727 2760 2728
f 2728 2760 2761
f 2728 2761 2729
f 2729 2761 2762
f 2729 2762 2730
f 2730 2762 2763
f 2730 2763 2731
f 2731 2763 2764
f 2731 2764 2732
f 2732 2764 2733
f 2764 2765 2733
f 2733 2765 2734
f 2765 2766 2734
f 2734 2766 2735
f 2766 2767 2735
f 2735 2767 2736
f 2767 2768 2736
f 2736 2768 2737
f 2768 2769 2737
f 2737 2769 2738
f 2769 2770 2738
f 2738 2770 2739
f 2770 2771 2739
f 2739 2771 2740
f 2771 2772 2740
f 2740 2772 2773
f 2740 2773 2741
f 2741 2773 2774
f 2741 2774 2742
f 2742 2774 2775
f 2742 2775 2743
f 2743 2775 2776
f 2743 2776 2744
f 2744 2776 2777
f 2744 2777 2745
f 2745 2777 2778
f 2745 2778 2746
f 2746 2778 2779
f 2746 2779 2747
f 2747 2779 2780
f 2747 2780 2748
f 2748 2780 2749
f 2780 2781 2749
f 2749 2781 2750
f 2781 2782 2750
f 2750 2782 2751
f 2782 2783 2751
f 2751 2783 2752
f 2783 2784 2752
f 2752 2784 2753
f 2784 2785 2753
f 2753 2785 2754
f 2785 2786 2754
f 2754 2786 2755
f 2786 2787 2755
f 2755 2787 2724
f 2787 2756 2724
f 2756 2788 2789
f 2756 2789 2757
f 2757 2789 2790
f 2757 2790 2758
f 2758 2790 2791
f 2758 2791 2759
f 2759 2791 2792
f 2759 2792 2760
f 2760 2792 2793
f 2760 2793 2761
f 2761 2793 2794
f 2761 2794 2762
f 2762 2794 2795
f 2762 2795 2763
f 2763 2795 2796
f 2763 2796 2764
f 2764 2796 2765
f 2796 2797 2765
f 2765 2797 2766
f 2797 2798 2766
f 2766 2798 2767
f 2798 2799 2767
f 2767 2799 2768
f 2799 2800 2768
f 2768 2800 2769
f 2800 2801 2769
f 2769 2801 2770
f 2801 2802 2770
f 2770 2802 2771
f 2802 2803 2771
f 2771 2803 2772
f 2803 2804 2772
f 2772 2804 2805
f 2772 2805 2773
f 2773 2805 2806
f 2773 2806 2774
f 2774 2806 2807
f 2774 2807 2775
f 2775 2807 2808
f 2775 2808 2776
f 2776 2808 2809
f 2776 2809 2777
f 2777 2809 2810
f 2777 2810 2778
f 2778 2810 2811
f 2778 2811 2779
f 2779 2811 2812
f 2779 2812 2780
f 2780 2812 2781
f 2812 2813 2781
f 2781 2813 2782
f 2813 2814 2782
f 2782 2814 2783
f 2814 2815 2783
f 2783 2815 2784
f 2815 2816 2784
f 2784 2816 2785
f 2816 2817 2785
f 2785 2817 2786
f 2817 2818 2786
f 2786 2818 2787
f 2818 2819 2787
f 2787 2819 2756
f 2819 2788 2756
f 2788 2820 2821
f 2788 2821 2789
f 2789 2821 2822
f 2789 2822 2790
f 2790 2822 2823
f 2790 2823 2791
f 2791 2823 2824
f 2791 2824 2792
f 2792 2824 2825
f 2792 2825 2793
f 2793 2825 2826
f 2793 2826 2794
f 2794 2826 2827
f 2794 2827 2795
f 2795 2827 2828
f 2795 2828 2796
f 2796 2828 2797
f 2828 2829 2797
f 2797 2829 2798
f 2829 2830 2798
f 2798 2830 2799
f 2830 2831 2799
f 2799 2831 2800
f 2831 2832 2800
f 2800 2832 2801
f 2832 2833 2801
f 2801 2833 2802
f 2833 2834 2802
f 2802 2834 2803
f 2834 2835 2803
f 2803 2835 2804
f 2835 2836 2804
f 2804 2836 2837
f 2804 2837 2805
f 2805 2837 2838
f 2805 2838 2806
f 2806 2838 2839
f 2806 2839 2807
f 2807 2839 2840
f 2807 2840 2808
f 2808 2840 2841
f 2808 2841 2809
f 2809 2841 2842
f 2809 2842 2810
f 2810 2842 2843
f 2810 2843 2811
f 2811 2843 2844
f 2811 2844 2812
f 2812 2844 2813
f 2844 2845 2813
f 2813 2845 2814
f 2845 2846 2814
f 2814 2846 2815
f 2846 2847 2815
f 2815 2847 2816
f 2847 2848 2816
f 2816 2848 2817
f 2848 2849 2817
f 2817 2849 2818
f 2849 2850 2818
f 2818 2850 2819
f 2850 2851 2819
f 2819 2851 2788
f 2851 2820 2788
f 2820 2852 2853
f 2820 2853 2821
f 2821 2853 2854
f 2821 2854 2822
f 2822 2854 2855
f 2822 2855 2823
f 2823 2855 2856
f 2823 2856 2824
f 2824 2856 2857
f 2824 2857 2825
f 2825 2857 2858
f 2825 2858 2826
f 2826 2858 2859
f 2826 2859 2827
f 2827 2859 2860
f 2827 2860 2828
f 2828 2860 2829
f 2860 2861 2829
f 2829 2861 2830
f 2861 2862 2830
f 2830 2862 2831
f 2862 2863 2831
f 2831 2863 2832
f 2863 2864 2832
f 2832 2864 2833
f 2864 2865 2833
f 2833 2865 2834
f 2865 2866 2834
f 2834 2866 2835
f 2866 2867 2835
f 2835 2867 2836
f 2867 2868 2836
f 2836 2868 2869
f 2836 2869 2837
f 2837 2869 2870
f 2837 2870 2838
f 2838 2870 2871
f 2838 2871 2839
f 2839 2871 2872
f 2839 2872 2840
f 2840 2872 2873
f 2840 2873 2841
f 2841 2873 2874
f 2841 2874 2842
f 2842 2874 2875
f 2842 2875 2843
f 2843 2875 2876
f 2843 2876 2844
f 2844 2876 2845
f 2876 2877 2845
f 2845 2877 2846
f 2877 2878 2846
f 2846 2878 2847
f 2878 2879 2847
f 2847 2879 2848
f 2879 2880 2848
f 2848 2880 2849
f 2880 2881 2849
f 2849 2881 2850
f 2881 2882 2850
f 2850 2882 2851
f 2882 2883 2851
f 2851 2883 2820
f 2883 2852 2820
f 2852 2884 2885
f 2852 2885 2853
f 2853 2885 2886
f 2853 2886 2854
f 2854 2886 2887
f 2854 2887 2855
f 2855 2887 2888
f 2855 2888 2856
f 2856 2888 2889
f 2856 2889 2857
f 2857 2889 2890
f 2857 2890 2858
f 2858 2890 2891
f 2858 2891 2859
f 2859 2891 2892
f 2859 2892 2860
f 2860 2892 2861
f 2892 2893 2861
f 2861 2893 2862
f 2893 2894 2862
f 2862 2894 2863
f 2894 2895 2863
f 2863 2895 2864
f 2895 2896 2864
f 2864 2896 2865
f 2896 2897 2865
f 2865 2897 2866
f 2897 2898 2866
f 2866 2898 2867
f 2898 2899 2867
f 2867 2899 2868
f 2899 2900 2868
f 2868 2900 2901
f 2868 2901 2869
f 2869 2901 2902
f 2869 2902 2870
f 2870 2902 2903
f 2870 2903 2871
f 2871 2903 2904
f 2871 2904 2872
f 2872 2904 2905
f 2872 2905 2873
f 2873 2905 2906
f 2873 2906 2874
f 2874 2906 2907
f 2874 2907 2875
f 2875 2907 2908
f 2875 2908 2876
f 2876 2908 2877
f 2908 2909 2877
f 2877 2909 2878
f 2909 2910 2878
f 2878 2910 2879
f 2910 2911 2879
f 2879 2911 2880
f 2911 2912 2880
f 2880 2912 2881
f 2912 2913 2881
f 2881 2913 2882
f 2913 2914 2882
f 2882 2914 2883
f 2914 2915 2883
f 2883 2915 2852
f 2915 2884 2852
f 2884 2916 2917
f 2884 2917 2885
f 2885 2917 2918
f 2885 2918 2886
f 2886 2918 2919
f 2886 2919 2887
f 2887 2919 2920
f 2887 2920 2888
f 2888 2920 2921
f 2888 2921 2889
f 2889 2921 2922
f 2889 2922 2890
f 2890 2922 2923
f 2890 2923 2891
f 2891 2923 2924
f 2891 2924 2892
f 2892 2924 2893
f 2924 2925 2893
f 2893 2925 2894
f 2925 2926 2894
f 2894 2926 2895
f 2926 2927 2895
f 2895 2927 2896
f 2927 2928 2896
f 2896 2928 2897
f 2928 2929 2897
f 2897 2929 2898
f 2929 2930 2898
f 2898 2930 2899
f 2930 2931 2899
f 2899 2931 2900
f 2931 2932 2900
f 2900 2932 2933
f 2900 2933 2901
f 2901 2933 2934
f 2901 2934 2902
f 2902 2934 2935
f 2902 2935 2903
f 2903 2935 2936
f 2903 2936 2904
f 2904 2936 2937
f 2904 2937 2905
f 2905 2937 2938
f 2905 2938 2906
f 2906 2938 2939
f 2906 2939 2907
f 2907 2939 2940
f 2907 2940 2908
f 2908 2940 2909
f 2940 2941 2909
f 2909 2941 2910
f 2941 2942 2910
f 2910 2942 2911
f 2942 2943 2911
f 2911 2943 2912
f 2943 2944 2912
f 2912 2944 2913
f 2944 2945 2913
f 2913 2945 2914
f 2945 2946 2914
f 2914 2946 2915
f 2946 2947 2915
f 2915 2947 2884
f 2947 2916 2884
f 2916 2948 2949
f 2916 2949 2917
f 2917 2949 2950
f 2917 2950 2918
f 2918 2950 2951
f 2918 2951 2919
f 2919 2951 2952
f 2919 2952 2920
f 2920 2952 2953
f 2920 2953 2921
f 2921 2953 2954
f 2921 2954 2922
f 2922 2954 2955
f 2922 2955 2923
f 2923 2955 2956
f 2923 2956 2924
f 2924 2956 2925
f 2956 2957 2925
f 2925 2957 2926
f 2957 2958 2926
f 2926 2958 2927
f 2958 2959 2927
f 2927 2959 2928
f 2959 2960 2928
f 2928 2960 2929
f 2960 2961 2929
f 2929 2961 2930
f 2961 2962 2930
f 2930 2962 2931
f 2962 2963 2931
f 2931 2963 2932
f 2963 2964 2932
f 2932 2964 2965
f 2932 2965 2933
f 2933 2965 2966
f 2933 2966 2934
f 2934 2966 2967
f 2934 2967 2935
f 2935 2967 2968
f 2935 2968 2936
f 2936 2968 2969
f 2936 2969 2937
f 2937 2969 2970
f 2937 2970 2938
f 2938 2970 2971
f 2938 2971 2939
f 2939 2971 2972
f 2939 2972 2940
f 2940 2972 2941
f 2972 2973 2941
f 2941 2973 2942
f 2973 2974 2942
f 2942 2974 2943
f 2974 2975 2943
f 2943 2975 2944
f 2975 2976 2944
f 2944 2976 2945
f 2976 2977 2945
f 2945 2977 2946
f 2977 2978 2946
f 2946 2978 2947
f 2978 2979 2947
f 2947 2979 2916
f 2979 2948 2916
f 2948 2980 2981
f 2948 2981 2949
f 2949 2981 2982
f 2949 2982 2950
f 2950 2982 2983
f 2950 2983 2951
f 2951 2983 2984
f 2951 2984 2952
f 2952 2984 2985
f 2952 2985 2953
f 2953 2985 2986
f 2953 2986 2954
f 2954 2986 2987
f 2954 2987 2955
f 2955 2987 2988
f 2955 2988 2956
f 2956 2988 2957
f 2988 2989 2957
f 2957 2989 2958
f 2989 2990 2958
f 2958 2990 2959
f 2990 2991 2959
f 2959 2991 2960
f 2991 2992 2960
f 2960 2992 2961
f 2992 2993 2961
f 2961 2993 2962
f 2993 2994 2962
f 2962 2994 2963
f 2994 2995 2963
f 2963 2995 2964
f 2995 2996 2964
f 2964 2996 2997
f 2964 2997 2965
f 2965 2997 2998
f 2965 2998 2966
f 2966 2998 2999
f 2966 2999 2967
f 2967 2999 3000
f 2967 3000 2968
f 2968 3000 3001
f 2968 3001 2969
f 2969 3001 3002
f 2969 3002 2970
f 2970 3002 3003
f 2970 3003 2971
f 2971 3003 3004
f 2971 3004 2972
f 2972 3004 2973
f 3004 3005 2973
f 2973 3005 2974
f 3005 3006 2974
f 2974 3006 2975
f 3006 3007 2975
f 2975 3007 2976
f 3007 3008 2976
f 2976 3008 2977
f 3008 3009 2977
f 2977 3009 2978
f 3009 3010 2978
f 2978 3010 2979
f 3010 3011 2979
f 2979 3011 2948
f 3011 2980 2948
f 2980 3012 3013
f 2980 3013 2981
f 2981 3013 3014
f 2981 3014 2982
f 2982 3014 3015
f 2982 3015 2983
f 2983 3015 3016
f 2983 3016 2984
f 2984 3016 3017
f 2984 3017 2985
f 2985 3017 3018
f 2985 3018 2986
f 2986 3018 3019
f 2986 3019 2987
f 2987 3019 3020
f 2987 3020 2988
f 2988 3020 2989
f 3020 3021 2989
f 2989 3021 2990
f 3021 3022 2990
f 2990 3022 2991
f 3022 3023 2991
f 2991 3023 2992
f 3023 3024 2992
f 2992 3024 2993
f 3024 3025 2993
f 2993 3025 2994
f 3025 3026 2994
f 2994 3026 2995
f 3026 3027 2995
f 2995 3027 2996
f 3027 3028 2996
f 2996 3028 3029
f 2996 3029 2997
f 2997 3029 3030
f 2997 3030 2998
f 2998 3030 3031
f 2998 3031 2999
f 2999 3031 3032
f 2999 3032 3000
f 3000 3032 3033
f 3000 3033 3001
f 3001 3033 3034
f 3001 3034 3002
f 3002 3034 3035
f 3002 3035 3003
f 3003 3035 3036
f 3003 3036 3004
f 3004 3036 3005
f 3036 3037 3005
f 3005 3037 3006
f 3037 3038 3006
f 3006 3038 3007
f 3038 3039 3007
f 3007 3039 3008
f 3039 3040 3008
f 3008 3040 3009
f 3040 3041 3009
f 3009 3041 3010
f 3041 3042 3010
f 3010 3042 3011
f 3042 3043 3011
f 3011 3043 2980
f 3043 3012 2980
f 3012 3044 3045
f 3012 3045 3013
f 3013 3045 3046
f 3013 3046 3014
f 3014 3046 3047
f 3014 3047 3015
f 3015 3047 3048
f 3015 3048 3016
f 3016 3048 3049
f 3016 3049 3017
f 3017 3049 3050
f 3017 3050 3018
f 3018 3050 3051
f 3018 3051 3019
f 3019 3051 3052
f 3019 3052 3020
f 3020 3052 3021
f 3052 3053 3021
f 3021 3053 3022
f 3053 3054 3022
f 3022 3054 3023
f 3054 3055 3023
f 3023 3055 3024
f 3055 3056 3024
f 3024 3056 3025
f 3056 3057 3025
f 3025 3057 3026
f 3057 3058 3026
f 3026 3058 3027
f 3058 3059 3027
f 3027 3059 3028
f 3059 3060 3028
f 3028 3060 3061
f 3028 3061 3029
f 3029 3061 3062
f 3029 3062 3030
f 3030 3062 3063
f 3030 3063 3031
f 3031 3063 3064
f 3031 3064 3032
f 3032 3064 3065
f 3032 3065 3033
f 3033 3065 3066
f 3033 3066 3034
f 3034 3066 3067
f 3034 3067 3035
f 3035 3067 3068
f 3035 3068 3036
f 3036 3068 3037
f 3068 3069 3037
f 3037 3069 3038
f 3069 3070 3038
f 3038 3070 3039
f 3070 3071 3039
f 3039 3071 3040
f 3071 3072 3040
f 3040 3072 3041
f 3072 3073 3041
f 3041 3073 3042
f 3073 3074 3042
f 3042 3074 3043
f 3074 3075 3043
f 3043 3075 3012
f 3075 3044 3012
f 3044 3076 3077
f 3044 3077 3045
f 3045 3077 3078
f 3045 3078 3046
f 3046 3078 3079
f 3046 3079 3047
f 3047 3079 3080
f 3047 3080 3048
f 3048 3080 3081
f 3048 3081 3049
f 3049 3081 3082
f 3049 3082 3050
f 3050 3082 3083
f 3050 3083 3051
f 3051 3083 3084
f 3051 3084 3052
f 3052 3084 3053
f 3084 3085 3053
f 3053 3085 3054
f 3085 3086 3054
f 3054 3086 3055
f 3086 3087 3055
f 3055 3087 3056
f 3087 3088 3056
f 3056 3088 3057
f 3088 3089 3057
f 3057 3089 3058
f 3089 3090 3058
f 3058 3090 3059
f 3090 3091 3059
f 3059 3091 3060
f 3091 3092 3060
f 3060 3092 3093
f 3060 3093 3061
f 3061 3093 3094
f 3061 3094 3062
f 3062 3094 3095
f 3062 3095 3063
f 3063 3095 3096
f 3063 3096 3064
f 3064 3096 3097
f 3064 3097 3065
f 3065 3097 3098
f 3065 3098 3066
f 3066 3098 3099
f 3066 3099 3067
f 3067 3099 3100
f 3067 3100 3068
f 3068 3100 3069
f 3100 3101 3069
f 3069 3101 3070
f 3101 3102 3070
f 3070 3102 3071
f 3102 3103 3071
f 3071 3103 3072
f 3103 3104 3072
f 3072 3104 3073
f 3104 3105 3073
f 3073 3105 3074
f 3105 3106 3074
f 3074 3106 3075
f 3106 3107 3075
f 3075 3107 3044
f 3107 3076 3044
f 3076 3108 3077
f 3077 3108 3078
f 3078 3108 3079
f 3079 3108 3080
f 3080 3108 3081
f 3081 3108 3082
f 3082 3108 3083
f 3083 3108 3084
f 3084 3108 3085
f 3085 3108 3086
f 3086 3108 3087
f 3087 3108 3088
f 3088 3108 3089
f 3089 3108 3090
f 3090 3108 3091
f 3091 3108 3092
f 3092 3108 3093
f 3093 3108 3094
f 3094 3108 3095
f 3095 3108 3096
f 3096 3108 3097
f 3097 3108 3098
f 3098 3108 3099
f 3099 3108 3100
f 3100 3108 3101
f 3101 3108 3102
f 3102 3108 3103
f 3103 3108 3104
f 3104 3108 3105
f 3105 3108 3106
f 3106 3108 3107
f 3107 3108 3076
