2 0.000000 100.000000 335.864767
3360 2980 
1 -215.780401 0.000000 -219.580401 99.449987 -0.001155 10.452942 0.000044 
2 258.146575 0.000000 -219.580401 99.450861 -0.009252 10.438605 0.000056 
3 258.146575 0.000000 224.280401 99.456460 0.013325 10.431022 -0.000039 
4 -215.780401 0.000000 224.280401 99.454524 0.001585 10.453399 -0.000048 
5 21.183087 0.000000 2.350000 103.222845 -0.083849 1.017259 -0.065600 
6 -215.780401 0.000000 2.350000 99.451473 0.000202 10.455337 0.000009 
7 21.183087 0.000000 -219.580401 99.445739 -0.004770 10.445244 0.000144 
8 258.146575 0.000000 2.350000 99.565285 -0.097669 9.361068 -0.000089 
9 21.183087 0.000000 224.280401 99.461576 0.006159 10.444000 -0.000168 
10 -97.298657 0.000000 -108.615201 99.443028 -0.001971 10.451973 0.000184 
11 -215.780401 0.000000 -108.615201 99.449830 -0.000672 10.454034 0.000044 
12 -97.298657 0.000000 -219.580401 99.447613 -0.002340 10.451017 0.000095 
13 21.183087 0.000000 -108.615201 99.429418 -0.007815 10.423730 0.000514 
14 -97.298657 0.000000 2.350000 99.444550 0.000162 10.462427 0.000132 
15 139.664831 0.000000 -108.615201 99.445914 -0.017156 10.396641 0.000242 
16 139.664831 0.000000 -219.580401 99.448004 -0.007670 10.439606 0.000111 
17 258.146575 0.000000 -108.615201 99.454009 -0.018789 10.403860 0.000066 
18 139.664831 0.000000 2.350000 99.678444 -0.176876 8.196766 -0.000301 
19 -97.298657 0.000000 113.315201 99.460604 0.002597 10.456390 -0.000175 
20 -215.780401 0.000000 113.315201 99.453936 0.001093 10.454762 -0.000039 
21 21.183087 0.000000 113.315201 99.490987 0.010071 10.420446 -0.000704 
22 -97.298657 0.000000 224.280401 99.457827 0.003030 10.451761 -0.000110 
23 -38.057785 0.000000 -53.132600 99.421358 0.041884 10.425293 0.000671 
24 -97.298657 0.000000 -53.132600 99.440407 -0.001188 10.455559 0.000229 
25 -38.057785 0.000000 -108.615201 99.435059 -0.003934 10.443189 0.000361 
26 21.183087 0.000000 -53.132600 99.319530 -0.044291 10.360639 0.002829 
27 -38.057785 0.000000 2.350000 99.357179 0.031013 10.536530 0.001713 
28 139.664831 0.000000 113.315201 99.468548 0.026309 10.369000 -0.000151 
29 258.146575 0.000000 113.315201 99.464414 0.034396 10.347530 -0.000024 
30 139.664831 0.000000 224.280401 99.459196 0.010345 10.434995 -0.000102 
31 80.423959 0.000000 -53.132600 99.418899 -0.028174 10.242229 0.001098 
32 80.423959 0.000000 -108.615201 99.435200 -0.013266 10.402486 0.000443 
33 139.664831 0.000000 -53.132600 99.456328 -0.034885 10.259509 0.000318 
34 80.423959 0.000000 2.350000 99.633818 -0.262050 7.783766 0.001245 
35 -38.057785 0.000000 57.832600 99.479719 0.003175 10.477294 -0.000599 
36 -97.298657 0.000000 57.832600 99.456303 0.001616 10.462272 -0.000102 
37 21.183087 0.000000 57.832600 99.675816 0.049566 10.351449 -0.004242 
38 -38.057785 0.000000 113.315201 99.474304 0.004957 10.451300 -0.000437 
39 -8.437349 0.000000 -25.391300 99.172655 0.087458 10.350384 0.005765 
40 -38.057785 0.000000 -25.391300 99.358805 0.014334 10.472093 0.001816 
41 -8.437349 0.000000 -53.132600 99.356969 -0.011665 10.420482 0.001961 
42 21.183087 0.000000 -25.391300 99.249821 -0.221519 10.056008 0.004830 
43 -8.437349 0.000000 2.350000 98.079160 -0.063494 11.107239 0.025710 
44 80.423959 0.000000 57.832600 99.512466 0.048160 10.150236 -0.000576 
45 139.664831 0.000000 57.832600 99.492885 0.070966 10.091213 -0.000067 
46 80.423959 0.000000 113.315201 99.480604 0.018959 10.383561 -0.000421 
47 50.803523 0.000000 -25.391300 99.327720 -0.098318 9.948210 0.003503 
48 50.803523 0.000000 -53.132600 99.333819 -0.056446 10.262671 0.002747 
49 80.423959 0.000000 -25.391300 99.408584 -0.085932 9.737370 0.002311 
50 50.803523 0.000000 2.350000 98.676432 -0.145780 6.951112 0.021462 
51 -8.437349 0.000000 30.091300 99.635041 0.042181 10.748068 -0.004266 
52 -38.057785 0.000000 30.091300 99.452832 0.033019 10.547400 -0.000211 
53 21.183087 0.000000 30.091300 100.119258 0.048372 10.113150 -0.012614 
54 -8.437349 0.000000 57.832600 99.577101 0.041664 10.495734 -0.002576 
55 6.372869 0.000000 -11.520650 99.358268 0.052997 8.408477 0.005723 
56 -8.437349 0.000000 -11.520650 98.643241 0.001705 10.177309 0.016593 
57 6.372869 0.000000 -25.391300 99.161391 -0.054239 10.110821 0.006479 
58 21.183087 0.000000 -11.520650 100.330721 0.171932 8.553802 -0.013945 
59 6.372869 0.000000 2.350000 108.999639 0.153469 15.421751 -0.211878 
60 -156.539529 0.000000 -53.132600 99.448021 -0.000534 10.455598 0.000077 
61 -215.780401 0.000000 -53.132600 99.450358 -0.000272 10.454791 0.000032 
62 -156.539529 0.000000 -108.615201 99.447667 -0.001104 10.453879 0.000088 
63 -156.539529 0.000000 2.350000 99.450237 0.000219 10.457234 0.000030 
64 -67.678221 0.000000 -25.391300 99.426769 -0.001201 10.458765 0.000493 
65 -97.298657 0.000000 -25.391300 99.440959 -0.000596 10.458885 0.000211 
66 -67.678221 0.000000 -53.132600 99.430556 -0.001974 10.452127 0.000432 
67 -67.678221 0.000000 2.350000 99.432210 -0.000118 10.469404 0.000363 
68 -23.247567 0.000000 -11.520650 99.190921 0.037212 10.519980 0.005049 
69 -38.057785 0.000000 -11.520650 99.343962 0.023514 10.498913 0.002055 
70 -23.247567 0.000000 -25.391300 99.289853 0.018680 10.434625 0.003264 
71 -23.247567 0.000000 2.350000 99.200042 0.033841 10.655115 0.004582 
72 50.803523 0.000000 30.091300 99.648372 0.164397 9.488160 -0.001985 
73 80.423959 0.000000 30.091300 99.571799 0.140690 9.360415 -0.000218 
74 50.803523 0.000000 57.832600 99.612103 0.041953 10.175070 -0.002610 
75 6.372869 0.000000 16.220650 100.324421 0.237360 11.172271 -0.018987 
76 -8.437349 0.000000 16.220650 99.404084 -0.019671 11.106505 -0.000453 
77 21.183087 0.000000 16.220650 100.892517 0.044602 9.622886 -0.027190 
78 6.372869 0.000000 30.091300 99.975276 0.099857 10.615284 -0.010775 
79 -1.032240 0.000000 -4.585325 94.798254 0.007340 6.519667 0.097078 
80 -8.437349 0.000000 -4.585325 98.019939 -0.021698 10.417959 0.028356 
81 -1.032240 0.000000 -11.520650 98.430601 0.014283 9.305151 0.022483 
82 6.372869 0.000000 -4.585325 100.668979 0.086604 0.541417 -0.013454 
83 -1.032240 0.000000 2.350000 92.973690 0.044195 15.810865 0.110591 
84 35.993305 0.000000 -11.520650 99.032211 0.045020 10.566566 0.008097 
85 35.993305 0.000000 -25.391300 99.210941 -0.262079 10.041628 0.005629 
86 50.803523 0.000000 -11.520650 99.000790 -0.353734 9.087312 0.011614 
87 35.993305 0.000000 2.350000 93.167320 -0.606964 24.157760 0.073588 
88 13.777978 0.000000 -4.585325 97.170682 -0.117611 5.191828 0.053089 
89 13.777978 0.000000 -11.520650 99.259809 0.000010 8.667386 0.007237 
90 21.183087 0.000000 -4.585325 106.387623 0.124864 -2.751294 -0.132591 
91 13.777978 0.000000 2.350000 102.043636 -0.242209 0.352924 -0.041309 
92 -156.539529 0.000000 57.832600 99.453557 0.000994 10.457193 -0.000036 
93 -215.780401 0.000000 57.832600 99.452854 0.000682 10.455318 -0.000018 
94 -156.539529 0.000000 113.315201 99.455710 0.001607 10.455630 -0.000076 
95 -67.678221 0.000000 30.091300 99.448430 0.001117 10.473759 0.000031 
96 -97.298657 0.000000 30.091300 99.450640 0.000905 10.463912 0.000008 
97 -67.678221 0.000000 57.832600 99.461558 0.002243 10.468227 -0.000219 
98 -23.247567 0.000000 16.220650 99.372505 0.028463 10.703763 0.001053 
99 -38.057785 0.000000 16.220650 99.403847 0.034174 10.556965 0.000742 
100 -23.247567 0.000000 30.091300 99.473964 0.052053 10.617923 -0.000781 
101 -1.032240 0.000000 9.285325 99.158567 0.186684 12.464674 0.001218 
102 -8.437349 0.000000 9.285325 98.921588 -0.066008 11.299876 0.008683 
103 6.372869 0.000000 9.285325 101.239533 0.217915 12.430479 -0.040401 
104 -1.032240 0.000000 16.220650 99.685479 0.037843 11.363976 -0.006634 
105 2.670314 0.000000 -1.117663 -4.522490 0.057320 0.064173 0.997954 
106 -1.032240 0.000000 -1.117663 84.098237 0.081025 7.980806 0.286379 
107 2.670314 0.000000 -4.585325 95.993522 0.090334 0.520026 0.078497 
108 6.372869 0.000000 -1.117663 -5.828594 0.104949 0.164686 0.996599 
109 2.670314 0.000000 2.350000 95.110366 0.212741 28.625407 0.013456 
110 -15.842458 0.000000 -4.585325 98.863822 0.104105 10.671032 0.011206 
111 -23.247567 0.000000 -4.585325 99.170180 0.036956 10.582690 0.005328 
112 -15.842458 0.000000 -11.520650 98.978791 0.137571 10.510188 0.009272 
113 -15.842458 0.000000 2.350000 98.931056 0.105590 10.861282 0.009467 
114 -4.734795 0.000000 -1.117663 96.014161 0.028174 10.722173 0.066632 
115 -8.437349 0.000000 -1.117663 97.891577 -0.017010 10.749338 0.030169 
116 -4.734795 0.000000 -4.585325 96.881307 0.053749 9.747206 0.051900 
117 -4.734795 0.000000 2.350000 96.761374 0.024856 11.970092 0.049395 
118 35.993305 0.000000 16.220650 100.456518 0.315680 8.147614 -0.015800 
119 50.803523 0.000000 16.220650 99.576594 0.192077 7.678040 0.002551 
120 35.993305 0.000000 30.091300 99.897174 0.057210 9.646337 -0.007250 
121 13.777978 0.000000 9.285325 101.432393 -0.281509 10.075350 -0.039012 
122 21.183087 0.000000 9.285325 101.439569 0.044396 8.735642 -0.036630 
123 13.777978 0.000000 16.220650 100.747327 0.155659 10.484065 -0.025996 
124 2.670314 0.000000 5.817663 99.495501 0.293305 15.945678 -0.015371 
125 -1.032240 0.000000 5.817663 97.819828 0.096644 13.696986 0.024366 
126 6.372869 0.000000 5.817663 102.675047 0.090698 14.317491 -0.074716 
127 2.670314 0.000000 9.285325 100.060527 0.232068 12.933949 -0.017945 
128 0.819037 0.000000 0.616169 72.230804 0.107532 43.157419 0.292014 
129 -1.032240 0.000000 0.616169 86.875868 0.080014 15.364239 0.221652 
130 0.819037 0.000000 -1.117663 58.764516 0.410354 -35.477716 0.528789 
131 2.670314 0.000000 0.616169 -4.611486 0.059842 0.895839 0.997793 
132 0.819037 0.000000 2.350000 91.866145 0.150004 22.336091 0.106169 
133 -15.842458 0.000000 9.285325 99.173765 0.119369 10.996759 0.004362 
134 -23.247567 0.000000 9.285325 99.279459 0.030404 10.701195 0.002907 
135 -15.842458 0.000000 16.220650 99.377584 0.061813 10.940173 0.000440 
136 -4.734795 0.000000 5.817663 98.046826 0.108617 12.082158 0.024083 
137 -8.437349 0.000000 5.817663 98.514354 -0.031976 11.368665 0.016567 
138 -4.734795 0.000000 9.285325 98.900568 0.072724 11.864395 0.007791 
139 -2.883517 0.000000 0.616169 93.593589 0.090248 12.445361 0.108534 
140 -4.734795 0.000000 0.616169 96.163707 0.039067 11.404472 0.062248 
141 -2.883517 0.000000 -1.117663 93.184987 0.075610 10.068765 0.121517 
142 -2.883517 0.000000 2.350000 95.322303 0.105537 13.124133 0.074140 
143 -38.057785 0.000000 -164.097801 99.442735 -0.003718 10.446757 0.000201 
144 -97.298657 0.000000 -164.097801 99.445738 -0.002288 10.451063 0.000132 
145 -38.057785 0.000000 -219.580401 99.446304 -0.003385 10.448613 0.000126 
146 21.183087 0.000000 -164.097801 99.441135 -0.005936 10.439514 0.000248 
147 -8.437349 0.000000 -80.873901 99.420078 -0.006071 10.424920 0.000697 
148 -38.057785 0.000000 -80.873901 99.427616 -0.003852 10.440696 0.000514 
149 -8.437349 0.000000 -108.615201 99.431296 -0.005654 10.434964 0.000453 
150 21.183087 0.000000 -80.873901 99.415038 -0.009319 10.403256 0.000842 
151 6.372869 0.000000 -39.261950 99.276662 0.035214 10.349660 0.003703 
152 -8.437349 0.000000 -39.261950 99.317471 -0.004295 10.397718 0.002793 
153 6.372869 0.000000 -53.132600 99.338427 -0.026459 10.395897 0.002380 
154 21.183087 0.000000 -39.261950 99.483608 -0.029440 10.300797 -0.000310 
155 -1.032240 0.000000 -18.455975 98.945016 -0.019035 10.003069 0.010982 
156 -8.437349 0.000000 -18.455975 99.008402 0.079247 10.253169 0.009220 
157 -1.032240 0.000000 -25.391300 99.175916 0.052472 10.189363 0.006031 
158 6.372869 0.000000 -18.455975 99.092735 -0.102737 9.833625 0.008392 
159 2.670314 0.000000 -8.052988 98.300353 -0.105831 6.787395 0.029096 
160 -1.032240 0.000000 -8.052988 97.553004 0.082319 8.419343 0.041252 
161 2.670314 0.000000 -11.520650 98.775512 0.087742 8.712390 0.016748 
162 6.372869 0.000000 -8.052988 99.349117 0.145309 6.752065 0.008414 
163 0.819037 0.000000 -2.851494 88.757160 0.017177 -3.077063 0.211270 
164 -1.032240 0.000000 -2.851494 90.929516 0.080707 5.706044 0.169926 
165 0.819037 0.000000 -4.585325 94.603488 0.000733 3.336529 0.103905 
166 2.670314 0.000000 -2.851494 92.420060 0.187015 -10.605905 0.134601 
167 -0.106602 0.000000 -0.250747 57.340035 0.121708 23.592990 0.615548 
168 -1.032240 0.000000 -0.250747 83.478262 0.100253 12.528714 0.287440 
169 -0.106602 0.000000 -1.117663 66.012210 0.116384 -4.499630 0.562213 
170 0.819037 0.000000 -0.250747 -3.683229 -0.015186 0.267010 0.998636 
171 -0.106602 0.000000 0.616169 80.159734 0.126619 23.046898 0.304324 
172 -4.734795 0.000000 -8.052988 97.889790 -0.050572 9.668256 0.032411 
173 -8.437349 0.000000 -8.052988 98.382157 -0.025372 10.151792 0.021789 
174 -4.734795 0.000000 -11.520650 98.458373 -0.073292 9.839590 0.020913 
175 -2.883517 0.000000 -2.851494 94.552393 0.115417 8.840259 0.098168 
176 -4.734795 0.000000 -2.851494 96.313683 0.062472 10.105359 0.062155 
177 -2.883517 0.000000 -4.585325 95.823404 0.017480 8.870690 0.073919 
178 -0.106602 0.000000 -1.984578 83.000127 0.104419 -0.656236 0.311054 
179 -1.032240 0.000000 -1.984578 87.784046 0.072576 5.895652 0.225920 
180 -0.106602 0.000000 -2.851494 89.151989 0.098006 2.005830 0.204789 
181 0.819037 0.000000 -1.984578 81.272171 0.064809 -12.662082 0.323450 
182 10.075423 0.000000 -1.117663 -4.826046 -0.041210 0.593704 0.997636 
183 10.075423 0.000000 -4.585325 100.958580 -0.436037 4.817310 -0.021603 
184 13.777978 0.000000 -1.117663 -1.593621 0.090064 0.229292 0.999740 
185 10.075423 0.000000 2.350000 108.373028 -0.114394 5.280829 -0.177261 
186 4.521592 0.000000 0.616169 -5.364048 -0.037765 0.376588 0.997108 
187 4.521592 0.000000 -1.117663 -5.514517 0.032133 0.267786 0.996952 
188 6.372869 0.000000 0.616169 -5.816211 0.192626 0.176901 0.996610 
189 4.521592 0.000000 2.350000 101.857804 0.106884 25.653655 -0.103313 
190 1.744676 0.000000 -0.250747 -3.963885 -0.032975 0.356071 0.998416 
191 1.744676 0.000000 -1.117663 -3.952013 -0.036733 0.496041 0.998413 
192 2.670314 0.000000 -0.250747 -4.430039 0.070418 0.402796 0.998021 
193 1.744676 0.000000 0.616169 76.541343 0.192276 44.266432 0.218187 
194 0.356218 0.000000 -0.684205 -1.582663 0.037005 0.043984 0.999749 
195 -0.106602 0.000000 -0.684205 47.702785 0.110926 5.408258 0.769518 
196 0.356218 0.000000 -1.117663 56.970441 0.329448 -34.952023 0.553262 
197 0.819037 0.000000 -0.684205 -3.534688 -0.018673 0.278514 0.998743 
198 0.356218 0.000000 -0.250747 33.495058 0.023315 56.459682 0.569038 
199 -1.957879 0.000000 -0.250747 90.150351 0.109564 11.614272 0.173801 
200 -2.883517 0.000000 -0.250747 93.137918 0.117934 11.372489 0.119598 
201 -1.957879 0.000000 -1.117663 90.263308 0.136330 9.743934 0.175757 
202 -1.957879 0.000000 0.616169 91.178894 0.105585 12.979355 0.151793 
203 -0.569421 0.000000 -0.684205 74.438563 0.102482 9.459994 0.436940 
204 -1.032240 0.000000 -0.684205 83.114010 0.095679 10.104628 0.298995 
205 -0.569421 0.000000 -1.117663 77.693096 0.107691 5.094257 0.393782 
206 -0.569421 0.000000 -0.250747 75.724331 0.114541 14.638475 0.405153 
207 0.819037 0.000000 4.083831 96.420588 0.134175 17.403586 0.040017 
208 -1.032240 0.000000 4.083831 96.224737 0.095666 14.778272 0.052239 
209 2.670314 0.000000 4.083831 98.376762 0.270942 19.787787 -0.006962 
210 0.819037 0.000000 5.817663 98.332505 0.108190 14.931748 0.010775 
211 -0.106602 0.000000 1.483084 87.827029 0.113852 20.515477 0.186552 
212 -1.032240 0.000000 1.483084 90.436726 0.062683 16.047815 0.156366 
213 0.819037 0.000000 1.483084 86.761247 0.096983 27.449995 0.171897 
214 -0.106602 0.000000 2.350000 92.029578 0.120284 18.606632 0.118434 
215 0.356218 0.000000 0.182711 73.167871 0.141001 35.700331 0.337193 
216 -0.106602 0.000000 0.182711 72.691573 0.125359 25.023051 0.408977 
217 0.819037 0.000000 0.182711 56.024908 0.067862 51.380430 0.422126 
218 0.356218 0.000000 0.616169 76.598599 0.141942 29.636470 0.325431 
219 0.124808 0.000000 -0.467476 25.740062 0.009569 38.409057 0.786219 
220 -0.106602 0.000000 -0.467476 49.399325 0.114181 16.923677 0.727328 
221 0.124808 0.000000 -0.684205 20.860117 0.196909 -12.064131 0.941927 
222 0.356218 0.000000 -0.467476 -1.775301 0.038042 1.155432 0.999551 
223 0.124808 0.000000 -0.250747 28.663219 0.003075 50.208886 0.665749 
224 -0.569421 0.000000 0.182711 79.836170 0.105856 17.419527 0.332273 
225 -1.032240 0.000000 0.182711 84.980808 0.091693 14.434709 0.256989 
226 -0.569421 0.000000 0.616169 83.729276 0.105874 18.230772 0.265704 
227 -0.338011 0.000000 -0.467476 65.945787 0.115728 13.343385 0.547309 
228 -0.569421 0.000000 -0.467476 74.504326 0.113867 12.177412 0.430080 
229 -0.338011 0.000000 -0.684205 65.788914 0.115538 8.344365 0.560218 
230 -0.338011 0.000000 -0.250747 68.759770 0.117777 17.315859 0.497224 
231 4.521592 0.000000 -2.851494 98.316231 0.204157 -15.136881 0.010475 
232 4.521592 0.000000 -4.585325 98.458108 0.217108 -0.392746 0.030580 
233 6.372869 0.000000 -2.851494 102.988696 0.034513 -7.571683 -0.066400 
234 1.744676 0.000000 -1.984578 77.223846 0.301254 -39.124186 0.250568 
235 1.744676 0.000000 -2.851494 90.208648 0.183739 -8.205529 0.179504 
236 2.670314 0.000000 -1.984578 93.244518 0.387135 -17.833049 0.098729 
237 0.356218 0.000000 -1.551120 74.112661 0.044174 -11.276641 0.438015 
238 -0.106602 0.000000 -1.551120 77.346247 0.111386 -2.566052 0.401096 
239 0.356218 0.000000 -1.984578 81.231446 0.024570 -6.054555 0.336479 
240 0.819037 0.000000 -1.551120 70.060299 0.096211 -25.561022 0.443818 
241 0.124808 0.000000 -0.900934 25.773521 0.346589 -35.282244 0.809077 
242 -0.106602 0.000000 -0.900934 56.519122 0.119943 -2.612348 0.679875 
243 0.124808 0.000000 -1.117663 59.618685 0.118877 -17.236321 0.614851 
244 0.356218 0.000000 -0.900934 35.732863 0.340410 -41.048025 0.703811 
245 0.009103 0.000000 -0.575840 23.817436 0.085041 14.465624 0.922347 
246 -0.106602 0.000000 -0.575840 47.131793 0.110295 11.708439 0.764149 
247 0.009103 0.000000 -0.684205 21.907063 0.153077 -0.844800 0.951934 
248 0.124808 0.000000 -0.575840 23.686693 0.079073 16.481048 0.916731 
249 0.009103 0.000000 -0.467476 25.801754 0.019656 34.092310 0.817198 
250 1.744676 0.000000 1.483084 86.627344 0.111228 36.701047 0.114872 
251 2.670314 0.000000 1.483084 96.854502 0.313396 28.636147 -0.020092 
252 1.744676 0.000000 2.350000 93.251527 0.247115 26.236391 0.061574 
253 1.281856 0.000000 0.182711 -4.265759 -0.098366 0.843276 0.998108 
254 1.281856 0.000000 -0.250747 -3.922412 -0.081428 0.483353 0.998437 
255 1.744676 0.000000 0.182711 -4.009000 -0.019390 0.230899 0.998387 
256 1.281856 0.000000 0.616169 84.560650 0.262929 38.451150 0.137094 
257 0.587627 0.000000 -0.034018 72.418870 0.219395 27.968061 0.397325 
258 0.356218 0.000000 -0.034018 57.424264 0.127826 52.012665 0.399712 
259 0.587627 0.000000 -0.250747 -3.910935 -0.006561 0.749420 0.998414 
260 0.819037 0.000000 -0.034018 -3.510749 -0.016070 -0.377553 0.998753 
261 0.587627 0.000000 0.182711 66.529336 0.171048 34.532194 0.438135 
262 0.124808 0.000000 -0.034018 59.000501 0.133012 38.381283 0.504580 
263 -0.106602 0.000000 -0.034018 66.069240 0.121322 25.620622 0.497842 
264 0.124808 0.000000 0.182711 70.265477 0.128945 31.741135 0.405525 
265 0.356218 0.000000 1.049627 82.925948 0.135364 26.413368 0.242560 
266 -0.106602 0.000000 1.049627 84.660791 0.125019 21.695027 0.236186 
267 0.819037 0.000000 1.049627 82.851231 0.106789 32.444369 0.208303 
268 0.356218 0.000000 1.483084 86.941956 0.121766 23.743051 0.187735 
269 0.587627 0.000000 0.399440 67.795871 0.075054 35.285219 0.415867 
270 0.356218 0.000000 0.399440 73.255594 0.143863 31.303192 0.365371 
271 0.819037 0.000000 0.399440 54.946712 0.124839 57.815331 0.363823 
272 0.587627 0.000000 0.616169 74.076711 0.076959 34.625220 0.331373 
273 0.471923 0.000000 0.074346 71.255321 0.220146 31.447748 0.393367 
274 0.356218 0.000000 0.074346 63.854604 0.192857 43.254434 0.405161 
275 0.471923 0.000000 -0.034018 67.155072 0.204305 37.756360 0.406461 
276 0.587627 0.000000 0.074346 69.905426 0.198683 30.447193 0.418616 
277 0.471923 0.000000 0.182711 74.810714 0.239650 27.835155 0.362850 
278 1.281856 0.000000 -1.551120 82.990563 0.333620 -25.179009 0.247847 
279 1.281856 0.000000 -1.984578 82.984374 0.074776 -16.370364 0.284560 
280 1.744676 0.000000 -1.551120 77.082196 0.326085 -32.880733 0.297709 
281 1.281856 0.000000 -1.117663 -4.024909 -0.065594 -0.011794 0.998380 
282 0.587627 0.000000 -1.334391 65.345599 0.070564 -18.796915 0.537662 
283 0.356218 0.000000 -1.334391 70.440976 0.048750 -16.135555 0.477771 
284 0.587627 0.000000 -1.551120 71.821030 0.063419 -16.519157 0.456885 
285 0.819037 0.000000 -1.334391 56.902742 0.407787 -41.953645 0.500180 
286 0.587627 0.000000 -1.117663 67.130805 0.352612 -21.325483 0.503855 
287 1.281856 0.000000 -0.684205 -3.853907 0.042006 0.287159 0.998506 
288 1.744676 0.000000 -0.684205 -3.937970 -0.043562 0.331256 0.998438 
289 1.050447 0.000000 -1.334391 64.519148 0.351529 -42.854171 0.400068 
290 1.050447 0.000000 -1.551120 69.132515 0.325749 -41.908390 0.346428 
291 1.281856 0.000000 -1.334391 78.623046 0.322155 -32.505277 0.276172 
292 1.050447 0.000000 -1.117663 -3.485330 0.032215 -0.133315 0.998783 
293 1.281856 0.000000 1.049627 83.742843 0.169910 34.321150 0.180917 
294 1.744676 0.000000 1.049627 73.862511 0.205738 55.427866 0.147204 
295 1.281856 0.000000 1.483084 86.533077 0.099109 30.983854 0.155202 
296 1.050447 0.000000 0.399440 61.634565 0.219112 61.994313 0.235784 
297 1.050447 0.000000 0.182711 55.580651 0.170238 62.375723 0.302003 
298 1.281856 0.000000 0.399440 76.247408 0.274856 51.866348 0.149614 
299 1.050447 0.000000 0.616169 70.621225 0.260662 56.841092 0.178167 
300 0.819037 0.000000 -6.319156 96.755132 -0.065011 6.077137 0.060151 
301 -1.032240 0.000000 -6.319156 96.698052 0.053146 7.445231 0.059405 
302 0.819037 0.000000 -8.052988 97.956456 0.081771 7.412713 0.034958 
303 2.670314 0.000000 -6.319156 97.602558 0.035817 4.737192 0.045130 
304 1.744676 0.000000 -3.718409 93.271407 0.016746 -1.633940 0.129777 
305 0.819037 0.000000 -3.718409 92.431206 0.024904 1.079266 0.145531 
306 1.744676 0.000000 -4.585325 95.010024 0.082638 1.772283 0.096995 
307 2.670314 0.000000 -3.718409 94.782490 -0.023417 -3.613142 0.100322 
308 1.281856 0.000000 -2.418036 86.103787 0.128372 -10.208801 0.248190 
309 0.819037 0.000000 -2.418036 85.552851 0.045346 -6.583147 0.263737 
310 1.281856 0.000000 -2.851494 89.226821 0.111596 -5.762010 0.200536 
311 1.744676 0.000000 -2.418036 87.192732 0.113636 -14.303640 0.219282 
312 3.595953 0.000000 -1.984578 90.403136 0.395066 -31.193098 0.085411 
313 3.595953 0.000000 -2.851494 96.437558 0.307300 -14.804869 0.048052 
314 4.521592 0.000000 -1.984578 99.045121 0.239136 -12.420413 0.003574 
315 3.595953 0.000000 -1.117663 -4.997353 0.104199 0.195229 0.997498 
316 2.207495 0.000000 -1.551120 83.057373 0.296232 -38.677135 0.160546 
317 2.207495 0.000000 -1.984578 86.368816 0.312444 -35.599188 0.127303 
318 2.670314 0.000000 -1.551120 -4.758161 0.038020 -0.192914 0.997732 
319 2.207495 0.000000 -1.117663 -3.979173 -0.105221 0.082197 0.998415 
320 1.513266 0.000000 -1.767849 80.543147 0.322829 -24.033752 0.293508 
321 1.281856 0.000000 -1.767849 82.856918 0.330271 -24.437639 0.253742 
322 1.513266 0.000000 -1.984578 81.289814 0.227711 -18.357019 0.305493 
323 1.744676 0.000000 -1.767849 76.629692 0.325426 -34.921592 0.290827 
324 1.513266 0.000000 -1.551120 81.774002 0.316819 -21.095842 0.286788 
325 10.075423 0.000000 5.817663 103.439744 -0.281927 10.072288 -0.080131 
326 13.777978 0.000000 5.817663 101.751341 0.010869 8.081891 -0.041865 
327 10.075423 0.000000 9.285325 101.690845 0.128393 11.101086 -0.046428 
328 4.521592 0.000000 4.083831 101.807130 0.280245 19.831635 -0.075806 
329 6.372869 0.000000 4.083831 105.179997 0.144911 16.984273 -0.135132 
330 4.521592 0.000000 5.817663 101.153709 0.188966 15.860573 -0.048367 
331 3.595953 0.000000 1.483084 89.906782 0.297167 50.228134 -0.060618 
332 3.595953 0.000000 0.616169 -4.955397 0.120170 0.583385 0.997509 
333 4.521592 0.000000 1.483084 -5.723903 0.065139 0.492747 0.996699 
334 3.595953 0.000000 2.350000 100.454245 0.227074 33.724512 -0.122845 
335 2.207495 0.000000 1.049627 84.581394 0.274753 53.928925 -0.006242 
336 2.207495 0.000000 0.616169 -3.559375 -0.019289 0.868104 0.998658 
337 2.670314 0.000000 1.049627 96.792647 0.312983 32.368807 -0.041665 
338 2.207495 0.000000 1.483084 88.697208 0.282224 50.579237 -0.042553 
339 1.513266 0.000000 0.832898 81.798194 0.231466 35.510334 0.204802 
340 1.281856 0.000000 0.832898 85.868924 0.260928 35.584785 0.136018 
341 1.513266 0.000000 0.616169 83.611881 0.243842 32.753491 0.193620 
342 1.744676 0.000000 0.832898 74.023378 0.180649 51.060272 0.191336 
343 1.513266 0.000000 1.049627 72.679800 0.157432 52.094729 0.200376 
344 2.207495 0.000000 -2.418036 91.148168 0.116318 -16.973793 0.140389 
345 2.207495 0.000000 -2.851494 91.767070 -0.002010 -9.844917 0.148188 
346 2.670314 0.000000 -2.418036 94.233263 0.392495 -14.572321 0.090759 
347 1.976085 0.000000 -1.767849 78.427740 0.300412 -39.014472 0.232687 
348 1.976085 0.000000 -1.984578 80.678286 0.298336 -38.854399 0.198126 
349 2.207495 0.000000 -1.767849 85.134192 0.309780 -35.819681 0.146902 
350 1.976085 0.000000 -1.551120 77.187204 0.302037 -39.059632 0.251639 
351 13.777978 0.000000 -18.455975 99.312819 0.160936 9.641258 0.004398 
352 13.777978 0.000000 -25.391300 99.199978 -0.104412 10.098037 0.005738 
353 21.183087 0.000000 -18.455975 99.451719 0.105003 9.814616 0.001302 
354 10.075423 0.000000 -8.052988 99.437887 0.007637 7.580973 0.005464 
355 10.075423 0.000000 -11.520650 99.388927 0.132585 8.587265 0.004808 
356 13.777978 0.000000 -8.052988 98.269291 -0.388988 7.445301 0.028756 
357 4.521592 0.000000 -6.319156 98.623483 0.211528 4.388550 0.025410 
358 4.521592 0.000000 -8.052988 98.929382 0.133960 6.431880 0.017159 
359 6.372869 0.000000 -6.319156 99.478123 0.236821 4.901065 0.008003 
360 3.595953 0.000000 -3.718409 96.690434 0.236666 -4.846138 0.062742 
361 3.595953 0.000000 -4.585325 96.983135 0.177537 0.020459 0.059424 
362 4.521592 0.000000 -3.718409 98.365457 0.249267 -5.082152 0.029835 
363 3.133134 0.000000 -2.418036 88.387799 0.406604 -26.221455 0.149987 
364 3.133134 0.000000 -2.851494 93.204494 0.223663 -12.879087 0.114700 
365 3.595953 0.000000 -2.418036 93.169979 0.385993 -29.159418 0.046893 
366 3.133134 0.000000 -1.984578 88.454970 0.406601 -25.660053 0.151711 
367 3.595953 0.000000 -0.250747 -4.978246 0.111284 0.371729 0.997507 
368 4.521592 0.000000 -0.250747 -5.410849 0.020611 0.366504 0.997059 
369 3.133134 0.000000 -1.551120 -4.906729 0.054327 0.187288 0.997589 
370 3.595953 0.000000 -1.551120 -4.941665 0.081212 0.094168 0.997556 
371 3.133134 0.000000 -1.117663 -4.815231 0.070873 0.199242 0.997677 
372 2.901724 0.000000 -2.201307 90.916347 0.397946 -19.415670 0.135709 
373 2.670314 0.000000 -2.201307 93.046047 0.387099 -17.800872 0.102541 
374 2.901724 0.000000 -2.418036 89.803453 0.401629 -20.333068 0.152174 
375 3.133134 0.000000 -2.201307 87.579643 0.411616 -26.957476 0.160293 
376 2.901724 0.000000 -1.984578 91.495838 0.396629 -17.442244 0.132412 
377 3.595953 0.000000 3.216916 99.917286 0.190544 24.230454 -0.057062 
378 2.670314 0.000000 3.216916 97.257992 0.157620 23.164531 0.000426 
379 4.521592 0.000000 3.216916 101.879502 0.215116 23.522436 -0.093278 
380 3.595953 0.000000 4.083831 99.883405 0.185582 20.158847 -0.038311 
381 3.133134 0.000000 1.916542 87.167267 0.279478 48.407557 0.005850 
382 2.670314 0.000000 1.916542 93.989591 0.213228 30.503563 0.023544 
383 3.133134 0.000000 1.483084 88.790181 0.280323 39.559025 0.055131 
384 3.595953 0.000000 1.916542 94.508087 0.310889 47.409602 -0.117955 
385 3.133134 0.000000 2.350000 95.922656 0.261114 31.245748 -0.017752 
386 8.224146 0.000000 -2.851494 105.002138 -0.321898 -3.378174 -0.103696 
387 8.224146 0.000000 -4.585325 101.545338 -0.101549 2.453396 -0.031749 
388 10.075423 0.000000 -2.851494 102.792590 -0.363371 -1.908145 -0.057009 
389 8.224146 0.000000 -1.117663 -5.877436 -0.126205 0.338464 0.996533 
390 5.447230 0.000000 -1.984578 -5.822652 -0.118718 -0.023799 0.996608 
391 5.447230 0.000000 -2.851494 100.580372 0.126020 -20.204145 -0.052463 
392 6.372869 0.000000 -1.984578 -5.954605 0.107780 0.146293 0.996451 
393 5.447230 0.000000 -1.117663 -5.635776 -0.078526 0.084487 0.996822 
394 4.058772 0.000000 -2.418036 99.498223 0.344237 -18.281547 -0.023423 
395 4.058772 0.000000 -2.851494 99.990504 0.323650 -15.727522 -0.024556 
396 4.521592 0.000000 -2.418036 98.354495 0.213848 -13.056963 0.015586 
397 4.058772 0.000000 -1.984578 99.954673 0.325632 -16.009560 -0.024735 
398 8.224146 0.000000 0.616169 -5.801193 -0.186398 0.064307 0.996631 
399 10.075423 0.000000 0.616169 -4.605614 0.041772 -0.274938 0.997871 
400 8.224146 0.000000 2.350000 111.329579 -0.213996 6.249295 -0.243337 
401 5.447230 0.000000 1.483084 -5.636583 -0.072436 0.405110 0.996806 
402 5.447230 0.000000 0.616169 -5.643654 0.033275 0.301039 0.996806 
403 6.372869 0.000000 1.483084 -5.956165 0.186320 0.179327 0.996446 
404 5.447230 0.000000 2.350000 104.886038 0.146598 36.354797 -0.232277 
405 4.058772 0.000000 1.916542 103.694698 0.279644 32.773731 -0.182679 
406 4.058772 0.000000 1.483084 104.221104 0.304224 35.082244 -0.209289 
407 4.521592 0.000000 1.916542 102.814947 0.122100 23.086867 -0.110393 
408 4.058772 0.000000 2.350000 106.484045 0.251099 25.689192 -0.199885 
409 5.447230 0.000000 -3.718409 100.512228 -0.016478 -4.833927 -0.012608 
410 5.447230 0.000000 -4.585325 99.655443 0.105062 -0.088651 0.006877 
411 6.372869 0.000000 -3.718409 101.529395 0.074850 -3.356164 -0.031949 
412 4.984411 0.000000 -2.418036 97.341603 0.138121 -20.114235 0.012001 
413 4.984411 0.000000 -2.851494 97.511330 0.135957 -20.377790 0.007627 
414 5.447230 0.000000 -2.418036 100.118123 0.123123 -20.346832 -0.043765 
415 4.984411 0.000000 -1.984578 -5.779891 -0.000962 0.247666 0.996653 
416 8.224146 0.000000 4.083831 107.038213 -0.141690 11.866147 -0.159800 
417 10.075423 0.000000 4.083831 106.177113 -0.219176 7.061463 -0.132349 
418 8.224146 0.000000 5.817663 103.675440 0.069131 12.301882 -0.089994 
419 5.447230 0.000000 3.216916 106.168366 0.018372 22.942533 -0.179808 
420 6.372869 0.000000 3.216916 106.460234 0.107079 18.000668 -0.165782 
421 5.447230 0.000000 4.083831 103.696961 -0.025893 18.750930 -0.110466 
422 4.984411 0.000000 1.916542 100.315883 0.084278 33.919395 -0.121381 
423 4.984411 0.000000 1.483084 -5.581037 -0.042120 0.308478 0.996876 
424 5.447230 0.000000 1.916542 101.619527 0.110818 38.464368 -0.180605 
425 4.984411 0.000000 2.350000 100.175873 0.090227 36.078779 -0.133689 
426 4.984411 0.000000 -3.284952 98.969185 0.143720 -9.108819 0.012211 
427 4.521592 0.000000 -3.284952 98.042449 0.269861 -8.206026 0.032027 
428 4.984411 0.000000 -3.718409 99.289381 0.147827 -5.146151 0.011511 
429 5.447230 0.000000 -3.284952 101.419804 0.023926 -9.007024 -0.036710 
430 7.298507 0.000000 -1.984578 -5.948407 0.049897 0.138752 0.996459 
431 7.298507 0.000000 -2.851494 103.571561 -0.150953 -11.672762 -0.086334 
432 8.224146 0.000000 -1.984578 -6.021883 -0.107510 0.405178 0.996356 
433 7.298507 0.000000 -1.117663 -5.907218 0.006256 0.215100 0.996506 
434 5.910050 0.000000 -2.418036 103.419232 0.093741 -12.716966 -0.085727 
435 5.910050 0.000000 -2.851494 104.043358 0.083459 -10.561790 -0.093658 
436 6.372869 0.000000 -2.418036 102.987279 0.035514 -8.807703 -0.068396 
437 5.910050 0.000000 -1.984578 -5.969001 0.095616 0.091237 0.996435 
438 5.215821 0.000000 -2.634765 98.451367 0.113910 -22.280844 -0.018912 
439 4.984411 0.000000 -2.634765 97.322390 0.135244 -20.428633 0.011101 
440 5.215821 0.000000 -2.851494 99.630240 0.121514 -20.847652 -0.036082 
441 5.447230 0.000000 -2.634765 100.498213 0.126203 -20.373744 -0.051500 
442 5.215821 0.000000 -2.418036 99.015622 0.118024 -20.995617 -0.024492 
443 7.298507 0.000000 3.216916 111.418970 -0.145879 21.115570 -0.286008 
444 7.298507 0.000000 2.350000 109.800169 -0.101767 21.989219 -0.253961 
445 8.224146 0.000000 3.216916 111.545565 -0.208540 7.604754 -0.250029 
446 7.298507 0.000000 4.083831 106.583244 0.133802 15.022251 -0.158567 
447 5.910050 0.000000 2.783458 110.998982 0.214215 18.075226 -0.264753 
448 5.447230 0.000000 2.783458 107.548244 0.173069 33.938454 -0.271847 
449 5.910050 0.000000 2.350000 109.705472 0.199113 23.351378 -0.258062 
450 6.372869 0.000000 2.783458 108.524152 0.142784 16.226601 -0.204081 
451 5.910050 0.000000 3.216916 107.655000 0.111557 19.896680 -0.198549 
452 7.298507 0.000000 1.483084 -5.942453 -0.054559 0.142684 0.996466 
453 7.298507 0.000000 0.616169 -5.839728 -0.072999 0.306664 0.996580 
454 8.224146 0.000000 1.483084 -5.886821 -0.172844 -0.064955 0.996531 
455 6.835688 0.000000 2.783458 107.562831 -0.001930 22.756812 -0.208764 
456 6.835688 0.000000 2.350000 107.610399 0.023479 21.645672 -0.204853 
457 7.298507 0.000000 2.783458 109.964323 -0.116436 22.989153 -0.262067 
458 6.835688 0.000000 3.216916 108.382515 -0.068663 24.294723 -0.233701 
459 8.224146 0.000000 -6.319156 100.211699 0.018412 5.574921 -0.007346 
460 8.224146 0.000000 -8.052988 99.623234 0.123998 7.144116 0.002416 
461 10.075423 0.000000 -6.319156 99.836911 -0.181805 6.676603 -0.001202 
462 7.298507 0.000000 -3.718409 102.612052 -0.038407 -2.740213 -0.053674 
463 7.298507 0.000000 -4.585325 101.450108 0.000418 1.311855 -0.029385 
464 8.224146 0.000000 -3.718409 103.078502 -0.319896 -0.017956 -0.062528 
465 6.835688 0.000000 -3.284952 102.592225 -0.034395 -11.098313 -0.064834 
466 6.372869 0.000000 -3.284952 103.361371 0.046843 -7.497763 -0.073979 
467 6.835688 0.000000 -3.718409 101.769689 -0.029069 -3.168750 -0.036711 
468 7.298507 0.000000 -3.284952 103.817598 -0.174847 -11.071657 -0.090071 
469 6.835688 0.000000 -2.851494 102.201396 -0.008868 -11.607950 -0.057987 
470 28.588196 0.000000 -4.585325 101.196338 -0.158970 21.584653 -0.070662 
471 28.588196 0.000000 -11.520650 100.270504 0.065810 10.726345 -0.016923 
472 35.993305 0.000000 -4.585325 96.708697 0.110640 12.931899 0.048018 
473 28.588196 0.000000 2.350000 101.495815 0.354323 -4.516410 -0.032192 
474 17.480532 0.000000 -1.117663 -0.295324 0.017386 0.299553 0.999982 
475 17.480532 0.000000 -4.585325 91.699736 -0.264827 -4.251407 0.157301 
476 21.183087 0.000000 -1.117663 -1.189324 0.051434 0.270734 0.999851 
477 17.480532 0.000000 2.350000 101.997775 -0.364980 0.365206 -0.040381 
478 11.926701 0.000000 -2.851494 99.652388 -0.270319 0.357791 0.006920 
479 11.926701 0.000000 -4.585325 98.768708 -0.594492 5.630862 0.021268 
480 13.777978 0.000000 -2.851494 96.933429 -0.263291 0.398127 0.060368 
481 11.926701 0.000000 -1.117663 -2.467590 0.046944 0.526634 0.999363 
482 9.149785 0.000000 -3.718409 102.186155 -0.301020 1.111030 -0.044334 
483 9.149785 0.000000 -4.585325 101.337133 -0.240189 3.823207 -0.028389 
484 10.075423 0.000000 -3.718409 102.589500 -0.488902 2.717034 -0.053223 
485 9.149785 0.000000 -2.851494 103.465939 -0.411592 -3.541715 -0.071791 
486 7.761327 0.000000 -3.284952 105.100018 -0.271346 -6.915611 -0.109391 
487 7.761327 0.000000 -3.718409 103.304367 -0.141941 -1.547529 -0.067421 
488 8.224146 0.000000 -3.284952 104.856653 -0.322043 -3.492575 -0.100722 
489 7.761327 0.000000 -2.851494 105.093688 -0.273929 -7.478572 -0.110069 
490 6.835688 0.000000 -2.418036 102.552808 -0.028380 -10.991172 -0.063789 
491 7.298507 0.000000 -2.418036 103.539355 -0.142087 -11.104449 -0.084373 
492 6.835688 0.000000 -1.984578 -5.922086 0.098549 0.148367 0.996490 
493 7.067098 0.000000 -3.068223 103.086715 -0.097637 -12.066162 -0.077247 
494 6.835688 0.000000 -3.068223 102.311830 -0.016916 -11.607488 -0.060244 
495 7.067098 0.000000 -3.284952 102.695835 -0.066273 -12.716477 -0.070815 
496 7.298507 0.000000 -3.068223 103.620318 -0.155651 -11.575410 -0.087118 
497 7.067098 0.000000 -2.851494 102.678377 -0.052588 -12.420318 -0.069712 
498 28.588196 0.000000 9.285325 101.298466 0.045236 6.721896 -0.030657 
499 35.993305 0.000000 9.285325 101.181202 0.286170 7.838288 -0.029916 
500 28.588196 0.000000 16.220650 100.546913 0.034184 8.714462 -0.018562 
501 17.480532 0.000000 5.817663 101.373203 0.024400 7.797498 -0.033733 
502 21.183087 0.000000 5.817663 101.468273 -0.135809 7.325939 -0.034950 
503 17.480532 0.000000 9.285325 101.196950 -0.024639 9.332815 -0.032792 
504 11.926701 0.000000 4.083831 102.682677 -0.112433 4.655055 -0.056541 
505 11.926701 0.000000 2.350000 103.344411 -0.090519 0.338773 -0.068019 
506 13.777978 0.000000 4.083831 102.168735 -0.156707 4.839786 -0.046190 
507 11.926701 0.000000 5.817663 102.322721 -0.256295 8.589200 -0.054378 
508 9.149785 0.000000 3.216916 108.701704 -0.195471 8.302093 -0.188502 
509 9.149785 0.000000 2.350000 108.807813 -0.193852 8.083233 -0.190452 
510 10.075423 0.000000 3.216916 108.006844 -0.102399 4.651684 -0.168713 
511 9.149785 0.000000 4.083831 106.508197 -0.321925 9.559370 -0.143548 
512 7.761327 0.000000 2.783458 112.447491 -0.170237 15.229839 -0.287642 
513 7.761327 0.000000 2.350000 111.808903 -0.167604 15.841726 -0.275222 
514 8.224146 0.000000 2.783458 111.847195 -0.207797 7.516870 -0.256634 
515 7.761327 0.000000 3.216916 112.419970 -0.174452 14.005098 -0.283442 
516 9.149785 0.000000 -1.984578 -5.781666 -0.102037 0.582205 0.996622 
517 10.075423 0.000000 -1.984578 -5.404758 -0.152299 1.033835 0.996970 
518 9.149785 0.000000 -1.117663 -5.516937 -0.053888 0.469010 0.996934 
519 8.686965 0.000000 -3.284952 104.075994 -0.349997 -3.140109 -0.084180 
520 8.686965 0.000000 -3.718409 102.405524 -0.290382 0.665697 -0.048742 
521 9.149785 0.000000 -3.284952 103.308016 -0.436460 -3.754854 -0.068684 
522 8.686965 0.000000 -2.851494 104.093993 -0.346802 -2.945176 -0.084435 
523 11.926701 0.000000 0.616169 -2.543432 0.053900 -0.274622 0.999345 
524 13.777978 0.000000 0.616169 -1.603736 -0.136579 -0.105511 0.999740 
525 9.149785 0.000000 1.483084 -5.504222 -0.013324 -0.290106 0.996962 
526 9.149785 0.000000 0.616169 -5.386499 -0.045845 0.000942 0.997098 
527 10.075423 0.000000 1.483084 -4.841034 0.073532 -0.744956 0.997600 
528 8.686965 0.000000 2.783458 110.037768 -0.213206 6.646553 -0.215253 
529 8.686965 0.000000 2.350000 109.491600 -0.212081 6.856361 -0.203547 
530 9.149785 0.000000 2.783458 108.972527 -0.201069 7.822644 -0.193625 
531 8.686965 0.000000 3.216916 109.975264 -0.210656 7.070000 -0.214459 
532 17.480532 0.000000 -8.052988 98.447303 -0.504353 5.759388 0.027470 
533 17.480532 0.000000 -11.520650 99.323936 -0.055647 8.411979 0.006399 
534 21.183087 0.000000 -8.052988 100.785138 -0.221064 6.217892 -0.019636 
535 11.926701 0.000000 -6.319156 98.874168 -0.497053 7.011487 0.017449 
536 11.926701 0.000000 -8.052988 98.948268 -0.321013 7.839615 0.014768 
537 13.777978 0.000000 -6.319156 97.638767 -0.442969 6.810753 0.042009 
538 11.001062 0.000000 -3.718409 100.541075 -0.335296 4.884077 -0.013247 
539 11.001062 0.000000 -4.585325 100.033990 -0.418582 5.587047 -0.003819 
540 11.926701 0.000000 -3.718409 99.621416 -0.284936 0.360584 0.007536 
541 11.001062 0.000000 -2.851494 100.906894 -0.315961 0.207712 -0.018234 
542 9.612604 0.000000 -3.284952 103.268525 -0.411091 -3.039856 -0.067380 
543 9.612604 0.000000 -3.718409 102.428408 -0.386341 1.698223 -0.049461 
544 10.075423 0.000000 -3.284952 102.798858 -0.364899 -1.930330 -0.057146 
545 9.612604 0.000000 -2.851494 103.288682 -0.417525 -3.269932 -0.067942 
546 11.001062 0.000000 3.216916 104.868457 -0.064374 0.589364 -0.099774 
547 11.001062 0.000000 2.350000 104.740139 -0.061865 0.331956 -0.097061 
548 11.926701 0.000000 3.216916 103.238351 -0.100982 0.339993 -0.065828 
549 11.001062 0.000000 4.083831 104.519777 -0.097493 4.966090 -0.094906 
550 9.612604 0.000000 2.783458 108.711221 -0.169708 7.360563 -0.187234 
551 9.612604 0.000000 2.350000 108.751858 -0.182792 7.989346 -0.189083 
552 10.075423 0.000000 2.783458 108.028429 -0.106153 4.780164 -0.169300 
553 9.612604 0.000000 3.216916 108.700495 -0.163202 7.200288 -0.186767 
554 11.001062 0.000000 -1.984578 -3.702674 -0.060688 1.547376 0.998389 
555 11.926701 0.000000 -1.984578 -1.938228 0.018521 0.980158 0.999528 
556 11.001062 0.000000 -1.117663 -3.665588 -0.077549 0.705769 0.998606 
557 10.538243 0.000000 -3.284952 101.908810 -0.339084 -0.493538 -0.038576 
558 10.538243 0.000000 -3.718409 101.843653 -0.449446 4.093147 -0.038909 
559 11.001062 0.000000 -3.284952 101.112938 -0.322805 0.173216 -0.022396 
560 10.538243 0.000000 -2.851494 101.899938 -0.339246 -0.475943 -0.038394 
561 11.001062 0.000000 1.483084 -3.567221 0.048661 -0.945853 0.998638 
562 11.001062 0.000000 0.616169 -3.614347 0.010304 -0.353744 0.998681 
563 11.926701 0.000000 1.483084 -2.221348 0.042467 -0.694758 0.999458 
564 10.538243 0.000000 2.783458 106.545355 -0.060625 1.976840 -0.135582 
565 10.538243 0.000000 2.350000 106.764732 -0.047252 1.796431 -0.140194 
566 11.001062 0.000000 2.783458 104.879337 -0.064396 0.603107 -0.100004 
567 10.538243 0.000000 3.216916 106.501220 -0.058465 1.865448 -0.134599 
568 15.629255 0.000000 -2.851494 92.045312 -0.442770 0.410505 0.152730 
569 15.629255 0.000000 -4.585325 93.423409 -0.410904 3.030165 0.126272 
570 17.480532 0.000000 -2.851494 82.564896 -0.319183 -12.027743 0.303827 
571 15.629255 0.000000 -1.117663 -0.869012 -0.310912 0.101832 0.999914 
572 12.852339 0.000000 -3.718409 98.471685 -0.171196 0.371897 0.030316 
573 12.852339 0.000000 -4.585325 98.053361 -0.314921 5.413137 0.035614 
574 13.777978 0.000000 -3.718409 97.308262 -0.182774 0.394137 0.053091 
575 12.852339 0.000000 -2.851494 98.463778 -0.188953 0.373554 0.030471 
576 15.629255 0.000000 4.083831 101.202661 -0.271737 4.487027 -0.026219 
577 15.629255 0.000000 2.350000 102.182924 -0.251131 0.358678 -0.044154 
578 17.480532 0.000000 4.083831 101.497043 -0.082589 4.925966 -0.032592 
579 15.629255 0.000000 5.817663 101.258990 -0.109075 7.706632 -0.031279 
580 12.852339 0.000000 3.216916 102.545935 -0.172481 0.348196 -0.051582 
581 12.852339 0.000000 2.350000 102.497758 -0.184706 0.350273 -0.050595 
582 13.777978 0.000000 3.216916 102.097916 -0.234493 0.352487 -0.042416 
583 12.852339 0.000000 4.083831 102.050899 -0.017126 4.930544 -0.043870 
584 15.629255 0.000000 -6.319156 96.565537 -0.377612 5.040972 0.064954 
585 15.629255 0.000000 -8.052988 98.186781 -0.373994 6.719711 0.031406 
586 17.480532 0.000000 -6.319156 96.825366 -0.115231 2.586450 0.061815 
587 14.703617 0.000000 -3.718409 94.736810 -0.487423 0.419694 0.102452 
588 14.703617 0.000000 -4.585325 95.618347 -0.170076 4.500065 0.083685 
589 15.629255 0.000000 -3.718409 92.028654 -0.442116 0.410387 0.153036 
590 14.703617 0.000000 -2.851494 94.764080 -0.486705 0.419598 0.101936 
591 15.629255 0.000000 0.616169 -0.635076 -0.189355 -0.190789 0.999952 
592 17.480532 0.000000 0.616169 -0.203492 0.043107 -0.146383 0.999994 
593 14.703617 0.000000 3.216916 101.967318 -0.247972 0.362543 -0.039753 
594 14.703617 0.000000 2.350000 101.991898 -0.237211 0.362200 -0.040253 
595 15.629255 0.000000 3.216916 102.187209 -0.245759 0.358649 -0.044241 
596 14.703617 0.000000 4.083831 101.776478 -0.205418 4.268802 -0.037672 
597 24.885641 0.000000 -1.117663 -3.794806 0.206927 0.284331 0.998548 
598 24.885641 0.000000 -4.585325 114.420682 0.378239 11.543400 -0.322549 
599 28.588196 0.000000 -1.117663 -5.843299 -0.221232 -2.522713 0.995944 
600 24.885641 0.000000 2.350000 104.064364 0.106066 -4.187520 -0.084694 
601 19.331810 0.000000 -2.851494 -1.277758 -0.325457 0.255840 0.999820 
602 19.331810 0.000000 -4.585325 102.282932 -0.215330 -7.338706 -0.051570 
603 21.183087 0.000000 -2.851494 -2.160359 -0.065794 0.236583 0.999527 
604 19.331810 0.000000 -1.117663 -0.298701 -0.085561 -0.034685 0.999990 
605 16.554894 0.000000 -3.718409 90.107728 -0.366703 0.396817 0.188031 
606 16.554894 0.000000 -4.585325 91.854600 -0.309337 -0.002148 0.156264 
607 17.480532 0.000000 -3.718409 85.202015 -0.379490 -9.533272 0.264959 
608 16.554894 0.000000 -2.851494 86.349389 -0.313694 0.579685 0.254335 
609 24.885641 0.000000 5.817663 102.068845 0.011781 5.602961 -0.044944 
610 28.588196 0.000000 5.817663 101.362040 -0.160106 3.989636 -0.029021 
611 24.885641 0.000000 9.285325 101.813401 0.027045 7.609138 -0.042387 
612 19.331810 0.000000 4.083831 101.325528 -0.074982 4.200823 -0.028452 
613 19.331810 0.000000 2.350000 102.482558 -0.244292 0.342618 -0.050285 
614 21.183087 0.000000 4.083831 103.156338 -0.081342 0.310265 -0.064133 
615 19.331810 0.000000 5.817663 101.221295 -0.061000 7.477854 -0.030167 
616 16.554894 0.000000 3.216916 102.067632 -0.403702 0.362803 -0.041810 
617 16.554894 0.000000 2.350000 102.067962 -0.403601 0.362932 -0.041816 
618 17.480532 0.000000 3.216916 102.026822 -0.368732 0.645360 -0.041002 
619 16.554894 0.000000 4.083831 101.171313 -0.186489 4.909016 -0.025977 
620 80.423959 0.000000 -164.097801 99.442891 -0.008583 10.432127 0.000228 
621 80.423959 0.000000 -219.580401 99.446432 -0.006307 10.441872 0.000137 
622 139.664831 0.000000 -164.097801 99.446612 -0.010761 10.428226 0.000162 
623 50.803523 0.000000 -80.873901 99.417018 -0.013717 10.377694 0.000856 
624 50.803523 0.000000 -108.615201 99.430718 -0.010711 10.411686 0.000513 
625 80.423959 0.000000 -80.873901 99.428092 -0.018366 10.359634 0.000673 
626 35.993305 0.000000 -39.261950 99.378026 -0.132429 10.269342 0.001853 
627 35.993305 0.000000 -53.132600 99.314874 -0.055228 10.311122 0.003023 
628 50.803523 0.000000 -39.261950 99.271175 -0.081814 10.113641 0.004294 
629 28.588196 0.000000 -18.455975 99.418784 0.070869 10.029486 0.001531 
630 28.588196 0.000000 -25.391300 99.271898 -0.112872 10.079870 0.004347 
631 35.993305 0.000000 -18.455975 99.155676 -0.154377 10.012539 0.006788 
632 24.885641 0.000000 -8.052988 102.721476 0.218939 9.638132 -0.064464 
633 24.885641 0.000000 -11.520650 100.758628 0.299021 9.554890 -0.024369 
634 28.588196 0.000000 -8.052988 100.978803 0.474454 12.557169 -0.035463 
635 19.331810 0.000000 -6.319156 99.561000 -0.160574 1.529167 0.008524 
636 19.331810 0.000000 -8.052988 99.275299 -0.479955 5.562731 0.011324 
637 21.183087 0.000000 -6.319156 102.323008 -0.034995 3.183457 -0.048013 
638 18.406171 0.000000 -3.718409 89.839932 -0.365042 -34.911888 0.070981 
639 18.406171 0.000000 -4.585325 95.761122 -0.199728 -8.624092 0.075539 
640 19.331810 0.000000 -3.718409 105.742445 -0.349429 -20.062229 -0.158408 
641 18.406171 0.000000 -2.851494 86.108884 -0.362136 -32.729005 0.151394 
642 16.554894 0.000000 -1.984578 -0.714249 0.046382 -0.038706 0.999949 
643 15.629255 0.000000 -1.984578 -0.711864 -0.237325 0.273356 0.999936 
644 17.480532 0.000000 -1.984578 -0.072674 -0.012222 0.328184 0.999989 
645 16.554894 0.000000 -1.117663 -0.576617 -0.061888 0.241056 0.999961 
646 17.017713 0.000000 -3.284952 77.414138 -0.277012 -12.302318 0.385563 
647 16.554894 0.000000 -3.284952 85.490542 -0.309407 0.205248 0.269123 
648 17.017713 0.000000 -3.718409 85.513223 -0.336010 -4.394284 0.266807 
649 17.480532 0.000000 -3.284952 82.857939 -0.345038 -12.063793 0.298891 
650 17.017713 0.000000 -2.851494 77.265772 -0.275873 -12.341721 0.387761 
651 19.331810 0.000000 0.616169 0.384344 0.109250 0.378405 0.999970 
652 21.183087 0.000000 0.616169 0.299459 0.212411 1.017487 0.999883 
653 18.406171 0.000000 3.216916 102.040431 -0.312162 0.357063 -0.041247 
654 18.406171 0.000000 2.350000 102.049484 -0.311082 0.356576 -0.041432 
655 19.331810 0.000000 3.216916 102.413706 -0.254394 0.628214 -0.048903 
656 18.406171 0.000000 4.083831 101.584659 -0.144152 4.444123 -0.033921 
657 23.034364 0.000000 4.083831 103.388618 0.125145 5.192729 -0.071619 
658 23.034364 0.000000 2.350000 103.461032 -0.004207 0.305756 -0.070428 
659 24.885641 0.000000 4.083831 103.564170 0.219762 2.117181 -0.073007 
660 23.034364 0.000000 5.817663 102.034280 -0.017441 6.759776 -0.045669 
661 20.257448 0.000000 3.216916 102.941799 -0.150228 0.602396 -0.059740 
662 20.257448 0.000000 2.350000 102.911758 -0.164949 1.086427 -0.059204 
663 21.183087 0.000000 3.216916 103.146145 -0.088990 0.520124 -0.063941 
664 20.257448 0.000000 4.083831 102.805352 -0.188856 0.335700 -0.056909 
665 23.034364 0.000000 0.616169 -2.054326 -0.270096 1.138296 0.999441 
666 23.034364 0.000000 -1.117663 -2.473648 0.035322 0.920751 0.999303 
667 24.885641 0.000000 0.616169 -3.002048 0.220189 0.627798 0.999055 
668 22.108726 0.000000 3.216916 103.228525 -0.047960 0.481756 -0.065636 
669 22.108726 0.000000 2.350000 103.193479 -0.049958 0.299170 -0.064899 
670 23.034364 0.000000 3.216916 103.488195 -0.018100 0.091282 -0.070982 
671 22.108726 0.000000 4.083831 101.917871 -0.089482 5.485716 -0.041735 
672 198.905703 0.000000 57.832600 99.500524 0.086957 9.995316 -0.000027 
673 198.905703 0.000000 2.350000 99.612869 -0.126033 8.890210 -0.000178 
674 258.146575 0.000000 57.832600 99.515753 0.107428 9.847256 -0.000037 
675 198.905703 0.000000 113.315201 99.464790 0.030878 10.359203 -0.000056 
676 110.044395 0.000000 30.091300 99.576760 0.185369 9.213492 -0.000045 
677 110.044395 0.000000 2.350000 99.708753 -0.212149 7.776701 -0.000236 
678 139.664831 0.000000 30.091300 99.610244 0.231190 8.913991 -0.000171 
679 110.044395 0.000000 57.832600 99.495166 0.062293 10.123260 -0.000177 
680 65.613741 0.000000 16.220650 99.646594 0.326818 7.625874 0.001230 
681 65.613741 0.000000 2.350000 99.504391 -0.168734 7.742876 0.003890 
682 80.423959 0.000000 16.220650 99.740531 0.480622 7.272227 -0.000129 
683 65.613741 0.000000 30.091300 99.602673 0.125428 9.384621 -0.000878 
684 43.398414 0.000000 9.285325 99.142050 2.252662 3.988037 0.014987 
685 43.398414 0.000000 2.350000 93.149606 0.452738 5.366132 0.129415 
686 50.803523 0.000000 9.285325 99.292647 4.112834 5.184524 0.009718 
687 43.398414 0.000000 16.220650 99.959564 0.466097 7.475827 -0.004802 
688 32.290750 0.000000 5.817663 99.438973 -0.014638 3.348788 0.010068 
689 32.290750 0.000000 2.350000 101.027287 0.029508 -1.416971 -0.020852 
690 35.993305 0.000000 5.817663 96.363969 -0.000000 4.467950 0.069402 
691 32.290750 0.000000 9.285325 100.545342 -0.129855 6.439289 -0.015085 
692 26.736919 0.000000 4.083831 102.751991 0.320215 1.439425 -0.056015 
693 26.736919 0.000000 2.350000 103.272924 0.178945 -2.290131 -0.067057 
694 28.588196 0.000000 4.083831 101.583451 0.105350 0.883354 -0.031999 
695 26.736919 0.000000 5.817663 101.537320 0.066004 4.656136 -0.033151 
696 23.960003 0.000000 3.216916 104.126537 0.006050 -2.073265 -0.084663 
697 23.960003 0.000000 2.350000 104.231281 0.020077 -2.603806 -0.087094 
698 24.885641 0.000000 3.216916 103.841289 0.110869 -4.271518 -0.080127 
699 23.960003 0.000000 4.083831 103.925270 0.140029 3.347653 -0.081169 
700 198.905703 0.000000 -53.132600 99.463280 -0.034465 10.289687 0.000118 
701 198.905703 0.000000 -108.615201 99.451652 -0.018576 10.399434 0.000122 
702 258.146575 0.000000 -53.132600 99.463895 -0.032734 10.314144 0.000055 
703 110.044395 0.000000 -25.391300 99.481416 -0.061838 9.858687 0.000625 
704 110.044395 0.000000 -53.132600 99.444622 -0.033167 10.244824 0.000581 
705 139.664831 0.000000 -25.391300 99.490911 -0.060574 9.937017 0.000281 
706 65.613741 0.000000 -11.520650 99.358928 -0.224640 8.836629 0.004967 
707 65.613741 0.000000 -25.391300 99.316654 -0.103063 9.707248 0.004196 
708 80.423959 0.000000 -11.520650 99.486118 -0.139855 8.947476 0.002244 
709 43.398414 0.000000 -4.585325 97.434505 -0.044117 9.162466 0.042256 
710 43.398414 0.000000 -11.520650 98.570809 -0.062526 9.364267 0.019610 
711 50.803523 0.000000 -4.585325 98.733566 -0.349859 8.051268 0.018674 
712 32.290750 0.000000 -1.117663 -7.899257 -0.139969 1.372178 0.993570 
713 32.290750 0.000000 -4.585325 97.302406 -0.318141 15.765675 0.028358 
714 35.993305 0.000000 -1.117663 93.851307 0.041904 33.907266 0.004223 
715 26.736919 0.000000 0.616169 -3.435948 -0.026057 -0.668622 0.998775 
716 26.736919 0.000000 -1.117663 -4.282489 -0.055462 -1.029145 0.998060 
717 28.588196 0.000000 0.616169 -5.261499 -0.003324 -1.224010 0.997082 
718 23.960003 0.000000 1.483084 -3.117737 -0.104671 1.258214 0.998869 
719 23.034364 0.000000 1.483084 -1.819334 -0.103586 1.659790 0.999392 
720 23.960003 0.000000 0.616169 -2.419188 0.160707 1.177593 0.999273 
721 24.885641 0.000000 1.483084 -3.646855 -0.038706 0.529705 0.998642 
722 25.811280 0.000000 3.216916 103.084561 0.086772 -3.092743 -0.063600 
723 25.811280 0.000000 2.350000 102.990080 0.080552 -2.653394 -0.061400 
724 26.736919 0.000000 3.216916 103.245880 0.161776 -2.111857 -0.066420 
725 25.811280 0.000000 4.083831 102.625937 0.108673 1.905662 -0.053573 
726 24.422822 0.000000 2.783458 104.153659 0.080257 -3.716852 -0.086181 
727 23.960003 0.000000 2.783458 104.125280 0.007412 -2.086143 -0.084643 
728 24.422822 0.000000 2.350000 104.064364 0.106066 -4.187520 -0.084694 
729 24.885641 0.000000 2.783458 103.834009 0.110815 -4.270667 -0.079975 
730 24.422822 0.000000 3.216916 104.168280 0.080188 -3.717306 -0.086486 
731 25.811280 0.000000 1.483084 -2.981034 0.117022 0.123899 0.999108 
732 25.811280 0.000000 0.616169 -3.210402 0.141922 0.006132 0.998967 
733 26.736919 0.000000 1.483084 -3.079979 0.171577 -0.264025 0.999041 
734 30.439473 0.000000 4.083831 100.872464 0.101850 0.285853 -0.017535 
735 30.439473 0.000000 2.350000 101.430484 0.117520 -6.489496 -0.033027 
736 32.290750 0.000000 4.083831 99.211196 0.384725 -0.081237 0.015698 
737 30.439473 0.000000 5.817663 100.711138 -0.075185 3.478918 -0.015484 
738 27.662557 0.000000 3.216916 102.870115 0.312337 -4.617794 -0.060368 
739 27.662557 0.000000 2.350000 102.858601 0.333908 -4.936245 -0.060437 
740 28.588196 0.000000 3.216916 101.592210 0.351534 -4.715407 -0.034334 
741 27.662557 0.000000 4.083831 102.404902 0.379607 0.819588 -0.048758 
742 26.274099 0.000000 2.783458 103.090390 0.100934 -1.864932 -0.063112 
743 25.811280 0.000000 2.783458 103.078476 0.086386 -3.072333 -0.063462 
744 26.274099 0.000000 2.350000 103.186385 0.120445 -1.672201 -0.065024 
745 26.736919 0.000000 2.783458 103.263992 0.162468 -2.087209 -0.066783 
746 26.274099 0.000000 3.216916 103.100303 0.102949 -1.900810 -0.063330 
747 30.439473 0.000000 0.616169 -7.850015 -0.178458 -0.519687 0.993808 
748 30.439473 0.000000 -1.117663 -9.757645 0.097615 -0.744325 0.990422 
749 32.290750 0.000000 0.616169 -6.772111 -0.198412 -0.250545 0.995404 
750 27.662557 0.000000 1.483084 -3.851333 -0.024910 -0.420595 0.998499 
751 27.662557 0.000000 0.616169 -4.058631 -0.067914 -0.930912 0.998266 
752 28.588196 0.000000 1.483084 -4.977966 0.156455 -0.198875 0.997516 
753 29.513835 0.000000 3.216916 101.833381 0.229497 -2.331354 -0.037553 
754 29.513835 0.000000 2.350000 101.830758 0.230010 -2.330020 -0.037499 
755 30.439473 0.000000 3.216916 101.464589 0.117236 -6.464703 -0.033687 
756 29.513835 0.000000 4.083831 101.135555 0.146431 0.843058 -0.022913 
757 28.125377 0.000000 2.783458 102.096846 0.338202 -5.325553 -0.045224 
758 27.662557 0.000000 2.783458 102.861782 0.315237 -4.669237 -0.060245 
759 28.125377 0.000000 2.350000 102.192257 0.337927 -5.271084 -0.047116 
760 28.588196 0.000000 2.783458 101.488607 0.361333 -4.755850 -0.032269 
761 28.125377 0.000000 3.216916 102.201737 0.336251 -5.301524 -0.047341 
762 29.513835 0.000000 1.483084 -6.440166 -0.120766 -0.134063 0.995849 
763 29.513835 0.000000 0.616169 -6.814092 -0.067030 -0.937790 0.995268 
764 30.439473 0.000000 1.483084 -7.345174 -0.147850 -0.227091 0.994597 
765 29.051015 0.000000 2.783458 101.507146 0.306373 -3.052242 -0.031311 
766 29.051015 0.000000 2.350000 101.441998 0.319472 -3.043958 -0.029985 
767 29.513835 0.000000 2.783458 101.808327 0.229508 -2.852527 -0.037313 
768 29.051015 0.000000 3.216916 101.402148 0.333423 -3.440217 -0.029434 
769 32.290750 0.000000 -8.052988 99.228743 0.002448 12.359825 0.000089 
770 32.290750 0.000000 -11.520650 99.533137 0.098657 10.851778 -0.002462 
771 35.993305 0.000000 -8.052988 98.535452 0.108801 11.191856 0.016550 
772 30.439473 0.000000 -2.851494 94.156537 0.096188 22.152985 0.064378 
773 28.588196 0.000000 -2.851494 88.088011 0.266301 36.686614 0.089452 
774 30.439473 0.000000 -4.585325 98.012049 -0.082637 17.922993 0.007240 
775 32.290750 0.000000 -2.851494 96.313038 -0.159766 19.209763 0.035476 
776 26.736919 0.000000 -2.851494 116.241703 0.290232 18.341525 -0.384863 
777 24.885641 0.000000 -2.851494 -5.797281 0.221317 -0.155217 0.996632 
778 26.736919 0.000000 -4.585325 108.725240 0.324552 19.026554 -0.218329 
779 29.513835 0.000000 -1.984578 84.720787 -0.053635 23.693738 0.226099 
780 28.588196 0.000000 -1.984578 -5.180397 -0.172588 -1.290774 0.997147 
781 29.513835 0.000000 -2.851494 94.138629 -0.056532 23.899730 0.056672 
782 30.439473 0.000000 -1.984578 91.288744 0.093896 25.798497 0.100079 
783 29.513835 0.000000 -1.117663 -6.770128 -0.001855 -2.039701 0.995000 
784 30.439473 0.000000 -6.319156 98.930274 -0.129723 14.221053 0.001055 
785 28.588196 0.000000 -6.319156 101.248953 -0.045915 15.101852 -0.047942 
786 30.439473 0.000000 -8.052988 99.731056 -0.083739 12.551335 -0.010383 
787 32.290750 0.000000 -6.319156 98.146725 -0.168829 13.511922 0.018462 
788 29.513835 0.000000 -3.718409 96.605361 -0.032301 22.297872 0.017021 
789 28.588196 0.000000 -3.718409 98.155321 -0.170332 27.526709 -0.039222 
790 29.513835 0.000000 -4.585325 98.689895 0.190729 19.729056 -0.012897 
791 30.439473 0.000000 -3.718409 96.352970 -0.044662 20.208838 0.030771 
792 39.695859 0.000000 -1.117663 93.783786 -0.324132 14.753075 0.098684 
793 39.695859 0.000000 -4.585325 96.890891 0.078247 10.652825 0.049867 
794 43.398414 0.000000 -1.117663 95.576380 -0.205187 9.453642 0.077574 
795 39.695859 0.000000 2.350000 92.846475 0.633527 -4.860178 0.135551 
796 34.142028 0.000000 -2.851494 95.097095 -0.009585 17.696730 0.064337 
797 34.142028 0.000000 -4.585325 96.759132 -0.044981 14.191273 0.043628 
798 35.993305 0.000000 -2.851494 95.634621 -0.020599 14.939053 0.063084 
799 34.142028 0.000000 -1.117663 89.781264 -0.015223 26.918711 0.121471 
800 31.365112 0.000000 -1.984578 91.483520 -0.037326 21.766559 0.115698 
801 31.365112 0.000000 -2.851494 94.511581 -0.178005 20.284214 0.065608 
802 32.290750 0.000000 -1.984578 97.788770 -0.210533 18.060479 0.011113 
803 31.365112 0.000000 -1.117663 -9.304664 -0.124065 0.124797 0.991339 
804 29.976654 0.000000 -2.418036 90.733782 0.024037 17.592503 0.145788 
805 29.513835 0.000000 -2.418036 79.939967 -0.066152 36.884580 0.224913 
806 29.976654 0.000000 -2.851494 93.786774 0.100891 22.653800 0.069084 
807 30.439473 0.000000 -2.418036 91.356773 0.093455 25.136003 0.102211 
808 29.976654 0.000000 -1.984578 91.033022 0.054354 20.655162 0.128635 
809 39.695859 0.000000 5.817663 95.773148 -0.000000 2.626086 0.082061 
810 43.398414 0.000000 5.817663 97.227740 -0.741824 3.923604 0.053082 
811 39.695859 0.000000 9.285325 101.951253 0.174013 2.756475 -0.040169 
812 34.142028 0.000000 4.083831 98.081382 0.000000 0.853480 0.037931 
813 34.142028 0.000000 2.350000 92.517200 -0.510151 -5.278260 0.141245 
814 35.993305 0.000000 4.083831 97.305406 -0.000000 2.163409 0.052698 
815 34.142028 0.000000 5.817663 96.417243 0.000000 4.574720 0.068279 
816 31.365112 0.000000 3.216916 98.994565 0.214129 -5.937477 0.016478 
817 31.365112 0.000000 2.350000 98.963384 0.209353 -5.393211 0.017712 
818 32.290750 0.000000 3.216916 119.156894 0.000000 -1.815352 -0.420166 
819 31.365112 0.000000 4.083831 100.050653 0.136683 -0.029838 -0.001015 
820 34.142028 0.000000 0.616169 -4.533907 0.056766 -0.028266 0.997944 
821 35.993305 0.000000 0.616169 -3.637256 -0.001887 0.918920 0.998593 
822 31.365112 0.000000 1.483084 -7.713788 -0.161475 -0.393480 0.994032 
823 31.365112 0.000000 0.616169 -7.811992 -0.114881 -0.333778 0.993885 
824 32.290750 0.000000 1.483084 -6.796135 -0.044032 -1.117704 0.995256 
825 30.902292 0.000000 2.783458 100.121449 0.151634 -6.734347 -0.006968 
826 30.439473 0.000000 2.783458 101.427827 0.123476 -6.142136 -0.032535 
827 30.902292 0.000000 2.350000 100.338036 0.143271 -6.776548 -0.011366 
828 31.365112 0.000000 2.783458 98.805435 0.217510 -5.108288 0.021134 
829 30.902292 0.000000 3.216916 99.964703 0.153015 -6.845933 -0.003983 
830 33.216389 0.000000 -1.984578 94.822766 -0.206830 33.293734 -0.009987 
831 33.216389 0.000000 -2.851494 95.912401 -0.357475 19.086446 0.043639 
832 34.142028 0.000000 -1.984578 92.127801 0.042412 20.676324 0.108496 
833 33.216389 0.000000 -1.117663 90.883043 -0.108939 34.483591 0.055114 
834 31.365112 0.000000 -0.250747 -8.432000 -0.102290 -0.016443 0.992889 
835 30.439473 0.000000 -0.250747 -8.431971 -0.064809 -1.032237 0.992783 
836 32.290750 0.000000 -0.250747 -7.133521 -0.164272 0.447500 0.994889 
837 31.827931 0.000000 -1.551120 95.921002 -0.151530 14.395670 0.059190 
838 31.365112 0.000000 -1.551120 91.929380 -0.047395 20.692949 0.112079 
839 31.827931 0.000000 -1.984578 95.793204 -0.148429 14.354684 0.061758 
840 32.290750 0.000000 -1.551120 97.645652 -0.213389 19.644891 0.007936 
841 31.827931 0.000000 -1.117663 -9.052134 -0.017991 0.888374 0.991727 
842 33.216389 0.000000 3.216916 109.588575 0.000000 -3.956217 -0.202531 
843 33.216389 0.000000 2.350000 95.141806 -0.289062 -5.144333 0.092149 
844 34.142028 0.000000 3.216916 104.113209 -0.000000 -5.328497 -0.086795 
845 33.216389 0.000000 4.083831 99.383259 0.000000 0.298949 0.012288 
846 31.827931 0.000000 2.783458 99.057436 0.211837 -2.231613 0.018260 
847 31.827931 0.000000 2.350000 96.362904 0.219419 -2.844937 0.070605 
848 32.290750 0.000000 2.783458 110.441184 0.031562 -2.568489 -0.220385 
849 31.827931 0.000000 3.216916 123.875577 0.000000 2.611601 -0.535198 
850 33.216389 0.000000 -0.250747 -5.502100 -0.105346 0.424210 0.996954 
851 34.142028 0.000000 -0.250747 -4.993849 0.090980 0.059569 0.997505 
852 33.216389 0.000000 0.616169 -5.490746 0.163526 -0.200299 0.996978 
853 32.753570 0.000000 -1.551120 95.134020 -0.193693 30.401260 0.002524 
854 32.753570 0.000000 -1.984578 96.190130 -0.214188 27.852487 -0.002835 
855 33.216389 0.000000 -1.551120 91.264681 -0.118348 34.395869 0.048767 
856 32.753570 0.000000 -1.117663 93.038461 -0.162163 33.956660 0.019076 
857 33.216389 0.000000 1.483084 -5.148983 0.213915 -1.412782 0.997145 
858 34.142028 0.000000 1.483084 -3.650211 0.041186 -0.840767 0.998597 
859 32.753570 0.000000 2.783458 108.391550 -0.087084 -4.267283 -0.176695 
860 32.753570 0.000000 2.350000 100.365060 -0.147154 -4.521335 -0.009361 
861 33.216389 0.000000 2.783458 103.109504 -0.166953 -5.516474 -0.066203 
862 32.753570 0.000000 3.216916 114.486302 -0.000000 -3.913153 -0.312243 
863 37.844582 0.000000 0.616169 -5.265920 0.042895 0.134395 0.997225 
864 37.844582 0.000000 -1.117663 92.424579 0.122483 17.159786 0.116322 
865 39.695859 0.000000 0.616169 84.701681 -0.189810 37.551665 0.141546 
866 37.844582 0.000000 2.350000 97.603447 -0.531399 -23.166867 -0.006342 
867 35.067666 0.000000 -0.250747 -5.005611 0.112268 1.172924 0.997356 
868 35.067666 0.000000 -1.117663 96.884792 0.146509 14.595001 0.040030 
869 35.993305 0.000000 -0.250747 92.507852 0.082458 35.122520 0.020870 
870 35.067666 0.000000 0.616169 -3.908483 0.011553 0.491544 0.998448 
871 43.398414 0.000000 -18.455975 99.095425 -0.279800 9.776629 0.008444 
872 43.398414 0.000000 -25.391300 99.270403 -0.136754 10.023126 0.004491 
873 50.803523 0.000000 -18.455975 99.169620 -0.172166 9.587754 0.007343 
874 39.695859 0.000000 -8.052988 98.137177 -0.109224 10.164153 0.026577 
875 39.695859 0.000000 -11.520650 98.541685 -0.027413 9.894919 0.019163 
876 43.398414 0.000000 -8.052988 98.122023 -0.097683 9.185068 0.028769 
877 37.844582 0.000000 -2.851494 95.512780 0.129423 13.434125 0.069682 
878 37.844582 0.000000 -4.585325 96.767236 0.016806 11.707865 0.049903 
879 39.695859 0.000000 -2.851494 95.810593 0.001529 11.638919 0.068487 
880 35.067666 0.000000 -1.984578 94.540489 0.118395 17.055902 0.077118 
881 35.067666 0.000000 -2.851494 95.224098 0.091470 15.708643 0.068560 
882 35.993305 0.000000 -1.984578 95.345901 0.072290 17.449260 0.060468 
883 34.604847 0.000000 -0.684205 92.803980 0.096942 16.159787 0.112627 
884 34.142028 0.000000 -0.684205 90.590361 0.029931 23.624197 0.123528 
885 34.604847 0.000000 -1.117663 92.379260 0.081488 17.607130 0.115605 
886 35.067666 0.000000 -0.684205 97.032317 0.146466 14.664290 0.036967 
887 34.604847 0.000000 -0.250747 -4.796954 0.030844 0.228422 0.997694 
888 37.844582 0.000000 4.083831 96.903114 -0.000000 1.216325 0.060831 
889 39.695859 0.000000 4.083831 95.860918 0.000000 1.046187 0.080959 
890 37.844582 0.000000 5.817663 95.642900 -0.000000 3.524715 0.084001 
891 35.067666 0.000000 3.216916 102.319494 -0.000000 0.079468 -0.046929 
892 35.067666 0.000000 2.350000 93.926815 -0.636269 1.871224 0.117385 
893 35.993305 0.000000 3.216916 103.361519 -0.000000 8.686471 -0.075906 
894 35.067666 0.000000 4.083831 97.778659 -0.000000 1.472281 0.043717 
895 35.067666 0.000000 1.483084 -2.702847 -0.129230 0.427565 0.999250 
896 35.993305 0.000000 1.483084 -3.504645 -0.005291 1.927651 0.998400 
897 34.604847 0.000000 2.783458 95.873297 -0.373742 -3.865123 0.079323 
898 34.142028 0.000000 2.783458 95.635142 -0.368225 -5.833692 0.081975 
899 34.604847 0.000000 2.350000 91.475078 -0.567966 -3.832344 0.161730 
900 35.067666 0.000000 2.783458 98.553860 -0.390230 2.098259 0.028258 
901 34.604847 0.000000 3.216916 102.878525 -0.000000 -3.076789 -0.059346 
902 33.679208 0.000000 2.783458 98.727751 -0.242313 -6.738282 0.020737 
903 33.679208 0.000000 2.350000 93.785042 -0.400393 -6.170001 0.116614 
904 33.679208 0.000000 3.216916 105.239753 -0.000000 -4.885511 -0.109927 
905 34.604847 0.000000 1.916542 -1.942429 -0.038726 -1.132861 0.999494 
906 34.142028 0.000000 1.916542 -2.865642 0.049346 -1.679055 0.998897 
907 34.604847 0.000000 1.483084 -3.110568 -0.050827 -0.465503 0.999011 
908 35.067666 0.000000 1.916542 -1.661172 -0.077593 0.271529 0.999716 
909 34.373437 0.000000 2.566729 93.532675 -0.452223 -4.952278 0.122691 
910 34.142028 0.000000 2.566729 93.971067 -0.422471 -5.741553 0.113629 
911 34.373437 0.000000 2.350000 89.375565 -0.663371 -3.335197 0.200044 
912 34.604847 0.000000 2.566729 93.227198 -0.485932 -3.852091 0.129361 
913 34.373437 0.000000 2.783458 96.656001 -0.345680 -5.545424 0.062675 
914 36.918944 0.000000 3.216916 127.835261 0.000000 -12.278377 -0.649261 
915 36.918944 0.000000 2.350000 236.769000 -0.628453 -66.150371 -5.043583 
916 37.844582 0.000000 3.216916 100.337533 0.000000 -1.947753 -0.007141 
917 36.918944 0.000000 4.083831 97.347231 -0.000000 1.703656 0.052061 
918 35.530486 0.000000 2.783458 96.948832 -0.461871 11.318087 0.047261 
919 35.530486 0.000000 2.350000 93.994327 -0.664275 11.088853 0.104166 
920 35.993305 0.000000 2.783458 96.984754 -0.432503 21.776028 0.011957 
921 35.530486 0.000000 3.216916 103.308691 -0.000000 4.298151 -0.069116 
922 34.836257 0.000000 2.566729 94.515494 -0.480510 -2.240222 0.106157 
923 34.836257 0.000000 2.350000 93.106880 -0.571925 -0.764307 0.133020 
924 35.067666 0.000000 2.566729 94.241053 -0.567114 0.308586 0.111821 
925 34.836257 0.000000 2.783458 95.992777 -0.419302 -1.590154 0.078268 
926 80.423959 0.000000 168.797801 99.467011 0.011573 10.425565 -0.000238 
927 21.183087 0.000000 168.797801 99.469093 0.007714 10.437563 -0.000304 
928 139.664831 0.000000 168.797801 99.462559 0.015118 10.418439 -0.000134 
929 80.423959 0.000000 224.280401 99.460982 0.008298 10.438801 -0.000146 
930 50.803523 0.000000 85.573901 99.513377 0.018905 10.349698 -0.001003 
931 21.183087 0.000000 85.573901 99.522043 0.011964 10.398849 -0.001277 
932 80.423959 0.000000 85.573901 99.493424 0.027843 10.320973 -0.000546 
933 50.803523 0.000000 113.315201 99.488518 0.014320 10.398954 -0.000610 
934 35.993305 0.000000 43.961950 99.800661 0.067538 10.066781 -0.006152 
935 21.183087 0.000000 43.961950 99.845791 0.078052 10.299736 -0.007527 
936 50.803523 0.000000 43.961950 99.676419 0.069862 9.944972 -0.003430 
937 35.993305 0.000000 57.832600 99.661420 0.045151 10.246864 -0.003740 
938 28.588196 0.000000 23.155975 100.361570 0.331964 9.439661 -0.016166 
939 21.183087 0.000000 23.155975 100.514015 0.326549 9.935316 -0.020188 
940 35.993305 0.000000 23.155975 100.157837 0.308780 9.038518 -0.011338 
941 28.588196 0.000000 30.091300 100.149578 0.147494 9.807140 -0.012614 
942 32.290750 0.000000 12.752988 100.660145 -0.044034 7.667657 -0.019126 
943 28.588196 0.000000 12.752988 101.138104 -0.053459 7.939232 -0.029195 
944 35.993305 0.000000 12.752988 100.755380 0.373542 7.516370 -0.020828 
945 32.290750 0.000000 16.220650 100.508466 0.273874 8.434343 -0.017316 
946 34.142028 0.000000 7.551494 99.251202 -0.122489 5.505665 0.011887 
947 32.290750 0.000000 7.551494 99.988568 -0.098730 5.173257 -0.002449 
948 35.993305 0.000000 7.551494 95.948460 0.000000 7.728147 0.073417 
949 34.142028 0.000000 9.285325 100.359709 -0.039121 6.699953 -0.011696 
950 35.067666 0.000000 4.950747 96.813653 -0.000000 3.221360 0.061674 
951 34.142028 0.000000 4.950747 96.738973 -0.000000 3.256614 0.063097 
952 35.993305 0.000000 4.950747 96.632860 -0.000000 3.092659 0.065253 
953 35.067666 0.000000 5.817663 96.262793 0.000000 4.853606 0.070992 
954 34.604847 0.000000 3.650373 99.682707 -0.000000 -0.620621 0.006297 
955 34.142028 0.000000 3.650373 99.836274 -0.000000 -0.853864 0.003199 
956 35.067666 0.000000 3.650373 99.490828 -0.000000 0.855600 0.010084 
957 34.604847 0.000000 4.083831 97.784897 -0.000000 1.213291 0.043664 
958 34.373437 0.000000 3.000187 105.256597 -0.000000 -7.138199 -0.112991 
959 34.142028 0.000000 3.000187 103.394772 -0.077311 -6.759435 -0.073617 
960 34.604847 0.000000 3.000187 104.159276 -0.000000 -4.189186 -0.086670 
961 34.373437 0.000000 3.216916 103.439951 -0.000000 -4.923126 -0.072406 
962 34.489142 0.000000 2.675093 94.487373 -0.423404 -4.427871 0.105235 
963 34.373437 0.000000 2.675093 94.177665 -0.429693 -5.145102 0.110391 
964 34.489142 0.000000 2.566729 93.675449 -0.454741 -4.362814 0.120567 
965 34.604847 0.000000 2.675093 94.251723 -0.438215 -4.149215 0.109920 
966 34.489142 0.000000 2.783458 96.257718 -0.373316 -4.517777 0.071390 
967 36.918944 0.000000 -0.250747 86.903712 0.258018 35.871251 0.116093 
968 36.918944 0.000000 -1.117663 91.419827 0.175912 21.703382 0.117135 
969 37.844582 0.000000 -0.250747 91.946862 0.181407 16.191850 0.128357 
970 36.918944 0.000000 0.616169 -3.639572 0.013219 0.489413 0.998651 
971 36.918944 0.000000 -1.984578 94.426469 0.202564 16.627994 0.080711 
972 36.918944 0.000000 -2.851494 95.519057 0.133602 14.279654 0.067218 
973 37.844582 0.000000 -1.984578 94.354627 0.060791 15.056604 0.087050 
974 36.456124 0.000000 -0.684205 89.854862 0.163140 37.481246 0.052123 
975 35.993305 0.000000 -0.684205 93.354287 0.072382 33.804004 0.014226 
976 36.456124 0.000000 -1.117663 93.549154 0.201171 24.312015 0.065744 
977 36.918944 0.000000 -0.684205 87.539760 0.240462 37.337627 0.094263 
978 36.456124 0.000000 -0.250747 88.979741 0.190683 38.094993 0.063134 
979 36.918944 0.000000 1.483084 -4.757129 -0.014297 0.767219 0.997678 
980 37.844582 0.000000 1.483084 -4.822954 0.015580 -0.179813 0.997671 
981 36.456124 0.000000 2.783458 150.945960 -0.464135 -8.497408 -1.285710 
982 36.456124 0.000000 2.350000 159.030884 -0.568735 -11.576706 -1.542517 
983 36.918944 0.000000 2.783458 219.152914 -0.481913 -57.138032 -4.129299 
984 36.456124 0.000000 3.216916 105.053088 -0.000000 3.508964 -0.104846 
985 58.208632 0.000000 -4.585325 99.277992 -0.199686 8.116875 0.007796 
986 58.208632 0.000000 -11.520650 99.276733 -0.155750 9.004476 0.006303 
987 65.613741 0.000000 -4.585325 99.459045 -0.149180 8.074783 0.004267 
988 58.208632 0.000000 2.350000 99.316693 -0.172319 7.502738 0.007987 
989 47.100968 0.000000 -1.117663 97.738005 -0.100637 7.813608 0.038622 
990 47.100968 0.000000 -4.585325 98.165770 -0.081363 8.151235 0.029703 
991 50.803523 0.000000 -1.117663 98.618012 -0.300012 7.755494 0.021425 
992 47.100968 0.000000 2.350000 97.690884 0.141247 6.453896 0.041482 
993 41.547137 0.000000 0.616169 89.316854 -0.146974 18.792562 0.166932 
994 41.547137 0.000000 -1.117663 94.493835 -0.354232 11.671151 0.093457 
995 43.398414 0.000000 0.616169 93.451828 0.074469 8.713599 0.119082 
996 41.547137 0.000000 2.350000 95.035328 0.206596 -26.942300 0.024236 
997 38.770221 0.000000 -0.250747 92.257057 -0.083394 36.618402 0.014772 
998 38.770221 0.000000 -1.117663 93.838775 -0.145554 16.062382 0.093626 
999 39.695859 0.000000 -0.250747 90.988529 -0.284112 19.219641 0.135161 
1000 38.770221 0.000000 0.616169 91.071087 -0.098875 36.831456 0.034949 
1001 38.770221 0.000000 1.483084 -2.834743 -0.074356 -0.258823 0.999189 
1002 39.695859 0.000000 1.483084 -2.098921 -0.313139 0.264390 0.999543 
1003 38.770221 0.000000 2.350000 111.478471 0.199893 -28.419867 -0.323518 
1004 38.307401 0.000000 0.182711 95.205990 -0.043490 20.719357 0.050653 
1005 37.844582 0.000000 0.182711 93.657260 0.091765 16.240877 0.096454 
1006 38.307401 0.000000 -0.250747 96.069250 -0.028926 16.101877 0.051143 
1007 38.770221 0.000000 0.182711 93.021082 -0.072218 32.459506 0.029345 
1008 38.307401 0.000000 0.616169 96.004822 -0.035854 16.372036 0.051503 
1009 58.208632 0.000000 9.285325 99.919392 -14.952196 -0.676210 -0.020791 
1010 65.613741 0.000000 9.285325 99.691699 -3.044692 6.349693 0.001198 
1011 58.208632 0.000000 16.220650 99.536712 0.415663 7.854078 0.003058 
1012 47.100968 0.000000 5.817663 98.323505 -0.620672 6.081739 0.029512 
1013 50.803523 0.000000 5.817663 98.944276 -0.857329 6.096718 0.017213 
1014 47.100968 0.000000 9.285325 99.125571 2.871476 4.893060 0.014193 
1015 41.547137 0.000000 4.083831 95.405813 -0.504029 2.126588 0.089295 
1016 43.398414 0.000000 4.083831 95.662684 -0.126865 4.277018 0.083034 
1017 41.547137 0.000000 5.817663 96.225527 -0.566412 3.273623 0.072961 
1018 38.770221 0.000000 3.216916 99.547226 -0.000000 -2.825111 0.008237 
1019 39.695859 0.000000 3.216916 97.024849 0.000000 -1.135041 0.058489 
1020 38.770221 0.000000 4.083831 96.369574 -0.000000 0.885982 0.071212 
1021 38.307401 0.000000 2.783458 102.749610 -0.161397 -21.122618 -0.100367 
1022 37.844582 0.000000 2.783458 100.355214 -0.288396 -23.220585 -0.061045 
1023 38.307401 0.000000 2.350000 100.014668 -0.200684 -22.600226 -0.051374 
1024 38.770221 0.000000 2.783458 105.071103 0.007713 -12.803256 -0.120386 
1025 38.307401 0.000000 3.216916 99.692136 -0.000000 -2.123441 0.005697 
1026 40.621498 0.000000 3.216916 95.875368 -1.771512 -0.369367 0.080464 
1027 40.621498 0.000000 2.350000 98.962928 0.506213 -3.412675 0.019444 
1028 41.547137 0.000000 3.216916 94.303114 -1.323693 -0.930053 0.110431 
1029 40.621498 0.000000 4.083831 95.635506 -0.607391 1.711108 0.085055 
1030 39.233040 0.000000 2.783458 97.459112 0.074537 -3.462976 0.048972 
1031 39.233040 0.000000 2.350000 93.057914 0.273423 -4.660525 0.131843 
1032 39.695859 0.000000 2.783458 96.423144 0.319884 -3.457104 0.069052 
1033 39.233040 0.000000 3.216916 98.226886 0.000000 -1.807094 0.034821 
1034 40.621498 0.000000 1.483084 -5.045110 -0.031132 0.997370 0.997355 
1035 40.621498 0.000000 0.616169 92.378326 -0.058288 18.957632 0.110685 
1036 41.547137 0.000000 1.483084 69.129489 -0.051451 47.516784 0.296327 
1037 39.233040 0.000000 1.916542 -1.017006 -0.110277 -0.367947 0.999882 
1038 38.770221 0.000000 1.916542 -2.002641 0.010781 -1.699753 0.999310 
1039 39.233040 0.000000 1.483084 -1.995539 -0.158552 0.195576 0.999595 
1040 39.695859 0.000000 1.916542 -2.000918 -0.441752 0.533787 0.999552 
1041 40.158679 0.000000 2.783458 95.737540 0.915748 -3.413285 0.082183 
1042 40.158679 0.000000 2.350000 96.264479 0.652501 -3.382817 0.072128 
1043 40.621498 0.000000 2.783458 99.736182 0.657451 -3.781216 0.003796 
1044 40.158679 0.000000 3.216916 96.270461 0.000000 -0.308302 0.073190 
1045 39.464450 0.000000 2.566729 86.972203 0.466219 -4.113923 0.241869 
1046 39.233040 0.000000 2.566729 96.570277 0.246987 -23.333398 0.012967 
1047 39.464450 0.000000 2.350000 90.947359 0.620187 -4.771000 0.170543 
1048 39.695859 0.000000 2.566729 92.878491 0.665521 -4.432705 0.135349 
1049 39.464450 0.000000 2.783458 96.545387 0.071453 -2.984129 0.067008 
1050 41.547137 0.000000 -2.851494 96.141672 0.021013 10.220284 0.065232 
1051 41.547137 0.000000 -4.585325 97.278149 0.014618 9.943753 0.043808 
1052 43.398414 0.000000 -2.851494 96.817639 0.054782 9.371928 0.053851 
1053 40.621498 0.000000 -0.250747 92.240823 -0.350945 15.019812 0.126591 
1054 40.621498 0.000000 -1.117663 94.026553 -0.351898 12.963888 0.099082 
1055 41.547137 0.000000 -0.250747 93.007764 -0.520012 13.165851 0.117595 
1056 40.158679 0.000000 1.049627 88.341695 -0.051856 22.976618 0.166782 
1057 39.695859 0.000000 1.049627 84.420003 -0.162136 34.263103 0.169928 
1058 40.158679 0.000000 0.616169 87.009245 -0.096930 26.975776 0.170169 
1059 40.621498 0.000000 1.049627 93.296336 -0.063134 18.299721 0.096091 
1060 40.158679 0.000000 1.483084 -3.765885 0.029036 0.405064 0.998565 
1061 45.249691 0.000000 0.616169 96.383770 -0.006947 7.735229 0.065033 
1062 45.249691 0.000000 -1.117663 97.040237 -0.072508 8.706110 0.050739 
1063 47.100968 0.000000 0.616169 97.606427 -0.126382 7.453538 0.041741 
1064 45.249691 0.000000 2.350000 96.455740 0.398364 6.380509 0.065542 
1065 42.472775 0.000000 1.483084 83.961025 0.038710 10.106471 0.284840 
1066 42.472775 0.000000 0.616169 90.681795 -0.008345 11.648978 0.164111 
1067 43.398414 0.000000 1.483084 92.658124 0.004258 7.341405 0.136058 
1068 42.472775 0.000000 2.350000 86.495152 0.507002 0.993763 0.251734 
1069 41.084317 0.000000 1.049627 86.977377 -0.074238 41.522400 0.071082 
1070 41.084317 0.000000 0.616169 91.978840 0.026819 21.212830 0.108991 
1071 41.547137 0.000000 1.049627 74.386059 -0.061349 48.517676 0.211275 
1072 41.084317 0.000000 1.483084 80.589585 -0.076395 46.270420 0.136436 
1073 45.249691 0.000000 4.083831 97.141634 -0.669896 5.444030 0.053342 
1074 47.100968 0.000000 4.083831 97.956216 -1.517040 6.014491 0.036610 
1075 45.249691 0.000000 5.817663 97.830561 -1.405760 5.232828 0.039982 
1076 42.472775 0.000000 3.216916 93.257076 -1.110083 2.195401 0.129707 
1077 43.398414 0.000000 3.216916 94.605623 -1.027581 4.416083 0.102922 
1078 42.472775 0.000000 4.083831 95.332260 -0.294347 3.135768 0.090184 
1079 41.084317 0.000000 2.783458 96.424664 -0.407562 -4.846130 0.067863 
1080 41.084317 0.000000 2.350000 100.967379 0.414051 -13.156389 -0.036767 
1081 41.547137 0.000000 2.783458 93.499168 -0.420129 -5.739501 0.122479 
1082 41.084317 0.000000 3.216916 95.483446 -1.629024 -0.979369 0.087930 
1083 42.009956 0.000000 1.916542 59.906162 0.054598 9.996973 0.631131 
1084 41.547137 0.000000 1.916542 64.231857 -0.038636 40.144072 0.426272 
1085 42.009956 0.000000 1.483084 62.860764 -0.041306 45.659875 0.396370 
1086 42.472775 0.000000 1.916542 81.531009 0.110576 5.062474 0.332705 
1087 42.009956 0.000000 2.350000 81.216031 0.187336 -38.742677 0.190293 
1088 41.084317 0.000000 1.916542 -3.096121 0.013754 1.083229 0.998924 
1089 40.621498 0.000000 1.916542 -4.664119 -0.051481 0.938951 0.997736 
1090 42.009956 0.000000 2.783458 90.697892 -0.266725 -2.839098 0.176576 
1091 42.472775 0.000000 2.783458 90.957222 -0.269116 1.292639 0.172504 
1092 42.009956 0.000000 3.216916 93.321834 -1.211277 0.379714 0.128942 
1093 41.778546 0.000000 2.133271 86.539500 0.028154 -28.636580 0.169086 
1094 41.547137 0.000000 2.133271 93.140022 0.100274 -27.729385 0.055601 
1095 41.778546 0.000000 1.916542 68.462180 -0.005810 11.519620 0.518023 
1096 42.009956 0.000000 2.133271 66.424073 0.090463 -16.071532 0.532954 
1097 41.778546 0.000000 2.350000 90.732493 0.134104 -31.544771 0.077252 
1098 18.406171 0.000000 -1.984578 -0.239908 -0.306192 0.107141 0.999984 
1099 19.331810 0.000000 -1.984578 -0.768850 -0.254843 0.338656 0.999923 
1100 18.406171 0.000000 -1.117663 -0.195898 -0.250523 0.349970 0.999978 
1101 17.943352 0.000000 -3.284952 83.932932 -0.395454 -19.764830 0.256446 
1102 17.943352 0.000000 -3.718409 85.526575 -0.303546 -14.339090 0.247950 
1103 18.406171 0.000000 -3.284952 86.904272 -0.370908 -30.789615 0.149951 
1104 17.943352 0.000000 -2.851494 83.557562 -0.404956 -15.109866 0.278966 
1105 23.034364 0.000000 -2.851494 -3.564468 0.105404 0.348319 0.998716 
1106 23.034364 0.000000 -4.585325 109.236186 0.057086 3.672320 -0.194603 
1107 20.257448 0.000000 -3.718409 106.941335 -0.158239 -7.795278 -0.149724 
1108 20.257448 0.000000 -4.585325 103.928100 -0.111320 -4.095116 -0.081783 
1109 21.183087 0.000000 -3.718409 108.754432 -0.143892 -8.323011 -0.189682 
1110 20.257448 0.000000 -2.851494 -1.438176 0.004243 0.524410 0.999766 
1111 18.868990 0.000000 -3.284952 94.965219 -0.368751 -32.999244 -0.010748 
1112 18.868990 0.000000 -3.718409 99.753746 -0.372812 -31.572401 -0.094777 
1113 19.331810 0.000000 -3.284952 104.701960 -0.342019 -20.681100 -0.139033 
1114 18.868990 0.000000 -2.851494 -1.070056 -0.324859 -0.200751 0.999871 
1115 18.406171 0.000000 -5.452241 97.159263 -0.214831 -1.910360 0.055638 
1116 17.480532 0.000000 -5.452241 95.080420 -0.206513 -0.140634 0.095965 
1117 18.406171 0.000000 -6.319156 97.966261 -0.157706 1.750957 0.039952 
1118 19.331810 0.000000 -5.452241 100.228775 -0.192680 -1.901925 -0.004946 
1119 18.868990 0.000000 -4.151867 104.996396 -0.370244 -24.123675 -0.160633 
1120 18.406171 0.000000 -4.151867 93.957079 -0.373191 -13.955537 0.097717 
1121 18.868990 0.000000 -4.585325 99.323669 -0.242755 -8.912195 0.005532 
1122 19.331810 0.000000 -4.151867 106.991922 -0.317974 -16.532268 -0.172069 
1123 18.637581 0.000000 -3.501681 93.044680 -0.366938 -33.970614 0.018855 
1124 18.406171 0.000000 -3.501681 88.287421 -0.364003 -33.740639 0.106677 
1125 18.637581 0.000000 -3.718409 94.527894 -0.368232 -32.953250 -0.002158 
1126 18.868990 0.000000 -3.501681 96.322733 -0.370654 -33.047947 -0.037037 
1127 18.637581 0.000000 -3.284952 91.521825 -0.365054 -34.188909 0.045474 
1128 20.257448 0.000000 -1.984578 -1.099902 0.182492 0.171463 0.999873 
1129 21.183087 0.000000 -1.984578 -1.696239 -0.066341 0.498158 0.999687 
1130 20.257448 0.000000 -1.117663 -0.599164 0.159382 0.255312 0.999955 
1131 19.794629 0.000000 -3.284952 108.217036 -0.200389 -6.426779 -0.175227 
1132 19.794629 0.000000 -3.718409 108.055363 -0.218660 -7.749220 -0.173606 
1133 20.257448 0.000000 -3.284952 106.911918 -0.151094 -7.685904 -0.148925 
1134 19.794629 0.000000 -2.851494 -1.307225 -0.256752 0.412072 0.999806 
1135 23.034364 0.000000 -6.319156 104.412700 -0.095989 6.131593 -0.093962 
1136 23.034364 0.000000 -8.052988 102.155515 0.137086 7.547408 -0.049273 
1137 24.885641 0.000000 -6.319156 105.557284 0.198480 10.224266 -0.124692 
1138 22.108726 0.000000 -3.718409 111.140376 -0.040429 -0.910191 -0.235301 
1139 22.108726 0.000000 -4.585325 108.456450 -0.085020 0.961790 -0.176373 
1140 23.034364 0.000000 -3.718409 111.947373 0.208828 2.714952 -0.253963 
1141 22.108726 0.000000 -2.851494 -2.926426 -0.106304 0.524737 0.999115 
1142 22.108726 0.000000 -5.452241 105.718937 0.111517 2.520817 -0.118286 
1143 21.183087 0.000000 -5.452241 104.160444 0.192672 0.810136 -0.085009 
1144 22.108726 0.000000 -6.319156 103.593934 0.298854 4.276085 -0.075008 
1145 23.034364 0.000000 -5.452241 106.726613 0.093471 4.882967 -0.141442 
1146 21.645906 0.000000 -4.151867 110.761497 -0.098488 -3.668161 -0.228157 
1147 21.183087 0.000000 -4.151867 109.218462 -0.139015 -7.771329 -0.198909 
1148 21.645906 0.000000 -4.585325 107.792608 0.046466 -1.303294 -0.162095 
1149 22.108726 0.000000 -4.151867 111.089361 -0.029992 -0.878935 -0.234162 
1150 21.645906 0.000000 -3.718409 110.302901 -0.112275 -4.962767 -0.219137 
1151 23.960003 0.000000 -3.718409 115.740223 0.309489 2.839247 -0.340396 
1152 23.960003 0.000000 -4.585325 111.695097 0.229766 5.789901 -0.250937 
1153 24.885641 0.000000 -3.718409 120.962091 0.265869 13.936458 -0.482612 
1154 23.960003 0.000000 -2.851494 -4.602443 0.200123 -0.153082 0.997875 
1155 22.571545 0.000000 -4.151867 111.446371 0.091886 1.530879 -0.242265 
1156 22.571545 0.000000 -4.585325 108.768868 0.118996 2.567014 -0.183727 
1157 23.034364 0.000000 -4.151867 111.973046 0.205244 2.678863 -0.254518 
1158 22.571545 0.000000 -3.718409 111.439547 0.102347 1.668174 -0.242157 
1159 26.736919 0.000000 -6.319156 104.038674 0.154482 13.856224 -0.101606 
1160 26.736919 0.000000 -8.052988 101.964418 0.171687 11.364904 -0.052593 
1161 23.960003 0.000000 -5.452241 107.900750 0.238485 7.453379 -0.169818 
1162 23.960003 0.000000 -6.319156 105.113429 0.121693 8.003071 -0.111290 
1163 24.885641 0.000000 -5.452241 108.765265 0.408125 10.724977 -0.194507 
1164 25.811280 0.000000 -3.718409 115.541220 0.252580 28.181125 -0.414401 
1165 25.811280 0.000000 -4.585325 111.215395 0.565542 17.276395 -0.266766 
1166 26.736919 0.000000 -3.718409 116.162985 0.292588 16.590624 -0.376917 
1167 25.811280 0.000000 -2.851494 112.602342 0.280689 28.847796 -0.351156 
1168 24.422822 0.000000 -4.151867 118.235133 0.340734 3.390959 -0.399116 
1169 23.960003 0.000000 -4.151867 115.777476 0.302136 3.290102 -0.341534 
1170 24.422822 0.000000 -4.585325 113.408901 0.255436 8.082750 -0.292698 
1171 24.885641 0.000000 -4.151867 120.655605 0.279789 12.510237 -0.471436 
1172 24.422822 0.000000 -3.718409 118.826601 0.336794 5.058939 -0.414547 
1173 25.811280 0.000000 -1.984578 -5.166304 0.115987 -0.271200 0.997322 
1174 24.885641 0.000000 -1.984578 -4.741605 0.279556 0.198053 0.997740 
1175 26.736919 0.000000 -1.984578 -5.519987 -0.055179 -1.198067 0.996809 
1176 25.811280 0.000000 -1.117663 -4.032840 0.096814 -0.187548 0.998369 
1177 25.348461 0.000000 -3.284952 118.325408 0.242853 25.373639 -0.464478 
1178 24.885641 0.000000 -3.284952 120.651943 0.278725 12.730962 -0.471905 
1179 25.348461 0.000000 -3.718409 118.743836 0.247176 24.227523 -0.468713 
1180 25.811280 0.000000 -3.284952 114.048472 0.257554 29.867272 -0.389917 
1181 25.348461 0.000000 -2.851494 -6.264376 0.160894 -0.573093 0.996040 
1182 27.662557 0.000000 -3.718409 113.426944 0.269681 39.007455 -0.438733 
1183 27.662557 0.000000 -4.585325 105.956661 0.062767 21.822316 -0.170303 
1184 27.662557 0.000000 -2.851494 102.271437 0.279919 51.941481 -0.315744 
1185 26.274099 0.000000 -3.284952 112.455686 0.302784 25.078682 -0.327531 
1186 26.274099 0.000000 -3.718409 113.425818 0.282222 26.499149 -0.356770 
1187 26.736919 0.000000 -3.284952 115.919551 0.296169 14.719987 -0.365411 
1188 26.274099 0.000000 -2.851494 113.311469 0.293409 23.682536 -0.340044 
1189 27.662557 0.000000 -1.984578 -5.634312 -0.071922 -1.997478 0.996426 
1190 27.662557 0.000000 -1.117663 -4.733433 -0.006748 -1.893096 0.997401 
1191 27.199738 0.000000 -3.284952 119.467269 0.261024 23.909637 -0.484417 
1192 27.199738 0.000000 -3.718409 116.081362 0.272993 27.792560 -0.424738 
1193 27.662557 0.000000 -3.284952 106.076166 0.279293 50.127546 -0.376500 
1194 27.199738 0.000000 -2.851494 117.110813 0.268070 27.438353 -0.446788 
1195 28.125377 0.000000 -2.418036 87.085157 0.293434 48.049454 0.010734 
1196 27.662557 0.000000 -2.418036 -6.147249 -0.057698 -1.822303 0.995889 
1197 28.125377 0.000000 -2.851494 90.529803 0.287148 53.006750 -0.100544 
1198 28.588196 0.000000 -2.418036 88.597246 0.250312 29.605237 0.127400 
1199 28.125377 0.000000 -1.984578 -5.566075 -0.080759 -2.124548 0.996450 
1200 28.125377 0.000000 -3.284952 95.300981 0.282480 56.547506 -0.227998 
1201 28.125377 0.000000 -3.718409 102.484680 -0.024822 31.312350 -0.148357 
1202 28.588196 0.000000 -3.284952 93.022087 -0.133550 29.973748 0.044845 
1203 29.051015 0.000000 -2.418036 91.434498 0.056416 24.818522 0.102377 
1204 29.051015 0.000000 -2.851494 92.646056 0.140347 19.608089 0.103221 
1205 29.051015 0.000000 -1.984578 -4.670573 -0.295538 -2.213956 0.997320 
1206 28.356786 0.000000 -2.634765 86.557378 0.288394 42.571790 0.069538 
1207 28.125377 0.000000 -2.634765 90.064292 0.288941 51.560266 -0.077012 
1208 28.356786 0.000000 -2.851494 87.722316 0.282815 44.755821 0.030163 
1209 28.588196 0.000000 -2.634765 88.267521 0.261362 34.603995 0.101134 
1210 28.356786 0.000000 -2.418036 87.458193 0.278000 40.654744 0.069818 
1211 35.530486 0.000000 1.916542 -1.374845 -0.042475 2.679715 0.999093 
1212 35.530486 0.000000 1.483084 -2.826569 -0.047016 1.377669 0.999011 
1213 35.993305 0.000000 1.916542 100.165232 -0.000000 48.827585 -0.241721 
1214 35.761895 0.000000 2.566729 94.197754 -0.565411 18.587204 0.078098 
1215 35.530486 0.000000 2.566729 95.426462 -0.589097 9.918186 0.079507 
1216 35.761895 0.000000 2.350000 93.649197 -0.614677 17.623975 0.091885 
1217 35.993305 0.000000 2.566729 90.172310 -0.531411 38.395446 0.039446 
1218 35.761895 0.000000 2.783458 97.452932 -0.448643 15.708346 0.025597 
1219 35.299076 0.000000 2.566729 97.819759 -0.493523 5.127993 0.040475 
1220 35.299076 0.000000 2.350000 93.879108 -0.675223 1.807365 0.118299 
1221 35.299076 0.000000 2.783458 97.259631 -0.494214 2.655554 0.053327 
1222 35.530486 0.000000 3.650373 99.149193 -0.000000 2.289798 0.016419 
1223 35.993305 0.000000 3.650373 99.655827 -0.000000 2.407991 0.006292 
1224 35.530486 0.000000 4.083831 97.565097 -0.000000 1.928506 0.047733 
1225 35.761895 0.000000 3.000187 102.015369 -0.140144 15.501500 -0.064745 
1226 35.530486 0.000000 3.000187 103.443557 -0.101854 8.466995 -0.077227 
1227 35.993305 0.000000 3.000187 101.826100 -0.127781 20.868322 -0.080406 
1228 35.761895 0.000000 3.216916 103.652450 -0.000000 8.489873 -0.081591 
1229 35.646190 0.000000 2.675093 95.469601 -0.568443 12.143107 0.073778 
1230 35.530486 0.000000 2.675093 95.858910 -0.566462 10.100988 0.070872 
1231 35.646190 0.000000 2.566729 97.691137 -0.554062 7.868370 0.039422 
1232 35.761895 0.000000 2.675093 95.144490 -0.531164 17.940207 0.062539 
1233 35.646190 0.000000 2.783458 96.408540 -0.526064 12.100129 0.055870 
1234 43.398414 0.000000 23.155975 99.853484 0.031695 8.912998 -0.005016 
1235 50.803523 0.000000 23.155975 99.574687 0.198947 9.001810 0.000381 
1236 43.398414 0.000000 30.091300 99.658977 0.121091 9.613280 -0.002434 
1237 39.695859 0.000000 12.752988 100.754824 0.328283 6.433984 -0.019304 
1238 43.398414 0.000000 12.752988 99.989037 0.563161 5.927489 -0.003326 
1239 39.695859 0.000000 16.220650 100.340370 0.396494 7.710198 -0.012779 
1240 37.844582 0.000000 7.551494 94.435917 -0.000000 3.579072 0.106905 
1241 39.695859 0.000000 7.551494 95.588259 0.000000 2.231518 0.085790 
1242 37.844582 0.000000 9.285325 104.129145 0.187418 4.356784 -0.086190 
1243 38.770221 0.000000 4.950747 95.991795 0.000000 2.213315 0.078068 
1244 37.844582 0.000000 4.950747 96.097434 -0.000000 2.627957 0.075838 
1245 39.695859 0.000000 4.950747 96.009444 -0.000000 2.157672 0.077753 
1246 38.770221 0.000000 5.817663 95.558984 0.000000 2.928756 0.085990 
1247 41.547137 0.000000 7.551494 96.978063 0.000000 2.090312 0.059089 
1248 43.398414 0.000000 7.551494 98.124133 -2.129440 3.790576 0.035275 
1249 41.547137 0.000000 9.285325 99.745622 1.292275 2.940513 0.004049 
1250 40.621498 0.000000 4.950747 95.900444 0.000000 2.424732 0.079723 
1251 41.547137 0.000000 4.950747 95.966673 0.530696 3.237277 0.077964 
1252 40.621498 0.000000 5.817663 96.067838 0.000000 2.812146 0.076306 
1253 39.233040 0.000000 4.517289 96.110369 -0.000000 1.522250 0.076048 
1254 38.770221 0.000000 4.517289 96.152764 -0.000000 1.626818 0.075200 
1255 39.233040 0.000000 4.083831 96.207278 -0.000000 0.844355 0.074345 
1256 39.695859 0.000000 4.517289 96.050626 0.000000 1.618795 0.077166 
1257 39.233040 0.000000 4.950747 95.899279 -0.000000 2.099055 0.079892 
1258 36.918944 0.000000 4.950747 96.339707 -0.000000 2.960809 0.070989 
1259 36.918944 0.000000 5.817663 95.921884 -0.000000 3.983971 0.078312 
1260 38.307401 0.000000 4.517289 96.285885 0.000000 1.793226 0.072581 
1261 37.844582 0.000000 4.517289 96.340020 -0.000000 2.075217 0.071429 
1262 38.307401 0.000000 4.083831 96.710660 0.000000 0.993901 0.064606 
1263 38.307401 0.000000 4.950747 95.959033 0.000000 2.429199 0.078596 
1264 39.233040 0.000000 3.650373 96.685481 -0.000000 -0.066531 0.065191 
1265 38.770221 0.000000 3.650373 97.092387 -0.000000 -0.128299 0.057305 
1266 39.695859 0.000000 3.650373 96.277899 0.000000 0.169996 0.073054 
1267 39.001630 0.000000 4.300560 96.091983 -0.000000 1.303010 0.076463 
1268 38.770221 0.000000 4.300560 96.159121 -0.000000 1.416475 0.075142 
1269 39.001630 0.000000 4.083831 96.165470 -0.000000 0.873727 0.075144 
1270 39.233040 0.000000 4.300560 96.075084 -0.000000 1.352361 0.076775 
1271 39.001630 0.000000 4.517289 96.106343 -0.000000 1.461133 0.076144 
1272 38.307401 0.000000 3.650373 97.674446 -0.000000 -0.152539 0.045968 
1273 37.844582 0.000000 3.650373 98.088867 0.000000 0.005969 0.037857 
1274 38.538811 0.000000 4.300560 96.266913 -0.000000 1.431984 0.073063 
1275 38.307401 0.000000 4.300560 96.440859 0.000000 1.478111 0.069698 
1276 38.538811 0.000000 4.083831 96.341757 0.000000 1.036772 0.071719 
1277 38.538811 0.000000 4.517289 96.196064 0.000000 1.758934 0.074322 
1278 38.770221 0.000000 6.684578 95.154405 -0.000000 3.139558 0.093578 
1279 37.844582 0.000000 6.684578 94.915218 -0.000000 3.869270 0.097613 
1280 39.695859 0.000000 6.684578 95.479047 -0.000000 2.694954 0.087649 
1281 38.770221 0.000000 7.551494 94.948781 -0.000000 2.637826 0.097777 
1282 38.307401 0.000000 5.384205 95.705087 -0.000000 2.873886 0.083228 
1283 37.844582 0.000000 5.384205 95.828782 -0.000000 3.099057 0.080724 
1284 38.770221 0.000000 5.384205 95.723012 0.000000 2.649698 0.083008 
1285 38.307401 0.000000 5.817663 95.553635 -0.000000 3.185328 0.085936 
1286 40.621498 0.000000 6.684578 96.082614 0.000000 2.612178 0.076131 
1287 41.547137 0.000000 6.684578 96.883537 -0.457942 2.987335 0.060445 
1288 40.621498 0.000000 7.551494 96.638936 -0.000000 2.163671 0.065623 
1289 40.158679 0.000000 5.384205 95.867225 0.000000 2.572953 0.080286 
1290 39.695859 0.000000 5.384205 95.779068 -0.000000 2.526223 0.081999 
1291 40.158679 0.000000 4.950747 96.010375 0.000000 2.286643 0.077678 
1292 40.621498 0.000000 5.384205 95.934514 0.000000 2.654079 0.078952 
1293 40.158679 0.000000 5.817663 95.927421 0.000000 2.684240 0.079072 
1294 39.233040 0.000000 5.384205 95.679258 -0.000000 2.570840 0.083887 
1295 39.233040 0.000000 5.817663 95.657008 -0.000000 2.714163 0.084237 
1296 47.100968 0.000000 12.752988 99.519177 0.501255 6.374912 0.005504 
1297 50.803523 0.000000 12.752988 99.464483 0.511539 6.598069 0.006302 
1298 47.100968 0.000000 16.220650 99.657228 0.252500 7.591211 0.001075 
1299 45.249691 0.000000 7.551494 98.489696 -2.175621 4.777285 0.027222 
1300 47.100968 0.000000 7.551494 98.735060 -1.611428 5.407165 0.021955 
1301 45.249691 0.000000 9.285325 99.090385 2.632959 4.452342 0.015434 
1302 42.472775 0.000000 6.684578 97.277990 -0.811407 3.394181 0.052481 
1303 42.472775 0.000000 5.817663 96.660452 -0.620991 3.538102 0.064385 
1304 43.398414 0.000000 6.684578 97.676127 -1.040769 3.814436 0.044374 
1305 42.472775 0.000000 7.551494 97.875899 -1.892464 3.200126 0.040649 
1306 41.547137 0.000000 11.019156 100.314581 0.570673 4.840226 -0.008677 
1307 39.695859 0.000000 11.019156 101.184930 0.429808 5.167784 -0.026528 
1308 43.398414 0.000000 11.019156 99.697694 0.937068 5.016818 0.003432 
1309 41.547137 0.000000 12.752988 100.331292 0.445522 6.119291 -0.010401 
1310 40.621498 0.000000 8.418409 99.008763 -0.183372 0.589074 0.019688 
1311 39.695859 0.000000 8.418409 99.371212 -0.132373 0.594390 0.012499 
1312 41.547137 0.000000 8.418409 98.816724 -0.065314 0.503200 0.023500 
1313 40.621498 0.000000 9.285325 100.905018 0.325595 2.564631 -0.018851 
1314 41.084317 0.000000 7.118036 96.750990 0.000000 2.413832 0.063342 
1315 40.621498 0.000000 7.118036 96.459120 0.000000 2.415319 0.068980 
1316 41.084317 0.000000 6.684578 96.289764 0.000000 2.642771 0.072130 
1317 41.547137 0.000000 7.118036 96.877269 0.000000 2.397355 0.060905 
1318 41.084317 0.000000 7.551494 96.926521 0.000000 2.124302 0.060074 
1319 40.158679 0.000000 7.118036 95.845870 -0.000000 2.383210 0.080789 
1320 39.695859 0.000000 7.118036 95.389935 -0.000000 2.488756 0.089457 
1321 40.158679 0.000000 6.684578 95.681665 -0.000000 2.627858 0.083811 
1322 40.158679 0.000000 7.551494 96.037327 -0.000000 2.136443 0.077227 
1323 42.472775 0.000000 8.418409 98.556300 -12.377969 3.032742 0.012424 
1324 43.398414 0.000000 8.418409 98.642495 -9.828503 3.627547 0.015990 
1325 42.472775 0.000000 9.285325 99.231759 2.032433 3.590598 0.013603 
1326 41.084317 0.000000 7.984952 97.514099 0.000000 1.561681 0.048856 
1327 40.621498 0.000000 7.984952 97.076435 -0.000000 1.617010 0.057355 
1328 41.547137 0.000000 7.984952 97.711155 0.000000 1.515239 0.045023 
1329 41.084317 0.000000 8.418409 98.999850 -0.119433 0.500022 0.019877 
1330 37.844582 0.000000 11.019156 101.697078 0.390653 6.323169 -0.038243 
1331 35.993305 0.000000 11.019156 101.102727 0.047985 7.300203 -0.027506 
1332 37.844582 0.000000 12.752988 100.826411 0.330496 7.056717 -0.021587 
1333 40.621498 0.000000 10.152241 100.789391 0.516274 3.897467 -0.017396 
1334 39.695859 0.000000 10.152241 101.570823 0.314049 4.086653 -0.033343 
1335 41.547137 0.000000 10.152241 100.140829 0.734020 3.980030 -0.004457 
1336 40.621498 0.000000 11.019156 100.758279 0.524368 4.860244 -0.017613 
1337 41.084317 0.000000 8.851867 99.910054 -0.214034 0.000000 0.001794 
1338 40.621498 0.000000 8.851867 100.519558 -0.343365 0.000000 -0.010430 
1339 41.547137 0.000000 8.851867 99.192348 -0.085504 0.000000 0.016087 
1340 41.084317 0.000000 9.285325 100.261824 0.650132 2.716797 -0.006024 
1341 45.249691 0.000000 11.019156 99.526083 0.948761 5.150757 0.006713 
1342 47.100968 0.000000 11.019156 99.328696 0.831634 5.684996 0.010080 
1343 45.249691 0.000000 12.752988 99.675551 0.665686 6.134225 0.002671 
1344 42.472775 0.000000 10.152241 99.758955 0.985330 4.245942 0.002915 
1345 43.398414 0.000000 10.152241 99.477251 1.124616 4.507032 0.008270 
1346 42.472775 0.000000 11.019156 99.984253 0.685053 4.880958 -0.002114 
1347 42.009956 0.000000 8.851867 99.025367 4.239828 2.896326 0.016761 
1348 42.009956 0.000000 8.418409 98.562947 -14.358396 2.560210 0.007263 
1349 42.472775 0.000000 8.851867 98.922814 4.608241 3.318508 0.018203 
1350 42.009956 0.000000 9.285325 99.434717 1.782647 3.266406 0.009889 
1351 41.315727 0.000000 8.635138 99.135398 -0.105931 0.329238 0.017205 
1352 41.084317 0.000000 8.635138 99.258485 -0.141106 0.340384 0.014762 
1353 41.315727 0.000000 8.418409 98.903561 -0.086297 0.504038 0.021782 
1354 41.547137 0.000000 8.635138 98.994816 -0.078330 0.349152 0.019990 
1355 41.315727 0.000000 8.851867 99.560414 -0.145958 0.000000 0.008770 
1356 42.009956 0.000000 7.984952 97.952870 -3.499415 3.019808 0.038387 
1357 42.009956 0.000000 7.551494 97.685213 -1.852755 2.801514 0.044632 
1358 42.472775 0.000000 7.984952 98.191569 -3.479971 3.694055 0.033266 
1359 41.315727 0.000000 8.201681 98.192037 -0.018967 1.158159 0.035698 
1360 41.084317 0.000000 8.201681 98.465679 -0.070286 0.891342 0.030371 
1361 41.315727 0.000000 7.984952 97.642155 0.000000 1.516356 0.046371 
1362 41.547137 0.000000 8.201681 98.616598 -0.050262 0.715896 0.027425 
1363 41.778546 0.000000 8.635138 98.751280 -0.058795 0.418796 0.024801 
1364 41.778546 0.000000 8.418409 98.788155 -0.057087 0.467587 0.024068 
1365 42.009956 0.000000 8.635138 98.875020 12.236708 2.646261 0.006699 
1366 41.778546 0.000000 8.851867 99.222302 3.821280 2.585448 0.013365 
1367 41.431432 0.000000 8.526774 98.581564 -0.050931 0.770555 0.028108 
1368 41.315727 0.000000 8.526774 98.806502 -0.065006 0.495441 0.023703 
1369 41.431432 0.000000 8.418409 98.717722 -0.066718 0.704349 0.025431 
1370 41.547137 0.000000 8.526774 98.956184 -0.075213 0.384050 0.020752 
1371 41.431432 0.000000 8.635138 99.102552 -0.100919 0.333379 0.017856 
1372 38.770221 0.000000 8.418409 99.500129 -0.124139 0.565562 0.009939 
1373 37.844582 0.000000 8.418409 99.647845 -0.008520 0.683467 0.006984 
1374 38.770221 0.000000 9.285325 103.030186 0.222812 3.236159 -0.062574 
1375 40.158679 0.000000 8.851867 101.000511 -0.296550 0.000000 -0.020119 
1376 39.695859 0.000000 8.851867 100.228112 -0.154894 0.345368 -0.004582 
1377 40.158679 0.000000 8.418409 99.081752 -0.164801 0.646270 0.018236 
1378 40.158679 0.000000 9.285325 101.426258 0.187638 2.621005 -0.029419 
1379 40.852908 0.000000 8.635138 99.455637 -0.197059 0.380091 0.010839 
1380 40.621498 0.000000 8.635138 99.208553 -0.208530 0.518002 0.015735 
1381 40.852908 0.000000 8.418409 98.991062 -0.162131 0.583801 0.020040 
1382 40.852908 0.000000 8.851867 100.258369 -0.303681 0.000000 -0.005183 
1383 41.200022 0.000000 8.526774 98.955941 -0.094295 0.493498 0.020747 
1384 41.084317 0.000000 8.526774 98.990672 -0.120711 0.508701 0.020057 
1385 41.200022 0.000000 8.418409 98.950565 -0.092434 0.494438 0.020853 
1386 41.200022 0.000000 8.635138 99.223684 -0.131371 0.335007 0.015453 
1387 40.158679 0.000000 7.984952 96.635899 -0.000000 1.696222 0.065863 
1388 39.695859 0.000000 7.984952 96.230919 -0.000000 1.785022 0.073642 
1389 40.852908 0.000000 8.201681 98.254814 -0.075929 0.995199 0.034500 
1390 40.621498 0.000000 8.201681 98.275330 -0.101815 0.963215 0.034102 
1391 40.852908 0.000000 7.984952 97.353497 0.000000 1.591034 0.051977 
1392 40.968613 0.000000 8.526774 99.025928 -0.142301 0.536140 0.019356 
1393 40.852908 0.000000 8.526774 99.001691 -0.167938 0.563266 0.019832 
1394 40.968613 0.000000 8.418409 99.013766 -0.139270 0.550948 0.019595 
1395 40.968613 0.000000 8.635138 99.307488 -0.157415 0.386888 0.013785 
1396 40.968613 0.000000 8.310045 98.776916 -0.104010 0.662638 0.024267 
1397 40.852908 0.000000 8.310045 98.924026 -0.137342 0.641327 0.021361 
1398 40.968613 0.000000 8.201681 98.163472 -0.048006 1.020233 0.036289 
1399 41.084317 0.000000 8.310045 98.857129 -0.099662 0.592414 0.022691 
1400 41.026465 0.000000 8.472592 98.997775 -0.129127 0.516014 0.019916 
1401 40.968613 0.000000 8.472592 99.005751 -0.139950 0.547081 0.019754 
1402 41.026465 0.000000 8.418409 99.008095 -0.122552 0.499324 0.019713 
1403 41.084317 0.000000 8.472592 98.975929 -0.119064 0.518285 0.020348 
1404 41.026465 0.000000 8.526774 99.014968 -0.131071 0.505505 0.019576 
1405 40.390088 0.000000 8.635138 99.461683 -0.212806 0.481110 0.010710 
1406 40.158679 0.000000 8.635138 99.405771 -0.191445 0.532956 0.011817 
1407 40.390088 0.000000 8.418409 99.247336 -0.192751 0.563302 0.014961 
1408 40.390088 0.000000 8.851867 99.763573 -0.260048 0.342584 0.004704 
1409 40.737203 0.000000 8.526774 99.023385 -0.184087 0.564989 0.019402 
1410 40.621498 0.000000 8.526774 99.080065 -0.198069 0.553919 0.018279 
1411 40.737203 0.000000 8.418409 99.053326 -0.180718 0.580776 0.018807 
1412 40.737203 0.000000 8.635138 99.277228 -0.206782 0.475811 0.014376 
1413 40.910760 0.000000 8.472592 99.038812 -0.157525 0.549241 0.019099 
1414 40.852908 0.000000 8.472592 98.971923 -0.163643 0.583625 0.020419 
1415 40.910760 0.000000 8.418409 99.109500 -0.154407 0.521134 0.017701 
1416 40.910760 0.000000 8.526774 99.054006 -0.159396 0.541589 0.018799 
1417 41.084317 0.000000 9.718783 100.362470 0.663176 3.349288 -0.008428 
1418 40.621498 0.000000 9.718783 100.765186 0.468976 3.344664 -0.016503 
1419 41.547137 0.000000 9.718783 99.975811 0.938194 3.486965 -0.000820 
1420 41.084317 0.000000 10.152241 100.436283 0.630375 3.904292 -0.010309 
1421 40.852908 0.000000 9.068596 100.604729 0.294101 2.197338 -0.012623 
1422 40.621498 0.000000 9.068596 100.901131 0.207039 2.198635 -0.018592 
1423 41.084317 0.000000 9.068596 100.180198 0.523792 2.337700 -0.004181 
1424 40.852908 0.000000 9.285325 100.540437 0.451471 2.626761 -0.011548 
1425 40.968613 0.000000 8.743503 99.505734 -0.192534 0.300938 0.009848 
1426 40.852908 0.000000 8.743503 99.696903 -0.221583 0.257708 0.006041 
1427 41.084317 0.000000 8.743503 99.266540 -0.141633 0.330636 0.014602 
1428 40.968613 0.000000 8.851867 100.107374 -0.257942 0.000000 -0.002155 
1429 41.026465 0.000000 8.580956 99.103984 -0.132710 0.440505 0.017819 
1430 40.968613 0.000000 8.580956 99.172762 -0.155454 0.471163 0.016452 
1431 41.084317 0.000000 8.580956 99.095090 -0.129655 0.438506 0.017995 
1432 41.026465 0.000000 8.635138 99.272102 -0.145639 0.343686 0.014491 
1433 40.997539 0.000000 8.499683 98.993158 -0.153250 0.579089 0.020000 
1434 40.968613 0.000000 8.499683 99.013962 -0.141905 0.544157 0.019592 
1435 40.997539 0.000000 8.472592 98.996600 -0.132631 0.522616 0.019938 
1436 41.026465 0.000000 8.499683 98.988559 -0.128348 0.519141 0.020098 
1437 40.997539 0.000000 8.526774 99.045590 -0.136992 0.498054 0.018970 
1438 36.918944 0.000000 8.418409 101.784254 0.116780 2.872907 -0.036830 
1439 35.993305 0.000000 8.418409 95.142860 0.000000 10.611997 0.083522 
1440 36.918944 0.000000 7.551494 94.779299 0.000000 6.659589 0.097253 
1441 36.918944 0.000000 9.285325 103.868747 0.269618 7.279778 -0.084178 
1442 34.142028 0.000000 11.019156 100.692115 -0.011183 7.181601 -0.019048 
1443 32.290750 0.000000 11.019156 100.835475 -0.155399 7.053278 -0.021757 
1444 34.142028 0.000000 12.752988 100.550341 0.122593 7.608161 -0.016827 
1445 35.067666 0.000000 8.418409 99.649358 0.318536 6.783687 0.002389 
1446 34.142028 0.000000 8.418409 99.928667 -0.080863 6.178975 -0.002392 
1447 35.067666 0.000000 7.551494 98.769898 0.410995 5.891478 0.020963 
1448 35.067666 0.000000 9.285325 100.524731 0.165929 7.025748 -0.015461 
1449 36.918944 0.000000 10.152241 102.216498 0.185763 6.963020 -0.049673 
1450 35.993305 0.000000 10.152241 101.378016 0.112683 7.377506 -0.033194 
1451 37.844582 0.000000 10.152241 102.621018 0.329329 5.771223 -0.056449 
1452 36.918944 0.000000 11.019156 101.442551 0.219344 6.964890 -0.033915 
1453 36.456124 0.000000 8.851867 94.135747 0.000000 9.696646 0.104444 
1454 35.993305 0.000000 8.851867 100.519637 0.369313 8.114560 -0.017018 
1455 36.456124 0.000000 8.418409 98.495035 0.060039 6.599303 0.025517 
1456 36.918944 0.000000 8.851867 103.411519 0.139379 2.167806 -0.069866 
1457 36.456124 0.000000 9.285325 102.299724 0.305998 8.093673 -0.053083 
1458 36.918944 0.000000 6.684578 95.479918 -0.000000 5.045701 0.085813 
1459 35.993305 0.000000 6.684578 96.056359 0.000000 5.963228 0.073762 
1460 36.456124 0.000000 7.984952 94.770329 0.000000 8.561313 0.094529 
1461 35.993305 0.000000 7.984952 95.885787 0.000000 8.885658 0.072696 
1462 36.456124 0.000000 7.551494 95.622538 0.000000 7.738265 0.079645 
1463 36.918944 0.000000 7.984952 94.038051 0.000000 6.190872 0.111852 
1464 37.381763 0.000000 8.851867 101.811989 0.121769 0.747639 -0.036625 
1465 37.381763 0.000000 8.418409 100.118444 0.092540 1.561668 -0.002615 
1466 37.844582 0.000000 8.851867 99.954872 0.015779 0.624517 0.000863 
1467 37.381763 0.000000 9.285325 104.597019 0.165285 5.526366 -0.097110 
1468 36.687534 0.000000 8.635138 102.522674 0.125319 3.165142 -0.052093 
1469 36.456124 0.000000 8.635138 99.567111 0.075878 5.790274 0.005286 
1470 36.687534 0.000000 8.418409 100.743028 0.098871 4.432711 -0.016882 
1471 36.918944 0.000000 8.635138 103.507919 0.140744 2.172485 -0.071863 
1472 36.687534 0.000000 8.851867 102.873866 0.128479 3.635180 -0.059626 
1473 37.381763 0.000000 7.984952 94.067916 0.000000 4.509350 0.113089 
1474 37.381763 0.000000 7.551494 94.334883 -0.000000 4.552058 0.108021 
1475 37.844582 0.000000 7.984952 94.634508 -0.000000 2.586038 0.103762 
1476 36.687534 0.000000 8.201681 96.335122 0.024101 8.719046 0.064352 
1477 36.456124 0.000000 8.201681 94.823679 0.000000 8.770683 0.093154 
1478 36.687534 0.000000 7.984952 94.343124 0.000000 7.468957 0.104359 
1479 36.918944 0.000000 8.201681 97.859804 0.063599 4.622436 0.040209 
1480 37.150353 0.000000 8.635138 103.069405 0.136036 1.661624 -0.062608 
1481 37.150353 0.000000 8.418409 100.787821 0.112330 2.331900 -0.016364 
1482 37.381763 0.000000 8.635138 103.174154 0.127400 0.781066 -0.064553 
1483 37.150353 0.000000 8.851867 104.323500 0.155498 0.995306 -0.088441 
1484 36.803239 0.000000 8.526774 106.293822 0.171049 1.563814 -0.130085 
1485 36.687534 0.000000 8.526774 101.922343 0.116413 3.591341 -0.040108 
1486 36.803239 0.000000 8.418409 101.524295 0.112058 3.516698 -0.031956 
1487 36.918944 0.000000 8.526774 102.618796 0.136209 3.734756 -0.054458 
1488 36.803239 0.000000 8.635138 103.196087 0.135678 2.478178 -0.065559 
1489 38.770221 0.000000 10.152241 102.249697 0.318153 4.690041 -0.047710 
1490 38.770221 0.000000 11.019156 101.644498 0.389504 5.585635 -0.036296 
1491 39.233040 0.000000 8.851867 100.300308 -0.127923 0.381511 -0.006031 
1492 38.770221 0.000000 8.851867 100.380450 -0.160134 0.367006 -0.007640 
1493 39.233040 0.000000 8.418409 99.268927 -0.101421 0.661360 0.014523 
1494 39.233040 0.000000 9.285325 102.522759 0.177870 2.962025 -0.051972 
1495 38.307401 0.000000 8.851867 100.020795 -0.109189 0.514422 -0.000444 
1496 38.307401 0.000000 8.418409 99.527427 -0.111065 0.597451 0.009392 
1497 38.307401 0.000000 9.285325 103.619575 0.284364 3.620954 -0.075021 
1498 37.613173 0.000000 8.635138 100.050188 0.072053 0.834325 -0.001074 
1499 37.613173 0.000000 8.418409 99.467704 0.066132 0.932398 0.010530 
1500 37.844582 0.000000 8.635138 100.220065 -0.007328 0.578325 -0.004440 
1501 37.613173 0.000000 8.851867 101.156817 0.069145 0.534424 -0.023299 
1502 37.150353 0.000000 8.201681 98.959182 0.077613 2.974952 0.019822 
1503 37.150353 0.000000 7.984952 93.986446 0.000000 5.314534 0.113830 
1504 37.381763 0.000000 8.201681 97.410847 0.053883 2.733169 0.050365 
1505 37.034648 0.000000 8.526774 99.817894 0.086334 3.839259 0.002164 
1506 37.034648 0.000000 8.418409 102.095218 0.122559 2.260500 -0.042856 
1507 37.150353 0.000000 8.526774 99.900398 0.098737 2.591501 0.001318 
1508 37.034648 0.000000 8.635138 103.257429 0.138217 1.784295 -0.066530 
1509 54.506077 0.000000 5.817663 99.219960 -1.168202 6.713735 0.010896 
1510 54.506077 0.000000 2.350000 99.097591 -0.245443 7.263095 0.012685 
1511 58.208632 0.000000 5.817663 99.422800 -0.645942 6.829003 0.006805 
1512 54.506077 0.000000 9.285325 99.577418 9.503532 3.910587 -0.002127 
1513 48.952246 0.000000 4.083831 98.452889 0.519741 6.688473 0.026202 
1514 48.952246 0.000000 2.350000 98.301239 -0.101690 6.825129 0.029027 
1515 50.803523 0.000000 4.083831 98.789843 -0.254020 6.503015 0.019821 
1516 48.952246 0.000000 5.817663 98.675772 -0.667922 6.032440 0.022626 
1517 54.506077 0.000000 -1.117663 99.039806 -0.345854 7.799462 0.013017 
1518 54.506077 0.000000 -4.585325 99.067202 -0.318416 8.064727 0.012055 
1519 58.208632 0.000000 -1.117663 99.286415 -0.232869 7.779932 0.008163 
1520 48.952246 0.000000 0.616169 98.209569 -0.258620 7.685121 0.029575 
1521 48.952246 0.000000 -1.117663 98.254044 -0.268957 7.822437 0.028488 
1522 50.803523 0.000000 0.616169 98.592863 -0.278980 7.726242 0.021967 
1523 52.654800 0.000000 4.083831 99.000007 -0.535396 6.617971 0.015491 
1524 52.654800 0.000000 2.350000 98.915220 -0.217012 7.085978 0.016552 
1525 54.506077 0.000000 4.083831 99.169982 -0.748634 6.847231 0.011787 
1526 52.654800 0.000000 5.817663 99.097310 -1.034374 6.324214 0.013866 
1527 49.877884 0.000000 3.216916 98.568869 -0.441784 6.617242 0.024019 
1528 48.952246 0.000000 3.216916 98.364847 -0.342552 6.582718 0.028091 
1529 49.877884 0.000000 2.350000 98.506036 -0.086719 6.896401 0.024899 
1530 50.803523 0.000000 3.216916 98.728263 -0.641053 6.678413 0.020772 
1531 49.877884 0.000000 4.083831 98.644551 -0.031804 6.463513 0.022747 
1532 52.654800 0.000000 0.616169 98.834528 -0.332550 7.803311 0.017073 
1533 52.654800 0.000000 -1.117663 98.858106 -0.379275 7.771696 0.016653 
1534 54.506077 0.000000 0.616169 99.017209 -0.310288 7.957156 0.013218 
1535 49.877884 0.000000 1.483084 98.456324 -0.199848 7.291604 0.025314 
1536 48.952246 0.000000 1.483084 98.245206 -0.228102 7.237176 0.029545 
1537 49.877884 0.000000 0.616169 98.420958 -0.227937 7.717354 0.025371 
1538 50.803523 0.000000 1.483084 98.624784 -0.247562 7.326448 0.021941 
1539 51.729162 0.000000 3.216916 98.841676 -0.941069 6.735051 0.018408 
1540 51.729162 0.000000 2.350000 98.795989 -0.204124 6.986162 0.019050 
1541 52.654800 0.000000 3.216916 98.945908 -1.603417 6.919797 0.015925 
1542 51.729162 0.000000 4.083831 98.904231 -0.478066 6.544454 0.017489 
1543 50.340704 0.000000 2.783458 98.627674 0.225671 6.755417 0.022690 
1544 49.877884 0.000000 2.783458 98.538543 0.348510 6.738984 0.024462 
1545 50.340704 0.000000 2.350000 98.599697 -0.133541 6.911336 0.023032 
1546 50.803523 0.000000 2.783458 98.703021 0.154899 6.799132 0.021146 
1547 50.340704 0.000000 3.216916 98.655452 -0.550344 6.650730 0.022257 
1548 48.026607 0.000000 3.216916 98.142818 -0.042831 6.355783 0.032759 
1549 47.100968 0.000000 3.216916 97.811414 0.160162 6.140774 0.039519 
1550 48.026607 0.000000 2.350000 98.052183 0.097366 6.662023 0.034138 
1551 48.026607 0.000000 4.083831 98.268908 -0.534660 6.066897 0.030613 
1552 49.415065 0.000000 2.783458 98.449696 0.430532 6.674643 0.026292 
1553 48.952246 0.000000 2.783458 98.337048 0.603459 6.651806 0.028521 
1554 49.415065 0.000000 2.350000 98.416547 -0.109965 6.839459 0.026739 
1555 49.415065 0.000000 3.216916 98.477409 -0.395270 6.575875 0.025880 
1556 48.952246 0.000000 7.551494 98.928351 -1.604886 5.600434 0.017924 
1557 50.803523 0.000000 7.551494 99.098873 -1.699192 5.733342 0.014365 
1558 48.952246 0.000000 9.285325 99.190608 3.307479 5.152466 0.012374 
1559 49.877884 0.000000 4.950747 98.718578 -1.142569 6.333747 0.021322 
1560 48.952246 0.000000 4.950747 98.565988 -1.001507 6.140144 0.024604 
1561 50.803523 0.000000 4.950747 98.823708 -1.250060 6.800425 0.018607 
1562 49.877884 0.000000 5.817663 98.818109 -0.782226 6.068467 0.019754 
1563 50.340704 0.000000 3.650373 98.662362 -1.278500 6.846065 0.021724 
1564 49.877884 0.000000 3.650373 98.590128 -1.059759 6.655548 0.023457 
1565 50.803523 0.000000 3.650373 98.704561 -1.510581 7.274593 0.020221 
1566 50.340704 0.000000 4.083831 98.718491 -0.154548 6.489928 0.021252 
1567 50.109294 0.000000 3.000187 98.599596 -4.027547 6.637767 0.021784 
1568 49.877884 0.000000 3.000187 98.551423 -2.563641 6.640986 0.023694 
1569 50.109294 0.000000 2.783458 98.589535 0.263837 6.725209 0.023481 
1570 50.340704 0.000000 3.000187 98.641540 -0.208938 6.687017 0.022509 
1571 50.109294 0.000000 3.216916 98.619118 -0.517020 6.606790 0.023035 
1572 51.729162 0.000000 1.483084 98.749773 -0.296699 7.365985 0.019414 
1573 51.729162 0.000000 0.616169 98.720763 -0.333444 7.740842 0.019418 
1574 52.654800 0.000000 1.483084 98.870272 -0.300086 7.457151 0.016897 
1575 50.340704 0.000000 1.916542 98.574347 -0.209266 7.093431 0.023274 
1576 49.877884 0.000000 1.916542 98.479632 -0.166902 7.081623 0.025158 
1577 50.340704 0.000000 1.483084 98.549333 -0.242023 7.296992 0.023472 
1578 50.803523 0.000000 1.916542 98.650013 -0.216279 7.128032 0.021732 
1579 50.109294 0.000000 2.566729 98.565202 0.003931 6.827933 0.023828 
1580 49.877884 0.000000 2.566729 98.522836 0.015606 6.816857 0.024678 
1581 50.109294 0.000000 2.350000 98.551182 -0.092815 6.910067 0.023991 
1582 50.340704 0.000000 2.566729 98.613325 -0.041513 6.830083 0.022876 
1583 51.266342 0.000000 2.783458 98.770959 0.098761 6.818866 0.019779 
1584 51.266342 0.000000 2.350000 98.742693 -0.158320 6.962937 0.020137 
1585 51.729162 0.000000 2.783458 98.819824 0.024196 6.840144 0.018785 
1586 51.266342 0.000000 3.216916 98.796385 -0.756785 6.706340 0.019373 
1587 50.572113 0.000000 3.000187 98.678592 -0.215931 6.715600 0.021739 
1588 50.572113 0.000000 2.783458 98.665462 0.186468 6.784802 0.021906 
1589 50.803523 0.000000 3.000187 98.715870 -0.220390 6.729593 0.020984 
1590 50.572113 0.000000 3.216916 98.691636 -0.594159 6.662811 0.021521 
1591 50.224999 0.000000 2.891822 98.617619 0.857336 6.716371 0.022872 
1592 50.109294 0.000000 2.891822 98.598332 0.956006 6.688109 0.023272 
1593 50.224999 0.000000 2.783458 98.607084 0.245405 6.747792 0.023105 
1594 50.340704 0.000000 2.891822 98.635638 0.770710 6.722110 0.022523 
1595 50.224999 0.000000 3.000187 98.623362 -0.206439 6.683033 0.022873 
1596 49.415065 0.000000 3.650373 98.506535 -0.946164 6.534817 0.025286 
1597 48.952246 0.000000 3.650373 98.421751 -0.858287 6.440143 0.027095 
1598 49.415065 0.000000 4.083831 98.551680 0.190949 6.525938 0.024494 
1599 49.646475 0.000000 3.000187 98.507557 -1.933730 6.640195 0.024843 
1600 49.415065 0.000000 3.000187 98.466398 -1.589239 6.595117 0.025835 
1601 49.646475 0.000000 2.783458 98.492214 0.401814 6.722182 0.025393 
1602 49.646475 0.000000 3.216916 98.524389 -0.406976 6.600054 0.024922 
1603 49.993589 0.000000 2.891822 98.570077 1.115605 6.706774 0.023771 
1604 49.877884 0.000000 2.891822 98.548391 1.265624 6.693534 0.024181 
1605 49.993589 0.000000 2.783458 98.560877 0.323513 6.747237 0.024012 
1606 49.993589 0.000000 3.000187 98.572666 -3.113921 6.649418 0.022952 
1607 50.109294 0.000000 3.433645 98.628592 0.077013 6.687601 0.022767 
1608 49.877884 0.000000 3.433645 98.576731 0.198191 6.734233 0.023724 
1609 50.340704 0.000000 3.433645 98.665466 0.008423 6.703262 0.022019 
1610 50.109294 0.000000 3.650373 98.633838 -1.173832 6.704477 0.022504 
1611 50.224999 0.000000 3.108551 98.629659 -0.946516 6.653214 0.022703 
1612 50.109294 0.000000 3.108551 98.610850 -0.905385 6.630208 0.023112 
1613 50.340704 0.000000 3.108551 98.647419 -1.001749 6.676208 0.022311 
1614 50.224999 0.000000 3.216916 98.637748 -0.529217 6.628865 0.022637 
1615 50.167146 0.000000 2.946004 98.616080 2.820696 6.675082 0.022236 
1616 50.109294 0.000000 2.946004 98.607060 3.229127 6.658142 0.022189 
1617 50.167146 0.000000 2.891822 98.608855 0.900073 6.697235 0.023063 
1618 50.224999 0.000000 2.946004 98.623830 2.504712 6.701277 0.022216 
1619 50.167146 0.000000 3.000187 98.608377 -4.691075 6.651675 0.021014 
1620 50.572113 0.000000 2.566729 98.651424 -0.053973 6.857937 0.022086 
1621 50.572113 0.000000 2.350000 98.638195 -0.141036 6.938495 0.022234 
1622 50.803523 0.000000 2.566729 98.689394 -0.063368 6.871206 0.021319 
1623 50.456408 0.000000 2.891822 98.653263 0.694139 6.744783 0.022156 
1624 50.456408 0.000000 2.783458 98.645618 0.204946 6.777014 0.022307 
1625 50.572113 0.000000 2.891822 98.673150 0.624996 6.755234 0.021759 
1626 50.456408 0.000000 3.000187 98.659198 -0.213618 6.708461 0.022131 
1627 50.282851 0.000000 2.946004 98.631113 2.243460 6.706834 0.022189 
1628 50.282851 0.000000 2.891822 98.625559 0.812261 6.717600 0.022721 
1629 50.340704 0.000000 2.946004 98.640707 2.027633 6.714030 0.022082 
1630 50.282851 0.000000 3.000187 98.633618 -0.207678 6.686770 0.022665 
1631 49.993589 0.000000 3.108551 98.582240 -0.822570 6.647646 0.023667 
1632 49.877884 0.000000 3.108551 98.560327 -0.783183 6.639022 0.024117 
1633 49.993589 0.000000 3.216916 98.590476 -0.459035 6.624939 0.023582 
1634 50.167146 0.000000 3.054369 98.616537 -1.485843 6.648430 0.022837 
1635 50.109294 0.000000 3.054369 98.606239 -1.422914 6.643166 0.023065 
1636 50.224999 0.000000 3.054369 98.624923 -1.548810 6.668072 0.022626 
1637 50.167146 0.000000 3.108551 98.620337 -0.928104 6.650808 0.022893 
1638 50.196073 0.000000 2.973096 98.616298 -0.212876 6.689190 0.023004 
1639 50.167146 0.000000 2.973096 98.612722 -0.218889 6.673067 0.023095 
1640 50.196073 0.000000 2.946004 98.619122 2.657026 6.695763 0.022238 
1641 50.224999 0.000000 2.973096 98.621486 -0.213464 6.691058 0.022899 
1642 50.196073 0.000000 3.000187 98.618181 -0.206119 6.681154 0.022977 
1643 40.158679 0.000000 3.650373 95.961552 0.000000 0.463091 0.079117 
1644 40.621498 0.000000 3.650373 95.647296 -0.246448 0.884967 0.085075 
1645 40.158679 0.000000 4.083831 95.835140 0.000000 1.416405 0.081362 
1646 40.158679 0.000000 4.517289 96.109515 0.000000 1.858548 0.075951 
1647 40.621498 0.000000 4.517289 96.216251 0.000000 2.046021 0.073825 
1648 39.927269 0.000000 3.867102 95.861021 0.000000 0.802172 0.081002 
1649 39.695859 0.000000 3.867102 96.039511 0.000000 0.528790 0.077613 
1650 39.927269 0.000000 3.650373 96.103501 0.000000 0.314284 0.076402 
1651 40.158679 0.000000 3.867102 95.771549 0.000000 0.908902 0.082698 
1652 39.927269 0.000000 4.083831 95.684747 0.000000 1.270712 0.084281 
1653 39.464450 0.000000 3.867102 96.269287 0.000000 0.370755 0.073209 
1654 39.233040 0.000000 3.867102 96.487016 -0.000000 0.213440 0.069021 
1655 39.464450 0.000000 3.650373 96.450977 0.000000 0.043578 0.069721 
1656 39.464450 0.000000 4.083831 96.019612 0.000000 0.998700 0.077924 
1657 39.927269 0.000000 3.433645 96.391874 0.000000 -0.359075 0.070848 
1658 39.695859 0.000000 3.433645 96.355488 0.000000 -0.410752 0.071545 
1659 39.927269 0.000000 3.216916 96.430599 0.000000 -0.650024 0.070072 
1660 40.158679 0.000000 3.433645 96.265038 0.000000 -0.306531 0.073295 
1661 39.811564 0.000000 3.758738 95.954722 0.000000 0.486635 0.079245 
1662 39.695859 0.000000 3.758738 96.120903 0.000000 0.376529 0.076063 
1663 39.811564 0.000000 3.650373 96.126405 0.000000 0.283167 0.075963 
1664 39.927269 0.000000 3.758738 96.036480 0.000000 0.477657 0.077677 
1665 39.811564 0.000000 3.867102 95.934722 0.000000 0.616781 0.079615 
1666 41.084317 0.000000 3.650373 95.367548 -0.072461 0.829697 0.090434 
1667 41.547137 0.000000 3.650373 94.895346 0.079629 1.081335 0.099370 
1668 41.084317 0.000000 4.083831 95.562859 -0.703308 1.897390 0.086365 
1669 40.390088 0.000000 3.867102 95.662693 0.000000 1.212548 0.084718 
1670 40.390088 0.000000 3.650373 95.622064 0.000000 1.244995 0.085487 
1671 40.621498 0.000000 3.867102 95.605543 -1.311929 1.341943 0.085606 
1672 40.390088 0.000000 4.083831 95.822420 0.000000 1.459690 0.081593 
1673 40.042974 0.000000 3.758738 95.907312 0.000000 0.636830 0.080138 
1674 40.042974 0.000000 3.650373 95.953650 0.000000 0.513722 0.079263 
1675 40.158679 0.000000 3.758738 95.794018 0.000000 0.837740 0.082280 
1676 40.042974 0.000000 3.867102 95.854549 0.000000 0.769008 0.081131 
1677 39.927269 0.000000 4.300560 95.950491 0.000000 1.558069 0.079108 
1678 39.695859 0.000000 4.300560 95.976328 0.000000 1.470747 0.078638 
1679 40.158679 0.000000 4.300560 95.958989 0.000000 1.598285 0.078932 
1680 39.927269 0.000000 4.517289 96.081538 0.000000 1.768094 0.076521 
1681 39.811564 0.000000 3.975467 95.807500 0.000000 0.948526 0.082002 
1682 39.695859 0.000000 3.975467 95.920684 0.000000 0.799469 0.079858 
1683 39.927269 0.000000 3.975467 95.783239 0.000000 0.968719 0.082463 
1684 39.811564 0.000000 4.083831 95.755339 0.000000 1.183263 0.082951 
1685 39.869417 0.000000 3.812920 95.955328 0.000000 0.561982 0.079226 
1686 39.811564 0.000000 3.812920 95.944249 0.000000 0.539065 0.079441 
1687 39.869417 0.000000 3.758738 95.978452 0.000000 0.499947 0.078789 
1688 39.927269 0.000000 3.812920 95.992524 0.000000 0.604716 0.078507 
1689 39.869417 0.000000 3.867102 95.956611 0.000000 0.685176 0.079186 
1690 39.464450 0.000000 3.433645 96.971606 0.000000 -0.825940 0.059583 
1691 39.233040 0.000000 3.433645 97.493034 0.000000 -1.113889 0.049387 
1692 39.464450 0.000000 3.216916 97.191659 0.000000 -1.377834 0.055188 
1693 39.580155 0.000000 3.758738 96.318544 0.000000 0.277658 0.072266 
1694 39.464450 0.000000 3.758738 96.346381 0.000000 0.247071 0.071731 
1695 39.580155 0.000000 3.650373 96.351665 0.000000 0.134103 0.071634 
1696 39.580155 0.000000 3.867102 96.228427 0.000000 0.410593 0.073992 
1697 39.753712 0.000000 3.812920 95.988422 0.000000 0.492153 0.078598 
1698 39.695859 0.000000 3.812920 96.061705 0.000000 0.463172 0.077193 
1699 39.753712 0.000000 3.758738 95.944896 0.000000 0.470267 0.079436 
1700 39.753712 0.000000 3.867102 96.003820 0.000000 0.552974 0.078296 
1701 39.811564 0.000000 3.542009 96.177781 0.000000 0.047088 0.074983 
1702 39.695859 0.000000 3.542009 96.271339 0.000000 -0.060732 0.073183 
1703 39.811564 0.000000 3.433645 96.330443 0.000000 -0.449346 0.072024 
1704 39.927269 0.000000 3.542009 96.147952 0.000000 0.190363 0.075553 
1705 39.869417 0.000000 3.704556 96.008908 0.000000 0.439331 0.078210 
1706 39.811564 0.000000 3.704556 96.002405 0.000000 0.424667 0.078336 
1707 39.869417 0.000000 3.650373 96.120493 0.000000 0.270067 0.076078 
1708 39.927269 0.000000 3.704556 96.072722 0.000000 0.392253 0.076988 
1709 39.840490 0.000000 3.785829 95.959274 0.000000 0.520280 0.079155 
1710 39.811564 0.000000 3.785829 95.945089 0.000000 0.510494 0.079428 
1711 39.840490 0.000000 3.758738 95.970560 0.000000 0.492294 0.078941 
1712 39.869417 0.000000 3.785829 95.966256 0.000000 0.529857 0.079020 
1713 39.840490 0.000000 3.812920 95.951329 0.000000 0.551158 0.079304 
1714 39.753712 0.000000 3.704556 96.057383 0.000000 0.391503 0.077283 
1715 39.695859 0.000000 3.704556 96.158895 0.000000 0.313975 0.075337 
1716 39.753712 0.000000 3.650373 96.067798 0.000000 0.310899 0.077088 
1717 39.782638 0.000000 3.785829 95.952185 0.000000 0.484669 0.079294 
1718 39.753712 0.000000 3.785829 95.937673 0.000000 0.482465 0.079573 
1719 39.782638 0.000000 3.758738 95.959254 0.000000 0.469810 0.079160 
1720 39.782638 0.000000 3.812920 95.982316 0.000000 0.500863 0.078714 
1721 39.840490 0.000000 3.731647 95.986757 0.000000 0.463410 0.078633 
1722 39.811564 0.000000 3.731647 95.976468 0.000000 0.458972 0.078831 
1723 39.840490 0.000000 3.704556 96.006193 0.000000 0.431295 0.078262 
1724 39.869417 0.000000 3.731647 95.992773 0.000000 0.470268 0.078517 
1725 39.826027 0.000000 3.772283 95.957733 0.000000 0.502108 0.079186 
1726 39.811564 0.000000 3.772283 95.948165 0.000000 0.498509 0.079370 
1727 39.826027 0.000000 3.758738 95.964015 0.000000 0.489071 0.079067 
1728 39.840490 0.000000 3.772283 95.964313 0.000000 0.506158 0.079059 
1729 39.826027 0.000000 3.785829 95.953441 0.000000 0.515353 0.079267 
1730 42.472775 0.000000 4.950747 96.078034 0.191229 3.732852 0.075504 
1731 43.398414 0.000000 4.950747 96.409685 0.054387 4.293296 0.068674 
1732 41.084317 0.000000 4.517289 95.716495 -0.995567 2.465875 0.083128 
1733 41.547137 0.000000 4.517289 95.687141 -0.876447 2.707538 0.083587 
1734 41.084317 0.000000 4.950747 95.931341 0.840131 3.167530 0.078644 
1735 40.390088 0.000000 4.300560 96.029025 0.000000 1.793310 0.077521 
1736 40.621498 0.000000 4.300560 96.213812 0.000000 2.061164 0.073865 
1737 40.390088 0.000000 4.517289 96.208146 0.000000 2.015454 0.073993 
1738 39.927269 0.000000 4.734018 96.109526 0.000000 2.069543 0.075868 
1739 39.695859 0.000000 4.734018 96.122583 -0.000000 2.016572 0.075638 
1740 40.158679 0.000000 4.734018 96.117066 0.000000 2.130820 0.075697 
1741 39.927269 0.000000 4.950747 95.986433 0.000000 2.211418 0.078171 
1742 40.042974 0.000000 4.408925 95.986595 0.000000 1.677533 0.078376 
1743 39.927269 0.000000 4.408925 95.983310 0.000000 1.637665 0.078452 
1744 40.042974 0.000000 4.300560 95.945914 0.000000 1.612771 0.079178 
1745 40.158679 0.000000 4.408925 96.056094 0.000000 1.773457 0.077008 
1746 40.042974 0.000000 4.517289 96.092339 0.000000 1.799945 0.076302 
1747 39.464450 0.000000 4.300560 96.007327 -0.000000 1.355290 0.078076 
1748 39.464450 0.000000 4.517289 96.079887 -0.000000 1.521337 0.076634 
1749 39.811564 0.000000 4.408925 96.012386 0.000000 1.558587 0.077919 
1750 39.695859 0.000000 4.408925 96.008192 0.000000 1.527593 0.078009 
1751 39.811564 0.000000 4.300560 95.972526 0.000000 1.492590 0.078705 
1752 39.811564 0.000000 4.517289 96.058927 0.000000 1.668462 0.076990 
1753 40.042974 0.000000 4.192196 95.864324 0.000000 1.461445 0.080790 
1754 39.927269 0.000000 4.192196 95.861520 0.000000 1.402328 0.080860 
1755 40.042974 0.000000 4.083831 95.807841 0.000000 1.392890 0.081892 
1756 40.158679 0.000000 4.192196 95.907723 0.000000 1.521335 0.079939 
1757 39.985121 0.000000 4.354742 95.938067 0.000000 1.640865 0.079319 
1758 39.927269 0.000000 4.354742 95.962130 0.000000 1.595458 0.078872 
1759 39.985121 0.000000 4.300560 95.947661 0.000000 1.598417 0.079149 
1760 40.042974 0.000000 4.354742 95.962084 0.000000 1.645997 0.078857 
1761 39.985121 0.000000 4.408925 95.974993 0.000000 1.651158 0.078607 
1762 40.390088 0.000000 4.734018 96.049941 0.000000 2.218517 0.076949 
1763 40.621498 0.000000 4.734018 96.092593 0.000000 2.207630 0.076134 
1764 40.390088 0.000000 4.950747 95.961898 0.000000 2.321504 0.078592 
1765 40.274384 0.000000 4.408925 96.037543 0.000000 1.762553 0.077368 
1766 40.274384 0.000000 4.300560 95.992680 0.000000 1.695796 0.078253 
1767 40.390088 0.000000 4.408925 96.086754 0.000000 1.853906 0.076390 
1768 40.274384 0.000000 4.517289 96.126103 0.000000 1.909955 0.075612 
1769 40.100826 0.000000 4.354742 96.002903 0.000000 1.653954 0.078071 
1770 40.100826 0.000000 4.300560 95.972746 0.000000 1.607643 0.078665 
1771 40.158679 0.000000 4.354742 95.987719 0.000000 1.643456 0.078366 
1772 40.100826 0.000000 4.408925 96.033040 0.000000 1.702434 0.077476 
1773 40.042974 0.000000 4.625654 96.157959 0.000000 1.968914 0.074977 
1774 39.927269 0.000000 4.625654 96.128577 0.000000 1.912490 0.075564 
1775 40.158679 0.000000 4.625654 96.172256 0.000000 2.018557 0.074682 
1776 40.042974 0.000000 4.734018 96.126820 0.000000 2.106526 0.075520 
1777 39.985121 0.000000 4.463107 96.013294 0.000000 1.708135 0.077853 
1778 39.927269 0.000000 4.463107 96.012886 0.000000 1.671599 0.077873 
1779 40.042974 0.000000 4.463107 96.021218 0.000000 1.719909 0.077697 
1780 39.985121 0.000000 4.517289 96.087643 0.000000 1.785773 0.076398 
1781 40.014048 0.000000 4.381834 95.960086 0.000000 1.656101 0.078892 
1782 39.985121 0.000000 4.381834 95.949916 0.000000 1.644043 0.079091 
1783 40.014048 0.000000 4.354742 95.950553 0.000000 1.644268 0.079079 
1784 40.042974 0.000000 4.381834 95.972498 0.000000 1.660797 0.078652 
1785 40.014048 0.000000 4.408925 95.977287 0.000000 1.671295 0.078557 
1786 39.811564 0.000000 4.192196 95.892031 0.000000 1.398203 0.080276 
1787 39.695859 0.000000 4.192196 95.903147 0.000000 1.340018 0.080079 
1788 39.985121 0.000000 4.246378 95.913785 0.000000 1.555447 0.079813 
1789 39.927269 0.000000 4.246378 95.929378 0.000000 1.474387 0.079538 
1790 39.985121 0.000000 4.192196 95.874652 0.000000 1.427160 0.080601 
1791 40.042974 0.000000 4.246378 95.927040 0.000000 1.539896 0.079563 
1792 40.014048 0.000000 4.327651 95.946685 0.000000 1.629452 0.079158 
1793 39.985121 0.000000 4.327651 95.948773 0.000000 1.620048 0.079121 
1794 40.014048 0.000000 4.300560 95.940769 0.000000 1.610009 0.079278 
1795 40.042974 0.000000 4.327651 95.954106 0.000000 1.630521 0.079015 
1796 40.100826 0.000000 4.463107 96.063179 0.000000 1.753184 0.076879 
1797 40.158679 0.000000 4.463107 96.082933 0.000000 1.815175 0.076478 
1798 40.100826 0.000000 4.517289 96.112243 0.000000 1.859895 0.075898 
1799 40.071900 0.000000 4.381834 95.981346 0.000000 1.665789 0.078481 
1800 40.071900 0.000000 4.354742 95.970385 0.000000 1.649566 0.078696 
1801 40.100826 0.000000 4.381834 96.017980 0.000000 1.677932 0.077773 
1802 40.071900 0.000000 4.408925 95.994382 0.000000 1.683420 0.078224 
1803 40.028511 0.000000 4.368288 95.961159 0.000000 1.651486 0.078873 
1804 40.014048 0.000000 4.368288 95.954116 0.000000 1.650128 0.079008 
1805 40.028511 0.000000 4.354742 95.956867 0.000000 1.644776 0.078957 
1806 40.042974 0.000000 4.368288 95.966839 0.000000 1.653308 0.078763 
1807 40.028511 0.000000 4.381834 95.966850 0.000000 1.658356 0.078761 
1808 41.084317 0.000000 5.384205 96.098571 -0.429276 2.989389 0.075594 
1809 41.547137 0.000000 5.384205 96.206336 -0.353149 3.165133 0.073420 
1810 41.084317 0.000000 5.817663 96.144455 0.000000 2.870034 0.074801 
1811 40.390088 0.000000 5.167476 95.843971 0.000000 2.496107 0.080770 
1812 40.158679 0.000000 5.167476 95.876931 0.000000 2.418254 0.080177 
1813 40.621498 0.000000 5.167476 95.810617 0.000000 2.533597 0.081391 
1814 40.390088 0.000000 5.384205 95.892555 0.000000 2.606332 0.079782 
1815 39.927269 0.000000 5.167476 95.904831 0.000000 2.317976 0.079689 
1816 39.695859 0.000000 5.167476 95.899825 -0.000000 2.308911 0.079789 
1817 39.927269 0.000000 5.384205 95.838839 -0.000000 2.531435 0.080851 
1818 40.274384 0.000000 5.059111 95.920957 0.000000 2.373299 0.079354 
1819 40.158679 0.000000 5.059111 95.961573 0.000000 2.330338 0.078595 
1820 40.274384 0.000000 4.950747 95.988360 0.000000 2.309137 0.078090 
1821 40.390088 0.000000 5.059111 95.901601 0.000000 2.414263 0.079705 
1822 40.274384 0.000000 5.167476 95.859034 0.000000 2.469178 0.080495 
1823 40.042974 0.000000 5.059111 95.955460 0.000000 2.280319 0.078735 
1824 39.927269 0.000000 5.059111 95.955429 0.000000 2.257248 0.078746 
1825 40.042974 0.000000 4.950747 96.004755 0.000000 2.259719 0.077798 
1826 40.042974 0.000000 5.167476 95.868045 0.000000 2.398936 0.080356 
1827 40.274384 0.000000 4.842382 96.018816 0.000000 2.249296 0.077533 
1828 40.158679 0.000000 4.842382 96.038025 0.000000 2.231284 0.077172 
1829 40.274384 0.000000 4.734018 96.084922 0.000000 2.178660 0.076294 
1830 40.390088 0.000000 4.842382 96.018393 0.000000 2.257641 0.077537 
1831 40.216531 0.000000 5.004929 95.980477 0.000000 2.322376 0.078235 
1832 40.158679 0.000000 5.004929 95.986693 0.000000 2.308407 0.078123 
1833 40.216531 0.000000 4.950747 96.002851 0.000000 2.305676 0.077814 
1834 40.274384 0.000000 5.004929 95.969776 0.000000 2.330218 0.078437 
1835 40.216531 0.000000 5.059111 95.950719 0.000000 2.349904 0.078794 
1836 40.042974 0.000000 4.842382 96.039320 0.000000 2.186434 0.077167 
1837 39.927269 0.000000 4.842382 96.023844 0.000000 2.175053 0.077469 
1838 40.216531 0.000000 4.896565 96.009848 0.000000 2.285475 0.077689 
1839 40.158679 0.000000 4.896565 96.019894 0.000000 2.260888 0.077507 
1840 40.216531 0.000000 4.842382 96.027233 0.000000 2.256659 0.077368 
1841 40.274384 0.000000 4.896565 96.002850 0.000000 2.288970 0.077821 
1842 40.852908 0.000000 5.167476 95.817491 0.000000 2.551375 0.081250 
1843 40.852908 0.000000 4.950747 95.825463 0.000000 2.556593 0.081094 
1844 41.084317 0.000000 5.167476 96.018845 -0.841290 2.922479 0.077113 
1845 40.852908 0.000000 5.384205 96.018721 0.000000 2.745276 0.077287 
1846 40.505793 0.000000 5.059111 95.878156 0.000000 2.454234 0.080136 
1847 40.505793 0.000000 4.950747 95.950785 0.000000 2.362171 0.078787 
1848 40.621498 0.000000 5.059111 95.884723 0.000000 2.444997 0.080014 
1849 40.505793 0.000000 5.167476 95.861358 0.000000 2.478247 0.080446 
1850 40.332236 0.000000 5.004929 95.943081 0.000000 2.345621 0.078942 
1851 40.332236 0.000000 4.950747 95.965027 0.000000 2.316552 0.078535 
1852 40.390088 0.000000 5.004929 95.919484 0.000000 2.390157 0.079374 
1853 40.332236 0.000000 5.059111 95.921133 0.000000 2.376254 0.079349 
1854 40.245457 0.000000 4.977838 95.986051 0.000000 2.315688 0.078132 
1855 40.216531 0.000000 4.977838 95.994393 0.000000 2.312359 0.077973 
1856 40.245457 0.000000 4.950747 95.994275 0.000000 2.306792 0.077978 
1857 40.274384 0.000000 4.977838 95.979893 0.000000 2.319105 0.078248 
1858 40.245457 0.000000 5.004929 95.974882 0.000000 2.326338 0.078341 
1859 40.158679 0.000000 6.251120 95.775161 -0.000000 2.707251 0.081979 
1860 39.695859 0.000000 6.251120 95.669403 -0.000000 2.722273 0.083995 
1861 40.621498 0.000000 6.251120 95.849332 0.000000 2.740477 0.080540 
1862 40.390088 0.000000 5.600934 95.970261 0.000000 2.692686 0.078246 
1863 40.158679 0.000000 5.600934 95.909895 0.000000 2.616719 0.079444 
1864 40.621498 0.000000 5.600934 96.008574 0.000000 2.727993 0.077491 
1865 40.390088 0.000000 5.817663 96.005580 0.000000 2.753291 0.077535 
1866 41.084317 0.000000 6.251120 95.813570 0.000000 2.726662 0.081233 
1867 41.547137 0.000000 6.251120 96.567502 -1.290903 3.213538 0.066272 
1868 40.852908 0.000000 5.600934 96.041071 0.000000 2.760828 0.076849 
1869 41.084317 0.000000 5.600934 96.144455 0.000000 2.870034 0.074801 
1870 40.852908 0.000000 5.817663 96.061547 0.000000 2.807477 0.076430 
1871 40.505793 0.000000 5.492569 95.950203 0.000000 2.666959 0.078645 
1872 40.390088 0.000000 5.492569 95.949392 0.000000 2.669944 0.078659 
1873 40.505793 0.000000 5.384205 95.916142 0.000000 2.636589 0.079314 
1874 40.621498 0.000000 5.492569 95.959878 0.000000 2.678765 0.078453 
1875 40.505793 0.000000 5.600934 95.984522 0.000000 2.700447 0.077968 
1876 39.927269 0.000000 5.600934 95.862049 -0.000000 2.580558 0.080381 
1877 39.695859 0.000000 5.600934 95.797175 -0.000000 2.564871 0.081632 
1878 39.927269 0.000000 5.817663 95.869306 -0.000000 2.646478 0.080207 
1879 40.274384 0.000000 5.492569 95.909588 0.000000 2.626696 0.079445 
1880 40.158679 0.000000 5.492569 95.895200 0.000000 2.601319 0.079734 
1881 40.274384 0.000000 5.384205 95.887991 0.000000 2.604023 0.079871 
1882 40.274384 0.000000 5.600934 95.925041 0.000000 2.641632 0.079141 
1883 40.390088 0.000000 6.034391 95.893187 0.000000 2.728442 0.079705 
1884 40.158679 0.000000 6.034391 95.839536 -0.000000 2.704907 0.080747 
1885 40.621498 0.000000 6.034391 95.963553 0.000000 2.778956 0.078327 
1886 40.390088 0.000000 6.251120 95.823560 0.000000 2.714932 0.081047 
1887 40.505793 0.000000 5.709298 96.040528 0.000000 2.759044 0.076860 
1888 40.390088 0.000000 5.709298 96.006939 0.000000 2.720507 0.077527 
1889 40.621498 0.000000 5.709298 96.040180 0.000000 2.759672 0.076867 
1890 40.505793 0.000000 5.817663 96.075719 0.000000 2.805715 0.076158 
1891 40.447941 0.000000 5.546751 95.973141 0.000000 2.695326 0.078189 
1892 40.390088 0.000000 5.546751 95.975893 0.000000 2.701647 0.078133 
1893 40.447941 0.000000 5.492569 95.960716 0.000000 2.682255 0.078435 
1894 40.505793 0.000000 5.546751 95.972859 0.000000 2.693107 0.078196 
1895 40.447941 0.000000 5.600934 95.981410 0.000000 2.701858 0.078027 
1896 40.852908 0.000000 6.034391 95.952807 0.000000 2.769086 0.078539 
1897 41.084317 0.000000 6.034391 95.950313 0.000000 2.784050 0.078579 
1898 40.852908 0.000000 6.251120 95.858567 0.000000 2.752169 0.080356 
1899 40.852908 0.000000 6.467849 95.986119 0.000000 2.700055 0.077937 
1900 40.621498 0.000000 6.467849 95.856020 0.000000 2.692139 0.080438 
1901 41.084317 0.000000 6.467849 96.117858 0.000000 2.687578 0.075413 
1902 40.852908 0.000000 6.684578 96.243971 0.000000 2.665065 0.073000 
1903 40.737203 0.000000 6.142756 95.889965 0.000000 2.754312 0.079753 
1904 40.621498 0.000000 6.142756 95.982312 0.000000 2.795999 0.077958 
1905 40.737203 0.000000 6.034391 95.925012 0.000000 2.766348 0.079074 
1906 40.852908 0.000000 6.142756 95.876645 0.000000 2.759860 0.080005 
1907 40.737203 0.000000 6.251120 95.862006 0.000000 2.745082 0.080294 
1908 40.390088 0.000000 6.467849 95.696897 0.000000 2.678250 0.083493 
1909 40.158679 0.000000 6.467849 95.648793 -0.000000 2.668135 0.084419 
1910 40.390088 0.000000 6.684578 95.867245 -0.000000 2.615317 0.080263 
1911 40.505793 0.000000 6.142756 95.906451 0.000000 2.740777 0.079444 
1912 40.390088 0.000000 6.142756 95.857729 0.000000 2.716739 0.080392 
1913 40.505793 0.000000 6.034391 95.940253 0.000000 2.753263 0.078789 
1914 40.505793 0.000000 6.251120 95.847989 0.000000 2.730198 0.080571 
1915 40.737203 0.000000 5.926027 95.997119 0.000000 2.786397 0.077679 
1916 40.621498 0.000000 5.926027 95.997802 0.000000 2.786521 0.077666 
1917 40.737203 0.000000 5.817663 96.049084 0.000000 2.805227 0.076670 
1918 40.852908 0.000000 5.926027 95.974278 0.000000 2.776703 0.078123 
1919 40.679350 0.000000 6.088574 95.949925 0.000000 2.782139 0.078587 
1920 40.621498 0.000000 6.088574 95.957760 0.000000 2.776960 0.078440 
1921 40.679350 0.000000 6.034391 95.932708 0.000000 2.768952 0.078925 
1922 40.737203 0.000000 6.088574 95.907014 0.000000 2.760078 0.079423 
1923 40.679350 0.000000 6.142756 95.942140 0.000000 2.780282 0.078738 
1924 40.505793 0.000000 5.926027 96.012210 0.000000 2.787525 0.077389 
1925 40.390088 0.000000 5.926027 95.968769 0.000000 2.756587 0.078240 
1926 40.563646 0.000000 6.088574 95.948927 0.000000 2.768632 0.078614 
1927 40.505793 0.000000 6.088574 95.907193 0.000000 2.741847 0.079429 
1928 40.563646 0.000000 6.034391 95.940243 0.000000 2.755715 0.078788 
1929 40.563646 0.000000 6.142756 95.935354 0.000000 2.768044 0.078875 
1930 40.737203 0.000000 6.359485 95.842612 0.000000 2.743283 0.080667 
1931 40.621498 0.000000 6.359485 95.810914 0.000000 2.728177 0.081283 
1932 40.852908 0.000000 6.359485 95.832535 0.000000 2.742931 0.080860 
1933 40.737203 0.000000 6.467849 95.932319 0.000000 2.708234 0.078966 
1934 40.679350 0.000000 6.196938 95.920177 0.000000 2.771296 0.079164 
1935 40.621498 0.000000 6.196938 95.928922 0.000000 2.769963 0.078997 
1936 40.737203 0.000000 6.196938 95.874676 0.000000 2.749240 0.080049 
1937 40.679350 0.000000 6.251120 95.856190 0.000000 2.742815 0.080407 
1938 40.650424 0.000000 6.115665 95.960090 0.000000 2.788383 0.078389 
1939 40.621498 0.000000 6.115665 95.971172 0.000000 2.787662 0.078176 
1940 40.650424 0.000000 6.088574 95.957534 0.000000 2.785941 0.078439 
1941 40.679350 0.000000 6.115665 95.947336 0.000000 2.781928 0.078637 
1942 40.650424 0.000000 6.142756 95.957709 0.000000 2.788045 0.078434 
1943 40.852908 0.000000 6.901307 96.411011 0.000000 2.588105 0.069822 
1944 40.621498 0.000000 6.901307 96.179920 0.000000 2.578256 0.074278 
1945 41.084317 0.000000 6.901307 96.564352 0.000000 2.594607 0.066859 
1946 40.852908 0.000000 7.118036 96.645825 0.000000 2.435040 0.065366 
1947 40.852908 0.000000 7.334765 96.753926 0.000000 2.268775 0.063353 
1948 40.621498 0.000000 7.334765 96.543044 -0.000000 2.287933 0.067421 
1949 41.084317 0.000000 7.334765 96.866873 0.000000 2.326122 0.061140 
1950 40.852908 0.000000 7.551494 96.828097 0.000000 2.156541 0.061967 
1951 42.009956 0.000000 7.118036 97.415268 -1.072338 2.884923 0.050079 
1952 42.009956 0.000000 6.684578 97.092764 -0.602084 3.073514 0.056319 
1953 42.472775 0.000000 7.118036 97.577726 -1.255662 3.224097 0.046662 
1954 41.315727 0.000000 7.334765 96.901127 0.000000 2.233905 0.060518 
1955 41.315727 0.000000 7.118036 96.819076 0.000000 2.358206 0.062051 
1956 41.547137 0.000000 7.334765 96.977663 0.000000 2.116070 0.059086 
1957 41.315727 0.000000 7.551494 96.968308 0.000000 2.095244 0.059276 
1958 40.968613 0.000000 7.226400 96.757393 0.000000 2.325178 0.063260 
1959 40.852908 0.000000 7.226400 96.691042 0.000000 2.323379 0.064544 
1960 40.968613 0.000000 7.118036 96.734255 0.000000 2.456419 0.063645 
1961 41.084317 0.000000 7.226400 96.773048 0.000000 2.349097 0.062946 
1962 40.968613 0.000000 7.334765 96.811658 0.000000 2.300471 0.062221 
1963 41.315727 0.000000 6.901307 96.691779 0.000000 2.578154 0.064405 
1964 41.315727 0.000000 6.684578 96.491757 0.000000 2.651203 0.068231 
1965 41.547137 0.000000 6.901307 96.772884 0.000000 2.628466 0.062810 
1966 41.200022 0.000000 7.226400 96.834304 0.000000 2.312113 0.061777 
1967 41.200022 0.000000 7.118036 96.806142 0.000000 2.388510 0.062287 
1968 41.315727 0.000000 7.226400 96.837448 0.000000 2.324200 0.061711 
1969 41.200022 0.000000 7.334765 96.861538 0.000000 2.260600 0.061273 
1970 40.852908 0.000000 7.768223 97.165554 -0.000000 1.753777 0.055578 
1971 40.621498 0.000000 7.768223 96.929749 -0.000000 1.791832 0.060141 
1972 41.084317 0.000000 7.768223 97.262356 0.000000 1.773895 0.053689 
1973 40.968613 0.000000 7.443129 96.814107 0.000000 2.219299 0.062210 
1974 40.852908 0.000000 7.443129 96.774702 0.000000 2.228072 0.062969 
1975 41.084317 0.000000 7.443129 96.866239 0.000000 2.192325 0.061213 
1976 40.968613 0.000000 7.551494 96.898263 0.000000 2.121739 0.060622 
1977 41.026465 0.000000 7.280583 96.822180 0.000000 2.336527 0.062001 
1978 40.968613 0.000000 7.280583 96.801192 0.000000 2.316310 0.062416 
1979 41.026465 0.000000 7.226400 96.801514 0.000000 2.370218 0.062385 
1980 41.084317 0.000000 7.280583 96.828178 0.000000 2.347801 0.061879 
1981 41.026465 0.000000 7.334765 96.846009 0.000000 2.344419 0.061535 
1982 41.315727 0.000000 7.768223 97.357678 0.000000 1.767055 0.051836 
1983 41.547137 0.000000 7.768223 97.468862 0.000000 1.719908 0.049686 
1984 41.200022 0.000000 7.443129 96.893188 0.000000 2.210676 0.060682 
1985 41.315727 0.000000 7.443129 96.918223 0.000000 2.200875 0.060201 
1986 41.200022 0.000000 7.551494 96.950463 0.000000 2.155255 0.059596 
1987 41.142170 0.000000 7.280583 96.842871 0.000000 2.293184 0.061620 
1988 41.142170 0.000000 7.226400 96.828318 0.000000 2.323436 0.061888 
1989 41.200022 0.000000 7.280583 96.847302 0.000000 2.286530 0.061537 
1990 41.142170 0.000000 7.334765 96.858701 0.000000 2.263076 0.061327 
1991 41.026465 0.000000 7.388947 96.826536 0.000000 2.287325 0.061939 
1992 40.968613 0.000000 7.388947 96.815635 0.000000 2.278356 0.062154 
1993 41.084317 0.000000 7.388947 96.858019 0.000000 2.276455 0.061334 
1994 41.026465 0.000000 7.443129 96.860066 0.000000 2.190834 0.061333 
1995 41.055391 0.000000 7.307674 96.842386 0.000000 2.352259 0.061602 
1996 41.026465 0.000000 7.307674 96.851236 0.000000 2.357629 0.061428 
1997 41.055391 0.000000 7.280583 96.834145 0.000000 2.356140 0.061760 
1998 41.084317 0.000000 7.307674 96.837309 0.000000 2.342661 0.061705 
1999 41.055391 0.000000 7.334765 96.842580 0.000000 2.342471 0.061603 
2000 41.200022 0.000000 7.876587 97.466227 0.000000 1.690292 0.049748 
2001 41.084317 0.000000 7.876587 97.449808 0.000000 1.622709 0.050090 
2002 41.200022 0.000000 7.768223 97.301821 0.000000 1.782529 0.052918 
2003 41.315727 0.000000 7.876587 97.473750 0.000000 1.726698 0.049589 
2004 41.200022 0.000000 7.984952 97.534536 0.000000 1.617413 0.048440 
2005 41.778546 0.000000 7.768223 97.481647 0.000000 1.812470 0.049404 
2006 41.778546 0.000000 7.551494 96.988092 0.000000 2.151990 0.058868 
2007 42.009956 0.000000 7.768223 97.800487 -1.898118 2.792864 0.042366 
2008 41.778546 0.000000 7.984952 97.982973 0.000000 1.412459 0.039734 
2009 41.431432 0.000000 7.876587 97.556866 0.000000 1.619355 0.048004 
2010 41.431432 0.000000 7.768223 97.463277 0.000000 1.691851 0.049805 
2011 41.547137 0.000000 7.876587 97.620249 0.000000 1.618977 0.046767 
2012 41.431432 0.000000 7.984952 97.660436 0.000000 1.546796 0.046005 
2013 41.200022 0.000000 8.093316 98.294651 -0.047350 1.020800 0.033712 
2014 41.084317 0.000000 8.093316 98.122242 -0.044285 1.142868 0.037072 
2015 41.315727 0.000000 8.093316 98.220575 -0.030771 1.039680 0.035164 
2016 41.200022 0.000000 8.201681 98.286360 -0.033600 0.967780 0.033885 
2017 41.257875 0.000000 7.930769 97.491591 0.000000 1.718623 0.049244 
2018 41.200022 0.000000 7.930769 97.495020 0.000000 1.668629 0.049194 
2019 41.257875 0.000000 7.876587 97.470213 0.000000 1.721635 0.049659 
2020 41.315727 0.000000 7.930769 97.538165 0.000000 1.660523 0.048355 
2021 41.257875 0.000000 7.984952 97.546409 0.000000 1.638057 0.048201 
2022 41.778546 0.000000 8.201681 97.986312 0.000000 1.342642 0.039688 
2023 42.009956 0.000000 8.201681 97.950064 0.000000 1.490243 0.040356 
2024 41.431432 0.000000 8.310045 98.751453 -0.070012 0.660135 0.024771 
2025 41.315727 0.000000 8.310045 98.675446 -0.065688 0.707612 0.026265 
2026 41.431432 0.000000 8.201681 98.320054 -0.027660 1.050702 0.033206 
2027 41.547137 0.000000 8.310045 98.708126 -0.057128 0.618775 0.025632 
2028 41.662842 0.000000 8.526774 98.943724 -0.074305 0.396298 0.020998 
2029 41.662842 0.000000 8.418409 98.697697 -0.050588 0.546202 0.025846 
2030 41.778546 0.000000 8.526774 98.822103 -0.059489 0.427301 0.023401 
2031 41.662842 0.000000 8.635138 98.860370 -0.062180 0.382518 0.022648 
2032 41.489284 0.000000 8.472592 98.575518 -0.054076 0.848536 0.028214 
2033 41.431432 0.000000 8.472592 98.573670 -0.050273 0.777686 0.028262 
2034 41.489284 0.000000 8.418409 98.581560 -0.047608 0.772504 0.028108 
2035 41.547137 0.000000 8.472592 98.858445 -0.068478 0.459612 0.022679 
2036 41.489284 0.000000 8.526774 98.585751 -0.054997 0.840443 0.028014 
2037 65.613741 0.000000 43.961950 99.586882 0.064732 9.909395 -0.001575 
2038 80.423959 0.000000 43.961950 99.519805 0.023575 9.936039 -0.000292 
2039 65.613741 0.000000 57.832600 99.525911 -0.008610 10.172038 -0.000888 
2040 58.208632 0.000000 23.155975 99.574765 0.244098 8.930759 0.000505 
2041 65.613741 0.000000 23.155975 99.612216 0.192782 8.814773 -0.000033 
2042 58.208632 0.000000 30.091300 99.651746 0.116892 9.381256 -0.001849 
2043 54.506077 0.000000 12.752988 99.470418 0.613316 6.856845 0.005824 
2044 58.208632 0.000000 12.752988 99.548068 0.654867 6.851698 0.004281 
2045 54.506077 0.000000 16.220650 99.507169 0.374295 7.878421 0.003611 
2046 95.234177 0.000000 16.220650 99.802597 0.627520 6.849292 -0.000786 
2047 95.234177 0.000000 2.350000 99.700392 -0.273254 7.667542 0.000097 
2048 110.044395 0.000000 16.220650 99.871988 1.158592 6.311766 -0.001559 
2049 95.234177 0.000000 30.091300 99.565001 0.165443 9.321251 -0.000010 
2050 73.018850 0.000000 9.285325 99.789482 -1.707369 6.194503 0.000077 
2051 73.018850 0.000000 2.350000 99.578011 -0.262217 7.830779 0.002283 
2052 80.423959 0.000000 9.285325 99.795910 -1.266937 6.475457 -0.000276 
2053 73.018850 0.000000 16.220650 99.703955 0.422644 7.458214 0.000332 
2054 61.911186 0.000000 12.752988 99.620347 0.727361 6.762794 0.002952 
2055 61.911186 0.000000 9.285325 99.665044 -4.643850 5.794880 0.001173 
2056 65.613741 0.000000 12.752988 99.712275 0.657157 6.552466 0.001410 
2057 61.911186 0.000000 16.220650 99.595526 0.432314 7.760050 0.002033 
2058 -156.539529 0.000000 -164.097801 99.448222 -0.001453 10.452836 0.000079 
2059 -215.780401 0.000000 -164.097801 99.449784 -0.000965 10.453384 0.000047 
2060 -156.539529 0.000000 -219.580401 99.448953 -0.001627 10.452340 0.000065 
2061 198.905703 0.000000 -164.097801 99.449689 -0.012048 10.427608 0.000102 
2062 198.905703 0.000000 -219.580401 99.449627 -0.008651 10.438665 0.000081 
2063 258.146575 0.000000 -164.097801 99.451544 -0.012639 10.428473 0.000064 
2064 -38.057785 0.000000 168.797801 99.465055 0.004761 10.448373 -0.000247 
2065 -97.298657 0.000000 168.797801 99.459601 0.002987 10.452987 -0.000148 
2066 -38.057785 0.000000 224.280401 99.460167 0.004341 10.448837 -0.000150 
2067 -156.539529 0.000000 168.797801 99.456198 0.001982 10.454026 -0.000082 
2068 -215.780401 0.000000 168.797801 99.454455 0.001395 10.454027 -0.000048 
2069 -156.539529 0.000000 224.280401 99.455840 0.002157 10.453006 -0.000073 
2070 -67.678221 0.000000 -80.873901 99.435493 -0.002476 10.449340 0.000339 
2071 -97.298657 0.000000 -80.873901 99.441503 -0.001649 10.453249 0.000212 
2072 -67.678221 0.000000 -108.615201 99.439340 -0.002732 10.449039 0.000264 
2073 198.905703 0.000000 168.797801 99.459675 0.017718 10.414521 -0.000069 
2074 258.146575 0.000000 168.797801 99.458363 0.019625 10.411334 -0.000036 
2075 198.905703 0.000000 224.280401 99.457542 0.012022 10.432644 -0.000064 
2076 110.044395 0.000000 -80.873901 99.439832 -0.021593 10.354433 0.000451 
2077 110.044395 0.000000 -108.615201 99.440938 -0.015688 10.397212 0.000340 
2078 139.664831 0.000000 -80.873901 99.447770 -0.023504 10.355705 0.000290 
2079 -8.437349 0.000000 85.573901 99.503903 0.006845 10.441437 -0.001005 
2080 -38.057785 0.000000 85.573901 99.480151 0.004409 10.458817 -0.000569 
2081 -8.437349 0.000000 113.315201 99.484586 0.006986 10.440153 -0.000618 
2082 -67.678221 0.000000 85.573901 99.466128 0.003116 10.460568 -0.000293 
2083 -97.298657 0.000000 85.573901 99.459562 0.002190 10.459237 -0.000160 
2084 -67.678221 0.000000 113.315201 99.465915 0.003459 10.455577 -0.000279 
2085 -23.247567 0.000000 -39.261950 99.346043 0.004570 10.437144 0.002143 
2086 -38.057785 0.000000 -39.261950 99.407630 0.056716 10.419422 0.000956 
2087 -23.247567 0.000000 -53.132600 99.417211 0.051065 10.407454 0.000790 
2088 110.044395 0.000000 85.573901 99.480456 0.034465 10.308408 -0.000263 
2089 139.664831 0.000000 85.573901 99.474890 0.039441 10.297795 -0.000130 
2090 110.044395 0.000000 113.315201 99.473418 0.023139 10.374209 -0.000259 
2091 65.613741 0.000000 -39.261950 99.339583 -0.071225 10.071732 0.003020 
2092 65.613741 0.000000 -53.132600 99.405451 -0.048366 10.263849 0.001321 
2093 80.423959 0.000000 -39.261950 99.419298 -0.071362 10.103958 0.001371 
2094 6.372869 0.000000 43.961950 99.745039 0.076174 10.500025 -0.005933 
2095 -8.437349 0.000000 43.961950 99.605838 0.059094 10.565895 -0.003296 
2096 6.372869 0.000000 57.832600 99.638397 0.048748 10.446066 -0.003693 
2097 -23.247567 0.000000 43.961950 99.520080 0.042025 10.551336 -0.001558 
2098 -38.057785 0.000000 43.961950 99.456285 0.034483 10.482711 -0.000144 
2099 -23.247567 0.000000 57.832600 99.486962 0.021679 10.472635 -0.000733 
2100 -15.842458 0.000000 -18.455975 99.140146 0.072382 10.405576 0.006295 
2101 -23.247567 0.000000 -18.455975 99.232898 0.033685 10.483287 0.004293 
2102 -15.842458 0.000000 -25.391300 99.219441 0.038490 10.427459 0.004677 
2103 13.777978 0.000000 23.155975 100.400902 0.219176 10.471704 -0.019005 
2104 6.372869 0.000000 23.155975 100.127153 0.179831 10.797337 -0.014206 
2105 13.777978 0.000000 30.091300 100.066434 0.124848 10.387788 -0.012121 
2106 -1.032240 0.000000 23.155975 99.814855 -0.004466 10.943355 -0.008276 
2107 -8.437349 0.000000 23.155975 99.638181 0.150364 10.974857 -0.004824 
2108 -1.032240 0.000000 30.091300 99.855255 0.067114 10.794821 -0.008760 
2109 -15.842458 0.000000 23.155975 99.477056 0.032470 10.773631 -0.001176 
2110 -23.247567 0.000000 23.155975 99.421694 0.056504 10.652119 0.000186 
2111 -15.842458 0.000000 30.091300 99.510461 0.066870 10.672854 -0.001625 
2112 -2.883517 0.000000 4.083831 96.771353 0.137145 13.005617 0.046614 
2113 -4.734795 0.000000 4.083831 97.431947 0.058386 12.152718 0.035932 
2114 -2.883517 0.000000 5.817663 97.818296 0.135729 12.765365 0.026861 
2115 -1.957879 0.000000 1.483084 92.690506 0.003256 13.795944 0.121814 
2116 -2.883517 0.000000 1.483084 94.424466 0.193021 13.006658 0.091481 
2117 -1.957879 0.000000 2.350000 94.242640 0.152091 14.114484 0.091908 
2118 -0.106602 0.000000 -3.718409 92.290651 0.138655 3.876477 0.146739 
2119 -1.032240 0.000000 -3.718409 93.304060 0.016484 6.010382 0.125823 
2120 -0.106602 0.000000 -4.585325 94.579792 0.144389 4.982425 0.102982 
2121 -2.883517 0.000000 -6.319156 96.937704 0.076149 8.907455 0.052373 
2122 -4.734795 0.000000 -6.319156 97.487804 -0.004425 9.585154 0.040425 
2123 -2.883517 0.000000 -8.052988 97.710064 0.052326 9.068481 0.037050 
2124 -1.957879 0.000000 -1.984578 91.297936 0.062793 8.609643 0.159056 
2125 -2.883517 0.000000 -1.984578 93.805115 -0.032880 9.198850 0.111598 
2126 -1.957879 0.000000 -2.851494 92.968800 0.105024 7.713374 0.129730 
2127 0.356218 0.000000 -2.418036 85.655838 0.028159 -2.681110 0.265589 
2128 -0.106602 0.000000 -2.418036 86.614287 0.116475 0.791283 0.249733 
2129 0.356218 0.000000 -2.851494 88.785734 0.020660 -0.431673 0.211691 
2130 -0.569421 0.000000 -1.551120 81.944092 0.096730 3.563211 0.327246 
2131 -1.032240 0.000000 -1.551120 85.972884 0.086924 6.504667 0.256634 
2132 -0.569421 0.000000 -1.984578 85.521874 0.098810 3.294781 0.267514 
2133 5.447230 0.000000 -0.250747 -5.586325 0.104818 0.166853 0.996875 
2134 6.372869 0.000000 -0.250747 -5.816101 0.189577 0.152622 0.996611 
2135 2.207495 0.000000 -0.684205 -4.089343 -0.020981 0.265840 0.998321 
2136 2.670314 0.000000 -0.684205 -4.442996 0.067821 0.262715 0.998019 
2137 2.207495 0.000000 -0.250747 -4.094348 -0.018677 0.377650 0.998309 
2138 2.207495 0.000000 0.182711 -3.961873 -0.020757 0.478028 0.998407 
2139 2.670314 0.000000 0.182711 -4.464095 0.063804 0.609996 0.997970 
2140 0.587627 0.000000 -0.900934 -3.535307 -0.008409 -0.015349 0.998750 
2141 0.819037 0.000000 -0.900934 -3.554706 -0.026038 0.273151 0.998729 
2142 0.587627 0.000000 -0.684205 -3.167446 -0.011456 0.238962 0.998991 
2143 0.587627 0.000000 -0.467476 -3.272777 -0.008529 0.583633 0.998895 
2144 0.819037 0.000000 -0.467476 -3.587681 -0.013933 0.343308 0.998701 
2145 -0.338011 0.000000 -0.900934 68.570429 0.115428 4.159980 0.528078 
2146 -0.569421 0.000000 -0.900934 75.690702 0.108849 6.896914 0.422334 
2147 -0.338011 0.000000 -1.117663 72.589146 0.105238 1.910308 0.472716 
2148 1.744676 0.000000 3.216916 95.627324 0.097457 21.519519 0.039232 
2149 0.819037 0.000000 3.216916 94.640155 0.135646 19.336028 0.066934 
2150 1.744676 0.000000 4.083831 97.174832 0.222332 18.703279 0.020719 
2151 -0.569421 0.000000 1.049627 86.669057 0.095398 18.198797 0.215727 
2152 -1.032240 0.000000 1.049627 88.702857 0.124324 15.826209 0.188132 
2153 -0.569421 0.000000 1.483084 89.065621 0.098132 17.905403 0.174670 
2154 0.124808 0.000000 0.399440 75.151014 0.127548 27.914468 0.357309 
2155 -0.106602 0.000000 0.399440 77.059090 0.126333 23.922044 0.348962 
2156 0.124808 0.000000 0.616169 78.481412 0.125473 26.116901 0.315856 
2157 -0.338011 0.000000 -0.034018 72.666188 0.119838 19.555010 0.433721 
2158 -0.569421 0.000000 -0.034018 77.677437 0.116131 16.414711 0.369676 
2159 -0.338011 0.000000 0.182711 76.393388 0.121178 20.415850 0.374723 
2160 -0.338011 0.000000 0.399440 79.464372 0.122927 20.551530 0.326303 
2161 -0.569421 0.000000 0.399440 81.892605 0.105609 17.982157 0.297023 
2162 -0.338011 0.000000 0.616169 81.934659 0.123898 20.414539 0.286994 
2163 0.124808 0.000000 -1.334391 70.261500 0.118134 -10.541410 0.495219 
2164 -0.106602 0.000000 -1.334391 72.777940 0.108179 -3.691100 0.468974 
2165 0.124808 0.000000 -1.551120 75.467510 0.111475 -6.846224 0.425777 
2166 2.207495 0.000000 1.916542 94.095712 0.242262 31.933986 0.012616 
2167 1.744676 0.000000 1.916542 91.228033 0.135327 30.344087 0.075666 
2168 2.207495 0.000000 2.350000 94.416083 0.220901 27.510280 0.032874 
2169 1.281856 0.000000 1.916542 89.921263 0.105991 27.375208 0.116475 
2170 0.819037 0.000000 1.916542 89.624666 0.185149 24.465116 0.136884 
2171 1.281856 0.000000 2.350000 92.320586 0.170119 24.415810 0.088075 
2172 1.050447 0.000000 -0.034018 -3.499272 0.089337 0.438953 0.998755 
2173 1.050447 0.000000 -0.250747 -3.663233 0.016444 0.267821 0.998651 
2174 1.281856 0.000000 -0.034018 -3.977968 -0.100693 0.667532 0.998372 
2175 1.513266 0.000000 0.399440 -4.804707 -0.047852 -0.082348 0.997691 
2176 1.513266 0.000000 0.182711 -4.263623 0.049659 0.383971 0.998167 
2177 1.744676 0.000000 0.399440 -3.948280 -0.024499 -0.064661 0.998441 
2178 1.050447 0.000000 -1.767849 80.924567 0.103502 -22.348578 0.295174 
2179 0.819037 0.000000 -1.767849 77.605890 0.080399 -18.021362 0.365255 
2180 1.050447 0.000000 -1.984578 82.558387 0.088822 -15.247865 0.295161 
2181 1.513266 0.000000 -1.334391 84.298280 0.326091 -19.455231 0.251519 
2182 1.744676 0.000000 -1.334391 -3.874559 -0.091890 0.833086 0.998429 
2183 1.513266 0.000000 -1.117663 -4.099299 -0.041556 0.366085 0.998306 
2184 1.050447 0.000000 -0.900934 -3.630015 0.041080 0.073695 0.998682 
2185 1.281856 0.000000 -0.900934 -3.864632 0.015649 0.129138 0.998505 
2186 1.050447 0.000000 -0.684205 -3.697040 0.046920 0.094278 0.998632 
2187 1.513266 0.000000 -0.900934 -4.054941 -0.005129 0.524689 0.998328 
2188 1.744676 0.000000 -0.900934 -3.987522 -0.030925 0.444946 0.998390 
2189 1.513266 0.000000 -0.684205 -4.014239 -0.000281 0.555472 0.998358 
2190 1.050447 0.000000 -0.467476 -3.711882 0.014438 0.216163 0.998617 
2191 1.281856 0.000000 -0.467476 -3.891120 -0.051521 0.332851 0.998475 
2192 1.050447 0.000000 0.832898 83.397549 0.212099 41.213321 0.134627 
2193 0.819037 0.000000 0.832898 79.455256 0.094674 36.912176 0.232434 
2194 1.050447 0.000000 1.049627 84.021550 0.134194 34.393499 0.175745 
2195 4.058772 0.000000 -1.551120 -5.343742 0.145042 0.031494 0.997142 
2196 4.521592 0.000000 -1.551120 -5.595078 0.076825 0.134837 0.996867 
2197 4.058772 0.000000 -1.117663 -5.290191 0.154271 0.169641 0.997196 
2198 1.976085 0.000000 -1.334391 -3.673119 -0.040696 0.190375 0.998647 
2199 2.207495 0.000000 -1.334391 -3.838689 -0.106834 -0.057186 0.998525 
2200 1.976085 0.000000 -1.117663 -3.818118 -0.049654 0.267515 0.998535 
2201 3.133134 0.000000 1.049627 -5.080700 0.094582 0.219095 0.997413 
2202 3.133134 0.000000 0.616169 -4.879486 0.086551 0.538211 0.997589 
2203 3.595953 0.000000 1.049627 -4.745984 0.079723 0.670540 0.997702 
2204 4.058772 0.000000 1.049627 -5.193080 0.200744 0.835250 0.997229 
2205 4.058772 0.000000 0.616169 -5.222600 0.184984 0.705792 0.997219 
2206 4.521592 0.000000 1.049627 -5.434671 -0.049951 0.441795 0.997027 
2207 4.058772 0.000000 -3.284952 97.850600 0.273037 -8.284897 0.035655 
2208 3.595953 0.000000 -3.284952 96.552370 0.277523 -8.607683 0.060347 
2209 4.058772 0.000000 -3.718409 97.632537 0.225290 -4.992529 0.044291 
2210 3.133134 0.000000 -3.284952 94.915493 0.167334 -7.806942 0.093007 
2211 2.670314 0.000000 -3.284952 93.738247 0.130713 -6.623146 0.116926 
2212 3.133134 0.000000 -3.718409 95.567753 0.185562 -4.228530 0.084889 
2213 3.133134 0.000000 -0.684205 -4.788579 0.078212 0.297620 0.997697 
2214 3.595953 0.000000 -0.684205 -5.001141 0.110437 0.288346 0.997489 
2215 3.133134 0.000000 -0.250747 -4.775816 0.083399 0.402850 0.997702 
2216 4.058772 0.000000 -0.684205 -5.234243 0.168916 0.315601 0.997247 
2217 4.521592 0.000000 -0.684205 -5.450914 0.041588 0.372447 0.997015 
2218 4.058772 0.000000 -0.250747 -5.240098 0.157001 0.498195 0.997227 
2219 4.058772 0.000000 0.182711 -5.226254 0.188514 0.583549 0.997231 
2220 3.595953 0.000000 0.182711 -4.980401 0.113716 0.460112 0.997497 
2221 4.521592 0.000000 0.182711 -5.401572 0.030104 0.429276 0.997064 
2222 3.133134 0.000000 0.182711 -4.794380 0.084609 0.503292 0.997675 
2223 4.984411 0.000000 -1.551120 -5.645242 -0.085035 0.098519 0.996811 
2224 5.447230 0.000000 -1.551120 -5.819025 -0.115323 0.003961 0.996613 
2225 4.984411 0.000000 -1.117663 -5.605626 -0.119817 0.150962 0.996854 
2226 7.298507 0.000000 -0.250747 -5.875838 -0.034930 0.201658 0.996543 
2227 8.224146 0.000000 -0.250747 -5.818487 -0.139046 0.204732 0.996608 
2228 9.149785 0.000000 -0.250747 -5.379189 -0.020597 0.278900 0.997099 
2229 10.075423 0.000000 -0.250747 -4.657441 -0.046952 0.200755 0.997827 
2230 4.984411 0.000000 1.049627 -5.552339 -0.046875 0.299009 0.996908 
2231 4.984411 0.000000 0.616169 -5.514139 -0.048130 0.241822 0.996953 
2232 5.447230 0.000000 1.049627 -5.668732 0.024941 0.349330 0.996774 
2233 5.910050 0.000000 1.916542 110.600039 0.208554 26.542639 -0.293692 
2234 5.910050 0.000000 1.483084 -5.828534 0.171378 0.319609 0.996590 
2235 6.372869 0.000000 1.916542 -6.118941 0.189841 0.157804 0.996250 
2236 5.910050 0.000000 -3.284952 104.095493 0.084396 -10.569740 -0.094760 
2237 5.910050 0.000000 -3.718409 101.332299 0.140366 -4.020168 -0.028442 
2238 4.984411 0.000000 2.783458 103.998087 0.140781 38.993047 -0.233608 
2239 4.521592 0.000000 2.783458 101.250676 0.211452 25.259548 -0.088979 
2240 4.984411 0.000000 3.216916 103.433250 0.148262 23.790992 -0.126447 
2241 7.761327 0.000000 -2.418036 104.761456 -0.256581 -7.776410 -0.103550 
2242 8.224146 0.000000 -2.418036 104.784159 -0.328746 -2.742230 -0.098735 
2243 7.761327 0.000000 -1.984578 -6.053628 -0.091074 0.193280 0.996331 
2244 6.835688 0.000000 1.916542 -5.972498 0.176687 0.127641 0.996428 
2245 6.835688 0.000000 1.483084 -5.925727 0.061408 0.195577 0.996484 
2246 7.298507 0.000000 1.916542 -5.899710 0.031149 0.168344 0.996516 
2247 12.852339 0.000000 -1.984578 -1.610778 -0.063704 0.258075 0.999733 
2248 13.777978 0.000000 -1.984578 -1.879964 0.153482 0.278142 0.999636 
2249 12.852339 0.000000 -1.117663 -1.927404 -0.061461 0.328040 0.999617 
2250 24.885641 0.000000 12.752988 101.398873 -0.062266 8.677083 -0.035703 
2251 21.183087 0.000000 12.752988 101.339145 -0.019561 9.299019 -0.035609 
2252 24.885641 0.000000 16.220650 100.731684 0.009732 9.093638 -0.022957 
2253 8.686965 0.000000 -2.418036 103.810640 -0.367240 -3.030991 -0.078597 
2254 9.149785 0.000000 -2.418036 103.373824 -0.421128 -3.649308 -0.069964 
2255 8.686965 0.000000 -1.984578 -5.878773 -0.112071 0.499642 0.996518 
2256 9.612604 0.000000 -2.418036 103.168756 -0.405910 -2.931167 -0.065255 
2257 10.075423 0.000000 -2.418036 102.539189 -0.350603 -1.350021 -0.051623 
2258 9.612604 0.000000 -1.984578 -5.659039 -0.165642 0.722600 0.996743 
2259 11.001062 0.000000 -0.250747 -3.647308 -0.010715 0.139477 0.998668 
2260 11.926701 0.000000 -0.250747 -2.639695 0.089361 0.076986 0.999302 
2261 12.852339 0.000000 -0.250747 -1.990390 -0.029092 0.140803 0.999602 
2262 13.777978 0.000000 -0.250747 -1.528309 0.096222 0.084614 0.999765 
2263 12.852339 0.000000 0.616169 -1.916586 0.092095 0.010464 0.999632 
2264 12.852339 0.000000 1.483084 -1.776716 0.093973 -0.157480 0.999681 
2265 13.777978 0.000000 1.483084 -1.661420 -0.122725 -0.218255 0.999718 
2266 10.538243 0.000000 -2.418036 102.029642 -0.334822 -0.420965 -0.041034 
2267 11.001062 0.000000 -2.418036 100.862902 -0.319916 0.340319 -0.017354 
2268 10.538243 0.000000 -1.984578 -4.678313 -0.026848 1.503793 0.997585 
2269 14.703617 0.000000 -1.984578 -1.472682 -0.112559 0.689899 0.999734 
2270 14.703617 0.000000 -1.117663 -1.238012 -0.070227 0.381982 0.999832 
2271 16.554894 0.000000 -5.452241 94.580264 -0.231402 2.231812 0.104954 
2272 15.629255 0.000000 -5.452241 95.337926 -0.231719 4.111557 0.089372 
2273 16.554894 0.000000 -6.319156 96.427342 -0.268263 3.900075 0.068649 
2274 14.703617 0.000000 -5.452241 96.558547 -0.111239 5.379769 0.064749 
2275 13.777978 0.000000 -5.452241 97.469525 -0.168459 6.177505 0.046150 
2276 14.703617 0.000000 -6.319156 97.105181 -0.232942 6.213109 0.053193 
2277 14.703617 0.000000 -0.250747 -1.083267 -0.047384 0.172968 0.999879 
2278 15.629255 0.000000 -0.250747 -0.805723 -0.349108 -0.048380 0.999923 
2279 14.703617 0.000000 0.616169 -1.037676 -0.029762 -0.064426 0.999892 
2280 16.554894 0.000000 -0.250747 -0.506473 -0.004082 0.018614 0.999974 
2281 17.480532 0.000000 -0.250747 -0.189576 0.069896 0.162953 0.999993 
2282 16.554894 0.000000 0.616169 -0.313698 -0.313948 0.045731 0.999980 
2283 16.554894 0.000000 1.483084 -0.125253 -0.250634 -0.213606 0.999988 
2284 15.629255 0.000000 1.483084 -0.260550 -0.038534 -0.200654 0.999989 
2285 17.480532 0.000000 1.483084 -0.058076 -0.214582 -0.091860 0.999994 
2286 14.703617 0.000000 1.483084 -1.028185 0.142639 -0.399264 0.999876 
2287 20.257448 0.000000 -5.452241 102.327815 -0.091418 -0.638325 -0.047140 
2288 20.257448 0.000000 -6.319156 100.936117 -0.290963 2.163523 -0.019287 
2289 17.943352 0.000000 -4.151867 90.252620 -0.138345 -10.516145 0.174386 
2290 17.480532 0.000000 -4.151867 88.894154 -0.271507 -6.785009 0.205172 
2291 17.943352 0.000000 -4.585325 93.136335 -0.233594 -6.731292 0.128026 
2292 18.406171 0.000000 -0.250747 -0.075559 -0.166422 0.317153 0.999987 
2293 19.331810 0.000000 -0.250747 -0.010046 -0.023956 0.450504 0.999980 
2294 18.406171 0.000000 0.616169 -0.023852 0.009725 0.070839 0.999999 
2295 20.257448 0.000000 -0.250747 -0.141490 0.039717 0.324448 0.999987 
2296 21.183087 0.000000 -0.250747 -0.556793 0.199843 1.063758 0.999852 
2297 20.257448 0.000000 0.616169 0.501311 0.225437 0.802029 0.999905 
2298 20.257448 0.000000 1.483084 1.351557 0.037274 0.269803 0.999810 
2299 19.331810 0.000000 1.483084 0.825961 -0.013032 -0.216327 0.999927 
2300 21.183087 0.000000 1.483084 1.032217 0.079316 1.220013 0.999744 
2301 18.406171 0.000000 1.483084 0.027855 -0.272267 -0.283166 0.999984 
2302 22.108726 0.000000 1.483084 -0.027110 0.158969 1.697702 0.999709 
2303 22.108726 0.000000 0.616169 -0.745346 -0.030466 1.342107 0.999764 
2304 95.234177 0.000000 43.961950 99.516974 0.086509 9.908043 -0.000180 
2305 110.044395 0.000000 43.961950 99.515361 0.095737 9.876928 -0.000087 
2306 95.234177 0.000000 57.832600 99.500659 0.056104 10.137380 -0.000315 
2307 73.018850 0.000000 23.155975 99.608519 0.209523 8.786165 0.000090 
2308 80.423959 0.000000 23.155975 99.614858 0.225124 8.728076 0.000065 
2309 73.018850 0.000000 30.091300 99.580100 0.134207 9.380478 -0.000421 
2310 30.439473 0.000000 7.551494 100.676540 -0.075576 5.340988 -0.016430 
2311 28.588196 0.000000 7.551494 101.226067 -0.158770 5.670216 -0.027889 
2312 30.439473 0.000000 9.285325 100.809818 -0.168487 6.562841 -0.020572 
2313 95.234177 0.000000 -11.520650 99.538240 -0.144874 9.126416 0.000883 
2314 95.234177 0.000000 -25.391300 99.466208 -0.060546 9.814475 0.001015 
2315 110.044395 0.000000 -11.520650 99.548864 -0.099273 9.238295 0.000467 
2316 58.208632 0.000000 -18.455975 99.326713 -0.111079 9.570076 0.004261 
2317 58.208632 0.000000 -25.391300 99.300689 -0.213409 9.802210 0.004324 
2318 65.613741 0.000000 -18.455975 99.337459 -0.200766 9.397557 0.004371 
2319 73.018850 0.000000 -4.585325 99.527394 -0.209126 8.083216 0.002892 
2320 73.018850 0.000000 -11.520650 99.438079 -0.153128 8.870033 0.003337 
2321 80.423959 0.000000 -4.585325 99.571988 -0.192412 8.207781 0.001801 
2322 47.100968 0.000000 -8.052988 98.520668 -0.184718 8.721683 0.021758 
2323 47.100968 0.000000 -11.520650 98.841015 -0.292573 9.164157 0.014639 
2324 50.803523 0.000000 -8.052988 98.875714 -0.387874 8.639644 0.014880 
2325 25.811280 0.000000 -0.250747 -3.554312 0.159426 -0.082893 0.998733 
2326 24.885641 0.000000 -0.250747 -3.213890 0.181670 0.420785 0.998946 
2327 26.736919 0.000000 -0.250747 -3.812931 0.048516 -0.891027 0.998467 
2328 27.662557 0.000000 -0.250747 -4.208203 -0.015068 -1.373943 0.998040 
2329 28.588196 0.000000 -0.250747 -5.623869 0.086573 -1.876945 0.996484 
2330 25.348461 0.000000 2.783458 103.270879 0.098786 -3.822658 -0.067950 
2331 25.348461 0.000000 2.350000 103.392741 0.106457 -4.199964 -0.070771 
2332 25.348461 0.000000 3.216916 103.278107 0.099205 -3.825790 -0.068101 
2333 27.199738 0.000000 2.783458 103.149556 0.276727 -3.761232 -0.065405 
2334 27.199738 0.000000 2.350000 103.247799 0.282162 -3.712961 -0.067397 
2335 27.199738 0.000000 3.216916 103.279254 0.257172 -3.321035 -0.067770 
2336 29.513835 0.000000 -0.250747 -7.668024 0.094539 -1.720175 0.993823 
2337 29.976654 0.000000 2.783458 101.867707 0.154298 -4.282287 -0.039539 
2338 29.976654 0.000000 2.350000 102.034869 0.142193 -4.302143 -0.042964 
2339 29.976654 0.000000 3.216916 102.037379 0.142938 -4.255284 -0.042975 
2340 34.142028 0.000000 -6.319156 97.902771 0.011196 12.694988 0.025388 
2341 34.142028 0.000000 -8.052988 98.911321 0.159553 11.846495 0.007619 
2342 35.993305 0.000000 -6.319156 97.806633 0.012481 11.902258 0.029220 
2343 31.365112 0.000000 -3.718409 96.513547 -0.190298 18.242094 0.035233 
2344 31.365112 0.000000 -4.585325 97.644072 -0.316749 16.572652 0.019088 
2345 32.290750 0.000000 -3.718409 96.628800 -0.227495 17.267840 0.036464 
2346 29.051015 0.000000 -3.284952 94.273868 -0.197533 24.652825 0.050464 
2347 29.051015 0.000000 -3.718409 96.718124 -0.131905 24.200983 0.005990 
2348 29.513835 0.000000 -3.284952 95.386314 0.009143 23.076536 0.036892 
2349 33.216389 0.000000 -3.718409 96.487372 -0.225303 16.584326 0.041510 
2350 33.216389 0.000000 -4.585325 97.231977 -0.205700 15.077024 0.031858 
2351 34.142028 0.000000 -3.718409 96.124739 -0.188738 15.635639 0.051553 
2352 35.067666 0.000000 -3.718409 96.001388 0.073546 14.511472 0.057315 
2353 35.067666 0.000000 -4.585325 96.642450 -0.013938 13.462456 0.047900 
2354 35.993305 0.000000 -3.718409 96.247793 0.161807 13.806304 0.054572 
2355 33.216389 0.000000 4.950747 96.467952 0.000000 2.682418 0.068674 
2356 32.290750 0.000000 4.950747 99.514876 0.178363 1.857326 0.009331 
2357 33.216389 0.000000 5.817663 98.804770 0.136621 3.465684 0.022559 
2358 33.679208 0.000000 3.650373 100.505504 0.000000 -1.067795 -0.010250 
2359 33.216389 0.000000 3.650373 101.033797 0.000000 -0.947083 -0.020873 
2360 33.679208 0.000000 4.083831 98.697524 0.000000 0.548586 0.025850 
2361 32.753570 0.000000 3.650373 102.254307 0.000000 -1.412375 -0.045794 
2362 32.290750 0.000000 3.650373 103.176242 0.000000 -1.748065 -0.064839 
2363 32.753570 0.000000 4.083831 101.127777 0.000000 -0.683457 -0.022729 
2364 33.679208 0.000000 1.916542 -4.010674 -0.036601 -2.434726 0.997799 
2365 33.216389 0.000000 1.916542 -4.920965 0.241714 -2.784758 0.996797 
2366 33.679208 0.000000 1.483084 -4.289329 0.020854 -1.306136 0.997990 
2367 32.753570 0.000000 1.916542 -5.992808 0.120709 -2.469138 0.995798 
2368 32.290750 0.000000 1.916542 -7.078390 -0.104774 -1.910349 0.994624 
2369 32.753570 0.000000 1.483084 -5.968753 0.118943 -1.358678 0.996251 
2370 35.530486 0.000000 -0.684205 96.488700 0.097663 24.101169 0.010905 
2371 35.530486 0.000000 -1.117663 97.164310 0.111040 21.623792 0.009150 
2372 35.530486 0.000000 -0.250747 93.762307 0.040819 34.644220 0.000841 
2373 37.844582 0.000000 -6.319156 97.799478 0.019008 11.060535 0.031293 
2374 37.844582 0.000000 -8.052988 98.429044 0.067909 10.796123 0.019516 
2375 39.695859 0.000000 -6.319156 97.771197 0.104667 10.491558 0.033071 
2376 36.918944 0.000000 -3.718409 96.253174 0.096995 13.083552 0.056414 
2377 36.918944 0.000000 -4.585325 96.745746 0.008176 12.322632 0.048841 
2378 37.844582 0.000000 -3.718409 96.240518 -0.004861 12.340522 0.058547 
2379 38.770221 0.000000 -1.984578 94.712446 -0.017690 13.715087 0.084145 
2380 38.770221 0.000000 -2.851494 95.614984 -0.000011 12.442274 0.070296 
2381 39.695859 0.000000 -1.984578 94.835162 -0.248853 12.787014 0.084272 
2382 34.836257 0.000000 3.000187 104.183746 -0.000000 -2.780326 -0.086198 
2383 35.067666 0.000000 3.000187 103.445373 -0.082937 2.332852 -0.070639 
2384 34.836257 0.000000 3.216916 102.446897 -0.000000 -2.558136 -0.050191 
2385 37.381763 0.000000 2.783458 115.152806 -0.381378 -22.925346 -0.378589 
2386 37.381763 0.000000 2.350000 110.260128 -0.609917 -31.135599 -0.312709 
2387 37.381763 0.000000 3.216916 100.657188 -0.000000 -1.614638 -0.013448 
2388 37.381763 0.000000 3.650373 98.397764 -0.000000 0.403622 0.031772 
2389 36.918944 0.000000 3.650373 99.146927 -0.000000 0.878067 0.016912 
2390 37.381763 0.000000 4.083831 96.924682 -0.000000 1.553754 0.060319 
2391 36.456124 0.000000 3.650373 99.356167 -0.000000 1.657071 0.012561 
2392 36.456124 0.000000 4.083831 97.335788 -0.000000 1.996685 0.052176 
2393 35.299076 0.000000 3.000187 103.424428 -0.122747 4.079005 -0.071327 
2394 35.299076 0.000000 3.216916 102.350805 -0.073108 3.049334 -0.048499 
2395 30.439473 0.000000 11.019156 101.107324 -0.107437 7.109297 -0.027324 
2396 28.588196 0.000000 11.019156 101.388474 -0.097889 7.451469 -0.033516 
2397 30.439473 0.000000 12.752988 100.963806 -0.215192 7.714493 -0.025325 
2398 35.067666 0.000000 6.684578 96.176406 0.000000 6.222983 0.071137 
2399 34.142028 0.000000 6.684578 98.650547 0.195221 4.631814 0.024658 
2400 36.456124 0.000000 1.916542 100.165232 -0.000000 48.827585 -0.241721 
2401 36.456124 0.000000 1.483084 -4.300058 0.072892 1.552665 0.997909 
2402 36.918944 0.000000 1.916542 370.244057 0.000000 -124.484254 -14.257699 
2403 54.506077 0.000000 -8.052988 99.108109 -0.292195 8.621536 0.010317 
2404 54.506077 0.000000 -11.520650 99.153772 -0.188074 8.969492 0.008804 
2405 58.208632 0.000000 -8.052988 99.277520 -0.165731 8.648564 0.006915 
2406 45.249691 0.000000 -2.851494 97.437050 -0.067590 8.342439 0.043642 
2407 45.249691 0.000000 -4.585325 97.825636 0.009382 8.376925 0.035997 
2408 47.100968 0.000000 -2.851494 97.960041 -0.066474 7.885322 0.034165 
2409 48.952246 0.000000 -2.851494 98.375469 -0.255628 7.860359 0.026042 
2410 48.952246 0.000000 -4.585325 98.481117 -0.260471 8.130056 0.023530 
2411 50.803523 0.000000 -2.851494 98.657510 -0.327263 7.745677 0.020659 
2412 42.472775 0.000000 -0.250747 93.693822 -0.195521 11.040415 0.109954 
2413 42.472775 0.000000 -1.117663 94.995843 -0.111183 10.449883 0.086658 
2414 43.398414 0.000000 -0.250747 94.826258 -0.096832 9.562774 0.091652 
2415 39.233040 0.000000 1.049627 85.466974 -0.189487 41.605999 0.096430 
2416 38.770221 0.000000 1.049627 -3.204200 -0.153848 0.502545 0.998946 
2417 39.233040 0.000000 0.616169 86.547835 -0.160705 39.048149 0.098469 
2418 38.307401 0.000000 1.916542 -3.950895 -0.007148 -1.647225 0.998168 
2419 37.844582 0.000000 1.916542 -5.116701 -0.010640 -1.266468 0.997222 
2420 38.307401 0.000000 1.483084 -4.097547 -0.057529 -0.257599 0.998314 
2421 61.911186 0.000000 5.817663 99.530487 -0.809197 6.874385 0.004577 
2422 61.911186 0.000000 2.350000 99.428000 -0.175748 7.649391 0.005553 
2423 65.613741 0.000000 5.817663 99.614168 -0.511747 6.856890 0.002974 
2424 39.464450 0.000000 3.000187 97.591331 0.000000 -1.940817 0.047217 
2425 39.233040 0.000000 3.000187 98.661057 0.000000 -2.399165 0.026024 
2426 39.695859 0.000000 3.000187 97.158615 0.000000 -1.553365 0.055779 
2427 40.158679 0.000000 1.916542 -3.744445 -0.082106 1.127104 0.998470 
2428 39.927269 0.000000 3.000187 96.657273 0.000000 -1.227190 0.065587 
2429 39.927269 0.000000 2.783458 95.642205 0.484177 -3.980659 0.083649 
2430 40.158679 0.000000 3.000187 95.729083 -0.347059 -0.566563 0.083550 
2431 40.621498 0.000000 -1.984578 95.024220 -0.236963 11.653471 0.083454 
2432 40.621498 0.000000 -2.851494 95.956348 0.010130 10.817477 0.067536 
2433 41.547137 0.000000 -1.984578 95.240243 -0.282103 10.759469 0.081345 
2434 42.009956 0.000000 1.049627 83.948147 -0.000294 17.420803 0.264922 
2435 42.009956 0.000000 0.616169 89.252688 -0.013765 14.696317 0.181798 
2436 42.472775 0.000000 1.049627 87.896444 0.007700 11.569479 0.214036 
2437 42.009956 0.000000 3.650373 94.532807 0.046158 1.844185 0.106015 
2438 42.472775 0.000000 3.650373 94.511371 0.091272 2.784812 0.105984 
2439 42.009956 0.000000 4.083831 95.465662 -0.643213 2.614637 0.087906 
2440 23.960003 0.000000 -1.984578 -3.867781 0.148432 0.241537 0.998496 
2441 23.034364 0.000000 -1.984578 -3.074278 0.083557 0.656367 0.999011 
2442 23.960003 0.000000 -1.117663 -3.252722 0.170504 0.509163 0.998913 
2443 22.108726 0.000000 -1.984578 -2.292902 -0.221085 0.736981 0.999415 
2444 22.108726 0.000000 -1.117663 -1.803364 -0.343759 0.886474 0.999584 
2445 19.794629 0.000000 -4.151867 108.174843 -0.211635 -7.483474 -0.175784 
2446 19.794629 0.000000 -4.585325 103.455040 -0.185905 -5.218539 -0.073021 
2447 20.257448 0.000000 -4.151867 106.914701 -0.151173 -7.721752 -0.149040 
2448 20.720268 0.000000 -4.151867 107.469536 -0.153118 -9.264814 -0.163556 
2449 20.720268 0.000000 -4.585325 104.940492 0.145017 -3.554038 -0.102516 
2450 20.720268 0.000000 -3.718409 107.270353 -0.155175 -9.150885 -0.159069 
2451 20.720268 0.000000 -3.284952 107.447180 -0.153093 -9.261626 -0.163070 
2452 21.183087 0.000000 -3.284952 109.196875 -0.139161 -7.784299 -0.198457 
2453 20.720268 0.000000 -2.851494 -1.851547 -0.057452 0.362449 0.999644 
2454 21.645906 0.000000 -3.284952 110.657668 -0.096447 -3.709838 -0.225889 
2455 22.108726 0.000000 -3.284952 111.307351 0.007278 0.248105 -0.238939 
2456 21.645906 0.000000 -2.851494 -2.482143 -0.087956 0.250292 0.999377 
2457 23.497183 0.000000 -4.151867 113.414364 0.266875 2.715094 -0.287026 
2458 23.497183 0.000000 -4.585325 110.245567 0.287590 4.480581 -0.217424 
2459 23.497183 0.000000 -3.718409 113.290622 0.264109 2.765065 -0.284248 
2460 24.422822 0.000000 -3.284952 118.233351 0.339865 3.442896 -0.399109 
2461 23.960003 0.000000 -3.284952 114.644717 0.297361 2.457460 -0.314954 
2462 24.422822 0.000000 -2.851494 -5.288066 0.183597 -0.042397 0.997200 
2463 23.497183 0.000000 -3.284952 113.338098 0.264348 2.702787 -0.285290 
2464 23.034364 0.000000 -3.284952 112.093018 0.195873 2.580999 -0.257154 
2465 23.497183 0.000000 -2.851494 -3.969700 0.142307 0.181326 0.998419 
2466 25.811280 0.000000 -5.452241 107.842837 0.414596 14.055315 -0.182780 
2467 25.811280 0.000000 -6.319156 104.980535 0.161189 12.250164 -0.117101 
2468 26.736919 0.000000 -5.452241 106.275321 0.299862 16.176821 -0.155622 
2469 25.348461 0.000000 -4.151867 118.360914 0.246365 24.072218 -0.458884 
2470 25.348461 0.000000 -4.585325 113.388942 0.533361 15.107644 -0.308558 
2471 25.811280 0.000000 -4.151867 116.206332 0.242041 29.248038 -0.435942 
2472 26.274099 0.000000 -4.151867 110.328518 0.380842 20.080293 -0.257575 
2473 26.274099 0.000000 -4.585325 109.500715 0.563110 18.199515 -0.232195 
2474 26.736919 0.000000 -4.151867 110.231180 0.359792 20.018372 -0.255178 
2475 27.662557 0.000000 -5.452241 103.861051 0.113196 17.416487 -0.109046 
2476 27.662557 0.000000 -6.319156 102.809845 -0.013310 14.876751 -0.079118 
2477 28.588196 0.000000 -5.452241 101.490260 -0.026249 17.666992 -0.061240 
2478 27.199738 0.000000 -4.151867 110.372090 0.232144 22.408539 -0.268419 
2479 27.199738 0.000000 -4.585325 107.909283 0.163478 20.526364 -0.206577 
2480 27.662557 0.000000 -4.151867 107.737423 0.130902 25.347470 -0.224986 
2481 28.125377 0.000000 -4.151867 103.547607 -0.132578 25.936417 -0.139482 
2482 28.125377 0.000000 -4.585325 103.544409 -0.132023 22.362663 -0.122155 
2483 28.588196 0.000000 -4.151867 100.280640 -0.138271 24.305460 -0.064698 
2484 27.199738 0.000000 -2.418036 -6.383793 0.045907 -1.595404 0.995670 
2485 26.736919 0.000000 -2.418036 -6.569921 0.079058 -1.326440 0.995507 
2486 27.199738 0.000000 -1.984578 -5.727905 -0.028253 -1.496619 0.996495 
2487 39.464450 0.000000 4.734018 96.045437 -0.000000 2.052124 0.077106 
2488 39.233040 0.000000 4.734018 96.038922 -0.000000 1.965502 0.077266 
2489 39.464450 0.000000 4.950747 95.993722 -0.000000 2.147534 0.078059 
2490 39.001630 0.000000 4.734018 96.025620 -0.000000 1.930259 0.077535 
2491 38.770221 0.000000 4.734018 96.091542 -0.000000 1.954622 0.076259 
2492 39.001630 0.000000 4.950747 95.899699 -0.000000 2.184344 0.079848 
2493 37.381763 0.000000 4.517289 96.570094 -0.000000 2.217365 0.066930 
2494 36.918944 0.000000 4.517289 96.696847 -0.000000 2.383735 0.064404 
2495 37.381763 0.000000 4.950747 96.271738 -0.000000 2.838917 0.072369 
2496 37.381763 0.000000 5.384205 95.913437 -0.000000 3.353899 0.078936 
2497 36.918944 0.000000 5.384205 96.084141 -0.000000 3.510068 0.075552 
2498 37.381763 0.000000 5.817663 95.731651 -0.000000 3.746177 0.082142 
2499 38.538811 0.000000 4.734018 96.113169 0.000000 2.114543 0.075779 
2500 38.307401 0.000000 4.734018 96.153087 0.000000 2.160323 0.074992 
2501 38.538811 0.000000 4.950747 95.980172 0.000000 2.346631 0.078230 
2502 39.001630 0.000000 3.867102 96.703299 -0.000000 0.187709 0.064844 
2503 38.770221 0.000000 3.867102 96.827683 -0.000000 0.165452 0.062437 
2504 39.001630 0.000000 3.650373 96.861635 -0.000000 -0.065986 0.061782 
2505 38.538811 0.000000 3.867102 96.868445 -0.000000 0.427852 0.061632 
2506 38.307401 0.000000 3.867102 97.056128 -0.000000 0.458604 0.057990 
2507 38.538811 0.000000 3.650373 97.417098 -0.000000 -0.245940 0.050985 
2508 39.233040 0.000000 6.251120 95.589421 0.000000 2.894337 0.085429 
2509 38.770221 0.000000 6.251120 95.420413 -0.000000 3.088843 0.088540 
2510 39.233040 0.000000 6.684578 95.313714 0.000000 2.842747 0.090721 
2511 39.233040 0.000000 7.118036 95.056844 -0.000000 2.665007 0.095709 
2512 38.770221 0.000000 7.118036 94.894793 -0.000000 2.954471 0.098625 
2513 39.233040 0.000000 7.551494 95.196027 -0.000000 2.419872 0.093186 
2514 39.464450 0.000000 5.167476 95.829396 -0.000000 2.306117 0.081141 
2515 39.233040 0.000000 5.167476 95.817139 -0.000000 2.304382 0.081377 
2516 39.464450 0.000000 5.384205 95.698826 -0.000000 2.496990 0.083550 
2517 39.464450 0.000000 5.600934 95.660336 -0.000000 2.538835 0.084265 
2518 39.233040 0.000000 5.600934 95.664040 -0.000000 2.623558 0.084151 
2519 39.464450 0.000000 5.817663 95.679483 -0.000000 2.682988 0.083824 
2520 48.952246 0.000000 11.019156 99.349358 0.845639 5.853826 0.009472 
2521 50.803523 0.000000 11.019156 99.375325 0.856195 5.988609 0.008795 
2522 48.952246 0.000000 12.752988 99.473833 0.511761 6.513150 0.006227 
2523 42.009956 0.000000 6.251120 96.709707 -1.459460 3.348389 0.063389 
2524 42.009956 0.000000 5.817663 96.513847 -0.570470 3.340392 0.067359 
2525 42.472775 0.000000 6.251120 97.073637 -1.732650 3.699685 0.056002 
2526 40.390088 0.000000 6.901307 95.959835 0.000000 2.590424 0.078500 
2527 40.158679 0.000000 6.901307 95.725911 -0.000000 2.576645 0.082991 
2528 40.390088 0.000000 7.118036 96.182658 -0.000000 2.389599 0.074319 
2529 40.390088 0.000000 7.334765 96.255067 -0.000000 2.292282 0.072971 
2530 40.158679 0.000000 7.334765 95.828206 -0.000000 2.268043 0.081181 
2531 40.390088 0.000000 7.551494 96.349835 -0.000000 2.184805 0.071194 
2532 40.158679 0.000000 9.718783 101.324760 0.286182 3.304724 -0.027771 
2533 39.695859 0.000000 9.718783 101.759465 0.256612 3.458001 -0.036701 
2534 40.158679 0.000000 10.152241 101.126209 0.437852 4.003545 -0.024273 
2535 41.315727 0.000000 9.068596 99.934521 1.072876 2.417056 0.000610 
2536 41.547137 0.000000 9.068596 99.574811 1.712670 2.648396 0.007491 
2537 41.315727 0.000000 9.285325 99.977800 0.946245 2.804785 -0.000432 
2538 42.009956 0.000000 9.718783 99.697493 1.152300 3.689601 0.004547 
2539 42.472775 0.000000 9.718783 99.522069 1.254436 3.918619 0.007843 
2540 42.009956 0.000000 10.152241 99.862696 0.871285 4.130099 0.000963 
2541 41.778546 0.000000 9.068596 99.374179 2.235929 2.862084 0.011158 
2542 42.009956 0.000000 9.068596 99.235571 2.553254 3.070932 0.013635 
2543 41.778546 0.000000 9.285325 99.556530 1.601749 3.100774 0.007632 
2544 41.200022 0.000000 8.743503 99.174124 -0.113036 0.324354 0.016438 
2545 41.315727 0.000000 8.743503 99.149970 -0.108115 0.321455 0.016917 
2546 41.200022 0.000000 8.851867 99.589953 -0.151220 0.000000 0.008182 
2547 41.431432 0.000000 8.093316 98.171334 -0.022016 1.081682 0.036122 
2548 41.547137 0.000000 8.093316 98.108961 -0.017291 1.120357 0.037338 
2549 41.200022 0.000000 8.310045 98.815736 -0.089597 0.626439 0.023505 
2550 38.307401 0.000000 7.984952 95.159644 -0.000000 2.202847 0.093979 
2551 38.307401 0.000000 7.551494 94.692625 -0.000000 2.977219 0.102444 
2552 38.770221 0.000000 7.984952 95.606886 -0.000000 1.957902 0.085549 
2553 39.233040 0.000000 7.984952 95.994408 -0.000000 1.837509 0.078170 
2554 40.390088 0.000000 9.068596 101.182957 0.106087 2.241930 -0.024303 
2555 40.158679 0.000000 9.068596 101.440203 0.080348 2.291522 -0.029537 
2556 40.390088 0.000000 9.285325 101.165194 0.280141 2.573079 -0.024110 
2557 40.737203 0.000000 8.743503 99.634025 -0.237026 0.322892 0.007290 
2558 40.621498 0.000000 8.743503 99.703883 -0.256047 0.327100 0.005896 
2559 40.737203 0.000000 8.851867 100.507651 -0.342835 0.000000 -0.010191 
2560 40.390088 0.000000 7.768223 96.708712 -0.000000 1.776220 0.064427 
2561 40.158679 0.000000 7.768223 96.472002 -0.000000 1.843281 0.068976 
2562 40.390088 0.000000 7.984952 96.791841 -0.000000 1.651052 0.062861 
2563 40.390088 0.000000 8.201681 97.637244 -0.046310 1.192465 0.046554 
2564 40.158679 0.000000 8.201681 98.169576 -0.103550 1.008687 0.036171 
2565 40.968613 0.000000 8.093316 98.033044 -0.053814 1.197763 0.038808 
2566 40.852908 0.000000 8.093316 97.723621 -0.035653 1.350703 0.044827 
2567 40.968613 0.000000 7.984952 97.407459 0.000000 1.580140 0.050929 
2568 40.737203 0.000000 8.310045 98.823270 -0.149989 0.681113 0.023347 
2569 40.621498 0.000000 8.310045 98.734441 -0.151285 0.717533 0.025097 
2570 40.737203 0.000000 8.201681 97.665454 -0.023644 1.165391 0.046010 
2571 40.910760 0.000000 8.580956 99.211293 -0.165863 0.469987 0.015687 
2572 40.852908 0.000000 8.580956 99.079522 -0.173674 0.533664 0.018293 
2573 40.910760 0.000000 8.635138 99.562681 -0.203550 0.330389 0.008712 
2574 35.067666 0.000000 10.152241 100.974393 0.089280 7.097574 -0.024621 
2575 34.142028 0.000000 10.152241 100.868515 -0.009215 6.802352 -0.022073 
2576 35.067666 0.000000 11.019156 100.826192 0.001810 7.259233 -0.021862 
2577 37.613173 0.000000 8.201681 96.212635 0.021980 1.645045 0.074042 
2578 37.613173 0.000000 7.984952 94.280214 -0.000000 3.132175 0.110143 
2579 37.844582 0.000000 8.201681 97.827645 0.004504 1.456415 0.042763 
2580 39.233040 0.000000 9.718783 102.173393 0.271758 3.704093 -0.045320 
2581 38.770221 0.000000 9.718783 102.654853 0.250160 4.073487 -0.055467 
2582 39.233040 0.000000 10.152241 101.960606 0.299943 4.327166 -0.041478 
2583 52.654800 0.000000 7.551494 99.217719 -1.672659 5.916699 0.011804 
2584 54.506077 0.000000 7.551494 99.318696 -1.724939 6.187288 0.009454 
2585 52.654800 0.000000 9.285325 99.429509 5.545261 4.982557 0.005820 
2586 48.026607 0.000000 4.950747 98.402239 -0.853982 5.881057 0.028168 
2587 47.100968 0.000000 4.950747 98.160089 -0.654963 5.535247 0.033353 
2588 48.026607 0.000000 5.817663 98.519671 -0.577892 6.035650 0.025711 
2589 52.654800 0.000000 -2.851494 98.887168 -0.373800 7.776019 0.016072 
2590 52.654800 0.000000 -4.585325 98.916050 -0.365769 8.033835 0.015094 
2591 54.506077 0.000000 -2.851494 99.060502 -0.335533 7.834294 0.012553 
2592 48.026607 0.000000 1.483084 97.989639 -0.047503 7.088812 0.034778 
2593 47.100968 0.000000 1.483084 97.628316 -0.098341 6.923019 0.042077 
2594 48.026607 0.000000 0.616169 97.954579 -0.074931 7.568342 0.034762 
2595 51.729162 0.000000 4.950747 98.901188 -0.743534 7.300358 0.016471 
2596 52.654800 0.000000 4.950747 99.025150 -0.304958 6.891879 0.014643 
2597 51.729162 0.000000 5.817663 99.019843 -0.952382 6.226755 0.015539 
2598 49.415065 0.000000 1.916542 98.387485 -0.195295 7.027867 0.027047 
2599 48.952246 0.000000 1.916542 98.270841 -0.193461 7.018310 0.029355 
2600 49.415065 0.000000 1.483084 98.346946 -0.227268 7.297382 0.027457 
2601 51.266342 0.000000 3.650373 98.713141 -1.328234 8.213892 0.018648 
2602 51.729162 0.000000 3.650373 98.755609 -0.029744 8.403224 0.017671 
2603 51.266342 0.000000 4.083831 98.844420 -0.367868 6.512825 0.018723 
2604 49.646475 0.000000 2.566729 98.475797 0.026391 6.807808 0.025617 
2605 49.415065 0.000000 2.566729 98.432497 0.005224 6.754863 0.026542 
2606 49.646475 0.000000 2.350000 98.460998 -0.082079 6.891578 0.025793 
2607 50.572113 0.000000 3.433645 98.702716 -0.053797 6.693949 0.021296 
2608 50.803523 0.000000 3.433645 98.739833 -0.110544 6.692336 0.020565 
2609 50.572113 0.000000 3.650373 98.689776 -1.393962 7.009201 0.020926 
2610 51.266342 0.000000 1.916542 98.718385 -0.224049 7.141266 0.020363 
2611 51.266342 0.000000 1.483084 98.695768 -0.253916 7.342916 0.020516 
2612 51.729162 0.000000 1.916542 98.772617 -0.266758 7.166435 0.019254 
2613 50.456408 0.000000 3.108551 98.664841 -1.061758 6.681670 0.021948 
2614 50.572113 0.000000 3.108551 98.682852 -1.135560 6.694132 0.021559 
2615 50.456408 0.000000 3.216916 98.672924 -0.570870 6.654692 0.021904 
2616 49.646475 0.000000 3.433645 98.529882 0.302644 6.771927 0.024591 
2617 49.415065 0.000000 3.433645 98.479239 0.410555 6.832095 0.025499 
2618 49.646475 0.000000 3.650373 98.550360 -0.986152 6.592476 0.024339 
2619 50.282851 0.000000 3.054369 98.634893 -1.625445 6.673832 0.022398 
2620 50.340704 0.000000 3.054369 98.640196 -1.713612 6.690756 0.022241 
2621 50.282851 0.000000 3.108551 98.639774 -0.972084 6.657595 0.022493 
2622 40.390088 0.000000 3.433645 95.829822 -0.880549 0.279329 0.081579 
2623 40.390088 0.000000 3.216916 95.889584 -2.249873 -0.268705 0.080005 
2624 40.621498 0.000000 3.433645 95.675538 -0.761134 0.271461 0.084554 
2625 40.042974 0.000000 3.975467 95.730879 0.000000 1.023410 0.083455 
2626 40.158679 0.000000 3.975467 95.693429 0.000000 1.177954 0.084138 
2627 39.580155 0.000000 3.975467 95.967927 0.000000 0.761429 0.078958 
2628 39.464450 0.000000 3.975467 96.151799 0.000000 0.554290 0.075452 
2629 39.580155 0.000000 4.083831 95.878690 0.000000 0.978766 0.080632 
2630 40.042974 0.000000 3.542009 96.017518 0.000000 0.310676 0.078054 
2631 40.042974 0.000000 3.433645 96.257421 0.000000 -0.304043 0.073442 
2632 40.158679 0.000000 3.542009 96.070545 0.000000 0.163134 0.077042 
2633 39.580155 0.000000 3.542009 96.445153 0.000000 -0.187635 0.069830 
2634 39.464450 0.000000 3.542009 96.581073 0.000000 -0.184901 0.067206 
2635 39.580155 0.000000 3.433645 96.589758 0.000000 -0.557805 0.067011 
2636 39.782638 0.000000 3.731647 96.008760 0.000000 0.438087 0.078213 
2637 39.753712 0.000000 3.731647 96.014598 0.000000 0.431060 0.078101 
2638 39.782638 0.000000 3.704556 96.000380 0.000000 0.418339 0.078375 
2639 42.009956 0.000000 4.517289 95.685177 -0.867170 3.080459 0.083411 
2640 42.472775 0.000000 4.517289 95.768531 -0.903308 3.511568 0.081524 
2641 42.009956 0.000000 4.950747 96.048736 0.315804 3.438712 0.076272 
2642 42.009956 0.000000 5.384205 96.233120 -0.368463 3.462117 0.072706 
2643 42.472775 0.000000 5.384205 96.401102 -0.314262 3.497516 0.069450 
2644 40.852908 0.000000 4.734018 95.824947 -0.563940 2.598606 0.081051 
2645 40.852908 0.000000 4.517289 95.729402 -1.039855 2.399414 0.082904 
2646 41.084317 0.000000 4.734018 95.830445 -0.508298 2.656956 0.080921 
2647 40.274384 0.000000 4.192196 95.911138 0.000000 1.588188 0.079853 
2648 40.274384 0.000000 4.083831 95.799379 0.000000 1.427030 0.082044 
2649 40.390088 0.000000 4.192196 95.931307 0.000000 1.617028 0.079457 
2650 39.811564 0.000000 4.625654 96.117178 0.000000 1.850951 0.075806 
2651 39.695859 0.000000 4.625654 96.111500 0.000000 1.776084 0.075943 
2652 39.811564 0.000000 4.734018 96.100936 0.000000 2.033521 0.076047 
2653 39.811564 0.000000 4.842382 96.036117 0.000000 2.120551 0.077257 
2654 39.695859 0.000000 4.842382 96.051163 -0.000000 2.099045 0.076977 
2655 39.811564 0.000000 4.950747 95.978958 -0.000000 2.149541 0.078342 
2656 39.580155 0.000000 4.192196 95.944174 0.000000 1.286728 0.079306 
2657 39.464450 0.000000 4.192196 95.977339 -0.000000 1.282779 0.078670 
2658 39.580155 0.000000 4.300560 95.992058 -0.000000 1.392984 0.078358 
2659 39.580155 0.000000 4.408925 96.019087 -0.000000 1.481650 0.077814 
2660 39.464450 0.000000 4.408925 96.038614 -0.000000 1.442134 0.077450 
2661 39.580155 0.000000 4.517289 96.061622 0.000000 1.582789 0.076966 
2662 40.100826 0.000000 4.246378 95.917015 0.000000 1.534969 0.079757 
2663 40.100826 0.000000 4.192196 95.887757 0.000000 1.493731 0.080331 
2664 40.158679 0.000000 4.246378 95.932013 0.000000 1.557237 0.079462 
2665 40.274384 0.000000 4.625654 96.167249 0.000000 2.080186 0.074753 
2666 40.390088 0.000000 4.625654 96.147923 0.000000 2.102891 0.075115 
2667 40.505793 0.000000 4.842382 95.980277 0.000000 2.325518 0.078238 
2668 40.505793 0.000000 4.734018 96.044255 0.000000 2.263794 0.077038 
2669 40.621498 0.000000 4.842382 95.951019 0.000000 2.385854 0.078771 
2670 40.071900 0.000000 4.327651 95.960801 0.000000 1.633440 0.078886 
2671 40.071900 0.000000 4.300560 95.951436 0.000000 1.616403 0.079071 
2672 40.100826 0.000000 4.327651 95.987815 0.000000 1.630509 0.078368 
2673 40.505793 0.000000 5.275840 95.893942 0.000000 2.615759 0.079751 
2674 40.390088 0.000000 5.275840 95.854023 0.000000 2.575733 0.080537 
2675 40.621498 0.000000 5.275840 95.904977 0.000000 2.628361 0.079533 
2676 40.274384 0.000000 5.275840 95.834571 0.000000 2.556204 0.080920 
2677 40.158679 0.000000 5.275840 95.838706 0.000000 2.508373 0.080865 
2678 39.811564 0.000000 5.059111 95.957576 0.000000 2.231675 0.078716 
2679 39.695859 0.000000 5.059111 95.966601 -0.000000 2.209804 0.078553 
2680 39.811564 0.000000 5.167476 95.900665 0.000000 2.312615 0.079771 
2681 40.042974 0.000000 5.275840 95.829476 0.000000 2.472560 0.081060 
2682 39.927269 0.000000 5.275840 95.849263 0.000000 2.454871 0.080689 
2683 40.042974 0.000000 5.384205 95.849432 0.000000 2.546182 0.080640 
2684 39.811564 0.000000 5.275840 95.822206 -0.000000 2.459261 0.081206 
2685 39.695859 0.000000 5.275840 95.796318 -0.000000 2.453108 0.081705 
2686 39.811564 0.000000 5.384205 95.825902 -0.000000 2.521748 0.081104 
2687 40.332236 0.000000 4.896565 95.986741 0.000000 2.288967 0.078131 
2688 40.332236 0.000000 4.842382 96.028252 0.000000 2.245251 0.077353 
2689 40.390088 0.000000 4.896565 95.999182 0.000000 2.282023 0.077895 
2690 39.927269 0.000000 6.034391 95.772153 -0.000000 2.697793 0.082042 
2691 39.695859 0.000000 6.034391 95.716168 -0.000000 2.689830 0.083118 
2692 39.927269 0.000000 6.251120 95.712727 -0.000000 2.694690 0.083181 
2693 39.927269 0.000000 6.467849 95.572648 -0.000000 2.680312 0.085868 
2694 39.695859 0.000000 6.467849 95.580139 -0.000000 2.718925 0.085704 
2695 39.927269 0.000000 6.684578 95.512576 -0.000000 2.618167 0.087049 
2696 40.274384 0.000000 5.709298 95.971656 0.000000 2.692552 0.078219 
2697 40.158679 0.000000 5.709298 95.929717 0.000000 2.636742 0.079054 
2698 40.274384 0.000000 5.817663 95.983677 0.000000 2.703951 0.077982 
2699 41.315727 0.000000 6.467849 95.881156 0.000000 2.761380 0.079918 
2700 41.315727 0.000000 6.251120 95.881156 0.000000 2.761380 0.079918 
2701 41.547137 0.000000 6.467849 96.623379 -0.984891 3.101766 0.065333 
2702 40.737203 0.000000 5.709298 96.061567 0.000000 2.781473 0.076444 
2703 40.737203 0.000000 5.600934 96.011100 0.000000 2.733389 0.077440 
2704 40.852908 0.000000 5.709298 96.098328 0.000000 2.815648 0.075718 
2705 40.042974 0.000000 5.492569 95.874505 0.000000 2.562908 0.080151 
2706 39.927269 0.000000 5.492569 95.863573 -0.000000 2.559963 0.080362 
2707 40.042974 0.000000 5.600934 95.885429 -0.000000 2.576454 0.079935 
2708 40.042974 0.000000 5.709298 95.913313 0.000000 2.619369 0.079378 
2709 39.927269 0.000000 5.709298 95.866633 -0.000000 2.598393 0.080284 
2710 40.042974 0.000000 5.817663 95.940840 -0.000000 2.664048 0.078826 
2711 40.274384 0.000000 5.926027 95.925128 0.000000 2.719097 0.079098 
2712 40.158679 0.000000 5.926027 95.897143 0.000000 2.713566 0.079637 
2713 40.274384 0.000000 6.034391 95.850310 0.000000 2.707350 0.080539 
2714 40.274384 0.000000 6.142756 95.791517 -0.000000 2.673209 0.081684 
2715 40.158679 0.000000 6.142756 95.800516 -0.000000 2.705959 0.081494 
2716 40.274384 0.000000 6.251120 95.787306 0.000000 2.705805 0.081747 
2717 40.505793 0.000000 6.359485 95.768359 0.000000 2.716645 0.082104 
2718 40.390088 0.000000 6.359485 95.757403 0.000000 2.717244 0.082314 
2719 40.505793 0.000000 6.467849 95.747813 0.000000 2.673631 0.082521 
2720 40.563646 0.000000 6.196938 95.910102 0.000000 2.757725 0.079365 
2721 40.505793 0.000000 6.196938 95.874780 0.000000 2.734204 0.080055 
2722 40.563646 0.000000 6.251120 95.845189 0.000000 2.734965 0.080622 
2723 41.778546 0.000000 7.334765 97.465872 -1.235622 2.599667 0.049212 
2724 41.778546 0.000000 7.118036 97.273970 -1.011418 2.748884 0.052920 
2725 42.009956 0.000000 7.334765 97.560016 0.218147 3.798928 0.046756 
2726 40.968613 0.000000 7.876587 97.374067 -0.000000 1.625751 0.051565 
2727 40.852908 0.000000 7.876587 97.274308 -0.000000 1.655985 0.053497 
2728 40.968613 0.000000 7.768223 97.253745 0.000000 1.761300 0.053861 
2729 41.200022 0.000000 7.659858 97.135538 0.000000 1.972337 0.056080 
2730 41.084317 0.000000 7.659858 97.058618 0.000000 1.978196 0.057571 
2731 41.315727 0.000000 7.659858 97.263614 0.000000 1.850038 0.053637 
2732 41.431432 0.000000 7.659858 97.351606 0.000000 1.809166 0.051939 
2733 41.431432 0.000000 7.551494 96.978427 0.000000 2.093930 0.059080 
2734 41.547137 0.000000 7.659858 97.322790 0.000000 1.856657 0.052483 
2735 41.142170 0.000000 7.388947 96.875532 0.000000 2.233732 0.061014 
2736 41.200022 0.000000 7.388947 96.876830 0.000000 2.235086 0.060988 
2737 41.142170 0.000000 7.443129 96.893260 0.000000 2.205646 0.060683 
2738 41.662842 0.000000 8.310045 98.633200 -0.045996 0.621780 0.027110 
2739 41.662842 0.000000 8.201681 98.578673 -0.042101 0.685201 0.028177 
2740 41.778546 0.000000 8.310045 98.424523 -0.033228 0.796343 0.031198 
2741 52.654800 0.000000 11.019156 99.411405 0.783336 6.085983 0.007972 
2742 54.506077 0.000000 11.019156 99.466479 0.923542 6.217818 0.006691 
2743 52.654800 0.000000 12.752988 99.489256 0.449793 6.711946 0.005664 
2744 17.480532 0.000000 12.752988 101.222540 0.179558 9.903471 -0.034411 
2745 13.777978 0.000000 12.752988 101.194885 0.248580 10.449284 -0.034965 
2746 17.480532 0.000000 16.220650 100.784146 0.184738 10.054891 -0.025858 
2747 10.075423 0.000000 12.752988 100.970992 0.278763 11.042588 -0.031716 
2748 6.372869 0.000000 12.752988 100.552734 0.276211 11.628527 -0.024615 
2749 10.075423 0.000000 16.220650 100.645645 0.285161 10.931458 -0.024912 
2750 -1.957879 0.000000 -3.718409 94.333507 0.019654 7.517062 0.104468 
2751 -2.883517 0.000000 -3.718409 95.150701 0.007744 8.954778 0.086616 
2752 -1.957879 0.000000 -4.585325 95.393763 0.058630 7.687832 0.084092 
2753 -0.569421 0.000000 -2.418036 87.977759 0.118514 3.656217 0.224653 
2754 -1.032240 0.000000 -2.418036 89.501568 0.107740 5.653435 0.195750 
2755 -0.569421 0.000000 -2.851494 90.065590 0.116409 4.054738 0.187174 
2756 -0.106602 0.000000 3.216916 94.483189 0.122788 17.122499 0.077973 
2757 -1.032240 0.000000 3.216916 94.881151 0.169751 15.314798 0.076300 
2758 -0.106602 0.000000 4.083831 96.228352 0.148879 16.018452 0.048349 
2759 0.356218 0.000000 1.916542 89.722759 0.124256 21.801890 0.147449 
2760 -0.106602 0.000000 1.916542 90.265261 0.128092 19.501720 0.147185 
2761 0.356218 0.000000 2.350000 91.814061 0.120070 20.346205 0.115620 
2762 -0.569421 0.000000 1.916542 90.940064 0.106913 17.503676 0.142351 
2763 -1.032240 0.000000 1.916542 91.803502 0.085432 15.948555 0.131775 
2764 -0.569421 0.000000 2.350000 92.431979 0.091825 17.025826 0.116644 
2765 0.587627 0.000000 -1.767849 77.218572 0.052139 -12.691191 0.387622 
2766 0.356218 0.000000 -1.767849 78.018258 0.030565 -8.320249 0.384392 
2767 0.587627 0.000000 -1.984578 80.878715 0.030648 -9.257550 0.337293 
2768 1.513266 0.000000 -0.034018 -4.034043 0.043233 0.441177 0.998353 
2769 1.513266 0.000000 -0.250747 -3.988567 0.055532 0.531286 0.998381 
2770 1.744676 0.000000 -0.034018 -3.989797 -0.029542 0.332271 0.998397 
2771 0.587627 0.000000 0.832898 79.119976 0.075667 32.055824 0.271245 
2772 0.356218 0.000000 0.832898 80.075897 0.138560 28.016412 0.280291 
2773 0.587627 0.000000 1.049627 82.499740 0.146753 29.315293 0.233439 
2774 1.513266 0.000000 -0.467476 -3.981865 -0.014623 0.524929 0.998387 
2775 1.744676 0.000000 -0.467476 -3.952955 -0.039244 0.350660 0.998425 
2776 2.207495 0.000000 -3.284952 92.972353 0.051739 -5.631218 0.132443 
2777 1.744676 0.000000 -3.284952 92.023532 0.033738 -4.326019 0.151295 
2778 2.207495 0.000000 -3.718409 93.961758 0.086026 -2.724943 0.116376 
2779 1.281856 0.000000 -3.284952 91.304088 0.033606 -2.611385 0.165674 
2780 0.819037 0.000000 -3.284952 90.912909 0.029641 -0.679739 0.173438 
2781 1.281856 0.000000 -3.718409 92.757237 0.087881 -0.337204 0.139597 
2782 4.058772 0.000000 2.783458 101.894635 0.275805 26.018750 -0.105957 
2783 3.595953 0.000000 2.783458 100.165555 0.235884 27.490739 -0.078893 
2784 4.058772 0.000000 3.216916 101.111823 0.281393 23.836788 -0.079187 
2785 5.910050 0.000000 -1.551120 -5.853439 0.114564 0.077528 0.996572 
2786 6.372869 0.000000 -1.551120 -5.855030 0.104441 0.163196 0.996568 
2787 5.910050 0.000000 -1.117663 -5.823499 0.093073 0.092514 0.996607 
2788 5.910050 0.000000 1.049627 -5.771292 0.134173 0.247053 0.996661 
2789 5.910050 0.000000 0.616169 -5.749650 0.155627 0.229692 0.996686 
2790 6.372869 0.000000 1.049627 -5.862235 0.228349 0.187178 0.996555 
2791 6.835688 0.000000 -1.551120 -5.867797 0.093333 0.157132 0.996554 
2792 7.298507 0.000000 -1.551120 -5.943507 -0.000156 0.198638 0.996464 
2793 6.835688 0.000000 -1.117663 -5.832733 0.091095 0.143702 0.996595 
2794 6.835688 0.000000 1.049627 -5.891653 0.071463 0.231226 0.996523 
2795 6.835688 0.000000 0.616169 -5.839105 0.092202 0.198217 0.996586 
2796 7.298507 0.000000 1.049627 -5.902651 -0.111846 0.234470 0.996509 
2797 7.761327 0.000000 1.916542 -5.935573 -0.069634 0.234621 0.996471 
2798 7.761327 0.000000 1.483084 -5.914270 -0.085876 0.151928 0.996499 
2799 8.224146 0.000000 1.916542 -5.956000 -0.128222 -0.038696 0.996451 
2800 8.686965 0.000000 1.916542 -5.802095 -0.111691 -0.148923 0.996630 
2801 8.686965 0.000000 1.483084 -5.750825 -0.125494 -0.062400 0.996691 
2802 9.149785 0.000000 1.916542 -5.588318 -0.128370 -0.423225 0.996858 
2803 12.852339 0.000000 -5.452241 98.096124 -0.474306 6.451767 0.033530 
2804 11.926701 0.000000 -5.452241 98.837989 -0.479189 6.493047 0.018866 
2805 12.852339 0.000000 -6.319156 98.241172 -0.551767 6.946307 0.030012 
2806 11.001062 0.000000 -5.452241 99.629529 -0.394603 6.433292 0.003241 
2807 10.075423 0.000000 -5.452241 100.218371 -0.354355 5.918396 -0.007887 
2808 11.001062 0.000000 -6.319156 99.413907 -0.395031 7.017397 0.006748 
2809 17.017713 0.000000 -4.151867 88.945327 -0.268127 -3.416252 0.207699 
2810 16.554894 0.000000 -4.151867 89.833722 -0.354472 -1.049759 0.192867 
2811 17.017713 0.000000 -4.585325 91.456831 -0.321617 -1.927433 0.163183 
2812 26.736919 0.000000 7.551494 101.728448 0.028632 6.183230 -0.038691 
2813 24.885641 0.000000 7.551494 101.988200 0.018161 6.832002 -0.044827 
2814 26.736919 0.000000 9.285325 101.645606 0.018227 7.134420 -0.038273 
2815 23.034364 0.000000 7.551494 101.939655 0.044686 7.673665 -0.045058 
2816 21.183087 0.000000 7.551494 101.592144 -0.005325 8.288567 -0.038966 
2817 23.034364 0.000000 9.285325 101.603138 0.131663 8.238467 -0.039109 
2818 22.108726 0.000000 -0.250747 -1.256223 -0.258390 1.119488 0.999710 
2819 23.034364 0.000000 -0.250747 -1.971456 -0.070356 1.065466 0.999497 
2820 23.960003 0.000000 -0.250747 -2.630566 0.144877 0.880984 0.999228 
2821 95.234177 0.000000 -39.261950 99.441222 -0.041710 10.104271 0.000935 
2822 95.234177 0.000000 -53.132600 99.433895 -0.031886 10.240745 0.000803 
2823 110.044395 0.000000 -39.261950 99.455000 -0.044296 10.119123 0.000630 
2824 73.018850 0.000000 -18.455975 99.390569 -0.118824 9.387504 0.003338 
2825 73.018850 0.000000 -25.391300 99.370487 -0.090590 9.718409 0.003105 
2826 80.423959 0.000000 -18.455975 99.435107 -0.107733 9.432392 0.002368 
2827 31.365112 0.000000 4.950747 100.135797 0.084879 2.004811 -0.003120 
2828 30.439473 0.000000 4.950747 100.620604 -0.032004 2.163028 -0.012919 
2829 31.365112 0.000000 5.817663 100.151621 -0.018379 3.424564 -0.004208 
2830 29.513835 0.000000 4.950747 101.063084 -0.137526 2.424731 -0.021965 
2831 28.588196 0.000000 4.950747 101.296106 -0.030825 2.647752 -0.026791 
2832 29.513835 0.000000 5.817663 100.965228 -0.113605 3.777672 -0.020826 
2833 29.513835 0.000000 -5.452241 99.700759 0.133351 17.044046 -0.023076 
2834 29.513835 0.000000 -6.319156 99.840688 0.050596 14.834924 -0.018824 
2835 30.439473 0.000000 -5.452241 98.858637 -0.075226 15.941004 -0.002715 
2836 29.051015 0.000000 -4.151867 98.616365 -0.120086 22.456220 -0.022948 
2837 29.051015 0.000000 -4.585325 99.702468 -0.100323 20.554535 -0.036308 
2838 29.513835 0.000000 -4.151867 97.862534 0.014414 20.987055 -0.001753 
2839 29.976654 0.000000 -3.284952 95.612467 0.283847 22.366557 0.035791 
2840 29.976654 0.000000 -3.718409 96.482013 0.233367 21.189202 0.024218 
2841 30.439473 0.000000 -3.284952 95.574592 0.075150 21.548346 0.040116 
2842 31.827931 0.000000 3.650373 99.678157 0.321232 -1.330586 0.006239 
2843 31.365112 0.000000 3.650373 99.880119 0.208436 -1.239541 0.002238 
2844 31.827931 0.000000 4.083831 99.700174 0.193948 -0.065531 0.005983 
2845 30.902292 0.000000 3.650373 100.471220 0.132022 -1.286579 -0.009614 
2846 30.439473 0.000000 3.650373 101.042243 0.139945 -0.996650 -0.021055 
2847 30.902292 0.000000 4.083831 100.495475 0.106936 0.077454 -0.009936 
2848 31.827931 0.000000 1.916542 -7.859408 0.004769 -0.944973 0.993734 
2849 31.365112 0.000000 1.916542 -7.912378 -0.108848 -0.327848 0.993727 
2850 31.827931 0.000000 1.483084 -7.545192 -0.137241 -0.529493 0.994277 
2851 30.902292 0.000000 1.916542 -7.675559 -0.073244 -0.142589 0.994106 
2852 30.439473 0.000000 1.916542 -7.410654 -0.048849 -0.032030 0.994508 
2853 30.902292 0.000000 1.483084 -7.729784 -0.109289 -0.321802 0.994013 
2854 41.547137 0.000000 -6.319156 97.874184 0.003385 9.843832 0.032374 
2855 41.547137 0.000000 -8.052988 98.143524 -0.082072 9.790918 0.027198 
2856 43.398414 0.000000 -6.319156 97.906505 -0.070272 9.254722 0.032866 
2857 38.770221 0.000000 -3.718409 96.274396 -0.013595 11.680497 0.059481 
2858 38.770221 0.000000 -4.585325 96.878637 0.003244 11.219583 0.048865 
2859 39.695859 0.000000 -3.718409 96.403678 0.058309 11.024860 0.058478 
2860 33.216389 0.000000 6.684578 99.079456 0.015209 4.579766 0.016229 
2861 32.290750 0.000000 6.684578 99.444378 -0.024362 4.416559 0.009131 
2862 33.216389 0.000000 7.551494 99.624590 -0.166541 5.461607 0.004508 
2863 33.216389 0.000000 8.418409 100.091739 -0.212936 5.882718 -0.005301 
2864 32.290750 0.000000 8.418409 100.181449 -0.320797 5.879661 -0.007100 
2865 33.216389 0.000000 9.285325 100.458312 -0.134719 6.449481 -0.013349 
2866 37.381763 0.000000 1.916542 -5.883394 0.161416 -0.239024 0.996530 
2867 37.381763 0.000000 1.483084 -4.942576 0.162716 0.172510 0.997551 
2868 61.911186 0.000000 -1.117663 99.415333 -0.220780 7.728145 0.005682 
2869 61.911186 0.000000 -4.585325 99.384472 -0.192340 8.115148 0.005683 
2870 65.613741 0.000000 -1.117663 99.504466 -0.185576 7.651463 0.004028 
2871 39.233040 0.000000 0.182711 88.650250 -0.134855 38.406821 0.066603 
2872 39.233040 0.000000 -0.250747 92.194152 -0.345820 21.705714 0.102898 
2873 39.695859 0.000000 0.182711 85.689764 -0.179876 40.489337 0.101785 
2874 38.307401 0.000000 1.049627 -4.339423 -0.095713 0.558747 0.998085 
2875 37.844582 0.000000 1.049627 -4.798419 -0.014642 0.258440 0.997691 
2876 39.927269 0.000000 2.566729 95.249719 0.720990 -4.278543 0.090867 
2877 39.927269 0.000000 2.350000 95.522428 0.708393 -4.537839 0.085437 
2878 40.158679 0.000000 2.566729 96.068107 0.746101 -3.488411 0.075819 
2879 40.390088 0.000000 3.000187 96.093184 0.034276 -0.781180 0.076549 
2880 40.390088 0.000000 2.783458 97.089716 0.797393 -2.354986 0.056741 
2881 40.621498 0.000000 3.000187 96.409306 0.075622 -1.294545 0.070356 
2882 40.621498 0.000000 -3.718409 96.501011 0.011817 10.537553 0.057651 
2883 40.621498 0.000000 -4.585325 97.056949 0.013043 10.313206 0.047359 
2884 41.547137 0.000000 -3.718409 96.609307 0.092808 9.943132 0.056777 
2885 42.472775 0.000000 -1.984578 95.634985 -0.182270 9.903394 0.075584 
2886 42.472775 0.000000 -2.851494 96.351664 0.099014 9.645929 0.062330 
2887 43.398414 0.000000 -1.984578 96.086882 -0.205284 9.261065 0.068150 
2888 40.158679 0.000000 0.182711 88.581668 -0.386894 18.544112 0.180925 
2889 40.158679 0.000000 -0.250747 91.351754 -0.312626 16.645946 0.137767 
2890 40.621498 0.000000 0.182711 91.188286 -0.466674 16.293996 0.141898 
2891 22.571545 0.000000 -3.284952 111.573779 0.151738 2.337875 -0.245420 
2892 22.571545 0.000000 -2.851494 -3.255866 0.007950 0.504743 0.998914 
2893 26.274099 0.000000 -2.418036 -6.268343 0.081613 -0.988941 0.995972 
2894 25.811280 0.000000 -2.418036 -5.917976 0.073867 -0.490379 0.996473 
2895 26.274099 0.000000 -1.984578 -5.483169 0.117103 -0.811471 0.996926 
2896 36.456124 0.000000 4.517289 96.715533 -0.000000 2.528808 0.063971 
2897 35.993305 0.000000 4.517289 96.868347 -0.000000 2.535927 0.061009 
2898 36.456124 0.000000 4.950747 96.494897 -0.000000 3.082125 0.067924 
2899 36.456124 0.000000 5.384205 96.287518 -0.000000 3.614125 0.071565 
2900 35.993305 0.000000 5.384205 96.515221 -0.000000 3.816890 0.067024 
2901 36.456124 0.000000 5.817663 96.142337 -0.000000 4.264178 0.073847 
2902 39.001630 0.000000 3.433645 97.917380 -0.000000 -1.268962 0.041058 
2903 38.770221 0.000000 3.433645 98.262422 -0.000000 -1.384553 0.034258 
2904 39.001630 0.000000 3.216916 98.975017 -0.000000 -2.432096 0.019803 
2905 38.538811 0.000000 3.433645 98.200074 -0.000000 -0.997582 0.035575 
2906 38.307401 0.000000 3.433645 98.691113 -0.000000 -1.100234 0.025885 
2907 38.538811 0.000000 3.216916 99.897320 -0.000000 -2.716874 0.001314 
2908 38.307401 0.000000 6.251120 95.409769 -0.000000 3.429050 0.088522 
2909 37.844582 0.000000 6.251120 95.418285 -0.000000 3.793683 0.088096 
2910 38.307401 0.000000 6.684578 95.058454 -0.000000 3.569160 0.095115 
2911 38.307401 0.000000 7.118036 94.625553 -0.000000 3.342565 0.103483 
2912 37.844582 0.000000 7.118036 94.493749 -0.000000 3.986268 0.105504 
2913 39.001630 0.000000 5.167476 95.824080 -0.000000 2.346877 0.081224 
2914 38.770221 0.000000 5.167476 95.831638 0.000000 2.471000 0.081019 
2915 39.001630 0.000000 5.384205 95.725924 0.000000 2.604919 0.082976 
2916 39.001630 0.000000 5.600934 95.698786 0.000000 2.705836 0.083442 
2917 38.770221 0.000000 5.600934 95.622396 0.000000 2.815762 0.084843 
2918 39.001630 0.000000 5.817663 95.607538 0.000000 2.840503 0.085113 
2919 39.927269 0.000000 6.901307 95.508499 -0.000000 2.581581 0.087146 
2920 39.695859 0.000000 6.901307 95.447361 -0.000000 2.604988 0.088302 
2921 39.927269 0.000000 7.118036 95.559471 -0.000000 2.418642 0.086254 
2922 39.927269 0.000000 7.334765 95.673364 -0.000000 2.322877 0.084121 
2923 39.695859 0.000000 7.334765 95.484780 0.000000 2.375032 0.087702 
2924 39.927269 0.000000 7.551494 95.954123 -0.000000 2.112324 0.078834 
2925 41.431432 0.000000 8.743503 99.030327 -0.081543 0.328939 0.019288 
2926 41.547137 0.000000 8.743503 99.096361 -0.086527 0.272129 0.017983 
2927 41.431432 0.000000 8.851867 99.380879 -0.109248 0.000000 0.012343 
2928 41.662842 0.000000 8.743503 98.995203 -0.072056 0.232831 0.019989 
2929 41.778546 0.000000 8.743503 99.064451 -0.081776 0.000000 0.018623 
2930 41.662842 0.000000 8.851867 99.064451 -0.081776 0.000000 0.018623 
2931 39.927269 0.000000 7.768223 96.294218 -0.000000 1.849156 0.072400 
2932 39.695859 0.000000 7.768223 96.072855 0.000000 1.897730 0.076641 
2933 39.927269 0.000000 7.984952 96.492662 0.000000 1.698830 0.068628 
2934 39.927269 0.000000 8.201681 98.019163 -0.074263 1.087348 0.039106 
2935 39.695859 0.000000 8.201681 98.084872 -0.071856 1.053252 0.037824 
2936 39.927269 0.000000 8.418409 99.191962 -0.137951 0.640065 0.016053 
2937 40.737203 0.000000 8.093316 97.691655 -0.038120 1.317704 0.045460 
2938 40.621498 0.000000 8.093316 97.598557 -0.040918 1.329443 0.047275 
2939 40.737203 0.000000 7.984952 97.218636 -0.000000 1.610657 0.054594 
2940 33.216389 0.000000 10.152241 100.630236 -0.139989 6.776236 -0.017238 
2941 32.290750 0.000000 10.152241 100.806795 -0.150915 6.651694 -0.020628 
2942 33.216389 0.000000 11.019156 100.907212 -0.101933 6.981131 -0.023101 
2943 37.381763 0.000000 6.251120 95.564108 -0.000000 4.177459 0.085005 
2944 36.918944 0.000000 6.251120 95.846792 -0.000000 4.445177 0.079363 
2945 37.381763 0.000000 6.684578 95.198024 -0.000000 4.415367 0.091784 
2946 37.381763 0.000000 7.118036 94.665799 -0.000000 4.810021 0.101525 
2947 36.918944 0.000000 7.118036 95.134758 -0.000000 5.824087 0.091546 
2948 36.456124 0.000000 7.118036 95.682619 0.000000 6.784365 0.079881 
2949 35.993305 0.000000 7.118036 95.779121 0.000000 6.956371 0.077797 
2950 36.456124 0.000000 6.684578 95.835781 -0.000000 5.624753 0.078387 
2951 38.307401 0.000000 9.718783 103.051024 0.276164 4.556858 -0.064035 
2952 37.844582 0.000000 9.718783 103.387642 0.198720 5.202327 -0.071611 
2953 38.307401 0.000000 10.152241 102.456886 0.320417 5.213317 -0.052469 
2954 40.274384 0.000000 3.975467 95.660752 0.000000 1.214098 0.084755 
2955 40.274384 0.000000 3.867102 95.661816 0.000000 1.213249 0.084734 
2956 40.390088 0.000000 3.975467 95.662141 0.000000 1.212989 0.084728 
2957 40.852908 0.000000 4.300560 95.650891 0.133899 2.162032 0.084621 
2958 40.852908 0.000000 4.083831 95.595189 -0.566520 1.778780 0.085807 
2959 41.084317 0.000000 4.300560 95.625059 0.139360 2.251209 0.085076 
2960 40.505793 0.000000 4.625654 96.216150 0.000000 2.046648 0.073826 
2961 40.505793 0.000000 4.517289 96.216188 0.000000 2.046417 0.073826 
2962 40.621498 0.000000 4.625654 96.216233 0.000000 2.046138 0.073825 
2963 41.315727 0.000000 6.034391 96.244670 -0.212383 3.188605 0.072675 
2964 41.315727 0.000000 5.817663 96.144972 -0.556295 3.183678 0.074570 
2965 41.547137 0.000000 6.034391 96.445727 -0.240763 3.194311 0.068796 
2966 40.737203 0.000000 5.492569 95.989126 0.000000 2.712147 0.077873 
2967 40.737203 0.000000 5.384205 95.962660 0.000000 2.691861 0.078392 
2968 40.852908 0.000000 5.492569 96.034032 0.000000 2.760255 0.076985 
2969 39.811564 0.000000 5.492569 95.836752 -0.000000 2.564201 0.080874 
2970 39.695859 0.000000 5.492569 95.797290 -0.000000 2.549640 0.081638 
2971 39.811564 0.000000 5.600934 95.838920 -0.000000 2.576370 0.080826 
2972 39.811564 0.000000 5.709298 95.835372 -0.000000 2.598264 0.080883 
2973 39.695859 0.000000 5.709298 95.797115 -0.000000 2.588422 0.081621 
2974 39.811564 0.000000 5.817663 95.802386 -0.000000 2.638347 0.081494 
2975 40.274384 0.000000 6.359485 95.721856 0.000000 2.715375 0.082995 
2976 40.158679 0.000000 6.359485 95.725515 -0.000000 2.713873 0.082926 
2977 40.274384 0.000000 6.467849 95.660856 -0.000000 2.679022 0.084182 
2978 41.778546 0.000000 6.901307 97.093578 -1.098419 2.859870 0.056345 
2979 41.778546 0.000000 6.684578 96.982089 -0.506877 2.963628 0.058543 
2980 42.009956 0.000000 6.901307 97.265141 -1.269297 2.960918 0.052911 
2981 41.431432 0.000000 7.443129 96.943476 0.000000 2.181911 0.059720 
2982 41.431432 0.000000 7.334765 96.934517 0.000000 2.202317 0.059885 
2983 41.547137 0.000000 7.443129 96.977938 0.000000 2.089088 0.059092 
2984 40.968613 0.000000 7.659858 97.035092 0.000000 1.943067 0.058042 
2985 40.852908 0.000000 7.659858 96.979208 0.000000 1.955465 0.059121 
2986 40.737203 0.000000 7.876587 97.133774 -0.000000 1.674942 0.056222 
2987 40.621498 0.000000 7.876587 96.986458 -0.000000 1.726231 0.059065 
2988 40.737203 0.000000 7.768223 97.028060 -0.000000 1.771163 0.058242 
2989 41.662842 0.000000 8.093316 97.985481 0.000000 1.347867 0.039703 
2990 41.662842 0.000000 7.984952 97.798859 0.000000 1.493870 0.043315 
2991 41.778546 0.000000 8.093316 97.986547 0.000000 1.341269 0.039684 
2992 -1.957879 0.000000 3.216916 95.464157 0.158042 14.095502 0.068789 
2993 -2.883517 0.000000 3.216916 96.103999 0.144019 13.099618 0.059240 
2994 -1.957879 0.000000 4.083831 96.499133 0.190605 13.871544 0.049546 
2995 0.356218 0.000000 -3.284952 90.817220 0.009854 1.231597 0.175072 
2996 -0.106602 0.000000 -3.284952 91.118996 0.100896 2.957881 0.168857 
2997 0.356218 0.000000 -3.718409 92.191032 0.011802 2.565867 0.149423 
2998 -0.569421 0.000000 -3.284952 91.465412 0.103548 4.635136 0.161258 
2999 -1.032240 0.000000 -3.284952 92.135731 0.085043 5.826893 0.147705 
3000 -0.569421 0.000000 -3.718409 92.822249 0.092383 4.981540 0.135921 
3001 -0.338011 0.000000 -1.334391 76.493873 0.110602 1.028490 0.414762 
3002 -0.569421 0.000000 -1.334391 79.920756 0.106203 4.025858 0.359645 
3003 -0.338011 0.000000 -1.551120 79.665108 0.108892 0.949180 0.365256 
3004 4.984411 0.000000 -0.684205 -5.585278 -0.113771 0.206166 0.996875 
3005 5.447230 0.000000 -0.684205 -5.597190 0.098814 0.124999 0.996865 
3006 4.984411 0.000000 -0.250747 -5.520121 -0.096000 0.180493 0.996949 
3007 5.910050 0.000000 -0.684205 -5.796892 0.098202 0.111915 0.996637 
3008 6.372869 0.000000 -0.684205 -5.822694 0.186117 0.153265 0.996604 
3009 5.910050 0.000000 -0.250747 -5.760252 0.137182 0.117021 0.996679 
3010 5.910050 0.000000 0.182711 -5.725034 0.152045 0.213649 0.996716 
3011 5.447230 0.000000 0.182711 -5.589927 0.095523 0.232113 0.996869 
3012 6.372869 0.000000 0.182711 -5.815939 0.192134 0.151612 0.996611 
3013 4.984411 0.000000 0.182711 -5.508958 -0.052523 0.192524 0.996961 
3014 1.976085 0.000000 -0.900934 -3.923546 -0.053761 0.278501 0.998453 
3015 2.207495 0.000000 -0.900934 -4.064017 -0.100946 0.129294 0.998346 
3016 1.976085 0.000000 -0.684205 -3.966116 -0.058824 0.306362 0.998417 
3017 1.976085 0.000000 -0.467476 -3.989228 -0.046062 0.350859 0.998396 
3018 2.207495 0.000000 -0.467476 -4.103667 -0.019329 0.319881 0.998306 
3019 1.976085 0.000000 -0.250747 -3.995123 -0.057601 0.391136 0.998388 
3020 1.976085 0.000000 -0.034018 -3.965660 -0.039978 0.407333 0.998411 
3021 2.207495 0.000000 -0.034018 -4.052294 -0.020790 0.417779 0.998340 
3022 1.976085 0.000000 0.182711 -3.877512 -0.055532 0.397662 0.998480 
3023 1.976085 0.000000 0.399440 -3.602091 -0.053100 0.346031 0.998690 
3024 2.207495 0.000000 0.399440 -3.803275 -0.030813 0.599366 0.998517 
3025 1.976085 0.000000 0.616169 -3.269279 -0.042646 0.564486 0.998899 
3026 6.835688 0.000000 -0.684205 -5.818614 0.088716 0.137507 0.996612 
3027 7.298507 0.000000 -0.684205 -5.894938 0.005901 0.202242 0.996521 
3028 6.835688 0.000000 -0.250747 -5.806007 0.087737 0.123563 0.996627 
3029 6.835688 0.000000 0.182711 -5.812244 0.096515 0.185933 0.996617 
3030 7.298507 0.000000 0.182711 -5.856408 -0.074705 0.254691 0.996563 
3031 26.736919 0.000000 11.019156 101.410476 -0.045889 7.827370 -0.034535 
3032 24.885641 0.000000 11.019156 101.468497 0.143170 8.218252 -0.036342 
3033 26.736919 0.000000 12.752988 101.137213 -0.015351 8.290505 -0.029747 
3034 31.365112 0.000000 6.684578 99.799926 0.017519 4.433792 0.002032 
3035 30.439473 0.000000 6.684578 100.241790 -0.112578 4.494105 -0.006863 
3036 31.365112 0.000000 7.551494 100.251838 -0.100271 5.226536 -0.007776 
3037 31.365112 0.000000 8.418409 100.486118 -0.137068 5.843737 -0.013163 
3038 30.439473 0.000000 8.418409 100.771051 -0.128311 5.923652 -0.018991 
3039 31.365112 0.000000 9.285325 100.721206 -0.277401 6.354528 -0.018522 
3040 45.249691 0.000000 -6.319156 98.064360 -0.141849 8.559549 0.031010 
3041 45.249691 0.000000 -8.052988 98.333211 -0.057165 8.889220 0.025156 
3042 47.100968 0.000000 -6.319156 98.352813 -0.089025 8.449947 0.025531 
3043 31.365112 0.000000 10.152241 100.822455 -0.163595 6.783722 -0.021121 
3044 30.439473 0.000000 10.152241 101.080943 -0.119855 6.855822 -0.026437 
3045 31.365112 0.000000 11.019156 100.917292 -0.103551 7.018646 -0.023357 
3046 39.580155 0.000000 4.625654 96.140620 -0.000000 1.807114 0.075372 
3047 39.464450 0.000000 4.625654 96.116517 -0.000000 1.738279 0.075859 
3048 39.580155 0.000000 4.734018 96.126595 -0.000000 1.999191 0.075568 
3049 39.580155 0.000000 4.842382 96.042542 -0.000000 2.099099 0.077142 
3050 39.464450 0.000000 4.842382 96.015196 -0.000000 2.102117 0.077666 
3051 39.580155 0.000000 4.950747 96.017122 -0.000000 2.172763 0.077599 
3052 39.464450 0.000000 6.034391 95.682449 -0.000000 2.764363 0.083723 
3053 39.233040 0.000000 6.034391 95.647326 0.000000 2.854157 0.084344 
3054 39.464450 0.000000 6.251120 95.661179 -0.000000 2.773259 0.084125 
3055 39.464450 0.000000 6.467849 95.537689 -0.000000 2.800250 0.086471 
3056 39.233040 0.000000 6.467849 95.460704 0.000000 2.904080 0.087882 
3057 39.464450 0.000000 6.684578 95.412284 0.000000 2.754930 0.088891 
3058 39.464450 0.000000 6.901307 95.261675 0.000000 2.710234 0.091787 
3059 39.233040 0.000000 6.901307 95.228028 0.000000 2.771413 0.092394 
3060 39.464450 0.000000 7.118036 95.222640 0.000000 2.552374 0.092613 
3061 39.464450 0.000000 7.334765 95.252286 0.000000 2.462901 0.092094 
3062 39.233040 0.000000 7.334765 95.104288 -0.000000 2.528229 0.094878 
3063 39.464450 0.000000 7.551494 95.572821 -0.000000 2.193548 0.086102 
3064 39.580155 0.000000 5.059111 95.956737 -0.000000 2.202084 0.078746 
3065 39.464450 0.000000 5.059111 95.937796 -0.000000 2.191788 0.079114 
3066 39.580155 0.000000 5.167476 95.861514 -0.000000 2.300864 0.080528 
3067 39.580155 0.000000 5.275840 95.777901 -0.000000 2.416406 0.082075 
3068 39.464450 0.000000 5.275840 95.738298 -0.000000 2.439823 0.082823 
3069 39.580155 0.000000 5.384205 95.739873 -0.000000 2.509283 0.082758 
3070 39.580155 0.000000 5.492569 95.749135 -0.000000 2.535296 0.082568 
3071 39.464450 0.000000 5.492569 95.662833 -0.000000 2.524104 0.084225 
3072 39.580155 0.000000 5.600934 95.748951 -0.000000 2.550964 0.082563 
3073 39.580155 0.000000 5.709298 95.753766 -0.000000 2.582012 0.082455 
3074 39.464450 0.000000 5.709298 95.689292 -0.000000 2.622077 0.083668 
3075 39.580155 0.000000 5.817663 95.716392 -0.000000 2.640836 0.083140 
3076 41.778546 0.000000 6.467849 96.740401 -0.975662 3.136912 0.063050 
3077 41.778546 0.000000 6.251120 96.699052 -1.430222 3.292333 0.063641 
3078 42.009956 0.000000 6.467849 96.930830 -0.907498 3.095010 0.059401 
3079 39.464450 0.000000 7.768223 95.839269 -0.000000 1.962437 0.081098 
3080 39.233040 0.000000 7.768223 95.655154 -0.000000 2.070754 0.084580 
3081 39.464450 0.000000 7.984952 96.164222 -0.000000 1.759164 0.074935 
3082 39.464450 0.000000 8.201681 97.839386 -0.049724 1.140685 0.042615 
3083 39.233040 0.000000 8.201681 97.944056 -0.054384 1.125760 0.040569 
3084 39.464450 0.000000 8.418409 99.302076 -0.096096 0.648110 0.013867 
3085 40.042974 0.000000 5.926027 95.890734 -0.000000 2.702716 0.079766 
3086 39.927269 0.000000 5.926027 95.799559 -0.000000 2.692957 0.081519 
3087 40.042974 0.000000 6.034391 95.807603 -0.000000 2.708528 0.081357 
3088 40.042974 0.000000 6.142756 95.755183 -0.000000 2.710658 0.082360 
3089 39.927269 0.000000 6.142756 95.755359 -0.000000 2.700321 0.082362 
3090 40.042974 0.000000 6.251120 95.735823 -0.000000 2.703122 0.082735 
3091 40.042974 0.000000 6.359485 95.686748 -0.000000 2.702773 0.083674 
3092 39.927269 0.000000 6.359485 95.653292 -0.000000 2.687812 0.084322 
3093 40.042974 0.000000 6.467849 95.608192 -0.000000 2.676349 0.085191 
3094 2.670314 0.000000 12.752988 99.987185 0.184940 11.760696 -0.013579 
3095 -1.032240 0.000000 12.752988 99.603916 0.112024 11.850843 -0.006140 
3096 2.670314 0.000000 16.220650 99.935140 0.182759 11.257225 -0.011379 
3097 -4.734795 0.000000 12.752988 99.272729 -0.067440 11.488991 0.001292 
3098 -8.437349 0.000000 12.752988 99.208439 -0.019843 11.237756 0.003140 
3099 -4.734795 0.000000 16.220650 99.499777 -0.017173 11.255476 -0.002689 
3100 0.124808 0.000000 -1.767849 79.196852 0.116046 -4.785947 0.370494 
3101 -0.106602 0.000000 -1.767849 80.480812 0.105339 -1.508730 0.352055 
3102 0.124808 0.000000 -1.984578 81.982345 0.104336 -3.220003 0.326852 
3103 0.124808 0.000000 0.832898 81.328920 0.125409 24.917033 0.276473 
3104 -0.106602 0.000000 0.832898 82.628791 0.130032 22.345437 0.267315 
3105 0.124808 0.000000 1.049627 83.712200 0.123560 23.870458 0.242245 
3106 1.976085 0.000000 0.832898 75.744624 0.223200 56.152337 0.110962 
3107 2.207495 0.000000 0.832898 79.334476 0.265213 58.205275 0.031812 
3108 1.976085 0.000000 1.049627 75.750756 0.249983 58.214938 0.087278 
3109 3.133134 0.000000 2.783458 97.837322 0.236295 26.974469 -0.029982 
3110 2.670314 0.000000 2.783458 96.299021 0.166371 25.667701 0.006764 
3111 3.133134 0.000000 3.216916 98.522940 0.226127 23.941605 -0.028002 
3112 7.761327 0.000000 -1.551120 -5.997128 -0.127682 0.251575 0.996395 
3113 8.224146 0.000000 -1.551120 -5.943581 -0.117445 0.359618 0.996453 
3114 7.761327 0.000000 -1.117663 -5.940159 -0.128326 0.276813 0.996462 
3115 7.761327 0.000000 1.049627 -5.878989 -0.079498 0.181536 0.996540 
3116 7.761327 0.000000 0.616169 -5.861606 -0.081883 0.219976 0.996559 
3117 8.224146 0.000000 1.049627 -5.817873 -0.180608 0.015085 0.996612 
3118 9.149785 0.000000 -5.452241 100.675168 -0.121868 5.104096 -0.016156 
3119 8.224146 0.000000 -5.452241 100.759900 -0.049903 4.310186 -0.017114 
3120 9.149785 0.000000 -6.319156 100.153050 -0.043689 6.059834 -0.006736 
3121 7.298507 0.000000 -5.452241 100.563364 -0.045984 3.529773 -0.012545 
3122 6.372869 0.000000 -5.452241 100.015140 0.142953 3.176445 -0.001314 
3123 7.298507 0.000000 -6.319156 99.877841 0.151711 5.273150 -0.000341 
3124 19.331810 0.000000 7.551494 101.432856 0.041553 8.671686 -0.036382 
3125 17.480532 0.000000 7.551494 101.322596 -0.062153 8.885981 -0.034523 
3126 19.331810 0.000000 9.285325 101.350017 -0.099805 9.112656 -0.035488 
3127 15.629255 0.000000 7.551494 101.310093 -0.006326 9.098000 -0.034651 
3128 13.777978 0.000000 7.551494 101.347339 -0.067472 9.398573 -0.035962 
3129 15.629255 0.000000 9.285325 101.391592 -0.140830 9.700534 -0.037438 
3130 8.686965 0.000000 -1.551120 -5.803171 -0.128637 0.453671 0.996610 
3131 9.149785 0.000000 -1.551120 -5.676761 -0.058205 0.556625 0.996746 
3132 8.686965 0.000000 -1.117663 -5.729698 -0.133774 0.352148 0.996703 
3133 8.686965 0.000000 1.049627 -5.683499 -0.157530 -0.012995 0.996767 
3134 8.686965 0.000000 0.616169 -5.639418 -0.156279 0.069191 0.996817 
3135 9.149785 0.000000 1.049627 -5.444001 -0.040123 -0.115523 0.997035 
3136 9.612604 0.000000 1.916542 -5.406085 -0.068526 -0.504226 0.997052 
3137 9.612604 0.000000 1.483084 -5.253424 -0.078300 -0.425977 0.997221 
3138 10.075423 0.000000 1.916542 -5.128773 -0.005554 -0.938261 0.997282 
3139 10.538243 0.000000 1.916542 -4.492712 0.080416 -1.326855 0.997805 
3140 10.538243 0.000000 1.483084 -4.213770 0.075537 -0.864211 0.998149 
3141 11.001062 0.000000 1.916542 -3.512950 0.052971 -1.430113 0.998561 
3142 27.662557 0.000000 4.950747 101.509694 0.186926 3.067544 -0.031366 
3143 26.736919 0.000000 4.950747 101.860693 0.214366 3.356102 -0.038691 
3144 27.662557 0.000000 5.817663 101.570159 0.045692 4.295103 -0.033495 
3145 25.811280 0.000000 4.950747 102.529692 0.048908 3.785964 -0.052667 
3146 24.885641 0.000000 4.950747 102.576112 -0.017823 4.305224 -0.054039 
3147 25.811280 0.000000 5.817663 101.855483 0.043599 5.085013 -0.040040 
3148 29.976654 0.000000 3.650373 101.555990 0.065144 -0.492954 -0.031387 
3149 29.513835 0.000000 3.650373 101.578112 0.037686 -0.048937 -0.031812 
3150 29.976654 0.000000 4.083831 101.044265 0.200084 0.572347 -0.021031 
3151 29.051015 0.000000 3.650373 101.518504 -0.110649 -0.048398 -0.030602 
3152 28.588196 0.000000 3.650373 101.447476 0.165823 -0.408154 -0.029178 
3153 29.051015 0.000000 4.083831 101.339491 0.001158 0.998441 -0.027069 
3154 29.976654 0.000000 1.916542 -6.908634 -0.154706 0.123437 0.995223 
3155 29.513835 0.000000 1.916542 -6.268182 -0.101917 0.259420 0.996063 
3156 29.976654 0.000000 1.483084 -7.046718 -0.133155 -0.220062 0.995028 
3157 29.051015 0.000000 1.916542 -5.535710 -0.149119 0.365404 0.996920 
3158 28.588196 0.000000 1.916542 -4.795805 0.092717 0.255071 0.997693 
3159 29.051015 0.000000 1.483084 -5.516759 -0.111610 -0.206644 0.996951 
3160 31.365112 0.000000 -5.452241 98.301036 -0.164217 14.985809 0.011230 
3161 31.365112 0.000000 -6.319156 98.476472 -0.087114 14.078167 0.010418 
3162 32.290750 0.000000 -5.452241 97.859654 -0.135767 14.553262 0.021167 
3163 29.976654 0.000000 -4.151867 97.455663 0.130757 19.879690 0.010717 
3164 29.976654 0.000000 -4.585325 98.220648 0.019215 18.681106 0.000372 
3165 30.439473 0.000000 -4.151867 97.211100 -0.029286 18.997217 0.018911 
3166 35.530486 0.000000 4.517289 96.884712 -0.000000 2.490580 0.060715 
3167 35.067666 0.000000 4.517289 97.022915 -0.000000 2.353004 0.058102 
3168 35.530486 0.000000 4.950747 96.778272 -0.000000 3.179344 0.062386 
3169 35.530486 0.000000 5.384205 96.618240 -0.000000 3.974578 0.064912 
3170 35.067666 0.000000 5.384205 96.579745 0.000000 4.086371 0.065565 
3171 35.530486 0.000000 5.817663 96.329454 0.000000 4.732114 0.069824 
3172 37.381763 0.000000 1.049627 -4.606820 0.116257 0.233877 0.997871 
3173 36.918944 0.000000 1.049627 -4.174211 -0.022623 0.562180 0.998226 
3174 37.381763 0.000000 0.616169 -4.593397 0.075932 -0.004798 0.997889 
3175 61.911186 0.000000 -8.052988 99.360485 -0.151007 8.604117 0.005344 
3176 61.911186 0.000000 -11.520650 99.347779 -0.098475 8.959684 0.004973 
3177 65.613741 0.000000 -8.052988 99.419610 -0.118817 8.539939 0.004280 
3178 39.001630 0.000000 3.000187 99.425307 -0.000000 -2.901952 0.010619 
3179 38.770221 0.000000 3.000187 100.021378 -0.000000 -3.313289 -0.001525 
3180 39.001630 0.000000 2.783458 98.565577 0.006701 -1.928084 0.028111 
3181 40.390088 0.000000 2.566729 97.676025 0.607680 -2.696969 0.045175 
3182 40.390088 0.000000 2.350000 98.131859 0.530321 -2.979201 0.036098 
3183 40.621498 0.000000 2.566729 99.316791 0.539457 -3.590236 0.012299 
3184 42.472775 0.000000 -3.718409 97.064665 0.098584 9.694835 0.048445 
3185 42.472775 0.000000 -4.585325 97.505080 0.113410 9.772519 0.039724 
3186 43.398414 0.000000 -3.718409 97.385164 0.108455 9.519569 0.042550 
3187 41.084317 0.000000 0.182711 91.734629 0.011233 16.134142 0.132445 
3188 41.084317 0.000000 -0.250747 92.757047 -0.350297 14.053254 0.119851 
3189 41.547137 0.000000 0.182711 91.627257 -0.094220 14.912665 0.138205 
3190 25.348461 0.000000 -2.418036 -5.664963 0.104172 -0.376210 0.996776 
3191 24.885641 0.000000 -2.418036 -5.336035 0.263574 0.017096 0.997146 
3192 25.348461 0.000000 -1.984578 -4.975815 0.053538 -0.197311 0.997520 
3193 38.538811 0.000000 5.167476 95.845128 0.000000 2.515809 0.080738 
3194 38.307401 0.000000 5.167476 95.870839 -0.000000 2.569518 0.080218 
3195 38.538811 0.000000 5.384205 95.720681 0.000000 2.715998 0.083017 
3196 38.538811 0.000000 5.600934 95.586845 -0.000000 2.885440 0.085483 
3197 38.307401 0.000000 5.600934 95.615730 -0.000000 3.004627 0.084860 
3198 38.538811 0.000000 5.817663 95.550012 -0.000000 3.035191 0.086098 
3199 39.927269 0.000000 8.635138 99.538360 -0.159415 0.525119 0.009181 
3200 39.695859 0.000000 8.635138 99.542962 -0.141314 0.540050 0.009089 
3201 39.927269 0.000000 8.851867 99.956689 -0.182297 0.393325 0.000847 
3202 39.927269 0.000000 9.068596 101.704245 0.117496 2.345751 -0.034927 
3203 39.695859 0.000000 9.068596 101.964765 0.089701 2.445314 -0.040280 
3204 39.927269 0.000000 9.285325 101.673689 0.173461 2.693977 -0.034483 
3205 37.381763 0.000000 9.718783 103.355208 0.221177 6.162703 -0.072033 
3206 36.918944 0.000000 9.718783 102.977613 0.177422 7.025586 -0.065378 
3207 37.381763 0.000000 10.152241 102.491954 0.237276 6.389253 -0.054548 
3208 36.456124 0.000000 6.251120 96.133253 -0.000000 4.695935 0.073635 
3209 35.993305 0.000000 6.251120 96.353979 0.000000 5.042570 0.069048 
3210 39.464450 0.000000 8.635138 99.690833 -0.112857 0.530370 0.006144 
3211 39.233040 0.000000 8.635138 99.632144 -0.114395 0.539700 0.007313 
3212 39.464450 0.000000 8.851867 99.637541 -0.114478 0.537702 0.007206 
3213 39.464450 0.000000 9.068596 102.265903 0.093534 2.500567 -0.046458 
3214 39.233040 0.000000 9.068596 102.565376 0.132813 2.559456 -0.052622 
3215 39.464450 0.000000 9.285325 102.217410 0.186661 2.893183 -0.045680 
3216 40.852908 0.000000 3.867102 95.584921 -1.530889 1.426714 0.085914 
3217 40.852908 0.000000 3.650373 95.521263 -0.338142 0.840527 0.087487 
3218 41.084317 0.000000 3.867102 95.605400 -1.682581 1.591965 0.085424 
3219 40.274384 0.000000 3.758738 95.787569 0.000000 0.787646 0.082412 
3220 40.274384 0.000000 3.650373 95.807147 0.000000 0.722698 0.082047 
3221 40.390088 0.000000 3.758738 95.622064 0.000000 1.244995 0.085487 
3222 40.505793 0.000000 4.408925 96.216249 0.000000 2.046033 0.073825 
3223 40.505793 0.000000 4.300560 96.032636 0.000000 1.798176 0.077450 
3224 40.621498 0.000000 4.408925 96.213812 0.000000 2.061164 0.073865 
3225 41.315727 0.000000 5.600934 96.191832 -2.684200 3.737112 0.072596 
3226 41.315727 0.000000 5.384205 96.146190 -0.337261 3.059836 0.074643 
3227 41.547137 0.000000 5.600934 96.306469 -0.569390 3.176552 0.071465 
3228 40.737203 0.000000 5.275840 95.905935 0.000000 2.637513 0.079510 
3229 40.737203 0.000000 5.167476 95.817711 0.000000 2.551519 0.081246 
3230 40.852908 0.000000 5.275840 95.817509 0.000000 2.551387 0.081250 
3231 41.431432 0.000000 7.226400 96.889219 0.000000 2.289037 0.060724 
3232 41.431432 0.000000 7.118036 96.857712 0.000000 2.375082 0.061294 
3233 41.547137 0.000000 7.226400 96.912600 0.000000 2.278032 0.060276 
3234 40.737203 0.000000 7.659858 96.936952 -0.000000 1.919997 0.059954 
3235 40.621498 0.000000 7.659858 96.785083 0.000000 1.918943 0.062897 
3236 40.737203 0.000000 7.551494 96.765855 0.000000 2.150053 0.063175 
3237 41.662842 0.000000 7.876587 97.625325 0.000000 1.615258 0.046669 
3238 41.662842 0.000000 7.768223 97.483688 0.000000 1.760961 0.049383 
3239 41.778546 0.000000 7.876587 97.983589 0.000000 1.411002 0.039723 
3240 -0.338011 0.000000 -1.767849 82.117099 0.098297 1.218069 0.325529 
3241 -0.569421 0.000000 -1.767849 83.810094 0.094769 3.369055 0.296451 
3242 -0.338011 0.000000 -1.984578 84.169056 0.097504 1.559785 0.291313 
3243 2.207495 0.000000 2.783458 95.416716 0.117515 24.700968 0.028550 
3244 1.744676 0.000000 2.783458 94.558889 0.239786 23.511257 0.050578 
3245 2.207495 0.000000 3.216916 96.382298 0.134753 22.470802 0.020550 
3246 -0.338011 0.000000 0.832898 83.973217 0.121644 20.174230 0.254148 
3247 -0.569421 0.000000 0.832898 85.314877 0.105261 18.282739 0.238710 
3248 -0.338011 0.000000 1.049627 85.668372 0.115519 19.858095 0.226657 
3249 7.761327 0.000000 -0.684205 -5.884095 -0.132948 0.275431 0.996528 
3250 8.224146 0.000000 -0.684205 -5.837706 -0.134395 0.278266 0.996583 
3251 7.761327 0.000000 -0.250747 -5.869063 -0.132745 0.238637 0.996548 
3252 7.761327 0.000000 0.182711 -5.869174 -0.084841 0.180743 0.996551 
3253 8.224146 0.000000 0.182711 -5.802674 -0.139668 0.143528 0.996629 
3254 8.686965 0.000000 -0.684205 -5.685338 -0.142509 0.283013 0.996758 
3255 9.149785 0.000000 -0.684205 -5.441715 -0.074163 0.396007 0.997023 
3256 8.686965 0.000000 -0.250747 -5.638392 -0.149191 0.223467 0.996814 
3257 8.686965 0.000000 0.182711 -5.632030 -0.155145 0.152441 0.996823 
3258 9.149785 0.000000 0.182711 -5.362665 0.020851 0.130169 0.997122 
3259 23.034364 0.000000 11.019156 101.613380 0.238077 8.609666 -0.039946 
3260 21.183087 0.000000 11.019156 101.495280 0.228121 9.098491 -0.038413 
3261 23.034364 0.000000 12.752988 101.624109 -0.021364 8.983076 -0.040816 
3262 29.513835 0.000000 6.684578 100.671765 -0.197274 4.615431 -0.015615 
3263 28.588196 0.000000 6.684578 101.138674 -0.161805 4.934384 -0.025341 
3264 29.513835 0.000000 7.551494 100.939271 -0.101800 5.495671 -0.021895 
3265 29.513835 0.000000 8.418409 101.005282 -0.040371 6.085024 -0.023910 
3266 28.588196 0.000000 8.418409 101.322927 -0.116696 6.288955 -0.030590 
3267 29.513835 0.000000 9.285325 101.072256 -0.143042 6.547517 -0.025849 
3268 48.952246 0.000000 -6.319156 98.574044 -0.247566 8.416976 0.021225 
3269 48.952246 0.000000 -8.052988 98.727600 -0.215272 8.768567 0.017593 
3270 50.803523 0.000000 -6.319156 98.808531 -0.387450 8.382773 0.016645 
3271 33.216389 0.000000 -5.452241 97.482450 -0.186228 14.131546 0.029744 
3272 33.216389 0.000000 -6.319156 98.157802 0.044225 13.459995 0.018387 
3273 34.142028 0.000000 -5.452241 97.348765 0.008146 13.301372 0.034629 
3274 29.513835 0.000000 10.152241 101.117083 -0.088612 6.999962 -0.027367 
3275 28.588196 0.000000 10.152241 101.326620 -0.004227 7.116219 -0.031772 
3276 29.513835 0.000000 11.019156 101.216291 -0.121082 7.322572 -0.029837 
3277 35.530486 0.000000 6.251120 96.356810 0.000000 5.338371 0.068687 
3278 35.067666 0.000000 6.251120 96.188151 0.000000 5.564460 0.071688 
3279 35.530486 0.000000 6.684578 96.040462 0.000000 6.321642 0.073627 
3280 35.530486 0.000000 7.118036 95.754093 0.000000 6.676225 0.078658 
3281 35.067666 0.000000 7.118036 95.768838 0.000000 6.721658 0.078315 
3282 35.530486 0.000000 7.551494 95.786585 0.000000 7.570438 0.076762 
3283 52.654800 0.000000 -6.319156 98.967512 -0.330228 8.396747 0.013482 
3284 52.654800 0.000000 -8.052988 99.006578 -0.313459 8.649314 0.012279 
3285 54.506077 0.000000 -6.319156 99.080016 -0.300168 8.336089 0.011357 
3286 42.009956 0.000000 0.182711 91.698438 0.005428 13.119902 0.141926 
3287 42.009956 0.000000 -0.250747 93.100217 -0.254711 12.187631 0.118375 
3288 42.472775 0.000000 0.182711 92.372763 0.091503 11.306835 0.133942 
3289 24.422822 0.000000 -2.418036 -4.822603 0.188076 0.144414 0.997669 
3290 23.960003 0.000000 -2.418036 -4.263890 0.180349 0.095708 0.998178 
3291 24.422822 0.000000 -1.984578 -4.391324 0.193983 0.287501 0.998060 
3292 39.001630 0.000000 6.034391 95.572737 0.000000 2.933764 0.085725 
3293 38.770221 0.000000 6.034391 95.495565 -0.000000 3.023082 0.087146 
3294 39.001630 0.000000 6.251120 95.519156 0.000000 2.960377 0.086733 
3295 39.001630 0.000000 6.467849 95.425781 0.000000 2.983769 0.088502 
3296 38.770221 0.000000 6.467849 95.304904 -0.000000 3.121739 0.090723 
3297 39.001630 0.000000 6.684578 95.171029 -0.000000 2.954589 0.093375 
3298 39.001630 0.000000 6.901307 95.086247 -0.000000 2.925387 0.095005 
3299 38.770221 0.000000 6.901307 95.020058 -0.000000 3.089411 0.096164 
3300 39.001630 0.000000 7.118036 94.970603 -0.000000 2.765016 0.097294 
3301 39.001630 0.000000 7.334765 94.974240 -0.000000 2.675290 0.097274 
3302 38.770221 0.000000 7.334765 94.878157 -0.000000 2.855686 0.098998 
3303 39.001630 0.000000 7.551494 95.221644 -0.000000 2.425714 0.092695 
3304 41.778546 0.000000 6.034391 96.529737 -0.315775 3.307876 0.067097 
3305 41.778546 0.000000 5.817663 96.325125 -0.576644 3.375788 0.070974 
3306 42.009956 0.000000 6.034391 96.645802 -0.417945 3.346640 0.064821 
3307 39.001630 0.000000 7.768223 95.497116 -0.000000 2.131937 0.087576 
3308 38.770221 0.000000 7.768223 95.275839 -0.000000 2.292458 0.091726 
3309 39.001630 0.000000 7.984952 95.824279 -0.000000 1.879912 0.081417 
3310 39.001630 0.000000 8.201681 96.608284 -0.007540 1.347756 0.066502 
3311 38.770221 0.000000 8.201681 97.793364 -0.069265 1.159412 0.043511 
3312 39.001630 0.000000 8.418409 99.121012 -0.103391 0.696625 0.017453 
3313 40.274384 0.000000 3.542009 96.091888 0.000000 -0.249983 0.076629 
3314 40.274384 0.000000 3.433645 96.091888 0.000000 -0.249983 0.076629 
3315 40.390088 0.000000 3.542009 95.836053 -0.668363 0.517087 0.081474 
3316 41.778546 0.000000 5.600934 96.283654 -0.568567 3.345560 0.071794 
3317 41.778546 0.000000 5.384205 96.278496 -0.352205 3.266277 0.071966 
3318 42.009956 0.000000 5.600934 96.223883 -0.507501 3.496679 0.072848 
3319 39.811564 0.000000 5.926027 95.769069 -0.000000 2.673401 0.082114 
3320 39.695859 0.000000 5.926027 95.749863 -0.000000 2.674453 0.082481 
3321 39.811564 0.000000 6.034391 95.732153 -0.000000 2.684100 0.082815 
3322 39.811564 0.000000 6.142756 95.712954 -0.000000 2.686743 0.083181 
3323 39.695859 0.000000 6.142756 95.643700 -0.000000 2.663043 0.084519 
3324 39.811564 0.000000 6.251120 95.705245 -0.000000 2.694808 0.083324 
3325 39.811564 0.000000 6.359485 95.672520 -0.000000 2.700726 0.083948 
3326 39.695859 0.000000 6.359485 95.636959 -0.000000 2.739686 0.084607 
3327 39.811564 0.000000 6.467849 95.582418 -0.000000 2.681286 0.085681 
3328 19.331810 0.000000 11.019156 101.406513 0.013035 9.389328 -0.037144 
3329 17.480532 0.000000 11.019156 101.341860 0.059913 9.737771 -0.036500 
3330 19.331810 0.000000 12.752988 101.406747 0.062537 9.618758 -0.037585 
3331 27.662557 0.000000 6.684578 101.482777 -0.076062 5.107766 -0.032485 
3332 26.736919 0.000000 6.684578 101.715979 0.058553 5.515614 -0.037657 
3333 27.662557 0.000000 7.551494 101.427299 -0.087967 5.942461 -0.032282 
3334 27.662557 0.000000 8.418409 101.375866 -0.061488 6.577814 -0.032034 
3335 26.736919 0.000000 8.418409 101.547846 0.043755 6.800233 -0.035821 
3336 27.662557 0.000000 9.285325 101.512886 0.001177 6.932150 -0.035292 
3337 38.538811 0.000000 6.034391 95.479350 -0.000000 3.147822 0.087378 
3338 38.307401 0.000000 6.034391 95.491463 -0.000000 3.293918 0.087053 
3339 38.538811 0.000000 6.251120 95.415181 -0.000000 3.271584 0.088524 
3340 38.538811 0.000000 6.467849 95.306169 -0.000000 3.316327 0.090574 
3341 38.307401 0.000000 6.467849 95.236865 -0.000000 3.481949 0.091782 
3342 38.538811 0.000000 6.684578 95.140651 -0.000000 3.295521 0.093740 
3343 38.538811 0.000000 6.901307 94.910578 -0.000000 3.229465 0.098155 
3344 38.307401 0.000000 6.901307 94.815855 -0.000000 3.501381 0.099769 
3345 38.538811 0.000000 7.118036 94.708530 -0.000000 3.165514 0.102027 
3346 38.538811 0.000000 7.334765 94.653115 -0.000000 3.069025 0.103137 
3347 38.307401 0.000000 7.334765 94.530834 -0.000000 3.272719 0.105321 
3348 38.538811 0.000000 7.551494 94.818544 -0.000000 2.776711 0.100173 
3349 27.662557 0.000000 10.152241 101.431903 0.084164 7.313777 -0.034193 
3350 26.736919 0.000000 10.152241 101.517098 0.074599 7.577424 -0.036314 
3351 27.662557 0.000000 11.019156 101.353412 -0.070621 7.602433 -0.033032 
3352 39.580155 0.000000 5.926027 95.707125 -0.000000 2.681763 0.083295 
3353 39.464450 0.000000 5.926027 95.673414 -0.000000 2.729352 0.083915 
3354 39.580155 0.000000 6.034391 95.687379 -0.000000 2.723689 0.083651 
3355 39.580155 0.000000 6.142756 95.676031 -0.000000 2.722298 0.083869 
3356 39.464450 0.000000 6.142756 95.662804 -0.000000 2.764131 0.084099 
3357 39.580155 0.000000 6.251120 95.679165 -0.000000 2.741713 0.083798 
3358 39.580155 0.000000 6.359485 95.653852 -0.000000 2.764211 0.084270 
3359 39.464450 0.000000 6.359485 95.640159 -0.000000 2.775233 0.084526 
3360 39.580155 0.000000 6.467849 95.609750 0.000000 2.761861 0.085115 
1 11 62 60 61 
2 62 10 24 60 
3 60 24 14 63 
4 61 60 63 6 
5 24 66 64 65 
6 66 23 40 64 
7 64 40 27 67 
8 65 64 67 14 
9 40 70 68 69 
10 69 68 71 27 
11 6 63 92 93 
12 63 14 36 92 
13 92 36 19 94 
14 93 92 94 20 
15 14 67 95 96 
16 67 27 52 95 
17 95 52 35 97 
18 96 95 97 36 
19 27 71 98 99 
20 99 98 100 52 
21 68 112 110 111 
22 112 56 80 110 
23 110 80 43 113 
24 111 110 113 71 
25 80 116 114 115 
26 115 114 117 43 
27 124 126 103 127 
28 125 124 127 101 
29 71 113 133 134 
30 113 43 102 133 
31 133 102 76 135 
32 134 133 135 98 
33 43 117 136 137 
34 136 125 101 138 
35 137 136 138 102 
36 114 141 139 140 
37 140 139 142 117 
38 12 145 143 144 
39 145 7 146 143 
40 143 146 13 25 
41 144 143 25 10 
42 25 149 147 148 
43 149 13 150 147 
44 147 150 26 41 
45 148 147 41 23 
46 41 153 151 152 
47 153 26 154 151 
48 151 154 42 57 
49 152 151 57 39 
50 39 157 155 156 
51 157 57 158 155 
52 155 158 55 81 
53 156 155 81 56 
54 81 161 159 160 
55 161 55 162 159 
56 56 174 172 173 
57 174 81 160 172 
58 173 172 116 80 
59 116 177 175 176 
60 176 175 141 114 
61 141 201 199 200 
62 201 106 168 199 
63 199 168 129 202 
64 200 199 202 139 
65 106 205 203 204 
66 204 203 206 168 
67 207 209 124 210 
68 208 207 210 125 
69 221 194 222 219 
70 219 222 198 223 
71 220 219 223 167 
72 168 206 224 225 
73 225 224 226 129 
74 203 229 227 228 
75 229 195 220 227 
76 227 220 167 230 
77 228 227 230 206 
78 169 243 241 242 
79 243 196 244 241 
80 241 244 194 221 
81 242 241 221 195 
82 195 247 245 246 
83 247 221 248 245 
84 245 248 219 249 
85 246 245 249 220 
86 198 259 257 258 
87 259 170 260 257 
88 257 260 217 261 
89 167 223 262 263 
90 223 198 258 262 
91 262 258 215 264 
92 263 262 264 216 
93 265 267 213 268 
94 266 265 268 211 
95 215 261 269 270 
96 261 217 271 269 
97 269 271 128 272 
98 270 269 272 218 
99 258 275 273 274 
100 275 257 276 273 
101 273 276 261 277 
102 274 273 277 215 
103 237 284 282 283 
104 284 240 285 282 
105 282 285 130 286 
106 283 282 286 196 
107 240 290 289 285 
108 290 278 291 289 
109 289 291 281 292 
110 285 289 292 130 
111 293 294 250 295 
112 267 293 295 213 
113 217 297 296 271 
114 297 253 298 296 
115 296 298 256 299 
116 271 296 299 128 
117 160 302 300 301 
118 302 159 303 300 
119 300 303 107 165 
120 301 300 165 79 
121 165 306 304 305 
122 306 107 307 304 
123 163 310 308 309 
124 310 235 311 308 
125 308 311 234 279 
126 309 308 279 181 
127 317 236 318 316 
128 316 318 105 319 
129 279 322 320 321 
130 322 234 323 320 
131 320 323 280 324 
132 321 320 324 278 
133 325 326 121 327 
134 126 325 327 103 
135 328 329 126 330 
136 209 328 330 124 
137 336 131 337 335 
138 335 337 251 338 
139 294 335 338 250 
140 256 341 339 340 
141 341 193 342 339 
142 339 342 294 343 
143 340 339 343 293 
144 235 345 344 311 
145 345 166 346 344 
146 344 346 236 317 
147 311 344 317 234 
148 234 348 347 323 
149 348 317 349 347 
150 347 349 316 350 
151 323 347 350 280 
152 57 352 351 158 
153 352 42 353 351 
154 351 353 58 89 
155 158 351 89 55 
156 55 355 354 162 
157 355 89 356 354 
158 159 358 357 303 
159 358 162 359 357 
160 357 359 82 232 
161 303 357 232 107 
162 107 361 360 307 
163 361 232 362 360 
164 166 364 363 346 
165 364 313 365 363 
166 363 365 312 366 
167 236 366 369 318 
168 366 312 370 369 
169 369 370 315 371 
170 318 369 371 105 
171 346 374 372 373 
172 374 363 375 372 
173 372 375 366 376 
174 373 372 376 236 
175 377 379 328 380 
176 378 377 380 209 
177 251 383 381 382 
178 383 331 384 381 
179 381 384 334 385 
180 382 381 385 109 
181 313 395 394 365 
182 395 231 396 394 
183 394 396 314 397 
184 365 394 397 312 
185 331 406 405 384 
186 406 333 407 405 
187 405 407 189 408 
188 384 405 408 334 
189 232 410 409 362 
190 410 82 411 409 
191 231 413 412 396 
192 412 414 390 415 
193 396 412 415 314 
194 416 417 325 418 
195 329 416 418 126 
196 419 420 329 421 
197 379 419 421 328 
198 333 423 422 407 
199 423 401 424 422 
200 422 424 404 425 
201 407 422 425 189 
202 362 428 426 427 
203 428 409 429 426 
204 426 429 391 413 
205 427 426 413 231 
206 391 435 434 414 
207 435 233 436 434 
208 434 436 392 437 
209 414 434 437 390 
210 413 440 438 439 
211 440 391 441 438 
212 438 441 414 442 
213 439 438 442 412 
214 443 445 416 446 
215 420 443 446 329 
216 404 449 447 448 
217 449 59 450 447 
218 447 450 420 451 
219 448 447 451 419 
220 59 456 455 450 
221 456 444 457 455 
222 455 457 443 458 
223 450 455 458 420 
224 162 460 459 359 
225 460 354 461 459 
226 82 463 462 411 
227 463 387 464 462 
228 411 467 465 466 
229 467 462 468 465 
230 466 465 469 233 
231 387 483 482 464 
232 483 183 484 482 
233 462 487 486 468 
234 487 464 488 486 
235 486 488 386 489 
236 468 486 489 431 
237 233 469 490 436 
238 469 431 491 490 
239 490 491 430 492 
240 436 490 492 392 
241 465 495 493 494 
242 495 468 496 493 
243 493 496 431 497 
244 494 493 497 469 
245 504 506 326 507 
246 417 504 507 325 
247 508 510 417 511 
248 445 508 511 416 
249 444 513 512 457 
250 513 400 514 512 
251 512 514 445 515 
252 457 512 515 443 
253 516 517 182 518 
254 464 520 519 488 
255 520 482 521 519 
256 519 521 485 522 
257 488 519 522 386 
258 526 399 527 525 
259 400 529 528 514 
260 529 509 530 528 
261 528 530 508 531 
262 514 528 531 445 
263 89 533 532 356 
264 533 58 534 532 
265 354 536 535 461 
266 536 356 537 535 
267 183 539 538 484 
268 539 479 540 538 
269 538 540 478 541 
270 482 543 542 521 
271 543 484 544 542 
272 542 544 388 545 
273 521 542 545 485 
274 547 505 548 546 
275 546 548 504 549 
276 510 546 549 417 
277 509 551 550 530 
278 551 185 552 550 
279 550 552 510 553 
280 530 550 553 508 
281 541 478 555 554 
282 554 555 481 556 
283 517 554 556 182 
284 484 558 557 544 
285 558 538 559 557 
286 557 559 541 560 
287 544 557 560 388 
288 399 562 561 527 
289 562 523 563 561 
290 561 563 505 547 
291 185 565 564 552 
292 565 547 566 564 
293 564 566 546 567 
294 552 564 567 510 
295 479 573 572 540 
296 573 88 574 572 
297 572 574 480 575 
298 540 572 575 478 
299 576 578 501 579 
300 506 576 579 326 
301 505 581 580 548 
302 581 91 582 580 
303 580 582 506 583 
304 548 580 583 504 
305 356 585 584 537 
306 585 532 586 584 
307 88 588 587 574 
308 588 569 589 587 
309 587 589 568 590 
310 574 587 590 480 
311 91 594 593 582 
312 594 577 595 593 
313 593 595 576 596 
314 582 593 596 506 
315 569 606 605 589 
316 589 605 608 568 
317 612 614 502 615 
318 578 612 615 501 
319 577 617 616 595 
320 617 477 618 616 
321 616 618 578 619 
322 595 616 619 576 
323 7 621 620 146 
324 621 16 622 620 
325 620 622 15 32 
326 146 620 32 13 
327 13 624 623 150 
328 624 32 625 623 
329 623 625 31 48 
330 150 623 48 26 
331 26 627 626 154 
332 627 48 628 626 
333 626 628 47 85 
334 154 626 85 42 
335 42 630 629 353 
336 630 85 631 629 
337 629 631 84 471 
338 353 629 471 58 
339 58 633 632 534 
340 633 471 634 632 
341 532 636 635 586 
342 636 534 637 635 
343 568 608 642 643 
344 608 570 644 642 
345 642 644 474 645 
346 643 642 645 571 
347 605 648 646 647 
348 648 607 649 646 
349 646 649 570 650 
350 647 646 650 608 
351 477 654 653 618 
352 654 613 655 653 
353 653 655 612 656 
354 618 653 656 578 
355 657 659 609 660 
356 614 657 660 502 
357 613 662 661 655 
358 662 5 663 661 
359 661 663 614 664 
360 655 661 664 612 
361 5 669 668 663 
362 669 658 670 668 
363 668 670 657 671 
364 663 668 671 614 
365 18 673 672 45 
366 673 8 674 672 
367 672 674 29 675 
368 45 672 675 28 
369 677 18 678 676 
370 676 678 45 679 
371 658 697 696 670 
372 696 698 659 699 
373 670 696 699 657 
374 15 701 700 33 
375 701 17 702 700 
376 700 702 8 673 
377 33 700 673 18 
378 704 33 705 703 
379 703 705 18 677 
380 665 720 718 719 
381 720 667 721 718 
382 718 721 600 697 
383 719 718 697 658 
384 722 724 692 725 
385 698 722 725 659 
386 697 728 726 727 
387 728 600 729 726 
388 726 729 698 730 
389 727 726 730 696 
390 667 732 731 721 
391 732 715 733 731 
392 731 733 693 723 
393 721 731 723 600 
394 738 740 694 741 
395 724 738 741 692 
396 723 744 742 743 
397 744 693 745 742 
398 742 745 724 746 
399 743 742 746 722 
400 715 751 750 733 
401 751 717 752 750 
402 750 752 473 739 
403 733 750 739 693 
404 739 759 757 758 
405 759 473 760 757 
406 757 760 740 761 
407 758 757 761 738 
408 717 763 762 752 
409 763 747 764 762 
410 473 766 765 760 
411 766 754 767 765 
412 765 767 753 768 
413 760 765 768 740 
414 471 770 769 634 
415 770 84 771 769 
416 779 782 748 783 
417 780 779 783 599 
418 634 786 784 785 
419 786 769 787 784 
420 772 801 800 782 
421 801 775 802 800 
422 782 800 803 748 
423 781 806 804 805 
424 806 772 807 804 
425 804 807 782 808 
426 805 804 808 779 
427 747 823 822 764 
428 823 749 824 822 
429 735 827 825 826 
430 827 817 828 825 
431 825 828 816 829 
432 826 825 829 755 
433 775 831 830 802 
434 831 796 832 830 
435 830 832 799 833 
436 748 803 834 835 
437 803 712 836 834 
438 834 836 749 823 
439 835 834 823 747 
440 800 839 837 838 
441 839 802 840 837 
442 837 840 712 841 
443 838 837 841 803 
444 817 847 846 828 
445 847 689 848 846 
446 846 848 818 849 
447 828 846 849 816 
448 712 833 850 836 
449 833 799 851 850 
450 850 851 820 852 
451 836 850 852 749 
452 802 854 853 840 
453 854 830 855 853 
454 853 855 833 856 
455 840 853 856 712 
456 749 852 857 824 
457 852 820 858 857 
458 689 860 859 848 
459 860 843 861 859 
460 859 861 842 862 
461 848 859 862 818 
462 867 869 821 870 
463 851 867 870 820 
464 85 872 871 631 
465 872 47 873 871 
466 871 873 86 710 
467 631 871 710 84 
468 84 875 874 771 
469 875 710 876 874 
470 796 881 880 832 
471 881 798 882 880 
472 880 882 714 868 
473 832 880 868 799 
474 799 885 883 884 
475 885 868 886 883 
476 883 886 867 887 
477 884 883 887 851 
478 820 870 895 858 
479 870 821 896 895 
480 843 903 902 861 
481 903 813 898 902 
482 902 898 844 904 
483 861 902 904 842 
484 858 907 905 906 
485 907 895 908 905 
486 905 908 892 899 
487 906 905 899 813 
488 813 911 909 910 
489 911 899 912 909 
490 910 909 913 898 
491 899 923 922 912 
492 923 892 924 922 
493 922 924 900 925 
494 912 922 925 897 
495 21 46 926 927 
496 46 28 928 926 
497 926 928 30 929 
498 927 926 929 9 
499 37 74 930 931 
500 74 44 932 930 
501 930 932 46 933 
502 931 930 933 21 
503 53 120 934 935 
504 120 72 936 934 
505 934 936 74 937 
506 935 934 937 37 
507 77 500 938 939 
508 500 118 940 938 
509 938 940 120 941 
510 939 938 941 53 
511 942 944 118 945 
512 943 942 945 500 
513 812 894 950 951 
514 951 950 953 815 
515 844 901 954 955 
516 901 891 956 954 
517 954 956 894 957 
518 955 954 957 812 
519 898 913 958 959 
520 913 897 960 958 
521 958 960 901 961 
522 959 958 961 844 
523 909 964 962 963 
524 964 912 965 962 
525 962 965 897 966 
526 963 962 966 913 
527 968 864 969 967 
528 967 969 863 970 
529 869 967 970 821 
530 798 972 971 882 
531 972 877 973 971 
532 971 973 864 968 
533 882 971 968 714 
534 714 976 974 975 
535 976 968 977 974 
536 974 977 967 978 
537 975 974 978 869 
538 821 970 979 896 
539 87 982 981 920 
540 982 915 983 981 
541 981 983 914 984 
542 920 981 984 893 
543 864 998 997 969 
544 998 792 999 997 
545 969 1006 1004 1005 
546 1006 997 1007 1004 
547 1004 1007 1000 1008 
548 1005 1004 1008 863 
549 866 1023 1021 1022 
550 1023 1003 1024 1021 
551 1021 1024 1018 1025 
552 1022 1021 1025 916 
553 1003 1031 1030 1024 
554 1001 1039 1037 1038 
555 1039 1002 1040 1037 
556 1037 1040 795 1031 
557 1038 1037 1031 1003 
558 1031 1047 1045 1046 
559 1047 795 1048 1045 
560 1045 1048 1032 1049 
561 1046 1045 1049 1030 
562 792 1054 1053 999 
563 1054 994 1055 1053 
564 865 1058 1056 1057 
565 1058 1035 1059 1056 
566 1056 1059 1034 1060 
567 1057 1056 1060 1002 
568 794 1062 1061 995 
569 1062 989 1063 1061 
570 1061 1063 992 1064 
571 995 1061 1064 685 
572 1066 995 1067 1065 
573 1065 1067 685 1068 
574 1035 1070 1069 1059 
575 1070 993 1071 1069 
576 1069 1071 1036 1072 
577 1059 1069 1072 1034 
578 685 1064 1073 1016 
579 1064 992 1074 1073 
580 1073 1074 1012 1075 
581 1016 1073 1075 810 
582 1068 685 1077 1076 
583 1076 1077 1016 1078 
584 1027 1080 1079 1043 
585 1080 996 1081 1079 
586 1079 1081 1028 1082 
587 1043 1079 1082 1026 
588 1036 1085 1083 1084 
589 1085 1065 1086 1083 
590 1083 1086 1068 1087 
591 1034 1072 1088 1089 
592 1072 1036 1084 1088 
593 1088 1084 996 1080 
594 1089 1088 1080 1027 
595 996 1087 1090 1081 
596 1087 1068 1091 1090 
597 1090 1091 1076 1092 
598 1081 1090 1092 1028 
599 1084 1095 1093 1094 
600 1095 1083 1096 1093 
601 1093 1096 1087 1097 
602 1094 1093 1097 996 
603 570 641 1098 644 
604 641 601 1099 1098 
605 1098 1099 604 1100 
606 644 1098 1100 474 
607 607 1102 1101 649 
608 1102 638 1103 1101 
609 1101 1103 641 1104 
610 649 1101 1104 570 
611 1112 640 1113 1111 
612 1111 1113 601 1114 
613 1103 1111 1114 641 
614 586 1117 1115 1116 
615 1117 635 1118 1115 
616 1115 1118 602 639 
617 1116 1115 639 475 
618 639 1121 1119 1120 
619 1121 602 1122 1119 
620 1119 1122 640 1112 
621 1120 1119 1112 638 
622 638 1125 1123 1124 
623 1125 1112 1126 1123 
624 1123 1126 1111 1127 
625 1124 1123 1127 1103 
626 601 1110 1128 1099 
627 1110 603 1129 1128 
628 1128 1129 476 1130 
629 1099 1128 1130 604 
630 640 1132 1131 1113 
631 1132 1107 1133 1131 
632 1131 1133 1110 1134 
633 1113 1131 1134 601 
634 534 1136 1135 637 
635 1136 632 1137 1135 
636 637 1144 1142 1143 
637 1144 1135 1145 1142 
638 1142 1145 1106 1139 
639 1143 1142 1139 90 
640 90 1148 1146 1147 
641 1148 1139 1149 1146 
642 1146 1149 1138 1150 
643 1147 1146 1150 1109 
644 1139 1156 1155 1149 
645 1156 1106 1157 1155 
646 1155 1157 1140 1158 
647 1149 1155 1158 1138 
648 632 1160 1159 1137 
649 1160 634 785 1159 
650 1135 1162 1161 1145 
651 1162 1137 1163 1161 
652 1161 1163 598 1152 
653 1145 1161 1152 1106 
654 1152 1170 1168 1169 
655 1170 598 1171 1168 
656 1168 1171 1153 1172 
657 1169 1168 1172 1151 
658 1173 1175 716 1176 
659 1174 1173 1176 597 
660 1153 1179 1177 1178 
661 1179 1164 1180 1177 
662 1177 1180 1167 1181 
663 1178 1177 1181 777 
664 1164 1186 1185 1180 
665 1186 1166 1187 1185 
666 1185 1187 776 1188 
667 1180 1185 1188 1167 
668 1189 780 599 1190 
669 1175 1189 1190 716 
670 1166 1192 1191 1187 
671 1192 1182 1193 1191 
672 1191 1193 1184 1194 
673 1187 1191 1194 776 
674 1184 1197 1195 1196 
675 1195 1198 780 1199 
676 1196 1195 1199 1189 
677 1182 1201 1200 1193 
678 1201 789 1202 1200 
679 1200 1202 773 1197 
680 1193 1200 1197 1184 
681 773 1204 1203 1198 
682 1204 781 805 1203 
683 1203 805 779 1205 
684 1198 1203 1205 780 
685 1197 1208 1206 1207 
686 1208 773 1209 1206 
687 1206 1209 1198 1210 
688 1207 1206 1210 1195 
689 895 1212 1211 908 
690 1212 896 1213 1211 
691 1211 1213 87 919 
692 908 1211 919 892 
693 919 1216 1214 1215 
694 1216 87 1217 1214 
695 1214 1217 920 1218 
696 892 1220 1219 924 
697 1220 919 1215 1219 
698 1219 1215 918 1221 
699 924 1219 1221 900 
700 891 921 1222 956 
701 921 893 1223 1222 
702 1222 1223 814 1224 
703 956 1222 1224 894 
704 918 1218 1225 1226 
705 1218 920 1227 1225 
706 1225 1227 893 1228 
707 1226 1225 1228 921 
708 1215 1231 1229 1230 
709 1231 1214 1232 1229 
710 1229 1232 1218 1233 
711 1230 1229 1233 918 
712 118 687 1234 940 
713 687 119 1235 1234 
714 1234 1235 72 1236 
715 940 1234 1236 120 
716 1237 1238 687 1239 
717 944 1237 1239 118 
718 888 1262 1260 1261 
719 1261 1260 1263 1244 
720 1020 1269 1267 1268 
721 1269 1255 1270 1267 
722 1267 1270 1253 1271 
723 1268 1267 1271 1254 
724 916 1025 1272 1273 
725 1273 1272 1262 888 
726 1262 1276 1274 1275 
727 1276 1020 1268 1274 
728 1274 1268 1254 1277 
729 1275 1274 1277 1260 
730 1244 1263 1282 1283 
731 1283 1282 1285 890 
732 1296 1297 119 1298 
733 1238 1296 1298 687 
734 810 1075 1299 1248 
735 1075 1012 1300 1299 
736 1299 1300 1014 1301 
737 1248 1299 1301 684 
738 1303 810 1304 1302 
739 1302 1304 1248 1305 
740 1306 1308 1238 1309 
741 1307 1306 1309 1237 
742 1305 1248 1324 1323 
743 1323 1324 684 1325 
744 1330 1307 1237 1332 
745 1331 1330 1332 944 
746 1333 1335 1306 1336 
747 1334 1333 1336 1307 
748 684 1301 1341 1308 
749 1301 1014 1342 1341 
750 1341 1342 1296 1343 
751 1308 1341 1343 1238 
752 1325 684 1345 1344 
753 1344 1345 1308 1346 
754 1335 1344 1346 1306 
755 1348 1323 1349 1347 
756 1347 1349 1325 1350 
757 1357 1305 1358 1356 
758 1356 1358 1323 1348 
759 1364 1348 1365 1363 
760 1363 1365 1347 1366 
761 1353 1369 1367 1368 
762 1367 1370 1354 1371 
763 1368 1367 1371 1351 
764 1329 1385 1383 1384 
765 1385 1353 1368 1383 
766 1383 1368 1351 1386 
767 1384 1383 1386 1352 
768 1389 1398 1396 1397 
769 1398 1360 1399 1396 
770 1396 1399 1329 1394 
771 1397 1396 1394 1381 
772 1394 1402 1400 1401 
773 1402 1329 1403 1400 
774 1400 1403 1384 1404 
775 1377 1407 1405 1406 
776 1407 1310 1380 1405 
777 1405 1380 1338 1408 
778 1406 1405 1408 1375 
779 1310 1411 1409 1410 
780 1411 1381 1393 1409 
781 1409 1393 1379 1412 
782 1410 1409 1412 1380 
783 1381 1415 1413 1414 
784 1415 1394 1401 1413 
785 1413 1401 1392 1416 
786 1414 1413 1416 1393 
787 1313 1340 1417 1418 
788 1340 1249 1419 1417 
789 1417 1419 1335 1420 
790 1418 1417 1420 1333 
791 1338 1382 1421 1422 
792 1382 1337 1423 1421 
793 1421 1423 1340 1424 
794 1422 1421 1424 1313 
795 1379 1395 1425 1426 
796 1395 1352 1427 1425 
797 1425 1427 1337 1428 
798 1426 1425 1428 1382 
799 1392 1404 1429 1430 
800 1404 1384 1431 1429 
801 1429 1431 1352 1432 
802 1430 1429 1432 1395 
803 1401 1435 1433 1434 
804 1435 1400 1436 1433 
805 1433 1436 1404 1437 
806 1434 1433 1437 1392 
807 1442 1331 944 1444 
808 1443 1442 1444 942 
809 946 1447 1445 1446 
810 1447 948 1439 1445 
811 1445 1439 499 1448 
812 1446 1445 1448 949 
813 499 1441 1449 1450 
814 1449 1451 1330 1452 
815 1450 1449 1452 1331 
816 1439 1455 1453 1454 
817 1453 1456 1441 1457 
818 1454 1453 1457 499 
819 948 1462 1460 1461 
820 1462 1440 1463 1460 
821 1461 1460 1455 1439 
822 1464 1466 1242 1467 
823 1456 1464 1467 1441 
824 1455 1470 1468 1469 
825 1468 1471 1456 1472 
826 1469 1468 1472 1453 
827 1440 1474 1473 1463 
828 1474 1240 1475 1473 
829 1460 1478 1476 1477 
830 1478 1463 1479 1476 
831 1476 1479 1438 1470 
832 1477 1476 1470 1455 
833 1481 1465 1482 1480 
834 1480 1482 1464 1483 
835 1471 1480 1483 1456 
836 1470 1486 1484 1485 
837 1486 1438 1487 1484 
838 1484 1487 1471 1488 
839 1485 1484 1488 1468 
840 1489 1334 1307 1490 
841 1451 1489 1490 1330 
842 1372 1493 1491 1492 
843 1492 1491 1494 1374 
844 1373 1496 1495 1466 
845 1496 1372 1492 1495 
846 1495 1492 1374 1497 
847 1466 1495 1497 1242 
848 1465 1499 1498 1482 
849 1499 1373 1500 1498 
850 1498 1500 1466 1501 
851 1482 1498 1501 1464 
852 1463 1503 1502 1479 
853 1503 1473 1504 1502 
854 1502 1504 1465 1481 
855 1479 1502 1481 1438 
856 1438 1506 1505 1487 
857 1506 1481 1507 1505 
858 1505 1507 1480 1508 
859 1487 1505 1508 1471 
860 1510 988 1511 1509 
861 1509 1511 1009 1512 
862 1518 985 1519 1517 
863 1517 1519 988 1510 
864 989 1521 1520 1063 
865 1521 991 1522 1520 
866 1524 1510 1525 1523 
867 1523 1525 1509 1526 
868 991 1533 1532 1522 
869 1533 1517 1534 1532 
870 1532 1534 1510 1524 
871 1520 1537 1535 1536 
872 1537 1522 1538 1535 
873 1540 1524 1541 1539 
874 1539 1541 1523 1542 
875 992 1550 1548 1549 
876 1550 1514 1528 1548 
877 1548 1528 1513 1551 
878 1549 1548 1551 1074 
879 1514 1554 1552 1553 
880 1553 1552 1555 1528 
881 1012 1516 1556 1300 
882 1516 1013 1557 1556 
883 1556 1557 686 1558 
884 1300 1556 1558 1014 
885 1513 1531 1559 1560 
886 1531 1515 1561 1559 
887 1559 1561 1013 1562 
888 1560 1559 1562 1516 
889 1563 1565 1515 1566 
890 1564 1563 1566 1531 
891 1522 1573 1572 1538 
892 1573 1532 1574 1572 
893 1572 1574 1524 1540 
894 1535 1577 1575 1576 
895 1577 1538 1578 1575 
896 1575 1578 50 1545 
897 1576 1575 1545 1529 
898 1529 1581 1579 1580 
899 1581 1545 1582 1579 
900 1579 1582 1543 1569 
901 1580 1579 1569 1544 
902 50 1584 1583 1546 
903 1584 1540 1585 1583 
904 1583 1585 1539 1586 
905 1546 1583 1586 1530 
906 1588 1546 1589 1587 
907 1587 1589 1530 1590 
908 1569 1593 1591 1592 
909 1593 1543 1594 1591 
910 1528 1555 1596 1597 
911 1596 1564 1531 1598 
912 1597 1596 1598 1513 
913 1552 1601 1599 1600 
914 1601 1544 1568 1599 
915 1599 1568 1527 1602 
916 1600 1599 1602 1555 
917 1544 1605 1603 1604 
918 1605 1569 1592 1603 
919 1603 1592 1567 1606 
920 1604 1603 1606 1568 
921 1527 1571 1607 1608 
922 1571 1547 1609 1607 
923 1607 1609 1563 1610 
924 1608 1607 1610 1564 
925 1611 1613 1547 1614 
926 1612 1611 1614 1571 
927 1592 1617 1615 1616 
928 1617 1591 1618 1615 
929 1616 1615 1619 1567 
930 1545 1621 1620 1582 
931 1621 50 1622 1620 
932 1620 1622 1546 1588 
933 1582 1620 1588 1543 
934 1543 1624 1623 1594 
935 1624 1588 1625 1623 
936 1623 1625 1587 1626 
937 1594 1623 1626 1570 
938 1591 1628 1627 1618 
939 1628 1594 1629 1627 
940 1627 1629 1570 1630 
941 1618 1627 1630 1595 
942 1568 1606 1631 1632 
943 1606 1567 1612 1631 
944 1631 1612 1571 1633 
945 1632 1631 1633 1527 
946 1567 1619 1634 1635 
947 1619 1595 1636 1634 
948 1634 1636 1611 1637 
949 1635 1634 1637 1612 
950 1615 1640 1638 1639 
951 1640 1618 1641 1638 
952 1638 1641 1595 1642 
953 1639 1638 1642 1619 
954 1264 1655 1653 1654 
955 1654 1653 1656 1255 
956 1019 1659 1657 1658 
957 1659 1044 1660 1657 
958 1026 1082 1666 1644 
959 1082 1028 1667 1666 
960 1666 1667 1015 1668 
961 1670 1644 1671 1669 
962 1669 1671 1029 1672 
963 1650 1674 1673 1664 
964 1674 1643 1675 1673 
965 1673 1675 1651 1676 
966 1664 1673 1676 1648 
967 1649 1665 1681 1682 
968 1665 1648 1683 1681 
969 1681 1683 1652 1684 
970 1682 1681 1684 889 
971 1687 1664 1688 1685 
972 1685 1688 1648 1689 
973 1686 1685 1689 1665 
974 1033 1692 1690 1691 
975 1692 1019 1658 1690 
976 1691 1690 1655 1264 
977 1655 1695 1693 1694 
978 1695 1266 1662 1693 
979 1693 1662 1649 1696 
980 1694 1693 1696 1653 
981 1662 1699 1697 1698 
982 1697 1686 1665 1700 
983 1698 1697 1700 1649 
984 1658 1703 1701 1702 
985 1703 1657 1704 1701 
986 1701 1704 1650 1663 
987 1702 1701 1663 1266 
988 1663 1707 1705 1706 
989 1707 1650 1708 1705 
990 1705 1708 1664 1687 
991 1711 1687 1712 1709 
992 1709 1712 1685 1713 
993 1710 1709 1713 1686 
994 1266 1716 1714 1715 
995 1716 1663 1706 1714 
996 1715 1714 1699 1662 
997 1699 1719 1717 1718 
998 1719 1661 1710 1717 
999 1717 1710 1686 1720 
1000 1718 1717 1720 1697 
1001 1706 1723 1721 1722 
1002 1723 1705 1724 1721 
1003 1721 1724 1687 1711 
1004 1722 1721 1711 1661 
1005 1661 1727 1725 1726 
1006 1727 1711 1728 1725 
1007 1725 1728 1709 1729 
1008 1726 1725 1729 1710 
1009 1078 1016 1731 1730 
1010 1730 1731 810 1303 
1011 1668 1015 1733 1732 
1012 1732 1733 1251 1734 
1013 1672 1029 1736 1735 
1014 1255 1656 1747 1270 
1015 1270 1747 1748 1253 
1016 1678 1751 1749 1750 
1017 1751 1677 1743 1749 
1018 1749 1743 1680 1752 
1019 1750 1749 1752 1256 
1020 1652 1755 1753 1754 
1021 1755 1645 1756 1753 
1022 1677 1759 1757 1758 
1023 1758 1757 1761 1743 
1024 1679 1766 1765 1745 
1025 1766 1735 1767 1765 
1026 1765 1767 1737 1768 
1027 1745 1765 1768 1646 
1028 1770 1679 1771 1769 
1029 1769 1771 1745 1772 
1030 1680 1746 1773 1774 
1031 1746 1646 1775 1773 
1032 1773 1775 1740 1776 
1033 1774 1773 1776 1738 
1034 1743 1761 1777 1778 
1035 1761 1742 1779 1777 
1036 1777 1779 1746 1780 
1037 1778 1777 1780 1680 
1038 1757 1783 1781 1782 
1039 1781 1784 1742 1785 
1040 1782 1781 1785 1761 
1041 889 1684 1786 1787 
1042 1684 1652 1754 1786 
1043 1786 1754 1677 1751 
1044 1787 1786 1751 1678 
1045 1754 1790 1788 1789 
1046 1790 1753 1791 1788 
1047 1788 1791 1744 1759 
1048 1789 1788 1759 1677 
1049 1759 1794 1792 1793 
1050 1794 1744 1795 1792 
1051 1792 1795 1760 1783 
1052 1793 1792 1783 1757 
1053 1742 1772 1796 1779 
1054 1772 1745 1797 1796 
1055 1796 1797 1646 1798 
1056 1779 1796 1798 1746 
1057 1760 1800 1799 1784 
1058 1800 1769 1801 1799 
1059 1799 1801 1772 1802 
1060 1784 1799 1802 1742 
1061 1783 1805 1803 1804 
1062 1805 1760 1806 1803 
1063 1803 1806 1784 1807 
1064 1804 1803 1807 1781 
1065 1734 1251 1809 1808 
1066 1818 1821 1811 1822 
1067 1819 1818 1822 1812 
1068 1741 1825 1823 1824 
1069 1825 1291 1819 1823 
1070 1823 1819 1812 1826 
1071 1824 1823 1826 1815 
1072 1740 1829 1827 1828 
1073 1829 1762 1830 1827 
1074 1291 1833 1831 1832 
1075 1831 1834 1818 1835 
1076 1832 1831 1835 1819 
1077 1738 1776 1836 1837 
1078 1776 1740 1828 1836 
1079 1836 1828 1291 1825 
1080 1837 1836 1825 1741 
1081 1828 1840 1838 1839 
1082 1840 1827 1841 1838 
1083 1838 1841 1820 1833 
1084 1839 1838 1833 1291 
1085 1250 1843 1842 1813 
1086 1843 1734 1844 1842 
1087 1842 1844 1808 1845 
1088 1764 1847 1846 1821 
1089 1847 1250 1848 1846 
1090 1846 1848 1813 1849 
1091 1821 1846 1849 1811 
1092 1820 1851 1850 1834 
1093 1851 1764 1852 1850 
1094 1850 1852 1821 1853 
1095 1834 1850 1853 1818 
1096 1833 1856 1854 1855 
1097 1856 1820 1857 1854 
1098 1854 1857 1834 1858 
1099 1855 1854 1858 1831 
1100 1845 1808 1869 1868 
1101 1868 1869 1810 1870 
1102 1814 1873 1871 1872 
1103 1873 1292 1874 1871 
1104 1871 1874 1864 1875 
1105 1289 1881 1879 1880 
1106 1881 1814 1872 1879 
1107 1879 1872 1862 1882 
1108 1880 1879 1882 1863 
1109 1862 1875 1887 1888 
1110 1875 1864 1889 1887 
1111 1887 1889 1252 1890 
1112 1888 1887 1890 1865 
1113 1872 1893 1891 1892 
1114 1893 1871 1894 1891 
1115 1891 1894 1875 1895 
1116 1892 1891 1895 1862 
1117 1870 1810 1897 1896 
1118 1896 1897 1866 1898 
1119 1898 1866 1901 1899 
1120 1899 1901 1316 1902 
1121 1900 1899 1902 1286 
1122 1905 1896 1906 1903 
1123 1903 1906 1898 1907 
1124 1908 1900 1286 1910 
1125 1909 1908 1910 1321 
1126 1883 1913 1911 1912 
1127 1912 1911 1914 1886 
1128 1252 1917 1915 1916 
1129 1917 1870 1918 1915 
1130 1915 1918 1896 1905 
1131 1916 1915 1905 1885 
1132 1885 1921 1919 1920 
1133 1921 1905 1922 1919 
1134 1919 1922 1903 1923 
1135 1865 1890 1924 1925 
1136 1890 1252 1916 1924 
1137 1924 1916 1885 1913 
1138 1925 1924 1913 1883 
1139 1913 1928 1926 1927 
1140 1928 1885 1920 1926 
1141 1926 1920 1904 1929 
1142 1927 1926 1929 1911 
1143 1861 1907 1930 1931 
1144 1907 1898 1932 1930 
1145 1930 1932 1899 1933 
1146 1931 1930 1933 1900 
1147 1904 1923 1934 1935 
1148 1923 1903 1936 1934 
1149 1934 1936 1907 1937 
1150 1935 1934 1937 1861 
1151 1920 1940 1938 1939 
1152 1940 1919 1941 1938 
1153 1938 1941 1923 1942 
1154 1939 1938 1942 1904 
1155 1286 1902 1943 1944 
1156 1902 1316 1945 1943 
1157 1943 1945 1314 1946 
1158 1944 1943 1946 1315 
1159 1315 1946 1947 1948 
1160 1948 1947 1950 1288 
1161 1952 1302 1953 1951 
1162 1951 1953 1305 1357 
1163 1946 1960 1958 1959 
1164 1960 1314 1961 1958 
1165 1959 1958 1962 1947 
1166 1316 1964 1963 1945 
1167 1964 1287 1965 1963 
1168 1963 1965 1317 1955 
1169 1945 1963 1955 1314 
1170 1314 1967 1966 1961 
1171 1967 1955 1968 1966 
1172 1966 1968 1954 1969 
1173 1947 1962 1973 1974 
1174 1973 1975 1318 1976 
1175 1974 1973 1976 1950 
1176 1958 1979 1977 1978 
1177 1979 1961 1980 1977 
1178 1978 1977 1981 1962 
1179 1969 1954 1985 1984 
1180 1984 1985 1957 1986 
1181 1975 1984 1986 1318 
1182 1961 1988 1987 1980 
1183 1988 1966 1989 1987 
1184 1987 1989 1969 1990 
1185 1980 1987 1990 1949 
1186 1962 1981 1991 1992 
1187 1981 1949 1993 1991 
1188 1991 1993 1975 1994 
1189 1992 1991 1994 1973 
1190 1977 1997 1995 1996 
1191 1997 1980 1998 1995 
1192 1995 1998 1949 1999 
1193 1996 1995 1999 1981 
1194 1972 2002 2000 2001 
1195 2002 1982 2003 2000 
1196 2001 2000 2004 1326 
1197 1247 2006 2005 1983 
1198 2006 1357 2007 2005 
1199 2005 2007 1356 2008 
1200 1982 2010 2009 2003 
1201 2010 1983 2011 2009 
1202 2009 2011 1328 2012 
1203 2003 2009 2012 1361 
1204 1326 2004 2013 2014 
1205 2004 1361 2015 2013 
1206 2013 2015 1359 2016 
1207 2014 2013 2016 1360 
1208 2000 2019 2017 2018 
1209 2019 2003 2020 2017 
1210 2017 2020 1361 2021 
1211 2018 2017 2021 2004 
1212 2008 1356 2023 2022 
1213 2022 2023 1348 1364 
1214 1359 2026 2024 2025 
1215 2026 1362 2027 2024 
1216 2024 2027 1312 1369 
1217 2025 2024 1369 1353 
1218 1312 2029 2028 1370 
1219 2029 1364 2030 2028 
1220 2028 2030 1363 2031 
1221 1370 2028 2031 1354 
1222 1369 2034 2032 2033 
1223 2034 1312 2035 2032 
1224 2032 2035 1370 2036 
1225 2033 2032 2036 1367 
1226 72 683 2037 936 
1227 683 73 2038 2037 
1228 2037 2038 44 2039 
1229 936 2037 2039 74 
1230 119 1011 2040 1235 
1231 1011 680 2041 2040 
1232 2040 2041 683 2042 
1233 1235 2040 2042 72 
1234 1512 1009 2044 2043 
1235 2043 2044 1011 2045 
1236 1297 2043 2045 119 
1237 34 2047 2046 682 
1238 2047 677 2048 2046 
1239 2046 2048 676 2049 
1240 682 2046 2049 73 
1241 681 2051 2050 1010 
1242 2051 34 2052 2050 
1243 2050 2052 682 2053 
1244 1010 2050 2053 680 
1245 1009 2055 2054 2044 
1246 2055 1010 2056 2054 
1247 2054 2056 680 2057 
1248 2044 2054 2057 1011 
1249 1 2060 2058 2059 
1250 2060 12 144 2058 
1251 2058 144 10 62 
1252 2059 2058 62 11 
1253 16 2062 2061 622 
1254 2062 2 2063 2061 
1255 2061 2063 17 701 
1256 622 2061 701 15 
1257 19 38 2064 2065 
1258 38 21 927 2064 
1259 2064 927 9 2066 
1260 2065 2064 2066 22 
1261 20 94 2067 2068 
1262 94 19 2065 2067 
1263 2067 2065 22 2069 
1264 2068 2067 2069 4 
1265 10 2072 2070 2071 
1266 2072 25 148 2070 
1267 2070 148 23 66 
1268 2071 2070 66 24 
1269 28 675 2073 928 
1270 675 29 2074 2073 
1271 2073 2074 3 2075 
1272 928 2073 2075 30 
1273 32 2077 2076 625 
1274 2077 15 2078 2076 
1275 2076 2078 33 704 
1276 625 2076 704 31 
1277 35 54 2079 2080 
1278 54 37 931 2079 
1279 2079 931 21 2081 
1280 2080 2079 2081 38 
1281 36 97 2082 2083 
1282 97 35 2080 2082 
1283 2082 2080 38 2084 
1284 2083 2082 2084 19 
1285 23 2087 2085 2086 
1286 2087 41 152 2085 
1287 2085 152 39 70 
1288 2086 2085 70 40 
1289 44 679 2088 932 
1290 679 45 2089 2088 
1291 2088 2089 28 2090 
1292 932 2088 2090 46 
1293 48 2092 2091 628 
1294 2092 31 2093 2091 
1295 2091 2093 49 707 
1296 628 2091 707 47 
1297 51 78 2094 2095 
1298 78 53 935 2094 
1299 2094 935 37 2096 
1300 2095 2094 2096 54 
1301 52 100 2097 2098 
1302 100 51 2095 2097 
1303 2097 2095 54 2099 
1304 2098 2097 2099 35 
1305 70 2102 2100 2101 
1306 2102 39 156 2100 
1307 2100 156 56 112 
1308 2101 2100 112 68 
1309 75 123 2103 2104 
1310 123 77 939 2103 
1311 2103 939 53 2105 
1312 2104 2103 2105 78 
1313 76 104 2106 2107 
1314 104 75 2104 2106 
1315 2106 2104 78 2108 
1316 2107 2106 2108 51 
1317 98 135 2109 2110 
1318 135 76 2107 2109 
1319 2109 2107 51 2111 
1320 2110 2109 2111 100 
1321 117 142 2112 2113 
1322 2112 208 125 2114 
1323 2113 2112 2114 136 
1324 139 202 2115 2116 
1325 202 129 212 2115 
1326 2115 212 83 2117 
1327 2116 2115 2117 142 
1328 79 2120 2118 2119 
1329 2120 165 305 2118 
1330 172 2123 2121 2122 
1331 2123 160 301 2121 
1332 2121 301 79 177 
1333 2122 2121 177 116 
1334 175 2126 2124 2125 
1335 2126 164 179 2124 
1336 2124 179 106 201 
1337 2125 2124 201 141 
1338 180 2129 2127 2128 
1339 2129 163 309 2127 
1340 2127 309 181 239 
1341 2128 2127 239 178 
1342 179 2132 2130 2131 
1343 2131 2130 205 106 
1344 319 105 2136 2135 
1345 2135 2136 192 2137 
1346 2137 192 2139 2138 
1347 2138 2139 131 336 
1348 196 286 2140 244 
1349 286 130 2141 2140 
1350 2140 2141 197 2142 
1351 244 2140 2142 194 
1352 194 2142 2143 222 
1353 2142 197 2144 2143 
1354 2143 2144 170 259 
1355 222 2143 259 198 
1356 205 2147 2145 2146 
1357 2147 169 242 2145 
1358 2145 242 195 229 
1359 2146 2145 229 203 
1360 132 252 2148 2149 
1361 2148 378 209 2150 
1362 2149 2148 2150 207 
1363 129 226 2151 2152 
1364 2151 266 211 2153 
1365 2152 2151 2153 212 
1366 216 264 2154 2155 
1367 264 215 270 2154 
1368 2154 270 218 2156 
1369 2155 2154 2156 171 
1370 206 230 2157 2158 
1371 230 167 263 2157 
1372 2157 263 216 2159 
1373 2158 2157 2159 224 
1374 224 2159 2160 2161 
1375 2159 216 2155 2160 
1376 2160 2155 171 2162 
1377 2161 2160 2162 226 
1378 238 2165 2163 2164 
1379 2165 237 283 2163 
1380 2163 283 196 243 
1381 2164 2163 243 169 
1382 250 338 2166 2167 
1383 338 251 382 2166 
1384 2166 382 109 2168 
1385 2167 2166 2168 252 
1386 213 295 2169 2170 
1387 295 250 2167 2169 
1388 2169 2167 252 2171 
1389 2170 2169 2171 132 
1390 170 2173 2172 260 
1391 2173 254 2174 2172 
1392 2172 2174 253 297 
1393 260 2172 297 217 
1394 253 2176 2175 298 
1395 2176 255 2177 2175 
1396 2175 2177 193 341 
1397 298 2175 341 256 
1398 181 2180 2178 2179 
1399 2180 279 321 2178 
1400 2178 321 278 290 
1401 2179 2178 290 240 
1402 278 324 2181 291 
1403 324 280 2182 2181 
1404 2181 2182 191 2183 
1405 291 2181 2183 281 
1406 130 292 2184 2141 
1407 292 281 2185 2184 
1408 2184 2185 287 2186 
1409 2141 2184 2186 197 
1410 281 2183 2187 2185 
1411 2183 191 2188 2187 
1412 2187 2188 288 2189 
1413 2185 2187 2189 287 
1414 197 2186 2190 2144 
1415 2186 287 2191 2190 
1416 2190 2191 254 2173 
1417 2144 2190 2173 170 
1418 128 299 2192 2193 
1419 299 256 340 2192 
1420 2192 340 293 2194 
1421 2193 2192 2194 267 
1422 312 397 2195 370 
1423 397 314 2196 2195 
1424 2195 2196 187 2197 
1425 370 2195 2197 315 
1426 280 350 2198 2182 
1427 350 316 2199 2198 
1428 2198 2199 319 2200 
1429 2182 2198 2200 191 
1430 131 2202 2201 337 
1431 2202 332 2203 2201 
1432 2201 2203 331 383 
1433 337 2201 383 251 
1434 332 2205 2204 2203 
1435 2205 186 2206 2204 
1436 2204 2206 333 406 
1437 2203 2204 406 331 
1438 360 2209 2207 2208 
1439 2209 362 427 2207 
1440 2207 427 231 395 
1441 2208 2207 395 313 
1442 307 2212 2210 2211 
1443 2212 360 2208 2210 
1444 2210 2208 313 364 
1445 2211 2210 364 166 
1446 105 371 2213 2136 
1447 371 315 2214 2213 
1448 2213 2214 367 2215 
1449 2136 2213 2215 192 
1450 315 2197 2216 2214 
1451 2197 187 2217 2216 
1452 2216 2217 368 2218 
1453 2214 2216 2218 367 
1454 367 2218 2219 2220 
1455 2218 368 2221 2219 
1456 2219 2221 186 2205 
1457 2220 2219 2205 332 
1458 192 2215 2222 2139 
1459 2215 367 2220 2222 
1460 2222 2220 332 2202 
1461 2139 2222 2202 131 
1462 314 415 2223 2196 
1463 415 390 2224 2223 
1464 2223 2224 393 2225 
1465 2196 2223 2225 187 
1466 518 182 2229 2228 
1467 2228 2229 399 526 
1468 186 2231 2230 2206 
1469 2231 402 2232 2230 
1470 2230 2232 401 423 
1471 2206 2230 423 333 
1472 401 2234 2233 424 
1473 2234 403 2235 2233 
1474 2233 2235 59 449 
1475 424 2233 449 404 
1476 409 2237 2236 429 
1477 2237 411 466 2236 
1478 2236 466 233 435 
1479 429 2236 435 391 
1480 189 425 2238 2239 
1481 425 404 448 2238 
1482 2238 448 419 2240 
1483 2239 2238 2240 379 
1484 431 489 2241 491 
1485 489 386 2242 2241 
1486 2241 2242 432 2243 
1487 491 2241 2243 430 
1488 403 2245 2244 2235 
1489 2245 452 2246 2244 
1490 2244 2246 444 456 
1491 2235 2244 456 59 
1492 478 575 2247 555 
1493 575 480 2248 2247 
1494 2247 2248 184 2249 
1495 555 2247 2249 481 
1496 2250 943 500 2252 
1497 2251 2250 2252 77 
1498 386 522 2253 2242 
1499 522 485 2254 2253 
1500 2253 2254 516 2255 
1501 2242 2253 2255 432 
1502 485 545 2256 2254 
1503 545 388 2257 2256 
1504 2256 2257 517 2258 
1505 2254 2256 2258 516 
1506 182 556 2259 2229 
1507 556 481 2260 2259 
1508 2259 2260 523 562 
1509 2229 2259 562 399 
1510 481 2249 2261 2260 
1511 2249 184 2262 2261 
1512 2261 2262 524 2263 
1513 2260 2261 2263 523 
1514 523 2263 2264 563 
1515 2263 524 2265 2264 
1516 2264 2265 91 581 
1517 563 2264 581 505 
1518 388 560 2266 2257 
1519 560 541 2267 2266 
1520 2266 2267 554 2268 
1521 2257 2266 2268 517 
1522 480 590 2269 2248 
1523 590 568 643 2269 
1524 2269 643 571 2270 
1525 2248 2269 2270 184 
1526 584 2273 2271 2272 
1527 2273 586 1116 2271 
1528 2271 1116 475 606 
1529 2272 2271 606 569 
1530 537 2276 2274 2275 
1531 2276 584 2272 2274 
1532 2274 2272 569 588 
1533 2275 2274 588 88 
1534 184 2270 2277 2262 
1535 2270 571 2278 2277 
1536 2277 2278 591 2279 
1537 2262 2277 2279 524 
1538 571 645 2280 2278 
1539 645 474 2281 2280 
1540 2280 2281 592 2282 
1541 2278 2280 2282 591 
1542 591 2282 2283 2284 
1543 2282 592 2285 2283 
1544 2283 2285 477 617 
1545 2284 2283 617 577 
1546 524 2279 2286 2265 
1547 2279 591 2284 2286 
1548 2286 2284 577 594 
1549 2265 2286 594 91 
1550 635 2288 2287 1118 
1551 2288 637 1143 2287 
1552 2287 1143 90 1108 
1553 1118 2287 1108 602 
1554 475 2291 2289 2290 
1555 2291 639 1120 2289 
1556 2289 1120 638 1102 
1557 2290 2289 1102 607 
1558 474 1100 2292 2281 
1559 1100 604 2293 2292 
1560 2292 2293 651 2294 
1561 2281 2292 2294 592 
1562 604 1130 2295 2293 
1563 1130 476 2296 2295 
1564 2295 2296 652 2297 
1565 2293 2295 2297 651 
1566 651 2297 2298 2299 
1567 2297 652 2300 2298 
1568 2298 2300 5 662 
1569 2299 2298 662 613 
1570 592 2294 2301 2285 
1571 2294 651 2299 2301 
1572 2301 2299 613 654 
1573 2285 2301 654 477 
1574 652 2303 2302 2300 
1575 2303 665 719 2302 
1576 2302 719 658 669 
1577 2300 2302 669 5 
1578 73 2049 2304 2038 
1579 2049 676 2305 2304 
1580 2304 2305 679 2306 
1581 2038 2304 2306 44 
1582 680 2053 2307 2041 
1583 2053 682 2308 2307 
1584 2307 2308 73 2309 
1585 2041 2307 2309 683 
1586 49 2314 2313 708 
1587 2314 703 2315 2313 
1588 2313 2315 677 2047 
1589 708 2313 2047 34 
1590 47 2317 2316 873 
1591 2317 707 2318 2316 
1592 2316 2318 706 986 
1593 873 2316 986 86 
1594 706 2320 2319 987 
1595 2320 708 2321 2319 
1596 2319 2321 34 2051 
1597 987 2319 2051 681 
1598 710 2323 2322 876 
1599 2323 86 2324 2322 
1600 597 1176 2325 2326 
1601 1176 716 2327 2325 
1602 2325 2327 715 732 
1603 2326 2325 732 667 
1604 716 1190 2328 2327 
1605 1190 599 2329 2328 
1606 2328 2329 717 751 
1607 2327 2328 751 715 
1608 600 2331 2330 729 
1609 2331 723 743 2330 
1610 2330 743 722 2332 
1611 729 2330 2332 698 
1612 693 2334 2333 745 
1613 2334 739 758 2333 
1614 2333 758 738 2335 
1615 745 2333 2335 724 
1616 599 783 2336 2329 
1617 783 748 835 2336 
1618 2336 835 747 763 
1619 2329 2336 763 717 
1620 754 2338 2337 767 
1621 2338 735 826 2337 
1622 2337 826 755 2339 
1623 767 2337 2339 753 
1624 769 2341 2340 787 
1625 2341 771 2342 2340 
1626 2340 2342 472 797 
1627 774 2344 2343 791 
1628 2344 713 2345 2343 
1629 2343 2345 775 801 
1630 791 2343 801 772 
1631 789 2347 2346 1202 
1632 2347 788 2348 2346 
1633 2346 2348 781 1204 
1634 1202 2346 1204 773 
1635 713 2350 2349 2345 
1636 2350 797 2351 2349 
1637 2349 2351 796 831 
1638 2345 2349 831 775 
1639 797 2353 2352 2351 
1640 2353 472 2354 2352 
1641 2352 2354 798 881 
1642 2351 2352 881 796 
1643 736 845 2355 2356 
1644 845 812 951 2355 
1645 2355 951 815 2357 
1646 2356 2355 2357 688 
1647 842 904 2358 2359 
1648 904 844 955 2358 
1649 2358 955 812 2360 
1650 2359 2358 2360 845 
1651 818 862 2361 2362 
1652 862 842 2359 2361 
1653 2361 2359 845 2363 
1654 2362 2361 2363 736 
1655 857 2366 2364 2365 
1656 2366 858 906 2364 
1657 2364 906 813 903 
1658 2365 2364 903 843 
1659 824 2369 2367 2368 
1660 2369 857 2365 2367 
1661 2367 2365 843 860 
1662 2368 2367 860 689 
1663 868 2371 2370 886 
1664 2371 714 975 2370 
1665 2370 975 869 2372 
1666 886 2370 2372 867 
1667 771 2374 2373 2342 
1668 2374 874 2375 2373 
1669 2373 2375 793 878 
1670 2342 2373 878 472 
1671 472 2377 2376 2354 
1672 2377 878 2378 2376 
1673 2376 2378 877 972 
1674 2354 2376 972 798 
1675 877 2380 2379 973 
1676 2380 879 2381 2379 
1677 2379 2381 792 998 
1678 973 2379 998 864 
1679 897 925 2382 960 
1680 925 900 2383 2382 
1681 2382 2383 891 2384 
1682 960 2382 2384 901 
1683 915 2386 2385 983 
1684 2386 866 1022 2385 
1685 2385 1022 916 2387 
1686 983 2385 2387 914 
1687 914 2387 2388 2389 
1688 2387 916 1273 2388 
1689 2388 1273 888 2390 
1690 2389 2388 2390 917 
1691 893 984 2391 1223 
1692 984 914 2389 2391 
1693 2391 2389 917 2392 
1694 1223 2391 2392 814 
1695 900 1221 2393 2383 
1696 1221 918 1226 2393 
1697 2393 1226 921 2394 
1698 2383 2393 2394 891 
1699 2395 1443 942 2397 
1700 2396 2395 2397 943 
1701 815 953 2398 2399 
1702 2399 2398 1447 946 
1703 896 2401 2400 1213 
1704 2401 979 2402 2400 
1705 2400 2402 915 982 
1706 1213 2400 982 87 
1707 86 2404 2403 2324 
1708 2404 986 2405 2403 
1709 2403 2405 985 1518 
1710 709 2407 2406 1052 
1711 2407 990 2408 2406 
1712 2406 2408 989 1062 
1713 1052 2406 1062 794 
1714 990 2410 2409 2408 
1715 2410 711 2411 2409 
1716 2409 2411 991 1521 
1717 2408 2409 1521 989 
1718 994 2413 2412 1055 
1719 2413 794 2414 2412 
1720 2412 2414 995 1066 
1721 1000 2417 2415 2416 
1722 2417 865 1057 2415 
1723 2415 1057 1002 1039 
1724 2416 2415 1039 1001 
1725 980 2420 2418 2419 
1726 2420 1001 1038 2418 
1727 2418 1038 1003 1023 
1728 2419 2418 1023 866 
1729 988 2422 2421 1511 
1730 2422 681 2423 2421 
1731 2421 2423 1010 2055 
1732 1511 2421 2055 1009 
1733 1030 1049 2424 2425 
1734 1049 1032 2426 2424 
1735 2424 2426 1019 1692 
1736 2425 2424 1692 1033 
1737 1002 1060 2427 1040 
1738 1060 1034 1089 2427 
1739 2427 1089 1027 1042 
1740 1040 2427 1042 795 
1741 1032 2429 2428 2426 
1742 2429 1041 2430 2428 
1743 2428 2430 1044 1659 
1744 2426 2428 1659 1019 
1745 879 2432 2431 2381 
1746 2432 1050 2433 2431 
1747 2431 2433 994 1054 
1748 2381 2431 1054 792 
1749 993 2435 2434 1071 
1750 2435 1066 2436 2434 
1751 2434 2436 1065 1085 
1752 1071 2434 1085 1036 
1753 1028 1092 2437 1667 
1754 1092 1076 2438 2437 
1755 2437 2438 1078 2439 
1756 1667 2437 2439 1015 
1757 1105 1154 2440 2441 
1758 2440 1174 597 2442 
1759 2441 2440 2442 666 
1760 603 1141 2443 1129 
1761 1141 1105 2441 2443 
1762 2443 2441 666 2444 
1763 1129 2443 2444 476 
1764 602 2446 2445 1122 
1765 2446 1108 2447 2445 
1766 2445 2447 1107 1132 
1767 1122 2445 1132 640 
1768 1108 2449 2448 2447 
1769 2449 90 1147 2448 
1770 2448 1147 1109 2450 
1771 2447 2448 2450 1107 
1772 1107 2450 2451 1133 
1773 2450 1109 2452 2451 
1774 2451 2452 603 2453 
1775 1133 2451 2453 1110 
1776 1109 1150 2454 2452 
1777 1150 1138 2455 2454 
1778 2454 2455 1141 2456 
1779 2452 2454 2456 603 
1780 1106 2458 2457 1157 
1781 2458 1152 1169 2457 
1782 2457 1169 1151 2459 
1783 1157 2457 2459 1140 
1784 1151 1172 2460 2461 
1785 1172 1153 1178 2460 
1786 2460 1178 777 2462 
1787 2461 2460 2462 1154 
1788 1140 2459 2463 2464 
1789 2459 1151 2461 2463 
1790 2463 2461 1154 2465 
1791 2464 2463 2465 1105 
1792 1137 2467 2466 1163 
1793 2467 1159 2468 2466 
1794 2466 2468 778 1165 
1795 1163 2466 1165 598 
1796 598 2470 2469 1171 
1797 2470 1165 2471 2469 
1798 2469 2471 1164 1179 
1799 1171 2469 1179 1153 
1800 1165 2473 2472 2471 
1801 2473 778 2474 2472 
1802 2472 2474 1166 1186 
1803 2471 2472 1186 1164 
1804 1159 2476 2475 2468 
1805 2476 785 2477 2475 
1806 2475 2477 470 1183 
1807 2468 2475 1183 778 
1808 778 2479 2478 2474 
1809 2479 1183 2480 2478 
1810 2478 2480 1182 1192 
1811 2474 2478 1192 1166 
1812 1183 2482 2481 2480 
1813 2482 470 2483 2481 
1814 2481 2483 789 1201 
1815 2480 2481 1201 1182 
1816 776 1194 2484 2485 
1817 1194 1184 1196 2484 
1818 2484 1196 1189 2486 
1819 2485 2484 2486 1175 
1820 1253 1748 2487 2488 
1821 2488 2487 2489 1257 
1822 1254 1271 2490 2491 
1823 1271 1253 2488 2490 
1824 2490 2488 1257 2492 
1825 2491 2490 2492 1243 
1826 917 2390 2493 2494 
1827 2390 888 1261 2493 
1828 2493 1261 1244 2495 
1829 2494 2493 2495 1258 
1830 1258 2495 2496 2497 
1831 2495 1244 1283 2496 
1832 2496 1283 890 2498 
1833 2497 2496 2498 1259 
1834 1260 1277 2499 2500 
1835 1277 1254 2491 2499 
1836 2499 2491 1243 2501 
1837 2500 2499 2501 1263 
1838 1265 2504 2502 2503 
1839 2504 1264 1654 2502 
1840 2502 1654 1255 1269 
1841 2503 2502 1269 1020 
1842 1272 2507 2505 2506 
1843 2507 1265 2503 2505 
1844 2505 2503 1020 1276 
1845 2506 2505 1276 1262 
1846 1257 2489 2514 2515 
1847 2515 2514 2516 1294 
1848 1294 2516 2517 2518 
1849 2518 2517 2519 1295 
1850 1014 1558 2520 1342 
1851 1558 686 2521 2520 
1852 2520 2521 1297 2522 
1853 1342 2520 2522 1296 
1854 2524 1303 2525 2523 
1855 2523 2525 1302 1952 
1856 1321 1910 2526 2527 
1857 1910 1286 1944 2526 
1858 2526 1944 1315 2528 
1859 2527 2526 2528 1319 
1860 1319 2528 2529 2530 
1861 2528 1315 1948 2529 
1862 2529 1948 1288 2531 
1863 2530 2529 2531 1322 
1864 811 1378 2532 2533 
1865 1378 1313 1418 2532 
1866 2532 1418 1333 2534 
1867 2533 2532 2534 1334 
1868 1337 1355 2535 1423 
1869 1355 1339 2536 2535 
1870 2535 2536 1249 2537 
1871 1423 2535 2537 1340 
1872 1249 1350 2538 1419 
1873 1350 1325 2539 2538 
1874 2538 2539 1344 2540 
1875 1419 2538 2540 1335 
1876 1339 1366 2541 2536 
1877 1366 1347 2542 2541 
1878 2541 2542 1350 2543 
1879 2536 2541 2543 1249 
1880 1352 1386 2544 1427 
1881 1386 1351 2545 2544 
1882 2544 2545 1355 2546 
1883 1427 2544 2546 1337 
1884 1361 2012 2547 2015 
1885 2012 1328 2548 2547 
1886 2547 2548 1362 2026 
1887 2015 2547 2026 1359 
1888 1360 2016 2549 1399 
1889 2016 1359 2025 2549 
1890 2549 2025 1353 1385 
1891 1399 2549 1385 1329 
1892 1240 2551 2550 1475 
1893 2551 1281 2552 2550 
1894 2550 2552 1372 1496 
1895 1475 2550 1496 1373 
1896 1375 1408 2554 2555 
1897 1408 1338 1422 2554 
1898 2554 1422 1313 2556 
1899 2555 2554 2556 1378 
1900 1380 1412 2557 2558 
1901 1412 1379 1426 2557 
1902 2557 1426 1382 2559 
1903 2558 2557 2559 1338 
1904 1322 2531 2560 2561 
1905 2531 1288 1971 2560 
1906 2560 1971 1327 2562 
1907 2561 2560 2562 1387 
1908 1387 2562 2563 2564 
1909 2562 1327 1390 2563 
1910 2563 1390 1310 1407 
1911 2564 2563 1407 1377 
1912 1391 2567 2565 2566 
1913 2567 1326 2014 2565 
1914 2565 2014 1360 1398 
1915 2566 2565 1398 1389 
1916 1390 2570 2568 2569 
1917 2570 1389 1397 2568 
1918 2568 1397 1381 1411 
1919 2569 2568 1411 1310 
1920 1393 1416 2571 2572 
1921 1416 1392 1430 2571 
1922 2571 1430 1395 2573 
1923 2572 2571 2573 1379 
1924 949 1448 2574 2575 
1925 1448 499 1450 2574 
1926 2574 1450 1331 2576 
1927 2575 2574 2576 1442 
1928 1473 2578 2577 1504 
1929 2578 1475 2579 2577 
1930 2577 2579 1373 1499 
1931 1504 2577 1499 1465 
1932 1374 1494 2580 2581 
1933 1494 811 2533 2580 
1934 2580 2533 1334 2582 
1935 2581 2580 2582 1489 
1936 1013 1526 2583 1557 
1937 1526 1509 2584 2583 
1938 2583 2584 1512 2585 
1939 1557 2583 2585 686 
1940 1074 1551 2586 2587 
1941 1551 1513 1560 2586 
1942 2586 1560 1516 2588 
1943 2587 2586 2588 1012 
1944 711 2590 2589 2411 
1945 2590 1518 2591 2589 
1946 2589 2591 1517 1533 
1947 2411 2589 1533 991 
1948 1063 2594 2592 2593 
1949 2594 1520 1536 2592 
1950 2592 1536 1514 1550 
1951 2593 2592 1550 992 
1952 1515 1542 2595 1561 
1953 1542 1523 2596 2595 
1954 2595 2596 1526 2597 
1955 1561 2595 2597 1013 
1956 1536 2600 2598 2599 
1957 2600 1535 1576 2598 
1958 2598 1576 1529 1554 
1959 2599 2598 1554 1514 
1960 1530 1586 2601 1565 
1961 1586 1539 2602 2601 
1962 2601 2602 1542 2603 
1963 1565 2601 2603 1515 
1964 1554 2606 2604 2605 
1965 2606 1529 1580 2604 
1966 2604 1580 1544 1601 
1967 2605 2604 1601 1552 
1968 1547 1590 2607 1609 
1969 1590 1530 2608 2607 
1970 2607 2608 1565 2609 
1971 1609 2607 2609 1563 
1972 1538 2611 2610 1578 
1973 2611 1572 2612 2610 
1974 2610 2612 1540 1584 
1975 1578 2610 1584 50 
1976 1570 1626 2613 1613 
1977 1626 1587 2614 2613 
1978 2613 2614 1590 2615 
1979 1613 2613 2615 1547 
1980 1555 1602 2616 2617 
1981 1602 1527 1608 2616 
1982 2616 1608 1564 2618 
1983 2617 2616 2618 1596 
1984 1595 1630 2619 1636 
1985 1630 1570 2620 2619 
1986 2619 2620 1613 2621 
1987 1636 2619 2621 1611 
1988 1044 2623 2622 1660 
1989 2623 1026 2624 2622 
1990 2622 2624 1644 1670 
1991 1648 1676 2625 1683 
1992 1676 1651 2626 2625 
1993 2625 2626 1645 1755 
1994 1683 2625 1755 1652 
1995 1653 1696 2627 2628 
1996 1696 1649 1682 2627 
1997 2627 1682 889 2629 
1998 2628 2627 2629 1656 
1999 1657 2631 2630 1704 
2000 2631 1660 2632 2630 
2001 2630 2632 1643 1674 
2002 1704 2630 1674 1650 
2003 1690 2635 2633 2634 
2004 2635 1658 1702 2633 
2005 2633 1702 1266 1695 
2006 2634 2633 1695 1655 
2007 1714 2638 2636 2637 
2008 2638 1706 1722 2636 
2009 2636 1722 1661 1719 
2010 2637 2636 1719 1699 
2011 1015 2439 2639 1733 
2012 2439 1078 2640 2639 
2013 2639 2640 1730 2641 
2014 1733 2639 2641 1251 
2015 1251 2641 2642 1809 
2016 2641 1730 2643 2642 
2017 2642 2643 1303 2524 
2018 1647 2645 2644 1763 
2019 2645 1732 2646 2644 
2020 2644 2646 1734 1843 
2021 1763 2644 1843 1250 
2022 1645 2648 2647 1756 
2023 2648 1672 2649 2647 
2024 2647 2649 1735 1766 
2025 1756 2647 1766 1679 
2026 1256 1752 2650 2651 
2027 1752 1680 1774 2650 
2028 2650 1774 1738 2652 
2029 2651 2650 2652 1739 
2030 1739 2652 2653 2654 
2031 2652 1738 1837 2653 
2032 2653 1837 1741 2655 
2033 2654 2653 2655 1245 
2034 1656 2629 2656 2657 
2035 2629 889 1787 2656 
2036 2656 1787 1678 2658 
2037 2657 2656 2658 1747 
2038 1747 2658 2659 2660 
2039 2658 1678 1750 2659 
2040 2659 1750 1256 2661 
2041 2660 2659 2661 1748 
2042 1753 2663 2662 1791 
2043 2663 1756 2664 2662 
2044 2662 2664 1679 1770 
2045 1791 2662 1770 1744 
2046 1646 1768 2665 1775 
2047 1768 1737 2666 2665 
2048 2665 2666 1762 1829 
2049 1775 2665 1829 1740 
2050 1762 2668 2667 1830 
2051 2668 1763 2669 2667 
2052 2667 2669 1250 1847 
2053 1830 2667 1847 1764 
2054 1744 2671 2670 1795 
2055 2671 1770 2672 2670 
2056 2670 2672 1769 1800 
2057 1795 2670 1800 1760 
2058 1811 1849 2673 2674 
2059 1849 1813 2675 2673 
2060 2673 2675 1292 1873 
2061 2674 2673 1873 1814 
2062 1812 1822 2676 2677 
2063 1822 1811 2674 2676 
2064 2676 2674 1814 1881 
2065 2677 2676 1881 1289 
2066 1245 2655 2678 2679 
2067 2655 1741 1824 2678 
2068 2678 1824 1815 2680 
2069 2679 2678 2680 1816 
2070 1815 1826 2681 2682 
2071 1826 1812 2677 2681 
2072 2681 2677 1289 2683 
2073 2682 2681 2683 1817 
2074 1816 2680 2684 2685 
2075 2680 1815 2682 2684 
2076 2684 2682 1817 2686 
2077 2685 2684 2686 1290 
2078 1827 2688 2687 1841 
2079 2688 1830 2689 2687 
2080 2687 2689 1764 1851 
2081 1841 2687 1851 1820 
2082 2693 1909 1321 2695 
2083 2694 2693 2695 1280 
2084 1863 1882 2696 2697 
2085 1882 1862 1888 2696 
2086 2696 1888 1865 2698 
2087 2697 2696 2698 1293 
2088 1866 2700 2699 1901 
2089 2700 1867 2701 2699 
2090 2699 2701 1287 1964 
2091 1901 2699 1964 1316 
2092 1864 2703 2702 1889 
2093 2703 1868 2704 2702 
2094 2702 2704 1870 1917 
2095 1889 2702 1917 1252 
2096 1817 2683 2705 2706 
2097 2683 1289 1880 2705 
2098 2705 1880 1863 2707 
2099 2706 2705 2707 1876 
2100 1876 2707 2708 2709 
2101 2707 1863 2697 2708 
2102 2708 2697 1293 2710 
2103 2709 2708 2710 1878 
2104 1293 2698 2711 2712 
2105 2698 1865 1925 2711 
2106 2711 1925 1883 2713 
2107 2712 2711 2713 1884 
2108 1884 2713 2714 2715 
2109 2713 1883 1912 2714 
2110 2714 1912 1886 2716 
2111 2715 2714 2716 1859 
2112 1886 1914 2717 2718 
2113 1914 1861 1931 2717 
2114 2717 1931 1900 2719 
2115 2718 2717 2719 1908 
2116 1911 1929 2720 2721 
2117 1929 1904 1935 2720 
2118 2720 1935 1861 2722 
2119 2721 2720 2722 1914 
2120 1317 2724 2723 1956 
2121 2724 1951 2725 2723 
2122 2723 2725 1357 2006 
2123 1956 2723 2006 1247 
2124 1970 2728 2726 2727 
2125 2728 1972 2001 2726 
2126 2726 2001 1326 2567 
2127 2727 2726 2567 1391 
2128 1318 1986 2729 2730 
2129 1986 1957 2731 2729 
2130 2729 2731 1982 2002 
2131 2730 2729 2002 1972 
2132 1957 2733 2732 2731 
2133 2733 1247 2734 2732 
2134 2732 2734 1983 2010 
2135 2731 2732 2010 1982 
2136 1949 1990 2735 1993 
2137 1990 1969 2736 2735 
2138 2735 2736 1984 2737 
2139 1993 2735 2737 1975 
2140 1362 2739 2738 2027 
2141 2739 2022 2740 2738 
2142 2738 2740 1364 2029 
2143 2027 2738 2029 1312 
2144 686 2585 2741 2521 
2145 2585 1512 2742 2741 
2146 2741 2742 2043 2743 
2147 2521 2741 2743 1297 
2148 121 503 2744 2745 
2149 2744 2251 77 2746 
2150 2745 2744 2746 123 
2151 103 327 2747 2748 
2152 327 121 2745 2747 
2153 2747 2745 123 2749 
2154 2748 2747 2749 75 
2155 177 2752 2750 2751 
2156 2752 79 2119 2750 
2157 2750 2119 164 2126 
2158 2751 2750 2126 175 
2159 164 2755 2753 2754 
2160 2755 180 2128 2753 
2161 2753 2128 178 2132 
2162 2754 2753 2132 179 
2163 83 214 2756 2757 
2164 214 132 2149 2756 
2165 2756 2149 207 2758 
2166 2757 2756 2758 208 
2167 211 268 2759 2760 
2168 268 213 2170 2759 
2169 2759 2170 132 2761 
2170 2760 2759 2761 214 
2171 212 2153 2762 2763 
2172 2153 211 2760 2762 
2173 2762 2760 214 2764 
2174 2763 2762 2764 83 
2175 239 2767 2765 2766 
2176 2767 181 2179 2765 
2177 2765 2179 240 284 
2178 2766 2765 284 237 
2179 254 2769 2768 2174 
2180 2769 190 2770 2768 
2181 2768 2770 255 2176 
2182 2174 2768 2176 253 
2183 218 272 2771 2772 
2184 272 128 2193 2771 
2185 2771 2193 267 2773 
2186 2772 2771 2773 265 
2187 287 2189 2774 2191 
2188 2189 288 2775 2774 
2189 2774 2775 190 2769 
2190 2191 2774 2769 254 
2191 304 2778 2776 2777 
2192 2778 307 2211 2776 
2193 2776 2211 166 345 
2194 2777 2776 345 235 
2195 305 2781 2779 2780 
2196 2781 304 2777 2779 
2197 2779 2777 235 310 
2198 2780 2779 310 163 
2199 334 408 2782 2783 
2200 408 189 2239 2782 
2201 2782 2239 379 2784 
2202 2783 2782 2784 377 
2203 390 437 2785 2224 
2204 437 392 2786 2785 
2205 2785 2786 108 2787 
2206 2224 2785 2787 393 
2207 402 2789 2788 2232 
2208 2789 188 2790 2788 
2209 2788 2790 403 2234 
2210 2232 2788 2234 401 
2211 392 492 2791 2786 
2212 492 430 2792 2791 
2213 2791 2792 433 2793 
2214 2786 2791 2793 108 
2215 188 2795 2794 2790 
2216 2795 453 2796 2794 
2217 2794 2796 452 2245 
2218 2790 2794 2245 403 
2219 452 2798 2797 2246 
2220 2798 454 2799 2797 
2221 2797 2799 400 513 
2222 2246 2797 513 444 
2223 454 2801 2800 2799 
2224 2801 525 2802 2800 
2225 2800 2802 509 529 
2226 2799 2800 529 400 
2227 535 2805 2803 2804 
2228 2805 537 2275 2803 
2229 2803 2275 88 573 
2230 2804 2803 573 479 
2231 461 2808 2806 2807 
2232 2808 535 2804 2806 
2233 2806 2804 479 539 
2234 2807 2806 539 183 
2235 606 2811 2809 2810 
2236 2811 475 2290 2809 
2237 2809 2290 607 648 
2238 2810 2809 648 605 
2239 609 695 2812 2813 
2240 2813 2812 2814 611 
2241 502 660 2815 2816 
2242 660 609 2813 2815 
2243 2815 2813 611 2817 
2244 2816 2815 2817 122 
2245 476 2444 2818 2296 
2246 2444 666 2819 2818 
2247 2818 2819 665 2303 
2248 2296 2818 2303 652 
2249 666 2442 2820 2819 
2250 2442 597 2326 2820 
2251 2820 2326 667 720 
2252 2819 2820 720 665 
2253 31 2822 2821 2093 
2254 2822 704 2823 2821 
2255 2821 2823 703 2314 
2256 2093 2821 2314 49 
2257 707 2825 2824 2318 
2258 2825 49 2826 2824 
2259 2824 2826 708 2320 
2260 2318 2824 2320 706 
2261 734 819 2827 2828 
2262 819 736 2356 2827 
2263 2827 2356 688 2829 
2264 2828 2827 2829 737 
2265 694 756 2830 2831 
2266 756 734 2828 2830 
2267 2830 2828 737 2832 
2268 2831 2830 2832 610 
2269 785 2834 2833 2477 
2270 2834 784 2835 2833 
2271 2833 2835 774 790 
2272 2477 2833 790 470 
2273 470 2837 2836 2483 
2274 2837 790 2838 2836 
2275 2836 2838 788 2347 
2276 2483 2836 2347 789 
2277 788 2840 2839 2348 
2278 2840 791 2841 2839 
2279 2839 2841 772 806 
2280 2348 2839 806 781 
2281 816 849 2842 2843 
2282 849 818 2362 2842 
2283 2842 2362 736 2844 
2284 2843 2842 2844 819 
2285 755 829 2845 2846 
2286 829 816 2843 2845 
2287 2845 2843 819 2847 
2288 2846 2845 2847 734 
2289 822 2850 2848 2849 
2290 2850 824 2368 2848 
2291 2848 2368 689 847 
2292 2849 2848 847 817 
2293 764 2853 2851 2852 
2294 2853 822 2849 2851 
2295 2851 2849 817 827 
2296 2852 2851 827 735 
2297 874 2855 2854 2375 
2298 2855 876 2856 2854 
2299 2854 2856 709 1051 
2300 2375 2854 1051 793 
2301 878 2858 2857 2378 
2302 2858 793 2859 2857 
2303 2857 2859 879 2380 
2304 2378 2857 2380 877 
2305 688 2357 2860 2861 
2306 2357 815 2399 2860 
2307 2860 2399 946 2862 
2308 2861 2860 2862 947 
2309 947 2862 2863 2864 
2310 2862 946 1446 2863 
2311 2863 1446 949 2865 
2312 2864 2863 2865 691 
2313 979 2867 2866 2402 
2314 2867 980 2419 2866 
2315 2866 2419 866 2386 
2316 2402 2866 2386 915 
2317 985 2869 2868 1519 
2318 2869 987 2870 2868 
2319 2868 2870 681 2422 
2320 1519 2868 2422 988 
2321 997 2872 2871 1007 
2322 2872 999 2873 2871 
2323 2871 2873 865 2417 
2324 1007 2871 2417 1000 
2325 863 1008 2874 2875 
2326 1008 1000 2416 2874 
2327 2874 2416 1001 2420 
2328 2875 2874 2420 980 
2329 795 2877 2876 1048 
2330 2877 1042 2878 2876 
2331 2876 2878 1041 2429 
2332 1048 2876 2429 1032 
2333 1041 2880 2879 2430 
2334 2880 1043 2881 2879 
2335 2879 2881 1026 2623 
2336 2430 2879 2623 1044 
2337 793 2883 2882 2859 
2338 2883 1051 2884 2882 
2339 2882 2884 1050 2432 
2340 2859 2882 2432 879 
2341 1050 2886 2885 2433 
2342 2886 1052 2887 2885 
2343 2885 2887 794 2413 
2344 2433 2885 2413 994 
2345 999 2889 2888 2873 
2346 2889 1053 2890 2888 
2347 2888 2890 1035 1058 
2348 2873 2888 1058 865 
2349 1138 1158 2891 2455 
2350 1158 1140 2464 2891 
2351 2891 2464 1105 2892 
2352 2455 2891 2892 1141 
2353 1167 1188 2893 2894 
2354 1188 776 2485 2893 
2355 2893 2485 1175 2895 
2356 2894 2893 2895 1173 
2357 814 2392 2896 2897 
2358 2392 917 2494 2896 
2359 2896 2494 1258 2898 
2360 2897 2896 2898 952 
2361 952 2898 2899 2900 
2362 2898 1258 2497 2899 
2363 2899 2497 1259 2901 
2364 2900 2899 2901 690 
2365 1018 2904 2902 2903 
2366 2904 1033 1691 2902 
2367 2902 1691 1264 2504 
2368 2903 2902 2504 1265 
2369 1025 2907 2905 2906 
2370 2907 1018 2903 2905 
2371 2905 2903 1265 2507 
2372 2906 2905 2507 1272 
2373 890 1285 2908 2909 
2374 2909 2908 2910 1279 
2375 1279 2910 2911 2912 
2376 2912 2911 2551 1240 
2377 1243 2492 2913 2914 
2378 2492 1257 2515 2913 
2379 2913 2515 1294 2915 
2380 2914 2913 2915 1284 
2381 1284 2915 2916 2917 
2382 2915 1294 2518 2916 
2383 2916 2518 1295 2918 
2384 2917 2916 2918 1246 
2385 1280 2695 2919 2920 
2386 2695 1321 2527 2919 
2387 2919 2527 1319 2921 
2388 2920 2919 2921 1320 
2389 1320 2921 2922 2923 
2390 2921 1319 2530 2922 
2391 2922 2530 1322 2924 
2392 2923 2922 2924 1241 
2393 1351 1371 2925 2545 
2394 1371 1354 2926 2925 
2395 2925 2926 1339 2927 
2396 2545 2925 2927 1355 
2397 1354 2031 2928 2926 
2398 2031 1363 2929 2928 
2399 2928 2929 1366 2930 
2400 2926 2928 2930 1339 
2401 1241 2924 2931 2932 
2402 2924 1322 2561 2931 
2403 2931 2561 1387 2933 
2404 2932 2931 2933 1388 
2405 1388 2933 2934 2935 
2406 2933 1387 2564 2934 
2407 2934 2564 1377 2936 
2408 2935 2934 2936 1311 
2409 1327 2939 2937 2938 
2410 2939 1391 2566 2937 
2411 2937 2566 1389 2570 
2412 2938 2937 2570 1390 
2413 691 2865 2940 2941 
2414 2865 949 2575 2940 
2415 2940 2575 1442 2942 
2416 2941 2940 2942 1443 
2417 1259 2498 2943 2944 
2418 2498 890 2909 2943 
2419 2943 2909 1279 2945 
2420 2944 2943 2945 1458 
2421 1458 2945 2946 2947 
2422 2945 1279 2912 2946 
2423 2946 2912 1240 1474 
2424 2947 2946 1474 1440 
2425 1459 2950 2948 2949 
2426 2950 1458 2947 2948 
2427 2948 2947 1440 1462 
2428 2949 2948 1462 948 
2429 1242 1497 2951 2952 
2430 1497 1374 2581 2951 
2431 2951 2581 1489 2953 
2432 2952 2951 2953 1451 
2433 1651 2955 2954 2626 
2434 2955 1669 2956 2954 
2435 2954 2956 1672 2648 
2436 2626 2954 2648 1645 
2437 1029 2958 2957 1736 
2438 2958 1668 2959 2957 
2439 2957 2959 1732 2645 
2440 1736 2957 2645 1647 
2441 1737 2961 2960 2666 
2442 2961 1647 2962 2960 
2443 2960 2962 1763 2668 
2444 2666 2960 2668 1762 
2445 1810 2964 2963 1897 
2446 2964 1017 2965 2963 
2447 2963 2965 1867 2700 
2448 1897 2963 2700 1866 
2449 1292 2967 2966 1874 
2450 2967 1845 2968 2966 
2451 2966 2968 1868 2703 
2452 1874 2966 2703 1864 
2453 1290 2686 2969 2970 
2454 2686 1817 2706 2969 
2455 2969 2706 1876 2971 
2456 2970 2969 2971 1877 
2457 1877 2971 2972 2973 
2458 2971 1876 2709 2972 
2459 2972 2709 1878 2974 
2460 2973 2972 2974 809 
2461 1859 2716 2975 2976 
2462 2716 1886 2718 2975 
2463 2975 2718 1908 2977 
2464 2976 2975 2977 1909 
2465 1287 2979 2978 1965 
2466 2979 1952 2980 2978 
2467 2978 2980 1951 2724 
2468 1965 2978 2724 1317 
2469 1954 2982 2981 1985 
2470 2982 1956 2983 2981 
2471 2981 2983 1247 2733 
2472 1985 2981 2733 1957 
2473 1950 1976 2984 2985 
2474 1976 1318 2730 2984 
2475 2984 2730 1972 2728 
2476 2985 2984 2728 1970 
2477 1971 2988 2986 2987 
2478 2988 1970 2727 2986 
2479 2986 2727 1391 2939 
2480 2987 2986 2939 1327 
2481 1328 2990 2989 2548 
2482 2990 2008 2991 2989 
2483 2989 2991 2022 2739 
2484 2548 2989 2739 1362 
2485 142 2117 2992 2993 
2486 2117 83 2757 2992 
2487 2992 2757 208 2994 
2488 2993 2992 2994 2112 
2489 2118 2997 2995 2996 
2490 2997 305 2780 2995 
2491 2995 2780 163 2129 
2492 2996 2995 2129 180 
2493 2119 3000 2998 2999 
2494 3000 2118 2996 2998 
2495 2998 2996 180 2755 
2496 2999 2998 2755 164 
2497 2130 3003 3001 3002 
2498 3003 238 2164 3001 
2499 3001 2164 169 2147 
2500 3002 3001 2147 205 
2501 187 2225 3004 2217 
2502 2225 393 3005 3004 
2503 3004 3005 2133 3006 
2504 2217 3004 3006 368 
2505 393 2787 3007 3005 
2506 2787 108 3008 3007 
2507 3007 3008 2134 3009 
2508 3005 3007 3009 2133 
2509 2133 3009 3010 3011 
2510 3009 2134 3012 3010 
2511 3010 3012 188 2789 
2512 3011 3010 2789 402 
2513 368 3006 3013 2221 
2514 3006 2133 3011 3013 
2515 3013 3011 402 2231 
2516 2221 3013 2231 186 
2517 191 2200 3014 2188 
2518 2200 319 3015 3014 
2519 3014 3015 2135 3016 
2520 2188 3014 3016 288 
2521 288 3016 3017 2775 
2522 3016 2135 3018 3017 
2523 3017 3018 2137 3019 
2524 2775 3017 3019 190 
2525 190 3019 3020 2770 
2526 3019 2137 3021 3020 
2527 3020 3021 2138 3022 
2528 2770 3020 3022 255 
2529 255 3022 3023 2177 
2530 3022 2138 3024 3023 
2531 3023 3024 336 3025 
2532 2177 3023 3025 193 
2533 108 2793 3026 3008 
2534 2793 433 3027 3026 
2535 3026 3027 2226 3028 
2536 3008 3026 3028 2134 
2537 2134 3028 3029 3012 
2538 3028 2226 3030 3029 
2539 3029 3030 453 2795 
2540 3012 3029 2795 188 
2541 611 2814 3031 3032 
2542 3031 2396 943 3033 
2543 3032 3031 3033 2250 
2544 737 2829 3034 3035 
2545 2829 688 2861 3034 
2546 3034 2861 947 3036 
2547 3035 3034 3036 2310 
2548 2310 3036 3037 3038 
2549 3036 947 2864 3037 
2550 3037 2864 691 3039 
2551 3038 3037 3039 2312 
2552 876 3041 3040 2856 
2553 3041 2322 3042 3040 
2554 3040 3042 990 2407 
2555 2856 3040 2407 709 
2556 2312 3039 3043 3044 
2557 3039 691 2941 3043 
2558 3043 2941 1443 3045 
2559 3044 3043 3045 2395 
2560 1748 2661 3046 3047 
2561 2661 1256 2651 3046 
2562 3046 2651 1739 3048 
2563 3047 3046 3048 2487 
2564 2487 3048 3049 3050 
2565 3048 1739 2654 3049 
2566 3049 2654 1245 3051 
2567 3050 3049 3051 2489 
2568 1295 2519 3052 3053 
2569 3053 3052 3054 2508 
2570 2508 3054 3055 3056 
2571 3055 2694 1280 3057 
2572 3056 3055 3057 2510 
2573 2510 3057 3058 3059 
2574 3057 1280 2920 3058 
2575 3058 2920 1320 3060 
2576 3059 3058 3060 2511 
2577 2511 3060 3061 3062 
2578 3060 1320 2923 3061 
2579 3061 2923 1241 3063 
2580 3062 3061 3063 2513 
2581 2489 3051 3064 3065 
2582 3051 1245 2679 3064 
2583 3064 2679 1816 3066 
2584 3065 3064 3066 2514 
2585 2514 3066 3067 3068 
2586 3066 1816 2685 3067 
2587 3067 2685 1290 3069 
2588 3068 3067 3069 2516 
2589 2516 3069 3070 3071 
2590 3069 1290 2970 3070 
2591 3070 2970 1877 3072 
2592 3071 3070 3072 2517 
2593 2517 3072 3073 3074 
2594 3072 1877 2973 3073 
2595 3073 2973 809 3075 
2596 3074 3073 3075 2519 
2597 1867 3077 3076 2701 
2598 3077 2523 3078 3076 
2599 3076 3078 1952 2979 
2600 2701 3076 2979 1287 
2601 2513 3063 3079 3080 
2602 3063 1241 2932 3079 
2603 3079 2932 1388 3081 
2604 3080 3079 3081 2553 
2605 2553 3081 3082 3083 
2606 3081 1388 2935 3082 
2607 3082 2935 1311 3084 
2608 3083 3082 3084 1493 
2609 1878 2710 3085 3086 
2610 2710 1293 2712 3085 
2611 3085 2712 1884 3087 
2612 3086 3085 3087 2690 
2613 2690 3087 3088 3089 
2614 3087 1884 2715 3088 
2615 3088 2715 1859 3090 
2616 3089 3088 3090 2692 
2617 2692 3090 3091 3092 
2618 3090 1859 2976 3091 
2619 3091 2976 1909 3093 
2620 3092 3091 3093 2693 
2621 101 127 3094 3095 
2622 127 103 2748 3094 
2623 3094 2748 75 3096 
2624 3095 3094 3096 104 
2625 102 138 3097 3098 
2626 138 101 3095 3097 
2627 3097 3095 104 3099 
2628 3098 3097 3099 76 
2629 178 3102 3100 3101 
2630 3102 239 2766 3100 
2631 3100 2766 237 2165 
2632 3101 3100 2165 238 
2633 171 2156 3103 3104 
2634 2156 218 2772 3103 
2635 3103 2772 265 3105 
2636 3104 3103 3105 266 
2637 193 3025 3106 342 
2638 3025 336 3107 3106 
2639 3106 3107 335 3108 
2640 342 3106 3108 294 
2641 109 385 3109 3110 
2642 385 334 2783 3109 
2643 3109 2783 377 3111 
2644 3110 3109 3111 378 
2645 430 2243 3112 2792 
2646 2243 432 3113 3112 
2647 3112 3113 389 3114 
2648 2792 3112 3114 433 
2649 453 3116 3115 2796 
2650 3116 398 3117 3115 
2651 3115 3117 454 2798 
2652 2796 3115 2798 452 
2653 459 3120 3118 3119 
2654 3120 461 2807 3118 
2655 3118 2807 183 483 
2656 3119 3118 483 387 
2657 359 3123 3121 3122 
2658 3123 459 3119 3121 
2659 3121 3119 387 463 
2660 3122 3121 463 82 
2661 501 615 3124 3125 
2662 615 502 2816 3124 
2663 3124 2816 122 3126 
2664 3125 3124 3126 503 
2665 326 579 3127 3128 
2666 579 501 3125 3127 
2667 3127 3125 503 3129 
2668 3128 3127 3129 121 
2669 432 2255 3130 3113 
2670 2255 516 3131 3130 
2671 3130 3131 518 3132 
2672 3113 3130 3132 389 
2673 398 3134 3133 3117 
2674 3134 526 3135 3133 
2675 3133 3135 525 2801 
2676 3117 3133 2801 454 
2677 525 3137 3136 2802 
2678 3137 527 3138 3136 
2679 3136 3138 185 551 
2680 2802 3136 551 509 
2681 527 3140 3139 3138 
2682 3140 561 3141 3139 
2683 3139 3141 547 565 
2684 3138 3139 565 185 
2685 692 741 3142 3143 
2686 741 694 2831 3142 
2687 3142 2831 610 3144 
2688 3143 3142 3144 695 
2689 659 725 3145 3146 
2690 725 692 3143 3145 
2691 3145 3143 695 3147 
2692 3146 3145 3147 609 
2693 753 2339 3148 3149 
2694 2339 755 2846 3148 
2695 3148 2846 734 3150 
2696 3149 3148 3150 756 
2697 740 768 3151 3152 
2698 768 753 3149 3151 
2699 3151 3149 756 3153 
2700 3152 3151 3153 694 
2701 762 3156 3154 3155 
2702 3156 764 2852 3154 
2703 3154 2852 735 2338 
2704 3155 3154 2338 754 
2705 752 3159 3157 3158 
2706 3159 762 3155 3157 
2707 3157 3155 754 766 
2708 3158 3157 766 473 
2709 784 3161 3160 2835 
2710 3161 787 3162 3160 
2711 3160 3162 713 2344 
2712 2835 3160 2344 774 
2713 790 3164 3163 2838 
2714 3164 774 3165 3163 
2715 3163 3165 791 2840 
2716 2838 3163 2840 788 
2717 894 1224 3166 3167 
2718 1224 814 2897 3166 
2719 3166 2897 952 3168 
2720 3167 3166 3168 950 
2721 950 3168 3169 3170 
2722 3168 952 2900 3169 
2723 3169 2900 690 3171 
2724 3170 3169 3171 953 
2725 970 3174 3172 3173 
2726 3174 863 2875 3172 
2727 3172 2875 980 2867 
2728 3173 3172 2867 979 
2729 986 3176 3175 2405 
2730 3176 706 3177 3175 
2731 3175 3177 987 2869 
2732 2405 3175 2869 985 
2733 1024 3180 3178 3179 
2734 3180 1030 2425 3178 
2735 3178 2425 1033 2904 
2736 3179 3178 2904 1018 
2737 1042 3182 3181 2878 
2738 3182 1027 3183 3181 
2739 3181 3183 1043 2880 
2740 2878 3181 2880 1041 
2741 1051 3185 3184 2884 
2742 3185 709 3186 3184 
2743 3184 3186 1052 2886 
2744 2884 3184 2886 1050 
2745 1053 3188 3187 2890 
2746 3188 1055 3189 3187 
2747 3187 3189 993 1070 
2748 2890 3187 1070 1035 
2749 777 1181 3190 3191 
2750 1181 1167 2894 3190 
2751 3190 2894 1173 3192 
2752 3191 3190 3192 1174 
2753 1263 2501 3193 3194 
2754 2501 1243 2914 3193 
2755 3193 2914 1284 3195 
2756 3194 3193 3195 1282 
2757 1282 3195 3196 3197 
2758 3195 1284 2917 3196 
2759 3196 2917 1246 3198 
2760 3197 3196 3198 1285 
2761 1311 2936 3199 3200 
2762 2936 1377 1406 3199 
2763 3199 1406 1375 3201 
2764 3200 3199 3201 1376 
2765 1376 3201 3202 3203 
2766 3201 1375 2555 3202 
2767 3202 2555 1378 3204 
2768 3203 3202 3204 811 
2769 1441 1467 3205 3206 
2770 1467 1242 2952 3205 
2771 3205 2952 1451 3207 
2772 3206 3205 3207 1449 
2773 690 2901 3208 3209 
2774 2901 1259 2944 3208 
2775 3208 2944 1458 2950 
2776 3209 3208 2950 1459 
2777 1493 3084 3210 3211 
2778 3084 1311 3200 3210 
2779 3210 3200 1376 3212 
2780 3211 3210 3212 1491 
2781 1491 3212 3213 3214 
2782 3212 1376 3203 3213 
2783 3213 3203 811 3215 
2784 3214 3213 3215 1494 
2785 1644 3217 3216 1671 
2786 3217 1666 3218 3216 
2787 3216 3218 1668 2958 
2788 1671 3216 2958 1029 
2789 1643 3220 3219 1675 
2790 3220 1670 3221 3219 
2791 3219 3221 1669 2955 
2792 1675 3219 2955 1651 
2793 1735 3223 3222 1767 
2794 3223 1736 3224 3222 
2795 3222 3224 1647 2961 
2796 1767 3222 2961 1737 
2797 1808 3226 3225 1869 
2798 3226 1809 3227 3225 
2799 3225 3227 1017 2964 
2800 1869 3225 2964 1810 
2801 1813 3229 3228 2675 
2802 3229 1842 3230 3228 
2803 3228 3230 1845 2967 
2804 2675 3228 2967 1292 
2805 1955 3232 3231 1968 
2806 3232 1317 3233 3231 
2807 3231 3233 1956 2982 
2808 1968 3231 2982 1954 
2809 1288 3236 3234 3235 
2810 3236 1950 2985 3234 
2811 3234 2985 1970 2988 
2812 3235 3234 2988 1971 
2813 1983 3238 3237 2011 
2814 3238 2005 3239 3237 
2815 3237 3239 2008 2990 
2816 2011 3237 2990 1328 
2817 2132 3242 3240 3241 
2818 3242 178 3101 3240 
2819 3240 3101 238 3003 
2820 3241 3240 3003 2130 
2821 252 2168 3243 3244 
2822 2168 109 3110 3243 
2823 3243 3110 378 3245 
2824 3244 3243 3245 2148 
2825 226 2162 3246 3247 
2826 2162 171 3104 3246 
2827 3246 3104 266 3248 
2828 3247 3246 3248 2151 
2829 433 3114 3249 3027 
2830 3114 389 3250 3249 
2831 3249 3250 2227 3251 
2832 3027 3249 3251 2226 
2833 2226 3251 3252 3030 
2834 3251 2227 3253 3252 
2835 3252 3253 398 3116 
2836 3030 3252 3116 453 
2837 389 3132 3254 3250 
2838 3132 518 3255 3254 
2839 3254 3255 2228 3256 
2840 3250 3254 3256 2227 
2841 2227 3256 3257 3253 
2842 3256 2228 3258 3257 
2843 3257 3258 526 3134 
2844 3253 3257 3134 398 
2845 122 2817 3259 3260 
2846 2817 611 3032 3259 
2847 3259 3032 2250 3261 
2848 3260 3259 3261 2251 
2849 610 2832 3262 3263 
2850 2832 737 3035 3262 
2851 3262 3035 2310 3264 
2852 3263 3262 3264 2311 
2853 2311 3264 3265 3266 
2854 3264 2310 3038 3265 
2855 3265 3038 2312 3267 
2856 3266 3265 3267 498 
2857 2322 3269 3268 3042 
2858 3269 2324 3270 3268 
2859 3268 3270 711 2410 
2860 3042 3268 2410 990 
2861 787 3272 3271 3162 
2862 3272 2340 3273 3271 
2863 3271 3273 797 2350 
2864 3162 3271 2350 713 
2865 498 3267 3274 3275 
2866 3267 2312 3044 3274 
2867 3274 3044 2395 3276 
2868 3275 3274 3276 2396 
2869 953 3171 3277 3278 
2870 3171 690 3209 3277 
2871 3277 3209 1459 3279 
2872 3278 3277 3279 2398 
2873 2398 3279 3280 3281 
2874 3279 1459 2949 3280 
2875 3280 2949 948 3282 
2876 3281 3280 3282 1447 
2877 2324 3284 3283 3270 
2878 3284 2403 3285 3283 
2879 3283 3285 1518 2590 
2880 3270 3283 2590 711 
2881 1055 3287 3286 3189 
2882 3287 2412 3288 3286 
2883 3286 3288 1066 2435 
2884 3189 3286 2435 993 
2885 1154 2462 3289 3290 
2886 2462 777 3191 3289 
2887 3289 3191 1174 3291 
2888 3290 3289 3291 2440 
2889 1246 2918 3292 3293 
2890 2918 1295 3053 3292 
2891 3292 3053 2508 3294 
2892 3293 3292 3294 2509 
2893 2509 3294 3295 3296 
2894 3294 2508 3056 3295 
2895 3295 3056 2510 3297 
2896 3296 3295 3297 1278 
2897 1278 3297 3298 3299 
2898 3297 2510 3059 3298 
2899 3298 3059 2511 3300 
2900 3299 3298 3300 2512 
2901 2512 3300 3301 3302 
2902 3300 2511 3062 3301 
2903 3301 3062 2513 3303 
2904 3302 3301 3303 1281 
2905 1017 3305 3304 2965 
2906 3305 2524 3306 3304 
2907 3304 3306 2523 3077 
2908 2965 3304 3077 1867 
2909 1281 3303 3307 3308 
2910 3303 2513 3080 3307 
2911 3307 3080 2553 3309 
2912 3308 3307 3309 2552 
2913 2552 3309 3310 3311 
2914 3309 2553 3083 3310 
2915 3310 3083 1493 3312 
2916 3311 3310 3312 1372 
2917 1660 3314 3313 2632 
2918 3314 2622 3315 3313 
2919 3313 3315 1670 3220 
2920 2632 3313 3220 1643 
2921 1809 3317 3316 3227 
2922 3317 2642 3318 3316 
2923 3316 3318 2524 3305 
2924 3227 3316 3305 1017 
2925 809 2974 3319 3320 
2926 2974 1878 3086 3319 
2927 3319 3086 2690 3321 
2928 3320 3319 3321 2691 
2929 2691 3321 3322 3323 
2930 3321 2690 3089 3322 
2931 3322 3089 2692 3324 
2932 3323 3322 3324 1860 
2933 1860 3324 3325 3326 
2934 3324 2692 3092 3325 
2935 3325 3092 2693 3327 
2936 3326 3325 3327 2694 
2937 503 3126 3328 3329 
2938 3126 122 3260 3328 
2939 3328 3260 2251 3330 
2940 3329 3328 3330 2744 
2941 695 3144 3331 3332 
2942 3144 610 3263 3331 
2943 3331 3263 2311 3333 
2944 3332 3331 3333 2812 
2945 2812 3333 3334 3335 
2946 3333 2311 3266 3334 
2947 3334 3266 498 3336 
2948 3335 3334 3336 2814 
2949 1285 3198 3337 3338 
2950 3198 1246 3293 3337 
2951 3337 3293 2509 3339 
2952 3338 3337 3339 2908 
2953 2908 3339 3340 3341 
2954 3339 2509 3296 3340 
2955 3340 3296 1278 3342 
2956 3341 3340 3342 2910 
2957 2910 3342 3343 3344 
2958 3342 1278 3299 3343 
2959 3343 3299 2512 3345 
2960 3344 3343 3345 2911 
2961 2911 3345 3346 3347 
2962 3345 2512 3302 3346 
2963 3346 3302 1281 3348 
2964 3347 3346 3348 2551 
2965 2814 3336 3349 3350 
2966 3336 498 3275 3349 
2967 3349 3275 2396 3351 
2968 3350 3349 3351 3031 
2969 2519 3075 3352 3353 
2970 3075 809 3320 3352 
2971 3352 3320 2691 3354 
2972 3353 3352 3354 3052 
2973 3052 3354 3355 3356 
2974 3354 2691 3323 3355 
2975 3355 3323 1860 3357 
2976 3356 3355 3357 3054 
2977 3054 3357 3358 3359 
2978 3357 1860 3326 3358 
2979 3358 3326 2694 3360 
2980 3359 3358 3360 3055 
