2 0.000000 100.000000 335.864767
3005 2632 
1 -216.133803 0.000000 -219.580401 99.938170 -0.000414 3.489805 0.000018 
2 258.136734 0.000000 -219.580401 99.938301 -0.002871 3.484872 0.000019 
3 258.136734 0.000000 224.706101 99.939904 0.003125 3.483779 -0.000012 
4 -216.133803 0.000000 224.706101 99.939753 0.000380 3.490386 -0.000014 
5 21.001465 0.000000 2.562850 106.519845 0.042590 0.192508 -0.134652 
6 -216.133803 0.000000 2.562850 99.938094 -0.000073 3.490892 0.000019 
7 21.001465 0.000000 -219.580401 99.937151 -0.001665 3.487248 0.000040 
8 258.136734 0.000000 2.562850 99.955644 -0.066958 2.987740 -0.000006 
9 21.001465 0.000000 224.706101 99.942501 0.001492 3.487206 -0.000066 
10 -97.566169 0.000000 -108.508776 99.934885 -0.001030 3.488128 0.000085 
11 -216.133803 0.000000 -108.508776 99.937803 -0.000312 3.490137 0.000025 
12 -97.566169 0.000000 -219.580401 99.937473 -0.000848 3.488942 0.000033 
13 21.001465 0.000000 -108.508776 99.933986 -0.004124 3.479103 0.000109 
14 -97.566169 0.000000 2.562850 99.930745 -0.000833 3.493773 0.000164 
15 139.569099 0.000000 -108.508776 99.935402 -0.005819 3.470420 0.000087 
16 139.569099 0.000000 -219.580401 99.937540 -0.002469 3.485583 0.000034 
17 258.136734 0.000000 -108.508776 99.938433 -0.006115 3.470092 0.000027 
18 139.569099 0.000000 2.562850 99.915668 -0.081566 3.923475 0.000146 
19 -97.566169 0.000000 113.634476 99.941189 0.000414 3.492899 -0.000044 
20 -216.133803 0.000000 113.634476 99.939257 0.000213 3.490951 -0.000004 
21 21.001465 0.000000 113.634476 99.955114 0.001863 3.479405 -0.000313 
22 -97.566169 0.000000 224.706101 99.941018 0.000728 3.490052 -0.000039 
23 -38.282352 0.000000 -52.972963 99.933667 0.004126 3.443578 0.000140 
24 -97.566169 0.000000 -52.972963 99.931513 -0.001064 3.488738 0.000152 
25 -38.282352 0.000000 -108.508776 99.933332 -0.002223 3.483643 0.000119 
26 21.001465 0.000000 -52.972963 100.095290 -0.079867 3.440411 -0.003091 
27 -38.282352 0.000000 2.562850 99.843424 0.097020 3.447217 0.001940 
28 139.569099 0.000000 113.634476 99.941730 0.005959 3.465179 -0.000036 
29 258.136734 0.000000 113.634476 99.940012 0.007252 3.465543 -0.000002 
30 139.569099 0.000000 224.706101 99.941114 0.002489 3.484284 -0.000037 
31 80.285282 0.000000 -52.972963 99.950887 -0.042726 3.459738 -0.000215 
32 80.285282 0.000000 -108.508776 99.933377 -0.005584 3.474426 0.000125 
33 139.569099 0.000000 -52.972963 99.934225 -0.012606 3.413809 0.000150 
34 80.285282 0.000000 2.562850 99.853228 -0.098589 3.346718 0.001812 
35 -38.282352 0.000000 58.098663 99.924566 0.017899 3.495921 0.000286 
36 -97.566169 0.000000 58.098663 99.937431 -0.000172 3.495539 0.000029 
37 21.001465 0.000000 58.098663 99.899198 0.067829 3.441686 0.000830 
38 -38.282352 0.000000 113.634476 99.947232 0.000735 3.492628 -0.000165 
39 -8.640443 0.000000 -25.205056 99.732210 -0.080696 3.256479 0.004288 
40 -38.282352 0.000000 -25.205056 99.896328 0.013839 3.404295 0.000913 
41 -8.640443 0.000000 -52.972963 99.995656 -0.024579 3.397244 -0.001067 
42 21.001465 0.000000 -25.205056 100.198766 -0.340884 3.344517 -0.005109 
43 -8.640443 0.000000 2.562850 98.532836 0.138692 3.511177 0.027893 
44 80.285282 0.000000 58.098663 99.925128 0.024043 3.402558 0.000339 
45 139.569099 0.000000 58.098663 99.939959 0.014133 3.402769 0.000043 
46 80.285282 0.000000 113.634476 99.947609 0.004250 3.465986 -0.000154 
47 50.643374 0.000000 -25.205056 99.868714 -0.092873 3.467220 0.001421 
48 50.643374 0.000000 -52.972963 100.032964 -0.098780 3.502558 -0.001887 
49 80.285282 0.000000 -25.205056 99.972861 -0.147889 3.416303 -0.000627 
50 50.643374 0.000000 2.562850 98.838995 -0.472467 2.725090 0.022320 
51 -8.640443 0.000000 30.330756 99.996374 0.386654 3.679510 -0.001296 
52 -38.282352 0.000000 30.330756 99.880254 0.035431 3.485132 0.001179 
53 21.001465 0.000000 30.330756 100.335239 0.377418 3.274318 -0.007802 
54 -8.640443 0.000000 58.098663 99.915184 0.040365 3.486706 0.000480 
55 6.180511 0.000000 -11.321103 99.963438 -0.101627 1.928300 0.000358 
56 -8.640443 0.000000 -11.321103 99.279038 0.019303 3.023542 0.013453 
57 6.180511 0.000000 -25.205056 99.792897 -0.310652 3.066652 0.003188 
58 21.001465 0.000000 -11.321103 101.519053 0.420430 3.338903 -0.031744 
59 6.180511 0.000000 2.562850 90.725369 -0.463101 23.968388 0.119421 
60 -156.849986 0.000000 -52.972963 99.936252 -0.000421 3.490472 0.000056 
61 -216.133803 0.000000 -52.972963 99.937789 -0.000209 3.490501 0.000025 
62 -156.849986 0.000000 -108.508776 99.936762 -0.000535 3.489739 0.000047 
63 -156.849986 0.000000 2.562850 99.936693 -0.000213 3.491629 0.000047 
64 -67.924261 0.000000 -25.205056 99.910052 0.031735 3.501443 0.000572 
65 -97.566169 0.000000 -25.205056 99.930103 -0.001035 3.490899 0.000179 
66 -67.924261 0.000000 -52.972963 99.934900 0.039021 3.468124 0.000099 
67 -67.924261 0.000000 2.562850 99.912270 0.014139 3.476594 0.000545 
68 -23.461398 0.000000 -11.321103 99.714899 0.194840 3.393446 0.004539 
69 -38.282352 0.000000 -11.321103 99.860056 0.068061 3.416351 0.001629 
70 -23.461398 0.000000 -25.205056 99.829089 -0.000037 3.383404 0.002271 
71 -23.461398 0.000000 2.562850 99.665711 0.293098 3.528586 0.005421 
72 50.643374 0.000000 30.330756 99.905269 0.026207 3.114760 0.000923 
73 80.285282 0.000000 30.330756 99.864847 0.095644 3.299921 0.001611 
74 50.643374 0.000000 58.098663 99.875928 0.033942 3.421476 0.001309 
75 6.180511 0.000000 16.446803 100.375783 0.262716 4.388613 -0.009463 
76 -8.640443 0.000000 16.446803 99.998316 -0.120982 4.128679 -0.001672 
77 21.001465 0.000000 16.446803 101.156760 -0.072872 2.972671 -0.024153 
78 6.180511 0.000000 30.330756 100.291290 0.508228 3.640902 -0.007186 
79 -1.229966 0.000000 -4.379127 95.292185 0.224054 -1.111081 0.091811 
80 -8.640443 0.000000 -4.379127 98.659932 0.022169 3.004228 0.025719 
81 -1.229966 0.000000 -11.321103 99.323739 -0.039055 1.892625 0.013121 
82 6.180511 0.000000 -4.379127 102.631417 -0.410362 -9.524893 -0.062410 
83 -1.229966 0.000000 2.562850 95.583429 0.323792 6.750627 0.081813 
84 35.822419 0.000000 -11.321103 99.515988 -0.006152 4.889503 0.007266 
85 35.822419 0.000000 -25.205056 100.140845 -0.316905 3.655543 -0.004165 
86 50.643374 0.000000 -11.321103 99.563749 -0.265577 3.569585 0.007425 
87 35.822419 0.000000 2.562850 91.221996 0.062721 -13.313960 0.150128 
88 13.590988 0.000000 -4.379127 94.656760 -0.356797 -1.972086 0.103608 
89 13.590988 0.000000 -11.321103 100.217993 0.345013 1.894571 -0.004735 
90 21.001465 0.000000 -4.379127 116.239780 0.008766 11.783454 -0.365054 
91 13.590988 0.000000 2.562850 106.384082 -0.549172 2.128897 -0.132241 
92 -156.849986 0.000000 58.098663 99.938258 0.000055 3.492146 0.000015 
93 -216.133803 0.000000 58.098663 99.938678 0.000077 3.491073 0.000007 
94 -156.849986 0.000000 113.634476 99.939632 0.000292 3.491649 -0.000012 
95 -67.924261 0.000000 30.330756 99.928888 0.025302 3.519440 0.000183 
96 -97.566169 0.000000 30.330756 99.933796 -0.000500 3.495727 0.000102 
97 -67.924261 0.000000 58.098663 99.937638 -0.000534 3.500650 0.000021 
98 -23.461398 0.000000 16.446803 99.812656 0.326208 3.622961 0.002420 
99 -38.282352 0.000000 16.446803 99.858732 0.104176 3.475753 0.001614 
100 -23.461398 0.000000 30.330756 99.890463 0.172834 3.552118 0.000925 
101 -1.229966 0.000000 9.504827 98.845697 0.338419 5.038459 0.020403 
102 -8.640443 0.000000 9.504827 99.375597 -0.000830 4.029521 0.010825 
103 6.180511 0.000000 9.504827 99.837760 0.229656 6.487807 -0.000972 
104 -1.229966 0.000000 16.446803 99.791228 0.090638 4.048965 0.002531 
105 2.475272 0.000000 -0.908138 90.899817 -0.088550 27.599991 0.097546 
106 -1.229966 0.000000 -0.908138 86.800235 0.258095 7.019491 0.241638 
107 2.475272 0.000000 -4.379127 98.497977 0.039964 -2.007670 0.029412 
108 6.180511 0.000000 -0.908138 -10.807965 -0.084856 -0.435530 0.988299 
109 2.475272 0.000000 2.562850 94.059577 0.089671 11.613548 0.101791 
110 -16.050921 0.000000 -4.379127 99.304004 0.130124 3.834439 0.012400 
111 -23.461398 0.000000 -4.379127 99.661359 0.236232 3.455169 0.005562 
112 -16.050921 0.000000 -11.321103 99.445642 0.158422 3.453639 0.009861 
113 -16.050921 0.000000 2.562850 99.458528 0.119255 4.039613 0.009167 
114 -4.935205 0.000000 -0.908138 96.880475 -0.017821 3.227326 0.060376 
115 -8.640443 0.000000 -0.908138 98.488677 0.045692 3.360921 0.028868 
116 -4.935205 0.000000 -4.379127 97.563095 -0.083923 2.336440 0.047598 
117 -4.935205 0.000000 2.562850 97.527261 0.106830 4.104606 0.047157 
118 -38.282352 0.000000 -164.044589 99.936120 -0.001525 3.486944 0.000061 
119 -97.566169 0.000000 -164.044589 99.936629 -0.000936 3.488566 0.000050 
120 -38.282352 0.000000 -219.580401 99.937225 -0.001216 3.488149 0.000038 
121 21.001465 0.000000 -164.044589 99.936038 -0.002312 3.485160 0.000064 
122 -8.640443 0.000000 -80.740869 99.960659 -0.010507 3.458764 -0.000410 
123 -38.282352 0.000000 -80.740869 99.917985 0.018048 3.484436 0.000425 
124 -8.640443 0.000000 -108.508776 99.933738 -0.003076 3.480982 0.000113 
125 21.001465 0.000000 -80.740869 99.974330 -0.023702 3.469277 -0.000690 
126 6.180511 0.000000 -39.089010 100.063725 -0.391959 3.285382 -0.002370 
127 -8.640443 0.000000 -39.089010 99.994479 -0.100455 3.299048 -0.000979 
128 6.180511 0.000000 -52.972963 100.058094 -0.029343 3.398676 -0.002317 
129 21.001465 0.000000 -39.089010 100.090485 -0.497889 3.378149 -0.002976 
130 -1.229966 0.000000 -18.263080 99.225163 0.014614 2.910465 0.014590 
131 -8.640443 0.000000 -18.263080 99.256323 0.027503 3.397941 0.013664 
132 -1.229966 0.000000 -25.205056 99.709100 -0.335363 3.173871 0.004791 
133 6.180511 0.000000 -18.263080 99.482908 0.128544 2.564987 0.009656 
134 2.475272 0.000000 -7.850115 98.686499 0.181992 0.471191 0.026072 
135 -1.229966 0.000000 -7.850115 98.443428 0.067369 1.155586 0.030755 
136 2.475272 0.000000 -11.321103 99.383586 0.144266 1.801029 0.011964 
137 6.180511 0.000000 -7.850115 100.336086 -0.097852 0.061305 -0.006734 
138 0.622653 0.000000 -2.643632 100.628372 0.095879 -27.267600 -0.086960 
139 -1.229966 0.000000 -2.643632 87.449854 0.287904 -2.325852 0.234703 
140 0.622653 0.000000 -4.379127 97.766957 0.211472 -3.854824 0.042672 
141 2.475272 0.000000 -2.643632 102.167086 -0.007047 4.355348 -0.045708 
142 0.622653 0.000000 -0.908138 84.145392 -0.014549 36.625504 0.157813 
143 -4.935205 0.000000 -7.850115 98.529338 0.029038 2.317598 0.028660 
144 -8.640443 0.000000 -7.850115 99.066170 0.018558 2.713092 0.017853 
145 -4.935205 0.000000 -11.321103 99.356276 -0.000798 2.359357 0.012276 
146 -3.082586 0.000000 -2.643632 94.874663 0.047315 2.025259 0.099469 
147 -4.935205 0.000000 -2.643632 97.039404 -0.017914 2.722192 0.057594 
148 -3.082586 0.000000 -4.379127 96.511804 0.029243 1.194326 0.068404 
149 -3.082586 0.000000 -0.908138 94.456489 0.205433 3.807897 0.106343 
150 35.822419 0.000000 16.446803 99.909718 -0.100729 2.144875 0.001344 
151 50.643374 0.000000 16.446803 99.547836 0.173191 2.718027 0.008281 
152 35.822419 0.000000 30.330756 100.050676 0.136208 3.094196 -0.001973 
153 13.590988 0.000000 9.504827 101.376092 0.573474 5.007004 -0.030251 
154 21.001465 0.000000 9.504827 102.168801 -0.036226 2.491690 -0.044467 
155 13.590988 0.000000 16.446803 101.463339 0.033923 3.753081 -0.030890 
156 2.475272 0.000000 6.033838 97.860902 0.093232 7.479526 0.036729 
157 -1.229966 0.000000 6.033838 97.892715 0.409902 5.722108 0.038411 
158 6.180511 0.000000 6.033838 99.044908 -0.095088 10.282907 0.008436 
159 2.475272 0.000000 9.504827 98.828976 0.360214 5.628476 0.020102 
160 0.622653 0.000000 0.827356 91.346861 0.113796 12.541810 0.149844 
161 -1.229966 0.000000 0.827356 92.910221 0.272057 7.433646 0.131236 
162 2.475272 0.000000 0.827356 89.931905 -0.151572 26.933785 0.118680 
163 0.622653 0.000000 2.562850 94.832151 0.130066 8.851727 0.092849 
164 -0.303657 0.000000 -1.775885 16.557748 0.171148 19.101284 0.936095 
165 -1.229966 0.000000 -1.775885 83.379428 0.310419 2.714809 0.304040 
166 -0.303657 0.000000 -2.643632 78.834116 0.173366 -42.667613 0.196463 
167 0.622653 0.000000 -1.775885 83.592825 0.029689 2.875713 0.300397 
168 -0.303657 0.000000 -0.908138 82.186439 -0.009521 39.783635 0.166265 
169 0.622653 0.000000 -6.114621 98.013708 0.231760 -0.452742 0.039305 
170 -1.229966 0.000000 -6.114621 97.511552 0.148894 0.444579 0.049128 
171 0.622653 0.000000 -7.850115 98.544973 0.181955 0.803954 0.028821 
172 2.475272 0.000000 -6.114621 98.597302 0.042340 -0.831180 0.027788 
173 -0.303657 0.000000 -3.511380 92.899185 0.272176 -7.115761 0.131903 
174 -1.229966 0.000000 -3.511380 92.614422 0.227001 -2.267637 0.141738 
175 -0.303657 0.000000 -4.379127 95.851205 0.248104 -3.110665 0.080281 
176 0.622653 0.000000 -3.511380 103.187176 0.130650 -29.929133 -0.154336 
177 9.885749 0.000000 -0.908138 -12.540909 -0.097231 0.044721 0.984271 
178 9.885749 0.000000 -4.379127 100.050127 -0.487868 4.987871 -0.003514 
179 13.590988 0.000000 -0.908138 -10.712265 -0.079050 3.105329 0.987560 
180 9.885749 0.000000 2.562850 111.282675 -0.434256 24.732278 -0.299571 
181 4.327892 0.000000 -2.643632 95.483670 -0.070156 -7.042177 0.083327 
182 4.327892 0.000000 -4.379127 96.640641 -0.112448 -5.231619 0.063320 
183 6.180511 0.000000 -2.643632 96.217487 -0.282510 -29.456843 -0.012559 
184 4.327892 0.000000 -0.908138 88.248056 -0.352004 27.432204 0.145963 
185 1.548963 0.000000 -1.775885 98.220535 0.006316 13.857531 0.016070 
186 1.548963 0.000000 -2.643632 105.172904 0.035417 -1.517110 -0.106364 
187 2.475272 0.000000 -1.775885 100.975182 -0.021517 6.367896 -0.023654 
188 1.548963 0.000000 -0.908138 89.770589 -0.031628 29.559338 0.106749 
189 0.159498 0.000000 -2.209759 88.087997 0.100826 -33.685849 0.110576 
190 -0.303657 0.000000 -2.209759 37.072726 0.232643 -31.528239 0.763153 
191 0.159498 0.000000 -2.643632 98.142494 0.100841 -33.861913 -0.077859 
192 0.622653 0.000000 -2.209759 94.655885 0.078573 -26.673329 0.032879 
193 0.159498 0.000000 -1.775885 83.413006 0.029592 2.486441 0.303609 
194 -16.050921 0.000000 9.504827 99.724453 0.055274 4.067815 0.003848 
195 -23.461398 0.000000 9.504827 99.740437 0.325574 3.616469 0.003866 
196 -16.050921 0.000000 16.446803 99.763481 0.383504 3.763603 0.003294 
197 -4.935205 0.000000 6.033838 98.303549 0.106594 4.186733 0.031887 
198 -8.640443 0.000000 6.033838 99.035770 0.138388 3.991900 0.017596 
199 -4.935205 0.000000 9.504827 99.126682 0.195627 4.294568 0.015542 
200 -3.082586 0.000000 0.827356 95.469533 0.310373 4.781021 0.086261 
201 -4.935205 0.000000 0.827356 97.116725 -0.005853 3.771361 0.055412 
202 -3.082586 0.000000 2.562850 96.621502 0.277965 5.091442 0.063829 
203 -2.156276 0.000000 -1.775885 91.391316 0.300794 2.726844 0.164010 
204 -3.082586 0.000000 -1.775885 94.416355 0.119386 2.849739 0.107742 
205 -2.156276 0.000000 -2.643632 92.444624 0.299759 1.047275 0.145280 
206 -2.156276 0.000000 -0.908138 91.847437 0.306266 4.442413 0.154422 
207 -0.766811 0.000000 -2.209759 73.716076 0.322190 -5.350897 0.453720 
208 -1.229966 0.000000 -2.209759 84.504841 0.302046 -0.478653 0.285861 
209 -0.766811 0.000000 -2.643632 83.136215 0.296093 -7.904211 0.302581 
210 -0.766811 0.000000 -1.775885 70.619521 0.336899 3.892586 0.499762 
211 1.548963 0.000000 -3.511380 105.952143 0.036958 -1.385094 -0.122778 
212 1.548963 0.000000 -4.379127 98.940758 0.064311 -2.990540 0.020178 
213 2.475272 0.000000 -3.511380 100.891253 -0.021494 6.435399 -0.022046 
214 0.159498 0.000000 -3.077506 100.987495 0.114483 -33.369808 -0.131203 
215 -0.303657 0.000000 -3.077506 103.178100 0.130647 -29.962701 -0.154350 
216 0.159498 0.000000 -3.511380 103.698806 0.131082 -28.087727 -0.154238 
217 0.622653 0.000000 -3.077506 102.185806 0.096825 -24.881825 -0.106105 
218 -0.072079 0.000000 -2.426696 66.707540 0.194927 -46.731139 0.336627 
219 -0.303657 0.000000 -2.426696 56.416034 0.217895 -41.584337 0.508793 
220 -0.072079 0.000000 -2.643632 80.829091 0.159473 -41.881708 0.171256 
221 0.159498 0.000000 -2.426696 83.854963 0.134651 -38.815686 0.146167 
222 -0.072079 0.000000 -2.209759 53.491587 0.204961 -37.716700 0.571606 
223 4.327892 0.000000 0.827356 86.452792 -0.403035 30.036621 0.162355 
224 6.180511 0.000000 0.827356 80.660726 -0.247883 41.433586 0.177704 
225 4.327892 0.000000 2.562850 92.617845 0.018884 15.880261 0.116975 
226 3.401582 0.000000 -0.040391 89.338962 -0.248948 27.021938 0.128830 
227 2.475272 0.000000 -0.040391 90.990357 -0.118173 26.685142 0.100864 
228 3.401582 0.000000 -0.908138 90.118952 -0.199218 26.967473 0.115129 
229 4.327892 0.000000 -0.040391 87.580865 -0.371315 28.401513 0.152281 
230 3.401582 0.000000 0.827356 88.426862 -0.323944 27.380584 0.143089 
231 13.590988 0.000000 -18.263080 99.897330 0.034124 2.668668 0.001340 
232 13.590988 0.000000 -25.205056 100.116894 -0.376262 3.151542 -0.003347 
233 21.001465 0.000000 -18.263080 100.303779 -0.228868 3.376905 -0.007230 
234 9.885749 0.000000 -7.850115 100.238523 -0.503304 1.627963 -0.005067 
235 9.885749 0.000000 -11.321103 100.247528 -0.131641 1.946308 -0.005337 
236 13.590988 0.000000 -7.850115 99.332460 -0.560615 1.072736 0.013160 
237 4.327892 0.000000 -6.114621 99.215847 -0.072416 -1.814187 0.015292 
238 4.327892 0.000000 -7.850115 99.267782 -0.055539 0.077805 0.014590 
239 6.180511 0.000000 -6.114621 100.824573 -0.236922 -1.926451 -0.016936 
240 8.033130 0.000000 -2.643632 108.726137 -0.434874 8.788858 -0.189881 
241 8.033130 0.000000 -4.379127 106.313232 -0.597668 1.591721 -0.130539 
242 9.885749 0.000000 -2.643632 100.883464 -0.589305 12.838781 -0.034265 
243 8.033130 0.000000 -0.908138 -11.869768 -0.120803 -0.582955 0.985875 
244 5.254201 0.000000 -3.511380 93.561318 -0.247980 -24.448680 0.064848 
245 4.327892 0.000000 -3.511380 96.253173 -0.001550 0.105512 0.073532 
246 5.254201 0.000000 -4.379127 98.250103 -0.177328 -8.476061 0.027504 
247 6.180511 0.000000 -3.511380 97.702482 -0.302538 -32.520332 -0.060344 
248 5.254201 0.000000 -2.643632 93.908119 -0.230871 -22.351888 0.068160 
249 9.885749 0.000000 6.033838 102.799135 0.291365 8.834016 -0.064579 
250 13.590988 0.000000 6.033838 102.169093 -0.736197 4.849545 -0.046258 
251 9.885749 0.000000 9.504827 100.906740 0.139032 6.165047 -0.022020 
252 8.033130 0.000000 0.827356 82.058523 -0.122436 50.871371 0.067849 
253 9.885749 0.000000 0.827356 -11.888338 0.087488 0.240334 0.985860 
254 8.033130 0.000000 2.562850 92.195639 -0.243893 48.859124 -0.088731 
255 5.254201 0.000000 -0.040391 85.139212 -0.448563 31.653217 0.174919 
256 5.254201 0.000000 -0.908138 -9.129169 -0.094063 -0.019890 0.991665 
257 6.180511 0.000000 -0.040391 80.676780 -0.328974 40.740064 0.183140 
258 5.254201 0.000000 0.827356 82.916867 -0.404468 35.993514 0.182910 
259 8.033130 0.000000 -6.114621 101.556988 -0.394210 0.468073 -0.031420 
260 8.033130 0.000000 -7.850115 100.697123 -0.269109 1.251530 -0.014155 
261 9.885749 0.000000 -6.114621 100.207890 -0.591922 2.019884 -0.004605 
262 7.106821 0.000000 -3.511380 108.202039 -0.441880 -13.736407 -0.189657 
263 7.106821 0.000000 -4.379127 106.475279 -0.450246 -4.718922 -0.135946 
264 8.033130 0.000000 -3.511380 109.430213 -0.446424 4.261498 -0.199333 
265 7.106821 0.000000 -2.643632 108.237321 -0.448534 -13.348802 -0.189371 
266 8.033130 0.000000 4.298344 100.942953 0.086027 17.557301 -0.049775 
267 6.180511 0.000000 4.298344 97.345706 -0.265380 14.687770 0.030801 
268 9.885749 0.000000 4.298344 107.937809 0.330350 12.992901 -0.181950 
269 8.033130 0.000000 6.033838 100.976634 -0.037390 10.642368 -0.030954 
270 7.106821 0.000000 1.695103 82.728959 -0.113189 48.776892 0.077672 
271 6.180511 0.000000 1.695103 79.931327 -0.168716 45.666015 0.152557 
272 7.106821 0.000000 0.827356 81.258489 -0.141889 46.826285 0.120434 
273 8.033130 0.000000 1.695103 87.797819 -0.190713 49.452310 -0.015402 
274 7.106821 0.000000 2.562850 84.959335 -0.151937 49.444516 0.033713 
275 28.411942 0.000000 -4.379127 97.584458 -0.437907 10.790743 0.036064 
276 28.411942 0.000000 -11.321103 100.819190 0.170807 4.837864 -0.018794 
277 35.822419 0.000000 -4.379127 97.400774 -0.065217 9.200852 0.042843 
278 28.411942 0.000000 2.562850 100.413725 -0.106074 12.886353 -0.024899 
279 17.296227 0.000000 -0.908138 -8.112847 0.328173 1.158298 0.993273 
280 17.296227 0.000000 -4.379127 101.420119 0.154991 -9.110755 -0.036907 
281 21.001465 0.000000 -0.908138 -10.068433 -0.260792 -0.502349 0.989831 
282 17.296227 0.000000 2.562850 105.755246 0.163563 0.739014 -0.118474 
283 11.738369 0.000000 -2.643632 97.126218 -0.565003 2.350117 0.056066 
284 11.738369 0.000000 -4.379127 97.017969 -0.353393 2.048206 0.058319 
285 13.590988 0.000000 -2.643632 92.849464 -0.490329 -1.352808 0.137691 
286 11.738369 0.000000 -0.908138 -12.598080 -0.193505 1.213205 0.983978 
287 8.959440 0.000000 -3.511380 105.545798 -0.479254 12.133737 -0.128737 
288 8.959440 0.000000 -4.379127 103.213243 -0.548115 4.644528 -0.067485 
289 9.885749 0.000000 -3.511380 100.992419 -0.586746 12.959087 -0.036775 
290 8.959440 0.000000 -2.643632 104.228543 -0.485235 13.310039 -0.104098 
291 28.411942 0.000000 9.504827 100.943798 0.050471 0.628313 -0.019005 
292 35.822419 0.000000 9.504827 99.960803 -0.103085 0.723755 0.000730 
293 28.411942 0.000000 16.446803 100.753329 0.101674 2.079942 -0.015557 
294 17.296227 0.000000 6.033838 101.582555 -0.298187 3.945727 -0.033467 
295 21.001465 0.000000 6.033838 102.221080 0.327493 2.584014 -0.045593 
296 17.296227 0.000000 9.504827 101.110479 -0.736301 3.501461 -0.023613 
297 11.738369 0.000000 4.298344 105.561471 -0.351957 4.828405 -0.116666 
298 11.738369 0.000000 2.562850 109.215006 -0.738417 -2.376812 -0.193411 
299 13.590988 0.000000 4.298344 102.408293 -0.833721 4.096613 -0.050494 
300 11.738369 0.000000 6.033838 102.977546 -0.222719 6.258073 -0.064359 
301 17.296227 0.000000 -7.850115 101.445107 -0.538934 -0.104890 -0.029141 
302 17.296227 0.000000 -11.321103 100.833056 0.233197 2.388376 -0.017306 
303 21.001465 0.000000 -7.850115 103.453742 -0.038952 3.021113 -0.071181 
304 11.738369 0.000000 -6.114621 98.736065 -0.433521 1.466959 0.024885 
305 11.738369 0.000000 -7.850115 99.506559 -0.438453 1.439351 0.009618 
306 13.590988 0.000000 -6.114621 98.500310 -0.240118 -0.446520 0.029743 
307 15.443607 0.000000 -2.643632 102.591071 0.153252 -10.710936 -0.063968 
308 15.443607 0.000000 -4.379127 99.408195 -0.276417 -7.585546 0.006039 
309 17.296227 0.000000 -2.643632 101.733359 0.303255 -13.478814 -0.053145 
310 15.443607 0.000000 -0.908138 -8.067091 0.009756 1.923972 0.993122 
311 12.664678 0.000000 -3.511380 96.303089 -0.515382 -0.040618 0.072545 
312 11.738369 0.000000 -3.511380 97.200153 -0.548602 2.344157 0.054633 
313 12.664678 0.000000 -4.379127 96.038302 -0.213187 0.411508 0.077643 
314 13.590988 0.000000 -3.511380 91.501095 -0.476884 -1.772546 0.162418 
315 12.664678 0.000000 -2.643632 96.433713 -0.499570 -0.051164 0.070029 
316 11.738369 0.000000 0.827356 -11.414444 -0.332211 0.829682 0.986891 
317 13.590988 0.000000 0.827356 -9.839653 -0.020708 1.265753 0.990158 
318 15.443607 0.000000 4.298344 102.611483 -0.266246 4.471399 -0.054918 
319 15.443607 0.000000 2.562850 105.789726 -0.069445 2.587098 -0.119816 
320 17.296227 0.000000 4.298344 103.016281 0.333243 2.679786 -0.061965 
321 15.443607 0.000000 6.033838 101.760104 -0.645180 4.479398 -0.037560 
322 12.664678 0.000000 3.430597 106.975592 -0.859337 0.686061 -0.144499 
323 11.738369 0.000000 3.430597 109.358185 -0.721870 -2.400530 -0.196550 
324 12.664678 0.000000 2.562850 107.049505 -0.859621 0.942372 -0.146122 
325 13.590988 0.000000 3.430597 106.235947 -0.480897 2.157688 -0.129096 
326 12.664678 0.000000 4.298344 103.366724 -0.646449 4.051906 -0.070152 
327 15.443607 0.000000 0.827356 -8.853779 0.003732 1.340263 0.991981 
328 17.296227 0.000000 0.827356 -8.856267 0.400236 0.909322 0.992058 
329 24.706704 0.000000 6.033838 102.925229 -0.023653 0.134096 -0.059362 
330 24.706704 0.000000 2.562850 107.779827 0.017151 -3.332288 -0.162760 
331 28.411942 0.000000 6.033838 101.756625 -0.334925 -0.702383 -0.035502 
332 24.706704 0.000000 9.504827 101.759602 -0.115769 1.284765 -0.035668 
333 19.148846 0.000000 4.298344 105.888878 0.058119 0.080298 -0.121246 
334 19.148846 0.000000 2.562850 105.991002 0.084276 0.446410 -0.123430 
335 21.001465 0.000000 4.298344 103.402402 0.096840 2.109132 -0.069651 
336 19.148846 0.000000 6.033838 101.958914 -0.318590 3.159349 -0.040570 
337 16.369917 0.000000 3.430597 105.751709 0.033924 1.521236 -0.118574 
338 15.443607 0.000000 3.430597 105.764134 -0.055924 2.303757 -0.119136 
339 16.369917 0.000000 2.562850 105.765514 0.032539 1.702201 -0.118924 
340 17.296227 0.000000 3.430597 105.750015 0.161081 0.725281 -0.118362 
341 16.369917 0.000000 4.298344 102.747721 0.349047 3.454691 -0.056915 
342 24.706704 0.000000 -0.908138 -14.113640 0.271834 -3.476652 0.978864 
343 24.706704 0.000000 -4.379127 107.787790 -0.139003 14.957394 -0.184195 
344 28.411942 0.000000 -0.908138 97.006700 -0.391950 18.161620 0.025970 
345 19.148846 0.000000 0.827356 -9.332220 0.065640 0.381238 0.991276 
346 19.148846 0.000000 -0.908138 -8.870887 0.079374 0.400869 0.992114 
347 21.001465 0.000000 0.827356 -10.361477 -0.172631 -0.066591 0.989261 
348 22.854084 0.000000 4.298344 107.346000 -0.120133 0.048437 -0.152318 
349 22.854084 0.000000 2.562850 107.538571 -0.079770 0.112641 -0.156456 
350 24.706704 0.000000 4.298344 105.035625 0.253152 -1.411126 -0.103454 
351 22.854084 0.000000 6.033838 102.874071 -0.330842 1.356174 -0.058502 
352 20.075156 0.000000 3.430597 106.176465 0.117344 0.205389 -0.127350 
353 19.148846 0.000000 3.430597 106.012036 0.081623 0.249499 -0.123862 
354 20.075156 0.000000 2.562850 106.279811 0.118560 0.502615 -0.129566 
355 21.001465 0.000000 3.430597 106.519410 0.041760 0.186980 -0.134642 
356 20.075156 0.000000 4.298344 106.177421 0.120781 0.072385 -0.127366 
357 80.285282 0.000000 -164.044589 99.936141 -0.003054 3.483333 0.000063 
358 80.285282 0.000000 -219.580401 99.937248 -0.002110 3.486347 0.000039 
359 139.569099 0.000000 -164.044589 99.936783 -0.003561 3.481797 0.000052 
360 50.643374 0.000000 -80.740869 99.950867 -0.043832 3.475400 -0.000226 
361 50.643374 0.000000 -108.508776 99.933415 -0.004855 3.477031 0.000122 
362 80.285282 0.000000 -80.740869 99.938752 -0.025514 3.469280 0.000021 
363 35.822419 0.000000 -39.089010 99.970044 -0.027063 3.498693 -0.000625 
364 35.822419 0.000000 -52.972963 100.118249 -0.042108 3.485918 -0.003582 
365 50.643374 0.000000 -39.089010 100.111945 -0.483208 3.553481 -0.003526 
366 28.411942 0.000000 -18.263080 100.304875 -0.142735 3.846458 -0.007588 
367 28.411942 0.000000 -25.205056 100.277178 -0.239272 3.493788 -0.006778 
368 35.822419 0.000000 -18.263080 100.111203 -0.356552 3.997573 -0.003836 
369 24.706704 0.000000 -7.850115 101.844885 -0.318099 6.530225 -0.041513 
370 24.706704 0.000000 -11.321103 101.133344 0.401473 4.384785 -0.024734 
371 28.411942 0.000000 -7.850115 100.124312 0.357094 6.772349 -0.007087 
372 198.852917 0.000000 -52.972963 99.938712 -0.012111 3.417285 0.000058 
373 198.852917 0.000000 -108.508776 99.937381 -0.006071 3.469773 0.000048 
374 258.136734 0.000000 -52.972963 99.940103 -0.011748 3.421701 0.000027 
375 198.852917 0.000000 2.562850 99.946639 -0.071074 3.206031 0.000039 
376 109.927191 0.000000 -25.205056 99.931272 -0.041255 3.268001 0.000306 
377 109.927191 0.000000 -52.972963 99.933305 -0.027217 3.425365 0.000160 
378 139.569099 0.000000 -25.205056 99.938377 -0.024219 3.257584 0.000171 
379 109.927191 0.000000 2.562850 99.911800 -0.081475 3.574129 0.000485 
380 65.464328 0.000000 -11.321103 99.821263 -0.053556 3.223170 0.002532 
381 65.464328 0.000000 -25.205056 99.904639 -0.016364 3.408233 0.000745 
382 80.285282 0.000000 -11.321103 99.921762 -0.123863 3.190471 0.000545 
383 65.464328 0.000000 2.562850 99.707721 -0.164109 3.236577 0.004787 
384 43.232897 0.000000 -4.379127 97.630852 -0.236871 4.802386 0.044510 
385 43.232897 0.000000 -11.321103 99.193740 -0.179394 3.986582 0.014468 
386 50.643374 0.000000 -4.379127 98.968615 -0.193461 3.312755 0.019420 
387 43.232897 0.000000 2.562850 92.685886 -1.916564 -1.041643 0.140457 
388 32.117181 0.000000 -0.908138 103.216658 -0.019797 18.449887 -0.099408 
389 32.117181 0.000000 -4.379127 99.186410 -0.189388 10.257802 0.005680 
390 35.822419 0.000000 -0.908138 101.261460 0.028548 25.701080 -0.091443 
391 32.117181 0.000000 2.562850 105.766108 -0.154383 2.280212 -0.119169 
392 26.559323 0.000000 -2.643632 90.992546 0.083233 21.075852 0.127616 
393 24.706704 0.000000 -2.643632 114.598441 0.016286 22.187433 -0.362509 
394 26.559323 0.000000 -4.379127 97.795739 -0.567431 16.325806 0.016914 
395 28.411942 0.000000 -2.643632 96.995192 -0.403785 18.381296 0.025390 
396 26.559323 0.000000 -0.908138 -18.090169 0.126158 -5.593411 0.964144 
397 198.852917 0.000000 58.098663 99.941197 0.015706 3.400479 0.000019 
398 258.136734 0.000000 58.098663 99.941889 0.016750 3.395084 0.000009 
399 198.852917 0.000000 113.634476 99.940312 0.006770 3.465694 -0.000008 
400 109.927191 0.000000 30.330756 99.930969 0.036678 3.231961 0.000335 
401 139.569099 0.000000 30.330756 99.942717 0.033749 3.222604 0.000107 
402 109.927191 0.000000 58.098663 99.937659 0.023704 3.401921 0.000089 
403 65.464328 0.000000 16.446803 99.768650 0.089955 2.980483 0.003733 
404 80.285282 0.000000 16.446803 99.831794 0.164343 3.060003 0.002422 
405 65.464328 0.000000 30.330756 99.846104 -0.013754 3.261561 0.002012 
406 43.232897 0.000000 9.504827 99.062644 0.056468 1.152485 0.018526 
407 50.643374 0.000000 9.504827 99.293581 0.318504 2.179043 0.013594 
408 43.232897 0.000000 16.446803 99.471030 -0.000073 2.416532 0.009967 
409 32.117181 0.000000 6.033838 100.219955 0.027834 -1.417031 -0.004605 
410 35.822419 0.000000 6.033838 99.022142 0.000000 -0.767947 0.019403 
411 32.117181 0.000000 9.504827 100.279671 -0.192651 0.430555 -0.005623 
412 26.559323 0.000000 4.298344 105.634528 0.085632 -4.877028 -0.118245 
413 26.559323 0.000000 2.562850 106.418472 0.070887 -5.134367 -0.135126 
414 28.411942 0.000000 4.298344 102.060845 -0.142581 0.084198 -0.041644 
415 26.559323 0.000000 6.033838 102.247834 -0.220222 -0.641053 -0.045508 
416 26.559323 0.000000 0.827356 -18.629651 0.088824 -1.912464 0.964927 
417 24.706704 0.000000 0.827356 -14.407705 0.242435 -2.064716 0.978810 
418 28.411942 0.000000 0.827356 -24.901174 -0.180241 0.212550 0.937985 
419 25.633013 0.000000 3.430597 107.171418 0.072375 -4.686429 -0.150768 
420 24.706704 0.000000 3.430597 107.758953 0.012145 -3.071760 -0.162143 
421 25.633013 0.000000 2.562850 107.185981 0.071597 -4.694618 -0.151088 
422 26.559323 0.000000 3.430597 106.466221 0.071094 -5.105981 -0.136113 
423 25.633013 0.000000 4.298344 107.451732 0.094800 -4.254815 -0.156399 
424 30.264562 0.000000 4.298344 105.049599 -0.000000 -5.248983 -0.106297 
425 30.264562 0.000000 2.562850 220.020736 -0.114692 -43.637377 -4.031336 
426 32.117181 0.000000 4.298344 100.821531 -0.022771 -4.411547 -0.018444 
427 30.264562 0.000000 6.033838 101.295047 -0.124490 -1.320039 -0.026244 
428 30.264562 0.000000 0.827356 -27.768855 -0.051123 -0.744415 0.922833 
429 30.264562 0.000000 -0.908138 101.603925 -0.255893 11.916577 -0.046543 
430 32.117181 0.000000 0.827356 102.808508 -0.067816 13.511166 -0.075215 
431 29.338252 0.000000 3.430597 104.518851 -0.040226 2.252211 -0.092926 
432 28.411942 0.000000 3.430597 98.485591 -0.060045 15.556713 0.005857 
433 29.338252 0.000000 2.562850 98.694867 -0.112167 -4.816009 0.023612 
434 30.264562 0.000000 3.430597 108.920441 -0.023920 -1.526646 -0.186599 
435 29.338252 0.000000 4.298344 99.042378 -0.000000 -2.393990 0.018488 
436 27.485633 0.000000 3.430597 95.630664 -0.015473 4.070083 0.083821 
437 27.485633 0.000000 2.562850 98.890003 -0.058209 0.191931 0.022073 
438 27.485633 0.000000 4.298344 102.130834 -0.293029 -0.856488 -0.043153 
439 29.338252 0.000000 1.695103 99.554348 -0.243516 -1.839218 0.008549 
440 28.411942 0.000000 1.695103 102.531511 -0.266038 -4.522323 -0.053323 
441 29.338252 0.000000 0.827356 -27.787773 -0.057004 0.241171 0.922778 
442 30.264562 0.000000 1.695103 99.999417 -0.242366 -2.323149 -0.000534 
443 28.875097 0.000000 2.996724 110.714799 -0.076737 33.233804 -0.336226 
444 28.411942 0.000000 2.996724 92.981635 -0.045598 21.084880 0.090984 
445 28.875097 0.000000 2.562850 102.734488 -0.111938 29.570864 -0.142882 
446 29.338252 0.000000 2.996724 104.257393 -0.069782 -1.284400 -0.087126 
447 28.875097 0.000000 3.430597 104.677352 -0.057728 10.044546 -0.105824 
448 27.485633 0.000000 1.695103 105.879861 0.075484 -5.126971 -0.123684 
449 26.559323 0.000000 1.695103 105.879266 0.075508 -5.126365 -0.123670 
450 27.485633 0.000000 0.827356 -21.597454 -0.294800 -0.746396 0.953291 
451 27.948787 0.000000 2.996724 90.016193 -0.065524 -4.472291 0.187708 
452 27.485633 0.000000 2.996724 98.835235 -0.056416 0.124654 0.023158 
453 27.948787 0.000000 2.562850 98.710970 -0.095267 9.834712 0.015941 
454 27.948787 0.000000 3.430597 97.017408 -0.062969 13.475935 0.040602 
455 28.875097 0.000000 2.128976 103.965583 -0.133812 8.570168 -0.088231 
456 28.411942 0.000000 2.128976 99.811246 -0.134594 12.483817 -0.011815 
457 28.875097 0.000000 1.695103 101.207675 -0.265564 -4.096734 -0.025985 
458 29.338252 0.000000 2.128976 110.420269 -0.156926 2.144877 -0.219726 
459 28.643520 0.000000 2.779787 104.177885 -0.075469 41.572510 -0.258131 
460 28.411942 0.000000 2.779787 99.269917 -0.084555 18.518927 -0.019747 
461 28.643520 0.000000 2.562850 106.895525 -0.095489 27.194298 -0.216619 
462 28.875097 0.000000 2.779787 104.678182 -0.100014 43.585113 -0.285719 
463 28.643520 0.000000 2.996724 104.734607 -0.052767 34.697445 -0.217325 
464 27.022478 0.000000 2.996724 105.363306 0.035688 -5.084632 -0.112728 
465 26.559323 0.000000 2.996724 106.388658 0.077374 -4.954966 -0.134310 
466 27.022478 0.000000 2.562850 105.243979 0.015793 -5.161963 -0.110294 
467 27.022478 0.000000 3.430597 106.025636 0.069293 -5.378072 -0.127036 
468 27.948787 0.000000 2.128976 94.747468 -0.096519 4.616987 0.100159 
469 27.485633 0.000000 2.128976 101.549416 -0.067038 -3.034533 -0.032150 
470 27.948787 0.000000 1.695103 102.536936 -0.266040 -4.524067 -0.053436 
471 27.717210 0.000000 2.779787 97.846810 -0.065296 3.974003 0.041020 
472 27.485633 0.000000 2.779787 99.042873 -0.057848 -0.089320 0.019050 
473 27.717210 0.000000 2.562850 97.953607 -0.066129 4.216952 0.038730 
474 27.948787 0.000000 2.779787 92.523713 -0.080720 -2.474875 0.143323 
475 27.717210 0.000000 2.996724 97.448155 -0.063034 4.454071 0.048401 
476 28.180365 0.000000 2.779787 93.357045 -0.078105 10.980126 0.116389 
477 28.180365 0.000000 2.562850 97.410569 -0.110962 12.965824 0.034306 
478 28.180365 0.000000 2.996724 91.250414 -0.059908 13.465123 0.149205 
479 80.285282 0.000000 169.170289 99.943997 0.002711 3.480774 -0.000092 
480 21.001465 0.000000 169.170289 99.945522 0.001764 3.485146 -0.000125 
481 139.569099 0.000000 169.170289 99.941703 0.003544 3.479176 -0.000045 
482 80.285282 0.000000 224.706101 99.942042 0.002009 3.485352 -0.000056 
483 50.643374 0.000000 85.866569 99.946771 0.019890 3.451963 -0.000127 
484 21.001465 0.000000 85.866569 99.957269 0.022228 3.469389 -0.000349 
485 80.285282 0.000000 85.866569 99.946979 -0.000431 3.445691 -0.000127 
486 50.643374 0.000000 113.634476 99.952539 0.003069 3.470472 -0.000255 
487 35.822419 0.000000 44.214710 99.888936 0.357000 3.311187 0.001111 
488 21.001465 0.000000 44.214710 99.917510 0.399189 3.385748 0.000487 
489 50.643374 0.000000 44.214710 99.763013 0.227086 3.386603 0.003582 
490 35.822419 0.000000 58.098663 99.885228 0.054545 3.423414 0.001122 
491 28.411942 0.000000 23.388780 100.343906 0.081996 2.854392 -0.007705 
492 21.001465 0.000000 23.388780 100.443315 0.216854 3.182028 -0.009903 
493 35.822419 0.000000 23.388780 99.976469 0.125105 2.794377 -0.000312 
494 28.411942 0.000000 30.330756 100.168219 0.305725 3.152350 -0.004370 
495 24.706704 0.000000 12.975815 101.558494 0.147154 2.239075 -0.031916 
496 21.001465 0.000000 12.975815 101.564209 0.313497 2.655764 -0.032244 
497 28.411942 0.000000 12.975815 101.071017 -0.144238 1.642166 -0.021807 
498 24.706704 0.000000 16.446803 100.859603 -0.211523 2.547502 -0.017919 
499 26.559323 0.000000 7.769332 101.828460 -0.268154 0.100348 -0.036912 
500 24.706704 0.000000 7.769332 102.290928 0.006817 0.633016 -0.046383 
501 28.411942 0.000000 7.769332 101.491576 -0.188270 -0.219145 -0.030062 
502 26.559323 0.000000 9.504827 101.609106 -0.232227 0.747604 -0.032502 
503 27.485633 0.000000 5.166091 102.188828 -0.174736 -1.135775 -0.044388 
504 26.559323 0.000000 5.166091 102.745283 -0.201726 -1.319301 -0.055837 
505 28.411942 0.000000 5.166091 101.985128 -0.407484 -0.804443 -0.040178 
506 27.485633 0.000000 6.033838 102.006457 -0.353612 -0.773467 -0.040604 
507 27.948787 0.000000 3.864471 89.560583 -0.058344 18.367244 0.164154 
508 27.485633 0.000000 3.864471 95.187475 -0.033727 2.230472 0.093437 
509 28.411942 0.000000 3.864471 97.706507 -0.054500 19.831930 0.006013 
510 27.948787 0.000000 4.298344 102.038899 -0.182605 -0.611190 -0.041234 
511 27.717210 0.000000 3.213660 96.940333 -0.059977 5.458126 0.057278 
512 27.485633 0.000000 3.213660 98.309720 -0.054318 0.775211 0.033460 
513 27.948787 0.000000 3.213660 95.756709 -0.063176 13.650173 0.064432 
514 27.717210 0.000000 3.430597 94.131594 -0.064813 10.519298 0.102858 
515 27.832999 0.000000 2.888255 88.406014 -0.103201 -32.124261 0.115240 
516 27.717210 0.000000 2.888255 86.836129 -0.089529 -50.971737 -0.013864 
517 27.832999 0.000000 2.779787 91.451801 -0.048733 -2.369033 0.163095 
518 27.948787 0.000000 2.888255 89.332576 -0.077585 -9.237418 0.193435 
519 27.832999 0.000000 2.996724 90.670014 -0.075791 -15.757112 0.153066 
520 28.180365 0.000000 3.213660 91.136968 -0.060709 18.164259 0.136411 
521 28.411942 0.000000 3.213660 97.107395 -0.040836 18.091022 0.024287 
522 28.180365 0.000000 3.430597 94.846649 -0.071818 17.761366 0.068864 
523 28.064576 0.000000 2.888255 88.149409 -0.054635 -2.751817 0.222211 
524 28.064576 0.000000 2.779787 92.169674 -0.084826 2.512902 0.149843 
525 28.180365 0.000000 2.888255 91.415261 -0.106967 3.529133 0.163078 
526 28.064576 0.000000 2.996724 91.092144 -0.073895 3.722469 0.168836 
527 27.832999 0.000000 3.105192 98.138998 -0.068153 8.195075 0.030157 
528 27.717210 0.000000 3.105192 97.157962 -0.061434 4.977615 0.053555 
529 27.948787 0.000000 3.105192 96.728755 -0.066974 10.058848 0.054236 
530 27.832999 0.000000 3.213660 94.989531 -0.070308 7.871100 0.091503 
531 27.890893 0.000000 2.942489 88.604597 -0.074960 -16.527845 0.187605 
532 27.832999 0.000000 2.942489 88.700147 -0.072109 -20.369860 0.171735 
533 27.890893 0.000000 2.888255 88.657969 -0.106179 -31.617515 0.114009 
534 27.948787 0.000000 2.942489 89.373284 -0.069756 -7.025765 0.196305 
535 27.890893 0.000000 2.996724 90.003052 -0.061424 -5.171861 0.187270 
536 22.854084 0.000000 0.827356 -11.690025 -0.224609 -1.404900 0.986132 
537 22.854084 0.000000 -0.908138 -11.337159 -0.306832 -2.194590 0.986656 
538 25.633013 0.000000 1.695103 107.530454 0.076261 -4.398152 -0.158215 
539 24.706704 0.000000 1.695103 -14.819483 0.233033 -1.417363 0.977832 
540 25.633013 0.000000 0.827356 -16.253394 0.222369 -2.399518 0.973002 
541 27.022478 0.000000 2.128976 106.090736 0.066557 -5.471969 -0.128519 
542 26.559323 0.000000 2.128976 106.093873 0.066424 -5.476680 -0.128591 
543 27.022478 0.000000 1.695103 105.879111 0.075515 -5.126208 -0.123667 
544 27.254055 0.000000 2.779787 100.887797 -0.041338 -2.385683 -0.018404 
545 27.022478 0.000000 2.779787 105.333161 0.029436 -5.114753 -0.112124 
546 27.254055 0.000000 2.562850 102.281205 -0.037036 -3.372242 -0.047282 
547 27.254055 0.000000 2.996724 100.537614 -0.019485 -2.082278 -0.011215 
548 27.601421 0.000000 2.888255 98.565172 -0.153571 -0.535898 0.028460 
549 27.485633 0.000000 2.888255 99.012367 -0.057434 -0.082623 0.019654 
550 27.601421 0.000000 2.779787 98.642413 -0.061228 2.894924 0.026129 
551 27.601421 0.000000 2.996724 98.423673 -0.117554 1.012888 0.031174 
552 32.117181 0.000000 -7.850115 99.293210 0.229919 6.223610 0.010207 
553 32.117181 0.000000 -11.321103 99.961747 -0.743232 5.071233 -0.001862 
554 35.822419 0.000000 -7.850115 98.740167 -0.519519 6.151189 0.021227 
555 30.264562 0.000000 -2.643632 101.079374 -0.313418 11.695695 -0.035393 
556 30.264562 0.000000 -4.379127 99.095967 0.162241 9.832522 0.008328 
557 32.117181 0.000000 -2.643632 101.918102 -0.024442 22.751518 -0.090493 
558 39.527658 0.000000 6.033838 98.299617 0.000000 -0.774223 0.033659 
559 39.527658 0.000000 2.562850 102.005195 0.015260 17.477871 -0.071054 
560 43.232897 0.000000 6.033838 97.858988 -0.145897 0.493738 0.042335 
561 39.527658 0.000000 9.504827 99.856924 -0.058453 0.525774 0.002831 
562 33.969800 0.000000 4.298344 99.757182 -0.016362 -1.685698 0.004566 
563 33.969800 0.000000 2.562850 93.300589 -0.080902 17.284951 0.099622 
564 35.822419 0.000000 4.298344 100.664299 -0.007732 -4.167152 -0.015067 
565 33.969800 0.000000 6.033838 99.666094 0.000000 -1.259008 0.006508 
566 39.527658 0.000000 -0.908138 98.822576 0.188079 25.550201 -0.041875 
567 39.527658 0.000000 -4.379127 97.182975 -0.146442 6.788695 0.050936 
568 43.232897 0.000000 -0.908138 94.853975 -0.389888 6.286585 0.096305 
569 33.969800 0.000000 0.827356 104.907043 -0.047770 10.981989 -0.112609 
570 33.969800 0.000000 -0.908138 102.186050 0.029895 24.224772 -0.102883 
571 35.822419 0.000000 0.827356 105.518063 -0.010448 11.082626 -0.125689 
572 33.043491 0.000000 3.430597 101.284580 -0.027818 -13.010561 -0.042784 
573 32.117181 0.000000 3.430597 105.006304 -0.024484 -4.371593 -0.104544 
574 33.043491 0.000000 2.562850 98.153342 -0.113060 -12.322586 0.021406 
575 33.969800 0.000000 3.430597 101.879671 -0.038174 2.707425 -0.038680 
576 33.043491 0.000000 4.298344 99.675456 -0.021361 -5.570339 0.003377 
577 31.190871 0.000000 3.430597 104.438128 -0.016779 -12.184337 -0.105578 
578 31.190871 0.000000 2.562850 94.915633 -0.113379 -15.785783 0.074182 
579 31.190871 0.000000 4.298344 101.748046 -0.019450 -8.116356 -0.041854 
580 33.043491 0.000000 1.695103 106.760191 -0.152214 -2.628061 -0.140467 
581 32.117181 0.000000 1.695103 103.887745 -0.200984 -1.998065 -0.079670 
582 33.043491 0.000000 0.827356 106.339195 -0.069690 6.315771 -0.134792 
583 33.969800 0.000000 1.695103 105.995267 -0.093970 -0.447669 -0.123521 
584 32.580336 0.000000 2.996724 136.251949 -0.041509 -27.714824 -0.933271 
585 32.117181 0.000000 2.996724 120.260639 -0.046273 5.903027 -0.449747 
586 32.580336 0.000000 2.562850 104.342863 -0.130551 -20.452953 -0.130577 
587 33.043491 0.000000 2.996724 102.408540 -0.059051 -21.479492 -0.094888 
588 32.580336 0.000000 3.430597 108.414156 -0.017425 -13.062474 -0.192426 
589 31.190871 0.000000 1.695103 101.933126 -0.214764 -1.788922 -0.039361 
590 31.190871 0.000000 0.827356 -23.258629 0.065270 -1.555056 0.945661 
591 31.654026 0.000000 2.996724 92.303357 -0.046485 -0.490344 0.147985 
592 31.190871 0.000000 2.996724 93.169346 -0.044619 -21.660002 0.085032 
593 31.654026 0.000000 2.562850 93.070295 -0.141387 2.279353 0.133270 
594 31.654026 0.000000 3.430597 98.282984 -0.023336 -7.663835 0.028172 
595 32.580336 0.000000 2.128976 104.413123 -0.194594 -2.289402 -0.090738 
596 32.117181 0.000000 2.128976 103.643178 -0.203124 -2.100007 -0.074636 
597 32.580336 0.000000 1.695103 105.121817 -0.182249 -2.385539 -0.105632 
598 33.043491 0.000000 2.128976 105.076238 -0.177700 -2.720971 -0.104845 
599 32.348758 0.000000 2.779787 132.884794 -0.090285 -15.008461 -0.788363 
600 32.117181 0.000000 2.779787 126.906129 -0.094587 48.860017 -0.849248 
601 32.348758 0.000000 2.562850 108.283887 -0.180437 -14.759381 -0.194327 
602 32.580336 0.000000 2.779787 116.293812 -0.098011 -25.498269 -0.417442 
603 32.348758 0.000000 2.996724 144.365683 -0.030676 -9.857905 -1.093863 
604 37.675039 0.000000 0.827356 105.004151 0.086604 10.256121 -0.113107 
605 37.675039 0.000000 -0.908138 100.169200 0.097293 25.232127 -0.067054 
606 39.527658 0.000000 0.827356 103.557458 0.048885 12.838944 -0.088899 
607 37.675039 0.000000 2.562850 109.953478 0.211520 -11.042270 -0.221174 
608 34.896110 0.000000 1.695103 106.729471 -0.066626 3.733204 -0.140512 
609 34.896110 0.000000 0.827356 106.241579 -0.041334 8.070051 -0.135240 
610 35.822419 0.000000 1.695103 106.498537 -0.010003 5.437297 -0.137150 
611 34.896110 0.000000 2.562850 169.022788 0.153623 133.519508 -3.639619 
612 37.675039 0.000000 4.298344 101.522586 0.043710 -3.030918 -0.031602 
613 39.527658 0.000000 4.298344 99.342235 0.041376 -2.686119 0.012390 
614 37.675039 0.000000 6.033838 98.749802 -0.000000 -0.756378 0.024790 
615 36.748729 0.000000 1.695103 105.414758 0.094294 11.113016 -0.123578 
616 36.748729 0.000000 0.827356 103.725800 0.086123 12.975688 -0.092742 
617 37.675039 0.000000 1.695103 104.997243 0.186122 -0.017684 -0.102446 
618 36.748729 0.000000 2.562850 102.833924 0.075580 20.567665 -0.099785 
619 34.896110 0.000000 3.430597 112.261589 -0.035987 -5.716170 -0.263534 
620 35.822419 0.000000 3.430597 100.747690 -0.011440 -10.511694 -0.026059 
621 34.896110 0.000000 4.298344 102.300688 -0.011928 -2.911905 -0.047391 
622 35.359265 0.000000 2.128976 99.807916 0.019449 -6.430586 -0.000297 
623 34.896110 0.000000 2.128976 112.467178 -0.014467 12.035087 -0.279371 
624 35.359265 0.000000 1.695103 103.785360 -0.015490 0.450876 -0.077160 
625 35.822419 0.000000 2.128976 97.875436 0.066113 -4.103453 0.040356 
626 35.359265 0.000000 2.562850 100.804828 0.090279 -11.846859 -0.030197 
627 34.432955 0.000000 2.128976 136.386327 -0.092866 62.341457 -1.248770 
628 33.969800 0.000000 2.128976 100.508854 -0.113279 4.268303 -0.012026 
629 34.432955 0.000000 1.695103 106.093573 -0.078879 3.247240 -0.126640 
630 34.432955 0.000000 2.562850 156.048291 -0.085838 109.302661 -2.629815 
631 36.748729 0.000000 3.430597 102.492516 0.037659 0.098760 -0.050473 
632 37.675039 0.000000 3.430597 109.638661 0.046924 -5.363727 -0.204941 
633 36.748729 0.000000 4.298344 100.471340 -0.007935 -2.040914 -0.009866 
634 35.359265 0.000000 2.996724 114.108962 0.004249 -12.932559 -0.318811 
635 34.896110 0.000000 2.996724 120.487518 -0.016650 7.369112 -0.457155 
636 35.822419 0.000000 2.996724 97.408006 0.040777 -12.145778 0.036416 
637 35.359265 0.000000 3.430597 108.063953 -0.029189 -12.498888 -0.183404 
638 35.127687 0.000000 2.345913 110.085847 0.023542 4.434943 -0.213856 
639 34.896110 0.000000 2.345913 143.817340 0.078293 80.011511 -1.708528 
640 35.127687 0.000000 2.128976 108.841322 -0.002674 6.818436 -0.189292 
641 35.359265 0.000000 2.345913 101.988340 0.071432 -6.093060 -0.043875 
642 35.127687 0.000000 2.562850 156.250048 0.053401 101.504598 -2.471726 
643 58.053851 0.000000 -4.379127 99.554773 -0.116441 3.202168 0.007858 
644 58.053851 0.000000 -11.321103 99.693925 -0.114756 3.242296 0.005060 
645 65.464328 0.000000 -4.379127 99.761709 -0.078974 3.233638 0.003714 
646 58.053851 0.000000 2.562850 99.481145 -0.193597 3.086101 0.009394 
647 46.938135 0.000000 -0.908138 97.821428 -0.343052 4.256033 0.041274 
648 46.938135 0.000000 -4.379127 98.436899 -0.320897 3.738049 0.029610 
649 50.643374 0.000000 -0.908138 98.805202 -0.256030 3.984085 0.022159 
650 46.938135 0.000000 2.562850 97.815974 -0.646719 2.174415 0.042689 
651 41.380277 0.000000 0.827356 103.444221 -0.171882 10.792410 -0.081721 
652 41.380277 0.000000 -0.908138 93.398531 0.030979 10.236662 0.117192 
653 43.232897 0.000000 0.827356 102.083407 -0.246420 22.822252 -0.094194 
654 41.380277 0.000000 2.562850 107.273669 -0.198209 -1.956961 -0.151151 
655 58.053851 0.000000 9.504827 99.563432 0.396493 2.539933 0.008051 
656 65.464328 0.000000 9.504827 99.734976 0.503982 3.075292 0.004322 
657 58.053851 0.000000 16.446803 99.693765 0.114820 2.839078 0.005308 
658 46.938135 0.000000 6.033838 98.530799 -0.084084 1.828405 0.028833 
659 50.643374 0.000000 6.033838 99.037930 0.115155 2.355262 0.018593 
660 46.938135 0.000000 9.504827 99.078251 0.050599 1.861198 0.018003 
661 41.380277 0.000000 4.298344 96.856748 -0.213965 -3.045987 0.060945 
662 43.232897 0.000000 4.298344 96.442409 -0.588117 -0.156993 0.069849 
663 41.380277 0.000000 6.033838 98.224835 0.000000 -0.486197 0.035165 
664 40.453968 0.000000 1.695103 105.599103 -0.093845 4.763948 -0.117387 
665 39.527658 0.000000 1.695103 105.253878 0.011067 5.382416 -0.110735 
666 40.453968 0.000000 0.827356 104.771576 -0.080966 7.795634 -0.103786 
667 41.380277 0.000000 1.695103 105.436263 -0.202825 4.113422 -0.113377 
668 40.453968 0.000000 2.562850 106.987420 -0.077210 1.821648 -0.144963 
669 38.601348 0.000000 1.695103 104.186313 0.221525 6.091653 -0.089195 
670 38.601348 0.000000 0.827356 99.581931 0.183187 18.855099 -0.027211 
671 38.601348 0.000000 2.562850 93.706085 0.218927 -11.849256 0.107872 
672 40.453968 0.000000 3.430597 107.538477 -0.033200 -7.611840 -0.162247 
673 39.527658 0.000000 3.430597 103.650329 0.023701 -0.639065 -0.074380 
674 41.380277 0.000000 3.430597 107.000672 -0.205015 -3.418186 -0.146087 
675 40.453968 0.000000 4.298344 98.459034 0.000000 -2.805386 0.029795 
676 39.990813 0.000000 2.128976 98.786807 0.594091 6.035174 0.020439 
677 39.527658 0.000000 2.128976 94.959137 0.507233 17.911472 0.066168 
678 39.990813 0.000000 1.695103 105.507515 -0.044557 5.031305 -0.115715 
679 40.453968 0.000000 2.128976 106.255442 -0.088495 2.563163 -0.129680 
680 39.990813 0.000000 2.562850 107.558085 -0.027775 13.547603 -0.175228 
681 38.601348 0.000000 3.430597 99.797567 0.079309 -6.868754 -0.000674 
682 38.601348 0.000000 4.298344 100.357343 0.065122 -4.156165 -0.008887 
683 39.064503 0.000000 2.128976 92.800078 0.519227 4.031635 0.137162 
684 38.601348 0.000000 2.128976 94.153878 0.503383 -2.841389 0.112672 
685 39.064503 0.000000 1.695103 104.552882 0.161839 7.423490 -0.098644 
686 39.064503 0.000000 2.562850 93.892218 0.118717 3.000434 0.117523 
687 39.990813 0.000000 2.996724 110.107235 -0.025395 2.564848 -0.213018 
688 39.527658 0.000000 2.996724 104.455504 0.039259 3.334869 -0.092208 
689 40.453968 0.000000 2.996724 108.371216 -0.093089 -1.089026 -0.174552 
690 39.990813 0.000000 3.430597 107.130272 -0.003375 -2.956099 -0.148563 
691 39.759235 0.000000 2.345913 104.598179 0.104893 27.488512 -0.169641 
692 39.527658 0.000000 2.345913 99.009338 0.157244 20.964670 -0.024239 
693 39.759235 0.000000 2.128976 100.334390 0.447400 20.196943 -0.047511 
694 39.990813 0.000000 2.345913 105.045801 0.136065 14.998785 -0.125960 
695 39.759235 0.000000 2.562850 106.719173 -0.005901 22.916990 -0.191417 
696 39.064503 0.000000 2.996724 97.667364 0.087612 0.632333 0.046068 
697 38.601348 0.000000 2.996724 99.301002 0.110710 -5.270075 0.011153 
698 39.064503 0.000000 3.430597 98.897669 0.067298 -2.078693 0.021493 
699 39.296081 0.000000 2.345913 95.585486 0.242667 10.549542 0.075206 
700 39.064503 0.000000 2.345913 92.076593 0.390870 4.098223 0.150495 
701 39.296081 0.000000 2.128976 93.554678 0.504179 12.107321 0.110068 
702 39.296081 0.000000 2.562850 98.113974 0.071350 10.178538 0.027004 
703 43.232897 0.000000 -18.263080 99.850274 -0.422387 3.772556 0.001551 
704 43.232897 0.000000 -25.205056 100.014035 -0.156691 3.590167 -0.001572 
705 50.643374 0.000000 -18.263080 99.742997 -0.106511 3.444218 0.003946 
706 39.527658 0.000000 -7.850115 98.574982 -0.159345 5.168840 0.025623 
707 39.527658 0.000000 -11.321103 99.238363 -0.125329 4.496513 0.013151 
708 43.232897 0.000000 -7.850115 98.639349 -0.195527 4.287628 0.025186 
709 41.380277 0.000000 -2.643632 95.991527 -0.068542 6.904736 0.073795 
710 39.527658 0.000000 -2.643632 95.570102 -0.048009 8.924275 0.078671 
711 41.380277 0.000000 -4.379127 97.305466 -0.118678 5.730226 0.049880 
712 43.232897 0.000000 -2.643632 96.661641 -0.262439 5.310175 0.062826 
713 40.453968 0.000000 -0.040391 101.439797 -0.050834 21.066871 -0.073385 
714 39.527658 0.000000 -0.040391 102.885191 0.088542 15.405394 -0.082270 
715 40.453968 0.000000 -0.908138 97.592602 0.202147 27.307588 -0.027006 
716 41.380277 0.000000 -0.040391 101.215931 -0.214597 16.347068 -0.051194 
717 39.990813 0.000000 1.261229 102.623750 -0.031492 10.659243 -0.064525 
718 39.527658 0.000000 1.261229 104.680976 0.006664 7.420423 -0.101317 
719 39.990813 0.000000 0.827356 104.714372 -0.037171 7.820056 -0.102625 
720 40.453968 0.000000 1.261229 104.999280 -0.093190 6.943642 -0.107307 
721 39.759235 0.000000 1.912040 103.724198 0.149123 9.778897 -0.085436 
722 39.527658 0.000000 1.912040 105.458924 0.016786 4.490091 -0.114175 
723 39.759235 0.000000 1.695103 105.406745 -0.017472 5.212868 -0.113776 
724 39.990813 0.000000 1.912040 103.673256 0.145183 6.755643 -0.079380 
725 39.643447 0.000000 2.237445 98.943534 0.480534 24.327177 -0.038187 
726 39.527658 0.000000 2.237445 96.414968 0.386524 18.437194 0.036407 
727 39.643447 0.000000 2.128976 97.455043 0.714218 28.640290 -0.031826 
728 39.759235 0.000000 2.237445 102.722258 0.188582 18.771929 -0.090428 
729 39.643447 0.000000 2.345913 104.121117 0.002513 27.314459 -0.158729 
730 37.675039 0.000000 -2.643632 95.502238 -0.146709 10.724811 0.076428 
731 35.822419 0.000000 -2.643632 97.439325 0.075204 32.550079 -0.055394 
732 37.675039 0.000000 -4.379127 97.288491 -0.315067 8.166217 0.046816 
733 38.601348 0.000000 -0.040391 102.274991 0.141484 16.770779 -0.074145 
734 37.675039 0.000000 -0.040391 101.741804 0.137771 19.547629 -0.073352 
735 38.601348 0.000000 -0.908138 98.769300 0.141693 27.176703 -0.049397 
736 39.064503 0.000000 1.261229 103.004304 0.128700 12.956498 -0.077777 
737 38.601348 0.000000 1.261229 102.510708 0.190302 12.813946 -0.067268 
738 39.064503 0.000000 0.827356 101.101835 0.143622 16.579753 -0.049649 
739 39.296081 0.000000 1.912040 101.376511 0.246152 6.196977 -0.031566 
740 39.064503 0.000000 1.912040 100.957302 0.324861 3.529449 -0.020494 
741 39.296081 0.000000 1.695103 105.249113 0.063468 6.993556 -0.112629 
742 39.643447 0.000000 2.020508 100.513497 0.287594 13.988859 -0.029873 
743 39.527658 0.000000 2.020508 100.636870 0.247003 15.216586 -0.035939 
744 39.643447 0.000000 1.912040 105.674809 0.000276 10.881973 -0.128558 
745 39.759235 0.000000 2.020508 102.473467 0.201610 11.700642 -0.063776 
746 45.085516 0.000000 0.827356 96.155205 -0.612210 3.420077 0.074210 
747 45.085516 0.000000 -0.908138 96.722090 -0.408717 4.771126 0.062191 
748 46.938135 0.000000 0.827356 97.679081 -0.386905 3.326786 0.044758 
749 45.085516 0.000000 2.562850 96.462014 -0.766444 1.479844 0.069230 
750 42.306587 0.000000 1.695103 29.826915 -0.297359 15.086364 0.888267 
751 42.306587 0.000000 0.827356 104.805931 -0.212987 5.292155 -0.101234 
752 43.232897 0.000000 1.695103 101.408551 -0.236215 23.221797 -0.082300 
753 42.306587 0.000000 2.562850 106.070950 -0.209896 0.700230 -0.125158 
754 40.917122 0.000000 2.128976 107.135957 -0.100900 0.076924 -0.147813 
755 40.917122 0.000000 1.695103 105.564059 -0.129626 4.888891 -0.116769 
756 41.380277 0.000000 2.128976 107.321799 -0.171157 -1.571538 -0.152047 
757 40.917122 0.000000 2.562850 107.621400 -0.142509 -2.416682 -0.158823 
758 40.222390 0.000000 2.345913 106.944797 -0.058144 7.221885 -0.148935 
759 40.222390 0.000000 2.128976 104.557714 0.077319 6.224675 -0.097107 
760 40.453968 0.000000 2.345913 106.428531 -0.084931 1.995017 -0.133102 
761 40.222390 0.000000 2.562850 107.604736 -0.050349 6.944800 -0.162701 
762 39.875024 0.000000 2.237445 101.605903 0.300174 16.067685 -0.058202 
763 39.875024 0.000000 2.128976 95.226903 0.804155 7.552872 0.087414 
764 39.990813 0.000000 2.237445 100.649788 0.449636 9.068689 -0.021282 
765 39.875024 0.000000 2.345913 105.252515 0.121439 27.310393 -0.182396 
766 39.701341 0.000000 2.183211 98.609606 0.570255 25.232250 -0.036085 
767 39.643447 0.000000 2.183211 97.773153 0.657920 27.675869 -0.032598 
768 39.701341 0.000000 2.128976 98.412791 0.596607 24.839023 -0.030241 
769 39.759235 0.000000 2.183211 100.565533 0.427472 21.511093 -0.057634 
770 39.701341 0.000000 2.237445 100.948988 0.388949 24.303417 -0.078151 
771 40.222390 0.000000 1.912040 105.828780 -0.068855 3.959350 -0.121541 
772 40.222390 0.000000 1.695103 105.568376 -0.070174 4.869054 -0.116839 
773 40.453968 0.000000 1.912040 105.961112 -0.091459 3.530000 -0.124023 
774 39.875024 0.000000 2.020508 101.825002 0.304562 9.416132 -0.045709 
775 39.875024 0.000000 1.912040 103.485764 0.169870 6.984107 -0.075811 
776 39.990813 0.000000 2.020508 102.471452 0.244913 8.995235 -0.058137 
777 39.701341 0.000000 2.074742 100.540831 0.439349 20.855670 -0.054361 
778 39.643447 0.000000 2.074742 98.740193 0.524586 22.025962 -0.023504 
779 39.701341 0.000000 2.020508 102.867661 0.167370 12.071367 -0.072750 
780 39.759235 0.000000 2.074742 102.121778 0.231003 12.449312 -0.058390 
781 39.817130 0.000000 2.183211 101.090943 0.326560 14.300008 -0.042398 
782 39.817130 0.000000 2.128976 100.459753 0.373242 12.126929 -0.023936 
783 39.875024 0.000000 2.183211 98.751582 0.521504 11.568365 0.011403 
784 39.817130 0.000000 2.237445 102.264634 0.241125 17.859448 -0.077707 
785 39.730288 0.000000 2.156094 96.772496 0.891523 34.872501 -0.058180 
786 39.701341 0.000000 2.156094 98.311530 0.612312 25.834126 -0.033293 
787 39.730288 0.000000 2.128976 97.410771 0.813309 32.316583 -0.053388 
788 39.759235 0.000000 2.156094 98.041125 0.733024 29.742233 -0.049720 
789 39.730288 0.000000 2.183211 100.353847 0.457539 23.200640 -0.060937 
790 39.817130 0.000000 2.074742 101.034935 0.323211 11.372398 -0.033749 
791 39.817130 0.000000 2.020508 102.444875 0.258295 10.061118 -0.059625 
792 39.875024 0.000000 2.074742 99.595417 0.488135 8.727482 0.000435 
793 39.730288 0.000000 2.101859 100.359032 0.454033 20.980842 -0.051234 
794 39.701341 0.000000 2.101859 100.072145 0.493821 22.830781 -0.053592 
795 39.730288 0.000000 2.074742 100.642776 0.421774 19.679749 -0.051644 
796 39.759235 0.000000 2.101859 100.439029 0.435013 19.342607 -0.046232 
797 39.788183 0.000000 2.156094 101.506001 0.286683 13.959875 -0.049843 
798 39.788183 0.000000 2.128976 101.399382 0.293919 13.069059 -0.045272 
799 39.817130 0.000000 2.156094 100.630919 0.361306 13.012450 -0.029604 
800 39.788183 0.000000 2.183211 101.768736 0.267309 15.142244 -0.058623 
801 39.744762 0.000000 2.142535 97.129317 0.846597 33.276977 -0.054218 
802 39.730288 0.000000 2.142535 96.138452 0.968720 37.058167 -0.061685 
803 39.744762 0.000000 2.128976 97.672088 0.779701 31.087893 -0.050690 
804 39.759235 0.000000 2.142535 97.959010 0.742252 29.800832 -0.048461 
805 39.744762 0.000000 2.156094 97.333573 0.821987 32.685255 -0.054283 
806 39.788183 0.000000 2.101859 101.466459 0.287313 12.436724 -0.045020 
807 39.788183 0.000000 2.074742 101.666238 0.270059 11.995954 -0.048000 
808 39.817130 0.000000 2.101859 100.636751 0.357150 11.627936 -0.026309 
809 39.773709 0.000000 2.142535 100.309740 0.444512 19.698624 -0.045028 
810 39.773709 0.000000 2.128976 101.722947 0.265994 13.403428 -0.052728 
811 39.788183 0.000000 2.142535 101.430635 0.292045 13.479174 -0.046995 
812 39.773709 0.000000 2.156094 100.359182 0.440787 20.054150 -0.047433 
813 39.759235 0.000000 2.779787 106.529925 -0.006009 13.687114 -0.153596 
814 39.527658 0.000000 2.779787 103.935807 0.035083 13.277540 -0.097895 
815 39.990813 0.000000 2.779787 108.297543 -0.024045 9.580346 -0.182014 
816 39.759235 0.000000 2.996724 107.876432 0.013006 3.354212 -0.164858 
817 39.643447 0.000000 2.454382 103.874489 0.001842 25.233976 -0.142666 
818 39.527658 0.000000 2.454382 100.732974 0.015013 20.452348 -0.056543 
819 39.759235 0.000000 2.454382 105.642179 -0.006004 27.091321 -0.189421 
820 39.643447 0.000000 2.562850 104.101060 0.001090 20.395486 -0.125301 
821 39.701341 0.000000 2.291679 103.227898 0.124865 22.746719 -0.117343 
822 39.643447 0.000000 2.291679 100.732788 0.242499 21.761343 -0.062071 
823 39.759235 0.000000 2.291679 103.706164 0.141183 22.595321 -0.126554 
824 39.701341 0.000000 2.345913 103.637964 0.091500 29.581026 -0.161587 
825 39.730288 0.000000 2.210328 100.719329 0.417417 23.308048 -0.068782 
826 39.701341 0.000000 2.210328 100.424061 0.450879 24.535604 -0.068719 
827 39.759235 0.000000 2.210328 100.878334 0.397808 22.124182 -0.066608 
828 39.730288 0.000000 2.237445 101.132459 0.373139 23.687145 -0.078899 
829 39.744762 0.000000 2.169652 97.966581 0.745344 30.647521 -0.053728 
830 39.730288 0.000000 2.169652 97.774884 0.769854 31.549037 -0.055586 
831 39.759235 0.000000 2.169652 100.451483 0.438193 21.223554 -0.054113 
832 39.744762 0.000000 2.183211 100.495059 0.438804 22.312129 -0.059728 
833 39.751999 0.000000 2.149314 97.602428 0.787828 31.456654 -0.051638 
834 39.744762 0.000000 2.149314 97.108080 0.849383 33.428120 -0.054814 
835 39.751999 0.000000 2.142535 97.606467 0.787045 31.343896 -0.051008 
836 39.759235 0.000000 2.149314 97.962876 0.742175 29.905263 -0.049160 
837 39.751999 0.000000 2.156094 97.724475 0.773189 31.111685 -0.051861 
838 45.085516 0.000000 4.298344 97.367385 -0.543935 1.421158 0.051728 
839 46.938135 0.000000 4.298344 98.148591 -0.396073 2.034575 0.036256 
840 45.085516 0.000000 6.033838 98.141665 -0.150570 1.326639 0.036643 
841 44.159206 0.000000 1.695103 94.494771 -1.215547 2.342822 0.106377 
842 44.159206 0.000000 0.827356 94.622764 -0.925945 3.598186 0.103273 
843 45.085516 0.000000 1.695103 96.168269 -0.713955 2.634573 0.074421 
844 44.159206 0.000000 2.562850 95.146842 -0.950266 0.830095 0.094549 
845 42.306587 0.000000 3.430597 110.814508 -0.210916 -14.721249 -0.249661 
846 43.232897 0.000000 3.430597 95.041325 -0.793985 -0.361442 0.096639 
847 42.306587 0.000000 4.298344 96.203791 -0.394784 -1.460858 0.074254 
848 42.769742 0.000000 2.128976 105.621905 -0.210933 2.057846 -0.116027 
849 42.306587 0.000000 2.128976 79.479531 -0.287823 -23.311169 0.313951 
850 42.769742 0.000000 1.695103 105.375149 -0.211315 2.930884 -0.111256 
851 43.232897 0.000000 2.128976 111.721989 -0.164016 -9.886072 -0.257956 
852 42.769742 0.000000 2.562850 105.808333 -0.210835 1.439512 -0.119752 
853 41.843432 0.000000 2.128976 106.262296 -0.205663 0.479238 -0.129195 
854 41.843432 0.000000 1.695103 105.405981 -0.208876 3.346804 -0.112167 
855 41.843432 0.000000 2.562850 106.561847 -0.207126 -0.513450 -0.135573 
856 42.306587 0.000000 -0.040391 101.016528 -0.225735 21.898788 -0.068395 
857 42.306587 0.000000 -0.908138 93.776524 -0.248532 7.953707 0.114264 
858 43.232897 0.000000 -0.040391 93.396708 -0.641905 5.889839 0.124195 
859 42.769742 0.000000 1.261229 105.146579 -0.211895 3.798620 -0.107028 
860 42.306587 0.000000 1.261229 104.996680 -0.212050 4.509709 -0.104469 
861 42.769742 0.000000 0.827356 104.442160 -0.198831 5.813228 -0.094200 
862 43.232897 0.000000 1.261229 101.413877 -0.236318 23.223408 -0.082416 
863 42.538164 0.000000 1.912040 87.086029 -0.260638 -1.904507 0.241233 
864 42.306587 0.000000 1.912040 30.749233 -0.378495 -14.497708 0.884416 
865 42.538164 0.000000 1.695103 87.098314 -0.241050 6.536369 0.237110 
866 42.769742 0.000000 1.912040 105.501700 -0.211087 2.475354 -0.113678 
867 42.538164 0.000000 2.128976 105.697048 -0.210532 1.846415 -0.117532 
868 15.443607 0.000000 -6.114621 99.729296 -0.497508 -2.501446 0.004756 
869 15.443607 0.000000 -7.850115 100.134120 -0.235475 -0.050128 -0.002690 
870 17.296227 0.000000 -6.114621 102.271354 -0.096705 -3.561545 -0.047212 
871 14.517298 0.000000 -3.511380 94.284567 -0.133067 -25.601450 0.045497 
872 14.517298 0.000000 -4.379127 95.668799 -0.317966 -6.736185 0.080200 
873 15.443607 0.000000 -3.511380 101.230716 0.105081 -14.126934 -0.044724 
874 14.517298 0.000000 -2.643632 91.959454 -0.332489 -11.778568 0.140461 
875 14.517298 0.000000 -1.775885 -8.131845 -0.093090 3.161553 0.992387 
876 13.590988 0.000000 -1.775885 -11.681493 -0.293805 5.174219 0.983668 
877 15.443607 0.000000 -1.775885 -7.247611 0.120852 1.954193 0.994364 
878 14.517298 0.000000 -0.908138 -9.032317 -0.088059 2.662277 0.991132 
879 14.054143 0.000000 -3.077506 87.686896 -0.460667 -11.663852 0.217475 
880 13.590988 0.000000 -3.077506 92.656696 -0.490314 -1.468565 0.141234 
881 14.054143 0.000000 -3.511380 90.510294 -0.464053 -2.144177 0.180307 
882 14.517298 0.000000 -3.077506 85.885410 -0.312416 -29.985159 0.172449 
883 14.054143 0.000000 -2.643632 90.559774 -0.465211 -2.143544 0.179412 
884 19.148846 0.000000 -2.643632 -8.646659 0.220689 0.020390 0.992519 
885 19.148846 0.000000 -4.379127 114.161465 0.167428 -10.551133 -0.314419 
886 21.001465 0.000000 -2.643632 -10.133779 -0.120268 -1.089287 0.989611 
887 16.369917 0.000000 -3.511380 101.507407 0.405160 -7.524521 -0.036054 
888 16.369917 0.000000 -4.379127 99.967900 -0.098978 -7.321612 -0.004720 
889 17.296227 0.000000 -3.511380 102.824554 0.316428 -14.222709 -0.077527 
890 16.369917 0.000000 -2.643632 101.439994 0.443423 -5.838277 -0.032435 
891 14.980452 0.000000 -3.077506 96.925686 -0.010998 -24.994286 -0.001930 
892 14.980452 0.000000 -3.511380 97.428896 0.005039 -23.733854 -0.005569 
893 15.443607 0.000000 -3.077506 100.406781 0.080245 -16.195114 -0.034381 
894 14.980452 0.000000 -2.643632 94.830016 -0.060485 -30.341943 0.008663 
895 12.664678 0.000000 -1.775885 96.187012 -0.537348 -0.007443 0.074777 
896 11.738369 0.000000 -1.775885 -13.714212 -0.084002 0.832739 0.981122 
897 12.664678 0.000000 -0.908138 -12.101276 -0.071742 2.213382 0.984865 
898 14.054143 0.000000 -2.209759 90.412746 -0.461772 -2.145427 0.182072 
899 13.590988 0.000000 -2.209759 90.407322 -0.461645 -2.145496 0.182170 
900 14.517298 0.000000 -2.209759 91.574180 -0.488938 -2.130554 0.160939 
901 14.054143 0.000000 -1.775885 -9.041070 -0.035920 4.166603 0.990090 
902 14.285720 0.000000 -2.860569 86.977084 -0.370798 -22.205726 0.194176 
903 14.054143 0.000000 -2.860569 90.692475 -0.468315 -2.141845 0.177007 
904 14.285720 0.000000 -3.077506 85.614728 -0.346439 -27.538469 0.191163 
905 14.517298 0.000000 -2.860569 88.394713 -0.296201 -25.256496 0.154840 
906 14.285720 0.000000 -2.643632 90.481872 -0.463388 -2.144541 0.180822 
907 14.517298 0.000000 -5.246874 97.905367 -0.320968 -3.398171 0.040289 
908 13.590988 0.000000 -5.246874 97.266235 -0.206004 -1.312142 0.053752 
909 14.517298 0.000000 -6.114621 98.875633 -0.269197 -1.585601 0.022102 
910 15.443607 0.000000 -5.246874 99.333895 -0.304556 -4.593767 0.011158 
911 14.054143 0.000000 -3.945253 91.574180 -0.488938 -2.130554 0.160939 
912 13.590988 0.000000 -3.945253 91.574180 -0.488938 -2.130554 0.160939 
913 14.054143 0.000000 -4.379127 94.401394 -0.356174 -4.319219 0.106959 
914 14.517298 0.000000 -3.945253 93.406745 -0.341709 -9.921740 0.117662 
915 14.285720 0.000000 -3.294443 90.242542 -0.245615 -24.689713 0.124664 
916 14.054143 0.000000 -3.294443 90.604181 -0.466249 -2.142975 0.178607 
917 14.285720 0.000000 -3.511380 91.881958 -0.341694 -11.136795 0.143356 
918 14.517298 0.000000 -3.294443 90.574736 -0.212952 -27.068594 0.106346 
919 16.369917 0.000000 -1.775885 -7.443548 0.290672 1.200742 0.994307 
920 17.296227 0.000000 -1.775885 -7.714209 0.296026 0.934608 0.993953 
921 16.369917 0.000000 -0.908138 -8.059278 0.284208 1.438437 0.993290 
922 14.980452 0.000000 -2.209759 -7.009156 -0.118041 2.428447 0.994496 
923 15.443607 0.000000 -2.209759 -6.651343 0.120110 1.798016 0.995251 
924 14.980452 0.000000 -1.775885 -7.592637 -0.097338 2.551232 0.993583 
925 14.748875 0.000000 -2.860569 94.422096 -0.117121 -26.754946 0.036863 
926 14.748875 0.000000 -3.077506 92.192774 -0.143752 -30.390927 0.057686 
927 14.980452 0.000000 -2.860569 96.218143 -0.024092 -26.820337 0.002274 
928 14.748875 0.000000 -2.643632 94.290658 -0.131619 -25.665692 0.045053 
929 14.401509 0.000000 -2.969038 84.023707 -0.353789 -30.784695 0.199219 
930 14.285720 0.000000 -2.969038 87.598633 -0.338101 -23.521713 0.177309 
931 14.401509 0.000000 -3.077506 83.755563 -0.350690 -31.701415 0.197990 
932 14.517298 0.000000 -2.969038 85.767459 -0.319750 -29.595188 0.176797 
933 14.401509 0.000000 -2.860569 87.941634 -0.319143 -24.331938 0.167412 
934 19.148846 0.000000 -6.114621 105.649822 0.047771 -1.223597 -0.116338 
935 19.148846 0.000000 -7.850115 103.173537 -0.057345 0.914319 -0.064562 
936 21.001465 0.000000 -6.114621 106.363241 -0.025564 4.309799 -0.133171 
937 18.222536 0.000000 -3.511380 107.688538 0.323464 -15.797492 -0.184649 
938 18.222536 0.000000 -4.379127 106.063862 0.358785 -16.413386 -0.151907 
939 19.148846 0.000000 -3.511380 113.412760 0.187936 -11.686827 -0.299907 
940 18.222536 0.000000 -2.643632 -7.721646 0.180603 0.171746 0.994031 
941 22.854084 0.000000 -2.643632 107.861678 -0.389526 15.956167 -0.188889 
942 22.854084 0.000000 -4.379127 106.680049 -0.296916 11.450558 -0.151184 
943 20.075156 0.000000 -3.511380 117.298031 0.077597 -1.377546 -0.376073 
944 20.075156 0.000000 -4.379127 117.451995 0.064931 0.264418 -0.379505 
945 21.001465 0.000000 -3.511380 116.067306 0.006774 12.107491 -0.361821 
946 20.075156 0.000000 -2.643632 -9.323055 -0.099875 -0.869779 0.991231 
947 22.854084 0.000000 -6.114621 104.718933 -0.196572 7.583003 -0.102360 
948 22.854084 0.000000 -7.850115 102.794107 -0.042680 5.468987 -0.059654 
949 24.706704 0.000000 -6.114621 103.058958 -0.283009 9.511495 -0.071170 
950 21.927775 0.000000 -3.511380 111.984846 -0.037215 18.214818 -0.287239 
951 21.927775 0.000000 -4.379127 114.326239 -0.011187 16.819844 -0.335340 
952 22.854084 0.000000 -3.511380 108.770554 -0.242662 17.429603 -0.213488 
953 21.927775 0.000000 -2.643632 -11.042427 -0.243389 -1.290076 0.987634 
954 21.927775 0.000000 -5.246874 107.664083 -0.486877 7.634579 -0.165008 
955 21.001465 0.000000 -5.246874 109.561415 -0.284322 5.295396 -0.203183 
956 21.927775 0.000000 -6.114621 105.386831 -0.294608 5.767567 -0.113974 
957 22.854084 0.000000 -5.246874 105.957782 -0.336924 9.153401 -0.131095 
958 21.464620 0.000000 -3.945253 114.223392 -0.010225 15.938746 -0.330103 
959 21.001465 0.000000 -3.945253 116.131083 0.007328 11.941537 -0.362903 
960 21.464620 0.000000 -4.379127 114.326239 -0.011187 16.819844 -0.335340 
961 21.927775 0.000000 -3.945253 111.663836 -0.043069 18.419807 -0.280810 
962 21.464620 0.000000 -3.511380 113.861019 -0.014608 16.376382 -0.323252 
963 23.780394 0.000000 -3.511380 110.161940 -0.221467 9.619575 -0.222824 
964 23.780394 0.000000 -4.379127 106.731017 -0.172200 11.480806 -0.152335 
965 24.706704 0.000000 -3.511380 113.585848 -0.029158 17.841198 -0.322005 
966 23.780394 0.000000 -2.643632 111.201235 -0.146392 6.891512 -0.241323 
967 26.559323 0.000000 -6.114621 100.680823 -0.448955 9.654360 -0.023004 
968 26.559323 0.000000 -7.850115 100.900289 -0.510509 6.862623 -0.022822 
969 28.411942 0.000000 -6.114621 99.605067 -0.383640 8.312020 0.000959 
970 25.633013 0.000000 -3.511380 96.077218 0.048073 56.253797 -0.239532 
971 25.633013 0.000000 -4.379127 103.099807 -0.215260 18.635550 -0.097690 
972 26.559323 0.000000 -3.511380 94.170787 0.085817 22.465426 0.062716 
973 25.633013 0.000000 -2.643632 88.445593 0.065347 50.992414 -0.042285 
974 27.485633 0.000000 -3.511380 94.159111 0.085938 22.461539 0.062953 
975 27.485633 0.000000 -4.379127 96.853211 -0.508545 12.592794 0.046062 
976 28.411942 0.000000 -3.511380 96.947855 -0.448673 19.156614 0.023394 
977 27.485633 0.000000 -2.643632 95.131962 -0.144274 20.358312 0.053543 
978 25.633013 0.000000 -1.775885 94.129429 0.086245 22.451656 0.063557 
979 24.706704 0.000000 -1.775885 -13.744780 0.111194 -4.051655 0.979465 
980 26.559323 0.000000 -1.775885 92.718177 0.084429 21.364472 0.094689 
981 25.633013 0.000000 -0.908138 -16.303801 0.114350 -3.901098 0.971895 
982 26.096168 0.000000 -3.077506 92.348205 0.069764 35.214034 0.023178 
983 25.633013 0.000000 -3.077506 98.502333 0.048000 49.948860 -0.219760 
984 26.096168 0.000000 -3.511380 94.153665 0.085994 22.459725 0.063064 
985 26.559323 0.000000 -3.077506 92.906932 0.084166 21.490851 0.090644 
986 26.096168 0.000000 -2.643632 79.759657 0.087287 28.122063 0.284754 
987 25.169859 0.000000 -3.077506 104.991042 0.035201 39.784464 -0.260592 
988 24.706704 0.000000 -3.077506 113.793137 -0.019617 18.747528 -0.330035 
989 25.169859 0.000000 -3.511380 108.154602 0.031155 33.923139 -0.284820 
990 25.169859 0.000000 -2.643632 100.120279 0.041366 48.810768 -0.240656 
991 27.485633 0.000000 -1.775885 94.823190 -0.157388 19.749202 0.061851 
992 28.411942 0.000000 -1.775885 97.564603 -0.403200 16.071602 0.022269 
993 27.485633 0.000000 -0.908138 96.947855 -0.448673 19.156614 0.023394 
994 26.096168 0.000000 -2.209759 89.894397 0.084021 20.654640 0.149238 
995 25.633013 0.000000 -2.209759 94.861996 0.075010 34.865642 -0.021442 
996 26.559323 0.000000 -2.209759 93.171747 0.083506 21.657248 0.084998 
997 26.096168 0.000000 -1.775885 92.576728 0.084535 21.266338 0.097729 
998 25.864591 0.000000 -2.860569 82.703029 0.075995 42.831132 0.132570 
999 25.633013 0.000000 -2.860569 90.115965 0.062804 52.263194 -0.085233 
1000 25.864591 0.000000 -3.077506 88.974323 0.065243 50.222158 -0.043870 
1001 26.096168 0.000000 -2.860569 83.104718 0.078355 38.190775 0.163506 
1002 25.864591 0.000000 -2.643632 75.560755 0.084224 42.014754 0.252533 
1003 36.285574 0.000000 2.996724 94.266048 0.030824 -4.648682 0.109230 
1004 36.285574 0.000000 2.562850 93.509726 0.124731 -1.524687 0.125359 
1005 36.748729 0.000000 2.996724 103.440852 0.076063 5.766469 -0.073327 
1006 36.285574 0.000000 3.430597 98.156391 -0.008562 -3.486196 0.035317 
1007 43.232897 0.000000 23.388780 99.818790 0.152244 2.854764 0.002804 
1008 50.643374 0.000000 23.388780 99.774841 0.086605 2.953266 0.003625 
1009 43.232897 0.000000 30.330756 99.957506 -0.026752 3.076623 -0.000097 
1010 39.527658 0.000000 12.975815 99.784082 0.126246 1.674829 0.004032 
1011 35.822419 0.000000 12.975815 100.065555 0.163998 1.640279 -0.001583 
1012 43.232897 0.000000 12.975815 99.477352 0.120643 1.885560 0.010069 
1013 39.527658 0.000000 16.446803 99.612751 -0.090700 2.256850 0.007220 
1014 41.380277 0.000000 7.769332 98.679456 0.000000 0.373787 0.026223 
1015 39.527658 0.000000 7.769332 98.542560 -0.000000 0.040730 0.028936 
1016 43.232897 0.000000 7.769332 98.574826 -0.028939 0.871182 0.028224 
1017 41.380277 0.000000 9.504827 99.249856 0.062868 0.720282 0.014894 
1018 40.453968 0.000000 5.166091 98.171293 0.000000 -1.561713 0.035996 
1019 39.527658 0.000000 5.166091 98.132523 -0.000000 -1.605246 0.036743 
1020 41.380277 0.000000 5.166091 97.864745 0.000000 -1.084573 0.042132 
1021 40.453968 0.000000 6.033838 98.221640 -0.000000 -0.741159 0.035196 
1022 37.675039 0.000000 7.769332 98.725518 -0.000000 0.196815 0.025323 
1023 35.822419 0.000000 7.769332 98.716117 0.000000 0.476965 0.025490 
1024 37.675039 0.000000 9.504827 100.450418 0.123788 0.748548 -0.009086 
1025 38.601348 0.000000 5.166091 98.575916 -0.000000 -1.942394 0.027902 
1026 37.675039 0.000000 5.166091 99.072607 -0.000000 -1.510329 0.018234 
1027 38.601348 0.000000 6.033838 98.575618 -0.000000 -0.877258 0.028208 
1028 39.990813 0.000000 4.732218 98.421130 -0.000000 -2.113651 0.030881 
1029 39.527658 0.000000 4.732218 98.786103 0.009504 -2.154891 0.023666 
1030 39.990813 0.000000 4.298344 99.427276 0.032985 -2.672402 0.010707 
1031 40.453968 0.000000 4.732218 98.402059 0.000000 -2.262863 0.031191 
1032 39.990813 0.000000 5.166091 98.250675 -0.000000 -1.562043 0.034436 
1033 39.064503 0.000000 4.732218 99.304220 0.060998 -2.831640 0.013065 
1034 38.601348 0.000000 4.732218 99.547029 0.053937 -3.063575 0.008100 
1035 39.064503 0.000000 4.298344 99.304115 0.046718 -3.289299 0.012787 
1036 39.064503 0.000000 5.166091 98.327278 0.000000 -1.801210 0.032850 
1037 39.990813 0.000000 3.864471 102.072638 0.011105 -3.408814 -0.043044 
1038 39.527658 0.000000 3.864471 99.616668 0.028564 -2.096667 0.007212 
1039 40.453968 0.000000 3.864471 103.813010 0.000670 -5.484539 -0.080722 
1040 39.759235 0.000000 4.515281 98.873520 0.030635 -2.303680 0.021872 
1041 39.527658 0.000000 4.515281 99.365140 0.041125 -2.618338 0.011971 
1042 39.759235 0.000000 4.298344 99.585099 0.042229 -2.655506 0.007575 
1043 39.990813 0.000000 4.515281 98.992066 0.032626 -2.455829 0.019454 
1044 39.759235 0.000000 4.732218 98.259720 -0.000000 -2.006968 0.034100 
1045 42.306587 0.000000 5.166091 97.295471 1.216454 -0.919146 0.053127 
1046 43.232897 0.000000 5.166091 97.292353 0.886831 -0.188390 0.053338 
1047 42.306587 0.000000 6.033838 97.893060 -0.106044 -0.008156 0.041694 
1048 40.917122 0.000000 4.732218 98.323824 0.000000 -2.142131 0.032784 
1049 40.917122 0.000000 4.298344 98.401336 0.000000 -2.725085 0.030975 
1050 41.380277 0.000000 4.732218 97.318414 -0.043196 -2.002655 0.052511 
1051 40.917122 0.000000 5.166091 98.074948 0.000000 -1.481573 0.037911 
1052 36.748729 0.000000 5.166091 98.792824 -0.000000 -1.382009 0.023807 
1053 35.822419 0.000000 5.166091 99.069640 -0.000000 -1.983896 0.018127 
1054 36.748729 0.000000 6.033838 98.843931 -0.000000 -0.682027 0.022941 
1055 38.138194 0.000000 4.732218 99.519424 0.055554 -2.766349 0.008823 
1056 37.675039 0.000000 4.732218 99.439037 -0.000000 -2.064147 0.010762 
1057 38.138194 0.000000 4.298344 101.187491 0.060406 -4.066702 -0.025545 
1058 38.138194 0.000000 5.166091 98.873500 -0.000000 -1.845091 0.022063 
1059 40.453968 0.000000 6.901585 98.331615 -0.000000 -0.113085 0.033088 
1060 39.527658 0.000000 6.901585 98.453100 -0.000000 -0.298067 0.030690 
1061 41.380277 0.000000 6.901585 98.247064 0.000000 0.059845 0.034751 
1062 40.453968 0.000000 7.769332 98.556301 -0.000000 0.160502 0.028663 
1063 46.938135 0.000000 12.975815 99.476700 0.064925 2.182129 0.009962 
1064 50.643374 0.000000 12.975815 99.439341 0.133092 2.455922 0.010577 
1065 46.938135 0.000000 16.446803 99.528536 0.240653 2.531824 0.008760 
1066 45.085516 0.000000 7.769332 98.682104 0.021255 1.358659 0.026000 
1067 46.938135 0.000000 7.769332 98.821703 0.227771 1.742777 0.023118 
1068 45.085516 0.000000 9.504827 99.062189 0.042560 1.522307 0.018436 
1069 42.306587 0.000000 6.901585 98.249409 -0.163587 0.392625 0.034687 
1070 43.232897 0.000000 6.901585 98.259582 -0.208362 0.715516 0.034450 
1071 42.306587 0.000000 7.769332 98.462269 0.000000 0.476942 0.030495 
1072 40.917122 0.000000 6.467712 98.136943 0.000000 -0.272420 0.036907 
1073 40.453968 0.000000 6.467712 98.274826 -0.000000 -0.394318 0.034190 
1074 40.917122 0.000000 6.033838 98.201812 0.000000 -0.598840 0.035605 
1075 41.380277 0.000000 6.467712 98.078082 0.000000 -0.186601 0.038065 
1076 40.917122 0.000000 6.901585 98.221758 -0.000000 0.013434 0.035249 
1077 41.380277 0.000000 11.240321 99.559023 -0.020475 1.316488 0.008627 
1078 39.527658 0.000000 11.240321 99.796903 -0.029832 1.261069 0.003899 
1079 43.232897 0.000000 11.240321 99.386030 -0.022627 1.509744 0.012014 
1080 41.380277 0.000000 12.975815 99.641458 0.149457 1.704526 0.006865 
1081 42.306587 0.000000 8.637080 98.736485 0.000000 0.646581 0.025069 
1082 41.380277 0.000000 8.637080 98.673214 -0.000000 0.517759 0.026333 
1083 43.232897 0.000000 8.637080 98.807653 -0.016268 0.717324 0.023653 
1084 42.306587 0.000000 9.504827 99.121251 0.046819 0.965870 0.017404 
1085 41.843432 0.000000 7.335459 98.655399 0.000000 0.301625 0.026702 
1086 41.380277 0.000000 7.335459 98.634564 0.000000 0.236202 0.027117 
1087 41.843432 0.000000 6.901585 98.369337 0.000000 0.106151 0.032346 
1088 42.306587 0.000000 7.335459 98.424132 -0.163717 0.477751 0.031244 
1089 41.843432 0.000000 7.769332 98.599995 0.000000 0.412463 0.027787 
1090 40.453968 0.000000 8.637080 98.884862 -0.155866 0.180597 0.022173 
1091 39.527658 0.000000 8.637080 98.824832 -0.123989 0.101536 0.023363 
1092 40.453968 0.000000 9.504827 99.541949 -0.032452 0.573627 0.009107 
1093 40.917122 0.000000 7.335459 98.471201 -0.000000 0.159054 0.030340 
1094 40.453968 0.000000 7.335459 98.387081 -0.000000 0.028693 0.031998 
1095 40.917122 0.000000 7.769332 98.612761 -0.000000 0.265741 0.027545 
1096 45.085516 0.000000 11.240321 99.296384 0.032896 1.780832 0.013706 
1097 46.938135 0.000000 11.240321 99.227249 0.201939 2.027146 0.014980 
1098 45.085516 0.000000 12.975815 99.393132 0.199692 2.054091 0.011675 
1099 42.306587 0.000000 10.372574 99.304379 -0.028590 1.188624 0.013723 
1100 41.380277 0.000000 10.372574 99.443465 -0.030278 1.046876 0.010990 
1101 43.232897 0.000000 10.372574 99.244916 -0.012880 1.331424 0.014867 
1102 42.306587 0.000000 11.240321 99.452265 -0.039062 1.396349 0.010730 
1103 41.843432 0.000000 9.070953 98.696741 0.000000 0.601642 0.025859 
1104 41.380277 0.000000 9.070953 98.648793 -0.000000 0.474098 0.026819 
1105 41.843432 0.000000 8.637080 98.699035 0.000000 0.618561 0.025812 
1106 42.306587 0.000000 9.070953 98.745291 0.000000 0.652667 0.024894 
1107 41.843432 0.000000 9.504827 99.171566 0.019163 0.850182 0.016428 
1108 29.801407 0.000000 2.996724 105.615923 -0.057993 2.536352 -0.116116 
1109 29.801407 0.000000 2.562850 104.411828 -0.093440 6.038120 -0.093830 
1110 30.264562 0.000000 2.996724 252.470555 -0.067270 -52.902727 -5.654008 
1111 29.801407 0.000000 3.430597 108.467944 -0.022813 -0.688230 -0.176577 
1112 29.106675 0.000000 2.779787 100.338473 -0.085393 25.124175 -0.069904 
1113 29.106675 0.000000 2.562850 99.474573 -0.106750 3.753518 0.009071 
1114 29.338252 0.000000 2.779787 96.104671 -0.103475 -7.828918 0.070259 
1115 29.106675 0.000000 2.996724 104.263307 -0.074018 22.852567 -0.139308 
1116 32.117181 0.000000 12.975815 100.329101 -0.233378 1.352923 -0.006781 
1117 32.117181 0.000000 16.446803 100.250694 0.228779 2.137963 -0.005482 
1118 30.264562 0.000000 7.769332 100.806705 0.133090 -0.005512 -0.016201 
1119 32.117181 0.000000 7.769332 100.395026 0.145541 -0.182488 -0.007922 
1120 30.264562 0.000000 9.504827 100.828580 0.243967 0.781476 -0.016707 
1121 29.338252 0.000000 5.166091 102.044121 -0.291913 -1.092246 -0.041428 
1122 30.264562 0.000000 5.166091 102.038779 -0.234415 -2.093163 -0.041635 
1123 29.338252 0.000000 6.033838 101.873927 -0.277933 -1.016972 -0.037941 
1124 28.875097 0.000000 3.864471 103.770888 -0.032777 10.075501 -0.086991 
1125 29.338252 0.000000 3.864471 105.838292 -0.026378 4.688350 -0.122373 
1126 28.875097 0.000000 4.298344 100.098901 -0.000000 -6.379329 -0.006049 
1127 28.643520 0.000000 3.213660 104.500568 -0.047320 19.118858 -0.128590 
1128 28.875097 0.000000 3.213660 102.380899 -0.045413 23.051255 -0.101321 
1129 28.643520 0.000000 3.430597 101.886693 -0.065707 13.745952 -0.056985 
1130 28.759308 0.000000 2.888255 104.920221 -0.066425 58.412153 -0.442024 
1131 28.643520 0.000000 2.888255 102.635618 -0.092928 57.541030 -0.384505 
1132 28.759308 0.000000 2.779787 105.121785 -0.080701 50.373340 -0.358807 
1133 28.875097 0.000000 2.888255 105.603340 -0.099013 58.607534 -0.458692 
1134 28.759308 0.000000 2.996724 107.020487 -0.069733 36.705392 -0.280068 
1135 28.296154 0.000000 2.888255 92.922545 -0.086789 10.384740 0.125755 
1136 28.296154 0.000000 2.779787 97.417215 -0.082952 15.356013 0.027407 
1137 28.411942 0.000000 2.888255 93.808231 -0.070343 21.253106 0.074832 
1138 28.296154 0.000000 2.996724 91.305992 -0.052250 17.477193 0.135776 
1139 27.717210 0.000000 2.345913 96.585550 -0.068083 2.910891 0.066275 
1140 27.485633 0.000000 2.345913 99.151215 -0.058081 -0.847423 0.016832 
1141 27.717210 0.000000 2.128976 97.078740 -0.096257 0.577693 0.057538 
1142 27.948787 0.000000 2.345913 95.836112 -0.105822 8.076339 0.075020 
1143 27.832999 0.000000 2.671318 97.042909 -0.069579 5.289897 0.055469 
1144 27.717210 0.000000 2.671318 97.904720 -0.065802 4.076621 0.039804 
1145 27.832999 0.000000 2.562850 97.258434 -0.070333 5.212647 0.051362 
1146 27.948787 0.000000 2.671318 98.870098 -0.089270 7.405850 0.016985 
1147 27.890893 0.000000 2.834021 89.303359 -0.078933 -15.849189 0.177371 
1148 27.832999 0.000000 2.834021 89.165481 -0.079173 -20.737420 0.161947 
1149 27.890893 0.000000 2.779787 90.743404 -0.066149 -5.161914 0.173898 
1150 27.948787 0.000000 2.834021 89.789419 -0.073066 -7.293179 0.188466 
1151 28.064576 0.000000 3.105192 93.333690 -0.059310 15.060633 0.106200 
1152 28.180365 0.000000 3.105192 91.512224 -0.058801 15.483941 0.138576 
1153 28.064576 0.000000 3.213660 94.119963 -0.059469 15.085985 0.091384 
1154 28.006682 0.000000 2.942489 90.487465 -0.076345 -2.026729 0.180791 
1155 28.006682 0.000000 2.888255 89.630509 -0.091883 -9.821215 0.186991 
1156 28.064576 0.000000 2.942489 90.315159 -0.072397 1.844321 0.183977 
1157 28.006682 0.000000 2.996724 91.167659 -0.080694 -0.910469 0.168762 
1158 27.919840 0.000000 2.915372 86.087306 -0.051053 -27.642057 0.182489 
1159 27.890893 0.000000 2.915372 86.072657 -0.054087 -26.408592 0.189408 
1160 27.919840 0.000000 2.888255 87.049005 -0.073544 -27.268532 0.167889 
1161 27.948787 0.000000 2.915372 89.266859 -0.074203 -8.443667 0.196013 
1162 27.919840 0.000000 2.942489 89.108002 -0.077187 -14.216368 0.185765 
1163 29.106675 0.000000 3.213660 98.877480 -0.046854 9.816465 0.012688 
1164 29.338252 0.000000 3.213660 109.013903 -0.026410 13.958559 -0.207887 
1165 29.106675 0.000000 3.430597 105.561381 -0.061085 5.545833 -0.117397 
1166 28.990886 0.000000 3.105192 108.991108 -0.064576 21.345873 -0.233471 
1167 28.875097 0.000000 3.105192 111.691725 -0.072440 26.190825 -0.316101 
1168 28.990886 0.000000 2.996724 109.950134 -0.073313 28.632646 -0.290887 
1169 29.106675 0.000000 3.105192 104.287527 -0.069090 15.633230 -0.112029 
1170 28.990886 0.000000 3.213660 97.269785 -0.039709 9.084130 0.045607 
1171 29.801407 0.000000 3.864471 105.555748 -0.021353 -4.244860 -0.116004 
1172 30.264562 0.000000 3.864471 107.458774 -0.029884 -3.245177 -0.155792 
1173 29.801407 0.000000 4.298344 102.397693 -0.000000 -2.560736 -0.049184 
1174 31.190871 0.000000 5.166091 101.022001 -0.033031 -2.587815 -0.021214 
1175 32.117181 0.000000 5.166091 100.425999 -0.000000 -3.299609 -0.009627 
1176 31.190871 0.000000 6.033838 100.746658 -0.019702 -1.395254 -0.015184 
1177 30.727716 0.000000 3.864471 105.630528 -0.018534 -9.287888 -0.124407 
1178 30.727716 0.000000 3.430597 124.143567 -0.018978 -12.238224 -0.556140 
1179 31.190871 0.000000 3.864471 102.382592 -0.019290 -9.341726 -0.056946 
1180 30.727716 0.000000 4.298344 106.359644 -0.023887 -9.609331 -0.140471 
1181 30.032984 0.000000 3.647534 107.355079 -0.037088 -1.365559 -0.152698 
1182 29.801407 0.000000 3.647534 108.062972 -0.028476 -0.557290 -0.167792 
1183 30.032984 0.000000 3.430597 109.178380 -0.027171 1.544270 -0.192230 
1184 30.264562 0.000000 3.647534 108.655640 -0.039145 -3.207112 -0.181634 
1185 30.032984 0.000000 3.864471 106.114544 -0.031129 -1.738996 -0.126332 
1186 30.727716 0.000000 2.996724 196.687476 -0.054462 -46.778065 -3.087415 
1187 30.727716 0.000000 2.562850 144.488878 -0.121510 -27.740559 -1.164659 
1188 30.032984 0.000000 3.213660 110.236402 -0.033723 1.987779 -0.215602 
1189 29.801407 0.000000 3.213660 109.319155 -0.031710 1.567411 -0.195314 
1190 30.032984 0.000000 2.996724 158.225359 -0.052508 -9.156738 -1.511911 
1191 30.264562 0.000000 3.213660 127.996235 -0.031887 -6.278962 -0.642246 
1192 30.496139 0.000000 3.647534 108.166664 -0.021418 -5.042311 -0.172545 
1193 30.496139 0.000000 3.430597 123.416367 -0.020827 -9.850275 -0.532863 
1194 30.727716 0.000000 3.647534 108.820956 -0.007206 -9.634342 -0.193482 
1195 30.496139 0.000000 3.864471 107.164003 -0.032307 -6.112216 -0.152148 
1196 30.148773 0.000000 3.539065 106.630767 -0.018136 -5.226272 -0.139743 
1197 30.032984 0.000000 3.539065 107.599603 -0.031554 -1.302795 -0.157937 
1198 30.148773 0.000000 3.430597 110.737439 -0.028874 0.111266 -0.226279 
1199 30.264562 0.000000 3.539065 105.964914 -0.020052 -4.258838 -0.124670 
1200 30.148773 0.000000 3.647534 106.974943 -0.038113 -0.951866 -0.144455 
1201 30.496139 0.000000 3.213660 141.291208 -0.031501 -14.178496 -1.016424 
1202 30.496139 0.000000 2.996724 273.499078 -0.081837 -70.705890 -6.980108 
1203 30.727716 0.000000 3.213660 136.572971 -0.034219 -16.523820 -0.892521 
1204 30.148773 0.000000 3.322129 110.009092 -0.033238 1.916021 -0.210567 
1205 30.032984 0.000000 3.322129 107.820080 -0.025303 4.380400 -0.164436 
1206 30.148773 0.000000 3.213660 126.094704 -0.034677 -4.024535 -0.591607 
1207 30.264562 0.000000 3.322129 126.526823 -0.019321 -3.701311 -0.602274 
1208 30.380350 0.000000 3.539065 106.245335 -0.021570 -3.919432 -0.130343 
1209 30.380350 0.000000 3.430597 107.590925 -0.022167 -3.136860 -0.158565 
1210 30.496139 0.000000 3.539065 107.872526 -0.015329 -3.628705 -0.164965 
1211 30.380350 0.000000 3.647534 108.048345 -0.025307 -4.241335 -0.169243 
1212 30.206667 0.000000 3.484831 105.366898 -0.012392 -5.557718 -0.113307 
1213 30.148773 0.000000 3.484831 106.373778 -0.013005 -6.133121 -0.135300 
1214 30.206667 0.000000 3.430597 109.752881 -0.022293 -1.823077 -0.204902 
1215 30.264562 0.000000 3.484831 106.169874 -0.018232 -3.979420 -0.128788 
1216 30.206667 0.000000 3.539065 105.821448 -0.019324 -4.357673 -0.121717 
1217 29.569829 0.000000 3.647534 107.454501 -0.030825 1.730784 -0.154947 
1218 29.338252 0.000000 3.647534 103.840381 -0.046857 3.869695 -0.079780 
1219 29.569829 0.000000 3.430597 107.788876 -0.017351 -0.661606 -0.161888 
1220 29.569829 0.000000 3.864471 107.543469 -0.024221 -1.687659 -0.156845 
1221 29.917195 0.000000 3.539065 107.875997 -0.030935 -0.686513 -0.163770 
1222 29.801407 0.000000 3.539065 107.080686 -0.025499 -0.069493 -0.146628 
1223 29.917195 0.000000 3.430597 108.413058 -0.025434 1.685790 -0.175623 
1224 29.917195 0.000000 3.647534 106.761621 -0.037966 -1.051808 -0.139915 
1225 30.090879 0.000000 3.484831 107.572956 -0.022055 -3.655023 -0.158530 
1226 30.032984 0.000000 3.484831 108.799648 -0.028562 -0.809017 -0.183802 
1227 30.090879 0.000000 3.430597 110.021944 -0.028726 1.085838 -0.210601 
1228 30.090879 0.000000 3.539065 109.315246 -0.035843 -1.683078 -0.195266 
1229 29.801407 0.000000 4.732218 102.575926 -0.244181 -1.656079 -0.052462 
1230 29.338252 0.000000 4.732218 102.391079 -0.289355 -0.958375 -0.048494 
1231 30.264562 0.000000 4.732218 108.454407 -0.000000 -11.782006 -0.190117 
1232 29.801407 0.000000 5.166091 102.092559 -0.253784 -1.575555 -0.042544 
1233 30.032984 0.000000 4.081407 105.699612 -0.024007 -4.098874 -0.118921 
1234 29.801407 0.000000 4.081407 103.776209 -0.029406 -2.108281 -0.077395 
1235 30.264562 0.000000 4.081407 106.071580 -0.018021 -5.705796 -0.128374 
1236 30.032984 0.000000 4.298344 105.100994 -0.000000 -3.870238 -0.106120 
1237 30.148773 0.000000 3.756002 106.862042 -0.029338 -1.686901 -0.142234 
1238 30.032984 0.000000 3.756002 107.609564 -0.028560 -2.154601 -0.158446 
1239 30.264562 0.000000 3.756002 106.727309 -0.033458 -3.667751 -0.140417 
1240 30.148773 0.000000 3.864471 106.588694 -0.030639 -2.220811 -0.136608 
1241 30.206667 0.000000 3.593300 108.370151 -0.037149 -2.047623 -0.174828 
1242 30.148773 0.000000 3.593300 109.467814 -0.038845 -2.297190 -0.198848 
1243 30.264562 0.000000 3.593300 106.999865 -0.028837 -3.367670 -0.146031 
1244 30.206667 0.000000 3.647534 108.670764 -0.040803 -2.505827 -0.181562 
1245 30.177720 0.000000 3.511948 106.200650 -0.015045 -5.601103 -0.130995 
1246 30.148773 0.000000 3.511948 106.178646 -0.012263 -6.497279 -0.131612 
1247 30.177720 0.000000 3.484831 106.492877 -0.014853 -5.593701 -0.137202 
1248 30.206667 0.000000 3.511948 104.892833 -0.010782 -6.079448 -0.103947 
1249 30.177720 0.000000 3.539065 107.156633 -0.023424 -4.026391 -0.149876 
1250 30.090879 0.000000 3.593300 107.871199 -0.035846 -0.987882 -0.163717 
1251 30.032984 0.000000 3.593300 107.390516 -0.035734 -0.842946 -0.153343 
1252 30.090879 0.000000 3.647534 107.740720 -0.037072 -1.513108 -0.161035 
1253 30.119826 0.000000 3.511948 106.339296 -0.013792 -6.134177 -0.134567 
1254 30.090879 0.000000 3.511948 107.484900 -0.022271 -3.989670 -0.156892 
1255 30.119826 0.000000 3.484831 106.500455 -0.014366 -5.774389 -0.137569 
1256 30.119826 0.000000 3.539065 107.394184 -0.022756 -4.049189 -0.154991 
1257 30.380350 0.000000 3.322129 131.292796 -0.026080 -8.640925 -0.731246 
1258 30.380350 0.000000 3.213660 124.355572 -0.021337 -7.780213 -0.552484 
1259 30.496139 0.000000 3.322129 134.063365 -0.030513 -13.517207 -0.815570 
1260 30.206667 0.000000 3.376363 112.337463 -0.026055 0.654506 -0.262013 
1261 30.148773 0.000000 3.376363 111.062131 -0.027671 0.653976 -0.233523 
1262 30.206667 0.000000 3.322129 112.528322 -0.025912 0.987596 -0.266360 
1263 30.264562 0.000000 3.376363 114.740233 -0.019483 1.793745 -0.316854 
1264 30.177720 0.000000 3.457714 107.890119 -0.021951 -3.602483 -0.165326 
1265 30.148773 0.000000 3.457714 107.837473 -0.017257 -3.852952 -0.164377 
1266 30.177720 0.000000 3.430597 109.499802 -0.022985 -1.672252 -0.199300 
1267 30.206667 0.000000 3.457714 107.151632 -0.018383 -4.145617 -0.149866 
1268 30.163246 0.000000 3.498390 106.384798 -0.013952 -5.975060 -0.135343 
1269 30.148773 0.000000 3.498390 106.001601 -0.010425 -6.844577 -0.128319 
1270 30.163246 0.000000 3.484831 106.569664 -0.014736 -5.686556 -0.138943 
1271 30.177720 0.000000 3.498390 106.172545 -0.014525 -5.596327 -0.130393 
1272 30.163246 0.000000 3.511948 106.308550 -0.014897 -5.706021 -0.133407 
1273 37.675039 0.000000 11.240321 99.928964 0.011044 1.371312 0.001232 
1274 35.822419 0.000000 11.240321 100.124232 0.071180 1.286433 -0.002652 
1275 37.675039 0.000000 12.975815 99.889449 0.094317 1.662290 0.001933 
1276 40.453968 0.000000 10.372574 99.615877 0.021403 0.959131 0.007576 
1277 39.527658 0.000000 10.372574 99.812277 -0.060964 0.968107 0.003657 
1278 40.453968 0.000000 11.240321 99.669666 -0.049534 1.278352 0.006432 
1279 40.917122 0.000000 9.070953 99.072161 -0.246317 0.113551 0.018463 
1280 40.453968 0.000000 9.070953 99.288895 -0.354656 0.067187 0.014158 
1281 40.917122 0.000000 8.637080 98.866234 -0.129583 0.225817 0.022540 
1282 40.917122 0.000000 9.504827 99.370203 0.048622 0.619701 0.012518 
1283 38.601348 0.000000 8.637080 99.116154 -0.165607 0.088038 0.017595 
1284 37.675039 0.000000 8.637080 98.870906 -0.050455 0.421406 0.022436 
1285 38.601348 0.000000 7.769332 98.457245 -0.000000 0.039914 0.030617 
1286 38.601348 0.000000 9.504827 100.137020 0.032906 0.565232 -0.002774 
1287 39.990813 0.000000 9.070953 99.335417 -0.337150 0.069591 0.013236 
1288 39.527658 0.000000 9.070953 99.352049 -0.293390 0.051246 0.012908 
1289 39.990813 0.000000 8.637080 98.795829 -0.121833 0.155435 0.023935 
1290 39.990813 0.000000 9.504827 99.679074 -0.048594 0.552334 0.006377 
1291 40.917122 0.000000 8.203206 98.676949 -0.000000 0.353090 0.026274 
1292 40.453968 0.000000 8.203206 98.629095 -0.000000 0.259953 0.027223 
1293 41.380277 0.000000 8.203206 98.692464 -0.000000 0.505375 0.025954 
1294 40.685545 0.000000 8.854016 99.245475 -0.335792 0.066960 0.015022 
1295 40.453968 0.000000 8.854016 99.177027 -0.305020 0.095111 0.016382 
1296 40.685545 0.000000 8.637080 98.957403 -0.190741 0.183972 0.020736 
1297 40.917122 0.000000 8.854016 99.054315 -0.245659 0.124183 0.018817 
1298 40.685545 0.000000 9.070953 99.228886 -0.325119 0.069629 0.015352 
1299 41.148700 0.000000 8.854016 98.926445 -0.161093 0.210510 0.021349 
1300 41.148700 0.000000 8.637080 98.800809 -0.084449 0.305772 0.023830 
1301 41.380277 0.000000 8.854016 98.661377 -0.000000 0.505212 0.026568 
1302 41.148700 0.000000 9.070953 98.974121 -0.185367 0.184613 0.020405 
1303 40.917122 0.000000 9.938700 99.454934 0.023156 0.824711 0.010804 
1304 40.453968 0.000000 9.938700 99.569842 -0.014380 0.779124 0.008524 
1305 41.380277 0.000000 9.938700 99.354452 -0.020617 0.899011 0.012788 
1306 40.917122 0.000000 10.372574 99.514180 -0.030866 1.012220 0.009590 
1307 40.685545 0.000000 9.287890 98.475868 -0.000000 0.248901 0.030244 
1308 40.453968 0.000000 9.287890 98.472668 -0.000000 0.246833 0.030307 
1309 40.917122 0.000000 9.287890 98.619891 0.000000 0.353357 0.027399 
1310 40.685545 0.000000 9.504827 99.461918 -0.022694 0.597212 0.010697 
1311 40.801334 0.000000 8.962485 99.219482 -0.333206 0.069353 0.015538 
1312 40.685545 0.000000 8.962485 99.293846 -0.358876 0.054295 0.014060 
1313 40.801334 0.000000 8.854016 99.197556 -0.319714 0.078790 0.015974 
1314 40.917122 0.000000 8.962485 99.035307 -0.225198 0.115947 0.019194 
1315 40.801334 0.000000 9.070953 99.166420 -0.295009 0.082205 0.016593 
1316 39.990813 0.000000 8.203206 98.561391 -0.000000 0.170715 0.028562 
1317 39.527658 0.000000 8.203206 98.547835 -0.000000 0.133435 0.028831 
1318 39.990813 0.000000 7.769332 98.531999 0.000000 0.072472 0.029144 
1319 40.685545 0.000000 8.420143 98.637465 -0.000000 0.308701 0.027056 
1320 40.453968 0.000000 8.420143 98.598125 0.000000 0.258419 0.027834 
1321 40.685545 0.000000 8.203206 98.668500 -0.000000 0.300739 0.026444 
1322 40.917122 0.000000 8.420143 98.660401 -0.000000 0.357759 0.026600 
1323 40.801334 0.000000 8.745548 99.100685 -0.260315 0.118186 0.017897 
1324 40.685545 0.000000 8.745548 99.078539 -0.258526 0.130479 0.018336 
1325 40.801334 0.000000 8.637080 98.971600 -0.191980 0.163369 0.020456 
1326 40.917122 0.000000 8.745548 99.017262 -0.217089 0.145606 0.019551 
1327 41.148700 0.000000 9.287890 99.227079 0.096795 0.570524 0.015365 
1328 41.380277 0.000000 9.287890 98.659125 -0.000000 0.504665 0.026612 
1329 41.148700 0.000000 9.504827 99.296604 0.048845 0.675514 0.013973 
1330 41.032911 0.000000 8.962485 99.022545 -0.212488 0.156425 0.019447 
1331 41.032911 0.000000 8.854016 99.011701 -0.206702 0.164957 0.019661 
1332 41.148700 0.000000 8.962485 98.939105 -0.168121 0.199586 0.021099 
1333 41.032911 0.000000 9.070953 98.994749 -0.201166 0.149726 0.019998 
1334 40.859228 0.000000 8.908250 99.195168 -0.336370 0.067352 0.016020 
1335 40.801334 0.000000 8.908250 99.219568 -0.334217 0.069415 0.015536 
1336 40.859228 0.000000 8.854016 99.092758 -0.270262 0.106496 0.018054 
1337 40.917122 0.000000 8.908250 98.959920 -0.182638 0.153474 0.020688 
1338 40.859228 0.000000 8.962485 99.173882 -0.315046 0.081300 0.016444 
1339 40.222390 0.000000 8.854016 99.355089 -0.367338 0.065209 0.012843 
1340 39.990813 0.000000 8.854016 99.241007 -0.300963 0.086613 0.015112 
1341 40.222390 0.000000 8.637080 98.787476 -0.123193 0.163392 0.024099 
1342 40.222390 0.000000 9.070953 99.374352 -0.374453 0.061645 0.012459 
1343 40.569756 0.000000 8.962485 99.339757 -0.376361 0.061642 0.013147 
1344 40.453968 0.000000 8.962485 99.075779 -0.264007 0.111434 0.018391 
1345 40.569756 0.000000 8.854016 99.278291 -0.349054 0.078036 0.014369 
1346 40.569756 0.000000 9.070953 99.263058 -0.343030 0.080998 0.014672 
1347 38.601348 0.000000 10.372574 99.992579 -0.075383 1.032285 0.000041 
1348 37.675039 0.000000 10.372574 100.116079 0.117491 1.042971 -0.002433 
1349 38.601348 0.000000 11.240321 99.894766 -0.080583 1.317862 0.001929 
1350 39.064503 0.000000 9.070953 99.501689 -0.299451 0.036676 0.009932 
1351 38.601348 0.000000 9.070953 99.482536 -0.247411 0.061124 0.010316 
1352 39.064503 0.000000 8.637080 98.967709 -0.162735 0.063519 0.020536 
1353 39.064503 0.000000 9.504827 100.011615 -0.066007 0.547608 -0.000263 
1354 38.601348 0.000000 6.901585 98.582797 -0.000000 -0.297630 0.028134 
1355 37.675039 0.000000 6.901585 98.775853 -0.000000 -0.218361 0.024328 
1356 39.064503 0.000000 8.203206 98.485552 -0.000000 0.078715 0.030059 
1357 38.601348 0.000000 8.203206 98.449346 -0.000000 0.138782 0.030771 
1358 39.064503 0.000000 7.769332 98.514221 -0.000000 0.032179 0.029495 
1359 39.296081 0.000000 8.854016 99.432692 -0.302897 0.033846 0.011305 
1360 39.064503 0.000000 8.854016 99.361833 -0.263625 0.044333 0.012715 
1361 39.296081 0.000000 8.637080 98.973003 -0.158247 0.067552 0.020432 
1362 39.527658 0.000000 8.854016 99.216195 -0.250354 0.061481 0.015608 
1363 39.296081 0.000000 9.070953 99.414349 -0.298584 0.035150 0.011670 
1364 33.969800 0.000000 7.769332 99.711334 -0.058965 -0.112549 0.005763 
1365 33.969800 0.000000 9.504827 100.041843 -0.247116 0.662773 -0.000887 
1366 36.748729 0.000000 8.637080 98.772879 0.000000 1.019485 0.024288 
1367 35.822419 0.000000 8.637080 99.784871 -0.029427 0.387057 0.004283 
1368 36.748729 0.000000 7.769332 99.043833 0.000000 0.452965 0.019011 
1369 36.748729 0.000000 9.504827 99.865898 0.057923 1.137457 0.002551 
1370 38.138194 0.000000 9.070953 99.573325 -0.196750 0.112694 0.008510 
1371 37.675039 0.000000 9.070953 99.988124 -0.113592 0.190907 0.000233 
1372 38.138194 0.000000 8.637080 98.979349 -0.114381 0.195004 0.020304 
1373 38.138194 0.000000 9.504827 100.369027 0.089803 0.541035 -0.007424 
1374 33.969800 0.000000 11.240321 100.284957 -0.044863 1.041548 -0.005816 
1375 32.117181 0.000000 11.240321 100.738434 -0.440587 0.869675 -0.014918 
1376 33.969800 0.000000 12.975815 100.229585 -0.013159 1.556113 -0.004839 
1377 36.748729 0.000000 10.372574 100.060234 0.109556 1.165055 -0.001342 
1378 35.822419 0.000000 10.372574 99.924972 -0.035089 1.125774 0.001373 
1379 36.748729 0.000000 11.240321 100.032407 0.080303 1.313825 -0.000821 
1380 37.211884 0.000000 9.070953 100.114991 -0.030181 0.362863 -0.002314 
1381 36.748729 0.000000 9.070953 98.413290 0.000000 1.209479 0.031336 
1382 37.211884 0.000000 8.637080 99.040474 -0.011414 0.788189 0.019036 
1383 37.211884 0.000000 9.504827 100.250398 0.115835 1.123677 -0.005142 
1384 38.138194 0.000000 8.203206 98.456943 -0.000000 0.232275 0.030618 
1385 37.675039 0.000000 8.203206 98.489387 0.000000 0.534059 0.029956 
1386 38.138194 0.000000 7.769332 98.604775 -0.000000 0.124857 0.027708 
1387 37.906616 0.000000 8.854016 99.503709 -0.161415 0.200592 0.009895 
1388 37.675039 0.000000 8.854016 99.693835 -0.100791 0.299718 0.006104 
1389 37.906616 0.000000 8.637080 98.774023 -0.070932 0.285555 0.024361 
1390 38.138194 0.000000 8.854016 99.597844 -0.206086 0.109235 0.008022 
1391 37.906616 0.000000 9.070953 99.578324 -0.168459 0.174574 0.008410 
1392 36.748729 0.000000 6.901585 98.889952 -0.000000 -0.030747 0.022078 
1393 35.822419 0.000000 6.901585 98.952625 0.000000 -0.036561 0.020838 
1394 37.211884 0.000000 8.203206 98.708696 0.000000 0.713847 0.025608 
1395 36.748729 0.000000 8.203206 99.033576 0.000000 0.828805 0.019166 
1396 37.211884 0.000000 7.769332 98.968502 0.000000 0.378785 0.020509 
1397 37.443461 0.000000 8.854016 99.837937 -0.070933 0.395834 0.003222 
1398 37.211884 0.000000 8.854016 99.865888 -0.025515 0.471277 0.002658 
1399 37.443461 0.000000 8.637080 99.343644 -0.032060 0.490666 0.013060 
1400 37.443461 0.000000 9.070953 99.991674 -0.066139 0.321486 0.000156 
1401 34.896110 0.000000 8.637080 99.807211 -0.217051 0.386237 0.003832 
1402 33.969800 0.000000 8.637080 99.773279 -0.247081 0.337560 0.004512 
1403 34.896110 0.000000 7.769332 99.514559 -0.077543 0.024451 0.009685 
1404 34.896110 0.000000 9.504827 100.115899 -0.123898 0.528298 -0.002349 
1405 36.285574 0.000000 9.070953 99.810154 0.018116 0.770617 0.003734 
1406 35.822419 0.000000 9.070953 99.897804 -0.046394 0.558134 0.002012 
1407 36.285574 0.000000 8.637080 99.037263 0.000000 1.010890 0.019060 
1408 36.285574 0.000000 9.504827 99.747047 -0.003456 1.018971 0.004949 
1409 36.980307 0.000000 8.854016 99.066715 -0.002138 0.877758 0.018502 
1410 36.748729 0.000000 8.854016 98.431996 0.000000 1.226714 0.030964 
1411 36.980307 0.000000 8.637080 98.578787 0.000000 1.236032 0.028069 
1412 36.980307 0.000000 9.070953 99.422750 -0.003211 0.764847 0.011453 
1413 37.211884 0.000000 9.938700 100.148571 0.137760 1.103931 -0.003097 
1414 36.748729 0.000000 9.938700 99.994481 -0.004709 1.132525 -0.000018 
1415 37.675039 0.000000 9.938700 100.261183 0.089225 0.930886 -0.005318 
1416 37.211884 0.000000 10.372574 100.117269 0.105107 1.149055 -0.002480 
1417 37.443461 0.000000 9.287890 100.232062 -0.035893 0.268404 -0.004654 
1418 37.211884 0.000000 9.287890 99.635577 -0.003924 0.656261 0.007232 
1419 37.675039 0.000000 9.287890 99.740200 -0.141055 0.172071 0.005184 
1420 37.443461 0.000000 9.504827 100.384335 0.185336 0.976762 -0.007800 
1421 37.327673 0.000000 8.962485 100.088341 -0.050836 0.374974 -0.001782 
1422 37.211884 0.000000 8.962485 100.056845 -0.028563 0.390220 -0.001153 
1423 37.327673 0.000000 8.854016 99.935967 -0.041859 0.428883 0.001262 
1424 37.443461 0.000000 8.962485 99.930096 -0.077051 0.362613 0.001384 
1425 37.327673 0.000000 9.070953 100.259194 -0.051732 0.268771 -0.005198 
1426 36.980307 0.000000 9.287890 98.394180 0.000000 1.192009 0.031716 
1427 36.748729 0.000000 9.287890 98.503660 0.000000 1.289794 0.029537 
1428 36.980307 0.000000 9.504827 99.988059 0.112783 1.166944 0.000101 
1429 37.096095 0.000000 8.962485 99.899998 -0.025964 0.469348 0.001977 
1430 36.980307 0.000000 8.962485 99.204155 -0.002625 0.793557 0.015791 
1431 37.096095 0.000000 8.854016 99.707169 -0.022649 0.564601 0.005816 
1432 37.096095 0.000000 9.070953 99.821593 -0.012604 0.513367 0.003539 
1433 37.443461 0.000000 8.420143 98.448193 0.000000 0.680455 0.030749 
1434 37.211884 0.000000 8.420143 98.569698 0.000000 0.837654 0.028331 
1435 37.443461 0.000000 8.203206 98.586184 0.000000 0.609469 0.028039 
1436 37.675039 0.000000 8.420143 98.386788 0.000000 0.572138 0.031971 
1437 37.327673 0.000000 8.745548 99.670047 -0.036858 0.452035 0.006568 
1438 37.211884 0.000000 8.745548 99.512862 -0.019726 0.611109 0.009682 
1439 37.327673 0.000000 8.637080 99.010092 -0.013153 0.650771 0.019658 
1440 37.443461 0.000000 8.745548 99.729641 -0.042787 0.381602 0.005385 
1441 37.269778 0.000000 8.908250 99.957262 -0.019165 0.569048 0.000822 
1442 37.211884 0.000000 8.908250 99.981092 -0.027263 0.422651 0.000360 
1443 37.269778 0.000000 8.854016 99.732917 -0.035015 0.512425 0.005308 
1444 37.327673 0.000000 8.908250 100.164412 -0.052051 0.346971 -0.003303 
1445 37.269778 0.000000 8.962485 99.999034 -0.026171 0.525051 -0.000008 
1446 54.348612 0.000000 6.033838 99.386764 0.724551 2.449256 0.011575 
1447 54.348612 0.000000 2.562850 99.288936 -0.220484 2.830429 0.013365 
1448 58.053851 0.000000 6.033838 99.508277 -0.265123 2.729979 0.009058 
1449 54.348612 0.000000 9.504827 99.390556 0.349735 2.539876 0.011494 
1450 40.917122 0.000000 3.864471 107.511910 -0.146466 -10.568837 -0.167053 
1451 40.917122 0.000000 3.430597 107.385673 -0.105923 -5.009769 -0.155679 
1452 41.380277 0.000000 3.864471 111.645555 -0.214146 -13.985706 -0.266038 
1453 40.222390 0.000000 4.081407 100.475144 0.041277 -3.244754 -0.010578 
1454 39.990813 0.000000 4.081407 100.416712 0.037411 -2.782047 -0.009126 
1455 40.222390 0.000000 3.864471 102.287655 0.000731 -4.300697 -0.048126 
1456 40.453968 0.000000 4.081407 101.595921 0.017140 -4.315850 -0.034036 
1457 40.222390 0.000000 4.298344 99.133818 0.035847 -2.793938 0.016468 
1458 40.222390 0.000000 3.647534 103.848438 -0.005651 -5.356637 -0.081319 
1459 39.990813 0.000000 3.647534 103.723751 0.002482 -4.264993 -0.077681 
1460 40.222390 0.000000 3.430597 107.060562 -0.016388 -5.713254 -0.149461 
1461 40.453968 0.000000 3.647534 105.303469 -0.016447 -6.711453 -0.113386 
1462 40.685545 0.000000 4.081407 102.935829 -0.050450 -5.304574 -0.062393 
1463 40.685545 0.000000 3.864471 104.903567 -0.014073 -7.345042 -0.105871 
1464 40.917122 0.000000 4.081407 106.386082 -0.119505 -8.545913 -0.139105 
1465 40.685545 0.000000 4.298344 98.441220 0.000000 -2.724424 0.030190 
1466 40.338179 0.000000 3.972939 102.046854 0.011837 -4.285076 -0.043192 
1467 40.222390 0.000000 3.972939 101.859866 0.011372 -3.971729 -0.039121 
1468 40.338179 0.000000 3.864471 102.228208 0.001862 -4.700883 -0.047270 
1469 40.453968 0.000000 3.972939 103.276522 0.001393 -5.422659 -0.069545 
1470 40.338179 0.000000 4.081407 101.433905 0.026509 -3.702492 -0.030255 
1471 40.917122 0.000000 2.996724 107.079331 -0.133942 -1.736034 -0.146901 
1472 41.380277 0.000000 2.996724 106.782186 -0.207144 -1.029094 -0.140354 
1473 40.685545 0.000000 3.647534 106.430027 -0.033444 -8.706274 -0.140315 
1474 40.685545 0.000000 3.430597 107.578304 -0.066012 -7.980172 -0.163678 
1475 40.917122 0.000000 3.647534 109.438601 -0.058801 -12.007372 -0.212099 
1476 40.338179 0.000000 3.756002 104.254902 -0.001701 -5.472623 -0.089903 
1477 40.222390 0.000000 3.756002 103.362793 0.000805 -4.673961 -0.070571 
1478 40.338179 0.000000 3.647534 104.699510 -0.010539 -6.162130 -0.099996 
1479 40.453968 0.000000 3.756002 104.737769 -0.010894 -6.551870 -0.101293 
1480 40.569756 0.000000 3.972939 103.633992 0.003836 -5.871269 -0.077448 
1481 40.569756 0.000000 3.864471 104.627896 -0.002380 -6.203102 -0.098548 
1482 40.685545 0.000000 3.972939 104.330665 0.001314 -6.439520 -0.092636 
1483 40.569756 0.000000 4.081407 102.425913 0.021062 -4.812504 -0.051423 
1484 40.396073 0.000000 3.918705 102.628697 0.001649 -4.914867 -0.055681 
1485 40.338179 0.000000 3.918705 102.127498 0.002016 -4.663261 -0.045177 
1486 40.396073 0.000000 3.864471 102.811550 0.001448 -4.989550 -0.059511 
1487 40.453968 0.000000 3.918705 103.538611 0.001030 -5.366900 -0.074905 
1488 40.396073 0.000000 3.972939 102.225318 0.012249 -4.359084 -0.046902 
1489 39.064503 0.000000 3.864471 99.232020 0.038184 -3.806557 0.013851 
1490 38.601348 0.000000 3.864471 100.166556 0.044483 -6.120583 -0.007080 
1491 39.759235 0.000000 4.081407 100.668898 0.037509 -2.593385 -0.014095 
1492 39.527658 0.000000 4.081407 99.802036 0.037065 -2.627220 0.003265 
1493 39.759235 0.000000 3.864471 100.918413 0.035916 -2.496923 -0.019076 
1494 40.106602 0.000000 3.972939 101.677967 0.018369 -3.230576 -0.034885 
1495 39.990813 0.000000 3.972939 100.966696 0.028750 -2.818058 -0.020222 
1496 40.106602 0.000000 3.864471 101.821872 0.007109 -3.353783 -0.037894 
1497 40.106602 0.000000 4.081407 100.467284 0.035383 -3.072172 -0.010311 
1498 40.280285 0.000000 3.918705 101.511064 0.007721 -4.028217 -0.032072 
1499 40.222390 0.000000 3.918705 102.059116 0.007798 -4.018933 -0.043222 
1500 40.280285 0.000000 3.864471 101.832596 0.000041 -4.360302 -0.038889 
1501 40.280285 0.000000 3.972939 101.822174 0.010621 -4.049025 -0.038415 
1502 40.569756 0.000000 3.756002 105.297010 -0.016457 -7.243361 -0.113993 
1503 40.569756 0.000000 3.647534 106.126412 -0.029750 -7.889128 -0.132505 
1504 40.685545 0.000000 3.756002 106.194922 -0.023025 -7.947923 -0.134053 
1505 40.396073 0.000000 3.810236 103.106188 0.001272 -5.112624 -0.065702 
1506 40.338179 0.000000 3.810236 103.072701 -0.001036 -5.004531 -0.064903 
1507 40.396073 0.000000 3.756002 104.899002 -0.013024 -6.428553 -0.104513 
1508 40.453968 0.000000 3.810236 104.361113 0.000265 -5.775042 -0.092459 
1509 40.367126 0.000000 3.891588 102.453282 0.001802 -4.817307 -0.051988 
1510 40.338179 0.000000 3.891588 102.052096 0.001807 -4.628426 -0.043605 
1511 40.367126 0.000000 3.864471 102.573013 0.001753 -4.866281 -0.054490 
1512 40.396073 0.000000 3.891588 102.703092 0.001540 -4.944733 -0.057238 
1513 40.367126 0.000000 3.918705 102.418124 0.001918 -4.804865 -0.051256 
1514 39.759235 0.000000 3.647534 102.872725 0.016122 -3.402901 -0.059438 
1515 39.527658 0.000000 3.647534 101.285041 0.045398 -2.610247 -0.026548 
1516 39.759235 0.000000 3.430597 105.550347 0.008006 -1.534371 -0.114323 
1517 40.106602 0.000000 3.756002 102.932462 0.002569 -4.218248 -0.061289 
1518 39.990813 0.000000 3.756002 102.509470 0.012407 -3.583891 -0.052104 
1519 40.106602 0.000000 3.647534 103.635903 0.002675 -4.613542 -0.076169 
1520 40.280285 0.000000 3.810236 102.673304 -0.000064 -4.643661 -0.056337 
1521 40.222390 0.000000 3.810236 102.617991 0.000732 -4.432983 -0.055010 
1522 40.280285 0.000000 3.756002 103.406210 -0.000251 -5.074283 -0.071859 
1523 40.309232 0.000000 3.891588 101.190591 0.001057 -4.181854 -0.025702 
1524 40.280285 0.000000 3.891588 101.239345 0.001294 -4.177528 -0.026686 
1525 40.309232 0.000000 3.864471 101.832859 -0.000218 -4.389811 -0.038920 
1526 40.309232 0.000000 3.918705 101.515486 0.007557 -4.056983 -0.032185 
1527 40.367126 0.000000 3.837354 102.759216 0.001743 -4.943534 -0.058389 
1528 40.338179 0.000000 3.837354 102.773681 -0.000854 -4.886335 -0.058631 
1529 40.367126 0.000000 3.810236 103.225243 -0.001599 -5.088846 -0.068135 
1530 40.396073 0.000000 3.837354 102.951742 0.001364 -5.048118 -0.062454 
1531 40.352653 0.000000 3.878029 102.330972 0.001830 -4.754485 -0.049423 
1532 40.338179 0.000000 3.878029 102.107920 0.001804 -4.650978 -0.044766 
1533 40.352653 0.000000 3.864471 102.417870 0.001840 -4.790381 -0.051237 
1534 40.367126 0.000000 3.878029 102.501919 0.001770 -4.836966 -0.053004 
1535 40.352653 0.000000 3.891588 102.280980 0.001851 -4.734355 -0.048381 
1536 40.685545 0.000000 4.515281 98.414965 0.000000 -2.468383 0.030840 
1537 40.453968 0.000000 4.515281 98.433246 0.000000 -2.555964 0.030436 
1538 40.917122 0.000000 4.515281 98.384259 0.000000 -2.500871 0.031428 
1539 40.685545 0.000000 4.732218 98.349472 0.000000 -2.273958 0.032221 
1540 40.222390 0.000000 4.515281 98.463476 0.000000 -2.352551 0.029941 
1541 40.222390 0.000000 4.732218 98.421479 0.000000 -2.214791 0.030831 
1542 40.917122 0.000000 5.599965 98.010683 0.000000 -0.919389 0.039306 
1543 40.453968 0.000000 5.599965 98.102000 -0.000000 -0.963357 0.037507 
1544 41.380277 0.000000 5.599965 98.033447 0.000000 -0.792796 0.038881 
1545 40.685545 0.000000 4.949154 98.226388 0.000000 -1.848373 0.034816 
1546 40.453968 0.000000 4.949154 98.261457 0.000000 -1.792710 0.034147 
1547 40.917122 0.000000 4.949154 98.157896 0.000000 -1.730307 0.036203 
1548 40.685545 0.000000 5.166091 98.120015 0.000000 -1.587229 0.036994 
1549 40.569756 0.000000 4.623749 98.386221 0.000000 -2.482371 0.031399 
1550 40.453968 0.000000 4.623749 98.428389 0.000000 -2.469484 0.030575 
1551 40.569756 0.000000 4.515281 98.381924 0.000000 -2.623695 0.031411 
1552 40.685545 0.000000 4.623749 98.376291 0.000000 -2.356031 0.031655 
1553 40.569756 0.000000 4.732218 98.369005 0.000000 -2.254685 0.031846 
1554 40.569756 0.000000 4.406813 98.410176 0.000000 -2.656536 0.030838 
1555 40.453968 0.000000 4.406813 98.447263 0.000000 -2.610120 0.030132 
1556 40.569756 0.000000 4.298344 98.449937 0.000000 -2.831349 0.029959 
1557 40.685545 0.000000 4.406813 98.429658 0.000000 -2.631261 0.030468 
1558 41.843432 0.000000 4.732218 96.982761 -0.061281 -1.531738 0.059199 
1559 41.843432 0.000000 4.298344 96.357058 -0.279594 -2.283178 0.071003 
1560 42.306587 0.000000 4.732218 96.834917 -0.125306 -0.974236 0.062203 
1561 41.843432 0.000000 5.166091 97.401367 -0.151444 -0.972773 0.051200 
1562 41.148700 0.000000 4.515281 98.306038 0.000000 -2.169208 0.033122 
1563 41.148700 0.000000 4.298344 97.237551 -0.198202 -3.305698 0.053389 
1564 41.380277 0.000000 4.515281 97.116566 -0.131086 -2.466667 0.056227 
1565 41.148700 0.000000 4.732218 98.304617 0.000000 -2.170176 0.033149 
1566 40.801334 0.000000 4.623749 98.368530 0.000000 -2.417714 0.031779 
1567 40.801334 0.000000 4.515281 98.384976 0.000000 -2.503540 0.031413 
1568 40.917122 0.000000 4.623749 98.346092 0.000000 -2.345187 0.032255 
1569 40.801334 0.000000 4.732218 98.329246 0.000000 -2.273544 0.032619 
1570 40.627651 0.000000 4.569515 98.388753 0.000000 -2.525482 0.031328 
1571 40.569756 0.000000 4.569515 98.384446 0.000000 -2.563097 0.031393 
1572 40.627651 0.000000 4.515281 98.392887 0.000000 -2.571274 0.031223 
1573 40.685545 0.000000 4.569515 98.405352 0.000000 -2.420809 0.031053 
1574 40.627651 0.000000 4.623749 98.397857 0.000000 -2.372202 0.031223 
1575 39.990813 0.000000 5.599965 98.055035 -0.000000 -1.046795 0.038411 
1576 39.527658 0.000000 5.599965 98.163258 -0.000000 -1.091931 0.036278 
1577 39.990813 0.000000 6.033838 98.202969 -0.000000 -0.771144 0.035558 
1578 40.222390 0.000000 4.949154 98.294026 -0.000000 -1.745222 0.033524 
1579 39.990813 0.000000 4.949154 98.273626 -0.000000 -1.689792 0.033944 
1580 40.222390 0.000000 5.166091 98.226587 -0.000000 -1.583362 0.034903 
1581 40.338179 0.000000 4.623749 98.457120 0.000000 -2.339526 0.030072 
1582 40.222390 0.000000 4.623749 98.451161 0.000000 -2.306860 0.030205 
1583 40.338179 0.000000 4.515281 98.512591 0.000000 -2.425061 0.028939 
1584 40.338179 0.000000 4.732218 98.408466 0.000000 -2.231294 0.031080 
1585 40.511862 0.000000 4.569515 98.406886 0.000000 -2.567721 0.030949 
1586 40.453968 0.000000 4.569515 98.432324 0.000000 -2.526301 0.030470 
1587 40.511862 0.000000 4.515281 98.368843 0.000000 -2.693540 0.031632 
1588 40.511862 0.000000 4.623749 98.415199 0.000000 -2.482258 0.030829 
1589 40.801334 0.000000 4.406813 98.398300 0.000000 -2.589875 0.031107 
1590 40.801334 0.000000 4.298344 98.437455 0.000000 -2.747571 0.030252 
1591 40.917122 0.000000 4.406813 98.391415 0.000000 -2.665801 0.031202 
1592 40.627651 0.000000 4.461047 98.400326 0.000000 -2.602833 0.031060 
1593 40.569756 0.000000 4.461047 98.395029 0.000000 -2.632476 0.031149 
1594 40.627651 0.000000 4.406813 98.434450 0.000000 -2.591056 0.030395 
1595 40.685545 0.000000 4.461047 98.423270 0.000000 -2.517345 0.030652 
1596 40.598704 0.000000 4.542398 98.387481 0.000000 -2.571188 0.031329 
1597 40.569756 0.000000 4.542398 98.381998 0.000000 -2.600571 0.031422 
1598 40.598704 0.000000 4.515281 98.389101 0.000000 -2.592375 0.031286 
1599 40.627651 0.000000 4.542398 98.390543 0.000000 -2.550586 0.031280 
1600 40.598704 0.000000 4.569515 98.387055 0.000000 -2.542326 0.031352 
1601 40.338179 0.000000 4.406813 98.483441 0.000000 -2.509703 0.029471 
1602 40.222390 0.000000 4.406813 98.869439 0.006301 -2.513935 0.021851 
1603 40.338179 0.000000 4.298344 99.113304 0.035507 -2.935258 0.016794 
1604 40.511862 0.000000 4.461047 98.417435 0.000000 -2.619933 0.030714 
1605 40.453968 0.000000 4.461047 98.440267 0.000000 -2.576185 0.030288 
1606 40.511862 0.000000 4.406813 98.435316 0.000000 -2.617309 0.030364 
1607 40.540809 0.000000 4.542398 98.391255 0.000000 -2.621614 0.031229 
1608 40.511862 0.000000 4.542398 98.390124 0.000000 -2.631763 0.031246 
1609 40.540809 0.000000 4.515281 98.381332 0.000000 -2.660209 0.031404 
1610 40.540809 0.000000 4.569515 98.403738 0.000000 -2.566194 0.031012 
1611 40.598704 0.000000 4.488164 98.392786 0.000000 -2.606166 0.031207 
1612 40.569756 0.000000 4.488164 98.387121 0.000000 -2.629484 0.031306 
1613 40.598704 0.000000 4.461047 98.398086 0.000000 -2.617251 0.031097 
1614 40.627651 0.000000 4.488164 98.396168 0.000000 -2.588030 0.031150 
1615 40.584230 0.000000 4.528839 98.385256 0.000000 -2.597009 0.031360 
1616 40.569756 0.000000 4.528839 98.381370 0.000000 -2.614661 0.031427 
1617 40.584230 0.000000 4.515281 98.386106 0.000000 -2.606287 0.031338 
1618 40.598704 0.000000 4.528839 98.388060 0.000000 -2.582858 0.031312 
1619 40.584230 0.000000 4.542398 98.385127 0.000000 -2.584535 0.031369 
1620 41.148700 0.000000 4.949154 98.099139 0.000000 -1.661466 0.037380 
1621 41.380277 0.000000 4.949154 97.480270 -0.262330 -1.622380 0.049490 
1622 41.148700 0.000000 5.166091 98.030616 0.000000 -1.451975 0.038789 
1623 40.685545 0.000000 5.383028 98.013263 0.000000 -1.275245 0.039177 
1624 40.453968 0.000000 5.383028 98.100297 0.000000 -1.379140 0.037443 
1625 40.917122 0.000000 5.383028 97.938778 0.000000 -1.217911 0.040651 
1626 40.685545 0.000000 5.599965 98.046834 0.000000 -0.947319 0.038592 
1627 40.801334 0.000000 5.057623 98.107339 0.000000 -1.637367 0.037227 
1628 40.685545 0.000000 5.057623 98.153990 0.000000 -1.655726 0.036305 
1629 40.801334 0.000000 4.949154 98.181137 0.000000 -1.768550 0.035734 
1630 40.917122 0.000000 5.057623 98.120850 0.000000 -1.632388 0.036963 
1631 40.801334 0.000000 5.166091 98.069755 0.000000 -1.571541 0.037985 
1632 44.159206 0.000000 5.166091 97.486901 0.595946 0.498874 0.049570 
1633 44.159206 0.000000 4.298344 96.867288 -0.664836 0.827969 0.061560 
1634 45.085516 0.000000 5.166091 97.802508 0.877577 0.470153 0.043368 
1635 44.159206 0.000000 6.033838 97.960281 -0.162897 0.936967 0.040288 
1636 48.790754 0.000000 4.298344 98.584213 -0.337203 2.375097 0.027540 
1637 48.790754 0.000000 2.562850 98.424358 -0.590456 2.568736 0.030570 
1638 50.643374 0.000000 4.298344 98.930179 -0.238506 2.520635 0.020641 
1639 48.790754 0.000000 6.033838 98.784756 -0.055993 2.186067 0.023679 
1640 46.011826 0.000000 5.166091 98.083463 -0.248417 1.681662 0.037674 
1641 46.011826 0.000000 4.298344 97.800129 -0.473427 1.795987 0.043169 
1642 46.938135 0.000000 5.166091 98.343957 -0.199054 1.915309 0.032476 
1643 46.011826 0.000000 6.033838 98.343857 -0.140757 1.611411 0.032587 
1644 44.159206 0.000000 6.901585 98.323858 -0.190624 1.029012 0.033132 
1645 45.085516 0.000000 6.901585 98.435910 -0.182504 1.339028 0.030855 
1646 44.159206 0.000000 7.769332 98.608358 -0.007183 1.114511 0.027515 
1647 44.622361 0.000000 5.599965 97.854121 -0.304278 1.125071 0.042321 
1648 44.159206 0.000000 5.599965 97.736221 -0.317381 0.905448 0.044671 
1649 44.622361 0.000000 5.166091 97.641372 0.672659 0.641674 0.046530 
1650 45.085516 0.000000 5.599965 97.972676 -0.289692 1.330605 0.039950 
1651 44.622361 0.000000 6.033838 98.044865 -0.160170 1.145011 0.038587 
1652 48.790754 0.000000 7.769332 98.994002 -0.148254 2.071151 0.019588 
1653 50.643374 0.000000 7.769332 99.135190 -0.185052 2.138051 0.016761 
1654 48.790754 0.000000 9.504827 99.220564 0.015535 2.046983 0.015109 
1655 46.011826 0.000000 6.901585 98.574052 -0.185420 1.580694 0.028062 
1656 46.938135 0.000000 6.901585 98.673084 -0.105828 1.824135 0.026028 
1657 46.011826 0.000000 7.769332 98.771484 0.069032 1.544445 0.024180 
1658 45.548671 0.000000 5.599965 98.095154 -0.272946 1.503011 0.037501 
1659 45.548671 0.000000 5.166091 97.937540 -0.251920 1.536873 0.040581 
1660 46.011826 0.000000 5.599965 98.217079 -0.270006 1.638136 0.035065 
1661 45.548671 0.000000 6.033838 98.241894 -0.138260 1.485966 0.034630 
1662 44.622361 0.000000 6.467712 98.218370 0.278376 1.193777 0.035165 
1663 44.159206 0.000000 6.467712 98.153261 0.268463 1.003656 0.036486 
1664 45.085516 0.000000 6.467712 98.295461 0.349936 1.360916 0.033603 
1665 44.622361 0.000000 6.901585 98.374338 -0.187377 1.192161 0.032103 
1666 44.853938 0.000000 5.816902 98.004731 0.515096 1.239847 0.039327 
1667 44.622361 0.000000 5.816902 97.954212 0.457473 1.140592 0.040346 
1668 44.853938 0.000000 5.599965 97.910714 -0.298712 1.232645 0.041188 
1669 45.085516 0.000000 5.816902 98.060668 0.696531 1.313371 0.038190 
1670 44.853938 0.000000 6.033838 98.092218 -0.156929 1.238247 0.037636 
1671 54.348612 0.000000 -0.908138 99.244937 -0.107962 3.808159 0.013593 
1672 54.348612 0.000000 -4.379127 99.332241 -0.102051 3.148782 0.012318 
1673 58.053851 0.000000 -0.908138 99.479285 -0.120828 3.876857 0.008883 
1674 95.106237 0.000000 16.446803 99.910742 0.067236 2.938176 0.000921 
1675 95.106237 0.000000 2.562850 99.901190 -0.104960 3.381599 0.000831 
1676 109.927191 0.000000 16.446803 99.936128 0.073344 2.876060 0.000449 
1677 95.106237 0.000000 30.330756 99.902439 0.032889 3.278005 0.000876 
1678 72.874805 0.000000 9.504827 99.815537 -0.206219 3.100908 0.002720 
1679 72.874805 0.000000 2.562850 99.811285 -0.144339 3.183406 0.002755 
1680 80.285282 0.000000 9.504827 99.849962 0.032709 2.824903 0.002200 
1681 72.874805 0.000000 16.446803 99.835123 0.040824 2.969082 0.002413 
1682 61.759089 0.000000 6.033838 99.645264 -0.041460 2.712989 0.006346 
1683 61.759089 0.000000 2.562850 99.624313 -0.171770 3.072764 0.006552 
1684 65.464328 0.000000 6.033838 99.722194 0.045358 2.825163 0.004750 
1685 61.759089 0.000000 9.504827 99.671802 0.552050 2.689157 0.005800 
1686 56.201232 0.000000 4.298344 99.406888 0.066824 2.825851 0.011028 
1687 54.348612 0.000000 4.298344 99.333138 0.028107 2.610560 0.012611 
1688 56.201232 0.000000 2.562850 99.390015 -0.194443 3.063727 0.011220 
1689 58.053851 0.000000 4.298344 99.492709 0.107118 2.827786 0.009319 
1690 56.201232 0.000000 6.033838 99.423588 0.120495 2.724854 0.010751 
1691 52.495993 0.000000 4.298344 99.143378 -0.037837 2.602045 0.016382 
1692 52.495993 0.000000 2.562850 99.089716 -0.293161 2.819242 0.017319 
1693 52.495993 0.000000 6.033838 99.217760 0.322533 2.424654 0.014985 
1694 65.464328 0.000000 44.214710 99.858876 0.179200 3.383088 0.001673 
1695 80.285282 0.000000 44.214710 99.888825 0.032360 3.381447 0.001079 
1696 65.464328 0.000000 58.098663 99.897227 0.035736 3.420855 0.000884 
1697 58.053851 0.000000 23.388780 99.736382 -0.048043 3.142413 0.004278 
1698 65.464328 0.000000 23.388780 99.812132 -0.002288 3.160538 0.002755 
1699 58.053851 0.000000 30.330756 99.826442 -0.065860 3.241062 0.002417 
1700 54.348612 0.000000 12.975815 99.520141 0.204765 2.644985 0.008870 
1701 58.053851 0.000000 12.975815 99.627601 0.114209 2.681634 0.006714 
1702 54.348612 0.000000 16.446803 99.621998 0.115681 2.788171 0.006767 
1703 56.201232 0.000000 7.769332 99.450282 0.023155 2.611316 0.010282 
1704 54.348612 0.000000 7.769332 99.412351 -0.026089 2.435264 0.011125 
1705 58.053851 0.000000 7.769332 99.532887 -0.009860 2.596049 0.008646 
1706 56.201232 0.000000 9.504827 99.480860 0.418494 2.569447 0.009678 
1707 55.274922 0.000000 5.166091 99.391364 -0.058164 2.637339 0.011440 
1708 54.348612 0.000000 5.166091 99.358941 -0.069523 2.520205 0.012144 
1709 55.274922 0.000000 4.298344 99.377196 0.033905 2.697422 0.011690 
1710 56.201232 0.000000 5.166091 99.411921 -0.004020 2.780612 0.010954 
1711 55.274922 0.000000 6.033838 99.408903 0.079773 2.589133 0.011116 
1712 61.759089 0.000000 12.975815 99.699176 0.108907 2.755908 0.005247 
1713 65.464328 0.000000 12.975815 99.766839 0.078265 2.774834 0.003887 
1714 61.759089 0.000000 16.446803 99.739265 0.075936 2.942985 0.004341 
1715 59.906470 0.000000 7.769332 99.601242 0.006417 2.610928 0.007278 
1716 59.906470 0.000000 6.033838 99.582925 -0.108433 2.728113 0.007579 
1717 61.759089 0.000000 7.769332 99.660363 0.015799 2.605003 0.006103 
1718 59.906470 0.000000 9.504827 99.628399 0.473762 2.578744 0.006731 
1719 95.106237 0.000000 -11.321103 99.926879 -0.071797 3.063857 0.000523 
1720 95.106237 0.000000 -25.205056 99.934802 -0.054255 3.304101 0.000212 
1721 109.927191 0.000000 -11.321103 99.934389 -0.058499 3.027420 0.000395 
1722 72.874805 0.000000 -4.379127 99.830394 -0.075050 3.084476 0.002437 
1723 72.874805 0.000000 -11.321103 99.857105 -0.050831 3.116798 0.001884 
1724 80.285282 0.000000 -4.379127 99.890085 -0.101530 3.160709 0.001197 
1725 61.759089 0.000000 -0.908138 99.612041 -0.096170 3.766310 0.006325 
1726 61.759089 0.000000 -4.379127 99.662024 -0.088436 3.129103 0.005768 
1727 65.464328 0.000000 -0.908138 99.708990 -0.068778 3.818817 0.004353 
1728 59.906470 0.000000 4.298344 99.572938 0.201949 2.766514 0.007754 
1729 59.906470 0.000000 2.562850 99.560496 -0.184048 3.084155 0.007816 
1730 61.759089 0.000000 4.298344 99.646409 0.330468 2.465020 0.006441 
1731 58.980161 0.000000 6.901585 99.557722 0.186896 2.655393 0.008117 
1732 58.053851 0.000000 6.901585 99.519643 0.167350 2.651694 0.008878 
1733 58.980161 0.000000 6.033838 99.547906 -0.169404 2.727290 0.008275 
1734 59.906470 0.000000 6.901585 99.591511 0.221360 2.660598 0.007440 
1735 58.980161 0.000000 7.769332 99.569025 -0.005044 2.602716 0.007924 
1736 58.980161 0.000000 5.166091 99.539981 0.014789 2.778157 0.008407 
1737 58.053851 0.000000 5.166091 99.499243 -0.002315 2.775854 0.009220 
1738 58.980161 0.000000 4.298344 99.535025 0.146061 2.805760 0.008489 
1739 59.906470 0.000000 5.166091 99.575937 0.036455 2.781285 0.007690 
1740 69.169567 0.000000 6.033838 99.781147 0.078763 2.790667 0.003593 
1741 69.169567 0.000000 2.562850 99.773797 -0.135097 3.180863 0.003505 
1742 72.874805 0.000000 6.033838 99.826942 0.333470 2.695671 0.002720 
1743 69.169567 0.000000 9.504827 99.769154 0.091491 3.339432 0.003496 
1744 63.611709 0.000000 7.769332 99.703942 0.008757 2.648491 0.005211 
1745 63.611709 0.000000 6.033838 99.692989 -0.026718 2.744376 0.005378 
1746 65.464328 0.000000 7.769332 99.742145 0.025936 2.676660 0.004434 
1747 63.611709 0.000000 9.504827 99.679734 0.554089 2.953850 0.005492 
1748 60.832780 0.000000 6.901585 99.625677 0.261097 2.644274 0.006766 
1749 60.832780 0.000000 6.033838 99.617735 -0.075100 2.709507 0.006896 
1750 61.759089 0.000000 6.901585 99.652321 0.343478 2.648211 0.006228 
1751 60.832780 0.000000 7.769332 99.634628 0.011670 2.600979 0.006618 
1752 59.443315 0.000000 6.467712 99.570521 0.051441 2.690153 0.007847 
1753 58.980161 0.000000 6.467712 99.552791 0.046775 2.688800 0.008201 
1754 59.443315 0.000000 6.033838 99.565918 -0.138029 2.725978 0.007918 
1755 59.906470 0.000000 6.467712 99.587173 0.061540 2.694277 0.007513 
1756 59.443315 0.000000 6.901585 99.575077 0.199701 2.656781 0.007771 
1757 57.127541 0.000000 6.901585 99.471615 0.221834 2.704110 0.009804 
1758 56.201232 0.000000 6.901585 99.438843 0.192533 2.654248 0.010483 
1759 57.127541 0.000000 6.033838 99.469099 -0.437924 2.770831 0.009803 
1760 57.127541 0.000000 7.769332 99.492411 -0.014958 2.586299 0.009457 
1761 58.517006 0.000000 6.467712 99.533981 0.042249 2.687155 0.008576 
1762 58.053851 0.000000 6.467712 99.513947 0.037590 2.685321 0.008976 
1763 58.517006 0.000000 6.033838 99.528768 -0.209661 2.728270 0.008654 
1764 58.517006 0.000000 6.901585 99.539237 0.176294 2.653572 0.008487 
1765 63.611709 0.000000 4.298344 99.701237 -0.437561 2.406694 0.005368 
1766 63.611709 0.000000 2.562850 99.676997 -0.174240 3.107699 0.005481 
1767 65.464328 0.000000 4.298344 99.714933 -0.271507 2.901196 0.004844 
1768 60.832780 0.000000 5.166091 99.611095 0.052424 2.763384 0.006999 
1769 60.832780 0.000000 4.298344 99.610871 0.270079 2.661315 0.007052 
1770 61.759089 0.000000 5.166091 99.639282 0.080487 2.766774 0.006435 
1771 59.443315 0.000000 5.599965 99.563958 0.316221 2.681954 0.007973 
1772 58.980161 0.000000 5.599965 99.545184 0.285460 2.696230 0.008341 
1773 59.443315 0.000000 5.166091 99.558546 0.023749 2.778364 0.008038 
1774 59.906470 0.000000 5.599965 99.581708 0.357805 2.664737 0.007625 
1775 59.211738 0.000000 6.250775 99.559264 0.215080 2.709179 0.008057 
1776 58.980161 0.000000 6.250775 99.550208 0.205869 2.708176 0.008238 
1777 59.211738 0.000000 6.033838 99.557086 -0.152881 2.726736 0.008093 
1778 59.443315 0.000000 6.250775 99.568113 0.225535 2.710014 0.007880 
1779 59.211738 0.000000 6.467712 99.561780 0.049080 2.689507 0.008022 
1780 62.685399 0.000000 6.901585 99.676722 0.460790 2.679674 0.005716 
1781 62.685399 0.000000 6.033838 99.665615 -0.062518 2.777219 0.005905 
1782 63.611709 0.000000 6.901585 99.701830 1.463707 2.582783 0.005073 
1783 62.685399 0.000000 7.769332 99.683262 -0.023125 2.640426 0.005627 
1784 41.843432 0.000000 6.467712 97.993946 0.000000 -0.029244 0.039719 
1785 41.843432 0.000000 6.033838 97.947303 -0.090893 -0.263461 0.040625 
1786 42.306587 0.000000 6.467712 98.064763 0.233644 0.243656 0.038319 
1787 41.611855 0.000000 7.118522 98.486193 0.000000 0.154908 0.030045 
1788 41.380277 0.000000 7.118522 98.405277 0.000000 0.124973 0.031639 
1789 41.611855 0.000000 6.901585 98.347284 0.000000 0.103248 0.032780 
1790 41.843432 0.000000 7.118522 98.584066 0.000000 0.188063 0.028115 
1791 41.611855 0.000000 7.335459 98.693366 0.000000 0.237982 0.025956 
1792 41.148700 0.000000 7.118522 98.357984 0.000000 0.100299 0.032570 
1793 40.917122 0.000000 7.118522 98.319484 -0.000000 0.065536 0.033327 
1794 41.148700 0.000000 6.901585 98.246778 0.000000 0.042524 0.034757 
1795 41.148700 0.000000 7.335459 98.527482 -0.000000 0.189361 0.029230 
1796 41.611855 0.000000 6.684649 98.103392 0.000000 0.004923 0.037572 
1797 41.380277 0.000000 6.684649 98.026136 0.000000 -0.044370 0.039087 
1798 41.611855 0.000000 6.467712 98.036717 0.000000 -0.122376 0.038879 
1799 41.843432 0.000000 6.684649 97.993741 0.000000 -0.029454 0.039723 
1800 41.496066 0.000000 7.010054 98.377786 0.000000 0.109480 0.032180 
1801 41.380277 0.000000 7.010054 98.359290 0.000000 0.105608 0.032544 
1802 41.496066 0.000000 6.901585 98.286144 0.000000 0.074555 0.033983 
1803 41.611855 0.000000 7.010054 98.413434 0.000000 0.128178 0.031478 
1804 41.496066 0.000000 7.118522 98.441705 0.000000 0.135159 0.030921 
1805 41.148700 0.000000 6.684649 98.067925 0.000000 -0.091322 0.038267 
1806 40.917122 0.000000 6.684649 98.100770 0.000000 -0.145387 0.037622 
1807 41.148700 0.000000 6.467712 98.116610 0.000000 -0.235793 0.037308 
1808 41.264489 0.000000 7.010054 98.354427 0.000000 0.112646 0.032639 
1809 41.148700 0.000000 7.010054 98.316159 0.000000 0.076554 0.033393 
1810 41.264489 0.000000 6.901585 98.273640 0.000000 0.073372 0.034229 
1811 41.264489 0.000000 7.118522 98.388546 0.000000 0.121797 0.031968 
1812 41.843432 0.000000 8.203206 98.617095 0.000000 0.553474 0.027436 
1813 42.306587 0.000000 8.203206 98.628963 0.000000 0.580408 0.027199 
1814 41.611855 0.000000 7.552396 98.653012 0.000000 0.345262 0.026746 
1815 41.380277 0.000000 7.552396 98.666711 0.000000 0.322043 0.026478 
1816 41.843432 0.000000 7.552396 98.645565 0.000000 0.366843 0.026892 
1817 41.611855 0.000000 7.769332 98.631913 0.000000 0.394487 0.027159 
1818 41.496066 0.000000 7.226991 98.568733 0.000000 0.186716 0.028417 
1819 41.380277 0.000000 7.226991 98.538239 0.000000 0.180136 0.029018 
1820 41.611855 0.000000 7.226991 98.599792 0.000000 0.196100 0.027804 
1821 41.496066 0.000000 7.335459 98.693266 0.000000 0.243274 0.025958 
1822 41.438172 0.000000 7.064288 98.375647 0.000000 0.107637 0.032222 
1823 41.380277 0.000000 7.064288 98.377915 0.000000 0.113031 0.032177 
1824 41.438172 0.000000 7.010054 98.360007 0.000000 0.101413 0.032530 
1825 41.496066 0.000000 7.064288 98.404029 0.000000 0.119595 0.031663 
1826 41.438172 0.000000 7.118522 98.428640 0.000000 0.130706 0.031179 
1827 41.496066 0.000000 6.793117 98.188792 0.000000 0.034943 0.035896 
1828 41.380277 0.000000 6.793117 98.140112 0.000000 0.019668 0.036852 
1829 41.496066 0.000000 6.684649 98.064682 0.000000 -0.013190 0.038332 
1830 41.611855 0.000000 6.793117 98.266810 0.000000 0.069922 0.034363 
1831 41.438172 0.000000 6.955820 98.327237 0.000000 0.087374 0.033175 
1832 41.380277 0.000000 6.955820 98.331004 0.000000 0.095112 0.033100 
1833 41.438172 0.000000 6.901585 98.265299 0.000000 0.066755 0.034393 
1834 41.496066 0.000000 6.955820 98.335864 0.000000 0.090971 0.033005 
1835 42.769742 0.000000 7.335459 98.421218 -0.160659 0.622149 0.031285 
1836 42.769742 0.000000 6.901585 98.252154 -0.175438 0.513689 0.034622 
1837 43.232897 0.000000 7.335459 98.426476 -0.193085 0.801599 0.031155 
1838 42.769742 0.000000 7.769332 98.564702 -0.058759 0.728323 0.028447 
1839 42.075010 0.000000 7.118522 98.736389 0.000000 0.238284 0.025107 
1840 42.075010 0.000000 6.901585 98.729732 0.000000 0.225809 0.025239 
1841 42.306587 0.000000 7.118522 98.345166 -0.059251 0.417469 0.032805 
1842 42.075010 0.000000 7.335459 98.736274 0.000000 0.238069 0.025109 
1843 41.727643 0.000000 7.010054 98.457960 0.000000 0.143146 0.030601 
1844 41.727643 0.000000 6.901585 98.351594 0.000000 0.101593 0.032695 
1845 41.843432 0.000000 7.010054 98.461734 0.000000 0.144484 0.030527 
1846 41.727643 0.000000 7.118522 98.523265 0.000000 0.170072 0.029314 
1847 41.553960 0.000000 7.064288 98.444250 0.000000 0.140033 0.030871 
1848 41.553960 0.000000 7.010054 98.404238 0.000000 0.125028 0.031659 
1849 41.611855 0.000000 7.064288 98.449187 0.000000 0.141436 0.030774 
1850 41.553960 0.000000 7.118522 98.485174 0.000000 0.155148 0.030065 
1851 41.467119 0.000000 7.037171 98.380286 0.000000 0.108655 0.032131 
1852 41.438172 0.000000 7.037171 98.363582 0.000000 0.100190 0.032460 
1853 41.467119 0.000000 7.010054 98.358896 0.000000 0.098493 0.032552 
1854 41.496066 0.000000 7.037171 98.389812 0.000000 0.113888 0.031943 
1855 41.467119 0.000000 7.064288 98.393928 0.000000 0.114552 0.031862 
1856 42.075010 0.000000 7.552396 98.603537 0.000000 0.383512 0.027720 
1857 42.306587 0.000000 7.552396 98.453675 0.000000 0.471356 0.030665 
1858 42.075010 0.000000 7.769332 98.548475 0.000000 0.434102 0.028801 
1859 41.611855 0.000000 7.986269 98.619155 0.000000 0.474025 0.027404 
1860 41.380277 0.000000 7.986269 98.758165 -0.000000 0.469274 0.024660 
1861 41.843432 0.000000 7.986269 98.515540 0.000000 0.493955 0.029444 
1862 41.611855 0.000000 8.203206 98.670546 0.000000 0.525712 0.026385 
1863 41.727643 0.000000 7.660864 98.617304 0.000000 0.369718 0.027449 
1864 41.611855 0.000000 7.660864 98.620187 0.000000 0.362644 0.027393 
1865 41.727643 0.000000 7.552396 98.650725 0.000000 0.344209 0.026792 
1866 41.843432 0.000000 7.660864 98.626021 0.000000 0.389205 0.027276 
1867 41.727643 0.000000 7.769332 98.608492 0.000000 0.413147 0.027619 
1868 41.148700 0.000000 7.552396 98.667748 -0.000000 0.300777 0.026459 
1869 40.917122 0.000000 7.552396 98.588535 -0.000000 0.241691 0.028024 
1870 41.148700 0.000000 7.769332 98.678943 -0.000000 0.340875 0.026235 
1871 41.496066 0.000000 7.660864 98.645074 0.000000 0.374286 0.026901 
1872 41.380277 0.000000 7.660864 98.671207 0.000000 0.349886 0.026387 
1873 41.496066 0.000000 7.552396 98.666170 0.000000 0.343930 0.026487 
1874 41.496066 0.000000 7.769332 98.654096 0.000000 0.383952 0.026722 
1875 44.159206 0.000000 8.637080 98.813478 -0.063531 0.767788 0.023530 
1876 45.085516 0.000000 8.637080 98.905362 -0.196033 0.965529 0.021676 
1877 44.159206 0.000000 9.504827 99.049631 0.066537 1.352893 0.018734 
1878 42.769742 0.000000 8.203206 98.704267 -0.346311 0.807491 0.025670 
1879 43.232897 0.000000 8.203206 98.691999 -0.331689 0.929233 0.025892 
1880 42.769742 0.000000 8.637080 98.818453 -0.020189 0.700927 0.023442 
1881 42.075010 0.000000 7.986269 98.569359 0.000000 0.526074 0.028380 
1882 42.306587 0.000000 7.986269 98.462153 0.000000 0.476866 0.030498 
1883 42.075010 0.000000 8.203206 98.626219 0.000000 0.564329 0.027255 
1884 41.727643 0.000000 7.877801 98.578946 0.000000 0.437672 0.028200 
1885 41.611855 0.000000 7.877801 98.619194 0.000000 0.435445 0.027406 
1886 41.843432 0.000000 7.877801 98.555080 0.000000 0.446289 0.028670 
1887 41.727643 0.000000 7.986269 98.514746 0.000000 0.483659 0.029461 
1888 41.669749 0.000000 7.715098 98.615227 0.000000 0.368146 0.027490 
1889 41.611855 0.000000 7.715098 98.622300 0.000000 0.372014 0.027350 
1890 41.669749 0.000000 7.660864 98.609766 0.000000 0.358138 0.027599 
1891 41.727643 0.000000 7.715098 98.611540 0.000000 0.380856 0.027562 
1892 41.669749 0.000000 7.769332 98.626481 0.000000 0.409763 0.027265 
1893 42.075010 0.000000 8.420143 98.674401 0.000000 0.605970 0.026300 
1894 41.843432 0.000000 8.420143 98.673831 0.000000 0.579705 0.026314 
1895 42.306587 0.000000 8.420143 98.687245 0.000000 0.616276 0.026045 
1896 42.075010 0.000000 8.637080 98.738301 0.000000 0.643986 0.025033 
1897 41.611855 0.000000 8.420143 98.680501 0.000000 0.547031 0.026186 
1898 41.380277 0.000000 8.420143 98.686047 -0.000000 0.519182 0.026079 
1899 41.611855 0.000000 8.637080 98.682111 -0.000000 0.583682 0.026150 
1900 41.959221 0.000000 8.311674 98.627381 0.000000 0.569838 0.027231 
1901 41.843432 0.000000 8.311674 98.622421 0.000000 0.563879 0.027330 
1902 41.959221 0.000000 8.203206 98.631482 0.000000 0.551527 0.027153 
1903 42.075010 0.000000 8.311674 98.648626 0.000000 0.579935 0.026811 
1904 41.959221 0.000000 8.420143 98.671156 0.000000 0.591105 0.026365 
1905 41.727643 0.000000 8.311674 98.642102 0.000000 0.566940 0.026941 
1906 41.611855 0.000000 8.311674 98.704778 -0.000000 0.531937 0.025708 
1907 41.727643 0.000000 8.203206 98.638963 0.000000 0.547363 0.027006 
1908 41.727643 0.000000 8.420143 98.667335 0.000000 0.568457 0.026443 
1909 41.959221 0.000000 8.094738 98.604980 0.000000 0.534773 0.027677 
1910 41.843432 0.000000 8.094738 98.581768 0.000000 0.521406 0.028136 
1911 41.959221 0.000000 7.986269 98.579413 0.000000 0.518929 0.028183 
1912 42.075010 0.000000 8.094738 98.598415 0.000000 0.546868 0.027805 
1913 41.901326 0.000000 8.257440 98.621623 0.000000 0.556367 0.027347 
1914 41.843432 0.000000 8.257440 98.620228 0.000000 0.560220 0.027374 
1915 41.901326 0.000000 8.203206 98.617808 0.000000 0.551264 0.027422 
1916 41.959221 0.000000 8.257440 98.628726 0.000000 0.560076 0.027206 
1917 41.901326 0.000000 8.311674 98.622414 0.000000 0.560694 0.027331 
1918 52.495993 0.000000 7.769332 99.318820 -0.096010 2.264591 0.013063 
1919 52.495993 0.000000 9.504827 99.445263 0.336886 2.245771 0.010548 
1920 72.874805 0.000000 23.388780 99.850526 0.068255 3.170040 0.001982 
1921 80.285282 0.000000 23.388780 99.825619 0.157808 3.255941 0.002422 
1922 72.874805 0.000000 30.330756 99.788204 0.207172 3.354616 0.003102 
1923 69.169567 0.000000 12.975815 99.798905 0.029708 2.793892 0.003237 
1924 72.874805 0.000000 12.975815 99.832708 0.070370 2.788156 0.002565 
1925 69.169567 0.000000 16.446803 99.808092 0.035014 2.972176 0.002951 
1926 63.611709 0.000000 11.240321 99.694680 0.165378 2.757296 0.005334 
1927 61.759089 0.000000 11.240321 99.696562 0.113390 2.602815 0.005381 
1928 65.464328 0.000000 11.240321 99.757034 0.116506 2.690994 0.004128 
1929 63.611709 0.000000 12.975815 99.733904 0.110256 2.788855 0.004536 
1930 62.685399 0.000000 8.637080 99.692496 -0.293219 2.602564 0.005455 
1931 61.759089 0.000000 8.637080 99.671683 -0.334032 2.546493 0.005896 
1932 63.611709 0.000000 8.637080 99.695697 -0.203979 2.673607 0.005358 
1933 62.685399 0.000000 9.504827 99.682248 0.511069 2.796031 0.005537 
1934 -156.849986 0.000000 -164.044589 99.937378 -0.000580 3.489512 0.000034 
1935 -216.133803 0.000000 -164.044589 99.937975 -0.000378 3.489913 0.000022 
1936 -156.849986 0.000000 -219.580401 99.937830 -0.000587 3.489495 0.000025 
1937 198.852917 0.000000 -164.044589 99.937610 -0.003843 3.481051 0.000036 
1938 198.852917 0.000000 -219.580401 99.937937 -0.002716 3.485097 0.000026 
1939 258.136734 0.000000 -164.044589 99.938236 -0.003985 3.480868 0.000023 
1940 -38.282352 0.000000 169.170289 99.943875 0.001055 3.489446 -0.000095 
1941 -97.566169 0.000000 169.170289 99.941501 0.000659 3.490894 -0.000049 
1942 -38.282352 0.000000 224.706101 99.941989 0.001047 3.489039 -0.000057 
1943 -156.849986 0.000000 169.170289 99.940187 0.000443 3.490904 -0.000023 
1944 -216.133803 0.000000 169.170289 99.939616 0.000315 3.490668 -0.000011 
1945 -156.849986 0.000000 224.706101 99.940231 0.000518 3.490369 -0.000023 
1946 -67.924261 0.000000 -80.740869 99.930996 -0.001761 3.485151 0.000165 
1947 -97.566169 0.000000 -80.740869 99.933382 -0.001072 3.488161 0.000115 
1948 -67.924261 0.000000 -108.508776 99.933838 -0.001554 3.486267 0.000107 
1949 198.852917 0.000000 169.170289 99.940450 0.004102 3.478962 -0.000020 
1950 258.136734 0.000000 169.170289 99.939918 0.004451 3.478960 -0.000009 
1951 198.852917 0.000000 224.706101 99.940359 0.002860 3.483890 -0.000021 
1952 109.927191 0.000000 -80.740869 99.931967 -0.008169 3.456672 0.000165 
1953 109.927191 0.000000 -108.508776 99.934171 -0.005711 3.472042 0.000111 
1954 139.569099 0.000000 -80.740869 99.934512 -0.008216 3.454994 0.000116 
1955 -8.640443 0.000000 85.866569 99.952702 0.023812 3.489426 -0.000272 
1956 -38.282352 0.000000 85.866569 99.948435 0.000017 3.498081 -0.000193 
1957 -8.640443 0.000000 113.634476 99.952331 0.001122 3.488300 -0.000264 
1958 -67.924261 0.000000 85.866569 99.942189 0.000154 3.496601 -0.000067 
1959 -97.566169 0.000000 85.866569 99.939965 0.000177 3.494393 -0.000021 
1960 -67.924261 0.000000 113.634476 99.943338 0.000511 3.493414 -0.000087 
1961 -23.461398 0.000000 -39.089010 99.940195 -0.001699 3.370875 0.000059 
1962 -38.282352 0.000000 -39.089010 99.916163 0.010894 3.431074 0.000499 
1963 -23.461398 0.000000 -52.972963 99.944627 0.000871 3.424242 -0.000065 
1964 109.927191 0.000000 85.866569 99.942969 0.007567 3.445947 -0.000047 
1965 139.569099 0.000000 85.866569 99.941017 0.008499 3.447453 -0.000009 
1966 109.927191 0.000000 113.634476 99.943787 0.005199 3.464972 -0.000077 
1967 65.464328 0.000000 -39.089010 100.040719 -0.227573 3.529466 -0.002065 
1968 65.464328 0.000000 -52.972963 99.978408 -0.064809 3.485296 -0.000783 
1969 80.285282 0.000000 -39.089010 99.951545 -0.062441 3.436040 -0.000212 
1970 6.180511 0.000000 44.214710 99.938246 0.355047 3.473126 0.000016 
1971 -8.640443 0.000000 44.214710 99.944900 0.111995 3.527995 -0.000144 
1972 6.180511 0.000000 58.098663 99.921371 0.047768 3.473087 0.000366 
1973 -23.461398 0.000000 44.214710 99.893555 0.041836 3.497615 0.000904 
1974 -38.282352 0.000000 44.214710 99.912421 0.022417 3.501906 0.000524 
1975 -23.461398 0.000000 58.098663 99.928309 0.021274 3.500235 0.000208 
1976 -16.050921 0.000000 -18.263080 99.621557 0.083510 3.383083 0.006409 
1977 -23.461398 0.000000 -18.263080 99.756607 0.071443 3.420017 0.003692 
1978 -16.050921 0.000000 -25.205056 99.781713 -0.021778 3.325318 0.003255 
1979 13.590988 0.000000 23.388780 100.512065 0.172943 3.527609 -0.011515 
1980 6.180511 0.000000 23.388780 100.294076 0.046495 3.749448 -0.007296 
1981 13.590988 0.000000 30.330756 100.394250 0.345913 3.494697 -0.009134 
1982 -1.229966 0.000000 23.388780 100.110418 -0.059906 3.860030 -0.003700 
1983 -8.640443 0.000000 23.388780 99.960552 0.361066 3.812265 -0.000678 
1984 -1.229966 0.000000 30.330756 100.153831 0.346121 3.707775 -0.004466 
1985 -16.050921 0.000000 23.388780 99.891999 0.359033 3.707040 0.000772 
1986 -23.461398 0.000000 23.388780 99.877327 0.264947 3.618692 0.001135 
1987 -16.050921 0.000000 30.330756 99.874931 0.404091 3.576390 0.001204 
1988 -3.082586 0.000000 -6.114621 97.754509 -0.008423 1.363365 0.044220 
1989 -4.935205 0.000000 -6.114621 98.022196 0.118086 2.325347 0.038623 
1990 -3.082586 0.000000 -7.850115 98.316138 0.093155 1.734257 0.033092 
1991 -2.156276 0.000000 -3.511380 94.222193 0.245800 0.363031 0.112199 
1992 -3.082586 0.000000 -3.511380 95.659291 -0.022450 1.516245 0.084700 
1993 -2.156276 0.000000 -4.379127 95.740157 0.236100 0.418749 0.083359 
1994 17.296227 0.000000 12.975815 101.953448 0.160628 3.230733 -0.040497 
1995 13.590988 0.000000 12.975815 101.404339 0.359467 4.316045 -0.030160 
1996 17.296227 0.000000 16.446803 101.455423 0.195532 3.430604 -0.030501 
1997 9.885749 0.000000 12.975815 100.873577 0.501785 4.934826 -0.020008 
1998 6.180511 0.000000 12.975815 100.118065 0.345278 4.960322 -0.004835 
1999 9.885749 0.000000 16.446803 100.640719 0.049605 4.295453 -0.014701 
2000 4.327892 0.000000 4.298344 96.318502 -0.068107 11.546864 0.058941 
2001 2.475272 0.000000 4.298344 96.281322 -0.047887 9.034920 0.064827 
2002 4.327892 0.000000 6.033838 98.341670 0.040975 8.896733 0.024976 
2003 1.548963 0.000000 -0.040391 89.905145 -0.054523 29.437238 0.105051 
2004 0.622653 0.000000 -0.040391 89.763961 -0.038186 29.879083 0.104967 
2005 1.548963 0.000000 0.827356 91.271799 0.127701 15.124765 0.144068 
2006 -0.766811 0.000000 -3.077506 89.130390 0.280810 -6.268018 0.201641 
2007 -1.229966 0.000000 -3.077506 90.384419 0.220403 -2.653659 0.182357 
2008 -0.766811 0.000000 -3.511380 92.265410 0.237895 -4.553430 0.146630 
2009 3.401582 0.000000 -3.511380 98.480655 -0.012370 4.361673 0.028254 
2010 3.401582 0.000000 -4.379127 97.236698 -0.045084 -2.806321 0.053715 
2011 3.401582 0.000000 -2.643632 98.176217 -0.011341 3.452456 0.034951 
2012 5.254201 0.000000 -1.775885 93.581418 -0.248085 -24.400787 0.064706 
2013 4.327892 0.000000 -1.775885 96.275222 -0.001716 0.120574 0.073107 
2014 6.180511 0.000000 -1.775885 -10.702100 -0.180566 -0.477199 0.988520 
2015 3.401582 0.000000 -1.775885 98.439859 -0.012095 4.268952 0.029137 
2016 5.254201 0.000000 1.695103 86.900280 -0.211765 24.363287 0.185473 
2017 4.327892 0.000000 1.695103 89.609859 -0.030038 19.235461 0.160007 
2018 5.254201 0.000000 2.562850 91.547570 -0.348932 19.264477 0.124780 
2019 3.401582 0.000000 1.695103 91.361462 0.032528 15.982893 0.139763 
2020 2.475272 0.000000 1.695103 92.464742 0.057353 13.853816 0.125834 
2021 3.401582 0.000000 2.562850 93.472741 0.057618 13.455088 0.108180 
2022 7.106821 0.000000 -1.775885 -11.516166 -0.088812 -0.386403 0.986722 
2023 8.033130 0.000000 -1.775885 -11.894748 -0.116731 -0.509483 0.985824 
2024 7.106821 0.000000 -0.908138 -11.562928 0.011415 -0.555699 0.986599 
2025 7.106821 0.000000 -0.040391 -11.557943 0.144030 -0.989513 0.986541 
2026 8.033130 0.000000 -0.040391 -11.724292 0.256323 -0.642025 0.986206 
2027 10.812059 0.000000 -3.511380 98.483460 -0.611903 7.827297 0.023937 
2028 10.812059 0.000000 -4.379127 98.092738 -0.485487 3.741936 0.036358 
2029 10.812059 0.000000 -2.643632 98.398314 -0.628520 7.789675 0.025670 
2030 10.812059 0.000000 -1.775885 -13.475032 -0.164338 0.390778 0.981824 
2031 9.885749 0.000000 -1.775885 -12.861409 -0.124280 -0.155209 0.983454 
2032 10.812059 0.000000 -0.908138 -12.595048 -0.167772 0.518789 0.984107 
2033 12.664678 0.000000 -5.246874 97.480633 -0.292034 0.671772 0.049699 
2034 11.738369 0.000000 -5.246874 98.026476 -0.449521 1.702910 0.038771 
2035 12.664678 0.000000 -6.114621 98.319567 -0.385642 0.851338 0.033239 
2036 10.812059 0.000000 -5.246874 98.913462 -0.520856 2.585095 0.020917 
2037 9.885749 0.000000 -5.246874 100.246895 -0.550587 2.981541 -0.005863 
2038 10.812059 0.000000 -6.114621 99.297273 -0.516920 1.989654 0.013583 
2039 14.517298 0.000000 3.430597 105.908838 -0.248225 2.717532 -0.122413 
2040 14.517298 0.000000 2.562850 105.910328 -0.249616 2.715696 -0.122443 
2041 14.517298 0.000000 4.298344 102.444185 -0.647471 4.083732 -0.051191 
2042 22.854084 0.000000 7.769332 102.246828 -0.137345 1.529308 -0.045677 
2043 21.001465 0.000000 7.769332 101.943546 -0.427957 2.062128 -0.039692 
2044 22.854084 0.000000 9.504827 102.015596 0.144510 1.642651 -0.040990 
2045 18.222536 0.000000 3.430597 105.821133 0.156103 0.181561 -0.119817 
2046 18.222536 0.000000 2.562850 105.821434 0.155744 0.187076 -0.119824 
2047 18.222536 0.000000 4.298344 103.114949 0.289133 2.420210 -0.063863 
2048 95.106237 0.000000 -39.089010 99.930116 -0.043522 3.387762 0.000249 
2049 95.106237 0.000000 -52.972963 99.935246 -0.038098 3.435438 0.000114 
2050 109.927191 0.000000 -39.089010 99.931058 -0.032473 3.375238 0.000239 
2051 58.053851 0.000000 -18.263080 99.848550 -0.069478 3.392032 0.001876 
2052 58.053851 0.000000 -25.205056 99.884759 -0.006784 3.442055 0.001119 
2053 65.464328 0.000000 -18.263080 99.859138 -0.033208 3.317194 0.001715 
2054 72.874805 0.000000 -18.263080 99.882541 -0.081678 3.258003 0.001286 
2055 72.874805 0.000000 -25.205056 99.985349 -0.202543 3.452814 -0.000903 
2056 80.285282 0.000000 -18.263080 99.946761 -0.137634 3.317229 -0.000038 
2057 46.938135 0.000000 -7.850115 98.860033 -0.205818 3.617061 0.021357 
2058 46.938135 0.000000 -11.321103 99.243191 -0.454861 3.586411 0.013772 
2059 50.643374 0.000000 -7.850115 99.193146 -0.283049 3.356138 0.014938 
2060 33.969800 0.000000 -2.643632 102.155565 0.026902 26.538769 -0.114007 
2061 33.969800 0.000000 -4.379127 98.158817 -0.107302 10.070650 0.026342 
2062 95.106237 0.000000 44.214710 99.919720 0.024664 3.358502 0.000477 
2063 109.927191 0.000000 44.214710 99.929382 0.021022 3.357210 0.000285 
2064 95.106237 0.000000 58.098663 99.936106 0.024832 3.394851 0.000125 
2065 25.633013 0.000000 5.166091 103.219397 -0.244981 -0.917097 -0.065514 
2066 24.706704 0.000000 5.166091 103.653282 0.266131 -0.615603 -0.074445 
2067 25.633013 0.000000 6.033838 102.689317 0.061201 -0.362508 -0.054523 
2068 25.633013 0.000000 -0.040391 -16.405548 0.135677 -3.354124 0.971959 
2069 24.706704 0.000000 -0.040391 -14.318821 0.294600 -2.884710 0.978656 
2070 26.559323 0.000000 -0.040391 -18.926644 0.195855 -3.590315 0.962885 
2071 27.485633 0.000000 -0.040391 -22.534716 -0.351601 -2.930180 0.948348 
2072 28.411942 0.000000 -0.040391 -25.727864 -0.223881 -2.016509 0.933396 
2073 29.338252 0.000000 -0.040391 -28.191575 -0.106888 -0.644686 0.920481 
2074 29.338252 0.000000 -0.908138 99.821648 -0.472149 7.927912 -0.002744 
2075 30.264562 0.000000 -0.040391 -27.719340 -0.009967 0.294266 0.923155 
2076 31.190871 0.000000 -0.040391 103.241867 -0.059485 15.335852 -0.089408 
2077 31.190871 0.000000 -0.908138 102.675532 -0.033403 17.756424 -0.085756 
2078 32.117181 0.000000 -0.040391 103.805171 -0.013222 18.922815 -0.113359 
2079 27.022478 0.000000 3.864471 105.867316 0.076003 -5.114191 -0.123405 
2080 26.559323 0.000000 3.864471 105.868241 0.075964 -5.115134 -0.123425 
2081 27.022478 0.000000 4.298344 105.634528 0.085632 -4.877028 -0.118245 
2082 29.801407 0.000000 2.128976 97.702016 -0.209859 -2.314124 0.044892 
2083 29.801407 0.000000 1.695103 99.544964 -0.243520 -1.838054 0.008736 
2084 30.264562 0.000000 2.128976 100.500176 -0.234935 -2.058468 -0.010458 
2085 28.527731 0.000000 2.888255 105.474195 -0.065963 24.091456 -0.170521 
2086 28.527731 0.000000 2.779787 103.148185 -0.086849 24.354417 -0.123269 
2087 28.527731 0.000000 2.996724 98.555696 -0.053966 27.121587 -0.044881 
2088 27.254055 0.000000 3.213660 99.428626 0.001566 -0.813936 0.011329 
2089 27.022478 0.000000 3.213660 105.261378 0.021035 -5.127579 -0.110625 
2090 27.254055 0.000000 3.430597 98.911000 -0.003617 -0.458068 0.021640 
2091 28.180365 0.000000 2.345913 98.889455 -0.119944 11.719609 0.008351 
2092 28.180365 0.000000 2.128976 94.115948 -0.149931 10.881602 0.102376 
2093 28.411942 0.000000 2.345913 99.104139 -0.126610 13.589230 -0.000631 
2094 27.601421 0.000000 2.671318 98.597557 -0.061252 3.137404 0.026867 
2095 27.485633 0.000000 2.671318 98.975545 -0.057954 0.039002 0.020384 
2096 27.601421 0.000000 2.562850 98.360152 -0.064355 0.648186 0.032486 
2097 28.064576 0.000000 2.671318 97.440926 -0.092305 11.328796 0.037692 
2098 28.064576 0.000000 2.562850 98.332028 -0.096506 10.644727 0.021749 
2099 28.180365 0.000000 2.671318 95.834327 -0.088108 12.144962 0.066827 
2100 28.296154 0.000000 2.671318 97.068030 -0.092072 18.699240 0.022813 
2101 28.296154 0.000000 2.562850 97.170560 -0.116493 14.584719 0.034515 
2102 28.411942 0.000000 2.671318 101.361730 -0.083992 17.937353 -0.059596 
2103 27.601421 0.000000 3.105192 98.073518 -0.057943 3.817393 0.036701 
2104 27.485633 0.000000 3.105192 98.572741 -0.055210 0.448074 0.028321 
2105 27.601421 0.000000 3.213660 97.817396 -0.056560 4.353511 0.041280 
2106 28.296154 0.000000 3.105192 90.143672 -0.026183 18.858471 0.151848 
2107 28.411942 0.000000 3.105192 91.956759 -0.038664 21.037607 0.110137 
2108 28.296154 0.000000 3.213660 91.710445 -0.050698 17.659875 0.127732 
2109 28.006682 0.000000 2.834021 91.205528 -0.083276 -2.798516 0.167371 
2110 28.006682 0.000000 2.779787 91.846191 -0.086608 -1.779765 0.156110 
2111 28.064576 0.000000 2.834021 90.990093 -0.078949 1.205311 0.171934 
2112 27.254055 0.000000 2.345913 104.980941 -0.007595 -5.144847 -0.104747 
2113 27.022478 0.000000 2.345913 106.062432 0.067748 -5.430218 -0.127873 
2114 27.254055 0.000000 2.128976 104.930910 -0.012828 -5.150863 -0.103703 
2115 30.264562 0.000000 -6.114621 99.202070 0.140755 7.909728 0.009637 
2116 30.264562 0.000000 -7.850115 99.585153 0.369557 6.341392 0.004245 
2117 32.117181 0.000000 -6.114621 99.186745 -0.247886 7.623432 0.010381 
2118 29.338252 0.000000 -1.775885 98.767626 -0.442848 11.821779 0.010501 
2119 29.338252 0.000000 -2.643632 98.845485 -0.457681 11.718475 0.009204 
2120 30.264562 0.000000 -1.775885 101.110063 -0.298630 11.745166 -0.036128 
2121 34.896110 0.000000 5.166091 99.744245 0.000000 -1.732549 0.004808 
2122 33.969800 0.000000 5.166091 99.240090 0.000000 -1.421084 0.014939 
2123 34.896110 0.000000 6.033838 99.022891 0.000000 -0.910272 0.019364 
2124 33.043491 0.000000 5.166091 99.498948 0.071939 -2.275594 0.009478 
2125 33.043491 0.000000 6.033838 99.975122 0.058868 -1.424457 0.000294 
2126 33.043491 0.000000 -0.040391 104.993031 0.011527 16.321529 -0.128993 
2127 33.043491 0.000000 -0.908138 102.806186 0.012375 23.067994 -0.110124 
2128 33.969800 0.000000 -0.040391 103.866321 0.011498 18.671755 -0.113685 
2129 34.896110 0.000000 -0.040391 103.914308 0.011040 19.090158 -0.116262 
2130 34.896110 0.000000 -0.908138 100.667292 0.046104 26.467418 -0.083443 
2131 35.822419 0.000000 -0.040391 102.398943 0.025296 19.559496 -0.086812 
2132 31.654026 0.000000 3.864471 100.610662 -0.015370 -6.942526 -0.017070 
2133 32.117181 0.000000 3.864471 100.967441 -0.012967 -4.547880 -0.021511 
2134 31.654026 0.000000 4.298344 101.088719 -0.013982 -6.257833 -0.025809 
2135 33.506645 0.000000 2.128976 105.052467 -0.134819 -3.079826 -0.104552 
2136 33.506645 0.000000 1.695103 106.952139 -0.142455 -2.908628 -0.144724 
2137 33.506645 0.000000 2.562850 94.782580 -0.094682 0.896414 0.101545 
2138 31.654026 0.000000 2.128976 102.855415 -0.209999 -2.295861 -0.058455 
2139 31.190871 0.000000 2.128976 101.609269 -0.219433 -1.972217 -0.032838 
2140 31.654026 0.000000 1.695103 102.707315 -0.206305 -2.481808 -0.055499 
2141 30.727716 0.000000 2.128976 101.042037 -0.225712 -1.860635 -0.021301 
2142 30.727716 0.000000 1.695103 101.990573 -0.213863 -1.752827 -0.040520 
2143 36.748729 0.000000 -0.040391 102.683084 0.043839 18.142949 -0.087298 
2144 36.748729 0.000000 -0.908138 100.196863 0.061243 25.083780 -0.066861 
2145 36.285574 0.000000 2.128976 99.300131 0.116113 1.570867 0.013700 
2146 36.285574 0.000000 1.695103 102.559088 0.081292 5.221462 -0.054564 
2147 36.748729 0.000000 2.128976 103.660442 0.117536 11.763828 -0.088389 
2148 34.432955 0.000000 2.996724 127.355953 -0.055910 38.573372 -0.770745 
2149 33.969800 0.000000 2.996724 98.267681 -0.052376 8.390053 0.027307 
2150 34.432955 0.000000 3.430597 107.334028 -0.038369 2.550848 -0.152710 
2151 54.348612 0.000000 -7.850115 99.509787 -0.127335 3.287360 0.008698 
2152 54.348612 0.000000 -11.321103 99.660116 -0.111372 3.407360 0.005624 
2153 58.053851 0.000000 -7.850115 99.628822 -0.101792 3.198635 0.006386 
2154 61.759089 0.000000 -7.850115 99.717661 -0.074657 3.164501 0.004637 
2155 61.759089 0.000000 -11.321103 99.788213 -0.074123 3.257194 0.003170 
2156 65.464328 0.000000 -7.850115 99.771930 -0.100215 3.112093 0.003587 
2157 45.085516 0.000000 -2.643632 97.464575 -0.298509 4.306691 0.048202 
2158 45.085516 0.000000 -4.379127 98.040940 -0.243450 4.129267 0.037086 
2159 46.938135 0.000000 -2.643632 98.130725 -0.291550 3.783185 0.035596 
2160 48.790754 0.000000 0.827356 98.349344 -0.338475 3.402031 0.031572 
2161 48.790754 0.000000 -0.908138 98.407012 -0.316266 4.031946 0.029970 
2162 50.643374 0.000000 0.827356 98.785205 -0.255845 3.413623 0.022977 
2163 40.917122 0.000000 1.261229 104.276449 -0.145677 9.566684 -0.096512 
2164 40.917122 0.000000 0.827356 103.848274 -0.125990 10.069608 -0.088588 
2165 41.380277 0.000000 1.261229 103.583561 -0.202593 10.392126 -0.083759 
2166 38.138194 0.000000 3.864471 102.514868 0.060213 -6.444774 -0.055084 
2167 37.675039 0.000000 3.864471 105.227188 0.047987 -3.814649 -0.108731 
2168 38.138194 0.000000 3.430597 105.288403 0.048568 -9.037677 -0.116733 
2169 40.222390 0.000000 2.779787 108.038035 -0.046896 2.963484 -0.168100 
2170 40.453968 0.000000 2.779787 107.832509 -0.085338 0.514187 -0.162812 
2171 40.222390 0.000000 2.996724 108.310679 -0.054726 0.670930 -0.173166 
2172 40.222390 0.000000 3.213660 108.538111 -0.045120 -2.952193 -0.178924 
2173 39.990813 0.000000 3.213660 108.878847 -0.006357 -1.634192 -0.185727 
2174 40.453968 0.000000 3.213660 107.383526 -0.079195 -1.222002 -0.153272 
2175 39.759235 0.000000 3.213660 106.443273 0.007850 0.533375 -0.133045 
2176 39.527658 0.000000 3.213660 103.806624 0.025159 1.282831 -0.077746 
2177 39.875024 0.000000 2.454382 106.903428 -0.015389 25.784508 -0.209318 
2178 39.990813 0.000000 2.454382 107.385139 -0.028147 16.074573 -0.178996 
2179 39.875024 0.000000 2.562850 108.041389 -0.013430 22.175054 -0.216467 
2180 39.296081 0.000000 2.779787 99.472400 0.071842 6.693492 0.006043 
2181 39.064503 0.000000 2.779787 96.742980 0.117895 1.626151 0.063814 
2182 39.296081 0.000000 2.996724 101.981120 0.062277 3.250575 -0.041072 
2183 39.296081 0.000000 3.213660 98.896587 0.047987 1.830104 0.021611 
2184 39.064503 0.000000 3.213660 99.171617 0.078962 -0.436516 0.016479 
2185 39.296081 0.000000 3.430597 99.492320 0.050584 -1.284195 0.009963 
2186 44.159206 0.000000 -0.040391 95.220534 -0.618121 4.764640 0.090997 
2187 44.159206 0.000000 -0.908138 95.918210 -0.435125 5.250405 0.077194 
2188 45.085516 0.000000 -0.040391 96.372249 -0.493742 4.347045 0.069325 
2189 41.843432 0.000000 1.261229 104.688510 -0.213079 6.110372 -0.099707 
2190 41.843432 0.000000 0.827356 104.505568 -0.214477 6.822146 -0.096800 
2191 39.817130 0.000000 2.291679 103.793827 0.163587 22.587152 -0.128336 
2192 39.875024 0.000000 2.291679 103.499835 0.190355 20.674808 -0.113970 
2193 39.817130 0.000000 2.345913 105.620460 0.105241 32.518923 -0.221317 
2194 39.788183 0.000000 2.210328 102.129515 0.240941 16.625077 -0.070689 
2195 39.817130 0.000000 2.210328 101.672940 0.283183 15.921139 -0.059095 
2196 39.788183 0.000000 2.237445 102.535025 0.212519 18.431006 -0.085318 
2197 39.773709 0.000000 2.169652 100.446554 0.433447 20.405026 -0.050606 
2198 39.788183 0.000000 2.169652 101.621090 0.278227 14.513908 -0.053758 
2199 39.773709 0.000000 2.183211 102.015381 0.244778 15.449211 -0.064588 
2200 44.159206 0.000000 3.430597 96.084566 -0.674203 0.932483 0.076643 
2201 45.085516 0.000000 3.430597 96.897688 -0.478691 1.627232 0.060796 
2202 46.011826 0.000000 3.430597 97.515156 -0.355590 2.013354 0.048661 
2203 46.011826 0.000000 2.562850 97.274991 -0.707630 1.913923 0.053341 
2204 46.938135 0.000000 3.430597 97.963615 -0.274561 2.213329 0.039816 
2205 41.843432 0.000000 2.996724 106.467323 -0.209102 -0.350336 -0.133546 
2206 42.306587 0.000000 2.996724 106.138271 -0.210303 0.480896 -0.126561 
2207 41.843432 0.000000 3.430597 108.762461 -0.197144 -11.527914 -0.196220 
2208 42.769742 0.000000 2.996724 110.770051 -0.211190 -14.818351 -0.248963 
2209 43.232897 0.000000 2.996724 94.080197 -1.568720 -0.498053 0.114621 
2210 42.769742 0.000000 3.430597 111.737308 -0.165363 -9.908938 -0.258344 
2211 41.843432 0.000000 3.864471 111.643997 -0.214972 -14.052222 -0.266189 
2212 42.306587 0.000000 3.864471 111.740118 -0.165586 -9.910096 -0.258409 
2213 16.369917 0.000000 -5.246874 100.612131 -0.082634 -5.377540 -0.015173 
2214 16.369917 0.000000 -6.114621 100.822898 -0.252436 -3.172816 -0.017539 
2215 17.296227 0.000000 -5.246874 102.410673 0.314723 -5.817897 -0.052189 
2216 14.980452 0.000000 -3.945253 98.564094 -0.327866 -11.381746 0.015547 
2217 14.980452 0.000000 -4.379127 97.803161 -0.337830 -7.760529 0.037420 
2218 15.443607 0.000000 -3.945253 102.591071 0.153252 -10.710936 -0.063968 
2219 18.222536 0.000000 -1.775885 -8.017837 0.211929 0.615570 0.993529 
2220 19.148846 0.000000 -1.775885 -8.758496 0.040190 0.309048 0.992319 
2221 18.222536 0.000000 -0.908138 -8.414097 0.350449 0.863659 0.992833 
2222 14.748875 0.000000 -3.294443 95.649571 -0.067455 -26.092612 0.017033 
2223 14.748875 0.000000 -3.511380 94.435360 -0.114659 -26.882593 0.035928 
2224 14.980452 0.000000 -3.294443 97.880849 0.013691 -22.585733 -0.009078 
2225 20.075156 0.000000 -5.246874 110.077830 -0.077651 0.727388 -0.211766 
2226 19.148846 0.000000 -5.246874 108.048443 -0.117409 -3.334119 -0.168560 
2227 20.075156 0.000000 -6.114621 106.611514 -0.200610 1.388718 -0.136798 
2228 18.222536 0.000000 -5.246874 105.076833 0.163057 -5.427785 -0.107063 
2229 18.222536 0.000000 -6.114621 103.880897 -0.008167 -2.777102 -0.079895 
2230 23.780394 0.000000 -1.775885 -12.305425 -0.018382 -2.517814 0.984224 
2231 22.854084 0.000000 -1.775885 -11.466670 -0.295392 -2.353137 0.986289 
2232 23.780394 0.000000 -0.908138 -12.485079 -0.027161 -2.476729 0.983799 
2233 21.927775 0.000000 -1.775885 -10.766932 -0.108575 -1.165821 0.988270 
2234 21.001465 0.000000 -1.775885 -9.995742 -0.141160 -0.832778 0.989937 
2235 21.927775 0.000000 -0.908138 -10.623035 -0.077509 -1.015403 0.988611 
2236 23.780394 0.000000 -5.246874 105.295745 -0.137175 10.494339 -0.119734 
2237 23.780394 0.000000 -6.114621 104.018114 -0.213193 8.589031 -0.089358 
2238 24.706704 0.000000 -5.246874 104.461356 -0.159370 11.930292 -0.105453 
2239 25.633013 0.000000 -5.246874 102.222115 -0.307863 13.104873 -0.062119 
2240 25.633013 0.000000 -6.114621 101.788351 -0.419325 9.926124 -0.045957 
2241 26.559323 0.000000 -5.246874 99.827740 -0.488163 12.292060 -0.011691 
2242 25.169859 0.000000 -2.209759 -14.274418 0.076916 -5.798891 0.976261 
2243 24.706704 0.000000 -2.209759 -13.052172 0.015118 -4.166272 0.981228 
2244 25.169859 0.000000 -1.775885 -15.366783 0.093246 -4.664227 0.974210 
2245 39.064503 0.000000 5.599965 98.278739 0.000000 -1.232396 0.033977 
2246 38.601348 0.000000 5.599965 98.501159 -0.000000 -1.304537 0.029582 
2247 39.064503 0.000000 6.033838 98.381153 -0.000000 -0.866079 0.032040 
2248 38.138194 0.000000 5.599965 98.747567 -0.000000 -1.224335 0.024742 
2249 37.675039 0.000000 5.599965 98.755752 -0.000000 -1.088029 0.024612 
2250 38.138194 0.000000 6.033838 98.705485 -0.000000 -0.824058 0.025655 
2251 39.759235 0.000000 4.949154 98.219783 -0.000000 -1.765187 0.034976 
2252 39.527658 0.000000 4.949154 98.156794 -0.000000 -1.839581 0.036186 
2253 39.759235 0.000000 5.166091 98.139414 -0.000000 -1.595027 0.036611 
2254 41.843432 0.000000 5.599965 97.704869 -0.223997 -0.562201 0.045339 
2255 42.306587 0.000000 5.599965 97.629435 -0.229755 -0.256907 0.046837 
2256 39.990813 0.000000 6.467712 98.373748 -0.000000 -0.478174 0.032238 
2257 39.527658 0.000000 6.467712 98.434138 0.000000 -0.503819 0.031047 
2258 39.990813 0.000000 6.901585 98.470822 -0.000000 -0.183748 0.030346 
2259 39.990813 0.000000 7.335459 98.442567 0.000000 -0.033178 0.030906 
2260 39.527658 0.000000 7.335459 98.458131 -0.000000 -0.094292 0.030599 
2261 48.790754 0.000000 11.240321 99.302236 0.244125 2.193648 0.013419 
2262 50.643374 0.000000 11.240321 99.429723 0.065705 2.238160 0.010872 
2263 48.790754 0.000000 12.975815 99.495586 0.054143 2.256013 0.009554 
2264 46.011826 0.000000 8.637080 98.915188 -0.273921 1.326072 0.021395 
2265 46.938135 0.000000 8.637080 98.974427 -0.347363 1.472331 0.020177 
2266 46.011826 0.000000 9.504827 99.059563 0.109771 1.719342 0.018423 
2267 42.769742 0.000000 6.467712 98.070875 0.226888 0.409788 0.038188 
2268 42.769742 0.000000 6.033838 97.847416 -0.119416 0.258966 0.042580 
2269 43.232897 0.000000 6.467712 98.079374 0.242892 0.616171 0.038000 
2270 42.769742 0.000000 9.070953 98.947138 0.672216 0.850233 0.020829 
2271 43.232897 0.000000 9.070953 98.947325 0.698879 0.986087 0.020797 
2272 42.769742 0.000000 9.504827 99.073723 0.038711 1.071422 0.018325 
2273 44.159206 0.000000 10.372574 99.208806 -0.003068 1.492520 0.015539 
2274 45.085516 0.000000 10.372574 99.166792 -0.037892 1.697427 0.016306 
2275 44.159206 0.000000 11.240321 99.349312 -0.050337 1.626075 0.012707 
2276 46.011826 0.000000 10.372574 99.207512 -0.059200 1.723782 0.015489 
2277 46.938135 0.000000 10.372574 99.181579 0.020013 1.938276 0.015926 
2278 46.011826 0.000000 11.240321 99.260659 0.015798 1.920303 0.014363 
2279 41.843432 0.000000 9.938700 99.282153 -0.004258 0.986869 0.014208 
2280 42.306587 0.000000 9.938700 99.232680 0.012653 1.077122 0.015171 
2281 41.843432 0.000000 10.372574 99.371953 -0.014183 1.119047 0.012396 
2282 42.769742 0.000000 9.938700 99.181978 -0.013795 1.159520 0.016159 
2283 43.232897 0.000000 9.938700 99.159189 0.002949 1.243680 0.016591 
2284 42.769742 0.000000 10.372574 99.273173 -0.015878 1.248870 0.014328 
2285 41.611855 0.000000 8.854016 98.687821 -0.000000 0.572344 0.026039 
2286 41.843432 0.000000 8.854016 98.696105 0.000000 0.602871 0.025872 
2287 41.611855 0.000000 9.070953 98.700350 -0.000000 0.601820 0.025788 
2288 42.075010 0.000000 8.854016 98.737971 0.000000 0.650154 0.025039 
2289 42.306587 0.000000 8.854016 98.735397 0.000000 0.646248 0.025090 
2290 42.075010 0.000000 9.070953 98.723791 0.000000 0.634871 0.025321 
2291 41.611855 0.000000 9.287890 99.142702 0.125786 0.696143 0.017022 
2292 41.843432 0.000000 9.287890 99.109319 0.091961 0.767328 0.017675 
2293 41.611855 0.000000 9.504827 99.204230 0.022648 0.794036 0.015789 
2294 29.569829 0.000000 3.213660 113.376933 -0.031671 1.138333 -0.285563 
2295 29.569829 0.000000 2.996724 101.327575 -0.046992 -2.363864 -0.027287 
2296 28.990886 0.000000 2.888255 101.692212 -0.042389 59.726294 -0.390854 
2297 28.990886 0.000000 2.779787 102.073035 -0.098134 30.832082 -0.136953 
2298 29.106675 0.000000 2.888255 100.395153 -0.061728 35.406611 -0.133282 
2299 30.264562 0.000000 11.240321 100.452128 -0.192863 1.000587 -0.009167 
2300 28.411942 0.000000 11.240321 100.911930 -0.132991 1.255067 -0.018481 
2301 30.264562 0.000000 12.975815 100.735499 -0.408610 1.292882 -0.014948 
2302 28.875097 0.000000 4.732218 102.245692 -0.347713 -0.616659 -0.045468 
2303 28.411942 0.000000 4.732218 102.119545 -0.414677 -0.537369 -0.042886 
2304 28.875097 0.000000 5.166091 101.950551 -0.301281 -0.825099 -0.039469 
2305 29.106675 0.000000 3.647534 103.793667 -0.041661 6.627269 -0.081705 
2306 28.875097 0.000000 3.647534 103.985725 -0.050080 9.895224 -0.091095 
2307 29.106675 0.000000 3.864471 103.925349 -0.047512 7.362372 -0.085468 
2308 28.527731 0.000000 3.105192 95.697110 -0.045112 22.502981 0.033568 
2309 28.643520 0.000000 3.105192 104.080189 -0.043591 36.621957 -0.217386 
2310 28.527731 0.000000 3.213660 100.363133 -0.046991 18.348754 -0.040944 
2311 28.759308 0.000000 3.105192 106.759522 -0.061872 33.721222 -0.253472 
2312 28.759308 0.000000 3.213660 106.870682 -0.052399 31.283148 -0.239998 
2313 29.569829 0.000000 4.081407 102.706468 -0.035781 -0.445816 -0.054882 
2314 29.338252 0.000000 4.081407 110.126312 -0.036346 -0.937775 -0.212869 
2315 29.569829 0.000000 4.298344 100.260894 -0.000000 0.292734 -0.005233 
2316 30.727716 0.000000 4.732218 106.719356 -0.000000 -12.501804 -0.154532 
2317 31.190871 0.000000 4.732218 103.486661 -0.000000 -9.045703 -0.079131 
2318 30.727716 0.000000 5.166091 101.611606 -0.193081 -2.312771 -0.033030 
2319 31.654026 0.000000 4.732218 100.923897 -0.000000 -3.912946 -0.020094 
2320 32.117181 0.000000 4.732218 100.988548 -0.000000 -4.264194 -0.021687 
2321 31.654026 0.000000 5.166091 100.610279 0.045758 -2.638152 -0.012939 
2322 30.496139 0.000000 4.081407 105.652013 -0.015874 -8.039016 -0.122697 
2323 30.727716 0.000000 4.081407 105.490463 -0.025858 -9.060845 -0.121034 
2324 30.496139 0.000000 4.298344 108.078034 -0.000000 -8.528230 -0.175359 
2325 29.917195 0.000000 3.756002 107.745256 -0.018958 -1.601279 -0.161160 
2326 29.801407 0.000000 3.756002 108.705216 -0.030635 -0.927224 -0.181768 
2327 29.917195 0.000000 3.864471 107.963591 -0.019730 -2.119365 -0.166063 
2328 29.917195 0.000000 3.322129 107.082613 -0.029757 2.604991 -0.147347 
2329 29.801407 0.000000 3.322129 106.414086 -0.021726 2.874459 -0.133222 
2330 29.917195 0.000000 3.213660 110.850634 -0.029642 -1.173127 -0.228924 
2331 30.380350 0.000000 3.756002 109.323938 -0.031666 -5.032110 -0.197705 
2332 30.496139 0.000000 3.756002 109.173517 -0.028907 -6.340310 -0.195906 
2333 30.380350 0.000000 3.864471 107.212239 -0.034606 -5.059819 -0.152007 
2334 30.090879 0.000000 3.376363 110.063717 -0.026603 1.854486 -0.211746 
2335 30.032984 0.000000 3.376363 107.572436 -0.024805 4.594631 -0.159294 
2336 30.090879 0.000000 3.322129 109.083593 -0.032233 2.870078 -0.190747 
2337 30.119826 0.000000 3.457714 108.572055 -0.020620 -2.835371 -0.179593 
2338 30.090879 0.000000 3.457714 109.999619 -0.029842 0.697892 -0.210040 
2339 30.119826 0.000000 3.430597 110.313360 -0.028674 0.308463 -0.216913 
2340 39.990813 0.000000 9.938700 99.706865 -0.049473 0.767592 0.005795 
2341 39.527658 0.000000 9.938700 99.815896 -0.061046 0.776857 0.003618 
2342 39.990813 0.000000 10.372574 99.707585 -0.021811 0.946780 0.005750 
2343 39.759235 0.000000 8.854016 99.444525 -0.345818 0.052371 0.011066 
2344 39.759235 0.000000 8.637080 99.099786 -0.214198 0.091086 0.017918 
2345 39.759235 0.000000 9.070953 99.438934 -0.345653 0.051144 0.011178 
2346 40.222390 0.000000 9.287890 99.015626 -0.231616 0.118493 0.019584 
2347 39.990813 0.000000 9.287890 98.483126 -0.000000 0.205824 0.030103 
2348 40.222390 0.000000 9.504827 99.614340 -0.039912 0.560125 0.007667 
2349 39.759235 0.000000 9.287890 98.910752 -0.164823 0.094655 0.021663 
2350 39.527658 0.000000 9.287890 99.246680 -0.266850 0.041188 0.015002 
2351 39.759235 0.000000 9.504827 99.783324 -0.056051 0.526215 0.004301 
2352 41.148700 0.000000 7.986269 98.693358 -0.000000 0.392367 0.025947 
2353 40.917122 0.000000 7.986269 98.660143 -0.000000 0.311491 0.026608 
2354 41.148700 0.000000 8.203206 98.691322 -0.000000 0.432972 0.025984 
2355 41.148700 0.000000 8.420143 98.680878 -0.000000 0.428587 0.026190 
2356 40.569756 0.000000 8.745548 99.106245 -0.272015 0.121973 0.017786 
2357 40.453968 0.000000 8.745548 99.175151 -0.300037 0.106484 0.016419 
2358 40.569756 0.000000 8.637080 98.748287 -0.096480 0.226740 0.024872 
2359 41.032911 0.000000 8.745548 98.923214 -0.161403 0.206792 0.021413 
2360 41.032911 0.000000 8.637080 98.825311 -0.106362 0.264898 0.023348 
2361 41.148700 0.000000 8.745548 98.829001 -0.102186 0.278183 0.023274 
2362 40.222390 0.000000 8.420143 98.573333 -0.000000 0.208400 0.028325 
2363 39.990813 0.000000 8.420143 98.532872 -0.000000 0.181536 0.029124 
2364 40.222390 0.000000 8.203206 98.593041 -0.000000 0.199737 0.027937 
2365 39.759235 0.000000 8.420143 98.541521 -0.000000 0.165650 0.028954 
2366 39.527658 0.000000 8.420143 98.495131 -0.000000 0.128471 0.029869 
2367 39.759235 0.000000 8.203206 98.569524 -0.000000 0.136398 0.028403 
2368 38.138194 0.000000 9.938700 100.159065 0.056073 0.884584 -0.003262 
2369 38.601348 0.000000 9.938700 100.067586 -0.069161 0.838060 -0.001423 
2370 38.138194 0.000000 10.372574 100.065252 -0.015332 1.069609 -0.001420 
2371 39.064503 0.000000 9.938700 99.956874 -0.068746 0.791085 0.000799 
2372 39.064503 0.000000 10.372574 99.892706 -0.067873 0.996947 0.002045 
2373 39.296081 0.000000 9.287890 99.030027 -0.190623 0.052854 0.019301 
2374 39.064503 0.000000 9.287890 99.302574 -0.256122 0.044774 0.013893 
2375 39.296081 0.000000 9.504827 99.947301 -0.065527 0.526738 0.001026 
2376 39.064503 0.000000 6.467712 98.456902 -0.000000 -0.573224 0.030591 
2377 38.601348 0.000000 6.467712 98.663006 -0.000000 -0.565249 0.026529 
2378 39.064503 0.000000 6.901585 98.507333 -0.000000 -0.309560 0.029621 
2379 39.064503 0.000000 7.335459 98.474878 -0.000000 -0.107858 0.030269 
2380 38.601348 0.000000 7.335459 98.459223 -0.000000 -0.105927 0.030577 
2381 38.138194 0.000000 7.335459 98.500540 -0.000000 -0.046807 0.029764 
2382 37.675039 0.000000 7.335459 98.699244 -0.000000 0.040055 0.025846 
2383 38.138194 0.000000 6.901585 98.660374 -0.000000 -0.308124 0.026604 
2384 39.296081 0.000000 8.420143 98.465560 -0.000000 0.102162 0.030452 
2385 39.064503 0.000000 8.420143 98.430180 -0.000000 0.092054 0.031149 
2386 39.296081 0.000000 8.203206 98.521088 -0.000000 0.094455 0.029359 
2387 34.896110 0.000000 6.901585 99.139216 0.000000 -0.303199 0.017132 
2388 33.969800 0.000000 6.901585 99.880089 0.011045 -0.756290 0.002340 
2389 36.285574 0.000000 8.203206 99.333807 0.000000 0.755971 0.013222 
2390 35.822419 0.000000 8.203206 99.329471 0.000000 0.859689 0.013292 
2391 36.285574 0.000000 7.769332 98.932659 0.000000 0.526337 0.021205 
2392 37.906616 0.000000 9.287890 99.536891 -0.151457 0.151601 0.009236 
2393 38.138194 0.000000 9.287890 99.596688 -0.191164 0.083350 0.008046 
2394 37.906616 0.000000 9.504827 100.420788 0.107396 0.624714 -0.008474 
2395 34.896110 0.000000 10.372574 100.155558 -0.114596 0.902505 -0.003196 
2396 33.969800 0.000000 10.372574 100.332844 -0.091508 0.665546 -0.006713 
2397 34.896110 0.000000 11.240321 100.026021 0.081233 1.190240 -0.000663 
2398 36.285574 0.000000 9.938700 99.872879 -0.003860 1.094940 0.002421 
2399 35.822419 0.000000 9.938700 99.829259 -0.047970 1.028579 0.003306 
2400 36.285574 0.000000 10.372574 99.982195 -0.071129 1.164730 0.000220 
2401 37.906616 0.000000 8.420143 98.335103 -0.000000 0.384276 0.033006 
2402 37.906616 0.000000 8.203206 98.467576 -0.000000 0.307472 0.030404 
2403 38.138194 0.000000 8.420143 98.357583 -0.000000 0.282102 0.032571 
2404 37.211884 0.000000 7.335459 98.818303 -0.000000 0.141597 0.023492 
2405 36.748729 0.000000 7.335459 98.844404 0.000000 0.239903 0.022973 
2406 37.211884 0.000000 6.901585 98.855606 -0.000000 -0.109405 0.022756 
2407 36.285574 0.000000 7.335459 98.736971 0.000000 0.265283 0.025094 
2408 35.822419 0.000000 7.335459 98.693265 0.000000 0.178573 0.025961 
2409 36.285574 0.000000 6.901585 98.893444 0.000000 0.001986 0.022009 
2410 36.980307 0.000000 8.420143 98.732733 0.000000 0.928000 0.025099 
2411 36.748729 0.000000 8.420143 98.871767 0.000000 0.943337 0.022348 
2412 36.980307 0.000000 8.203206 98.861849 0.000000 0.798758 0.022570 
2413 37.096095 0.000000 8.745548 99.220373 -0.006691 0.794245 0.015469 
2414 36.980307 0.000000 8.745548 98.505400 0.000000 1.128823 0.029541 
2415 37.096095 0.000000 8.637080 98.741651 -0.000765 1.058212 0.024897 
2416 41.148700 0.000000 4.081407 111.927265 -0.203479 -12.306338 -0.267920 
2417 41.148700 0.000000 3.864471 111.645037 -0.213775 -13.961031 -0.265957 
2418 41.380277 0.000000 4.081407 111.929360 -0.203755 -12.319086 -0.267998 
2419 40.338179 0.000000 4.189876 98.890087 0.013014 -3.105308 0.021111 
2420 40.222390 0.000000 4.189876 99.751475 0.029854 -3.077068 0.004017 
2421 40.453968 0.000000 4.189876 98.903016 0.019748 -3.235471 0.020772 
2422 40.106602 0.000000 4.189876 99.649329 0.025124 -2.899309 0.006160 
2423 39.990813 0.000000 4.189876 100.016884 0.039497 -2.872830 -0.001163 
2424 40.106602 0.000000 4.298344 99.099670 0.035824 -2.695245 0.017199 
2425 40.569756 0.000000 4.189876 99.634906 -0.022972 -3.501155 0.006063 
2426 40.685545 0.000000 4.189876 101.068500 -0.018044 -3.762888 -0.022900 
2427 40.685545 0.000000 3.213660 106.619368 -0.111329 -1.608109 -0.137029 
2428 40.685545 0.000000 2.996724 107.827651 -0.118707 -1.526844 -0.162915 
2429 40.917122 0.000000 3.213660 106.961038 -0.128095 -1.505714 -0.144295 
2430 39.296081 0.000000 3.647534 99.796465 0.043699 -2.737080 0.003317 
2431 39.064503 0.000000 3.647534 100.045574 0.060409 -4.455792 -0.002897 
2432 39.296081 0.000000 3.864471 100.272425 0.046582 -3.301439 -0.006546 
2433 39.296081 0.000000 4.081407 99.906752 0.048306 -2.942429 0.000998 
2434 39.064503 0.000000 4.081407 99.590963 0.046775 -3.960573 0.006595 
2435 39.296081 0.000000 4.298344 99.503971 0.054260 -3.061657 0.008958 
2436 40.309232 0.000000 3.837354 102.374422 -0.000353 -4.575221 -0.050145 
2437 40.280285 0.000000 3.837354 102.344051 -0.000000 -4.528290 -0.049481 
2438 40.309232 0.000000 3.810236 102.715135 -0.000477 -4.696902 -0.057246 
2439 40.106602 0.000000 4.406813 98.994619 0.031585 -2.536142 0.019363 
2440 39.990813 0.000000 4.406813 99.060374 0.036136 -2.529432 0.018064 
2441 40.106602 0.000000 4.515281 98.595503 -0.000184 -2.255960 0.027384 
2442 40.106602 0.000000 4.623749 98.429019 0.000000 -2.228855 0.030676 
2443 39.990813 0.000000 4.623749 98.399637 -0.000000 -2.210397 0.031263 
2444 40.106602 0.000000 4.732218 98.421423 0.000000 -2.166094 0.030853 
2445 41.148700 0.000000 5.383028 97.884807 0.000000 -1.089605 0.041738 
2446 41.380277 0.000000 5.383028 97.863956 0.000000 -1.084816 0.042147 
2447 41.148700 0.000000 5.599965 98.028127 0.000000 -0.842426 0.038978 
2448 40.801334 0.000000 4.840686 98.218205 0.000000 -1.918313 0.034950 
2449 40.685545 0.000000 4.840686 98.262376 0.000000 -2.117326 0.034002 
2450 40.917122 0.000000 4.840686 98.206017 0.000000 -1.874148 0.035207 
2451 40.222390 0.000000 5.383028 98.150364 -0.000000 -1.372242 0.036462 
2452 39.990813 0.000000 5.383028 98.109865 -0.000000 -1.313383 0.037273 
2453 40.222390 0.000000 5.599965 98.113492 -0.000000 -0.989798 0.037276 
2454 40.540809 0.000000 4.488164 98.398207 0.000000 -2.634588 0.031085 
2455 40.511862 0.000000 4.488164 98.398525 0.000000 -2.639687 0.031076 
2456 40.540809 0.000000 4.461047 98.414161 0.000000 -2.619482 0.030779 
2457 43.696051 0.000000 6.467712 98.087026 0.217385 0.842391 0.037818 
2458 43.696051 0.000000 6.033838 97.902034 -0.178394 0.754749 0.041459 
2459 43.696051 0.000000 6.901585 98.272535 -0.222268 0.882708 0.034168 
2460 43.696051 0.000000 7.335459 98.435497 -0.185026 0.934814 0.030954 
2461 44.159206 0.000000 7.335459 98.471757 -0.175367 1.078353 0.030212 
2462 43.696051 0.000000 7.769332 98.585777 -0.020441 0.976755 0.027989 
2463 45.548671 0.000000 6.467712 98.378624 0.553914 1.502075 0.031908 
2464 46.011826 0.000000 6.467712 98.462703 -0.177723 1.593220 0.030253 
2465 45.548671 0.000000 6.901585 98.502659 -0.174811 1.473643 0.029502 
2466 52.495993 0.000000 0.827356 99.046042 -0.148901 3.507459 0.017756 
2467 52.495993 0.000000 -0.908138 99.062186 -0.189896 3.976472 0.017083 
2468 54.348612 0.000000 0.827356 99.252518 -0.078974 3.423164 0.013721 
2469 57.127541 0.000000 5.166091 99.459270 0.020457 2.806104 0.009998 
2470 57.127541 0.000000 4.298344 99.451616 0.117933 2.875328 0.010109 
2471 52.495993 0.000000 11.240321 99.399422 0.201282 2.503869 0.011345 
2472 54.348612 0.000000 11.240321 99.459788 0.188022 2.568481 0.010112 
2473 52.495993 0.000000 12.975815 99.430789 0.216327 2.625125 0.010658 
2474 56.201232 0.000000 11.240321 99.516470 0.228717 2.636961 0.008947 
2475 58.053851 0.000000 11.240321 99.592472 0.146244 2.603824 0.007454 
2476 56.201232 0.000000 12.975815 99.572342 0.133688 2.663488 0.007824 
2477 55.274922 0.000000 6.901585 99.396744 0.140927 2.615416 0.011343 
2478 54.348612 0.000000 6.901585 99.390116 0.145322 2.485657 0.011541 
2479 55.274922 0.000000 7.769332 99.392892 0.004412 2.605451 0.011426 
2480 59.906470 0.000000 11.240321 99.650686 0.149974 2.607881 0.006292 
2481 59.906470 0.000000 12.975815 99.673071 0.129564 2.696018 0.005799 
2482 60.832780 0.000000 8.637080 99.647547 -0.524094 2.490721 0.006389 
2483 59.906470 0.000000 8.637080 99.616028 -0.049981 2.572807 0.007003 
2484 60.832780 0.000000 9.504827 99.650567 0.518181 2.629260 0.006258 
2485 58.980161 0.000000 8.637080 99.582654 -0.057032 2.566595 0.007670 
2486 58.053851 0.000000 8.637080 99.552199 0.490757 2.423013 0.008325 
2487 58.980161 0.000000 9.504827 99.595148 0.430449 2.562755 0.007405 
2488 69.169567 0.000000 -0.908138 99.766073 -0.081180 3.669529 0.003326 
2489 69.169567 0.000000 -4.379127 99.796347 -0.062391 3.111887 0.003100 
2490 72.874805 0.000000 -0.908138 99.803356 -0.091516 3.582429 0.002645 
2491 58.517006 0.000000 5.599965 99.525378 0.260357 2.706317 0.008731 
2492 58.053851 0.000000 5.599965 99.504311 0.239475 2.713582 0.009147 
2493 58.517006 0.000000 5.166091 99.520150 0.006081 2.777780 0.008802 
2494 62.685399 0.000000 5.166091 99.663455 0.084100 2.810589 0.005929 
2495 62.685399 0.000000 4.298344 99.685245 0.010532 2.140233 0.005827 
2496 63.611709 0.000000 5.166091 99.689024 0.120656 2.793651 0.005428 
2497 42.075010 0.000000 6.684649 98.197814 -0.087649 0.195878 0.035714 
2498 42.075010 0.000000 6.467712 98.122248 0.226730 0.091564 0.037196 
2499 42.306587 0.000000 6.684649 98.160518 -0.087074 0.320374 0.036440 
2500 41.727643 0.000000 7.226991 98.627013 0.000000 0.206278 0.027267 
2501 41.843432 0.000000 7.226991 98.723058 0.000000 0.239830 0.025370 
2502 41.727643 0.000000 7.335459 98.667310 0.000000 0.291928 0.026468 
2503 41.264489 0.000000 7.226991 98.483048 0.000000 0.157703 0.030106 
2504 41.148700 0.000000 7.226991 98.428740 0.000000 0.134632 0.031177 
2505 41.264489 0.000000 7.335459 98.584339 0.000000 0.215738 0.028108 
2506 41.727643 0.000000 6.793117 98.253107 0.000000 0.061337 0.034632 
2507 41.727643 0.000000 6.684649 97.996931 0.000000 -0.032768 0.039660 
2508 41.843432 0.000000 6.793117 98.331339 0.000000 0.092479 0.033094 
2509 41.553960 0.000000 6.955820 98.365360 0.000000 0.110301 0.032424 
2510 41.553960 0.000000 6.901585 98.328292 0.000000 0.096163 0.033154 
2511 41.611855 0.000000 6.955820 98.379243 0.000000 0.115344 0.032151 
2512 41.264489 0.000000 6.793117 98.128315 0.000000 0.016326 0.037083 
2513 41.148700 0.000000 6.793117 98.132865 0.000000 0.000539 0.036994 
2514 41.264489 0.000000 6.684649 98.038959 0.000000 -0.050769 0.038836 
2515 41.496066 0.000000 7.443927 98.691115 0.000000 0.295752 0.025998 
2516 41.380277 0.000000 7.443927 98.675278 0.000000 0.281189 0.026311 
2517 41.611855 0.000000 7.443927 98.684575 0.000000 0.296116 0.026127 
2518 41.727643 0.000000 7.443927 98.667532 0.000000 0.318845 0.026462 
2519 41.843432 0.000000 7.443927 98.644061 0.000000 0.333656 0.026924 
2520 41.496066 0.000000 7.877801 98.654016 0.000000 0.419107 0.026721 
2521 41.380277 0.000000 7.877801 98.690342 0.000000 0.407045 0.026005 
2522 41.496066 0.000000 7.986269 98.659005 0.000000 0.455698 0.026619 
2523 41.727643 0.000000 8.094738 98.595242 0.000000 0.510097 0.027872 
2524 41.611855 0.000000 8.094738 98.620694 0.000000 0.502852 0.027371 
2525 41.496066 0.000000 8.094738 98.664105 0.000000 0.500148 0.026514 
2526 41.380277 0.000000 8.094738 98.694372 -0.000000 0.483450 0.025919 
2527 41.496066 0.000000 8.203206 98.685844 0.000000 0.515432 0.026084 
2528 41.264489 0.000000 7.443927 98.668950 0.000000 0.279028 0.026436 
2529 41.148700 0.000000 7.443927 98.645461 -0.000000 0.264274 0.026900 
2530 41.264489 0.000000 7.552396 98.671760 0.000000 0.317471 0.026378 
2531 41.264489 0.000000 7.660864 98.673272 0.000000 0.339072 0.026347 
2532 41.148700 0.000000 7.660864 98.677670 -0.000000 0.334838 0.026261 
2533 41.264489 0.000000 7.769332 98.674640 0.000000 0.353117 0.026319 
2534 43.696051 0.000000 8.203206 98.709989 -0.305821 1.029318 0.025519 
2535 44.159206 0.000000 8.203206 98.729370 -0.294554 1.150640 0.025110 
2536 43.696051 0.000000 8.637080 98.804360 -0.026361 0.751892 0.023713 
2537 43.696051 0.000000 9.070953 98.943990 0.691407 1.143543 0.020830 
2538 44.159206 0.000000 9.070953 98.947854 0.675656 1.289239 0.020720 
2539 43.696051 0.000000 9.504827 99.052537 0.062218 1.254811 0.018702 
2540 41.959221 0.000000 7.877801 98.558571 0.000000 0.453476 0.028600 
2541 41.959221 0.000000 7.769332 98.596213 0.000000 0.422977 0.027861 
2542 42.075010 0.000000 7.877801 98.505600 0.000000 0.479238 0.029642 
2543 41.496066 0.000000 8.311674 98.697019 0.000000 0.527747 0.025862 
2544 41.380277 0.000000 8.311674 98.711212 -0.000000 0.516876 0.025583 
2545 41.496066 0.000000 8.420143 98.691723 0.000000 0.532934 0.025966 
2546 2.475272 0.000000 12.975815 99.933949 0.443549 4.969435 -0.001169 
2547 -1.229966 0.000000 12.975815 99.491847 0.270144 4.324028 0.008260 
2548 2.475272 0.000000 16.446803 100.029887 0.091830 4.298540 -0.002446 
2549 -4.935205 0.000000 12.975815 99.600749 -0.005842 4.242458 0.006169 
2550 -8.640443 0.000000 12.975815 99.946613 -0.010752 4.358121 -0.000832 
2551 -4.935205 0.000000 16.446803 100.236204 0.077169 4.305306 -0.006584 
2552 0.622653 0.000000 4.298344 96.546561 0.091945 7.172529 0.062731 
2553 -1.229966 0.000000 4.298344 96.965543 0.311440 6.165642 0.055957 
2554 0.622653 0.000000 6.033838 97.697983 0.173897 6.365156 0.041456 
2555 -0.303657 0.000000 -0.040391 87.979872 0.171592 12.226357 0.211003 
2556 -1.229966 0.000000 -0.040391 90.529993 0.329037 7.726399 0.174451 
2557 -0.303657 0.000000 0.827356 91.823685 0.177981 9.703371 0.147422 
2558 1.548963 0.000000 1.695103 93.065770 0.140214 11.962351 0.119564 
2559 0.622653 0.000000 1.695103 93.424059 0.119950 10.189674 0.116810 
2560 1.548963 0.000000 2.562850 94.507645 0.153012 10.185165 0.096454 
2561 -0.303657 0.000000 1.695103 93.847839 0.268818 8.414275 0.112171 
2562 -1.229966 0.000000 1.695103 94.487478 0.295918 7.078999 0.102192 
2563 -0.303657 0.000000 2.562850 95.088591 0.276326 7.476728 0.090218 
2564 -3.082586 0.000000 4.298344 97.462204 0.259188 5.077243 0.047527 
2565 -4.935205 0.000000 4.298344 98.029521 0.089581 4.283453 0.037186 
2566 -3.082586 0.000000 6.033838 98.152130 0.128657 4.928262 0.034186 
2567 -2.156276 0.000000 -0.040391 93.084397 0.342466 5.461929 0.130535 
2568 -3.082586 0.000000 -0.040391 94.871161 0.299355 4.370565 0.098027 
2569 -2.156276 0.000000 0.827356 94.316251 0.363199 5.848289 0.107011 
2570 -2.156276 0.000000 1.695103 95.332405 0.373584 5.927819 0.087645 
2571 -3.082586 0.000000 1.695103 96.073342 0.320617 4.994922 0.074486 
2572 -2.156276 0.000000 2.562850 96.114244 0.376273 5.860438 0.072757 
2573 8.959440 0.000000 -1.775885 -12.290334 0.144089 -0.743076 0.984837 
2574 8.959440 0.000000 -0.908138 -12.166706 0.179347 -0.693062 0.985146 
2575 8.959440 0.000000 -0.040391 -11.878380 0.158841 -0.611806 0.985850 
2576 9.885749 0.000000 -0.040391 -12.267002 0.073308 0.152920 0.984949 
2577 8.959440 0.000000 0.827356 -11.443311 0.139895 -0.461307 0.986882 
2578 8.959440 0.000000 1.695103 95.707919 -0.281666 46.412638 -0.131422 
2579 9.885749 0.000000 1.695103 -11.710270 0.094979 0.634840 0.986246 
2580 8.959440 0.000000 2.562850 100.720253 -0.367060 43.191598 -0.201022 
2581 8.959440 0.000000 -5.246874 101.778830 -0.531588 2.232215 -0.036420 
2582 8.033130 0.000000 -5.246874 103.105481 -0.324444 0.473978 -0.063107 
2583 8.959440 0.000000 -6.114621 101.095825 -0.633716 1.663405 -0.022353 
2584 7.106821 0.000000 -5.246874 103.071474 -0.392488 -2.117442 -0.062837 
2585 6.180511 0.000000 -5.246874 101.514283 -0.262399 -4.214859 -0.032298 
2586 7.106821 0.000000 -6.114621 101.529752 -0.299239 -0.786459 -0.030900 
2587 19.148846 0.000000 7.769332 101.762339 -0.244334 3.412160 -0.036728 
2588 17.296227 0.000000 7.769332 101.708218 -0.558115 4.026422 -0.036109 
2589 19.148846 0.000000 9.504827 101.645321 -0.426859 3.575649 -0.034474 
2590 15.443607 0.000000 7.769332 101.269056 -0.562499 4.254824 -0.027384 
2591 13.590988 0.000000 7.769332 101.540804 -0.321360 5.110835 -0.033676 
2592 15.443607 0.000000 9.504827 101.162665 0.100849 4.183739 -0.025140 
2593 10.812059 0.000000 -0.040391 -12.078228 -0.200781 0.561410 0.985376 
2594 11.738369 0.000000 -0.040391 -11.881685 -0.305777 1.087919 0.985755 
2595 10.812059 0.000000 0.827356 -11.707943 -0.120257 0.579586 0.986257 
2596 12.664678 0.000000 -0.040391 -11.266480 -0.482211 1.776331 0.986968 
2597 13.590988 0.000000 -0.040391 -10.221353 -0.021703 2.053768 0.989131 
2598 12.664678 0.000000 0.827356 -10.705092 -0.459813 1.250279 0.988363 
2599 12.664678 0.000000 1.695103 -10.019476 -0.564831 0.882874 0.989851 
2600 11.738369 0.000000 1.695103 -11.314613 -0.300824 0.679684 0.987143 
2601 13.590988 0.000000 1.695103 -9.339136 0.027123 0.368905 0.991264 
2602 10.812059 0.000000 1.695103 -11.790134 0.127875 0.515350 0.986071 
2603 10.812059 0.000000 2.562850 113.322103 -0.503756 3.672942 -0.285564 
2604 14.517298 0.000000 -0.040391 -9.257631 -0.046352 1.955721 0.991047 
2605 15.443607 0.000000 -0.040391 -8.637851 0.007356 1.725602 0.992241 
2606 14.517298 0.000000 0.827356 -9.236222 -0.062221 1.380896 0.991278 
2607 16.369917 0.000000 -0.040391 -8.552642 0.068797 1.254008 0.992528 
2608 17.296227 0.000000 -0.040391 -8.427107 0.317662 1.140771 0.992758 
2609 16.369917 0.000000 0.827356 -8.846033 0.026055 1.135474 0.992046 
2610 16.369917 0.000000 1.695103 -8.833268 0.026809 0.970849 0.992103 
2611 15.443607 0.000000 1.695103 -8.845674 0.019594 1.418604 0.991974 
2612 17.296227 0.000000 1.695103 -9.154385 0.354675 0.634259 0.991567 
2613 14.517298 0.000000 1.695103 -9.372517 -0.029376 0.941972 0.991127 
2614 18.222536 0.000000 -0.040391 -8.705070 0.310298 0.833933 0.992343 
2615 19.148846 0.000000 -0.040391 -9.270288 0.215332 0.250677 0.991395 
2616 18.222536 0.000000 0.827356 -8.930466 0.270756 0.848178 0.991945 
2617 18.222536 0.000000 1.695103 -9.370577 0.294260 0.818634 0.991144 
2618 19.148846 0.000000 1.695103 -9.364907 0.035686 0.605661 0.991193 
2619 28.643520 0.000000 2.345913 103.105070 -0.125960 9.927987 -0.072924 
2620 28.643520 0.000000 2.128976 99.737490 -0.130892 13.552339 -0.013125 
2621 28.875097 0.000000 2.345913 104.078138 -0.112655 7.954366 -0.089554 
2622 28.527731 0.000000 2.671318 103.015120 -0.092927 14.595057 -0.082514 
2623 28.527731 0.000000 2.562850 106.726357 -0.098219 11.817304 -0.153017 
2624 28.643520 0.000000 2.671318 107.098625 -0.081692 33.332242 -0.258116 
2625 28.759308 0.000000 2.671318 105.941035 -0.100321 33.415830 -0.234013 
2626 28.759308 0.000000 2.562850 102.739932 -0.116650 31.110978 -0.152340 
2627 28.875097 0.000000 2.671318 101.849859 -0.107890 29.715721 -0.125643 
2628 26.559323 0.000000 11.240321 101.154432 -0.266688 1.469811 -0.023445 
2629 24.706704 0.000000 11.240321 101.994840 -0.044563 1.819444 -0.040626 
2630 26.559323 0.000000 12.975815 101.320893 0.102352 1.931603 -0.026966 
2631 27.948787 0.000000 4.732218 102.011756 -0.155753 -0.818389 -0.040709 
2632 27.485633 0.000000 4.732218 102.414334 -0.170125 -1.066786 -0.048986 
2633 27.948787 0.000000 5.166091 102.024549 -0.430860 -0.822453 -0.040987 
2634 23.780394 0.000000 -0.040391 -12.703994 -0.005546 -2.228311 0.983364 
2635 22.854084 0.000000 -0.040391 -11.425053 -0.272448 -1.939923 0.986563 
2636 23.780394 0.000000 0.827356 -12.916922 0.013408 -1.758206 0.983006 
2637 23.780394 0.000000 1.695103 -12.851997 0.042025 -1.422116 0.983280 
2638 22.854084 0.000000 1.695103 -11.949287 -0.112781 -0.536001 0.985691 
2639 23.780394 0.000000 2.562850 107.934316 -0.062300 -1.253680 -0.165139 
2640 33.969800 0.000000 -6.114621 98.572115 0.047217 7.480739 0.022757 
2641 33.969800 0.000000 -7.850115 99.273748 -0.197972 6.276683 0.010529 
2642 35.822419 0.000000 -6.114621 98.265537 -0.368267 7.175359 0.029226 
2643 29.338252 0.000000 -3.511380 98.033578 -0.385619 10.642625 0.027600 
2644 29.338252 0.000000 -4.379127 98.550899 -0.347043 9.850245 0.019057 
2645 30.264562 0.000000 -3.511380 99.683503 -0.065565 10.942999 -0.005655 
2646 31.190871 0.000000 -1.775885 102.593454 -0.074934 17.061207 -0.081651 
2647 31.190871 0.000000 -2.643632 103.142896 -0.063237 15.986243 -0.089402 
2648 32.117181 0.000000 -1.775885 102.129609 -0.019269 22.193976 -0.092303 
2649 33.506645 0.000000 2.996724 95.074637 -0.062626 -1.548770 0.095841 
2650 33.506645 0.000000 3.430597 97.639786 -0.037456 -4.992862 0.044154 
2651 32.580336 0.000000 3.864471 101.383690 -0.014892 -6.562646 -0.032172 
2652 33.043491 0.000000 3.864471 97.776827 -0.005455 -8.326619 0.037036 
2653 32.580336 0.000000 4.298344 101.001844 -0.021945 -5.505608 -0.023168 
2654 48.790754 0.000000 -2.643632 98.549548 -0.260882 3.503967 0.027564 
2655 48.790754 0.000000 -4.379127 98.719059 -0.239880 3.420195 0.024279 
2656 50.643374 0.000000 -2.643632 98.889141 -0.231686 3.444265 0.020902 
2657 38.138194 0.000000 2.996724 106.534382 0.086348 -9.112437 -0.143262 
2658 37.675039 0.000000 2.996724 112.734427 0.056416 -5.842992 -0.274319 
2659 38.138194 0.000000 2.562850 100.748105 0.262480 -26.153012 -0.083423 
2660 37.675039 0.000000 -6.114621 98.058066 -0.211253 6.544915 0.034174 
2661 37.675039 0.000000 -7.850115 98.737047 -0.024543 5.640722 0.021918 
2662 39.527658 0.000000 -6.114621 98.006330 -0.121461 5.747054 0.036172 
2663 46.011826 0.000000 1.695103 97.112661 -0.524395 2.773781 0.056116 
2664 46.011826 0.000000 0.827356 97.080104 -0.461730 3.349355 0.056402 
2665 46.938135 0.000000 1.695103 97.710720 -0.432288 2.836175 0.044438 
2666 42.769742 0.000000 3.864471 95.482587 0.188012 -1.122823 0.088178 
2667 43.232897 0.000000 3.864471 95.837056 -0.067404 -0.367069 0.081512 
2668 42.769742 0.000000 4.298344 96.263492 -0.504125 -0.731225 0.073255 
2669 20.075156 0.000000 -1.775885 -9.297411 -0.146398 -0.593973 0.991318 
2670 20.075156 0.000000 -0.908138 -9.391843 -0.156579 -0.400779 0.991161 
2671 27.485633 0.000000 -5.246874 98.816554 -0.468630 10.648043 0.012169 
2672 27.485633 0.000000 -6.114621 99.901745 -0.446118 9.008613 -0.006171 
2673 28.411942 0.000000 -5.246874 98.912830 -0.411131 9.445410 0.012687 
2674 39.296081 0.000000 4.515281 99.253360 0.039935 -2.762787 0.014114 
2675 39.064503 0.000000 4.515281 99.823273 0.056497 -3.154142 0.002536 
2676 39.296081 0.000000 4.732218 98.918626 0.041754 -2.547589 0.020861 
2677 39.296081 0.000000 4.949154 98.210754 -0.000000 -1.915790 0.035098 
2678 39.064503 0.000000 4.949154 98.358608 0.000000 -2.111558 0.032113 
2679 39.296081 0.000000 5.166091 98.245484 -0.000000 -1.752952 0.034475 
2680 42.769742 0.000000 4.732218 96.830494 -0.187514 -0.433556 0.062363 
2681 43.232897 0.000000 4.732218 96.895463 -0.264550 0.058902 0.061120 
2682 42.769742 0.000000 5.166091 97.270661 1.053921 -0.550895 0.053700 
2683 42.769742 0.000000 5.599965 97.602207 -0.253490 0.039856 0.047374 
2684 43.232897 0.000000 5.599965 97.609469 -0.293977 0.367355 0.047217 
2685 42.075010 0.000000 9.287890 99.083963 0.108582 0.830185 0.018167 
2686 42.306587 0.000000 9.287890 99.061564 0.135004 0.889578 0.018600 
2687 42.075010 0.000000 9.504827 99.143957 0.026943 0.912555 0.016964 
2688 29.569829 0.000000 2.779787 97.024640 -0.065882 -2.225426 0.058126 
2689 29.569829 0.000000 2.562850 101.368650 -0.090405 0.896275 -0.027641 
2690 29.801407 0.000000 2.779787 97.482982 -0.084781 6.172272 0.045896 
2691 30.032984 0.000000 2.779787 174.286980 -0.081205 -16.727183 -2.065576 
2692 30.032984 0.000000 2.562850 106.334040 -0.097892 7.481026 -0.136290 
2693 30.264562 0.000000 2.779787 355.501888 -0.088885 -96.420373 -12.567849 
2694 29.106675 0.000000 2.345913 103.568526 -0.102298 5.602312 -0.075784 
2695 29.106675 0.000000 2.128976 104.714414 -0.136918 7.722220 -0.102476 
2696 29.338252 0.000000 2.345913 101.423428 -0.115852 -2.533501 -0.029314 
2697 28.990886 0.000000 2.671318 101.795308 -0.109447 24.843963 -0.097952 
2698 28.990886 0.000000 2.562850 101.234019 -0.112670 20.684181 -0.067617 
2699 29.106675 0.000000 2.671318 100.412095 -0.106181 16.129527 -0.034276 
2700 28.643520 0.000000 3.647534 102.713086 -0.058440 11.922919 -0.069214 
2701 28.411942 0.000000 3.647534 100.849854 -0.067093 13.213888 -0.034530 
2702 28.643520 0.000000 3.864471 102.815237 -0.039010 12.034036 -0.071579 
2703 29.106675 0.000000 4.081407 109.918850 -0.000000 8.302920 -0.215109 
2704 28.875097 0.000000 4.081407 99.748560 -0.040875 13.796119 -0.014011 
2705 29.106675 0.000000 4.298344 99.304130 -0.000000 -4.742299 0.011620 
2706 28.643520 0.000000 4.081407 99.176802 -0.048346 16.403273 -0.010511 
2707 28.411942 0.000000 4.081407 87.984686 -0.073721 22.264242 0.176299 
2708 28.643520 0.000000 4.298344 102.524153 -0.245445 0.231988 -0.051132 
2709 30.496139 0.000000 2.779787 342.186018 -0.110628 -99.568040 -11.700508 
2710 30.496139 0.000000 2.562850 239.829522 -0.119791 -56.728729 -5.073636 
2711 30.727716 0.000000 2.779787 315.118241 -0.090229 -97.645446 -9.883415 
2712 40.685545 0.000000 7.986269 98.675430 -0.000000 0.260109 0.026309 
2713 40.453968 0.000000 7.986269 98.624940 -0.000000 0.217274 0.027307 
2714 40.685545 0.000000 7.769332 98.555182 -0.000000 0.189787 0.028684 
2715 40.222390 0.000000 7.986269 98.638165 0.000000 0.163680 0.027049 
2716 39.990813 0.000000 7.986269 98.569885 -0.000000 0.122971 0.028396 
2717 40.222390 0.000000 7.769332 98.567530 0.000000 0.118598 0.028443 
2718 38.138194 0.000000 6.467712 98.707932 -0.000000 -0.600973 0.025638 
2719 37.675039 0.000000 6.467712 98.811821 -0.000000 -0.479415 0.023599 
2720 33.043491 0.000000 6.901585 100.085810 0.098197 -0.781655 -0.001779 
2721 32.117181 0.000000 6.901585 100.340307 -0.071792 -0.793878 -0.006881 
2722 33.043491 0.000000 7.769332 100.128775 0.064646 -0.283835 -0.002586 
2723 33.043491 0.000000 8.637080 100.081231 -0.093992 0.111629 -0.001627 
2724 32.117181 0.000000 8.637080 100.387405 0.169351 0.095491 -0.007767 
2725 33.043491 0.000000 9.504827 100.071290 -0.318976 0.536022 -0.001465 
2726 33.043491 0.000000 10.372574 100.394677 -0.325035 0.632715 -0.007960 
2727 32.117181 0.000000 10.372574 100.290667 -0.105504 0.978756 -0.005919 
2728 33.043491 0.000000 11.240321 100.576040 -0.150174 0.904048 -0.011638 
2729 37.211884 0.000000 6.467712 98.932221 -0.000000 -0.393534 0.021226 
2730 36.748729 0.000000 6.467712 98.909946 -0.000000 -0.421499 0.021664 
2731 37.211884 0.000000 6.033838 98.793568 -0.000000 -0.702638 0.023934 
2732 41.148700 0.000000 3.647534 110.879127 -0.209184 -14.503971 -0.250459 
2733 41.148700 0.000000 3.430597 106.773694 -0.207684 -1.791961 -0.140388 
2734 41.380277 0.000000 3.647534 110.872586 -0.209582 -14.538312 -0.250414 
2735 40.801334 0.000000 4.189876 102.996194 -0.056355 -5.289695 -0.063620 
2736 40.801334 0.000000 4.081407 104.664358 -0.093212 -7.296018 -0.100787 
2737 40.917122 0.000000 4.189876 105.379085 -0.085898 -6.678886 -0.114937 
2738 40.685545 0.000000 2.779787 107.524174 -0.128675 -1.963146 -0.156532 
2739 40.685545 0.000000 2.562850 106.988032 -0.114564 -0.511981 -0.144671 
2740 40.917122 0.000000 2.779787 107.451641 -0.139601 -2.166496 -0.155057 
2741 41.148700 0.000000 3.213660 106.456763 -0.133742 -1.178007 -0.133445 
2742 41.148700 0.000000 2.996724 106.872042 -0.140228 -1.649744 -0.142437 
2743 41.380277 0.000000 3.213660 106.600630 -0.208611 -0.620918 -0.136412 
2744 40.569756 0.000000 4.840686 98.345015 0.000000 -2.111722 0.032380 
2745 40.453968 0.000000 4.840686 98.356241 0.000000 -2.083902 0.032171 
2746 40.569756 0.000000 4.949154 98.249942 0.000000 -1.853229 0.034351 
2747 40.569756 0.000000 5.057623 98.192244 0.000000 -1.633459 0.035561 
2748 40.453968 0.000000 5.057623 98.197628 0.000000 -1.633350 0.035456 
2749 40.569756 0.000000 5.166091 98.179098 0.000000 -1.558655 0.035844 
2750 39.759235 0.000000 5.383028 98.100005 -0.000000 -1.336120 0.037460 
2751 39.527658 0.000000 5.383028 98.126834 -0.000000 -1.414226 0.036912 
2752 39.759235 0.000000 5.599965 98.099876 -0.000000 -1.043211 0.037533 
2753 40.338179 0.000000 4.840686 98.393339 0.000000 -2.104942 0.031432 
2754 40.222390 0.000000 4.840686 98.372808 0.000000 -1.952217 0.031898 
2755 40.338179 0.000000 4.949154 98.290081 0.000000 -1.777792 0.033590 
2756 40.338179 0.000000 5.057623 98.232367 0.000000 -1.652297 0.034767 
2757 40.222390 0.000000 5.057623 98.264988 -0.000000 -1.669486 0.034120 
2758 40.338179 0.000000 5.166091 98.188858 -0.000000 -1.568914 0.035649 
2759 43.696051 0.000000 5.599965 97.666857 -0.300060 0.655801 0.046066 
2760 43.696051 0.000000 5.166091 97.381476 0.777426 0.150094 0.051622 
2761 44.622361 0.000000 7.335459 98.515057 -0.172454 1.223442 0.029326 
2762 45.085516 0.000000 7.335459 98.564360 -0.168777 1.356808 0.028320 
2763 44.622361 0.000000 7.769332 98.642557 0.007307 1.241894 0.026810 
2764 45.548671 0.000000 7.335459 98.621848 -0.185204 1.466401 0.027155 
2765 46.011826 0.000000 7.335459 98.677975 -0.177496 1.577942 0.026014 
2766 45.548671 0.000000 7.769332 98.729866 0.022115 1.453027 0.025030 
2767 52.495993 0.000000 -2.643632 99.117022 -0.200938 3.399286 0.016422 
2768 52.495993 0.000000 -4.379127 99.167890 -0.155013 3.263731 0.015505 
2769 54.348612 0.000000 -2.643632 99.284732 -0.112141 3.254138 0.013194 
2770 56.201232 0.000000 0.827356 99.376950 -0.070044 3.657087 0.011084 
2771 56.201232 0.000000 -0.908138 99.384615 -0.096191 3.951478 0.010707 
2772 58.053851 0.000000 0.827356 99.471863 -0.099569 3.649530 0.009202 
2773 57.127541 0.000000 8.637080 99.512531 0.260754 2.487863 0.009100 
2774 56.201232 0.000000 8.637080 99.472340 0.203587 2.525460 0.009883 
2775 57.127541 0.000000 9.504827 99.528534 0.367716 2.522918 0.008757 
2776 55.274922 0.000000 8.637080 99.428374 0.132922 2.498736 0.010774 
2777 54.348612 0.000000 8.637080 99.391463 0.069643 2.453440 0.011531 
2778 55.274922 0.000000 9.504827 99.453707 0.351904 2.523162 0.010247 
2779 69.169567 0.000000 -7.850115 99.812751 -0.098101 3.087781 0.002787 
2780 69.169567 0.000000 -11.321103 99.831952 -0.083584 3.143154 0.002370 
2781 72.874805 0.000000 -7.850115 99.844070 -0.063390 3.061825 0.002178 
2782 59.906470 0.000000 0.827356 99.545415 -0.079196 3.686078 0.007712 
2783 59.906470 0.000000 -0.908138 99.552420 -0.102513 3.839702 0.007456 
2784 61.759089 0.000000 0.827356 99.606393 -0.074895 3.684318 0.006499 
2785 41.959221 0.000000 7.660864 98.589768 0.000000 0.396510 0.027990 
2786 41.959221 0.000000 7.552396 98.617962 0.000000 0.361582 0.027437 
2787 42.075010 0.000000 7.660864 98.589687 0.000000 0.396565 0.027992 
2788 44.622361 0.000000 8.203206 98.757318 -0.286679 1.265157 0.024531 
2789 45.085516 0.000000 8.203206 98.790078 -0.282465 1.376471 0.023855 
2790 44.622361 0.000000 8.637080 98.854200 -0.121403 0.783981 0.022722 
2791 44.622361 0.000000 9.070953 98.958282 0.662297 1.422576 0.020480 
2792 45.085516 0.000000 9.070953 98.976173 0.555087 1.505203 0.020114 
2793 44.622361 0.000000 9.504827 99.052821 0.068084 1.443415 0.018645 
2794 33.043491 0.000000 -1.775885 102.650325 -0.000349 22.970541 -0.106473 
2795 33.043491 0.000000 -2.643632 102.197453 0.014929 25.793574 -0.110963 
2796 33.969800 0.000000 -1.775885 101.312244 0.040449 26.710199 -0.097761 
2797 29.569829 0.000000 2.345913 102.783554 -0.113046 3.900258 -0.057968 
2798 29.569829 0.000000 2.128976 108.006090 -0.131045 -3.116649 -0.167505 
2799 29.801407 0.000000 2.345913 103.806796 -0.112509 3.965969 -0.079159 
2800 29.338252 0.000000 -5.246874 98.926226 0.116456 9.113954 0.013052 
2801 29.338252 0.000000 -6.114621 99.288071 0.283624 8.198979 0.007458 
2802 30.264562 0.000000 -5.246874 99.131221 0.219247 8.775852 0.009594 
2803 32.580336 0.000000 4.732218 100.722553 -0.015109 -4.912089 -0.016916 
2804 33.043491 0.000000 4.732218 100.363315 -0.071348 -5.067313 -0.009848 
2805 32.580336 0.000000 5.166091 99.786781 0.034173 -2.428006 0.003670 
2806 39.296081 0.000000 5.383028 98.204203 0.000000 -1.462741 0.035379 
2807 39.064503 0.000000 5.383028 98.304353 0.000000 -1.545206 0.033387 
2808 39.296081 0.000000 5.599965 98.237202 0.000000 -1.206489 0.034800 
2809 45.548671 0.000000 8.203206 98.828835 -0.303269 1.470809 0.023061 
2810 46.011826 0.000000 8.203206 98.860440 -0.287108 1.571248 0.022406 
2811 45.548671 0.000000 8.637080 98.931661 -0.273698 1.126953 0.021118 
2812 45.548671 0.000000 9.070953 98.997653 0.494740 1.588725 0.019670 
2813 46.011826 0.000000 9.070953 98.987503 0.507206 1.736634 0.019820 
2814 45.548671 0.000000 9.504827 99.035715 0.033061 1.673521 0.018913 
2815 43.696051 0.000000 9.938700 99.143654 0.006496 1.336022 0.016875 
2816 44.159206 0.000000 9.938700 99.136083 0.009370 1.422659 0.017001 
2817 43.696051 0.000000 10.372574 99.225480 -0.010144 1.413481 0.015231 
2818 44.622361 0.000000 9.938700 99.135625 -0.015506 1.496875 0.016989 
2819 45.085516 0.000000 9.938700 99.139956 -0.012076 1.574846 0.016879 
2820 44.622361 0.000000 10.372574 99.210157 -0.033521 1.557583 0.015492 
2821 45.548671 0.000000 9.938700 99.112959 0.021757 1.709330 0.017370 
2822 46.011826 0.000000 9.938700 99.130317 0.045464 1.746471 0.017013 
2823 45.548671 0.000000 10.372574 99.178985 0.044997 1.734043 0.016052 
2824 41.264489 0.000000 7.877801 98.693863 0.000000 0.386803 0.025937 
2825 41.148700 0.000000 7.877801 98.689212 -0.000000 0.360526 0.026031 
2826 41.264489 0.000000 7.986269 98.698987 -0.000000 0.426022 0.025833 
2827 41.264489 0.000000 8.094738 98.693595 -0.000000 0.454216 0.025937 
2828 41.148700 0.000000 8.094738 98.695478 -0.000000 0.405995 0.025904 
2829 41.264489 0.000000 8.203206 98.689285 -0.000000 0.462073 0.026021 
2830 41.264489 0.000000 8.311674 98.692741 -0.000000 0.479129 0.025951 
2831 41.148700 0.000000 8.311674 98.676754 -0.000000 0.425513 0.026272 
2832 41.264489 0.000000 8.420143 98.688331 -0.000000 0.483550 0.026038 
2833 5.254201 0.000000 -5.246874 99.667780 -0.071401 -4.448973 0.004654 
2834 4.327892 0.000000 -5.246874 98.522513 -0.156157 -3.309181 0.028234 
2835 5.254201 0.000000 -6.114621 99.873847 -0.073891 -2.417094 0.001937 
2836 3.401582 0.000000 -5.246874 98.297038 -0.041894 -2.210097 0.033281 
2837 2.475272 0.000000 -5.246874 98.511247 0.026562 -1.702872 0.029263 
2838 3.401582 0.000000 -6.114621 98.849601 -0.052112 -1.321918 0.022701 
2839 11.738369 0.000000 7.769332 101.655587 0.455792 6.007221 -0.037015 
2840 9.885749 0.000000 7.769332 101.538998 0.320019 7.108355 -0.036080 
2841 11.738369 0.000000 9.504827 101.186158 0.332185 5.565612 -0.026972 
2842 8.033130 0.000000 7.769332 100.708449 0.002523 7.911938 -0.020479 
2843 6.180511 0.000000 7.769332 99.738135 0.138187 7.873056 -0.000970 
2844 8.033130 0.000000 9.504827 100.418112 0.203675 6.492769 -0.012599 
2845 10.812059 0.000000 3.430597 113.288121 -0.504971 3.552606 -0.284707 
2846 9.885749 0.000000 3.430597 113.663099 -0.433467 17.393128 -0.322201 
2847 10.812059 0.000000 4.298344 108.141844 -0.330886 7.815586 -0.175585 
2848 20.075156 0.000000 -0.040391 -9.494697 -0.162933 -0.242838 0.990977 
2849 21.001465 0.000000 -0.040391 -10.184379 -0.194128 -0.269512 0.989617 
2850 20.075156 0.000000 0.827356 -9.677498 0.077236 0.081403 0.990633 
2851 20.075156 0.000000 1.695103 -9.641404 0.099536 0.241704 0.990698 
2852 21.001465 0.000000 1.695103 -10.744096 -0.149177 0.045742 0.988454 
2853 23.780394 0.000000 3.430597 107.810763 -0.069817 -1.138046 -0.162446 
2854 22.854084 0.000000 3.430597 107.472218 -0.095917 -0.107824 -0.155030 
2855 23.780394 0.000000 4.298344 107.955179 -0.059208 -1.871638 -0.165783 
2856 23.780394 0.000000 5.166091 103.691885 0.083764 0.233672 -0.075207 
2857 22.854084 0.000000 5.166091 103.638960 -0.043294 1.092625 -0.074223 
2858 23.780394 0.000000 6.033838 103.033689 -0.023397 0.796676 -0.061658 
2859 22.854084 0.000000 11.240321 101.992625 -0.256509 2.124121 -0.040707 
2860 21.001465 0.000000 11.240321 102.108388 -0.016685 2.571417 -0.043274 
2861 22.854084 0.000000 12.975815 101.317532 0.175200 2.369700 -0.027089 
2862 27.022478 0.000000 4.732218 102.462379 -0.304464 -1.611795 -0.050123 
2863 26.559323 0.000000 4.732218 102.824423 -0.312601 -1.693511 -0.057583 
2864 27.022478 0.000000 5.166091 102.397503 -0.145229 -1.331580 -0.048704 
2865 28.180365 0.000000 3.647534 96.403874 -0.088644 18.430999 0.036658 
2866 27.948787 0.000000 3.647534 93.238345 -0.068602 12.246183 0.115664 
2867 28.180365 0.000000 3.864471 96.465264 -0.063373 22.057406 0.020792 
2868 28.180365 0.000000 4.081407 87.896118 -0.075384 21.717500 0.180262 
2869 27.948787 0.000000 4.081407 85.141055 -0.092571 14.026025 0.255426 
2870 28.180365 0.000000 4.298344 101.902223 -0.178376 -0.184230 -0.038413 
2871 21.927775 0.000000 -0.040391 -10.726955 -0.101152 -0.775956 0.988432 
2872 21.927775 0.000000 0.827356 -10.975656 -0.057321 -0.337887 0.987942 
2873 21.927775 0.000000 1.695103 -11.551286 -0.149510 0.457332 0.986634 
2874 21.927775 0.000000 2.562850 107.053074 -0.062131 0.167465 -0.146039 
2875 31.190871 0.000000 -3.511380 102.505773 -0.087017 19.526681 -0.088873 
2876 31.190871 0.000000 -4.379127 99.346699 0.023603 10.027164 0.002969 
2877 32.117181 0.000000 -3.511380 99.606772 -0.011391 12.402177 -0.007532 
2878 33.506645 0.000000 3.864471 98.673092 -0.016297 -4.431882 0.024398 
2879 33.969800 0.000000 3.864471 100.377723 -0.017696 -1.113318 -0.007693 
2880 33.506645 0.000000 4.298344 98.239227 -0.011296 -3.185089 0.033891 
2881 34.432955 0.000000 3.864471 103.568706 -0.026768 0.253976 -0.072654 
2882 34.896110 0.000000 3.864471 106.537588 -0.014522 -3.270122 -0.136095 
2883 34.432955 0.000000 4.298344 101.440600 -0.010933 -1.549905 -0.029260 
2884 37.211884 0.000000 2.996724 111.790172 0.066171 7.430160 -0.255225 
2885 37.211884 0.000000 2.562850 115.591443 0.080947 20.655940 -0.378806 
2886 37.211884 0.000000 3.430597 106.857685 0.044358 -1.063556 -0.141970 
2887 37.211884 0.000000 3.864471 103.498423 0.037997 -1.442570 -0.071401 
2888 36.748729 0.000000 3.864471 101.210925 0.000182 -1.460079 -0.024578 
2889 37.211884 0.000000 4.298344 101.176101 0.061361 -2.234973 -0.024160 
2890 36.285574 0.000000 3.864471 97.641581 -0.005499 -3.381738 0.045469 
2891 35.822419 0.000000 3.864471 100.616720 -0.010266 -5.928564 -0.015887 
2892 36.285574 0.000000 4.298344 100.101074 -0.008155 -2.818354 -0.002817 
2893 38.138194 0.000000 2.128976 99.823578 0.395870 -17.215271 -0.026127 
2894 37.675039 0.000000 2.128976 106.225084 0.307434 -10.960293 -0.140399 
2895 38.138194 0.000000 1.695103 105.462898 0.138892 6.277645 -0.116185 
2896 41.380277 0.000000 -6.114621 98.091877 -0.228690 5.125445 0.035166 
2897 41.380277 0.000000 -7.850115 98.583058 -0.223495 4.712171 0.025913 
2898 43.232897 0.000000 -6.114621 98.221785 -0.237547 4.502832 0.033215 
2899 46.011826 0.000000 -0.040391 97.168652 -0.401457 4.125178 0.054107 
2900 46.011826 0.000000 -0.908138 97.353926 -0.361179 4.448086 0.050230 
2901 46.938135 0.000000 -0.040391 97.714702 -0.355166 4.018692 0.043556 
2902 40.685545 0.000000 2.345913 106.768915 -0.101265 0.997721 -0.140061 
2903 40.685545 0.000000 2.128976 106.596783 -0.104300 1.557667 -0.136531 
2904 40.917122 0.000000 2.345913 107.599864 -0.126848 -1.841597 -0.158114 
2905 37.211884 0.000000 4.732218 99.784431 0.005637 -2.024822 0.003897 
2906 36.748729 0.000000 4.732218 100.018111 -0.002427 -1.964258 -0.000748 
2907 37.211884 0.000000 5.166091 98.933808 -0.000000 -1.339995 0.021031 
2908 37.211884 0.000000 5.599965 98.744244 -0.000000 -0.972921 0.024863 
2909 36.748729 0.000000 5.599965 98.811813 -0.000000 -1.028448 0.023517 
2910 40.685545 0.000000 7.552396 98.517990 -0.000000 0.170305 0.029418 
2911 40.453968 0.000000 7.552396 98.498637 -0.000000 0.122880 0.029800 
2912 40.685545 0.000000 7.335459 98.418579 -0.000000 0.083901 0.031378 
2913 31.190871 0.000000 6.901585 100.539025 0.132963 -0.660798 -0.010855 
2914 30.264562 0.000000 6.901585 100.984813 -0.015183 -0.678135 -0.019839 
2915 31.190871 0.000000 7.769332 100.608910 0.089225 -0.145630 -0.012218 
2916 31.190871 0.000000 8.637080 100.636669 0.234173 0.219688 -0.012784 
2917 30.264562 0.000000 8.637080 100.698382 -0.019221 0.408415 -0.014033 
2918 31.190871 0.000000 9.504827 100.654384 0.280219 0.532466 -0.013167 
2919 39.759235 0.000000 7.986269 98.599254 -0.000000 0.110857 0.027817 
2920 39.527658 0.000000 7.986269 98.569917 -0.000000 0.078792 0.028397 
2921 39.759235 0.000000 7.769332 98.537431 -0.000000 0.045966 0.029037 
2922 39.296081 0.000000 7.986269 98.536368 -0.000000 0.073027 0.029058 
2923 39.064503 0.000000 7.986269 98.541616 -0.000000 0.058158 0.028955 
2924 39.296081 0.000000 7.769332 98.548280 -0.000000 0.023410 0.028824 
2925 36.285574 0.000000 6.467712 99.070924 -0.000000 -0.412939 0.018478 
2926 35.822419 0.000000 6.467712 99.063263 0.000000 -0.463897 0.018625 
2927 36.285574 0.000000 6.033838 98.931755 -0.000000 -0.688855 0.021203 
2928 40.801334 0.000000 3.972939 106.085803 -0.114786 -8.334142 -0.132367 
2929 40.801334 0.000000 3.864471 106.588469 -0.090397 -8.872929 -0.143984 
2930 40.917122 0.000000 3.972939 106.787052 -0.125424 -8.809019 -0.148109 
2931 41.148700 0.000000 2.779787 107.101047 -0.145914 -2.035353 -0.147480 
2932 41.148700 0.000000 2.562850 107.565888 -0.148044 -2.585634 -0.157713 
2933 41.380277 0.000000 2.779787 107.009352 -0.204301 -1.493734 -0.145327 
2934 40.801334 0.000000 3.756002 106.524938 -0.025395 -8.759972 -0.142430 
2935 40.801334 0.000000 3.647534 107.815725 -0.046181 -10.035466 -0.172494 
2936 40.917122 0.000000 3.756002 109.365855 -0.176349 -12.084436 -0.210695 
2937 40.106602 0.000000 4.840686 98.410445 -0.000000 -1.902119 0.031177 
2938 39.990813 0.000000 4.840686 98.341716 -0.000000 -1.872964 0.032540 
2939 40.106602 0.000000 4.949154 98.334051 -0.000000 -1.783755 0.032723 
2940 40.106602 0.000000 5.057623 98.262239 -0.000000 -1.628124 0.034188 
2941 39.990813 0.000000 5.057623 98.258554 -0.000000 -1.619545 0.034263 
2942 40.106602 0.000000 5.166091 98.270418 -0.000000 -1.531003 0.034058 
2943 43.696051 0.000000 4.732218 97.047427 -0.285920 0.486699 0.058148 
2944 43.696051 0.000000 4.298344 96.638289 -0.632504 0.414981 0.066047 
2945 44.159206 0.000000 4.732218 97.193828 -0.342210 0.853980 0.055251 
2946 44.622361 0.000000 4.732218 97.391786 -0.268989 1.122636 0.051351 
2947 44.622361 0.000000 4.298344 97.118869 -0.587172 1.151183 0.056626 
2948 45.085516 0.000000 4.732218 97.583910 -0.242032 1.372875 0.047544 
2949 45.548671 0.000000 4.732218 97.769900 -0.212373 1.573580 0.043853 
2950 45.548671 0.000000 4.298344 97.592739 -0.501711 1.638472 0.047272 
2951 46.011826 0.000000 4.732218 97.944292 -0.194208 1.724722 0.040390 
2952 56.201232 0.000000 -2.643632 99.448817 -0.101510 3.472954 0.009786 
2953 56.201232 0.000000 -4.379127 99.498521 -0.118439 3.330549 0.008894 
2954 58.053851 0.000000 -2.643632 99.521191 -0.111997 3.341330 0.008436 
2955 59.906470 0.000000 -2.643632 99.588657 -0.095788 3.319818 0.007107 
2956 59.906470 0.000000 -4.379127 99.613540 -0.100330 3.172941 0.006706 
2957 61.759089 0.000000 -2.643632 99.642302 -0.087577 3.264474 0.006075 
2958 63.611709 0.000000 0.827356 99.659134 -0.074965 3.734161 0.005411 
2959 63.611709 0.000000 -0.908138 99.666553 -0.084621 3.744922 0.005255 
2960 65.464328 0.000000 0.827356 99.694021 -0.086744 3.880893 0.004603 
2961 41.959221 0.000000 7.443927 98.631888 0.000000 0.346754 0.027163 
2962 41.959221 0.000000 7.335459 98.671088 0.000000 0.284368 0.026394 
2963 42.075010 0.000000 7.443927 98.609019 0.000000 0.349303 0.027614 
2964 19.148846 0.000000 11.240321 101.846187 -0.114174 2.552485 -0.037917 
2965 17.296227 0.000000 11.240321 101.458548 0.440544 3.656363 -0.030740 
2966 19.148846 0.000000 12.975815 101.710557 0.273997 2.948167 -0.035380 
2967 45.085516 0.000000 -6.114621 98.471617 -0.268479 4.014046 0.028716 
2968 45.085516 0.000000 -7.850115 98.789990 -0.266204 3.914110 0.022515 
2969 46.938135 0.000000 -6.114621 98.683432 -0.252010 3.703783 0.024780 
2970 33.043491 0.000000 -3.511380 99.300309 0.065678 33.125315 -0.095784 
2971 33.043491 0.000000 -4.379127 98.805009 0.020183 10.386863 0.012968 
2972 33.969800 0.000000 -3.511380 99.300249 0.065681 33.125404 -0.095784 
2973 34.896110 0.000000 -1.775885 101.742188 0.020531 25.538859 -0.100371 
2974 34.896110 0.000000 -2.643632 99.346453 0.065206 30.827752 -0.082007 
2975 35.822419 0.000000 -1.775885 100.096639 0.032411 28.966540 -0.085840 
2976 30.032984 0.000000 2.345913 105.427903 -0.109822 6.151884 -0.115290 
2977 30.032984 0.000000 2.128976 100.067165 -0.239176 -2.302206 -0.001879 
2978 30.264562 0.000000 2.345913 104.298782 -0.135583 2.390644 -0.088397 
2979 31.190871 0.000000 -5.246874 99.308871 -0.145946 8.797921 0.006032 
2980 31.190871 0.000000 -6.114621 99.193874 0.073041 7.723900 0.010091 
2981 32.117181 0.000000 -5.246874 99.066917 -0.132130 8.652335 0.011087 
2982 33.506645 0.000000 4.732218 99.053666 -0.020991 -2.476339 0.018224 
2983 33.969800 0.000000 4.732218 99.254720 -0.008272 -1.677158 0.014569 
2984 33.506645 0.000000 5.166091 98.871050 0.000000 -1.434960 0.022246 
2985 30.496139 0.000000 2.345913 176.941496 -0.133585 -28.174749 -2.210213 
2986 30.496139 0.000000 2.128976 100.597505 -0.234344 -2.102119 -0.012433 
2987 30.727716 0.000000 2.345913 181.578540 -0.170469 -36.668658 -2.431539 
2988 43.696051 0.000000 3.864471 96.153832 -0.230976 0.334824 0.075428 
2989 43.696051 0.000000 3.430597 95.584804 -0.778083 0.348535 0.086282 
2990 44.159206 0.000000 3.864471 96.506919 -0.206401 0.809960 0.068572 
2991 40.222390 0.000000 7.552396 98.519317 -0.000000 0.100119 0.029393 
2992 39.990813 0.000000 7.552396 98.486089 0.000000 0.040471 0.030049 
2993 40.222390 0.000000 7.335459 98.452962 -0.000000 -0.005539 0.030701 
2994 39.759235 0.000000 7.552396 98.487665 -0.000000 -0.008129 0.030018 
2995 39.527658 0.000000 7.552396 98.492053 -0.000000 -0.024901 0.029931 
2996 39.759235 0.000000 7.335459 98.446425 -0.000000 -0.082475 0.030829 
2997 31.190871 0.000000 10.372574 100.505131 -0.318018 0.850676 -0.010211 
2998 30.264562 0.000000 10.372574 100.597618 -0.193431 0.990560 -0.012090 
2999 31.190871 0.000000 11.240321 100.815600 -0.350876 0.971893 -0.016485 
3000 39.296081 0.000000 7.552396 98.501104 -0.000000 -0.020165 0.029753 
3001 39.064503 0.000000 7.552396 98.495839 -0.000000 -0.015570 0.029857 
3002 39.296081 0.000000 7.335459 98.451354 -0.000000 -0.115660 0.030732 
3003 33.043491 0.000000 -5.246874 98.837986 -0.149262 8.725390 0.015490 
3004 33.043491 0.000000 -6.114621 99.047077 -0.193558 7.716711 0.013009 
3005 33.969800 0.000000 -5.246874 98.539254 -0.074391 8.498074 0.021779 
1 11 62 60 61 
2 62 10 24 60 
3 60 24 14 63 
4 61 60 63 6 
5 24 66 64 65 
6 66 23 40 64 
7 64 40 27 67 
8 65 64 67 14 
9 40 70 68 69 
10 69 68 71 27 
11 6 63 92 93 
12 63 14 36 92 
13 92 36 19 94 
14 93 92 94 20 
15 14 67 95 96 
16 67 27 52 95 
17 95 52 35 97 
18 96 95 97 36 
19 27 71 98 99 
20 99 98 100 52 
21 68 112 110 111 
22 112 56 80 110 
23 110 80 43 113 
24 111 110 113 71 
25 80 116 114 115 
26 115 114 117 43 
27 12 120 118 119 
28 120 7 121 118 
29 118 121 13 25 
30 119 118 25 10 
31 25 124 122 123 
32 124 13 125 122 
33 122 125 26 41 
34 123 122 41 23 
35 41 128 126 127 
36 128 26 129 126 
37 126 129 42 57 
38 127 126 57 39 
39 39 132 130 131 
40 132 57 133 130 
41 130 133 55 81 
42 131 130 81 56 
43 81 136 134 135 
44 136 55 137 134 
45 56 145 143 144 
46 145 81 135 143 
47 144 143 116 80 
48 116 148 146 147 
49 147 146 149 114 
50 156 158 103 159 
51 157 156 159 101 
52 164 167 142 168 
53 165 164 168 106 
54 135 171 169 170 
55 171 134 172 169 
56 169 172 107 140 
57 170 169 140 79 
58 79 175 173 174 
59 175 140 176 173 
60 138 186 185 167 
61 186 141 187 185 
62 185 187 105 188 
63 167 185 188 142 
64 191 138 192 189 
65 189 192 167 193 
66 190 189 193 164 
67 71 113 194 195 
68 113 43 102 194 
69 194 102 76 196 
70 195 194 196 98 
71 43 117 197 198 
72 197 157 101 199 
73 198 197 199 102 
74 114 149 200 201 
75 201 200 202 117 
76 146 205 203 204 
77 205 139 165 203 
78 203 165 106 206 
79 204 203 206 149 
80 139 209 207 208 
81 209 166 190 207 
82 207 190 164 210 
83 208 207 210 165 
84 140 212 211 176 
85 212 107 213 211 
86 211 213 141 186 
87 176 211 186 138 
88 173 216 214 215 
89 216 176 217 214 
90 214 217 138 191 
91 215 214 191 166 
92 166 220 218 219 
93 220 191 221 218 
94 218 221 189 222 
95 219 218 222 190 
96 105 228 226 227 
97 228 184 229 226 
98 226 229 223 230 
99 227 226 230 162 
100 57 232 231 133 
101 232 42 233 231 
102 231 233 58 89 
103 133 231 89 55 
104 55 235 234 137 
105 235 89 236 234 
106 134 238 237 172 
107 238 137 239 237 
108 182 246 244 245 
109 246 82 247 244 
110 244 247 183 248 
111 245 244 248 181 
112 184 256 255 229 
113 256 108 257 255 
114 255 257 224 258 
115 229 255 258 223 
116 137 260 259 239 
117 260 234 261 259 
118 82 263 262 247 
119 263 241 264 262 
120 262 264 240 265 
121 247 262 265 183 
122 59 254 266 267 
123 254 180 268 266 
124 266 268 249 269 
125 267 266 269 158 
126 224 272 270 271 
127 272 252 273 270 
128 270 273 254 274 
129 271 270 274 59 
130 241 288 287 264 
131 288 178 289 287 
132 287 289 242 290 
133 264 287 290 240 
134 297 299 250 300 
135 268 297 300 249 
136 89 302 301 236 
137 302 58 303 301 
138 234 305 304 261 
139 305 236 306 304 
140 284 313 311 312 
141 313 88 314 311 
142 311 314 285 315 
143 312 311 315 283 
144 318 320 294 321 
145 299 318 321 250 
146 298 324 322 323 
147 324 91 325 322 
148 322 325 299 326 
149 323 322 326 297 
150 333 335 295 336 
151 320 333 336 294 
152 319 339 337 338 
153 339 282 340 337 
154 337 340 320 341 
155 338 337 341 318 
156 5 349 348 335 
157 335 348 351 295 
158 334 354 352 353 
159 354 5 355 352 
160 352 355 335 356 
161 353 352 356 333 
162 7 358 357 121 
163 358 16 359 357 
164 357 359 15 32 
165 121 357 32 13 
166 13 361 360 125 
167 361 32 362 360 
168 360 362 31 48 
169 125 360 48 26 
170 26 364 363 129 
171 364 48 365 363 
172 363 365 47 85 
173 129 363 85 42 
174 42 367 366 233 
175 367 85 368 366 
176 366 368 84 276 
177 233 366 276 58 
178 58 370 369 303 
179 370 276 371 369 
180 15 373 372 33 
181 373 17 374 372 
182 372 374 8 375 
183 33 372 375 18 
184 377 33 378 376 
185 376 378 18 379 
186 18 375 397 45 
187 375 8 398 397 
188 397 398 29 399 
189 45 397 399 28 
190 379 18 401 400 
191 400 401 45 402 
192 330 421 419 420 
193 421 413 422 419 
194 419 422 412 423 
195 420 419 423 350 
196 418 441 439 440 
197 441 428 442 439 
198 416 450 448 449 
199 450 418 440 448 
200 440 457 455 456 
201 457 439 458 455 
202 413 466 464 465 
203 465 464 467 422 
204 448 470 468 469 
205 470 440 456 468 
206 21 46 479 480 
207 46 28 481 479 
208 479 481 30 482 
209 480 479 482 9 
210 37 74 483 484 
211 74 44 485 483 
212 483 485 46 486 
213 484 483 486 21 
214 53 152 487 488 
215 152 72 489 487 
216 487 489 74 490 
217 488 487 490 37 
218 77 293 491 492 
219 293 150 493 491 
220 491 493 152 494 
221 492 491 494 53 
222 495 497 293 498 
223 496 495 498 77 
224 329 415 499 500 
225 415 331 501 499 
226 499 501 291 502 
227 500 499 502 332 
228 503 505 331 506 
229 504 503 506 415 
230 436 454 507 508 
231 508 507 510 438 
232 511 513 454 514 
233 512 511 514 436 
234 471 517 515 516 
235 516 515 519 475 
236 520 521 432 522 
237 513 520 522 454 
238 524 476 525 523 
239 523 525 478 526 
240 475 519 527 528 
241 519 451 529 527 
242 527 529 513 530 
243 528 527 530 511 
244 515 533 531 532 
245 531 534 451 535 
246 532 531 535 519 
247 417 540 538 539 
248 540 416 449 538 
249 538 449 413 421 
250 539 538 421 330 
251 449 543 541 542 
252 543 448 469 541 
253 542 541 466 413 
254 466 546 544 545 
255 546 437 472 544 
256 544 472 452 547 
257 545 544 547 464 
258 472 550 548 549 
259 550 471 516 548 
260 548 516 475 551 
261 549 548 551 452 
262 276 553 552 371 
263 553 84 554 552 
264 430 582 580 581 
265 582 569 583 580 
266 586 574 587 584 
267 584 587 572 588 
268 585 584 588 573 
269 428 590 589 442 
270 590 430 581 589 
271 578 593 591 592 
272 593 391 585 591 
273 591 585 573 594 
274 592 591 594 577 
275 581 597 595 596 
276 597 580 598 595 
277 595 598 574 586 
278 596 595 586 391 
279 391 601 599 600 
280 601 586 602 599 
281 599 602 584 603 
282 600 599 603 585 
283 569 609 608 583 
284 609 571 610 608 
285 571 616 615 610 
286 616 604 617 615 
287 615 617 607 618 
288 619 620 564 621 
289 608 624 622 623 
290 624 610 625 622 
291 622 625 87 626 
292 583 629 627 628 
293 629 608 623 627 
294 627 623 611 630 
295 628 627 630 563 
296 611 626 634 635 
297 626 87 636 634 
298 634 636 620 637 
299 635 634 637 619 
300 623 640 638 639 
301 640 622 641 638 
302 638 641 626 642 
303 639 638 642 611 
304 604 670 669 617 
305 669 685 683 684 
306 684 683 686 671 
307 671 686 696 697 
308 697 696 698 681 
309 683 701 699 700 
310 701 677 692 699 
311 699 692 559 702 
312 700 699 702 686 
313 85 704 703 368 
314 704 47 705 703 
315 703 705 86 385 
316 368 703 385 84 
317 84 707 706 554 
318 707 385 708 706 
319 567 711 709 710 
320 711 384 712 709 
321 709 712 568 652 
322 710 709 652 566 
323 566 715 713 714 
324 715 652 716 713 
325 713 716 651 666 
326 714 713 666 606 
327 606 719 717 718 
328 719 666 720 717 
329 717 720 664 678 
330 718 717 678 665 
331 665 723 721 722 
332 723 678 724 721 
333 677 727 725 726 
334 726 725 729 692 
335 277 732 730 731 
336 732 567 710 730 
337 730 710 566 605 
338 731 730 605 390 
339 605 735 733 734 
340 735 566 714 733 
341 733 714 606 670 
342 734 733 670 604 
343 670 738 736 737 
344 738 606 718 736 
345 736 718 665 685 
346 737 736 685 669 
347 685 741 739 740 
348 741 665 722 739 
349 739 722 677 701 
350 740 739 701 683 
351 722 744 742 743 
352 744 721 745 742 
353 743 742 727 677 
354 664 755 754 679 
355 755 667 756 754 
356 754 756 654 757 
357 676 759 758 694 
358 759 679 760 758 
359 758 760 668 761 
360 694 758 761 680 
361 763 676 764 762 
362 762 764 694 765 
363 727 768 766 767 
364 767 766 770 725 
365 678 772 771 724 
366 772 664 773 771 
367 771 773 679 759 
368 724 771 759 676 
369 721 775 774 745 
370 775 724 776 774 
371 774 776 676 763 
372 742 779 777 778 
373 779 745 780 777 
374 778 777 768 727 
375 782 763 783 781 
376 781 783 762 784 
377 768 787 785 786 
378 786 785 789 766 
379 745 791 790 780 
380 791 774 792 790 
381 790 792 763 782 
382 777 795 793 794 
383 795 780 796 793 
384 793 796 693 787 
385 794 793 787 768 
386 798 782 799 797 
387 797 799 781 800 
388 787 803 801 802 
389 803 693 804 801 
390 802 801 805 785 
391 780 807 806 796 
392 807 790 808 806 
393 806 808 782 798 
394 796 806 798 693 
395 693 810 809 804 
396 810 798 811 809 
397 809 811 797 812 
398 804 809 812 788 
399 559 695 813 814 
400 695 680 815 813 
401 813 815 687 816 
402 814 813 816 688 
403 692 729 817 818 
404 729 691 819 817 
405 817 819 695 820 
406 818 817 820 559 
407 725 770 821 822 
408 770 728 823 821 
409 821 823 691 824 
410 822 821 824 729 
411 766 789 825 826 
412 789 769 827 825 
413 825 827 728 828 
414 826 825 828 770 
415 785 805 829 830 
416 805 788 831 829 
417 829 831 769 832 
418 830 829 832 789 
419 801 835 833 834 
420 835 804 836 833 
421 833 836 788 837 
422 834 833 837 805 
423 653 842 841 752 
424 842 746 843 841 
425 841 843 749 844 
426 752 841 844 387 
427 850 752 851 848 
428 848 851 387 852 
429 849 848 852 753 
430 667 854 853 756 
431 854 750 849 853 
432 853 849 753 855 
433 756 853 855 654 
434 652 857 856 716 
435 857 568 858 856 
436 856 858 653 751 
437 716 856 751 651 
438 751 861 859 860 
439 861 653 862 859 
440 859 862 752 850 
441 860 859 850 750 
442 750 865 863 864 
443 865 850 866 863 
444 863 866 848 867 
445 864 863 867 849 
446 236 869 868 306 
447 869 301 870 868 
448 875 877 310 878 
449 876 875 878 179 
450 314 881 879 880 
451 880 879 883 285 
452 308 888 887 873 
453 888 280 889 887 
454 887 889 309 890 
455 873 887 890 307 
456 892 873 893 891 
457 891 893 307 894 
458 283 315 895 896 
459 315 285 876 895 
460 895 876 179 897 
461 896 895 897 286 
462 285 883 898 899 
463 883 874 900 898 
464 898 900 875 901 
465 899 898 901 876 
466 879 904 902 903 
467 902 905 874 906 
468 903 902 906 883 
469 306 909 907 908 
470 909 868 910 907 
471 907 910 308 872 
472 908 907 872 88 
473 88 913 911 912 
474 913 872 914 911 
475 911 914 871 881 
476 912 911 881 314 
477 881 917 915 916 
478 917 871 918 915 
479 915 918 882 904 
480 916 915 904 879 
481 307 890 919 877 
482 890 309 920 919 
483 919 920 279 921 
484 877 919 921 310 
485 874 894 922 900 
486 894 307 923 922 
487 922 923 877 924 
488 900 922 924 875 
489 882 926 925 905 
490 926 891 927 925 
491 925 927 894 928 
492 905 925 928 874 
493 904 931 929 930 
494 931 882 932 929 
495 929 932 905 933 
496 930 929 933 902 
497 301 935 934 870 
498 935 303 936 934 
499 280 938 937 889 
500 938 885 939 937 
501 937 939 884 940 
502 889 937 940 309 
503 885 944 943 939 
504 944 90 945 943 
505 943 945 886 946 
506 939 943 946 884 
507 303 948 947 936 
508 948 369 949 947 
509 951 942 952 950 
510 950 952 941 953 
511 945 950 953 886 
512 936 956 954 955 
513 956 947 957 954 
514 954 957 942 951 
515 955 954 951 90 
516 90 960 958 959 
517 960 951 961 958 
518 958 961 950 962 
519 959 958 962 945 
520 942 964 963 952 
521 964 343 965 963 
522 963 965 393 966 
523 952 963 966 941 
524 369 968 967 949 
525 968 371 969 967 
526 343 971 970 965 
527 971 394 972 970 
528 394 975 974 972 
529 975 275 976 974 
530 974 976 395 977 
531 972 974 977 392 
532 978 980 396 981 
533 979 978 981 342 
534 970 984 982 983 
535 984 972 985 982 
536 982 985 392 986 
537 965 989 987 988 
538 989 970 983 987 
539 987 983 973 990 
540 988 987 990 393 
541 392 977 991 980 
542 977 395 992 991 
543 991 992 344 993 
544 980 991 993 396 
545 973 986 994 995 
546 986 392 996 994 
547 994 996 980 997 
548 995 994 997 978 
549 983 1000 998 999 
550 1000 982 1001 998 
551 998 1001 986 1002 
552 999 998 1002 973 
553 87 1004 1003 636 
554 1004 618 1005 1003 
555 1003 1005 631 1006 
556 636 1003 1006 620 
557 150 408 1007 493 
558 408 151 1008 1007 
559 1007 1008 72 1009 
560 493 1007 1009 152 
561 1010 1012 408 1013 
562 1011 1010 1013 150 
563 682 1035 1033 1034 
564 1034 1033 1036 1025 
565 613 1042 1040 1041 
566 1042 1030 1043 1040 
567 1040 1043 1028 1044 
568 1041 1040 1044 1029 
569 564 633 1052 1053 
570 1053 1052 1054 410 
571 612 1057 1055 1056 
572 1057 682 1034 1055 
573 1055 1034 1025 1058 
574 1056 1055 1058 1026 
575 1063 1064 151 1065 
576 1012 1063 1065 408 
577 1021 1074 1072 1073 
578 1074 663 1075 1072 
579 1073 1072 1076 1059 
580 1077 1079 1012 1080 
581 1078 1077 1080 1010 
582 1059 1076 1093 1094 
583 1096 1097 1063 1098 
584 1079 1096 1098 1012 
585 1099 1101 1079 1102 
586 1100 1099 1102 1077 
587 1113 433 1114 1112 
588 1112 1114 446 1115 
589 1116 1011 150 1117 
590 497 1116 1117 293 
591 331 427 1118 501 
592 501 1118 1120 291 
593 1121 1122 427 1123 
594 505 1121 1123 331 
595 1127 1128 447 1129 
596 521 1127 1129 432 
597 459 1132 1130 1131 
598 1132 462 1133 1130 
599 1130 1133 443 1134 
600 1131 1130 1134 463 
601 476 1136 1135 525 
602 1136 460 1137 1135 
603 1135 1137 444 1138 
604 525 1135 1138 478 
605 469 1141 1139 1140 
606 1141 468 1142 1139 
607 1139 1142 453 473 
608 1140 1139 473 437 
609 473 1145 1143 1144 
610 1145 453 1146 1143 
611 1143 1146 474 517 
612 1144 1143 517 471 
613 517 1149 1147 1148 
614 1149 474 1150 1147 
615 1147 1150 518 533 
616 1148 1147 533 515 
617 451 526 1151 529 
618 526 478 1152 1151 
619 1151 1152 520 1153 
620 529 1151 1153 513 
621 518 1155 1154 534 
622 1155 523 1156 1154 
623 1154 1156 526 1157 
624 534 1154 1157 451 
625 533 1160 1158 1159 
626 1160 518 1161 1158 
627 1158 1161 534 1162 
628 1159 1158 1162 531 
629 1115 446 1164 1163 
630 1163 1164 431 1165 
631 1128 1163 1165 447 
632 443 1168 1166 1167 
633 1168 1115 1169 1166 
634 1166 1169 1163 1170 
635 1167 1166 1170 1128 
636 1174 1175 409 1176 
637 1122 1174 1176 427 
638 1178 577 1179 1177 
639 1177 1179 579 1180 
640 1187 578 592 1186 
641 1186 592 577 1178 
642 1108 1190 1188 1189 
643 1190 1110 1191 1188 
644 1193 1178 1194 1192 
645 1192 1194 1177 1195 
646 1110 1202 1201 1191 
647 1202 1186 1203 1201 
648 1201 1203 1178 1193 
649 1188 1206 1204 1205 
650 1206 1191 1207 1204 
651 434 1209 1208 1199 
652 1209 1193 1210 1208 
653 1208 1210 1192 1211 
654 1199 1208 1211 1184 
655 1214 434 1215 1212 
656 1212 1215 1199 1216 
657 431 1219 1217 1218 
658 1219 1111 1182 1217 
659 1217 1182 1171 1220 
660 1218 1217 1220 1125 
661 1111 1223 1221 1222 
662 1223 1183 1197 1221 
663 1221 1197 1181 1224 
664 1222 1221 1224 1182 
665 1183 1227 1225 1226 
666 1226 1225 1228 1197 
667 435 1173 1229 1230 
668 1173 424 1231 1229 
669 1229 1231 1122 1232 
670 1230 1229 1232 1121 
671 1171 1185 1233 1234 
672 1185 1172 1235 1233 
673 1233 1235 424 1236 
674 1234 1233 1236 1173 
675 1181 1200 1237 1238 
676 1200 1184 1239 1237 
677 1237 1239 1172 1240 
678 1238 1237 1240 1185 
679 1196 1216 1241 1242 
680 1216 1199 1243 1241 
681 1241 1243 1184 1244 
682 1242 1241 1244 1200 
683 1247 1212 1248 1245 
684 1245 1248 1216 1249 
685 1246 1245 1249 1196 
686 1197 1228 1250 1251 
687 1228 1196 1242 1250 
688 1250 1242 1200 1252 
689 1251 1250 1252 1181 
690 1225 1255 1253 1254 
691 1255 1213 1246 1253 
692 1253 1246 1196 1256 
693 1254 1253 1256 1228 
694 1191 1258 1257 1207 
695 1258 1201 1259 1257 
696 1257 1259 1193 1209 
697 1207 1257 1209 434 
698 1204 1262 1260 1261 
699 1262 1207 1263 1260 
700 1260 1263 434 1214 
701 1261 1260 1214 1198 
702 1198 1266 1264 1265 
703 1266 1214 1267 1264 
704 1264 1267 1212 1247 
705 1265 1264 1247 1213 
706 1213 1270 1268 1269 
707 1270 1247 1271 1268 
708 1268 1271 1245 1272 
709 1269 1268 1272 1246 
710 1273 1078 1010 1275 
711 1274 1273 1275 1011 
712 1276 1100 1077 1278 
713 1277 1276 1278 1078 
714 1300 1082 1301 1299 
715 1299 1301 1104 1302 
716 1092 1282 1303 1304 
717 1282 1017 1305 1303 
718 1303 1305 1100 1306 
719 1304 1303 1306 1276 
720 1280 1298 1307 1308 
721 1298 1279 1309 1307 
722 1307 1309 1282 1310 
723 1308 1307 1310 1092 
724 1294 1313 1311 1312 
725 1311 1314 1279 1315 
726 1312 1311 1315 1298 
727 1292 1321 1319 1320 
728 1321 1291 1322 1319 
729 1319 1322 1281 1296 
730 1320 1319 1296 1090 
731 1296 1325 1323 1324 
732 1325 1281 1326 1323 
733 1323 1326 1297 1313 
734 1324 1323 1313 1294 
735 1279 1302 1327 1309 
736 1302 1104 1328 1327 
737 1327 1328 1017 1329 
738 1309 1327 1329 1282 
739 1297 1331 1330 1314 
740 1331 1299 1332 1330 
741 1330 1332 1302 1333 
742 1314 1330 1333 1279 
743 1313 1336 1334 1335 
744 1336 1297 1337 1334 
745 1334 1337 1314 1338 
746 1335 1334 1338 1311 
747 1289 1341 1339 1340 
748 1341 1090 1295 1339 
749 1339 1295 1280 1342 
750 1340 1339 1342 1287 
751 1295 1345 1343 1344 
752 1345 1294 1312 1343 
753 1343 1312 1298 1346 
754 1344 1343 1346 1280 
755 1347 1277 1078 1349 
756 1348 1347 1349 1273 
757 1283 1352 1350 1351 
758 1351 1350 1353 1286 
759 1285 1358 1356 1357 
760 1357 1356 1352 1283 
761 1352 1361 1359 1360 
762 1361 1091 1362 1359 
763 1359 1362 1288 1363 
764 1360 1359 1363 1350 
765 1372 1283 1351 1370 
766 1370 1351 1286 1373 
767 1374 1274 1011 1376 
768 1375 1374 1376 1116 
769 1377 1348 1273 1379 
770 1378 1377 1379 1274 
771 1022 1386 1384 1385 
772 1386 1285 1357 1384 
773 1384 1357 1283 1372 
774 1284 1389 1387 1388 
775 1389 1372 1390 1387 
776 1387 1390 1370 1391 
777 1388 1387 1391 1371 
778 1368 1396 1394 1395 
779 1396 1022 1385 1394 
780 1399 1284 1388 1397 
781 1397 1388 1371 1400 
782 1364 1403 1401 1402 
783 1403 1023 1367 1401 
784 1401 1367 292 1404 
785 1402 1401 1404 1365 
786 1367 1407 1405 1406 
787 1407 1366 1381 1405 
788 1405 1381 1369 1408 
789 1406 1405 1408 292 
790 1366 1411 1409 1410 
791 1410 1409 1412 1381 
792 1369 1383 1413 1414 
793 1383 1024 1415 1413 
794 1413 1415 1348 1416 
795 1414 1413 1416 1377 
796 1380 1400 1417 1418 
797 1400 1371 1419 1417 
798 1417 1419 1024 1420 
799 1418 1417 1420 1383 
800 1423 1397 1424 1421 
801 1421 1424 1400 1425 
802 1422 1421 1425 1380 
803 1381 1412 1426 1427 
804 1412 1380 1418 1426 
805 1426 1418 1383 1428 
806 1427 1426 1428 1369 
807 1409 1431 1429 1430 
808 1431 1398 1422 1429 
809 1429 1422 1380 1432 
810 1430 1429 1432 1412 
811 1394 1435 1433 1434 
812 1435 1385 1436 1433 
813 1433 1436 1284 1399 
814 1434 1433 1399 1382 
815 1382 1439 1437 1438 
816 1439 1399 1440 1437 
817 1437 1440 1397 1423 
818 1438 1437 1423 1398 
819 1398 1443 1441 1442 
820 1443 1423 1444 1441 
821 1441 1444 1421 1445 
822 1442 1441 1445 1422 
823 690 1460 1458 1459 
824 1460 672 1461 1458 
825 1466 1469 1456 1470 
826 1467 1466 1470 1453 
827 672 1474 1473 1461 
828 1474 1451 1475 1473 
829 1458 1478 1476 1477 
830 1478 1461 1479 1476 
831 1039 1481 1480 1469 
832 1481 1463 1482 1480 
833 1480 1482 1462 1483 
834 1469 1480 1483 1456 
835 1486 1039 1487 1484 
836 1484 1487 1469 1488 
837 1485 1484 1488 1466 
838 681 698 1489 1490 
839 1490 1489 1035 682 
840 1038 1493 1491 1492 
841 1493 1037 1454 1491 
842 1491 1454 1030 1042 
843 1492 1491 1042 613 
844 1037 1496 1494 1495 
845 1496 1455 1467 1494 
846 1494 1467 1453 1497 
847 1495 1494 1497 1454 
848 1455 1500 1498 1499 
849 1498 1485 1466 1501 
850 1499 1498 1501 1467 
851 1461 1503 1502 1479 
852 1503 1473 1504 1502 
853 1502 1504 1463 1481 
854 1479 1502 1481 1039 
855 1476 1507 1505 1506 
856 1507 1479 1508 1505 
857 1505 1508 1039 1486 
858 1511 1486 1512 1509 
859 1509 1512 1484 1513 
860 1510 1509 1513 1485 
861 673 1516 1514 1515 
862 1516 690 1459 1514 
863 1514 1459 1037 1493 
864 1515 1514 1493 1038 
865 1459 1519 1517 1518 
866 1519 1458 1477 1517 
867 1517 1477 1455 1496 
868 1518 1517 1496 1037 
869 1477 1522 1520 1521 
870 1522 1476 1506 1520 
871 1521 1520 1500 1455 
872 1500 1525 1523 1524 
873 1525 1468 1510 1523 
874 1523 1510 1485 1526 
875 1524 1523 1526 1498 
876 1506 1529 1527 1528 
877 1529 1505 1530 1527 
878 1527 1530 1486 1511 
879 1528 1527 1511 1468 
880 1468 1533 1531 1532 
881 1533 1511 1534 1531 
882 1531 1534 1509 1535 
883 1532 1531 1535 1510 
884 1542 1544 663 1074 
885 1543 1542 1074 1021 
886 1549 1552 1539 1553 
887 1550 1549 1553 1031 
888 675 1556 1554 1555 
889 1556 1465 1557 1554 
890 661 1559 1558 1050 
891 1559 847 1560 1558 
892 1558 1560 1045 1561 
893 1050 1558 1561 1020 
894 1049 1563 1562 1538 
895 1563 661 1564 1562 
896 1562 1564 1050 1565 
897 1538 1562 1565 1048 
898 1536 1567 1566 1552 
899 1567 1538 1568 1566 
900 1566 1568 1048 1569 
901 1552 1566 1569 1539 
902 1572 1536 1573 1570 
903 1570 1573 1552 1574 
904 1571 1570 1574 1549 
905 1575 1543 1021 1577 
906 1576 1575 1577 558 
907 1540 1583 1581 1582 
908 1583 1537 1550 1581 
909 1581 1550 1031 1584 
910 1582 1581 1584 1541 
911 1537 1587 1585 1586 
912 1585 1571 1549 1588 
913 1586 1585 1588 1550 
914 1465 1590 1589 1557 
915 1590 1049 1591 1589 
916 1589 1591 1538 1567 
917 1557 1589 1567 1536 
918 1554 1594 1592 1593 
919 1594 1557 1595 1592 
920 1592 1595 1536 1572 
921 1598 1572 1599 1596 
922 1596 1599 1570 1600 
923 1597 1596 1600 1571 
924 1457 1603 1601 1602 
925 1603 675 1555 1601 
926 1601 1555 1537 1583 
927 1602 1601 1583 1540 
928 1555 1606 1604 1605 
929 1606 1554 1593 1604 
930 1605 1604 1587 1537 
931 1587 1609 1607 1608 
932 1609 1551 1597 1607 
933 1607 1597 1571 1610 
934 1608 1607 1610 1585 
935 1593 1613 1611 1612 
936 1613 1592 1614 1611 
937 1611 1614 1572 1598 
938 1612 1611 1598 1551 
939 1551 1617 1615 1616 
940 1617 1598 1618 1615 
941 1615 1618 1596 1619 
942 1616 1615 1619 1597 
943 1048 1565 1620 1547 
944 1565 1050 1621 1620 
945 1620 1621 1020 1622 
946 1547 1620 1622 1051 
947 1018 1548 1623 1624 
948 1548 1051 1625 1623 
949 1623 1625 1542 1626 
950 1624 1623 1626 1543 
951 1545 1629 1627 1628 
952 1629 1547 1630 1627 
953 1627 1630 1051 1631 
954 1628 1627 1631 1548 
955 650 1637 1636 839 
956 1637 50 1638 1636 
957 1636 1638 659 1639 
958 839 1636 1639 658 
959 1641 839 1642 1640 
960 1640 1642 658 1643 
961 1632 1649 1647 1648 
962 1649 1634 1650 1647 
963 1648 1647 1651 1635 
964 658 1639 1652 1067 
965 1639 659 1653 1652 
966 1652 1653 407 1654 
967 1067 1652 1654 660 
968 1643 658 1656 1655 
969 1655 1656 1067 1657 
970 1634 1659 1658 1650 
971 1659 1640 1660 1658 
972 1658 1660 1643 1661 
973 1650 1658 1661 840 
974 1635 1651 1662 1663 
975 1651 840 1664 1662 
976 1662 1664 1645 1665 
977 1663 1662 1665 1644 
978 1647 1668 1666 1667 
979 1668 1650 1669 1666 
980 1666 1669 840 1670 
981 1667 1666 1670 1651 
982 34 1675 1674 404 
983 1675 379 1676 1674 
984 1674 1676 400 1677 
985 404 1674 1677 73 
986 1679 34 1680 1678 
987 1678 1680 404 1681 
988 1447 1688 1686 1687 
989 1688 646 1689 1686 
990 50 1692 1691 1638 
991 1692 1447 1687 1691 
992 1691 1687 1446 1693 
993 1638 1691 1693 659 
994 72 405 1694 489 
995 405 73 1695 1694 
996 1694 1695 44 1696 
997 489 1694 1696 74 
998 151 657 1697 1008 
999 657 403 1698 1697 
1000 1697 1698 405 1699 
1001 1008 1697 1699 72 
1002 1700 1701 657 1702 
1003 1064 1700 1702 151 
1004 1687 1709 1707 1708 
1005 1709 1686 1710 1707 
1006 1707 1710 1690 1711 
1007 1708 1707 1711 1446 
1008 1712 1713 403 1714 
1009 1701 1712 1714 657 
1010 49 1720 1719 382 
1011 1720 376 1721 1719 
1012 1719 1721 379 1675 
1013 382 1719 1675 34 
1014 1723 382 1724 1722 
1015 1722 1724 34 1679 
1016 1726 645 1727 1725 
1017 646 1729 1728 1689 
1018 1729 1683 1730 1728 
1019 1731 1734 1715 1735 
1020 1732 1731 1735 1705 
1021 1689 1738 1736 1737 
1022 1738 1728 1739 1736 
1023 383 1741 1740 1684 
1024 1741 1679 1742 1740 
1025 1740 1742 1678 1743 
1026 1684 1740 1743 656 
1027 1745 1684 1746 1744 
1028 1744 1746 656 1747 
1029 1716 1749 1748 1734 
1030 1749 1682 1750 1748 
1031 1748 1750 1717 1751 
1032 1734 1748 1751 1715 
1033 1754 1716 1755 1752 
1034 1752 1755 1734 1756 
1035 1753 1752 1756 1731 
1036 1690 1759 1757 1758 
1037 1759 1448 1732 1757 
1038 1757 1732 1705 1760 
1039 1758 1757 1760 1703 
1040 1448 1763 1761 1762 
1041 1763 1733 1753 1761 
1042 1761 1753 1731 1764 
1043 1762 1761 1764 1732 
1044 1683 1766 1765 1730 
1045 1766 383 1767 1765 
1046 1765 1767 1684 1745 
1047 1728 1769 1768 1739 
1048 1769 1730 1770 1768 
1049 1768 1770 1682 1749 
1050 1739 1768 1749 1716 
1051 1736 1773 1771 1772 
1052 1773 1739 1774 1771 
1053 1771 1774 1716 1754 
1054 1772 1771 1754 1733 
1055 1733 1777 1775 1776 
1056 1777 1754 1778 1775 
1057 1775 1778 1752 1779 
1058 1776 1775 1779 1753 
1059 1682 1781 1780 1750 
1060 1781 1745 1782 1780 
1061 1780 1782 1744 1783 
1062 1750 1780 1783 1717 
1063 663 1785 1784 1075 
1064 1785 1047 1786 1784 
1065 1076 1794 1792 1793 
1066 1793 1792 1795 1093 
1067 1075 1798 1796 1797 
1068 1798 1784 1799 1796 
1069 1072 1807 1805 1806 
1070 1807 1075 1797 1805 
1071 1806 1805 1794 1076 
1072 1794 1810 1808 1809 
1073 1810 1061 1801 1808 
1074 1808 1801 1788 1811 
1075 1809 1808 1811 1792 
1076 1788 1804 1818 1819 
1077 1804 1787 1820 1818 
1078 1818 1820 1791 1821 
1079 1819 1818 1821 1086 
1080 1801 1824 1822 1823 
1081 1822 1825 1804 1826 
1082 1823 1822 1826 1788 
1083 1797 1829 1827 1828 
1084 1829 1796 1830 1827 
1085 1827 1830 1789 1802 
1086 1828 1827 1802 1061 
1087 1061 1833 1831 1832 
1088 1833 1802 1834 1831 
1089 1831 1834 1800 1824 
1090 1832 1831 1824 1801 
1091 1069 1836 1835 1088 
1092 1836 1070 1837 1835 
1093 1835 1837 1016 1838 
1094 1088 1835 1838 1071 
1095 1087 1840 1839 1790 
1096 1840 1069 1841 1839 
1097 1839 1841 1088 1842 
1098 1790 1839 1842 1085 
1099 1789 1844 1843 1803 
1100 1844 1087 1845 1843 
1101 1843 1845 1790 1846 
1102 1803 1843 1846 1787 
1103 1800 1848 1847 1825 
1104 1848 1803 1849 1847 
1105 1847 1849 1787 1850 
1106 1825 1847 1850 1804 
1107 1824 1853 1851 1852 
1108 1853 1800 1854 1851 
1109 1851 1854 1825 1855 
1110 1852 1851 1855 1822 
1111 1842 1088 1857 1856 
1112 1856 1857 1071 1858 
1113 1814 1865 1863 1864 
1114 1865 1816 1866 1863 
1115 1863 1866 1089 1867 
1116 1093 1795 1868 1869 
1117 1869 1868 1870 1095 
1118 1815 1873 1871 1872 
1119 1873 1814 1864 1871 
1120 1871 1864 1817 1874 
1121 1872 1871 1874 1014 
1122 1071 1838 1878 1813 
1123 1838 1016 1879 1878 
1124 1878 1879 1083 1880 
1125 1813 1878 1880 1081 
1126 1858 1071 1882 1881 
1127 1881 1882 1813 1883 
1128 1817 1867 1884 1885 
1129 1867 1089 1886 1884 
1130 1884 1886 1861 1887 
1131 1885 1884 1887 1859 
1132 1864 1890 1888 1889 
1133 1890 1863 1891 1888 
1134 1888 1891 1867 1892 
1135 1889 1888 1892 1817 
1136 1883 1813 1895 1893 
1137 1893 1895 1081 1896 
1138 1894 1893 1896 1105 
1139 1897 1894 1105 1899 
1140 1898 1897 1899 1082 
1141 1902 1883 1903 1900 
1142 1900 1903 1893 1904 
1143 1901 1900 1904 1894 
1144 1862 1907 1905 1906 
1145 1907 1812 1901 1905 
1146 1905 1901 1894 1908 
1147 1906 1905 1908 1897 
1148 1861 1911 1909 1910 
1149 1911 1881 1912 1909 
1150 1909 1912 1883 1902 
1151 1910 1909 1902 1812 
1152 1812 1915 1913 1914 
1153 1915 1902 1916 1913 
1154 1913 1916 1900 1917 
1155 1914 1913 1917 1901 
1156 659 1693 1918 1653 
1157 1693 1446 1704 1918 
1158 1918 1704 1449 1919 
1159 1653 1918 1919 407 
1160 403 1681 1920 1698 
1161 1681 404 1921 1920 
1162 1920 1921 73 1922 
1163 1698 1920 1922 405 
1164 656 1743 1923 1713 
1165 1743 1678 1924 1923 
1166 1923 1924 1681 1925 
1167 1713 1923 1925 403 
1168 1685 1747 1926 1927 
1169 1747 656 1928 1926 
1170 1926 1928 1713 1929 
1171 1927 1926 1929 1712 
1172 1717 1783 1930 1931 
1173 1783 1744 1932 1930 
1174 1930 1932 1747 1933 
1175 1931 1930 1933 1685 
1176 1 1936 1934 1935 
1177 1936 12 119 1934 
1178 1934 119 10 62 
1179 1935 1934 62 11 
1180 16 1938 1937 359 
1181 1938 2 1939 1937 
1182 1937 1939 17 373 
1183 359 1937 373 15 
1184 19 38 1940 1941 
1185 38 21 480 1940 
1186 1940 480 9 1942 
1187 1941 1940 1942 22 
1188 20 94 1943 1944 
1189 94 19 1941 1943 
1190 1943 1941 22 1945 
1191 1944 1943 1945 4 
1192 10 1948 1946 1947 
1193 1948 25 123 1946 
1194 1946 123 23 66 
1195 1947 1946 66 24 
1196 28 399 1949 481 
1197 399 29 1950 1949 
1198 1949 1950 3 1951 
1199 481 1949 1951 30 
1200 32 1953 1952 362 
1201 1953 15 1954 1952 
1202 1952 1954 33 377 
1203 362 1952 377 31 
1204 35 54 1955 1956 
1205 54 37 484 1955 
1206 1955 484 21 1957 
1207 1956 1955 1957 38 
1208 36 97 1958 1959 
1209 97 35 1956 1958 
1210 1958 1956 38 1960 
1211 1959 1958 1960 19 
1212 23 1963 1961 1962 
1213 1963 41 127 1961 
1214 1961 127 39 70 
1215 1962 1961 70 40 
1216 44 402 1964 485 
1217 402 45 1965 1964 
1218 1964 1965 28 1966 
1219 485 1964 1966 46 
1220 48 1968 1967 365 
1221 1968 31 1969 1967 
1222 1967 1969 49 381 
1223 365 1967 381 47 
1224 51 78 1970 1971 
1225 78 53 488 1970 
1226 1970 488 37 1972 
1227 1971 1970 1972 54 
1228 52 100 1973 1974 
1229 100 51 1971 1973 
1230 1973 1971 54 1975 
1231 1974 1973 1975 35 
1232 70 1978 1976 1977 
1233 1978 39 131 1976 
1234 1976 131 56 112 
1235 1977 1976 112 68 
1236 75 155 1979 1980 
1237 155 77 492 1979 
1238 1979 492 53 1981 
1239 1980 1979 1981 78 
1240 76 104 1982 1983 
1241 104 75 1980 1982 
1242 1982 1980 78 1984 
1243 1983 1982 1984 51 
1244 98 196 1985 1986 
1245 196 76 1983 1985 
1246 1985 1983 51 1987 
1247 1986 1985 1987 100 
1248 143 1990 1988 1989 
1249 1990 135 170 1988 
1250 1988 170 79 148 
1251 1989 1988 148 116 
1252 148 1993 1991 1992 
1253 1993 79 174 1991 
1254 1991 174 139 205 
1255 1992 1991 205 146 
1256 153 296 1994 1995 
1257 1994 496 77 1996 
1258 1995 1994 1996 155 
1259 103 251 1997 1998 
1260 251 153 1995 1997 
1261 1997 1995 155 1999 
1262 1998 1997 1999 75 
1263 109 225 2000 2001 
1264 225 59 267 2000 
1265 2000 267 158 2002 
1266 2001 2000 2002 156 
1267 142 188 2003 2004 
1268 188 105 227 2003 
1269 2003 227 162 2005 
1270 2004 2003 2005 160 
1271 174 2008 2006 2007 
1272 2008 173 215 2006 
1273 2006 215 166 209 
1274 2007 2006 209 139 
1275 107 2010 2009 213 
1276 2010 182 245 2009 
1277 2009 245 181 2011 
1278 213 2009 2011 141 
1279 181 248 2012 2013 
1280 248 183 2014 2012 
1281 2012 2014 108 256 
1282 2013 2012 256 184 
1283 141 2011 2015 187 
1284 2011 181 2013 2015 
1285 2015 2013 184 228 
1286 187 2015 228 105 
1287 223 258 2016 2017 
1288 258 224 271 2016 
1289 2016 271 59 2018 
1290 2017 2016 2018 225 
1291 162 230 2019 2020 
1292 230 223 2017 2019 
1293 2019 2017 225 2021 
1294 2020 2019 2021 109 
1295 183 265 2022 2014 
1296 265 240 2023 2022 
1297 2022 2023 243 2024 
1298 2014 2022 2024 108 
1299 108 2024 2025 257 
1300 2024 243 2026 2025 
1301 2025 2026 252 272 
1302 257 2025 272 224 
1303 178 2028 2027 289 
1304 2028 284 312 2027 
1305 2027 312 283 2029 
1306 289 2027 2029 242 
1307 242 2029 2030 2031 
1308 2029 283 896 2030 
1309 2030 896 286 2032 
1310 2031 2030 2032 177 
1311 304 2035 2033 2034 
1312 2035 306 908 2033 
1313 2033 908 88 313 
1314 2034 2033 313 284 
1315 261 2038 2036 2037 
1316 2038 304 2034 2036 
1317 2036 2034 284 2028 
1318 2037 2036 2028 178 
1319 91 2040 2039 325 
1320 2040 319 338 2039 
1321 2039 338 318 2041 
1322 325 2039 2041 299 
1323 295 351 2042 2043 
1324 351 329 500 2042 
1325 2042 500 332 2044 
1326 2043 2042 2044 154 
1327 282 2046 2045 340 
1328 2046 334 353 2045 
1329 2045 353 333 2047 
1330 340 2045 2047 320 
1331 31 2049 2048 1969 
1332 2049 377 2050 2048 
1333 2048 2050 376 1720 
1334 1969 2048 1720 49 
1335 47 2052 2051 705 
1336 2052 381 2053 2051 
1337 2051 2053 380 644 
1338 705 2051 644 86 
1339 381 2055 2054 2053 
1340 2055 49 2056 2054 
1341 2054 2056 382 1723 
1342 2053 2054 1723 380 
1343 385 2058 2057 708 
1344 2058 86 2059 2057 
1345 2057 2059 386 648 
1346 2061 277 731 2060 
1347 73 1677 2062 1695 
1348 1677 400 2063 2062 
1349 2062 2063 402 2064 
1350 1695 2062 2064 44 
1351 350 423 2065 2066 
1352 423 412 504 2065 
1353 2065 504 415 2067 
1354 2066 2065 2067 329 
1355 342 981 2068 2069 
1356 981 396 2070 2068 
1357 2068 2070 416 540 
1358 2069 2068 540 417 
1359 396 993 2071 2070 
1360 993 344 2072 2071 
1361 2071 2072 418 450 
1362 2070 2071 450 416 
1363 344 2074 2073 2072 
1364 2074 429 2075 2073 
1365 2073 2075 428 441 
1366 2072 2073 441 418 
1367 429 2077 2076 2075 
1368 2077 388 2078 2076 
1369 2076 2078 430 590 
1370 2075 2076 590 428 
1371 422 467 2079 2080 
1372 467 436 508 2079 
1373 2079 508 438 2081 
1374 2080 2079 2081 412 
1375 439 2083 2082 458 
1376 2083 442 2084 2082 
1377 460 2086 2085 1137 
1378 2086 459 1131 2085 
1379 2085 1131 463 2087 
1380 1137 2085 2087 444 
1381 464 547 2088 2089 
1382 547 452 512 2088 
1383 2088 512 436 2090 
1384 2089 2088 2090 467 
1385 468 2092 2091 1142 
1386 2092 456 2093 2091 
1387 2091 2093 278 477 
1388 1142 2091 477 453 
1389 437 2096 2094 2095 
1390 2096 473 1144 2094 
1391 2094 1144 471 550 
1392 2095 2094 550 472 
1393 453 2098 2097 1146 
1394 2098 477 2099 2097 
1395 2097 2099 476 524 
1396 1146 2097 524 474 
1397 477 2101 2100 2099 
1398 2101 278 2102 2100 
1399 2100 2102 460 1136 
1400 2099 2100 1136 476 
1401 452 551 2103 2104 
1402 551 475 528 2103 
1403 2103 528 511 2105 
1404 2104 2103 2105 512 
1405 478 1138 2106 1152 
1406 1138 444 2107 2106 
1407 2106 2107 521 2108 
1408 1152 2106 2108 520 
1409 474 2110 2109 1150 
1410 2110 524 2111 2109 
1411 2109 2111 523 1155 
1412 1150 2109 1155 518 
1413 541 2114 2112 2113 
1414 2114 469 1140 2112 
1415 2112 1140 437 546 
1416 2113 2112 546 466 
1417 371 2116 2115 969 
1418 2116 552 2117 2115 
1419 395 2119 2118 992 
1420 2119 555 2120 2118 
1421 2118 2120 429 2074 
1422 992 2118 2074 344 
1423 562 621 2121 2122 
1424 621 564 1053 2121 
1425 2121 1053 410 2123 
1426 2122 2121 2123 565 
1427 2124 2122 565 2125 
1428 1175 2124 2125 409 
1429 388 2127 2126 2078 
1430 2127 570 2128 2126 
1431 2126 2128 569 582 
1432 2078 2126 582 430 
1433 570 2130 2129 2128 
1434 2130 390 2131 2129 
1435 2129 2131 571 609 
1436 2128 2129 609 569 
1437 577 594 2132 1179 
1438 594 573 2133 2132 
1439 2132 2133 426 2134 
1440 1179 2132 2134 579 
1441 580 2136 2135 598 
1442 2136 583 628 2135 
1443 2135 628 563 2137 
1444 598 2135 2137 574 
1445 589 2140 2138 2139 
1446 2140 581 596 2138 
1447 2138 596 391 593 
1448 2139 2138 593 578 
1449 442 2142 2141 2084 
1450 2142 589 2139 2141 
1451 2141 2139 578 1187 
1452 390 2144 2143 2131 
1453 2144 605 734 2143 
1454 2143 734 604 616 
1455 2131 2143 616 571 
1456 610 2146 2145 625 
1457 2146 615 2147 2145 
1458 2145 2147 618 1004 
1459 625 2145 1004 87 
1460 563 630 2148 2149 
1461 630 611 635 2148 
1462 2148 635 619 2150 
1463 2149 2148 2150 575 
1464 86 2152 2151 2059 
1465 2152 644 2153 2151 
1466 2151 2153 643 1672 
1467 2059 2151 1672 386 
1468 644 2155 2154 2153 
1469 2155 380 2156 2154 
1470 2154 2156 645 1726 
1471 2153 2154 1726 643 
1472 384 2158 2157 712 
1473 2158 648 2159 2157 
1474 2157 2159 647 747 
1475 712 2157 747 568 
1476 647 2161 2160 748 
1477 2161 649 2162 2160 
1478 2160 2162 50 1637 
1479 748 2160 1637 650 
1480 666 2164 2163 720 
1481 2164 651 2165 2163 
1482 2163 2165 667 755 
1483 720 2163 755 664 
1484 632 2168 2166 2167 
1485 2168 681 1490 2166 
1486 2166 1490 682 1057 
1487 2167 2166 1057 612 
1488 680 761 2169 815 
1489 761 668 2170 2169 
1490 2169 2170 689 2171 
1491 815 2169 2171 687 
1492 687 2171 2172 2173 
1493 2171 689 2174 2172 
1494 2172 2174 672 1460 
1495 2173 2172 1460 690 
1496 688 816 2175 2176 
1497 816 687 2173 2175 
1498 2175 2173 690 1516 
1499 2176 2175 1516 673 
1500 691 765 2177 819 
1501 765 694 2178 2177 
1502 2177 2178 680 2179 
1503 819 2177 2179 695 
1504 686 702 2180 2181 
1505 702 559 814 2180 
1506 2180 814 688 2182 
1507 2181 2180 2182 696 
1508 696 2182 2183 2184 
1509 2182 688 2176 2183 
1510 2183 2176 673 2185 
1511 2184 2183 2185 698 
1512 568 2187 2186 858 
1513 2187 747 2188 2186 
1514 2186 2188 746 842 
1515 858 2186 842 653 
1516 651 2190 2189 2165 
1517 2190 751 860 2189 
1518 2189 860 750 854 
1519 2165 2189 854 667 
1520 728 784 2191 823 
1521 784 762 2192 2191 
1522 2191 2192 765 2193 
1523 823 2191 2193 691 
1524 769 800 2194 827 
1525 800 781 2195 2194 
1526 2194 2195 784 2196 
1527 827 2194 2196 728 
1528 788 812 2197 831 
1529 812 797 2198 2197 
1530 2197 2198 800 2199 
1531 831 2197 2199 769 
1532 387 844 2200 846 
1533 844 749 2201 2200 
1534 2200 2201 838 1633 
1535 749 2203 2202 2201 
1536 2203 650 2204 2202 
1537 2202 2204 839 1641 
1538 2201 2202 1641 838 
1539 654 855 2205 1472 
1540 855 753 2206 2205 
1541 2205 2206 845 2207 
1542 1472 2205 2207 674 
1543 753 852 2208 2206 
1544 852 387 2209 2208 
1545 2208 2209 846 2210 
1546 2206 2208 2210 845 
1547 674 2207 2211 1452 
1548 2207 845 2212 2211 
1549 2211 2212 847 1559 
1550 1452 2211 1559 661 
1551 868 2214 2213 910 
1552 2214 870 2215 2213 
1553 2213 2215 280 888 
1554 910 2213 888 308 
1555 872 2217 2216 914 
1556 2217 308 2218 2216 
1557 2216 2218 873 892 
1558 914 2216 892 871 
1559 309 940 2219 920 
1560 940 884 2220 2219 
1561 2219 2220 346 2221 
1562 920 2219 2221 279 
1563 871 2223 2222 918 
1564 2223 892 2224 2222 
1565 2222 2224 891 926 
1566 918 2222 926 882 
1567 934 2227 2225 2226 
1568 2227 936 955 2225 
1569 2225 955 90 944 
1570 2226 2225 944 885 
1571 870 2229 2228 2215 
1572 2229 934 2226 2228 
1573 2228 2226 885 938 
1574 2215 2228 938 280 
1575 941 966 2230 2231 
1576 966 393 979 2230 
1577 2230 979 342 2232 
1578 2231 2230 2232 537 
1579 886 953 2233 2234 
1580 953 941 2231 2233 
1581 2233 2231 537 2235 
1582 2234 2233 2235 281 
1583 947 2237 2236 957 
1584 2237 949 2238 2236 
1585 2236 2238 343 964 
1586 957 2236 964 942 
1587 949 2240 2239 2238 
1588 2240 967 2241 2239 
1589 2239 2241 394 971 
1590 2238 2239 971 343 
1591 393 990 2242 2243 
1592 990 973 995 2242 
1593 2242 995 978 2244 
1594 2243 2242 2244 979 
1595 1025 1036 2245 2246 
1596 2245 1576 558 2247 
1597 2246 2245 2247 1027 
1598 1026 1058 2248 2249 
1599 1058 1025 2246 2248 
1600 2248 2246 1027 2250 
1601 2249 2248 2250 614 
1602 1029 1044 2251 2252 
1603 1044 1028 1579 2251 
1604 2251 1579 1032 2253 
1605 2252 2251 2253 1019 
1606 1020 1561 2254 1544 
1607 1561 1045 2255 2254 
1608 2254 2255 1047 1785 
1609 1544 2254 1785 663 
1610 558 1577 2256 2257 
1611 1577 1021 1073 2256 
1612 2256 1073 1059 2258 
1613 2257 2256 2258 1060 
1614 1060 2258 2259 2260 
1615 2258 1059 1094 2259 
1616 660 1654 2261 1097 
1617 1654 407 2262 2261 
1618 2261 2262 1064 2263 
1619 1097 2261 2263 1063 
1620 1657 1067 2265 2264 
1621 2264 2265 660 2266 
1622 1047 2268 2267 1786 
1623 2268 560 2269 2267 
1624 2267 2269 1070 1836 
1625 1786 2267 1836 1069 
1626 1081 1880 2270 1106 
1627 1880 1083 2271 2270 
1628 2270 2271 406 2272 
1629 1106 2270 2272 1084 
1630 2273 2274 1096 2275 
1631 1101 2273 2275 1079 
1632 2266 660 2277 2276 
1633 2276 2277 1097 2278 
1634 2274 2276 2278 1096 
1635 1017 1107 2279 1305 
1636 1107 1084 2280 2279 
1637 2279 2280 1099 2281 
1638 1305 2279 2281 1100 
1639 1084 2272 2282 2280 
1640 2272 406 2283 2282 
1641 2282 2283 1101 2284 
1642 2280 2282 2284 1099 
1643 1082 1899 2285 1301 
1644 1899 1105 2286 2285 
1645 2285 2286 1103 2287 
1646 1301 2285 2287 1104 
1647 1105 1896 2288 2286 
1648 1896 1081 2289 2288 
1649 2288 2289 1106 2290 
1650 2286 2288 2290 1103 
1651 1104 2287 2291 1328 
1652 2287 1103 2292 2291 
1653 2291 2292 1107 2293 
1654 1328 2291 2293 1017 
1655 446 2295 2294 1164 
1656 2295 1108 1189 2294 
1657 2294 1189 1111 1219 
1658 1164 2294 1219 431 
1659 462 2297 2296 1133 
1660 2297 1112 2298 2296 
1661 2296 2298 1115 1168 
1662 1133 2296 1168 443 
1663 291 1120 2299 2300 
1664 2299 1375 1116 2301 
1665 2300 2299 2301 497 
1666 414 1126 2302 2303 
1667 1126 435 1230 2302 
1668 2302 1230 1121 2304 
1669 2303 2302 2304 505 
1670 447 1165 2305 2306 
1671 1165 431 1218 2305 
1672 2305 1218 1125 2307 
1673 2306 2305 2307 1124 
1674 444 2087 2308 2107 
1675 2087 463 2309 2308 
1676 2308 2309 1127 2310 
1677 2107 2308 2310 521 
1678 463 1134 2311 2309 
1679 1134 443 1167 2311 
1680 2311 1167 1128 2312 
1681 2309 2311 2312 1127 
1682 1125 1220 2313 2314 
1683 1220 1171 1234 2313 
1684 2313 1234 1173 2315 
1685 2314 2313 2315 435 
1686 424 1180 2316 1231 
1687 1180 579 2317 2316 
1688 2316 2317 1174 2318 
1689 1231 2316 2318 1122 
1690 579 2134 2319 2317 
1691 2134 426 2320 2319 
1692 2319 2320 1175 2321 
1693 2317 2319 2321 1174 
1694 1172 1195 2322 1235 
1695 1195 1177 2323 2322 
1696 2322 2323 1180 2324 
1697 1235 2322 2324 424 
1698 1182 1224 2325 2326 
1699 1224 1181 1238 2325 
1700 2325 1238 1185 2327 
1701 2326 2325 2327 1171 
1702 1189 2330 2328 2329 
1703 2330 1188 1205 2328 
1704 2328 1205 1183 1223 
1705 2329 2328 1223 1111 
1706 1184 1211 2331 1239 
1707 1211 1192 2332 2331 
1708 2331 2332 1195 2333 
1709 1239 2331 2333 1172 
1710 1205 2336 2334 2335 
1711 2336 1204 1261 2334 
1712 2334 1261 1198 1227 
1713 2335 2334 1227 1183 
1714 1227 2339 2337 2338 
1715 2339 1198 1265 2337 
1716 2337 1265 1213 1255 
1717 2338 2337 1255 1225 
1718 561 1290 2340 2341 
1719 1290 1092 1304 2340 
1720 2340 1304 1276 2342 
1721 2341 2340 2342 1277 
1722 1091 2344 2343 1362 
1723 2344 1289 1340 2343 
1724 2343 1340 1287 2345 
1725 1362 2343 2345 1288 
1726 1287 1342 2346 2347 
1727 1342 1280 1308 2346 
1728 2346 1308 1092 2348 
1729 2347 2346 2348 1290 
1730 1288 2345 2349 2350 
1731 2345 1287 2347 2349 
1732 2349 2347 1290 2351 
1733 2350 2349 2351 561 
1734 1095 1870 2352 2353 
1735 2353 2352 2354 1291 
1736 1291 2354 2355 1322 
1737 2355 1898 1082 1300 
1738 1322 2355 1300 1281 
1739 1090 2358 2356 2357 
1740 2358 1296 1324 2356 
1741 2356 1324 1294 1345 
1742 2357 2356 1345 1295 
1743 1281 2360 2359 1326 
1744 2360 1300 2361 2359 
1745 2359 2361 1299 1331 
1746 1326 2359 1331 1297 
1747 1316 2364 2362 2363 
1748 2364 1292 1320 2362 
1749 2362 1320 1090 1341 
1750 2363 2362 1341 1289 
1751 1317 2367 2365 2366 
1752 2367 1316 2363 2365 
1753 2365 2363 1289 2344 
1754 2366 2365 2344 1091 
1755 1024 1373 2368 1415 
1756 1373 1286 2369 2368 
1757 2368 2369 1347 2370 
1758 1415 2368 2370 1348 
1759 1286 1353 2371 2369 
1760 1353 561 2341 2371 
1761 2371 2341 1277 2372 
1762 2369 2371 2372 1347 
1763 1350 1363 2373 2374 
1764 1363 1288 2350 2373 
1765 2373 2350 561 2375 
1766 2374 2373 2375 1353 
1767 1027 2247 2376 2377 
1768 2247 558 2257 2376 
1769 2376 2257 1060 2378 
1770 2377 2376 2378 1354 
1771 1354 2378 2379 2380 
1772 2378 1060 2260 2379 
1773 2380 2379 1358 1285 
1774 1355 2383 2381 2382 
1775 2383 1354 2380 2381 
1776 2381 2380 1285 1386 
1777 2382 2381 1386 1022 
1778 1356 2386 2384 2385 
1779 2386 1317 2366 2384 
1780 2384 2366 1091 1361 
1781 2385 2384 1361 1352 
1782 565 2123 2387 2388 
1783 2123 410 1393 2387 
1784 2387 1393 1023 1403 
1785 2388 2387 1403 1364 
1786 1023 2391 2389 2390 
1787 2391 1368 1395 2389 
1788 2389 1395 1366 1407 
1789 2390 2389 1407 1367 
1790 1371 1391 2392 1419 
1791 1391 1370 2393 2392 
1792 2392 2393 1373 2394 
1793 1419 2392 2394 1024 
1794 1365 1404 2395 2396 
1795 1404 292 1378 2395 
1796 2395 1378 1274 2397 
1797 2396 2395 2397 1374 
1798 292 1408 2398 2399 
1799 1408 1369 1414 2398 
1800 2398 1414 1377 2400 
1801 2399 2398 2400 1378 
1802 1385 2402 2401 1436 
1803 2402 1384 2403 2401 
1804 2401 2403 1372 1389 
1805 1436 2401 1389 1284 
1806 1392 2406 2404 2405 
1807 2406 1355 2382 2404 
1808 2404 2382 1022 1396 
1809 2405 2404 1396 1368 
1810 1393 2409 2407 2408 
1811 2409 1392 2405 2407 
1812 2407 2405 1368 2391 
1813 2408 2407 2391 1023 
1814 1395 2412 2410 2411 
1815 2412 1394 1434 2410 
1816 2410 1434 1382 1411 
1817 2411 2410 1411 1366 
1818 1411 2415 2413 2414 
1819 2415 1382 1438 2413 
1820 2413 1438 1398 1431 
1821 2414 2413 1431 1409 
1822 1450 2417 2416 1464 
1823 2417 1452 2418 2416 
1824 2416 2418 661 1563 
1825 1464 2416 1563 1049 
1826 1453 1470 2419 2420 
1827 1470 1456 2421 2419 
1828 2419 2421 675 1603 
1829 2420 2419 1603 1457 
1830 1454 1497 2422 2423 
1831 1497 1453 2420 2422 
1832 2422 2420 1457 2424 
1833 2423 2422 2424 1030 
1834 1456 1483 2425 2421 
1835 1483 1462 2426 2425 
1836 2425 2426 1465 1556 
1837 2421 2425 1556 675 
1838 689 2428 2427 2174 
1839 2428 1471 2429 2427 
1840 2427 2429 1451 1474 
1841 2174 2427 1474 672 
1842 698 2185 2430 2431 
1843 2185 673 1515 2430 
1844 2430 1515 1038 2432 
1845 2431 2430 2432 1489 
1846 1489 2432 2433 2434 
1847 2432 1038 1492 2433 
1848 2433 1492 613 2435 
1849 2434 2433 2435 1035 
1850 1520 2438 2436 2437 
1851 2438 1506 1528 2436 
1852 2436 1528 1468 1525 
1853 2437 2436 1525 1500 
1854 1030 2424 2439 2440 
1855 2424 1457 1602 2439 
1856 2439 1602 1540 2441 
1857 2440 2439 2441 1043 
1858 1043 2441 2442 2443 
1859 2441 1540 1582 2442 
1860 2442 1582 1541 2444 
1861 2443 2442 2444 1028 
1862 1051 1622 2445 1625 
1863 1622 1020 2446 2445 
1864 2445 2446 1544 2447 
1865 1625 2445 2447 1542 
1866 1539 1569 2448 2449 
1867 1569 1048 2450 2448 
1868 2448 2450 1547 1629 
1869 2449 2448 1629 1545 
1870 1032 1580 2451 2452 
1871 1580 1018 1624 2451 
1872 2451 1624 1543 2453 
1873 2452 2451 2453 1575 
1874 1604 2456 2454 2455 
1875 2456 1593 1612 2454 
1876 2454 1612 1551 1609 
1877 2455 2454 1609 1587 
1878 560 2458 2457 2269 
1879 2458 1635 1663 2457 
1880 2457 1663 1644 2459 
1881 2269 2457 2459 1070 
1882 1070 2459 2460 1837 
1883 2459 1644 2461 2460 
1884 2460 2461 1646 2462 
1885 1837 2460 2462 1016 
1886 840 1661 2463 1664 
1887 1661 1643 2464 2463 
1888 2463 2464 1655 2465 
1889 1664 2463 2465 1645 
1890 649 2467 2466 2162 
1891 2467 1671 2468 2466 
1892 2466 2468 1447 1692 
1893 2162 2466 1692 50 
1894 1686 2470 2469 1710 
1895 2470 1689 1737 2469 
1896 2469 1737 1448 1759 
1897 1710 2469 1759 1690 
1898 407 1919 2471 2262 
1899 1919 1449 2472 2471 
1900 2471 2472 1700 2473 
1901 2262 2471 2473 1064 
1902 1449 1706 2474 2472 
1903 1706 655 2475 2474 
1904 2474 2475 1701 2476 
1905 2472 2474 2476 1700 
1906 1446 1711 2477 2478 
1907 1711 1690 1758 2477 
1908 2477 1758 1703 2479 
1909 2478 2477 2479 1704 
1910 655 1718 2480 2475 
1911 1718 1685 1927 2480 
1912 2480 1927 1712 2481 
1913 2475 2480 2481 1701 
1914 1715 1751 2482 2483 
1915 1751 1717 1931 2482 
1916 2482 1931 1685 2484 
1917 2483 2482 2484 1718 
1918 1705 1735 2485 2486 
1919 1735 1715 2483 2485 
1920 2485 2483 1718 2487 
1921 2486 2485 2487 655 
1922 645 2489 2488 1727 
1923 2489 1722 2490 2488 
1924 2488 2490 1679 1741 
1925 1727 2488 1741 383 
1926 1737 2493 2491 2492 
1927 2493 1736 1772 2491 
1928 2491 1772 1733 1763 
1929 2492 2491 1763 1448 
1930 1730 2495 2494 1770 
1931 2495 1765 2496 2494 
1932 2494 2496 1745 1781 
1933 1770 2494 1781 1682 
1934 1784 2498 2497 1799 
1935 2498 1786 2499 2497 
1936 2497 2499 1069 1840 
1937 1799 2497 1840 1087 
1938 1787 1846 2500 1820 
1939 1846 1790 2501 2500 
1940 2500 2501 1085 2502 
1941 1820 2500 2502 1791 
1942 1792 1811 2503 2504 
1943 1811 1788 1819 2503 
1944 2503 1819 1086 2505 
1945 2504 2503 2505 1795 
1946 1796 2507 2506 1830 
1947 2507 1799 2508 2506 
1948 2506 2508 1087 1844 
1949 1830 2506 1844 1789 
1950 1802 2510 2509 1834 
1951 2510 1789 2511 2509 
1952 2509 2511 1803 1848 
1953 1834 2509 1848 1800 
1954 1805 2514 2512 2513 
1955 2514 1797 1828 2512 
1956 2512 1828 1061 1810 
1957 2513 2512 1810 1794 
1958 1086 1821 2515 2516 
1959 1821 1791 2517 2515 
1960 2515 2517 1814 1873 
1961 2516 2515 1873 1815 
1962 1791 2502 2518 2517 
1963 2502 1085 2519 2518 
1964 2518 2519 1816 1865 
1965 2517 2518 1865 1814 
1966 1014 1874 2520 2521 
1967 1874 1817 1885 2520 
1968 2520 1885 1859 2522 
1969 2521 2520 2522 1860 
1970 1859 1887 2523 2524 
1971 1887 1861 1910 2523 
1972 2523 1910 1812 1907 
1973 2524 2523 1907 1862 
1974 1860 2522 2525 2526 
1975 2522 1859 2524 2525 
1976 2525 2524 1862 2527 
1977 2526 2525 2527 1293 
1978 1795 2505 2528 2529 
1979 2505 1086 2516 2528 
1980 2528 2516 1815 2530 
1981 2529 2528 2530 1868 
1982 1868 2530 2531 2532 
1983 2530 1815 1872 2531 
1984 2531 1872 1014 2533 
1985 2532 2531 2533 1870 
1986 1016 2462 2534 1879 
1987 2462 1646 2535 2534 
1988 2534 2535 1875 2536 
1989 1879 2534 2536 1083 
1990 1083 2536 2537 2271 
1991 2536 1875 2538 2537 
1992 2537 2538 1877 2539 
1993 2271 2537 2539 406 
1994 1089 2541 2540 1886 
1995 2541 1858 2542 2540 
1996 2540 2542 1881 1911 
1997 1886 2540 1911 1861 
1998 1293 2527 2543 2544 
1999 2527 1862 1906 2543 
2000 2543 1906 1897 2545 
2001 2544 2543 2545 1898 
2002 101 159 2546 2547 
2003 159 103 1998 2546 
2004 2546 1998 75 2548 
2005 2547 2546 2548 104 
2006 102 199 2549 2550 
2007 199 101 2547 2549 
2008 2549 2547 104 2551 
2009 2550 2549 2551 76 
2010 83 163 2552 2553 
2011 163 109 2001 2552 
2012 2552 2001 156 2554 
2013 2553 2552 2554 157 
2014 106 168 2555 2556 
2015 168 142 2004 2555 
2016 2555 2004 160 2557 
2017 2556 2555 2557 161 
2018 160 2005 2558 2559 
2019 2005 162 2020 2558 
2020 2558 2020 109 2560 
2021 2559 2558 2560 163 
2022 161 2557 2561 2562 
2023 2557 160 2559 2561 
2024 2561 2559 163 2563 
2025 2562 2561 2563 83 
2026 117 202 2564 2565 
2027 202 83 2553 2564 
2028 2564 2553 157 2566 
2029 2565 2564 2566 197 
2030 149 206 2567 2568 
2031 206 106 2556 2567 
2032 2567 2556 161 2569 
2033 2568 2567 2569 200 
2034 200 2569 2570 2571 
2035 2569 161 2562 2570 
2036 2570 2562 83 2572 
2037 2571 2570 2572 202 
2038 240 290 2573 2023 
2039 290 242 2031 2573 
2040 2573 2031 177 2574 
2041 2023 2573 2574 243 
2042 243 2574 2575 2026 
2043 2574 177 2576 2575 
2044 2575 2576 253 2577 
2045 2026 2575 2577 252 
2046 252 2577 2578 273 
2047 2577 253 2579 2578 
2048 2578 2579 180 2580 
2049 273 2578 2580 254 
2050 259 2583 2581 2582 
2051 2583 261 2037 2581 
2052 2581 2037 178 288 
2053 2582 2581 288 241 
2054 239 2586 2584 2585 
2055 2586 259 2582 2584 
2056 2584 2582 241 263 
2057 2585 2584 263 82 
2058 294 336 2587 2588 
2059 336 295 2043 2587 
2060 2587 2043 154 2589 
2061 2588 2587 2589 296 
2062 250 321 2590 2591 
2063 321 294 2588 2590 
2064 2590 2588 296 2592 
2065 2591 2590 2592 153 
2066 177 2032 2593 2576 
2067 2032 286 2594 2593 
2068 2593 2594 316 2595 
2069 2576 2593 2595 253 
2070 286 897 2596 2594 
2071 897 179 2597 2596 
2072 2596 2597 317 2598 
2073 2594 2596 2598 316 
2074 316 2598 2599 2600 
2075 2598 317 2601 2599 
2076 2599 2601 91 324 
2077 2600 2599 324 298 
2078 253 2595 2602 2579 
2079 2595 316 2600 2602 
2080 2602 2600 298 2603 
2081 2579 2602 2603 180 
2082 179 878 2604 2597 
2083 878 310 2605 2604 
2084 2604 2605 327 2606 
2085 2597 2604 2606 317 
2086 310 921 2607 2605 
2087 921 279 2608 2607 
2088 2607 2608 328 2609 
2089 2605 2607 2609 327 
2090 327 2609 2610 2611 
2091 2609 328 2612 2610 
2092 2610 2612 282 339 
2093 2611 2610 339 319 
2094 317 2606 2613 2601 
2095 2606 327 2611 2613 
2096 2613 2611 319 2040 
2097 2601 2613 2040 91 
2098 279 2221 2614 2608 
2099 2221 346 2615 2614 
2100 2614 2615 345 2616 
2101 2608 2614 2616 328 
2102 328 2616 2617 2612 
2103 2616 345 2618 2617 
2104 2617 2618 334 2046 
2105 2612 2617 2046 282 
2106 456 2620 2619 2093 
2107 2620 455 2621 2619 
2108 2619 2621 445 461 
2109 2093 2619 461 278 
2110 278 2623 2622 2102 
2111 2623 461 2624 2622 
2112 2622 2624 459 2086 
2113 2102 2622 2086 460 
2114 461 2626 2625 2624 
2115 2626 445 2627 2625 
2116 2625 2627 462 1132 
2117 2624 2625 1132 459 
2118 332 502 2628 2629 
2119 502 291 2300 2628 
2120 2628 2300 497 2630 
2121 2629 2628 2630 495 
2122 438 510 2631 2632 
2123 510 414 2303 2631 
2124 2631 2303 505 2633 
2125 2632 2631 2633 503 
2126 537 2232 2634 2635 
2127 2232 342 2069 2634 
2128 2634 2069 417 2636 
2129 2635 2634 2636 536 
2130 536 2636 2637 2638 
2131 2636 417 539 2637 
2132 2637 539 330 2639 
2133 2638 2637 2639 349 
2134 552 2641 2640 2117 
2135 2641 554 2642 2640 
2136 2640 2642 277 2061 
2137 275 2644 2643 976 
2138 2644 556 2645 2643 
2139 2643 2645 555 2119 
2140 976 2643 2119 395 
2141 555 2647 2646 2120 
2142 2647 557 2648 2646 
2143 2646 2648 388 2077 
2144 2120 2646 2077 429 
2145 574 2137 2649 587 
2146 2137 563 2149 2649 
2147 2649 2149 575 2650 
2148 587 2649 2650 572 
2149 573 588 2651 2133 
2150 588 572 2652 2651 
2151 2651 2652 576 2653 
2152 2133 2651 2653 426 
2153 648 2655 2654 2159 
2154 2655 386 2656 2654 
2155 2654 2656 649 2161 
2156 2159 2654 2161 647 
2157 607 2659 2657 2658 
2158 2659 671 697 2657 
2159 2657 697 681 2168 
2160 2658 2657 2168 632 
2161 554 2661 2660 2642 
2162 2661 706 2662 2660 
2163 2660 2662 567 732 
2164 2642 2660 732 277 
2165 746 2664 2663 843 
2166 2664 748 2665 2663 
2167 2663 2665 650 2203 
2168 843 2663 2203 749 
2169 845 2210 2666 2212 
2170 2210 846 2667 2666 
2171 2666 2667 662 2668 
2172 2212 2666 2668 847 
2173 884 946 2669 2220 
2174 946 886 2234 2669 
2175 2669 2234 281 2670 
2176 2220 2669 2670 346 
2177 967 2672 2671 2241 
2178 2672 969 2673 2671 
2179 2671 2673 275 975 
2180 2241 2671 975 394 
2181 1035 2435 2674 2675 
2182 2435 613 1041 2674 
2183 2674 1041 1029 2676 
2184 2675 2674 2676 1033 
2185 1033 2676 2677 2678 
2186 2676 1029 2252 2677 
2187 2677 2252 1019 2679 
2188 2678 2677 2679 1036 
2189 847 2668 2680 1560 
2190 2668 662 2681 2680 
2191 2680 2681 1046 2682 
2192 1560 2680 2682 1045 
2193 1045 2682 2683 2255 
2194 2682 1046 2684 2683 
2195 2683 2684 560 2268 
2196 2255 2683 2268 1047 
2197 1103 2290 2685 2292 
2198 2290 1106 2686 2685 
2199 2685 2686 1084 2687 
2200 2292 2685 2687 1107 
2201 433 2689 2688 1114 
2202 2689 1109 2690 2688 
2203 2688 2690 1108 2295 
2204 1114 2688 2295 446 
2205 1109 2692 2691 2690 
2206 2692 425 2693 2691 
2207 2691 2693 1110 1190 
2208 2690 2691 1190 1108 
2209 455 2695 2694 2621 
2210 2695 458 2696 2694 
2211 2694 2696 433 1113 
2212 2621 2694 1113 445 
2213 445 2698 2697 2627 
2214 2698 1113 2699 2697 
2215 2697 2699 1112 2297 
2216 2627 2697 2297 462 
2217 432 1129 2700 2701 
2218 1129 447 2306 2700 
2219 2700 2306 1124 2702 
2220 2701 2700 2702 509 
2221 1124 2307 2703 2704 
2222 2307 1125 2314 2703 
2223 2703 2314 435 2705 
2224 2704 2703 2705 1126 
2225 509 2702 2706 2707 
2226 2702 1124 2704 2706 
2227 2706 2704 1126 2708 
2228 2707 2706 2708 414 
2229 425 2710 2709 2693 
2230 2710 1187 2711 2709 
2231 2709 2711 1186 1202 
2232 2693 2709 1202 1110 
2233 1062 2714 2712 2713 
2234 2714 1095 2353 2712 
2235 2712 2353 1291 1321 
2236 2713 2712 1321 1292 
2237 1318 2717 2715 2716 
2238 2717 1062 2713 2715 
2239 2715 2713 1292 2364 
2240 2716 2715 2364 1316 
2241 614 2250 2718 2719 
2242 2250 1027 2377 2718 
2243 2718 2377 1354 2383 
2244 2719 2718 2383 1355 
2245 409 2125 2720 2721 
2246 2125 565 2388 2720 
2247 2720 2388 1364 2722 
2248 2721 2720 2722 1119 
2249 1119 2722 2723 2724 
2250 2722 1364 1402 2723 
2251 2723 1402 1365 2725 
2252 2724 2723 2725 411 
2253 411 2725 2726 2727 
2254 2725 1365 2396 2726 
2255 2726 2396 1374 2728 
2256 2727 2726 2728 1375 
2257 1054 2731 2729 2730 
2258 2731 614 2719 2729 
2259 2729 2719 1355 2406 
2260 2730 2729 2406 1392 
2261 1451 2733 2732 1475 
2262 2733 674 2734 2732 
2263 2732 2734 1452 2417 
2264 1475 2732 2417 1450 
2265 1462 2736 2735 2426 
2266 2736 1464 2737 2735 
2267 2735 2737 1049 1590 
2268 2426 2735 1590 1465 
2269 668 2739 2738 2170 
2270 2739 757 2740 2738 
2271 2738 2740 1471 2428 
2272 2170 2738 2428 689 
2273 1471 2742 2741 2429 
2274 2742 1472 2743 2741 
2275 2741 2743 674 2733 
2276 2429 2741 2733 1451 
2277 1031 1553 2744 2745 
2278 1553 1539 2449 2744 
2279 2744 2449 1545 2746 
2280 2745 2744 2746 1546 
2281 1546 2746 2747 2748 
2282 2746 1545 1628 2747 
2283 2747 1628 1548 2749 
2284 2748 2747 2749 1018 
2285 1019 2253 2750 2751 
2286 2253 1032 2452 2750 
2287 2750 2452 1575 2752 
2288 2751 2750 2752 1576 
2289 1541 1584 2753 2754 
2290 1584 1031 2745 2753 
2291 2753 2745 1546 2755 
2292 2754 2753 2755 1578 
2293 1578 2755 2756 2757 
2294 2755 1546 2748 2756 
2295 2756 2748 1018 2758 
2296 2757 2756 2758 1580 
2297 1046 2760 2759 2684 
2298 2760 1632 1648 2759 
2299 2759 1648 1635 2458 
2300 2684 2759 2458 560 
2301 1644 1665 2761 2461 
2302 1665 1645 2762 2761 
2303 2761 2762 1066 2763 
2304 2461 2761 2763 1646 
2305 1645 2465 2764 2762 
2306 2465 1655 2765 2764 
2307 2764 2765 1657 2766 
2308 2762 2764 2766 1066 
2309 386 2768 2767 2656 
2310 2768 1672 2769 2767 
2311 2767 2769 1671 2467 
2312 2656 2767 2467 649 
2313 1671 2771 2770 2468 
2314 2771 1673 2772 2770 
2315 2770 2772 646 1688 
2316 2468 2770 1688 1447 
2317 1703 1760 2773 2774 
2318 1760 1705 2486 2773 
2319 2773 2486 655 2775 
2320 2774 2773 2775 1706 
2321 1704 2479 2776 2777 
2322 2479 1703 2774 2776 
2323 2776 2774 1706 2778 
2324 2777 2776 2778 1449 
2325 380 2780 2779 2156 
2326 2780 1723 2781 2779 
2327 2779 2781 1722 2489 
2328 2156 2779 2489 645 
2329 1673 2783 2782 2772 
2330 2783 1725 2784 2782 
2331 2782 2784 1683 1729 
2332 2772 2782 1729 646 
2333 1816 2786 2785 1866 
2334 2786 1856 2787 2785 
2335 2785 2787 1858 2541 
2336 1866 2785 2541 1089 
2337 1646 2763 2788 2535 
2338 2763 1066 2789 2788 
2339 2788 2789 1876 2790 
2340 2535 2788 2790 1875 
2341 1875 2790 2791 2538 
2342 2790 1876 2792 2791 
2343 2791 2792 1068 2793 
2344 2538 2791 2793 1877 
2345 557 2795 2794 2648 
2346 2795 2060 2796 2794 
2347 2794 2796 570 2127 
2348 2648 2794 2127 388 
2349 458 2798 2797 2696 
2350 2798 2082 2799 2797 
2351 2797 2799 1109 2689 
2352 2696 2797 2689 433 
2353 969 2801 2800 2673 
2354 2801 2115 2802 2800 
2355 2800 2802 556 2644 
2356 2673 2800 2644 275 
2357 426 2653 2803 2320 
2358 2653 576 2804 2803 
2359 2803 2804 2124 2805 
2360 2320 2803 2805 1175 
2361 1036 2679 2806 2807 
2362 2679 1019 2751 2806 
2363 2806 2751 1576 2808 
2364 2807 2806 2808 2245 
2365 1066 2766 2809 2789 
2366 2766 1657 2810 2809 
2367 2809 2810 2264 2811 
2368 2789 2809 2811 1876 
2369 1876 2811 2812 2792 
2370 2811 2264 2813 2812 
2371 2812 2813 2266 2814 
2372 2792 2812 2814 1068 
2373 406 2539 2815 2283 
2374 2539 1877 2816 2815 
2375 2815 2816 2273 2817 
2376 2283 2815 2817 1101 
2377 1877 2793 2818 2816 
2378 2793 1068 2819 2818 
2379 2818 2819 2274 2820 
2380 2816 2818 2820 2273 
2381 1068 2814 2821 2819 
2382 2814 2266 2822 2821 
2383 2821 2822 2276 2823 
2384 2819 2821 2823 2274 
2385 1870 2533 2824 2825 
2386 2533 1014 2521 2824 
2387 2824 2521 1860 2826 
2388 2825 2824 2826 2352 
2389 2352 2826 2827 2828 
2390 2826 1860 2526 2827 
2391 2827 2526 1293 2829 
2392 2828 2827 2829 2354 
2393 2354 2829 2830 2831 
2394 2829 1293 2544 2830 
2395 2830 2544 1898 2832 
2396 2831 2830 2832 2355 
2397 237 2835 2833 2834 
2398 2835 239 2585 2833 
2399 2833 2585 82 246 
2400 2834 2833 246 182 
2401 172 2838 2836 2837 
2402 2838 237 2834 2836 
2403 2836 2834 182 2010 
2404 2837 2836 2010 107 
2405 249 300 2839 2840 
2406 300 250 2591 2839 
2407 2839 2591 153 2841 
2408 2840 2839 2841 251 
2409 158 269 2842 2843 
2410 269 249 2840 2842 
2411 2842 2840 251 2844 
2412 2843 2842 2844 103 
2413 180 2603 2845 2846 
2414 2603 298 323 2845 
2415 2845 323 297 2847 
2416 2846 2845 2847 268 
2417 346 2670 2848 2615 
2418 2670 281 2849 2848 
2419 2848 2849 347 2850 
2420 2615 2848 2850 345 
2421 345 2850 2851 2618 
2422 2850 347 2852 2851 
2423 2851 2852 5 354 
2424 2618 2851 354 334 
2425 349 2639 2853 2854 
2426 2639 330 420 2853 
2427 2853 420 350 2855 
2428 2854 2853 2855 348 
2429 348 2855 2856 2857 
2430 2855 350 2066 2856 
2431 2856 2066 329 2858 
2432 2857 2856 2858 351 
2433 154 2044 2859 2860 
2434 2044 332 2629 2859 
2435 2859 2629 495 2861 
2436 2860 2859 2861 496 
2437 412 2081 2862 2863 
2438 2081 438 2632 2862 
2439 2862 2632 503 2864 
2440 2863 2862 2864 504 
2441 454 522 2865 2866 
2442 522 432 2701 2865 
2443 2865 2701 509 2867 
2444 2866 2865 2867 507 
2445 507 2867 2868 2869 
2446 2867 509 2707 2868 
2447 2868 2707 414 2870 
2448 2869 2868 2870 510 
2449 281 2235 2871 2849 
2450 2235 537 2635 2871 
2451 2871 2635 536 2872 
2452 2849 2871 2872 347 
2453 347 2872 2873 2852 
2454 2872 536 2638 2873 
2455 2873 2638 349 2874 
2456 2852 2873 2874 5 
2457 556 2876 2875 2645 
2458 2876 389 2877 2875 
2459 2875 2877 557 2647 
2460 2645 2875 2647 555 
2461 572 2650 2878 2652 
2462 2650 575 2879 2878 
2463 2878 2879 562 2880 
2464 2652 2878 2880 576 
2465 575 2150 2881 2879 
2466 2150 619 2882 2881 
2467 2881 2882 621 2883 
2468 2879 2881 2883 562 
2469 618 2885 2884 1005 
2470 2885 607 2658 2884 
2471 2884 2658 632 2886 
2472 1005 2884 2886 631 
2473 631 2886 2887 2888 
2474 2886 632 2167 2887 
2475 2887 2167 612 2889 
2476 2888 2887 2889 633 
2477 620 1006 2890 2891 
2478 1006 631 2888 2890 
2479 2890 2888 633 2892 
2480 2891 2890 2892 564 
2481 617 2895 2893 2894 
2482 2895 669 684 2893 
2483 2893 684 671 2659 
2484 2894 2893 2659 607 
2485 706 2897 2896 2662 
2486 2897 708 2898 2896 
2487 2896 2898 384 711 
2488 2662 2896 711 567 
2489 747 2900 2899 2188 
2490 2900 647 2901 2899 
2491 2899 2901 748 2664 
2492 2188 2899 2664 746 
2493 679 2903 2902 760 
2494 2903 754 2904 2902 
2495 2902 2904 757 2739 
2496 760 2902 2739 668 
2497 633 2889 2905 2906 
2498 2889 612 1056 2905 
2499 2905 1056 1026 2907 
2500 2906 2905 2907 1052 
2501 1052 2907 2908 2909 
2502 2907 1026 2249 2908 
2503 2908 2249 614 2731 
2504 2909 2908 2731 1054 
2505 1094 2912 2910 2911 
2506 2912 1093 1869 2910 
2507 2910 1869 1095 2714 
2508 2911 2910 2714 1062 
2509 427 1176 2913 2914 
2510 1176 409 2721 2913 
2511 2913 2721 1119 2915 
2512 2914 2913 2915 1118 
2513 1118 2915 2916 2917 
2514 2915 1119 2724 2916 
2515 2916 2724 411 2918 
2516 2917 2916 2918 1120 
2517 1015 2921 2919 2920 
2518 2921 1318 2716 2919 
2519 2919 2716 1316 2367 
2520 2920 2919 2367 1317 
2521 1358 2924 2922 2923 
2522 2924 1015 2920 2922 
2523 2922 2920 1317 2386 
2524 2923 2922 2386 1356 
2525 410 2927 2925 2926 
2526 2927 1054 2730 2925 
2527 2925 2730 1392 2409 
2528 2926 2925 2409 1393 
2529 1463 2929 2928 1482 
2530 2929 1450 2930 2928 
2531 2928 2930 1464 2736 
2532 1482 2928 2736 1462 
2533 757 2932 2931 2740 
2534 2932 654 2933 2931 
2535 2931 2933 1472 2742 
2536 2740 2931 2742 1471 
2537 1473 2935 2934 1504 
2538 2935 1475 2936 2934 
2539 2934 2936 1450 2929 
2540 1504 2934 2929 1463 
2541 1028 2444 2937 2938 
2542 2444 1541 2754 2937 
2543 2937 2754 1578 2939 
2544 2938 2937 2939 1579 
2545 1579 2939 2940 2941 
2546 2939 1578 2757 2940 
2547 2940 2757 1580 2942 
2548 2941 2940 2942 1032 
2549 662 2944 2943 2681 
2550 2944 1633 2945 2943 
2551 2943 2945 1632 2760 
2552 2681 2943 2760 1046 
2553 1633 2947 2946 2945 
2554 2947 838 2948 2946 
2555 2946 2948 1634 1649 
2556 2945 2946 1649 1632 
2557 838 2950 2949 2948 
2558 2950 1641 2951 2949 
2559 2949 2951 1640 1659 
2560 2948 2949 1659 1634 
2561 1672 2953 2952 2769 
2562 2953 643 2954 2952 
2563 2952 2954 1673 2771 
2564 2769 2952 2771 1671 
2565 643 2956 2955 2954 
2566 2956 1726 2957 2955 
2567 2955 2957 1725 2783 
2568 2954 2955 2783 1673 
2569 1725 2959 2958 2784 
2570 2959 1727 2960 2958 
2571 2958 2960 383 1766 
2572 2784 2958 1766 1683 
2573 1085 2962 2961 2519 
2574 2962 1842 2963 2961 
2575 2961 2963 1856 2786 
2576 2519 2961 2786 1816 
2577 296 2589 2964 2965 
2578 2589 154 2860 2964 
2579 2964 2860 496 2966 
2580 2965 2964 2966 1994 
2581 708 2968 2967 2898 
2582 2968 2057 2969 2967 
2583 2967 2969 648 2158 
2584 2898 2967 2158 384 
2585 389 2971 2970 2877 
2586 2971 2061 2972 2970 
2587 2970 2972 2060 2795 
2588 2877 2970 2795 557 
2589 2060 2974 2973 2796 
2590 2974 731 2975 2973 
2591 2973 2975 390 2130 
2592 2796 2973 2130 570 
2593 2082 2977 2976 2799 
2594 2977 2084 2978 2976 
2595 2976 2978 425 2692 
2596 2799 2976 2692 1109 
2597 2115 2980 2979 2802 
2598 2980 2117 2981 2979 
2599 2979 2981 389 2876 
2600 2802 2979 2876 556 
2601 576 2880 2982 2804 
2602 2880 562 2983 2982 
2603 2982 2983 2122 2984 
2604 2804 2982 2984 2124 
2605 2084 2986 2985 2978 
2606 2986 2141 2987 2985 
2607 2985 2987 1187 2710 
2608 2978 2985 2710 425 
2609 846 2989 2988 2667 
2610 2989 2200 2990 2988 
2611 2988 2990 1633 2944 
2612 2667 2988 2944 662 
2613 2259 2993 2991 2992 
2614 2993 1094 2911 2991 
2615 2991 2911 1062 2717 
2616 2992 2991 2717 1318 
2617 2260 2996 2994 2995 
2618 2996 2259 2992 2994 
2619 2994 2992 1318 2921 
2620 2995 2994 2921 1015 
2621 1120 2918 2997 2998 
2622 2918 411 2727 2997 
2623 2997 2727 1375 2999 
2624 2998 2997 2999 2299 
2625 2379 3002 3000 3001 
2626 3002 2260 2995 3000 
2627 3000 2995 1015 2924 
2628 3001 3000 2924 1358 
2629 2117 3004 3003 2981 
2630 3004 2640 3005 3003 
2631 3003 3005 2061 2971 
2632 2981 3003 2971 389 
