2 0.000000 100.000000 335.864767
2827 2479 
1 -220.509466 0.000000 -223.956064 99.024181 -0.001606 13.917556 0.000051 
2 263.833875 0.000000 -223.956064 99.025757 -0.012648 13.901124 0.000066 
3 263.833875 0.000000 230.086264 99.032961 0.019751 13.889096 -0.000043 
4 -220.509466 0.000000 230.086264 99.029874 0.002402 13.917793 -0.000062 
5 21.662204 0.000000 3.065100 106.988207 -0.056088 0.768545 -0.144707 
6 -220.509466 0.000000 3.065100 99.026520 0.000375 13.920467 -0.000003 
7 21.662204 0.000000 -223.956064 99.019024 -0.006851 13.907897 0.000180 
8 263.833875 0.000000 3.065100 99.148473 -0.111817 13.038740 -0.000044 
9 21.662204 0.000000 230.086264 99.038204 0.009133 13.905883 -0.000194 
10 -99.423631 0.000000 -110.445482 99.015646 -0.003011 13.917204 0.000221 
11 -220.509466 0.000000 -110.445482 99.024173 -0.000916 13.919001 0.000047 
12 -99.423631 0.000000 -223.956064 99.021166 -0.003352 13.915218 0.000118 
13 21.662204 0.000000 -110.445482 98.997522 -0.012613 13.878606 0.000687 
14 -99.423631 0.000000 3.065100 99.021918 -0.000028 13.930176 0.000061 
15 142.748040 0.000000 -110.445482 99.022225 -0.024043 13.851944 0.000272 
16 142.748040 0.000000 -223.956064 99.022338 -0.010732 13.901584 0.000132 
17 263.833875 0.000000 -110.445482 99.030451 -0.025235 13.864483 0.000075 
18 142.748040 0.000000 3.065100 99.328641 -0.212933 11.693582 -0.000296 
19 -99.423631 0.000000 116.575682 99.038553 0.003948 13.920215 -0.000241 
20 -220.509466 0.000000 116.575682 99.029426 0.001698 13.919472 -0.000058 
21 21.662204 0.000000 116.575682 99.073174 0.015067 13.873037 -0.000796 
22 -99.423631 0.000000 230.086264 99.033923 0.004551 13.915469 -0.000136 
23 -38.880713 0.000000 -53.690191 98.991625 -0.000463 13.879155 0.000803 
24 -99.423631 0.000000 -53.690191 99.013945 -0.002022 13.922632 0.000240 
25 -38.880713 0.000000 -110.445482 99.004401 -0.006259 13.906627 0.000473 
26 21.662204 0.000000 -53.690191 99.080512 -0.086257 13.746984 -0.000593 
27 -38.880713 0.000000 3.065100 98.950917 0.099095 13.916166 0.001505 
28 142.748040 0.000000 116.575682 99.050022 0.038776 13.809698 -0.000162 
29 263.833875 0.000000 116.575682 99.049081 0.053200 13.767621 -0.000027 
30 142.748040 0.000000 230.086264 99.035665 0.015202 13.894958 -0.000113 
31 82.205122 0.000000 -53.690191 99.035085 -0.070720 13.698808 0.000439 
32 82.205122 0.000000 -110.445482 99.009301 -0.019865 13.854652 0.000521 
33 142.748040 0.000000 -53.690191 99.039816 -0.048480 13.705723 0.000327 
34 82.205122 0.000000 3.065100 99.344839 -0.351927 11.117750 0.000687 
35 -38.880713 0.000000 59.820391 99.052167 0.023677 13.921397 -0.000514 
36 -99.423631 0.000000 59.820391 99.035370 0.001892 13.927276 -0.000197 
37 21.662204 0.000000 59.820391 99.117752 0.068497 13.755143 -0.001354 
38 -38.880713 0.000000 116.575682 99.055151 0.007243 13.911908 -0.000546 
39 -8.609254 0.000000 -25.312545 98.661782 -0.049996 13.718055 0.007767 
40 -38.880713 0.000000 -25.312545 98.962256 0.011625 13.861193 0.001434 
41 -8.609254 0.000000 -53.690191 99.010951 -0.030544 13.806002 0.000623 
42 21.662204 0.000000 -25.312545 98.903832 -0.377833 13.238707 0.004263 
43 -8.609254 0.000000 3.065100 97.857321 0.145237 14.262377 0.022051 
44 82.205122 0.000000 59.820391 99.086946 0.081909 13.550219 -0.000184 
45 142.748040 0.000000 59.820391 99.099019 0.108041 13.422244 -0.000078 
46 82.205122 0.000000 116.575682 99.061373 0.028045 13.830844 -0.000445 
47 51.933663 0.000000 -25.312545 98.976126 -0.127235 13.215571 0.002906 
48 51.933663 0.000000 -53.690191 99.071851 -0.105402 13.732952 -0.000384 
49 82.205122 0.000000 -25.312545 99.088877 -0.209134 13.242992 0.000597 
50 51.933663 0.000000 3.065100 97.989221 -0.256483 14.936972 0.017493 
51 -8.609254 0.000000 31.442745 99.254067 0.366019 14.076421 -0.004965 
52 -38.880713 0.000000 31.442745 99.013879 0.037939 13.928760 0.000224 
53 21.662204 0.000000 31.442745 99.636131 0.382626 13.349852 -0.010572 
54 -8.609254 0.000000 59.820391 99.081496 0.048212 13.880050 -0.000980 
55 6.526475 0.000000 -11.123723 98.247750 -0.132923 12.001669 0.020332 
56 -8.609254 0.000000 -11.123723 98.214510 0.048203 13.582458 0.016942 
57 6.526475 0.000000 -25.312545 98.523677 -0.347853 13.364634 0.011435 
58 21.662204 0.000000 -11.123723 99.932958 -0.151284 11.398891 -0.011655 
59 6.526475 0.000000 3.065100 95.490013 -0.395869 29.616346 0.000437 
60 -159.966548 0.000000 -53.690191 99.022519 -0.000767 13.921267 0.000074 
61 -220.509466 0.000000 -53.690191 99.025003 -0.000329 13.919919 0.000028 
62 -159.966548 0.000000 -110.445482 99.021579 -0.001590 13.919063 0.000099 
63 -159.966548 0.000000 3.065100 99.025760 0.000362 13.922952 0.000005 
64 -69.152172 0.000000 -25.312545 98.992929 0.031151 13.942947 0.000599 
65 -99.423631 0.000000 -25.312545 99.016194 -0.001151 13.926857 0.000184 
66 -69.152172 0.000000 -53.690191 99.010458 0.040038 13.904452 0.000359 
67 -69.152172 0.000000 3.065100 99.007962 0.028695 13.933416 0.000328 
68 -23.744984 0.000000 -11.123723 98.775317 0.204846 13.909230 0.004993 
69 -38.880713 0.000000 -11.123723 98.943033 0.066676 13.884646 0.001749 
70 -23.744984 0.000000 -25.312545 98.856186 0.008995 13.860419 0.003534 
71 -23.744984 0.000000 3.065100 98.802873 0.301887 14.049035 0.004053 
72 51.933663 0.000000 31.442745 99.195956 0.217335 12.781603 -0.000325 
73 82.205122 0.000000 31.442745 99.145024 0.184497 12.653146 0.001013 
74 51.933663 0.000000 59.820391 99.082397 0.079029 13.626947 -0.000302 
75 6.526475 0.000000 17.253923 99.922692 0.199045 14.455064 -0.019353 
76 -8.609254 0.000000 17.253923 99.343781 -0.146212 14.576672 -0.008169 
77 21.662204 0.000000 17.253923 100.833885 0.085363 12.373544 -0.032058 
78 6.526475 0.000000 31.442745 99.588189 0.457604 13.855464 -0.010999 
79 -1.041390 0.000000 -4.029311 92.118612 0.261274 8.881506 0.143521 
80 -8.609254 0.000000 -4.029311 97.664288 0.025029 13.765503 0.027220 
81 -1.041390 0.000000 -11.123723 97.923663 -0.031134 12.331008 0.025890 
82 6.526475 0.000000 -4.029311 100.662370 -0.360681 -20.177620 -0.054018 
83 -1.041390 0.000000 3.065100 96.053484 0.352889 17.338577 0.047298 
84 36.797934 0.000000 -11.123723 98.575547 -0.069263 13.306647 0.010579 
85 36.797934 0.000000 -25.312545 99.110619 -0.333555 13.339588 -0.000097 
86 51.933663 0.000000 -11.123723 98.836412 -0.258134 12.325312 0.007938 
87 36.797934 0.000000 3.065100 102.728334 -0.001854 5.758812 -0.058627 
88 14.094340 0.000000 -4.029311 87.786680 -0.322466 -1.821393 0.229008 
89 14.094340 0.000000 -11.123723 98.027149 0.301237 11.248916 0.026405 
90 21.662204 0.000000 -4.029311 114.515498 -0.052860 17.874206 -0.343329 
91 14.094340 0.000000 3.065100 107.115871 -0.288321 3.453042 -0.148582 
92 -159.966548 0.000000 59.820391 99.029782 0.001547 13.922373 -0.000073 
93 -220.509466 0.000000 59.820391 99.028220 0.001090 13.920271 -0.000036 
94 -159.966548 0.000000 116.575682 99.031970 0.002472 13.920231 -0.000110 
95 -69.152172 0.000000 31.442745 99.033450 0.028605 13.957005 -0.000242 
96 -99.423631 0.000000 31.442745 99.029426 0.001227 13.930339 -0.000088 
97 -69.152172 0.000000 59.820391 99.044578 0.003048 13.931842 -0.000392 
98 -23.744984 0.000000 17.253923 98.993241 0.316114 14.100002 0.000143 
99 -38.880713 0.000000 17.253923 98.979788 0.040021 13.930158 0.000895 
100 -23.744984 0.000000 31.442745 99.063951 0.179483 13.990587 -0.000944 
101 -1.041390 0.000000 10.159511 98.766926 0.346928 15.462037 0.000590 
102 -8.609254 0.000000 10.159511 98.764251 0.004983 14.582686 0.003297 
103 6.526475 0.000000 10.159511 100.027696 0.228638 16.117115 -0.026535 
104 -1.041390 0.000000 17.253923 99.916121 0.077440 14.626922 -0.019718 
105 2.742543 0.000000 -0.482106 95.136953 -0.095030 28.531758 0.013489 
106 -1.041390 0.000000 -0.482106 88.877258 0.289301 19.889288 0.170517 
107 2.742543 0.000000 -4.029311 94.804803 -0.019803 5.143731 0.098559 
108 6.526475 0.000000 -0.482106 -10.960035 -0.388804 -0.680479 0.987926 
109 2.742543 0.000000 3.065100 95.621571 0.105226 20.671283 0.042920 
110 -16.177119 0.000000 -4.029311 98.395468 0.137398 14.438433 0.010984 
111 -23.744984 0.000000 -4.029311 98.757539 0.238811 13.981938 0.005140 
112 -16.177119 0.000000 -11.123723 98.455931 0.174173 14.054281 0.010888 
113 -16.177119 0.000000 3.065100 98.646689 0.117734 14.627674 0.005485 
114 -4.825322 0.000000 -0.482106 96.113306 -0.011725 14.333934 0.055677 
115 -8.609254 0.000000 -0.482106 97.659960 0.051459 14.162195 0.026196 
116 -4.825322 0.000000 -4.029311 96.325250 -0.039390 13.207303 0.054701 
117 -4.825322 0.000000 3.065100 97.116144 0.064190 14.953181 0.034485 
118 -38.880713 0.000000 -167.200773 99.014841 -0.005530 13.909901 0.000258 
119 -99.423631 0.000000 -167.200773 99.018810 -0.003349 13.915481 0.000163 
120 -38.880713 0.000000 -223.956064 99.019534 -0.004879 13.912150 0.000158 
121 21.662204 0.000000 -167.200773 99.013252 -0.008774 13.900410 0.000315 
122 -8.609254 0.000000 -82.067836 99.009712 -0.017966 13.867582 0.000477 
123 -38.880713 0.000000 -82.067836 99.010627 0.031501 13.892603 0.000389 
124 -8.609254 0.000000 -110.445482 98.998986 -0.008954 13.893941 0.000616 
125 21.662204 0.000000 -82.067836 99.017361 -0.034434 13.845124 0.000387 
126 6.526475 0.000000 -39.501368 98.963909 -0.320887 13.632197 0.002020 
127 -8.609254 0.000000 -39.501368 98.974876 -0.095778 13.720817 0.001570 
128 6.526475 0.000000 -53.690191 99.032825 -0.056758 13.775594 0.000273 
129 21.662204 0.000000 -39.501368 99.009589 -0.502687 13.576104 0.001254 
130 -1.041390 0.000000 -18.218134 97.925123 -0.044553 13.399489 0.023112 
131 -8.609254 0.000000 -18.218134 98.144636 0.039066 13.920411 0.017385 
132 -1.041390 0.000000 -25.312545 98.541413 -0.340413 13.585377 0.010491 
133 6.526475 0.000000 -18.218134 98.021782 0.141100 12.827918 0.022715 
134 2.742543 0.000000 -7.576517 96.851756 0.177585 10.212113 0.051542 
135 -1.041390 0.000000 -7.576517 96.759553 0.075745 11.618294 0.050260 
136 2.742543 0.000000 -11.123723 97.804190 0.192407 12.053508 0.028902 
137 6.526475 0.000000 -7.576517 98.497339 -0.139260 9.583695 0.020641 
138 0.850577 0.000000 -2.255709 92.998888 0.109506 -18.500025 0.100894 
139 -1.041390 0.000000 -2.255709 80.118873 0.313153 10.801897 0.346419 
140 0.850577 0.000000 -4.029311 95.201822 0.133910 3.863964 0.092166 
141 2.742543 0.000000 -2.255709 98.186033 0.010477 6.852354 0.031255 
142 0.850577 0.000000 -0.482106 93.467966 0.027833 38.540016 -0.022159 
143 -4.825322 0.000000 -7.576517 97.269330 0.058737 12.949978 0.037097 
144 -8.609254 0.000000 -7.576517 97.971772 0.023275 13.403126 0.022189 
145 -4.825322 0.000000 -11.123723 98.111088 -0.001823 12.934399 0.020692 
146 -2.933356 0.000000 -2.255709 93.310929 0.159911 13.609752 0.110782 
147 -4.825322 0.000000 -2.255709 95.990519 -0.046337 13.679754 0.059868 
148 -2.933356 0.000000 -4.029311 94.681170 0.037076 12.275165 0.088479 
149 -2.933356 0.000000 -0.482106 93.898312 0.227901 15.406642 0.094569 
150 0.850577 0.000000 -5.802914 95.787535 0.250751 9.202549 0.074000 
151 -1.041390 0.000000 -5.802914 95.463714 0.199944 10.814712 0.076968 
152 0.850577 0.000000 -7.576517 96.772052 0.186874 10.936336 0.051553 
153 2.742543 0.000000 -5.802914 96.378243 0.020072 8.039802 0.064660 
154 -0.095407 0.000000 -3.142510 93.891655 0.166925 -27.923865 0.040459 
155 -1.041390 0.000000 -3.142510 87.705053 0.235132 7.826510 0.224651 
156 -0.095407 0.000000 -4.029311 92.368736 0.212747 5.344758 0.143940 
157 0.850577 0.000000 -3.142510 97.241193 0.127809 -15.754782 0.029592 
158 -0.095407 0.000000 -2.255709 46.005079 0.237503 -27.020130 0.715339 
159 36.797934 0.000000 17.253923 99.795287 0.273063 11.225117 -0.008518 
160 51.933663 0.000000 17.253923 99.121279 0.620811 10.658828 0.006098 
161 36.797934 0.000000 31.442745 99.438804 0.218666 12.933206 -0.005539 
162 14.094340 0.000000 10.159511 101.570651 0.513202 14.014377 -0.051326 
163 21.662204 0.000000 10.159511 102.622959 -0.050855 10.608957 -0.064402 
164 14.094340 0.000000 17.253923 101.142371 0.101199 13.611847 -0.041507 
165 2.742543 0.000000 6.612306 98.276193 0.093929 17.283804 0.004305 
166 -1.041390 0.000000 6.612306 97.883777 0.446519 16.167682 0.015717 
167 6.526475 0.000000 6.612306 100.078364 -0.030743 18.983099 -0.037604 
168 2.742543 0.000000 10.159511 98.859301 0.515469 15.797201 -0.002298 
169 0.850577 0.000000 1.291497 93.901457 0.136540 21.289357 0.072926 
170 -1.041390 0.000000 1.291497 94.032748 0.314092 18.334411 0.082159 
171 2.742543 0.000000 1.291497 93.309523 0.062526 23.711493 0.073109 
172 0.850577 0.000000 3.065100 95.894159 0.156064 18.742091 0.045302 
173 -0.095407 0.000000 -1.368907 69.879983 0.048506 52.347821 0.237649 
174 -1.041390 0.000000 -1.368907 82.511340 0.313995 19.091711 0.282729 
175 0.850577 0.000000 -1.368907 89.334631 0.019748 42.193404 0.023904 
176 -0.095407 0.000000 -0.482106 91.079355 0.040507 44.631384 -0.028741 
177 10.310407 0.000000 -0.482106 -11.907105 -0.177373 0.460980 0.985798 
178 10.310407 0.000000 -4.029311 97.760158 -0.643699 11.909805 0.030069 
179 14.094340 0.000000 -0.482106 -9.383983 -0.051462 2.418397 0.990609 
180 10.310407 0.000000 3.065100 117.167196 -0.369349 12.536303 -0.388545 
181 4.634509 0.000000 -2.255709 92.121328 -0.062987 -8.319754 0.144444 
182 4.634509 0.000000 -4.029311 92.620842 -0.031763 -1.455622 0.141926 
183 6.526475 0.000000 -2.255709 93.169830 -0.274069 -32.056384 0.029170 
184 4.634509 0.000000 -0.482106 91.344877 -0.344054 30.260343 0.074031 
185 1.796560 0.000000 -3.142510 100.369444 0.059717 1.074858 -0.007518 
186 1.796560 0.000000 -4.029311 96.217388 0.081426 4.432016 0.072256 
187 2.742543 0.000000 -3.142510 97.640658 0.013420 7.147096 0.041522 
188 1.796560 0.000000 -2.255709 100.380782 0.057553 1.026970 -0.007736 
189 1.796560 0.000000 -1.368907 95.430844 0.016899 33.452458 -0.022611 
190 2.742543 0.000000 -1.368907 95.513045 -0.092761 28.460842 0.006723 
191 1.796560 0.000000 -0.482106 95.401054 -0.018675 31.660842 -0.010377 
192 4.634509 0.000000 1.291497 87.359954 -0.461480 36.348748 0.104679 
193 6.526475 0.000000 1.291497 84.868645 -0.104766 50.123991 0.028489 
194 4.634509 0.000000 3.065100 95.022531 -0.158795 23.829634 0.040284 
195 3.688526 0.000000 0.404696 92.968196 -0.263226 28.571072 0.054054 
196 2.742543 0.000000 0.404696 95.401814 -0.094521 28.443854 0.008943 
197 3.688526 0.000000 -0.482106 93.942814 -0.208663 28.486350 0.036323 
198 4.634509 0.000000 0.404696 89.568032 -0.399581 32.794045 0.090196 
199 3.688526 0.000000 1.291497 91.036682 -0.356423 30.043192 0.080960 
200 14.094340 0.000000 -18.218134 98.395687 -0.067394 12.556416 0.016062 
201 14.094340 0.000000 -25.312545 98.809509 -0.404716 13.259587 0.006070 
202 21.662204 0.000000 -18.218134 98.872746 -0.160297 12.784398 0.006071 
203 10.310407 0.000000 -7.576517 97.934748 -0.352201 10.728663 0.029356 
204 10.310407 0.000000 -11.123723 98.235479 -0.192861 11.853328 0.020925 
205 14.094340 0.000000 -7.576517 96.754496 -0.493790 9.168934 0.055425 
206 4.634509 0.000000 -5.802914 97.121886 -0.125032 6.153465 0.052946 
207 4.634509 0.000000 -7.576517 97.586454 -0.099286 9.433413 0.038788 
208 6.526475 0.000000 -5.802914 99.269913 -0.218049 6.146098 0.010766 
209 8.418441 0.000000 -2.255709 -11.644694 -0.003457 -0.689710 0.986393 
210 8.418441 0.000000 -4.029311 107.158167 -0.383289 9.489215 -0.157306 
211 10.310407 0.000000 -2.255709 97.818927 -0.614027 11.836744 0.029097 
212 8.418441 0.000000 -0.482106 -11.310321 0.197152 -0.543992 0.987174 
213 5.580492 0.000000 -3.142510 91.509846 -0.242584 -26.017943 0.094896 
214 4.634509 0.000000 -3.142510 91.920905 -0.098886 -10.800096 0.143390 
215 5.580492 0.000000 -4.029311 95.712566 -0.245483 -6.295735 0.079941 
216 6.526475 0.000000 -3.142510 99.476488 -0.348262 -21.476739 -0.035694 
217 5.580492 0.000000 -2.255709 90.517477 -0.221572 -21.354365 0.135053 
218 10.310407 0.000000 6.612306 102.985427 0.381292 16.410166 -0.087544 
219 14.094340 0.000000 6.612306 102.339865 -0.834325 12.657789 -0.063436 
220 10.310407 0.000000 10.159511 101.182521 0.336433 15.440693 -0.047643 
221 8.418441 0.000000 1.291497 96.730141 -0.174057 51.662819 -0.202580 
222 10.310407 0.000000 1.291497 -11.373313 0.132659 0.550632 0.987033 
223 8.418441 0.000000 3.065100 103.519391 -0.266984 46.305842 -0.286057 
224 5.580492 0.000000 0.404696 86.169111 -0.344512 39.882406 0.098416 
225 5.580492 0.000000 -0.482106 87.369080 -0.461202 36.332273 0.104640 
226 6.526475 0.000000 0.404696 83.569027 -0.140412 47.188955 0.078940 
227 5.580492 0.000000 1.291497 85.291028 -0.286984 42.253390 0.094001 
228 8.418441 0.000000 -5.802914 99.790669 -0.467242 9.016689 -0.003970 
229 8.418441 0.000000 -7.576517 98.708460 -0.449751 10.579082 0.014452 
230 10.310407 0.000000 -5.802914 97.611508 -0.610607 10.350078 0.036450 
231 7.472458 0.000000 -3.142510 107.826224 -0.427767 -0.633859 -0.162708 
232 7.472458 0.000000 -4.029311 108.021938 -0.445436 -3.407494 -0.168055 
233 8.418441 0.000000 -3.142510 105.274733 -0.422898 11.521294 -0.121569 
234 7.472458 0.000000 -2.255709 -11.260400 0.000370 -0.352784 0.987308 
235 8.418441 0.000000 4.838703 103.214046 0.179636 22.375622 -0.115384 
236 6.526475 0.000000 4.838703 99.524840 -0.211978 22.339229 -0.040428 
237 10.310407 0.000000 4.838703 107.113788 -0.170603 16.778758 -0.175492 
238 8.418441 0.000000 6.612306 101.818073 0.024789 18.491998 -0.070887 
239 7.472458 0.000000 2.178299 91.561345 -0.133767 52.690847 -0.115982 
240 6.526475 0.000000 2.178299 87.252270 -0.063093 52.602190 -0.037995 
241 7.472458 0.000000 1.291497 88.011006 -0.056081 51.028277 -0.034983 
242 8.418441 0.000000 2.178299 99.569582 -0.218550 49.345209 -0.234910 
243 7.472458 0.000000 3.065100 96.272355 -0.244456 52.981471 -0.207546 
244 29.230069 0.000000 -4.029311 98.527317 -0.385767 16.114546 0.003254 
245 29.230069 0.000000 -11.123723 99.798462 0.066101 13.158680 -0.013289 
246 36.797934 0.000000 -4.029311 96.745001 -0.236704 15.940080 0.038626 
247 29.230069 0.000000 3.065100 108.896378 -0.103619 1.238306 -0.185997 
248 17.878272 0.000000 -0.482106 -8.003560 0.293331 1.099664 0.993465 
249 17.878272 0.000000 -4.029311 101.675648 0.414432 -15.734310 -0.058568 
250 21.662204 0.000000 -0.482106 -9.912562 -0.064529 -0.552450 0.990143 
251 17.878272 0.000000 3.065100 106.682055 0.184362 0.892655 -0.138189 
252 12.202374 0.000000 -2.255709 94.043783 -0.447509 1.523215 0.115325 
253 12.202374 0.000000 -4.029311 93.420089 -0.421813 0.203210 0.127247 
254 14.094340 0.000000 -2.255709 86.697630 -0.312524 -1.245751 0.248187 
255 12.202374 0.000000 -0.482106 -11.553659 -0.418450 1.896314 0.986274 
256 9.364424 0.000000 -3.142510 101.255182 -0.520918 14.505657 -0.046330 
257 9.364424 0.000000 -4.029311 102.058875 -0.471914 15.131270 -0.064519 
258 10.310407 0.000000 -3.142510 97.868764 -0.629664 11.740622 0.028347 
259 9.364424 0.000000 -2.255709 102.113448 -0.507269 15.120321 -0.065604 
260 12.202374 0.000000 1.291497 -10.344294 -0.345581 0.830603 0.989219 
261 14.094340 0.000000 1.291497 -8.849754 -0.076602 1.179030 0.992029 
262 12.202374 0.000000 3.065100 109.726621 -0.739413 -1.315381 -0.204221 
263 9.364424 0.000000 2.178299 108.219819 -0.341026 42.736711 -0.353807 
264 9.364424 0.000000 1.291497 -11.130046 0.117153 0.329298 0.987600 
265 10.310407 0.000000 2.178299 117.821449 -0.354208 12.171014 -0.403015 
266 9.364424 0.000000 3.065100 112.645215 -0.365057 32.745682 -0.376136 
267 17.878272 0.000000 -7.576517 99.274649 -0.519294 6.775188 0.009837 
268 17.878272 0.000000 -11.123723 98.697453 0.197303 11.178984 0.013380 
269 21.662204 0.000000 -7.576517 102.160364 0.050731 10.188647 -0.054055 
270 12.202374 0.000000 -5.802914 95.852048 -0.368237 9.126709 0.072895 
271 12.202374 0.000000 -7.576517 96.969128 -0.437328 10.298189 0.049074 
272 14.094340 0.000000 -5.802914 95.251143 -0.138305 6.104726 0.088993 
273 11.256390 0.000000 -3.142510 96.221750 -0.575828 6.287301 0.070151 
274 11.256390 0.000000 -4.029311 95.676930 -0.593250 4.474972 0.082555 
275 12.202374 0.000000 -3.142510 94.479529 -0.472716 2.242522 0.106837 
276 11.256390 0.000000 -2.255709 95.813555 -0.519806 4.631458 0.079804 
277 29.230069 0.000000 10.159511 100.170593 0.207862 9.161198 -0.011812 
278 36.797934 0.000000 10.159511 99.433605 0.783353 11.379211 -0.001714 
279 29.230069 0.000000 17.253923 100.242391 0.258806 11.483061 -0.018046 
280 17.878272 0.000000 6.612306 102.330530 -0.020940 10.977474 -0.059204 
281 21.662204 0.000000 6.612306 102.441343 -0.420626 8.519693 -0.056699 
282 17.878272 0.000000 10.159511 101.616449 -0.394351 12.187523 -0.047459 
283 12.202374 0.000000 4.838703 104.772572 -0.291127 11.493409 -0.110947 
284 14.094340 0.000000 4.838703 103.285954 -0.627205 10.683382 -0.078252 
285 12.202374 0.000000 6.612306 103.089557 -0.137400 14.152233 -0.082776 
286 11.256390 0.000000 2.178299 111.786719 -0.520552 -3.532170 -0.250902 
287 11.256390 0.000000 1.291497 -10.964161 -0.238178 0.659184 0.987930 
288 12.202374 0.000000 2.178299 108.236542 -0.893416 1.056929 -0.171706 
289 11.256390 0.000000 3.065100 113.110945 -0.485799 -0.733550 -0.279486 
290 15.986306 0.000000 1.291497 -8.347558 -0.004321 1.165850 0.992896 
291 15.986306 0.000000 -0.482106 -7.987235 0.078118 1.732965 0.993319 
292 17.878272 0.000000 1.291497 -8.058997 0.283036 1.055415 0.993386 
293 15.986306 0.000000 3.065100 106.855146 -0.009327 2.499960 -0.142427 
294 15.986306 0.000000 4.838703 103.522313 -0.239262 9.928314 -0.081550 
295 17.878272 0.000000 4.838703 103.525591 0.411155 8.684970 -0.079315 
296 15.986306 0.000000 6.612306 102.224463 -0.525918 11.982764 -0.059370 
297 15.040323 0.000000 2.178299 106.944691 -0.076879 3.564504 -0.144988 
298 14.094340 0.000000 2.178299 107.200441 -0.376146 3.229636 -0.150251 
299 15.040323 0.000000 1.291497 -8.329799 0.037445 1.195708 0.992918 
300 15.986306 0.000000 2.178299 106.843508 0.012505 2.362957 -0.142112 
301 15.040323 0.000000 3.065100 106.941694 -0.093611 3.474840 -0.144861 
302 25.446137 0.000000 -0.482106 -15.471741 0.143791 -4.191558 0.974304 
303 25.446137 0.000000 -4.029311 108.860136 -0.275590 26.202552 -0.253718 
304 29.230069 0.000000 -0.482106 -27.699093 -0.291421 -0.929235 0.923181 
305 25.446137 0.000000 3.065100 106.114954 0.073339 -3.909429 -0.127567 
306 19.770238 0.000000 1.291497 -8.460496 0.109942 0.379194 0.992826 
307 19.770238 0.000000 -0.482106 -8.751610 -0.091145 0.294169 0.992331 
308 21.662204 0.000000 1.291497 -9.363289 -0.116803 0.237422 0.991226 
309 19.770238 0.000000 3.065100 106.691670 0.077652 0.860677 -0.138386 
310 25.446137 0.000000 6.612306 102.033816 0.109223 6.755419 -0.045655 
311 29.230069 0.000000 6.612306 100.693885 -0.093998 6.417345 -0.018045 
312 25.446137 0.000000 10.159511 101.477814 -0.127146 9.407057 -0.038626 
313 19.770238 0.000000 4.838703 103.036919 0.296321 7.739719 -0.067660 
314 21.662204 0.000000 4.838703 103.541341 0.153400 7.322904 -0.077446 
315 19.770238 0.000000 6.612306 102.245151 -0.378764 10.047350 -0.055516 
316 18.824255 0.000000 2.178299 106.650610 0.058059 0.821268 -0.137503 
317 17.878272 0.000000 2.178299 106.690124 0.244110 0.823368 -0.138352 
318 18.824255 0.000000 1.291497 -8.315224 0.035584 0.503143 0.993060 
319 19.770238 0.000000 2.178299 106.681060 0.087531 0.665276 -0.138130 
320 18.824255 0.000000 3.065100 106.637141 0.067478 0.646505 -0.137190 
321 23.554171 0.000000 1.291497 -10.978619 0.022007 -1.419683 0.987745 
322 23.554171 0.000000 -0.482106 -11.769103 0.010972 -2.617886 0.985463 
323 25.446137 0.000000 1.291497 -14.039859 0.279340 -1.857379 0.979935 
324 23.554171 0.000000 3.065100 107.223694 -0.071629 -0.530479 -0.149721 
325 23.554171 0.000000 4.838703 103.781853 0.139593 5.074101 -0.079644 
326 25.446137 0.000000 4.838703 102.998969 0.165132 3.758233 -0.062294 
327 23.554171 0.000000 6.612306 102.470605 0.097209 7.790024 -0.056092 
328 22.608188 0.000000 2.178299 107.152139 -0.100347 0.669568 -0.148204 
329 21.662204 0.000000 2.178299 106.931018 -0.033068 0.745898 -0.143480 
330 22.608188 0.000000 1.291497 -9.930311 -0.212959 -1.023082 0.990030 
331 23.554171 0.000000 2.178299 107.220765 -0.064241 -1.000822 -0.149730 
332 22.608188 0.000000 3.065100 107.103432 -0.094609 0.641614 -0.147157 
333 82.205122 0.000000 -167.200773 99.016426 -0.012373 13.891803 0.000276 
334 82.205122 0.000000 -223.956064 99.020213 -0.008953 13.903929 0.000168 
335 142.748040 0.000000 -167.200773 99.021321 -0.015113 13.888279 0.000189 
336 51.933663 0.000000 -82.067836 99.008498 -0.054005 13.823749 0.000622 
337 51.933663 0.000000 -110.445482 99.001724 -0.016385 13.863908 0.000645 
338 82.205122 0.000000 -82.067836 99.014927 -0.043370 13.810860 0.000530 
339 36.797934 0.000000 -39.501368 99.077009 -0.453081 13.574824 -0.000073 
340 36.797934 0.000000 -53.690191 99.089323 -0.101399 13.741480 -0.000753 
341 51.933663 0.000000 -39.501368 99.176023 -0.383881 13.645246 -0.002222 
342 29.230069 0.000000 -18.218134 99.012450 -0.202068 12.991425 0.002772 
343 29.230069 0.000000 -25.312545 99.089182 -0.321328 13.237780 0.000599 
344 36.797934 0.000000 -18.218134 99.135194 -0.560679 13.318454 -0.000548 
345 25.446137 0.000000 -7.576517 101.152079 -0.472323 13.933193 -0.042610 
346 25.446137 0.000000 -11.123723 100.167069 0.388270 12.578919 -0.019182 
347 29.230069 0.000000 -7.576517 99.408103 0.200154 14.100436 -0.008083 
348 203.290957 0.000000 -53.690191 99.044177 -0.046017 13.747180 0.000126 
349 203.290957 0.000000 -110.445482 99.028242 -0.025383 13.858047 0.000136 
350 263.833875 0.000000 -53.690191 99.043171 -0.042752 13.778119 0.000061 
351 203.290957 0.000000 3.065100 99.216165 -0.146451 12.543486 -0.000121 
352 112.476581 0.000000 -25.312545 99.086908 -0.099565 13.290901 0.000513 
353 112.476581 0.000000 -53.690191 99.030714 -0.008226 13.685306 0.000563 
354 142.748040 0.000000 -25.312545 99.086632 -0.081853 13.380898 0.000278 
355 112.476581 0.000000 3.065100 99.386157 -0.278970 11.180428 -0.000269 
356 67.069393 0.000000 -11.123723 99.105867 -0.164475 12.280073 0.002720 
357 67.069393 0.000000 -25.312545 99.047304 -0.080789 13.221453 0.001482 
358 82.205122 0.000000 -11.123723 99.196690 -0.216440 12.471936 0.000442 
359 67.069393 0.000000 3.065100 99.115497 -0.468451 11.737306 0.003813 
360 44.365799 0.000000 -4.029311 97.241201 -0.348549 12.214470 0.039483 
361 44.365799 0.000000 -11.123723 98.462250 -0.276811 12.658774 0.014486 
362 51.933663 0.000000 -4.029311 98.509491 -0.400593 11.273949 0.016862 
363 44.365799 0.000000 3.065100 94.670380 -2.013677 10.807494 0.091666 
364 33.014001 0.000000 -0.482106 104.446666 0.106677 25.810509 -0.157530 
365 33.014001 0.000000 -4.029311 98.598246 -0.129717 17.697861 -0.003485 
366 36.797934 0.000000 -0.482106 102.104676 0.247295 27.111295 -0.116045 
367 33.014001 0.000000 3.065100 85.738981 -0.096178 -19.179147 0.228098 
368 27.338103 0.000000 -2.255709 97.351679 -0.125432 21.946392 0.004099 
369 25.446137 0.000000 -2.255709 100.136220 0.081609 47.386051 -0.227271 
370 27.338103 0.000000 -4.029311 96.661122 -0.428599 19.021282 0.029463 
371 29.230069 0.000000 -2.255709 99.882188 -0.436353 14.016167 -0.017309 
372 27.338103 0.000000 -0.482106 -21.833232 -0.393592 -4.323692 0.950446 
373 23.554171 0.000000 -2.255709 -14.214260 -0.053090 -2.720302 0.979055 
374 21.662204 0.000000 -2.255709 -11.950160 -0.100659 -1.106028 0.985596 
375 23.554171 0.000000 -4.029311 113.412027 -0.298292 12.038480 -0.300730 
376 33.014001 0.000000 -7.576517 98.586383 0.235886 14.084501 0.008230 
377 33.014001 0.000000 -11.123723 99.117826 -0.697523 13.379609 -0.000384 
378 36.797934 0.000000 -7.576517 98.110565 -0.339121 13.940854 0.017985 
379 27.338103 0.000000 -5.802914 99.931271 -0.481630 16.185489 -0.024846 
380 25.446137 0.000000 -5.802914 102.914862 -0.310775 16.616521 -0.086767 
381 27.338103 0.000000 -7.576517 100.069756 -0.501435 14.318970 -0.021924 
382 29.230069 0.000000 -5.802914 99.022624 0.234484 15.455988 -0.004442 
383 26.392120 0.000000 -3.142510 95.293014 0.094514 23.457112 0.036900 
384 25.446137 0.000000 -3.142510 106.215033 0.057885 49.511971 -0.373307 
385 26.392120 0.000000 -4.029311 98.691183 -0.412917 24.708098 -0.035061 
386 27.338103 0.000000 -3.142510 95.773593 0.021585 22.944694 0.030096 
387 26.392120 0.000000 -2.255709 93.180360 0.098702 22.410989 0.081516 
388 23.554171 0.000000 -5.802914 105.123152 -0.167335 14.001014 -0.124693 
389 21.662204 0.000000 -5.802914 105.724056 -0.473708 10.176793 -0.128137 
390 23.554171 0.000000 -7.576517 101.901259 0.020468 12.556971 -0.054154 
391 24.500154 0.000000 -3.142510 118.010246 -0.063656 16.278396 -0.419141 
392 23.554171 0.000000 -3.142510 113.512056 -0.284774 11.710795 -0.302221 
393 24.500154 0.000000 -4.029311 114.737784 -0.058542 17.241025 -0.346202 
394 24.500154 0.000000 -2.255709 -14.361724 -0.048806 -4.344683 0.977486 
395 27.338103 0.000000 1.291497 -19.131008 -0.379470 0.255454 0.963380 
396 29.230069 0.000000 1.291497 -26.452075 -0.082827 1.443030 0.929820 
397 27.338103 0.000000 3.065100 97.719771 -0.091283 0.891369 0.045004 
398 26.392120 0.000000 -1.368907 94.943142 0.094219 23.398408 0.043831 
399 25.446137 0.000000 -1.368907 -16.582370 0.115604 -4.649773 0.970339 
400 27.338103 0.000000 -1.368907 96.408524 -0.100163 22.040231 0.021961 
401 26.392120 0.000000 -0.482106 -17.621445 0.220722 -4.668281 0.966764 
402 25.919128 0.000000 -2.699109 74.774545 0.115398 47.418181 0.216027 
403 25.446137 0.000000 -2.699109 100.955873 0.072963 56.229776 -0.335388 
404 25.919128 0.000000 -3.142510 99.862854 0.078970 48.303188 -0.230579 
405 26.392120 0.000000 -2.699109 92.707240 0.099585 22.185341 0.091317 
406 25.919128 0.000000 -2.255709 92.307583 0.099894 22.069200 0.099225 
407 31.122035 0.000000 -2.255709 103.732718 -0.071864 17.258037 -0.105832 
408 31.122035 0.000000 -4.029311 99.433285 -0.011165 16.826530 -0.017011 
409 33.014001 0.000000 -2.255709 103.308212 0.085670 26.986437 -0.140086 
410 31.122035 0.000000 -0.482106 103.453461 0.012445 19.871794 -0.109751 
411 28.284086 0.000000 -3.142510 98.823424 -0.419525 19.812338 -0.015877 
412 28.284086 0.000000 -4.029311 97.507288 -0.515130 17.156477 0.019772 
413 29.230069 0.000000 -3.142510 99.869647 -0.442727 14.300005 -0.017863 
414 28.284086 0.000000 -2.255709 98.763737 -0.392633 20.009030 -0.015479 
415 26.865111 0.000000 -2.699109 96.147939 0.093468 23.553131 0.020082 
416 26.865111 0.000000 -3.142510 95.412948 0.094514 23.474520 0.034531 
417 27.338103 0.000000 -2.699109 96.483231 -0.054579 22.423081 0.018819 
418 26.865111 0.000000 -2.255709 96.371315 0.060161 23.318520 0.016881 
419 24.500154 0.000000 -1.368907 -14.098237 -0.010557 -4.279683 0.978292 
420 23.554171 0.000000 -1.368907 -12.606099 -0.043433 -3.010135 0.983202 
421 24.500154 0.000000 -0.482106 -13.262096 0.132560 -3.659865 0.981070 
422 25.919128 0.000000 -1.812308 96.774377 0.098352 23.775176 0.006945 
423 25.446137 0.000000 -1.812308 -18.019702 0.097496 -5.512506 0.964489 
424 26.392120 0.000000 -1.812308 95.168323 0.094450 23.437300 0.039367 
425 25.919128 0.000000 -1.368907 98.031183 0.088237 23.686092 -0.017115 
426 26.155624 0.000000 -2.477409 85.097434 0.108810 27.564820 0.199860 
427 25.919128 0.000000 -2.477409 85.807421 0.102688 39.992756 0.103766 
428 26.155624 0.000000 -2.699109 83.871424 0.110252 31.888139 0.194872 
429 26.392120 0.000000 -2.477409 92.901200 0.099265 22.264333 0.087366 
430 26.155624 0.000000 -2.255709 92.512427 0.099700 22.142220 0.095116 
431 24.973145 0.000000 -2.699109 110.616466 0.042836 41.147977 -0.392916 
432 24.500154 0.000000 -2.699109 118.091186 -0.061151 16.424047 -0.421528 
433 24.973145 0.000000 -3.142510 112.542778 0.038206 37.345887 -0.406059 
434 24.973145 0.000000 -2.255709 -14.910372 0.072098 -5.759480 0.974450 
435 25.682633 0.000000 -2.477409 91.858877 0.092435 45.168628 -0.047827 
436 25.446137 0.000000 -2.477409 100.845726 0.072436 54.934216 -0.318763 
437 25.682633 0.000000 -2.699109 87.388032 0.098820 45.781688 0.026736 
438 25.682633 0.000000 -2.255709 98.408199 0.090908 36.852579 -0.104229 
439 26.392120 0.000000 -4.916113 100.830355 -0.420188 19.704238 -0.055519 
440 25.446137 0.000000 -4.916113 104.766479 -0.220517 19.760414 -0.136654 
441 26.392120 0.000000 -5.802914 101.086537 -0.646128 16.931360 -0.050558 
442 27.338103 0.000000 -4.916113 98.908691 -0.541580 17.882426 -0.010300 
443 25.919128 0.000000 -3.585911 100.102196 0.081716 47.002986 -0.222974 
444 25.446137 0.000000 -3.585911 109.783003 0.049112 42.505931 -0.385906 
445 25.919128 0.000000 -4.029311 102.927051 -0.215689 26.909012 -0.131812 
446 26.392120 0.000000 -3.585911 96.794271 0.098192 23.773766 0.006567 
447 26.155624 0.000000 -2.920810 90.065064 0.098451 37.252607 0.050052 
448 25.919128 0.000000 -2.920810 86.794071 0.100247 44.344246 0.050037 
449 26.155624 0.000000 -3.142510 98.347135 0.091109 36.185200 -0.098154 
450 26.392120 0.000000 -2.920810 92.768400 0.099377 22.237101 0.089953 
451 26.037376 0.000000 -2.588259 82.690037 0.112884 30.529733 0.223028 
452 25.919128 0.000000 -2.588259 84.118956 0.107375 36.532937 0.158933 
453 26.037376 0.000000 -2.699109 83.242063 0.111852 30.702330 0.212811 
454 26.155624 0.000000 -2.588259 84.037723 0.110078 31.539222 0.194293 
455 26.037376 0.000000 -2.477409 83.833918 0.109696 32.983346 0.188396 
456 203.290957 0.000000 59.820391 99.126133 0.143538 13.212301 -0.000058 
457 263.833875 0.000000 59.820391 99.180107 0.202781 12.825629 -0.000123 
458 203.290957 0.000000 116.575682 99.047413 0.046422 13.791694 -0.000060 
459 112.476581 0.000000 31.442745 99.259681 0.297244 12.175139 -0.000081 
460 142.748040 0.000000 31.442745 99.374643 0.418846 11.415774 -0.000581 
461 112.476581 0.000000 59.820391 99.092681 0.105823 13.491156 -0.000138 
462 67.069393 0.000000 17.253923 99.387620 0.517303 10.211331 0.001756 
463 82.205122 0.000000 17.253923 99.596677 0.858483 9.212049 -0.000510 
464 67.069393 0.000000 31.442745 99.051418 0.404318 12.821449 0.002426 
465 44.365799 0.000000 10.159511 98.745536 5.397815 5.582322 0.018902 
466 51.933663 0.000000 10.159511 99.216323 -1.729078 7.274645 0.010021 
467 44.365799 0.000000 17.253923 99.303785 0.493890 10.654475 0.002500 
468 33.014001 0.000000 6.612306 99.084460 0.318317 6.543712 0.013935 
469 36.797934 0.000000 6.612306 96.243659 -0.000000 7.864248 0.067531 
470 33.014001 0.000000 10.159511 99.565195 -0.021097 9.310443 0.000009 
471 31.122035 0.000000 1.291497 100.435324 -0.592345 0.066810 -0.008761 
472 33.014001 0.000000 1.291497 105.394520 -0.311524 11.464377 -0.123953 
473 31.122035 0.000000 3.065100 107.786663 -0.136670 -18.501351 -0.196028 
474 27.338103 0.000000 4.838703 101.415809 -0.178746 4.220414 -0.030301 
475 29.230069 0.000000 4.838703 100.996095 -0.133231 4.866661 -0.022391 
476 27.338103 0.000000 6.612306 101.400242 -0.356168 6.310106 -0.032195 
477 28.284086 0.000000 2.178299 97.489360 -0.189058 14.388836 0.028875 
478 27.338103 0.000000 2.178299 103.170703 -0.028756 -4.040749 -0.066052 
479 28.284086 0.000000 1.291497 -22.200466 -0.237936 1.730738 0.950409 
480 29.230069 0.000000 2.178299 104.241101 -0.209203 7.253586 -0.091887 
481 28.284086 0.000000 3.065100 85.050512 -0.082246 18.641646 0.241889 
482 31.122035 0.000000 4.838703 98.017865 -0.000000 7.910579 0.032992 
483 33.014001 0.000000 4.838703 95.653150 -0.257061 2.797598 0.084258 
484 31.122035 0.000000 6.612306 99.736058 0.157865 6.392969 0.001182 
485 30.176052 0.000000 2.178299 103.339272 -0.430159 3.940358 -0.069472 
486 30.176052 0.000000 1.291497 -27.377951 -0.088998 0.049175 0.925044 
487 31.122035 0.000000 2.178299 100.397951 -0.572558 0.903465 -0.008089 
488 30.176052 0.000000 3.065100 163.951994 -0.073293 -2.714366 -1.688763 
489 28.284086 0.000000 3.951901 95.185586 -0.108968 23.846007 0.037106 
490 27.338103 0.000000 3.951901 104.211913 0.136116 -4.529965 -0.088066 
491 29.230069 0.000000 3.951901 105.370596 -0.058645 9.666256 -0.119640 
492 28.284086 0.000000 4.838703 100.848796 -0.298713 4.972410 -0.019529 
493 28.757078 0.000000 2.621699 103.555780 -0.210107 31.899469 -0.174142 
494 28.284086 0.000000 2.621699 94.633436 -0.161929 16.994873 0.075566 
495 28.757078 0.000000 2.178299 101.762158 -0.188783 12.039692 -0.050053 
496 29.230069 0.000000 2.621699 97.098403 -0.209112 2.477005 0.056572 
497 28.757078 0.000000 3.065100 104.412774 -0.130859 36.223721 -0.221420 
498 26.392120 0.000000 2.178299 104.995620 0.098819 -4.133505 -0.104118 
499 25.446137 0.000000 2.178299 106.316189 0.056371 -3.477280 -0.131523 
500 26.392120 0.000000 1.291497 -16.382558 0.056340 -1.696573 0.972873 
501 26.392120 0.000000 3.065100 104.964613 0.109203 -4.250028 -0.103564 
502 27.811094 0.000000 2.621699 95.624661 -0.127075 6.246792 0.081689 
503 27.338103 0.000000 2.621699 98.831698 -0.099403 -1.067275 0.023115 
504 27.811094 0.000000 2.178299 93.432688 -0.125116 5.826444 0.123637 
505 27.811094 0.000000 3.065100 93.852784 -0.134168 8.102423 0.112599 
506 30.176052 0.000000 3.951901 102.685802 -0.085578 0.888380 -0.054517 
507 31.122035 0.000000 3.951901 100.485492 -0.057376 -1.823499 -0.010066 
508 30.176052 0.000000 4.838703 101.023185 -0.039740 3.885195 -0.022078 
509 28.757078 0.000000 3.508501 101.278073 -0.103638 13.726347 -0.044567 
510 28.284086 0.000000 3.508501 93.769986 -0.110846 19.958068 0.080885 
511 29.230069 0.000000 3.508501 101.987924 -0.085119 7.374265 -0.045592 
512 28.757078 0.000000 3.951901 101.182652 -0.065353 13.752862 -0.042707 
513 28.520582 0.000000 2.843400 101.156192 -0.166749 25.718756 -0.089406 
514 28.284086 0.000000 2.843400 93.252011 -0.141052 19.343686 0.092986 
515 28.520582 0.000000 2.621699 104.461712 -0.136200 13.874276 -0.110476 
516 28.757078 0.000000 2.843400 102.841107 -0.156633 57.623918 -0.389683 
517 28.520582 0.000000 3.065100 88.668693 -0.059057 28.566747 0.132180 
518 29.703061 0.000000 2.621699 99.813058 -0.184750 4.630016 0.001588 
519 29.703061 0.000000 2.178299 100.497642 -0.226836 -2.087200 -0.010418 
520 30.176052 0.000000 2.621699 205.893924 -0.253446 -35.488672 -3.365182 
521 29.703061 0.000000 3.065100 98.945052 -0.070506 1.967516 0.020600 
522 28.993573 0.000000 2.843400 100.093616 -0.170772 41.119044 -0.170954 
523 28.993573 0.000000 2.621699 99.533897 -0.235001 23.546182 -0.046147 
524 29.230069 0.000000 2.843400 96.571965 -0.190344 11.590906 0.053947 
525 28.993573 0.000000 3.065100 111.621881 -0.145463 24.656398 -0.306740 
526 26.392120 0.000000 3.951901 104.657987 0.122393 -4.420543 -0.097285 
527 25.446137 0.000000 3.951901 106.202081 0.064866 -3.848174 -0.129369 
528 26.392120 0.000000 4.838703 102.084065 -0.272231 3.699052 -0.043491 
529 27.811094 0.000000 3.508501 91.950535 -0.092229 12.832255 0.138042 
530 27.338103 0.000000 3.508501 96.600926 -0.015681 1.389663 0.066633 
531 27.811094 0.000000 3.951901 86.513982 -0.114503 12.760913 0.235248 
532 28.520582 0.000000 3.286800 95.702468 -0.092839 19.185361 0.047295 
533 28.284086 0.000000 3.286800 92.386781 -0.087278 19.045084 0.110196 
534 28.757078 0.000000 3.286800 101.748396 -0.086324 17.092431 -0.064489 
535 28.520582 0.000000 3.508501 98.544544 -0.085129 16.345964 0.002178 
536 28.638830 0.000000 2.954250 103.684158 -0.103526 44.153045 -0.269991 
537 28.520582 0.000000 2.954250 99.788184 -0.131191 27.183490 -0.069664 
538 28.638830 0.000000 2.843400 99.821983 -0.243213 56.743186 -0.318428 
539 28.757078 0.000000 2.954250 103.561896 -0.137508 50.506510 -0.327599 
540 28.638830 0.000000 3.065100 102.016314 -0.075964 39.434498 -0.196241 
541 28.047590 0.000000 2.843400 88.861334 -0.183324 1.227811 0.210212 
542 27.811094 0.000000 2.843400 87.614281 -0.195919 -19.593086 0.193981 
543 28.047590 0.000000 2.621699 96.133090 -0.131713 12.685588 0.059749 
544 28.047590 0.000000 3.065100 90.688602 -0.058994 17.466823 0.147048 
545 26.865111 0.000000 2.621699 104.311846 0.125677 -4.378340 -0.090015 
546 26.392120 0.000000 2.621699 104.970315 0.107583 -4.232437 -0.103669 
547 26.865111 0.000000 2.178299 104.399954 0.116603 -4.288307 -0.091775 
548 26.865111 0.000000 3.065100 104.195377 0.137626 -4.481529 -0.087678 
549 27.574599 0.000000 2.843400 97.009891 -0.294322 1.164633 0.058764 
550 27.338103 0.000000 2.843400 97.957076 -0.095534 0.586310 0.040406 
551 27.574599 0.000000 2.621699 96.871183 -0.122560 1.586765 0.061344 
552 27.574599 0.000000 3.065100 96.678296 -0.115915 4.485250 0.063318 
553 28.047590 0.000000 3.286800 93.281757 -0.087274 16.427635 0.102864 
554 27.811094 0.000000 3.286800 91.472014 -0.093919 12.944801 0.146529 
555 28.047590 0.000000 3.508501 95.228353 -0.088794 15.808987 0.068163 
556 27.929342 0.000000 2.954250 87.704336 -0.149896 -4.843276 0.228447 
557 27.811094 0.000000 2.954250 87.479385 -0.186413 -18.450545 0.200690 
558 27.929342 0.000000 2.843400 87.806629 -0.192997 -12.019594 0.214549 
559 28.047590 0.000000 2.954250 88.618773 -0.168845 2.810235 0.213879 
560 27.929342 0.000000 3.065100 92.462432 -0.097349 10.188775 0.134688 
561 26.865111 0.000000 3.508501 104.355624 0.121175 -4.335805 -0.090891 
562 26.392120 0.000000 3.508501 104.996705 0.100473 -4.153518 -0.104157 
563 26.865111 0.000000 3.951901 104.209765 0.136334 -4.531187 -0.088023 
564 27.574599 0.000000 3.286800 96.182342 -0.103378 5.637998 0.071716 
565 27.338103 0.000000 3.286800 95.474494 -0.008430 4.074788 0.086802 
566 27.574599 0.000000 3.508501 91.283538 -0.052428 7.970784 0.160378 
567 27.692847 0.000000 2.954250 90.210734 -0.233673 -15.393026 0.162502 
568 27.574599 0.000000 2.954250 96.911462 -0.298792 1.223444 0.060658 
569 27.692847 0.000000 2.843400 90.298104 -0.229148 -15.402857 0.160895 
570 27.692847 0.000000 3.065100 95.810329 -0.120397 5.646161 0.078849 
571 28.284086 0.000000 0.404696 -23.541550 -0.241063 -0.984706 0.944477 
572 27.338103 0.000000 0.404696 -20.388205 -0.369014 -2.182246 0.957942 
573 28.284086 0.000000 -0.482106 -24.718405 -0.240933 -3.075011 0.937949 
574 29.230069 0.000000 0.404696 -26.278036 -0.140829 -0.087670 0.930944 
575 27.811094 0.000000 1.734898 100.784192 -0.380870 -2.968522 -0.016641 
576 27.338103 0.000000 1.734898 104.219352 0.135359 -4.525734 -0.088217 
577 27.811094 0.000000 1.291497 -20.646333 -0.222749 0.891777 0.957288 
578 28.284086 0.000000 1.734898 100.772786 -0.381547 -2.971757 -0.016413 
579 28.047590 0.000000 2.399999 97.512708 -0.137553 11.545629 0.035795 
580 27.811094 0.000000 2.399999 94.751802 -0.093513 9.055331 0.094009 
581 28.047590 0.000000 2.178299 93.134288 -0.183997 11.680399 0.118954 
582 28.284086 0.000000 2.399999 96.530999 -0.180428 15.361792 0.044575 
583 27.929342 0.000000 2.732549 93.399356 -0.107239 9.084067 0.119403 
584 27.811094 0.000000 2.732549 95.432123 -0.128359 6.283253 0.085321 
585 27.929342 0.000000 2.621699 97.418461 -0.149193 8.526200 0.043693 
586 28.047590 0.000000 2.732549 91.867810 -0.141694 11.803462 0.142096 
587 27.870218 0.000000 2.898825 83.567320 -0.138900 -19.093601 0.265192 
588 27.811094 0.000000 2.898825 85.654648 -0.211003 -29.402006 0.179876 
589 27.870218 0.000000 2.843400 87.201190 -0.189712 -16.070183 0.213767 
590 27.929342 0.000000 2.898825 84.257735 -0.120177 -26.170747 0.221571 
591 27.870218 0.000000 2.954250 87.028305 -0.181815 -15.289729 0.219227 
592 27.574599 0.000000 2.399999 95.581771 -0.077364 3.916367 0.084878 
593 27.338103 0.000000 2.399999 100.261058 -0.060543 -1.780874 -0.005545 
594 27.574599 0.000000 2.178299 97.259318 -0.086564 0.879220 0.053984 
595 27.692847 0.000000 2.732549 96.379714 -0.127199 4.870723 0.068721 
596 27.574599 0.000000 2.732549 97.090410 -0.121794 3.871013 0.055845 
597 27.692847 0.000000 2.621699 96.396633 -0.123600 5.089630 0.068177 
598 27.870218 0.000000 2.787975 88.954380 -0.141634 -3.714555 0.207330 
599 27.811094 0.000000 2.787975 88.948414 -0.176541 -14.171384 0.188732 
600 27.870218 0.000000 2.732549 96.994422 -0.136771 8.673362 0.051684 
601 27.929342 0.000000 2.787975 88.853950 -0.154173 -3.680711 0.209140 
602 28.165838 0.000000 2.954250 89.965297 -0.153521 13.036164 0.173628 
603 28.165838 0.000000 2.843400 90.568769 -0.199776 9.573144 0.170561 
604 28.284086 0.000000 2.954250 92.676186 -0.131802 19.909810 0.101471 
605 28.165838 0.000000 3.065100 90.026990 -0.125173 16.516359 0.162234 
606 27.988466 0.000000 2.898825 87.944754 -0.250106 -11.468109 0.213414 
607 27.988466 0.000000 2.843400 89.020439 -0.216497 -4.633547 0.205384 
608 28.047590 0.000000 2.898825 86.015498 -0.122748 -0.019037 0.260132 
609 27.988466 0.000000 2.954250 88.940584 -0.195855 -2.038628 0.208538 
610 27.899780 0.000000 2.871112 84.764733 -0.134432 -24.038234 0.223709 
611 27.870218 0.000000 2.871112 85.932318 -0.179956 -18.337323 0.227935 
612 27.899780 0.000000 2.843400 87.491829 -0.188537 -13.852698 0.215325 
613 27.929342 0.000000 2.871112 85.317188 -0.143607 -21.988944 0.223744 
614 27.899780 0.000000 2.898825 86.163225 -0.217150 -22.811060 0.205551 
615 40.581866 0.000000 -0.482106 103.974166 0.013974 26.417942 -0.150853 
616 40.581866 0.000000 -4.029311 96.681321 -0.190189 13.958879 0.045784 
617 44.365799 0.000000 -0.482106 95.441844 -0.645500 12.152525 0.074275 
618 40.581866 0.000000 3.065100 102.382097 0.101377 -1.722034 -0.048507 
619 34.905968 0.000000 1.291497 105.717654 -0.290048 10.034495 -0.127700 
620 34.905968 0.000000 -0.482106 101.906272 0.165463 29.043312 -0.122843 
621 36.797934 0.000000 1.291497 104.587701 0.137434 13.121481 -0.111078 
622 34.905968 0.000000 3.065100 111.031193 -0.152438 -10.840913 -0.244547 
623 32.068018 0.000000 2.178299 102.107943 -0.644219 1.058540 -0.042757 
624 32.068018 0.000000 1.291497 102.575056 -0.670445 0.816736 -0.052276 
625 33.014001 0.000000 2.178299 101.290968 -0.631809 0.340960 -0.026038 
626 32.068018 0.000000 3.065100 113.071781 -0.068953 15.909603 -0.303835 
627 40.581866 0.000000 6.612306 95.537688 0.000000 6.321749 0.083259 
628 44.365799 0.000000 6.612306 97.112915 -0.734908 7.158321 0.051730 
629 40.581866 0.000000 10.159511 99.069833 -0.195379 0.900673 0.018432 
630 34.905968 0.000000 4.838703 97.600491 0.000000 5.074640 0.044839 
631 36.797934 0.000000 4.838703 97.434838 -0.039257 3.584446 0.049360 
632 34.905968 0.000000 6.612306 95.860403 0.000000 8.142932 0.074448 
633 33.959985 0.000000 2.178299 101.649699 -0.596500 11.628706 -0.046824 
634 33.959985 0.000000 1.291497 104.223905 -0.225113 12.799131 -0.102649 
635 34.905968 0.000000 2.178299 104.270738 -0.255530 -21.014717 -0.131407 
636 33.959985 0.000000 3.065100 97.048985 -0.360547 11.155597 0.045692 
637 32.068018 0.000000 3.951901 99.156503 -0.007724 4.555450 0.014724 
638 33.014001 0.000000 3.951901 96.340061 -0.044906 0.153384 0.071857 
639 32.068018 0.000000 4.838703 99.043280 -0.000000 4.820208 0.016719 
640 32.541010 0.000000 2.621699 115.441549 -0.589736 -47.644988 -0.559714 
641 32.068018 0.000000 2.621699 129.950755 -0.489767 40.225475 -0.850553 
642 32.541010 0.000000 2.178299 102.809292 -0.667559 1.167036 -0.057156 
643 33.014001 0.000000 2.621699 84.993407 -0.549446 -11.162986 0.265121 
644 32.541010 0.000000 3.065100 120.203458 -0.099160 -14.495096 -0.465899 
645 31.595027 0.000000 2.621699 90.312403 -0.412536 3.173097 0.183343 
646 31.122035 0.000000 2.621699 93.627525 -0.313867 -11.574156 0.109983 
647 31.595027 0.000000 2.178299 100.944669 -0.648412 -0.068756 -0.019025 
648 31.595027 0.000000 3.065100 92.292428 -0.140755 0.727886 0.148156 
649 33.959985 0.000000 3.951901 95.936573 -0.060170 4.831575 0.077283 
650 34.905968 0.000000 3.951901 103.514447 -0.175241 2.034807 -0.071941 
651 33.959985 0.000000 4.838703 96.207121 -0.036852 5.586397 0.071298 
652 32.541010 0.000000 3.508501 103.750429 -0.072166 -2.349489 -0.076968 
653 32.068018 0.000000 3.508501 101.337434 -0.080937 3.200657 -0.027953 
654 33.014001 0.000000 3.508501 95.260905 -0.060319 -5.208669 0.089823 
655 32.541010 0.000000 3.951901 99.472690 -0.061429 0.983598 0.010421 
656 32.304514 0.000000 2.843400 153.196484 -0.337594 15.981033 -1.372467 
657 32.068018 0.000000 2.843400 131.163852 -0.261004 42.795709 -0.903550 
658 32.304514 0.000000 2.621699 139.868899 -0.605103 -4.580851 -0.958466 
659 32.541010 0.000000 2.843400 126.718465 -0.323984 -53.598307 -0.893045 
660 32.304514 0.000000 3.065100 119.977539 -0.177213 6.783929 -0.444066 
661 32.068018 0.000000 0.404696 104.103893 0.112257 27.057669 -0.156975 
662 31.122035 0.000000 0.404696 -22.432079 0.056262 0.160954 0.949677 
663 32.068018 0.000000 -0.482106 103.929672 0.050221 22.321630 -0.129963 
664 33.014001 0.000000 0.404696 105.474518 -0.180850 15.360948 -0.136087 
665 32.541010 0.000000 1.734898 103.398427 -0.619617 2.208073 -0.069649 
666 32.068018 0.000000 1.734898 102.352878 -0.637081 1.331180 -0.047829 
667 32.541010 0.000000 1.291497 105.215509 -0.515998 5.854541 -0.110485 
668 33.014001 0.000000 1.734898 104.989529 -0.595334 3.468881 -0.103519 
669 32.304514 0.000000 2.399999 98.929742 -0.816016 -1.010905 0.021122 
670 32.068018 0.000000 2.399999 101.983375 -0.648375 0.924335 -0.040188 
671 32.304514 0.000000 2.178299 102.621705 -0.629928 1.720179 -0.053457 
672 32.541010 0.000000 2.399999 98.273224 -0.764301 -1.484208 0.033959 
673 33.486993 0.000000 2.621699 87.675263 -0.527333 0.715998 0.231226 
674 33.486993 0.000000 2.178299 96.483592 -0.584704 2.594338 0.068384 
675 33.959985 0.000000 2.621699 92.421163 -0.369395 21.983420 0.097492 
676 33.486993 0.000000 3.065100 90.060642 -0.287089 3.248884 0.187844 
677 32.777506 0.000000 2.843400 92.483738 -0.102195 -48.604000 -0.091560 
678 32.777506 0.000000 2.621699 85.792553 -0.456450 -27.452950 0.188577 
679 33.014001 0.000000 2.843400 85.697281 -0.235732 -20.347678 0.224189 
680 32.777506 0.000000 3.065100 99.367677 -0.089971 -19.575497 -0.025714 
681 32.422762 0.000000 2.732549 136.088069 -0.582947 -69.487022 -1.334875 
682 32.304514 0.000000 2.732549 151.592156 -0.460887 11.560088 -1.311403 
683 32.422762 0.000000 2.621699 135.165928 -0.622427 -25.380199 -0.891437 
684 32.541010 0.000000 2.732549 119.642318 -0.472810 -53.598717 -0.718733 
685 32.422762 0.000000 2.843400 164.609882 -0.261892 -17.384048 -1.739869 
686 31.595027 0.000000 3.508501 95.771130 -0.036960 -2.764401 0.082025 
687 31.122035 0.000000 3.508501 102.691906 -0.043099 -4.910268 -0.056974 
688 31.595027 0.000000 3.951901 98.553006 -0.070435 1.058981 0.028618 
689 31.831523 0.000000 2.843400 93.161522 -0.253087 15.891001 0.106834 
690 31.595027 0.000000 2.843400 90.857991 -0.219865 6.132435 0.170717 
691 31.831523 0.000000 2.621699 94.754359 -0.384741 15.821275 0.077115 
692 31.831523 0.000000 3.065100 97.937239 -0.149394 8.553314 0.033512 
693 32.186266 0.000000 2.732549 174.753553 -0.476413 74.703983 -2.611972 
694 32.068018 0.000000 2.732549 135.761086 -0.403099 44.915927 -1.044868 
695 32.186266 0.000000 2.621699 137.480547 -0.531012 44.807330 -1.090888 
696 32.186266 0.000000 2.843400 149.245250 -0.292293 48.218102 -1.459922 
697 32.304514 0.000000 3.286800 108.536991 -0.089562 1.021071 -0.178133 
698 32.068018 0.000000 3.286800 103.182812 -0.084832 4.460719 -0.066660 
699 32.541010 0.000000 3.286800 109.360326 -0.074269 -6.512669 -0.200210 
700 32.304514 0.000000 3.508501 103.462540 -0.041519 2.812000 -0.071241 
701 32.422762 0.000000 2.954250 141.374223 -0.180758 -8.409546 -1.005742 
702 32.304514 0.000000 2.954250 144.586162 -0.212080 24.859378 -1.152319 
703 32.541010 0.000000 2.954250 129.524609 -0.169360 -30.789854 -0.772467 
704 32.422762 0.000000 3.065100 129.627089 -0.111804 -2.232677 -0.680818 
705 32.363638 0.000000 2.787975 156.098614 -0.387083 -2.923042 -1.437547 
706 32.304514 0.000000 2.787975 153.030260 -0.404746 14.165834 -1.361910 
707 32.363638 0.000000 2.732549 145.737798 -0.490320 -17.450527 -1.154427 
708 32.422762 0.000000 2.787975 159.235837 -0.384256 -28.706080 -1.618024 
709 32.363638 0.000000 2.843400 160.217789 -0.299894 8.327826 -1.573918 
710 38.689900 0.000000 1.291497 103.203195 0.524689 15.157036 -0.088091 
711 38.689900 0.000000 -0.482106 102.175344 0.423960 27.118511 -0.117539 
712 40.581866 0.000000 1.291497 103.554497 0.168745 11.026515 -0.084515 
713 38.689900 0.000000 3.065100 95.516981 0.156674 -4.103704 0.085964 
714 35.851951 0.000000 2.178299 97.978461 -0.096149 -2.546597 0.039373 
715 35.851951 0.000000 1.291497 105.571565 -0.164449 12.416186 -0.129954 
716 36.797934 0.000000 2.178299 99.874308 0.119140 11.892747 -0.011633 
717 35.851951 0.000000 3.065100 93.714730 -0.053274 -13.042819 0.104743 
718 34.432976 0.000000 2.621699 103.141749 -0.438777 16.956135 -0.092592 
719 34.432976 0.000000 2.178299 102.382487 -0.569303 12.824796 -0.064697 
720 34.905968 0.000000 2.621699 101.358425 -0.258689 -21.984301 -0.075691 
721 34.432976 0.000000 3.065100 104.272131 -0.309014 9.132226 -0.095617 
722 34.905968 0.000000 -2.255709 101.923450 0.151743 30.125023 -0.129593 
723 34.905968 0.000000 -4.029311 97.323887 0.013468 16.890281 0.024278 
724 36.797934 0.000000 -2.255709 100.258572 0.183344 31.451981 -0.104104 
725 33.959985 0.000000 0.404696 104.579468 -0.095864 18.566144 -0.128158 
726 33.959985 0.000000 -0.482106 103.609921 0.119962 26.571261 -0.144106 
727 34.905968 0.000000 0.404696 105.432861 -0.037321 18.084267 -0.144313 
728 34.432976 0.000000 1.734898 104.778512 -0.415780 7.880792 -0.104082 
729 33.959985 0.000000 1.734898 104.473186 -0.545970 2.759636 -0.092256 
730 34.432976 0.000000 1.291497 105.243256 -0.286472 11.059573 -0.119854 
731 34.905968 0.000000 1.734898 105.580508 -0.333550 8.677383 -0.122265 
732 38.689900 0.000000 4.838703 96.676221 0.033396 3.427429 0.064196 
733 40.581866 0.000000 4.838703 95.411251 -0.000000 4.888405 0.087280 
734 38.689900 0.000000 6.612306 95.529547 -0.000000 6.807431 0.082776 
735 35.851951 0.000000 3.951901 99.590297 -0.150608 -0.846036 0.008103 
736 36.797934 0.000000 3.951901 99.963980 -0.159913 2.226118 0.000222 
737 35.851951 0.000000 4.838703 97.377157 -0.018414 3.414516 0.050603 
738 35.378959 0.000000 2.621699 100.409217 -0.100828 -41.408822 -0.179671 
739 35.378959 0.000000 2.178299 101.513116 -0.141610 -15.682144 -0.055086 
740 35.851951 0.000000 2.621699 94.858636 -0.080869 -8.448746 0.093045 
741 35.378959 0.000000 3.065100 102.218028 -0.169994 -20.292079 -0.086032 
742 34.669472 0.000000 2.399999 101.412805 -0.440799 -30.690650 -0.122667 
743 34.432976 0.000000 2.399999 102.751921 -0.485942 11.285132 -0.068555 
744 34.669472 0.000000 2.178299 102.943547 -0.352081 -6.465983 -0.063931 
745 34.905968 0.000000 2.399999 100.800420 -0.260942 -20.241320 -0.057050 
746 34.669472 0.000000 2.621699 101.907155 -0.243088 -43.180095 -0.224965 
747 35.851951 0.000000 0.404696 104.217642 -0.042877 18.820258 -0.121552 
748 35.851951 0.000000 -0.482106 101.947160 0.172905 28.464153 -0.120346 
749 36.797934 0.000000 0.404696 103.981511 0.089081 19.991491 -0.121182 
750 35.378959 0.000000 1.734898 103.054361 -0.252769 6.566659 -0.066339 
751 35.378959 0.000000 1.291497 105.242440 -0.256279 10.546455 -0.118726 
752 35.851951 0.000000 1.734898 102.261683 -0.131926 6.787470 -0.050354 
753 37.743917 0.000000 2.178299 102.128423 1.124408 -10.711252 -0.054621 
754 37.743917 0.000000 1.291497 105.043255 0.212889 13.120252 -0.120627 
755 38.689900 0.000000 2.178299 90.040137 2.251001 -3.146401 0.187781 
756 37.743917 0.000000 3.065100 106.884735 0.045177 -3.355394 -0.143561 
757 36.324942 0.000000 2.621699 95.485750 0.064748 3.573024 0.086970 
758 36.324942 0.000000 2.178299 99.154831 0.092112 5.284354 0.014039 
759 36.797934 0.000000 2.621699 99.006283 0.051363 8.839453 0.011962 
760 36.324942 0.000000 3.065100 97.366766 0.059425 0.278513 0.051963 
761 35.615455 0.000000 2.399999 98.501993 -0.075080 -23.753468 -0.026688 
762 35.378959 0.000000 2.399999 100.656714 -0.100837 -31.305189 -0.111180 
763 35.615455 0.000000 2.178299 100.017273 -0.111761 -11.786835 -0.014240 
764 35.851951 0.000000 2.399999 92.842400 0.024701 -6.079888 0.134332 
765 35.615455 0.000000 2.621699 97.810360 -0.080310 -40.931892 -0.124229 
766 35.142463 0.000000 2.399999 102.518482 -0.021030 -46.471299 -0.266962 
767 35.142463 0.000000 2.178299 102.920626 -0.150318 -19.318572 -0.096589 
768 35.142463 0.000000 2.621699 102.781701 -0.042741 -53.838990 -0.346272 
769 35.378959 0.000000 3.508501 104.014584 -0.224611 -7.965702 -0.088254 
770 34.905968 0.000000 3.508501 110.049619 -0.190244 -0.093478 -0.211096 
771 35.851951 0.000000 3.508501 98.197933 -0.166494 -5.269153 0.032937 
772 35.378959 0.000000 3.951901 101.433749 -0.152621 -0.756841 -0.028940 
773 35.615455 0.000000 2.843400 98.984248 -0.130258 -28.829588 -0.062904 
774 35.378959 0.000000 2.843400 101.355551 -0.156116 -29.621971 -0.115043 
775 35.851951 0.000000 2.843400 95.983455 -0.152147 -10.205835 0.068299 
776 35.615455 0.000000 3.065100 99.165398 -0.201366 -12.093493 0.001993 
777 35.497207 0.000000 2.510849 99.184632 -0.090491 -38.106604 -0.128971 
778 35.378959 0.000000 2.510849 100.260492 -0.093662 -39.466804 -0.160980 
779 35.497207 0.000000 2.399999 99.868852 -0.097563 -28.065983 -0.076150 
780 35.615455 0.000000 2.510849 98.147608 -0.078352 -33.509669 -0.075586 
781 35.497207 0.000000 2.621699 98.511962 -0.087502 -49.268850 -0.213203 
782 59.501528 0.000000 -4.029311 99.001206 -0.286211 11.305110 0.007087 
783 59.501528 0.000000 -11.123723 98.989637 -0.207806 12.194372 0.005231 
784 67.069393 0.000000 -4.029311 99.184832 -0.240747 11.419565 0.003190 
785 59.501528 0.000000 3.065100 98.562500 -0.882454 13.978760 0.008925 
786 48.149731 0.000000 -0.482106 97.612627 -0.540096 11.162312 0.034689 
787 48.149731 0.000000 -4.029311 97.974357 -0.408402 11.428860 0.027024 
788 51.933663 0.000000 -0.482106 98.410471 -0.403024 11.043192 0.019326 
789 48.149731 0.000000 3.065100 97.262871 -0.258570 12.883628 0.037388 
790 42.473832 0.000000 1.291497 101.865426 0.229252 8.029295 -0.044109 
791 42.473832 0.000000 -0.482106 93.125215 -0.389367 14.841750 0.110727 
792 44.365799 0.000000 1.291497 94.162339 -1.231370 13.361408 0.095341 
793 42.473832 0.000000 3.065100 101.339415 0.504655 -6.686941 -0.031465 
794 59.501528 0.000000 10.159511 99.482222 -1.749091 6.978597 0.005153 
795 67.069393 0.000000 10.159511 99.676117 -1.358808 7.723350 0.000318 
796 59.501528 0.000000 17.253923 99.268126 0.621302 10.450884 0.003623 
797 48.149731 0.000000 6.612306 98.180348 -1.467394 8.278518 0.028993 
798 51.933663 0.000000 6.612306 98.746298 -0.745703 8.827421 0.017069 
799 48.149731 0.000000 10.159511 98.479068 -14.063800 15.288746 -0.012966 
800 42.473832 0.000000 4.838703 95.572809 0.000000 6.115054 0.082844 
801 44.365799 0.000000 4.838703 96.170872 -1.177665 8.115912 0.068391 
802 42.473832 0.000000 6.612306 96.316948 0.000000 6.624768 0.067916 
803 41.527849 0.000000 2.178299 94.684185 3.156502 1.024383 0.102389 
804 40.581866 0.000000 2.178299 94.575596 2.657074 -8.206889 0.098104 
805 41.527849 0.000000 1.291497 102.781875 0.055282 11.474396 -0.069578 
806 42.473832 0.000000 2.178299 101.342283 0.526050 5.571983 -0.030158 
807 41.527849 0.000000 3.065100 98.690288 0.495597 1.026353 0.025893 
808 44.365799 0.000000 -18.218134 98.939830 -0.544130 13.057788 0.004011 
809 44.365799 0.000000 -25.312545 99.032228 -0.049367 13.260826 0.001677 
810 51.933663 0.000000 -18.218134 98.932684 -0.199225 12.857007 0.004698 
811 40.581866 0.000000 -7.576517 97.921166 -0.243276 13.163242 0.023812 
812 40.581866 0.000000 -11.123723 98.401265 -0.240119 13.023237 0.014753 
813 44.365799 0.000000 -7.576517 98.066245 -0.355963 12.398894 0.022915 
814 42.473832 0.000000 -2.255709 95.786770 -0.329436 13.585595 0.064022 
815 40.581866 0.000000 -2.255709 95.452437 -0.170015 15.249362 0.065626 
816 42.473832 0.000000 -4.029311 96.908740 -0.336279 13.023485 0.043897 
817 44.365799 0.000000 -2.255709 96.517525 -0.479398 12.198180 0.053534 
818 41.527849 0.000000 0.404696 103.430216 -0.344815 11.159963 -0.082247 
819 40.581866 0.000000 0.404696 103.468283 0.032406 13.966633 -0.090075 
820 41.527849 0.000000 -0.482106 105.709806 -0.919458 25.299642 -0.181548 
821 42.473832 0.000000 0.404696 102.997435 -1.087883 20.293668 -0.102149 
822 46.257765 0.000000 1.291497 96.519343 -0.790886 12.597162 0.052470 
823 46.257765 0.000000 -0.482106 96.855474 -0.566883 11.452982 0.048753 
824 48.149731 0.000000 1.291497 97.476385 -0.685584 12.172102 0.034972 
825 46.257765 0.000000 3.065100 96.472791 -0.170338 11.944699 0.055030 
826 43.419815 0.000000 2.178299 90.326170 -2.641965 15.836198 0.158342 
827 43.419815 0.000000 1.291497 90.712328 -2.227988 14.446801 0.155760 
828 44.365799 0.000000 2.178299 93.618504 -1.637110 17.582031 0.092377 
829 43.419815 0.000000 3.065100 93.085482 -1.953056 9.041040 0.124954 
830 42.000841 0.000000 1.734898 101.292492 0.553792 6.695884 -0.030531 
831 41.527849 0.000000 1.734898 101.259012 0.745708 6.678716 -0.029855 
832 42.000841 0.000000 1.291497 102.049150 0.192705 9.054027 -0.049604 
833 42.473832 0.000000 1.734898 55.163527 0.165754 19.897739 0.656104 
834 42.000841 0.000000 2.178299 100.602371 0.929501 4.426916 -0.014130 
835 43.419815 0.000000 0.404696 92.887711 -1.023216 13.240828 0.119551 
836 43.419815 0.000000 -0.482106 94.355195 -0.615504 13.159276 0.092355 
837 44.365799 0.000000 0.404696 94.785203 -0.856824 12.142620 0.086759 
838 42.000841 0.000000 0.848096 103.292598 -0.319947 10.342979 -0.077644 
839 41.527849 0.000000 0.848096 102.837020 -0.042728 11.777777 -0.071417 
840 42.000841 0.000000 0.404696 103.271599 -0.325547 10.258824 -0.077037 
841 42.473832 0.000000 0.848096 103.124105 -0.284662 9.153487 -0.071845 
842 42.946824 0.000000 1.734898 102.956091 -0.186454 7.179717 -0.065154 
843 42.946824 0.000000 1.291497 103.004318 -0.229578 7.922513 -0.067271 
844 43.419815 0.000000 1.734898 89.653110 -3.479834 17.261608 0.165225 
845 42.946824 0.000000 2.178299 102.921937 -0.140644 6.439460 -0.063441 
846 42.237337 0.000000 1.513198 71.943509 -0.523254 39.862578 0.323483 
847 42.000841 0.000000 1.513198 101.733339 0.339618 8.008727 -0.041393 
848 42.237337 0.000000 1.291497 101.922024 0.218207 8.434072 -0.045928 
849 42.473832 0.000000 1.513198 101.715773 0.303548 7.442475 -0.040158 
850 42.237337 0.000000 1.734898 39.124088 0.021661 23.561332 0.791417 
851 41.527849 0.000000 3.951901 96.150085 0.344881 0.016666 0.075504 
852 40.581866 0.000000 3.951901 98.208424 0.442217 -0.708129 0.035441 
853 42.473832 0.000000 3.951901 93.690384 -1.140042 6.166402 0.118279 
854 41.527849 0.000000 4.838703 95.061223 0.000000 5.413246 0.093406 
855 42.000841 0.000000 2.621699 101.056223 0.791741 3.708074 -0.022674 
856 41.527849 0.000000 2.621699 98.712067 0.900151 0.582700 0.025478 
857 42.473832 0.000000 2.621699 101.366792 0.555465 4.882274 -0.029937 
858 42.000841 0.000000 3.065100 100.695909 0.591595 3.354997 -0.015127 
859 42.237337 0.000000 1.956598 45.391970 2.160685 -8.192531 0.786778 
860 42.000841 0.000000 1.956598 100.813892 0.796140 5.398423 -0.019322 
861 42.473832 0.000000 1.956598 57.537217 0.747689 3.355511 0.667765 
862 42.237337 0.000000 2.178299 87.968631 2.111833 -4.398974 0.223771 
863 15.986306 0.000000 -2.255709 -6.697251 0.096302 1.095862 0.995394 
864 15.986306 0.000000 -4.029311 96.661077 0.502998 -5.563232 0.062543 
865 17.878272 0.000000 -2.255709 -7.907136 0.246907 0.669529 0.993697 
866 15.986306 0.000000 -5.802914 96.579499 -0.221544 3.078547 0.066287 
867 15.986306 0.000000 -7.576517 97.349942 -0.253546 7.413546 0.046796 
868 17.878272 0.000000 -5.802914 99.926458 0.046422 1.677871 0.001189 
869 15.040323 0.000000 -3.142510 92.903563 0.071627 -21.116040 0.092304 
870 14.094340 0.000000 -3.142510 83.511341 -0.309280 -11.265698 0.289884 
871 15.040323 0.000000 -4.029311 93.943431 -0.328807 -6.228961 0.113572 
872 15.986306 0.000000 -3.142510 97.046000 0.346692 -7.796178 0.052117 
873 15.040323 0.000000 -2.255709 -6.675960 -0.099172 2.259556 0.995032 
874 13.148357 0.000000 -3.142510 90.390842 -0.365959 -0.495323 0.182912 
875 13.148357 0.000000 -4.029311 93.420089 -0.421813 0.203210 0.127247 
876 13.148357 0.000000 -2.255709 90.184944 -0.360282 -0.243442 0.186649 
877 15.040323 0.000000 -1.368907 -7.760664 -0.101609 2.410582 0.993395 
878 14.094340 0.000000 -1.368907 -9.219711 -0.058313 3.487109 0.990283 
879 15.986306 0.000000 -1.368907 -7.501897 0.099139 1.756121 0.994063 
880 15.040323 0.000000 -0.482106 -8.269310 0.045842 1.972210 0.992773 
881 14.567331 0.000000 -2.699109 88.533425 -0.121110 -18.029413 0.183676 
882 14.094340 0.000000 -2.699109 86.841730 -0.313840 -1.321918 0.245667 
883 14.567331 0.000000 -3.142510 85.600686 -0.118017 -26.576143 0.196622 
884 15.040323 0.000000 -2.699109 89.692175 0.000410 -28.678669 0.113285 
885 14.567331 0.000000 -2.255709 87.786680 -0.322466 -1.821393 0.229008 
886 13.148357 0.000000 -1.368907 -11.946901 -0.217077 3.261045 0.984659 
887 12.202374 0.000000 -1.368907 -12.577247 -0.318180 1.990448 0.983775 
888 13.148357 0.000000 -0.482106 -10.588717 -0.138391 2.230819 0.988288 
889 13.621348 0.000000 -2.699109 89.364833 -0.350246 -0.766902 0.201322 
890 13.148357 0.000000 -2.699109 90.385730 -0.365737 -0.480987 0.183005 
891 13.621348 0.000000 -3.142510 89.214483 -0.347625 -0.873359 0.203989 
892 13.621348 0.000000 -2.255709 86.696393 -0.312513 -1.245097 0.248209 
893 15.040323 0.000000 -4.916113 94.419234 -0.249533 0.756308 0.108437 
894 14.094340 0.000000 -4.916113 93.211217 -0.313761 3.472785 0.129951 
895 15.040323 0.000000 -5.802914 95.772863 -0.293102 4.414854 0.080798 
896 15.986306 0.000000 -4.916113 95.724534 -0.188949 -0.514985 0.083651 
897 14.567331 0.000000 -3.585911 89.383732 -0.052321 -24.310585 0.141954 
898 14.094340 0.000000 -3.585911 86.757143 -0.313067 -1.277208 0.247147 
899 14.567331 0.000000 -4.029311 90.046998 -0.334210 -4.928511 0.186714 
900 15.040323 0.000000 -3.585911 93.416783 0.085806 -19.888127 0.087776 
901 14.330835 0.000000 -2.920810 81.104689 -0.229019 -25.790007 0.275685 
902 14.094340 0.000000 -2.920810 83.435064 -0.309235 -11.520191 0.290578 
903 14.330835 0.000000 -3.142510 83.594078 -0.198071 -23.122862 0.247732 
904 14.567331 0.000000 -2.920810 84.072020 -0.175063 -24.383498 0.233731 
905 14.330835 0.000000 -2.699109 83.778379 -0.270886 -14.901775 0.275905 
906 13.148357 0.000000 -4.916113 93.874079 -0.135251 6.322095 0.114767 
907 12.202374 0.000000 -4.916113 94.961477 -0.154921 8.261635 0.091404 
908 13.148357 0.000000 -5.802914 95.329826 -0.215416 7.899279 0.084978 
909 13.621348 0.000000 -3.585911 87.946531 -0.332424 -1.018655 0.226426 
910 13.148357 0.000000 -3.585911 90.178239 -0.360406 -0.268080 0.186768 
911 13.621348 0.000000 -4.029311 87.786680 -0.322466 -1.821393 0.229008 
912 14.330835 0.000000 -3.364210 88.454726 -0.131866 -17.118723 0.188269 
913 14.094340 0.000000 -3.364210 86.825956 -0.313695 -1.313581 0.245943 
914 14.330835 0.000000 -3.585911 88.929676 -0.153282 -16.845580 0.180772 
915 14.567331 0.000000 -3.364210 89.437307 -0.046773 -24.909197 0.138050 
916 19.770238 0.000000 -2.255709 -9.616836 -0.073949 -0.350962 0.990739 
917 19.770238 0.000000 -4.029311 114.515782 0.100437 -4.267426 -0.313209 
918 16.932289 0.000000 -3.142510 96.945292 0.397239 -10.502532 0.049115 
919 16.932289 0.000000 -4.029311 97.043245 0.346304 -12.857413 0.041718 
920 17.878272 0.000000 -3.142510 100.294290 0.391561 -14.848389 -0.027957 
921 16.932289 0.000000 -2.255709 -7.391934 0.350176 1.060557 0.994411 
922 15.513314 0.000000 -2.699109 97.550266 0.194648 -10.183670 0.038020 
923 15.513314 0.000000 -3.142510 95.994543 0.182330 -13.143442 0.061226 
924 15.986306 0.000000 -2.699109 96.661077 0.502998 -5.563232 0.062543 
925 15.513314 0.000000 -2.255709 -6.438716 0.131494 1.606789 0.995594 
926 14.803827 0.000000 -2.920810 89.510194 -0.037273 -25.810111 0.132176 
927 14.803827 0.000000 -3.142510 90.291880 -0.009304 -26.790420 0.112965 
928 15.040323 0.000000 -2.920810 92.098940 0.054201 -23.039983 0.098694 
929 14.803827 0.000000 -2.699109 89.409454 -0.048160 -24.664371 0.139762 
930 14.449083 0.000000 -3.031660 78.491017 -0.236117 -31.209332 0.286508 
931 14.330835 0.000000 -3.031660 80.257025 -0.232176 -27.472915 0.280399 
932 14.449083 0.000000 -3.142510 81.287089 -0.205637 -27.794202 0.261985 
933 14.567331 0.000000 -3.031660 84.126664 -0.167949 -25.065759 0.229438 
934 14.449083 0.000000 -2.920810 80.940537 -0.217860 -27.336225 0.270131 
935 15.513314 0.000000 -3.585911 97.476566 0.186796 -10.238528 0.039346 
936 15.513314 0.000000 -4.029311 97.550266 0.194648 -10.183670 0.038020 
937 15.986306 0.000000 -3.585911 97.033955 0.350608 -7.734293 0.052447 
938 19.770238 0.000000 -5.802914 104.849119 -0.231265 4.755438 -0.101601 
939 19.770238 0.000000 -7.576517 101.294932 -0.036335 8.129575 -0.032675 
940 18.824255 0.000000 -3.142510 108.093475 0.251723 -13.890926 -0.187722 
941 18.824255 0.000000 -4.029311 109.283429 0.221810 -12.528067 -0.209987 
942 19.770238 0.000000 -3.142510 114.698974 0.099197 -6.203063 -0.319434 
943 18.824255 0.000000 -2.255709 -8.861508 0.373878 0.458996 0.992112 
944 20.716221 0.000000 -3.142510 117.420070 0.014027 7.197709 -0.383928 
945 20.716221 0.000000 -4.029311 116.815487 -0.003279 9.958125 -0.374502 
946 21.662204 0.000000 -3.142510 114.087140 -0.064394 18.336271 -0.335210 
947 20.716221 0.000000 -2.255709 -10.626001 -0.117195 -0.627210 0.988668 
948 22.608188 0.000000 -3.142510 111.937895 -0.248352 18.189145 -0.286100 
949 22.608188 0.000000 -4.029311 112.059546 -0.229699 18.434470 -0.289722 
950 22.608188 0.000000 -2.255709 -13.407637 -0.367300 -2.434303 0.981417 
951 22.608188 0.000000 -4.916113 107.759921 -0.457240 13.000831 -0.178143 
952 21.662204 0.000000 -4.916113 109.475217 -0.326789 11.488331 -0.211691 
953 22.608188 0.000000 -5.802914 105.371528 -0.301802 12.115405 -0.125003 
954 23.554171 0.000000 -4.916113 107.294839 -0.131836 14.399117 -0.171953 
955 23.081179 0.000000 -3.585911 111.621020 -0.335575 17.259000 -0.275724 
956 22.608188 0.000000 -3.585911 111.988620 -0.236685 18.320083 -0.287713 
957 23.081179 0.000000 -4.029311 111.380179 -0.419954 16.476665 -0.267720 
958 23.554171 0.000000 -3.585911 113.434540 -0.289018 11.877788 -0.300856 
959 23.081179 0.000000 -3.142510 111.534557 -0.354490 17.037452 -0.273036 
960 37.743917 0.000000 3.951901 101.352504 0.091998 -0.362202 -0.027247 
961 38.689900 0.000000 3.951901 98.509799 0.161571 -0.704708 0.029530 
962 37.743917 0.000000 4.838703 96.824862 -0.000000 4.523312 0.060449 
963 82.205122 0.000000 173.330973 99.044832 0.017070 13.883106 -0.000262 
964 21.662204 0.000000 173.330973 99.047172 0.011489 13.897278 -0.000348 
965 142.748040 0.000000 173.330973 99.040256 0.022237 13.874048 -0.000146 
966 82.205122 0.000000 230.086264 99.037547 0.012226 13.899672 -0.000164 
967 51.933663 0.000000 88.198036 99.083419 0.040664 13.787849 -0.000763 
968 21.662204 0.000000 88.198036 99.096335 0.034198 13.839367 -0.001161 
969 82.205122 0.000000 88.198036 99.075091 0.040083 13.755128 -0.000508 
970 51.933663 0.000000 116.575682 99.069980 0.021292 13.848219 -0.000663 
971 36.797934 0.000000 45.631568 99.145930 0.374571 13.447745 -0.001090 
972 21.662204 0.000000 45.631568 99.181963 0.390842 13.613433 -0.002254 
973 51.933663 0.000000 45.631568 99.004257 0.346574 13.435768 0.001752 
974 36.797934 0.000000 59.820391 99.082116 0.067528 13.680007 -0.000441 
975 44.365799 0.000000 24.348334 99.268510 0.385979 12.191593 -0.000302 
976 36.797934 0.000000 24.348334 99.527934 0.236926 12.301302 -0.005719 
977 51.933663 0.000000 24.348334 99.164609 0.230442 12.129912 0.001919 
978 44.365799 0.000000 31.442745 99.308083 0.063959 12.812302 -0.002625 
979 40.581866 0.000000 13.706717 100.628367 0.457965 9.032910 -0.020787 
980 36.797934 0.000000 13.706717 100.343187 0.179609 10.712445 -0.018354 
981 44.365799 0.000000 13.706717 99.525816 0.679450 8.592096 0.002033 
982 40.581866 0.000000 17.253923 99.660776 0.496121 10.846701 -0.005017 
983 42.473832 0.000000 8.385909 97.408099 -0.000000 6.027800 0.047533 
984 40.581866 0.000000 8.385909 95.249977 -0.000000 5.182308 0.090059 
985 44.365799 0.000000 8.385909 97.900928 -2.460836 6.105834 0.037207 
986 42.473832 0.000000 10.159511 98.456670 -0.000000 4.810502 0.028314 
987 41.527849 0.000000 5.725504 95.573115 -0.000000 6.234419 0.082691 
988 40.581866 0.000000 5.725504 95.484760 -0.000000 5.940218 0.084737 
989 42.473832 0.000000 5.725504 95.726358 0.000000 6.518197 0.079398 
990 41.527849 0.000000 6.612306 95.840745 -0.000000 6.446787 0.077299 
991 38.689900 0.000000 8.385909 93.825876 -0.000000 8.105723 0.113100 
992 36.797934 0.000000 8.385909 95.375893 0.000000 11.018389 0.078203 
993 38.689900 0.000000 10.159511 100.751303 0.538619 1.928052 -0.015483 
994 39.635883 0.000000 5.725504 95.465910 -0.000000 5.876491 0.085173 
995 38.689900 0.000000 5.725504 95.866931 -0.000000 5.867793 0.077510 
996 39.635883 0.000000 4.838703 95.495497 0.000000 4.699690 0.085852 
997 39.635883 0.000000 6.612306 95.378382 -0.000000 6.475232 0.086104 
998 46.257765 0.000000 4.838703 97.198180 -0.994422 8.965749 0.047114 
999 48.149731 0.000000 4.838703 97.807999 -0.819851 9.335174 0.034578 
1000 46.257765 0.000000 6.612306 97.890251 -1.536638 6.383777 0.037438 
1001 43.419815 0.000000 5.725504 96.359902 0.635277 6.128371 0.067681 
1002 43.419815 0.000000 4.838703 95.614304 -1.287128 7.422115 0.080116 
1003 44.365799 0.000000 5.725504 96.707152 -2.028425 7.247964 0.059108 
1004 43.419815 0.000000 6.612306 96.735442 -0.963480 6.829820 0.059468 
1005 42.000841 0.000000 5.282104 95.583978 0.000000 6.166412 0.082568 
1006 41.527849 0.000000 5.282104 95.487344 0.000000 5.990517 0.084628 
1007 42.000841 0.000000 4.838703 95.106996 0.000000 5.610672 0.092318 
1008 42.473832 0.000000 5.282104 95.659369 0.000000 6.317334 0.080938 
1009 42.000841 0.000000 5.725504 95.668636 0.000000 6.399549 0.080656 
1010 41.054858 0.000000 5.282104 95.456408 -0.000000 5.665083 0.085598 
1011 40.581866 0.000000 5.282104 95.470451 -0.000000 5.482087 0.085534 
1012 41.054858 0.000000 4.838703 95.287815 -0.000000 5.102166 0.089420 
1013 41.054858 0.000000 5.725504 95.514534 -0.000000 6.061149 0.084024 
1014 39.635883 0.000000 3.951901 98.242805 0.117204 2.062331 0.034408 
1015 39.635883 0.000000 3.065100 101.880869 0.432105 4.748913 -0.040245 
1016 40.108875 0.000000 5.282104 95.501346 0.000000 5.427482 0.085004 
1017 39.635883 0.000000 5.282104 95.521458 -0.000000 5.282078 0.084775 
1018 40.108875 0.000000 4.838703 95.475417 -0.000000 4.830505 0.086111 
1019 40.108875 0.000000 5.725504 95.476305 0.000000 5.870160 0.084982 
1020 48.149731 0.000000 13.706717 99.250175 0.700860 8.726675 0.007276 
1021 51.933663 0.000000 13.706717 99.095795 0.909644 9.000970 0.009818 
1022 48.149731 0.000000 17.253923 99.106638 0.540139 10.641354 0.006434 
1023 46.257765 0.000000 8.385909 98.300035 -1.656570 6.863942 0.028725 
1024 48.149731 0.000000 8.385909 98.583781 -1.051350 7.179202 0.022859 
1025 46.257765 0.000000 10.159511 98.629952 12.018248 8.531230 0.005491 
1026 43.419815 0.000000 7.499107 97.003009 0.000000 6.150867 0.055258 
1027 42.473832 0.000000 7.499107 96.543417 0.000000 6.411945 0.063826 
1028 44.365799 0.000000 7.499107 97.500638 -1.301546 6.726128 0.044669 
1029 43.419815 0.000000 8.385909 97.628894 0.000000 6.056243 0.043192 
1030 41.527849 0.000000 7.499107 96.081151 -0.000000 6.119464 0.073096 
1031 40.581866 0.000000 7.499107 95.409731 -0.000000 6.131031 0.085939 
1032 41.527849 0.000000 8.385909 96.447323 -0.000000 5.245060 0.067040 
1033 42.473832 0.000000 11.933114 100.019151 0.687013 6.593071 -0.004777 
1034 40.581866 0.000000 11.933114 101.599634 0.359072 6.909379 -0.037035 
1035 44.365799 0.000000 11.933114 99.313477 0.841372 7.069517 0.008615 
1036 42.473832 0.000000 13.706717 99.957231 0.536805 8.627233 -0.006617 
1037 43.419815 0.000000 9.272710 98.191636 0.000000 5.721786 0.032566 
1038 42.473832 0.000000 9.272710 98.106610 -0.000000 5.333855 0.034664 
1039 44.365799 0.000000 9.272710 98.355164 -1.139634 5.742906 0.029198 
1040 43.419815 0.000000 10.159511 98.478216 0.000000 5.756681 0.026890 
1041 41.527849 0.000000 9.272710 97.200928 -0.000000 3.795826 0.053757 
1042 40.581866 0.000000 9.272710 95.880007 -0.000000 3.071408 0.079759 
1043 41.527849 0.000000 10.159511 99.287545 -0.121439 0.510052 0.014171 
1044 42.946824 0.000000 8.829309 97.860985 0.000000 6.007887 0.038713 
1045 42.473832 0.000000 8.829309 97.739623 -0.000000 5.675333 0.041476 
1046 42.946824 0.000000 8.385909 97.600807 0.000000 6.162238 0.043611 
1047 43.419815 0.000000 8.829309 97.937046 0.000000 5.839069 0.037424 
1048 42.946824 0.000000 9.272710 98.215511 0.000000 5.822839 0.031981 
1049 28.402334 0.000000 2.954250 91.603858 -0.107074 23.041265 0.107782 
1050 28.402334 0.000000 2.843400 92.631259 -0.171103 20.102088 0.101533 
1051 28.402334 0.000000 3.065100 85.960594 -0.059120 22.936834 0.208467 
1052 28.757078 0.000000 1.734898 100.781610 -0.381023 -2.969254 -0.016589 
1053 28.757078 0.000000 1.291497 -24.738273 -0.168201 2.104324 0.938356 
1054 29.230069 0.000000 1.734898 98.063349 -0.428462 -0.320283 0.038329 
1055 28.520582 0.000000 2.399999 100.117792 -0.188942 12.316262 -0.017530 
1056 28.520582 0.000000 2.178299 98.120050 -0.183587 15.075493 0.014515 
1057 28.757078 0.000000 2.399999 101.592399 -0.183239 11.506105 -0.045344 
1058 28.402334 0.000000 2.732549 98.339794 -0.160550 20.172962 -0.007769 
1059 28.284086 0.000000 2.732549 96.029958 -0.179730 15.883350 0.052593 
1060 28.402334 0.000000 2.621699 99.796806 -0.175365 16.564370 -0.023381 
1061 28.520582 0.000000 2.732549 100.849123 -0.185610 25.675288 -0.082980 
1062 28.343210 0.000000 2.898825 89.394208 -0.095762 22.330870 0.151000 
1063 28.284086 0.000000 2.898825 94.303105 -0.095299 25.204980 0.047162 
1064 28.343210 0.000000 2.843400 92.040010 -0.135464 20.377307 0.111338 
1065 28.402334 0.000000 2.898825 91.476436 -0.152172 21.032578 0.118967 
1066 28.343210 0.000000 2.954250 90.572995 -0.114458 20.791391 0.136424 
1067 29.703061 0.000000 3.508501 103.467970 -0.042558 5.063071 -0.073126 
1068 30.176052 0.000000 3.508501 103.251149 -0.032679 0.597565 -0.066116 
1069 29.703061 0.000000 3.951901 102.039959 -0.048881 1.287024 -0.041381 
1070 28.993573 0.000000 3.286800 100.440510 -0.066456 16.444894 -0.035873 
1071 29.230069 0.000000 3.286800 100.246538 -0.075093 9.732891 -0.014410 
1072 28.993573 0.000000 3.508501 102.433503 -0.089621 10.380034 -0.060038 
1073 29.466565 0.000000 3.286800 104.445301 -0.054033 5.013453 -0.093396 
1074 29.466565 0.000000 3.065100 102.873633 -0.095958 2.752599 -0.059057 
1075 29.703061 0.000000 3.286800 106.621814 -0.042084 4.101664 -0.138504 
1076 29.466565 0.000000 3.508501 102.584313 -0.063621 5.954668 -0.055900 
1077 29.111821 0.000000 3.175950 97.507063 -0.095614 12.130808 0.034521 
1078 28.993573 0.000000 3.175950 96.981076 -0.096115 17.643708 0.028336 
1079 29.111821 0.000000 3.065100 102.620714 -0.152207 17.293591 -0.083010 
1080 29.230069 0.000000 3.175950 100.543088 -0.098311 11.305318 -0.023673 
1081 29.111821 0.000000 3.286800 100.221786 -0.087449 12.553459 -0.020200 
1082 30.649044 0.000000 3.508501 105.547846 -0.030184 2.752356 -0.114792 
1083 30.649044 0.000000 3.065100 147.934422 -0.119768 -17.198118 -1.218038 
1084 30.649044 0.000000 3.951901 103.008531 -0.064365 -1.960961 -0.061461 
1085 29.939556 0.000000 3.286800 105.318019 -0.060634 5.298056 -0.111996 
1086 29.939556 0.000000 3.065100 106.200854 -0.100906 7.255051 -0.133127 
1087 30.176052 0.000000 3.286800 107.478126 -0.073893 5.873152 -0.158605 
1088 29.939556 0.000000 3.508501 105.104014 -0.062809 3.847013 -0.106166 
1089 30.649044 0.000000 2.621699 243.764581 -0.367126 -61.067987 -5.315060 
1090 30.649044 0.000000 2.178299 99.690546 -0.512743 0.662048 0.006109 
1091 30.412548 0.000000 3.286800 128.001551 -0.065488 -4.750067 -0.640696 
1092 30.412548 0.000000 3.065100 195.965660 -0.161454 -32.934964 -2.948728 
1093 30.649044 0.000000 3.286800 128.696394 -0.058933 -8.678929 -0.663809 
1094 30.412548 0.000000 3.508501 103.286480 -0.044632 1.671131 -0.067089 
1095 29.230069 0.000000 24.348334 99.781563 0.147421 12.565865 -0.011428 
1096 21.662204 0.000000 24.348334 99.957083 0.333874 13.113131 -0.016348 
1097 29.230069 0.000000 31.442745 99.554462 0.288996 13.097912 -0.008273 
1098 33.014001 0.000000 13.706717 99.882911 0.079294 10.589832 -0.008875 
1099 29.230069 0.000000 13.706717 100.218131 -0.048443 10.482640 -0.015356 
1100 33.014001 0.000000 17.253923 99.889476 0.218413 11.443875 -0.010892 
1101 31.122035 0.000000 8.385909 99.750966 0.158023 8.217238 -0.001780 
1102 29.230069 0.000000 8.385909 100.375058 0.108811 8.155480 -0.014168 
1103 33.014001 0.000000 8.385909 99.189904 0.130785 8.220427 0.009377 
1104 31.122035 0.000000 10.159511 99.957579 -0.153420 9.185451 -0.007591 
1105 30.176052 0.000000 5.725504 100.538662 0.087376 5.215532 -0.013523 
1106 29.230069 0.000000 5.725504 100.807877 -0.179160 5.583166 -0.019343 
1107 31.122035 0.000000 5.725504 99.853182 0.126346 5.175098 0.000254 
1108 30.176052 0.000000 6.612306 100.160689 -0.001968 6.409468 -0.007324 
1109 29.703061 0.000000 4.395302 97.749773 -0.000000 5.282976 0.041707 
1110 29.230069 0.000000 4.395302 96.775477 -0.000000 0.734367 0.063397 
1111 30.176052 0.000000 4.395302 102.753148 -0.000000 2.526636 -0.056459 
1112 29.703061 0.000000 4.838703 101.115666 -0.137722 4.348378 -0.024331 
1113 29.939556 0.000000 3.730201 104.283628 -0.085215 2.947230 -0.088377 
1114 29.703061 0.000000 3.730201 105.222207 -0.058326 4.178665 -0.108918 
1115 30.176052 0.000000 3.730201 104.182725 -0.070227 3.401626 -0.086562 
1116 29.939556 0.000000 3.951901 101.378127 -0.044158 1.899048 -0.028113 
1117 30.057804 0.000000 3.397651 106.356219 -0.054957 6.219792 -0.135033 
1118 29.939556 0.000000 3.397651 104.453442 -0.064712 6.848214 -0.095742 
1119 30.057804 0.000000 3.286800 105.883203 -0.069708 6.429679 -0.125260 
1120 30.176052 0.000000 3.397651 108.284559 -0.060754 4.604214 -0.174675 
1121 30.057804 0.000000 3.508501 105.641069 -0.059621 3.141097 -0.116991 
1122 30.649044 0.000000 4.395302 101.598526 -0.000000 -3.680768 -0.033581 
1123 31.122035 0.000000 4.395302 99.503594 -0.065938 -0.203360 0.009899 
1124 30.649044 0.000000 4.838703 104.989508 -0.000000 -2.143508 -0.102739 
1125 30.412548 0.000000 3.730201 106.406967 -0.075955 0.527003 -0.132273 
1126 30.649044 0.000000 3.730201 105.338337 -0.052392 -1.328756 -0.109793 
1127 30.412548 0.000000 3.951901 102.690745 -0.072102 -1.073445 -0.054655 
1128 30.294300 0.000000 3.397651 108.149659 -0.047396 5.071517 -0.172207 
1129 30.294300 0.000000 3.286800 123.998533 -0.053005 -1.778568 -0.537880 
1130 30.412548 0.000000 3.397651 122.478859 -0.055010 -4.355313 -0.502004 
1131 30.294300 0.000000 3.508501 101.912905 -0.030734 1.302458 -0.038794 
1132 30.057804 0.000000 3.619351 104.735280 -0.077569 3.439900 -0.098132 
1133 29.939556 0.000000 3.619351 104.077712 -0.078506 3.618394 -0.084527 
1134 30.176052 0.000000 3.619351 105.679949 -0.088894 2.792534 -0.117606 
1135 30.057804 0.000000 3.730201 104.873412 -0.067874 2.792539 -0.100624 
1136 30.116928 0.000000 3.453076 105.626527 -0.046224 2.712062 -0.116432 
1137 30.057804 0.000000 3.453076 106.556570 -0.062992 5.070306 -0.138001 
1138 30.116928 0.000000 3.397651 107.304838 -0.060164 4.887339 -0.153822 
1139 30.176052 0.000000 3.453076 105.071953 -0.049109 1.729656 -0.104311 
1140 30.116928 0.000000 3.508501 103.813918 -0.034755 0.674369 -0.077779 
1141 30.294300 0.000000 3.619351 104.202993 -0.065845 1.579379 -0.086076 
1142 30.412548 0.000000 3.619351 104.605703 -0.055804 1.269002 -0.094397 
1143 30.294300 0.000000 3.730201 105.611575 -0.077275 1.359780 -0.115566 
1144 30.235176 0.000000 3.453076 104.556700 -0.043037 1.907050 -0.093574 
1145 30.235176 0.000000 3.397651 109.518984 -0.055584 4.860972 -0.201804 
1146 30.294300 0.000000 3.453076 104.687459 -0.048774 2.526957 -0.096585 
1147 30.235176 0.000000 3.508501 102.777934 -0.036302 1.168609 -0.056467 
1148 30.116928 0.000000 3.563926 106.544652 -0.085930 3.432564 -0.136355 
1149 30.057804 0.000000 3.563926 104.804917 -0.074337 3.966778 -0.099981 
1150 30.176052 0.000000 3.563926 104.598750 -0.058014 1.544869 -0.094329 
1151 30.116928 0.000000 3.619351 105.135604 -0.077943 3.321465 -0.106453 
1152 30.146490 0.000000 3.480788 103.476773 -0.029889 0.356603 -0.070757 
1153 30.116928 0.000000 3.480788 104.145328 -0.038473 0.904213 -0.084707 
1154 30.146490 0.000000 3.453076 104.920228 -0.038800 1.969883 -0.101214 
1155 30.176052 0.000000 3.480788 103.645383 -0.033485 0.548071 -0.074267 
1156 30.146490 0.000000 3.508501 102.997841 -0.023555 -0.145635 -0.060858 
1157 30.235176 0.000000 3.563926 103.358722 -0.049570 1.514187 -0.068532 
1158 30.294300 0.000000 3.563926 103.858155 -0.056696 1.702082 -0.078942 
1159 30.235176 0.000000 3.619351 105.764219 -0.086087 2.286931 -0.119131 
1160 30.205614 0.000000 3.480788 102.851662 -0.030856 0.803683 -0.057911 
1161 30.205614 0.000000 3.453076 104.399704 -0.041548 1.422389 -0.090132 
1162 30.235176 0.000000 3.480788 103.190250 -0.038048 1.515425 -0.065053 
1163 30.205614 0.000000 3.508501 101.655356 -0.019172 -0.064916 -0.033382 
1164 30.146490 0.000000 3.536213 103.616453 -0.038668 0.795552 -0.073700 
1165 30.116928 0.000000 3.536213 104.363524 -0.049050 1.703053 -0.089465 
1166 30.176052 0.000000 3.536213 104.216745 -0.050951 1.434320 -0.086319 
1167 30.146490 0.000000 3.563926 104.680075 -0.061110 1.793692 -0.096114 
1168 30.161271 0.000000 3.494644 103.409558 -0.030256 0.284173 -0.069362 
1169 30.146490 0.000000 3.494644 102.935558 -0.021790 -0.184780 -0.059576 
1170 30.161271 0.000000 3.480788 103.657183 -0.032879 0.518177 -0.074508 
1171 30.176052 0.000000 3.494644 103.378573 -0.031441 0.350737 -0.068725 
1172 30.161271 0.000000 3.508501 103.292766 -0.031542 0.535067 -0.066968 
1173 34.905968 0.000000 8.385909 98.629551 0.267544 8.816991 0.019440 
1174 34.905968 0.000000 10.159511 99.454666 0.205248 9.776205 0.001315 
1175 38.689900 0.000000 11.933114 102.334612 0.288163 9.319217 -0.055930 
1176 36.797934 0.000000 11.933114 100.551060 0.431458 10.665924 -0.022446 
1177 38.689900 0.000000 13.706717 100.808543 0.327594 10.045660 -0.026338 
1178 37.743917 0.000000 9.272710 94.108022 0.000000 12.500580 0.098742 
1179 36.797934 0.000000 9.272710 95.135704 0.000000 12.330706 0.079715 
1180 37.743917 0.000000 8.385909 94.745722 0.000000 10.292414 0.091731 
1181 38.689900 0.000000 9.272710 92.401731 0.000000 7.043978 0.141230 
1182 37.743917 0.000000 10.159511 95.161246 0.000000 14.012421 0.074799 
1183 39.635883 0.000000 9.272710 93.872713 -0.000000 3.944088 0.117236 
1184 39.635883 0.000000 8.385909 94.073281 -0.000000 5.956490 0.111474 
1185 39.635883 0.000000 10.159511 100.982553 -0.068177 0.486182 -0.019772 
1186 34.905968 0.000000 11.933114 99.947134 0.282829 10.396709 -0.009760 
1187 33.014001 0.000000 11.933114 100.109100 -0.028530 10.019228 -0.012222 
1188 34.905968 0.000000 13.706717 100.010699 0.228776 10.711528 -0.011693 
1189 37.743917 0.000000 11.046313 102.316366 0.564073 11.169591 -0.059372 
1190 36.797934 0.000000 11.046313 100.422171 0.532725 11.054338 -0.020709 
1191 38.689900 0.000000 11.046313 104.429783 0.381738 8.624146 -0.098010 
1192 37.743917 0.000000 11.933114 101.483687 0.225795 10.493102 -0.040909 
1193 38.216908 0.000000 9.716111 103.593081 1.109510 4.476750 -0.075280 
1194 37.743917 0.000000 9.716111 96.077792 0.000000 13.959523 0.057419 
1195 38.216908 0.000000 9.272710 92.924324 0.000000 9.463652 0.127551 
1196 38.689900 0.000000 9.716111 99.085625 0.417124 3.140164 0.017200 
1197 38.216908 0.000000 10.159511 108.131211 1.525116 2.679176 -0.170186 
1198 41.527849 0.000000 11.046313 100.631755 0.674908 4.867642 -0.015090 
1199 40.581866 0.000000 11.046313 102.103450 0.268270 4.975142 -0.044994 
1200 42.473832 0.000000 11.046313 99.682239 1.152328 5.329407 0.003372 
1201 41.527849 0.000000 11.933114 100.702566 0.498654 6.567190 -0.018438 
1202 41.054858 0.000000 9.716111 99.453535 -0.273825 0.871605 0.010816 
1203 40.581866 0.000000 9.716111 98.428399 -0.146215 1.242905 0.031028 
1204 41.054858 0.000000 9.272710 96.632570 -0.000000 3.220432 0.065178 
1205 41.527849 0.000000 9.716111 99.042525 -0.104652 0.841465 0.018986 
1206 41.054858 0.000000 10.159511 100.326108 -0.382768 0.302688 -0.006557 
1207 42.000841 0.000000 9.716111 98.070584 -0.000000 3.765155 0.036798 
1208 42.000841 0.000000 9.272710 97.775211 0.000000 4.534939 0.041944 
1209 42.473832 0.000000 9.716111 98.432666 -0.000000 4.819023 0.028779 
1210 42.000841 0.000000 10.159511 98.104924 0.000000 3.589806 0.036254 
1211 39.635883 0.000000 11.046313 103.674340 0.290790 6.004778 -0.078451 
1212 39.635883 0.000000 11.933114 102.301127 0.279135 7.884148 -0.052776 
1213 41.054858 0.000000 10.602912 101.304317 0.270662 3.563878 -0.027534 
1214 40.581866 0.000000 10.602912 102.289118 0.132917 3.657581 -0.047646 
1215 41.527849 0.000000 10.602912 100.375166 0.872417 3.790650 -0.009030 
1216 41.054858 0.000000 11.046313 101.341108 0.416272 4.802828 -0.029326 
1217 41.291353 0.000000 9.937811 99.233170 -0.223912 0.633145 0.015233 
1218 41.054858 0.000000 9.937811 99.639278 -0.299141 0.639337 0.007152 
1219 41.291353 0.000000 9.716111 99.282077 -0.205910 0.831768 0.014233 
1220 41.527849 0.000000 9.937811 98.580542 -0.017412 1.101906 0.028066 
1221 41.291353 0.000000 10.159511 100.024482 -0.284929 0.144613 -0.000500 
1222 41.054858 0.000000 8.829309 96.185863 -0.000000 4.185229 0.073076 
1223 40.581866 0.000000 8.829309 95.417763 -0.000000 4.236725 0.087750 
1224 41.054858 0.000000 8.385909 95.820031 -0.000000 5.071198 0.079280 
1225 41.527849 0.000000 8.829309 96.654311 0.000000 4.634614 0.063646 
1226 41.291353 0.000000 9.494410 97.181851 -0.000000 2.777955 0.054797 
1227 41.054858 0.000000 9.494410 96.886027 -0.000000 2.999439 0.060410 
1228 41.291353 0.000000 9.272710 96.921532 -0.000000 3.330654 0.059512 
1229 41.527849 0.000000 9.494410 97.462260 -0.000000 3.413735 0.048945 
1230 46.257765 0.000000 11.933114 99.062527 1.175090 7.396861 0.013052 
1231 48.149731 0.000000 11.933114 99.113703 1.214824 7.567318 0.011773 
1232 46.257765 0.000000 13.706717 99.324454 0.645028 8.713235 0.005832 
1233 43.419815 0.000000 11.046313 99.284735 1.307460 5.793018 0.010727 
1234 44.365799 0.000000 11.046313 99.113453 1.357524 6.179580 0.013649 
1235 43.419815 0.000000 11.933114 99.597625 0.813324 6.773062 0.003378 
1236 42.000841 0.000000 10.602912 99.715870 1.608094 4.255762 0.003605 
1237 42.473832 0.000000 10.602912 99.345092 1.842818 4.716105 0.010492 
1238 42.000841 0.000000 11.046313 100.065610 0.955203 5.078153 -0.003983 
1239 41.764345 0.000000 9.937811 98.380139 -0.018722 1.697818 0.031847 
1240 41.764345 0.000000 9.716111 98.472124 0.003288 1.726063 0.030026 
1241 42.000841 0.000000 9.937811 98.087065 0.000000 3.537506 0.036641 
1242 41.764345 0.000000 10.159511 98.602113 0.004407 1.069253 0.027648 
1243 41.409601 0.000000 9.826961 99.278093 -0.180866 0.588915 0.014348 
1244 41.291353 0.000000 9.826961 99.308372 -0.222513 0.599106 0.013744 
1245 41.409601 0.000000 9.716111 98.974523 -0.115349 0.867167 0.020328 
1246 41.527849 0.000000 9.826961 99.234616 -0.111979 0.558475 0.015217 
1247 41.409601 0.000000 9.937811 98.875887 -0.104783 0.722130 0.022303 
1248 40.108875 0.000000 9.716111 98.845194 -0.068631 1.094593 0.022842 
1249 39.635883 0.000000 9.716111 98.427730 -0.054167 1.348667 0.031016 
1250 40.108875 0.000000 9.272710 94.859539 -0.000000 3.386151 0.099020 
1251 40.108875 0.000000 10.159511 100.197422 -0.091864 0.616730 -0.003991 
1252 40.818362 0.000000 9.937811 99.611072 -0.259589 0.680127 0.007710 
1253 40.581866 0.000000 9.937811 99.505511 -0.209890 0.767360 0.009802 
1254 40.818362 0.000000 9.716111 98.995447 -0.197466 1.017904 0.019883 
1255 40.818362 0.000000 10.159511 99.760910 -0.252389 0.646458 0.004728 
1256 41.173106 0.000000 9.826961 99.603770 -0.294942 0.646505 0.007858 
1257 41.054858 0.000000 9.826961 99.657584 -0.303121 0.634777 0.006787 
1258 41.173106 0.000000 9.716111 99.196246 -0.261757 1.139962 0.015874 
1259 41.173106 0.000000 9.937811 99.214632 -0.284466 0.798156 0.015574 
1260 40.108875 0.000000 10.602912 103.282019 0.177544 3.897337 -0.068240 
1261 39.635883 0.000000 10.602912 104.434305 0.252723 4.417777 -0.092610 
1262 40.108875 0.000000 11.046313 102.902772 0.295448 5.343012 -0.061762 
1263 40.345370 0.000000 9.937811 99.225833 -0.161653 0.913110 0.015337 
1264 40.108875 0.000000 9.937811 99.493087 -0.091973 0.811309 0.010046 
1265 40.345370 0.000000 9.716111 99.081849 -0.151044 1.085978 0.018159 
1266 40.345370 0.000000 10.159511 99.951829 -0.189174 0.669246 0.000915 
1267 39.162892 0.000000 9.716111 96.943844 0.063093 2.025556 0.059778 
1268 39.162892 0.000000 9.272710 92.885732 -0.000000 4.903684 0.134819 
1269 39.162892 0.000000 10.159511 99.113138 0.101204 1.333093 0.017480 
1270 39.162892 0.000000 10.602912 105.586436 0.344158 5.515960 -0.117904 
1271 38.689900 0.000000 10.602912 106.450364 0.516036 7.454334 -0.138751 
1272 39.162892 0.000000 11.046313 104.287043 0.349211 7.077192 -0.092600 
1273 38.926396 0.000000 9.937811 98.230873 0.186892 1.847039 0.034725 
1274 38.689900 0.000000 9.937811 99.275456 0.405860 2.112288 0.013976 
1275 38.926396 0.000000 9.716111 97.439916 0.148537 2.357350 0.049988 
1276 39.162892 0.000000 9.937811 98.571223 0.057025 1.527277 0.028138 
1277 38.926396 0.000000 10.159511 99.835745 0.211098 1.305462 0.003108 
1278 38.216908 0.000000 10.602912 105.699002 0.689972 10.727544 -0.128784 
1279 37.743917 0.000000 10.602912 102.693159 0.795177 12.274413 -0.069718 
1280 38.216908 0.000000 11.046313 103.669963 0.427262 10.296208 -0.085366 
1281 38.453404 0.000000 9.937811 99.717796 0.729659 4.238191 0.003787 
1282 38.216908 0.000000 9.937811 103.644256 1.025475 6.757789 -0.078885 
1283 38.453404 0.000000 9.716111 103.300699 1.020785 3.235429 -0.068254 
1284 38.453404 0.000000 10.159511 104.744145 1.111815 2.555319 -0.097910 
1285 35.851951 0.000000 9.272710 98.759668 0.483950 9.670955 0.015277 
1286 34.905968 0.000000 9.272710 99.174889 0.219576 9.264800 0.007846 
1287 35.851951 0.000000 8.385909 95.315214 0.000000 11.175380 0.079012 
1288 35.851951 0.000000 10.159511 99.230545 0.383783 10.382813 0.004535 
1289 37.270925 0.000000 9.716111 96.434071 0.000000 14.333157 0.049503 
1290 36.797934 0.000000 9.716111 98.566143 0.964944 11.195941 0.015844 
1291 37.270925 0.000000 9.272710 95.686164 0.000000 13.134323 0.067165 
1292 37.270925 0.000000 10.159511 99.378341 0.000000 16.510259 -0.014864 
1293 37.980413 0.000000 9.937811 107.240427 1.405719 4.522026 -0.152293 
1294 37.743917 0.000000 9.937811 94.963148 0.000000 13.191050 0.080800 
1295 37.980413 0.000000 9.716111 102.760267 0.924164 7.482992 -0.061652 
1296 37.980413 0.000000 10.159511 107.327176 1.386847 5.014993 -0.154620 
1297 37.743917 0.000000 7.499107 95.584241 -0.000000 8.391599 0.079323 
1298 36.797934 0.000000 7.499107 95.716728 0.000000 9.462349 0.074877 
1299 37.743917 0.000000 6.612306 95.937214 -0.000000 7.322675 0.074243 
1300 38.689900 0.000000 7.499107 94.972356 -0.000000 7.497600 0.092404 
1301 38.216908 0.000000 8.829309 93.795441 0.000000 10.053605 0.110134 
1302 37.743917 0.000000 8.829309 94.741603 0.000000 11.476517 0.089232 
1303 38.216908 0.000000 8.385909 94.067631 -0.000000 9.160730 0.106736 
1304 38.689900 0.000000 8.829309 92.889289 -0.000000 7.272852 0.131869 
1305 37.980413 0.000000 9.494410 93.777358 0.000000 12.523445 0.104897 
1306 37.743917 0.000000 9.494410 96.741498 0.000000 14.305395 0.043644 
1307 37.980413 0.000000 9.272710 93.345405 0.000000 11.044882 0.116465 
1308 38.216908 0.000000 9.494410 91.790500 0.000000 9.621180 0.148194 
1309 38.098661 0.000000 9.826961 106.297286 1.336866 3.900213 -0.131611 
1310 37.980413 0.000000 9.826961 105.657156 1.233452 5.593157 -0.119624 
1311 38.098661 0.000000 9.716111 103.091165 1.025963 6.012701 -0.066499 
1312 38.216908 0.000000 9.826961 106.543297 1.383092 3.217305 -0.136374 
1313 38.098661 0.000000 9.937811 107.540809 1.165223 7.545274 -0.162331 
1314 38.453404 0.000000 9.494410 91.948822 0.000000 7.710566 0.148596 
1315 38.453404 0.000000 9.272710 92.638624 0.000000 7.986688 0.135430 
1316 38.689900 0.000000 9.494410 92.397135 0.000000 6.941500 0.141458 
1317 38.335156 0.000000 9.826961 105.969291 1.278149 2.608107 -0.123793 
1318 38.335156 0.000000 9.716111 103.862336 1.086624 3.515859 -0.080093 
1319 38.453404 0.000000 9.826961 103.964865 1.038295 2.494516 -0.081599 
1320 38.335156 0.000000 9.937811 99.346042 0.795451 4.732377 0.010734 
1321 35.851951 0.000000 11.046313 99.874343 0.258150 10.586805 -0.008703 
1322 34.905968 0.000000 11.046313 99.598928 0.325922 10.169763 -0.002348 
1323 35.851951 0.000000 11.933114 100.097899 0.421721 10.568412 -0.013146 
1324 37.270925 0.000000 10.602912 100.802109 0.734242 11.824079 -0.030141 
1325 36.797934 0.000000 10.602912 100.081134 0.598794 11.280335 -0.014384 
1326 37.270925 0.000000 11.046313 101.152363 0.517104 11.234249 -0.035828 
1327 37.980413 0.000000 10.381212 94.760190 0.000000 13.722807 0.083219 
1328 37.743917 0.000000 10.381212 96.914518 0.000000 15.587444 0.036461 
1329 38.216908 0.000000 10.381212 93.689090 0.000000 11.737170 0.108459 
1330 37.980413 0.000000 10.602912 104.202184 0.818289 11.984884 -0.100240 
1331 38.098661 0.000000 10.048661 108.388189 1.543112 2.894783 -0.175876 
1332 37.980413 0.000000 10.048661 107.805899 1.469627 4.087237 -0.164098 
1333 38.216908 0.000000 10.048661 108.019896 1.520872 2.513572 -0.167693 
1334 38.098661 0.000000 10.159511 108.341236 1.540300 3.510493 -0.175252 
1335 38.157785 0.000000 9.882386 105.802927 1.236832 5.406470 -0.122502 
1336 38.098661 0.000000 9.882386 107.198740 1.426477 3.419090 -0.150529 
1337 38.157785 0.000000 9.826961 106.538396 1.373334 3.499530 -0.136456 
1338 38.216908 0.000000 9.882386 104.877095 1.182900 5.180253 -0.102744 
1339 38.157785 0.000000 9.937811 104.345597 1.047371 7.297935 -0.094236 
1340 55.717596 0.000000 6.612306 98.994490 -0.992110 9.371123 0.011129 
1341 55.717596 0.000000 3.065100 98.110658 -0.786578 15.761126 0.012527 
1342 59.501528 0.000000 6.612306 99.157555 -0.795656 9.621340 0.007458 
1343 55.717596 0.000000 10.159511 99.487660 -0.057198 5.299594 0.007412 
1344 50.041697 0.000000 4.838703 98.250223 -1.039867 9.686935 0.025198 
1345 50.041697 0.000000 3.065100 97.720032 -0.285556 14.001800 0.025466 
1346 51.933663 0.000000 4.838703 98.530135 -0.784162 9.989262 0.019141 
1347 50.041697 0.000000 6.612306 98.518136 -1.148580 8.669737 0.021769 
1348 43.419815 0.000000 3.951901 94.653357 -1.236647 7.748981 0.097917 
1349 44.365799 0.000000 3.951901 95.534548 -1.169491 8.807901 0.079420 
1350 42.000841 0.000000 4.395302 94.508726 0.000000 5.023676 0.104286 
1351 41.527849 0.000000 4.395302 94.477311 0.000000 4.324254 0.105534 
1352 42.000841 0.000000 3.951901 98.184392 0.730007 -2.974534 0.035044 
1353 42.473832 0.000000 4.395302 94.449549 0.000000 5.129568 0.105297 
1354 41.054858 0.000000 4.395302 94.949777 0.000000 3.631311 0.097135 
1355 40.581866 0.000000 4.395302 95.791332 -0.000000 3.734249 0.081008 
1356 41.054858 0.000000 3.951901 96.468439 0.278566 0.201186 0.069372 
1357 42.000841 0.000000 3.508501 100.328555 0.806317 -7.729140 -0.012621 
1358 41.527849 0.000000 3.508501 97.188436 0.438978 -4.389580 0.053495 
1359 42.473832 0.000000 3.508501 103.513385 1.305922 -12.378441 -0.086995 
1360 41.764345 0.000000 4.173602 96.007190 0.133666 2.071057 0.077831 
1361 41.527849 0.000000 4.173602 94.726848 0.153875 2.864670 0.101859 
1362 41.764345 0.000000 3.951901 96.998818 0.508653 -1.168090 0.058961 
1363 42.000841 0.000000 4.173602 94.244047 0.000000 4.116580 0.110111 
1364 41.764345 0.000000 4.395302 94.418303 0.000000 4.604542 0.106398 
1365 41.054858 0.000000 3.508501 96.637619 0.204810 -4.061857 0.064463 
1366 40.581866 0.000000 3.508501 100.973619 0.330622 -4.732794 -0.021818 
1367 41.054858 0.000000 3.065100 96.419953 0.275046 -2.887006 0.069478 
1368 41.291353 0.000000 4.173602 95.386082 0.219914 2.091010 0.089707 
1369 41.054858 0.000000 4.173602 95.608764 0.183125 1.970883 0.085505 
1370 41.291353 0.000000 3.951901 96.053392 0.231569 0.236752 0.077364 
1371 41.291353 0.000000 4.395302 94.642583 0.000000 3.982084 0.102692 
1372 41.764345 0.000000 3.730201 98.427264 0.626607 -4.615911 0.029037 
1373 41.527849 0.000000 3.730201 96.014080 0.286824 -1.528641 0.077888 
1374 41.764345 0.000000 3.508501 98.205327 0.528171 -4.984876 0.033059 
1375 42.000841 0.000000 3.730201 100.046340 0.854255 -7.130377 -0.006084 
1376 41.646097 0.000000 4.062752 95.880208 0.305877 0.875616 0.080613 
1377 41.527849 0.000000 4.062752 95.503554 0.233618 1.448133 0.087692 
1378 41.646097 0.000000 3.951901 96.596053 0.444977 -0.714927 0.066849 
1379 41.764345 0.000000 4.062752 96.372389 0.578021 0.226119 0.071198 
1380 41.646097 0.000000 4.173602 95.295800 0.294411 2.102004 0.091421 
1381 41.291353 0.000000 3.730201 96.036909 0.276689 -1.920705 0.077315 
1382 41.054858 0.000000 3.730201 96.560886 0.278083 -2.597162 0.066917 
1383 41.291353 0.000000 3.508501 94.941539 0.147829 -2.602500 0.097931 
1384 41.409601 0.000000 4.062752 95.842148 0.260352 0.941070 0.081333 
1385 41.291353 0.000000 4.062752 95.819395 0.237029 1.050374 0.081748 
1386 41.409601 0.000000 3.951901 96.056195 0.250846 0.082398 0.077314 
1387 41.409601 0.000000 4.173602 95.065011 0.171364 2.457897 0.095657 
1388 41.764345 0.000000 4.617002 94.758318 0.000000 5.246698 0.099333 
1389 41.527849 0.000000 4.617002 94.758318 0.000000 5.115658 0.099469 
1390 42.000841 0.000000 4.617002 94.885731 0.000000 5.411344 0.096742 
1391 41.764345 0.000000 4.838703 95.035830 0.000000 5.532379 0.093758 
1392 41.646097 0.000000 4.284452 94.298693 0.000000 4.039037 0.109144 
1393 41.527849 0.000000 4.284452 94.319564 0.000000 3.884336 0.108873 
1394 41.764345 0.000000 4.284452 94.372097 0.000000 4.360321 0.107489 
1395 41.646097 0.000000 4.395302 94.436390 0.000000 4.587282 0.106073 
1396 41.586973 0.000000 4.118177 95.043037 0.241558 2.339626 0.096129 
1397 41.527849 0.000000 4.118177 94.954931 0.206640 2.474485 0.097740 
1398 41.586973 0.000000 4.062752 95.707796 0.277765 1.113462 0.083870 
1399 41.646097 0.000000 4.118177 95.363305 0.316139 1.900459 0.090213 
1400 41.586973 0.000000 4.173602 94.752287 0.162550 2.835625 0.101394 
1401 42.946824 0.000000 4.395302 94.845209 -0.922599 6.984475 0.095475 
1402 42.946824 0.000000 3.951901 94.147745 -1.202677 7.079136 0.108464 
1403 43.419815 0.000000 4.395302 95.171894 -0.874213 7.519410 0.088500 
1404 42.946824 0.000000 4.838703 95.383514 -1.322424 6.927659 0.085224 
1405 42.237337 0.000000 4.173602 94.477000 0.000000 5.083734 0.104825 
1406 42.237337 0.000000 3.951901 99.598463 0.428538 -1.746888 0.007691 
1407 42.473832 0.000000 4.173602 94.170296 -1.506160 6.170819 0.109161 
1408 42.237337 0.000000 4.395302 94.475983 0.000000 5.085431 0.104843 
1409 41.882593 0.000000 4.062752 96.751184 0.690063 -0.164150 0.063871 
1410 41.882593 0.000000 3.951901 97.557888 0.613215 -1.848001 0.047867 
1411 42.000841 0.000000 4.062752 96.981884 0.748945 -0.481822 0.059372 
1412 41.882593 0.000000 4.173602 94.243816 0.000000 4.116325 0.110116 
1413 41.705221 0.000000 4.118177 95.587481 0.368961 1.603078 0.086033 
1414 41.705221 0.000000 4.062752 96.270797 0.553349 0.329130 0.073152 
1415 41.764345 0.000000 4.118177 96.326543 0.559020 0.428811 0.072070 
1416 41.705221 0.000000 4.173602 95.539670 0.351094 1.784275 0.086886 
1417 41.291353 0.000000 4.617002 94.949343 0.000000 5.021373 0.095941 
1418 41.054858 0.000000 4.617002 95.027503 -0.000000 4.822319 0.094652 
1419 41.291353 0.000000 4.838703 95.099869 -0.000000 5.238718 0.092857 
1420 41.409601 0.000000 4.284452 94.449569 0.000000 3.779315 0.106500 
1421 41.291353 0.000000 4.284452 95.060643 -0.010120 3.065961 0.095407 
1422 41.409601 0.000000 4.395302 94.554262 0.000000 4.250013 0.104143 
1423 41.586973 0.000000 4.229027 94.987054 0.060315 3.104457 0.096782 
1424 41.527849 0.000000 4.229027 94.906588 0.051028 3.130410 0.098294 
1425 41.646097 0.000000 4.229027 94.760739 -0.012548 3.340558 0.100924 
1426 41.586973 0.000000 4.284452 94.288385 0.000000 4.008939 0.109363 
1427 41.616535 0.000000 4.145889 95.115834 0.256021 2.290668 0.094767 
1428 41.586973 0.000000 4.145889 94.787719 0.172057 2.754911 0.100767 
1429 41.616535 0.000000 4.118177 95.212677 0.280987 2.105324 0.093003 
1430 41.646097 0.000000 4.145889 95.311014 0.301033 2.027275 0.091161 
1431 41.616535 0.000000 4.173602 95.097785 0.249174 2.362900 0.095077 
1432 41.882593 0.000000 4.284452 94.300496 0.000000 4.319071 0.108876 
1433 42.000841 0.000000 4.284452 94.338617 0.000000 4.579361 0.107925 
1434 41.882593 0.000000 4.395302 94.391130 0.000000 4.752788 0.106773 
1435 41.705221 0.000000 4.229027 94.385326 0.000000 3.987234 0.107551 
1436 41.764345 0.000000 4.229027 94.343386 0.000000 4.244959 0.108131 
1437 41.705221 0.000000 4.284452 94.410096 0.000000 4.128769 0.106969 
1438 41.675659 0.000000 4.145889 95.450237 0.333436 1.842361 0.088575 
1439 41.675659 0.000000 4.118177 95.485855 0.344915 1.736821 0.087932 
1440 41.705221 0.000000 4.145889 95.558236 0.358843 1.700360 0.086560 
1441 41.675659 0.000000 4.173602 95.433885 0.326317 1.921900 0.088857 
1442 41.616535 0.000000 4.201314 94.789304 0.300471 2.882135 0.100659 
1443 41.586973 0.000000 4.201314 94.928534 0.198004 2.639676 0.098157 
1444 41.646097 0.000000 4.201314 95.124035 0.070123 2.957892 0.094266 
1445 41.616535 0.000000 4.229027 94.700207 -0.011499 3.375104 0.102048 
1446 41.631316 0.000000 4.159746 95.206790 0.275525 2.193179 0.093078 
1447 41.616535 0.000000 4.159746 95.093919 0.249681 2.344434 0.095159 
1448 41.631316 0.000000 4.145889 95.222724 0.280626 2.145855 0.092795 
1449 41.646097 0.000000 4.159746 95.298074 0.296522 2.071782 0.091390 
1450 41.631316 0.000000 4.173602 95.206969 0.274061 2.218640 0.093064 
1451 41.764345 0.000000 5.060403 95.279668 0.000000 5.778738 0.088839 
1452 41.527849 0.000000 5.060403 95.190948 0.000000 5.561482 0.090775 
1453 42.000841 0.000000 5.060403 95.352000 0.000000 5.890060 0.087330 
1454 41.764345 0.000000 5.282104 95.500604 0.000000 6.064538 0.084286 
1455 42.946824 0.000000 5.282104 95.743502 -1.100601 6.959310 0.078354 
1456 43.419815 0.000000 5.282104 95.977333 -1.096141 7.304179 0.073380 
1457 42.946824 0.000000 5.725504 95.793317 0.000000 6.585635 0.078027 
1458 42.237337 0.000000 5.060403 95.384671 0.000000 5.947092 0.086640 
1459 42.237337 0.000000 4.838703 95.155377 0.000000 5.719781 0.091274 
1460 42.473832 0.000000 5.060403 95.572731 0.000000 6.115471 0.082845 
1461 42.237337 0.000000 5.282104 95.619733 0.000000 6.261591 0.081766 
1462 41.882593 0.000000 4.949553 95.120250 0.000000 5.666660 0.092003 
1463 41.764345 0.000000 4.949553 95.098984 0.000000 5.621824 0.092458 
1464 41.882593 0.000000 4.838703 95.047615 0.000000 5.600384 0.093459 
1465 42.000841 0.000000 4.949553 95.203914 0.000000 5.708562 0.090363 
1466 41.882593 0.000000 5.060403 95.300213 0.000000 5.806597 0.088415 
1467 42.000841 0.000000 6.168905 95.882581 0.000000 6.573171 0.076332 
1468 41.527849 0.000000 6.168905 95.729998 -0.000000 6.459637 0.079404 
1469 42.473832 0.000000 6.168905 96.027353 0.000000 6.614469 0.073500 
1470 42.000841 0.000000 6.612306 96.098628 0.000000 6.596496 0.072154 
1471 42.237337 0.000000 5.503804 95.644755 0.000000 6.348899 0.081177 
1472 42.000841 0.000000 5.503804 95.642808 0.000000 6.315106 0.081257 
1473 42.473832 0.000000 5.503804 95.681021 0.000000 6.406073 0.080410 
1474 42.237337 0.000000 5.725504 95.684653 0.000000 6.443490 0.080293 
1475 41.764345 0.000000 5.503804 95.592806 0.000000 6.274015 0.082265 
1476 41.527849 0.000000 5.503804 95.561955 -0.000000 6.175972 0.082977 
1477 41.764345 0.000000 5.725504 95.609418 0.000000 6.337338 0.081868 
1478 42.946824 0.000000 6.168905 96.206915 0.000000 6.610000 0.070054 
1479 43.419815 0.000000 6.168905 96.506425 -1.354382 6.999442 0.063568 
1480 42.946824 0.000000 6.612306 96.380940 0.000000 6.634176 0.066670 
1481 42.237337 0.000000 5.947205 95.799009 0.000000 6.580842 0.077924 
1482 42.000841 0.000000 5.947205 95.731515 0.000000 6.543141 0.079266 
1483 42.473832 0.000000 5.947205 95.905232 0.000000 6.603981 0.075857 
1484 42.237337 0.000000 6.168905 95.964670 0.000000 6.623563 0.074691 
1485 42.119089 0.000000 5.614654 95.670747 0.000000 6.367646 0.080656 
1486 42.000841 0.000000 5.614654 95.657826 0.000000 6.349485 0.080926 
1487 42.119089 0.000000 5.503804 95.652643 0.000000 6.338574 0.081039 
1488 42.237337 0.000000 5.614654 95.662911 0.000000 6.394742 0.080771 
1489 42.119089 0.000000 5.725504 95.678669 0.000000 6.413760 0.080446 
1490 42.119089 0.000000 5.392954 95.617879 0.000000 6.275367 0.081784 
1491 42.000841 0.000000 5.392954 95.601515 0.000000 6.223653 0.082162 
1492 42.119089 0.000000 5.282104 95.597090 0.000000 6.194533 0.082282 
1493 42.237337 0.000000 5.392954 95.631367 0.000000 6.292179 0.081505 
1494 42.710328 0.000000 5.503804 95.715595 0.000000 6.451340 0.079691 
1495 42.710328 0.000000 5.282104 95.570887 0.000000 6.125376 0.082869 
1496 42.946824 0.000000 5.503804 95.914272 -1.400430 6.920517 0.075060 
1497 42.710328 0.000000 5.725504 95.782967 0.000000 6.601432 0.078204 
1498 42.355584 0.000000 5.614654 95.692660 0.000000 6.434517 0.080151 
1499 42.355584 0.000000 5.503804 95.655223 0.000000 6.351589 0.080974 
1500 42.473832 0.000000 5.614654 95.693568 0.000000 6.435523 0.080133 
1501 42.355584 0.000000 5.725504 95.701128 0.000000 6.474745 0.079937 
1502 42.178213 0.000000 5.559229 95.661635 0.000000 6.361080 0.080839 
1503 42.119089 0.000000 5.559229 95.663679 0.000000 6.355919 0.080806 
1504 42.178213 0.000000 5.503804 95.640555 0.000000 6.339315 0.081270 
1505 42.237337 0.000000 5.559229 95.653448 0.000000 6.371382 0.080982 
1506 42.178213 0.000000 5.614654 95.668183 0.000000 6.376824 0.080693 
1507 41.054858 0.000000 6.168905 95.565302 -0.000000 6.304902 0.082752 
1508 40.581866 0.000000 6.168905 95.511821 -0.000000 6.247456 0.083846 
1509 41.054858 0.000000 6.612306 95.630226 -0.000000 6.335207 0.081472 
1510 41.764345 0.000000 5.947205 95.677485 0.000000 6.459788 0.080409 
1511 41.527849 0.000000 5.947205 95.656653 -0.000000 6.424665 0.080853 
1512 41.764345 0.000000 6.168905 95.813649 -0.000000 6.537311 0.077701 
1513 41.882593 0.000000 5.614654 95.644895 0.000000 6.350652 0.081172 
1514 41.764345 0.000000 5.614654 95.598853 0.000000 6.305993 0.082109 
1515 41.882593 0.000000 5.503804 95.614716 0.000000 6.292739 0.081823 
1516 41.882593 0.000000 5.725504 95.627976 0.000000 6.357667 0.081487 
1517 42.059965 0.000000 5.559229 95.659758 0.000000 6.341218 0.080900 
1518 42.000841 0.000000 5.559229 95.652087 0.000000 6.335287 0.081054 
1519 42.059965 0.000000 5.503804 95.646783 0.000000 6.320593 0.081174 
1520 42.059965 0.000000 5.614654 95.674407 0.000000 6.360817 0.080595 
1521 42.119089 0.000000 5.836354 95.702106 0.000000 6.494559 0.079893 
1522 42.000841 0.000000 5.836354 95.673082 0.000000 6.472270 0.080477 
1523 42.237337 0.000000 5.836354 95.724617 0.000000 6.521677 0.079427 
1524 42.119089 0.000000 5.947205 95.769518 0.000000 6.590165 0.078477 
1525 42.178213 0.000000 5.670079 95.674182 0.000000 6.395837 0.080554 
1526 42.119089 0.000000 5.670079 95.672961 0.000000 6.387456 0.080588 
1527 42.237337 0.000000 5.670079 95.673240 0.000000 6.418793 0.080543 
1528 42.178213 0.000000 5.725504 95.681724 0.000000 6.442144 0.080351 
1529 42.148651 0.000000 5.586942 95.666012 0.000000 6.365420 0.080750 
1530 42.119089 0.000000 5.586942 95.668298 0.000000 6.361872 0.080710 
1531 42.148651 0.000000 5.559229 95.662298 0.000000 6.358323 0.080830 
1532 42.178213 0.000000 5.586942 95.665108 0.000000 6.368827 0.080763 
1533 42.148651 0.000000 5.614654 95.668807 0.000000 6.372666 0.080687 
1534 42.059965 0.000000 5.670079 95.669774 0.000000 6.380137 0.080659 
1535 42.000841 0.000000 5.670079 95.659936 0.000000 6.362715 0.080869 
1536 42.059965 0.000000 5.725504 95.672960 0.000000 6.402929 0.080569 
1537 42.089527 0.000000 5.586942 95.671906 0.000000 6.359337 0.080645 
1538 42.059965 0.000000 5.586942 95.671586 0.000000 6.358399 0.080652 
1539 42.089527 0.000000 5.559229 95.664901 0.000000 6.355789 0.080783 
1540 42.089527 0.000000 5.614654 95.674480 0.000000 6.361882 0.080592 
1541 42.148651 0.000000 5.642367 95.671068 0.000000 6.381325 0.080633 
1542 42.119089 0.000000 5.642367 95.671625 0.000000 6.376211 0.080628 
1543 42.178213 0.000000 5.642367 95.671092 0.000000 6.385714 0.080626 
1544 42.148651 0.000000 5.670079 95.673515 0.000000 6.391796 0.080572 
1545 42.133870 0.000000 5.600798 95.668417 0.000000 6.366829 0.080702 
1546 42.119089 0.000000 5.600798 95.669841 0.000000 6.364556 0.080677 
1547 42.133870 0.000000 5.586942 95.666926 0.000000 6.363654 0.080734 
1548 42.148651 0.000000 5.600798 95.667517 0.000000 6.368936 0.080716 
1549 42.133870 0.000000 5.614654 95.669548 0.000000 6.370286 0.080676 
1550 42.000841 0.000000 7.055706 96.241886 -0.000000 6.509386 0.069513 
1551 41.527849 0.000000 7.055706 95.992553 -0.000000 6.367436 0.074489 
1552 42.473832 0.000000 7.055706 96.432629 0.000000 6.543918 0.065793 
1553 42.000841 0.000000 7.499107 96.376323 -0.000000 6.279162 0.067218 
1554 42.237337 0.000000 6.390605 96.069203 0.000000 6.623299 0.072684 
1555 42.000841 0.000000 6.390605 95.984262 0.000000 6.603925 0.074341 
1556 42.473832 0.000000 6.390605 96.144479 0.000000 6.621295 0.071240 
1557 42.237337 0.000000 6.612306 96.204454 0.000000 6.634027 0.070069 
1558 42.946824 0.000000 7.055706 96.494465 0.000000 6.444369 0.064729 
1559 43.419815 0.000000 7.055706 96.592086 0.000000 6.213149 0.063137 
1560 42.946824 0.000000 7.499107 96.775635 0.000000 6.311871 0.059464 
1561 42.710328 0.000000 6.390605 96.197437 0.000000 6.624980 0.070216 
1562 42.710328 0.000000 6.168905 96.117933 0.000000 6.622688 0.071748 
1563 42.946824 0.000000 6.390605 96.415771 0.000000 6.620856 0.066016 
1564 42.710328 0.000000 6.612306 96.390026 0.000000 6.627533 0.066504 
1565 42.355584 0.000000 6.279755 96.084673 0.000000 6.612659 0.072401 
1566 42.237337 0.000000 6.279755 96.045038 0.000000 6.628284 0.073142 
1567 42.355584 0.000000 6.168905 95.966518 0.000000 6.603369 0.074682 
1568 42.473832 0.000000 6.279755 96.083026 0.000000 6.617966 0.072425 
1569 42.355584 0.000000 6.390605 96.120849 0.000000 6.605947 0.071714 
1570 42.710328 0.000000 5.947205 95.943006 0.000000 6.597299 0.075142 
1571 42.946824 0.000000 5.947205 95.793317 0.000000 6.585635 0.078027 
1572 42.592080 0.000000 6.279755 96.092328 0.000000 6.621031 0.072243 
1573 42.592080 0.000000 6.168905 96.043258 0.000000 6.618444 0.073189 
1574 42.710328 0.000000 6.279755 96.156102 0.000000 6.624179 0.071012 
1575 42.592080 0.000000 6.390605 96.196185 0.000000 6.621960 0.070244 
1576 42.237337 0.000000 6.834006 96.294311 0.000000 6.581481 0.068409 
1577 42.000841 0.000000 6.834006 96.228663 -0.000000 6.553148 0.069710 
1578 42.473832 0.000000 6.834006 96.389699 0.000000 6.569104 0.066587 
1579 42.237337 0.000000 7.055706 96.291298 -0.000000 6.552194 0.068505 
1580 42.355584 0.000000 6.501456 96.195252 0.000000 6.628763 0.070253 
1581 42.237337 0.000000 6.501456 96.130842 0.000000 6.634050 0.071485 
1582 42.473832 0.000000 6.501456 96.212517 0.000000 6.623901 0.069928 
1583 42.355584 0.000000 6.612306 96.293573 0.000000 6.639954 0.068346 
1584 42.414708 0.000000 6.335180 96.107863 0.000000 6.605357 0.071965 
1585 42.355584 0.000000 6.335180 96.102552 0.000000 6.604785 0.072068 
1586 42.414708 0.000000 6.279755 96.088592 0.000000 6.604967 0.072336 
1587 42.473832 0.000000 6.335180 96.113083 0.000000 6.619671 0.071846 
1588 42.414708 0.000000 6.390605 96.128278 0.000000 6.609015 0.071568 
1589 41.764345 0.000000 6.390605 95.884306 -0.000000 6.537407 0.076346 
1590 41.527849 0.000000 6.390605 95.808059 -0.000000 6.474085 0.077890 
1591 41.764345 0.000000 6.612306 95.970890 -0.000000 6.543519 0.074677 
1592 42.119089 0.000000 6.279755 95.995877 0.000000 6.631783 0.074081 
1593 42.000841 0.000000 6.279755 95.953254 0.000000 6.602200 0.074938 
1594 42.119089 0.000000 6.168905 95.939917 0.000000 6.610295 0.075184 
1595 42.119089 0.000000 6.390605 96.022335 0.000000 6.628710 0.073577 
1596 42.296461 0.000000 6.335180 96.082485 0.000000 6.610186 0.072446 
1597 42.237337 0.000000 6.335180 96.056032 0.000000 6.626142 0.072933 
1598 42.296461 0.000000 6.279755 96.061714 0.000000 6.613869 0.072840 
1599 42.296461 0.000000 6.390605 96.104408 0.000000 6.623307 0.072007 
1600 42.355584 0.000000 6.058055 95.909443 0.000000 6.599241 0.075783 
1601 42.237337 0.000000 6.058055 95.875919 0.000000 6.599431 0.076426 
1602 42.355584 0.000000 5.947205 95.862049 0.000000 6.596646 0.076695 
1603 42.473832 0.000000 6.058055 95.966238 0.000000 6.613207 0.074675 
1604 42.414708 0.000000 6.224330 96.064705 0.000000 6.605963 0.072793 
1605 42.355584 0.000000 6.224330 96.037449 0.000000 6.598579 0.073327 
1606 42.414708 0.000000 6.168905 96.011106 0.000000 6.613755 0.073813 
1607 42.473832 0.000000 6.224330 96.054347 0.000000 6.616221 0.072979 
1608 42.385146 0.000000 6.307468 96.098492 0.000000 6.601579 0.072150 
1609 42.355584 0.000000 6.307468 96.096645 0.000000 6.606280 0.072179 
1610 42.385146 0.000000 6.279755 96.088290 0.000000 6.602777 0.072344 
1611 42.414708 0.000000 6.307468 96.098660 0.000000 6.604773 0.072142 
1612 42.385146 0.000000 6.335180 96.106377 0.000000 6.601898 0.071998 
1613 42.710328 0.000000 6.834006 96.424350 0.000000 6.532594 0.065967 
1614 42.946824 0.000000 6.834006 96.449151 0.000000 6.509836 0.065518 
1615 42.710328 0.000000 7.055706 96.468302 0.000000 6.454569 0.065221 
1616 42.946824 0.000000 7.942508 97.200824 0.000000 6.263009 0.051277 
1617 42.473832 0.000000 7.942508 96.910919 0.000000 6.327184 0.056824 
1618 43.419815 0.000000 7.942508 97.443366 0.000000 6.208269 0.046625 
1619 42.710328 0.000000 7.277407 96.502455 0.000000 6.397029 0.064635 
1620 42.473832 0.000000 7.277407 96.425216 0.000000 6.471261 0.066030 
1621 42.946824 0.000000 7.277407 96.506625 0.000000 6.374182 0.064584 
1622 42.710328 0.000000 7.499107 96.695053 0.000000 6.333356 0.060996 
1623 42.592080 0.000000 6.944856 96.441705 0.000000 6.484211 0.065695 
1624 42.473832 0.000000 6.944856 96.400217 0.000000 6.561729 0.066394 
1625 42.592080 0.000000 6.834006 96.399190 0.000000 6.553517 0.066425 
1626 42.710328 0.000000 6.944856 96.432672 0.000000 6.510441 0.065835 
1627 42.592080 0.000000 7.055706 96.495013 0.000000 6.425148 0.064743 
1628 45.311782 0.000000 7.499107 97.802577 -1.126218 7.065833 0.038346 
1629 45.311782 0.000000 6.612306 97.506529 -0.309175 7.135270 0.044147 
1630 46.257765 0.000000 7.499107 98.058084 -0.929222 7.290093 0.033060 
1631 45.311782 0.000000 8.385909 98.144022 -2.026246 6.479281 0.032166 
1632 43.892807 0.000000 7.055706 97.126550 -2.512517 6.496242 0.051792 
1633 43.892807 0.000000 6.612306 96.913047 -0.868286 6.997277 0.055815 
1634 44.365799 0.000000 7.055706 97.300339 -2.100231 6.805502 0.048192 
1635 43.892807 0.000000 7.499107 97.327748 -1.375058 6.516990 0.048295 
1636 43.183320 0.000000 6.834006 96.509973 0.000000 6.403343 0.064482 
1637 43.183320 0.000000 6.612306 96.431084 0.000000 6.586071 0.065767 
1638 43.419815 0.000000 6.834006 96.830712 -1.431216 6.718412 0.057663 
1639 43.183320 0.000000 7.055706 96.535387 0.000000 6.369365 0.064035 
1640 42.828576 0.000000 6.944856 96.438526 0.000000 6.498498 0.065738 
1641 42.828576 0.000000 6.834006 96.443923 0.000000 6.521310 0.065604 
1642 42.946824 0.000000 6.944856 96.484537 0.000000 6.466086 0.064892 
1643 42.828576 0.000000 7.055706 96.450853 0.000000 6.474311 0.065532 
1644 42.000841 0.000000 7.942508 96.601356 -0.000000 6.173558 0.063007 
1645 41.527849 0.000000 7.942508 96.200713 -0.000000 5.906117 0.071054 
1646 42.000841 0.000000 8.385909 96.955814 -0.000000 5.586377 0.056836 
1647 42.237337 0.000000 7.277407 96.341790 0.000000 6.500126 0.067601 
1648 42.000841 0.000000 7.277407 96.246123 -0.000000 6.460580 0.069494 
1649 42.237337 0.000000 7.499107 96.470832 -0.000000 6.395229 0.065248 
1650 42.592080 0.000000 7.166557 96.457763 0.000000 6.443743 0.065438 
1651 42.473832 0.000000 7.166557 96.411467 0.000000 6.525364 0.066225 
1652 42.710328 0.000000 7.166557 96.463285 0.000000 6.452376 0.065320 
1653 42.592080 0.000000 7.277407 96.454705 0.000000 6.441358 0.065500 
1654 42.651204 0.000000 7.000281 96.469180 0.000000 6.457093 0.065200 
1655 42.592080 0.000000 7.000281 96.461979 0.000000 6.476779 0.065314 
1656 42.651204 0.000000 6.944856 96.442299 0.000000 6.482402 0.065686 
1657 42.710328 0.000000 7.000281 96.463213 0.000000 6.464400 0.065306 
1658 42.651204 0.000000 7.055706 96.476198 0.000000 6.445084 0.065080 
1659 42.710328 0.000000 7.720807 96.922648 0.000000 6.394035 0.056512 
1660 42.473832 0.000000 7.720807 96.776549 -0.000000 6.385764 0.059352 
1661 42.946824 0.000000 7.720807 97.017252 0.000000 6.237770 0.054874 
1662 42.710328 0.000000 7.942508 97.051245 0.000000 6.327522 0.054102 
1663 43.892807 0.000000 7.942508 97.573645 0.198229 6.057895 0.044265 
1664 44.365799 0.000000 7.942508 97.775121 0.823137 5.820686 0.040547 
1665 43.892807 0.000000 8.385909 97.762930 0.000000 5.722330 0.040966 
1666 43.183320 0.000000 7.720807 97.117465 0.000000 6.242666 0.052923 
1667 43.183320 0.000000 7.499107 96.925790 0.000000 6.294011 0.056578 
1668 43.419815 0.000000 7.720807 97.210649 0.000000 6.172003 0.051200 
1669 43.183320 0.000000 7.942508 97.237017 0.000000 6.228639 0.050617 
1670 42.710328 0.000000 8.164208 97.335087 0.000000 6.270698 0.048656 
1671 42.473832 0.000000 8.164208 97.200389 -0.000000 6.226672 0.051331 
1672 42.946824 0.000000 8.164208 97.482808 0.000000 6.200920 0.045865 
1673 42.710328 0.000000 8.385909 97.529077 0.000000 6.141617 0.045036 
1674 42.828576 0.000000 7.831658 97.014122 0.000000 6.267033 0.054898 
1675 42.710328 0.000000 7.831658 96.961358 0.000000 6.378389 0.055781 
1676 42.828576 0.000000 7.720807 96.981442 0.000000 6.265836 0.055534 
1677 42.946824 0.000000 7.831658 97.078751 0.000000 6.235290 0.053684 
1678 42.828576 0.000000 7.942508 97.150805 0.000000 6.269358 0.052242 
1679 42.828576 0.000000 7.609957 96.825992 0.000000 6.319577 0.058479 
1680 42.710328 0.000000 7.609957 96.833121 0.000000 6.350570 0.058302 
1681 42.828576 0.000000 7.499107 96.734391 0.000000 6.307267 0.060268 
1682 42.946824 0.000000 7.609957 96.871585 0.000000 6.311989 0.057605 
1683 43.183320 0.000000 8.164208 97.513033 0.000000 6.130677 0.045362 
1684 43.419815 0.000000 8.164208 97.548594 0.000000 6.083720 0.044726 
1685 43.183320 0.000000 8.385909 97.601784 0.000000 6.094875 0.043674 
1686 43.065072 0.000000 7.831658 97.113440 0.000000 6.271541 0.052965 
1687 43.065072 0.000000 7.720807 97.033882 0.000000 6.284945 0.054493 
1688 43.183320 0.000000 7.831658 97.179821 0.000000 6.241754 0.051712 
1689 43.065072 0.000000 7.942508 97.258505 0.000000 6.227676 0.050200 
1690 42.887700 0.000000 7.776233 97.013851 0.000000 6.212615 0.054972 
1691 42.828576 0.000000 7.776233 97.008738 0.000000 6.219686 0.055062 
1692 42.887700 0.000000 7.720807 96.984336 0.000000 6.231155 0.055521 
1693 42.946824 0.000000 7.776233 97.046058 0.000000 6.232214 0.054322 
1694 42.887700 0.000000 7.831658 97.065658 0.000000 6.225805 0.053950 
1695 45.311782 0.000000 9.272710 98.563008 -7.302454 4.238764 0.021404 
1696 46.257765 0.000000 9.272710 98.608969 -4.014837 5.793852 0.022658 
1697 45.311782 0.000000 10.159511 98.708712 7.354407 6.409729 0.016142 
1698 43.892807 0.000000 8.829309 97.772482 0.000000 5.815442 0.040672 
1699 44.365799 0.000000 8.829309 98.136784 -0.819084 5.906170 0.033362 
1700 43.892807 0.000000 9.272710 98.323861 0.000000 5.702406 0.029990 
1701 43.183320 0.000000 8.607609 97.720197 0.000000 5.992906 0.041485 
1702 42.946824 0.000000 8.607609 97.663276 0.000000 6.121643 0.042441 
1703 43.419815 0.000000 8.607609 97.739442 0.000000 5.966015 0.041141 
1704 43.183320 0.000000 8.829309 97.808869 0.000000 5.924208 0.039833 
1705 42.000841 0.000000 8.829309 97.328912 -0.000000 5.167361 0.050038 
1706 42.710328 0.000000 8.607609 97.590094 0.000000 6.055405 0.043951 
1707 42.473832 0.000000 8.607609 97.488256 -0.000000 5.956195 0.046056 
1708 42.710328 0.000000 8.829309 97.818645 -0.000000 5.939925 0.039623 
1709 43.065072 0.000000 8.496759 97.630678 0.000000 6.025977 0.043194 
1710 42.946824 0.000000 8.496759 97.633801 0.000000 6.217295 0.042899 
1711 43.065072 0.000000 8.385909 97.609764 0.000000 6.072349 0.043546 
1712 43.183320 0.000000 8.496759 97.652300 0.000000 5.983363 0.042823 
1713 43.065072 0.000000 8.607609 97.676948 0.000000 6.082658 0.042222 
1714 43.065072 0.000000 8.275058 97.543407 0.000000 6.131165 0.044769 
1715 42.946824 0.000000 8.275058 97.537409 0.000000 6.132093 0.044885 
1716 43.065072 0.000000 8.164208 97.502833 0.000000 6.121612 0.045572 
1717 43.183320 0.000000 8.275058 97.566276 0.000000 6.113932 0.044344 
1718 43.656311 0.000000 8.607609 97.801490 0.000000 5.895960 0.040011 
1719 43.656311 0.000000 8.385909 97.677457 0.000000 5.901330 0.042429 
1720 43.892807 0.000000 8.607609 97.772592 0.000000 5.816521 0.040669 
1721 43.656311 0.000000 8.829309 97.908250 0.000000 5.817702 0.038013 
1722 43.301568 0.000000 8.496759 97.683509 0.000000 6.035714 0.042150 
1723 43.301568 0.000000 8.385909 97.652394 0.000000 6.062162 0.042726 
1724 43.419815 0.000000 8.496759 97.720917 0.000000 5.991187 0.041473 
1725 43.301568 0.000000 8.607609 97.713642 0.000000 6.000960 0.041603 
1726 43.124196 0.000000 8.441334 97.619629 0.000000 6.027985 0.043407 
1727 43.065072 0.000000 8.441334 97.622368 0.000000 6.048320 0.043329 
1728 43.124196 0.000000 8.385909 97.602465 0.000000 6.033470 0.043736 
1729 43.183320 0.000000 8.441334 97.620199 0.000000 6.011026 0.043416 
1730 43.124196 0.000000 8.496759 97.626541 0.000000 5.965915 0.043347 
1731 43.656311 0.000000 8.164208 97.471947 0.000000 6.153367 0.046136 
1732 43.656311 0.000000 7.942508 97.471938 0.000000 6.153861 0.046135 
1733 43.892807 0.000000 8.164208 97.649121 -1.308929 6.106381 0.042565 
1734 43.301568 0.000000 8.275058 97.591008 0.000000 6.088134 0.043893 
1735 43.301568 0.000000 8.164208 97.571061 0.000000 6.102144 0.044265 
1736 43.419815 0.000000 8.275058 97.606824 0.000000 6.075725 0.043599 
1737 43.242444 0.000000 8.441334 97.664028 0.000000 6.055986 0.042506 
1738 43.242444 0.000000 8.385909 97.646248 0.000000 6.068804 0.042838 
1739 43.301568 0.000000 8.441334 97.667862 0.000000 6.049797 0.042439 
1740 43.242444 0.000000 8.496759 97.681858 0.000000 6.041584 0.042175 
1741 42.946824 0.000000 9.716111 98.513385 -0.000000 5.571969 0.026407 
1742 43.419815 0.000000 9.716111 98.478796 0.000000 5.722069 0.026918 
1743 42.946824 0.000000 10.159511 98.534518 -0.000000 5.578286 0.025983 
1744 43.183320 0.000000 9.051010 98.075598 0.000000 5.874304 0.034667 
1745 42.946824 0.000000 9.051010 98.109736 0.000000 5.859867 0.034014 
1746 43.419815 0.000000 9.051010 98.078933 0.000000 5.844364 0.034637 
1747 43.183320 0.000000 9.272710 98.207512 0.000000 5.929667 0.032012 
1748 43.065072 0.000000 8.718459 97.762116 0.000000 6.001940 0.040655 
1749 42.946824 0.000000 8.718459 97.736989 0.000000 6.032532 0.041109 
1750 43.183320 0.000000 8.718459 97.750252 0.000000 5.962668 0.040933 
1751 43.065072 0.000000 8.829309 97.841574 0.000000 6.004458 0.039097 
1752 43.124196 0.000000 8.552184 97.646618 0.000000 5.977161 0.042941 
1753 43.065072 0.000000 8.552184 97.645098 0.000000 6.041951 0.042893 
1754 43.183320 0.000000 8.552184 97.669253 0.000000 5.984753 0.042490 
1755 43.124196 0.000000 8.607609 97.721566 0.000000 6.002556 0.041446 
1756 43.153758 0.000000 8.469046 97.623499 0.000000 5.985219 0.043383 
1757 43.124196 0.000000 8.469046 97.625117 0.000000 5.981737 0.043356 
1758 43.153758 0.000000 8.441334 97.618491 0.000000 6.000862 0.043462 
1759 43.183320 0.000000 8.469046 97.626003 0.000000 6.001638 0.043314 
1760 43.153758 0.000000 8.496759 97.628346 0.000000 5.979584 0.043295 
1761 67.069393 0.000000 45.631568 99.058695 0.082549 13.368450 0.000865 
1762 82.205122 0.000000 45.631568 99.087858 0.125842 13.307493 0.000449 
1763 67.069393 0.000000 59.820391 99.070801 0.081993 13.595994 0.000012 
1764 59.501528 0.000000 24.348334 99.160023 0.268430 12.132628 0.002002 
1765 67.069393 0.000000 24.348334 99.188363 0.269017 12.065629 0.001602 
1766 59.501528 0.000000 31.442745 99.125209 0.093616 12.809752 0.001009 
1767 55.717596 0.000000 13.706717 99.256557 0.869580 8.847652 0.006910 
1768 59.501528 0.000000 13.706717 99.388474 0.916389 8.667883 0.004596 
1769 55.717596 0.000000 17.253923 99.189748 0.518194 10.570673 0.004939 
1770 97.340851 0.000000 17.253923 99.835542 1.355466 7.903610 -0.003144 
1771 97.340851 0.000000 3.065100 99.395888 -0.325986 11.014382 -0.000097 
1772 112.476581 0.000000 17.253923 99.958550 -1.646231 7.143731 -0.004545 
1773 97.340851 0.000000 31.442745 99.212669 0.260512 12.426690 0.000236 
1774 74.637257 0.000000 10.159511 99.654132 -1.246139 8.590408 -0.000629 
1775 74.637257 0.000000 3.065100 99.280166 -0.421752 11.187718 0.001811 
1776 82.205122 0.000000 10.159511 99.573882 -0.944445 9.395116 -0.000412 
1777 74.637257 0.000000 17.253923 99.519067 0.641393 9.710427 0.000125 
1778 63.285460 0.000000 13.706717 99.509979 0.946664 8.527001 0.002416 
1779 63.285460 0.000000 10.159511 99.597889 -1.103739 7.055738 0.002926 
1780 67.069393 0.000000 13.706717 99.621750 0.999556 8.279206 0.000596 
1781 63.285460 0.000000 17.253923 99.322125 0.561814 10.390825 0.002683 
1782 53.825629 0.000000 11.933114 99.213919 1.432274 7.817690 0.009343 
1783 51.933663 0.000000 11.933114 99.197159 1.365577 7.735035 0.009823 
1784 53.825629 0.000000 10.159511 99.253034 -0.404877 6.998541 0.009969 
1785 55.717596 0.000000 11.933114 99.288107 1.568534 7.800773 0.007856 
1786 53.825629 0.000000 13.706717 99.195462 0.924167 8.926997 0.007972 
1787 57.609562 0.000000 11.933114 99.376589 1.599572 7.707835 0.006232 
1788 57.609562 0.000000 10.159511 99.499701 -2.204998 5.841496 0.006082 
1789 59.501528 0.000000 11.933114 99.452148 1.749184 7.648285 0.004771 
1790 57.609562 0.000000 13.706717 99.321173 0.885653 8.768444 0.005763 
1791 63.285460 0.000000 6.612306 99.244695 -0.853190 10.060869 0.004854 
1792 63.285460 0.000000 3.065100 98.923497 -0.613392 12.382273 0.006044 
1793 67.069393 0.000000 6.612306 99.275514 -0.767678 10.591634 0.003160 
1794 61.393494 0.000000 11.933114 99.522423 1.954842 7.600999 0.003369 
1795 61.393494 0.000000 10.159511 99.538223 -1.208414 7.149104 0.003957 
1796 63.285460 0.000000 11.933114 99.540106 2.279241 7.833104 0.002521 
1797 61.393494 0.000000 13.706717 99.436116 0.920048 8.618855 0.003733 
1798 74.637257 0.000000 24.348334 99.167351 0.492128 12.016386 0.002120 
1799 82.205122 0.000000 24.348334 99.271134 0.403746 11.754389 0.000691 
1800 74.637257 0.000000 31.442745 99.081885 0.367312 12.774490 0.001946 
1801 70.853325 0.000000 13.706717 99.718886 1.230014 7.983613 -0.000911 
1802 70.853325 0.000000 10.159511 99.675253 -1.330780 8.190481 -0.000401 
1803 74.637257 0.000000 13.706717 99.782760 1.644387 7.747558 -0.001933 
1804 70.853325 0.000000 17.253923 99.457103 0.595843 9.977233 0.000838 
1805 65.177426 0.000000 11.933114 99.567975 1.993227 8.414795 0.001144 
1806 65.177426 0.000000 10.159511 99.690012 -1.354472 7.155023 0.000887 
1807 67.069393 0.000000 11.933114 99.547519 3.047854 8.749703 0.000444 
1808 65.177426 0.000000 13.706717 99.575150 0.972719 8.399049 0.001330 
1809 -159.966548 0.000000 -167.200773 99.022040 -0.002073 13.917590 0.000094 
1810 -220.509466 0.000000 -167.200773 99.023993 -0.001338 13.918155 0.000053 
1811 -159.966548 0.000000 -223.956064 99.022879 -0.002300 13.916853 0.000079 
1812 203.290957 0.000000 -167.200773 99.024896 -0.016599 13.888488 0.000118 
1813 203.290957 0.000000 -223.956064 99.024328 -0.011950 13.900869 0.000095 
1814 263.833875 0.000000 -167.200773 99.026912 -0.017179 13.890131 0.000073 
1815 -38.880713 0.000000 173.330973 99.042793 0.007157 13.910428 -0.000297 
1816 -99.423631 0.000000 173.330973 99.036413 0.004521 13.916601 -0.000188 
1817 -38.880713 0.000000 230.086264 99.036640 0.006483 13.911750 -0.000179 
1818 -159.966548 0.000000 173.330973 99.032181 0.003018 13.918313 -0.000109 
1819 -220.509466 0.000000 173.330973 99.029910 0.002135 13.918540 -0.000065 
1820 -159.966548 0.000000 230.086264 99.031521 0.003255 13.917177 -0.000093 
1821 -69.152172 0.000000 -82.067836 99.006263 -0.004136 13.915582 0.000412 
1822 -99.423631 0.000000 -82.067836 99.014245 -0.002647 13.919290 0.000243 
1823 -69.152172 0.000000 -110.445482 99.010545 -0.004245 13.913484 0.000333 
1824 203.290957 0.000000 173.330973 99.037517 0.026225 13.867957 -0.000075 
1825 263.833875 0.000000 173.330973 99.036545 0.029412 13.862095 -0.000040 
1826 203.290957 0.000000 230.086264 99.033986 0.017706 13.891706 -0.000071 
1827 112.476581 0.000000 -82.067836 99.018383 -0.031159 13.801706 0.000487 
1828 112.476581 0.000000 -110.445482 99.016757 -0.022459 13.851819 0.000381 
1829 142.748040 0.000000 -82.067836 99.026465 -0.032822 13.808190 0.000309 
1830 -8.609254 0.000000 88.198036 99.082804 0.029549 13.890814 -0.001036 
1831 -38.880713 0.000000 88.198036 99.064549 0.006413 13.917675 -0.000749 
1832 -8.609254 0.000000 116.575682 99.066512 0.010346 13.896953 -0.000730 
1833 -69.152172 0.000000 88.198036 99.047084 0.004478 13.923610 -0.000419 
1834 -99.423631 0.000000 88.198036 99.038170 0.003310 13.923514 -0.000242 
1835 -69.152172 0.000000 116.575682 99.045382 0.005127 13.917719 -0.000369 
1836 -23.744984 0.000000 -39.501368 98.973275 -0.005893 13.813446 0.001348 
1837 -38.880713 0.000000 -39.501368 98.974765 0.006710 13.875893 0.001146 
1838 -23.744984 0.000000 -53.690191 98.984885 -0.005480 13.852788 0.001009 
1839 112.476581 0.000000 88.198036 99.065994 0.050779 13.733528 -0.000268 
1840 142.748040 0.000000 88.198036 99.061698 0.058578 13.715484 -0.000134 
1841 112.476581 0.000000 116.575682 99.054142 0.033974 13.819189 -0.000269 
1842 67.069393 0.000000 -39.501368 99.117641 -0.242757 13.622256 -0.000993 
1843 67.069393 0.000000 -53.690191 99.045772 -0.085445 13.715232 0.000182 
1844 82.205122 0.000000 -39.501368 99.056220 -0.097043 13.560031 0.000398 
1845 6.526475 0.000000 45.631568 99.185913 0.296338 13.812355 -0.002871 
1846 -8.609254 0.000000 45.631568 99.141808 0.115123 13.918551 -0.002284 
1847 6.526475 0.000000 59.820391 99.107658 0.058535 13.829761 -0.001359 
1848 -23.744984 0.000000 45.631568 99.052663 0.047023 13.919667 -0.000519 
1849 -38.880713 0.000000 45.631568 99.044854 0.027317 13.934070 -0.000404 
1850 -23.744984 0.000000 59.820391 99.072900 0.029167 13.914661 -0.000906 
1851 -16.177119 0.000000 -18.218134 98.647136 0.132589 13.845953 0.007701 
1852 -23.744984 0.000000 -18.218134 98.795477 0.080660 13.915202 0.004581 
1853 -16.177119 0.000000 -25.312545 98.766769 -0.014978 13.810927 0.005438 
1854 14.094340 0.000000 24.348334 99.927480 0.110503 13.548038 -0.016906 
1855 6.526475 0.000000 24.348334 99.859075 0.044232 13.992759 -0.016763 
1856 14.094340 0.000000 31.442745 99.835773 0.332299 13.672265 -0.015422 
1857 -1.041390 0.000000 24.348334 99.686379 -0.030200 14.266468 -0.014091 
1858 -8.609254 0.000000 24.348334 99.299783 0.311481 14.244733 -0.006346 
1859 -1.041390 0.000000 31.442745 99.465787 0.325809 14.050337 -0.009096 
1860 -16.177119 0.000000 10.159511 98.948721 0.099267 14.549154 -0.000254 
1861 -23.744984 0.000000 10.159511 98.906334 0.319535 14.116660 0.001815 
1862 -16.177119 0.000000 17.253923 99.011459 0.357781 14.252432 -0.000653 
1863 -16.177119 0.000000 24.348334 99.120903 0.344987 14.151167 -0.002533 
1864 -23.744984 0.000000 24.348334 99.005377 0.284354 13.997513 0.000192 
1865 -16.177119 0.000000 31.442745 99.083522 0.391432 14.003721 -0.001380 
1866 -4.825322 0.000000 6.612306 97.857597 0.180544 14.788999 0.020514 
1867 -8.609254 0.000000 6.612306 98.492358 0.044515 14.733508 0.008218 
1868 -4.825322 0.000000 10.159511 98.734144 0.176282 14.853873 0.003090 
1869 -2.933356 0.000000 1.291497 95.367695 0.335007 15.930433 0.065111 
1870 -4.825322 0.000000 1.291497 96.565116 0.002445 14.751160 0.045758 
1871 -2.933356 0.000000 3.065100 96.506300 0.282879 15.904778 0.043349 
1872 -2.933356 0.000000 -5.802914 96.145732 0.005347 12.028103 0.061132 
1873 -4.825322 0.000000 -5.802914 96.735644 0.118574 13.054714 0.047178 
1874 -2.933356 0.000000 -7.576517 96.863504 0.164858 12.286604 0.046647 
1875 4.634509 0.000000 4.838703 97.852304 -0.014939 20.476973 0.000562 
1876 2.742543 0.000000 4.838703 97.171630 -0.010065 18.693002 0.020825 
1877 4.634509 0.000000 6.612306 98.822114 0.156938 18.403755 -0.010453 
1878 1.796560 0.000000 0.404696 94.661277 -0.057961 29.861051 0.014756 
1879 0.850577 0.000000 0.404696 92.435018 0.136221 24.019500 0.087881 
1880 1.796560 0.000000 1.291497 93.923436 0.151707 22.396690 0.067675 
1881 3.688526 0.000000 -3.142510 94.972376 0.024824 3.291549 0.096941 
1882 3.688526 0.000000 -4.029311 93.274405 -0.071684 3.172724 0.128981 
1883 3.688526 0.000000 -2.255709 95.052870 0.023998 3.211115 0.095464 
1884 5.580492 0.000000 -1.368907 -9.035722 -0.141230 -0.201320 0.991830 
1885 4.634509 0.000000 -1.368907 -6.362955 -0.011106 -0.135739 0.995949 
1886 6.526475 0.000000 -1.368907 -10.680778 -0.296439 -0.490460 0.988559 
1887 3.688526 0.000000 -1.368907 -3.300872 0.034297 0.944348 0.998821 
1888 5.580492 0.000000 2.178299 91.178928 -0.488891 29.981712 0.078726 
1889 4.634509 0.000000 2.178299 92.596617 -0.037534 26.083366 0.074552 
1890 5.580492 0.000000 3.065100 94.845860 -0.376452 26.402999 0.030700 
1891 3.688526 0.000000 2.178299 93.778426 0.032086 23.490733 0.065379 
1892 2.742543 0.000000 2.178299 94.509758 0.085470 21.934496 0.058678 
1893 3.688526 0.000000 3.065100 95.335719 0.089512 21.971962 0.042833 
1894 7.472458 0.000000 -1.368907 -11.246508 0.073417 -0.419655 0.987333 
1895 8.418441 0.000000 -1.368907 -11.555156 0.053413 -0.446575 0.986628 
1896 7.472458 0.000000 -0.482106 -11.136890 0.210110 -0.656532 0.987549 
1897 7.472458 0.000000 0.404696 -10.617125 0.187649 -1.079408 0.988608 
1898 8.418441 0.000000 0.404696 -10.936532 0.133090 -0.519271 0.988010 
1899 9.364424 0.000000 0.404696 -11.382238 0.004086 0.091447 0.987044 
1900 9.364424 0.000000 -0.482106 -11.666456 0.173047 -0.287083 0.986378 
1901 10.310407 0.000000 0.404696 -11.489210 -0.108205 0.481613 0.986775 
1902 11.256390 0.000000 -1.368907 -12.478180 -0.147105 0.916061 0.984343 
1903 10.310407 0.000000 -1.368907 -12.360866 -0.167553 0.218852 0.984713 
1904 11.256390 0.000000 -0.482106 -11.826079 -0.277685 0.939651 0.985918 
1905 11.256390 0.000000 0.404696 -11.309850 -0.328576 0.850411 0.987126 
1906 12.202374 0.000000 0.404696 -10.844009 -0.455789 1.478458 0.988001 
1907 13.148357 0.000000 0.404696 -9.952153 -0.137282 1.518214 0.989863 
1908 14.094340 0.000000 0.404696 -9.108359 -0.016048 1.585047 0.991453 
1909 13.148357 0.000000 1.291497 -9.699940 -0.673407 1.052162 0.990435 
1910 13.148357 0.000000 2.178299 107.738791 -0.644450 2.110355 -0.161252 
1911 13.148357 0.000000 3.065100 107.715358 -0.651879 1.774486 -0.160617 
1912 11.256390 0.000000 -4.916113 96.042598 -0.409823 9.448555 0.068638 
1913 10.310407 0.000000 -4.916113 97.345911 -0.572654 10.338998 0.041655 
1914 11.256390 0.000000 -5.802914 96.657367 -0.499069 9.950171 0.055810 
1915 25.446137 0.000000 13.706717 100.764764 0.083673 10.972792 -0.027395 
1916 21.662204 0.000000 13.706717 101.272650 0.146612 11.712283 -0.039335 
1917 25.446137 0.000000 17.253923 100.505021 0.091931 11.878732 -0.024237 
1918 15.040323 0.000000 0.404696 -8.385503 0.004130 1.459996 0.992755 
1919 15.986306 0.000000 0.404696 -8.244511 0.078673 1.415446 0.993002 
1920 16.932289 0.000000 2.178299 106.761995 0.138422 1.526255 -0.140047 
1921 16.932289 0.000000 1.291497 -8.295097 0.353154 0.960410 0.993014 
1922 16.932289 0.000000 3.065100 106.740701 0.143216 1.245281 -0.139515 
1923 20.716221 0.000000 2.178299 106.811468 0.035105 0.772513 -0.140929 
1924 20.716221 0.000000 1.291497 -8.823892 -0.132442 0.326076 0.992202 
1925 20.716221 0.000000 3.065100 106.760425 0.030139 0.501444 -0.139804 
1926 27.338103 0.000000 8.385909 101.194190 -0.184457 7.846962 -0.030187 
1927 25.446137 0.000000 8.385909 101.685312 -0.117132 8.359223 -0.040979 
1928 27.338103 0.000000 10.159511 100.682173 0.102709 9.258074 -0.022262 
1929 23.554171 0.000000 8.385909 102.068618 0.204417 9.002363 -0.049909 
1930 21.662204 0.000000 8.385909 102.010395 -0.146021 9.784924 -0.050189 
1931 23.554171 0.000000 10.159511 101.924863 0.022143 9.813152 -0.048498 
1932 24.500154 0.000000 2.178299 106.790375 0.001736 -2.466219 -0.141027 
1933 24.500154 0.000000 1.291497 -12.453461 0.134193 -1.768510 0.984177 
1934 24.500154 0.000000 3.065100 106.872607 -0.002608 -2.227029 -0.142671 
1935 24.500154 0.000000 3.951901 107.008235 -0.020608 -1.971352 -0.145465 
1936 23.554171 0.000000 3.951901 107.217159 -0.065116 -0.988028 -0.149650 
1937 24.500154 0.000000 4.838703 103.569976 0.268508 4.361557 -0.074584 
1938 97.340851 0.000000 -11.123723 99.187308 -0.162928 12.535084 0.000472 
1939 97.340851 0.000000 -25.312545 99.093111 -0.111290 13.266833 0.000453 
1940 112.476581 0.000000 -11.123723 99.176920 -0.145949 12.653876 0.000380 
1941 59.501528 0.000000 -18.218134 98.995582 -0.139676 12.826599 0.003533 
1942 59.501528 0.000000 -25.312545 99.038338 -0.076607 13.263615 0.001548 
1943 67.069393 0.000000 -18.218134 99.058067 -0.150100 12.857509 0.002216 
1944 74.637257 0.000000 -4.029311 99.245325 -0.248565 11.474191 0.001865 
1945 74.637257 0.000000 -11.123723 99.145696 -0.167342 12.307287 0.001863 
1946 82.205122 0.000000 -4.029311 99.284405 -0.249304 11.686749 0.000596 
1947 48.149731 0.000000 -7.576517 98.343683 -0.430281 11.909735 0.018649 
1948 48.149731 0.000000 -11.123723 98.589009 -0.519409 12.380175 0.012667 
1949 51.933663 0.000000 -7.576517 98.600569 -0.376139 11.756490 0.013957 
1950 28.284086 0.000000 -1.368907 98.617611 -0.368249 20.108806 -0.012993 
1951 29.230069 0.000000 -1.368907 99.852768 -0.409509 13.564477 -0.015474 
1952 22.608188 0.000000 -1.368907 -11.527296 -0.279358 -2.180210 0.986229 
1953 21.662204 0.000000 -1.368907 -10.706224 -0.082713 -0.768753 0.988478 
1954 22.608188 0.000000 -0.482106 -10.698999 -0.256584 -1.962777 0.988161 
1955 31.122035 0.000000 -5.802914 98.933631 0.083590 15.233010 -0.001991 
1956 31.122035 0.000000 -7.576517 98.844936 -0.035966 13.937994 0.003541 
1957 33.014001 0.000000 -5.802914 98.570312 -0.105410 15.356571 0.004806 
1958 28.284086 0.000000 -4.916113 98.797365 -0.483550 16.305262 -0.002701 
1959 28.284086 0.000000 -5.802914 99.438030 -0.405994 15.585920 -0.013101 
1960 29.230069 0.000000 -4.916113 98.865267 -0.351131 15.850642 -0.002571 
1961 26.865111 0.000000 -3.585911 96.802686 0.098124 23.773169 0.006407 
1962 26.865111 0.000000 -4.029311 96.697036 -0.643848 21.598522 0.018277 
1963 27.338103 0.000000 -3.585911 96.793946 0.098195 23.773789 0.006573 
1964 24.500154 0.000000 -4.916113 107.393571 -0.093369 16.887598 -0.181858 
1965 24.500154 0.000000 -5.802914 104.362464 -0.237601 15.328405 -0.112654 
1966 24.973145 0.000000 -3.585911 119.842675 0.016098 23.294427 -0.490490 
1967 24.500154 0.000000 -3.585911 117.844890 -0.070627 15.670568 -0.413299 
1968 24.973145 0.000000 -4.029311 112.578472 -0.107195 21.975331 -0.315684 
1969 26.392120 0.000000 0.404696 -17.234554 0.257878 -2.943343 0.969424 
1970 25.446137 0.000000 0.404696 -14.783911 0.254673 -3.030575 0.977219 
1971 26.865111 0.000000 -1.812308 95.657201 0.039021 23.066907 0.031762 
1972 27.338103 0.000000 -1.812308 96.772582 -0.125772 21.853318 0.015748 
1973 26.865111 0.000000 -1.368907 94.969149 0.094249 23.402993 0.043315 
1974 25.682633 0.000000 -2.920810 94.259981 0.085714 54.819169 -0.189009 
1975 25.446137 0.000000 -2.920810 103.986593 0.066411 52.550239 -0.357474 
1976 25.682633 0.000000 -3.142510 100.278815 0.077312 51.682277 -0.272690 
1977 24.973145 0.000000 -1.812308 -15.452752 0.094270 -5.244099 0.973370 
1978 24.500154 0.000000 -1.812308 -14.291155 -0.028543 -4.432947 0.977611 
1979 24.973145 0.000000 -1.368907 -15.163476 0.110881 -4.701655 0.974795 
1980 97.340851 0.000000 45.631568 99.116651 0.134163 13.225972 0.000095 
1981 112.476581 0.000000 45.631568 99.129062 0.146672 13.157490 0.000029 
1982 97.340851 0.000000 59.820391 99.092774 0.093353 13.514042 -0.000202 
1983 30.176052 0.000000 0.404696 -26.209342 -0.035689 0.238420 0.931301 
1984 30.176052 0.000000 -0.482106 104.036627 -0.036007 18.558023 -0.116802 
1985 28.284086 0.000000 5.725504 100.894208 -0.236992 5.671711 -0.021187 
1986 27.338103 0.000000 5.725504 101.122711 -0.273650 5.389623 -0.025493 
1987 28.284086 0.000000 6.612306 100.957955 -0.291386 6.497938 -0.023482 
1988 26.392120 0.000000 5.725504 101.704019 -0.115878 5.446678 -0.037339 
1989 25.446137 0.000000 5.725504 102.313575 0.071983 5.570169 -0.049910 
1990 26.392120 0.000000 6.612306 101.639762 -0.358724 6.575675 -0.037401 
1991 32.068018 0.000000 5.725504 99.147854 0.234351 5.309557 0.014146 
1992 33.014001 0.000000 5.725504 98.744605 0.467571 5.435131 0.021974 
1993 32.068018 0.000000 6.612306 99.308035 0.182111 6.551471 0.009496 
1994 29.703061 0.000000 1.734898 98.048057 -0.428980 -0.326206 0.038629 
1995 29.703061 0.000000 1.291497 -26.974225 -0.137274 0.887639 0.927158 
1996 30.176052 0.000000 1.734898 98.656836 -0.533132 -0.845821 0.026583 
1997 30.649044 0.000000 1.734898 100.756708 -0.543224 1.496807 -0.015445 
1998 30.649044 0.000000 1.291497 99.479488 -0.670720 -1.528082 0.010105 
1999 31.122035 0.000000 1.734898 100.694124 -0.548624 1.382152 -0.014152 
2000 28.757078 0.000000 4.395302 101.259276 -0.238960 5.003969 -0.027854 
2001 28.284086 0.000000 4.395302 100.800925 -0.044468 4.686749 -0.018279 
2002 28.757078 0.000000 4.838703 100.934203 -0.232166 5.013650 -0.021290 
2003 27.811094 0.000000 4.395302 101.001041 -0.114659 4.134150 -0.021831 
2004 27.338103 0.000000 4.395302 100.975327 -0.302373 3.593708 -0.020902 
2005 27.811094 0.000000 4.838703 100.984189 -0.074861 4.634619 -0.021929 
2006 28.993573 0.000000 2.399999 101.493123 -0.159881 8.782804 -0.037802 
2007 28.993573 0.000000 2.178299 102.564783 -0.213326 10.028861 -0.062016 
2008 29.230069 0.000000 2.399999 98.760833 -0.190737 0.671566 0.024581 
2009 26.865111 0.000000 1.734898 104.431106 0.113382 -4.252188 -0.092395 
2010 26.392120 0.000000 1.734898 104.219331 0.135362 -4.525746 -0.088217 
2011 26.865111 0.000000 1.291497 -17.298997 -0.068347 -0.811687 0.970008 
2012 28.638830 0.000000 2.732549 102.327634 -0.203406 29.902156 -0.136513 
2013 28.638830 0.000000 2.621699 104.530951 -0.153666 33.355008 -0.203930 
2014 28.757078 0.000000 2.732549 104.184358 -0.204580 37.621050 -0.226977 
2015 29.466565 0.000000 2.843400 94.514451 -0.156264 -4.162562 0.104967 
2016 29.466565 0.000000 2.621699 96.291609 -0.172899 -0.114169 0.072788 
2017 29.703061 0.000000 2.843400 93.016170 -0.124736 1.175419 0.134659 
2018 26.865111 0.000000 4.395302 101.144624 -0.437273 2.747027 -0.023797 
2019 26.392120 0.000000 4.395302 102.020952 -0.260288 2.440064 -0.041430 
2020 26.865111 0.000000 4.838703 101.641411 -0.404123 3.770848 -0.034536 
2021 28.165838 0.000000 2.732549 93.298215 -0.171476 13.323948 0.111789 
2022 28.165838 0.000000 2.621699 95.742016 -0.132217 13.670816 0.064656 
2023 27.988466 0.000000 2.787975 90.128255 -0.201341 -0.913115 0.187602 
2024 27.988466 0.000000 2.732549 91.707315 -0.176628 0.618647 0.158935 
2025 28.047590 0.000000 2.787975 90.231590 -0.186465 3.197661 0.184800 
2026 38.689900 0.000000 -2.255709 95.285582 -0.068179 17.359626 0.061930 
2027 38.689900 0.000000 -4.029311 96.592675 -0.118883 15.009972 0.044454 
2028 31.595027 0.000000 1.734898 101.258163 -0.639521 0.179200 -0.025366 
2029 31.595027 0.000000 1.291497 100.283509 -0.610706 0.538975 -0.005745 
2030 33.959985 0.000000 5.725504 96.341160 0.000000 6.791202 0.067226 
2031 34.905968 0.000000 5.725504 96.461800 0.000000 6.807553 0.064878 
2032 33.959985 0.000000 6.612306 98.760329 0.558142 6.552227 0.020315 
2033 33.486993 0.000000 1.734898 104.856032 -0.605862 3.236803 -0.100563 
2034 33.486993 0.000000 1.291497 105.426973 -0.295694 11.833913 -0.125498 
2035 31.595027 0.000000 4.395302 99.079762 -0.046220 1.704139 0.018029 
2036 32.068018 0.000000 4.395302 98.781370 -0.081752 3.380097 0.023081 
2037 31.595027 0.000000 4.838703 98.695405 -0.000000 6.090074 0.022213 
2038 32.777506 0.000000 2.399999 92.527716 -0.574381 -6.617512 0.139450 
2039 32.777506 0.000000 2.178299 103.286740 -0.667479 1.529106 -0.067093 
2040 33.014001 0.000000 2.399999 91.381700 -0.534851 -6.445540 0.160755 
2041 31.831523 0.000000 2.399999 97.852318 -0.607329 8.556800 0.035134 
2042 31.595027 0.000000 2.399999 95.967504 -0.610348 -0.568152 0.078954 
2043 31.831523 0.000000 2.178299 101.537725 -0.650915 0.396075 -0.031049 
2044 33.486993 0.000000 3.508501 91.321058 -0.067702 0.204472 0.166042 
2045 33.959985 0.000000 3.508501 97.999096 -0.211695 5.601179 0.036476 
2046 33.486993 0.000000 3.951901 93.882548 -0.038428 3.309601 0.117511 
2047 34.432976 0.000000 3.508501 104.716277 -0.260197 5.567917 -0.099657 
2048 34.432976 0.000000 3.951901 100.830374 -0.162473 4.225654 -0.018465 
2049 32.777506 0.000000 3.286800 100.399424 -0.064136 -13.568711 -0.026416 
2050 33.014001 0.000000 3.286800 91.774392 -0.058693 -12.915456 0.141065 
2051 32.777506 0.000000 3.508501 99.532603 -0.077055 -4.860623 0.006963 
2052 32.186266 0.000000 2.954250 132.974396 -0.239648 32.504364 -0.873878 
2053 32.068018 0.000000 2.954250 120.078030 -0.214032 29.229688 -0.527315 
2054 32.186266 0.000000 3.065100 114.826111 -0.180487 11.682298 -0.332154 
2055 31.831523 0.000000 3.286800 97.563292 -0.072757 3.394834 0.046987 
2056 31.595027 0.000000 3.286800 94.795235 -0.091800 -1.077549 0.101269 
2057 31.831523 0.000000 3.508501 98.588975 -0.071298 2.302542 0.027491 
2058 37.743917 0.000000 0.404696 104.548158 0.266466 16.414228 -0.119982 
2059 37.743917 0.000000 -0.482106 102.425928 0.366024 26.727731 -0.120558 
2060 38.689900 0.000000 0.404696 101.861758 0.424806 21.321026 -0.083058 
2061 39.635883 0.000000 0.404696 104.447147 0.087093 18.947135 -0.126821 
2062 39.635883 0.000000 -0.482106 103.197391 0.496074 25.382272 -0.129421 
2063 39.635883 0.000000 1.291497 103.888808 0.181057 11.163384 -0.091754 
2064 39.635883 0.000000 2.178299 112.708781 1.077931 16.448636 -0.297499 
2065 36.324942 0.000000 1.734898 101.033031 0.127571 9.405007 -0.029614 
2066 36.324942 0.000000 1.291497 104.559911 -0.086777 14.623511 -0.114663 
2067 36.797934 0.000000 1.734898 103.312506 0.124264 12.438880 -0.082822 
2068 37.743917 0.000000 5.725504 96.206392 -0.000000 6.145995 0.070656 
2069 36.797934 0.000000 5.725504 96.448583 -0.000000 6.341521 0.065746 
2070 36.324942 0.000000 3.508501 98.163529 -0.172801 -1.003828 0.036288 
2071 36.797934 0.000000 3.508501 101.387076 0.013142 2.857841 -0.028751 
2072 36.324942 0.000000 3.951901 98.383237 -0.137397 0.630415 0.032032 
2073 35.142463 0.000000 2.843400 104.039868 -0.138400 -36.556387 -0.216068 
2074 34.905968 0.000000 2.843400 106.381659 -0.248946 -17.600592 -0.162690 
2075 35.142463 0.000000 3.065100 106.918554 -0.190950 -20.614367 -0.185657 
2076 55.717596 0.000000 -0.482106 98.788059 -0.340580 10.969199 0.012048 
2077 55.717596 0.000000 -4.029311 98.850900 -0.276371 11.320243 0.010028 
2078 59.501528 0.000000 -0.482106 98.994771 -0.345465 11.067646 0.007742 
2079 46.257765 0.000000 -2.255709 97.279311 -0.484425 11.572346 0.040258 
2080 46.257765 0.000000 -4.029311 97.665734 -0.420348 11.749816 0.032317 
2081 48.149731 0.000000 -2.255709 97.786173 -0.493361 11.234002 0.031142 
2082 50.041697 0.000000 1.291497 98.047837 -0.764241 11.947329 0.024330 
2083 50.041697 0.000000 -0.482106 98.121638 -0.625026 11.104795 0.024844 
2084 51.933663 0.000000 1.291497 98.377882 -0.561223 11.806379 0.018209 
2085 50.041697 0.000000 8.385909 98.896848 -0.565377 6.651097 0.017486 
2086 51.933663 0.000000 8.385909 99.053540 -1.650337 6.958139 0.013726 
2087 50.041697 0.000000 10.159511 99.037117 -3.982703 7.814557 0.011472 
2088 41.054858 0.000000 2.621699 94.430898 0.516109 -6.481893 0.104052 
2089 40.581866 0.000000 2.621699 106.034701 0.326140 -7.071125 -0.129347 
2090 41.054858 0.000000 2.178299 98.257521 1.717506 -2.569562 0.033591 
2091 42.946824 0.000000 2.621699 101.881437 0.838216 -9.161236 -0.046446 
2092 43.419815 0.000000 2.621699 91.945347 -1.578517 10.929810 0.142410 
2093 42.946824 0.000000 3.065100 103.598384 1.680891 -11.752099 -0.087356 
2094 42.946824 0.000000 0.848096 103.299607 -1.179611 22.793967 -0.119177 
2095 42.946824 0.000000 0.404696 105.668103 -0.945117 25.364149 -0.180998 
2096 43.419815 0.000000 0.848096 91.914407 -1.475968 13.471245 0.136809 
2097 16.932289 0.000000 -1.368907 -7.611268 0.347410 1.455929 0.993983 
2098 17.878272 0.000000 -1.368907 -7.966742 0.327060 0.951690 0.993552 
2099 16.932289 0.000000 -0.482106 -7.946922 0.457503 1.327448 0.993488 
2100 16.932289 0.000000 -4.916113 96.964037 0.085275 -2.116976 0.059349 
2101 16.932289 0.000000 -5.802914 97.979233 -0.153294 1.831972 0.039669 
2102 17.878272 0.000000 -4.916113 99.879279 0.207675 -3.081824 0.001459 
2103 14.803827 0.000000 -3.364210 91.417565 0.020419 -22.900064 0.111842 
2104 14.803827 0.000000 -3.585911 89.697091 -0.000477 -28.671690 0.113237 
2105 15.040323 0.000000 -3.364210 93.178954 0.078905 -20.462845 0.089895 
2106 20.716221 0.000000 -1.368907 -9.870495 -0.130798 -0.316286 0.990246 
2107 19.770238 0.000000 -1.368907 -9.108804 -0.086111 0.126395 0.991701 
2108 20.716221 0.000000 -0.482106 -9.280438 -0.142454 -0.132804 0.991384 
2109 18.824255 0.000000 -1.368907 -8.675997 0.202112 0.695484 0.992420 
2110 18.824255 0.000000 -0.482106 -8.544011 0.089755 0.825644 0.992631 
2111 20.716221 0.000000 -4.916113 110.502440 -0.433426 7.090336 -0.226125 
2112 19.770238 0.000000 -4.916113 108.878655 0.128113 1.184059 -0.185598 
2113 20.716221 0.000000 -5.802914 105.770813 -0.053391 7.935229 -0.125044 
2114 18.824255 0.000000 -4.916113 104.478578 0.115093 -2.084310 -0.092013 
2115 18.824255 0.000000 -5.802914 102.316725 0.073995 2.217474 -0.047363 
2116 39.635883 0.000000 7.499107 94.927273 -0.000000 6.654611 0.094453 
2117 40.108875 0.000000 6.168905 95.438321 -0.000000 6.187709 0.085324 
2118 39.635883 0.000000 6.168905 95.426249 -0.000000 6.192722 0.085548 
2119 40.108875 0.000000 6.612306 95.386076 -0.000000 6.367330 0.086095 
2120 45.311782 0.000000 5.725504 97.111555 -1.493974 8.001399 0.050309 
2121 45.311782 0.000000 4.838703 96.731001 -1.079506 8.627958 0.056751 
2122 46.257765 0.000000 5.725504 97.487901 -1.298591 8.385515 0.042411 
2123 43.892807 0.000000 6.168905 96.690489 -1.331961 7.249306 0.059662 
2124 43.892807 0.000000 5.725504 96.447218 -1.182501 7.458395 0.064091 
2125 44.365799 0.000000 6.168905 96.895910 -1.246519 7.444965 0.055420 
2126 41.291353 0.000000 5.060403 95.221598 0.000000 5.462548 0.090301 
2127 41.054858 0.000000 5.060403 95.355295 -0.000000 5.294980 0.087933 
2128 41.291353 0.000000 5.282104 95.496639 -0.000000 5.928537 0.084524 
2129 41.291353 0.000000 5.503804 95.549888 -0.000000 6.060249 0.083349 
2130 41.054858 0.000000 5.503804 95.512620 -0.000000 5.962473 0.084179 
2131 41.291353 0.000000 5.725504 95.554961 -0.000000 6.136263 0.083160 
2132 40.108875 0.000000 4.395302 96.734720 0.147153 2.950988 0.063366 
2133 39.635883 0.000000 4.395302 97.514158 0.159221 2.344464 0.048547 
2134 40.108875 0.000000 3.951901 99.506219 0.437085 0.215886 0.009827 
2135 50.041697 0.000000 11.933114 99.198646 1.173482 7.565757 0.010101 
2136 50.041697 0.000000 13.706717 99.151360 0.832286 8.846084 0.009006 
2137 41.054858 0.000000 7.055706 95.779926 -0.000000 6.314132 0.078634 
2138 40.581866 0.000000 7.055706 95.536844 -0.000000 6.331603 0.083262 
2139 41.054858 0.000000 7.499107 95.791321 0.000000 6.049697 0.078742 
2140 41.054858 0.000000 7.942508 95.760168 0.000000 5.712783 0.079735 
2141 40.581866 0.000000 7.942508 95.217328 -0.000000 5.826324 0.089971 
2142 43.892807 0.000000 9.716111 98.461097 0.000000 5.687898 0.027306 
2143 44.365799 0.000000 9.716111 98.595941 -2.633786 5.596895 0.024058 
2144 43.892807 0.000000 10.159511 98.451178 0.000000 5.601923 0.027598 
2145 42.710328 0.000000 9.051010 98.040821 -0.000000 5.693626 0.035558 
2146 42.473832 0.000000 9.051010 97.953075 -0.000000 5.502345 0.037492 
2147 42.710328 0.000000 9.272710 98.186662 -0.000000 5.689635 0.032701 
2148 29.466565 0.000000 3.730201 103.406383 -0.044398 7.045623 -0.074252 
2149 29.230069 0.000000 3.730201 100.945394 -0.075423 8.589060 -0.026375 
2150 29.466565 0.000000 3.951901 105.563748 -0.056187 3.133688 -0.115353 
2151 31.122035 0.000000 11.933114 100.350059 -0.331731 9.618206 -0.016275 
2152 29.230069 0.000000 11.933114 100.559856 -0.205736 9.860544 -0.020956 
2153 31.122035 0.000000 13.706717 100.074935 -0.080869 10.334443 -0.012180 
2154 30.205614 0.000000 3.536213 102.886061 -0.041403 1.316170 -0.058728 
2155 30.235176 0.000000 3.536213 103.077097 -0.043064 1.371409 -0.062677 
2156 30.205614 0.000000 3.563926 103.307664 -0.050082 1.611057 -0.067507 
2157 35.851951 0.000000 7.499107 95.269870 0.000000 9.705123 0.082946 
2158 34.905968 0.000000 7.499107 98.283201 0.636404 7.926693 0.027717 
2159 35.851951 0.000000 6.612306 96.115742 0.000000 8.376829 0.069159 
2160 37.270925 0.000000 8.829309 95.203120 0.000000 12.187356 0.078783 
2161 36.797934 0.000000 8.829309 95.251105 0.000000 11.584549 0.079303 
2162 37.270925 0.000000 8.385909 95.240461 0.000000 10.880897 0.081086 
2163 39.162892 0.000000 8.829309 93.319933 -0.000000 5.939592 0.125611 
2164 39.162892 0.000000 8.385909 93.846619 -0.000000 6.812095 0.114641 
2165 39.635883 0.000000 8.829309 93.864176 -0.000000 5.009976 0.116442 
2166 40.108875 0.000000 8.829309 94.612022 -0.000000 4.695938 0.102651 
2167 40.108875 0.000000 8.385909 94.577342 -0.000000 5.525979 0.102459 
2168 40.818362 0.000000 9.494410 96.366155 -0.000000 2.580772 0.070690 
2169 40.581866 0.000000 9.494410 96.091387 -0.000000 2.596832 0.075970 
2170 40.818362 0.000000 9.272710 96.300688 -0.000000 3.222749 0.071579 
2171 41.764345 0.000000 9.494410 97.743502 0.000000 3.676434 0.043269 
2172 41.764345 0.000000 9.272710 97.587188 0.000000 4.093063 0.045999 
2173 42.000841 0.000000 9.494410 97.994787 -0.000000 4.109402 0.038013 
2174 45.311782 0.000000 11.046313 99.015563 1.489706 6.479188 0.015172 
2175 46.257765 0.000000 11.046313 98.973356 1.560133 6.697644 0.015698 
2176 45.311782 0.000000 11.933114 99.209644 0.939928 7.206411 0.010463 
2177 42.946824 0.000000 10.602912 99.159968 1.922805 5.049883 0.013810 
2178 43.419815 0.000000 10.602912 99.051517 1.954334 5.347195 0.015639 
2179 42.946824 0.000000 11.046313 99.445415 1.252111 5.555026 0.007818 
2180 43.892807 0.000000 10.602912 98.988450 1.994207 5.581954 0.016615 
2181 44.365799 0.000000 10.602912 98.952898 2.028285 5.789797 0.017069 
2182 43.892807 0.000000 11.046313 99.175956 1.354886 5.997059 0.012633 
2183 40.345370 0.000000 9.494410 95.520607 -0.000000 2.837350 0.086776 
2184 40.108875 0.000000 9.494410 94.993523 -0.000000 2.674096 0.096908 
2185 40.345370 0.000000 9.272710 95.405712 -0.000000 3.238194 0.088726 
2186 38.926396 0.000000 9.494410 92.021916 -0.000000 4.554849 0.151122 
2187 38.926396 0.000000 9.272710 92.501564 -0.000000 5.402298 0.141428 
2188 39.162892 0.000000 9.494410 92.943292 -0.000000 4.095854 0.134477 
2189 38.453404 0.000000 10.381212 89.466911 -0.000000 6.307465 0.195589 
2190 38.689900 0.000000 10.381212 91.212264 -0.000000 4.027408 0.166410 
2191 38.453404 0.000000 10.602912 106.473887 0.611530 8.989023 -0.141787 
2192 38.335156 0.000000 10.048661 107.177482 1.382095 2.112668 -0.149339 
2193 38.453404 0.000000 10.048661 104.865232 1.111867 2.174267 -0.100268 
2194 38.335156 0.000000 10.159511 107.009733 1.357081 2.261815 -0.145804 
2195 53.825629 0.000000 8.385909 99.098989 -1.399023 7.900998 0.011501 
2196 53.825629 0.000000 6.612306 98.974841 -0.887740 8.722316 0.012711 
2197 55.717596 0.000000 8.385909 99.145459 -1.050111 8.242341 0.010114 
2198 42.946824 0.000000 3.508501 93.234370 -1.574689 7.265383 0.125209 
2199 43.419815 0.000000 3.508501 93.956726 -1.528570 8.139567 0.110354 
2200 42.237337 0.000000 4.617002 94.960430 0.000000 5.540089 0.095182 
2201 42.473832 0.000000 4.617002 94.449549 0.000000 5.129568 0.105297 
2202 42.237337 0.000000 3.730201 101.480780 1.333651 -8.714075 -0.037606 
2203 42.237337 0.000000 3.508501 102.846362 1.098597 -11.609676 -0.071337 
2204 42.473832 0.000000 3.730201 102.927364 2.350348 -10.004958 -0.069967 
2205 41.675659 0.000000 4.201314 95.231253 0.077017 2.878821 0.092271 
2206 41.705221 0.000000 4.201314 95.318093 0.082710 2.814664 0.090653 
2207 41.675659 0.000000 4.229027 94.261957 0.000000 3.937596 0.109918 
2208 42.710328 0.000000 5.060403 95.570887 0.000000 6.125376 0.082869 
2209 42.710328 0.000000 4.838703 95.263131 -1.361062 6.712381 0.087803 
2210 42.946824 0.000000 5.060403 95.593076 -0.751674 6.916222 0.081356 
2211 42.355584 0.000000 5.392954 95.641499 0.000000 6.317737 0.081279 
2212 42.355584 0.000000 5.282104 95.625651 0.000000 6.252369 0.081664 
2213 42.473832 0.000000 5.392954 95.669102 0.000000 6.339647 0.080723 
2214 41.882593 0.000000 5.392954 95.594605 0.000000 6.207334 0.082314 
2215 41.764345 0.000000 5.392954 95.561613 0.000000 6.190860 0.082965 
2216 41.882593 0.000000 5.282104 95.575121 0.000000 6.135910 0.082775 
2217 43.183320 0.000000 6.390605 96.431084 0.000000 6.586071 0.065767 
2218 43.183320 0.000000 6.168905 96.408138 -1.385993 6.880101 0.065621 
2219 43.419815 0.000000 6.390605 96.617713 -1.179095 6.947345 0.061536 
2220 42.355584 0.000000 5.836354 95.721215 0.000000 6.508886 0.079508 
2221 42.473832 0.000000 5.836354 95.736602 0.000000 6.535873 0.079179 
2222 42.119089 0.000000 6.058055 95.858076 0.000000 6.602218 0.076764 
2223 42.000841 0.000000 6.058055 95.812000 0.000000 6.576434 0.077681 
2224 41.291353 0.000000 5.947205 95.542569 -0.000000 6.300839 0.083192 
2225 41.054858 0.000000 5.947205 95.518225 -0.000000 6.173321 0.083816 
2226 41.291353 0.000000 6.168905 95.623232 -0.000000 6.371767 0.081560 
2227 41.291353 0.000000 6.390605 95.675110 -0.000000 6.385240 0.080550 
2228 41.054858 0.000000 6.390605 95.567725 -0.000000 6.312576 0.082696 
2229 41.291353 0.000000 6.612306 95.740025 -0.000000 6.374217 0.079322 
2230 41.882593 0.000000 5.836354 95.655782 0.000000 6.455670 0.080830 
2231 41.764345 0.000000 5.836354 95.614477 0.000000 6.376961 0.081721 
2232 41.882593 0.000000 5.947205 95.683565 0.000000 6.518442 0.080217 
2233 41.882593 0.000000 6.058055 95.772483 0.000000 6.562419 0.078457 
2234 41.764345 0.000000 6.058055 95.762141 0.000000 6.530426 0.078697 
2235 41.882593 0.000000 6.168905 95.848712 0.000000 6.557062 0.077003 
2236 42.089527 0.000000 5.642367 95.671504 0.000000 6.371003 0.080637 
2237 42.059965 0.000000 5.642367 95.670581 0.000000 6.369729 0.080657 
2238 42.089527 0.000000 5.670079 95.671071 0.000000 6.381767 0.080632 
2239 41.764345 0.000000 6.834006 96.094591 -0.000000 6.471987 0.072394 
2240 41.527849 0.000000 6.834006 95.958257 -0.000000 6.410797 0.075091 
2241 41.764345 0.000000 7.055706 96.141049 -0.000000 6.452499 0.071526 
2242 41.764345 0.000000 7.277407 96.156779 -0.000000 6.412388 0.071276 
2243 41.527849 0.000000 7.277407 95.997496 -0.000000 6.295944 0.074484 
2244 41.764345 0.000000 7.499107 96.288848 -0.000000 6.224570 0.068971 
2245 42.119089 0.000000 6.501456 96.058721 0.000000 6.617486 0.072893 
2246 42.000841 0.000000 6.501456 96.025657 0.000000 6.590409 0.073564 
2247 42.119089 0.000000 6.612306 96.164585 0.000000 6.623205 0.070851 
2248 43.183320 0.000000 7.277407 96.537706 0.000000 6.347372 0.064018 
2249 43.419815 0.000000 7.277407 96.592086 0.000000 6.213149 0.063137 
2250 42.592080 0.000000 6.501456 96.248148 0.000000 6.621613 0.069245 
2251 42.710328 0.000000 6.501456 96.298393 0.000000 6.624854 0.068273 
2252 42.592080 0.000000 6.612306 96.340174 0.000000 6.615591 0.067480 
2253 42.296461 0.000000 6.224330 96.031698 0.000000 6.616237 0.073414 
2254 42.237337 0.000000 6.224330 96.020485 0.000000 6.622308 0.073621 
2255 42.296461 0.000000 6.168905 95.951981 0.000000 6.602852 0.074962 
2256 42.592080 0.000000 6.058055 96.004928 0.000000 6.616042 0.073928 
2257 42.592080 0.000000 5.947205 95.943519 0.000000 6.606226 0.075120 
2258 42.710328 0.000000 6.058055 96.053379 0.000000 6.610601 0.073005 
2259 41.882593 0.000000 6.279755 95.901016 -0.000000 6.562333 0.075993 
2260 41.764345 0.000000 6.279755 95.869754 -0.000000 6.543857 0.076617 
2261 41.882593 0.000000 6.390605 95.927287 -0.000000 6.562439 0.075489 
2262 41.882593 0.000000 6.501456 95.989366 0.000000 6.572710 0.074284 
2263 41.764345 0.000000 6.501456 95.908961 -0.000000 6.538078 0.075872 
2264 41.882593 0.000000 6.612306 96.077021 0.000000 6.584772 0.072585 
2265 42.592080 0.000000 6.723156 96.409056 0.000000 6.576047 0.066205 
2266 42.473832 0.000000 6.723156 96.396878 0.000000 6.591782 0.066419 
2267 42.710328 0.000000 6.723156 96.429732 0.000000 6.553372 0.065836 
2268 42.828576 0.000000 6.723156 96.438949 0.000000 6.534356 0.065683 
2269 42.828576 0.000000 6.612306 96.384435 0.000000 6.631725 0.066606 
2270 42.946824 0.000000 6.723156 96.445672 0.000000 6.519421 0.065573 
2271 42.828576 0.000000 7.166557 96.485396 0.000000 6.422966 0.064931 
2272 42.946824 0.000000 7.166557 96.506019 0.000000 6.419116 0.064538 
2273 42.828576 0.000000 7.277407 96.507835 0.000000 6.381851 0.064551 
2274 42.828576 0.000000 7.388257 96.615770 0.000000 6.299471 0.062571 
2275 42.710328 0.000000 7.388257 96.582677 0.000000 6.349448 0.063147 
2276 42.946824 0.000000 7.388257 96.737976 0.000000 6.311924 0.060192 
2277 42.592080 0.000000 7.388257 96.541035 0.000000 6.409875 0.063874 
2278 42.473832 0.000000 7.388257 96.437756 0.000000 6.510172 0.065738 
2279 42.592080 0.000000 7.499107 96.621697 0.000000 6.368356 0.062369 
2280 42.237337 0.000000 7.720807 96.649109 -0.000000 6.325426 0.061894 
2281 42.000841 0.000000 7.720807 96.483880 -0.000000 6.229944 0.065205 
2282 42.237337 0.000000 7.942508 96.749613 -0.000000 6.251382 0.060043 
2283 42.237337 0.000000 8.164208 96.976166 -0.000000 5.994959 0.055968 
2284 42.000841 0.000000 8.164208 96.775729 -0.000000 5.862447 0.060009 
2285 42.237337 0.000000 8.385909 97.217450 -0.000000 5.893011 0.051404 
2286 42.592080 0.000000 7.609957 96.742356 0.000000 6.356508 0.060051 
2287 42.473832 0.000000 7.609957 96.687518 0.000000 6.379784 0.061082 
2288 42.592080 0.000000 7.720807 96.870191 0.000000 6.382614 0.057543 
2289 42.592080 0.000000 7.831658 96.918190 0.000000 6.372412 0.056626 
2290 42.473832 0.000000 7.831658 96.816056 -0.000000 6.366462 0.058612 
2291 42.592080 0.000000 7.942508 96.977283 0.000000 6.323951 0.055541 
2292 43.656311 0.000000 7.720807 97.473238 0.000000 6.079598 0.046201 
2293 43.656311 0.000000 7.499107 97.228068 -1.413012 6.426844 0.050340 
2294 43.892807 0.000000 7.720807 97.422739 -2.579814 6.245206 0.046315 
2295 43.065072 0.000000 7.609957 96.963274 0.000000 6.293113 0.055852 
2296 43.065072 0.000000 7.499107 96.881868 0.000000 6.296442 0.057426 
2297 43.183320 0.000000 7.609957 96.974510 0.000000 6.287569 0.055641 
2298 43.065072 0.000000 8.053358 97.345196 0.000000 6.188292 0.048562 
2299 42.946824 0.000000 8.053358 97.346815 0.000000 6.227025 0.048482 
2300 43.183320 0.000000 8.053358 97.346254 0.000000 6.198680 0.048528 
2301 43.301568 0.000000 8.053358 97.446883 0.000000 6.197457 0.046570 
2302 43.301568 0.000000 7.942508 97.310133 0.000000 6.204973 0.049224 
2303 43.419815 0.000000 8.053358 97.444289 0.000000 6.205407 0.046610 
2304 43.656311 0.000000 9.051010 98.115212 0.000000 5.809272 0.033966 
2305 43.892807 0.000000 9.051010 98.119126 0.000000 5.706240 0.034008 
2306 43.656311 0.000000 9.272710 98.288332 0.000000 5.746139 0.030639 
2307 43.301568 0.000000 8.718459 97.761623 0.000000 5.923697 0.040757 
2308 43.419815 0.000000 8.718459 97.778508 0.000000 5.906483 0.040448 
2309 43.301568 0.000000 8.829309 97.800588 0.000000 5.789811 0.040152 
2310 42.237337 0.000000 8.607609 97.255915 -0.000000 5.739222 0.050835 
2311 42.000841 0.000000 8.607609 97.029611 -0.000000 5.493709 0.055507 
2312 42.237337 0.000000 8.829309 97.536155 -0.000000 5.389987 0.045765 
2313 42.237337 0.000000 9.051010 97.840440 -0.000000 5.070985 0.040153 
2314 42.000841 0.000000 9.051010 97.640363 -0.000000 4.762262 0.044368 
2315 42.237337 0.000000 9.272710 98.004642 -0.000000 4.995119 0.037014 
2316 41.764345 0.000000 9.051010 97.490433 -0.000000 4.340662 0.047677 
2317 41.527849 0.000000 9.051010 97.087828 -0.000000 4.047615 0.055757 
2318 41.764345 0.000000 8.829309 97.148193 -0.000000 4.782510 0.053936 
2319 43.242444 0.000000 8.552184 97.699290 0.000000 6.025496 0.041854 
2320 43.301568 0.000000 8.552184 97.698904 0.000000 6.019648 0.041869 
2321 43.242444 0.000000 8.607609 97.715894 0.000000 6.007297 0.041552 
2322 70.853325 0.000000 6.612306 99.219258 -0.754367 11.368036 0.002574 
2323 70.853325 0.000000 3.065100 99.214488 -0.487500 11.370313 0.002696 
2324 74.637257 0.000000 6.612306 99.018338 -0.174460 13.063762 0.002468 
2325 17.878272 0.000000 13.706717 101.784472 0.206354 12.597853 -0.051883 
2326 14.094340 0.000000 13.706717 101.350813 0.253410 13.845440 -0.046375 
2327 17.878272 0.000000 17.253923 101.131272 0.026186 13.008828 -0.039676 
2328 10.310407 0.000000 13.706717 100.956406 0.455616 14.606090 -0.040574 
2329 6.526475 0.000000 13.706717 100.136179 0.467282 14.981913 -0.025193 
2330 10.310407 0.000000 17.253923 101.031192 -0.058320 14.011141 -0.040362 
2331 0.850577 0.000000 4.838703 96.955364 0.095392 17.281412 0.030100 
2332 -1.041390 0.000000 4.838703 97.108634 0.334942 16.663665 0.029212 
2333 0.850577 0.000000 6.612306 97.934980 0.238117 16.602633 0.013304 
2334 -0.095407 0.000000 0.404696 91.737557 0.109393 21.829674 0.110767 
2335 -1.041390 0.000000 0.404696 92.173760 0.333150 19.157446 0.113688 
2336 -0.095407 0.000000 1.291497 93.818783 0.123112 19.774823 0.080698 
2337 1.796560 0.000000 2.178299 94.886584 0.166045 20.723383 0.056705 
2338 0.850577 0.000000 2.178299 95.018758 0.144785 19.715521 0.058271 
2339 1.796560 0.000000 3.065100 95.804989 0.179666 19.620760 0.043640 
2340 -0.095407 0.000000 2.178299 95.081710 0.213807 18.607790 0.061317 
2341 -1.041390 0.000000 2.178299 95.221253 0.323292 17.762199 0.061731 
2342 -0.095407 0.000000 3.065100 95.861248 0.303451 17.758721 0.049516 
2343 9.364424 0.000000 -1.368907 -11.964681 0.198846 -0.474044 0.985658 
2344 9.364424 0.000000 -4.916113 99.383662 -0.640577 10.116855 0.002013 
2345 8.418441 0.000000 -4.916113 101.344624 -0.534942 8.501189 -0.034329 
2346 9.364424 0.000000 -5.802914 98.844785 -0.598936 10.283239 0.012360 
2347 7.472458 0.000000 -4.916113 102.113238 -0.454288 5.348341 -0.045592 
2348 6.526475 0.000000 -4.916113 100.467875 -0.345237 2.292982 -0.009917 
2349 7.472458 0.000000 -5.802914 99.928876 -0.357200 7.716880 -0.004546 
2350 19.770238 0.000000 8.385909 102.072028 -0.102996 11.230123 -0.054483 
2351 17.878272 0.000000 8.385909 102.129195 -0.384315 12.048291 -0.057568 
2352 19.770238 0.000000 10.159511 102.570661 -0.002015 11.256037 -0.064744 
2353 15.986306 0.000000 8.385909 101.624436 -0.526319 12.607935 -0.048676 
2354 14.094340 0.000000 8.385909 101.944337 -0.227657 13.537587 -0.057597 
2355 15.986306 0.000000 10.159511 101.576501 0.322770 13.053330 -0.048828 
2356 16.932289 0.000000 0.404696 -8.117263 0.427880 1.237434 0.993240 
2357 17.878272 0.000000 0.404696 -8.038531 0.293944 1.142561 0.993399 
2358 18.824255 0.000000 0.404696 -8.478639 0.081114 0.636664 0.992770 
2359 19.770238 0.000000 0.404696 -8.589555 0.106960 0.500634 0.992596 
2360 20.716221 0.000000 0.404696 -9.076850 -0.174589 0.157883 0.991756 
2361 21.662204 0.000000 0.404696 -9.583757 -0.051809 -0.278392 0.990807 
2362 22.608188 0.000000 0.404696 -10.116605 -0.264884 -1.477163 0.989540 
2363 23.554171 0.000000 0.404696 -11.305582 0.035148 -2.110407 0.986773 
2364 24.500154 0.000000 0.404696 -12.706233 0.050915 -2.739526 0.983104 
2365 22.608188 0.000000 3.951901 107.150241 -0.100822 0.654901 -0.148161 
2366 21.662204 0.000000 3.951901 106.927486 -0.033658 0.730161 -0.143402 
2367 22.608188 0.000000 4.838703 103.847878 -0.071605 6.083837 -0.082140 
2368 24.500154 0.000000 5.725504 102.714638 -0.141924 6.165891 -0.058834 
2369 23.554171 0.000000 5.725504 102.966568 -0.174363 6.796479 -0.064834 
2370 24.500154 0.000000 6.612306 102.311329 0.157707 7.302502 -0.052096 
2371 22.608188 0.000000 5.725504 103.222498 -0.072522 7.369344 -0.070920 
2372 21.662204 0.000000 5.725504 103.196802 -0.102553 7.655584 -0.070820 
2373 22.608188 0.000000 6.612306 102.446246 -0.179425 8.287897 -0.056395 
2374 97.340851 0.000000 -39.501368 99.045330 -0.083946 13.544170 0.000657 
2375 97.340851 0.000000 -53.690191 99.030455 -0.068687 13.688790 0.000558 
2376 112.476581 0.000000 -39.501368 99.050786 -0.076066 13.561143 0.000503 
2377 74.637257 0.000000 -18.218134 99.150936 -0.255800 12.977270 0.000062 
2378 74.637257 0.000000 -25.312545 99.127940 -0.235492 13.300205 -0.000330 
2379 82.205122 0.000000 -18.218134 99.145503 -0.200284 12.981752 0.000160 
2380 34.905968 0.000000 -5.802914 97.762843 -0.044891 14.868865 0.022134 
2381 34.905968 0.000000 -7.576517 98.558689 -0.459784 14.449649 0.007718 
2382 36.797934 0.000000 -5.802914 97.808318 -0.441105 14.769057 0.021521 
2383 24.027162 0.000000 -3.585911 116.337966 -0.135696 9.941310 -0.363337 
2384 24.027162 0.000000 -4.029311 115.642361 -0.164745 7.166743 -0.342454 
2385 24.027162 0.000000 -3.142510 116.619903 -0.123687 10.975595 -0.372068 
2386 24.027162 0.000000 -2.699109 115.642361 -0.164745 7.166743 -0.342454 
2387 23.554171 0.000000 -2.699109 113.614454 -0.286171 11.596318 -0.304280 
2388 24.027162 0.000000 -2.255709 -14.131971 -0.142730 -3.426312 0.978853 
2389 30.176052 0.000000 -1.368907 101.905548 -0.266547 13.002399 -0.055387 
2390 30.176052 0.000000 -2.255709 101.860895 -0.314617 12.399510 -0.052949 
2391 31.122035 0.000000 -1.368907 103.629909 -0.006159 19.517595 -0.112009 
2392 24.027162 0.000000 -1.812308 -13.649393 0.057765 -3.488081 0.980152 
2393 23.554171 0.000000 -1.812308 -13.200332 -0.065393 -2.936083 0.981713 
2394 24.027162 0.000000 -1.368907 -13.154610 0.010235 -3.415482 0.981529 
2395 28.993573 0.000000 3.730201 100.914489 -0.081808 10.594869 -0.029599 
2396 28.757078 0.000000 3.730201 101.067590 -0.058499 14.429729 -0.042288 
2397 28.993573 0.000000 3.951901 101.619574 -0.054471 12.041860 -0.047155 
2398 28.520582 0.000000 3.730201 99.998018 -0.097381 14.812779 -0.021903 
2399 28.284086 0.000000 3.730201 95.313236 -0.129965 20.418238 0.049847 
2400 28.520582 0.000000 3.951901 96.463139 -0.084559 19.539539 0.031306 
2401 29.466565 0.000000 2.399999 98.517602 -0.181254 -1.985136 0.029031 
2402 29.466565 0.000000 2.178299 104.963831 -0.229487 -0.380789 -0.101760 
2403 29.703061 0.000000 2.399999 101.738786 -0.221243 6.061609 -0.038757 
2404 29.939556 0.000000 2.843400 102.808028 -0.167867 12.392483 -0.072309 
2405 29.939556 0.000000 2.621699 103.639773 -0.203646 11.110445 -0.086469 
2406 30.176052 0.000000 2.843400 298.815687 -0.167236 -68.371609 -8.396552 
2407 28.047590 0.000000 3.730201 89.612094 -0.128798 16.960432 0.168200 
2408 27.811094 0.000000 3.730201 90.902741 -0.059415 14.988651 0.151203 
2409 28.047590 0.000000 3.951901 86.057011 -0.130048 23.029989 0.206379 
2410 27.574599 0.000000 3.730201 91.287049 -0.053432 8.033584 0.160213 
2411 27.338103 0.000000 3.730201 97.719708 -0.048923 -0.439127 0.045066 
2412 27.574599 0.000000 3.951901 93.148339 -0.062477 3.811496 0.130886 
2413 35.851951 0.000000 5.725504 96.769375 -0.000000 6.219445 0.059701 
2414 32.541010 0.000000 4.395302 98.738675 -0.088717 2.223459 0.024572 
2415 33.014001 0.000000 4.395302 97.748905 -0.110496 2.335120 0.043969 
2416 32.541010 0.000000 4.838703 99.103687 -0.000000 4.599856 0.015730 
2417 33.486993 0.000000 4.395302 96.071427 -0.095660 3.526464 0.075784 
2418 33.959985 0.000000 4.395302 96.821024 -0.072608 4.926030 0.060142 
2419 33.486993 0.000000 4.838703 96.575174 -0.139773 4.150693 0.065599 
2420 34.669472 0.000000 2.843400 105.217844 -0.269669 -11.119237 -0.119450 
2421 34.432976 0.000000 2.843400 104.573249 -0.367308 14.170370 -0.113650 
2422 34.669472 0.000000 3.065100 107.159618 -0.348054 4.015311 -0.149943 
2423 55.717596 0.000000 -7.576517 98.911235 -0.229090 11.868380 0.007566 
2424 55.717596 0.000000 -11.123723 98.915702 -0.231939 12.197649 0.006685 
2425 59.501528 0.000000 -7.576517 98.995221 -0.238875 11.767337 0.006142 
2426 63.285460 0.000000 -0.482106 99.127639 -0.351798 11.037225 0.005177 
2427 63.285460 0.000000 -4.029311 99.113735 -0.267764 11.353148 0.004750 
2428 67.069393 0.000000 -0.482106 99.216377 -0.308790 11.065455 0.003357 
2429 50.041697 0.000000 -2.255709 98.196936 -0.570767 11.132521 0.023310 
2430 50.041697 0.000000 -4.029311 98.294098 -0.522852 11.330689 0.020961 
2431 51.933663 0.000000 -2.255709 98.467939 -0.415261 11.115825 0.018033 
2432 41.054858 0.000000 1.734898 102.770245 0.559165 7.866394 -0.062392 
2433 40.581866 0.000000 1.734898 103.210444 0.386185 8.310848 -0.072162 
2434 41.054858 0.000000 1.291497 104.065557 -0.048302 13.815488 -0.102051 
2435 38.689900 0.000000 -5.802914 97.530336 -0.107817 14.014109 0.029143 
2436 38.689900 0.000000 -7.576517 97.951560 -0.175212 13.495147 0.022334 
2437 40.581866 0.000000 -5.802914 97.438408 -0.220163 13.380544 0.032667 
2438 41.054858 0.000000 0.848096 103.883160 -0.210232 14.810255 -0.101110 
2439 40.581866 0.000000 0.848096 104.099266 -0.054866 12.086852 -0.098275 
2440 41.054858 0.000000 0.404696 103.376348 -0.153220 14.539082 -0.089808 
2441 23.081179 0.000000 -2.699109 111.380179 -0.419954 16.476665 -0.267720 
2442 22.608188 0.000000 -2.699109 -15.084028 -0.333286 -2.579986 0.976570 
2443 23.081179 0.000000 -2.255709 -13.840516 -0.286999 -2.767577 0.980070 
2444 45.311782 0.000000 3.951901 96.305461 -0.976220 9.372153 0.063647 
2445 45.311782 0.000000 3.065100 95.686574 0.258361 12.273946 0.069336 
2446 46.257765 0.000000 3.951901 96.893833 -0.851222 9.668648 0.051738 
2447 43.892807 0.000000 5.282104 96.207204 -1.076133 7.639504 0.068465 
2448 43.892807 0.000000 4.838703 95.896558 -1.236319 7.808755 0.074134 
2449 44.365799 0.000000 5.282104 96.442475 -1.004312 7.877202 0.063579 
2450 40.108875 0.000000 3.508501 102.715062 0.371450 -2.195325 -0.055534 
2451 39.635883 0.000000 3.508501 100.603873 0.429938 0.479186 -0.012155 
2452 40.108875 0.000000 3.065100 108.215091 0.087993 4.806883 -0.173362 
2453 30.412548 0.000000 2.843400 324.424475 -0.272798 -86.614654 -10.275341 
2454 30.412548 0.000000 2.621699 238.009442 -0.271544 -51.296800 -4.927993 
2455 30.649044 0.000000 2.843400 390.022315 -0.303435 -121.139192 -15.679220 
2456 33.959985 0.000000 7.499107 98.727653 0.533701 7.640771 0.019418 
2457 33.014001 0.000000 7.499107 99.155078 0.319469 7.464192 0.011245 
2458 33.959985 0.000000 8.385909 98.811628 0.051643 8.455344 0.016477 
2459 33.959985 0.000000 9.272710 99.226494 -0.056259 9.046598 0.007226 
2460 33.014001 0.000000 9.272710 99.270883 -0.012809 8.801703 0.006782 
2461 33.959985 0.000000 10.159511 99.665417 0.057442 9.300411 -0.001970 
2462 33.959985 0.000000 11.046313 99.825590 0.119092 9.766288 -0.006054 
2463 33.014001 0.000000 11.046313 100.046258 -0.067568 9.567907 -0.010080 
2464 33.959985 0.000000 11.933114 99.820924 0.216134 10.268063 -0.006970 
2465 42.237337 0.000000 9.494410 98.159923 -0.000000 4.733322 0.034223 
2466 42.473832 0.000000 9.494410 98.240777 -0.000000 5.013467 0.032361 
2467 42.237337 0.000000 9.716111 98.364680 -0.000000 4.448526 0.030460 
2468 42.237337 0.000000 9.937811 98.323112 0.000000 4.218315 0.031477 
2469 42.473832 0.000000 9.937811 98.426963 -0.000000 4.774100 0.028934 
2470 42.237337 0.000000 10.159511 98.322436 0.000000 4.218840 0.031490 
2471 41.291353 0.000000 9.051010 96.771919 -0.000000 3.859173 0.062030 
2472 41.054858 0.000000 9.051010 96.408313 -0.000000 3.642462 0.069217 
2473 41.291353 0.000000 8.829309 96.525960 -0.000000 4.476893 0.066270 
2474 40.818362 0.000000 9.051010 96.150200 -0.000000 3.647050 0.074184 
2475 40.581866 0.000000 9.051010 95.533111 -0.000000 3.582063 0.086059 
2476 40.818362 0.000000 8.829309 95.699173 -0.000000 4.393685 0.082236 
2477 38.926396 0.000000 10.381212 92.042483 -0.000000 3.491042 0.151599 
2478 39.162892 0.000000 10.381212 92.814513 -0.000000 2.995351 0.137649 
2479 38.926396 0.000000 10.602912 106.079308 0.422155 6.335064 -0.129313 
2480 53.825629 0.000000 4.838703 98.728718 -0.636984 10.297389 0.014620 
2481 53.825629 0.000000 3.065100 98.126845 -0.326554 15.452401 0.013224 
2482 55.717596 0.000000 4.838703 98.819317 -0.702065 10.673451 0.012033 
2483 57.609562 0.000000 8.385909 99.248221 -0.977764 8.160339 0.008224 
2484 57.609562 0.000000 6.612306 99.074945 -0.869403 9.568860 0.009184 
2485 59.501528 0.000000 8.385909 99.318730 -1.215161 8.266127 0.006598 
2486 43.892807 0.000000 4.395302 95.559001 -0.704471 7.822891 0.080678 
2487 43.892807 0.000000 3.951901 95.111613 -1.188412 8.368587 0.088234 
2488 44.365799 0.000000 4.395302 95.943974 -0.944983 7.594687 0.073618 
2489 42.710328 0.000000 4.617002 95.001606 -1.103274 6.702270 0.092856 
2490 42.710328 0.000000 4.395302 94.692871 -0.936819 6.662074 0.098800 
2491 42.946824 0.000000 4.617002 95.128441 -1.102586 6.989691 0.090051 
2492 41.882593 0.000000 5.171253 95.448599 0.000000 5.980638 0.085380 
2493 41.764345 0.000000 5.171253 95.371366 0.000000 5.878214 0.086975 
2494 42.000841 0.000000 5.171253 95.450134 0.000000 5.990570 0.085339 
2495 42.119089 0.000000 5.171253 95.467796 0.000000 6.009656 0.084978 
2496 42.119089 0.000000 5.060403 95.315444 0.000000 5.870743 0.088050 
2497 42.237337 0.000000 5.171253 95.558321 0.000000 6.099967 0.083140 
2498 43.183320 0.000000 5.947205 96.298525 -1.051453 6.957311 0.067708 
2499 43.183320 0.000000 5.725504 96.208494 0.105137 6.697457 0.069906 
2500 43.419815 0.000000 5.947205 96.386820 -1.025691 7.083615 0.065835 
2501 42.828576 0.000000 6.501456 96.382203 0.000000 6.633408 0.066647 
2502 42.828576 0.000000 6.390605 96.262043 0.000000 6.625465 0.068972 
2503 42.946824 0.000000 6.501456 96.416116 0.000000 6.620073 0.066011 
2504 42.592080 0.000000 5.836354 95.759059 0.000000 6.599442 0.078665 
2505 42.592080 0.000000 5.725504 95.722642 0.000000 6.511668 0.079477 
2506 42.710328 0.000000 5.836354 95.783168 0.000000 6.601125 0.078201 
2507 42.355584 0.000000 6.723156 96.349191 0.000000 6.626306 0.067293 
2508 42.237337 0.000000 6.723156 96.253599 0.000000 6.634711 0.069123 
2509 42.355584 0.000000 6.834006 96.349996 0.000000 6.569515 0.067352 
2510 42.355584 0.000000 6.944856 96.366640 0.000000 6.567813 0.067033 
2511 42.237337 0.000000 6.944856 96.301460 0.000000 6.549612 0.068313 
2512 42.355584 0.000000 7.055706 96.377005 0.000000 6.566260 0.066836 
2513 43.656311 0.000000 7.277407 97.136241 -0.666987 6.515676 0.052165 
2514 43.656311 0.000000 7.055706 97.021137 -2.901988 6.310720 0.053865 
2515 43.892807 0.000000 7.277407 97.240076 -0.580215 6.571118 0.050085 
2516 41.764345 0.000000 7.720807 96.296203 -0.000000 6.036671 0.069060 
2517 41.527849 0.000000 7.720807 96.162781 -0.000000 6.024029 0.071643 
2518 41.764345 0.000000 7.942508 96.333791 -0.000000 5.986227 0.068397 
2519 41.764345 0.000000 8.164208 96.469284 -0.000000 5.676233 0.066146 
2520 41.527849 0.000000 8.164208 96.267326 -0.000000 5.535487 0.070196 
2521 41.764345 0.000000 8.385909 96.701967 -0.000000 5.480137 0.061870 
2522 42.355584 0.000000 7.166557 96.373724 0.000000 6.538754 0.066935 
2523 42.237337 0.000000 7.166557 96.331002 0.000000 6.522262 0.067780 
2524 42.355584 0.000000 7.277407 96.385170 0.000000 6.484735 0.066785 
2525 42.355584 0.000000 7.388257 96.448661 0.000000 6.451906 0.065603 
2526 42.237337 0.000000 7.388257 96.343288 -0.000000 6.465774 0.067616 
2527 42.355584 0.000000 7.499107 96.546236 0.000000 6.395194 0.063793 
2528 43.301568 0.000000 7.831658 97.276827 0.000000 6.210769 0.049865 
2529 43.301568 0.000000 7.720807 97.124879 0.000000 6.241453 0.052780 
2530 43.419815 0.000000 7.831658 97.269484 0.000000 6.212380 0.050005 
2531 42.828576 0.000000 8.053358 97.241377 0.000000 6.271657 0.050478 
2532 42.710328 0.000000 8.053358 97.202131 0.000000 6.299022 0.051207 
2533 42.828576 0.000000 8.164208 97.384163 0.000000 6.243293 0.047735 
2534 42.828576 0.000000 8.275058 97.499884 0.000000 6.161599 0.045581 
2535 42.710328 0.000000 8.275058 97.469587 0.000000 6.179854 0.046149 
2536 42.828576 0.000000 8.385909 97.560151 0.000000 6.161296 0.044406 
2537 41.764345 0.000000 8.607609 96.817035 -0.000000 5.352816 0.059781 
2538 41.527849 0.000000 8.607609 96.471845 0.000000 5.086561 0.066731 
2539 42.828576 0.000000 8.496759 97.595513 0.000000 6.159347 0.043718 
2540 42.710328 0.000000 8.496759 97.569664 -0.000000 6.126883 0.044262 
2541 42.828576 0.000000 8.607609 97.660424 0.000000 6.094386 0.042530 
2542 42.828576 0.000000 8.718459 97.719271 0.000000 6.058111 0.041424 
2543 42.710328 0.000000 8.718459 97.690849 0.000000 6.005303 0.042043 
2544 42.828576 0.000000 8.829309 97.861237 0.000000 5.987890 0.038732 
2545 42.710328 0.000000 9.494410 98.380938 -0.000000 5.574338 0.029012 
2546 42.946824 0.000000 9.494410 98.356935 0.000000 5.705216 0.029336 
2547 42.710328 0.000000 9.716111 98.512218 -0.000000 5.382408 0.026637 
2548 43.183320 0.000000 9.494410 98.365234 0.000000 5.822469 0.029038 
2549 43.419815 0.000000 9.494410 98.392996 0.000000 5.748215 0.028578 
2550 43.183320 0.000000 9.716111 98.506334 0.000000 5.761643 0.026331 
2551 42.710328 0.000000 9.937811 98.518637 -0.000000 5.123703 0.026783 
2552 42.946824 0.000000 9.937811 98.523831 -0.000000 5.558922 0.026215 
2553 42.710328 0.000000 10.159511 98.512355 -0.000000 5.227696 0.026799 
2554 61.393494 0.000000 8.385909 99.361717 -1.166821 8.593843 0.005203 
2555 61.393494 0.000000 6.612306 99.212519 -0.892944 9.787007 0.006029 
2556 63.285460 0.000000 8.385909 99.407368 -1.054216 8.773393 0.004009 
2557 -2.933356 0.000000 4.838703 97.278909 0.211319 15.731461 0.028929 
2558 -4.825322 0.000000 4.838703 97.631076 0.080414 15.003832 0.024305 
2559 -2.933356 0.000000 6.612306 97.969556 0.165459 15.517660 0.016114 
2560 27.338103 0.000000 11.933114 101.169143 0.138458 10.119381 -0.033762 
2561 25.446137 0.000000 11.933114 101.521252 -0.182772 10.405498 -0.041487 
2562 27.338103 0.000000 13.706717 100.451615 -0.044321 10.725635 -0.020557 
2563 70.853325 0.000000 -0.482106 99.262023 -0.361077 11.047243 0.002488 
2564 70.853325 0.000000 -4.029311 99.216662 -0.289231 11.425168 0.002544 
2565 74.637257 0.000000 -0.482106 99.297354 -0.314912 11.071148 0.001737 
2566 23.081179 0.000000 -1.812308 -12.835008 -0.261451 -2.766329 0.982754 
2567 22.608188 0.000000 -1.812308 -12.458057 -0.377965 -2.321843 0.983926 
2568 23.081179 0.000000 -1.368907 -11.945607 -0.297718 -2.813789 0.984930 
2569 40.108875 0.000000 2.621699 124.204705 0.146224 12.742802 -0.558921 
2570 39.635883 0.000000 2.621699 106.720134 0.442148 13.338223 -0.156729 
2571 40.108875 0.000000 2.178299 122.465364 4.320129 14.667202 -0.523156 
2572 53.825629 0.000000 1.291497 98.593107 -0.429376 11.603229 0.014458 
2573 53.825629 0.000000 -0.482106 98.638503 -0.356867 10.948652 0.015045 
2574 55.717596 0.000000 1.291497 98.711668 -0.436965 11.515787 0.012320 
2575 40.108875 0.000000 7.055706 95.343164 -0.000000 6.444364 0.086815 
2576 39.635883 0.000000 7.055706 95.288187 -0.000000 6.659594 0.087581 
2577 40.108875 0.000000 7.499107 95.203794 -0.000000 6.338530 0.089606 
2578 40.108875 0.000000 7.942508 94.969216 -0.000000 5.981147 0.094507 
2579 39.635883 0.000000 7.942508 94.592717 -0.000000 6.462882 0.101045 
2580 39.162892 0.000000 7.942508 94.384474 -0.000000 7.090390 0.104130 
2581 38.689900 0.000000 7.942508 94.474502 -0.000000 7.705904 0.101519 
2582 39.162892 0.000000 7.499107 94.886301 -0.000000 7.017905 0.094734 
2583 41.291353 0.000000 6.834006 95.846256 -0.000000 6.354060 0.077312 
2584 41.054858 0.000000 6.834006 95.744610 -0.000000 6.333343 0.079286 
2585 41.291353 0.000000 7.055706 95.894075 -0.000000 6.328989 0.076427 
2586 41.291353 0.000000 7.277407 95.924832 -0.000000 6.253116 0.075933 
2587 41.054858 0.000000 7.277407 95.797106 -0.000000 6.214166 0.078430 
2588 41.291353 0.000000 7.499107 95.988429 -0.000000 6.093291 0.074909 
2589 41.291353 0.000000 7.720807 95.972609 0.000000 5.927346 0.075412 
2590 41.054858 0.000000 7.720807 95.782081 0.000000 5.885076 0.079116 
2591 41.291353 0.000000 7.942508 95.960246 -0.000000 5.780919 0.075821 
2592 41.291353 0.000000 8.164208 95.979539 0.000000 5.410752 0.075865 
2593 41.054858 0.000000 8.164208 95.726483 -0.000000 5.482171 0.080639 
2594 41.291353 0.000000 8.385909 96.130821 0.000000 5.125388 0.073260 
2595 43.656311 0.000000 9.494410 98.407849 0.000000 5.669601 0.028375 
2596 43.892807 0.000000 9.494410 98.460638 0.000000 5.684662 0.027319 
2597 43.656311 0.000000 9.716111 98.465302 0.000000 5.688506 0.027223 
2598 40.345370 0.000000 9.051010 95.124808 -0.000000 3.830354 0.093660 
2599 40.108875 0.000000 9.051010 94.768967 -0.000000 3.831481 0.100416 
2600 40.345370 0.000000 8.829309 94.992283 -0.000000 4.248886 0.095841 
2601 43.065072 0.000000 7.388257 96.783205 0.000000 6.290891 0.059344 
2602 43.065072 0.000000 7.277407 96.541051 0.000000 6.340454 0.063962 
2603 43.183320 0.000000 7.388257 96.712726 0.000000 6.296018 0.060701 
2604 42.355584 0.000000 7.609957 96.668317 0.000000 6.376487 0.061458 
2605 42.237337 0.000000 7.609957 96.576607 -0.000000 6.327347 0.063292 
2606 42.355584 0.000000 7.720807 96.706265 -0.000000 6.340566 0.060770 
2607 42.355584 0.000000 7.831658 96.772584 0.000000 6.314801 0.059519 
2608 42.237337 0.000000 7.831658 96.707827 -0.000000 6.305228 0.060784 
2609 42.355584 0.000000 7.942508 96.817512 0.000000 6.287577 0.058684 
2610 2.742543 0.000000 13.706717 99.598333 0.423722 15.115356 -0.014848 
2611 -1.041390 0.000000 13.706717 99.064517 0.136103 14.687704 -0.002953 
2612 2.742543 0.000000 17.253923 99.592248 0.096926 14.470845 -0.012803 
2613 -4.825322 0.000000 13.706717 99.082000 0.006640 14.700166 -0.003334 
2614 -8.609254 0.000000 13.706717 99.329633 -0.014663 14.840739 -0.008662 
2615 -4.825322 0.000000 17.253923 99.568114 -0.037927 14.655633 -0.012860 
2616 5.580492 0.000000 -4.916113 97.679855 -0.135092 1.794981 0.045541 
2617 4.634509 0.000000 -4.916113 95.853553 -0.071372 3.212486 0.080177 
2618 5.580492 0.000000 -5.802914 98.035012 -0.172062 5.562210 0.035817 
2619 3.688526 0.000000 -4.916113 95.380975 -0.053790 5.331950 0.087404 
2620 2.742543 0.000000 -4.916113 95.699249 -0.036552 6.560008 0.079862 
2621 3.688526 0.000000 -5.802914 96.510259 -0.068891 7.247451 0.063324 
2622 12.202374 0.000000 8.385909 101.733517 0.568598 14.746245 -0.056748 
2623 10.310407 0.000000 8.385909 101.787575 0.326368 15.871698 -0.061273 
2624 12.202374 0.000000 10.159511 101.511641 0.414211 14.688705 -0.052054 
2625 8.418441 0.000000 8.385909 101.198198 0.169025 16.932890 -0.052783 
2626 6.526475 0.000000 8.385909 100.208909 0.195595 17.211421 -0.033810 
2627 8.418441 0.000000 10.159511 100.669731 0.233557 15.883801 -0.038674 
2628 20.716221 0.000000 3.951901 106.727830 0.058853 0.634411 -0.139124 
2629 19.770238 0.000000 3.951901 106.678436 0.087020 0.647893 -0.138072 
2630 20.716221 0.000000 4.838703 103.458566 0.060153 7.663017 -0.076240 
2631 20.716221 0.000000 5.725504 102.643299 0.074439 8.707288 -0.061147 
2632 19.770238 0.000000 5.725504 102.498578 0.076220 9.046259 -0.058780 
2633 20.716221 0.000000 6.612306 101.979127 -0.269639 9.679900 -0.049352 
2634 30.176052 0.000000 -3.142510 100.896486 -0.465934 8.893857 -0.025942 
2635 30.176052 0.000000 -4.029311 99.265713 0.091601 16.191528 -0.011586 
2636 31.122035 0.000000 -3.142510 104.026688 -0.037090 18.627656 -0.116854 
2637 32.068018 0.000000 -1.368907 103.399675 0.042798 23.301669 -0.123446 
2638 32.068018 0.000000 -2.255709 103.501247 0.030799 22.656179 -0.122581 
2639 33.014001 0.000000 -1.368907 103.743506 0.084515 25.911186 -0.143411 
2640 29.939556 0.000000 2.399999 102.750989 -0.223269 8.476763 -0.062967 
2641 29.939556 0.000000 2.178299 96.974233 -0.425126 -0.299780 0.059573 
2642 30.176052 0.000000 2.399999 102.045292 -0.245533 9.672529 -0.050686 
2643 34.432976 0.000000 4.395302 98.385394 -0.072143 3.987597 0.030441 
2644 34.905968 0.000000 4.395302 100.166806 -0.137796 1.841334 -0.003680 
2645 34.432976 0.000000 4.838703 97.054787 -0.021412 5.340066 0.055185 
2646 33.959985 0.000000 -1.368907 102.642516 0.136275 29.252579 -0.139122 
2647 33.959985 0.000000 -2.255709 103.096706 0.128383 29.421884 -0.149459 
2648 34.905968 0.000000 -1.368907 102.628474 0.146876 28.576698 -0.134925 
2649 35.378959 0.000000 4.395302 99.390966 -0.065934 1.603020 0.011886 
2650 35.851951 0.000000 4.395302 98.858125 -0.104069 1.526115 0.022473 
2651 35.378959 0.000000 4.838703 98.314314 -0.027651 3.214686 0.032396 
2652 63.285460 0.000000 -7.576517 99.096624 -0.170177 11.819558 0.004013 
2653 63.285460 0.000000 -11.123723 99.080891 -0.136395 12.243135 0.003306 
2654 67.069393 0.000000 -7.576517 99.144322 -0.193688 11.887036 0.002906 
2655 42.473832 0.000000 -5.802914 97.545668 -0.320071 12.802396 0.032084 
2656 42.473832 0.000000 -7.576517 97.951581 -0.293642 12.732127 0.024329 
2657 44.365799 0.000000 -5.802914 97.738981 -0.345476 12.324264 0.029508 
2658 45.311782 0.000000 2.178299 95.053802 -1.479082 17.928001 0.064117 
2659 45.311782 0.000000 1.291497 95.635445 -0.916082 12.904508 0.068650 
2660 46.257765 0.000000 2.178299 95.967971 -1.465864 17.719565 0.047402 
2661 30.412548 0.000000 2.399999 150.200003 -0.365823 -17.463091 -1.286513 
2662 30.412548 0.000000 2.178299 99.219668 -0.523727 -0.221867 0.015513 
2663 30.649044 0.000000 2.399999 154.180279 -0.341998 -25.500386 -1.442194 
2664 32.068018 0.000000 7.499107 99.629351 0.213064 7.354598 0.001986 
2665 31.122035 0.000000 7.499107 99.815361 0.162975 7.428006 -0.001831 
2666 32.068018 0.000000 8.385909 99.657156 0.255414 8.067159 0.000331 
2667 32.068018 0.000000 9.272710 99.806350 0.015303 8.529672 -0.003406 
2668 31.122035 0.000000 9.272710 100.024249 0.314296 8.668901 -0.008010 
2669 32.068018 0.000000 10.159511 99.767687 -0.098713 9.249665 -0.003916 
2670 41.291353 0.000000 8.607609 96.282700 0.000000 5.024730 0.070439 
2671 41.054858 0.000000 8.607609 95.809595 -0.000000 4.911909 0.079639 
2672 38.216908 0.000000 7.942508 94.881668 -0.000000 8.398002 0.092694 
2673 37.743917 0.000000 7.942508 95.187253 -0.000000 9.086791 0.085682 
2674 38.216908 0.000000 7.499107 95.251837 -0.000000 7.982829 0.086336 
2675 37.270925 0.000000 7.942508 95.477386 0.000000 9.953566 0.078500 
2676 36.797934 0.000000 7.942508 95.557437 0.000000 10.095983 0.076685 
2677 37.270925 0.000000 7.499107 95.731759 0.000000 9.057774 0.075339 
2678 57.609562 0.000000 4.838703 98.850325 -0.746837 11.225531 0.010204 
2679 57.609562 0.000000 3.065100 98.319150 -0.944485 15.127652 0.010361 
2680 59.501528 0.000000 4.838703 98.845735 -0.710781 11.939189 0.008647 
2681 43.892807 0.000000 3.508501 94.600573 -1.404965 8.871643 0.097005 
2682 43.892807 0.000000 3.065100 93.978190 -1.898866 10.017194 0.106415 
2683 44.365799 0.000000 3.508501 95.156971 -1.325564 9.372506 0.085555 
2684 42.710328 0.000000 4.173602 94.332206 -1.423497 6.607243 0.105575 
2685 42.710328 0.000000 3.951901 93.899750 -1.179534 6.655141 0.113715 
2686 42.946824 0.000000 4.173602 94.517246 -1.378418 6.997347 0.101563 
2687 43.183320 0.000000 5.503804 96.016744 -1.374918 7.067092 0.072895 
2688 43.183320 0.000000 5.282104 95.851509 -1.111346 7.124710 0.076049 
2689 43.419815 0.000000 5.503804 96.110170 -1.341679 7.222454 0.070887 
2690 42.119089 0.000000 4.949553 95.229592 0.000000 5.789339 0.089781 
2691 42.119089 0.000000 4.838703 95.143129 0.000000 5.708455 0.091520 
2692 42.237337 0.000000 4.949553 95.219846 0.000000 5.780231 0.089977 
2693 42.355584 0.000000 5.171253 95.556422 0.000000 6.097045 0.083180 
2694 42.355584 0.000000 5.060403 95.555726 0.000000 6.095964 0.083194 
2695 42.473832 0.000000 5.171253 95.572704 0.000000 6.115614 0.082846 
2696 42.592080 0.000000 5.614654 95.714634 0.000000 6.495375 0.079652 
2697 42.592080 0.000000 5.503804 95.714014 0.000000 6.447809 0.079725 
2698 42.710328 0.000000 5.614654 95.782736 0.000000 6.601784 0.078208 
2699 42.828576 0.000000 6.279755 96.159659 0.000000 6.624273 0.070944 
2700 42.828576 0.000000 6.168905 96.103206 0.000000 6.612163 0.072045 
2701 42.946824 0.000000 6.279755 96.230119 0.000000 6.610902 0.069606 
2702 42.828576 0.000000 6.058055 96.074757 0.000000 6.611412 0.072593 
2703 42.828576 0.000000 5.947205 95.782959 0.000000 6.601444 0.078205 
2704 42.946824 0.000000 6.058055 96.095558 0.000000 6.585842 0.072227 
2705 42.119089 0.000000 6.723156 96.239529 0.000000 6.606375 0.069431 
2706 42.000841 0.000000 6.723156 96.184705 -0.000000 6.571509 0.070532 
2707 42.119089 0.000000 6.834006 96.253789 0.000000 6.572463 0.069201 
2708 42.119089 0.000000 6.944856 96.266152 0.000000 6.550081 0.068992 
2709 42.000841 0.000000 6.944856 96.227159 -0.000000 6.528611 0.069771 
2710 42.119089 0.000000 7.055706 96.277907 -0.000000 6.532086 0.068790 
2711 43.656311 0.000000 6.834006 96.916283 -1.414298 6.820551 0.055871 
2712 43.656311 0.000000 6.612306 96.809072 -0.936531 6.929798 0.057910 
2713 43.892807 0.000000 6.834006 97.017080 -1.355801 6.895852 0.053830 
2714 42.119089 0.000000 7.166557 96.278689 0.000000 6.500664 0.068816 
2715 42.000841 0.000000 7.166557 96.248559 -0.000000 6.497434 0.069400 
2716 42.119089 0.000000 7.277407 96.303553 0.000000 6.484249 0.068358 
2717 42.119089 0.000000 7.388257 96.339479 -0.000000 6.435320 0.067729 
2718 42.000841 0.000000 7.388257 96.297354 -0.000000 6.378557 0.068613 
2719 42.119089 0.000000 7.499107 96.438398 -0.000000 6.312690 0.065979 
2720 43.301568 0.000000 7.609957 97.079332 0.000000 6.247069 0.053658 
2721 43.301568 0.000000 7.499107 96.980216 0.000000 6.227103 0.055606 
2722 43.419815 0.000000 7.609957 97.174881 0.000000 6.175272 0.051891 
2723 42.592080 0.000000 8.053358 97.085145 0.000000 6.296249 0.053483 
2724 42.473832 0.000000 8.053358 97.020737 0.000000 6.265170 0.054772 
2725 42.592080 0.000000 8.164208 97.240673 0.000000 6.245565 0.050524 
2726 42.592080 0.000000 8.275058 97.403768 0.000000 6.169475 0.047444 
2727 42.473832 0.000000 8.275058 97.302716 -0.000000 6.085642 0.049515 
2728 42.592080 0.000000 8.385909 97.487957 -0.000000 6.098869 0.045890 
2729 42.592080 0.000000 8.496759 97.523305 -0.000000 6.075743 0.045229 
2730 42.473832 0.000000 8.496759 97.482585 -0.000000 6.063784 0.046038 
2731 42.592080 0.000000 8.607609 97.565569 0.000000 6.026961 0.044464 
2732 42.592080 0.000000 8.718459 97.606694 0.000000 5.948242 0.043755 
2733 42.473832 0.000000 8.718459 97.585183 -0.000000 5.907094 0.044224 
2734 42.592080 0.000000 8.829309 97.806067 -0.000000 5.778956 0.040058 
2735 43.183320 0.000000 9.937811 98.506398 -0.000000 5.798471 0.026287 
2736 43.419815 0.000000 9.937811 98.495645 0.000000 5.891354 0.026390 
2737 43.183320 0.000000 10.159511 98.515226 0.000000 5.716098 0.026208 
2738 61.393494 0.000000 4.838703 98.804416 -0.194140 12.842761 0.007271 
2739 61.393494 0.000000 3.065100 98.770881 -0.723139 13.030080 0.007401 
2740 63.285460 0.000000 4.838703 98.759277 -0.086869 13.566235 0.006255 
2741 65.177426 0.000000 8.385909 99.476762 -1.048694 8.830351 0.002530 
2742 65.177426 0.000000 6.612306 99.259409 -0.748770 10.329205 0.004032 
2743 67.069393 0.000000 8.385909 99.475028 -1.059398 9.193335 0.001908 
2744 23.554171 0.000000 11.933114 101.736506 -0.164612 10.782540 -0.046661 
2745 21.662204 0.000000 11.933114 102.002023 0.026376 11.240284 -0.053076 
2746 23.554171 0.000000 13.706717 101.090969 0.105467 11.320115 -0.034754 
2747 70.853325 0.000000 -7.576517 99.167652 -0.204217 11.879667 0.002461 
2748 70.853325 0.000000 -11.123723 99.126331 -0.167858 12.279624 0.002315 
2749 74.637257 0.000000 -7.576517 99.190423 -0.201629 11.919401 0.001915 
2750 46.257765 0.000000 -5.802914 97.964247 -0.384993 11.933238 0.026046 
2751 46.257765 0.000000 -7.576517 98.168040 -0.347262 12.157977 0.021510 
2752 48.149731 0.000000 -5.802914 98.155640 -0.362843 11.670636 0.022913 
2753 30.176052 0.000000 -4.916113 98.986471 0.169533 15.737194 -0.004601 
2754 30.176052 0.000000 -5.802914 98.971850 0.253686 15.198336 -0.002648 
2755 31.122035 0.000000 -4.916113 99.035662 -0.039399 15.900609 -0.006089 
2756 40.108875 0.000000 1.734898 103.991721 0.152978 8.965616 -0.089468 
2757 39.635883 0.000000 1.734898 102.229653 0.523328 9.732864 -0.054590 
2758 40.108875 0.000000 1.291497 102.781066 0.054875 13.687900 -0.075131 
2759 53.825629 0.000000 -2.255709 98.659684 -0.322229 10.972017 0.014578 
2760 53.825629 0.000000 -4.029311 98.675671 -0.299332 11.152901 0.013864 
2761 55.717596 0.000000 -2.255709 98.820118 -0.283849 11.084735 0.011163 
2762 57.609562 0.000000 1.291497 98.844327 -0.381674 11.487425 0.009769 
2763 57.609562 0.000000 -0.482106 98.906180 -0.371396 11.098042 0.009426 
2764 59.501528 0.000000 1.291497 98.943434 -0.405633 11.328455 0.008170 
2765 39.162892 0.000000 7.055706 95.218846 -0.000000 6.872137 0.088615 
2766 38.689900 0.000000 7.055706 95.324490 -0.000000 7.179376 0.086170 
2767 39.162892 0.000000 6.612306 95.399197 -0.000000 6.653156 0.085473 
2768 43.656311 0.000000 6.390605 96.766412 -3.157730 6.107907 0.058898 
2769 43.656311 0.000000 6.168905 96.602208 -1.348666 7.137492 0.061525 
2770 43.892807 0.000000 6.390605 96.818602 -2.547920 6.670257 0.057517 
2771 43.656311 0.000000 9.937811 98.438819 0.000000 5.534013 0.027917 
2772 43.892807 0.000000 9.937811 98.463052 0.000000 5.701915 0.027252 
2773 43.656311 0.000000 10.159511 98.465243 0.000000 5.717901 0.027190 
2774 32.068018 0.000000 11.046313 100.224622 -0.312083 9.442250 -0.013423 
2775 31.122035 0.000000 11.046313 100.000028 -0.106595 9.592864 -0.009204 
2776 32.068018 0.000000 11.933114 100.304277 -0.256008 9.754564 -0.015616 
2777 42.710328 0.000000 3.730201 93.405960 -1.129457 6.685351 0.122936 
2778 42.710328 0.000000 3.508501 102.923878 2.351380 -10.005172 -0.069896 
2779 42.946824 0.000000 3.730201 93.714996 -1.161859 7.174288 0.116468 
2780 41.882593 0.000000 6.723156 96.162008 -0.000000 6.563847 0.070978 
2781 41.764345 0.000000 6.723156 96.054050 -0.000000 6.485327 0.073156 
2782 41.882593 0.000000 6.834006 96.165798 -0.000000 6.506190 0.070981 
2783 41.882593 0.000000 6.944856 96.183558 -0.000000 6.488330 0.070662 
2784 41.764345 0.000000 6.944856 96.106628 -0.000000 6.458640 0.072180 
2785 41.882593 0.000000 7.055706 96.197357 -0.000000 6.478035 0.070410 
2786 41.882593 0.000000 7.166557 96.180320 -0.000000 6.457383 0.070765 
2787 41.764345 0.000000 7.166557 96.145635 -0.000000 6.431196 0.071466 
2788 41.882593 0.000000 7.277407 96.202293 -0.000000 6.432861 0.070374 
2789 41.882593 0.000000 7.388257 96.225263 -0.000000 6.337536 0.070053 
2790 41.764345 0.000000 7.388257 96.192086 -0.000000 6.314140 0.070721 
2791 41.882593 0.000000 7.499107 96.291889 -0.000000 6.248891 0.068882 
2792 43.065072 0.000000 7.166557 96.518761 0.000000 6.389997 0.064330 
2793 43.065072 0.000000 7.055706 96.494204 0.000000 6.444746 0.064733 
2794 43.183320 0.000000 7.166557 96.535977 0.000000 6.350996 0.064047 
2795 43.301568 0.000000 7.388257 96.575945 0.000000 6.284138 0.063360 
2796 43.301568 0.000000 7.277407 96.575851 0.000000 6.284552 0.063361 
2797 43.419815 0.000000 7.388257 96.575606 0.000000 6.285633 0.063364 
2798 42.119089 0.000000 7.609957 96.486749 -0.000000 6.281202 0.065085 
2799 42.000841 0.000000 7.609957 96.450815 -0.000000 6.254651 0.065812 
2800 42.119089 0.000000 7.720807 96.598824 -0.000000 6.277675 0.062926 
2801 42.119089 0.000000 7.831658 96.620803 -0.000000 6.257139 0.062527 
2802 42.000841 0.000000 7.831658 96.504313 -0.000000 6.196434 0.064852 
2803 42.119089 0.000000 7.942508 96.643933 -0.000000 6.211054 0.062137 
2804 42.355584 0.000000 8.053358 96.920193 0.000000 6.242704 0.056750 
2805 42.237337 0.000000 8.053358 96.798162 -0.000000 6.198647 0.059169 
2806 42.355584 0.000000 8.164208 97.059848 -0.000000 6.078834 0.054243 
2807 42.355584 0.000000 8.275058 97.243725 -0.000000 5.998608 0.050767 
2808 42.237337 0.000000 8.275058 97.126528 -0.000000 5.938527 0.053117 
2809 42.355584 0.000000 8.385909 97.294037 -0.000000 5.964201 0.049830 
2810 42.355584 0.000000 8.496759 97.358027 -0.000000 5.942606 0.048610 
2811 42.237337 0.000000 8.496759 97.240748 -0.000000 5.829636 0.051025 
2812 42.355584 0.000000 8.607609 97.436762 -0.000000 5.906697 0.047119 
2813 42.355584 0.000000 8.718459 97.486834 -0.000000 5.831380 0.046231 
2814 42.237337 0.000000 8.718459 97.354541 -0.000000 5.653624 0.049013 
2815 42.355584 0.000000 8.829309 97.717348 -0.000000 5.614078 0.041980 
2816 19.770238 0.000000 11.933114 101.861484 0.194273 11.634924 -0.051117 
2817 17.878272 0.000000 11.933114 101.623153 0.588207 12.616295 -0.048678 
2818 19.770238 0.000000 13.706717 101.530305 0.149068 12.081401 -0.045439 
2819 61.393494 0.000000 1.291497 99.031125 -0.395189 11.211123 0.006699 
2820 61.393494 0.000000 -0.482106 99.066005 -0.339373 11.025949 0.006424 
2821 63.285460 0.000000 1.291497 99.103366 -0.388993 11.145716 0.005414 
2822 41.882593 0.000000 7.609957 96.369308 -0.000000 6.210489 0.067439 
2823 41.764345 0.000000 7.609957 96.290111 -0.000000 6.144081 0.069046 
2824 41.882593 0.000000 7.720807 96.429994 -0.000000 6.171227 0.066317 
2825 41.882593 0.000000 7.831658 96.416064 -0.000000 6.117112 0.066652 
2826 41.764345 0.000000 7.831658 96.294079 -0.000000 6.014163 0.069128 
2827 41.882593 0.000000 7.942508 96.435545 -0.000000 6.066831 0.066338 
1 11 62 60 61 
2 62 10 24 60 
3 60 24 14 63 
4 61 60 63 6 
5 24 66 64 65 
6 66 23 40 64 
7 64 40 27 67 
8 65 64 67 14 
9 40 70 68 69 
10 69 68 71 27 
11 6 63 92 93 
12 63 14 36 92 
13 92 36 19 94 
14 93 92 94 20 
15 14 67 95 96 
16 67 27 52 95 
17 95 52 35 97 
18 96 95 97 36 
19 27 71 98 99 
20 99 98 100 52 
21 68 112 110 111 
22 112 56 80 110 
23 110 80 43 113 
24 111 110 113 71 
25 80 116 114 115 
26 115 114 117 43 
27 12 120 118 119 
28 120 7 121 118 
29 118 121 13 25 
30 119 118 25 10 
31 25 124 122 123 
32 124 13 125 122 
33 122 125 26 41 
34 123 122 41 23 
35 41 128 126 127 
36 128 26 129 126 
37 126 129 42 57 
38 127 126 57 39 
39 39 132 130 131 
40 132 57 133 130 
41 130 133 55 81 
42 131 130 81 56 
43 81 136 134 135 
44 136 55 137 134 
45 56 145 143 144 
46 145 81 135 143 
47 144 143 116 80 
48 116 148 146 147 
49 148 79 139 146 
50 146 139 106 149 
51 147 146 149 114 
52 135 152 150 151 
53 152 134 153 150 
54 150 153 107 140 
55 151 150 140 79 
56 79 156 154 155 
57 156 140 157 154 
58 154 157 138 158 
59 155 154 158 139 
60 165 167 103 168 
61 166 165 168 101 
62 139 158 173 174 
63 158 138 175 173 
64 173 175 142 176 
65 174 173 176 106 
66 140 186 185 157 
67 186 107 187 185 
68 185 187 141 188 
69 157 185 188 138 
70 138 188 189 175 
71 188 141 190 189 
72 189 190 105 191 
73 175 189 191 142 
74 105 197 195 196 
75 197 184 198 195 
76 195 198 192 199 
77 196 195 199 171 
78 57 201 200 133 
79 201 42 202 200 
80 200 202 58 89 
81 133 200 89 55 
82 55 204 203 137 
83 204 89 205 203 
84 134 207 206 153 
85 207 137 208 206 
86 182 215 213 214 
87 215 82 216 213 
88 213 216 183 217 
89 214 213 217 181 
90 184 225 224 198 
91 225 108 226 224 
92 224 226 193 227 
93 198 224 227 192 
94 137 229 228 208 
95 229 203 230 228 
96 82 232 231 216 
97 232 210 233 231 
98 231 233 209 234 
99 216 231 234 183 
100 59 223 235 236 
101 223 180 237 235 
102 235 237 218 238 
103 236 235 238 167 
104 193 241 239 240 
105 241 221 242 239 
106 239 242 223 243 
107 240 239 243 59 
108 210 257 256 233 
109 257 178 258 256 
110 256 258 211 259 
111 233 256 259 209 
112 221 264 263 242 
113 264 222 265 263 
114 263 265 180 266 
115 242 263 266 223 
116 89 268 267 205 
117 268 58 269 267 
118 203 271 270 230 
119 271 205 272 270 
120 178 274 273 258 
121 274 253 275 273 
122 273 275 252 276 
123 258 273 276 211 
124 180 262 283 237 
125 262 91 284 283 
126 283 284 219 285 
127 237 283 285 218 
128 222 287 286 265 
129 287 260 288 286 
130 286 288 262 289 
131 265 286 289 180 
132 91 293 294 284 
133 293 251 295 294 
134 294 295 280 296 
135 284 294 296 219 
136 261 299 297 298 
137 299 290 300 297 
138 297 300 293 301 
139 298 297 301 91 
140 251 309 313 295 
141 295 313 315 280 
142 292 318 316 317 
143 318 306 319 316 
144 316 319 309 320 
145 317 316 320 251 
146 308 330 328 329 
147 330 321 331 328 
148 328 331 324 332 
149 329 328 332 5 
150 7 334 333 121 
151 334 16 335 333 
152 333 335 15 32 
153 121 333 32 13 
154 13 337 336 125 
155 337 32 338 336 
156 336 338 31 48 
157 125 336 48 26 
158 26 340 339 129 
159 340 48 341 339 
160 339 341 47 85 
161 129 339 85 42 
162 42 343 342 202 
163 343 85 344 342 
164 342 344 84 245 
165 202 342 245 58 
166 58 346 345 269 
167 346 245 347 345 
168 15 349 348 33 
169 349 17 350 348 
170 348 350 8 351 
171 33 348 351 18 
172 353 33 354 352 
173 352 354 18 355 
174 245 377 376 347 
175 377 84 378 376 
176 345 381 379 380 
177 381 347 382 379 
178 269 390 388 389 
179 390 345 380 388 
180 398 400 372 401 
181 399 398 401 302 
182 408 365 409 407 
183 370 412 411 386 
184 412 244 413 411 
185 411 413 371 414 
186 386 411 414 368 
187 383 416 415 405 
188 416 386 417 415 
189 415 417 368 418 
190 405 415 418 387 
191 419 399 302 421 
192 420 419 421 322 
193 369 406 422 423 
194 406 387 424 422 
195 422 424 398 425 
196 423 422 425 399 
197 428 405 429 426 
198 426 429 387 430 
199 427 426 430 406 
200 391 433 431 432 
201 433 384 403 431 
202 431 403 369 434 
203 432 431 434 394 
204 403 437 435 436 
205 437 402 427 435 
206 435 427 406 438 
207 436 435 438 369 
208 380 441 439 440 
209 441 379 442 439 
210 439 442 370 385 
211 440 439 385 303 
212 303 445 443 444 
213 445 385 446 443 
214 443 446 383 404 
215 444 443 404 384 
216 404 449 447 448 
217 449 383 450 447 
218 447 450 405 428 
219 448 447 428 402 
220 402 453 451 452 
221 453 428 454 451 
222 451 454 426 455 
223 452 451 455 427 
224 18 351 456 45 
225 351 8 457 456 
226 456 457 29 458 
227 45 456 458 28 
228 355 18 460 459 
229 459 460 45 461 
230 323 500 498 499 
231 499 498 501 305 
232 493 523 522 516 
233 523 496 524 522 
234 522 524 247 525 
235 516 522 525 497 
236 305 501 526 527 
237 527 526 528 326 
238 481 517 532 533 
239 517 497 534 532 
240 532 534 509 535 
241 533 532 535 510 
242 513 538 536 537 
243 538 516 539 536 
244 536 539 497 540 
245 537 536 540 517 
246 498 547 545 546 
247 547 478 503 545 
248 545 503 397 548 
249 546 545 548 501 
250 503 551 549 550 
251 550 549 552 397 
252 505 544 553 554 
253 544 481 533 553 
254 553 533 510 555 
255 554 553 555 529 
256 556 559 544 560 
257 557 556 560 505 
258 501 548 561 562 
259 548 397 530 561 
260 561 530 490 563 
261 562 561 563 526 
262 397 552 564 565 
263 552 505 554 564 
264 564 554 529 566 
265 565 564 566 530 
266 549 569 567 568 
267 569 542 557 567 
268 567 557 505 570 
269 568 567 570 552 
270 372 573 571 572 
271 573 304 574 571 
272 571 574 396 479 
273 572 571 479 395 
274 395 577 575 576 
275 577 479 578 575 
276 575 578 477 504 
277 576 575 504 478 
278 504 581 579 580 
279 581 477 582 579 
280 579 582 494 543 
281 580 579 543 502 
282 502 585 583 584 
283 585 543 586 583 
284 542 589 587 588 
285 587 590 556 591 
286 588 587 591 557 
287 478 594 592 593 
288 594 504 580 592 
289 592 580 502 551 
290 593 592 551 503 
291 551 597 595 596 
292 597 502 584 595 
293 595 584 542 569 
294 596 595 569 549 
295 584 600 598 599 
296 600 583 601 598 
297 598 601 558 589 
298 599 598 589 542 
299 541 603 602 559 
300 603 514 604 602 
301 602 604 481 605 
302 559 602 605 544 
303 558 607 606 590 
304 607 541 608 606 
305 606 608 559 609 
306 590 606 609 556 
307 589 612 610 611 
308 612 558 613 610 
309 610 613 590 614 
310 611 610 614 587 
311 487 647 645 646 
312 646 645 648 473 
313 652 654 638 655 
314 653 652 655 637 
315 410 663 661 662 
316 663 364 664 661 
317 661 664 472 624 
318 662 661 624 471 
319 624 667 665 666 
320 667 472 668 665 
321 665 668 625 642 
322 666 665 642 623 
323 623 671 669 670 
324 671 642 672 669 
325 669 672 640 658 
326 670 669 658 641 
327 625 674 673 643 
328 674 633 675 673 
329 673 675 636 676 
330 643 673 676 367 
331 640 678 677 659 
332 678 643 679 677 
333 677 679 367 680 
334 659 677 680 644 
335 658 683 681 682 
336 683 640 684 681 
337 681 684 659 685 
338 473 648 686 687 
339 686 653 637 688 
340 687 686 688 507 
341 645 691 689 690 
342 691 641 657 689 
343 689 657 626 692 
344 690 689 692 648 
345 641 695 693 694 
346 695 658 682 693 
347 693 682 656 696 
348 694 693 696 657 
349 626 660 697 698 
350 660 644 699 697 
351 697 699 652 700 
352 698 697 700 653 
353 656 685 701 702 
354 685 659 703 701 
355 701 703 644 704 
356 702 701 704 660 
357 682 707 705 706 
358 707 681 708 705 
359 705 708 685 709 
360 706 705 709 656 
361 633 719 718 675 
362 675 718 721 636 
363 365 723 722 409 
364 723 246 724 722 
365 722 724 366 620 
366 364 726 725 664 
367 726 620 727 725 
368 725 727 619 634 
369 664 725 634 472 
370 634 730 728 729 
371 730 619 731 728 
372 728 731 635 719 
373 729 728 719 633 
374 735 736 631 737 
375 719 744 742 743 
376 744 635 745 742 
377 742 745 720 746 
378 743 742 746 718 
379 620 748 747 727 
380 748 366 749 747 
381 747 749 621 715 
382 727 747 715 619 
383 619 751 750 731 
384 751 715 752 750 
385 750 752 714 739 
386 731 750 739 635 
387 621 754 753 716 
388 754 710 755 753 
389 753 755 713 756 
390 716 753 756 87 
391 714 758 757 740 
392 758 716 759 757 
393 757 759 87 760 
394 740 757 760 717 
395 739 763 761 762 
396 763 714 764 761 
397 761 764 740 765 
398 635 767 766 745 
399 767 739 762 766 
400 766 762 738 768 
401 745 766 768 720 
402 622 741 769 770 
403 741 717 771 769 
404 769 771 735 772 
405 770 769 772 650 
406 738 765 773 774 
407 765 740 775 773 
408 773 775 717 776 
409 774 773 776 741 
410 762 779 777 778 
411 779 761 780 777 
412 777 780 765 781 
413 778 777 781 738 
414 85 809 808 344 
415 809 47 810 808 
416 808 810 86 361 
417 344 808 361 84 
418 84 812 811 378 
419 812 361 813 811 
420 616 816 814 815 
421 816 360 817 814 
422 814 817 617 791 
423 815 814 791 615 
424 615 820 818 819 
425 820 791 821 818 
426 617 823 822 792 
427 823 786 824 822 
428 822 824 789 825 
429 827 792 828 826 
430 826 828 363 829 
431 805 832 830 831 
432 831 830 834 803 
433 791 836 835 821 
434 836 617 837 835 
435 835 837 792 827 
436 818 840 838 839 
437 840 821 841 838 
438 838 841 790 832 
439 839 838 832 805 
440 790 843 842 833 
441 843 827 844 842 
442 842 844 826 845 
443 833 842 845 806 
444 832 848 846 847 
445 848 790 849 846 
446 846 849 833 850 
447 847 846 850 830 
448 803 834 855 856 
449 834 806 857 855 
450 855 857 793 858 
451 856 855 858 807 
452 830 850 859 860 
453 850 833 861 859 
454 859 861 806 862 
455 860 859 862 834 
456 205 867 866 272 
457 867 267 868 866 
458 253 875 874 275 
459 275 874 876 252 
460 254 873 877 878 
461 873 863 879 877 
462 877 879 291 880 
463 878 877 880 179 
464 881 884 873 885 
465 882 881 885 254 
466 252 876 886 887 
467 876 254 878 886 
468 886 878 179 888 
469 887 886 888 255 
470 874 891 889 890 
471 891 870 882 889 
472 889 882 254 892 
473 890 889 892 876 
474 272 895 893 894 
475 895 866 896 893 
476 893 896 864 871 
477 894 893 871 88 
478 88 899 897 898 
479 899 871 900 897 
480 870 903 901 902 
481 901 904 881 905 
482 902 901 905 882 
483 270 908 906 907 
484 908 272 894 906 
485 906 894 88 875 
486 907 906 875 253 
487 875 911 909 910 
488 911 88 898 909 
489 909 898 870 891 
490 910 909 891 874 
491 898 914 912 913 
492 914 897 915 912 
493 912 915 883 903 
494 913 912 903 870 
495 864 919 918 872 
496 919 249 920 918 
497 918 920 865 921 
498 872 918 921 863 
499 869 923 922 884 
500 923 872 924 922 
501 922 924 863 925 
502 884 922 925 873 
503 883 927 926 904 
504 927 869 928 926 
505 926 928 884 929 
506 904 926 929 881 
507 903 932 930 931 
508 932 883 933 930 
509 930 933 904 934 
510 931 930 934 901 
511 871 936 935 900 
512 936 864 937 935 
513 935 937 872 923 
514 900 935 923 869 
515 267 939 938 868 
516 939 269 389 938 
517 249 941 940 920 
518 941 917 942 940 
519 940 942 916 943 
520 920 940 943 865 
521 917 945 944 942 
522 945 90 946 944 
523 944 946 374 947 
524 942 944 947 916 
525 90 949 948 946 
526 946 948 950 374 
527 389 953 951 952 
528 953 388 954 951 
529 951 954 375 949 
530 952 951 949 90 
531 949 957 955 956 
532 957 375 958 955 
533 955 958 392 959 
534 956 955 959 948 
535 87 756 960 736 
536 756 713 961 960 
537 960 961 732 962 
538 736 960 962 631 
539 21 46 963 964 
540 46 28 965 963 
541 963 965 30 966 
542 964 963 966 9 
543 37 74 967 968 
544 74 44 969 967 
545 967 969 46 970 
546 968 967 970 21 
547 53 161 971 972 
548 161 72 973 971 
549 971 973 74 974 
550 972 971 974 37 
551 159 467 975 976 
552 467 160 977 975 
553 975 977 72 978 
554 976 975 978 161 
555 979 981 467 982 
556 980 979 982 159 
557 732 996 994 995 
558 995 994 997 734 
559 825 789 999 998 
560 998 999 797 1000 
561 733 1012 1010 1011 
562 1011 1010 1013 988 
563 713 1015 1014 961 
564 961 1014 996 732 
565 996 1018 1016 1017 
566 1018 733 1011 1016 
567 1016 1011 988 1019 
568 1017 1016 1019 994 
569 1020 1021 160 1022 
570 981 1020 1022 467 
571 1000 797 1024 1023 
572 1023 1024 799 1025 
573 1033 1035 981 1036 
574 1034 1033 1036 979 
575 1050 513 537 1049 
576 1049 537 517 1051 
577 604 1049 1051 481 
578 479 1053 1052 578 
579 1053 396 1054 1052 
580 1052 1054 480 495 
581 578 1052 495 477 
582 477 1056 1055 582 
583 1056 495 1057 1055 
584 1055 1057 493 515 
585 582 1055 515 494 
586 494 1060 1058 1059 
587 1060 515 1061 1058 
588 1058 1061 513 1050 
589 1059 1058 1050 514 
590 514 1064 1062 1063 
591 1064 1050 1065 1062 
592 1062 1065 1049 1066 
593 1063 1062 1066 604 
594 497 525 1070 534 
595 1070 1071 511 1072 
596 534 1070 1072 509 
597 247 1074 1073 1071 
598 1074 521 1075 1073 
599 1073 1075 1067 1076 
600 1071 1073 1076 511 
601 525 1079 1077 1078 
602 1079 247 1080 1077 
603 1077 1080 1071 1081 
604 1078 1077 1081 1070 
605 1083 473 687 1082 
606 1082 687 507 1084 
607 521 1086 1085 1075 
608 1086 488 1087 1085 
609 1075 1085 1088 1067 
610 1090 487 646 1089 
611 1089 646 473 1083 
612 488 1092 1091 1087 
613 1092 1083 1093 1091 
614 1091 1093 1082 1094 
615 77 279 1095 1096 
616 279 159 976 1095 
617 1095 976 161 1097 
618 1096 1095 1097 53 
619 1098 980 159 1100 
620 1099 1098 1100 279 
621 311 484 1101 1102 
622 1102 1101 1104 277 
623 475 508 1105 1106 
624 508 482 1107 1105 
625 1105 1107 484 1108 
626 1106 1105 1108 311 
627 491 1069 1109 1110 
628 1069 506 1111 1109 
629 1109 1111 508 1112 
630 1110 1109 1112 475 
631 1067 1088 1113 1114 
632 1113 1115 506 1116 
633 1114 1113 1116 1069 
634 1085 1119 1117 1118 
635 1119 1087 1120 1117 
636 1118 1117 1121 1088 
637 506 1084 1122 1111 
638 1084 507 1123 1122 
639 1122 1123 482 1124 
640 1111 1122 1124 508 
641 1094 1082 1126 1125 
642 1125 1126 1084 1127 
643 1115 1125 1127 506 
644 1087 1129 1128 1120 
645 1129 1091 1130 1128 
646 1128 1130 1094 1131 
647 1088 1121 1132 1133 
648 1132 1134 1115 1135 
649 1133 1132 1135 1113 
650 1117 1138 1136 1137 
651 1138 1120 1139 1136 
652 1137 1136 1140 1121 
653 1131 1094 1142 1141 
654 1141 1142 1125 1143 
655 1134 1141 1143 1115 
656 1120 1145 1144 1139 
657 1145 1128 1146 1144 
658 1144 1146 1131 1147 
659 1121 1140 1148 1149 
660 1148 1150 1134 1151 
661 1149 1148 1151 1132 
662 1136 1154 1152 1153 
663 1154 1139 1155 1152 
664 1153 1152 1156 1140 
665 1147 1131 1158 1157 
666 1157 1158 1141 1159 
667 1150 1157 1159 1134 
668 1139 1161 1160 1155 
669 1161 1144 1162 1160 
670 1160 1162 1147 1163 
671 1155 1160 1163 1068 
672 1140 1156 1164 1165 
673 1156 1068 1166 1164 
674 1164 1166 1150 1167 
675 1165 1164 1167 1148 
676 1152 1170 1168 1169 
677 1170 1155 1171 1168 
678 1168 1171 1068 1172 
679 1169 1168 1172 1156 
680 1175 1034 979 1177 
681 1176 1175 1177 980 
682 1186 1176 980 1188 
683 1187 1186 1188 1098 
684 1189 1191 1175 1192 
685 1190 1189 1192 1176 
686 1198 1200 1033 1201 
687 1199 1198 1201 1034 
688 1211 1199 1034 1212 
689 1191 1211 1212 1175 
690 629 1206 1213 1214 
691 1206 1043 1215 1213 
692 1213 1215 1198 1216 
693 1214 1213 1216 1199 
694 1217 1220 1043 1221 
695 1218 1217 1221 1206 
696 984 1224 1222 1223 
697 1204 1228 1226 1227 
698 1228 1041 1229 1226 
699 1226 1229 1205 1219 
700 1227 1226 1219 1202 
701 1025 799 1231 1230 
702 1230 1231 1020 1232 
703 1035 1230 1232 981 
704 1233 1234 1035 1235 
705 1200 1233 1235 1033 
706 1043 1210 1236 1215 
707 1210 986 1237 1236 
708 1236 1237 1200 1238 
709 1215 1236 1238 1198 
710 1205 1240 1239 1220 
711 1240 1207 1241 1239 
712 1239 1241 1210 1242 
713 1220 1239 1242 1043 
714 1219 1245 1243 1244 
715 1245 1205 1246 1243 
716 1243 1246 1220 1247 
717 1244 1243 1247 1217 
718 1183 1250 1248 1249 
719 1249 1248 1251 1185 
720 1203 1254 1252 1253 
721 1254 1202 1218 1252 
722 1252 1218 1206 1255 
723 1253 1252 1255 629 
724 1202 1258 1256 1257 
725 1258 1219 1244 1256 
726 1256 1244 1217 1259 
727 1257 1256 1259 1218 
728 1185 1251 1260 1261 
729 1251 629 1214 1260 
730 1260 1214 1199 1262 
731 1261 1260 1262 1211 
732 1248 1265 1263 1264 
733 1265 1203 1253 1263 
734 1263 1253 629 1266 
735 1264 1263 1266 1251 
736 1268 1183 1249 1267 
737 1267 1249 1185 1269 
738 1269 1185 1261 1270 
739 1270 1261 1211 1272 
740 1271 1270 1272 1191 
741 1196 1275 1273 1274 
742 1275 1267 1276 1273 
743 1273 1276 1269 1277 
744 1274 1273 1277 993 
745 1278 1271 1191 1280 
746 1279 1278 1280 1189 
747 1283 1196 1274 1281 
748 1281 1274 993 1284 
749 1173 1287 1285 1286 
750 1287 992 1179 1285 
751 1285 1179 278 1288 
752 1286 1285 1288 1174 
753 1179 1291 1289 1290 
754 1291 1178 1194 1289 
755 1289 1194 1182 1292 
756 1290 1289 1292 278 
757 1194 1295 1293 1294 
758 1294 1293 1296 1182 
759 469 1299 1297 1298 
760 1299 734 1300 1297 
761 1180 1303 1301 1302 
762 1303 991 1304 1301 
763 1301 1304 1181 1195 
764 1302 1301 1195 1178 
765 1178 1307 1305 1306 
766 1307 1195 1308 1305 
767 1305 1308 1193 1295 
768 1306 1305 1295 1194 
769 1295 1311 1309 1310 
770 1311 1193 1312 1309 
771 1310 1309 1313 1293 
772 1195 1315 1314 1308 
773 1315 1181 1316 1314 
774 1314 1316 1196 1283 
775 1308 1314 1283 1193 
776 1193 1318 1317 1312 
777 1318 1283 1319 1317 
778 1317 1319 1281 1320 
779 1312 1317 1320 1282 
780 1174 1288 1321 1322 
781 1288 278 1190 1321 
782 1321 1190 1176 1323 
783 1322 1321 1323 1186 
784 278 1292 1324 1325 
785 1292 1182 1279 1324 
786 1324 1279 1189 1326 
787 1325 1324 1326 1190 
788 1182 1296 1327 1328 
789 1296 1197 1329 1327 
790 1327 1329 1278 1330 
791 1328 1327 1330 1279 
792 1293 1313 1331 1332 
793 1313 1282 1333 1331 
794 1331 1333 1197 1334 
795 1332 1331 1334 1296 
796 1309 1337 1335 1336 
797 1337 1312 1338 1335 
798 1335 1338 1282 1339 
799 1336 1335 1339 1313 
800 789 1345 1344 999 
801 1345 50 1346 1344 
802 1344 1346 798 1347 
803 999 1344 1347 797 
804 852 1356 1354 1355 
805 1355 1354 1012 733 
806 807 858 1357 1358 
807 858 793 1359 1357 
808 618 1367 1365 1366 
809 1367 807 1358 1365 
810 1366 1365 1356 852 
811 1356 1370 1368 1369 
812 1369 1368 1371 1354 
813 1358 1374 1372 1373 
814 1374 1357 1375 1372 
815 1372 1375 1352 1362 
816 1373 1372 1362 851 
817 851 1378 1376 1377 
818 1378 1362 1379 1376 
819 1365 1383 1381 1382 
820 1383 1358 1373 1381 
821 1381 1373 851 1370 
822 1382 1381 1370 1356 
823 1370 1386 1384 1385 
824 1386 851 1377 1384 
825 1384 1377 1361 1387 
826 1385 1384 1387 1368 
827 1351 1364 1388 1389 
828 1364 1350 1390 1388 
829 1388 1390 1007 1391 
830 1389 1388 1391 854 
831 1392 1394 1364 1395 
832 1393 1392 1395 1351 
833 1377 1398 1396 1397 
834 1398 1376 1399 1396 
835 1397 1396 1400 1361 
836 1402 1348 1403 1401 
837 1401 1403 1002 1404 
838 1352 1406 1405 1363 
839 1406 853 1407 1405 
840 1405 1407 1353 1408 
841 1363 1405 1408 1350 
842 1362 1410 1409 1379 
843 1410 1352 1411 1409 
844 1409 1411 1363 1412 
845 1379 1409 1412 1360 
846 1376 1414 1413 1399 
847 1414 1379 1415 1413 
848 1413 1415 1360 1416 
849 1354 1371 1417 1418 
850 1371 1351 1389 1417 
851 1417 1389 854 1419 
852 1418 1417 1419 1012 
853 1368 1387 1420 1421 
854 1387 1361 1393 1420 
855 1420 1393 1351 1422 
856 1421 1420 1422 1371 
857 1361 1400 1423 1424 
858 1423 1425 1392 1426 
859 1424 1423 1426 1393 
860 1396 1429 1427 1428 
861 1429 1399 1430 1427 
862 1428 1427 1431 1400 
863 1360 1412 1432 1394 
864 1412 1363 1433 1432 
865 1432 1433 1350 1434 
866 1394 1432 1434 1364 
867 1416 1360 1436 1435 
868 1435 1436 1394 1437 
869 1425 1435 1437 1392 
870 1399 1439 1438 1430 
871 1439 1413 1440 1438 
872 1438 1440 1416 1441 
873 1430 1438 1441 1380 
874 1400 1431 1442 1443 
875 1431 1380 1444 1442 
876 1442 1444 1425 1445 
877 1443 1442 1445 1423 
878 1427 1448 1446 1447 
879 1448 1430 1449 1446 
880 1446 1449 1380 1450 
881 1447 1446 1450 1431 
882 854 1391 1451 1452 
883 1452 1451 1454 1006 
884 1404 1002 1456 1455 
885 1459 800 1460 1458 
886 1391 1464 1462 1463 
887 1464 1007 1465 1462 
888 1462 1465 1453 1466 
889 1463 1462 1466 1451 
890 1006 1454 1475 1476 
891 1476 1475 1477 987 
892 1005 1492 1490 1491 
893 1492 1461 1493 1490 
894 1490 1493 1471 1487 
895 1491 1490 1487 1472 
896 1008 1495 1494 1473 
897 1495 1455 1496 1494 
898 1494 1496 1457 1497 
899 1471 1499 1498 1488 
900 1499 1473 1500 1498 
901 1498 1500 989 1501 
902 1488 1498 1501 1474 
903 1487 1504 1502 1503 
904 1504 1471 1505 1502 
905 1502 1505 1488 1506 
906 988 1013 1507 1508 
907 1508 1507 1509 627 
908 987 1477 1510 1511 
909 1511 1510 1512 1468 
910 1475 1515 1513 1514 
911 1515 1472 1486 1513 
912 1513 1486 1009 1516 
913 1514 1513 1516 1477 
914 1472 1519 1517 1518 
915 1519 1487 1503 1517 
916 1518 1517 1520 1486 
917 1009 1489 1521 1522 
918 1489 1474 1523 1521 
919 1521 1523 1481 1524 
920 1522 1521 1524 1482 
921 1506 1488 1527 1525 
922 1525 1527 1474 1528 
923 1526 1525 1528 1489 
924 1503 1531 1529 1530 
925 1531 1502 1532 1529 
926 1529 1532 1506 1533 
927 1486 1520 1534 1535 
928 1534 1526 1489 1536 
929 1535 1534 1536 1009 
930 1517 1539 1537 1538 
931 1539 1503 1530 1537 
932 1537 1530 1485 1540 
933 1538 1537 1540 1520 
934 1485 1533 1541 1542 
935 1533 1506 1543 1541 
936 1541 1543 1525 1544 
937 1542 1541 1544 1526 
938 1530 1547 1545 1546 
939 1547 1529 1548 1545 
940 1545 1548 1533 1549 
941 1546 1545 1549 1485 
942 1497 1457 1571 1570 
943 1469 1573 1572 1568 
944 1573 1562 1574 1572 
945 1572 1574 1561 1575 
946 1568 1572 1575 1556 
947 1554 1569 1580 1581 
948 1569 1556 1582 1580 
949 1580 1582 802 1583 
950 1581 1580 1583 1557 
951 1586 1568 1587 1584 
952 1584 1587 1556 1588 
953 1585 1584 1588 1569 
954 1468 1512 1589 1590 
955 1590 1589 1591 990 
956 1467 1594 1592 1593 
957 1594 1484 1566 1592 
958 1592 1566 1554 1595 
959 1593 1592 1595 1555 
960 1566 1598 1596 1597 
961 1598 1565 1585 1596 
962 1596 1585 1569 1599 
963 1597 1596 1599 1554 
964 1481 1602 1600 1601 
965 1602 1483 1603 1600 
966 1600 1603 1469 1567 
967 1601 1600 1567 1484 
968 1567 1606 1604 1605 
969 1606 1469 1607 1604 
970 1604 1607 1568 1586 
971 1605 1604 1586 1565 
972 1565 1610 1608 1609 
973 1610 1586 1611 1608 
974 1608 1611 1584 1612 
975 1609 1608 1612 1585 
976 1578 1625 1623 1624 
977 1625 1613 1626 1623 
978 1624 1623 1627 1552 
979 628 1629 1628 1028 
980 1629 1000 1630 1628 
981 1628 1630 1023 1631 
982 1028 1628 1631 985 
983 1633 628 1634 1632 
984 1632 1634 1028 1635 
985 1480 1637 1636 1614 
986 1637 1004 1638 1636 
987 1636 1638 1559 1639 
988 1614 1636 1639 1558 
989 1613 1641 1640 1626 
990 1641 1614 1642 1640 
991 1640 1642 1558 1643 
992 1626 1640 1643 1615 
993 1552 1627 1650 1651 
994 1627 1615 1652 1650 
995 1650 1652 1619 1653 
996 1651 1650 1653 1620 
997 1623 1656 1654 1655 
998 1656 1626 1657 1654 
999 1654 1657 1615 1658 
1000 1655 1654 1658 1627 
1001 1635 1028 1664 1663 
1002 1663 1664 985 1665 
1003 1659 1676 1674 1675 
1004 1674 1677 1616 1678 
1005 1675 1674 1678 1662 
1006 1622 1681 1679 1680 
1007 1681 1560 1682 1679 
1008 1679 1682 1661 1676 
1009 1680 1679 1676 1659 
1010 1661 1687 1686 1677 
1011 1687 1666 1688 1686 
1012 1686 1688 1669 1689 
1013 1677 1686 1689 1616 
1014 1676 1692 1690 1691 
1015 1692 1661 1693 1690 
1016 1690 1693 1677 1694 
1017 1691 1690 1694 1674 
1018 985 1631 1695 1039 
1019 1631 1023 1696 1695 
1020 1695 1696 1025 1697 
1021 1039 1695 1697 465 
1022 1665 985 1699 1698 
1023 1698 1699 1039 1700 
1024 1046 1711 1709 1710 
1025 1710 1709 1713 1702 
1026 1672 1716 1714 1715 
1027 1716 1683 1717 1714 
1028 1714 1717 1685 1711 
1029 1715 1714 1711 1046 
1030 1029 1719 1718 1703 
1031 1719 1665 1720 1718 
1032 1718 1720 1698 1721 
1033 1703 1718 1721 1047 
1034 1723 1029 1724 1722 
1035 1722 1724 1703 1725 
1036 1711 1728 1726 1727 
1037 1728 1685 1729 1726 
1038 1727 1726 1730 1709 
1039 1618 1732 1731 1684 
1040 1732 1663 1733 1731 
1041 1731 1733 1665 1719 
1042 1684 1731 1719 1029 
1043 1683 1735 1734 1717 
1044 1735 1684 1736 1734 
1045 1734 1736 1029 1723 
1046 1717 1734 1723 1685 
1047 1685 1738 1737 1729 
1048 1738 1723 1739 1737 
1049 1737 1739 1722 1740 
1050 1729 1737 1740 1712 
1051 1044 1704 1744 1745 
1052 1704 1047 1746 1744 
1053 1744 1746 1037 1747 
1054 1745 1744 1747 1048 
1055 1702 1713 1748 1749 
1056 1713 1701 1750 1748 
1057 1748 1750 1704 1751 
1058 1749 1748 1751 1044 
1059 1709 1730 1752 1753 
1060 1730 1712 1754 1752 
1061 1752 1754 1701 1755 
1062 1753 1752 1755 1713 
1063 1726 1758 1756 1757 
1064 1758 1729 1759 1756 
1065 1756 1759 1712 1760 
1066 1757 1756 1760 1730 
1067 72 464 1761 973 
1068 464 73 1762 1761 
1069 1761 1762 44 1763 
1070 973 1761 1763 74 
1071 160 796 1764 977 
1072 796 462 1765 1764 
1073 1764 1765 464 1766 
1074 977 1764 1766 72 
1075 1767 1768 796 1769 
1076 1021 1767 1769 160 
1077 34 1771 1770 463 
1078 1771 355 1772 1770 
1079 1770 1772 459 1773 
1080 463 1770 1773 73 
1081 1775 34 1776 1774 
1082 1774 1776 463 1777 
1083 1778 1780 462 1781 
1084 1768 1778 1781 796 
1085 466 1784 1782 1783 
1086 1784 1343 1785 1782 
1087 1782 1785 1767 1786 
1088 1783 1782 1786 1021 
1089 1343 1788 1787 1785 
1090 1788 794 1789 1787 
1091 1787 1789 1768 1790 
1092 1785 1787 1790 1767 
1093 1792 359 1793 1791 
1094 794 1795 1794 1789 
1095 1795 1779 1796 1794 
1096 1794 1796 1778 1797 
1097 1789 1794 1797 1768 
1098 462 1777 1798 1765 
1099 1777 463 1799 1798 
1100 1798 1799 73 1800 
1101 1765 1798 1800 464 
1102 795 1802 1801 1780 
1103 1802 1774 1803 1801 
1104 1801 1803 1777 1804 
1105 1780 1801 1804 462 
1106 1779 1806 1805 1796 
1107 1806 795 1807 1805 
1108 1805 1807 1780 1808 
1109 1796 1805 1808 1778 
1110 1 1811 1809 1810 
1111 1811 12 119 1809 
1112 1809 119 10 62 
1113 1810 1809 62 11 
1114 16 1813 1812 335 
1115 1813 2 1814 1812 
1116 1812 1814 17 349 
1117 335 1812 349 15 
1118 19 38 1815 1816 
1119 38 21 964 1815 
1120 1815 964 9 1817 
1121 1816 1815 1817 22 
1122 20 94 1818 1819 
1123 94 19 1816 1818 
1124 1818 1816 22 1820 
1125 1819 1818 1820 4 
1126 10 1823 1821 1822 
1127 1823 25 123 1821 
1128 1821 123 23 66 
1129 1822 1821 66 24 
1130 28 458 1824 965 
1131 458 29 1825 1824 
1132 1824 1825 3 1826 
1133 965 1824 1826 30 
1134 32 1828 1827 338 
1135 1828 15 1829 1827 
1136 1827 1829 33 353 
1137 338 1827 353 31 
1138 35 54 1830 1831 
1139 54 37 968 1830 
1140 1830 968 21 1832 
1141 1831 1830 1832 38 
1142 36 97 1833 1834 
1143 97 35 1831 1833 
1144 1833 1831 38 1835 
1145 1834 1833 1835 19 
1146 23 1838 1836 1837 
1147 1838 41 127 1836 
1148 1836 127 39 70 
1149 1837 1836 70 40 
1150 44 461 1839 969 
1151 461 45 1840 1839 
1152 1839 1840 28 1841 
1153 969 1839 1841 46 
1154 48 1843 1842 341 
1155 1843 31 1844 1842 
1156 1842 1844 49 357 
1157 341 1842 357 47 
1158 51 78 1845 1846 
1159 78 53 972 1845 
1160 1845 972 37 1847 
1161 1846 1845 1847 54 
1162 52 100 1848 1849 
1163 100 51 1846 1848 
1164 1848 1846 54 1850 
1165 1849 1848 1850 35 
1166 70 1853 1851 1852 
1167 1853 39 131 1851 
1168 1851 131 56 112 
1169 1852 1851 112 68 
1170 75 164 1854 1855 
1171 164 77 1096 1854 
1172 1854 1096 53 1856 
1173 1855 1854 1856 78 
1174 76 104 1857 1858 
1175 104 75 1855 1857 
1176 1857 1855 78 1859 
1177 1858 1857 1859 51 
1178 71 113 1860 1861 
1179 113 43 102 1860 
1180 1860 102 76 1862 
1181 1861 1860 1862 98 
1182 98 1862 1863 1864 
1183 1862 76 1858 1863 
1184 1863 1858 51 1865 
1185 1864 1863 1865 100 
1186 43 117 1866 1867 
1187 1866 166 101 1868 
1188 1867 1866 1868 102 
1189 114 149 1869 1870 
1190 149 106 170 1869 
1191 1869 170 83 1871 
1192 1870 1869 1871 117 
1193 143 1874 1872 1873 
1194 1874 135 151 1872 
1195 1872 151 79 148 
1196 1873 1872 148 116 
1197 109 194 1875 1876 
1198 194 59 236 1875 
1199 1875 236 167 1877 
1200 1876 1875 1877 165 
1201 142 191 1878 1879 
1202 191 105 196 1878 
1203 1878 196 171 1880 
1204 1879 1878 1880 169 
1205 107 1882 1881 187 
1206 1882 182 214 1881 
1207 1881 214 181 1883 
1208 187 1881 1883 141 
1209 181 217 1884 1885 
1210 217 183 1886 1884 
1211 1884 1886 108 225 
1212 1885 1884 225 184 
1213 141 1883 1887 190 
1214 1883 181 1885 1887 
1215 1887 1885 184 197 
1216 190 1887 197 105 
1217 192 227 1888 1889 
1218 227 193 240 1888 
1219 1888 240 59 1890 
1220 1889 1888 1890 194 
1221 171 199 1891 1892 
1222 199 192 1889 1891 
1223 1891 1889 194 1893 
1224 1892 1891 1893 109 
1225 183 234 1894 1886 
1226 234 209 1895 1894 
1227 1894 1895 212 1896 
1228 1886 1894 1896 108 
1229 108 1896 1897 226 
1230 1896 212 1898 1897 
1231 1897 1898 221 241 
1232 226 1897 241 193 
1233 212 1900 1899 1898 
1234 1900 177 1901 1899 
1235 1899 1901 222 264 
1236 1898 1899 264 221 
1237 211 276 1902 1903 
1238 276 252 887 1902 
1239 1902 887 255 1904 
1240 1903 1902 1904 177 
1241 177 1904 1905 1901 
1242 1904 255 1906 1905 
1243 1905 1906 260 287 
1244 1901 1905 287 222 
1245 255 888 1907 1906 
1246 888 179 1908 1907 
1247 1907 1908 261 1909 
1248 1906 1907 1909 260 
1249 260 1909 1910 288 
1250 1909 261 298 1910 
1251 1910 298 91 1911 
1252 288 1910 1911 262 
1253 230 1914 1912 1913 
1254 1914 270 907 1912 
1255 1912 907 253 274 
1256 1913 1912 274 178 
1257 1915 1099 279 1917 
1258 1916 1915 1917 77 
1259 179 880 1918 1908 
1260 880 291 1919 1918 
1261 1918 1919 290 299 
1262 1908 1918 299 261 
1263 290 1921 1920 300 
1264 1921 292 317 1920 
1265 1920 317 251 1922 
1266 300 1920 1922 293 
1267 306 1924 1923 319 
1268 1924 308 329 1923 
1269 1923 329 5 1925 
1270 319 1923 1925 309 
1271 310 476 1926 1927 
1272 476 311 1102 1926 
1273 1926 1102 277 1928 
1274 1927 1926 1928 312 
1275 281 327 1929 1930 
1276 327 310 1927 1929 
1277 1929 1927 312 1931 
1278 1930 1929 1931 163 
1279 321 1933 1932 331 
1280 1933 323 499 1932 
1281 1932 499 305 1934 
1282 331 1932 1934 324 
1283 324 1934 1935 1936 
1284 1934 305 527 1935 
1285 1935 527 326 1937 
1286 1936 1935 1937 325 
1287 49 1939 1938 358 
1288 1939 352 1940 1938 
1289 1938 1940 355 1771 
1290 358 1938 1771 34 
1291 47 1942 1941 810 
1292 1942 357 1943 1941 
1293 1941 1943 356 783 
1294 810 1941 783 86 
1295 1945 358 1946 1944 
1296 1944 1946 34 1775 
1297 361 1948 1947 813 
1298 1948 86 1949 1947 
1299 1947 1949 362 787 
1300 368 414 1950 400 
1301 414 371 1951 1950 
1302 1950 1951 304 573 
1303 400 1950 573 372 
1304 374 950 1952 1953 
1305 1952 420 322 1954 
1306 1953 1952 1954 250 
1307 347 1956 1955 382 
1308 1956 376 1957 1955 
1309 1955 1957 365 408 
1310 379 1959 1958 442 
1311 1959 382 1960 1958 
1312 1958 1960 244 412 
1313 442 1958 412 370 
1314 385 1962 1961 446 
1315 1962 370 1963 1961 
1316 1961 1963 386 416 
1317 446 1961 416 383 
1318 388 1965 1964 954 
1319 1965 380 440 1964 
1320 1964 440 303 393 
1321 954 1964 393 375 
1322 393 1968 1966 1967 
1323 1968 303 444 1966 
1324 1966 444 384 433 
1325 1967 1966 433 391 
1326 302 401 1969 1970 
1327 401 372 572 1969 
1328 1969 572 395 500 
1329 1970 1969 500 323 
1330 387 418 1971 424 
1331 418 368 1972 1971 
1332 1971 1972 400 1973 
1333 424 1971 1973 398 
1334 384 1976 1974 1975 
1335 1976 404 448 1974 
1336 1974 448 402 437 
1337 1975 1974 437 403 
1338 394 434 1977 1978 
1339 434 369 423 1977 
1340 1977 423 399 1979 
1341 1978 1977 1979 419 
1342 73 1773 1980 1762 
1343 1773 459 1981 1980 
1344 1980 1981 461 1982 
1345 1762 1980 1982 44 
1346 304 1984 1983 574 
1347 1984 410 662 1983 
1348 1983 662 471 486 
1349 574 1983 486 396 
1350 474 492 1985 1986 
1351 492 475 1106 1985 
1352 1985 1106 311 1987 
1353 1986 1985 1987 476 
1354 326 528 1988 1989 
1355 528 474 1986 1988 
1356 1988 1986 476 1990 
1357 1989 1988 1990 310 
1358 482 639 1991 1107 
1359 639 483 1992 1991 
1360 1991 1992 468 1993 
1361 1107 1991 1993 484 
1362 396 1995 1994 1054 
1363 1995 486 1996 1994 
1364 1994 1996 485 519 
1365 1054 1994 519 480 
1366 486 1998 1997 1996 
1367 1998 471 1999 1997 
1368 1997 1999 487 1090 
1369 1996 1997 1090 485 
1370 489 512 2000 2001 
1371 512 491 1110 2000 
1372 2000 1110 475 2002 
1373 2001 2000 2002 492 
1374 490 531 2003 2004 
1375 531 489 2001 2003 
1376 2003 2001 492 2005 
1377 2004 2003 2005 474 
1378 495 2007 2006 1057 
1379 2007 480 2008 2006 
1380 2006 2008 496 523 
1381 1057 2006 523 493 
1382 500 2011 2009 2010 
1383 2011 395 576 2009 
1384 2009 576 478 547 
1385 2010 2009 547 498 
1386 515 2013 2012 1061 
1387 2013 493 2014 2012 
1388 2012 2014 516 538 
1389 1061 2012 538 513 
1390 496 2016 2015 524 
1391 2016 518 2017 2015 
1392 2015 2017 521 1074 
1393 524 2015 1074 247 
1394 526 563 2018 2019 
1395 563 490 2004 2018 
1396 2018 2004 474 2020 
1397 2019 2018 2020 528 
1398 543 2022 2021 586 
1399 2022 494 1059 2021 
1400 2021 1059 514 603 
1401 586 2021 603 541 
1402 583 2024 2023 601 
1403 2024 586 2025 2023 
1404 2023 2025 541 607 
1405 601 2023 607 558 
1406 246 2027 2026 724 
1407 2027 616 815 2026 
1408 2026 815 615 711 
1409 724 2026 711 366 
1410 471 2029 2028 1999 
1411 2029 624 666 2028 
1412 2028 666 623 647 
1413 1999 2028 647 487 
1414 483 651 2030 1992 
1415 651 630 2031 2030 
1416 2030 2031 632 2032 
1417 1992 2030 2032 468 
1418 472 2034 2033 668 
1419 2034 634 729 2033 
1420 2033 729 633 674 
1421 668 2033 674 625 
1422 507 688 2035 1123 
1423 688 637 2036 2035 
1424 2035 2036 639 2037 
1425 1123 2035 2037 482 
1426 642 2039 2038 672 
1427 2039 625 2040 2038 
1428 2038 2040 643 678 
1429 672 2038 678 640 
1430 647 2043 2041 2042 
1431 2043 623 670 2041 
1432 2041 670 641 691 
1433 2042 2041 691 645 
1434 367 676 2044 654 
1435 676 636 2045 2044 
1436 2044 2045 649 2046 
1437 654 2044 2046 638 
1438 636 721 2047 2045 
1439 721 622 770 2047 
1440 2047 770 650 2048 
1441 2045 2047 2048 649 
1442 644 680 2049 699 
1443 680 367 2050 2049 
1444 2049 2050 654 2051 
1445 699 2049 2051 652 
1446 657 696 2052 2053 
1447 696 656 702 2052 
1448 2052 702 660 2054 
1449 2053 2052 2054 626 
1450 648 692 2055 2056 
1451 692 626 698 2055 
1452 2055 698 653 2057 
1453 2056 2055 2057 686 
1454 366 2059 2058 749 
1455 2059 711 2060 2058 
1456 2058 2060 710 754 
1457 749 2058 754 621 
1458 711 2062 2061 2060 
1459 2062 615 819 2061 
1460 2061 819 712 2063 
1461 2060 2061 2063 710 
1462 710 2063 2064 755 
1463 755 2064 1015 713 
1464 715 2066 2065 752 
1465 2066 621 2067 2065 
1466 2065 2067 716 758 
1467 752 2065 758 714 
1468 631 962 2068 2069 
1469 962 732 995 2068 
1470 2068 995 734 1299 
1471 2069 2068 1299 469 
1472 717 760 2070 771 
1473 760 87 2071 2070 
1474 2070 2071 736 2072 
1475 771 2070 2072 735 
1476 720 768 2073 2074 
1477 768 738 774 2073 
1478 2073 774 741 2075 
1479 2074 2073 2075 622 
1480 2077 782 2078 2076 
1481 360 2080 2079 817 
1482 2080 787 2081 2079 
1483 2079 2081 786 823 
1484 817 2079 823 617 
1485 786 2083 2082 824 
1486 2083 788 2084 2082 
1487 2082 2084 50 1345 
1488 824 2082 1345 789 
1489 797 1347 2085 1024 
1490 1347 798 2086 2085 
1491 2085 2086 466 2087 
1492 1024 2085 2087 799 
1493 804 2090 2088 2089 
1494 2090 803 856 2088 
1495 2088 856 807 1367 
1496 2089 2088 1367 618 
1497 806 845 2091 857 
1498 845 826 2092 2091 
1499 2091 2092 829 2093 
1500 857 2091 2093 793 
1501 821 2095 2094 841 
1502 2095 835 2096 2094 
1503 2094 2096 827 843 
1504 841 2094 843 790 
1505 863 921 2097 879 
1506 921 865 2098 2097 
1507 2097 2098 248 2099 
1508 879 2097 2099 291 
1509 866 2101 2100 896 
1510 2101 868 2102 2100 
1511 2100 2102 249 919 
1512 896 2100 919 864 
1513 897 2104 2103 915 
1514 2104 900 2105 2103 
1515 2103 2105 869 927 
1516 915 2103 927 883 
1517 916 947 2106 2107 
1518 947 374 1953 2106 
1519 2106 1953 250 2108 
1520 2107 2106 2108 307 
1521 865 943 2109 2098 
1522 943 916 2107 2109 
1523 2109 2107 307 2110 
1524 2098 2109 2110 248 
1525 938 2113 2111 2112 
1526 2113 389 952 2111 
1527 2111 952 90 945 
1528 2112 2111 945 917 
1529 868 2115 2114 2102 
1530 2115 938 2112 2114 
1531 2114 2112 917 941 
1532 2102 2114 941 249 
1533 994 1019 2117 2118 
1534 1019 988 1508 2117 
1535 2117 1508 627 2119 
1536 2118 2117 2119 997 
1537 801 2121 2120 1003 
1538 2121 998 2122 2120 
1539 2120 2122 1000 1629 
1540 1003 2120 1629 628 
1541 1001 2124 2123 1479 
1542 2124 1003 2125 2123 
1543 2123 2125 628 1633 
1544 1012 1419 2126 2127 
1545 1419 854 1452 2126 
1546 2126 1452 1006 2128 
1547 2127 2126 2128 1010 
1548 1010 2128 2129 2130 
1549 2128 1006 1476 2129 
1550 2129 1476 987 2131 
1551 2130 2129 2131 1013 
1552 1014 2134 2132 2133 
1553 2134 852 1355 2132 
1554 2132 1355 733 1018 
1555 2133 2132 1018 996 
1556 799 2087 2135 1231 
1557 2087 466 1783 2135 
1558 2135 1783 1021 2136 
1559 1231 2135 2136 1020 
1560 627 1509 2137 2138 
1561 2138 2137 2139 1031 
1562 1031 2139 2140 2141 
1563 2141 2140 1224 984 
1564 1700 1039 2143 2142 
1565 2142 2143 465 2144 
1566 1045 1708 2145 2146 
1567 1708 1044 1745 2145 
1568 2145 1745 1048 2147 
1569 2146 2145 2147 1038 
1570 511 1076 2148 2149 
1571 1076 1067 1114 2148 
1572 2148 1114 1069 2150 
1573 2149 2148 2150 491 
1574 277 1104 2151 2152 
1575 2151 1187 1098 2153 
1576 2152 2151 2153 1099 
1577 1068 1163 2154 1166 
1578 1163 1147 2155 2154 
1579 2154 2155 1157 2156 
1580 1166 2154 2156 1150 
1581 632 2159 2157 2158 
1582 2159 469 1298 2157 
1583 2157 1298 992 1287 
1584 2158 2157 1287 1173 
1585 992 2162 2160 2161 
1586 2162 1180 1302 2160 
1587 2160 1302 1178 1291 
1588 2161 2160 1291 1179 
1589 991 2164 2163 1304 
1590 2164 1184 2165 2163 
1591 2163 2165 1183 1268 
1592 1304 2163 1268 1181 
1593 1184 2167 2166 2165 
1594 2167 984 1223 2166 
1595 2165 2166 1250 1183 
1596 1042 2170 2168 2169 
1597 2170 1204 1227 2168 
1598 2168 1227 1202 1254 
1599 2169 2168 1254 1203 
1600 1041 2172 2171 1229 
1601 2172 1208 2173 2171 
1602 2171 2173 1207 1240 
1603 1229 2171 1240 1205 
1604 465 1697 2174 1234 
1605 1697 1025 2175 2174 
1606 2174 2175 1230 2176 
1607 1234 2174 2176 1035 
1608 986 1743 2177 1237 
1609 1743 1040 2178 2177 
1610 2177 2178 1233 2179 
1611 1237 2177 2179 1200 
1612 1040 2144 2180 2178 
1613 2144 465 2181 2180 
1614 2180 2181 1234 2182 
1615 2178 2180 2182 1233 
1616 1250 2185 2183 2184 
1617 2185 1042 2169 2183 
1618 2183 2169 1203 1265 
1619 2184 2183 1265 1248 
1620 1181 2187 2186 1316 
1621 2187 1268 2188 2186 
1622 2186 2188 1267 1275 
1623 1316 2186 1275 1196 
1624 1197 1284 2189 1329 
1625 1284 993 2190 2189 
1626 2189 2190 1271 2191 
1627 1329 2189 2191 1278 
1628 1282 1320 2192 1333 
1629 1320 1281 2193 2192 
1630 2192 2193 1284 2194 
1631 1333 2192 2194 1197 
1632 798 2196 2195 2086 
1633 2196 1340 2197 2195 
1634 2195 2197 1343 1784 
1635 2086 2195 1784 466 
1636 793 2093 2198 1359 
1637 2093 829 2199 2198 
1638 2198 2199 1348 1402 
1639 1350 1408 2200 1390 
1640 1408 1353 2201 2200 
1641 2200 2201 800 1459 
1642 1390 2200 1459 1007 
1643 1357 2203 2202 1375 
1644 2203 1359 2204 2202 
1645 2202 2204 853 1406 
1646 1375 2202 1406 1352 
1647 1380 1441 2205 1444 
1648 1441 1416 2206 2205 
1649 2205 2206 1435 2207 
1650 1444 2205 2207 1425 
1651 800 2209 2208 1460 
1652 2209 1404 2210 2208 
1653 2208 2210 1455 1495 
1654 1460 2208 1495 1008 
1655 1461 2212 2211 1493 
1656 2212 1008 2213 2211 
1657 2211 2213 1473 1499 
1658 1493 2211 1499 1471 
1659 1454 2216 2214 2215 
1660 2216 1005 1491 2214 
1661 2214 1491 1472 1515 
1662 2215 2214 1515 1475 
1663 1478 2218 2217 1563 
1664 2218 1479 2219 2217 
1665 2217 2219 1004 1637 
1666 1563 2217 1637 1480 
1667 1474 1501 2220 1523 
1668 1501 989 2221 2220 
1669 2220 2221 1483 1602 
1670 1523 2220 1602 1481 
1671 1482 1524 2222 2223 
1672 1524 1481 1601 2222 
1673 2222 1601 1484 1594 
1674 2223 2222 1594 1467 
1675 1013 2131 2224 2225 
1676 2131 987 1511 2224 
1677 2224 1511 1468 2226 
1678 2225 2224 2226 1507 
1679 1507 2226 2227 2228 
1680 2226 1468 1590 2227 
1681 2227 1590 990 2229 
1682 2228 2227 2229 1509 
1683 1477 1516 2230 2231 
1684 1516 1009 1522 2230 
1685 2230 1522 1482 2232 
1686 2231 2230 2232 1510 
1687 1510 2232 2233 2234 
1688 2232 1482 2223 2233 
1689 2233 2223 1467 2235 
1690 2234 2233 2235 1512 
1691 1520 1540 2236 2237 
1692 1540 1485 1542 2236 
1693 2236 1542 1526 2238 
1694 2237 2236 2238 1534 
1695 990 1591 2239 2240 
1696 2240 2239 2241 1551 
1697 1551 2241 2242 2243 
1698 2243 2242 2244 1030 
1699 1555 1595 2245 2246 
1700 1595 1554 1581 2245 
1701 2245 1581 1557 2247 
1702 2246 2245 2247 1470 
1703 1639 1559 2249 2248 
1704 1556 1575 2250 1582 
1705 1575 1561 2251 2250 
1706 2250 2251 1564 2252 
1707 1582 2250 2252 802 
1708 1484 2255 2253 2254 
1709 2255 1567 1605 2253 
1710 2253 1605 1565 1598 
1711 2254 2253 1598 1566 
1712 1483 2257 2256 1603 
1713 2257 1570 2258 2256 
1714 2256 2258 1562 1573 
1715 1603 2256 1573 1469 
1716 1512 2235 2259 2260 
1717 2235 1467 1593 2259 
1718 2259 1593 1555 2261 
1719 2260 2259 2261 1589 
1720 1589 2261 2262 2263 
1721 2261 1555 2246 2262 
1722 2262 2246 1470 2264 
1723 2263 2262 2264 1591 
1724 802 2252 2265 2266 
1725 2252 1564 2267 2265 
1726 2265 2267 1613 1625 
1727 2266 2265 1625 1578 
1728 1564 2269 2268 2267 
1729 2269 1480 2270 2268 
1730 2268 2270 1614 1641 
1731 2267 2268 1641 1613 
1732 1615 1643 2271 1652 
1733 1643 1558 2272 2271 
1734 2271 2272 1621 2273 
1735 1652 2271 2273 1619 
1736 1619 2273 2274 2275 
1737 2273 1621 2276 2274 
1738 2274 2276 1560 1681 
1739 2275 2274 1681 1622 
1740 1620 1653 2277 2278 
1741 1653 1619 2275 2277 
1742 2277 2275 1622 2279 
1743 2278 2277 2279 1027 
1744 1644 2282 2283 2284 
1745 2284 2283 2285 1646 
1746 1027 2279 2286 2287 
1747 2279 1622 1680 2286 
1748 2286 1680 1659 2288 
1749 2287 2286 2288 1660 
1750 1660 2288 2289 2290 
1751 2288 1659 1675 2289 
1752 2289 1675 1662 2291 
1753 2290 2289 2291 1617 
1754 1026 2293 2292 1668 
1755 2293 1635 2294 2292 
1756 2292 2294 1663 1732 
1757 1668 2292 1732 1618 
1758 1560 2296 2295 1682 
1759 2296 1667 2297 2295 
1760 2295 2297 1666 1687 
1761 1682 2295 1687 1661 
1762 1616 1689 2298 2299 
1763 1689 1669 2300 2298 
1764 2298 2300 1683 1716 
1765 2299 2298 1716 1672 
1766 1669 2302 2301 2300 
1767 2302 1618 2303 2301 
1768 2301 2303 1684 1735 
1769 2300 2301 1735 1683 
1770 1047 1721 2304 1746 
1771 1721 1698 2305 2304 
1772 2304 2305 1700 2306 
1773 1746 2304 2306 1037 
1774 1701 1725 2307 1750 
1775 1725 1703 2308 2307 
1776 2307 2308 1047 2309 
1777 1750 2307 2309 1704 
1778 1646 2285 2310 2311 
1779 2311 2310 2312 1705 
1780 1705 2312 2313 2314 
1781 2312 1045 2146 2313 
1782 2313 2146 1038 2315 
1783 2314 2313 2315 1208 
1784 1225 2318 2316 2317 
1785 2318 1705 2314 2316 
1786 2316 2314 1208 2172 
1787 2317 2316 2172 1041 
1788 1712 1740 2319 1754 
1789 1740 1722 2320 2319 
1790 2319 2320 1725 2321 
1791 1754 2319 2321 1701 
1792 359 2323 2322 1793 
1793 2323 1775 2324 2322 
1794 2322 2324 1774 1802 
1795 1793 2322 1802 795 
1796 162 282 2325 2326 
1797 2325 1916 77 2327 
1798 2326 2325 2327 164 
1799 103 220 2328 2329 
1800 220 162 2326 2328 
1801 2328 2326 164 2330 
1802 2329 2328 2330 75 
1803 83 172 2331 2332 
1804 172 109 1876 2331 
1805 2331 1876 165 2333 
1806 2332 2331 2333 166 
1807 106 176 2334 2335 
1808 176 142 1879 2334 
1809 2334 1879 169 2336 
1810 2335 2334 2336 170 
1811 169 1880 2337 2338 
1812 1880 171 1892 2337 
1813 2337 1892 109 2339 
1814 2338 2337 2339 172 
1815 170 2336 2340 2341 
1816 2336 169 2338 2340 
1817 2340 2338 172 2342 
1818 2341 2340 2342 83 
1819 209 259 2343 1895 
1820 259 211 1903 2343 
1821 2343 1903 177 1900 
1822 1895 2343 1900 212 
1823 228 2346 2344 2345 
1824 2346 230 1913 2344 
1825 2344 1913 178 257 
1826 2345 2344 257 210 
1827 208 2349 2347 2348 
1828 2349 228 2345 2347 
1829 2347 2345 210 232 
1830 2348 2347 232 82 
1831 280 315 2350 2351 
1832 315 281 1930 2350 
1833 2350 1930 163 2352 
1834 2351 2350 2352 282 
1835 219 296 2353 2354 
1836 296 280 2351 2353 
1837 2353 2351 282 2355 
1838 2354 2353 2355 162 
1839 291 2099 2356 1919 
1840 2099 248 2357 2356 
1841 2356 2357 292 1921 
1842 1919 2356 1921 290 
1843 248 2110 2358 2357 
1844 2110 307 2359 2358 
1845 2358 2359 306 318 
1846 2357 2358 318 292 
1847 307 2108 2360 2359 
1848 2108 250 2361 2360 
1849 2360 2361 308 1924 
1850 2359 2360 1924 306 
1851 250 1954 2362 2361 
1852 1954 322 2363 2362 
1853 2362 2363 321 330 
1854 2361 2362 330 308 
1855 322 421 2364 2363 
1856 421 302 1970 2364 
1857 2364 1970 323 1933 
1858 2363 2364 1933 321 
1859 5 332 2365 2366 
1860 332 324 1936 2365 
1861 2365 1936 325 2367 
1862 2366 2365 2367 314 
1863 325 1937 2368 2369 
1864 1937 326 1989 2368 
1865 2368 1989 310 2370 
1866 2369 2368 2370 327 
1867 314 2367 2371 2372 
1868 2367 325 2369 2371 
1869 2371 2369 327 2373 
1870 2372 2371 2373 281 
1871 31 2375 2374 1844 
1872 2375 353 2376 2374 
1873 2374 2376 352 1939 
1874 1844 2374 1939 49 
1875 357 2378 2377 1943 
1876 2378 49 2379 2377 
1877 2377 2379 358 1945 
1878 1943 2377 1945 356 
1879 376 2381 2380 1957 
1880 2381 378 2382 2380 
1881 2380 2382 246 723 
1882 1957 2380 723 365 
1883 375 2384 2383 958 
1884 2384 393 1967 2383 
1885 2383 1967 391 2385 
1886 958 2383 2385 392 
1887 392 2385 2386 2387 
1888 2385 391 432 2386 
1889 2386 432 394 2388 
1890 2387 2386 2388 373 
1891 371 2390 2389 1951 
1892 2390 407 2391 2389 
1893 2389 2391 410 1984 
1894 1951 2389 1984 304 
1895 373 2388 2392 2393 
1896 2388 394 1978 2392 
1897 2392 1978 419 2394 
1898 2393 2392 2394 420 
1899 509 1072 2395 2396 
1900 1072 511 2149 2395 
1901 2395 2149 491 2397 
1902 2396 2395 2397 512 
1903 510 535 2398 2399 
1904 535 509 2396 2398 
1905 2398 2396 512 2400 
1906 2399 2398 2400 489 
1907 480 2402 2401 2008 
1908 2402 519 2403 2401 
1909 2401 2403 518 2016 
1910 2008 2401 2016 496 
1911 518 2405 2404 2017 
1912 2405 520 2406 2404 
1913 2404 2406 488 1086 
1914 2017 2404 1086 521 
1915 529 555 2407 2408 
1916 555 510 2399 2407 
1917 2407 2399 489 2409 
1918 2408 2407 2409 531 
1919 530 566 2410 2411 
1920 566 529 2408 2410 
1921 2410 2408 531 2412 
1922 2411 2410 2412 490 
1923 630 737 2413 2031 
1924 737 631 2069 2413 
1925 2413 2069 469 2159 
1926 2031 2413 2159 632 
1927 637 655 2414 2036 
1928 655 638 2415 2414 
1929 2414 2415 483 2416 
1930 2036 2414 2416 639 
1931 638 2046 2417 2415 
1932 2046 649 2418 2417 
1933 2417 2418 651 2419 
1934 2415 2417 2419 483 
1935 718 746 2420 2421 
1936 746 720 2074 2420 
1937 2420 2074 622 2422 
1938 2421 2420 2422 721 
1939 86 2424 2423 1949 
1940 2424 783 2425 2423 
1941 2423 2425 782 2077 
1942 1949 2423 2077 362 
1943 782 2427 2426 2078 
1944 2427 784 2428 2426 
1945 2426 2428 359 1792 
1946 787 2430 2429 2081 
1947 2430 362 2431 2429 
1948 2429 2431 788 2083 
1949 2081 2429 2083 786 
1950 712 2434 2432 2433 
1951 2434 805 831 2432 
1952 2432 831 803 2090 
1953 2433 2432 2090 804 
1954 378 2436 2435 2382 
1955 2436 811 2437 2435 
1956 2435 2437 616 2027 
1957 2382 2435 2027 246 
1958 819 2440 2438 2439 
1959 2440 818 839 2438 
1960 2438 839 805 2434 
1961 2439 2438 2434 712 
1962 948 959 2441 2442 
1963 959 392 2387 2441 
1964 2441 2387 373 2443 
1965 2442 2441 2443 950 
1966 363 2445 2444 1349 
1967 2445 825 2446 2444 
1968 2444 2446 998 2121 
1969 1349 2444 2121 801 
1970 1002 2448 2447 1456 
1971 2448 801 2449 2447 
1972 2447 2449 1003 2124 
1973 1456 2447 2124 1001 
1974 1015 2452 2450 2451 
1975 2452 618 1366 2450 
1976 2450 1366 852 2134 
1977 2451 2450 2134 1014 
1978 520 2454 2453 2406 
1979 2454 1089 2455 2453 
1980 2453 2455 1083 1092 
1981 2406 2453 1092 488 
1982 468 2032 2456 2457 
1983 2032 632 2158 2456 
1984 2456 2158 1173 2458 
1985 2457 2456 2458 1103 
1986 1103 2458 2459 2460 
1987 2458 1173 1286 2459 
1988 2459 1286 1174 2461 
1989 2460 2459 2461 470 
1990 470 2461 2462 2463 
1991 2461 1174 1322 2462 
1992 2462 1322 1186 2464 
1993 2463 2462 2464 1187 
1994 1208 2315 2465 2173 
1995 2315 1038 2466 2465 
1996 2465 2466 1209 2467 
1997 2173 2465 2467 1207 
1998 1207 2467 2468 1241 
1999 2467 1209 2469 2468 
2000 2468 2469 986 2470 
2001 1241 2468 2470 1210 
2002 1222 2473 2471 2472 
2003 2473 1225 2317 2471 
2004 2471 2317 1041 1228 
2005 2472 2471 1228 1204 
2006 1223 2476 2474 2475 
2007 2476 1222 2472 2474 
2008 2474 2472 1204 2170 
2009 2475 2474 2170 1042 
2010 993 1277 2477 2190 
2011 1277 1269 2478 2477 
2012 2477 2478 1270 2479 
2013 2190 2477 2479 1271 
2014 50 2481 2480 1346 
2015 2481 1341 2482 2480 
2016 2480 2482 1340 2196 
2017 1346 2480 2196 798 
2018 1340 2484 2483 2197 
2019 2484 1342 2485 2483 
2020 2483 2485 794 1788 
2021 2197 2483 1788 1343 
2022 1348 2487 2486 1403 
2023 2487 1349 2488 2486 
2024 2486 2488 801 2448 
2025 1403 2486 2448 1002 
2026 1353 2490 2489 2201 
2027 2490 1401 2491 2489 
2028 2489 2491 1404 2209 
2029 2201 2489 2209 800 
2030 1451 1466 2492 2493 
2031 1466 1453 2494 2492 
2032 2492 2494 1005 2216 
2033 2493 2492 2216 1454 
2034 1453 2496 2495 2494 
2035 2496 1458 2497 2495 
2036 2495 2497 1461 1492 
2037 2494 2495 1492 1005 
2038 1457 2499 2498 1571 
2039 2499 1001 2500 2498 
2040 2498 2500 1479 2218 
2041 1571 2498 2218 1478 
2042 1561 2502 2501 2251 
2043 2502 1563 2503 2501 
2044 2501 2503 1480 2269 
2045 2251 2501 2269 1564 
2046 989 2505 2504 2221 
2047 2505 1497 2506 2504 
2048 2504 2506 1570 2257 
2049 2221 2504 2257 1483 
2050 1557 1583 2507 2508 
2051 1583 802 2266 2507 
2052 2507 2266 1578 2509 
2053 2508 2507 2509 1576 
2054 1576 2509 2510 2511 
2055 2509 1578 1624 2510 
2056 2510 1624 1552 2512 
2057 2511 2510 2512 1579 
2058 1559 2514 2513 2249 
2059 2514 1632 2515 2513 
2060 2513 2515 1635 2293 
2061 2249 2513 2293 1026 
2062 1030 2244 2516 2517 
2063 2517 2516 2518 1645 
2064 1645 2518 2519 2520 
2065 2518 1644 2284 2519 
2066 2519 2284 1646 2521 
2067 2520 2519 2521 1032 
2068 1579 2512 2522 2523 
2069 2512 1552 1651 2522 
2070 2522 1651 1620 2524 
2071 2523 2522 2524 1647 
2072 1647 2524 2525 2526 
2073 2524 1620 2278 2525 
2074 2525 2278 1027 2527 
2075 2526 2525 2527 1649 
2076 1666 2529 2528 1688 
2077 2529 1668 2530 2528 
2078 2528 2530 1618 2302 
2079 1688 2528 2302 1669 
2080 1662 1678 2531 2532 
2081 1678 1616 2299 2531 
2082 2531 2299 1672 2533 
2083 2532 2531 2533 1670 
2084 1670 2533 2534 2535 
2085 2533 1672 1715 2534 
2086 2534 1715 1046 2536 
2087 2535 2534 2536 1673 
2088 1032 2521 2537 2538 
2089 2521 1646 2311 2537 
2090 2537 2311 1705 2318 
2091 2538 2537 2318 1225 
2092 1673 2536 2539 2540 
2093 2536 1046 1710 2539 
2094 2539 1710 1702 2541 
2095 2540 2539 2541 1706 
2096 1706 2541 2542 2543 
2097 2541 1702 1749 2542 
2098 2542 1749 1044 2544 
2099 2543 2542 2544 1708 
2100 1038 2147 2545 2466 
2101 2147 1048 2546 2545 
2102 2545 2546 1741 2547 
2103 2466 2545 2547 1209 
2104 1048 1747 2548 2546 
2105 1747 1037 2549 2548 
2106 2548 2549 1742 2550 
2107 2546 2548 2550 1741 
2108 1209 2547 2551 2469 
2109 2547 1741 2552 2551 
2110 2551 2552 1743 2553 
2111 2469 2551 2553 986 
2112 1342 2555 2554 2485 
2113 2555 1791 2556 2554 
2114 2554 2556 1779 1795 
2115 2485 2554 1795 794 
2116 117 1871 2557 2558 
2117 1871 83 2332 2557 
2118 2557 2332 166 2559 
2119 2558 2557 2559 1866 
2120 312 1928 2560 2561 
2121 1928 277 2152 2560 
2122 2560 2152 1099 2562 
2123 2561 2560 2562 1915 
2124 784 2564 2563 2428 
2125 2564 1944 2565 2563 
2126 2563 2565 1775 2323 
2127 2428 2563 2323 359 
2128 950 2443 2566 2567 
2129 2443 373 2393 2566 
2130 2566 2393 420 2568 
2131 2567 2566 2568 1952 
2132 2064 2571 2569 2570 
2133 2571 804 2089 2569 
2134 2569 2089 618 2452 
2135 2570 2569 2452 1015 
2136 788 2573 2572 2084 
2137 2573 2076 2574 2572 
2138 2572 2574 1341 2481 
2139 2084 2572 2481 50 
2140 997 2119 2575 2576 
2141 2119 627 2138 2575 
2142 2575 2138 1031 2577 
2143 2576 2575 2577 2116 
2144 2116 2577 2578 2579 
2145 2577 1031 2141 2578 
2146 2578 2141 984 2167 
2147 2579 2578 2167 1184 
2148 1300 2582 2580 2581 
2149 2582 2116 2579 2580 
2150 2580 2579 1184 2164 
2151 2581 2580 2164 991 
2152 1509 2229 2583 2584 
2153 2229 990 2240 2583 
2154 2583 2240 1551 2585 
2155 2584 2583 2585 2137 
2156 2137 2585 2586 2587 
2157 2585 1551 2243 2586 
2158 2586 2243 1030 2588 
2159 2587 2586 2588 2139 
2160 2139 2588 2589 2590 
2161 2588 1030 2517 2589 
2162 2589 2517 1645 2591 
2163 2590 2589 2591 2140 
2164 2140 2591 2592 2593 
2165 2591 1645 2520 2592 
2166 2592 2520 1032 2594 
2167 2593 2592 2594 1224 
2168 1037 2306 2595 2549 
2169 2306 1700 2596 2595 
2170 2595 2596 2142 2597 
2171 2549 2595 2597 1742 
2172 2166 2600 2598 2599 
2173 2600 1223 2475 2598 
2174 2598 2475 1042 2185 
2175 2599 2598 2185 1250 
2176 1621 2602 2601 2276 
2177 2602 2248 2603 2601 
2178 2601 2603 1667 2296 
2179 2276 2601 2296 1560 
2180 1649 2527 2604 2605 
2181 2527 1027 2287 2604 
2182 2604 2287 1660 2606 
2183 2605 2604 2606 2280 
2184 2280 2606 2607 2608 
2185 2606 1660 2290 2607 
2186 2607 2290 1617 2609 
2187 2608 2607 2609 2282 
2188 101 168 2610 2611 
2189 168 103 2329 2610 
2190 2610 2329 75 2612 
2191 2611 2610 2612 104 
2192 102 1868 2613 2614 
2193 1868 101 2611 2613 
2194 2613 2611 104 2615 
2195 2614 2613 2615 76 
2196 206 2618 2616 2617 
2197 2618 208 2348 2616 
2198 2616 2348 82 215 
2199 2617 2616 215 182 
2200 153 2621 2619 2620 
2201 2621 206 2617 2619 
2202 2619 2617 182 1882 
2203 2620 2619 1882 107 
2204 218 285 2622 2623 
2205 285 219 2354 2622 
2206 2622 2354 162 2624 
2207 2623 2622 2624 220 
2208 167 238 2625 2626 
2209 238 218 2623 2625 
2210 2625 2623 220 2627 
2211 2626 2625 2627 103 
2212 309 1925 2628 2629 
2213 1925 5 2366 2628 
2214 2628 2366 314 2630 
2215 2629 2628 2630 313 
2216 313 2630 2631 2632 
2217 2630 314 2372 2631 
2218 2631 2372 281 2633 
2219 2632 2631 2633 315 
2220 244 2635 2634 413 
2221 2635 408 2636 2634 
2222 2634 2636 407 2390 
2223 413 2634 2390 371 
2224 407 2638 2637 2391 
2225 2638 409 2639 2637 
2226 2637 2639 364 663 
2227 2391 2637 663 410 
2228 519 2641 2640 2403 
2229 2641 485 2642 2640 
2230 2640 2642 520 2405 
2231 2403 2640 2405 518 
2232 649 2048 2643 2418 
2233 2048 650 2644 2643 
2234 2643 2644 630 2645 
2235 2418 2643 2645 651 
2236 409 2647 2646 2639 
2237 2647 722 2648 2646 
2238 2646 2648 620 726 
2239 2639 2646 726 364 
2240 650 772 2649 2644 
2241 772 735 2650 2649 
2242 2649 2650 737 2651 
2243 2644 2649 2651 630 
2244 783 2653 2652 2425 
2245 2653 356 2654 2652 
2246 2652 2654 784 2427 
2247 2425 2652 2427 782 
2248 811 2656 2655 2437 
2249 2656 813 2657 2655 
2250 2655 2657 360 816 
2251 2437 2655 816 616 
2252 792 2659 2658 828 
2253 2659 822 2660 2658 
2254 2658 2660 825 2445 
2255 828 2658 2445 363 
2256 485 2662 2661 2642 
2257 2662 1090 2663 2661 
2258 2661 2663 1089 2454 
2259 2642 2661 2454 520 
2260 484 1993 2664 2665 
2261 1993 468 2457 2664 
2262 2664 2457 1103 2666 
2263 2665 2664 2666 1101 
2264 1101 2666 2667 2668 
2265 2666 1103 2460 2667 
2266 2667 2460 470 2669 
2267 2668 2667 2669 1104 
2268 1224 2594 2670 2671 
2269 2594 1032 2538 2670 
2270 2670 2538 1225 2473 
2271 2671 2670 2473 1222 
2272 1297 2674 2672 2673 
2273 2674 1300 2581 2672 
2274 2672 2581 991 1303 
2275 2673 2672 1303 1180 
2276 1298 2677 2675 2676 
2277 2677 1297 2673 2675 
2278 2675 2673 1180 2162 
2279 2676 2675 2162 992 
2280 1341 2679 2678 2482 
2281 2679 785 2680 2678 
2282 2678 2680 1342 2484 
2283 2482 2678 2484 1340 
2284 829 2682 2681 2199 
2285 2682 363 2683 2681 
2286 2681 2683 1349 2487 
2287 2199 2681 2487 1348 
2288 853 2685 2684 1407 
2289 2685 1402 2686 2684 
2290 2684 2686 1401 2490 
2291 1407 2684 2490 1353 
2292 1455 2688 2687 1496 
2293 2688 1456 2689 2687 
2294 2687 2689 1001 2499 
2295 1496 2687 2499 1457 
2296 1007 2691 2690 1465 
2297 2691 1459 2692 2690 
2298 2690 2692 1458 2496 
2299 1465 2690 2496 1453 
2300 1458 2694 2693 2497 
2301 2694 1460 2695 2693 
2302 2693 2695 1008 2212 
2303 2497 2693 2212 1461 
2304 1473 2697 2696 1500 
2305 2697 1494 2698 2696 
2306 2696 2698 1497 2505 
2307 1500 2696 2505 989 
2308 1562 2700 2699 1574 
2309 2700 1478 2701 2699 
2310 2699 2701 1563 2502 
2311 1574 2699 2502 1561 
2312 1570 2703 2702 2258 
2313 2703 1571 2704 2702 
2314 2702 2704 1478 2700 
2315 2258 2702 2700 1562 
2316 1470 2247 2705 2706 
2317 2247 1557 2508 2705 
2318 2705 2508 1576 2707 
2319 2706 2705 2707 1577 
2320 1577 2707 2708 2709 
2321 2707 1576 2511 2708 
2322 2708 2511 1579 2710 
2323 2709 2708 2710 1550 
2324 1004 2712 2711 1638 
2325 2712 1633 2713 2711 
2326 2711 2713 1632 2514 
2327 1638 2711 2514 1559 
2328 1550 2710 2714 2715 
2329 2710 1579 2523 2714 
2330 2714 2523 1647 2716 
2331 2715 2714 2716 1648 
2332 1648 2716 2717 2718 
2333 2716 1647 2526 2717 
2334 2717 2526 1649 2719 
2335 2718 2717 2719 1553 
2336 1667 2721 2720 2297 
2337 2721 1026 2722 2720 
2338 2720 2722 1668 2529 
2339 2297 2720 2529 1666 
2340 1617 2291 2723 2724 
2341 2291 1662 2532 2723 
2342 2723 2532 1670 2725 
2343 2724 2723 2725 1671 
2344 1671 2725 2726 2727 
2345 2725 1670 2535 2726 
2346 2726 2535 1673 2728 
2347 2727 2726 2728 983 
2348 983 2728 2729 2730 
2349 2728 1673 2540 2729 
2350 2729 2540 1706 2731 
2351 2730 2729 2731 1707 
2352 1707 2731 2732 2733 
2353 2731 1706 2543 2732 
2354 2732 2543 1708 2734 
2355 2733 2732 2734 1045 
2356 1741 2550 2735 2552 
2357 2550 1742 2736 2735 
2358 2735 2736 1040 2737 
2359 2552 2735 2737 1743 
2360 785 2739 2738 2680 
2361 2739 1792 2740 2738 
2362 2738 2740 1791 2555 
2363 2680 2738 2555 1342 
2364 1791 2742 2741 2556 
2365 2742 1793 2743 2741 
2366 2741 2743 795 1806 
2367 2556 2741 1806 1779 
2368 163 1931 2744 2745 
2369 1931 312 2561 2744 
2370 2744 2561 1915 2746 
2371 2745 2744 2746 1916 
2372 356 2748 2747 2654 
2373 2748 1945 2749 2747 
2374 2747 2749 1944 2564 
2375 2654 2747 2564 784 
2376 813 2751 2750 2657 
2377 2751 1947 2752 2750 
2378 2750 2752 787 2080 
2379 2657 2750 2080 360 
2380 382 2754 2753 1960 
2381 2754 1955 2755 2753 
2382 2753 2755 408 2635 
2383 1960 2753 2635 244 
2384 2063 2758 2756 2757 
2385 2758 712 2433 2756 
2386 2756 2433 804 2571 
2387 2757 2756 2571 2064 
2388 362 2760 2759 2431 
2389 2760 2077 2761 2759 
2390 2759 2761 2076 2573 
2391 2431 2759 2573 788 
2392 2076 2763 2762 2574 
2393 2763 2078 2764 2762 
2394 2762 2764 785 2679 
2395 2574 2762 2679 1341 
2396 734 2767 2765 2766 
2397 2767 997 2576 2765 
2398 2765 2576 2116 2582 
2399 2766 2765 2582 1300 
2400 1479 2769 2768 2219 
2401 2769 2123 2770 2768 
2402 2768 2770 1633 2712 
2403 2219 2768 2712 1004 
2404 1742 2597 2771 2736 
2405 2597 2142 2772 2771 
2406 2771 2772 2144 2773 
2407 2736 2771 2773 1040 
2408 1104 2669 2774 2775 
2409 2669 470 2463 2774 
2410 2774 2463 1187 2776 
2411 2775 2774 2776 2151 
2412 1359 2778 2777 2204 
2413 2778 2198 2779 2777 
2414 2777 2779 1402 2685 
2415 2204 2777 2685 853 
2416 1591 2264 2780 2781 
2417 2264 1470 2706 2780 
2418 2780 2706 1577 2782 
2419 2781 2780 2782 2239 
2420 2239 2782 2783 2784 
2421 2782 1577 2709 2783 
2422 2783 2709 1550 2785 
2423 2784 2783 2785 2241 
2424 2241 2785 2786 2787 
2425 2785 1550 2715 2786 
2426 2786 2715 1648 2788 
2427 2787 2786 2788 2242 
2428 2242 2788 2789 2790 
2429 2788 1648 2718 2789 
2430 2789 2718 1553 2791 
2431 2790 2789 2791 2244 
2432 1558 2793 2792 2272 
2433 2793 1639 2794 2792 
2434 2792 2794 2248 2602 
2435 2272 2792 2602 1621 
2436 2248 2796 2795 2603 
2437 2796 2249 2797 2795 
2438 2795 2797 1026 2721 
2439 2603 2795 2721 1667 
2440 1553 2719 2798 2799 
2441 2719 1649 2605 2798 
2442 2798 2605 2280 2800 
2443 2799 2798 2800 2281 
2444 2281 2800 2801 2802 
2445 2800 2280 2608 2801 
2446 2801 2608 2282 2803 
2447 2802 2801 2803 1644 
2448 2282 2609 2804 2805 
2449 2609 1617 2724 2804 
2450 2804 2724 1671 2806 
2451 2805 2804 2806 2283 
2452 2283 2806 2807 2808 
2453 2806 1671 2727 2807 
2454 2807 2727 983 2809 
2455 2808 2807 2809 2285 
2456 2285 2809 2810 2811 
2457 2809 983 2730 2810 
2458 2810 2730 1707 2812 
2459 2811 2810 2812 2310 
2460 2310 2812 2813 2814 
2461 2812 1707 2733 2813 
2462 2813 2733 1045 2815 
2463 2814 2813 2815 2312 
2464 282 2352 2816 2817 
2465 2352 163 2745 2816 
2466 2816 2745 1916 2818 
2467 2817 2816 2818 2325 
2468 2078 2820 2819 2764 
2469 2820 2426 2821 2819 
2470 2819 2821 1792 2739 
2471 2764 2819 2739 785 
2472 2244 2791 2822 2823 
2473 2791 1553 2799 2822 
2474 2822 2799 2281 2824 
2475 2823 2822 2824 2516 
2476 2516 2824 2825 2826 
2477 2824 2281 2802 2825 
2478 2825 2802 1644 2827 
2479 2826 2825 2827 2518 
