2 0.000000 100.000000 335.864767
2787 2440 
1 -220.509466 0.000000 -223.956064 99.754903 -0.001005 6.975624 0.000030 
2 263.833875 0.000000 -223.956064 99.755379 -0.007571 6.966446 0.000033 
3 263.833875 0.000000 230.086264 99.758435 0.009547 6.963434 -0.000023 
4 -220.509466 0.000000 230.086264 99.757814 0.001172 6.976097 -0.000029 
5 21.662204 0.000000 3.065100 107.040689 -0.053562 0.424511 -0.145789 
6 -220.509466 0.000000 3.065100 99.755622 0.000034 6.977305 0.000013 
7 21.662204 0.000000 -223.956064 99.752410 -0.004091 6.970620 0.000087 
8 263.833875 0.000000 3.065100 99.828740 -0.115215 5.925712 -0.000090 
9 21.662204 0.000000 230.086264 99.762166 0.004561 6.970251 -0.000107 
10 -99.423631 0.000000 -110.445482 99.749829 -0.002009 6.974404 0.000133 
11 -220.509466 0.000000 -110.445482 99.754654 -0.000655 6.976325 0.000034 
12 -99.423631 0.000000 -223.956064 99.753406 -0.002041 6.974261 0.000062 
13 21.662204 0.000000 -110.445482 99.742673 -0.008145 6.955321 0.000302 
14 -99.423631 0.000000 3.065100 99.749255 -0.000618 6.982422 0.000133 
15 142.748040 0.000000 -110.445482 99.751808 -0.014549 6.939073 0.000143 
16 142.748040 0.000000 -223.956064 99.753733 -0.006364 6.967241 0.000065 
17 263.833875 0.000000 -110.445482 99.756733 -0.015715 6.942156 0.000040 
18 142.748040 0.000000 3.065100 99.838060 -0.187275 5.693067 -0.000008 
19 -99.423631 0.000000 116.575682 99.761530 0.001790 6.978516 -0.000106 
20 -220.509466 0.000000 116.575682 99.757341 0.000767 6.977015 -0.000021 
21 21.662204 0.000000 116.575682 99.781147 0.007175 6.954631 -0.000464 
22 -99.423631 0.000000 230.086264 99.759920 0.002251 6.975132 -0.000069 
23 -38.880713 0.000000 -53.690191 99.740634 0.001996 6.932915 0.000374 
24 -99.423631 0.000000 -53.690191 99.747070 -0.001632 6.976583 0.000185 
25 -38.880713 0.000000 -110.445482 99.744902 -0.004128 6.967883 0.000240 
26 21.662204 0.000000 -53.690191 99.872619 -0.082833 6.886215 -0.002197 
27 -38.880713 0.000000 3.065100 99.668710 0.096325 6.948148 0.001786 
28 142.748040 0.000000 116.575682 99.763830 0.018556 6.927941 -0.000082 
29 263.833875 0.000000 116.575682 99.760704 0.023298 6.922382 -0.000012 
30 142.748040 0.000000 230.086264 99.760281 0.007547 6.965100 -0.000063 
31 82.205122 0.000000 -53.690191 99.762985 -0.055088 6.873601 0.000010 
32 82.205122 0.000000 -110.445482 99.746062 -0.012241 6.943258 0.000251 
33 142.748040 0.000000 -53.690191 99.755739 -0.030532 6.843638 0.000196 
34 82.205122 0.000000 3.065100 99.643832 -0.205626 7.463630 0.001536 
35 -38.880713 0.000000 59.820391 99.755300 0.019629 6.980782 0.000015 
36 -99.423631 0.000000 59.820391 99.758083 0.000771 6.982504 -0.000043 
37 21.662204 0.000000 59.820391 99.772381 0.058061 6.895830 -0.000208 
38 -38.880713 0.000000 116.575682 99.770722 0.003318 6.975606 -0.000286 
39 -8.609254 0.000000 -25.312545 99.496104 -0.071116 6.754782 0.005489 
40 -38.880713 0.000000 -25.312545 99.706380 0.012570 6.901371 0.001101 
41 -8.609254 0.000000 -53.690191 99.787073 -0.027445 6.878284 -0.000477 
42 21.662204 0.000000 -25.312545 99.869368 -0.381580 6.663252 -0.001844 
43 -8.609254 0.000000 3.065100 98.451268 0.144156 7.140102 0.025635 
44 82.205122 0.000000 59.820391 99.761942 0.045701 6.809583 0.000118 
45 142.748040 0.000000 59.820391 99.769452 0.047245 6.789783 -0.000005 
46 82.205122 0.000000 116.575682 99.771955 0.013700 6.933470 -0.000252 
47 51.933663 0.000000 -25.312545 99.687796 -0.103689 6.706858 0.001735 
48 51.933663 0.000000 -53.690191 99.826392 -0.102239 6.916909 -0.001316 
49 82.205122 0.000000 -25.312545 99.766744 -0.186022 6.618058 0.000276 
50 51.933663 0.000000 3.065100 98.901132 -0.579742 5.398150 0.018909 
51 -8.609254 0.000000 31.442745 99.870085 0.369151 7.145148 -0.002522 
52 -38.880713 0.000000 31.442745 99.714175 0.035680 6.976412 0.000841 
53 21.662204 0.000000 31.442745 100.140384 0.359520 6.665265 -0.007265 
54 -8.609254 0.000000 59.820391 99.758362 0.042524 6.961023 -0.000019 
55 6.526475 0.000000 -11.123723 99.524961 -0.119143 5.281540 0.006687 
56 -8.609254 0.000000 -11.123723 99.061839 0.047358 6.515457 0.014430 
57 6.526475 0.000000 -25.312545 99.483445 -0.352912 6.515764 0.006046 
58 21.662204 0.000000 -11.123723 101.198988 -0.150424 6.018343 -0.027748 
59 6.526475 0.000000 3.065100 94.375537 -0.396774 24.635282 0.048620 
60 -159.966548 0.000000 -53.690191 99.753068 -0.000674 6.977298 0.000064 
61 -220.509466 0.000000 -53.690191 99.754919 -0.000346 6.976868 0.000028 
62 -159.966548 0.000000 -110.445482 99.753088 -0.001090 6.976083 0.000066 
63 -159.966548 0.000000 3.065100 99.754437 -0.000072 6.978610 0.000035 
64 -69.152172 0.000000 -25.312545 99.726106 0.030832 6.991758 0.000582 
65 -99.423631 0.000000 -25.312545 99.746907 -0.001214 6.979456 0.000184 
66 -69.152172 0.000000 -53.690191 99.747956 0.038229 6.957227 0.000194 
67 -69.152172 0.000000 3.065100 99.733192 0.027913 6.981057 0.000455 
68 -23.744984 0.000000 -11.123723 99.523714 0.197239 6.911362 0.004722 
69 -38.880713 0.000000 -11.123723 99.676381 0.066698 6.917338 0.001677 
70 -23.744984 0.000000 -25.312545 99.626157 0.002649 6.887395 0.002719 
71 -23.744984 0.000000 3.065100 99.504748 0.301801 7.046854 0.004906 
72 51.933663 0.000000 31.442745 99.756022 0.145699 6.401633 0.000773 
73 82.205122 0.000000 31.442745 99.716359 0.064580 6.501963 0.001437 
74 51.933663 0.000000 59.820391 99.745608 0.057552 6.838818 0.000404 
75 6.526475 0.000000 17.253923 100.274035 0.196225 7.673446 -0.011380 
76 -8.609254 0.000000 17.253923 99.902861 -0.145812 7.592461 -0.003825 
77 21.662204 0.000000 17.253923 101.098807 0.056110 6.093583 -0.025810 
78 6.526475 0.000000 31.442745 100.134022 0.457979 7.016238 -0.007626 
79 -1.041390 0.000000 -4.029311 93.749330 0.253637 1.558774 0.120857 
80 -8.609254 0.000000 -4.029311 98.422603 0.025343 6.620652 0.026916 
81 -1.041390 0.000000 -11.123723 98.966951 -0.033962 5.337046 0.017706 
82 6.526475 0.000000 -4.029311 103.145273 -0.379383 -20.894555 -0.107567 
83 -1.041390 0.000000 3.065100 96.133552 0.340941 10.292710 0.065228 
84 36.797934 0.000000 -11.123723 99.189147 -0.035740 7.632585 0.010326 
85 36.797934 0.000000 -25.312545 99.906791 -0.318495 6.877702 -0.002877 
86 51.933663 0.000000 -11.123723 99.424675 -0.203294 6.374335 0.007406 
87 36.797934 0.000000 3.065100 104.523299 0.011727 3.979464 -0.094096 
88 14.094340 0.000000 -4.029311 90.437915 -0.438136 -2.030026 0.181667 
89 14.094340 0.000000 -11.123723 99.578574 0.304361 5.006592 0.005895 
90 21.662204 0.000000 -4.029311 113.590177 -0.034623 17.723949 -0.321687 
91 14.094340 0.000000 3.065100 106.466654 -0.303120 2.979716 -0.134412 
92 -159.966548 0.000000 59.820391 99.756788 0.000589 6.978749 -0.000012 
93 -220.509466 0.000000 59.820391 99.756566 0.000427 6.977358 -0.000006 
94 -159.966548 0.000000 116.575682 99.758402 0.001123 6.977718 -0.000043 
95 -69.152172 0.000000 31.442745 99.752063 0.025740 7.007893 0.000041 
96 -99.423631 0.000000 31.442745 99.753746 0.000106 6.983720 0.000042 
97 -69.152172 0.000000 59.820391 99.761212 0.000846 6.987264 -0.000112 
98 -23.744984 0.000000 17.253923 99.665871 0.318311 7.122741 0.001588 
99 -38.880713 0.000000 17.253923 99.685512 0.038580 6.969335 0.001423 
100 -23.744984 0.000000 31.442745 99.738203 0.171415 7.039323 0.000271 
101 -1.041390 0.000000 10.159511 99.130487 0.331962 8.506692 0.010067 
102 -8.609254 0.000000 10.159511 99.322413 0.003813 7.552368 0.007802 
103 6.526475 0.000000 10.159511 100.125096 0.223305 9.459370 -0.011456 
104 -1.041390 0.000000 17.253923 100.368789 0.082612 7.701834 -0.013322 
105 2.742543 0.000000 -0.482106 92.325455 -0.122319 27.201316 0.073608 
106 -1.041390 0.000000 -0.482106 88.356799 0.282714 12.284100 0.204210 
107 2.742543 0.000000 -4.029311 96.938762 -0.025819 0.580506 0.060254 
108 6.526475 0.000000 -0.482106 -11.104441 -0.382609 -0.753709 0.987598 
109 2.742543 0.000000 3.065100 95.174376 0.092977 14.372720 0.073525 
110 -16.177119 0.000000 -4.029311 99.128702 0.131609 7.385266 0.011894 
111 -23.744984 0.000000 -4.029311 99.483858 0.236389 6.977344 0.005422 
112 -16.177119 0.000000 -11.123723 99.231376 0.167399 7.026953 0.010373 
113 -16.177119 0.000000 3.065100 99.324322 0.116613 7.580499 0.007720 
114 -4.825322 0.000000 -0.482106 96.706120 -0.011306 7.060351 0.059808 
115 -8.609254 0.000000 -0.482106 98.330301 0.048859 7.014098 0.028195 
116 -4.825322 0.000000 -4.029311 97.163076 -0.040480 5.963199 0.052378 
117 -4.825322 0.000000 3.065100 97.585840 0.070966 7.803592 0.041610 
118 -38.880713 0.000000 -167.200773 99.750319 -0.003410 6.971134 0.000128 
119 -99.423631 0.000000 -167.200773 99.752047 -0.002097 6.974104 0.000089 
120 -38.880713 0.000000 -223.956064 99.752666 -0.002939 6.972689 0.000079 
121 21.662204 0.000000 -167.200773 99.749640 -0.005327 6.966665 0.000147 
122 -8.609254 0.000000 -82.067836 99.763863 -0.013743 6.938770 -0.000098 
123 -38.880713 0.000000 -82.067836 99.755218 0.032003 6.952483 0.000056 
124 -8.609254 0.000000 -110.445482 99.743211 -0.005821 6.961707 0.000283 
125 21.662204 0.000000 -82.067836 99.774558 -0.028284 6.937561 -0.000309 
126 6.526475 0.000000 -39.501368 99.809022 -0.317501 6.749471 -0.000750 
127 -8.609254 0.000000 -39.501368 99.774551 -0.100064 6.785454 -0.000101 
128 6.526475 0.000000 -53.690191 99.823824 -0.052527 6.875506 -0.001207 
129 21.662204 0.000000 -39.501368 99.845045 -0.494651 6.790042 -0.001538 
130 -1.041390 0.000000 -18.218134 98.887154 -0.057512 6.439161 0.017986 
131 -8.609254 0.000000 -18.218134 99.003287 0.032336 6.915413 0.015053 
132 -1.041390 0.000000 -25.312545 99.441194 -0.338025 6.654331 0.006705 
133 6.526475 0.000000 -18.218134 99.117247 0.136758 5.990251 0.013987 
134 2.742543 0.000000 -7.576517 98.237726 0.155282 3.562703 0.033663 
135 -1.041390 0.000000 -7.576517 97.929992 0.066257 4.581386 0.038872 
136 2.742543 0.000000 -11.123723 98.971293 0.199514 5.175537 0.017786 
137 6.526475 0.000000 -7.576517 99.912541 -0.136399 3.287998 0.000665 
138 0.850577 0.000000 -2.255709 97.820016 0.084909 -22.504638 -0.007522 
139 -1.041390 0.000000 -2.255709 81.313380 0.311060 2.180535 0.338328 
140 0.850577 0.000000 -4.029311 97.753882 0.126822 -2.023969 0.044007 
141 2.742543 0.000000 -2.255709 100.375989 -0.013085 6.026629 -0.011166 
142 0.850577 0.000000 -0.482106 89.291330 0.000721 35.848655 0.074193 
143 -4.825322 0.000000 -7.576517 98.189966 0.048584 5.827254 0.032477 
144 -8.609254 0.000000 -7.576517 98.797429 0.023605 6.285562 0.019956 
145 -4.825322 0.000000 -11.123723 99.046305 0.000696 5.873258 0.015533 
146 -2.933356 0.000000 -2.255709 94.065974 0.154526 6.103598 0.111431 
147 -4.825322 0.000000 -2.255709 96.713300 -0.047236 6.387805 0.060573 
148 -2.933356 0.000000 -4.029311 95.688976 0.032311 4.924998 0.081936 
149 -2.933356 0.000000 -0.482106 94.325856 0.222647 7.980256 0.103890 
150 0.850577 0.000000 -5.802914 97.395017 0.246116 2.503963 0.050788 
151 -1.041390 0.000000 -5.802914 96.798198 0.194116 3.723430 0.061621 
152 0.850577 0.000000 -7.576517 98.076259 0.183838 4.058847 0.036454 
153 2.742543 0.000000 -5.802914 98.016888 0.018417 1.813882 0.038940 
154 -0.095407 0.000000 -3.142510 99.543409 0.138704 -30.674539 -0.084984 
155 -1.041390 0.000000 -3.142510 89.500855 0.227909 0.070089 0.198954 
156 -0.095407 0.000000 -4.029311 94.585993 0.203721 -1.492898 0.105122 
157 0.850577 0.000000 -3.142510 101.803697 0.099481 -17.558835 -0.067232 
158 -0.095407 0.000000 -2.255709 50.918430 0.215234 -35.411107 0.615332 
159 36.797934 0.000000 17.253923 99.986815 0.184513 5.268012 -0.002515 
160 51.933663 0.000000 17.253923 99.512894 0.378765 5.468034 0.006714 
161 36.797934 0.000000 31.442745 99.955562 0.171323 6.415473 -0.003230 
162 14.094340 0.000000 10.159511 101.500355 0.489021 7.883628 -0.036471 
163 21.662204 0.000000 10.159511 102.664485 -0.095065 5.056128 -0.056557 
164 14.094340 0.000000 17.253923 101.391907 0.081360 7.067622 -0.033028 
165 2.742543 0.000000 6.612306 98.315706 0.073563 10.513890 0.022347 
166 -1.041390 0.000000 6.612306 98.159244 0.433222 9.185848 0.028020 
167 6.526475 0.000000 6.612306 99.876802 -0.038499 12.607581 -0.013433 
168 2.742543 0.000000 10.159511 99.081340 0.499954 8.955089 0.010244 
169 0.850577 0.000000 1.291497 93.084883 0.126151 14.867482 0.111415 
170 -1.041390 0.000000 1.291497 93.883278 0.301588 11.185490 0.106072 
171 2.742543 0.000000 1.291497 92.096848 0.050704 18.534225 0.117465 
172 0.850577 0.000000 3.065100 95.685833 0.144069 11.975015 0.070080 
173 -0.095407 0.000000 -1.368907 64.780884 0.021541 46.726830 0.362004 
174 -1.041390 0.000000 -1.368907 82.206499 0.311546 10.703039 0.312744 
175 0.850577 0.000000 -1.368907 85.131456 -0.005073 37.784416 0.132497 
176 -0.095407 0.000000 -0.482106 86.172372 0.013616 41.336680 0.086560 
177 10.310407 0.000000 -0.482106 -12.030769 -0.174472 0.381970 0.985508 
178 10.310407 0.000000 -4.029311 98.667111 -0.667716 11.849622 0.012394 
179 14.094340 0.000000 -0.482106 -9.368472 -0.054741 2.418093 0.990638 
180 10.310407 0.000000 3.065100 115.782292 -0.419848 12.103867 -0.355222 
181 4.634509 0.000000 -2.255709 94.314892 -0.083905 -8.851605 0.102634 
182 4.634509 0.000000 -4.029311 94.553913 -0.040057 -5.616729 0.102801 
183 6.526475 0.000000 -2.255709 96.052384 -0.294226 -33.169000 -0.032633 
184 4.634509 0.000000 -0.482106 88.859730 -0.364692 29.200641 0.125114 
185 1.796560 0.000000 -3.142510 103.332882 0.032910 0.244445 -0.067775 
186 1.796560 0.000000 -4.029311 98.606732 0.074949 -0.605805 0.027634 
187 2.742543 0.000000 -3.142510 99.754737 -0.010620 6.797870 0.000278 
188 1.796560 0.000000 -2.255709 103.349917 0.030941 0.116669 -0.068122 
189 1.796560 0.000000 -1.368907 91.873039 -0.010380 31.248788 0.058286 
190 2.742543 0.000000 -1.368907 92.702340 -0.119989 27.164474 0.066835 
191 1.796560 0.000000 -0.482106 92.061903 -0.046192 29.891097 0.063113 
192 4.634509 0.000000 1.291497 84.878096 -0.478937 35.096833 0.156369 
193 6.526475 0.000000 1.291497 82.086441 -0.132783 48.179181 0.094057 
194 4.634509 0.000000 3.065100 94.317413 -0.157349 18.071656 0.077762 
195 3.688526 0.000000 0.404696 90.457133 -0.285620 27.390747 0.106717 
196 2.742543 0.000000 0.404696 92.588946 -0.121804 27.192545 0.068784 
197 3.688526 0.000000 -0.482106 91.352490 -0.232332 27.192612 0.091523 
198 4.634509 0.000000 0.404696 87.096337 -0.419108 31.641955 0.141284 
199 3.688526 0.000000 1.291497 88.511941 -0.378974 29.194035 0.131320 
200 14.094340 0.000000 -18.218134 99.593860 -0.061348 5.971927 0.004540 
201 14.094340 0.000000 -25.312545 99.803611 -0.386974 6.537450 -0.000365 
202 21.662204 0.000000 -18.218134 99.993562 -0.155599 6.517811 -0.004122 
203 10.310407 0.000000 -7.576517 99.433920 -0.341894 4.642825 0.009122 
204 10.310407 0.000000 -11.123723 99.615380 -0.179987 5.310024 0.004855 
205 14.094340 0.000000 -7.576517 98.699577 -0.504911 3.398892 0.024659 
206 4.634509 0.000000 -5.802914 98.719224 -0.126013 0.279624 0.025442 
207 4.634509 0.000000 -7.576517 98.990555 -0.096691 2.962121 0.019209 
208 6.526475 0.000000 -5.802914 100.843207 -0.220741 0.575507 -0.016973 
209 8.418441 0.000000 -2.255709 -11.785628 -0.004998 -0.746006 0.986054 
210 8.418441 0.000000 -4.029311 108.318570 -0.407059 9.037406 -0.181475 
211 10.310407 0.000000 -2.255709 98.766336 -0.636788 11.374424 0.011543 
212 8.418441 0.000000 -0.482106 -11.494867 0.185120 -0.618631 0.986745 
213 5.580492 0.000000 -3.142510 94.184282 -0.261274 -27.118964 0.039381 
214 4.634509 0.000000 -3.142510 94.182929 -0.118897 -11.538191 0.099643 
215 5.580492 0.000000 -4.029311 97.737974 -0.247206 -10.174062 0.034372 
216 6.526475 0.000000 -3.142510 102.006500 -0.367134 -22.412103 -0.090776 
217 5.580492 0.000000 -2.255709 93.047472 -0.238969 -22.503122 0.083572 
218 10.310407 0.000000 6.612306 102.673376 0.344478 10.621672 -0.065476 
219 14.094340 0.000000 6.612306 101.987404 -0.872889 7.319402 -0.045577 
220 10.310407 0.000000 10.159511 101.149137 0.325148 9.014701 -0.031252 
221 8.418441 0.000000 1.291497 93.900144 -0.211677 49.596580 -0.127710 
222 10.310407 0.000000 1.291497 -11.486919 0.113339 0.469922 0.986782 
223 8.418441 0.000000 3.065100 100.872378 -0.309545 44.561363 -0.216105 
224 5.580492 0.000000 0.404696 83.636803 -0.365907 38.364423 0.153292 
225 5.580492 0.000000 -0.482106 84.888209 -0.478644 35.078502 0.156326 
226 6.526475 0.000000 0.404696 80.895126 -0.168976 45.287997 0.140495 
227 5.580492 0.000000 1.291497 82.703485 -0.310486 40.651797 0.150747 
228 8.418441 0.000000 -5.802914 101.269657 -0.463313 3.656668 -0.026913 
229 8.418441 0.000000 -7.576517 100.140004 -0.445110 4.418165 -0.004774 
230 10.310407 0.000000 -5.802914 99.115510 -0.591602 5.008278 0.015068 
231 7.472458 0.000000 -3.142510 109.517985 -0.447645 -1.066146 -0.199553 
232 7.472458 0.000000 -4.029311 109.865819 -0.464120 -3.920096 -0.208608 
233 8.418441 0.000000 -3.142510 106.284707 -0.444125 11.213931 -0.142239 
234 7.472458 0.000000 -2.255709 -11.400498 0.006118 -0.415404 0.986986 
235 8.418441 0.000000 4.838703 102.545493 0.154397 16.990522 -0.080428 
236 6.526475 0.000000 4.838703 99.038714 -0.218115 16.378601 -0.007697 
237 10.310407 0.000000 4.838703 106.470218 -0.207023 12.034867 -0.148079 
238 8.418441 0.000000 6.612306 101.539769 0.010665 12.402543 -0.046415 
239 7.472458 0.000000 2.178299 88.688909 -0.166025 50.653683 -0.043155 
240 6.526475 0.000000 2.178299 84.436837 -0.089962 50.399125 0.033034 
241 7.472458 0.000000 1.291497 85.336076 -0.083426 48.546574 0.036098 
242 8.418441 0.000000 2.178299 96.823004 -0.258833 47.403919 -0.162189 
243 7.472458 0.000000 3.065100 93.313004 -0.283535 51.186216 -0.132743 
244 29.230069 0.000000 -4.029311 98.386853 -0.384575 12.249705 0.016982 
245 29.230069 0.000000 -11.123723 100.509455 0.058127 7.717886 -0.016172 
246 36.797934 0.000000 -4.029311 96.945542 -0.244674 11.301796 0.047377 
247 29.230069 0.000000 3.065100 110.207042 -0.069546 -0.304901 -0.214569 
248 17.878272 0.000000 -0.482106 -7.926720 0.287116 0.937693 0.993621 
249 17.878272 0.000000 -4.029311 104.665312 0.378641 -16.196960 -0.121731 
250 21.662204 0.000000 -0.482106 -9.873789 -0.063579 -0.662404 0.990207 
251 17.878272 0.000000 3.065100 106.188194 0.181141 0.476596 -0.127619 
252 12.202374 0.000000 -2.255709 95.866384 -0.513211 1.116185 0.080813 
253 12.202374 0.000000 -4.029311 95.378496 -0.502063 0.062891 0.090269 
254 14.094340 0.000000 -2.255709 89.307107 -0.417012 -1.847439 0.202065 
255 12.202374 0.000000 -0.482106 -11.605692 -0.418814 1.842937 0.986174 
256 9.364424 0.000000 -3.142510 102.045309 -0.539349 14.294583 -0.061787 
257 9.364424 0.000000 -4.029311 102.841751 -0.488631 14.664173 -0.079170 
258 10.310407 0.000000 -3.142510 98.798203 -0.653599 11.588642 0.010419 
259 9.364424 0.000000 -2.255709 102.859302 -0.524670 15.048042 -0.080675 
260 12.202374 0.000000 1.291497 -10.421383 -0.344368 0.762602 0.989069 
261 14.094340 0.000000 1.291497 -8.932285 -0.091345 1.163542 0.991885 
262 12.202374 0.000000 3.065100 109.147003 -0.775609 -1.598170 -0.191622 
263 9.364424 0.000000 2.178299 105.681887 -0.387348 41.261094 -0.287129 
264 9.364424 0.000000 1.291497 -11.295335 0.107785 0.206728 0.987236 
265 10.310407 0.000000 2.178299 116.474912 -0.404661 11.542482 -0.369980 
266 9.364424 0.000000 3.065100 110.466203 -0.414660 31.729574 -0.320972 
267 17.878272 0.000000 -7.576517 101.396895 -0.532225 1.980794 -0.028554 
268 17.878272 0.000000 -11.123723 100.304900 0.211776 5.458856 -0.009092 
269 21.662204 0.000000 -7.576517 103.318081 -0.003348 6.080018 -0.071159 
270 12.202374 0.000000 -5.802914 97.589139 -0.354561 3.791576 0.046186 
271 12.202374 0.000000 -7.576517 98.652397 -0.401116 4.327467 0.024882 
272 14.094340 0.000000 -5.802914 97.448267 -0.138661 1.012548 0.050279 
273 11.256390 0.000000 -3.142510 97.535098 -0.608106 6.060405 0.044981 
274 11.256390 0.000000 -4.029311 97.108443 -0.629573 4.389603 0.055029 
275 12.202374 0.000000 -3.142510 96.205741 -0.531275 1.918125 0.074049 
276 11.256390 0.000000 -2.255709 97.258352 -0.553250 4.176428 0.052306 
277 29.230069 0.000000 10.159511 100.576622 0.155075 3.680081 -0.012922 
278 36.797934 0.000000 10.159511 99.770454 0.371511 4.701706 0.002361 
279 29.230069 0.000000 17.253923 100.579738 0.201592 5.351719 -0.014497 
280 17.878272 0.000000 6.612306 101.993724 -0.089730 6.076988 -0.043966 
281 21.662204 0.000000 6.612306 102.419430 -0.452756 3.986011 -0.050583 
282 17.878272 0.000000 10.159511 101.539919 -0.436859 6.372436 -0.035115 
283 12.202374 0.000000 4.838703 104.266294 -0.334756 7.126514 -0.092236 
284 14.094340 0.000000 4.838703 102.776510 -0.669667 6.532370 -0.060613 
285 12.202374 0.000000 6.612306 102.762448 -0.172475 8.597934 -0.063407 
286 11.256390 0.000000 2.178299 111.243410 -0.562953 -3.960356 -0.239110 
287 11.256390 0.000000 1.291497 -11.063937 -0.247308 0.588416 0.987718 
288 12.202374 0.000000 2.178299 107.624888 -0.923690 0.640526 -0.158438 
289 11.256390 0.000000 3.065100 112.390985 -0.530365 -0.995289 -0.263301 
290 15.986306 0.000000 1.291497 -8.443096 -0.001199 1.107202 0.992749 
291 15.986306 0.000000 -0.482106 -7.921467 0.086032 1.653392 0.993451 
292 17.878272 0.000000 1.291497 -8.283568 0.294707 0.952143 0.993039 
293 15.986306 0.000000 3.065100 106.229588 -0.027366 2.213437 -0.128963 
294 15.986306 0.000000 4.838703 102.992755 -0.269823 5.994293 -0.064351 
295 17.878272 0.000000 4.838703 103.061454 0.364511 4.975051 -0.064655 
296 15.986306 0.000000 6.612306 101.853797 -0.602813 6.875679 -0.042183 
297 15.040323 0.000000 2.178299 106.281766 -0.110283 3.138003 -0.130567 
298 14.094340 0.000000 2.178299 106.558013 -0.383916 2.807817 -0.136264 
299 15.040323 0.000000 1.291497 -8.412659 0.037629 1.154572 0.992789 
300 15.986306 0.000000 2.178299 106.224632 -0.001289 2.009761 -0.128771 
301 15.040323 0.000000 3.065100 106.281834 -0.123710 3.093704 -0.130541 
302 25.446137 0.000000 -0.482106 -15.073500 0.131353 -3.712509 0.975899 
303 25.446137 0.000000 -4.029311 106.851058 -0.290780 23.532149 -0.197100 
304 29.230069 0.000000 -0.482106 -27.271834 -0.264936 -0.875198 0.925541 
305 25.446137 0.000000 3.065100 106.999524 0.076797 -4.221457 -0.146672 
306 19.770238 0.000000 1.291497 -8.860499 0.131940 0.269514 0.992140 
307 19.770238 0.000000 -0.482106 -8.711759 -0.098988 0.054567 0.992409 
308 21.662204 0.000000 1.291497 -9.962495 -0.127942 0.175763 0.990070 
309 19.770238 0.000000 3.065100 106.390831 0.086505 0.481552 -0.131925 
310 25.446137 0.000000 6.612306 102.408720 0.061916 2.230962 -0.049253 
311 29.230069 0.000000 6.612306 101.294311 -0.148526 1.732468 -0.026356 
312 25.446137 0.000000 10.159511 101.720104 -0.149151 3.954139 -0.036264 
313 19.770238 0.000000 4.838703 102.709763 0.295146 4.273184 -0.056764 
314 21.662204 0.000000 4.838703 103.467630 0.155815 3.973773 -0.072137 
315 19.770238 0.000000 6.612306 102.024420 -0.453487 5.367868 -0.043800 
316 18.824255 0.000000 2.178299 106.236711 0.053285 0.455297 -0.128645 
317 17.878272 0.000000 2.178299 106.165011 0.240819 0.432906 -0.127126 
318 18.824255 0.000000 1.291497 -8.628876 0.047318 0.403833 0.992538 
319 19.770238 0.000000 2.178299 106.414634 0.100658 0.371092 -0.132422 
320 18.824255 0.000000 3.065100 106.224970 0.064115 0.358334 -0.128388 
321 23.554171 0.000000 1.291497 -11.554228 0.015737 -1.301098 0.986481 
322 23.554171 0.000000 -0.482106 -11.615015 0.003720 -2.299004 0.985981 
323 25.446137 0.000000 1.291497 -14.302076 0.261309 -1.672346 0.979259 
324 23.554171 0.000000 3.065100 107.645656 -0.077412 -0.877859 -0.158836 
325 23.554171 0.000000 4.838703 104.017258 0.124391 1.798118 -0.082284 
326 25.446137 0.000000 4.838703 103.553770 0.177732 0.304076 -0.072351 
327 23.554171 0.000000 6.612306 102.655591 0.038483 3.295504 -0.054903 
328 22.608188 0.000000 2.178299 107.380477 -0.101233 0.348613 -0.153070 
329 21.662204 0.000000 2.178299 106.919365 -0.029107 0.418240 -0.143193 
330 22.608188 0.000000 1.291497 -10.554280 -0.214195 -1.043915 0.988747 
331 23.554171 0.000000 2.178299 107.697433 -0.071462 -1.278976 -0.160038 
332 22.608188 0.000000 3.065100 107.293901 -0.094526 0.335192 -0.151210 
333 82.205122 0.000000 -167.200773 99.750711 -0.007417 6.962376 0.000132 
334 82.205122 0.000000 -223.956064 99.752843 -0.005316 6.968620 0.000081 
335 142.748040 0.000000 -167.200773 99.752759 -0.009030 6.959964 0.000095 
336 51.933663 0.000000 -82.067836 99.756067 -0.048157 6.933088 0.000066 
337 51.933663 0.000000 -110.445482 99.743590 -0.010276 6.948658 0.000293 
338 82.205122 0.000000 -82.067836 99.750592 -0.033546 6.923634 0.000188 
339 36.797934 0.000000 -39.501368 99.871273 -0.461661 6.844218 -0.002133 
340 36.797934 0.000000 -53.690191 99.864740 -0.096869 6.911791 -0.002075 
341 51.933663 0.000000 -39.501368 99.925782 -0.373167 6.922882 -0.003323 
342 29.230069 0.000000 -18.218134 99.921054 -0.162204 6.868908 -0.003143 
343 29.230069 0.000000 -25.312545 99.968210 -0.313505 6.756130 -0.003939 
344 36.797934 0.000000 -18.218134 99.881786 -0.524449 7.141530 -0.002765 
345 25.446137 0.000000 -7.576517 101.556228 -0.482846 9.407970 -0.040241 
346 25.446137 0.000000 -11.123723 101.056095 0.411633 7.250692 -0.026508 
347 29.230069 0.000000 -7.576517 99.825207 0.176801 9.189741 -0.004955 
348 203.290957 0.000000 -53.690191 99.760800 -0.029769 6.858368 0.000074 
349 203.290957 0.000000 -110.445482 99.755204 -0.015542 6.940154 0.000073 
350 263.833875 0.000000 -53.690191 99.761885 -0.028556 6.871492 0.000035 
351 203.290957 0.000000 3.065100 99.842062 -0.145105 5.715307 -0.000112 
352 112.476581 0.000000 -25.312545 99.765617 -0.069885 6.571247 0.000364 
353 112.476581 0.000000 -53.690191 99.749049 0.012314 6.840574 0.000333 
354 142.748040 0.000000 -25.312545 99.772790 -0.054984 6.595672 0.000188 
355 112.476581 0.000000 3.065100 99.791725 -0.242186 6.154839 0.000367 
356 67.069393 0.000000 -11.123723 99.684312 -0.109214 6.143048 0.002529 
357 67.069393 0.000000 -25.312545 99.731122 -0.047288 6.650979 0.000947 
358 82.205122 0.000000 -11.123723 99.784577 -0.167550 6.179492 0.000482 
359 67.069393 0.000000 3.065100 99.603162 -0.262686 6.250769 0.004007 
360 44.365799 0.000000 -4.029311 97.649569 -0.285690 6.948400 0.041620 
361 44.365799 0.000000 -11.123723 99.048583 -0.236283 6.805481 0.014301 
362 51.933663 0.000000 -4.029311 98.994019 -0.311975 5.925499 0.016498 
363 44.365799 0.000000 3.065100 95.721012 -1.124234 3.960683 0.082054 
364 33.014001 0.000000 -0.482106 104.198163 0.048685 21.890788 -0.133647 
365 33.014001 0.000000 -4.029311 98.754909 -0.134383 13.465115 0.006614 
366 36.797934 0.000000 -0.482106 101.380499 0.146141 25.437144 -0.092508 
367 33.014001 0.000000 3.065100 87.010425 -0.048084 -21.082416 0.198472 
368 27.338103 0.000000 -2.255709 95.935282 -0.136782 21.003224 0.035527 
369 25.446137 0.000000 -2.255709 97.383777 0.063517 45.935954 -0.159372 
370 27.338103 0.000000 -4.029311 95.960481 -0.423050 15.484786 0.055163 
371 29.230069 0.000000 -2.255709 99.091576 -0.448997 13.298955 0.000380 
372 27.338103 0.000000 -0.482106 -21.364574 -0.370815 -4.073622 0.952682 
373 23.554171 0.000000 -2.255709 -12.445141 -0.053248 -2.297538 0.983984 
374 21.662204 0.000000 -2.255709 -10.665934 -0.095848 -1.086423 0.988505 
375 23.554171 0.000000 -4.029311 110.891511 -0.282100 11.782281 -0.243583 
376 33.014001 0.000000 -7.576517 99.035172 0.249502 8.944587 0.011197 
377 33.014001 0.000000 -11.123723 99.768768 -0.690388 7.825564 -0.001552 
378 36.797934 0.000000 -7.576517 98.580774 -0.324501 8.651094 0.020688 
379 27.338103 0.000000 -5.802914 99.865606 -0.470328 11.887757 -0.011468 
380 25.446137 0.000000 -5.802914 102.570548 -0.331100 12.791542 -0.068445 
381 27.338103 0.000000 -7.576517 100.441298 -0.513361 9.543469 -0.017980 
382 29.230069 0.000000 -5.802914 99.193757 0.234495 10.884279 0.004208 
383 26.392120 0.000000 -3.142510 93.690541 0.082616 22.126351 0.073250 
384 25.446137 0.000000 -3.142510 102.898393 0.043069 47.926630 -0.288504 
385 26.392120 0.000000 -4.029311 97.410150 -0.418860 21.377136 0.005411 
386 27.338103 0.000000 -3.142510 94.227484 0.009736 21.745017 0.064834 
387 26.392120 0.000000 -2.255709 91.515341 0.083584 21.422972 0.116599 
388 23.554171 0.000000 -5.802914 104.939311 -0.170753 10.769937 -0.112828 
389 21.662204 0.000000 -5.802914 106.352821 -0.476420 7.313022 -0.136463 
390 23.554171 0.000000 -7.576517 102.557984 -0.022186 8.345436 -0.058779 
391 24.500154 0.000000 -3.142510 114.832605 -0.060035 15.824409 -0.343694 
392 23.554171 0.000000 -3.142510 110.969502 -0.268997 11.459956 -0.244563 
393 24.500154 0.000000 -4.029311 112.476016 -0.064630 15.421903 -0.288869 
394 24.500154 0.000000 -2.255709 -12.758657 -0.050764 -3.721958 0.982336 
395 27.338103 0.000000 1.291497 -19.093698 -0.363756 0.432074 0.963511 
396 29.230069 0.000000 1.291497 -26.291892 -0.070948 1.534854 0.930638 
397 27.338103 0.000000 3.065100 98.816860 -0.066567 0.120296 0.023521 
398 26.392120 0.000000 -1.368907 93.363098 0.082739 21.960728 0.080105 
399 25.446137 0.000000 -1.368907 -15.613635 0.108135 -4.038040 0.973990 
400 27.338103 0.000000 -1.368907 94.994748 -0.111002 20.903818 0.053902 
401 26.392120 0.000000 -0.482106 -17.175605 0.206574 -4.317970 0.968631 
402 25.919128 0.000000 -2.699109 72.706657 0.092022 45.957208 0.260167 
403 25.446137 0.000000 -2.699109 97.790503 0.054101 54.411107 -0.252355 
404 25.919128 0.000000 -3.142510 97.050563 0.061536 46.694354 -0.159918 
405 26.392120 0.000000 -2.699109 91.030489 0.083814 21.262438 0.126135 
406 25.919128 0.000000 -2.255709 90.640178 0.084159 21.102175 0.133905 
407 31.122035 0.000000 -2.255709 103.223296 -0.096175 16.231610 -0.091852 
408 31.122035 0.000000 -4.029311 99.511909 -0.022004 12.766886 -0.006561 
409 33.014001 0.000000 -2.255709 102.706800 0.032291 25.726716 -0.121055 
410 31.122035 0.000000 -0.482106 103.099777 -0.018381 17.941850 -0.095147 
411 28.284086 0.000000 -3.142510 97.679689 -0.429389 19.183085 0.009050 
412 28.284086 0.000000 -4.029311 97.140831 -0.499219 13.430455 0.038303 
413 29.230069 0.000000 -3.142510 99.020505 -0.455686 13.768156 0.000517 
414 28.284086 0.000000 -2.255709 97.607193 -0.402471 19.311888 0.009972 
415 26.865111 0.000000 -2.699109 94.498809 0.080494 22.474519 0.056486 
416 26.865111 0.000000 -3.142510 93.803253 0.082469 22.179889 0.070900 
417 27.338103 0.000000 -2.699109 95.004265 -0.066083 21.344442 0.051860 
418 26.865111 0.000000 -2.255709 94.747903 0.047202 22.300645 0.052551 
419 24.500154 0.000000 -1.368907 -13.213577 -0.017036 -3.693073 0.981176 
420 23.554171 0.000000 -1.368907 -11.772235 -0.046951 -2.598598 0.985466 
421 24.500154 0.000000 -0.482106 -12.978264 0.125938 -3.198616 0.982132 
422 25.919128 0.000000 -1.812308 95.065000 0.084761 22.910470 0.043775 
423 25.446137 0.000000 -1.812308 -16.693805 0.091824 -4.820934 0.969807 
424 26.392120 0.000000 -1.812308 93.573653 0.082702 22.068647 0.075694 
425 25.919128 0.000000 -1.368907 96.292772 0.072804 23.147826 0.019187 
426 26.155624 0.000000 -2.477409 83.353110 0.089463 26.587619 0.234535 
427 25.919128 0.000000 -2.477409 83.633513 0.082299 38.658925 0.151092 
428 26.155624 0.000000 -2.699109 81.917503 0.088978 30.841145 0.233834 
429 26.392120 0.000000 -2.477409 91.226131 0.083662 21.331425 0.122276 
430 26.155624 0.000000 -2.255709 90.843288 0.084046 21.181381 0.129884 
431 24.973145 0.000000 -2.699109 107.241178 0.032316 39.844696 -0.308827 
432 24.500154 0.000000 -2.699109 114.918153 -0.057786 15.967991 -0.346116 
433 24.973145 0.000000 -3.142510 109.172075 0.029208 36.185536 -0.322794 
434 24.973145 0.000000 -2.255709 -13.388000 0.061624 -5.029060 0.979547 
435 25.682633 0.000000 -2.477409 89.366971 0.072933 43.735103 0.010078 
436 25.446137 0.000000 -2.477409 97.730807 0.053751 53.161308 -0.237744 
437 25.682633 0.000000 -2.699109 84.969039 0.077914 44.339280 0.081428 
438 25.682633 0.000000 -2.255709 96.127023 0.075158 35.605356 -0.050815 
439 26.392120 0.000000 -4.916113 100.147624 -0.413562 15.920236 -0.028317 
440 25.446137 0.000000 -4.916113 103.760202 -0.220457 16.383261 -0.103464 
441 26.392120 0.000000 -5.802914 100.863764 -0.651951 12.800114 -0.033777 
442 27.338103 0.000000 -4.916113 98.541126 -0.529311 13.866818 0.009708 
443 25.919128 0.000000 -3.585911 97.366143 0.063667 45.567627 -0.155658 
444 25.446137 0.000000 -3.585911 106.459586 0.037390 41.178658 -0.302933 
445 25.919128 0.000000 -4.029311 101.275690 -0.223070 23.842368 -0.082527 
446 26.392120 0.000000 -3.585911 95.084435 0.084572 22.914227 0.043388 
447 26.155624 0.000000 -2.920810 87.941874 0.080148 35.941988 0.097439 
448 25.919128 0.000000 -2.920810 84.440193 0.079334 42.951800 0.102499 
449 26.155624 0.000000 -3.142510 96.094561 0.075437 34.963198 -0.045660 
450 26.392120 0.000000 -2.920810 91.098622 0.083863 21.277071 0.124832 
451 26.037376 0.000000 -2.588259 80.754802 0.090819 29.545641 0.260571 
452 25.919128 0.000000 -2.588259 82.013014 0.085863 35.342599 0.202476 
453 26.037376 0.000000 -2.699109 81.247668 0.089528 29.719027 0.251559 
454 26.155624 0.000000 -2.588259 82.095855 0.088931 30.500605 0.232998 
455 26.037376 0.000000 -2.477409 81.867518 0.088573 31.893112 0.228053 
456 203.290957 0.000000 59.820391 99.770867 0.054343 6.764347 0.000001 
457 263.833875 0.000000 59.820391 99.773443 0.061326 6.728675 -0.000002 
458 203.290957 0.000000 116.575682 99.761305 0.021432 6.925628 -0.000028 
459 112.476581 0.000000 31.442745 99.782870 0.114487 6.386958 0.000257 
460 142.748040 0.000000 31.442745 99.799554 0.131720 6.298625 0.000036 
461 112.476581 0.000000 59.820391 99.768859 0.053672 6.798801 -0.000005 
462 67.069393 0.000000 17.253923 99.698061 0.188428 5.568448 0.002925 
463 82.205122 0.000000 17.253923 99.758248 0.381742 5.491627 0.001799 
464 67.069393 0.000000 31.442745 99.630193 0.301647 6.547151 0.003087 
465 44.365799 0.000000 10.159511 99.069526 2.185918 2.728656 0.017301 
466 51.933663 0.000000 10.159511 99.281249 -6.092159 7.319149 0.005255 
467 44.365799 0.000000 17.253923 99.563608 0.317449 5.266243 0.005925 
468 33.014001 0.000000 6.612306 99.866719 0.135820 1.649297 0.002390 
469 36.797934 0.000000 6.612306 98.122931 -0.000000 2.496263 0.036566 
470 33.014001 0.000000 10.159511 100.036237 -0.120278 3.673945 -0.002076 
471 31.122035 0.000000 1.291497 101.488166 -0.350628 -1.535673 -0.030233 
472 33.014001 0.000000 1.291497 106.040796 -0.167162 6.484899 -0.128673 
473 31.122035 0.000000 3.065100 109.082950 -0.075795 -20.547251 -0.232129 
474 27.338103 0.000000 4.838703 102.116712 -0.221924 0.566871 -0.042819 
475 29.230069 0.000000 4.838703 101.764603 -0.242075 1.098522 -0.035730 
476 27.338103 0.000000 6.612306 101.901657 -0.406541 1.722245 -0.038708 
477 28.284086 0.000000 2.178299 98.702060 -0.156602 12.822766 0.009346 
478 27.338103 0.000000 2.178299 104.262498 -0.027557 -4.772794 -0.089345 
479 28.284086 0.000000 1.291497 -22.073115 -0.201236 1.840812 0.950935 
480 29.230069 0.000000 2.178299 105.499255 -0.158516 5.730669 -0.116296 
481 28.284086 0.000000 3.065100 86.218474 -0.054499 17.135605 0.227274 
482 31.122035 0.000000 4.838703 99.907601 -0.000000 1.252998 0.001690 
483 33.014001 0.000000 4.838703 97.499099 -0.123335 -0.764501 0.049333 
484 31.122035 0.000000 6.612306 100.413939 0.067473 1.590658 -0.008549 
485 30.176052 0.000000 2.178299 104.449222 -0.284550 2.399999 -0.091548 
486 30.176052 0.000000 1.291497 -27.224027 -0.077039 0.079004 0.925884 
487 31.122035 0.000000 2.178299 101.443227 -0.340502 -1.105775 -0.029207 
488 30.176052 0.000000 3.065100 165.659914 -0.046958 -4.421167 -1.746276 
489 28.284086 0.000000 3.951901 96.422499 -0.080352 22.535457 0.019485 
490 27.338103 0.000000 3.951901 105.282389 0.089630 -4.922378 -0.110862 
491 29.230069 0.000000 3.951901 106.745429 -0.039850 7.382099 -0.144908 
492 28.284086 0.000000 4.838703 101.586238 -0.382267 1.267017 -0.032152 
493 28.757078 0.000000 2.621699 104.783368 -0.141437 30.921145 -0.193569 
494 28.284086 0.000000 2.621699 95.840230 -0.131598 15.481422 0.057496 
495 28.757078 0.000000 2.178299 102.995449 -0.144845 10.803401 -0.072480 
496 29.230069 0.000000 2.621699 98.271122 -0.140369 1.221838 0.034127 
497 28.757078 0.000000 3.065100 105.680027 -0.087767 35.120740 -0.240174 
498 26.392120 0.000000 2.178299 106.017458 0.073728 -4.797690 -0.126272 
499 25.446137 0.000000 2.178299 107.211319 0.059074 -4.225529 -0.151213 
500 26.392120 0.000000 1.291497 -16.479133 0.079138 -1.477689 0.972625 
501 26.392120 0.000000 3.065100 105.967150 0.082798 -4.683414 -0.125098 
502 27.811094 0.000000 2.621699 96.741063 -0.093741 5.333299 0.061271 
503 27.338103 0.000000 2.621699 99.927546 -0.073269 -1.823579 0.001115 
504 27.811094 0.000000 2.178299 94.554246 -0.107118 4.719888 0.103721 
505 27.811094 0.000000 3.065100 94.970029 -0.097585 7.211433 0.092868 
506 30.176052 0.000000 3.951901 104.079486 -0.052553 -2.320877 -0.083793 
507 31.122035 0.000000 3.951901 101.886070 -0.033153 -5.675320 -0.041298 
508 30.176052 0.000000 4.838703 101.805062 -0.180481 0.053293 -0.036431 
509 28.757078 0.000000 3.508501 102.581796 -0.079096 11.958063 -0.066603 
510 28.284086 0.000000 3.508501 95.007495 -0.089055 18.405398 0.063481 
511 29.230069 0.000000 3.508501 103.316938 -0.061477 5.235521 -0.070180 
512 28.757078 0.000000 3.951901 102.526680 -0.048191 11.801442 -0.065100 
513 28.520582 0.000000 2.843400 102.365218 -0.107906 24.730392 -0.109024 
514 28.284086 0.000000 2.843400 94.378144 -0.092288 18.283484 0.075847 
515 28.520582 0.000000 2.621699 105.745416 -0.107025 12.381310 -0.133540 
516 28.757078 0.000000 2.843400 104.045978 -0.102413 56.905993 -0.406387 
517 28.520582 0.000000 3.065100 89.862422 -0.040482 27.161180 0.118701 
518 29.703061 0.000000 2.621699 100.995038 -0.122113 3.235622 -0.021048 
519 29.703061 0.000000 2.178299 101.712753 -0.165944 -4.125204 -0.036253 
520 30.176052 0.000000 2.621699 207.896000 -0.158711 -37.197295 -3.460441 
521 29.703061 0.000000 3.065100 100.167182 -0.045842 0.283198 -0.003355 
522 28.993573 0.000000 2.843400 101.271051 -0.110865 40.313117 -0.188099 
523 28.993573 0.000000 2.621699 100.715363 -0.155386 22.576762 -0.065332 
524 29.230069 0.000000 2.843400 97.720090 -0.124035 10.570438 0.033903 
525 28.993573 0.000000 3.065100 112.934284 -0.096033 23.527384 -0.330770 
526 26.392120 0.000000 3.951901 105.682252 0.088308 -4.752347 -0.119133 
527 25.446137 0.000000 3.951901 107.081469 0.068340 -4.210311 -0.148417 
528 26.392120 0.000000 4.838703 102.737078 -0.265682 0.156552 -0.055500 
529 27.811094 0.000000 3.508501 93.089870 -0.079002 11.666850 0.119815 
530 27.338103 0.000000 3.508501 97.707160 -0.016803 0.420815 0.045313 
531 27.811094 0.000000 3.951901 87.639514 -0.086361 11.584379 0.218511 
532 28.520582 0.000000 3.286800 96.962351 -0.071201 17.570316 0.028958 
533 28.284086 0.000000 3.286800 93.623299 -0.069693 17.461092 0.092978 
534 28.757078 0.000000 3.286800 103.050610 -0.065846 15.435822 -0.085770 
535 28.520582 0.000000 3.508501 99.838209 -0.068452 14.595799 -0.018071 
536 28.638830 0.000000 2.954250 104.928337 -0.068569 43.171994 -0.287378 
537 28.520582 0.000000 2.954250 101.010735 -0.085862 26.075335 -0.088310 
538 28.638830 0.000000 2.843400 100.962336 -0.150504 56.342124 -0.336785 
539 28.757078 0.000000 2.954250 104.791803 -0.090810 49.632000 -0.344467 
540 28.638830 0.000000 3.065100 103.291632 -0.053063 38.227685 -0.213052 
541 28.047590 0.000000 2.843400 89.935764 -0.116486 0.153991 0.191152 
542 27.811094 0.000000 2.843400 88.662387 -0.123647 -20.773077 0.170745 
543 28.047590 0.000000 2.621699 97.317320 -0.110488 11.310886 0.040139 
544 28.047590 0.000000 3.065100 91.848724 -0.048541 16.136117 0.130344 
545 26.865111 0.000000 2.621699 105.394167 0.083041 -5.011080 -0.113305 
546 26.392120 0.000000 2.621699 105.975789 0.081452 -4.701297 -0.125298 
547 26.865111 0.000000 2.178299 105.489577 0.077374 -5.073609 -0.115380 
548 26.865111 0.000000 3.065100 105.269184 0.090479 -4.934106 -0.110595 
549 27.574599 0.000000 2.843400 98.098197 -0.186733 0.638753 0.037630 
550 27.338103 0.000000 2.843400 99.052805 -0.068874 -0.161944 0.018851 
551 27.574599 0.000000 2.621699 97.971411 -0.088638 0.776563 0.040099 
552 27.574599 0.000000 3.065100 97.786103 -0.082493 3.675811 0.042436 
553 28.047590 0.000000 3.286800 94.467395 -0.072523 15.136537 0.084679 
554 27.811094 0.000000 3.286800 92.611671 -0.079822 11.763117 0.128470 
555 28.047590 0.000000 3.508501 96.417219 -0.074616 14.570582 0.049141 
556 27.929342 0.000000 2.954250 88.779544 -0.096710 -6.025512 0.208188 
557 27.811094 0.000000 2.954250 88.530374 -0.118026 -19.645188 0.177643 
558 27.929342 0.000000 2.843400 88.864690 -0.121702 -13.159868 0.192987 
559 28.047590 0.000000 2.954250 89.699073 -0.107810 1.703678 0.195116 
560 27.929342 0.000000 3.065100 93.599268 -0.071950 9.080040 0.115672 
561 26.865111 0.000000 3.508501 105.441414 0.080232 -5.041359 -0.114331 
562 26.392120 0.000000 3.508501 106.013865 0.075133 -4.770557 -0.126170 
563 26.865111 0.000000 3.951901 105.280134 0.089765 -4.921204 -0.110813 
564 27.574599 0.000000 3.286800 97.295980 -0.076294 4.749096 0.051093 
565 27.338103 0.000000 3.286800 96.582341 -0.011280 3.092266 0.066229 
566 27.574599 0.000000 3.508501 92.395527 -0.042649 6.978983 0.141436 
567 27.692847 0.000000 2.954250 91.294163 -0.147848 -16.436486 0.139520 
568 27.574599 0.000000 2.954250 97.999708 -0.189297 0.699004 0.039553 
569 27.692847 0.000000 2.843400 91.381747 -0.145298 -16.449099 0.137878 
570 27.692847 0.000000 3.065100 96.922332 -0.086392 4.785164 0.058316 
571 28.284086 0.000000 0.404696 -23.290033 -0.232155 -0.840145 0.945681 
572 27.338103 0.000000 0.404696 -20.176160 -0.354510 -1.933918 0.958906 
573 28.284086 0.000000 -0.482106 -24.283252 -0.225175 -2.918596 0.940175 
574 29.230069 0.000000 0.404696 -25.988535 -0.133850 -0.033194 0.932458 
575 27.811094 0.000000 1.734898 101.911308 -0.311664 -4.026154 -0.040222 
576 27.338103 0.000000 1.734898 105.290202 0.089163 -4.926447 -0.111030 
577 27.811094 0.000000 1.291497 -20.564621 -0.217009 1.026799 0.957599 
578 28.284086 0.000000 1.734898 101.899625 -0.311895 -4.024640 -0.039983 
579 28.047590 0.000000 2.399999 98.697877 -0.116613 10.173619 0.015521 
580 27.811094 0.000000 2.399999 95.886683 -0.080816 7.885838 0.074355 
581 28.047590 0.000000 2.178299 94.292492 -0.154571 10.174331 0.100539 
582 28.284086 0.000000 2.399999 97.741292 -0.148070 13.832040 0.025529 
583 27.929342 0.000000 2.732549 94.532719 -0.079361 8.022361 0.099920 
584 27.811094 0.000000 2.732549 96.547571 -0.093582 5.382060 0.064959 
585 27.929342 0.000000 2.621699 98.574646 -0.114547 7.421694 0.022794 
586 28.047590 0.000000 2.732549 92.991243 -0.100034 10.611834 0.124001 
587 27.870218 0.000000 2.898825 84.613452 -0.086550 -20.502181 0.242022 
588 27.811094 0.000000 2.898825 86.689911 -0.130491 -30.696683 0.154256 
589 27.870218 0.000000 2.843400 88.254380 -0.119239 -17.259416 0.191326 
590 27.929342 0.000000 2.898825 85.280971 -0.075438 -27.603275 0.196521 
591 27.870218 0.000000 2.954250 88.083780 -0.114472 -16.495207 0.196914 
592 27.574599 0.000000 2.399999 96.701135 -0.069931 2.785200 0.064113 
593 27.338103 0.000000 2.399999 101.370298 -0.059529 -2.758060 -0.028355 
594 27.574599 0.000000 2.178299 98.376921 -0.078303 -0.231636 0.032192 
595 27.692847 0.000000 2.732549 97.489478 -0.091058 4.040793 0.047947 
596 27.574599 0.000000 2.732549 98.196345 -0.086343 3.086581 0.034794 
597 27.692847 0.000000 2.621699 97.508503 -0.089994 4.230373 0.047419 
598 27.870218 0.000000 2.787975 90.038309 -0.093375 -4.867336 0.186940 
599 27.811094 0.000000 2.787975 90.010522 -0.114030 -15.311272 0.166366 
600 27.870218 0.000000 2.732549 98.140422 -0.100374 7.766638 0.030813 
601 27.929342 0.000000 2.787975 89.935138 -0.100712 -4.820301 0.188843 
602 28.165838 0.000000 2.954250 91.072739 -0.099640 11.949140 0.156296 
603 28.165838 0.000000 2.843400 91.654324 -0.128086 8.576870 0.152591 
604 28.284086 0.000000 2.954250 93.829463 -0.085507 18.775686 0.084350 
605 28.165838 0.000000 3.065100 91.169008 -0.085491 15.306797 0.145391 
606 27.988466 0.000000 2.898825 88.981781 -0.153870 -12.458573 0.192700 
607 27.988466 0.000000 2.843400 90.079300 -0.135943 -5.629653 0.185401 
608 28.047590 0.000000 2.898825 87.073520 -0.077502 -1.238417 0.241666 
609 27.988466 0.000000 2.954250 90.008084 -0.123945 -3.066689 0.188912 
610 27.899780 0.000000 2.871112 85.795889 -0.084446 -25.427167 0.199252 
611 27.870218 0.000000 2.871112 86.980047 -0.112409 -19.595709 0.205047 
612 27.899780 0.000000 2.843400 88.548443 -0.118864 -15.022685 0.193348 
613 27.929342 0.000000 2.871112 86.350373 -0.090215 -23.330854 0.199928 
614 27.899780 0.000000 2.898825 87.181244 -0.133123 -23.978550 0.182444 
615 40.581866 0.000000 -0.482106 101.851838 0.130286 25.142027 -0.100594 
616 40.581866 0.000000 -4.029311 96.945541 -0.156759 8.913884 0.052208 
617 44.365799 0.000000 -0.482106 95.746248 -0.612959 7.965133 0.076884 
618 40.581866 0.000000 3.065100 104.613155 0.101738 -4.768110 -0.096666 
619 34.905968 0.000000 1.291497 106.379036 -0.148252 6.441557 -0.135802 
620 34.905968 0.000000 -0.482106 101.321125 0.093603 27.100010 -0.100039 
621 36.797934 0.000000 1.291497 104.920621 0.095595 10.831424 -0.112567 
622 34.905968 0.000000 3.065100 112.637260 -0.071726 -12.824487 -0.285162 
623 32.068018 0.000000 2.178299 103.178219 -0.359051 -1.138802 -0.064717 
624 32.068018 0.000000 1.291497 103.653902 -0.368672 -1.268701 -0.074588 
625 33.014001 0.000000 2.178299 102.407244 -0.331228 -2.466319 -0.049344 
626 32.068018 0.000000 3.065100 114.492385 -0.037902 14.100431 -0.330733 
627 40.581866 0.000000 6.612306 97.424252 0.000000 2.088605 0.050415 
628 44.365799 0.000000 6.612306 97.916898 -0.404128 3.139707 0.040226 
629 40.581866 0.000000 10.159511 99.304661 -0.104462 0.374097 0.013843 
630 34.905968 0.000000 4.838703 99.320317 0.000000 0.506880 0.013522 
631 36.797934 0.000000 4.838703 99.064979 -0.015743 -0.123099 0.018611 
632 34.905968 0.000000 6.612306 98.124983 0.000000 2.352207 0.036595 
633 33.959985 0.000000 2.178299 102.876693 -0.295403 9.852315 -0.068077 
634 33.959985 0.000000 1.291497 104.759934 -0.113476 8.985566 -0.105540 
635 34.905968 0.000000 2.178299 105.369981 -0.112654 -23.540976 -0.165702 
636 33.959985 0.000000 3.065100 98.386324 -0.175783 9.720665 0.022561 
637 32.068018 0.000000 3.951901 100.624361 -0.004150 -0.311595 -0.012536 
638 33.014001 0.000000 3.951901 97.715091 -0.023047 -3.619523 0.043866 
639 32.068018 0.000000 4.838703 100.593743 -0.000000 -0.421864 -0.011928 
640 32.541010 0.000000 2.621699 116.840578 -0.284800 -48.971526 -0.605001 
641 32.068018 0.000000 2.621699 131.442166 -0.259461 39.696823 -0.885295 
642 32.541010 0.000000 2.178299 103.892288 -0.362994 -1.224210 -0.079524 
643 33.014001 0.000000 2.621699 86.127596 -0.262189 -12.099161 0.243558 
644 32.541010 0.000000 3.065100 121.727977 -0.053776 -16.822513 -0.510070 
645 31.595027 0.000000 2.621699 91.393062 -0.226144 2.221037 0.164232 
646 31.122035 0.000000 2.621699 94.766166 -0.176800 -13.227440 0.084438 
647 31.595027 0.000000 2.178299 102.016247 -0.365315 -1.796818 -0.041068 
648 31.595027 0.000000 3.065100 93.488406 -0.077877 -1.365183 0.125805 
649 33.959985 0.000000 3.951901 97.479427 -0.030077 1.377904 0.049586 
650 34.905968 0.000000 3.951901 105.050338 -0.085092 -0.776597 -0.103618 
651 33.959985 0.000000 4.838703 98.236385 -0.018331 0.930177 0.034875 
652 32.541010 0.000000 3.508501 105.113020 -0.038536 -5.490222 -0.107889 
653 32.068018 0.000000 3.508501 102.660903 -0.044380 0.035118 -0.053926 
654 33.014001 0.000000 3.508501 96.593478 -0.031596 -8.323150 0.060042 
655 32.541010 0.000000 3.951901 100.796857 -0.032241 -2.881990 -0.016831 
656 32.304514 0.000000 2.843400 155.000306 -0.170377 14.972939 -1.424931 
657 32.068018 0.000000 2.843400 132.731331 -0.137592 41.993965 -0.938112 
658 32.304514 0.000000 2.621699 141.480864 -0.304864 -5.404884 -1.004614 
659 32.541010 0.000000 2.843400 128.271398 -0.156832 -55.107589 -0.949042 
660 32.304514 0.000000 3.065100 121.471475 -0.092403 4.728551 -0.477769 
661 32.068018 0.000000 0.404696 103.808192 0.046943 23.977485 -0.135106 
662 31.122035 0.000000 0.404696 -22.192684 0.052910 0.101274 0.950747 
663 32.068018 0.000000 -0.482106 103.642643 0.005422 19.770108 -0.113265 
664 33.014001 0.000000 0.404696 105.919082 -0.102444 10.311419 -0.132519 
665 32.541010 0.000000 1.734898 104.476394 -0.338117 -0.845233 -0.091615 
666 32.068018 0.000000 1.734898 103.421658 -0.354960 -0.981021 -0.069713 
667 32.541010 0.000000 1.291497 106.193910 -0.271408 1.359524 -0.127907 
668 33.014001 0.000000 1.734898 106.076266 -0.311886 -0.719259 -0.125279 
669 32.304514 0.000000 2.399999 100.021164 -0.428629 -2.550303 -0.001092 
670 32.068018 0.000000 2.399999 103.054460 -0.361364 -1.216435 -0.062183 
671 32.304514 0.000000 2.178299 103.692472 -0.348816 -0.869371 -0.075301 
672 32.541010 0.000000 2.399999 99.382525 -0.398571 -3.189371 0.011278 
673 33.486993 0.000000 2.621699 88.849049 -0.249332 -0.113705 0.210577 
674 33.486993 0.000000 2.178299 97.622869 -0.290037 0.638309 0.046928 
675 33.959985 0.000000 2.621699 93.673201 -0.178238 21.353864 0.076931 
676 33.486993 0.000000 3.065100 91.326694 -0.142715 1.522640 0.165710 
677 32.777506 0.000000 2.843400 93.764462 -0.051694 -50.331540 -0.132504 
678 32.777506 0.000000 2.621699 86.951087 -0.218957 -28.685712 0.161659 
679 33.014001 0.000000 2.843400 86.911845 -0.116338 -21.908183 0.196635 
680 32.777506 0.000000 3.065100 100.732355 -0.047825 -21.916430 -0.062734 
681 32.422762 0.000000 2.732549 137.713299 -0.273691 -70.753828 -1.397113 
682 32.304514 0.000000 2.732549 153.346215 -0.231607 10.885530 -1.363361 
683 32.422762 0.000000 2.621699 136.741536 -0.308273 -26.392339 -0.939490 
684 32.541010 0.000000 2.732549 121.114713 -0.225048 -54.900125 -0.768285 
685 32.422762 0.000000 2.843400 166.537780 -0.129923 -18.630910 -1.808196 
686 31.595027 0.000000 3.508501 97.003809 -0.020548 -5.771489 0.055695 
687 31.122035 0.000000 3.508501 104.019125 -0.025266 -8.132654 -0.088612 
688 31.595027 0.000000 3.951901 99.962341 -0.038526 -2.969136 -0.000129 
689 31.831523 0.000000 2.843400 94.329109 -0.137362 14.771410 0.088381 
690 31.595027 0.000000 2.843400 92.016243 -0.120124 4.667056 0.151122 
691 31.831523 0.000000 2.621699 95.889799 -0.209879 15.039361 0.057892 
692 31.831523 0.000000 3.065100 99.193265 -0.081735 6.484393 0.011864 
693 32.186266 0.000000 2.732549 176.723762 -0.252892 74.900852 -2.684149 
694 32.068018 0.000000 2.732549 137.345111 -0.213578 44.308101 -1.082693 
695 32.186266 0.000000 2.621699 139.046991 -0.279640 44.384342 -1.130411 
696 32.186266 0.000000 2.843400 150.992770 -0.153618 47.545565 -1.505942 
697 32.304514 0.000000 3.286800 109.928125 -0.048810 -1.662322 -0.208696 
698 32.068018 0.000000 3.286800 104.507613 -0.046574 1.795956 -0.092507 
699 32.541010 0.000000 3.286800 110.775234 -0.039832 -9.226527 -0.235628 
700 32.304514 0.000000 3.508501 104.794843 -0.022311 -0.162559 -0.098199 
701 32.422762 0.000000 2.954250 143.087569 -0.093555 -10.164063 -1.057737 
702 32.304514 0.000000 2.954250 146.314920 -0.110657 23.497948 -1.196022 
703 32.541010 0.000000 2.954250 131.129841 -0.087761 -32.777139 -0.826938 
704 32.422762 0.000000 3.065100 131.235688 -0.058186 -4.182035 -0.724030 
705 32.363638 0.000000 2.787975 157.913587 -0.191628 -3.809087 -1.495125 
706 32.304514 0.000000 2.787975 154.816510 -0.203733 13.339324 -1.414613 
707 32.363638 0.000000 2.732549 147.443283 -0.241084 -18.409929 -1.207851 
708 32.422762 0.000000 2.787975 161.089361 -0.187111 -29.774393 -1.683633 
709 32.363638 0.000000 2.843400 162.096953 -0.149842 7.280653 -1.632845 
710 38.689900 0.000000 1.291497 103.308960 0.328564 12.945142 -0.084043 
711 38.689900 0.000000 -0.482106 101.215446 0.248114 25.177563 -0.087854 
712 40.581866 0.000000 1.291497 104.002753 0.240911 8.818141 -0.089439 
713 38.689900 0.000000 3.065100 97.233801 0.095486 -6.537767 0.050284 
714 35.851951 0.000000 2.178299 98.966451 -0.030506 -4.371582 0.018653 
715 35.851951 0.000000 1.291497 106.042985 -0.077785 9.558653 -0.133649 
716 36.797934 0.000000 2.178299 100.919572 0.096465 10.509802 -0.029523 
717 35.851951 0.000000 3.065100 95.207475 -0.021887 -15.096803 0.070762 
718 34.432976 0.000000 2.621699 104.526640 -0.211622 15.749324 -0.117390 
719 34.432976 0.000000 2.178299 103.637553 -0.279286 10.818525 -0.085786 
720 34.905968 0.000000 2.621699 102.751583 -0.103343 -23.466148 -0.110856 
721 34.432976 0.000000 3.065100 105.732014 -0.151165 7.551294 -0.123630 
722 34.905968 0.000000 -2.255709 101.326901 0.086390 29.060088 -0.111164 
723 34.905968 0.000000 -4.029311 97.507077 0.014382 12.437512 0.033768 
724 36.797934 0.000000 -2.255709 99.592880 0.114168 31.075349 -0.088443 
725 33.959985 0.000000 0.404696 104.779038 -0.057121 14.542333 -0.119013 
726 33.959985 0.000000 -0.482106 103.308400 0.062262 23.223521 -0.121196 
727 34.905968 0.000000 0.404696 105.611082 -0.019998 14.278598 -0.135758 
728 34.432976 0.000000 1.734898 105.635994 -0.204499 4.712884 -0.118122 
729 33.959985 0.000000 1.734898 105.582066 -0.276582 -0.481718 -0.114788 
730 34.432976 0.000000 1.291497 105.856813 -0.146391 7.368262 -0.125998 
731 34.905968 0.000000 1.734898 106.311595 -0.169438 5.406387 -0.133141 
732 38.689900 0.000000 4.838703 98.563684 0.024770 -0.445653 0.028500 
733 40.581866 0.000000 4.838703 97.250978 -0.000000 0.520232 0.054198 
734 38.689900 0.000000 6.612306 97.648871 -0.000000 2.025177 0.046060 
735 35.851951 0.000000 3.951901 101.105166 -0.069494 -3.858287 -0.023715 
736 36.797934 0.000000 3.951901 101.565543 -0.073991 -0.734179 -0.031610 
737 35.851951 0.000000 4.838703 98.939094 -0.007369 -0.643816 0.021064 
738 35.378959 0.000000 2.621699 101.811093 -0.035101 -43.448150 -0.225324 
739 35.378959 0.000000 2.178299 102.528386 -0.058766 -17.910049 -0.083284 
740 35.851951 0.000000 2.621699 96.112994 -0.017822 -10.185610 0.065855 
741 35.378959 0.000000 3.065100 103.672036 -0.073028 -22.352916 -0.124755 
742 34.669472 0.000000 2.399999 102.785707 -0.195530 -32.226920 -0.160351 
743 34.432976 0.000000 2.399999 104.085019 -0.236090 9.610964 -0.092612 
744 34.669472 0.000000 2.178299 104.110986 -0.162664 -8.633702 -0.091366 
745 34.905968 0.000000 2.399999 102.102145 -0.103145 -21.829997 -0.090141 
746 34.669472 0.000000 2.621699 103.357124 -0.108344 -44.497849 -0.266277 
747 35.851951 0.000000 0.404696 104.275693 -0.013282 16.405275 -0.114255 
748 35.851951 0.000000 -0.482106 101.333555 0.098285 26.933479 -0.099391 
749 36.797934 0.000000 0.404696 103.761332 0.058995 17.669566 -0.107863 
750 35.378959 0.000000 1.734898 103.815475 -0.121692 4.026539 -0.079388 
751 35.378959 0.000000 1.291497 105.796335 -0.125688 7.900207 -0.125529 
752 35.851951 0.000000 1.734898 102.992148 -0.054177 4.351463 -0.062632 
753 37.743917 0.000000 2.178299 103.392136 0.625519 -12.980722 -0.085882 
754 37.743917 0.000000 1.291497 105.410094 0.139070 10.343938 -0.121830 
755 38.689900 0.000000 2.178299 91.468443 1.227277 -4.331135 0.161326 
756 37.743917 0.000000 3.065100 108.746499 0.046069 -5.533800 -0.185643 
757 36.324942 0.000000 2.621699 96.869978 0.058138 2.166050 0.061151 
758 36.324942 0.000000 2.178299 100.254015 0.072997 3.674789 -0.006438 
759 36.797934 0.000000 2.621699 100.512637 0.055553 7.400763 -0.015756 
760 36.324942 0.000000 3.065100 98.859072 0.052842 -1.599033 0.022432 
761 35.615455 0.000000 2.399999 99.623804 -0.022735 -25.647350 -0.058269 
762 35.378959 0.000000 2.399999 101.887720 -0.033241 -33.420108 -0.149801 
763 35.615455 0.000000 2.178299 101.027743 -0.040095 -13.765170 -0.039609 
764 35.851951 0.000000 2.399999 93.947887 0.036466 -7.477024 0.111789 
765 35.615455 0.000000 2.621699 99.165429 -0.025158 -42.796400 -0.166531 
766 35.142463 0.000000 2.399999 103.844001 0.014964 -48.456722 -0.313163 
767 35.142463 0.000000 2.178299 103.936919 -0.064142 -21.771644 -0.127689 
768 35.142463 0.000000 2.621699 104.245208 -0.002360 -55.859216 -0.398732 
769 35.378959 0.000000 3.508501 105.523831 -0.107420 -10.338102 -0.124217 
770 34.905968 0.000000 3.508501 111.646324 -0.093417 -2.306910 -0.247023 
771 35.851951 0.000000 3.508501 99.687162 -0.076038 -7.705762 0.000309 
772 35.378959 0.000000 3.951901 102.956545 -0.072592 -3.641508 -0.061332 
773 35.615455 0.000000 2.843400 100.393019 -0.050192 -30.809169 -0.102797 
774 35.378959 0.000000 2.843400 102.786939 -0.063112 -31.572128 -0.156196 
775 35.851951 0.000000 2.843400 97.361577 -0.059928 -12.119569 0.037384 
776 35.615455 0.000000 3.065100 100.591405 -0.089404 -14.086930 -0.031708 
777 35.497207 0.000000 2.510849 100.474883 -0.029814 -40.118151 -0.170467 
778 35.378959 0.000000 2.510849 101.607364 -0.028904 -41.429077 -0.204043 
779 35.497207 0.000000 2.399999 101.060855 -0.032788 -30.115037 -0.112021 
780 35.615455 0.000000 2.510849 99.427331 -0.021669 -35.412082 -0.113981 
781 35.497207 0.000000 2.621699 99.911298 -0.031985 -51.247864 -0.260861 
782 59.501528 0.000000 -4.029311 99.477458 -0.196378 5.835686 0.007014 
783 59.501528 0.000000 -11.123723 99.566641 -0.156030 6.140030 0.004876 
784 67.069393 0.000000 -4.029311 99.659722 -0.157489 5.825347 0.003398 
785 59.501528 0.000000 3.065100 99.417989 -0.343641 5.862799 0.008157 
786 48.149731 0.000000 -0.482106 98.050665 -0.471258 6.864403 0.033873 
787 48.149731 0.000000 -4.029311 98.450360 -0.327690 6.113312 0.027005 
788 51.933663 0.000000 -0.482106 98.839954 -0.319323 6.606481 0.018692 
789 48.149731 0.000000 3.065100 98.137523 -0.496363 5.036954 0.034341 
790 42.473832 0.000000 1.291497 102.926214 0.332371 5.813719 -0.062772 
791 42.473832 0.000000 -0.482106 92.958293 -0.402869 10.931040 0.123911 
792 44.365799 0.000000 1.291497 94.809236 -1.047149 6.442630 0.096860 
793 42.473832 0.000000 3.065100 105.353948 0.239757 -9.964512 -0.119880 
794 59.501528 0.000000 10.159511 99.589589 -0.435671 4.222448 0.006389 
795 67.069393 0.000000 10.159511 99.864494 -1.430653 2.464095 0.001896 
796 59.501528 0.000000 17.253923 99.645240 0.343595 5.487110 0.004060 
797 48.149731 0.000000 6.612306 98.647941 0.012160 3.917649 0.025324 
798 51.933663 0.000000 6.612306 99.115926 -0.729542 4.272519 0.015725 
799 48.149731 0.000000 10.159511 99.162831 4.475934 4.022811 0.013052 
800 42.473832 0.000000 4.838703 97.028960 0.000000 1.604131 0.058281 
801 44.365799 0.000000 4.838703 97.060636 -0.946051 3.348010 0.056713 
802 42.473832 0.000000 6.612306 97.627832 0.000000 2.531137 0.046240 
803 41.527849 0.000000 2.178299 96.766438 1.768041 -0.649678 0.063271 
804 40.581866 0.000000 2.178299 96.732195 1.481738 -10.316665 0.053425 
805 41.527849 0.000000 1.291497 103.026490 0.248672 9.606650 -0.070681 
806 42.473832 0.000000 2.178299 102.837673 0.445314 3.302668 -0.058669 
807 41.527849 0.000000 3.065100 100.700774 0.336374 -1.829190 -0.014410 
808 44.365799 0.000000 -18.218134 99.627689 -0.514488 6.820280 0.002754 
809 44.365799 0.000000 -25.312545 99.776133 -0.038336 6.786900 -0.000134 
810 51.933663 0.000000 -18.218134 99.591987 -0.170774 6.550501 0.003850 
811 40.581866 0.000000 -7.576517 98.397715 -0.199635 7.691597 0.025869 
812 40.581866 0.000000 -11.123723 98.989729 -0.202251 7.238356 0.014860 
813 44.365799 0.000000 -7.576517 98.573675 -0.310889 6.811848 0.023673 
814 42.473832 0.000000 -2.255709 95.983331 -0.278724 8.655230 0.071221 
815 40.581866 0.000000 -2.255709 95.466418 -0.155745 10.629290 0.077316 
816 42.473832 0.000000 -4.029311 97.245744 -0.285321 7.835104 0.048179 
817 44.365799 0.000000 -2.255709 96.878047 -0.404442 7.150263 0.056335 
818 41.527849 0.000000 0.404696 103.860825 0.057865 9.061909 -0.086919 
819 40.581866 0.000000 0.404696 103.644116 0.178592 11.524523 -0.087495 
820 41.527849 0.000000 -0.482106 103.086435 -0.066083 24.405711 -0.122246 
821 42.473832 0.000000 0.404696 102.149275 -0.103251 17.970938 -0.075744 
822 46.257765 0.000000 1.291497 97.075337 -0.568074 6.535855 0.053334 
823 46.257765 0.000000 -0.482106 97.277756 -0.510738 7.212539 0.048476 
824 48.149731 0.000000 1.291497 97.969471 -0.440370 6.675172 0.035723 
825 46.257765 0.000000 3.065100 97.365675 -0.692603 4.805695 0.049635 
826 43.419815 0.000000 2.178299 92.045244 -2.487781 3.597779 0.150854 
827 43.419815 0.000000 1.291497 91.501576 -2.070227 6.659479 0.157883 
828 44.365799 0.000000 2.178299 95.054982 -1.186414 4.855734 0.093956 
829 43.419815 0.000000 3.065100 94.322699 -1.484572 2.681790 0.109383 
830 42.000841 0.000000 1.734898 102.560764 0.475739 4.527151 -0.053943 
831 41.527849 0.000000 1.734898 102.444568 0.556741 4.689272 -0.051719 
832 42.000841 0.000000 1.291497 102.885250 0.321223 6.932204 -0.063353 
833 42.473832 0.000000 1.734898 54.894154 0.255836 10.679813 0.687251 
834 42.000841 0.000000 2.178299 102.264022 0.634167 2.251881 -0.046340 
835 43.419815 0.000000 0.404696 93.013052 -1.026445 9.274995 0.126149 
836 43.419815 0.000000 -0.482106 94.463485 -0.602486 9.034301 0.099467 
837 44.365799 0.000000 0.404696 95.108082 -0.836772 8.384477 0.088345 
838 42.000841 0.000000 0.848096 103.902150 0.065668 8.179245 -0.086256 
839 41.527849 0.000000 0.848096 103.085945 0.215050 9.836046 -0.072351 
840 42.000841 0.000000 0.404696 103.907199 0.063924 8.076958 -0.086195 
841 42.473832 0.000000 0.848096 103.988991 0.073621 6.891494 -0.086121 
842 42.946824 0.000000 1.734898 104.194922 0.093871 4.812860 -0.087975 
843 42.946824 0.000000 1.291497 104.109035 0.084685 5.585696 -0.086990 
844 43.419815 0.000000 1.734898 91.252734 -2.571687 4.997283 0.164135 
845 42.946824 0.000000 2.178299 104.290100 0.103529 4.049668 -0.089284 
846 42.237337 0.000000 1.513198 68.271194 -0.096756 34.672817 0.413683 
847 42.000841 0.000000 1.513198 102.763891 0.383354 5.860127 -0.059491 
848 42.237337 0.000000 1.291497 102.895991 0.330430 6.254787 -0.062682 
849 42.473832 0.000000 1.513198 102.883405 0.361990 5.210290 -0.061227 
850 42.237337 0.000000 1.734898 38.647657 0.171230 11.092150 0.838329 
851 41.527849 0.000000 3.951901 98.432825 0.130258 -3.836963 0.029624 
852 40.581866 0.000000 3.951901 100.577046 0.195885 -3.936899 -0.013128 
853 42.473832 0.000000 3.951901 95.139687 -0.785427 1.146052 0.094651 
854 41.527849 0.000000 4.838703 96.697736 0.000000 0.909924 0.064872 
855 42.000841 0.000000 2.621699 102.845060 0.544543 1.481954 -0.057960 
856 41.527849 0.000000 2.621699 100.801351 0.548283 -1.741842 -0.016425 
857 42.473832 0.000000 2.621699 102.978995 0.446339 2.597461 -0.061162 
858 42.000841 0.000000 3.065100 102.504037 0.433071 0.959458 -0.050819 
859 42.237337 0.000000 1.956598 49.372021 1.198877 -17.724282 0.724682 
860 42.000841 0.000000 1.956598 102.309100 0.581840 3.227180 -0.047791 
861 42.473832 0.000000 1.956598 59.850673 0.493090 -5.339440 0.638914 
862 42.237337 0.000000 2.178299 90.890314 1.256485 -7.520320 0.168082 
863 15.986306 0.000000 -2.255709 -6.425250 0.098473 1.071200 0.995756 
864 15.986306 0.000000 -4.029311 99.958922 0.455931 -5.753036 -0.002509 
865 17.878272 0.000000 -2.255709 -7.452388 0.224686 0.535967 0.994412 
866 15.986306 0.000000 -5.802914 99.197882 -0.219463 -1.352995 0.015790 
867 15.986306 0.000000 -7.576517 99.513129 -0.231709 2.081137 0.009275 
868 17.878272 0.000000 -5.802914 102.491914 0.018997 -1.959397 -0.050843 
869 15.040323 0.000000 -3.142510 96.396545 0.027888 -21.931178 0.022673 
870 14.094340 0.000000 -3.142510 86.249897 -0.414383 -11.992574 0.241696 
871 15.040323 0.000000 -4.029311 97.235667 -0.330877 -8.898830 0.046593 
872 15.986306 0.000000 -3.142510 100.447381 0.304720 -8.071922 -0.015493 
873 15.040323 0.000000 -2.255709 -6.477913 -0.086510 2.277297 0.995284 
874 13.148357 0.000000 -3.142510 92.671435 -0.458779 -0.877805 0.141102 
875 13.148357 0.000000 -4.029311 95.378496 -0.502063 0.062891 0.090269 
876 13.148357 0.000000 -2.255709 92.448839 -0.448988 -0.800129 0.145237 
877 15.040323 0.000000 -1.368907 -7.641070 -0.090459 2.406680 0.993581 
878 14.094340 0.000000 -1.368907 -9.140558 -0.046824 3.518926 0.990407 
879 15.986306 0.000000 -1.368907 -7.332682 0.103325 1.692322 0.994336 
880 15.040323 0.000000 -0.482106 -8.224748 0.054380 1.960880 0.992851 
881 14.567331 0.000000 -2.699109 91.701113 -0.191244 -18.957961 0.123147 
882 14.094340 0.000000 -2.699109 89.456732 -0.419808 -1.871598 0.199381 
883 14.567331 0.000000 -3.142510 88.858189 -0.185106 -27.724462 0.133554 
884 15.040323 0.000000 -2.699109 93.213816 -0.047854 -29.817039 0.042213 
885 14.567331 0.000000 -2.255709 90.437915 -0.438136 -2.030026 0.181667 
886 13.148357 0.000000 -1.368907 -11.961936 -0.216900 3.257956 0.984625 
887 12.202374 0.000000 -1.368907 -12.624032 -0.311661 1.972156 0.983665 
888 13.148357 0.000000 -0.482106 -10.618358 -0.133573 2.196658 0.988241 
889 13.621348 0.000000 -2.699109 91.749135 -0.447518 -1.187726 0.158049 
890 13.148357 0.000000 -2.699109 92.664968 -0.458324 -0.872311 0.141223 
891 13.621348 0.000000 -3.142510 91.625031 -0.446751 -1.270914 0.160304 
892 13.621348 0.000000 -2.255709 89.305823 -0.416989 -1.847232 0.202088 
893 15.040323 0.000000 -4.916113 97.180772 -0.252801 -3.268083 0.054515 
894 14.094340 0.000000 -4.916113 95.590396 -0.316235 -0.926675 0.086152 
895 15.040323 0.000000 -5.802914 98.222771 -0.292454 -0.393047 0.035205 
896 15.986306 0.000000 -4.916113 98.704765 -0.204248 -4.074461 0.024073 
897 14.567331 0.000000 -3.585911 92.763226 -0.111562 -25.297418 0.075501 
898 14.094340 0.000000 -3.585911 89.368902 -0.418167 -1.857417 0.200957 
899 14.567331 0.000000 -4.029311 93.010488 -0.340436 -7.937626 0.128593 
900 15.040323 0.000000 -3.585911 96.913738 0.042937 -20.654497 0.018112 
901 14.330835 0.000000 -2.920810 84.142078 -0.315945 -26.933232 0.219461 
902 14.094340 0.000000 -2.920810 86.177025 -0.414394 -12.248783 0.242332 
903 14.330835 0.000000 -3.142510 86.666284 -0.280663 -24.165544 0.190490 
904 14.567331 0.000000 -2.920810 87.200943 -0.253258 -25.460117 0.174771 
905 14.330835 0.000000 -2.699109 86.625817 -0.368075 -15.726352 0.224851 
906 13.148357 0.000000 -4.916113 95.886281 -0.156374 1.725486 0.080282 
907 12.202374 0.000000 -4.916113 96.697157 -0.158842 3.595746 0.063671 
908 13.148357 0.000000 -5.802914 97.269238 -0.237836 2.642341 0.053166 
909 13.621348 0.000000 -3.585911 90.442700 -0.433195 -1.518096 0.181763 
910 13.148357 0.000000 -3.585911 92.445485 -0.449510 -0.812271 0.145297 
911 13.621348 0.000000 -4.029311 90.437915 -0.438136 -2.030026 0.181667 
912 14.330835 0.000000 -3.364210 91.592479 -0.204116 -18.021340 0.128601 
913 14.094340 0.000000 -3.364210 89.440354 -0.419502 -1.868954 0.199675 
914 14.330835 0.000000 -3.585911 92.037160 -0.231988 -17.557272 0.122085 
915 14.567331 0.000000 -3.364210 92.831782 -0.104618 -25.914296 0.071070 
916 19.770238 0.000000 -2.255709 -8.921468 -0.081516 -0.530890 0.992012 
917 19.770238 0.000000 -4.029311 115.995117 0.098656 -4.355515 -0.347385 
918 16.932289 0.000000 -3.142510 100.179655 0.358106 -10.851158 -0.015384 
919 16.932289 0.000000 -4.029311 100.266859 0.310605 -13.284515 -0.023002 
920 17.878272 0.000000 -3.142510 103.330862 0.356301 -15.296355 -0.091137 
921 16.932289 0.000000 -2.255709 -7.022221 0.333218 0.965675 0.994964 
922 15.513314 0.000000 -2.699109 101.016735 0.160106 -10.546241 -0.031563 
923 15.513314 0.000000 -3.142510 99.455795 0.142782 -13.628764 -0.007722 
924 15.986306 0.000000 -2.699109 99.958922 0.455931 -5.753036 -0.002509 
925 15.513314 0.000000 -2.255709 -6.216800 0.136007 1.602988 0.995876 
926 14.803827 0.000000 -2.920810 92.930297 -0.092944 -26.844414 0.064333 
927 14.803827 0.000000 -3.142510 93.747874 -0.059195 -27.830917 0.043677 
928 15.040323 0.000000 -2.920810 95.590430 0.009698 -23.935356 0.028957 
929 14.803827 0.000000 -2.699109 92.800166 -0.106519 -25.663314 0.072951 
930 14.449083 0.000000 -3.031660 81.564678 -0.322053 -32.543746 0.228800 
931 14.330835 0.000000 -3.031660 83.303908 -0.318973 -28.674915 0.223811 
932 14.449083 0.000000 -3.142510 84.388124 -0.287690 -28.999620 0.203758 
933 14.567331 0.000000 -3.031660 87.275834 -0.244675 -26.159937 0.169853 
934 14.449083 0.000000 -2.920810 84.013821 -0.302232 -28.529421 0.212766 
935 15.513314 0.000000 -3.585911 100.974962 0.150072 -10.608083 -0.030850 
936 15.513314 0.000000 -4.029311 101.016735 0.160106 -10.546241 -0.031563 
937 15.986306 0.000000 -3.585911 100.433377 0.308476 -8.007724 -0.015108 
938 19.770238 0.000000 -5.802914 106.655454 -0.251668 1.777399 -0.137861 
939 19.770238 0.000000 -7.576517 103.016457 -0.070448 3.800359 -0.062684 
940 18.824255 0.000000 -3.142510 110.572913 0.235572 -14.209555 -0.242834 
941 18.824255 0.000000 -4.029311 111.596245 0.208867 -12.803948 -0.261771 
942 19.770238 0.000000 -3.142510 116.313484 0.097382 -6.290378 -0.356840 
943 18.824255 0.000000 -2.255709 -8.304762 0.345860 0.309162 0.993082 
944 20.716221 0.000000 -3.142510 117.892073 0.020220 7.226642 -0.395077 
945 20.716221 0.000000 -4.029311 116.980263 0.005132 9.952476 -0.378343 
946 21.662204 0.000000 -3.142510 113.012643 -0.045031 18.156843 -0.310153 
947 20.716221 0.000000 -2.255709 -9.690107 -0.127323 -0.753840 0.990552 
948 22.608188 0.000000 -3.142510 110.062910 -0.227186 17.889409 -0.243393 
949 22.608188 0.000000 -4.029311 110.228980 -0.208215 18.138120 -0.247946 
950 22.608188 0.000000 -2.255709 -11.774945 -0.360996 -2.197368 0.985639 
951 22.608188 0.000000 -4.916113 107.207603 -0.452923 10.851383 -0.161143 
952 21.662204 0.000000 -4.916113 109.567539 -0.317252 9.558672 -0.209651 
953 22.608188 0.000000 -5.802914 105.513972 -0.296397 9.120564 -0.121647 
954 23.554171 0.000000 -4.916113 106.355356 -0.138159 11.969741 -0.145476 
955 23.081179 0.000000 -3.585911 109.557381 -0.314757 16.943449 -0.229000 
956 22.608188 0.000000 -3.585911 110.139303 -0.215430 18.022441 -0.245552 
957 23.081179 0.000000 -4.029311 109.157130 -0.399648 16.147805 -0.217619 
958 23.554171 0.000000 -3.585911 110.903279 -0.273082 11.624224 -0.243473 
959 23.081179 0.000000 -3.142510 109.427309 -0.333793 16.718323 -0.225395 
960 37.743917 0.000000 3.951901 103.189195 0.070368 -2.845509 -0.065611 
961 38.689900 0.000000 3.951901 100.475166 0.106103 -3.659305 -0.010866 
962 37.743917 0.000000 4.838703 98.612392 -0.000000 0.225831 0.027555 
963 82.205122 0.000000 173.330973 99.764983 0.008442 6.959045 -0.000148 
964 21.662204 0.000000 173.330973 99.766907 0.005658 6.966180 -0.000196 
965 142.748040 0.000000 173.330973 99.761819 0.010916 6.955547 -0.000080 
966 82.205122 0.000000 230.086264 99.761577 0.006104 6.967147 -0.000091 
967 51.933663 0.000000 88.198036 99.778244 0.027678 6.910695 -0.000346 
968 21.662204 0.000000 88.198036 99.789662 0.026607 6.937466 -0.000611 
969 82.205122 0.000000 88.198036 99.774979 0.015503 6.897545 -0.000262 
970 51.933663 0.000000 116.575682 99.778207 0.010323 6.941280 -0.000387 
971 36.797934 0.000000 45.631568 99.757724 0.347170 6.715834 0.000317 
972 21.662204 0.000000 45.631568 99.788734 0.381238 6.811531 -0.000433 
973 51.933663 0.000000 45.631568 99.632982 0.305965 6.762719 0.002744 
974 36.797934 0.000000 59.820391 99.737606 0.058301 6.858182 0.000537 
975 44.365799 0.000000 24.348334 99.730711 0.299653 6.041287 0.001720 
976 36.797934 0.000000 24.348334 99.948922 0.182310 6.009260 -0.002593 
977 51.933663 0.000000 24.348334 99.670339 0.121101 6.090033 0.002872 
978 44.365799 0.000000 31.442745 99.850405 0.011655 6.367539 -0.001065 
979 40.581866 0.000000 13.706717 100.193278 0.261058 4.215680 -0.005653 
980 36.797934 0.000000 13.706717 100.218576 0.066197 4.854542 -0.006733 
981 44.365799 0.000000 13.706717 99.623926 0.367714 4.216126 0.005716 
982 40.581866 0.000000 17.253923 99.804829 0.363433 5.205189 0.001177 
983 42.473832 0.000000 8.385909 98.415587 -0.000000 2.612265 0.030755 
984 40.581866 0.000000 8.385909 97.503802 -0.000000 2.019231 0.048893 
985 44.365799 0.000000 8.385909 98.527569 -1.369769 2.812378 0.028253 
986 42.473832 0.000000 10.159511 98.884119 -0.000000 2.195056 0.021711 
987 41.527849 0.000000 5.725504 97.139280 -0.000000 1.817347 0.056066 
988 40.581866 0.000000 5.725504 97.270928 -0.000000 1.554245 0.053595 
989 42.473832 0.000000 5.725504 97.122098 0.000000 2.173627 0.056257 
990 41.527849 0.000000 6.612306 97.423298 -0.000000 2.269241 0.050355 
991 38.689900 0.000000 8.385909 97.069726 -0.000000 3.107662 0.056781 
992 36.797934 0.000000 8.385909 97.910997 0.000000 4.208131 0.039573 
993 38.689900 0.000000 10.159511 100.194185 0.220572 0.788121 -0.003954 
994 39.635883 0.000000 5.725504 97.389328 -0.000000 1.400459 0.051336 
995 38.689900 0.000000 5.725504 97.785934 -0.000000 1.257055 0.043633 
996 39.635883 0.000000 4.838703 97.397569 0.000000 0.434126 0.051353 
997 39.635883 0.000000 6.612306 97.454722 -0.000000 1.982266 0.049865 
998 46.257765 0.000000 4.838703 97.861589 -0.715127 4.142180 0.040544 
999 48.149731 0.000000 4.838703 98.356645 -0.567501 4.556621 0.030489 
1000 46.257765 0.000000 6.612306 98.349168 -0.286538 3.694234 0.031371 
1001 43.419815 0.000000 5.725504 97.303588 0.041648 2.747483 0.052446 
1002 43.419815 0.000000 4.838703 96.688272 -1.090089 2.691543 0.064295 
1003 44.365799 0.000000 5.725504 97.551032 0.349864 3.083209 0.047417 
1004 43.419815 0.000000 6.612306 97.730310 -0.454674 2.804140 0.044072 
1005 42.000841 0.000000 5.282104 97.044721 0.000000 1.680681 0.057950 
1006 41.527849 0.000000 5.282104 97.075898 0.000000 1.512402 0.057398 
1007 42.000841 0.000000 4.838703 96.677891 0.000000 1.086837 0.065220 
1008 42.473832 0.000000 5.282104 97.077022 0.000000 1.893127 0.057247 
1009 42.000841 0.000000 5.725504 97.111534 0.000000 2.006769 0.056532 
1010 41.054858 0.000000 5.282104 97.176291 -0.000000 1.225291 0.055527 
1011 40.581866 0.000000 5.282104 97.270852 -0.000000 1.081438 0.053721 
1012 41.054858 0.000000 4.838703 97.044877 -0.000000 0.659471 0.058186 
1013 41.054858 0.000000 5.725504 97.200047 -0.000000 1.663755 0.054938 
1014 39.635883 0.000000 3.951901 100.303477 0.078227 -1.143117 -0.006210 
1015 39.635883 0.000000 3.065100 103.918895 0.202166 2.250359 -0.080424 
1016 40.108875 0.000000 5.282104 97.368368 0.000000 1.034874 0.051833 
1017 39.635883 0.000000 5.282104 97.407295 -0.000000 0.874378 0.051105 
1018 40.108875 0.000000 4.838703 97.352739 -0.000000 0.508547 0.052219 
1019 40.108875 0.000000 5.725504 97.349187 0.000000 1.441683 0.052106 
1020 48.149731 0.000000 13.706717 99.504702 0.321704 4.432212 0.007907 
1021 51.933663 0.000000 13.706717 99.373067 0.495625 4.806099 0.010165 
1022 48.149731 0.000000 17.253923 99.453566 0.332127 5.375734 0.007998 
1023 46.257765 0.000000 8.385909 98.731762 -1.057172 3.355904 0.023966 
1024 48.149731 0.000000 8.385909 98.906776 -0.831983 3.677557 0.020323 
1025 46.257765 0.000000 10.159511 99.082356 2.822691 3.250789 0.016415 
1026 43.419815 0.000000 7.499107 98.061988 0.000000 2.551172 0.037734 
1027 42.473832 0.000000 7.499107 97.770022 0.000000 2.628543 0.043411 
1028 44.365799 0.000000 7.499107 98.237278 -0.664575 3.003760 0.033997 
1029 43.419815 0.000000 8.385909 98.472676 0.000000 2.655951 0.029608 
1030 41.527849 0.000000 7.499107 97.702122 -0.000000 2.369625 0.044868 
1031 40.581866 0.000000 7.499107 97.514466 -0.000000 2.224950 0.048598 
1032 41.527849 0.000000 8.385909 97.980408 -0.000000 2.163739 0.039516 
1033 42.473832 0.000000 11.933114 99.806368 0.270892 3.131487 0.002881 
1034 40.581866 0.000000 11.933114 100.562778 0.129514 3.182891 -0.012302 
1035 44.365799 0.000000 11.933114 99.433002 0.318001 3.496022 0.010075 
1036 42.473832 0.000000 13.706717 99.826595 0.273623 4.144173 0.001740 
1037 43.419815 0.000000 9.272710 98.723594 0.000000 2.623933 0.024677 
1038 42.473832 0.000000 9.272710 98.742543 -0.000000 2.396376 0.024417 
1039 44.365799 0.000000 9.272710 98.841423 4.536606 2.324336 0.020439 
1040 43.419815 0.000000 10.159511 98.874551 0.000000 2.682253 0.021663 
1041 41.527849 0.000000 9.272710 98.389298 -0.000000 1.633892 0.031688 
1042 40.581866 0.000000 9.272710 97.860687 -0.000000 1.272335 0.042167 
1043 41.527849 0.000000 10.159511 99.356759 -0.077396 0.226490 0.012818 
1044 42.946824 0.000000 8.829309 98.601102 0.000000 2.684263 0.027062 
1045 42.473832 0.000000 8.829309 98.597828 -0.000000 2.501147 0.027221 
1046 42.946824 0.000000 8.385909 98.485982 0.000000 2.693799 0.029325 
1047 43.419815 0.000000 8.829309 98.589429 0.000000 2.639803 0.027316 
1048 42.946824 0.000000 9.272710 98.770787 0.000000 2.656316 0.023728 
1049 28.402334 0.000000 2.954250 92.756945 -0.070309 21.850607 0.091870 
1050 28.402334 0.000000 2.843400 93.746126 -0.109617 19.114453 0.084629 
1051 28.402334 0.000000 3.065100 87.149343 -0.040518 21.385112 0.194767 
1052 28.757078 0.000000 1.734898 101.908664 -0.311716 -4.025811 -0.040168 
1053 28.757078 0.000000 1.291497 -24.587354 -0.154756 2.211045 0.939055 
1054 29.230069 0.000000 1.734898 99.125054 -0.308170 -1.392558 0.017219 
1055 28.520582 0.000000 2.399999 101.344852 -0.149176 10.876476 -0.038910 
1056 28.520582 0.000000 2.178299 99.339511 -0.152200 13.514340 -0.005100 
1057 28.757078 0.000000 2.399999 102.836181 -0.140656 10.089313 -0.067709 
1058 28.402334 0.000000 2.732549 99.532372 -0.110592 19.037891 -0.026915 
1059 28.284086 0.000000 2.732549 97.184453 -0.120568 14.814548 0.033570 
1060 28.402334 0.000000 2.621699 101.007341 -0.125608 15.346907 -0.043803 
1061 28.520582 0.000000 2.732549 102.061083 -0.125330 24.599685 -0.102162 
1062 28.343210 0.000000 2.898825 90.484648 -0.061767 21.252475 0.136086 
1063 28.284086 0.000000 2.898825 95.446306 -0.061402 24.140168 0.030725 
1064 28.343210 0.000000 2.843400 93.154884 -0.088621 19.312582 0.094918 
1065 28.402334 0.000000 2.898825 92.586452 -0.096471 20.035612 0.102631 
1066 28.343210 0.000000 2.954250 91.709158 -0.074344 19.611366 0.120482 
1067 29.703061 0.000000 3.508501 104.841876 -0.030341 2.342321 -0.099731 
1068 30.176052 0.000000 3.508501 104.725212 -0.021060 -2.994653 -0.097634 
1069 29.703061 0.000000 3.951901 103.428225 -0.033215 -1.671656 -0.070019 
1070 28.993573 0.000000 3.286800 101.746811 -0.050522 14.535704 -0.056370 
1071 29.230069 0.000000 3.286800 101.527068 -0.053770 7.832084 -0.036909 
1072 28.993573 0.000000 3.508501 103.749439 -0.067909 8.473985 -0.083576 
1073 29.466565 0.000000 3.286800 105.812524 -0.037292 2.671948 -0.120343 
1074 29.466565 0.000000 3.065100 104.139839 -0.064348 1.054603 -0.084622 
1075 29.703061 0.000000 3.286800 107.983144 -0.028658 1.700950 -0.166325 
1076 29.466565 0.000000 3.508501 103.945760 -0.045829 3.494961 -0.081694 
1077 29.111821 0.000000 3.175950 98.763003 -0.064893 10.378350 0.013815 
1078 28.993573 0.000000 3.175950 98.268670 -0.064102 15.786725 0.009404 
1079 29.111821 0.000000 3.065100 103.863324 -0.100615 15.999925 -0.104360 
1080 29.230069 0.000000 3.175950 101.805516 -0.066636 9.620019 -0.045691 
1081 29.111821 0.000000 3.286800 101.496149 -0.062968 10.775207 -0.041758 
1082 30.649044 0.000000 3.508501 106.893888 -0.018398 -0.335801 -0.142642 
1083 30.649044 0.000000 3.065100 149.524656 -0.070172 -19.091894 -1.272213 
1084 30.649044 0.000000 3.951901 104.418723 -0.037218 -5.575864 -0.093436 
1085 29.939556 0.000000 3.286800 106.617288 -0.039578 3.097555 -0.137684 
1086 29.939556 0.000000 3.065100 107.477963 -0.065295 5.419766 -0.158089 
1087 30.176052 0.000000 3.286800 108.784439 -0.047530 3.666043 -0.184750 
1088 29.939556 0.000000 3.508501 106.446992 -0.041372 1.279546 -0.133260 
1089 30.649044 0.000000 2.621699 246.061592 -0.209917 -62.912794 -5.450437 
1090 30.649044 0.000000 2.178299 100.739252 -0.324585 -1.094607 -0.014970 
1091 30.412548 0.000000 3.286800 129.474202 -0.041773 -7.190682 -0.681528 
1092 30.412548 0.000000 3.065100 197.930335 -0.098493 -35.044203 -3.040452 
1093 30.649044 0.000000 3.286800 130.181796 -0.037116 -11.320020 -0.707544 
1094 30.412548 0.000000 3.508501 104.627259 -0.028452 -1.334174 -0.094864 
1095 29.230069 0.000000 24.348334 100.209364 0.109884 6.143197 -0.007967 
1096 21.662204 0.000000 24.348334 100.374759 0.294690 6.563855 -0.011826 
1097 29.230069 0.000000 31.442745 100.058104 0.258546 6.495454 -0.005388 
1098 33.014001 0.000000 13.706717 100.180375 -0.024399 4.660357 -0.005783 
1099 29.230069 0.000000 13.706717 100.542472 -0.107003 4.623511 -0.013018 
1100 33.014001 0.000000 17.253923 100.193063 0.158589 5.350473 -0.006730 
1101 31.122035 0.000000 8.385909 100.311992 0.112962 2.967605 -0.007132 
1102 29.230069 0.000000 8.385909 100.869983 0.095706 2.981535 -0.018365 
1103 33.014001 0.000000 8.385909 99.828439 0.007906 2.853572 0.002614 
1104 31.122035 0.000000 10.159511 100.397120 -0.232033 3.661813 -0.009304 
1105 30.176052 0.000000 5.725504 101.235601 -0.014340 0.833423 -0.024934 
1106 29.230069 0.000000 5.725504 101.476260 -0.257982 1.268606 -0.029911 
1107 31.122035 0.000000 5.725504 100.594565 0.006411 0.727601 -0.011980 
1108 30.176052 0.000000 6.612306 100.801907 -0.064253 1.658566 -0.016378 
1109 29.703061 0.000000 4.395302 99.136342 -0.000000 2.105851 0.016755 
1110 29.230069 0.000000 4.395302 98.245910 -0.000000 -2.825585 0.033976 
1111 30.176052 0.000000 4.395302 104.219442 -0.000000 -1.278128 -0.086333 
1112 29.703061 0.000000 4.838703 101.889428 -0.250502 0.554968 -0.038183 
1113 29.939556 0.000000 3.730201 105.641455 -0.055901 0.231269 -0.116017 
1114 29.703061 0.000000 3.730201 106.605057 -0.041685 1.475316 -0.136682 
1115 30.176052 0.000000 3.730201 105.560925 -0.043278 0.448722 -0.114331 
1116 29.939556 0.000000 3.951901 102.761012 -0.030005 -1.226032 -0.056133 
1117 30.057804 0.000000 3.397651 107.672731 -0.035655 3.812019 -0.160795 
1118 29.939556 0.000000 3.397651 105.762185 -0.042226 4.513224 -0.120601 
1119 30.057804 0.000000 3.286800 107.178461 -0.045004 4.224804 -0.150507 
1120 30.176052 0.000000 3.397651 109.614775 -0.039215 2.193276 -0.202021 
1121 30.057804 0.000000 3.508501 106.975837 -0.039104 0.594749 -0.144419 
1122 30.649044 0.000000 4.395302 103.099849 -0.000000 -8.142425 -0.069588 
1123 31.122035 0.000000 4.395302 101.000374 -0.037002 -4.644817 -0.022265 
1124 30.649044 0.000000 4.838703 106.717302 -0.000000 -7.487263 -0.144464 
1125 30.412548 0.000000 3.730201 107.809784 -0.046343 -2.613313 -0.162978 
1126 30.649044 0.000000 3.730201 106.816128 -0.031733 -5.104696 -0.143574 
1127 30.412548 0.000000 3.951901 104.090150 -0.043951 -4.437671 -0.085445 
1128 30.294300 0.000000 3.397651 109.492525 -0.030419 2.439349 -0.199456 
1129 30.294300 0.000000 3.286800 125.436439 -0.034058 -4.144351 -0.575148 
1130 30.412548 0.000000 3.397651 123.934728 -0.035087 -7.056196 -0.540961 
1131 30.294300 0.000000 3.508501 103.284841 -0.019703 -1.936023 -0.067151 
1132 30.057804 0.000000 3.619351 106.089812 -0.050780 0.705419 -0.125555 
1133 29.939556 0.000000 3.619351 105.429230 -0.051602 0.931808 -0.111619 
1134 30.176052 0.000000 3.619351 107.029526 -0.057201 0.070228 -0.145533 
1135 30.057804 0.000000 3.730201 106.248785 -0.042000 -0.046643 -0.128881 
1136 30.116928 0.000000 3.453076 107.047355 -0.029888 -0.350355 -0.145926 
1137 30.057804 0.000000 3.453076 107.881942 -0.040826 2.635882 -0.164546 
1138 30.116928 0.000000 3.397651 108.628672 -0.038938 2.482601 -0.180635 
1139 30.176052 0.000000 3.453076 106.450118 -0.031673 -1.204680 -0.133308 
1140 30.116928 0.000000 3.508501 105.317304 -0.022452 -2.972726 -0.110057 
1141 30.294300 0.000000 3.619351 105.556814 -0.042169 -1.334239 -0.114402 
1142 30.412548 0.000000 3.619351 105.967457 -0.034073 -1.729323 -0.123209 
1143 30.294300 0.000000 3.730201 106.986148 -0.047321 -1.576674 -0.144852 
1144 30.235176 0.000000 3.453076 105.942617 -0.027682 -1.161062 -0.122519 
1145 30.235176 0.000000 3.397651 110.854473 -0.035778 2.437455 -0.229466 
1146 30.294300 0.000000 3.453076 106.036517 -0.031285 -0.360012 -0.124387 
1147 30.235176 0.000000 3.508501 104.188266 -0.023335 -2.162782 -0.085987 
1148 30.116928 0.000000 3.563926 107.896450 -0.055462 0.792247 -0.164227 
1149 30.057804 0.000000 3.563926 106.155092 -0.048709 1.262346 -0.127050 
1150 30.176052 0.000000 3.563926 105.985221 -0.037358 -1.464444 -0.123501 
1151 30.116928 0.000000 3.619351 106.494416 -0.050910 0.562905 -0.134138 
1152 30.146490 0.000000 3.480788 104.972831 -0.019293 -3.306898 -0.103023 
1153 30.116928 0.000000 3.480788 105.619028 -0.024864 -2.558701 -0.116193 
1154 30.146490 0.000000 3.453076 106.360051 -0.025056 -1.281691 -0.131410 
1155 30.176052 0.000000 3.480788 105.104655 -0.021587 -2.929492 -0.105557 
1156 30.146490 0.000000 3.508501 104.532086 -0.015198 -4.049016 -0.094335 
1157 30.235176 0.000000 3.563926 104.744483 -0.031843 -1.622562 -0.097404 
1158 30.294300 0.000000 3.563926 105.212142 -0.036328 -1.251664 -0.107116 
1159 30.235176 0.000000 3.619351 107.116756 -0.055266 -0.491597 -0.147424 
1160 30.205614 0.000000 3.480788 104.278858 -0.019867 -2.613233 -0.088091 
1161 30.205614 0.000000 3.453076 105.785081 -0.026761 -1.634112 -0.119315 
1162 30.235176 0.000000 3.480788 104.592549 -0.024465 -1.742118 -0.094264 
1163 30.205614 0.000000 3.508501 103.116313 -0.012340 -3.767532 -0.064717 
1164 30.146490 0.000000 3.536213 105.090060 -0.024940 -2.739693 -0.105143 
1165 30.116928 0.000000 3.536213 105.825747 -0.031672 -1.676985 -0.120190 
1166 30.176052 0.000000 3.536213 105.614952 -0.032822 -1.677899 -0.115733 
1167 30.146490 0.000000 3.563926 106.058309 -0.039398 -1.148735 -0.124969 
1168 30.161271 0.000000 3.494644 104.898130 -0.019514 -3.354619 -0.101487 
1169 30.146490 0.000000 3.494644 104.477810 -0.014063 -4.135506 -0.093272 
1170 30.161271 0.000000 3.480788 105.130604 -0.021210 -3.020597 -0.106157 
1171 30.176052 0.000000 3.494644 104.846148 -0.020266 -3.194200 -0.100292 
1172 30.161271 0.000000 3.508501 104.787277 -0.020340 -3.147370 -0.099028 
1173 34.905968 0.000000 8.385909 99.450638 -0.044373 3.230483 0.009913 
1174 34.905968 0.000000 10.159511 99.949056 0.018931 3.887384 -0.000493 
1175 38.689900 0.000000 11.933114 100.931106 0.088959 4.154221 -0.020435 
1176 36.797934 0.000000 11.933114 100.253080 0.259123 4.591070 -0.007183 
1177 38.689900 0.000000 13.706717 100.348068 0.182458 4.616290 -0.009108 
1178 37.743917 0.000000 9.272710 97.322924 0.000000 5.132267 0.050191 
1179 36.797934 0.000000 9.272710 97.578177 0.000000 4.955398 0.045394 
1180 37.743917 0.000000 8.385909 97.533417 0.000000 3.993024 0.047129 
1181 38.689900 0.000000 9.272710 96.568676 0.000000 2.846981 0.066639 
1182 37.743917 0.000000 10.159511 97.811592 0.000000 5.865604 0.039849 
1183 39.635883 0.000000 9.272710 97.073577 -0.000000 1.582797 0.057422 
1184 39.635883 0.000000 8.385909 97.078343 -0.000000 2.275775 0.057062 
1185 39.635883 0.000000 10.159511 100.206900 -0.073699 0.201445 -0.004147 
1186 34.905968 0.000000 11.933114 100.175326 0.150767 4.431681 -0.005476 
1187 33.014001 0.000000 11.933114 100.469221 -0.138131 4.188857 -0.011163 
1188 34.905968 0.000000 13.706717 100.170991 0.128341 4.766310 -0.005696 
1189 37.743917 0.000000 11.046313 100.954782 0.259293 4.776196 -0.021475 
1190 36.797934 0.000000 11.046313 100.212218 0.288077 4.680601 -0.006448 
1191 38.689900 0.000000 11.046313 101.784598 0.103445 3.789830 -0.037448 
1192 37.743917 0.000000 11.933114 100.603885 0.028291 4.628202 -0.014256 
1193 38.216908 0.000000 9.716111 101.412373 0.499176 1.857153 -0.028817 
1194 37.743917 0.000000 9.716111 98.199930 0.000000 5.825304 0.032284 
1195 38.216908 0.000000 9.272710 96.831886 0.000000 3.857679 0.060870 
1196 38.689900 0.000000 9.716111 99.467897 0.170715 1.292063 0.010444 
1197 38.216908 0.000000 10.159511 103.358433 0.686145 1.117088 -0.068468 
1198 41.527849 0.000000 11.046313 100.049841 0.266545 2.271536 -0.001520 
1199 40.581866 0.000000 11.046313 100.724965 0.069581 2.285605 -0.015075 
1200 42.473832 0.000000 11.046313 99.592848 0.475667 2.523109 0.007467 
1201 41.527849 0.000000 11.933114 100.132999 0.183340 3.073210 -0.003610 
1202 41.054858 0.000000 9.716111 99.445509 -0.131821 0.379065 0.011043 
1203 40.581866 0.000000 9.716111 99.007109 -0.078159 0.523247 0.019731 
1204 41.054858 0.000000 9.272710 98.163186 -0.000000 1.360574 0.036214 
1205 41.527849 0.000000 9.716111 99.241484 -0.066850 0.370390 0.015099 
1206 41.054858 0.000000 10.159511 99.847669 -0.184483 0.132325 0.003039 
1207 42.000841 0.000000 9.716111 98.744682 -0.000000 1.694696 0.024662 
1208 42.000841 0.000000 9.272710 98.625279 0.000000 2.004198 0.026904 
1209 42.473832 0.000000 9.716111 98.874048 -0.000000 2.202526 0.021907 
1210 42.000841 0.000000 10.159511 98.759065 0.000000 1.615322 0.024404 
1211 39.635883 0.000000 11.046313 101.436040 0.091700 2.693806 -0.029654 
1212 39.635883 0.000000 11.933114 100.885824 0.078056 3.580385 -0.019077 
1213 41.054858 0.000000 10.602912 100.342221 0.074997 1.636874 -0.007125 
1214 40.581866 0.000000 10.602912 100.785846 0.014062 1.674906 -0.016059 
1215 41.527849 0.000000 10.602912 99.906062 0.352582 1.761104 0.001555 
1216 41.054858 0.000000 11.046313 100.382511 0.149942 2.216642 -0.008158 
1217 41.291353 0.000000 9.937811 99.345615 -0.113329 0.283289 0.013036 
1218 41.054858 0.000000 9.937811 99.530584 -0.143332 0.285418 0.009356 
1219 41.291353 0.000000 9.716111 99.360021 -0.106872 0.364848 0.012744 
1220 41.527849 0.000000 9.937811 99.018027 -0.026684 0.485937 0.019519 
1221 41.291353 0.000000 10.159511 99.707456 -0.147968 0.064194 0.005840 
1222 41.054858 0.000000 8.829309 97.942960 -0.000000 1.718361 0.040422 
1223 40.581866 0.000000 8.829309 97.637876 -0.000000 1.697921 0.046396 
1224 41.054858 0.000000 8.385909 97.708012 -0.000000 2.019978 0.044906 
1225 41.527849 0.000000 8.829309 98.142545 0.000000 1.945697 0.036426 
1226 41.291353 0.000000 9.494410 98.389313 -0.000000 1.202280 0.031810 
1227 41.054858 0.000000 9.494410 98.267662 -0.000000 1.282881 0.034182 
1228 41.291353 0.000000 9.272710 98.275233 -0.000000 1.416834 0.033997 
1229 41.527849 0.000000 9.494410 98.499771 -0.000000 1.489455 0.029558 
1230 46.257765 0.000000 11.933114 99.271363 0.598895 3.766502 0.013065 
1231 48.149731 0.000000 11.933114 99.335108 0.599512 3.947808 0.011659 
1232 46.257765 0.000000 13.706717 99.543437 0.298021 4.362264 0.007199 
1233 43.419815 0.000000 11.046313 99.393202 0.544370 2.801289 0.011285 
1234 44.365799 0.000000 11.046313 99.304976 0.545062 3.040048 0.012898 
1235 43.419815 0.000000 11.933114 99.595209 0.329709 3.272496 0.006998 
1236 42.000841 0.000000 10.602912 99.593375 0.689492 1.998193 0.007669 
1237 42.473832 0.000000 10.602912 99.404754 0.777492 2.232018 0.011311 
1238 42.000841 0.000000 11.046313 99.777949 0.384348 2.386121 0.003852 
1239 41.764345 0.000000 9.937811 98.917986 -0.020638 0.751681 0.021467 
1240 41.764345 0.000000 9.716111 98.957019 -0.014295 0.772163 0.020691 
1241 42.000841 0.000000 9.937811 98.751963 0.000000 1.590556 0.024552 
1242 41.764345 0.000000 10.159511 99.027198 -0.019283 0.474270 0.019339 
1243 41.409601 0.000000 9.826961 99.360133 -0.098159 0.262122 0.012749 
1244 41.291353 0.000000 9.826961 99.378246 -0.114158 0.267506 0.012388 
1245 41.409601 0.000000 9.716111 99.213305 -0.070126 0.380599 0.015657 
1246 41.527849 0.000000 9.826961 99.331474 -0.072952 0.248232 0.013319 
1247 41.409601 0.000000 9.937811 99.174030 -0.064218 0.323489 0.016440 
1248 40.108875 0.000000 9.716111 99.244294 -0.051719 0.453521 0.015036 
1249 39.635883 0.000000 9.716111 99.087252 -0.053798 0.551485 0.018141 
1250 40.108875 0.000000 9.272710 97.437814 -0.000000 1.361773 0.050402 
1251 40.108875 0.000000 10.159511 99.856381 -0.069201 0.259377 0.002863 
1252 40.818362 0.000000 9.937811 99.523766 -0.129114 0.291759 0.009492 
1253 40.581866 0.000000 9.937811 99.498701 -0.112023 0.319877 0.009989 
1254 40.818362 0.000000 9.716111 99.250922 -0.100925 0.430915 0.014906 
1255 40.818362 0.000000 10.159511 99.596282 -0.129021 0.273042 0.008049 
1256 41.173106 0.000000 9.826961 99.514299 -0.142854 0.288432 0.009680 
1257 41.054858 0.000000 9.826961 99.539122 -0.145331 0.282745 0.009186 
1258 41.173106 0.000000 9.716111 99.322322 -0.124950 0.499159 0.013481 
1259 41.173106 0.000000 9.937811 99.338875 -0.135546 0.357715 0.013164 
1260 40.108875 0.000000 10.602912 101.235229 0.041010 1.760761 -0.025167 
1261 39.635883 0.000000 10.602912 101.746203 0.074118 1.974916 -0.035620 
1262 40.108875 0.000000 11.046313 101.092913 0.117437 2.421033 -0.022565 
1263 40.345370 0.000000 9.937811 99.399452 -0.093023 0.378246 0.011960 
1264 40.108875 0.000000 9.937811 99.538585 -0.065208 0.339041 0.009195 
1265 40.345370 0.000000 9.716111 99.329235 -0.086573 0.450010 0.013349 
1266 40.345370 0.000000 10.159511 99.726122 -0.108418 0.278607 0.005461 
1267 39.162892 0.000000 9.716111 98.465947 0.002630 0.822711 0.030378 
1268 39.162892 0.000000 9.272710 96.711996 -0.000000 1.955273 0.064297 
1269 39.162892 0.000000 10.159511 99.432484 0.004218 0.540601 0.011289 
1270 39.162892 0.000000 10.602912 102.252472 0.091021 2.443340 -0.046155 
1271 38.689900 0.000000 10.602912 102.622681 0.162536 3.254960 -0.054204 
1272 39.162892 0.000000 11.046313 101.710247 0.116597 3.136545 -0.035483 
1273 38.926396 0.000000 9.937811 99.100685 0.049462 0.738717 0.017851 
1274 38.689900 0.000000 9.937811 99.556361 0.160671 0.857151 0.008777 
1275 38.926396 0.000000 9.716111 98.733775 0.038600 0.947923 0.025074 
1276 39.162892 0.000000 9.937811 99.205539 -0.012532 0.613700 0.015788 
1277 38.926396 0.000000 10.159511 99.776830 0.054822 0.524747 0.004431 
1278 38.216908 0.000000 10.602912 102.324848 0.233513 4.616294 -0.049174 
1279 37.743917 0.000000 10.602912 101.112001 0.346450 5.170186 -0.025049 
1280 38.216908 0.000000 11.046313 101.470473 0.118657 4.480161 -0.031634 
1281 38.453404 0.000000 9.937811 99.767036 0.319696 1.761559 0.004333 
1282 38.216908 0.000000 9.937811 101.447190 0.462076 2.834689 -0.029978 
1283 38.453404 0.000000 9.716111 101.283073 0.455216 1.334365 -0.026025 
1284 38.453404 0.000000 10.159511 101.907497 0.494002 1.062321 -0.038651 
1285 35.851951 0.000000 9.272710 99.541616 0.110506 3.686597 0.007786 
1286 34.905968 0.000000 9.272710 99.844982 -0.012026 3.492404 0.001878 
1287 35.851951 0.000000 8.385909 98.042015 0.000000 4.227465 0.036989 
1288 35.851951 0.000000 10.159511 99.688661 0.119989 4.252614 0.004407 
1289 37.270925 0.000000 9.716111 98.267338 0.000000 5.924291 0.030843 
1290 36.797934 0.000000 9.716111 99.321075 0.411357 4.568002 0.011429 
1291 37.270925 0.000000 9.272710 97.935167 0.000000 5.362920 0.037994 
1292 37.270925 0.000000 10.159511 99.605968 0.000000 6.932307 0.003059 
1293 37.980413 0.000000 9.937811 102.976160 0.633957 1.888585 -0.060806 
1294 37.743917 0.000000 9.937811 97.721733 0.000000 5.515331 0.042004 
1295 37.980413 0.000000 9.716111 101.061370 0.416783 3.122577 -0.022332 
1296 37.980413 0.000000 10.159511 103.009400 0.625458 2.093445 -0.061571 
1297 37.743917 0.000000 7.499107 97.867302 -0.000000 2.903767 0.041356 
1298 36.797934 0.000000 7.499107 97.970403 0.000000 3.406563 0.039020 
1299 37.743917 0.000000 6.612306 97.948150 -0.000000 2.231485 0.040118 
1300 38.689900 0.000000 7.499107 97.504593 -0.000000 2.614329 0.048602 
1301 38.216908 0.000000 8.829309 97.165409 0.000000 4.028359 0.054266 
1302 37.743917 0.000000 8.829309 97.577350 0.000000 4.607020 0.045744 
1303 38.216908 0.000000 8.385909 97.216078 -0.000000 3.543897 0.053647 
1304 38.689900 0.000000 8.829309 96.726968 -0.000000 2.855496 0.063574 
1305 37.980413 0.000000 9.494410 97.217337 0.000000 5.198080 0.052177 
1306 37.743917 0.000000 9.494410 98.460104 0.000000 5.955328 0.027014 
1307 37.980413 0.000000 9.272710 97.014418 0.000000 4.518290 0.056779 
1308 38.216908 0.000000 9.494410 96.357840 0.000000 3.966440 0.069943 
1309 38.098661 0.000000 9.826961 102.570643 0.601774 1.625962 -0.052374 
1310 37.980413 0.000000 9.826961 102.299319 0.556267 2.336858 -0.047092 
1311 38.098661 0.000000 9.716111 101.198849 0.462692 2.501770 -0.024768 
1312 38.216908 0.000000 9.826961 102.675776 0.622372 1.338861 -0.054449 
1313 38.098661 0.000000 9.937811 103.101374 0.525341 3.166854 -0.064020 
1314 38.453404 0.000000 9.494410 96.404892 0.000000 3.150595 0.069617 
1315 38.453404 0.000000 9.272710 96.695669 0.000000 3.239384 0.063945 
1316 38.689900 0.000000 9.494410 96.566606 0.000000 2.827997 0.066689 
1317 38.335156 0.000000 9.826961 102.430260 0.571601 1.083377 -0.049346 
1318 38.335156 0.000000 9.716111 101.526414 0.485776 1.454738 -0.030996 
1319 38.453404 0.000000 9.826961 101.570147 0.459932 1.029775 -0.031777 
1320 38.335156 0.000000 9.937811 99.613207 0.352666 1.970092 0.007320 
1321 35.851951 0.000000 11.046313 100.064404 0.066470 4.459623 -0.003278 
1322 34.905968 0.000000 11.046313 99.929320 0.163360 4.225279 -0.000375 
1323 35.851951 0.000000 11.933114 100.145950 0.272003 4.532880 -0.004983 
1324 37.270925 0.000000 10.602912 100.332078 0.359411 4.943583 -0.009109 
1325 36.797934 0.000000 10.602912 100.073728 0.289333 4.720933 -0.003712 
1326 37.270925 0.000000 11.046313 100.505986 0.231783 4.754106 -0.012411 
1327 37.980413 0.000000 10.381212 97.640495 0.000000 5.741915 0.043336 
1328 37.743917 0.000000 10.381212 98.562169 0.000000 6.538315 0.024275 
1329 38.216908 0.000000 10.381212 97.173994 0.000000 4.894813 0.053326 
1330 37.980413 0.000000 10.602912 101.705606 0.347863 5.129901 -0.037047 
1331 38.098661 0.000000 10.048661 103.467928 0.694593 1.207754 -0.070755 
1332 37.980413 0.000000 10.048661 103.217984 0.662778 1.706512 -0.065730 
1333 38.216908 0.000000 10.048661 103.307767 0.684355 1.046536 -0.067406 
1334 38.098661 0.000000 10.159511 103.447234 0.694649 1.464600 -0.070396 
1335 38.157785 0.000000 9.882386 102.367875 0.557128 2.264308 -0.048462 
1336 38.098661 0.000000 9.882386 102.956210 0.642162 1.425304 -0.060242 
1337 38.157785 0.000000 9.826961 102.673764 0.618122 1.457624 -0.054441 
1338 38.216908 0.000000 9.882386 101.969450 0.532650 2.169079 -0.040276 
1339 38.157785 0.000000 9.937811 101.751144 0.472157 3.062284 -0.036290 
1340 55.717596 0.000000 -0.482106 99.201095 -0.246193 6.389722 0.011825 
1341 55.717596 0.000000 -4.029311 99.328427 -0.182654 5.902378 0.009899 
1342 59.501528 0.000000 -0.482106 99.400988 -0.243206 6.358582 0.007895 
1343 55.717596 0.000000 3.065100 99.249863 -0.383092 5.632427 0.011759 
1344 50.041697 0.000000 1.291497 98.490945 -0.505697 6.839041 0.025251 
1345 50.041697 0.000000 -0.482106 98.555074 -0.546546 6.732302 0.024127 
1346 51.933663 0.000000 1.291497 98.792786 -0.299672 6.986996 0.019108 
1347 50.041697 0.000000 3.065100 98.626849 -0.692708 5.026801 0.024700 
1348 55.717596 0.000000 6.612306 99.337992 -0.369466 4.790949 0.010887 
1349 59.501528 0.000000 6.612306 99.499888 -0.200943 4.856543 0.007615 
1350 55.717596 0.000000 10.159511 99.441522 -1.380780 4.480228 0.008940 
1351 43.419815 0.000000 3.951901 95.786807 -0.922136 2.566277 0.081745 
1352 44.365799 0.000000 3.951901 96.453291 -0.870533 3.574880 0.068323 
1353 42.000841 0.000000 4.395302 96.151818 0.000000 0.472852 0.075460 
1354 41.527849 0.000000 4.395302 96.211859 0.000000 -0.196955 0.074324 
1355 42.000841 0.000000 3.951901 100.901906 0.274934 -6.110768 -0.021861 
1356 42.473832 0.000000 4.395302 96.049340 0.000000 0.547755 0.077422 
1357 41.054858 0.000000 4.395302 96.802894 0.000000 -0.795926 0.062857 
1358 40.581866 0.000000 4.395302 97.728717 -0.000000 -0.544406 0.044880 
1359 41.054858 0.000000 3.951901 98.747601 0.105495 -3.671050 0.023542 
1360 42.000841 0.000000 3.508501 103.897277 0.241452 -11.028934 -0.091634 
1361 41.527849 0.000000 3.508501 100.197885 0.138601 -8.331769 -0.010905 
1362 42.473832 0.000000 3.508501 107.657439 0.428845 -14.401814 -0.179772 
1363 41.764345 0.000000 4.173602 98.034593 0.030660 -1.926376 0.038551 
1364 41.527849 0.000000 4.173602 96.618496 0.065410 -1.439386 0.066279 
1365 41.764345 0.000000 3.951901 99.456291 0.191832 -4.719914 0.008613 
1366 42.000841 0.000000 4.173602 95.976194 0.000000 -0.439111 0.078838 
1367 41.764345 0.000000 4.395302 96.106644 0.000000 0.056607 0.076351 
1368 41.054858 0.000000 3.508501 99.281270 0.064711 -8.031851 0.007871 
1369 40.581866 0.000000 3.508501 103.738712 0.125908 -8.063972 -0.082676 
1370 41.054858 0.000000 3.065100 98.659705 0.183133 -6.194393 0.022786 
1371 41.291353 0.000000 4.173602 97.410621 0.093509 -2.018420 0.050709 
1372 41.054858 0.000000 4.173602 97.657492 0.077892 -2.144199 0.045841 
1373 41.291353 0.000000 3.951901 98.321698 0.077241 -3.807767 0.031834 
1374 41.291353 0.000000 4.395302 96.439298 0.000000 -0.495538 0.069922 
1375 41.764345 0.000000 3.730201 101.384605 0.208373 -7.955408 -0.034217 
1376 41.527849 0.000000 3.730201 98.524929 0.086830 -5.616948 0.026128 
1377 41.764345 0.000000 3.508501 101.409701 0.164948 -8.851234 -0.036230 
1378 42.000841 0.000000 3.730201 103.389839 0.282625 -10.040629 -0.079035 
1379 41.646097 0.000000 4.062752 98.054784 0.115362 -3.078491 0.037577 
1380 41.527849 0.000000 4.062752 97.595779 0.088167 -2.637734 0.046810 
1381 41.646097 0.000000 3.951901 98.982297 0.167939 -4.393681 0.018317 
1382 41.764345 0.000000 4.062752 98.646510 0.245670 -3.353673 0.025756 
1383 41.646097 0.000000 4.173602 97.305272 0.125135 -1.962535 0.052782 
1384 41.291353 0.000000 3.730201 98.568553 0.084374 -5.971765 0.024857 
1385 41.054858 0.000000 3.730201 99.154172 0.085233 -6.561070 0.012540 
1386 41.291353 0.000000 3.508501 97.524871 0.066273 -6.695526 0.044407 
1387 41.409601 0.000000 4.062752 98.009701 0.098319 -3.053109 0.038477 
1388 41.291353 0.000000 4.062752 97.972746 0.089567 -2.971529 0.039250 
1389 41.409601 0.000000 3.951901 98.345054 0.083533 -3.946428 0.031267 
1390 41.409601 0.000000 4.173602 97.026416 0.072855 -1.757511 0.058278 
1391 41.764345 0.000000 4.617002 96.376878 0.000000 0.707736 0.071100 
1392 41.527849 0.000000 4.617002 96.418935 0.000000 0.596596 0.070303 
1393 42.000841 0.000000 4.617002 96.472783 0.000000 0.875416 0.069224 
1394 41.764345 0.000000 4.838703 96.608489 0.000000 1.005842 0.066579 
1395 41.646097 0.000000 4.284452 96.042803 0.000000 -0.506739 0.077552 
1396 41.527849 0.000000 4.284452 96.084844 0.000000 -0.648902 0.076728 
1397 41.764345 0.000000 4.284452 96.091374 0.000000 -0.182063 0.076641 
1398 41.646097 0.000000 4.395302 96.134259 0.000000 0.046957 0.075820 
1399 41.586973 0.000000 4.118177 97.010309 0.102681 -1.820404 0.058568 
1400 41.527849 0.000000 4.118177 96.904113 0.087844 -1.732022 0.060659 
1401 41.586973 0.000000 4.062752 97.846383 0.104794 -2.897707 0.041768 
1402 41.646097 0.000000 4.118177 97.398724 0.134375 -2.127142 0.050895 
1403 41.586973 0.000000 4.173602 96.648064 0.069093 -1.456388 0.065703 
1404 42.946824 0.000000 4.395302 96.070061 -0.387684 2.118067 0.076591 
1405 42.946824 0.000000 3.951901 95.438093 -0.873656 1.956481 0.088698 
1406 43.419815 0.000000 4.395302 96.268458 -0.418389 2.650211 0.072519 
1407 42.946824 0.000000 4.838703 96.568748 -1.148771 2.225660 0.066820 
1408 42.237337 0.000000 4.173602 96.098367 0.000000 0.518439 0.076484 
1409 42.237337 0.000000 3.951901 102.187860 0.098275 -4.584950 -0.046339 
1410 42.473832 0.000000 4.173602 95.572408 -0.587619 1.325920 0.086381 
1411 42.237337 0.000000 4.395302 96.096551 0.000000 0.519525 0.076518 
1412 41.882593 0.000000 4.062752 99.093002 0.293259 -3.570996 0.016774 
1413 41.882593 0.000000 3.951901 100.123963 0.231103 -5.207335 -0.005198 
1414 42.000841 0.000000 4.062752 99.371071 0.318256 -3.789945 0.011093 
1415 41.882593 0.000000 4.173602 95.976154 0.000000 -0.439285 0.078838 
1416 41.705221 0.000000 4.118177 97.669079 0.156818 -2.331919 0.045529 
1417 41.705221 0.000000 4.062752 98.528182 0.235197 -3.291628 0.028131 
1418 41.764345 0.000000 4.118177 98.575826 0.237585 -3.182128 0.027262 
1419 41.705221 0.000000 4.173602 97.598770 0.149218 -2.180383 0.046970 
1420 41.291353 0.000000 4.617002 96.668290 0.000000 0.542054 0.065495 
1421 41.054858 0.000000 4.617002 96.793186 -0.000000 0.371822 0.063094 
1422 41.291353 0.000000 4.838703 96.794473 -0.000000 0.757836 0.063026 
1423 41.409601 0.000000 4.284452 96.242244 0.000000 -0.723052 0.073691 
1424 41.291353 0.000000 4.284452 96.956629 -0.015555 -1.285191 0.059776 
1425 41.409601 0.000000 4.395302 96.315761 0.000000 -0.249628 0.072321 
1426 41.586973 0.000000 4.229027 96.858972 0.013838 -1.206395 0.061688 
1427 41.527849 0.000000 4.229027 96.774760 0.011709 -1.205578 0.063319 
1428 41.646097 0.000000 4.229027 96.594378 -0.019288 -1.064665 0.066839 
1429 41.586973 0.000000 4.284452 96.036085 0.000000 -0.536930 0.077678 
1430 41.616535 0.000000 4.145889 97.093130 0.108823 -1.843240 0.056951 
1431 41.586973 0.000000 4.145889 96.694501 0.073136 -1.520159 0.064786 
1432 41.616535 0.000000 4.118177 97.216289 0.119438 -1.984528 0.054504 
1433 41.646097 0.000000 4.145889 97.329408 0.127952 -2.026444 0.052286 
1434 41.616535 0.000000 4.173602 97.066245 0.105911 -1.782398 0.057496 
1435 41.882593 0.000000 4.284452 96.011534 0.000000 -0.236551 0.078173 
1436 42.000841 0.000000 4.284452 96.024704 0.000000 0.020061 0.077926 
1437 41.882593 0.000000 4.395302 96.056018 0.000000 0.192408 0.077320 
1438 41.705221 0.000000 4.229027 96.143997 0.000000 -0.540421 0.075604 
1439 41.764345 0.000000 4.229027 96.075395 0.000000 -0.296731 0.076943 
1440 41.705221 0.000000 4.284452 96.153938 0.000000 -0.400603 0.075426 
1441 41.675659 0.000000 4.145889 97.497450 0.141720 -2.154113 0.048959 
1442 41.675659 0.000000 4.118177 97.546695 0.146602 -2.240167 0.047960 
1443 41.705221 0.000000 4.145889 97.627511 0.152514 -2.251608 0.046378 
1444 41.675659 0.000000 4.173602 97.471563 0.138692 -2.086190 0.049492 
1445 41.616535 0.000000 4.201314 96.695501 0.140909 -1.307729 0.064825 
1446 41.586973 0.000000 4.201314 96.857751 0.084162 -1.585218 0.061606 
1447 41.646097 0.000000 4.201314 97.018139 0.016087 -1.310553 0.058576 
1448 41.616535 0.000000 4.229027 96.527169 -0.017676 -1.044831 0.068141 
1449 41.631316 0.000000 4.159746 97.200593 0.117110 -1.905499 0.054840 
1450 41.616535 0.000000 4.159746 97.064028 0.106127 -1.800441 0.057532 
1451 41.631316 0.000000 4.145889 97.222618 0.119280 -1.944140 0.054397 
1452 41.646097 0.000000 4.159746 97.310879 0.126033 -1.989517 0.052662 
1453 41.631316 0.000000 4.173602 97.198120 0.116487 -1.882143 0.054897 
1454 41.764345 0.000000 5.060403 96.836054 0.000000 1.263542 0.062118 
1455 41.527849 0.000000 5.060403 96.812654 0.000000 1.060152 0.062619 
1456 42.000841 0.000000 5.060403 96.871384 0.000000 1.371363 0.061405 
1457 41.764345 0.000000 5.282104 97.023689 0.000000 1.571088 0.058394 
1458 42.946824 0.000000 5.282104 96.908560 -0.547991 2.433886 0.060251 
1459 43.419815 0.000000 5.282104 97.031319 -0.570073 2.758934 0.057699 
1460 42.946824 0.000000 5.725504 97.138146 0.000000 2.292675 0.055892 
1461 42.237337 0.000000 5.060403 96.881365 0.000000 1.426242 0.061197 
1462 42.237337 0.000000 4.838703 96.690198 0.000000 1.189860 0.064959 
1463 42.473832 0.000000 5.060403 97.028055 0.000000 1.604436 0.058298 
1464 42.237337 0.000000 5.282104 97.069283 0.000000 1.814849 0.057426 
1465 41.882593 0.000000 4.949553 96.664712 0.000000 1.135991 0.065464 
1466 41.764345 0.000000 4.949553 96.659748 0.000000 1.095634 0.065569 
1467 41.882593 0.000000 4.838703 96.598703 0.000000 1.065486 0.066756 
1468 42.000841 0.000000 4.949553 96.758973 0.000000 1.188691 0.063629 
1469 41.882593 0.000000 5.060403 96.842242 0.000000 1.290760 0.061991 
1470 42.000841 0.000000 6.168905 97.323787 0.000000 2.321186 0.052269 
1471 41.527849 0.000000 6.168905 97.302220 -0.000000 2.189122 0.052749 
1472 42.473832 0.000000 6.168905 97.391589 0.000000 2.407392 0.050908 
1473 42.000841 0.000000 6.612306 97.522604 0.000000 2.427022 0.048345 
1474 42.237337 0.000000 5.503804 97.096297 0.000000 1.938547 0.056855 
1475 42.000841 0.000000 5.503804 97.098469 0.000000 1.893853 0.056830 
1476 42.473832 0.000000 5.503804 97.099223 0.000000 2.014537 0.056768 
1477 42.237337 0.000000 5.725504 97.117893 0.000000 2.071864 0.056382 
1478 41.764345 0.000000 5.503804 97.103844 0.000000 1.845678 0.056744 
1479 41.527849 0.000000 5.503804 97.130243 -0.000000 1.739967 0.056269 
1480 41.764345 0.000000 5.725504 97.117376 0.000000 1.931760 0.056448 
1481 42.946824 0.000000 6.168905 97.507442 0.000000 2.477054 0.048616 
1482 43.419815 0.000000 6.168905 97.531491 -0.735141 2.793203 0.047927 
1483 42.946824 0.000000 6.612306 97.681748 0.000000 2.563260 0.045171 
1484 42.237337 0.000000 5.947205 97.173029 0.000000 2.283081 0.055219 
1485 42.000841 0.000000 5.947205 97.179373 0.000000 2.214682 0.055126 
1486 42.473832 0.000000 5.947205 97.264126 0.000000 2.351961 0.053416 
1487 42.237337 0.000000 6.168905 97.351337 0.000000 2.387817 0.051702 
1488 42.119089 0.000000 5.614654 97.086682 0.000000 1.967130 0.057031 
1489 42.000841 0.000000 5.614654 97.103635 0.000000 1.940867 0.056712 
1490 42.119089 0.000000 5.503804 97.084911 0.000000 1.925450 0.057081 
1491 42.237337 0.000000 5.614654 97.107311 0.000000 2.003074 0.056616 
1492 42.119089 0.000000 5.725504 97.104313 0.000000 2.030018 0.056663 
1493 42.119089 0.000000 5.392954 97.076363 0.000000 1.834334 0.057282 
1494 42.000841 0.000000 5.392954 97.077075 0.000000 1.768720 0.057291 
1495 42.119089 0.000000 5.282104 97.059904 0.000000 1.724821 0.057640 
1496 42.237337 0.000000 5.392954 97.077534 0.000000 1.858144 0.057250 
1497 42.710328 0.000000 5.503804 97.102234 0.000000 2.083149 0.056682 
1498 42.710328 0.000000 5.282104 97.006590 0.000000 1.611676 0.058712 
1499 42.946824 0.000000 5.503804 97.067665 -0.894656 2.476497 0.057094 
1500 42.710328 0.000000 5.725504 97.146131 0.000000 2.300866 0.055734 
1501 42.355584 0.000000 5.614654 97.106255 0.000000 2.055089 0.056615 
1502 42.355584 0.000000 5.503804 97.092470 0.000000 1.942360 0.056928 
1503 42.473832 0.000000 5.614654 97.106485 0.000000 2.056818 0.056610 
1504 42.355584 0.000000 5.725504 97.121246 0.000000 2.113940 0.056299 
1505 42.178213 0.000000 5.559229 97.090159 0.000000 1.957151 0.056967 
1506 42.119089 0.000000 5.559229 97.085841 0.000000 1.950403 0.057054 
1507 42.178213 0.000000 5.503804 97.094130 0.000000 1.924907 0.056902 
1508 42.237337 0.000000 5.559229 97.101838 0.000000 1.970205 0.056735 
1509 42.178213 0.000000 5.614654 97.093579 0.000000 1.979282 0.056892 
1510 41.054858 0.000000 6.168905 97.262223 -0.000000 2.029871 0.053594 
1511 40.581866 0.000000 6.168905 97.342125 -0.000000 1.924869 0.052081 
1512 41.054858 0.000000 6.612306 97.381969 -0.000000 2.143189 0.051216 
1513 41.764345 0.000000 5.947205 97.178239 0.000000 2.114899 0.055192 
1514 41.527849 0.000000 5.947205 97.203871 -0.000000 2.085800 0.054706 
1515 41.764345 0.000000 6.168905 97.309119 -0.000000 2.264269 0.052581 
1516 41.882593 0.000000 5.614654 97.129492 0.000000 1.936478 0.056211 
1517 41.764345 0.000000 5.614654 97.109643 0.000000 1.888636 0.056615 
1518 41.882593 0.000000 5.503804 97.105596 0.000000 1.863909 0.056703 
1519 41.882593 0.000000 5.725504 97.121380 0.000000 1.955933 0.056361 
1520 42.059965 0.000000 5.559229 97.093100 0.000000 1.930899 0.056920 
1521 42.000841 0.000000 5.559229 97.101460 0.000000 1.921415 0.056761 
1522 42.059965 0.000000 5.503804 97.095479 0.000000 1.901980 0.056885 
1523 42.059965 0.000000 5.614654 97.083954 0.000000 1.957390 0.057087 
1524 42.119089 0.000000 5.836354 97.129480 0.000000 2.140551 0.056128 
1525 42.000841 0.000000 5.836354 97.130767 0.000000 2.110194 0.056116 
1526 42.237337 0.000000 5.836354 97.131551 0.000000 2.181369 0.056070 
1527 42.119089 0.000000 5.947205 97.168401 0.000000 2.276305 0.055312 
1528 42.178213 0.000000 5.670079 97.099148 0.000000 2.005692 0.056773 
1529 42.119089 0.000000 5.670079 97.095084 0.000000 1.994052 0.056857 
1530 42.237337 0.000000 5.670079 97.112669 0.000000 2.036951 0.056498 
1531 42.178213 0.000000 5.725504 97.118069 0.000000 2.069090 0.056380 
1532 42.148651 0.000000 5.586942 97.089105 0.000000 1.963556 0.056985 
1533 42.119089 0.000000 5.586942 97.085531 0.000000 1.959036 0.057056 
1534 42.148651 0.000000 5.559229 97.088151 0.000000 1.953483 0.057007 
1535 42.178213 0.000000 5.586942 97.091658 0.000000 1.968082 0.056934 
1536 42.148651 0.000000 5.614654 97.090796 0.000000 1.973692 0.056948 
1537 42.059965 0.000000 5.670079 97.100185 0.000000 1.981747 0.056763 
1538 42.000841 0.000000 5.670079 97.108208 0.000000 1.959161 0.056616 
1539 42.059965 0.000000 5.725504 97.109188 0.000000 2.012473 0.056576 
1540 42.089527 0.000000 5.586942 97.085397 0.000000 1.954990 0.057060 
1541 42.059965 0.000000 5.586942 97.085525 0.000000 1.953579 0.057058 
1542 42.089527 0.000000 5.559229 97.090451 0.000000 1.948806 0.056965 
1543 42.089527 0.000000 5.614654 97.084249 0.000000 1.958900 0.057081 
1544 42.148651 0.000000 5.642367 97.093601 0.000000 1.985649 0.056889 
1545 42.119089 0.000000 5.642367 97.090370 0.000000 1.978772 0.056954 
1546 42.178213 0.000000 5.642367 97.096095 0.000000 1.991651 0.056838 
1547 42.148651 0.000000 5.670079 97.097216 0.000000 2.000051 0.056813 
1548 42.133870 0.000000 5.600798 97.088019 0.000000 1.965750 0.057005 
1549 42.119089 0.000000 5.600798 97.085775 0.000000 1.962852 0.057050 
1550 42.133870 0.000000 5.586942 97.087480 0.000000 1.961276 0.057017 
1551 42.148651 0.000000 5.600798 97.089818 0.000000 1.968495 0.056969 
1552 42.133870 0.000000 5.614654 97.088961 0.000000 1.970554 0.056985 
1553 42.000841 0.000000 7.055706 97.646120 -0.000000 2.519290 0.045889 
1554 41.527849 0.000000 7.055706 97.564569 -0.000000 2.364890 0.047556 
1555 42.473832 0.000000 7.055706 97.698307 0.000000 2.602459 0.044827 
1556 42.000841 0.000000 7.499107 97.761742 -0.000000 2.527779 0.043625 
1557 42.237337 0.000000 6.390605 97.439635 0.000000 2.432715 0.049960 
1558 42.000841 0.000000 6.390605 97.409634 0.000000 2.384860 0.050568 
1559 42.473832 0.000000 6.390605 97.495345 0.000000 2.459057 0.048861 
1560 42.237337 0.000000 6.612306 97.575507 0.000000 2.494396 0.047280 
1561 42.946824 0.000000 7.055706 97.706919 0.000000 2.580082 0.044670 
1562 43.419815 0.000000 7.055706 97.737684 0.000000 2.506860 0.044106 
1563 42.946824 0.000000 7.499107 97.909621 0.000000 2.601819 0.040694 
1564 42.710328 0.000000 6.390605 97.517971 0.000000 2.483320 0.048408 
1565 42.710328 0.000000 6.168905 97.448628 0.000000 2.449715 0.049776 
1566 42.946824 0.000000 6.390605 97.693314 0.000000 2.569190 0.044942 
1567 42.710328 0.000000 6.612306 97.684049 0.000000 2.562648 0.045126 
1568 42.355584 0.000000 6.279755 97.421771 0.000000 2.429714 0.050309 
1569 42.237337 0.000000 6.279755 97.409675 0.000000 2.423985 0.050548 
1570 42.355584 0.000000 6.168905 97.348445 0.000000 2.373782 0.051765 
1571 42.473832 0.000000 6.279755 97.442217 0.000000 2.432103 0.049910 
1572 42.355584 0.000000 6.390605 97.453374 0.000000 2.439220 0.049689 
1573 42.710328 0.000000 5.947205 97.280523 0.000000 2.362633 0.053092 
1574 42.946824 0.000000 5.947205 97.138146 0.000000 2.292675 0.055892 
1575 42.592080 0.000000 6.279755 97.436453 0.000000 2.438512 0.050019 
1576 42.592080 0.000000 6.168905 97.393790 0.000000 2.417020 0.050861 
1577 42.710328 0.000000 6.279755 97.482245 0.000000 2.466104 0.049113 
1578 42.592080 0.000000 6.390605 97.532258 0.000000 2.480168 0.048131 
1579 42.237337 0.000000 6.834006 97.646419 0.000000 2.547753 0.045869 
1580 42.000841 0.000000 6.834006 97.638747 -0.000000 2.502735 0.046041 
1581 42.473832 0.000000 6.834006 97.680409 0.000000 2.567448 0.045195 
1582 42.237337 0.000000 7.055706 97.632312 -0.000000 2.565433 0.046135 
1583 42.355584 0.000000 6.501456 97.543082 0.000000 2.484340 0.047918 
1584 42.237337 0.000000 6.501456 97.508128 0.000000 2.466309 0.048608 
1585 42.473832 0.000000 6.501456 97.550396 0.000000 2.488287 0.047773 
1586 42.355584 0.000000 6.612306 97.621019 0.000000 2.531515 0.046373 
1587 42.414708 0.000000 6.335180 97.442180 0.000000 2.433645 0.049910 
1588 42.355584 0.000000 6.335180 97.427859 0.000000 2.431476 0.050190 
1589 42.414708 0.000000 6.279755 97.426335 0.000000 2.425645 0.050223 
1590 42.473832 0.000000 6.335180 97.468576 0.000000 2.445330 0.049390 
1591 42.414708 0.000000 6.390605 97.463590 0.000000 2.444294 0.049487 
1592 41.764345 0.000000 6.390605 97.382129 -0.000000 2.300885 0.051143 
1593 41.527849 0.000000 6.390605 97.372672 -0.000000 2.232722 0.051358 
1594 41.764345 0.000000 6.612306 97.472430 -0.000000 2.352594 0.049359 
1595 42.119089 0.000000 6.279755 97.400915 0.000000 2.408876 0.050726 
1596 42.000841 0.000000 6.279755 97.380519 0.000000 2.370671 0.051141 
1597 42.119089 0.000000 6.168905 97.350731 0.000000 2.371402 0.051721 
1598 42.119089 0.000000 6.390605 97.427534 0.000000 2.417550 0.050203 
1599 42.296461 0.000000 6.335180 97.422651 0.000000 2.426627 0.050294 
1600 42.237337 0.000000 6.335180 97.425535 0.000000 2.429294 0.050236 
1601 42.296461 0.000000 6.279755 97.411431 0.000000 2.420686 0.050515 
1602 42.296461 0.000000 6.390605 97.448596 0.000000 2.444909 0.049779 
1603 42.355584 0.000000 6.058055 97.288967 0.000000 2.348234 0.052934 
1604 42.237337 0.000000 6.058055 97.258975 0.000000 2.335213 0.053524 
1605 42.355584 0.000000 5.947205 97.233516 0.000000 2.327692 0.054023 
1606 42.473832 0.000000 6.058055 97.324223 0.000000 2.382438 0.052232 
1607 42.414708 0.000000 6.224330 97.408593 0.000000 2.416716 0.050573 
1608 42.355584 0.000000 6.224330 97.390807 0.000000 2.399676 0.050927 
1609 42.414708 0.000000 6.168905 97.377085 0.000000 2.400382 0.051194 
1610 42.473832 0.000000 6.224330 97.416428 0.000000 2.419411 0.050419 
1611 42.385146 0.000000 6.307468 97.429000 0.000000 2.427352 0.050170 
1612 42.355584 0.000000 6.307468 97.424592 0.000000 2.430139 0.050254 
1613 42.385146 0.000000 6.279755 97.422762 0.000000 2.424056 0.050293 
1614 42.414708 0.000000 6.307468 97.434037 0.000000 2.429559 0.050071 
1615 42.385146 0.000000 6.335180 97.435706 0.000000 2.430730 0.050037 
1616 42.710328 0.000000 6.834006 97.687398 0.000000 2.579008 0.045052 
1617 42.946824 0.000000 6.834006 97.695342 0.000000 2.576298 0.044898 
1618 42.710328 0.000000 7.055706 97.699204 0.000000 2.565582 0.044828 
1619 42.946824 0.000000 7.942508 98.245279 0.000000 2.650285 0.034084 
1620 42.473832 0.000000 7.942508 98.064010 0.000000 2.651838 0.037642 
1621 43.419815 0.000000 7.942508 98.427131 0.000000 2.658582 0.030503 
1622 42.710328 0.000000 7.277407 97.706478 0.000000 2.584191 0.044677 
1623 42.473832 0.000000 7.277407 97.683550 0.000000 2.604430 0.045114 
1624 42.946824 0.000000 7.277407 97.706443 0.000000 2.575704 0.044682 
1625 42.710328 0.000000 7.499107 97.848970 0.000000 2.602026 0.041881 
1626 42.592080 0.000000 6.944856 97.693300 0.000000 2.556888 0.044948 
1627 42.473832 0.000000 6.944856 97.688749 0.000000 2.594079 0.045018 
1628 42.592080 0.000000 6.834006 97.682037 0.000000 2.567301 0.045163 
1629 42.710328 0.000000 6.944856 97.688528 0.000000 2.582276 0.045028 
1630 42.592080 0.000000 7.055706 97.710085 0.000000 2.542123 0.044628 
1631 45.311782 0.000000 7.499107 98.403946 -0.620986 3.288705 0.030546 
1632 45.311782 0.000000 6.612306 98.136230 -0.347689 3.458276 0.035720 
1633 46.257765 0.000000 7.499107 98.559981 -0.584541 3.517574 0.027322 
1634 45.311782 0.000000 8.385909 98.654829 -1.223575 3.064220 0.025634 
1635 43.892807 0.000000 7.055706 97.995515 -2.391226 2.339802 0.038569 
1636 43.892807 0.000000 6.612306 97.809067 -0.432610 2.965924 0.042440 
1637 44.365799 0.000000 7.055706 98.083138 -1.792820 2.728370 0.036904 
1638 43.892807 0.000000 7.499107 98.153419 -0.680427 2.838411 0.035739 
1639 43.183320 0.000000 6.834006 97.714313 0.000000 2.529925 0.044551 
1640 43.183320 0.000000 6.612306 97.691859 0.000000 2.552085 0.044979 
1641 43.419815 0.000000 6.834006 97.819087 -0.724066 2.784806 0.042315 
1642 43.183320 0.000000 7.055706 97.721638 0.000000 2.549843 0.044398 
1643 42.828576 0.000000 6.944856 97.689956 0.000000 2.581717 0.045001 
1644 42.828576 0.000000 6.834006 97.694230 0.000000 2.575872 0.044920 
1645 42.946824 0.000000 6.944856 97.704627 0.000000 2.580936 0.044714 
1646 42.828576 0.000000 7.055706 97.692751 0.000000 2.582266 0.044946 
1647 42.000841 0.000000 7.942508 97.919486 -0.000000 2.539596 0.040532 
1648 41.527849 0.000000 7.942508 97.775963 -0.000000 2.347266 0.043435 
1649 42.000841 0.000000 8.385909 98.177540 -0.000000 2.359320 0.035560 
1650 42.237337 0.000000 7.277407 97.657654 0.000000 2.582916 0.045631 
1651 42.000841 0.000000 7.277407 97.660158 -0.000000 2.521688 0.045613 
1652 42.237337 0.000000 7.499107 97.756337 -0.000000 2.609783 0.043689 
1653 42.592080 0.000000 7.166557 97.698027 0.000000 2.569254 0.044849 
1654 42.473832 0.000000 7.166557 97.688546 0.000000 2.601365 0.045018 
1655 42.710328 0.000000 7.166557 97.695296 0.000000 2.585486 0.044894 
1656 42.592080 0.000000 7.277407 97.694577 0.000000 2.592620 0.044905 
1657 42.651204 0.000000 7.000281 97.700277 0.000000 2.559706 0.044810 
1658 42.592080 0.000000 7.000281 97.701049 0.000000 2.564035 0.044793 
1659 42.651204 0.000000 6.944856 97.693300 0.000000 2.557760 0.044948 
1660 42.710328 0.000000 7.000281 97.698090 0.000000 2.565301 0.044850 
1661 42.651204 0.000000 7.055706 97.702120 0.000000 2.557934 0.044775 
1662 42.710328 0.000000 7.720807 98.042976 0.000000 2.676987 0.038041 
1663 42.473832 0.000000 7.720807 97.960424 -0.000000 2.654705 0.039671 
1664 42.946824 0.000000 7.720807 98.091019 0.000000 2.604095 0.037137 
1665 42.710328 0.000000 7.942508 98.147960 0.000000 2.665369 0.035987 
1666 43.892807 0.000000 7.942508 98.311619 -0.074351 2.747658 0.032727 
1667 44.365799 0.000000 7.942508 98.390149 -0.004872 2.879320 0.031109 
1668 43.892807 0.000000 8.385909 98.469151 0.000000 2.565658 0.029724 
1669 43.183320 0.000000 7.720807 98.167333 0.000000 2.619913 0.035631 
1670 43.183320 0.000000 7.499107 98.021249 0.000000 2.617619 0.038498 
1671 43.419815 0.000000 7.720807 98.231241 0.000000 2.598518 0.034387 
1672 43.183320 0.000000 7.942508 98.268966 0.000000 2.637264 0.033626 
1673 42.710328 0.000000 8.164208 98.358138 0.000000 2.682725 0.031848 
1674 42.473832 0.000000 8.164208 98.293152 -0.000000 2.663636 0.033136 
1675 42.946824 0.000000 8.164208 98.444766 0.000000 2.669301 0.030150 
1676 42.710328 0.000000 8.385909 98.464531 0.000000 2.673907 0.029759 
1677 42.828576 0.000000 7.831658 98.098593 0.000000 2.622100 0.036979 
1678 42.710328 0.000000 7.831658 98.075860 0.000000 2.676197 0.037396 
1679 42.828576 0.000000 7.720807 98.065730 0.000000 2.612792 0.037629 
1680 42.946824 0.000000 7.831658 98.140830 0.000000 2.613418 0.036155 
1681 42.828576 0.000000 7.942508 98.218199 0.000000 2.650475 0.034616 
1682 42.828576 0.000000 7.609957 97.956706 0.000000 2.617687 0.039763 
1683 42.710328 0.000000 7.609957 97.969566 0.000000 2.639409 0.039500 
1684 42.828576 0.000000 7.499107 97.877216 0.000000 2.592917 0.041333 
1685 42.946824 0.000000 7.609957 97.992663 0.000000 2.621374 0.039057 
1686 43.183320 0.000000 8.164208 98.439391 0.000000 2.653424 0.030265 
1687 43.419815 0.000000 8.164208 98.443781 0.000000 2.643184 0.030184 
1688 43.183320 0.000000 8.385909 98.476796 0.000000 2.665021 0.029522 
1689 43.065072 0.000000 7.831658 98.176232 0.000000 2.640587 0.035445 
1690 43.065072 0.000000 7.720807 98.113943 0.000000 2.634210 0.036672 
1691 43.183320 0.000000 7.831658 98.225097 0.000000 2.634202 0.034489 
1692 43.065072 0.000000 7.942508 98.285862 0.000000 2.640246 0.033292 
1693 42.887700 0.000000 7.776233 98.085854 0.000000 2.589297 0.037246 
1694 42.828576 0.000000 7.776233 98.082573 0.000000 2.593160 0.037308 
1695 42.887700 0.000000 7.720807 98.066105 0.000000 2.594824 0.037631 
1696 42.946824 0.000000 7.776233 98.113526 0.000000 2.605971 0.036694 
1697 42.887700 0.000000 7.831658 98.128417 0.000000 2.605649 0.036402 
1698 45.311782 0.000000 9.272710 98.886590 -0.530912 2.973251 0.021232 
1699 46.257765 0.000000 9.272710 98.928031 -0.431245 3.216049 0.020272 
1700 45.311782 0.000000 10.159511 99.046700 2.447689 3.058792 0.017440 
1701 43.892807 0.000000 8.829309 98.478271 0.000000 2.609789 0.029522 
1702 44.365799 0.000000 8.829309 98.674789 -0.457322 2.767772 0.025542 
1703 43.892807 0.000000 9.272710 98.789121 0.000000 2.639254 0.023374 
1704 43.183320 0.000000 8.607609 98.521025 0.000000 2.652038 0.028657 
1705 42.946824 0.000000 8.607609 98.512258 0.000000 2.693082 0.028808 
1706 43.419815 0.000000 8.607609 98.515945 0.000000 2.647830 0.028760 
1707 43.183320 0.000000 8.829309 98.518666 0.000000 2.658088 0.028701 
1708 42.000841 0.000000 8.829309 98.418033 -0.000000 2.228940 0.030892 
1709 42.710328 0.000000 8.607609 98.497759 0.000000 2.650573 0.029117 
1710 42.473832 0.000000 8.607609 98.455370 -0.000000 2.595138 0.029981 
1711 42.710328 0.000000 8.829309 98.619667 -0.000000 2.640369 0.026719 
1712 43.065072 0.000000 8.496759 98.475736 0.000000 2.643450 0.029554 
1713 42.946824 0.000000 8.496759 98.490824 0.000000 2.731412 0.029210 
1714 43.065072 0.000000 8.385909 98.475639 0.000000 2.657243 0.029549 
1715 43.183320 0.000000 8.496759 98.481291 0.000000 2.628373 0.029453 
1716 43.065072 0.000000 8.607609 98.508489 0.000000 2.682175 0.028888 
1717 43.065072 0.000000 8.275058 98.459039 0.000000 2.660779 0.029874 
1718 42.946824 0.000000 8.275058 98.462595 0.000000 2.659500 0.029804 
1719 43.065072 0.000000 8.164208 98.444752 0.000000 2.638116 0.030167 
1720 43.183320 0.000000 8.275058 98.465464 0.000000 2.661228 0.029747 
1721 43.656311 0.000000 8.607609 98.511727 0.000000 2.646039 0.028844 
1722 43.656311 0.000000 8.385909 98.464078 0.000000 2.608143 0.029802 
1723 43.892807 0.000000 8.607609 98.478377 0.000000 2.610300 0.029520 
1724 43.656311 0.000000 8.829309 98.569009 0.000000 2.627784 0.027725 
1725 43.301568 0.000000 8.496759 98.503477 0.000000 2.660297 0.028999 
1726 43.301568 0.000000 8.385909 98.496003 0.000000 2.660892 0.029146 
1727 43.419815 0.000000 8.496759 98.514993 0.000000 2.650935 0.028777 
1728 43.301568 0.000000 8.607609 98.507939 0.000000 2.656473 0.028913 
1729 43.124196 0.000000 8.441334 98.468578 0.000000 2.641425 0.029696 
1730 43.065072 0.000000 8.441334 98.475912 0.000000 2.650786 0.029547 
1731 43.124196 0.000000 8.385909 98.466973 0.000000 2.637708 0.029730 
1732 43.183320 0.000000 8.441334 98.470411 0.000000 2.633667 0.029664 
1733 43.124196 0.000000 8.496759 98.465595 0.000000 2.615314 0.029769 
1734 43.656311 0.000000 8.164208 98.439604 0.000000 2.636642 0.030269 
1735 43.656311 0.000000 7.942508 98.439647 0.000000 2.636874 0.030268 
1736 43.892807 0.000000 8.164208 98.384689 -0.646837 2.729730 0.031258 
1737 43.301568 0.000000 8.275058 98.464526 0.000000 2.655994 0.029768 
1738 43.301568 0.000000 8.164208 98.459755 0.000000 2.654898 0.029863 
1739 43.419815 0.000000 8.275058 98.467888 0.000000 2.656510 0.029702 
1740 43.242444 0.000000 8.441334 98.499820 0.000000 2.662007 0.029070 
1741 43.242444 0.000000 8.385909 98.494895 0.000000 2.661506 0.029167 
1742 43.301568 0.000000 8.441334 98.499952 0.000000 2.660883 0.029068 
1743 43.242444 0.000000 8.496759 98.504287 0.000000 2.661927 0.028982 
1744 42.946824 0.000000 9.716111 98.894875 -0.000000 2.580618 0.021314 
1745 43.419815 0.000000 9.716111 98.875697 0.000000 2.665497 0.021649 
1746 42.946824 0.000000 10.159511 98.904656 -0.000000 2.580588 0.021121 
1747 43.183320 0.000000 9.051010 98.682115 0.000000 2.667132 0.025473 
1748 42.946824 0.000000 9.051010 98.720486 0.000000 2.658076 0.024720 
1749 43.419815 0.000000 9.051010 98.669654 0.000000 2.661450 0.025722 
1750 43.183320 0.000000 9.272710 98.741862 0.000000 2.715863 0.024267 
1751 43.065072 0.000000 8.718459 98.541927 0.000000 2.666979 0.028238 
1752 42.946824 0.000000 8.718459 98.545309 0.000000 2.672035 0.028168 
1753 43.183320 0.000000 8.718459 98.521511 0.000000 2.651398 0.028648 
1754 43.065072 0.000000 8.829309 98.574447 0.000000 2.687141 0.027586 
1755 43.124196 0.000000 8.552184 98.482123 0.000000 2.625824 0.029438 
1756 43.065072 0.000000 8.552184 98.485645 0.000000 2.654801 0.029353 
1757 43.183320 0.000000 8.552184 98.488444 0.000000 2.634412 0.029309 
1758 43.124196 0.000000 8.607609 98.525425 0.000000 2.655492 0.028569 
1759 43.153758 0.000000 8.469046 98.467594 0.000000 2.623135 0.029725 
1760 43.124196 0.000000 8.469046 98.467605 0.000000 2.621899 0.029726 
1761 43.153758 0.000000 8.441334 98.468128 0.000000 2.628489 0.029712 
1762 43.183320 0.000000 8.469046 98.471237 0.000000 2.631379 0.029649 
1763 43.153758 0.000000 8.496759 98.468667 0.000000 2.622186 0.029705 
1764 97.340851 0.000000 17.253923 99.842037 0.334752 5.183397 0.000459 
1765 97.340851 0.000000 3.065100 99.716394 -0.321327 7.024298 0.000720 
1766 112.476581 0.000000 17.253923 99.881445 0.397404 4.892205 -0.000039 
1767 97.340851 0.000000 31.442745 99.764974 0.113125 6.432128 0.000556 
1768 74.637257 0.000000 10.159511 99.851494 0.038436 3.917151 0.001433 
1769 74.637257 0.000000 3.065100 99.649856 -0.239490 6.735874 0.002448 
1770 82.205122 0.000000 10.159511 99.839838 -0.310860 4.422888 0.001235 
1771 74.637257 0.000000 17.253923 99.757144 0.252064 5.494398 0.001826 
1772 67.069393 0.000000 45.631568 99.699714 0.040137 6.743785 0.001449 
1773 82.205122 0.000000 45.631568 99.734778 0.066442 6.727242 0.000771 
1774 67.069393 0.000000 59.820391 99.740044 0.052530 6.833067 0.000523 
1775 59.501528 0.000000 24.348334 99.673968 0.128205 6.186112 0.002682 
1776 67.069393 0.000000 24.348334 99.698015 0.101248 6.218584 0.002162 
1777 59.501528 0.000000 31.442745 99.702683 0.000690 6.480173 0.001738 
1778 63.285460 0.000000 13.706717 99.678993 0.413478 4.856823 0.004034 
1779 59.501528 0.000000 13.706717 99.610965 0.433293 4.810534 0.005433 
1780 63.285460 0.000000 10.159511 99.684281 0.276473 4.016176 0.004684 
1781 67.069393 0.000000 13.706717 99.721628 0.378145 4.829534 0.003213 
1782 63.285460 0.000000 17.253923 99.668714 0.259261 5.576194 0.003499 
1783 55.717596 0.000000 13.706717 99.512563 0.423861 4.810601 0.007393 
1784 55.717596 0.000000 17.253923 99.581234 0.260840 5.485357 0.005342 
1785 63.285460 0.000000 6.612306 99.636463 0.002006 4.535657 0.005200 
1786 63.285460 0.000000 3.065100 99.535718 -0.316351 5.991532 0.005664 
1787 67.069393 0.000000 6.612306 99.691979 -0.439216 4.995799 0.003636 
1788 61.393494 0.000000 11.933114 99.660110 0.680799 4.300569 0.004890 
1789 59.501528 0.000000 11.933114 99.605419 0.659188 4.334916 0.005953 
1790 61.393494 0.000000 10.159511 99.648550 -0.082546 4.124092 0.005315 
1791 63.285460 0.000000 11.933114 99.655382 0.724363 4.454345 0.004844 
1792 61.393494 0.000000 13.706717 99.636919 0.415859 4.851799 0.004877 
1793 74.637257 0.000000 24.348334 99.659448 0.305878 6.299732 0.002821 
1794 82.205122 0.000000 24.348334 99.742205 0.194316 6.193749 0.001309 
1795 74.637257 0.000000 31.442745 99.659490 0.255985 6.556719 0.002493 
1796 70.853325 0.000000 13.706717 99.772399 0.423619 4.753480 0.002269 
1797 70.853325 0.000000 10.159511 99.801596 -0.638819 4.179287 0.002177 
1798 74.637257 0.000000 13.706717 99.804941 0.456051 4.682425 0.001684 
1799 70.853325 0.000000 17.253923 99.731512 0.238720 5.536342 0.002292 
1800 65.177426 0.000000 11.933114 99.726935 0.704518 4.366356 0.003498 
1801 65.177426 0.000000 10.159511 99.777137 0.723131 3.405677 0.003240 
1802 67.069393 0.000000 11.933114 99.749309 0.765610 4.366004 0.003043 
1803 65.177426 0.000000 13.706717 99.707571 0.405317 4.834805 0.003486 
1804 -159.966548 0.000000 -167.200773 99.753650 -0.001321 6.975440 0.000055 
1805 -220.509466 0.000000 -167.200773 99.754709 -0.000872 6.975895 0.000033 
1806 -159.966548 0.000000 -223.956064 99.754233 -0.001418 6.975181 0.000044 
1807 203.290957 0.000000 -167.200773 99.754510 -0.009969 6.959345 0.000061 
1808 203.290957 0.000000 -223.956064 99.754657 -0.007108 6.966592 0.000047 
1809 263.833875 0.000000 -167.200773 99.755619 -0.010419 6.959607 0.000038 
1810 -38.880713 0.000000 173.330973 99.764570 0.003490 6.973117 -0.000159 
1811 -99.423631 0.000000 173.330973 99.761034 0.002186 6.976042 -0.000093 
1812 -38.880713 0.000000 230.086264 99.761391 0.003225 6.973286 -0.000096 
1813 -159.966548 0.000000 173.330973 99.758833 0.001448 6.976605 -0.000050 
1814 -220.509466 0.000000 173.330973 99.757735 0.001016 6.976524 -0.000028 
1815 -159.966548 0.000000 230.086264 99.758650 0.001600 6.975887 -0.000045 
1816 -69.152172 0.000000 -82.067836 99.744114 -0.002948 6.971840 0.000251 
1817 -99.423631 0.000000 -82.067836 99.748380 -0.001903 6.975112 0.000161 
1818 -69.152172 0.000000 -110.445482 99.747389 -0.002795 6.971827 0.000185 
1819 203.290957 0.000000 173.330973 99.759903 0.012646 6.954125 -0.000040 
1820 263.833875 0.000000 173.330973 99.759008 0.013822 6.953167 -0.000021 
1821 203.290957 0.000000 230.086264 99.759157 0.008694 6.964034 -0.000039 
1822 112.476581 0.000000 -82.067836 99.747748 -0.019175 6.911709 0.000261 
1823 112.476581 0.000000 -110.445482 99.749132 -0.013640 6.940416 0.000194 
1824 142.748040 0.000000 -82.067836 99.752235 -0.020159 6.912115 0.000171 
1825 -8.609254 0.000000 88.198036 99.782976 0.025620 6.966603 -0.000518 
1826 -38.880713 0.000000 88.198036 99.774571 0.002622 6.980920 -0.000370 
1827 -8.609254 0.000000 116.575682 99.777445 0.004820 6.967928 -0.000409 
1828 -69.152172 0.000000 88.198036 99.764948 0.001842 6.982000 -0.000179 
1829 -99.423631 0.000000 88.198036 99.760619 0.001380 6.980567 -0.000091 
1830 -69.152172 0.000000 116.575682 99.765054 0.002436 6.978169 -0.000176 
1831 -23.744984 0.000000 -39.501368 99.738557 -0.003781 6.863342 0.000511 
1832 -38.880713 0.000000 -39.501368 99.723563 0.008893 6.923705 0.000727 
1833 -23.744984 0.000000 -53.690191 99.745324 -0.002007 6.911473 0.000310 
1834 112.476581 0.000000 88.198036 99.768646 0.024197 6.892999 -0.000130 
1835 142.748040 0.000000 88.198036 99.765162 0.027376 6.891110 -0.000058 
1836 112.476581 0.000000 116.575682 99.766840 0.016478 6.929871 -0.000145 
1837 67.069393 0.000000 -39.501368 99.843244 -0.225970 6.886260 -0.001615 
1838 67.069393 0.000000 -53.690191 99.783545 -0.073533 6.896673 -0.000433 
1839 82.205122 0.000000 -39.501368 99.768513 -0.078107 6.803276 -0.000005 
1840 6.526475 0.000000 45.631568 99.809935 0.296620 6.938568 -0.001025 
1841 -8.609254 0.000000 45.631568 99.797576 0.110863 6.998966 -0.000855 
1842 6.526475 0.000000 59.820391 99.770178 0.050875 6.935997 -0.000220 
1843 -23.744984 0.000000 45.631568 99.735548 0.042905 6.981003 0.000408 
1844 -38.880713 0.000000 45.631568 99.745213 0.023670 6.988828 0.000205 
1845 -23.744984 0.000000 59.820391 99.764426 0.023725 6.981138 -0.000168 
1846 -16.177119 0.000000 -18.218134 99.442764 0.128029 6.841195 0.006432 
1847 -23.744984 0.000000 -18.218134 99.558105 0.074126 6.929823 0.004016 
1848 -16.177119 0.000000 -25.312545 99.564452 -0.020117 6.831983 0.004024 
1849 14.094340 0.000000 24.348334 100.343929 0.098339 6.856012 -0.011592 
1850 6.526475 0.000000 24.348334 100.308461 0.045233 7.168222 -0.011317 
1851 14.094340 0.000000 31.442745 100.347047 0.325035 6.905055 -0.011732 
1852 -1.041390 0.000000 24.348334 100.210830 -0.027500 7.362701 -0.009642 
1853 -8.609254 0.000000 24.348334 99.891076 0.317350 7.294707 -0.003154 
1854 -1.041390 0.000000 31.442745 100.039464 0.328809 7.150499 -0.005913 
1855 -16.177119 0.000000 10.159511 99.588325 0.103637 7.525146 0.002553 
1856 -23.744984 0.000000 10.159511 99.589626 0.320417 7.125985 0.003102 
1857 -16.177119 0.000000 17.253923 99.644179 0.367237 7.263679 0.001814 
1858 -16.177119 0.000000 24.348334 99.760949 0.347169 7.190840 -0.000408 
1859 -23.744984 0.000000 24.348334 99.677953 0.279421 7.035674 0.001473 
1860 -16.177119 0.000000 31.442745 99.735330 0.389823 7.058478 0.000289 
1861 -4.825322 0.000000 6.612306 98.306469 0.175068 7.715495 0.027628 
1862 -8.609254 0.000000 6.612306 99.056349 0.042199 7.660550 0.012915 
1863 -4.825322 0.000000 10.159511 99.213950 0.168921 7.843465 0.009504 
1864 -2.933356 0.000000 1.291497 95.678526 0.327080 8.670639 0.077033 
1865 -4.825322 0.000000 1.291497 97.072992 0.002301 7.541245 0.051996 
1866 -2.933356 0.000000 3.065100 96.830249 0.273118 8.766065 0.054698 
1867 -2.933356 0.000000 -5.802914 97.195162 0.003260 4.835442 0.052972 
1868 -4.825322 0.000000 -5.802914 97.640408 0.106127 5.872958 0.043185 
1869 -2.933356 0.000000 -7.576517 97.897127 0.144299 5.170901 0.038939 
1870 4.634509 0.000000 4.838703 97.556520 -0.022120 14.117295 0.028343 
1871 2.742543 0.000000 4.838703 97.049295 -0.014483 12.061713 0.043595 
1872 4.634509 0.000000 6.612306 98.741035 0.140062 11.818882 0.011050 
1873 1.796560 0.000000 0.404696 91.466477 -0.086243 28.816722 0.080347 
1874 0.850577 0.000000 0.404696 90.893031 0.124418 18.119679 0.141012 
1875 1.796560 0.000000 1.291497 92.864723 0.140157 16.588990 0.110093 
1876 3.688526 0.000000 -3.142510 96.984495 0.001455 3.074699 0.058455 
1877 3.688526 0.000000 -4.029311 95.241814 -0.074746 -1.167549 0.092763 
1878 3.688526 0.000000 -2.255709 97.068393 0.001057 2.765544 0.057008 
1879 5.580492 0.000000 -1.368907 -9.138285 -0.137047 -0.273440 0.991640 
1880 4.634509 0.000000 -1.368907 -6.491030 -0.007833 -0.221888 0.995782 
1881 6.526475 0.000000 -1.368907 -10.807813 -0.287159 -0.538736 0.988282 
1882 3.688526 0.000000 -1.368907 -3.454920 0.033975 0.862891 0.998732 
1883 5.580492 0.000000 2.178299 89.891221 -0.483141 25.380096 0.127519 
1884 4.634509 0.000000 2.178299 91.565481 -0.049617 20.985212 0.117538 
1885 5.580492 0.000000 3.065100 93.975000 -0.375054 20.987298 0.072809 
1886 3.688526 0.000000 2.178299 92.905490 0.019851 17.958554 0.104606 
1887 2.742543 0.000000 2.178299 93.769482 0.073559 16.018078 0.095070 
1888 3.688526 0.000000 3.065100 94.772755 0.077755 15.927040 0.076445 
1889 7.472458 0.000000 -1.368907 -11.404448 0.076766 -0.480973 0.986970 
1890 8.418441 0.000000 -1.368907 -11.716655 0.047872 -0.508428 0.986246 
1891 7.472458 0.000000 -0.482106 -11.317792 0.209677 -0.739569 0.987132 
1892 7.472458 0.000000 0.404696 -10.825227 0.185788 -1.200862 0.988134 
1893 8.418441 0.000000 0.404696 -11.139404 0.123054 -0.634832 0.987550 
1894 9.364424 0.000000 0.404696 -11.554079 -0.007480 -0.013856 0.986650 
1895 9.364424 0.000000 -0.482106 -11.822864 0.167922 -0.370623 0.986005 
1896 10.310407 0.000000 0.404696 -11.618914 -0.113837 0.404566 0.986482 
1897 11.256390 0.000000 -1.368907 -12.545869 -0.143830 0.854317 0.984185 
1898 10.310407 0.000000 -1.368907 -12.465207 -0.163625 0.164221 0.984456 
1899 11.256390 0.000000 -0.482106 -11.906348 -0.274356 0.853240 0.985744 
1900 11.256390 0.000000 0.404696 -11.401501 -0.328276 0.775112 0.986930 
1901 12.202374 0.000000 0.404696 -10.912461 -0.458049 1.405548 0.987873 
1902 13.148357 0.000000 0.404696 -10.007045 -0.118645 1.481480 0.989765 
1903 14.094340 0.000000 0.404696 -9.140289 -0.024199 1.559791 0.991402 
1904 13.148357 0.000000 1.291497 -9.777970 -0.660351 1.033837 0.990289 
1905 13.148357 0.000000 2.178299 107.112268 -0.663952 1.687546 -0.147633 
1906 13.148357 0.000000 3.065100 107.091352 -0.670227 1.497563 -0.147125 
1907 11.256390 0.000000 -4.916113 97.591787 -0.403821 4.808661 0.045256 
1908 10.310407 0.000000 -4.916113 98.795921 -0.566192 5.754276 0.020593 
1909 11.256390 0.000000 -5.802914 98.250438 -0.483688 4.602655 0.032543 
1910 25.446137 0.000000 13.706717 101.021340 0.060223 5.083159 -0.023115 
1911 21.662204 0.000000 13.706717 101.415306 0.142110 5.700746 -0.031758 
1912 25.446137 0.000000 17.253923 100.818331 0.053674 5.692386 -0.019674 
1913 15.040323 0.000000 0.404696 -8.400895 0.008501 1.433063 0.992737 
1914 15.986306 0.000000 0.404696 -8.281789 0.087878 1.336885 0.992962 
1915 16.932289 0.000000 2.178299 106.192779 0.132157 1.119934 -0.127818 
1916 16.932289 0.000000 1.291497 -8.442655 0.358430 0.867617 0.992784 
1917 16.932289 0.000000 3.065100 106.180417 0.136282 0.981483 -0.127526 
1918 20.716221 0.000000 2.178299 106.684605 0.046022 0.431982 -0.138179 
1919 20.716221 0.000000 1.291497 -9.341191 -0.141697 0.195771 0.991268 
1920 20.716221 0.000000 3.065100 106.640596 0.042051 0.280514 -0.137230 
1921 27.338103 0.000000 8.385909 101.591651 -0.219336 2.749393 -0.032847 
1922 25.446137 0.000000 8.385909 101.966735 -0.144712 3.282141 -0.040801 
1923 27.338103 0.000000 10.159511 101.018846 0.090576 3.822001 -0.021942 
1924 23.554171 0.000000 8.385909 102.219977 0.172019 3.903828 -0.046419 
1925 21.662204 0.000000 8.385909 102.009082 -0.189973 4.611637 -0.042716 
1926 23.554171 0.000000 10.159511 102.054645 0.002706 4.332580 -0.043392 
1927 24.500154 0.000000 2.178299 107.489022 -0.001005 -2.817560 -0.156183 
1928 24.500154 0.000000 1.291497 -12.890312 0.120091 -1.577637 0.983134 
1929 24.500154 0.000000 3.065100 107.548799 -0.005311 -2.599629 -0.157350 
1930 24.500154 0.000000 3.951901 107.632224 -0.024980 -2.255561 -0.158978 
1931 23.554171 0.000000 3.951901 107.689761 -0.072347 -1.259097 -0.159868 
1932 24.500154 0.000000 4.838703 103.963884 0.231139 1.034425 -0.080961 
1933 97.340851 0.000000 -11.123723 99.790073 -0.120906 6.109689 0.000460 
1934 97.340851 0.000000 -25.312545 99.768873 -0.082496 6.591515 0.000272 
1935 112.476581 0.000000 -11.123723 99.795223 -0.107457 6.118101 0.000347 
1936 59.501528 0.000000 -18.218134 99.645248 -0.103784 6.467427 0.002899 
1937 59.501528 0.000000 -25.312545 99.731852 -0.048467 6.723212 0.000835 
1938 67.069393 0.000000 -18.218134 99.702064 -0.103623 6.446356 0.001793 
1939 74.637257 0.000000 -4.029311 99.729024 -0.169311 5.753646 0.002099 
1940 74.637257 0.000000 -11.123723 99.727099 -0.110311 6.088626 0.001742 
1941 82.205122 0.000000 -4.029311 99.781274 -0.182066 5.844032 0.000951 
1942 48.149731 0.000000 -7.576517 98.874340 -0.370864 6.268701 0.018443 
1943 48.149731 0.000000 -11.123723 99.176415 -0.474099 6.472665 0.012192 
1944 51.933663 0.000000 -7.576517 99.137388 -0.314127 6.062694 0.013492 
1945 28.284086 0.000000 -1.368907 97.682721 -0.372423 18.421355 0.011860 
1946 29.230069 0.000000 -1.368907 99.234873 -0.421171 12.227609 0.000275 
1947 22.608188 0.000000 -1.368907 -10.793829 -0.275526 -2.042709 0.987924 
1948 21.662204 0.000000 -1.368907 -10.124433 -0.080164 -0.841334 0.989678 
1949 22.608188 0.000000 -0.482106 -10.616113 -0.257525 -1.899461 0.988362 
1950 31.122035 0.000000 -5.802914 99.225764 0.085538 10.529215 0.004338 
1951 31.122035 0.000000 -7.576517 99.291125 -0.008977 8.911890 0.006185 
1952 33.014001 0.000000 -5.802914 98.900185 -0.101170 10.541070 0.010763 
1953 28.284086 0.000000 -4.916113 98.659219 -0.465965 12.138775 0.011879 
1954 28.284086 0.000000 -5.802914 99.504205 -0.407286 11.109252 -0.002467 
1955 29.230069 0.000000 -4.916113 98.889562 -0.351521 11.542609 0.008750 
1956 26.865111 0.000000 -3.585911 95.092655 0.084492 22.915816 0.043225 
1957 26.865111 0.000000 -4.029311 95.756806 -0.646312 18.133270 0.050140 
1958 27.338103 0.000000 -3.585911 95.084118 0.084575 22.914166 0.043394 
1959 24.500154 0.000000 -4.916113 106.282751 -0.104753 14.032258 -0.149294 
1960 24.500154 0.000000 -5.802914 104.015250 -0.244434 11.806349 -0.095862 
1961 24.973145 0.000000 -3.585911 116.403949 0.013995 22.624562 -0.406175 
1962 24.500154 0.000000 -3.585911 114.687980 -0.066469 15.234805 -0.338544 
1963 24.973145 0.000000 -4.029311 110.385626 -0.110223 19.762858 -0.257557 
1964 26.392120 0.000000 0.404696 -17.110608 0.245215 -2.668082 0.970005 
1965 25.446137 0.000000 0.404696 -14.775312 0.240453 -2.694006 0.977437 
1966 26.865111 0.000000 -1.812308 94.097721 0.027161 21.835420 0.066883 
1967 27.338103 0.000000 -1.812308 95.426073 -0.135449 20.596032 0.046965 
1968 26.865111 0.000000 -1.368907 93.387400 0.082738 21.973303 0.079596 
1969 25.682633 0.000000 -2.920810 91.397096 0.066152 53.045600 -0.116727 
1970 25.446137 0.000000 -2.920810 100.738396 0.049778 50.868659 -0.273585 
1971 25.682633 0.000000 -3.142510 97.320168 0.059319 49.974375 -0.196866 
1972 24.973145 0.000000 -1.812308 -14.211731 0.082142 -4.545184 0.977736 
1973 24.500154 0.000000 -1.812308 -13.053054 -0.032936 -3.792289 0.981524 
1974 24.973145 0.000000 -1.368907 -14.241970 0.097062 -4.061528 0.978066 
1975 97.340851 0.000000 45.631568 99.760304 0.064482 6.696203 0.000304 
1976 112.476581 0.000000 45.631568 99.767377 0.065567 6.685623 0.000177 
1977 97.340851 0.000000 59.820391 99.769422 0.050342 6.796824 -0.000014 
1978 30.176052 0.000000 0.404696 -25.946132 -0.031504 0.240375 0.932674 
1979 30.176052 0.000000 -0.482106 103.454300 -0.062542 17.738061 -0.101743 
1980 28.284086 0.000000 5.725504 101.527659 -0.301046 1.405137 -0.030993 
1981 27.338103 0.000000 5.725504 101.719493 -0.348318 1.177967 -0.034836 
1982 28.284086 0.000000 6.612306 101.520648 -0.326437 1.855860 -0.030999 
1983 26.392120 0.000000 5.725504 102.237788 -0.176264 1.296857 -0.045428 
1984 25.446137 0.000000 5.725504 102.759882 0.035853 1.471643 -0.056176 
1985 26.392120 0.000000 6.612306 102.088612 -0.409536 2.010426 -0.042629 
1986 32.068018 0.000000 5.725504 99.940215 0.077002 0.812372 0.001129 
1987 33.014001 0.000000 5.725504 99.592337 0.192248 0.887741 0.008054 
1988 32.068018 0.000000 6.612306 100.037183 0.070363 1.692238 -0.001031 
1989 29.703061 0.000000 1.734898 99.109585 -0.308351 -1.392980 0.017525 
1990 29.703061 0.000000 1.291497 -26.811311 -0.127871 0.946891 0.928024 
1991 30.176052 0.000000 1.734898 99.723451 -0.343062 -1.870435 0.005162 
1992 30.649044 0.000000 1.734898 101.795390 -0.326280 -0.762757 -0.036299 
1993 30.649044 0.000000 1.291497 100.552587 -0.388741 -2.497245 -0.011721 
1994 31.122035 0.000000 1.734898 101.734071 -0.328905 -0.828570 -0.035062 
1995 28.757078 0.000000 4.395302 102.067982 -0.347132 1.688791 -0.042085 
1996 28.284086 0.000000 4.395302 101.597296 -0.112317 1.375522 -0.032392 
1997 28.757078 0.000000 4.838703 101.688700 -0.333734 1.270482 -0.034232 
1998 27.811094 0.000000 4.395302 101.779358 -0.161660 0.855970 -0.035980 
1999 27.338103 0.000000 4.395302 101.751011 -0.311079 0.385529 -0.035351 
2000 27.811094 0.000000 4.838703 101.710130 -0.131462 0.948623 -0.034587 
2001 28.993573 0.000000 2.399999 102.752944 -0.121819 7.172380 -0.060963 
2002 28.993573 0.000000 2.178299 103.785247 -0.162909 8.754344 -0.084804 
2003 29.230069 0.000000 2.399999 99.967939 -0.138444 -0.948475 0.000549 
2004 26.865111 0.000000 1.734898 105.523618 0.075357 -5.097257 -0.116122 
2005 26.392120 0.000000 1.734898 105.290181 0.089164 -4.926436 -0.111030 
2006 26.865111 0.000000 1.291497 -17.321679 -0.055114 -0.581734 0.969962 
2007 28.638830 0.000000 2.732549 103.541536 -0.135229 28.940443 -0.155842 
2008 28.638830 0.000000 2.621699 105.789513 -0.110512 32.177925 -0.222685 
2009 28.757078 0.000000 2.732549 105.413288 -0.135666 36.726324 -0.246080 
2010 29.466565 0.000000 2.843400 95.661804 -0.102972 -5.513381 0.081841 
2011 29.466565 0.000000 2.621699 97.462064 -0.117591 -1.562667 0.049869 
2012 29.703061 0.000000 2.843400 94.136135 -0.081753 -0.128251 0.113836 
2013 26.865111 0.000000 4.395302 101.895410 -0.433361 -0.421324 -0.038304 
2014 26.392120 0.000000 4.395302 102.748247 -0.251599 -0.674825 -0.055772 
2015 26.865111 0.000000 4.838703 102.329638 -0.400930 0.178220 -0.047155 
2016 28.165838 0.000000 2.732549 94.427874 -0.118534 12.208051 0.093433 
2017 28.165838 0.000000 2.621699 96.929783 -0.110132 12.283313 0.045373 
2018 27.988466 0.000000 2.787975 91.202383 -0.128934 -1.899421 0.167850 
2019 27.988466 0.000000 2.732549 92.808013 -0.119774 -0.491625 0.138642 
2020 28.047590 0.000000 2.787975 91.319890 -0.122018 2.091015 0.165629 
2021 38.689900 0.000000 -2.255709 95.197855 -0.084917 13.210778 0.076284 
2022 38.689900 0.000000 -4.029311 96.814272 -0.103219 10.171058 0.052354 
2023 31.595027 0.000000 1.734898 102.328993 -0.359497 -1.667786 -0.047413 
2024 31.595027 0.000000 1.291497 101.341195 -0.348926 -1.493576 -0.027239 
2025 33.959985 0.000000 5.725504 98.532846 0.000000 1.487323 0.028907 
2026 34.905968 0.000000 5.725504 98.471278 0.000000 1.522897 0.030109 
2027 33.959985 0.000000 6.612306 99.616514 0.181279 1.610875 0.007392 
2028 33.486993 0.000000 1.734898 105.944908 -0.316691 -0.833681 -0.122512 
2029 33.486993 0.000000 1.291497 106.066614 -0.161046 6.889248 -0.129761 
2030 31.595027 0.000000 4.395302 100.553666 -0.025937 -2.815009 -0.011896 
2031 32.068018 0.000000 4.395302 100.226996 -0.042536 -1.028138 -0.004651 
2032 31.595027 0.000000 4.838703 100.353089 -0.000000 0.392043 -0.007090 
2033 32.777506 0.000000 2.399999 93.650329 -0.292666 -8.229146 0.116181 
2034 32.777506 0.000000 2.178299 104.378687 -0.356425 -1.304179 -0.089674 
2035 33.014001 0.000000 2.399999 92.514017 -0.269097 -8.189077 0.137402 
2036 31.831523 0.000000 2.399999 98.938058 -0.335860 7.291142 0.015799 
2037 31.595027 0.000000 2.399999 97.034840 -0.339320 -1.816761 0.058082 
2038 31.831523 0.000000 2.178299 102.608865 -0.364512 -1.498680 -0.053096 
2039 33.486993 0.000000 3.508501 92.694749 -0.034916 -2.735342 0.140020 
2040 33.959985 0.000000 3.508501 99.405972 -0.106434 3.393598 0.010692 
2041 33.486993 0.000000 3.951901 95.352918 -0.019707 -0.283098 0.090774 
2042 34.432976 0.000000 3.508501 106.193705 -0.130027 3.318494 -0.128813 
2043 34.432976 0.000000 3.951901 102.370585 -0.080483 1.284192 -0.048139 
2044 32.777506 0.000000 3.286800 101.760199 -0.034161 -16.246003 -0.061907 
2045 33.014001 0.000000 3.286800 93.083136 -0.030657 -15.454267 0.109669 
2046 32.777506 0.000000 3.508501 100.866985 -0.041127 -8.018147 -0.023844 
2047 32.186266 0.000000 2.954250 134.572809 -0.125644 31.169175 -0.908137 
2048 32.068018 0.000000 2.954250 121.543350 -0.112840 27.999918 -0.555679 
2049 32.186266 0.000000 3.065100 116.260542 -0.094193 9.702705 -0.361067 
2050 31.831523 0.000000 3.286800 98.833133 -0.040172 0.736777 0.023147 
2051 31.595027 0.000000 3.286800 96.037748 -0.050952 -3.814652 0.076220 
2052 31.831523 0.000000 3.508501 99.890391 -0.039277 -0.842955 0.002120 
2053 37.743917 0.000000 0.404696 104.623621 0.164537 13.640522 -0.113219 
2054 37.743917 0.000000 -0.482106 101.493514 0.201803 25.161779 -0.093409 
2055 38.689900 0.000000 0.404696 101.411024 0.279914 19.526266 -0.066555 
2056 39.635883 0.000000 0.404696 103.728407 0.182023 16.863587 -0.104400 
2057 39.635883 0.000000 -0.482106 102.189993 0.282815 22.748085 -0.096035 
2058 39.635883 0.000000 1.291497 104.493038 0.203163 8.733741 -0.099511 
2059 39.635883 0.000000 2.178299 114.598659 0.638046 14.942737 -0.335655 
2060 36.324942 0.000000 1.734898 101.751651 0.096677 7.423065 -0.040851 
2061 36.324942 0.000000 1.291497 104.784941 -0.022232 12.028902 -0.112458 
2062 36.797934 0.000000 1.734898 103.931658 0.093617 10.512029 -0.091230 
2063 37.743917 0.000000 5.725504 98.026035 -0.000000 1.402037 0.038893 
2064 36.797934 0.000000 5.725504 98.164831 -0.000000 1.499994 0.036142 
2065 36.324942 0.000000 3.508501 99.670909 -0.078753 -3.565178 0.005299 
2066 36.797934 0.000000 3.508501 103.075027 0.027737 0.778920 -0.062507 
2067 36.324942 0.000000 3.951901 99.925331 -0.063418 -2.390274 0.000921 
2068 35.142463 0.000000 2.843400 105.515178 -0.057827 -38.709009 -0.263184 
2069 34.905968 0.000000 2.843400 107.859001 -0.114008 -19.332896 -0.200734 
2070 35.142463 0.000000 3.065100 108.438691 -0.087101 -22.853889 -0.228126 
2071 55.717596 0.000000 -7.576517 99.441632 -0.161621 6.105023 0.007406 
2072 55.717596 0.000000 -11.123723 99.494497 -0.181942 6.186288 0.006254 
2073 59.501528 0.000000 -7.576517 99.524335 -0.172348 5.953066 0.005944 
2074 63.285460 0.000000 -0.482106 99.529835 -0.247919 6.215379 0.005512 
2075 63.285460 0.000000 -4.029311 99.586182 -0.181099 5.819869 0.004869 
2076 67.069393 0.000000 -0.482106 99.619060 -0.206359 6.138274 0.003832 
2077 46.257765 0.000000 -2.255709 97.714225 -0.396713 6.502752 0.040949 
2078 46.257765 0.000000 -4.029311 98.120417 -0.347880 6.449106 0.033067 
2079 48.149731 0.000000 -2.255709 98.246012 -0.397954 6.164129 0.030957 
2080 50.041697 0.000000 -2.255709 98.661298 -0.468113 6.051903 0.022910 
2081 50.041697 0.000000 -4.029311 98.777843 -0.435655 5.997878 0.020677 
2082 51.933663 0.000000 -2.255709 98.929994 -0.310500 6.023266 0.017648 
2083 50.041697 0.000000 4.838703 98.753632 -0.410920 4.752788 0.022496 
2084 51.933663 0.000000 4.838703 99.020396 -0.162082 4.780336 0.017208 
2085 50.041697 0.000000 6.612306 98.978974 -0.508333 3.064333 0.019351 
2086 50.041697 0.000000 8.385909 99.107698 -0.511027 3.852307 0.016256 
2087 51.933663 0.000000 8.385909 99.265025 -0.288930 3.952109 0.013075 
2088 50.041697 0.000000 10.159511 98.938860 11.031988 11.824695 -0.005043 
2089 41.054858 0.000000 2.621699 96.765228 0.307002 -9.108673 0.055343 
2090 40.581866 0.000000 2.621699 108.417356 0.218954 -9.845518 -0.185131 
2091 41.054858 0.000000 2.178299 100.527837 0.932198 -4.423202 -0.012628 
2092 42.946824 0.000000 2.621699 106.010712 0.249800 -12.797247 -0.140210 
2093 43.419815 0.000000 2.621699 93.298626 -2.061351 2.891593 0.128276 
2094 42.946824 0.000000 3.065100 107.575216 0.631475 -13.014136 -0.174219 
2095 42.946824 0.000000 0.848096 101.983034 -0.072467 21.028542 -0.084274 
2096 42.946824 0.000000 0.404696 103.052622 -0.065397 24.478758 -0.121906 
2097 43.419815 0.000000 0.848096 92.250749 -1.444076 8.126867 0.142167 
2098 16.932289 0.000000 -1.368907 -7.391310 0.336543 1.335164 0.994347 
2099 17.878272 0.000000 -1.368907 -7.705184 0.313209 0.789198 0.993991 
2100 16.932289 0.000000 -0.482106 -7.862539 0.449317 1.222659 0.993648 
2101 16.932289 0.000000 -4.916113 99.954169 0.059877 -5.198707 -0.001787 
2102 16.932289 0.000000 -5.802914 100.641629 -0.176651 -2.219033 -0.013369 
2103 17.878272 0.000000 -4.916113 102.720765 0.177958 -5.733713 -0.058446 
2104 14.803827 0.000000 -3.364210 94.860903 -0.028972 -23.798816 0.043502 
2105 14.803827 0.000000 -3.585911 93.216352 -0.048810 -29.808621 0.042216 
2106 15.040323 0.000000 -3.364210 96.671995 0.035652 -21.251347 0.020290 
2107 20.716221 0.000000 -1.368907 -9.422276 -0.141661 -0.516581 0.991093 
2108 19.770238 0.000000 -1.368907 -8.755174 -0.094858 -0.109916 0.992333 
2109 20.716221 0.000000 -0.482106 -9.253715 -0.153428 -0.334371 0.991423 
2110 18.824255 0.000000 -1.368907 -8.368885 0.184071 0.512586 0.992967 
2111 18.824255 0.000000 -0.482106 -8.477155 0.086146 0.641376 0.992772 
2112 20.716221 0.000000 -4.916113 111.444530 -0.423516 5.271234 -0.244785 
2113 19.770238 0.000000 -4.916113 110.683004 0.094364 -0.705005 -0.225123 
2114 20.716221 0.000000 -5.802914 106.987892 -0.096503 5.107536 -0.147251 
2115 18.824255 0.000000 -4.916113 106.938315 0.083853 -4.322909 -0.145450 
2116 18.824255 0.000000 -5.802914 104.595710 0.047025 -1.032009 -0.094133 
2117 39.635883 0.000000 7.499107 97.391995 -0.000000 2.355687 0.050925 
2118 40.108875 0.000000 6.168905 97.354928 -0.000000 1.782868 0.051884 
2119 39.635883 0.000000 6.168905 97.408654 -0.000000 1.701070 0.050866 
2120 40.108875 0.000000 6.612306 97.412596 -0.000000 2.028713 0.050667 
2121 45.311782 0.000000 5.725504 97.867017 0.987316 2.717052 0.041369 
2122 45.311782 0.000000 4.838703 97.486078 -0.825824 3.830809 0.048111 
2123 46.257765 0.000000 5.725504 98.111216 -0.525600 3.940093 0.035839 
2124 43.892807 0.000000 6.168905 97.614447 -0.753053 3.017306 0.046175 
2125 43.892807 0.000000 5.725504 97.400312 0.111793 2.966159 0.050437 
2126 44.365799 0.000000 6.168905 97.737431 -0.698242 3.193315 0.043671 
2127 41.291353 0.000000 5.060403 96.882612 0.000000 0.973649 0.061281 
2128 41.054858 0.000000 5.060403 97.094605 -0.000000 0.845109 0.057192 
2129 41.291353 0.000000 5.282104 97.122326 -0.000000 1.456322 0.056513 
2130 41.291353 0.000000 5.503804 97.194367 -0.000000 1.630532 0.055060 
2131 41.054858 0.000000 5.503804 97.200291 -0.000000 1.544397 0.054972 
2132 41.291353 0.000000 5.725504 97.191242 -0.000000 1.726492 0.055088 
2133 40.108875 0.000000 4.395302 98.705037 0.087857 -0.691523 0.025683 
2134 39.635883 0.000000 4.395302 99.486037 0.101150 -0.996605 0.010153 
2135 40.108875 0.000000 3.951901 101.834814 0.209532 -2.754421 -0.037796 
2136 50.041697 0.000000 11.933114 99.411160 0.503710 4.001626 0.010115 
2137 51.933663 0.000000 11.933114 99.404639 0.644140 4.205811 0.010061 
2138 50.041697 0.000000 13.706717 99.422774 0.436977 4.601581 0.009375 
2139 41.054858 0.000000 7.055706 97.563129 -0.000000 2.273465 0.047627 
2140 40.581866 0.000000 7.055706 97.505331 -0.000000 2.211005 0.048782 
2141 41.054858 0.000000 7.499107 97.646897 0.000000 2.275027 0.045991 
2142 41.054858 0.000000 7.942508 97.634864 0.000000 2.206793 0.046256 
2143 40.581866 0.000000 7.942508 97.449847 -0.000000 2.181174 0.049877 
2144 43.892807 0.000000 9.716111 98.867686 0.000000 2.653078 0.021814 
2145 44.365799 0.000000 9.716111 98.955935 -1.322999 2.688618 0.019874 
2146 43.892807 0.000000 10.159511 98.865470 0.000000 2.615035 0.021878 
2147 42.710328 0.000000 9.051010 98.707973 -0.000000 2.563872 0.025016 
2148 42.473832 0.000000 9.051010 98.675201 -0.000000 2.453031 0.025719 
2149 42.710328 0.000000 9.272710 98.771208 -0.000000 2.583927 0.023757 
2150 29.466565 0.000000 3.730201 104.766683 -0.030169 4.636337 -0.099755 
2151 29.230069 0.000000 3.730201 102.270777 -0.053221 6.479043 -0.050129 
2152 29.466565 0.000000 3.951901 106.928598 -0.038179 0.709850 -0.143423 
2153 31.122035 0.000000 11.933114 100.716486 -0.391891 3.903830 -0.015920 
2154 29.230069 0.000000 11.933114 100.909537 -0.254446 4.176209 -0.020024 
2155 31.122035 0.000000 13.706717 100.412217 -0.151120 4.445335 -0.010240 
2156 30.205614 0.000000 3.536213 104.290711 -0.026639 -1.958994 -0.088039 
2157 30.235176 0.000000 3.536213 104.473654 -0.027673 -1.853944 -0.091818 
2158 30.205614 0.000000 3.563926 104.694733 -0.032212 -1.525223 -0.096331 
2159 35.851951 0.000000 7.499107 97.736707 0.000000 3.402872 0.043596 
2160 34.905968 0.000000 7.499107 99.203724 0.153946 2.608717 0.015179 
2161 35.851951 0.000000 6.612306 98.203259 0.000000 2.623144 0.034924 
2162 37.270925 0.000000 8.829309 97.622555 0.000000 4.876960 0.044605 
2163 36.797934 0.000000 8.829309 97.780595 0.000000 4.535299 0.041839 
2164 37.270925 0.000000 8.385909 97.803986 0.000000 4.208302 0.041667 
2165 39.162892 0.000000 8.829309 96.871072 -0.000000 2.328030 0.061058 
2166 39.162892 0.000000 8.385909 97.017518 -0.000000 2.594047 0.058087 
2167 39.635883 0.000000 8.829309 97.053336 -0.000000 1.972331 0.057676 
2168 40.108875 0.000000 8.829309 97.321153 -0.000000 1.852708 0.052516 
2169 40.108875 0.000000 8.385909 97.270511 -0.000000 2.123676 0.053394 
2170 40.818362 0.000000 9.494410 98.059306 -0.000000 1.092320 0.038318 
2171 40.581866 0.000000 9.494410 97.944319 -0.000000 1.086826 0.040573 
2172 40.818362 0.000000 9.272710 98.034556 -0.000000 1.349898 0.038740 
2173 41.764345 0.000000 9.494410 98.612967 0.000000 1.623973 0.027285 
2174 41.764345 0.000000 9.272710 98.549129 0.000000 1.794931 0.028485 
2175 42.000841 0.000000 9.494410 98.713082 -0.000000 1.840037 0.025234 
2176 45.311782 0.000000 11.046313 99.237227 0.629844 3.259597 0.014095 
2177 46.257765 0.000000 11.046313 99.199422 0.643632 3.442151 0.014721 
2178 45.311782 0.000000 11.933114 99.387761 0.390888 3.596418 0.010899 
2179 42.946824 0.000000 10.602912 99.310423 0.820054 2.414777 0.013094 
2180 43.419815 0.000000 10.602912 99.252243 0.832172 2.586981 0.014161 
2181 42.946824 0.000000 11.046313 99.474700 0.520366 2.659281 0.009744 
2182 43.892807 0.000000 10.602912 99.217395 0.844008 2.730563 0.014774 
2183 44.365799 0.000000 10.602912 99.197726 0.831973 2.856443 0.015096 
2184 43.892807 0.000000 11.046313 99.334403 0.565898 2.928576 0.012378 
2185 40.345370 0.000000 9.494410 97.710192 -0.000000 1.166059 0.045136 
2186 40.108875 0.000000 9.494410 97.492625 -0.000000 1.093267 0.049399 
2187 40.345370 0.000000 9.272710 97.662505 -0.000000 1.321923 0.046029 
2188 38.926396 0.000000 9.494410 96.365895 -0.000000 1.829126 0.071027 
2189 38.926396 0.000000 9.272710 96.565550 -0.000000 2.150535 0.067047 
2190 39.162892 0.000000 9.494410 96.718601 -0.000000 1.642706 0.064281 
2191 38.453404 0.000000 10.381212 95.353704 -0.000000 2.577235 0.090103 
2192 38.689900 0.000000 10.381212 96.043765 -0.000000 1.621507 0.077297 
2193 38.453404 0.000000 10.602912 102.653178 0.200741 3.890558 -0.055285 
2194 38.335156 0.000000 10.048661 102.948156 0.618058 0.878707 -0.059948 
2195 38.453404 0.000000 10.048661 101.956834 0.492611 0.898240 -0.039625 
2196 38.335156 0.000000 10.159511 102.875807 0.606656 0.941030 -0.058469 
2197 42.946824 0.000000 3.508501 94.637356 1.411641 0.731534 0.104124 
2198 43.419815 0.000000 3.508501 95.119474 -1.085426 2.610957 0.094429 
2199 42.237337 0.000000 4.617002 96.508758 0.000000 0.998493 0.068506 
2200 42.473832 0.000000 4.617002 96.049340 0.000000 0.547755 0.077422 
2201 42.237337 0.000000 3.730201 105.011132 0.502046 -10.671516 -0.114147 
2202 42.237337 0.000000 3.508501 107.062263 0.325294 -14.456050 -0.167141 
2203 42.473832 0.000000 3.730201 106.690427 0.998762 -10.644376 -0.149715 
2204 41.675659 0.000000 4.201314 97.139383 0.017668 -1.358730 0.056209 
2205 41.705221 0.000000 4.201314 97.237432 0.018973 -1.397781 0.054293 
2206 41.675659 0.000000 4.229027 96.014016 0.000000 -0.610902 0.078094 
2207 42.710328 0.000000 5.060403 97.006590 0.000000 1.611676 0.058712 
2208 42.710328 0.000000 4.838703 96.506980 -1.196240 2.031664 0.068084 
2209 42.946824 0.000000 5.060403 96.759877 -0.263471 2.333510 0.063201 
2210 42.355584 0.000000 5.392954 97.084362 0.000000 1.894611 0.057104 
2211 42.355584 0.000000 5.282104 97.069227 0.000000 1.806654 0.057430 
2212 42.473832 0.000000 5.392954 97.082595 0.000000 1.925183 0.057126 
2213 41.882593 0.000000 5.392954 97.081058 0.000000 1.749347 0.057221 
2214 41.764345 0.000000 5.392954 97.086394 0.000000 1.734921 0.057122 
2215 41.882593 0.000000 5.282104 97.062995 0.000000 1.645278 0.057607 
2216 43.183320 0.000000 6.390605 97.691859 0.000000 2.552085 0.044979 
2217 43.183320 0.000000 6.168905 97.484943 -0.745617 2.680756 0.048894 
2218 43.419815 0.000000 6.390605 97.647833 1.046447 2.535744 0.045738 
2219 42.355584 0.000000 5.836354 97.128233 0.000000 2.164843 0.056142 
2220 42.473832 0.000000 5.836354 97.127066 0.000000 2.200516 0.056149 
2221 42.119089 0.000000 6.058055 97.255733 0.000000 2.330240 0.053589 
2222 42.000841 0.000000 6.058055 97.259340 0.000000 2.295079 0.053535 
2223 41.291353 0.000000 5.947205 97.192099 -0.000000 1.955382 0.054987 
2224 41.054858 0.000000 5.947205 97.222127 -0.000000 1.833308 0.054450 
2225 41.291353 0.000000 6.168905 97.259952 -0.000000 2.092679 0.053612 
2226 41.291353 0.000000 6.390605 97.306544 -0.000000 2.137887 0.052687 
2227 41.054858 0.000000 6.390605 97.282729 -0.000000 2.061165 0.053182 
2228 41.291353 0.000000 6.612306 97.397405 -0.000000 2.209045 0.050887 
2229 41.882593 0.000000 5.836354 97.130803 0.000000 2.087216 0.056125 
2230 41.764345 0.000000 5.836354 97.124845 0.000000 1.988426 0.056281 
2231 41.882593 0.000000 5.947205 97.156228 0.000000 2.171241 0.055595 
2232 41.882593 0.000000 6.058055 97.243121 0.000000 2.268691 0.053863 
2233 41.764345 0.000000 6.058055 97.263202 0.000000 2.237503 0.053486 
2234 41.882593 0.000000 6.168905 97.320442 0.000000 2.293758 0.052347 
2235 42.089527 0.000000 5.642367 97.092814 0.000000 1.970260 0.056910 
2236 42.059965 0.000000 5.642367 97.093383 0.000000 1.968228 0.056900 
2237 42.089527 0.000000 5.670079 97.099535 0.000000 1.984351 0.056774 
2238 41.764345 0.000000 6.834006 97.598964 -0.000000 2.426096 0.046856 
2239 41.527849 0.000000 6.834006 97.540737 -0.000000 2.346595 0.048030 
2240 41.764345 0.000000 7.055706 97.628292 -0.000000 2.451944 0.046270 
2241 41.764345 0.000000 7.277407 97.643361 -0.000000 2.464995 0.045970 
2242 41.527849 0.000000 7.277407 97.623127 -0.000000 2.368472 0.046412 
2243 41.764345 0.000000 7.499107 97.745323 -0.000000 2.472545 0.043974 
2244 42.119089 0.000000 6.501456 97.464698 0.000000 2.424514 0.049475 
2245 42.000841 0.000000 6.501456 97.453352 0.000000 2.393206 0.049712 
2246 42.119089 0.000000 6.612306 97.554418 0.000000 2.472078 0.047702 
2247 43.183320 0.000000 7.277407 97.715132 0.000000 2.581792 0.044509 
2248 43.419815 0.000000 7.277407 97.737684 0.000000 2.506860 0.044106 
2249 42.592080 0.000000 6.501456 97.573856 0.000000 2.501014 0.047309 
2250 42.710328 0.000000 6.501456 97.603114 0.000000 2.523637 0.046726 
2251 42.592080 0.000000 6.612306 97.644376 0.000000 2.534179 0.045915 
2252 42.296461 0.000000 6.224330 97.392840 0.000000 2.410040 0.050883 
2253 42.237337 0.000000 6.224330 97.388889 0.000000 2.409762 0.050960 
2254 42.296461 0.000000 6.168905 97.336493 0.000000 2.367606 0.052000 
2255 42.592080 0.000000 6.058055 97.359933 0.000000 2.399974 0.051528 
2256 42.592080 0.000000 5.947205 97.299408 0.000000 2.369043 0.052721 
2257 42.710328 0.000000 6.058055 97.380177 0.000000 2.416084 0.051126 
2258 41.882593 0.000000 6.279755 97.364734 -0.000000 2.318678 0.051473 
2259 41.764345 0.000000 6.279755 97.357051 -0.000000 2.292330 0.051635 
2260 41.882593 0.000000 6.390605 97.389846 -0.000000 2.330287 0.050979 
2261 41.882593 0.000000 6.501456 97.441236 0.000000 2.365307 0.049961 
2262 41.764345 0.000000 6.501456 97.406518 -0.000000 2.315378 0.050661 
2263 41.882593 0.000000 6.612306 97.518028 0.000000 2.411948 0.048442 
2264 42.592080 0.000000 6.723156 97.686952 0.000000 2.559619 0.045071 
2265 42.473832 0.000000 6.723156 97.684552 0.000000 2.565572 0.045115 
2266 42.710328 0.000000 6.723156 97.691490 0.000000 2.572370 0.044976 
2267 42.828576 0.000000 6.723156 97.697036 0.000000 2.560006 0.044874 
2268 42.828576 0.000000 6.612306 97.682656 0.000000 2.563095 0.045153 
2269 42.946824 0.000000 6.723156 97.698825 0.000000 2.559412 0.044839 
2270 42.828576 0.000000 7.166557 97.701837 0.000000 2.583203 0.044768 
2271 42.946824 0.000000 7.166557 97.709877 0.000000 2.577349 0.044614 
2272 42.828576 0.000000 7.277407 97.708834 0.000000 2.573527 0.044636 
2273 42.828576 0.000000 7.388257 97.775502 0.000000 2.558520 0.043341 
2274 42.710328 0.000000 7.388257 97.757756 0.000000 2.585351 0.043674 
2275 42.946824 0.000000 7.388257 97.878991 0.000000 2.595124 0.041297 
2276 42.592080 0.000000 7.388257 97.747185 0.000000 2.608732 0.043868 
2277 42.473832 0.000000 7.388257 97.680473 0.000000 2.657979 0.045146 
2278 42.592080 0.000000 7.499107 97.816331 0.000000 2.613741 0.042513 
2279 42.237337 0.000000 7.720807 97.905267 -0.000000 2.613220 0.040773 
2280 42.000841 0.000000 7.720807 97.839354 -0.000000 2.532990 0.042104 
2281 42.237337 0.000000 7.942508 97.990216 -0.000000 2.600775 0.039115 
2282 42.237337 0.000000 8.164208 98.157605 -0.000000 2.534700 0.035866 
2283 42.000841 0.000000 8.164208 98.059762 -0.000000 2.441425 0.037832 
2284 42.237337 0.000000 8.385909 98.307881 -0.000000 2.524989 0.032918 
2285 42.592080 0.000000 7.609957 97.918487 0.000000 2.629355 0.040506 
2286 42.473832 0.000000 7.609957 97.893125 0.000000 2.636292 0.040999 
2287 42.592080 0.000000 7.720807 98.009891 0.000000 2.665397 0.038696 
2288 42.592080 0.000000 7.831658 98.049437 0.000000 2.668817 0.037919 
2289 42.473832 0.000000 7.831658 97.993424 -0.000000 2.652270 0.039025 
2290 42.592080 0.000000 7.942508 98.102436 0.000000 2.656509 0.036886 
2291 43.656311 0.000000 7.720807 98.433097 0.000000 2.601878 0.030416 
2292 43.656311 0.000000 7.499107 98.103723 -0.692636 2.768842 0.036751 
2293 43.892807 0.000000 7.720807 98.225593 -1.573650 2.726750 0.034182 
2294 43.065072 0.000000 7.609957 98.057630 0.000000 2.626306 0.037780 
2295 43.065072 0.000000 7.499107 97.985951 0.000000 2.611106 0.039194 
2296 43.183320 0.000000 7.609957 98.059728 0.000000 2.622492 0.037741 
2297 43.065072 0.000000 8.053358 98.348372 0.000000 2.634802 0.032066 
2298 42.946824 0.000000 8.053358 98.354675 0.000000 2.653737 0.031932 
2299 43.183320 0.000000 8.053358 98.353129 0.000000 2.640214 0.031969 
2300 43.301568 0.000000 8.053358 98.428264 0.000000 2.653961 0.030483 
2301 43.301568 0.000000 7.942508 98.318561 0.000000 2.632858 0.032653 
2302 43.419815 0.000000 8.053358 98.427425 0.000000 2.657358 0.030498 
2303 43.656311 0.000000 9.051010 98.680532 0.000000 2.654723 0.025510 
2304 43.892807 0.000000 9.051010 98.676055 0.000000 2.612408 0.025621 
2305 43.656311 0.000000 9.272710 98.768916 0.000000 2.652021 0.023767 
2306 43.301568 0.000000 8.718459 98.512391 0.000000 2.640366 0.028834 
2307 43.419815 0.000000 8.718459 98.518993 0.000000 2.637470 0.028705 
2308 43.301568 0.000000 8.829309 98.501783 0.000000 2.598340 0.029065 
2309 42.237337 0.000000 8.607609 98.342974 -0.000000 2.467754 0.032257 
2310 42.000841 0.000000 8.607609 98.228967 -0.000000 2.329762 0.034564 
2311 42.237337 0.000000 8.829309 98.493641 -0.000000 2.348704 0.029349 
2312 42.237337 0.000000 9.051010 98.644699 -0.000000 2.246403 0.026418 
2313 42.000841 0.000000 9.051010 98.570971 -0.000000 2.090058 0.027940 
2314 42.237337 0.000000 9.272710 98.708132 -0.000000 2.227851 0.025174 
2315 41.764345 0.000000 9.051010 98.508766 -0.000000 1.894433 0.029243 
2316 41.527849 0.000000 9.051010 98.342764 -0.000000 1.734821 0.032569 
2317 41.764345 0.000000 8.829309 98.340874 -0.000000 2.046468 0.032488 
2318 43.242444 0.000000 8.552184 98.507970 0.000000 2.661146 0.028910 
2319 43.301568 0.000000 8.552184 98.506264 0.000000 2.658936 0.028945 
2320 43.242444 0.000000 8.607609 98.510468 0.000000 2.659440 0.028861 
2321 70.853325 0.000000 6.612306 99.734569 -0.195198 5.043897 0.002754 
2322 70.853325 0.000000 3.065100 99.632603 -0.301758 6.454676 0.003159 
2323 74.637257 0.000000 6.612306 99.794843 -0.650025 4.669114 0.001877 
2324 17.878272 0.000000 13.706717 101.874442 0.210012 6.399161 -0.041940 
2325 14.094340 0.000000 13.706717 101.458101 0.249589 7.435418 -0.034909 
2326 17.878272 0.000000 17.253923 101.350898 0.008658 6.598271 -0.031554 
2327 10.310407 0.000000 13.706717 101.114676 0.447923 8.009327 -0.028853 
2328 6.526475 0.000000 13.706717 100.379129 0.428021 8.235558 -0.014398 
2329 10.310407 0.000000 17.253923 101.311907 -0.078329 7.343903 -0.031804 
2330 0.850577 0.000000 4.838703 96.991322 0.093071 10.420743 0.048408 
2331 -1.041390 0.000000 4.838703 97.308202 0.338058 9.650702 0.043786 
2332 0.850577 0.000000 6.612306 98.093841 0.223116 9.709584 0.028327 
2333 -0.095407 0.000000 0.404696 90.789164 0.100693 14.994291 0.153249 
2334 -1.041390 0.000000 0.404696 91.852976 0.323248 11.876157 0.142188 
2335 -0.095407 0.000000 1.291497 93.339549 0.112571 12.894299 0.112145 
2336 1.796560 0.000000 2.178299 94.284575 0.154670 14.432957 0.090208 
2337 0.850577 0.000000 2.178299 94.579895 0.133167 13.065388 0.088392 
2338 1.796560 0.000000 3.065100 95.469362 0.168251 13.068866 0.071478 
2339 -0.095407 0.000000 2.178299 94.849104 0.201907 11.701069 0.086669 
2340 -1.041390 0.000000 2.178299 95.200284 0.312704 10.679790 0.082275 
2341 -0.095407 0.000000 3.065100 95.796851 0.291128 10.832019 0.070555 
2342 9.364424 0.000000 -1.368907 -12.099710 0.202769 -0.535835 0.985327 
2343 9.364424 0.000000 -4.916113 100.801207 -0.638840 5.609805 -0.019276 
2344 8.418441 0.000000 -4.916113 102.836879 -0.534030 4.023736 -0.059190 
2345 9.364424 0.000000 -5.802914 100.309456 -0.601615 4.949443 -0.008685 
2346 7.472458 0.000000 -4.916113 103.744791 -0.456412 0.775045 -0.076379 
2347 6.526475 0.000000 -4.916113 102.209516 -0.352383 -2.506832 -0.045319 
2348 7.472458 0.000000 -5.802914 101.462871 -0.350809 2.276359 -0.030002 
2349 19.770238 0.000000 8.385909 101.960166 -0.141337 5.918269 -0.043092 
2350 17.878272 0.000000 8.385909 101.941746 -0.438906 6.562590 -0.043538 
2351 19.770238 0.000000 10.159511 102.540984 -0.046437 5.591339 -0.054592 
2352 15.986306 0.000000 8.385909 101.416645 -0.565997 6.934635 -0.033375 
2353 14.094340 0.000000 8.385909 101.746147 -0.247215 7.680342 -0.041133 
2354 15.986306 0.000000 10.159511 101.490957 0.293579 7.073974 -0.035054 
2355 16.932289 0.000000 0.404696 -8.161882 0.424618 1.135822 0.993191 
2356 17.878272 0.000000 0.404696 -8.120957 0.294971 1.000079 0.993296 
2357 18.824255 0.000000 0.404696 -8.620112 0.086929 0.491205 0.992544 
2358 19.770238 0.000000 0.404696 -8.810815 0.109386 0.319173 0.992226 
2359 20.716221 0.000000 0.404696 -9.370686 -0.184680 -0.005766 0.991216 
2360 21.662204 0.000000 0.404696 -9.919315 -0.050439 -0.383724 0.990146 
2361 22.608188 0.000000 0.404696 -10.455632 -0.269300 -1.469880 0.988845 
2362 23.554171 0.000000 0.404696 -11.589968 0.026750 -1.899686 0.986206 
2363 24.500154 0.000000 0.404696 -12.852816 0.041845 -2.412830 0.982898 
2364 22.608188 0.000000 3.951901 107.378496 -0.101863 0.340883 -0.153027 
2365 21.662204 0.000000 3.951901 106.916327 -0.029522 0.409494 -0.143127 
2366 22.608188 0.000000 4.838703 103.939054 -0.063831 2.755038 -0.081092 
2367 24.500154 0.000000 5.725504 103.063548 -0.133671 2.135624 -0.062667 
2368 23.554171 0.000000 5.725504 103.185987 -0.210366 2.810869 -0.065529 
2369 24.500154 0.000000 6.612306 102.598716 0.106789 2.806089 -0.053438 
2370 22.608188 0.000000 5.725504 103.288214 -0.064953 3.381263 -0.067989 
2371 21.662204 0.000000 5.725504 103.121175 -0.090056 3.656597 -0.064736 
2372 22.608188 0.000000 6.612306 102.535699 -0.223230 3.783085 -0.052793 
2373 97.340851 0.000000 -39.501368 99.752521 -0.062808 6.764835 0.000367 
2374 97.340851 0.000000 -53.690191 99.752188 -0.052336 6.853909 0.000252 
2375 112.476581 0.000000 -39.501368 99.755732 -0.053681 6.761241 0.000308 
2376 74.637257 0.000000 -18.218134 99.793485 -0.217708 6.519789 -0.000129 
2377 74.637257 0.000000 -25.312545 99.807539 -0.209510 6.702596 -0.000651 
2378 82.205122 0.000000 -18.218134 99.787985 -0.163617 6.479628 0.000035 
2379 34.905968 0.000000 -5.802914 98.107931 -0.036411 9.928871 0.027625 
2380 34.905968 0.000000 -7.576517 99.024328 -0.462191 9.237039 0.010865 
2381 36.797934 0.000000 -5.802914 98.171962 -0.436492 9.747111 0.026707 
2382 24.027162 0.000000 -3.585911 113.390453 -0.126751 9.680825 -0.295113 
2383 24.027162 0.000000 -4.029311 112.795318 -0.153069 6.990302 -0.277167 
2384 24.027162 0.000000 -3.142510 113.636569 -0.115619 10.683922 -0.302743 
2385 24.027162 0.000000 -2.699109 112.795318 -0.153069 6.990302 -0.277167 
2386 23.554171 0.000000 -2.699109 111.064302 -0.270389 11.347358 -0.246411 
2387 24.027162 0.000000 -2.255709 -12.434535 -0.143722 -2.877011 0.983708 
2388 30.176052 0.000000 -1.368907 101.498727 -0.284972 11.633129 -0.043740 
2389 30.176052 0.000000 -2.255709 101.330855 -0.333912 11.617071 -0.040301 
2390 31.122035 0.000000 -1.368907 103.188118 -0.035298 18.002297 -0.097187 
2391 24.027162 0.000000 -1.812308 -12.391853 0.054542 -2.913912 0.983795 
2392 23.554171 0.000000 -1.812308 -11.932325 -0.067746 -2.498086 0.985137 
2393 24.027162 0.000000 -1.368907 -12.298208 0.005256 -2.883395 0.984044 
2394 28.993573 0.000000 3.730201 102.227788 -0.057975 8.640990 -0.052519 
2395 28.757078 0.000000 3.730201 102.405925 -0.043137 12.465302 -0.064236 
2396 28.993573 0.000000 3.951901 102.973489 -0.040166 9.924730 -0.070204 
2397 28.520582 0.000000 3.730201 101.298588 -0.078668 13.087586 -0.043270 
2398 28.284086 0.000000 3.730201 96.536356 -0.104936 19.039170 0.031823 
2399 28.520582 0.000000 3.951901 97.762908 -0.062354 17.754604 0.012718 
2400 29.466565 0.000000 2.399999 99.711798 -0.127466 -3.614075 0.004448 
2401 29.466565 0.000000 2.178299 106.211390 -0.168356 -2.209127 -0.128577 
2402 29.703061 0.000000 2.399999 102.946645 -0.148848 4.472627 -0.061804 
2403 29.939556 0.000000 2.843400 104.006933 -0.108700 11.073572 -0.094008 
2404 29.939556 0.000000 2.621699 104.844579 -0.134035 9.699548 -0.108649 
2405 30.176052 0.000000 2.843400 301.542975 -0.103727 -70.244439 -8.586246 
2406 28.047590 0.000000 3.730201 90.765347 -0.106022 15.667553 0.151617 
2407 27.811094 0.000000 3.730201 92.037766 -0.046744 13.922455 0.133521 
2408 28.047590 0.000000 3.951901 87.217937 -0.095896 21.714745 0.192149 
2409 27.574599 0.000000 3.730201 92.399066 -0.043359 7.041727 0.141282 
2410 27.338103 0.000000 3.730201 98.814245 -0.042127 -1.135516 0.023445 
2411 27.574599 0.000000 3.951901 94.255378 -0.050584 2.891059 0.110756 
2412 35.851951 0.000000 5.725504 98.462468 -0.000000 1.277776 0.030351 
2413 32.541010 0.000000 4.395302 100.152033 -0.044123 -2.077279 -0.003475 
2414 33.014001 0.000000 4.395302 99.225385 -0.055946 -1.669218 0.015153 
2415 32.541010 0.000000 4.838703 100.634793 -0.000000 -0.560226 -0.012768 
2416 33.486993 0.000000 4.395302 97.724040 -0.048422 -0.278446 0.044993 
2417 33.959985 0.000000 4.395302 98.581803 -0.036759 0.949747 0.028072 
2418 33.486993 0.000000 4.838703 98.446193 -0.069524 0.161251 0.030832 
2419 34.669472 0.000000 2.843400 106.665458 -0.127311 -12.772896 -0.154068 
2420 34.432976 0.000000 2.843400 106.001422 -0.179045 12.852200 -0.140151 
2421 34.669472 0.000000 3.065100 108.632610 -0.169711 2.277681 -0.180626 
2422 63.285460 0.000000 -7.576517 99.625399 -0.104394 5.952400 0.003934 
2423 63.285460 0.000000 -11.123723 99.657498 -0.080433 6.146472 0.003060 
2424 67.069393 0.000000 -7.576517 99.676286 -0.126834 5.969952 0.002898 
2425 41.054858 0.000000 1.734898 103.719128 0.415302 5.806226 -0.079154 
2426 40.581866 0.000000 1.734898 104.152134 0.324537 6.052368 -0.088440 
2427 41.054858 0.000000 1.291497 103.612960 0.134854 12.195611 -0.088440 
2428 38.689900 0.000000 -5.802914 97.899799 -0.081259 8.847570 0.033734 
2429 38.689900 0.000000 -7.576517 98.423771 -0.146369 8.110829 0.024695 
2430 40.581866 0.000000 -5.802914 97.831520 -0.179338 8.096967 0.036340 
2431 41.054858 0.000000 0.848096 103.712834 0.082514 12.725744 -0.091830 
2432 40.581866 0.000000 0.848096 104.424297 0.128383 9.784378 -0.100018 
2433 41.054858 0.000000 0.404696 103.413712 0.109864 12.443034 -0.084924 
2434 23.081179 0.000000 -2.699109 109.157130 -0.399648 16.147805 -0.217619 
2435 22.608188 0.000000 -2.699109 -12.915201 -0.326562 -2.279245 0.982790 
2436 23.081179 0.000000 -2.255709 -12.102654 -0.285294 -2.409016 0.984764 
2437 45.311782 0.000000 3.951901 97.098511 -0.686797 4.099922 0.055460 
2438 45.311782 0.000000 3.065100 96.706289 -0.834195 4.522188 0.062675 
2439 46.257765 0.000000 3.951901 97.605223 -0.575746 4.409123 0.045345 
2440 43.892807 0.000000 5.282104 97.163618 -0.578887 3.080816 0.054940 
2441 43.892807 0.000000 4.838703 96.872312 -1.017174 3.060044 0.060536 
2442 44.365799 0.000000 5.282104 97.315855 -0.540959 3.307024 0.051840 
2443 40.108875 0.000000 3.508501 105.411728 0.154168 -5.148160 -0.113816 
2444 39.635883 0.000000 3.508501 102.992951 0.211497 -2.165344 -0.061228 
2445 40.108875 0.000000 3.065100 110.455063 0.099005 2.038872 -0.220449 
2446 30.412548 0.000000 2.843400 327.352316 -0.162364 -88.547879 -10.500029 
2447 30.412548 0.000000 2.621699 240.277233 -0.165276 -53.198488 -5.056326 
2448 30.649044 0.000000 2.843400 393.464028 -0.169029 -123.193024 -15.999049 
2449 33.959985 0.000000 7.499107 99.515490 0.282023 2.419891 0.009073 
2450 33.014001 0.000000 7.499107 99.871384 0.155594 2.291763 0.002043 
2451 33.959985 0.000000 8.385909 99.512636 -0.146668 3.019632 0.008810 
2452 33.959985 0.000000 9.272710 99.828284 -0.212131 3.425195 0.002254 
2453 33.014001 0.000000 9.272710 99.828745 -0.133807 3.284812 0.002341 
2454 33.959985 0.000000 10.159511 100.164971 -0.080835 3.544377 -0.004559 
2455 33.959985 0.000000 11.046313 100.221752 -0.010539 3.934456 -0.005988 
2456 33.014001 0.000000 11.046313 100.467884 -0.158626 3.810457 -0.010834 
2457 33.959985 0.000000 11.933114 100.136631 0.095944 4.394818 -0.004667 
2458 42.237337 0.000000 9.494410 98.770988 -0.000000 2.127459 0.023977 
2459 42.473832 0.000000 9.494410 98.799857 -0.000000 2.266512 0.023345 
2460 42.237337 0.000000 9.716111 98.856541 -0.000000 2.023959 0.022329 
2461 42.237337 0.000000 9.937811 98.848589 0.000000 1.914066 0.022529 
2462 42.473832 0.000000 9.937811 98.872759 -0.000000 2.180279 0.021942 
2463 42.237337 0.000000 10.159511 98.846438 0.000000 1.913274 0.022572 
2464 41.291353 0.000000 9.051010 98.204780 -0.000000 1.627160 0.035317 
2465 41.054858 0.000000 9.051010 98.057445 -0.000000 1.516974 0.038244 
2466 41.291353 0.000000 8.829309 98.074853 -0.000000 1.859568 0.037787 
2467 40.818362 0.000000 9.051010 97.958734 -0.000000 1.510336 0.040181 
2468 40.581866 0.000000 9.051010 97.713792 -0.000000 1.459834 0.044988 
2469 40.818362 0.000000 8.829309 97.752475 -0.000000 1.782586 0.044128 
2470 38.926396 0.000000 10.381212 96.361833 -0.000000 1.408285 0.071241 
2471 39.162892 0.000000 10.381212 96.647872 -0.000000 1.220454 0.065770 
2472 38.926396 0.000000 10.602912 102.463386 0.122494 2.786481 -0.050653 
2473 43.892807 0.000000 4.395302 96.527799 -0.386992 3.088349 0.067270 
2474 43.892807 0.000000 3.951901 96.123444 -0.882359 3.156799 0.074954 
2475 44.365799 0.000000 4.395302 96.777051 -0.360165 3.440203 0.062224 
2476 42.710328 0.000000 4.617002 96.265636 -0.612530 1.942133 0.072878 
2477 42.710328 0.000000 4.395302 95.984868 -0.373660 1.816547 0.078347 
2478 42.946824 0.000000 4.617002 96.331124 -0.624925 2.208350 0.071505 
2479 41.882593 0.000000 5.171253 96.956021 0.000000 1.467207 0.059738 
2480 41.764345 0.000000 5.171253 96.914576 0.000000 1.366316 0.060570 
2481 42.000841 0.000000 5.171253 96.940992 0.000000 1.475206 0.060027 
2482 42.119089 0.000000 5.171253 96.959596 0.000000 1.494437 0.059660 
2483 42.119089 0.000000 5.060403 96.824039 0.000000 1.348624 0.062329 
2484 42.237337 0.000000 5.171253 97.032726 0.000000 1.590054 0.058212 
2485 43.183320 0.000000 5.947205 97.382927 -0.491522 2.672381 0.050918 
2486 43.183320 0.000000 5.725504 97.263031 -0.009214 2.626860 0.053300 
2487 43.419815 0.000000 5.947205 97.419310 -0.483024 2.793754 0.050144 
2488 42.828576 0.000000 6.501456 97.682103 0.000000 2.563281 0.045164 
2489 42.828576 0.000000 6.390605 97.572629 0.000000 2.509234 0.047329 
2490 42.946824 0.000000 6.501456 97.693282 0.000000 2.568805 0.044942 
2491 42.592080 0.000000 5.836354 97.145925 0.000000 2.290191 0.055742 
2492 42.592080 0.000000 5.725504 97.120231 0.000000 2.163805 0.056298 
2493 42.710328 0.000000 5.836354 97.145976 0.000000 2.300707 0.055737 
2494 42.355584 0.000000 6.723156 97.660865 0.000000 2.563495 0.045578 
2495 42.237337 0.000000 6.723156 97.614953 0.000000 2.527337 0.046493 
2496 42.355584 0.000000 6.834006 97.667046 0.000000 2.563280 0.045458 
2497 42.355584 0.000000 6.944856 97.671840 0.000000 2.587338 0.045352 
2498 42.237337 0.000000 6.944856 97.642034 0.000000 2.552359 0.045952 
2499 42.355584 0.000000 7.055706 97.674879 0.000000 2.600537 0.045286 
2500 43.656311 0.000000 7.277407 98.023955 -0.345508 2.795046 0.038337 
2501 43.656311 0.000000 7.055706 97.935402 -0.573558 2.847032 0.040022 
2502 43.892807 0.000000 7.277407 98.074965 -0.328230 2.862442 0.037300 
2503 41.764345 0.000000 7.720807 97.783939 -0.000000 2.399419 0.043254 
2504 41.527849 0.000000 7.720807 97.751508 -0.000000 2.373172 0.043901 
2505 41.764345 0.000000 7.942508 97.817847 -0.000000 2.405139 0.042588 
2506 41.764345 0.000000 8.164208 97.914844 -0.000000 2.324895 0.040728 
2507 41.527849 0.000000 8.164208 97.855321 -0.000000 2.237002 0.041933 
2508 41.764345 0.000000 8.385909 98.068270 -0.000000 2.285051 0.037739 
2509 42.355584 0.000000 7.166557 97.671293 0.000000 2.595045 0.045358 
2510 42.237337 0.000000 7.166557 97.652200 0.000000 2.573422 0.045743 
2511 42.355584 0.000000 7.277407 97.674263 0.000000 2.591155 0.045302 
2512 42.355584 0.000000 7.388257 97.716561 0.000000 2.612101 0.044465 
2513 42.237337 0.000000 7.388257 97.662438 -0.000000 2.602248 0.045528 
2514 42.355584 0.000000 7.499107 97.795664 0.000000 2.622044 0.042913 
2515 43.301568 0.000000 7.831658 98.292480 0.000000 2.629648 0.033167 
2516 43.301568 0.000000 7.720807 98.173177 0.000000 2.620624 0.035516 
2517 43.419815 0.000000 7.831658 98.286806 0.000000 2.629107 0.033279 
2518 42.828576 0.000000 8.053358 98.287870 0.000000 2.663966 0.033240 
2519 42.710328 0.000000 8.053358 98.266604 0.000000 2.673343 0.033653 
2520 42.828576 0.000000 8.164208 98.386987 0.000000 2.675657 0.031284 
2521 42.828576 0.000000 8.275058 98.445777 0.000000 2.670000 0.030130 
2522 42.710328 0.000000 8.275058 98.438337 0.000000 2.676730 0.030273 
2523 42.828576 0.000000 8.385909 98.470208 0.000000 2.686191 0.029640 
2524 41.764345 0.000000 8.607609 98.143319 -0.000000 2.247570 0.036284 
2525 41.527849 0.000000 8.607609 98.016376 0.000000 2.104609 0.038836 
2526 42.828576 0.000000 8.496759 98.488211 0.000000 2.693074 0.029282 
2527 42.710328 0.000000 8.496759 98.489315 -0.000000 2.673678 0.029271 
2528 42.828576 0.000000 8.607609 98.523686 0.000000 2.676256 0.028592 
2529 42.828576 0.000000 8.718459 98.553824 0.000000 2.674123 0.027999 
2530 42.710328 0.000000 8.718459 98.549486 0.000000 2.644424 0.028101 
2531 42.828576 0.000000 8.829309 98.633356 0.000000 2.668831 0.026434 
2532 42.710328 0.000000 9.494410 98.850654 -0.000000 2.555838 0.022202 
2533 42.946824 0.000000 9.494410 98.818397 0.000000 2.625455 0.022803 
2534 42.710328 0.000000 9.716111 98.893859 -0.000000 2.479820 0.021386 
2535 43.183320 0.000000 9.494410 98.818687 0.000000 2.688778 0.022764 
2536 43.419815 0.000000 9.494410 98.830582 0.000000 2.666326 0.022541 
2537 43.183320 0.000000 9.716111 98.889886 0.000000 2.680417 0.021361 
2538 42.710328 0.000000 9.937811 98.891168 -0.000000 2.339667 0.021506 
2539 42.946824 0.000000 9.937811 98.902340 -0.000000 2.575208 0.021170 
2540 42.710328 0.000000 10.159511 98.893031 -0.000000 2.397568 0.021442 
2541 -2.933356 0.000000 4.838703 97.629921 0.223147 8.651449 0.039350 
2542 -4.825322 0.000000 4.838703 98.087154 0.075447 7.901616 0.031647 
2543 -2.933356 0.000000 6.612306 98.345575 0.154642 8.474674 0.025630 
2544 27.338103 0.000000 11.933114 101.472474 0.102633 4.451059 -0.031649 
2545 25.446137 0.000000 11.933114 101.757987 -0.216455 4.713441 -0.037695 
2546 27.338103 0.000000 13.706717 100.734171 -0.080813 4.867154 -0.017107 
2547 70.853325 0.000000 -0.482106 99.668057 -0.258742 6.018363 0.002999 
2548 70.853325 0.000000 -4.029311 99.695327 -0.205410 5.768718 0.002752 
2549 74.637257 0.000000 -0.482106 99.709109 -0.217526 5.941571 0.002274 
2550 23.081179 0.000000 -1.812308 -11.601929 -0.260875 -2.459630 0.985928 
2551 22.608188 0.000000 -1.812308 -11.303738 -0.372674 -2.133376 0.986754 
2552 23.081179 0.000000 -1.368907 -11.153543 -0.297613 -2.533995 0.986909 
2553 40.108875 0.000000 2.621699 126.722968 0.130757 10.653625 -0.617223 
2554 39.635883 0.000000 2.621699 108.583703 0.264412 11.507054 -0.192290 
2555 40.108875 0.000000 2.178299 125.474161 2.374016 13.806354 -0.594002 
2556 40.108875 0.000000 7.055706 97.470623 -0.000000 2.193315 0.049467 
2557 39.635883 0.000000 7.055706 97.520440 -0.000000 2.232672 0.048478 
2558 40.108875 0.000000 7.499107 97.480494 -0.000000 2.265205 0.049242 
2559 40.108875 0.000000 7.942508 97.390070 -0.000000 2.222022 0.051024 
2560 39.635883 0.000000 7.942508 97.257038 -0.000000 2.374231 0.053543 
2561 39.162892 0.000000 7.942508 97.193047 -0.000000 2.598586 0.054676 
2562 38.689900 0.000000 7.942508 97.286655 -0.000000 2.827637 0.052731 
2563 39.162892 0.000000 7.499107 97.400024 -0.000000 2.447073 0.050725 
2564 41.291353 0.000000 6.834006 97.534629 -0.000000 2.297452 0.048172 
2565 41.054858 0.000000 6.834006 97.510273 -0.000000 2.252949 0.048667 
2566 41.291353 0.000000 7.055706 97.569169 -0.000000 2.319522 0.047488 
2567 41.291353 0.000000 7.277407 97.628483 -0.000000 2.328519 0.046326 
2568 41.054858 0.000000 7.277407 97.595649 -0.000000 2.284442 0.046987 
2569 41.291353 0.000000 7.499107 97.708993 -0.000000 2.333707 0.044751 
2570 41.291353 0.000000 7.720807 97.716139 0.000000 2.298363 0.044627 
2571 41.054858 0.000000 7.720807 97.643045 0.000000 2.255685 0.046075 
2572 41.291353 0.000000 7.942508 97.705215 -0.000000 2.257597 0.044859 
2573 41.291353 0.000000 8.164208 97.749015 0.000000 2.153145 0.044049 
2574 41.054858 0.000000 8.164208 97.628594 -0.000000 2.140619 0.046408 
2575 41.291353 0.000000 8.385909 97.842435 0.000000 2.078767 0.042254 
2576 43.656311 0.000000 9.494410 98.837515 0.000000 2.635977 0.022420 
2577 43.892807 0.000000 9.494410 98.867517 0.000000 2.651604 0.021818 
2578 43.656311 0.000000 9.716111 98.869635 0.000000 2.652276 0.021776 
2579 40.345370 0.000000 9.051010 97.548199 -0.000000 1.544317 0.048196 
2580 40.108875 0.000000 9.051010 97.401663 -0.000000 1.535622 0.051056 
2581 40.345370 0.000000 8.829309 97.483248 -0.000000 1.697235 0.049414 
2582 43.065072 0.000000 7.388257 97.904415 0.000000 2.592394 0.040801 
2583 43.065072 0.000000 7.277407 97.716614 0.000000 2.577991 0.044482 
2584 43.183320 0.000000 7.388257 97.849224 0.000000 2.584734 0.041885 
2585 42.355584 0.000000 7.609957 97.889090 0.000000 2.632751 0.041079 
2586 42.237337 0.000000 7.609957 97.847086 -0.000000 2.598955 0.041919 
2587 42.355584 0.000000 7.720807 97.928201 -0.000000 2.625764 0.040317 
2588 42.355584 0.000000 7.831658 97.978365 0.000000 2.624779 0.039335 
2589 42.237337 0.000000 7.831658 97.947890 -0.000000 2.613810 0.039938 
2590 42.355584 0.000000 7.942508 98.015423 0.000000 2.620936 0.038611 
2591 2.742543 0.000000 13.706717 99.946375 0.404423 8.256370 -0.005761 
2592 -1.041390 0.000000 13.706717 99.494538 0.135923 7.751115 0.004074 
2593 2.742543 0.000000 17.253923 99.999705 0.089523 7.605303 -0.005779 
2594 -4.825322 0.000000 13.706717 99.580239 0.006721 7.714750 0.002426 
2595 -8.609254 0.000000 13.706717 99.881005 -0.011236 7.832170 -0.003756 
2596 -4.825322 0.000000 17.253923 100.076911 -0.033819 7.694290 -0.007459 
2597 5.580492 0.000000 -4.916113 99.435727 -0.137148 -3.265607 0.010185 
2598 4.634509 0.000000 -4.916113 97.604452 -0.076120 -2.047833 0.046917 
2599 5.580492 0.000000 -5.802914 99.630768 -0.179755 -0.167928 0.007365 
2600 3.688526 0.000000 -4.916113 97.165156 -0.055385 -0.128473 0.055891 
2601 2.742543 0.000000 -4.916113 97.557150 -0.038957 0.871525 0.048184 
2602 3.688526 0.000000 -5.802914 98.127181 -0.066814 1.204174 0.036960 
2603 12.202374 0.000000 8.385909 101.571251 0.531911 8.715170 -0.039296 
2604 10.310407 0.000000 8.385909 101.657943 0.297338 9.659310 -0.042773 
2605 12.202374 0.000000 10.159511 101.449305 0.394870 8.406378 -0.036278 
2606 8.418441 0.000000 8.385909 101.093876 0.159367 10.522157 -0.033071 
2607 6.526475 0.000000 8.385909 100.195629 0.176805 10.655234 -0.015273 
2608 8.418441 0.000000 10.159511 100.702913 0.236920 9.339029 -0.022835 
2609 20.716221 0.000000 3.951901 106.556577 0.074253 0.354726 -0.135444 
2610 19.770238 0.000000 3.951901 106.410747 0.099911 0.361350 -0.132339 
2611 20.716221 0.000000 4.838703 103.220102 0.074941 4.266707 -0.067260 
2612 20.716221 0.000000 5.725504 102.496612 0.135504 4.628662 -0.052700 
2613 19.770238 0.000000 5.725504 102.242110 0.106740 4.869864 -0.047718 
2614 20.716221 0.000000 6.612306 101.849781 -0.343667 5.077110 -0.039927 
2615 30.176052 0.000000 -3.142510 100.334864 -0.481968 8.464423 -0.013896 
2616 30.176052 0.000000 -4.029311 99.258640 0.100651 12.261651 -0.000264 
2617 31.122035 0.000000 -3.142510 103.435239 -0.063611 17.840314 -0.101713 
2618 32.068018 0.000000 -1.368907 102.910826 0.000579 21.612652 -0.105774 
2619 32.068018 0.000000 -2.255709 102.925281 -0.005498 21.561815 -0.105853 
2620 33.014001 0.000000 -1.368907 103.291197 0.031313 23.463303 -0.121960 
2621 29.939556 0.000000 2.399999 103.949577 -0.147992 6.931939 -0.085359 
2622 29.939556 0.000000 2.178299 98.046820 -0.285380 -1.709813 0.038382 
2623 30.176052 0.000000 2.399999 103.225685 -0.161203 8.045459 -0.072030 
2624 34.432976 0.000000 4.395302 100.056716 -0.034423 0.318747 -0.001145 
2625 34.905968 0.000000 4.395302 101.704234 -0.065706 -1.345930 -0.034557 
2626 34.432976 0.000000 4.838703 98.859614 -0.010273 0.795603 0.022614 
2627 33.959985 0.000000 -1.368907 102.119728 0.075906 26.979452 -0.115634 
2628 33.959985 0.000000 -2.255709 102.520847 0.066512 27.908247 -0.128940 
2629 34.905968 0.000000 -1.368907 102.133390 0.072177 26.913301 -0.115556 
2630 35.378959 0.000000 4.395302 100.937542 -0.030006 -1.897666 -0.019199 
2631 35.851951 0.000000 4.395302 100.391636 -0.048341 -1.886217 -0.008204 
2632 35.378959 0.000000 4.838703 99.889359 -0.011073 -0.735079 0.002158 
2633 42.473832 0.000000 -5.802914 97.971354 -0.273264 7.430219 0.034633 
2634 42.473832 0.000000 -7.576517 98.442563 -0.249897 7.196153 0.025721 
2635 44.365799 0.000000 -5.802914 98.199242 -0.290191 6.891722 0.030933 
2636 45.311782 0.000000 2.178299 96.377729 -0.815941 5.229639 0.068332 
2637 45.311782 0.000000 1.291497 96.229999 -0.710437 6.469143 0.069743 
2638 46.257765 0.000000 2.178299 97.179449 -0.665673 5.427404 0.052625 
2639 30.412548 0.000000 2.399999 151.724673 -0.222724 -18.879686 -1.337687 
2640 30.412548 0.000000 2.178299 100.277375 -0.334251 -1.529380 -0.005800 
2641 30.649044 0.000000 2.399999 155.722914 -0.206566 -27.127655 -1.498558 
2642 32.068018 0.000000 7.499107 100.288963 0.130435 2.255022 -0.006298 
2643 31.122035 0.000000 7.499107 100.434174 0.103806 2.368865 -0.009265 
2644 32.068018 0.000000 8.385909 100.246152 0.158775 2.767355 -0.005697 
2645 32.068018 0.000000 9.272710 100.331334 -0.065619 3.076296 -0.007584 
2646 31.122035 0.000000 9.272710 100.521236 0.250735 3.267900 -0.011526 
2647 32.068018 0.000000 10.159511 100.230758 -0.177749 3.679711 -0.005978 
2648 41.291353 0.000000 8.607609 97.933294 0.000000 2.060567 0.040482 
2649 41.054858 0.000000 8.607609 97.731770 -0.000000 1.964124 0.044464 
2650 38.216908 0.000000 7.942508 97.500824 -0.000000 3.047662 0.048430 
2651 37.743917 0.000000 7.942508 97.685626 -0.000000 3.332818 0.044641 
2652 38.216908 0.000000 7.499107 97.676267 -0.000000 2.767053 0.045169 
2653 37.270925 0.000000 7.942508 97.888036 0.000000 3.707391 0.040419 
2654 36.797934 0.000000 7.942508 97.970279 0.000000 3.722129 0.038797 
2655 37.270925 0.000000 7.499107 97.990540 0.000000 3.223623 0.038746 
2656 43.892807 0.000000 3.508501 95.642257 -1.005812 3.277632 0.084080 
2657 43.892807 0.000000 3.065100 95.075027 -1.268703 3.500524 0.094688 
2658 44.365799 0.000000 3.508501 96.103963 -0.949713 3.736570 0.074916 
2659 42.710328 0.000000 4.173602 95.660318 -0.627699 1.701761 0.084581 
2660 42.710328 0.000000 3.951901 95.265736 -0.839218 1.578011 0.092125 
2661 42.946824 0.000000 4.173602 95.777041 -2.707880 1.464171 0.081728 
2662 43.183320 0.000000 5.503804 97.117721 -0.889499 2.614276 0.056052 
2663 43.183320 0.000000 5.282104 96.963017 -0.572052 2.590090 0.059114 
2664 43.419815 0.000000 5.503804 97.161209 -0.869090 2.761072 0.055132 
2665 42.119089 0.000000 4.949553 96.753347 0.000000 1.263178 0.063719 
2666 42.119089 0.000000 4.838703 96.679892 0.000000 1.177884 0.065161 
2667 42.237337 0.000000 4.949553 96.744786 0.000000 1.253563 0.063888 
2668 42.355584 0.000000 5.171253 97.034973 0.000000 1.587487 0.058169 
2669 42.355584 0.000000 5.060403 97.035814 0.000000 1.586538 0.058153 
2670 42.473832 0.000000 5.171253 97.027745 0.000000 1.604541 0.058304 
2671 42.592080 0.000000 5.614654 97.115535 0.000000 2.139769 0.056399 
2672 42.592080 0.000000 5.503804 97.101200 0.000000 2.078030 0.056704 
2673 42.710328 0.000000 5.614654 97.146309 0.000000 2.301049 0.055730 
2674 42.828576 0.000000 6.279755 97.485421 0.000000 2.467606 0.049050 
2675 42.828576 0.000000 6.168905 97.423482 0.000000 2.437270 0.050272 
2676 42.946824 0.000000 6.279755 97.527965 0.000000 2.487087 0.048211 
2677 42.828576 0.000000 6.058055 97.398886 0.000000 2.425280 0.050757 
2678 42.828576 0.000000 5.947205 97.146137 0.000000 2.300873 0.055733 
2679 42.946824 0.000000 6.058055 97.400553 0.000000 2.415611 0.050730 
2680 42.119089 0.000000 6.723156 97.621873 0.000000 2.516021 0.046364 
2681 42.000841 0.000000 6.723156 97.612535 -0.000000 2.472506 0.046568 
2682 42.119089 0.000000 6.834006 97.638068 0.000000 2.528437 0.046041 
2683 42.119089 0.000000 6.944856 97.637948 0.000000 2.538369 0.046039 
2684 42.000841 0.000000 6.944856 97.640099 -0.000000 2.512658 0.046010 
2685 42.119089 0.000000 7.055706 97.637234 -0.000000 2.545286 0.046049 
2686 43.656311 0.000000 6.834006 97.849190 -0.731591 2.866263 0.041679 
2687 43.656311 0.000000 6.612306 97.754064 -0.461222 2.898767 0.043553 
2688 43.892807 0.000000 6.834006 97.903065 -0.694112 2.928475 0.040593 
2689 42.119089 0.000000 7.166557 97.648703 0.000000 2.539891 0.045828 
2690 42.000841 0.000000 7.166557 97.649397 -0.000000 2.524764 0.045822 
2691 42.119089 0.000000 7.277407 97.661311 0.000000 2.555918 0.045574 
2692 42.119089 0.000000 7.388257 97.684127 -0.000000 2.572268 0.045119 
2693 42.000841 0.000000 7.388257 97.703303 -0.000000 2.521816 0.044771 
2694 42.119089 0.000000 7.499107 97.773935 -0.000000 2.560429 0.043370 
2695 43.301568 0.000000 7.609957 98.137034 0.000000 2.615560 0.036228 
2696 43.301568 0.000000 7.499107 98.052137 0.000000 2.588904 0.037908 
2697 43.419815 0.000000 7.609957 98.202792 0.000000 2.593640 0.034948 
2698 42.592080 0.000000 8.053358 98.188869 0.000000 2.661199 0.035186 
2699 42.473832 0.000000 8.053358 98.158404 0.000000 2.645183 0.035793 
2700 42.592080 0.000000 8.164208 98.300977 0.000000 2.667069 0.032980 
2701 42.592080 0.000000 8.275058 98.409039 0.000000 2.665498 0.030856 
2702 42.473832 0.000000 8.275058 98.359861 -0.000000 2.617685 0.031849 
2703 42.592080 0.000000 8.385909 98.452494 -0.000000 2.651740 0.030007 
2704 42.592080 0.000000 8.496759 98.472679 -0.000000 2.649277 0.029611 
2705 42.473832 0.000000 8.496759 98.468033 -0.000000 2.652699 0.029701 
2706 42.592080 0.000000 8.607609 98.489364 0.000000 2.636119 0.029290 
2707 42.592080 0.000000 8.718459 98.511079 0.000000 2.610144 0.028875 
2708 42.473832 0.000000 8.718459 98.511589 -0.000000 2.588413 0.028877 
2709 42.592080 0.000000 8.829309 98.608259 -0.000000 2.563927 0.026984 
2710 43.183320 0.000000 9.937811 98.886808 -0.000000 2.694943 0.021414 
2711 43.419815 0.000000 9.937811 98.880503 0.000000 2.743529 0.021512 
2712 43.183320 0.000000 10.159511 98.897178 0.000000 2.659155 0.021228 
2713 23.554171 0.000000 11.933114 101.906115 -0.197784 5.049508 -0.041039 
2714 21.662204 0.000000 11.933114 102.099262 -0.005176 5.429487 -0.045374 
2715 23.554171 0.000000 13.706717 101.280056 0.098588 5.372556 -0.028652 
2716 70.853325 0.000000 -7.576517 99.702137 -0.135750 5.910472 0.002453 
2717 70.853325 0.000000 -11.123723 99.705716 -0.108998 6.101191 0.002153 
2718 74.637257 0.000000 -7.576517 99.728614 -0.135953 5.898898 0.001939 
2719 46.257765 0.000000 -5.802914 98.449992 -0.325668 6.460133 0.026576 
2720 46.257765 0.000000 -7.576517 98.687826 -0.294238 6.535450 0.021791 
2721 48.149731 0.000000 -5.802914 98.656185 -0.294759 6.176663 0.022872 
2722 30.176052 0.000000 -4.916113 99.111891 0.177541 11.373364 0.004745 
2723 30.176052 0.000000 -5.802914 99.219529 0.239502 10.553730 0.004405 
2724 31.122035 0.000000 -4.916113 99.227338 -0.049208 11.433046 0.002322 
2725 40.108875 0.000000 1.734898 104.874621 0.193550 6.530655 -0.104137 
2726 39.635883 0.000000 1.734898 103.166606 0.372142 7.495612 -0.069967 
2727 40.108875 0.000000 1.291497 102.820056 0.159203 11.762125 -0.071034 
2728 39.162892 0.000000 7.055706 97.511336 -0.000000 2.255407 0.048645 
2729 38.689900 0.000000 7.055706 97.599094 -0.000000 2.325334 0.046901 
2730 39.162892 0.000000 6.612306 97.546639 -0.000000 2.040646 0.048049 
2731 43.656311 0.000000 6.390605 97.679379 -0.568463 2.919209 0.044989 
2732 43.656311 0.000000 6.168905 97.575956 -0.750426 2.920879 0.046984 
2733 43.892807 0.000000 6.390605 97.712432 -0.582554 3.007642 0.044290 
2734 43.656311 0.000000 9.937811 98.858516 0.000000 2.581830 0.022033 
2735 43.892807 0.000000 9.937811 98.868386 0.000000 2.659446 0.021797 
2736 43.656311 0.000000 10.159511 98.869144 0.000000 2.666689 0.021778 
2737 32.068018 0.000000 11.046313 100.632781 -0.387380 3.771274 -0.014133 
2738 31.122035 0.000000 11.046313 100.398203 -0.171961 3.965219 -0.009555 
2739 32.068018 0.000000 11.933114 100.688100 -0.331182 3.974122 -0.015400 
2740 42.710328 0.000000 3.730201 94.814380 -0.627167 1.466432 0.100769 
2741 42.710328 0.000000 3.508501 106.686911 0.999360 -10.644848 -0.149641 
2742 42.946824 0.000000 3.730201 95.020909 -0.676484 1.899259 0.096696 
2743 41.882593 0.000000 6.723156 97.607610 -0.000000 2.455271 0.046673 
2744 41.764345 0.000000 6.723156 97.569402 -0.000000 2.396529 0.047447 
2745 41.882593 0.000000 6.834006 97.626525 -0.000000 2.460540 0.046301 
2746 41.882593 0.000000 6.944856 97.635402 -0.000000 2.476717 0.046119 
2747 41.764345 0.000000 6.944856 97.608613 -0.000000 2.433592 0.046664 
2748 41.882593 0.000000 7.055706 97.652527 -0.000000 2.483276 0.045782 
2749 41.882593 0.000000 7.166557 97.641402 -0.000000 2.480666 0.046000 
2750 41.764345 0.000000 7.166557 97.632204 -0.000000 2.459505 0.046190 
2751 41.882593 0.000000 7.277407 97.659916 -0.000000 2.495244 0.045631 
2752 41.882593 0.000000 7.388257 97.692910 -0.000000 2.479286 0.044995 
2753 41.764345 0.000000 7.388257 97.679178 -0.000000 2.453717 0.045276 
2754 41.882593 0.000000 7.499107 97.737389 -0.000000 2.484697 0.044123 
2755 43.065072 0.000000 7.166557 97.711044 0.000000 2.576407 0.044591 
2756 43.065072 0.000000 7.055706 97.706869 0.000000 2.579967 0.044671 
2757 43.183320 0.000000 7.166557 97.714368 0.000000 2.583785 0.044523 
2758 43.301568 0.000000 7.388257 97.733215 0.000000 2.547926 0.044173 
2759 43.301568 0.000000 7.277407 97.733188 0.000000 2.548166 0.044173 
2760 43.419815 0.000000 7.388257 97.733120 0.000000 2.548791 0.044174 
2761 42.119089 0.000000 7.609957 97.815818 -0.000000 2.556208 0.042553 
2762 42.000841 0.000000 7.609957 97.813891 -0.000000 2.534696 0.042602 
2763 42.119089 0.000000 7.720807 97.889547 -0.000000 2.580973 0.041098 
2764 42.119089 0.000000 7.831658 97.913837 -0.000000 2.578836 0.040623 
2765 42.000841 0.000000 7.831658 97.864509 -0.000000 2.525587 0.041616 
2766 42.119089 0.000000 7.942508 97.932848 -0.000000 2.564478 0.040258 
2767 42.355584 0.000000 8.053358 98.098740 0.000000 2.624587 0.036975 
2768 42.237337 0.000000 8.053358 98.035489 -0.000000 2.591316 0.038233 
2769 42.355584 0.000000 8.164208 98.199638 -0.000000 2.576147 0.035019 
2770 42.355584 0.000000 8.275058 98.323019 -0.000000 2.572531 0.032597 
2771 42.237337 0.000000 8.275058 98.255225 -0.000000 2.532313 0.033950 
2772 42.355584 0.000000 8.385909 98.353343 -0.000000 2.566453 0.032003 
2773 42.355584 0.000000 8.496759 98.388864 -0.000000 2.570932 0.031302 
2774 42.237337 0.000000 8.496759 98.322331 -0.000000 2.502045 0.032646 
2775 42.355584 0.000000 8.607609 98.432910 -0.000000 2.564966 0.030438 
2776 42.355584 0.000000 8.718459 98.462654 -0.000000 2.539652 0.029866 
2777 42.237337 0.000000 8.718459 98.404969 -0.000000 2.446663 0.031048 
2778 42.355584 0.000000 8.829309 98.580628 -0.000000 2.470951 0.027575 
2779 19.770238 0.000000 11.933114 101.895488 0.174954 5.720523 -0.041545 
2780 17.878272 0.000000 11.933114 101.630021 0.568404 6.567877 -0.037212 
2781 19.770238 0.000000 13.706717 101.642038 0.142122 5.983040 -0.036692 
2782 41.882593 0.000000 7.609957 97.784722 -0.000000 2.493875 0.043193 
2783 41.764345 0.000000 7.609957 97.763877 -0.000000 2.444574 0.043625 
2784 41.882593 0.000000 7.720807 97.827618 -0.000000 2.490933 0.042355 
2785 41.882593 0.000000 7.831658 97.830606 -0.000000 2.472768 0.042306 
2786 41.764345 0.000000 7.831658 97.786819 -0.000000 2.395172 0.043200 
2787 41.882593 0.000000 7.942508 97.854863 -0.000000 2.460639 0.041837 
1 11 62 60 61 
2 62 10 24 60 
3 60 24 14 63 
4 61 60 63 6 
5 24 66 64 65 
6 66 23 40 64 
7 64 40 27 67 
8 65 64 67 14 
9 40 70 68 69 
10 69 68 71 27 
11 6 63 92 93 
12 63 14 36 92 
13 92 36 19 94 
14 93 92 94 20 
15 14 67 95 96 
16 67 27 52 95 
17 95 52 35 97 
18 96 95 97 36 
19 27 71 98 99 
20 99 98 100 52 
21 68 112 110 111 
22 112 56 80 110 
23 110 80 43 113 
24 111 110 113 71 
25 80 116 114 115 
26 115 114 117 43 
27 12 120 118 119 
28 120 7 121 118 
29 118 121 13 25 
30 119 118 25 10 
31 25 124 122 123 
32 124 13 125 122 
33 122 125 26 41 
34 123 122 41 23 
35 41 128 126 127 
36 128 26 129 126 
37 126 129 42 57 
38 127 126 57 39 
39 39 132 130 131 
40 132 57 133 130 
41 130 133 55 81 
42 131 130 81 56 
43 81 136 134 135 
44 136 55 137 134 
45 56 145 143 144 
46 145 81 135 143 
47 144 143 116 80 
48 116 148 146 147 
49 148 79 139 146 
50 146 139 106 149 
51 147 146 149 114 
52 135 152 150 151 
53 152 134 153 150 
54 150 153 107 140 
55 151 150 140 79 
56 79 156 154 155 
57 156 140 157 154 
58 154 157 138 158 
59 155 154 158 139 
60 165 167 103 168 
61 166 165 168 101 
62 139 158 173 174 
63 158 138 175 173 
64 173 175 142 176 
65 174 173 176 106 
66 140 186 185 157 
67 186 107 187 185 
68 185 187 141 188 
69 157 185 188 138 
70 138 188 189 175 
71 188 141 190 189 
72 189 190 105 191 
73 175 189 191 142 
74 105 197 195 196 
75 197 184 198 195 
76 195 198 192 199 
77 196 195 199 171 
78 57 201 200 133 
79 201 42 202 200 
80 200 202 58 89 
81 133 200 89 55 
82 55 204 203 137 
83 204 89 205 203 
84 134 207 206 153 
85 207 137 208 206 
86 182 215 213 214 
87 215 82 216 213 
88 213 216 183 217 
89 214 213 217 181 
90 184 225 224 198 
91 225 108 226 224 
92 224 226 193 227 
93 198 224 227 192 
94 137 229 228 208 
95 229 203 230 228 
96 82 232 231 216 
97 232 210 233 231 
98 231 233 209 234 
99 216 231 234 183 
100 59 223 235 236 
101 223 180 237 235 
102 235 237 218 238 
103 236 235 238 167 
104 193 241 239 240 
105 241 221 242 239 
106 239 242 223 243 
107 240 239 243 59 
108 210 257 256 233 
109 257 178 258 256 
110 256 258 211 259 
111 233 256 259 209 
112 221 264 263 242 
113 264 222 265 263 
114 263 265 180 266 
115 242 263 266 223 
116 89 268 267 205 
117 268 58 269 267 
118 203 271 270 230 
119 271 205 272 270 
120 178 274 273 258 
121 274 253 275 273 
122 273 275 252 276 
123 258 273 276 211 
124 180 262 283 237 
125 262 91 284 283 
126 283 284 219 285 
127 237 283 285 218 
128 222 287 286 265 
129 287 260 288 286 
130 286 288 262 289 
131 265 286 289 180 
132 91 293 294 284 
133 293 251 295 294 
134 294 295 280 296 
135 284 294 296 219 
136 261 299 297 298 
137 299 290 300 297 
138 297 300 293 301 
139 298 297 301 91 
140 251 309 313 295 
141 295 313 315 280 
142 292 318 316 317 
143 318 306 319 316 
144 316 319 309 320 
145 317 316 320 251 
146 308 330 328 329 
147 330 321 331 328 
148 328 331 324 332 
149 329 328 332 5 
150 7 334 333 121 
151 334 16 335 333 
152 333 335 15 32 
153 121 333 32 13 
154 13 337 336 125 
155 337 32 338 336 
156 336 338 31 48 
157 125 336 48 26 
158 26 340 339 129 
159 340 48 341 339 
160 339 341 47 85 
161 129 339 85 42 
162 42 343 342 202 
163 343 85 344 342 
164 342 344 84 245 
165 202 342 245 58 
166 58 346 345 269 
167 346 245 347 345 
168 15 349 348 33 
169 349 17 350 348 
170 348 350 8 351 
171 33 348 351 18 
172 353 33 354 352 
173 352 354 18 355 
174 245 377 376 347 
175 377 84 378 376 
176 345 381 379 380 
177 381 347 382 379 
178 269 390 388 389 
179 390 345 380 388 
180 398 400 372 401 
181 399 398 401 302 
182 408 365 409 407 
183 370 412 411 386 
184 412 244 413 411 
185 411 413 371 414 
186 386 411 414 368 
187 383 416 415 405 
188 416 386 417 415 
189 415 417 368 418 
190 405 415 418 387 
191 419 399 302 421 
192 420 419 421 322 
193 369 406 422 423 
194 406 387 424 422 
195 422 424 398 425 
196 423 422 425 399 
197 428 405 429 426 
198 426 429 387 430 
199 427 426 430 406 
200 391 433 431 432 
201 433 384 403 431 
202 431 403 369 434 
203 432 431 434 394 
204 403 437 435 436 
205 437 402 427 435 
206 435 427 406 438 
207 436 435 438 369 
208 380 441 439 440 
209 441 379 442 439 
210 439 442 370 385 
211 440 439 385 303 
212 303 445 443 444 
213 445 385 446 443 
214 443 446 383 404 
215 444 443 404 384 
216 404 449 447 448 
217 449 383 450 447 
218 447 450 405 428 
219 448 447 428 402 
220 402 453 451 452 
221 453 428 454 451 
222 451 454 426 455 
223 452 451 455 427 
224 18 351 456 45 
225 351 8 457 456 
226 456 457 29 458 
227 45 456 458 28 
228 355 18 460 459 
229 459 460 45 461 
230 323 500 498 499 
231 499 498 501 305 
232 493 523 522 516 
233 523 496 524 522 
234 522 524 247 525 
235 516 522 525 497 
236 305 501 526 527 
237 527 526 528 326 
238 481 517 532 533 
239 517 497 534 532 
240 532 534 509 535 
241 533 532 535 510 
242 513 538 536 537 
243 538 516 539 536 
244 536 539 497 540 
245 537 536 540 517 
246 498 547 545 546 
247 547 478 503 545 
248 545 503 397 548 
249 546 545 548 501 
250 503 551 549 550 
251 550 549 552 397 
252 505 544 553 554 
253 544 481 533 553 
254 553 533 510 555 
255 554 553 555 529 
256 556 559 544 560 
257 557 556 560 505 
258 501 548 561 562 
259 548 397 530 561 
260 561 530 490 563 
261 562 561 563 526 
262 397 552 564 565 
263 552 505 554 564 
264 564 554 529 566 
265 565 564 566 530 
266 549 569 567 568 
267 569 542 557 567 
268 567 557 505 570 
269 568 567 570 552 
270 372 573 571 572 
271 573 304 574 571 
272 571 574 396 479 
273 572 571 479 395 
274 395 577 575 576 
275 577 479 578 575 
276 575 578 477 504 
277 576 575 504 478 
278 504 581 579 580 
279 581 477 582 579 
280 579 582 494 543 
281 580 579 543 502 
282 502 585 583 584 
283 585 543 586 583 
284 542 589 587 588 
285 587 590 556 591 
286 588 587 591 557 
287 478 594 592 593 
288 594 504 580 592 
289 592 580 502 551 
290 593 592 551 503 
291 551 597 595 596 
292 597 502 584 595 
293 595 584 542 569 
294 596 595 569 549 
295 584 600 598 599 
296 600 583 601 598 
297 598 601 558 589 
298 599 598 589 542 
299 541 603 602 559 
300 603 514 604 602 
301 602 604 481 605 
302 559 602 605 544 
303 558 607 606 590 
304 607 541 608 606 
305 606 608 559 609 
306 590 606 609 556 
307 589 612 610 611 
308 612 558 613 610 
309 610 613 590 614 
310 611 610 614 587 
311 487 647 645 646 
312 646 645 648 473 
313 652 654 638 655 
314 653 652 655 637 
315 410 663 661 662 
316 663 364 664 661 
317 661 664 472 624 
318 662 661 624 471 
319 624 667 665 666 
320 667 472 668 665 
321 665 668 625 642 
322 666 665 642 623 
323 623 671 669 670 
324 671 642 672 669 
325 669 672 640 658 
326 670 669 658 641 
327 625 674 673 643 
328 674 633 675 673 
329 673 675 636 676 
330 643 673 676 367 
331 640 678 677 659 
332 678 643 679 677 
333 677 679 367 680 
334 659 677 680 644 
335 658 683 681 682 
336 683 640 684 681 
337 681 684 659 685 
338 473 648 686 687 
339 686 653 637 688 
340 687 686 688 507 
341 645 691 689 690 
342 691 641 657 689 
343 689 657 626 692 
344 690 689 692 648 
345 641 695 693 694 
346 695 658 682 693 
347 693 682 656 696 
348 694 693 696 657 
349 626 660 697 698 
350 660 644 699 697 
351 697 699 652 700 
352 698 697 700 653 
353 656 685 701 702 
354 685 659 703 701 
355 701 703 644 704 
356 702 701 704 660 
357 682 707 705 706 
358 707 681 708 705 
359 705 708 685 709 
360 706 705 709 656 
361 633 719 718 675 
362 675 718 721 636 
363 365 723 722 409 
364 723 246 724 722 
365 722 724 366 620 
366 364 726 725 664 
367 726 620 727 725 
368 725 727 619 634 
369 664 725 634 472 
370 634 730 728 729 
371 730 619 731 728 
372 728 731 635 719 
373 729 728 719 633 
374 735 736 631 737 
375 719 744 742 743 
376 744 635 745 742 
377 742 745 720 746 
378 743 742 746 718 
379 620 748 747 727 
380 748 366 749 747 
381 747 749 621 715 
382 727 747 715 619 
383 619 751 750 731 
384 751 715 752 750 
385 750 752 714 739 
386 731 750 739 635 
387 621 754 753 716 
388 754 710 755 753 
389 753 755 713 756 
390 716 753 756 87 
391 714 758 757 740 
392 758 716 759 757 
393 757 759 87 760 
394 740 757 760 717 
395 739 763 761 762 
396 763 714 764 761 
397 761 764 740 765 
398 635 767 766 745 
399 767 739 762 766 
400 766 762 738 768 
401 745 766 768 720 
402 622 741 769 770 
403 741 717 771 769 
404 769 771 735 772 
405 770 769 772 650 
406 738 765 773 774 
407 765 740 775 773 
408 773 775 717 776 
409 774 773 776 741 
410 762 779 777 778 
411 779 761 780 777 
412 777 780 765 781 
413 778 777 781 738 
414 85 809 808 344 
415 809 47 810 808 
416 808 810 86 361 
417 344 808 361 84 
418 84 812 811 378 
419 812 361 813 811 
420 616 816 814 815 
421 816 360 817 814 
422 814 817 617 791 
423 815 814 791 615 
424 615 820 818 819 
425 820 791 821 818 
426 617 823 822 792 
427 823 786 824 822 
428 822 824 789 825 
429 827 792 828 826 
430 826 828 363 829 
431 805 832 830 831 
432 831 830 834 803 
433 791 836 835 821 
434 836 617 837 835 
435 835 837 792 827 
436 818 840 838 839 
437 840 821 841 838 
438 838 841 790 832 
439 839 838 832 805 
440 790 843 842 833 
441 843 827 844 842 
442 842 844 826 845 
443 833 842 845 806 
444 832 848 846 847 
445 848 790 849 846 
446 846 849 833 850 
447 847 846 850 830 
448 803 834 855 856 
449 834 806 857 855 
450 855 857 793 858 
451 856 855 858 807 
452 830 850 859 860 
453 850 833 861 859 
454 859 861 806 862 
455 860 859 862 834 
456 205 867 866 272 
457 867 267 868 866 
458 253 875 874 275 
459 275 874 876 252 
460 254 873 877 878 
461 873 863 879 877 
462 877 879 291 880 
463 878 877 880 179 
464 881 884 873 885 
465 882 881 885 254 
466 252 876 886 887 
467 876 254 878 886 
468 886 878 179 888 
469 887 886 888 255 
470 874 891 889 890 
471 891 870 882 889 
472 889 882 254 892 
473 890 889 892 876 
474 272 895 893 894 
475 895 866 896 893 
476 893 896 864 871 
477 894 893 871 88 
478 88 899 897 898 
479 899 871 900 897 
480 870 903 901 902 
481 901 904 881 905 
482 902 901 905 882 
483 270 908 906 907 
484 908 272 894 906 
485 906 894 88 875 
486 907 906 875 253 
487 875 911 909 910 
488 911 88 898 909 
489 909 898 870 891 
490 910 909 891 874 
491 898 914 912 913 
492 914 897 915 912 
493 912 915 883 903 
494 913 912 903 870 
495 864 919 918 872 
496 919 249 920 918 
497 918 920 865 921 
498 872 918 921 863 
499 869 923 922 884 
500 923 872 924 922 
501 922 924 863 925 
502 884 922 925 873 
503 883 927 926 904 
504 927 869 928 926 
505 926 928 884 929 
506 904 926 929 881 
507 903 932 930 931 
508 932 883 933 930 
509 930 933 904 934 
510 931 930 934 901 
511 871 936 935 900 
512 936 864 937 935 
513 935 937 872 923 
514 900 935 923 869 
515 267 939 938 868 
516 939 269 389 938 
517 249 941 940 920 
518 941 917 942 940 
519 940 942 916 943 
520 920 940 943 865 
521 917 945 944 942 
522 945 90 946 944 
523 944 946 374 947 
524 942 944 947 916 
525 90 949 948 946 
526 946 948 950 374 
527 389 953 951 952 
528 953 388 954 951 
529 951 954 375 949 
530 952 951 949 90 
531 949 957 955 956 
532 957 375 958 955 
533 955 958 392 959 
534 956 955 959 948 
535 87 756 960 736 
536 756 713 961 960 
537 960 961 732 962 
538 736 960 962 631 
539 21 46 963 964 
540 46 28 965 963 
541 963 965 30 966 
542 964 963 966 9 
543 37 74 967 968 
544 74 44 969 967 
545 967 969 46 970 
546 968 967 970 21 
547 53 161 971 972 
548 161 72 973 971 
549 971 973 74 974 
550 972 971 974 37 
551 159 467 975 976 
552 467 160 977 975 
553 975 977 72 978 
554 976 975 978 161 
555 979 981 467 982 
556 980 979 982 159 
557 732 996 994 995 
558 995 994 997 734 
559 825 789 999 998 
560 998 999 797 1000 
561 733 1012 1010 1011 
562 1011 1010 1013 988 
563 713 1015 1014 961 
564 961 1014 996 732 
565 996 1018 1016 1017 
566 1018 733 1011 1016 
567 1016 1011 988 1019 
568 1017 1016 1019 994 
569 1020 1021 160 1022 
570 981 1020 1022 467 
571 1000 797 1024 1023 
572 1023 1024 799 1025 
573 1033 1035 981 1036 
574 1034 1033 1036 979 
575 1050 513 537 1049 
576 1049 537 517 1051 
577 604 1049 1051 481 
578 479 1053 1052 578 
579 1053 396 1054 1052 
580 1052 1054 480 495 
581 578 1052 495 477 
582 477 1056 1055 582 
583 1056 495 1057 1055 
584 1055 1057 493 515 
585 582 1055 515 494 
586 494 1060 1058 1059 
587 1060 515 1061 1058 
588 1058 1061 513 1050 
589 1059 1058 1050 514 
590 514 1064 1062 1063 
591 1064 1050 1065 1062 
592 1062 1065 1049 1066 
593 1063 1062 1066 604 
594 497 525 1070 534 
595 1070 1071 511 1072 
596 534 1070 1072 509 
597 247 1074 1073 1071 
598 1074 521 1075 1073 
599 1073 1075 1067 1076 
600 1071 1073 1076 511 
601 525 1079 1077 1078 
602 1079 247 1080 1077 
603 1077 1080 1071 1081 
604 1078 1077 1081 1070 
605 1083 473 687 1082 
606 1082 687 507 1084 
607 521 1086 1085 1075 
608 1086 488 1087 1085 
609 1075 1085 1088 1067 
610 1090 487 646 1089 
611 1089 646 473 1083 
612 488 1092 1091 1087 
613 1092 1083 1093 1091 
614 1091 1093 1082 1094 
615 77 279 1095 1096 
616 279 159 976 1095 
617 1095 976 161 1097 
618 1096 1095 1097 53 
619 1098 980 159 1100 
620 1099 1098 1100 279 
621 311 484 1101 1102 
622 1102 1101 1104 277 
623 475 508 1105 1106 
624 508 482 1107 1105 
625 1105 1107 484 1108 
626 1106 1105 1108 311 
627 491 1069 1109 1110 
628 1069 506 1111 1109 
629 1109 1111 508 1112 
630 1110 1109 1112 475 
631 1067 1088 1113 1114 
632 1113 1115 506 1116 
633 1114 1113 1116 1069 
634 1085 1119 1117 1118 
635 1119 1087 1120 1117 
636 1118 1117 1121 1088 
637 506 1084 1122 1111 
638 1084 507 1123 1122 
639 1122 1123 482 1124 
640 1111 1122 1124 508 
641 1094 1082 1126 1125 
642 1125 1126 1084 1127 
643 1115 1125 1127 506 
644 1087 1129 1128 1120 
645 1129 1091 1130 1128 
646 1128 1130 1094 1131 
647 1088 1121 1132 1133 
648 1132 1134 1115 1135 
649 1133 1132 1135 1113 
650 1117 1138 1136 1137 
651 1138 1120 1139 1136 
652 1137 1136 1140 1121 
653 1131 1094 1142 1141 
654 1141 1142 1125 1143 
655 1134 1141 1143 1115 
656 1120 1145 1144 1139 
657 1145 1128 1146 1144 
658 1144 1146 1131 1147 
659 1121 1140 1148 1149 
660 1148 1150 1134 1151 
661 1149 1148 1151 1132 
662 1136 1154 1152 1153 
663 1154 1139 1155 1152 
664 1153 1152 1156 1140 
665 1147 1131 1158 1157 
666 1157 1158 1141 1159 
667 1150 1157 1159 1134 
668 1139 1161 1160 1155 
669 1161 1144 1162 1160 
670 1160 1162 1147 1163 
671 1155 1160 1163 1068 
672 1140 1156 1164 1165 
673 1156 1068 1166 1164 
674 1164 1166 1150 1167 
675 1165 1164 1167 1148 
676 1152 1170 1168 1169 
677 1170 1155 1171 1168 
678 1168 1171 1068 1172 
679 1169 1168 1172 1156 
680 1175 1034 979 1177 
681 1176 1175 1177 980 
682 1186 1176 980 1188 
683 1187 1186 1188 1098 
684 1189 1191 1175 1192 
685 1190 1189 1192 1176 
686 1198 1200 1033 1201 
687 1199 1198 1201 1034 
688 1211 1199 1034 1212 
689 1191 1211 1212 1175 
690 629 1206 1213 1214 
691 1206 1043 1215 1213 
692 1213 1215 1198 1216 
693 1214 1213 1216 1199 
694 1217 1220 1043 1221 
695 1218 1217 1221 1206 
696 984 1224 1222 1223 
697 1204 1228 1226 1227 
698 1228 1041 1229 1226 
699 1226 1229 1205 1219 
700 1227 1226 1219 1202 
701 1025 799 1231 1230 
702 1230 1231 1020 1232 
703 1035 1230 1232 981 
704 1233 1234 1035 1235 
705 1200 1233 1235 1033 
706 1043 1210 1236 1215 
707 1210 986 1237 1236 
708 1236 1237 1200 1238 
709 1215 1236 1238 1198 
710 1205 1240 1239 1220 
711 1240 1207 1241 1239 
712 1239 1241 1210 1242 
713 1220 1239 1242 1043 
714 1219 1245 1243 1244 
715 1245 1205 1246 1243 
716 1243 1246 1220 1247 
717 1244 1243 1247 1217 
718 1183 1250 1248 1249 
719 1249 1248 1251 1185 
720 1203 1254 1252 1253 
721 1254 1202 1218 1252 
722 1252 1218 1206 1255 
723 1253 1252 1255 629 
724 1202 1258 1256 1257 
725 1258 1219 1244 1256 
726 1256 1244 1217 1259 
727 1257 1256 1259 1218 
728 1185 1251 1260 1261 
729 1251 629 1214 1260 
730 1260 1214 1199 1262 
731 1261 1260 1262 1211 
732 1248 1265 1263 1264 
733 1265 1203 1253 1263 
734 1263 1253 629 1266 
735 1264 1263 1266 1251 
736 1268 1183 1249 1267 
737 1267 1249 1185 1269 
738 1269 1185 1261 1270 
739 1270 1261 1211 1272 
740 1271 1270 1272 1191 
741 1196 1275 1273 1274 
742 1275 1267 1276 1273 
743 1273 1276 1269 1277 
744 1274 1273 1277 993 
745 1278 1271 1191 1280 
746 1279 1278 1280 1189 
747 1283 1196 1274 1281 
748 1281 1274 993 1284 
749 1173 1287 1285 1286 
750 1287 992 1179 1285 
751 1285 1179 278 1288 
752 1286 1285 1288 1174 
753 1179 1291 1289 1290 
754 1291 1178 1194 1289 
755 1289 1194 1182 1292 
756 1290 1289 1292 278 
757 1194 1295 1293 1294 
758 1294 1293 1296 1182 
759 469 1299 1297 1298 
760 1299 734 1300 1297 
761 1180 1303 1301 1302 
762 1303 991 1304 1301 
763 1301 1304 1181 1195 
764 1302 1301 1195 1178 
765 1178 1307 1305 1306 
766 1307 1195 1308 1305 
767 1305 1308 1193 1295 
768 1306 1305 1295 1194 
769 1295 1311 1309 1310 
770 1311 1193 1312 1309 
771 1310 1309 1313 1293 
772 1195 1315 1314 1308 
773 1315 1181 1316 1314 
774 1314 1316 1196 1283 
775 1308 1314 1283 1193 
776 1193 1318 1317 1312 
777 1318 1283 1319 1317 
778 1317 1319 1281 1320 
779 1312 1317 1320 1282 
780 1174 1288 1321 1322 
781 1288 278 1190 1321 
782 1321 1190 1176 1323 
783 1322 1321 1323 1186 
784 278 1292 1324 1325 
785 1292 1182 1279 1324 
786 1324 1279 1189 1326 
787 1325 1324 1326 1190 
788 1182 1296 1327 1328 
789 1296 1197 1329 1327 
790 1327 1329 1278 1330 
791 1328 1327 1330 1279 
792 1293 1313 1331 1332 
793 1313 1282 1333 1331 
794 1331 1333 1197 1334 
795 1332 1331 1334 1296 
796 1309 1337 1335 1336 
797 1337 1312 1338 1335 
798 1335 1338 1282 1339 
799 1336 1335 1339 1313 
800 362 1341 1340 788 
801 1341 782 1342 1340 
802 1340 1342 785 1343 
803 788 1340 1343 50 
804 786 1345 1344 824 
805 1345 788 1346 1344 
806 1344 1346 50 1347 
807 824 1344 1347 789 
808 50 1343 1348 798 
809 1343 785 1349 1348 
810 1348 1349 794 1350 
811 798 1348 1350 466 
812 852 1359 1357 1358 
813 1358 1357 1012 733 
814 807 858 1360 1361 
815 858 793 1362 1360 
816 618 1370 1368 1369 
817 1370 807 1361 1368 
818 1369 1368 1359 852 
819 1359 1373 1371 1372 
820 1372 1371 1374 1357 
821 1361 1377 1375 1376 
822 1377 1360 1378 1375 
823 1375 1378 1355 1365 
824 1376 1375 1365 851 
825 851 1381 1379 1380 
826 1381 1365 1382 1379 
827 1368 1386 1384 1385 
828 1386 1361 1376 1384 
829 1384 1376 851 1373 
830 1385 1384 1373 1359 
831 1373 1389 1387 1388 
832 1389 851 1380 1387 
833 1387 1380 1364 1390 
834 1388 1387 1390 1371 
835 1354 1367 1391 1392 
836 1367 1353 1393 1391 
837 1391 1393 1007 1394 
838 1392 1391 1394 854 
839 1395 1397 1367 1398 
840 1396 1395 1398 1354 
841 1380 1401 1399 1400 
842 1401 1379 1402 1399 
843 1400 1399 1403 1364 
844 1405 1351 1406 1404 
845 1404 1406 1002 1407 
846 1355 1409 1408 1366 
847 1409 853 1410 1408 
848 1408 1410 1356 1411 
849 1366 1408 1411 1353 
850 1365 1413 1412 1382 
851 1413 1355 1414 1412 
852 1412 1414 1366 1415 
853 1382 1412 1415 1363 
854 1379 1417 1416 1402 
855 1417 1382 1418 1416 
856 1416 1418 1363 1419 
857 1357 1374 1420 1421 
858 1374 1354 1392 1420 
859 1420 1392 854 1422 
860 1421 1420 1422 1012 
861 1371 1390 1423 1424 
862 1390 1364 1396 1423 
863 1423 1396 1354 1425 
864 1424 1423 1425 1374 
865 1364 1403 1426 1427 
866 1426 1428 1395 1429 
867 1427 1426 1429 1396 
868 1399 1432 1430 1431 
869 1432 1402 1433 1430 
870 1431 1430 1434 1403 
871 1363 1415 1435 1397 
872 1415 1366 1436 1435 
873 1435 1436 1353 1437 
874 1397 1435 1437 1367 
875 1419 1363 1439 1438 
876 1438 1439 1397 1440 
877 1428 1438 1440 1395 
878 1402 1442 1441 1433 
879 1442 1416 1443 1441 
880 1441 1443 1419 1444 
881 1433 1441 1444 1383 
882 1403 1434 1445 1446 
883 1434 1383 1447 1445 
884 1445 1447 1428 1448 
885 1446 1445 1448 1426 
886 1430 1451 1449 1450 
887 1451 1433 1452 1449 
888 1449 1452 1383 1453 
889 1450 1449 1453 1434 
890 854 1394 1454 1455 
891 1455 1454 1457 1006 
892 1407 1002 1459 1458 
893 1462 800 1463 1461 
894 1394 1467 1465 1466 
895 1467 1007 1468 1465 
896 1465 1468 1456 1469 
897 1466 1465 1469 1454 
898 1006 1457 1478 1479 
899 1479 1478 1480 987 
900 1005 1495 1493 1494 
901 1495 1464 1496 1493 
902 1493 1496 1474 1490 
903 1494 1493 1490 1475 
904 1008 1498 1497 1476 
905 1498 1458 1499 1497 
906 1497 1499 1460 1500 
907 1474 1502 1501 1491 
908 1502 1476 1503 1501 
909 1501 1503 989 1504 
910 1491 1501 1504 1477 
911 1490 1507 1505 1506 
912 1507 1474 1508 1505 
913 1505 1508 1491 1509 
914 988 1013 1510 1511 
915 1511 1510 1512 627 
916 987 1480 1513 1514 
917 1514 1513 1515 1471 
918 1478 1518 1516 1517 
919 1518 1475 1489 1516 
920 1516 1489 1009 1519 
921 1517 1516 1519 1480 
922 1475 1522 1520 1521 
923 1522 1490 1506 1520 
924 1521 1520 1523 1489 
925 1009 1492 1524 1525 
926 1492 1477 1526 1524 
927 1524 1526 1484 1527 
928 1525 1524 1527 1485 
929 1509 1491 1530 1528 
930 1528 1530 1477 1531 
931 1529 1528 1531 1492 
932 1506 1534 1532 1533 
933 1534 1505 1535 1532 
934 1532 1535 1509 1536 
935 1489 1523 1537 1538 
936 1537 1529 1492 1539 
937 1538 1537 1539 1009 
938 1520 1542 1540 1541 
939 1542 1506 1533 1540 
940 1540 1533 1488 1543 
941 1541 1540 1543 1523 
942 1488 1536 1544 1545 
943 1536 1509 1546 1544 
944 1544 1546 1528 1547 
945 1545 1544 1547 1529 
946 1533 1550 1548 1549 
947 1550 1532 1551 1548 
948 1548 1551 1536 1552 
949 1549 1548 1552 1488 
950 1500 1460 1574 1573 
951 1472 1576 1575 1571 
952 1576 1565 1577 1575 
953 1575 1577 1564 1578 
954 1571 1575 1578 1559 
955 1557 1572 1583 1584 
956 1572 1559 1585 1583 
957 1583 1585 802 1586 
958 1584 1583 1586 1560 
959 1589 1571 1590 1587 
960 1587 1590 1559 1591 
961 1588 1587 1591 1572 
962 1471 1515 1592 1593 
963 1593 1592 1594 990 
964 1470 1597 1595 1596 
965 1597 1487 1569 1595 
966 1595 1569 1557 1598 
967 1596 1595 1598 1558 
968 1569 1601 1599 1600 
969 1601 1568 1588 1599 
970 1599 1588 1572 1602 
971 1600 1599 1602 1557 
972 1484 1605 1603 1604 
973 1605 1486 1606 1603 
974 1603 1606 1472 1570 
975 1604 1603 1570 1487 
976 1570 1609 1607 1608 
977 1609 1472 1610 1607 
978 1607 1610 1571 1589 
979 1608 1607 1589 1568 
980 1568 1613 1611 1612 
981 1613 1589 1614 1611 
982 1611 1614 1587 1615 
983 1612 1611 1615 1588 
984 1581 1628 1626 1627 
985 1628 1616 1629 1626 
986 1627 1626 1630 1555 
987 628 1632 1631 1028 
988 1632 1000 1633 1631 
989 1631 1633 1023 1634 
990 1028 1631 1634 985 
991 1636 628 1637 1635 
992 1635 1637 1028 1638 
993 1483 1640 1639 1617 
994 1640 1004 1641 1639 
995 1639 1641 1562 1642 
996 1617 1639 1642 1561 
997 1616 1644 1643 1629 
998 1644 1617 1645 1643 
999 1643 1645 1561 1646 
1000 1629 1643 1646 1618 
1001 1555 1630 1653 1654 
1002 1630 1618 1655 1653 
1003 1653 1655 1622 1656 
1004 1654 1653 1656 1623 
1005 1626 1659 1657 1658 
1006 1659 1629 1660 1657 
1007 1657 1660 1618 1661 
1008 1658 1657 1661 1630 
1009 1638 1028 1667 1666 
1010 1666 1667 985 1668 
1011 1662 1679 1677 1678 
1012 1677 1680 1619 1681 
1013 1678 1677 1681 1665 
1014 1625 1684 1682 1683 
1015 1684 1563 1685 1682 
1016 1682 1685 1664 1679 
1017 1683 1682 1679 1662 
1018 1664 1690 1689 1680 
1019 1690 1669 1691 1689 
1020 1689 1691 1672 1692 
1021 1680 1689 1692 1619 
1022 1679 1695 1693 1694 
1023 1695 1664 1696 1693 
1024 1693 1696 1680 1697 
1025 1694 1693 1697 1677 
1026 985 1634 1698 1039 
1027 1634 1023 1699 1698 
1028 1698 1699 1025 1700 
1029 1039 1698 1700 465 
1030 1668 985 1702 1701 
1031 1701 1702 1039 1703 
1032 1046 1714 1712 1713 
1033 1713 1712 1716 1705 
1034 1675 1719 1717 1718 
1035 1719 1686 1720 1717 
1036 1717 1720 1688 1714 
1037 1718 1717 1714 1046 
1038 1029 1722 1721 1706 
1039 1722 1668 1723 1721 
1040 1721 1723 1701 1724 
1041 1706 1721 1724 1047 
1042 1726 1029 1727 1725 
1043 1725 1727 1706 1728 
1044 1714 1731 1729 1730 
1045 1731 1688 1732 1729 
1046 1730 1729 1733 1712 
1047 1621 1735 1734 1687 
1048 1735 1666 1736 1734 
1049 1734 1736 1668 1722 
1050 1687 1734 1722 1029 
1051 1686 1738 1737 1720 
1052 1738 1687 1739 1737 
1053 1737 1739 1029 1726 
1054 1720 1737 1726 1688 
1055 1688 1741 1740 1732 
1056 1741 1726 1742 1740 
1057 1740 1742 1725 1743 
1058 1732 1740 1743 1715 
1059 1044 1707 1747 1748 
1060 1707 1047 1749 1747 
1061 1747 1749 1037 1750 
1062 1748 1747 1750 1048 
1063 1705 1716 1751 1752 
1064 1716 1704 1753 1751 
1065 1751 1753 1707 1754 
1066 1752 1751 1754 1044 
1067 1712 1733 1755 1756 
1068 1733 1715 1757 1755 
1069 1755 1757 1704 1758 
1070 1756 1755 1758 1716 
1071 1729 1761 1759 1760 
1072 1761 1732 1762 1759 
1073 1759 1762 1715 1763 
1074 1760 1759 1763 1733 
1075 34 1765 1764 463 
1076 1765 355 1766 1764 
1077 1764 1766 459 1767 
1078 463 1764 1767 73 
1079 1769 34 1770 1768 
1080 1768 1770 463 1771 
1081 72 464 1772 973 
1082 464 73 1773 1772 
1083 1772 1773 44 1774 
1084 973 1772 1774 74 
1085 160 796 1775 977 
1086 796 462 1776 1775 
1087 1775 1776 464 1777 
1088 977 1775 1777 72 
1089 1778 1781 462 1782 
1090 1779 1778 1782 796 
1091 466 1350 1783 1021 
1092 1350 794 1779 1783 
1093 1783 1779 796 1784 
1094 1021 1783 1784 160 
1095 785 1786 1785 1349 
1096 1786 359 1787 1785 
1097 1785 1787 795 1780 
1098 1349 1785 1780 794 
1099 794 1790 1788 1789 
1100 1790 1780 1791 1788 
1101 1788 1791 1778 1792 
1102 1789 1788 1792 1779 
1103 462 1771 1793 1776 
1104 1771 463 1794 1793 
1105 1793 1794 73 1795 
1106 1776 1793 1795 464 
1107 795 1797 1796 1781 
1108 1797 1768 1798 1796 
1109 1796 1798 1771 1799 
1110 1781 1796 1799 462 
1111 1780 1801 1800 1791 
1112 1801 795 1802 1800 
1113 1800 1802 1781 1803 
1114 1791 1800 1803 1778 
1115 1 1806 1804 1805 
1116 1806 12 119 1804 
1117 1804 119 10 62 
1118 1805 1804 62 11 
1119 16 1808 1807 335 
1120 1808 2 1809 1807 
1121 1807 1809 17 349 
1122 335 1807 349 15 
1123 19 38 1810 1811 
1124 38 21 964 1810 
1125 1810 964 9 1812 
1126 1811 1810 1812 22 
1127 20 94 1813 1814 
1128 94 19 1811 1813 
1129 1813 1811 22 1815 
1130 1814 1813 1815 4 
1131 10 1818 1816 1817 
1132 1818 25 123 1816 
1133 1816 123 23 66 
1134 1817 1816 66 24 
1135 28 458 1819 965 
1136 458 29 1820 1819 
1137 1819 1820 3 1821 
1138 965 1819 1821 30 
1139 32 1823 1822 338 
1140 1823 15 1824 1822 
1141 1822 1824 33 353 
1142 338 1822 353 31 
1143 35 54 1825 1826 
1144 54 37 968 1825 
1145 1825 968 21 1827 
1146 1826 1825 1827 38 
1147 36 97 1828 1829 
1148 97 35 1826 1828 
1149 1828 1826 38 1830 
1150 1829 1828 1830 19 
1151 23 1833 1831 1832 
1152 1833 41 127 1831 
1153 1831 127 39 70 
1154 1832 1831 70 40 
1155 44 461 1834 969 
1156 461 45 1835 1834 
1157 1834 1835 28 1836 
1158 969 1834 1836 46 
1159 48 1838 1837 341 
1160 1838 31 1839 1837 
1161 1837 1839 49 357 
1162 341 1837 357 47 
1163 51 78 1840 1841 
1164 78 53 972 1840 
1165 1840 972 37 1842 
1166 1841 1840 1842 54 
1167 52 100 1843 1844 
1168 100 51 1841 1843 
1169 1843 1841 54 1845 
1170 1844 1843 1845 35 
1171 70 1848 1846 1847 
1172 1848 39 131 1846 
1173 1846 131 56 112 
1174 1847 1846 112 68 
1175 75 164 1849 1850 
1176 164 77 1096 1849 
1177 1849 1096 53 1851 
1178 1850 1849 1851 78 
1179 76 104 1852 1853 
1180 104 75 1850 1852 
1181 1852 1850 78 1854 
1182 1853 1852 1854 51 
1183 71 113 1855 1856 
1184 113 43 102 1855 
1185 1855 102 76 1857 
1186 1856 1855 1857 98 
1187 98 1857 1858 1859 
1188 1857 76 1853 1858 
1189 1858 1853 51 1860 
1190 1859 1858 1860 100 
1191 43 117 1861 1862 
1192 1861 166 101 1863 
1193 1862 1861 1863 102 
1194 114 149 1864 1865 
1195 149 106 170 1864 
1196 1864 170 83 1866 
1197 1865 1864 1866 117 
1198 143 1869 1867 1868 
1199 1869 135 151 1867 
1200 1867 151 79 148 
1201 1868 1867 148 116 
1202 109 194 1870 1871 
1203 194 59 236 1870 
1204 1870 236 167 1872 
1205 1871 1870 1872 165 
1206 142 191 1873 1874 
1207 191 105 196 1873 
1208 1873 196 171 1875 
1209 1874 1873 1875 169 
1210 107 1877 1876 187 
1211 1877 182 214 1876 
1212 1876 214 181 1878 
1213 187 1876 1878 141 
1214 181 217 1879 1880 
1215 217 183 1881 1879 
1216 1879 1881 108 225 
1217 1880 1879 225 184 
1218 141 1878 1882 190 
1219 1878 181 1880 1882 
1220 1882 1880 184 197 
1221 190 1882 197 105 
1222 192 227 1883 1884 
1223 227 193 240 1883 
1224 1883 240 59 1885 
1225 1884 1883 1885 194 
1226 171 199 1886 1887 
1227 199 192 1884 1886 
1228 1886 1884 194 1888 
1229 1887 1886 1888 109 
1230 183 234 1889 1881 
1231 234 209 1890 1889 
1232 1889 1890 212 1891 
1233 1881 1889 1891 108 
1234 108 1891 1892 226 
1235 1891 212 1893 1892 
1236 1892 1893 221 241 
1237 226 1892 241 193 
1238 212 1895 1894 1893 
1239 1895 177 1896 1894 
1240 1894 1896 222 264 
1241 1893 1894 264 221 
1242 211 276 1897 1898 
1243 276 252 887 1897 
1244 1897 887 255 1899 
1245 1898 1897 1899 177 
1246 177 1899 1900 1896 
1247 1899 255 1901 1900 
1248 1900 1901 260 287 
1249 1896 1900 287 222 
1250 255 888 1902 1901 
1251 888 179 1903 1902 
1252 1902 1903 261 1904 
1253 1901 1902 1904 260 
1254 260 1904 1905 288 
1255 1904 261 298 1905 
1256 1905 298 91 1906 
1257 288 1905 1906 262 
1258 230 1909 1907 1908 
1259 1909 270 907 1907 
1260 1907 907 253 274 
1261 1908 1907 274 178 
1262 1910 1099 279 1912 
1263 1911 1910 1912 77 
1264 179 880 1913 1903 
1265 880 291 1914 1913 
1266 1913 1914 290 299 
1267 1903 1913 299 261 
1268 290 1916 1915 300 
1269 1916 292 317 1915 
1270 1915 317 251 1917 
1271 300 1915 1917 293 
1272 306 1919 1918 319 
1273 1919 308 329 1918 
1274 1918 329 5 1920 
1275 319 1918 1920 309 
1276 310 476 1921 1922 
1277 476 311 1102 1921 
1278 1921 1102 277 1923 
1279 1922 1921 1923 312 
1280 281 327 1924 1925 
1281 327 310 1922 1924 
1282 1924 1922 312 1926 
1283 1925 1924 1926 163 
1284 321 1928 1927 331 
1285 1928 323 499 1927 
1286 1927 499 305 1929 
1287 331 1927 1929 324 
1288 324 1929 1930 1931 
1289 1929 305 527 1930 
1290 1930 527 326 1932 
1291 1931 1930 1932 325 
1292 49 1934 1933 358 
1293 1934 352 1935 1933 
1294 1933 1935 355 1765 
1295 358 1933 1765 34 
1296 47 1937 1936 810 
1297 1937 357 1938 1936 
1298 1936 1938 356 783 
1299 810 1936 783 86 
1300 1940 358 1941 1939 
1301 1939 1941 34 1769 
1302 361 1943 1942 813 
1303 1943 86 1944 1942 
1304 1942 1944 362 787 
1305 368 414 1945 400 
1306 414 371 1946 1945 
1307 1945 1946 304 573 
1308 400 1945 573 372 
1309 374 950 1947 1948 
1310 1947 420 322 1949 
1311 1948 1947 1949 250 
1312 347 1951 1950 382 
1313 1951 376 1952 1950 
1314 1950 1952 365 408 
1315 379 1954 1953 442 
1316 1954 382 1955 1953 
1317 1953 1955 244 412 
1318 442 1953 412 370 
1319 385 1957 1956 446 
1320 1957 370 1958 1956 
1321 1956 1958 386 416 
1322 446 1956 416 383 
1323 388 1960 1959 954 
1324 1960 380 440 1959 
1325 1959 440 303 393 
1326 954 1959 393 375 
1327 393 1963 1961 1962 
1328 1963 303 444 1961 
1329 1961 444 384 433 
1330 1962 1961 433 391 
1331 302 401 1964 1965 
1332 401 372 572 1964 
1333 1964 572 395 500 
1334 1965 1964 500 323 
1335 387 418 1966 424 
1336 418 368 1967 1966 
1337 1966 1967 400 1968 
1338 424 1966 1968 398 
1339 384 1971 1969 1970 
1340 1971 404 448 1969 
1341 1969 448 402 437 
1342 1970 1969 437 403 
1343 394 434 1972 1973 
1344 434 369 423 1972 
1345 1972 423 399 1974 
1346 1973 1972 1974 419 
1347 73 1767 1975 1773 
1348 1767 459 1976 1975 
1349 1975 1976 461 1977 
1350 1773 1975 1977 44 
1351 304 1979 1978 574 
1352 1979 410 662 1978 
1353 1978 662 471 486 
1354 574 1978 486 396 
1355 474 492 1980 1981 
1356 492 475 1106 1980 
1357 1980 1106 311 1982 
1358 1981 1980 1982 476 
1359 326 528 1983 1984 
1360 528 474 1981 1983 
1361 1983 1981 476 1985 
1362 1984 1983 1985 310 
1363 482 639 1986 1107 
1364 639 483 1987 1986 
1365 1986 1987 468 1988 
1366 1107 1986 1988 484 
1367 396 1990 1989 1054 
1368 1990 486 1991 1989 
1369 1989 1991 485 519 
1370 1054 1989 519 480 
1371 486 1993 1992 1991 
1372 1993 471 1994 1992 
1373 1992 1994 487 1090 
1374 1991 1992 1090 485 
1375 489 512 1995 1996 
1376 512 491 1110 1995 
1377 1995 1110 475 1997 
1378 1996 1995 1997 492 
1379 490 531 1998 1999 
1380 531 489 1996 1998 
1381 1998 1996 492 2000 
1382 1999 1998 2000 474 
1383 495 2002 2001 1057 
1384 2002 480 2003 2001 
1385 2001 2003 496 523 
1386 1057 2001 523 493 
1387 500 2006 2004 2005 
1388 2006 395 576 2004 
1389 2004 576 478 547 
1390 2005 2004 547 498 
1391 515 2008 2007 1061 
1392 2008 493 2009 2007 
1393 2007 2009 516 538 
1394 1061 2007 538 513 
1395 496 2011 2010 524 
1396 2011 518 2012 2010 
1397 2010 2012 521 1074 
1398 524 2010 1074 247 
1399 526 563 2013 2014 
1400 563 490 1999 2013 
1401 2013 1999 474 2015 
1402 2014 2013 2015 528 
1403 543 2017 2016 586 
1404 2017 494 1059 2016 
1405 2016 1059 514 603 
1406 586 2016 603 541 
1407 583 2019 2018 601 
1408 2019 586 2020 2018 
1409 2018 2020 541 607 
1410 601 2018 607 558 
1411 246 2022 2021 724 
1412 2022 616 815 2021 
1413 2021 815 615 711 
1414 724 2021 711 366 
1415 471 2024 2023 1994 
1416 2024 624 666 2023 
1417 2023 666 623 647 
1418 1994 2023 647 487 
1419 483 651 2025 1987 
1420 651 630 2026 2025 
1421 2025 2026 632 2027 
1422 1987 2025 2027 468 
1423 472 2029 2028 668 
1424 2029 634 729 2028 
1425 2028 729 633 674 
1426 668 2028 674 625 
1427 507 688 2030 1123 
1428 688 637 2031 2030 
1429 2030 2031 639 2032 
1430 1123 2030 2032 482 
1431 642 2034 2033 672 
1432 2034 625 2035 2033 
1433 2033 2035 643 678 
1434 672 2033 678 640 
1435 647 2038 2036 2037 
1436 2038 623 670 2036 
1437 2036 670 641 691 
1438 2037 2036 691 645 
1439 367 676 2039 654 
1440 676 636 2040 2039 
1441 2039 2040 649 2041 
1442 654 2039 2041 638 
1443 636 721 2042 2040 
1444 721 622 770 2042 
1445 2042 770 650 2043 
1446 2040 2042 2043 649 
1447 644 680 2044 699 
1448 680 367 2045 2044 
1449 2044 2045 654 2046 
1450 699 2044 2046 652 
1451 657 696 2047 2048 
1452 696 656 702 2047 
1453 2047 702 660 2049 
1454 2048 2047 2049 626 
1455 648 692 2050 2051 
1456 692 626 698 2050 
1457 2050 698 653 2052 
1458 2051 2050 2052 686 
1459 366 2054 2053 749 
1460 2054 711 2055 2053 
1461 2053 2055 710 754 
1462 749 2053 754 621 
1463 711 2057 2056 2055 
1464 2057 615 819 2056 
1465 2056 819 712 2058 
1466 2055 2056 2058 710 
1467 710 2058 2059 755 
1468 755 2059 1015 713 
1469 715 2061 2060 752 
1470 2061 621 2062 2060 
1471 2060 2062 716 758 
1472 752 2060 758 714 
1473 631 962 2063 2064 
1474 962 732 995 2063 
1475 2063 995 734 1299 
1476 2064 2063 1299 469 
1477 717 760 2065 771 
1478 760 87 2066 2065 
1479 2065 2066 736 2067 
1480 771 2065 2067 735 
1481 720 768 2068 2069 
1482 768 738 774 2068 
1483 2068 774 741 2070 
1484 2069 2068 2070 622 
1485 86 2072 2071 1944 
1486 2072 783 2073 2071 
1487 2071 2073 782 1341 
1488 1944 2071 1341 362 
1489 782 2075 2074 1342 
1490 2075 784 2076 2074 
1491 2074 2076 359 1786 
1492 1342 2074 1786 785 
1493 360 2078 2077 817 
1494 2078 787 2079 2077 
1495 2077 2079 786 823 
1496 817 2077 823 617 
1497 787 2081 2080 2079 
1498 2081 362 2082 2080 
1499 2080 2082 788 1345 
1500 2079 2080 1345 786 
1501 789 1347 2083 999 
1502 1347 50 2084 2083 
1503 2083 2084 798 2085 
1504 999 2083 2085 797 
1505 797 2085 2086 1024 
1506 2085 798 2087 2086 
1507 2086 2087 466 2088 
1508 1024 2086 2088 799 
1509 804 2091 2089 2090 
1510 2091 803 856 2089 
1511 2089 856 807 1370 
1512 2090 2089 1370 618 
1513 806 845 2092 857 
1514 845 826 2093 2092 
1515 2092 2093 829 2094 
1516 857 2092 2094 793 
1517 821 2096 2095 841 
1518 2096 835 2097 2095 
1519 2095 2097 827 843 
1520 841 2095 843 790 
1521 863 921 2098 879 
1522 921 865 2099 2098 
1523 2098 2099 248 2100 
1524 879 2098 2100 291 
1525 866 2102 2101 896 
1526 2102 868 2103 2101 
1527 2101 2103 249 919 
1528 896 2101 919 864 
1529 897 2105 2104 915 
1530 2105 900 2106 2104 
1531 2104 2106 869 927 
1532 915 2104 927 883 
1533 916 947 2107 2108 
1534 947 374 1948 2107 
1535 2107 1948 250 2109 
1536 2108 2107 2109 307 
1537 865 943 2110 2099 
1538 943 916 2108 2110 
1539 2110 2108 307 2111 
1540 2099 2110 2111 248 
1541 938 2114 2112 2113 
1542 2114 389 952 2112 
1543 2112 952 90 945 
1544 2113 2112 945 917 
1545 868 2116 2115 2103 
1546 2116 938 2113 2115 
1547 2115 2113 917 941 
1548 2103 2115 941 249 
1549 994 1019 2118 2119 
1550 1019 988 1511 2118 
1551 2118 1511 627 2120 
1552 2119 2118 2120 997 
1553 801 2122 2121 1003 
1554 2122 998 2123 2121 
1555 2121 2123 1000 1632 
1556 1003 2121 1632 628 
1557 1001 2125 2124 1482 
1558 2125 1003 2126 2124 
1559 2124 2126 628 1636 
1560 1012 1422 2127 2128 
1561 1422 854 1455 2127 
1562 2127 1455 1006 2129 
1563 2128 2127 2129 1010 
1564 1010 2129 2130 2131 
1565 2129 1006 1479 2130 
1566 2130 1479 987 2132 
1567 2131 2130 2132 1013 
1568 1014 2135 2133 2134 
1569 2135 852 1358 2133 
1570 2133 1358 733 1018 
1571 2134 2133 1018 996 
1572 799 2088 2136 1231 
1573 2088 466 2137 2136 
1574 2136 2137 1021 2138 
1575 1231 2136 2138 1020 
1576 627 1512 2139 2140 
1577 2140 2139 2141 1031 
1578 1031 2141 2142 2143 
1579 2143 2142 1224 984 
1580 1703 1039 2145 2144 
1581 2144 2145 465 2146 
1582 1045 1711 2147 2148 
1583 1711 1044 1748 2147 
1584 2147 1748 1048 2149 
1585 2148 2147 2149 1038 
1586 511 1076 2150 2151 
1587 1076 1067 1114 2150 
1588 2150 1114 1069 2152 
1589 2151 2150 2152 491 
1590 277 1104 2153 2154 
1591 2153 1187 1098 2155 
1592 2154 2153 2155 1099 
1593 1068 1163 2156 1166 
1594 1163 1147 2157 2156 
1595 2156 2157 1157 2158 
1596 1166 2156 2158 1150 
1597 632 2161 2159 2160 
1598 2161 469 1298 2159 
1599 2159 1298 992 1287 
1600 2160 2159 1287 1173 
1601 992 2164 2162 2163 
1602 2164 1180 1302 2162 
1603 2162 1302 1178 1291 
1604 2163 2162 1291 1179 
1605 991 2166 2165 1304 
1606 2166 1184 2167 2165 
1607 2165 2167 1183 1268 
1608 1304 2165 1268 1181 
1609 1184 2169 2168 2167 
1610 2169 984 1223 2168 
1611 2167 2168 1250 1183 
1612 1042 2172 2170 2171 
1613 2172 1204 1227 2170 
1614 2170 1227 1202 1254 
1615 2171 2170 1254 1203 
1616 1041 2174 2173 1229 
1617 2174 1208 2175 2173 
1618 2173 2175 1207 1240 
1619 1229 2173 1240 1205 
1620 465 1700 2176 1234 
1621 1700 1025 2177 2176 
1622 2176 2177 1230 2178 
1623 1234 2176 2178 1035 
1624 986 1746 2179 1237 
1625 1746 1040 2180 2179 
1626 2179 2180 1233 2181 
1627 1237 2179 2181 1200 
1628 1040 2146 2182 2180 
1629 2146 465 2183 2182 
1630 2182 2183 1234 2184 
1631 2180 2182 2184 1233 
1632 1250 2187 2185 2186 
1633 2187 1042 2171 2185 
1634 2185 2171 1203 1265 
1635 2186 2185 1265 1248 
1636 1181 2189 2188 1316 
1637 2189 1268 2190 2188 
1638 2188 2190 1267 1275 
1639 1316 2188 1275 1196 
1640 1197 1284 2191 1329 
1641 1284 993 2192 2191 
1642 2191 2192 1271 2193 
1643 1329 2191 2193 1278 
1644 1282 1320 2194 1333 
1645 1320 1281 2195 2194 
1646 2194 2195 1284 2196 
1647 1333 2194 2196 1197 
1648 793 2094 2197 1362 
1649 2094 829 2198 2197 
1650 2197 2198 1351 1405 
1651 1353 1411 2199 1393 
1652 1411 1356 2200 2199 
1653 2199 2200 800 1462 
1654 1393 2199 1462 1007 
1655 1360 2202 2201 1378 
1656 2202 1362 2203 2201 
1657 2201 2203 853 1409 
1658 1378 2201 1409 1355 
1659 1383 1444 2204 1447 
1660 1444 1419 2205 2204 
1661 2204 2205 1438 2206 
1662 1447 2204 2206 1428 
1663 800 2208 2207 1463 
1664 2208 1407 2209 2207 
1665 2207 2209 1458 1498 
1666 1463 2207 1498 1008 
1667 1464 2211 2210 1496 
1668 2211 1008 2212 2210 
1669 2210 2212 1476 1502 
1670 1496 2210 1502 1474 
1671 1457 2215 2213 2214 
1672 2215 1005 1494 2213 
1673 2213 1494 1475 1518 
1674 2214 2213 1518 1478 
1675 1481 2217 2216 1566 
1676 2217 1482 2218 2216 
1677 2216 2218 1004 1640 
1678 1566 2216 1640 1483 
1679 1477 1504 2219 1526 
1680 1504 989 2220 2219 
1681 2219 2220 1486 1605 
1682 1526 2219 1605 1484 
1683 1485 1527 2221 2222 
1684 1527 1484 1604 2221 
1685 2221 1604 1487 1597 
1686 2222 2221 1597 1470 
1687 1013 2132 2223 2224 
1688 2132 987 1514 2223 
1689 2223 1514 1471 2225 
1690 2224 2223 2225 1510 
1691 1510 2225 2226 2227 
1692 2225 1471 1593 2226 
1693 2226 1593 990 2228 
1694 2227 2226 2228 1512 
1695 1480 1519 2229 2230 
1696 1519 1009 1525 2229 
1697 2229 1525 1485 2231 
1698 2230 2229 2231 1513 
1699 1513 2231 2232 2233 
1700 2231 1485 2222 2232 
1701 2232 2222 1470 2234 
1702 2233 2232 2234 1515 
1703 1523 1543 2235 2236 
1704 1543 1488 1545 2235 
1705 2235 1545 1529 2237 
1706 2236 2235 2237 1537 
1707 990 1594 2238 2239 
1708 2239 2238 2240 1554 
1709 1554 2240 2241 2242 
1710 2242 2241 2243 1030 
1711 1558 1598 2244 2245 
1712 1598 1557 1584 2244 
1713 2244 1584 1560 2246 
1714 2245 2244 2246 1473 
1715 1642 1562 2248 2247 
1716 1559 1578 2249 1585 
1717 1578 1564 2250 2249 
1718 2249 2250 1567 2251 
1719 1585 2249 2251 802 
1720 1487 2254 2252 2253 
1721 2254 1570 1608 2252 
1722 2252 1608 1568 1601 
1723 2253 2252 1601 1569 
1724 1486 2256 2255 1606 
1725 2256 1573 2257 2255 
1726 2255 2257 1565 1576 
1727 1606 2255 1576 1472 
1728 1515 2234 2258 2259 
1729 2234 1470 1596 2258 
1730 2258 1596 1558 2260 
1731 2259 2258 2260 1592 
1732 1592 2260 2261 2262 
1733 2260 1558 2245 2261 
1734 2261 2245 1473 2263 
1735 2262 2261 2263 1594 
1736 802 2251 2264 2265 
1737 2251 1567 2266 2264 
1738 2264 2266 1616 1628 
1739 2265 2264 1628 1581 
1740 1567 2268 2267 2266 
1741 2268 1483 2269 2267 
1742 2267 2269 1617 1644 
1743 2266 2267 1644 1616 
1744 1618 1646 2270 1655 
1745 1646 1561 2271 2270 
1746 2270 2271 1624 2272 
1747 1655 2270 2272 1622 
1748 1622 2272 2273 2274 
1749 2272 1624 2275 2273 
1750 2273 2275 1563 1684 
1751 2274 2273 1684 1625 
1752 1623 1656 2276 2277 
1753 1656 1622 2274 2276 
1754 2276 2274 1625 2278 
1755 2277 2276 2278 1027 
1756 1647 2281 2282 2283 
1757 2283 2282 2284 1649 
1758 1027 2278 2285 2286 
1759 2278 1625 1683 2285 
1760 2285 1683 1662 2287 
1761 2286 2285 2287 1663 
1762 1663 2287 2288 2289 
1763 2287 1662 1678 2288 
1764 2288 1678 1665 2290 
1765 2289 2288 2290 1620 
1766 1026 2292 2291 1671 
1767 2292 1638 2293 2291 
1768 2291 2293 1666 1735 
1769 1671 2291 1735 1621 
1770 1563 2295 2294 1685 
1771 2295 1670 2296 2294 
1772 2294 2296 1669 1690 
1773 1685 2294 1690 1664 
1774 1619 1692 2297 2298 
1775 1692 1672 2299 2297 
1776 2297 2299 1686 1719 
1777 2298 2297 1719 1675 
1778 1672 2301 2300 2299 
1779 2301 1621 2302 2300 
1780 2300 2302 1687 1738 
1781 2299 2300 1738 1686 
1782 1047 1724 2303 1749 
1783 1724 1701 2304 2303 
1784 2303 2304 1703 2305 
1785 1749 2303 2305 1037 
1786 1704 1728 2306 1753 
1787 1728 1706 2307 2306 
1788 2306 2307 1047 2308 
1789 1753 2306 2308 1707 
1790 1649 2284 2309 2310 
1791 2310 2309 2311 1708 
1792 1708 2311 2312 2313 
1793 2311 1045 2148 2312 
1794 2312 2148 1038 2314 
1795 2313 2312 2314 1208 
1796 1225 2317 2315 2316 
1797 2317 1708 2313 2315 
1798 2315 2313 1208 2174 
1799 2316 2315 2174 1041 
1800 1715 1743 2318 1757 
1801 1743 1725 2319 2318 
1802 2318 2319 1728 2320 
1803 1757 2318 2320 1704 
1804 359 2322 2321 1787 
1805 2322 1769 2323 2321 
1806 2321 2323 1768 1797 
1807 1787 2321 1797 795 
1808 162 282 2324 2325 
1809 2324 1911 77 2326 
1810 2325 2324 2326 164 
1811 103 220 2327 2328 
1812 220 162 2325 2327 
1813 2327 2325 164 2329 
1814 2328 2327 2329 75 
1815 83 172 2330 2331 
1816 172 109 1871 2330 
1817 2330 1871 165 2332 
1818 2331 2330 2332 166 
1819 106 176 2333 2334 
1820 176 142 1874 2333 
1821 2333 1874 169 2335 
1822 2334 2333 2335 170 
1823 169 1875 2336 2337 
1824 1875 171 1887 2336 
1825 2336 1887 109 2338 
1826 2337 2336 2338 172 
1827 170 2335 2339 2340 
1828 2335 169 2337 2339 
1829 2339 2337 172 2341 
1830 2340 2339 2341 83 
1831 209 259 2342 1890 
1832 259 211 1898 2342 
1833 2342 1898 177 1895 
1834 1890 2342 1895 212 
1835 228 2345 2343 2344 
1836 2345 230 1908 2343 
1837 2343 1908 178 257 
1838 2344 2343 257 210 
1839 208 2348 2346 2347 
1840 2348 228 2344 2346 
1841 2346 2344 210 232 
1842 2347 2346 232 82 
1843 280 315 2349 2350 
1844 315 281 1925 2349 
1845 2349 1925 163 2351 
1846 2350 2349 2351 282 
1847 219 296 2352 2353 
1848 296 280 2350 2352 
1849 2352 2350 282 2354 
1850 2353 2352 2354 162 
1851 291 2100 2355 1914 
1852 2100 248 2356 2355 
1853 2355 2356 292 1916 
1854 1914 2355 1916 290 
1855 248 2111 2357 2356 
1856 2111 307 2358 2357 
1857 2357 2358 306 318 
1858 2356 2357 318 292 
1859 307 2109 2359 2358 
1860 2109 250 2360 2359 
1861 2359 2360 308 1919 
1862 2358 2359 1919 306 
1863 250 1949 2361 2360 
1864 1949 322 2362 2361 
1865 2361 2362 321 330 
1866 2360 2361 330 308 
1867 322 421 2363 2362 
1868 421 302 1965 2363 
1869 2363 1965 323 1928 
1870 2362 2363 1928 321 
1871 5 332 2364 2365 
1872 332 324 1931 2364 
1873 2364 1931 325 2366 
1874 2365 2364 2366 314 
1875 325 1932 2367 2368 
1876 1932 326 1984 2367 
1877 2367 1984 310 2369 
1878 2368 2367 2369 327 
1879 314 2366 2370 2371 
1880 2366 325 2368 2370 
1881 2370 2368 327 2372 
1882 2371 2370 2372 281 
1883 31 2374 2373 1839 
1884 2374 353 2375 2373 
1885 2373 2375 352 1934 
1886 1839 2373 1934 49 
1887 357 2377 2376 1938 
1888 2377 49 2378 2376 
1889 2376 2378 358 1940 
1890 1938 2376 1940 356 
1891 376 2380 2379 1952 
1892 2380 378 2381 2379 
1893 2379 2381 246 723 
1894 1952 2379 723 365 
1895 375 2383 2382 958 
1896 2383 393 1962 2382 
1897 2382 1962 391 2384 
1898 958 2382 2384 392 
1899 392 2384 2385 2386 
1900 2384 391 432 2385 
1901 2385 432 394 2387 
1902 2386 2385 2387 373 
1903 371 2389 2388 1946 
1904 2389 407 2390 2388 
1905 2388 2390 410 1979 
1906 1946 2388 1979 304 
1907 373 2387 2391 2392 
1908 2387 394 1973 2391 
1909 2391 1973 419 2393 
1910 2392 2391 2393 420 
1911 509 1072 2394 2395 
1912 1072 511 2151 2394 
1913 2394 2151 491 2396 
1914 2395 2394 2396 512 
1915 510 535 2397 2398 
1916 535 509 2395 2397 
1917 2397 2395 512 2399 
1918 2398 2397 2399 489 
1919 480 2401 2400 2003 
1920 2401 519 2402 2400 
1921 2400 2402 518 2011 
1922 2003 2400 2011 496 
1923 518 2404 2403 2012 
1924 2404 520 2405 2403 
1925 2403 2405 488 1086 
1926 2012 2403 1086 521 
1927 529 555 2406 2407 
1928 555 510 2398 2406 
1929 2406 2398 489 2408 
1930 2407 2406 2408 531 
1931 530 566 2409 2410 
1932 566 529 2407 2409 
1933 2409 2407 531 2411 
1934 2410 2409 2411 490 
1935 630 737 2412 2026 
1936 737 631 2064 2412 
1937 2412 2064 469 2161 
1938 2026 2412 2161 632 
1939 637 655 2413 2031 
1940 655 638 2414 2413 
1941 2413 2414 483 2415 
1942 2031 2413 2415 639 
1943 638 2041 2416 2414 
1944 2041 649 2417 2416 
1945 2416 2417 651 2418 
1946 2414 2416 2418 483 
1947 718 746 2419 2420 
1948 746 720 2069 2419 
1949 2419 2069 622 2421 
1950 2420 2419 2421 721 
1951 783 2423 2422 2073 
1952 2423 356 2424 2422 
1953 2422 2424 784 2075 
1954 2073 2422 2075 782 
1955 712 2427 2425 2426 
1956 2427 805 831 2425 
1957 2425 831 803 2091 
1958 2426 2425 2091 804 
1959 378 2429 2428 2381 
1960 2429 811 2430 2428 
1961 2428 2430 616 2022 
1962 2381 2428 2022 246 
1963 819 2433 2431 2432 
1964 2433 818 839 2431 
1965 2431 839 805 2427 
1966 2432 2431 2427 712 
1967 948 959 2434 2435 
1968 959 392 2386 2434 
1969 2434 2386 373 2436 
1970 2435 2434 2436 950 
1971 363 2438 2437 1352 
1972 2438 825 2439 2437 
1973 2437 2439 998 2122 
1974 1352 2437 2122 801 
1975 1002 2441 2440 1459 
1976 2441 801 2442 2440 
1977 2440 2442 1003 2125 
1978 1459 2440 2125 1001 
1979 1015 2445 2443 2444 
1980 2445 618 1369 2443 
1981 2443 1369 852 2135 
1982 2444 2443 2135 1014 
1983 520 2447 2446 2405 
1984 2447 1089 2448 2446 
1985 2446 2448 1083 1092 
1986 2405 2446 1092 488 
1987 468 2027 2449 2450 
1988 2027 632 2160 2449 
1989 2449 2160 1173 2451 
1990 2450 2449 2451 1103 
1991 1103 2451 2452 2453 
1992 2451 1173 1286 2452 
1993 2452 1286 1174 2454 
1994 2453 2452 2454 470 
1995 470 2454 2455 2456 
1996 2454 1174 1322 2455 
1997 2455 1322 1186 2457 
1998 2456 2455 2457 1187 
1999 1208 2314 2458 2175 
2000 2314 1038 2459 2458 
2001 2458 2459 1209 2460 
2002 2175 2458 2460 1207 
2003 1207 2460 2461 1241 
2004 2460 1209 2462 2461 
2005 2461 2462 986 2463 
2006 1241 2461 2463 1210 
2007 1222 2466 2464 2465 
2008 2466 1225 2316 2464 
2009 2464 2316 1041 1228 
2010 2465 2464 1228 1204 
2011 1223 2469 2467 2468 
2012 2469 1222 2465 2467 
2013 2467 2465 1204 2172 
2014 2468 2467 2172 1042 
2015 993 1277 2470 2192 
2016 1277 1269 2471 2470 
2017 2470 2471 1270 2472 
2018 2192 2470 2472 1271 
2019 1351 2474 2473 1406 
2020 2474 1352 2475 2473 
2021 2473 2475 801 2441 
2022 1406 2473 2441 1002 
2023 1356 2477 2476 2200 
2024 2477 1404 2478 2476 
2025 2476 2478 1407 2208 
2026 2200 2476 2208 800 
2027 1454 1469 2479 2480 
2028 1469 1456 2481 2479 
2029 2479 2481 1005 2215 
2030 2480 2479 2215 1457 
2031 1456 2483 2482 2481 
2032 2483 1461 2484 2482 
2033 2482 2484 1464 1495 
2034 2481 2482 1495 1005 
2035 1460 2486 2485 1574 
2036 2486 1001 2487 2485 
2037 2485 2487 1482 2217 
2038 1574 2485 2217 1481 
2039 1564 2489 2488 2250 
2040 2489 1566 2490 2488 
2041 2488 2490 1483 2268 
2042 2250 2488 2268 1567 
2043 989 2492 2491 2220 
2044 2492 1500 2493 2491 
2045 2491 2493 1573 2256 
2046 2220 2491 2256 1486 
2047 1560 1586 2494 2495 
2048 1586 802 2265 2494 
2049 2494 2265 1581 2496 
2050 2495 2494 2496 1579 
2051 1579 2496 2497 2498 
2052 2496 1581 1627 2497 
2053 2497 1627 1555 2499 
2054 2498 2497 2499 1582 
2055 1562 2501 2500 2248 
2056 2501 1635 2502 2500 
2057 2500 2502 1638 2292 
2058 2248 2500 2292 1026 
2059 1030 2243 2503 2504 
2060 2504 2503 2505 1648 
2061 1648 2505 2506 2507 
2062 2505 1647 2283 2506 
2063 2506 2283 1649 2508 
2064 2507 2506 2508 1032 
2065 1582 2499 2509 2510 
2066 2499 1555 1654 2509 
2067 2509 1654 1623 2511 
2068 2510 2509 2511 1650 
2069 1650 2511 2512 2513 
2070 2511 1623 2277 2512 
2071 2512 2277 1027 2514 
2072 2513 2512 2514 1652 
2073 1669 2516 2515 1691 
2074 2516 1671 2517 2515 
2075 2515 2517 1621 2301 
2076 1691 2515 2301 1672 
2077 1665 1681 2518 2519 
2078 1681 1619 2298 2518 
2079 2518 2298 1675 2520 
2080 2519 2518 2520 1673 
2081 1673 2520 2521 2522 
2082 2520 1675 1718 2521 
2083 2521 1718 1046 2523 
2084 2522 2521 2523 1676 
2085 1032 2508 2524 2525 
2086 2508 1649 2310 2524 
2087 2524 2310 1708 2317 
2088 2525 2524 2317 1225 
2089 1676 2523 2526 2527 
2090 2523 1046 1713 2526 
2091 2526 1713 1705 2528 
2092 2527 2526 2528 1709 
2093 1709 2528 2529 2530 
2094 2528 1705 1752 2529 
2095 2529 1752 1044 2531 
2096 2530 2529 2531 1711 
2097 1038 2149 2532 2459 
2098 2149 1048 2533 2532 
2099 2532 2533 1744 2534 
2100 2459 2532 2534 1209 
2101 1048 1750 2535 2533 
2102 1750 1037 2536 2535 
2103 2535 2536 1745 2537 
2104 2533 2535 2537 1744 
2105 1209 2534 2538 2462 
2106 2534 1744 2539 2538 
2107 2538 2539 1746 2540 
2108 2462 2538 2540 986 
2109 117 1866 2541 2542 
2110 1866 83 2331 2541 
2111 2541 2331 166 2543 
2112 2542 2541 2543 1861 
2113 312 1923 2544 2545 
2114 1923 277 2154 2544 
2115 2544 2154 1099 2546 
2116 2545 2544 2546 1910 
2117 784 2548 2547 2076 
2118 2548 1939 2549 2547 
2119 2547 2549 1769 2322 
2120 2076 2547 2322 359 
2121 950 2436 2550 2551 
2122 2436 373 2392 2550 
2123 2550 2392 420 2552 
2124 2551 2550 2552 1947 
2125 2059 2555 2553 2554 
2126 2555 804 2090 2553 
2127 2553 2090 618 2445 
2128 2554 2553 2445 1015 
2129 997 2120 2556 2557 
2130 2120 627 2140 2556 
2131 2556 2140 1031 2558 
2132 2557 2556 2558 2117 
2133 2117 2558 2559 2560 
2134 2558 1031 2143 2559 
2135 2559 2143 984 2169 
2136 2560 2559 2169 1184 
2137 1300 2563 2561 2562 
2138 2563 2117 2560 2561 
2139 2561 2560 1184 2166 
2140 2562 2561 2166 991 
2141 1512 2228 2564 2565 
2142 2228 990 2239 2564 
2143 2564 2239 1554 2566 
2144 2565 2564 2566 2139 
2145 2139 2566 2567 2568 
2146 2566 1554 2242 2567 
2147 2567 2242 1030 2569 
2148 2568 2567 2569 2141 
2149 2141 2569 2570 2571 
2150 2569 1030 2504 2570 
2151 2570 2504 1648 2572 
2152 2571 2570 2572 2142 
2153 2142 2572 2573 2574 
2154 2572 1648 2507 2573 
2155 2573 2507 1032 2575 
2156 2574 2573 2575 1224 
2157 1037 2305 2576 2536 
2158 2305 1703 2577 2576 
2159 2576 2577 2144 2578 
2160 2536 2576 2578 1745 
2161 2168 2581 2579 2580 
2162 2581 1223 2468 2579 
2163 2579 2468 1042 2187 
2164 2580 2579 2187 1250 
2165 1624 2583 2582 2275 
2166 2583 2247 2584 2582 
2167 2582 2584 1670 2295 
2168 2275 2582 2295 1563 
2169 1652 2514 2585 2586 
2170 2514 1027 2286 2585 
2171 2585 2286 1663 2587 
2172 2586 2585 2587 2279 
2173 2279 2587 2588 2589 
2174 2587 1663 2289 2588 
2175 2588 2289 1620 2590 
2176 2589 2588 2590 2281 
2177 101 168 2591 2592 
2178 168 103 2328 2591 
2179 2591 2328 75 2593 
2180 2592 2591 2593 104 
2181 102 1863 2594 2595 
2182 1863 101 2592 2594 
2183 2594 2592 104 2596 
2184 2595 2594 2596 76 
2185 206 2599 2597 2598 
2186 2599 208 2347 2597 
2187 2597 2347 82 215 
2188 2598 2597 215 182 
2189 153 2602 2600 2601 
2190 2602 206 2598 2600 
2191 2600 2598 182 1877 
2192 2601 2600 1877 107 
2193 218 285 2603 2604 
2194 285 219 2353 2603 
2195 2603 2353 162 2605 
2196 2604 2603 2605 220 
2197 167 238 2606 2607 
2198 238 218 2604 2606 
2199 2606 2604 220 2608 
2200 2607 2606 2608 103 
2201 309 1920 2609 2610 
2202 1920 5 2365 2609 
2203 2609 2365 314 2611 
2204 2610 2609 2611 313 
2205 313 2611 2612 2613 
2206 2611 314 2371 2612 
2207 2612 2371 281 2614 
2208 2613 2612 2614 315 
2209 244 2616 2615 413 
2210 2616 408 2617 2615 
2211 2615 2617 407 2389 
2212 413 2615 2389 371 
2213 407 2619 2618 2390 
2214 2619 409 2620 2618 
2215 2618 2620 364 663 
2216 2390 2618 663 410 
2217 519 2622 2621 2402 
2218 2622 485 2623 2621 
2219 2621 2623 520 2404 
2220 2402 2621 2404 518 
2221 649 2043 2624 2417 
2222 2043 650 2625 2624 
2223 2624 2625 630 2626 
2224 2417 2624 2626 651 
2225 409 2628 2627 2620 
2226 2628 722 2629 2627 
2227 2627 2629 620 726 
2228 2620 2627 726 364 
2229 650 772 2630 2625 
2230 772 735 2631 2630 
2231 2630 2631 737 2632 
2232 2625 2630 2632 630 
2233 811 2634 2633 2430 
2234 2634 813 2635 2633 
2235 2633 2635 360 816 
2236 2430 2633 816 616 
2237 792 2637 2636 828 
2238 2637 822 2638 2636 
2239 2636 2638 825 2438 
2240 828 2636 2438 363 
2241 485 2640 2639 2623 
2242 2640 1090 2641 2639 
2243 2639 2641 1089 2447 
2244 2623 2639 2447 520 
2245 484 1988 2642 2643 
2246 1988 468 2450 2642 
2247 2642 2450 1103 2644 
2248 2643 2642 2644 1101 
2249 1101 2644 2645 2646 
2250 2644 1103 2453 2645 
2251 2645 2453 470 2647 
2252 2646 2645 2647 1104 
2253 1224 2575 2648 2649 
2254 2575 1032 2525 2648 
2255 2648 2525 1225 2466 
2256 2649 2648 2466 1222 
2257 1297 2652 2650 2651 
2258 2652 1300 2562 2650 
2259 2650 2562 991 1303 
2260 2651 2650 1303 1180 
2261 1298 2655 2653 2654 
2262 2655 1297 2651 2653 
2263 2653 2651 1180 2164 
2264 2654 2653 2164 992 
2265 829 2657 2656 2198 
2266 2657 363 2658 2656 
2267 2656 2658 1352 2474 
2268 2198 2656 2474 1351 
2269 853 2660 2659 1410 
2270 2660 1405 2661 2659 
2271 2659 2661 1404 2477 
2272 1410 2659 2477 1356 
2273 1458 2663 2662 1499 
2274 2663 1459 2664 2662 
2275 2662 2664 1001 2486 
2276 1499 2662 2486 1460 
2277 1007 2666 2665 1468 
2278 2666 1462 2667 2665 
2279 2665 2667 1461 2483 
2280 1468 2665 2483 1456 
2281 1461 2669 2668 2484 
2282 2669 1463 2670 2668 
2283 2668 2670 1008 2211 
2284 2484 2668 2211 1464 
2285 1476 2672 2671 1503 
2286 2672 1497 2673 2671 
2287 2671 2673 1500 2492 
2288 1503 2671 2492 989 
2289 1565 2675 2674 1577 
2290 2675 1481 2676 2674 
2291 2674 2676 1566 2489 
2292 1577 2674 2489 1564 
2293 1573 2678 2677 2257 
2294 2678 1574 2679 2677 
2295 2677 2679 1481 2675 
2296 2257 2677 2675 1565 
2297 1473 2246 2680 2681 
2298 2246 1560 2495 2680 
2299 2680 2495 1579 2682 
2300 2681 2680 2682 1580 
2301 1580 2682 2683 2684 
2302 2682 1579 2498 2683 
2303 2683 2498 1582 2685 
2304 2684 2683 2685 1553 
2305 1004 2687 2686 1641 
2306 2687 1636 2688 2686 
2307 2686 2688 1635 2501 
2308 1641 2686 2501 1562 
2309 1553 2685 2689 2690 
2310 2685 1582 2510 2689 
2311 2689 2510 1650 2691 
2312 2690 2689 2691 1651 
2313 1651 2691 2692 2693 
2314 2691 1650 2513 2692 
2315 2692 2513 1652 2694 
2316 2693 2692 2694 1556 
2317 1670 2696 2695 2296 
2318 2696 1026 2697 2695 
2319 2695 2697 1671 2516 
2320 2296 2695 2516 1669 
2321 1620 2290 2698 2699 
2322 2290 1665 2519 2698 
2323 2698 2519 1673 2700 
2324 2699 2698 2700 1674 
2325 1674 2700 2701 2702 
2326 2700 1673 2522 2701 
2327 2701 2522 1676 2703 
2328 2702 2701 2703 983 
2329 983 2703 2704 2705 
2330 2703 1676 2527 2704 
2331 2704 2527 1709 2706 
2332 2705 2704 2706 1710 
2333 1710 2706 2707 2708 
2334 2706 1709 2530 2707 
2335 2707 2530 1711 2709 
2336 2708 2707 2709 1045 
2337 1744 2537 2710 2539 
2338 2537 1745 2711 2710 
2339 2710 2711 1040 2712 
2340 2539 2710 2712 1746 
2341 163 1926 2713 2714 
2342 1926 312 2545 2713 
2343 2713 2545 1910 2715 
2344 2714 2713 2715 1911 
2345 356 2717 2716 2424 
2346 2717 1940 2718 2716 
2347 2716 2718 1939 2548 
2348 2424 2716 2548 784 
2349 813 2720 2719 2635 
2350 2720 1942 2721 2719 
2351 2719 2721 787 2078 
2352 2635 2719 2078 360 
2353 382 2723 2722 1955 
2354 2723 1950 2724 2722 
2355 2722 2724 408 2616 
2356 1955 2722 2616 244 
2357 2058 2727 2725 2726 
2358 2727 712 2426 2725 
2359 2725 2426 804 2555 
2360 2726 2725 2555 2059 
2361 734 2730 2728 2729 
2362 2730 997 2557 2728 
2363 2728 2557 2117 2563 
2364 2729 2728 2563 1300 
2365 1482 2732 2731 2218 
2366 2732 2124 2733 2731 
2367 2731 2733 1636 2687 
2368 2218 2731 2687 1004 
2369 1745 2578 2734 2711 
2370 2578 2144 2735 2734 
2371 2734 2735 2146 2736 
2372 2711 2734 2736 1040 
2373 1104 2647 2737 2738 
2374 2647 470 2456 2737 
2375 2737 2456 1187 2739 
2376 2738 2737 2739 2153 
2377 1362 2741 2740 2203 
2378 2741 2197 2742 2740 
2379 2740 2742 1405 2660 
2380 2203 2740 2660 853 
2381 1594 2263 2743 2744 
2382 2263 1473 2681 2743 
2383 2743 2681 1580 2745 
2384 2744 2743 2745 2238 
2385 2238 2745 2746 2747 
2386 2745 1580 2684 2746 
2387 2746 2684 1553 2748 
2388 2747 2746 2748 2240 
2389 2240 2748 2749 2750 
2390 2748 1553 2690 2749 
2391 2749 2690 1651 2751 
2392 2750 2749 2751 2241 
2393 2241 2751 2752 2753 
2394 2751 1651 2693 2752 
2395 2752 2693 1556 2754 
2396 2753 2752 2754 2243 
2397 1561 2756 2755 2271 
2398 2756 1642 2757 2755 
2399 2755 2757 2247 2583 
2400 2271 2755 2583 1624 
2401 2247 2759 2758 2584 
2402 2759 2248 2760 2758 
2403 2758 2760 1026 2696 
2404 2584 2758 2696 1670 
2405 1556 2694 2761 2762 
2406 2694 1652 2586 2761 
2407 2761 2586 2279 2763 
2408 2762 2761 2763 2280 
2409 2280 2763 2764 2765 
2410 2763 2279 2589 2764 
2411 2764 2589 2281 2766 
2412 2765 2764 2766 1647 
2413 2281 2590 2767 2768 
2414 2590 1620 2699 2767 
2415 2767 2699 1674 2769 
2416 2768 2767 2769 2282 
2417 2282 2769 2770 2771 
2418 2769 1674 2702 2770 
2419 2770 2702 983 2772 
2420 2771 2770 2772 2284 
2421 2284 2772 2773 2774 
2422 2772 983 2705 2773 
2423 2773 2705 1710 2775 
2424 2774 2773 2775 2309 
2425 2309 2775 2776 2777 
2426 2775 1710 2708 2776 
2427 2776 2708 1045 2778 
2428 2777 2776 2778 2311 
2429 282 2351 2779 2780 
2430 2351 163 2714 2779 
2431 2779 2714 1911 2781 
2432 2780 2779 2781 2324 
2433 2243 2754 2782 2783 
2434 2754 1556 2762 2782 
2435 2782 2762 2280 2784 
2436 2783 2782 2784 2503 
2437 2503 2784 2785 2786 
2438 2784 2280 2765 2785 
2439 2785 2765 1647 2787 
2440 2786 2785 2787 2505 
