"PointID","x","y","Density","Momentum_x","Momentum_y","Energy","Turb_Kin_Energy","Omega"
0, 1.000000000000000e+00, 3.300000000000000e-03, 3.949091101162341e-01, 0.000000000000000e+00, 0.000000000000000e+00, 6.694323803030045e+04, 1.000000000000000e-10, 1.237365337652300e+09
1, 1.000000000000000e+00, -2.200000000000000e-03, 3.963108348357351e-01, 0.000000000000000e+00, 0.000000000000000e+00, 6.820581382612298e+04, 1.000000000000000e-10, 1.248334041477019e+09
6, 9.970624071000000e-01, 3.890565800000000e-03, 4.027884905040043e-01, 0.000000000000000e+00, 0.000000000000000e+00, 6.936689959331031e+04, 1.000000000000000e-10, 1.228905401374863e+09
7, 9.941250122000000e-01, 4.482116400000000e-03, 4.083752589693244e-01, 0.000000000000000e+00, 0.000000000000000e+00, 7.041330450673684e+04, 1.000000000000000e-10, 1.213278416786957e+09
8, 9.911863511000000e-01, 5.067337600000000e-03, 4.100728851608394e-01, 0.000000000000000e+00, 0.000000000000000e+00, 7.044090173498119e+04, 1.000000000000000e-10, 1.204615842036596e+09
9, 9.882453375000000e-01, 5.640619800000000e-03, 4.105860709949565e-01, 0.000000000000000e+00, 0.000000000000000e+00, 6.996337749174441e+04, 1.000000000000000e-10, 1.195225411845382e+09
10, 9.853025951000000e-01, 6.204961100000000e-03, 4.115053377870705e-01, 0.000000000000000e+00, 0.000000000000000e+00, 6.948384464641687e+04, 1.000000000000000e-10, 1.183629578009192e+09
11, 9.823582610000000e-01, 6.760941000000000e-03, 4.131365247643779e-01, 0.000000000000000e+00, 0.000000000000000e+00, 6.921845494865520e+04, 1.000000000000000e-10, 1.171483013981139e+09
12, 9.794123284000000e-01, 7.308384000000000e-03, 4.148838038107240e-01, 0.000000000000000e+00, 0.000000000000000e+00, 6.911349995666559e+04, 1.000000000000000e-10, 1.161067881046103e+09
13, 9.764641925999999e-01, 7.843832699999999e-03, 4.161354099638210e-01, 0.000000000000000e+00, 0.000000000000000e+00, 6.905469670250785e+04, 1.000000000000000e-10, 1.153902181584965e+09
14, 9.735146296000000e-01, 8.371372199999999e-03, 4.167510563188918e-01, 0.000000000000000e+00, 0.000000000000000e+00, 6.898054155423486e+04, 1.000000000000000e-10, 1.149764699673389e+09
15, 9.705649844999999e-01, 8.898453400000001e-03, 4.167529287671389e-01, 0.000000000000000e+00, 0.000000000000000e+00, 6.886014954598199e+04, 1.000000000000000e-10, 1.148101716848006e+09
16, 9.676163612000001e-01, 9.431218700000001e-03, 4.164154553894291e-01, 0.000000000000000e+00, 0.000000000000000e+00, 6.872434108825662e+04, 1.000000000000000e-10, 1.147930235778242e+09
17, 9.646681685000000e-01, 9.966365099999999e-03, 4.158807718176050e-01, 0.000000000000000e+00, 0.000000000000000e+00, 6.858649929332882e+04, 1.000000000000000e-10, 1.148716479783176e+09
18, 9.617190649000000e-01, 1.049646250000000e-02, 4.152738104098523e-01, 0.000000000000000e+00, 0.000000000000000e+00, 6.845600125293316e+04, 1.000000000000000e-10, 1.150009209531827e+09
19, 9.587677714000000e-01, 1.101421520000000e-02, 4.146515727717999e-01, 0.000000000000000e+00, 0.000000000000000e+00, 6.833123358612254e+04, 1.000000000000000e-10, 1.151426542508773e+09
20, 9.558141732000000e-01, 1.151866560000000e-02, 4.140295523081636e-01, 0.000000000000000e+00, 0.000000000000000e+00, 6.820674606517809e+04, 1.000000000000000e-10, 1.152846534487723e+09
21, 9.528595023999999e-01, 1.201680390000000e-02, 4.134548897245974e-01, 0.000000000000000e+00, 0.000000000000000e+00, 6.809238712296153e+04, 1.000000000000000e-10, 1.154173622934102e+09
22, 9.499050355999999e-01, 1.251614840000000e-02, 4.127772480046864e-01, 0.000000000000000e+00, 0.000000000000000e+00, 6.796364433751786e+04, 1.000000000000000e-10, 1.155783668358194e+09
23, 9.469515835000000e-01, 1.302146080000000e-02, 4.121654164622752e-01, 0.000000000000000e+00, 0.000000000000000e+00, 6.785923382319800e+04, 1.000000000000000e-10, 1.157466793993387e+09
24, 9.439982552000000e-01, 1.352749770000000e-02, 4.112915760910341e-01, 0.000000000000000e+00, 0.000000000000000e+00, 6.770609537621150e+04, 1.000000000000000e-10, 1.159819443154870e+09
25, 9.410437731000000e-01, 1.402674480000000e-02, 4.105975968577147e-01, 0.000000000000000e+00, 0.000000000000000e+00, 6.758447480141949e+04, 1.000000000000000e-10, 1.161675107667091e+09
26, 9.380870172000000e-01, 1.451233270000000e-02, 4.100097709850706e-01, 0.000000000000000e+00, 0.000000000000000e+00, 6.747516443796825e+04, 1.000000000000000e-10, 1.163160752977757e+09
27, 9.351283061000000e-01, 1.498587720000000e-02, 4.094968889536704e-01, 0.000000000000000e+00, 0.000000000000000e+00, 6.737245687794872e+04, 1.000000000000000e-10, 1.164351526117518e+09
28, 9.321688618000000e-01, 1.545482400000000e-02, 4.090176214743454e-01, 0.000000000000000e+00, 0.000000000000000e+00, 6.727213953244769e+04, 1.000000000000000e-10, 1.165409047667339e+09
29, 9.292098398000000e-01, 1.592642560000000e-02, 4.086039524041405e-01, 0.000000000000000e+00, 0.000000000000000e+00, 6.718686313519452e+04, 1.000000000000000e-10, 1.166341973796377e+09
30, 9.262511042000000e-01, 1.639982330000000e-02, 4.083423941724631e-01, 0.000000000000000e+00, 0.000000000000000e+00, 6.713878757436671e+04, 1.000000000000000e-10, 1.167002645557062e+09
31, 9.232923687000000e-01, 1.687322100000000e-02, 4.077137928803345e-01, 0.000000000000000e+00, 0.000000000000000e+00, 6.702434040078140e+04, 1.000000000000000e-10, 1.168649663311915e+09
32, 9.203336331000000e-01, 1.734661870000000e-02, 4.067867953706239e-01, 0.000000000000000e+00, 0.000000000000000e+00, 6.685478482886174e+04, 1.000000000000000e-10, 1.171048040638775e+09
33, 9.173752952000001e-01, 1.782249320000000e-02, 4.059721422983484e-01, 0.000000000000000e+00, 0.000000000000000e+00, 6.671684256947480e+04, 1.000000000000000e-10, 1.173348780909122e+09
34, 9.144172403000000e-01, 1.830012520000000e-02, 4.052440435974864e-01, 0.000000000000000e+00, 0.000000000000000e+00, 6.659528322680914e+04, 1.000000000000000e-10, 1.175450792470353e+09
35, 9.114582624000001e-01, 1.877199790000000e-02, 4.045638229182422e-01, 0.000000000000000e+00, 0.000000000000000e+00, 6.647865026432154e+04, 1.000000000000000e-10, 1.177356273414000e+09
36, 9.084972381000000e-01, 1.923083950000000e-02, 4.039989668858389e-01, 0.000000000000000e+00, 0.000000000000000e+00, 6.637409395503372e+04, 1.000000000000000e-10, 1.178829672463171e+09
37, 9.055342297000000e-01, 1.967670440000000e-02, 4.035489687261598e-01, 0.000000000000000e+00, 0.000000000000000e+00, 6.628028598611914e+04, 1.000000000000000e-10, 1.179852159160587e+09
38, 9.025703724000000e-01, 2.011689840000000e-02, 4.031360061981887e-01, 0.000000000000000e+00, 0.000000000000000e+00, 6.618921817679628e+04, 1.000000000000000e-10, 1.180690809939957e+09
39, 8.996067964000000e-01, 2.055898050000000e-02, 4.028149601854633e-01, 0.000000000000000e+00, 0.000000000000000e+00, 6.611990345336075e+04, 1.000000000000000e-10, 1.181386935446698e+09
40, 8.966435791000000e-01, 2.100346310000000e-02, 4.027243091733264e-01, 0.000000000000000e+00, 0.000000000000000e+00, 6.610406924569950e+04, 1.000000000000000e-10, 1.181638776083253e+09
41, 8.936803618000000e-01, 2.144794570000000e-02, 4.023435918666077e-01, 0.000000000000000e+00, 0.000000000000000e+00, 6.603400164261705e+04, 1.000000000000000e-10, 1.182644890255242e+09
42, 8.907171444000000e-01, 2.189242830000000e-02, 4.017203954321810e-01, 0.000000000000000e+00, 0.000000000000000e+00, 6.592053358350022e+04, 1.000000000000000e-10, 1.184313623524867e+09
43, 8.877539271000000e-01, 2.233691090000000e-02, 4.010740991192141e-01, 0.000000000000000e+00, 0.000000000000000e+00, 6.580053942309256e+04, 1.000000000000000e-10, 1.186014601496858e+09
44, 8.847907098000000e-01, 2.278139350000000e-02, 4.003968838080805e-01, 0.000000000000000e+00, 0.000000000000000e+00, 6.566768516235799e+04, 1.000000000000000e-10, 1.187714580519169e+09
45, 8.818274925000000e-01, 2.322587610000000e-02, 3.999022734912468e-01, 0.000000000000000e+00, 0.000000000000000e+00, 6.557038381542079e+04, 1.000000000000000e-10, 1.188941293591959e+09
46, 8.788643591999999e-01, 2.367091770000000e-02, 3.990981216865868e-01, 0.000000000000000e+00, 0.000000000000000e+00, 6.542328063190380e+04, 1.000000000000000e-10, 1.191088504623281e+09
47, 8.759017882000000e-01, 2.411968790000000e-02, 3.984247490840486e-01, 0.000000000000000e+00, 0.000000000000000e+00, 6.531532247017450e+04, 1.000000000000000e-10, 1.193172361961553e+09
48, 8.729389200000000e-01, 2.456648860000000e-02, 3.978412770219434e-01, 0.000000000000000e+00, 0.000000000000000e+00, 6.522705726060599e+04, 1.000000000000000e-10, 1.195034007126147e+09
49, 8.699746207000000e-01, 2.500367940000000e-02, 3.973530875785974e-01, 0.000000000000000e+00, 0.000000000000000e+00, 6.515174943729150e+04, 1.000000000000000e-10, 1.196586623141268e+09
50, 8.670081947000000e-01, 2.542619980000000e-02, 3.969918626111949e-01, 0.000000000000000e+00, 0.000000000000000e+00, 6.508929619420554e+04, 1.000000000000000e-10, 1.197579212231996e+09
51, 8.640404269000000e-01, 2.583920470000000e-02, 3.967126370647383e-01, 0.000000000000000e+00, 0.000000000000000e+00, 6.503400558515031e+04, 1.000000000000000e-10, 1.198314747045773e+09
52, 8.610724042000000e-01, 2.625037680000000e-02, 3.964679475076304e-01, 0.000000000000000e+00, 0.000000000000000e+00, 6.498520133098769e+04, 1.000000000000000e-10, 1.198921888941206e+09
53, 8.581049055000000e-01, 2.666531320000000e-02, 3.963152689457909e-01, 0.000000000000000e+00, 0.000000000000000e+00, 6.496468728633060e+04, 1.000000000000000e-10, 1.199452559317505e+09
54, 8.551374771000000e-01, 2.708075320000000e-02, 3.957655692467533e-01, 0.000000000000000e+00, 0.000000000000000e+00, 6.487197971957870e+04, 1.000000000000000e-10, 1.201057162570008e+09
55, 8.521700487000000e-01, 2.749619320000000e-02, 3.952293531918538e-01, 0.000000000000000e+00, 0.000000000000000e+00, 6.478171553452333e+04, 1.000000000000000e-10, 1.202650322661178e+09
56, 8.492026203000000e-01, 2.791163320000000e-02, 3.947588876532028e-01, 0.000000000000000e+00, 0.000000000000000e+00, 6.469873552629662e+04, 1.000000000000000e-10, 1.203993458231261e+09
57, 8.462351919000000e-01, 2.832707310000000e-02, 3.942478096281652e-01, 0.000000000000000e+00, 0.000000000000000e+00, 6.459529771805301e+04, 1.000000000000000e-10, 1.205251050460178e+09
58, 8.432677635000000e-01, 2.874251310000000e-02, 3.936912836723284e-01, 0.000000000000000e+00, 0.000000000000000e+00, 6.447847393707104e+04, 1.000000000000000e-10, 1.206561413524002e+09
59, 8.403003351000000e-01, 2.915795310000000e-02, 3.926069932501993e-01, 0.000000000000000e+00, 0.000000000000000e+00, 6.426649809709158e+04, 1.000000000000000e-10, 1.209359058616377e+09
60, 8.373332662000000e-01, 2.957595020000000e-02, 3.915904883218891e-01, 0.000000000000000e+00, 0.000000000000000e+00, 6.408352790990748e+04, 1.000000000000000e-10, 1.212239293848968e+09
61, 8.343664342000000e-01, 2.999562810000000e-02, 3.906575571961108e-01, 0.000000000000000e+00, 0.000000000000000e+00, 6.391879688180808e+04, 1.000000000000000e-10, 1.214937894402042e+09
62, 8.313987667000000e-01, 3.040934680000000e-02, 3.898396593462376e-01, 0.000000000000000e+00, 0.000000000000000e+00, 6.377129989757995e+04, 1.000000000000000e-10, 1.217287857261054e+09
63, 8.284292787999999e-01, 3.080977400000000e-02, 3.892112899144049e-01, 0.000000000000000e+00, 0.000000000000000e+00, 6.364738933614581e+04, 1.000000000000000e-10, 1.218911694590176e+09
64, 8.254580666000000e-01, 3.119721670000000e-02, 3.887824866978717e-01, 0.000000000000000e+00, 0.000000000000000e+00, 6.354865468766644e+04, 1.000000000000000e-10, 1.219802215103783e+09
65, 8.224861366000000e-01, 3.157912440000000e-02, 3.884343620061214e-01, 0.000000000000000e+00, 0.000000000000000e+00, 6.346450244344844e+04, 1.000000000000000e-10, 1.220450169119812e+09
66, 8.195144758000000e-01, 3.196311810000000e-02, 3.881685512273266e-01, 0.000000000000000e+00, 0.000000000000000e+00, 6.340624452797518e+04, 1.000000000000000e-10, 1.221012043907969e+09
67, 8.165431104999999e-01, 3.234939560000000e-02, 3.881144601774020e-01, 0.000000000000000e+00, 0.000000000000000e+00, 6.340204754515202e+04, 1.000000000000000e-10, 1.221281739664468e+09
68, 8.135717453000000e-01, 3.273567310000000e-02, 3.878417996242293e-01, 0.000000000000000e+00, 0.000000000000000e+00, 6.335470382532147e+04, 1.000000000000000e-10, 1.222095645735828e+09
69, 8.106003801000000e-01, 3.312195060000000e-02, 3.872991307926341e-01, 0.000000000000000e+00, 0.000000000000000e+00, 6.326227075844831e+04, 1.000000000000000e-10, 1.223753755122063e+09
70, 8.076290148000000e-01, 3.350822810000000e-02, 3.866142596187353e-01, 0.000000000000000e+00, 0.000000000000000e+00, 6.314141399299780e+04, 1.000000000000000e-10, 1.225777342945581e+09
71, 8.046576496000000e-01, 3.389450560000000e-02, 3.859865631702659e-01, 0.000000000000000e+00, 0.000000000000000e+00, 6.302558047585424e+04, 1.000000000000000e-10, 1.227598636421961e+09
72, 8.016862843000000e-01, 3.428078300000000e-02, 3.855244733682062e-01, 0.000000000000000e+00, 0.000000000000000e+00, 6.293822062081767e+04, 1.000000000000000e-10, 1.228839805971903e+09
73, 7.987150113000000e-01, 3.466776800000000e-02, 3.846821888939756e-01, 0.000000000000000e+00, 0.000000000000000e+00, 6.278488251794165e+04, 1.000000000000000e-10, 1.231233730806490e+09
74, 7.957442224000000e-01, 3.505845300000000e-02, 3.839587471704922e-01, 0.000000000000000e+00, 0.000000000000000e+00, 6.267101695802776e+04, 1.000000000000000e-10, 1.233704281544754e+09
75, 7.927731192000000e-01, 3.544673620000000e-02, 3.833501435195786e-01, 0.000000000000000e+00, 0.000000000000000e+00, 6.258302975445246e+04, 1.000000000000000e-10, 1.235848224924430e+09
76, 7.898007096000000e-01, 3.582487200000000e-02, 3.828809732855957e-01, 0.000000000000000e+00, 0.000000000000000e+00, 6.251362163468098e+04, 1.000000000000000e-10, 1.237456761904667e+09
77, 7.868264558000000e-01, 3.618821970000000e-02, 3.826024352207120e-01, 0.000000000000000e+00, 0.000000000000000e+00, 6.246608556046402e+04, 1.000000000000000e-10, 1.238345818826179e+09
78, 7.838510978000000e-01, 3.654242800000000e-02, 3.824388342692701e-01, 0.000000000000000e+00, 0.000000000000000e+00, 6.243328159966625e+04, 1.000000000000000e-10, 1.238775608572863e+09
79, 7.808755783000000e-01, 3.689528040000000e-02, 3.822783256086885e-01, 0.000000000000000e+00, 0.000000000000000e+00, 6.240268193679822e+04, 1.000000000000000e-10, 1.239205365713589e+09
80, 7.779005125000000e-01, 3.725193850000000e-02, 3.822007725281330e-01, 0.000000000000000e+00, 0.000000000000000e+00, 6.240028594565741e+04, 1.000000000000000e-10, 1.239625386022307e+09
81, 7.749254880000001e-01, 3.760894140000000e-02, 3.819522092632117e-01, 0.000000000000000e+00, 0.000000000000000e+00, 6.237189655265027e+04, 1.000000000000000e-10, 1.240622942066437e+09
82, 7.719504636000000e-01, 3.796594440000000e-02, 3.816563503980348e-01, 0.000000000000000e+00, 0.000000000000000e+00, 6.233424613384590e+04, 1.000000000000000e-10, 1.241742509166363e+09
83, 7.689754391000000e-01, 3.832294730000000e-02, 3.813075520695712e-01, 0.000000000000000e+00, 0.000000000000000e+00, 6.227472637443178e+04, 1.000000000000000e-10, 1.242836281219232e+09
84, 7.660004146000000e-01, 3.867995020000000e-02, 3.808811461470577e-01, 0.000000000000000e+00, 0.000000000000000e+00, 6.219017244629838e+04, 1.000000000000000e-10, 1.243981059712170e+09
85, 7.630253902000000e-01, 3.903695320000000e-02, 3.802950133038754e-01, 0.000000000000000e+00, 0.000000000000000e+00, 6.206601242967663e+04, 1.000000000000000e-10, 1.245426297683351e+09
86, 7.600503657000000e-01, 3.939395610000000e-02, 3.792330692341925e-01, 0.000000000000000e+00, 0.000000000000000e+00, 6.186006392836666e+04, 1.000000000000000e-10, 1.248369268539613e+09
87, 7.570757010000000e-01, 3.975394130000000e-02, 3.782728588723318e-01, 0.000000000000000e+00, 0.000000000000000e+00, 6.169216803737958e+04, 1.000000000000000e-10, 1.251349483203421e+09
88, 7.541011654999999e-01, 4.011499540000000e-02, 3.774093532397997e-01, 0.000000000000000e+00, 0.000000000000000e+00, 6.154533458832029e+04, 1.000000000000000e-10, 1.254138830566744e+09
89, 7.511258242000000e-01, 4.046933410000000e-02, 3.766875879255460e-01, 0.000000000000000e+00, 0.000000000000000e+00, 6.142147178606170e+04, 1.000000000000000e-10, 1.256437621057543e+09
90, 7.481488621000000e-01, 4.080977130000000e-02, 3.761935259130977e-01, 0.000000000000000e+00, 0.000000000000000e+00, 6.132857997832388e+04, 1.000000000000000e-10, 1.257859875474852e+09
91, 7.451704939000000e-01, 4.113770130000000e-02, 3.758967772614661e-01, 0.000000000000000e+00, 0.000000000000000e+00, 6.126120735065351e+04, 1.000000000000000e-10, 1.258534047445268e+09
92, 7.421915967000000e-01, 4.146079960000000e-02, 3.756765863822170e-01, 0.000000000000000e+00, 0.000000000000000e+00, 6.120858511370529e+04, 1.000000000000000e-10, 1.258986951199830e+09
93, 7.392129909000000e-01, 4.178657100000000e-02, 3.755005760946306e-01, 0.000000000000000e+00, 0.000000000000000e+00, 6.117341802113982e+04, 1.000000000000000e-10, 1.259466556711223e+09
94, 7.362345880000000e-01, 4.211419530000000e-02, 3.753891334480218e-01, 0.000000000000000e+00, 0.000000000000000e+00, 6.116852448470504e+04, 1.000000000000000e-10, 1.260070660940053e+09
95, 7.332561850000000e-01, 4.244181960000000e-02, 3.750684757837658e-01, 0.000000000000000e+00, 0.000000000000000e+00, 6.112023369969446e+04, 1.000000000000000e-10, 1.261244599894345e+09
96, 7.302777821000001e-01, 4.276944400000000e-02, 3.741751081323421e-01, 0.000000000000000e+00, 0.000000000000000e+00, 6.097326593053946e+04, 1.000000000000000e-10, 1.264232120870142e+09
97, 7.272996700000000e-01, 4.309969770000000e-02, 3.732699996588654e-01, 0.000000000000000e+00, 0.000000000000000e+00, 6.083666570185353e+04, 1.000000000000000e-10, 1.267485318286212e+09
98, 7.243217382000000e-01, 4.343157600000000e-02, 3.723205659349710e-01, 0.000000000000000e+00, 0.000000000000000e+00, 6.068394183631260e+04, 1.000000000000000e-10, 1.270718370269568e+09
99, 7.213431270000000e-01, 4.375728880000000e-02, 3.712979917651931e-01, 0.000000000000000e+00, 0.000000000000000e+00, 6.049655473590908e+04, 1.000000000000000e-10, 1.273857143487100e+09
100, 7.183630640000001e-01, 4.406941800000000e-02, 3.701673723572410e-01, 0.000000000000000e+00, 0.000000000000000e+00, 6.025504268657455e+04, 1.000000000000000e-10, 1.276776324302064e+09
101, 7.153816632000000e-01, 4.436852160000000e-02, 3.688591169180329e-01, 0.000000000000000e+00, 0.000000000000000e+00, 5.995023074839023e+04, 1.000000000000000e-10, 1.279682338857165e+09
102, 7.123997234000000e-01, 4.466221600000000e-02, 3.673944687914337e-01, 0.000000000000000e+00, 0.000000000000000e+00, 5.960633686942568e+04, 1.000000000000000e-10, 1.282825665690984e+09
103, 7.094180101999999e-01, 4.495819900000000e-02, 3.658603474450394e-01, 0.000000000000000e+00, 0.000000000000000e+00, 5.925733184569416e+04, 1.000000000000000e-10, 1.286472944173187e+09
104, 7.064365126000000e-01, 4.525634870000000e-02, 3.642677648278941e-01, 0.000000000000000e+00, 0.000000000000000e+00, 5.891592488880500e+04, 1.000000000000000e-10, 1.290582641750914e+09
105, 7.034550149000000e-01, 4.555449850000000e-02, 3.622245069439077e-01, 0.000000000000000e+00, 0.000000000000000e+00, 5.849282622569719e+04, 1.000000000000000e-10, 1.296120110995601e+09
106, 7.004735172000000e-01, 4.585264830000000e-02, 3.601553708878658e-01, 0.000000000000000e+00, 0.000000000000000e+00, 5.805532763656964e+04, 1.000000000000000e-10, 1.301644667342973e+09
107, 6.974920194999999e-01, 4.615079800000000e-02, 3.576971706404360e-01, 0.000000000000000e+00, 0.000000000000000e+00, 5.752043645807915e+04, 1.000000000000000e-10, 1.307974456353689e+09
108, 6.945105217999999e-01, 4.644894780000000e-02, 3.549274908422683e-01, 0.000000000000000e+00, 0.000000000000000e+00, 5.690468990594822e+04, 1.000000000000000e-10, 1.314928857940135e+09
109, 6.915290242000000e-01, 4.674709760000000e-02, 3.526193461692035e-01, 0.000000000000000e+00, 0.000000000000000e+00, 5.639691032886103e+04, 1.000000000000000e-10, 1.320866096385345e+09
110, 6.885476161000000e-01, 4.704613990000000e-02, 3.504923798744775e-01, 0.000000000000000e+00, 0.000000000000000e+00, 5.595553911196745e+04, 1.000000000000000e-10, 1.326886934267787e+09
111, 6.855665742000000e-01, 4.734881320000000e-02, 3.487714747752723e-01, 0.000000000000000e+00, 0.000000000000000e+00, 5.562589434179477e+04, 1.000000000000000e-10, 1.332340287020789e+09
112, 6.825852395999999e-01, 4.764858270000000e-02, 3.474426712285126e-01, 0.000000000000000e+00, 0.000000000000000e+00, 5.538613323465153e+04, 1.000000000000000e-10, 1.336859576995029e+09
113, 6.796028435000000e-01, 4.793757530000000e-02, 3.466087201252097e-01, 0.000000000000000e+00, 0.000000000000000e+00, 5.523654706902807e+04, 1.000000000000000e-10, 1.339740197507561e+09
114, 6.766190426000001e-01, 4.821169240000000e-02, 3.462961966699817e-01, 0.000000000000000e+00, 0.000000000000000e+00, 5.517220588303211e+04, 1.000000000000000e-10, 1.340657311702225e+09
115, 6.736344527000000e-01, 4.847710350000000e-02, 3.463329964586890e-01, 0.000000000000000e+00, 0.000000000000000e+00, 5.516432218897676e+04, 1.000000000000000e-10, 1.340236942821151e+09
116, 6.706497918000000e-01, 4.874171610000000e-02, 3.464453209191643e-01, 0.000000000000000e+00, 0.000000000000000e+00, 5.517061937704908e+04, 1.000000000000000e-10, 1.339556621612182e+09
117, 6.676654681999999e-01, 4.901010790000000e-02, 3.467244824109495e-01, 0.000000000000000e+00, 0.000000000000000e+00, 5.523335946380722e+04, 1.000000000000000e-10, 1.338848652395065e+09
118, 6.646811620999999e-01, 4.927869540000000e-02, 3.469780440332620e-01, 0.000000000000000e+00, 0.000000000000000e+00, 5.532103208065617e+04, 1.000000000000000e-10, 1.338822390636887e+09
119, 6.616968561000000e-01, 4.954728290000000e-02, 3.475757493522753e-01, 0.000000000000000e+00, 0.000000000000000e+00, 5.549070702950510e+04, 1.000000000000000e-10, 1.338062248043402e+09
120, 6.587126148000000e-01, 4.981658670000000e-02, 3.482241610028550e-01, 0.000000000000000e+00, 0.000000000000000e+00, 5.568600923558931e+04, 1.000000000000000e-10, 1.337403830371117e+09
121, 6.557287142000000e-01, 5.008964140000000e-02, 3.488970468749266e-01, 0.000000000000000e+00, 0.000000000000000e+00, 5.591911764229564e+04, 1.000000000000000e-10, 1.337319350264894e+09
122, 6.527445878000000e-01, 5.036021100000000e-02, 3.496261109716556e-01, 0.000000000000000e+00, 0.000000000000000e+00, 5.616209164141334e+04, 1.000000000000000e-10, 1.337004752786631e+09
123, 6.497595392000000e-01, 5.062038200000000e-02, 3.506796533615875e-01, 0.000000000000000e+00, 0.000000000000000e+00, 5.643858597372986e+04, 1.000000000000000e-10, 1.335099009874157e+09
124, 6.467732199000000e-01, 5.086554410000000e-02, 3.522045281652742e-01, 0.000000000000000e+00, 0.000000000000000e+00, 5.677919055030275e+04, 1.000000000000000e-10, 1.331170590454970e+09
125, 6.437861620000001e-01, 5.110156080000000e-02, 3.539172357197913e-01, 0.000000000000000e+00, 0.000000000000000e+00, 5.715251056571336e+04, 1.000000000000000e-10, 1.326544549294089e+09
126, 6.407990088000000e-01, 5.133637300000000e-02, 3.553134600455308e-01, 0.000000000000000e+00, 0.000000000000000e+00, 5.747919814561037e+04, 1.000000000000000e-10, 1.323263705785763e+09
127, 6.378123096000000e-01, 5.157688470000000e-02, 3.564422453349797e-01, 0.000000000000000e+00, 0.000000000000000e+00, 5.778687878902279e+04, 1.000000000000000e-10, 1.321453971300196e+09
128, 6.348258525000000e-01, 5.182039160000000e-02, 3.576122392270134e-01, 0.000000000000000e+00, 0.000000000000000e+00, 5.812599403258946e+04, 1.000000000000000e-10, 1.319951774555273e+09
129, 6.318390014000000e-01, 5.205900390000000e-02, 3.587313296346506e-01, 0.000000000000000e+00, 0.000000000000000e+00, 5.844684969839711e+04, 1.000000000000000e-10, 1.318428324778649e+09
130, 6.288511656000000e-01, 5.228491860000000e-02, 3.601705814180299e-01, 0.000000000000000e+00, 0.000000000000000e+00, 5.879561017726371e+04, 1.000000000000000e-10, 1.315299570261114e+09
131, 6.258622963000000e-01, 5.249674920000000e-02, 3.619364254257522e-01, 0.000000000000000e+00, 0.000000000000000e+00, 5.917550177754116e+04, 1.000000000000000e-10, 1.310544223494048e+09
132, 6.228729552000000e-01, 5.270183440000000e-02, 3.634129501400234e-01, 0.000000000000000e+00, 0.000000000000000e+00, 5.948791329759842e+04, 1.000000000000000e-10, 1.306508225726267e+09
133, 6.198836982000000e-01, 5.290814110000000e-02, 3.647626033741725e-01, 0.000000000000000e+00, 0.000000000000000e+00, 5.977683857466342e+04, 1.000000000000000e-10, 1.302876777774790e+09
134, 6.168946444000000e-01, 5.311737490000000e-02, 3.658974714687887e-01, 0.000000000000000e+00, 0.000000000000000e+00, 6.003672145779849e+04, 1.000000000000000e-10, 1.300174089665363e+09
135, 6.139055905000000e-01, 5.332660870000000e-02, 3.667422719356594e-01, 0.000000000000000e+00, 0.000000000000000e+00, 6.023812368053990e+04, 1.000000000000000e-10, 1.298297365442018e+09
136, 6.109165367000000e-01, 5.353584240000000e-02, 3.670957450948144e-01, 0.000000000000000e+00, 0.000000000000000e+00, 6.034782122494094e+04, 1.000000000000000e-10, 1.297963941389278e+09
137, 6.079276023000000e-01, 5.374677020000000e-02, 3.675419258881803e-01, 0.000000000000000e+00, 0.000000000000000e+00, 6.049269443886209e+04, 1.000000000000000e-10, 1.297615373625680e+09
138, 6.049388740000000e-01, 5.396060430000000e-02, 3.678065747467971e-01, 0.000000000000000e+00, 0.000000000000000e+00, 6.062623383002099e+04, 1.000000000000000e-10, 1.298322308450632e+09
139, 6.019498206000000e-01, 5.416983050000000e-02, 3.680291605839417e-01, 0.000000000000000e+00, 0.000000000000000e+00, 6.074928791964342e+04, 1.000000000000000e-10, 1.299059915112410e+09
140, 5.989599226000000e-01, 5.436657950000000e-02, 3.684455680141590e-01, 0.000000000000000e+00, 0.000000000000000e+00, 6.088197743637396e+04, 1.000000000000000e-10, 1.298708358010066e+09
141, 5.959691164000001e-01, 5.454903410000000e-02, 3.690263550072059e-01, 0.000000000000000e+00, 0.000000000000000e+00, 6.101349289434682e+04, 1.000000000000000e-10, 1.297271767035645e+09
142, 5.929778870000000e-01, 5.472444030000000e-02, 3.694882662182457e-01, 0.000000000000000e+00, 0.000000000000000e+00, 6.111200733448221e+04, 1.000000000000000e-10, 1.296060865062146e+09
143, 5.899867137000000e-01, 5.490079730000000e-02, 3.695969586480224e-01, 0.000000000000000e+00, 0.000000000000000e+00, 6.113992952670375e+04, 1.000000000000000e-10, 1.295853370205522e+09
144, 5.869959152999999e-01, 5.508340180000000e-02, 3.695113463754472e-01, 0.000000000000000e+00, 0.000000000000000e+00, 6.115238664518170e+04, 1.000000000000000e-10, 1.296618584125909e+09
145, 5.840051705000000e-01, 5.526688670000000e-02, 3.693177632780870e-01, 0.000000000000000e+00, 0.000000000000000e+00, 6.115385143502178e+04, 1.000000000000000e-10, 1.297909402459473e+09
146, 5.810139992000000e-01, 5.544325400000000e-02, 3.691914274116696e-01, 0.000000000000000e+00, 0.000000000000000e+00, 6.115773137650930e+04, 1.000000000000000e-10, 1.298787302012385e+09
147, 5.780220176999999e-01, 5.560526350000000e-02, 3.692127152616512e-01, 0.000000000000000e+00, 0.000000000000000e+00, 6.116356589036875e+04, 1.000000000000000e-10, 1.298745360682852e+09
148, 5.750293853000000e-01, 5.575481730000000e-02, 3.692802462600819e-01, 0.000000000000000e+00, 0.000000000000000e+00, 6.115715412880516e+04, 1.000000000000000e-10, 1.298200201418155e+09
149, 5.720365281000001e-01, 5.589982500000000e-02, 3.692952432566063e-01, 0.000000000000000e+00, 0.000000000000000e+00, 6.112804657414288e+04, 1.000000000000000e-10, 1.297576730026071e+09
150, 5.690438169000001e-01, 5.604780920000000e-02, 3.691650843298611e-01, 0.000000000000000e+00, 0.000000000000000e+00, 6.108339223338991e+04, 1.000000000000000e-10, 1.297633547322110e+09
151, 5.660511873000000e-01, 5.619744060000000e-02, 3.689482128389126e-01, 0.000000000000000e+00, 0.000000000000000e+00, 6.103749087731183e+04, 1.000000000000000e-10, 1.298220796820776e+09
152, 5.630585577000000e-01, 5.634707210000000e-02, 3.683170879942341e-01, 0.000000000000000e+00, 0.000000000000000e+00, 6.090641017772606e+04, 1.000000000000000e-10, 1.299978990493605e+09
153, 5.600659280000000e-01, 5.649670360000000e-02, 3.671686866219082e-01, 0.000000000000000e+00, 0.000000000000000e+00, 6.068208852954776e+04, 1.000000000000000e-10, 1.303435844026729e+09
154, 5.570734513000000e-01, 5.664935650000000e-02, 3.660295319846387e-01, 0.000000000000000e+00, 0.000000000000000e+00, 6.047693909071419e+04, 1.000000000000000e-10, 1.307191709636773e+09
155, 5.540810301000000e-01, 5.680309730000000e-02, 3.650104651311127e-01, 0.000000000000000e+00, 0.000000000000000e+00, 6.029694390613901e+04, 1.000000000000000e-10, 1.310617297628298e+09
156, 5.510882624000000e-01, 5.694990830000000e-02, 3.642592988533925e-01, 0.000000000000000e+00, 0.000000000000000e+00, 6.015732895541048e+04, 1.000000000000000e-10, 1.313040691017046e+09
157, 5.480948308000000e-01, 5.708244870000000e-02, 3.638465823256454e-01, 0.000000000000000e+00, 0.000000000000000e+00, 6.005871383230233e+04, 1.000000000000000e-10, 1.314005607969168e+09
158, 5.451008633000000e-01, 5.720233900000000e-02, 3.636944865475185e-01, 0.000000000000000e+00, 0.000000000000000e+00, 5.998896415841125e+04, 1.000000000000000e-10, 1.313749167394379e+09
159, 5.421067085000000e-01, 5.731748330000000e-02, 3.635960532151101e-01, 0.000000000000000e+00, 0.000000000000000e+00, 5.993044272625614e+04, 1.000000000000000e-10, 1.313321437961271e+09
160, 5.391126656000000e-01, 5.743549340000000e-02, 3.634503643303613e-01, 0.000000000000000e+00, 0.000000000000000e+00, 5.988302549186969e+04, 1.000000000000000e-10, 1.313450965353000e+09
161, 5.361186917000000e-01, 5.755525230000000e-02, 3.632843706659200e-01, 0.000000000000000e+00, 0.000000000000000e+00, 5.984854700185936e+04, 1.000000000000000e-10, 1.313922036828429e+09
162, 5.331247178000000e-01, 5.767501130000000e-02, 3.627285507157941e-01, 0.000000000000000e+00, 0.000000000000000e+00, 5.974249994791677e+04, 1.000000000000000e-10, 1.315642997575562e+09
163, 5.301307440000000e-01, 5.779477020000000e-02, 3.617598988608656e-01, 0.000000000000000e+00, 0.000000000000000e+00, 5.955928098323054e+04, 1.000000000000000e-10, 1.318733335538182e+09
164, 5.271368887000000e-01, 5.791744960000000e-02, 3.608310714691073e-01, 0.000000000000000e+00, 0.000000000000000e+00, 5.939767421236037e+04, 1.000000000000000e-10, 1.321968449905736e+09
165, 5.241430848000000e-01, 5.804138270000000e-02, 3.600103835720811e-01, 0.000000000000000e+00, 0.000000000000000e+00, 5.925770722763531e+04, 1.000000000000000e-10, 1.324867045875654e+09
166, 5.211490097000000e-01, 5.815854030000000e-02, 3.594156847069283e-01, 0.000000000000000e+00, 0.000000000000000e+00, 5.914993951275054e+04, 1.000000000000000e-10, 1.326908895266834e+09
167, 5.181544149000000e-01, 5.826150360000000e-02, 3.590599010525419e-01, 0.000000000000000e+00, 0.000000000000000e+00, 5.906257999453221e+04, 1.000000000000000e-10, 1.327707978686911e+09
168, 5.151594046000000e-01, 5.835166060000000e-02, 3.588788638005203e-01, 0.000000000000000e+00, 0.000000000000000e+00, 5.898508900853137e+04, 1.000000000000000e-10, 1.327491760142627e+09
169, 5.121642494000000e-01, 5.843690760000000e-02, 3.587115483313175e-01, 0.000000000000000e+00, 0.000000000000000e+00, 5.890607587877649e+04, 1.000000000000000e-10, 1.327073545021566e+09
170, 5.091691748000000e-01, 5.852492480000000e-02, 3.584383027855852e-01, 0.000000000000000e+00, 0.000000000000000e+00, 5.882240931036578e+04, 1.000000000000000e-10, 1.327409412837378e+09
171, 5.061741541000000e-01, 5.861477540000000e-02, 3.579767568512053e-01, 0.000000000000000e+00, 0.000000000000000e+00, 5.871914917114261e+04, 1.000000000000000e-10, 1.328634454311087e+09
172, 5.031791335000000e-01, 5.870462600000000e-02, 3.569740613977659e-01, 0.000000000000000e+00, 0.000000000000000e+00, 5.851618329023902e+04, 1.000000000000000e-10, 1.331644704347931e+09
173, 5.001841129000000e-01, 5.879447660000000e-02, 3.554292876169288e-01, 0.000000000000000e+00, 0.000000000000000e+00, 5.820616594848436e+04, 1.000000000000000e-10, 1.336316973746803e+09
174, 4.971891791000000e-01, 5.888716460000000e-02, 3.538700676732449e-01, 0.000000000000000e+00, 0.000000000000000e+00, 5.790301041118325e+04, 1.000000000000000e-10, 1.341290105670936e+09
175, 4.941942883000000e-01, 5.898124000000000e-02, 3.524258836038978e-01, 0.000000000000000e+00, 0.000000000000000e+00, 5.762279002062645e+04, 1.000000000000000e-10, 1.345934545379704e+09
176, 4.911991976000000e-01, 5.906866820000000e-02, 3.513607631553480e-01, 0.000000000000000e+00, 0.000000000000000e+00, 5.740074482813568e+04, 1.000000000000000e-10, 1.349128693798000e+09
177, 4.882037299000000e-01, 5.914197000000000e-02, 3.506856147863466e-01, 0.000000000000000e+00, 0.000000000000000e+00, 5.722918660261203e+04, 1.000000000000000e-10, 1.350537710953490e+09
178, 4.852079712000000e-01, 5.920233930000000e-02, 3.503237030254627e-01, 0.000000000000000e+00, 0.000000000000000e+00, 5.710014825634466e+04, 1.000000000000000e-10, 1.350564341303687e+09
179, 4.822121140000000e-01, 5.925766320000000e-02, 3.500306609881695e-01, 0.000000000000000e+00, 0.000000000000000e+00, 5.699172471825648e+04, 1.000000000000000e-10, 1.350474032501765e+09
180, 4.792163079000000e-01, 5.931567380000000e-02, 3.496580180552941e-01, 0.000000000000000e+00, 0.000000000000000e+00, 5.689111453605555e+04, 1.000000000000000e-10, 1.351128559886056e+09
181, 4.762205389000000e-01, 5.937558920000000e-02, 3.491386621540091e-01, 0.000000000000000e+00, 0.000000000000000e+00, 5.678166774951339e+04, 1.000000000000000e-10, 1.352642611427142e+09
182, 4.732247699000000e-01, 5.943550460000000e-02, 3.483673109254472e-01, 0.000000000000000e+00, 0.000000000000000e+00, 5.662806949979156e+04, 1.000000000000000e-10, 1.355109389712714e+09
183, 4.702290009000000e-01, 5.949542000000000e-02, 3.475719025312860e-01, 0.000000000000000e+00, 0.000000000000000e+00, 5.648099143003304e+04, 1.000000000000000e-10, 1.357856676704439e+09
184, 4.672332890000000e-01, 5.955810270000000e-02, 3.470006202177049e-01, 0.000000000000000e+00, 0.000000000000000e+00, 5.639312722459400e+04, 1.000000000000000e-10, 1.360205970339118e+09
185, 4.642376084000000e-01, 5.962228340000000e-02, 3.466163677211564e-01, 0.000000000000000e+00, 0.000000000000000e+00, 5.635323486610156e+04, 1.000000000000000e-10, 1.362165135953909e+09
186, 4.612417964000000e-01, 5.967992670000000e-02, 3.464984218306616e-01, 0.000000000000000e+00, 0.000000000000000e+00, 5.634716118430808e+04, 1.000000000000000e-10, 1.362882875482118e+09
187, 4.582457490000000e-01, 5.972350630000000e-02, 3.467921670432739e-01, 0.000000000000000e+00, 0.000000000000000e+00, 5.639029981682780e+04, 1.000000000000000e-10, 1.361610055982818e+09
188, 4.552495377000000e-01, 5.975405020000000e-02, 3.475405156407494e-01, 0.000000000000000e+00, 0.000000000000000e+00, 5.651365872539432e+04, 1.000000000000000e-10, 1.358702960083770e+09
189, 4.522532772000000e-01, 5.977943380000000e-02, 3.485467905252925e-01, 0.000000000000000e+00, 0.000000000000000e+00, 5.669721287463087e+04, 1.000000000000000e-10, 1.355174414749039e+09
190, 4.492570403000000e-01, 5.980742960000000e-02, 3.495524684168142e-01, 0.000000000000000e+00, 0.000000000000000e+00, 5.691594972943210e+04, 1.000000000000000e-10, 1.352359781536810e+09
191, 4.462608221000000e-01, 5.983739180000000e-02, 3.504488631222095e-01, 0.000000000000000e+00, 0.000000000000000e+00, 5.714752635747913e+04, 1.000000000000000e-10, 1.350600279286345e+09
192, 4.432646038000000e-01, 5.986735400000000e-02, 3.511962778127071e-01, 0.000000000000000e+00, 0.000000000000000e+00, 5.734643845968160e+04, 1.000000000000000e-10, 1.349224646880453e+09
193, 4.402683855000000e-01, 5.989731610000000e-02, 3.519039381380631e-01, 0.000000000000000e+00, 0.000000000000000e+00, 5.751446349530503e+04, 1.000000000000000e-10, 1.347473808479440e+09
194, 4.372721672000000e-01, 5.992727830000000e-02, 3.525862096566700e-01, 0.000000000000000e+00, 0.000000000000000e+00, 5.766108224705535e+04, 1.000000000000000e-10, 1.345544041570102e+09
195, 4.342759490000000e-01, 5.995724050000000e-02, 3.532324531199924e-01, 0.000000000000000e+00, 0.000000000000000e+00, 5.779649528992252e+04, 1.000000000000000e-10, 1.343701281176764e+09
196, 4.312797307000000e-01, 5.998720270000000e-02, 3.537760257695168e-01, 0.000000000000000e+00, 0.000000000000000e+00, 5.791800888266300e+04, 1.000000000000000e-10, 1.342260408519235e+09
197, 4.282835251000000e-01, 6.001838500000000e-02, 3.543224454023740e-01, 0.000000000000000e+00, 0.000000000000000e+00, 5.805770009497167e+04, 1.000000000000000e-10, 1.341127285863562e+09
198, 4.252873570000000e-01, 6.005299780000000e-02, 3.547711555911911e-01, 0.000000000000000e+00, 0.000000000000000e+00, 5.820520149959200e+04, 1.000000000000000e-10, 1.340839816437251e+09
199, 4.222911490000000e-01, 6.008389620000000e-02, 3.552866800278555e-01, 0.000000000000000e+00, 0.000000000000000e+00, 5.837136870199913e+04, 1.000000000000000e-10, 1.340441076525656e+09
200, 4.192948456000000e-01, 6.010304610000000e-02, 3.561162649785691e-01, 0.000000000000000e+00, 0.000000000000000e+00, 5.857309948894099e+04, 1.000000000000000e-10, 1.338584572829966e+09
201, 4.162984826000000e-01, 6.010734210000000e-02, 3.573266212203307e-01, 0.000000000000000e+00, 0.000000000000000e+00, 5.882003554938929e+04, 1.000000000000000e-10, 1.334913734531390e+09
202, 4.133021170000000e-01, 6.010365170000000e-02, 3.585712393591721e-01, 0.000000000000000e+00, 0.000000000000000e+00, 5.906571183320128e+04, 1.000000000000000e-10, 1.331038590772441e+09
203, 4.103057513000000e-01, 6.010004530000000e-02, 3.595823582964929e-01, 0.000000000000000e+00, 0.000000000000000e+00, 5.927558509357869e+04, 1.000000000000000e-10, 1.328096240484019e+09
204, 4.073093833000000e-01, 6.010000000000000e-02, 3.602723740302414e-01, 0.000000000000000e+00, 0.000000000000000e+00, 5.943404477128388e+04, 1.000000000000000e-10, 1.326375405565569e+09
205, 4.043130152000000e-01, 6.010000000000000e-02, 3.607260515272115e-01, 0.000000000000000e+00, 0.000000000000000e+00, 5.954513140638940e+04, 1.000000000000000e-10, 1.325372320898564e+09
206, 4.013166471000000e-01, 6.010000000000000e-02, 3.609471593488809e-01, 0.000000000000000e+00, 0.000000000000000e+00, 5.960161714519167e+04, 1.000000000000000e-10, 1.324926675449013e+09
207, 3.983202790000000e-01, 6.010000000000000e-02, 3.609625885715940e-01, 0.000000000000000e+00, 0.000000000000000e+00, 5.961612887892831e+04, 1.000000000000000e-10, 1.325089223449439e+09
208, 3.953239109000000e-01, 6.010000000000000e-02, 3.608802624395542e-01, 0.000000000000000e+00, 0.000000000000000e+00, 5.960851384629157e+04, 1.000000000000000e-10, 1.325501141554885e+09
209, 3.923275428000000e-01, 6.010000000000000e-02, 3.606378840932075e-01, 0.000000000000000e+00, 0.000000000000000e+00, 5.957047225570639e+04, 1.000000000000000e-10, 1.326428567794764e+09
210, 3.893311748000000e-01, 6.010020870000000e-02, 3.601717610421212e-01, 0.000000000000000e+00, 0.000000000000000e+00, 5.949359287228049e+04, 1.000000000000000e-10, 1.328147221161371e+09
211, 3.863348096000000e-01, 6.010425500000000e-02, 3.595215916750296e-01, 0.000000000000000e+00, 0.000000000000000e+00, 5.939110918139367e+04, 1.000000000000000e-10, 1.330639782467705e+09
212, 3.833384435000000e-01, 6.010740740000000e-02, 3.588365481459239e-01, 0.000000000000000e+00, 0.000000000000000e+00, 5.928369417881939e+04, 1.000000000000000e-10, 1.333286483468084e+09
213, 3.803420834000000e-01, 6.010159540000000e-02, 3.583481860926313e-01, 0.000000000000000e+00, 0.000000000000000e+00, 5.920102188735511e+04, 1.000000000000000e-10, 1.335070672379638e+09
214, 3.773457918000000e-01, 6.008061910000000e-02, 3.581510359358734e-01, 0.000000000000000e+00, 0.000000000000000e+00, 5.914783223377173e+04, 1.000000000000000e-10, 1.335421914038613e+09
215, 3.743495929000000e-01, 6.004884090000000e-02, 3.581599102383903e-01, 0.000000000000000e+00, 0.000000000000000e+00, 5.911662794049292e+04, 1.000000000000000e-10, 1.334779664574760e+09
216, 3.713534236000000e-01, 6.001432620000000e-02, 3.581874530032315e-01, 0.000000000000000e+00, 0.000000000000000e+00, 5.909985358436860e+04, 1.000000000000000e-10, 1.334280234041060e+09
217, 3.683572136000000e-01, 5.998357210000000e-02, 3.581149120829469e-01, 0.000000000000000e+00, 0.000000000000000e+00, 5.908207297491468e+04, 1.000000000000000e-10, 1.334442296809116e+09
218, 3.653609953000000e-01, 5.995361000000000e-02, 3.579820038399388e-01, 0.000000000000000e+00, 0.000000000000000e+00, 5.906279330985832e+04, 1.000000000000000e-10, 1.335011058428307e+09
219, 3.623647770000000e-01, 5.992364780000000e-02, 3.577475838927980e-01, 0.000000000000000e+00, 0.000000000000000e+00, 5.902579352970767e+04, 1.000000000000000e-10, 1.335917132162549e+09
220, 3.593685587000000e-01, 5.989368560000000e-02, 3.573616682774256e-01, 0.000000000000000e+00, 0.000000000000000e+00, 5.895157165044665e+04, 1.000000000000000e-10, 1.337162536201990e+09
221, 3.563723404000000e-01, 5.986372340000000e-02, 3.568401174377269e-01, 0.000000000000000e+00, 0.000000000000000e+00, 5.883328703283935e+04, 1.000000000000000e-10, 1.338512019462073e+09
222, 3.533761221000000e-01, 5.983376120000000e-02, 3.560596515586711e-01, 0.000000000000000e+00, 0.000000000000000e+00, 5.865186898808405e+04, 1.000000000000000e-10, 1.340409689091460e+09
223, 3.503799039000000e-01, 5.980379900000000e-02, 3.550922804304538e-01, 0.000000000000000e+00, 0.000000000000000e+00, 5.844570893400971e+04, 1.000000000000000e-10, 1.343174051357649e+09
224, 3.473836618000000e-01, 5.977636380000000e-02, 3.540677635573312e-01, 0.000000000000000e+00, 0.000000000000000e+00, 5.825463497471705e+04, 1.000000000000000e-10, 1.346650818645251e+09
225, 3.443874030000000e-01, 5.975078450000000e-02, 3.532079883702747e-01, 0.000000000000000e+00, 0.000000000000000e+00, 5.810748183219151e+04, 1.000000000000000e-10, 1.349855656294818e+09
226, 3.413912043000000e-01, 5.971906720000000e-02, 3.527764107675815e-01, 0.000000000000000e+00, 0.000000000000000e+00, 5.803804244423493e+04, 1.000000000000000e-10, 1.351537025597527e+09
227, 3.383951856000000e-01, 5.967355900000000e-02, 3.526963312120188e-01, 0.000000000000000e+00, 0.000000000000000e+00, 5.802042535156782e+04, 1.000000000000000e-10, 1.351689076958262e+09
228, 3.353993970000000e-01, 5.961469410000000e-02, 3.528110861145000e-01, 0.000000000000000e+00, 0.000000000000000e+00, 5.802939196328382e+04, 1.000000000000000e-10, 1.351135776448218e+09
229, 3.324037216000000e-01, 5.955026900000000e-02, 3.529719114235746e-01, 0.000000000000000e+00, 0.000000000000000e+00, 5.805316424682680e+04, 1.000000000000000e-10, 1.350468719339635e+09
230, 3.294079977000000e-01, 5.948816000000000e-02, 3.530480482644890e-01, 0.000000000000000e+00, 0.000000000000000e+00, 5.807872861291273e+04, 1.000000000000000e-10, 1.350427696216938e+09
231, 3.264122288000000e-01, 5.942824460000000e-02, 3.528833646512307e-01, 0.000000000000000e+00, 0.000000000000000e+00, 5.807562664393074e+04, 1.000000000000000e-10, 1.351507049894356e+09
232, 3.234164598000000e-01, 5.936832920000000e-02, 3.527245991905051e-01, 0.000000000000000e+00, 0.000000000000000e+00, 5.806344153704629e+04, 1.000000000000000e-10, 1.352348681995895e+09
233, 3.204206908000000e-01, 5.930841380000000e-02, 3.526007648000918e-01, 0.000000000000000e+00, 0.000000000000000e+00, 5.804051763820188e+04, 1.000000000000000e-10, 1.352774813903522e+09
234, 3.174249218000000e-01, 5.924849840000000e-02, 3.521715382268509e-01, 0.000000000000000e+00, 0.000000000000000e+00, 5.794489558745530e+04, 1.000000000000000e-10, 1.353942294728989e+09
235, 3.144291528000000e-01, 5.918858310000000e-02, 3.516844308037754e-01, 0.000000000000000e+00, 0.000000000000000e+00, 5.782270930033473e+04, 1.000000000000000e-10, 1.355014561532831e+09
236, 3.114333838000000e-01, 5.912866770000000e-02, 3.512423200999323e-01, 0.000000000000000e+00, 0.000000000000000e+00, 5.771887327706818e+04, 1.000000000000000e-10, 1.356116265668059e+09
237, 3.084375946000000e-01, 5.906978170000000e-02, 3.507985938882492e-01, 0.000000000000000e+00, 0.000000000000000e+00, 5.763653940825499e+04, 1.000000000000000e-10, 1.357635868934049e+09
238, 3.054417368000000e-01, 5.901448810000000e-02, 3.504236858554751e-01, 0.000000000000000e+00, 0.000000000000000e+00, 5.759151501501658e+04, 1.000000000000000e-10, 1.359412790951939e+09
239, 3.024459424000000e-01, 5.895589760000000e-02, 3.501307879741760e-01, 0.000000000000000e+00, 0.000000000000000e+00, 5.758080085405979e+04, 1.000000000000000e-10, 1.361309106709663e+09
240, 2.994503937000000e-01, 5.888596610000000e-02, 3.500170240557302e-01, 0.000000000000000e+00, 0.000000000000000e+00, 5.758751970461591e+04, 1.000000000000000e-10, 1.362247871994194e+09
241, 2.964552315000000e-01, 5.880104250000000e-02, 3.501014007370113e-01, 0.000000000000000e+00, 0.000000000000000e+00, 5.760471047290104e+04, 1.000000000000000e-10, 1.361992326770190e+09
242, 2.934603172000000e-01, 5.870772480000000e-02, 3.501935716678354e-01, 0.000000000000000e+00, 0.000000000000000e+00, 5.762177394548020e+04, 1.000000000000000e-10, 1.361670852606030e+09
243, 2.904654134000000e-01, 5.861406570000000e-02, 3.503598238341142e-01, 0.000000000000000e+00, 0.000000000000000e+00, 5.766317278837626e+04, 1.000000000000000e-10, 1.361271079103711e+09
244, 2.874703256000000e-01, 5.852650000000000e-02, 3.503999380909414e-01, 0.000000000000000e+00, 0.000000000000000e+00, 5.770584717401293e+04, 1.000000000000000e-10, 1.361818427656435e+09
245, 2.844751753000000e-01, 5.844108520000000e-02, 3.503442198743437e-01, 0.000000000000000e+00, 0.000000000000000e+00, 5.775511457948962e+04, 1.000000000000000e-10, 1.363177744247511e+09
246, 2.814802001000000e-01, 5.834977820000000e-02, 3.505245030507929e-01, 0.000000000000000e+00, 0.000000000000000e+00, 5.783307015669715e+04, 1.000000000000000e-10, 1.363414921516398e+09
247, 2.784856726000000e-01, 5.824487900000000e-02, 3.510962903178864e-01, 0.000000000000000e+00, 0.000000000000000e+00, 5.794991756217247e+04, 1.000000000000000e-10, 1.361630494053066e+09
248, 2.754916466000000e-01, 5.812646400000000e-02, 3.519393512696216e-01, 0.000000000000000e+00, 0.000000000000000e+00, 5.809874552612251e+04, 1.000000000000000e-10, 1.358578841983951e+09
249, 2.724978541000000e-01, 5.800225460000000e-02, 3.528080202914793e-01, 0.000000000000000e+00, 0.000000000000000e+00, 5.825612963522652e+04, 1.000000000000000e-10, 1.355501987654218e+09
250, 2.695039750000000e-01, 5.788015900000000e-02, 3.533540569185552e-01, 0.000000000000000e+00, 0.000000000000000e+00, 5.837167227619922e+04, 1.000000000000000e-10, 1.353868179699793e+09
251, 2.665100011000000e-01, 5.776040000000000e-02, 3.535247313107240e-01, 0.000000000000000e+00, 0.000000000000000e+00, 5.842695919415438e+04, 1.000000000000000e-10, 1.353731888408351e+09
252, 2.635160273000000e-01, 5.764064110000000e-02, 3.536307608527295e-01, 0.000000000000000e+00, 0.000000000000000e+00, 5.846628897153884e+04, 1.000000000000000e-10, 1.353731235487936e+09
253, 2.605220534000000e-01, 5.752088210000000e-02, 3.536361344150327e-01, 0.000000000000000e+00, 0.000000000000000e+00, 5.847393439654858e+04, 1.000000000000000e-10, 1.353839568657568e+09
254, 2.575280795000000e-01, 5.740112320000000e-02, 3.535400988566495e-01, 0.000000000000000e+00, 0.000000000000000e+00, 5.845775993225748e+04, 1.000000000000000e-10, 1.354201696043188e+09
255, 2.545341057000000e-01, 5.728136420000000e-02, 3.533324628258774e-01, 0.000000000000000e+00, 0.000000000000000e+00, 5.841221356349311e+04, 1.000000000000000e-10, 1.354798359604292e+09
256, 2.515401318000000e-01, 5.716160530000000e-02, 3.527546673900365e-01, 0.000000000000000e+00, 0.000000000000000e+00, 5.829562762251007e+04, 1.000000000000000e-10, 1.356613507479963e+09
257, 2.485461222000000e-01, 5.704274810000000e-02, 3.519240534001672e-01, 0.000000000000000e+00, 0.000000000000000e+00, 5.814431108401917e+04, 1.000000000000000e-10, 1.359520112465621e+09
258, 2.455519687000000e-01, 5.692757100000000e-02, 3.506930203280568e-01, 0.000000000000000e+00, 0.000000000000000e+00, 5.793477841749778e+04, 1.000000000000000e-10, 1.364183304057558e+09
259, 2.425579324000000e-01, 5.680940080000000e-02, 3.493528832847602e-01, 0.000000000000000e+00, 0.000000000000000e+00, 5.771339663284550e+04, 1.000000000000000e-10, 1.369435444496376e+09
260, 2.395643498000000e-01, 5.668030080000000e-02, 3.482975212911009e-01, 0.000000000000000e+00, 0.000000000000000e+00, 5.753129044408731e+04, 1.000000000000000e-10, 1.373432250429497e+09
261, 2.365712773000000e-01, 5.653982940000000e-02, 3.477713101944452e-01, 0.000000000000000e+00, 0.000000000000000e+00, 5.742574130753664e+04, 1.000000000000000e-10, 1.375091941093827e+09
262, 2.335786376000000e-01, 5.639042170000000e-02, 3.477197186941852e-01, 0.000000000000000e+00, 0.000000000000000e+00, 5.740037719988317e+04, 1.000000000000000e-10, 1.374939384302683e+09
263, 2.305864572000000e-01, 5.623208320000000e-02, 3.478326288372813e-01, 0.000000000000000e+00, 0.000000000000000e+00, 5.741060320389158e+04, 1.000000000000000e-10, 1.374411759943329e+09
264, 2.275948873000000e-01, 5.606262990000000e-02, 3.481125356872962e-01, 0.000000000000000e+00, 0.000000000000000e+00, 5.744331593373907e+04, 1.000000000000000e-10, 1.373040899614722e+09
265, 2.246039719000000e-01, 5.588195720000000e-02, 3.484193492453089e-01, 0.000000000000000e+00, 0.000000000000000e+00, 5.747018907322647e+04, 1.000000000000000e-10, 1.371352490739661e+09
266, 2.216132630000000e-01, 5.569788720000000e-02, 3.486222071299465e-01, 0.000000000000000e+00, 0.000000000000000e+00, 5.747885468133433e+04, 1.000000000000000e-10, 1.370067238797336e+09
267, 2.186223396000000e-01, 5.551734040000000e-02, 3.486171660059966e-01, 0.000000000000000e+00, 0.000000000000000e+00, 5.746394564376804e+04, 1.000000000000000e-10, 1.369826405538605e+09
268, 2.156313504000000e-01, 5.533788100000000e-02, 3.481357807420388e-01, 0.000000000000000e+00, 0.000000000000000e+00, 5.737334667118307e+04, 1.000000000000000e-10, 1.371498761448240e+09
269, 2.126403613000000e-01, 5.515842170000000e-02, 3.474640199556148e-01, 0.000000000000000e+00, 0.000000000000000e+00, 5.725789276738243e+04, 1.000000000000000e-10, 1.374034432122561e+09
270, 2.096493686000000e-01, 5.497902140000000e-02, 3.466761105393217e-01, 0.000000000000000e+00, 0.000000000000000e+00, 5.712662862225452e+04, 1.000000000000000e-10, 1.377117911400668e+09
271, 2.066581632000000e-01, 5.480320770000000e-02, 3.457323598980499e-01, 0.000000000000000e+00, 0.000000000000000e+00, 5.696995201249699e+04, 1.000000000000000e-10, 1.380853828181237e+09
272, 2.036669592000000e-01, 5.462737120000000e-02, 3.450544659750446e-01, 0.000000000000000e+00, 0.000000000000000e+00, 5.686707157177028e+04, 1.000000000000000e-10, 1.383731545930997e+09
273, 2.006762392000000e-01, 5.444351370000000e-02, 3.445458204686869e-01, 0.000000000000000e+00, 0.000000000000000e+00, 5.678461230978543e+04, 1.000000000000000e-10, 1.385817160178389e+09
274, 1.976864651000000e-01, 5.424488690000000e-02, 3.442414626803187e-01, 0.000000000000000e+00, 0.000000000000000e+00, 5.671226324646160e+04, 1.000000000000000e-10, 1.386569220226676e+09
275, 1.946974808000000e-01, 5.403467400000000e-02, 3.440343135932722e-01, 0.000000000000000e+00, 0.000000000000000e+00, 5.663705165202841e+04, 1.000000000000000e-10, 1.386586989221616e+09
276, 1.917087537000000e-01, 5.382082320000000e-02, 3.437569438292362e-01, 0.000000000000000e+00, 0.000000000000000e+00, 5.655859139683250e+04, 1.000000000000000e-10, 1.387064573386077e+09
277, 1.887197351000000e-01, 5.361109610000000e-02, 3.432715168902947e-01, 0.000000000000000e+00, 0.000000000000000e+00, 5.646929703890474e+04, 1.000000000000000e-10, 1.388834768792525e+09
278, 1.857303707000000e-01, 5.340634910000000e-02, 3.426740220648268e-01, 0.000000000000000e+00, 0.000000000000000e+00, 5.638393823656587e+04, 1.000000000000000e-10, 1.391519675145269e+09
279, 1.827411789000000e-01, 5.319910420000000e-02, 3.420947336482628e-01, 0.000000000000000e+00, 0.000000000000000e+00, 5.632003592400581e+04, 1.000000000000000e-10, 1.394482389414044e+09
280, 1.797527313000000e-01, 5.298142430000000e-02, 3.417194329788726e-01, 0.000000000000000e+00, 0.000000000000000e+00, 5.628578142991858e+04, 1.000000000000000e-10, 1.396582442899633e+09
281, 1.767651486000000e-01, 5.275215400000000e-02, 3.415982482007877e-01, 0.000000000000000e+00, 0.000000000000000e+00, 5.628264931326131e+04, 1.000000000000000e-10, 1.397433496118277e+09
282, 1.737782598000000e-01, 5.251401450000000e-02, 3.416895149890272e-01, 0.000000000000000e+00, 0.000000000000000e+00, 5.631202681733416e+04, 1.000000000000000e-10, 1.397353702059869e+09
283, 1.707920907000000e-01, 5.226701400000000e-02, 3.420371510737276e-01, 0.000000000000000e+00, 0.000000000000000e+00, 5.638525080485515e+04, 1.000000000000000e-10, 1.396258815839620e+09
284, 1.678068289000000e-01, 5.200929790000000e-02, 3.425587981040646e-01, 0.000000000000000e+00, 0.000000000000000e+00, 5.648024832523509e+04, 1.000000000000000e-10, 1.394303831963107e+09
285, 1.648225830000000e-01, 5.174005310000000e-02, 3.429748383424670e-01, 0.000000000000000e+00, 0.000000000000000e+00, 5.654924760672058e+04, 1.000000000000000e-10, 1.392620689121471e+09
286, 1.618386948000000e-01, 5.146686210000000e-02, 3.432217549224446e-01, 0.000000000000000e+00, 0.000000000000000e+00, 5.659359999314139e+04, 1.000000000000000e-10, 1.391730897779094e+09
287, 1.588544609000000e-01, 5.119748250000000e-02, 3.433156095363314e-01, 0.000000000000000e+00, 0.000000000000000e+00, 5.662680005259163e+04, 1.000000000000000e-10, 1.391709608126810e+09
288, 1.558697631000000e-01, 5.093328530000000e-02, 3.432940168514650e-01, 0.000000000000000e+00, 0.000000000000000e+00, 5.666463975025080e+04, 1.000000000000000e-10, 1.392652590093407e+09
289, 1.528852535000000e-01, 5.066697530000000e-02, 3.433320315402685e-01, 0.000000000000000e+00, 0.000000000000000e+00, 5.672071392561823e+04, 1.000000000000000e-10, 1.393506878779642e+09
290, 1.499016570000000e-01, 5.039064780000000e-02, 3.435618250336685e-01, 0.000000000000000e+00, 0.000000000000000e+00, 5.678913119750820e+04, 1.000000000000000e-10, 1.393170832272090e+09
291, 1.469194872000000e-01, 5.009932340000000e-02, 3.438404023790385e-01, 0.000000000000000e+00, 0.000000000000000e+00, 5.684581150392131e+04, 1.000000000000000e-10, 1.392256677991946e+09
292, 1.439382559000000e-01, 4.979852640000000e-02, 3.439089772682157e-01, 0.000000000000000e+00, 0.000000000000000e+00, 5.686802711008376e+04, 1.000000000000000e-10, 1.392180689584230e+09
293, 1.409571857000000e-01, 4.949613280000000e-02, 3.438032499655156e-01, 0.000000000000000e+00, 0.000000000000000e+00, 5.687129133964587e+04, 1.000000000000000e-10, 1.392985858256920e+09
294, 1.379755682000000e-01, 4.919919110000000e-02, 3.434610636661563e-01, 0.000000000000000e+00, 0.000000000000000e+00, 5.685386622441318e+04, 1.000000000000000e-10, 1.395180784874027e+09
295, 1.349936162000000e-01, 4.890561960000000e-02, 3.428043111919100e-01, 0.000000000000000e+00, 0.000000000000000e+00, 5.679936076649996e+04, 1.000000000000000e-10, 1.398969973980850e+09
296, 1.320121036000000e-01, 4.860762960000000e-02, 3.420410595545647e-01, 0.000000000000000e+00, 0.000000000000000e+00, 5.671414157527217e+04, 1.000000000000000e-10, 1.402944211391725e+09
297, 1.290317925000000e-01, 4.829786950000000e-02, 3.414491500075841e-01, 0.000000000000000e+00, 0.000000000000000e+00, 5.663596325820784e+04, 1.000000000000000e-10, 1.405784283125179e+09
298, 1.260525769000000e-01, 4.797772950000000e-02, 3.411288404783742e-01, 0.000000000000000e+00, 0.000000000000000e+00, 5.659422197297632e+04, 1.000000000000000e-10, 1.407327891432297e+09
299, 1.230743167000000e-01, 4.764882070000000e-02, 3.409816682275228e-01, 0.000000000000000e+00, 0.000000000000000e+00, 5.658344359298372e+04, 1.000000000000000e-10, 1.408232675748910e+09
300, 1.200970366000000e-01, 4.731115450000000e-02, 3.409248322471510e-01, 0.000000000000000e+00, 0.000000000000000e+00, 5.659116553598731e+04, 1.000000000000000e-10, 1.408819420150754e+09
301, 1.171207615000000e-01, 4.696474260000000e-02, 3.409432024279445e-01, 0.000000000000000e+00, 0.000000000000000e+00, 5.661215478067927e+04, 1.000000000000000e-10, 1.409111045234758e+09
302, 1.141455159000000e-01, 4.660959680000000e-02, 3.409888293717663e-01, 0.000000000000000e+00, 0.000000000000000e+00, 5.663693947150145e+04, 1.000000000000000e-10, 1.409265638660126e+09
303, 1.111713243000000e-01, 4.624572950000000e-02, 3.409836823640757e-01, 0.000000000000000e+00, 0.000000000000000e+00, 5.665279851470362e+04, 1.000000000000000e-10, 1.409629151414315e+09
304, 1.081982111000000e-01, 4.587315320000000e-02, 3.408987967327002e-01, 0.000000000000000e+00, 0.000000000000000e+00, 5.665652983934496e+04, 1.000000000000000e-10, 1.410358433563937e+09
305, 1.052262005000000e-01, 4.549188050000000e-02, 3.407255653505813e-01, 0.000000000000000e+00, 0.000000000000000e+00, 5.665024288874336e+04, 1.000000000000000e-10, 1.411536847322639e+09
306, 1.022553168000000e-01, 4.510192450000000e-02, 3.404247686742207e-01, 0.000000000000000e+00, 0.000000000000000e+00, 5.663222354665840e+04, 1.000000000000000e-10, 1.413398628188888e+09
307, 9.928555240000000e-02, 4.470353130000000e-02, 3.399757648246782e-01, 0.000000000000000e+00, 0.000000000000000e+00, 5.660337902957195e+04, 1.000000000000000e-10, 1.416208938971344e+09
308, 9.631645150000000e-02, 4.430022190000000e-02, 3.393527858218096e-01, 0.000000000000000e+00, 0.000000000000000e+00, 5.656231684034318e+04, 1.000000000000000e-10, 1.420102559235539e+09
309, 9.334866629999999e-02, 4.388735710000000e-02, 3.387218438644771e-01, 0.000000000000000e+00, 0.000000000000000e+00, 5.652132319649960e+04, 1.000000000000000e-10, 1.424104549214776e+09
310, 9.038333000000000e-02, 4.345728190000000e-02, 3.382777268968297e-01, 0.000000000000000e+00, 0.000000000000000e+00, 5.649603423813351e+04, 1.000000000000000e-10, 1.426992321774635e+09
311, 8.742106760000000e-02, 4.300650920000000e-02, 3.380595273987305e-01, 0.000000000000000e+00, 0.000000000000000e+00, 5.649067484447371e+04, 1.000000000000000e-10, 1.428539301702035e+09
312, 8.446147179999999e-02, 4.253854550000000e-02, 3.380728693252924e-01, 0.000000000000000e+00, 0.000000000000000e+00, 5.651323504702104e+04, 1.000000000000000e-10, 1.428928818203750e+09
313, 8.150462410000001e-02, 4.205352220000000e-02, 3.383250193988458e-01, 0.000000000000000e+00, 0.000000000000000e+00, 5.657343465135327e+04, 1.000000000000000e-10, 1.428238206830585e+09
314, 7.855061400000000e-02, 4.155150370000000e-02, 3.388010234318848e-01, 0.000000000000000e+00, 0.000000000000000e+00, 5.667187317660476e+04, 1.000000000000000e-10, 1.426616117972026e+09
315, 7.559953120000000e-02, 4.103255620000000e-02, 3.394043126506783e-01, 0.000000000000000e+00, 0.000000000000000e+00, 5.679552207273264e+04, 1.000000000000000e-10, 1.424522354014964e+09
316, 7.265146290000001e-02, 4.049674770000000e-02, 3.399485304212688e-01, 0.000000000000000e+00, 0.000000000000000e+00, 5.691799095398442e+04, 1.000000000000000e-10, 1.422931008163556e+09
317, 6.970648800000000e-02, 3.994418840000000e-02, 3.402636332595197e-01, 0.000000000000000e+00, 0.000000000000000e+00, 5.701291611239105e+04, 1.000000000000000e-10, 1.422477235106876e+09
318, 6.676405530000000e-02, 3.937824060000000e-02, 3.403184426497255e-01, 0.000000000000000e+00, 0.000000000000000e+00, 5.707444476359219e+04, 1.000000000000000e-10, 1.423319870053906e+09
319, 6.382483080000000e-02, 3.879587770000000e-02, 3.402985602111654e-01, 0.000000000000000e+00, 0.000000000000000e+00, 5.712346265066014e+04, 1.000000000000000e-10, 1.424431856672458e+09
320, 6.089039250000000e-02, 3.818988410000000e-02, 3.403070127673311e-01, 0.000000000000000e+00, 0.000000000000000e+00, 5.717411275117367e+04, 1.000000000000000e-10, 1.425405337547137e+09
321, 5.796159620000000e-02, 3.755716460000000e-02, 3.404666893276711e-01, 0.000000000000000e+00, 0.000000000000000e+00, 5.724274661832803e+04, 1.000000000000000e-10, 1.425591043182498e+09
322, 5.503766030000000e-02, 3.690236230000000e-02, 3.407190051165676e-01, 0.000000000000000e+00, 0.000000000000000e+00, 5.732720156106631e+04, 1.000000000000000e-10, 1.425392615172973e+09
323, 5.212020500000000e-02, 3.621928960000000e-02, 3.410017251739884e-01, 0.000000000000000e+00, 0.000000000000000e+00, 5.741323743977502e+04, 1.000000000000000e-10, 1.424999297989563e+09
324, 4.921095930000000e-02, 3.550206810000000e-02, 3.412220386373631e-01, 0.000000000000000e+00, 0.000000000000000e+00, 5.748723702000835e+04, 1.000000000000000e-10, 1.424829278727232e+09
325, 4.630834710000000e-02, 3.475842740000000e-02, 3.413582168412620e-01, 0.000000000000000e+00, 0.000000000000000e+00, 5.754198437789374e+04, 1.000000000000000e-10, 1.424906553387158e+09
326, 4.341443290000000e-02, 3.398167710000000e-02, 3.415645906457581e-01, 0.000000000000000e+00, 0.000000000000000e+00, 5.759739043692551e+04, 1.000000000000000e-10, 1.424428829253245e+09
327, 4.053329480000000e-02, 3.315886600000000e-02, 3.419564749946961e-01, 0.000000000000000e+00, 0.000000000000000e+00, 5.769126010077606e+04, 1.000000000000000e-10, 1.423386198412608e+09
328, 3.766462370000000e-02, 3.229347590000000e-02, 3.427084800046894e-01, 0.000000000000000e+00, 0.000000000000000e+00, 5.785804288317726e+04, 1.000000000000000e-10, 1.421066243624598e+09
329, 3.480664810000000e-02, 3.139349160000000e-02, 3.441655575215915e-01, 0.000000000000000e+00, 0.000000000000000e+00, 5.814614395275284e+04, 1.000000000000000e-10, 1.415890103942307e+09
330, 3.196977470000000e-02, 3.042923390000000e-02, 3.469222530300024e-01, 0.000000000000000e+00, 0.000000000000000e+00, 5.864232922566734e+04, 1.000000000000000e-10, 1.405091571402420e+09
331, 2.916436760000000e-02, 2.937700070000000e-02, 3.498941558962884e-01, 0.000000000000000e+00, 0.000000000000000e+00, 5.927125320004869e+04, 1.000000000000000e-10, 1.395597987202338e+09
332, 2.638083370000000e-02, 2.826801140000000e-02, 3.535835823432523e-01, 0.000000000000000e+00, 0.000000000000000e+00, 5.997900031215300e+04, 1.000000000000000e-10, 1.382597613286776e+09
333, 2.362898530000000e-02, 2.708283520000000e-02, 3.594858369937727e-01, 0.000000000000000e+00, 0.000000000000000e+00, 6.108176925525357e+04, 1.000000000000000e-10, 1.361644169224443e+09
334, 2.092840090000000e-02, 2.578537860000000e-02, 3.643764879785210e-01, 0.000000000000000e+00, 0.000000000000000e+00, 6.195698370806177e+04, 1.000000000000000e-10, 1.343905950281741e+09
335, 1.829564720000000e-02, 2.435529470000000e-02, 3.709969057875339e-01, 0.000000000000000e+00, 0.000000000000000e+00, 6.326340239905437e+04, 1.000000000000000e-10, 1.323178080311830e+09
336, 1.571975790000000e-02, 2.282485310000000e-02, 3.808232137051994e-01, 0.000000000000000e+00, 0.000000000000000e+00, 6.513907498730203e+04, 1.000000000000000e-10, 1.292279559278066e+09
337, 1.319128670000000e-02, 2.121724900000000e-02, 3.920658182233102e-01, 0.000000000000000e+00, 0.000000000000000e+00, 6.713939407300018e+04, 1.000000000000000e-10, 1.256404091853170e+09
338, 1.071855140000000e-02, 1.952532850000000e-02, 4.115388811185534e-01, 0.000000000000000e+00, 0.000000000000000e+00, 7.095774688778640e+04, 1.000000000000000e-10, 1.203641407265097e+09
339, 8.357752600000001e-03, 1.768194770000000e-02, 4.218206372575893e-01, 0.000000000000000e+00, 0.000000000000000e+00, 7.302708396107273e+04, 1.000000000000000e-10, 1.177374373737104e+09
340, 6.234852000000000e-03, 1.557056300000000e-02, 4.457362409948752e-01, 0.000000000000000e+00, 0.000000000000000e+00, 7.796009589370564e+04, 1.000000000000000e-10, 1.122086134664788e+09
341, 4.319046800000000e-03, 1.326691890000000e-02, 4.685711388659012e-01, 0.000000000000000e+00, 0.000000000000000e+00, 8.263022320194099e+04, 1.000000000000000e-10, 1.074540080548611e+09
342, 2.659048500000000e-03, 1.078063400000000e-02, 5.028325365990017e-01, 0.000000000000000e+00, 0.000000000000000e+00, 8.967377137367676e+04, 1.000000000000000e-10, 1.010967836454691e+09
343, 1.585549600000000e-03, 7.986006000000000e-03, 5.141698838110819e-01, 0.000000000000000e+00, 0.000000000000000e+00, 9.176509682664720e+04, 1.000000000000000e-10, 9.892808713836242e+08
344, 7.472436000000000e-04, 5.109934500000000e-03, 5.399553366049795e-01, 0.000000000000000e+00, 0.000000000000000e+00, 9.681959410203206e+04, 1.000000000000000e-10, 9.456058694188604e+08
345, 1.626159000000000e-04, 2.172660000000000e-03, 5.457809020035487e-01, 0.000000000000000e+00, 0.000000000000000e+00, 9.769091213343776e+04, 1.000000000000000e-10, 9.340091169684947e+08
346, 2.551370000000000e-05, -8.154233000000000e-04, 5.490273229155145e-01, 0.000000000000000e+00, 0.000000000000000e+00, 9.834339395244206e+04, 1.000000000000000e-10, 9.280318732923496e+08
347, 4.418631000000000e-04, -3.780176900000000e-03, 5.448395072479828e-01, 0.000000000000000e+00, 0.000000000000000e+00, 9.781047574389771e+04, 1.000000000000000e-10, 9.384744836034510e+08
348, 1.178979700000000e-03, -6.683559600000000e-03, 5.131594730753859e-01, 0.000000000000000e+00, 0.000000000000000e+00, 9.127947594774535e+04, 1.000000000000000e-10, 9.890386156548973e+08
349, 2.119737600000000e-03, -9.527886300000000e-03, 5.049769770717558e-01, 0.000000000000000e+00, 0.000000000000000e+00, 9.037882649795554e+04, 1.000000000000000e-10, 1.010074805117199e+09
350, 3.491510200000000e-03, -1.218239690000000e-02, 4.563641251657121e-01, 0.000000000000000e+00, 0.000000000000000e+00, 7.967363925689324e+04, 1.000000000000000e-10, 1.095706728549485e+09
351, 5.352275100000000e-03, -1.453005090000000e-02, 4.461867274017031e-01, 0.000000000000000e+00, 0.000000000000000e+00, 7.841693208802911e+04, 1.000000000000000e-10, 1.126767396198412e+09
352, 7.355607900000000e-03, -1.675624800000000e-02, 4.048515077274106e-01, 0.000000000000000e+00, 0.000000000000000e+00, 6.985413902261159e+04, 1.000000000000000e-10, 1.223365211693498e+09
353, 9.621932400000000e-03, -1.871350840000000e-02, 3.984305767663135e-01, 0.000000000000000e+00, 0.000000000000000e+00, 6.867803741781828e+04, 1.000000000000000e-10, 1.242733335056570e+09
354, 1.205590760000000e-02, -2.046042230000000e-02, 3.730329409533183e-01, 0.000000000000000e+00, 0.000000000000000e+00, 6.349922713327074e+04, 1.000000000000000e-10, 1.314049057622334e+09
355, 1.455955480000000e-02, -2.210638150000000e-02, 3.606591622180050e-01, 0.000000000000000e+00, 0.000000000000000e+00, 6.137314492607792e+04, 1.000000000000000e-10, 1.358774692214386e+09
356, 1.711312970000000e-02, -2.367378560000000e-02, 3.465046620015370e-01, 0.000000000000000e+00, 0.000000000000000e+00, 5.864613302319148e+04, 1.000000000000000e-10, 1.408028696638024e+09
357, 1.972005420000000e-02, -2.515057360000000e-02, 3.393819350993951e-01, 0.000000000000000e+00, 0.000000000000000e+00, 5.732885226643178e+04, 1.000000000000000e-10, 1.435223415350385e+09
358, 2.239892040000000e-02, -2.649200820000000e-02, 3.327019900041806e-01, 0.000000000000000e+00, 0.000000000000000e+00, 5.591874818407906e+04, 1.000000000000000e-10, 1.458033663704336e+09
359, 2.514218880000000e-02, -2.769671360000000e-02, 3.289657606979625e-01, 0.000000000000000e+00, 0.000000000000000e+00, 5.516782619362091e+04, 1.000000000000000e-10, 1.472219490461979e+09
360, 2.792514050000000e-02, -2.880708720000000e-02, 3.259901385776498e-01, 0.000000000000000e+00, 0.000000000000000e+00, 5.450047461041612e+04, 1.000000000000000e-10, 1.481900132259296e+09
361, 3.072579640000000e-02, -2.987219160000000e-02, 3.244316040142814e-01, 0.000000000000000e+00, 0.000000000000000e+00, 5.410979707173911e+04, 1.000000000000000e-10, 1.486082989117417e+09
362, 3.355101120000000e-02, -3.087007190000000e-02, 3.237810259109264e-01, 0.000000000000000e+00, 0.000000000000000e+00, 5.388393521642916e+04, 1.000000000000000e-10, 1.486428175400293e+09
363, 3.640010390000000e-02, -3.179774150000000e-02, 3.237092939283279e-01, 0.000000000000000e+00, 0.000000000000000e+00, 5.379521080571411e+04, 1.000000000000000e-10, 1.485041005324182e+09
364, 3.926405390000000e-02, -3.267859480000000e-02, 3.238621271197107e-01, 0.000000000000000e+00, 0.000000000000000e+00, 5.376722728140619e+04, 1.000000000000000e-10, 1.483128521513432e+09
365, 4.213857070000000e-02, -3.352425530000000e-02, 3.240318098544872e-01, 0.000000000000000e+00, 0.000000000000000e+00, 5.375122692904853e+04, 1.000000000000000e-10, 1.481386148456299e+09
366, 4.502736230000000e-02, -3.431981760000000e-02, 3.242448224665671e-01, 0.000000000000000e+00, 0.000000000000000e+00, 5.374901690978581e+04, 1.000000000000000e-10, 1.479571803689381e+09
367, 4.792660680000000e-02, -3.507646140000000e-02, 3.245858343638698e-01, 0.000000000000000e+00, 0.000000000000000e+00, 5.376948748038457e+04, 1.000000000000000e-10, 1.477201674681689e+09
368, 5.083275460000000e-02, -3.580616600000000e-02, 3.251397351011107e-01, 0.000000000000000e+00, 0.000000000000000e+00, 5.382727602397569e+04, 1.000000000000000e-10, 1.473968256314486e+09
369, 5.374765330000000e-02, -3.650004220000000e-02, 3.259620762506994e-01, 0.000000000000000e+00, 0.000000000000000e+00, 5.392242423539905e+04, 1.000000000000000e-10, 1.469329662196243e+09
370, 5.666961100000000e-02, -3.716362050000000e-02, 3.267850355743007e-01, 0.000000000000000e+00, 0.000000000000000e+00, 5.401726126407806e+04, 1.000000000000000e-10, 1.464697676186949e+09
371, 5.959522020000000e-02, -3.781094180000000e-02, 3.272449677937179e-01, 0.000000000000000e+00, 0.000000000000000e+00, 5.406678470955726e+04, 1.000000000000000e-10, 1.462034141130516e+09
372, 6.252243709999999e-02, -3.845095230000000e-02, 3.273713411782309e-01, 0.000000000000000e+00, 0.000000000000000e+00, 5.408215925430270e+04, 1.000000000000000e-10, 1.461361131188288e+09
373, 6.545274740000000e-02, -3.907663200000000e-02, 3.272487882875903e-01, 0.000000000000000e+00, 0.000000000000000e+00, 5.406658214100125e+04, 1.000000000000000e-10, 1.462012448166993e+09
374, 6.838760620000001e-02, -3.968059320000000e-02, 3.268974849189660e-01, 0.000000000000000e+00, 0.000000000000000e+00, 5.401444313519228e+04, 1.000000000000000e-10, 1.463707736201144e+09
375, 7.132826930000000e-02, -4.025560110000000e-02, 3.265212921813556e-01, 0.000000000000000e+00, 0.000000000000000e+00, 5.393653601102362e+04, 1.000000000000000e-10, 1.465036988779578e+09
376, 7.427458960000000e-02, -4.080090600000000e-02, 3.264716575084909e-01, 0.000000000000000e+00, 0.000000000000000e+00, 5.389427114674345e+04, 1.000000000000000e-10, 1.464499793148925e+09
377, 7.722505590000001e-02, -4.132334090000000e-02, 3.267430715079315e-01, 0.000000000000000e+00, 0.000000000000000e+00, 5.389990385317701e+04, 1.000000000000000e-10, 1.462407173625396e+09
378, 8.017823220000000e-02, -4.183025210000000e-02, 3.272293426944266e-01, 0.000000000000000e+00, 0.000000000000000e+00, 5.394878519117030e+04, 1.000000000000000e-10, 1.459554093514864e+09
379, 8.313435769999999e-02, -4.231964410000000e-02, 3.281918562854614e-01, 0.000000000000000e+00, 0.000000000000000e+00, 5.407696345608873e+04, 1.000000000000000e-10, 1.454606997559223e+09
380, 8.609333900000000e-02, -4.279148640000000e-02, 3.295332555309887e-01, 0.000000000000000e+00, 0.000000000000000e+00, 5.427692762247170e+04, 1.000000000000000e-10, 1.448222407661943e+09
381, 8.905390220000001e-02, -4.325331250000000e-02, 3.309409508498247e-01, 0.000000000000000e+00, 0.000000000000000e+00, 5.450463851826165e+04, 1.000000000000000e-10, 1.441946421362283e+09
382, 9.201521220000000e-02, -4.371032730000000e-02, 3.322033482824382e-01, 0.000000000000000e+00, 0.000000000000000e+00, 5.472660813813595e+04, 1.000000000000000e-10, 1.436771325070372e+09
383, 9.497777180000000e-02, -4.415916550000000e-02, 3.331527968563330e-01, 0.000000000000000e+00, 0.000000000000000e+00, 5.490882701305601e+04, 1.000000000000000e-10, 1.433236961345324e+09
384, 9.794161960000000e-02, -4.459941640000000e-02, 3.337833957135953e-01, 0.000000000000000e+00, 0.000000000000000e+00, 5.503143396188570e+04, 1.000000000000000e-10, 1.430929642617433e+09
385, 1.009067324000000e-01, -4.503106510000000e-02, 3.341170175323760e-01, 0.000000000000000e+00, 0.000000000000000e+00, 5.509328633346653e+04, 1.000000000000000e-10, 1.429645275066678e+09
386, 1.038730870000000e-01, -4.545409720000000e-02, 3.342596208384153e-01, 0.000000000000000e+00, 0.000000000000000e+00, 5.511759482613213e+04, 1.000000000000000e-10, 1.429032175746887e+09
387, 1.068406597000000e-01, -4.586849830000000e-02, 3.343225149686164e-01, 0.000000000000000e+00, 0.000000000000000e+00, 5.512467689198715e+04, 1.000000000000000e-10, 1.428693057563268e+09
388, 1.098094267000000e-01, -4.627425440000000e-02, 3.343672735673185e-01, 0.000000000000000e+00, 0.000000000000000e+00, 5.512654954105011e+04, 1.000000000000000e-10, 1.428388072617777e+09
389, 1.127793642000000e-01, -4.667135170000000e-02, 3.344121528259665e-01, 0.000000000000000e+00, 0.000000000000000e+00, 5.512784395045569e+04, 1.000000000000000e-10, 1.428065977645005e+09
390, 1.157504483000000e-01, -4.705977670000000e-02, 3.344725862844151e-01, 0.000000000000000e+00, 0.000000000000000e+00, 5.513166830032027e+04, 1.000000000000000e-10, 1.427704144659118e+09
391, 1.187226550000000e-01, -4.743951610000000e-02, 3.345673021634119e-01, 0.000000000000000e+00, 0.000000000000000e+00, 5.514205571316455e+04, 1.000000000000000e-10, 1.427188449652284e+09
392, 1.216959602000000e-01, -4.781055690000000e-02, 3.347134030887479e-01, 0.000000000000000e+00, 0.000000000000000e+00, 5.516257558772313e+04, 1.000000000000000e-10, 1.426487949825457e+09
393, 1.246703396000000e-01, -4.817288640000000e-02, 3.349223082479027e-01, 0.000000000000000e+00, 0.000000000000000e+00, 5.519504149833569e+04, 1.000000000000000e-10, 1.425564316087896e+09
394, 1.276457687000000e-01, -4.852649220000000e-02, 3.352063832214496e-01, 0.000000000000000e+00, 0.000000000000000e+00, 5.524054575271044e+04, 1.000000000000000e-10, 1.424328323339986e+09
395, 1.306222230000000e-01, -4.887136210000000e-02, 3.355866171860313e-01, 0.000000000000000e+00, 0.000000000000000e+00, 5.530098068238048e+04, 1.000000000000000e-10, 1.422662587298692e+09
396, 1.335996778000000e-01, -4.920748410000000e-02, 3.360847147625226e-01, 0.000000000000000e+00, 0.000000000000000e+00, 5.537803760657312e+04, 1.000000000000000e-10, 1.420421318511377e+09
397, 1.365781084000000e-01, -4.953484670000000e-02, 3.367022887549205e-01, 0.000000000000000e+00, 0.000000000000000e+00, 5.547103878708860e+04, 1.000000000000000e-10, 1.417631396069222e+09
398, 1.395574899000000e-01, -4.985343850000000e-02, 3.374105698507591e-01, 0.000000000000000e+00, 0.000000000000000e+00, 5.557875251154108e+04, 1.000000000000000e-10, 1.414467167360574e+09
399, 1.425377974000000e-01, -5.016324850000000e-02, 3.381918881087574e-01, 0.000000000000000e+00, 0.000000000000000e+00, 5.570598533003711e+04, 1.000000000000000e-10, 1.411210357477652e+09
400, 1.455190058000000e-01, -5.046426590000000e-02, 3.390857758337286e-01, 0.000000000000000e+00, 0.000000000000000e+00, 5.586480711962117e+04, 1.000000000000000e-10, 1.407730904207655e+09
401, 1.485010900000000e-01, -5.075648020000000e-02, 3.401692446802171e-01, 0.000000000000000e+00, 0.000000000000000e+00, 5.607907468098310e+04, 1.000000000000000e-10, 1.403990115900627e+09
402, 1.514841115000000e-01, -5.103895140000000e-02, 3.416078509889648e-01, 0.000000000000000e+00, 0.000000000000000e+00, 5.635870597676028e+04, 1.000000000000000e-10, 1.398946731192080e+09
403, 1.544682859000000e-01, -5.130898220000000e-02, 3.432402463982513e-01, 0.000000000000000e+00, 0.000000000000000e+00, 5.665310776309187e+04, 1.000000000000000e-10, 1.392817087737374e+09
404, 1.574529831000000e-01, -5.157318600000000e-02, 3.448132213508430e-01, 0.000000000000000e+00, 0.000000000000000e+00, 5.693229448675131e+04, 1.000000000000000e-10, 1.386856103182609e+09
405, 1.604374954000000e-01, -5.183946610000000e-02, 3.459227829187783e-01, 0.000000000000000e+00, 0.000000000000000e+00, 5.714865365222481e+04, 1.000000000000000e-10, 1.383010345902380e+09
406, 1.634214633000000e-01, -5.211178220000000e-02, 3.465388046015503e-01, 0.000000000000000e+00, 0.000000000000000e+00, 5.729913145943618e+04, 1.000000000000000e-10, 1.381519635385957e+09
407, 1.664054524000000e-01, -5.238386490000000e-02, 3.468367220513325e-01, 0.000000000000000e+00, 0.000000000000000e+00, 5.739611366068044e+04, 1.000000000000000e-10, 1.381271771277232e+09
408, 1.693901711000000e-01, -5.264780400000000e-02, 3.468685607034297e-01, 0.000000000000000e+00, 0.000000000000000e+00, 5.741911728317328e+04, 1.000000000000000e-10, 1.381525581486902e+09
409, 1.723759785000000e-01, -5.289913550000000e-02, 3.468610784644013e-01, 0.000000000000000e+00, 0.000000000000000e+00, 5.741243914444696e+04, 1.000000000000000e-10, 1.381457041880465e+09
410, 1.753625325000000e-01, -5.314143690000000e-02, 3.468637468698030e-01, 0.000000000000000e+00, 0.000000000000000e+00, 5.739895548512484e+04, 1.000000000000000e-10, 1.381170401545204e+09
411, 1.783497926000000e-01, -5.337487290000000e-02, 3.468714154719870e-01, 0.000000000000000e+00, 0.000000000000000e+00, 5.738189470379155e+04, 1.000000000000000e-10, 1.380777841399201e+09
412, 1.813377897000000e-01, -5.359866430000000e-02, 3.469758405401096e-01, 0.000000000000000e+00, 0.000000000000000e+00, 5.737032278715387e+04, 1.000000000000000e-10, 1.379790712818490e+09
413, 1.843267059000000e-01, -5.380983240000000e-02, 3.472593586024588e-01, 0.000000000000000e+00, 0.000000000000000e+00, 5.736832738369776e+04, 1.000000000000000e-10, 1.377680271233606e+09
414, 1.873160581000000e-01, -5.401475910000000e-02, 3.475661820224027e-01, 0.000000000000000e+00, 0.000000000000000e+00, 5.736251105821727e+04, 1.000000000000000e-10, 1.375347522967551e+09
415, 1.903052907000000e-01, -5.422141550000000e-02, 3.477020077656098e-01, 0.000000000000000e+00, 0.000000000000000e+00, 5.734669387390999e+04, 1.000000000000000e-10, 1.374024188801419e+09
416, 1.932940919000000e-01, -5.443422470000000e-02, 3.475304125894391e-01, 0.000000000000000e+00, 0.000000000000000e+00, 5.729544627249741e+04, 1.000000000000000e-10, 1.374265125113209e+09
417, 1.962828856000000e-01, -5.464713860000000e-02, 3.472426982964138e-01, 0.000000000000000e+00, 0.000000000000000e+00, 5.723480756017195e+04, 1.000000000000000e-10, 1.375174378337668e+09
418, 1.992722277000000e-01, -5.485218440000000e-02, 3.466971478187600e-01, 0.000000000000000e+00, 0.000000000000000e+00, 5.712037924895530e+04, 1.000000000000000e-10, 1.376851160886392e+09
419, 2.022625407000000e-01, -5.504252520000000e-02, 3.463951960286044e-01, 0.000000000000000e+00, 0.000000000000000e+00, 5.701837615390076e+04, 1.000000000000000e-10, 1.377002157281172e+09
420, 2.052535799000000e-01, -5.522113260000000e-02, 3.464952384340332e-01, 0.000000000000000e+00, 0.000000000000000e+00, 5.695969754288630e+04, 1.000000000000000e-10, 1.375099742609921e+09
421, 2.082448433000000e-01, -5.539596050000000e-02, 3.467021786874824e-01, 0.000000000000000e+00, 0.000000000000000e+00, 5.692590841711930e+04, 1.000000000000000e-10, 1.372887935610841e+09
422, 2.112359078000000e-01, -5.557415450000000e-02, 3.467437761773186e-01, 0.000000000000000e+00, 0.000000000000000e+00, 5.688915024909251e+04, 1.000000000000000e-10, 1.371892599951887e+09
423, 2.142268969000000e-01, -5.575361380000000e-02, 3.465529178123832e-01, 0.000000000000000e+00, 0.000000000000000e+00, 5.682238119385201e+04, 1.000000000000000e-10, 1.371959956395048e+09
424, 2.172178860000000e-01, -5.593307320000000e-02, 3.465448621390552e-01, 0.000000000000000e+00, 0.000000000000000e+00, 5.680386280527625e+04, 1.000000000000000e-10, 1.371666467716118e+09
425, 2.202088738000000e-01, -5.611255380000000e-02, 3.462902061199578e-01, 0.000000000000000e+00, 0.000000000000000e+00, 5.674622423258893e+04, 1.000000000000000e-10, 1.372357668986486e+09
426, 2.231996539000000e-01, -5.629546030000000e-02, 3.455224818330598e-01, 0.000000000000000e+00, 0.000000000000000e+00, 5.660920019440347e+04, 1.000000000000000e-10, 1.375184231310717e+09
427, 2.261904122000000e-01, -5.647872410000000e-02, 3.448630940163182e-01, 0.000000000000000e+00, 0.000000000000000e+00, 5.651202894997801e+04, 1.000000000000000e-10, 1.378032359174073e+09
428, 2.291816271000000e-01, -5.665434720000000e-02, 3.441265581979760e-01, 0.000000000000000e+00, 0.000000000000000e+00, 5.639765221344568e+04, 1.000000000000000e-10, 1.381079238976335e+09
429, 2.321736636000000e-01, -5.681534020000000e-02, 3.438164909085979e-01, 0.000000000000000e+00, 0.000000000000000e+00, 5.632740123643805e+04, 1.000000000000000e-10, 1.381972841206285e+09
430, 2.351663232000000e-01, -5.696435160000000e-02, 3.439025162961735e-01, 0.000000000000000e+00, 0.000000000000000e+00, 5.629535732338631e+04, 1.000000000000000e-10, 1.380692484855593e+09
431, 2.381591812000000e-01, -5.710934150000000e-02, 3.441279951246530e-01, 0.000000000000000e+00, 0.000000000000000e+00, 5.628822474534796e+04, 1.000000000000000e-10, 1.378859523399873e+09
432, 2.411518497000000e-01, -5.725817950000000e-02, 3.442375628410148e-01, 0.000000000000000e+00, 0.000000000000000e+00, 5.629179435892715e+04, 1.000000000000000e-10, 1.378130301104229e+09
433, 2.441442544000000e-01, -5.741224130000000e-02, 3.441821460053962e-01, 0.000000000000000e+00, 0.000000000000000e+00, 5.629336462689149e+04, 1.000000000000000e-10, 1.378567359375288e+09
434, 2.471367698000000e-01, -5.756413020000000e-02, 3.440503078581801e-01, 0.000000000000000e+00, 0.000000000000000e+00, 5.629400091474689e+04, 1.000000000000000e-10, 1.379535106834261e+09
435, 2.501297829000000e-01, -5.770582350000000e-02, 3.439650503072046e-01, 0.000000000000000e+00, 0.000000000000000e+00, 5.629148709067034e+04, 1.000000000000000e-10, 1.380108709418101e+09
436, 2.531234770000000e-01, -5.783232400000000e-02, 3.440988581475334e-01, 0.000000000000000e+00, 0.000000000000000e+00, 5.629663569808633e+04, 1.000000000000000e-10, 1.379255643961381e+09
437, 2.561175599000000e-01, -5.794931300000000e-02, 3.443924906146180e-01, 0.000000000000000e+00, 0.000000000000000e+00, 5.631674380112448e+04, 1.000000000000000e-10, 1.377515144848540e+09
438, 2.591117003000000e-01, -5.806482750000000e-02, 3.447408594748669e-01, 0.000000000000000e+00, 0.000000000000000e+00, 5.636117269669771e+04, 1.000000000000000e-10, 1.375853199273647e+09
439, 2.621056177000000e-01, -5.818597470000000e-02, 3.450060120351596e-01, 0.000000000000000e+00, 0.000000000000000e+00, 5.641654377104980e+04, 1.000000000000000e-10, 1.375037936869958e+09
440, 2.650994034000000e-01, -5.831034790000000e-02, 3.451230800996061e-01, 0.000000000000000e+00, 0.000000000000000e+00, 5.647137565096950e+04, 1.000000000000000e-10, 1.375316622213936e+09
441, 2.680933813000000e-01, -5.842997970000000e-02, 3.451570919000079e-01, 0.000000000000000e+00, 0.000000000000000e+00, 5.650812172322998e+04, 1.000000000000000e-10, 1.375808329972685e+09
442, 2.710878355000000e-01, -5.853695520000000e-02, 3.452333745430221e-01, 0.000000000000000e+00, 0.000000000000000e+00, 5.652691233436637e+04, 1.000000000000000e-10, 1.375612371000340e+09
443, 2.740827683000000e-01, -5.862963070000000e-02, 3.454543765517510e-01, 0.000000000000000e+00, 0.000000000000000e+00, 5.653946030374111e+04, 1.000000000000000e-10, 1.374261549218572e+09
444, 2.770779096000000e-01, -5.871535910000000e-02, 3.456150883517462e-01, 0.000000000000000e+00, 0.000000000000000e+00, 5.652735643907203e+04, 1.000000000000000e-10, 1.372851849453095e+09
445, 2.800730188000000e-01, -5.880219320000000e-02, 3.458052166777893e-01, 0.000000000000000e+00, 0.000000000000000e+00, 5.653894176264468e+04, 1.000000000000000e-10, 1.371663758657208e+09
446, 2.830679396000000e-01, -5.889530050000000e-02, 3.457192021232958e-01, 0.000000000000000e+00, 0.000000000000000e+00, 5.651366015777033e+04, 1.000000000000000e-10, 1.371789081678638e+09
447, 2.860628383000000e-01, -5.898912130000000e-02, 3.455669200824915e-01, 0.000000000000000e+00, 0.000000000000000e+00, 5.648451945173809e+04, 1.000000000000000e-10, 1.372347602918265e+09
448, 2.890579563000000e-01, -5.907560330000000e-02, 3.451334984349488e-01, 0.000000000000000e+00, 0.000000000000000e+00, 5.639682337738012e+04, 1.000000000000000e-10, 1.373739753020294e+09
449, 2.920534568000000e-01, -5.914755270000000e-02, 3.448301418532922e-01, 0.000000000000000e+00, 0.000000000000000e+00, 5.630124214644256e+04, 1.000000000000000e-10, 1.373988395355036e+09
450, 2.950492307000000e-01, -5.920717250000000e-02, 3.447836067226290e-01, 0.000000000000000e+00, 0.000000000000000e+00, 5.622163721544627e+04, 1.000000000000000e-10, 1.372724477021908e+09
451, 2.980450890000000e-01, -5.926243910000000e-02, 3.447932904428893e-01, 0.000000000000000e+00, 0.000000000000000e+00, 5.614789440576833e+04, 1.000000000000000e-10, 1.371164650796110e+09
452, 3.010408880000000e-01, -5.932081780000000e-02, 3.446307744065418e-01, 0.000000000000000e+00, 0.000000000000000e+00, 5.606327176513306e+04, 1.000000000000000e-10, 1.370648071234985e+09
453, 3.040366569000000e-01, -5.938073310000000e-02, 3.442714179978833e-01, 0.000000000000000e+00, 0.000000000000000e+00, 5.595371187762020e+04, 1.000000000000000e-10, 1.371042565927475e+09
454, 3.070324259000000e-01, -5.944064850000000e-02, 3.436949805814559e-01, 0.000000000000000e+00, 0.000000000000000e+00, 5.580404710917287e+04, 1.000000000000000e-10, 1.372214758007309e+09
455, 3.100281949000000e-01, -5.950056430000000e-02, 3.430059237113267e-01, 0.000000000000000e+00, 0.000000000000000e+00, 5.563420220257991e+04, 1.000000000000000e-10, 1.373786222907339e+09
456, 3.130238981000000e-01, -5.956366740000000e-02, 3.418630028302957e-01, 0.000000000000000e+00, 0.000000000000000e+00, 5.539036427940345e+04, 1.000000000000000e-10, 1.377175268037271e+09
457, 3.160195838000000e-01, -5.962760330000000e-02, 3.403763516210426e-01, 0.000000000000000e+00, 0.000000000000000e+00, 5.509902047756501e+04, 1.000000000000000e-10, 1.382107188734939e+09
458, 3.190154135000000e-01, -5.968430950000000e-02, 3.388616789829773e-01, 0.000000000000000e+00, 0.000000000000000e+00, 5.479709231045729e+04, 1.000000000000000e-10, 1.387124299445539e+09
459, 3.220114804000000e-01, -5.972653310000000e-02, 3.377904648768630e-01, 0.000000000000000e+00, 0.000000000000000e+00, 5.454819462934639e+04, 1.000000000000000e-10, 1.389952536452485e+09
460, 3.250076994000000e-01, -5.975631740000000e-02, 3.371715297909968e-01, 0.000000000000000e+00, 0.000000000000000e+00, 5.435483154075245e+04, 1.000000000000000e-10, 1.390522431326994e+09
461, 3.280039605000000e-01, -5.978163410000000e-02, 3.367171784307694e-01, 0.000000000000000e+00, 0.000000000000000e+00, 5.419462620412778e+04, 1.000000000000000e-10, 1.390498534328586e+09
462, 3.310001939000000e-01, -5.981000190000000e-02, 3.361908246540330e-01, 0.000000000000000e+00, 0.000000000000000e+00, 5.404667201416272e+04, 1.000000000000000e-10, 1.391324508283494e+09
463, 3.339964122000000e-01, -5.983996410000000e-02, 3.356247337355102e-01, 0.000000000000000e+00, 0.000000000000000e+00, 5.390606130381221e+04, 1.000000000000000e-10, 1.392587348413387e+09
464, 3.369926304000000e-01, -5.986992630000000e-02, 3.350525703914106e-01, 0.000000000000000e+00, 0.000000000000000e+00, 5.376787451984626e+04, 1.000000000000000e-10, 1.394002391775822e+09
465, 3.399888487000000e-01, -5.989988850000000e-02, 3.343988225348018e-01, 0.000000000000000e+00, 0.000000000000000e+00, 5.362787615434337e+04, 1.000000000000000e-10, 1.395969073092004e+09
466, 3.429850337000000e-01, -5.993297570000000e-02, 3.335564692226897e-01, 0.000000000000000e+00, 0.000000000000000e+00, 5.348069445373047e+04, 1.000000000000000e-10, 1.399267185540872e+09
467, 3.459812085000000e-01, -5.996700070000000e-02, 3.327689896878810e-01, 0.000000000000000e+00, 0.000000000000000e+00, 5.336089205967409e+04, 1.000000000000000e-10, 1.402719498688303e+09
468, 3.489774541000000e-01, -5.999389510000000e-02, 3.322814444414980e-01, 0.000000000000000e+00, 0.000000000000000e+00, 5.329282886046782e+04, 1.000000000000000e-10, 1.404972988067035e+09
469, 3.519737926000000e-01, -6.000635760000000e-02, 3.322025465790253e-01, 0.000000000000000e+00, 0.000000000000000e+00, 5.327118654301690e+04, 1.000000000000000e-10, 1.405085842893912e+09
470, 3.549701596000000e-01, -6.000628710000000e-02, 3.324554745214585e-01, 0.000000000000000e+00, 0.000000000000000e+00, 5.328301208633166e+04, 1.000000000000000e-10, 1.403388204930600e+09
471, 3.579665241000000e-01, -6.000164710000000e-02, 3.328421550776453e-01, 0.000000000000000e+00, 0.000000000000000e+00, 5.332460686158960e+04, 1.000000000000000e-10, 1.401314656751557e+09
472, 3.609628912000000e-01, -6.000041890000000e-02, 3.332708420312284e-01, 0.000000000000000e+00, 0.000000000000000e+00, 5.340021523221056e+04, 1.000000000000000e-10, 1.399663032744186e+09
473, 3.639592561000000e-01, -6.000473460000000e-02, 3.337776146572035e-01, 0.000000000000000e+00, 0.000000000000000e+00, 5.351645501819244e+04, 1.000000000000000e-10, 1.398298579297398e+09
474, 3.669556225000000e-01, -6.000736450000000e-02, 3.343482923143428e-01, 0.000000000000000e+00, 0.000000000000000e+00, 5.367153134073381e+04, 1.000000000000000e-10, 1.397285102878693e+09
475, 3.699519795000000e-01, -6.000023780000000e-02, 3.351773740588673e-01, 0.000000000000000e+00, 0.000000000000000e+00, 5.386786010358507e+04, 1.000000000000000e-10, 1.395188977555918e+09
476, 3.729482611000000e-01, -5.997784780000000e-02, 3.363157977249960e-01, 0.000000000000000e+00, 0.000000000000000e+00, 5.409975726600365e+04, 1.000000000000000e-10, 1.391507076843069e+09
477, 3.759444535000000e-01, -5.994544400000000e-02, 3.377459179517457e-01, 0.000000000000000e+00, 0.000000000000000e+00, 5.437838692386125e+04, 1.000000000000000e-10, 1.386642381106935e+09
478, 3.789406246000000e-01, -5.991109540000000e-02, 3.393472693378912e-01, 0.000000000000000e+00, 0.000000000000000e+00, 5.470125976517377e+04, 1.000000000000000e-10, 1.381425301789760e+09
479, 3.819368521000000e-01, -5.988214390000000e-02, 3.410101955432884e-01, 0.000000000000000e+00, 0.000000000000000e+00, 5.506528446940986e+04, 1.000000000000000e-10, 1.376718862650763e+09
480, 3.849331132000000e-01, -5.985683420000000e-02, 3.425423713829323e-01, 0.000000000000000e+00, 0.000000000000000e+00, 5.544202694329050e+04, 1.000000000000000e-10, 1.373268532774723e+09
481, 3.879293339000000e-01, -5.982721620000000e-02, 3.441481859506456e-01, 0.000000000000000e+00, 0.000000000000000e+00, 5.583891117196848e+04, 1.000000000000000e-10, 1.369644518384624e+09
482, 3.909254052000000e-01, -5.978530220000000e-02, 3.458759984961235e-01, 0.000000000000000e+00, 0.000000000000000e+00, 5.622577402621391e+04, 1.000000000000000e-10, 1.364909468648840e+09
483, 3.939212391000000e-01, -5.972882000000000e-02, 3.476826718412229e-01, 0.000000000000000e+00, 0.000000000000000e+00, 5.659049275072204e+04, 1.000000000000000e-10, 1.359255319941949e+09
484, 3.969169262000000e-01, -5.966494890000000e-02, 3.496322237108969e-01, 0.000000000000000e+00, 0.000000000000000e+00, 5.696272470585487e+04, 1.000000000000000e-10, 1.352755056806706e+09
485, 3.999126274000000e-01, -5.960175120000000e-02, 3.514701095036456e-01, 0.000000000000000e+00, 0.000000000000000e+00, 5.731701979284171e+04, 1.000000000000000e-10, 1.346677365384163e+09
486, 4.029083963000000e-01, -5.954183210000000e-02, 3.532244648352758e-01, 0.000000000000000e+00, 0.000000000000000e+00, 5.767092715172810e+04, 1.000000000000000e-10, 1.341321963747987e+09
487, 4.059041653000000e-01, -5.948191670000000e-02, 3.545868351429150e-01, 0.000000000000000e+00, 0.000000000000000e+00, 5.796200404741300e+04, 1.000000000000000e-10, 1.337490666476838e+09
488, 4.088999342000000e-01, -5.942200130000000e-02, 3.555811623184086e-01, 0.000000000000000e+00, 0.000000000000000e+00, 5.818675471227903e+04, 1.000000000000000e-10, 1.334930153173621e+09
489, 4.118957316000000e-01, -5.936354160000000e-02, 3.563963564070128e-01, 0.000000000000000e+00, 0.000000000000000e+00, 5.839579545914778e+04, 1.000000000000000e-10, 1.333290891003723e+09
490, 4.148915900000000e-01, -5.930827980000000e-02, 3.571460419331313e-01, 0.000000000000000e+00, 0.000000000000000e+00, 5.860919009768307e+04, 1.000000000000000e-10, 1.332192159765375e+09
491, 4.178873672000000e-01, -5.924882410000000e-02, 3.579565974027023e-01, 0.000000000000000e+00, 0.000000000000000e+00, 5.883249431283171e+04, 1.000000000000000e-10, 1.330864409244467e+09
492, 4.208828751000000e-01, -5.917718310000000e-02, 3.589520930244951e-01, 0.000000000000000e+00, 0.000000000000000e+00, 5.906879262610142e+04, 1.000000000000000e-10, 1.328554322858590e+09
493, 4.238779996000000e-01, -5.909092720000000e-02, 3.601402733723139e-01, 0.000000000000000e+00, 0.000000000000000e+00, 5.932171033548815e+04, 1.000000000000000e-10, 1.325217309038943e+09
494, 4.268729004000000e-01, -5.899717340000000e-02, 3.616458428648099e-01, 0.000000000000000e+00, 0.000000000000000e+00, 5.963232312717906e+04, 1.000000000000000e-10, 1.320844038396161e+09
495, 4.298678186000000e-01, -5.890397410000000e-02, 3.630396418769303e-01, 0.000000000000000e+00, 0.000000000000000e+00, 5.993706067028391e+04, 1.000000000000000e-10, 1.317130287799838e+09
496, 4.328629246000000e-01, -5.881703720000000e-02, 3.644402121146098e-01, 0.000000000000000e+00, 0.000000000000000e+00, 6.027721068761480e+04, 1.000000000000000e-10, 1.314025452276797e+09
497, 4.358580675000000e-01, -5.873136490000000e-02, 3.655149589517345e-01, 0.000000000000000e+00, 0.000000000000000e+00, 6.056705630216627e+04, 1.000000000000000e-10, 1.312153202950464e+09
498, 4.388530070000000e-01, -5.863890460000000e-02, 3.665906182614855e-01, 0.000000000000000e+00, 0.000000000000000e+00, 6.081914298041757e+04, 1.000000000000000e-10, 1.309594194924212e+09
499, 4.418474723000000e-01, -5.853224060000000e-02, 3.674824895969586e-01, 0.000000000000000e+00, 0.000000000000000e+00, 6.098732111843797e+04, 1.000000000000000e-10, 1.306756594107269e+09
500, 4.448414571000000e-01, -5.841278340000000e-02, 3.681109534664392e-01, 0.000000000000000e+00, 0.000000000000000e+00, 6.107737424303776e+04, 1.000000000000000e-10, 1.304295720372771e+09
501, 4.478352435000000e-01, -5.828842610000000e-02, 3.684217387873091e-01, 0.000000000000000e+00, 0.000000000000000e+00, 6.110567316519961e+04, 1.000000000000000e-10, 1.302787118665834e+09
502, 4.508291556000000e-01, -5.816714900000000e-02, 3.685060760681743e-01, 0.000000000000000e+00, 0.000000000000000e+00, 6.110608277482056e+04, 1.000000000000000e-10, 1.302248468217797e+09
503, 4.538232940000000e-01, -5.805158270000000e-02, 3.684066577941590e-01, 0.000000000000000e+00, 0.000000000000000e+00, 6.108483923331495e+04, 1.000000000000000e-10, 1.302536565136997e+09
504, 4.568173812000000e-01, -5.793470060000000e-02, 3.678722631073924e-01, 0.000000000000000e+00, 0.000000000000000e+00, 6.097536790480452e+04, 1.000000000000000e-10, 1.304061321100238e+09
505, 4.598110864000000e-01, -5.780846580000000e-02, 3.670273147095566e-01, 0.000000000000000e+00, 0.000000000000000e+00, 6.078872591065954e+04, 1.000000000000000e-10, 1.306227855507100e+09
506, 4.628041128000000e-01, -5.766705430000000e-02, 3.661897774567986e-01, 0.000000000000000e+00, 0.000000000000000e+00, 6.057187583618419e+04, 1.000000000000000e-10, 1.307825965778560e+09
507, 4.657966345000000e-01, -5.751528910000000e-02, 3.653462295556459e-01, 0.000000000000000e+00, 0.000000000000000e+00, 6.033525409254224e+04, 1.000000000000000e-10, 1.309106571162312e+09
508, 4.687890375000000e-01, -5.736119260000000e-02, 3.642624421227988e-01, 0.000000000000000e+00, 0.000000000000000e+00, 6.005766080364960e+04, 1.000000000000000e-10, 1.311226935656972e+09
509, 4.717816992000000e-01, -5.721221950000000e-02, 3.627987955078749e-01, 0.000000000000000e+00, 0.000000000000000e+00, 5.973153370825454e+04, 1.000000000000000e-10, 1.314977237785866e+09
510, 4.747745571000000e-01, -5.706722820000000e-02, 3.610793924632355e-01, 0.000000000000000e+00, 0.000000000000000e+00, 5.937148425689757e+04, 1.000000000000000e-10, 1.319815455234792e+09
511, 4.777672246000000e-01, -5.691837390000000e-02, 3.589419171257266e-01, 0.000000000000000e+00, 0.000000000000000e+00, 5.892832382303011e+04, 1.000000000000000e-10, 1.326000593213511e+09
512, 4.807592922000000e-01, -5.675795070000000e-02, 3.569462775117422e-01, 0.000000000000000e+00, 0.000000000000000e+00, 5.848779504672977e+04, 1.000000000000000e-10, 1.331292503611287e+09
513, 4.837507599000000e-01, -5.658667410000000e-02, 3.550084908973300e-01, 0.000000000000000e+00, 0.000000000000000e+00, 5.803177487898138e+04, 1.000000000000000e-10, 1.335904543672242e+09
514, 4.867417038000000e-01, -5.640648100000000e-02, 3.531403531494633e-01, 0.000000000000000e+00, 0.000000000000000e+00, 5.756867318800644e+04, 1.000000000000000e-10, 1.339968089238552e+09
515, 4.897320976000000e-01, -5.621737780000000e-02, 3.513984566186268e-01, 0.000000000000000e+00, 0.000000000000000e+00, 5.711862519726674e+04, 1.000000000000000e-10, 1.343379304982681e+09
516, 4.927219151000000e-01, -5.601937110000000e-02, 3.497852048237203e-01, 0.000000000000000e+00, 0.000000000000000e+00, 5.669273757294699e+04, 1.000000000000000e-10, 1.346314700297015e+09
517, 4.957111300000000e-01, -5.581246800000000e-02, 3.482644465002536e-01, 0.000000000000000e+00, 0.000000000000000e+00, 5.629416135702984e+04, 1.000000000000000e-10, 1.349156999121158e+09
518, 4.986997164000000e-01, -5.559667590000000e-02, 3.466792568064127e-01, 0.000000000000000e+00, 0.000000000000000e+00, 5.590337232493738e+04, 1.000000000000000e-10, 1.352658035764631e+09
519, 5.016875582000000e-01, -5.537082560000000e-02, 3.452207737663165e-01, 0.000000000000000e+00, 0.000000000000000e+00, 5.553809940927361e+04, 1.000000000000000e-10, 1.355738454197061e+09
520, 5.046744459000000e-01, -5.513267300000000e-02, 3.441507165476338e-01, 0.000000000000000e+00, 0.000000000000000e+00, 5.522752010371735e+04, 1.000000000000000e-10, 1.357157113122336e+09
521, 5.076609077000001e-01, -5.488922320000000e-02, 3.429252603923396e-01, 0.000000000000000e+00, 0.000000000000000e+00, 5.488162313848877e+04, 1.000000000000000e-10, 1.358937416083606e+09
522, 5.106475810000000e-01, -5.464838960000000e-02, 3.416659882176389e-01, 0.000000000000000e+00, 0.000000000000000e+00, 5.455074428313242e+04, 1.000000000000000e-10, 1.361243797144572e+09
523, 5.136347221999999e-01, -5.441342690000000e-02, 3.400951028472742e-01, 0.000000000000000e+00, 0.000000000000000e+00, 5.420046198459818e+04, 1.000000000000000e-10, 1.365463539887933e+09
524, 5.166218002000000e-01, -5.417766240000000e-02, 3.384389136370996e-01, 0.000000000000000e+00, 0.000000000000000e+00, 5.386366838663629e+04, 1.000000000000000e-10, 1.370603098331328e+09
525, 5.196081732000000e-01, -5.393315480000000e-02, 3.373934293770265e-01, 0.000000000000000e+00, 0.000000000000000e+00, 5.365288229527519e+04, 1.000000000000000e-10, 1.373912932070510e+09
526, 5.225935011000000e-01, -5.367618930000000e-02, 3.371001635602472e-01, 0.000000000000000e+00, 0.000000000000000e+00, 5.357574399886402e+04, 1.000000000000000e-10, 1.374442007812505e+09
527, 5.255780483000000e-01, -5.341030860000000e-02, 3.372170295468786e-01, 0.000000000000000e+00, 0.000000000000000e+00, 5.356194809574909e+04, 1.000000000000000e-10, 1.373264617170953e+09
528, 5.285617956000001e-01, -5.313559520000000e-02, 3.375914376136262e-01, 0.000000000000000e+00, 0.000000000000000e+00, 5.358652325866420e+04, 1.000000000000000e-10, 1.371025209330924e+09
529, 5.315447173000000e-01, -5.285205880000000e-02, 3.382156581822283e-01, 0.000000000000000e+00, 0.000000000000000e+00, 5.366542487149351e+04, 1.000000000000000e-10, 1.368066253045755e+09
530, 5.345267882000000e-01, -5.255970920000000e-02, 3.392409321196231e-01, 0.000000000000000e+00, 0.000000000000000e+00, 5.383585298160133e+04, 1.000000000000000e-10, 1.364072896096414e+09
531, 5.375079829000000e-01, -5.225855670000000e-02, 3.408402155052608e-01, 0.000000000000000e+00, 0.000000000000000e+00, 5.413035342498075e+04, 1.000000000000000e-10, 1.358471964770388e+09
532, 5.404882648000000e-01, -5.194849960000000e-02, 3.432135659554952e-01, 0.000000000000000e+00, 0.000000000000000e+00, 5.460028072600014e+04, 1.000000000000000e-10, 1.351029644522176e+09
533, 5.434672252000000e-01, -5.162600380000000e-02, 3.463650539835443e-01, 0.000000000000000e+00, 0.000000000000000e+00, 5.523680905705124e+04, 1.000000000000000e-10, 1.341507637270193e+09
534, 5.464452645000000e-01, -5.129509310000000e-02, 3.501183720105320e-01, 0.000000000000000e+00, 0.000000000000000e+00, 5.600394968875383e+04, 1.000000000000000e-10, 1.330457636513371e+09
535, 5.494232392000000e-01, -5.096360040000000e-02, 3.539954502953594e-01, 0.000000000000000e+00, 0.000000000000000e+00, 5.682516855596608e+04, 1.000000000000000e-10, 1.319708972667721e+09
536, 5.524018620000000e-01, -5.063798680000000e-02, 3.578864244134170e-01, 0.000000000000000e+00, 0.000000000000000e+00, 5.768072087541565e+04, 1.000000000000000e-10, 1.309715120949919e+09
537, 5.553807501000000e-01, -5.031480440000000e-02, 3.613108581349720e-01, 0.000000000000000e+00, 0.000000000000000e+00, 5.846341186607048e+04, 1.000000000000000e-10, 1.301553246751788e+09
538, 5.583590480000000e-01, -4.998623770000000e-02, 3.642198891073342e-01, 0.000000000000000e+00, 0.000000000000000e+00, 5.913108685710615e+04, 1.000000000000000e-10, 1.294772794946219e+09
539, 5.613359734000000e-01, -4.964547060000000e-02, 3.664405365736744e-01, 0.000000000000000e+00, 0.000000000000000e+00, 5.962692520598196e+04, 1.000000000000000e-10, 1.289386169555663e+09
540, 5.643117559000000e-01, -4.929485250000000e-02, 3.682619139286348e-01, 0.000000000000000e+00, 0.000000000000000e+00, 6.000547984085912e+04, 1.000000000000000e-10, 1.284464567646830e+09
541, 5.672864971000000e-01, -4.893550630000000e-02, 3.697909613393779e-01, 0.000000000000000e+00, 0.000000000000000e+00, 6.029721117830292e+04, 1.000000000000000e-10, 1.279871511265079e+09
542, 5.702601725000001e-01, -4.856744460000000e-02, 3.711202908445458e-01, 0.000000000000000e+00, 0.000000000000000e+00, 6.052791052976244e+04, 1.000000000000000e-10, 1.275530069770653e+09
543, 5.732327578000000e-01, -4.819067990000000e-02, 3.723235374046849e-01, 0.000000000000000e+00, 0.000000000000000e+00, 6.072247966158921e+04, 1.000000000000000e-10, 1.271362993867468e+09
544, 5.762042288000000e-01, -4.780522520000000e-02, 3.734613058334257e-01, 0.000000000000000e+00, 0.000000000000000e+00, 6.089959371914592e+04, 1.000000000000000e-10, 1.267345707454219e+09
545, 5.791745615000000e-01, -4.741109350000000e-02, 3.745801687451766e-01, 0.000000000000000e+00, 0.000000000000000e+00, 6.107146161192283e+04, 1.000000000000000e-10, 1.263379121858132e+09
546, 5.821437317000000e-01, -4.700829840000000e-02, 3.757053502313299e-01, 0.000000000000000e+00, 0.000000000000000e+00, 6.124751657103634e+04, 1.000000000000000e-10, 1.259488283072332e+09
547, 5.851117156000000e-01, -4.659685360000000e-02, 3.768774781062597e-01, 0.000000000000000e+00, 0.000000000000000e+00, 6.143786004029830e+04, 1.000000000000000e-10, 1.255558689270355e+09
548, 5.880784894000000e-01, -4.617677290000000e-02, 3.781489467098524e-01, 0.000000000000000e+00, 0.000000000000000e+00, 6.165459960958690e+04, 1.000000000000000e-10, 1.251495996363025e+09
549, 5.910439602000001e-01, -4.574759280000000e-02, 3.795520688658859e-01, 0.000000000000000e+00, 0.000000000000000e+00, 6.190261272497561e+04, 1.000000000000000e-10, 1.247149562544532e+09
550, 5.940076158000001e-01, -4.530605300000000e-02, 3.810172903353013e-01, 0.000000000000000e+00, 0.000000000000000e+00, 6.215849379409448e+04, 1.000000000000000e-10, 1.242656103737414e+09
551, 5.969702442000000e-01, -4.485766250000000e-02, 3.825590615469643e-01, 0.000000000000000e+00, 0.000000000000000e+00, 6.242756677144337e+04, 1.000000000000000e-10, 1.237935797221151e+09
552, 5.999329905000000e-01, -4.441005360000000e-02, 3.837612860440607e-01, 0.000000000000000e+00, 0.000000000000000e+00, 6.263754661687976e+04, 1.000000000000000e-10, 1.234248824992851e+09
553, 6.028966429000000e-01, -4.396848360000000e-02, 3.849460346301515e-01, 0.000000000000000e+00, 0.000000000000000e+00, 6.286358780025860e+04, 1.000000000000000e-10, 1.230983349288465e+09
554, 6.058604630000000e-01, -4.352803920000000e-02, 3.858066249950304e-01, 0.000000000000000e+00, 0.000000000000000e+00, 6.303296299331303e+04, 1.000000000000000e-10, 1.228723148878843e+09
555, 6.088233068000000e-01, -4.308108430000000e-02, 3.868409642402611e-01, 0.000000000000000e+00, 0.000000000000000e+00, 6.322254385955281e+04, 1.000000000000000e-10, 1.225767752939509e+09
556, 6.117840715000000e-01, -4.262056990000000e-02, 3.879523048972249e-01, 0.000000000000000e+00, 0.000000000000000e+00, 6.340971782773626e+04, 1.000000000000000e-10, 1.222347920350072e+09
557, 6.147428891000000e-01, -4.214769180000000e-02, 3.891066993158522e-01, 0.000000000000000e+00, 0.000000000000000e+00, 6.359668738564735e+04, 1.000000000000000e-10, 1.218694351983819e+09
558, 6.177009164000000e-01, -4.166988860000000e-02, 3.902631204655008e-01, 0.000000000000000e+00, 0.000000000000000e+00, 6.378547798045753e+04, 1.000000000000000e-10, 1.215073482845420e+09
559, 6.206593651000000e-01, -4.119470460000000e-02, 3.914014239865726e-01, 0.000000000000000e+00, 0.000000000000000e+00, 6.397759595454368e+04, 1.000000000000000e-10, 1.211634739605755e+09
560, 6.236187181000000e-01, -4.072518330000000e-02, 3.924668266022818e-01, 0.000000000000000e+00, 0.000000000000000e+00, 6.417027865724387e+04, 1.000000000000000e-10, 1.208658185274727e+09
561, 6.265779548000000e-01, -4.025493070000000e-02, 3.933476920661189e-01, 0.000000000000000e+00, 0.000000000000000e+00, 6.433894222545214e+04, 1.000000000000000e-10, 1.206333255145903e+09
562, 6.295358580000000e-01, -3.977637300000000e-02, 3.942353485244620e-01, 0.000000000000000e+00, 0.000000000000000e+00, 6.450638088892125e+04, 1.000000000000000e-10, 1.203959176559713e+09
563, 6.324917848000000e-01, -3.928575100000000e-02, 3.951589070116033e-01, 0.000000000000000e+00, 0.000000000000000e+00, 6.467150522592360e+04, 1.000000000000000e-10, 1.201360303572869e+09
564, 6.354462727000000e-01, -3.878653410000000e-02, 3.961156781968902e-01, 0.000000000000000e+00, 0.000000000000000e+00, 6.483881928128887e+04, 1.000000000000000e-10, 1.198614857856084e+09
565, 6.383993153000000e-01, -3.827883870000000e-02, 3.971086756888624e-01, 0.000000000000000e+00, 0.000000000000000e+00, 6.501143011360056e+04, 1.000000000000000e-10, 1.195770665744062e+09
566, 6.413507560000000e-01, -3.776191640000000e-02, 3.981852774615063e-01, 0.000000000000000e+00, 0.000000000000000e+00, 6.519707489718016e+04, 1.000000000000000e-10, 1.192664493038205e+09
567, 6.443000666000001e-01, -3.723297330000000e-02, 3.993663902534497e-01, 0.000000000000000e+00, 0.000000000000000e+00, 6.539676704796032e+04, 1.000000000000000e-10, 1.189238067414666e+09
568, 6.472482997000000e-01, -3.669805020000000e-02, 4.005693088665435e-01, 0.000000000000000e+00, 0.000000000000000e+00, 6.559825239107273e+04, 1.000000000000000e-10, 1.185749558563831e+09
569, 6.501967952000000e-01, -3.616457690000000e-02, 4.018233518396824e-01, 0.000000000000000e+00, 0.000000000000000e+00, 6.581035135098652e+04, 1.000000000000000e-10, 1.182148891398410e+09
570, 6.531457706000000e-01, -3.563376130000000e-02, 4.031587532454464e-01, 0.000000000000000e+00, 0.000000000000000e+00, 6.604637441782698e+04, 1.000000000000000e-10, 1.178488365423312e+09
571, 6.560947461000000e-01, -3.510294570000000e-02, 4.042626827481360e-01, 0.000000000000000e+00, 0.000000000000000e+00, 6.624313868926639e+04, 1.000000000000000e-10, 1.175493307177513e+09
572, 6.590437216000000e-01, -3.457213010000000e-02, 4.050231933645814e-01, 0.000000000000000e+00, 0.000000000000000e+00, 6.637863536481652e+04, 1.000000000000000e-10, 1.173444012553133e+09
573, 6.619929736000000e-01, -3.404285490000000e-02, 4.059220922154954e-01, 0.000000000000000e+00, 0.000000000000000e+00, 6.654900552218502e+04, 1.000000000000000e-10, 1.171180496583099e+09
574, 6.649427455000000e-01, -3.351648340000000e-02, 4.068837714759654e-01, 0.000000000000000e+00, 0.000000000000000e+00, 6.673626616145654e+04, 1.000000000000000e-10, 1.168840463889716e+09
575, 6.678917876000000e-01, -3.298604320000000e-02, 4.078855210310558e-01, 0.000000000000000e+00, 0.000000000000000e+00, 6.693107858050746e+04, 1.000000000000000e-10, 1.166404956640120e+09
576, 6.708387459000000e-01, -3.244415800000000e-02, 4.089728625142131e-01, 0.000000000000000e+00, 0.000000000000000e+00, 6.713546028224724e+04, 1.000000000000000e-10, 1.163675269196860e+09
577, 6.737831424000000e-01, -3.188851370000000e-02, 4.101580307773137e-01, 0.000000000000000e+00, 0.000000000000000e+00, 6.734951427883616e+04, 1.000000000000000e-10, 1.160589407396658e+09
578, 6.767261656000000e-01, -3.132563310000000e-02, 4.114986876395839e-01, 0.000000000000000e+00, 0.000000000000000e+00, 6.758990637035288e+04, 1.000000000000000e-10, 1.157094395881002e+09
579, 6.796692174000000e-01, -3.076290160000000e-02, 4.126354641540493e-01, 0.000000000000000e+00, 0.000000000000000e+00, 6.779207820591374e+04, 1.000000000000000e-10, 1.154111875616663e+09
580, 6.826129130000000e-01, -3.020354650000000e-02, 4.139116741452741e-01, 0.000000000000000e+00, 0.000000000000000e+00, 6.803144983992673e+04, 1.000000000000000e-10, 1.150968151677679e+09
581, 6.855566182000000e-01, -2.964424250000000e-02, 4.150759488896053e-01, 0.000000000000000e+00, 0.000000000000000e+00, 6.825786606998353e+04, 1.000000000000000e-10, 1.148204241516747e+09
582, 6.885003235000000e-01, -2.908493850000000e-02, 4.161246561955055e-01, 0.000000000000000e+00, 0.000000000000000e+00, 6.846838516858478e+04, 1.000000000000000e-10, 1.145836154707826e+09
583, 6.914440287000000e-01, -2.852563450000000e-02, 4.170803143155161e-01, 0.000000000000000e+00, 0.000000000000000e+00, 6.866062723373360e+04, 1.000000000000000e-10, 1.143691666783646e+09
584, 6.943877340000000e-01, -2.796633050000000e-02, 4.179974156897333e-01, 0.000000000000000e+00, 0.000000000000000e+00, 6.884152850192439e+04, 1.000000000000000e-10, 1.141591726747170e+09
585, 6.973314392000000e-01, -2.740702650000000e-02, 4.188160791511104e-01, 0.000000000000000e+00, 0.000000000000000e+00, 6.899788179792982e+04, 1.000000000000000e-10, 1.139653484975961e+09
586, 7.002751444999999e-01, -2.684772250000000e-02, 4.198042539690968e-01, 0.000000000000000e+00, 0.000000000000000e+00, 6.918524189542980e+04, 1.000000000000000e-10, 1.137303871768861e+09
587, 7.032188497000000e-01, -2.628841850000000e-02, 4.207005978895630e-01, 0.000000000000000e+00, 0.000000000000000e+00, 6.935399151014956e+04, 1.000000000000000e-10, 1.135164575214319e+09
588, 7.061625550000000e-01, -2.572911460000000e-02, 4.215040290284486e-01, 0.000000000000000e+00, 0.000000000000000e+00, 6.950438950609372e+04, 1.000000000000000e-10, 1.133286688878828e+09
589, 7.091062603000000e-01, -2.516981060000000e-02, 4.222138255553808e-01, 0.000000000000000e+00, 0.000000000000000e+00, 6.963381468185259e+04, 1.000000000000000e-10, 1.131547394276346e+09
590, 7.120499655000000e-01, -2.461050660000000e-02, 4.230872871137613e-01, 0.000000000000000e+00, 0.000000000000000e+00, 6.979533308365116e+04, 1.000000000000000e-10, 1.129444304960681e+09
591, 7.149936708000000e-01, -2.405120260000000e-02, 4.238651475668961e-01, 0.000000000000000e+00, 0.000000000000000e+00, 6.993881784659371e+04, 1.000000000000000e-10, 1.127573146250854e+09
592, 7.179373760000000e-01, -2.349189860000000e-02, 4.245642887997162e-01, 0.000000000000000e+00, 0.000000000000000e+00, 7.006787982283883e+04, 1.000000000000000e-10, 1.125897849215882e+09
593, 7.208810812999999e-01, -2.293259460000000e-02, 4.251918858768009e-01, 0.000000000000000e+00, 0.000000000000000e+00, 7.018154713456497e+04, 1.000000000000000e-10, 1.124369269834948e+09
594, 7.238247865000000e-01, -2.237329060000000e-02, 4.259546341598127e-01, 0.000000000000000e+00, 0.000000000000000e+00, 7.032240283662238e+04, 1.000000000000000e-10, 1.122552704396830e+09
595, 7.267684918000000e-01, -2.181398660000000e-02, 4.266358830305605e-01, 0.000000000000000e+00, 0.000000000000000e+00, 7.044853769052704e+04, 1.000000000000000e-10, 1.120939442112658e+09
596, 7.297121971000000e-01, -2.125468260000000e-02, 4.272148600920307e-01, 0.000000000000000e+00, 0.000000000000000e+00, 7.055413393918127e+04, 1.000000000000000e-10, 1.119550991808273e+09
597, 7.326559023000000e-01, -2.069537860000000e-02, 4.279182539046680e-01, 0.000000000000000e+00, 0.000000000000000e+00, 7.068602244321436e+04, 1.000000000000000e-10, 1.117915677186359e+09
598, 7.355996076000000e-01, -2.013607460000000e-02, 4.285239314755616e-01, 0.000000000000000e+00, 0.000000000000000e+00, 7.079983177271528e+04, 1.000000000000000e-10, 1.116514446564912e+09
599, 7.385433128000000e-01, -1.957677060000000e-02, 4.291000058195278e-01, 0.000000000000000e+00, 0.000000000000000e+00, 7.090924824713843e+04, 1.000000000000000e-10, 1.115200051045895e+09
600, 7.414870181000000e-01, -1.901746660000000e-02, 4.296593530300193e-01, 0.000000000000000e+00, 0.000000000000000e+00, 7.101639098169272e+04, 1.000000000000000e-10, 1.113938380743694e+09
601, 7.444307233000000e-01, -1.845816260000000e-02, 4.302494202650078e-01, 0.000000000000000e+00, 0.000000000000000e+00, 7.113177715963102e+04, 1.000000000000000e-10, 1.112640824388950e+09
602, 7.473744286000000e-01, -1.789885860000000e-02, 4.307732911739884e-01, 0.000000000000000e+00, 0.000000000000000e+00, 7.123499356089406e+04, 1.000000000000000e-10, 1.111501223557464e+09
603, 7.503181249000000e-01, -1.733950730000000e-02, 4.313106532761673e-01, 0.000000000000000e+00, 0.000000000000000e+00, 7.134386339045536e+04, 1.000000000000000e-10, 1.110372996837570e+09
604, 7.532611798000000e-01, -1.677679240000000e-02, 4.319079916791911e-01, 0.000000000000000e+00, 0.000000000000000e+00, 7.146229045230824e+04, 1.000000000000000e-10, 1.109085772613946e+09
605, 7.562042001000000e-01, -1.621389660000000e-02, 4.324026740019974e-01, 0.000000000000000e+00, 0.000000000000000e+00, 7.156042756526302e+04, 1.000000000000000e-10, 1.108021958005873e+09
606, 7.591485878000001e-01, -1.565820530000000e-02, 4.329141033464333e-01, 0.000000000000000e+00, 0.000000000000000e+00, 7.166483673867697e+04, 1.000000000000000e-10, 1.106964531955193e+09
607, 7.620955345000000e-01, -1.511625730000000e-02, 4.334415972624933e-01, 0.000000000000000e+00, 0.000000000000000e+00, 7.177326989266214e+04, 1.000000000000000e-10, 1.105885298397043e+09
608, 7.650445705000000e-01, -1.458578350000000e-02, 4.339695444702319e-01, 0.000000000000000e+00, 0.000000000000000e+00, 7.188120497751146e+04, 1.000000000000000e-10, 1.104807828971609e+09
609, 7.679943422000000e-01, -1.405941050000000e-02, 4.344909604550637e-01, 0.000000000000000e+00, 0.000000000000000e+00, 7.198787097157726e+04, 1.000000000000000e-10, 1.103748803777031e+09
610, 7.709435269000000e-01, -1.352976200000000e-02, 4.349944988551620e-01, 0.000000000000000e+00, 0.000000000000000e+00, 7.209008390253605e+04, 1.000000000000000e-10, 1.102707754198037e+09
611, 7.738917632000000e-01, -1.299485690000000e-02, 4.355686033310293e-01, 0.000000000000000e+00, 0.000000000000000e+00, 7.220506821265022e+04, 1.000000000000000e-10, 1.101496285325613e+09
612, 7.768402548000000e-01, -1.246136210000000e-02, 4.360101232044528e-01, 0.000000000000000e+00, 0.000000000000000e+00, 7.229360820932080e+04, 1.000000000000000e-10, 1.100573257480751e+09
613, 7.797903352000000e-01, -1.193673480000000e-02, 4.364667409201998e-01, 0.000000000000000e+00, 0.000000000000000e+00, 7.238733794535925e+04, 1.000000000000000e-10, 1.099625683996083e+09
614, 7.827429347000000e-01, -1.142647830000000e-02, 4.369460210844526e-01, 0.000000000000000e+00, 0.000000000000000e+00, 7.248378176515667e+04, 1.000000000000000e-10, 1.098634724661362e+09
615, 7.856972424999999e-01, -1.092619490000000e-02, 4.374255265032166e-01, 0.000000000000000e+00, 0.000000000000000e+00, 7.257787996619522e+04, 1.000000000000000e-10, 1.097611600412316e+09
616, 7.886519677000000e-01, -1.042837940000000e-02, 4.378973876958603e-01, 0.000000000000000e+00, 0.000000000000000e+00, 7.267038189699005e+04, 1.000000000000000e-10, 1.096609097682123e+09
617, 7.916060843000000e-01, -9.926965700000000e-03, 4.383815627641209e-01, 0.000000000000000e+00, 0.000000000000000e+00, 7.276621316834274e+04, 1.000000000000000e-10, 1.095585416671790e+09
618, 7.945600712999999e-01, -9.424787900000000e-03, 4.387466881477946e-01, 0.000000000000000e+00, 0.000000000000000e+00, 7.284098585626976e+04, 1.000000000000000e-10, 1.094848083973809e+09
619, 7.975140582000000e-01, -8.922610100000001e-03, 4.391516766143106e-01, 0.000000000000000e+00, 0.000000000000000e+00, 7.292830534689630e+04, 1.000000000000000e-10, 1.094086382803345e+09
620, 8.004680280000001e-01, -8.420330800000000e-03, 4.395060980197298e-01, 0.000000000000000e+00, 0.000000000000000e+00, 7.300948505462232e+04, 1.000000000000000e-10, 1.093519542530361e+09
621, 8.034213936000000e-01, -7.914512699999999e-03, 4.398986715275792e-01, 0.000000000000000e+00, 0.000000000000000e+00, 7.310183264873677e+04, 1.000000000000000e-10, 1.092877489280781e+09
622, 8.063747975000000e-01, -7.408918400000000e-03, 4.401445795933637e-01, 0.000000000000000e+00, 0.000000000000000e+00, 7.316706864487361e+04, 1.000000000000000e-10, 1.092528848129763e+09
623, 8.093295144000000e-01, -6.911064600000000e-03, 4.404198422043690e-01, 0.000000000000000e+00, 0.000000000000000e+00, 7.323731194536069e+04, 1.000000000000000e-10, 1.092145306443688e+09
624, 8.122862570000000e-01, -6.425381100000000e-03, 4.407461717556555e-01, 0.000000000000000e+00, 0.000000000000000e+00, 7.331249993723945e+04, 1.000000000000000e-10, 1.091625162285716e+09
625, 8.152444195000000e-01, -5.948422800000000e-03, 4.410938106386235e-01, 0.000000000000000e+00, 0.000000000000000e+00, 7.338631576563545e+04, 1.000000000000000e-10, 1.090969807094357e+09
626, 8.182039458000000e-01, -5.480001300000000e-03, 4.414591078398626e-01, 0.000000000000000e+00, 0.000000000000000e+00, 7.345923343762592e+04, 1.000000000000000e-10, 1.090215283283427e+09
627, 8.211648134000000e-01, -5.020132300000000e-03, 4.418425139262619e-01, 0.000000000000000e+00, 0.000000000000000e+00, 7.353226627755075e+04, 1.000000000000000e-10, 1.089359305614606e+09
628, 8.241269989000000e-01, -4.568831200000000e-03, 4.422404833090471e-01, 0.000000000000000e+00, 0.000000000000000e+00, 7.360557644230401e+04, 1.000000000000000e-10, 1.088431205598832e+09
629, 8.270904793000000e-01, -4.126113200000000e-03, 4.426474509490114e-01, 0.000000000000000e+00, 0.000000000000000e+00, 7.367903491861813e+04, 1.000000000000000e-10, 1.087512967680994e+09
630, 8.300552314000000e-01, -3.691994500000000e-03, 4.430712417215968e-01, 0.000000000000000e+00, 0.000000000000000e+00, 7.375516861966085e+04, 1.000000000000000e-10, 1.086535929525221e+09
631, 8.330216764000000e-01, -3.269608000000000e-03, 4.434965217282341e-01, 0.000000000000000e+00, 0.000000000000000e+00, 7.383232345560775e+04, 1.000000000000000e-10, 1.085573553153057e+09
632, 8.359894521000000e-01, -2.856659800000000e-03, 4.439035379918888e-01, 0.000000000000000e+00, 0.000000000000000e+00, 7.390840161772618e+04, 1.000000000000000e-10, 1.084682017989111e+09
633, 8.389574719000000e-01, -2.445467200000000e-03, 4.442710752323704e-01, 0.000000000000000e+00, 0.000000000000000e+00, 7.398359682668727e+04, 1.000000000000000e-10, 1.083965760794244e+09
634, 8.419245535000000e-01, -2.027571400000000e-03, 4.445811879699763e-01, 0.000000000000000e+00, 0.000000000000000e+00, 7.405749409076202e+04, 1.000000000000000e-10, 1.083482438570550e+09
635, 8.448907007000001e-01, -1.603081000000000e-03, 4.448409876683559e-01, 0.000000000000000e+00, 0.000000000000000e+00, 7.413257704942558e+04, 1.000000000000000e-10, 1.083246964751168e+09
636, 8.478579874000000e-01, -1.186655300000000e-03, 4.450967452198422e-01, 0.000000000000000e+00, 0.000000000000000e+00, 7.420907531403669e+04, 1.000000000000000e-10, 1.083031021164785e+09
637, 8.508284127000000e-01, -7.933073000000000e-04, 4.453970394899109e-01, 0.000000000000000e+00, 0.000000000000000e+00, 7.428554811543650e+04, 1.000000000000000e-10, 1.082562007467497e+09
638, 8.538020126000000e-01, -4.246734000000000e-04, 4.457218754411306e-01, 0.000000000000000e+00, 0.000000000000000e+00, 7.435791436095738e+04, 1.000000000000000e-10, 1.082050862716847e+09
639, 8.567775810000000e-01, -7.225130000000000e-05, 4.460621157594784e-01, 0.000000000000000e+00, 0.000000000000000e+00, 7.442662255495602e+04, 1.000000000000000e-10, 1.081368198985995e+09
640, 8.597541393000000e-01, 2.717253000000000e-04, 4.464054390061795e-01, 0.000000000000000e+00, 0.000000000000000e+00, 7.449292664820404e+04, 1.000000000000000e-10, 1.080623343335217e+09
641, 8.627313085000000e-01, 6.103705000000000e-04, 4.467459428135483e-01, 0.000000000000000e+00, 0.000000000000000e+00, 7.455934330754005e+04, 1.000000000000000e-10, 1.079896621360036e+09
642, 8.657094571000000e-01, 9.402886000000000e-04, 4.470741081583173e-01, 0.000000000000000e+00, 0.000000000000000e+00, 7.462488476657693e+04, 1.000000000000000e-10, 1.079239433609960e+09
643, 8.686885639000000e-01, 1.261439300000000e-03, 4.473810668914508e-01, 0.000000000000000e+00, 0.000000000000000e+00, 7.468947540978923e+04, 1.000000000000000e-10, 1.078657439894301e+09
644, 8.716684840000000e-01, 1.574958600000000e-03, 4.476561057155375e-01, 0.000000000000000e+00, 0.000000000000000e+00, 7.475256033316898e+04, 1.000000000000000e-10, 1.078208104413213e+09
645, 8.746489628000000e-01, 1.883117200000000e-03, 4.478962508183669e-01, 0.000000000000000e+00, 0.000000000000000e+00, 7.481238795991561e+04, 1.000000000000000e-10, 1.077863568396389e+09
646, 8.776306820999999e-01, 2.179005900000000e-03, 4.481354798884934e-01, 0.000000000000000e+00, 0.000000000000000e+00, 7.487057367074891e+04, 1.000000000000000e-10, 1.077494919549166e+09
647, 8.806143131000000e-01, 2.454910800000000e-03, 4.483956167432703e-01, 0.000000000000000e+00, 0.000000000000000e+00, 7.492818382077414e+04, 1.000000000000000e-10, 1.077036919315857e+09
648, 8.835997117000000e-01, 2.711016100000000e-03, 4.486700977681820e-01, 0.000000000000000e+00, 0.000000000000000e+00, 7.498416686911102e+04, 1.000000000000000e-10, 1.076521135333578e+09
649, 8.865865769000000e-01, 2.949408900000000e-03, 4.489565063811021e-01, 0.000000000000000e+00, 0.000000000000000e+00, 7.503956564274788e+04, 1.000000000000000e-10, 1.075923111786368e+09
650, 8.895748055000000e-01, 3.170055600000000e-03, 4.492516999920448e-01, 0.000000000000000e+00, 0.000000000000000e+00, 7.509388526771498e+04, 1.000000000000000e-10, 1.075230240230740e+09
651, 8.925644546000000e-01, 3.370490400000000e-03, 4.495519247425836e-01, 0.000000000000000e+00, 0.000000000000000e+00, 7.514761513998601e+04, 1.000000000000000e-10, 1.074568144253239e+09
652, 8.955553676000000e-01, 3.551155100000000e-03, 4.498369981125043e-01, 0.000000000000000e+00, 0.000000000000000e+00, 7.519843729420273e+04, 1.000000000000000e-10, 1.073924730166773e+09
653, 8.985469777000000e-01, 3.719930400000000e-03, 4.500828010518122e-01, 0.000000000000000e+00, 0.000000000000000e+00, 7.524588468798314e+04, 1.000000000000000e-10, 1.073417418087643e+09
654, 9.015387704000000e-01, 3.885451900000000e-03, 4.502608028006364e-01, 0.000000000000000e+00, 0.000000000000000e+00, 7.529105861202827e+04, 1.000000000000000e-10, 1.073187150875463e+09
655, 9.045306080000000e-01, 4.050146900000000e-03, 4.503715261229995e-01, 0.000000000000000e+00, 0.000000000000000e+00, 7.533522881862833e+04, 1.000000000000000e-10, 1.073223546028218e+09
656, 9.075232441000000e-01, 4.199497100000000e-03, 4.504940668785274e-01, 0.000000000000000e+00, 0.000000000000000e+00, 7.538481291265786e+04, 1.000000000000000e-10, 1.073284066712094e+09
657, 9.105172638000000e-01, 4.317576000000000e-03, 4.506831515569997e-01, 0.000000000000000e+00, 0.000000000000000e+00, 7.543897024076515e+04, 1.000000000000000e-10, 1.073096825632098e+09
658, 9.135124732000000e-01, 4.400428400000000e-03, 4.508954885862210e-01, 0.000000000000000e+00, 0.000000000000000e+00, 7.548832736120574e+04, 1.000000000000000e-10, 1.072752704072743e+09
659, 9.165083028000000e-01, 4.456858500000000e-03, 4.510920058740936e-01, 0.000000000000000e+00, 0.000000000000000e+00, 7.552828953576525e+04, 1.000000000000000e-10, 1.072337232822729e+09
660, 9.195044264000000e-01, 4.494915400000000e-03, 4.512249363605929e-01, 0.000000000000000e+00, 0.000000000000000e+00, 7.556043390719932e+04, 1.000000000000000e-10, 1.072146725998746e+09
661, 9.225006781000000e-01, 4.521098200000000e-03, 4.512859514046152e-01, 0.000000000000000e+00, 0.000000000000000e+00, 7.558844105025622e+04, 1.000000000000000e-10, 1.072215660769558e+09
662, 9.254970225000000e-01, 4.531556300000000e-03, 4.513130636421391e-01, 0.000000000000000e+00, 0.000000000000000e+00, 7.561662383390375e+04, 1.000000000000000e-10, 1.072426562251769e+09
663, 9.284933501000000e-01, 4.518230800000000e-03, 4.513754609721641e-01, 0.000000000000000e+00, 0.000000000000000e+00, 7.565118471089874e+04, 1.000000000000000e-10, 1.072571801341983e+09
664, 9.314893480999999e-01, 4.472444700000000e-03, 4.514560646625731e-01, 0.000000000000000e+00, 0.000000000000000e+00, 7.568289360536102e+04, 1.000000000000000e-10, 1.072592054977299e+09
665, 9.344846103000000e-01, 4.391470900000000e-03, 4.515296843391615e-01, 0.000000000000000e+00, 0.000000000000000e+00, 7.570445192766024e+04, 1.000000000000000e-10, 1.072524365580377e+09
666, 9.374792507000000e-01, 4.289801600000000e-03, 4.515532897022357e-01, 0.000000000000000e+00, 0.000000000000000e+00, 7.571205915592812e+04, 1.000000000000000e-10, 1.072476897442311e+09
667, 9.404737331000000e-01, 4.183520900000000e-03, 4.514659881589306e-01, 0.000000000000000e+00, 0.000000000000000e+00, 7.570671421085557e+04, 1.000000000000000e-10, 1.072824650040099e+09
668, 9.434683278000000e-01, 4.080451000000000e-03, 4.513043890383962e-01, 0.000000000000000e+00, 0.000000000000000e+00, 7.570360752623438e+04, 1.000000000000000e-10, 1.073488061004155e+09
669, 9.464625694000000e-01, 3.967701700000000e-03, 4.511047778914766e-01, 0.000000000000000e+00, 0.000000000000000e+00, 7.570022313681329e+04, 1.000000000000000e-10, 1.074267028504178e+09
670, 9.494557192999999e-01, 3.829211000000000e-03, 4.509591794747980e-01, 0.000000000000000e+00, 0.000000000000000e+00, 7.570038068127508e+04, 1.000000000000000e-10, 1.074900434748479e+09
671, 9.524469545000001e-01, 3.654174900000000e-03, 4.508679586627359e-01, 0.000000000000000e+00, 0.000000000000000e+00, 7.570013829037464e+04, 1.000000000000000e-10, 1.075331807247860e+09
672, 9.554363444000000e-01, 3.449926600000000e-03, 4.507484787661040e-01, 0.000000000000000e+00, 0.000000000000000e+00, 7.568721111558506e+04, 1.000000000000000e-10, 1.075700039021955e+09
673, 9.584242260000000e-01, 3.224624800000000e-03, 4.504329703347207e-01, 0.000000000000000e+00, 0.000000000000000e+00, 7.564566083545735e+04, 1.000000000000000e-10, 1.076557370117090e+09
674, 9.614110739000000e-01, 2.985978000000000e-03, 4.498623216585845e-01, 0.000000000000000e+00, 0.000000000000000e+00, 7.558335844048674e+04, 1.000000000000000e-10, 1.078349400336076e+09
675, 9.643968526000000e-01, 2.734335600000000e-03, 4.491216388828022e-01, 0.000000000000000e+00, 0.000000000000000e+00, 7.552204644716656e+04, 1.000000000000000e-10, 1.080847307568848e+09
676, 9.673808280000000e-01, 2.462191300000000e-03, 4.482418191434663e-01, 0.000000000000000e+00, 0.000000000000000e+00, 7.546488957272949e+04, 1.000000000000000e-10, 1.084033867207433e+09
677, 9.703620847000000e-01, 2.161784500000000e-03, 4.471764519609835e-01, 0.000000000000000e+00, 0.000000000000000e+00, 7.539036723830538e+04, 1.000000000000000e-10, 1.087854409420321e+09
678, 9.733402982000000e-01, 1.832532300000000e-03, 4.457676595391494e-01, 0.000000000000000e+00, 0.000000000000000e+00, 7.527561233996875e+04, 1.000000000000000e-10, 1.092764632050043e+09
679, 9.763154943000000e-01, 1.477044900000000e-03, 4.434169838571198e-01, 0.000000000000000e+00, 0.000000000000000e+00, 7.504973817721586e+04, 1.000000000000000e-10, 1.100613120870210e+09
680, 9.792874526000001e-01, 1.095432300000000e-03, 4.405670222104919e-01, 0.000000000000000e+00, 0.000000000000000e+00, 7.478936519043159e+04, 1.000000000000000e-10, 1.110433971419762e+09
681, 9.822556855000000e-01, 6.858801000000000e-04, 4.383075755083854e-01, 0.000000000000000e+00, 0.000000000000000e+00, 7.470780694400288e+04, 1.000000000000000e-10, 1.119861512617848e+09
682, 9.852198673000000e-01, 2.479352000000000e-04, 4.358779479048663e-01, 0.000000000000000e+00, 0.000000000000000e+00, 7.471858906814072e+04, 1.000000000000000e-10, 1.131360948757993e+09
683, 9.881808922000000e-01, -2.108983000000000e-04, 4.329326150170616e-01, 0.000000000000000e+00, 0.000000000000000e+00, 7.484779484802975e+04, 1.000000000000000e-10, 1.146976263625075e+09
684, 9.911395461000000e-01, -6.847765000000000e-04, 4.303655319726669e-01, 0.000000000000000e+00, 0.000000000000000e+00, 7.492919881733863e+04, 1.000000000000000e-10, 1.160435180991741e+09
685, 9.940944037000000e-01, -1.181769000000000e-03, 4.265005980924353e-01, 0.000000000000000e+00, 0.000000000000000e+00, 7.449202163127006e+04, 1.000000000000000e-10, 1.173979604494992e+09
686, 9.970470357000000e-01, -1.691851000000000e-03, 4.129937485766560e-01, 0.000000000000000e+00, 0.000000000000000e+00, 7.208472409370383e+04, 1.000000000000000e-10, 1.211716197152184e+09
687, 1.000000000000000e+00, 5.500000000000000e-04, 3.846006879450407e-01, 0.000000000000000e+00, 0.000000000000000e+00, 6.552733602361753e+04, 1.000000000000000e-10, 1.275812714089087e+09
