"PointID","x","y","Density","Momentum_x","Momentum_y","Energy","Turb_Kin_Energy","Omega"
0, 1.000000000000000e+00, 3.300000000000000e-03, 3.969215970957570e-01, 0.000000000000000e+00, 0.000000000000000e+00, 6.733059136258117e+04, 1.000000000000000e-10, 1.231783477116193e+09
1, 1.000000000000000e+00, -2.200000000000000e-03, 3.882860215743781e-01, 0.000000000000000e+00, 0.000000000000000e+00, 6.627406081110187e+04, 1.000000000000000e-10, 1.265558258489041e+09
6, 9.970624071000000e-01, 3.890565800000000e-03, 4.053619037777704e-01, 0.000000000000000e+00, 0.000000000000000e+00, 6.986493437306536e+04, 1.000000000000000e-10, 1.221885658375197e+09
7, 9.941250122000000e-01, 4.482116400000000e-03, 4.113134688539932e-01, 0.000000000000000e+00, 0.000000000000000e+00, 7.099248884957151e+04, 1.000000000000000e-10, 1.205615538836338e+09
8, 9.911863511000000e-01, 5.067337600000000e-03, 4.126666957394027e-01, 0.000000000000000e+00, 0.000000000000000e+00, 7.096790641171968e+04, 1.000000000000000e-10, 1.198165801115574e+09
9, 9.882453375000000e-01, 5.640619800000000e-03, 4.129147385249833e-01, 0.000000000000000e+00, 0.000000000000000e+00, 7.047348959919030e+04, 1.000000000000000e-10, 1.190048723936743e+09
10, 9.853025951000000e-01, 6.204961100000000e-03, 4.135658649286623e-01, 0.000000000000000e+00, 0.000000000000000e+00, 6.998571276798753e+04, 1.000000000000000e-10, 1.179858581131461e+09
11, 9.823582610000000e-01, 6.760941000000000e-03, 4.148825816306563e-01, 0.000000000000000e+00, 0.000000000000000e+00, 6.970566384920571e+04, 1.000000000000000e-10, 1.169233465699076e+09
12, 9.794123284000000e-01, 7.308384000000000e-03, 4.163452890165345e-01, 0.000000000000000e+00, 0.000000000000000e+00, 6.958737230722338e+04, 1.000000000000000e-10, 1.160150555300272e+09
13, 9.764641925999999e-01, 7.843832699999999e-03, 4.173778795270352e-01, 0.000000000000000e+00, 0.000000000000000e+00, 6.951691952860780e+04, 1.000000000000000e-10, 1.153965250115969e+09
14, 9.735146296000000e-01, 8.371372199999999e-03, 4.178247178108300e-01, 0.000000000000000e+00, 0.000000000000000e+00, 6.943048225616035e+04, 1.000000000000000e-10, 1.150525388121522e+09
15, 9.705649844999999e-01, 8.898453400000001e-03, 4.176708813900883e-01, 0.000000000000000e+00, 0.000000000000000e+00, 6.929462202602527e+04, 1.000000000000000e-10, 1.149443565118056e+09
16, 9.676163612000001e-01, 9.431218700000001e-03, 4.171827709520588e-01, 0.000000000000000e+00, 0.000000000000000e+00, 6.914247979845029e+04, 1.000000000000000e-10, 1.149814224219570e+09
17, 9.646681685000000e-01, 9.966365099999999e-03, 4.165118461444612e-01, 0.000000000000000e+00, 0.000000000000000e+00, 6.898912305903350e+04, 1.000000000000000e-10, 1.151082313485540e+09
18, 9.617190649000000e-01, 1.049646250000000e-02, 4.157901426639602e-01, 0.000000000000000e+00, 0.000000000000000e+00, 6.884368257203590e+04, 1.000000000000000e-10, 1.152758031581441e+09
19, 9.587677714000000e-01, 1.101421520000000e-02, 4.150883616430229e-01, 0.000000000000000e+00, 0.000000000000000e+00, 6.870494235094554e+04, 1.000000000000000e-10, 1.154394981897720e+09
20, 9.558141732000000e-01, 1.151866560000000e-02, 4.144132418739683e-01, 0.000000000000000e+00, 0.000000000000000e+00, 6.856749965544909e+04, 1.000000000000000e-10, 1.155915314618596e+09
21, 9.528595023999999e-01, 1.201680390000000e-02, 4.137719538941982e-01, 0.000000000000000e+00, 0.000000000000000e+00, 6.843872098398833e+04, 1.000000000000000e-10, 1.157390943396497e+09
22, 9.499050355999999e-01, 1.251614840000000e-02, 4.130169955139272e-01, 0.000000000000000e+00, 0.000000000000000e+00, 6.829779930894315e+04, 1.000000000000000e-10, 1.159237693486346e+09
23, 9.469515835000000e-01, 1.302146080000000e-02, 4.123135006595949e-01, 0.000000000000000e+00, 0.000000000000000e+00, 6.818004844404873e+04, 1.000000000000000e-10, 1.161214869655081e+09
24, 9.439982552000000e-01, 1.352749770000000e-02, 4.113495016696820e-01, 0.000000000000000e+00, 0.000000000000000e+00, 6.801521434765769e+04, 1.000000000000000e-10, 1.163884179331370e+09
25, 9.410437731000000e-01, 1.402674480000000e-02, 4.105677776416725e-01, 0.000000000000000e+00, 0.000000000000000e+00, 6.788192031884653e+04, 1.000000000000000e-10, 1.166043062657612e+09
26, 9.380870172000000e-01, 1.451233270000000e-02, 4.099140744918608e-01, 0.000000000000000e+00, 0.000000000000000e+00, 6.776208838611834e+04, 1.000000000000000e-10, 1.167734424431532e+09
27, 9.351283061000000e-01, 1.498587720000000e-02, 4.093519238839746e-01, 0.000000000000000e+00, 0.000000000000000e+00, 6.764948153329865e+04, 1.000000000000000e-10, 1.169052703163838e+09
28, 9.321688618000000e-01, 1.545482400000000e-02, 4.088175952219479e-01, 0.000000000000000e+00, 0.000000000000000e+00, 6.753907512857948e+04, 1.000000000000000e-10, 1.170265057735772e+09
29, 9.292098398000000e-01, 1.592642560000000e-02, 4.083325871086877e-01, 0.000000000000000e+00, 0.000000000000000e+00, 6.744351156848416e+04, 1.000000000000000e-10, 1.171434093217603e+09
30, 9.262511042000000e-01, 1.639982330000000e-02, 4.079940386682260e-01, 0.000000000000000e+00, 0.000000000000000e+00, 6.738475996428602e+04, 1.000000000000000e-10, 1.172351702095263e+09
31, 9.232923687000000e-01, 1.687322100000000e-02, 4.072637216531830e-01, 0.000000000000000e+00, 0.000000000000000e+00, 6.725535617600377e+04, 1.000000000000000e-10, 1.174335010498503e+09
32, 9.203336331000000e-01, 1.734661870000000e-02, 4.062509249646551e-01, 0.000000000000000e+00, 0.000000000000000e+00, 6.707467074830136e+04, 1.000000000000000e-10, 1.177051648710253e+09
33, 9.173752952000001e-01, 1.782249320000000e-02, 4.053356314955681e-01, 0.000000000000000e+00, 0.000000000000000e+00, 6.692228002970286e+04, 1.000000000000000e-10, 1.179700854592829e+09
34, 9.144172403000000e-01, 1.830012520000000e-02, 4.044922545900627e-01, 0.000000000000000e+00, 0.000000000000000e+00, 6.678476058461488e+04, 1.000000000000000e-10, 1.182207464027933e+09
35, 9.114582624000001e-01, 1.877199790000000e-02, 4.037019755537308e-01, 0.000000000000000e+00, 0.000000000000000e+00, 6.665234162965039e+04, 1.000000000000000e-10, 1.184493344243122e+09
36, 9.084972381000000e-01, 1.923083950000000e-02, 4.030482427171748e-01, 0.000000000000000e+00, 0.000000000000000e+00, 6.653339054152509e+04, 1.000000000000000e-10, 1.186251952237235e+09
37, 9.055342297000000e-01, 1.967670440000000e-02, 4.025319187118970e-01, 0.000000000000000e+00, 0.000000000000000e+00, 6.642693534215826e+04, 1.000000000000000e-10, 1.187460816986511e+09
38, 9.025703724000000e-01, 2.011689840000000e-02, 4.020587614216775e-01, 0.000000000000000e+00, 0.000000000000000e+00, 6.632446668932335e+04, 1.000000000000000e-10, 1.188470078234960e+09
39, 8.996067964000000e-01, 2.055898050000000e-02, 4.016789638984523e-01, 0.000000000000000e+00, 0.000000000000000e+00, 6.624600075809473e+04, 1.000000000000000e-10, 1.189359729926870e+09
40, 8.966435791000000e-01, 2.100346310000000e-02, 4.015363218818075e-01, 0.000000000000000e+00, 0.000000000000000e+00, 6.622311358150000e+04, 1.000000000000000e-10, 1.189791685878605e+09
41, 8.936803618000000e-01, 2.144794570000000e-02, 4.010794686969643e-01, 0.000000000000000e+00, 0.000000000000000e+00, 6.614262578691573e+04, 1.000000000000000e-10, 1.191070589836427e+09
42, 8.907171444000000e-01, 2.189242830000000e-02, 4.004022522859010e-01, 0.000000000000000e+00, 0.000000000000000e+00, 6.602275612422920e+04, 1.000000000000000e-10, 1.192963095082935e+09
43, 8.877539271000000e-01, 2.233691090000000e-02, 3.997295710976535e-01, 0.000000000000000e+00, 0.000000000000000e+00, 6.590074849117127e+04, 1.000000000000000e-10, 1.194804894807531e+09
44, 8.847907098000000e-01, 2.278139350000000e-02, 3.990209130207196e-01, 0.000000000000000e+00, 0.000000000000000e+00, 6.576478071054614e+04, 1.000000000000000e-10, 1.196658680175802e+09
45, 8.818274925000000e-01, 2.322587610000000e-02, 3.984833604511209e-01, 0.000000000000000e+00, 0.000000000000000e+00, 6.566267241165145e+04, 1.000000000000000e-10, 1.198069669297479e+09
46, 8.788643591999999e-01, 2.367091770000000e-02, 3.975726985439034e-01, 0.000000000000000e+00, 0.000000000000000e+00, 6.549916033948911e+04, 1.000000000000000e-10, 1.200591266297961e+09
47, 8.759017882000000e-01, 2.411968790000000e-02, 3.967459389339977e-01, 0.000000000000000e+00, 0.000000000000000e+00, 6.536629245779933e+04, 1.000000000000000e-10, 1.203178301659939e+09
48, 8.729389200000000e-01, 2.456648860000000e-02, 3.959945123851636e-01, 0.000000000000000e+00, 0.000000000000000e+00, 6.524773151355358e+04, 1.000000000000000e-10, 1.205541278073342e+09
49, 8.699746207000000e-01, 2.500367940000000e-02, 3.953081755314556e-01, 0.000000000000000e+00, 0.000000000000000e+00, 6.513410245527639e+04, 1.000000000000000e-10, 1.207638803364114e+09
50, 8.670081947000000e-01, 2.542619980000000e-02, 3.947324625014776e-01, 0.000000000000000e+00, 0.000000000000000e+00, 6.502616624527059e+04, 1.000000000000000e-10, 1.209151935888481e+09
51, 8.640404269000000e-01, 2.583920470000000e-02, 3.942426705582668e-01, 0.000000000000000e+00, 0.000000000000000e+00, 6.492267932486335e+04, 1.000000000000000e-10, 1.210341254373297e+09
52, 8.610724042000000e-01, 2.625037680000000e-02, 3.938054797485570e-01, 0.000000000000000e+00, 0.000000000000000e+00, 6.483270586935482e+04, 1.000000000000000e-10, 1.211407853051600e+09
53, 8.581049055000000e-01, 2.666531320000000e-02, 3.934738611351997e-01, 0.000000000000000e+00, 0.000000000000000e+00, 6.477575499579391e+04, 1.000000000000000e-10, 1.212392447834403e+09
54, 8.551374771000000e-01, 2.708075320000000e-02, 3.926848591202740e-01, 0.000000000000000e+00, 0.000000000000000e+00, 6.463586345724102e+04, 1.000000000000000e-10, 1.214651525053551e+09
55, 8.521700487000000e-01, 2.749619320000000e-02, 3.919612740372769e-01, 0.000000000000000e+00, 0.000000000000000e+00, 6.450893066233390e+04, 1.000000000000000e-10, 1.216772000104940e+09
56, 8.492026203000000e-01, 2.791163320000000e-02, 3.913152813440373e-01, 0.000000000000000e+00, 0.000000000000000e+00, 6.439191056084463e+04, 1.000000000000000e-10, 1.218613580921364e+09
57, 8.462351919000000e-01, 2.832707310000000e-02, 3.906614823806786e-01, 0.000000000000000e+00, 0.000000000000000e+00, 6.426134371291118e+04, 1.000000000000000e-10, 1.220292956565093e+09
58, 8.432677635000000e-01, 2.874251310000000e-02, 3.900309422326746e-01, 0.000000000000000e+00, 0.000000000000000e+00, 6.413250591903157e+04, 1.000000000000000e-10, 1.221873816348529e+09
59, 8.403003351000000e-01, 2.915795310000000e-02, 3.889262413405037e-01, 0.000000000000000e+00, 0.000000000000000e+00, 6.392124140748624e+04, 1.000000000000000e-10, 1.224876060342627e+09
60, 8.373332662000000e-01, 2.957595020000000e-02, 3.879346619206792e-01, 0.000000000000000e+00, 0.000000000000000e+00, 6.374937205716239e+04, 1.000000000000000e-10, 1.227865430248563e+09
61, 8.343664342000000e-01, 2.999562810000000e-02, 3.870661726620858e-01, 0.000000000000000e+00, 0.000000000000000e+00, 6.360381183209435e+04, 1.000000000000000e-10, 1.230568027239838e+09
62, 8.313987667000000e-01, 3.040934680000000e-02, 3.863079744600973e-01, 0.000000000000000e+00, 0.000000000000000e+00, 6.347595165129254e+04, 1.000000000000000e-10, 1.232947652801452e+09
63, 8.284292787999999e-01, 3.080977400000000e-02, 3.857522875331577e-01, 0.000000000000000e+00, 0.000000000000000e+00, 6.337344996500434e+04, 1.000000000000000e-10, 1.234536455173342e+09
64, 8.254580666000000e-01, 3.119721670000000e-02, 3.853848957776354e-01, 0.000000000000000e+00, 0.000000000000000e+00, 6.329186967694946e+04, 1.000000000000000e-10, 1.235371446109732e+09
65, 8.224861366000000e-01, 3.157912440000000e-02, 3.850629871346756e-01, 0.000000000000000e+00, 0.000000000000000e+00, 6.321603515197954e+04, 1.000000000000000e-10, 1.236021198755443e+09
66, 8.195144758000000e-01, 3.196311810000000e-02, 3.847917559709880e-01, 0.000000000000000e+00, 0.000000000000000e+00, 6.315957676145957e+04, 1.000000000000000e-10, 1.236661283304336e+09
67, 8.165431104999999e-01, 3.234939560000000e-02, 3.847168967088589e-01, 0.000000000000000e+00, 0.000000000000000e+00, 6.315379125514963e+04, 1.000000000000000e-10, 1.237033050558144e+09
68, 8.135717453000000e-01, 3.273567310000000e-02, 3.843815183786214e-01, 0.000000000000000e+00, 0.000000000000000e+00, 6.309913849102031e+04, 1.000000000000000e-10, 1.238118887602411e+09
69, 8.106003801000000e-01, 3.312195060000000e-02, 3.837350481786902e-01, 0.000000000000000e+00, 0.000000000000000e+00, 6.299136584775623e+04, 1.000000000000000e-10, 1.240184303066730e+09
70, 8.076290148000000e-01, 3.350822810000000e-02, 3.829692509968483e-01, 0.000000000000000e+00, 0.000000000000000e+00, 6.285815045090156e+04, 1.000000000000000e-10, 1.242541705195166e+09
71, 8.046576496000000e-01, 3.389450560000000e-02, 3.822490206428450e-01, 0.000000000000000e+00, 0.000000000000000e+00, 6.272632268355317e+04, 1.000000000000000e-10, 1.244702833245265e+09
72, 8.016862843000000e-01, 3.428078300000000e-02, 3.817080757231425e-01, 0.000000000000000e+00, 0.000000000000000e+00, 6.262609297268434e+04, 1.000000000000000e-10, 1.246239913889246e+09
73, 7.987150113000000e-01, 3.466776800000000e-02, 3.807634776682390e-01, 0.000000000000000e+00, 0.000000000000000e+00, 6.245627036378956e+04, 1.000000000000000e-10, 1.249045890873529e+09
74, 7.957442224000000e-01, 3.505845300000000e-02, 3.799203515466562e-01, 0.000000000000000e+00, 0.000000000000000e+00, 6.232300174328325e+04, 1.000000000000000e-10, 1.251984619552483e+09
75, 7.927731192000000e-01, 3.544673620000000e-02, 3.791846970894817e-01, 0.000000000000000e+00, 0.000000000000000e+00, 6.221197499530854e+04, 1.000000000000000e-10, 1.254574295692218e+09
76, 7.898007096000000e-01, 3.582487200000000e-02, 3.785544527476887e-01, 0.000000000000000e+00, 0.000000000000000e+00, 6.211247303725768e+04, 1.000000000000000e-10, 1.256704376569387e+09
77, 7.868264558000000e-01, 3.618821970000000e-02, 3.780813296911092e-01, 0.000000000000000e+00, 0.000000000000000e+00, 6.202554586390724e+04, 1.000000000000000e-10, 1.258143540871427e+09
78, 7.838510978000000e-01, 3.654242800000000e-02, 3.777061010811503e-01, 0.000000000000000e+00, 0.000000000000000e+00, 6.194392416975092e+04, 1.000000000000000e-10, 1.259056705543354e+09
79, 7.808755783000000e-01, 3.689528040000000e-02, 3.773291054470423e-01, 0.000000000000000e+00, 0.000000000000000e+00, 6.186563356458338e+04, 1.000000000000000e-10, 1.260019272392901e+09
80, 7.779005125000000e-01, 3.725193850000000e-02, 3.770278522639418e-01, 0.000000000000000e+00, 0.000000000000000e+00, 6.181552127401673e+04, 1.000000000000000e-10, 1.261013928381822e+09
81, 7.749254880000001e-01, 3.760894140000000e-02, 3.764084029438169e-01, 0.000000000000000e+00, 0.000000000000000e+00, 6.171172701878710e+04, 1.000000000000000e-10, 1.263041600882566e+09
82, 7.719504636000000e-01, 3.796594440000000e-02, 3.757831855023846e-01, 0.000000000000000e+00, 0.000000000000000e+00, 6.160550164585975e+04, 1.000000000000000e-10, 1.265061813824630e+09
83, 7.689754391000000e-01, 3.832294730000000e-02, 3.750541736496784e-01, 0.000000000000000e+00, 0.000000000000000e+00, 6.146918173632195e+04, 1.000000000000000e-10, 1.267234647319521e+09
84, 7.660004146000000e-01, 3.867995020000000e-02, 3.742994411565507e-01, 0.000000000000000e+00, 0.000000000000000e+00, 6.131204809627233e+04, 1.000000000000000e-10, 1.269218207271096e+09
85, 7.630253902000000e-01, 3.903695320000000e-02, 3.733985699930926e-01, 0.000000000000000e+00, 0.000000000000000e+00, 6.112162127782931e+04, 1.000000000000000e-10, 1.271543853824428e+09
86, 7.600503657000000e-01, 3.939395610000000e-02, 3.720886201880937e-01, 0.000000000000000e+00, 0.000000000000000e+00, 6.086645316536897e+04, 1.000000000000000e-10, 1.275315088501176e+09
87, 7.570757010000000e-01, 3.975394130000000e-02, 3.709274802422580e-01, 0.000000000000000e+00, 0.000000000000000e+00, 6.065899123659329e+04, 1.000000000000000e-10, 1.279002356649505e+09
88, 7.541011654999999e-01, 4.011499540000000e-02, 3.698784893361103e-01, 0.000000000000000e+00, 0.000000000000000e+00, 6.047565301060442e+04, 1.000000000000000e-10, 1.282451095116808e+09
89, 7.511258242000000e-01, 4.046933410000000e-02, 3.689383070827372e-01, 0.000000000000000e+00, 0.000000000000000e+00, 6.030713257242886e+04, 1.000000000000000e-10, 1.285458530880791e+09
90, 7.481488621000000e-01, 4.080977130000000e-02, 3.681851648042169e-01, 0.000000000000000e+00, 0.000000000000000e+00, 6.015749774329091e+04, 1.000000000000000e-10, 1.287599657684507e+09
91, 7.451704939000000e-01, 4.113770130000000e-02, 3.675634079709398e-01, 0.000000000000000e+00, 0.000000000000000e+00, 6.001510607061520e+04, 1.000000000000000e-10, 1.289057301699073e+09
92, 7.421915967000000e-01, 4.146079960000000e-02, 3.669343066847520e-01, 0.000000000000000e+00, 0.000000000000000e+00, 5.986740805753210e+04, 1.000000000000000e-10, 1.290465803824042e+09
93, 7.392129909000000e-01, 4.178657100000000e-02, 3.662454096211444e-01, 0.000000000000000e+00, 0.000000000000000e+00, 5.972011268442503e+04, 1.000000000000000e-10, 1.292268706914846e+09
94, 7.362345880000000e-01, 4.211419530000000e-02, 3.655238725649426e-01, 0.000000000000000e+00, 0.000000000000000e+00, 5.958166978530699e+04, 1.000000000000000e-10, 1.294450438595587e+09
95, 7.332561850000000e-01, 4.244181960000000e-02, 3.642096172040824e-01, 0.000000000000000e+00, 0.000000000000000e+00, 5.932207319084758e+04, 1.000000000000000e-10, 1.298330176290400e+09
96, 7.302777821000001e-01, 4.276944400000000e-02, 3.622557542626847e-01, 0.000000000000000e+00, 0.000000000000000e+00, 5.894395719283787e+04, 1.000000000000000e-10, 1.304236873704815e+09
97, 7.272996700000000e-01, 4.309969770000000e-02, 3.604397693492515e-01, 0.000000000000000e+00, 0.000000000000000e+00, 5.860599739037083e+04, 1.000000000000000e-10, 1.310022294219742e+09
98, 7.243217382000000e-01, 4.343157600000000e-02, 3.588478129849094e-01, 0.000000000000000e+00, 0.000000000000000e+00, 5.831361143135175e+04, 1.000000000000000e-10, 1.315172621832733e+09
99, 7.213431270000000e-01, 4.375728880000000e-02, 3.576458234057781e-01, 0.000000000000000e+00, 0.000000000000000e+00, 5.808809570665598e+04, 1.000000000000000e-10, 1.319025243919066e+09
100, 7.183630640000001e-01, 4.406941800000000e-02, 3.569861540355633e-01, 0.000000000000000e+00, 0.000000000000000e+00, 5.795288162975881e+04, 1.000000000000000e-10, 1.320966727435397e+09
101, 7.153816632000000e-01, 4.436852160000000e-02, 3.567229882145892e-01, 0.000000000000000e+00, 0.000000000000000e+00, 5.788611749894039e+04, 1.000000000000000e-10, 1.321486798302647e+09
102, 7.123997234000000e-01, 4.466221600000000e-02, 3.566016516590975e-01, 0.000000000000000e+00, 0.000000000000000e+00, 5.784924110622844e+04, 1.000000000000000e-10, 1.321536678235179e+09
103, 7.094180101999999e-01, 4.495819900000000e-02, 3.565349949714710e-01, 0.000000000000000e+00, 0.000000000000000e+00, 5.783563537663934e+04, 1.000000000000000e-10, 1.321800726286627e+09
104, 7.064365126000000e-01, 4.525634870000000e-02, 3.566005431049759e-01, 0.000000000000000e+00, 0.000000000000000e+00, 5.787070174743202e+04, 1.000000000000000e-10, 1.322019992979468e+09
105, 7.034550149000000e-01, 4.555449850000000e-02, 3.564514650113487e-01, 0.000000000000000e+00, 0.000000000000000e+00, 5.788348315854230e+04, 1.000000000000000e-10, 1.323230671103999e+09
106, 7.004735172000000e-01, 4.585264830000000e-02, 3.563308226490607e-01, 0.000000000000000e+00, 0.000000000000000e+00, 5.790308950445079e+04, 1.000000000000000e-10, 1.324420921904670e+09
107, 6.974920194999999e-01, 4.615079800000000e-02, 3.564940744551793e-01, 0.000000000000000e+00, 0.000000000000000e+00, 5.796969372651187e+04, 1.000000000000000e-10, 1.324572387587622e+09
108, 6.945105217999999e-01, 4.644894780000000e-02, 3.575759851295490e-01, 0.000000000000000e+00, 0.000000000000000e+00, 5.821646882083836e+04, 1.000000000000000e-10, 1.321911700201840e+09
109, 6.915290242000000e-01, 4.674709760000000e-02, 3.591993720891205e-01, 0.000000000000000e+00, 0.000000000000000e+00, 5.859474588267678e+04, 1.000000000000000e-10, 1.318068241855985e+09
110, 6.885476161000000e-01, 4.704613990000000e-02, 3.613073054465124e-01, 0.000000000000000e+00, 0.000000000000000e+00, 5.910495054345372e+04, 1.000000000000000e-10, 1.313434707420694e+09
111, 6.855665742000000e-01, 4.734881320000000e-02, 3.636320466874192e-01, 0.000000000000000e+00, 0.000000000000000e+00, 5.971610091656658e+04, 1.000000000000000e-10, 1.309219098886422e+09
112, 6.825852395999999e-01, 4.764858270000000e-02, 3.661660655274753e-01, 0.000000000000000e+00, 0.000000000000000e+00, 6.038953833546911e+04, 1.000000000000000e-10, 1.304729482755026e+09
113, 6.796028435000000e-01, 4.793757530000000e-02, 3.693805496752076e-01, 0.000000000000000e+00, 0.000000000000000e+00, 6.118103216131080e+04, 1.000000000000000e-10, 1.297945800833438e+09
114, 6.766190426000001e-01, 4.821169240000000e-02, 3.734924721002361e-01, 0.000000000000000e+00, 0.000000000000000e+00, 6.212407375436457e+04, 1.000000000000000e-10, 1.288130899421604e+09
115, 6.736344527000000e-01, 4.847710350000000e-02, 3.776911877968879e-01, 0.000000000000000e+00, 0.000000000000000e+00, 6.307780061677819e+04, 1.000000000000000e-10, 1.278066337097204e+09
116, 6.706497918000000e-01, 4.874171610000000e-02, 3.811632715946461e-01, 0.000000000000000e+00, 0.000000000000000e+00, 6.389088772614906e+04, 1.000000000000000e-10, 1.270222887198772e+09
117, 6.676654681999999e-01, 4.901010790000000e-02, 3.841419074109805e-01, 0.000000000000000e+00, 0.000000000000000e+00, 6.462896441588373e+04, 1.000000000000000e-10, 1.264209349560488e+09
118, 6.646811620999999e-01, 4.927869540000000e-02, 3.865532710885595e-01, 0.000000000000000e+00, 0.000000000000000e+00, 6.524052714740726e+04, 1.000000000000000e-10, 1.259582452435748e+09
119, 6.616968561000000e-01, 4.954728290000000e-02, 3.885681022950525e-01, 0.000000000000000e+00, 0.000000000000000e+00, 6.576315858750325e+04, 1.000000000000000e-10, 1.255955215678206e+09
120, 6.587126148000000e-01, 4.981658670000000e-02, 3.893956569456059e-01, 0.000000000000000e+00, 0.000000000000000e+00, 6.604069362745796e+04, 1.000000000000000e-10, 1.255425842133782e+09
121, 6.557287142000000e-01, 5.008964140000000e-02, 3.897799674630374e-01, 0.000000000000000e+00, 0.000000000000000e+00, 6.623137738051923e+04, 1.000000000000000e-10, 1.256135950982198e+09
122, 6.527445878000000e-01, 5.036021100000000e-02, 3.899096363305688e-01, 0.000000000000000e+00, 0.000000000000000e+00, 6.634594257137252e+04, 1.000000000000000e-10, 1.257133347838163e+09
123, 6.497595392000000e-01, 5.062038200000000e-02, 3.898432425158680e-01, 0.000000000000000e+00, 0.000000000000000e+00, 6.638885603175338e+04, 1.000000000000000e-10, 1.258191730533293e+09
124, 6.467732199000000e-01, 5.086554410000000e-02, 3.893255644213307e-01, 0.000000000000000e+00, 0.000000000000000e+00, 6.630299933768302e+04, 1.000000000000000e-10, 1.259900481834391e+09
125, 6.437861620000001e-01, 5.110156080000000e-02, 3.877568721976075e-01, 0.000000000000000e+00, 0.000000000000000e+00, 6.595530610620303e+04, 1.000000000000000e-10, 1.263682724831984e+09
126, 6.407990088000000e-01, 5.133637300000000e-02, 3.851653997772760e-01, 0.000000000000000e+00, 0.000000000000000e+00, 6.535512588106966e+04, 1.000000000000000e-10, 1.269652658591381e+09
127, 6.378123096000000e-01, 5.157688470000000e-02, 3.818692177124523e-01, 0.000000000000000e+00, 0.000000000000000e+00, 6.461478328836263e+04, 1.000000000000000e-10, 1.277692412613960e+09
128, 6.348258525000000e-01, 5.182039160000000e-02, 3.780725418512112e-01, 0.000000000000000e+00, 0.000000000000000e+00, 6.379463137218741e+04, 1.000000000000000e-10, 1.287595941132000e+09
129, 6.318390014000000e-01, 5.205900390000000e-02, 3.746338055390499e-01, 0.000000000000000e+00, 0.000000000000000e+00, 6.304884204995239e+04, 1.000000000000000e-10, 1.296624278415796e+09
130, 6.288511656000000e-01, 5.228491860000000e-02, 3.715040921578669e-01, 0.000000000000000e+00, 0.000000000000000e+00, 6.235126863475387e+04, 1.000000000000000e-10, 1.304640724193052e+09
131, 6.258622963000000e-01, 5.249674920000000e-02, 3.686376938993845e-01, 0.000000000000000e+00, 0.000000000000000e+00, 6.167163869615221e+04, 1.000000000000000e-10, 1.311304211437793e+09
132, 6.228729552000000e-01, 5.270183440000000e-02, 3.663316409114249e-01, 0.000000000000000e+00, 0.000000000000000e+00, 6.109023388221322e+04, 1.000000000000000e-10, 1.316096953222697e+09
133, 6.198836982000000e-01, 5.290814110000000e-02, 3.641684064595674e-01, 0.000000000000000e+00, 0.000000000000000e+00, 6.056091522154563e+04, 1.000000000000000e-10, 1.320869997205866e+09
134, 6.168946444000000e-01, 5.311737490000000e-02, 3.623146052639896e-01, 0.000000000000000e+00, 0.000000000000000e+00, 6.012084945404430e+04, 1.000000000000000e-10, 1.325255236154963e+09
135, 6.139055905000000e-01, 5.332660870000000e-02, 3.598731350649349e-01, 0.000000000000000e+00, 0.000000000000000e+00, 5.957035336836229e+04, 1.000000000000000e-10, 1.331572076106457e+09
136, 6.109165367000000e-01, 5.353584240000000e-02, 3.570220304206185e-01, 0.000000000000000e+00, 0.000000000000000e+00, 5.895555646046974e+04, 1.000000000000000e-10, 1.339531986935389e+09
137, 6.079276023000000e-01, 5.374677020000000e-02, 3.543614265226167e-01, 0.000000000000000e+00, 0.000000000000000e+00, 5.841185779844272e+04, 1.000000000000000e-10, 1.347564550217669e+09
138, 6.049388740000000e-01, 5.396060430000000e-02, 3.520752027647466e-01, 0.000000000000000e+00, 0.000000000000000e+00, 5.795761429604609e+04, 1.000000000000000e-10, 1.354876524666823e+09
139, 6.019498206000000e-01, 5.416983050000000e-02, 3.501331722088823e-01, 0.000000000000000e+00, 0.000000000000000e+00, 5.757442882537985e+04, 1.000000000000000e-10, 1.361153076507056e+09
140, 5.989599226000000e-01, 5.436657950000000e-02, 3.484261880260024e-01, 0.000000000000000e+00, 0.000000000000000e+00, 5.722563424741007e+04, 1.000000000000000e-10, 1.366471210166156e+09
141, 5.959691164000001e-01, 5.454903410000000e-02, 3.469081024363958e-01, 0.000000000000000e+00, 0.000000000000000e+00, 5.688182219384867e+04, 1.000000000000000e-10, 1.370555396804260e+09
142, 5.929778870000000e-01, 5.472444030000000e-02, 3.458125451286483e-01, 0.000000000000000e+00, 0.000000000000000e+00, 5.660810700228406e+04, 1.000000000000000e-10, 1.373038310460746e+09
143, 5.899867137000000e-01, 5.490079730000000e-02, 3.445332683885627e-01, 0.000000000000000e+00, 0.000000000000000e+00, 5.632920952910748e+04, 1.000000000000000e-10, 1.376733402885664e+09
144, 5.869959152999999e-01, 5.508340180000000e-02, 3.435593438800274e-01, 0.000000000000000e+00, 0.000000000000000e+00, 5.614471834487307e+04, 1.000000000000000e-10, 1.380123018556910e+09
145, 5.840051705000000e-01, 5.526688670000000e-02, 3.425128396735674e-01, 0.000000000000000e+00, 0.000000000000000e+00, 5.595782931011679e+04, 1.000000000000000e-10, 1.384042599069196e+09
146, 5.810139992000000e-01, 5.544325400000000e-02, 3.419983726319212e-01, 0.000000000000000e+00, 0.000000000000000e+00, 5.586824947414915e+04, 1.000000000000000e-10, 1.386011228917479e+09
147, 5.780220176999999e-01, 5.560526350000000e-02, 3.418289325180242e-01, 0.000000000000000e+00, 0.000000000000000e+00, 5.582451064498108e+04, 1.000000000000000e-10, 1.386360664922929e+09
148, 5.750293853000000e-01, 5.575481730000000e-02, 3.418933550020511e-01, 0.000000000000000e+00, 0.000000000000000e+00, 5.580858013836142e+04, 1.000000000000000e-10, 1.385556548380698e+09
149, 5.720365281000001e-01, 5.589982500000000e-02, 3.419711259050669e-01, 0.000000000000000e+00, 0.000000000000000e+00, 5.580135116407880e+04, 1.000000000000000e-10, 1.384812966512474e+09
150, 5.690438169000001e-01, 5.604780920000000e-02, 3.420047684457685e-01, 0.000000000000000e+00, 0.000000000000000e+00, 5.580269770104586e+04, 1.000000000000000e-10, 1.384595704609452e+09
151, 5.660511873000000e-01, 5.619744060000000e-02, 3.419049669372475e-01, 0.000000000000000e+00, 0.000000000000000e+00, 5.579976075206613e+04, 1.000000000000000e-10, 1.385273843066961e+09
152, 5.630585577000000e-01, 5.634707210000000e-02, 3.415165257842488e-01, 0.000000000000000e+00, 0.000000000000000e+00, 5.573961600592838e+04, 1.000000000000000e-10, 1.386919086695195e+09
153, 5.600659280000000e-01, 5.649670360000000e-02, 3.408919341379208e-01, 0.000000000000000e+00, 0.000000000000000e+00, 5.563703855558443e+04, 1.000000000000000e-10, 1.389447094640046e+09
154, 5.570734513000000e-01, 5.664935650000000e-02, 3.405005597356463e-01, 0.000000000000000e+00, 0.000000000000000e+00, 5.559472331132146e+04, 1.000000000000000e-10, 1.391490314836698e+09
155, 5.540810301000000e-01, 5.680309730000000e-02, 3.401673592869032e-01, 0.000000000000000e+00, 0.000000000000000e+00, 5.558410669946780e+04, 1.000000000000000e-10, 1.393744167370073e+09
156, 5.510882624000000e-01, 5.694990830000000e-02, 3.401119088046001e-01, 0.000000000000000e+00, 0.000000000000000e+00, 5.560978340377759e+04, 1.000000000000000e-10, 1.394691468320267e+09
157, 5.480948308000000e-01, 5.708244870000000e-02, 3.404345982405544e-01, 0.000000000000000e+00, 0.000000000000000e+00, 5.567471947641901e+04, 1.000000000000000e-10, 1.393647519564478e+09
158, 5.451008633000000e-01, 5.720233900000000e-02, 3.409633258317866e-01, 0.000000000000000e+00, 0.000000000000000e+00, 5.576263632824005e+04, 1.000000000000000e-10, 1.391516280737437e+09
159, 5.421067085000000e-01, 5.731748330000000e-02, 3.414243311393327e-01, 0.000000000000000e+00, 0.000000000000000e+00, 5.584098026473503e+04, 1.000000000000000e-10, 1.389677567477989e+09
160, 5.391126656000000e-01, 5.743549340000000e-02, 3.417342810162590e-01, 0.000000000000000e+00, 0.000000000000000e+00, 5.590187510187848e+04, 1.000000000000000e-10, 1.388654444965536e+09
161, 5.361186917000000e-01, 5.755525230000000e-02, 3.418463225150912e-01, 0.000000000000000e+00, 0.000000000000000e+00, 5.593824099491024e+04, 1.000000000000000e-10, 1.388569282252733e+09
162, 5.331247178000000e-01, 5.767501130000000e-02, 3.415643658093771e-01, 0.000000000000000e+00, 0.000000000000000e+00, 5.590031368464809e+04, 1.000000000000000e-10, 1.389853134126752e+09
163, 5.301307440000000e-01, 5.779477020000000e-02, 3.406188108693592e-01, 0.000000000000000e+00, 0.000000000000000e+00, 5.573304108451378e+04, 1.000000000000000e-10, 1.393452660506168e+09
164, 5.271368887000000e-01, 5.791744960000000e-02, 3.393222642516732e-01, 0.000000000000000e+00, 0.000000000000000e+00, 5.550181275413555e+04, 1.000000000000000e-10, 1.398379751947326e+09
165, 5.241430848000000e-01, 5.804138270000000e-02, 3.376696846260890e-01, 0.000000000000000e+00, 0.000000000000000e+00, 5.518733474856961e+04, 1.000000000000000e-10, 1.404268060024068e+09
166, 5.211490097000000e-01, 5.815854030000000e-02, 3.359444135026988e-01, 0.000000000000000e+00, 0.000000000000000e+00, 5.482141842673767e+04, 1.000000000000000e-10, 1.409730167898403e+09
167, 5.181544149000000e-01, 5.826150360000000e-02, 3.342525382594679e-01, 0.000000000000000e+00, 0.000000000000000e+00, 5.441529909084231e+04, 1.000000000000000e-10, 1.414091295706804e+09
168, 5.151594046000000e-01, 5.835166060000000e-02, 3.327265955911399e-01, 0.000000000000000e+00, 0.000000000000000e+00, 5.401292619745796e+04, 1.000000000000000e-10, 1.417233965027032e+09
169, 5.121642494000000e-01, 5.843690760000000e-02, 3.312834835371683e-01, 0.000000000000000e+00, 0.000000000000000e+00, 5.364078371486668e+04, 1.000000000000000e-10, 1.420299202167922e+09
170, 5.091691748000000e-01, 5.852492480000000e-02, 3.298111481724804e-01, 0.000000000000000e+00, 0.000000000000000e+00, 5.329192090965661e+04, 1.000000000000000e-10, 1.424243743240202e+09
171, 5.061741541000000e-01, 5.861477540000000e-02, 3.282319489621555e-01, 0.000000000000000e+00, 0.000000000000000e+00, 5.294899312626303e+04, 1.000000000000000e-10, 1.429162088656141e+09
172, 5.031791335000000e-01, 5.870462600000000e-02, 3.264403869560462e-01, 0.000000000000000e+00, 0.000000000000000e+00, 5.257689961939055e+04, 1.000000000000000e-10, 1.435126230171525e+09
173, 5.001841129000000e-01, 5.879447660000000e-02, 3.247350945127624e-01, 0.000000000000000e+00, 0.000000000000000e+00, 5.223449169860721e+04, 1.000000000000000e-10, 1.441070055601518e+09
174, 4.971891791000000e-01, 5.888716460000000e-02, 3.234853789909010e-01, 0.000000000000000e+00, 0.000000000000000e+00, 5.200311146703640e+04, 1.000000000000000e-10, 1.445936639470669e+09
175, 4.941942883000000e-01, 5.898124000000000e-02, 3.226945302961963e-01, 0.000000000000000e+00, 0.000000000000000e+00, 5.186683737483629e+04, 1.000000000000000e-10, 1.449263508605704e+09
176, 4.911991976000000e-01, 5.906866820000000e-02, 3.224065060063316e-01, 0.000000000000000e+00, 0.000000000000000e+00, 5.181990571630929e+04, 1.000000000000000e-10, 1.450591087734639e+09
177, 4.882037299000000e-01, 5.914197000000000e-02, 3.224668532630253e-01, 0.000000000000000e+00, 0.000000000000000e+00, 5.181844005963511e+04, 1.000000000000000e-10, 1.450067411449630e+09
178, 4.852079712000000e-01, 5.920233930000000e-02, 3.227428043631936e-01, 0.000000000000000e+00, 0.000000000000000e+00, 5.183736488844153e+04, 1.000000000000000e-10, 1.448237976105346e+09
179, 4.822121140000000e-01, 5.925766320000000e-02, 3.231148320838957e-01, 0.000000000000000e+00, 0.000000000000000e+00, 5.187566896414556e+04, 1.000000000000000e-10, 1.446039715969050e+09
180, 4.792163079000000e-01, 5.931567380000000e-02, 3.234626208337087e-01, 0.000000000000000e+00, 0.000000000000000e+00, 5.192688462369504e+04, 1.000000000000000e-10, 1.444378177811641e+09
181, 4.762205389000000e-01, 5.937558920000000e-02, 3.236600585103441e-01, 0.000000000000000e+00, 0.000000000000000e+00, 5.197595667308803e+04, 1.000000000000000e-10, 1.443893605615541e+09
182, 4.732247699000000e-01, 5.943550460000000e-02, 3.236204486196236e-01, 0.000000000000000e+00, 0.000000000000000e+00, 5.199573800762550e+04, 1.000000000000000e-10, 1.444704653950263e+09
183, 4.702290009000000e-01, 5.949542000000000e-02, 3.234600134671022e-01, 0.000000000000000e+00, 0.000000000000000e+00, 5.200163532347643e+04, 1.000000000000000e-10, 1.446152537255523e+09
184, 4.672332890000000e-01, 5.955810270000000e-02, 3.233750331253217e-01, 0.000000000000000e+00, 0.000000000000000e+00, 5.203450002866819e+04, 1.000000000000000e-10, 1.447622525783658e+09
185, 4.642376084000000e-01, 5.962228340000000e-02, 3.234685976047522e-01, 0.000000000000000e+00, 0.000000000000000e+00, 5.210539475015111e+04, 1.000000000000000e-10, 1.448492014245970e+09
186, 4.612417964000000e-01, 5.967992670000000e-02, 3.239883479438664e-01, 0.000000000000000e+00, 0.000000000000000e+00, 5.223232606589814e+04, 1.000000000000000e-10, 1.447152794915956e+09
187, 4.582457490000000e-01, 5.972350630000000e-02, 3.250457430781328e-01, 0.000000000000000e+00, 0.000000000000000e+00, 5.243260550252591e+04, 1.000000000000000e-10, 1.443098237711396e+09
188, 4.552495377000000e-01, 5.975405020000000e-02, 3.264544904682946e-01, 0.000000000000000e+00, 0.000000000000000e+00, 5.269529333356890e+04, 1.000000000000000e-10, 1.437663890868044e+09
189, 4.522532772000000e-01, 5.977943380000000e-02, 3.278832246948192e-01, 0.000000000000000e+00, 0.000000000000000e+00, 5.297403346148628e+04, 1.000000000000000e-10, 1.432478270048943e+09
190, 4.492570403000000e-01, 5.980742960000000e-02, 3.291202787695974e-01, 0.000000000000000e+00, 0.000000000000000e+00, 5.324503081104913e+04, 1.000000000000000e-10, 1.428676315963411e+09
191, 4.462608221000000e-01, 5.983739180000000e-02, 3.301022367115448e-01, 0.000000000000000e+00, 0.000000000000000e+00, 5.349388610612651e+04, 1.000000000000000e-10, 1.426442097313856e+09
192, 4.432646038000000e-01, 5.986735400000000e-02, 3.308641656790129e-01, 0.000000000000000e+00, 0.000000000000000e+00, 5.369352652861274e+04, 1.000000000000000e-10, 1.424831417841031e+09
193, 4.402683855000000e-01, 5.989731610000000e-02, 3.315455099260916e-01, 0.000000000000000e+00, 0.000000000000000e+00, 5.385412627923235e+04, 1.000000000000000e-10, 1.422940978329661e+09
194, 4.372721672000000e-01, 5.992727830000000e-02, 3.321797464885261e-01, 0.000000000000000e+00, 0.000000000000000e+00, 5.398968653441901e+04, 1.000000000000000e-10, 1.420933631604332e+09
195, 4.342759490000000e-01, 5.995724050000000e-02, 3.327646225627872e-01, 0.000000000000000e+00, 0.000000000000000e+00, 5.411277778622669e+04, 1.000000000000000e-10, 1.419095089552678e+09
196, 4.312797307000000e-01, 5.998720270000000e-02, 3.332476892389959e-01, 0.000000000000000e+00, 0.000000000000000e+00, 5.422379005878513e+04, 1.000000000000000e-10, 1.417740331505287e+09
197, 4.282835251000000e-01, 6.001838500000000e-02, 3.337319575245150e-01, 0.000000000000000e+00, 0.000000000000000e+00, 5.435360942828161e+04, 1.000000000000000e-10, 1.416760538574123e+09
198, 4.252873570000000e-01, 6.005299780000000e-02, 3.341481338928898e-01, 0.000000000000000e+00, 0.000000000000000e+00, 5.449649242918456e+04, 1.000000000000000e-10, 1.416612290607183e+09
199, 4.222911490000000e-01, 6.008389620000000e-02, 3.346705162641157e-01, 0.000000000000000e+00, 0.000000000000000e+00, 5.466195233111236e+04, 1.000000000000000e-10, 1.416120573792187e+09
200, 4.192948456000000e-01, 6.010304610000000e-02, 3.355530613588042e-01, 0.000000000000000e+00, 0.000000000000000e+00, 5.486993253450900e+04, 1.000000000000000e-10, 1.413789270456193e+09
201, 4.162984826000000e-01, 6.010734210000000e-02, 3.368540565032370e-01, 0.000000000000000e+00, 0.000000000000000e+00, 5.513278801305572e+04, 1.000000000000000e-10, 1.409352867032087e+09
202, 4.133021170000000e-01, 6.010365170000000e-02, 3.383180528636495e-01, 0.000000000000000e+00, 0.000000000000000e+00, 5.542257364177976e+04, 1.000000000000000e-10, 1.404304511604885e+09
203, 4.103057513000000e-01, 6.010004530000000e-02, 3.396564226982632e-01, 0.000000000000000e+00, 0.000000000000000e+00, 5.570194908383655e+04, 1.000000000000000e-10, 1.400019219647441e+09
204, 4.073093833000000e-01, 6.010000000000000e-02, 3.406772163346385e-01, 0.000000000000000e+00, 0.000000000000000e+00, 5.593618140916737e+04, 1.000000000000000e-10, 1.397202541324679e+09
205, 4.043130152000000e-01, 6.010000000000000e-02, 3.414389488236509e-01, 0.000000000000000e+00, 0.000000000000000e+00, 5.611947621626293e+04, 1.000000000000000e-10, 1.395280383001983e+09
206, 4.013166471000000e-01, 6.010000000000000e-02, 3.419277752063748e-01, 0.000000000000000e+00, 0.000000000000000e+00, 5.623829818291783e+04, 1.000000000000000e-10, 1.394072772690421e+09
207, 3.983202790000000e-01, 6.010000000000000e-02, 3.421046707222227e-01, 0.000000000000000e+00, 0.000000000000000e+00, 5.629428413775610e+04, 1.000000000000000e-10, 1.393901309471440e+09
208, 3.953239109000000e-01, 6.010000000000000e-02, 3.421488307180280e-01, 0.000000000000000e+00, 0.000000000000000e+00, 5.631934575918439e+04, 1.000000000000000e-10, 1.394084794968335e+09
209, 3.923275428000000e-01, 6.010000000000000e-02, 3.421443794809708e-01, 0.000000000000000e+00, 0.000000000000000e+00, 5.633395980895007e+04, 1.000000000000000e-10, 1.394416295608118e+09
210, 3.893311748000000e-01, 6.010020870000000e-02, 3.420767024641339e-01, 0.000000000000000e+00, 0.000000000000000e+00, 5.634719595250732e+04, 1.000000000000000e-10, 1.395189990899773e+09
211, 3.863348096000000e-01, 6.010425500000000e-02, 3.418941917747234e-01, 0.000000000000000e+00, 0.000000000000000e+00, 5.636196316127149e+04, 1.000000000000000e-10, 1.396851114366473e+09
212, 3.833384435000000e-01, 6.010740740000000e-02, 3.417781737242291e-01, 0.000000000000000e+00, 0.000000000000000e+00, 5.640081296618925e+04, 1.000000000000000e-10, 1.398510458494978e+09
213, 3.803420834000000e-01, 6.010159540000000e-02, 3.420226596832298e-01, 0.000000000000000e+00, 0.000000000000000e+00, 5.648416208749328e+04, 1.000000000000000e-10, 1.398392747321668e+09
214, 3.773457918000000e-01, 6.008061910000000e-02, 3.427182083824579e-01, 0.000000000000000e+00, 0.000000000000000e+00, 5.662135808764068e+04, 1.000000000000000e-10, 1.396008416789500e+09
215, 3.743495929000000e-01, 6.004884090000000e-02, 3.436350526261379e-01, 0.000000000000000e+00, 0.000000000000000e+00, 5.679110306264017e+04, 1.000000000000000e-10, 1.392651771347137e+09
216, 3.713534236000000e-01, 6.001432620000000e-02, 3.444210568298425e-01, 0.000000000000000e+00, 0.000000000000000e+00, 5.694663538860805e+04, 1.000000000000000e-10, 1.389989161561438e+09
217, 3.683572136000000e-01, 5.998357210000000e-02, 3.448899601439119e-01, 0.000000000000000e+00, 0.000000000000000e+00, 5.706059715213050e+04, 1.000000000000000e-10, 1.388830001330605e+09
218, 3.653609953000000e-01, 5.995361000000000e-02, 3.451480149015925e-01, 0.000000000000000e+00, 0.000000000000000e+00, 5.713927309823586e+04, 1.000000000000000e-10, 1.388536870593722e+09
219, 3.623647770000000e-01, 5.992364780000000e-02, 3.452325201764432e-01, 0.000000000000000e+00, 0.000000000000000e+00, 5.717292098825533e+04, 1.000000000000000e-10, 1.388590240425370e+09
220, 3.593685587000000e-01, 5.989368560000000e-02, 3.452345870447904e-01, 0.000000000000000e+00, 0.000000000000000e+00, 5.717604665625643e+04, 1.000000000000000e-10, 1.388637602300133e+09
221, 3.563723404000000e-01, 5.986372340000000e-02, 3.451742991364793e-01, 0.000000000000000e+00, 0.000000000000000e+00, 5.716328192143735e+04, 1.000000000000000e-10, 1.388824510844338e+09
222, 3.533761221000000e-01, 5.983376120000000e-02, 3.448637673512306e-01, 0.000000000000000e+00, 0.000000000000000e+00, 5.709871621266950e+04, 1.000000000000000e-10, 1.389767757595791e+09
223, 3.503799039000000e-01, 5.980379900000000e-02, 3.443546816541527e-01, 0.000000000000000e+00, 0.000000000000000e+00, 5.699959927219107e+04, 1.000000000000000e-10, 1.391524194109971e+09
224, 3.473836618000000e-01, 5.977636380000000e-02, 3.435986548937888e-01, 0.000000000000000e+00, 0.000000000000000e+00, 5.687036254284281e+04, 1.000000000000000e-10, 1.394522183176900e+09
225, 3.443874030000000e-01, 5.975078450000000e-02, 3.427987953001944e-01, 0.000000000000000e+00, 0.000000000000000e+00, 5.674634672505053e+04, 1.000000000000000e-10, 1.397983195482115e+09
226, 3.413912043000000e-01, 5.971906720000000e-02, 3.422990926176437e-01, 0.000000000000000e+00, 0.000000000000000e+00, 5.667153393763187e+04, 1.000000000000000e-10, 1.400184947349221e+09
227, 3.383951856000000e-01, 5.967355900000000e-02, 3.421824808704192e-01, 0.000000000000000e+00, 0.000000000000000e+00, 5.664430002183709e+04, 1.000000000000000e-10, 1.400428750037101e+09
228, 3.353993970000000e-01, 5.961469410000000e-02, 3.422639384808945e-01, 0.000000000000000e+00, 0.000000000000000e+00, 5.663920936584636e+04, 1.000000000000000e-10, 1.399796840421992e+09
229, 3.324037216000000e-01, 5.955026900000000e-02, 3.423365605594816e-01, 0.000000000000000e+00, 0.000000000000000e+00, 5.663737798452858e+04, 1.000000000000000e-10, 1.399218046547140e+09
230, 3.294079977000000e-01, 5.948816000000000e-02, 3.422962723542148e-01, 0.000000000000000e+00, 0.000000000000000e+00, 5.663270810630171e+04, 1.000000000000000e-10, 1.399423357223808e+09
231, 3.264122288000000e-01, 5.942824460000000e-02, 3.420527818206946e-01, 0.000000000000000e+00, 0.000000000000000e+00, 5.660604545641914e+04, 1.000000000000000e-10, 1.400685346363518e+09
232, 3.234164598000000e-01, 5.936832920000000e-02, 3.417898320048501e-01, 0.000000000000000e+00, 0.000000000000000e+00, 5.657353194900202e+04, 1.000000000000000e-10, 1.401951640887651e+09
233, 3.204206908000000e-01, 5.930841380000000e-02, 3.413734848041284e-01, 0.000000000000000e+00, 0.000000000000000e+00, 5.648641374749723e+04, 1.000000000000000e-10, 1.403288976721698e+09
234, 3.174249218000000e-01, 5.924849840000000e-02, 3.405841714199525e-01, 0.000000000000000e+00, 0.000000000000000e+00, 5.631107411911606e+04, 1.000000000000000e-10, 1.405621251569062e+09
235, 3.144291528000000e-01, 5.918858310000000e-02, 3.396211962111905e-01, 0.000000000000000e+00, 0.000000000000000e+00, 5.607840867187999e+04, 1.000000000000000e-10, 1.408097246450982e+09
236, 3.114333838000000e-01, 5.912866770000000e-02, 3.385488438845161e-01, 0.000000000000000e+00, 0.000000000000000e+00, 5.582728375477731e+04, 1.000000000000000e-10, 1.411014498588927e+09
237, 3.084375946000000e-01, 5.906978170000000e-02, 3.373493411547148e-01, 0.000000000000000e+00, 0.000000000000000e+00, 5.557931902252159e+04, 1.000000000000000e-10, 1.414965310632216e+09
238, 3.054417368000000e-01, 5.901448810000000e-02, 3.362285597295038e-01, 0.000000000000000e+00, 0.000000000000000e+00, 5.537548691397489e+04, 1.000000000000000e-10, 1.419278140165869e+09
239, 3.024459424000000e-01, 5.895589760000000e-02, 3.354041122713373e-01, 0.000000000000000e+00, 0.000000000000000e+00, 5.523631162284860e+04, 1.000000000000000e-10, 1.422725070867400e+09
240, 2.994503937000000e-01, 5.888596610000000e-02, 3.349001150530769e-01, 0.000000000000000e+00, 0.000000000000000e+00, 5.515283060238970e+04, 1.000000000000000e-10, 1.424855931217630e+09
241, 2.964552315000000e-01, 5.880104250000000e-02, 3.346812005462531e-01, 0.000000000000000e+00, 0.000000000000000e+00, 5.510026671038818e+04, 1.000000000000000e-10, 1.425444199285980e+09
242, 2.934603172000000e-01, 5.870772480000000e-02, 3.345190832657257e-01, 0.000000000000000e+00, 0.000000000000000e+00, 5.505530186375331e+04, 1.000000000000000e-10, 1.425744624499766e+09
243, 2.904654134000000e-01, 5.861406570000000e-02, 3.344479611407815e-01, 0.000000000000000e+00, 0.000000000000000e+00, 5.504455629729200e+04, 1.000000000000000e-10, 1.426039888668903e+09
244, 2.874703256000000e-01, 5.852650000000000e-02, 3.342587633321146e-01, 0.000000000000000e+00, 0.000000000000000e+00, 5.503542492682373e+04, 1.000000000000000e-10, 1.427318879960833e+09
245, 2.844751753000000e-01, 5.844108520000000e-02, 3.339642516430411e-01, 0.000000000000000e+00, 0.000000000000000e+00, 5.503196610240185e+04, 1.000000000000000e-10, 1.429547726636377e+09
246, 2.814802001000000e-01, 5.834977820000000e-02, 3.339077787864806e-01, 0.000000000000000e+00, 0.000000000000000e+00, 5.505503624239308e+04, 1.000000000000000e-10, 1.430483893606553e+09
247, 2.784856726000000e-01, 5.824487900000000e-02, 3.343334854870086e-01, 0.000000000000000e+00, 0.000000000000000e+00, 5.513302975360728e+04, 1.000000000000000e-10, 1.428829193781665e+09
248, 2.754916466000000e-01, 5.812646400000000e-02, 3.351746829230408e-01, 0.000000000000000e+00, 0.000000000000000e+00, 5.527415032579107e+04, 1.000000000000000e-10, 1.425319040933189e+09
249, 2.724978541000000e-01, 5.800225460000000e-02, 3.362244531908334e-01, 0.000000000000000e+00, 0.000000000000000e+00, 5.546116629756920e+04, 1.000000000000000e-10, 1.421162472895874e+09
250, 2.695039750000000e-01, 5.788015900000000e-02, 3.370363429814380e-01, 0.000000000000000e+00, 0.000000000000000e+00, 5.563160882030247e+04, 1.000000000000000e-10, 1.418481192416125e+09
251, 2.665100011000000e-01, 5.776040000000000e-02, 3.374244371380061e-01, 0.000000000000000e+00, 0.000000000000000e+00, 5.574073983778209e+04, 1.000000000000000e-10, 1.417794689317770e+09
252, 2.635160273000000e-01, 5.764064110000000e-02, 3.377477312045706e-01, 0.000000000000000e+00, 0.000000000000000e+00, 5.583107351846610e+04, 1.000000000000000e-10, 1.417198732444812e+09
253, 2.605220534000000e-01, 5.752088210000000e-02, 3.377683338493808e-01, 0.000000000000000e+00, 0.000000000000000e+00, 5.584295330703783e+04, 1.000000000000000e-10, 1.417289505940031e+09
254, 2.575280795000000e-01, 5.740112320000000e-02, 3.377300211902630e-01, 0.000000000000000e+00, 0.000000000000000e+00, 5.583637675865940e+04, 1.000000000000000e-10, 1.417445216436273e+09
255, 2.545341057000000e-01, 5.728136420000000e-02, 3.375841852813347e-01, 0.000000000000000e+00, 0.000000000000000e+00, 5.580465680241383e+04, 1.000000000000000e-10, 1.417914118860504e+09
256, 2.515401318000000e-01, 5.716160530000000e-02, 3.371291690202765e-01, 0.000000000000000e+00, 0.000000000000000e+00, 5.572492380895097e+04, 1.000000000000000e-10, 1.419733039199749e+09
257, 2.485461222000000e-01, 5.704274810000000e-02, 3.366952845488362e-01, 0.000000000000000e+00, 0.000000000000000e+00, 5.566438307438782e+04, 1.000000000000000e-10, 1.421772159836755e+09
258, 2.455519687000000e-01, 5.692757100000000e-02, 3.360720127896166e-01, 0.000000000000000e+00, 0.000000000000000e+00, 5.559440487172280e+04, 1.000000000000000e-10, 1.425117859673111e+09
259, 2.425579324000000e-01, 5.680940080000000e-02, 3.354816623594001e-01, 0.000000000000000e+00, 0.000000000000000e+00, 5.554499084687721e+04, 1.000000000000000e-10, 1.428667567235721e+09
260, 2.395643498000000e-01, 5.668030080000000e-02, 3.351553465746758e-01, 0.000000000000000e+00, 0.000000000000000e+00, 5.553214997368537e+04, 1.000000000000000e-10, 1.430932648004810e+09
261, 2.365712773000000e-01, 5.653982940000000e-02, 3.351985166669299e-01, 0.000000000000000e+00, 0.000000000000000e+00, 5.557068154200405e+04, 1.000000000000000e-10, 1.431361108674750e+09
262, 2.335786376000000e-01, 5.639042170000000e-02, 3.356977596498097e-01, 0.000000000000000e+00, 0.000000000000000e+00, 5.568711565519212e+04, 1.000000000000000e-10, 1.429919258417341e+09
263, 2.305864572000000e-01, 5.623208320000000e-02, 3.366761953291668e-01, 0.000000000000000e+00, 0.000000000000000e+00, 5.589250449902023e+04, 1.000000000000000e-10, 1.426756854051410e+09
264, 2.275948873000000e-01, 5.606262990000000e-02, 3.381172474871160e-01, 0.000000000000000e+00, 0.000000000000000e+00, 5.616680629858655e+04, 1.000000000000000e-10, 1.421406466499713e+09
265, 2.246039719000000e-01, 5.588195720000000e-02, 3.394740420411265e-01, 0.000000000000000e+00, 0.000000000000000e+00, 5.641807718971775e+04, 1.000000000000000e-10, 1.416247766494935e+09
266, 2.216132630000000e-01, 5.569788720000000e-02, 3.402507417601229e-01, 0.000000000000000e+00, 0.000000000000000e+00, 5.656758458544697e+04, 1.000000000000000e-10, 1.413434796247916e+09
267, 2.186223396000000e-01, 5.551734040000000e-02, 3.404956927393611e-01, 0.000000000000000e+00, 0.000000000000000e+00, 5.662926871993618e+04, 1.000000000000000e-10, 1.412864795903771e+09
268, 2.156313504000000e-01, 5.533788100000000e-02, 3.403890373347101e-01, 0.000000000000000e+00, 0.000000000000000e+00, 5.662443366704820e+04, 1.000000000000000e-10, 1.413572486060058e+09
269, 2.126403613000000e-01, 5.515842170000000e-02, 3.402688062616042e-01, 0.000000000000000e+00, 0.000000000000000e+00, 5.662503847609741e+04, 1.000000000000000e-10, 1.414472783491612e+09
270, 2.096493686000000e-01, 5.497902140000000e-02, 3.400279373828820e-01, 0.000000000000000e+00, 0.000000000000000e+00, 5.660650261338483e+04, 1.000000000000000e-10, 1.415906771467253e+09
271, 2.066581632000000e-01, 5.480320770000000e-02, 3.395355990136616e-01, 0.000000000000000e+00, 0.000000000000000e+00, 5.654922525191461e+04, 1.000000000000000e-10, 1.418469136694860e+09
272, 2.036669592000000e-01, 5.462737120000000e-02, 3.391984198753640e-01, 0.000000000000000e+00, 0.000000000000000e+00, 5.652972263318096e+04, 1.000000000000000e-10, 1.420624163824433e+09
273, 2.006762392000000e-01, 5.444351370000000e-02, 3.390010538158691e-01, 0.000000000000000e+00, 0.000000000000000e+00, 5.651746896029903e+04, 1.000000000000000e-10, 1.421893860662121e+09
274, 1.976864651000000e-01, 5.424488690000000e-02, 3.390111161063355e-01, 0.000000000000000e+00, 0.000000000000000e+00, 5.651426118530098e+04, 1.000000000000000e-10, 1.421724133045581e+09
275, 1.946974808000000e-01, 5.403467400000000e-02, 3.390210775264893e-01, 0.000000000000000e+00, 0.000000000000000e+00, 5.649410938752279e+04, 1.000000000000000e-10, 1.421243978139785e+09
276, 1.917087537000000e-01, 5.382082320000000e-02, 3.388633237198674e-01, 0.000000000000000e+00, 0.000000000000000e+00, 5.644467834899725e+04, 1.000000000000000e-10, 1.421449252216939e+09
277, 1.887197351000000e-01, 5.361109610000000e-02, 3.384391266513455e-01, 0.000000000000000e+00, 0.000000000000000e+00, 5.637020042742163e+04, 1.000000000000000e-10, 1.423151596722996e+09
278, 1.857303707000000e-01, 5.340634910000000e-02, 3.378495448283881e-01, 0.000000000000000e+00, 0.000000000000000e+00, 5.628832074528398e+04, 1.000000000000000e-10, 1.425975141722765e+09
279, 1.827411789000000e-01, 5.319910420000000e-02, 3.372648838133147e-01, 0.000000000000000e+00, 0.000000000000000e+00, 5.622206833173675e+04, 1.000000000000000e-10, 1.429062109815748e+09
280, 1.797527313000000e-01, 5.298142430000000e-02, 3.369155512141749e-01, 0.000000000000000e+00, 0.000000000000000e+00, 5.618943377003278e+04, 1.000000000000000e-10, 1.431085017646250e+09
281, 1.767651486000000e-01, 5.275215400000000e-02, 3.368646106628201e-01, 0.000000000000000e+00, 0.000000000000000e+00, 5.619756158786845e+04, 1.000000000000000e-10, 1.431660810605097e+09
282, 1.737782598000000e-01, 5.251401450000000e-02, 3.370831933862909e-01, 0.000000000000000e+00, 0.000000000000000e+00, 5.625009135756916e+04, 1.000000000000000e-10, 1.431068393060692e+09
283, 1.707920907000000e-01, 5.226701400000000e-02, 3.375666956276028e-01, 0.000000000000000e+00, 0.000000000000000e+00, 5.634980331327572e+04, 1.000000000000000e-10, 1.429415385136481e+09
284, 1.678068289000000e-01, 5.200929790000000e-02, 3.382241465286976e-01, 0.000000000000000e+00, 0.000000000000000e+00, 5.647010292569760e+04, 1.000000000000000e-10, 1.426843634800241e+09
285, 1.648225830000000e-01, 5.174005310000000e-02, 3.387861554035464e-01, 0.000000000000000e+00, 0.000000000000000e+00, 5.656284582375147e+04, 1.000000000000000e-10, 1.424454090536882e+09
286, 1.618386948000000e-01, 5.146686210000000e-02, 3.391261238297425e-01, 0.000000000000000e+00, 0.000000000000000e+00, 5.662095817991673e+04, 1.000000000000000e-10, 1.423093129908164e+09
287, 1.588544609000000e-01, 5.119748250000000e-02, 3.393073026753395e-01, 0.000000000000000e+00, 0.000000000000000e+00, 5.666504315442038e+04, 1.000000000000000e-10, 1.422618693061393e+09
288, 1.558697631000000e-01, 5.093328530000000e-02, 3.393501973104686e-01, 0.000000000000000e+00, 0.000000000000000e+00, 5.671081169467775e+04, 1.000000000000000e-10, 1.423251930320926e+09
289, 1.528852535000000e-01, 5.066697530000000e-02, 3.394175317937320e-01, 0.000000000000000e+00, 0.000000000000000e+00, 5.676965319685978e+04, 1.000000000000000e-10, 1.423950282722812e+09
290, 1.499016570000000e-01, 5.039064780000000e-02, 3.396190570942651e-01, 0.000000000000000e+00, 0.000000000000000e+00, 5.683189031581812e+04, 1.000000000000000e-10, 1.423672288407619e+09
291, 1.469194872000000e-01, 5.009932340000000e-02, 3.398452332838969e-01, 0.000000000000000e+00, 0.000000000000000e+00, 5.687467072656600e+04, 1.000000000000000e-10, 1.422826134368251e+09
292, 1.439382559000000e-01, 4.979852640000000e-02, 3.398879184688501e-01, 0.000000000000000e+00, 0.000000000000000e+00, 5.688610591654603e+04, 1.000000000000000e-10, 1.422717401671185e+09
293, 1.409571857000000e-01, 4.949613280000000e-02, 3.397722592187108e-01, 0.000000000000000e+00, 0.000000000000000e+00, 5.687846208837772e+04, 1.000000000000000e-10, 1.423399884991760e+09
294, 1.379755682000000e-01, 4.919919110000000e-02, 3.393892727475926e-01, 0.000000000000000e+00, 0.000000000000000e+00, 5.684362645156247e+04, 1.000000000000000e-10, 1.425624512494000e+09
295, 1.349936162000000e-01, 4.890561960000000e-02, 3.386499474044567e-01, 0.000000000000000e+00, 0.000000000000000e+00, 5.676681277601307e+04, 1.000000000000000e-10, 1.429726063738279e+09
296, 1.320121036000000e-01, 4.860762960000000e-02, 3.377941285804180e-01, 0.000000000000000e+00, 0.000000000000000e+00, 5.665897510734008e+04, 1.000000000000000e-10, 1.434101109644459e+09
297, 1.290317925000000e-01, 4.829786950000000e-02, 3.371441330005236e-01, 0.000000000000000e+00, 0.000000000000000e+00, 5.656523784643002e+04, 1.000000000000000e-10, 1.437184803362592e+09
298, 1.260525769000000e-01, 4.797772950000000e-02, 3.368138358963018e-01, 0.000000000000000e+00, 0.000000000000000e+00, 5.651631724088077e+04, 1.000000000000000e-10, 1.438720174157340e+09
299, 1.230743167000000e-01, 4.764882070000000e-02, 3.366873896832583e-01, 0.000000000000000e+00, 0.000000000000000e+00, 5.650394396604464e+04, 1.000000000000000e-10, 1.439463767981699e+09
300, 1.200970366000000e-01, 4.731115450000000e-02, 3.366632222884691e-01, 0.000000000000000e+00, 0.000000000000000e+00, 5.651294687644859e+04, 1.000000000000000e-10, 1.439840631874705e+09
301, 1.171207615000000e-01, 4.696474260000000e-02, 3.367063313723464e-01, 0.000000000000000e+00, 0.000000000000000e+00, 5.653502104836992e+04, 1.000000000000000e-10, 1.439966424159262e+09
302, 1.141455159000000e-01, 4.660959680000000e-02, 3.367509986030091e-01, 0.000000000000000e+00, 0.000000000000000e+00, 5.655667503273677e+04, 1.000000000000000e-10, 1.440061693732230e+09
303, 1.111713243000000e-01, 4.624572950000000e-02, 3.367313419967721e-01, 0.000000000000000e+00, 0.000000000000000e+00, 5.656604536005196e+04, 1.000000000000000e-10, 1.440410518068382e+09
304, 1.081982111000000e-01, 4.587315320000000e-02, 3.366485339687851e-01, 0.000000000000000e+00, 0.000000000000000e+00, 5.656446836657335e+04, 1.000000000000000e-10, 1.441035863698338e+09
305, 1.052262005000000e-01, 4.549188050000000e-02, 3.364683795539880e-01, 0.000000000000000e+00, 0.000000000000000e+00, 5.654990865015396e+04, 1.000000000000000e-10, 1.442136131922006e+09
306, 1.022553168000000e-01, 4.510192450000000e-02, 3.361159770679098e-01, 0.000000000000000e+00, 0.000000000000000e+00, 5.651558167354747e+04, 1.000000000000000e-10, 1.444126875026242e+09
307, 9.928555240000000e-02, 4.470353130000000e-02, 3.355925525053729e-01, 0.000000000000000e+00, 0.000000000000000e+00, 5.646634591436601e+04, 1.000000000000000e-10, 1.447194423734141e+09
308, 9.631645150000000e-02, 4.430022190000000e-02, 3.349134485379440e-01, 0.000000000000000e+00, 0.000000000000000e+00, 5.640774768547327e+04, 1.000000000000000e-10, 1.451303475321832e+09
309, 9.334866629999999e-02, 4.388735710000000e-02, 3.342778615902900e-01, 0.000000000000000e+00, 0.000000000000000e+00, 5.635752844362977e+04, 1.000000000000000e-10, 1.455294188096244e+09
310, 9.038333000000000e-02, 4.345728190000000e-02, 3.338631326542071e-01, 0.000000000000000e+00, 0.000000000000000e+00, 5.633041010962344e+04, 1.000000000000000e-10, 1.458014775098749e+09
311, 8.742106760000000e-02, 4.300650920000000e-02, 3.336884115642709e-01, 0.000000000000000e+00, 0.000000000000000e+00, 5.632646371361975e+04, 1.000000000000000e-10, 1.459299925654978e+09
312, 8.446147179999999e-02, 4.253854550000000e-02, 3.337594906398348e-01, 0.000000000000000e+00, 0.000000000000000e+00, 5.635441539875439e+04, 1.000000000000000e-10, 1.459351710694038e+09
313, 8.150462410000001e-02, 4.205352220000000e-02, 3.341025478548119e-01, 0.000000000000000e+00, 0.000000000000000e+00, 5.642606323130745e+04, 1.000000000000000e-10, 1.458143822802298e+09
314, 7.855061400000000e-02, 4.155150370000000e-02, 3.346915099934821e-01, 0.000000000000000e+00, 0.000000000000000e+00, 5.653904406915591e+04, 1.000000000000000e-10, 1.455857739769635e+09
315, 7.559953120000000e-02, 4.103255620000000e-02, 3.354253118845308e-01, 0.000000000000000e+00, 0.000000000000000e+00, 5.667859170573670e+04, 1.000000000000000e-10, 1.452973269327959e+09
316, 7.265146290000001e-02, 4.049674770000000e-02, 3.361194142771427e-01, 0.000000000000000e+00, 0.000000000000000e+00, 5.681919816124768e+04, 1.000000000000000e-10, 1.450505797076036e+09
317, 6.970648800000000e-02, 3.994418840000000e-02, 3.365948717033570e-01, 0.000000000000000e+00, 0.000000000000000e+00, 5.693444704698081e+04, 1.000000000000000e-10, 1.449183995982752e+09
318, 6.676405530000000e-02, 3.937824060000000e-02, 3.368183502915209e-01, 0.000000000000000e+00, 0.000000000000000e+00, 5.701880040739299e+04, 1.000000000000000e-10, 1.449191432350279e+09
319, 6.382483080000000e-02, 3.879587770000000e-02, 3.369749114245883e-01, 0.000000000000000e+00, 0.000000000000000e+00, 5.709310558194750e+04, 1.000000000000000e-10, 1.449468313215905e+09
320, 6.089039250000000e-02, 3.818988410000000e-02, 3.371695656076055e-01, 0.000000000000000e+00, 0.000000000000000e+00, 5.717186990171000e+04, 1.000000000000000e-10, 1.449583465300213e+09
321, 5.796159620000000e-02, 3.755716460000000e-02, 3.375255350101788e-01, 0.000000000000000e+00, 0.000000000000000e+00, 5.727047555053587e+04, 1.000000000000000e-10, 1.448846547710768e+09
322, 5.503766030000000e-02, 3.690236230000000e-02, 3.379904268880548e-01, 0.000000000000000e+00, 0.000000000000000e+00, 5.738822892659567e+04, 1.000000000000000e-10, 1.447656097832112e+09
323, 5.212020500000000e-02, 3.621928960000000e-02, 3.385015008522972e-01, 0.000000000000000e+00, 0.000000000000000e+00, 5.751032716903455e+04, 1.000000000000000e-10, 1.446202630646859e+09
324, 4.921095930000000e-02, 3.550206810000000e-02, 3.389655331362330e-01, 0.000000000000000e+00, 0.000000000000000e+00, 5.762308171930385e+04, 1.000000000000000e-10, 1.444918524771106e+09
325, 4.630834710000000e-02, 3.475842740000000e-02, 3.393612787684552e-01, 0.000000000000000e+00, 0.000000000000000e+00, 5.772019603498211e+04, 1.000000000000000e-10, 1.443844003958951e+09
326, 4.341443290000000e-02, 3.398167710000000e-02, 3.398348476108938e-01, 0.000000000000000e+00, 0.000000000000000e+00, 5.782161251481974e+04, 1.000000000000000e-10, 1.442222451514534e+09
327, 4.053329480000000e-02, 3.315886600000000e-02, 3.405599233209473e-01, 0.000000000000000e+00, 0.000000000000000e+00, 5.796788028080670e+04, 1.000000000000000e-10, 1.439645054916794e+09
328, 3.766462370000000e-02, 3.229347590000000e-02, 3.417079851558538e-01, 0.000000000000000e+00, 0.000000000000000e+00, 5.819921716308840e+04, 1.000000000000000e-10, 1.435532590246054e+09
329, 3.480664810000000e-02, 3.139349160000000e-02, 3.436174644969229e-01, 0.000000000000000e+00, 0.000000000000000e+00, 5.856412054129083e+04, 1.000000000000000e-10, 1.428346539896165e+09
330, 3.196977470000000e-02, 3.042923390000000e-02, 3.469330019576319e-01, 0.000000000000000e+00, 0.000000000000000e+00, 5.914515453777363e+04, 1.000000000000000e-10, 1.414861839493520e+09
331, 2.916436760000000e-02, 2.937700070000000e-02, 3.505430212128182e-01, 0.000000000000000e+00, 0.000000000000000e+00, 5.988924955795992e+04, 1.000000000000000e-10, 1.402753746551147e+09
332, 2.638083370000000e-02, 2.826801140000000e-02, 3.549408273652541e-01, 0.000000000000000e+00, 0.000000000000000e+00, 6.072957745401733e+04, 1.000000000000000e-10, 1.387033076010969e+09
333, 2.362898530000000e-02, 2.708283520000000e-02, 3.616112256739112e-01, 0.000000000000000e+00, 0.000000000000000e+00, 6.197991929732924e+04, 1.000000000000000e-10, 1.363299924916243e+09
334, 2.092840090000000e-02, 2.578537860000000e-02, 3.679941820237596e-01, 0.000000000000000e+00, 0.000000000000000e+00, 6.315568832190993e+04, 1.000000000000000e-10, 1.340823007554889e+09
335, 1.829564720000000e-02, 2.435529470000000e-02, 3.745118979713843e-01, 0.000000000000000e+00, 0.000000000000000e+00, 6.440525589601854e+04, 1.000000000000000e-10, 1.319841068359337e+09
336, 1.571975790000000e-02, 2.282485310000000e-02, 3.847966620638320e-01, 0.000000000000000e+00, 0.000000000000000e+00, 6.635911268818834e+04, 1.000000000000000e-10, 1.287493811407579e+09
337, 1.319128670000000e-02, 2.121724900000000e-02, 3.991087092371641e-01, 0.000000000000000e+00, 0.000000000000000e+00, 6.904843454768987e+04, 1.000000000000000e-10, 1.244572102020211e+09
338, 1.071855140000000e-02, 1.952532850000000e-02, 4.155422338507647e-01, 0.000000000000000e+00, 0.000000000000000e+00, 7.213559324266558e+04, 1.000000000000000e-10, 1.198645510622559e+09
339, 8.357752600000001e-03, 1.768194770000000e-02, 4.362780151779072e-01, 0.000000000000000e+00, 0.000000000000000e+00, 7.666207224047776e+04, 1.000000000000000e-10, 1.152199818405422e+09
340, 6.234852000000000e-03, 1.557056300000000e-02, 4.502770319859948e-01, 0.000000000000000e+00, 0.000000000000000e+00, 7.923562593176852e+04, 1.000000000000000e-10, 1.116273893658583e+09
341, 4.319046800000000e-03, 1.326691890000000e-02, 4.840322978960668e-01, 0.000000000000000e+00, 0.000000000000000e+00, 8.648562559906379e+04, 1.000000000000000e-10, 1.051327045047503e+09
342, 2.659048500000000e-03, 1.078063400000000e-02, 5.038643665652295e-01, 0.000000000000000e+00, 0.000000000000000e+00, 9.007735397198529e+04, 1.000000000000000e-10, 1.010887385080989e+09
343, 1.585549600000000e-03, 7.986006000000000e-03, 5.311765008184313e-01, 0.000000000000000e+00, 0.000000000000000e+00, 9.605181008343557e+04, 1.000000000000000e-10, 9.677841183959242e+08
344, 7.472436000000000e-04, 5.109934500000000e-03, 5.466975524913149e-01, 0.000000000000000e+00, 0.000000000000000e+00, 9.864282257129054e+04, 1.000000000000000e-10, 9.386569674628222e+08
345, 1.626159000000000e-04, 2.172660000000000e-03, 5.559251713203374e-01, 0.000000000000000e+00, 0.000000000000000e+00, 1.003255688288187e+05, 1.000000000000000e-10, 9.230428598105994e+08
346, 2.551370000000000e-05, -8.154233000000000e-04, 5.621668496437100e-01, 0.000000000000000e+00, 0.000000000000000e+00, 1.018364299820763e+05, 1.000000000000000e-10, 9.145926907217077e+08
347, 4.418631000000000e-04, -3.780176900000000e-03, 5.430917447380249e-01, 0.000000000000000e+00, 0.000000000000000e+00, 9.766957626822033e+04, 1.000000000000000e-10, 9.428398688035667e+08
348, 1.178979700000000e-03, -6.683559600000000e-03, 5.245167449220678e-01, 0.000000000000000e+00, 0.000000000000000e+00, 9.447758969555282e+04, 1.000000000000000e-10, 9.774674894733896e+08
349, 2.119737600000000e-03, -9.527886300000000e-03, 4.993783272656786e-01, 0.000000000000000e+00, 0.000000000000000e+00, 8.939672220351466e+04, 1.000000000000000e-10, 1.021582663969663e+09
350, 3.491510200000000e-03, -1.218239690000000e-02, 4.826452043094391e-01, 0.000000000000000e+00, 0.000000000000000e+00, 8.663220297898221e+04, 1.000000000000000e-10, 1.059563668205864e+09
351, 5.352275100000000e-03, -1.453005090000000e-02, 4.361926456639302e-01, 0.000000000000000e+00, 0.000000000000000e+00, 7.668287390472722e+04, 1.000000000000000e-10, 1.152856918622334e+09
352, 7.355607900000000e-03, -1.675624800000000e-02, 4.174620605917596e-01, 0.000000000000000e+00, 0.000000000000000e+00, 7.359985305725755e+04, 1.000000000000000e-10, 1.207373094303545e+09
353, 9.621932400000000e-03, -1.871350840000000e-02, 3.876137578830411e-01, 0.000000000000000e+00, 0.000000000000000e+00, 6.684850432384285e+04, 1.000000000000000e-10, 1.277958156876609e+09
354, 1.205590760000000e-02, -2.046042230000000e-02, 3.727884870939599e-01, 0.000000000000000e+00, 0.000000000000000e+00, 6.433094704188814e+04, 1.000000000000000e-10, 1.329661140809977e+09
355, 1.455955480000000e-02, -2.210638150000000e-02, 3.506558693372808e-01, 0.000000000000000e+00, 0.000000000000000e+00, 5.997346937273370e+04, 1.000000000000000e-10, 1.403324979990719e+09
356, 1.711312970000000e-02, -2.367378560000000e-02, 3.394808288743835e-01, 0.000000000000000e+00, 0.000000000000000e+00, 5.801031328078071e+04, 1.000000000000000e-10, 1.448462175957724e+09
357, 1.972005420000000e-02, -2.515057360000000e-02, 3.289016062523605e-01, 0.000000000000000e+00, 0.000000000000000e+00, 5.593606807892901e+04, 1.000000000000000e-10, 1.489189291388568e+09
358, 2.239892040000000e-02, -2.649200820000000e-02, 3.221468964655991e-01, 0.000000000000000e+00, 0.000000000000000e+00, 5.456377118060523e+04, 1.000000000000000e-10, 1.515350513869214e+09
359, 2.514218880000000e-02, -2.769671360000000e-02, 3.161459916373321e-01, 0.000000000000000e+00, 0.000000000000000e+00, 5.334939995547358e+04, 1.000000000000000e-10, 1.539768879237216e+09
360, 2.792514050000000e-02, -2.880708720000000e-02, 3.124494748559274e-01, 0.000000000000000e+00, 0.000000000000000e+00, 5.258588556352013e+04, 1.000000000000000e-10, 1.554599927543554e+09
361, 3.072579640000000e-02, -2.987219160000000e-02, 3.099648634533420e-01, 0.000000000000000e+00, 0.000000000000000e+00, 5.203520960744429e+04, 1.000000000000000e-10, 1.563795128760718e+09
362, 3.355101120000000e-02, -3.087007190000000e-02, 3.087116086883111e-01, 0.000000000000000e+00, 0.000000000000000e+00, 5.171551246773515e+04, 1.000000000000000e-10, 1.567446395322308e+09
363, 3.640010390000000e-02, -3.179774150000000e-02, 3.081264338867339e-01, 0.000000000000000e+00, 0.000000000000000e+00, 5.155012927320077e+04, 1.000000000000000e-10, 1.568768707826130e+09
364, 3.926405390000000e-02, -3.267859480000000e-02, 3.079476914445323e-01, 0.000000000000000e+00, 0.000000000000000e+00, 5.147282971061813e+04, 1.000000000000000e-10, 1.568492953970719e+09
365, 4.213857070000000e-02, -3.352425530000000e-02, 3.079337034314364e-01, 0.000000000000000e+00, 0.000000000000000e+00, 5.142957505791182e+04, 1.000000000000000e-10, 1.567577924799382e+09
366, 4.502736230000000e-02, -3.431981760000000e-02, 3.080397281119061e-01, 0.000000000000000e+00, 0.000000000000000e+00, 5.141143557865886e+04, 1.000000000000000e-10, 1.566151263343144e+09
367, 4.792660680000000e-02, -3.507646140000000e-02, 3.083079373435174e-01, 0.000000000000000e+00, 0.000000000000000e+00, 5.141943394910235e+04, 1.000000000000000e-10, 1.563869744565763e+09
368, 5.083275460000000e-02, -3.580616600000000e-02, 3.087764687619536e-01, 0.000000000000000e+00, 0.000000000000000e+00, 5.146187268252426e+04, 1.000000000000000e-10, 1.560658705895641e+09
369, 5.374765330000000e-02, -3.650004220000000e-02, 3.095772969023940e-01, 0.000000000000000e+00, 0.000000000000000e+00, 5.155270934657658e+04, 1.000000000000000e-10, 1.555563799322533e+09
370, 5.666961100000000e-02, -3.716362050000000e-02, 3.104816794153306e-01, 0.000000000000000e+00, 0.000000000000000e+00, 5.166311749002568e+04, 1.000000000000000e-10, 1.550031316709598e+09
371, 5.959522020000000e-02, -3.781094180000000e-02, 3.110246097494763e-01, 0.000000000000000e+00, 0.000000000000000e+00, 5.173199796693011e+04, 1.000000000000000e-10, 1.546782486819685e+09
372, 6.252243709999999e-02, -3.845095230000000e-02, 3.111713990891435e-01, 0.000000000000000e+00, 0.000000000000000e+00, 5.175660434624430e+04, 1.000000000000000e-10, 1.546072279252660e+09
373, 6.545274740000000e-02, -3.907663200000000e-02, 3.110536930546984e-01, 0.000000000000000e+00, 0.000000000000000e+00, 5.174678020991170e+04, 1.000000000000000e-10, 1.546897189423305e+09
374, 6.838760620000001e-02, -3.968059320000000e-02, 3.106779372355511e-01, 0.000000000000000e+00, 0.000000000000000e+00, 5.169247090124443e+04, 1.000000000000000e-10, 1.548962148187391e+09
375, 7.132826930000000e-02, -4.025560110000000e-02, 3.102110670346844e-01, 0.000000000000000e+00, 0.000000000000000e+00, 5.159825783239214e+04, 1.000000000000000e-10, 1.550879707000708e+09
376, 7.427458960000000e-02, -4.080090600000000e-02, 3.100747820104077e-01, 0.000000000000000e+00, 0.000000000000000e+00, 5.153820278468770e+04, 1.000000000000000e-10, 1.550639159896303e+09
377, 7.722505590000001e-02, -4.132334090000000e-02, 3.102856756064288e-01, 0.000000000000000e+00, 0.000000000000000e+00, 5.152988306307764e+04, 1.000000000000000e-10, 1.548512762608576e+09
378, 8.017823220000000e-02, -4.183025210000000e-02, 3.106828934809422e-01, 0.000000000000000e+00, 0.000000000000000e+00, 5.156068011610221e+04, 1.000000000000000e-10, 1.545685381966964e+09
379, 8.313435769999999e-02, -4.231964410000000e-02, 3.116049745526867e-01, 0.000000000000000e+00, 0.000000000000000e+00, 5.168075287565044e+04, 1.000000000000000e-10, 1.540313697902826e+09
380, 8.609333900000000e-02, -4.279148640000000e-02, 3.131157084901827e-01, 0.000000000000000e+00, 0.000000000000000e+00, 5.191229962048098e+04, 1.000000000000000e-10, 1.532419840221203e+09
381, 8.905390220000001e-02, -4.325331250000000e-02, 3.149143634371372e-01, 0.000000000000000e+00, 0.000000000000000e+00, 5.220995586013025e+04, 1.000000000000000e-10, 1.523627445428719e+09
382, 9.201521220000000e-02, -4.371032730000000e-02, 3.166216379010339e-01, 0.000000000000000e+00, 0.000000000000000e+00, 5.251264100210561e+04, 1.000000000000000e-10, 1.515878461333207e+09
383, 9.497777180000000e-02, -4.415916550000000e-02, 3.179571417639923e-01, 0.000000000000000e+00, 0.000000000000000e+00, 5.276553451655942e+04, 1.000000000000000e-10, 1.510256108402197e+09
384, 9.794161960000000e-02, -4.459941640000000e-02, 3.188273012350267e-01, 0.000000000000000e+00, 0.000000000000000e+00, 5.292878129112825e+04, 1.000000000000000e-10, 1.506575711942592e+09
385, 1.009067324000000e-01, -4.503106510000000e-02, 3.192114711151202e-01, 0.000000000000000e+00, 0.000000000000000e+00, 5.299681335930745e+04, 1.000000000000000e-10, 1.504859827244867e+09
386, 1.038730870000000e-01, -4.545409720000000e-02, 3.193175880370098e-01, 0.000000000000000e+00, 0.000000000000000e+00, 5.301195129669089e+04, 1.000000000000000e-10, 1.504280583483206e+09
387, 1.068406597000000e-01, -4.586849830000000e-02, 3.193059877992876e-01, 0.000000000000000e+00, 0.000000000000000e+00, 5.300205937103929e+04, 1.000000000000000e-10, 1.504149163144782e+09
388, 1.098094267000000e-01, -4.627425440000000e-02, 3.191871173978909e-01, 0.000000000000000e+00, 0.000000000000000e+00, 5.296816963520467e+04, 1.000000000000000e-10, 1.504382485249106e+09
389, 1.127793642000000e-01, -4.667135170000000e-02, 3.189409918527617e-01, 0.000000000000000e+00, 0.000000000000000e+00, 5.290809106069940e+04, 1.000000000000000e-10, 1.505092995987223e+09
390, 1.157504483000000e-01, -4.705977670000000e-02, 3.186024079411253e-01, 0.000000000000000e+00, 0.000000000000000e+00, 5.282961344652921e+04, 1.000000000000000e-10, 1.506197593851488e+09
391, 1.187226550000000e-01, -4.743951610000000e-02, 3.182254967449362e-01, 0.000000000000000e+00, 0.000000000000000e+00, 5.274338350745245e+04, 1.000000000000000e-10, 1.507423119947108e+09
392, 1.216959602000000e-01, -4.781055690000000e-02, 3.178600852879478e-01, 0.000000000000000e+00, 0.000000000000000e+00, 5.265822403847838e+04, 1.000000000000000e-10, 1.508574126076051e+09
393, 1.246703396000000e-01, -4.817288640000000e-02, 3.175335225265727e-01, 0.000000000000000e+00, 0.000000000000000e+00, 5.257798734085367e+04, 1.000000000000000e-10, 1.509516027027711e+09
394, 1.276457687000000e-01, -4.852649220000000e-02, 3.172597231268174e-01, 0.000000000000000e+00, 0.000000000000000e+00, 5.250342615565412e+04, 1.000000000000000e-10, 1.510126418404149e+09
395, 1.306222230000000e-01, -4.887136210000000e-02, 3.170486912276458e-01, 0.000000000000000e+00, 0.000000000000000e+00, 5.243419763319688e+04, 1.000000000000000e-10, 1.510312617202713e+09
396, 1.335996778000000e-01, -4.920748410000000e-02, 3.169031893550795e-01, 0.000000000000000e+00, 0.000000000000000e+00, 5.236833359443623e+04, 1.000000000000000e-10, 1.509984786799269e+09
397, 1.365781084000000e-01, -4.953484670000000e-02, 3.168244020776281e-01, 0.000000000000000e+00, 0.000000000000000e+00, 5.230406713168208e+04, 1.000000000000000e-10, 1.509141732823123e+09
398, 1.395574899000000e-01, -4.985343850000000e-02, 3.168293645515756e-01, 0.000000000000000e+00, 0.000000000000000e+00, 5.224571693797227e+04, 1.000000000000000e-10, 1.507710523768279e+09
399, 1.425377974000000e-01, -5.016324850000000e-02, 3.169378143236089e-01, 0.000000000000000e+00, 0.000000000000000e+00, 5.220409081113779e+04, 1.000000000000000e-10, 1.505823681944813e+09
400, 1.455190058000000e-01, -5.046426590000000e-02, 3.171160800448059e-01, 0.000000000000000e+00, 0.000000000000000e+00, 5.218684937611462e+04, 1.000000000000000e-10, 1.503869463622960e+09
401, 1.485010900000000e-01, -5.075648020000000e-02, 3.173087012143322e-01, 0.000000000000000e+00, 0.000000000000000e+00, 5.219103789404719e+04, 1.000000000000000e-10, 1.502308073537431e+09
402, 1.514841115000000e-01, -5.103895140000000e-02, 3.177128029094639e-01, 0.000000000000000e+00, 0.000000000000000e+00, 5.223377798318662e+04, 1.000000000000000e-10, 1.499835138762229e+09
403, 1.544682859000000e-01, -5.130898220000000e-02, 3.185245526942524e-01, 0.000000000000000e+00, 0.000000000000000e+00, 5.232878533416642e+04, 1.000000000000000e-10, 1.495122463711344e+09
404, 1.574529831000000e-01, -5.157318600000000e-02, 3.194308307222819e-01, 0.000000000000000e+00, 0.000000000000000e+00, 5.243972262000680e+04, 1.000000000000000e-10, 1.489990542208822e+09
405, 1.604374954000000e-01, -5.183946610000000e-02, 3.199824854348900e-01, 0.000000000000000e+00, 0.000000000000000e+00, 5.251838619029375e+04, 1.000000000000000e-10, 1.487080394766216e+09
406, 1.634214633000000e-01, -5.211178220000000e-02, 3.201132826804455e-01, 0.000000000000000e+00, 0.000000000000000e+00, 5.254838167525212e+04, 1.000000000000000e-10, 1.486671957504248e+09
407, 1.664054524000000e-01, -5.238386490000000e-02, 3.200697104121357e-01, 0.000000000000000e+00, 0.000000000000000e+00, 5.255733687419377e+04, 1.000000000000000e-10, 1.487242613168035e+09
408, 1.693901711000000e-01, -5.264780400000000e-02, 3.198145058243457e-01, 0.000000000000000e+00, 0.000000000000000e+00, 5.251734147874863e+04, 1.000000000000000e-10, 1.488505458523649e+09
409, 1.723759785000000e-01, -5.289913550000000e-02, 3.194464958163103e-01, 0.000000000000000e+00, 0.000000000000000e+00, 5.243812824828304e+04, 1.000000000000000e-10, 1.489790003754587e+09
410, 1.753625325000000e-01, -5.314143690000000e-02, 3.192218498062940e-01, 0.000000000000000e+00, 0.000000000000000e+00, 5.237337667746090e+04, 1.000000000000000e-10, 1.490183639590083e+09
411, 1.783497926000000e-01, -5.337487290000000e-02, 3.191751295126827e-01, 0.000000000000000e+00, 0.000000000000000e+00, 5.234402246318215e+04, 1.000000000000000e-10, 1.489893472288945e+09
412, 1.813377897000000e-01, -5.359866430000000e-02, 3.193948953487393e-01, 0.000000000000000e+00, 0.000000000000000e+00, 5.235946911426127e+04, 1.000000000000000e-10, 1.488384906406899e+09
413, 1.843267059000000e-01, -5.380983240000000e-02, 3.200342689636133e-01, 0.000000000000000e+00, 0.000000000000000e+00, 5.243463581119120e+04, 1.000000000000000e-10, 1.484699940178639e+09
414, 1.873160581000000e-01, -5.401475910000000e-02, 3.209835595132249e-01, 0.000000000000000e+00, 0.000000000000000e+00, 5.256767952464802e+04, 1.000000000000000e-10, 1.479786139600458e+09
415, 1.903052907000000e-01, -5.422141550000000e-02, 3.218756241984049e-01, 0.000000000000000e+00, 0.000000000000000e+00, 5.271384424497648e+04, 1.000000000000000e-10, 1.475653468386672e+09
416, 1.932940919000000e-01, -5.443422470000000e-02, 3.224943596874871e-01, 0.000000000000000e+00, 0.000000000000000e+00, 5.282861115009330e+04, 1.000000000000000e-10, 1.473149241039061e+09
417, 1.962828856000000e-01, -5.464713860000000e-02, 3.230147691678971e-01, 0.000000000000000e+00, 0.000000000000000e+00, 5.294083772960122e+04, 1.000000000000000e-10, 1.471429586335044e+09
418, 1.992722277000000e-01, -5.485218440000000e-02, 3.232592374809349e-01, 0.000000000000000e+00, 0.000000000000000e+00, 5.298984327724951e+04, 1.000000000000000e-10, 1.470521652618500e+09
419, 2.022625407000000e-01, -5.504252520000000e-02, 3.236034250686990e-01, 0.000000000000000e+00, 0.000000000000000e+00, 5.302087412661582e+04, 1.000000000000000e-10, 1.468367957111516e+09
420, 2.052535799000000e-01, -5.522113260000000e-02, 3.241555667981268e-01, 0.000000000000000e+00, 0.000000000000000e+00, 5.305983031955097e+04, 1.000000000000000e-10, 1.464683660188154e+09
421, 2.082448433000000e-01, -5.539596050000000e-02, 3.247380219005572e-01, 0.000000000000000e+00, 0.000000000000000e+00, 5.310589054389088e+04, 1.000000000000000e-10, 1.460892451052447e+09
422, 2.112359078000000e-01, -5.557415450000000e-02, 3.251076397873932e-01, 0.000000000000000e+00, 0.000000000000000e+00, 5.313804384853294e+04, 1.000000000000000e-10, 1.458629195747204e+09
423, 2.142268969000000e-01, -5.575361380000000e-02, 3.251612560882859e-01, 0.000000000000000e+00, 0.000000000000000e+00, 5.312603199760243e+04, 1.000000000000000e-10, 1.457937265686321e+09
424, 2.172178860000000e-01, -5.593307320000000e-02, 3.252867396914100e-01, 0.000000000000000e+00, 0.000000000000000e+00, 5.314452923532376e+04, 1.000000000000000e-10, 1.457348051779688e+09
425, 2.202088738000000e-01, -5.611255380000000e-02, 3.252201685280381e-01, 0.000000000000000e+00, 0.000000000000000e+00, 5.312248152648676e+04, 1.000000000000000e-10, 1.457393030547064e+09
426, 2.231996539000000e-01, -5.629546030000000e-02, 3.245726835429424e-01, 0.000000000000000e+00, 0.000000000000000e+00, 5.299897694072541e+04, 1.000000000000000e-10, 1.459898870901767e+09
427, 2.261904122000000e-01, -5.647872410000000e-02, 3.236199422755628e-01, 0.000000000000000e+00, 0.000000000000000e+00, 5.283390954107148e+04, 1.000000000000000e-10, 1.463979312648986e+09
428, 2.291816271000000e-01, -5.665434720000000e-02, 3.222051153873010e-01, 0.000000000000000e+00, 0.000000000000000e+00, 5.257877568813468e+04, 1.000000000000000e-10, 1.469817332398367e+09
429, 2.321736636000000e-01, -5.681534020000000e-02, 3.210328161202599e-01, 0.000000000000000e+00, 0.000000000000000e+00, 5.232982995737090e+04, 1.000000000000000e-10, 1.473886808322447e+09
430, 2.351663232000000e-01, -5.696435160000000e-02, 3.203339269778112e-01, 0.000000000000000e+00, 0.000000000000000e+00, 5.212012630574894e+04, 1.000000000000000e-10, 1.474860602191456e+09
431, 2.381591812000000e-01, -5.710934150000000e-02, 3.199021335345494e-01, 0.000000000000000e+00, 0.000000000000000e+00, 5.195114035838689e+04, 1.000000000000000e-10, 1.474492787552546e+09
432, 2.411518497000000e-01, -5.725817950000000e-02, 3.193877721914442e-01, 0.000000000000000e+00, 0.000000000000000e+00, 5.181290566734169e+04, 1.000000000000000e-10, 1.475577545742898e+09
433, 2.441442544000000e-01, -5.741224130000000e-02, 3.187422487014269e-01, 0.000000000000000e+00, 0.000000000000000e+00, 5.169011620850626e+04, 1.000000000000000e-10, 1.478138012869254e+09
434, 2.471367698000000e-01, -5.756413020000000e-02, 3.181047230748148e-01, 0.000000000000000e+00, 0.000000000000000e+00, 5.158380740025851e+04, 1.000000000000000e-10, 1.481020144151250e+09
435, 2.501297829000000e-01, -5.770582350000000e-02, 3.175808534358369e-01, 0.000000000000000e+00, 0.000000000000000e+00, 5.149560831943021e+04, 1.000000000000000e-10, 1.483385678930957e+09
436, 2.531234770000000e-01, -5.783232400000000e-02, 3.174112707422876e-01, 0.000000000000000e+00, 0.000000000000000e+00, 5.143616619381503e+04, 1.000000000000000e-10, 1.483439515360179e+09
437, 2.561175599000000e-01, -5.794931300000000e-02, 3.175689864784442e-01, 0.000000000000000e+00, 0.000000000000000e+00, 5.141046070338209e+04, 1.000000000000000e-10, 1.481479034316468e+09
438, 2.591117003000000e-01, -5.806482750000000e-02, 3.177297273759135e-01, 0.000000000000000e+00, 0.000000000000000e+00, 5.141053018563682e+04, 1.000000000000000e-10, 1.480092147342268e+09
439, 2.621056177000000e-01, -5.818597470000000e-02, 3.177624675951813e-01, 0.000000000000000e+00, 0.000000000000000e+00, 5.141610672344468e+04, 1.000000000000000e-10, 1.479946302579890e+09
440, 2.650994034000000e-01, -5.831034790000000e-02, 3.176970690280295e-01, 0.000000000000000e+00, 0.000000000000000e+00, 5.142982347104971e+04, 1.000000000000000e-10, 1.480859676935543e+09
441, 2.680933813000000e-01, -5.842997970000000e-02, 3.176295515801367e-01, 0.000000000000000e+00, 0.000000000000000e+00, 5.145471036339954e+04, 1.000000000000000e-10, 1.482029223721891e+09
442, 2.710878355000000e-01, -5.853695520000000e-02, 3.177936402941991e-01, 0.000000000000000e+00, 0.000000000000000e+00, 5.149918194552002e+04, 1.000000000000000e-10, 1.481670306748747e+09
443, 2.740827683000000e-01, -5.862963070000000e-02, 3.183264911840929e-01, 0.000000000000000e+00, 0.000000000000000e+00, 5.158391642089829e+04, 1.000000000000000e-10, 1.479155899621432e+09
444, 2.770779096000000e-01, -5.871535910000000e-02, 3.191049975505903e-01, 0.000000000000000e+00, 0.000000000000000e+00, 5.171256578603743e+04, 1.000000000000000e-10, 1.475606233777735e+09
445, 2.800730188000000e-01, -5.880219320000000e-02, 3.201808077821309e-01, 0.000000000000000e+00, 0.000000000000000e+00, 5.191192700027225e+04, 1.000000000000000e-10, 1.471190403905216e+09
446, 2.830679396000000e-01, -5.889530050000000e-02, 3.212501008884311e-01, 0.000000000000000e+00, 0.000000000000000e+00, 5.214892800356340e+04, 1.000000000000000e-10, 1.467786546873334e+09
447, 2.860628383000000e-01, -5.898912130000000e-02, 3.225330468361670e-01, 0.000000000000000e+00, 0.000000000000000e+00, 5.246428217518218e+04, 1.000000000000000e-10, 1.464464844560238e+09
448, 2.890579563000000e-01, -5.907560330000000e-02, 3.241177000283852e-01, 0.000000000000000e+00, 0.000000000000000e+00, 5.282815974842147e+04, 1.000000000000000e-10, 1.459739541781432e+09
449, 2.920534568000000e-01, -5.914755270000000e-02, 3.262241627289513e-01, 0.000000000000000e+00, 0.000000000000000e+00, 5.326025154209205e+04, 1.000000000000000e-10, 1.452281952312521e+09
450, 2.950492307000000e-01, -5.920717250000000e-02, 3.289046662143744e-01, 0.000000000000000e+00, 0.000000000000000e+00, 5.379451172707361e+04, 1.000000000000000e-10, 1.442592769524628e+09
451, 2.980450890000000e-01, -5.926243910000000e-02, 3.320407538599745e-01, 0.000000000000000e+00, 0.000000000000000e+00, 5.442767352984187e+04, 1.000000000000000e-10, 1.431580606283768e+09
452, 3.010408880000000e-01, -5.932081780000000e-02, 3.353195729673360e-01, 0.000000000000000e+00, 0.000000000000000e+00, 5.511291886705385e+04, 1.000000000000000e-10, 1.420741801551795e+09
453, 3.040366569000000e-01, -5.938073310000000e-02, 3.381989604660757e-01, 0.000000000000000e+00, 0.000000000000000e+00, 5.573276792866691e+04, 1.000000000000000e-10, 1.411709770620118e+09
454, 3.070324259000000e-01, -5.944064850000000e-02, 3.402109364444835e-01, 0.000000000000000e+00, 0.000000000000000e+00, 5.617447203580663e+04, 1.000000000000000e-10, 1.405646143636542e+09
455, 3.100281949000000e-01, -5.950056430000000e-02, 3.412243158290494e-01, 0.000000000000000e+00, 0.000000000000000e+00, 5.641549838469255e+04, 1.000000000000000e-10, 1.402982233388223e+09
456, 3.130238981000000e-01, -5.956366740000000e-02, 3.414025245437335e-01, 0.000000000000000e+00, 0.000000000000000e+00, 5.649068313784494e+04, 1.000000000000000e-10, 1.403185609005953e+09
457, 3.160195838000000e-01, -5.962760330000000e-02, 3.412742460698028e-01, 0.000000000000000e+00, 0.000000000000000e+00, 5.648860131833578e+04, 1.000000000000000e-10, 1.404070164942923e+09
458, 3.190154135000000e-01, -5.968430950000000e-02, 3.409755020654673e-01, 0.000000000000000e+00, 0.000000000000000e+00, 5.643271318287254e+04, 1.000000000000000e-10, 1.405198014487870e+09
459, 3.220114804000000e-01, -5.972653310000000e-02, 3.405324532009781e-01, 0.000000000000000e+00, 0.000000000000000e+00, 5.630756552243306e+04, 1.000000000000000e-10, 1.405988233228884e+09
460, 3.250076994000000e-01, -5.975631740000000e-02, 3.400614945511400e-01, 0.000000000000000e+00, 0.000000000000000e+00, 5.613715497046676e+04, 1.000000000000000e-10, 1.406025639788780e+09
461, 3.280039605000000e-01, -5.978163410000000e-02, 3.394748258804609e-01, 0.000000000000000e+00, 0.000000000000000e+00, 5.593400803256442e+04, 1.000000000000000e-10, 1.406202597805800e+09
462, 3.310001939000000e-01, -5.981000190000000e-02, 3.385529867577470e-01, 0.000000000000000e+00, 0.000000000000000e+00, 5.568516743889529e+04, 1.000000000000000e-10, 1.408009606172403e+09
463, 3.339964122000000e-01, -5.983996410000000e-02, 3.372100147049914e-01, 0.000000000000000e+00, 0.000000000000000e+00, 5.537094964982762e+04, 1.000000000000000e-10, 1.411633551456389e+09
464, 3.369926304000000e-01, -5.986992630000000e-02, 3.356260005675949e-01, 0.000000000000000e+00, 0.000000000000000e+00, 5.500900701863584e+04, 1.000000000000000e-10, 1.416165478516236e+09
465, 3.399888487000000e-01, -5.989988850000000e-02, 3.338350767874311e-01, 0.000000000000000e+00, 0.000000000000000e+00, 5.460348607223795e+04, 1.000000000000000e-10, 1.421355032003973e+09
466, 3.429850337000000e-01, -5.993297570000000e-02, 3.315951850057284e-01, 0.000000000000000e+00, 0.000000000000000e+00, 5.412429803284138e+04, 1.000000000000000e-10, 1.428531709892899e+09
467, 3.459812085000000e-01, -5.996700070000000e-02, 3.290261068018815e-01, 0.000000000000000e+00, 0.000000000000000e+00, 5.360129096066946e+04, 1.000000000000000e-10, 1.437387143558913e+09
468, 3.489774541000000e-01, -5.999389510000000e-02, 3.264371573896078e-01, 0.000000000000000e+00, 0.000000000000000e+00, 5.307209488832295e+04, 1.000000000000000e-10, 1.446337794544202e+09
469, 3.519737926000000e-01, -6.000635760000000e-02, 3.243309761895813e-01, 0.000000000000000e+00, 0.000000000000000e+00, 5.260335459541166e+04, 1.000000000000000e-10, 1.452817718554615e+09
470, 3.549701596000000e-01, -6.000628710000000e-02, 3.227574166586116e-01, 0.000000000000000e+00, 0.000000000000000e+00, 5.219584430765762e+04, 1.000000000000000e-10, 1.456381040889108e+09
471, 3.579665241000000e-01, -6.000164710000000e-02, 3.214589633917352e-01, 0.000000000000000e+00, 0.000000000000000e+00, 5.183607483776118e+04, 1.000000000000000e-10, 1.458771407201084e+09
472, 3.609628912000000e-01, -6.000041890000000e-02, 3.201856961427827e-01, 0.000000000000000e+00, 0.000000000000000e+00, 5.152381399202575e+04, 1.000000000000000e-10, 1.462055068617450e+09
473, 3.639592561000000e-01, -6.000473460000000e-02, 3.188497059526507e-01, 0.000000000000000e+00, 0.000000000000000e+00, 5.123793664973509e+04, 1.000000000000000e-10, 1.466497101929872e+09
474, 3.669556225000000e-01, -6.000736450000000e-02, 3.175895188404077e-01, 0.000000000000000e+00, 0.000000000000000e+00, 5.098460428307833e+04, 1.000000000000000e-10, 1.471096768138583e+09
475, 3.699519795000000e-01, -6.000023780000000e-02, 3.165524556268765e-01, 0.000000000000000e+00, 0.000000000000000e+00, 5.077105573741220e+04, 1.000000000000000e-10, 1.474780946516553e+09
476, 3.729482611000000e-01, -5.997784780000000e-02, 3.159287984812415e-01, 0.000000000000000e+00, 0.000000000000000e+00, 5.060721854079211e+04, 1.000000000000000e-10, 1.476141705383586e+09
477, 3.759444535000000e-01, -5.994544400000000e-02, 3.157061249554662e-01, 0.000000000000000e+00, 0.000000000000000e+00, 5.049608068734976e+04, 1.000000000000000e-10, 1.475349718834950e+09
478, 3.789406246000000e-01, -5.991109540000000e-02, 3.155522229156820e-01, 0.000000000000000e+00, 0.000000000000000e+00, 5.042222017418929e+04, 1.000000000000000e-10, 1.474832641208882e+09
479, 3.819368521000000e-01, -5.988214390000000e-02, 3.153880838185089e-01, 0.000000000000000e+00, 0.000000000000000e+00, 5.038310750405836e+04, 1.000000000000000e-10, 1.475329257827434e+09
480, 3.849331132000000e-01, -5.985683420000000e-02, 3.152720250918258e-01, 0.000000000000000e+00, 0.000000000000000e+00, 5.036985561175248e+04, 1.000000000000000e-10, 1.476057014676496e+09
481, 3.879293339000000e-01, -5.982721620000000e-02, 3.151821842156290e-01, 0.000000000000000e+00, 0.000000000000000e+00, 5.036626087674615e+04, 1.000000000000000e-10, 1.476740050909619e+09
482, 3.909254052000000e-01, -5.978530220000000e-02, 3.152697068201042e-01, 0.000000000000000e+00, 0.000000000000000e+00, 5.038523126382418e+04, 1.000000000000000e-10, 1.476414512240034e+09
483, 3.939212391000000e-01, -5.972882000000000e-02, 3.157873344350486e-01, 0.000000000000000e+00, 0.000000000000000e+00, 5.046051238521888e+04, 1.000000000000000e-10, 1.473842382304401e+09
484, 3.969169262000000e-01, -5.966494890000000e-02, 3.167537524041894e-01, 0.000000000000000e+00, 0.000000000000000e+00, 5.060657653466390e+04, 1.000000000000000e-10, 1.469143824534029e+09
485, 3.999126274000000e-01, -5.960175120000000e-02, 3.179745046898277e-01, 0.000000000000000e+00, 0.000000000000000e+00, 5.080826110934294e+04, 1.000000000000000e-10, 1.463586519527962e+09
486, 4.029083963000000e-01, -5.954183210000000e-02, 3.192634459113162e-01, 0.000000000000000e+00, 0.000000000000000e+00, 5.103654129492211e+04, 1.000000000000000e-10, 1.458239489451090e+09
487, 4.059041653000000e-01, -5.948191670000000e-02, 3.202499877487255e-01, 0.000000000000000e+00, 0.000000000000000e+00, 5.122136349277339e+04, 1.000000000000000e-10, 1.454401401631750e+09
488, 4.088999342000000e-01, -5.942200130000000e-02, 3.207669661187565e-01, 0.000000000000000e+00, 0.000000000000000e+00, 5.132454991807420e+04, 1.000000000000000e-10, 1.452539615841516e+09
489, 4.118957316000000e-01, -5.936354160000000e-02, 3.209161811007938e-01, 0.000000000000000e+00, 0.000000000000000e+00, 5.137564226112808e+04, 1.000000000000000e-10, 1.452489926510602e+09
490, 4.148915900000000e-01, -5.930827980000000e-02, 3.208252453408189e-01, 0.000000000000000e+00, 0.000000000000000e+00, 5.139405041385880e+04, 1.000000000000000e-10, 1.453676514329440e+09
491, 4.178873672000000e-01, -5.924882410000000e-02, 3.206754711068150e-01, 0.000000000000000e+00, 0.000000000000000e+00, 5.139346539330675e+04, 1.000000000000000e-10, 1.454909071697966e+09
492, 4.208828751000000e-01, -5.917718310000000e-02, 3.206174312977536e-01, 0.000000000000000e+00, 0.000000000000000e+00, 5.138992569774943e+04, 1.000000000000000e-10, 1.455342932709351e+09
493, 4.238779996000000e-01, -5.909092720000000e-02, 3.207147618018208e-01, 0.000000000000000e+00, 0.000000000000000e+00, 5.138731105334616e+04, 1.000000000000000e-10, 1.454460295453568e+09
494, 4.268729004000000e-01, -5.899717340000000e-02, 3.209631330429801e-01, 0.000000000000000e+00, 0.000000000000000e+00, 5.139492050232740e+04, 1.000000000000000e-10, 1.452578780719971e+09
495, 4.298678186000000e-01, -5.890397410000000e-02, 3.210507682693407e-01, 0.000000000000000e+00, 0.000000000000000e+00, 5.138385413096305e+04, 1.000000000000000e-10, 1.451593039949681e+09
496, 4.328629246000000e-01, -5.881703720000000e-02, 3.210473676902998e-01, 0.000000000000000e+00, 0.000000000000000e+00, 5.137958885786049e+04, 1.000000000000000e-10, 1.451521046658517e+09
497, 4.358580675000000e-01, -5.873136490000000e-02, 3.208001528283799e-01, 0.000000000000000e+00, 0.000000000000000e+00, 5.134278753254812e+04, 1.000000000000000e-10, 1.452694623516943e+09
498, 4.388530070000000e-01, -5.863890460000000e-02, 3.205158162915414e-01, 0.000000000000000e+00, 0.000000000000000e+00, 5.130265034158075e+04, 1.000000000000000e-10, 1.454089620736951e+09
499, 4.418474723000000e-01, -5.853224060000000e-02, 3.204038343882586e-01, 0.000000000000000e+00, 0.000000000000000e+00, 5.126918357575381e+04, 1.000000000000000e-10, 1.454213883849643e+09
500, 4.448414571000000e-01, -5.841278340000000e-02, 3.206085169543980e-01, 0.000000000000000e+00, 0.000000000000000e+00, 5.125900183217292e+04, 1.000000000000000e-10, 1.452297276208666e+09
501, 4.478352435000000e-01, -5.828842610000000e-02, 3.209236792765170e-01, 0.000000000000000e+00, 0.000000000000000e+00, 5.126403772647564e+04, 1.000000000000000e-10, 1.449804705106119e+09
502, 4.508291556000000e-01, -5.816714900000000e-02, 3.211042382465086e-01, 0.000000000000000e+00, 0.000000000000000e+00, 5.127690697679410e+04, 1.000000000000000e-10, 1.448611718054099e+09
503, 4.538232940000000e-01, -5.805158270000000e-02, 3.212482744197360e-01, 0.000000000000000e+00, 0.000000000000000e+00, 5.130781807370059e+04, 1.000000000000000e-10, 1.448170334858029e+09
504, 4.568173812000000e-01, -5.793470060000000e-02, 3.213716265343809e-01, 0.000000000000000e+00, 0.000000000000000e+00, 5.135220394643208e+04, 1.000000000000000e-10, 1.448193366089574e+09
505, 4.598110864000000e-01, -5.780846580000000e-02, 3.216233233718023e-01, 0.000000000000000e+00, 0.000000000000000e+00, 5.141670150877404e+04, 1.000000000000000e-10, 1.447615952636404e+09
506, 4.628041128000000e-01, -5.766705430000000e-02, 3.220974885655217e-01, 0.000000000000000e+00, 0.000000000000000e+00, 5.150096979636387e+04, 1.000000000000000e-10, 1.445682448037796e+09
507, 4.657966345000000e-01, -5.751528910000000e-02, 3.227926967854968e-01, 0.000000000000000e+00, 0.000000000000000e+00, 5.162027819648080e+04, 1.000000000000000e-10, 1.442754462698215e+09
508, 4.687890375000000e-01, -5.736119260000000e-02, 3.236927294297218e-01, 0.000000000000000e+00, 0.000000000000000e+00, 5.178985931736374e+04, 1.000000000000000e-10, 1.439335443911619e+09
509, 4.717816992000000e-01, -5.721221950000000e-02, 3.247524685540087e-01, 0.000000000000000e+00, 0.000000000000000e+00, 5.202295442585307e+04, 1.000000000000000e-10, 1.436096409626604e+09
510, 4.747745571000000e-01, -5.706722820000000e-02, 3.259928129632818e-01, 0.000000000000000e+00, 0.000000000000000e+00, 5.233874190230156e+04, 1.000000000000000e-10, 1.433283310923921e+09
511, 4.777672246000000e-01, -5.691837390000000e-02, 3.280199825536703e-01, 0.000000000000000e+00, 0.000000000000000e+00, 5.283919668682967e+04, 1.000000000000000e-10, 1.428383786027337e+09
512, 4.807592922000000e-01, -5.675795070000000e-02, 3.311658449475882e-01, 0.000000000000000e+00, 0.000000000000000e+00, 5.357388577160133e+04, 1.000000000000000e-10, 1.419826031817508e+09
513, 4.837507599000000e-01, -5.658667410000000e-02, 3.362304099492053e-01, 0.000000000000000e+00, 0.000000000000000e+00, 5.472053855518689e+04, 1.000000000000000e-10, 1.405382801235739e+09
514, 4.867417038000000e-01, -5.640648100000000e-02, 3.438522579692469e-01, 0.000000000000000e+00, 0.000000000000000e+00, 5.643600714260078e+04, 1.000000000000000e-10, 1.383897215984223e+09
515, 4.897320976000000e-01, -5.621737780000000e-02, 3.541193581118680e-01, 0.000000000000000e+00, 0.000000000000000e+00, 5.876359587613332e+04, 1.000000000000000e-10, 1.356006517171640e+09
516, 4.927219151000000e-01, -5.601937110000000e-02, 3.660101878286202e-01, 0.000000000000000e+00, 0.000000000000000e+00, 6.150039227934270e+04, 1.000000000000000e-10, 1.325450236228630e+09
517, 4.957111300000000e-01, -5.581246800000000e-02, 3.769997567973847e-01, 0.000000000000000e+00, 0.000000000000000e+00, 6.407233805910219e+04, 1.000000000000000e-10, 1.298855468445401e+09
518, 4.986997164000000e-01, -5.559667590000000e-02, 3.855718440630664e-01, 0.000000000000000e+00, 0.000000000000000e+00, 6.604546339973765e+04, 1.000000000000000e-10, 1.278178139593892e+09
519, 5.016875582000000e-01, -5.537082560000000e-02, 3.901649421632940e-01, 0.000000000000000e+00, 0.000000000000000e+00, 6.701846708432471e+04, 1.000000000000000e-10, 1.266002573453387e+09
520, 5.046744459000000e-01, -5.513267300000000e-02, 3.913687779587613e-01, 0.000000000000000e+00, 0.000000000000000e+00, 6.720045763163651e+04, 1.000000000000000e-10, 1.261753818388266e+09
521, 5.076609077000001e-01, -5.488922320000000e-02, 3.909424106209061e-01, 0.000000000000000e+00, 0.000000000000000e+00, 6.701760576855221e+04, 1.000000000000000e-10, 1.261446328713493e+09
522, 5.106475810000000e-01, -5.464838960000000e-02, 3.897584660026850e-01, 0.000000000000000e+00, 0.000000000000000e+00, 6.665062914402536e+04, 1.000000000000000e-10, 1.262724062090851e+09
523, 5.136347221999999e-01, -5.441342690000000e-02, 3.871921241290876e-01, 0.000000000000000e+00, 0.000000000000000e+00, 6.598903249040173e+04, 1.000000000000000e-10, 1.267614319805030e+09
524, 5.166218002000000e-01, -5.417766240000000e-02, 3.825209358135572e-01, 0.000000000000000e+00, 0.000000000000000e+00, 6.487894517462535e+04, 1.000000000000000e-10, 1.278037609702784e+09
525, 5.196081732000000e-01, -5.393315480000000e-02, 3.768099904960948e-01, 0.000000000000000e+00, 0.000000000000000e+00, 6.353541057100327e+04, 1.000000000000000e-10, 1.291179252643202e+09
526, 5.225935011000000e-01, -5.367618930000000e-02, 3.712137600041559e-01, 0.000000000000000e+00, 0.000000000000000e+00, 6.218624692037746e+04, 1.000000000000000e-10, 1.303659551566997e+09
527, 5.255780483000000e-01, -5.341030860000000e-02, 3.658833802913573e-01, 0.000000000000000e+00, 0.000000000000000e+00, 6.088637724078599e+04, 1.000000000000000e-10, 1.315421838850791e+09
528, 5.285617956000001e-01, -5.313559520000000e-02, 3.611889187583835e-01, 0.000000000000000e+00, 0.000000000000000e+00, 5.972725699388199e+04, 1.000000000000000e-10, 1.325643765722903e+09
529, 5.315447173000000e-01, -5.285205880000000e-02, 3.573408845092803e-01, 0.000000000000000e+00, 0.000000000000000e+00, 5.876178462889940e+04, 1.000000000000000e-10, 1.333761950923550e+09
530, 5.345267882000000e-01, -5.255970920000000e-02, 3.544933683416485e-01, 0.000000000000000e+00, 0.000000000000000e+00, 5.802471537688287e+04, 1.000000000000000e-10, 1.339332676315142e+09
531, 5.375079829000000e-01, -5.225855670000000e-02, 3.526958599397524e-01, 0.000000000000000e+00, 0.000000000000000e+00, 5.753072317411072e+04, 1.000000000000000e-10, 1.342256460243884e+09
532, 5.404882648000000e-01, -5.194849960000000e-02, 3.517979072055295e-01, 0.000000000000000e+00, 0.000000000000000e+00, 5.725015323039686e+04, 1.000000000000000e-10, 1.343115826107724e+09
533, 5.434672252000000e-01, -5.162600380000000e-02, 3.519919260687810e-01, 0.000000000000000e+00, 0.000000000000000e+00, 5.718746579685908e+04, 1.000000000000000e-10, 1.340585269841143e+09
534, 5.464452645000000e-01, -5.129509310000000e-02, 3.524937323261920e-01, 0.000000000000000e+00, 0.000000000000000e+00, 5.720093866020381e+04, 1.000000000000000e-10, 1.337359624379146e+09
535, 5.494232392000000e-01, -5.096360040000000e-02, 3.527921022725129e-01, 0.000000000000000e+00, 0.000000000000000e+00, 5.721661779781997e+04, 1.000000000000000e-10, 1.335537229662881e+09
536, 5.524018620000000e-01, -5.063798680000000e-02, 3.530962308787192e-01, 0.000000000000000e+00, 0.000000000000000e+00, 5.727001882224836e+04, 1.000000000000000e-10, 1.334465578152481e+09
537, 5.553807501000000e-01, -5.031480440000000e-02, 3.536167696302085e-01, 0.000000000000000e+00, 0.000000000000000e+00, 5.737891610374868e+04, 1.000000000000000e-10, 1.332961803224179e+09
538, 5.583590480000000e-01, -4.998623770000000e-02, 3.542934644143745e-01, 0.000000000000000e+00, 0.000000000000000e+00, 5.752343241745009e+04, 1.000000000000000e-10, 1.331123846318092e+09
539, 5.613359734000000e-01, -4.964547060000000e-02, 3.552796190995993e-01, 0.000000000000000e+00, 0.000000000000000e+00, 5.771688307539569e+04, 1.000000000000000e-10, 1.328102633293500e+09
540, 5.643117559000000e-01, -4.929485250000000e-02, 3.564985888691562e-01, 0.000000000000000e+00, 0.000000000000000e+00, 5.794601734444402e+04, 1.000000000000000e-10, 1.324149900520142e+09
541, 5.672864971000000e-01, -4.893550630000000e-02, 3.579156232793980e-01, 0.000000000000000e+00, 0.000000000000000e+00, 5.820738469562755e+04, 1.000000000000000e-10, 1.319459291496994e+09
542, 5.702601725000001e-01, -4.856744460000000e-02, 3.595141064047792e-01, 0.000000000000000e+00, 0.000000000000000e+00, 5.849800431023756e+04, 1.000000000000000e-10, 1.314162681550285e+09
543, 5.732327578000000e-01, -4.819067990000000e-02, 3.612625523478469e-01, 0.000000000000000e+00, 0.000000000000000e+00, 5.881218902181584e+04, 1.000000000000000e-10, 1.308332467306327e+09
544, 5.762042288000000e-01, -4.780522520000000e-02, 3.631059486478305e-01, 0.000000000000000e+00, 0.000000000000000e+00, 5.914053190976761e+04, 1.000000000000000e-10, 1.302206293301811e+09
545, 5.791745615000000e-01, -4.741109350000000e-02, 3.649770210424039e-01, 0.000000000000000e+00, 0.000000000000000e+00, 5.947214196818324e+04, 1.000000000000000e-10, 1.296014692658080e+09
546, 5.821437317000000e-01, -4.700829840000000e-02, 3.668328527673742e-01, 0.000000000000000e+00, 0.000000000000000e+00, 5.980158080936824e+04, 1.000000000000000e-10, 1.289959418849845e+09
547, 5.851117156000000e-01, -4.659685360000000e-02, 3.686710471314402e-01, 0.000000000000000e+00, 0.000000000000000e+00, 6.013140494624144e+04, 1.000000000000000e-10, 1.284060310893237e+09
548, 5.880784894000000e-01, -4.617677290000000e-02, 3.705085613437737e-01, 0.000000000000000e+00, 0.000000000000000e+00, 6.046648850440877e+04, 1.000000000000000e-10, 1.278310583472858e+09
549, 5.910439602000001e-01, -4.574759280000000e-02, 3.723585137158973e-01, 0.000000000000000e+00, 0.000000000000000e+00, 6.080468133782205e+04, 1.000000000000000e-10, 1.272546128172430e+09
550, 5.940076158000001e-01, -4.530605300000000e-02, 3.742063934433697e-01, 0.000000000000000e+00, 0.000000000000000e+00, 6.113418103973255e+04, 1.000000000000000e-10, 1.266760800100165e+09
551, 5.969702442000000e-01, -4.485766250000000e-02, 3.761034404488747e-01, 0.000000000000000e+00, 0.000000000000000e+00, 6.146967861647714e+04, 1.000000000000000e-10, 1.260804939180022e+09
552, 5.999329905000000e-01, -4.441005360000000e-02, 3.776503222808766e-01, 0.000000000000000e+00, 0.000000000000000e+00, 6.174474879146105e+04, 1.000000000000000e-10, 1.255980471445479e+09
553, 6.028966429000000e-01, -4.396848360000000e-02, 3.791710540035022e-01, 0.000000000000000e+00, 0.000000000000000e+00, 6.203568247927004e+04, 1.000000000000000e-10, 1.251652791085662e+09
554, 6.058604630000000e-01, -4.352803920000000e-02, 3.804156824964617e-01, 0.000000000000000e+00, 0.000000000000000e+00, 6.228254215806012e+04, 1.000000000000000e-10, 1.248294839187638e+09
555, 6.088233068000000e-01, -4.308108430000000e-02, 3.817910532958818e-01, 0.000000000000000e+00, 0.000000000000000e+00, 6.254390822424724e+04, 1.000000000000000e-10, 1.244392734011490e+09
556, 6.117840715000000e-01, -4.262056990000000e-02, 3.832370774713579e-01, 0.000000000000000e+00, 0.000000000000000e+00, 6.279925098425521e+04, 1.000000000000000e-10, 1.240001718773691e+09
557, 6.147428891000000e-01, -4.214769180000000e-02, 3.847169881241145e-01, 0.000000000000000e+00, 0.000000000000000e+00, 6.304831786626747e+04, 1.000000000000000e-10, 1.235337912319514e+09
558, 6.177009164000000e-01, -4.166988860000000e-02, 3.861756539875457e-01, 0.000000000000000e+00, 0.000000000000000e+00, 6.329276380878151e+04, 1.000000000000000e-10, 1.230752147963158e+09
559, 6.206593651000000e-01, -4.119470460000000e-02, 3.875913439509948e-01, 0.000000000000000e+00, 0.000000000000000e+00, 6.353703026065952e+04, 1.000000000000000e-10, 1.226451913336246e+09
560, 6.236187181000000e-01, -4.072518330000000e-02, 3.889127637497879e-01, 0.000000000000000e+00, 0.000000000000000e+00, 6.377871159560601e+04, 1.000000000000000e-10, 1.222705919397291e+09
561, 6.265779548000000e-01, -4.025493070000000e-02, 3.900346651447298e-01, 0.000000000000000e+00, 0.000000000000000e+00, 6.399382451137822e+04, 1.000000000000000e-10, 1.219678823179823e+09
562, 6.295358580000000e-01, -3.977637300000000e-02, 3.911630578681014e-01, 0.000000000000000e+00, 0.000000000000000e+00, 6.420912922479092e+04, 1.000000000000000e-10, 1.216631309741658e+09
563, 6.324917848000000e-01, -3.928575100000000e-02, 3.923268679014186e-01, 0.000000000000000e+00, 0.000000000000000e+00, 6.442298411680482e+04, 1.000000000000000e-10, 1.213377014441561e+09
564, 6.354462727000000e-01, -3.878653410000000e-02, 3.935222903018108e-01, 0.000000000000000e+00, 0.000000000000000e+00, 6.463882868735438e+04, 1.000000000000000e-10, 1.209985477410789e+09
565, 6.383993153000000e-01, -3.827883870000000e-02, 3.947576195566354e-01, 0.000000000000000e+00, 0.000000000000000e+00, 6.485954897676336e+04, 1.000000000000000e-10, 1.206472446130995e+09
566, 6.413507560000000e-01, -3.776191640000000e-02, 3.960716624139508e-01, 0.000000000000000e+00, 0.000000000000000e+00, 6.509108962423838e+04, 1.000000000000000e-10, 1.202693109294293e+09
567, 6.443000666000001e-01, -3.723297330000000e-02, 3.974774450559331e-01, 0.000000000000000e+00, 0.000000000000000e+00, 6.533137421111093e+04, 1.000000000000000e-10, 1.198585828502656e+09
568, 6.472482997000000e-01, -3.669805020000000e-02, 3.988749854754662e-01, 0.000000000000000e+00, 0.000000000000000e+00, 6.556625501173451e+04, 1.000000000000000e-10, 1.194479758206439e+09
569, 6.501967952000000e-01, -3.616457690000000e-02, 4.001949886865430e-01, 0.000000000000000e+00, 0.000000000000000e+00, 6.579051330725678e+04, 1.000000000000000e-10, 1.190648592839859e+09
570, 6.531457706000000e-01, -3.563376130000000e-02, 4.014383910834067e-01, 0.000000000000000e+00, 0.000000000000000e+00, 6.600320340101607e+04, 1.000000000000000e-10, 1.187083596296934e+09
571, 6.560947461000000e-01, -3.510294570000000e-02, 4.027548306316407e-01, 0.000000000000000e+00, 0.000000000000000e+00, 6.623505159645027e+04, 1.000000000000000e-10, 1.183420326008889e+09
572, 6.590437216000000e-01, -3.457213010000000e-02, 4.037494495655078e-01, 0.000000000000000e+00, 0.000000000000000e+00, 6.640732458092280e+04, 1.000000000000000e-10, 1.180631782268731e+09
573, 6.619929736000000e-01, -3.404285490000000e-02, 4.047640052850484e-01, 0.000000000000000e+00, 0.000000000000000e+00, 6.659095988155421e+04, 1.000000000000000e-10, 1.177917163740380e+09
574, 6.649427455000000e-01, -3.351648340000000e-02, 4.057724507356920e-01, 0.000000000000000e+00, 0.000000000000000e+00, 6.678128839336649e+04, 1.000000000000000e-10, 1.175344351769550e+09
575, 6.678917876000000e-01, -3.298604320000000e-02, 4.067803537890105e-01, 0.000000000000000e+00, 0.000000000000000e+00, 6.697424269216970e+04, 1.000000000000000e-10, 1.172819379608548e+09
576, 6.708387459000000e-01, -3.244415800000000e-02, 4.078633826332271e-01, 0.000000000000000e+00, 0.000000000000000e+00, 6.717370493255620e+04, 1.000000000000000e-10, 1.170008934588218e+09
577, 6.737831424000000e-01, -3.188851370000000e-02, 4.090477978763820e-01, 0.000000000000000e+00, 0.000000000000000e+00, 6.738039708222613e+04, 1.000000000000000e-10, 1.166786335730531e+09
578, 6.767261656000000e-01, -3.132563310000000e-02, 4.103544409058138e-01, 0.000000000000000e+00, 0.000000000000000e+00, 6.760590415948481e+04, 1.000000000000000e-10, 1.163216819368993e+09
579, 6.796692174000000e-01, -3.076290160000000e-02, 4.115003997101280e-01, 0.000000000000000e+00, 0.000000000000000e+00, 6.780210469555222e+04, 1.000000000000000e-10, 1.160069909599195e+09
580, 6.826129130000000e-01, -3.020354650000000e-02, 4.127434400078596e-01, 0.000000000000000e+00, 0.000000000000000e+00, 6.802752794808180e+04, 1.000000000000000e-10, 1.156865229364691e+09
581, 6.855566182000000e-01, -2.964424250000000e-02, 4.138562800803163e-01, 0.000000000000000e+00, 0.000000000000000e+00, 6.823854224379553e+04, 1.000000000000000e-10, 1.154117186449532e+09
582, 6.885003235000000e-01, -2.908493850000000e-02, 4.148577672745435e-01, 0.000000000000000e+00, 0.000000000000000e+00, 6.843637847328314e+04, 1.000000000000000e-10, 1.151784955388212e+09
583, 6.914440287000000e-01, -2.852563450000000e-02, 4.158092729840971e-01, 0.000000000000000e+00, 0.000000000000000e+00, 6.862650541838665e+04, 1.000000000000000e-10, 1.149607304577601e+09
584, 6.943877340000000e-01, -2.796633050000000e-02, 4.166858224499418e-01, 0.000000000000000e+00, 0.000000000000000e+00, 6.879715749122365e+04, 1.000000000000000e-10, 1.147546237313464e+09
585, 6.973314392000000e-01, -2.740702650000000e-02, 4.176876555258808e-01, 0.000000000000000e+00, 0.000000000000000e+00, 6.898889824810301e+04, 1.000000000000000e-10, 1.145154097795232e+09
586, 7.002751444999999e-01, -2.684772250000000e-02, 4.186088704431568e-01, 0.000000000000000e+00, 0.000000000000000e+00, 6.916300421811713e+04, 1.000000000000000e-10, 1.142932956009180e+09
587, 7.032188497000000e-01, -2.628841850000000e-02, 4.194401696780601e-01, 0.000000000000000e+00, 0.000000000000000e+00, 6.931637028104423e+04, 1.000000000000000e-10, 1.140885013942252e+09
588, 7.061625550000000e-01, -2.572911460000000e-02, 4.203923625855239e-01, 0.000000000000000e+00, 0.000000000000000e+00, 6.949295497463127e+04, 1.000000000000000e-10, 1.138605211856894e+09
589, 7.091062603000000e-01, -2.516981060000000e-02, 4.212527185452055e-01, 0.000000000000000e+00, 0.000000000000000e+00, 6.965148480774820e+04, 1.000000000000000e-10, 1.136499023203815e+09
590, 7.120499655000000e-01, -2.461050660000000e-02, 4.220317620311619e-01, 0.000000000000000e+00, 0.000000000000000e+00, 6.979248484851388e+04, 1.000000000000000e-10, 1.134564395447482e+09
591, 7.149936708000000e-01, -2.405120260000000e-02, 4.229193868668402e-01, 0.000000000000000e+00, 0.000000000000000e+00, 6.995559447707255e+04, 1.000000000000000e-10, 1.132400834772264e+09
592, 7.179373760000000e-01, -2.349189860000000e-02, 4.237062672357780e-01, 0.000000000000000e+00, 0.000000000000000e+00, 7.009952511770956e+04, 1.000000000000000e-10, 1.130480785102844e+09
593, 7.208810812999999e-01, -2.293259460000000e-02, 4.244179268873916e-01, 0.000000000000000e+00, 0.000000000000000e+00, 7.022754616940970e+04, 1.000000000000000e-10, 1.128721338393393e+09
594, 7.238247865000000e-01, -2.237329060000000e-02, 4.252301429018122e-01, 0.000000000000000e+00, 0.000000000000000e+00, 7.037630820886476e+04, 1.000000000000000e-10, 1.126754887945376e+09
595, 7.267684918000000e-01, -2.181398660000000e-02, 4.259441261335302e-01, 0.000000000000000e+00, 0.000000000000000e+00, 7.050648551700197e+04, 1.000000000000000e-10, 1.125024060491576e+09
596, 7.297121971000000e-01, -2.125468260000000e-02, 4.265983758496628e-01, 0.000000000000000e+00, 0.000000000000000e+00, 7.062411489036746e+04, 1.000000000000000e-10, 1.123420941205104e+09
597, 7.326559023000000e-01, -2.069537860000000e-02, 4.273450670052342e-01, 0.000000000000000e+00, 0.000000000000000e+00, 7.076098823543990e+04, 1.000000000000000e-10, 1.121631096884844e+09
598, 7.355996076000000e-01, -2.013607460000000e-02, 4.279893951541465e-01, 0.000000000000000e+00, 0.000000000000000e+00, 7.087798302069205e+04, 1.000000000000000e-10, 1.120076635064096e+09
599, 7.385433128000000e-01, -1.957677060000000e-02, 4.286151023057072e-01, 0.000000000000000e+00, 0.000000000000000e+00, 7.099145551746388e+04, 1.000000000000000e-10, 1.118569344627102e+09
600, 7.414870181000000e-01, -1.901746660000000e-02, 4.292218795278555e-01, 0.000000000000000e+00, 0.000000000000000e+00, 7.110033425934617e+04, 1.000000000000000e-10, 1.117096469854197e+09
601, 7.444307233000000e-01, -1.845816260000000e-02, 4.298965599207379e-01, 0.000000000000000e+00, 0.000000000000000e+00, 7.122327321940742e+04, 1.000000000000000e-10, 1.115487479002842e+09
602, 7.473744286000000e-01, -1.789885860000000e-02, 4.304698946928287e-01, 0.000000000000000e+00, 0.000000000000000e+00, 7.132554779838957e+04, 1.000000000000000e-10, 1.114095516575424e+09
603, 7.503181249000000e-01, -1.733950730000000e-02, 4.310423467177946e-01, 0.000000000000000e+00, 0.000000000000000e+00, 7.142613225556219e+04, 1.000000000000000e-10, 1.112689478080502e+09
604, 7.532611798000000e-01, -1.677679240000000e-02, 4.316721680903404e-01, 0.000000000000000e+00, 0.000000000000000e+00, 7.153535169555069e+04, 1.000000000000000e-10, 1.111125703033726e+09
605, 7.562042001000000e-01, -1.621389660000000e-02, 4.321996552917856e-01, 0.000000000000000e+00, 0.000000000000000e+00, 7.162482349676054e+04, 1.000000000000000e-10, 1.109793114745971e+09
606, 7.591485878000001e-01, -1.565820530000000e-02, 4.327246002235022e-01, 0.000000000000000e+00, 0.000000000000000e+00, 7.171963131696048e+04, 1.000000000000000e-10, 1.108546250032764e+09
607, 7.620955345000000e-01, -1.511625730000000e-02, 4.332343080943107e-01, 0.000000000000000e+00, 0.000000000000000e+00, 7.181889825489771e+04, 1.000000000000000e-10, 1.107429788300119e+09
608, 7.650445705000000e-01, -1.458578350000000e-02, 4.337118039684427e-01, 0.000000000000000e+00, 0.000000000000000e+00, 7.191827869946694e+04, 1.000000000000000e-10, 1.106474998518563e+09
609, 7.679943422000000e-01, -1.405941050000000e-02, 4.341885419171104e-01, 0.000000000000000e+00, 0.000000000000000e+00, 7.201814733517004e+04, 1.000000000000000e-10, 1.105533664116192e+09
610, 7.709435269000000e-01, -1.352976200000000e-02, 4.346735363936822e-01, 0.000000000000000e+00, 0.000000000000000e+00, 7.211268423812414e+04, 1.000000000000000e-10, 1.104477825151455e+09
611, 7.738917632000000e-01, -1.299485690000000e-02, 4.352316970480191e-01, 0.000000000000000e+00, 0.000000000000000e+00, 7.221388914658038e+04, 1.000000000000000e-10, 1.103162344294552e+09
612, 7.768402548000000e-01, -1.246136210000000e-02, 4.357352356444189e-01, 0.000000000000000e+00, 0.000000000000000e+00, 7.230299233457900e+04, 1.000000000000000e-10, 1.101957224957968e+09
613, 7.797903352000000e-01, -1.193673480000000e-02, 4.362334448909059e-01, 0.000000000000000e+00, 0.000000000000000e+00, 7.239586476870070e+04, 1.000000000000000e-10, 1.100804836744551e+09
614, 7.827429347000000e-01, -1.142647830000000e-02, 4.367102120889549e-01, 0.000000000000000e+00, 0.000000000000000e+00, 7.248939466202249e+04, 1.000000000000000e-10, 1.099786609787506e+09
615, 7.856972424999999e-01, -1.092619490000000e-02, 4.371652119998599e-01, 0.000000000000000e+00, 0.000000000000000e+00, 7.258289955342338e+04, 1.000000000000000e-10, 1.098866000478339e+09
616, 7.886519677000000e-01, -1.042837940000000e-02, 4.376166236879099e-01, 0.000000000000000e+00, 0.000000000000000e+00, 7.267744655154804e+04, 1.000000000000000e-10, 1.097979909353958e+09
617, 7.916060843000000e-01, -9.926965700000000e-03, 4.380812012836262e-01, 0.000000000000000e+00, 0.000000000000000e+00, 7.277260488822506e+04, 1.000000000000000e-10, 1.097034486778643e+09
618, 7.945600712999999e-01, -9.424787900000000e-03, 4.384655188612355e-01, 0.000000000000000e+00, 0.000000000000000e+00, 7.285148939710238e+04, 1.000000000000000e-10, 1.096258364858888e+09
619, 7.975140582000000e-01, -8.922610100000001e-03, 4.388870824571221e-01, 0.000000000000000e+00, 0.000000000000000e+00, 7.293794058203844e+04, 1.000000000000000e-10, 1.095408150048914e+09
620, 8.004680280000001e-01, -8.420330800000000e-03, 4.393194612982817e-01, 0.000000000000000e+00, 0.000000000000000e+00, 7.302609493945380e+04, 1.000000000000000e-10, 1.094571381204500e+09
621, 8.034213936000000e-01, -7.914512699999999e-03, 4.397605665568730e-01, 0.000000000000000e+00, 0.000000000000000e+00, 7.311392545423981e+04, 1.000000000000000e-10, 1.093652010833702e+09
622, 8.063747975000000e-01, -7.408918400000000e-03, 4.401211213300034e-01, 0.000000000000000e+00, 0.000000000000000e+00, 7.318515199870848e+04, 1.000000000000000e-10, 1.092857163434395e+09
623, 8.093295144000000e-01, -6.911064600000000e-03, 4.404746704514819e-01, 0.000000000000000e+00, 0.000000000000000e+00, 7.325716055697542e+04, 1.000000000000000e-10, 1.092140979404541e+09
624, 8.122862570000000e-01, -6.425381100000000e-03, 4.408323344727691e-01, 0.000000000000000e+00, 0.000000000000000e+00, 7.333075988890530e+04, 1.000000000000000e-10, 1.091459892614188e+09
625, 8.152444195000000e-01, -5.948422800000000e-03, 4.411804854282774e-01, 0.000000000000000e+00, 0.000000000000000e+00, 7.340195494087934e+04, 1.000000000000000e-10, 1.090770372268831e+09
626, 8.182039458000000e-01, -5.480001300000000e-03, 4.415245104035737e-01, 0.000000000000000e+00, 0.000000000000000e+00, 7.347105299319550e+04, 1.000000000000000e-10, 1.090065219848350e+09
627, 8.211648134000000e-01, -5.020132300000000e-03, 4.418691530530671e-01, 0.000000000000000e+00, 0.000000000000000e+00, 7.353866605477239e+04, 1.000000000000000e-10, 1.089317589992935e+09
628, 8.241269989000000e-01, -4.568831200000000e-03, 4.422150877921140e-01, 0.000000000000000e+00, 0.000000000000000e+00, 7.360519162292988e+04, 1.000000000000000e-10, 1.088540445159801e+09
629, 8.270904793000000e-01, -4.126113200000000e-03, 4.425594995475935e-01, 0.000000000000000e+00, 0.000000000000000e+00, 7.367083782169109e+04, 1.000000000000000e-10, 1.087807334379699e+09
630, 8.300552314000000e-01, -3.691994500000000e-03, 4.428989323889514e-01, 0.000000000000000e+00, 0.000000000000000e+00, 7.373662011325611e+04, 1.000000000000000e-10, 1.087081532401155e+09
631, 8.330216764000000e-01, -3.269608000000000e-03, 4.432352458181542e-01, 0.000000000000000e+00, 0.000000000000000e+00, 7.380482784992413e+04, 1.000000000000000e-10, 1.086407185420233e+09
632, 8.359894521000000e-01, -2.856659800000000e-03, 4.435554613412623e-01, 0.000000000000000e+00, 0.000000000000000e+00, 7.387310911367431e+04, 1.000000000000000e-10, 1.085807142275975e+09
633, 8.389574719000000e-01, -2.445467200000000e-03, 4.438764546735201e-01, 0.000000000000000e+00, 0.000000000000000e+00, 7.394232388871125e+04, 1.000000000000000e-10, 1.085224453739378e+09
634, 8.419245535000000e-01, -2.027571400000000e-03, 4.442141292654621e-01, 0.000000000000000e+00, 0.000000000000000e+00, 7.401057480230168e+04, 1.000000000000000e-10, 1.084549140391054e+09
635, 8.448907007000001e-01, -1.603081000000000e-03, 4.445768080882516e-01, 0.000000000000000e+00, 0.000000000000000e+00, 7.407996708296909e+04, 1.000000000000000e-10, 1.083787394339046e+09
636, 8.478579874000000e-01, -1.186655300000000e-03, 4.449441644070293e-01, 0.000000000000000e+00, 0.000000000000000e+00, 7.415276422582910e+04, 1.000000000000000e-10, 1.083031714384760e+09
637, 8.508284127000000e-01, -7.933073000000000e-04, 4.453161435731954e-01, 0.000000000000000e+00, 0.000000000000000e+00, 7.423033248750791e+04, 1.000000000000000e-10, 1.082258587744198e+09
638, 8.538020126000000e-01, -4.246734000000000e-04, 4.456542265121645e-01, 0.000000000000000e+00, 0.000000000000000e+00, 7.430378827585641e+04, 1.000000000000000e-10, 1.081702452464155e+09
639, 8.567775810000000e-01, -7.225130000000000e-05, 4.459933488780393e-01, 0.000000000000000e+00, 0.000000000000000e+00, 7.437854168961833e+04, 1.000000000000000e-10, 1.081097571788268e+09
640, 8.597541393000000e-01, 2.717253000000000e-04, 4.463323218218797e-01, 0.000000000000000e+00, 0.000000000000000e+00, 7.445322169707103e+04, 1.000000000000000e-10, 1.080472300218057e+09
641, 8.627313085000000e-01, 6.103705000000000e-04, 4.466878380313894e-01, 0.000000000000000e+00, 0.000000000000000e+00, 7.453069245809871e+04, 1.000000000000000e-10, 1.079811395002210e+09
642, 8.657094571000000e-01, 9.402886000000000e-04, 4.470326619043843e-01, 0.000000000000000e+00, 0.000000000000000e+00, 7.460584875663411e+04, 1.000000000000000e-10, 1.079195428364903e+09
643, 8.686885639000000e-01, 1.261439300000000e-03, 4.473750455584582e-01, 0.000000000000000e+00, 0.000000000000000e+00, 7.468046308240839e+04, 1.000000000000000e-10, 1.078576918235388e+09
644, 8.716684840000000e-01, 1.574958600000000e-03, 4.477145833245571e-01, 0.000000000000000e+00, 0.000000000000000e+00, 7.475358592048159e+04, 1.000000000000000e-10, 1.077963710724077e+09
645, 8.746489628000000e-01, 1.883117200000000e-03, 4.480600222957898e-01, 0.000000000000000e+00, 0.000000000000000e+00, 7.482598230008036e+04, 1.000000000000000e-10, 1.077306796652425e+09
646, 8.776306820999999e-01, 2.179005900000000e-03, 4.484009657999209e-01, 0.000000000000000e+00, 0.000000000000000e+00, 7.489633594729079e+04, 1.000000000000000e-10, 1.076637351535975e+09
647, 8.806143131000000e-01, 2.454910800000000e-03, 4.487254303268815e-01, 0.000000000000000e+00, 0.000000000000000e+00, 7.496351861715969e+04, 1.000000000000000e-10, 1.076012040695472e+09
648, 8.835997117000000e-01, 2.711016100000000e-03, 4.490436381887335e-01, 0.000000000000000e+00, 0.000000000000000e+00, 7.502979996688520e+04, 1.000000000000000e-10, 1.075427837805518e+09
649, 8.865865769000000e-01, 2.949408900000000e-03, 4.493547690388980e-01, 0.000000000000000e+00, 0.000000000000000e+00, 7.509396378637799e+04, 1.000000000000000e-10, 1.074826429311705e+09
650, 8.895748055000000e-01, 3.170055600000000e-03, 4.496501285313710e-01, 0.000000000000000e+00, 0.000000000000000e+00, 7.515522447473071e+04, 1.000000000000000e-10, 1.074215733095609e+09
651, 8.925644546000000e-01, 3.370490400000000e-03, 4.499338491315062e-01, 0.000000000000000e+00, 0.000000000000000e+00, 7.521560564891878e+04, 1.000000000000000e-10, 1.073704643496887e+09
652, 8.955553676000000e-01, 3.551155100000000e-03, 4.501973356230067e-01, 0.000000000000000e+00, 0.000000000000000e+00, 7.527415767386528e+04, 1.000000000000000e-10, 1.073246524911463e+09
653, 8.985469777000000e-01, 3.719930400000000e-03, 4.504390108378201e-01, 0.000000000000000e+00, 0.000000000000000e+00, 7.532972038784735e+04, 1.000000000000000e-10, 1.072852675899581e+09
654, 9.015387704000000e-01, 3.885451900000000e-03, 4.506686162830484e-01, 0.000000000000000e+00, 0.000000000000000e+00, 7.538194320738716e+04, 1.000000000000000e-10, 1.072481218176425e+09
655, 9.045306080000000e-01, 4.050146900000000e-03, 4.508864118642946e-01, 0.000000000000000e+00, 0.000000000000000e+00, 7.543048281285902e+04, 1.000000000000000e-10, 1.072104546290028e+09
656, 9.075232441000000e-01, 4.199497100000000e-03, 4.511114112245061e-01, 0.000000000000000e+00, 0.000000000000000e+00, 7.548225419769759e+04, 1.000000000000000e-10, 1.071746897517390e+09
657, 9.105172638000000e-01, 4.317576000000000e-03, 4.513474131955209e-01, 0.000000000000000e+00, 0.000000000000000e+00, 7.553816382389613e+04, 1.000000000000000e-10, 1.071377785830858e+09
658, 9.135124732000000e-01, 4.400428400000000e-03, 4.515678616221563e-01, 0.000000000000000e+00, 0.000000000000000e+00, 7.559465629919767e+04, 1.000000000000000e-10, 1.071082808902345e+09
659, 9.165083028000000e-01, 4.456858500000000e-03, 4.517442152297879e-01, 0.000000000000000e+00, 0.000000000000000e+00, 7.564401994390365e+04, 1.000000000000000e-10, 1.070864929805262e+09
660, 9.195044264000000e-01, 4.494915400000000e-03, 4.518954686077708e-01, 0.000000000000000e+00, 0.000000000000000e+00, 7.568702986243975e+04, 1.000000000000000e-10, 1.070722100933081e+09
661, 9.225006781000000e-01, 4.521098200000000e-03, 4.520447505293061e-01, 0.000000000000000e+00, 0.000000000000000e+00, 7.572625159767510e+04, 1.000000000000000e-10, 1.070540227604478e+09
662, 9.254970225000000e-01, 4.531556300000000e-03, 4.522078734234105e-01, 0.000000000000000e+00, 0.000000000000000e+00, 7.576601967956149e+04, 1.000000000000000e-10, 1.070298368458367e+09
663, 9.284933501000000e-01, 4.518230800000000e-03, 4.523870437500985e-01, 0.000000000000000e+00, 0.000000000000000e+00, 7.581019142252678e+04, 1.000000000000000e-10, 1.070051330240742e+09
664, 9.314893480999999e-01, 4.472444700000000e-03, 4.525537168163841e-01, 0.000000000000000e+00, 0.000000000000000e+00, 7.585585150133437e+04, 1.000000000000000e-10, 1.069862530263084e+09
665, 9.344846103000000e-01, 4.391470900000000e-03, 4.526700105269138e-01, 0.000000000000000e+00, 0.000000000000000e+00, 7.589455241159984e+04, 1.000000000000000e-10, 1.069809954813578e+09
666, 9.374792507000000e-01, 4.289801600000000e-03, 4.527232057413649e-01, 0.000000000000000e+00, 0.000000000000000e+00, 7.592197136615987e+04, 1.000000000000000e-10, 1.069864508396333e+09
667, 9.404737331000000e-01, 4.183520900000000e-03, 4.527135502059280e-01, 0.000000000000000e+00, 0.000000000000000e+00, 7.593741860579365e+04, 1.000000000000000e-10, 1.070116920477515e+09
668, 9.434683278000000e-01, 4.080451000000000e-03, 4.527053899943870e-01, 0.000000000000000e+00, 0.000000000000000e+00, 7.595550616806623e+04, 1.000000000000000e-10, 1.070361253807597e+09
669, 9.464625694000000e-01, 3.967701700000000e-03, 4.526706793181793e-01, 0.000000000000000e+00, 0.000000000000000e+00, 7.597166155366179e+04, 1.000000000000000e-10, 1.070651069986189e+09
670, 9.494557192999999e-01, 3.829211000000000e-03, 4.526196476905990e-01, 0.000000000000000e+00, 0.000000000000000e+00, 7.598837167793106e+04, 1.000000000000000e-10, 1.071064148469401e+09
671, 9.524469545000001e-01, 3.654174900000000e-03, 4.525172367643696e-01, 0.000000000000000e+00, 0.000000000000000e+00, 7.599841222086019e+04, 1.000000000000000e-10, 1.071659759309688e+09
672, 9.554363444000000e-01, 3.449926600000000e-03, 4.523650629260935e-01, 0.000000000000000e+00, 0.000000000000000e+00, 7.599931926434502e+04, 1.000000000000000e-10, 1.072326643992604e+09
673, 9.584242260000000e-01, 3.224624800000000e-03, 4.521246731524864e-01, 0.000000000000000e+00, 0.000000000000000e+00, 7.598652839870645e+04, 1.000000000000000e-10, 1.073187043065061e+09
674, 9.614110739000000e-01, 2.985978000000000e-03, 4.516686952561175e-01, 0.000000000000000e+00, 0.000000000000000e+00, 7.594765171070564e+04, 1.000000000000000e-10, 1.074742557731234e+09
675, 9.643968526000000e-01, 2.734335600000000e-03, 4.510797407552733e-01, 0.000000000000000e+00, 0.000000000000000e+00, 7.590536255527208e+04, 1.000000000000000e-10, 1.076784367463135e+09
676, 9.673808280000000e-01, 2.462191300000000e-03, 4.503530166140912e-01, 0.000000000000000e+00, 0.000000000000000e+00, 7.586347672532662e+04, 1.000000000000000e-10, 1.079455519409716e+09
677, 9.703620847000000e-01, 2.161784500000000e-03, 4.494125369228311e-01, 0.000000000000000e+00, 0.000000000000000e+00, 7.580250017019143e+04, 1.000000000000000e-10, 1.082853257406712e+09
678, 9.733402982000000e-01, 1.832532300000000e-03, 4.481063303174705e-01, 0.000000000000000e+00, 0.000000000000000e+00, 7.570065916079954e+04, 1.000000000000000e-10, 1.087415998650687e+09
679, 9.763154943000000e-01, 1.477044900000000e-03, 4.458903215947264e-01, 0.000000000000000e+00, 0.000000000000000e+00, 7.549173761618338e+04, 1.000000000000000e-10, 1.094785682737884e+09
680, 9.792874526000001e-01, 1.095432300000000e-03, 4.431883255350468e-01, 0.000000000000000e+00, 0.000000000000000e+00, 7.525433709732839e+04, 1.000000000000000e-10, 1.104106075598884e+09
681, 9.822556855000000e-01, 6.858801000000000e-04, 4.409769578502459e-01, 0.000000000000000e+00, 0.000000000000000e+00, 7.518345552564108e+04, 1.000000000000000e-10, 1.113332695163798e+09
682, 9.852198673000000e-01, 2.479352000000000e-04, 4.386043398457881e-01, 0.000000000000000e+00, 0.000000000000000e+00, 7.520635596196547e+04, 1.000000000000000e-10, 1.124577358404458e+09
683, 9.881808922000000e-01, -2.108983000000000e-04, 4.357700916611889e-01, 0.000000000000000e+00, 0.000000000000000e+00, 7.534236019041357e+04, 1.000000000000000e-10, 1.139557177838823e+09
684, 9.911395461000000e-01, -6.847765000000000e-04, 4.332287233970299e-01, 0.000000000000000e+00, 0.000000000000000e+00, 7.541258933636994e+04, 1.000000000000000e-10, 1.152578241682740e+09
685, 9.940944037000000e-01, -1.181769000000000e-03, 4.294481842898725e-01, 0.000000000000000e+00, 0.000000000000000e+00, 7.498049306785379e+04, 1.000000000000000e-10, 1.165589169708088e+09
686, 9.970470357000000e-01, -1.691851000000000e-03, 4.178576601554925e-01, 0.000000000000000e+00, 0.000000000000000e+00, 7.299006091610657e+04, 1.000000000000000e-10, 1.198363484481251e+09
687, 1.000000000000000e+00, 5.500000000000000e-04, 3.898708151833858e-01, 0.000000000000000e+00, 0.000000000000000e+00, 6.659558071985304e+04, 1.000000000000000e-10, 1.261203298268486e+09
