"PointID","x","y","Density","Momentum_x","Momentum_y","Energy","Turb_Kin_Energy","Omega"
0, 1.000000000000000e+00, 3.300000000000000e-03, 3.801867042415759e-01, 0.000000000000000e+00, 0.000000000000000e+00, 6.550130810885109e+04, 1.000000000000000e-10, 1.302419780589127e+09
1, 1.000000000000000e+00, -2.200000000000000e-03, 3.727189781607362e-01, 0.000000000000000e+00, 0.000000000000000e+00, 6.453873954901902e+04, 1.000000000000000e-10, 1.333972109509656e+09
6, 9.970624071000000e-01, 3.890565800000000e-03, 3.875597483241432e-01, 0.000000000000000e+00, 0.000000000000000e+00, 6.839263060926247e+04, 1.000000000000000e-10, 1.302762528802247e+09
7, 9.941250122000000e-01, 4.482116400000000e-03, 3.959204931970677e-01, 0.000000000000000e+00, 0.000000000000000e+00, 6.989618643837445e+04, 1.000000000000000e-10, 1.275669265331547e+09
8, 9.911863511000000e-01, 5.067337600000000e-03, 3.980254827358366e-01, 0.000000000000000e+00, 0.000000000000000e+00, 6.968754960937482e+04, 1.000000000000000e-10, 1.260479080230747e+09
9, 9.882453375000000e-01, 5.640619800000000e-03, 3.993448095852281e-01, 0.000000000000000e+00, 0.000000000000000e+00, 6.893224081887708e+04, 1.000000000000000e-10, 1.241886449704390e+09
10, 9.853025951000000e-01, 6.204961100000000e-03, 4.020645984405118e-01, 0.000000000000000e+00, 0.000000000000000e+00, 6.838122220022362e+04, 1.000000000000000e-10, 1.218596081937689e+09
11, 9.823582610000000e-01, 6.760941000000000e-03, 4.056413759544196e-01, 0.000000000000000e+00, 0.000000000000000e+00, 6.815736485624367e+04, 1.000000000000000e-10, 1.195933138846663e+09
12, 9.794123284000000e-01, 7.308384000000000e-03, 4.088780058561643e-01, 0.000000000000000e+00, 0.000000000000000e+00, 6.810834044627384e+04, 1.000000000000000e-10, 1.178055607190210e+09
13, 9.764641925999999e-01, 7.843832699999999e-03, 4.109471869602732e-01, 0.000000000000000e+00, 0.000000000000000e+00, 6.808336813689089e+04, 1.000000000000000e-10, 1.166912836929899e+09
14, 9.735146296000000e-01, 8.371372199999999e-03, 4.118927777071176e-01, 0.000000000000000e+00, 0.000000000000000e+00, 6.802569384125185e+04, 1.000000000000000e-10, 1.161206906912785e+09
15, 9.705649844999999e-01, 8.898453400000001e-03, 4.120447044181265e-01, 0.000000000000000e+00, 0.000000000000000e+00, 6.791619907974720e+04, 1.000000000000000e-10, 1.158885811063328e+09
16, 9.676163612000001e-01, 9.431218700000001e-03, 4.118014037401359e-01, 0.000000000000000e+00, 0.000000000000000e+00, 6.778418939551395e+04, 1.000000000000000e-10, 1.158275357594483e+09
17, 9.646681685000000e-01, 9.966365099999999e-03, 4.113687870616452e-01, 0.000000000000000e+00, 0.000000000000000e+00, 6.765146480899536e+04, 1.000000000000000e-10, 1.158619513417960e+09
18, 9.617190649000000e-01, 1.049646250000000e-02, 4.108644360606876e-01, 0.000000000000000e+00, 0.000000000000000e+00, 6.753127420012103e+04, 1.000000000000000e-10, 1.159549156481113e+09
19, 9.587677714000000e-01, 1.101421520000000e-02, 4.102620140749662e-01, 0.000000000000000e+00, 0.000000000000000e+00, 6.742138693688977e+04, 1.000000000000000e-10, 1.161097321506884e+09
20, 9.558141732000000e-01, 1.151866560000000e-02, 4.096147512802266e-01, 0.000000000000000e+00, 0.000000000000000e+00, 6.731474633944228e+04, 1.000000000000000e-10, 1.162924732229980e+09
21, 9.528595023999999e-01, 1.201680390000000e-02, 4.091298283596196e-01, 0.000000000000000e+00, 0.000000000000000e+00, 6.723442247670927e+04, 1.000000000000000e-10, 1.164294044271612e+09
22, 9.499050355999999e-01, 1.251614840000000e-02, 4.084773674130182e-01, 0.000000000000000e+00, 0.000000000000000e+00, 6.711066246148050e+04, 1.000000000000000e-10, 1.165871993401428e+09
23, 9.469515835000000e-01, 1.302146080000000e-02, 4.080544919411299e-01, 0.000000000000000e+00, 0.000000000000000e+00, 6.702167170791261e+04, 1.000000000000000e-10, 1.166819080292335e+09
24, 9.439982552000000e-01, 1.352749770000000e-02, 4.074384367580441e-01, 0.000000000000000e+00, 0.000000000000000e+00, 6.688073154454579e+04, 1.000000000000000e-10, 1.168034859745014e+09
25, 9.410437731000000e-01, 1.402674480000000e-02, 4.070771889860083e-01, 0.000000000000000e+00, 0.000000000000000e+00, 6.678511005067117e+04, 1.000000000000000e-10, 1.168546715990592e+09
26, 9.380870172000000e-01, 1.451233270000000e-02, 4.068057966820498e-01, 0.000000000000000e+00, 0.000000000000000e+00, 6.671923172492617e+04, 1.000000000000000e-10, 1.169016053602581e+09
27, 9.351283061000000e-01, 1.498587720000000e-02, 4.065633447563380e-01, 0.000000000000000e+00, 0.000000000000000e+00, 6.667175204343833e+04, 1.000000000000000e-10, 1.169596306703322e+09
28, 9.321688618000000e-01, 1.545482400000000e-02, 4.063354293487750e-01, 0.000000000000000e+00, 0.000000000000000e+00, 6.662699832812203e+04, 1.000000000000000e-10, 1.170145336990776e+09
29, 9.292098398000000e-01, 1.592642560000000e-02, 4.061623930357278e-01, 0.000000000000000e+00, 0.000000000000000e+00, 6.659010145182956e+04, 1.000000000000000e-10, 1.170520119886816e+09
30, 9.262511042000000e-01, 1.639982330000000e-02, 4.061879875494925e-01, 0.000000000000000e+00, 0.000000000000000e+00, 6.659636608786565e+04, 1.000000000000000e-10, 1.170462614524693e+09
31, 9.232923687000000e-01, 1.687322100000000e-02, 4.060513622321048e-01, 0.000000000000000e+00, 0.000000000000000e+00, 6.656713770816366e+04, 1.000000000000000e-10, 1.170764672887017e+09
32, 9.203336331000000e-01, 1.734661870000000e-02, 4.054850251782624e-01, 0.000000000000000e+00, 0.000000000000000e+00, 6.644650940601990e+04, 1.000000000000000e-10, 1.171978501139434e+09
33, 9.173752952000001e-01, 1.782249320000000e-02, 4.051053968823306e-01, 0.000000000000000e+00, 0.000000000000000e+00, 6.637041318586621e+04, 1.000000000000000e-10, 1.172883775562418e+09
34, 9.144172403000000e-01, 1.830012520000000e-02, 4.049059763053685e-01, 0.000000000000000e+00, 0.000000000000000e+00, 6.632186472565767e+04, 1.000000000000000e-10, 1.173251028809435e+09
35, 9.114582624000001e-01, 1.877199790000000e-02, 4.047340089119727e-01, 0.000000000000000e+00, 0.000000000000000e+00, 6.627761421181369e+04, 1.000000000000000e-10, 1.173514309200558e+09
36, 9.084972381000000e-01, 1.923083950000000e-02, 4.046485014099401e-01, 0.000000000000000e+00, 0.000000000000000e+00, 6.625968474141878e+04, 1.000000000000000e-10, 1.173704147468001e+09
37, 9.055342297000000e-01, 1.967670440000000e-02, 4.045940112755685e-01, 0.000000000000000e+00, 0.000000000000000e+00, 6.625528707696500e+04, 1.000000000000000e-10, 1.173928449177408e+09
38, 9.025703724000000e-01, 2.011689840000000e-02, 4.045425723191631e-01, 0.000000000000000e+00, 0.000000000000000e+00, 6.624945685017349e+04, 1.000000000000000e-10, 1.174088092690163e+09
39, 8.996067964000000e-01, 2.055898050000000e-02, 4.045743115244929e-01, 0.000000000000000e+00, 0.000000000000000e+00, 6.625247026535076e+04, 1.000000000000000e-10, 1.173964011929284e+09
40, 8.966435791000000e-01, 2.100346310000000e-02, 4.046969408184138e-01, 0.000000000000000e+00, 0.000000000000000e+00, 6.627201337307649e+04, 1.000000000000000e-10, 1.173600405925888e+09
41, 8.936803618000000e-01, 2.144794570000000e-02, 4.047348607155357e-01, 0.000000000000000e+00, 0.000000000000000e+00, 6.627258649090600e+04, 1.000000000000000e-10, 1.173408009839716e+09
42, 8.907171444000000e-01, 2.189242830000000e-02, 4.046833617065603e-01, 0.000000000000000e+00, 0.000000000000000e+00, 6.625400324847529e+04, 1.000000000000000e-10, 1.173408825001928e+09
43, 8.877539271000000e-01, 2.233691090000000e-02, 4.042497127987589e-01, 0.000000000000000e+00, 0.000000000000000e+00, 6.616950009582318e+04, 1.000000000000000e-10, 1.174469515548397e+09
44, 8.847907098000000e-01, 2.278139350000000e-02, 4.037406499147843e-01, 0.000000000000000e+00, 0.000000000000000e+00, 6.607630651885743e+04, 1.000000000000000e-10, 1.175823906068503e+09
45, 8.818274925000000e-01, 2.322587610000000e-02, 4.034191686435020e-01, 0.000000000000000e+00, 0.000000000000000e+00, 6.601332991909180e+04, 1.000000000000000e-10, 1.176608306481528e+09
46, 8.788643591999999e-01, 2.367091770000000e-02, 4.028004969339698e-01, 0.000000000000000e+00, 0.000000000000000e+00, 6.588812375422652e+04, 1.000000000000000e-10, 1.178042447347539e+09
47, 8.759017882000000e-01, 2.411968790000000e-02, 4.023303127388657e-01, 0.000000000000000e+00, 0.000000000000000e+00, 6.579177500047143e+04, 1.000000000000000e-10, 1.179165108438490e+09
48, 8.729389200000000e-01, 2.456648860000000e-02, 4.019663600172657e-01, 0.000000000000000e+00, 0.000000000000000e+00, 6.570992047951455e+04, 1.000000000000000e-10, 1.179901285998589e+09
49, 8.699746207000000e-01, 2.500367940000000e-02, 4.016698873650053e-01, 0.000000000000000e+00, 0.000000000000000e+00, 6.564504284335424e+04, 1.000000000000000e-10, 1.180540688774392e+09
50, 8.670081947000000e-01, 2.542619980000000e-02, 4.014679595189954e-01, 0.000000000000000e+00, 0.000000000000000e+00, 6.560741801502292e+04, 1.000000000000000e-10, 1.181019141019956e+09
51, 8.640404269000000e-01, 2.583920470000000e-02, 4.013513023332030e-01, 0.000000000000000e+00, 0.000000000000000e+00, 6.558843662543499e+04, 1.000000000000000e-10, 1.181400439338345e+09
52, 8.610724042000000e-01, 2.625037680000000e-02, 4.012680427773961e-01, 0.000000000000000e+00, 0.000000000000000e+00, 6.557237763218237e+04, 1.000000000000000e-10, 1.181609038029536e+09
53, 8.581049055000000e-01, 2.666531320000000e-02, 4.012741764444138e-01, 0.000000000000000e+00, 0.000000000000000e+00, 6.557287365982402e+04, 1.000000000000000e-10, 1.181583436121253e+09
54, 8.551374771000000e-01, 2.708075320000000e-02, 4.011185444844719e-01, 0.000000000000000e+00, 0.000000000000000e+00, 6.553646794135384e+04, 1.000000000000000e-10, 1.181857033669136e+09
55, 8.521700487000000e-01, 2.749619320000000e-02, 4.009203500169505e-01, 0.000000000000000e+00, 0.000000000000000e+00, 6.548886966333022e+04, 1.000000000000000e-10, 1.182214233308332e+09
56, 8.492026203000000e-01, 2.791163320000000e-02, 4.007381431967372e-01, 0.000000000000000e+00, 0.000000000000000e+00, 6.545196498459431e+04, 1.000000000000000e-10, 1.182645088766563e+09
57, 8.462351919000000e-01, 2.832707310000000e-02, 4.005466624822636e-01, 0.000000000000000e+00, 0.000000000000000e+00, 6.540822190856782e+04, 1.000000000000000e-10, 1.183024024946476e+09
58, 8.432677635000000e-01, 2.874251310000000e-02, 4.003355643490895e-01, 0.000000000000000e+00, 0.000000000000000e+00, 6.536053447165845e+04, 1.000000000000000e-10, 1.183452861419179e+09
59, 8.403003351000000e-01, 2.915795310000000e-02, 3.996927228715859e-01, 0.000000000000000e+00, 0.000000000000000e+00, 6.522920822595111e+04, 1.000000000000000e-10, 1.184960166814660e+09
60, 8.373332662000000e-01, 2.957595020000000e-02, 3.991975251428734e-01, 0.000000000000000e+00, 0.000000000000000e+00, 6.513399813756275e+04, 1.000000000000000e-10, 1.186213335901567e+09
61, 8.343664342000000e-01, 2.999562810000000e-02, 3.988863747197177e-01, 0.000000000000000e+00, 0.000000000000000e+00, 6.506851540554789e+04, 1.000000000000000e-10, 1.186909859981552e+09
62, 8.313987667000000e-01, 3.040934680000000e-02, 3.986908115713512e-01, 0.000000000000000e+00, 0.000000000000000e+00, 6.502486416992563e+04, 1.000000000000000e-10, 1.187330869958691e+09
63, 8.284292787999999e-01, 3.080977400000000e-02, 3.986440765196897e-01, 0.000000000000000e+00, 0.000000000000000e+00, 6.501581352279398e+04, 1.000000000000000e-10, 1.187441458283933e+09
64, 8.254580666000000e-01, 3.119721670000000e-02, 3.986541989951788e-01, 0.000000000000000e+00, 0.000000000000000e+00, 6.502097897886392e+04, 1.000000000000000e-10, 1.187464385745470e+09
65, 8.224861366000000e-01, 3.157912440000000e-02, 3.986753404781837e-01, 0.000000000000000e+00, 0.000000000000000e+00, 6.502660015698090e+04, 1.000000000000000e-10, 1.187422389263233e+09
66, 8.195144758000000e-01, 3.196311810000000e-02, 3.987757381400021e-01, 0.000000000000000e+00, 0.000000000000000e+00, 6.504391553604873e+04, 1.000000000000000e-10, 1.187100839492804e+09
67, 8.165431104999999e-01, 3.234939560000000e-02, 3.989756890846447e-01, 0.000000000000000e+00, 0.000000000000000e+00, 6.508385208702170e+04, 1.000000000000000e-10, 1.186641253100100e+09
68, 8.135717453000000e-01, 3.273567310000000e-02, 3.989985672820435e-01, 0.000000000000000e+00, 0.000000000000000e+00, 6.509544306425989e+04, 1.000000000000000e-10, 1.186691681304356e+09
69, 8.106003801000000e-01, 3.312195060000000e-02, 3.989769965458178e-01, 0.000000000000000e+00, 0.000000000000000e+00, 6.509525485862452e+04, 1.000000000000000e-10, 1.186812176377308e+09
70, 8.076290148000000e-01, 3.350822810000000e-02, 3.988637901600522e-01, 0.000000000000000e+00, 0.000000000000000e+00, 6.507852235445369e+04, 1.000000000000000e-10, 1.187175231757449e+09
71, 8.046576496000000e-01, 3.389450560000000e-02, 3.984984707521171e-01, 0.000000000000000e+00, 0.000000000000000e+00, 6.501790276819182e+04, 1.000000000000000e-10, 1.188289243998838e+09
72, 8.016862843000000e-01, 3.428078300000000e-02, 3.983111824912089e-01, 0.000000000000000e+00, 0.000000000000000e+00, 6.498422881490109e+04, 1.000000000000000e-10, 1.188764061773039e+09
73, 7.987150113000000e-01, 3.466776800000000e-02, 3.977064451057888e-01, 0.000000000000000e+00, 0.000000000000000e+00, 6.486371540170757e+04, 1.000000000000000e-10, 1.190201433967889e+09
74, 7.957442224000000e-01, 3.505845300000000e-02, 3.972032668036142e-01, 0.000000000000000e+00, 0.000000000000000e+00, 6.476128163324438e+04, 1.000000000000000e-10, 1.191478702092913e+09
75, 7.927731192000000e-01, 3.544673620000000e-02, 3.968123154759979e-01, 0.000000000000000e+00, 0.000000000000000e+00, 6.467374531968080e+04, 1.000000000000000e-10, 1.192289794794125e+09
76, 7.898007096000000e-01, 3.582487200000000e-02, 3.964701179885329e-01, 0.000000000000000e+00, 0.000000000000000e+00, 6.459848845424966e+04, 1.000000000000000e-10, 1.192998659150399e+09
77, 7.868264558000000e-01, 3.618821970000000e-02, 3.962178738048203e-01, 0.000000000000000e+00, 0.000000000000000e+00, 6.454687985224830e+04, 1.000000000000000e-10, 1.193618529654687e+09
78, 7.838510978000000e-01, 3.654242800000000e-02, 3.960771163545304e-01, 0.000000000000000e+00, 0.000000000000000e+00, 6.451707568512724e+04, 1.000000000000000e-10, 1.193937492699623e+09
79, 7.808755783000000e-01, 3.689528040000000e-02, 3.959838006409644e-01, 0.000000000000000e+00, 0.000000000000000e+00, 6.449417196333927e+04, 1.000000000000000e-10, 1.194083335177317e+09
80, 7.779005125000000e-01, 3.725193850000000e-02, 3.959991783983690e-01, 0.000000000000000e+00, 0.000000000000000e+00, 6.449614300688483e+04, 1.000000000000000e-10, 1.194028794296650e+09
81, 7.749254880000001e-01, 3.760894140000000e-02, 3.959566748660653e-01, 0.000000000000000e+00, 0.000000000000000e+00, 6.448521647889538e+04, 1.000000000000000e-10, 1.194086342332862e+09
82, 7.719504636000000e-01, 3.796594440000000e-02, 3.958667422861878e-01, 0.000000000000000e+00, 0.000000000000000e+00, 6.445953668758269e+04, 1.000000000000000e-10, 1.194171438352492e+09
83, 7.689754391000000e-01, 3.832294730000000e-02, 3.957620294832554e-01, 0.000000000000000e+00, 0.000000000000000e+00, 6.442824078487294e+04, 1.000000000000000e-10, 1.194268938803626e+09
84, 7.660004146000000e-01, 3.867995020000000e-02, 3.955771391988130e-01, 0.000000000000000e+00, 0.000000000000000e+00, 6.438122554869236e+04, 1.000000000000000e-10, 1.194567448207237e+09
85, 7.630253902000000e-01, 3.903695320000000e-02, 3.951811452080504e-01, 0.000000000000000e+00, 0.000000000000000e+00, 6.430264147513396e+04, 1.000000000000000e-10, 1.195547029467311e+09
86, 7.600503657000000e-01, 3.939395610000000e-02, 3.948091116822217e-01, 0.000000000000000e+00, 0.000000000000000e+00, 6.423600017615877e+04, 1.000000000000000e-10, 1.196579503623655e+09
87, 7.570757010000000e-01, 3.975394130000000e-02, 3.946314975324601e-01, 0.000000000000000e+00, 0.000000000000000e+00, 6.421545542243341e+04, 1.000000000000000e-10, 1.197247250425596e+09
88, 7.541011654999999e-01, 4.011499540000000e-02, 3.945551340438082e-01, 0.000000000000000e+00, 0.000000000000000e+00, 6.421620045914957e+04, 1.000000000000000e-10, 1.197708472368124e+09
89, 7.511258242000000e-01, 4.046933410000000e-02, 3.945585851654517e-01, 0.000000000000000e+00, 0.000000000000000e+00, 6.422948926436922e+04, 1.000000000000000e-10, 1.197894391447195e+09
90, 7.481488621000000e-01, 4.080977130000000e-02, 3.947764430082535e-01, 0.000000000000000e+00, 0.000000000000000e+00, 6.428379668289808e+04, 1.000000000000000e-10, 1.197505968111063e+09
91, 7.451704939000000e-01, 4.113770130000000e-02, 3.950953223998746e-01, 0.000000000000000e+00, 0.000000000000000e+00, 6.436212390204855e+04, 1.000000000000000e-10, 1.196949389403876e+09
92, 7.421915967000000e-01, 4.146079960000000e-02, 3.953597524529637e-01, 0.000000000000000e+00, 0.000000000000000e+00, 6.442766184361477e+04, 1.000000000000000e-10, 1.196493883234805e+09
93, 7.392129909000000e-01, 4.178657100000000e-02, 3.955925948336914e-01, 0.000000000000000e+00, 0.000000000000000e+00, 6.448345995175354e+04, 1.000000000000000e-10, 1.196063553210294e+09
94, 7.362345880000000e-01, 4.211419530000000e-02, 3.958344464746380e-01, 0.000000000000000e+00, 0.000000000000000e+00, 6.454511886230283e+04, 1.000000000000000e-10, 1.195677450857603e+09
95, 7.332561850000000e-01, 4.244181960000000e-02, 3.958312803354648e-01, 0.000000000000000e+00, 0.000000000000000e+00, 6.455050897601785e+04, 1.000000000000000e-10, 1.195805075741991e+09
96, 7.302777821000001e-01, 4.276944400000000e-02, 3.955057759025394e-01, 0.000000000000000e+00, 0.000000000000000e+00, 6.449327986770832e+04, 1.000000000000000e-10, 1.196725592796643e+09
97, 7.272996700000000e-01, 4.309969770000000e-02, 3.950792748679661e-01, 0.000000000000000e+00, 0.000000000000000e+00, 6.442330117731269e+04, 1.000000000000000e-10, 1.198010866671798e+09
98, 7.243217382000000e-01, 4.343157600000000e-02, 3.945865422762534e-01, 0.000000000000000e+00, 0.000000000000000e+00, 6.432492424687331e+04, 1.000000000000000e-10, 1.199196752750035e+09
99, 7.213431270000000e-01, 4.375728880000000e-02, 3.940557486845750e-01, 0.000000000000000e+00, 0.000000000000000e+00, 6.420284509204570e+04, 1.000000000000000e-10, 1.200262396364876e+09
100, 7.183630640000001e-01, 4.406941800000000e-02, 3.934293263387496e-01, 0.000000000000000e+00, 0.000000000000000e+00, 6.405811412840462e+04, 1.000000000000000e-10, 1.201542180028185e+09
101, 7.153816632000000e-01, 4.436852160000000e-02, 3.927483723793621e-01, 0.000000000000000e+00, 0.000000000000000e+00, 6.389998118214557e+04, 1.000000000000000e-10, 1.202889379973477e+09
102, 7.123997234000000e-01, 4.466221600000000e-02, 3.921528553162554e-01, 0.000000000000000e+00, 0.000000000000000e+00, 6.375403167206269e+04, 1.000000000000000e-10, 1.203881438559418e+09
103, 7.094180101999999e-01, 4.495819900000000e-02, 3.917109126998467e-01, 0.000000000000000e+00, 0.000000000000000e+00, 6.363967068341755e+04, 1.000000000000000e-10, 1.204637322342813e+09
104, 7.064365126000000e-01, 4.525634870000000e-02, 3.914126296644805e-01, 0.000000000000000e+00, 0.000000000000000e+00, 6.356514429039377e+04, 1.000000000000000e-10, 1.205146243702252e+09
105, 7.034550149000000e-01, 4.555449850000000e-02, 3.907627455171607e-01, 0.000000000000000e+00, 0.000000000000000e+00, 6.342556726399894e+04, 1.000000000000000e-10, 1.206576040650839e+09
106, 7.004735172000000e-01, 4.585264830000000e-02, 3.901963392736118e-01, 0.000000000000000e+00, 0.000000000000000e+00, 6.330367205565515e+04, 1.000000000000000e-10, 1.207854148752314e+09
107, 6.974920194999999e-01, 4.615079800000000e-02, 3.893253853466047e-01, 0.000000000000000e+00, 0.000000000000000e+00, 6.311787119266061e+04, 1.000000000000000e-10, 1.209849810433869e+09
108, 6.945105217999999e-01, 4.644894780000000e-02, 3.879318887120162e-01, 0.000000000000000e+00, 0.000000000000000e+00, 6.281136751806577e+04, 1.000000000000000e-10, 1.212921200497999e+09
109, 6.915290242000000e-01, 4.674709760000000e-02, 3.868519170121896e-01, 0.000000000000000e+00, 0.000000000000000e+00, 6.256716748763685e+04, 1.000000000000000e-10, 1.215200569929518e+09
110, 6.885476161000000e-01, 4.704613990000000e-02, 3.854852428702770e-01, 0.000000000000000e+00, 0.000000000000000e+00, 6.227904237194761e+04, 1.000000000000000e-10, 1.218421018657397e+09
111, 6.855665742000000e-01, 4.734881320000000e-02, 3.844284865018804e-01, 0.000000000000000e+00, 0.000000000000000e+00, 6.206321082096670e+04, 1.000000000000000e-10, 1.221034679646136e+09
112, 6.825852395999999e-01, 4.764858270000000e-02, 3.836711303480847e-01, 0.000000000000000e+00, 0.000000000000000e+00, 6.190862522403998e+04, 1.000000000000000e-10, 1.222899651947392e+09
113, 6.796028435000000e-01, 4.793757530000000e-02, 3.830980803357242e-01, 0.000000000000000e+00, 0.000000000000000e+00, 6.179280149026436e+04, 1.000000000000000e-10, 1.224345096583867e+09
114, 6.766190426000001e-01, 4.821169240000000e-02, 3.827119982057424e-01, 0.000000000000000e+00, 0.000000000000000e+00, 6.171090598519266e+04, 1.000000000000000e-10, 1.225258884253801e+09
115, 6.736344527000000e-01, 4.847710350000000e-02, 3.825255380151916e-01, 0.000000000000000e+00, 0.000000000000000e+00, 6.166433714451158e+04, 1.000000000000000e-10, 1.225584066660578e+09
116, 6.706497918000000e-01, 4.874171610000000e-02, 3.824125144101663e-01, 0.000000000000000e+00, 0.000000000000000e+00, 6.163385438374995e+04, 1.000000000000000e-10, 1.225733442846835e+09
117, 6.676654681999999e-01, 4.901010790000000e-02, 3.824102594145918e-01, 0.000000000000000e+00, 0.000000000000000e+00, 6.163357226730217e+04, 1.000000000000000e-10, 1.225743584806056e+09
118, 6.646811620999999e-01, 4.927869540000000e-02, 3.823226699543180e-01, 0.000000000000000e+00, 0.000000000000000e+00, 6.162736662646827e+04, 1.000000000000000e-10, 1.226154977754294e+09
119, 6.616968561000000e-01, 4.954728290000000e-02, 3.821766788944190e-01, 0.000000000000000e+00, 0.000000000000000e+00, 6.160721567788622e+04, 1.000000000000000e-10, 1.226725213793319e+09
120, 6.587126148000000e-01, 4.981658670000000e-02, 3.818680611956927e-01, 0.000000000000000e+00, 0.000000000000000e+00, 6.156317627864794e+04, 1.000000000000000e-10, 1.227811093957429e+09
121, 6.557287142000000e-01, 5.008964140000000e-02, 3.817287527181555e-01, 0.000000000000000e+00, 0.000000000000000e+00, 6.156589499045155e+04, 1.000000000000000e-10, 1.228675965678514e+09
122, 6.527445878000000e-01, 5.036021100000000e-02, 3.817397782949125e-01, 0.000000000000000e+00, 0.000000000000000e+00, 6.159980330553902e+04, 1.000000000000000e-10, 1.229153652760763e+09
123, 6.497595392000000e-01, 5.062038200000000e-02, 3.819827709718163e-01, 0.000000000000000e+00, 0.000000000000000e+00, 6.167180389363397e+04, 1.000000000000000e-10, 1.228917710405337e+09
124, 6.467732199000000e-01, 5.086554410000000e-02, 3.824405410191639e-01, 0.000000000000000e+00, 0.000000000000000e+00, 6.178192967126120e+04, 1.000000000000000e-10, 1.228043651275725e+09
125, 6.437861620000001e-01, 5.110156080000000e-02, 3.830150990987644e-01, 0.000000000000000e+00, 0.000000000000000e+00, 6.191648443802467e+04, 1.000000000000000e-10, 1.226835547282898e+09
126, 6.407990088000000e-01, 5.133637300000000e-02, 3.834873611209759e-01, 0.000000000000000e+00, 0.000000000000000e+00, 6.203440296836432e+04, 1.000000000000000e-10, 1.226005761605862e+09
127, 6.378123096000000e-01, 5.157688470000000e-02, 3.839403135633388e-01, 0.000000000000000e+00, 0.000000000000000e+00, 6.215426797132174e+04, 1.000000000000000e-10, 1.225330496214940e+09
128, 6.348258525000000e-01, 5.182039160000000e-02, 3.844425139057157e-01, 0.000000000000000e+00, 0.000000000000000e+00, 6.228712657888376e+04, 1.000000000000000e-10, 1.224579809030521e+09
129, 6.318390014000000e-01, 5.205900390000000e-02, 3.849561193786810e-01, 0.000000000000000e+00, 0.000000000000000e+00, 6.241907179648610e+04, 1.000000000000000e-10, 1.223737404419213e+09
130, 6.288511656000000e-01, 5.228491860000000e-02, 3.855662415385251e-01, 0.000000000000000e+00, 0.000000000000000e+00, 6.256244176660247e+04, 1.000000000000000e-10, 1.222543858013314e+09
131, 6.258622963000000e-01, 5.249674920000000e-02, 3.862502887595243e-01, 0.000000000000000e+00, 0.000000000000000e+00, 6.270885748927041e+04, 1.000000000000000e-10, 1.220935132259882e+09
132, 6.228729552000000e-01, 5.270183440000000e-02, 3.868123559092223e-01, 0.000000000000000e+00, 0.000000000000000e+00, 6.282268274587276e+04, 1.000000000000000e-10, 1.219523803477244e+09
133, 6.198836982000000e-01, 5.290814110000000e-02, 3.873025137583427e-01, 0.000000000000000e+00, 0.000000000000000e+00, 6.291803594130751e+04, 1.000000000000000e-10, 1.218212612512947e+09
134, 6.168946444000000e-01, 5.311737490000000e-02, 3.877435389066994e-01, 0.000000000000000e+00, 0.000000000000000e+00, 6.300934842950212e+04, 1.000000000000000e-10, 1.217157031401248e+09
135, 6.139055905000000e-01, 5.332660870000000e-02, 3.878627129982677e-01, 0.000000000000000e+00, 0.000000000000000e+00, 6.303576125782869e+04, 1.000000000000000e-10, 1.216896640697119e+09
136, 6.109165367000000e-01, 5.353584240000000e-02, 3.876969792464661e-01, 0.000000000000000e+00, 0.000000000000000e+00, 6.300882161332968e+04, 1.000000000000000e-10, 1.217416771610024e+09
137, 6.079276023000000e-01, 5.374677020000000e-02, 3.874709651467215e-01, 0.000000000000000e+00, 0.000000000000000e+00, 6.298825164481723e+04, 1.000000000000000e-10, 1.218349095535931e+09
138, 6.049388740000000e-01, 5.396060430000000e-02, 3.872622961145107e-01, 0.000000000000000e+00, 0.000000000000000e+00, 6.297471829616876e+04, 1.000000000000000e-10, 1.219380326290387e+09
139, 6.019498206000000e-01, 5.416983050000000e-02, 3.871043743623221e-01, 0.000000000000000e+00, 0.000000000000000e+00, 6.296970362956428e+04, 1.000000000000000e-10, 1.220209193142949e+09
140, 5.989599226000000e-01, 5.436657950000000e-02, 3.869855962701061e-01, 0.000000000000000e+00, 0.000000000000000e+00, 6.296654241735024e+04, 1.000000000000000e-10, 1.220835553597773e+09
141, 5.959691164000001e-01, 5.454903410000000e-02, 3.868214098061001e-01, 0.000000000000000e+00, 0.000000000000000e+00, 6.294472697914585e+04, 1.000000000000000e-10, 1.221417853332390e+09
142, 5.929778870000000e-01, 5.472444030000000e-02, 3.867544218693766e-01, 0.000000000000000e+00, 0.000000000000000e+00, 6.293281583688509e+04, 1.000000000000000e-10, 1.221635733434275e+09
143, 5.899867137000000e-01, 5.490079730000000e-02, 3.864236304466246e-01, 0.000000000000000e+00, 0.000000000000000e+00, 6.286304287949220e+04, 1.000000000000000e-10, 1.222424902502209e+09
144, 5.869959152999999e-01, 5.508340180000000e-02, 3.861908612377233e-01, 0.000000000000000e+00, 0.000000000000000e+00, 6.281726644222626e+04, 1.000000000000000e-10, 1.223034257403116e+09
145, 5.840051705000000e-01, 5.526688670000000e-02, 3.857170886842243e-01, 0.000000000000000e+00, 0.000000000000000e+00, 6.272190631173277e+04, 1.000000000000000e-10, 1.224265001202323e+09
146, 5.810139992000000e-01, 5.544325400000000e-02, 3.854156421350253e-01, 0.000000000000000e+00, 0.000000000000000e+00, 6.265381969235703e+04, 1.000000000000000e-10, 1.224914012409152e+09
147, 5.780220176999999e-01, 5.560526350000000e-02, 3.850329340869992e-01, 0.000000000000000e+00, 0.000000000000000e+00, 6.256312424194212e+04, 1.000000000000000e-10, 1.225662690286402e+09
148, 5.750293853000000e-01, 5.575481730000000e-02, 3.846212626203861e-01, 0.000000000000000e+00, 0.000000000000000e+00, 6.245598613725568e+04, 1.000000000000000e-10, 1.226320394408573e+09
149, 5.720365281000001e-01, 5.589982500000000e-02, 3.842621768584605e-01, 0.000000000000000e+00, 0.000000000000000e+00, 6.235451434627232e+04, 1.000000000000000e-10, 1.226745868546211e+09
150, 5.690438169000001e-01, 5.604780920000000e-02, 3.839602368128183e-01, 0.000000000000000e+00, 0.000000000000000e+00, 6.226937153448660e+04, 1.000000000000000e-10, 1.227124195713942e+09
151, 5.660511873000000e-01, 5.619744060000000e-02, 3.835757009088860e-01, 0.000000000000000e+00, 0.000000000000000e+00, 6.218197416535018e+04, 1.000000000000000e-10, 1.227944945382533e+09
152, 5.630585577000000e-01, 5.634707210000000e-02, 3.826363805754465e-01, 0.000000000000000e+00, 0.000000000000000e+00, 6.198378389710582e+04, 1.000000000000000e-10, 1.230207002391444e+09
153, 5.600659280000000e-01, 5.649670360000000e-02, 3.811687663595447e-01, 0.000000000000000e+00, 0.000000000000000e+00, 6.168327643377749e+04, 1.000000000000000e-10, 1.233903439926668e+09
154, 5.570734513000000e-01, 5.664935650000000e-02, 3.798195263814331e-01, 0.000000000000000e+00, 0.000000000000000e+00, 6.140926620143882e+04, 1.000000000000000e-10, 1.237357130887080e+09
155, 5.540810301000000e-01, 5.680309730000000e-02, 3.785475443627437e-01, 0.000000000000000e+00, 0.000000000000000e+00, 6.114512537419747e+04, 1.000000000000000e-10, 1.240516341139995e+09
156, 5.510882624000000e-01, 5.694990830000000e-02, 3.775894308868837e-01, 0.000000000000000e+00, 0.000000000000000e+00, 6.093257358277765e+04, 1.000000000000000e-10, 1.242686855774191e+09
157, 5.480948308000000e-01, 5.708244870000000e-02, 3.767399646181041e-01, 0.000000000000000e+00, 0.000000000000000e+00, 6.073231091873359e+04, 1.000000000000000e-10, 1.244438568238472e+09
158, 5.451008633000000e-01, 5.720233900000000e-02, 3.761243683843855e-01, 0.000000000000000e+00, 0.000000000000000e+00, 6.057126709947552e+04, 1.000000000000000e-10, 1.245421091139191e+09
159, 5.421067085000000e-01, 5.731748330000000e-02, 3.757505679693591e-01, 0.000000000000000e+00, 0.000000000000000e+00, 6.046528216289231e+04, 1.000000000000000e-10, 1.245858833060724e+09
160, 5.391126656000000e-01, 5.743549340000000e-02, 3.755171652087547e-01, 0.000000000000000e+00, 0.000000000000000e+00, 6.039896523635601e+04, 1.000000000000000e-10, 1.246165808877301e+09
161, 5.361186917000000e-01, 5.755525230000000e-02, 3.752528645426920e-01, 0.000000000000000e+00, 0.000000000000000e+00, 6.034016435771216e+04, 1.000000000000000e-10, 1.246764134667045e+09
162, 5.331247178000000e-01, 5.767501130000000e-02, 3.746450176181456e-01, 0.000000000000000e+00, 0.000000000000000e+00, 6.021699222578336e+04, 1.000000000000000e-10, 1.248321422718909e+09
163, 5.301307440000000e-01, 5.779477020000000e-02, 3.736547284159228e-01, 0.000000000000000e+00, 0.000000000000000e+00, 6.002047114571923e+04, 1.000000000000000e-10, 1.250983517497795e+09
164, 5.271368887000000e-01, 5.791744960000000e-02, 3.729020109399308e-01, 0.000000000000000e+00, 0.000000000000000e+00, 5.987791084905770e+04, 1.000000000000000e-10, 1.253132450366005e+09
165, 5.241430848000000e-01, 5.804138270000000e-02, 3.723127655828942e-01, 0.000000000000000e+00, 0.000000000000000e+00, 5.976732545640990e+04, 1.000000000000000e-10, 1.254813498826860e+09
166, 5.211490097000000e-01, 5.815854030000000e-02, 3.720121283271056e-01, 0.000000000000000e+00, 0.000000000000000e+00, 5.970769550894423e+04, 1.000000000000000e-10, 1.255659797641273e+09
167, 5.181544149000000e-01, 5.826150360000000e-02, 3.718590014041124e-01, 0.000000000000000e+00, 0.000000000000000e+00, 5.966711903411926e+04, 1.000000000000000e-10, 1.255914694471622e+09
168, 5.151594046000000e-01, 5.835166060000000e-02, 3.718625920652199e-01, 0.000000000000000e+00, 0.000000000000000e+00, 5.964820346007511e+04, 1.000000000000000e-10, 1.255561795195808e+09
169, 5.121642494000000e-01, 5.843690760000000e-02, 3.719259945996126e-01, 0.000000000000000e+00, 0.000000000000000e+00, 5.964279207850878e+04, 1.000000000000000e-10, 1.255000150601282e+09
170, 5.091691748000000e-01, 5.852492480000000e-02, 3.720564220228000e-01, 0.000000000000000e+00, 0.000000000000000e+00, 5.965718856314019e+04, 1.000000000000000e-10, 1.254490615424438e+09
171, 5.061741541000000e-01, 5.861477540000000e-02, 3.721249636924271e-01, 0.000000000000000e+00, 0.000000000000000e+00, 5.966911588068198e+04, 1.000000000000000e-10, 1.254301990952027e+09
172, 5.031791335000000e-01, 5.870462600000000e-02, 3.719047951039082e-01, 0.000000000000000e+00, 0.000000000000000e+00, 5.963120434183110e+04, 1.000000000000000e-10, 1.255000447628860e+09
173, 5.001841129000000e-01, 5.879447660000000e-02, 3.711708268139262e-01, 0.000000000000000e+00, 0.000000000000000e+00, 5.949580490853453e+04, 1.000000000000000e-10, 1.257134986286936e+09
174, 4.971891791000000e-01, 5.888716460000000e-02, 3.704169430874897e-01, 0.000000000000000e+00, 0.000000000000000e+00, 5.935784270522455e+04, 1.000000000000000e-10, 1.259391765664377e+09
175, 4.941942883000000e-01, 5.898124000000000e-02, 3.696141070607695e-01, 0.000000000000000e+00, 0.000000000000000e+00, 5.920243984377087e+04, 1.000000000000000e-10, 1.261649418759196e+09
176, 4.911991976000000e-01, 5.906866820000000e-02, 3.689703679806884e-01, 0.000000000000000e+00, 0.000000000000000e+00, 5.906229025522331e+04, 1.000000000000000e-10, 1.263233851275055e+09
177, 4.882037299000000e-01, 5.914197000000000e-02, 3.683123104708230e-01, 0.000000000000000e+00, 0.000000000000000e+00, 5.890309870354964e+04, 1.000000000000000e-10, 1.264536219223147e+09
178, 4.852079712000000e-01, 5.920233930000000e-02, 3.677158674551228e-01, 0.000000000000000e+00, 0.000000000000000e+00, 5.874282916135342e+04, 1.000000000000000e-10, 1.265425395421163e+09
179, 4.822121140000000e-01, 5.925766320000000e-02, 3.672047119651079e-01, 0.000000000000000e+00, 0.000000000000000e+00, 5.860234455355792e+04, 1.000000000000000e-10, 1.266099933207578e+09
180, 4.792163079000000e-01, 5.931567380000000e-02, 3.667182707901447e-01, 0.000000000000000e+00, 0.000000000000000e+00, 5.847815770700257e+04, 1.000000000000000e-10, 1.266940414006313e+09
181, 4.762205389000000e-01, 5.937558920000000e-02, 3.660643861952449e-01, 0.000000000000000e+00, 0.000000000000000e+00, 5.833476862087619e+04, 1.000000000000000e-10, 1.268491987865991e+09
182, 4.732247699000000e-01, 5.943550460000000e-02, 3.649865515851231e-01, 0.000000000000000e+00, 0.000000000000000e+00, 5.810747869809281e+04, 1.000000000000000e-10, 1.271254517060084e+09
183, 4.702290009000000e-01, 5.949542000000000e-02, 3.636270860574239e-01, 0.000000000000000e+00, 0.000000000000000e+00, 5.782593193795489e+04, 1.000000000000000e-10, 1.274812464744863e+09
184, 4.672332890000000e-01, 5.955810270000000e-02, 3.624300350656731e-01, 0.000000000000000e+00, 0.000000000000000e+00, 5.758124919801055e+04, 1.000000000000000e-10, 1.278032855177626e+09
185, 4.642376084000000e-01, 5.962228340000000e-02, 3.613957362749224e-01, 0.000000000000000e+00, 0.000000000000000e+00, 5.737031569669658e+04, 1.000000000000000e-10, 1.280823966532638e+09
186, 4.612417964000000e-01, 5.967992670000000e-02, 3.607815026600187e-01, 0.000000000000000e+00, 0.000000000000000e+00, 5.723345875880437e+04, 1.000000000000000e-10, 1.282262522502422e+09
187, 4.582457490000000e-01, 5.972350630000000e-02, 3.604667920876043e-01, 0.000000000000000e+00, 0.000000000000000e+00, 5.714464328509421e+04, 1.000000000000000e-10, 1.282630390370069e+09
188, 4.552495377000000e-01, 5.975405020000000e-02, 3.604272837255011e-01, 0.000000000000000e+00, 0.000000000000000e+00, 5.710482519820279e+04, 1.000000000000000e-10, 1.282135222445276e+09
189, 4.522532772000000e-01, 5.977943380000000e-02, 3.604870793027842e-01, 0.000000000000000e+00, 0.000000000000000e+00, 5.709447199140969e+04, 1.000000000000000e-10, 1.281551663583719e+09
190, 4.492570403000000e-01, 5.980742960000000e-02, 3.605835471801934e-01, 0.000000000000000e+00, 0.000000000000000e+00, 5.710469345219070e+04, 1.000000000000000e-10, 1.281114246800584e+09
191, 4.462608221000000e-01, 5.983739180000000e-02, 3.606729498512182e-01, 0.000000000000000e+00, 0.000000000000000e+00, 5.713028805335655e+04, 1.000000000000000e-10, 1.281034761630744e+09
192, 4.432646038000000e-01, 5.986735400000000e-02, 3.607110984853106e-01, 0.000000000000000e+00, 0.000000000000000e+00, 5.715044343106594e+04, 1.000000000000000e-10, 1.281162942769941e+09
193, 4.402683855000000e-01, 5.989731610000000e-02, 3.607916127031344e-01, 0.000000000000000e+00, 0.000000000000000e+00, 5.717024419796547e+04, 1.000000000000000e-10, 1.280957337870118e+09
194, 4.372721672000000e-01, 5.992727830000000e-02, 3.608885852883327e-01, 0.000000000000000e+00, 0.000000000000000e+00, 5.718651471283464e+04, 1.000000000000000e-10, 1.280630528854686e+09
195, 4.342759490000000e-01, 5.995724050000000e-02, 3.610008723028474e-01, 0.000000000000000e+00, 0.000000000000000e+00, 5.720468490402047e+04, 1.000000000000000e-10, 1.280284808977098e+09
196, 4.312797307000000e-01, 5.998720270000000e-02, 3.611082757120406e-01, 0.000000000000000e+00, 0.000000000000000e+00, 5.722590079340998e+04, 1.000000000000000e-10, 1.279982238289049e+09
197, 4.282835251000000e-01, 6.001838500000000e-02, 3.612772021727033e-01, 0.000000000000000e+00, 0.000000000000000e+00, 5.726969489845035e+04, 1.000000000000000e-10, 1.279679953812016e+09
198, 4.252873570000000e-01, 6.005299780000000e-02, 3.614875086605600e-01, 0.000000000000000e+00, 0.000000000000000e+00, 5.733899727083242e+04, 1.000000000000000e-10, 1.279605463619745e+09
199, 4.222911490000000e-01, 6.008389620000000e-02, 3.617972022642496e-01, 0.000000000000000e+00, 0.000000000000000e+00, 5.743186651821827e+04, 1.000000000000000e-10, 1.279321932322538e+09
200, 4.192948456000000e-01, 6.010304610000000e-02, 3.623704281013783e-01, 0.000000000000000e+00, 0.000000000000000e+00, 5.756252976457030e+04, 1.000000000000000e-10, 1.278062309839732e+09
201, 4.162984826000000e-01, 6.010734210000000e-02, 3.632403389645933e-01, 0.000000000000000e+00, 0.000000000000000e+00, 5.773713528842718e+04, 1.000000000000000e-10, 1.275640195396085e+09
202, 4.133021170000000e-01, 6.010365170000000e-02, 3.643099922475381e-01, 0.000000000000000e+00, 0.000000000000000e+00, 5.794805648519297e+04, 1.000000000000000e-10, 1.272642672243530e+09
203, 4.103057513000000e-01, 6.010004530000000e-02, 3.654096073463274e-01, 0.000000000000000e+00, 0.000000000000000e+00, 5.817281743690802e+04, 1.000000000000000e-10, 1.269718767519622e+09
204, 4.073093833000000e-01, 6.010000000000000e-02, 3.663617410949520e-01, 0.000000000000000e+00, 0.000000000000000e+00, 5.837840257149086e+04, 1.000000000000000e-10, 1.267394712753859e+09
205, 4.043130152000000e-01, 6.010000000000000e-02, 3.671815483178091e-01, 0.000000000000000e+00, 0.000000000000000e+00, 5.855825383179756e+04, 1.000000000000000e-10, 1.265449970045668e+09
206, 4.013166471000000e-01, 6.010000000000000e-02, 3.678323520283212e-01, 0.000000000000000e+00, 0.000000000000000e+00, 5.870072245675400e+04, 1.000000000000000e-10, 1.263903796607305e+09
207, 3.983202790000000e-01, 6.010000000000000e-02, 3.682506444355262e-01, 0.000000000000000e+00, 0.000000000000000e+00, 5.879935609032783e+04, 1.000000000000000e-10, 1.263037713801625e+09
208, 3.953239109000000e-01, 6.010000000000000e-02, 3.685422933596393e-01, 0.000000000000000e+00, 0.000000000000000e+00, 5.887080090198456e+04, 1.000000000000000e-10, 1.262481849236895e+09
209, 3.923275428000000e-01, 6.010000000000000e-02, 3.687418412824089e-01, 0.000000000000000e+00, 0.000000000000000e+00, 5.892305250724461e+04, 1.000000000000000e-10, 1.262161576722308e+09
210, 3.893311748000000e-01, 6.010020870000000e-02, 3.688465406943935e-01, 0.000000000000000e+00, 0.000000000000000e+00, 5.896083238742591e+04, 1.000000000000000e-10, 1.262177877487332e+09
211, 3.863348096000000e-01, 6.010425500000000e-02, 3.688798738360114e-01, 0.000000000000000e+00, 0.000000000000000e+00, 5.899273269884200e+04, 1.000000000000000e-10, 1.262536606850945e+09
212, 3.833384435000000e-01, 6.010740740000000e-02, 3.689125139408922e-01, 0.000000000000000e+00, 0.000000000000000e+00, 5.902621500017617e+04, 1.000000000000000e-10, 1.262927412102206e+09
213, 3.803420834000000e-01, 6.010159540000000e-02, 3.690218144473629e-01, 0.000000000000000e+00, 0.000000000000000e+00, 5.906265488239636e+04, 1.000000000000000e-10, 1.262894079704005e+09
214, 3.773457918000000e-01, 6.008061910000000e-02, 3.691639085073656e-01, 0.000000000000000e+00, 0.000000000000000e+00, 5.908856674089874e+04, 1.000000000000000e-10, 1.262464261958007e+09
215, 3.743495929000000e-01, 6.004884090000000e-02, 3.692745381915381e-01, 0.000000000000000e+00, 0.000000000000000e+00, 5.909625521799920e+04, 1.000000000000000e-10, 1.261907128239816e+09
216, 3.713534236000000e-01, 6.001432620000000e-02, 3.693673093530128e-01, 0.000000000000000e+00, 0.000000000000000e+00, 5.909534644736705e+04, 1.000000000000000e-10, 1.261310691105107e+09
217, 3.683572136000000e-01, 5.998357210000000e-02, 3.693235079472357e-01, 0.000000000000000e+00, 0.000000000000000e+00, 5.907525439212486e+04, 1.000000000000000e-10, 1.261228091087491e+09
218, 3.653609953000000e-01, 5.995361000000000e-02, 3.691381586284105e-01, 0.000000000000000e+00, 0.000000000000000e+00, 5.903420061907786e+04, 1.000000000000000e-10, 1.261681405539483e+09
219, 3.623647770000000e-01, 5.992364780000000e-02, 3.688215222157016e-01, 0.000000000000000e+00, 0.000000000000000e+00, 5.896734539897738e+04, 1.000000000000000e-10, 1.262475935715496e+09
220, 3.593685587000000e-01, 5.989368560000000e-02, 3.683780915395495e-01, 0.000000000000000e+00, 0.000000000000000e+00, 5.886782046075859e+04, 1.000000000000000e-10, 1.263484777565087e+09
221, 3.563723404000000e-01, 5.986372340000000e-02, 3.678098880823824e-01, 0.000000000000000e+00, 0.000000000000000e+00, 5.873359769243866e+04, 1.000000000000000e-10, 1.264659227909132e+09
222, 3.533761221000000e-01, 5.983376120000000e-02, 3.669787838488258e-01, 0.000000000000000e+00, 0.000000000000000e+00, 5.854292829028333e+04, 1.000000000000000e-10, 1.266440613993017e+09
223, 3.503799039000000e-01, 5.980379900000000e-02, 3.658565171585813e-01, 0.000000000000000e+00, 0.000000000000000e+00, 5.830018229247178e+04, 1.000000000000000e-10, 1.269171573197172e+09
224, 3.473836618000000e-01, 5.977636380000000e-02, 3.645481348495401e-01, 0.000000000000000e+00, 0.000000000000000e+00, 5.803422850847915e+04, 1.000000000000000e-10, 1.272695404443825e+09
225, 3.443874030000000e-01, 5.975078450000000e-02, 3.631048680482752e-01, 0.000000000000000e+00, 0.000000000000000e+00, 5.774991045878778e+04, 1.000000000000000e-10, 1.276784193129184e+09
226, 3.413912043000000e-01, 5.971906720000000e-02, 3.618882142047814e-01, 0.000000000000000e+00, 0.000000000000000e+00, 5.749830243262630e+04, 1.000000000000000e-10, 1.279999768603988e+09
227, 3.383951856000000e-01, 5.967355900000000e-02, 3.609164609741688e-01, 0.000000000000000e+00, 0.000000000000000e+00, 5.727594355156478e+04, 1.000000000000000e-10, 1.282113263787203e+09
228, 3.353993970000000e-01, 5.961469410000000e-02, 3.602309402545784e-01, 0.000000000000000e+00, 0.000000000000000e+00, 5.709916765949260e+04, 1.000000000000000e-10, 1.283353145653171e+09
229, 3.324037216000000e-01, 5.955026900000000e-02, 3.597016165933524e-01, 0.000000000000000e+00, 0.000000000000000e+00, 5.696273201464858e+04, 1.000000000000000e-10, 1.284254713302215e+09
230, 3.294079977000000e-01, 5.948816000000000e-02, 3.592053407349529e-01, 0.000000000000000e+00, 0.000000000000000e+00, 5.684931946401206e+04, 1.000000000000000e-10, 1.285372801352083e+09
231, 3.264122288000000e-01, 5.942824460000000e-02, 3.586099591900412e-01, 0.000000000000000e+00, 0.000000000000000e+00, 5.672962413084719e+04, 1.000000000000000e-10, 1.287014262725505e+09
232, 3.234164598000000e-01, 5.936832920000000e-02, 3.579624279334608e-01, 0.000000000000000e+00, 0.000000000000000e+00, 5.660077736287779e+04, 1.000000000000000e-10, 1.288807985314633e+09
233, 3.204206908000000e-01, 5.930841380000000e-02, 3.572048412737166e-01, 0.000000000000000e+00, 0.000000000000000e+00, 5.643558174629630e+04, 1.000000000000000e-10, 1.290675490825381e+09
234, 3.174249218000000e-01, 5.924849840000000e-02, 3.562041164394904e-01, 0.000000000000000e+00, 0.000000000000000e+00, 5.620744692973531e+04, 1.000000000000000e-10, 1.292957999531047e+09
235, 3.144291528000000e-01, 5.918858310000000e-02, 3.551031898670003e-01, 0.000000000000000e+00, 0.000000000000000e+00, 5.594765498809474e+04, 1.000000000000000e-10, 1.295313309236929e+09
236, 3.114333838000000e-01, 5.912866770000000e-02, 3.540629838981391e-01, 0.000000000000000e+00, 0.000000000000000e+00, 5.570753685576934e+04, 1.000000000000000e-10, 1.297636725556638e+09
237, 3.084375946000000e-01, 5.906978170000000e-02, 3.529781172521501e-01, 0.000000000000000e+00, 0.000000000000000e+00, 5.548136467570311e+04, 1.000000000000000e-10, 1.300526936380373e+09
238, 3.054417368000000e-01, 5.901448810000000e-02, 3.519390189905400e-01, 0.000000000000000e+00, 0.000000000000000e+00, 5.528684874119921e+04, 1.000000000000000e-10, 1.303753971155442e+09
239, 3.024459424000000e-01, 5.895589760000000e-02, 3.510553678319083e-01, 0.000000000000000e+00, 0.000000000000000e+00, 5.513023255537367e+04, 1.000000000000000e-10, 1.306711096669139e+09
240, 2.994503937000000e-01, 5.888596610000000e-02, 3.503726824184784e-01, 0.000000000000000e+00, 0.000000000000000e+00, 5.500450094007996e+04, 1.000000000000000e-10, 1.308888992084945e+09
241, 2.964552315000000e-01, 5.880104250000000e-02, 3.499360647283931e-01, 0.000000000000000e+00, 0.000000000000000e+00, 5.490700562690386e+04, 1.000000000000000e-10, 1.309952980863134e+09
242, 2.934603172000000e-01, 5.870772480000000e-02, 3.496004868691329e-01, 0.000000000000000e+00, 0.000000000000000e+00, 5.482407763324106e+04, 1.000000000000000e-10, 1.310605692838013e+09
243, 2.904654134000000e-01, 5.861406570000000e-02, 3.494331584786826e-01, 0.000000000000000e+00, 0.000000000000000e+00, 5.478466188544203e+04, 1.000000000000000e-10, 1.310943673490831e+09
244, 2.874703256000000e-01, 5.852650000000000e-02, 3.491652860914267e-01, 0.000000000000000e+00, 0.000000000000000e+00, 5.474570764451069e+04, 1.000000000000000e-10, 1.312011255900148e+09
245, 2.844751753000000e-01, 5.844108520000000e-02, 3.488793206185306e-01, 0.000000000000000e+00, 0.000000000000000e+00, 5.472190285915412e+04, 1.000000000000000e-10, 1.313513377731165e+09
246, 2.814802001000000e-01, 5.834977820000000e-02, 3.487277166682179e-01, 0.000000000000000e+00, 0.000000000000000e+00, 5.471151416910132e+04, 1.000000000000000e-10, 1.314353815908434e+09
247, 2.784856726000000e-01, 5.824487900000000e-02, 3.490354836676495e-01, 0.000000000000000e+00, 0.000000000000000e+00, 5.475765972741789e+04, 1.000000000000000e-10, 1.313151992277932e+09
248, 2.754916466000000e-01, 5.812646400000000e-02, 3.498421419727900e-01, 0.000000000000000e+00, 0.000000000000000e+00, 5.488669252967611e+04, 1.000000000000000e-10, 1.310196381622154e+09
249, 2.724978541000000e-01, 5.800225460000000e-02, 3.508204482192588e-01, 0.000000000000000e+00, 0.000000000000000e+00, 5.505743018762904e+04, 1.000000000000000e-10, 1.306884878426554e+09
250, 2.695039750000000e-01, 5.788015900000000e-02, 3.515961097331434e-01, 0.000000000000000e+00, 0.000000000000000e+00, 5.521803408373032e+04, 1.000000000000000e-10, 1.304745642974288e+09
251, 2.665100011000000e-01, 5.776040000000000e-02, 3.519310343789197e-01, 0.000000000000000e+00, 0.000000000000000e+00, 5.530647844464570e+04, 1.000000000000000e-10, 1.304209991217437e+09
252, 2.635160273000000e-01, 5.764064110000000e-02, 3.523373731710991e-01, 0.000000000000000e+00, 0.000000000000000e+00, 5.540001821456094e+04, 1.000000000000000e-10, 1.303278653341902e+09
253, 2.605220534000000e-01, 5.752088210000000e-02, 3.525378366418063e-01, 0.000000000000000e+00, 0.000000000000000e+00, 5.544198437264050e+04, 1.000000000000000e-10, 1.302742538355655e+09
254, 2.575280795000000e-01, 5.740112320000000e-02, 3.527352616464277e-01, 0.000000000000000e+00, 0.000000000000000e+00, 5.547796299980205e+04, 1.000000000000000e-10, 1.302110026326953e+09
255, 2.545341057000000e-01, 5.728136420000000e-02, 3.529603375094130e-01, 0.000000000000000e+00, 0.000000000000000e+00, 5.552135592396479e+04, 1.000000000000000e-10, 1.301450707297664e+09
256, 2.515401318000000e-01, 5.716160530000000e-02, 3.533123344446982e-01, 0.000000000000000e+00, 0.000000000000000e+00, 5.559834789827429e+04, 1.000000000000000e-10, 1.300576410676848e+09
257, 2.485461222000000e-01, 5.704274810000000e-02, 3.538682406735352e-01, 0.000000000000000e+00, 0.000000000000000e+00, 5.572876872279026e+04, 1.000000000000000e-10, 1.299345683268930e+09
258, 2.455519687000000e-01, 5.692757100000000e-02, 3.541052185108181e-01, 0.000000000000000e+00, 0.000000000000000e+00, 5.583462231792101e+04, 1.000000000000000e-10, 1.299817368102587e+09
259, 2.425579324000000e-01, 5.680940080000000e-02, 3.541348068604965e-01, 0.000000000000000e+00, 0.000000000000000e+00, 5.591743800187358e+04, 1.000000000000000e-10, 1.301244069242218e+09
260, 2.395643498000000e-01, 5.668030080000000e-02, 3.544628525163448e-01, 0.000000000000000e+00, 0.000000000000000e+00, 5.604038353623813e+04, 1.000000000000000e-10, 1.301417884057838e+09
261, 2.365712773000000e-01, 5.653982940000000e-02, 3.553664762719110e-01, 0.000000000000000e+00, 0.000000000000000e+00, 5.624351126473282e+04, 1.000000000000000e-10, 1.299221475368097e+09
262, 2.335786376000000e-01, 5.639042170000000e-02, 3.565825196594909e-01, 0.000000000000000e+00, 0.000000000000000e+00, 5.649629908619560e+04, 1.000000000000000e-10, 1.295921620526447e+09
263, 2.305864572000000e-01, 5.623208320000000e-02, 3.578185717342935e-01, 0.000000000000000e+00, 0.000000000000000e+00, 5.675997030973827e+04, 1.000000000000000e-10, 1.292812055681511e+09
264, 2.275948873000000e-01, 5.606262990000000e-02, 3.596642521461479e-01, 0.000000000000000e+00, 0.000000000000000e+00, 5.712557842634455e+04, 1.000000000000000e-10, 1.287545237610445e+09
265, 2.246039719000000e-01, 5.588195720000000e-02, 3.618942643270343e-01, 0.000000000000000e+00, 0.000000000000000e+00, 5.756180433527610e+04, 1.000000000000000e-10, 1.281120496886943e+09
266, 2.216132630000000e-01, 5.569788720000000e-02, 3.637494619416596e-01, 0.000000000000000e+00, 0.000000000000000e+00, 5.794165324914049e+04, 1.000000000000000e-10, 1.276140629383233e+09
267, 2.186223396000000e-01, 5.551734040000000e-02, 3.651328687585164e-01, 0.000000000000000e+00, 0.000000000000000e+00, 5.825900557589561e+04, 1.000000000000000e-10, 1.273084107495014e+09
268, 2.156313504000000e-01, 5.533788100000000e-02, 3.664290304326159e-01, 0.000000000000000e+00, 0.000000000000000e+00, 5.856419473717012e+04, 1.000000000000000e-10, 1.270355774683218e+09
269, 2.126403613000000e-01, 5.515842170000000e-02, 3.677378966263419e-01, 0.000000000000000e+00, 0.000000000000000e+00, 5.887269298330240e+04, 1.000000000000000e-10, 1.267591707650953e+09
270, 2.096493686000000e-01, 5.497902140000000e-02, 3.693535214074872e-01, 0.000000000000000e+00, 0.000000000000000e+00, 5.924933167555811e+04, 1.000000000000000e-10, 1.264128752574798e+09
271, 2.066581632000000e-01, 5.480320770000000e-02, 3.704328576840784e-01, 0.000000000000000e+00, 0.000000000000000e+00, 5.954252035094387e+04, 1.000000000000000e-10, 1.262559591568630e+09
272, 2.036669592000000e-01, 5.462737120000000e-02, 3.712785868804904e-01, 0.000000000000000e+00, 0.000000000000000e+00, 5.979713564343435e+04, 1.000000000000000e-10, 1.261751168767826e+09
273, 2.006762392000000e-01, 5.444351370000000e-02, 3.722965433674408e-01, 0.000000000000000e+00, 0.000000000000000e+00, 6.006254906227528e+04, 1.000000000000000e-10, 1.260081161623250e+09
274, 1.976864651000000e-01, 5.424488690000000e-02, 3.740259897963283e-01, 0.000000000000000e+00, 0.000000000000000e+00, 6.042856046829057e+04, 1.000000000000000e-10, 1.255730631049603e+09
275, 1.946974808000000e-01, 5.403467400000000e-02, 3.759799383472576e-01, 0.000000000000000e+00, 0.000000000000000e+00, 6.082815282966157e+04, 1.000000000000000e-10, 1.250646018070809e+09
276, 1.917087537000000e-01, 5.382082320000000e-02, 3.774838150457003e-01, 0.000000000000000e+00, 0.000000000000000e+00, 6.115150293938900e+04, 1.000000000000000e-10, 1.247036185687101e+09
277, 1.887197351000000e-01, 5.361109610000000e-02, 3.789703962911040e-01, 0.000000000000000e+00, 0.000000000000000e+00, 6.149304811273760e+04, 1.000000000000000e-10, 1.243832132587811e+09
278, 1.857303707000000e-01, 5.340634910000000e-02, 3.800350853281760e-01, 0.000000000000000e+00, 0.000000000000000e+00, 6.178529475197246e+04, 1.000000000000000e-10, 1.242336789341755e+09
279, 1.827411789000000e-01, 5.319910420000000e-02, 3.807516848376165e-01, 0.000000000000000e+00, 0.000000000000000e+00, 6.201671126361750e+04, 1.000000000000000e-10, 1.241871564827386e+09
280, 1.797527313000000e-01, 5.298142430000000e-02, 3.817213952497938e-01, 0.000000000000000e+00, 0.000000000000000e+00, 6.228303287760251e+04, 1.000000000000000e-10, 1.240506717531329e+09
281, 1.767651486000000e-01, 5.275215400000000e-02, 3.832562857837452e-01, 0.000000000000000e+00, 0.000000000000000e+00, 6.263490473187790e+04, 1.000000000000000e-10, 1.237204923804543e+09
282, 1.737782598000000e-01, 5.251401450000000e-02, 3.848622149850884e-01, 0.000000000000000e+00, 0.000000000000000e+00, 6.299485680215889e+04, 1.000000000000000e-10, 1.233620311531984e+09
283, 1.707920907000000e-01, 5.226701400000000e-02, 3.862523822874467e-01, 0.000000000000000e+00, 0.000000000000000e+00, 6.331881124020750e+04, 1.000000000000000e-10, 1.230728418562335e+09
284, 1.678068289000000e-01, 5.200929790000000e-02, 3.877573898441272e-01, 0.000000000000000e+00, 0.000000000000000e+00, 6.365007783469297e+04, 1.000000000000000e-10, 1.227287214082273e+09
285, 1.648225830000000e-01, 5.174005310000000e-02, 3.894944704297451e-01, 0.000000000000000e+00, 0.000000000000000e+00, 6.400722870968802e+04, 1.000000000000000e-10, 1.222949482139247e+09
286, 1.618386948000000e-01, 5.146686210000000e-02, 3.906953079932027e-01, 0.000000000000000e+00, 0.000000000000000e+00, 6.425848004952304e+04, 1.000000000000000e-10, 1.220068900189616e+09
287, 1.588544609000000e-01, 5.119748250000000e-02, 3.917519251575772e-01, 0.000000000000000e+00, 0.000000000000000e+00, 6.449824596297104e+04, 1.000000000000000e-10, 1.217806063289989e+09
288, 1.558697631000000e-01, 5.093328530000000e-02, 3.924325690362870e-01, 0.000000000000000e+00, 0.000000000000000e+00, 6.469366578170782e+04, 1.000000000000000e-10, 1.217001757312476e+09
289, 1.528852535000000e-01, 5.066697530000000e-02, 3.928609095689556e-01, 0.000000000000000e+00, 0.000000000000000e+00, 6.485045469860383e+04, 1.000000000000000e-10, 1.217008310816481e+09
290, 1.499016570000000e-01, 5.039064780000000e-02, 3.934664311903139e-01, 0.000000000000000e+00, 0.000000000000000e+00, 6.502406401084243e+04, 1.000000000000000e-10, 1.216253803263904e+09
291, 1.469194872000000e-01, 5.009932340000000e-02, 3.943785112248201e-01, 0.000000000000000e+00, 0.000000000000000e+00, 6.522500219199453e+04, 1.000000000000000e-10, 1.214211160840761e+09
292, 1.439382559000000e-01, 4.979852640000000e-02, 3.950906878396018e-01, 0.000000000000000e+00, 0.000000000000000e+00, 6.537802449869118e+04, 1.000000000000000e-10, 1.212545395318820e+09
293, 1.409571857000000e-01, 4.949613280000000e-02, 3.953645754982185e-01, 0.000000000000000e+00, 0.000000000000000e+00, 6.545040594139017e+04, 1.000000000000000e-10, 1.212081970126601e+09
294, 1.379755682000000e-01, 4.919919110000000e-02, 3.952753223358730e-01, 0.000000000000000e+00, 0.000000000000000e+00, 6.547538544046379e+04, 1.000000000000000e-10, 1.212975363100232e+09
295, 1.349936162000000e-01, 4.890561960000000e-02, 3.949722281757547e-01, 0.000000000000000e+00, 0.000000000000000e+00, 6.548990463709959e+04, 1.000000000000000e-10, 1.214909365431328e+09
296, 1.320121036000000e-01, 4.860762960000000e-02, 3.945455782249661e-01, 0.000000000000000e+00, 0.000000000000000e+00, 6.548174560975746e+04, 1.000000000000000e-10, 1.217191591275829e+09
297, 1.290317925000000e-01, 4.829786950000000e-02, 3.942130821663652e-01, 0.000000000000000e+00, 0.000000000000000e+00, 6.546621145680692e+04, 1.000000000000000e-10, 1.218825816174478e+09
298, 1.260525769000000e-01, 4.797772950000000e-02, 3.938631166590285e-01, 0.000000000000000e+00, 0.000000000000000e+00, 6.542473479751460e+04, 1.000000000000000e-10, 1.220155968289340e+09
299, 1.230743167000000e-01, 4.764882070000000e-02, 3.934768277596254e-01, 0.000000000000000e+00, 0.000000000000000e+00, 6.535916605544910e+04, 1.000000000000000e-10, 1.221347848716013e+09
300, 1.200970366000000e-01, 4.731115450000000e-02, 3.931102296841006e-01, 0.000000000000000e+00, 0.000000000000000e+00, 6.528024784667334e+04, 1.000000000000000e-10, 1.222209529482856e+09
301, 1.171207615000000e-01, 4.696474260000000e-02, 3.927408055838454e-01, 0.000000000000000e+00, 0.000000000000000e+00, 6.519086883668212e+04, 1.000000000000000e-10, 1.222926387972636e+09
302, 1.141455159000000e-01, 4.660959680000000e-02, 3.923094657717683e-01, 0.000000000000000e+00, 0.000000000000000e+00, 6.508737916968714e+04, 1.000000000000000e-10, 1.223769375187137e+09
303, 1.111713243000000e-01, 4.624572950000000e-02, 3.917796091786350e-01, 0.000000000000000e+00, 0.000000000000000e+00, 6.496425264600915e+04, 1.000000000000000e-10, 1.224877792877167e+09
304, 1.081982111000000e-01, 4.587315320000000e-02, 3.911068756751838e-01, 0.000000000000000e+00, 0.000000000000000e+00, 6.481580209455881e+04, 1.000000000000000e-10, 1.226421100223915e+09
305, 1.052262005000000e-01, 4.549188050000000e-02, 3.902341908482766e-01, 0.000000000000000e+00, 0.000000000000000e+00, 6.463801316203286e+04, 1.000000000000000e-10, 1.228644659918067e+09
306, 1.022553168000000e-01, 4.510192450000000e-02, 3.891012238441169e-01, 0.000000000000000e+00, 0.000000000000000e+00, 6.442996856453347e+04, 1.000000000000000e-10, 1.231864326638223e+09
307, 9.928555240000000e-02, 4.470353130000000e-02, 3.876758737832294e-01, 0.000000000000000e+00, 0.000000000000000e+00, 6.419053297413637e+04, 1.000000000000000e-10, 1.236339265844631e+09
308, 9.631645150000000e-02, 4.430022190000000e-02, 3.861687426187836e-01, 0.000000000000000e+00, 0.000000000000000e+00, 6.395110859653366e+04, 1.000000000000000e-10, 1.241326264324800e+09
309, 9.334866629999999e-02, 4.388735710000000e-02, 3.845126712364986e-01, 0.000000000000000e+00, 0.000000000000000e+00, 6.369466682244826e+04, 1.000000000000000e-10, 1.246983829075567e+09
310, 9.038333000000000e-02, 4.345728190000000e-02, 3.828280038807694e-01, 0.000000000000000e+00, 0.000000000000000e+00, 6.341802014590611e+04, 1.000000000000000e-10, 1.252514682634369e+09
311, 8.742106760000000e-02, 4.300650920000000e-02, 3.812108844511841e-01, 0.000000000000000e+00, 0.000000000000000e+00, 6.312072108200500e+04, 1.000000000000000e-10, 1.257327844491255e+09
312, 8.446147179999999e-02, 4.253854550000000e-02, 3.799737397212403e-01, 0.000000000000000e+00, 0.000000000000000e+00, 6.285787988719079e+04, 1.000000000000000e-10, 1.260484412843538e+09
313, 8.150462410000001e-02, 4.205352220000000e-02, 3.789963028264765e-01, 0.000000000000000e+00, 0.000000000000000e+00, 6.262443715627710e+04, 1.000000000000000e-10, 1.262543491226255e+09
314, 7.855061400000000e-02, 4.155150370000000e-02, 3.781294706052843e-01, 0.000000000000000e+00, 0.000000000000000e+00, 6.241075744204079e+04, 1.000000000000000e-10, 1.264257171302290e+09
315, 7.559953120000000e-02, 4.103255620000000e-02, 3.772506973824079e-01, 0.000000000000000e+00, 0.000000000000000e+00, 6.220724937155357e+04, 1.000000000000000e-10, 1.266197667020694e+09
316, 7.265146290000001e-02, 4.049674770000000e-02, 3.762517873667893e-01, 0.000000000000000e+00, 0.000000000000000e+00, 6.200571904045415e+04, 1.000000000000000e-10, 1.268977717576464e+09
317, 6.970648800000000e-02, 3.994418840000000e-02, 3.750391212034015e-01, 0.000000000000000e+00, 0.000000000000000e+00, 6.179236993237957e+04, 1.000000000000000e-10, 1.272851488893652e+09
318, 6.676405530000000e-02, 3.937824060000000e-02, 3.737353399329896e-01, 0.000000000000000e+00, 0.000000000000000e+00, 6.158302215496831e+04, 1.000000000000000e-10, 1.277385362504566e+09
319, 6.382483080000000e-02, 3.879587770000000e-02, 3.722731382717820e-01, 0.000000000000000e+00, 0.000000000000000e+00, 6.136831261616419e+04, 1.000000000000000e-10, 1.282816291343509e+09
320, 6.089039250000000e-02, 3.818988410000000e-02, 3.707910738645726e-01, 0.000000000000000e+00, 0.000000000000000e+00, 6.115348263590732e+04, 1.000000000000000e-10, 1.288457498116890e+09
321, 5.796159620000000e-02, 3.755716460000000e-02, 3.693197036055834e-01, 0.000000000000000e+00, 0.000000000000000e+00, 6.092641237754196e+04, 1.000000000000000e-10, 1.293863833309222e+09
322, 5.503766030000000e-02, 3.690236230000000e-02, 3.679993441546149e-01, 0.000000000000000e+00, 0.000000000000000e+00, 6.073114097935106e+04, 1.000000000000000e-10, 1.298903709641492e+09
323, 5.212020500000000e-02, 3.621928960000000e-02, 3.665970529740906e-01, 0.000000000000000e+00, 0.000000000000000e+00, 6.051583356753379e+04, 1.000000000000000e-10, 1.304163469888751e+09
324, 4.921095930000000e-02, 3.550206810000000e-02, 3.649693981115913e-01, 0.000000000000000e+00, 0.000000000000000e+00, 6.024278531028679e+04, 1.000000000000000e-10, 1.309901434395700e+09
325, 4.630834710000000e-02, 3.475842740000000e-02, 3.633210900972969e-01, 0.000000000000000e+00, 0.000000000000000e+00, 5.997528009152351e+04, 1.000000000000000e-10, 1.315926801691134e+09
326, 4.341443290000000e-02, 3.398167710000000e-02, 3.617568672323134e-01, 0.000000000000000e+00, 0.000000000000000e+00, 5.972502445390185e+04, 1.000000000000000e-10, 1.321729731595568e+09
327, 4.053329480000000e-02, 3.315886600000000e-02, 3.604806608071707e-01, 0.000000000000000e+00, 0.000000000000000e+00, 5.953534653349050e+04, 1.000000000000000e-10, 1.326821138620628e+09
328, 3.766462370000000e-02, 3.229347590000000e-02, 3.597298065748980e-01, 0.000000000000000e+00, 0.000000000000000e+00, 5.945719037337061e+04, 1.000000000000000e-10, 1.330436163562266e+09
329, 3.480664810000000e-02, 3.139349160000000e-02, 3.593080045414506e-01, 0.000000000000000e+00, 0.000000000000000e+00, 5.946655829605886e+04, 1.000000000000000e-10, 1.333459215695897e+09
330, 3.196977470000000e-02, 3.042923390000000e-02, 3.592606559624307e-01, 0.000000000000000e+00, 0.000000000000000e+00, 5.955252702207567e+04, 1.000000000000000e-10, 1.335229372845894e+09
331, 2.916436760000000e-02, 2.937700070000000e-02, 3.597148585968522e-01, 0.000000000000000e+00, 0.000000000000000e+00, 5.975146927314864e+04, 1.000000000000000e-10, 1.335819375309964e+09
332, 2.638083370000000e-02, 2.826801140000000e-02, 3.611199023205803e-01, 0.000000000000000e+00, 0.000000000000000e+00, 6.007579650673910e+04, 1.000000000000000e-10, 1.332281490443142e+09
333, 2.362898530000000e-02, 2.708283520000000e-02, 3.635164594169465e-01, 0.000000000000000e+00, 0.000000000000000e+00, 6.054150648284225e+04, 1.000000000000000e-10, 1.324601386478194e+09
334, 2.092840090000000e-02, 2.578537860000000e-02, 3.666370027680103e-01, 0.000000000000000e+00, 0.000000000000000e+00, 6.119731573544817e+04, 1.000000000000000e-10, 1.315491660109511e+09
335, 1.829564720000000e-02, 2.435529470000000e-02, 3.705146222984413e-01, 0.000000000000000e+00, 0.000000000000000e+00, 6.202982382946531e+04, 1.000000000000000e-10, 1.305088721956070e+09
336, 1.571975790000000e-02, 2.282485310000000e-02, 3.747184327197680e-01, 0.000000000000000e+00, 0.000000000000000e+00, 6.276889922039729e+04, 1.000000000000000e-10, 1.291043599852482e+09
337, 1.319128670000000e-02, 2.121724900000000e-02, 3.849356584201520e-01, 0.000000000000000e+00, 0.000000000000000e+00, 6.474137573687488e+04, 1.000000000000000e-10, 1.260949025446974e+09
338, 1.071855140000000e-02, 1.952532850000000e-02, 3.942647229197122e-01, 0.000000000000000e+00, 0.000000000000000e+00, 6.636039148017589e+04, 1.000000000000000e-10, 1.231865056758935e+09
339, 8.357752600000001e-03, 1.768194770000000e-02, 4.149581205958372e-01, 0.000000000000000e+00, 0.000000000000000e+00, 7.097618549526721e+04, 1.000000000000000e-10, 1.185113222528892e+09
340, 6.234852000000000e-03, 1.557056300000000e-02, 4.242351073885454e-01, 0.000000000000000e+00, 0.000000000000000e+00, 7.239100801020212e+04, 1.000000000000000e-10, 1.155499907486899e+09
341, 4.319046800000000e-03, 1.326691890000000e-02, 4.518499528828310e-01, 0.000000000000000e+00, 0.000000000000000e+00, 7.827749206179789e+04, 1.000000000000000e-10, 1.098336457687578e+09
342, 2.659048500000000e-03, 1.078063400000000e-02, 4.585553248430421e-01, 0.000000000000000e+00, 0.000000000000000e+00, 7.883054662063632e+04, 1.000000000000000e-10, 1.076053270420366e+09
343, 1.585549600000000e-03, 7.986006000000000e-03, 4.930821629243715e-01, 0.000000000000000e+00, 0.000000000000000e+00, 8.633309853155757e+04, 1.000000000000000e-10, 1.015728927603897e+09
344, 7.472436000000000e-04, 5.109934500000000e-03, 5.042637074780837e-01, 0.000000000000000e+00, 0.000000000000000e+00, 8.790829624174013e+04, 1.000000000000000e-10, 9.897102414387021e+08
345, 1.626159000000000e-04, 2.172660000000000e-03, 5.186204933024239e-01, 0.000000000000000e+00, 0.000000000000000e+00, 9.061754879011273e+04, 1.000000000000000e-10, 9.639240722514498e+08
346, 2.551370000000000e-05, -8.154233000000000e-04, 5.239010988900699e-01, 0.000000000000000e+00, 0.000000000000000e+00, 9.159891952908444e+04, 1.000000000000000e-10, 9.536789106572754e+08
347, 4.418631000000000e-04, -3.780176900000000e-03, 5.149259686431445e-01, 0.000000000000000e+00, 0.000000000000000e+00, 8.953715029172390e+04, 1.000000000000000e-10, 9.676684797258904e+08
348, 1.178979700000000e-03, -6.683559600000000e-03, 5.028111268876433e-01, 0.000000000000000e+00, 0.000000000000000e+00, 8.747836915283794e+04, 1.000000000000000e-10, 9.914240382737122e+08
349, 2.119737600000000e-03, -9.527886300000000e-03, 4.793832832860616e-01, 0.000000000000000e+00, 0.000000000000000e+00, 8.256307132635968e+04, 1.000000000000000e-10, 1.031349161512809e+09
350, 3.491510200000000e-03, -1.218239690000000e-02, 4.708878190460828e-01, 0.000000000000000e+00, 0.000000000000000e+00, 8.128541269694116e+04, 1.000000000000000e-10, 1.052195307466523e+09
351, 5.352275100000000e-03, -1.453005090000000e-02, 4.348451295703045e-01, 0.000000000000000e+00, 0.000000000000000e+00, 7.351593916151325e+04, 1.000000000000000e-10, 1.120181144391276e+09
352, 7.355607900000000e-03, -1.675624800000000e-02, 4.276296024012203e-01, 0.000000000000000e+00, 0.000000000000000e+00, 7.265269521051132e+04, 1.000000000000000e-10, 1.143679735547433e+09
353, 9.621932400000000e-03, -1.871350840000000e-02, 4.008671228266781e-01, 0.000000000000000e+00, 0.000000000000000e+00, 6.666205098341142e+04, 1.000000000000000e-10, 1.199410280331936e+09
354, 1.205590760000000e-02, -2.046042230000000e-02, 3.942010043298627e-01, 0.000000000000000e+00, 0.000000000000000e+00, 6.567846751899084e+04, 1.000000000000000e-10, 1.221806730143916e+09
355, 1.455955480000000e-02, -2.210638150000000e-02, 3.788220027508836e-01, 0.000000000000000e+00, 0.000000000000000e+00, 6.266664372508060e+04, 1.000000000000000e-10, 1.263951006385387e+09
356, 1.711312970000000e-02, -2.367378560000000e-02, 3.714012040686377e-01, 0.000000000000000e+00, 0.000000000000000e+00, 6.131824087608292e+04, 1.000000000000000e-10, 1.287115966759452e+09
357, 1.972005420000000e-02, -2.515057360000000e-02, 3.667974731690558e-01, 0.000000000000000e+00, 0.000000000000000e+00, 6.041918173122612e+04, 1.000000000000000e-10, 1.300745305806748e+09
358, 2.239892040000000e-02, -2.649200820000000e-02, 3.609562019965853e-01, 0.000000000000000e+00, 0.000000000000000e+00, 5.916912409488500e+04, 1.000000000000000e-10, 1.316522908457134e+09
359, 2.514218880000000e-02, -2.769671360000000e-02, 3.578273855471391e-01, 0.000000000000000e+00, 0.000000000000000e+00, 5.857953318570027e+04, 1.000000000000000e-10, 1.326886214070132e+09
360, 2.792514050000000e-02, -2.880708720000000e-02, 3.543440004360087e-01, 0.000000000000000e+00, 0.000000000000000e+00, 5.783530329789871e+04, 1.000000000000000e-10, 1.336608276499507e+09
361, 3.072579640000000e-02, -2.987219160000000e-02, 3.524684714394077e-01, 0.000000000000000e+00, 0.000000000000000e+00, 5.738913965773377e+04, 1.000000000000000e-10, 1.341014649719024e+09
362, 3.355101120000000e-02, -3.087007190000000e-02, 3.514374863903094e-01, 0.000000000000000e+00, 0.000000000000000e+00, 5.710135070241846e+04, 1.000000000000000e-10, 1.342634284349953e+09
363, 3.640010390000000e-02, -3.179774150000000e-02, 3.507320554116197e-01, 0.000000000000000e+00, 0.000000000000000e+00, 5.691413218572526e+04, 1.000000000000000e-10, 1.343940053166881e+09
364, 3.926405390000000e-02, -3.267859480000000e-02, 3.503077441041479e-01, 0.000000000000000e+00, 0.000000000000000e+00, 5.678443892762759e+04, 1.000000000000000e-10, 1.344375120893172e+09
365, 4.213857070000000e-02, -3.352425530000000e-02, 3.500628131085217e-01, 0.000000000000000e+00, 0.000000000000000e+00, 5.667512126663436e+04, 1.000000000000000e-10, 1.343981200860770e+09
366, 4.502736230000000e-02, -3.431981760000000e-02, 3.499474988086654e-01, 0.000000000000000e+00, 0.000000000000000e+00, 5.658393250177061e+04, 1.000000000000000e-10, 1.343006631169709e+09
367, 4.792660680000000e-02, -3.507646140000000e-02, 3.501035041629610e-01, 0.000000000000000e+00, 0.000000000000000e+00, 5.653057054531619e+04, 1.000000000000000e-10, 1.340863083624422e+09
368, 5.083275460000000e-02, -3.580616600000000e-02, 3.505088169638433e-01, 0.000000000000000e+00, 0.000000000000000e+00, 5.651798289750547e+04, 1.000000000000000e-10, 1.337825564260189e+09
369, 5.374765330000000e-02, -3.650004220000000e-02, 3.510892376727025e-01, 0.000000000000000e+00, 0.000000000000000e+00, 5.652645004473597e+04, 1.000000000000000e-10, 1.333947526782537e+09
370, 5.666961100000000e-02, -3.716362050000000e-02, 3.516429930550430e-01, 0.000000000000000e+00, 0.000000000000000e+00, 5.652813773110160e+04, 1.000000000000000e-10, 1.330130650621469e+09
371, 5.959522020000000e-02, -3.781094180000000e-02, 3.520281161298783e-01, 0.000000000000000e+00, 0.000000000000000e+00, 5.652661585819403e+04, 1.000000000000000e-10, 1.327425759556242e+09
372, 6.252243709999999e-02, -3.845095230000000e-02, 3.522662378954770e-01, 0.000000000000000e+00, 0.000000000000000e+00, 5.653827523124237e+04, 1.000000000000000e-10, 1.326023510461419e+09
373, 6.545274740000000e-02, -3.907663200000000e-02, 3.523930704922015e-01, 0.000000000000000e+00, 0.000000000000000e+00, 5.655361920285955e+04, 1.000000000000000e-10, 1.325448685696852e+09
374, 6.838760620000001e-02, -3.968059320000000e-02, 3.524726066842145e-01, 0.000000000000000e+00, 0.000000000000000e+00, 5.657674265244071e+04, 1.000000000000000e-10, 1.325344182952928e+09
375, 7.132826930000000e-02, -4.025560110000000e-02, 3.525897795279573e-01, 0.000000000000000e+00, 0.000000000000000e+00, 5.660685445487679e+04, 1.000000000000000e-10, 1.325119320001969e+09
376, 7.427458960000000e-02, -4.080090600000000e-02, 3.528279353496592e-01, 0.000000000000000e+00, 0.000000000000000e+00, 5.664103997038332e+04, 1.000000000000000e-10, 1.324148978532007e+09
377, 7.722505590000001e-02, -4.132334090000000e-02, 3.533182277730938e-01, 0.000000000000000e+00, 0.000000000000000e+00, 5.671130354881665e+04, 1.000000000000000e-10, 1.322147977338548e+09
378, 8.017823220000000e-02, -4.183025210000000e-02, 3.542989015637645e-01, 0.000000000000000e+00, 0.000000000000000e+00, 5.686547918456503e+04, 1.000000000000000e-10, 1.318443304077761e+09
379, 8.313435769999999e-02, -4.231964410000000e-02, 3.555578719949329e-01, 0.000000000000000e+00, 0.000000000000000e+00, 5.706169300210910e+04, 1.000000000000000e-10, 1.313672151995390e+09
380, 8.609333900000000e-02, -4.279148640000000e-02, 3.568938109644473e-01, 0.000000000000000e+00, 0.000000000000000e+00, 5.727688608771376e+04, 1.000000000000000e-10, 1.308769848784018e+09
381, 8.905390220000001e-02, -4.325331250000000e-02, 3.581595793193943e-01, 0.000000000000000e+00, 0.000000000000000e+00, 5.749790993710150e+04, 1.000000000000000e-10, 1.304458637308645e+09
382, 9.201521220000000e-02, -4.371032730000000e-02, 3.596524995948963e-01, 0.000000000000000e+00, 0.000000000000000e+00, 5.778427729021500e+04, 1.000000000000000e-10, 1.299916182668038e+09
383, 9.497777180000000e-02, -4.415916550000000e-02, 3.610767690447089e-01, 0.000000000000000e+00, 0.000000000000000e+00, 5.808377813471654e+04, 1.000000000000000e-10, 1.296102063342867e+09
384, 9.794161960000000e-02, -4.459941640000000e-02, 3.622922131872742e-01, 0.000000000000000e+00, 0.000000000000000e+00, 5.835292332080125e+04, 1.000000000000000e-10, 1.293107898997791e+09
385, 1.009067324000000e-01, -4.503106510000000e-02, 3.634326628953898e-01, 0.000000000000000e+00, 0.000000000000000e+00, 5.860401579985767e+04, 1.000000000000000e-10, 1.290279526177726e+09
386, 1.038730870000000e-01, -4.545409720000000e-02, 3.645290865487430e-01, 0.000000000000000e+00, 0.000000000000000e+00, 5.884375015891319e+04, 1.000000000000000e-10, 1.287522632771119e+09
387, 1.068406597000000e-01, -4.586849830000000e-02, 3.656164457379397e-01, 0.000000000000000e+00, 0.000000000000000e+00, 5.908094827457245e+04, 1.000000000000000e-10, 1.284805546234692e+09
388, 1.098094267000000e-01, -4.627425440000000e-02, 3.667274557210258e-01, 0.000000000000000e+00, 0.000000000000000e+00, 5.932333397513083e+04, 1.000000000000000e-10, 1.282042726722830e+09
389, 1.127793642000000e-01, -4.667135170000000e-02, 3.678885062720485e-01, 0.000000000000000e+00, 0.000000000000000e+00, 5.957706331084250e+04, 1.000000000000000e-10, 1.279169422459775e+09
390, 1.157504483000000e-01, -4.705977670000000e-02, 3.691141394628069e-01, 0.000000000000000e+00, 0.000000000000000e+00, 5.984568679827066e+04, 1.000000000000000e-10, 1.276185477814630e+09
391, 1.187226550000000e-01, -4.743951610000000e-02, 3.704053663976368e-01, 0.000000000000000e+00, 0.000000000000000e+00, 6.012937904080632e+04, 1.000000000000000e-10, 1.273040257442730e+09
392, 1.216959602000000e-01, -4.781055690000000e-02, 3.717533631744105e-01, 0.000000000000000e+00, 0.000000000000000e+00, 6.042535776232678e+04, 1.000000000000000e-10, 1.269765012554388e+09
393, 1.246703396000000e-01, -4.817288640000000e-02, 3.731495675905838e-01, 0.000000000000000e+00, 0.000000000000000e+00, 6.072992973799787e+04, 1.000000000000000e-10, 1.266360790897483e+09
394, 1.276457687000000e-01, -4.852649220000000e-02, 3.745937844114702e-01, 0.000000000000000e+00, 0.000000000000000e+00, 6.104054106224233e+04, 1.000000000000000e-10, 1.262771831928756e+09
395, 1.306222230000000e-01, -4.887136210000000e-02, 3.760922930368233e-01, 0.000000000000000e+00, 0.000000000000000e+00, 6.135606203062594e+04, 1.000000000000000e-10, 1.258946943480861e+09
396, 1.335996778000000e-01, -4.920748410000000e-02, 3.776378607012871e-01, 0.000000000000000e+00, 0.000000000000000e+00, 6.167380445968484e+04, 1.000000000000000e-10, 1.254874605367965e+09
397, 1.365781084000000e-01, -4.953484670000000e-02, 3.791944949926081e-01, 0.000000000000000e+00, 0.000000000000000e+00, 6.198754159772902e+04, 1.000000000000000e-10, 1.250715852198075e+09
398, 1.395574899000000e-01, -4.985343850000000e-02, 3.807112323100290e-01, 0.000000000000000e+00, 0.000000000000000e+00, 6.229055622037820e+04, 1.000000000000000e-10, 1.246643871781174e+09
399, 1.425377974000000e-01, -5.016324850000000e-02, 3.821540186711351e-01, 0.000000000000000e+00, 0.000000000000000e+00, 6.258124067852173e+04, 1.000000000000000e-10, 1.242870213007074e+09
400, 1.455190058000000e-01, -5.046426590000000e-02, 3.835155031302972e-01, 0.000000000000000e+00, 0.000000000000000e+00, 6.286351765874572e+04, 1.000000000000000e-10, 1.239424114160563e+09
401, 1.485010900000000e-01, -5.075648020000000e-02, 3.850231421170512e-01, 0.000000000000000e+00, 0.000000000000000e+00, 6.317467833057794e+04, 1.000000000000000e-10, 1.235609179495105e+09
402, 1.514841115000000e-01, -5.103895140000000e-02, 3.865926784053405e-01, 0.000000000000000e+00, 0.000000000000000e+00, 6.348812604342600e+04, 1.000000000000000e-10, 1.231488180910416e+09
403, 1.544682859000000e-01, -5.130898220000000e-02, 3.877590549086370e-01, 0.000000000000000e+00, 0.000000000000000e+00, 6.371018286599842e+04, 1.000000000000000e-10, 1.228282629555803e+09
404, 1.574529831000000e-01, -5.157318600000000e-02, 3.888975835126723e-01, 0.000000000000000e+00, 0.000000000000000e+00, 6.392129638732207e+04, 1.000000000000000e-10, 1.225067130323523e+09
405, 1.604374954000000e-01, -5.183946610000000e-02, 3.893914254430427e-01, 0.000000000000000e+00, 0.000000000000000e+00, 6.402663266791499e+04, 1.000000000000000e-10, 1.223842628744802e+09
406, 1.634214633000000e-01, -5.211178220000000e-02, 3.896135626589335e-01, 0.000000000000000e+00, 0.000000000000000e+00, 6.408628216636996e+04, 1.000000000000000e-10, 1.223509141098910e+09
407, 1.664054524000000e-01, -5.238386490000000e-02, 3.897100389601660e-01, 0.000000000000000e+00, 0.000000000000000e+00, 6.412830871164185e+04, 1.000000000000000e-10, 1.223611454437412e+09
408, 1.693901711000000e-01, -5.264780400000000e-02, 3.895262982694951e-01, 0.000000000000000e+00, 0.000000000000000e+00, 6.410960104613331e+04, 1.000000000000000e-10, 1.224396054762608e+09
409, 1.723759785000000e-01, -5.289913550000000e-02, 3.890917396086684e-01, 0.000000000000000e+00, 0.000000000000000e+00, 6.402859716999235e+04, 1.000000000000000e-10, 1.225622184838895e+09
410, 1.753625325000000e-01, -5.314143690000000e-02, 3.887322843504420e-01, 0.000000000000000e+00, 0.000000000000000e+00, 6.394887286566091e+04, 1.000000000000000e-10, 1.226429997703741e+09
411, 1.783497926000000e-01, -5.337487290000000e-02, 3.885278103173713e-01, 0.000000000000000e+00, 0.000000000000000e+00, 6.388996465481914e+04, 1.000000000000000e-10, 1.226676287913524e+09
412, 1.813377897000000e-01, -5.359866430000000e-02, 3.884498271152964e-01, 0.000000000000000e+00, 0.000000000000000e+00, 6.384807456277752e+04, 1.000000000000000e-10, 1.226461828365721e+09
413, 1.843267059000000e-01, -5.380983240000000e-02, 3.884218925790870e-01, 0.000000000000000e+00, 0.000000000000000e+00, 6.380604512024250e+04, 1.000000000000000e-10, 1.225941426373397e+09
414, 1.873160581000000e-01, -5.401475910000000e-02, 3.884592211695166e-01, 0.000000000000000e+00, 0.000000000000000e+00, 6.377597489411238e+04, 1.000000000000000e-10, 1.225249551150645e+09
415, 1.903052907000000e-01, -5.422141550000000e-02, 3.882961624074109e-01, 0.000000000000000e+00, 0.000000000000000e+00, 6.372195626169718e+04, 1.000000000000000e-10, 1.225304015089877e+09
416, 1.932940919000000e-01, -5.443422470000000e-02, 3.880281170554284e-01, 0.000000000000000e+00, 0.000000000000000e+00, 6.365942898006424e+04, 1.000000000000000e-10, 1.225870232694555e+09
417, 1.962828856000000e-01, -5.464713860000000e-02, 3.878653699447084e-01, 0.000000000000000e+00, 0.000000000000000e+00, 6.362559665474480e+04, 1.000000000000000e-10, 1.226299815652566e+09
418, 1.992722277000000e-01, -5.485218440000000e-02, 3.876302878952285e-01, 0.000000000000000e+00, 0.000000000000000e+00, 6.357481599633691e+04, 1.000000000000000e-10, 1.226848841039930e+09
419, 2.022625407000000e-01, -5.504252520000000e-02, 3.875441442315122e-01, 0.000000000000000e+00, 0.000000000000000e+00, 6.353129513456529e+04, 1.000000000000000e-10, 1.226645467977465e+09
420, 2.052535799000000e-01, -5.522113260000000e-02, 3.877362945084286e-01, 0.000000000000000e+00, 0.000000000000000e+00, 6.352003738785977e+04, 1.000000000000000e-10, 1.225349088641860e+09
421, 2.082448433000000e-01, -5.539596050000000e-02, 3.880001298833640e-01, 0.000000000000000e+00, 0.000000000000000e+00, 6.353652069203941e+04, 1.000000000000000e-10, 1.224053423744978e+09
422, 2.112359078000000e-01, -5.557415450000000e-02, 3.883094604991275e-01, 0.000000000000000e+00, 0.000000000000000e+00, 6.358148583496665e+04, 1.000000000000000e-10, 1.223020978241156e+09
423, 2.142268969000000e-01, -5.575361380000000e-02, 3.884584587256706e-01, 0.000000000000000e+00, 0.000000000000000e+00, 6.360773035125562e+04, 1.000000000000000e-10, 1.222597807201557e+09
424, 2.172178860000000e-01, -5.593307320000000e-02, 3.886302872425279e-01, 0.000000000000000e+00, 0.000000000000000e+00, 6.365656806791850e+04, 1.000000000000000e-10, 1.222401276549811e+09
425, 2.202088738000000e-01, -5.611255380000000e-02, 3.886526380794254e-01, 0.000000000000000e+00, 0.000000000000000e+00, 6.369079801137924e+04, 1.000000000000000e-10, 1.222815751699263e+09
426, 2.231996539000000e-01, -5.629546030000000e-02, 3.885134642623189e-01, 0.000000000000000e+00, 0.000000000000000e+00, 6.369487876975990e+04, 1.000000000000000e-10, 1.223682511530163e+09
427, 2.261904122000000e-01, -5.647872410000000e-02, 3.884181878538928e-01, 0.000000000000000e+00, 0.000000000000000e+00, 6.371755547128247e+04, 1.000000000000000e-10, 1.224590474511053e+09
428, 2.291816271000000e-01, -5.665434720000000e-02, 3.883944968066974e-01, 0.000000000000000e+00, 0.000000000000000e+00, 6.373736762067593e+04, 1.000000000000000e-10, 1.225014364151308e+09
429, 2.321736636000000e-01, -5.681534020000000e-02, 3.884993675554617e-01, 0.000000000000000e+00, 0.000000000000000e+00, 6.375996174919153e+04, 1.000000000000000e-10, 1.224806207973698e+09
430, 2.351663232000000e-01, -5.696435160000000e-02, 3.887506565345948e-01, 0.000000000000000e+00, 0.000000000000000e+00, 6.380089334698526e+04, 1.000000000000000e-10, 1.224009588020605e+09
431, 2.381591812000000e-01, -5.710934150000000e-02, 3.892127757522073e-01, 0.000000000000000e+00, 0.000000000000000e+00, 6.388676099500542e+04, 1.000000000000000e-10, 1.222681954932801e+09
432, 2.411518497000000e-01, -5.725817950000000e-02, 3.896535643578025e-01, 0.000000000000000e+00, 0.000000000000000e+00, 6.398546082007323e+04, 1.000000000000000e-10, 1.221714111194095e+09
433, 2.441442544000000e-01, -5.741224130000000e-02, 3.900931685712070e-01, 0.000000000000000e+00, 0.000000000000000e+00, 6.409870663904365e+04, 1.000000000000000e-10, 1.220982896003325e+09
434, 2.471367698000000e-01, -5.756413020000000e-02, 3.905423457139648e-01, 0.000000000000000e+00, 0.000000000000000e+00, 6.421851869906634e+04, 1.000000000000000e-10, 1.220291179112448e+09
435, 2.501297829000000e-01, -5.770582350000000e-02, 3.908715424990653e-01, 0.000000000000000e+00, 0.000000000000000e+00, 6.429395830135013e+04, 1.000000000000000e-10, 1.219596958048254e+09
436, 2.531234770000000e-01, -5.783232400000000e-02, 3.910251511169192e-01, 0.000000000000000e+00, 0.000000000000000e+00, 6.431688378338367e+04, 1.000000000000000e-10, 1.219101260496323e+09
437, 2.561175599000000e-01, -5.794931300000000e-02, 3.910845779627727e-01, 0.000000000000000e+00, 0.000000000000000e+00, 6.431724876009527e+04, 1.000000000000000e-10, 1.218768892242265e+09
438, 2.591117003000000e-01, -5.806482750000000e-02, 3.911210194209282e-01, 0.000000000000000e+00, 0.000000000000000e+00, 6.431705242399704e+04, 1.000000000000000e-10, 1.218543523089859e+09
439, 2.621056177000000e-01, -5.818597470000000e-02, 3.910554033553348e-01, 0.000000000000000e+00, 0.000000000000000e+00, 6.430555810582513e+04, 1.000000000000000e-10, 1.218736972311584e+09
440, 2.650994034000000e-01, -5.831034790000000e-02, 3.907434967860895e-01, 0.000000000000000e+00, 0.000000000000000e+00, 6.425145247236681e+04, 1.000000000000000e-10, 1.219689559222940e+09
441, 2.680933813000000e-01, -5.842997970000000e-02, 3.902324304945088e-01, 0.000000000000000e+00, 0.000000000000000e+00, 6.415462818581983e+04, 1.000000000000000e-10, 1.221086080556149e+09
442, 2.710878355000000e-01, -5.853695520000000e-02, 3.895773097035921e-01, 0.000000000000000e+00, 0.000000000000000e+00, 6.401506453132122e+04, 1.000000000000000e-10, 1.222620740389424e+09
443, 2.740827683000000e-01, -5.862963070000000e-02, 3.889296495061407e-01, 0.000000000000000e+00, 0.000000000000000e+00, 6.385779543970555e+04, 1.000000000000000e-10, 1.223855850756520e+09
444, 2.770779096000000e-01, -5.871535910000000e-02, 3.882218441789905e-01, 0.000000000000000e+00, 0.000000000000000e+00, 6.367882605888865e+04, 1.000000000000000e-10, 1.225090503715645e+09
445, 2.800730188000000e-01, -5.880219320000000e-02, 3.875924500357540e-01, 0.000000000000000e+00, 0.000000000000000e+00, 6.351802532920228e+04, 1.000000000000000e-10, 1.226124666127967e+09
446, 2.830679396000000e-01, -5.889530050000000e-02, 3.867763103611296e-01, 0.000000000000000e+00, 0.000000000000000e+00, 6.332577495464308e+04, 1.000000000000000e-10, 1.227783231894561e+09
447, 2.860628383000000e-01, -5.898912130000000e-02, 3.859627004854974e-01, 0.000000000000000e+00, 0.000000000000000e+00, 6.314337002119303e+04, 1.000000000000000e-10, 1.229615207775712e+09
448, 2.890579563000000e-01, -5.907560330000000e-02, 3.850604647123905e-01, 0.000000000000000e+00, 0.000000000000000e+00, 6.294445987453702e+04, 1.000000000000000e-10, 1.231673952697046e+09
449, 2.920534568000000e-01, -5.914755270000000e-02, 3.843315192576445e-01, 0.000000000000000e+00, 0.000000000000000e+00, 6.276590722507342e+04, 1.000000000000000e-10, 1.233017180496064e+09
450, 2.950492307000000e-01, -5.920717250000000e-02, 3.839002677351709e-01, 0.000000000000000e+00, 0.000000000000000e+00, 6.262962500600510e+04, 1.000000000000000e-10, 1.233333972470144e+09
451, 2.980450890000000e-01, -5.926243910000000e-02, 3.837739404419677e-01, 0.000000000000000e+00, 0.000000000000000e+00, 6.255700104318604e+04, 1.000000000000000e-10, 1.232892251058702e+09
452, 3.010408880000000e-01, -5.932081780000000e-02, 3.838200040437885e-01, 0.000000000000000e+00, 0.000000000000000e+00, 6.253768112121365e+04, 1.000000000000000e-10, 1.232318869070661e+09
453, 3.040366569000000e-01, -5.938073310000000e-02, 3.839473836366409e-01, 0.000000000000000e+00, 0.000000000000000e+00, 6.254978150096230e+04, 1.000000000000000e-10, 1.231769060905305e+09
454, 3.070324259000000e-01, -5.944064850000000e-02, 3.840058085541718e-01, 0.000000000000000e+00, 0.000000000000000e+00, 6.255868256230593e+04, 1.000000000000000e-10, 1.231582458661482e+09
455, 3.100281949000000e-01, -5.950056430000000e-02, 3.840812033465499e-01, 0.000000000000000e+00, 0.000000000000000e+00, 6.258346048350178e+04, 1.000000000000000e-10, 1.231544096840357e+09
456, 3.130238981000000e-01, -5.956366740000000e-02, 3.841962396629198e-01, 0.000000000000000e+00, 0.000000000000000e+00, 6.262970578207392e+04, 1.000000000000000e-10, 1.231622672059970e+09
457, 3.160195838000000e-01, -5.962760330000000e-02, 3.843333100643503e-01, 0.000000000000000e+00, 0.000000000000000e+00, 6.269647560543923e+04, 1.000000000000000e-10, 1.231874747065410e+09
458, 3.190154135000000e-01, -5.968430950000000e-02, 3.848023038319659e-01, 0.000000000000000e+00, 0.000000000000000e+00, 6.282133173144901e+04, 1.000000000000000e-10, 1.231182905153432e+09
459, 3.220114804000000e-01, -5.972653310000000e-02, 3.855540546263273e-01, 0.000000000000000e+00, 0.000000000000000e+00, 6.298673918248076e+04, 1.000000000000000e-10, 1.229495468181391e+09
460, 3.250076994000000e-01, -5.975631740000000e-02, 3.865788121667862e-01, 0.000000000000000e+00, 0.000000000000000e+00, 6.320200985825781e+04, 1.000000000000000e-10, 1.227004263248335e+09
461, 3.280039605000000e-01, -5.978163410000000e-02, 3.879759924371471e-01, 0.000000000000000e+00, 0.000000000000000e+00, 6.349525547184542e+04, 1.000000000000000e-10, 1.223574548296341e+09
462, 3.310001939000000e-01, -5.981000190000000e-02, 3.896990214670153e-01, 0.000000000000000e+00, 0.000000000000000e+00, 6.386782762186000e+04, 1.000000000000000e-10, 1.219593631959072e+09
463, 3.339964122000000e-01, -5.983996410000000e-02, 3.914354754461624e-01, 0.000000000000000e+00, 0.000000000000000e+00, 6.426219194159113e+04, 1.000000000000000e-10, 1.215881170885081e+09
464, 3.369926304000000e-01, -5.986992630000000e-02, 3.928844431543886e-01, 0.000000000000000e+00, 0.000000000000000e+00, 6.460380533103657e+04, 1.000000000000000e-10, 1.213033842542116e+09
465, 3.399888487000000e-01, -5.989988850000000e-02, 3.940490820927371e-01, 0.000000000000000e+00, 0.000000000000000e+00, 6.489315650929810e+04, 1.000000000000000e-10, 1.210955140568940e+09
466, 3.429850337000000e-01, -5.993297570000000e-02, 3.951660059398580e-01, 0.000000000000000e+00, 0.000000000000000e+00, 6.518793089670371e+04, 1.000000000000000e-10, 1.209258873876088e+09
467, 3.459812085000000e-01, -5.996700070000000e-02, 3.960957922469024e-01, 0.000000000000000e+00, 0.000000000000000e+00, 6.545497547931632e+04, 1.000000000000000e-10, 1.208149828802715e+09
468, 3.489774541000000e-01, -5.999389510000000e-02, 3.972542757110766e-01, 0.000000000000000e+00, 0.000000000000000e+00, 6.574295172893287e+04, 1.000000000000000e-10, 1.206063411562851e+09
469, 3.519737926000000e-01, -6.000635760000000e-02, 3.983306821448376e-01, 0.000000000000000e+00, 0.000000000000000e+00, 6.598958092361935e+04, 1.000000000000000e-10, 1.203813002423701e+09
470, 3.549701596000000e-01, -6.000628710000000e-02, 3.992968992964004e-01, 0.000000000000000e+00, 0.000000000000000e+00, 6.620040546320264e+04, 1.000000000000000e-10, 1.201658719063203e+09
471, 3.579665241000000e-01, -6.000164710000000e-02, 4.000689478512748e-01, 0.000000000000000e+00, 0.000000000000000e+00, 6.636139011594528e+04, 1.000000000000000e-10, 1.199832310358845e+09
472, 3.609628912000000e-01, -6.000041890000000e-02, 4.003921938699543e-01, 0.000000000000000e+00, 0.000000000000000e+00, 6.642919392190200e+04, 1.000000000000000e-10, 1.199074449236895e+09
473, 3.639592561000000e-01, -6.000473460000000e-02, 4.004510535654876e-01, 0.000000000000000e+00, 0.000000000000000e+00, 6.643930858948888e+04, 1.000000000000000e-10, 1.198903392883487e+09
474, 3.669556225000000e-01, -6.000736450000000e-02, 4.002720403815444e-01, 0.000000000000000e+00, 0.000000000000000e+00, 6.639545120040503e+04, 1.000000000000000e-10, 1.199227627011556e+09
475, 3.699519795000000e-01, -6.000023780000000e-02, 3.997661816772465e-01, 0.000000000000000e+00, 0.000000000000000e+00, 6.627432329039845e+04, 1.000000000000000e-10, 1.200190233878103e+09
476, 3.729482611000000e-01, -5.997784780000000e-02, 3.991135019281037e-01, 0.000000000000000e+00, 0.000000000000000e+00, 6.611063053943728e+04, 1.000000000000000e-10, 1.201319121214020e+09
477, 3.759444535000000e-01, -5.994544400000000e-02, 3.984062559222004e-01, 0.000000000000000e+00, 0.000000000000000e+00, 6.592877088054248e+04, 1.000000000000000e-10, 1.202478993598653e+09
478, 3.789406246000000e-01, -5.991109540000000e-02, 3.976331553962201e-01, 0.000000000000000e+00, 0.000000000000000e+00, 6.573395172619401e+04, 1.000000000000000e-10, 1.203775833962341e+09
479, 3.819368521000000e-01, -5.988214390000000e-02, 3.967488569076950e-01, 0.000000000000000e+00, 0.000000000000000e+00, 6.552257497711005e+04, 1.000000000000000e-10, 1.205505526104644e+09
480, 3.849331132000000e-01, -5.985683420000000e-02, 3.958402828212506e-01, 0.000000000000000e+00, 0.000000000000000e+00, 6.531611741782118e+04, 1.000000000000000e-10, 1.207458710563017e+09
481, 3.879293339000000e-01, -5.982721620000000e-02, 3.949268647287510e-01, 0.000000000000000e+00, 0.000000000000000e+00, 6.511733846442714e+04, 1.000000000000000e-10, 1.209515479023550e+09
482, 3.909254052000000e-01, -5.978530220000000e-02, 3.943192175955857e-01, 0.000000000000000e+00, 0.000000000000000e+00, 6.498201571565386e+04, 1.000000000000000e-10, 1.210809210722856e+09
483, 3.939212391000000e-01, -5.972882000000000e-02, 3.942217337504501e-01, 0.000000000000000e+00, 0.000000000000000e+00, 6.493221060574370e+04, 1.000000000000000e-10, 1.210613450797337e+09
484, 3.969169262000000e-01, -5.966494890000000e-02, 3.943843715932132e-01, 0.000000000000000e+00, 0.000000000000000e+00, 6.491849167480539e+04, 1.000000000000000e-10, 1.209491742407809e+09
485, 3.999126274000000e-01, -5.960175120000000e-02, 3.946389457601340e-01, 0.000000000000000e+00, 0.000000000000000e+00, 6.493280677486755e+04, 1.000000000000000e-10, 1.208224998878639e+09
486, 4.029083963000000e-01, -5.954183210000000e-02, 3.949079816760214e-01, 0.000000000000000e+00, 0.000000000000000e+00, 6.496674701211546e+04, 1.000000000000000e-10, 1.207269630957561e+09
487, 4.059041653000000e-01, -5.948191670000000e-02, 3.950775212730602e-01, 0.000000000000000e+00, 0.000000000000000e+00, 6.499163755158994e+04, 1.000000000000000e-10, 1.206717179895050e+09
488, 4.088999342000000e-01, -5.942200130000000e-02, 3.951550354574769e-01, 0.000000000000000e+00, 0.000000000000000e+00, 6.500391191443666e+04, 1.000000000000000e-10, 1.206473164238057e+09
489, 4.118957316000000e-01, -5.936354160000000e-02, 3.951571591325523e-01, 0.000000000000000e+00, 0.000000000000000e+00, 6.501534964486661e+04, 1.000000000000000e-10, 1.206624948393796e+09
490, 4.148915900000000e-01, -5.930827980000000e-02, 3.950546312323406e-01, 0.000000000000000e+00, 0.000000000000000e+00, 6.501742236193899e+04, 1.000000000000000e-10, 1.207228263633879e+09
491, 4.178873672000000e-01, -5.924882410000000e-02, 3.949242424982798e-01, 0.000000000000000e+00, 0.000000000000000e+00, 6.501201203587655e+04, 1.000000000000000e-10, 1.207875320962150e+09
492, 4.208828751000000e-01, -5.917718310000000e-02, 3.948806075365883e-01, 0.000000000000000e+00, 0.000000000000000e+00, 6.501706479826918e+04, 1.000000000000000e-10, 1.208225344531194e+09
493, 4.238779996000000e-01, -5.909092720000000e-02, 3.950549647051445e-01, 0.000000000000000e+00, 0.000000000000000e+00, 6.505651821868216e+04, 1.000000000000000e-10, 1.207846164623307e+09
494, 4.268729004000000e-01, -5.899717340000000e-02, 3.952844974511398e-01, 0.000000000000000e+00, 0.000000000000000e+00, 6.510364949014331e+04, 1.000000000000000e-10, 1.207287413203030e+09
495, 4.298678186000000e-01, -5.890397410000000e-02, 3.953397107382141e-01, 0.000000000000000e+00, 0.000000000000000e+00, 6.511887602085467e+04, 1.000000000000000e-10, 1.207212577925313e+09
496, 4.328629246000000e-01, -5.881703720000000e-02, 3.952234986238301e-01, 0.000000000000000e+00, 0.000000000000000e+00, 6.510586888219869e+04, 1.000000000000000e-10, 1.207661405675577e+09
497, 4.358580675000000e-01, -5.873136490000000e-02, 3.949554226863598e-01, 0.000000000000000e+00, 0.000000000000000e+00, 6.505430743995634e+04, 1.000000000000000e-10, 1.208359448604967e+09
498, 4.388530070000000e-01, -5.863890460000000e-02, 3.944139733915440e-01, 0.000000000000000e+00, 0.000000000000000e+00, 6.493897247086498e+04, 1.000000000000000e-10, 1.209599688264299e+09
499, 4.418474723000000e-01, -5.853224060000000e-02, 3.938661504278690e-01, 0.000000000000000e+00, 0.000000000000000e+00, 6.480349250992559e+04, 1.000000000000000e-10, 1.210569703828623e+09
500, 4.448414571000000e-01, -5.841278340000000e-02, 3.933395663356112e-01, 0.000000000000000e+00, 0.000000000000000e+00, 6.465927336893231e+04, 1.000000000000000e-10, 1.211319461387596e+09
501, 4.478352435000000e-01, -5.828842610000000e-02, 3.926065384582140e-01, 0.000000000000000e+00, 0.000000000000000e+00, 6.446969795991327e+04, 1.000000000000000e-10, 1.212508956199347e+09
502, 4.508291556000000e-01, -5.816714900000000e-02, 3.918881065984163e-01, 0.000000000000000e+00, 0.000000000000000e+00, 6.428670041337595e+04, 1.000000000000000e-10, 1.213716282055338e+09
503, 4.538232940000000e-01, -5.805158270000000e-02, 3.909455737239053e-01, 0.000000000000000e+00, 0.000000000000000e+00, 6.406722094213995e+04, 1.000000000000000e-10, 1.215645059474908e+09
504, 4.568173812000000e-01, -5.793470060000000e-02, 3.897217625737653e-01, 0.000000000000000e+00, 0.000000000000000e+00, 6.379707039818403e+04, 1.000000000000000e-10, 1.218364694120972e+09
505, 4.598110864000000e-01, -5.780846580000000e-02, 3.884038000059175e-01, 0.000000000000000e+00, 0.000000000000000e+00, 6.351033166848246e+04, 1.000000000000000e-10, 1.221360548789663e+09
506, 4.628041128000000e-01, -5.766705430000000e-02, 3.874166085276519e-01, 0.000000000000000e+00, 0.000000000000000e+00, 6.328263896268099e+04, 1.000000000000000e-10, 1.223413943597707e+09
507, 4.657966345000000e-01, -5.751528910000000e-02, 3.865430664456700e-01, 0.000000000000000e+00, 0.000000000000000e+00, 6.307257248443384e+04, 1.000000000000000e-10, 1.225093684609564e+09
508, 4.687890375000000e-01, -5.736119260000000e-02, 3.855487996552058e-01, 0.000000000000000e+00, 0.000000000000000e+00, 6.284383125983273e+04, 1.000000000000000e-10, 1.227179126002791e+09
509, 4.717816992000000e-01, -5.721221950000000e-02, 3.844032300805062e-01, 0.000000000000000e+00, 0.000000000000000e+00, 6.260078084057114e+04, 1.000000000000000e-10, 1.229920977429318e+09
510, 4.747745571000000e-01, -5.706722820000000e-02, 3.833319404658279e-01, 0.000000000000000e+00, 0.000000000000000e+00, 6.237980453507515e+04, 1.000000000000000e-10, 1.232586525294175e+09
511, 4.777672246000000e-01, -5.691837390000000e-02, 3.820148659958001e-01, 0.000000000000000e+00, 0.000000000000000e+00, 6.211500603113674e+04, 1.000000000000000e-10, 1.236031635811543e+09
512, 4.807592922000000e-01, -5.675795070000000e-02, 3.809909992319246e-01, 0.000000000000000e+00, 0.000000000000000e+00, 6.189940176318822e+04, 1.000000000000000e-10, 1.238539784249856e+09
513, 4.837507599000000e-01, -5.658667410000000e-02, 3.800926849368326e-01, 0.000000000000000e+00, 0.000000000000000e+00, 6.169770833788017e+04, 1.000000000000000e-10, 1.240519551536628e+09
514, 4.867417038000000e-01, -5.640648100000000e-02, 3.793050372077669e-01, 0.000000000000000e+00, 0.000000000000000e+00, 6.150578039035963e+04, 1.000000000000000e-10, 1.242052806363942e+09
515, 4.897320976000000e-01, -5.621737780000000e-02, 3.786570137185633e-01, 0.000000000000000e+00, 0.000000000000000e+00, 6.133184720756256e+04, 1.000000000000000e-10, 1.243022596561922e+09
516, 4.927219151000000e-01, -5.601937110000000e-02, 3.781500011134213e-01, 0.000000000000000e+00, 0.000000000000000e+00, 6.118108159850968e+04, 1.000000000000000e-10, 1.243493473661577e+09
517, 4.957111300000000e-01, -5.581246800000000e-02, 3.777679630509942e-01, 0.000000000000000e+00, 0.000000000000000e+00, 6.105911837026598e+04, 1.000000000000000e-10, 1.243720025060694e+09
518, 4.986997164000000e-01, -5.559667590000000e-02, 3.773839108799076e-01, 0.000000000000000e+00, 0.000000000000000e+00, 6.095535165760816e+04, 1.000000000000000e-10, 1.244308786169395e+09
519, 5.016875582000000e-01, -5.537082560000000e-02, 3.771853675884378e-01, 0.000000000000000e+00, 0.000000000000000e+00, 6.089412726349615e+04, 1.000000000000000e-10, 1.244469750587259e+09
520, 5.046744459000000e-01, -5.513267300000000e-02, 3.772918010291982e-01, 0.000000000000000e+00, 0.000000000000000e+00, 6.088800800660255e+04, 1.000000000000000e-10, 1.243748738750399e+09
521, 5.076609077000001e-01, -5.488922320000000e-02, 3.773900299599102e-01, 0.000000000000000e+00, 0.000000000000000e+00, 6.088064173238191e+04, 1.000000000000000e-10, 1.243031868292318e+09
522, 5.106475810000000e-01, -5.464838960000000e-02, 3.774941642634569e-01, 0.000000000000000e+00, 0.000000000000000e+00, 6.088942866897197e+04, 1.000000000000000e-10, 1.242535756614320e+09
523, 5.136347221999999e-01, -5.441342690000000e-02, 3.774799515354667e-01, 0.000000000000000e+00, 0.000000000000000e+00, 6.089421473380280e+04, 1.000000000000000e-10, 1.242717371176624e+09
524, 5.166218002000000e-01, -5.417766240000000e-02, 3.774182180575754e-01, 0.000000000000000e+00, 0.000000000000000e+00, 6.089746705032977e+04, 1.000000000000000e-10, 1.243144306470217e+09
525, 5.196081732000000e-01, -5.393315480000000e-02, 3.774960026537333e-01, 0.000000000000000e+00, 0.000000000000000e+00, 6.092949243331022e+04, 1.000000000000000e-10, 1.243225832725900e+09
526, 5.225935011000000e-01, -5.367618930000000e-02, 3.778321055184555e-01, 0.000000000000000e+00, 0.000000000000000e+00, 6.100519856410293e+04, 1.000000000000000e-10, 1.242469043398507e+09
527, 5.255780483000000e-01, -5.341030860000000e-02, 3.783497253996287e-01, 0.000000000000000e+00, 0.000000000000000e+00, 6.110893140675581e+04, 1.000000000000000e-10, 1.241099642123778e+09
528, 5.285617956000001e-01, -5.313559520000000e-02, 3.790256792202114e-01, 0.000000000000000e+00, 0.000000000000000e+00, 6.123851587002203e+04, 1.000000000000000e-10, 1.239253189796102e+09
529, 5.315447173000000e-01, -5.285205880000000e-02, 3.798551916483662e-01, 0.000000000000000e+00, 0.000000000000000e+00, 6.139486859378367e+04, 1.000000000000000e-10, 1.236919912916472e+09
530, 5.345267882000000e-01, -5.255970920000000e-02, 3.808623419499096e-01, 0.000000000000000e+00, 0.000000000000000e+00, 6.158566616935349e+04, 1.000000000000000e-10, 1.234094279101262e+09
531, 5.375079829000000e-01, -5.225855670000000e-02, 3.820585154727687e-01, 0.000000000000000e+00, 0.000000000000000e+00, 6.181792988605904e+04, 1.000000000000000e-10, 1.230824977618770e+09
532, 5.404882648000000e-01, -5.194849960000000e-02, 3.834757390289772e-01, 0.000000000000000e+00, 0.000000000000000e+00, 6.210559573904554e+04, 1.000000000000000e-10, 1.227263750211617e+09
533, 5.434672252000000e-01, -5.162600380000000e-02, 3.850570196619049e-01, 0.000000000000000e+00, 0.000000000000000e+00, 6.242986415524960e+04, 1.000000000000000e-10, 1.223365439968395e+09
534, 5.464452645000000e-01, -5.129509310000000e-02, 3.866354875824004e-01, 0.000000000000000e+00, 0.000000000000000e+00, 6.275853350085142e+04, 1.000000000000000e-10, 1.219541802629471e+09
535, 5.494232392000000e-01, -5.096360040000000e-02, 3.879739689492799e-01, 0.000000000000000e+00, 0.000000000000000e+00, 6.304900845692754e+04, 1.000000000000000e-10, 1.216450773357193e+09
536, 5.524018620000000e-01, -5.063798680000000e-02, 3.891413979246228e-01, 0.000000000000000e+00, 0.000000000000000e+00, 6.331636816410632e+04, 1.000000000000000e-10, 1.214033623942305e+09
537, 5.553807501000000e-01, -5.031480440000000e-02, 3.900901757014115e-01, 0.000000000000000e+00, 0.000000000000000e+00, 6.354628668145621e+04, 1.000000000000000e-10, 1.212264090572639e+09
538, 5.583590480000000e-01, -4.998623770000000e-02, 3.908924436833614e-01, 0.000000000000000e+00, 0.000000000000000e+00, 6.374114252088196e+04, 1.000000000000000e-10, 1.210823186940786e+09
539, 5.613359734000000e-01, -4.964547060000000e-02, 3.915899911083661e-01, 0.000000000000000e+00, 0.000000000000000e+00, 6.390632924143823e+04, 1.000000000000000e-10, 1.209506479808295e+09
540, 5.643117559000000e-01, -4.929485250000000e-02, 3.922220280083768e-01, 0.000000000000000e+00, 0.000000000000000e+00, 6.404583107879232e+04, 1.000000000000000e-10, 1.208124451693678e+09
541, 5.672864971000000e-01, -4.893550630000000e-02, 3.927784792695868e-01, 0.000000000000000e+00, 0.000000000000000e+00, 6.415475176013598e+04, 1.000000000000000e-10, 1.206665779489948e+09
542, 5.702601725000001e-01, -4.856744460000000e-02, 3.932092145160750e-01, 0.000000000000000e+00, 0.000000000000000e+00, 6.422321856840390e+04, 1.000000000000000e-10, 1.205314670721956e+09
543, 5.732327578000000e-01, -4.819067990000000e-02, 3.934837669495438e-01, 0.000000000000000e+00, 0.000000000000000e+00, 6.425036448963621e+04, 1.000000000000000e-10, 1.204184400469620e+09
544, 5.762042288000000e-01, -4.780522520000000e-02, 3.936641486894879e-01, 0.000000000000000e+00, 0.000000000000000e+00, 6.425035768293276e+04, 1.000000000000000e-10, 1.203177795242450e+09
545, 5.791745615000000e-01, -4.741109350000000e-02, 3.938077020692767e-01, 0.000000000000000e+00, 0.000000000000000e+00, 6.423581888468411e+04, 1.000000000000000e-10, 1.202151697700457e+09
546, 5.821437317000000e-01, -4.700829840000000e-02, 3.938923011631957e-01, 0.000000000000000e+00, 0.000000000000000e+00, 6.420392268143297e+04, 1.000000000000000e-10, 1.201204217558946e+09
547, 5.851117156000000e-01, -4.659685360000000e-02, 3.939568899716720e-01, 0.000000000000000e+00, 0.000000000000000e+00, 6.416659095016539e+04, 1.000000000000000e-10, 1.200266821070336e+09
548, 5.880784894000000e-01, -4.617677290000000e-02, 3.939488654848392e-01, 0.000000000000000e+00, 0.000000000000000e+00, 6.412554681483869e+04, 1.000000000000000e-10, 1.199676267308624e+09
549, 5.910439602000001e-01, -4.574759280000000e-02, 3.939918209644707e-01, 0.000000000000000e+00, 0.000000000000000e+00, 6.410132191498476e+04, 1.000000000000000e-10, 1.199023319628176e+09
550, 5.940076158000001e-01, -4.530605300000000e-02, 3.942540339522765e-01, 0.000000000000000e+00, 0.000000000000000e+00, 6.412586631580241e+04, 1.000000000000000e-10, 1.197967904734791e+09
551, 5.969702442000000e-01, -4.485766250000000e-02, 3.946769673903591e-01, 0.000000000000000e+00, 0.000000000000000e+00, 6.418914909502673e+04, 1.000000000000000e-10, 1.196599199878287e+09
552, 5.999329905000000e-01, -4.441005360000000e-02, 3.949123010944421e-01, 0.000000000000000e+00, 0.000000000000000e+00, 6.421549388749146e+04, 1.000000000000000e-10, 1.195669742911897e+09
553, 6.028966429000000e-01, -4.396848360000000e-02, 3.952441348625705e-01, 0.000000000000000e+00, 0.000000000000000e+00, 6.427349099446776e+04, 1.000000000000000e-10, 1.194732220690986e+09
554, 6.058604630000000e-01, -4.352803920000000e-02, 3.955230764634081e-01, 0.000000000000000e+00, 0.000000000000000e+00, 6.431878283246467e+04, 1.000000000000000e-10, 1.193908979748732e+09
555, 6.088233068000000e-01, -4.308108430000000e-02, 3.959890860090824e-01, 0.000000000000000e+00, 0.000000000000000e+00, 6.440492494970538e+04, 1.000000000000000e-10, 1.192662746870598e+09
556, 6.117840715000000e-01, -4.262056990000000e-02, 3.966537351062136e-01, 0.000000000000000e+00, 0.000000000000000e+00, 6.453574940060494e+04, 1.000000000000000e-10, 1.191014446685954e+09
557, 6.147428891000000e-01, -4.214769180000000e-02, 3.974280507462361e-01, 0.000000000000000e+00, 0.000000000000000e+00, 6.469944829703290e+04, 1.000000000000000e-10, 1.189267652519457e+09
558, 6.177009164000000e-01, -4.166988860000000e-02, 3.982557407076457e-01, 0.000000000000000e+00, 0.000000000000000e+00, 6.487856766803282e+04, 1.000000000000000e-10, 1.187461888985789e+09
559, 6.206593651000000e-01, -4.119470460000000e-02, 3.991731975777582e-01, 0.000000000000000e+00, 0.000000000000000e+00, 6.507603096010380e+04, 1.000000000000000e-10, 1.185455961757338e+09
560, 6.236187181000000e-01, -4.072518330000000e-02, 4.001545861891256e-01, 0.000000000000000e+00, 0.000000000000000e+00, 6.528501347527326e+04, 1.000000000000000e-10, 1.183306509370966e+09
561, 6.265779548000000e-01, -4.025493070000000e-02, 4.011324460061878e-01, 0.000000000000000e+00, 0.000000000000000e+00, 6.548920297298449e+04, 1.000000000000000e-10, 1.181087766505575e+09
562, 6.295358580000000e-01, -3.977637300000000e-02, 4.021530798495478e-01, 0.000000000000000e+00, 0.000000000000000e+00, 6.570112114632886e+04, 1.000000000000000e-10, 1.178760995696064e+09
563, 6.324917848000000e-01, -3.928575100000000e-02, 4.031667017348298e-01, 0.000000000000000e+00, 0.000000000000000e+00, 6.591124623634414e+04, 1.000000000000000e-10, 1.176454315511540e+09
564, 6.354462727000000e-01, -3.878653410000000e-02, 4.041462822175749e-01, 0.000000000000000e+00, 0.000000000000000e+00, 6.611141416119217e+04, 1.000000000000000e-10, 1.174182810279419e+09
565, 6.383993153000000e-01, -3.827883870000000e-02, 4.050504726754360e-01, 0.000000000000000e+00, 0.000000000000000e+00, 6.630026710655272e+04, 1.000000000000000e-10, 1.172159791041423e+09
566, 6.413507560000000e-01, -3.776191640000000e-02, 4.059080389454363e-01, 0.000000000000000e+00, 0.000000000000000e+00, 6.647732604402078e+04, 1.000000000000000e-10, 1.170202175631366e+09
567, 6.443000666000001e-01, -3.723297330000000e-02, 4.067138972222343e-01, 0.000000000000000e+00, 0.000000000000000e+00, 6.664579565508904e+04, 1.000000000000000e-10, 1.168418049946276e+09
568, 6.472482997000000e-01, -3.669805020000000e-02, 4.073656302172335e-01, 0.000000000000000e+00, 0.000000000000000e+00, 6.677757231187432e+04, 1.000000000000000e-10, 1.166924537400285e+09
569, 6.501967952000000e-01, -3.616457690000000e-02, 4.080971315752444e-01, 0.000000000000000e+00, 0.000000000000000e+00, 6.691094325233134e+04, 1.000000000000000e-10, 1.165026392523447e+09
570, 6.531457706000000e-01, -3.563376130000000e-02, 4.088921167499486e-01, 0.000000000000000e+00, 0.000000000000000e+00, 6.706174942901524e+04, 1.000000000000000e-10, 1.163054342204038e+09
571, 6.560947461000000e-01, -3.510294570000000e-02, 4.091847941242416e-01, 0.000000000000000e+00, 0.000000000000000e+00, 6.711465372330541e+04, 1.000000000000000e-10, 1.162282454292318e+09
572, 6.590437216000000e-01, -3.457213010000000e-02, 4.092328153666119e-01, 0.000000000000000e+00, 0.000000000000000e+00, 6.711949314763707e+04, 1.000000000000000e-10, 1.162101754656007e+09
573, 6.619929736000000e-01, -3.404285490000000e-02, 4.095782907228937e-01, 0.000000000000000e+00, 0.000000000000000e+00, 6.718239025888889e+04, 1.000000000000000e-10, 1.161210514312346e+09
574, 6.649427455000000e-01, -3.351648340000000e-02, 4.099895720241037e-01, 0.000000000000000e+00, 0.000000000000000e+00, 6.725194776375566e+04, 1.000000000000000e-10, 1.160075495363796e+09
575, 6.678917876000000e-01, -3.298604320000000e-02, 4.104106064622703e-01, 0.000000000000000e+00, 0.000000000000000e+00, 6.732173337770771e+04, 1.000000000000000e-10, 1.158891808626871e+09
576, 6.708387459000000e-01, -3.244415800000000e-02, 4.109190411159091e-01, 0.000000000000000e+00, 0.000000000000000e+00, 6.741963106864068e+04, 1.000000000000000e-10, 1.157663428159704e+09
577, 6.737831424000000e-01, -3.188851370000000e-02, 4.116060831022978e-01, 0.000000000000000e+00, 0.000000000000000e+00, 6.756696725200540e+04, 1.000000000000000e-10, 1.156219318923748e+09
578, 6.767261656000000e-01, -3.132563310000000e-02, 4.126557712030998e-01, 0.000000000000000e+00, 0.000000000000000e+00, 6.778845417453158e+04, 1.000000000000000e-10, 1.153969249614661e+09
579, 6.796692174000000e-01, -3.076290160000000e-02, 4.132867279987320e-01, 0.000000000000000e+00, 0.000000000000000e+00, 6.792126666720676e+04, 1.000000000000000e-10, 1.152604022040902e+09
580, 6.826129130000000e-01, -3.020354650000000e-02, 4.142436500641567e-01, 0.000000000000000e+00, 0.000000000000000e+00, 6.811969415044723e+04, 1.000000000000000e-10, 1.150515189969309e+09
581, 6.855566182000000e-01, -2.964424250000000e-02, 4.154259153684159e-01, 0.000000000000000e+00, 0.000000000000000e+00, 6.835572215507650e+04, 1.000000000000000e-10, 1.147795389000104e+09
582, 6.885003235000000e-01, -2.908493850000000e-02, 4.166384786820552e-01, 0.000000000000000e+00, 0.000000000000000e+00, 6.859875159459640e+04, 1.000000000000000e-10, 1.145054063458293e+09
583, 6.914440287000000e-01, -2.852563450000000e-02, 4.175206935954911e-01, 0.000000000000000e+00, 0.000000000000000e+00, 6.877854213759142e+04, 1.000000000000000e-10, 1.143108033087506e+09
584, 6.943877340000000e-01, -2.796633050000000e-02, 4.182986628394424e-01, 0.000000000000000e+00, 0.000000000000000e+00, 6.893882442174002e+04, 1.000000000000000e-10, 1.141420732434729e+09
585, 6.973314392000000e-01, -2.740702650000000e-02, 4.189818576671453e-01, 0.000000000000000e+00, 0.000000000000000e+00, 6.907956354567103e+04, 1.000000000000000e-10, 1.139942502840628e+09
586, 7.002751444999999e-01, -2.684772250000000e-02, 4.197943256419741e-01, 0.000000000000000e+00, 0.000000000000000e+00, 6.924755182081882e+04, 1.000000000000000e-10, 1.138197503710952e+09
587, 7.032188497000000e-01, -2.628841850000000e-02, 4.206370540601740e-01, 0.000000000000000e+00, 0.000000000000000e+00, 6.942753747033689e+04, 1.000000000000000e-10, 1.136470113813785e+09
588, 7.061625550000000e-01, -2.572911460000000e-02, 4.211985737489688e-01, 0.000000000000000e+00, 0.000000000000000e+00, 6.955466916577480e+04, 1.000000000000000e-10, 1.135463229957264e+09
589, 7.091062603000000e-01, -2.516981060000000e-02, 4.217481962628830e-01, 0.000000000000000e+00, 0.000000000000000e+00, 6.968191291288259e+04, 1.000000000000000e-10, 1.134473029199078e+09
590, 7.120499655000000e-01, -2.461050660000000e-02, 4.223611104663288e-01, 0.000000000000000e+00, 0.000000000000000e+00, 6.982339663690071e+04, 1.000000000000000e-10, 1.133364687729071e+09
591, 7.149936708000000e-01, -2.405120260000000e-02, 4.228815890443685e-01, 0.000000000000000e+00, 0.000000000000000e+00, 6.994420706248441e+04, 1.000000000000000e-10, 1.132433553139996e+09
592, 7.179373760000000e-01, -2.349189860000000e-02, 4.231461719547554e-01, 0.000000000000000e+00, 0.000000000000000e+00, 7.000579211292655e+04, 1.000000000000000e-10, 1.131962903354182e+09
593, 7.208810812999999e-01, -2.293259460000000e-02, 4.238621337742268e-01, 0.000000000000000e+00, 0.000000000000000e+00, 7.015705959504779e+04, 1.000000000000000e-10, 1.130486500346437e+09
594, 7.238247865000000e-01, -2.237329060000000e-02, 4.245411994374057e-01, 0.000000000000000e+00, 0.000000000000000e+00, 7.030245982100692e+04, 1.000000000000000e-10, 1.129114850017522e+09
595, 7.267684918000000e-01, -2.181398660000000e-02, 4.249839073168055e-01, 0.000000000000000e+00, 0.000000000000000e+00, 7.040531195280918e+04, 1.000000000000000e-10, 1.128328564617054e+09
596, 7.297121971000000e-01, -2.125468260000000e-02, 4.252641475316161e-01, 0.000000000000000e+00, 0.000000000000000e+00, 7.047383875288330e+04, 1.000000000000000e-10, 1.127876295816607e+09
597, 7.326559023000000e-01, -2.069537860000000e-02, 4.259216063546509e-01, 0.000000000000000e+00, 0.000000000000000e+00, 7.061999647557052e+04, 1.000000000000000e-10, 1.126624033383772e+09
598, 7.355996076000000e-01, -2.013607460000000e-02, 4.265190734496804e-01, 0.000000000000000e+00, 0.000000000000000e+00, 7.076065050018777e+04, 1.000000000000000e-10, 1.125590554666431e+09
599, 7.385433128000000e-01, -1.957677060000000e-02, 4.268530134039625e-01, 0.000000000000000e+00, 0.000000000000000e+00, 7.085309032518146e+04, 1.000000000000000e-10, 1.125194164600569e+09
600, 7.414870181000000e-01, -1.901746660000000e-02, 4.271530582596680e-01, 0.000000000000000e+00, 0.000000000000000e+00, 7.093914561143493e+04, 1.000000000000000e-10, 1.124876922630822e+09
601, 7.444307233000000e-01, -1.845816260000000e-02, 4.277625860226767e-01, 0.000000000000000e+00, 0.000000000000000e+00, 7.109106901932528e+04, 1.000000000000000e-10, 1.123933660988009e+09
602, 7.473744286000000e-01, -1.789885860000000e-02, 4.282645535277244e-01, 0.000000000000000e+00, 0.000000000000000e+00, 7.122971034863930e+04, 1.000000000000000e-10, 1.123332808377330e+09
603, 7.503181249000000e-01, -1.733950730000000e-02, 4.286089464190171e-01, 0.000000000000000e+00, 0.000000000000000e+00, 7.133983206016764e+04, 1.000000000000000e-10, 1.123114536643402e+09
604, 7.532611798000000e-01, -1.677679240000000e-02, 4.291192668995592e-01, 0.000000000000000e+00, 0.000000000000000e+00, 7.148880253649970e+04, 1.000000000000000e-10, 1.122603419300555e+09
605, 7.562042001000000e-01, -1.621389660000000e-02, 4.295710451672182e-01, 0.000000000000000e+00, 0.000000000000000e+00, 7.162542304513660e+04, 1.000000000000000e-10, 1.122210465133098e+09
606, 7.591485878000001e-01, -1.565820530000000e-02, 4.301339304765657e-01, 0.000000000000000e+00, 0.000000000000000e+00, 7.176632584219475e+04, 1.000000000000000e-10, 1.121346256618504e+09
607, 7.620955345000000e-01, -1.511625730000000e-02, 4.307877720735740e-01, 0.000000000000000e+00, 0.000000000000000e+00, 7.190285925603703e+04, 1.000000000000000e-10, 1.119995646249171e+09
608, 7.650445705000000e-01, -1.458578350000000e-02, 4.315221453662029e-01, 0.000000000000000e+00, 0.000000000000000e+00, 7.203600001771218e+04, 1.000000000000000e-10, 1.118232756704815e+09
609, 7.679943422000000e-01, -1.405941050000000e-02, 4.322283597287399e-01, 0.000000000000000e+00, 0.000000000000000e+00, 7.216541651493167e+04, 1.000000000000000e-10, 1.116562834744309e+09
610, 7.709435269000000e-01, -1.352976200000000e-02, 4.328025924750206e-01, 0.000000000000000e+00, 0.000000000000000e+00, 7.229626815804947e+04, 1.000000000000000e-10, 1.115524922997406e+09
611, 7.738917632000000e-01, -1.299485690000000e-02, 4.335489935082107e-01, 0.000000000000000e+00, 0.000000000000000e+00, 7.248941458958719e+04, 1.000000000000000e-10, 1.114461991475334e+09
612, 7.768402548000000e-01, -1.246136210000000e-02, 4.336696747161610e-01, 0.000000000000000e+00, 0.000000000000000e+00, 7.256226319794361e+04, 1.000000000000000e-10, 1.114816610324472e+09
613, 7.797903352000000e-01, -1.193673480000000e-02, 4.339887987459913e-01, 0.000000000000000e+00, 0.000000000000000e+00, 7.266631784871792e+04, 1.000000000000000e-10, 1.114613212075334e+09
614, 7.827429347000000e-01, -1.142647830000000e-02, 4.345178899543057e-01, 0.000000000000000e+00, 0.000000000000000e+00, 7.278467757660001e+04, 1.000000000000000e-10, 1.113633712071439e+09
615, 7.856972424999999e-01, -1.092619490000000e-02, 4.351104390880783e-01, 0.000000000000000e+00, 0.000000000000000e+00, 7.289378595314428e+04, 1.000000000000000e-10, 1.112240562847155e+09
616, 7.886519677000000e-01, -1.042837940000000e-02, 4.356696389423835e-01, 0.000000000000000e+00, 0.000000000000000e+00, 7.299516201455581e+04, 1.000000000000000e-10, 1.110912864479366e+09
617, 7.916060843000000e-01, -9.926965700000000e-03, 4.362050818195988e-01, 0.000000000000000e+00, 0.000000000000000e+00, 7.310440986697267e+04, 1.000000000000000e-10, 1.109788279197441e+09
618, 7.945600712999999e-01, -9.424787900000000e-03, 4.366457537738800e-01, 0.000000000000000e+00, 0.000000000000000e+00, 7.320248617019868e+04, 1.000000000000000e-10, 1.108968677917060e+09
619, 7.975140582000000e-01, -8.922610100000001e-03, 4.371808436421838e-01, 0.000000000000000e+00, 0.000000000000000e+00, 7.334324655278765e+04, 1.000000000000000e-10, 1.108244628234185e+09
620, 8.004680280000001e-01, -8.420330800000000e-03, 4.372891566376651e-01, 0.000000000000000e+00, 0.000000000000000e+00, 7.340591299722095e+04, 1.000000000000000e-10, 1.108562468398992e+09
621, 8.034213936000000e-01, -7.914512699999999e-03, 4.376897058537593e-01, 0.000000000000000e+00, 0.000000000000000e+00, 7.353532985166890e+04, 1.000000000000000e-10, 1.108317004194909e+09
622, 8.063747975000000e-01, -7.408918400000000e-03, 4.379349873460983e-01, 0.000000000000000e+00, 0.000000000000000e+00, 7.363343490556612e+04, 1.000000000000000e-10, 1.108360861496960e+09
623, 8.093295144000000e-01, -6.911064600000000e-03, 4.382938598961919e-01, 0.000000000000000e+00, 0.000000000000000e+00, 7.374029836568069e+04, 1.000000000000000e-10, 1.108025614611690e+09
624, 8.122862570000000e-01, -6.425381100000000e-03, 4.386964821852449e-01, 0.000000000000000e+00, 0.000000000000000e+00, 7.383679210016291e+04, 1.000000000000000e-10, 1.107395041991666e+09
625, 8.152444195000000e-01, -5.948422800000000e-03, 4.391500667096894e-01, 0.000000000000000e+00, 0.000000000000000e+00, 7.392747286880757e+04, 1.000000000000000e-10, 1.106436793845263e+09
626, 8.182039458000000e-01, -5.480001300000000e-03, 4.396101984479689e-01, 0.000000000000000e+00, 0.000000000000000e+00, 7.401050730348080e+04, 1.000000000000000e-10, 1.105346982544679e+09
627, 8.211648134000000e-01, -5.020132300000000e-03, 4.400524410334744e-01, 0.000000000000000e+00, 0.000000000000000e+00, 7.408983145719911e+04, 1.000000000000000e-10, 1.104272881233713e+09
628, 8.241269989000000e-01, -4.568831200000000e-03, 4.404525485447802e-01, 0.000000000000000e+00, 0.000000000000000e+00, 7.416630147187760e+04, 1.000000000000000e-10, 1.103346472575409e+09
629, 8.270904793000000e-01, -4.126113200000000e-03, 4.407960783728057e-01, 0.000000000000000e+00, 0.000000000000000e+00, 7.423846390001768e+04, 1.000000000000000e-10, 1.102674105528596e+09
630, 8.300552314000000e-01, -3.691994500000000e-03, 4.412183724107168e-01, 0.000000000000000e+00, 0.000000000000000e+00, 7.432253076857078e+04, 1.000000000000000e-10, 1.101771375946073e+09
631, 8.330216764000000e-01, -3.269608000000000e-03, 4.416013899813990e-01, 0.000000000000000e+00, 0.000000000000000e+00, 7.439357049469872e+04, 1.000000000000000e-10, 1.100897527644402e+09
632, 8.359894521000000e-01, -2.856659800000000e-03, 4.419843179320465e-01, 0.000000000000000e+00, 0.000000000000000e+00, 7.445962196238119e+04, 1.000000000000000e-10, 1.099965872761356e+09
633, 8.389574719000000e-01, -2.445467200000000e-03, 4.423036919815503e-01, 0.000000000000000e+00, 0.000000000000000e+00, 7.452526576233552e+04, 1.000000000000000e-10, 1.099327352519365e+09
634, 8.419245535000000e-01, -2.027571400000000e-03, 4.425050614187965e-01, 0.000000000000000e+00, 0.000000000000000e+00, 7.459774807136122e+04, 1.000000000000000e-10, 1.099297940419150e+09
635, 8.448907007000001e-01, -1.603081000000000e-03, 4.426192499498124e-01, 0.000000000000000e+00, 0.000000000000000e+00, 7.468769172477664e+04, 1.000000000000000e-10, 1.099883045489710e+09
636, 8.478579874000000e-01, -1.186655300000000e-03, 4.427908575800264e-01, 0.000000000000000e+00, 0.000000000000000e+00, 7.478338631739221e+04, 1.000000000000000e-10, 1.100261408415469e+09
637, 8.508284127000000e-01, -7.933073000000000e-04, 4.431587263928393e-01, 0.000000000000000e+00, 0.000000000000000e+00, 7.488363934973961e+04, 1.000000000000000e-10, 1.099750739827744e+09
638, 8.538020126000000e-01, -4.246734000000000e-04, 4.435537464226492e-01, 0.000000000000000e+00, 0.000000000000000e+00, 7.496263289682630e+04, 1.000000000000000e-10, 1.098979556995886e+09
639, 8.567775810000000e-01, -7.225130000000000e-05, 4.439552100058526e-01, 0.000000000000000e+00, 0.000000000000000e+00, 7.502569898478262e+04, 1.000000000000000e-10, 1.097928423592472e+09
640, 8.597541393000000e-01, 2.717253000000000e-04, 4.442743707770851e-01, 0.000000000000000e+00, 0.000000000000000e+00, 7.508035301253546e+04, 1.000000000000000e-10, 1.097127220171442e+09
641, 8.627313085000000e-01, 6.103705000000000e-04, 4.445757183441321e-01, 0.000000000000000e+00, 0.000000000000000e+00, 7.514252448469537e+04, 1.000000000000000e-10, 1.096500386509687e+09
642, 8.657094571000000e-01, 9.402886000000000e-04, 4.448430495786169e-01, 0.000000000000000e+00, 0.000000000000000e+00, 7.520526416982430e+04, 1.000000000000000e-10, 1.096058572422867e+09
643, 8.686885639000000e-01, 1.261439300000000e-03, 4.451247891918187e-01, 0.000000000000000e+00, 0.000000000000000e+00, 7.527529397637311e+04, 1.000000000000000e-10, 1.095631862053664e+09
644, 8.716684840000000e-01, 1.574958600000000e-03, 4.453955293515460e-01, 0.000000000000000e+00, 0.000000000000000e+00, 7.535538936020713e+04, 1.000000000000000e-10, 1.095384388737148e+09
645, 8.746489628000000e-01, 1.883117200000000e-03, 4.456211410010979e-01, 0.000000000000000e+00, 0.000000000000000e+00, 7.543669747441777e+04, 1.000000000000000e-10, 1.095342743075315e+09
646, 8.776306820999999e-01, 2.179005900000000e-03, 4.458941802280583e-01, 0.000000000000000e+00, 0.000000000000000e+00, 7.552113061767607e+04, 1.000000000000000e-10, 1.095116773216473e+09
647, 8.806143131000000e-01, 2.454910800000000e-03, 4.461778084610257e-01, 0.000000000000000e+00, 0.000000000000000e+00, 7.559299026552126e+04, 1.000000000000000e-10, 1.094703049420429e+09
648, 8.835997117000000e-01, 2.711016100000000e-03, 4.464841195939867e-01, 0.000000000000000e+00, 0.000000000000000e+00, 7.565469052795417e+04, 1.000000000000000e-10, 1.094092259216600e+09
649, 8.865865769000000e-01, 2.949408900000000e-03, 4.467965370617438e-01, 0.000000000000000e+00, 0.000000000000000e+00, 7.571441431946104e+04, 1.000000000000000e-10, 1.093407449576185e+09
650, 8.895748055000000e-01, 3.170055600000000e-03, 4.470816103583501e-01, 0.000000000000000e+00, 0.000000000000000e+00, 7.576960289749934e+04, 1.000000000000000e-10, 1.092746262351780e+09
651, 8.925644546000000e-01, 3.370490400000000e-03, 4.473299245143394e-01, 0.000000000000000e+00, 0.000000000000000e+00, 7.581567363652651e+04, 1.000000000000000e-10, 1.092201245602964e+09
652, 8.955553676000000e-01, 3.551155100000000e-03, 4.475451273083040e-01, 0.000000000000000e+00, 0.000000000000000e+00, 7.585127265574889e+04, 1.000000000000000e-10, 1.091666148545083e+09
653, 8.985469777000000e-01, 3.719930400000000e-03, 4.477426514552068e-01, 0.000000000000000e+00, 0.000000000000000e+00, 7.588650636025950e+04, 1.000000000000000e-10, 1.091209996128889e+09
654, 9.015387704000000e-01, 3.885451900000000e-03, 4.478804984863014e-01, 0.000000000000000e+00, 0.000000000000000e+00, 7.594259055677394e+04, 1.000000000000000e-10, 1.091272818759877e+09
655, 9.045306080000000e-01, 4.050146900000000e-03, 4.477369413982807e-01, 0.000000000000000e+00, 0.000000000000000e+00, 7.595473567409490e+04, 1.000000000000000e-10, 1.092052059215322e+09
656, 9.075232441000000e-01, 4.199497100000000e-03, 4.477865341338863e-01, 0.000000000000000e+00, 0.000000000000000e+00, 7.601149757676902e+04, 1.000000000000000e-10, 1.092512305826458e+09
657, 9.105172638000000e-01, 4.317576000000000e-03, 4.479705083834106e-01, 0.000000000000000e+00, 0.000000000000000e+00, 7.607656578982226e+04, 1.000000000000000e-10, 1.092461211284273e+09
658, 9.135124732000000e-01, 4.400428400000000e-03, 4.481571413403165e-01, 0.000000000000000e+00, 0.000000000000000e+00, 7.611671743141314e+04, 1.000000000000000e-10, 1.092105526658041e+09
659, 9.165083028000000e-01, 4.456858500000000e-03, 4.482325948073351e-01, 0.000000000000000e+00, 0.000000000000000e+00, 7.612556681809448e+04, 1.000000000000000e-10, 1.091844131468259e+09
660, 9.195044264000000e-01, 4.494915400000000e-03, 4.481124990463757e-01, 0.000000000000000e+00, 0.000000000000000e+00, 7.610815362225119e+04, 1.000000000000000e-10, 1.092182159824843e+09
661, 9.225006781000000e-01, 4.521098200000000e-03, 4.478910253574682e-01, 0.000000000000000e+00, 0.000000000000000e+00, 7.608521010665863e+04, 1.000000000000000e-10, 1.092901438844053e+09
662, 9.254970225000000e-01, 4.531556300000000e-03, 4.476412164877007e-01, 0.000000000000000e+00, 0.000000000000000e+00, 7.606435448175408e+04, 1.000000000000000e-10, 1.093765191470550e+09
663, 9.284933501000000e-01, 4.518230800000000e-03, 4.474466790025514e-01, 0.000000000000000e+00, 0.000000000000000e+00, 7.604996774105822e+04, 1.000000000000000e-10, 1.094473650093729e+09
664, 9.314893480999999e-01, 4.472444700000000e-03, 4.473584029848458e-01, 0.000000000000000e+00, 0.000000000000000e+00, 7.604062001171756e+04, 1.000000000000000e-10, 1.094756224199162e+09
665, 9.344846103000000e-01, 4.391470900000000e-03, 4.472948608314241e-01, 0.000000000000000e+00, 0.000000000000000e+00, 7.602171522474458e+04, 1.000000000000000e-10, 1.094816283795117e+09
666, 9.374792507000000e-01, 4.289801600000000e-03, 4.470902365065989e-01, 0.000000000000000e+00, 0.000000000000000e+00, 7.596549275665474e+04, 1.000000000000000e-10, 1.095029951689786e+09
667, 9.404737331000000e-01, 4.183520900000000e-03, 4.467226213700205e-01, 0.000000000000000e+00, 0.000000000000000e+00, 7.589173982795008e+04, 1.000000000000000e-10, 1.095830664794203e+09
668, 9.434683278000000e-01, 4.080451000000000e-03, 4.462794364049597e-01, 0.000000000000000e+00, 0.000000000000000e+00, 7.582851430570826e+04, 1.000000000000000e-10, 1.097061689499277e+09
669, 9.464625694000000e-01, 3.967701700000000e-03, 4.458783640111564e-01, 0.000000000000000e+00, 0.000000000000000e+00, 7.578438725194540e+04, 1.000000000000000e-10, 1.098285578208971e+09
670, 9.494557192999999e-01, 3.829211000000000e-03, 4.456779097963958e-01, 0.000000000000000e+00, 0.000000000000000e+00, 7.576660927617144e+04, 1.000000000000000e-10, 1.098972849909256e+09
671, 9.524469545000001e-01, 3.654174900000000e-03, 4.455974879417252e-01, 0.000000000000000e+00, 0.000000000000000e+00, 7.575496891987200e+04, 1.000000000000000e-10, 1.099234376135944e+09
672, 9.554363444000000e-01, 3.449926600000000e-03, 4.453219645356625e-01, 0.000000000000000e+00, 0.000000000000000e+00, 7.570662113572739e+04, 1.000000000000000e-10, 1.099896575608486e+09
673, 9.584242260000000e-01, 3.224624800000000e-03, 4.447891418663220e-01, 0.000000000000000e+00, 0.000000000000000e+00, 7.561383412974616e+04, 1.000000000000000e-10, 1.101157614956286e+09
674, 9.614110739000000e-01, 2.985978000000000e-03, 4.440315511161924e-01, 0.000000000000000e+00, 0.000000000000000e+00, 7.548750875664417e+04, 1.000000000000000e-10, 1.103100491582296e+09
675, 9.643968526000000e-01, 2.734335600000000e-03, 4.431062896951568e-01, 0.000000000000000e+00, 0.000000000000000e+00, 7.536521255983225e+04, 1.000000000000000e-10, 1.105801666946572e+09
676, 9.673808280000000e-01, 2.462191300000000e-03, 4.421533317593470e-01, 0.000000000000000e+00, 0.000000000000000e+00, 7.526459557285262e+04, 1.000000000000000e-10, 1.108920771231138e+09
677, 9.703620847000000e-01, 2.161784500000000e-03, 4.411096467565147e-01, 0.000000000000000e+00, 0.000000000000000e+00, 7.516095525229433e+04, 1.000000000000000e-10, 1.112437625171253e+09
678, 9.733402982000000e-01, 1.832532300000000e-03, 4.396800852031392e-01, 0.000000000000000e+00, 0.000000000000000e+00, 7.501436869209477e+04, 1.000000000000000e-10, 1.117247190024888e+09
679, 9.763154943000000e-01, 1.477044900000000e-03, 4.370661116778579e-01, 0.000000000000000e+00, 0.000000000000000e+00, 7.472530981512209e+04, 1.000000000000000e-10, 1.125860781051775e+09
680, 9.792874526000001e-01, 1.095432300000000e-03, 4.335548387488957e-01, 0.000000000000000e+00, 0.000000000000000e+00, 7.433066094901146e+04, 1.000000000000000e-10, 1.137551756890635e+09
681, 9.822556855000000e-01, 6.858801000000000e-04, 4.307690545774149e-01, 0.000000000000000e+00, 0.000000000000000e+00, 7.416158548986643e+04, 1.000000000000000e-10, 1.148807897725542e+09
682, 9.852198673000000e-01, 2.479352000000000e-04, 4.276298127137720e-01, 0.000000000000000e+00, 0.000000000000000e+00, 7.412746436495504e+04, 1.000000000000000e-10, 1.163719182058350e+09
683, 9.881808922000000e-01, -2.108983000000000e-04, 4.233939041563884e-01, 0.000000000000000e+00, 0.000000000000000e+00, 7.426436227708786e+04, 1.000000000000000e-10, 1.186674412461395e+09
684, 9.911395461000000e-01, -6.847765000000000e-04, 4.193952793139170e-01, 0.000000000000000e+00, 0.000000000000000e+00, 7.434388260945094e+04, 1.000000000000000e-10, 1.208274857210256e+09
685, 9.940944037000000e-01, -1.181769000000000e-03, 4.134976191732657e-01, 0.000000000000000e+00, 0.000000000000000e+00, 7.367409748548499e+04, 1.000000000000000e-10, 1.230592968641848e+09
686, 9.970470357000000e-01, -1.691851000000000e-03, 3.960285674123614e-01, 0.000000000000000e+00, 0.000000000000000e+00, 7.059211453802175e+04, 1.000000000000000e-10, 1.285324176993985e+09
687, 1.000000000000000e+00, 5.500000000000000e-04, 3.634017290550250e-01, 0.000000000000000e+00, 0.000000000000000e+00, 6.316558164286274e+04, 1.000000000000000e-10, 1.372420656845405e+09
