"PointID","x","y","Density","Momentum_x","Momentum_y","Energy","Turb_Kin_Energy","Omega"
0, 1.000000000000000e+00, 3.300000000000000e-03, 3.881658894641959e-01, 0.000000000000000e+00, 0.000000000000000e+00, 6.541784502115567e+04, 1.000000000000000e-10, 1.252866277638499e+09
1, 1.000000000000000e+00, -2.200000000000000e-03, 3.954488614143918e-01, 0.000000000000000e+00, 0.000000000000000e+00, 6.854920721163732e+04, 1.000000000000000e-10, 1.258412327166506e+09
6, 9.970624071000000e-01, 3.890565800000000e-03, 3.993193184348114e-01, 0.000000000000000e+00, 0.000000000000000e+00, 6.896233702584346e+04, 1.000000000000000e-10, 1.242413918944903e+09
7, 9.941250122000000e-01, 4.482116400000000e-03, 4.061949422102171e-01, 0.000000000000000e+00, 0.000000000000000e+00, 7.023560642404149e+04, 1.000000000000000e-10, 1.222602372629242e+09
8, 9.911863511000000e-01, 5.067337600000000e-03, 4.078173072956341e-01, 0.000000000000000e+00, 0.000000000000000e+00, 7.020857650915922e+04, 1.000000000000000e-10, 1.213465126451337e+09
9, 9.882453375000000e-01, 5.640619800000000e-03, 4.082679759198166e-01, 0.000000000000000e+00, 0.000000000000000e+00, 6.966371411477948e+04, 1.000000000000000e-10, 1.203357779883118e+09
10, 9.853025951000000e-01, 6.204961100000000e-03, 4.094912640993495e-01, 0.000000000000000e+00, 0.000000000000000e+00, 6.917371429409459e+04, 1.000000000000000e-10, 1.189873367464797e+09
11, 9.823582610000000e-01, 6.760941000000000e-03, 4.115469108625243e-01, 0.000000000000000e+00, 0.000000000000000e+00, 6.891845485916635e+04, 1.000000000000000e-10, 1.175536355789751e+09
12, 9.794123284000000e-01, 7.308384000000000e-03, 4.136915875608382e-01, 0.000000000000000e+00, 0.000000000000000e+00, 6.882848973573257e+04, 1.000000000000000e-10, 1.163213111504414e+09
13, 9.764641925999999e-01, 7.843832699999999e-03, 4.152266350382889e-01, 0.000000000000000e+00, 0.000000000000000e+00, 6.878230614206464e+04, 1.000000000000000e-10, 1.154747255023789e+09
14, 9.735146296000000e-01, 8.371372199999999e-03, 4.160323400201441e-01, 0.000000000000000e+00, 0.000000000000000e+00, 6.872006604458507e+04, 1.000000000000000e-10, 1.149800440973649e+09
15, 9.705649844999999e-01, 8.898453400000001e-03, 4.161872935963885e-01, 0.000000000000000e+00, 0.000000000000000e+00, 6.861258997036256e+04, 1.000000000000000e-10, 1.147537931013123e+09
16, 9.676163612000001e-01, 9.431218700000001e-03, 4.159915152520318e-01, 0.000000000000000e+00, 0.000000000000000e+00, 6.849014638601328e+04, 1.000000000000000e-10, 1.146832951415888e+09
17, 9.646681685000000e-01, 9.966365099999999e-03, 4.155920328936674e-01, 0.000000000000000e+00, 0.000000000000000e+00, 6.836683337053901e+04, 1.000000000000000e-10, 1.147134099958828e+09
18, 9.617190649000000e-01, 1.049646250000000e-02, 4.151018456206024e-01, 0.000000000000000e+00, 0.000000000000000e+00, 6.825168087530295e+04, 1.000000000000000e-10, 1.148044507850422e+09
19, 9.587677714000000e-01, 1.101421520000000e-02, 4.145577878423709e-01, 0.000000000000000e+00, 0.000000000000000e+00, 6.814263624928796e+04, 1.000000000000000e-10, 1.149278541407618e+09
20, 9.558141732000000e-01, 1.151866560000000e-02, 4.139812803227709e-01, 0.000000000000000e+00, 0.000000000000000e+00, 6.803381057786543e+04, 1.000000000000000e-10, 1.150679313312777e+09
21, 9.528595023999999e-01, 1.201680390000000e-02, 4.134670168927188e-01, 0.000000000000000e+00, 0.000000000000000e+00, 6.793662597677115e+04, 1.000000000000000e-10, 1.151933205166368e+09
22, 9.499050355999999e-01, 1.251614840000000e-02, 4.128558853213692e-01, 0.000000000000000e+00, 0.000000000000000e+00, 6.781989955190466e+04, 1.000000000000000e-10, 1.153365221318907e+09
23, 9.469515835000000e-01, 1.302146080000000e-02, 4.123376754616983e-01, 0.000000000000000e+00, 0.000000000000000e+00, 6.772890879314016e+04, 1.000000000000000e-10, 1.154751272435687e+09
24, 9.439982552000000e-01, 1.352749770000000e-02, 4.115650814802789e-01, 0.000000000000000e+00, 0.000000000000000e+00, 6.758769376948633e+04, 1.000000000000000e-10, 1.156741180092062e+09
25, 9.410437731000000e-01, 1.402674480000000e-02, 4.109773107413675e-01, 0.000000000000000e+00, 0.000000000000000e+00, 6.747932461263426e+04, 1.000000000000000e-10, 1.158227707974030e+09
26, 9.380870172000000e-01, 1.451233270000000e-02, 4.104746259201167e-01, 0.000000000000000e+00, 0.000000000000000e+00, 6.738354485235972e+04, 1.000000000000000e-10, 1.159456720240644e+09
27, 9.351283061000000e-01, 1.498587720000000e-02, 4.100256828635845e-01, 0.000000000000000e+00, 0.000000000000000e+00, 6.729464663501193e+04, 1.000000000000000e-10, 1.160504759428836e+09
28, 9.321688618000000e-01, 1.545482400000000e-02, 4.096126457293323e-01, 0.000000000000000e+00, 0.000000000000000e+00, 6.720798263245949e+04, 1.000000000000000e-10, 1.161405681170673e+09
29, 9.292098398000000e-01, 1.592642560000000e-02, 4.092832007895882e-01, 0.000000000000000e+00, 0.000000000000000e+00, 6.713595126547174e+04, 1.000000000000000e-10, 1.162083616141407e+09
30, 9.262511042000000e-01, 1.639982330000000e-02, 4.091155025811126e-01, 0.000000000000000e+00, 0.000000000000000e+00, 6.710148682157310e+04, 1.000000000000000e-10, 1.162446776832272e+09
31, 9.232923687000000e-01, 1.687322100000000e-02, 4.086037669915546e-01, 0.000000000000000e+00, 0.000000000000000e+00, 6.700426359329626e+04, 1.000000000000000e-10, 1.163719383550676e+09
32, 9.203336331000000e-01, 1.734661870000000e-02, 4.077616068047409e-01, 0.000000000000000e+00, 0.000000000000000e+00, 6.684390265727714e+04, 1.000000000000000e-10, 1.165785678042785e+09
33, 9.173752952000001e-01, 1.782249320000000e-02, 4.070554687283565e-01, 0.000000000000000e+00, 0.000000000000000e+00, 6.671894514948029e+04, 1.000000000000000e-10, 1.167684676622501e+09
34, 9.144172403000000e-01, 1.830012520000000e-02, 4.064516480870737e-01, 0.000000000000000e+00, 0.000000000000000e+00, 6.661219196240103e+04, 1.000000000000000e-10, 1.169328040976542e+09
35, 9.114582624000001e-01, 1.877199790000000e-02, 4.058893520920617e-01, 0.000000000000000e+00, 0.000000000000000e+00, 6.651043426804100e+04, 1.000000000000000e-10, 1.170808324742278e+09
36, 9.084972381000000e-01, 1.923083950000000e-02, 4.054157429043307e-01, 0.000000000000000e+00, 0.000000000000000e+00, 6.641981240702486e+04, 1.000000000000000e-10, 1.171985725230439e+09
37, 9.055342297000000e-01, 1.967670440000000e-02, 4.050259856263749e-01, 0.000000000000000e+00, 0.000000000000000e+00, 6.633839407565795e+04, 1.000000000000000e-10, 1.172857042318556e+09
38, 9.025703724000000e-01, 2.011689840000000e-02, 4.046643669875841e-01, 0.000000000000000e+00, 0.000000000000000e+00, 6.625810573695328e+04, 1.000000000000000e-10, 1.173569434945611e+09
39, 8.996067964000000e-01, 2.055898050000000e-02, 4.043986338297810e-01, 0.000000000000000e+00, 0.000000000000000e+00, 6.619710654551120e+04, 1.000000000000000e-10, 1.174084347493342e+09
40, 8.966435791000000e-01, 2.100346310000000e-02, 4.043581396958185e-01, 0.000000000000000e+00, 0.000000000000000e+00, 6.618767860561429e+04, 1.000000000000000e-10, 1.174160898671753e+09
41, 8.936803618000000e-01, 2.144794570000000e-02, 4.040556325284029e-01, 0.000000000000000e+00, 0.000000000000000e+00, 6.612786511747746e+04, 1.000000000000000e-10, 1.174888817382623e+09
42, 8.907171444000000e-01, 2.189242830000000e-02, 4.034820143232528e-01, 0.000000000000000e+00, 0.000000000000000e+00, 6.601919415497358e+04, 1.000000000000000e-10, 1.176341356467701e+09
43, 8.877539271000000e-01, 2.233691090000000e-02, 4.028619217052883e-01, 0.000000000000000e+00, 0.000000000000000e+00, 6.590052058104312e+04, 1.000000000000000e-10, 1.177897814669677e+09
44, 8.847907098000000e-01, 2.278139350000000e-02, 4.021852611167669e-01, 0.000000000000000e+00, 0.000000000000000e+00, 6.576375343042640e+04, 1.000000000000000e-10, 1.179511763309944e+09
45, 8.818274925000000e-01, 2.322587610000000e-02, 4.016738844502483e-01, 0.000000000000000e+00, 0.000000000000000e+00, 6.565682163457699e+04, 1.000000000000000e-10, 1.180666963237972e+09
46, 8.788643591999999e-01, 2.367091770000000e-02, 4.008525455496567e-01, 0.000000000000000e+00, 0.000000000000000e+00, 6.549918016684433e+04, 1.000000000000000e-10, 1.182718091075126e+09
47, 8.759017882000000e-01, 2.411968790000000e-02, 4.001814327862401e-01, 0.000000000000000e+00, 0.000000000000000e+00, 6.538340338641027e+04, 1.000000000000000e-10, 1.184643894513741e+09
48, 8.729389200000000e-01, 2.456648860000000e-02, 3.996313814149659e-01, 0.000000000000000e+00, 0.000000000000000e+00, 6.529157973208654e+04, 1.000000000000000e-10, 1.186245093114587e+09
49, 8.699746207000000e-01, 2.500367940000000e-02, 3.991970644280444e-01, 0.000000000000000e+00, 0.000000000000000e+00, 6.521990143082973e+04, 1.000000000000000e-10, 1.187537395387244e+09
50, 8.670081947000000e-01, 2.542619980000000e-02, 3.989255279457634e-01, 0.000000000000000e+00, 0.000000000000000e+00, 6.517250507418584e+04, 1.000000000000000e-10, 1.188253181188287e+09
51, 8.640404269000000e-01, 2.583920470000000e-02, 3.987784623614696e-01, 0.000000000000000e+00, 0.000000000000000e+00, 6.514521561711540e+04, 1.000000000000000e-10, 1.188679199318690e+09
52, 8.610724042000000e-01, 2.625037680000000e-02, 3.986611540268424e-01, 0.000000000000000e+00, 0.000000000000000e+00, 6.512435730319632e+04, 1.000000000000000e-10, 1.189003401011213e+09
53, 8.581049055000000e-01, 2.666531320000000e-02, 3.986147276140770e-01, 0.000000000000000e+00, 0.000000000000000e+00, 6.512597670230436e+04, 1.000000000000000e-10, 1.189280806831909e+09
54, 8.551374771000000e-01, 2.708075320000000e-02, 3.983627987637669e-01, 0.000000000000000e+00, 0.000000000000000e+00, 6.508829433713715e+04, 1.000000000000000e-10, 1.190064053288980e+09
55, 8.521700487000000e-01, 2.749619320000000e-02, 3.980662008134962e-01, 0.000000000000000e+00, 0.000000000000000e+00, 6.504282400546663e+04, 1.000000000000000e-10, 1.190996030013700e+09
56, 8.492026203000000e-01, 2.791163320000000e-02, 3.978375038733532e-01, 0.000000000000000e+00, 0.000000000000000e+00, 6.500898943952302e+04, 1.000000000000000e-10, 1.191734218991986e+09
57, 8.462351919000000e-01, 2.832707310000000e-02, 3.976063742374955e-01, 0.000000000000000e+00, 0.000000000000000e+00, 6.496505586048888e+04, 1.000000000000000e-10, 1.192333445717391e+09
58, 8.432677635000000e-01, 2.874251310000000e-02, 3.973287182923284e-01, 0.000000000000000e+00, 0.000000000000000e+00, 6.490858622294916e+04, 1.000000000000000e-10, 1.193000840224689e+09
59, 8.403003351000000e-01, 2.915795310000000e-02, 3.965739180932945e-01, 0.000000000000000e+00, 0.000000000000000e+00, 6.476439986261007e+04, 1.000000000000000e-10, 1.194953025480098e+09
60, 8.373332662000000e-01, 2.957595020000000e-02, 3.958405152324460e-01, 0.000000000000000e+00, 0.000000000000000e+00, 6.463782790680972e+04, 1.000000000000000e-10, 1.197062896959362e+09
61, 8.343664342000000e-01, 2.999562810000000e-02, 3.951406907565158e-01, 0.000000000000000e+00, 0.000000000000000e+00, 6.451714289659590e+04, 1.000000000000000e-10, 1.199077610910858e+09
62, 8.313987667000000e-01, 3.040934680000000e-02, 3.944753220419685e-01, 0.000000000000000e+00, 0.000000000000000e+00, 6.439753330119791e+04, 1.000000000000000e-10, 1.200947394741706e+09
63, 8.284292787999999e-01, 3.080977400000000e-02, 3.939325393404879e-01, 0.000000000000000e+00, 0.000000000000000e+00, 6.428953019241002e+04, 1.000000000000000e-10, 1.202295135684724e+09
64, 8.254580666000000e-01, 3.119721670000000e-02, 3.935268354912381e-01, 0.000000000000000e+00, 0.000000000000000e+00, 6.419519896081024e+04, 1.000000000000000e-10, 1.203098882064637e+09
65, 8.224861366000000e-01, 3.157912440000000e-02, 3.931800704852477e-01, 0.000000000000000e+00, 0.000000000000000e+00, 6.410897895322352e+04, 1.000000000000000e-10, 1.203687554829207e+09
66, 8.195144758000000e-01, 3.196311810000000e-02, 3.929173225885232e-01, 0.000000000000000e+00, 0.000000000000000e+00, 6.404711345992913e+04, 1.000000000000000e-10, 1.204159351851487e+09
67, 8.165431104999999e-01, 3.234939560000000e-02, 3.928851849469102e-01, 0.000000000000000e+00, 0.000000000000000e+00, 6.404126946649239e+04, 1.000000000000000e-10, 1.204273744889938e+09
68, 8.135717453000000e-01, 3.273567310000000e-02, 3.926025408581790e-01, 0.000000000000000e+00, 0.000000000000000e+00, 6.398774912844806e+04, 1.000000000000000e-10, 1.205024712985482e+09
69, 8.106003801000000e-01, 3.312195060000000e-02, 3.920569546630124e-01, 0.000000000000000e+00, 0.000000000000000e+00, 6.388942730093977e+04, 1.000000000000000e-10, 1.206561014417627e+09
70, 8.076290148000000e-01, 3.350822810000000e-02, 3.914130376589382e-01, 0.000000000000000e+00, 0.000000000000000e+00, 6.377206184926523e+04, 1.000000000000000e-10, 1.208351079818210e+09
71, 8.046576496000000e-01, 3.389450560000000e-02, 3.908115729983970e-01, 0.000000000000000e+00, 0.000000000000000e+00, 6.365702620056694e+04, 1.000000000000000e-10, 1.209984587747654e+09
72, 8.016862843000000e-01, 3.428078300000000e-02, 3.903924367979650e-01, 0.000000000000000e+00, 0.000000000000000e+00, 6.357353143474317e+04, 1.000000000000000e-10, 1.211006281083673e+09
73, 7.987150113000000e-01, 3.466776800000000e-02, 3.895545715350442e-01, 0.000000000000000e+00, 0.000000000000000e+00, 6.341678468653173e+04, 1.000000000000000e-10, 1.213250156072587e+09
74, 7.957442224000000e-01, 3.505845300000000e-02, 3.888178987294756e-01, 0.000000000000000e+00, 0.000000000000000e+00, 6.329384880176283e+04, 1.000000000000000e-10, 1.215581996273409e+09
75, 7.927731192000000e-01, 3.544673620000000e-02, 3.882058011809281e-01, 0.000000000000000e+00, 0.000000000000000e+00, 6.319326527250960e+04, 1.000000000000000e-10, 1.217483614518266e+09
76, 7.898007096000000e-01, 3.582487200000000e-02, 3.876877277146809e-01, 0.000000000000000e+00, 0.000000000000000e+00, 6.310443073348080e+04, 1.000000000000000e-10, 1.219015543038246e+09
77, 7.868264558000000e-01, 3.618821970000000e-02, 3.873287239821070e-01, 0.000000000000000e+00, 0.000000000000000e+00, 6.303320729027020e+04, 1.000000000000000e-10, 1.219962225921232e+09
78, 7.838510978000000e-01, 3.654242800000000e-02, 3.870930397920508e-01, 0.000000000000000e+00, 0.000000000000000e+00, 6.297870549605410e+04, 1.000000000000000e-10, 1.220446094911474e+09
79, 7.808755783000000e-01, 3.689528040000000e-02, 3.868953521499970e-01, 0.000000000000000e+00, 0.000000000000000e+00, 6.293654729027027e+04, 1.000000000000000e-10, 1.220891323775977e+09
80, 7.779005125000000e-01, 3.725193850000000e-02, 3.868221955934423e-01, 0.000000000000000e+00, 0.000000000000000e+00, 6.293087422504659e+04, 1.000000000000000e-10, 1.221222224456049e+09
81, 7.749254880000001e-01, 3.760894140000000e-02, 3.865478843456008e-01, 0.000000000000000e+00, 0.000000000000000e+00, 6.288966842367076e+04, 1.000000000000000e-10, 1.222134364492235e+09
82, 7.719504636000000e-01, 3.796594440000000e-02, 3.862763841300846e-01, 0.000000000000000e+00, 0.000000000000000e+00, 6.284763893250949e+04, 1.000000000000000e-10, 1.223010373784424e+09
83, 7.689754391000000e-01, 3.832294730000000e-02, 3.859921279089285e-01, 0.000000000000000e+00, 0.000000000000000e+00, 6.279500604163015e+04, 1.000000000000000e-10, 1.223808080598518e+09
84, 7.660004146000000e-01, 3.867995020000000e-02, 3.857151642547068e-01, 0.000000000000000e+00, 0.000000000000000e+00, 6.273775602874391e+04, 1.000000000000000e-10, 1.224489920421027e+09
85, 7.630253902000000e-01, 3.903695320000000e-02, 3.853293481699104e-01, 0.000000000000000e+00, 0.000000000000000e+00, 6.265994097956472e+04, 1.000000000000000e-10, 1.225472204921005e+09
86, 7.600503657000000e-01, 3.939395610000000e-02, 3.846138677471760e-01, 0.000000000000000e+00, 0.000000000000000e+00, 6.252944297937742e+04, 1.000000000000000e-10, 1.227521989302821e+09
87, 7.570757010000000e-01, 3.975394130000000e-02, 3.840267164231974e-01, 0.000000000000000e+00, 0.000000000000000e+00, 6.243774968755384e+04, 1.000000000000000e-10, 1.229460464941566e+09
88, 7.541011654999999e-01, 4.011499540000000e-02, 3.835102170944329e-01, 0.000000000000000e+00, 0.000000000000000e+00, 6.236136786036540e+04, 1.000000000000000e-10, 1.231267331431604e+09
89, 7.511258242000000e-01, 4.046933410000000e-02, 3.830563318139260e-01, 0.000000000000000e+00, 0.000000000000000e+00, 6.229104344390296e+04, 1.000000000000000e-10, 1.232783271628011e+09
90, 7.481488621000000e-01, 4.080977130000000e-02, 3.827539970581742e-01, 0.000000000000000e+00, 0.000000000000000e+00, 6.223449053661426e+04, 1.000000000000000e-10, 1.233617515492394e+09
91, 7.451704939000000e-01, 4.113770130000000e-02, 3.825476169537331e-01, 0.000000000000000e+00, 0.000000000000000e+00, 6.218279797895619e+04, 1.000000000000000e-10, 1.233989011778341e+09
92, 7.421915967000000e-01, 4.146079960000000e-02, 3.823266533340957e-01, 0.000000000000000e+00, 0.000000000000000e+00, 6.212842414218543e+04, 1.000000000000000e-10, 1.234398670262727e+09
93, 7.392129909000000e-01, 4.178657100000000e-02, 3.820906253824315e-01, 0.000000000000000e+00, 0.000000000000000e+00, 6.208136561059987e+04, 1.000000000000000e-10, 1.235017866546613e+09
94, 7.362345880000000e-01, 4.211419530000000e-02, 3.818957565523259e-01, 0.000000000000000e+00, 0.000000000000000e+00, 6.205652010583422e+04, 1.000000000000000e-10, 1.235764557936939e+09
95, 7.332561850000000e-01, 4.244181960000000e-02, 3.814085581313143e-01, 0.000000000000000e+00, 0.000000000000000e+00, 6.196865532913800e+04, 1.000000000000000e-10, 1.237227884042408e+09
96, 7.302777821000001e-01, 4.276944400000000e-02, 3.805802148746232e-01, 0.000000000000000e+00, 0.000000000000000e+00, 6.182236563168313e+04, 1.000000000000000e-10, 1.239726423302325e+09
97, 7.272996700000000e-01, 4.309969770000000e-02, 3.800314897061621e-01, 0.000000000000000e+00, 0.000000000000000e+00, 6.174388037176481e+04, 1.000000000000000e-10, 1.241693773730407e+09
98, 7.243217382000000e-01, 4.343157600000000e-02, 3.796294057155915e-01, 0.000000000000000e+00, 0.000000000000000e+00, 6.170685477554261e+04, 1.000000000000000e-10, 1.243447694869131e+09
99, 7.213431270000000e-01, 4.375728880000000e-02, 3.794033329190575e-01, 0.000000000000000e+00, 0.000000000000000e+00, 6.169429308729620e+04, 1.000000000000000e-10, 1.244592448801445e+09
100, 7.183630640000001e-01, 4.406941800000000e-02, 3.794755085398511e-01, 0.000000000000000e+00, 0.000000000000000e+00, 6.171993108264005e+04, 1.000000000000000e-10, 1.244619574807990e+09
101, 7.153816632000000e-01, 4.436852160000000e-02, 3.798346681701139e-01, 0.000000000000000e+00, 0.000000000000000e+00, 6.179327246156245e+04, 1.000000000000000e-10, 1.243691302191624e+09
102, 7.123997234000000e-01, 4.466221600000000e-02, 3.803877540105295e-01, 0.000000000000000e+00, 0.000000000000000e+00, 6.190807043002137e+04, 1.000000000000000e-10, 1.242224951146642e+09
103, 7.094180101999999e-01, 4.495819900000000e-02, 3.810448720604424e-01, 0.000000000000000e+00, 0.000000000000000e+00, 6.205988588345203e+04, 1.000000000000000e-10, 1.240890535604315e+09
104, 7.064365126000000e-01, 4.525634870000000e-02, 3.818998996481368e-01, 0.000000000000000e+00, 0.000000000000000e+00, 6.227145046330722e+04, 1.000000000000000e-10, 1.239302735686129e+09
105, 7.034550149000000e-01, 4.555449850000000e-02, 3.824143626849256e-01, 0.000000000000000e+00, 0.000000000000000e+00, 6.242015572686780e+04, 1.000000000000000e-10, 1.238659774139057e+09
106, 7.004735172000000e-01, 4.585264830000000e-02, 3.829505998200211e-01, 0.000000000000000e+00, 0.000000000000000e+00, 6.256746009050642e+04, 1.000000000000000e-10, 1.237903072284546e+09
107, 6.974920194999999e-01, 4.615079800000000e-02, 3.834052272429134e-01, 0.000000000000000e+00, 0.000000000000000e+00, 6.268766002103929e+04, 1.000000000000000e-10, 1.237184301139638e+09
108, 6.945105217999999e-01, 4.644894780000000e-02, 3.836843865331533e-01, 0.000000000000000e+00, 0.000000000000000e+00, 6.275543368536283e+04, 1.000000000000000e-10, 1.236659318633185e+09
109, 6.915290242000000e-01, 4.674709760000000e-02, 3.838016602390416e-01, 0.000000000000000e+00, 0.000000000000000e+00, 6.279751597852658e+04, 1.000000000000000e-10, 1.236663399016467e+09
110, 6.885476161000000e-01, 4.704613990000000e-02, 3.836103653753211e-01, 0.000000000000000e+00, 0.000000000000000e+00, 6.278608884392287e+04, 1.000000000000000e-10, 1.237603733618680e+09
111, 6.855665742000000e-01, 4.734881320000000e-02, 3.832534693992725e-01, 0.000000000000000e+00, 0.000000000000000e+00, 6.275409418010611e+04, 1.000000000000000e-10, 1.239187222441650e+09
112, 6.825852395999999e-01, 4.764858270000000e-02, 3.826628434913374e-01, 0.000000000000000e+00, 0.000000000000000e+00, 6.266980799710481e+04, 1.000000000000000e-10, 1.241286908887229e+09
113, 6.796028435000000e-01, 4.793757530000000e-02, 3.816662637044979e-01, 0.000000000000000e+00, 0.000000000000000e+00, 6.248118582694132e+04, 1.000000000000000e-10, 1.244110129731626e+09
114, 6.766190426000001e-01, 4.821169240000000e-02, 3.802149186499338e-01, 0.000000000000000e+00, 0.000000000000000e+00, 6.216067387885730e+04, 1.000000000000000e-10, 1.247486119088819e+09
115, 6.736344527000000e-01, 4.847710350000000e-02, 3.783872469627158e-01, 0.000000000000000e+00, 0.000000000000000e+00, 6.172940966632478e+04, 1.000000000000000e-10, 1.251292455389624e+09
116, 6.706497918000000e-01, 4.874171610000000e-02, 3.764932148192064e-01, 0.000000000000000e+00, 0.000000000000000e+00, 6.127465377716864e+04, 1.000000000000000e-10, 1.255107337546265e+09
117, 6.676654681999999e-01, 4.901010790000000e-02, 3.746860054534227e-01, 0.000000000000000e+00, 0.000000000000000e+00, 6.084776436432164e+04, 1.000000000000000e-10, 1.258889702872375e+09
118, 6.646811620999999e-01, 4.927869540000000e-02, 3.722126351478887e-01, 0.000000000000000e+00, 0.000000000000000e+00, 6.030994997435221e+04, 1.000000000000000e-10, 1.264890822442481e+09
119, 6.616968561000000e-01, 4.954728290000000e-02, 3.694655098079792e-01, 0.000000000000000e+00, 0.000000000000000e+00, 5.972382191464058e+04, 1.000000000000000e-10, 1.271855734227847e+09
120, 6.587126148000000e-01, 4.981658670000000e-02, 3.664030931581962e-01, 0.000000000000000e+00, 0.000000000000000e+00, 5.909889219226258e+04, 1.000000000000000e-10, 1.280153473063174e+09
121, 6.557287142000000e-01, 5.008964140000000e-02, 3.638066673613167e-01, 0.000000000000000e+00, 0.000000000000000e+00, 5.858058795606437e+04, 1.000000000000000e-10, 1.287475571340301e+09
122, 6.527445878000000e-01, 5.036021100000000e-02, 3.616734674853483e-01, 0.000000000000000e+00, 0.000000000000000e+00, 5.815259874105061e+04, 1.000000000000000e-10, 1.293490030318918e+09
123, 6.497595392000000e-01, 5.062038200000000e-02, 3.598472559467922e-01, 0.000000000000000e+00, 0.000000000000000e+00, 5.777286466596349e+04, 1.000000000000000e-10, 1.298452326603744e+09
124, 6.467732199000000e-01, 5.086554410000000e-02, 3.583008587266590e-01, 0.000000000000000e+00, 0.000000000000000e+00, 5.743045646711470e+04, 1.000000000000000e-10, 1.302283550845025e+09
125, 6.437861620000001e-01, 5.110156080000000e-02, 3.570809549167513e-01, 0.000000000000000e+00, 0.000000000000000e+00, 5.715148390874857e+04, 1.000000000000000e-10, 1.305094568914259e+09
126, 6.407990088000000e-01, 5.133637300000000e-02, 3.560892868732429e-01, 0.000000000000000e+00, 0.000000000000000e+00, 5.693980026734011e+04, 1.000000000000000e-10, 1.307718069523923e+09
127, 6.378123096000000e-01, 5.157688470000000e-02, 3.552090140093873e-01, 0.000000000000000e+00, 0.000000000000000e+00, 5.677655602270102e+04, 1.000000000000000e-10, 1.310537918576949e+09
128, 6.348258525000000e-01, 5.182039160000000e-02, 3.544060201259691e-01, 0.000000000000000e+00, 0.000000000000000e+00, 5.664741516677749e+04, 1.000000000000000e-10, 1.313502844576699e+09
129, 6.318390014000000e-01, 5.205900390000000e-02, 3.538349824824475e-01, 0.000000000000000e+00, 0.000000000000000e+00, 5.656492837467068e+04, 1.000000000000000e-10, 1.315792573776481e+09
130, 6.288511656000000e-01, 5.228491860000000e-02, 3.535618104495488e-01, 0.000000000000000e+00, 0.000000000000000e+00, 5.652127598574533e+04, 1.000000000000000e-10, 1.316835031190594e+09
131, 6.258622963000000e-01, 5.249674920000000e-02, 3.535588445878002e-01, 0.000000000000000e+00, 0.000000000000000e+00, 5.650590231322061e+04, 1.000000000000000e-10, 1.316541626169414e+09
132, 6.228729552000000e-01, 5.270183440000000e-02, 3.537001833245139e-01, 0.000000000000000e+00, 0.000000000000000e+00, 5.650876267298887e+04, 1.000000000000000e-10, 1.315633639111721e+09
133, 6.198836982000000e-01, 5.290814110000000e-02, 3.539418065492116e-01, 0.000000000000000e+00, 0.000000000000000e+00, 5.653781126282871e+04, 1.000000000000000e-10, 1.314528991721712e+09
134, 6.168946444000000e-01, 5.311737490000000e-02, 3.543280121055843e-01, 0.000000000000000e+00, 0.000000000000000e+00, 5.661496104036139e+04, 1.000000000000000e-10, 1.313411167546606e+09
135, 6.139055905000000e-01, 5.332660870000000e-02, 3.544005241207251e-01, 0.000000000000000e+00, 0.000000000000000e+00, 5.664531372566357e+04, 1.000000000000000e-10, 1.313505330486510e+09
136, 6.109165367000000e-01, 5.353584240000000e-02, 3.542968832760248e-01, 0.000000000000000e+00, 0.000000000000000e+00, 5.665057962596840e+04, 1.000000000000000e-10, 1.314310659297593e+09
137, 6.079276023000000e-01, 5.374677020000000e-02, 3.543364916030591e-01, 0.000000000000000e+00, 0.000000000000000e+00, 5.669871740748914e+04, 1.000000000000000e-10, 1.314930254602222e+09
138, 6.049388740000000e-01, 5.396060430000000e-02, 3.543623741301044e-01, 0.000000000000000e+00, 0.000000000000000e+00, 5.676297055231613e+04, 1.000000000000000e-10, 1.316044304446794e+09
139, 6.019498206000000e-01, 5.416983050000000e-02, 3.544424471670988e-01, 0.000000000000000e+00, 0.000000000000000e+00, 5.683501034733572e+04, 1.000000000000000e-10, 1.316886965543380e+09
140, 5.989599226000000e-01, 5.436657950000000e-02, 3.547676908992324e-01, 0.000000000000000e+00, 0.000000000000000e+00, 5.692986338678333e+04, 1.000000000000000e-10, 1.316491874227167e+09
141, 5.959691164000001e-01, 5.454903410000000e-02, 3.553566390358915e-01, 0.000000000000000e+00, 0.000000000000000e+00, 5.705282117959892e+04, 1.000000000000000e-10, 1.314838843445105e+09
142, 5.929778870000000e-01, 5.472444030000000e-02, 3.560786321869236e-01, 0.000000000000000e+00, 0.000000000000000e+00, 5.719763767367652e+04, 1.000000000000000e-10, 1.312747866645286e+09
143, 5.899867137000000e-01, 5.490079730000000e-02, 3.566168745555280e-01, 0.000000000000000e+00, 0.000000000000000e+00, 5.731934046992107e+04, 1.000000000000000e-10, 1.311436042689538e+09
144, 5.869959152999999e-01, 5.508340180000000e-02, 3.570307152664288e-01, 0.000000000000000e+00, 0.000000000000000e+00, 5.744910374216767e+04, 1.000000000000000e-10, 1.311114157621049e+09
145, 5.840051705000000e-01, 5.526688670000000e-02, 3.572894121807630e-01, 0.000000000000000e+00, 0.000000000000000e+00, 5.756397318103233e+04, 1.000000000000000e-10, 1.311575490776756e+09
146, 5.810139992000000e-01, 5.544325400000000e-02, 3.578236952994950e-01, 0.000000000000000e+00, 0.000000000000000e+00, 5.771158985089527e+04, 1.000000000000000e-10, 1.310776619281410e+09
147, 5.780220176999999e-01, 5.560526350000000e-02, 3.587933127205430e-01, 0.000000000000000e+00, 0.000000000000000e+00, 5.791045520585861e+04, 1.000000000000000e-10, 1.308022658040082e+09
148, 5.750293853000000e-01, 5.575481730000000e-02, 3.599396453972455e-01, 0.000000000000000e+00, 0.000000000000000e+00, 5.813184002025751e+04, 1.000000000000000e-10, 1.304533540695954e+09
149, 5.720365281000001e-01, 5.589982500000000e-02, 3.609115087683755e-01, 0.000000000000000e+00, 0.000000000000000e+00, 5.832369765223166e+04, 1.000000000000000e-10, 1.301647922163456e+09
150, 5.690438169000001e-01, 5.604780920000000e-02, 3.616769108643174e-01, 0.000000000000000e+00, 0.000000000000000e+00, 5.848957471484856e+04, 1.000000000000000e-10, 1.299674093694051e+09
151, 5.660511873000000e-01, 5.619744060000000e-02, 3.623433245978525e-01, 0.000000000000000e+00, 0.000000000000000e+00, 5.865107863368653e+04, 1.000000000000000e-10, 1.298269523308875e+09
152, 5.630585577000000e-01, 5.634707210000000e-02, 3.626688436609495e-01, 0.000000000000000e+00, 0.000000000000000e+00, 5.874614942180693e+04, 1.000000000000000e-10, 1.297882654343559e+09
153, 5.600659280000000e-01, 5.649670360000000e-02, 3.626899087554469e-01, 0.000000000000000e+00, 0.000000000000000e+00, 5.878335621446055e+04, 1.000000000000000e-10, 1.298425673224912e+09
154, 5.570734513000000e-01, 5.664935650000000e-02, 3.627070556643788e-01, 0.000000000000000e+00, 0.000000000000000e+00, 5.883384484013740e+04, 1.000000000000000e-10, 1.299236969015882e+09
155, 5.540810301000000e-01, 5.680309730000000e-02, 3.627628910937399e-01, 0.000000000000000e+00, 0.000000000000000e+00, 5.890016021636088e+04, 1.000000000000000e-10, 1.300067955666299e+09
156, 5.510882624000000e-01, 5.694990830000000e-02, 3.629798895230831e-01, 0.000000000000000e+00, 0.000000000000000e+00, 5.897866487562499e+04, 1.000000000000000e-10, 1.300080442197240e+09
157, 5.480948308000000e-01, 5.708244870000000e-02, 3.636204340542505e-01, 0.000000000000000e+00, 0.000000000000000e+00, 5.910685113372796e+04, 1.000000000000000e-10, 1.298252957162586e+09
158, 5.451008633000000e-01, 5.720233900000000e-02, 3.644319349205196e-01, 0.000000000000000e+00, 0.000000000000000e+00, 5.925332866016123e+04, 1.000000000000000e-10, 1.295625702338102e+09
159, 5.421067085000000e-01, 5.731748330000000e-02, 3.650525086519755e-01, 0.000000000000000e+00, 0.000000000000000e+00, 5.936635068758382e+04, 1.000000000000000e-10, 1.293622753207443e+09
160, 5.391126656000000e-01, 5.743549340000000e-02, 3.654609365057827e-01, 0.000000000000000e+00, 0.000000000000000e+00, 5.945059805422849e+04, 1.000000000000000e-10, 1.292523757449603e+09
161, 5.361186917000000e-01, 5.755525230000000e-02, 3.657112071484253e-01, 0.000000000000000e+00, 0.000000000000000e+00, 5.952076444803691e+04, 1.000000000000000e-10, 1.292168367560291e+09
162, 5.331247178000000e-01, 5.767501130000000e-02, 3.656702522251944e-01, 0.000000000000000e+00, 0.000000000000000e+00, 5.953623883477765e+04, 1.000000000000000e-10, 1.292681946285197e+09
163, 5.301307440000000e-01, 5.779477020000000e-02, 3.655442344487898e-01, 0.000000000000000e+00, 0.000000000000000e+00, 5.952836305854352e+04, 1.000000000000000e-10, 1.293354819997319e+09
164, 5.271368887000000e-01, 5.791744960000000e-02, 3.653341963643774e-01, 0.000000000000000e+00, 0.000000000000000e+00, 5.952142246888263e+04, 1.000000000000000e-10, 1.294588954832561e+09
165, 5.241430848000000e-01, 5.804138270000000e-02, 3.651346254051415e-01, 0.000000000000000e+00, 0.000000000000000e+00, 5.952372420545521e+04, 1.000000000000000e-10, 1.295898920781437e+09
166, 5.211490097000000e-01, 5.815854030000000e-02, 3.650809949853588e-01, 0.000000000000000e+00, 0.000000000000000e+00, 5.953509992699842e+04, 1.000000000000000e-10, 1.296483401389082e+09
167, 5.181544149000000e-01, 5.826150360000000e-02, 3.653166428002206e-01, 0.000000000000000e+00, 0.000000000000000e+00, 5.957703747654152e+04, 1.000000000000000e-10, 1.295728299598469e+09
168, 5.151594046000000e-01, 5.835166060000000e-02, 3.656672193251160e-01, 0.000000000000000e+00, 0.000000000000000e+00, 5.962541419621256e+04, 1.000000000000000e-10, 1.294328133724520e+09
169, 5.121642494000000e-01, 5.843690760000000e-02, 3.659328186617601e-01, 0.000000000000000e+00, 0.000000000000000e+00, 5.965256036137872e+04, 1.000000000000000e-10, 1.293021409198805e+09
170, 5.091691748000000e-01, 5.852492480000000e-02, 3.660619409316838e-01, 0.000000000000000e+00, 0.000000000000000e+00, 5.966679860506776e+04, 1.000000000000000e-10, 1.292488932876402e+09
171, 5.061741541000000e-01, 5.861477540000000e-02, 3.660944933020449e-01, 0.000000000000000e+00, 0.000000000000000e+00, 5.967611117939511e+04, 1.000000000000000e-10, 1.292472648519010e+09
172, 5.031791335000000e-01, 5.870462600000000e-02, 3.658628623948563e-01, 0.000000000000000e+00, 0.000000000000000e+00, 5.964095454347119e+04, 1.000000000000000e-10, 1.293339123561455e+09
173, 5.001841129000000e-01, 5.879447660000000e-02, 3.651800499197242e-01, 0.000000000000000e+00, 0.000000000000000e+00, 5.952018808491863e+04, 1.000000000000000e-10, 1.295549835658536e+09
174, 4.971891791000000e-01, 5.888716460000000e-02, 3.643453158197566e-01, 0.000000000000000e+00, 0.000000000000000e+00, 5.937761581129359e+04, 1.000000000000000e-10, 1.298400084523032e+09
175, 4.941942883000000e-01, 5.898124000000000e-02, 3.635250684166438e-01, 0.000000000000000e+00, 0.000000000000000e+00, 5.923703954462153e+04, 1.000000000000000e-10, 1.301200072109530e+09
176, 4.911991976000000e-01, 5.906866820000000e-02, 3.629324460808769e-01, 0.000000000000000e+00, 0.000000000000000e+00, 5.912577078126898e+04, 1.000000000000000e-10, 1.303099626461655e+09
177, 4.882037299000000e-01, 5.914197000000000e-02, 3.626581897447614e-01, 0.000000000000000e+00, 0.000000000000000e+00, 5.905030257588586e+04, 1.000000000000000e-10, 1.303529306083521e+09
178, 4.852079712000000e-01, 5.920233930000000e-02, 3.626090560721235e-01, 0.000000000000000e+00, 0.000000000000000e+00, 5.899827406794758e+04, 1.000000000000000e-10, 1.302901502055858e+09
179, 4.822121140000000e-01, 5.925766320000000e-02, 3.625651342046324e-01, 0.000000000000000e+00, 0.000000000000000e+00, 5.894916528583848e+04, 1.000000000000000e-10, 1.302261316844234e+09
180, 4.792163079000000e-01, 5.931567380000000e-02, 3.624139057932016e-01, 0.000000000000000e+00, 0.000000000000000e+00, 5.889835258006961e+04, 1.000000000000000e-10, 1.302324800489339e+09
181, 4.762205389000000e-01, 5.937558920000000e-02, 3.621150878967078e-01, 0.000000000000000e+00, 0.000000000000000e+00, 5.883476657819449e+04, 1.000000000000000e-10, 1.303120132072937e+09
182, 4.732247699000000e-01, 5.943550460000000e-02, 3.615168316406936e-01, 0.000000000000000e+00, 0.000000000000000e+00, 5.871426259580495e+04, 1.000000000000000e-10, 1.304876093885818e+09
183, 4.702290009000000e-01, 5.949542000000000e-02, 3.607260397383117e-01, 0.000000000000000e+00, 0.000000000000000e+00, 5.856583769751433e+04, 1.000000000000000e-10, 1.307367205822904e+09
184, 4.672332890000000e-01, 5.955810270000000e-02, 3.600483120602671e-01, 0.000000000000000e+00, 0.000000000000000e+00, 5.845137380952173e+04, 1.000000000000000e-10, 1.309759913035727e+09
185, 4.642376084000000e-01, 5.962228340000000e-02, 3.595451753923369e-01, 0.000000000000000e+00, 0.000000000000000e+00, 5.837813217562346e+04, 1.000000000000000e-10, 1.311749755679230e+09
186, 4.612417964000000e-01, 5.967992670000000e-02, 3.593319544702596e-01, 0.000000000000000e+00, 0.000000000000000e+00, 5.834924936291441e+04, 1.000000000000000e-10, 1.312627067258892e+09
187, 4.582457490000000e-01, 5.972350630000000e-02, 3.594496726247886e-01, 0.000000000000000e+00, 0.000000000000000e+00, 5.835973979490724e+04, 1.000000000000000e-10, 1.312011704984150e+09
188, 4.552495377000000e-01, 5.975405020000000e-02, 3.598339405525294e-01, 0.000000000000000e+00, 0.000000000000000e+00, 5.840895304268911e+04, 1.000000000000000e-10, 1.310357688591732e+09
189, 4.522532772000000e-01, 5.977943380000000e-02, 3.603714755078395e-01, 0.000000000000000e+00, 0.000000000000000e+00, 5.849162238525879e+04, 1.000000000000000e-10, 1.308318236577563e+09
190, 4.492570403000000e-01, 5.980742960000000e-02, 3.609214518597498e-01, 0.000000000000000e+00, 0.000000000000000e+00, 5.860119912827097e+04, 1.000000000000000e-10, 1.306699597225823e+09
191, 4.462608221000000e-01, 5.983739180000000e-02, 3.614044709548274e-01, 0.000000000000000e+00, 0.000000000000000e+00, 5.873298378716094e+04, 1.000000000000000e-10, 1.305960276255997e+09
192, 4.432646038000000e-01, 5.986735400000000e-02, 3.618305208719259e-01, 0.000000000000000e+00, 0.000000000000000e+00, 5.885571928809151e+04, 1.000000000000000e-10, 1.305404635435140e+09
193, 4.402683855000000e-01, 5.989731610000000e-02, 3.623036771341167e-01, 0.000000000000000e+00, 0.000000000000000e+00, 5.896961111541339e+04, 1.000000000000000e-10, 1.304323581838800e+09
194, 4.372721672000000e-01, 5.992727830000000e-02, 3.628215221838855e-01, 0.000000000000000e+00, 0.000000000000000e+00, 5.907903911599726e+04, 1.000000000000000e-10, 1.302921245046788e+09
195, 4.342759490000000e-01, 5.995724050000000e-02, 3.633714692479565e-01, 0.000000000000000e+00, 0.000000000000000e+00, 5.919138012461631e+04, 1.000000000000000e-10, 1.301410212728787e+09
196, 4.312797307000000e-01, 5.998720270000000e-02, 3.638849601208106e-01, 0.000000000000000e+00, 0.000000000000000e+00, 5.930246270462517e+04, 1.000000000000000e-10, 1.300071314335657e+09
197, 4.282835251000000e-01, 6.001838500000000e-02, 3.644427499146720e-01, 0.000000000000000e+00, 0.000000000000000e+00, 5.943955037835144e+04, 1.000000000000000e-10, 1.298895178262877e+09
198, 4.252873570000000e-01, 6.005299780000000e-02, 3.649186186825808e-01, 0.000000000000000e+00, 0.000000000000000e+00, 5.958740694107924e+04, 1.000000000000000e-10, 1.298468369936298e+09
199, 4.222911490000000e-01, 6.008389620000000e-02, 3.654587880429739e-01, 0.000000000000000e+00, 0.000000000000000e+00, 5.975584359952372e+04, 1.000000000000000e-10, 1.297989804717024e+09
200, 4.192948456000000e-01, 6.010304610000000e-02, 3.663052465095239e-01, 0.000000000000000e+00, 0.000000000000000e+00, 5.996157846846726e+04, 1.000000000000000e-10, 1.296224123416780e+09
201, 4.162984826000000e-01, 6.010734210000000e-02, 3.675431165391425e-01, 0.000000000000000e+00, 0.000000000000000e+00, 6.021664700054723e+04, 1.000000000000000e-10, 1.292756665326125e+09
202, 4.133021170000000e-01, 6.010365170000000e-02, 3.688395621901999e-01, 0.000000000000000e+00, 0.000000000000000e+00, 6.047583904247000e+04, 1.000000000000000e-10, 1.289036415973277e+09
203, 4.103057513000000e-01, 6.010004530000000e-02, 3.699705626136935e-01, 0.000000000000000e+00, 0.000000000000000e+00, 6.071250674299304e+04, 1.000000000000000e-10, 1.285991817683968e+09
204, 4.073093833000000e-01, 6.010000000000000e-02, 3.708167084571233e-01, 0.000000000000000e+00, 0.000000000000000e+00, 6.090466154815823e+04, 1.000000000000000e-10, 1.283985071968334e+09
205, 4.043130152000000e-01, 6.010000000000000e-02, 3.714671262815801e-01, 0.000000000000000e+00, 0.000000000000000e+00, 6.105837682614852e+04, 1.000000000000000e-10, 1.282549788451913e+09
206, 4.013166471000000e-01, 6.010000000000000e-02, 3.718950457528633e-01, 0.000000000000000e+00, 0.000000000000000e+00, 6.116104555139857e+04, 1.000000000000000e-10, 1.281633116499074e+09
207, 3.983202790000000e-01, 6.010000000000000e-02, 3.720544291814853e-01, 0.000000000000000e+00, 0.000000000000000e+00, 6.120929979213691e+04, 1.000000000000000e-10, 1.281464848519822e+09
208, 3.953239109000000e-01, 6.010000000000000e-02, 3.720878938572061e-01, 0.000000000000000e+00, 0.000000000000000e+00, 6.122778196354772e+04, 1.000000000000000e-10, 1.281573691231126e+09
209, 3.923275428000000e-01, 6.010000000000000e-02, 3.720425655447169e-01, 0.000000000000000e+00, 0.000000000000000e+00, 6.123000498425614e+04, 1.000000000000000e-10, 1.281897057447243e+09
210, 3.893311748000000e-01, 6.010020870000000e-02, 3.718510746005282e-01, 0.000000000000000e+00, 0.000000000000000e+00, 6.121064372798738e+04, 1.000000000000000e-10, 1.282767226435060e+09
211, 3.863348096000000e-01, 6.010425500000000e-02, 3.714531334843368e-01, 0.000000000000000e+00, 0.000000000000000e+00, 6.116198490715055e+04, 1.000000000000000e-10, 1.284433307767253e+09
212, 3.833384435000000e-01, 6.010740740000000e-02, 3.709400091384007e-01, 0.000000000000000e+00, 0.000000000000000e+00, 6.109085077264794e+04, 1.000000000000000e-10, 1.286441880546210e+09
213, 3.803420834000000e-01, 6.010159540000000e-02, 3.704861399671728e-01, 0.000000000000000e+00, 0.000000000000000e+00, 6.101695557954916e+04, 1.000000000000000e-10, 1.288036710776355e+09
214, 3.773457918000000e-01, 6.008061910000000e-02, 3.701690072900785e-01, 0.000000000000000e+00, 0.000000000000000e+00, 6.094108535230602e+04, 1.000000000000000e-10, 1.288727854270686e+09
215, 3.743495929000000e-01, 6.004884090000000e-02, 3.700098733690017e-01, 0.000000000000000e+00, 0.000000000000000e+00, 6.087129473934970e+04, 1.000000000000000e-10, 1.288519773119924e+09
216, 3.713534236000000e-01, 6.001432620000000e-02, 3.698458679688729e-01, 0.000000000000000e+00, 0.000000000000000e+00, 6.080842924514403e+04, 1.000000000000000e-10, 1.288463810452330e+09
217, 3.683572136000000e-01, 5.998357210000000e-02, 3.696002726223975e-01, 0.000000000000000e+00, 0.000000000000000e+00, 6.075021158274292e+04, 1.000000000000000e-10, 1.289007655212799e+09
218, 3.653609953000000e-01, 5.995361000000000e-02, 3.692888858251294e-01, 0.000000000000000e+00, 0.000000000000000e+00, 6.069039113056190e+04, 1.000000000000000e-10, 1.289966206887539e+09
219, 3.623647770000000e-01, 5.992364780000000e-02, 3.689013957424812e-01, 0.000000000000000e+00, 0.000000000000000e+00, 6.061795417992420e+04, 1.000000000000000e-10, 1.291167268054379e+09
220, 3.593685587000000e-01, 5.989368560000000e-02, 3.684337954948011e-01, 0.000000000000000e+00, 0.000000000000000e+00, 6.052054539438728e+04, 1.000000000000000e-10, 1.292443367747580e+09
221, 3.563723404000000e-01, 5.986372340000000e-02, 3.678997569503215e-01, 0.000000000000000e+00, 0.000000000000000e+00, 6.039497797873914e+04, 1.000000000000000e-10, 1.293650379702027e+09
222, 3.533761221000000e-01, 5.983376120000000e-02, 3.671653294192585e-01, 0.000000000000000e+00, 0.000000000000000e+00, 6.022187366913413e+04, 1.000000000000000e-10, 1.295264167418882e+09
223, 3.503799039000000e-01, 5.980379900000000e-02, 3.661852397710321e-01, 0.000000000000000e+00, 0.000000000000000e+00, 6.001126713382715e+04, 1.000000000000000e-10, 1.297840634150207e+09
224, 3.473836618000000e-01, 5.977636380000000e-02, 3.650588953884777e-01, 0.000000000000000e+00, 0.000000000000000e+00, 5.979428807588869e+04, 1.000000000000000e-10, 1.301280402719134e+09
225, 3.443874030000000e-01, 5.975078450000000e-02, 3.638997902255733e-01, 0.000000000000000e+00, 0.000000000000000e+00, 5.958348467551687e+04, 1.000000000000000e-10, 1.305081039108073e+09
226, 3.413912043000000e-01, 5.971906720000000e-02, 3.630291988673559e-01, 0.000000000000000e+00, 0.000000000000000e+00, 5.941892067719946e+04, 1.000000000000000e-10, 1.307810470816273e+09
227, 3.383951856000000e-01, 5.967355900000000e-02, 3.624957075589034e-01, 0.000000000000000e+00, 0.000000000000000e+00, 5.929835552772943e+04, 1.000000000000000e-10, 1.309061570224207e+09
228, 3.353993970000000e-01, 5.961469410000000e-02, 3.622499683054469e-01, 0.000000000000000e+00, 0.000000000000000e+00, 5.921949312640821e+04, 1.000000000000000e-10, 1.309317634284218e+09
229, 3.324037216000000e-01, 5.955026900000000e-02, 3.621139770517615e-01, 0.000000000000000e+00, 0.000000000000000e+00, 5.917539440816036e+04, 1.000000000000000e-10, 1.309409450371363e+09
230, 3.294079977000000e-01, 5.948816000000000e-02, 3.619704351419088e-01, 0.000000000000000e+00, 0.000000000000000e+00, 5.914823128988430e+04, 1.000000000000000e-10, 1.309860872504838e+09
231, 3.264122288000000e-01, 5.942824460000000e-02, 3.617010537582246e-01, 0.000000000000000e+00, 0.000000000000000e+00, 5.911367770153495e+04, 1.000000000000000e-10, 1.310998782743140e+09
232, 3.234164598000000e-01, 5.936832920000000e-02, 3.614119657286011e-01, 0.000000000000000e+00, 0.000000000000000e+00, 5.907443908080090e+04, 1.000000000000000e-10, 1.312160852450207e+09
233, 3.204206908000000e-01, 5.930841380000000e-02, 3.611037512111601e-01, 0.000000000000000e+00, 0.000000000000000e+00, 5.901222639168739e+04, 1.000000000000000e-10, 1.313063210948490e+09
234, 3.174249218000000e-01, 5.924849840000000e-02, 3.605783675360610e-01, 0.000000000000000e+00, 0.000000000000000e+00, 5.889203477624276e+04, 1.000000000000000e-10, 1.314343108156001e+09
235, 3.144291528000000e-01, 5.918858310000000e-02, 3.599372739696061e-01, 0.000000000000000e+00, 0.000000000000000e+00, 5.873018179721991e+04, 1.000000000000000e-10, 1.315635340056564e+09
236, 3.114333838000000e-01, 5.912866770000000e-02, 3.591866547311540e-01, 0.000000000000000e+00, 0.000000000000000e+00, 5.854863525258214e+04, 1.000000000000000e-10, 1.317285774961279e+09
237, 3.084375946000000e-01, 5.906978170000000e-02, 3.581735906544790e-01, 0.000000000000000e+00, 0.000000000000000e+00, 5.834041612661584e+04, 1.000000000000000e-10, 1.320192842556925e+09
238, 3.054417368000000e-01, 5.901448810000000e-02, 3.571587188454552e-01, 0.000000000000000e+00, 0.000000000000000e+00, 5.815391342772277e+04, 1.000000000000000e-10, 1.323546611273862e+09
239, 3.024459424000000e-01, 5.895589760000000e-02, 3.563250393345687e-01, 0.000000000000000e+00, 0.000000000000000e+00, 5.800916241873369e+04, 1.000000000000000e-10, 1.326501098464204e+09
240, 2.994503937000000e-01, 5.888596610000000e-02, 3.556443219524612e-01, 0.000000000000000e+00, 0.000000000000000e+00, 5.788422298042208e+04, 1.000000000000000e-10, 1.328771903512052e+09
241, 2.964552315000000e-01, 5.880104250000000e-02, 3.550903994407782e-01, 0.000000000000000e+00, 0.000000000000000e+00, 5.775860445261324e+04, 1.000000000000000e-10, 1.330176991398570e+09
242, 2.934603172000000e-01, 5.870772480000000e-02, 3.545702100515152e-01, 0.000000000000000e+00, 0.000000000000000e+00, 5.762889769762918e+04, 1.000000000000000e-10, 1.331266421479756e+09
243, 2.904654134000000e-01, 5.861406570000000e-02, 3.540980187463151e-01, 0.000000000000000e+00, 0.000000000000000e+00, 5.752900180899238e+04, 1.000000000000000e-10, 1.332571232457834e+09
244, 2.874703256000000e-01, 5.852650000000000e-02, 3.536143322076435e-01, 0.000000000000000e+00, 0.000000000000000e+00, 5.744633444151634e+04, 1.000000000000000e-10, 1.334316354995345e+09
245, 2.844751753000000e-01, 5.844108520000000e-02, 3.531006816352059e-01, 0.000000000000000e+00, 0.000000000000000e+00, 5.737538281508176e+04, 1.000000000000000e-10, 1.336503192560607e+09
246, 2.814802001000000e-01, 5.834977820000000e-02, 3.528424436062262e-01, 0.000000000000000e+00, 0.000000000000000e+00, 5.734626864809162e+04, 1.000000000000000e-10, 1.337730042320100e+09
247, 2.784856726000000e-01, 5.824487900000000e-02, 3.528321821165049e-01, 0.000000000000000e+00, 0.000000000000000e+00, 5.734064464902264e+04, 1.000000000000000e-10, 1.337692553476978e+09
248, 2.754916466000000e-01, 5.812646400000000e-02, 3.529963282155802e-01, 0.000000000000000e+00, 0.000000000000000e+00, 5.734691859442359e+04, 1.000000000000000e-10, 1.336700062018433e+09
249, 2.724978541000000e-01, 5.800225460000000e-02, 3.532655195427489e-01, 0.000000000000000e+00, 0.000000000000000e+00, 5.736983143502622e+04, 1.000000000000000e-10, 1.335280345305255e+09
250, 2.695039750000000e-01, 5.788015900000000e-02, 3.534029412636748e-01, 0.000000000000000e+00, 0.000000000000000e+00, 5.738733139018023e+04, 1.000000000000000e-10, 1.334644350691001e+09
251, 2.665100011000000e-01, 5.776040000000000e-02, 3.533473193548878e-01, 0.000000000000000e+00, 0.000000000000000e+00, 5.738502458274081e+04, 1.000000000000000e-10, 1.334983974119885e+09
252, 2.635160273000000e-01, 5.764064110000000e-02, 3.532518020228307e-01, 0.000000000000000e+00, 0.000000000000000e+00, 5.738175565364464e+04, 1.000000000000000e-10, 1.335570191845361e+09
253, 2.605220534000000e-01, 5.752088210000000e-02, 3.530128495931524e-01, 0.000000000000000e+00, 0.000000000000000e+00, 5.734192369492869e+04, 1.000000000000000e-10, 1.336454612621052e+09
254, 2.575280795000000e-01, 5.740112320000000e-02, 3.527224466301827e-01, 0.000000000000000e+00, 0.000000000000000e+00, 5.727845401446515e+04, 1.000000000000000e-10, 1.337239946464608e+09
255, 2.545341057000000e-01, 5.728136420000000e-02, 3.523437574735538e-01, 0.000000000000000e+00, 0.000000000000000e+00, 5.718961565477783e+04, 1.000000000000000e-10, 1.338162455590382e+09
256, 2.515401318000000e-01, 5.716160530000000e-02, 3.517785556405699e-01, 0.000000000000000e+00, 0.000000000000000e+00, 5.707529999750724e+04, 1.000000000000000e-10, 1.339873624992331e+09
257, 2.485461222000000e-01, 5.704274810000000e-02, 3.511918339962783e-01, 0.000000000000000e+00, 0.000000000000000e+00, 5.697438267583940e+04, 1.000000000000000e-10, 1.341976234375554e+09
258, 2.455519687000000e-01, 5.692757100000000e-02, 3.504862302167123e-01, 0.000000000000000e+00, 0.000000000000000e+00, 5.687157803064159e+04, 1.000000000000000e-10, 1.344916346828829e+09
259, 2.425579324000000e-01, 5.680940080000000e-02, 3.498206893574408e-01, 0.000000000000000e+00, 0.000000000000000e+00, 5.679407253300730e+04, 1.000000000000000e-10, 1.348092890301759e+09
260, 2.395643498000000e-01, 5.668030080000000e-02, 3.494305264705371e-01, 0.000000000000000e+00, 0.000000000000000e+00, 5.675738600832825e+04, 1.000000000000000e-10, 1.350123132881042e+09
261, 2.365712773000000e-01, 5.653982940000000e-02, 3.493000335435242e-01, 0.000000000000000e+00, 0.000000000000000e+00, 5.675267418918277e+04, 1.000000000000000e-10, 1.350902491839179e+09
262, 2.335786376000000e-01, 5.639042170000000e-02, 3.494026018495305e-01, 0.000000000000000e+00, 0.000000000000000e+00, 5.678396665846798e+04, 1.000000000000000e-10, 1.350770398760294e+09
263, 2.305864572000000e-01, 5.623208320000000e-02, 3.498642699736653e-01, 0.000000000000000e+00, 0.000000000000000e+00, 5.687741134689972e+04, 1.000000000000000e-10, 1.349432757205401e+09
264, 2.275948873000000e-01, 5.606262990000000e-02, 3.507702000034150e-01, 0.000000000000000e+00, 0.000000000000000e+00, 5.703939301121880e+04, 1.000000000000000e-10, 1.346234836124281e+09
265, 2.246039719000000e-01, 5.588195720000000e-02, 3.518447991747589e-01, 0.000000000000000e+00, 0.000000000000000e+00, 5.722824333741244e+04, 1.000000000000000e-10, 1.342385297171700e+09
266, 2.216132630000000e-01, 5.569788720000000e-02, 3.526263900664292e-01, 0.000000000000000e+00, 0.000000000000000e+00, 5.737469968872489e+04, 1.000000000000000e-10, 1.339783440329100e+09
267, 2.186223396000000e-01, 5.551734040000000e-02, 3.529391200238760e-01, 0.000000000000000e+00, 0.000000000000000e+00, 5.745523254707269e+04, 1.000000000000000e-10, 1.339183838567423e+09
268, 2.156313504000000e-01, 5.533788100000000e-02, 3.528492777317292e-01, 0.000000000000000e+00, 0.000000000000000e+00, 5.746333224966600e+04, 1.000000000000000e-10, 1.339963248414344e+09
269, 2.126403613000000e-01, 5.515842170000000e-02, 3.528450244479175e-01, 0.000000000000000e+00, 0.000000000000000e+00, 5.749645978039284e+04, 1.000000000000000e-10, 1.340610342621763e+09
270, 2.096493686000000e-01, 5.497902140000000e-02, 3.527086881602391e-01, 0.000000000000000e+00, 0.000000000000000e+00, 5.750679311452473e+04, 1.000000000000000e-10, 1.341745974595076e+09
271, 2.066581632000000e-01, 5.480320770000000e-02, 3.523838875215934e-01, 0.000000000000000e+00, 0.000000000000000e+00, 5.748784819535878e+04, 1.000000000000000e-10, 1.343640108947442e+09
272, 2.036669592000000e-01, 5.462737120000000e-02, 3.521746770836578e-01, 0.000000000000000e+00, 0.000000000000000e+00, 5.749869830178401e+04, 1.000000000000000e-10, 1.345296682673392e+09
273, 2.006762392000000e-01, 5.444351370000000e-02, 3.520963839031321e-01, 0.000000000000000e+00, 0.000000000000000e+00, 5.751033898187374e+04, 1.000000000000000e-10, 1.346083267855884e+09
274, 1.976864651000000e-01, 5.424488690000000e-02, 3.522142323320976e-01, 0.000000000000000e+00, 0.000000000000000e+00, 5.752922827617660e+04, 1.000000000000000e-10, 1.345600859559459e+09
275, 1.946974808000000e-01, 5.403467400000000e-02, 3.523401033865372e-01, 0.000000000000000e+00, 0.000000000000000e+00, 5.753745800823798e+04, 1.000000000000000e-10, 1.344894012829466e+09
276, 1.917087537000000e-01, 5.382082320000000e-02, 3.523905315323742e-01, 0.000000000000000e+00, 0.000000000000000e+00, 5.753577512616450e+04, 1.000000000000000e-10, 1.344531569037628e+09
277, 1.887197351000000e-01, 5.361109610000000e-02, 3.522742217207915e-01, 0.000000000000000e+00, 0.000000000000000e+00, 5.752578850542328e+04, 1.000000000000000e-10, 1.345149541503192e+09
278, 1.857303707000000e-01, 5.340634910000000e-02, 3.519601939791814e-01, 0.000000000000000e+00, 0.000000000000000e+00, 5.750459009586921e+04, 1.000000000000000e-10, 1.346932186707431e+09
279, 1.827411789000000e-01, 5.319910420000000e-02, 3.515323430494524e-01, 0.000000000000000e+00, 0.000000000000000e+00, 5.747851746931460e+04, 1.000000000000000e-10, 1.349387872893808e+09
280, 1.797527313000000e-01, 5.298142430000000e-02, 3.512205693089667e-01, 0.000000000000000e+00, 0.000000000000000e+00, 5.746073541297905e+04, 1.000000000000000e-10, 1.351235655873992e+09
281, 1.767651486000000e-01, 5.275215400000000e-02, 3.511592056930455e-01, 0.000000000000000e+00, 0.000000000000000e+00, 5.747178396753479e+04, 1.000000000000000e-10, 1.351892262488674e+09
282, 1.737782598000000e-01, 5.251401450000000e-02, 3.513374972689350e-01, 0.000000000000000e+00, 0.000000000000000e+00, 5.752057632867480e+04, 1.000000000000000e-10, 1.351586963789785e+09
283, 1.707920907000000e-01, 5.226701400000000e-02, 3.517129402557769e-01, 0.000000000000000e+00, 0.000000000000000e+00, 5.760380342851287e+04, 1.000000000000000e-10, 1.350565644087273e+09
284, 1.678068289000000e-01, 5.200929790000000e-02, 3.522122467846450e-01, 0.000000000000000e+00, 0.000000000000000e+00, 5.769949858943982e+04, 1.000000000000000e-10, 1.348908167480760e+09
285, 1.648225830000000e-01, 5.174005310000000e-02, 3.526366302358056e-01, 0.000000000000000e+00, 0.000000000000000e+00, 5.777240072068886e+04, 1.000000000000000e-10, 1.347349913087332e+09
286, 1.618386948000000e-01, 5.146686210000000e-02, 3.528631498788989e-01, 0.000000000000000e+00, 0.000000000000000e+00, 5.781389113159086e+04, 1.000000000000000e-10, 1.346606243536034e+09
287, 1.588544609000000e-01, 5.119748250000000e-02, 3.529241619885938e-01, 0.000000000000000e+00, 0.000000000000000e+00, 5.784156826445828e+04, 1.000000000000000e-10, 1.346713450397102e+09
288, 1.558697631000000e-01, 5.093328530000000e-02, 3.528234673244842e-01, 0.000000000000000e+00, 0.000000000000000e+00, 5.786695402423729e+04, 1.000000000000000e-10, 1.347919625846591e+09
289, 1.528852535000000e-01, 5.066697530000000e-02, 3.527107069909847e-01, 0.000000000000000e+00, 0.000000000000000e+00, 5.789976379460429e+04, 1.000000000000000e-10, 1.349337757866770e+09
290, 1.499016570000000e-01, 5.039064780000000e-02, 3.527491718327200e-01, 0.000000000000000e+00, 0.000000000000000e+00, 5.793650794325590e+04, 1.000000000000000e-10, 1.349756776060059e+09
291, 1.469194872000000e-01, 5.009932340000000e-02, 3.528817746998523e-01, 0.000000000000000e+00, 0.000000000000000e+00, 5.796525654064040e+04, 1.000000000000000e-10, 1.349383494126044e+09
292, 1.439382559000000e-01, 4.979852640000000e-02, 3.529034821445459e-01, 0.000000000000000e+00, 0.000000000000000e+00, 5.797351756486952e+04, 1.000000000000000e-10, 1.349373434891880e+09
293, 1.409571857000000e-01, 4.949613280000000e-02, 3.528069615099736e-01, 0.000000000000000e+00, 0.000000000000000e+00, 5.797059279887428e+04, 1.000000000000000e-10, 1.349950767462136e+09
294, 1.379755682000000e-01, 4.919919110000000e-02, 3.524709487628266e-01, 0.000000000000000e+00, 0.000000000000000e+00, 5.794869720568696e+04, 1.000000000000000e-10, 1.351893714929849e+09
295, 1.349936162000000e-01, 4.890561960000000e-02, 3.517944169832918e-01, 0.000000000000000e+00, 0.000000000000000e+00, 5.789287771311437e+04, 1.000000000000000e-10, 1.355580105707875e+09
296, 1.320121036000000e-01, 4.860762960000000e-02, 3.509625452542596e-01, 0.000000000000000e+00, 0.000000000000000e+00, 5.780001386375661e+04, 1.000000000000000e-10, 1.359659631013693e+09
297, 1.290317925000000e-01, 4.829786950000000e-02, 3.502442789900866e-01, 0.000000000000000e+00, 0.000000000000000e+00, 5.770004957023916e+04, 1.000000000000000e-10, 1.362804988257489e+09
298, 1.260525769000000e-01, 4.797772950000000e-02, 3.497469944630716e-01, 0.000000000000000e+00, 0.000000000000000e+00, 5.762344854270471e+04, 1.000000000000000e-10, 1.364837427421886e+09
299, 1.230743167000000e-01, 4.764882070000000e-02, 3.494364189510518e-01, 0.000000000000000e+00, 0.000000000000000e+00, 5.757738571928943e+04, 1.000000000000000e-10, 1.366167835972068e+09
300, 1.200970366000000e-01, 4.731115450000000e-02, 3.492420277831917e-01, 0.000000000000000e+00, 0.000000000000000e+00, 5.755374099602401e+04, 1.000000000000000e-10, 1.367092979425336e+09
301, 1.171207615000000e-01, 4.696474260000000e-02, 3.490927623796959e-01, 0.000000000000000e+00, 0.000000000000000e+00, 5.753998171905487e+04, 1.000000000000000e-10, 1.367890018960204e+09
302, 1.141455159000000e-01, 4.660959680000000e-02, 3.489479631006477e-01, 0.000000000000000e+00, 0.000000000000000e+00, 5.752734554082609e+04, 1.000000000000000e-10, 1.368668979731978e+09
303, 1.111713243000000e-01, 4.624572950000000e-02, 3.487818247149259e-01, 0.000000000000000e+00, 0.000000000000000e+00, 5.751080414517914e+04, 1.000000000000000e-10, 1.369533944931961e+09
304, 1.081982111000000e-01, 4.587315320000000e-02, 3.485563932478289e-01, 0.000000000000000e+00, 0.000000000000000e+00, 5.748537800453354e+04, 1.000000000000000e-10, 1.370663204734157e+09
305, 1.052262005000000e-01, 4.549188050000000e-02, 3.482242560199419e-01, 0.000000000000000e+00, 0.000000000000000e+00, 5.744662863683312e+04, 1.000000000000000e-10, 1.372286228037973e+09
306, 1.022553168000000e-01, 4.510192450000000e-02, 3.477436638864803e-01, 0.000000000000000e+00, 0.000000000000000e+00, 5.739300812823172e+04, 1.000000000000000e-10, 1.374648337754576e+09
307, 9.928555240000000e-02, 4.470353130000000e-02, 3.471021943573089e-01, 0.000000000000000e+00, 0.000000000000000e+00, 5.732751079553958e+04, 1.000000000000000e-10, 1.377988752368896e+09
308, 9.631645150000000e-02, 4.430022190000000e-02, 3.462669307491537e-01, 0.000000000000000e+00, 0.000000000000000e+00, 5.724887525710653e+04, 1.000000000000000e-10, 1.382493271360338e+09
309, 9.334866629999999e-02, 4.388735710000000e-02, 3.454092726600121e-01, 0.000000000000000e+00, 0.000000000000000e+00, 5.717123702689171e+04, 1.000000000000000e-10, 1.387235486770183e+09
310, 9.038333000000000e-02, 4.345728190000000e-02, 3.447677111426163e-01, 0.000000000000000e+00, 0.000000000000000e+00, 5.711385874877450e+04, 1.000000000000000e-10, 1.390800467411223e+09
311, 8.742106760000000e-02, 4.300650920000000e-02, 3.444271728316635e-01, 0.000000000000000e+00, 0.000000000000000e+00, 5.708810367877891e+04, 1.000000000000000e-10, 1.392772060280012e+09
312, 8.446147179999999e-02, 4.253854550000000e-02, 3.443049950508356e-01, 0.000000000000000e+00, 0.000000000000000e+00, 5.708732306637157e+04, 1.000000000000000e-10, 1.393680625004074e+09
313, 8.150462410000001e-02, 4.205352220000000e-02, 3.443554882597940e-01, 0.000000000000000e+00, 0.000000000000000e+00, 5.711251445749170e+04, 1.000000000000000e-10, 1.393814220597539e+09
314, 7.855061400000000e-02, 4.155150370000000e-02, 3.446220348536395e-01, 0.000000000000000e+00, 0.000000000000000e+00, 5.717577410812289e+04, 1.000000000000000e-10, 1.393113348641753e+09
315, 7.559953120000000e-02, 4.103255620000000e-02, 3.450509842160549e-01, 0.000000000000000e+00, 0.000000000000000e+00, 5.727354614281631e+04, 1.000000000000000e-10, 1.391888003285875e+09
316, 7.265146290000001e-02, 4.049674770000000e-02, 3.454723572395069e-01, 0.000000000000000e+00, 0.000000000000000e+00, 5.738308107312303e+04, 1.000000000000000e-10, 1.391023708003070e+09
317, 6.970648800000000e-02, 3.994418840000000e-02, 3.456946858546958e-01, 0.000000000000000e+00, 0.000000000000000e+00, 5.747376513227161e+04, 1.000000000000000e-10, 1.391199855744636e+09
318, 6.676405530000000e-02, 3.937824060000000e-02, 3.456437302455898e-01, 0.000000000000000e+00, 0.000000000000000e+00, 5.753044862335570e+04, 1.000000000000000e-10, 1.392702581518910e+09
319, 6.382483080000000e-02, 3.879587770000000e-02, 3.455195493393077e-01, 0.000000000000000e+00, 0.000000000000000e+00, 5.757400294311331e+04, 1.000000000000000e-10, 1.394440642841992e+09
320, 6.089039250000000e-02, 3.818988410000000e-02, 3.454274491805150e-01, 0.000000000000000e+00, 0.000000000000000e+00, 5.761777311693412e+04, 1.000000000000000e-10, 1.395991725733205e+09
321, 5.796159620000000e-02, 3.755716460000000e-02, 3.454959018460201e-01, 0.000000000000000e+00, 0.000000000000000e+00, 5.768034267783948e+04, 1.000000000000000e-10, 1.396733293887536e+09
322, 5.503766030000000e-02, 3.690236230000000e-02, 3.456117678408563e-01, 0.000000000000000e+00, 0.000000000000000e+00, 5.774969169746316e+04, 1.000000000000000e-10, 1.397259323754586e+09
323, 5.212020500000000e-02, 3.621928960000000e-02, 3.457294272845078e-01, 0.000000000000000e+00, 0.000000000000000e+00, 5.781418094165529e+04, 1.000000000000000e-10, 1.397679581469131e+09
324, 4.921095930000000e-02, 3.550206810000000e-02, 3.457688318694674e-01, 0.000000000000000e+00, 0.000000000000000e+00, 5.786217043957188e+04, 1.000000000000000e-10, 1.398342164657490e+09
325, 4.630834710000000e-02, 3.475842740000000e-02, 3.456844896545804e-01, 0.000000000000000e+00, 0.000000000000000e+00, 5.788234078377381e+04, 1.000000000000000e-10, 1.399364082672437e+09
326, 4.341443290000000e-02, 3.398167710000000e-02, 3.456536894953713e-01, 0.000000000000000e+00, 0.000000000000000e+00, 5.789936624959119e+04, 1.000000000000000e-10, 1.399895031647051e+09
327, 4.053329480000000e-02, 3.315886600000000e-02, 3.457520471538540e-01, 0.000000000000000e+00, 0.000000000000000e+00, 5.795056582793644e+04, 1.000000000000000e-10, 1.400213090997034e+09
328, 3.766462370000000e-02, 3.229347590000000e-02, 3.461464985268798e-01, 0.000000000000000e+00, 0.000000000000000e+00, 5.806263559213882e+04, 1.000000000000000e-10, 1.399526866847984e+09
329, 3.480664810000000e-02, 3.139349160000000e-02, 3.471530235276652e-01, 0.000000000000000e+00, 0.000000000000000e+00, 5.827581467026154e+04, 1.000000000000000e-10, 1.396341223457153e+09
330, 3.196977470000000e-02, 3.042923390000000e-02, 3.491540677932263e-01, 0.000000000000000e+00, 0.000000000000000e+00, 5.864288275245704e+04, 1.000000000000000e-10, 1.388800529313705e+09
331, 2.916436760000000e-02, 2.937700070000000e-02, 3.514267049580543e-01, 0.000000000000000e+00, 0.000000000000000e+00, 5.913869326452792e+04, 1.000000000000000e-10, 1.382007060152120e+09
332, 2.638083370000000e-02, 2.826801140000000e-02, 3.546405732057161e-01, 0.000000000000000e+00, 0.000000000000000e+00, 5.977340365968388e+04, 1.000000000000000e-10, 1.371248886850016e+09
333, 2.362898530000000e-02, 2.708283520000000e-02, 3.595374096772182e-01, 0.000000000000000e+00, 0.000000000000000e+00, 6.069056599262691e+04, 1.000000000000000e-10, 1.354146845060832e+09
334, 2.092840090000000e-02, 2.578537860000000e-02, 3.636496223515291e-01, 0.000000000000000e+00, 0.000000000000000e+00, 6.143395446861654e+04, 1.000000000000000e-10, 1.339467543437442e+09
335, 1.829564720000000e-02, 2.435529470000000e-02, 3.699362087816541e-01, 0.000000000000000e+00, 0.000000000000000e+00, 6.268999217024016e+04, 1.000000000000000e-10, 1.320214502055751e+09
336, 1.571975790000000e-02, 2.282485310000000e-02, 3.783790845457582e-01, 0.000000000000000e+00, 0.000000000000000e+00, 6.425414092628416e+04, 1.000000000000000e-10, 1.292953444217765e+09
337, 1.319128670000000e-02, 2.121724900000000e-02, 3.875906230240518e-01, 0.000000000000000e+00, 0.000000000000000e+00, 6.581226409264264e+04, 1.000000000000000e-10, 1.262128783398021e+09
338, 1.071855140000000e-02, 1.952532850000000e-02, 4.081627115212877e-01, 0.000000000000000e+00, 0.000000000000000e+00, 6.991114542498330e+04, 1.000000000000000e-10, 1.207061120764991e+09
339, 8.357752600000001e-03, 1.768194770000000e-02, 4.120604910629741e-01, 0.000000000000000e+00, 0.000000000000000e+00, 7.044529636116291e+04, 1.000000000000000e-10, 1.192959316359091e+09
340, 6.234852000000000e-03, 1.557056300000000e-02, 4.416251488244503e-01, 0.000000000000000e+00, 0.000000000000000e+00, 7.687351450114942e+04, 1.000000000000000e-10, 1.128152310848148e+09
341, 4.319046800000000e-03, 1.326691890000000e-02, 4.551380735515416e-01, 0.000000000000000e+00, 0.000000000000000e+00, 7.923761969366317e+04, 1.000000000000000e-10, 1.094791589769503e+09
342, 2.659048500000000e-03, 1.078063400000000e-02, 4.987000875829452e-01, 0.000000000000000e+00, 0.000000000000000e+00, 8.849996986987407e+04, 1.000000000000000e-10, 1.015297172104011e+09
343, 1.585549600000000e-03, 7.986006000000000e-03, 5.009193376760215e-01, 0.000000000000000e+00, 0.000000000000000e+00, 8.841435045520768e+04, 1.000000000000000e-10, 1.006385036360511e+09
344, 7.472436000000000e-04, 5.109934500000000e-03, 5.309709461199981e-01, 0.000000000000000e+00, 0.000000000000000e+00, 9.445118122235795e+04, 1.000000000000000e-10, 9.554256701745974e+08
345, 1.626159000000000e-04, 2.172660000000000e-03, 5.357551533546391e-01, 0.000000000000000e+00, 0.000000000000000e+00, 9.501175952623649e+04, 1.000000000000000e-10, 9.443909164052881e+08
346, 2.551370000000000e-05, -8.154233000000000e-04, 5.406589205490330e-01, 0.000000000000000e+00, 0.000000000000000e+00, 9.610449967941546e+04, 1.000000000000000e-10, 9.365777583671888e+08
347, 4.418631000000000e-04, -3.780176900000000e-03, 5.305164454617997e-01, 0.000000000000000e+00, 0.000000000000000e+00, 9.399145428410223e+04, 1.000000000000000e-10, 9.536013995350724e+08
348, 1.178979700000000e-03, -6.683559600000000e-03, 5.089851667543736e-01, 0.000000000000000e+00, 0.000000000000000e+00, 8.983927608616430e+04, 1.000000000000000e-10, 9.909290717160088e+08
349, 2.119737600000000e-03, -9.527886300000000e-03, 4.984155828410317e-01, 0.000000000000000e+00, 0.000000000000000e+00, 8.818299647429933e+04, 1.000000000000000e-10, 1.013891868646963e+09
350, 3.491510200000000e-03, -1.218239690000000e-02, 4.620470536484005e-01, 0.000000000000000e+00, 0.000000000000000e+00, 8.048784184315808e+04, 1.000000000000000e-10, 1.080290291518127e+09
351, 5.352275100000000e-03, -1.453005090000000e-02, 4.437014612674934e-01, 0.000000000000000e+00, 0.000000000000000e+00, 7.709684928477855e+04, 1.000000000000000e-10, 1.122646449280412e+09
352, 7.355607900000000e-03, -1.675624800000000e-02, 4.160658739694449e-01, 0.000000000000000e+00, 0.000000000000000e+00, 7.168892373191085e+04, 1.000000000000000e-10, 1.189037798514179e+09
353, 9.621932400000000e-03, -1.871350840000000e-02, 3.992108620330108e-01, 0.000000000000000e+00, 0.000000000000000e+00, 6.803458767799979e+04, 1.000000000000000e-10, 1.228848622838036e+09
354, 1.205590760000000e-02, -2.046042230000000e-02, 3.825227480111768e-01, 0.000000000000000e+00, 0.000000000000000e+00, 6.481108270534253e+04, 1.000000000000000e-10, 1.276560319626837e+09
355, 1.455955480000000e-02, -2.210638150000000e-02, 3.680609199527529e-01, 0.000000000000000e+00, 0.000000000000000e+00, 6.209655186319091e+04, 1.000000000000000e-10, 1.322112228387058e+09
356, 1.711312970000000e-02, -2.367378560000000e-02, 3.589837259463107e-01, 0.000000000000000e+00, 0.000000000000000e+00, 6.048501610952446e+04, 1.000000000000000e-10, 1.354073262661023e+09
357, 1.972005420000000e-02, -2.515057360000000e-02, 3.513361993739710e-01, 0.000000000000000e+00, 0.000000000000000e+00, 5.900068244006282e+04, 1.000000000000000e-10, 1.379730400423252e+09
358, 2.239892040000000e-02, -2.649200820000000e-02, 3.460776708758599e-01, 0.000000000000000e+00, 0.000000000000000e+00, 5.788262637186692e+04, 1.000000000000000e-10, 1.396056480590169e+09
359, 2.514218880000000e-02, -2.769671360000000e-02, 3.435427664470288e-01, 0.000000000000000e+00, 0.000000000000000e+00, 5.736290853179793e+04, 1.000000000000000e-10, 1.404734992659559e+09
360, 2.792514050000000e-02, -2.880708720000000e-02, 3.412621529510662e-01, 0.000000000000000e+00, 0.000000000000000e+00, 5.681454291369794e+04, 1.000000000000000e-10, 1.410703094827090e+09
361, 3.072579640000000e-02, -2.987219160000000e-02, 3.404747233068585e-01, 0.000000000000000e+00, 0.000000000000000e+00, 5.656834818654398e+04, 1.000000000000000e-10, 1.411603240063537e+09
362, 3.355101120000000e-02, -3.087007190000000e-02, 3.404608722021978e-01, 0.000000000000000e+00, 0.000000000000000e+00, 5.646547494637939e+04, 1.000000000000000e-10, 1.409614112687970e+09
363, 3.640010390000000e-02, -3.179774150000000e-02, 3.407340670357434e-01, 0.000000000000000e+00, 0.000000000000000e+00, 5.644515071251710e+04, 1.000000000000000e-10, 1.407162432646235e+09
364, 3.926405390000000e-02, -3.267859480000000e-02, 3.410774998862582e-01, 0.000000000000000e+00, 0.000000000000000e+00, 5.646031654486623e+04, 1.000000000000000e-10, 1.404890477925935e+09
365, 4.213857070000000e-02, -3.352425530000000e-02, 3.414108304082327e-01, 0.000000000000000e+00, 0.000000000000000e+00, 5.648491008513966e+04, 1.000000000000000e-10, 1.402927457607796e+09
366, 4.502736230000000e-02, -3.431981760000000e-02, 3.417750423615248e-01, 0.000000000000000e+00, 0.000000000000000e+00, 5.652212185927002e+04, 1.000000000000000e-10, 1.400971040716942e+09
367, 4.792660680000000e-02, -3.507646140000000e-02, 3.423056494514279e-01, 0.000000000000000e+00, 0.000000000000000e+00, 5.659033131015885e+04, 1.000000000000000e-10, 1.398401543159765e+09
368, 5.083275460000000e-02, -3.580616600000000e-02, 3.430534092829893e-01, 0.000000000000000e+00, 0.000000000000000e+00, 5.669728228149681e+04, 1.000000000000000e-10, 1.395061962016270e+09
369, 5.374765330000000e-02, -3.650004220000000e-02, 3.439884356476828e-01, 0.000000000000000e+00, 0.000000000000000e+00, 5.682707070204282e+04, 1.000000000000000e-10, 1.390770852070209e+09
370, 5.666961100000000e-02, -3.716362050000000e-02, 3.448330824576560e-01, 0.000000000000000e+00, 0.000000000000000e+00, 5.693843463764989e+04, 1.000000000000000e-10, 1.386790179230700e+09
371, 5.959522020000000e-02, -3.781094180000000e-02, 3.452926849970669e-01, 0.000000000000000e+00, 0.000000000000000e+00, 5.699722722428542e+04, 1.000000000000000e-10, 1.384588337121527e+09
372, 6.252243709999999e-02, -3.845095230000000e-02, 3.454242895427472e-01, 0.000000000000000e+00, 0.000000000000000e+00, 5.701825249882825e+04, 1.000000000000000e-10, 1.384060051180402e+09
373, 6.545274740000000e-02, -3.907663200000000e-02, 3.453593738650134e-01, 0.000000000000000e+00, 0.000000000000000e+00, 5.701511654650816e+04, 1.000000000000000e-10, 1.384471920302689e+09
374, 6.838760620000001e-02, -3.968059320000000e-02, 3.451879060560766e-01, 0.000000000000000e+00, 0.000000000000000e+00, 5.699463522653856e+04, 1.000000000000000e-10, 1.385309171033959e+09
375, 7.132826930000000e-02, -4.025560110000000e-02, 3.450217468829482e-01, 0.000000000000000e+00, 0.000000000000000e+00, 5.695826514103558e+04, 1.000000000000000e-10, 1.385792763675148e+09
376, 7.427458960000000e-02, -4.080090600000000e-02, 3.450643957165305e-01, 0.000000000000000e+00, 0.000000000000000e+00, 5.694232800686668e+04, 1.000000000000000e-10, 1.385163580928159e+09
377, 7.722505590000001e-02, -4.132334090000000e-02, 3.453809690157872e-01, 0.000000000000000e+00, 0.000000000000000e+00, 5.696994190505939e+04, 1.000000000000000e-10, 1.383400953904665e+09
378, 8.017823220000000e-02, -4.183025210000000e-02, 3.460152702579414e-01, 0.000000000000000e+00, 0.000000000000000e+00, 5.705582757306148e+04, 1.000000000000000e-10, 1.380509090670643e+09
379, 8.313435769999999e-02, -4.231964410000000e-02, 3.470794922136837e-01, 0.000000000000000e+00, 0.000000000000000e+00, 5.720927512464952e+04, 1.000000000000000e-10, 1.375848735708205e+09
380, 8.609333900000000e-02, -4.279148640000000e-02, 3.483580962210395e-01, 0.000000000000000e+00, 0.000000000000000e+00, 5.739762403172097e+04, 1.000000000000000e-10, 1.370357764660873e+09
381, 8.905390220000001e-02, -4.325331250000000e-02, 3.495068991410192e-01, 0.000000000000000e+00, 0.000000000000000e+00, 5.757515121283676e+04, 1.000000000000000e-10, 1.365599578835770e+09
382, 9.201521220000000e-02, -4.371032730000000e-02, 3.504126509565617e-01, 0.000000000000000e+00, 0.000000000000000e+00, 5.772664463687268e+04, 1.000000000000000e-10, 1.362114256997669e+09
383, 9.497777180000000e-02, -4.415916550000000e-02, 3.510522744281323e-01, 0.000000000000000e+00, 0.000000000000000e+00, 5.784215323410430e+04, 1.000000000000000e-10, 1.359833474254538e+09
384, 9.794161960000000e-02, -4.459941640000000e-02, 3.514435074282486e-01, 0.000000000000000e+00, 0.000000000000000e+00, 5.791296349931468e+04, 1.000000000000000e-10, 1.358442477611312e+09
385, 1.009067324000000e-01, -4.503106510000000e-02, 3.515885632917871e-01, 0.000000000000000e+00, 0.000000000000000e+00, 5.793705136327820e+04, 1.000000000000000e-10, 1.357883617761716e+09
386, 1.038730870000000e-01, -4.545409720000000e-02, 3.516337989968402e-01, 0.000000000000000e+00, 0.000000000000000e+00, 5.793960081223526e+04, 1.000000000000000e-10, 1.357595003725172e+09
387, 1.068406597000000e-01, -4.586849830000000e-02, 3.516425695395708e-01, 0.000000000000000e+00, 0.000000000000000e+00, 5.793111525378163e+04, 1.000000000000000e-10, 1.357369246294258e+09
388, 1.098094267000000e-01, -4.627425440000000e-02, 3.516043301976826e-01, 0.000000000000000e+00, 0.000000000000000e+00, 5.791101000193550e+04, 1.000000000000000e-10, 1.357253745484128e+09
389, 1.127793642000000e-01, -4.667135170000000e-02, 3.515404500016300e-01, 0.000000000000000e+00, 0.000000000000000e+00, 5.788477303185246e+04, 1.000000000000000e-10, 1.357196458688504e+09
390, 1.157504483000000e-01, -4.705977670000000e-02, 3.515008538026803e-01, 0.000000000000000e+00, 0.000000000000000e+00, 5.786251862234792e+04, 1.000000000000000e-10, 1.357070871439924e+09
391, 1.187226550000000e-01, -4.743951610000000e-02, 3.515118683192410e-01, 0.000000000000000e+00, 0.000000000000000e+00, 5.784973686706556e+04, 1.000000000000000e-10, 1.356745982295886e+09
392, 1.216959602000000e-01, -4.781055690000000e-02, 3.515681805170915e-01, 0.000000000000000e+00, 0.000000000000000e+00, 5.784531892553834e+04, 1.000000000000000e-10, 1.356262409022225e+09
393, 1.246703396000000e-01, -4.817288640000000e-02, 3.516551392749628e-01, 0.000000000000000e+00, 0.000000000000000e+00, 5.784559611208659e+04, 1.000000000000000e-10, 1.355663286096543e+09
394, 1.276457687000000e-01, -4.852649220000000e-02, 3.517724985521371e-01, 0.000000000000000e+00, 0.000000000000000e+00, 5.784933444195979e+04, 1.000000000000000e-10, 1.354910185841374e+09
395, 1.306222230000000e-01, -4.887136210000000e-02, 3.519497298511341e-01, 0.000000000000000e+00, 0.000000000000000e+00, 5.786017580436193e+04, 1.000000000000000e-10, 1.353870017851282e+09
396, 1.335996778000000e-01, -4.920748410000000e-02, 3.522141173634714e-01, 0.000000000000000e+00, 0.000000000000000e+00, 5.788099378657555e+04, 1.000000000000000e-10, 1.352391819455438e+09
397, 1.365781084000000e-01, -4.953484670000000e-02, 3.525707043500669e-01, 0.000000000000000e+00, 0.000000000000000e+00, 5.791147003383180e+04, 1.000000000000000e-10, 1.350482760888180e+09
398, 1.395574899000000e-01, -4.985343850000000e-02, 3.529921564997051e-01, 0.000000000000000e+00, 0.000000000000000e+00, 5.794974120726586e+04, 1.000000000000000e-10, 1.348275884821387e+09
399, 1.425377974000000e-01, -5.016324850000000e-02, 3.534373671959988e-01, 0.000000000000000e+00, 0.000000000000000e+00, 5.799876384987492e+04, 1.000000000000000e-10, 1.346156143062821e+09
400, 1.455190058000000e-01, -5.046426590000000e-02, 3.539152761940078e-01, 0.000000000000000e+00, 0.000000000000000e+00, 5.806928193582752e+04, 1.000000000000000e-10, 1.344187263155181e+09
401, 1.485010900000000e-01, -5.075648020000000e-02, 3.545309358881139e-01, 0.000000000000000e+00, 0.000000000000000e+00, 5.818108287858182e+04, 1.000000000000000e-10, 1.342062739737408e+09
402, 1.514841115000000e-01, -5.103895140000000e-02, 3.554457030489162e-01, 0.000000000000000e+00, 0.000000000000000e+00, 5.834540394762329e+04, 1.000000000000000e-10, 1.338877878518936e+09
403, 1.544682859000000e-01, -5.130898220000000e-02, 3.565300973882036e-01, 0.000000000000000e+00, 0.000000000000000e+00, 5.852398288042772e+04, 1.000000000000000e-10, 1.334830960670772e+09
404, 1.574529831000000e-01, -5.157318600000000e-02, 3.575251175023139e-01, 0.000000000000000e+00, 0.000000000000000e+00, 5.868553565453606e+04, 1.000000000000000e-10, 1.331082719759623e+09
405, 1.604374954000000e-01, -5.183946610000000e-02, 3.581795623089669e-01, 0.000000000000000e+00, 0.000000000000000e+00, 5.880185075206785e+04, 1.000000000000000e-10, 1.328760040934542e+09
406, 1.634214633000000e-01, -5.211178220000000e-02, 3.584708409505520e-01, 0.000000000000000e+00, 0.000000000000000e+00, 5.887451824936577e+04, 1.000000000000000e-10, 1.328143082752308e+09
407, 1.664054524000000e-01, -5.238386490000000e-02, 3.586085111252838e-01, 0.000000000000000e+00, 0.000000000000000e+00, 5.893124457883806e+04, 1.000000000000000e-10, 1.328260733045329e+09
408, 1.693901711000000e-01, -5.264780400000000e-02, 3.586338305583503e-01, 0.000000000000000e+00, 0.000000000000000e+00, 5.895232027146233e+04, 1.000000000000000e-10, 1.328509520756555e+09
409, 1.723759785000000e-01, -5.289913550000000e-02, 3.587205972225876e-01, 0.000000000000000e+00, 0.000000000000000e+00, 5.896867605621475e+04, 1.000000000000000e-10, 1.328236192617672e+09
410, 1.753625325000000e-01, -5.314143690000000e-02, 3.589022122370570e-01, 0.000000000000000e+00, 0.000000000000000e+00, 5.900235862654112e+04, 1.000000000000000e-10, 1.327635138943241e+09
411, 1.783497926000000e-01, -5.337487290000000e-02, 3.592192675164760e-01, 0.000000000000000e+00, 0.000000000000000e+00, 5.906733255486855e+04, 1.000000000000000e-10, 1.326702792013419e+09
412, 1.813377897000000e-01, -5.359866430000000e-02, 3.598716022661477e-01, 0.000000000000000e+00, 0.000000000000000e+00, 5.918616291765803e+04, 1.000000000000000e-10, 1.324511457320204e+09
413, 1.843267059000000e-01, -5.380983240000000e-02, 3.608144496841684e-01, 0.000000000000000e+00, 0.000000000000000e+00, 5.934093450229295e+04, 1.000000000000000e-10, 1.321028841441208e+09
414, 1.873160581000000e-01, -5.401475910000000e-02, 3.617488156266460e-01, 0.000000000000000e+00, 0.000000000000000e+00, 5.949093499847169e+04, 1.000000000000000e-10, 1.317549692313112e+09
415, 1.903052907000000e-01, -5.422141550000000e-02, 3.623838987654129e-01, 0.000000000000000e+00, 0.000000000000000e+00, 5.960126466680249e+04, 1.000000000000000e-10, 1.315318343294561e+09
416, 1.932940919000000e-01, -5.443422470000000e-02, 3.626678126283501e-01, 0.000000000000000e+00, 0.000000000000000e+00, 5.966526339799785e+04, 1.000000000000000e-10, 1.314618798602603e+09
417, 1.962828856000000e-01, -5.464713860000000e-02, 3.628896677121692e-01, 0.000000000000000e+00, 0.000000000000000e+00, 5.972553006034398e+04, 1.000000000000000e-10, 1.314277355070124e+09
418, 1.992722277000000e-01, -5.485218440000000e-02, 3.629713187488643e-01, 0.000000000000000e+00, 0.000000000000000e+00, 5.974559178033359e+04, 1.000000000000000e-10, 1.314101885084056e+09
419, 2.022625407000000e-01, -5.504252520000000e-02, 3.632024633044474e-01, 0.000000000000000e+00, 0.000000000000000e+00, 5.976333173697040e+04, 1.000000000000000e-10, 1.312889580554817e+09
420, 2.052535799000000e-01, -5.522113260000000e-02, 3.636397650979454e-01, 0.000000000000000e+00, 0.000000000000000e+00, 5.979606864630272e+04, 1.000000000000000e-10, 1.310593731133837e+09
421, 2.082448433000000e-01, -5.539596050000000e-02, 3.641331581277764e-01, 0.000000000000000e+00, 0.000000000000000e+00, 5.984118459699018e+04, 1.000000000000000e-10, 1.308128738212848e+09
422, 2.112359078000000e-01, -5.557415450000000e-02, 3.644600044000166e-01, 0.000000000000000e+00, 0.000000000000000e+00, 5.987534898818474e+04, 1.000000000000000e-10, 1.306638839910898e+09
423, 2.142268969000000e-01, -5.575361380000000e-02, 3.645420529053475e-01, 0.000000000000000e+00, 0.000000000000000e+00, 5.987197689636922e+04, 1.000000000000000e-10, 1.306059080984993e+09
424, 2.172178860000000e-01, -5.593307320000000e-02, 3.646522097993682e-01, 0.000000000000000e+00, 0.000000000000000e+00, 5.990120545341865e+04, 1.000000000000000e-10, 1.305881635170368e+09
425, 2.202088738000000e-01, -5.611255380000000e-02, 3.646286413658941e-01, 0.000000000000000e+00, 0.000000000000000e+00, 5.991124207855414e+04, 1.000000000000000e-10, 1.306216322206477e+09
426, 2.231996539000000e-01, -5.629546030000000e-02, 3.642329152740634e-01, 0.000000000000000e+00, 0.000000000000000e+00, 5.985661117167115e+04, 1.000000000000000e-10, 1.307825081021954e+09
427, 2.261904122000000e-01, -5.647872410000000e-02, 3.639559352815906e-01, 0.000000000000000e+00, 0.000000000000000e+00, 5.983118872353395e+04, 1.000000000000000e-10, 1.309183252995006e+09
428, 2.291816271000000e-01, -5.665434720000000e-02, 3.634489561572326e-01, 0.000000000000000e+00, 0.000000000000000e+00, 5.975099806635864e+04, 1.000000000000000e-10, 1.311037750594304e+09
429, 2.321736636000000e-01, -5.681534020000000e-02, 3.632102507474578e-01, 0.000000000000000e+00, 0.000000000000000e+00, 5.968869526434629e+04, 1.000000000000000e-10, 1.311521029622886e+09
430, 2.351663232000000e-01, -5.696435160000000e-02, 3.632068590562298e-01, 0.000000000000000e+00, 0.000000000000000e+00, 5.964302259878533e+04, 1.000000000000000e-10, 1.310715016351292e+09
431, 2.381591812000000e-01, -5.710934150000000e-02, 3.632177790535811e-01, 0.000000000000000e+00, 0.000000000000000e+00, 5.959903969717510e+04, 1.000000000000000e-10, 1.309810046803246e+09
432, 2.411518497000000e-01, -5.725817950000000e-02, 3.631169020241898e-01, 0.000000000000000e+00, 0.000000000000000e+00, 5.956108314380393e+04, 1.000000000000000e-10, 1.309785307752018e+09
433, 2.441442544000000e-01, -5.741224130000000e-02, 3.628336293482838e-01, 0.000000000000000e+00, 0.000000000000000e+00, 5.950742965310840e+04, 1.000000000000000e-10, 1.310677144340916e+09
434, 2.471367698000000e-01, -5.756413020000000e-02, 3.623630554760788e-01, 0.000000000000000e+00, 0.000000000000000e+00, 5.942401298222493e+04, 1.000000000000000e-10, 1.312255903711761e+09
435, 2.501297829000000e-01, -5.770582350000000e-02, 3.618085584207036e-01, 0.000000000000000e+00, 0.000000000000000e+00, 5.931562281928431e+04, 1.000000000000000e-10, 1.313947684504200e+09
436, 2.531234770000000e-01, -5.783232400000000e-02, 3.614603555107664e-01, 0.000000000000000e+00, 0.000000000000000e+00, 5.921372390652370e+04, 1.000000000000000e-10, 1.314413518317121e+09
437, 2.561175599000000e-01, -5.794931300000000e-02, 3.612341088303045e-01, 0.000000000000000e+00, 0.000000000000000e+00, 5.911259945772511e+04, 1.000000000000000e-10, 1.314060448610773e+09
438, 2.591117003000000e-01, -5.806482750000000e-02, 3.608753606724582e-01, 0.000000000000000e+00, 0.000000000000000e+00, 5.899616638282239e+04, 1.000000000000000e-10, 1.314287931894384e+09
439, 2.621056177000000e-01, -5.818597470000000e-02, 3.602376530399334e-01, 0.000000000000000e+00, 0.000000000000000e+00, 5.885229188679990e+04, 1.000000000000000e-10, 1.315882378111472e+09
440, 2.650994034000000e-01, -5.831034790000000e-02, 3.594472390143368e-01, 0.000000000000000e+00, 0.000000000000000e+00, 5.869572652766210e+04, 1.000000000000000e-10, 1.318292412168278e+09
441, 2.680933813000000e-01, -5.842997970000000e-02, 3.583894046641098e-01, 0.000000000000000e+00, 0.000000000000000e+00, 5.849200020849704e+04, 1.000000000000000e-10, 1.321604704584694e+09
442, 2.710878355000000e-01, -5.853695520000000e-02, 3.573405712737744e-01, 0.000000000000000e+00, 0.000000000000000e+00, 5.827266233700133e+04, 1.000000000000000e-10, 1.324560656692163e+09
443, 2.740827683000000e-01, -5.862963070000000e-02, 3.566246755032619e-01, 0.000000000000000e+00, 0.000000000000000e+00, 5.807819223431956e+04, 1.000000000000000e-10, 1.325755944648543e+09
444, 2.770779096000000e-01, -5.871535910000000e-02, 3.558795094094788e-01, 0.000000000000000e+00, 0.000000000000000e+00, 5.785817188920428e+04, 1.000000000000000e-10, 1.326660156336529e+09
445, 2.800730188000000e-01, -5.880219320000000e-02, 3.552086898671948e-01, 0.000000000000000e+00, 0.000000000000000e+00, 5.766917317826192e+04, 1.000000000000000e-10, 1.327601586153474e+09
446, 2.830679396000000e-01, -5.889530050000000e-02, 3.541714366199010e-01, 0.000000000000000e+00, 0.000000000000000e+00, 5.743230835798522e+04, 1.000000000000000e-10, 1.330185575674146e+09
447, 2.860628383000000e-01, -5.898912130000000e-02, 3.532005589408021e-01, 0.000000000000000e+00, 0.000000000000000e+00, 5.722560289815519e+04, 1.000000000000000e-10, 1.332929697361045e+09
448, 2.890579563000000e-01, -5.907560330000000e-02, 3.520800206801029e-01, 0.000000000000000e+00, 0.000000000000000e+00, 5.699048388522822e+04, 1.000000000000000e-10, 1.336139218163446e+09
449, 2.920534568000000e-01, -5.914755270000000e-02, 3.513167133318198e-01, 0.000000000000000e+00, 0.000000000000000e+00, 5.679824176445998e+04, 1.000000000000000e-10, 1.337670824206045e+09
450, 2.950492307000000e-01, -5.920717250000000e-02, 3.508958095281580e-01, 0.000000000000000e+00, 0.000000000000000e+00, 5.664177883880121e+04, 1.000000000000000e-10, 1.337548776820802e+09
451, 2.980450890000000e-01, -5.926243910000000e-02, 3.505148839208727e-01, 0.000000000000000e+00, 0.000000000000000e+00, 5.648914980866513e+04, 1.000000000000000e-10, 1.337213204883692e+09
452, 3.010408880000000e-01, -5.932081780000000e-02, 3.499801066150630e-01, 0.000000000000000e+00, 0.000000000000000e+00, 5.633071737349029e+04, 1.000000000000000e-10, 1.337845810013157e+09
453, 3.040366569000000e-01, -5.938073310000000e-02, 3.494161850706377e-01, 0.000000000000000e+00, 0.000000000000000e+00, 5.617894460667746e+04, 1.000000000000000e-10, 1.338798379467213e+09
454, 3.070324259000000e-01, -5.944064850000000e-02, 3.487702724309432e-01, 0.000000000000000e+00, 0.000000000000000e+00, 5.601624374809184e+04, 1.000000000000000e-10, 1.340120812571594e+09
455, 3.100281949000000e-01, -5.950056430000000e-02, 3.481552573453020e-01, 0.000000000000000e+00, 0.000000000000000e+00, 5.587128706303013e+04, 1.000000000000000e-10, 1.341567389601681e+09
456, 3.130238981000000e-01, -5.956366740000000e-02, 3.472944558247887e-01, 0.000000000000000e+00, 0.000000000000000e+00, 5.570348197402873e+04, 1.000000000000000e-10, 1.344297989723796e+09
457, 3.160195838000000e-01, -5.962760330000000e-02, 3.464821263986490e-01, 0.000000000000000e+00, 0.000000000000000e+00, 5.556555755529328e+04, 1.000000000000000e-10, 1.347262520273982e+09
458, 3.190154135000000e-01, -5.968430950000000e-02, 3.459686221020599e-01, 0.000000000000000e+00, 0.000000000000000e+00, 5.548137788327410e+04, 1.000000000000000e-10, 1.349253823154048e+09
459, 3.220114804000000e-01, -5.972653310000000e-02, 3.459313392894624e-01, 0.000000000000000e+00, 0.000000000000000e+00, 5.546014979397132e+04, 1.000000000000000e-10, 1.349117872079430e+09
460, 3.250076994000000e-01, -5.975631740000000e-02, 3.461838669271537e-01, 0.000000000000000e+00, 0.000000000000000e+00, 5.546871376471613e+04, 1.000000000000000e-10, 1.347489517824003e+09
461, 3.280039605000000e-01, -5.978163410000000e-02, 3.465379925644744e-01, 0.000000000000000e+00, 0.000000000000000e+00, 5.550492698007909e+04, 1.000000000000000e-10, 1.345651390651378e+09
462, 3.310001939000000e-01, -5.981000190000000e-02, 3.469582045551381e-01, 0.000000000000000e+00, 0.000000000000000e+00, 5.557670128192169e+04, 1.000000000000000e-10, 1.344111440389498e+09
463, 3.339964122000000e-01, -5.983996410000000e-02, 3.475087651245057e-01, 0.000000000000000e+00, 0.000000000000000e+00, 5.568823785736715e+04, 1.000000000000000e-10, 1.342430287334137e+09
464, 3.369926304000000e-01, -5.986992630000000e-02, 3.480450160346408e-01, 0.000000000000000e+00, 0.000000000000000e+00, 5.581020301100761e+04, 1.000000000000000e-10, 1.341113439156476e+09
465, 3.399888487000000e-01, -5.989988850000000e-02, 3.484507256278935e-01, 0.000000000000000e+00, 0.000000000000000e+00, 5.591517300699883e+04, 1.000000000000000e-10, 1.340346694634793e+09
466, 3.429850337000000e-01, -5.993297570000000e-02, 3.486523554176478e-01, 0.000000000000000e+00, 0.000000000000000e+00, 5.599756314754423e+04, 1.000000000000000e-10, 1.340600444872678e+09
467, 3.459812085000000e-01, -5.996700070000000e-02, 3.487325875851168e-01, 0.000000000000000e+00, 0.000000000000000e+00, 5.606940812345101e+04, 1.000000000000000e-10, 1.341463223344773e+09
468, 3.489774541000000e-01, -5.999389510000000e-02, 3.489492706712114e-01, 0.000000000000000e+00, 0.000000000000000e+00, 5.614747573496914e+04, 1.000000000000000e-10, 1.341462521630558e+09
469, 3.519737926000000e-01, -6.000635760000000e-02, 3.493973849486099e-01, 0.000000000000000e+00, 0.000000000000000e+00, 5.623717284999851e+04, 1.000000000000000e-10, 1.340067200120899e+09
470, 3.549701596000000e-01, -6.000628710000000e-02, 3.500356827109719e-01, 0.000000000000000e+00, 0.000000000000000e+00, 5.634450515855905e+04, 1.000000000000000e-10, 1.337714101346689e+09
471, 3.579665241000000e-01, -6.000164710000000e-02, 3.507384770823889e-01, 0.000000000000000e+00, 0.000000000000000e+00, 5.646409014293207e+04, 1.000000000000000e-10, 1.335162059751638e+09
472, 3.609628912000000e-01, -6.000041890000000e-02, 3.513546486757266e-01, 0.000000000000000e+00, 0.000000000000000e+00, 5.658194047643511e+04, 1.000000000000000e-10, 1.333185327611000e+09
473, 3.639592561000000e-01, -6.000473460000000e-02, 3.517711218160345e-01, 0.000000000000000e+00, 0.000000000000000e+00, 5.668481084059307e+04, 1.000000000000000e-10, 1.332305119406065e+09
474, 3.669556225000000e-01, -6.000736450000000e-02, 3.520227617100297e-01, 0.000000000000000e+00, 0.000000000000000e+00, 5.676193849512139e+04, 1.000000000000000e-10, 1.332063234852333e+09
475, 3.699519795000000e-01, -6.000023780000000e-02, 3.522476038154146e-01, 0.000000000000000e+00, 0.000000000000000e+00, 5.681317925954970e+04, 1.000000000000000e-10, 1.331504292950014e+09
476, 3.729482611000000e-01, -5.997784780000000e-02, 3.525434034105955e-01, 0.000000000000000e+00, 0.000000000000000e+00, 5.685093682464371e+04, 1.000000000000000e-10, 1.330190039451720e+09
477, 3.759444535000000e-01, -5.994544400000000e-02, 3.528299327254547e-01, 0.000000000000000e+00, 0.000000000000000e+00, 5.687641626127297e+04, 1.000000000000000e-10, 1.328707443348861e+09
478, 3.789406246000000e-01, -5.991109540000000e-02, 3.529681096351187e-01, 0.000000000000000e+00, 0.000000000000000e+00, 5.688365572189169e+04, 1.000000000000000e-10, 1.327860832525298e+09
479, 3.819368521000000e-01, -5.988214390000000e-02, 3.529803860214873e-01, 0.000000000000000e+00, 0.000000000000000e+00, 5.688507597156672e+04, 1.000000000000000e-10, 1.327842333968744e+09
480, 3.849331132000000e-01, -5.985683420000000e-02, 3.528877126853318e-01, 0.000000000000000e+00, 0.000000000000000e+00, 5.688152546483120e+04, 1.000000000000000e-10, 1.328461821780861e+09
481, 3.879293339000000e-01, -5.982721620000000e-02, 3.527215807564517e-01, 0.000000000000000e+00, 0.000000000000000e+00, 5.686341498800222e+04, 1.000000000000000e-10, 1.329255615631078e+09
482, 3.909254052000000e-01, -5.978530220000000e-02, 3.526441069961422e-01, 0.000000000000000e+00, 0.000000000000000e+00, 5.684723492661075e+04, 1.000000000000000e-10, 1.329442724268130e+09
483, 3.939212391000000e-01, -5.972882000000000e-02, 3.528014173319907e-01, 0.000000000000000e+00, 0.000000000000000e+00, 5.684755065323068e+04, 1.000000000000000e-10, 1.328390400662289e+09
484, 3.969169262000000e-01, -5.966494890000000e-02, 3.531042782499614e-01, 0.000000000000000e+00, 0.000000000000000e+00, 5.685531748542006e+04, 1.000000000000000e-10, 1.326456775421828e+09
485, 3.999126274000000e-01, -5.960175120000000e-02, 3.533988749092093e-01, 0.000000000000000e+00, 0.000000000000000e+00, 5.687291104945789e+04, 1.000000000000000e-10, 1.324705150904642e+09
486, 4.029083963000000e-01, -5.954183210000000e-02, 3.535761127063167e-01, 0.000000000000000e+00, 0.000000000000000e+00, 5.688556057549488e+04, 1.000000000000000e-10, 1.323763137166526e+09
487, 4.059041653000000e-01, -5.948191670000000e-02, 3.536327948544080e-01, 0.000000000000000e+00, 0.000000000000000e+00, 5.687786991019969e+04, 1.000000000000000e-10, 1.323239086061294e+09
488, 4.088999342000000e-01, -5.942200130000000e-02, 3.534799789271147e-01, 0.000000000000000e+00, 0.000000000000000e+00, 5.683018536311892e+04, 1.000000000000000e-10, 1.323364544024445e+09
489, 4.118957316000000e-01, -5.936354160000000e-02, 3.531314462885244e-01, 0.000000000000000e+00, 0.000000000000000e+00, 5.675866967464893e+04, 1.000000000000000e-10, 1.324358168568145e+09
490, 4.148915900000000e-01, -5.930827980000000e-02, 3.525540559200722e-01, 0.000000000000000e+00, 0.000000000000000e+00, 5.665810491851452e+04, 1.000000000000000e-10, 1.326376283887966e+09
491, 4.178873672000000e-01, -5.924882410000000e-02, 3.517731147125228e-01, 0.000000000000000e+00, 0.000000000000000e+00, 5.652509475016995e+04, 1.000000000000000e-10, 1.329177051830649e+09
492, 4.208828751000000e-01, -5.917718310000000e-02, 3.511379864052924e-01, 0.000000000000000e+00, 0.000000000000000e+00, 5.640769878651512e+04, 1.000000000000000e-10, 1.331312595880890e+09
493, 4.238779996000000e-01, -5.909092720000000e-02, 3.508538919164233e-01, 0.000000000000000e+00, 0.000000000000000e+00, 5.632734649129440e+04, 1.000000000000000e-10, 1.331697548380934e+09
494, 4.268729004000000e-01, -5.899717340000000e-02, 3.508024973011165e-01, 0.000000000000000e+00, 0.000000000000000e+00, 5.627363367887884e+04, 1.000000000000000e-10, 1.330999532219071e+09
495, 4.298678186000000e-01, -5.890397410000000e-02, 3.506095354978883e-01, 0.000000000000000e+00, 0.000000000000000e+00, 5.620850723957719e+04, 1.000000000000000e-10, 1.331059884458397e+09
496, 4.328629246000000e-01, -5.881703720000000e-02, 3.503180338730050e-01, 0.000000000000000e+00, 0.000000000000000e+00, 5.615010117201180e+04, 1.000000000000000e-10, 1.331937424754380e+09
497, 4.358580675000000e-01, -5.873136490000000e-02, 3.498786521832868e-01, 0.000000000000000e+00, 0.000000000000000e+00, 5.607452935917425e+04, 1.000000000000000e-10, 1.333499275587373e+09
498, 4.388530070000000e-01, -5.863890460000000e-02, 3.494472359795205e-01, 0.000000000000000e+00, 0.000000000000000e+00, 5.600059298969542e+04, 1.000000000000000e-10, 1.335032060030620e+09
499, 4.418474723000000e-01, -5.853224060000000e-02, 3.491639517298652e-01, 0.000000000000000e+00, 0.000000000000000e+00, 5.593342673879783e+04, 1.000000000000000e-10, 1.335667189084539e+09
500, 4.448414571000000e-01, -5.841278340000000e-02, 3.490717395416358e-01, 0.000000000000000e+00, 0.000000000000000e+00, 5.587433646100549e+04, 1.000000000000000e-10, 1.335161060053392e+09
501, 4.478352435000000e-01, -5.828842610000000e-02, 3.490317955283223e-01, 0.000000000000000e+00, 0.000000000000000e+00, 5.581574323362253e+04, 1.000000000000000e-10, 1.334276749241150e+09
502, 4.508291556000000e-01, -5.816714900000000e-02, 3.488973100375965e-01, 0.000000000000000e+00, 0.000000000000000e+00, 5.576303912637386e+04, 1.000000000000000e-10, 1.334168223600672e+09
503, 4.538232940000000e-01, -5.805158270000000e-02, 3.486590209249444e-01, 0.000000000000000e+00, 0.000000000000000e+00, 5.571433419696020e+04, 1.000000000000000e-10, 1.334889200765591e+09
504, 4.568173812000000e-01, -5.793470060000000e-02, 3.482952139554626e-01, 0.000000000000000e+00, 0.000000000000000e+00, 5.565234752071477e+04, 1.000000000000000e-10, 1.336206646526865e+09
505, 4.598110864000000e-01, -5.780846580000000e-02, 3.479888309070049e-01, 0.000000000000000e+00, 0.000000000000000e+00, 5.559944565638476e+04, 1.000000000000000e-10, 1.337292683549680e+09
506, 4.628041128000000e-01, -5.766705430000000e-02, 3.478309931852006e-01, 0.000000000000000e+00, 0.000000000000000e+00, 5.555531310847316e+04, 1.000000000000000e-10, 1.337520872290259e+09
507, 4.657966345000000e-01, -5.751528910000000e-02, 3.478060302960869e-01, 0.000000000000000e+00, 0.000000000000000e+00, 5.551760690706140e+04, 1.000000000000000e-10, 1.336938146441975e+09
508, 4.687890375000000e-01, -5.736119260000000e-02, 3.477349057622510e-01, 0.000000000000000e+00, 0.000000000000000e+00, 5.548143130177224e+04, 1.000000000000000e-10, 1.336714187181174e+09
509, 4.717816992000000e-01, -5.721221950000000e-02, 3.476014958444077e-01, 0.000000000000000e+00, 0.000000000000000e+00, 5.545649830892172e+04, 1.000000000000000e-10, 1.337154068052676e+09
510, 4.747745571000000e-01, -5.706722820000000e-02, 3.474319704499285e-01, 0.000000000000000e+00, 0.000000000000000e+00, 5.544315720847247e+04, 1.000000000000000e-10, 1.338069384944227e+09
511, 4.777672246000000e-01, -5.691837390000000e-02, 3.472778744964199e-01, 0.000000000000000e+00, 0.000000000000000e+00, 5.544115078627444e+04, 1.000000000000000e-10, 1.339145591646610e+09
512, 4.807592922000000e-01, -5.675795070000000e-02, 3.472029175816690e-01, 0.000000000000000e+00, 0.000000000000000e+00, 5.544184581616181e+04, 1.000000000000000e-10, 1.339689145935310e+09
513, 4.837507599000000e-01, -5.658667410000000e-02, 3.472527874170021e-01, 0.000000000000000e+00, 0.000000000000000e+00, 5.545130231868311e+04, 1.000000000000000e-10, 1.339505653847216e+09
514, 4.867417038000000e-01, -5.640648100000000e-02, 3.474660340254289e-01, 0.000000000000000e+00, 0.000000000000000e+00, 5.548030601838193e+04, 1.000000000000000e-10, 1.338613146550010e+09
515, 4.897320976000000e-01, -5.621737780000000e-02, 3.478769042581860e-01, 0.000000000000000e+00, 0.000000000000000e+00, 5.553849947456994e+04, 1.000000000000000e-10, 1.336883785915303e+09
516, 4.927219151000000e-01, -5.601937110000000e-02, 3.484892239256667e-01, 0.000000000000000e+00, 0.000000000000000e+00, 5.563812971574518e+04, 1.000000000000000e-10, 1.334529480818056e+09
517, 4.957111300000000e-01, -5.581246800000000e-02, 3.493291241724303e-01, 0.000000000000000e+00, 0.000000000000000e+00, 5.579205702036576e+04, 1.000000000000000e-10, 1.331697904017957e+09
518, 4.986997164000000e-01, -5.559667590000000e-02, 3.505764867805232e-01, 0.000000000000000e+00, 0.000000000000000e+00, 5.604248388905031e+04, 1.000000000000000e-10, 1.327999167858656e+09
519, 5.016875582000000e-01, -5.537082560000000e-02, 3.524269741748043e-01, 0.000000000000000e+00, 0.000000000000000e+00, 5.642179553934021e+04, 1.000000000000000e-10, 1.322653419094981e+09
520, 5.046744459000000e-01, -5.513267300000000e-02, 3.546149187921535e-01, 0.000000000000000e+00, 0.000000000000000e+00, 5.686638703418224e+04, 1.000000000000000e-10, 1.316333049181721e+09
521, 5.076609077000001e-01, -5.488922320000000e-02, 3.571950002420020e-01, 0.000000000000000e+00, 0.000000000000000e+00, 5.739314583179323e+04, 1.000000000000000e-10, 1.308965846338528e+09
522, 5.106475810000000e-01, -5.464838960000000e-02, 3.597325679725054e-01, 0.000000000000000e+00, 0.000000000000000e+00, 5.793834305607063e+04, 1.000000000000000e-10, 1.302278976987303e+09
523, 5.136347221999999e-01, -5.441342690000000e-02, 3.624070121994797e-01, 0.000000000000000e+00, 0.000000000000000e+00, 5.853717203815423e+04, 1.000000000000000e-10, 1.295770926752090e+09
524, 5.166218002000000e-01, -5.417766240000000e-02, 3.653813133437131e-01, 0.000000000000000e+00, 0.000000000000000e+00, 5.922451681096673e+04, 1.000000000000000e-10, 1.288956187495438e+09
525, 5.196081732000000e-01, -5.393315480000000e-02, 3.685082649021700e-01, 0.000000000000000e+00, 0.000000000000000e+00, 5.995318902861559e+04, 1.000000000000000e-10, 1.281955396790233e+09
526, 5.225935011000000e-01, -5.367618930000000e-02, 3.716700090109324e-01, 0.000000000000000e+00, 0.000000000000000e+00, 6.067982085317167e+04, 1.000000000000000e-10, 1.274725344703184e+09
527, 5.255780483000000e-01, -5.341030860000000e-02, 3.750522288043402e-01, 0.000000000000000e+00, 0.000000000000000e+00, 6.143174811943176e+04, 1.000000000000000e-10, 1.266624846278325e+09
528, 5.285617956000001e-01, -5.313559520000000e-02, 3.782819499400075e-01, 0.000000000000000e+00, 0.000000000000000e+00, 6.213399111665380e+04, 1.000000000000000e-10, 1.258733823238844e+09
529, 5.315447173000000e-01, -5.285205880000000e-02, 3.809649183408580e-01, 0.000000000000000e+00, 0.000000000000000e+00, 6.269995465026281e+04, 1.000000000000000e-10, 1.251933594696963e+09
530, 5.345267882000000e-01, -5.255970920000000e-02, 3.828158257454336e-01, 0.000000000000000e+00, 0.000000000000000e+00, 6.305759349656556e+04, 1.000000000000000e-10, 1.246724876379063e+09
531, 5.375079829000000e-01, -5.225855670000000e-02, 3.837609360235955e-01, 0.000000000000000e+00, 0.000000000000000e+00, 6.320455757245465e+04, 1.000000000000000e-10, 1.243466082034948e+09
532, 5.404882648000000e-01, -5.194849960000000e-02, 3.841402567392089e-01, 0.000000000000000e+00, 0.000000000000000e+00, 6.322676346345037e+04, 1.000000000000000e-10, 1.241618378062261e+09
533, 5.434672252000000e-01, -5.162600380000000e-02, 3.841857625344490e-01, 0.000000000000000e+00, 0.000000000000000e+00, 6.317614607708510e+04, 1.000000000000000e-10, 1.240565384239684e+09
534, 5.464452645000000e-01, -5.129509310000000e-02, 3.839799401260865e-01, 0.000000000000000e+00, 0.000000000000000e+00, 6.307143449174426e+04, 1.000000000000000e-10, 1.240080598693215e+09
535, 5.494232392000000e-01, -5.096360040000000e-02, 3.834379401400458e-01, 0.000000000000000e+00, 0.000000000000000e+00, 6.290237751409562e+04, 1.000000000000000e-10, 1.240476352067241e+09
536, 5.524018620000000e-01, -5.063798680000000e-02, 3.825333710482002e-01, 0.000000000000000e+00, 0.000000000000000e+00, 6.267172337168857e+04, 1.000000000000000e-10, 1.242063513551607e+09
537, 5.553807501000000e-01, -5.031480440000000e-02, 3.813405495464553e-01, 0.000000000000000e+00, 0.000000000000000e+00, 6.239826962715591e+04, 1.000000000000000e-10, 1.244653525807920e+09
538, 5.583590480000000e-01, -4.998623770000000e-02, 3.800340275748623e-01, 0.000000000000000e+00, 0.000000000000000e+00, 6.211154404933826e+04, 1.000000000000000e-10, 1.247761954282376e+09
539, 5.613359734000000e-01, -4.964547060000000e-02, 3.791553701824775e-01, 0.000000000000000e+00, 0.000000000000000e+00, 6.190646992683606e+04, 1.000000000000000e-10, 1.249664202390185e+09
540, 5.643117559000000e-01, -4.929485250000000e-02, 3.787182394287311e-01, 0.000000000000000e+00, 0.000000000000000e+00, 6.178501392881768e+04, 1.000000000000000e-10, 1.250268724771412e+09
541, 5.672864971000000e-01, -4.893550630000000e-02, 3.786889462917087e-01, 0.000000000000000e+00, 0.000000000000000e+00, 6.173787032787066e+04, 1.000000000000000e-10, 1.249627451786210e+09
542, 5.702601725000001e-01, -4.856744460000000e-02, 3.789137059645735e-01, 0.000000000000000e+00, 0.000000000000000e+00, 6.173241377627654e+04, 1.000000000000000e-10, 1.248182202101533e+09
543, 5.732327578000000e-01, -4.819067990000000e-02, 3.793368256121351e-01, 0.000000000000000e+00, 0.000000000000000e+00, 6.176151561364980e+04, 1.000000000000000e-10, 1.246109535112997e+09
544, 5.762042288000000e-01, -4.780522520000000e-02, 3.799766359353189e-01, 0.000000000000000e+00, 0.000000000000000e+00, 6.183587705405631e+04, 1.000000000000000e-10, 1.243516656248367e+09
545, 5.791745615000000e-01, -4.741109350000000e-02, 3.808274916899357e-01, 0.000000000000000e+00, 0.000000000000000e+00, 6.196133621038584e+04, 1.000000000000000e-10, 1.240522900213262e+09
546, 5.821437317000000e-01, -4.700829840000000e-02, 3.818657045798605e-01, 0.000000000000000e+00, 0.000000000000000e+00, 6.213344764721765e+04, 1.000000000000000e-10, 1.237220996273685e+09
547, 5.851117156000000e-01, -4.659685360000000e-02, 3.830538888529872e-01, 0.000000000000000e+00, 0.000000000000000e+00, 6.234244936936307e+04, 1.000000000000000e-10, 1.233639907021354e+09
548, 5.880784894000000e-01, -4.617677290000000e-02, 3.843542432790639e-01, 0.000000000000000e+00, 0.000000000000000e+00, 6.258448869938200e+04, 1.000000000000000e-10, 1.229960642867656e+09
549, 5.910439602000001e-01, -4.574759280000000e-02, 3.857301728639344e-01, 0.000000000000000e+00, 0.000000000000000e+00, 6.284037838665071e+04, 1.000000000000000e-10, 1.226047448213096e+09
550, 5.940076158000001e-01, -4.530605300000000e-02, 3.870181226068662e-01, 0.000000000000000e+00, 0.000000000000000e+00, 6.306705024297403e+04, 1.000000000000000e-10, 1.222259954433812e+09
551, 5.969702442000000e-01, -4.485766250000000e-02, 3.882529662692951e-01, 0.000000000000000e+00, 0.000000000000000e+00, 6.327813813584841e+04, 1.000000000000000e-10, 1.218529626243122e+09
552, 5.999329905000000e-01, -4.441005360000000e-02, 3.891358190889017e-01, 0.000000000000000e+00, 0.000000000000000e+00, 6.342444898555425e+04, 1.000000000000000e-10, 1.215770375163100e+09
553, 6.028966429000000e-01, -4.396848360000000e-02, 3.900068724403055e-01, 0.000000000000000e+00, 0.000000000000000e+00, 6.358526045985957e+04, 1.000000000000000e-10, 1.213356644494534e+09
554, 6.058604630000000e-01, -4.352803920000000e-02, 3.905773878549054e-01, 0.000000000000000e+00, 0.000000000000000e+00, 6.369352669773390e+04, 1.000000000000000e-10, 1.211844982635171e+09
555, 6.088233068000000e-01, -4.308108430000000e-02, 3.913595143906988e-01, 0.000000000000000e+00, 0.000000000000000e+00, 6.383477122544913e+04, 1.000000000000000e-10, 1.209637800114145e+09
556, 6.117840715000000e-01, -4.262056990000000e-02, 3.922499731228985e-01, 0.000000000000000e+00, 0.000000000000000e+00, 6.398567866199547e+04, 1.000000000000000e-10, 1.206983288426809e+09
557, 6.147428891000000e-01, -4.214769180000000e-02, 3.932263258867487e-01, 0.000000000000000e+00, 0.000000000000000e+00, 6.414803994592073e+04, 1.000000000000000e-10, 1.204034456560629e+09
558, 6.177009164000000e-01, -4.166988860000000e-02, 3.942547549399555e-01, 0.000000000000000e+00, 0.000000000000000e+00, 6.432240069148927e+04, 1.000000000000000e-10, 1.200989289163365e+09
559, 6.206593651000000e-01, -4.119470460000000e-02, 3.952877565449459e-01, 0.000000000000000e+00, 0.000000000000000e+00, 6.450537157520078e+04, 1.000000000000000e-10, 1.198072479472327e+09
560, 6.236187181000000e-01, -4.072518330000000e-02, 3.962862604294606e-01, 0.000000000000000e+00, 0.000000000000000e+00, 6.469324779199058e+04, 1.000000000000000e-10, 1.195458525899930e+09
561, 6.265779548000000e-01, -4.025493070000000e-02, 3.971373119402571e-01, 0.000000000000000e+00, 0.000000000000000e+00, 6.486015527959849e+04, 1.000000000000000e-10, 1.193322202797168e+09
562, 6.295358580000000e-01, -3.977637300000000e-02, 3.979682626749102e-01, 0.000000000000000e+00, 0.000000000000000e+00, 6.501988122960936e+04, 1.000000000000000e-10, 1.191193273190905e+09
563, 6.324917848000000e-01, -3.928575100000000e-02, 3.987994930159647e-01, 0.000000000000000e+00, 0.000000000000000e+00, 6.517176193935382e+04, 1.000000000000000e-10, 1.188952824979952e+09
564, 6.354462727000000e-01, -3.878653410000000e-02, 3.996519847942099e-01, 0.000000000000000e+00, 0.000000000000000e+00, 6.532348388705362e+04, 1.000000000000000e-10, 1.186595478569072e+09
565, 6.383993153000000e-01, -3.827883870000000e-02, 4.005311803361325e-01, 0.000000000000000e+00, 0.000000000000000e+00, 6.547942176724866e+04, 1.000000000000000e-10, 1.184173645982699e+09
566, 6.413507560000000e-01, -3.776191640000000e-02, 4.014864726011562e-01, 0.000000000000000e+00, 0.000000000000000e+00, 6.564770001394584e+04, 1.000000000000000e-10, 1.181521215345506e+09
567, 6.443000666000001e-01, -3.723297330000000e-02, 4.025296433190668e-01, 0.000000000000000e+00, 0.000000000000000e+00, 6.582976048387839e+04, 1.000000000000000e-10, 1.178635375049065e+09
568, 6.472482997000000e-01, -3.669805020000000e-02, 4.036076304789136e-01, 0.000000000000000e+00, 0.000000000000000e+00, 6.601729720482828e+04, 1.000000000000000e-10, 1.175668212819932e+09
569, 6.501967952000000e-01, -3.616457690000000e-02, 4.047773658536106e-01, 0.000000000000000e+00, 0.000000000000000e+00, 6.622200892146378e+04, 1.000000000000000e-10, 1.172466492115354e+09
570, 6.531457706000000e-01, -3.563376130000000e-02, 4.060882625065709e-01, 0.000000000000000e+00, 0.000000000000000e+00, 6.646318633997832e+04, 1.000000000000000e-10, 1.169069885161634e+09
571, 6.560947461000000e-01, -3.510294570000000e-02, 4.070878490123815e-01, 0.000000000000000e+00, 0.000000000000000e+00, 6.664816459898050e+04, 1.000000000000000e-10, 1.166498291279296e+09
572, 6.590437216000000e-01, -3.457213010000000e-02, 4.077231824333723e-01, 0.000000000000000e+00, 0.000000000000000e+00, 6.676728760353923e+04, 1.000000000000000e-10, 1.164897436768635e+09
573, 6.619929736000000e-01, -3.404285490000000e-02, 4.085240724441962e-01, 0.000000000000000e+00, 0.000000000000000e+00, 6.692595987093356e+04, 1.000000000000000e-10, 1.163008776582374e+09
574, 6.649427455000000e-01, -3.351648340000000e-02, 4.094191116490205e-01, 0.000000000000000e+00, 0.000000000000000e+00, 6.710351728504529e+04, 1.000000000000000e-10, 1.160908247239690e+09
575, 6.678917876000000e-01, -3.298604320000000e-02, 4.103700714345176e-01, 0.000000000000000e+00, 0.000000000000000e+00, 6.728847628612799e+04, 1.000000000000000e-10, 1.158627978342969e+09
576, 6.708387459000000e-01, -3.244415800000000e-02, 4.113791567989920e-01, 0.000000000000000e+00, 0.000000000000000e+00, 6.747931247279485e+04, 1.000000000000000e-10, 1.156144965635373e+09
577, 6.737831424000000e-01, -3.188851370000000e-02, 4.124454318879937e-01, 0.000000000000000e+00, 0.000000000000000e+00, 6.767571165448421e+04, 1.000000000000000e-10, 1.153457764672473e+09
578, 6.767261656000000e-01, -3.132563310000000e-02, 4.136738092570668e-01, 0.000000000000000e+00, 0.000000000000000e+00, 6.790065855121857e+04, 1.000000000000000e-10, 1.150359807582181e+09
579, 6.796692174000000e-01, -3.076290160000000e-02, 4.146540477715266e-01, 0.000000000000000e+00, 0.000000000000000e+00, 6.807658657951342e+04, 1.000000000000000e-10, 1.147837696934645e+09
580, 6.826129130000000e-01, -3.020354650000000e-02, 4.158066855247293e-01, 0.000000000000000e+00, 0.000000000000000e+00, 6.829474383120073e+04, 1.000000000000000e-10, 1.145056106179420e+09
581, 6.855566182000000e-01, -2.964424250000000e-02, 4.168726156274191e-01, 0.000000000000000e+00, 0.000000000000000e+00, 6.850236868025300e+04, 1.000000000000000e-10, 1.142554360991741e+09
582, 6.885003235000000e-01, -2.908493850000000e-02, 4.178513179985506e-01, 0.000000000000000e+00, 0.000000000000000e+00, 6.869791474825868e+04, 1.000000000000000e-10, 1.140353897869273e+09
583, 6.914440287000000e-01, -2.852563450000000e-02, 4.187143075856586e-01, 0.000000000000000e+00, 0.000000000000000e+00, 6.887046990421803e+04, 1.000000000000000e-10, 1.138421958643931e+09
584, 6.943877340000000e-01, -2.796633050000000e-02, 4.195417636536724e-01, 0.000000000000000e+00, 0.000000000000000e+00, 6.903348346698719e+04, 1.000000000000000e-10, 1.136542245080367e+09
585, 6.973314392000000e-01, -2.740702650000000e-02, 4.202699420011389e-01, 0.000000000000000e+00, 0.000000000000000e+00, 6.917240371439072e+04, 1.000000000000000e-10, 1.134831565043513e+09
586, 7.002751444999999e-01, -2.684772250000000e-02, 4.211733075428906e-01, 0.000000000000000e+00, 0.000000000000000e+00, 6.934428867886703e+04, 1.000000000000000e-10, 1.132710103678568e+09
587, 7.032188497000000e-01, -2.628841850000000e-02, 4.220014919624658e-01, 0.000000000000000e+00, 0.000000000000000e+00, 6.950170708424467e+04, 1.000000000000000e-10, 1.130769793841274e+09
588, 7.061625550000000e-01, -2.572911460000000e-02, 4.227033196686918e-01, 0.000000000000000e+00, 0.000000000000000e+00, 6.963496696664863e+04, 1.000000000000000e-10, 1.129173060484639e+09
589, 7.091062603000000e-01, -2.516981060000000e-02, 4.232887598110413e-01, 0.000000000000000e+00, 0.000000000000000e+00, 6.974280900450828e+04, 1.000000000000000e-10, 1.127763340992461e+09
590, 7.120499655000000e-01, -2.461050660000000e-02, 4.240622558927317e-01, 0.000000000000000e+00, 0.000000000000000e+00, 6.988760830489424e+04, 1.000000000000000e-10, 1.125936870271943e+09
591, 7.149936708000000e-01, -2.405120260000000e-02, 4.247535536019630e-01, 0.000000000000000e+00, 0.000000000000000e+00, 7.001740689173911e+04, 1.000000000000000e-10, 1.124314517891122e+09
592, 7.179373760000000e-01, -2.349189860000000e-02, 4.253386141162960e-01, 0.000000000000000e+00, 0.000000000000000e+00, 7.012782062391145e+04, 1.000000000000000e-10, 1.122952480967356e+09
593, 7.208810812999999e-01, -2.293259460000000e-02, 4.258235340083377e-01, 0.000000000000000e+00, 0.000000000000000e+00, 7.021675471487400e+04, 1.000000000000000e-10, 1.121792016844374e+09
594, 7.238247865000000e-01, -2.237329060000000e-02, 4.264964826413119e-01, 0.000000000000000e+00, 0.000000000000000e+00, 7.034323685358929e+04, 1.000000000000000e-10, 1.120225722856982e+09
595, 7.267684918000000e-01, -2.181398660000000e-02, 4.270829569399392e-01, 0.000000000000000e+00, 0.000000000000000e+00, 7.045426799648054e+04, 1.000000000000000e-10, 1.118874686133551e+09
596, 7.297121971000000e-01, -2.125468260000000e-02, 4.275926666800108e-01, 0.000000000000000e+00, 0.000000000000000e+00, 7.055238396581233e+04, 1.000000000000000e-10, 1.117724199077564e+09
597, 7.326559023000000e-01, -2.069537860000000e-02, 4.280291133797824e-01, 0.000000000000000e+00, 0.000000000000000e+00, 7.063524545636540e+04, 1.000000000000000e-10, 1.116725884026895e+09
598, 7.355996076000000e-01, -2.013607460000000e-02, 4.286631924972490e-01, 0.000000000000000e+00, 0.000000000000000e+00, 7.075891288989260e+04, 1.000000000000000e-10, 1.115321279176116e+09
599, 7.385433128000000e-01, -1.957677060000000e-02, 4.292101689119608e-01, 0.000000000000000e+00, 0.000000000000000e+00, 7.086860834542671e+04, 1.000000000000000e-10, 1.114151431379178e+09
600, 7.414870181000000e-01, -1.901746660000000e-02, 4.296875289272396e-01, 0.000000000000000e+00, 0.000000000000000e+00, 7.096911222466148e+04, 1.000000000000000e-10, 1.113194027839574e+09
601, 7.444307233000000e-01, -1.845816260000000e-02, 4.301444300853146e-01, 0.000000000000000e+00, 0.000000000000000e+00, 7.106997284205581e+04, 1.000000000000000e-10, 1.112339190740265e+09
602, 7.473744286000000e-01, -1.789885860000000e-02, 4.306228522517768e-01, 0.000000000000000e+00, 0.000000000000000e+00, 7.118032678486135e+04, 1.000000000000000e-10, 1.111506258325756e+09
603, 7.503181249000000e-01, -1.733950730000000e-02, 4.310380952284230e-01, 0.000000000000000e+00, 0.000000000000000e+00, 7.127970662005513e+04, 1.000000000000000e-10, 1.110830243062889e+09
604, 7.532611798000000e-01, -1.677679240000000e-02, 4.315689380508736e-01, 0.000000000000000e+00, 0.000000000000000e+00, 7.140288976452769e+04, 1.000000000000000e-10, 1.109914822739938e+09
605, 7.562042001000000e-01, -1.621389660000000e-02, 4.320142035562430e-01, 0.000000000000000e+00, 0.000000000000000e+00, 7.150872467977655e+04, 1.000000000000000e-10, 1.109179124950183e+09
606, 7.591485878000001e-01, -1.565820530000000e-02, 4.325083975603888e-01, 0.000000000000000e+00, 0.000000000000000e+00, 7.162117994186921e+04, 1.000000000000000e-10, 1.108302477764765e+09
607, 7.620955345000000e-01, -1.511625730000000e-02, 4.330651828878454e-01, 0.000000000000000e+00, 0.000000000000000e+00, 7.173932079228394e+04, 1.000000000000000e-10, 1.107207280424910e+09
608, 7.650445705000000e-01, -1.458578350000000e-02, 4.336559011757126e-01, 0.000000000000000e+00, 0.000000000000000e+00, 7.185781163306050e+04, 1.000000000000000e-10, 1.105968857441498e+09
609, 7.679943422000000e-01, -1.405941050000000e-02, 4.342487012267437e-01, 0.000000000000000e+00, 0.000000000000000e+00, 7.197565361237824e+04, 1.000000000000000e-10, 1.104717463215725e+09
610, 7.709435269000000e-01, -1.352976200000000e-02, 4.348044575635024e-01, 0.000000000000000e+00, 0.000000000000000e+00, 7.209215591438395e+04, 1.000000000000000e-10, 1.103612836948053e+09
611, 7.738917632000000e-01, -1.299485690000000e-02, 4.354296652280369e-01, 0.000000000000000e+00, 0.000000000000000e+00, 7.222988559168518e+04, 1.000000000000000e-10, 1.102449073778299e+09
612, 7.768402548000000e-01, -1.246136210000000e-02, 4.357964999650687e-01, 0.000000000000000e+00, 0.000000000000000e+00, 7.231893276637500e+04, 1.000000000000000e-10, 1.101874737179465e+09
613, 7.797903352000000e-01, -1.193673480000000e-02, 4.362106324241081e-01, 0.000000000000000e+00, 0.000000000000000e+00, 7.241658596977689e+04, 1.000000000000000e-10, 1.101169147031820e+09
614, 7.827429347000000e-01, -1.142647830000000e-02, 4.367229890794821e-01, 0.000000000000000e+00, 0.000000000000000e+00, 7.252429769189455e+04, 1.000000000000000e-10, 1.100163743146719e+09
615, 7.856972424999999e-01, -1.092619490000000e-02, 4.372421040511222e-01, 0.000000000000000e+00, 0.000000000000000e+00, 7.262480943711742e+04, 1.000000000000000e-10, 1.099035734914450e+09
616, 7.886519677000000e-01, -1.042837940000000e-02, 4.377460180375397e-01, 0.000000000000000e+00, 0.000000000000000e+00, 7.272044488233409e+04, 1.000000000000000e-10, 1.097922606609326e+09
617, 7.916060843000000e-01, -9.926965700000000e-03, 4.382471892252304e-01, 0.000000000000000e+00, 0.000000000000000e+00, 7.281993364465194e+04, 1.000000000000000e-10, 1.096863854690021e+09
618, 7.945600712999999e-01, -9.424787900000000e-03, 4.386183636862453e-01, 0.000000000000000e+00, 0.000000000000000e+00, 7.289901906040429e+04, 1.000000000000000e-10, 1.096150223792154e+09
619, 7.975140582000000e-01, -8.922610100000001e-03, 4.390309996342048e-01, 0.000000000000000e+00, 0.000000000000000e+00, 7.299606439717370e+04, 1.000000000000000e-10, 1.095471455906167e+09
620, 8.004680280000001e-01, -8.420330800000000e-03, 4.392964905179274e-01, 0.000000000000000e+00, 0.000000000000000e+00, 7.307210842654275e+04, 1.000000000000000e-10, 1.095243138187271e+09
621, 8.034213936000000e-01, -7.914512699999999e-03, 4.396424551177616e-01, 0.000000000000000e+00, 0.000000000000000e+00, 7.317210725810919e+04, 1.000000000000000e-10, 1.094903804668451e+09
622, 8.063747975000000e-01, -7.408918400000000e-03, 4.398010356906810e-01, 0.000000000000000e+00, 0.000000000000000e+00, 7.323778322573111e+04, 1.000000000000000e-10, 1.094954491293474e+09
623, 8.093295144000000e-01, -6.911064600000000e-03, 4.400271727637179e-01, 0.000000000000000e+00, 0.000000000000000e+00, 7.331113640079334e+04, 1.000000000000000e-10, 1.094829036034099e+09
624, 8.122862570000000e-01, -6.425381100000000e-03, 4.403432690737190e-01, 0.000000000000000e+00, 0.000000000000000e+00, 7.339030632122286e+04, 1.000000000000000e-10, 1.094400400298670e+09
625, 8.152444195000000e-01, -5.948422800000000e-03, 4.407022378672337e-01, 0.000000000000000e+00, 0.000000000000000e+00, 7.346766486388606e+04, 1.000000000000000e-10, 1.093733005652055e+09
626, 8.182039458000000e-01, -5.480001300000000e-03, 4.410957287963349e-01, 0.000000000000000e+00, 0.000000000000000e+00, 7.354418830389473e+04, 1.000000000000000e-10, 1.092890801749878e+09
627, 8.211648134000000e-01, -5.020132300000000e-03, 4.415231291935056e-01, 0.000000000000000e+00, 0.000000000000000e+00, 7.362148040615441e+04, 1.000000000000000e-10, 1.091883884997646e+09
628, 8.241269989000000e-01, -4.568831200000000e-03, 4.419697857746884e-01, 0.000000000000000e+00, 0.000000000000000e+00, 7.369965228629419e+04, 1.000000000000000e-10, 1.090791401542389e+09
629, 8.270904793000000e-01, -4.126113200000000e-03, 4.424127937356490e-01, 0.000000000000000e+00, 0.000000000000000e+00, 7.377808488132783e+04, 1.000000000000000e-10, 1.089767513135720e+09
630, 8.300552314000000e-01, -3.691994500000000e-03, 4.428680482762938e-01, 0.000000000000000e+00, 0.000000000000000e+00, 7.385964014608797e+04, 1.000000000000000e-10, 1.088710926158591e+09
631, 8.330216764000000e-01, -3.269608000000000e-03, 4.433245510218620e-01, 0.000000000000000e+00, 0.000000000000000e+00, 7.394131692183996e+04, 1.000000000000000e-10, 1.087659491514675e+09
632, 8.359894521000000e-01, -2.856659800000000e-03, 4.437606336571316e-01, 0.000000000000000e+00, 0.000000000000000e+00, 7.402090735730625e+04, 1.000000000000000e-10, 1.086676825625548e+09
633, 8.389574719000000e-01, -2.445467200000000e-03, 4.441339939487078e-01, 0.000000000000000e+00, 0.000000000000000e+00, 7.409910764780072e+04, 1.000000000000000e-10, 1.085967522334026e+09
634, 8.419245535000000e-01, -2.027571400000000e-03, 4.443952557486452e-01, 0.000000000000000e+00, 0.000000000000000e+00, 7.417602772820489e+04, 1.000000000000000e-10, 1.085735131068410e+09
635, 8.448907007000001e-01, -1.603081000000000e-03, 4.445519172024439e-01, 0.000000000000000e+00, 0.000000000000000e+00, 7.425494917558541e+04, 1.000000000000000e-10, 1.086002003842754e+09
636, 8.478579874000000e-01, -1.186655300000000e-03, 4.447144531378289e-01, 0.000000000000000e+00, 0.000000000000000e+00, 7.433576062604142e+04, 1.000000000000000e-10, 1.086249427581165e+09
637, 8.508284127000000e-01, -7.933073000000000e-04, 4.449722528116000e-01, 0.000000000000000e+00, 0.000000000000000e+00, 7.441469540394944e+04, 1.000000000000000e-10, 1.085994486248338e+09
638, 8.538020126000000e-01, -4.246734000000000e-04, 4.453094557293512e-01, 0.000000000000000e+00, 0.000000000000000e+00, 7.449066162464279e+04, 1.000000000000000e-10, 1.085466866537832e+09
639, 8.567775810000000e-01, -7.225130000000000e-05, 4.456713035883677e-01, 0.000000000000000e+00, 0.000000000000000e+00, 7.455869828452253e+04, 1.000000000000000e-10, 1.084675268188005e+09
640, 8.597541393000000e-01, 2.717253000000000e-04, 4.460236945031233e-01, 0.000000000000000e+00, 0.000000000000000e+00, 7.462177981220699e+04, 1.000000000000000e-10, 1.083846743190157e+09
641, 8.627313085000000e-01, 6.103705000000000e-04, 4.463495008297271e-01, 0.000000000000000e+00, 0.000000000000000e+00, 7.468321956786860e+04, 1.000000000000000e-10, 1.083120794969471e+09
642, 8.657094571000000e-01, 9.402886000000000e-04, 4.466658602189832e-01, 0.000000000000000e+00, 0.000000000000000e+00, 7.474554147856068e+04, 1.000000000000000e-10, 1.082472793127584e+09
643, 8.686885639000000e-01, 1.261439300000000e-03, 4.469566051886723e-01, 0.000000000000000e+00, 0.000000000000000e+00, 7.480684950627113e+04, 1.000000000000000e-10, 1.081918961901849e+09
644, 8.716684840000000e-01, 1.574958600000000e-03, 4.472030105271562e-01, 0.000000000000000e+00, 0.000000000000000e+00, 7.486733315568848e+04, 1.000000000000000e-10, 1.081561057814297e+09
645, 8.746489628000000e-01, 1.883117200000000e-03, 4.473835475914827e-01, 0.000000000000000e+00, 0.000000000000000e+00, 7.492280736132842e+04, 1.000000000000000e-10, 1.081423901763853e+09
646, 8.776306820999999e-01, 2.179005900000000e-03, 4.475626624467483e-01, 0.000000000000000e+00, 0.000000000000000e+00, 7.497610587145413e+04, 1.000000000000000e-10, 1.081258232679756e+09
647, 8.806143131000000e-01, 2.454910800000000e-03, 4.477879464864871e-01, 0.000000000000000e+00, 0.000000000000000e+00, 7.502958295259871e+04, 1.000000000000000e-10, 1.080900399445752e+09
648, 8.835997117000000e-01, 2.711016100000000e-03, 4.480375639171695e-01, 0.000000000000000e+00, 0.000000000000000e+00, 7.507986697784124e+04, 1.000000000000000e-10, 1.080422000952190e+09
649, 8.865865769000000e-01, 2.949408900000000e-03, 4.483019146279392e-01, 0.000000000000000e+00, 0.000000000000000e+00, 7.513006815688362e+04, 1.000000000000000e-10, 1.079854561486601e+09
650, 8.895748055000000e-01, 3.170055600000000e-03, 4.485669854522452e-01, 0.000000000000000e+00, 0.000000000000000e+00, 7.517833943477496e+04, 1.000000000000000e-10, 1.079217144883311e+09
651, 8.925644546000000e-01, 3.370490400000000e-03, 4.488360572454237e-01, 0.000000000000000e+00, 0.000000000000000e+00, 7.522583414031769e+04, 1.000000000000000e-10, 1.078612777566020e+09
652, 8.955553676000000e-01, 3.551155100000000e-03, 4.490876906011651e-01, 0.000000000000000e+00, 0.000000000000000e+00, 7.526818993459635e+04, 1.000000000000000e-10, 1.078010930771942e+09
653, 8.985469777000000e-01, 3.719930400000000e-03, 4.492878655966341e-01, 0.000000000000000e+00, 0.000000000000000e+00, 7.530569733503230e+04, 1.000000000000000e-10, 1.077581833377525e+09
654, 9.015387704000000e-01, 3.885451900000000e-03, 4.493933896823304e-01, 0.000000000000000e+00, 0.000000000000000e+00, 7.534105891642283e+04, 1.000000000000000e-10, 1.077549962582522e+09
655, 9.045306080000000e-01, 4.050146900000000e-03, 4.494019861479444e-01, 0.000000000000000e+00, 0.000000000000000e+00, 7.537699453536629e+04, 1.000000000000000e-10, 1.077934293536347e+09
656, 9.075232441000000e-01, 4.199497100000000e-03, 4.494359035302946e-01, 0.000000000000000e+00, 0.000000000000000e+00, 7.542167520534138e+04, 1.000000000000000e-10, 1.078322880360443e+09
657, 9.105172638000000e-01, 4.317576000000000e-03, 4.495645655095671e-01, 0.000000000000000e+00, 0.000000000000000e+00, 7.546969511551973e+04, 1.000000000000000e-10, 1.078324180320377e+09
658, 9.135124732000000e-01, 4.400428400000000e-03, 4.497533100492186e-01, 0.000000000000000e+00, 0.000000000000000e+00, 7.551078528906761e+04, 1.000000000000000e-10, 1.077981830169806e+09
659, 9.165083028000000e-01, 4.456858500000000e-03, 4.499242942664277e-01, 0.000000000000000e+00, 0.000000000000000e+00, 7.553845818282002e+04, 1.000000000000000e-10, 1.077529446287353e+09
660, 9.195044264000000e-01, 4.494915400000000e-03, 4.499807946808938e-01, 0.000000000000000e+00, 0.000000000000000e+00, 7.555630315163215e+04, 1.000000000000000e-10, 1.077502217778988e+09
661, 9.225006781000000e-01, 4.521098200000000e-03, 4.499384774751135e-01, 0.000000000000000e+00, 0.000000000000000e+00, 7.557001321747640e+04, 1.000000000000000e-10, 1.077853888086771e+09
662, 9.254970225000000e-01, 4.531556300000000e-03, 4.498413735828191e-01, 0.000000000000000e+00, 0.000000000000000e+00, 7.558297110594129e+04, 1.000000000000000e-10, 1.078429190276749e+09
663, 9.284933501000000e-01, 4.518230800000000e-03, 4.497707761250520e-01, 0.000000000000000e+00, 0.000000000000000e+00, 7.559805663351681e+04, 1.000000000000000e-10, 1.078926944729233e+09
664, 9.314893480999999e-01, 4.472444700000000e-03, 4.497616996661414e-01, 0.000000000000000e+00, 0.000000000000000e+00, 7.561019108608700e+04, 1.000000000000000e-10, 1.079108651004577e+09
665, 9.344846103000000e-01, 4.391470900000000e-03, 4.498239769975052e-01, 0.000000000000000e+00, 0.000000000000000e+00, 7.561900949429648e+04, 1.000000000000000e-10, 1.078939924694134e+09
666, 9.374792507000000e-01, 4.289801600000000e-03, 4.497950560222740e-01, 0.000000000000000e+00, 0.000000000000000e+00, 7.561047452625413e+04, 1.000000000000000e-10, 1.078932257234103e+09
667, 9.404737331000000e-01, 4.183520900000000e-03, 4.496536828286786e-01, 0.000000000000000e+00, 0.000000000000000e+00, 7.558792778387609e+04, 1.000000000000000e-10, 1.079318207156744e+09
668, 9.434683278000000e-01, 4.080451000000000e-03, 4.493728788911886e-01, 0.000000000000000e+00, 0.000000000000000e+00, 7.556400110444058e+04, 1.000000000000000e-10, 1.080265630602433e+09
669, 9.464625694000000e-01, 3.967701700000000e-03, 4.490366022706902e-01, 0.000000000000000e+00, 0.000000000000000e+00, 7.554043400217663e+04, 1.000000000000000e-10, 1.081414940410529e+09
670, 9.494557192999999e-01, 3.829211000000000e-03, 4.488052570586373e-01, 0.000000000000000e+00, 0.000000000000000e+00, 7.552586164115605e+04, 1.000000000000000e-10, 1.082258508659076e+09
671, 9.524469545000001e-01, 3.654174900000000e-03, 4.486878431898035e-01, 0.000000000000000e+00, 0.000000000000000e+00, 7.551456535696605e+04, 1.000000000000000e-10, 1.082679698208224e+09
672, 9.554363444000000e-01, 3.449926600000000e-03, 4.485145552038969e-01, 0.000000000000000e+00, 0.000000000000000e+00, 7.548438397908441e+04, 1.000000000000000e-10, 1.083086036926013e+09
673, 9.584242260000000e-01, 3.224624800000000e-03, 4.481463185283993e-01, 0.000000000000000e+00, 0.000000000000000e+00, 7.542902911535566e+04, 1.000000000000000e-10, 1.084024189430461e+09
674, 9.614110739000000e-01, 2.985978000000000e-03, 4.475141014166136e-01, 0.000000000000000e+00, 0.000000000000000e+00, 7.535170747668714e+04, 1.000000000000000e-10, 1.085933517094507e+09
675, 9.643968526000000e-01, 2.734335600000000e-03, 4.466976360332994e-01, 0.000000000000000e+00, 0.000000000000000e+00, 7.527569431871800e+04, 1.000000000000000e-10, 1.088625251617439e+09
676, 9.673808280000000e-01, 2.462191300000000e-03, 4.457416954844981e-01, 0.000000000000000e+00, 0.000000000000000e+00, 7.520612037719628e+04, 1.000000000000000e-10, 1.092044601102068e+09
677, 9.703620847000000e-01, 2.161784500000000e-03, 4.446146378571788e-01, 0.000000000000000e+00, 0.000000000000000e+00, 7.512123455762655e+04, 1.000000000000000e-10, 1.096069019719579e+09
678, 9.733402982000000e-01, 1.832532300000000e-03, 4.431478515845931e-01, 0.000000000000000e+00, 0.000000000000000e+00, 7.499698880038227e+04, 1.000000000000000e-10, 1.101195001773504e+09
679, 9.763154943000000e-01, 1.477044900000000e-03, 4.406757404128449e-01, 0.000000000000000e+00, 0.000000000000000e+00, 7.475620211038263e+04, 1.000000000000000e-10, 1.109530608867893e+09
680, 9.792874526000001e-01, 1.095432300000000e-03, 4.376278649103199e-01, 0.000000000000000e+00, 0.000000000000000e+00, 7.446874011788488e+04, 1.000000000000000e-10, 1.120086038576684e+09
681, 9.822556855000000e-01, 6.858801000000000e-04, 4.352532006572994e-01, 0.000000000000000e+00, 0.000000000000000e+00, 7.437662283082287e+04, 1.000000000000000e-10, 1.130072172507205e+09
682, 9.852198673000000e-01, 2.479352000000000e-04, 4.326739630609622e-01, 0.000000000000000e+00, 0.000000000000000e+00, 7.437696944852803e+04, 1.000000000000000e-10, 1.142340698505415e+09
683, 9.881808922000000e-01, -2.108983000000000e-04, 4.295395570886653e-01, 0.000000000000000e+00, 0.000000000000000e+00, 7.450001726210897e+04, 1.000000000000000e-10, 1.159061737717313e+09
684, 9.911395461000000e-01, -6.847765000000000e-04, 4.268204131755357e-01, 0.000000000000000e+00, 0.000000000000000e+00, 7.457466646054840e+04, 1.000000000000000e-10, 1.173432617817860e+09
685, 9.940944037000000e-01, -1.181769000000000e-03, 4.226901102662255e-01, 0.000000000000000e+00, 0.000000000000000e+00, 7.407352980616481e+04, 1.000000000000000e-10, 1.187779314690328e+09
686, 9.970470357000000e-01, -1.691851000000000e-03, 4.081773427382741e-01, 0.000000000000000e+00, 0.000000000000000e+00, 7.136680108620878e+04, 1.000000000000000e-10, 1.227729076333776e+09
687, 1.000000000000000e+00, 5.500000000000000e-04, 3.791102363918528e-01, 0.000000000000000e+00, 0.000000000000000e+00, 6.463481109014964e+04, 1.000000000000000e-10, 1.294992605059076e+09
