"PointID","x","y","Density","Momentum_x","Momentum_y","Energy","Turb_Kin_Energy","Omega"
0, 1.000000000000000e+00, 3.300000000000000e-03, 4.038033967002522e-01, 0.000000000000000e+00, 0.000000000000000e+00, 6.908737174623467e+04, 1.000000000000000e-10, 1.219300681729530e+09
1, 1.000000000000000e+00, -2.200000000000000e-03, 3.941604730687951e-01, 0.000000000000000e+00, 0.000000000000000e+00, 6.761672811312386e+04, 1.000000000000000e-10, 1.251838512476931e+09
6, 9.970624071000000e-01, 3.890565800000000e-03, 4.088367934264694e-01, 0.000000000000000e+00, 0.000000000000000e+00, 7.059980078783154e+04, 1.000000000000000e-10, 1.213404455278837e+09
7, 9.941250122000000e-01, 4.482116400000000e-03, 4.145267783019673e-01, 0.000000000000000e+00, 0.000000000000000e+00, 7.173264763023384e+04, 1.000000000000000e-10, 1.198795593467605e+09
8, 9.911863511000000e-01, 5.067337600000000e-03, 4.156051549927189e-01, 0.000000000000000e+00, 0.000000000000000e+00, 7.168774518498818e+04, 1.000000000000000e-10, 1.192603740969333e+09
9, 9.882453375000000e-01, 5.640619800000000e-03, 4.155167640563605e-01, 0.000000000000000e+00, 0.000000000000000e+00, 7.117099076116168e+04, 1.000000000000000e-10, 1.186046257114000e+09
10, 9.853025951000000e-01, 6.204961100000000e-03, 4.158887056455232e-01, 0.000000000000000e+00, 0.000000000000000e+00, 7.067751723486220e+04, 1.000000000000000e-10, 1.177342905365819e+09
11, 9.823582610000000e-01, 6.760941000000000e-03, 4.169587967495667e-01, 0.000000000000000e+00, 0.000000000000000e+00, 7.039272089250399e+04, 1.000000000000000e-10, 1.168014869740156e+09
12, 9.794123284000000e-01, 7.308384000000000e-03, 4.182012070728053e-01, 0.000000000000000e+00, 0.000000000000000e+00, 7.026439089051189e+04, 1.000000000000000e-10, 1.159976188806628e+09
13, 9.764641925999999e-01, 7.843832699999999e-03, 4.190671853092944e-01, 0.000000000000000e+00, 0.000000000000000e+00, 7.018273933417282e+04, 1.000000000000000e-10, 1.154513036680409e+09
14, 9.735146296000000e-01, 8.371372199999999e-03, 4.193924163224404e-01, 0.000000000000000e+00, 0.000000000000000e+00, 7.008606181869886e+04, 1.000000000000000e-10, 1.151564787687435e+09
15, 9.705649844999999e-01, 8.898453400000001e-03, 4.191313615240816e-01, 0.000000000000000e+00, 0.000000000000000e+00, 6.994003608595180e+04, 1.000000000000000e-10, 1.150897485954963e+09
16, 9.676163612000001e-01, 9.431218700000001e-03, 4.185377975338374e-01, 0.000000000000000e+00, 0.000000000000000e+00, 6.977730481178423e+04, 1.000000000000000e-10, 1.151665702845378e+09
17, 9.646681685000000e-01, 9.966365099999999e-03, 4.177666716669006e-01, 0.000000000000000e+00, 0.000000000000000e+00, 6.961296315547984e+04, 1.000000000000000e-10, 1.153299281211304e+09
18, 9.617190649000000e-01, 1.049646250000000e-02, 4.169496222863147e-01, 0.000000000000000e+00, 0.000000000000000e+00, 6.945509282934199e+04, 1.000000000000000e-10, 1.155297138172003e+09
19, 9.587677714000000e-01, 1.101421520000000e-02, 4.161708421468616e-01, 0.000000000000000e+00, 0.000000000000000e+00, 6.930364046745251e+04, 1.000000000000000e-10, 1.157160767229231e+09
20, 9.558141732000000e-01, 1.151866560000000e-02, 4.154320738490009e-01, 0.000000000000000e+00, 0.000000000000000e+00, 6.915355151751760e+04, 1.000000000000000e-10, 1.158842130517038e+09
21, 9.528595023999999e-01, 1.201680390000000e-02, 4.147170832585227e-01, 0.000000000000000e+00, 0.000000000000000e+00, 6.901081522125103e+04, 1.000000000000000e-10, 1.160511981086653e+09
22, 9.499050355999999e-01, 1.251614840000000e-02, 4.138841408353734e-01, 0.000000000000000e+00, 0.000000000000000e+00, 6.885707355767851e+04, 1.000000000000000e-10, 1.162592755196087e+09
23, 9.469515835000000e-01, 1.302146080000000e-02, 4.130969131924769e-01, 0.000000000000000e+00, 0.000000000000000e+00, 6.872586883922464e+04, 1.000000000000000e-10, 1.164824234235312e+09
24, 9.439982552000000e-01, 1.352749770000000e-02, 4.120571096996949e-01, 0.000000000000000e+00, 0.000000000000000e+00, 6.854991055521203e+04, 1.000000000000000e-10, 1.167746603979200e+09
25, 9.410437731000000e-01, 1.402674480000000e-02, 4.111987554427516e-01, 0.000000000000000e+00, 0.000000000000000e+00, 6.840531177397873e+04, 1.000000000000000e-10, 1.170158841088470e+09
26, 9.380870172000000e-01, 1.451233270000000e-02, 4.104748908909441e-01, 0.000000000000000e+00, 0.000000000000000e+00, 6.827342119135562e+04, 1.000000000000000e-10, 1.172059076366402e+09
27, 9.351283061000000e-01, 1.498587720000000e-02, 4.098472749930847e-01, 0.000000000000000e+00, 0.000000000000000e+00, 6.814810823530350e+04, 1.000000000000000e-10, 1.173552353935104e+09
28, 9.321688618000000e-01, 1.545482400000000e-02, 4.092423850300347e-01, 0.000000000000000e+00, 0.000000000000000e+00, 6.802521936124917e+04, 1.000000000000000e-10, 1.174969915599217e+09
29, 9.292098398000000e-01, 1.592642560000000e-02, 4.086769464413856e-01, 0.000000000000000e+00, 0.000000000000000e+00, 6.791739855364076e+04, 1.000000000000000e-10, 1.176398451682379e+09
30, 9.262511042000000e-01, 1.639982330000000e-02, 4.082488151012497e-01, 0.000000000000000e+00, 0.000000000000000e+00, 6.784494147858949e+04, 1.000000000000000e-10, 1.177599627818964e+09
31, 9.232923687000000e-01, 1.687322100000000e-02, 4.074096081191665e-01, 0.000000000000000e+00, 0.000000000000000e+00, 6.769781559869323e+04, 1.000000000000000e-10, 1.179922891241518e+09
32, 9.203336331000000e-01, 1.734661870000000e-02, 4.063141862395762e-01, 0.000000000000000e+00, 0.000000000000000e+00, 6.750427561866799e+04, 1.000000000000000e-10, 1.182921067357741e+09
33, 9.173752952000001e-01, 1.782249320000000e-02, 4.053171512479624e-01, 0.000000000000000e+00, 0.000000000000000e+00, 6.733869990074495e+04, 1.000000000000000e-10, 1.185841724530061e+09
34, 9.144172403000000e-01, 1.830012520000000e-02, 4.043914511304452e-01, 0.000000000000000e+00, 0.000000000000000e+00, 6.718892387242845e+04, 1.000000000000000e-10, 1.188636605226103e+09
35, 9.114582624000001e-01, 1.877199790000000e-02, 4.035305315360763e-01, 0.000000000000000e+00, 0.000000000000000e+00, 6.704661851493809e+04, 1.000000000000000e-10, 1.191183267928049e+09
36, 9.084972381000000e-01, 1.923083950000000e-02, 4.028178343749674e-01, 0.000000000000000e+00, 0.000000000000000e+00, 6.691918837138986e+04, 1.000000000000000e-10, 1.193157841370068e+09
37, 9.055342297000000e-01, 1.967670440000000e-02, 4.022522491131903e-01, 0.000000000000000e+00, 0.000000000000000e+00, 6.680524685234482e+04, 1.000000000000000e-10, 1.194541446522435e+09
38, 9.025703724000000e-01, 2.011689840000000e-02, 4.017323371296965e-01, 0.000000000000000e+00, 0.000000000000000e+00, 6.669544904675668e+04, 1.000000000000000e-10, 1.195713264047374e+09
39, 8.996067964000000e-01, 2.055898050000000e-02, 4.013035276320536e-01, 0.000000000000000e+00, 0.000000000000000e+00, 6.660971205413077e+04, 1.000000000000000e-10, 1.196775825154026e+09
40, 8.966435791000000e-01, 2.100346310000000e-02, 4.011065789155634e-01, 0.000000000000000e+00, 0.000000000000000e+00, 6.657915446776032e+04, 1.000000000000000e-10, 1.197395027546344e+09
41, 8.936803618000000e-01, 2.144794570000000e-02, 4.005713700981373e-01, 0.000000000000000e+00, 0.000000000000000e+00, 6.648679136267900e+04, 1.000000000000000e-10, 1.198942570117941e+09
42, 8.907171444000000e-01, 2.189242830000000e-02, 3.998207649516496e-01, 0.000000000000000e+00, 0.000000000000000e+00, 6.635549425295420e+04, 1.000000000000000e-10, 1.201093411417772e+09
43, 8.877539271000000e-01, 2.233691090000000e-02, 3.990876232286756e-01, 0.000000000000000e+00, 0.000000000000000e+00, 6.622376897537959e+04, 1.000000000000000e-10, 1.203149567376129e+09
44, 8.847907098000000e-01, 2.278139350000000e-02, 3.982757839540644e-01, 0.000000000000000e+00, 0.000000000000000e+00, 6.606842929212736e+04, 1.000000000000000e-10, 1.205311400251713e+09
45, 8.818274925000000e-01, 2.322587610000000e-02, 3.976041739429081e-01, 0.000000000000000e+00, 0.000000000000000e+00, 6.593946552105836e+04, 1.000000000000000e-10, 1.207082816630415e+09
46, 8.788643591999999e-01, 2.367091770000000e-02, 3.965031017813438e-01, 0.000000000000000e+00, 0.000000000000000e+00, 6.573742414562924e+04, 1.000000000000000e-10, 1.210120794504702e+09
47, 8.759017882000000e-01, 2.411968790000000e-02, 3.954576545148070e-01, 0.000000000000000e+00, 0.000000000000000e+00, 6.556106359233233e+04, 1.000000000000000e-10, 1.213308495060358e+09
48, 8.729389200000000e-01, 2.456648860000000e-02, 3.944914654621073e-01, 0.000000000000000e+00, 0.000000000000000e+00, 6.539854161153197e+04, 1.000000000000000e-10, 1.216244269528660e+09
49, 8.699746207000000e-01, 2.500367940000000e-02, 3.936053905080102e-01, 0.000000000000000e+00, 0.000000000000000e+00, 6.524245515900989e+04, 1.000000000000000e-10, 1.218853693261215e+09
50, 8.670081947000000e-01, 2.542619980000000e-02, 3.928687662828061e-01, 0.000000000000000e+00, 0.000000000000000e+00, 6.509894765577844e+04, 1.000000000000000e-10, 1.220760362322144e+09
51, 8.640404269000000e-01, 2.583920470000000e-02, 3.922622033377942e-01, 0.000000000000000e+00, 0.000000000000000e+00, 6.497190103422129e+04, 1.000000000000000e-10, 1.222275003434283e+09
52, 8.610724042000000e-01, 2.625037680000000e-02, 3.917510623525492e-01, 0.000000000000000e+00, 0.000000000000000e+00, 6.486987831054147e+04, 1.000000000000000e-10, 1.223600091902797e+09
53, 8.581049055000000e-01, 2.666531320000000e-02, 3.913772993511105e-01, 0.000000000000000e+00, 0.000000000000000e+00, 6.480748622314484e+04, 1.000000000000000e-10, 1.224760827026888e+09
54, 8.551374771000000e-01, 2.708075320000000e-02, 3.905604527492139e-01, 0.000000000000000e+00, 0.000000000000000e+00, 6.466538123096643e+04, 1.000000000000000e-10, 1.227193293631299e+09
55, 8.521700487000000e-01, 2.749619320000000e-02, 3.898341117710805e-01, 0.000000000000000e+00, 0.000000000000000e+00, 6.454133236172737e+04, 1.000000000000000e-10, 1.229420374602602e+09
56, 8.492026203000000e-01, 2.791163320000000e-02, 3.892074959084845e-01, 0.000000000000000e+00, 0.000000000000000e+00, 6.443288538478606e+04, 1.000000000000000e-10, 1.231325675852205e+09
57, 8.462351919000000e-01, 2.832707310000000e-02, 3.886194620660616e-01, 0.000000000000000e+00, 0.000000000000000e+00, 6.432205322463482e+04, 1.000000000000000e-10, 1.232975942917566e+09
58, 8.432677635000000e-01, 2.874251310000000e-02, 3.880777977966310e-01, 0.000000000000000e+00, 0.000000000000000e+00, 6.422059750720052e+04, 1.000000000000000e-10, 1.234512960881425e+09
59, 8.403003351000000e-01, 2.915795310000000e-02, 3.871204512722446e-01, 0.000000000000000e+00, 0.000000000000000e+00, 6.404640405232299e+04, 1.000000000000000e-10, 1.237314963651582e+09
60, 8.373332662000000e-01, 2.957595020000000e-02, 3.862821127428632e-01, 0.000000000000000e+00, 0.000000000000000e+00, 6.391176677050329e+04, 1.000000000000000e-10, 1.240065174316559e+09
61, 8.343664342000000e-01, 2.999562810000000e-02, 3.855405716528782e-01, 0.000000000000000e+00, 0.000000000000000e+00, 6.380257627247470e+04, 1.000000000000000e-10, 1.242659739403950e+09
62, 8.313987667000000e-01, 3.040934680000000e-02, 3.848938085295436e-01, 0.000000000000000e+00, 0.000000000000000e+00, 6.370490079277559e+04, 1.000000000000000e-10, 1.244915493376733e+09
63, 8.284292787999999e-01, 3.080977400000000e-02, 3.844370034416793e-01, 0.000000000000000e+00, 0.000000000000000e+00, 6.362868444539738e+04, 1.000000000000000e-10, 1.246377542788137e+09
64, 8.254580666000000e-01, 3.119721670000000e-02, 3.841160911708745e-01, 0.000000000000000e+00, 0.000000000000000e+00, 6.356415323121077e+04, 1.000000000000000e-10, 1.247234310970134e+09
65, 8.224861366000000e-01, 3.157912440000000e-02, 3.838080011413951e-01, 0.000000000000000e+00, 0.000000000000000e+00, 6.349525482204804e+04, 1.000000000000000e-10, 1.247932990293250e+09
66, 8.195144758000000e-01, 3.196311810000000e-02, 3.835276937909891e-01, 0.000000000000000e+00, 0.000000000000000e+00, 6.343908035025740e+04, 1.000000000000000e-10, 1.248647428147104e+09
67, 8.165431104999999e-01, 3.234939560000000e-02, 3.834308798355673e-01, 0.000000000000000e+00, 0.000000000000000e+00, 6.343125085905767e+04, 1.000000000000000e-10, 1.249121736209206e+09
68, 8.135717453000000e-01, 3.273567310000000e-02, 3.830297188092628e-01, 0.000000000000000e+00, 0.000000000000000e+00, 6.336813844644142e+04, 1.000000000000000e-10, 1.250482854423015e+09
69, 8.106003801000000e-01, 3.312195060000000e-02, 3.822851598168737e-01, 0.000000000000000e+00, 0.000000000000000e+00, 6.324531517241625e+04, 1.000000000000000e-10, 1.252930632240702e+09
70, 8.076290148000000e-01, 3.350822810000000e-02, 3.814767549210236e-01, 0.000000000000000e+00, 0.000000000000000e+00, 6.310592286868991e+04, 1.000000000000000e-10, 1.255493177210020e+09
71, 8.046576496000000e-01, 3.389450560000000e-02, 3.806186209778442e-01, 0.000000000000000e+00, 0.000000000000000e+00, 6.294732793353618e+04, 1.000000000000000e-10, 1.258093253417052e+09
72, 8.016862843000000e-01, 3.428078300000000e-02, 3.799095814466484e-01, 0.000000000000000e+00, 0.000000000000000e+00, 6.281135807382685e+04, 1.000000000000000e-10, 1.260093065448126e+09
73, 7.987150113000000e-01, 3.466776800000000e-02, 3.787068551964930e-01, 0.000000000000000e+00, 0.000000000000000e+00, 6.258672461517387e+04, 1.000000000000000e-10, 1.263624957743627e+09
74, 7.957442224000000e-01, 3.505845300000000e-02, 3.775689263027477e-01, 0.000000000000000e+00, 0.000000000000000e+00, 6.239134668098336e+04, 1.000000000000000e-10, 1.267395249353315e+09
75, 7.927731192000000e-01, 3.544673620000000e-02, 3.765631509880127e-01, 0.000000000000000e+00, 0.000000000000000e+00, 6.221990921326617e+04, 1.000000000000000e-10, 1.270692220127742e+09
76, 7.898007096000000e-01, 3.582487200000000e-02, 3.757008248098985e-01, 0.000000000000000e+00, 0.000000000000000e+00, 6.206636339566144e+04, 1.000000000000000e-10, 1.273397617236153e+09
77, 7.868264558000000e-01, 3.618821970000000e-02, 3.750685892073630e-01, 0.000000000000000e+00, 0.000000000000000e+00, 6.194220597139314e+04, 1.000000000000000e-10, 1.275232259565330e+09
78, 7.838510978000000e-01, 3.654242800000000e-02, 3.746098096107009e-01, 0.000000000000000e+00, 0.000000000000000e+00, 6.184799759677601e+04, 1.000000000000000e-10, 1.276480313662386e+09
79, 7.808755783000000e-01, 3.689528040000000e-02, 3.742442400563985e-01, 0.000000000000000e+00, 0.000000000000000e+00, 6.177921809197798e+04, 1.000000000000000e-10, 1.277564858102927e+09
80, 7.779005125000000e-01, 3.725193850000000e-02, 3.740188662010124e-01, 0.000000000000000e+00, 0.000000000000000e+00, 6.175386130969130e+04, 1.000000000000000e-10, 1.278536870481082e+09
81, 7.749254880000001e-01, 3.760894140000000e-02, 3.734888087791751e-01, 0.000000000000000e+00, 0.000000000000000e+00, 6.167954541828307e+04, 1.000000000000000e-10, 1.280567329663420e+09
82, 7.719504636000000e-01, 3.796594440000000e-02, 3.730074035193314e-01, 0.000000000000000e+00, 0.000000000000000e+00, 6.161155252803374e+04, 1.000000000000000e-10, 1.282399133513183e+09
83, 7.689754391000000e-01, 3.832294730000000e-02, 3.725228216772409e-01, 0.000000000000000e+00, 0.000000000000000e+00, 6.152884405716915e+04, 1.000000000000000e-10, 1.284021411856713e+09
84, 7.660004146000000e-01, 3.867995020000000e-02, 3.719936265544314e-01, 0.000000000000000e+00, 0.000000000000000e+00, 6.143212173346210e+04, 1.000000000000000e-10, 1.285687354518235e+09
85, 7.630253902000000e-01, 3.903695320000000e-02, 3.713217525170526e-01, 0.000000000000000e+00, 0.000000000000000e+00, 6.130819487467838e+04, 1.000000000000000e-10, 1.287789125168206e+09
86, 7.600503657000000e-01, 3.939395610000000e-02, 3.705117597464076e-01, 0.000000000000000e+00, 0.000000000000000e+00, 6.116517955536641e+04, 1.000000000000000e-10, 1.290443057328668e+09
87, 7.570757010000000e-01, 3.975394130000000e-02, 3.699033725735463e-01, 0.000000000000000e+00, 0.000000000000000e+00, 6.107836090446192e+04, 1.000000000000000e-10, 1.292803375840003e+09
88, 7.541011654999999e-01, 4.011499540000000e-02, 3.693839941939331e-01, 0.000000000000000e+00, 0.000000000000000e+00, 6.102942633815291e+04, 1.000000000000000e-10, 1.295293699056840e+09
89, 7.511258242000000e-01, 4.046933410000000e-02, 3.690208663398438e-01, 0.000000000000000e+00, 0.000000000000000e+00, 6.100413324992158e+04, 1.000000000000000e-10, 1.297176411218008e+09
90, 7.481488621000000e-01, 4.080977130000000e-02, 3.689447214387456e-01, 0.000000000000000e+00, 0.000000000000000e+00, 6.101014123387443e+04, 1.000000000000000e-10, 1.297750792550640e+09
91, 7.451704939000000e-01, 4.113770130000000e-02, 3.690356726292197e-01, 0.000000000000000e+00, 0.000000000000000e+00, 6.103311437792252e+04, 1.000000000000000e-10, 1.297573948972224e+09
92, 7.421915967000000e-01, 4.146079960000000e-02, 3.691954429729670e-01, 0.000000000000000e+00, 0.000000000000000e+00, 6.106636164113926e+04, 1.000000000000000e-10, 1.297131836074856e+09
93, 7.392129909000000e-01, 4.178657100000000e-02, 3.693998523578920e-01, 0.000000000000000e+00, 0.000000000000000e+00, 6.112438283055536e+04, 1.000000000000000e-10, 1.296837250050607e+09
94, 7.362345880000000e-01, 4.211419530000000e-02, 3.698445657722511e-01, 0.000000000000000e+00, 0.000000000000000e+00, 6.126676123225832e+04, 1.000000000000000e-10, 1.296481364454739e+09
95, 7.332561850000000e-01, 4.244181960000000e-02, 3.701132035313757e-01, 0.000000000000000e+00, 0.000000000000000e+00, 6.139416215109356e+04, 1.000000000000000e-10, 1.297012419008147e+09
96, 7.302777821000001e-01, 4.276944400000000e-02, 3.707744013894090e-01, 0.000000000000000e+00, 0.000000000000000e+00, 6.162343422587220e+04, 1.000000000000000e-10, 1.296771095267919e+09
97, 7.272996700000000e-01, 4.309969770000000e-02, 3.721770958786841e-01, 0.000000000000000e+00, 0.000000000000000e+00, 6.203250266183657e+04, 1.000000000000000e-10, 1.294905222813936e+09
98, 7.243217382000000e-01, 4.343157600000000e-02, 3.744337598615229e-01, 0.000000000000000e+00, 0.000000000000000e+00, 6.263648588604649e+04, 1.000000000000000e-10, 1.290926954585872e+09
99, 7.213431270000000e-01, 4.375728880000000e-02, 3.773300012021234e-01, 0.000000000000000e+00, 0.000000000000000e+00, 6.336950949861878e+04, 1.000000000000000e-10, 1.285157678075427e+09
100, 7.183630640000001e-01, 4.406941800000000e-02, 3.809461470755461e-01, 0.000000000000000e+00, 0.000000000000000e+00, 6.422209008085592e+04, 1.000000000000000e-10, 1.276992056226902e+09
101, 7.153816632000000e-01, 4.436852160000000e-02, 3.843335396435009e-01, 0.000000000000000e+00, 0.000000000000000e+00, 6.501407914896663e+04, 1.000000000000000e-10, 1.269272018946254e+09
102, 7.123997234000000e-01, 4.466221600000000e-02, 3.867743249567357e-01, 0.000000000000000e+00, 0.000000000000000e+00, 6.560562165138217e+04, 1.000000000000000e-10, 1.264009610229255e+09
103, 7.094180101999999e-01, 4.495819900000000e-02, 3.884592651209244e-01, 0.000000000000000e+00, 0.000000000000000e+00, 6.604007790548551e+04, 1.000000000000000e-10, 1.260916000126530e+09
104, 7.064365126000000e-01, 4.525634870000000e-02, 3.895617505721488e-01, 0.000000000000000e+00, 0.000000000000000e+00, 6.634680657932968e+04, 1.000000000000000e-10, 1.259199254190970e+09
105, 7.034550149000000e-01, 4.555449850000000e-02, 3.899238203524921e-01, 0.000000000000000e+00, 0.000000000000000e+00, 6.648018883431146e+04, 1.000000000000000e-10, 1.259100301193060e+09
106, 7.004735172000000e-01, 4.585264830000000e-02, 3.890320267197160e-01, 0.000000000000000e+00, 0.000000000000000e+00, 6.632925706980386e+04, 1.000000000000000e-10, 1.262003922918108e+09
107, 6.974920194999999e-01, 4.615079800000000e-02, 3.848750090290749e-01, 0.000000000000000e+00, 0.000000000000000e+00, 6.540778069773495e+04, 1.000000000000000e-10, 1.272252915403874e+09
108, 6.945105217999999e-01, 4.644894780000000e-02, 3.758086984968196e-01, 0.000000000000000e+00, 0.000000000000000e+00, 6.327631812948323e+04, 1.000000000000000e-10, 1.293083907735077e+09
109, 6.915290242000000e-01, 4.674709760000000e-02, 3.637354829207121e-01, 0.000000000000000e+00, 0.000000000000000e+00, 6.047006469092786e+04, 1.000000000000000e-10, 1.322140199634974e+09
110, 6.885476161000000e-01, 4.704613990000000e-02, 3.525298786788644e-01, 0.000000000000000e+00, 0.000000000000000e+00, 5.789975403659057e+04, 1.000000000000000e-10, 1.350582306266189e+09
111, 6.855665742000000e-01, 4.734881320000000e-02, 3.431145578272205e-01, 0.000000000000000e+00, 0.000000000000000e+00, 5.578500610305438e+04, 1.000000000000000e-10, 1.376065475621323e+09
112, 6.825852395999999e-01, 4.764858270000000e-02, 3.358220140210896e-01, 0.000000000000000e+00, 0.000000000000000e+00, 5.419137809677622e+04, 1.000000000000000e-10, 1.397220107070393e+09
113, 6.796028435000000e-01, 4.793757530000000e-02, 3.308689149865375e-01, 0.000000000000000e+00, 0.000000000000000e+00, 5.311191786485961e+04, 1.000000000000000e-10, 1.411957859880352e+09
114, 6.766190426000001e-01, 4.821169240000000e-02, 3.276611589569177e-01, 0.000000000000000e+00, 0.000000000000000e+00, 5.240065327633078e+04, 1.000000000000000e-10, 1.421359052231147e+09
115, 6.736344527000000e-01, 4.847710350000000e-02, 3.256620202804406e-01, 0.000000000000000e+00, 0.000000000000000e+00, 5.194765468274136e+04, 1.000000000000000e-10, 1.427040137221165e+09
116, 6.706497918000000e-01, 4.874171610000000e-02, 3.242298163157943e-01, 0.000000000000000e+00, 0.000000000000000e+00, 5.163109402366690e+04, 1.000000000000000e-10, 1.431299511811384e+09
117, 6.676654681999999e-01, 4.901010790000000e-02, 3.230706652266253e-01, 0.000000000000000e+00, 0.000000000000000e+00, 5.139339175303085e+04, 1.000000000000000e-10, 1.435202207904524e+09
118, 6.646811620999999e-01, 4.927869540000000e-02, 3.215883245297599e-01, 0.000000000000000e+00, 0.000000000000000e+00, 5.111425489606025e+04, 1.000000000000000e-10, 1.440800900877176e+09
119, 6.616968561000000e-01, 4.954728290000000e-02, 3.200149935124266e-01, 0.000000000000000e+00, 0.000000000000000e+00, 5.082687049279150e+04, 1.000000000000000e-10, 1.447054184235435e+09
120, 6.587126148000000e-01, 4.981658670000000e-02, 3.183968101359010e-01, 0.000000000000000e+00, 0.000000000000000e+00, 5.054778519807812e+04, 1.000000000000000e-10, 1.453879737994277e+09
121, 6.557287142000000e-01, 5.008964140000000e-02, 3.171337955829725e-01, 0.000000000000000e+00, 0.000000000000000e+00, 5.035452546068705e+04, 1.000000000000000e-10, 1.459845084395672e+09
122, 6.527445878000000e-01, 5.036021100000000e-02, 3.161610869145701e-01, 0.000000000000000e+00, 0.000000000000000e+00, 5.022787892556284e+04, 1.000000000000000e-10, 1.464989666285330e+09
123, 6.497595392000000e-01, 5.062038200000000e-02, 3.155458673614607e-01, 0.000000000000000e+00, 0.000000000000000e+00, 5.016209146427746e+04, 1.000000000000000e-10, 1.468629860838609e+09
124, 6.467732199000000e-01, 5.086554410000000e-02, 3.152647027975920e-01, 0.000000000000000e+00, 0.000000000000000e+00, 5.014199002951988e+04, 1.000000000000000e-10, 1.470540199921101e+09
125, 6.437861620000001e-01, 5.110156080000000e-02, 3.151058419669608e-01, 0.000000000000000e+00, 0.000000000000000e+00, 5.014133560337102e+04, 1.000000000000000e-10, 1.471821178579023e+09
126, 6.407990088000000e-01, 5.133637300000000e-02, 3.149008660936570e-01, 0.000000000000000e+00, 0.000000000000000e+00, 5.014124376559351e+04, 1.000000000000000e-10, 1.473574849752102e+09
127, 6.378123096000000e-01, 5.157688470000000e-02, 3.146355823043650e-01, 0.000000000000000e+00, 0.000000000000000e+00, 5.015295724940367e+04, 1.000000000000000e-10, 1.476150754619548e+09
128, 6.348258525000000e-01, 5.182039160000000e-02, 3.143639394029578e-01, 0.000000000000000e+00, 0.000000000000000e+00, 5.018846169349509e+04, 1.000000000000000e-10, 1.479370975534289e+09
129, 6.318390014000000e-01, 5.205900390000000e-02, 3.142658981993215e-01, 0.000000000000000e+00, 0.000000000000000e+00, 5.024967654504810e+04, 1.000000000000000e-10, 1.481717399066587e+09
130, 6.288511656000000e-01, 5.228491860000000e-02, 3.145433142607592e-01, 0.000000000000000e+00, 0.000000000000000e+00, 5.034884059846558e+04, 1.000000000000000e-10, 1.481780076708318e+09
131, 6.258622963000000e-01, 5.249674920000000e-02, 3.151439850911179e-01, 0.000000000000000e+00, 0.000000000000000e+00, 5.048111060636927e+04, 1.000000000000000e-10, 1.479817954686661e+09
132, 6.228729552000000e-01, 5.270183440000000e-02, 3.156915924858495e-01, 0.000000000000000e+00, 0.000000000000000e+00, 5.059816978068306e+04, 1.000000000000000e-10, 1.477963145307431e+09
133, 6.198836982000000e-01, 5.290814110000000e-02, 3.161014727222363e-01, 0.000000000000000e+00, 0.000000000000000e+00, 5.069756539132268e+04, 1.000000000000000e-10, 1.476837827317141e+09
134, 6.168946444000000e-01, 5.311737490000000e-02, 3.163121599475445e-01, 0.000000000000000e+00, 0.000000000000000e+00, 5.078143580131364e+04, 1.000000000000000e-10, 1.477082914912359e+09
135, 6.139055905000000e-01, 5.332660870000000e-02, 3.161408426593544e-01, 0.000000000000000e+00, 0.000000000000000e+00, 5.080254661594262e+04, 1.000000000000000e-10, 1.479059852281054e+09
136, 6.109165367000000e-01, 5.353584240000000e-02, 3.158042679060896e-01, 0.000000000000000e+00, 0.000000000000000e+00, 5.079377159835742e+04, 1.000000000000000e-10, 1.481733527439395e+09
137, 6.079276023000000e-01, 5.374677020000000e-02, 3.155242399989008e-01, 0.000000000000000e+00, 0.000000000000000e+00, 5.081017560177778e+04, 1.000000000000000e-10, 1.484493998701251e+09
138, 6.049388740000000e-01, 5.396060430000000e-02, 3.152563907974155e-01, 0.000000000000000e+00, 0.000000000000000e+00, 5.084071398465030e+04, 1.000000000000000e-10, 1.487602284855356e+09
139, 6.019498206000000e-01, 5.416983050000000e-02, 3.151491412388830e-01, 0.000000000000000e+00, 0.000000000000000e+00, 5.089034705633107e+04, 1.000000000000000e-10, 1.489733497233247e+09
140, 5.989599226000000e-01, 5.436657950000000e-02, 3.153819865783152e-01, 0.000000000000000e+00, 0.000000000000000e+00, 5.097767753764537e+04, 1.000000000000000e-10, 1.489829564955425e+09
141, 5.959691164000001e-01, 5.454903410000000e-02, 3.159416187323297e-01, 0.000000000000000e+00, 0.000000000000000e+00, 5.110556677486224e+04, 1.000000000000000e-10, 1.488076322076978e+09
142, 5.929778870000000e-01, 5.472444030000000e-02, 3.167355675318076e-01, 0.000000000000000e+00, 0.000000000000000e+00, 5.127390310982844e+04, 1.000000000000000e-10, 1.485331762218997e+09
143, 5.899867137000000e-01, 5.490079730000000e-02, 3.174229725717165e-01, 0.000000000000000e+00, 0.000000000000000e+00, 5.143290282260041e+04, 1.000000000000000e-10, 1.483255427382944e+09
144, 5.869959152999999e-01, 5.508340180000000e-02, 3.181143443211976e-01, 0.000000000000000e+00, 0.000000000000000e+00, 5.162431072557540e+04, 1.000000000000000e-10, 1.481919370651020e+09
145, 5.840051705000000e-01, 5.526688670000000e-02, 3.187506448441225e-01, 0.000000000000000e+00, 0.000000000000000e+00, 5.182090654031831e+04, 1.000000000000000e-10, 1.481199066319737e+09
146, 5.810139992000000e-01, 5.544325400000000e-02, 3.198054553084660e-01, 0.000000000000000e+00, 0.000000000000000e+00, 5.207578463311841e+04, 1.000000000000000e-10, 1.478272765413767e+09
147, 5.780220176999999e-01, 5.560526350000000e-02, 3.213810065815195e-01, 0.000000000000000e+00, 0.000000000000000e+00, 5.240071861801745e+04, 1.000000000000000e-10, 1.472606871503495e+09
148, 5.750293853000000e-01, 5.575481730000000e-02, 3.232730193933019e-01, 0.000000000000000e+00, 0.000000000000000e+00, 5.277915386070672e+04, 1.000000000000000e-10, 1.465594364296874e+09
149, 5.720365281000001e-01, 5.589982500000000e-02, 3.252295196527827e-01, 0.000000000000000e+00, 0.000000000000000e+00, 5.317598550913882e+04, 1.000000000000000e-10, 1.458512053298329e+09
150, 5.690438169000001e-01, 5.604780920000000e-02, 3.271154698931608e-01, 0.000000000000000e+00, 0.000000000000000e+00, 5.358720095146017e+04, 1.000000000000000e-10, 1.452410945816449e+09
151, 5.660511873000000e-01, 5.619744060000000e-02, 3.290732476698399e-01, 0.000000000000000e+00, 0.000000000000000e+00, 5.405358657527656e+04, 1.000000000000000e-10, 1.446990494620950e+09
152, 5.630585577000000e-01, 5.634707210000000e-02, 3.309679809660815e-01, 0.000000000000000e+00, 0.000000000000000e+00, 5.453452541189977e+04, 1.000000000000000e-10, 1.442414041198266e+09
153, 5.600659280000000e-01, 5.649670360000000e-02, 3.331032113332976e-01, 0.000000000000000e+00, 0.000000000000000e+00, 5.508757586988311e+04, 1.000000000000000e-10, 1.437497685748309e+09
154, 5.570734513000000e-01, 5.664935650000000e-02, 3.357179812312050e-01, 0.000000000000000e+00, 0.000000000000000e+00, 5.577258039693251e+04, 1.000000000000000e-10, 1.431642373240520e+09
155, 5.540810301000000e-01, 5.680309730000000e-02, 3.391562671244069e-01, 0.000000000000000e+00, 0.000000000000000e+00, 5.664542710003308e+04, 1.000000000000000e-10, 1.423347494643023e+09
156, 5.510882624000000e-01, 5.694990830000000e-02, 3.435454511831514e-01, 0.000000000000000e+00, 0.000000000000000e+00, 5.769174543297981e+04, 1.000000000000000e-10, 1.411458665966921e+09
157, 5.480948308000000e-01, 5.708244870000000e-02, 3.491891303442013e-01, 0.000000000000000e+00, 0.000000000000000e+00, 5.895473115899006e+04, 1.000000000000000e-10, 1.394790866555451e+09
158, 5.451008633000000e-01, 5.720233900000000e-02, 3.547798261853212e-01, 0.000000000000000e+00, 0.000000000000000e+00, 6.020187086021122e+04, 1.000000000000000e-10, 1.378499818803585e+09
159, 5.421067085000000e-01, 5.731748330000000e-02, 3.590462672027454e-01, 0.000000000000000e+00, 0.000000000000000e+00, 6.118303292355072e+04, 1.000000000000000e-10, 1.366800269923681e+09
160, 5.391126656000000e-01, 5.743549340000000e-02, 3.619538597851071e-01, 0.000000000000000e+00, 0.000000000000000e+00, 6.188611333755138e+04, 1.000000000000000e-10, 1.359575549569015e+09
161, 5.361186917000000e-01, 5.755525230000000e-02, 3.640000472356837e-01, 0.000000000000000e+00, 0.000000000000000e+00, 6.240071444055079e+04, 1.000000000000000e-10, 1.354853719671724e+09
162, 5.331247178000000e-01, 5.767501130000000e-02, 3.646439461567696e-01, 0.000000000000000e+00, 0.000000000000000e+00, 6.259355472704110e+04, 1.000000000000000e-10, 1.353886461573398e+09
163, 5.301307440000000e-01, 5.779477020000000e-02, 3.638669940455191e-01, 0.000000000000000e+00, 0.000000000000000e+00, 6.246600140789795e+04, 1.000000000000000e-10, 1.356880423497390e+09
164, 5.271368887000000e-01, 5.791744960000000e-02, 3.610870325346775e-01, 0.000000000000000e+00, 0.000000000000000e+00, 6.189987040425524e+04, 1.000000000000000e-10, 1.365726899742761e+09
165, 5.241430848000000e-01, 5.804138270000000e-02, 3.555552412643185e-01, 0.000000000000000e+00, 0.000000000000000e+00, 6.067015241637790e+04, 1.000000000000000e-10, 1.381717354199565e+09
166, 5.211490097000000e-01, 5.815854030000000e-02, 3.483053755809754e-01, 0.000000000000000e+00, 0.000000000000000e+00, 5.895508888537339e+04, 1.000000000000000e-10, 1.401226285443335e+09
167, 5.181544149000000e-01, 5.826150360000000e-02, 3.411359288502951e-01, 0.000000000000000e+00, 0.000000000000000e+00, 5.718841714968839e+04, 1.000000000000000e-10, 1.419448106671234e+09
168, 5.151594046000000e-01, 5.835166060000000e-02, 3.356049915555431e-01, 0.000000000000000e+00, 0.000000000000000e+00, 5.580886373909825e+04, 1.000000000000000e-10, 1.433301072772234e+09
169, 5.121642494000000e-01, 5.843690760000000e-02, 3.319049293934065e-01, 0.000000000000000e+00, 0.000000000000000e+00, 5.489350853563575e+04, 1.000000000000000e-10, 1.442703119997315e+09
170, 5.091691748000000e-01, 5.852492480000000e-02, 3.293379426606826e-01, 0.000000000000000e+00, 0.000000000000000e+00, 5.428525383784147e+04, 1.000000000000000e-10, 1.449956268751355e+09
171, 5.061741541000000e-01, 5.861477540000000e-02, 3.274741294602432e-01, 0.000000000000000e+00, 0.000000000000000e+00, 5.387622343129437e+04, 1.000000000000000e-10, 1.455969839711574e+09
172, 5.031791335000000e-01, 5.870462600000000e-02, 3.259327515038920e-01, 0.000000000000000e+00, 0.000000000000000e+00, 5.355597446464336e+04, 1.000000000000000e-10, 1.461356283061103e+09
173, 5.001841129000000e-01, 5.879447660000000e-02, 3.246318892762179e-01, 0.000000000000000e+00, 0.000000000000000e+00, 5.329931787396697e+04, 1.000000000000000e-10, 1.466195882037952e+09
174, 4.971891791000000e-01, 5.888716460000000e-02, 3.237498108522829e-01, 0.000000000000000e+00, 0.000000000000000e+00, 5.314583129195886e+04, 1.000000000000000e-10, 1.469992819066329e+09
175, 4.941942883000000e-01, 5.898124000000000e-02, 3.232242732501430e-01, 0.000000000000000e+00, 0.000000000000000e+00, 5.307241755681911e+04, 1.000000000000000e-10, 1.472672534913790e+09
176, 4.911991976000000e-01, 5.906866820000000e-02, 3.230522017682054e-01, 0.000000000000000e+00, 0.000000000000000e+00, 5.305729084476292e+04, 1.000000000000000e-10, 1.473806368860411e+09
177, 4.882037299000000e-01, 5.914197000000000e-02, 3.232576246947840e-01, 0.000000000000000e+00, 0.000000000000000e+00, 5.308543336405765e+04, 1.000000000000000e-10, 1.472748947396465e+09
178, 4.852079712000000e-01, 5.920233930000000e-02, 3.236988268399612e-01, 0.000000000000000e+00, 0.000000000000000e+00, 5.313420598811959e+04, 1.000000000000000e-10, 1.470200696566355e+09
179, 4.822121140000000e-01, 5.925766320000000e-02, 3.240487616872946e-01, 0.000000000000000e+00, 0.000000000000000e+00, 5.316462359116996e+04, 1.000000000000000e-10, 1.467962210679132e+09
180, 4.792163079000000e-01, 5.931567380000000e-02, 3.241653463311344e-01, 0.000000000000000e+00, 0.000000000000000e+00, 5.317471008843477e+04, 1.000000000000000e-10, 1.467228296767337e+09
181, 4.762205389000000e-01, 5.937558920000000e-02, 3.241305780914891e-01, 0.000000000000000e+00, 0.000000000000000e+00, 5.317111198312863e+04, 1.000000000000000e-10, 1.467429235183807e+09
182, 4.732247699000000e-01, 5.943550460000000e-02, 3.238074745193731e-01, 0.000000000000000e+00, 0.000000000000000e+00, 5.311117285792846e+04, 1.000000000000000e-10, 1.468766809470310e+09
183, 4.702290009000000e-01, 5.949542000000000e-02, 3.232641104873940e-01, 0.000000000000000e+00, 0.000000000000000e+00, 5.301668346920814e+04, 1.000000000000000e-10, 1.471112657587098e+09
184, 4.672332890000000e-01, 5.955810270000000e-02, 3.228436528126756e-01, 0.000000000000000e+00, 0.000000000000000e+00, 5.296279225486632e+04, 1.000000000000000e-10, 1.473390417688989e+09
185, 4.642376084000000e-01, 5.962228340000000e-02, 3.225310020909068e-01, 0.000000000000000e+00, 0.000000000000000e+00, 5.294694716978765e+04, 1.000000000000000e-10, 1.475634299371169e+09
186, 4.612417964000000e-01, 5.967992670000000e-02, 3.225341984543470e-01, 0.000000000000000e+00, 0.000000000000000e+00, 5.297197993359111e+04, 1.000000000000000e-10, 1.476174572208091e+09
187, 4.582457490000000e-01, 5.972350630000000e-02, 3.230470492132669e-01, 0.000000000000000e+00, 0.000000000000000e+00, 5.305823801560682e+04, 1.000000000000000e-10, 1.473849586934989e+09
188, 4.552495377000000e-01, 5.975405020000000e-02, 3.239076830869237e-01, 0.000000000000000e+00, 0.000000000000000e+00, 5.319012530308949e+04, 1.000000000000000e-10, 1.469708456134486e+09
189, 4.522532772000000e-01, 5.977943380000000e-02, 3.246339571008874e-01, 0.000000000000000e+00, 0.000000000000000e+00, 5.330372023453216e+04, 1.000000000000000e-10, 1.466291679278162e+09
190, 4.492570403000000e-01, 5.980742960000000e-02, 3.250321796331400e-01, 0.000000000000000e+00, 0.000000000000000e+00, 5.337971082620444e+04, 1.000000000000000e-10, 1.464735395508480e+09
191, 4.462608221000000e-01, 5.983739180000000e-02, 3.251093375814879e-01, 0.000000000000000e+00, 0.000000000000000e+00, 5.341653124917691e+04, 1.000000000000000e-10, 1.464962272725897e+09
192, 4.432646038000000e-01, 5.986735400000000e-02, 3.250151758882370e-01, 0.000000000000000e+00, 0.000000000000000e+00, 5.341030551356575e+04, 1.000000000000000e-10, 1.465596074423282e+09
193, 4.402683855000000e-01, 5.989731610000000e-02, 3.248120385814964e-01, 0.000000000000000e+00, 0.000000000000000e+00, 5.336832818233929e+04, 1.000000000000000e-10, 1.466259104089413e+09
194, 4.372721672000000e-01, 5.992727830000000e-02, 3.243794775528553e-01, 0.000000000000000e+00, 0.000000000000000e+00, 5.326950657371834e+04, 1.000000000000000e-10, 1.467583970602738e+09
195, 4.342759490000000e-01, 5.995724050000000e-02, 3.238176791003598e-01, 0.000000000000000e+00, 0.000000000000000e+00, 5.312979895752406e+04, 1.000000000000000e-10, 1.469099408586082e+09
196, 4.312797307000000e-01, 5.998720270000000e-02, 3.232005561978757e-01, 0.000000000000000e+00, 0.000000000000000e+00, 5.298759333655400e+04, 1.000000000000000e-10, 1.470965857180910e+09
197, 4.282835251000000e-01, 6.001838500000000e-02, 3.227587005813503e-01, 0.000000000000000e+00, 0.000000000000000e+00, 5.290389963306890e+04, 1.000000000000000e-10, 1.472697002652404e+09
198, 4.252873570000000e-01, 6.005299780000000e-02, 3.224674694800946e-01, 0.000000000000000e+00, 0.000000000000000e+00, 5.287419270446194e+04, 1.000000000000000e-10, 1.474443697396577e+09
199, 4.222911490000000e-01, 6.008389620000000e-02, 3.222551511874901e-01, 0.000000000000000e+00, 0.000000000000000e+00, 5.287392901532420e+04, 1.000000000000000e-10, 1.476211664969440e+09
200, 4.192948456000000e-01, 6.010304610000000e-02, 3.223455285150545e-01, 0.000000000000000e+00, 0.000000000000000e+00, 5.291305881644523e+04, 1.000000000000000e-10, 1.476392837226770e+09
201, 4.162984826000000e-01, 6.010734210000000e-02, 3.229110568807334e-01, 0.000000000000000e+00, 0.000000000000000e+00, 5.300741306736605e+04, 1.000000000000000e-10, 1.473805796478174e+09
202, 4.133021170000000e-01, 6.010365170000000e-02, 3.237512853666493e-01, 0.000000000000000e+00, 0.000000000000000e+00, 5.314659433499600e+04, 1.000000000000000e-10, 1.470009490504194e+09
203, 4.103057513000000e-01, 6.010004530000000e-02, 3.245450382819410e-01, 0.000000000000000e+00, 0.000000000000000e+00, 5.328704946880999e+04, 1.000000000000000e-10, 1.466644931287652e+09
204, 4.073093833000000e-01, 6.010000000000000e-02, 3.250405121660124e-01, 0.000000000000000e+00, 0.000000000000000e+00, 5.339400680309026e+04, 1.000000000000000e-10, 1.464989184302485e+09
205, 4.043130152000000e-01, 6.010000000000000e-02, 3.252454157731275e-01, 0.000000000000000e+00, 0.000000000000000e+00, 5.345402325694815e+04, 1.000000000000000e-10, 1.464662310685554e+09
206, 4.013166471000000e-01, 6.010000000000000e-02, 3.252609161074345e-01, 0.000000000000000e+00, 0.000000000000000e+00, 5.346968728340956e+04, 1.000000000000000e-10, 1.464889068082855e+09
207, 3.983202790000000e-01, 6.010000000000000e-02, 3.251531550800988e-01, 0.000000000000000e+00, 0.000000000000000e+00, 5.346108277834825e+04, 1.000000000000000e-10, 1.465580652263436e+09
208, 3.953239109000000e-01, 6.010000000000000e-02, 3.249574071791573e-01, 0.000000000000000e+00, 0.000000000000000e+00, 5.343356477955770e+04, 1.000000000000000e-10, 1.466569177021657e+09
209, 3.923275428000000e-01, 6.010000000000000e-02, 3.247635692859369e-01, 0.000000000000000e+00, 0.000000000000000e+00, 5.340823462025846e+04, 1.000000000000000e-10, 1.467592870609064e+09
210, 3.893311748000000e-01, 6.010020870000000e-02, 3.245939769453148e-01, 0.000000000000000e+00, 0.000000000000000e+00, 5.340006915800674e+04, 1.000000000000000e-10, 1.468807208057329e+09
211, 3.863348096000000e-01, 6.010425500000000e-02, 3.243461953631376e-01, 0.000000000000000e+00, 0.000000000000000e+00, 5.340292307993036e+04, 1.000000000000000e-10, 1.470920458425760e+09
212, 3.833384435000000e-01, 6.010740740000000e-02, 3.242184609097845e-01, 0.000000000000000e+00, 0.000000000000000e+00, 5.344023397990294e+04, 1.000000000000000e-10, 1.472826042200176e+09
213, 3.803420834000000e-01, 6.010159540000000e-02, 3.246200031152048e-01, 0.000000000000000e+00, 0.000000000000000e+00, 5.355292824845344e+04, 1.000000000000000e-10, 1.472062976886357e+09
214, 3.773457918000000e-01, 6.008061910000000e-02, 3.256083219289065e-01, 0.000000000000000e+00, 0.000000000000000e+00, 5.374997470774678e+04, 1.000000000000000e-10, 1.468360616376795e+09
215, 3.743495929000000e-01, 6.004884090000000e-02, 3.269530050148675e-01, 0.000000000000000e+00, 0.000000000000000e+00, 5.401256642823607e+04, 1.000000000000000e-10, 1.463227283730020e+09
216, 3.713534236000000e-01, 6.001432620000000e-02, 3.283126359375826e-01, 0.000000000000000e+00, 0.000000000000000e+00, 5.429418141210576e+04, 1.000000000000000e-10, 1.458429546174856e+09
217, 3.683572136000000e-01, 5.998357210000000e-02, 3.293903475294574e-01, 0.000000000000000e+00, 0.000000000000000e+00, 5.454963402552724e+04, 1.000000000000000e-10, 1.455355268113786e+09
218, 3.653609953000000e-01, 5.995361000000000e-02, 3.302356743263195e-01, 0.000000000000000e+00, 0.000000000000000e+00, 5.477042148300030e+04, 1.000000000000000e-10, 1.453421665639206e+09
219, 3.623647770000000e-01, 5.992364780000000e-02, 3.308262890876533e-01, 0.000000000000000e+00, 0.000000000000000e+00, 5.492820095847983e+04, 1.000000000000000e-10, 1.452128916567870e+09
220, 3.593685587000000e-01, 5.989368560000000e-02, 3.312146471915497e-01, 0.000000000000000e+00, 0.000000000000000e+00, 5.502413808616060e+04, 1.000000000000000e-10, 1.451109015540581e+09
221, 3.563723404000000e-01, 5.986372340000000e-02, 3.314354736571808e-01, 0.000000000000000e+00, 0.000000000000000e+00, 5.507737301441868e+04, 1.000000000000000e-10, 1.450500833107850e+09
222, 3.533761221000000e-01, 5.983376120000000e-02, 3.315056225999424e-01, 0.000000000000000e+00, 0.000000000000000e+00, 5.510159507874832e+04, 1.000000000000000e-10, 1.450420223391206e+09
223, 3.503799039000000e-01, 5.980379900000000e-02, 3.315671285639598e-01, 0.000000000000000e+00, 0.000000000000000e+00, 5.513314998078638e+04, 1.000000000000000e-10, 1.450612961299075e+09
224, 3.473836618000000e-01, 5.977636380000000e-02, 3.314433878965231e-01, 0.000000000000000e+00, 0.000000000000000e+00, 5.515527922191963e+04, 1.000000000000000e-10, 1.452099147228444e+09
225, 3.443874030000000e-01, 5.975078450000000e-02, 3.312766929367367e-01, 0.000000000000000e+00, 0.000000000000000e+00, 5.519605170468706e+04, 1.000000000000000e-10, 1.454353329233672e+09
226, 3.413912043000000e-01, 5.971906720000000e-02, 3.315063344120138e-01, 0.000000000000000e+00, 0.000000000000000e+00, 5.529323963962793e+04, 1.000000000000000e-10, 1.454620479751220e+09
227, 3.383951856000000e-01, 5.967355900000000e-02, 3.323470135774009e-01, 0.000000000000000e+00, 0.000000000000000e+00, 5.547112425457577e+04, 1.000000000000000e-10, 1.451676709514246e+09
228, 3.353993970000000e-01, 5.961469410000000e-02, 3.334913274208890e-01, 0.000000000000000e+00, 0.000000000000000e+00, 5.569697802800206e+04, 1.000000000000000e-10, 1.447522305188903e+09
229, 3.324037216000000e-01, 5.955026900000000e-02, 3.344411207289697e-01, 0.000000000000000e+00, 0.000000000000000e+00, 5.589777509315513e+04, 1.000000000000000e-10, 1.444306788504245e+09
230, 3.294079977000000e-01, 5.948816000000000e-02, 3.349760698481248e-01, 0.000000000000000e+00, 0.000000000000000e+00, 5.604119728732936e+04, 1.000000000000000e-10, 1.443142949704123e+09
231, 3.264122288000000e-01, 5.942824460000000e-02, 3.351312773776096e-01, 0.000000000000000e+00, 0.000000000000000e+00, 5.611595650830560e+04, 1.000000000000000e-10, 1.443493247241556e+09
232, 3.234164598000000e-01, 5.936832920000000e-02, 3.351453003730986e-01, 0.000000000000000e+00, 0.000000000000000e+00, 5.614216533782268e+04, 1.000000000000000e-10, 1.443899826324492e+09
233, 3.204206908000000e-01, 5.930841380000000e-02, 3.351798544128770e-01, 0.000000000000000e+00, 0.000000000000000e+00, 5.615285327601247e+04, 1.000000000000000e-10, 1.443854416486736e+09
234, 3.174249218000000e-01, 5.924849840000000e-02, 3.349070235918870e-01, 0.000000000000000e+00, 0.000000000000000e+00, 5.609671944894373e+04, 1.000000000000000e-10, 1.444810156036024e+09
235, 3.144291528000000e-01, 5.918858310000000e-02, 3.345462186283841e-01, 0.000000000000000e+00, 0.000000000000000e+00, 5.600852705792572e+04, 1.000000000000000e-10, 1.445790413368880e+09
236, 3.114333838000000e-01, 5.912866770000000e-02, 3.340865768373432e-01, 0.000000000000000e+00, 0.000000000000000e+00, 5.590395414599151e+04, 1.000000000000000e-10, 1.447192337889013e+09
237, 3.084375946000000e-01, 5.906978170000000e-02, 3.333835694661371e-01, 0.000000000000000e+00, 0.000000000000000e+00, 5.577408824631599e+04, 1.000000000000000e-10, 1.449969376388221e+09
238, 3.054417368000000e-01, 5.901448810000000e-02, 3.325457908459664e-01, 0.000000000000000e+00, 0.000000000000000e+00, 5.564434578330091e+04, 1.000000000000000e-10, 1.453847452514890e+09
239, 3.024459424000000e-01, 5.895589760000000e-02, 3.317775394501586e-01, 0.000000000000000e+00, 0.000000000000000e+00, 5.553918041620328e+04, 1.000000000000000e-10, 1.457749085798188e+09
240, 2.994503937000000e-01, 5.888596610000000e-02, 3.311946371071862e-01, 0.000000000000000e+00, 0.000000000000000e+00, 5.545472208440379e+04, 1.000000000000000e-10, 1.460598487195426e+09
241, 2.964552315000000e-01, 5.880104250000000e-02, 3.308046166084742e-01, 0.000000000000000e+00, 0.000000000000000e+00, 5.537250624647860e+04, 1.000000000000000e-10, 1.461962706777041e+09
242, 2.934603172000000e-01, 5.870772480000000e-02, 3.304402830957627e-01, 0.000000000000000e+00, 0.000000000000000e+00, 5.527804760004018e+04, 1.000000000000000e-10, 1.462847103649346e+09
243, 2.904654134000000e-01, 5.861406570000000e-02, 3.302438390101687e-01, 0.000000000000000e+00, 0.000000000000000e+00, 5.522795599293679e+04, 1.000000000000000e-10, 1.463313106050453e+09
244, 2.874703256000000e-01, 5.852650000000000e-02, 3.300201926137318e-01, 0.000000000000000e+00, 0.000000000000000e+00, 5.519268428594222e+04, 1.000000000000000e-10, 1.464352179003545e+09
245, 2.844751753000000e-01, 5.844108520000000e-02, 3.297775553641871e-01, 0.000000000000000e+00, 0.000000000000000e+00, 5.517857095333256e+04, 1.000000000000000e-10, 1.466012573052535e+09
246, 2.814802001000000e-01, 5.834977820000000e-02, 3.297169895120611e-01, 0.000000000000000e+00, 0.000000000000000e+00, 5.519448264677910e+04, 1.000000000000000e-10, 1.466851066303748e+09
247, 2.784856726000000e-01, 5.824487900000000e-02, 3.300758835357235e-01, 0.000000000000000e+00, 0.000000000000000e+00, 5.525913846909003e+04, 1.000000000000000e-10, 1.465355826674785e+09
248, 2.754916466000000e-01, 5.812646400000000e-02, 3.308167633809927e-01, 0.000000000000000e+00, 0.000000000000000e+00, 5.537218800707765e+04, 1.000000000000000e-10, 1.461861310848152e+09
249, 2.724978541000000e-01, 5.800225460000000e-02, 3.316296694931005e-01, 0.000000000000000e+00, 0.000000000000000e+00, 5.549681587485151e+04, 1.000000000000000e-10, 1.458031162993802e+09
250, 2.695039750000000e-01, 5.788015900000000e-02, 3.320608615915023e-01, 0.000000000000000e+00, 0.000000000000000e+00, 5.557294014542257e+04, 1.000000000000000e-10, 1.456197015353392e+09
251, 2.665100011000000e-01, 5.776040000000000e-02, 3.320907014758614e-01, 0.000000000000000e+00, 0.000000000000000e+00, 5.558718391140074e+04, 1.000000000000000e-10, 1.456265190072640e+09
252, 2.635160273000000e-01, 5.764064110000000e-02, 3.321020368721639e-01, 0.000000000000000e+00, 0.000000000000000e+00, 5.559739083074444e+04, 1.000000000000000e-10, 1.456382607118626e+09
253, 2.605220534000000e-01, 5.752088210000000e-02, 3.318472628109012e-01, 0.000000000000000e+00, 0.000000000000000e+00, 5.554917313685823e+04, 1.000000000000000e-10, 1.457380817353205e+09
254, 2.575280795000000e-01, 5.740112320000000e-02, 3.312880422470830e-01, 0.000000000000000e+00, 0.000000000000000e+00, 5.542683373899564e+04, 1.000000000000000e-10, 1.459219730325515e+09
255, 2.545341057000000e-01, 5.728136420000000e-02, 3.304413257339694e-01, 0.000000000000000e+00, 0.000000000000000e+00, 5.523253829505094e+04, 1.000000000000000e-10, 1.461830930181799e+09
256, 2.515401318000000e-01, 5.716160530000000e-02, 3.290807074448450e-01, 0.000000000000000e+00, 0.000000000000000e+00, 5.494378766459244e+04, 1.000000000000000e-10, 1.466530131597863e+09
257, 2.485461222000000e-01, 5.704274810000000e-02, 3.276606074748560e-01, 0.000000000000000e+00, 0.000000000000000e+00, 5.467218170997003e+04, 1.000000000000000e-10, 1.472096031902739e+09
258, 2.455519687000000e-01, 5.692757100000000e-02, 3.262306916488271e-01, 0.000000000000000e+00, 0.000000000000000e+00, 5.442504795197424e+04, 1.000000000000000e-10, 1.478368633342476e+09
259, 2.425579324000000e-01, 5.680940080000000e-02, 3.251288166014664e-01, 0.000000000000000e+00, 0.000000000000000e+00, 5.425609698145977e+04, 1.000000000000000e-10, 1.483733681914032e+09
260, 2.395643498000000e-01, 5.668030080000000e-02, 3.245951221874784e-01, 0.000000000000000e+00, 0.000000000000000e+00, 5.419261383549543e+04, 1.000000000000000e-10, 1.486749955885577e+09
261, 2.365712773000000e-01, 5.653982940000000e-02, 3.245158724836105e-01, 0.000000000000000e+00, 0.000000000000000e+00, 5.420254693520549e+04, 1.000000000000000e-10, 1.487580604630425e+09
262, 2.335786376000000e-01, 5.639042170000000e-02, 3.248591758097880e-01, 0.000000000000000e+00, 0.000000000000000e+00, 5.428429587951220e+04, 1.000000000000000e-10, 1.486531874312384e+09
263, 2.305864572000000e-01, 5.623208320000000e-02, 3.258318621439172e-01, 0.000000000000000e+00, 0.000000000000000e+00, 5.447640728209930e+04, 1.000000000000000e-10, 1.482846980200994e+09
264, 2.275948873000000e-01, 5.606262990000000e-02, 3.273668682999751e-01, 0.000000000000000e+00, 0.000000000000000e+00, 5.475133074870436e+04, 1.000000000000000e-10, 1.476298972748000e+09
265, 2.246039719000000e-01, 5.588195720000000e-02, 3.288107673931577e-01, 0.000000000000000e+00, 0.000000000000000e+00, 5.500143662426340e+04, 1.000000000000000e-10, 1.469992441677415e+09
266, 2.216132630000000e-01, 5.569788720000000e-02, 3.296022938860975e-01, 0.000000000000000e+00, 0.000000000000000e+00, 5.514191932470589e+04, 1.000000000000000e-10, 1.466638863569092e+09
267, 2.186223396000000e-01, 5.551734040000000e-02, 3.298164183613548e-01, 0.000000000000000e+00, 0.000000000000000e+00, 5.519197127747593e+04, 1.000000000000000e-10, 1.466014327382328e+09
268, 2.156313504000000e-01, 5.533788100000000e-02, 3.296118206468934e-01, 0.000000000000000e+00, 0.000000000000000e+00, 5.517036953749305e+04, 1.000000000000000e-10, 1.467200310772399e+09
269, 2.126403613000000e-01, 5.515842170000000e-02, 3.294239075303151e-01, 0.000000000000000e+00, 0.000000000000000e+00, 5.515595190357824e+04, 1.000000000000000e-10, 1.468386256190681e+09
270, 2.096493686000000e-01, 5.497902140000000e-02, 3.291477319646290e-01, 0.000000000000000e+00, 0.000000000000000e+00, 5.512759891763608e+04, 1.000000000000000e-10, 1.469998264623584e+09
271, 2.066581632000000e-01, 5.480320770000000e-02, 3.287154029236726e-01, 0.000000000000000e+00, 0.000000000000000e+00, 5.507777964597896e+04, 1.000000000000000e-10, 1.472427495434589e+09
272, 2.036669592000000e-01, 5.462737120000000e-02, 3.284474657190563e-01, 0.000000000000000e+00, 0.000000000000000e+00, 5.506917545778329e+04, 1.000000000000000e-10, 1.474413421544028e+09
273, 2.006762392000000e-01, 5.444351370000000e-02, 3.283518613049554e-01, 0.000000000000000e+00, 0.000000000000000e+00, 5.507474942826234e+04, 1.000000000000000e-10, 1.475334054950452e+09
274, 1.976864651000000e-01, 5.424488690000000e-02, 3.284491204331935e-01, 0.000000000000000e+00, 0.000000000000000e+00, 5.508649545365840e+04, 1.000000000000000e-10, 1.474769347050808e+09
275, 1.946974808000000e-01, 5.403467400000000e-02, 3.285687960845265e-01, 0.000000000000000e+00, 0.000000000000000e+00, 5.508931927684514e+04, 1.000000000000000e-10, 1.473866659807887e+09
276, 1.917087537000000e-01, 5.382082320000000e-02, 3.285947456547554e-01, 0.000000000000000e+00, 0.000000000000000e+00, 5.508114273482211e+04, 1.000000000000000e-10, 1.473498845087833e+09
277, 1.887197351000000e-01, 5.361109610000000e-02, 3.284405581485756e-01, 0.000000000000000e+00, 0.000000000000000e+00, 5.506431835558729e+04, 1.000000000000000e-10, 1.474388889580947e+09
278, 1.857303707000000e-01, 5.340634910000000e-02, 3.281310813638269e-01, 0.000000000000000e+00, 0.000000000000000e+00, 5.504788103620185e+04, 1.000000000000000e-10, 1.476559978984458e+09
279, 1.827411789000000e-01, 5.319910420000000e-02, 3.277738182413636e-01, 0.000000000000000e+00, 0.000000000000000e+00, 5.504028708811262e+04, 1.000000000000000e-10, 1.479286499294926e+09
280, 1.797527313000000e-01, 5.298142430000000e-02, 3.275298392802947e-01, 0.000000000000000e+00, 0.000000000000000e+00, 5.504222378278861e+04, 1.000000000000000e-10, 1.481341256621515e+09
281, 1.767651486000000e-01, 5.275215400000000e-02, 3.276275358832901e-01, 0.000000000000000e+00, 0.000000000000000e+00, 5.508768734793186e+04, 1.000000000000000e-10, 1.481552020034690e+09
282, 1.737782598000000e-01, 5.251401450000000e-02, 3.281800290610220e-01, 0.000000000000000e+00, 0.000000000000000e+00, 5.520595995505569e+04, 1.000000000000000e-10, 1.479615692275602e+09
283, 1.707920907000000e-01, 5.226701400000000e-02, 3.290634217186026e-01, 0.000000000000000e+00, 0.000000000000000e+00, 5.538389537898648e+04, 1.000000000000000e-10, 1.476284826806447e+09
284, 1.678068289000000e-01, 5.200929790000000e-02, 3.301515750549458e-01, 0.000000000000000e+00, 0.000000000000000e+00, 5.558788153037665e+04, 1.000000000000000e-10, 1.471858941651836e+09
285, 1.648225830000000e-01, 5.174005310000000e-02, 3.311268799171074e-01, 0.000000000000000e+00, 0.000000000000000e+00, 5.576233040911598e+04, 1.000000000000000e-10, 1.467744636119762e+09
286, 1.618386948000000e-01, 5.146686210000000e-02, 3.318553987035852e-01, 0.000000000000000e+00, 0.000000000000000e+00, 5.589726299735870e+04, 1.000000000000000e-10, 1.464825944312515e+09
287, 1.588544609000000e-01, 5.119748250000000e-02, 3.323938159585123e-01, 0.000000000000000e+00, 0.000000000000000e+00, 5.601550738305298e+04, 1.000000000000000e-10, 1.463043240365863e+09
288, 1.558697631000000e-01, 5.093328530000000e-02, 3.327847402352851e-01, 0.000000000000000e+00, 0.000000000000000e+00, 5.613348678114150e+04, 1.000000000000000e-10, 1.462454687996172e+09
289, 1.528852535000000e-01, 5.066697530000000e-02, 3.331822221299783e-01, 0.000000000000000e+00, 0.000000000000000e+00, 5.625923826295734e+04, 1.000000000000000e-10, 1.461960239985344e+09
290, 1.499016570000000e-01, 5.039064780000000e-02, 3.336586928463276e-01, 0.000000000000000e+00, 0.000000000000000e+00, 5.637750678535105e+04, 1.000000000000000e-10, 1.460654613882931e+09
291, 1.469194872000000e-01, 5.009932340000000e-02, 3.340662347106514e-01, 0.000000000000000e+00, 0.000000000000000e+00, 5.645888489345707e+04, 1.000000000000000e-10, 1.459137700322983e+09
292, 1.439382559000000e-01, 4.979852640000000e-02, 3.341675541759014e-01, 0.000000000000000e+00, 0.000000000000000e+00, 5.648388595989720e+04, 1.000000000000000e-10, 1.458843296446178e+09
293, 1.409571857000000e-01, 4.949613280000000e-02, 3.340734099896405e-01, 0.000000000000000e+00, 0.000000000000000e+00, 5.648103479701931e+04, 1.000000000000000e-10, 1.459487242951306e+09
294, 1.379755682000000e-01, 4.919919110000000e-02, 3.337257221943575e-01, 0.000000000000000e+00, 0.000000000000000e+00, 5.645050839739504e+04, 1.000000000000000e-10, 1.461622814796962e+09
295, 1.349936162000000e-01, 4.890561960000000e-02, 3.330082981492344e-01, 0.000000000000000e+00, 0.000000000000000e+00, 5.637266164599023e+04, 1.000000000000000e-10, 1.465715451297048e+09
296, 1.320121036000000e-01, 4.860762960000000e-02, 3.321780851449281e-01, 0.000000000000000e+00, 0.000000000000000e+00, 5.626464244960738e+04, 1.000000000000000e-10, 1.470087403075877e+09
297, 1.290317925000000e-01, 4.829786950000000e-02, 3.315865020777047e-01, 0.000000000000000e+00, 0.000000000000000e+00, 5.617842329977874e+04, 1.000000000000000e-10, 1.473010357829907e+09
298, 1.260525769000000e-01, 4.797772950000000e-02, 3.313428895318917e-01, 0.000000000000000e+00, 0.000000000000000e+00, 5.614250387928026e+04, 1.000000000000000e-10, 1.474198478835307e+09
299, 1.230743167000000e-01, 4.764882070000000e-02, 3.312746961854058e-01, 0.000000000000000e+00, 0.000000000000000e+00, 5.613865657377170e+04, 1.000000000000000e-10, 1.474686485160774e+09
300, 1.200970366000000e-01, 4.731115450000000e-02, 3.312986074728643e-01, 0.000000000000000e+00, 0.000000000000000e+00, 5.615459432848137e+04, 1.000000000000000e-10, 1.474836070945854e+09
301, 1.171207615000000e-01, 4.696474260000000e-02, 3.314025068009565e-01, 0.000000000000000e+00, 0.000000000000000e+00, 5.618554946257501e+04, 1.000000000000000e-10, 1.474660369542982e+09
302, 1.141455159000000e-01, 4.660959680000000e-02, 3.314882055603392e-01, 0.000000000000000e+00, 0.000000000000000e+00, 5.621210806522240e+04, 1.000000000000000e-10, 1.474527707589227e+09
303, 1.111713243000000e-01, 4.624572950000000e-02, 3.314927762807716e-01, 0.000000000000000e+00, 0.000000000000000e+00, 5.622252024208799e+04, 1.000000000000000e-10, 1.474714259835046e+09
304, 1.081982111000000e-01, 4.587315320000000e-02, 3.314311559281066e-01, 0.000000000000000e+00, 0.000000000000000e+00, 5.622031992530079e+04, 1.000000000000000e-10, 1.475179168099543e+09
305, 1.052262005000000e-01, 4.549188050000000e-02, 3.312575717604566e-01, 0.000000000000000e+00, 0.000000000000000e+00, 5.620180822532245e+04, 1.000000000000000e-10, 1.476187193543810e+09
306, 1.022553168000000e-01, 4.510192450000000e-02, 3.308922846190687e-01, 0.000000000000000e+00, 0.000000000000000e+00, 5.616021299980896e+04, 1.000000000000000e-10, 1.478211512554610e+09
307, 9.928555240000000e-02, 4.470353130000000e-02, 3.303561618011920e-01, 0.000000000000000e+00, 0.000000000000000e+00, 5.610417254236329e+04, 1.000000000000000e-10, 1.481365565231112e+09
308, 9.631645150000000e-02, 4.430022190000000e-02, 3.297117745094528e-01, 0.000000000000000e+00, 0.000000000000000e+00, 5.604736163502753e+04, 1.000000000000000e-10, 1.485401714784130e+09
309, 9.334866629999999e-02, 4.388735710000000e-02, 3.291519257838043e-01, 0.000000000000000e+00, 0.000000000000000e+00, 5.600656568639805e+04, 1.000000000000000e-10, 1.489139336057884e+09
310, 9.038333000000000e-02, 4.345728190000000e-02, 3.288054423893242e-01, 0.000000000000000e+00, 0.000000000000000e+00, 5.598926951660019e+04, 1.000000000000000e-10, 1.491620854327773e+09
311, 8.742106760000000e-02, 4.300650920000000e-02, 3.287072843475449e-01, 0.000000000000000e+00, 0.000000000000000e+00, 5.599673490713454e+04, 1.000000000000000e-10, 1.492572320436853e+09
312, 8.446147179999999e-02, 4.253854550000000e-02, 3.289102907406461e-01, 0.000000000000000e+00, 0.000000000000000e+00, 5.604560318292716e+04, 1.000000000000000e-10, 1.491986522825045e+09
313, 8.150462410000001e-02, 4.205352220000000e-02, 3.294498691835161e-01, 0.000000000000000e+00, 0.000000000000000e+00, 5.614858003139192e+04, 1.000000000000000e-10, 1.489782218497565e+09
314, 7.855061400000000e-02, 4.155150370000000e-02, 3.302643986580824e-01, 0.000000000000000e+00, 0.000000000000000e+00, 5.629727438064644e+04, 1.000000000000000e-10, 1.486315689946811e+09
315, 7.559953120000000e-02, 4.103255620000000e-02, 3.312376552703613e-01, 0.000000000000000e+00, 0.000000000000000e+00, 5.647413928938223e+04, 1.000000000000000e-10, 1.482156245250743e+09
316, 7.265146290000001e-02, 4.049674770000000e-02, 3.321894725322191e-01, 0.000000000000000e+00, 0.000000000000000e+00, 5.665457249812223e+04, 1.000000000000000e-10, 1.478342750876918e+09
317, 6.970648800000000e-02, 3.994418840000000e-02, 3.329313485568703e-01, 0.000000000000000e+00, 0.000000000000000e+00, 5.681181870818877e+04, 1.000000000000000e-10, 1.475700611366913e+09
318, 6.676405530000000e-02, 3.937824060000000e-02, 3.334299036239993e-01, 0.000000000000000e+00, 0.000000000000000e+00, 5.694102027678695e+04, 1.000000000000000e-10, 1.474427688994981e+09
319, 6.382483080000000e-02, 3.879587770000000e-02, 3.338677269946206e-01, 0.000000000000000e+00, 0.000000000000000e+00, 5.706245419190310e+04, 1.000000000000000e-10, 1.473434305212358e+09
320, 6.089039250000000e-02, 3.818988410000000e-02, 3.343478992380384e-01, 0.000000000000000e+00, 0.000000000000000e+00, 5.719069635226891e+04, 1.000000000000000e-10, 1.472290759625573e+09
321, 5.796159620000000e-02, 3.755716460000000e-02, 3.349941380345659e-01, 0.000000000000000e+00, 0.000000000000000e+00, 5.733998807959199e+04, 1.000000000000000e-10, 1.470261895426449e+09
322, 5.503766030000000e-02, 3.690236230000000e-02, 3.357668700482010e-01, 0.000000000000000e+00, 0.000000000000000e+00, 5.751227651967192e+04, 1.000000000000000e-10, 1.467712072554624e+09
323, 5.212020500000000e-02, 3.621928960000000e-02, 3.365964962051052e-01, 0.000000000000000e+00, 0.000000000000000e+00, 5.769101455908072e+04, 1.000000000000000e-10, 1.464859397274810e+09
324, 4.921095930000000e-02, 3.550206810000000e-02, 3.373806311589411e-01, 0.000000000000000e+00, 0.000000000000000e+00, 5.786087925455783e+04, 1.000000000000000e-10, 1.462186263530285e+09
325, 4.630834710000000e-02, 3.475842740000000e-02, 3.381114962881031e-01, 0.000000000000000e+00, 0.000000000000000e+00, 5.801760616241412e+04, 1.000000000000000e-10, 1.459669860212034e+09
326, 4.341443290000000e-02, 3.398167710000000e-02, 3.389367440370434e-01, 0.000000000000000e+00, 0.000000000000000e+00, 5.818179867212795e+04, 1.000000000000000e-10, 1.456541585921247e+09
327, 4.053329480000000e-02, 3.315886600000000e-02, 3.400523126881558e-01, 0.000000000000000e+00, 0.000000000000000e+00, 5.839780807908982e+04, 1.000000000000000e-10, 1.452288975421925e+09
328, 3.766462370000000e-02, 3.229347590000000e-02, 3.416512633354110e-01, 0.000000000000000e+00, 0.000000000000000e+00, 5.870900234425408e+04, 1.000000000000000e-10, 1.446227652552496e+09
329, 3.480664810000000e-02, 3.139349160000000e-02, 3.440900637979460e-01, 0.000000000000000e+00, 0.000000000000000e+00, 5.916947455572749e+04, 1.000000000000000e-10, 1.436796948600152e+09
330, 3.196977470000000e-02, 3.042923390000000e-02, 3.480860485465195e-01, 0.000000000000000e+00, 0.000000000000000e+00, 5.986613381652406e+04, 1.000000000000000e-10, 1.420339814263540e+09
331, 2.916436760000000e-02, 2.937700070000000e-02, 3.523270893336794e-01, 0.000000000000000e+00, 0.000000000000000e+00, 6.072496609847668e+04, 1.000000000000000e-10, 1.405685613799186e+09
332, 2.638083370000000e-02, 2.826801140000000e-02, 3.579531559457508e-01, 0.000000000000000e+00, 0.000000000000000e+00, 6.182089635962235e+04, 1.000000000000000e-10, 1.385898345714339e+09
333, 2.362898530000000e-02, 2.708283520000000e-02, 3.638318198370634e-01, 0.000000000000000e+00, 0.000000000000000e+00, 6.284580185271482e+04, 1.000000000000000e-10, 1.363569486869771e+09
334, 2.092840090000000e-02, 2.578537860000000e-02, 3.724255277258288e-01, 0.000000000000000e+00, 0.000000000000000e+00, 6.450910742311118e+04, 1.000000000000000e-10, 1.334874816940784e+09
335, 1.829564720000000e-02, 2.435529470000000e-02, 3.799990929359286e-01, 0.000000000000000e+00, 0.000000000000000e+00, 6.597678641409166e+04, 1.000000000000000e-10, 1.310951703659187e+09
336, 1.571975790000000e-02, 2.282485310000000e-02, 3.915903989447160e-01, 0.000000000000000e+00, 0.000000000000000e+00, 6.821777514972104e+04, 1.000000000000000e-10, 1.275620993966950e+09
337, 1.319128670000000e-02, 2.121724900000000e-02, 4.031478421376399e-01, 0.000000000000000e+00, 0.000000000000000e+00, 7.021979498394292e+04, 1.000000000000000e-10, 1.238888514930224e+09
338, 1.071855140000000e-02, 1.952532850000000e-02, 4.278523313885463e-01, 0.000000000000000e+00, 0.000000000000000e+00, 7.527876765798194e+04, 1.000000000000000e-10, 1.176947461385767e+09
339, 8.357752600000001e-03, 1.768194770000000e-02, 4.324904059340053e-01, 0.000000000000000e+00, 0.000000000000000e+00, 7.595911689817139e+04, 1.000000000000000e-10, 1.161826568295486e+09
340, 6.234852000000000e-03, 1.557056300000000e-02, 4.702957734354501e-01, 0.000000000000000e+00, 0.000000000000000e+00, 8.421136163146567e+04, 1.000000000000000e-10, 1.083905960132506e+09
341, 4.319046800000000e-03, 1.326691890000000e-02, 4.802866116045855e-01, 0.000000000000000e+00, 0.000000000000000e+00, 8.565407099996635e+04, 1.000000000000000e-10, 1.057908158223231e+09
342, 2.659048500000000e-03, 1.078063400000000e-02, 5.269260960444710e-01, 0.000000000000000e+00, 0.000000000000000e+00, 9.590868468995826e+04, 1.000000000000000e-10, 9.807360162827569e+08
343, 1.585549600000000e-03, 7.986006000000000e-03, 5.355621230679143e-01, 0.000000000000000e+00, 0.000000000000000e+00, 9.715395518118991e+04, 1.000000000000000e-10, 9.623224401258551e+08
344, 7.472436000000000e-04, 5.109934500000000e-03, 5.611196724829204e-01, 0.000000000000000e+00, 0.000000000000000e+00, 1.023629749649933e+05, 1.000000000000000e-10, 9.226407877142125e+08
345, 1.626159000000000e-04, 2.172660000000000e-03, 5.699032564675689e-01, 0.000000000000000e+00, 0.000000000000000e+00, 1.039428630726396e+05, 1.000000000000000e-10, 9.081004234157069e+08
346, 2.551370000000000e-05, -8.154233000000000e-04, 5.717084146284601e-01, 0.000000000000000e+00, 0.000000000000000e+00, 1.044199856385201e+05, 1.000000000000000e-10, 9.052894213643559e+08
347, 4.418631000000000e-04, -3.780176900000000e-03, 5.539064009378131e-01, 0.000000000000000e+00, 0.000000000000000e+00, 1.005574057087774e+05, 1.000000000000000e-10, 9.314675711858639e+08
348, 1.178979700000000e-03, -6.683559600000000e-03, 5.326835070908148e-01, 0.000000000000000e+00, 0.000000000000000e+00, 9.686550859893626e+04, 1.000000000000000e-10, 9.698739533417294e+08
349, 2.119737600000000e-03, -9.527886300000000e-03, 5.037375522385504e-01, 0.000000000000000e+00, 0.000000000000000e+00, 9.085909557556218e+04, 1.000000000000000e-10, 1.018910961621503e+09
350, 3.491510200000000e-03, -1.218239690000000e-02, 4.849618090514708e-01, 0.000000000000000e+00, 0.000000000000000e+00, 8.774136948390277e+04, 1.000000000000000e-10, 1.061261663585187e+09
351, 5.352275100000000e-03, -1.453005090000000e-02, 4.380978820973268e-01, 0.000000000000000e+00, 0.000000000000000e+00, 7.764895027348815e+04, 1.000000000000000e-10, 1.155454401330709e+09
352, 7.355607900000000e-03, -1.675624800000000e-02, 4.188821431072104e-01, 0.000000000000000e+00, 0.000000000000000e+00, 7.458970309814812e+04, 1.000000000000000e-10, 1.213017952547975e+09
353, 9.621932400000000e-03, -1.871350840000000e-02, 3.846981485508020e-01, 0.000000000000000e+00, 0.000000000000000e+00, 6.678054596302263e+04, 1.000000000000000e-10, 1.294510445727760e+09
354, 1.205590760000000e-02, -2.046042230000000e-02, 3.707190304595435e-01, 0.000000000000000e+00, 0.000000000000000e+00, 6.454352900762440e+04, 1.000000000000000e-10, 1.346764403383470e+09
355, 1.455955480000000e-02, -2.210638150000000e-02, 3.457493463325112e-01, 0.000000000000000e+00, 0.000000000000000e+00, 5.958638049025222e+04, 1.000000000000000e-10, 1.432109375841325e+09
356, 1.711312970000000e-02, -2.367378560000000e-02, 3.337427193306994e-01, 0.000000000000000e+00, 0.000000000000000e+00, 5.748343706554294e+04, 1.000000000000000e-10, 1.482921516076869e+09
357, 1.972005420000000e-02, -2.515057360000000e-02, 3.207339229197679e-01, 0.000000000000000e+00, 0.000000000000000e+00, 5.486487785225573e+04, 1.000000000000000e-10, 1.534380997101464e+09
358, 2.239892040000000e-02, -2.649200820000000e-02, 3.131256951498250e-01, 0.000000000000000e+00, 0.000000000000000e+00, 5.334124581839893e+04, 1.000000000000000e-10, 1.566349332149993e+09
359, 2.514218880000000e-02, -2.769671360000000e-02, 3.067752450498202e-01, 0.000000000000000e+00, 0.000000000000000e+00, 5.212671727297668e+04, 1.000000000000000e-10, 1.595797122503063e+09
360, 2.792514050000000e-02, -2.880708720000000e-02, 3.015881495525597e-01, 0.000000000000000e+00, 0.000000000000000e+00, 5.109951445761768e+04, 1.000000000000000e-10, 1.619462925469436e+09
361, 3.072579640000000e-02, -2.987219160000000e-02, 2.978973566632552e-01, 0.000000000000000e+00, 0.000000000000000e+00, 5.034098759618380e+04, 1.000000000000000e-10, 1.635983834028921e+09
362, 3.355101120000000e-02, -3.087007190000000e-02, 2.955854251213856e-01, 0.000000000000000e+00, 0.000000000000000e+00, 4.984741865395426e+04, 1.000000000000000e-10, 1.646019425918454e+09
363, 3.640010390000000e-02, -3.179774150000000e-02, 2.940020494039226e-01, 0.000000000000000e+00, 0.000000000000000e+00, 4.952754958531021e+04, 1.000000000000000e-10, 1.653468168883171e+09
364, 3.926405390000000e-02, -3.267859480000000e-02, 2.930012200066533e-01, 0.000000000000000e+00, 0.000000000000000e+00, 4.932400579150656e+04, 1.000000000000000e-10, 1.658152899424117e+09
365, 4.213857070000000e-02, -3.352425530000000e-02, 2.923296363138871e-01, 0.000000000000000e+00, 0.000000000000000e+00, 4.917509858006820e+04, 1.000000000000000e-10, 1.661009835333036e+09
366, 4.502736230000000e-02, -3.431981760000000e-02, 2.919351287449697e-01, 0.000000000000000e+00, 0.000000000000000e+00, 4.907494476874849e+04, 1.000000000000000e-10, 1.662326547257227e+09
367, 4.792660680000000e-02, -3.507646140000000e-02, 2.919040330816325e-01, 0.000000000000000e+00, 0.000000000000000e+00, 4.902999386379298e+04, 1.000000000000000e-10, 1.661399381936742e+09
368, 5.083275460000000e-02, -3.580616600000000e-02, 2.921229126192340e-01, 0.000000000000000e+00, 0.000000000000000e+00, 4.902219767384649e+04, 1.000000000000000e-10, 1.658972510735770e+09
369, 5.374765330000000e-02, -3.650004220000000e-02, 2.925895999450331e-01, 0.000000000000000e+00, 0.000000000000000e+00, 4.904843260377510e+04, 1.000000000000000e-10, 1.654884180578246e+09
370, 5.666961100000000e-02, -3.716362050000000e-02, 2.931919784686913e-01, 0.000000000000000e+00, 0.000000000000000e+00, 4.909758050424690e+04, 1.000000000000000e-10, 1.650043839754304e+09
371, 5.959522020000000e-02, -3.781094180000000e-02, 2.935561531784553e-01, 0.000000000000000e+00, 0.000000000000000e+00, 4.911928309377056e+04, 1.000000000000000e-10, 1.646899074073637e+09
372, 6.252243709999999e-02, -3.845095230000000e-02, 2.936000082985594e-01, 0.000000000000000e+00, 0.000000000000000e+00, 4.911296294670807e+04, 1.000000000000000e-10, 1.646292755041721e+09
373, 6.545274740000000e-02, -3.907663200000000e-02, 2.932442442485821e-01, 0.000000000000000e+00, 0.000000000000000e+00, 4.905206246741160e+04, 1.000000000000000e-10, 1.648251705751153e+09
374, 6.838760620000001e-02, -3.968059320000000e-02, 2.922591938846694e-01, 0.000000000000000e+00, 0.000000000000000e+00, 4.888904413670248e+04, 1.000000000000000e-10, 1.653847170993084e+09
375, 7.132826930000000e-02, -4.025560110000000e-02, 2.908041653580786e-01, 0.000000000000000e+00, 0.000000000000000e+00, 4.862066953982814e+04, 1.000000000000000e-10, 1.661415802044204e+09
376, 7.427458960000000e-02, -4.080090600000000e-02, 2.894674854832259e-01, 0.000000000000000e+00, 0.000000000000000e+00, 4.834533251227980e+04, 1.000000000000000e-10, 1.667621757912582e+09
377, 7.722505590000001e-02, -4.132334090000000e-02, 2.888504308710586e-01, 0.000000000000000e+00, 0.000000000000000e+00, 4.817141131926293e+04, 1.000000000000000e-10, 1.669166290873620e+09
378, 8.017823220000000e-02, -4.183025210000000e-02, 2.888702391151239e-01, 0.000000000000000e+00, 0.000000000000000e+00, 4.809769734916416e+04, 1.000000000000000e-10, 1.666879232247867e+09
379, 8.313435769999999e-02, -4.231964410000000e-02, 2.893526603255813e-01, 0.000000000000000e+00, 0.000000000000000e+00, 4.808823822987761e+04, 1.000000000000000e-10, 1.661560169801715e+09
380, 8.609333900000000e-02, -4.279148640000000e-02, 2.900061374829147e-01, 0.000000000000000e+00, 0.000000000000000e+00, 4.811980285138579e+04, 1.000000000000000e-10, 1.655634985539494e+09
381, 8.905390220000001e-02, -4.325331250000000e-02, 2.908000191167822e-01, 0.000000000000000e+00, 0.000000000000000e+00, 4.821721485249529e+04, 1.000000000000000e-10, 1.650119459897778e+09
382, 9.201521220000000e-02, -4.371032730000000e-02, 2.918815564031724e-01, 0.000000000000000e+00, 0.000000000000000e+00, 4.840015195081960e+04, 1.000000000000000e-10, 1.644106036368905e+09
383, 9.497777180000000e-02, -4.415916550000000e-02, 2.934370574781509e-01, 0.000000000000000e+00, 0.000000000000000e+00, 4.868407155344346e+04, 1.000000000000000e-10, 1.636114983563001e+09
384, 9.794161960000000e-02, -4.459941640000000e-02, 2.952501364211503e-01, 0.000000000000000e+00, 0.000000000000000e+00, 4.901032240410621e+04, 1.000000000000000e-10, 1.626763083475101e+09
385, 1.009067324000000e-01, -4.503106510000000e-02, 2.969324847570307e-01, 0.000000000000000e+00, 0.000000000000000e+00, 4.930524134343320e+04, 1.000000000000000e-10, 1.617966740601456e+09
386, 1.038730870000000e-01, -4.545409720000000e-02, 2.982573808256693e-01, 0.000000000000000e+00, 0.000000000000000e+00, 4.953530607991188e+04, 1.000000000000000e-10, 1.611026282501563e+09
387, 1.068406597000000e-01, -4.586849830000000e-02, 2.991571400253750e-01, 0.000000000000000e+00, 0.000000000000000e+00, 4.969190470599318e+04, 1.000000000000000e-10, 1.606371484105641e+09
388, 1.098094267000000e-01, -4.627425440000000e-02, 2.996463129094188e-01, 0.000000000000000e+00, 0.000000000000000e+00, 4.977797700725192e+04, 1.000000000000000e-10, 1.603881230074653e+09
389, 1.127793642000000e-01, -4.667135170000000e-02, 2.998089864442798e-01, 0.000000000000000e+00, 0.000000000000000e+00, 4.980751948926340e+04, 1.000000000000000e-10, 1.603077690820833e+09
390, 1.157504483000000e-01, -4.705977670000000e-02, 2.998158406387365e-01, 0.000000000000000e+00, 0.000000000000000e+00, 4.980874355756184e+04, 1.000000000000000e-10, 1.603073918420503e+09
391, 1.187226550000000e-01, -4.743951610000000e-02, 2.996932207048634e-01, 0.000000000000000e+00, 0.000000000000000e+00, 4.978496329863147e+04, 1.000000000000000e-10, 1.603639449056816e+09
392, 1.216959602000000e-01, -4.781055690000000e-02, 2.993104676173509e-01, 0.000000000000000e+00, 0.000000000000000e+00, 4.971306942425002e+04, 1.000000000000000e-10, 1.605467453744325e+09
393, 1.246703396000000e-01, -4.817288640000000e-02, 2.986292997184317e-01, 0.000000000000000e+00, 0.000000000000000e+00, 4.958552367540068e+04, 1.000000000000000e-10, 1.608753717140873e+09
394, 1.276457687000000e-01, -4.852649220000000e-02, 2.977013226846142e-01, 0.000000000000000e+00, 0.000000000000000e+00, 4.941016417502659e+04, 1.000000000000000e-10, 1.613196747541401e+09
395, 1.306222230000000e-01, -4.887136210000000e-02, 2.966252620759026e-01, 0.000000000000000e+00, 0.000000000000000e+00, 4.920217705484010e+04, 1.000000000000000e-10, 1.618247877282490e+09
396, 1.335996778000000e-01, -4.920748410000000e-02, 2.955042909774936e-01, 0.000000000000000e+00, 0.000000000000000e+00, 4.897598351858010e+04, 1.000000000000000e-10, 1.623257826678879e+09
397, 1.365781084000000e-01, -4.953484670000000e-02, 2.944246050915218e-01, 0.000000000000000e+00, 0.000000000000000e+00, 4.874217022919048e+04, 1.000000000000000e-10, 1.627701631044576e+09
398, 1.395574899000000e-01, -4.985343850000000e-02, 2.934730338580515e-01, 0.000000000000000e+00, 0.000000000000000e+00, 4.851355285721143e+04, 1.000000000000000e-10, 1.631010782961740e+09
399, 1.425377974000000e-01, -5.016324850000000e-02, 2.927429452940801e-01, 0.000000000000000e+00, 0.000000000000000e+00, 4.831113859152999e+04, 1.000000000000000e-10, 1.632850536800900e+09
400, 1.455190058000000e-01, -5.046426590000000e-02, 2.922981339215959e-01, 0.000000000000000e+00, 0.000000000000000e+00, 4.816163784031565e+04, 1.000000000000000e-10, 1.633208011990741e+09
401, 1.485010900000000e-01, -5.075648020000000e-02, 2.920970267788821e-01, 0.000000000000000e+00, 0.000000000000000e+00, 4.807304670554119e+04, 1.000000000000000e-10, 1.632784294872216e+09
402, 1.514841115000000e-01, -5.103895140000000e-02, 2.922156673561723e-01, 0.000000000000000e+00, 0.000000000000000e+00, 4.804110950287452e+04, 1.000000000000000e-10, 1.630680240824770e+09
403, 1.544682859000000e-01, -5.130898220000000e-02, 2.926579048156111e-01, 0.000000000000000e+00, 0.000000000000000e+00, 4.804113767268952e+04, 1.000000000000000e-10, 1.626203457034878e+09
404, 1.574529831000000e-01, -5.157318600000000e-02, 2.931733765428067e-01, 0.000000000000000e+00, 0.000000000000000e+00, 4.805190145033524e+04, 1.000000000000000e-10, 1.621286961974117e+09
405, 1.604374954000000e-01, -5.183946610000000e-02, 2.934268264225273e-01, 0.000000000000000e+00, 0.000000000000000e+00, 4.806152658554868e+04, 1.000000000000000e-10, 1.618929804671845e+09
406, 1.634214633000000e-01, -5.211178220000000e-02, 2.934225533703949e-01, 0.000000000000000e+00, 0.000000000000000e+00, 4.805798807003069e+04, 1.000000000000000e-10, 1.618874396366311e+09
407, 1.664054524000000e-01, -5.238386490000000e-02, 2.932314483382236e-01, 0.000000000000000e+00, 0.000000000000000e+00, 4.803641478284640e+04, 1.000000000000000e-10, 1.620191711732431e+09
408, 1.693901711000000e-01, -5.264780400000000e-02, 2.926499809871739e-01, 0.000000000000000e+00, 0.000000000000000e+00, 4.793790990251102e+04, 1.000000000000000e-10, 1.623354160963945e+09
409, 1.723759785000000e-01, -5.289913550000000e-02, 2.918856260934269e-01, 0.000000000000000e+00, 0.000000000000000e+00, 4.778152857255563e+04, 1.000000000000000e-10, 1.626739648222776e+09
410, 1.753625325000000e-01, -5.314143690000000e-02, 2.912604796426437e-01, 0.000000000000000e+00, 0.000000000000000e+00, 4.763414575784167e+04, 1.000000000000000e-10, 1.628958498279407e+09
411, 1.783497926000000e-01, -5.337487290000000e-02, 2.909034938129541e-01, 0.000000000000000e+00, 0.000000000000000e+00, 4.753456463172088e+04, 1.000000000000000e-10, 1.629791763456690e+09
412, 1.813377897000000e-01, -5.359866430000000e-02, 2.909670455705166e-01, 0.000000000000000e+00, 0.000000000000000e+00, 4.749746266432893e+04, 1.000000000000000e-10, 1.628090362383643e+09
413, 1.843267059000000e-01, -5.380983240000000e-02, 2.914477476705248e-01, 0.000000000000000e+00, 0.000000000000000e+00, 4.750310326473276e+04, 1.000000000000000e-10, 1.623327430184567e+09
414, 1.873160581000000e-01, -5.401475910000000e-02, 2.920576301941689e-01, 0.000000000000000e+00, 0.000000000000000e+00, 4.753111265142501e+04, 1.000000000000000e-10, 1.617927366889419e+09
415, 1.903052907000000e-01, -5.422141550000000e-02, 2.924688020579277e-01, 0.000000000000000e+00, 0.000000000000000e+00, 4.757231218384478e+04, 1.000000000000000e-10, 1.614894142878463e+09
416, 1.932940919000000e-01, -5.443422470000000e-02, 2.926576841730806e-01, 0.000000000000000e+00, 0.000000000000000e+00, 4.760485455964033e+04, 1.000000000000000e-10, 1.613922058506825e+09
417, 1.962828856000000e-01, -5.464713860000000e-02, 2.929056061351203e-01, 0.000000000000000e+00, 0.000000000000000e+00, 4.766766794878079e+04, 1.000000000000000e-10, 1.613223470508278e+09
418, 1.992722277000000e-01, -5.485218440000000e-02, 2.930203926759911e-01, 0.000000000000000e+00, 0.000000000000000e+00, 4.769767893064450e+04, 1.000000000000000e-10, 1.612908535670782e+09
419, 2.022625407000000e-01, -5.504252520000000e-02, 2.934217835177738e-01, 0.000000000000000e+00, 0.000000000000000e+00, 4.773300727522605e+04, 1.000000000000000e-10, 1.609854901836524e+09
420, 2.052535799000000e-01, -5.522113260000000e-02, 2.942375695268368e-01, 0.000000000000000e+00, 0.000000000000000e+00, 4.780661862641907e+04, 1.000000000000000e-10, 1.603741261536091e+09
421, 2.082448433000000e-01, -5.539596050000000e-02, 2.952681153436617e-01, 0.000000000000000e+00, 0.000000000000000e+00, 4.793165463575116e+04, 1.000000000000000e-10, 1.596926161901772e+09
422, 2.112359078000000e-01, -5.557415450000000e-02, 2.962925566980496e-01, 0.000000000000000e+00, 0.000000000000000e+00, 4.808873177798902e+04, 1.000000000000000e-10, 1.591195041543586e+09
423, 2.142268969000000e-01, -5.575361380000000e-02, 2.971355599298495e-01, 0.000000000000000e+00, 0.000000000000000e+00, 4.822297214050969e+04, 1.000000000000000e-10, 1.586631904476620e+09
424, 2.172178860000000e-01, -5.593307320000000e-02, 2.982044768022941e-01, 0.000000000000000e+00, 0.000000000000000e+00, 4.841526315460684e+04, 1.000000000000000e-10, 1.581473683194350e+09
425, 2.202088738000000e-01, -5.611255380000000e-02, 2.986642369721653e-01, 0.000000000000000e+00, 0.000000000000000e+00, 4.851980135273236e+04, 1.000000000000000e-10, 1.579845049021485e+09
426, 2.231996539000000e-01, -5.629546030000000e-02, 2.985209800584351e-01, 0.000000000000000e+00, 0.000000000000000e+00, 4.853599783620268e+04, 1.000000000000000e-10, 1.581670620094069e+09
427, 2.261904122000000e-01, -5.647872410000000e-02, 2.984614741106333e-01, 0.000000000000000e+00, 0.000000000000000e+00, 4.857948466751175e+04, 1.000000000000000e-10, 1.583420004615642e+09
428, 2.291816271000000e-01, -5.665434720000000e-02, 2.983465227565882e-01, 0.000000000000000e+00, 0.000000000000000e+00, 4.858467643170630e+04, 1.000000000000000e-10, 1.584640334772931e+09
429, 2.321736636000000e-01, -5.681534020000000e-02, 2.984942477443189e-01, 0.000000000000000e+00, 0.000000000000000e+00, 4.859315848981435e+04, 1.000000000000000e-10, 1.583484245093274e+09
430, 2.351663232000000e-01, -5.696435160000000e-02, 2.988892033344552e-01, 0.000000000000000e+00, 0.000000000000000e+00, 4.861551002371310e+04, 1.000000000000000e-10, 1.580263715506820e+09
431, 2.381591812000000e-01, -5.710934150000000e-02, 2.993217226997511e-01, 0.000000000000000e+00, 0.000000000000000e+00, 4.865476185394824e+04, 1.000000000000000e-10, 1.577103727611374e+09
432, 2.411518497000000e-01, -5.725817950000000e-02, 2.996045902189161e-01, 0.000000000000000e+00, 0.000000000000000e+00, 4.869906626014923e+04, 1.000000000000000e-10, 1.575569853760366e+09
433, 2.441442544000000e-01, -5.741224130000000e-02, 2.996685957038558e-01, 0.000000000000000e+00, 0.000000000000000e+00, 4.873154100385408e+04, 1.000000000000000e-10, 1.575824051598638e+09
434, 2.471367698000000e-01, -5.756413020000000e-02, 2.995376223388064e-01, 0.000000000000000e+00, 0.000000000000000e+00, 4.874633704702957e+04, 1.000000000000000e-10, 1.577468249169661e+09
435, 2.501297829000000e-01, -5.770582350000000e-02, 2.994391210269000e-01, 0.000000000000000e+00, 0.000000000000000e+00, 4.874617280297163e+04, 1.000000000000000e-10, 1.578412237384026e+09
436, 2.531234770000000e-01, -5.783232400000000e-02, 2.995777921732751e-01, 0.000000000000000e+00, 0.000000000000000e+00, 4.874330561826617e+04, 1.000000000000000e-10, 1.577026472776035e+09
437, 2.561175599000000e-01, -5.794931300000000e-02, 2.998720545601831e-01, 0.000000000000000e+00, 0.000000000000000e+00, 4.874116625862242e+04, 1.000000000000000e-10, 1.574142199736173e+09
438, 2.591117003000000e-01, -5.806482750000000e-02, 3.000962549990490e-01, 0.000000000000000e+00, 0.000000000000000e+00, 4.874375832693482e+04, 1.000000000000000e-10, 1.572043112869837e+09
439, 2.621056177000000e-01, -5.818597470000000e-02, 3.001227864199096e-01, 0.000000000000000e+00, 0.000000000000000e+00, 4.874208229074475e+04, 1.000000000000000e-10, 1.571744357637058e+09
440, 2.650994034000000e-01, -5.831034790000000e-02, 2.998991322054658e-01, 0.000000000000000e+00, 0.000000000000000e+00, 4.872423113963207e+04, 1.000000000000000e-10, 1.573441088261928e+09
441, 2.680933813000000e-01, -5.842997970000000e-02, 2.994928178597044e-01, 0.000000000000000e+00, 0.000000000000000e+00, 4.867723600561148e+04, 1.000000000000000e-10, 1.576085467330588e+09
442, 2.710878355000000e-01, -5.853695520000000e-02, 2.990776520232648e-01, 0.000000000000000e+00, 0.000000000000000e+00, 4.860545507824719e+04, 1.000000000000000e-10, 1.578136271322342e+09
443, 2.740827683000000e-01, -5.862963070000000e-02, 2.989275848196671e-01, 0.000000000000000e+00, 0.000000000000000e+00, 4.853654694652886e+04, 1.000000000000000e-10, 1.577735040498595e+09
444, 2.770779096000000e-01, -5.871535910000000e-02, 2.989256049037881e-01, 0.000000000000000e+00, 0.000000000000000e+00, 4.846696712743775e+04, 1.000000000000000e-10, 1.575880936583738e+09
445, 2.800730188000000e-01, -5.880219320000000e-02, 2.989718992779297e-01, 0.000000000000000e+00, 0.000000000000000e+00, 4.843524110396425e+04, 1.000000000000000e-10, 1.574532191592378e+09
446, 2.830679396000000e-01, -5.889530050000000e-02, 2.987249645876110e-01, 0.000000000000000e+00, 0.000000000000000e+00, 4.838362382730479e+04, 1.000000000000000e-10, 1.575530927094089e+09
447, 2.860628383000000e-01, -5.898912130000000e-02, 2.984310265240822e-01, 0.000000000000000e+00, 0.000000000000000e+00, 4.834794365132734e+04, 1.000000000000000e-10, 1.577450324657497e+09
448, 2.890579563000000e-01, -5.907560330000000e-02, 2.980104296575748e-01, 0.000000000000000e+00, 0.000000000000000e+00, 4.828800504503991e+04, 1.000000000000000e-10, 1.579908130819363e+09
449, 2.920534568000000e-01, -5.914755270000000e-02, 2.978881762912460e-01, 0.000000000000000e+00, 0.000000000000000e+00, 4.823888479305393e+04, 1.000000000000000e-10, 1.579724848572351e+09
450, 2.950492307000000e-01, -5.920717250000000e-02, 2.981900314543527e-01, 0.000000000000000e+00, 0.000000000000000e+00, 4.822366078898745e+04, 1.000000000000000e-10, 1.576394211520483e+09
451, 2.980450890000000e-01, -5.926243910000000e-02, 2.986677161609515e-01, 0.000000000000000e+00, 0.000000000000000e+00, 4.824069167281436e+04, 1.000000000000000e-10, 1.572246135293559e+09
452, 3.010408880000000e-01, -5.932081780000000e-02, 2.991008258132875e-01, 0.000000000000000e+00, 0.000000000000000e+00, 4.828198058901463e+04, 1.000000000000000e-10, 1.569212045887367e+09
453, 3.040366569000000e-01, -5.938073310000000e-02, 2.994433022591563e-01, 0.000000000000000e+00, 0.000000000000000e+00, 4.832528021437649e+04, 1.000000000000000e-10, 1.567095061391060e+09
454, 3.070324259000000e-01, -5.944064850000000e-02, 2.997045522763798e-01, 0.000000000000000e+00, 0.000000000000000e+00, 4.836437011658943e+04, 1.000000000000000e-10, 1.565660379145952e+09
455, 3.100281949000000e-01, -5.950056430000000e-02, 2.998226880921842e-01, 0.000000000000000e+00, 0.000000000000000e+00, 4.838949596660965e+04, 1.000000000000000e-10, 1.565206083215534e+09
456, 3.130238981000000e-01, -5.956366740000000e-02, 2.996163209546459e-01, 0.000000000000000e+00, 0.000000000000000e+00, 4.837608653693339e+04, 1.000000000000000e-10, 1.566818542105888e+09
457, 3.160195838000000e-01, -5.962760330000000e-02, 2.990866364238826e-01, 0.000000000000000e+00, 0.000000000000000e+00, 4.831989654564396e+04, 1.000000000000000e-10, 1.570344831019313e+09
458, 3.190154135000000e-01, -5.968430950000000e-02, 2.985088689319476e-01, 0.000000000000000e+00, 0.000000000000000e+00, 4.823853729842033e+04, 1.000000000000000e-10, 1.573741684719340e+09
459, 3.220114804000000e-01, -5.972653310000000e-02, 2.982829913866046e-01, 0.000000000000000e+00, 0.000000000000000e+00, 4.817491357636711e+04, 1.000000000000000e-10, 1.574229931979927e+09
460, 3.250076994000000e-01, -5.975631740000000e-02, 2.984962089467756e-01, 0.000000000000000e+00, 0.000000000000000e+00, 4.815518773993172e+04, 1.000000000000000e-10, 1.571639769043171e+09
461, 3.280039605000000e-01, -5.978163410000000e-02, 2.988378146439298e-01, 0.000000000000000e+00, 0.000000000000000e+00, 4.817260094533466e+04, 1.000000000000000e-10, 1.568769498743167e+09
462, 3.310001939000000e-01, -5.981000190000000e-02, 2.991891791828099e-01, 0.000000000000000e+00, 0.000000000000000e+00, 4.822350610288422e+04, 1.000000000000000e-10, 1.566772593461034e+09
463, 3.339964122000000e-01, -5.983996410000000e-02, 2.995688858375170e-01, 0.000000000000000e+00, 0.000000000000000e+00, 4.830074665929339e+04, 1.000000000000000e-10, 1.565195349574141e+09
464, 3.369926304000000e-01, -5.986992630000000e-02, 2.998177391014397e-01, 0.000000000000000e+00, 0.000000000000000e+00, 4.836634340508023e+04, 1.000000000000000e-10, 1.564617255215343e+09
465, 3.399888487000000e-01, -5.989988850000000e-02, 2.998084104438363e-01, 0.000000000000000e+00, 0.000000000000000e+00, 4.839402884958674e+04, 1.000000000000000e-10, 1.565449043615942e+09
466, 3.429850337000000e-01, -5.993297570000000e-02, 2.995189695114135e-01, 0.000000000000000e+00, 0.000000000000000e+00, 4.838842006810952e+04, 1.000000000000000e-10, 1.568106410343761e+09
467, 3.459812085000000e-01, -5.996700070000000e-02, 2.990053629631551e-01, 0.000000000000000e+00, 0.000000000000000e+00, 4.835066725553915e+04, 1.000000000000000e-10, 1.572018868034972e+09
468, 3.489774541000000e-01, -5.999389510000000e-02, 2.984441586102161e-01, 0.000000000000000e+00, 0.000000000000000e+00, 4.828229181612097e+04, 1.000000000000000e-10, 1.575550675617313e+09
469, 3.519737926000000e-01, -6.000635760000000e-02, 2.981112854403703e-01, 0.000000000000000e+00, 0.000000000000000e+00, 4.821219267385868e+04, 1.000000000000000e-10, 1.576842747844584e+09
470, 3.549701596000000e-01, -6.000628710000000e-02, 2.981416004667087e-01, 0.000000000000000e+00, 0.000000000000000e+00, 4.816939584646721e+04, 1.000000000000000e-10, 1.575389397942461e+09
471, 3.579665241000000e-01, -6.000164710000000e-02, 2.983372256620720e-01, 0.000000000000000e+00, 0.000000000000000e+00, 4.815712901505268e+04, 1.000000000000000e-10, 1.573170150680067e+09
472, 3.609628912000000e-01, -6.000041890000000e-02, 2.984057553736167e-01, 0.000000000000000e+00, 0.000000000000000e+00, 4.815895962191220e+04, 1.000000000000000e-10, 1.572558905728500e+09
473, 3.639592561000000e-01, -6.000473460000000e-02, 2.982964796969609e-01, 0.000000000000000e+00, 0.000000000000000e+00, 4.816098562011577e+04, 1.000000000000000e-10, 1.573667740621418e+09
474, 3.669556225000000e-01, -6.000736450000000e-02, 2.980695836383100e-01, 0.000000000000000e+00, 0.000000000000000e+00, 4.815656447154361e+04, 1.000000000000000e-10, 1.575737678043983e+09
475, 3.699519795000000e-01, -6.000023780000000e-02, 2.979131705600201e-01, 0.000000000000000e+00, 0.000000000000000e+00, 4.814530162440258e+04, 1.000000000000000e-10, 1.576945341291747e+09
476, 3.729482611000000e-01, -5.997784780000000e-02, 2.980639689451542e-01, 0.000000000000000e+00, 0.000000000000000e+00, 4.814380792018781e+04, 1.000000000000000e-10, 1.575441223204707e+09
477, 3.759444535000000e-01, -5.994544400000000e-02, 2.984942355654494e-01, 0.000000000000000e+00, 0.000000000000000e+00, 4.816640588194584e+04, 1.000000000000000e-10, 1.571900384754136e+09
478, 3.789406246000000e-01, -5.991109540000000e-02, 2.989160411190852e-01, 0.000000000000000e+00, 0.000000000000000e+00, 4.820803643812756e+04, 1.000000000000000e-10, 1.568927043459113e+09
479, 3.819368521000000e-01, -5.988214390000000e-02, 2.993264946626931e-01, 0.000000000000000e+00, 0.000000000000000e+00, 4.827683350077917e+04, 1.000000000000000e-10, 1.566891071757871e+09
480, 3.849331132000000e-01, -5.985683420000000e-02, 2.997007307431922e-01, 0.000000000000000e+00, 0.000000000000000e+00, 4.836515320529339e+04, 1.000000000000000e-10, 1.565744412536560e+09
481, 3.879293339000000e-01, -5.982721620000000e-02, 3.000821125846402e-01, 0.000000000000000e+00, 0.000000000000000e+00, 4.846179956783513e+04, 1.000000000000000e-10, 1.564694239108438e+09
482, 3.909254052000000e-01, -5.978530220000000e-02, 3.008408749659338e-01, 0.000000000000000e+00, 0.000000000000000e+00, 4.860016203886583e+04, 1.000000000000000e-10, 1.561130224121271e+09
483, 3.939212391000000e-01, -5.972882000000000e-02, 3.023864811095678e-01, 0.000000000000000e+00, 0.000000000000000e+00, 4.885787701800281e+04, 1.000000000000000e-10, 1.553392556512789e+09
484, 3.969169262000000e-01, -5.966494890000000e-02, 3.052020919045022e-01, 0.000000000000000e+00, 0.000000000000000e+00, 4.935490194502065e+04, 1.000000000000000e-10, 1.540150835838208e+09
485, 3.999126274000000e-01, -5.960175120000000e-02, 3.095409016353787e-01, 0.000000000000000e+00, 0.000000000000000e+00, 5.019042935368407e+04, 1.000000000000000e-10, 1.521847863008518e+09
486, 4.029083963000000e-01, -5.954183210000000e-02, 3.156583241660448e-01, 0.000000000000000e+00, 0.000000000000000e+00, 5.146189099022045e+04, 1.000000000000000e-10, 1.499130001151825e+09
487, 4.059041653000000e-01, -5.948191670000000e-02, 3.243757484256743e-01, 0.000000000000000e+00, 0.000000000000000e+00, 5.334970700507073e+04, 1.000000000000000e-10, 1.469480898637824e+09
488, 4.088999342000000e-01, -5.942200130000000e-02, 3.342799242310907e-01, 0.000000000000000e+00, 0.000000000000000e+00, 5.556232282026872e+04, 1.000000000000000e-10, 1.438404489670199e+09
489, 4.118957316000000e-01, -5.936354160000000e-02, 3.425046075420564e-01, 0.000000000000000e+00, 0.000000000000000e+00, 5.747990460170801e+04, 1.000000000000000e-10, 1.414996163768560e+09
490, 4.148915900000000e-01, -5.930827980000000e-02, 3.482406779686613e-01, 0.000000000000000e+00, 0.000000000000000e+00, 5.884924835017669e+04, 1.000000000000000e-10, 1.399624962933019e+09
491, 4.178873672000000e-01, -5.924882410000000e-02, 3.512912386214978e-01, 0.000000000000000e+00, 0.000000000000000e+00, 5.954383605015574e+04, 1.000000000000000e-10, 1.390899931286273e+09
492, 4.208828751000000e-01, -5.917718310000000e-02, 3.520491486355258e-01, 0.000000000000000e+00, 0.000000000000000e+00, 5.969440178258597e+04, 1.000000000000000e-10, 1.388359545736663e+09
493, 4.238779996000000e-01, -5.909092720000000e-02, 3.517614753073524e-01, 0.000000000000000e+00, 0.000000000000000e+00, 5.958860623592834e+04, 1.000000000000000e-10, 1.388395547738735e+09
494, 4.268729004000000e-01, -5.899717340000000e-02, 3.507429450426011e-01, 0.000000000000000e+00, 0.000000000000000e+00, 5.929898454741102e+04, 1.000000000000000e-10, 1.390179930250621e+09
495, 4.298678186000000e-01, -5.890397410000000e-02, 3.487040149813575e-01, 0.000000000000000e+00, 0.000000000000000e+00, 5.878066155853197e+04, 1.000000000000000e-10, 1.394933549456083e+09
496, 4.328629246000000e-01, -5.881703720000000e-02, 3.455872548830007e-01, 0.000000000000000e+00, 0.000000000000000e+00, 5.804394215817588e+04, 1.000000000000000e-10, 1.403325170957529e+09
497, 4.358580675000000e-01, -5.873136490000000e-02, 3.413114765996415e-01, 0.000000000000000e+00, 0.000000000000000e+00, 5.708419181723621e+04, 1.000000000000000e-10, 1.415977355233292e+09
498, 4.388530070000000e-01, -5.863890460000000e-02, 3.365683769573873e-01, 0.000000000000000e+00, 0.000000000000000e+00, 5.603360273769538e+04, 1.000000000000000e-10, 1.430514999625128e+09
499, 4.418474723000000e-01, -5.853224060000000e-02, 3.324197619682718e-01, 0.000000000000000e+00, 0.000000000000000e+00, 5.508375618174048e+04, 1.000000000000000e-10, 1.442766462733128e+09
500, 4.448414571000000e-01, -5.841278340000000e-02, 3.291265654072137e-01, 0.000000000000000e+00, 0.000000000000000e+00, 5.429096005679916e+04, 1.000000000000000e-10, 1.451783335573351e+09
501, 4.478352435000000e-01, -5.828842610000000e-02, 3.263308535693719e-01, 0.000000000000000e+00, 0.000000000000000e+00, 5.361188412769295e+04, 1.000000000000000e-10, 1.459329663285389e+09
502, 4.508291556000000e-01, -5.816714900000000e-02, 3.239224755194945e-01, 0.000000000000000e+00, 0.000000000000000e+00, 5.305305039279893e+04, 1.000000000000000e-10, 1.466454275854252e+09
503, 4.538232940000000e-01, -5.805158270000000e-02, 3.216003303593625e-01, 0.000000000000000e+00, 0.000000000000000e+00, 5.255171029274908e+04, 1.000000000000000e-10, 1.474261353480277e+09
504, 4.568173812000000e-01, -5.793470060000000e-02, 3.193939992707763e-01, 0.000000000000000e+00, 0.000000000000000e+00, 5.208817282466066e+04, 1.000000000000000e-10, 1.482022735301762e+09
505, 4.598110864000000e-01, -5.780846580000000e-02, 3.174653500986073e-01, 0.000000000000000e+00, 0.000000000000000e+00, 5.168044354930706e+04, 1.000000000000000e-10, 1.488793028050764e+09
506, 4.628041128000000e-01, -5.766705430000000e-02, 3.158682487233678e-01, 0.000000000000000e+00, 0.000000000000000e+00, 5.132764741353544e+04, 1.000000000000000e-10, 1.494085496731902e+09
507, 4.657966345000000e-01, -5.751528910000000e-02, 3.145064284214275e-01, 0.000000000000000e+00, 0.000000000000000e+00, 5.100833797189176e+04, 1.000000000000000e-10, 1.498167793839222e+09
508, 4.687890375000000e-01, -5.736119260000000e-02, 3.130970271623947e-01, 0.000000000000000e+00, 0.000000000000000e+00, 5.069114357199997e+04, 1.000000000000000e-10, 1.502736083213943e+09
509, 4.717816992000000e-01, -5.721221950000000e-02, 3.115857402850940e-01, 0.000000000000000e+00, 0.000000000000000e+00, 5.037881148054781e+04, 1.000000000000000e-10, 1.508346456305153e+09
510, 4.747745571000000e-01, -5.706722820000000e-02, 3.100238107467274e-01, 0.000000000000000e+00, 0.000000000000000e+00, 5.007214017502425e+04, 1.000000000000000e-10, 1.514574563210886e+09
511, 4.777672246000000e-01, -5.691837390000000e-02, 3.083505339783800e-01, 0.000000000000000e+00, 0.000000000000000e+00, 4.974847351572681e+04, 1.000000000000000e-10, 1.521471675168714e+09
512, 4.807592922000000e-01, -5.675795070000000e-02, 3.067446634759183e-01, 0.000000000000000e+00, 0.000000000000000e+00, 4.942988160081580e+04, 1.000000000000000e-10, 1.527911361559310e+09
513, 4.837507599000000e-01, -5.658667410000000e-02, 3.052585203026227e-01, 0.000000000000000e+00, 0.000000000000000e+00, 4.911842823500402e+04, 1.000000000000000e-10, 1.533461592273158e+09
514, 4.867417038000000e-01, -5.640648100000000e-02, 3.039420309454363e-01, 0.000000000000000e+00, 0.000000000000000e+00, 4.881902291760548e+04, 1.000000000000000e-10, 1.537849470778137e+09
515, 4.897320976000000e-01, -5.621737780000000e-02, 3.028260615342308e-01, 0.000000000000000e+00, 0.000000000000000e+00, 4.853732348959872e+04, 1.000000000000000e-10, 1.540815925254350e+09
516, 4.927219151000000e-01, -5.601937110000000e-02, 3.019523087752470e-01, 0.000000000000000e+00, 0.000000000000000e+00, 4.828484380285725e+04, 1.000000000000000e-10, 1.542241262308331e+09
517, 4.957111300000000e-01, -5.581246800000000e-02, 3.013510150121120e-01, 0.000000000000000e+00, 0.000000000000000e+00, 4.807812564548447e+04, 1.000000000000000e-10, 1.542350283412401e+09
518, 4.986997164000000e-01, -5.559667590000000e-02, 3.009726704856705e-01, 0.000000000000000e+00, 0.000000000000000e+00, 4.791866764762234e+04, 1.000000000000000e-10, 1.541672314860378e+09
519, 5.016875582000000e-01, -5.537082560000000e-02, 3.009029185827857e-01, 0.000000000000000e+00, 0.000000000000000e+00, 4.781397409228793e+04, 1.000000000000000e-10, 1.539521494344511e+09
520, 5.046744459000000e-01, -5.513267300000000e-02, 3.011688243229572e-01, 0.000000000000000e+00, 0.000000000000000e+00, 4.775793102447803e+04, 1.000000000000000e-10, 1.535560773192731e+09
521, 5.076609077000001e-01, -5.488922320000000e-02, 3.015322743789933e-01, 0.000000000000000e+00, 0.000000000000000e+00, 4.771751069770623e+04, 1.000000000000000e-10, 1.531088295393497e+09
522, 5.106475810000000e-01, -5.464838960000000e-02, 3.018856602494644e-01, 0.000000000000000e+00, 0.000000000000000e+00, 4.769386043634808e+04, 1.000000000000000e-10, 1.527150141719437e+09
523, 5.136347221999999e-01, -5.441342690000000e-02, 3.021825423757700e-01, 0.000000000000000e+00, 0.000000000000000e+00, 4.768147829574798e+04, 1.000000000000000e-10, 1.524087704782659e+09
524, 5.166218002000000e-01, -5.417766240000000e-02, 3.024332517575778e-01, 0.000000000000000e+00, 0.000000000000000e+00, 4.766472727859871e+04, 1.000000000000000e-10, 1.521324774320760e+09
525, 5.196081732000000e-01, -5.393315480000000e-02, 3.028907565454726e-01, 0.000000000000000e+00, 0.000000000000000e+00, 4.767845538620286e+04, 1.000000000000000e-10, 1.517486183096307e+09
526, 5.225935011000000e-01, -5.367618930000000e-02, 3.038595647059782e-01, 0.000000000000000e+00, 0.000000000000000e+00, 4.780453574393607e+04, 1.000000000000000e-10, 1.511934159233576e+09
527, 5.255780483000000e-01, -5.341030860000000e-02, 3.062049385632391e-01, 0.000000000000000e+00, 0.000000000000000e+00, 4.822506117950707e+04, 1.000000000000000e-10, 1.501682525883582e+09
528, 5.285617956000001e-01, -5.313559520000000e-02, 3.110669932562253e-01, 0.000000000000000e+00, 0.000000000000000e+00, 4.917772556219568e+04, 1.000000000000000e-10, 1.482944110041725e+09
529, 5.315447173000000e-01, -5.285205880000000e-02, 3.192030695940276e-01, 0.000000000000000e+00, 0.000000000000000e+00, 5.086573193398282e+04, 1.000000000000000e-10, 1.454722482321720e+09
530, 5.345267882000000e-01, -5.255970920000000e-02, 3.305874966783563e-01, 0.000000000000000e+00, 0.000000000000000e+00, 5.331754094588838e+04, 1.000000000000000e-10, 1.418713669018097e+09
531, 5.375079829000000e-01, -5.225855670000000e-02, 3.433689760548349e-01, 0.000000000000000e+00, 0.000000000000000e+00, 5.614895203544982e+04, 1.000000000000000e-10, 1.381556103676880e+09
532, 5.404882648000000e-01, -5.194849960000000e-02, 3.553180261955525e-01, 0.000000000000000e+00, 0.000000000000000e+00, 5.880596788949065e+04, 1.000000000000000e-10, 1.348445458595221e+09
533, 5.434672252000000e-01, -5.162600380000000e-02, 3.633707292964108e-01, 0.000000000000000e+00, 0.000000000000000e+00, 6.054784068257891e+04, 1.000000000000000e-10, 1.325978316609350e+09
534, 5.464452645000000e-01, -5.129509310000000e-02, 3.671355474125401e-01, 0.000000000000000e+00, 0.000000000000000e+00, 6.128025786666063e+04, 1.000000000000000e-10, 1.314234058273027e+09
535, 5.494232392000000e-01, -5.096360040000000e-02, 3.682223227080884e-01, 0.000000000000000e+00, 0.000000000000000e+00, 6.144326456373708e+04, 1.000000000000000e-10, 1.309975540843501e+09
536, 5.524018620000000e-01, -5.063798680000000e-02, 3.682425145976895e-01, 0.000000000000000e+00, 0.000000000000000e+00, 6.139913497231482e+04, 1.000000000000000e-10, 1.309071292696264e+09
537, 5.553807501000000e-01, -5.031480440000000e-02, 3.677092912936833e-01, 0.000000000000000e+00, 0.000000000000000e+00, 6.122988568279227e+04, 1.000000000000000e-10, 1.309546906551258e+09
538, 5.583590480000000e-01, -4.998623770000000e-02, 3.665492900325936e-01, 0.000000000000000e+00, 0.000000000000000e+00, 6.093261523516393e+04, 1.000000000000000e-10, 1.311889876120151e+09
539, 5.613359734000000e-01, -4.964547060000000e-02, 3.655161138808459e-01, 0.000000000000000e+00, 0.000000000000000e+00, 6.065039954118141e+04, 1.000000000000000e-10, 1.313667441297659e+09
540, 5.643117559000000e-01, -4.929485250000000e-02, 3.649000420052190e-01, 0.000000000000000e+00, 0.000000000000000e+00, 6.044942175986183e+04, 1.000000000000000e-10, 1.314118042164613e+09
541, 5.672864971000000e-01, -4.893550630000000e-02, 3.648016247226105e-01, 0.000000000000000e+00, 0.000000000000000e+00, 6.034862082014408e+04, 1.000000000000000e-10, 1.312928195153105e+09
542, 5.702601725000001e-01, -4.856744460000000e-02, 3.651145750943419e-01, 0.000000000000000e+00, 0.000000000000000e+00, 6.032139625914515e+04, 1.000000000000000e-10, 1.310389019320409e+09
543, 5.732327578000000e-01, -4.819067990000000e-02, 3.656301589571445e-01, 0.000000000000000e+00, 0.000000000000000e+00, 6.032988074728451e+04, 1.000000000000000e-10, 1.307155249721330e+09
544, 5.762042288000000e-01, -4.780522520000000e-02, 3.663160521935023e-01, 0.000000000000000e+00, 0.000000000000000e+00, 6.037497059871906e+04, 1.000000000000000e-10, 1.303497205107042e+09
545, 5.791745615000000e-01, -4.741109350000000e-02, 3.671789811301424e-01, 0.000000000000000e+00, 0.000000000000000e+00, 6.046650383790131e+04, 1.000000000000000e-10, 1.299535328104905e+09
546, 5.821437317000000e-01, -4.700829840000000e-02, 3.682013132515505e-01, 0.000000000000000e+00, 0.000000000000000e+00, 6.060608375507756e+04, 1.000000000000000e-10, 1.295438826746193e+09
547, 5.851117156000000e-01, -4.659685360000000e-02, 3.693599574205756e-01, 0.000000000000000e+00, 0.000000000000000e+00, 6.078752209232770e+04, 1.000000000000000e-10, 1.291212644603203e+09
548, 5.880784894000000e-01, -4.617677290000000e-02, 3.706619578525668e-01, 0.000000000000000e+00, 0.000000000000000e+00, 6.100332012607787e+04, 1.000000000000000e-10, 1.286703549941545e+09
549, 5.910439602000001e-01, -4.574759280000000e-02, 3.721359916788699e-01, 0.000000000000000e+00, 0.000000000000000e+00, 6.124903870279468e+04, 1.000000000000000e-10, 1.281619129915216e+09
550, 5.940076158000001e-01, -4.530605300000000e-02, 3.737067138669073e-01, 0.000000000000000e+00, 0.000000000000000e+00, 6.150629170589871e+04, 1.000000000000000e-10, 1.276234202093017e+09
551, 5.969702442000000e-01, -4.485766250000000e-02, 3.753676339200218e-01, 0.000000000000000e+00, 0.000000000000000e+00, 6.178164119694653e+04, 1.000000000000000e-10, 1.270620872139332e+09
552, 5.999329905000000e-01, -4.441005360000000e-02, 3.767419219807992e-01, 0.000000000000000e+00, 0.000000000000000e+00, 6.201021693980601e+04, 1.000000000000000e-10, 1.265991514592227e+09
553, 6.028966429000000e-01, -4.396848360000000e-02, 3.781520678629157e-01, 0.000000000000000e+00, 0.000000000000000e+00, 6.226263759036230e+04, 1.000000000000000e-10, 1.261614595310133e+09
554, 6.058604630000000e-01, -4.352803920000000e-02, 3.794304278178739e-01, 0.000000000000000e+00, 0.000000000000000e+00, 6.250297222496240e+04, 1.000000000000000e-10, 1.257881069704814e+09
555, 6.088233068000000e-01, -4.308108430000000e-02, 3.808361947381182e-01, 0.000000000000000e+00, 0.000000000000000e+00, 6.276548166972187e+04, 1.000000000000000e-10, 1.253747610423662e+09
556, 6.117840715000000e-01, -4.262056990000000e-02, 3.823414793831832e-01, 0.000000000000000e+00, 0.000000000000000e+00, 6.303153186884210e+04, 1.000000000000000e-10, 1.249108445050061e+09
557, 6.147428891000000e-01, -4.214769180000000e-02, 3.839030550211982e-01, 0.000000000000000e+00, 0.000000000000000e+00, 6.329491116255173e+04, 1.000000000000000e-10, 1.244123861581350e+09
558, 6.177009164000000e-01, -4.166988860000000e-02, 3.854443119698063e-01, 0.000000000000000e+00, 0.000000000000000e+00, 6.355387684349097e+04, 1.000000000000000e-10, 1.239220766927997e+09
559, 6.206593651000000e-01, -4.119470460000000e-02, 3.869391556288884e-01, 0.000000000000000e+00, 0.000000000000000e+00, 6.381153162673902e+04, 1.000000000000000e-10, 1.234611667432174e+09
560, 6.236187181000000e-01, -4.072518330000000e-02, 3.883456641730277e-01, 0.000000000000000e+00, 0.000000000000000e+00, 6.406621448333019e+04, 1.000000000000000e-10, 1.230524630863582e+09
561, 6.265779548000000e-01, -4.025493070000000e-02, 3.895429942219426e-01, 0.000000000000000e+00, 0.000000000000000e+00, 6.429036649923507e+04, 1.000000000000000e-10, 1.227161390155209e+09
562, 6.295358580000000e-01, -3.977637300000000e-02, 3.907402133891864e-01, 0.000000000000000e+00, 0.000000000000000e+00, 6.451379550499932e+04, 1.000000000000000e-10, 1.223804430526074e+09
563, 6.324917848000000e-01, -3.928575100000000e-02, 3.919549183379044e-01, 0.000000000000000e+00, 0.000000000000000e+00, 6.473380484060300e+04, 1.000000000000000e-10, 1.220314017422635e+09
564, 6.354462727000000e-01, -3.878653410000000e-02, 3.931816357700438e-01, 0.000000000000000e+00, 0.000000000000000e+00, 6.495201649451115e+04, 1.000000000000000e-10, 1.216740017022693e+09
565, 6.383993153000000e-01, -3.827883870000000e-02, 3.944272575746663e-01, 0.000000000000000e+00, 0.000000000000000e+00, 6.516964024105645e+04, 1.000000000000000e-10, 1.213079306405744e+09
566, 6.413507560000000e-01, -3.776191640000000e-02, 3.957147119368006e-01, 0.000000000000000e+00, 0.000000000000000e+00, 6.538997307113349e+04, 1.000000000000000e-10, 1.209233336537710e+09
567, 6.443000666000001e-01, -3.723297330000000e-02, 3.970652705090873e-01, 0.000000000000000e+00, 0.000000000000000e+00, 6.561302682298521e+04, 1.000000000000000e-10, 1.205124749676520e+09
568, 6.472482997000000e-01, -3.669805020000000e-02, 3.983835700949693e-01, 0.000000000000000e+00, 0.000000000000000e+00, 6.582578158674660e+04, 1.000000000000000e-10, 1.201076068060030e+09
569, 6.501967952000000e-01, -3.616457690000000e-02, 3.996369701021553e-01, 0.000000000000000e+00, 0.000000000000000e+00, 6.603007075032598e+04, 1.000000000000000e-10, 1.197267046175897e+09
570, 6.531457706000000e-01, -3.563376130000000e-02, 4.008238151770715e-01, 0.000000000000000e+00, 0.000000000000000e+00, 6.622489729481412e+04, 1.000000000000000e-10, 1.193703054771442e+09
571, 6.560947461000000e-01, -3.510294570000000e-02, 4.020787735292682e-01, 0.000000000000000e+00, 0.000000000000000e+00, 6.643812496682450e+04, 1.000000000000000e-10, 1.190053770876878e+09
572, 6.590437216000000e-01, -3.457213010000000e-02, 4.030347618059823e-01, 0.000000000000000e+00, 0.000000000000000e+00, 6.659627942053392e+04, 1.000000000000000e-10, 1.187232874786389e+09
573, 6.619929736000000e-01, -3.404285490000000e-02, 4.040248978382784e-01, 0.000000000000000e+00, 0.000000000000000e+00, 6.676712994517978e+04, 1.000000000000000e-10, 1.184429236645523e+09
574, 6.649427455000000e-01, -3.351648340000000e-02, 4.049957222681024e-01, 0.000000000000000e+00, 0.000000000000000e+00, 6.694273795288484e+04, 1.000000000000000e-10, 1.181810770722457e+09
575, 6.678917876000000e-01, -3.298604320000000e-02, 4.059439695977379e-01, 0.000000000000000e+00, 0.000000000000000e+00, 6.711705001223196e+04, 1.000000000000000e-10, 1.179300703478237e+09
576, 6.708387459000000e-01, -3.244415800000000e-02, 4.069530911865896e-01, 0.000000000000000e+00, 0.000000000000000e+00, 6.729378817056384e+04, 1.000000000000000e-10, 1.176518922639860e+09
577, 6.737831424000000e-01, -3.188851370000000e-02, 4.080453874057640e-01, 0.000000000000000e+00, 0.000000000000000e+00, 6.747329777683606e+04, 1.000000000000000e-10, 1.173352760557225e+09
578, 6.767261656000000e-01, -3.132563310000000e-02, 4.092034086293204e-01, 0.000000000000000e+00, 0.000000000000000e+00, 6.766200335066381e+04, 1.000000000000000e-10, 1.169992610534536e+09
579, 6.796692174000000e-01, -3.076290160000000e-02, 4.102358355687710e-01, 0.000000000000000e+00, 0.000000000000000e+00, 6.783140978259662e+04, 1.000000000000000e-10, 1.167017521452606e+09
580, 6.826129130000000e-01, -3.020354650000000e-02, 4.113172007963776e-01, 0.000000000000000e+00, 0.000000000000000e+00, 6.802064765818516e+04, 1.000000000000000e-10, 1.164096566684566e+09
581, 6.855566182000000e-01, -2.964424250000000e-02, 4.122977421464517e-01, 0.000000000000000e+00, 0.000000000000000e+00, 6.820018673943820e+04, 1.000000000000000e-10, 1.161549666321925e+09
582, 6.885003235000000e-01, -2.908493850000000e-02, 4.131929455619847e-01, 0.000000000000000e+00, 0.000000000000000e+00, 6.837104849186837e+04, 1.000000000000000e-10, 1.159351363046509e+09
583, 6.914440287000000e-01, -2.852563450000000e-02, 4.140653333198559e-01, 0.000000000000000e+00, 0.000000000000000e+00, 6.854106584232919e+04, 1.000000000000000e-10, 1.157265686442488e+09
584, 6.943877340000000e-01, -2.796633050000000e-02, 4.148851041604122e-01, 0.000000000000000e+00, 0.000000000000000e+00, 6.869837477535265e+04, 1.000000000000000e-10, 1.155278389609810e+09
585, 6.973314392000000e-01, -2.740702650000000e-02, 4.158090113795664e-01, 0.000000000000000e+00, 0.000000000000000e+00, 6.887338831704928e+04, 1.000000000000000e-10, 1.153015161295189e+09
586, 7.002751444999999e-01, -2.684772250000000e-02, 4.166545335823926e-01, 0.000000000000000e+00, 0.000000000000000e+00, 6.903063007695042e+04, 1.000000000000000e-10, 1.150911388831780e+09
587, 7.032188497000000e-01, -2.628841850000000e-02, 4.174599502562286e-01, 0.000000000000000e+00, 0.000000000000000e+00, 6.917692965333290e+04, 1.000000000000000e-10, 1.148866775374292e+09
588, 7.061625550000000e-01, -2.572911460000000e-02, 4.183601963681642e-01, 0.000000000000000e+00, 0.000000000000000e+00, 6.934114062748941e+04, 1.000000000000000e-10, 1.146644331520508e+09
589, 7.091062603000000e-01, -2.516981060000000e-02, 4.191731050663998e-01, 0.000000000000000e+00, 0.000000000000000e+00, 6.948772269544072e+04, 1.000000000000000e-10, 1.144581299847600e+09
590, 7.120499655000000e-01, -2.461050660000000e-02, 4.199478283914226e-01, 0.000000000000000e+00, 0.000000000000000e+00, 6.962570002261850e+04, 1.000000000000000e-10, 1.142598791041805e+09
591, 7.149936708000000e-01, -2.405120260000000e-02, 4.207909144263372e-01, 0.000000000000000e+00, 0.000000000000000e+00, 6.977779028067116e+04, 1.000000000000000e-10, 1.140475163510031e+09
592, 7.179373760000000e-01, -2.349189860000000e-02, 4.215374465516800e-01, 0.000000000000000e+00, 0.000000000000000e+00, 6.991105595413398e+04, 1.000000000000000e-10, 1.138582412406879e+09
593, 7.208810812999999e-01, -2.293259460000000e-02, 4.222567804800405e-01, 0.000000000000000e+00, 0.000000000000000e+00, 7.003839500101100e+04, 1.000000000000000e-10, 1.136750203772995e+09
594, 7.238247865000000e-01, -2.237329060000000e-02, 4.230188500115716e-01, 0.000000000000000e+00, 0.000000000000000e+00, 7.017473799930353e+04, 1.000000000000000e-10, 1.134834691316545e+09
595, 7.267684918000000e-01, -2.181398660000000e-02, 4.236940316625346e-01, 0.000000000000000e+00, 0.000000000000000e+00, 7.029405319456627e+04, 1.000000000000000e-10, 1.133123257051648e+09
596, 7.297121971000000e-01, -2.125468260000000e-02, 4.243605899295748e-01, 0.000000000000000e+00, 0.000000000000000e+00, 7.041146817840188e+04, 1.000000000000000e-10, 1.131433738732490e+09
597, 7.326559023000000e-01, -2.069537860000000e-02, 4.250532219813390e-01, 0.000000000000000e+00, 0.000000000000000e+00, 7.053437729793714e+04, 1.000000000000000e-10, 1.129695323093608e+09
598, 7.355996076000000e-01, -2.013607460000000e-02, 4.256822971317046e-01, 0.000000000000000e+00, 0.000000000000000e+00, 7.064431936239953e+04, 1.000000000000000e-10, 1.128098830866253e+09
599, 7.385433128000000e-01, -1.957677060000000e-02, 4.263167947891797e-01, 0.000000000000000e+00, 0.000000000000000e+00, 7.075410508962882e+04, 1.000000000000000e-10, 1.126478661388299e+09
600, 7.414870181000000e-01, -1.901746660000000e-02, 4.269775488853951e-01, 0.000000000000000e+00, 0.000000000000000e+00, 7.086797141783503e+04, 1.000000000000000e-10, 1.124790335890506e+09
601, 7.444307233000000e-01, -1.845816260000000e-02, 4.276041387154330e-01, 0.000000000000000e+00, 0.000000000000000e+00, 7.097298330407256e+04, 1.000000000000000e-10, 1.123155320444602e+09
602, 7.473744286000000e-01, -1.789885860000000e-02, 4.282485926704418e-01, 0.000000000000000e+00, 0.000000000000000e+00, 7.108007567614211e+04, 1.000000000000000e-10, 1.121466779294761e+09
603, 7.503181249000000e-01, -1.733950730000000e-02, 4.288475439296849e-01, 0.000000000000000e+00, 0.000000000000000e+00, 7.117562643941370e+04, 1.000000000000000e-10, 1.119850460652968e+09
604, 7.532611798000000e-01, -1.677679240000000e-02, 4.294663300236344e-01, 0.000000000000000e+00, 0.000000000000000e+00, 7.127008523614988e+04, 1.000000000000000e-10, 1.118128093789804e+09
605, 7.562042001000000e-01, -1.621389660000000e-02, 4.299947511798211e-01, 0.000000000000000e+00, 0.000000000000000e+00, 7.134716069904032e+04, 1.000000000000000e-10, 1.116614489199425e+09
606, 7.591485878000001e-01, -1.565820530000000e-02, 4.304799852903035e-01, 0.000000000000000e+00, 0.000000000000000e+00, 7.142425574195670e+04, 1.000000000000000e-10, 1.115311916603589e+09
607, 7.620955345000000e-01, -1.511625730000000e-02, 4.309371388199837e-01, 0.000000000000000e+00, 0.000000000000000e+00, 7.150600584592081e+04, 1.000000000000000e-10, 1.114204435164454e+09
608, 7.650445705000000e-01, -1.458578350000000e-02, 4.313348357510999e-01, 0.000000000000000e+00, 0.000000000000000e+00, 7.158642103284804e+04, 1.000000000000000e-10, 1.113370092625870e+09
609, 7.679943422000000e-01, -1.405941050000000e-02, 4.317283881949511e-01, 0.000000000000000e+00, 0.000000000000000e+00, 7.166890703068882e+04, 1.000000000000000e-10, 1.112585136407932e+09
610, 7.709435269000000e-01, -1.352976200000000e-02, 4.321469285943625e-01, 0.000000000000000e+00, 0.000000000000000e+00, 7.174655107039225e+04, 1.000000000000000e-10, 1.111611696791618e+09
611, 7.738917632000000e-01, -1.299485690000000e-02, 4.326360138076280e-01, 0.000000000000000e+00, 0.000000000000000e+00, 7.182606998655117e+04, 1.000000000000000e-10, 1.110326343504568e+09
612, 7.768402548000000e-01, -1.246136210000000e-02, 4.331429675108336e-01, 0.000000000000000e+00, 0.000000000000000e+00, 7.190725272106784e+04, 1.000000000000000e-10, 1.108988963200876e+09
613, 7.797903352000000e-01, -1.193673480000000e-02, 4.336482637899323e-01, 0.000000000000000e+00, 0.000000000000000e+00, 7.199582335103489e+04, 1.000000000000000e-10, 1.107734357474717e+09
614, 7.827429347000000e-01, -1.142647830000000e-02, 4.341184576562238e-01, 0.000000000000000e+00, 0.000000000000000e+00, 7.208781006331737e+04, 1.000000000000000e-10, 1.106714151779820e+09
615, 7.856972424999999e-01, -1.092619490000000e-02, 4.345574939239059e-01, 0.000000000000000e+00, 0.000000000000000e+00, 7.218384729787662e+04, 1.000000000000000e-10, 1.105887703952798e+09
616, 7.886519677000000e-01, -1.042837940000000e-02, 4.350023072785463e-01, 0.000000000000000e+00, 0.000000000000000e+00, 7.228535272341860e+04, 1.000000000000000e-10, 1.105108082561926e+09
617, 7.916060843000000e-01, -9.926965700000000e-03, 4.354605905160183e-01, 0.000000000000000e+00, 0.000000000000000e+00, 7.238522130157588e+04, 1.000000000000000e-10, 1.104238317337674e+09
618, 7.945600712999999e-01, -9.424787900000000e-03, 4.359354865841653e-01, 0.000000000000000e+00, 0.000000000000000e+00, 7.248470232501949e+04, 1.000000000000000e-10, 1.103291779507921e+09
619, 7.975140582000000e-01, -8.922610100000001e-03, 4.364387163338843e-01, 0.000000000000000e+00, 0.000000000000000e+00, 7.258553114955625e+04, 1.000000000000000e-10, 1.102233961126779e+09
620, 8.004680280000001e-01, -8.420330800000000e-03, 4.369675746446766e-01, 0.000000000000000e+00, 0.000000000000000e+00, 7.268725824475873e+04, 1.000000000000000e-10, 1.101112122858732e+09
621, 8.034213936000000e-01, -7.914512699999999e-03, 4.374918999782777e-01, 0.000000000000000e+00, 0.000000000000000e+00, 7.278144378237042e+04, 1.000000000000000e-10, 1.099879069571215e+09
622, 8.063747975000000e-01, -7.408918400000000e-03, 4.379972560561259e-01, 0.000000000000000e+00, 0.000000000000000e+00, 7.286935222529259e+04, 1.000000000000000e-10, 1.098619921692475e+09
623, 8.093295144000000e-01, -6.911064600000000e-03, 4.384403197868678e-01, 0.000000000000000e+00, 0.000000000000000e+00, 7.294888928802135e+04, 1.000000000000000e-10, 1.097580674120296e+09
624, 8.122862570000000e-01, -6.425381100000000e-03, 4.388360961601053e-01, 0.000000000000000e+00, 0.000000000000000e+00, 7.302429438828917e+04, 1.000000000000000e-10, 1.096741168844417e+09
625, 8.152444195000000e-01, -5.948422800000000e-03, 4.391833132095641e-01, 0.000000000000000e+00, 0.000000000000000e+00, 7.309476867765629e+04, 1.000000000000000e-10, 1.096040154213996e+09
626, 8.182039458000000e-01, -5.480001300000000e-03, 4.394945145857851e-01, 0.000000000000000e+00, 0.000000000000000e+00, 7.316005855827822e+04, 1.000000000000000e-10, 1.095430263067241e+09
627, 8.211648134000000e-01, -5.020132300000000e-03, 4.397826177335680e-01, 0.000000000000000e+00, 0.000000000000000e+00, 7.322085974255815e+04, 1.000000000000000e-10, 1.094847996012769e+09
628, 8.241269989000000e-01, -4.568831200000000e-03, 4.400557264859493e-01, 0.000000000000000e+00, 0.000000000000000e+00, 7.327820355458291e+04, 1.000000000000000e-10, 1.094280247927132e+09
629, 8.270904793000000e-01, -4.126113200000000e-03, 4.403179765248341e-01, 0.000000000000000e+00, 0.000000000000000e+00, 7.333310382901951e+04, 1.000000000000000e-10, 1.093779302903244e+09
630, 8.300552314000000e-01, -3.691994500000000e-03, 4.405550791701532e-01, 0.000000000000000e+00, 0.000000000000000e+00, 7.338517540361827e+04, 1.000000000000000e-10, 1.093340159531976e+09
631, 8.330216764000000e-01, -3.269608000000000e-03, 4.408016987651254e-01, 0.000000000000000e+00, 0.000000000000000e+00, 7.344391742064766e+04, 1.000000000000000e-10, 1.092947206882455e+09
632, 8.359894521000000e-01, -2.856659800000000e-03, 4.410470322103370e-01, 0.000000000000000e+00, 0.000000000000000e+00, 7.350533718932999e+04, 1.000000000000000e-10, 1.092593783687730e+09
633, 8.389574719000000e-01, -2.445467200000000e-03, 4.413379631337533e-01, 0.000000000000000e+00, 0.000000000000000e+00, 7.357080332841248e+04, 1.000000000000000e-10, 1.092093232874037e+09
634, 8.419245535000000e-01, -2.027571400000000e-03, 4.417075431276125e-01, 0.000000000000000e+00, 0.000000000000000e+00, 7.363724387805352e+04, 1.000000000000000e-10, 1.091243402230474e+09
635, 8.448907007000001e-01, -1.603081000000000e-03, 4.421702606677230e-01, 0.000000000000000e+00, 0.000000000000000e+00, 7.370826168944326e+04, 1.000000000000000e-10, 1.090042254571129e+09
636, 8.478579874000000e-01, -1.186655300000000e-03, 4.426584963946745e-01, 0.000000000000000e+00, 0.000000000000000e+00, 7.378694521463099e+04, 1.000000000000000e-10, 1.088807177787259e+09
637, 8.508284127000000e-01, -7.933073000000000e-04, 4.431118440900625e-01, 0.000000000000000e+00, 0.000000000000000e+00, 7.387190706681825e+04, 1.000000000000000e-10, 1.087751483333614e+09
638, 8.538020126000000e-01, -4.246734000000000e-04, 4.434949861643870e-01, 0.000000000000000e+00, 0.000000000000000e+00, 7.395518562302223e+04, 1.000000000000000e-10, 1.087106776110041e+09
639, 8.567775810000000e-01, -7.225130000000000e-05, 4.438456988966166e-01, 0.000000000000000e+00, 0.000000000000000e+00, 7.404169175028673e+04, 1.000000000000000e-10, 1.086585852369621e+09
640, 8.597541393000000e-01, 2.717253000000000e-04, 4.441993727958574e-01, 0.000000000000000e+00, 0.000000000000000e+00, 7.413024547166869e+04, 1.000000000000000e-10, 1.086055780808262e+09
641, 8.627313085000000e-01, 6.103705000000000e-04, 4.445834987177710e-01, 0.000000000000000e+00, 0.000000000000000e+00, 7.422197479640413e+04, 1.000000000000000e-10, 1.085432045092190e+09
642, 8.657094571000000e-01, 9.402886000000000e-04, 4.449600745206157e-01, 0.000000000000000e+00, 0.000000000000000e+00, 7.430961095113518e+04, 1.000000000000000e-10, 1.084818059049594e+09
643, 8.686885639000000e-01, 1.261439300000000e-03, 4.453405607249277e-01, 0.000000000000000e+00, 0.000000000000000e+00, 7.439539630093270e+04, 1.000000000000000e-10, 1.084157589488453e+09
644, 8.716684840000000e-01, 1.574958600000000e-03, 4.457382910888386e-01, 0.000000000000000e+00, 0.000000000000000e+00, 7.447871535621563e+04, 1.000000000000000e-10, 1.083401861538071e+09
645, 8.746489628000000e-01, 1.883117200000000e-03, 4.461682520575120e-01, 0.000000000000000e+00, 0.000000000000000e+00, 7.456087293855498e+04, 1.000000000000000e-10, 1.082480860507821e+09
646, 8.776306820999999e-01, 2.179005900000000e-03, 4.465778968513910e-01, 0.000000000000000e+00, 0.000000000000000e+00, 7.463694457583531e+04, 1.000000000000000e-10, 1.081569726746251e+09
647, 8.806143131000000e-01, 2.454910800000000e-03, 4.469416809875080e-01, 0.000000000000000e+00, 0.000000000000000e+00, 7.470816101215806e+04, 1.000000000000000e-10, 1.080813208651033e+09
648, 8.835997117000000e-01, 2.711016100000000e-03, 4.472700274834855e-01, 0.000000000000000e+00, 0.000000000000000e+00, 7.477758500418159e+04, 1.000000000000000e-10, 1.080216183791663e+09
649, 8.865865769000000e-01, 2.949408900000000e-03, 4.475681996392697e-01, 0.000000000000000e+00, 0.000000000000000e+00, 7.484332320347559e+04, 1.000000000000000e-10, 1.079684826651472e+09
650, 8.895748055000000e-01, 3.170055600000000e-03, 4.478204305084942e-01, 0.000000000000000e+00, 0.000000000000000e+00, 7.490422685403682e+04, 1.000000000000000e-10, 1.079253682282014e+09
651, 8.925644546000000e-01, 3.370490400000000e-03, 4.480495590555789e-01, 0.000000000000000e+00, 0.000000000000000e+00, 7.496675945132464e+04, 1.000000000000000e-10, 1.079002329623571e+09
652, 8.955553676000000e-01, 3.551155100000000e-03, 4.482449728157210e-01, 0.000000000000000e+00, 0.000000000000000e+00, 7.502888619058984e+04, 1.000000000000000e-10, 1.078879911168477e+09
653, 8.985469777000000e-01, 3.719930400000000e-03, 4.484397562669105e-01, 0.000000000000000e+00, 0.000000000000000e+00, 7.508928141937495e+04, 1.000000000000000e-10, 1.078743892728737e+09
654, 9.015387704000000e-01, 3.885451900000000e-03, 4.486790287069461e-01, 0.000000000000000e+00, 0.000000000000000e+00, 7.514639124719126e+04, 1.000000000000000e-10, 1.078383120532413e+09
655, 9.045306080000000e-01, 4.050146900000000e-03, 4.489705240552212e-01, 0.000000000000000e+00, 0.000000000000000e+00, 7.519868427908346e+04, 1.000000000000000e-10, 1.077723840578906e+09
656, 9.075232441000000e-01, 4.199497100000000e-03, 4.492992259372487e-01, 0.000000000000000e+00, 0.000000000000000e+00, 7.525409849732758e+04, 1.000000000000000e-10, 1.076951963042897e+09
657, 9.105172638000000e-01, 4.317576000000000e-03, 4.496200548721990e-01, 0.000000000000000e+00, 0.000000000000000e+00, 7.531835168041382e+04, 1.000000000000000e-10, 1.076306901433739e+09
658, 9.135124732000000e-01, 4.400428400000000e-03, 4.498771855024123e-01, 0.000000000000000e+00, 0.000000000000000e+00, 7.538383817560632e+04, 1.000000000000000e-10, 1.075954397215201e+09
659, 9.165083028000000e-01, 4.456858500000000e-03, 4.500818705167547e-01, 0.000000000000000e+00, 0.000000000000000e+00, 7.544585912577184e+04, 1.000000000000000e-10, 1.075759070276203e+09
660, 9.195044264000000e-01, 4.494915400000000e-03, 4.502962918185183e-01, 0.000000000000000e+00, 0.000000000000000e+00, 7.550531151213222e+04, 1.000000000000000e-10, 1.075531959963683e+09
661, 9.225006781000000e-01, 4.521098200000000e-03, 4.505698193239008e-01, 0.000000000000000e+00, 0.000000000000000e+00, 7.556323685765205e+04, 1.000000000000000e-10, 1.075026576470289e+09
662, 9.254970225000000e-01, 4.531556300000000e-03, 4.509038484895141e-01, 0.000000000000000e+00, 0.000000000000000e+00, 7.562295251865782e+04, 1.000000000000000e-10, 1.074273306958604e+09
663, 9.284933501000000e-01, 4.518230800000000e-03, 4.512360016449818e-01, 0.000000000000000e+00, 0.000000000000000e+00, 7.568760212368530e+04, 1.000000000000000e-10, 1.073599553031286e+09
664, 9.314893480999999e-01, 4.472444700000000e-03, 4.515103104586321e-01, 0.000000000000000e+00, 0.000000000000000e+00, 7.575487958463129e+04, 1.000000000000000e-10, 1.073194590363498e+09
665, 9.344846103000000e-01, 4.391470900000000e-03, 4.516775712686533e-01, 0.000000000000000e+00, 0.000000000000000e+00, 7.581280002718941e+04, 1.000000000000000e-10, 1.073144046813382e+09
666, 9.374792507000000e-01, 4.289801600000000e-03, 4.517814442395713e-01, 0.000000000000000e+00, 0.000000000000000e+00, 7.586261528882837e+04, 1.000000000000000e-10, 1.073239391158781e+09
667, 9.404737331000000e-01, 4.183520900000000e-03, 4.518735237085132e-01, 0.000000000000000e+00, 0.000000000000000e+00, 7.590038003618699e+04, 1.000000000000000e-10, 1.073311760421957e+09
668, 9.434683278000000e-01, 4.080451000000000e-03, 4.520460926451747e-01, 0.000000000000000e+00, 0.000000000000000e+00, 7.594045706528521e+04, 1.000000000000000e-10, 1.073030606707237e+09
669, 9.464625694000000e-01, 3.967701700000000e-03, 4.522157469037294e-01, 0.000000000000000e+00, 0.000000000000000e+00, 7.598151145729116e+04, 1.000000000000000e-10, 1.072726887648339e+09
670, 9.494557192999999e-01, 3.829211000000000e-03, 4.523246035180271e-01, 0.000000000000000e+00, 0.000000000000000e+00, 7.602336336704377e+04, 1.000000000000000e-10, 1.072741494578002e+09
671, 9.524469545000001e-01, 3.654174900000000e-03, 4.523065644887029e-01, 0.000000000000000e+00, 0.000000000000000e+00, 7.605546908455601e+04, 1.000000000000000e-10, 1.073229169405806e+09
672, 9.554363444000000e-01, 3.449926600000000e-03, 4.521248627270565e-01, 0.000000000000000e+00, 0.000000000000000e+00, 7.607367859090625e+04, 1.000000000000000e-10, 1.074225282197512e+09
673, 9.584242260000000e-01, 3.224624800000000e-03, 4.518233326007720e-01, 0.000000000000000e+00, 0.000000000000000e+00, 7.607621888354885e+04, 1.000000000000000e-10, 1.075530301910872e+09
674, 9.614110739000000e-01, 2.985978000000000e-03, 4.514407582157449e-01, 0.000000000000000e+00, 0.000000000000000e+00, 7.606654473886472e+04, 1.000000000000000e-10, 1.077111183755315e+09
675, 9.643968526000000e-01, 2.734335600000000e-03, 4.509938866520080e-01, 0.000000000000000e+00, 0.000000000000000e+00, 7.605237039532699e+04, 1.000000000000000e-10, 1.078867539476621e+09
676, 9.673808280000000e-01, 2.462191300000000e-03, 4.504264625415240e-01, 0.000000000000000e+00, 0.000000000000000e+00, 7.603190250222325e+04, 1.000000000000000e-10, 1.081098597583851e+09
677, 9.703620847000000e-01, 2.161784500000000e-03, 4.496427496308543e-01, 0.000000000000000e+00, 0.000000000000000e+00, 7.599081667980629e+04, 1.000000000000000e-10, 1.084046494844284e+09
678, 9.733402982000000e-01, 1.832532300000000e-03, 4.485079861093163e-01, 0.000000000000000e+00, 0.000000000000000e+00, 7.591087294903040e+04, 1.000000000000000e-10, 1.088113827537826e+09
679, 9.763154943000000e-01, 1.477044900000000e-03, 4.465562115173661e-01, 0.000000000000000e+00, 0.000000000000000e+00, 7.573445842346300e+04, 1.000000000000000e-10, 1.094691392731577e+09
680, 9.792874526000001e-01, 1.095432300000000e-03, 4.441980625301001e-01, 0.000000000000000e+00, 0.000000000000000e+00, 7.554647306427092e+04, 1.000000000000000e-10, 1.103037758180605e+09
681, 9.822556855000000e-01, 6.858801000000000e-04, 4.421465097137187e-01, 0.000000000000000e+00, 0.000000000000000e+00, 7.550023837807978e+04, 1.000000000000000e-10, 1.111800338051326e+09
682, 9.852198673000000e-01, 2.479352000000000e-04, 4.399613432995780e-01, 0.000000000000000e+00, 0.000000000000000e+00, 7.555189802563481e+04, 1.000000000000000e-10, 1.122476960701469e+09
683, 9.881808922000000e-01, -2.108983000000000e-04, 4.375003625112610e-01, 0.000000000000000e+00, 0.000000000000000e+00, 7.572820782424600e+04, 1.000000000000000e-10, 1.136109304397383e+09
684, 9.911395461000000e-01, -6.847765000000000e-04, 4.351935445221961e-01, 0.000000000000000e+00, 0.000000000000000e+00, 7.580794106369626e+04, 1.000000000000000e-10, 1.148031004525329e+09
685, 9.940944037000000e-01, -1.181769000000000e-03, 4.316159255112910e-01, 0.000000000000000e+00, 0.000000000000000e+00, 7.538191279302498e+04, 1.000000000000000e-10, 1.160021799381992e+09
686, 9.970470357000000e-01, -1.691851000000000e-03, 4.201403631958073e-01, 0.000000000000000e+00, 0.000000000000000e+00, 7.336071330217291e+04, 1.000000000000000e-10, 1.191482163896735e+09
687, 1.000000000000000e+00, 5.500000000000000e-04, 3.940983287980963e-01, 0.000000000000000e+00, 0.000000000000000e+00, 6.743675353413977e+04, 1.000000000000000e-10, 1.249476011270904e+09
