2 0.000000 100.000000 335.864767
2849 2503 
1 -220.509466 0.000000 -223.956064 99.791182 -0.000392 6.453053 0.000008 
2 263.833875 0.000000 -223.956064 99.791203 -0.002819 6.452333 0.000008 
3 263.833875 0.000000 230.086264 99.791809 0.003392 6.451178 -0.000002 
4 -220.509466 0.000000 230.086264 99.791695 0.000388 6.453641 -0.000003 
5 21.662204 0.000000 3.065100 106.061781 0.117153 0.479668 -0.124935 
6 -220.509466 0.000000 3.065100 99.790558 -0.000061 6.453641 0.000020 
7 21.662204 0.000000 -223.956064 99.791436 -0.001580 6.452723 0.000003 
8 263.833875 0.000000 3.065100 99.794709 -0.047198 6.388698 0.000020 
9 21.662204 0.000000 230.086264 99.793226 0.001527 6.452543 -0.000032 
10 -99.423631 0.000000 -110.445482 99.789533 -0.000953 6.451260 0.000043 
11 -220.509466 0.000000 -110.445482 99.790766 -0.000290 6.453102 0.000016 
12 -99.423631 0.000000 -223.956064 99.791165 -0.000801 6.452677 0.000009 
13 21.662204 0.000000 -110.445482 99.793986 -0.003788 6.451823 -0.000047 
14 -99.423631 0.000000 3.065100 99.783191 -0.000811 6.454964 0.000165 
15 142.748040 0.000000 -110.445482 99.789505 -0.005625 6.451111 0.000044 
16 142.748040 0.000000 -223.956064 99.791130 -0.002396 6.452698 0.000009 
17 263.833875 0.000000 -110.445482 99.790943 -0.005906 6.449745 0.000017 
18 142.748040 0.000000 3.065100 99.785451 -0.086094 6.420566 0.000163 
19 -99.423631 0.000000 116.575682 99.791564 0.000395 6.456046 -0.000004 
20 -220.509466 0.000000 116.575682 99.791238 0.000218 6.453927 0.000006 
21 21.662204 0.000000 116.575682 99.800852 0.001816 6.450613 -0.000182 
22 -99.423631 0.000000 230.086264 99.792309 0.000735 6.453775 -0.000016 
23 -38.880713 0.000000 -53.690191 99.794255 0.003487 6.406509 0.000006 
24 -99.423631 0.000000 -53.690191 99.785919 -0.001017 6.450895 0.000116 
25 -38.880713 0.000000 -110.445482 99.790809 -0.001988 6.448750 0.000021 
26 21.662204 0.000000 -53.690191 99.976723 -0.076473 6.441573 -0.003684 
27 -38.880713 0.000000 3.065100 99.696573 0.095377 6.405102 0.001956 
28 142.748040 0.000000 116.575682 99.792164 0.006377 6.443398 0.000001 
29 263.833875 0.000000 116.575682 99.791790 0.008204 6.444214 0.000007 
30 142.748040 0.000000 230.086264 99.792419 0.002635 6.451193 -0.000014 
31 82.205122 0.000000 -53.690191 99.807337 -0.039584 6.490857 -0.000364 
32 82.205122 0.000000 -110.445482 99.790241 -0.005092 6.453739 0.000026 
33 142.748040 0.000000 -53.690191 99.786626 -0.011887 6.442743 0.000112 
34 82.205122 0.000000 3.065100 99.711133 -0.144200 6.405041 0.001664 
35 -38.880713 0.000000 59.820391 99.769998 0.017442 6.458659 0.000423 
36 -99.423631 0.000000 59.820391 99.787987 -0.000161 6.457745 0.000066 
37 21.662204 0.000000 59.820391 99.753453 0.049405 6.437989 0.000780 
38 -38.880713 0.000000 116.575682 99.795079 0.000628 6.457549 -0.000076 
39 -8.609254 0.000000 -25.312545 99.612969 -0.063265 6.198454 0.003883 
40 -38.880713 0.000000 -25.312545 99.755213 0.013397 6.363712 0.000840 
41 -8.609254 0.000000 -53.690191 99.867006 -0.024119 6.367609 -0.001397 
42 21.662204 0.000000 -25.312545 100.212062 -0.352081 6.422373 -0.008383 
43 -8.609254 0.000000 3.065100 98.441897 0.138908 6.566971 0.026605 
44 82.205122 0.000000 59.820391 99.773324 0.022526 6.411314 0.000418 
45 142.748040 0.000000 59.820391 99.790665 0.016132 6.410575 0.000073 
46 82.205122 0.000000 116.575682 99.795815 0.004370 6.442708 -0.000071 
47 51.933663 0.000000 -25.312545 99.756882 -0.078458 6.690935 0.000379 
48 51.933663 0.000000 -53.690191 99.897600 -0.089966 6.531400 -0.002220 
49 82.205122 0.000000 -25.312545 99.784360 -0.151829 6.532955 0.000038 
50 51.933663 0.000000 3.065100 98.773828 -0.706938 5.749857 0.021017 
51 -8.609254 0.000000 31.442745 99.824912 0.364776 6.626234 -0.000905 
52 -38.880713 0.000000 31.442745 99.727481 0.034122 6.444714 0.001289 
53 21.662204 0.000000 31.442745 99.983372 0.340997 6.341741 -0.003701 
54 -8.609254 0.000000 59.820391 99.752907 0.038239 6.456066 0.000768 
55 6.526475 0.000000 -11.123723 99.883392 -0.063093 4.523141 0.000285 
56 -8.609254 0.000000 -11.123723 99.153828 0.052438 5.890602 0.013382 
57 6.526475 0.000000 -25.312545 99.726422 -0.339292 6.010362 0.001840 
58 21.662204 0.000000 -11.123723 101.980441 -0.138926 6.248532 -0.043907 
59 6.526475 0.000000 3.065100 93.917370 -0.350555 23.969974 0.060485 
60 -159.966548 0.000000 -53.690191 99.789387 -0.000390 6.452996 0.000044 
61 -220.509466 0.000000 -53.690191 99.790555 -0.000191 6.453313 0.000020 
62 -159.966548 0.000000 -110.445482 99.790209 -0.000497 6.452650 0.000028 
63 -159.966548 0.000000 3.065100 99.789150 -0.000198 6.453965 0.000047 
64 -69.152172 0.000000 -25.312545 99.765435 0.030556 6.461336 0.000511 
65 -99.423631 0.000000 -25.312545 99.783723 -0.000976 6.452316 0.000158 
66 -69.152172 0.000000 -53.690191 99.790847 0.038538 6.430682 0.000043 
67 -69.152172 0.000000 3.065100 99.765800 0.027430 6.449394 0.000519 
68 -23.744984 0.000000 -11.123723 99.570569 0.179663 6.351446 0.004533 
69 -38.880713 0.000000 -11.123723 99.716153 0.066676 6.374671 0.001605 
70 -23.744984 0.000000 -25.312545 99.692251 0.002733 6.341288 0.002124 
71 -23.744984 0.000000 3.065100 99.522957 0.287941 6.485285 0.005304 
72 51.933663 0.000000 31.442745 99.731352 0.094638 6.190925 0.001532 
73 82.205122 0.000000 31.442745 99.713966 -0.002413 6.313706 0.001726 
74 51.933663 0.000000 59.820391 99.742541 0.041715 6.423550 0.001016 
75 6.526475 0.000000 17.253923 100.027004 0.178483 7.173915 -0.005690 
76 -8.609254 0.000000 17.253923 99.832338 -0.145233 7.023174 -0.001584 
77 21.662204 0.000000 17.253923 100.613651 -0.014998 6.007022 -0.015919 
78 6.526475 0.000000 31.442745 100.017043 0.449368 6.554460 -0.004657 
79 -1.041390 0.000000 -4.029311 93.901230 0.278982 0.785145 0.118186 
80 -8.609254 0.000000 -4.029311 98.463137 0.028791 5.972921 0.026933 
81 -1.041390 0.000000 -11.123723 99.126838 -0.080892 4.711762 0.015166 
82 6.526475 0.000000 -4.029311 103.451993 -0.260132 -20.988028 -0.114288 
83 -1.041390 0.000000 3.065100 95.993595 0.358864 9.573353 0.069345 
84 36.797934 0.000000 -11.123723 99.367519 -0.030820 8.418403 0.005523 
85 36.797934 0.000000 -25.312545 100.103834 -0.291746 6.863292 -0.006797 
86 51.933663 0.000000 -11.123723 99.402126 -0.141673 6.909118 0.007146 
87 36.797934 0.000000 3.065100 103.699779 0.008427 4.381458 -0.077284 
88 14.094340 0.000000 -4.029311 90.999387 -0.559089 -2.069149 0.171452 
89 14.094340 0.000000 -11.123723 100.254142 0.266203 4.510647 -0.007131 
90 21.662204 0.000000 -4.029311 113.009213 -0.014014 17.629978 -0.308190 
91 14.094340 0.000000 3.065100 105.722769 -0.281903 2.910414 -0.118585 
92 -159.966548 0.000000 59.820391 99.790053 0.000057 6.454691 0.000028 
93 -220.509466 0.000000 59.820391 99.790846 0.000084 6.453894 0.000013 
94 -159.966548 0.000000 116.575682 99.791140 0.000290 6.454580 0.000007 
95 -69.152172 0.000000 31.442745 99.779039 0.024553 6.479119 0.000216 
96 -99.423631 0.000000 31.442745 99.785094 -0.000514 6.457189 0.000124 
97 -69.152172 0.000000 59.820391 99.786451 -0.000578 6.462591 0.000090 
98 -23.744984 0.000000 17.253923 99.663920 0.315483 6.574419 0.002378 
99 -38.880713 0.000000 17.253923 99.703611 0.037611 6.431019 0.001783 
100 -23.744984 0.000000 31.442745 99.733138 0.167922 6.508460 0.001091 
101 -1.041390 0.000000 10.159511 98.982906 0.324646 7.891569 0.014000 
102 -8.609254 0.000000 10.159511 99.261548 0.002538 6.947075 0.009888 
103 6.526475 0.000000 10.159511 99.742363 0.222816 8.813754 -0.002627 
104 -1.041390 0.000000 17.253923 100.276141 0.072493 7.198962 -0.010713 
105 2.742543 0.000000 -0.482106 91.858826 -0.080693 27.003830 0.083274 
106 -1.041390 0.000000 -0.482106 88.204617 0.304988 11.472852 0.208823 
107 2.742543 0.000000 -4.029311 97.181180 0.015663 0.034216 0.055582 
108 6.526475 0.000000 -0.482106 -11.183443 -0.445615 -0.821708 0.987406 
109 2.742543 0.000000 3.065100 94.907720 0.115761 13.659896 0.080592 
110 -16.177119 0.000000 -4.029311 99.164244 0.136157 6.789560 0.012034 
111 -23.744984 0.000000 -4.029311 99.518117 0.234759 6.412588 0.005497 
112 -16.177119 0.000000 -11.123723 99.293168 0.172742 6.440482 0.009936 
113 -16.177119 0.000000 3.065100 99.330495 0.119723 6.988191 0.008460 
114 -4.825322 0.000000 -0.482106 96.697568 -0.008471 6.376980 0.060891 
115 -8.609254 0.000000 -0.482106 98.344755 0.044455 6.435425 0.028689 
116 -4.825322 0.000000 -4.029311 97.215812 -0.036131 5.283226 0.052117 
117 -4.825322 0.000000 3.065100 97.531614 0.072540 7.143465 0.043655 
118 -38.880713 0.000000 -167.200773 99.791309 -0.001416 6.451800 0.000007 
119 -99.423631 0.000000 -167.200773 99.790789 -0.000872 6.452190 0.000017 
120 -38.880713 0.000000 -223.956064 99.791336 -0.001148 6.452586 0.000005 
121 21.662204 0.000000 -167.200773 99.791776 -0.002155 6.452408 -0.000003 
122 -8.609254 0.000000 -82.067836 99.823583 -0.010665 6.428654 -0.000608 
123 -38.880713 0.000000 -82.067836 99.805172 0.032593 6.431844 -0.000244 
124 -8.609254 0.000000 -110.445482 99.792995 -0.002784 6.449130 -0.000023 
125 21.662204 0.000000 -82.067836 99.839189 -0.023305 6.449071 -0.000945 
126 6.526475 0.000000 -39.501368 99.971809 -0.317646 6.261156 -0.003367 
127 -8.609254 0.000000 -39.501368 99.872007 -0.097095 6.265308 -0.001368 
128 6.526475 0.000000 -53.690191 99.921157 -0.047936 6.390499 -0.002508 
129 21.662204 0.000000 -39.501368 100.015545 -0.480991 6.404870 -0.004436 
130 -1.041390 0.000000 -18.218134 99.068603 -0.048916 5.846672 0.015123 
131 -8.609254 0.000000 -18.218134 99.119640 0.037125 6.325000 0.013529 
132 -1.041390 0.000000 -25.312545 99.613052 -0.328343 6.105086 0.003986 
133 6.526475 0.000000 -18.218134 99.464934 0.166123 5.387629 0.007767 
134 2.742543 0.000000 -7.576517 98.456221 0.190068 2.815529 0.029841 
135 -1.041390 0.000000 -7.576517 98.078998 0.098495 3.872876 0.036550 
136 2.742543 0.000000 -11.123723 99.217815 0.232807 4.451925 0.013595 
137 6.526475 0.000000 -7.576517 100.210189 -0.069954 2.484149 -0.004826 
138 0.850577 0.000000 -2.255709 98.338921 0.116469 -22.956188 -0.019754 
139 -1.041390 0.000000 -2.255709 81.390759 0.337541 1.256926 0.337385 
140 0.850577 0.000000 -4.029311 98.020044 0.158520 -2.689660 0.038481 
141 2.742543 0.000000 -2.255709 100.614671 0.035341 5.927200 -0.015844 
142 0.850577 0.000000 -0.482106 88.709434 0.035001 35.500735 0.087033 
143 -4.825322 0.000000 -7.576517 98.282527 0.053305 5.169663 0.031382 
144 -8.609254 0.000000 -7.576517 98.859542 0.021764 5.714378 0.019414 
145 -4.825322 0.000000 -11.123723 99.164977 0.007736 5.237712 0.013887 
146 -2.933356 0.000000 -2.255709 94.101758 0.108177 5.397340 0.111572 
147 -4.825322 0.000000 -2.255709 96.736401 -0.043585 5.701288 0.060956 
148 -2.933356 0.000000 -4.029311 95.771683 -0.014066 4.239168 0.080981 
149 -2.933356 0.000000 -0.482106 94.304625 0.177569 7.283322 0.105356 
150 0.850577 0.000000 -5.802914 97.587175 0.275322 1.758246 0.047358 
151 -1.041390 0.000000 -5.802914 96.942797 0.219919 2.984134 0.059314 
152 0.850577 0.000000 -7.576517 98.262784 0.211882 3.311333 0.033342 
153 2.742543 0.000000 -5.802914 98.232671 0.057329 1.091358 0.034915 
154 -0.095407 0.000000 -3.142510 100.152965 0.167644 -30.977887 -0.099027 
155 -1.041390 0.000000 -3.142510 89.657812 0.253676 -0.754510 0.196084 
156 -0.095407 0.000000 -4.029311 94.808591 0.233976 -2.228920 0.100631 
157 0.850577 0.000000 -3.142510 102.297069 0.135921 -17.759362 -0.078010 
158 -0.095407 0.000000 -2.255709 51.450358 0.253065 -36.341363 0.603210 
159 36.797934 0.000000 17.253923 99.970395 0.104720 5.504354 -0.002439 
160 51.933663 0.000000 17.253923 99.504468 0.220748 5.332573 0.007038 
161 36.797934 0.000000 31.442745 99.849966 0.057250 6.205343 -0.000853 
162 14.094340 0.000000 10.159511 100.754563 0.416179 7.431773 -0.020689 
163 21.662204 0.000000 10.159511 101.560113 0.231223 5.302194 -0.034262 
164 14.094340 0.000000 17.253923 101.035257 0.058739 6.719939 -0.025328 
165 2.742543 0.000000 6.612306 98.057077 0.088808 9.811286 0.028854 
166 -1.041390 0.000000 6.612306 98.037677 0.393554 8.558070 0.031522 
167 6.526475 0.000000 6.612306 99.457713 -0.033255 11.909042 -0.003366 
168 2.742543 0.000000 10.159511 98.830367 0.506976 8.313634 0.016319 
169 0.850577 0.000000 1.291497 92.836401 0.148593 14.150349 0.118115 
170 -1.041390 0.000000 1.291497 93.746839 0.339362 10.449860 0.110222 
171 2.742543 0.000000 1.291497 91.774301 0.080961 17.920431 0.125633 
172 0.850577 0.000000 3.065100 95.483211 0.164867 11.249434 0.075638 
173 -0.095407 0.000000 -1.368907 64.149315 0.056735 46.057543 0.376356 
174 -1.041390 0.000000 -1.368907 82.098819 0.336639 9.801512 0.316360 
175 0.850577 0.000000 -1.368907 84.563098 0.025662 37.248754 0.146161 
176 -0.095407 0.000000 -0.482106 85.534382 0.043123 40.926095 0.100892 
177 10.310407 0.000000 -0.482106 -12.068845 -0.309451 0.351415 0.985412 
178 10.310407 0.000000 -4.029311 98.742970 -0.725866 11.835271 0.010923 
179 14.094340 0.000000 -0.482106 -9.464388 -0.072098 2.325077 0.990501 
180 10.310407 0.000000 3.065100 115.009790 -0.166550 12.027317 -0.337194 
181 4.634509 0.000000 -2.255709 94.561433 -0.005626 -8.916571 0.097863 
182 4.634509 0.000000 -4.029311 94.794255 0.018407 -6.135611 0.097640 
183 6.526475 0.000000 -2.255709 96.426014 -0.174608 -33.312830 -0.040775 
184 4.634509 0.000000 -0.482106 88.375531 -0.305779 29.011041 0.134803 
185 1.796560 0.000000 -3.142510 103.655510 0.079528 0.147634 -0.074449 
186 1.796560 0.000000 -4.029311 98.863950 0.111472 -1.180189 0.022451 
187 2.742543 0.000000 -3.142510 99.985962 0.040443 6.755209 -0.004283 
188 1.796560 0.000000 -2.255709 103.673147 0.077411 0.010556 -0.074813 
189 1.796560 0.000000 -1.368907 91.338764 0.027966 30.951339 0.069924 
190 2.742543 0.000000 -1.368907 92.236412 -0.078141 26.971356 0.076498 
191 1.796560 0.000000 -0.482106 91.546441 -0.006600 29.643567 0.074051 
192 4.634509 0.000000 1.291497 84.391730 -0.407736 34.867234 0.166215 
193 6.526475 0.000000 1.291497 81.492211 -0.054236 47.790243 0.107511 
194 4.634509 0.000000 3.065100 93.970491 -0.131428 17.377893 0.086754 
195 3.688526 0.000000 0.404696 89.982172 -0.232150 27.194733 0.116360 
196 2.742543 0.000000 0.404696 92.122305 -0.079958 27.004592 0.078423 
197 3.688526 0.000000 -0.482106 90.881854 -0.182238 26.988373 0.101208 
198 4.634509 0.000000 0.404696 86.612440 -0.355252 31.433924 0.151007 
199 3.688526 0.000000 1.291497 88.022226 -0.322924 29.030481 0.140921 
200 14.094340 0.000000 -18.218134 100.160041 -0.002392 5.511508 -0.006241 
201 14.094340 0.000000 -25.312545 100.119825 -0.362509 6.136419 -0.006177 
202 21.662204 0.000000 -18.218134 100.646250 -0.074456 6.440464 -0.017115 
203 10.310407 0.000000 -7.576517 99.856427 -0.381381 3.923745 0.001315 
204 10.310407 0.000000 -11.123723 100.155396 -0.077126 4.518073 -0.005152 
205 14.094340 0.000000 -7.576517 99.471257 -0.505341 2.849049 0.009710 
206 4.634509 0.000000 -5.802914 98.952100 -0.072752 -0.432609 0.020829 
207 4.634509 0.000000 -7.576517 99.245250 -0.047906 2.190295 0.014558 
208 6.526475 0.000000 -5.802914 101.103500 -0.148243 -0.174534 -0.022197 
209 8.418441 0.000000 -2.255709 -11.809207 0.213545 -0.796487 0.985986 
210 8.418441 0.000000 -4.029311 108.327540 -0.026811 8.957958 -0.181510 
211 10.310407 0.000000 -2.255709 98.843934 -0.692531 11.302113 0.010166 
212 8.418441 0.000000 -0.482106 -11.627812 0.462594 -0.679530 0.986412 
213 5.580492 0.000000 -3.142510 94.512567 -0.161312 -27.256790 0.032442 
214 4.634509 0.000000 -3.142510 94.439168 -0.039244 -11.628640 0.094602 
215 5.580492 0.000000 -4.029311 98.001656 -0.172916 -10.679859 0.028159 
216 6.526475 0.000000 -3.142510 102.318630 -0.242040 -22.532495 -0.097687 
217 5.580492 0.000000 -2.255709 93.344161 -0.152761 -22.643410 0.077412 
218 10.310407 0.000000 6.612306 102.033088 0.316187 9.967697 -0.051021 
219 14.094340 0.000000 6.612306 100.855213 -0.270877 6.864638 -0.021897 
220 10.310407 0.000000 10.159511 100.591260 0.305643 8.442046 -0.018996 
221 8.418441 0.000000 1.291497 93.155514 0.220138 49.104641 -0.108926 
222 10.310407 0.000000 1.291497 -11.588219 -0.088205 0.481419 0.986547 
223 8.418441 0.000000 3.065100 100.077965 0.168075 44.126852 -0.196281 
224 5.580492 0.000000 0.404696 83.121162 -0.295112 38.079647 0.164073 
225 5.580492 0.000000 -0.482106 84.401951 -0.407430 34.848707 0.166171 
226 6.526475 0.000000 0.404696 80.317915 -0.098689 44.912383 0.153190 
227 5.580492 0.000000 1.291497 82.167647 -0.239768 40.343218 0.162084 
228 8.418441 0.000000 -5.802914 101.497077 -0.225975 2.916208 -0.031021 
229 8.418441 0.000000 -7.576517 100.502844 -0.354624 3.551534 -0.011356 
230 10.310407 0.000000 -5.802914 99.460247 -0.611735 4.316532 0.008865 
231 7.472458 0.000000 -3.142510 109.658702 -0.210325 -1.128471 -0.202635 
232 7.472458 0.000000 -4.029311 110.042770 -0.261832 -3.986540 -0.212537 
233 8.418441 0.000000 -3.142510 106.316306 -0.207791 11.159191 -0.142773 
234 7.472458 0.000000 -2.255709 -11.390554 -0.089611 -0.491943 0.987001 
235 8.418441 0.000000 4.838703 101.984032 0.159501 16.301116 -0.066649 
236 6.526475 0.000000 4.838703 98.610471 -0.196789 15.671394 0.003034 
237 10.310407 0.000000 4.838703 105.674050 0.320901 11.496466 -0.129928 
238 8.418441 0.000000 6.612306 101.018832 0.013509 11.722820 -0.034223 
239 7.472458 0.000000 2.178299 88.008880 0.101012 50.209315 -0.026655 
240 6.526475 0.000000 2.178299 83.832415 -0.002799 49.970964 0.047503 
241 7.472458 0.000000 1.291497 84.746438 -0.000288 48.086379 0.050574 
242 8.418441 0.000000 2.178299 96.056944 0.196098 46.934220 -0.142980 
243 7.472458 0.000000 3.065100 92.539632 0.219274 50.740255 -0.113820 
244 29.230069 0.000000 -4.029311 98.577143 -0.362587 12.864808 0.011691 
245 29.230069 0.000000 -11.123723 100.920778 0.141393 8.419188 -0.025591 
246 36.797934 0.000000 -4.029311 96.995168 -0.258242 12.378175 0.043865 
247 29.230069 0.000000 3.065100 110.233120 -0.038415 -0.509363 -0.215160 
248 17.878272 0.000000 -0.482106 -8.543461 0.397101 0.606388 0.992648 
249 17.878272 0.000000 -4.029311 105.799016 0.403090 -16.372401 -0.146165 
250 21.662204 0.000000 -0.482106 -10.693838 -0.093826 -0.900496 0.988482 
251 17.878272 0.000000 3.065100 105.151725 0.255465 0.474581 -0.105718 
252 12.202374 0.000000 -2.255709 96.171347 -0.510118 1.052621 0.074970 
253 12.202374 0.000000 -4.029311 95.701555 -0.569669 0.040499 0.084089 
254 14.094340 0.000000 -2.255709 89.856670 -0.534839 -1.959892 0.192165 
255 12.202374 0.000000 -0.482106 -11.711025 -0.555553 1.723079 0.985957 
256 9.364424 0.000000 -3.142510 102.114851 -0.558678 14.259318 -0.063108 
257 9.364424 0.000000 -4.029311 102.911758 -0.497900 14.593358 -0.080404 
258 10.310407 0.000000 -3.142510 98.882353 -0.698181 11.561326 0.008813 
259 9.364424 0.000000 -2.255709 102.925769 -0.535366 15.032065 -0.081996 
260 12.202374 0.000000 1.291497 -10.703935 -0.462363 0.666518 0.988477 
261 14.094340 0.000000 1.291497 -9.263584 -0.118145 1.083117 0.991300 
262 12.202374 0.000000 3.065100 108.487886 -0.820768 -1.622070 -0.177293 
263 9.364424 0.000000 2.178299 104.848534 0.131243 40.873553 -0.266388 
264 9.364424 0.000000 1.291497 -11.564740 0.454854 0.053529 0.986605 
265 10.310407 0.000000 2.178299 115.695104 -0.161474 11.463719 -0.351680 
266 9.364424 0.000000 3.065100 109.635111 0.036634 31.451908 -0.300908 
267 17.878272 0.000000 -7.576517 102.474964 -0.665810 1.910458 -0.050521 
268 17.878272 0.000000 -11.123723 101.222976 -0.183675 5.076070 -0.027189 
269 21.662204 0.000000 -7.576517 104.134196 -0.139200 6.646486 -0.088813 
270 12.202374 0.000000 -5.802914 98.073028 -0.445403 3.053283 0.037216 
271 12.202374 0.000000 -7.576517 99.237509 -0.458740 3.593661 0.013879 
272 14.094340 0.000000 -5.802914 98.206151 -0.203709 0.394626 0.035535 
273 11.256390 0.000000 -3.142510 97.763096 -0.477757 6.023615 0.040586 
274 11.256390 0.000000 -4.029311 97.403081 -0.393521 4.378497 0.049331 
275 12.202374 0.000000 -3.142510 96.502302 -0.488661 1.866947 0.068358 
276 11.256390 0.000000 -2.255709 97.515017 -0.408597 4.102850 0.047382 
277 29.230069 0.000000 10.159511 99.942733 0.026433 4.303816 -0.000707 
278 36.797934 0.000000 10.159511 99.529805 0.065522 6.032372 0.005742 
279 29.230069 0.000000 17.253923 100.268045 0.139795 5.521852 -0.008419 
280 17.878272 0.000000 6.612306 101.068821 -0.144868 5.994145 -0.025086 
281 21.662204 0.000000 6.612306 101.457451 -0.426976 4.287071 -0.031218 
282 17.878272 0.000000 10.159511 100.500970 -0.024601 6.261041 -0.013965 
283 12.202374 0.000000 4.838703 103.291611 0.300870 6.587771 -0.071265 
284 14.094340 0.000000 4.838703 101.974268 -0.741630 6.178476 -0.043747 
285 12.202374 0.000000 6.612306 101.836962 0.333682 8.042115 -0.043555 
286 11.256390 0.000000 2.178299 110.661016 -0.581051 -3.989401 -0.226211 
287 11.256390 0.000000 1.291497 -11.256118 -0.376640 0.567370 0.987284 
288 12.202374 0.000000 2.178299 106.909857 -0.987913 0.590718 -0.143104 
289 11.256390 0.000000 3.065100 111.766056 -0.487443 -1.013676 -0.249292 
290 15.986306 0.000000 1.291497 -8.996463 -0.031601 0.973122 0.991812 
291 15.986306 0.000000 -0.482106 -8.262813 0.023514 1.396378 0.992978 
292 17.878272 0.000000 1.291497 -9.250457 0.304244 0.800435 0.991370 
293 15.986306 0.000000 3.065100 105.343730 -0.011151 2.180618 -0.110206 
294 15.986306 0.000000 4.838703 102.002800 -0.336630 5.762911 -0.043790 
295 17.878272 0.000000 4.838703 102.023466 0.302567 4.913059 -0.043302 
296 15.986306 0.000000 6.612306 100.996090 -0.732174 6.635412 -0.024478 
297 15.040323 0.000000 2.178299 105.450626 -0.117125 3.084114 -0.112936 
298 14.094340 0.000000 2.178299 105.847578 -0.364254 2.748937 -0.121140 
299 15.040323 0.000000 1.291497 -8.829919 -0.002763 1.030846 0.992097 
300 15.986306 0.000000 2.178299 105.315219 0.021501 1.977625 -0.109521 
301 15.040323 0.000000 3.065100 105.458693 -0.131056 3.043917 -0.113082 
302 25.446137 0.000000 -0.482106 -15.776397 0.240024 -3.215261 0.974071 
303 25.446137 0.000000 -4.029311 106.301457 -0.192561 23.804071 -0.186667 
304 29.230069 0.000000 -0.482106 -28.234956 -0.272522 -1.041021 0.920163 
305 25.446137 0.000000 3.065100 106.366216 0.225071 -4.130228 -0.133088 
306 19.770238 0.000000 1.291497 -10.240866 0.231637 0.212933 0.989503 
307 19.770238 0.000000 -0.482106 -9.486167 -0.123774 -0.390698 0.990984 
308 21.662204 0.000000 1.291497 -11.639449 0.035158 0.201802 0.986448 
309 19.770238 0.000000 3.065100 105.338646 0.222309 0.514679 -0.109654 
310 25.446137 0.000000 6.612306 101.674521 0.061922 2.815737 -0.034564 
311 29.230069 0.000000 6.612306 100.433734 -0.148643 2.711062 -0.009431 
312 25.446137 0.000000 10.159511 100.758880 0.031126 4.501231 -0.017261 
313 19.770238 0.000000 4.838703 101.715628 0.346928 4.391994 -0.036548 
314 21.662204 0.000000 4.838703 102.501134 0.258851 4.316012 -0.052518 
315 19.770238 0.000000 6.612306 101.073656 -0.453505 5.482233 -0.024614 
316 18.824255 0.000000 2.178299 105.173908 0.148658 0.468614 -0.106179 
317 17.878272 0.000000 2.178299 105.144407 0.305060 0.426934 -0.105562 
318 18.824255 0.000000 1.291497 -9.803445 0.093997 0.304330 0.990379 
319 19.770238 0.000000 2.178299 105.370126 0.244332 0.397502 -0.110308 
320 18.824255 0.000000 3.065100 105.168832 0.160882 0.368959 -0.106065 
321 23.554171 0.000000 1.291497 -13.211365 0.174432 -1.052256 0.982432 
322 23.554171 0.000000 -0.482106 -12.424914 0.007735 -1.675188 0.984282 
323 25.446137 0.000000 1.291497 -15.715965 0.341577 -1.404675 0.975092 
324 23.554171 0.000000 3.065100 106.799987 0.093723 -0.793326 -0.140688 
325 23.554171 0.000000 4.838703 103.178058 0.212807 2.308478 -0.065109 
326 25.446137 0.000000 4.838703 102.863762 0.246100 0.912639 -0.058185 
327 23.554171 0.000000 6.612306 101.824172 0.055853 3.751391 -0.038224 
328 22.608188 0.000000 2.178299 106.465863 0.080049 0.408986 -0.133515 
329 21.662204 0.000000 2.178299 105.918779 0.139022 0.467326 -0.121903 
330 22.608188 0.000000 1.291497 -12.257832 -0.032944 -0.905195 0.984893 
331 23.554171 0.000000 2.178299 106.874279 0.098011 -1.206790 -0.142358 
332 22.608188 0.000000 3.065100 106.366117 0.084491 0.393824 -0.131391 
333 82.205122 0.000000 -167.200773 99.791165 -0.002892 6.452870 0.000008 
334 82.205122 0.000000 -223.956064 99.791292 -0.002024 6.452830 0.000006 
335 142.748040 0.000000 -167.200773 99.790725 -0.003434 6.452371 0.000018 
336 51.933663 0.000000 -82.067836 99.813192 -0.040458 6.464649 -0.000447 
337 51.933663 0.000000 -110.445482 99.792324 -0.004440 6.454009 -0.000016 
338 82.205122 0.000000 -82.067836 99.796963 -0.023609 6.462737 -0.000120 
339 36.797934 0.000000 -39.501368 100.002946 -0.450287 6.542555 -0.004360 
340 36.797934 0.000000 -53.690191 99.956141 -0.087922 6.506181 -0.003357 
341 51.933663 0.000000 -39.501368 100.003352 -0.356378 6.645536 -0.004496 
342 29.230069 0.000000 -18.218134 100.372039 -0.095404 7.111442 -0.012513 
343 29.230069 0.000000 -25.312545 100.251870 -0.282006 6.662381 -0.009490 
344 36.797934 0.000000 -18.218134 100.061081 -0.512848 7.391413 -0.006712 
345 25.446137 0.000000 -7.576517 102.029970 -0.536254 10.304496 -0.051658 
346 25.446137 0.000000 -11.123723 101.654686 0.494558 7.795197 -0.039468 
347 29.230069 0.000000 -7.576517 100.149307 0.276028 10.141401 -0.013281 
348 203.290957 0.000000 -53.690191 99.790055 -0.011381 6.442082 0.000044 
349 203.290957 0.000000 -110.445482 99.790343 -0.005877 6.449966 0.000029 
350 263.833875 0.000000 -53.690191 99.791183 -0.010870 6.442862 0.000021 
351 203.290957 0.000000 3.065100 99.792633 -0.061237 6.399110 0.000048 
352 112.476581 0.000000 -25.312545 99.778602 -0.036223 6.437891 0.000278 
353 112.476581 0.000000 -53.690191 99.783456 0.029934 6.448726 0.000167 
354 142.748040 0.000000 -25.312545 99.785878 -0.021591 6.422640 0.000153 
355 112.476581 0.000000 3.065100 99.771924 -0.116186 6.398661 0.000461 
356 67.069393 0.000000 -11.123723 99.657487 -0.044578 6.611726 0.002467 
357 67.069393 0.000000 -25.312545 99.760477 -0.016938 6.596552 0.000433 
358 82.205122 0.000000 -11.123723 99.759674 -0.104700 6.584098 0.000465 
359 67.069393 0.000000 3.065100 99.587635 -0.212062 6.227390 0.004348 
360 44.365799 0.000000 -4.029311 97.548453 -0.225864 7.925195 0.042144 
361 44.365799 0.000000 -11.123723 99.078289 -0.189321 7.470738 0.012764 
362 51.933663 0.000000 -4.029311 98.897545 -0.225606 6.805385 0.017291 
363 44.365799 0.000000 3.065100 95.339480 -0.805970 4.558638 0.088895 
364 33.014001 0.000000 -0.482106 104.108414 -0.048008 22.088510 -0.132647 
365 33.014001 0.000000 -4.029311 98.793581 -0.512451 14.710877 0.002316 
366 36.797934 0.000000 -0.482106 101.364109 -0.047716 25.705172 -0.093544 
367 33.014001 0.000000 3.065100 99.053802 -0.072938 -19.142812 -0.017811 
368 27.338103 0.000000 -2.255709 95.900983 0.006709 20.982749 0.036273 
369 25.446137 0.000000 -2.255709 96.596245 0.185009 45.478559 -0.139917 
370 27.338103 0.000000 -4.029311 95.969843 -0.348529 16.073506 0.053131 
371 29.230069 0.000000 -2.255709 99.074690 -0.345294 13.273757 0.000789 
372 27.338103 0.000000 -0.482106 -22.177021 -0.319558 -3.869874 0.949310 
373 23.554171 0.000000 -2.255709 -11.296189 -0.092887 -1.646475 0.986968 
374 21.662204 0.000000 -2.255709 -10.113120 -0.126791 -1.216517 0.989623 
375 23.554171 0.000000 -4.029311 109.380479 -0.268156 11.628089 -0.209937 
376 33.014001 0.000000 -7.576517 99.228337 -0.157226 10.246162 0.004873 
377 33.014001 0.000000 -11.123723 100.094416 -0.638751 8.666984 -0.009442 
378 36.797934 0.000000 -7.576517 98.681298 -0.304059 9.703771 0.016775 
379 27.338103 0.000000 -5.802914 100.113608 -0.416058 12.787468 -0.018643 
380 25.446137 0.000000 -5.802914 102.699087 -0.311261 13.609839 -0.073243 
381 27.338103 0.000000 -7.576517 100.843632 -0.497552 10.370016 -0.027722 
382 29.230069 0.000000 -5.802914 99.535869 -0.214290 11.581812 -0.004157 
383 26.392120 0.000000 -3.142510 93.639638 0.223671 22.099305 0.074319 
384 25.446137 0.000000 -3.142510 101.579263 0.133927 47.336591 -0.255912 
385 26.392120 0.000000 -4.029311 97.223170 -0.316806 21.746330 0.007465 
386 27.338103 0.000000 -3.142510 94.179710 0.150478 21.721094 0.065835 
387 26.392120 0.000000 -2.255709 91.457780 0.237981 21.400435 0.117744 
388 23.554171 0.000000 -5.802914 105.029596 -0.031663 11.634166 -0.116657 
389 21.662204 0.000000 -5.802914 106.896046 -0.668821 7.925401 -0.149002 
390 23.554171 0.000000 -7.576517 103.156784 -0.096726 9.120319 -0.072451 
391 24.500154 0.000000 -3.142510 113.124901 -0.027388 15.589808 -0.304029 
392 23.554171 0.000000 -3.142510 109.457559 -0.258562 11.310455 -0.210895 
393 24.500154 0.000000 -4.029311 111.509796 0.071208 15.860196 -0.268599 
394 24.500154 0.000000 -2.255709 -11.863610 -0.015807 -2.974334 0.985041 
395 27.338103 0.000000 1.291497 -20.396427 -0.322670 0.629854 0.958348 
396 29.230069 0.000000 1.291497 -27.814785 -0.007744 1.427140 0.922430 
397 27.338103 0.000000 3.065100 98.382375 0.033626 0.210361 0.032086 
398 26.392120 0.000000 -1.368907 93.308085 0.220870 21.929632 0.081264 
399 25.446137 0.000000 -1.368907 -15.705382 0.211661 -3.498521 0.974106 
400 27.338103 0.000000 -1.368907 94.949345 0.027044 20.881209 0.054860 
401 26.392120 0.000000 -0.482106 -17.890838 0.265297 -4.003415 0.966382 
402 25.919128 0.000000 -2.699109 72.223104 0.247365 45.583833 0.270588 
403 25.446137 0.000000 -2.699109 96.715443 0.164232 53.782891 -0.224650 
404 25.919128 0.000000 -3.142510 96.228367 0.181999 46.217300 -0.139597 
405 26.392120 0.000000 -2.699109 90.971209 0.240828 21.240581 0.127302 
406 25.919128 0.000000 -2.255709 90.577473 0.240208 21.078094 0.135138 
407 31.122035 0.000000 -2.255709 103.193465 -0.029553 16.123165 -0.090885 
408 31.122035 0.000000 -4.029311 99.676088 0.072143 13.566750 -0.011938 
409 33.014001 0.000000 -2.255709 102.677138 -0.016855 25.588326 -0.119736 
410 31.122035 0.000000 -0.482106 103.061275 0.025192 17.731610 -0.093604 
411 28.284086 0.000000 -3.142510 97.650234 -0.291352 19.174703 0.009668 
412 28.284086 0.000000 -4.029311 97.284428 -0.379832 14.035449 0.033860 
413 29.230069 0.000000 -3.142510 99.002215 -0.346376 13.760262 0.000910 
414 28.284086 0.000000 -2.255709 97.578303 -0.264747 19.294506 0.010613 
415 26.865111 0.000000 -2.699109 94.459388 0.229104 22.455953 0.057310 
416 26.865111 0.000000 -3.142510 93.753841 0.224551 22.154150 0.071936 
417 27.338103 0.000000 -2.699109 94.961674 0.075522 21.324567 0.052754 
418 26.865111 0.000000 -2.255709 94.710012 0.195720 22.283500 0.053342 
419 24.500154 0.000000 -1.368907 -13.211662 0.003545 -2.903005 0.981702 
420 23.554171 0.000000 -1.368907 -11.709409 -0.049964 -1.987906 0.985894 
421 24.500154 0.000000 -0.482106 -13.678036 0.129363 -2.521445 0.980654 
422 25.919128 0.000000 -1.812308 95.029389 0.237598 22.902648 0.044483 
423 25.446137 0.000000 -1.812308 -16.415859 0.185310 -4.281213 0.971216 
424 26.392120 0.000000 -1.812308 93.521251 0.222706 22.040191 0.076796 
425 25.919128 0.000000 -1.368907 96.281028 0.238735 23.145595 0.019419 
426 26.155624 0.000000 -2.477409 83.198223 0.252070 26.483923 0.237659 
427 25.919128 0.000000 -2.477409 83.161288 0.229458 38.351606 0.161330 
428 26.155624 0.000000 -2.699109 81.608366 0.248188 30.648127 0.240071 
429 26.392120 0.000000 -2.477409 91.167918 0.240150 21.309739 0.123425 
430 26.155624 0.000000 -2.255709 90.781977 0.240049 21.158001 0.131091 
431 24.973145 0.000000 -2.699109 105.789951 0.113363 39.335085 -0.273878 
432 24.500154 0.000000 -2.699109 113.207985 -0.025685 15.731175 -0.306352 
433 24.973145 0.000000 -3.142510 107.665337 0.104185 35.713971 -0.286732 
434 24.973145 0.000000 -2.255709 -12.620185 0.079370 -4.335227 0.982193 
435 25.682633 0.000000 -2.477409 88.716571 0.208341 43.334572 0.025144 
436 25.446137 0.000000 -2.477409 96.698439 0.167063 52.557834 -0.211294 
437 25.682633 0.000000 -2.699109 84.335764 0.217888 43.935094 0.095714 
438 25.682633 0.000000 -2.255709 95.671164 0.208302 35.347829 -0.040248 
439 26.392120 0.000000 -4.916113 100.148322 -0.342419 16.598000 -0.030530 
440 25.446137 0.000000 -4.916113 103.585556 -0.163228 17.004935 -0.101916 
441 26.392120 0.000000 -5.802914 101.044815 -0.642482 13.682952 -0.039769 
442 27.338103 0.000000 -4.916113 98.663566 -0.432827 14.679306 0.004983 
443 25.919128 0.000000 -3.585911 96.591150 0.185878 45.117589 -0.136548 
444 25.446137 0.000000 -3.585911 105.036711 0.117334 40.658270 -0.268582 
445 25.919128 0.000000 -4.029311 100.931970 -0.121793 24.154905 -0.077074 
446 26.392120 0.000000 -3.585911 95.049201 0.237616 22.906493 0.044089 
447 26.155624 0.000000 -2.920810 87.524797 0.222790 35.679548 0.106633 
448 25.919128 0.000000 -2.920810 83.852060 0.222076 42.573927 0.115624 
449 26.155624 0.000000 -3.142510 95.660517 0.209814 34.718482 -0.035635 
450 26.392120 0.000000 -2.920810 91.038963 0.239605 21.254338 0.126010 
451 26.037376 0.000000 -2.588259 80.458560 0.253374 29.365020 0.266405 
452 25.919128 0.000000 -2.588259 81.591740 0.239620 35.075743 0.211242 
453 26.037376 0.000000 -2.699109 80.918540 0.251502 29.525100 0.258040 
454 26.155624 0.000000 -2.588259 81.796715 0.248381 30.313960 0.239030 
455 26.037376 0.000000 -2.477409 81.544572 0.246339 31.687425 0.234633 
456 203.290957 0.000000 59.820391 99.793077 0.018728 6.405749 0.000031 
457 263.833875 0.000000 59.820391 99.794510 0.020977 6.395984 0.000015 
458 203.290957 0.000000 116.575682 99.791685 0.007509 6.444231 0.000009 
459 112.476581 0.000000 31.442745 99.786173 0.037375 6.225759 0.000396 
460 142.748040 0.000000 31.442745 99.803660 0.043032 6.165676 0.000121 
461 112.476581 0.000000 59.820391 99.787219 0.026110 6.410541 0.000142 
462 67.069393 0.000000 17.253923 99.679675 0.004954 5.462583 0.003412 
463 82.205122 0.000000 17.253923 99.746800 0.171440 5.402458 0.002136 
464 67.069393 0.000000 31.442745 99.621409 0.319505 6.348005 0.003518 
465 44.365799 0.000000 10.159511 98.947082 0.474559 2.295362 0.020398 
466 51.933663 0.000000 10.159511 99.295157 -2.335985 3.958350 0.011935 
467 44.365799 0.000000 17.253923 99.649904 0.190431 5.198268 0.004284 
468 33.014001 0.000000 6.612306 99.221236 0.002084 2.519577 0.014880 
469 36.797934 0.000000 6.612306 97.594365 -0.000000 3.313464 0.046436 
470 33.014001 0.000000 10.159511 99.541185 -0.263498 4.503249 0.007120 
471 31.122035 0.000000 1.291497 100.594688 -0.156612 -1.045195 -0.012041 
472 33.014001 0.000000 1.291497 105.591318 -0.140305 7.545683 -0.120648 
473 31.122035 0.000000 3.065100 109.691528 -0.025771 -24.219450 -0.261881 
474 27.338103 0.000000 4.838703 101.447827 -0.166455 1.199556 -0.029313 
475 29.230069 0.000000 4.838703 101.337262 -0.267439 1.744646 -0.027236 
476 27.338103 0.000000 6.612306 101.245562 -0.412025 2.418317 -0.025668 
477 28.284086 0.000000 2.178299 98.429985 -0.099761 12.997394 0.014260 
478 27.338103 0.000000 2.178299 103.792290 0.084405 -4.574717 -0.079377 
479 28.284086 0.000000 1.291497 -23.405899 -0.190386 1.843328 0.944873 
480 29.230069 0.000000 2.178299 105.320275 -0.103169 5.730565 -0.112521 
481 28.284086 0.000000 3.065100 85.930775 -0.029150 16.986897 0.232735 
482 31.122035 0.000000 4.838703 99.508946 -0.000000 -1.711006 0.009504 
483 33.014001 0.000000 4.838703 98.445201 -0.057881 -0.882152 0.030776 
484 31.122035 0.000000 6.612306 99.660573 -0.014929 2.531182 0.006136 
485 30.176052 0.000000 2.178299 104.127236 -0.163244 2.857992 -0.085068 
486 30.176052 0.000000 1.291497 -28.820801 -0.095200 -0.471211 0.916913 
487 31.122035 0.000000 2.178299 100.546710 -0.153162 -0.495375 -0.010991 
488 30.176052 0.000000 3.065100 169.330512 -0.024174 -5.782920 -1.870627 
489 28.284086 0.000000 3.951901 96.240786 -0.049183 22.493860 0.023173 
490 27.338103 0.000000 3.951901 104.785213 0.199141 -4.814751 -0.100316 
491 29.230069 0.000000 3.951901 106.897937 -0.023293 7.013342 -0.147636 
492 28.284086 0.000000 4.838703 101.056592 -0.392019 1.962873 -0.021644 
493 28.757078 0.000000 2.621699 104.663543 -0.080015 31.227031 -0.192959 
494 28.284086 0.000000 2.621699 95.568518 -0.083541 15.574930 0.062407 
495 28.757078 0.000000 2.178299 102.792308 -0.092185 10.842572 -0.068383 
496 29.230069 0.000000 2.621699 98.053190 -0.077626 1.135004 0.038428 
497 28.757078 0.000000 3.065100 105.637495 -0.049478 35.360001 -0.240961 
498 26.392120 0.000000 2.178299 105.467842 0.193434 -4.617411 -0.114482 
499 25.446137 0.000000 2.178299 106.558367 0.204834 -4.026022 -0.137094 
500 26.392120 0.000000 1.291497 -17.821296 0.173305 -1.201420 0.968093 
501 26.392120 0.000000 3.065100 105.416326 0.205465 -4.562339 -0.113346 
502 27.811094 0.000000 2.621699 96.345662 -0.006701 5.415304 0.068819 
503 27.338103 0.000000 2.621699 99.484715 0.032011 -1.718908 0.009984 
504 27.811094 0.000000 2.178299 94.136456 -0.033636 4.791768 0.111537 
505 27.811094 0.000000 3.065100 94.586081 -0.015386 7.243564 0.100100 
506 30.176052 0.000000 3.951901 104.505625 -0.024972 -3.660910 -0.093483 
507 31.122035 0.000000 3.951901 101.932913 -0.013859 -7.748822 -0.045036 
508 30.176052 0.000000 4.838703 101.144782 -0.316702 0.865871 -0.023112 
509 28.757078 0.000000 3.508501 102.516618 -0.050142 11.787493 -0.064860 
510 28.284086 0.000000 3.508501 94.796088 -0.058216 18.340485 0.067732 
511 29.230069 0.000000 3.508501 103.353707 -0.038762 4.928096 -0.070628 
512 28.757078 0.000000 3.951901 102.517691 -0.029497 11.499251 -0.064211 
513 28.520582 0.000000 2.843400 102.233133 -0.058700 24.937127 -0.107348 
514 28.284086 0.000000 2.843400 94.289940 -0.048889 18.437799 0.076945 
515 28.520582 0.000000 2.621699 105.603457 -0.066979 12.413621 -0.130619 
516 28.757078 0.000000 2.843400 103.959623 -0.056194 57.582142 -0.412331 
517 28.520582 0.000000 3.065100 89.645479 -0.023344 27.154189 0.122634 
518 29.703061 0.000000 2.621699 101.107278 -0.067320 3.253837 -0.023327 
519 29.703061 0.000000 2.178299 101.469760 -0.112292 -4.108884 -0.031301 
520 30.176052 0.000000 2.621699 213.029120 -0.077442 -39.671086 -3.695521 
521 29.703061 0.000000 3.065100 100.390188 -0.024170 0.067019 -0.007819 
522 28.993573 0.000000 2.843400 101.147151 -0.059535 40.775544 -0.189339 
523 28.993573 0.000000 2.621699 100.537565 -0.085200 22.789102 -0.062715 
524 29.230069 0.000000 2.843400 97.469049 -0.065367 10.633155 0.038672 
525 28.993573 0.000000 3.065100 112.969132 -0.052582 23.671819 -0.332238 
526 26.392120 0.000000 3.951901 105.153816 0.207558 -4.658855 -0.107907 
527 25.446137 0.000000 3.951901 106.441617 0.217476 -4.107553 -0.134674 
528 26.392120 0.000000 4.838703 101.971874 -0.144119 0.810952 -0.039894 
529 27.811094 0.000000 3.508501 92.714528 -0.020140 11.711030 0.126687 
530 27.338103 0.000000 3.508501 97.247130 0.070490 0.489987 0.054275 
531 27.811094 0.000000 3.951901 87.250024 -0.031780 11.499994 0.225518 
532 28.520582 0.000000 3.286800 96.807118 -0.045238 17.453773 0.032375 
533 28.284086 0.000000 3.286800 93.405418 -0.045360 17.346112 0.097454 
534 28.757078 0.000000 3.286800 103.002911 -0.041712 15.312199 -0.084406 
535 28.520582 0.000000 3.508501 99.734885 -0.044775 14.435106 -0.015542 
536 28.638830 0.000000 2.954250 104.856026 -0.038231 43.584260 -0.289438 
537 28.520582 0.000000 2.954250 100.882747 -0.047271 26.232940 -0.086550 
538 28.638830 0.000000 2.843400 100.809094 -0.077689 57.083607 -0.342102 
539 28.757078 0.000000 2.954250 104.727955 -0.050355 50.157030 -0.348367 
540 28.638830 0.000000 3.065100 103.240307 -0.031158 38.424988 -0.213504 
541 28.047590 0.000000 2.843400 89.759857 -0.057689 0.101313 0.194315 
542 27.811094 0.000000 2.843400 88.512326 -0.050657 -20.971714 0.172575 
543 28.047590 0.000000 2.621699 97.002656 -0.050516 11.422556 0.046001 
544 28.047590 0.000000 3.065100 91.630700 -0.020040 16.124781 0.134381 
545 26.865111 0.000000 2.621699 104.892040 0.189413 -4.839580 -0.102580 
546 26.392120 0.000000 2.621699 105.425134 0.203680 -4.571089 -0.113540 
547 26.865111 0.000000 2.178299 104.984218 0.183036 -4.862283 -0.104536 
548 26.865111 0.000000 3.065100 104.770919 0.197043 -4.809276 -0.100011 
549 27.574599 0.000000 2.843400 97.726679 -0.058498 0.699121 0.044900 
550 27.338103 0.000000 2.843400 98.618792 0.033204 -0.070364 0.027433 
551 27.574599 0.000000 2.621699 97.545632 0.010437 0.861817 0.048411 
552 27.574599 0.000000 3.065100 97.382125 0.011789 3.756295 0.050261 
553 28.047590 0.000000 3.286800 94.165936 -0.027885 15.130995 0.090383 
554 27.811094 0.000000 3.286800 92.235169 -0.021986 11.797211 0.135350 
555 28.047590 0.000000 3.508501 96.126579 -0.026365 14.592924 0.054673 
556 27.929342 0.000000 2.954250 88.573335 -0.040566 -6.144517 0.211701 
557 27.811094 0.000000 2.954250 88.375588 -0.047171 -19.838853 0.179617 
558 27.929342 0.000000 2.843400 88.689404 -0.055420 -13.317424 0.195683 
559 28.047590 0.000000 2.954250 89.519117 -0.053125 1.649851 0.198360 
560 27.929342 0.000000 3.065100 93.290120 -0.016454 9.060682 0.121486 
561 26.865111 0.000000 3.508501 104.937739 0.186355 -4.850901 -0.103550 
562 26.392120 0.000000 3.508501 105.463431 0.195680 -4.602568 -0.114376 
563 26.865111 0.000000 3.951901 104.783011 0.199248 -4.814179 -0.100270 
564 27.574599 0.000000 3.286800 96.892864 0.011923 4.833758 0.058841 
565 27.338103 0.000000 3.286800 96.135707 0.069799 3.156611 0.074796 
566 27.574599 0.000000 3.508501 91.975828 0.027303 6.950688 0.149213 
567 27.692847 0.000000 2.954250 90.939476 -0.053900 -16.624094 0.145365 
568 27.574599 0.000000 2.954250 97.629538 -0.060681 0.757481 0.046790 
569 27.692847 0.000000 2.843400 91.025816 -0.051851 -16.634602 0.143759 
570 27.692847 0.000000 3.065100 96.523539 0.003613 4.856835 0.065962 
571 28.284086 0.000000 0.404696 -24.451834 -0.199452 -0.839020 0.940136 
572 27.338103 0.000000 0.404696 -21.245426 -0.294783 -1.768471 0.954542 
573 28.284086 0.000000 -0.482106 -25.199995 -0.230213 -2.923276 0.935636 
574 29.230069 0.000000 0.404696 -27.032052 -0.246017 -0.408580 0.926904 
575 27.811094 0.000000 1.734898 101.510180 -0.206371 -3.729117 -0.031827 
576 27.338103 0.000000 1.734898 104.792841 0.198773 -4.816730 -0.100478 
577 27.811094 0.000000 1.291497 -21.902468 -0.223910 1.155357 0.951890 
578 28.284086 0.000000 1.734898 101.498819 -0.206376 -3.728948 -0.031596 
579 28.047590 0.000000 2.399999 98.382693 -0.052438 10.318693 0.021437 
580 27.811094 0.000000 2.399999 95.490641 -0.011257 8.001075 0.081752 
581 28.047590 0.000000 2.178299 93.925864 -0.088532 10.359123 0.107061 
582 28.284086 0.000000 2.399999 97.471125 -0.094203 13.974337 0.030409 
583 27.929342 0.000000 2.732549 94.223950 -0.019490 8.020303 0.105752 
584 27.811094 0.000000 2.732549 96.152718 -0.006152 5.455971 0.072489 
585 27.929342 0.000000 2.621699 98.236965 -0.034926 7.526469 0.029285 
586 28.047590 0.000000 2.732549 92.810948 -0.048298 10.672659 0.127222 
587 27.870218 0.000000 2.898825 84.526732 -0.040348 -20.751354 0.242461 
588 27.811094 0.000000 2.898825 86.562005 -0.060728 -31.002978 0.154583 
589 27.870218 0.000000 2.843400 88.109002 -0.053795 -17.451471 0.193225 
590 27.929342 0.000000 2.898825 85.197090 -0.034819 -27.879265 0.196420 
591 27.870218 0.000000 2.954250 87.937029 -0.051172 -16.686135 0.198865 
592 27.574599 0.000000 2.399999 96.263223 0.008780 2.904655 0.072495 
593 27.338103 0.000000 2.399999 100.900575 0.036664 -2.583467 -0.018760 
594 27.574599 0.000000 2.178299 97.925066 0.007681 -0.091747 0.041067 
595 27.692847 0.000000 2.732549 97.089436 0.002199 4.121373 0.055666 
596 27.574599 0.000000 2.732549 97.791387 0.010580 3.172977 0.042678 
597 27.692847 0.000000 2.621699 97.108007 0.001534 4.317951 0.055139 
598 27.870218 0.000000 2.787975 89.820339 -0.034615 -4.966124 0.190764 
599 27.811094 0.000000 2.787975 89.813453 -0.039968 -15.456349 0.169464 
600 27.870218 0.000000 2.732549 97.804858 -0.021095 7.807282 0.037326 
601 27.929342 0.000000 2.787975 89.715200 -0.040832 -4.919207 0.192698 
602 28.165838 0.000000 2.954250 90.940775 -0.049344 11.968396 0.158653 
603 28.165838 0.000000 2.843400 91.539490 -0.064414 8.630517 0.154603 
604 28.284086 0.000000 2.954250 93.717953 -0.045238 18.835581 0.086216 
605 28.165838 0.000000 3.065100 90.984258 -0.041169 15.300815 0.148775 
606 27.988466 0.000000 2.898825 88.791151 -0.076174 -12.580608 0.195785 
607 27.988466 0.000000 2.843400 89.866711 -0.063767 -5.710786 0.189136 
608 28.047590 0.000000 2.898825 86.914839 -0.038502 -1.325413 0.244405 
609 27.988466 0.000000 2.954250 89.788301 -0.056748 -3.141742 0.192819 
610 27.899780 0.000000 2.871112 85.703041 -0.038546 -25.688242 0.199510 
611 27.870218 0.000000 2.871112 86.860119 -0.051926 -19.815057 0.206268 
612 27.899780 0.000000 2.843400 88.387990 -0.053597 -15.196989 0.195661 
613 27.929342 0.000000 2.871112 86.239177 -0.041561 -23.571227 0.200720 
614 27.899780 0.000000 2.898825 87.054136 -0.066201 -24.190908 0.183637 
615 40.581866 0.000000 -0.482106 101.887957 -0.048756 25.228534 -0.101764 
616 40.581866 0.000000 -4.029311 96.892966 -0.127912 9.928569 0.051316 
617 44.365799 0.000000 -0.482106 95.630782 -0.512790 7.583602 0.079698 
618 40.581866 0.000000 3.065100 103.890762 -0.034685 -4.115169 -0.081023 
619 34.905968 0.000000 1.291497 105.927139 -0.131118 7.388140 -0.127516 
620 34.905968 0.000000 -0.482106 101.303223 -0.051714 27.208190 -0.100263 
621 36.797934 0.000000 1.291497 104.565750 0.002715 11.338172 -0.106255 
622 34.905968 0.000000 3.065100 111.521929 -0.041230 -12.614268 -0.259626 
623 32.068018 0.000000 2.178299 102.404520 -0.196367 -0.438194 -0.048692 
624 32.068018 0.000000 1.291497 102.894348 -0.208435 -0.590653 -0.058764 
625 33.014001 0.000000 2.178299 102.672231 -0.195234 -2.566487 -0.054821 
626 32.068018 0.000000 3.065100 115.317020 -0.019255 5.273719 -0.332583 
627 40.581866 0.000000 6.612306 96.460830 0.000000 2.522831 0.068894 
628 44.365799 0.000000 6.612306 97.395041 -0.053706 3.314620 0.050322 
629 40.581866 0.000000 10.159511 99.597097 -0.057900 0.043850 0.008041 
630 34.905968 0.000000 4.838703 99.008141 0.000000 0.986400 0.019641 
631 36.797934 0.000000 4.838703 98.352076 -0.009003 0.610767 0.032650 
632 34.905968 0.000000 6.612306 98.232290 0.000000 2.682214 0.034322 
633 33.959985 0.000000 2.178299 102.193275 -0.159829 9.808950 -0.053971 
634 33.959985 0.000000 1.291497 104.356672 -0.127597 9.730998 -0.098502 
635 34.905968 0.000000 2.178299 104.663272 -0.083899 -22.473696 -0.145947 
636 33.959985 0.000000 3.065100 98.273509 -0.089373 8.644550 0.026758 
637 32.068018 0.000000 3.951901 99.969400 -0.002165 -1.906079 0.000249 
638 33.014001 0.000000 3.951901 97.448387 -0.010998 -5.300916 0.047571 
639 32.068018 0.000000 4.838703 99.933932 -0.000000 -2.219713 0.000828 
640 32.541010 0.000000 2.621699 100.232372 -0.114252 -28.059922 -0.083390 
641 32.068018 0.000000 2.621699 111.520249 -0.090451 29.472136 -0.330538 
642 32.541010 0.000000 2.178299 103.147513 -0.206950 -0.453575 -0.063966 
643 33.014001 0.000000 2.621699 89.369899 -0.101527 -15.456217 0.177412 
644 32.541010 0.000000 3.065100 134.121096 -0.024157 -22.504338 -0.849491 
645 31.595027 0.000000 2.621699 90.216475 -0.085462 -0.329079 0.186087 
646 31.122035 0.000000 2.621699 94.291848 -0.063621 -15.784728 0.085989 
647 31.595027 0.000000 2.178299 101.182563 -0.182860 -1.255792 -0.023952 
648 31.595027 0.000000 3.065100 92.837487 -0.032986 -4.689142 0.135921 
649 33.959985 0.000000 3.951901 99.455817 -0.033345 0.861250 0.010780 
650 34.905968 0.000000 3.951901 104.357855 -0.046230 -0.492467 -0.089081 
651 33.959985 0.000000 4.838703 98.791764 -0.010401 0.984208 0.023922 
652 32.541010 0.000000 3.508501 107.200218 -0.019724 -10.424139 -0.160055 
653 32.068018 0.000000 3.508501 102.906804 -0.022860 -3.473173 -0.060187 
654 33.014001 0.000000 3.508501 102.868677 -0.020133 -12.754196 -0.074463 
655 32.541010 0.000000 3.951901 100.946136 -0.017376 -5.119739 -0.021633 
656 32.304514 0.000000 2.843400 144.155287 -0.029281 30.194733 -1.169247 
657 32.068018 0.000000 2.843400 115.077022 -0.048447 31.783911 -0.425294 
658 32.304514 0.000000 2.621699 108.245369 -0.135883 -15.853011 -0.196840 
659 32.541010 0.000000 2.843400 116.340470 -0.081402 -26.193157 -0.422119 
660 32.304514 0.000000 3.065100 128.030332 -0.034587 -9.052225 -0.647371 
661 32.068018 0.000000 0.404696 103.763082 -0.063581 23.854874 -0.133584 
662 31.122035 0.000000 0.404696 -23.105597 0.069175 -0.465747 0.946591 
663 32.068018 0.000000 -0.482106 103.599063 -0.022524 19.582209 -0.111623 
664 33.014001 0.000000 0.404696 105.567924 -0.117808 11.185168 -0.126971 
665 32.541010 0.000000 1.734898 103.747793 -0.193648 0.110453 -0.076365 
666 32.068018 0.000000 1.734898 102.670522 -0.197861 -0.243793 -0.054133 
667 32.541010 0.000000 1.291497 105.587783 -0.171619 2.695897 -0.115608 
668 33.014001 0.000000 1.734898 105.439054 -0.197696 0.543580 -0.111773 
669 32.304514 0.000000 2.399999 103.410435 -0.168620 -8.043859 -0.075845 
670 32.068018 0.000000 2.399999 105.817162 -0.178393 -4.726725 -0.121965 
671 32.304514 0.000000 2.178299 102.945689 -0.195558 -0.047245 -0.059786 
672 32.541010 0.000000 2.399999 103.754692 -0.159932 -9.586933 -0.085697 
673 33.486993 0.000000 2.621699 89.682901 -0.104313 -2.439143 0.195102 
674 33.486993 0.000000 2.178299 97.130625 -0.159590 0.664890 0.056517 
675 33.959985 0.000000 2.621699 93.144088 -0.085554 19.755419 0.093389 
676 33.486993 0.000000 3.065100 95.197996 -0.071711 -2.715411 0.092996 
677 32.777506 0.000000 2.843400 94.673375 -0.085836 -30.149502 0.012795 
678 32.777506 0.000000 2.621699 91.570319 -0.094955 -30.916922 0.065901 
679 33.014001 0.000000 2.843400 94.353692 -0.092978 -17.010809 0.080800 
680 32.777506 0.000000 3.065100 116.164500 -0.027349 -29.783546 -0.438125 
681 32.422762 0.000000 2.732549 116.656491 -0.099235 -27.738529 -0.437817 
682 32.304514 0.000000 2.732549 120.902339 -0.070732 -14.538093 -0.482874 
683 32.422762 0.000000 2.621699 103.439125 -0.120492 -25.846866 -0.136773 
684 32.541010 0.000000 2.732549 101.933655 -0.100555 -25.470562 -0.103923 
685 32.422762 0.000000 2.843400 127.346424 -0.063747 -9.303714 -0.630367 
686 31.595027 0.000000 3.508501 96.601349 -0.009737 -8.021695 0.060383 
687 31.122035 0.000000 3.508501 104.300273 -0.010957 -10.408820 -0.098689 
688 31.595027 0.000000 3.951901 99.553243 -0.016644 -4.871047 0.006542 
689 31.831523 0.000000 2.843400 93.944739 -0.048468 9.832685 0.107770 
690 31.595027 0.000000 2.843400 91.041266 -0.043951 1.120341 0.171023 
691 31.831523 0.000000 2.621699 95.826467 -0.078306 9.953108 0.071822 
692 31.831523 0.000000 3.065100 99.254021 -0.034981 1.886191 0.014508 
693 32.186266 0.000000 2.732549 123.287643 -0.066653 26.644822 -0.590979 
694 32.068018 0.000000 2.732549 115.720575 -0.074954 40.427319 -0.502563 
695 32.186266 0.000000 2.621699 112.816218 -0.097223 29.027262 -0.357009 
696 32.186266 0.000000 2.843400 131.003427 -0.039795 36.269037 -0.847734 
697 32.304514 0.000000 3.286800 116.795377 -0.023283 -7.565195 -0.369839 
698 32.068018 0.000000 3.286800 103.490289 -0.024452 -2.164641 -0.071493 
699 32.541010 0.000000 3.286800 119.146604 -0.019276 -14.410817 -0.440359 
700 32.304514 0.000000 3.508501 103.669913 -0.011943 -2.826789 -0.075544 
701 32.422762 0.000000 2.954250 138.622495 -0.039490 -16.274119 -0.948104 
702 32.304514 0.000000 2.954250 139.331689 -0.030392 15.031914 -0.963928 
703 32.541010 0.000000 2.954250 124.747582 -0.051629 -21.627761 -0.602972 
704 32.422762 0.000000 3.065100 142.564235 -0.024151 -16.944259 -1.061167 
705 32.363638 0.000000 2.787975 129.193381 -0.066946 2.999123 -0.669993 
706 32.304514 0.000000 2.787975 131.087360 -0.054001 9.106470 -0.726683 
707 32.363638 0.000000 2.732549 121.999988 -0.078358 -15.209153 -0.511532 
708 32.422762 0.000000 2.787975 121.493165 -0.082046 -15.513327 -0.500126 
709 32.363638 0.000000 2.843400 135.347272 -0.050228 10.232864 -0.842360 
710 38.689900 0.000000 1.291497 102.981625 0.150601 13.370211 -0.078400 
711 38.689900 0.000000 -0.482106 101.214017 0.057974 25.448621 -0.089191 
712 40.581866 0.000000 1.291497 103.660414 -0.036732 9.279782 -0.083160 
713 38.689900 0.000000 3.065100 96.521422 0.044970 -5.972155 0.064795 
714 35.851951 0.000000 2.178299 98.421805 -0.042969 -3.854307 0.029829 
715 35.851951 0.000000 1.291497 105.675673 -0.103060 10.232753 -0.127207 
716 36.797934 0.000000 2.178299 100.355123 0.028566 10.794279 -0.018767 
717 35.851951 0.000000 3.065100 94.389300 -0.009659 -14.507521 0.088019 
718 34.432976 0.000000 2.621699 103.687819 -0.101033 14.990479 -0.097589 
719 34.432976 0.000000 2.178299 102.939296 -0.143804 10.796993 -0.071309 
720 34.905968 0.000000 2.621699 101.952255 -0.043639 -23.019741 -0.092417 
721 34.432976 0.000000 3.065100 104.941240 -0.079197 7.076407 -0.106275 
722 34.905968 0.000000 -2.255709 101.323691 -0.071209 28.914880 -0.110257 
723 34.905968 0.000000 -4.029311 97.543141 -0.272054 13.628861 0.029952 
724 36.797934 0.000000 -2.255709 99.623536 -0.119589 30.989094 -0.088519 
725 33.959985 0.000000 0.404696 104.519023 -0.119922 15.206436 -0.115548 
726 33.959985 0.000000 -0.482106 103.228018 -0.060827 23.470837 -0.120691 
727 34.905968 0.000000 0.404696 105.368404 -0.093832 14.902300 -0.132459 
728 34.432976 0.000000 1.734898 105.100336 -0.148641 5.610726 -0.107758 
729 33.959985 0.000000 1.734898 104.943947 -0.172357 0.495349 -0.101351 
730 34.432976 0.000000 1.291497 105.417126 -0.127765 8.278797 -0.118133 
731 34.905968 0.000000 1.734898 105.832028 -0.137446 6.284435 -0.123993 
732 38.689900 0.000000 4.838703 97.792240 0.015161 0.268237 0.043661 
733 40.581866 0.000000 4.838703 96.479595 -0.000000 1.236406 0.069016 
734 38.689900 0.000000 6.612306 96.769324 -0.000000 2.780307 0.062797 
735 35.851951 0.000000 3.951901 100.349792 -0.031179 -3.224033 -0.008048 
736 36.797934 0.000000 3.951901 100.805106 -0.033051 -0.064768 -0.016167 
737 35.851951 0.000000 4.838703 98.282786 -0.004222 0.077657 0.034049 
738 35.378959 0.000000 2.621699 100.950569 -0.022159 -42.372084 -0.198641 
739 35.378959 0.000000 2.178299 101.903407 -0.061685 -17.059253 -0.067533 
740 35.851951 0.000000 2.621699 95.460837 -0.015253 -9.652733 0.079405 
741 35.378959 0.000000 3.065100 102.801012 -0.040109 -21.657353 -0.103709 
742 34.669472 0.000000 2.399999 102.018678 -0.077611 -31.624667 -0.140794 
743 34.432976 0.000000 2.399999 103.308315 -0.116059 9.300325 -0.075912 
744 34.669472 0.000000 2.178299 103.390645 -0.095368 -8.159288 -0.075621 
745 34.905968 0.000000 2.399999 101.353309 -0.048783 -21.297312 -0.072607 
746 34.669472 0.000000 2.621699 102.401128 -0.041395 -44.309334 -0.244931 
747 35.851951 0.000000 0.404696 104.045315 -0.104673 16.933249 -0.111217 
748 35.851951 0.000000 -0.482106 101.317601 -0.085950 27.165168 -0.100321 
749 36.797934 0.000000 0.404696 103.579850 -0.047100 18.146090 -0.105807 
750 35.378959 0.000000 1.734898 103.340365 -0.110099 4.687952 -0.070122 
751 35.378959 0.000000 1.291497 105.394167 -0.125415 8.541460 -0.118090 
752 35.851951 0.000000 1.734898 102.543628 -0.071278 4.948823 -0.053969 
753 37.743917 0.000000 2.178299 102.759387 0.258662 -12.391069 -0.071310 
754 37.743917 0.000000 1.291497 105.045726 0.035764 10.944944 -0.115440 
755 38.689900 0.000000 2.178299 90.852474 0.512031 -4.068945 0.172901 
756 37.743917 0.000000 3.065100 107.905688 0.027128 -4.994989 -0.166859 
757 36.324942 0.000000 2.621699 96.203107 0.021717 2.505020 0.073869 
758 36.324942 0.000000 2.178299 99.689542 0.007534 4.056922 0.004554 
759 36.797934 0.000000 2.621699 99.804775 0.028570 7.713080 -0.002049 
760 36.324942 0.000000 3.065100 98.134867 0.023166 -1.128661 0.036827 
761 35.615455 0.000000 2.399999 98.955394 -0.033267 -24.817788 -0.040809 
762 35.378959 0.000000 2.399999 101.118652 -0.033321 -32.422872 -0.127623 
763 35.615455 0.000000 2.178299 100.431491 -0.049314 -13.061930 -0.025710 
764 35.851951 0.000000 2.399999 93.378653 -0.000133 -7.062539 0.123055 
765 35.615455 0.000000 2.621699 98.345600 -0.017404 -41.769523 -0.141655 
766 35.142463 0.000000 2.399999 102.989405 -0.004959 -47.268972 -0.284117 
767 35.142463 0.000000 2.178299 103.290010 -0.065686 -20.790010 -0.110106 
768 35.142463 0.000000 2.621699 103.304837 -0.006091 -54.607099 -0.365382 
769 35.378959 0.000000 3.508501 104.644243 -0.055715 -9.846879 -0.104738 
770 34.905968 0.000000 3.508501 110.646338 -0.052649 -2.209495 -0.224750 
771 35.851951 0.000000 3.508501 98.909070 -0.034509 -7.119077 0.016631 
772 35.378959 0.000000 3.951901 102.178516 -0.036934 -3.164774 -0.045047 
773 35.615455 0.000000 2.843400 99.577081 -0.026578 -29.948321 -0.081250 
774 35.378959 0.000000 2.843400 101.928918 -0.035427 -30.711669 -0.133271 
775 35.851951 0.000000 2.843400 96.645786 -0.029303 -11.528212 0.052669 
776 35.615455 0.000000 3.065100 99.796128 -0.045691 -13.499560 -0.014151 
777 35.497207 0.000000 2.510849 99.676798 -0.025435 -39.072262 -0.146211 
778 35.378959 0.000000 2.510849 100.776031 -0.022188 -40.378802 -0.178626 
779 35.497207 0.000000 2.399999 100.323192 -0.033736 -29.193005 -0.091698 
780 35.615455 0.000000 2.510849 98.656727 -0.020202 -34.468196 -0.092121 
781 35.497207 0.000000 2.621699 99.046869 -0.019509 -50.072534 -0.231754 
782 59.501528 0.000000 -4.029311 99.408988 -0.108568 6.654376 0.007356 
783 59.501528 0.000000 -11.123723 99.542488 -0.097321 6.659184 0.004694 
784 67.069393 0.000000 -4.029311 99.598580 -0.064110 6.614059 0.003637 
785 59.501528 0.000000 3.065100 99.365483 -0.310316 6.108997 0.008908 
786 48.149731 0.000000 -0.482106 97.911133 -0.342746 6.616545 0.036951 
787 48.149731 0.000000 -4.029311 98.341734 -0.283435 7.030267 0.027940 
788 51.933663 0.000000 -0.482106 98.733389 -0.179750 6.518581 0.020919 
789 48.149731 0.000000 3.065100 97.980021 0.434900 4.854314 0.037616 
790 42.473832 0.000000 1.291497 102.541001 -0.053406 6.317155 -0.055457 
791 42.473832 0.000000 -0.482106 92.979131 -0.338280 10.373538 0.124716 
792 44.365799 0.000000 1.291497 94.606344 -1.003340 6.312653 0.100878 
793 42.473832 0.000000 3.065100 104.590447 -0.115225 -9.178636 -0.102342 
794 59.501528 0.000000 10.159511 99.536573 -0.034604 4.216737 0.007469 
795 67.069393 0.000000 10.159511 99.690207 -1.532594 4.506396 0.003921 
796 59.501528 0.000000 17.253923 99.610255 0.122496 5.396841 0.004866 
797 48.149731 0.000000 6.612306 98.415981 0.308939 4.349323 0.029528 
798 51.933663 0.000000 6.612306 98.978688 -0.103519 4.806421 0.018011 
799 48.149731 0.000000 10.159511 99.078759 0.948330 3.397997 0.017095 
800 42.473832 0.000000 4.838703 96.301920 0.000000 2.105194 0.072151 
801 44.365799 0.000000 4.838703 96.576875 -0.613904 3.848444 0.065772 
802 42.473832 0.000000 6.612306 96.829684 0.000000 2.722042 0.061660 
803 41.527849 0.000000 2.178299 96.206744 0.597440 -0.284792 0.074382 
804 40.581866 0.000000 2.178299 96.103031 0.564037 -9.881425 0.066625 
805 41.527849 0.000000 1.291497 102.733309 -0.090173 10.002110 -0.065418 
806 42.473832 0.000000 2.178299 102.387666 -0.006448 3.820005 -0.049783 
807 41.527849 0.000000 3.065100 100.117341 -0.000068 -1.239530 -0.002502 
808 44.365799 0.000000 -18.218134 99.729929 -0.474307 7.097189 0.000335 
809 44.365799 0.000000 -25.312545 99.901530 -0.012532 6.793018 -0.002646 
810 51.933663 0.000000 -18.218134 99.634449 -0.129220 6.781204 0.002698 
811 40.581866 0.000000 -7.576517 98.405323 -0.153899 8.627371 0.024194 
812 40.581866 0.000000 -11.123723 99.068402 -0.164862 7.947422 0.012226 
813 44.365799 0.000000 -7.576517 98.536388 -0.256601 7.689129 0.023139 
814 42.473832 0.000000 -2.255709 95.888999 -0.245697 9.437796 0.071617 
815 40.581866 0.000000 -2.255709 95.431004 -0.154443 11.373799 0.076354 
816 42.473832 0.000000 -4.029311 97.157310 -0.242104 8.832839 0.048238 
817 44.365799 0.000000 -2.255709 96.741709 -0.344928 7.935477 0.057795 
818 41.527849 0.000000 0.404696 103.554550 -0.177617 9.523827 -0.081428 
819 40.581866 0.000000 0.404696 103.385572 -0.066781 12.023203 -0.083314 
820 41.527849 0.000000 -0.482106 103.130569 -0.227965 24.525358 -0.123746 
821 42.473832 0.000000 0.404696 102.095387 -0.217257 18.508589 -0.076608 
822 46.257765 0.000000 1.291497 96.908289 -0.524472 6.199557 0.057007 
823 46.257765 0.000000 -0.482106 97.127280 -0.392974 6.896840 0.051857 
824 48.149731 0.000000 1.291497 97.844513 -0.401053 6.171401 0.038820 
825 46.257765 0.000000 3.065100 97.097228 -0.227083 5.267369 0.054433 
826 43.419815 0.000000 2.178299 91.680425 -2.468287 4.174181 0.157118 
827 43.419815 0.000000 1.291497 91.308692 -2.030486 6.675286 0.161404 
828 44.365799 0.000000 2.178299 94.745447 -1.165002 5.326208 0.099357 
829 43.419815 0.000000 3.065100 93.859363 -1.192192 3.344779 0.117781 
830 42.000841 0.000000 1.734898 102.140253 0.008888 5.017865 -0.045781 
831 41.527849 0.000000 1.734898 102.021659 0.041626 5.129364 -0.043473 
832 42.000841 0.000000 1.291497 102.526489 -0.057985 7.408022 -0.056656 
833 42.473832 0.000000 1.734898 54.728980 -0.122274 11.385195 0.687510 
834 42.000841 0.000000 2.178299 101.782834 0.076408 2.744997 -0.036729 
835 43.419815 0.000000 0.404696 92.982473 -0.943599 8.064082 0.128834 
836 43.419815 0.000000 -0.482106 94.405909 -0.515638 8.583165 0.101359 
837 44.365799 0.000000 0.404696 95.012239 -0.734301 7.079788 0.092201 
838 42.000841 0.000000 0.848096 103.575283 -0.174542 8.662364 -0.080291 
839 41.527849 0.000000 0.848096 102.797407 -0.104563 10.252665 -0.067244 
840 42.000841 0.000000 0.404696 103.577962 -0.175239 8.565537 -0.080179 
841 42.473832 0.000000 0.848096 103.631551 -0.171820 7.404117 -0.079435 
842 42.946824 0.000000 1.734898 103.786010 -0.165681 5.353737 -0.080023 
843 42.946824 0.000000 1.291497 103.719689 -0.168423 6.119008 -0.079524 
844 43.419815 0.000000 1.734898 90.964632 -2.529281 5.385388 0.169004 
845 42.946824 0.000000 2.178299 103.861455 -0.162970 4.595927 -0.080835 
846 42.237337 0.000000 1.513198 68.296688 -0.255338 34.925454 0.411571 
847 42.000841 0.000000 1.513198 102.377929 -0.031138 6.344396 -0.052149 
848 42.237337 0.000000 1.291497 102.521219 -0.054036 6.747792 -0.055614 
849 42.473832 0.000000 1.513198 102.482924 -0.040770 5.718346 -0.053545 
850 42.237337 0.000000 1.734898 38.560285 -0.151419 11.908062 0.837128 
851 41.527849 0.000000 3.951901 97.674482 -0.002522 -3.175970 0.044961 
852 40.581866 0.000000 3.951901 99.767721 0.035997 -3.337172 0.003526 
853 42.473832 0.000000 3.951901 94.513840 -0.516883 1.819258 0.106356 
854 41.527849 0.000000 4.838703 95.979766 0.000000 1.552157 0.078548 
855 42.000841 0.000000 2.621699 102.343638 0.032522 1.987025 -0.047817 
856 41.527849 0.000000 2.621699 100.231555 0.056159 -1.245695 -0.004792 
857 42.473832 0.000000 2.621699 102.510228 -0.007981 3.118114 -0.051807 
858 42.000841 0.000000 3.065100 101.993414 -0.004741 1.491145 -0.040488 
859 42.237337 0.000000 1.956598 48.947756 0.295458 -16.928430 0.731746 
860 42.000841 0.000000 1.956598 101.854132 0.054897 3.719270 -0.038810 
861 42.473832 0.000000 1.956598 59.506635 -0.030852 -4.551116 0.643825 
862 42.237337 0.000000 2.178299 90.373488 0.365095 -6.997741 0.178353 
863 15.986306 0.000000 -2.255709 -6.522491 -0.024012 0.929140 0.995659 
864 15.986306 0.000000 -4.029311 101.100389 0.353821 -5.818732 -0.025527 
865 17.878272 0.000000 -2.255709 -7.642755 0.180971 0.192449 0.994152 
866 15.986306 0.000000 -5.802914 100.247655 -0.351555 -1.771296 -0.005285 
867 15.986306 0.000000 -7.576517 100.487102 -0.328652 1.702975 -0.010067 
868 17.878272 0.000000 -5.802914 103.647635 -0.179426 -1.997690 -0.074686 
869 15.040323 0.000000 -3.142510 97.437155 -0.091351 -22.166767 0.001463 
870 14.094340 0.000000 -3.142510 86.856495 -0.535131 -12.153646 0.230795 
871 15.040323 0.000000 -4.029311 98.210640 -0.456211 -9.321416 0.026757 
872 15.986306 0.000000 -3.142510 101.584590 0.194072 -8.162809 -0.038610 
873 15.040323 0.000000 -2.255709 -6.413841 -0.161548 2.126662 0.995431 
874 13.148357 0.000000 -3.142510 93.104378 -0.550165 -0.944349 0.133038 
875 13.148357 0.000000 -4.029311 95.701555 -0.569669 0.040499 0.084089 
876 13.148357 0.000000 -2.255709 92.875208 -0.538227 -0.896664 0.137310 
877 15.040323 0.000000 -1.368907 -7.707001 -0.155125 2.188904 0.993579 
878 14.094340 0.000000 -1.368907 -9.113591 -0.097142 3.413728 0.990528 
879 15.986306 0.000000 -1.368907 -7.547818 0.011769 1.449213 0.994093 
880 15.040323 0.000000 -0.482106 -8.423818 -0.000453 1.740413 0.992601 
881 14.567331 0.000000 -2.699109 92.524573 -0.308820 -19.197811 0.107055 
882 14.094340 0.000000 -2.699109 90.007871 -0.538048 -1.974348 0.189440 
883 14.567331 0.000000 -3.142510 89.726406 -0.304191 -28.027055 0.116356 
884 15.040323 0.000000 -2.699109 94.211023 -0.165252 -30.138187 0.021595 
885 14.567331 0.000000 -2.255709 90.999387 -0.559089 -2.069149 0.171452 
886 13.148357 0.000000 -1.368907 -11.926393 -0.226810 3.212611 0.984739 
887 12.202374 0.000000 -1.368907 -12.456631 0.045657 1.773043 0.984169 
888 13.148357 0.000000 -0.482106 -10.685345 -0.128531 2.190302 0.988101 
889 13.621348 0.000000 -2.699109 92.218478 -0.547148 -1.262743 0.149386 
890 13.148357 0.000000 -2.699109 93.097394 -0.549558 -0.940362 0.133169 
891 13.621348 0.000000 -3.142510 92.103443 -0.548489 -1.341985 0.151485 
892 13.621348 0.000000 -2.255709 89.855372 -0.534812 -1.959768 0.192189 
893 15.040323 0.000000 -4.916113 98.113915 -0.368144 -3.802657 0.035906 
894 14.094340 0.000000 -4.916113 96.327648 -0.419676 -1.478930 0.071862 
895 15.040323 0.000000 -5.802914 99.133383 -0.399392 -0.943952 0.017152 
896 15.986306 0.000000 -4.916113 99.805681 -0.354314 -4.473887 0.001868 
897 14.567331 0.000000 -3.585911 93.689402 -0.229538 -25.572612 0.056828 
898 14.094340 0.000000 -3.585911 89.919116 -0.536164 -1.965862 0.191040 
899 14.567331 0.000000 -4.029311 93.847429 -0.455390 -8.420277 0.112155 
900 15.040323 0.000000 -3.585911 97.964373 -0.076674 -20.877223 -0.003288 
901 14.330835 0.000000 -2.920810 84.895464 -0.437489 -27.218496 0.205172 
902 14.094340 0.000000 -2.920810 86.785102 -0.535227 -12.410811 0.231403 
903 14.330835 0.000000 -3.142510 87.439254 -0.401106 -24.429438 0.175742 
904 14.567331 0.000000 -2.920810 88.002680 -0.373396 -25.736461 0.159302 
905 14.330835 0.000000 -2.699109 87.287924 -0.488566 -15.919699 0.212714 
906 13.148357 0.000000 -4.916113 96.463106 -0.185990 1.126919 0.069356 
907 12.202374 0.000000 -4.916113 97.127749 -0.281614 2.885555 0.055779 
908 13.148357 0.000000 -5.802914 97.889802 -0.255908 2.001424 0.041352 
909 13.621348 0.000000 -3.585911 90.952707 -0.542277 -1.610766 0.172472 
910 13.148357 0.000000 -3.585911 92.873095 -0.539083 -0.906707 0.137348 
911 13.621348 0.000000 -4.029311 90.999387 -0.559089 -2.069149 0.171452 
912 14.330835 0.000000 -3.364210 92.401099 -0.321769 -18.252699 0.112877 
913 14.094340 0.000000 -3.364210 89.991320 -0.537697 -1.972766 0.189738 
914 14.330835 0.000000 -3.585911 92.833888 -0.350938 -17.749708 0.106669 
915 14.567331 0.000000 -3.364210 93.766445 -0.222513 -26.195134 0.052162 
916 19.770238 0.000000 -2.255709 -9.028971 -0.118049 -0.874879 0.991770 
917 19.770238 0.000000 -4.029311 116.534681 0.121673 -4.389440 -0.359961 
918 16.932289 0.000000 -3.142510 101.362860 0.316300 -10.980267 -0.039510 
919 16.932289 0.000000 -4.029311 101.477977 0.296254 -13.444978 -0.047864 
920 17.878272 0.000000 -3.142510 104.478651 0.372006 -15.465742 -0.115512 
921 16.932289 0.000000 -2.255709 -7.186417 0.260441 0.747453 0.994773 
922 15.513314 0.000000 -2.699109 102.121178 0.039254 -10.661643 -0.054241 
923 15.513314 0.000000 -3.142510 100.546698 0.023850 -13.776578 -0.029943 
924 15.986306 0.000000 -2.699109 101.100389 0.353821 -5.818732 -0.025527 
925 15.513314 0.000000 -2.255709 -6.228622 0.035360 1.437867 0.995914 
926 14.803827 0.000000 -2.920810 93.878587 -0.210718 -27.134194 0.045050 
927 14.803827 0.000000 -3.142510 94.730798 -0.176894 -28.125379 0.023501 
928 15.040323 0.000000 -2.920810 96.616089 -0.108745 -24.192034 0.008007 
929 14.803827 0.000000 -2.699109 93.732014 -0.224448 -25.942187 0.054126 
930 14.449083 0.000000 -3.031660 82.334392 -0.444548 -32.877239 0.213994 
931 14.330835 0.000000 -3.031660 84.061453 -0.440839 -28.974921 0.209393 
932 14.449083 0.000000 -3.142510 85.173821 -0.409002 -29.304511 0.188650 
933 14.567331 0.000000 -3.031660 88.087954 -0.364768 -26.442183 0.154119 
934 14.449083 0.000000 -2.920810 84.785189 -0.423755 -28.829303 0.198016 
935 15.513314 0.000000 -3.585911 102.094467 0.027686 -10.726018 -0.053833 
936 15.513314 0.000000 -4.029311 102.121178 0.039254 -10.661643 -0.054241 
937 15.986306 0.000000 -3.585911 101.571328 0.198127 -8.097954 -0.038235 
938 19.770238 0.000000 -5.802914 107.660988 -0.480349 2.152434 -0.159575 
939 19.770238 0.000000 -7.576517 104.037223 -0.221836 4.070920 -0.084037 
940 18.824255 0.000000 -3.142510 111.511966 0.266846 -14.330231 -0.264035 
941 18.824255 0.000000 -4.029311 112.469260 0.239967 -12.908223 -0.281601 
942 19.770238 0.000000 -3.142510 116.912410 0.121253 -6.322769 -0.370850 
943 18.824255 0.000000 -2.255709 -8.517057 0.299682 -0.049625 0.992737 
944 20.716221 0.000000 -3.142510 117.998974 0.037607 7.233195 -0.397608 
945 20.716221 0.000000 -4.029311 116.943674 0.022241 9.939465 -0.377462 
946 21.662204 0.000000 -3.142510 112.337934 -0.022550 18.044733 -0.294542 
947 20.716221 0.000000 -2.255709 -9.543180 -0.162872 -1.037039 0.990783 
948 22.608188 0.000000 -3.142510 108.950503 -0.205214 17.711713 -0.218396 
949 22.608188 0.000000 -4.029311 109.123916 -0.181487 17.959270 -0.223060 
950 22.608188 0.000000 -2.255709 -10.788988 -0.400122 -2.125389 0.987892 
951 22.608188 0.000000 -4.916113 107.024631 -0.658754 11.446601 -0.158573 
952 21.662204 0.000000 -4.916113 109.781463 -0.301731 9.827618 -0.214864 
953 22.608188 0.000000 -5.802914 105.809201 -0.338342 9.924729 -0.129420 
954 23.554171 0.000000 -4.916113 106.048194 -0.152721 12.611810 -0.140530 
955 23.081179 0.000000 -3.585911 108.319657 -0.292743 16.754169 -0.201394 
956 22.608188 0.000000 -3.585911 109.040250 -0.192727 17.845669 -0.220828 
957 23.081179 0.000000 -4.029311 107.811035 -0.371705 15.948675 -0.187772 
958 23.554171 0.000000 -3.585911 109.397981 -0.262364 11.473097 -0.209962 
959 23.081179 0.000000 -3.142510 108.166083 -0.313345 16.527294 -0.197315 
960 37.743917 0.000000 3.951901 102.382833 0.037627 -2.297081 -0.048752 
961 38.689900 0.000000 3.951901 99.669559 0.058355 -3.022076 0.005684 
962 37.743917 0.000000 4.838703 97.856009 -0.000000 1.067800 0.042306 
963 82.205122 0.000000 173.330973 99.793983 0.002814 6.449705 -0.000044 
964 21.662204 0.000000 173.330973 99.794924 0.001776 6.452023 -0.000066 
965 142.748040 0.000000 173.330973 99.792584 0.003776 6.449155 -0.000015 
966 82.205122 0.000000 230.086264 99.792962 0.002092 6.451630 -0.000026 
967 51.933663 0.000000 88.198036 99.790898 0.017837 6.435833 0.000036 
968 21.662204 0.000000 88.198036 99.798332 0.020323 6.445965 -0.000126 
969 82.205122 0.000000 88.198036 99.794017 0.002800 6.432645 -0.000022 
970 51.933663 0.000000 116.575682 99.799254 0.003018 6.445146 -0.000143 
971 36.797934 0.000000 45.631568 99.722074 0.328308 6.347598 0.001511 
972 21.662204 0.000000 45.631568 99.733604 0.370850 6.397055 0.001215 
973 51.933663 0.000000 45.631568 99.618771 0.277747 6.419760 0.003481 
974 36.797934 0.000000 59.820391 99.724611 0.045679 6.425867 0.001371 
975 44.365799 0.000000 24.348334 99.714419 0.233061 5.938651 0.002171 
976 36.797934 0.000000 24.348334 99.846578 0.137981 5.961275 -0.000489 
977 51.933663 0.000000 24.348334 99.647721 0.038527 5.963346 0.003477 
978 44.365799 0.000000 31.442745 99.808232 -0.032753 6.159491 0.000038 
979 40.581866 0.000000 13.706717 100.629297 0.107634 4.320052 -0.014493 
980 36.797934 0.000000 13.706717 100.308571 -0.040453 5.410330 -0.009108 
981 44.365799 0.000000 13.706717 99.803961 0.143510 3.987322 0.002325 
982 40.581866 0.000000 17.253923 99.923412 0.263785 5.295845 -0.001280 
983 42.473832 0.000000 8.385909 97.459762 -0.000000 1.966805 0.049773 
984 40.581866 0.000000 8.385909 96.171254 -0.000000 1.970205 0.074721 
985 44.365799 0.000000 8.385909 98.080502 -0.333113 2.641219 0.037313 
986 42.473832 0.000000 10.159511 99.330453 -0.094791 0.099344 0.013344 
987 41.527849 0.000000 5.725504 96.372885 -0.000000 2.289670 0.070702 
988 40.581866 0.000000 5.725504 96.438686 -0.000000 2.142083 0.069499 
989 42.473832 0.000000 5.725504 96.367643 0.000000 2.587033 0.070658 
990 41.527849 0.000000 6.612306 96.538747 -0.000000 2.543187 0.067380 
991 38.689900 0.000000 8.385909 95.899688 -0.000000 3.825861 0.078861 
992 36.797934 0.000000 8.385909 98.034896 0.000000 4.715248 0.036693 
993 38.689900 0.000000 10.159511 102.259041 0.004778 0.840665 -0.045762 
994 39.635883 0.000000 5.725504 96.549640 -0.000000 2.082803 0.067383 
995 38.689900 0.000000 5.725504 97.002888 -0.000000 2.029323 0.058632 
996 39.635883 0.000000 4.838703 96.624185 0.000000 1.182868 0.066237 
997 39.635883 0.000000 6.612306 96.520193 -0.000000 2.600661 0.067709 
998 46.257765 0.000000 4.838703 97.530806 -0.369323 4.599175 0.046645 
999 48.149731 0.000000 4.838703 98.128763 -0.200439 5.018054 0.034552 
1000 46.257765 0.000000 6.612306 98.015766 0.022521 3.929155 0.037747 
1001 43.419815 0.000000 5.725504 96.680310 0.335019 3.144027 0.064292 
1002 43.419815 0.000000 4.838703 96.112732 -0.764403 3.232756 0.075131 
1003 44.365799 0.000000 5.725504 97.032037 0.712542 3.556801 0.057163 
1004 43.419815 0.000000 6.612306 97.075927 -0.092625 2.992081 0.056730 
1005 42.000841 0.000000 5.282104 96.310650 0.000000 2.169242 0.071955 
1006 41.527849 0.000000 5.282104 96.328848 0.000000 2.041105 0.071659 
1007 42.000841 0.000000 4.838703 95.961277 0.000000 1.696265 0.078856 
1008 42.473832 0.000000 5.282104 96.336962 0.000000 2.352094 0.071366 
1009 42.000841 0.000000 5.725504 96.362414 0.000000 2.446014 0.070830 
1010 41.054858 0.000000 5.282104 96.405153 -0.000000 1.819529 0.070274 
1011 40.581866 0.000000 5.282104 96.477261 -0.000000 1.727614 0.068915 
1012 41.054858 0.000000 4.838703 96.304107 -0.000000 1.332459 0.072374 
1013 41.054858 0.000000 5.725504 96.397869 -0.000000 2.192754 0.070264 
1014 39.635883 0.000000 3.951901 99.498100 0.043814 -0.507898 0.009987 
1015 39.635883 0.000000 3.065100 103.195859 0.047893 2.759166 -0.065700 
1016 40.108875 0.000000 5.282104 96.565878 0.000000 1.721624 0.067207 
1017 39.635883 0.000000 5.282104 96.616301 -0.000000 1.590833 0.066276 
1018 40.108875 0.000000 4.838703 96.577672 -0.000000 1.244412 0.067120 
1019 40.108875 0.000000 5.725504 96.511008 0.000000 2.089730 0.068126 
1020 48.149731 0.000000 13.706717 99.496915 0.072168 4.288281 0.008197 
1021 51.933663 0.000000 13.706717 99.338548 0.232102 4.687380 0.010983 
1022 48.149731 0.000000 17.253923 99.454317 0.186553 5.274094 0.008099 
1023 46.257765 0.000000 8.385909 98.470665 -0.258832 3.365758 0.029213 
1024 48.149731 0.000000 8.385909 98.724592 -0.200620 3.801525 0.023896 
1025 46.257765 0.000000 10.159511 98.959739 0.580344 2.969604 0.019781 
1026 43.419815 0.000000 7.499107 97.270485 0.000000 2.382226 0.053278 
1027 42.473832 0.000000 7.499107 96.894957 0.000000 2.494732 0.060514 
1028 44.365799 0.000000 7.499107 97.729950 -0.158360 2.994452 0.043987 
1029 43.419815 0.000000 8.385909 97.725210 0.000000 2.068890 0.044550 
1030 41.527849 0.000000 7.499107 96.640857 -0.000000 2.343061 0.065505 
1031 40.581866 0.000000 7.499107 96.367335 -0.000000 2.460994 0.070728 
1032 41.527849 0.000000 8.385909 96.744086 -0.000000 1.791787 0.063737 
1033 42.473832 0.000000 11.933114 100.297617 -0.041993 2.756841 -0.006721 
1034 40.581866 0.000000 11.933114 101.375825 -0.056446 3.137412 -0.028690 
1035 44.365799 0.000000 11.933114 99.573372 -0.038932 3.131579 0.007534 
1036 42.473832 0.000000 13.706717 100.171306 0.078381 4.004435 -0.005033 
1037 43.419815 0.000000 9.272710 98.188699 0.000000 1.777681 0.035582 
1038 42.473832 0.000000 9.272710 97.882409 -0.000000 1.210777 0.041757 
1039 44.365799 0.000000 9.272710 98.496148 0.997573 2.378530 0.029186 
1040 43.419815 0.000000 10.159511 98.443723 0.000000 1.674091 0.030603 
1041 41.527849 0.000000 9.272710 97.249990 -0.000000 0.937462 0.054156 
1042 40.581866 0.000000 9.272710 96.635472 -0.000000 0.762357 0.066100 
1043 41.527849 0.000000 10.159511 99.558637 -0.068520 0.152775 0.008805 
1044 42.946824 0.000000 8.829309 97.831281 0.000000 1.853649 0.042560 
1045 42.473832 0.000000 8.829309 97.603263 -0.000000 1.622175 0.047097 
1046 42.946824 0.000000 8.385909 97.680697 0.000000 2.051867 0.045427 
1047 43.419815 0.000000 8.829309 97.952185 0.000000 1.887423 0.040181 
1048 42.946824 0.000000 9.272710 98.107199 0.000000 1.594313 0.037244 
1049 28.402334 0.000000 2.954250 92.583355 -0.038766 21.956075 0.094625 
1050 28.402334 0.000000 2.843400 93.571181 -0.058414 19.307746 0.087164 
1051 28.402334 0.000000 3.065100 86.909723 -0.023290 21.288700 0.199349 
1052 28.757078 0.000000 1.734898 101.507608 -0.206372 -3.729079 -0.031774 
1053 28.757078 0.000000 1.291497 -25.978022 -0.156736 2.183732 0.932035 
1054 29.230069 0.000000 1.734898 98.563585 -0.199305 -1.051379 0.028407 
1055 28.520582 0.000000 2.399999 101.111913 -0.093418 10.982518 -0.034424 
1056 28.520582 0.000000 2.178299 99.081113 -0.096964 13.687859 -0.000443 
1057 28.757078 0.000000 2.399999 102.634241 -0.091589 10.105622 -0.063592 
1058 28.402334 0.000000 2.732549 99.371755 -0.062676 19.192082 -0.024309 
1059 28.284086 0.000000 2.732549 97.048380 -0.064758 14.936590 0.035851 
1060 28.402334 0.000000 2.621699 100.805203 -0.073301 15.479645 -0.040131 
1061 28.520582 0.000000 2.732549 101.895108 -0.070107 24.831769 -0.099923 
1062 28.343210 0.000000 2.898825 90.367698 -0.033433 21.453364 0.137343 
1063 28.284086 0.000000 2.898825 95.460040 -0.032361 24.314049 0.029621 
1064 28.343210 0.000000 2.843400 93.027096 -0.048120 19.495750 0.096587 
1065 28.402334 0.000000 2.898825 92.416326 -0.051258 20.214819 0.105058 
1066 28.343210 0.000000 2.954250 91.563430 -0.040534 19.697838 0.122813 
1067 29.703061 0.000000 3.508501 105.224210 -0.019337 1.707028 -0.107505 
1068 30.176052 0.000000 3.508501 105.283225 -0.011331 -4.504594 -0.110485 
1069 29.703061 0.000000 3.951901 103.783988 -0.019415 -2.564172 -0.077769 
1070 28.993573 0.000000 3.286800 101.758334 -0.032772 14.395898 -0.056200 
1071 29.230069 0.000000 3.286800 101.535985 -0.032348 7.599578 -0.036731 
1072 28.993573 0.000000 3.508501 103.759555 -0.042866 8.252331 -0.083415 
1073 29.466565 0.000000 3.286800 106.018483 -0.021813 2.247922 -0.124497 
1074 29.466565 0.000000 3.065100 104.235093 -0.035574 0.842327 -0.086567 
1075 29.703061 0.000000 3.286800 108.412375 -0.016641 1.225994 -0.175475 
1076 29.466565 0.000000 3.508501 104.171633 -0.028902 3.066498 -0.086113 
1077 29.111821 0.000000 3.175950 98.690182 -0.036484 10.202338 0.015616 
1078 28.993573 0.000000 3.175950 98.212530 -0.035547 15.608411 0.011068 
1079 29.111821 0.000000 3.065100 103.785460 -0.055005 16.031856 -0.102845 
1080 29.230069 0.000000 3.175950 101.773323 -0.037413 9.462872 -0.044736 
1081 29.111821 0.000000 3.286800 101.441871 -0.038075 10.616080 -0.040316 
1082 30.649044 0.000000 3.508501 107.527685 -0.008762 -1.870872 -0.156570 
1083 30.649044 0.000000 3.065100 152.258957 -0.028583 -21.956946 -1.366490 
1084 30.649044 0.000000 3.951901 104.856575 -0.015603 -7.491330 -0.105102 
1085 29.939556 0.000000 3.286800 107.267015 -0.021262 2.525799 -0.151259 
1086 29.939556 0.000000 3.065100 108.163792 -0.034520 5.043695 -0.172485 
1087 30.176052 0.000000 3.286800 109.571516 -0.025086 2.891337 -0.201428 
1088 29.939556 0.000000 3.508501 106.949935 -0.022976 0.589950 -0.143864 
1089 30.649044 0.000000 2.621699 252.618045 -0.078207 -67.009826 -5.830620 
1090 30.649044 0.000000 2.178299 99.981731 -0.168466 -0.556349 0.000332 
1091 30.412548 0.000000 3.286800 131.252949 -0.022017 -8.863737 -0.730590 
1092 30.412548 0.000000 3.065100 202.776237 -0.044805 -37.947574 -3.255822 
1093 30.649044 0.000000 3.286800 131.955656 -0.019056 -13.490184 -0.759428 
1094 30.412548 0.000000 3.508501 105.181673 -0.014985 -2.669393 -0.107031 
1095 29.230069 0.000000 24.348334 100.011410 0.076482 6.039206 -0.003876 
1096 21.662204 0.000000 24.348334 100.126353 0.263757 6.326704 -0.006538 
1097 29.230069 0.000000 31.442745 99.929542 0.231463 6.243938 -0.002495 
1098 33.014001 0.000000 13.706717 99.926638 -0.124697 5.158322 -0.001196 
1099 29.230069 0.000000 13.706717 100.099536 -0.177336 4.986619 -0.004481 
1100 33.014001 0.000000 17.253923 100.003265 0.091581 5.586715 -0.003187 
1101 31.122035 0.000000 8.385909 99.719909 0.104197 3.794480 0.004153 
1102 29.230069 0.000000 8.385909 100.170556 -0.042220 3.721580 -0.004799 
1103 33.014001 0.000000 8.385909 99.228122 -0.165995 3.763076 0.013959 
1104 31.122035 0.000000 10.159511 99.837279 -0.363001 4.385749 0.001315 
1105 30.176052 0.000000 5.725504 100.466566 -0.091988 1.764992 -0.009665 
1106 29.230069 0.000000 5.725504 100.626564 -0.291613 2.270702 -0.013095 
1107 31.122035 0.000000 5.725504 99.846260 -0.118751 1.598583 0.002815 
1108 30.176052 0.000000 6.612306 100.011553 -0.104567 2.618515 -0.000918 
1109 29.703061 0.000000 4.395302 99.417956 -0.000000 1.478510 0.011388 
1110 29.230069 0.000000 4.395302 98.418387 -0.000000 -3.693388 0.030018 
1111 30.176052 0.000000 4.395302 104.843674 -0.000000 -2.861737 -0.100039 
1112 29.703061 0.000000 4.838703 101.172796 -0.352630 1.470350 -0.023822 
1113 29.939556 0.000000 3.730201 106.088141 -0.030805 -0.590350 -0.125504 
1114 29.703061 0.000000 3.730201 107.017865 -0.026678 0.819547 -0.145350 
1115 30.176052 0.000000 3.730201 106.134823 -0.020737 -0.682335 -0.126507 
1116 29.939556 0.000000 3.951901 103.232272 -0.017539 -2.374399 -0.066254 
1117 30.057804 0.000000 3.397651 108.379759 -0.019427 3.128047 -0.175596 
1118 29.939556 0.000000 3.397651 106.323613 -0.022706 4.010752 -0.132080 
1119 30.057804 0.000000 3.286800 107.884730 -0.023894 3.621022 -0.165223 
1120 30.176052 0.000000 3.397651 110.415386 -0.021161 1.296513 -0.219324 
1121 30.057804 0.000000 3.508501 107.602924 -0.021536 -0.291416 -0.157847 
1122 30.649044 0.000000 4.395302 103.603849 -0.000000 -10.655275 -0.084729 
1123 31.122035 0.000000 4.395302 100.924867 -0.013619 -6.822527 -0.023238 
1124 30.649044 0.000000 4.838703 107.591010 -0.000000 -10.465588 -0.168535 
1125 30.412548 0.000000 3.730201 108.473060 -0.022118 -4.197136 -0.178402 
1126 30.649044 0.000000 3.730201 107.472414 -0.014893 -7.165654 -0.160167 
1127 30.412548 0.000000 3.951901 104.531191 -0.020514 -6.094259 -0.096391 
1128 30.294300 0.000000 3.397651 110.325274 -0.016233 1.367997 -0.217354 
1129 30.294300 0.000000 3.286800 127.055764 -0.018213 -5.530275 -0.617375 
1130 30.412548 0.000000 3.397651 125.426433 -0.018495 -8.747462 -0.580831 
1131 30.294300 0.000000 3.508501 103.780507 -0.010493 -3.279399 -0.078115 
1132 30.057804 0.000000 3.619351 106.590336 -0.027867 -0.166874 -0.136153 
1133 29.939556 0.000000 3.619351 105.884862 -0.028543 0.165572 -0.121163 
1134 30.176052 0.000000 3.619351 107.636204 -0.030692 -1.025889 -0.158661 
1135 30.057804 0.000000 3.730201 106.781415 -0.020320 -1.054903 -0.140338 
1136 30.116928 0.000000 3.453076 107.727059 -0.016182 -1.551232 -0.160753 
1137 30.057804 0.000000 3.453076 108.575429 -0.022204 1.878836 -0.179215 
1138 30.116928 0.000000 3.397651 109.376841 -0.021117 1.658339 -0.196604 
1139 30.176052 0.000000 3.453076 107.074075 -0.017065 -2.384417 -0.147054 
1140 30.116928 0.000000 3.508501 105.910728 -0.012136 -4.482442 -0.123717 
1141 30.294300 0.000000 3.619351 106.123205 -0.022417 -2.620859 -0.126900 
1142 30.412548 0.000000 3.619351 106.589010 -0.016285 -3.177889 -0.137132 
1143 30.294300 0.000000 3.730201 107.612163 -0.022771 -2.952070 -0.158909 
1144 30.235176 0.000000 3.453076 106.546650 -0.014838 -2.423070 -0.135806 
1145 30.235176 0.000000 3.397651 111.730296 -0.019202 1.493120 -0.248589 
1146 30.294300 0.000000 3.453076 106.661302 -0.016678 -1.581078 -0.137913 
1147 30.235176 0.000000 3.508501 104.729536 -0.012493 -3.550644 -0.098088 
1148 30.116928 0.000000 3.563926 108.494798 -0.029932 -0.129325 -0.177114 
1149 30.057804 0.000000 3.563926 106.670610 -0.026778 0.428639 -0.137880 
1150 30.176052 0.000000 3.563926 106.555271 -0.020072 -2.701218 -0.136132 
1151 30.116928 0.000000 3.619351 107.019989 -0.027814 -0.357049 -0.145341 
1152 30.146490 0.000000 3.480788 105.556528 -0.010413 -4.850522 -0.116571 
1153 30.116928 0.000000 3.480788 106.222427 -0.013451 -3.992445 -0.129914 
1154 30.146490 0.000000 3.453076 107.012667 -0.013534 -2.596006 -0.145845 
1155 30.176052 0.000000 3.480788 105.685651 -0.011623 -4.384074 -0.118868 
1156 30.146490 0.000000 3.508501 105.104721 -0.008197 -5.719315 -0.107971 
1157 30.235176 0.000000 3.563926 105.297340 -0.017028 -2.938464 -0.109616 
1158 30.294300 0.000000 3.563926 105.775075 -0.019329 -2.530616 -0.119477 
1159 30.235176 0.000000 3.619351 107.722845 -0.029520 -1.675044 -0.160702 
1160 30.205614 0.000000 3.480788 104.812226 -0.010670 -4.024024 -0.100180 
1161 30.205614 0.000000 3.453076 106.386130 -0.014382 -2.880082 -0.132630 
1162 30.235176 0.000000 3.480788 105.154970 -0.013106 -3.093756 -0.106714 
1163 30.205614 0.000000 3.508501 103.607180 -0.006623 -5.310029 -0.076264 
1164 30.146490 0.000000 3.536213 105.656128 -0.013440 -4.221666 -0.118104 
1165 30.116928 0.000000 3.536213 106.411197 -0.017106 -3.038000 -0.133257 
1166 30.176052 0.000000 3.536213 106.180052 -0.017647 -2.954292 -0.128293 
1167 30.146490 0.000000 3.563926 106.624863 -0.021216 -2.336455 -0.137432 
1168 30.161271 0.000000 3.494644 105.475499 -0.010515 -4.890306 -0.114900 
1169 30.146490 0.000000 3.494644 105.051777 -0.007587 -5.828680 -0.106985 
1170 30.161271 0.000000 3.480788 105.715674 -0.011434 -4.504024 -0.119609 
1171 30.176052 0.000000 3.494644 105.416227 -0.010907 -4.682485 -0.113451 
1172 30.161271 0.000000 3.508501 105.353034 -0.010956 -4.702844 -0.112138 
1173 46.257765 0.000000 11.933114 99.270915 0.227250 3.537663 0.013272 
1174 48.149731 0.000000 11.933114 99.284758 0.213152 3.829752 0.012782 
1175 46.257765 0.000000 13.706717 99.606497 0.057196 4.159103 0.006124 
1176 43.419815 0.000000 11.046313 99.591670 0.020319 2.257365 0.007640 
1177 42.473832 0.000000 11.046313 100.142174 -0.041935 1.871586 -0.003196 
1178 44.365799 0.000000 11.046313 99.347198 0.017549 2.624393 0.012325 
1179 43.419815 0.000000 11.933114 99.873612 -0.013727 2.884572 0.001694 
1180 42.946824 0.000000 9.716111 98.568797 -0.028005 0.947676 0.028329 
1181 42.473832 0.000000 9.716111 99.037380 -0.071214 0.272264 0.019152 
1182 43.419815 0.000000 9.716111 98.441735 0.000000 1.656348 0.030648 
1183 42.946824 0.000000 10.159511 98.727147 -0.047978 0.657397 0.025252 
1184 38.689900 0.000000 11.933114 101.663626 -0.072964 4.746252 -0.035802 
1185 36.797934 0.000000 11.933114 100.361302 0.139941 5.464554 -0.010227 
1186 38.689900 0.000000 13.706717 100.694619 0.057457 5.014761 -0.016456 
1187 41.527849 0.000000 11.046313 100.919086 -0.070317 1.803164 -0.018792 
1188 40.581866 0.000000 11.046313 101.758288 -0.097525 2.005543 -0.035878 
1189 41.527849 0.000000 11.933114 100.822226 -0.064540 2.822197 -0.017309 
1190 42.000841 0.000000 9.716111 99.096628 -0.074627 0.262051 0.017978 
1191 41.527849 0.000000 9.716111 99.171652 -0.055939 0.231954 0.016493 
1192 42.000841 0.000000 9.272710 97.634684 0.000000 0.949726 0.046657 
1193 42.000841 0.000000 10.159511 99.519291 -0.099904 0.138108 0.009588 
1194 42.946824 0.000000 10.602912 99.574186 0.046201 1.618584 0.008236 
1195 42.473832 0.000000 10.602912 99.965764 -0.055314 1.337103 0.000506 
1196 43.419815 0.000000 10.602912 99.345947 0.092958 1.943811 0.012660 
1197 42.946824 0.000000 11.046313 99.822230 -0.006971 2.042671 0.003135 
1198 42.710328 0.000000 9.937811 98.773927 -0.053459 0.378011 0.024357 
1199 42.473832 0.000000 9.937811 98.910462 -0.060669 0.192309 0.021668 
1200 42.710328 0.000000 9.716111 98.739380 -0.046964 0.556331 0.025022 
1201 42.946824 0.000000 9.937811 98.521209 -0.026261 0.861368 0.029283 
1202 42.710328 0.000000 10.159511 99.061248 -0.078613 0.218254 0.018682 
1203 42.000841 0.000000 10.602912 100.459574 -0.072328 1.200051 -0.009357 
1204 41.527849 0.000000 10.602912 100.907929 -0.090019 1.177061 -0.018380 
1205 42.000841 0.000000 11.046313 100.519736 -0.072604 1.799664 -0.010746 
1206 42.237337 0.000000 9.937811 99.270530 -0.080280 0.168388 0.014533 
1207 42.000841 0.000000 9.937811 99.328951 -0.087847 0.172421 0.013372 
1208 42.237337 0.000000 9.716111 99.236177 -0.080058 0.199541 0.015214 
1209 42.237337 0.000000 10.159511 99.571858 -0.106684 0.068915 0.008543 
1210 42.710328 0.000000 9.494410 98.270607 -0.011330 1.103305 0.034167 
1211 42.473832 0.000000 9.494410 98.247937 -0.017867 0.831258 0.034665 
1212 42.710328 0.000000 9.272710 98.005874 -0.000000 1.447292 0.039275 
1213 42.946824 0.000000 9.494410 98.226874 0.000000 1.472729 0.034931 
1214 42.592080 0.000000 9.826961 98.987862 -0.067533 0.329135 0.020129 
1215 42.473832 0.000000 9.826961 99.199732 -0.080445 0.193606 0.015937 
1216 42.592080 0.000000 9.716111 98.998222 -0.067701 0.354827 0.019922 
1217 42.710328 0.000000 9.826961 98.905952 -0.060554 0.394707 0.021745 
1218 42.592080 0.000000 9.937811 98.790123 -0.055949 0.322836 0.024040 
1219 42.000841 0.000000 8.829309 97.256917 -0.000000 1.495705 0.053885 
1220 41.527849 0.000000 8.829309 96.857692 0.000000 1.444417 0.061650 
1221 42.000841 0.000000 8.385909 97.050234 -0.000000 1.825991 0.057792 
1222 42.237337 0.000000 9.494410 98.246101 -0.021146 0.715510 0.034719 
1223 42.000841 0.000000 9.494410 98.264499 -0.027660 0.562692 0.034377 
1224 42.237337 0.000000 9.272710 97.789612 -0.000000 1.057272 0.043607 
1225 42.355584 0.000000 9.826961 99.200411 -0.077963 0.190654 0.015924 
1226 42.237337 0.000000 9.826961 99.260377 -0.080279 0.175265 0.014734 
1227 42.355584 0.000000 9.716111 99.154067 -0.077810 0.239003 0.016841 
1228 42.355584 0.000000 9.937811 99.096918 -0.067541 0.184492 0.017976 
1229 39.635883 0.000000 9.272710 95.582908 -0.000000 1.375399 0.086202 
1230 38.689900 0.000000 9.272710 95.369136 0.000000 3.378445 0.089331 
1231 39.635883 0.000000 8.385909 95.667743 -0.000000 2.549609 0.084118 
1232 39.635883 0.000000 10.159511 99.703926 -0.075299 0.173427 0.005909 
1233 41.054858 0.000000 9.716111 99.219795 -0.037457 0.151956 0.015541 
1234 40.581866 0.000000 9.716111 98.871132 -0.041577 0.108983 0.022449 
1235 41.054858 0.000000 9.272710 96.995484 -0.000000 0.806524 0.059123 
1236 41.054858 0.000000 10.159511 99.815192 -0.048641 0.033392 0.003692 
1237 39.635883 0.000000 11.046313 102.673328 -0.069725 2.727888 -0.054926 
1238 38.689900 0.000000 11.046313 103.003919 -0.106212 4.480249 -0.062989 
1239 39.635883 0.000000 11.933114 101.744231 -0.084931 3.817687 -0.036647 
1240 40.108875 0.000000 9.716111 98.666175 -0.050316 0.201171 0.026494 
1241 39.635883 0.000000 9.716111 98.701733 -0.057594 0.338239 0.025785 
1242 40.108875 0.000000 9.272710 96.030089 -0.000000 0.952383 0.077731 
1243 40.108875 0.000000 10.159511 99.619792 -0.068450 0.101027 0.007588 
1244 34.905968 0.000000 8.385909 98.860525 -0.329380 4.234447 0.020856 
1245 34.905968 0.000000 10.159511 99.601265 -0.112563 4.795163 0.005658 
1246 37.743917 0.000000 9.272710 97.699803 0.000000 6.433996 0.041335 
1247 36.797934 0.000000 9.272710 98.706411 0.000000 5.565640 0.022607 
1248 37.743917 0.000000 8.385909 97.179414 0.000000 4.840770 0.053273 
1249 37.743917 0.000000 10.159511 102.929687 0.054961 4.817909 -0.061774 
1250 39.162892 0.000000 9.716111 99.412070 -0.049274 0.464910 0.011702 
1251 38.689900 0.000000 9.716111 100.589761 0.003495 1.590101 -0.012083 
1252 39.162892 0.000000 9.272710 95.192006 -0.000000 1.983171 0.093455 
1253 39.162892 0.000000 10.159511 100.948981 -0.067652 0.284450 -0.019078 
1254 34.905968 0.000000 11.933114 99.977335 0.025505 5.182213 -0.002232 
1255 33.014001 0.000000 11.933114 100.184920 -0.181979 4.804108 -0.006013 
1256 34.905968 0.000000 13.706717 100.047030 0.033722 5.323004 -0.003774 
1257 37.743917 0.000000 11.046313 101.492931 0.029091 5.981769 -0.033660 
1258 36.797934 0.000000 11.046313 100.236823 0.090936 5.796427 -0.008103 
1259 37.743917 0.000000 11.933114 101.019562 -0.129108 5.464359 -0.023483 
1260 38.216908 0.000000 9.716111 102.360922 0.057473 2.714554 -0.048513 
1261 37.743917 0.000000 9.716111 100.483168 0.021710 6.297679 -0.013653 
1262 38.216908 0.000000 9.272710 96.165125 0.000000 4.918534 0.072808 
1263 38.216908 0.000000 10.159511 105.218082 0.082099 1.656051 -0.107359 
1264 38.216908 0.000000 10.602912 103.621051 -0.091235 5.956036 -0.077280 
1265 37.743917 0.000000 10.602912 101.638253 0.048642 6.743911 -0.037582 
1266 38.689900 0.000000 10.602912 104.353528 -0.094884 3.889183 -0.090479 
1267 38.216908 0.000000 11.046313 102.406310 -0.111272 5.527261 -0.051762 
1268 38.453404 0.000000 9.937811 100.363384 0.019896 2.969780 -0.008163 
1269 38.216908 0.000000 9.937811 102.901383 0.054810 3.567888 -0.060143 
1270 38.453404 0.000000 9.716111 102.273511 0.047826 1.866575 -0.046336 
1271 38.689900 0.000000 9.937811 99.532142 -0.014891 1.420670 0.009133 
1272 38.453404 0.000000 10.159511 104.375286 0.061513 1.292384 -0.089587 
1273 35.851951 0.000000 9.272710 99.067609 -0.142855 4.771994 0.016282 
1274 34.905968 0.000000 9.272710 99.344264 -0.235084 4.484074 0.011056 
1275 35.851951 0.000000 8.385909 97.933554 0.000000 4.482765 0.038892 
1276 35.851951 0.000000 10.159511 99.368099 -0.088060 5.320638 0.009766 
1277 37.270925 0.000000 9.716111 99.303381 0.000000 7.170222 0.008743 
1278 36.797934 0.000000 9.716111 98.890728 0.013786 5.922359 0.018555 
1279 37.270925 0.000000 9.272710 98.680647 0.000000 6.379985 0.022143 
1280 37.270925 0.000000 10.159511 100.795565 0.000000 8.499850 -0.023199 
1281 37.980413 0.000000 9.937811 104.331139 0.075644 2.815670 -0.089292 
1282 37.743917 0.000000 9.937811 103.113815 0.059360 4.118338 -0.064942 
1283 37.980413 0.000000 9.716111 102.061622 0.049406 4.320750 -0.043525 
1284 37.980413 0.000000 10.159511 104.847881 0.081867 2.406645 -0.099888 
1285 37.743917 0.000000 7.499107 97.160963 -0.000000 3.731061 0.054583 
1286 36.797934 0.000000 7.499107 97.726276 0.000000 4.056782 0.043312 
1287 37.743917 0.000000 6.612306 97.212967 -0.000000 3.071159 0.054021 
1288 38.689900 0.000000 7.499107 96.480018 -0.000000 3.320014 0.068058 
1289 38.216908 0.000000 8.829309 96.512754 0.000000 5.031770 0.065997 
1290 37.743917 0.000000 8.829309 97.541938 0.000000 5.590642 0.045432 
1291 38.216908 0.000000 8.385909 96.283357 -0.000000 4.392488 0.071022 
1292 38.689900 0.000000 8.829309 95.418459 -0.000000 3.439156 0.088349 
1293 38.453404 0.000000 9.494410 98.544575 0.025462 2.914424 0.028047 
1294 38.216908 0.000000 9.494410 99.254659 0.032820 3.942247 0.013297 
1295 38.453404 0.000000 9.272710 95.609300 0.000000 3.932350 0.084340 
1296 38.689900 0.000000 9.494410 97.515412 0.003024 2.580090 0.048409 
1297 38.335156 0.000000 9.826961 102.778298 0.055598 2.195130 -0.056820 
1298 38.216908 0.000000 9.826961 103.946768 0.071654 2.075886 -0.080925 
1299 38.335156 0.000000 9.716111 102.573433 0.052026 2.116364 -0.052579 
1300 38.453404 0.000000 9.826961 102.449918 0.045404 1.559397 -0.049842 
1301 38.335156 0.000000 9.937811 101.006454 0.044856 3.105759 -0.021195 
1302 37.980413 0.000000 9.494410 98.548965 0.013050 6.170584 0.025003 
1303 37.743917 0.000000 9.494410 99.213196 0.000000 7.388818 0.010215 
1304 37.980413 0.000000 9.272710 96.894081 0.000000 5.806537 0.057782 
1305 38.098661 0.000000 9.826961 103.742939 0.068511 2.483398 -0.076877 
1306 37.980413 0.000000 9.826961 103.508349 0.065899 3.388088 -0.072546 
1307 38.098661 0.000000 9.716111 102.301270 0.054320 3.231811 -0.047600 
1308 38.098661 0.000000 9.937811 105.627523 0.073691 3.949284 -0.117278 
1309 55.717596 0.000000 -0.482106 99.149779 -0.108657 6.437538 0.012787 
1310 55.717596 0.000000 -4.029311 99.247098 -0.093616 6.735846 0.010463 
1311 59.501528 0.000000 -0.482106 99.360575 -0.118020 6.568354 0.008432 
1312 55.717596 0.000000 3.065100 99.168963 -0.384614 5.950149 0.012996 
1313 50.041697 0.000000 1.291497 98.398945 -0.468488 6.216505 0.027878 
1314 50.041697 0.000000 -0.482106 98.427532 -0.410486 6.565961 0.026874 
1315 51.933663 0.000000 1.291497 98.729089 -0.263582 6.266557 0.021323 
1316 50.041697 0.000000 3.065100 98.478669 -1.228460 5.254822 0.027283 
1317 43.419815 0.000000 3.951901 95.253659 -0.650578 3.191331 0.091613 
1318 44.365799 0.000000 3.951901 96.008022 -0.586661 4.156209 0.076484 
1319 42.000841 0.000000 4.395302 95.455092 0.000000 1.208724 0.088686 
1320 41.527849 0.000000 4.395302 95.509352 0.000000 0.553495 0.087766 
1321 42.000841 0.000000 3.951901 100.094273 -0.006387 -5.571422 -0.004990 
1322 42.473832 0.000000 4.395302 95.354018 0.000000 1.273971 0.090599 
1323 41.054858 0.000000 4.395302 96.078152 0.000000 -0.026699 0.076899 
1324 40.581866 0.000000 4.395302 96.963231 -0.000000 0.222990 0.059808 
1325 41.054858 0.000000 3.951901 97.979151 -0.001648 -2.977337 0.039122 
1326 42.000841 0.000000 3.508501 103.038105 -0.074486 -10.386362 -0.072473 
1327 41.527849 0.000000 3.508501 99.419353 -0.047492 -7.588509 0.005820 
1328 42.473832 0.000000 3.508501 106.709517 -0.082622 -13.967439 -0.158202 
1329 41.764345 0.000000 4.173602 97.298451 -0.033321 -1.265628 0.053141 
1330 41.527849 0.000000 4.173602 95.902143 0.008487 -0.731827 0.080224 
1331 41.764345 0.000000 3.951901 98.678855 -0.004097 -4.111063 0.024558 
1332 42.000841 0.000000 4.173602 95.276709 0.000000 0.306982 0.092225 
1333 41.764345 0.000000 4.395302 95.407243 0.000000 0.798164 0.089682 
1334 41.054858 0.000000 3.508501 98.507176 -0.022532 -7.269239 0.024349 
1335 40.581866 0.000000 3.508501 102.888678 0.003253 -7.388453 -0.064067 
1336 41.054858 0.000000 3.065100 97.983369 0.009728 -5.528942 0.036869 
1337 41.291353 0.000000 4.173602 96.679348 0.012169 -1.310366 0.065139 
1338 41.054858 0.000000 4.173602 96.913164 0.010170 -1.417649 0.060583 
1339 41.291353 0.000000 3.951901 97.568655 -0.013196 -3.097652 0.047076 
1340 41.291353 0.000000 4.395302 95.726758 0.000000 0.266558 0.083632 
1341 41.764345 0.000000 3.730201 100.563929 -0.036505 -7.348360 -0.016710 
1342 41.527849 0.000000 3.730201 97.761895 -0.025411 -4.895884 0.041864 
1343 41.764345 0.000000 3.508501 100.618044 -0.060093 -8.112818 -0.018981 
1344 42.000841 0.000000 3.730201 102.528148 -0.051538 -9.493687 -0.060215 
1345 41.646097 0.000000 4.062752 97.306926 -0.002457 -2.414736 0.052553 
1346 41.527849 0.000000 4.062752 96.859229 -0.001800 -1.950280 0.061449 
1347 41.646097 0.000000 3.951901 98.213860 -0.003420 -3.765243 0.033986 
1348 41.764345 0.000000 4.062752 97.887272 0.031825 -2.754086 0.041050 
1349 41.646097 0.000000 4.173602 96.574007 0.016217 -1.292017 0.067179 
1350 41.291353 0.000000 3.730201 97.804766 -0.023789 -5.240805 0.040676 
1351 41.054858 0.000000 3.730201 98.375897 -0.023382 -5.823609 0.028827 
1352 41.291353 0.000000 3.508501 96.791563 -0.024576 -5.922980 0.059631 
1353 41.409601 0.000000 4.062752 97.265911 -0.001920 -2.364780 0.053375 
1354 41.291353 0.000000 4.062752 97.228377 -0.001673 -2.273115 0.054148 
1355 41.409601 0.000000 3.951901 97.591731 -0.014467 -3.244705 0.046533 
1356 41.409601 0.000000 4.173602 96.305359 0.009466 -1.041059 0.072419 
1357 41.764345 0.000000 4.617002 95.670994 0.000000 1.394039 0.084512 
1358 41.527849 0.000000 4.617002 95.712353 0.000000 1.300956 0.083745 
1359 42.000841 0.000000 4.617002 95.764604 0.000000 1.529158 0.082680 
1360 41.764345 0.000000 4.838703 95.895652 0.000000 1.631376 0.080136 
1361 41.646097 0.000000 4.284452 95.340613 0.000000 0.241413 0.091011 
1362 41.527849 0.000000 4.284452 95.382939 0.000000 0.103745 0.090208 
1363 41.764345 0.000000 4.284452 95.390460 0.000000 0.564036 0.090034 
1364 41.646097 0.000000 4.395302 95.434545 0.000000 0.790696 0.089162 
1365 41.586973 0.000000 4.118177 96.284340 0.013320 -1.136473 0.072803 
1366 41.527849 0.000000 4.118177 96.182100 0.011403 -1.035641 0.074793 
1367 41.586973 0.000000 4.062752 97.102682 -0.002186 -2.226038 0.056611 
1368 41.646097 0.000000 4.118177 96.665027 0.017421 -1.461403 0.065374 
1369 41.586973 0.000000 4.173602 95.930854 0.008959 -0.751892 0.079671 
1370 42.946824 0.000000 4.395302 95.468724 0.026875 2.724256 0.087830 
1371 42.946824 0.000000 3.951901 94.860648 -0.604715 2.609143 0.099428 
1372 43.419815 0.000000 4.395302 95.713587 0.009292 3.232445 0.082846 
1373 42.946824 0.000000 4.838703 95.950358 -0.828321 2.796760 0.078502 
1374 42.237337 0.000000 4.173602 95.403581 0.000000 1.249265 0.089660 
1375 42.237337 0.000000 3.951901 101.377395 -0.106862 -4.131223 -0.029445 
1376 42.473832 0.000000 4.173602 94.935006 -0.268953 1.976578 0.098337 
1377 42.237337 0.000000 4.395302 95.401746 0.000000 1.250180 0.089694 
1378 41.882593 0.000000 4.062752 98.324839 0.037950 -3.005818 0.032319 
1379 41.882593 0.000000 3.951901 99.333159 -0.005158 -4.633086 0.011146 
1380 42.000841 0.000000 4.062752 98.597181 0.041151 -3.240768 0.026809 
1381 41.882593 0.000000 4.173602 95.276668 0.000000 0.306839 0.092226 
1382 41.705221 0.000000 4.118177 96.930029 0.020318 -1.679486 0.060175 
1383 41.705221 0.000000 4.062752 97.771204 0.030486 -2.684914 0.043358 
1384 41.764345 0.000000 4.118177 97.818785 0.030766 -2.578478 0.042484 
1385 41.705221 0.000000 4.173602 96.861749 0.019327 -1.524066 0.061548 
1386 41.291353 0.000000 4.617002 95.947698 0.000000 1.245522 0.079249 
1387 41.054858 0.000000 4.617002 96.066710 -0.000000 1.097191 0.076998 
1388 41.291353 0.000000 4.838703 96.067064 -0.000000 1.420177 0.076910 
1389 41.409601 0.000000 4.284452 95.539342 0.000000 0.037201 0.087223 
1390 41.291353 0.000000 4.284452 96.235641 -0.017567 -0.538050 0.073841 
1391 41.409601 0.000000 4.395302 95.608450 0.000000 0.506361 0.085877 
1392 41.586973 0.000000 4.229027 96.141270 -0.015031 -0.499327 0.075661 
1393 41.527849 0.000000 4.229027 96.059974 -0.012715 -0.488555 0.077224 
1394 41.646097 0.000000 4.229027 95.881171 -0.021783 -0.339364 0.080669 
1395 41.586973 0.000000 4.284452 95.333685 0.000000 0.211657 0.091144 
1396 41.616535 0.000000 4.145889 96.365769 0.014110 -1.163168 0.071229 
1397 41.586973 0.000000 4.145889 95.976253 0.009486 -0.817688 0.078789 
1398 41.616535 0.000000 4.118177 96.486216 0.015489 -1.310153 0.068869 
1399 41.646097 0.000000 4.145889 96.597376 0.016585 -1.357319 0.066710 
1400 41.616535 0.000000 4.173602 96.339667 0.013729 -1.100865 0.071746 
1401 41.882593 0.000000 4.284452 95.312772 0.000000 0.506953 0.091522 
1402 42.000841 0.000000 4.284452 95.326365 0.000000 0.759905 0.091231 
1403 41.882593 0.000000 4.395302 95.358548 0.000000 0.929512 0.090588 
1404 41.705221 0.000000 4.229027 95.440573 0.000000 0.211805 0.089105 
1405 41.764345 0.000000 4.229027 95.373922 0.000000 0.451020 0.090361 
1406 41.705221 0.000000 4.284452 95.451254 0.000000 0.349656 0.088894 
1407 41.675659 0.000000 4.145889 96.762102 0.018364 -1.493029 0.063487 
1408 41.675659 0.000000 4.118177 96.810067 0.019000 -1.581621 0.062531 
1409 41.705221 0.000000 4.145889 96.889597 0.019757 -1.596949 0.060986 
1410 41.675659 0.000000 4.173602 96.737040 0.017968 -1.423600 0.063992 
1411 41.616535 0.000000 4.201314 95.976668 0.035652 -0.621597 0.078809 
1412 41.586973 0.000000 4.201314 96.136864 0.010911 -0.888651 0.075691 
1413 41.646097 0.000000 4.201314 96.297763 -0.017477 -0.609466 0.072637 
1414 41.616535 0.000000 4.229027 95.814926 -0.019962 -0.317911 0.081940 
1415 41.631316 0.000000 4.159746 96.471241 0.015180 -1.230262 0.069179 
1416 41.616535 0.000000 4.159746 96.337368 0.013759 -1.118953 0.071786 
1417 41.631316 0.000000 4.145889 96.492694 0.015463 -1.270024 0.068755 
1418 41.646097 0.000000 4.159746 96.579356 0.016334 -1.319412 0.067069 
1419 41.631316 0.000000 4.173602 96.468954 0.015098 -1.206642 0.069228 
1420 45.311782 0.000000 5.725504 97.417275 -0.167310 3.980350 0.049400 
1421 45.311782 0.000000 4.838703 97.080898 -0.487875 4.299697 0.055657 
1422 46.257765 0.000000 5.725504 97.769481 -0.150613 4.260083 0.042296 
1423 45.311782 0.000000 6.612306 97.722582 -0.016296 3.653517 0.043695 
1424 45.311782 0.000000 3.951901 96.728108 -0.385351 4.645818 0.062194 
1425 45.311782 0.000000 3.065100 96.378953 -0.465650 5.051777 0.068536 
1426 46.257765 0.000000 3.951901 97.297694 -0.246649 4.932527 0.050877 
1427 55.717596 0.000000 6.612306 99.249047 0.109065 5.160170 0.012299 
1428 59.501528 0.000000 6.612306 99.429711 0.248960 5.266648 0.008593 
1429 55.717596 0.000000 10.159511 99.390596 -0.250894 4.151235 0.010421 
1430 50.041697 0.000000 4.838703 98.584264 -0.009393 5.212072 0.025398 
1431 51.933663 0.000000 4.838703 98.882308 0.323286 5.235749 0.019477 
1432 50.041697 0.000000 6.612306 98.766191 -0.071874 4.655735 0.022356 
1433 47.203748 0.000000 5.725504 98.069014 -0.638421 4.420726 0.036252 
1434 47.203748 0.000000 4.838703 97.893234 -0.243797 4.807058 0.039375 
1435 48.149731 0.000000 5.725504 98.264562 -0.462978 4.691930 0.032185 
1436 47.203748 0.000000 6.612306 98.229271 0.182456 4.193854 0.033339 
1437 45.784773 0.000000 5.282104 97.456403 -0.072100 4.299265 0.048376 
1438 45.311782 0.000000 5.282104 97.252348 -0.106690 4.137012 0.052485 
1439 45.784773 0.000000 4.838703 97.316477 -0.422902 4.469914 0.050934 
1440 46.257765 0.000000 5.282104 97.651255 -0.041976 4.429838 0.044461 
1441 45.784773 0.000000 5.725504 97.597669 -0.152274 4.135003 0.045757 
1442 97.340851 0.000000 17.253923 99.831996 0.089529 5.125091 0.000730 
1443 97.340851 0.000000 3.065100 99.757401 -0.141819 6.380012 0.000774 
1444 112.476581 0.000000 17.253923 99.869069 0.103866 4.882336 0.000232 
1445 97.340851 0.000000 31.442745 99.766416 0.041182 6.258409 0.000749 
1446 74.637257 0.000000 10.159511 99.785541 0.088882 4.524693 0.002237 
1447 74.637257 0.000000 3.065100 99.673338 -0.202778 6.254848 0.002606 
1448 82.205122 0.000000 10.159511 99.796943 0.047783 4.769993 0.001782 
1449 74.637257 0.000000 17.253923 99.743589 0.097643 5.397308 0.002208 
1450 63.285460 0.000000 6.612306 99.555153 0.063032 5.350985 0.006013 
1451 63.285460 0.000000 3.065100 99.502287 -0.277772 6.149969 0.006140 
1452 67.069393 0.000000 6.612306 99.634585 0.026500 5.470258 0.004302 
1453 63.285460 0.000000 10.159511 99.623981 0.155843 4.349357 0.005612 
1454 57.609562 0.000000 4.838703 99.312085 -0.512678 5.562132 0.010591 
1455 55.717596 0.000000 4.838703 99.320437 -1.323424 3.635139 0.012049 
1456 57.609562 0.000000 3.065100 99.279930 -0.297949 6.113984 0.010603 
1457 59.501528 0.000000 4.838703 99.394370 -0.173206 5.686698 0.008839 
1458 57.609562 0.000000 6.612306 99.341713 0.155573 5.223825 0.010391 
1459 97.340851 0.000000 -11.123723 99.767071 -0.062793 6.456502 0.000484 
1460 97.340851 0.000000 -25.312545 99.782454 -0.048726 6.482112 0.000144 
1461 112.476581 0.000000 -11.123723 99.775150 -0.049583 6.414408 0.000377 
1462 74.637257 0.000000 -4.029311 99.672249 -0.077397 6.526540 0.002284 
1463 74.637257 0.000000 -11.123723 99.701256 -0.046840 6.524571 0.001709 
1464 82.205122 0.000000 -4.029311 99.727191 -0.091585 6.596579 0.001096 
1465 63.285460 0.000000 -0.482106 99.491257 -0.126933 6.573377 0.005826 
1466 63.285460 0.000000 -4.029311 99.520941 -0.091825 6.625344 0.005168 
1467 67.069393 0.000000 -0.482106 99.577200 -0.088446 6.571168 0.004119 
1468 61.393494 0.000000 4.838703 99.469002 0.012375 5.697594 0.007346 
1469 61.393494 0.000000 3.065100 99.441225 -0.282723 6.107210 0.007406 
1470 63.285460 0.000000 4.838703 99.529141 0.188546 5.716023 0.006124 
1471 61.393494 0.000000 6.612306 99.499923 0.495897 5.306680 0.007136 
1472 42.946824 0.000000 5.282104 96.258158 -0.162687 2.901859 0.072592 
1473 43.419815 0.000000 5.282104 96.434275 -0.187579 3.204756 0.069012 
1474 42.946824 0.000000 5.725504 96.379794 0.000000 2.699198 0.070365 
1475 42.000841 0.000000 6.168905 96.528347 0.000000 2.632214 0.067535 
1476 41.527849 0.000000 6.168905 96.465343 -0.000000 2.547705 0.068795 
1477 42.473832 0.000000 6.168905 96.606737 0.000000 2.692724 0.065989 
1478 42.000841 0.000000 6.612306 96.697852 0.000000 2.641852 0.064255 
1479 42.237337 0.000000 5.503804 96.348537 0.000000 2.388427 0.071125 
1480 42.000841 0.000000 5.503804 96.354473 0.000000 2.352094 0.071028 
1481 42.237337 0.000000 5.282104 96.330759 0.000000 2.284505 0.071517 
1482 42.473832 0.000000 5.503804 96.352354 0.000000 2.452096 0.071021 
1483 42.237337 0.000000 5.725504 96.364311 0.000000 2.501477 0.070766 
1484 41.764345 0.000000 5.503804 96.353422 0.000000 2.311893 0.071067 
1485 41.527849 0.000000 5.503804 96.370855 -0.000000 2.225003 0.070771 
1486 41.764345 0.000000 5.282104 96.290255 0.000000 2.085361 0.072384 
1487 41.764345 0.000000 5.725504 96.360491 0.000000 2.383149 0.070898 
1488 42.946824 0.000000 6.168905 96.724870 0.000000 2.729096 0.063685 
1489 43.419815 0.000000 6.168905 96.895413 -0.250296 3.074710 0.060176 
1490 42.946824 0.000000 6.612306 96.881109 0.000000 2.728155 0.060661 
1491 42.237337 0.000000 5.947205 96.410773 0.000000 2.671536 0.069783 
1492 42.000841 0.000000 5.947205 96.409567 0.000000 2.599644 0.069844 
1493 42.473832 0.000000 5.947205 96.496896 0.000000 2.701068 0.068105 
1494 42.237337 0.000000 6.168905 96.570065 0.000000 2.689718 0.066699 
1495 42.119089 0.000000 5.614654 96.340210 0.000000 2.414259 0.071274 
1496 42.000841 0.000000 5.614654 96.358052 0.000000 2.391777 0.070941 
1497 42.119089 0.000000 5.503804 96.339491 0.000000 2.378441 0.071305 
1498 42.237337 0.000000 5.614654 96.356500 0.000000 2.443007 0.070946 
1499 42.119089 0.000000 5.725504 96.353559 0.000000 2.466187 0.070991 
1500 42.237337 0.000000 5.060403 96.158308 0.000000 1.966944 0.074971 
1501 42.000841 0.000000 5.060403 96.148009 0.000000 1.923007 0.075186 
1502 42.237337 0.000000 4.838703 95.974328 0.000000 1.780403 0.078576 
1503 42.473832 0.000000 5.060403 96.300955 0.000000 2.105277 0.072169 
1504 42.119089 0.000000 5.392954 96.334114 0.000000 2.300163 0.071445 
1505 42.000841 0.000000 5.392954 96.336476 0.000000 2.245583 0.071424 
1506 42.119089 0.000000 5.282104 96.324039 0.000000 2.208034 0.071680 
1507 42.237337 0.000000 5.392954 96.336978 0.000000 2.321227 0.071380 
1508 42.710328 0.000000 5.503804 96.353300 0.000000 2.513441 0.070972 
1509 42.710328 0.000000 5.282104 96.278054 0.000000 2.107237 0.072610 
1510 42.946824 0.000000 5.503804 96.402015 -0.446628 2.912671 0.069797 
1511 42.710328 0.000000 5.725504 96.387763 0.000000 2.701233 0.070210 
1512 42.355584 0.000000 5.614654 96.357514 0.000000 2.486653 0.070905 
1513 42.355584 0.000000 5.503804 96.348048 0.000000 2.392757 0.071133 
1514 42.473832 0.000000 5.614654 96.357683 0.000000 2.488261 0.070901 
1515 42.355584 0.000000 5.725504 96.366149 0.000000 2.536369 0.070713 
1516 42.178213 0.000000 5.559229 96.343233 0.000000 2.405258 0.071220 
1517 42.119089 0.000000 5.559229 96.339808 0.000000 2.399925 0.071288 
1518 42.178213 0.000000 5.503804 96.346975 0.000000 2.376804 0.071161 
1519 42.237337 0.000000 5.559229 96.352535 0.000000 2.415191 0.071036 
1520 42.178213 0.000000 5.614654 96.345662 0.000000 2.423975 0.071164 
1521 41.054858 0.000000 6.168905 96.385607 -0.000000 2.468257 0.070372 
1522 40.581866 0.000000 6.168905 96.441571 -0.000000 2.442467 0.069306 
1523 41.054858 0.000000 6.612306 96.446553 -0.000000 2.519214 0.069172 
1524 41.764345 0.000000 5.947205 96.396986 0.000000 2.517732 0.070128 
1525 41.527849 0.000000 5.947205 96.408350 -0.000000 2.497331 0.069919 
1526 41.764345 0.000000 6.168905 96.500848 -0.000000 2.592011 0.068087 
1527 41.882593 0.000000 5.614654 96.384767 0.000000 2.388241 0.070427 
1528 41.764345 0.000000 5.614654 96.356468 0.000000 2.347132 0.070992 
1529 41.882593 0.000000 5.503804 96.360469 0.000000 2.325827 0.070925 
1530 41.882593 0.000000 5.725504 96.366990 0.000000 2.403581 0.070763 
1531 42.059965 0.000000 5.559229 96.348237 0.000000 2.383823 0.071133 
1532 42.000841 0.000000 5.559229 96.356660 0.000000 2.375435 0.070975 
1533 42.059965 0.000000 5.503804 96.351148 0.000000 2.359002 0.071089 
1534 42.059965 0.000000 5.614654 96.339349 0.000000 2.406711 0.071294 
1535 42.119089 0.000000 5.836354 96.373027 0.000000 2.558376 0.070569 
1536 42.000841 0.000000 5.836354 96.369373 0.000000 2.532073 0.070653 
1537 42.237337 0.000000 5.836354 96.374318 0.000000 2.594509 0.070526 
1538 42.119089 0.000000 5.947205 96.406549 0.000000 2.664554 0.069868 
1539 42.178213 0.000000 5.670079 96.349811 0.000000 2.446120 0.071073 
1540 42.119089 0.000000 5.670079 96.346579 0.000000 2.436381 0.071140 
1541 42.237337 0.000000 5.670079 96.360422 0.000000 2.471743 0.070856 
1542 42.178213 0.000000 5.725504 96.364349 0.000000 2.498620 0.070767 
1543 42.148651 0.000000 5.586942 96.342253 0.000000 2.410899 0.071236 
1544 42.119089 0.000000 5.586942 96.339413 0.000000 2.407424 0.071292 
1545 42.148651 0.000000 5.559229 96.341646 0.000000 2.402310 0.071252 
1546 42.178213 0.000000 5.586942 96.344275 0.000000 2.414529 0.071195 
1547 42.148651 0.000000 5.614654 96.343462 0.000000 2.419440 0.071208 
1548 42.059965 0.000000 5.670079 96.353194 0.000000 2.426031 0.071018 
1549 42.000841 0.000000 5.670079 96.361167 0.000000 2.406768 0.070873 
1550 42.059965 0.000000 5.725504 96.360053 0.000000 2.451220 0.070873 
1551 42.089527 0.000000 5.586942 96.340683 0.000000 2.404519 0.071269 
1552 42.059965 0.000000 5.586942 96.340936 0.000000 2.403340 0.071265 
1553 42.089527 0.000000 5.559229 96.345487 0.000000 2.398796 0.071179 
1554 42.089527 0.000000 5.614654 96.339496 0.000000 2.407951 0.071290 
1555 42.148651 0.000000 5.642367 96.345553 0.000000 2.429409 0.071163 
1556 42.119089 0.000000 5.642367 96.343003 0.000000 2.423820 0.071215 
1557 42.178213 0.000000 5.642367 96.347524 0.000000 2.434356 0.071123 
1558 42.148651 0.000000 5.670079 96.348275 0.000000 2.441385 0.071105 
1559 42.133870 0.000000 5.600798 96.341327 0.000000 2.412915 0.071253 
1560 42.119089 0.000000 5.600798 96.339548 0.000000 2.410686 0.071288 
1561 42.133870 0.000000 5.586942 96.340963 0.000000 2.409120 0.071261 
1562 42.148651 0.000000 5.600798 96.342751 0.000000 2.415076 0.071224 
1563 42.133870 0.000000 5.614654 96.342011 0.000000 2.416941 0.071238 
1564 44.838790 0.000000 5.282104 97.040040 -0.134761 3.943843 0.056766 
1565 44.365799 0.000000 5.282104 96.820196 -0.159748 3.724501 0.061195 
1566 44.838790 0.000000 4.838703 96.836120 -0.546530 4.092980 0.060571 
1567 44.838790 0.000000 5.725504 97.228697 1.223248 3.691474 0.053146 
1568 47.203748 0.000000 3.951901 97.734312 -0.101398 5.106557 0.042192 
1569 47.203748 0.000000 3.065100 97.612251 0.061030 5.288657 0.044387 
1570 48.149731 0.000000 3.951901 98.014310 0.020806 5.282716 0.036529 
1571 45.784773 0.000000 4.395302 97.181845 0.675301 4.524897 0.053476 
1572 45.311782 0.000000 4.395302 96.910295 0.405316 4.410320 0.058878 
1573 45.784773 0.000000 3.951901 97.032109 -0.309010 4.814474 0.056150 
1574 46.257765 0.000000 4.395302 97.429934 1.127570 4.482112 0.048605 
1575 45.548277 0.000000 5.060403 97.278614 0.769744 4.320241 0.051761 
1576 45.311782 0.000000 5.060403 97.167297 0.603983 4.229780 0.054026 
1577 45.548277 0.000000 4.838703 97.203290 -0.454404 4.390748 0.053204 
1578 45.784773 0.000000 5.060403 97.388139 1.009442 4.406608 0.049511 
1579 45.548277 0.000000 5.282104 97.355256 -0.089593 4.220200 0.050414 
1580 67.069393 0.000000 45.631568 99.710638 0.135167 6.410135 0.001668 
1581 82.205122 0.000000 45.631568 99.740646 0.031316 6.405405 0.001077 
1582 67.069393 0.000000 59.820391 99.745450 0.032627 6.428166 0.000952 
1583 59.501528 0.000000 24.348334 99.653150 0.039764 6.057929 0.003255 
1584 67.069393 0.000000 24.348334 99.682491 0.006729 6.094579 0.002626 
1585 59.501528 0.000000 31.442745 99.687219 -0.055953 6.272506 0.002311 
1586 55.717596 0.000000 13.706717 99.479366 0.143757 4.718525 0.008157 
1587 59.501528 0.000000 13.706717 99.579529 0.143436 4.743141 0.006140 
1588 55.717596 0.000000 17.253923 99.553789 0.105546 5.374963 0.006014 
1589 57.609562 0.000000 8.385909 99.401950 0.040614 4.666592 0.009747 
1590 55.717596 0.000000 8.385909 99.310799 0.238498 4.598372 0.011616 
1591 59.501528 0.000000 8.385909 99.482411 -0.160877 4.677331 0.008135 
1592 57.609562 0.000000 10.159511 99.466285 -0.142503 4.177516 0.008899 
1593 58.555545 0.000000 5.725504 99.365031 1.572927 5.433959 0.009459 
1594 57.609562 0.000000 5.725504 99.316788 0.653055 5.442775 0.010613 
1595 58.555545 0.000000 4.838703 99.351903 -0.295574 5.657771 0.009710 
1596 59.501528 0.000000 5.725504 99.409352 0.091671 5.505465 0.008746 
1597 58.555545 0.000000 6.612306 99.389100 0.195302 5.247855 0.009423 
1598 42.000841 0.000000 7.055706 96.759341 -0.000000 2.573835 0.063101 
1599 41.527849 0.000000 7.055706 96.609408 -0.000000 2.486078 0.066044 
1600 42.473832 0.000000 7.055706 96.873443 0.000000 2.645017 0.060854 
1601 42.000841 0.000000 7.499107 96.784303 -0.000000 2.393226 0.062707 
1602 42.237337 0.000000 6.390605 96.649129 0.000000 2.697605 0.065167 
1603 42.000841 0.000000 6.390605 96.607495 0.000000 2.646490 0.065999 
1604 42.473832 0.000000 6.390605 96.702140 0.000000 2.699143 0.064141 
1605 42.237337 0.000000 6.612306 96.763887 0.000000 2.684672 0.062954 
1606 42.946824 0.000000 7.055706 96.892574 0.000000 2.617411 0.060498 
1607 43.419815 0.000000 7.055706 96.933307 0.000000 2.522236 0.059757 
1608 42.946824 0.000000 7.499107 97.084334 0.000000 2.452871 0.056862 
1609 42.710328 0.000000 6.390605 96.730176 0.000000 2.719880 0.063588 
1610 42.710328 0.000000 6.168905 96.665651 0.000000 2.715178 0.064838 
1611 42.946824 0.000000 6.390605 96.898629 0.000000 2.743960 0.060313 
1612 42.710328 0.000000 6.612306 96.884898 0.000000 2.731007 0.060586 
1613 42.355584 0.000000 6.279755 96.640452 0.000000 2.710312 0.065328 
1614 42.237337 0.000000 6.279755 96.626718 0.000000 2.703484 0.065597 
1615 42.355584 0.000000 6.168905 96.565423 0.000000 2.680049 0.066794 
1616 42.473832 0.000000 6.279755 96.652929 0.000000 2.694915 0.065095 
1617 42.355584 0.000000 6.390605 96.667835 0.000000 2.706217 0.064801 
1618 42.710328 0.000000 5.947205 96.513697 0.000000 2.710577 0.067776 
1619 42.946824 0.000000 5.947205 96.379794 0.000000 2.699198 0.070365 
1620 42.592080 0.000000 6.279755 96.653860 0.000000 2.707587 0.065070 
1621 42.592080 0.000000 6.168905 96.614336 0.000000 2.704361 0.065836 
1622 42.710328 0.000000 6.279755 96.696846 0.000000 2.717317 0.064234 
1623 42.592080 0.000000 6.390605 96.736785 0.000000 2.706614 0.063467 
1624 42.237337 0.000000 6.834006 96.802570 0.000000 2.636597 0.062231 
1625 42.000841 0.000000 6.834006 96.771915 -0.000000 2.606294 0.062840 
1626 42.473832 0.000000 6.834006 96.862302 0.000000 2.672118 0.061055 
1627 42.237337 0.000000 7.055706 96.772344 -0.000000 2.593897 0.062839 
1628 42.355584 0.000000 6.501456 96.745088 0.000000 2.701003 0.063309 
1629 42.237337 0.000000 6.501456 96.705740 0.000000 2.692141 0.064075 
1630 42.473832 0.000000 6.501456 96.754427 0.000000 2.706539 0.063126 
1631 42.355584 0.000000 6.612306 96.819420 0.000000 2.715824 0.061862 
1632 42.414708 0.000000 6.335180 96.657627 0.000000 2.705595 0.064998 
1633 42.355584 0.000000 6.335180 96.647652 0.000000 2.713543 0.065187 
1634 42.414708 0.000000 6.279755 96.642823 0.000000 2.704048 0.065285 
1635 42.473832 0.000000 6.335180 96.677226 0.000000 2.696720 0.064624 
1636 42.414708 0.000000 6.390605 96.676580 0.000000 2.705388 0.064632 
1637 41.764345 0.000000 6.390605 96.557396 -0.000000 2.594596 0.066994 
1638 41.527849 0.000000 6.390605 96.524592 -0.000000 2.555144 0.067647 
1639 41.764345 0.000000 6.612306 96.625632 -0.000000 2.601570 0.065672 
1640 42.119089 0.000000 6.279755 96.609404 0.000000 2.680220 0.065944 
1641 42.000841 0.000000 6.279755 96.582715 0.000000 2.645699 0.066478 
1642 42.119089 0.000000 6.168905 96.561522 0.000000 2.667684 0.066876 
1643 42.119089 0.000000 6.390605 96.631306 0.000000 2.676044 0.065523 
1644 42.296461 0.000000 6.335180 96.640994 0.000000 2.707897 0.065319 
1645 42.237337 0.000000 6.335180 96.637834 0.000000 2.700939 0.065383 
1646 42.296461 0.000000 6.279755 96.629578 0.000000 2.704539 0.065541 
1647 42.296461 0.000000 6.390605 96.663482 0.000000 2.709520 0.064883 
1648 42.355584 0.000000 6.058055 96.512428 0.000000 2.682231 0.067816 
1649 42.237337 0.000000 6.058055 96.485546 0.000000 2.682396 0.068334 
1650 42.355584 0.000000 5.947205 96.465302 0.000000 2.688781 0.068722 
1651 42.473832 0.000000 6.058055 96.550168 0.000000 2.700413 0.067077 
1652 42.414708 0.000000 6.224330 96.625815 0.000000 2.701418 0.065615 
1653 42.355584 0.000000 6.224330 96.608507 0.000000 2.693912 0.065954 
1654 42.414708 0.000000 6.168905 96.593426 0.000000 2.691990 0.066246 
1655 42.473832 0.000000 6.224330 96.629334 0.000000 2.693612 0.065552 
1656 42.385146 0.000000 6.307468 96.646569 0.000000 2.707126 0.065211 
1657 42.355584 0.000000 6.307468 96.644346 0.000000 2.712815 0.065251 
1658 42.385146 0.000000 6.279755 96.640243 0.000000 2.705400 0.065334 
1659 42.414708 0.000000 6.307468 96.650152 0.000000 2.705091 0.065143 
1660 42.385146 0.000000 6.335180 96.652774 0.000000 2.707657 0.065091 
1661 42.710328 0.000000 6.834006 96.868581 0.000000 2.656666 0.060942 
1662 42.946824 0.000000 6.834006 96.882834 0.000000 2.647916 0.060671 
1663 42.710328 0.000000 7.055706 96.882692 0.000000 2.624055 0.060686 
1664 42.946824 0.000000 7.942508 97.420531 0.000000 2.289731 0.050400 
1665 42.473832 0.000000 7.942508 97.168386 0.000000 2.314533 0.055295 
1666 43.419815 0.000000 7.942508 97.622106 0.000000 2.215138 0.046502 
1667 42.710328 0.000000 7.277407 96.879714 0.000000 2.577477 0.060768 
1668 42.473832 0.000000 7.277407 96.832967 0.000000 2.586080 0.061669 
1669 42.946824 0.000000 7.277407 96.878716 0.000000 2.567899 0.060792 
1670 42.710328 0.000000 7.499107 97.016596 0.000000 2.479078 0.058163 
1671 42.592080 0.000000 6.944856 96.877523 0.000000 2.638480 0.060778 
1672 42.473832 0.000000 6.944856 96.858183 0.000000 2.647794 0.061148 
1673 42.592080 0.000000 6.834006 96.863266 0.000000 2.665210 0.061040 
1674 42.710328 0.000000 6.944856 96.865690 0.000000 2.638953 0.061007 
1675 42.592080 0.000000 7.055706 96.906300 0.000000 2.631995 0.060224 
1676 45.311782 0.000000 7.499107 98.013361 -0.143476 3.321817 0.038233 
1677 46.257765 0.000000 7.499107 98.254005 -0.136238 3.609071 0.033311 
1678 45.311782 0.000000 8.385909 98.322437 -0.322508 2.994802 0.032363 
1679 43.892807 0.000000 7.055706 97.400606 -0.764576 2.898313 0.050414 
1680 43.892807 0.000000 6.612306 97.223572 -0.074235 3.142374 0.053770 
1681 44.365799 0.000000 7.055706 97.563732 -0.557566 3.109424 0.047134 
1682 43.892807 0.000000 7.499107 97.575962 -0.162560 2.831044 0.047089 
1683 43.183320 0.000000 6.834006 96.915908 0.000000 2.632946 0.060037 
1684 43.183320 0.000000 6.612306 96.899191 0.000000 2.739310 0.060304 
1685 43.419815 0.000000 6.834006 97.165954 -0.204585 2.935614 0.055012 
1686 43.183320 0.000000 7.055706 96.915281 0.000000 2.595364 0.060069 
1687 42.828576 0.000000 6.944856 96.866496 0.000000 2.631966 0.060995 
1688 42.828576 0.000000 6.834006 96.882808 0.000000 2.655903 0.060667 
1689 42.946824 0.000000 6.944856 96.891679 0.000000 2.631156 0.060508 
1690 42.828576 0.000000 7.055706 96.867471 0.000000 2.616973 0.060984 
1691 42.000841 0.000000 7.942508 96.915251 -0.000000 2.259942 0.060233 
1692 41.527849 0.000000 7.942508 96.662254 -0.000000 2.203273 0.065155 
1693 42.237337 0.000000 7.277407 96.788196 0.000000 2.578869 0.062539 
1694 42.000841 0.000000 7.277407 96.750053 -0.000000 2.541566 0.063297 
1695 42.237337 0.000000 7.499107 96.841507 -0.000000 2.467355 0.061563 
1696 42.592080 0.000000 7.166557 96.869446 0.000000 2.605770 0.060952 
1697 42.473832 0.000000 7.166557 96.848730 0.000000 2.619176 0.061346 
1698 42.710328 0.000000 7.166557 96.867637 0.000000 2.602013 0.060989 
1699 42.592080 0.000000 7.277407 96.853528 0.000000 2.582231 0.061273 
1700 42.651204 0.000000 7.000281 96.887323 0.000000 2.631864 0.060592 
1701 42.592080 0.000000 7.000281 96.888410 0.000000 2.637847 0.060568 
1702 42.651204 0.000000 6.944856 96.876878 0.000000 2.636431 0.060792 
1703 42.710328 0.000000 7.000281 96.882324 0.000000 2.630082 0.060690 
1704 42.651204 0.000000 7.055706 96.889479 0.000000 2.626812 0.060553 
1705 42.710328 0.000000 7.720807 97.194890 0.000000 2.390611 0.054744 
1706 42.473832 0.000000 7.720807 97.070343 -0.000000 2.373266 0.057172 
1707 42.946824 0.000000 7.720807 97.275668 0.000000 2.363798 0.053186 
1708 42.710328 0.000000 7.942508 97.291798 0.000000 2.318108 0.052893 
1709 43.892807 0.000000 7.942508 97.746539 -0.049572 2.654150 0.043857 
1710 44.365799 0.000000 7.942508 97.900814 -0.035934 2.818055 0.040749 
1711 43.892807 0.000000 8.385909 97.816233 0.000000 1.952934 0.042817 
1712 43.183320 0.000000 7.720807 97.358475 0.000000 2.335996 0.051587 
1713 43.183320 0.000000 7.499107 97.204025 0.000000 2.405748 0.054559 
1714 43.419815 0.000000 7.720807 97.438628 0.000000 2.311600 0.050037 
1715 43.183320 0.000000 7.942508 97.450452 0.000000 2.278266 0.049822 
1716 42.710328 0.000000 8.164208 97.494977 0.000000 2.171052 0.049002 
1717 42.473832 0.000000 8.164208 97.358240 -0.000000 2.134864 0.051682 
1718 42.946824 0.000000 8.164208 97.639163 0.000000 2.181001 0.046184 
1719 42.710328 0.000000 8.385909 97.601892 0.000000 2.022508 0.046978 
1720 42.828576 0.000000 7.831658 97.271083 0.000000 2.357227 0.053278 
1721 42.710328 0.000000 7.831658 97.223639 0.000000 2.366544 0.054196 
1722 42.828576 0.000000 7.720807 97.249175 0.000000 2.382714 0.053692 
1723 42.946824 0.000000 7.831658 97.324762 0.000000 2.339885 0.052242 
1724 42.828576 0.000000 7.942508 97.371080 0.000000 2.279998 0.051367 
1725 42.828576 0.000000 7.609957 97.120273 0.000000 2.422171 0.056179 
1726 42.710328 0.000000 7.609957 97.122757 0.000000 2.416325 0.056133 
1727 42.828576 0.000000 7.499107 97.047550 0.000000 2.461376 0.057571 
1728 42.946824 0.000000 7.609957 97.156900 0.000000 2.404809 0.055475 
1729 43.183320 0.000000 8.164208 97.653982 0.000000 2.145693 0.045910 
1730 43.419815 0.000000 8.164208 97.683016 0.000000 2.131273 0.045349 
1731 43.183320 0.000000 8.385909 97.694404 0.000000 2.065857 0.045154 
1732 43.065072 0.000000 7.831658 97.350096 0.000000 2.321749 0.051757 
1733 43.065072 0.000000 7.720807 97.285566 0.000000 2.350391 0.052999 
1734 43.183320 0.000000 7.831658 97.403036 0.000000 2.296685 0.050737 
1735 43.065072 0.000000 7.942508 97.468064 0.000000 2.271157 0.049482 
1736 42.887700 0.000000 7.776233 97.275697 0.000000 2.366529 0.053184 
1737 42.828576 0.000000 7.776233 97.270705 0.000000 2.369307 0.053280 
1738 42.887700 0.000000 7.720807 97.251183 0.000000 2.374796 0.053657 
1739 42.946824 0.000000 7.776233 97.298960 0.000000 2.353173 0.052738 
1740 42.887700 0.000000 7.831658 97.314817 0.000000 2.345840 0.052432 
1741 45.311782 0.000000 9.272710 98.640533 -0.186685 2.738896 0.026251 
1742 46.257765 0.000000 9.272710 98.721594 -0.106674 3.087501 0.024450 
1743 45.311782 0.000000 10.159511 98.921924 0.512691 2.727070 0.020675 
1744 43.892807 0.000000 8.829309 97.812121 0.000000 1.950068 0.042899 
1745 44.365799 0.000000 8.829309 98.282646 -0.156259 2.497339 0.033426 
1746 43.892807 0.000000 9.272710 98.345990 0.000000 1.792989 0.032485 
1747 43.183320 0.000000 8.607609 97.754797 0.000000 1.968319 0.044013 
1748 42.946824 0.000000 8.607609 97.711527 0.000000 1.999452 0.044846 
1749 43.419815 0.000000 8.607609 97.784494 0.000000 1.983333 0.043426 
1750 43.183320 0.000000 8.829309 97.824189 0.000000 1.925939 0.042672 
1751 42.710328 0.000000 8.607609 97.621648 0.000000 1.948937 0.046622 
1752 42.473832 0.000000 8.607609 97.502238 -0.000000 1.905080 0.048968 
1753 42.710328 0.000000 8.829309 97.755316 -0.000000 1.793975 0.044068 
1754 43.065072 0.000000 8.496759 97.719367 0.000000 2.056297 0.044670 
1755 42.946824 0.000000 8.496759 97.708319 0.000000 2.058886 0.044885 
1756 43.065072 0.000000 8.385909 97.700156 0.000000 2.063515 0.045042 
1757 43.183320 0.000000 8.496759 97.741526 0.000000 2.051988 0.044238 
1758 43.065072 0.000000 8.607609 97.724794 0.000000 1.999102 0.044587 
1759 43.065072 0.000000 8.275058 97.665772 0.000000 2.117557 0.045691 
1760 42.946824 0.000000 8.275058 97.649322 0.000000 2.099619 0.046020 
1761 43.065072 0.000000 8.164208 97.655771 0.000000 2.170346 0.045864 
1762 43.183320 0.000000 8.275058 97.677085 0.000000 2.097130 0.045479 
1763 43.656311 0.000000 8.607609 97.822671 0.000000 1.932781 0.042699 
1764 43.656311 0.000000 8.385909 97.762468 0.000000 2.036538 0.043835 
1765 43.892807 0.000000 8.607609 97.812073 0.000000 1.950035 0.042900 
1766 43.656311 0.000000 8.829309 97.937098 0.000000 1.911126 0.040467 
1767 43.301568 0.000000 8.496759 97.748896 0.000000 2.020623 0.044107 
1768 43.301568 0.000000 8.385909 97.732064 0.000000 2.046291 0.044426 
1769 43.419815 0.000000 8.496759 97.774032 0.000000 2.000111 0.043624 
1770 43.301568 0.000000 8.607609 97.766369 0.000000 1.996363 0.043775 
1771 43.124196 0.000000 8.441334 97.719352 0.000000 2.072866 0.044663 
1772 43.065072 0.000000 8.441334 97.711382 0.000000 2.059137 0.044825 
1773 43.124196 0.000000 8.385909 97.705849 0.000000 2.076930 0.044925 
1774 43.183320 0.000000 8.441334 97.717217 0.000000 2.064646 0.044708 
1775 43.124196 0.000000 8.496759 97.726945 0.000000 2.067132 0.044517 
1776 43.656311 0.000000 8.164208 97.652143 0.000000 2.222619 0.045912 
1777 43.656311 0.000000 7.942508 97.652115 0.000000 2.222623 0.045912 
1778 43.892807 0.000000 8.164208 97.837956 -0.173895 2.560744 0.042115 
1779 43.301568 0.000000 8.275058 97.704819 0.000000 2.100831 0.044935 
1780 43.301568 0.000000 8.164208 97.694292 0.000000 2.117631 0.045134 
1781 43.419815 0.000000 8.275058 97.713091 0.000000 2.087014 0.044780 
1782 43.242444 0.000000 8.441334 97.737960 0.000000 2.036615 0.044314 
1783 43.242444 0.000000 8.385909 97.728651 0.000000 2.051472 0.044490 
1784 43.301568 0.000000 8.441334 97.740318 0.000000 2.033444 0.044270 
1785 43.242444 0.000000 8.496759 97.747560 0.000000 2.021980 0.044133 
1786 43.183320 0.000000 9.051010 98.030053 0.000000 1.756640 0.038702 
1787 42.946824 0.000000 9.051010 98.013325 0.000000 1.652678 0.039066 
1788 43.419815 0.000000 9.051010 98.069615 0.000000 1.819339 0.037904 
1789 43.183320 0.000000 9.272710 98.161345 0.000000 1.739603 0.036132 
1790 43.065072 0.000000 8.718459 97.775684 0.000000 1.937986 0.043616 
1791 42.946824 0.000000 8.718459 97.748393 0.000000 1.936393 0.044150 
1792 43.183320 0.000000 8.718459 97.775632 0.000000 1.950260 0.043612 
1793 43.065072 0.000000 8.829309 97.828742 0.000000 1.892602 0.042596 
1794 43.124196 0.000000 8.552184 97.724999 0.000000 2.032497 0.044569 
1795 43.065072 0.000000 8.552184 97.721320 0.000000 2.038701 0.044639 
1796 43.183320 0.000000 8.552184 97.748937 0.000000 2.037269 0.044099 
1797 43.124196 0.000000 8.607609 97.753602 0.000000 1.965869 0.044037 
1798 43.153758 0.000000 8.469046 97.723322 0.000000 2.066626 0.044588 
1799 43.124196 0.000000 8.469046 97.723257 0.000000 2.065370 0.044590 
1800 43.153758 0.000000 8.441334 97.718360 0.000000 2.068192 0.044684 
1801 43.183320 0.000000 8.469046 97.721385 0.000000 2.061170 0.044628 
1802 43.153758 0.000000 8.496759 97.726442 0.000000 2.063390 0.044528 
1803 50.041697 0.000000 8.385909 98.968261 -0.008412 4.064998 0.018876 
1804 51.933663 0.000000 8.385909 99.150908 0.096993 4.194041 0.015150 
1805 50.041697 0.000000 10.159511 99.153556 3.525643 3.729694 0.014223 
1806 47.203748 0.000000 9.272710 98.785550 -1.031378 3.399468 0.022879 
1807 47.203748 0.000000 8.385909 98.595147 -0.256034 3.594573 0.026601 
1808 48.149731 0.000000 9.272710 98.885680 -0.629623 3.542007 0.020868 
1809 47.203748 0.000000 10.159511 98.980071 0.793702 3.230816 0.019188 
1810 63.285460 0.000000 13.706717 99.653217 0.117032 4.795562 0.004623 
1811 67.069393 0.000000 13.706717 99.695811 0.067567 4.786516 0.003783 
1812 63.285460 0.000000 17.253923 99.648425 0.082646 5.468165 0.004028 
1813 61.393494 0.000000 8.385909 99.546554 -0.032546 4.742079 0.006800 
1814 63.285460 0.000000 8.385909 99.594779 -0.024583 4.818067 0.005767 
1815 61.393494 0.000000 10.159511 99.594169 0.065925 4.242299 0.006300 
1816 70.853325 0.000000 6.612306 99.681723 0.287496 5.522344 0.003298 
1817 70.853325 0.000000 3.065100 99.635275 -0.258016 6.231212 0.003392 
1818 74.637257 0.000000 6.612306 99.709169 -0.616521 5.671144 0.002554 
1819 70.853325 0.000000 10.159511 99.754490 -0.117895 4.471851 0.002903 
1820 65.177426 0.000000 8.385909 99.638248 0.065055 4.888363 0.004832 
1821 65.177426 0.000000 6.612306 99.579915 -0.191111 5.511024 0.005343 
1822 67.069393 0.000000 8.385909 99.670480 0.135778 4.952433 0.004125 
1823 65.177426 0.000000 10.159511 99.681722 0.411738 4.365631 0.004433 
1824 53.825629 0.000000 8.385909 99.253154 0.150070 4.418047 0.012927 
1825 53.825629 0.000000 6.612306 99.185980 0.051021 4.887844 0.013825 
1826 53.825629 0.000000 10.159511 99.299772 -0.653029 4.089137 0.012241 
1827 -159.966548 0.000000 -167.200773 99.790812 -0.000544 6.452732 0.000016 
1828 -220.509466 0.000000 -167.200773 99.791005 -0.000355 6.453039 0.000011 
1829 -159.966548 0.000000 -223.956064 99.791124 -0.000555 6.452883 0.000009 
1830 203.290957 0.000000 -167.200773 99.790831 -0.003746 6.451854 0.000016 
1831 203.290957 0.000000 -223.956064 99.791120 -0.002657 6.452485 0.000010 
1832 263.833875 0.000000 -167.200773 99.791064 -0.003894 6.451612 0.000012 
1833 -38.880713 0.000000 173.330973 99.793777 0.001044 6.454190 -0.000045 
1834 -99.423631 0.000000 173.330973 99.792346 0.000654 6.454508 -0.000017 
1835 -38.880713 0.000000 230.086264 99.792886 0.001060 6.453417 -0.000027 
1836 -159.966548 0.000000 173.330973 99.791717 0.000444 6.454135 -0.000004 
1837 -220.509466 0.000000 173.330973 99.791536 0.000321 6.453803 -0.000000 
1838 -159.966548 0.000000 230.086264 99.791900 0.000525 6.453761 -0.000007 
1839 -69.152172 0.000000 -82.067836 99.787337 -0.001595 6.448141 0.000091 
1840 -99.423631 0.000000 -82.067836 99.788088 -0.000994 6.450795 0.000072 
1841 -69.152172 0.000000 -110.445482 99.789645 -0.001373 6.449970 0.000042 
1842 203.290957 0.000000 173.330973 99.791942 0.004450 6.449342 -0.000003 
1843 263.833875 0.000000 173.330973 99.791753 0.004897 6.449502 0.000001 
1844 203.290957 0.000000 230.086264 99.792016 0.003071 6.451129 -0.000006 
1845 112.476581 0.000000 -82.067836 99.787212 -0.007686 6.451169 0.000089 
1846 112.476581 0.000000 -110.445482 99.789406 -0.005342 6.452340 0.000044 
1847 142.748040 0.000000 -82.067836 99.788249 -0.007797 6.448899 0.000072 
1848 -8.609254 0.000000 88.198036 99.795349 0.021570 6.457859 -0.000082 
1849 -38.880713 0.000000 88.198036 99.794637 0.000028 6.462698 -0.000074 
1850 -8.609254 0.000000 116.575682 99.798653 0.000978 6.455725 -0.000145 
1851 -69.152172 0.000000 88.198036 99.791004 0.000072 6.459608 0.000003 
1852 -99.423631 0.000000 88.198036 99.790270 0.000156 6.457066 0.000021 
1853 -69.152172 0.000000 116.575682 99.792653 0.000477 6.457077 -0.000027 
1854 -23.744984 0.000000 -39.501368 99.806216 -0.001879 6.332940 -0.000139 
1855 -38.880713 0.000000 -39.501368 99.776721 0.010031 6.392093 0.000375 
1856 -23.744984 0.000000 -53.690191 99.809700 -0.000038 6.389037 -0.000280 
1857 112.476581 0.000000 88.198036 99.792217 0.008053 6.433809 0.000012 
1858 142.748040 0.000000 88.198036 99.791358 0.009381 6.435557 0.000027 
1859 112.476581 0.000000 116.575682 99.793324 0.005477 6.442721 -0.000022 
1860 67.069393 0.000000 -39.501368 99.902877 -0.214557 6.614450 -0.002438 
1861 67.069393 0.000000 -53.690191 99.837472 -0.059522 6.516073 -0.000998 
1862 82.205122 0.000000 -39.501368 99.804575 -0.056661 6.514329 -0.000339 
1863 6.526475 0.000000 45.631568 99.764229 0.288169 6.467209 0.000519 
1864 -8.609254 0.000000 45.631568 99.776166 0.106492 6.492569 0.000255 
1865 6.526475 0.000000 59.820391 99.754464 0.044796 6.451290 0.000743 
1866 -23.744984 0.000000 45.631568 99.734992 0.040223 6.459915 0.001120 
1867 -38.880713 0.000000 45.631568 99.758011 0.021812 6.462763 0.000657 
1868 -23.744984 0.000000 59.820391 99.770103 0.020768 6.464457 0.000414 
1869 -16.177119 0.000000 -18.218134 99.521147 0.127908 6.273246 0.005617 
1870 -23.744984 0.000000 -18.218134 99.617514 0.073257 6.375950 0.003569 
1871 -16.177119 0.000000 -25.312545 99.650391 -0.018866 6.279269 0.003037 
1872 14.094340 0.000000 24.348334 100.108423 0.073616 6.486856 -0.006378 
1873 6.526475 0.000000 24.348334 100.115640 0.037049 6.690508 -0.006791 
1874 14.094340 0.000000 31.442745 100.196564 0.312031 6.505794 -0.008177 
1875 -1.041390 0.000000 24.348334 100.093820 -0.034034 6.840518 -0.006557 
1876 -8.609254 0.000000 24.348334 99.825677 0.313855 6.751130 -0.001084 
1877 -1.041390 0.000000 31.442745 99.952094 0.321941 6.645002 -0.003468 
1878 -16.177119 0.000000 10.159511 99.570146 0.105329 6.941119 0.003760 
1879 -23.744984 0.000000 10.159511 99.596080 0.317931 6.569521 0.003736 
1880 -16.177119 0.000000 17.253923 99.618770 0.364630 6.706405 0.003099 
1881 -16.177119 0.000000 24.348334 99.735963 0.343697 6.652187 0.000837 
1882 -23.744984 0.000000 24.348334 99.672745 0.275693 6.496424 0.002306 
1883 -16.177119 0.000000 31.442745 99.713680 0.384875 6.530319 0.001439 
1884 -4.825322 0.000000 6.612306 98.224942 0.172982 7.080298 0.030170 
1885 -8.609254 0.000000 6.612306 99.009744 0.041965 7.036765 0.014755 
1886 -4.825322 0.000000 10.159511 99.119749 0.164672 7.235069 0.012290 
1887 -2.933356 0.000000 1.291497 95.624555 0.283069 7.997101 0.079191 
1888 -4.825322 0.000000 1.291497 97.038308 0.004194 6.868434 0.053639 
1889 -2.933356 0.000000 3.065100 96.755590 0.289833 8.108897 0.057252 
1890 -2.933356 0.000000 -5.802914 97.299217 -0.041935 4.172295 0.051545 
1891 -4.825322 0.000000 -5.802914 97.716579 0.109805 5.203486 0.042438 
1892 -2.933356 0.000000 -7.576517 98.009830 0.088657 4.534120 0.037351 
1893 4.634509 0.000000 4.838703 97.222067 -0.009258 13.395718 0.036842 
1894 2.742543 0.000000 4.838703 96.791978 0.003421 11.342622 0.050266 
1895 4.634509 0.000000 6.612306 98.412825 0.150561 11.115008 0.019135 
1896 1.796560 0.000000 0.404696 90.959161 -0.045558 28.652512 0.090546 
1897 0.850577 0.000000 0.404696 90.577832 0.149970 17.451945 0.149106 
1898 1.796560 0.000000 1.291497 92.578419 0.165134 15.934170 0.117531 
1899 3.688526 0.000000 -3.142510 97.202945 0.065898 3.047479 0.054230 
1900 3.688526 0.000000 -4.029311 95.477800 -0.025581 -1.698899 0.088110 
1901 3.688526 0.000000 -2.255709 97.285888 0.065609 2.709916 0.052811 
1902 5.580492 0.000000 -1.368907 -9.214587 -0.164083 -0.308424 0.991497 
1903 4.634509 0.000000 -1.368907 -6.577067 -0.019398 -0.244010 0.995668 
1904 6.526475 0.000000 -1.368907 -10.863891 -0.348658 -0.595656 0.988150 
1905 3.688526 0.000000 -1.368907 -3.546569 0.028043 0.838868 0.998672 
1906 5.580492 0.000000 2.178299 89.476960 -0.436568 24.754459 0.138090 
1907 4.634509 0.000000 2.178299 91.206379 -0.017448 20.360216 0.126686 
1908 5.580492 0.000000 3.065100 93.582920 -0.339846 20.291927 0.083036 
1909 3.688526 0.000000 2.178299 92.583767 0.045994 17.299764 0.112896 
1910 2.742543 0.000000 2.178299 93.485609 0.099876 15.336117 0.102523 
1911 3.688526 0.000000 3.065100 94.465694 0.103879 15.205346 0.084502 
1912 7.472458 0.000000 -1.368907 -11.431175 -0.013677 -0.575873 0.986900 
1913 8.418441 0.000000 -1.368907 -11.804909 0.301491 -0.578149 0.986022 
1914 7.472458 0.000000 -0.482106 -11.383747 0.119564 -0.842014 0.986969 
1915 7.472458 0.000000 0.404696 -10.930729 0.091507 -1.318460 0.987877 
1916 8.418441 0.000000 0.404696 -11.319281 0.404435 -0.698835 0.987122 
1917 9.364424 0.000000 0.404696 -11.809204 0.369988 -0.168821 0.986038 
1918 9.364424 0.000000 -0.482106 -12.018469 0.550405 -0.545842 0.985496 
1919 10.310407 0.000000 0.404696 -11.697122 -0.263246 0.397599 0.986295 
1920 11.256390 0.000000 -1.368907 -12.558309 -0.263034 0.748912 0.984166 
1921 10.310407 0.000000 -1.368907 -12.444320 -0.287746 0.140731 0.984504 
1922 11.256390 0.000000 -0.482106 -11.978572 -0.396596 0.772077 0.985576 
1923 11.256390 0.000000 0.404696 -11.538724 -0.448875 0.725297 0.986613 
1924 12.202374 0.000000 0.404696 -11.113278 -0.590434 1.297159 0.987446 
1925 13.148357 0.000000 0.404696 -10.172358 -0.144307 1.453375 0.989439 
1926 14.094340 0.000000 0.404696 -9.365232 -0.050353 1.446580 0.991020 
1927 13.148357 0.000000 1.291497 -9.890674 -0.194303 0.835590 0.990144 
1928 13.148357 0.000000 2.178299 106.399418 -0.687747 1.632948 -0.132398 
1929 13.148357 0.000000 3.065100 106.378986 -0.696903 1.459715 -0.131911 
1930 11.256390 0.000000 -4.916113 97.936059 -0.493608 4.111156 0.039138 
1931 10.310407 0.000000 -4.916113 99.094158 -0.625473 5.137254 0.015357 
1932 11.256390 0.000000 -5.802914 98.669054 -0.547010 3.865026 0.024918 
1933 25.446137 0.000000 13.706717 100.398467 -0.038722 5.296222 -0.010790 
1934 21.662204 0.000000 13.706717 100.719867 0.046121 5.713924 -0.017714 
1935 25.446137 0.000000 17.253923 100.455081 0.024425 5.732661 -0.012409 
1936 15.040323 0.000000 0.404696 -8.721529 -0.033909 1.256022 0.992236 
1937 15.986306 0.000000 0.404696 -8.744770 0.048137 1.125949 0.992226 
1938 16.932289 0.000000 2.178299 105.216213 0.179784 1.099926 -0.107169 
1939 16.932289 0.000000 1.291497 -9.180554 0.340282 0.712864 0.991509 
1940 16.932289 0.000000 3.065100 105.211875 0.184618 0.966255 -0.107051 
1941 20.716221 0.000000 2.178299 105.660944 0.207342 0.472959 -0.116450 
1942 20.716221 0.000000 1.291497 -10.904364 -0.000016 0.167178 0.988107 
1943 20.716221 0.000000 3.065100 105.625457 0.205436 0.306420 -0.115687 
1944 27.338103 0.000000 8.385909 100.639569 -0.107221 3.563847 -0.014104 
1945 25.446137 0.000000 8.385909 100.868736 0.065429 3.981730 -0.019036 
1946 27.338103 0.000000 10.159511 100.289592 -0.027901 4.372337 -0.007712 
1947 23.554171 0.000000 8.385909 101.000102 0.490729 4.453842 -0.022110 
1948 21.662204 0.000000 8.385909 101.193667 -0.209612 4.832975 -0.026356 
1949 23.554171 0.000000 10.159511 101.004829 0.259665 4.749355 -0.022460 
1950 24.500154 0.000000 2.178299 106.761586 0.157417 -2.721541 -0.140547 
1951 24.500154 0.000000 1.291497 -14.424152 0.239062 -1.296222 0.979021 
1952 24.500154 0.000000 3.065100 106.809878 0.153659 -2.498623 -0.141462 
1953 24.500154 0.000000 3.951901 106.871824 0.137836 -2.177440 -0.142635 
1954 23.554171 0.000000 3.951901 106.865448 0.097372 -1.188732 -0.142165 
1955 24.500154 0.000000 4.838703 103.178258 0.318945 1.607927 -0.064844 
1956 97.340851 0.000000 -39.501368 99.783189 -0.039809 6.465555 0.000151 
1957 97.340851 0.000000 -53.690191 99.790292 -0.035391 6.466700 0.000008 
1958 112.476581 0.000000 -39.501368 99.783213 -0.030097 6.451148 0.000169 
1959 59.501528 0.000000 -18.218134 99.663236 -0.065049 6.659435 0.002289 
1960 59.501528 0.000000 -25.312545 99.772871 -0.017344 6.683772 0.000070 
1961 67.069393 0.000000 -18.218134 99.708805 -0.058703 6.602669 0.001456 
1962 74.637257 0.000000 -18.218134 99.795739 -0.172693 6.651377 -0.000346 
1963 74.637257 0.000000 -25.312545 99.829541 -0.178002 6.632674 -0.000996 
1964 82.205122 0.000000 -18.218134 99.788578 -0.119223 6.588465 -0.000118 
1965 48.149731 0.000000 -7.576517 98.827717 -0.306792 7.097658 0.018261 
1966 48.149731 0.000000 -11.123723 99.179817 -0.417746 7.102622 0.011274 
1967 51.933663 0.000000 -7.576517 99.086170 -0.241398 6.852136 0.013492 
1968 28.284086 0.000000 -1.368907 97.650876 -0.247577 18.312904 0.012888 
1969 29.230069 0.000000 -1.368907 99.226019 -0.340178 12.129019 0.000697 
1970 22.608188 0.000000 -1.368907 -10.829825 -0.313747 -2.034907 0.987848 
1971 21.662204 0.000000 -1.368907 -10.351061 -0.109689 -1.058682 0.989172 
1972 22.608188 0.000000 -0.482106 -11.410747 -0.207562 -1.516144 0.986745 
1973 31.122035 0.000000 -5.802914 99.425746 0.172981 11.534917 -0.001856 
1974 31.122035 0.000000 -7.576517 99.551112 0.076890 9.890183 -0.000825 
1975 33.014001 0.000000 -5.802914 99.001483 -0.505900 11.925097 0.005624 
1976 28.284086 0.000000 -4.916113 98.858344 -0.382235 12.901765 0.006043 
1977 28.284086 0.000000 -5.802914 99.760356 -0.371171 11.953794 -0.009516 
1978 29.230069 0.000000 -4.916113 99.105771 -0.343250 12.339173 0.002567 
1979 26.865111 0.000000 -3.585911 95.057581 0.237624 22.908120 0.043922 
1980 26.865111 0.000000 -4.029311 95.695080 -0.545586 18.589882 0.049657 
1981 27.338103 0.000000 -3.585911 95.048878 0.237616 22.906431 0.044095 
1982 24.500154 0.000000 -4.916113 105.947725 0.019808 14.784429 -0.144350 
1983 24.500154 0.000000 -5.802914 104.105965 -0.250243 12.585376 -0.099651 
1984 24.973145 0.000000 -3.585911 114.680637 0.070292 22.289893 -0.364849 
1985 24.500154 0.000000 -3.585911 112.981834 -0.035806 15.008889 -0.299016 
1986 24.973145 0.000000 -4.029311 109.644164 0.014962 20.141107 -0.242751 
1987 26.392120 0.000000 0.404696 -18.195692 0.298563 -2.378719 0.966317 
1988 25.446137 0.000000 0.404696 -15.901778 0.339856 -2.315955 0.974165 
1989 26.865111 0.000000 -1.812308 94.049184 0.167967 21.810732 0.067901 
1990 27.338103 0.000000 -1.812308 95.382642 0.001082 20.563206 0.047931 
1991 26.865111 0.000000 -1.368907 93.332685 0.221085 21.942514 0.080749 
1992 25.682633 0.000000 -2.920810 90.474953 0.184426 52.478969 -0.093979 
1993 25.446137 0.000000 -2.920810 99.516111 0.146629 50.259182 -0.242946 
1994 25.682633 0.000000 -3.142510 96.389231 0.174452 49.432820 -0.173452 
1995 24.973145 0.000000 -1.812308 -13.835900 0.093215 -3.819479 0.979397 
1996 24.500154 0.000000 -1.812308 -12.622267 -0.004282 -3.003303 0.983166 
1997 24.973145 0.000000 -1.368907 -14.256218 0.100903 -3.340751 0.978559 
1998 97.340851 0.000000 45.631568 99.770587 0.025379 6.381643 0.000510 
1999 112.476581 0.000000 45.631568 99.780402 0.023503 6.378973 0.000318 
2000 97.340851 0.000000 59.820391 99.784965 0.024347 6.403972 0.000195 
2001 74.637257 0.000000 24.348334 99.648335 0.206213 6.181976 0.003195 
2002 82.205122 0.000000 24.348334 99.734549 0.089573 6.081159 0.001603 
2003 74.637257 0.000000 31.442745 99.653682 0.191552 6.362882 0.002862 
2004 30.176052 0.000000 0.404696 -27.143345 -0.031582 -0.092738 0.926323 
2005 30.176052 0.000000 -0.482106 103.422019 0.008613 17.695651 -0.100925 
2006 28.284086 0.000000 5.725504 100.951618 -0.304729 2.132783 -0.019587 
2007 27.338103 0.000000 5.725504 101.086483 -0.351767 1.875650 -0.022212 
2008 28.284086 0.000000 6.612306 100.570054 -0.280422 2.841343 -0.012249 
2009 26.392120 0.000000 5.725504 101.549693 -0.172961 1.937195 -0.031612 
2010 25.446137 0.000000 5.725504 101.991229 -0.009686 2.042035 -0.040638 
2011 26.392120 0.000000 6.612306 101.396177 -0.412700 2.643900 -0.028835 
2012 32.068018 0.000000 5.725504 99.263813 -0.151736 1.530745 0.014433 
2013 33.014001 0.000000 5.725504 98.891304 -0.096740 1.621229 0.021787 
2014 32.068018 0.000000 6.612306 99.378238 -0.118067 2.526567 0.011757 
2015 29.703061 0.000000 1.734898 98.548462 -0.199220 -1.053506 0.028705 
2016 29.703061 0.000000 1.291497 -28.387555 -0.082817 0.663306 0.919370 
2017 30.176052 0.000000 1.734898 98.951292 -0.184358 -1.548749 0.020621 
2018 30.649044 0.000000 1.734898 100.960276 -0.150758 -0.078602 -0.019301 
2019 30.649044 0.000000 1.291497 99.504343 -0.164507 -2.199223 0.009402 
2020 31.122035 0.000000 1.734898 100.888247 -0.151230 -0.158835 -0.017849 
2021 28.757078 0.000000 4.395302 101.631626 -0.371126 2.331871 -0.033456 
2022 28.284086 0.000000 4.395302 101.091599 -0.111162 2.024841 -0.022362 
2023 28.757078 0.000000 4.838703 101.210444 -0.352103 1.954852 -0.024750 
2024 27.811094 0.000000 4.395302 101.198500 -0.198261 1.485573 -0.024338 
2025 27.338103 0.000000 4.395302 101.120141 -0.227936 1.023286 -0.022638 
2026 27.811094 0.000000 4.838703 101.140031 -0.122211 1.629224 -0.023198 
2027 28.993573 0.000000 2.399999 102.604348 -0.079241 7.109779 -0.057821 
2028 28.993573 0.000000 2.178299 103.544446 -0.106248 8.849525 -0.079978 
2029 29.230069 0.000000 2.399999 99.733003 -0.086655 -1.030167 0.005226 
2030 26.865111 0.000000 1.734898 105.017006 0.180566 -4.870230 -0.105232 
2031 26.392120 0.000000 1.734898 104.792819 0.198774 -4.816725 -0.100478 
2032 26.865111 0.000000 1.291497 -18.609848 0.012473 -0.397700 0.965352 
2033 28.638830 0.000000 2.732549 103.401086 -0.073982 29.241258 -0.154684 
2034 28.638830 0.000000 2.621699 105.692570 -0.064988 32.495908 -0.222691 
2035 28.757078 0.000000 2.732549 105.312505 -0.075534 37.108300 -0.246776 
2036 29.466565 0.000000 2.843400 95.555206 -0.055943 -5.659470 0.083717 
2037 29.466565 0.000000 2.621699 97.333105 -0.067597 -1.648190 0.052355 
2038 29.703061 0.000000 2.843400 94.142976 -0.044024 -0.094825 0.113709 
2039 26.865111 0.000000 4.395302 101.169157 -0.308813 0.220577 -0.023534 
2040 26.392120 0.000000 4.395302 102.267666 0.062508 -0.303110 -0.045877 
2041 26.865111 0.000000 4.838703 101.658078 -0.323148 0.831251 -0.033516 
2042 28.165838 0.000000 2.732549 94.279552 -0.058859 12.301100 0.096005 
2043 28.165838 0.000000 2.621699 96.623378 -0.052926 12.384655 0.051054 
2044 27.988466 0.000000 2.787975 90.978485 -0.057447 -1.951208 0.171910 
2045 27.988466 0.000000 2.732549 92.538271 -0.049969 -0.510673 0.143641 
2046 28.047590 0.000000 2.787975 91.141724 -0.060411 2.083559 0.168884 
2047 38.689900 0.000000 -2.255709 95.235233 -0.146317 13.908436 0.073678 
2048 38.689900 0.000000 -4.029311 96.813622 -0.128464 11.228377 0.050103 
2049 31.595027 0.000000 1.734898 101.542706 -0.185337 -1.089863 -0.031214 
2050 31.595027 0.000000 1.291497 100.566832 -0.162673 -0.876297 -0.011448 
2051 33.959985 0.000000 5.725504 98.577937 0.000000 1.719956 0.027943 
2052 34.905968 0.000000 5.725504 98.578460 0.000000 1.932843 0.027855 
2053 33.959985 0.000000 6.612306 98.908996 -0.164402 2.552575 0.021047 
2054 33.486993 0.000000 1.734898 105.308316 -0.199832 0.395991 -0.109004 
2055 33.486993 0.000000 1.291497 105.636667 -0.143706 7.867881 -0.122103 
2056 31.595027 0.000000 4.395302 100.184854 -0.009546 -4.735235 -0.005943 
2057 32.068018 0.000000 4.395302 99.497956 -0.017650 -2.536893 0.009372 
2058 31.595027 0.000000 4.838703 99.798728 -0.000000 -1.808770 0.003694 
2059 32.777506 0.000000 2.399999 98.899798 -0.130758 -14.017429 0.002232 
2060 32.777506 0.000000 2.178299 105.141636 -0.188011 -4.621238 -0.107615 
2061 33.014001 0.000000 2.399999 96.618677 -0.122021 -12.696706 0.050361 
2062 31.831523 0.000000 2.399999 97.851684 -0.152369 6.671423 0.038052 
2063 31.595027 0.000000 2.399999 95.869099 -0.148406 -2.385597 0.080340 
2064 31.831523 0.000000 2.178299 101.804854 -0.191636 -0.897317 -0.036507 
2065 33.486993 0.000000 3.508501 98.040566 -0.049803 -5.457763 0.035826 
2066 33.959985 0.000000 3.508501 99.102522 -0.060285 2.457410 0.017265 
2067 33.486993 0.000000 3.951901 98.442625 -0.041668 -1.365201 0.030718 
2068 34.432976 0.000000 3.508501 105.546020 -0.075559 3.246019 -0.115050 
2069 34.432976 0.000000 3.951901 102.114582 -0.047499 1.361601 -0.042924 
2070 32.777506 0.000000 3.286800 111.794752 -0.029270 -17.178939 -0.279318 
2071 33.014001 0.000000 3.286800 105.465089 -0.041942 -15.572147 -0.136538 
2072 32.777506 0.000000 3.508501 103.729046 -0.007343 -13.981957 -0.095521 
2073 32.186266 0.000000 2.954250 130.391320 -0.032318 17.555764 -0.731010 
2074 32.068018 0.000000 2.954250 110.781078 -0.037230 13.242321 -0.244781 
2075 32.186266 0.000000 3.065100 118.623558 -0.036615 -3.627304 -0.408471 
2076 31.831523 0.000000 3.286800 98.863799 -0.019790 -2.679329 0.021877 
2077 31.595027 0.000000 3.286800 95.571520 -0.025057 -6.368686 0.082552 
2078 31.831523 0.000000 3.508501 99.911352 -0.019591 -3.687459 0.000412 
2079 37.743917 0.000000 0.404696 104.347743 0.036685 14.216570 -0.109056 
2080 37.743917 0.000000 -0.482106 101.511796 0.007307 25.363087 -0.094793 
2081 38.689900 0.000000 0.404696 101.230956 0.109791 19.828981 -0.064091 
2082 39.635883 0.000000 0.404696 103.534691 0.029051 17.246493 -0.101687 
2083 39.635883 0.000000 -0.482106 102.174950 0.108410 23.172770 -0.097671 
2084 39.635883 0.000000 1.291497 104.121179 -0.002040 9.240865 -0.092661 
2085 39.635883 0.000000 2.178299 113.885735 0.206293 15.193991 -0.320086 
2086 36.324942 0.000000 1.734898 101.291723 0.006159 7.885128 -0.032219 
2087 36.324942 0.000000 1.291497 104.462765 -0.067950 12.628937 -0.107196 
2088 36.797934 0.000000 1.734898 103.487159 0.013865 10.938254 -0.082924 
2089 37.743917 0.000000 5.725504 97.301223 -0.000000 2.258175 0.052737 
2090 36.797934 0.000000 5.725504 97.523591 -0.000000 2.359966 0.048358 
2091 36.324942 0.000000 3.508501 98.920557 -0.034611 -2.940042 0.020608 
2092 36.797934 0.000000 3.508501 102.288177 0.015664 1.256263 -0.046445 
2093 36.324942 0.000000 3.951901 99.174296 -0.028439 -1.721695 0.016149 
2094 35.142463 0.000000 2.843400 104.571677 -0.033983 -37.737486 -0.235935 
2095 34.905968 0.000000 2.843400 106.902539 -0.060110 -19.019119 -0.178988 
2096 35.142463 0.000000 3.065100 107.467552 -0.047513 -22.198192 -0.204204 
2097 55.717596 0.000000 -7.576517 99.389296 -0.087316 6.840052 0.007497 
2098 55.717596 0.000000 -11.123723 99.473028 -0.120881 6.735240 0.005974 
2099 59.501528 0.000000 -7.576517 99.474287 -0.099776 6.656110 0.006055 
2100 63.285460 0.000000 -7.576517 99.578222 -0.030959 6.633313 0.004018 
2101 63.285460 0.000000 -11.123723 99.632117 -0.021606 6.643132 0.002931 
2102 67.069393 0.000000 -7.576517 99.628008 -0.048676 6.618716 0.003045 
2103 46.257765 0.000000 -2.255709 97.564404 -0.324087 7.264076 0.042832 
2104 46.257765 0.000000 -4.029311 98.003992 -0.280036 7.389477 0.034053 
2105 48.149731 0.000000 -2.255709 98.101996 -0.316247 6.896766 0.032833 
2106 50.041697 0.000000 -2.255709 98.529471 -0.378192 6.779071 0.024584 
2107 50.041697 0.000000 -4.029311 98.668722 -0.352979 6.887250 0.021692 
2108 51.933663 0.000000 -2.255709 98.812320 -0.215940 6.747897 0.019054 
2109 41.054858 0.000000 2.621699 96.107012 0.028944 -8.587636 0.068969 
2110 40.581866 0.000000 2.621699 107.677472 0.011473 -9.265395 -0.168029 
2111 41.054858 0.000000 2.178299 99.888685 0.231960 -4.033289 0.000593 
2112 45.311782 0.000000 2.178299 96.113500 -0.788862 5.632013 0.072985 
2113 45.311782 0.000000 1.291497 96.043204 -0.666547 6.231158 0.073643 
2114 46.257765 0.000000 2.178299 96.948863 -0.633390 5.768782 0.056724 
2115 42.946824 0.000000 2.621699 105.168014 -0.117119 -12.032948 -0.120512 
2116 43.419815 0.000000 2.621699 92.878070 -2.260388 3.525850 0.135612 
2117 42.946824 0.000000 3.065100 106.625325 -0.016664 -12.745910 -0.153142 
2118 42.946824 0.000000 0.848096 101.992164 -0.210174 21.465136 -0.086320 
2119 42.946824 0.000000 0.404696 103.098367 -0.227497 24.603948 -0.123468 
2120 43.419815 0.000000 0.848096 92.142270 -1.401541 7.526044 0.145120 
2121 16.932289 0.000000 -1.368907 -7.792983 0.215813 1.118222 0.993797 
2122 17.878272 0.000000 -1.368907 -8.120502 0.282682 0.758538 0.993340 
2123 16.932289 0.000000 -0.482106 -8.388644 0.373964 0.974644 0.992854 
2124 16.932289 0.000000 -4.916113 101.123972 -0.126245 -5.408971 -0.025533 
2125 16.932289 0.000000 -5.802914 101.780514 -0.351849 -2.464484 -0.036547 
2126 17.878272 0.000000 -4.916113 103.949900 -0.058864 -5.850784 -0.083982 
2127 14.803827 0.000000 -3.364210 95.853194 -0.147358 -24.054402 0.023353 
2128 14.803827 0.000000 -3.585911 94.212848 -0.166208 -30.129383 0.021613 
2129 15.040323 0.000000 -3.364210 97.717135 -0.083740 -21.479888 -0.001003 
2130 20.716221 0.000000 -1.368907 -9.809350 -0.173456 -0.885898 0.990296 
2131 19.770238 0.000000 -1.368907 -9.221404 -0.122948 -0.544265 0.991465 
2132 20.716221 0.000000 -0.482106 -10.079127 -0.184105 -0.702332 0.989788 
2133 18.824255 0.000000 -1.368907 -8.825203 0.157582 0.053402 0.992209 
2134 18.824255 0.000000 -0.482106 -9.203564 -0.059311 0.304480 0.991520 
2135 20.716221 0.000000 -4.916113 112.038235 -0.407529 5.457600 -0.258252 
2136 19.770238 0.000000 -4.916113 111.615495 0.087925 -0.625610 -0.245842 
2137 20.716221 0.000000 -5.802914 107.780173 -0.337875 5.636352 -0.164845 
2138 18.824255 0.000000 -4.916113 108.092926 0.085229 -4.401830 -0.170346 
2139 18.824255 0.000000 -5.802914 105.761467 -0.257227 -0.962063 -0.118648 
2140 39.635883 0.000000 7.499107 96.244559 -0.000000 2.842791 0.072890 
2141 40.108875 0.000000 6.168905 96.461961 -0.000000 2.377302 0.068944 
2142 39.635883 0.000000 6.168905 96.527168 -0.000000 2.356957 0.067695 
2143 40.108875 0.000000 6.612306 96.439945 -0.000000 2.545954 0.069286 
2144 43.892807 0.000000 5.282104 96.614807 -0.197686 3.504610 0.065326 
2145 43.892807 0.000000 4.838703 96.345059 -0.687915 3.579150 0.070435 
2146 43.892807 0.000000 5.725504 96.828863 0.418714 3.377462 0.061259 
2147 43.892807 0.000000 6.168905 97.038570 -0.275904 3.284355 0.057265 
2148 44.365799 0.000000 6.168905 97.218904 -0.229761 3.449841 0.053653 
2149 41.764345 0.000000 5.060403 96.113610 0.000000 1.837593 0.075880 
2150 41.527849 0.000000 5.060403 96.088686 0.000000 1.672459 0.076417 
2151 41.291353 0.000000 5.060403 96.151656 0.000000 1.596761 0.075231 
2152 41.054858 0.000000 5.060403 96.348462 -0.000000 1.489751 0.071475 
2153 41.291353 0.000000 5.282104 96.369729 -0.000000 1.993042 0.070890 
2154 41.291353 0.000000 5.503804 96.416153 -0.000000 2.147124 0.069932 
2155 41.054858 0.000000 5.503804 96.411660 -0.000000 2.089772 0.070042 
2156 41.291353 0.000000 5.725504 96.405425 -0.000000 2.229266 0.070102 
2157 40.108875 0.000000 4.395302 97.917687 0.042773 -0.019609 0.041212 
2158 39.635883 0.000000 4.395302 98.695576 0.053599 -0.364399 0.025905 
2159 40.108875 0.000000 3.951901 101.004222 0.055276 -2.174980 -0.020659 
2160 50.041697 0.000000 11.933114 99.346377 0.105981 3.949285 0.011469 
2161 51.933663 0.000000 11.933114 99.347444 0.234844 4.154673 0.011277 
2162 50.041697 0.000000 13.706717 99.387667 0.178818 4.489120 0.010191 
2163 47.203748 0.000000 7.499107 98.409504 -0.158739 3.873157 0.030054 
2164 48.149731 0.000000 7.499107 98.562860 -0.074860 4.099365 0.026855 
2165 41.054858 0.000000 7.055706 96.555802 -0.000000 2.506501 0.067069 
2166 40.581866 0.000000 7.055706 96.465564 -0.000000 2.544204 0.068792 
2167 41.054858 0.000000 7.499107 96.527904 0.000000 2.363259 0.067678 
2168 41.054858 0.000000 7.942508 96.435544 0.000000 2.186425 0.069541 
2169 40.581866 0.000000 7.942508 96.204053 -0.000000 2.334514 0.073933 
2170 41.054858 0.000000 8.385909 96.408461 -0.000000 1.823521 0.070208 
2171 43.892807 0.000000 9.716111 98.477627 0.000000 1.756089 0.029907 
2172 44.365799 0.000000 9.716111 98.725196 -0.387618 2.271177 0.024803 
2173 43.892807 0.000000 10.159511 98.489906 0.000000 1.788692 0.029654 
2174 41.054858 0.000000 8.829309 96.671467 -0.000000 1.333038 0.065285 
2175 40.581866 0.000000 8.829309 96.312387 -0.000000 1.427002 0.072189 
2176 42.710328 0.000000 9.051010 97.886642 -0.000000 1.520424 0.041589 
2177 42.473832 0.000000 9.051010 97.769477 -0.000000 1.391059 0.043919 
2178 29.466565 0.000000 3.730201 104.987661 -0.017634 4.203774 -0.104008 
2179 29.230069 0.000000 3.730201 102.325998 -0.031802 6.150910 -0.050844 
2180 29.466565 0.000000 3.951901 107.196141 -0.022317 0.255416 -0.149108 
2181 31.122035 0.000000 11.933114 100.226421 -0.510485 4.512057 -0.006595 
2182 29.230069 0.000000 11.933114 100.324203 -0.370595 4.688104 -0.008706 
2183 31.122035 0.000000 13.706717 100.086287 -0.201939 4.864342 -0.004097 
2184 30.205614 0.000000 3.536213 104.830152 -0.014288 -3.316138 -0.100036 
2185 30.235176 0.000000 3.536213 105.021065 -0.014806 -3.201203 -0.103967 
2186 30.205614 0.000000 3.563926 105.244086 -0.017266 -2.826971 -0.108431 
2187 45.311782 0.000000 11.046313 99.214237 0.092691 2.947033 0.014784 
2188 46.257765 0.000000 11.046313 99.141292 0.096262 3.227622 0.016058 
2189 45.311782 0.000000 11.933114 99.437798 0.026544 3.299218 0.010124 
2190 47.203748 0.000000 11.046313 99.172593 0.152403 3.393807 0.015326 
2191 48.149731 0.000000 11.046313 99.168607 0.153285 3.570039 0.015282 
2192 47.203748 0.000000 11.933114 99.289045 0.092364 3.685645 0.012809 
2193 43.892807 0.000000 10.602912 99.227466 0.109793 2.214555 0.014899 
2194 44.365799 0.000000 10.602912 99.164257 0.091499 2.428474 0.016054 
2195 43.892807 0.000000 11.046313 99.435714 0.041757 2.455748 0.010651 
2196 43.183320 0.000000 9.494410 98.289660 0.000000 1.628541 0.033649 
2197 43.419815 0.000000 9.494410 98.375096 0.000000 1.716331 0.031939 
2198 43.183320 0.000000 9.716111 98.384813 0.000000 1.514617 0.031813 
2199 43.183320 0.000000 9.937811 98.366090 -0.000000 1.482800 0.032191 
2200 43.419815 0.000000 9.937811 98.442262 0.000000 1.649634 0.030640 
2201 43.183320 0.000000 10.159511 98.365092 0.000000 1.463089 0.032217 
2202 41.054858 0.000000 10.602912 101.340342 -0.100173 1.135696 -0.027116 
2203 40.581866 0.000000 10.602912 101.881248 -0.099289 1.151676 -0.038112 
2204 41.054858 0.000000 11.046313 101.329149 -0.073581 1.848952 -0.027102 
2205 42.237337 0.000000 9.051010 97.665256 -0.000000 1.188355 0.046009 
2206 42.000841 0.000000 9.051010 97.517906 -0.000000 1.124002 0.048899 
2207 42.237337 0.000000 8.829309 97.448559 -0.000000 1.495601 0.050154 
2208 39.162892 0.000000 8.829309 95.419993 -0.000000 2.557404 0.088848 
2209 39.162892 0.000000 8.385909 95.669292 -0.000000 3.071506 0.083795 
2210 39.635883 0.000000 8.829309 95.564559 -0.000000 1.998649 0.086342 
2211 40.108875 0.000000 8.829309 95.885343 -0.000000 1.751163 0.080293 
2212 40.108875 0.000000 8.385909 95.890874 -0.000000 2.252265 0.079987 
2213 39.162892 0.000000 10.602912 103.901187 -0.100744 2.487550 -0.080165 
2214 39.635883 0.000000 10.602912 103.197320 -0.071409 1.722484 -0.065266 
2215 39.162892 0.000000 11.046313 103.002547 -0.066499 3.451229 -0.062144 
2216 40.108875 0.000000 10.602912 102.517221 -0.077161 1.331872 -0.051156 
2217 40.108875 0.000000 11.046313 102.233209 -0.035895 2.263517 -0.045675 
2218 35.851951 0.000000 7.499107 98.062418 0.000000 3.779327 0.036948 
2219 34.905968 0.000000 7.499107 98.540930 -0.248651 3.613151 0.027657 
2220 35.851951 0.000000 6.612306 97.978374 0.000000 3.152298 0.039030 
2221 37.270925 0.000000 8.829309 98.624622 0.000000 5.517756 0.024274 
2222 36.797934 0.000000 8.829309 98.260735 0.000000 5.093358 0.031889 
2223 37.270925 0.000000 8.385909 97.798158 0.000000 4.916189 0.041135 
2224 35.851951 0.000000 11.046313 99.893213 -0.098520 5.420081 -0.000804 
2225 34.905968 0.000000 11.046313 99.659338 0.023727 5.071999 0.004229 
2226 35.851951 0.000000 11.933114 100.062356 0.136576 5.358344 -0.004121 
2227 37.270925 0.000000 10.602912 100.447141 0.081249 6.345289 -0.012990 
2228 36.797934 0.000000 10.602912 99.988653 0.053769 5.962015 -0.003328 
2229 37.270925 0.000000 11.046313 100.711962 0.017249 5.955938 -0.017837 
2230 42.946824 0.000000 3.508501 94.036964 -0.789860 2.529100 0.115003 
2231 43.419815 0.000000 3.508501 94.617376 -0.843750 3.264179 0.103619 
2232 43.892807 0.000000 4.395302 96.015334 0.061760 3.647155 0.076775 
2233 43.892807 0.000000 3.951901 95.639292 -0.605431 3.760639 0.083862 
2234 44.365799 0.000000 4.395302 96.306933 0.120080 3.982174 0.070910 
2235 42.237337 0.000000 4.617002 95.799745 0.000000 1.627844 0.081976 
2236 42.473832 0.000000 4.617002 95.354018 0.000000 1.273971 0.090599 
2237 42.237337 0.000000 3.730201 104.112931 -0.011965 -10.303055 -0.094566 
2238 42.237337 0.000000 3.508501 106.144372 -0.105713 -13.852145 -0.145852 
2239 42.473832 0.000000 3.730201 105.758462 0.129170 -10.519725 -0.129553 
2240 41.675659 0.000000 4.201314 96.417145 -0.019196 -0.661885 0.070330 
2241 41.705221 0.000000 4.201314 96.513683 -0.020616 -0.704536 0.068461 
2242 41.675659 0.000000 4.229027 95.311543 0.000000 0.137813 0.091569 
2243 44.838790 0.000000 6.168905 97.397138 -0.212740 3.643761 0.050048 
2244 45.311782 0.000000 6.168905 97.570120 -0.193988 3.814773 0.046548 
2245 44.838790 0.000000 6.612306 97.559121 -0.037152 3.483358 0.047008 
2246 44.838790 0.000000 4.395302 96.624416 0.266392 4.214942 0.064589 
2247 44.838790 0.000000 3.951901 96.384834 -0.461077 4.417046 0.069024 
2248 53.825629 0.000000 4.838703 99.105331 0.855697 5.151359 0.015086 
2249 53.825629 0.000000 3.065100 99.027780 -0.428769 5.809787 0.015956 
2250 70.853325 0.000000 13.706717 99.747809 0.094510 4.728079 0.002801 
2251 74.637257 0.000000 13.706717 99.781478 0.105234 4.673633 0.002180 
2252 70.853325 0.000000 17.253923 99.715040 0.048881 5.434243 0.002738 
2253 65.177426 0.000000 4.838703 99.574262 0.675621 5.632324 0.005279 
2254 65.177426 0.000000 3.065100 99.539156 -0.239093 6.260787 0.005270 
2255 67.069393 0.000000 4.838703 99.768969 -0.934241 3.388996 0.003379 
2256 70.853325 0.000000 -0.482106 99.622283 -0.145200 6.529559 0.003274 
2257 70.853325 0.000000 -4.029311 99.636687 -0.112659 6.550766 0.002961 
2258 74.637257 0.000000 -0.482106 99.662385 -0.107105 6.520865 0.002488 
2259 42.710328 0.000000 5.060403 96.278054 0.000000 2.107237 0.072610 
2260 42.710328 0.000000 4.838703 95.865284 -0.879672 2.616156 0.080223 
2261 42.946824 0.000000 5.060403 96.122031 0.128859 2.846391 0.075244 
2262 42.355584 0.000000 5.392954 96.342102 0.000000 2.352298 0.071267 
2263 42.355584 0.000000 5.282104 96.331781 0.000000 2.280533 0.071499 
2264 42.473832 0.000000 5.392954 96.341103 0.000000 2.379565 0.071273 
2265 41.882593 0.000000 5.392954 96.340863 0.000000 2.230479 0.071346 
2266 41.764345 0.000000 5.392954 96.339525 0.000000 2.219660 0.071377 
2267 41.882593 0.000000 5.282104 96.331081 0.000000 2.143394 0.071573 
2268 43.183320 0.000000 6.390605 96.899191 0.000000 2.739310 0.060304 
2269 43.183320 0.000000 6.168905 96.814779 -0.256436 2.970914 0.061801 
2270 43.419815 0.000000 6.390605 96.984486 0.825363 2.999996 0.058433 
2271 42.355584 0.000000 5.836354 96.371604 0.000000 2.581030 0.070585 
2272 42.473832 0.000000 5.836354 96.371543 0.000000 2.610813 0.070571 
2273 42.119089 0.000000 6.058055 96.481953 0.000000 2.677268 0.068407 
2274 42.000841 0.000000 6.058055 96.472683 0.000000 2.636225 0.068607 
2275 41.291353 0.000000 5.947205 96.366466 -0.000000 2.426531 0.070762 
2276 41.054858 0.000000 5.947205 96.380413 -0.000000 2.330445 0.070539 
2277 41.291353 0.000000 6.168905 96.405547 -0.000000 2.498725 0.069973 
2278 41.291353 0.000000 6.390605 96.438394 -0.000000 2.509786 0.069334 
2279 41.054858 0.000000 6.390605 96.387557 -0.000000 2.482879 0.070327 
2280 41.291353 0.000000 6.612306 96.482739 -0.000000 2.515137 0.068476 
2281 41.882593 0.000000 5.836354 96.367189 0.000000 2.511787 0.070706 
2282 41.764345 0.000000 5.836354 96.360213 0.000000 2.429629 0.070881 
2283 41.882593 0.000000 5.947205 96.387950 0.000000 2.569561 0.070276 
2284 41.882593 0.000000 6.058055 96.453631 0.000000 2.617323 0.068985 
2285 41.764345 0.000000 6.058055 96.462248 0.000000 2.594394 0.068830 
2286 41.882593 0.000000 6.168905 96.517528 0.000000 2.609850 0.067756 
2287 42.089527 0.000000 5.642367 96.346863 0.000000 2.416902 0.071144 
2288 42.059965 0.000000 5.642367 96.347550 0.000000 2.415143 0.071132 
2289 42.089527 0.000000 5.670079 96.352424 0.000000 2.428311 0.071031 
2290 53.825629 0.000000 11.933114 99.363090 0.227113 4.292496 0.010850 
2291 55.717596 0.000000 11.933114 99.421518 0.271290 4.377784 0.009612 
2292 53.825629 0.000000 13.706717 99.432359 0.219218 4.689823 0.009116 
2293 57.609562 0.000000 11.933114 99.503569 0.190915 4.344614 0.008013 
2294 59.501528 0.000000 11.933114 99.566138 0.194212 4.347420 0.006765 
2295 57.609562 0.000000 13.706717 99.529869 0.136163 4.738593 0.007133 
2296 41.764345 0.000000 6.834006 96.689815 -0.000000 2.552112 0.064457 
2297 41.527849 0.000000 6.834006 96.607056 -0.000000 2.519458 0.066073 
2298 41.764345 0.000000 7.055706 96.707116 -0.000000 2.534409 0.064131 
2299 41.764345 0.000000 7.277407 96.701395 -0.000000 2.502659 0.064258 
2300 41.527849 0.000000 7.277407 96.624221 -0.000000 2.452511 0.065775 
2301 41.764345 0.000000 7.499107 96.736216 -0.000000 2.365626 0.063651 
2302 42.119089 0.000000 6.501456 96.660173 0.000000 2.665412 0.064971 
2303 42.000841 0.000000 6.501456 96.640074 0.000000 2.636732 0.065374 
2304 42.119089 0.000000 6.612306 96.737786 0.000000 2.670080 0.063467 
2305 43.183320 0.000000 7.277407 96.891785 0.000000 2.551408 0.060547 
2306 43.419815 0.000000 7.277407 96.933307 0.000000 2.522236 0.059757 
2307 42.592080 0.000000 6.501456 96.776816 0.000000 2.712016 0.062689 
2308 42.710328 0.000000 6.501456 96.809246 0.000000 2.725149 0.062054 
2309 42.592080 0.000000 6.612306 96.845000 0.000000 2.720985 0.061364 
2310 42.296461 0.000000 6.224330 96.611063 0.000000 2.699543 0.065902 
2311 42.237337 0.000000 6.224330 96.606913 0.000000 2.698794 0.065982 
2312 42.296461 0.000000 6.168905 96.554367 0.000000 2.678939 0.067008 
2313 42.592080 0.000000 6.058055 96.583065 0.000000 2.702070 0.066441 
2314 42.592080 0.000000 5.947205 96.529790 0.000000 2.703186 0.067469 
2315 42.710328 0.000000 6.058055 96.606209 0.000000 2.719629 0.065984 
2316 41.882593 0.000000 6.279755 96.557285 -0.000000 2.605385 0.066990 
2317 41.764345 0.000000 6.279755 96.543062 -0.000000 2.596320 0.067270 
2318 41.882593 0.000000 6.390605 96.577878 -0.000000 2.607034 0.066592 
2319 41.882593 0.000000 6.501456 96.622110 0.000000 2.619772 0.065730 
2320 41.764345 0.000000 6.501456 96.575487 -0.000000 2.596515 0.066643 
2321 41.882593 0.000000 6.612306 96.686424 0.000000 2.628319 0.064483 
2322 42.592080 0.000000 6.723156 96.881640 0.000000 2.698479 0.060667 
2323 42.473832 0.000000 6.723156 96.876145 0.000000 2.701835 0.060771 
2324 42.710328 0.000000 6.723156 96.884153 0.000000 2.680640 0.060628 
2325 42.828576 0.000000 6.723156 96.893543 0.000000 2.675661 0.060448 
2326 42.828576 0.000000 6.612306 96.882592 0.000000 2.729293 0.060631 
2327 42.946824 0.000000 6.723156 96.894377 0.000000 2.665746 0.060437 
2328 42.828576 0.000000 7.166557 96.875553 0.000000 2.593879 0.060840 
2329 42.946824 0.000000 7.166557 96.894640 0.000000 2.602885 0.060465 
2330 42.828576 0.000000 7.277407 96.885019 0.000000 2.575854 0.060666 
2331 42.828576 0.000000 7.388257 96.957428 0.000000 2.518694 0.059291 
2332 42.710328 0.000000 7.388257 96.929614 0.000000 2.531391 0.059824 
2333 42.946824 0.000000 7.388257 97.053952 0.000000 2.466855 0.057445 
2334 42.592080 0.000000 7.388257 96.904410 0.000000 2.542380 0.060307 
2335 42.473832 0.000000 7.388257 96.821884 0.000000 2.577602 0.061888 
2336 42.592080 0.000000 7.499107 96.956952 0.000000 2.478461 0.059321 
2337 44.838790 0.000000 7.055706 97.717802 -0.449676 3.287767 0.044022 
2338 45.311782 0.000000 7.055706 97.869355 -0.380949 3.464871 0.040944 
2339 44.838790 0.000000 7.499107 97.876947 -0.151870 3.160100 0.041009 
2340 44.838790 0.000000 7.942508 98.041943 -0.014678 2.995496 0.037880 
2341 45.311782 0.000000 7.942508 98.164264 0.015022 3.151046 0.035385 
2342 44.838790 0.000000 8.385909 98.209911 -0.315230 2.838278 0.034666 
2343 42.237337 0.000000 7.720807 96.965701 -0.000000 2.360220 0.059208 
2344 42.000841 0.000000 7.720807 96.848905 -0.000000 2.331381 0.061485 
2345 42.237337 0.000000 7.942508 97.032700 -0.000000 2.287557 0.057942 
2346 42.237337 0.000000 8.164208 97.135792 -0.000000 2.057942 0.056040 
2347 42.000841 0.000000 8.164208 96.982354 -0.000000 2.031393 0.059030 
2348 42.237337 0.000000 8.385909 97.285042 -0.000000 1.927661 0.053190 
2349 42.592080 0.000000 7.609957 97.049564 0.000000 2.413935 0.057555 
2350 42.473832 0.000000 7.609957 97.003537 0.000000 2.413030 0.058449 
2351 42.592080 0.000000 7.720807 97.148391 0.000000 2.384167 0.055651 
2352 42.592080 0.000000 7.831658 97.184629 0.000000 2.360175 0.054958 
2353 42.473832 0.000000 7.831658 97.099952 -0.000000 2.352996 0.056606 
2354 42.592080 0.000000 7.942508 97.224597 0.000000 2.309775 0.054204 
2355 43.656311 0.000000 7.720807 97.656324 0.000000 2.222009 0.045831 
2356 43.656311 0.000000 7.499107 97.483481 -0.170678 2.759733 0.048933 
2357 43.892807 0.000000 7.720807 97.654364 -0.364261 2.732777 0.045602 
2358 43.065072 0.000000 7.609957 97.228812 0.000000 2.377147 0.054091 
2359 43.065072 0.000000 7.499107 97.168499 0.000000 2.421845 0.055242 
2360 43.183320 0.000000 7.609957 97.243407 0.000000 2.387880 0.053802 
2361 43.065072 0.000000 8.053358 97.542380 0.000000 2.248582 0.048043 
2362 42.946824 0.000000 8.053358 97.541128 0.000000 2.244812 0.048069 
2363 43.183320 0.000000 8.053358 97.539947 0.000000 2.239403 0.048094 
2364 43.301568 0.000000 8.053358 97.625963 0.000000 2.216005 0.046426 
2365 43.301568 0.000000 7.942508 97.514701 0.000000 2.264075 0.048576 
2366 43.419815 0.000000 8.053358 97.623119 0.000000 2.215365 0.046482 
2367 44.838790 0.000000 8.829309 98.387885 -0.150089 2.690793 0.031256 
2368 45.311782 0.000000 8.829309 98.477017 -0.160731 2.857261 0.029409 
2369 44.838790 0.000000 9.272710 98.573733 -0.169567 2.560403 0.027663 
2370 44.838790 0.000000 9.716111 98.766141 -0.386383 2.467582 0.023901 
2371 45.311782 0.000000 9.716111 98.804652 -0.359097 2.654983 0.023046 
2372 44.838790 0.000000 10.159511 98.954567 0.478829 2.480984 0.020161 
2373 43.656311 0.000000 9.051010 98.131562 0.000000 1.845737 0.036679 
2374 43.892807 0.000000 9.051010 98.158325 0.000000 1.867677 0.036145 
2375 43.656311 0.000000 9.272710 98.286962 0.000000 1.767746 0.033655 
2376 43.301568 0.000000 8.718459 97.798281 0.000000 1.963096 0.043164 
2377 43.419815 0.000000 8.718459 97.806538 0.000000 1.947733 0.043009 
2378 43.301568 0.000000 8.829309 97.840904 0.000000 1.939111 0.042340 
2379 43.242444 0.000000 8.552184 97.757250 0.000000 2.007910 0.043949 
2380 43.301568 0.000000 8.552184 97.757626 0.000000 2.008166 0.043941 
2381 43.242444 0.000000 8.607609 97.766862 0.000000 1.994712 0.043766 
2382 61.393494 0.000000 11.933114 99.622848 0.199782 4.322093 0.005657 
2383 63.285460 0.000000 11.933114 99.621283 0.229345 4.476324 0.005551 
2384 61.393494 0.000000 13.706717 99.607233 0.121713 4.790828 0.005543 
2385 65.177426 0.000000 11.933114 99.691964 0.188160 4.399464 0.004212 
2386 67.069393 0.000000 11.933114 99.715045 0.215456 4.409447 0.003742 
2387 65.177426 0.000000 13.706717 99.681079 0.102407 4.783731 0.004079 
2388 17.878272 0.000000 13.706717 101.228645 0.103368 6.192749 -0.028560 
2389 14.094340 0.000000 13.706717 100.888253 0.211158 7.048293 -0.022816 
2390 17.878272 0.000000 17.253923 100.876810 0.013591 6.352023 -0.021648 
2391 10.310407 0.000000 13.706717 100.660956 0.433015 7.506260 -0.018916 
2392 6.526475 0.000000 13.706717 100.051359 0.427982 7.672337 -0.006932 
2393 10.310407 0.000000 17.253923 101.017142 -0.102512 6.913561 -0.025227 
2394 0.850577 0.000000 4.838703 96.793940 0.109042 9.710407 0.053663 
2395 -1.041390 0.000000 4.838703 97.188968 0.296384 8.997740 0.047326 
2396 0.850577 0.000000 6.612306 97.902306 0.261144 9.031645 0.033350 
2397 -0.095407 0.000000 0.404696 90.561065 0.126694 14.254471 0.159549 
2398 -1.041390 0.000000 0.404696 91.706227 0.343180 11.106558 0.146649 
2399 -0.095407 0.000000 1.291497 93.148867 0.135807 12.157825 0.117546 
2400 1.796560 0.000000 2.178299 94.035825 0.176316 13.737054 0.096853 
2401 0.850577 0.000000 2.178299 94.365072 0.156600 12.342899 0.094286 
2402 1.796560 0.000000 3.065100 95.227576 0.179025 12.332108 0.077960 
2403 -0.095407 0.000000 2.178299 94.672490 0.221490 10.970364 0.091672 
2404 -1.041390 0.000000 2.178299 95.065733 0.349924 9.958405 0.086321 
2405 -0.095407 0.000000 3.065100 95.626665 0.307640 10.107962 0.075328 
2406 9.364424 0.000000 -1.368907 -12.222463 0.562782 -0.686158 0.984982 
2407 9.364424 0.000000 -4.916113 100.970581 -0.292823 4.876131 -0.021892 
2408 8.418441 0.000000 -4.916113 103.027056 -0.246358 3.393774 -0.062615 
2409 9.364424 0.000000 -5.802914 100.554964 -0.306426 4.130193 -0.012845 
2410 7.472458 0.000000 -4.916113 103.988156 -0.363814 0.094509 -0.081368 
2411 6.526475 0.000000 -4.916113 102.465865 -0.274196 -3.182041 -0.050945 
2412 7.472458 0.000000 -5.802914 101.734610 -0.265756 1.495895 -0.035224 
2413 19.770238 0.000000 8.385909 101.125750 -0.171736 5.969653 -0.026208 
2414 17.878272 0.000000 8.385909 100.674622 0.090917 6.479764 -0.017738 
2415 19.770238 0.000000 10.159511 101.442894 0.335157 5.652403 -0.032272 
2416 15.986306 0.000000 8.385909 100.281625 -0.047656 6.656997 -0.010072 
2417 14.094340 0.000000 8.385909 100.757635 0.226999 7.253851 -0.020477 
2418 15.986306 0.000000 10.159511 100.664115 0.202861 6.733064 -0.017864 
2419 16.932289 0.000000 0.404696 -8.804483 0.385134 0.917623 0.992149 
2420 17.878272 0.000000 0.404696 -8.969395 0.279876 0.817047 0.991880 
2421 18.824255 0.000000 0.404696 -9.561378 0.302655 0.228929 0.990844 
2422 19.770238 0.000000 0.404696 -9.862771 0.197781 0.326317 0.990258 
2423 20.716221 0.000000 0.404696 -10.541260 -0.087331 0.081226 0.988887 
2424 21.662204 0.000000 0.404696 -11.156607 0.037218 -0.241821 0.987547 
2425 22.608188 0.000000 0.404696 -11.806276 -0.281517 -1.055090 0.985942 
2426 23.554171 0.000000 0.404696 -12.966982 0.217519 -1.613492 0.982921 
2427 24.500154 0.000000 0.404696 -14.096756 0.190472 -2.004050 0.979723 
2428 22.608188 0.000000 3.951901 106.464105 0.079410 0.399973 -0.133477 
2429 21.662204 0.000000 3.951901 105.916251 0.138761 0.457491 -0.121848 
2430 22.608188 0.000000 4.838703 103.025749 0.046282 3.161808 -0.062430 
2431 24.500154 0.000000 5.725504 102.194401 0.036861 2.709399 -0.045104 
2432 23.554171 0.000000 5.725504 102.524839 0.330222 3.098813 -0.052105 
2433 24.500154 0.000000 6.612306 101.817807 0.103978 3.322095 -0.037791 
2434 22.608188 0.000000 5.725504 102.445458 0.111145 3.797742 -0.050951 
2435 21.662204 0.000000 5.725504 102.221678 0.003028 4.047296 -0.046565 
2436 22.608188 0.000000 6.612306 101.610566 -0.201889 4.167822 -0.034212 
2437 34.905968 0.000000 -5.802914 98.221836 -0.037905 11.094166 0.022939 
2438 34.905968 0.000000 -7.576517 99.161378 -0.525226 10.325742 0.006012 
2439 36.797934 0.000000 -5.802914 98.236905 -0.425539 10.889468 0.023075 
2440 24.027162 0.000000 -3.585911 111.697097 -0.115510 9.536635 -0.256720 
2441 24.027162 0.000000 -4.029311 111.103236 -0.154492 6.885439 -0.239136 
2442 24.027162 0.000000 -3.142510 111.940291 -0.101200 10.524942 -0.264141 
2443 24.027162 0.000000 -2.699109 111.103236 -0.154492 6.885439 -0.239136 
2444 23.554171 0.000000 -2.699109 109.536837 -0.257840 11.197643 -0.212377 
2445 24.027162 0.000000 -2.255709 -11.350913 -0.188566 -2.290286 0.986588 
2446 30.176052 0.000000 -1.368907 101.488477 -0.229226 11.495671 -0.043211 
2447 30.176052 0.000000 -2.255709 101.317563 -0.260013 11.581376 -0.039944 
2448 31.122035 0.000000 -1.368907 103.152310 0.019108 17.846589 -0.095890 
2449 24.027162 0.000000 -1.812308 -11.837867 0.024751 -2.298930 0.985458 
2450 23.554171 0.000000 -1.812308 -11.364748 -0.087383 -1.855448 0.986739 
2451 24.027162 0.000000 -1.368907 -12.221577 -0.012481 -2.273929 0.984546 
2452 28.993573 0.000000 3.730201 102.253100 -0.034726 8.366962 -0.052570 
2453 28.757078 0.000000 3.730201 102.413852 -0.026404 12.178220 -0.063691 
2454 28.993573 0.000000 3.951901 103.012470 -0.024586 9.582215 -0.070339 
2455 28.520582 0.000000 3.730201 101.195626 -0.051626 12.932857 -0.040782 
2456 28.284086 0.000000 3.730201 96.310438 -0.068839 19.062051 0.036093 
2457 28.520582 0.000000 3.951901 97.666089 -0.038166 17.530205 0.015403 
2458 29.466565 0.000000 2.399999 99.510979 -0.078387 -3.722136 0.008370 
2459 29.466565 0.000000 2.178299 106.032437 -0.111744 -2.191626 -0.124769 
2460 29.703061 0.000000 2.399999 102.932864 -0.086116 4.555705 -0.061594 
2461 29.939556 0.000000 2.843400 104.546451 -0.057029 11.081548 -0.105276 
2462 29.939556 0.000000 2.621699 105.171182 -0.074086 9.842329 -0.115785 
2463 30.176052 0.000000 2.843400 311.347876 -0.048876 -74.671601 -9.251335 
2464 28.047590 0.000000 3.730201 90.419480 -0.058436 15.697366 0.157791 
2465 27.811094 0.000000 3.730201 91.673488 0.010862 13.910916 0.140246 
2466 28.047590 0.000000 3.951901 86.909585 -0.058698 21.664090 0.197739 
2467 27.574599 0.000000 3.730201 91.980172 0.026610 7.014901 0.149044 
2468 27.338103 0.000000 3.730201 98.352593 0.055197 -1.111558 0.032553 
2469 27.574599 0.000000 3.951901 93.817052 0.029795 2.863755 0.119016 
2470 35.851951 0.000000 5.725504 98.013213 -0.000000 2.015265 0.038935 
2471 32.541010 0.000000 4.395302 99.598586 -0.025427 -3.307899 0.006918 
2472 33.014001 0.000000 4.395302 99.115677 -0.032567 -2.729664 0.016863 
2473 32.541010 0.000000 4.838703 99.956914 -0.000000 -2.286367 0.000339 
2474 33.486993 0.000000 4.395302 99.174660 -0.036075 -0.478614 0.016416 
2475 33.959985 0.000000 4.395302 99.198752 -0.021593 0.769469 0.015902 
2476 33.486993 0.000000 4.838703 99.188706 -0.039440 0.157612 0.016157 
2477 34.669472 0.000000 2.843400 105.725475 -0.066098 -12.781654 -0.134125 
2478 34.432976 0.000000 2.843400 105.147685 -0.090860 12.168676 -0.120412 
2479 34.669472 0.000000 3.065100 107.706026 -0.088036 2.121249 -0.160510 
2480 41.054858 0.000000 1.734898 103.302768 0.012306 6.243486 -0.071044 
2481 40.581866 0.000000 1.734898 103.736096 -0.006334 6.535422 -0.080389 
2482 41.054858 0.000000 1.291497 103.388222 -0.107544 12.501371 -0.084542 
2483 38.689900 0.000000 -5.802914 97.917360 -0.089091 9.929602 0.031359 
2484 38.689900 0.000000 -7.576517 98.474570 -0.046437 9.061693 0.022064 
2485 40.581866 0.000000 -5.802914 97.809470 -0.135302 9.113801 0.035023 
2486 41.054858 0.000000 0.848096 103.492064 -0.136045 13.138583 -0.088325 
2487 40.581866 0.000000 0.848096 104.103411 -0.077591 10.264314 -0.094288 
2488 41.054858 0.000000 0.404696 103.182348 -0.116001 12.863110 -0.081207 
2489 45.311782 0.000000 0.404696 96.190338 -0.555580 6.768038 0.070130 
2490 45.311782 0.000000 -0.482106 96.488535 -0.452898 7.176100 0.063826 
2491 46.257765 0.000000 0.404696 96.979148 -0.454688 6.586061 0.055146 
2492 47.203748 0.000000 2.178299 97.509070 -0.546882 5.839825 0.045758 
2493 47.203748 0.000000 1.291497 97.477067 -0.453144 6.171855 0.045992 
2494 48.149731 0.000000 2.178299 97.867981 -0.487310 5.885385 0.038698 
2495 23.081179 0.000000 -2.699109 107.811035 -0.371705 15.948675 -0.187772 
2496 22.608188 0.000000 -2.699109 -11.335431 -0.369591 -2.138563 0.986680 
2497 23.081179 0.000000 -2.255709 -10.973554 -0.332022 -2.225476 0.987452 
2498 40.108875 0.000000 3.508501 104.536213 0.017431 -4.533736 -0.094837 
2499 39.635883 0.000000 3.508501 102.148652 0.061184 -1.614205 -0.043696 
2500 40.108875 0.000000 3.065100 109.684087 -0.021594 2.622979 -0.203748 
2501 30.412548 0.000000 2.843400 338.064783 -0.067905 -93.887762 -11.310271 
2502 30.412548 0.000000 2.621699 246.886694 -0.074603 -56.666526 -5.416414 
2503 30.649044 0.000000 2.843400 407.113312 -0.056329 -130.722940 -17.282974 
2504 42.237337 0.000000 8.607609 97.284286 -0.000000 1.823370 0.053244 
2505 42.000841 0.000000 8.607609 97.087229 -0.000000 1.755827 0.057099 
2506 33.959985 0.000000 7.499107 98.867861 0.024139 3.382058 0.021371 
2507 33.014001 0.000000 7.499107 99.236108 -0.046513 3.190678 0.014201 
2508 33.959985 0.000000 8.385909 98.922182 -0.354937 3.983159 0.019841 
2509 33.959985 0.000000 9.272710 99.316756 -0.392717 4.332704 0.011726 
2510 33.014001 0.000000 9.272710 99.285965 -0.290299 4.157991 0.012492 
2511 33.959985 0.000000 10.159511 99.728979 -0.240298 4.387890 0.003482 
2512 33.959985 0.000000 11.046313 99.907196 -0.105778 4.683770 -0.000340 
2513 33.014001 0.000000 11.046313 100.050795 -0.291020 4.538939 -0.003085 
2514 33.959985 0.000000 11.933114 99.865066 -0.016926 5.094525 0.000101 
2515 53.825629 0.000000 1.291497 98.988164 -0.136148 6.213901 0.016271 
2516 53.825629 0.000000 -0.482106 98.980446 -0.129279 6.418153 0.016166 
2517 55.717596 0.000000 1.291497 99.142145 -0.158787 6.304548 0.013106 
2518 43.892807 0.000000 3.508501 95.182624 -0.765693 3.903391 0.092445 
2519 43.892807 0.000000 3.065100 94.655287 -0.964867 4.125920 0.102242 
2520 44.365799 0.000000 3.508501 95.714628 -3.520832 3.191299 0.081613 
2521 42.710328 0.000000 4.617002 95.630413 -0.263598 2.533142 0.084834 
2522 42.710328 0.000000 4.395302 95.359163 0.036522 2.434881 0.090070 
2523 42.946824 0.000000 4.617002 95.715547 -0.277255 2.781711 0.083072 
2524 45.784773 0.000000 6.168905 97.740319 -0.192041 3.960806 0.043111 
2525 46.257765 0.000000 6.168905 97.892046 -0.168504 4.093946 0.040036 
2526 45.784773 0.000000 6.612306 97.873586 -0.010834 3.789780 0.040640 
2527 44.838790 0.000000 3.508501 96.168068 -2.657735 3.940593 0.072911 
2528 44.838790 0.000000 3.065100 95.905191 -0.605406 4.849736 0.077831 
2529 45.311782 0.000000 3.508501 96.560073 -1.992236 4.474841 0.065216 
2530 45.784773 0.000000 3.508501 96.898325 -1.509629 4.816874 0.058523 
2531 45.784773 0.000000 3.065100 96.766137 -0.342266 5.190095 0.060926 
2532 46.257765 0.000000 3.508501 97.190213 -1.249055 4.996034 0.052754 
2533 70.853325 0.000000 -7.576517 99.658267 -0.058635 6.547326 0.002536 
2534 70.853325 0.000000 -11.123723 99.679510 -0.045445 6.553972 0.002104 
2535 74.637257 0.000000 -7.576517 99.686161 -0.059191 6.518718 0.002017 
2536 43.183320 0.000000 5.947205 96.725096 -0.105304 3.006022 0.063521 
2537 43.183320 0.000000 5.725504 96.610765 0.283924 3.023936 0.065714 
2538 43.419815 0.000000 5.947205 96.792626 -0.098243 3.116738 0.062146 
2539 42.828576 0.000000 6.501456 96.881674 0.000000 2.728614 0.060650 
2540 42.828576 0.000000 6.390605 96.780249 0.000000 2.721990 0.062617 
2541 42.946824 0.000000 6.501456 96.898642 0.000000 2.743855 0.060312 
2542 42.592080 0.000000 5.836354 96.386109 0.000000 2.686702 0.070250 
2543 42.592080 0.000000 5.725504 96.366154 0.000000 2.578369 0.070692 
2544 42.710328 0.000000 5.836354 96.387608 0.000000 2.701193 0.070213 
2545 42.355584 0.000000 6.723156 96.850892 0.000000 2.705383 0.061259 
2546 42.237337 0.000000 6.723156 96.794011 0.000000 2.676948 0.062375 
2547 42.355584 0.000000 6.834006 96.833642 0.000000 2.647689 0.061624 
2548 42.355584 0.000000 6.944856 96.834311 0.000000 2.636312 0.061617 
2549 42.237337 0.000000 6.944856 96.790945 0.000000 2.611538 0.062469 
2550 42.355584 0.000000 7.055706 96.835364 0.000000 2.631178 0.061599 
2551 45.784773 0.000000 7.055706 98.010131 -0.351181 3.610145 0.038086 
2552 46.257765 0.000000 7.055706 98.130588 -0.305336 3.749847 0.035623 
2553 45.784773 0.000000 7.499107 98.145106 -0.154581 3.468227 0.035549 
2554 45.784773 0.000000 7.942508 98.278023 0.039867 3.295197 0.033057 
2555 46.257765 0.000000 7.942508 98.383860 0.122836 3.413940 0.030895 
2556 45.784773 0.000000 8.385909 98.414137 -0.297855 3.154485 0.030462 
2557 43.656311 0.000000 7.277407 97.400290 -0.071196 2.841936 0.050510 
2558 43.656311 0.000000 7.055706 97.315174 -0.167169 2.936934 0.052110 
2559 43.892807 0.000000 7.277407 97.484682 -0.059846 2.897984 0.048833 
2560 41.764345 0.000000 7.720807 96.716764 -0.000000 2.244736 0.064083 
2561 41.527849 0.000000 7.720807 96.665772 -0.000000 2.276385 0.065055 
2562 41.764345 0.000000 7.942508 96.738396 -0.000000 2.214347 0.063678 
2563 41.764345 0.000000 8.164208 96.769823 -0.000000 2.017865 0.063153 
2564 41.527849 0.000000 8.164208 96.664237 -0.000000 1.992867 0.065205 
2565 41.764345 0.000000 8.385909 96.895329 -0.000000 1.849308 0.060788 
2566 42.355584 0.000000 7.166557 96.824034 0.000000 2.612780 0.061828 
2567 42.237337 0.000000 7.166557 96.791978 0.000000 2.591155 0.062460 
2568 42.355584 0.000000 7.277407 96.814381 0.000000 2.584307 0.062030 
2569 42.355584 0.000000 7.388257 96.840434 0.000000 2.538780 0.061549 
2570 42.237337 0.000000 7.388257 96.764616 -0.000000 2.544100 0.063014 
2571 42.355584 0.000000 7.499107 96.897112 0.000000 2.461352 0.060489 
2572 43.301568 0.000000 7.831658 97.487225 0.000000 2.274973 0.049107 
2573 43.301568 0.000000 7.720807 97.364533 0.000000 2.333387 0.051470 
2574 43.419815 0.000000 7.831658 97.481116 0.000000 2.277230 0.049225 
2575 42.828576 0.000000 8.053358 97.445485 0.000000 2.252030 0.049931 
2576 42.710328 0.000000 8.053358 97.406675 0.000000 2.246149 0.050689 
2577 42.828576 0.000000 8.164208 97.547839 0.000000 2.182848 0.047965 
2578 42.828576 0.000000 8.275058 97.607052 0.000000 2.081087 0.046853 
2579 42.710328 0.000000 8.275058 97.567761 0.000000 2.065785 0.047626 
2580 42.828576 0.000000 8.385909 97.642045 0.000000 2.044462 0.046185 
2581 45.784773 0.000000 8.829309 98.556682 -0.147924 3.019115 0.027744 
2582 46.257765 0.000000 8.829309 98.595248 -0.069679 3.206179 0.026869 
2583 45.784773 0.000000 9.272710 98.665355 -0.152782 2.963608 0.025634 
2584 45.784773 0.000000 9.716111 98.806829 -0.263535 2.852942 0.022900 
2585 46.257765 0.000000 9.716111 98.845028 -0.333819 2.953231 0.022083 
2586 45.784773 0.000000 10.159511 98.944311 0.638920 2.848590 0.020150 
2587 42.828576 0.000000 8.496759 97.661156 0.000000 2.017716 0.045823 
2588 42.710328 0.000000 8.496759 97.621671 -0.000000 1.981181 0.046608 
2589 42.828576 0.000000 8.607609 97.696269 0.000000 1.969219 0.045156 
2590 42.828576 0.000000 8.718459 97.727098 0.000000 1.929001 0.044569 
2591 42.710328 0.000000 8.718459 97.687955 0.000000 1.898396 0.045346 
2592 42.828576 0.000000 8.829309 97.806648 0.000000 1.824566 0.043053 
2593 -2.933356 0.000000 4.838703 97.534311 0.221053 7.993214 0.042312 
2594 -4.825322 0.000000 4.838703 98.018011 0.074593 7.254603 0.033983 
2595 -2.933356 0.000000 6.612306 98.239314 0.150991 7.832545 0.028767 
2596 27.338103 0.000000 11.933114 100.819966 -0.012242 4.868785 -0.018837 
2597 25.446137 0.000000 11.933114 101.033934 -0.335292 5.017920 -0.023315 
2598 27.338103 0.000000 13.706717 100.159807 -0.180444 5.186874 -0.005892 
2599 23.081179 0.000000 -1.812308 -11.052728 -0.304459 -2.288257 0.987251 
2600 22.608188 0.000000 -1.812308 -10.858951 -0.410574 -2.104239 0.987749 
2601 23.081179 0.000000 -1.368907 -11.113805 -0.339521 -2.387191 0.987067 
2602 40.108875 0.000000 2.621699 125.860436 -0.014181 11.030190 -0.596251 
2603 39.635883 0.000000 2.621699 107.875911 0.059409 11.823407 -0.177701 
2604 40.108875 0.000000 2.178299 124.518402 0.974425 13.893989 -0.569882 
2605 40.108875 0.000000 7.055706 96.419633 -0.000000 2.624563 0.069637 
2606 39.635883 0.000000 7.055706 96.491859 -0.000000 2.772361 0.068164 
2607 40.108875 0.000000 7.499107 96.327875 -0.000000 2.611569 0.071412 
2608 40.108875 0.000000 7.942508 96.129096 -0.000000 2.468525 0.075310 
2609 39.635883 0.000000 7.942508 95.999512 -0.000000 2.793582 0.077629 
2610 39.162892 0.000000 7.942508 95.982972 -0.000000 3.182796 0.077714 
2611 38.689900 0.000000 7.942508 96.183466 -0.000000 3.536120 0.073624 
2612 39.162892 0.000000 7.499107 96.297641 -0.000000 3.049126 0.071747 
2613 41.291353 0.000000 6.834006 96.562831 -0.000000 2.508218 0.066933 
2614 41.054858 0.000000 6.834006 96.522995 -0.000000 2.518787 0.067697 
2615 41.291353 0.000000 7.055706 96.582877 -0.000000 2.484285 0.066558 
2616 41.291353 0.000000 7.277407 96.602579 -0.000000 2.442938 0.066197 
2617 41.054858 0.000000 7.277407 96.544979 -0.000000 2.446543 0.067308 
2618 41.291353 0.000000 7.499107 96.622249 -0.000000 2.353401 0.065860 
2619 41.291353 0.000000 7.720807 96.581804 0.000000 2.274256 0.066678 
2620 41.054858 0.000000 7.720807 96.478303 0.000000 2.275604 0.068676 
2621 41.291353 0.000000 7.942508 96.543899 -0.000000 2.192781 0.067447 
2622 41.291353 0.000000 8.164208 96.512998 0.000000 1.983104 0.068131 
2623 41.054858 0.000000 8.164208 96.384811 -0.000000 2.067406 0.070569 
2624 41.291353 0.000000 8.385909 96.569872 0.000000 1.795419 0.067104 
2625 43.656311 0.000000 9.494410 98.416653 0.000000 1.750155 0.031110 
2626 43.892807 0.000000 9.494410 98.477869 0.000000 1.756948 0.029902 
2627 43.656311 0.000000 9.716111 98.462521 0.000000 1.722327 0.030217 
2628 43.656311 0.000000 9.937811 98.480116 0.000000 1.779280 0.029850 
2629 43.892807 0.000000 9.937811 98.476496 0.000000 1.752230 0.029931 
2630 43.656311 0.000000 10.159511 98.475104 0.000000 1.747658 0.029960 
2631 44.838790 0.000000 10.602912 99.086042 0.093540 2.671998 0.017481 
2632 45.311782 0.000000 10.602912 99.076551 0.185252 2.804269 0.017594 
2633 44.838790 0.000000 11.046313 99.242274 0.018891 2.844134 0.014288 
2634 45.784773 0.000000 10.602912 99.073228 0.097331 2.899567 0.017608 
2635 46.257765 0.000000 10.602912 99.036917 0.173362 3.102183 0.018204 
2636 45.784773 0.000000 11.046313 99.187020 0.004896 3.064375 0.015254 
2637 43.065072 0.000000 7.388257 97.091363 0.000000 2.464688 0.056719 
2638 43.065072 0.000000 7.277407 96.894372 0.000000 2.549984 0.060498 
2639 43.183320 0.000000 7.388257 97.034784 0.000000 2.489722 0.057805 
2640 42.355584 0.000000 7.609957 96.988884 0.000000 2.407296 0.058736 
2641 42.237337 0.000000 7.609957 96.914695 -0.000000 2.395289 0.060180 
2642 42.355584 0.000000 7.720807 97.012612 -0.000000 2.365444 0.058296 
2643 42.355584 0.000000 7.831658 97.062921 0.000000 2.337097 0.057333 
2644 42.237337 0.000000 7.831658 97.009102 -0.000000 2.335467 0.058378 
2645 42.355584 0.000000 7.942508 97.093874 0.000000 2.309057 0.056745 
2646 2.742543 0.000000 13.706717 99.740920 0.390670 7.690028 -0.000754 
2647 -1.041390 0.000000 13.706717 99.348666 0.130263 7.169390 0.007843 
2648 2.742543 0.000000 17.253923 99.809684 0.080964 7.066134 -0.001191 
2649 -4.825322 0.000000 13.706717 99.476218 0.003410 7.124573 0.005372 
2650 -8.609254 0.000000 13.706717 99.811680 -0.013065 7.245279 -0.001487 
2651 -4.825322 0.000000 17.253923 99.973751 -0.037342 7.126848 -0.004554 
2652 5.580492 0.000000 -4.916113 99.681337 -0.070252 -3.919679 0.004826 
2653 4.634509 0.000000 -4.916113 97.837198 -0.020399 -2.691717 0.042064 
2654 5.580492 0.000000 -5.802914 99.879355 -0.118396 -0.899806 0.002329 
2655 3.688526 0.000000 -4.916113 97.393077 -0.009766 -0.787248 0.051397 
2656 2.742543 0.000000 -4.916113 97.782244 0.000346 0.200987 0.043859 
2657 3.688526 0.000000 -5.802914 98.352619 -0.022090 0.484141 0.032653 
2658 12.202374 0.000000 8.385909 100.858770 0.477747 8.141546 -0.023900 
2659 10.310407 0.000000 8.385909 101.060706 0.260668 9.036816 -0.029500 
2660 12.202374 0.000000 10.159511 100.789434 0.341621 7.873310 -0.022062 
2661 8.418441 0.000000 8.385909 100.594456 0.153011 9.871883 -0.021672 
2662 6.526475 0.000000 8.385909 99.800059 0.170617 9.996563 -0.006001 
2663 8.418441 0.000000 10.159511 100.245560 0.223578 8.735958 -0.012554 
2664 20.716221 0.000000 3.951901 105.527928 0.234094 0.382183 -0.113634 
2665 19.770238 0.000000 3.951901 105.366612 0.243124 0.386954 -0.110233 
2666 20.716221 0.000000 4.838703 102.208103 0.175734 4.533131 -0.046708 
2667 20.716221 0.000000 5.725504 101.563472 0.145359 4.870461 -0.033888 
2668 19.770238 0.000000 5.725504 101.282911 0.039044 5.040023 -0.028363 
2669 20.716221 0.000000 6.612306 100.916979 -0.353288 5.289063 -0.021234 
2670 30.176052 0.000000 -3.142510 100.327561 -0.400782 8.457134 -0.013730 
2671 30.176052 0.000000 -4.029311 99.413805 0.180600 13.051459 -0.005348 
2672 31.122035 0.000000 -3.142510 103.403224 0.008442 17.800647 -0.100909 
2673 32.068018 0.000000 -1.368907 102.876695 0.007098 21.489231 -0.104540 
2674 32.068018 0.000000 -2.255709 102.893595 0.006324 21.430406 -0.104635 
2675 33.014001 0.000000 -1.368907 103.241301 -0.022172 23.460350 -0.120915 
2676 29.939556 0.000000 2.399999 104.171748 -0.083756 7.050076 -0.090146 
2677 29.939556 0.000000 2.178299 97.416874 -0.168326 -1.331359 0.050815 
2678 30.176052 0.000000 2.399999 103.425712 -0.089861 8.222695 -0.076450 
2679 34.432976 0.000000 4.395302 100.012928 -0.022427 0.536239 -0.000287 
2680 34.905968 0.000000 4.395302 101.155692 -0.035076 -0.946882 -0.023337 
2681 34.432976 0.000000 4.838703 98.979144 -0.004821 1.084288 0.020195 
2682 33.959985 0.000000 -1.368907 102.080484 -0.036222 26.976091 -0.114814 
2683 33.959985 0.000000 -2.255709 102.491172 -0.023287 27.729907 -0.127339 
2684 34.905968 0.000000 -1.368907 102.129440 -0.085316 26.825134 -0.115002 
2685 35.378959 0.000000 4.395302 100.265441 -0.014917 -1.330523 -0.005493 
2686 35.851951 0.000000 4.395302 99.677116 -0.022704 -1.228297 0.006296 
2687 35.378959 0.000000 4.838703 99.323773 -0.006340 -0.143531 0.013477 
2688 42.473832 0.000000 -5.802914 97.920362 -0.226937 8.418134 0.034069 
2689 42.473832 0.000000 -7.576517 98.429714 -0.198621 8.123565 0.024556 
2690 44.365799 0.000000 -5.802914 98.128662 -0.232049 7.850127 0.030909 
2691 47.203748 0.000000 0.404696 97.508243 -0.404183 6.475895 0.045004 
2692 47.203748 0.000000 -0.482106 97.597239 -0.365820 6.728540 0.042937 
2693 48.149731 0.000000 0.404696 97.869043 -0.322645 6.452083 0.037992 
2694 43.892807 0.000000 2.621699 94.114255 -1.720545 4.378248 0.112038 
2695 43.892807 0.000000 2.178299 93.605298 -1.596121 4.908564 0.121141 
2696 44.365799 0.000000 2.621699 94.999880 -1.422797 4.880622 0.094918 
2697 30.412548 0.000000 2.399999 153.890771 -0.102225 -20.306934 -1.409475 
2698 30.412548 0.000000 2.178299 99.523647 -0.176525 -1.122879 0.009375 
2699 30.649044 0.000000 2.399999 158.104300 -0.094016 -29.291825 -1.585499 
2700 32.068018 0.000000 7.499107 99.702030 0.108118 3.083979 0.004998 
2701 31.122035 0.000000 7.499107 99.785845 -0.048028 3.205396 0.003251 
2702 32.068018 0.000000 8.385909 99.638607 -0.002660 3.614080 0.005909 
2703 32.068018 0.000000 9.272710 99.755011 -0.205293 3.894719 0.003373 
2704 31.122035 0.000000 9.272710 99.919822 0.106755 4.043513 -0.000033 
2705 32.068018 0.000000 10.159511 99.705803 -0.312787 4.440822 0.003893 
2706 41.764345 0.000000 8.607609 96.953277 -0.000000 1.747369 0.059701 
2707 41.527849 0.000000 8.607609 96.753715 0.000000 1.700905 0.063583 
2708 41.764345 0.000000 8.829309 97.172902 -0.000000 1.366746 0.055556 
2709 41.764345 0.000000 9.051010 97.428298 -0.000000 1.029643 0.050667 
2710 41.527849 0.000000 9.051010 97.165792 -0.000000 1.064080 0.055768 
2711 41.764345 0.000000 9.272710 97.509287 0.000000 0.872759 0.049118 
2712 38.216908 0.000000 7.942508 96.607833 -0.000000 3.868940 0.065196 
2713 37.743917 0.000000 7.942508 97.024427 -0.000000 4.180461 0.056878 
2714 38.216908 0.000000 7.499107 96.803653 -0.000000 3.563981 0.061635 
2715 37.270925 0.000000 7.942508 97.649483 0.000000 4.414006 0.044509 
2716 36.797934 0.000000 7.942508 97.781118 0.000000 4.284663 0.042049 
2717 37.270925 0.000000 7.499107 97.490979 0.000000 3.970929 0.047974 
2718 53.825629 0.000000 -2.255709 99.018450 -0.120528 6.573717 0.015212 
2719 53.825629 0.000000 -4.029311 99.070829 -0.121426 6.635877 0.014092 
2720 55.717596 0.000000 -2.255709 99.186952 -0.076602 6.637841 0.011788 
2721 57.609562 0.000000 1.291497 99.270539 -0.112199 6.435732 0.010393 
2722 57.609562 0.000000 -0.482106 99.273776 -0.136753 6.558440 0.010169 
2723 59.501528 0.000000 1.291497 99.354482 -0.151510 6.406098 0.008763 
2724 42.710328 0.000000 4.173602 95.049518 -3.138392 2.080386 0.095141 
2725 42.710328 0.000000 3.951901 94.664638 -0.571014 2.240307 0.103326 
2726 42.946824 0.000000 4.173602 95.184773 -2.512222 2.487104 0.092736 
2727 61.393494 0.000000 1.291497 99.427375 -0.144257 6.390720 0.007333 
2728 61.393494 0.000000 -0.482106 99.429711 -0.113957 6.537734 0.007098 
2729 63.285460 0.000000 1.291497 99.491302 -0.147641 6.410471 0.006036 
2730 43.183320 0.000000 5.503804 96.481099 -0.446152 3.038695 0.068196 
2731 43.183320 0.000000 5.282104 96.339179 -0.188978 3.044493 0.070946 
2732 43.419815 0.000000 5.503804 96.553318 -0.429556 3.175016 0.066719 
2733 42.592080 0.000000 5.614654 96.362475 0.000000 2.557458 0.070773 
2734 42.592080 0.000000 5.503804 96.352488 0.000000 2.509027 0.070990 
2735 42.710328 0.000000 5.614654 96.387940 0.000000 2.701278 0.070207 
2736 42.828576 0.000000 6.279755 96.699788 0.000000 2.717475 0.064177 
2737 42.828576 0.000000 6.168905 96.646666 0.000000 2.723002 0.065201 
2738 42.946824 0.000000 6.279755 96.744071 0.000000 2.730698 0.063313 
2739 42.828576 0.000000 6.058055 96.623690 0.000000 2.721100 0.065646 
2740 42.828576 0.000000 5.947205 96.387769 0.000000 2.701234 0.070210 
2741 42.946824 0.000000 6.058055 96.625939 0.000000 2.718207 0.065604 
2742 42.119089 0.000000 6.723156 96.784255 0.000000 2.649556 0.062579 
2743 42.000841 0.000000 6.723156 96.756655 -0.000000 2.613470 0.063132 
2744 42.119089 0.000000 6.834006 96.780106 0.000000 2.618496 0.062675 
2745 42.119089 0.000000 6.944856 96.774034 0.000000 2.601699 0.062802 
2746 42.000841 0.000000 6.944856 96.758019 -0.000000 2.585002 0.063120 
2747 42.119089 0.000000 7.055706 96.770838 -0.000000 2.588832 0.062870 
2748 43.656311 0.000000 6.834006 97.222375 -0.215066 2.994325 0.053880 
2749 43.656311 0.000000 6.612306 97.132986 -0.100484 3.077193 0.055570 
2750 43.892807 0.000000 6.834006 97.314526 -0.181635 3.056615 0.052051 
2751 42.119089 0.000000 7.166557 96.769623 0.000000 2.573922 0.062902 
2752 42.000841 0.000000 7.166557 96.757716 -0.000000 2.566459 0.063136 
2753 42.119089 0.000000 7.277407 96.775633 0.000000 2.564597 0.062790 
2754 42.119089 0.000000 7.388257 96.777387 -0.000000 2.524292 0.062777 
2755 42.000841 0.000000 7.388257 96.760257 -0.000000 2.471317 0.063135 
2756 42.119089 0.000000 7.499107 96.822387 -0.000000 2.412776 0.061960 
2757 43.301568 0.000000 7.609957 97.327543 0.000000 2.349887 0.052183 
2758 43.301568 0.000000 7.499107 97.251233 0.000000 2.396558 0.053645 
2759 43.419815 0.000000 7.609957 97.409371 0.000000 2.323782 0.050601 
2760 42.592080 0.000000 8.053358 97.306033 0.000000 2.262553 0.052642 
2761 42.473832 0.000000 8.053358 97.244251 0.000000 2.241720 0.053853 
2762 42.592080 0.000000 8.164208 97.405419 0.000000 2.169422 0.050748 
2763 42.592080 0.000000 8.275058 97.505747 0.000000 2.068327 0.048835 
2764 42.473832 0.000000 8.275058 97.408019 -0.000000 2.037887 0.050752 
2765 42.592080 0.000000 8.385909 97.549205 -0.000000 1.995478 0.048017 
2766 42.592080 0.000000 8.496759 97.565227 -0.000000 1.966040 0.047716 
2767 42.473832 0.000000 8.496759 97.500306 -0.000000 1.944619 0.048991 
2768 42.592080 0.000000 8.607609 97.590830 0.000000 1.936404 0.047228 
2769 42.592080 0.000000 8.718459 97.601571 0.000000 1.886036 0.047038 
2770 42.473832 0.000000 8.718459 97.555899 -0.000000 1.839209 0.047946 
2771 42.592080 0.000000 8.829309 97.716199 -0.000000 1.680726 0.044872 
2772 23.554171 0.000000 11.933114 101.131080 -0.315127 5.241811 -0.025507 
2773 21.662204 0.000000 11.933114 101.293782 -0.113694 5.490546 -0.029059 
2774 23.554171 0.000000 13.706717 100.609736 -0.004145 5.494678 -0.015251 
2775 46.257765 0.000000 -5.802914 98.369493 -0.260418 7.385457 0.026883 
2776 46.257765 0.000000 -7.576517 98.655678 -0.285176 7.392376 0.021233 
2777 48.149731 0.000000 -5.802914 98.572835 -0.224503 7.068686 0.023338 
2778 30.176052 0.000000 -4.916113 99.301125 0.244043 12.286075 -0.001172 
2779 30.176052 0.000000 -5.802914 99.438983 0.325467 11.552066 -0.002167 
2780 31.122035 0.000000 -4.916113 99.402274 0.036730 12.373933 -0.003393 
2781 40.108875 0.000000 1.734898 104.459762 -0.035826 7.051717 -0.096157 
2782 39.635883 0.000000 1.734898 102.720899 0.073398 7.961485 -0.061497 
2783 40.108875 0.000000 1.291497 102.538412 -0.036135 12.144802 -0.066162 
2784 44.838790 0.000000 2.621699 95.679616 -1.173732 5.135223 0.081766 
2785 44.838790 0.000000 2.178299 95.504861 -0.928005 5.501025 0.084770 
2786 45.311782 0.000000 2.621699 96.223748 -1.014618 5.321078 0.071165 
2787 39.162892 0.000000 7.055706 96.509502 -0.000000 2.894459 0.067754 
2788 38.689900 0.000000 7.055706 96.657007 -0.000000 3.054245 0.064809 
2789 39.162892 0.000000 6.612306 96.612852 -0.000000 2.712016 0.065860 
2790 43.656311 0.000000 6.390605 97.066340 -0.169174 3.138749 0.056825 
2791 43.656311 0.000000 6.168905 96.971222 -0.269369 3.194159 0.058631 
2792 43.892807 0.000000 6.390605 97.132405 -0.182256 3.223472 0.055487 
2793 41.291353 0.000000 8.607609 96.654869 0.000000 1.702931 0.065494 
2794 41.054858 0.000000 8.607609 96.409754 -0.000000 1.736221 0.070214 
2795 41.291353 0.000000 8.829309 96.811122 -0.000000 1.414830 0.062560 
2796 41.291353 0.000000 9.051010 96.997646 -0.000000 1.083118 0.059028 
2797 41.054858 0.000000 9.051010 96.835854 -0.000000 1.033378 0.062175 
2798 41.291353 0.000000 9.272710 97.110593 -0.000000 0.829997 0.056884 
2799 32.068018 0.000000 11.046313 100.139230 -0.513297 4.479978 -0.004820 
2800 31.122035 0.000000 11.046313 99.867144 -0.297106 4.639435 0.000494 
2801 32.068018 0.000000 11.933114 100.269578 -0.447788 4.583283 -0.007520 
2802 42.710328 0.000000 3.730201 94.225084 -0.264582 2.145408 0.111696 
2803 42.710328 0.000000 3.508501 105.754973 0.129474 -10.520132 -0.129480 
2804 42.946824 0.000000 3.730201 94.451718 -0.310525 2.564803 0.107220 
2805 41.882593 0.000000 6.723156 96.746480 -0.000000 2.600940 0.063335 
2806 41.764345 0.000000 6.723156 96.673729 -0.000000 2.559992 0.064764 
2807 41.882593 0.000000 6.834006 96.735541 -0.000000 2.574202 0.063561 
2808 41.882593 0.000000 6.944856 96.734877 -0.000000 2.562063 0.063580 
2809 41.764345 0.000000 6.944856 96.692001 -0.000000 2.543003 0.064419 
2810 41.882593 0.000000 7.055706 96.740749 -0.000000 2.546227 0.063474 
2811 41.882593 0.000000 7.166557 96.722314 -0.000000 2.535879 0.063836 
2812 41.764345 0.000000 7.166557 96.699986 -0.000000 2.516019 0.064278 
2813 41.882593 0.000000 7.277407 96.725863 -0.000000 2.512852 0.063779 
2814 41.882593 0.000000 7.388257 96.720907 -0.000000 2.446467 0.063908 
2815 41.764345 0.000000 7.388257 96.701294 -0.000000 2.435111 0.064293 
2816 41.882593 0.000000 7.499107 96.737230 -0.000000 2.380786 0.063624 
2817 43.065072 0.000000 7.166557 96.893236 0.000000 2.585053 0.060502 
2818 43.065072 0.000000 7.055706 96.892584 0.000000 2.617723 0.060497 
2819 43.183320 0.000000 7.166557 96.890447 0.000000 2.552157 0.060573 
2820 43.301568 0.000000 7.388257 96.921769 0.000000 2.539519 0.059972 
2821 43.301568 0.000000 7.277407 96.921702 0.000000 2.539620 0.059973 
2822 43.419815 0.000000 7.388257 96.921526 0.000000 2.539883 0.059977 
2823 42.119089 0.000000 7.609957 96.854019 -0.000000 2.378593 0.061364 
2824 42.000841 0.000000 7.609957 96.831010 -0.000000 2.356350 0.061820 
2825 42.119089 0.000000 7.720807 96.927042 -0.000000 2.341391 0.059967 
2826 42.119089 0.000000 7.831658 96.938834 -0.000000 2.313355 0.059751 
2827 42.000841 0.000000 7.831658 96.857563 -0.000000 2.296537 0.061334 
2828 42.119089 0.000000 7.942508 96.947666 -0.000000 2.279664 0.059595 
2829 42.355584 0.000000 8.053358 97.162359 0.000000 2.249495 0.055442 
2830 42.237337 0.000000 8.053358 97.056026 -0.000000 2.231106 0.057515 
2831 42.355584 0.000000 8.164208 97.224528 -0.000000 2.102212 0.054297 
2832 42.355584 0.000000 8.275058 97.339085 -0.000000 1.997204 0.052111 
2833 42.237337 0.000000 8.275058 97.231888 -0.000000 1.981909 0.054203 
2834 42.355584 0.000000 8.385909 97.363900 -0.000000 1.960671 0.051643 
2835 19.770238 0.000000 11.933114 101.092156 0.069497 5.646283 -0.025151 
2836 17.878272 0.000000 11.933114 100.850398 0.468078 6.365131 -0.021154 
2837 19.770238 0.000000 13.706717 100.945094 0.048123 5.877207 -0.022446 
2838 42.355584 0.000000 8.496759 97.396612 -0.000000 1.916061 0.051023 
2839 42.237337 0.000000 8.496759 97.280276 -0.000000 1.874887 0.053303 
2840 42.355584 0.000000 8.607609 97.442742 -0.000000 1.873109 0.050140 
2841 42.355584 0.000000 8.718459 97.455455 -0.000000 1.805985 0.049917 
2842 42.237337 0.000000 8.718459 97.333465 -0.000000 1.745793 0.052315 
2843 42.355584 0.000000 8.829309 97.590447 -0.000000 1.571126 0.047364 
2844 41.882593 0.000000 7.609957 96.775969 -0.000000 2.339185 0.062894 
2845 41.764345 0.000000 7.609957 96.729637 -0.000000 2.318938 0.063800 
2846 41.882593 0.000000 7.720807 96.809839 -0.000000 2.297199 0.062258 
2847 41.882593 0.000000 7.831658 96.796140 -0.000000 2.269510 0.062536 
2848 41.764345 0.000000 7.831658 96.713013 -0.000000 2.234694 0.064160 
2849 41.882593 0.000000 7.942508 96.804214 -0.000000 2.233825 0.062395 
1 11 62 60 61 
2 62 10 24 60 
3 60 24 14 63 
4 61 60 63 6 
5 24 66 64 65 
6 66 23 40 64 
7 64 40 27 67 
8 65 64 67 14 
9 40 70 68 69 
10 69 68 71 27 
11 6 63 92 93 
12 63 14 36 92 
13 92 36 19 94 
14 93 92 94 20 
15 14 67 95 96 
16 67 27 52 95 
17 95 52 35 97 
18 96 95 97 36 
19 27 71 98 99 
20 99 98 100 52 
21 68 112 110 111 
22 112 56 80 110 
23 110 80 43 113 
24 111 110 113 71 
25 80 116 114 115 
26 115 114 117 43 
27 12 120 118 119 
28 120 7 121 118 
29 118 121 13 25 
30 119 118 25 10 
31 25 124 122 123 
32 124 13 125 122 
33 122 125 26 41 
34 123 122 41 23 
35 41 128 126 127 
36 128 26 129 126 
37 126 129 42 57 
38 127 126 57 39 
39 39 132 130 131 
40 132 57 133 130 
41 130 133 55 81 
42 131 130 81 56 
43 81 136 134 135 
44 136 55 137 134 
45 56 145 143 144 
46 145 81 135 143 
47 144 143 116 80 
48 116 148 146 147 
49 148 79 139 146 
50 146 139 106 149 
51 147 146 149 114 
52 135 152 150 151 
53 152 134 153 150 
54 150 153 107 140 
55 151 150 140 79 
56 79 156 154 155 
57 156 140 157 154 
58 154 157 138 158 
59 155 154 158 139 
60 165 167 103 168 
61 166 165 168 101 
62 139 158 173 174 
63 158 138 175 173 
64 173 175 142 176 
65 174 173 176 106 
66 140 186 185 157 
67 186 107 187 185 
68 185 187 141 188 
69 157 185 188 138 
70 138 188 189 175 
71 188 141 190 189 
72 189 190 105 191 
73 175 189 191 142 
74 105 197 195 196 
75 197 184 198 195 
76 195 198 192 199 
77 196 195 199 171 
78 57 201 200 133 
79 201 42 202 200 
80 200 202 58 89 
81 133 200 89 55 
82 55 204 203 137 
83 204 89 205 203 
84 134 207 206 153 
85 207 137 208 206 
86 182 215 213 214 
87 215 82 216 213 
88 213 216 183 217 
89 214 213 217 181 
90 184 225 224 198 
91 225 108 226 224 
92 224 226 193 227 
93 198 224 227 192 
94 137 229 228 208 
95 229 203 230 228 
96 82 232 231 216 
97 232 210 233 231 
98 231 233 209 234 
99 216 231 234 183 
100 59 223 235 236 
101 223 180 237 235 
102 235 237 218 238 
103 236 235 238 167 
104 193 241 239 240 
105 241 221 242 239 
106 239 242 223 243 
107 240 239 243 59 
108 210 257 256 233 
109 257 178 258 256 
110 256 258 211 259 
111 233 256 259 209 
112 221 264 263 242 
113 264 222 265 263 
114 263 265 180 266 
115 242 263 266 223 
116 89 268 267 205 
117 268 58 269 267 
118 203 271 270 230 
119 271 205 272 270 
120 178 274 273 258 
121 274 253 275 273 
122 273 275 252 276 
123 258 273 276 211 
124 180 262 283 237 
125 262 91 284 283 
126 283 284 219 285 
127 237 283 285 218 
128 222 287 286 265 
129 287 260 288 286 
130 286 288 262 289 
131 265 286 289 180 
132 91 293 294 284 
133 293 251 295 294 
134 294 295 280 296 
135 284 294 296 219 
136 261 299 297 298 
137 299 290 300 297 
138 297 300 293 301 
139 298 297 301 91 
140 251 309 313 295 
141 295 313 315 280 
142 292 318 316 317 
143 318 306 319 316 
144 316 319 309 320 
145 317 316 320 251 
146 308 330 328 329 
147 330 321 331 328 
148 328 331 324 332 
149 329 328 332 5 
150 7 334 333 121 
151 334 16 335 333 
152 333 335 15 32 
153 121 333 32 13 
154 13 337 336 125 
155 337 32 338 336 
156 336 338 31 48 
157 125 336 48 26 
158 26 340 339 129 
159 340 48 341 339 
160 339 341 47 85 
161 129 339 85 42 
162 42 343 342 202 
163 343 85 344 342 
164 342 344 84 245 
165 202 342 245 58 
166 58 346 345 269 
167 346 245 347 345 
168 15 349 348 33 
169 349 17 350 348 
170 348 350 8 351 
171 33 348 351 18 
172 353 33 354 352 
173 352 354 18 355 
174 245 377 376 347 
175 377 84 378 376 
176 345 381 379 380 
177 381 347 382 379 
178 269 390 388 389 
179 390 345 380 388 
180 398 400 372 401 
181 399 398 401 302 
182 408 365 409 407 
183 370 412 411 386 
184 412 244 413 411 
185 411 413 371 414 
186 386 411 414 368 
187 383 416 415 405 
188 416 386 417 415 
189 415 417 368 418 
190 405 415 418 387 
191 419 399 302 421 
192 420 419 421 322 
193 369 406 422 423 
194 406 387 424 422 
195 422 424 398 425 
196 423 422 425 399 
197 428 405 429 426 
198 426 429 387 430 
199 427 426 430 406 
200 391 433 431 432 
201 433 384 403 431 
202 431 403 369 434 
203 432 431 434 394 
204 403 437 435 436 
205 437 402 427 435 
206 435 427 406 438 
207 436 435 438 369 
208 380 441 439 440 
209 441 379 442 439 
210 439 442 370 385 
211 440 439 385 303 
212 303 445 443 444 
213 445 385 446 443 
214 443 446 383 404 
215 444 443 404 384 
216 404 449 447 448 
217 449 383 450 447 
218 447 450 405 428 
219 448 447 428 402 
220 402 453 451 452 
221 453 428 454 451 
222 451 454 426 455 
223 452 451 455 427 
224 18 351 456 45 
225 351 8 457 456 
226 456 457 29 458 
227 45 456 458 28 
228 355 18 460 459 
229 459 460 45 461 
230 323 500 498 499 
231 499 498 501 305 
232 493 523 522 516 
233 523 496 524 522 
234 522 524 247 525 
235 516 522 525 497 
236 305 501 526 527 
237 527 526 528 326 
238 481 517 532 533 
239 517 497 534 532 
240 532 534 509 535 
241 533 532 535 510 
242 513 538 536 537 
243 538 516 539 536 
244 536 539 497 540 
245 537 536 540 517 
246 498 547 545 546 
247 547 478 503 545 
248 545 503 397 548 
249 546 545 548 501 
250 503 551 549 550 
251 550 549 552 397 
252 505 544 553 554 
253 544 481 533 553 
254 553 533 510 555 
255 554 553 555 529 
256 556 559 544 560 
257 557 556 560 505 
258 501 548 561 562 
259 548 397 530 561 
260 561 530 490 563 
261 562 561 563 526 
262 397 552 564 565 
263 552 505 554 564 
264 564 554 529 566 
265 565 564 566 530 
266 549 569 567 568 
267 569 542 557 567 
268 567 557 505 570 
269 568 567 570 552 
270 372 573 571 572 
271 573 304 574 571 
272 571 574 396 479 
273 572 571 479 395 
274 395 577 575 576 
275 577 479 578 575 
276 575 578 477 504 
277 576 575 504 478 
278 504 581 579 580 
279 581 477 582 579 
280 579 582 494 543 
281 580 579 543 502 
282 502 585 583 584 
283 585 543 586 583 
284 542 589 587 588 
285 587 590 556 591 
286 588 587 591 557 
287 478 594 592 593 
288 594 504 580 592 
289 592 580 502 551 
290 593 592 551 503 
291 551 597 595 596 
292 597 502 584 595 
293 595 584 542 569 
294 596 595 569 549 
295 584 600 598 599 
296 600 583 601 598 
297 598 601 558 589 
298 599 598 589 542 
299 541 603 602 559 
300 603 514 604 602 
301 602 604 481 605 
302 559 602 605 544 
303 558 607 606 590 
304 607 541 608 606 
305 606 608 559 609 
306 590 606 609 556 
307 589 612 610 611 
308 612 558 613 610 
309 610 613 590 614 
310 611 610 614 587 
311 487 647 645 646 
312 646 645 648 473 
313 652 654 638 655 
314 653 652 655 637 
315 410 663 661 662 
316 663 364 664 661 
317 661 664 472 624 
318 662 661 624 471 
319 624 667 665 666 
320 667 472 668 665 
321 665 668 625 642 
322 666 665 642 623 
323 623 671 669 670 
324 671 642 672 669 
325 669 672 640 658 
326 670 669 658 641 
327 625 674 673 643 
328 674 633 675 673 
329 673 675 636 676 
330 643 673 676 367 
331 640 678 677 659 
332 678 643 679 677 
333 677 679 367 680 
334 659 677 680 644 
335 658 683 681 682 
336 683 640 684 681 
337 681 684 659 685 
338 473 648 686 687 
339 686 653 637 688 
340 687 686 688 507 
341 645 691 689 690 
342 691 641 657 689 
343 689 657 626 692 
344 690 689 692 648 
345 641 695 693 694 
346 695 658 682 693 
347 693 682 656 696 
348 694 693 696 657 
349 626 660 697 698 
350 660 644 699 697 
351 697 699 652 700 
352 698 697 700 653 
353 656 685 701 702 
354 685 659 703 701 
355 701 703 644 704 
356 702 701 704 660 
357 682 707 705 706 
358 707 681 708 705 
359 705 708 685 709 
360 706 705 709 656 
361 633 719 718 675 
362 675 718 721 636 
363 365 723 722 409 
364 723 246 724 722 
365 722 724 366 620 
366 364 726 725 664 
367 726 620 727 725 
368 725 727 619 634 
369 664 725 634 472 
370 634 730 728 729 
371 730 619 731 728 
372 728 731 635 719 
373 729 728 719 633 
374 735 736 631 737 
375 719 744 742 743 
376 744 635 745 742 
377 742 745 720 746 
378 743 742 746 718 
379 620 748 747 727 
380 748 366 749 747 
381 747 749 621 715 
382 727 747 715 619 
383 619 751 750 731 
384 751 715 752 750 
385 750 752 714 739 
386 731 750 739 635 
387 621 754 753 716 
388 754 710 755 753 
389 753 755 713 756 
390 716 753 756 87 
391 714 758 757 740 
392 758 716 759 757 
393 757 759 87 760 
394 740 757 760 717 
395 739 763 761 762 
396 763 714 764 761 
397 761 764 740 765 
398 635 767 766 745 
399 767 739 762 766 
400 766 762 738 768 
401 745 766 768 720 
402 622 741 769 770 
403 741 717 771 769 
404 769 771 735 772 
405 770 769 772 650 
406 738 765 773 774 
407 765 740 775 773 
408 773 775 717 776 
409 774 773 776 741 
410 762 779 777 778 
411 779 761 780 777 
412 777 780 765 781 
413 778 777 781 738 
414 85 809 808 344 
415 809 47 810 808 
416 808 810 86 361 
417 344 808 361 84 
418 84 812 811 378 
419 812 361 813 811 
420 616 816 814 815 
421 816 360 817 814 
422 814 817 617 791 
423 815 814 791 615 
424 615 820 818 819 
425 820 791 821 818 
426 827 792 828 826 
427 805 832 830 831 
428 831 830 834 803 
429 791 836 835 821 
430 836 617 837 835 
431 835 837 792 827 
432 818 840 838 839 
433 840 821 841 838 
434 838 841 790 832 
435 839 838 832 805 
436 790 843 842 833 
437 843 827 844 842 
438 842 844 826 845 
439 833 842 845 806 
440 832 848 846 847 
441 848 790 849 846 
442 846 849 833 850 
443 847 846 850 830 
444 803 834 855 856 
445 834 806 857 855 
446 855 857 793 858 
447 856 855 858 807 
448 830 850 859 860 
449 850 833 861 859 
450 859 861 806 862 
451 860 859 862 834 
452 205 867 866 272 
453 867 267 868 866 
454 253 875 874 275 
455 275 874 876 252 
456 254 873 877 878 
457 873 863 879 877 
458 877 879 291 880 
459 878 877 880 179 
460 881 884 873 885 
461 882 881 885 254 
462 252 876 886 887 
463 876 254 878 886 
464 886 878 179 888 
465 887 886 888 255 
466 874 891 889 890 
467 891 870 882 889 
468 889 882 254 892 
469 890 889 892 876 
470 272 895 893 894 
471 895 866 896 893 
472 893 896 864 871 
473 894 893 871 88 
474 88 899 897 898 
475 899 871 900 897 
476 870 903 901 902 
477 901 904 881 905 
478 902 901 905 882 
479 270 908 906 907 
480 908 272 894 906 
481 906 894 88 875 
482 907 906 875 253 
483 875 911 909 910 
484 911 88 898 909 
485 909 898 870 891 
486 910 909 891 874 
487 898 914 912 913 
488 914 897 915 912 
489 912 915 883 903 
490 913 912 903 870 
491 864 919 918 872 
492 919 249 920 918 
493 918 920 865 921 
494 872 918 921 863 
495 869 923 922 884 
496 923 872 924 922 
497 922 924 863 925 
498 884 922 925 873 
499 883 927 926 904 
500 927 869 928 926 
501 926 928 884 929 
502 904 926 929 881 
503 903 932 930 931 
504 932 883 933 930 
505 930 933 904 934 
506 931 930 934 901 
507 871 936 935 900 
508 936 864 937 935 
509 935 937 872 923 
510 900 935 923 869 
511 267 939 938 868 
512 939 269 389 938 
513 249 941 940 920 
514 941 917 942 940 
515 940 942 916 943 
516 920 940 943 865 
517 917 945 944 942 
518 945 90 946 944 
519 944 946 374 947 
520 942 944 947 916 
521 90 949 948 946 
522 946 948 950 374 
523 389 953 951 952 
524 953 388 954 951 
525 951 954 375 949 
526 952 951 949 90 
527 949 957 955 956 
528 957 375 958 955 
529 955 958 392 959 
530 956 955 959 948 
531 87 756 960 736 
532 756 713 961 960 
533 960 961 732 962 
534 736 960 962 631 
535 21 46 963 964 
536 46 28 965 963 
537 963 965 30 966 
538 964 963 966 9 
539 37 74 967 968 
540 74 44 969 967 
541 967 969 46 970 
542 968 967 970 21 
543 53 161 971 972 
544 161 72 973 971 
545 971 973 74 974 
546 972 971 974 37 
547 159 467 975 976 
548 467 160 977 975 
549 975 977 72 978 
550 976 975 978 161 
551 979 981 467 982 
552 980 979 982 159 
553 732 996 994 995 
554 995 994 997 734 
555 733 1012 1010 1011 
556 1011 1010 1013 988 
557 713 1015 1014 961 
558 961 1014 996 732 
559 996 1018 1016 1017 
560 1018 733 1011 1016 
561 1016 1011 988 1019 
562 1017 1016 1019 994 
563 1020 1021 160 1022 
564 981 1020 1022 467 
565 1033 1035 981 1036 
566 1034 1033 1036 979 
567 1050 513 537 1049 
568 1049 537 517 1051 
569 604 1049 1051 481 
570 479 1053 1052 578 
571 1053 396 1054 1052 
572 1052 1054 480 495 
573 578 1052 495 477 
574 477 1056 1055 582 
575 1056 495 1057 1055 
576 1055 1057 493 515 
577 582 1055 515 494 
578 494 1060 1058 1059 
579 1060 515 1061 1058 
580 1058 1061 513 1050 
581 1059 1058 1050 514 
582 514 1064 1062 1063 
583 1064 1050 1065 1062 
584 1062 1065 1049 1066 
585 1063 1062 1066 604 
586 497 525 1070 534 
587 1070 1071 511 1072 
588 534 1070 1072 509 
589 247 1074 1073 1071 
590 1074 521 1075 1073 
591 1073 1075 1067 1076 
592 1071 1073 1076 511 
593 525 1079 1077 1078 
594 1079 247 1080 1077 
595 1077 1080 1071 1081 
596 1078 1077 1081 1070 
597 1083 473 687 1082 
598 1082 687 507 1084 
599 521 1086 1085 1075 
600 1086 488 1087 1085 
601 1075 1085 1088 1067 
602 1090 487 646 1089 
603 1089 646 473 1083 
604 488 1092 1091 1087 
605 1092 1083 1093 1091 
606 1091 1093 1082 1094 
607 77 279 1095 1096 
608 279 159 976 1095 
609 1095 976 161 1097 
610 1096 1095 1097 53 
611 1098 980 159 1100 
612 1099 1098 1100 279 
613 311 484 1101 1102 
614 1102 1101 1104 277 
615 475 508 1105 1106 
616 508 482 1107 1105 
617 1105 1107 484 1108 
618 1106 1105 1108 311 
619 491 1069 1109 1110 
620 1069 506 1111 1109 
621 1109 1111 508 1112 
622 1110 1109 1112 475 
623 1067 1088 1113 1114 
624 1113 1115 506 1116 
625 1114 1113 1116 1069 
626 1085 1119 1117 1118 
627 1119 1087 1120 1117 
628 1118 1117 1121 1088 
629 506 1084 1122 1111 
630 1084 507 1123 1122 
631 1122 1123 482 1124 
632 1111 1122 1124 508 
633 1094 1082 1126 1125 
634 1125 1126 1084 1127 
635 1115 1125 1127 506 
636 1087 1129 1128 1120 
637 1129 1091 1130 1128 
638 1128 1130 1094 1131 
639 1088 1121 1132 1133 
640 1132 1134 1115 1135 
641 1133 1132 1135 1113 
642 1117 1138 1136 1137 
643 1138 1120 1139 1136 
644 1137 1136 1140 1121 
645 1131 1094 1142 1141 
646 1141 1142 1125 1143 
647 1134 1141 1143 1115 
648 1120 1145 1144 1139 
649 1145 1128 1146 1144 
650 1144 1146 1131 1147 
651 1121 1140 1148 1149 
652 1148 1150 1134 1151 
653 1149 1148 1151 1132 
654 1136 1154 1152 1153 
655 1154 1139 1155 1152 
656 1153 1152 1156 1140 
657 1147 1131 1158 1157 
658 1157 1158 1141 1159 
659 1150 1157 1159 1134 
660 1139 1161 1160 1155 
661 1161 1144 1162 1160 
662 1160 1162 1147 1163 
663 1155 1160 1163 1068 
664 1140 1156 1164 1165 
665 1156 1068 1166 1164 
666 1164 1166 1150 1167 
667 1165 1164 1167 1148 
668 1152 1170 1168 1169 
669 1170 1155 1171 1168 
670 1168 1171 1068 1172 
671 1169 1168 1172 1156 
672 1173 1174 1020 1175 
673 1035 1173 1175 981 
674 1176 1178 1035 1179 
675 1177 1176 1179 1033 
676 1184 1034 979 1186 
677 1185 1184 1186 980 
678 1187 1177 1033 1189 
679 1188 1187 1189 1034 
680 1041 1192 1190 1191 
681 1191 1190 1193 1043 
682 986 1183 1194 1195 
683 1183 1040 1196 1194 
684 1194 1196 1176 1197 
685 1195 1194 1197 1177 
686 1200 1180 1201 1198 
687 1198 1201 1183 1202 
688 1199 1198 1202 986 
689 1043 1193 1203 1204 
690 1193 986 1195 1203 
691 1203 1195 1177 1205 
692 1204 1203 1205 1187 
693 1190 1208 1206 1207 
694 1206 1199 986 1209 
695 1207 1206 1209 1193 
696 1038 1212 1210 1211 
697 1212 1048 1213 1210 
698 1210 1213 1180 1200 
699 1211 1210 1200 1181 
700 1181 1216 1214 1215 
701 1216 1200 1217 1214 
702 1214 1217 1198 1218 
703 1215 1214 1218 1199 
704 1192 1224 1222 1223 
705 1224 1038 1211 1222 
706 1222 1211 1181 1208 
707 1223 1222 1208 1190 
708 1208 1227 1225 1226 
709 1227 1181 1215 1225 
710 1225 1215 1199 1228 
711 1226 1225 1228 1206 
712 1042 1235 1233 1234 
713 1235 1041 1191 1233 
714 1233 1191 1043 1236 
715 1234 1233 1236 629 
716 1237 1188 1034 1239 
717 1238 1237 1239 1184 
718 1229 1242 1240 1241 
719 1242 1042 1234 1240 
720 1240 1234 629 1243 
721 1241 1240 1243 1232 
722 1230 1252 1250 1251 
723 1252 1229 1241 1250 
724 1250 1241 1232 1253 
725 1251 1250 1253 993 
726 1254 1185 980 1256 
727 1255 1254 1256 1098 
728 1257 1238 1184 1259 
729 1258 1257 1259 1185 
730 1249 1263 1264 1265 
731 1263 993 1266 1264 
732 1264 1266 1238 1267 
733 1265 1264 1267 1257 
734 1270 1251 1271 1268 
735 1268 1271 993 1272 
736 1269 1268 1272 1263 
737 1244 1275 1273 1274 
738 1275 992 1247 1273 
739 1273 1247 278 1276 
740 1274 1273 1276 1245 
741 1247 1279 1277 1278 
742 1279 1246 1261 1277 
743 1277 1261 1249 1280 
744 1278 1277 1280 278 
745 1261 1283 1281 1282 
746 1281 1269 1263 1284 
747 1282 1281 1284 1249 
748 469 1287 1285 1286 
749 1287 734 1288 1285 
750 1248 1291 1289 1290 
751 1291 991 1292 1289 
752 1289 1292 1230 1262 
753 1290 1289 1262 1246 
754 1262 1295 1293 1294 
755 1295 1230 1296 1293 
756 1293 1296 1251 1270 
757 1294 1293 1270 1260 
758 1260 1299 1297 1298 
759 1299 1270 1300 1297 
760 1297 1300 1268 1301 
761 1298 1297 1301 1269 
762 1246 1304 1302 1303 
763 1304 1262 1294 1302 
764 1302 1294 1260 1283 
765 1303 1302 1283 1261 
766 1283 1307 1305 1306 
767 1307 1260 1298 1305 
768 1305 1298 1269 1308 
769 1306 1305 1308 1281 
770 1310 782 1311 1309 
771 786 1314 1313 824 
772 1314 788 1315 1313 
773 1313 1315 50 1316 
774 824 1313 1316 789 
775 852 1325 1323 1324 
776 1324 1323 1012 733 
777 807 858 1326 1327 
778 858 793 1328 1326 
779 618 1336 1334 1335 
780 1336 807 1327 1334 
781 1335 1334 1325 852 
782 1325 1339 1337 1338 
783 1338 1337 1340 1323 
784 1327 1343 1341 1342 
785 1343 1326 1344 1341 
786 1341 1344 1321 1331 
787 1342 1341 1331 851 
788 851 1347 1345 1346 
789 1347 1331 1348 1345 
790 1334 1352 1350 1351 
791 1352 1327 1342 1350 
792 1350 1342 851 1339 
793 1351 1350 1339 1325 
794 1339 1355 1353 1354 
795 1355 851 1346 1353 
796 1353 1346 1330 1356 
797 1354 1353 1356 1337 
798 1320 1333 1357 1358 
799 1333 1319 1359 1357 
800 1357 1359 1007 1360 
801 1358 1357 1360 854 
802 1361 1363 1333 1364 
803 1362 1361 1364 1320 
804 1346 1367 1365 1366 
805 1367 1345 1368 1365 
806 1366 1365 1369 1330 
807 1371 1317 1372 1370 
808 1370 1372 1002 1373 
809 1321 1375 1374 1332 
810 1375 853 1376 1374 
811 1374 1376 1322 1377 
812 1332 1374 1377 1319 
813 1331 1379 1378 1348 
814 1379 1321 1380 1378 
815 1378 1380 1332 1381 
816 1348 1378 1381 1329 
817 1345 1383 1382 1368 
818 1383 1348 1384 1382 
819 1382 1384 1329 1385 
820 1323 1340 1386 1387 
821 1340 1320 1358 1386 
822 1386 1358 854 1388 
823 1387 1386 1388 1012 
824 1337 1356 1389 1390 
825 1356 1330 1362 1389 
826 1389 1362 1320 1391 
827 1390 1389 1391 1340 
828 1330 1369 1392 1393 
829 1392 1394 1361 1395 
830 1393 1392 1395 1362 
831 1365 1398 1396 1397 
832 1398 1368 1399 1396 
833 1397 1396 1400 1369 
834 1329 1381 1401 1363 
835 1381 1332 1402 1401 
836 1401 1402 1319 1403 
837 1363 1401 1403 1333 
838 1385 1329 1405 1404 
839 1404 1405 1363 1406 
840 1394 1404 1406 1361 
841 1368 1408 1407 1399 
842 1408 1382 1409 1407 
843 1407 1409 1385 1410 
844 1399 1407 1410 1349 
845 1369 1400 1411 1412 
846 1400 1349 1413 1411 
847 1411 1413 1394 1414 
848 1412 1411 1414 1392 
849 1396 1417 1415 1416 
850 1417 1399 1418 1415 
851 1415 1418 1349 1419 
852 1416 1415 1419 1400 
853 789 1316 1430 999 
854 1316 50 1431 1430 
855 1430 1431 798 1432 
856 999 1430 1432 797 
857 998 1434 1433 1422 
858 1434 999 1435 1433 
859 1433 1435 797 1436 
860 1422 1433 1436 1000 
861 1439 998 1440 1437 
862 1437 1440 1422 1441 
863 1438 1437 1441 1420 
864 34 1443 1442 463 
865 1443 355 1444 1442 
866 1442 1444 459 1445 
867 463 1442 1445 73 
868 1447 34 1448 1446 
869 1446 1448 463 1449 
870 1312 1456 1454 1455 
871 1456 785 1457 1454 
872 1455 1454 1458 1427 
873 49 1460 1459 358 
874 1460 352 1461 1459 
875 1459 1461 355 1443 
876 358 1459 1443 34 
877 1463 358 1464 1462 
878 1462 1464 34 1447 
879 782 1466 1465 1311 
880 1466 784 1467 1465 
881 1465 1467 359 1451 
882 785 1469 1468 1457 
883 1469 1451 1470 1468 
884 1468 1470 1450 1471 
885 1457 1468 1471 1428 
886 1373 1002 1473 1472 
887 1006 1486 1484 1485 
888 1485 1484 1487 987 
889 1007 1502 1500 1501 
890 1502 800 1503 1500 
891 1500 1503 1008 1481 
892 1501 1500 1481 1005 
893 1005 1506 1504 1505 
894 1506 1481 1507 1504 
895 1504 1507 1479 1497 
896 1505 1504 1497 1480 
897 1008 1509 1508 1482 
898 1509 1472 1510 1508 
899 1508 1510 1474 1511 
900 1479 1513 1512 1498 
901 1513 1482 1514 1512 
902 1512 1514 989 1515 
903 1498 1512 1515 1483 
904 1497 1518 1516 1517 
905 1518 1479 1519 1516 
906 1516 1519 1498 1520 
907 988 1013 1521 1522 
908 1522 1521 1523 627 
909 987 1487 1524 1525 
910 1525 1524 1526 1476 
911 1484 1529 1527 1528 
912 1529 1480 1496 1527 
913 1527 1496 1009 1530 
914 1528 1527 1530 1487 
915 1480 1533 1531 1532 
916 1533 1497 1517 1531 
917 1532 1531 1534 1496 
918 1009 1499 1535 1536 
919 1499 1483 1537 1535 
920 1535 1537 1491 1538 
921 1536 1535 1538 1492 
922 1520 1498 1541 1539 
923 1539 1541 1483 1542 
924 1540 1539 1542 1499 
925 1517 1545 1543 1544 
926 1545 1516 1546 1543 
927 1543 1546 1520 1547 
928 1496 1534 1548 1549 
929 1548 1540 1499 1550 
930 1549 1548 1550 1009 
931 1531 1553 1551 1552 
932 1553 1517 1544 1551 
933 1551 1544 1495 1554 
934 1552 1551 1554 1534 
935 1495 1547 1555 1556 
936 1547 1520 1557 1555 
937 1555 1557 1539 1558 
938 1556 1555 1558 1540 
939 1544 1561 1559 1560 
940 1561 1543 1562 1559 
941 1559 1562 1547 1563 
942 1560 1559 1563 1495 
943 801 1566 1564 1565 
944 1566 1421 1438 1564 
945 1564 1438 1420 1567 
946 1565 1564 1567 1003 
947 825 1569 1568 1426 
948 1569 789 1570 1568 
949 1568 1570 999 1434 
950 1426 1568 1434 998 
951 1424 1573 1571 1572 
952 1573 1426 1574 1571 
953 1571 1574 998 1439 
954 1572 1571 1439 1421 
955 1421 1577 1575 1576 
956 1577 1439 1578 1575 
957 1575 1578 1437 1579 
958 1576 1575 1579 1438 
959 72 464 1580 973 
960 464 73 1581 1580 
961 1580 1581 44 1582 
962 973 1580 1582 74 
963 160 796 1583 977 
964 796 462 1584 1583 
965 1583 1584 464 1585 
966 977 1583 1585 72 
967 1586 1587 796 1588 
968 1021 1586 1588 160 
969 1427 1458 1589 1590 
970 1458 1428 1591 1589 
971 1589 1591 794 1592 
972 1590 1589 1592 1429 
973 1454 1595 1593 1594 
974 1595 1457 1596 1593 
975 1593 1596 1428 1597 
976 1594 1593 1597 1458 
977 1511 1474 1619 1618 
978 1477 1621 1620 1616 
979 1621 1610 1622 1620 
980 1620 1622 1609 1623 
981 1616 1620 1623 1604 
982 1602 1617 1628 1629 
983 1617 1604 1630 1628 
984 1628 1630 802 1631 
985 1629 1628 1631 1605 
986 1634 1616 1635 1632 
987 1632 1635 1604 1636 
988 1633 1632 1636 1617 
989 1476 1526 1637 1638 
990 1638 1637 1639 990 
991 1475 1642 1640 1641 
992 1642 1494 1614 1640 
993 1640 1614 1602 1643 
994 1641 1640 1643 1603 
995 1614 1646 1644 1645 
996 1646 1613 1633 1644 
997 1644 1633 1617 1647 
998 1645 1644 1647 1602 
999 1491 1650 1648 1649 
1000 1650 1493 1651 1648 
1001 1648 1651 1477 1615 
1002 1649 1648 1615 1494 
1003 1615 1654 1652 1653 
1004 1654 1477 1655 1652 
1005 1652 1655 1616 1634 
1006 1653 1652 1634 1613 
1007 1613 1658 1656 1657 
1008 1658 1634 1659 1656 
1009 1656 1659 1632 1660 
1010 1657 1656 1660 1633 
1011 1626 1673 1671 1672 
1012 1673 1661 1674 1671 
1013 1672 1671 1675 1600 
1014 1680 628 1681 1679 
1015 1679 1681 1028 1682 
1016 1490 1684 1683 1662 
1017 1684 1004 1685 1683 
1018 1683 1685 1607 1686 
1019 1662 1683 1686 1606 
1020 1661 1688 1687 1674 
1021 1688 1662 1689 1687 
1022 1687 1689 1606 1690 
1023 1674 1687 1690 1663 
1024 1600 1675 1696 1697 
1025 1675 1663 1698 1696 
1026 1696 1698 1667 1699 
1027 1697 1696 1699 1668 
1028 1671 1702 1700 1701 
1029 1702 1674 1703 1700 
1030 1700 1703 1663 1704 
1031 1701 1700 1704 1675 
1032 1682 1028 1710 1709 
1033 1709 1710 985 1711 
1034 1705 1722 1720 1721 
1035 1720 1723 1664 1724 
1036 1721 1720 1724 1708 
1037 1670 1727 1725 1726 
1038 1727 1608 1728 1725 
1039 1725 1728 1707 1722 
1040 1726 1725 1722 1705 
1041 1707 1733 1732 1723 
1042 1733 1712 1734 1732 
1043 1732 1734 1715 1735 
1044 1723 1732 1735 1664 
1045 1722 1738 1736 1737 
1046 1738 1707 1739 1736 
1047 1736 1739 1723 1740 
1048 1737 1736 1740 1720 
1049 1711 985 1745 1744 
1050 1744 1745 1039 1746 
1051 1046 1756 1754 1755 
1052 1755 1754 1758 1748 
1053 1718 1761 1759 1760 
1054 1761 1729 1762 1759 
1055 1759 1762 1731 1756 
1056 1760 1759 1756 1046 
1057 1029 1764 1763 1749 
1058 1764 1711 1765 1763 
1059 1763 1765 1744 1766 
1060 1749 1763 1766 1047 
1061 1768 1029 1769 1767 
1062 1767 1769 1749 1770 
1063 1756 1773 1771 1772 
1064 1773 1731 1774 1771 
1065 1772 1771 1775 1754 
1066 1666 1777 1776 1730 
1067 1777 1709 1778 1776 
1068 1776 1778 1711 1764 
1069 1730 1776 1764 1029 
1070 1729 1780 1779 1762 
1071 1780 1730 1781 1779 
1072 1779 1781 1029 1768 
1073 1762 1779 1768 1731 
1074 1731 1783 1782 1774 
1075 1783 1768 1784 1782 
1076 1782 1784 1767 1785 
1077 1774 1782 1785 1757 
1078 1044 1750 1786 1787 
1079 1750 1047 1788 1786 
1080 1786 1788 1037 1789 
1081 1787 1786 1789 1048 
1082 1748 1758 1790 1791 
1083 1758 1747 1792 1790 
1084 1790 1792 1750 1793 
1085 1791 1790 1793 1044 
1086 1754 1775 1794 1795 
1087 1775 1757 1796 1794 
1088 1794 1796 1747 1797 
1089 1795 1794 1797 1758 
1090 1771 1800 1798 1799 
1091 1800 1774 1801 1798 
1092 1798 1801 1757 1802 
1093 1799 1798 1802 1775 
1094 797 1432 1803 1024 
1095 1432 798 1804 1803 
1096 1803 1804 466 1805 
1097 1024 1803 1805 799 
1098 1023 1807 1806 1742 
1099 1807 1024 1808 1806 
1100 1806 1808 799 1809 
1101 1742 1806 1809 1025 
1102 1810 1811 462 1812 
1103 1587 1810 1812 796 
1104 1428 1471 1813 1591 
1105 1471 1450 1814 1813 
1106 1813 1814 1453 1815 
1107 1591 1813 1815 794 
1108 359 1817 1816 1452 
1109 1817 1447 1818 1816 
1110 1816 1818 1446 1819 
1111 1452 1816 1819 795 
1112 1450 1821 1820 1814 
1113 1821 1452 1822 1820 
1114 1820 1822 795 1823 
1115 1814 1820 1823 1453 
1116 798 1825 1824 1804 
1117 1825 1427 1590 1824 
1118 1824 1590 1429 1826 
1119 1804 1824 1826 466 
1120 1 1829 1827 1828 
1121 1829 12 119 1827 
1122 1827 119 10 62 
1123 1828 1827 62 11 
1124 16 1831 1830 335 
1125 1831 2 1832 1830 
1126 1830 1832 17 349 
1127 335 1830 349 15 
1128 19 38 1833 1834 
1129 38 21 964 1833 
1130 1833 964 9 1835 
1131 1834 1833 1835 22 
1132 20 94 1836 1837 
1133 94 19 1834 1836 
1134 1836 1834 22 1838 
1135 1837 1836 1838 4 
1136 10 1841 1839 1840 
1137 1841 25 123 1839 
1138 1839 123 23 66 
1139 1840 1839 66 24 
1140 28 458 1842 965 
1141 458 29 1843 1842 
1142 1842 1843 3 1844 
1143 965 1842 1844 30 
1144 32 1846 1845 338 
1145 1846 15 1847 1845 
1146 1845 1847 33 353 
1147 338 1845 353 31 
1148 35 54 1848 1849 
1149 54 37 968 1848 
1150 1848 968 21 1850 
1151 1849 1848 1850 38 
1152 36 97 1851 1852 
1153 97 35 1849 1851 
1154 1851 1849 38 1853 
1155 1852 1851 1853 19 
1156 23 1856 1854 1855 
1157 1856 41 127 1854 
1158 1854 127 39 70 
1159 1855 1854 70 40 
1160 44 461 1857 969 
1161 461 45 1858 1857 
1162 1857 1858 28 1859 
1163 969 1857 1859 46 
1164 48 1861 1860 341 
1165 1861 31 1862 1860 
1166 1860 1862 49 357 
1167 341 1860 357 47 
1168 51 78 1863 1864 
1169 78 53 972 1863 
1170 1863 972 37 1865 
1171 1864 1863 1865 54 
1172 52 100 1866 1867 
1173 100 51 1864 1866 
1174 1866 1864 54 1868 
1175 1867 1866 1868 35 
1176 70 1871 1869 1870 
1177 1871 39 131 1869 
1178 1869 131 56 112 
1179 1870 1869 112 68 
1180 75 164 1872 1873 
1181 164 77 1096 1872 
1182 1872 1096 53 1874 
1183 1873 1872 1874 78 
1184 76 104 1875 1876 
1185 104 75 1873 1875 
1186 1875 1873 78 1877 
1187 1876 1875 1877 51 
1188 71 113 1878 1879 
1189 113 43 102 1878 
1190 1878 102 76 1880 
1191 1879 1878 1880 98 
1192 98 1880 1881 1882 
1193 1880 76 1876 1881 
1194 1881 1876 51 1883 
1195 1882 1881 1883 100 
1196 43 117 1884 1885 
1197 1884 166 101 1886 
1198 1885 1884 1886 102 
1199 114 149 1887 1888 
1200 149 106 170 1887 
1201 1887 170 83 1889 
1202 1888 1887 1889 117 
1203 143 1892 1890 1891 
1204 1892 135 151 1890 
1205 1890 151 79 148 
1206 1891 1890 148 116 
1207 109 194 1893 1894 
1208 194 59 236 1893 
1209 1893 236 167 1895 
1210 1894 1893 1895 165 
1211 142 191 1896 1897 
1212 191 105 196 1896 
1213 1896 196 171 1898 
1214 1897 1896 1898 169 
1215 107 1900 1899 187 
1216 1900 182 214 1899 
1217 1899 214 181 1901 
1218 187 1899 1901 141 
1219 181 217 1902 1903 
1220 217 183 1904 1902 
1221 1902 1904 108 225 
1222 1903 1902 225 184 
1223 141 1901 1905 190 
1224 1901 181 1903 1905 
1225 1905 1903 184 197 
1226 190 1905 197 105 
1227 192 227 1906 1907 
1228 227 193 240 1906 
1229 1906 240 59 1908 
1230 1907 1906 1908 194 
1231 171 199 1909 1910 
1232 199 192 1907 1909 
1233 1909 1907 194 1911 
1234 1910 1909 1911 109 
1235 183 234 1912 1904 
1236 234 209 1913 1912 
1237 1912 1913 212 1914 
1238 1904 1912 1914 108 
1239 108 1914 1915 226 
1240 1914 212 1916 1915 
1241 1915 1916 221 241 
1242 226 1915 241 193 
1243 212 1918 1917 1916 
1244 1918 177 1919 1917 
1245 1917 1919 222 264 
1246 1916 1917 264 221 
1247 211 276 1920 1921 
1248 276 252 887 1920 
1249 1920 887 255 1922 
1250 1921 1920 1922 177 
1251 177 1922 1923 1919 
1252 1922 255 1924 1923 
1253 1923 1924 260 287 
1254 1919 1923 287 222 
1255 255 888 1925 1924 
1256 888 179 1926 1925 
1257 1925 1926 261 1927 
1258 1924 1925 1927 260 
1259 260 1927 1928 288 
1260 1927 261 298 1928 
1261 1928 298 91 1929 
1262 288 1928 1929 262 
1263 230 1932 1930 1931 
1264 1932 270 907 1930 
1265 1930 907 253 274 
1266 1931 1930 274 178 
1267 1933 1099 279 1935 
1268 1934 1933 1935 77 
1269 179 880 1936 1926 
1270 880 291 1937 1936 
1271 1936 1937 290 299 
1272 1926 1936 299 261 
1273 290 1939 1938 300 
1274 1939 292 317 1938 
1275 1938 317 251 1940 
1276 300 1938 1940 293 
1277 306 1942 1941 319 
1278 1942 308 329 1941 
1279 1941 329 5 1943 
1280 319 1941 1943 309 
1281 310 476 1944 1945 
1282 476 311 1102 1944 
1283 1944 1102 277 1946 
1284 1945 1944 1946 312 
1285 281 327 1947 1948 
1286 327 310 1945 1947 
1287 1947 1945 312 1949 
1288 1948 1947 1949 163 
1289 321 1951 1950 331 
1290 1951 323 499 1950 
1291 1950 499 305 1952 
1292 331 1950 1952 324 
1293 324 1952 1953 1954 
1294 1952 305 527 1953 
1295 1953 527 326 1955 
1296 1954 1953 1955 325 
1297 31 1957 1956 1862 
1298 1957 353 1958 1956 
1299 1956 1958 352 1460 
1300 1862 1956 1460 49 
1301 47 1960 1959 810 
1302 1960 357 1961 1959 
1303 1959 1961 356 783 
1304 810 1959 783 86 
1305 357 1963 1962 1961 
1306 1963 49 1964 1962 
1307 1962 1964 358 1463 
1308 1961 1962 1463 356 
1309 361 1966 1965 813 
1310 1966 86 1967 1965 
1311 1965 1967 362 787 
1312 368 414 1968 400 
1313 414 371 1969 1968 
1314 1968 1969 304 573 
1315 400 1968 573 372 
1316 374 950 1970 1971 
1317 1970 420 322 1972 
1318 1971 1970 1972 250 
1319 347 1974 1973 382 
1320 1974 376 1975 1973 
1321 1973 1975 365 408 
1322 379 1977 1976 442 
1323 1977 382 1978 1976 
1324 1976 1978 244 412 
1325 442 1976 412 370 
1326 385 1980 1979 446 
1327 1980 370 1981 1979 
1328 1979 1981 386 416 
1329 446 1979 416 383 
1330 388 1983 1982 954 
1331 1983 380 440 1982 
1332 1982 440 303 393 
1333 954 1982 393 375 
1334 393 1986 1984 1985 
1335 1986 303 444 1984 
1336 1984 444 384 433 
1337 1985 1984 433 391 
1338 302 401 1987 1988 
1339 401 372 572 1987 
1340 1987 572 395 500 
1341 1988 1987 500 323 
1342 387 418 1989 424 
1343 418 368 1990 1989 
1344 1989 1990 400 1991 
1345 424 1989 1991 398 
1346 384 1994 1992 1993 
1347 1994 404 448 1992 
1348 1992 448 402 437 
1349 1993 1992 437 403 
1350 394 434 1995 1996 
1351 434 369 423 1995 
1352 1995 423 399 1997 
1353 1996 1995 1997 419 
1354 73 1445 1998 1581 
1355 1445 459 1999 1998 
1356 1998 1999 461 2000 
1357 1581 1998 2000 44 
1358 462 1449 2001 1584 
1359 1449 463 2002 2001 
1360 2001 2002 73 2003 
1361 1584 2001 2003 464 
1362 304 2005 2004 574 
1363 2005 410 662 2004 
1364 2004 662 471 486 
1365 574 2004 486 396 
1366 474 492 2006 2007 
1367 492 475 1106 2006 
1368 2006 1106 311 2008 
1369 2007 2006 2008 476 
1370 326 528 2009 2010 
1371 528 474 2007 2009 
1372 2009 2007 476 2011 
1373 2010 2009 2011 310 
1374 482 639 2012 1107 
1375 639 483 2013 2012 
1376 2012 2013 468 2014 
1377 1107 2012 2014 484 
1378 396 2016 2015 1054 
1379 2016 486 2017 2015 
1380 2015 2017 485 519 
1381 1054 2015 519 480 
1382 486 2019 2018 2017 
1383 2019 471 2020 2018 
1384 2018 2020 487 1090 
1385 2017 2018 1090 485 
1386 489 512 2021 2022 
1387 512 491 1110 2021 
1388 2021 1110 475 2023 
1389 2022 2021 2023 492 
1390 490 531 2024 2025 
1391 531 489 2022 2024 
1392 2024 2022 492 2026 
1393 2025 2024 2026 474 
1394 495 2028 2027 1057 
1395 2028 480 2029 2027 
1396 2027 2029 496 523 
1397 1057 2027 523 493 
1398 500 2032 2030 2031 
1399 2032 395 576 2030 
1400 2030 576 478 547 
1401 2031 2030 547 498 
1402 515 2034 2033 1061 
1403 2034 493 2035 2033 
1404 2033 2035 516 538 
1405 1061 2033 538 513 
1406 496 2037 2036 524 
1407 2037 518 2038 2036 
1408 2036 2038 521 1074 
1409 524 2036 1074 247 
1410 526 563 2039 2040 
1411 563 490 2025 2039 
1412 2039 2025 474 2041 
1413 2040 2039 2041 528 
1414 543 2043 2042 586 
1415 2043 494 1059 2042 
1416 2042 1059 514 603 
1417 586 2042 603 541 
1418 583 2045 2044 601 
1419 2045 586 2046 2044 
1420 2044 2046 541 607 
1421 601 2044 607 558 
1422 246 2048 2047 724 
1423 2048 616 815 2047 
1424 2047 815 615 711 
1425 724 2047 711 366 
1426 471 2050 2049 2020 
1427 2050 624 666 2049 
1428 2049 666 623 647 
1429 2020 2049 647 487 
1430 483 651 2051 2013 
1431 651 630 2052 2051 
1432 2051 2052 632 2053 
1433 2013 2051 2053 468 
1434 472 2055 2054 668 
1435 2055 634 729 2054 
1436 2054 729 633 674 
1437 668 2054 674 625 
1438 507 688 2056 1123 
1439 688 637 2057 2056 
1440 2056 2057 639 2058 
1441 1123 2056 2058 482 
1442 642 2060 2059 672 
1443 2060 625 2061 2059 
1444 2059 2061 643 678 
1445 672 2059 678 640 
1446 647 2064 2062 2063 
1447 2064 623 670 2062 
1448 2062 670 641 691 
1449 2063 2062 691 645 
1450 367 676 2065 654 
1451 676 636 2066 2065 
1452 2065 2066 649 2067 
1453 654 2065 2067 638 
1454 636 721 2068 2066 
1455 721 622 770 2068 
1456 2068 770 650 2069 
1457 2066 2068 2069 649 
1458 644 680 2070 699 
1459 680 367 2071 2070 
1460 2070 2071 654 2072 
1461 699 2070 2072 652 
1462 657 696 2073 2074 
1463 696 656 702 2073 
1464 2073 702 660 2075 
1465 2074 2073 2075 626 
1466 648 692 2076 2077 
1467 692 626 698 2076 
1468 2076 698 653 2078 
1469 2077 2076 2078 686 
1470 366 2080 2079 749 
1471 2080 711 2081 2079 
1472 2079 2081 710 754 
1473 749 2079 754 621 
1474 711 2083 2082 2081 
1475 2083 615 819 2082 
1476 2082 819 712 2084 
1477 2081 2082 2084 710 
1478 710 2084 2085 755 
1479 755 2085 1015 713 
1480 715 2087 2086 752 
1481 2087 621 2088 2086 
1482 2086 2088 716 758 
1483 752 2086 758 714 
1484 631 962 2089 2090 
1485 962 732 995 2089 
1486 2089 995 734 1287 
1487 2090 2089 1287 469 
1488 717 760 2091 771 
1489 760 87 2092 2091 
1490 2091 2092 736 2093 
1491 771 2091 2093 735 
1492 720 768 2094 2095 
1493 768 738 774 2094 
1494 2094 774 741 2096 
1495 2095 2094 2096 622 
1496 86 2098 2097 1967 
1497 2098 783 2099 2097 
1498 2097 2099 782 1310 
1499 1967 2097 1310 362 
1500 783 2101 2100 2099 
1501 2101 356 2102 2100 
1502 2100 2102 784 1466 
1503 2099 2100 1466 782 
1504 360 2104 2103 817 
1505 2104 787 2105 2103 
1506 2103 2105 786 823 
1507 817 2103 823 617 
1508 787 2107 2106 2105 
1509 2107 362 2108 2106 
1510 2106 2108 788 1314 
1511 2105 2106 1314 786 
1512 804 2111 2109 2110 
1513 2111 803 856 2109 
1514 2109 856 807 1336 
1515 2110 2109 1336 618 
1516 792 2113 2112 828 
1517 2113 822 2114 2112 
1518 2112 2114 825 1425 
1519 806 845 2115 857 
1520 845 826 2116 2115 
1521 2115 2116 829 2117 
1522 857 2115 2117 793 
1523 821 2119 2118 841 
1524 2119 835 2120 2118 
1525 2118 2120 827 843 
1526 841 2118 843 790 
1527 863 921 2121 879 
1528 921 865 2122 2121 
1529 2121 2122 248 2123 
1530 879 2121 2123 291 
1531 866 2125 2124 896 
1532 2125 868 2126 2124 
1533 2124 2126 249 919 
1534 896 2124 919 864 
1535 897 2128 2127 915 
1536 2128 900 2129 2127 
1537 2127 2129 869 927 
1538 915 2127 927 883 
1539 916 947 2130 2131 
1540 947 374 1971 2130 
1541 2130 1971 250 2132 
1542 2131 2130 2132 307 
1543 865 943 2133 2122 
1544 943 916 2131 2133 
1545 2133 2131 307 2134 
1546 2122 2133 2134 248 
1547 938 2137 2135 2136 
1548 2137 389 952 2135 
1549 2135 952 90 945 
1550 2136 2135 945 917 
1551 868 2139 2138 2126 
1552 2139 938 2136 2138 
1553 2138 2136 917 941 
1554 2126 2138 941 249 
1555 994 1019 2141 2142 
1556 1019 988 1522 2141 
1557 2141 1522 627 2143 
1558 2142 2141 2143 997 
1559 1002 2145 2144 1473 
1560 2145 801 1565 2144 
1561 2144 1565 1003 2146 
1562 1473 2144 2146 1001 
1563 1001 2146 2147 1489 
1564 2146 1003 2148 2147 
1565 2147 2148 628 1680 
1566 854 1360 2149 2150 
1567 1360 1007 1501 2149 
1568 2149 1501 1005 1486 
1569 2150 2149 1486 1006 
1570 1012 1388 2151 2152 
1571 1388 854 2150 2151 
1572 2151 2150 1006 2153 
1573 2152 2151 2153 1010 
1574 1010 2153 2154 2155 
1575 2153 1006 1485 2154 
1576 2154 1485 987 2156 
1577 2155 2154 2156 1013 
1578 1014 2159 2157 2158 
1579 2159 852 1324 2157 
1580 2157 1324 733 1018 
1581 2158 2157 1018 996 
1582 799 1805 2160 1174 
1583 1805 466 2161 2160 
1584 2160 2161 1021 2162 
1585 1174 2160 2162 1020 
1586 1000 1436 2163 1677 
1587 1436 797 2164 2163 
1588 2163 2164 1024 1807 
1589 1677 2163 1807 1023 
1590 627 1523 2165 2166 
1591 2166 2165 2167 1031 
1592 1031 2167 2168 2169 
1593 2169 2168 2170 984 
1594 1746 1039 2172 2171 
1595 2171 2172 465 2173 
1596 984 2170 2174 2175 
1597 2175 2174 1235 1042 
1598 1045 1753 2176 2177 
1599 1753 1044 1787 2176 
1600 2176 1787 1048 1212 
1601 2177 2176 1212 1038 
1602 511 1076 2178 2179 
1603 1076 1067 1114 2178 
1604 2178 1114 1069 2180 
1605 2179 2178 2180 491 
1606 277 1104 2181 2182 
1607 2181 1255 1098 2183 
1608 2182 2181 2183 1099 
1609 1068 1163 2184 1166 
1610 1163 1147 2185 2184 
1611 2184 2185 1157 2186 
1612 1166 2184 2186 1150 
1613 2187 2188 1173 2189 
1614 1178 2187 2189 1035 
1615 1025 1809 2190 2188 
1616 1809 799 2191 2190 
1617 2190 2191 1174 2192 
1618 2188 2190 2192 1173 
1619 1040 2173 2193 1196 
1620 2173 465 2194 2193 
1621 2193 2194 1178 2195 
1622 1196 2193 2195 1176 
1623 1048 1789 2196 1213 
1624 1789 1037 2197 2196 
1625 2196 2197 1182 2198 
1626 1213 2196 2198 1180 
1627 1180 2198 2199 1201 
1628 2198 1182 2200 2199 
1629 2199 2200 1040 2201 
1630 1201 2199 2201 1183 
1631 629 1236 2202 2203 
1632 1236 1043 1204 2202 
1633 2202 1204 1187 2204 
1634 2203 2202 2204 1188 
1635 1219 2207 2205 2206 
1636 2207 1045 2177 2205 
1637 2205 2177 1038 1224 
1638 2206 2205 1224 1192 
1639 991 2209 2208 1292 
1640 2209 1231 2210 2208 
1641 2208 2210 1229 1252 
1642 1292 2208 1252 1230 
1643 1231 2212 2211 2210 
1644 2212 984 2175 2211 
1645 2211 2175 1042 1242 
1646 2210 2211 1242 1229 
1647 993 1253 2213 1266 
1648 1253 1232 2214 2213 
1649 2213 2214 1237 2215 
1650 1266 2213 2215 1238 
1651 1232 1243 2216 2214 
1652 1243 629 2203 2216 
1653 2216 2203 1188 2217 
1654 2214 2216 2217 1237 
1655 632 2220 2218 2219 
1656 2220 469 1286 2218 
1657 2218 1286 992 1275 
1658 2219 2218 1275 1244 
1659 992 2223 2221 2222 
1660 2223 1248 1290 2221 
1661 2221 1290 1246 1279 
1662 2222 2221 1279 1247 
1663 1245 1276 2224 2225 
1664 1276 278 1258 2224 
1665 2224 1258 1185 2226 
1666 2225 2224 2226 1254 
1667 278 1280 2227 2228 
1668 1280 1249 1265 2227 
1669 2227 1265 1257 2229 
1670 2228 2227 2229 1258 
1671 793 2117 2230 1328 
1672 2117 829 2231 2230 
1673 2230 2231 1317 1371 
1674 1317 2233 2232 1372 
1675 2233 1318 2234 2232 
1676 2232 2234 801 2145 
1677 1372 2232 2145 1002 
1678 1319 1377 2235 1359 
1679 1377 1322 2236 2235 
1680 2235 2236 800 1502 
1681 1359 2235 1502 1007 
1682 1326 2238 2237 1344 
1683 2238 1328 2239 2237 
1684 2237 2239 853 1375 
1685 1344 2237 1375 1321 
1686 1349 1410 2240 1413 
1687 1410 1385 2241 2240 
1688 2240 2241 1404 2242 
1689 1413 2240 2242 1394 
1690 1003 1567 2243 2148 
1691 1567 1420 2244 2243 
1692 2243 2244 1423 2245 
1693 2148 2243 2245 628 
1694 1318 2247 2246 2234 
1695 2247 1424 1572 2246 
1696 2246 1572 1421 1566 
1697 2234 2246 1566 801 
1698 50 2249 2248 1431 
1699 2249 1312 1455 2248 
1700 2248 1455 1427 1825 
1701 1431 2248 1825 798 
1702 795 1819 2250 1811 
1703 1819 1446 2251 2250 
1704 2250 2251 1449 2252 
1705 1811 2250 2252 462 
1706 1451 2254 2253 1470 
1707 2254 359 2255 2253 
1708 2253 2255 1452 1821 
1709 1470 2253 1821 1450 
1710 784 2257 2256 1467 
1711 2257 1462 2258 2256 
1712 2256 2258 1447 1817 
1713 1467 2256 1817 359 
1714 800 2260 2259 1503 
1715 2260 1373 2261 2259 
1716 2259 2261 1472 1509 
1717 1503 2259 1509 1008 
1718 1481 2263 2262 1507 
1719 2263 1008 2264 2262 
1720 2262 2264 1482 1513 
1721 1507 2262 1513 1479 
1722 1486 2267 2265 2266 
1723 2267 1005 1505 2265 
1724 2265 1505 1480 1529 
1725 2266 2265 1529 1484 
1726 1488 2269 2268 1611 
1727 2269 1489 2270 2268 
1728 2268 2270 1004 1684 
1729 1611 2268 1684 1490 
1730 1483 1515 2271 1537 
1731 1515 989 2272 2271 
1732 2271 2272 1493 1650 
1733 1537 2271 1650 1491 
1734 1492 1538 2273 2274 
1735 1538 1491 1649 2273 
1736 2273 1649 1494 1642 
1737 2274 2273 1642 1475 
1738 1013 2156 2275 2276 
1739 2156 987 1525 2275 
1740 2275 1525 1476 2277 
1741 2276 2275 2277 1521 
1742 1521 2277 2278 2279 
1743 2277 1476 1638 2278 
1744 2278 1638 990 2280 
1745 2279 2278 2280 1523 
1746 1487 1530 2281 2282 
1747 1530 1009 1536 2281 
1748 2281 1536 1492 2283 
1749 2282 2281 2283 1524 
1750 1524 2283 2284 2285 
1751 2283 1492 2274 2284 
1752 2284 2274 1475 2286 
1753 2285 2284 2286 1526 
1754 1534 1554 2287 2288 
1755 1554 1495 1556 2287 
1756 2287 1556 1540 2289 
1757 2288 2287 2289 1548 
1758 466 1826 2290 2161 
1759 1826 1429 2291 2290 
1760 2290 2291 1586 2292 
1761 2161 2290 2292 1021 
1762 1429 1592 2293 2291 
1763 1592 794 2294 2293 
1764 2293 2294 1587 2295 
1765 2291 2293 2295 1586 
1766 990 1639 2296 2297 
1767 2297 2296 2298 1599 
1768 1599 2298 2299 2300 
1769 2300 2299 2301 1030 
1770 1603 1643 2302 2303 
1771 1643 1602 1629 2302 
1772 2302 1629 1605 2304 
1773 2303 2302 2304 1478 
1774 1686 1607 2306 2305 
1775 1604 1623 2307 1630 
1776 1623 1609 2308 2307 
1777 2307 2308 1612 2309 
1778 1630 2307 2309 802 
1779 1494 2312 2310 2311 
1780 2312 1615 1653 2310 
1781 2310 1653 1613 1646 
1782 2311 2310 1646 1614 
1783 1493 2314 2313 1651 
1784 2314 1618 2315 2313 
1785 2313 2315 1610 1621 
1786 1651 2313 1621 1477 
1787 1526 2286 2316 2317 
1788 2286 1475 1641 2316 
1789 2316 1641 1603 2318 
1790 2317 2316 2318 1637 
1791 1637 2318 2319 2320 
1792 2318 1603 2303 2319 
1793 2319 2303 1478 2321 
1794 2320 2319 2321 1639 
1795 802 2309 2322 2323 
1796 2309 1612 2324 2322 
1797 2322 2324 1661 1673 
1798 2323 2322 1673 1626 
1799 1612 2326 2325 2324 
1800 2326 1490 2327 2325 
1801 2325 2327 1662 1688 
1802 2324 2325 1688 1661 
1803 1663 1690 2328 1698 
1804 1690 1606 2329 2328 
1805 2328 2329 1669 2330 
1806 1698 2328 2330 1667 
1807 1667 2330 2331 2332 
1808 2330 1669 2333 2331 
1809 2331 2333 1608 1727 
1810 2332 2331 1727 1670 
1811 1668 1699 2334 2335 
1812 1699 1667 2332 2334 
1813 2334 2332 1670 2336 
1814 2335 2334 2336 1027 
1815 628 2245 2337 1681 
1816 2245 1423 2338 2337 
1817 2337 2338 1676 2339 
1818 1681 2337 2339 1028 
1819 1028 2339 2340 1710 
1820 2339 1676 2341 2340 
1821 2340 2341 1678 2342 
1822 1710 2340 2342 985 
1823 1691 2345 2346 2347 
1824 2347 2346 2348 1221 
1825 1027 2336 2349 2350 
1826 2336 1670 1726 2349 
1827 2349 1726 1705 2351 
1828 2350 2349 2351 1706 
1829 1706 2351 2352 2353 
1830 2351 1705 1721 2352 
1831 2352 1721 1708 2354 
1832 2353 2352 2354 1665 
1833 1026 2356 2355 1714 
1834 2356 1682 2357 2355 
1835 2355 2357 1709 1777 
1836 1714 2355 1777 1666 
1837 1608 2359 2358 1728 
1838 2359 1713 2360 2358 
1839 2358 2360 1712 1733 
1840 1728 2358 1733 1707 
1841 1664 1735 2361 2362 
1842 1735 1715 2363 2361 
1843 2361 2363 1729 1761 
1844 2362 2361 1761 1718 
1845 1715 2365 2364 2363 
1846 2365 1666 2366 2364 
1847 2364 2366 1730 1780 
1848 2363 2364 1780 1729 
1849 985 2342 2367 1745 
1850 2342 1678 2368 2367 
1851 2367 2368 1741 2369 
1852 1745 2367 2369 1039 
1853 1039 2369 2370 2172 
1854 2369 1741 2371 2370 
1855 2370 2371 1743 2372 
1856 2172 2370 2372 465 
1857 1047 1766 2373 1788 
1858 1766 1744 2374 2373 
1859 2373 2374 1746 2375 
1860 1788 2373 2375 1037 
1861 1747 1770 2376 1792 
1862 1770 1749 2377 2376 
1863 2376 2377 1047 2378 
1864 1792 2376 2378 1750 
1865 1757 1785 2379 1796 
1866 1785 1767 2380 2379 
1867 2379 2380 1770 2381 
1868 1796 2379 2381 1747 
1869 794 1815 2382 2294 
1870 1815 1453 2383 2382 
1871 2382 2383 1810 2384 
1872 2294 2382 2384 1587 
1873 1453 1823 2385 2383 
1874 1823 795 2386 2385 
1875 2385 2386 1811 2387 
1876 2383 2385 2387 1810 
1877 162 282 2388 2389 
1878 2388 1934 77 2390 
1879 2389 2388 2390 164 
1880 103 220 2391 2392 
1881 220 162 2389 2391 
1882 2391 2389 164 2393 
1883 2392 2391 2393 75 
1884 83 172 2394 2395 
1885 172 109 1894 2394 
1886 2394 1894 165 2396 
1887 2395 2394 2396 166 
1888 106 176 2397 2398 
1889 176 142 1897 2397 
1890 2397 1897 169 2399 
1891 2398 2397 2399 170 
1892 169 1898 2400 2401 
1893 1898 171 1910 2400 
1894 2400 1910 109 2402 
1895 2401 2400 2402 172 
1896 170 2399 2403 2404 
1897 2399 169 2401 2403 
1898 2403 2401 172 2405 
1899 2404 2403 2405 83 
1900 209 259 2406 1913 
1901 259 211 1921 2406 
1902 2406 1921 177 1918 
1903 1913 2406 1918 212 
1904 228 2409 2407 2408 
1905 2409 230 1931 2407 
1906 2407 1931 178 257 
1907 2408 2407 257 210 
1908 208 2412 2410 2411 
1909 2412 228 2408 2410 
1910 2410 2408 210 232 
1911 2411 2410 232 82 
1912 280 315 2413 2414 
1913 315 281 1948 2413 
1914 2413 1948 163 2415 
1915 2414 2413 2415 282 
1916 219 296 2416 2417 
1917 296 280 2414 2416 
1918 2416 2414 282 2418 
1919 2417 2416 2418 162 
1920 291 2123 2419 1937 
1921 2123 248 2420 2419 
1922 2419 2420 292 1939 
1923 1937 2419 1939 290 
1924 248 2134 2421 2420 
1925 2134 307 2422 2421 
1926 2421 2422 306 318 
1927 2420 2421 318 292 
1928 307 2132 2423 2422 
1929 2132 250 2424 2423 
1930 2423 2424 308 1942 
1931 2422 2423 1942 306 
1932 250 1972 2425 2424 
1933 1972 322 2426 2425 
1934 2425 2426 321 330 
1935 2424 2425 330 308 
1936 322 421 2427 2426 
1937 421 302 1988 2427 
1938 2427 1988 323 1951 
1939 2426 2427 1951 321 
1940 5 332 2428 2429 
1941 332 324 1954 2428 
1942 2428 1954 325 2430 
1943 2429 2428 2430 314 
1944 325 1955 2431 2432 
1945 1955 326 2010 2431 
1946 2431 2010 310 2433 
1947 2432 2431 2433 327 
1948 314 2430 2434 2435 
1949 2430 325 2432 2434 
1950 2434 2432 327 2436 
1951 2435 2434 2436 281 
1952 376 2438 2437 1975 
1953 2438 378 2439 2437 
1954 2437 2439 246 723 
1955 1975 2437 723 365 
1956 375 2441 2440 958 
1957 2441 393 1985 2440 
1958 2440 1985 391 2442 
1959 958 2440 2442 392 
1960 392 2442 2443 2444 
1961 2442 391 432 2443 
1962 2443 432 394 2445 
1963 2444 2443 2445 373 
1964 371 2447 2446 1969 
1965 2447 407 2448 2446 
1966 2446 2448 410 2005 
1967 1969 2446 2005 304 
1968 373 2445 2449 2450 
1969 2445 394 1996 2449 
1970 2449 1996 419 2451 
1971 2450 2449 2451 420 
1972 509 1072 2452 2453 
1973 1072 511 2179 2452 
1974 2452 2179 491 2454 
1975 2453 2452 2454 512 
1976 510 535 2455 2456 
1977 535 509 2453 2455 
1978 2455 2453 512 2457 
1979 2456 2455 2457 489 
1980 480 2459 2458 2029 
1981 2459 519 2460 2458 
1982 2458 2460 518 2037 
1983 2029 2458 2037 496 
1984 518 2462 2461 2038 
1985 2462 520 2463 2461 
1986 2461 2463 488 1086 
1987 2038 2461 1086 521 
1988 529 555 2464 2465 
1989 555 510 2456 2464 
1990 2464 2456 489 2466 
1991 2465 2464 2466 531 
1992 530 566 2467 2468 
1993 566 529 2465 2467 
1994 2467 2465 531 2469 
1995 2468 2467 2469 490 
1996 630 737 2470 2052 
1997 737 631 2090 2470 
1998 2470 2090 469 2220 
1999 2052 2470 2220 632 
2000 637 655 2471 2057 
2001 655 638 2472 2471 
2002 2471 2472 483 2473 
2003 2057 2471 2473 639 
2004 638 2067 2474 2472 
2005 2067 649 2475 2474 
2006 2474 2475 651 2476 
2007 2472 2474 2476 483 
2008 718 746 2477 2478 
2009 746 720 2095 2477 
2010 2477 2095 622 2479 
2011 2478 2477 2479 721 
2012 712 2482 2480 2481 
2013 2482 805 831 2480 
2014 2480 831 803 2111 
2015 2481 2480 2111 804 
2016 378 2484 2483 2439 
2017 2484 811 2485 2483 
2018 2483 2485 616 2048 
2019 2439 2483 2048 246 
2020 819 2488 2486 2487 
2021 2488 818 839 2486 
2022 2486 839 805 2482 
2023 2487 2486 2482 712 
2024 617 2490 2489 837 
2025 2490 823 2491 2489 
2026 2489 2491 822 2113 
2027 837 2489 2113 792 
2028 822 2493 2492 2114 
2029 2493 824 2494 2492 
2030 2492 2494 789 1569 
2031 2114 2492 1569 825 
2032 948 959 2495 2496 
2033 959 392 2444 2495 
2034 2495 2444 373 2497 
2035 2496 2495 2497 950 
2036 1015 2500 2498 2499 
2037 2500 618 1335 2498 
2038 2498 1335 852 2159 
2039 2499 2498 2159 1014 
2040 520 2502 2501 2463 
2041 2502 1089 2503 2501 
2042 2501 2503 1083 1092 
2043 2463 2501 1092 488 
2044 1221 2348 2504 2505 
2045 2505 2504 2207 1219 
2046 468 2053 2506 2507 
2047 2053 632 2219 2506 
2048 2506 2219 1244 2508 
2049 2507 2506 2508 1103 
2050 1103 2508 2509 2510 
2051 2508 1244 1274 2509 
2052 2509 1274 1245 2511 
2053 2510 2509 2511 470 
2054 470 2511 2512 2513 
2055 2511 1245 2225 2512 
2056 2512 2225 1254 2514 
2057 2513 2512 2514 1255 
2058 788 2516 2515 1315 
2059 2516 1309 2517 2515 
2060 2515 2517 1312 2249 
2061 1315 2515 2249 50 
2062 829 2519 2518 2231 
2063 2519 363 2520 2518 
2064 2518 2520 1318 2233 
2065 2231 2518 2233 1317 
2066 1322 2522 2521 2236 
2067 2522 1370 2523 2521 
2068 2521 2523 1373 2260 
2069 2236 2521 2260 800 
2070 1420 1441 2524 2244 
2071 1441 1422 2525 2524 
2072 2524 2525 1000 2526 
2073 2244 2524 2526 1423 
2074 363 2528 2527 2520 
2075 2528 1425 2529 2527 
2076 2527 2529 1424 2247 
2077 2520 2527 2247 1318 
2078 1425 2531 2530 2529 
2079 2531 825 2532 2530 
2080 2530 2532 1426 1573 
2081 2529 2530 1573 1424 
2082 356 2534 2533 2102 
2083 2534 1463 2535 2533 
2084 2533 2535 1462 2257 
2085 2102 2533 2257 784 
2086 1474 2537 2536 1619 
2087 2537 1001 2538 2536 
2088 2536 2538 1489 2269 
2089 1619 2536 2269 1488 
2090 1609 2540 2539 2308 
2091 2540 1611 2541 2539 
2092 2539 2541 1490 2326 
2093 2308 2539 2326 1612 
2094 989 2543 2542 2272 
2095 2543 1511 2544 2542 
2096 2542 2544 1618 2314 
2097 2272 2542 2314 1493 
2098 1605 1631 2545 2546 
2099 1631 802 2323 2545 
2100 2545 2323 1626 2547 
2101 2546 2545 2547 1624 
2102 1624 2547 2548 2549 
2103 2547 1626 1672 2548 
2104 2548 1672 1600 2550 
2105 2549 2548 2550 1627 
2106 1423 2526 2551 2338 
2107 2526 1000 2552 2551 
2108 2551 2552 1677 2553 
2109 2338 2551 2553 1676 
2110 1676 2553 2554 2341 
2111 2553 1677 2555 2554 
2112 2554 2555 1023 2556 
2113 2341 2554 2556 1678 
2114 1607 2558 2557 2306 
2115 2558 1679 2559 2557 
2116 2557 2559 1682 2356 
2117 2306 2557 2356 1026 
2118 1030 2301 2560 2561 
2119 2561 2560 2562 1692 
2120 1692 2562 2563 2564 
2121 2562 1691 2347 2563 
2122 2563 2347 1221 2565 
2123 2564 2563 2565 1032 
2124 1627 2550 2566 2567 
2125 2550 1600 1697 2566 
2126 2566 1697 1668 2568 
2127 2567 2566 2568 1693 
2128 1693 2568 2569 2570 
2129 2568 1668 2335 2569 
2130 2569 2335 1027 2571 
2131 2570 2569 2571 1695 
2132 1712 2573 2572 1734 
2133 2573 1714 2574 2572 
2134 2572 2574 1666 2365 
2135 1734 2572 2365 1715 
2136 1708 1724 2575 2576 
2137 1724 1664 2362 2575 
2138 2575 2362 1718 2577 
2139 2576 2575 2577 1716 
2140 1716 2577 2578 2579 
2141 2577 1718 1760 2578 
2142 2578 1760 1046 2580 
2143 2579 2578 2580 1719 
2144 1678 2556 2581 2368 
2145 2556 1023 2582 2581 
2146 2581 2582 1742 2583 
2147 2368 2581 2583 1741 
2148 1741 2583 2584 2371 
2149 2583 1742 2585 2584 
2150 2584 2585 1025 2586 
2151 2371 2584 2586 1743 
2152 1719 2580 2587 2588 
2153 2580 1046 1755 2587 
2154 2587 1755 1748 2589 
2155 2588 2587 2589 1751 
2156 1751 2589 2590 2591 
2157 2589 1748 1791 2590 
2158 2590 1791 1044 2592 
2159 2591 2590 2592 1753 
2160 117 1889 2593 2594 
2161 1889 83 2395 2593 
2162 2593 2395 166 2595 
2163 2594 2593 2595 1884 
2164 312 1946 2596 2597 
2165 1946 277 2182 2596 
2166 2596 2182 1099 2598 
2167 2597 2596 2598 1933 
2168 950 2497 2599 2600 
2169 2497 373 2450 2599 
2170 2599 2450 420 2601 
2171 2600 2599 2601 1970 
2172 2085 2604 2602 2603 
2173 2604 804 2110 2602 
2174 2602 2110 618 2500 
2175 2603 2602 2500 1015 
2176 997 2143 2605 2606 
2177 2143 627 2166 2605 
2178 2605 2166 1031 2607 
2179 2606 2605 2607 2140 
2180 2140 2607 2608 2609 
2181 2607 1031 2169 2608 
2182 2608 2169 984 2212 
2183 2609 2608 2212 1231 
2184 1288 2612 2610 2611 
2185 2612 2140 2609 2610 
2186 2610 2609 1231 2209 
2187 2611 2610 2209 991 
2188 1523 2280 2613 2614 
2189 2280 990 2297 2613 
2190 2613 2297 1599 2615 
2191 2614 2613 2615 2165 
2192 2165 2615 2616 2617 
2193 2615 1599 2300 2616 
2194 2616 2300 1030 2618 
2195 2617 2616 2618 2167 
2196 2167 2618 2619 2620 
2197 2618 1030 2561 2619 
2198 2619 2561 1692 2621 
2199 2620 2619 2621 2168 
2200 2168 2621 2622 2623 
2201 2621 1692 2564 2622 
2202 2622 2564 1032 2624 
2203 2623 2622 2624 2170 
2204 1037 2375 2625 2197 
2205 2375 1746 2626 2625 
2206 2625 2626 2171 2627 
2207 2197 2625 2627 1182 
2208 1182 2627 2628 2200 
2209 2627 2171 2629 2628 
2210 2628 2629 2173 2630 
2211 2200 2628 2630 1040 
2212 465 2372 2631 2194 
2213 2372 1743 2632 2631 
2214 2631 2632 2187 2633 
2215 2194 2631 2633 1178 
2216 1743 2586 2634 2632 
2217 2586 1025 2635 2634 
2218 2634 2635 2188 2636 
2219 2632 2634 2636 2187 
2220 1669 2638 2637 2333 
2221 2638 2305 2639 2637 
2222 2637 2639 1713 2359 
2223 2333 2637 2359 1608 
2224 1695 2571 2640 2641 
2225 2571 1027 2350 2640 
2226 2640 2350 1706 2642 
2227 2641 2640 2642 2343 
2228 2343 2642 2643 2644 
2229 2642 1706 2353 2643 
2230 2643 2353 1665 2645 
2231 2644 2643 2645 2345 
2232 101 168 2646 2647 
2233 168 103 2392 2646 
2234 2646 2392 75 2648 
2235 2647 2646 2648 104 
2236 102 1886 2649 2650 
2237 1886 101 2647 2649 
2238 2649 2647 104 2651 
2239 2650 2649 2651 76 
2240 206 2654 2652 2653 
2241 2654 208 2411 2652 
2242 2652 2411 82 215 
2243 2653 2652 215 182 
2244 153 2657 2655 2656 
2245 2657 206 2653 2655 
2246 2655 2653 182 1900 
2247 2656 2655 1900 107 
2248 218 285 2658 2659 
2249 285 219 2417 2658 
2250 2658 2417 162 2660 
2251 2659 2658 2660 220 
2252 167 238 2661 2662 
2253 238 218 2659 2661 
2254 2661 2659 220 2663 
2255 2662 2661 2663 103 
2256 309 1943 2664 2665 
2257 1943 5 2429 2664 
2258 2664 2429 314 2666 
2259 2665 2664 2666 313 
2260 313 2666 2667 2668 
2261 2666 314 2435 2667 
2262 2667 2435 281 2669 
2263 2668 2667 2669 315 
2264 244 2671 2670 413 
2265 2671 408 2672 2670 
2266 2670 2672 407 2447 
2267 413 2670 2447 371 
2268 407 2674 2673 2448 
2269 2674 409 2675 2673 
2270 2673 2675 364 663 
2271 2448 2673 663 410 
2272 519 2677 2676 2460 
2273 2677 485 2678 2676 
2274 2676 2678 520 2462 
2275 2460 2676 2462 518 
2276 649 2069 2679 2475 
2277 2069 650 2680 2679 
2278 2679 2680 630 2681 
2279 2475 2679 2681 651 
2280 409 2683 2682 2675 
2281 2683 722 2684 2682 
2282 2682 2684 620 726 
2283 2675 2682 726 364 
2284 650 772 2685 2680 
2285 772 735 2686 2685 
2286 2685 2686 737 2687 
2287 2680 2685 2687 630 
2288 811 2689 2688 2485 
2289 2689 813 2690 2688 
2290 2688 2690 360 816 
2291 2485 2688 816 616 
2292 823 2692 2691 2491 
2293 2692 786 2693 2691 
2294 2691 2693 824 2493 
2295 2491 2691 2493 822 
2296 826 2695 2694 2116 
2297 2695 828 2696 2694 
2298 2694 2696 363 2519 
2299 2116 2694 2519 829 
2300 485 2698 2697 2678 
2301 2698 1090 2699 2697 
2302 2697 2699 1089 2502 
2303 2678 2697 2502 520 
2304 484 2014 2700 2701 
2305 2014 468 2507 2700 
2306 2700 2507 1103 2702 
2307 2701 2700 2702 1101 
2308 1101 2702 2703 2704 
2309 2702 1103 2510 2703 
2310 2703 2510 470 2705 
2311 2704 2703 2705 1104 
2312 1032 2565 2706 2707 
2313 2565 1221 2505 2706 
2314 2706 2505 1219 2708 
2315 2707 2706 2708 1220 
2316 1220 2708 2709 2710 
2317 2708 1219 2206 2709 
2318 2709 2206 1192 2711 
2319 2710 2709 2711 1041 
2320 1285 2714 2712 2713 
2321 2714 1288 2611 2712 
2322 2712 2611 991 1291 
2323 2713 2712 1291 1248 
2324 1286 2717 2715 2716 
2325 2717 1285 2713 2715 
2326 2715 2713 1248 2223 
2327 2716 2715 2223 992 
2328 362 2719 2718 2108 
2329 2719 1310 2720 2718 
2330 2718 2720 1309 2516 
2331 2108 2718 2516 788 
2332 1309 2722 2721 2517 
2333 2722 1311 2723 2721 
2334 2721 2723 785 1456 
2335 2517 2721 1456 1312 
2336 853 2725 2724 1376 
2337 2725 1371 2726 2724 
2338 2724 2726 1370 2522 
2339 1376 2724 2522 1322 
2340 1311 2728 2727 2723 
2341 2728 1465 2729 2727 
2342 2727 2729 1451 1469 
2343 2723 2727 1469 785 
2344 1472 2731 2730 1510 
2345 2731 1473 2732 2730 
2346 2730 2732 1001 2537 
2347 1510 2730 2537 1474 
2348 1482 2734 2733 1514 
2349 2734 1508 2735 2733 
2350 2733 2735 1511 2543 
2351 1514 2733 2543 989 
2352 1610 2737 2736 1622 
2353 2737 1488 2738 2736 
2354 2736 2738 1611 2540 
2355 1622 2736 2540 1609 
2356 1618 2740 2739 2315 
2357 2740 1619 2741 2739 
2358 2739 2741 1488 2737 
2359 2315 2739 2737 1610 
2360 1478 2304 2742 2743 
2361 2304 1605 2546 2742 
2362 2742 2546 1624 2744 
2363 2743 2742 2744 1625 
2364 1625 2744 2745 2746 
2365 2744 1624 2549 2745 
2366 2745 2549 1627 2747 
2367 2746 2745 2747 1598 
2368 1004 2749 2748 1685 
2369 2749 1680 2750 2748 
2370 2748 2750 1679 2558 
2371 1685 2748 2558 1607 
2372 1598 2747 2751 2752 
2373 2747 1627 2567 2751 
2374 2751 2567 1693 2753 
2375 2752 2751 2753 1694 
2376 1694 2753 2754 2755 
2377 2753 1693 2570 2754 
2378 2754 2570 1695 2756 
2379 2755 2754 2756 1601 
2380 1713 2758 2757 2360 
2381 2758 1026 2759 2757 
2382 2757 2759 1714 2573 
2383 2360 2757 2573 1712 
2384 1665 2354 2760 2761 
2385 2354 1708 2576 2760 
2386 2760 2576 1716 2762 
2387 2761 2760 2762 1717 
2388 1717 2762 2763 2764 
2389 2762 1716 2579 2763 
2390 2763 2579 1719 2765 
2391 2764 2763 2765 983 
2392 983 2765 2766 2767 
2393 2765 1719 2588 2766 
2394 2766 2588 1751 2768 
2395 2767 2766 2768 1752 
2396 1752 2768 2769 2770 
2397 2768 1751 2591 2769 
2398 2769 2591 1753 2771 
2399 2770 2769 2771 1045 
2400 163 1949 2772 2773 
2401 1949 312 2597 2772 
2402 2772 2597 1933 2774 
2403 2773 2772 2774 1934 
2404 813 2776 2775 2690 
2405 2776 1965 2777 2775 
2406 2775 2777 787 2104 
2407 2690 2775 2104 360 
2408 382 2779 2778 1978 
2409 2779 1973 2780 2778 
2410 2778 2780 408 2671 
2411 1978 2778 2671 244 
2412 2084 2783 2781 2782 
2413 2783 712 2481 2781 
2414 2781 2481 804 2604 
2415 2782 2781 2604 2085 
2416 828 2785 2784 2696 
2417 2785 2112 2786 2784 
2418 2784 2786 1425 2528 
2419 2696 2784 2528 363 
2420 734 2789 2787 2788 
2421 2789 997 2606 2787 
2422 2787 2606 2140 2612 
2423 2788 2787 2612 1288 
2424 1489 2791 2790 2270 
2425 2791 2147 2792 2790 
2426 2790 2792 1680 2749 
2427 2270 2790 2749 1004 
2428 2170 2624 2793 2794 
2429 2624 1032 2707 2793 
2430 2793 2707 1220 2795 
2431 2794 2793 2795 2174 
2432 2174 2795 2796 2797 
2433 2795 1220 2710 2796 
2434 2796 2710 1041 2798 
2435 2797 2796 2798 1235 
2436 1104 2705 2799 2800 
2437 2705 470 2513 2799 
2438 2799 2513 1255 2801 
2439 2800 2799 2801 2181 
2440 1328 2803 2802 2239 
2441 2803 2230 2804 2802 
2442 2802 2804 1371 2725 
2443 2239 2802 2725 853 
2444 1639 2321 2805 2806 
2445 2321 1478 2743 2805 
2446 2805 2743 1625 2807 
2447 2806 2805 2807 2296 
2448 2296 2807 2808 2809 
2449 2807 1625 2746 2808 
2450 2808 2746 1598 2810 
2451 2809 2808 2810 2298 
2452 2298 2810 2811 2812 
2453 2810 1598 2752 2811 
2454 2811 2752 1694 2813 
2455 2812 2811 2813 2299 
2456 2299 2813 2814 2815 
2457 2813 1694 2755 2814 
2458 2814 2755 1601 2816 
2459 2815 2814 2816 2301 
2460 1606 2818 2817 2329 
2461 2818 1686 2819 2817 
2462 2817 2819 2305 2638 
2463 2329 2817 2638 1669 
2464 2305 2821 2820 2639 
2465 2821 2306 2822 2820 
2466 2820 2822 1026 2758 
2467 2639 2820 2758 1713 
2468 1601 2756 2823 2824 
2469 2756 1695 2641 2823 
2470 2823 2641 2343 2825 
2471 2824 2823 2825 2344 
2472 2344 2825 2826 2827 
2473 2825 2343 2644 2826 
2474 2826 2644 2345 2828 
2475 2827 2826 2828 1691 
2476 2345 2645 2829 2830 
2477 2645 1665 2761 2829 
2478 2829 2761 1717 2831 
2479 2830 2829 2831 2346 
2480 2346 2831 2832 2833 
2481 2831 1717 2764 2832 
2482 2832 2764 983 2834 
2483 2833 2832 2834 2348 
2484 282 2415 2835 2836 
2485 2415 163 2773 2835 
2486 2835 2773 1934 2837 
2487 2836 2835 2837 2388 
2488 2348 2834 2838 2839 
2489 2834 983 2767 2838 
2490 2838 2767 1752 2840 
2491 2839 2838 2840 2504 
2492 2504 2840 2841 2842 
2493 2840 1752 2770 2841 
2494 2841 2770 1045 2843 
2495 2842 2841 2843 2207 
2496 2301 2816 2844 2845 
2497 2816 1601 2824 2844 
2498 2844 2824 2344 2846 
2499 2845 2844 2846 2560 
2500 2560 2846 2847 2848 
2501 2846 2344 2827 2847 
2502 2847 2827 1691 2849 
2503 2848 2847 2849 2562 
