2 0.000000 100.000000 335.864767
4385 3877 
1 -223.278239 0.000000 -226.932828 99.024073 -0.000736 13.917720 0.000053 
2 267.174727 0.000000 -226.932828 99.025659 -0.005565 13.900185 0.000070 
3 267.174727 0.000000 232.863166 99.033437 0.008761 13.887540 -0.000049 
4 -223.278239 0.000000 232.863166 99.030103 0.001095 13.917780 -0.000067 
5 21.948244 0.000000 2.965169 104.394011 0.389001 0.731576 -0.089880 
6 -223.278239 0.000000 2.965169 99.026815 0.000166 13.920720 -0.000010 
7 21.948244 0.000000 -226.932828 99.018267 -0.003104 13.907602 0.000196 
8 267.174727 0.000000 2.965169 99.155032 -0.045822 12.994193 -0.000057 
9 21.948244 0.000000 232.863166 99.038738 0.004218 13.905377 -0.000203 
10 -100.664997 0.000000 -111.983830 99.015446 -0.001402 13.918155 0.000223 
11 -223.278239 0.000000 -111.983830 99.024209 -0.000428 13.919294 0.000046 
12 -100.664997 0.000000 -226.932828 99.020799 -0.001535 13.915407 0.000124 
13 21.948244 0.000000 -111.983830 98.993427 -0.005022 13.877992 0.000770 
14 -100.664997 0.000000 2.965169 99.024013 0.000004 13.931116 0.000017 
15 144.561486 0.000000 -111.983830 99.021847 -0.010699 13.848470 0.000289 
16 144.561486 0.000000 -226.932828 99.021883 -0.004780 13.900656 0.000144 
17 267.174727 0.000000 -111.983830 99.030709 -0.011017 13.861694 0.000077 
18 144.561486 0.000000 2.965169 99.356343 -0.073458 11.514066 -0.000426 
19 -100.664997 0.000000 117.914168 99.039560 0.001885 13.919883 -0.000260 
20 -223.278239 0.000000 117.914168 99.029755 0.000779 13.919540 -0.000065 
21 21.948244 0.000000 117.914168 99.075112 0.006772 13.871116 -0.000829 
22 -100.664997 0.000000 232.863166 99.034318 0.002101 13.915289 -0.000143 
23 -39.358376 0.000000 -54.509330 98.976971 -0.002998 13.913728 0.000997 
24 -100.664997 0.000000 -54.509330 99.014717 -0.000952 13.924073 0.000221 
25 -39.358376 0.000000 -111.983830 99.002963 -0.002876 13.908016 0.000498 
26 21.948244 0.000000 -54.509330 98.886559 0.036384 13.762035 0.003205 
27 -39.358376 0.000000 2.965169 98.971293 0.030896 13.959483 0.000982 
28 144.561486 0.000000 117.914168 99.052295 0.017629 13.803781 -0.000190 
29 267.174727 0.000000 117.914168 99.050849 0.023554 13.757671 -0.000034 
30 144.561486 0.000000 232.863166 99.036277 0.006857 13.893909 -0.000122 
31 83.254865 0.000000 -54.509330 99.001877 -0.017577 13.646003 0.001241 
32 83.254865 0.000000 -111.983830 99.006407 -0.008230 13.850567 0.000589 
33 144.561486 0.000000 -54.509330 99.040819 -0.020505 13.693459 0.000340 
34 83.254865 0.000000 2.965169 99.434903 -0.077490 10.622324 -0.000014 
35 -39.358376 0.000000 60.439668 99.076009 0.001770 13.933949 -0.001021 
36 -100.664997 0.000000 60.439668 99.037177 0.001184 13.927242 -0.000233 
37 21.948244 0.000000 60.439668 99.249964 0.028611 13.752862 -0.003970 
38 -39.358376 0.000000 117.914168 99.056556 0.003596 13.910528 -0.000570 
39 -8.705066 0.000000 -25.772081 98.695232 0.072985 13.836242 0.006780 
40 -39.358376 0.000000 -25.772081 98.964307 0.023851 13.918936 0.001233 
41 -8.705066 0.000000 -54.509330 98.942217 0.000886 13.861973 0.001828 
42 21.948244 0.000000 -25.772081 98.797707 0.143512 13.380092 0.005997 
43 -8.705066 0.000000 2.965169 98.217225 -0.144191 14.626600 0.013942 
44 83.254865 0.000000 60.439668 99.120192 0.032431 13.518394 -0.000756 
45 144.561486 0.000000 60.439668 99.107629 0.047927 13.380937 -0.000137 
46 83.254865 0.000000 117.914168 99.063886 0.012587 13.827545 -0.000485 
47 52.601555 0.000000 -25.772081 98.900002 0.043560 13.008205 0.004957 
48 52.601555 0.000000 -54.509330 98.938861 -0.001141 13.657451 0.002458 
49 83.254865 0.000000 -25.772081 99.064267 -0.038862 13.093327 0.001483 
50 52.601555 0.000000 2.965169 99.225646 -0.019144 10.690569 0.003998 
51 -8.705066 0.000000 31.702419 99.219565 -0.182845 14.040011 -0.004168 
52 -39.358376 0.000000 31.702419 99.057655 -0.000518 13.970249 -0.000759 
53 21.948244 0.000000 31.702419 99.722125 -0.084180 13.359215 -0.012298 
54 -8.705066 0.000000 60.439668 99.145516 0.003898 13.900493 -0.002306 
55 6.621589 0.000000 -11.403456 98.046092 -0.080592 12.422942 0.023263 
56 -8.705066 0.000000 -11.403456 98.324352 -0.031793 13.665044 0.014559 
57 6.621589 0.000000 -25.772081 98.678956 0.051984 13.521111 0.007964 
58 21.948244 0.000000 -11.403456 99.245552 0.234992 12.186288 0.000176 
59 6.621589 0.000000 2.965169 96.022957 -0.080531 29.732978 -0.010446 
60 52.601555 0.000000 31.702419 99.313734 -0.023520 12.714970 -0.002489 
61 83.254865 0.000000 31.702419 99.249061 0.092975 12.427903 -0.000484 
62 52.601555 0.000000 60.439668 99.166152 0.020508 13.594409 -0.001873 
63 37.274899 0.000000 -11.403456 98.184432 0.039576 12.400317 0.020605 
64 37.274899 0.000000 -25.772081 98.752053 0.012590 13.141834 0.007532 
65 52.601555 0.000000 -11.403456 98.946548 -0.027913 11.707305 0.007252 
66 37.274899 0.000000 2.965169 91.247246 -0.243240 -6.561817 0.163082 
67 6.621589 0.000000 17.333794 100.269829 -0.003388 14.394686 -0.026125 
68 -8.705066 0.000000 17.333794 99.248523 0.022695 14.400492 -0.005764 
69 21.948244 0.000000 17.333794 100.800556 0.066733 12.248760 -0.031079 
70 6.621589 0.000000 31.702419 99.556721 -0.098975 13.870907 -0.010395 
71 14.284917 0.000000 -4.219143 92.313520 0.108312 -6.812084 0.143180 
72 6.621589 0.000000 -4.219143 97.850651 0.071923 5.931976 0.039006 
73 14.284917 0.000000 -11.403456 98.311471 0.173182 11.583338 0.020065 
74 21.948244 0.000000 -4.219143 107.210096 0.259107 21.011515 -0.193556 
75 14.284917 0.000000 2.965169 105.574230 0.324190 2.970397 -0.115485 
76 -161.971618 0.000000 -54.509330 99.022862 -0.000363 13.921856 0.000065 
77 -223.278239 0.000000 -54.509330 99.025175 -0.000160 13.920227 0.000024 
78 -161.971618 0.000000 -111.983830 99.021592 -0.000742 13.919570 0.000097 
79 -161.971618 0.000000 2.965169 99.026424 0.000166 13.923389 -0.000009 
80 -70.011687 0.000000 -25.772081 99.004746 -0.001183 13.933958 0.000391 
81 -100.664997 0.000000 -25.772081 99.017706 -0.000533 13.928367 0.000149 
82 -70.011687 0.000000 -54.509330 99.002650 -0.001700 13.924003 0.000460 
83 -70.011687 0.000000 2.965169 99.017881 -0.000539 13.943157 0.000105 
84 -24.031721 0.000000 -11.403456 98.820502 -0.093567 13.986216 0.003889 
85 -39.358376 0.000000 -11.403456 98.958600 0.077311 13.928264 0.001319 
86 -24.031721 0.000000 -25.772081 98.882604 0.033390 13.925239 0.002832 
87 -24.031721 0.000000 2.965169 98.883428 -0.080944 14.121643 0.002264 
88 -1.041739 0.000000 -4.219143 92.253744 -0.134772 9.104733 0.140633 
89 -8.705066 0.000000 -4.219143 97.840791 -0.152177 14.022030 0.023054 
90 -1.041739 0.000000 -11.403456 97.816179 -0.094129 12.940121 0.026454 
91 -1.041739 0.000000 2.965169 96.738130 0.173925 17.411520 0.033854 
92 37.274899 0.000000 17.333794 100.201698 0.033663 11.385593 -0.017001 
93 52.601555 0.000000 17.333794 99.446857 0.063149 10.575137 -0.000151 
94 37.274899 0.000000 31.702419 99.523642 -0.084015 12.931256 -0.007218 
95 14.284917 0.000000 10.149481 103.316316 -0.089142 13.140685 -0.084695 
96 6.621589 0.000000 10.149481 100.776549 -0.013356 15.701433 -0.040245 
97 21.948244 0.000000 10.149481 102.170933 0.347160 10.440314 -0.054802 
98 14.284917 0.000000 17.333794 100.701227 0.155816 13.348380 -0.031894 
99 10.453253 0.000000 -0.626987 1.707813 0.072039 1.212805 0.999561 
100 6.621589 0.000000 -0.626987 -0.367735 0.075744 1.308812 0.999815 
101 10.453253 0.000000 -4.219143 94.984026 0.069972 7.966697 0.091456 
102 14.284917 0.000000 -0.626987 6.002842 0.016379 -0.511190 0.996370 
103 10.453253 0.000000 2.965169 123.171043 0.067875 7.081021 -0.522125 
104 -39.358376 0.000000 -169.458329 99.013909 -0.002540 13.910233 0.000275 
105 -100.664997 0.000000 -169.458329 99.018404 -0.001546 13.915928 0.000170 
106 -39.358376 0.000000 -226.932828 99.018936 -0.002225 13.912197 0.000170 
107 21.948244 0.000000 -169.458329 99.011829 -0.003996 13.899989 0.000345 
108 -8.705066 0.000000 -83.246580 98.976466 -0.004229 13.885752 0.001085 
109 -39.358376 0.000000 -83.246580 98.992276 -0.003031 13.908768 0.000708 
110 -8.705066 0.000000 -111.983830 98.995637 -0.004091 13.895113 0.000679 
111 21.948244 0.000000 -83.246580 98.969353 -0.006217 13.847914 0.001330 
112 6.621589 0.000000 -40.140706 98.851573 0.279431 13.764949 0.003881 
113 -8.705066 0.000000 -40.140706 98.904325 0.077029 13.839707 0.002639 
114 6.621589 0.000000 -54.509330 98.898682 0.043994 13.824220 0.002794 
115 21.948244 0.000000 -40.140706 98.823703 0.205019 13.643144 0.004770 
116 14.284917 0.000000 -18.587768 98.376056 0.209070 13.032723 0.015226 
117 6.621589 0.000000 -18.587768 98.468413 0.182596 13.252863 0.012830 
118 14.284917 0.000000 -25.772081 98.753114 0.014324 13.412887 0.006792 
119 21.948244 0.000000 -18.587768 98.399107 0.239514 12.895858 0.015126 
120 10.453253 0.000000 -7.811300 97.851289 0.112417 10.733195 0.030991 
121 6.621589 0.000000 -7.811300 98.492253 0.100566 10.630085 0.018627 
122 10.453253 0.000000 -11.403456 98.304979 -0.011710 12.126080 0.018909 
123 14.284917 0.000000 -7.811300 97.751690 0.192951 9.163696 0.036060 
124 29.611572 0.000000 -4.219143 95.739136 0.084360 14.233486 0.063142 
125 29.611572 0.000000 -11.403456 98.570949 0.188086 12.976330 0.011535 
126 37.274899 0.000000 -4.219143 96.738068 -0.013876 13.836190 0.045031 
127 29.611572 0.000000 2.965169 97.393765 0.016799 -0.765808 0.051387 
128 18.116580 0.000000 -0.626987 14.789728 0.133459 -0.945388 0.978035 
129 18.116580 0.000000 -4.219143 106.460594 0.226505 -7.245631 -0.138641 
130 21.948244 0.000000 -0.626987 21.451631 -0.070302 2.637594 0.953287 
131 18.116580 0.000000 2.965169 103.183443 0.435999 0.508062 -0.064727 
132 12.369085 0.000000 -2.423065 3.529944 0.109485 3.005947 0.997849 
133 10.453253 0.000000 -2.423065 0.504928 -0.048649 2.166946 0.999505 
134 12.369085 0.000000 -4.219143 89.518718 0.204265 4.194386 0.196876 
135 14.284917 0.000000 -2.423065 89.428321 0.192578 -24.967726 0.137915 
136 12.369085 0.000000 -0.626987 3.760700 0.149943 0.979269 0.998488 
137 18.116580 0.000000 -7.811300 99.825857 0.236233 9.296276 -0.005168 
138 18.116580 0.000000 -11.403456 98.855010 0.116217 11.613811 0.009279 
139 21.948244 0.000000 -7.811300 100.573900 0.140941 12.033208 -0.025993 
140 12.369085 0.000000 -6.015222 95.420117 -0.104530 7.756671 0.083482 
141 10.453253 0.000000 -6.015222 96.598191 -0.109782 9.447683 0.057952 
142 12.369085 0.000000 -7.811300 97.520307 -0.037514 9.986645 0.039006 
143 14.284917 0.000000 -6.015222 96.171564 -0.017151 5.316209 0.072277 
144 16.200749 0.000000 -2.423065 9.614638 0.037730 -0.794409 0.990693 
145 16.200749 0.000000 -4.219143 100.551059 0.278078 -17.278697 -0.040915 
146 18.116580 0.000000 -2.423065 12.583293 -0.041418 0.080397 0.984165 
147 16.200749 0.000000 -0.626987 9.474536 0.170000 -1.503676 0.990794 
148 13.327001 0.000000 -3.321104 83.126523 0.251436 -23.640346 0.253105 
149 12.369085 0.000000 -3.321104 85.348758 0.244410 0.419949 0.271535 
150 13.327001 0.000000 -4.219143 89.075884 0.220583 -1.778942 0.206227 
151 14.284917 0.000000 -3.321104 91.180189 0.215543 -24.565359 0.108267 
152 13.327001 0.000000 -2.423065 8.315616 -0.073422 1.635397 0.992817 
153 16.200749 0.000000 -6.015222 98.310783 -0.058044 4.383497 0.031577 
154 16.200749 0.000000 -7.811300 98.425427 0.143438 8.937073 0.023254 
155 18.116580 0.000000 -6.015222 101.270312 0.257344 5.764589 -0.028897 
156 15.242833 0.000000 -3.321104 96.137603 0.259267 -22.357586 0.025763 
157 15.242833 0.000000 -4.219143 96.544096 0.263303 -22.117068 0.019000 
158 16.200749 0.000000 -3.321104 99.629980 0.276988 -18.609589 -0.027253 
159 15.242833 0.000000 -2.423065 8.117424 -0.059110 -0.713284 0.993360 
160 29.611572 0.000000 10.149481 100.157397 0.103784 9.026631 -0.011300 
161 37.274899 0.000000 10.149481 94.859018 0.000000 18.496149 0.065966 
162 29.611572 0.000000 17.333794 100.260603 0.189326 11.731447 -0.018985 
163 25.779908 0.000000 -0.626987 37.623027 0.029723 8.179860 0.851760 
164 25.779908 0.000000 -4.219143 103.043565 0.204964 23.853859 -0.118702 
165 29.611572 0.000000 -0.626987 95.887395 0.369365 8.377722 0.073528 
166 25.779908 0.000000 2.965169 103.622356 0.325461 -3.899225 -0.075290 
167 20.032412 0.000000 -2.423065 13.914696 0.030005 2.538498 0.979994 
168 20.032412 0.000000 -4.219143 109.739516 0.221939 9.296452 -0.212923 
169 21.948244 0.000000 -2.423065 15.868499 -0.038738 3.940752 0.973266 
170 20.032412 0.000000 -0.626987 17.694071 0.105418 0.891235 0.968611 
171 17.158664 0.000000 -3.321104 103.227360 0.260369 -13.314149 -0.083322 
172 17.158664 0.000000 -4.219143 104.051561 0.251151 -11.895566 -0.096829 
173 18.116580 0.000000 -3.321104 106.043341 0.240168 -8.357444 -0.131509 
174 17.158664 0.000000 -2.423065 11.324576 0.030860 -0.438663 0.987156 
175 83.254865 0.000000 -169.458329 99.015240 -0.005571 13.890413 0.000304 
176 83.254865 0.000000 -226.932828 99.019528 -0.004023 13.903236 0.000183 
177 144.561486 0.000000 -169.458329 99.020737 -0.006723 13.886515 0.000206 
178 52.601555 0.000000 -83.246580 98.980716 -0.008684 13.811701 0.001205 
179 52.601555 0.000000 -111.983830 98.997721 -0.006637 13.861172 0.000732 
180 83.254865 0.000000 -83.246580 99.001081 -0.011188 13.795018 0.000848 
181 37.274899 0.000000 -40.140706 98.872612 0.194665 13.551894 0.004051 
182 37.274899 0.000000 -54.509330 98.896608 -0.010541 13.697997 0.003183 
183 52.601555 0.000000 -40.140706 98.923101 -0.001003 13.478410 0.003255 
184 29.611572 0.000000 -18.587768 98.673620 0.178625 12.931394 0.009626 
185 29.611572 0.000000 -25.772081 98.786754 0.074323 13.295063 0.006441 
186 37.274899 0.000000 -18.587768 98.684705 -0.026909 12.846491 0.009630 
187 25.779908 0.000000 -7.811300 99.443922 -0.054957 13.840411 -0.008065 
188 25.779908 0.000000 -11.403456 99.153738 0.309303 12.662305 0.000811 
189 29.611572 0.000000 -7.811300 98.079244 -0.047160 13.437816 0.019988 
190 20.032412 0.000000 -6.015222 102.988395 0.335796 10.164721 -0.071004 
191 20.032412 0.000000 -7.811300 100.463903 0.042212 10.694010 -0.020736 
192 21.948244 0.000000 -6.015222 102.283318 -0.103542 13.184156 -0.063571 
193 19.074496 0.000000 -3.321104 108.908673 0.197782 -0.477982 -0.186137 
194 19.074496 0.000000 -4.219143 109.030097 0.201381 0.776165 -0.188821 
195 20.032412 0.000000 -3.321104 109.829601 0.222091 10.604294 -0.217504 
196 19.074496 0.000000 -2.423065 13.063286 -0.100515 1.216377 0.982786 
197 23.864076 0.000000 -2.423065 111.961798 0.124897 11.259951 -0.266225 
198 23.864076 0.000000 -4.219143 111.961798 0.124897 11.259951 -0.266225 
199 25.779908 0.000000 -2.423065 99.419567 0.377486 48.478620 -0.223457 
200 23.864076 0.000000 -0.626987 26.691487 -0.070668 4.123372 0.927056 
201 20.990328 0.000000 -3.321104 108.009732 0.257194 18.837871 -0.202103 
202 20.990328 0.000000 -4.219143 108.316703 0.254774 17.522289 -0.203960 
203 21.948244 0.000000 -3.321104 107.140126 0.258978 21.180603 -0.192769 
204 20.990328 0.000000 -2.423065 15.099353 0.038641 3.902076 0.975678 
205 23.864076 0.000000 -6.015222 102.062820 -0.218273 14.460896 -0.062598 
206 23.864076 0.000000 -7.811300 100.012877 0.152873 13.168649 -0.017601 
207 25.779908 0.000000 -6.015222 100.427189 -0.236197 16.265228 -0.035023 
208 22.906160 0.000000 -3.321104 107.427177 0.216185 20.021593 -0.194151 
209 22.906160 0.000000 -4.219143 107.491274 0.209097 19.751069 -0.194452 
210 23.864076 0.000000 -3.321104 110.383448 0.150633 14.118989 -0.238387 
211 22.906160 0.000000 -2.423065 17.701028 -0.100807 4.644599 0.966509 
212 22.906160 0.000000 -5.117183 103.660543 -0.142364 15.410921 -0.098302 
213 21.948244 0.000000 -5.117183 104.144676 0.076543 14.917439 -0.106865 
214 22.906160 0.000000 -6.015222 102.276198 -0.279356 13.878739 -0.065312 
215 23.864076 0.000000 -5.117183 103.851477 0.204471 15.436113 -0.102344 
216 22.427202 0.000000 -3.770124 107.267076 0.231526 20.577552 -0.192971 
217 21.948244 0.000000 -3.770124 107.335328 0.259453 20.626995 -0.194641 
218 22.427202 0.000000 -4.219143 106.999471 0.257116 21.576699 -0.191451 
219 22.906160 0.000000 -3.770124 107.381873 0.220394 20.177207 -0.193803 
220 22.427202 0.000000 -3.321104 107.291138 0.229218 20.493696 -0.193143 
221 205.868106 0.000000 -54.509330 99.045403 -0.019918 13.738730 0.000126 
222 205.868106 0.000000 -111.983830 99.028361 -0.011126 13.854744 0.000143 
223 267.174727 0.000000 -54.509330 99.044160 -0.018503 13.771401 0.000060 
224 205.868106 0.000000 2.965169 99.228249 -0.057090 12.462572 -0.000156 
225 113.908175 0.000000 -25.772081 99.091180 -0.037401 13.238995 0.000567 
226 113.908175 0.000000 -54.509330 99.030062 -0.019838 13.667520 0.000625 
227 144.561486 0.000000 -25.772081 99.091207 -0.034129 13.353813 0.000261 
228 113.908175 0.000000 2.965169 99.436064 -0.085357 10.881993 -0.000596 
229 67.928210 0.000000 -11.403456 99.152273 -0.036992 11.939061 0.002628 
230 67.928210 0.000000 -25.772081 99.002895 -0.030444 13.016664 0.002899 
231 83.254865 0.000000 -11.403456 99.197795 -0.031206 12.159344 0.001195 
232 67.928210 0.000000 2.965169 99.255426 -0.163353 11.419437 0.001793 
233 44.938227 0.000000 -4.219143 98.059252 -0.051213 9.536256 0.029344 
234 44.938227 0.000000 -11.403456 98.426286 -0.052366 11.727277 0.017473 
235 52.601555 0.000000 -4.219143 99.089614 -0.202874 10.442911 0.007215 
236 44.938227 0.000000 2.965169 107.620529 0.214734 14.121976 -0.178165 
237 33.443236 0.000000 -0.626987 69.172348 -0.081419 22.733694 0.469836 
238 33.443236 0.000000 -4.219143 97.893764 0.067367 13.919707 0.022305 
239 37.274899 0.000000 -0.626987 93.647181 0.380683 26.147786 0.054635 
240 33.443236 0.000000 2.965169 93.033712 -0.403003 -0.645382 0.134415 
241 27.695740 0.000000 -2.423065 89.965293 0.438446 19.566067 0.152322 
242 27.695740 0.000000 -4.219143 95.246451 0.093465 18.449429 0.058772 
243 29.611572 0.000000 -2.423065 94.647703 0.356386 10.960466 0.092155 
244 27.695740 0.000000 -0.626987 50.192771 -0.017784 12.682168 0.731985 
245 24.821992 0.000000 -3.321104 113.454843 0.233612 19.013522 -0.323357 
246 24.821992 0.000000 -4.219143 107.754052 0.216670 19.464589 -0.198985 
247 25.779908 0.000000 -3.321104 105.262050 0.343174 43.674787 -0.298770 
248 24.821992 0.000000 -2.423065 114.433467 0.296509 23.677436 -0.365573 
249 33.443236 0.000000 -7.811300 97.992533 0.263623 12.781477 0.023403 
250 33.443236 0.000000 -11.403456 98.172054 0.145406 12.619732 0.020297 
251 37.274899 0.000000 -7.811300 97.806560 -0.008043 12.358505 0.028114 
252 27.695740 0.000000 -6.015222 98.050544 -0.084239 15.486113 0.014626 
253 27.695740 0.000000 -7.811300 98.491552 0.117435 13.840757 0.010783 
254 29.611572 0.000000 -6.015222 97.297807 -0.002848 13.885110 0.034034 
255 26.737824 0.000000 -3.321104 88.480348 0.454529 21.606154 0.170420 
256 26.737824 0.000000 -4.219143 97.018465 0.214062 22.016038 0.010267 
257 27.695740 0.000000 -3.321104 90.359321 0.441842 19.078112 0.147102 
258 26.737824 0.000000 -2.423065 88.614070 0.460199 21.550006 0.168293 
259 25.779908 0.000000 6.557325 101.254655 0.348329 6.252859 -0.029172 
260 21.948244 0.000000 6.557325 102.305021 0.221930 7.547864 -0.052334 
261 29.611572 0.000000 6.557325 99.123529 0.417144 6.484195 0.013231 
262 25.779908 0.000000 10.149481 100.980187 0.274510 9.499984 -0.028732 
263 27.695740 0.000000 1.169091 52.124119 0.168749 2.163790 0.727837 
264 25.779908 0.000000 1.169091 40.078783 0.168729 1.056690 0.839255 
265 29.611572 0.000000 1.169091 61.768257 0.167681 2.904995 0.617622 
266 27.695740 0.000000 2.965169 96.448242 0.088951 -6.610181 0.065403 
267 26.737824 0.000000 -1.525026 88.463704 0.453823 21.613143 0.170684 
268 25.779908 0.000000 -1.525026 34.190248 0.016887 11.718359 0.869371 
269 27.695740 0.000000 -1.525026 90.660834 0.408599 18.458117 0.143974 
270 26.737824 0.000000 -0.626987 44.341800 0.049576 9.918272 0.793543 
271 26.258866 0.000000 -2.872085 90.526310 0.405353 45.987873 -0.031006 
272 25.779908 0.000000 -2.872085 102.362008 0.361644 48.350983 -0.281593 
273 26.258866 0.000000 -3.321104 98.914491 0.381604 47.202823 -0.201233 
274 26.737824 0.000000 -2.872085 88.522591 0.456320 21.588417 0.169748 
275 26.258866 0.000000 -2.423065 89.021034 0.412810 44.433726 0.010073 
276 -161.971618 0.000000 60.439668 99.030500 0.000723 13.922536 -0.000088 
277 -223.278239 0.000000 60.439668 99.028567 0.000498 13.920426 -0.000044 
278 -161.971618 0.000000 117.914168 99.032545 0.001151 13.920223 -0.000122 
279 -70.011687 0.000000 31.702419 99.036945 0.000417 13.941744 -0.000269 
280 -100.664997 0.000000 31.702419 99.031581 0.000619 13.930597 -0.000132 
281 -70.011687 0.000000 60.439668 99.048066 0.001554 13.931567 -0.000461 
282 -24.031721 0.000000 17.333794 99.016078 -0.101684 14.089531 -0.000271 
283 -39.358376 0.000000 17.333794 99.018924 0.029405 13.986982 -0.000038 
284 -24.031721 0.000000 31.702419 99.074512 -0.011231 13.997687 -0.001169 
285 -1.041739 0.000000 10.149481 99.084548 -0.062724 15.541787 -0.005930 
286 -8.705066 0.000000 10.149481 98.792292 -0.007726 14.406728 0.003253 
287 -1.041739 0.000000 17.333794 99.405344 -0.056243 14.458247 -0.009047 
288 2.789925 0.000000 -0.626987 93.356610 -0.067009 27.954313 0.050310 
289 -1.041739 0.000000 -0.626987 88.320760 0.023305 20.870521 0.176386 
290 2.789925 0.000000 -4.219143 99.123064 -0.185298 5.258758 0.014693 
291 2.789925 0.000000 2.965169 96.025224 0.009585 20.074067 0.037619 
292 -16.368394 0.000000 -4.219143 98.607928 0.037516 14.110571 0.007737 
293 -24.031721 0.000000 -4.219143 98.825538 -0.064372 14.071006 0.003552 
294 -16.368394 0.000000 -11.403456 98.635389 -0.029554 14.008895 0.007481 
295 -16.368394 0.000000 2.965169 98.727192 -0.038402 14.282536 0.004895 
296 -4.873402 0.000000 -0.626987 96.119235 -0.360893 15.024867 0.053522 
297 -8.705066 0.000000 -0.626987 97.885705 -0.213602 14.314157 0.021345 
298 -4.873402 0.000000 -4.219143 96.421004 -0.189300 13.415460 0.052298 
299 -4.873402 0.000000 2.965169 97.439212 -0.283604 15.532696 0.026425 
300 -1.041739 0.000000 -18.587768 98.428659 0.150236 13.523119 0.012890 
301 -8.705066 0.000000 -18.587768 98.593472 0.117830 13.763048 0.008989 
302 -1.041739 0.000000 -25.772081 98.705409 0.192978 13.642226 0.007109 
303 2.789925 0.000000 -7.811300 97.882370 0.140741 11.046377 0.029700 
304 -1.041739 0.000000 -7.811300 96.967362 -0.249567 12.190023 0.044867 
305 2.789925 0.000000 -11.403456 97.662288 -0.140320 12.763341 0.029915 
306 0.874093 0.000000 -2.423065 94.177311 -0.045725 -27.716360 0.036244 
307 -1.041739 0.000000 -2.423065 80.082970 0.272796 9.853319 0.348956 
308 0.874093 0.000000 -4.219143 95.607733 0.009396 2.912957 0.085068 
309 2.789925 0.000000 -2.423065 3.396996 0.046283 1.779831 0.998529 
310 0.874093 0.000000 -0.626987 94.412957 -0.095984 35.175119 -0.015110 
311 -4.873402 0.000000 -7.811300 97.437370 -0.094825 13.306733 0.032888 
312 -8.705066 0.000000 -7.811300 98.020122 -0.106831 13.840218 0.020049 
313 -4.873402 0.000000 -11.403456 98.053746 -0.055150 13.412900 0.020555 
314 -2.957570 0.000000 -2.423065 93.189492 -0.185099 14.192926 0.111425 
315 -4.873402 0.000000 -2.423065 95.997775 -0.182359 14.118590 0.058506 
316 -2.957570 0.000000 -4.219143 94.579453 -0.228625 12.849367 0.088957 
317 -2.957570 0.000000 -0.626987 93.899934 -0.154059 16.088403 0.092394 
318 2.789925 0.000000 6.557325 99.158029 -0.000749 17.266270 -0.013044 
319 -1.041739 0.000000 6.557325 98.363529 -0.134227 16.044528 0.006717 
320 6.621589 0.000000 6.557325 101.370869 -0.125984 18.549558 -0.062016 
321 2.789925 0.000000 10.149481 99.426897 0.025333 15.491676 -0.012570 
322 0.874093 0.000000 1.169091 94.767394 -0.023360 21.218761 0.056890 
323 -1.041739 0.000000 1.169091 94.521637 0.125125 18.550740 0.072151 
324 2.789925 0.000000 1.169091 94.191554 -0.092941 22.573872 0.061836 
325 0.874093 0.000000 2.965169 96.378964 0.069391 18.580896 0.036584 
326 -0.083823 0.000000 -1.525026 58.012143 -0.095972 55.598025 0.354344 
327 -1.041739 0.000000 -1.525026 80.395342 0.388656 19.086601 0.317214 
328 -0.083823 0.000000 -2.423065 50.095838 0.179930 -40.693924 0.583438 
329 0.874093 0.000000 -1.525026 93.789965 -0.096032 36.948358 -0.016175 
330 -0.083823 0.000000 -0.626987 88.068290 0.102192 28.567486 0.142786 
331 -16.368394 0.000000 10.149481 98.941292 -0.168897 14.301457 0.000606 
332 -24.031721 0.000000 10.149481 98.945421 -0.108401 14.094512 0.001114 
333 -16.368394 0.000000 17.333794 99.083665 -0.122223 14.217508 -0.001973 
334 -4.873402 0.000000 6.557325 98.402529 -0.086610 15.375478 0.008053 
335 -8.705066 0.000000 6.557325 98.536394 -0.138136 14.553488 0.007876 
336 -4.873402 0.000000 10.149481 98.883993 -0.025804 14.987764 -0.000268 
337 -2.957570 0.000000 1.169091 95.611231 -0.142924 16.639044 0.058161 
338 -4.873402 0.000000 1.169091 96.813330 -0.299915 15.578886 0.038439 
339 -2.957570 0.000000 2.965169 96.949265 -0.325889 16.515624 0.032797 
340 -1.999654 0.000000 -1.525026 89.981650 -0.077140 15.608429 0.165967 
341 -2.957570 0.000000 -1.525026 93.238580 -0.171601 15.259245 0.107369 
342 -1.999654 0.000000 -2.423065 89.900329 -0.036426 13.300251 0.174103 
343 -1.999654 0.000000 -0.626987 91.813555 0.003135 16.986891 0.128172 
344 0.874093 0.000000 -6.015222 96.549595 0.060539 9.394246 0.058992 
345 -1.041739 0.000000 -6.015222 95.555522 -0.395856 11.267727 0.074202 
346 0.874093 0.000000 -7.811300 97.247118 0.026644 11.552469 0.040954 
347 2.789925 0.000000 -6.015222 97.693159 -0.008019 9.117007 0.037293 
348 -0.083823 0.000000 -3.321104 86.734918 -0.001956 -2.682154 0.246986 
349 -1.041739 0.000000 -3.321104 88.022350 -0.081320 7.538368 0.219523 
350 -0.083823 0.000000 -4.219143 92.966070 0.010598 5.103823 0.133126 
351 0.874093 0.000000 -3.321104 100.849963 -0.226035 -17.203467 -0.046673 
352 -0.562781 0.000000 -1.974046 8.807297 0.111978 4.503664 0.990214 
353 -1.041739 0.000000 -1.974046 77.964630 0.402621 14.529888 0.371024 
354 -0.562781 0.000000 -2.423065 66.467521 0.074999 0.965795 0.558113 
355 -0.083823 0.000000 -1.974046 16.809863 0.077354 13.831121 0.952612 
356 -0.562781 0.000000 -1.525026 13.753489 0.021033 44.896524 0.779514 
357 4.705757 0.000000 -2.423065 97.709733 0.113912 3.461798 0.044081 
358 4.705757 0.000000 -4.219143 97.882775 -0.073172 6.187997 0.038067 
359 6.621589 0.000000 -2.423065 -0.967018 0.056838 1.149569 0.999774 
360 4.705757 0.000000 -0.626987 2.533310 -0.017455 1.658677 0.999083 
361 1.832009 0.000000 -1.525026 3.823742 0.035364 1.369415 0.998350 
362 1.832009 0.000000 -2.423065 103.139753 -0.026716 -9.158232 -0.072168 
363 2.789925 0.000000 -1.525026 3.730649 0.038776 1.509882 0.998380 
364 1.832009 0.000000 -0.626987 94.755024 -0.166029 29.628040 0.014364 
365 0.395135 0.000000 -1.974046 6.889688 0.178117 0.283235 0.995242 
366 0.395135 0.000000 -2.423065 81.139697 0.069432 -36.068216 0.211543 
367 0.874093 0.000000 -1.974046 4.549509 -0.501451 0.991043 0.997807 
368 0.395135 0.000000 -1.525026 87.338937 -0.082765 48.607874 0.000918 
369 -0.083823 0.000000 0.271052 92.462025 0.049862 22.486492 0.094513 
370 -1.041739 0.000000 0.271052 92.471474 0.128992 19.588026 0.106532 
371 0.874093 0.000000 0.271052 93.830871 -0.030810 24.322344 0.060419 
372 -0.083823 0.000000 1.169091 94.422377 0.045039 19.975950 0.068537 
373 -0.562781 0.000000 -1.076007 81.070976 0.452821 27.542541 0.266870 
374 -1.041739 0.000000 -1.076007 84.820130 0.274686 20.892486 0.236897 
375 -0.083823 0.000000 -1.076007 88.907555 -0.090536 46.802929 -0.009508 
376 -0.562781 0.000000 -0.626987 87.149159 0.249238 24.569026 0.180132 
377 -0.323302 0.000000 -1.749536 18.711437 0.019060 41.409606 0.793513 
378 -0.562781 0.000000 -1.749536 16.000239 0.007704 43.613175 0.784188 
379 -0.323302 0.000000 -1.974046 13.289436 0.084449 13.912669 0.962982 
380 -0.083823 0.000000 -1.749536 35.320762 -0.026219 47.122117 0.653195 
381 -0.323302 0.000000 -1.525026 39.975374 -0.050073 51.419325 0.575802 
382 1.832009 0.000000 -3.321104 103.166505 -0.028819 -9.149471 -0.072704 
383 1.832009 0.000000 -4.219143 98.265186 -0.023523 3.505218 0.033167 
384 2.789925 0.000000 -3.321104 102.782816 -0.087822 -0.724705 -0.056484 
385 0.395135 0.000000 -2.872085 86.155007 0.022284 -33.465347 0.145738 
386 -0.083823 0.000000 -2.872085 79.828703 0.109107 -38.606787 0.213688 
387 0.395135 0.000000 -3.321104 90.545407 -0.092032 -7.140040 0.175054 
388 0.874093 0.000000 -2.872085 96.746217 -0.111725 -23.572417 0.008450 
389 0.395135 0.000000 -1.076007 91.419763 -0.105157 42.082658 -0.012853 
390 0.874093 0.000000 -1.076007 94.180807 -0.102176 36.144756 -0.017648 
391 0.395135 0.000000 -0.626987 93.705161 -0.114213 37.601442 -0.019454 
392 1.353051 0.000000 -2.872085 101.562090 -0.147734 -14.592609 -0.052782 
393 1.353051 0.000000 -3.321104 101.350660 -0.169867 -15.417475 -0.050968 
394 1.832009 0.000000 -2.872085 103.193564 -0.050675 -8.028233 -0.071337 
395 1.353051 0.000000 -2.423065 100.849963 -0.226035 -17.203467 -0.046673 
396 4.705757 0.000000 1.169091 88.352883 -0.000549 27.640913 0.142975 
397 6.621589 0.000000 1.169091 79.838226 -0.080747 49.237785 0.120149 
398 4.705757 0.000000 2.965169 95.456203 0.081399 23.410756 0.034004 
399 1.832009 0.000000 0.271052 94.700266 0.004763 24.456965 0.043372 
400 2.789925 0.000000 0.271052 92.236605 -0.111929 27.796701 0.071974 
401 1.832009 0.000000 1.169091 94.874318 -0.093579 21.900559 0.051922 
402 1.353051 0.000000 -1.076007 95.159466 -0.089910 33.329293 -0.016617 
403 1.353051 0.000000 -1.525026 4.128415 -0.067798 1.322131 0.998120 
404 1.832009 0.000000 -1.076007 94.912149 -0.116421 29.761261 0.010594 
405 1.353051 0.000000 -0.626987 95.019244 -0.102039 31.901703 -0.004639 
406 4.705757 0.000000 -6.015222 97.996110 -0.050338 9.005581 0.031566 
407 4.705757 0.000000 -7.811300 98.134270 0.051923 10.801181 0.025300 
408 6.621589 0.000000 -6.015222 97.920367 0.041260 9.052873 0.032965 
409 3.747841 0.000000 -3.321104 100.502154 -0.144056 3.224836 -0.011110 
410 3.747841 0.000000 -4.219143 98.711165 -0.122845 6.207713 0.021756 
411 4.705757 0.000000 -3.321104 98.449520 -0.031816 3.632402 0.029450 
412 3.747841 0.000000 -2.423065 100.970761 -0.119943 2.885044 -0.020343 
413 2.310967 0.000000 -2.872085 103.300448 -0.107098 -4.808106 -0.069411 
414 2.310967 0.000000 -3.321104 103.368647 -0.132932 -3.294057 -0.069595 
415 2.789925 0.000000 -2.872085 102.884940 -0.094612 -1.153831 -0.058665 
416 2.310967 0.000000 -2.423065 103.330858 -0.138067 -3.352766 -0.068853 
417 3.747841 0.000000 0.271052 89.660892 -0.151639 28.540018 0.114637 
418 3.747841 0.000000 -0.626987 90.041603 -0.175157 28.444113 0.108341 
419 4.705757 0.000000 0.271052 85.225335 -0.047206 31.284942 0.175789 
420 3.747841 0.000000 1.169091 92.202281 0.049015 24.055268 0.092008 
421 2.310967 0.000000 -0.177968 94.309087 -0.051815 28.240191 0.030829 
422 1.832009 0.000000 -0.177968 94.911685 -0.116568 29.760858 0.010605 
423 2.310967 0.000000 -0.626987 94.419837 -0.091695 28.761709 0.025765 
424 2.789925 0.000000 -0.177968 93.133518 -0.081616 27.935724 0.054574 
425 2.310967 0.000000 0.271052 94.190490 -0.061123 24.320469 0.053666 
426 8.537421 0.000000 -2.423065 -0.284184 -0.141194 1.530583 0.999756 
427 8.537421 0.000000 -4.219143 97.813561 -0.066045 6.406962 0.039145 
428 8.537421 0.000000 -0.626987 -0.266274 -0.319737 1.564439 0.999738 
429 5.663673 0.000000 -3.321104 96.358838 0.009781 0.956778 0.071406 
430 5.663673 0.000000 -4.219143 97.620909 0.046005 5.633309 0.043842 
431 6.621589 0.000000 -3.321104 97.080213 0.040528 -2.443132 0.056946 
432 5.663673 0.000000 -2.423065 1.578086 0.005809 -1.319635 0.999577 
433 3.747841 0.000000 -1.525026 3.456979 -0.156659 1.454847 0.998591 
434 4.705757 0.000000 -1.525026 2.755840 0.023993 0.947105 0.999151 
435 4.226799 0.000000 -2.872085 99.496487 -0.158218 3.664402 0.008700 
436 3.747841 0.000000 -2.872085 100.536074 -0.142325 3.197216 -0.011774 
437 4.226799 0.000000 -3.321104 99.384039 -0.207855 3.963705 0.010706 
438 4.705757 0.000000 -2.872085 98.249361 0.008898 3.652790 0.033372 
439 4.226799 0.000000 -2.423065 99.331070 -0.205469 3.835698 0.011858 
440 10.453253 0.000000 6.557325 104.382062 -0.236965 15.799378 -0.114529 
441 14.284917 0.000000 6.557325 103.591800 -0.178986 11.035198 -0.085307 
442 10.453253 0.000000 10.149481 102.026751 0.048529 14.824769 -0.062923 
443 8.537421 0.000000 1.169091 -0.227601 -0.413751 1.673584 0.999698 
444 10.453253 0.000000 1.169091 1.422276 0.190856 0.496029 0.999769 
445 8.537421 0.000000 2.965169 104.639323 -0.277875 49.834142 -0.343291 
446 5.663673 0.000000 0.271052 79.931865 -0.150373 37.801540 0.218192 
447 5.663673 0.000000 -0.626987 0.728412 -0.056472 1.988462 0.999551 
448 6.621589 0.000000 0.271052 -0.980781 0.073632 1.333624 0.999725 
449 5.663673 0.000000 1.169091 83.790837 -0.117587 36.594870 0.163990 
450 4.226799 0.000000 -0.177968 88.538822 -0.137483 29.078871 0.131528 
451 3.747841 0.000000 -0.177968 90.421864 -0.152983 28.227489 0.102707 
452 4.226799 0.000000 -0.626987 3.024684 -0.153375 1.651336 0.998810 
453 4.705757 0.000000 -0.177968 86.313251 -0.077599 30.399096 0.162591 
454 4.226799 0.000000 0.271052 87.855267 -0.137625 29.442908 0.141455 
455 4.705757 0.000000 4.761247 98.296614 -0.068384 20.174631 -0.006924 
456 2.789925 0.000000 4.761247 97.849688 0.170493 18.465167 0.008445 
457 6.621589 0.000000 4.761247 100.297865 -0.191833 22.126468 -0.054928 
458 4.705757 0.000000 6.557325 100.052998 -0.055814 17.857120 -0.032948 
459 5.663673 0.000000 2.067130 91.153379 -0.193242 30.099006 0.078507 
460 4.705757 0.000000 2.067130 92.686653 -0.019161 25.583343 0.075468 
461 6.621589 0.000000 2.067130 90.581212 -0.000218 37.127128 0.041662 
462 5.663673 0.000000 2.965169 95.361088 -0.066025 26.218034 0.021887 
463 5.184715 0.000000 0.720071 81.538781 -0.080728 35.506105 0.209074 
464 4.705757 0.000000 0.720071 83.367889 -0.001453 32.893273 0.196783 
465 5.184715 0.000000 0.271052 82.392103 -0.031738 34.289872 0.203575 
466 5.663673 0.000000 0.720071 78.893213 -0.095781 40.293158 0.215231 
467 5.184715 0.000000 1.169091 85.466001 0.130980 31.066778 0.173040 
468 8.537421 0.000000 -6.015222 97.414064 0.078858 9.468805 0.042084 
469 8.537421 0.000000 -7.811300 98.267342 0.101404 10.902958 0.022464 
470 7.579505 0.000000 -3.321104 98.102063 -0.091440 -3.624365 0.036284 
471 7.579505 0.000000 -4.219143 98.010013 -0.060348 5.971136 0.035838 
472 8.537421 0.000000 -3.321104 99.051810 -0.113151 -2.415323 0.018289 
473 7.579505 0.000000 -2.423065 -0.693382 -0.051217 1.335824 0.999773 
474 5.663673 0.000000 -1.525026 1.051609 -0.084999 0.815770 0.999822 
475 6.621589 0.000000 -1.525026 -0.366232 0.095075 1.268482 0.999825 
476 6.142631 0.000000 -2.872085 96.342863 0.042106 -1.020323 0.071701 
477 5.663673 0.000000 -2.872085 96.339552 0.016903 0.896418 0.071789 
478 6.142631 0.000000 -3.321104 96.190751 0.040125 -1.036878 0.074626 
479 6.621589 0.000000 -2.872085 97.091246 0.041446 -2.450926 0.056728 
480 6.142631 0.000000 -2.423065 -0.752147 0.034208 -0.052213 0.999943 
481 5.184715 0.000000 -2.872085 97.273920 0.068812 2.774551 0.053008 
482 5.184715 0.000000 -3.321104 97.150075 0.063159 2.544567 0.055538 
483 5.184715 0.000000 -2.423065 2.783701 0.097967 0.075329 0.999224 
484 5.663673 0.000000 -5.117183 98.036958 -0.046452 7.821289 0.032758 
485 4.705757 0.000000 -5.117183 98.150326 -0.142584 7.620088 0.030843 
486 5.663673 0.000000 -6.015222 98.096691 0.019732 9.077669 0.029463 
487 6.621589 0.000000 -5.117183 97.999069 -0.043122 8.011910 0.033199 
488 6.142631 0.000000 -3.770124 97.639000 0.011761 3.817393 0.045205 
489 5.663673 0.000000 -3.770124 97.120989 0.028366 3.726474 0.055363 
490 6.142631 0.000000 -4.219143 97.778424 -0.047999 5.534620 0.040875 
491 6.621589 0.000000 -3.770124 97.816251 0.021019 4.091806 0.041524 
492 5.903152 0.000000 -3.096595 96.120748 0.015276 -0.128880 0.076078 
493 5.663673 0.000000 -3.096595 96.342341 0.017155 0.904244 0.071734 
494 5.903152 0.000000 -3.321104 96.118775 0.018611 -0.290400 0.076110 
495 6.142631 0.000000 -3.096595 96.366875 0.048209 -1.314600 0.071169 
496 5.903152 0.000000 -2.872085 96.098467 0.014328 -0.162686 0.076506 
497 7.579505 0.000000 0.271052 -0.619442 -0.097981 1.491349 0.999738 
498 7.579505 0.000000 -0.626987 -0.492970 -0.047238 1.347293 0.999794 
499 8.537421 0.000000 0.271052 -0.260839 -0.320237 1.577912 0.999734 
500 7.579505 0.000000 1.169091 -0.534019 -0.047862 1.528381 0.999738 
501 6.142631 0.000000 0.720071 78.080017 -0.055876 44.146127 0.195463 
502 6.142631 0.000000 0.271052 -1.254303 0.109489 1.971035 0.999453 
503 6.621589 0.000000 0.720071 78.721956 -0.040120 47.542567 0.154256 
504 6.142631 0.000000 1.169091 78.128263 -0.035800 46.047762 0.177558 
505 8.537421 0.000000 4.761247 104.664445 -0.190725 21.751687 -0.142782 
506 10.453253 0.000000 4.761247 107.709607 -0.231211 14.858383 -0.182218 
507 8.537421 0.000000 6.557325 103.377108 -0.071634 17.975453 -0.100995 
508 7.579505 0.000000 2.067130 89.208301 -0.354402 53.595450 -0.083072 
509 8.537421 0.000000 2.067130 98.996032 -0.346806 52.052781 -0.250983 
510 7.579505 0.000000 2.965169 99.099283 -0.003615 34.473083 -0.100906 
511 6.142631 0.000000 1.618110 87.096080 0.029765 36.854579 0.105601 
512 5.663673 0.000000 1.618110 87.923186 -0.230009 32.717876 0.119900 
513 6.621589 0.000000 1.618110 81.640154 -0.158615 51.105727 0.072306 
514 6.142631 0.000000 2.067130 90.690070 -0.039946 33.185084 0.067406 
515 5.903152 0.000000 0.944581 78.022077 -0.068852 42.714248 0.208804 
516 5.663673 0.000000 0.944581 78.350491 -0.087386 41.518665 0.213739 
517 5.903152 0.000000 0.720071 78.095506 -0.078840 41.992922 0.213768 
518 6.142631 0.000000 0.944581 77.966324 -0.038404 45.452737 0.185530 
519 5.903152 0.000000 1.169091 77.700504 -0.043832 44.418960 0.198959 
520 7.579505 0.000000 -1.525026 -0.421888 -0.061342 1.247575 0.999826 
521 8.537421 0.000000 -1.525026 -0.460726 -0.239638 1.885991 0.999617 
522 7.100547 0.000000 -2.872085 97.588019 -0.026335 -3.276073 0.046585 
523 7.100547 0.000000 -3.321104 97.596656 -0.027665 -3.336976 0.046376 
524 7.579505 0.000000 -2.872085 98.045445 -0.085483 -3.615841 0.037401 
525 7.100547 0.000000 -2.423065 -1.062000 -0.023075 1.399201 0.999691 
526 7.100547 0.000000 1.618110 83.838674 -0.218245 52.525996 0.021205 
527 7.100547 0.000000 1.169091 81.766002 -0.162455 51.202887 0.069256 
528 7.579505 0.000000 1.618110 86.808720 -0.306996 53.414491 -0.038896 
529 7.100547 0.000000 2.067130 85.720937 -0.277071 53.247530 -0.018346 
530 7.100547 0.000000 0.720071 -0.699148 0.070674 1.094002 0.999831 
531 7.100547 0.000000 0.271052 -0.650675 0.020322 1.321686 0.999783 
532 7.579505 0.000000 0.720071 -0.621636 -0.056801 1.667609 0.999683 
533 6.861068 0.000000 1.393601 81.529834 -0.163561 51.119787 0.073963 
534 6.621589 0.000000 1.393601 80.577727 -0.112716 49.954620 0.101175 
535 6.861068 0.000000 1.169091 81.201543 -0.138415 50.685719 0.083725 
536 7.100547 0.000000 1.393601 82.966338 -0.195496 51.922202 0.042063 
537 6.861068 0.000000 1.618110 82.196988 -0.174104 51.517701 0.058955 
538 7.579505 0.000000 -5.117183 97.795941 0.091460 8.313273 0.036683 
539 7.579505 0.000000 -6.015222 97.593432 0.031511 9.480777 0.038564 
540 8.537421 0.000000 -5.117183 97.381999 0.108615 8.436432 0.044556 
541 7.100547 0.000000 -3.770124 97.893639 0.061009 4.034017 0.040056 
542 7.100547 0.000000 -4.219143 97.876582 0.017575 6.014294 0.038400 
543 7.579505 0.000000 -3.770124 97.975842 0.003740 4.017706 0.038459 
544 9.495337 0.000000 -3.321104 98.953344 0.017425 0.536748 0.020795 
545 9.495337 0.000000 -4.219143 97.083816 -0.090904 7.224065 0.052254 
546 10.453253 0.000000 -3.321104 97.208777 0.091872 4.773220 0.052766 
547 9.495337 0.000000 -2.423065 -0.267654 -0.235311 1.881102 0.999633 
548 8.058463 0.000000 -2.872085 98.624356 -0.107126 -3.318844 0.026221 
549 8.058463 0.000000 -3.321104 98.494669 -0.101731 -3.481980 0.028667 
550 8.537421 0.000000 -2.872085 98.956637 -0.112661 -2.684362 0.020037 
551 8.058463 0.000000 -2.423065 -0.416471 -0.088385 1.335308 0.999804 
552 7.340026 0.000000 -3.096595 97.809560 -0.057080 -3.528397 0.042084 
553 7.100547 0.000000 -3.096595 97.590591 -0.026693 -3.280831 0.046531 
554 7.340026 0.000000 -3.321104 97.765824 -0.050819 -3.493320 0.042964 
555 7.579505 0.000000 -3.096595 98.054291 -0.088425 -3.625448 0.037220 
556 7.340026 0.000000 -2.872085 97.811911 -0.057720 -3.524400 0.042041 
557 8.058463 0.000000 -3.770124 98.030529 -0.103799 4.287074 0.037163 
558 8.058463 0.000000 -4.219143 97.916109 0.094926 6.157996 0.037451 
559 8.537421 0.000000 -3.770124 97.938299 -0.017608 4.793016 0.038512 
560 9.495337 0.000000 -1.525026 0.157508 -0.108109 1.928239 0.999625 
561 10.453253 0.000000 -1.525026 1.006634 0.065046 2.042585 0.999481 
562 9.495337 0.000000 -0.626987 0.258979 -0.112443 1.588317 0.999740 
563 9.016379 0.000000 -2.872085 99.099185 -0.024540 -1.070395 0.017821 
564 9.016379 0.000000 -3.321104 99.119844 -0.034958 -1.419631 0.017324 
565 9.495337 0.000000 -2.872085 98.953999 0.017888 0.543085 0.020781 
566 9.016379 0.000000 -2.423065 -0.294498 -0.156676 1.655558 0.999715 
567 8.297942 0.000000 -3.096595 98.840657 -0.113482 -3.100280 0.022090 
568 8.058463 0.000000 -3.096595 98.614184 -0.106179 -3.340665 0.026407 
569 8.297942 0.000000 -3.321104 98.829734 -0.114867 -3.076117 0.022321 
570 8.537421 0.000000 -3.096595 98.978134 -0.117515 -2.648151 0.019630 
571 8.297942 0.000000 -2.872085 98.829423 -0.114580 -3.082096 0.022323 
572 12.369085 0.000000 1.169091 3.791559 0.012288 -0.734129 0.998508 
573 14.284917 0.000000 1.169091 5.907347 -0.136046 -1.235588 0.996356 
574 12.369085 0.000000 2.965169 105.780170 0.202545 -0.427147 -0.118967 
575 9.495337 0.000000 2.067130 -0.274671 -0.030549 1.177072 0.999854 
576 9.495337 0.000000 1.169091 0.137544 -0.098079 1.210524 0.999851 
577 10.453253 0.000000 2.067130 0.586550 0.015703 0.050150 0.999965 
578 9.495337 0.000000 2.965169 117.583367 -0.012167 37.879241 -0.526069 
579 7.579505 0.000000 3.863208 101.259743 -0.123667 26.574987 -0.095978 
580 6.621589 0.000000 3.863208 98.819915 -0.162094 25.206806 -0.040079 
581 8.537421 0.000000 3.863208 105.655820 -0.348774 26.889808 -0.188634 
582 7.579505 0.000000 4.761247 102.144076 -0.248666 22.489441 -0.093925 
583 8.058463 0.000000 2.516149 96.206321 -0.387676 53.016374 -0.206654 
584 7.579505 0.000000 2.516149 96.669080 -0.035113 40.266098 -0.096627 
585 8.058463 0.000000 2.067130 93.587743 -0.388518 53.380160 -0.160826 
586 8.537421 0.000000 2.516149 102.303898 -0.297531 50.938843 -0.306094 
587 8.058463 0.000000 2.965169 101.896812 -0.144142 36.560316 -0.171964 
588 18.116580 0.000000 6.557325 102.620589 0.166842 8.537339 -0.060390 
589 18.116580 0.000000 10.149481 102.326088 -0.074597 11.333451 -0.059908 
590 12.369085 0.000000 4.761247 105.245318 0.023520 9.460348 -0.116608 
591 14.284917 0.000000 4.761247 104.312492 0.066917 8.200909 -0.094836 
592 12.369085 0.000000 6.557325 103.796492 -0.201205 12.894757 -0.094003 
593 9.495337 0.000000 3.863208 111.416180 -0.341296 22.533071 -0.292142 
594 10.453253 0.000000 3.863208 113.432397 -0.284160 12.888936 -0.303311 
595 9.495337 0.000000 4.761247 106.995261 -0.368246 19.311604 -0.182106 
596 9.016379 0.000000 2.516149 109.919364 -0.189734 46.019110 -0.420006 
597 9.016379 0.000000 2.067130 104.639323 -0.277875 49.834142 -0.343291 
598 9.495337 0.000000 2.516149 116.038318 -0.050238 39.550954 -0.502917 
599 9.016379 0.000000 2.965169 112.509854 -0.132739 43.890459 -0.458486 
600 9.495337 0.000000 -5.117183 96.442374 0.081683 8.575490 0.062532 
601 9.495337 0.000000 -6.015222 97.141813 0.097606 9.786311 0.046769 
602 10.453253 0.000000 -5.117183 95.535437 -0.149543 8.734704 0.079666 
603 9.016379 0.000000 -3.770124 97.966476 -0.124198 5.142641 0.037611 
604 9.016379 0.000000 -4.219143 97.367182 -0.069681 6.860829 0.047256 
605 9.495337 0.000000 -3.770124 97.638668 -0.122285 5.983508 0.043087 
606 11.411169 0.000000 -3.321104 91.330349 0.259784 4.476325 0.163866 
607 11.411169 0.000000 -4.219143 92.251852 0.010855 7.339687 0.143572 
608 11.411169 0.000000 -2.423065 0.983348 0.081878 2.508998 0.999273 
609 9.974295 0.000000 -2.872085 98.297292 0.042055 2.893863 0.032927 
610 9.974295 0.000000 -3.321104 98.298637 0.042656 2.888251 0.032903 
611 10.453253 0.000000 -2.872085 96.482638 0.115490 5.406624 0.066186 
612 9.974295 0.000000 -2.423065 0.148089 -0.085992 2.092492 0.999559 
613 9.255858 0.000000 -3.096595 99.056635 -0.030481 -0.531771 0.018750 
614 9.016379 0.000000 -3.096595 99.110654 -0.020264 -1.131111 0.017580 
615 9.255858 0.000000 -3.321104 99.045248 -0.015213 -0.249368 0.018998 
616 9.495337 0.000000 -3.096595 98.960771 0.020984 0.567808 0.020644 
617 9.255858 0.000000 -2.872085 99.045619 -0.015723 -0.257401 0.018990 
618 11.411169 0.000000 2.067130 2.255575 0.108574 -1.264886 0.999330 
619 11.411169 0.000000 1.169091 2.148607 0.231557 0.177369 0.999530 
620 12.369085 0.000000 2.067130 3.608584 0.138077 -1.198879 0.998552 
621 11.411169 0.000000 2.965169 110.560540 0.207812 -4.376519 -0.224283 
622 9.974295 0.000000 2.516149 123.454918 0.084991 25.066278 -0.586944 
623 9.974295 0.000000 2.067130 -0.213169 -0.043439 0.427218 0.999977 
624 10.453253 0.000000 2.516149 123.528514 0.053542 5.539980 -0.528999 
625 9.974295 0.000000 2.965169 124.262884 0.094703 24.973513 -0.606495 
626 9.016379 0.000000 3.414188 110.282173 -0.358635 30.197435 -0.307417 
627 8.537421 0.000000 3.414188 106.077688 -0.366088 31.265032 -0.223011 
628 9.495337 0.000000 3.414188 115.083941 -0.307316 26.474826 -0.394532 
629 9.016379 0.000000 3.863208 108.592173 -0.389975 25.483184 -0.244180 
630 9.255858 0.000000 2.740659 113.712537 -0.094529 43.095784 -0.478780 
631 9.016379 0.000000 2.740659 110.514933 -0.175083 45.521140 -0.428576 
632 9.255858 0.000000 2.516149 112.713661 -0.126998 43.710689 -0.461501 
633 9.495337 0.000000 2.740659 117.122691 -0.022427 38.467747 -0.519749 
634 9.255858 0.000000 2.965169 115.015577 -0.067409 41.357067 -0.493899 
635 11.411169 0.000000 -1.525026 2.254198 0.072554 1.561811 0.999247 
636 12.369085 0.000000 -1.525026 4.012171 0.139070 1.945180 0.998010 
637 11.411169 0.000000 -0.626987 2.534370 0.133876 0.936239 0.999268 
638 10.932211 0.000000 -2.872085 94.267927 0.204778 6.159728 0.107557 
639 10.932211 0.000000 -3.321104 93.504789 0.237626 6.134739 0.121916 
640 11.411169 0.000000 -2.872085 91.046522 0.264585 4.215981 0.169269 
641 10.932211 0.000000 -2.423065 0.480865 0.150613 2.289204 0.999451 
642 11.411169 0.000000 -5.117183 94.246467 -0.038173 8.088461 0.105218 
643 11.411169 0.000000 -6.015222 95.948140 -0.038552 8.995205 0.071304 
644 12.369085 0.000000 -5.117183 93.196948 0.062904 6.270225 0.127501 
645 10.932211 0.000000 -3.770124 93.507440 0.112612 7.597585 0.119862 
646 10.453253 0.000000 -3.770124 95.392332 0.197301 7.631824 0.084202 
647 10.932211 0.000000 -4.219143 93.967925 0.070558 7.879918 0.110793 
648 11.411169 0.000000 -3.770124 91.831516 0.052269 7.021221 0.151767 
649 10.692732 0.000000 -3.096595 95.403201 0.147853 6.413604 0.085707 
650 10.453253 0.000000 -3.096595 96.572050 0.113649 5.350472 0.064520 
651 10.692732 0.000000 -3.321104 95.586071 0.143794 6.251414 0.082420 
652 10.932211 0.000000 -3.096595 94.246445 0.207825 6.191416 0.107923 
653 10.692732 0.000000 -2.872085 95.570826 0.142554 6.298589 0.082652 
654 11.411169 0.000000 3.863208 109.047785 0.125945 6.193124 -0.192979 
655 12.369085 0.000000 3.863208 106.076597 0.085768 5.476001 -0.128224 
656 11.411169 0.000000 4.761247 106.832265 -0.231300 11.612931 -0.154805 
657 10.932211 0.000000 3.414188 118.403358 0.067867 -4.475766 -0.403939 
658 10.453253 0.000000 3.414188 123.528514 0.053542 5.539980 -0.528999 
659 10.932211 0.000000 2.965169 117.462817 0.095876 -4.046147 -0.381389 
660 11.411169 0.000000 3.414188 111.356717 0.195101 -4.895252 -0.242432 
661 10.932211 0.000000 3.863208 111.485882 -0.161405 8.935203 -0.250897 
662 9.974295 0.000000 3.414188 124.871857 0.097752 19.091081 -0.595746 
663 9.974295 0.000000 3.863208 113.440023 -0.280420 17.988251 -0.319229 
664 10.932211 0.000000 2.516149 118.403358 0.067867 -4.475766 -0.403939 
665 10.932211 0.000000 2.067130 1.368941 0.039441 -0.188615 0.999809 
666 11.411169 0.000000 2.516149 109.606805 0.224372 -3.779986 -0.202799 
667 10.692732 0.000000 3.189679 121.182976 0.040899 -0.345538 -0.468543 
668 10.453253 0.000000 3.189679 122.967570 0.066212 6.652856 -0.516529 
669 10.692732 0.000000 2.965169 119.926922 0.052962 -1.901371 -0.438608 
670 10.932211 0.000000 3.189679 117.910091 0.090217 -3.381706 -0.391423 
671 10.692732 0.000000 3.414188 120.944204 0.060766 0.489638 -0.462774 
672 11.890127 0.000000 -2.872085 88.596704 0.265046 2.193943 0.214574 
673 11.890127 0.000000 -3.321104 88.607216 0.266263 2.117179 0.214421 
674 12.369085 0.000000 -2.872085 86.160376 0.245831 0.801459 0.257569 
675 11.890127 0.000000 -2.423065 2.232565 0.142140 2.295416 0.998973 
676 16.200749 0.000000 4.761247 104.462990 0.196274 6.152788 -0.095041 
677 16.200749 0.000000 2.965169 106.132573 0.528505 1.931310 -0.126813 
678 18.116580 0.000000 4.761247 102.746495 0.134328 4.828789 -0.058018 
679 16.200749 0.000000 6.557325 103.320498 -0.140980 9.602295 -0.076735 
680 13.327001 0.000000 3.863208 105.014671 0.040903 5.678509 -0.106033 
681 13.327001 0.000000 2.965169 104.970098 0.260791 1.999579 -0.102279 
682 14.284917 0.000000 3.863208 104.846035 0.058442 5.495796 -0.102290 
683 13.327001 0.000000 4.761247 104.576006 0.081509 8.773032 -0.101311 
684 11.890127 0.000000 3.414188 107.202594 0.244048 -2.000676 -0.149646 
685 11.890127 0.000000 2.965169 107.425855 0.235044 -2.107964 -0.154481 
686 12.369085 0.000000 3.414188 105.838629 0.206810 -0.588388 -0.120220 
687 11.890127 0.000000 3.863208 107.158566 0.088158 5.552620 -0.151380 
688 11.890127 0.000000 -3.770124 89.892590 0.169203 5.646591 0.188741 
689 11.890127 0.000000 -4.219143 90.953355 0.174317 6.092405 0.169034 
690 12.369085 0.000000 -3.770124 87.808415 0.210460 3.481692 0.227752 
691 13.327001 0.000000 -1.525026 5.992537 0.006157 0.904591 0.996327 
692 14.284917 0.000000 -1.525026 6.865098 -0.011554 -0.221429 0.995282 
693 13.327001 0.000000 -0.626987 4.967164 0.030668 0.371448 0.997519 
694 12.848043 0.000000 -2.872085 82.878411 0.226976 -2.783973 0.312337 
695 12.848043 0.000000 -3.321104 83.443012 0.228042 -0.279199 0.303713 
696 13.327001 0.000000 -2.872085 82.397129 0.246967 -15.124736 0.298189 
697 12.848043 0.000000 -2.423065 6.258781 -0.017990 3.443450 0.994897 
698 12.129606 0.000000 -3.096595 87.315441 0.239213 1.321670 0.237421 
699 11.890127 0.000000 -3.096595 88.603521 0.265280 2.201053 0.214450 
700 12.129606 0.000000 -3.321104 87.605482 0.241477 1.484834 0.232302 
701 12.369085 0.000000 -3.096595 86.205873 0.245232 0.826124 0.256780 
702 12.129606 0.000000 -2.872085 87.349868 0.237201 1.331786 0.236817 
703 13.327001 0.000000 -5.117183 92.683984 0.163902 3.265416 0.139899 
704 13.327001 0.000000 -6.015222 95.438226 0.146660 6.426427 0.085022 
705 14.284917 0.000000 -5.117183 93.816630 0.132272 0.857511 0.119769 
706 12.848043 0.000000 -3.770124 85.424436 0.199234 -0.064223 0.270262 
707 12.848043 0.000000 -4.219143 88.945311 0.208256 1.403890 0.208672 
708 13.327001 0.000000 -3.770124 85.759846 0.136816 -5.481680 0.261518 
709 13.805959 0.000000 -2.872085 85.641149 0.232867 -24.086302 0.208539 
710 13.805959 0.000000 -3.321104 86.065163 0.229247 -24.165376 0.200877 
711 14.284917 0.000000 -2.872085 90.321654 0.211319 -24.632440 0.123520 
712 13.805959 0.000000 -2.423065 89.428321 0.192578 -24.967726 0.137915 
713 13.087522 0.000000 -3.096595 82.587821 0.238023 -8.439683 0.310797 
714 12.848043 0.000000 -3.096595 82.896184 0.228368 -3.064571 0.311878 
715 13.087522 0.000000 -3.321104 82.215545 0.244254 -13.249534 0.306499 
716 13.327001 0.000000 -3.096595 83.196115 0.243055 -17.564328 0.276984 
717 13.087522 0.000000 -2.872085 82.583038 0.237338 -7.881290 0.311787 
718 16.200749 0.000000 1.169091 9.241816 0.049069 -2.774866 0.990689 
719 18.116580 0.000000 1.169091 16.948058 0.365097 -2.572536 0.970601 
720 13.327001 0.000000 2.067130 4.829358 0.157563 -1.195966 0.997522 
721 13.327001 0.000000 1.169091 4.886187 -0.061561 -0.882524 0.997534 
722 14.284917 0.000000 2.067130 5.550255 -0.128680 -1.441591 0.996710 
723 15.242833 0.000000 3.863208 105.712529 0.098063 4.896142 -0.119912 
724 15.242833 0.000000 2.965169 107.167811 0.425447 3.028930 -0.149430 
725 16.200749 0.000000 3.863208 106.868844 0.240619 2.505906 -0.142729 
726 15.242833 0.000000 4.761247 104.464402 0.035722 7.332412 -0.096658 
727 13.805959 0.000000 3.414188 105.055094 0.291236 2.642254 -0.104364 
728 13.327001 0.000000 3.414188 104.939079 0.258980 2.130854 -0.101682 
729 13.805959 0.000000 2.965169 105.098414 0.289382 2.599580 -0.105252 
730 14.284917 0.000000 3.414188 105.501203 0.322837 2.976019 -0.113946 
731 13.805959 0.000000 3.863208 104.961074 0.082549 5.617151 -0.104839 
732 15.242833 0.000000 2.067130 6.143213 -0.051787 -1.911588 0.995860 
733 15.242833 0.000000 1.169091 7.089278 -0.035246 -1.824868 0.994641 
734 16.200749 0.000000 2.067130 7.072711 0.228843 -3.738924 0.993594 
735 13.805959 0.000000 2.516149 105.055094 0.291236 2.642254 -0.104364 
736 13.327001 0.000000 2.516149 104.939079 0.258980 2.130854 -0.101682 
737 13.805959 0.000000 2.067130 5.106182 0.165657 -1.241216 0.997236 
738 14.284917 0.000000 2.516149 105.501203 0.322837 2.976019 -0.113946 
739 14.763875 0.000000 3.414188 106.418198 0.381686 3.129630 -0.133477 
740 14.763875 0.000000 2.965169 106.329773 0.381176 3.149796 -0.131609 
741 15.242833 0.000000 3.414188 107.103195 0.423900 3.035354 -0.148049 
742 14.763875 0.000000 3.863208 105.244588 0.058069 5.256302 -0.110406 
743 14.045438 0.000000 3.189679 105.262499 0.313311 2.829544 -0.108830 
744 13.805959 0.000000 3.189679 105.112293 0.290417 2.602678 -0.105545 
745 14.045438 0.000000 2.965169 105.267082 0.320324 2.862067 -0.108945 
746 14.284917 0.000000 3.189679 105.663257 0.331228 3.022897 -0.117397 
747 14.045438 0.000000 3.414188 105.282202 0.307324 2.812169 -0.109234 
748 20.032412 0.000000 4.761247 102.530205 0.241257 5.189797 -0.053944 
749 20.032412 0.000000 2.965169 103.548459 0.429892 0.731186 -0.072300 
750 21.948244 0.000000 4.761247 102.917369 0.300004 4.958371 -0.061666 
751 20.032412 0.000000 6.557325 102.335617 0.280171 7.817009 -0.053376 
752 17.158664 0.000000 3.863208 103.410410 0.476272 0.756937 -0.069451 
753 17.158664 0.000000 2.965169 102.894010 0.511784 0.598620 -0.058780 
754 18.116580 0.000000 3.863208 103.287981 0.452849 0.625795 -0.066900 
755 17.158664 0.000000 4.761247 103.374859 0.063012 4.957292 -0.071094 
756 15.721791 0.000000 3.414188 107.480025 0.467001 2.738763 -0.155967 
757 15.721791 0.000000 2.965169 107.329615 0.481106 2.583982 -0.152655 
758 16.200749 0.000000 3.414188 106.313119 0.533972 1.945444 -0.130655 
759 15.721791 0.000000 3.863208 106.431866 0.203602 3.958786 -0.134346 
760 20.032412 0.000000 1.169091 20.558161 0.113508 -0.681621 0.957688 
761 21.948244 0.000000 1.169091 24.446834 0.009453 0.581583 0.940201 
762 17.158664 0.000000 2.067130 103.411217 0.475598 0.781082 -0.069472 
763 17.158664 0.000000 1.169091 13.523167 0.050573 -3.368365 0.980578 
764 18.116580 0.000000 2.067130 103.291976 0.452998 0.647347 -0.066986 
765 16.679707 0.000000 3.414188 103.119244 0.529340 0.791870 -0.063449 
766 16.679707 0.000000 2.965169 103.751910 0.539666 1.053163 -0.076586 
767 17.158664 0.000000 3.414188 103.111087 0.498695 0.594117 -0.063250 
768 16.679707 0.000000 3.863208 103.392562 0.491172 0.223208 -0.069031 
769 16.679707 0.000000 2.516149 103.627319 0.522701 0.987124 -0.073987 
770 16.200749 0.000000 2.516149 106.313119 0.533972 1.945444 -0.130655 
771 16.679707 0.000000 2.067130 9.398109 0.237498 -5.851263 0.987738 
772 17.158664 0.000000 2.516149 103.120945 0.497553 0.615069 -0.063456 
773 16.440228 0.000000 3.189679 105.075867 0.551372 1.492014 -0.104347 
774 16.200749 0.000000 3.189679 106.100261 0.528813 1.922360 -0.126124 
775 16.440228 0.000000 2.965169 104.839863 0.553926 1.431915 -0.099375 
776 16.679707 0.000000 3.189679 103.806403 0.538570 1.063152 -0.077719 
777 16.440228 0.000000 3.414188 104.992508 0.547096 1.453091 -0.102584 
778 19.074496 0.000000 3.863208 102.931806 0.379110 0.741676 -0.059565 
779 19.074496 0.000000 2.965169 103.136393 0.400221 0.812843 -0.063794 
780 20.032412 0.000000 3.863208 103.665133 0.443370 0.719468 -0.074717 
781 19.074496 0.000000 4.761247 102.375828 0.335962 4.999006 -0.050591 
782 23.864076 0.000000 4.761247 103.138626 0.352090 3.641807 -0.065096 
783 23.864076 0.000000 2.965169 104.432967 0.243525 -0.740791 -0.090685 
784 25.779908 0.000000 4.761247 101.853014 0.551575 2.608262 -0.038114 
785 23.864076 0.000000 6.557325 101.957682 0.444946 6.824432 -0.044214 
786 23.864076 0.000000 1.169091 30.216207 -0.075314 0.556266 0.908667 
787 22.906160 0.000000 3.863208 104.684718 0.257100 0.619334 -0.095934 
788 21.948244 0.000000 3.863208 104.294004 0.432858 0.569266 -0.087775 
789 22.906160 0.000000 2.965169 104.588246 0.255130 0.181706 -0.093880 
790 23.864076 0.000000 3.863208 104.323387 0.237677 -1.321608 -0.088517 
791 22.906160 0.000000 4.761247 103.255945 0.319379 4.438971 -0.068160 
792 205.868106 0.000000 60.439668 99.136429 0.063102 13.145295 -0.000083 
793 267.174727 0.000000 60.439668 99.197261 0.086978 12.705952 -0.000155 
794 205.868106 0.000000 117.914168 99.049281 0.020667 13.783740 -0.000075 
795 113.908175 0.000000 31.702419 99.303388 0.116615 11.962836 -0.000429 
796 144.561486 0.000000 31.702419 99.402552 0.129895 11.239715 -0.000722 
797 113.908175 0.000000 60.439668 99.105387 0.041056 13.456728 -0.000296 
798 67.928210 0.000000 17.333794 99.424347 -0.048152 10.721736 -0.000016 
799 83.254865 0.000000 17.333794 97.544107 4.474484 24.371720 -0.012885 
800 67.928210 0.000000 31.702419 99.255800 0.059508 12.569413 -0.000971 
801 44.938227 0.000000 10.149481 91.850674 6.694008 46.195287 -0.061536 
802 52.601555 0.000000 10.149481 98.533707 1.215921 14.554307 0.007780 
803 44.938227 0.000000 17.333794 99.830067 0.132939 10.487406 -0.007605 
804 33.443236 0.000000 6.557325 98.088865 0.661357 7.482873 0.032214 
805 37.274899 0.000000 6.557325 94.980903 -0.000000 8.206458 0.091128 
806 33.443236 0.000000 10.149481 99.433129 0.243779 9.825096 0.001646 
807 31.527404 0.000000 1.169091 66.210111 0.029750 3.251884 0.560565 
808 31.527404 0.000000 -0.626987 61.979632 -0.071664 16.428109 0.588864 
809 33.443236 0.000000 1.169091 75.138706 0.081634 6.477327 0.431221 
810 31.527404 0.000000 2.965169 97.196194 -0.173001 -1.499645 0.055062 
811 27.695740 0.000000 4.761247 99.806646 0.505913 3.267339 0.002770 
812 29.611572 0.000000 4.761247 98.123988 0.491913 4.477210 0.035140 
813 27.695740 0.000000 6.557325 99.843853 0.298322 6.267700 -0.000817 
814 28.653656 0.000000 2.067130 98.729079 0.118018 4.601713 0.023138 
815 27.695740 0.000000 2.067130 99.150087 0.298997 -0.760990 0.016859 
816 28.653656 0.000000 1.169091 57.547471 0.232404 2.797675 0.668041 
817 29.611572 0.000000 2.067130 102.734225 0.142185 -1.041721 -0.055543 
818 28.653656 0.000000 2.965169 100.693222 0.004187 16.502459 -0.041146 
819 26.737824 0.000000 2.067130 103.196701 0.496987 -4.083187 -0.066648 
820 25.779908 0.000000 2.067130 103.797121 0.301720 -3.508366 -0.078624 
821 26.737824 0.000000 1.169091 46.201024 0.104028 1.570439 0.786299 
822 26.737824 0.000000 2.965169 103.172344 0.524077 -4.328829 -0.066355 
823 31.527404 0.000000 4.761247 96.517660 -0.000000 8.351410 0.061460 
824 33.443236 0.000000 4.761247 95.694878 0.000000 6.337140 0.080233 
825 31.527404 0.000000 6.557325 98.602512 0.024887 6.876044 0.023026 
826 28.653656 0.000000 3.863208 97.782854 0.027202 5.894834 0.040376 
827 27.695740 0.000000 3.863208 96.623714 0.229094 2.024099 0.065971 
828 29.611572 0.000000 3.863208 98.197119 0.011736 3.261050 0.034669 
829 28.653656 0.000000 4.761247 98.785243 0.397153 3.797833 0.022689 
830 28.174698 0.000000 2.516149 98.022012 0.144555 4.485303 0.037155 
831 27.695740 0.000000 2.516149 99.207737 0.255985 0.211477 0.015771 
832 28.174698 0.000000 2.067130 97.328197 0.154929 3.830147 0.051253 
833 28.653656 0.000000 2.516149 100.579847 0.067731 12.084572 -0.026235 
834 28.174698 0.000000 2.965169 95.170157 0.025047 4.337079 0.092383 
835 26.737824 0.000000 3.863208 103.135671 0.546659 -4.402493 -0.065665 
836 25.779908 0.000000 3.863208 103.691360 0.281639 -3.909863 -0.076726 
837 26.737824 0.000000 4.761247 100.734983 0.471266 2.666465 -0.015487 
838 27.216782 0.000000 2.516149 101.359499 0.399712 -2.851767 -0.028204 
839 26.737824 0.000000 2.516149 103.237391 0.477797 -4.151653 -0.067542 
840 27.216782 0.000000 2.067130 102.680525 0.422896 -3.912313 -0.055878 
841 27.216782 0.000000 2.965169 100.677591 0.347542 -2.620843 -0.014297 
842 28.174698 0.000000 3.414188 96.256967 0.103588 6.548778 0.069170 
843 27.695740 0.000000 3.414188 97.300559 0.223362 3.096697 0.052296 
844 28.653656 0.000000 3.414188 97.995911 0.054083 5.950620 0.036139 
845 28.174698 0.000000 3.863208 93.678858 0.050734 8.052818 0.115942 
846 27.935219 0.000000 2.740659 97.182248 0.152028 2.319710 0.055021 
847 27.695740 0.000000 2.740659 99.184774 0.250427 0.020678 0.016232 
848 27.935219 0.000000 2.516149 97.812975 0.211670 2.711211 0.042523 
849 28.174698 0.000000 2.740659 96.629658 0.059880 3.897730 0.064751 
850 27.935219 0.000000 2.965169 95.140759 0.051079 -1.918284 0.094455 
851 27.216782 0.000000 3.414188 99.960294 0.356000 -1.552821 0.000540 
852 26.737824 0.000000 3.414188 103.244924 0.473750 -4.154630 -0.067700 
853 27.216782 0.000000 3.863208 103.136068 0.546354 -4.401294 -0.065672 
854 27.456261 0.000000 2.740659 99.906240 0.291851 -1.584157 0.001615 
855 27.216782 0.000000 2.740659 100.666993 0.343595 -2.606505 -0.014076 
856 27.456261 0.000000 2.516149 99.837893 0.295092 -1.376444 0.003041 
857 27.456261 0.000000 2.965169 99.849206 0.290048 -1.553760 0.002764 
858 27.935219 0.000000 3.189679 97.172878 0.162393 4.657594 0.053571 
859 27.695740 0.000000 3.189679 98.748481 0.243458 0.675886 0.024822 
860 28.174698 0.000000 3.189679 94.735507 0.082127 7.007650 0.097607 
861 27.935219 0.000000 3.414188 97.628132 0.171734 4.518369 0.044830 
862 27.815479 0.000000 2.852914 95.173498 0.032398 -8.710361 0.086613 
863 27.695740 0.000000 2.852914 96.251696 0.079783 -7.245296 0.068311 
864 27.815479 0.000000 2.740659 98.698027 0.234847 0.692548 0.025816 
865 27.935219 0.000000 2.852914 95.452215 0.005219 -4.344562 0.087000 
866 27.815479 0.000000 2.965169 95.306457 0.055428 -7.297603 0.086342 
867 31.527404 0.000000 -2.423065 100.932703 0.122111 13.626935 -0.037312 
868 31.527404 0.000000 -4.219143 97.477777 0.063667 13.257200 0.032233 
869 33.443236 0.000000 -2.423065 98.918512 0.041905 17.343531 -0.008567 
870 30.569488 0.000000 -1.525026 96.116866 0.376520 6.514167 0.071897 
871 29.611572 0.000000 -1.525026 95.628045 0.347380 9.277503 0.076908 
872 30.569488 0.000000 -2.423065 95.895052 0.320724 8.583975 0.073035 
873 31.527404 0.000000 -1.525026 100.791469 0.140917 14.742059 -0.037627 
874 30.569488 0.000000 -0.626987 61.578986 -0.018573 13.266872 0.603202 
875 30.569488 0.000000 2.067130 101.315645 0.167473 -0.541500 -0.026518 
876 30.569488 0.000000 1.169091 63.965279 0.087598 3.355767 0.589717 
877 31.527404 0.000000 2.067130 69.211395 0.000000 -2.313288 0.520443 
878 30.569488 0.000000 2.965169 120.997973 -0.050406 -6.804655 -0.468682 
879 31.527404 0.000000 -6.015222 97.735516 0.002163 13.210360 0.027326 
880 31.527404 0.000000 -7.811300 97.892697 0.183147 12.931800 0.024975 
881 33.443236 0.000000 -6.015222 97.805141 0.033286 13.138509 0.026153 
882 30.569488 0.000000 -3.321104 96.750378 0.096862 11.991339 0.049556 
883 29.611572 0.000000 -3.321104 95.930775 0.406801 8.175758 0.073028 
884 30.569488 0.000000 -4.219143 96.657446 0.094591 13.203651 0.048299 
885 31.527404 0.000000 -3.321104 98.383158 0.065620 13.149238 0.014785 
886 41.106563 0.000000 -0.626987 84.148118 0.098884 11.687667 0.278248 
887 41.106563 0.000000 -4.219143 96.158778 0.000559 11.202577 0.062799 
888 44.938227 0.000000 -0.626987 102.005563 -0.095250 6.399015 -0.044609 
889 41.106563 0.000000 2.965169 80.382407 0.252259 1.231956 0.353709 
890 35.359068 0.000000 -2.423065 97.120357 0.245936 17.384892 0.026534 
891 35.359068 0.000000 -4.219143 97.278220 0.200313 14.394589 0.032970 
892 37.274899 0.000000 -2.423065 95.733761 0.250342 16.316497 0.056876 
893 35.359068 0.000000 -0.626987 96.208482 0.183994 25.400537 0.009871 
894 32.485320 0.000000 -1.525026 99.922465 0.099320 19.850229 -0.037854 
895 32.485320 0.000000 -2.423065 99.936118 0.129037 16.220469 -0.025035 
896 33.443236 0.000000 -1.525026 98.556561 0.047133 22.558112 -0.022227 
897 32.485320 0.000000 -0.626987 65.312389 -0.002692 19.854435 0.534009 
898 31.048446 0.000000 -1.974046 99.174872 0.229258 9.466838 0.007467 
899 30.569488 0.000000 -1.974046 96.608538 0.368376 6.176060 0.062851 
900 31.048446 0.000000 -2.423065 95.930775 0.406801 8.175758 0.073028 
901 31.527404 0.000000 -1.974046 100.740045 0.149653 14.197118 -0.035014 
902 31.048446 0.000000 -1.525026 98.997227 0.238782 9.476675 0.010968 
903 35.359068 0.000000 1.169091 96.215543 -0.000000 -3.438809 0.073074 
904 37.274899 0.000000 1.169091 114.095390 -0.000000 -2.118024 -0.302224 
905 35.359068 0.000000 2.965169 96.364718 -0.688139 -2.779945 0.070564 
906 32.485320 0.000000 2.067130 72.514947 0.000000 -2.022678 0.473749 
907 32.485320 0.000000 1.169091 70.212250 0.155570 4.436789 0.505053 
908 33.443236 0.000000 2.067130 77.700119 -0.000000 -0.935881 0.396182 
909 32.485320 0.000000 2.965169 96.431247 -0.075737 -3.152999 0.069107 
910 30.569488 0.000000 3.863208 98.076940 0.006092 5.765251 0.034768 
911 31.527404 0.000000 3.863208 97.829818 -0.000000 5.239837 0.040187 
912 30.569488 0.000000 4.761247 97.972638 -0.000000 8.527035 0.032865 
913 31.048446 0.000000 2.516149 98.294862 -0.220548 -1.553101 0.033566 
914 30.569488 0.000000 2.516149 104.802811 -0.076235 -0.194575 -0.098367 
915 31.048446 0.000000 2.067130 63.411528 0.002491 -0.026720 0.597898 
916 31.527404 0.000000 2.516149 89.208248 -0.257079 -2.473898 0.203570 
917 31.048446 0.000000 2.965169 100.824159 -0.132606 -2.132145 -0.017007 
918 41.106563 0.000000 6.557325 93.488299 -0.000000 8.500456 0.118768 
919 44.938227 0.000000 6.557325 98.665200 -0.970293 10.621161 0.015143 
920 41.106563 0.000000 10.149481 99.262955 -0.014943 0.753544 0.014630 
921 35.359068 0.000000 4.761247 96.578431 -0.000000 5.540404 0.064191 
922 37.274899 0.000000 4.761247 95.288470 -0.000000 4.730038 0.089773 
923 35.359068 0.000000 6.557325 94.736290 0.000000 9.497479 0.093483 
924 32.485320 0.000000 3.863208 97.169058 0.000000 4.474320 0.053815 
925 33.443236 0.000000 3.863208 96.475280 0.000000 4.321975 0.067384 
926 32.485320 0.000000 4.761247 96.778704 -0.000000 6.814358 0.058745 
927 32.006362 0.000000 2.516149 80.194637 -0.186957 -2.071605 0.356449 
928 32.006362 0.000000 2.067130 70.029292 0.000000 -2.314361 0.509054 
929 32.485320 0.000000 2.516149 77.562231 -0.098114 -1.974287 0.398019 
930 32.006362 0.000000 2.965169 95.528875 -0.088444 -1.389263 0.087230 
931 32.006362 0.000000 3.414188 97.898793 -0.000000 2.210281 0.041094 
932 31.527404 0.000000 3.414188 98.809939 -0.000000 2.436202 0.023066 
933 32.485320 0.000000 3.414188 97.518966 0.000000 2.135667 0.048549 
934 32.006362 0.000000 3.863208 97.121962 -0.000000 6.009106 0.053122 
935 31.766883 0.000000 2.740659 94.194770 -0.178229 -3.506902 0.111502 
936 31.527404 0.000000 2.740659 95.693103 -0.249181 -2.332351 0.083733 
937 31.766883 0.000000 2.516149 82.282082 -0.151524 -2.552710 0.322312 
938 32.006362 0.000000 2.740659 93.660777 -0.207968 -3.520466 0.121522 
939 31.766883 0.000000 2.965169 96.388748 -0.084490 -2.012911 0.070515 
940 31.048446 0.000000 3.414188 99.630403 -0.000000 3.699126 0.006010 
941 30.569488 0.000000 3.414188 100.332296 0.007174 4.377494 -0.008573 
942 31.048446 0.000000 3.863208 98.362871 -0.000000 5.679967 0.029248 
943 31.287925 0.000000 2.740659 97.209481 -0.178535 -3.272055 0.053958 
944 31.048446 0.000000 2.740659 99.931457 -0.203235 -3.630245 0.000048 
945 31.287925 0.000000 2.516149 92.625499 -0.260683 -4.436019 0.140077 
946 31.287925 0.000000 2.965169 98.425723 -0.123856 -2.669848 0.030523 
947 31.766883 0.000000 3.189679 98.473183 -0.000000 0.337886 0.030292 
948 31.527404 0.000000 3.189679 98.913758 -0.000000 0.831494 0.021538 
949 32.006362 0.000000 3.189679 98.145486 0.000000 0.631126 0.036707 
950 31.766883 0.000000 3.414188 98.270209 -0.000000 2.174981 0.033824 
951 31.647143 0.000000 2.852914 95.994869 -0.196633 -2.802259 0.077709 
952 31.527404 0.000000 2.852914 96.364643 -0.211273 -1.991616 0.070984 
953 31.647143 0.000000 2.740659 94.896232 -0.259489 -2.737718 0.098714 
954 31.766883 0.000000 2.852914 95.472863 -0.123584 -3.939883 0.086939 
955 31.647143 0.000000 2.965169 96.907446 -0.125141 -1.665980 0.060616 
956 32.485320 0.000000 0.271052 68.295684 0.054951 10.164969 0.523237 
957 31.527404 0.000000 0.271052 64.896305 -0.010829 7.723160 0.572882 
958 33.443236 0.000000 0.271052 72.852614 -0.084697 13.283373 0.451604 
959 32.006362 0.000000 1.618110 69.338471 0.000000 -2.307603 0.518685 
960 31.527404 0.000000 1.618110 68.782050 0.000000 -2.364611 0.526344 
961 32.006362 0.000000 1.169091 68.059550 0.090652 3.742026 0.535389 
962 32.485320 0.000000 1.618110 72.129663 -0.000000 -2.183184 0.479255 
963 31.766883 0.000000 2.291640 69.193871 0.000000 -2.325169 0.520680 
964 31.527404 0.000000 2.291640 69.180328 0.000000 -2.315312 0.520872 
965 31.766883 0.000000 2.067130 69.414804 0.000000 -2.230540 0.517661 
966 32.006362 0.000000 2.291640 69.562700 0.000000 -2.304155 0.515572 
967 31.647143 0.000000 2.628404 92.177032 -0.271562 -2.783237 0.149557 
968 31.527404 0.000000 2.628404 93.272645 -0.247979 -2.749283 0.129259 
969 31.647143 0.000000 2.516149 84.613414 -0.175089 -2.631004 0.283362 
970 31.766883 0.000000 2.628404 89.556842 -0.194064 -3.348874 0.196832 
971 34.401152 0.000000 2.067130 83.531671 -0.000000 -1.430828 0.302041 
972 34.401152 0.000000 1.169091 88.270214 -0.000000 -2.044722 0.220419 
973 35.359068 0.000000 2.067130 93.666494 -0.000000 -3.490735 0.121440 
974 34.401152 0.000000 2.965169 95.562610 -0.628326 -0.771191 0.086680 
975 32.964278 0.000000 2.516149 85.089002 -0.241684 -1.524352 0.275748 
976 32.964278 0.000000 2.067130 75.415901 -0.000000 -1.252742 0.431087 
977 33.443236 0.000000 2.516149 88.493194 -0.390196 -1.040459 0.216772 
978 32.964278 0.000000 2.965169 97.210557 -0.098268 -3.376373 0.053870 
979 32.245841 0.000000 2.740659 97.376284 -0.124988 -10.130852 0.041521 
980 32.245841 0.000000 2.516149 74.730882 -0.064291 -2.150117 0.441067 
981 32.485320 0.000000 2.740659 93.735478 -0.113167 -3.875560 0.119863 
982 32.245841 0.000000 2.965169 97.860009 -0.037232 -4.288597 0.040503 
983 31.886622 0.000000 2.852914 94.846405 -0.165497 -3.348893 0.099292 
984 31.886622 0.000000 2.740659 93.865953 -0.193451 -3.644816 0.117586 
985 32.006362 0.000000 2.852914 95.627254 -0.154991 -3.964126 0.083969 
986 31.886622 0.000000 2.965169 95.207770 -0.087316 -2.154072 0.093083 
987 31.707013 0.000000 2.796787 95.313394 -0.179265 -3.149137 0.090541 
988 31.647143 0.000000 2.796787 95.831539 -0.263572 -3.265649 0.080558 
989 31.707013 0.000000 2.740659 94.575517 -0.198530 -3.335692 0.104431 
990 31.766883 0.000000 2.796787 94.894648 -0.159339 -3.565105 0.098227 
991 31.707013 0.000000 2.852914 95.660588 -0.154141 -2.992902 0.084007 
992 31.886622 0.000000 2.628404 90.738201 -0.209931 -3.069626 0.175711 
993 31.886622 0.000000 2.516149 78.894995 -0.148322 -2.275008 0.377038 
994 32.006362 0.000000 2.628404 88.449621 -0.205755 -2.332720 0.217118 
995 31.826752 0.000000 2.796787 95.053059 -0.190529 -4.190076 0.094732 
996 31.826752 0.000000 2.740659 93.778807 -0.175889 -3.570772 0.119275 
997 31.886622 0.000000 2.796787 94.570965 -0.188007 -3.661480 0.104289 
998 31.826752 0.000000 2.852914 95.099941 -0.129142 -3.951585 0.094037 
999 31.287925 0.000000 3.189679 100.775402 -0.025439 -0.033282 -0.015568 
1000 31.048446 0.000000 3.189679 101.897774 -0.023021 0.605769 -0.038352 
1001 31.287925 0.000000 3.414188 99.358161 -0.000000 2.912693 0.011947 
1002 31.647143 0.000000 3.077424 98.654777 -0.040102 -0.967333 0.026630 
1003 31.527404 0.000000 3.077424 98.483401 -0.093186 -0.070970 0.030101 
1004 31.766883 0.000000 3.077424 98.245107 -0.049760 -0.212870 0.034785 
1005 31.647143 0.000000 3.189679 98.691604 -0.000000 0.522847 0.025969 
1006 31.707013 0.000000 2.909042 96.245747 -0.130330 -2.741808 0.072922 
1007 31.647143 0.000000 2.909042 96.777389 -0.102314 -3.238663 0.062364 
1008 31.766883 0.000000 2.909042 95.637160 -0.125964 -3.026841 0.084436 
1009 31.707013 0.000000 2.965169 96.629205 -0.096817 -1.912392 0.065913 
1010 31.736948 0.000000 2.824850 95.358835 -0.157080 -3.391085 0.089517 
1011 31.707013 0.000000 2.824850 95.453265 -0.171557 -3.206090 0.087837 
1012 31.736948 0.000000 2.796787 95.670586 -0.278021 -4.274920 0.082879 
1013 31.766883 0.000000 2.824850 95.316919 -0.143731 -3.759977 0.090053 
1014 31.736948 0.000000 2.852914 95.487377 -0.145430 -3.342711 0.087097 
1015 32.485320 0.000000 -3.321104 98.565999 0.048712 14.374243 0.007812 
1016 32.485320 0.000000 -4.219143 97.899814 -0.033635 13.749158 0.022659 
1017 33.443236 0.000000 -3.321104 98.139246 0.005559 15.038760 0.014252 
1018 32.006362 0.000000 -1.974046 101.010612 0.111239 16.820724 -0.048609 
1019 32.006362 0.000000 -2.423065 100.519057 0.118051 15.232508 -0.033612 
1020 32.485320 0.000000 -1.974046 99.807544 0.100940 20.067400 -0.036426 
1021 32.006362 0.000000 -1.525026 100.784568 0.100581 17.710494 -0.047120 
1022 34.401152 0.000000 -1.525026 97.474461 0.165223 23.799637 -0.006772 
1023 34.401152 0.000000 -2.423065 98.042831 0.103088 17.501147 0.008130 
1024 35.359068 0.000000 -1.525026 97.160377 0.148329 21.317638 0.010540 
1025 34.401152 0.000000 -0.626987 96.866384 0.177763 24.724751 0.000556 
1026 44.938227 0.000000 -18.587768 98.731296 -0.054318 12.547417 0.009469 
1027 44.938227 0.000000 -25.772081 98.812416 0.054391 13.055989 0.006564 
1028 52.601555 0.000000 -18.587768 98.941978 0.053033 12.567723 0.005253 
1029 41.106563 0.000000 -7.811300 97.769064 -0.035750 11.642945 0.030565 
1030 41.106563 0.000000 -11.403456 98.283877 0.010087 12.057639 0.019489 
1031 44.938227 0.000000 -7.811300 98.279007 -0.094153 11.071666 0.021865 
1032 39.190731 0.000000 -2.423065 94.657330 0.034678 14.551728 0.082824 
1033 39.190731 0.000000 -4.219143 96.041369 0.047033 12.819112 0.061172 
1034 41.106563 0.000000 -2.423065 93.517292 0.056266 10.880656 0.113612 
1035 39.190731 0.000000 -0.626987 90.895299 0.146937 21.050521 0.129490 
1036 36.316983 0.000000 -1.525026 96.075945 0.273529 20.332888 0.035591 
1037 36.316983 0.000000 -2.423065 96.528659 0.230374 17.034741 0.039198 
1038 37.274899 0.000000 -1.525026 95.336450 0.288954 19.175981 0.054316 
1039 36.316983 0.000000 -0.626987 94.772035 0.350525 26.027938 0.034068 
1040 34.401152 0.000000 0.271052 78.383560 0.215262 17.418121 0.355258 
1041 35.359068 0.000000 0.271052 85.121283 0.104413 22.606649 0.224330 
1042 34.880110 0.000000 -1.076007 96.438846 0.194485 24.997163 0.007465 
1043 34.401152 0.000000 -1.076007 97.024924 0.175799 24.341637 -0.000638 
1044 34.880110 0.000000 -1.525026 96.362111 0.199728 25.115100 0.008354 
1045 35.359068 0.000000 -1.076007 96.270736 0.186138 25.216706 0.009603 
1046 34.880110 0.000000 -0.626987 96.489194 0.194654 24.587517 0.008525 
1047 39.190731 0.000000 1.169091 162.209748 0.218251 33.113112 -1.740853 
1048 41.106563 0.000000 1.169091 87.200969 1.354891 22.995091 0.186538 
1049 39.190731 0.000000 2.965169 92.159093 0.164590 -12.671869 0.134610 
1050 36.316983 0.000000 2.067130 100.633452 -0.186025 -3.776910 -0.014139 
1051 36.316983 0.000000 1.169091 107.898106 -0.000000 -4.508419 -0.166233 
1052 37.274899 0.000000 2.067130 107.022512 -0.000000 -4.676723 -0.147569 
1053 36.316983 0.000000 2.965169 95.970563 -0.561062 -2.835211 0.078130 
1054 34.401152 0.000000 3.863208 97.811058 -0.000000 3.693225 0.041936 
1055 35.359068 0.000000 3.863208 97.557458 -0.000000 2.552971 0.047602 
1056 34.401152 0.000000 4.761247 96.135651 0.000000 6.448599 0.071635 
1057 34.880110 0.000000 2.516149 92.635061 -0.713270 -3.137484 0.140839 
1058 34.401152 0.000000 2.516149 91.431876 -0.640896 -1.503320 0.163754 
1059 34.880110 0.000000 2.067130 90.100743 -0.000000 -2.785273 0.187410 
1060 35.359068 0.000000 2.516149 95.091251 -0.713991 -3.387627 0.094567 
1061 34.880110 0.000000 2.965169 95.477421 -0.557749 -2.140765 0.087917 
1062 36.316983 0.000000 0.271052 93.912710 0.226394 29.017098 0.033836 
1063 37.274899 0.000000 0.271052 93.104974 0.402751 26.330430 0.063801 
1064 38.232815 0.000000 0.271052 92.140237 0.396986 25.994916 0.083428 
1065 38.232815 0.000000 -0.626987 92.648787 0.387857 26.109238 0.073436 
1066 39.190731 0.000000 0.271052 90.950520 0.455102 25.660872 0.106932 
1067 38.232815 0.000000 1.169091 132.007034 0.412527 23.248505 -0.796652 
1068 36.795941 0.000000 -0.177968 94.080339 0.375487 26.098766 0.046760 
1069 36.316983 0.000000 -0.177968 94.900564 0.340360 25.902198 0.032284 
1070 36.795941 0.000000 -0.626987 94.432991 0.367965 26.182594 0.039675 
1071 37.274899 0.000000 -0.177968 93.430621 0.385668 26.215472 0.058332 
1072 36.795941 0.000000 0.271052 99.445733 0.293584 31.846986 -0.090377 
1073 39.190731 0.000000 4.761247 92.598456 -0.000000 4.884945 0.140166 
1074 41.106563 0.000000 4.761247 89.279493 -0.000000 10.535226 0.191818 
1075 39.190731 0.000000 6.557325 93.557624 -0.000000 7.717610 0.118741 
1076 38.232815 0.000000 2.067130 121.572551 -0.056797 -3.902689 -0.479512 
1077 39.190731 0.000000 2.067130 157.012532 -0.000000 -11.289375 -1.478039 
1078 38.232815 0.000000 2.965169 100.540161 -0.116581 -3.938021 -0.012385 
1079 36.316983 0.000000 3.863208 96.576580 -0.000000 2.198421 0.066813 
1080 37.274899 0.000000 3.863208 95.404857 -0.000000 2.001990 0.089391 
1081 36.316983 0.000000 4.761247 96.171356 -0.000000 5.094271 0.072512 
1082 36.795941 0.000000 2.516149 91.695044 -0.611499 -7.875586 0.152962 
1083 36.316983 0.000000 2.516149 97.282323 -0.757607 -3.309829 0.052462 
1084 36.795941 0.000000 2.067130 104.273762 -0.000000 -5.086079 -0.089889 
1085 37.274899 0.000000 2.516149 93.959921 -0.533400 -6.767555 0.112545 
1086 36.795941 0.000000 2.965169 92.235000 -0.412321 -5.537514 0.146187 
1087 38.232815 0.000000 -1.525026 94.381486 -0.012456 18.180921 0.076159 
1088 38.232815 0.000000 -2.423065 95.479132 0.065005 15.732112 0.063623 
1089 39.190731 0.000000 -1.525026 92.741914 0.069255 16.978901 0.111065 
1090 60.264882 0.000000 -4.219143 99.257160 -0.069228 10.801758 0.003133 
1091 60.264882 0.000000 -11.403456 99.109911 -0.027176 11.849220 0.003682 
1092 67.928210 0.000000 -4.219143 99.303077 -0.074460 10.942677 0.001915 
1093 60.264882 0.000000 2.965169 99.220974 -0.169808 11.213199 0.002943 
1094 48.769891 0.000000 -0.626987 99.598587 -0.100636 10.232161 -0.002459 
1095 48.769891 0.000000 -4.219143 98.937103 -0.071783 10.126547 0.010890 
1096 52.601555 0.000000 -0.626987 99.261638 -0.205486 10.579908 0.003515 
1097 48.769891 0.000000 2.965169 99.958454 0.154954 9.891366 -0.008956 
1098 43.022395 0.000000 1.169091 199.207874 1.288101 -45.990910 -3.180060 
1099 43.022395 0.000000 -0.626987 96.667682 0.098188 -3.579161 0.064254 
1100 44.938227 0.000000 1.169091 109.684590 0.277365 7.712165 -0.209026 
1101 43.022395 0.000000 2.965169 132.109383 2.502525 65.858452 -1.179649 
1102 40.148647 0.000000 0.271052 88.443584 0.807699 24.464833 0.157855 
1103 40.148647 0.000000 -0.626987 87.899575 0.238951 18.299135 0.193875 
1104 41.106563 0.000000 0.271052 86.394926 1.293219 23.240332 0.199413 
1105 40.148647 0.000000 1.169091 214.065086 0.005748 52.351447 -3.856454 
1106 38.711773 0.000000 -0.177968 91.721608 0.408272 25.945016 0.091384 
1107 38.232815 0.000000 -0.177968 92.286264 0.398570 26.111082 0.080130 
1108 38.711773 0.000000 -0.626987 92.082574 0.134480 21.903701 0.104101 
1109 39.190731 0.000000 -0.177968 90.974493 0.444426 25.641789 0.106594 
1110 38.711773 0.000000 0.271052 91.434249 0.421304 25.835125 0.097215 
1111 40.148647 0.000000 2.067130 215.693940 -0.000000 -1.022349 -3.652492 
1112 41.106563 0.000000 2.067130 283.411935 0.000000 5.373163 -7.035120 
1113 40.148647 0.000000 2.965169 83.138751 0.393988 -14.012708 0.289144 
1114 38.232815 0.000000 3.863208 93.850318 -0.000000 1.469335 0.118996 
1115 39.190731 0.000000 3.863208 91.272727 0.000000 1.724448 0.166632 
1116 38.232815 0.000000 4.761247 94.240328 -0.000000 4.555204 0.109801 
1117 38.711773 0.000000 2.516149 109.696991 0.022387 -11.715649 -0.217069 
1118 38.232815 0.000000 2.516149 106.913039 -0.120836 -4.512812 -0.145078 
1119 38.711773 0.000000 2.067130 138.444746 0.000000 -10.304786 -0.927314 
1120 39.190731 0.000000 2.516149 108.487848 0.184843 -13.892483 -0.196265 
1121 38.711773 0.000000 2.965169 97.340425 0.026908 -8.580707 0.045121 
1122 43.022395 0.000000 -2.423065 96.195599 0.046594 7.539663 0.068956 
1123 43.022395 0.000000 -4.219143 96.873993 -0.027079 9.755824 0.052025 
1124 44.938227 0.000000 -2.423065 98.773577 -0.145174 8.207199 0.017640 
1125 42.064479 0.000000 0.271052 60.025552 0.307681 -23.242929 0.585660 
1126 42.064479 0.000000 -0.626987 85.974795 0.089947 0.104662 0.260832 
1127 43.022395 0.000000 0.271052 110.310665 0.174756 -28.298317 -0.296927 
1128 42.064479 0.000000 1.169091 108.382726 3.521808 26.828580 -0.247899 
1129 40.627605 0.000000 0.720071 87.091750 1.083643 23.820950 0.184642 
1130 40.148647 0.000000 0.720071 88.185863 0.822633 24.417465 0.162636 
1131 40.627605 0.000000 0.271052 87.565299 0.963688 24.067165 0.175216 
1132 41.106563 0.000000 0.720071 87.358797 1.561485 23.301159 0.182306 
1133 40.627605 0.000000 1.169091 256.853390 -0.772039 69.575246 -6.081497 
1134 60.264882 0.000000 10.149481 99.313957 -0.840040 10.391133 0.002806 
1135 67.928210 0.000000 10.149481 99.599158 -1.077787 9.048339 -0.000303 
1136 60.264882 0.000000 17.333794 99.383889 0.045483 10.670189 0.000899 
1137 48.769891 0.000000 6.557325 99.378908 -1.103027 9.390740 0.003443 
1138 52.601555 0.000000 6.557325 99.412917 -0.897338 9.199641 0.003163 
1139 48.769891 0.000000 10.149481 96.512940 1.577721 26.222581 -0.000486 
1140 43.022395 0.000000 4.761247 96.213416 -0.805057 17.588040 0.043299 
1141 44.938227 0.000000 4.761247 100.709931 -0.022907 12.965280 -0.031059 
1142 43.022395 0.000000 6.557325 95.680280 0.000000 9.475188 0.075550 
1143 42.064479 0.000000 2.067130 554.130332 0.223342 46.213335 -29.919615 
1144 43.022395 0.000000 2.067130 233.494236 0.819951 43.098992 -4.637775 
1145 42.064479 0.000000 2.965169 114.300199 -2.864580 1.104030 -0.307396 
1146 40.148647 0.000000 3.863208 87.372533 -0.000000 3.498021 0.235380 
1147 41.106563 0.000000 3.863208 81.661778 0.000000 9.519797 0.324073 
1148 40.148647 0.000000 4.761247 90.687392 -0.000000 6.706795 0.173082 
1149 40.627605 0.000000 2.516149 150.083601 0.740970 -1.843936 -1.252904 
1150 40.148647 0.000000 2.516149 119.005247 0.660544 -16.109418 -0.442220 
1151 40.627605 0.000000 2.067130 272.318902 0.000000 0.819455 -6.415826 
1152 41.106563 0.000000 2.516149 153.978809 0.576022 0.167821 -1.370983 
1153 40.627605 0.000000 2.965169 86.457811 0.293194 -2.044715 0.252078 
1154 42.064479 0.000000 3.863208 81.938739 0.000000 13.658200 0.309950 
1155 43.022395 0.000000 3.863208 99.289544 -0.727972 30.400522 -0.078314 
1156 42.064479 0.000000 4.761247 90.010473 0.000000 12.938919 0.173070 
1157 41.585521 0.000000 2.516149 101.416010 -1.009101 -0.431094 -0.028641 
1158 41.585521 0.000000 2.067130 453.127798 0.223740 19.620932 -19.570983 
1159 42.064479 0.000000 2.516149 113.496711 -2.717294 0.002386 -0.288889 
1160 41.585521 0.000000 2.965169 88.646838 -0.253317 0.717295 0.214116 
1161 40.627605 0.000000 3.414188 78.920554 -0.000000 2.631184 0.376462 
1162 40.148647 0.000000 3.414188 84.177796 -0.000000 1.007282 0.291308 
1163 41.106563 0.000000 3.414188 76.196994 0.000000 5.822548 0.416012 
1164 40.627605 0.000000 3.863208 84.420979 -0.000000 6.469836 0.283124 
1165 40.867084 0.000000 2.740659 97.051393 0.446738 39.780310 -0.100165 
1166 40.627605 0.000000 2.740659 115.518801 0.524517 13.439731 -0.352549 
1167 40.867084 0.000000 2.516149 144.970307 0.698998 16.752371 -1.129752 
1168 41.106563 0.000000 2.740659 126.623448 0.270397 -4.124535 -0.605058 
1169 40.867084 0.000000 2.965169 82.081432 0.262258 0.576144 0.326224 
1170 41.585521 0.000000 0.720071 90.954499 2.310025 23.795132 0.115573 
1171 41.585521 0.000000 0.271052 62.269133 0.410715 4.216987 0.610460 
1172 42.064479 0.000000 0.720071 108.695206 3.564881 26.732179 -0.254197 
1173 41.585521 0.000000 1.169091 89.637937 2.231465 23.184040 0.142256 
1174 41.585521 0.000000 3.414188 75.819055 0.000000 8.582670 0.417781 
1175 42.064479 0.000000 3.414188 79.114672 0.000000 14.031986 0.354397 
1176 41.585521 0.000000 3.863208 81.171823 0.000000 13.061375 0.324054 
1177 41.346042 0.000000 2.740659 111.696870 0.057294 0.087837 -0.247620 
1178 41.346042 0.000000 2.516149 123.240559 0.067429 0.195713 -0.518828 
1179 41.585521 0.000000 2.740659 97.854974 -0.725039 -0.522336 0.042361 
1180 41.346042 0.000000 2.965169 82.380552 -0.169225 1.268933 0.321181 
1181 41.585521 0.000000 1.618110 448.827012 0.167545 51.809010 -19.412989 
1182 41.106563 0.000000 1.618110 340.102647 0.208797 43.439633 -10.755686 
1183 42.064479 0.000000 1.618110 552.785222 0.622305 33.639275 -29.670349 
1184 41.346042 0.000000 2.291640 159.684825 0.085153 1.503273 -1.550151 
1185 41.106563 0.000000 2.291640 239.258590 0.354526 4.432676 -4.726445 
1186 41.346042 0.000000 2.067130 292.475186 0.000000 6.656361 -7.558604 
1187 41.585521 0.000000 2.291640 135.426022 -0.379580 1.343836 -0.834216 
1188 41.226303 0.000000 2.628404 125.499685 0.534550 0.013144 -0.575046 
1189 41.106563 0.000000 2.628404 143.053207 0.429041 -4.492762 -1.048459 
1190 41.226303 0.000000 2.516149 127.784651 0.410875 0.075368 -0.632909 
1191 41.346042 0.000000 2.628404 122.001108 0.232069 0.145822 -0.488435 
1192 41.226303 0.000000 2.740659 122.195784 0.449286 0.381709 -0.493216 
1193 35.838025 0.000000 2.516149 97.185130 -0.839825 -2.838058 0.054629 
1194 35.838025 0.000000 2.067130 97.625823 -0.000000 -3.519644 0.045681 
1195 35.838025 0.000000 2.965169 96.943353 -0.677354 -2.482729 0.059536 
1196 36.795941 0.000000 3.414188 93.590339 -0.000000 -1.573095 0.123837 
1197 36.316983 0.000000 3.414188 96.728124 -0.000000 -0.292611 0.064358 
1198 37.274899 0.000000 3.414188 92.691247 -0.000000 -1.740746 0.140530 
1199 36.795941 0.000000 3.863208 95.915772 -0.000000 1.769589 0.079703 
1200 83.254865 0.000000 175.388667 99.045878 0.007917 13.881763 -0.000279 
1201 21.948244 0.000000 175.388667 99.047979 0.005435 13.896427 -0.000361 
1202 144.561486 0.000000 175.388667 99.041330 0.010070 13.871949 -0.000162 
1203 83.254865 0.000000 232.863166 99.038150 0.005588 13.898925 -0.000174 
1204 52.601555 0.000000 89.176918 99.102149 0.013585 13.783441 -0.001122 
1205 21.948244 0.000000 89.176918 99.111235 0.008630 13.839259 -0.001456 
1206 83.254865 0.000000 89.176918 99.083309 0.018725 13.747076 -0.000648 
1207 52.601555 0.000000 117.914168 99.072450 0.009606 13.845886 -0.000706 
1208 37.274899 0.000000 46.071043 99.294477 0.002071 13.464263 -0.004068 
1209 21.948244 0.000000 46.071043 99.325903 -0.068915 13.650344 -0.005197 
1210 52.601555 0.000000 46.071043 99.235399 0.004656 13.331753 -0.002540 
1211 37.274899 0.000000 60.439668 99.232791 0.038089 13.650607 -0.003349 
1212 44.938227 0.000000 24.518106 99.532061 -0.015662 12.113248 -0.005336 
1213 37.274899 0.000000 24.518106 99.764446 0.061273 12.296736 -0.010416 
1214 52.601555 0.000000 24.518106 99.337725 0.027192 12.018722 -0.001243 
1215 44.938227 0.000000 31.702419 99.400205 -0.034978 12.802360 -0.004430 
1216 41.106563 0.000000 13.741638 100.978512 0.163141 9.042317 -0.027845 
1217 37.274899 0.000000 13.741638 100.814716 0.126676 10.997515 -0.028457 
1218 44.938227 0.000000 13.741638 99.586366 0.155194 9.354898 -0.000498 
1219 41.106563 0.000000 17.333794 100.211040 0.059721 10.732279 -0.015744 
1220 39.190731 0.000000 8.353403 91.879391 -0.000000 7.534279 0.150141 
1221 37.274899 0.000000 8.353403 93.891538 0.000000 12.015826 0.104000 
1222 41.106563 0.000000 8.353403 94.486117 0.000000 5.856579 0.103807 
1223 39.190731 0.000000 10.149481 98.228102 0.376592 0.591871 0.035075 
1224 40.148647 0.000000 5.659286 92.425766 0.000000 7.656541 0.139886 
1225 39.190731 0.000000 5.659286 93.239463 -0.000000 6.733754 0.126106 
1226 41.106563 0.000000 5.659286 92.238178 -0.000000 9.579701 0.140035 
1227 40.148647 0.000000 6.557325 93.220044 -0.000000 7.884471 0.124786 
1228 40.627605 0.000000 4.312228 86.769102 -0.000000 6.767294 0.242533 
1229 40.148647 0.000000 4.312228 89.271824 -0.000000 4.824287 0.200727 
1230 41.106563 0.000000 4.312228 85.228314 0.000000 10.090296 0.263432 
1231 40.627605 0.000000 4.761247 89.856214 -0.000000 8.039025 0.186123 
1232 43.022395 0.000000 8.353403 99.199617 0.000000 8.284772 0.009080 
1233 44.938227 0.000000 8.353403 98.872296 -1.714072 11.417350 0.009098 
1234 43.022395 0.000000 10.149481 98.920336 -0.163246 2.785644 0.020698 
1235 42.064479 0.000000 5.659286 93.374149 0.000000 11.470245 0.114970 
1236 43.022395 0.000000 5.659286 96.179430 -0.191058 12.821078 0.058510 
1237 42.064479 0.000000 6.557325 94.719296 0.000000 9.641049 0.093531 
1238 40.627605 0.000000 5.210267 91.276518 -0.000000 8.343341 0.159899 
1239 40.148647 0.000000 5.210267 91.651303 0.000000 7.139101 0.154907 
1240 41.106563 0.000000 5.210267 90.938253 -0.000000 9.878048 0.163266 
1241 40.627605 0.000000 5.659286 92.223186 -0.000000 8.456175 0.142338 
1242 41.585521 0.000000 5.210267 91.274150 0.000000 11.646048 0.153340 
1243 41.585521 0.000000 4.761247 89.514411 0.000000 12.276969 0.183645 
1244 42.064479 0.000000 5.210267 92.242637 0.000000 12.305956 0.133986 
1245 41.585521 0.000000 5.659286 92.660696 -0.000000 10.634769 0.130090 
1246 38.232815 0.000000 5.659286 94.366467 -0.000000 6.564068 0.105188 
1247 37.274899 0.000000 5.659286 95.225329 -0.000000 6.827136 0.088553 
1248 38.232815 0.000000 6.557325 94.371512 -0.000000 7.874513 0.103201 
1249 38.711773 0.000000 5.210267 93.674777 -0.000000 5.796494 0.119144 
1250 38.232815 0.000000 5.210267 94.224423 -0.000000 5.799859 0.108812 
1251 38.711773 0.000000 4.761247 93.407443 -0.000000 4.737108 0.125261 
1252 39.190731 0.000000 5.210267 92.938429 -0.000000 6.115353 0.132505 
1253 38.711773 0.000000 5.659286 93.891379 -0.000000 6.560978 0.114136 
1254 42.064479 0.000000 7.455364 96.022124 -0.000000 8.042298 0.071507 
1255 41.106563 0.000000 7.455364 94.364518 -0.000000 7.495066 0.103916 
1256 43.022395 0.000000 7.455364 97.220808 0.000000 8.628174 0.047367 
1257 42.064479 0.000000 8.353403 96.618598 -0.000000 6.486952 0.062277 
1258 48.769891 0.000000 13.741638 99.313021 0.035411 10.284230 0.003116 
1259 52.601555 0.000000 13.741638 99.095816 0.007111 11.467274 0.004852 
1260 48.769891 0.000000 17.333794 99.539091 0.172003 10.543346 -0.001922 
1261 46.854059 0.000000 8.353403 98.875393 -0.764162 10.640093 0.010986 
1262 46.854059 0.000000 6.557325 99.340842 -1.034306 9.684849 0.003653 
1263 48.769891 0.000000 8.353403 99.288632 -0.789139 8.358980 0.007127 
1264 46.854059 0.000000 10.149481 94.432792 -5.375549 36.576959 -0.028432 
1265 43.980311 0.000000 7.455364 98.086924 -1.311695 9.880968 0.027960 
1266 43.980311 0.000000 6.557325 97.984484 -1.337139 10.496371 0.028708 
1267 44.938227 0.000000 7.455364 98.752612 -1.163185 10.003533 0.014650 
1268 43.980311 0.000000 8.353403 99.492389 -2.394953 10.613415 -0.001712 
1269 43.022395 0.000000 11.945559 98.805456 0.155172 8.002712 0.017341 
1270 41.106563 0.000000 11.945559 101.610489 0.135415 6.783262 -0.037072 
1271 44.938227 0.000000 11.945559 98.484702 0.128080 11.166453 0.017606 
1272 43.022395 0.000000 13.741638 100.129786 0.161856 8.858607 -0.010448 
1273 42.064479 0.000000 9.251442 98.086457 -0.000000 4.141687 0.036189 
1274 41.106563 0.000000 9.251442 95.185065 -0.000000 3.664542 0.092637 
1275 43.022395 0.000000 9.251442 105.920905 0.000000 8.786265 -0.129644 
1276 42.064479 0.000000 10.149481 98.906850 -0.129798 1.176904 0.021603 
1277 42.543437 0.000000 7.904384 97.146146 0.000000 8.181605 0.049569 
1278 42.064479 0.000000 7.904384 96.269288 -0.000000 7.624275 0.067409 
1279 42.543437 0.000000 7.455364 96.644770 0.000000 8.541622 0.058683 
1280 43.022395 0.000000 7.904384 97.640602 0.000000 8.387396 0.039596 
1281 42.543437 0.000000 8.353403 97.988807 -0.000000 7.417331 0.034318 
1282 43.980311 0.000000 9.251442 119.396564 0.000000 20.073831 -0.465850 
1283 44.938227 0.000000 9.251442 98.055168 -2.162155 19.242515 0.001023 
1284 43.980311 0.000000 10.149481 98.455476 2.048720 6.067656 0.026551 
1285 43.501353 0.000000 8.802423 101.339453 0.000000 8.842213 -0.034787 
1286 43.022395 0.000000 8.802423 100.776083 0.000000 8.218408 -0.022336 
1287 43.501353 0.000000 8.353403 100.106701 0.000000 8.732107 -0.009760 
1288 43.980311 0.000000 8.802423 101.818903 0.000000 9.419892 -0.045582 
1289 43.501353 0.000000 9.251442 112.920762 0.000000 15.292957 -0.298497 
1290 42.543437 0.000000 8.802423 98.780035 -0.000000 7.080576 0.019237 
1291 42.064479 0.000000 8.802423 96.983263 -0.000000 5.564820 0.056328 
1292 42.543437 0.000000 9.251442 100.617560 -0.000000 5.170041 -0.015062 
1293 46.854059 0.000000 11.945559 98.377773 -0.302634 13.608509 0.013653 
1294 48.769891 0.000000 11.945559 97.745368 -0.527972 17.414421 0.014230 
1295 46.854059 0.000000 13.741638 99.374080 0.060940 9.894208 0.002689 
1296 43.980311 0.000000 11.047520 95.137691 0.093979 15.022159 0.072315 
1297 43.022395 0.000000 11.047520 95.822958 0.070889 8.009951 0.075380 
1298 44.938227 0.000000 11.047520 96.493803 -0.228705 19.236360 0.031886 
1299 43.980311 0.000000 11.945559 98.312040 0.131846 9.789188 0.023890 
1300 43.501353 0.000000 9.700462 106.772158 0.501629 10.881326 -0.151895 
1301 43.022395 0.000000 9.700462 104.155640 -0.093443 6.308196 -0.088820 
1302 43.980311 0.000000 9.700462 109.363014 0.959415 13.180324 -0.213491 
1303 43.501353 0.000000 10.149481 98.222895 0.870062 4.779975 0.032866 
1304 29.611572 0.000000 24.518106 99.855098 0.012868 12.593378 -0.012963 
1305 21.948244 0.000000 24.518106 99.945161 -0.109571 13.059724 -0.015960 
1306 29.611572 0.000000 31.702419 99.637974 -0.068571 13.113930 -0.009971 
1307 33.443236 0.000000 13.741638 100.065913 0.084172 10.984375 -0.013385 
1308 29.611572 0.000000 13.741638 100.252081 0.058022 10.695299 -0.016487 
1309 33.443236 0.000000 17.333794 100.144433 0.038844 11.624613 -0.016404 
1310 39.190731 0.000000 11.945559 103.163649 0.314798 8.940510 -0.072277 
1311 37.274899 0.000000 11.945559 101.303756 0.273007 11.369532 -0.039179 
1312 39.190731 0.000000 13.741638 101.457268 0.119023 9.989348 -0.039338 
1313 42.064479 0.000000 11.047520 99.423565 0.089046 5.124630 0.008868 
1314 41.106563 0.000000 11.047520 101.810981 0.144357 4.853897 -0.038906 
1315 42.064479 0.000000 11.945559 100.150864 0.138574 6.923446 -0.007815 
1316 42.543437 0.000000 9.700462 100.230960 -0.164120 2.071034 -0.005056 
1317 42.064479 0.000000 9.700462 98.815314 -0.091188 1.749712 0.023246 
1318 42.543437 0.000000 10.149481 98.956240 -0.225524 1.100669 0.020640 
1319 43.501353 0.000000 10.598501 88.314288 0.128044 16.200133 0.193813 
1320 43.022395 0.000000 10.598501 92.182752 -0.002635 7.634890 0.144405 
1321 43.980311 0.000000 10.598501 91.102475 0.264227 25.292130 0.106058 
1322 43.501353 0.000000 11.047520 94.653074 0.106659 11.475457 0.090910 
1323 43.261874 0.000000 9.924972 100.957014 -0.023844 3.961467 -0.020801 
1324 43.022395 0.000000 9.924972 100.984393 -0.226487 2.947098 -0.020658 
1325 43.261874 0.000000 9.700462 104.404172 0.414373 8.053326 -0.096526 
1326 43.501353 0.000000 9.924972 101.956080 0.951445 6.818978 -0.044245 
1327 43.261874 0.000000 10.149481 98.557325 0.508351 4.145151 0.026901 
1328 29.132614 0.000000 2.516149 98.794000 0.036400 2.145814 0.023514 
1329 29.132614 0.000000 2.067130 102.388332 0.138128 1.983702 -0.048732 
1330 29.611572 0.000000 2.516149 98.395495 0.037433 0.216419 0.031828 
1331 29.132614 0.000000 2.965169 100.837461 0.011501 10.819401 -0.028525 
1332 28.414177 0.000000 2.740659 98.544857 0.032768 5.994133 0.025298 
1333 28.414177 0.000000 2.516149 98.625576 0.107630 4.686283 0.025102 
1334 28.653656 0.000000 2.740659 100.672853 0.008041 11.859798 -0.027568 
1335 28.414177 0.000000 2.965169 96.039714 0.005465 6.649005 0.073216 
1336 29.132614 0.000000 3.414188 98.872865 0.033667 3.760000 0.021002 
1337 29.611572 0.000000 3.414188 97.963454 0.010844 3.303402 0.039225 
1338 29.132614 0.000000 3.863208 98.067494 0.028089 4.469926 0.036279 
1339 28.414177 0.000000 3.189679 95.942472 0.037203 7.616535 0.073703 
1340 28.653656 0.000000 3.189679 99.796944 0.026834 13.414950 -0.013939 
1341 28.414177 0.000000 3.414188 96.824455 0.058487 6.605367 0.058139 
1342 28.294437 0.000000 2.852914 96.477668 -0.004498 5.776412 0.065869 
1343 28.174698 0.000000 2.852914 95.624808 0.004733 2.351819 0.085037 
1344 28.294437 0.000000 2.740659 97.581991 0.027837 4.685957 0.045580 
1345 28.414177 0.000000 2.852914 96.726064 0.007922 5.952923 0.060863 
1346 28.294437 0.000000 2.965169 95.636601 0.010465 6.347383 0.081335 
1347 28.893135 0.000000 2.740659 101.557599 0.009931 14.769704 -0.053209 
1348 28.893135 0.000000 2.516149 100.579349 0.034760 11.603402 -0.025085 
1349 29.132614 0.000000 2.740659 100.006904 0.013648 9.810078 -0.009762 
1350 28.893135 0.000000 2.965169 102.665722 0.007360 15.364381 -0.077631 
1351 28.533916 0.000000 2.852914 98.917603 -0.014700 7.398323 0.016057 
1352 28.533916 0.000000 2.740659 99.881385 0.019388 9.188926 -0.006073 
1353 28.653656 0.000000 2.852914 101.454961 0.002494 18.833673 -0.064782 
1354 28.533916 0.000000 2.965169 98.850246 0.005064 9.397113 0.014032 
1355 28.294437 0.000000 3.077424 92.861883 0.017654 6.999717 0.132767 
1356 28.174698 0.000000 3.077424 95.063169 0.050452 5.521405 0.093251 
1357 28.414177 0.000000 3.077424 94.125381 0.013479 8.300672 0.107151 
1358 28.294437 0.000000 3.189679 94.272950 0.046300 7.402652 0.105781 
1359 28.354307 0.000000 2.909042 95.706818 -0.012647 6.284069 0.080072 
1360 28.294437 0.000000 2.909042 96.046466 0.005781 7.273045 0.072218 
1361 28.354307 0.000000 2.852914 96.372205 -0.017340 5.718152 0.067970 
1362 28.414177 0.000000 2.909042 96.235144 0.004137 6.384185 0.069804 
1363 28.354307 0.000000 2.965169 95.153034 0.005423 6.793392 0.089975 
1364 28.653656 0.000000 0.271052 57.252736 0.191424 5.811373 0.668832 
1365 27.695740 0.000000 0.271052 51.530215 0.157782 5.341814 0.731608 
1366 28.653656 0.000000 -0.626987 56.780385 0.050833 14.092216 0.657739 
1367 29.611572 0.000000 0.271052 61.250383 0.112776 5.736266 0.621547 
1368 28.174698 0.000000 1.618110 101.810975 0.279712 -2.943518 -0.037422 
1369 27.695740 0.000000 1.618110 101.005043 0.185949 -3.377255 -0.021346 
1370 28.174698 0.000000 1.169091 55.057033 0.251145 2.590231 0.696195 
1371 28.653656 0.000000 1.618110 101.005043 0.185949 -3.377255 -0.021346 
1372 28.414177 0.000000 2.291640 98.479496 0.129747 4.804630 0.027869 
1373 28.174698 0.000000 2.291640 98.379804 0.134391 4.496970 0.030117 
1374 28.414177 0.000000 2.067130 98.818047 0.139256 4.433348 0.021532 
1375 28.653656 0.000000 2.291640 99.786010 0.116569 3.582514 0.002990 
1376 28.294437 0.000000 2.628404 97.212452 0.088736 6.939161 0.050158 
1377 28.174698 0.000000 2.628404 97.976183 0.164023 4.144143 0.038347 
1378 28.294437 0.000000 2.516149 97.758975 0.117958 5.193110 0.041620 
1379 28.414177 0.000000 2.628404 99.101009 0.050068 5.008431 0.015390 
1380 28.354307 0.000000 2.796787 97.444453 0.014745 5.321633 0.047626 
1381 28.294437 0.000000 2.796787 97.235403 0.019913 4.956412 0.052071 
1382 28.354307 0.000000 2.740659 97.732061 0.020106 5.043543 0.042301 
1383 28.414177 0.000000 2.796787 97.825127 0.014405 5.225869 0.040293 
1384 28.893135 0.000000 3.189679 98.523130 0.016292 9.727620 0.019857 
1385 29.132614 0.000000 3.189679 96.954604 0.014989 5.436262 0.057025 
1386 28.893135 0.000000 3.414188 98.907516 0.048442 4.759500 0.019465 
1387 28.533916 0.000000 3.077424 96.193720 0.010922 11.087425 0.062384 
1388 28.653656 0.000000 3.077424 99.156776 0.010940 14.147503 -0.003222 
1389 28.533916 0.000000 3.189679 97.303763 0.038823 7.657983 0.047333 
1390 28.474047 0.000000 2.909042 98.272251 -0.002986 8.368570 0.027253 
1391 28.474047 0.000000 2.852914 98.407771 -0.005026 7.665719 0.025715 
1392 28.533916 0.000000 2.909042 99.736155 -0.005795 8.039786 -0.001194 
1393 28.474047 0.000000 2.965169 97.618311 0.006388 9.483866 0.038072 
1394 28.384242 0.000000 2.880978 96.018359 -0.010774 6.082326 0.074348 
1395 28.354307 0.000000 2.880978 95.876639 -0.023566 5.936095 0.077243 
1396 28.384242 0.000000 2.852914 96.413986 -0.010337 5.827848 0.067038 
1397 28.414177 0.000000 2.880978 96.391391 0.003508 6.246248 0.066968 
1398 28.384242 0.000000 2.909042 95.918975 -0.010296 6.240311 0.076061 
1399 28.054958 0.000000 2.852914 95.298696 0.005769 -0.492122 0.091792 
1400 28.054958 0.000000 2.740659 96.182802 0.067470 3.519707 0.073648 
1401 28.054958 0.000000 2.965169 95.269761 0.015288 0.551392 0.092337 
1402 28.054958 0.000000 3.077424 95.284238 0.066517 3.481534 0.090879 
1403 27.935219 0.000000 3.077424 96.800797 0.144251 2.844963 0.062149 
1404 28.054958 0.000000 3.189679 96.341790 0.137070 5.421348 0.068885 
1405 27.995089 0.000000 2.909042 95.143169 -0.001823 -2.643399 0.094079 
1406 27.935219 0.000000 2.909042 94.774239 -0.006346 -7.255486 0.096520 
1407 27.995089 0.000000 2.852914 95.672265 0.008816 -2.016021 0.084275 
1408 28.054958 0.000000 2.909042 94.384434 0.002115 -0.773532 0.109098 
1409 27.995089 0.000000 2.965169 95.627479 0.030382 -1.047046 0.085429 
1410 27.456261 0.000000 3.189679 99.619050 0.290179 -1.200419 0.007452 
1411 27.216782 0.000000 3.189679 100.245786 0.373100 -1.813154 -0.005264 
1412 27.456261 0.000000 3.414188 98.347480 0.288388 0.452483 0.032749 
1413 27.815479 0.000000 3.077424 97.903637 0.212337 1.526241 0.041250 
1414 27.695740 0.000000 3.077424 98.881997 0.244331 0.412592 0.022212 
1415 27.815479 0.000000 3.189679 97.788980 0.211225 1.749678 0.043421 
1416 27.875349 0.000000 2.909042 94.417206 -0.010897 -10.126403 0.098285 
1417 27.815479 0.000000 2.909042 94.580679 -0.004400 -11.672030 0.091826 
1418 27.875349 0.000000 2.852914 94.631950 0.035264 -6.310566 0.100497 
1419 27.875349 0.000000 2.965169 94.859331 0.045879 -5.445554 0.097205 
1420 27.935219 0.000000 2.291640 98.239005 0.224453 2.342314 0.034356 
1421 27.695740 0.000000 2.291640 98.851679 0.283748 0.150871 0.022824 
1422 27.935219 0.000000 2.067130 96.993386 0.200561 1.923562 0.058854 
1423 28.054958 0.000000 2.628404 98.234168 0.177215 3.712817 0.033623 
1424 27.935219 0.000000 2.628404 99.078947 0.203872 1.790613 0.018011 
1425 28.054958 0.000000 2.516149 98.610933 0.186661 3.413252 0.026420 
1426 27.995089 0.000000 2.796787 96.005018 0.038582 -1.200193 0.078159 
1427 27.935219 0.000000 2.796787 95.510657 0.059222 -1.928193 0.087399 
1428 27.995089 0.000000 2.740659 97.146907 0.146936 2.460050 0.055640 
1429 28.054958 0.000000 2.796787 95.808632 0.025145 0.322434 0.082060 
1430 27.965154 0.000000 2.880978 95.405048 -0.004005 -4.023399 0.088169 
1431 27.935219 0.000000 2.880978 94.935464 -0.010825 -7.157074 0.093603 
1432 27.965154 0.000000 2.852914 95.264308 0.021094 -2.478557 0.091857 
1433 27.995089 0.000000 2.880978 95.378166 -0.012419 -3.787842 0.088866 
1434 27.965154 0.000000 2.909042 95.137475 0.016247 -2.544519 0.094239 
1435 30.090530 0.000000 3.414188 97.625509 0.012113 4.285371 0.045090 
1436 30.090530 0.000000 2.965169 109.113497 0.008753 -0.487345 -0.190599 
1437 30.090530 0.000000 3.863208 97.234535 0.009148 4.926819 0.052117 
1438 29.372093 0.000000 3.189679 98.951177 0.007148 8.942542 0.012870 
1439 29.372093 0.000000 2.965169 98.401559 0.016405 -0.641947 0.031672 
1440 29.611572 0.000000 3.189679 104.018188 0.007819 0.876233 -0.082055 
1441 29.372093 0.000000 3.414188 97.730633 0.020830 4.119511 0.043175 
1442 25.779908 0.000000 13.741638 100.796254 0.105004 10.916294 -0.027906 
1443 21.948244 0.000000 13.741638 101.256309 0.137822 11.557072 -0.038643 
1444 25.779908 0.000000 17.333794 100.545487 -0.031768 11.870085 -0.025029 
1445 27.695740 0.000000 8.353403 100.524338 0.161508 8.026344 -0.016959 
1446 25.779908 0.000000 8.353403 101.024648 0.159213 8.198085 -0.027321 
1447 29.611572 0.000000 8.353403 99.826570 0.159196 7.981022 -0.002907 
1448 27.695740 0.000000 10.149481 100.449894 0.167678 9.337410 -0.017740 
1449 28.653656 0.000000 5.659286 99.089731 0.291397 5.267335 0.015340 
1450 27.695740 0.000000 5.659286 99.713935 0.401740 4.955231 0.003242 
1451 29.611572 0.000000 5.659286 98.726797 0.452677 5.559293 0.022191 
1452 28.653656 0.000000 6.557325 99.472420 0.349765 6.431779 0.006375 
1453 29.132614 0.000000 4.312228 95.479142 -0.000000 3.247145 0.087319 
1454 28.653656 0.000000 4.312228 98.698271 0.510069 3.097456 0.024880 
1455 29.611572 0.000000 4.312228 95.312882 -0.000000 3.956868 0.089980 
1456 29.132614 0.000000 4.761247 98.408398 0.403575 4.160540 0.029831 
1457 28.893135 0.000000 3.638698 98.383196 0.030189 5.091564 0.029482 
1458 28.653656 0.000000 3.638698 98.170360 0.058572 5.563214 0.033163 
1459 29.132614 0.000000 3.638698 98.001435 0.024410 4.066501 0.037918 
1460 28.893135 0.000000 3.863208 97.876135 0.022737 5.438774 0.039068 
1461 29.012874 0.000000 3.301934 98.202536 0.036091 6.817345 0.030978 
1462 28.893135 0.000000 3.301934 99.864189 0.049695 7.561558 -0.003004 
1463 29.012874 0.000000 3.189679 96.610344 0.010000 7.925228 0.060363 
1464 29.132614 0.000000 3.301934 98.269005 0.031282 5.199904 0.031616 
1465 29.012874 0.000000 3.414188 99.149366 0.053735 3.992376 0.015346 
1466 31.527404 0.000000 8.353403 99.364197 0.149836 8.359701 0.005685 
1467 33.443236 0.000000 8.353403 98.675491 0.451400 8.889709 0.018392 
1468 31.527404 0.000000 10.149481 99.549869 0.186950 9.459552 0.000031 
1469 30.569488 0.000000 5.659286 98.307591 0.385861 5.818989 0.030161 
1470 31.527404 0.000000 5.659286 98.186990 0.314838 5.984773 0.032340 
1471 30.569488 0.000000 6.557325 98.774790 0.239947 6.730943 0.019818 
1472 30.090530 0.000000 4.312228 96.758612 -0.000000 5.900798 0.060295 
1473 30.569488 0.000000 4.312228 98.252695 -0.000000 6.501480 0.030414 
1474 30.090530 0.000000 4.761247 98.112654 0.545997 4.588244 0.035256 
1475 30.330009 0.000000 3.638698 98.120937 0.006606 5.196136 0.034528 
1476 30.090530 0.000000 3.638698 97.782253 0.018587 4.278793 0.042032 
1477 30.330009 0.000000 3.414188 97.759200 0.008612 5.042163 0.041772 
1478 30.569488 0.000000 3.638698 98.198744 0.003559 5.888383 0.032233 
1479 30.330009 0.000000 3.863208 97.917792 0.007620 5.427574 0.038265 
1480 29.851051 0.000000 3.638698 97.996766 0.018893 3.865037 0.038169 
1481 29.611572 0.000000 3.638698 97.990251 0.020253 3.762203 0.038376 
1482 29.851051 0.000000 3.414188 97.106715 0.012011 3.688678 0.055668 
1483 29.851051 0.000000 3.863208 97.562546 0.009741 3.983388 0.046568 
1484 30.090530 0.000000 2.516149 98.349308 0.040645 2.751197 0.031984 
1485 30.090530 0.000000 2.067130 101.394550 0.167290 0.057188 -0.028089 
1486 30.330009 0.000000 3.189679 99.515737 0.008297 3.705938 0.008288 
1487 30.090530 0.000000 3.189679 97.790558 0.011207 3.885705 0.042191 
1488 30.330009 0.000000 2.965169 116.923572 -0.005511 -4.686658 -0.369309 
1489 30.569488 0.000000 3.189679 102.956608 -0.001941 2.529032 -0.060646 
1490 30.210269 0.000000 3.526443 97.215298 0.006707 5.132139 0.052285 
1491 30.090530 0.000000 3.526443 97.471794 0.009884 4.762603 0.047657 
1492 30.210269 0.000000 3.414188 97.852216 0.009409 4.741373 0.040246 
1493 30.330009 0.000000 3.526443 97.404323 0.006812 4.927889 0.048811 
1494 30.210269 0.000000 3.638698 98.049574 0.017068 4.804621 0.036320 
1495 29.851051 0.000000 3.189679 98.198173 0.011059 2.380536 0.035145 
1496 29.851051 0.000000 2.965169 97.542375 0.015753 2.759201 0.047787 
1497 29.970790 0.000000 3.526443 97.321016 0.016135 3.649534 0.051530 
1498 29.851051 0.000000 3.526443 97.588559 0.015588 3.491602 0.046428 
1499 29.970790 0.000000 3.414188 97.373081 0.012332 4.104337 0.050164 
1500 29.970790 0.000000 3.638698 97.586927 0.019440 3.990009 0.046087 
1501 30.210269 0.000000 3.301934 99.851629 0.010749 3.743304 0.001564 
1502 30.090530 0.000000 3.301934 97.524101 0.010375 4.053567 0.047262 
1503 30.210269 0.000000 3.189679 100.036599 0.010531 3.375655 -0.001872 
1504 30.330009 0.000000 3.301934 100.114212 0.010045 4.174820 -0.004028 
1505 30.150400 0.000000 3.470316 97.336894 0.006600 5.124846 0.049926 
1506 30.090530 0.000000 3.470316 97.681088 0.013593 4.028435 0.044218 
1507 30.150400 0.000000 3.414188 97.939318 0.012108 4.348377 0.038898 
1508 30.210269 0.000000 3.470316 97.410787 0.006892 4.993500 0.048620 
1509 30.150400 0.000000 3.526443 97.332459 0.006594 5.372190 0.049753 
1510 31.048446 0.000000 4.312228 97.758244 -0.000000 6.879620 0.039600 
1511 31.527404 0.000000 4.312228 97.437918 -0.000000 6.613024 0.046212 
1512 31.048446 0.000000 4.761247 97.681296 -0.000000 7.986903 0.039457 
1513 30.808967 0.000000 3.638698 98.496713 0.001494 6.697577 0.025354 
1514 30.808967 0.000000 3.414188 100.947989 0.002768 4.327259 -0.020922 
1515 31.048446 0.000000 3.638698 98.860984 -0.000000 4.855452 0.020293 
1516 30.808967 0.000000 3.863208 98.200316 -0.000000 6.316039 0.031681 
1517 30.449748 0.000000 3.526443 97.635687 0.006662 5.059631 0.044167 
1518 30.449748 0.000000 3.414188 100.123651 0.008966 4.172884 -0.004216 
1519 30.569488 0.000000 3.526443 98.332019 0.003026 5.572208 0.029976 
1520 30.449748 0.000000 3.638698 98.022555 0.004800 5.385598 0.036257 
1521 30.270139 0.000000 3.470316 97.441541 0.007517 5.042401 0.047972 
1522 30.270139 0.000000 3.414188 97.854961 0.009190 5.218971 0.039717 
1523 30.330009 0.000000 3.470316 97.464898 0.006961 4.951740 0.047607 
1524 30.270139 0.000000 3.526443 97.403039 0.007602 5.006874 0.048758 
1525 30.330009 0.000000 4.087718 97.463879 -0.000000 5.833405 0.046676 
1526 30.090530 0.000000 4.087718 97.480350 0.010811 5.081070 0.047176 
1527 30.569488 0.000000 4.087718 98.049914 -0.000000 6.021851 0.034995 
1528 30.330009 0.000000 4.312228 97.309693 -0.000000 6.448751 0.048924 
1529 30.210269 0.000000 3.750953 97.507408 0.008025 5.015199 0.046715 
1530 30.090530 0.000000 3.750953 97.176679 0.008859 4.918518 0.053250 
1531 30.330009 0.000000 3.750953 98.096947 0.006789 5.175933 0.035020 
1532 30.210269 0.000000 3.863208 97.383004 0.008666 5.144235 0.049009 
1533 30.150400 0.000000 3.582571 98.242672 0.016479 4.381842 0.032918 
1534 30.090530 0.000000 3.582571 97.713335 0.017947 4.314170 0.043349 
1535 30.210269 0.000000 3.582571 97.599105 0.011554 4.958628 0.044983 
1536 30.150400 0.000000 3.638698 97.458044 0.018946 4.800551 0.047888 
1537 30.180334 0.000000 3.498380 97.277317 0.005831 5.310992 0.050892 
1538 30.150400 0.000000 3.498380 97.165252 0.004544 5.533041 0.052830 
1539 30.180334 0.000000 3.470316 97.533676 0.008462 4.661210 0.046546 
1540 30.210269 0.000000 3.498380 96.848889 0.001765 5.383453 0.059131 
1541 30.180334 0.000000 3.526443 97.368458 0.006775 5.242025 0.049190 
1542 29.970790 0.000000 3.301934 97.368149 0.009423 3.693264 0.050580 
1543 29.851051 0.000000 3.301934 97.765328 0.009478 3.220185 0.043157 
1544 29.970790 0.000000 3.189679 97.415223 0.006370 1.475982 0.050810 
1545 30.030660 0.000000 3.470316 97.590972 0.012948 4.102290 0.045917 
1546 29.970790 0.000000 3.470316 97.533124 0.014531 3.803937 0.047282 
1547 30.030660 0.000000 3.414188 97.333619 0.011215 4.256057 0.050805 
1548 30.030660 0.000000 3.526443 97.455792 0.015802 3.817083 0.048780 
1549 30.120465 0.000000 3.498380 97.182068 0.005037 5.462025 0.052581 
1550 30.090530 0.000000 3.498380 97.417802 0.009305 4.828294 0.048646 
1551 30.120465 0.000000 3.470316 97.428856 0.008063 4.987572 0.048274 
1552 30.120465 0.000000 3.526443 97.382536 0.008019 5.114203 0.049049 
1553 30.270139 0.000000 3.582571 97.735961 0.011352 4.848087 0.042418 
1554 30.330009 0.000000 3.582571 97.667776 0.009504 4.924212 0.043676 
1555 30.270139 0.000000 3.638698 98.176332 0.016062 4.874733 0.033764 
1556 30.180334 0.000000 3.554507 97.702260 0.010449 4.761709 0.043159 
1557 30.150400 0.000000 3.554507 97.733759 0.011346 4.662692 0.042637 
1558 30.210269 0.000000 3.554507 97.380276 0.008812 5.012478 0.049196 
1559 30.180334 0.000000 3.582571 97.561504 0.011844 4.914908 0.045760 
1560 30.165367 0.000000 3.512411 97.307932 0.006201 5.373208 0.050230 
1561 30.150400 0.000000 3.512411 97.221827 0.005221 5.405426 0.051870 
1562 30.165367 0.000000 3.498380 97.279501 0.005812 5.230318 0.050934 
1563 30.180334 0.000000 3.512411 97.301299 0.006086 5.293418 0.050444 
1564 30.165367 0.000000 3.526443 97.365136 0.006843 5.292565 0.049202 
1565 45.896143 0.000000 9.251442 97.966173 -0.239219 16.751359 0.012196 
1566 45.896143 0.000000 8.353403 98.789131 -1.152064 11.084168 0.011652 
1567 46.854059 0.000000 9.251442 98.205260 1.058407 14.870801 0.013347 
1568 45.896143 0.000000 10.149481 91.832146 17.961290 44.741256 -0.075753 
1569 44.459269 0.000000 9.700462 95.133129 15.758834 36.950972 -0.066403 
1570 44.459269 0.000000 9.251442 99.023520 -4.403417 20.914961 -0.026248 
1571 44.938227 0.000000 9.700462 76.216829 -10.512343 90.964904 -0.419413 
1572 44.459269 0.000000 10.149481 91.166617 4.165040 47.505432 -0.058547 
1573 43.740832 0.000000 9.924972 100.337206 1.122715 6.680514 -0.011344 
1574 43.740832 0.000000 9.700462 104.596576 0.847212 9.732312 -0.103588 
1575 43.980311 0.000000 9.924972 106.549866 1.299399 11.782066 -0.149338 
1576 43.740832 0.000000 10.149481 98.811815 1.209227 5.882132 0.020016 
1577 45.896143 0.000000 11.047520 96.154209 -0.684363 23.622788 0.019586 
1578 46.854059 0.000000 11.047520 95.055620 -0.307934 29.904127 0.007008 
1579 45.896143 0.000000 11.945559 98.497668 -0.041138 12.336128 0.014603 
1580 44.459269 0.000000 10.598501 93.510673 0.197923 29.414186 0.039052 
1581 44.938227 0.000000 10.598501 93.853959 0.277558 32.904272 0.010867 
1582 44.459269 0.000000 11.047520 96.076394 -0.050609 17.405437 0.046637 
1583 43.740832 0.000000 10.373991 83.320109 0.635725 31.063733 0.209240 
1584 43.501353 0.000000 10.373991 89.582232 1.743728 0.000000 0.197198 
1585 43.980311 0.000000 10.373991 88.284377 0.869074 35.936979 0.091365 
1586 43.740832 0.000000 10.598501 89.105881 0.238294 21.553409 0.159554 
1587 43.621093 0.000000 10.037226 99.077386 1.152107 5.773153 0.014902 
1588 43.501353 0.000000 10.037226 98.405296 0.883994 4.956329 0.029105 
1589 43.621093 0.000000 9.924972 114.369715 0.381970 17.794883 -0.339724 
1590 43.740832 0.000000 10.037226 99.055417 1.221030 6.069181 0.014970 
1591 43.621093 0.000000 10.149481 98.463581 1.196442 5.631422 0.027178 
1592 42.543437 0.000000 10.598501 96.384317 0.001486 4.693333 0.068804 
1593 42.064479 0.000000 10.598501 98.993988 0.050828 3.857429 0.018531 
1594 42.543437 0.000000 11.047520 97.726553 0.071095 6.015521 0.041333 
1595 43.261874 0.000000 10.373991 84.535258 0.023485 11.218834 0.272793 
1596 43.022395 0.000000 10.373991 89.536349 -0.074363 6.559766 0.194021 
1597 43.261874 0.000000 10.598501 89.724779 0.046251 11.070586 0.182690 
1598 43.381614 0.000000 10.037226 98.548046 0.747944 4.894576 0.026377 
1599 43.261874 0.000000 10.037226 99.576817 0.287371 4.131352 0.006731 
1600 43.381614 0.000000 9.924972 99.683337 0.377262 4.179942 0.004562 
1601 43.381614 0.000000 10.149481 98.328755 0.764407 4.729210 0.030851 
1602 42.782916 0.000000 9.924972 100.133614 -0.218718 2.175183 -0.003152 
1603 42.543437 0.000000 9.924972 99.383644 -0.197634 1.418944 0.012084 
1604 42.782916 0.000000 9.700462 102.036419 -0.172735 3.652144 -0.042480 
1605 42.782916 0.000000 10.149481 99.368719 -0.245875 1.600515 0.012324 
1606 43.142135 0.000000 10.037226 99.956289 0.115977 4.616501 -0.001259 
1607 43.022395 0.000000 10.037226 101.132403 -0.194052 3.855354 -0.024266 
1608 43.142135 0.000000 9.924972 99.839354 -0.104629 2.760265 0.002447 
1609 43.142135 0.000000 10.149481 99.800799 0.133826 4.555400 0.001903 
1610 42.782916 0.000000 10.373991 93.212682 -0.086746 4.522967 0.129093 
1611 42.543437 0.000000 10.373991 98.553312 -0.328199 0.000000 0.028714 
1612 42.782916 0.000000 10.598501 94.510557 -0.009372 5.710376 0.103515 
1613 42.902656 0.000000 10.037226 100.329088 -0.247977 2.277164 -0.007117 
1614 42.782916 0.000000 10.037226 99.418556 -0.237585 1.598872 0.011334 
1615 42.902656 0.000000 9.924972 99.974014 -0.249483 2.370270 -0.000048 
1616 42.902656 0.000000 10.149481 99.420525 -0.254642 1.870142 0.011200 
1617 43.261874 0.000000 9.475952 112.890164 0.000000 13.480017 -0.292590 
1618 43.022395 0.000000 9.475952 108.762264 0.000000 9.791715 -0.192511 
1619 43.261874 0.000000 9.251442 109.816666 0.000000 12.913976 -0.222647 
1620 43.501353 0.000000 9.475952 117.396339 0.000000 18.618101 -0.412853 
1621 43.142135 0.000000 9.812717 101.914999 0.099604 5.765874 -0.041992 
1622 43.022395 0.000000 9.812717 102.094010 -0.167178 4.501454 -0.044348 
1623 43.142135 0.000000 9.700462 103.773722 0.092788 6.743773 -0.081447 
1624 43.261874 0.000000 9.812717 101.233201 0.266395 5.298323 -0.027630 
1625 43.082265 0.000000 9.981099 100.478968 -0.133843 2.990391 -0.010498 
1626 43.022395 0.000000 9.981099 101.087625 -0.202365 3.529057 -0.023120 
1627 43.082265 0.000000 9.924972 100.620442 -0.225883 2.310056 -0.012986 
1628 43.142135 0.000000 9.981099 100.039288 -0.083718 3.083059 -0.001737 
1629 43.082265 0.000000 10.037226 100.026736 0.087484 4.522299 -0.002581 
1630 40.148647 0.000000 9.251442 93.474543 -0.000000 3.487136 0.125035 
1631 39.190731 0.000000 9.251442 90.968490 -0.000000 3.873819 0.170973 
1632 40.148647 0.000000 8.353403 92.754328 -0.000000 6.248382 0.135759 
1633 40.148647 0.000000 10.149481 99.290024 0.121127 0.509668 0.014122 
1634 41.585521 0.000000 9.700462 98.297409 -0.042406 1.565979 0.033517 
1635 41.106563 0.000000 9.700462 98.362291 -0.010900 1.346613 0.032305 
1636 41.585521 0.000000 9.251442 96.176319 0.000000 3.900669 0.073490 
1637 41.585521 0.000000 10.149481 98.680954 -0.056085 1.115884 0.026082 
1638 40.148647 0.000000 11.047520 103.536987 0.309423 5.397585 -0.074914 
1639 39.190731 0.000000 11.047520 105.309806 0.410856 7.010179 -0.113947 
1640 40.148647 0.000000 11.945559 102.695261 0.166631 7.480544 -0.060230 
1641 40.627605 0.000000 9.700462 98.243557 0.025901 1.206859 0.034675 
1642 40.148647 0.000000 9.700462 97.969973 0.091937 0.864079 0.040113 
1643 40.627605 0.000000 9.251442 94.367192 -0.000000 3.499322 0.108259 
1644 40.627605 0.000000 10.149481 99.590614 0.036831 0.670060 0.008126 
1645 35.359068 0.000000 8.353403 97.817213 0.911815 9.651405 0.033781 
1646 35.359068 0.000000 10.149481 99.131820 0.318371 10.657887 0.005919 
1647 38.232815 0.000000 9.251442 90.728500 0.000000 10.502983 0.165803 
1648 37.274899 0.000000 9.251442 93.915534 0.000000 14.955896 0.095619 
1649 38.232815 0.000000 8.353403 92.329281 -0.000000 10.038207 0.137454 
1650 38.232815 0.000000 10.149481 104.969090 1.030778 3.565168 -0.103228 
1651 35.359068 0.000000 11.945559 100.057717 0.169782 11.076861 -0.013427 
1652 33.443236 0.000000 11.945559 99.742171 0.114251 10.550682 -0.005983 
1653 35.359068 0.000000 13.741638 100.175763 0.117651 11.155079 -0.015963 
1654 38.232815 0.000000 11.047520 104.740781 0.526211 10.938146 -0.109055 
1655 37.274899 0.000000 11.047520 101.385493 0.385121 12.267461 -0.042966 
1656 38.232815 0.000000 11.945559 102.609591 0.283547 10.571108 -0.064056 
1657 38.711773 0.000000 9.700462 98.632876 0.552858 2.522036 0.026489 
1658 38.232815 0.000000 9.700462 100.034623 0.698466 6.142469 -0.004514 
1659 38.711773 0.000000 9.251442 90.069097 -0.000000 6.489161 0.184545 
1660 39.190731 0.000000 9.700462 96.867957 0.296151 0.845915 0.061580 
1661 38.711773 0.000000 10.149481 100.767830 0.693653 1.431139 -0.015668 
1662 39.669689 0.000000 9.700462 97.447164 0.196321 0.752525 0.050345 
1663 39.669689 0.000000 9.251442 92.356786 -0.000000 3.489889 0.145804 
1664 39.669689 0.000000 10.149481 99.079427 0.260705 0.285302 0.018312 
1665 38.711773 0.000000 10.598501 108.217132 0.623792 6.860087 -0.175840 
1666 38.232815 0.000000 10.598501 107.446845 0.832961 11.335518 -0.167401 
1667 39.190731 0.000000 10.598501 106.697109 0.426613 4.565653 -0.140530 
1668 38.711773 0.000000 11.047520 105.592390 0.461466 8.838972 -0.122809 
1669 38.951252 0.000000 9.924972 97.194142 0.377375 0.908093 0.055233 
1670 38.711773 0.000000 9.924972 99.491343 0.630840 2.054529 0.009685 
1671 38.951252 0.000000 9.700462 96.616592 0.348298 1.554633 0.066270 
1672 39.190731 0.000000 9.924972 97.980060 0.362978 0.599738 0.039942 
1673 38.951252 0.000000 10.149481 99.557420 0.495481 0.604624 0.008771 
1674 36.316983 0.000000 9.251442 97.680067 0.929305 11.081031 0.033495 
1675 35.359068 0.000000 9.251442 98.550772 0.477395 10.059559 0.018632 
1676 36.316983 0.000000 8.353403 94.059708 0.000000 11.962000 0.100968 
1677 36.316983 0.000000 10.149481 98.941467 0.551058 11.681255 0.007383 
1678 37.753857 0.000000 9.700462 93.808283 0.000000 16.391451 0.093133 
1679 37.274899 0.000000 9.700462 94.436849 0.000000 16.600481 0.080611 
1680 37.753857 0.000000 9.251442 92.636690 0.000000 14.547870 0.120680 
1681 37.753857 0.000000 10.149481 93.102717 0.000000 16.777703 0.105039 
1682 38.472294 0.000000 9.924972 98.635146 0.646455 3.671515 0.025721 
1683 38.232815 0.000000 9.924972 103.003091 0.788265 7.905025 -0.067275 
1684 38.472294 0.000000 9.700462 100.659309 0.730372 3.893875 -0.014799 
1685 38.472294 0.000000 10.149481 104.723727 0.974984 2.750370 -0.097557 
1686 36.316983 0.000000 11.047520 100.010036 0.285272 11.601276 -0.013668 
1687 35.359068 0.000000 11.047520 99.515452 0.264524 11.006245 -0.002453 
1688 36.316983 0.000000 11.945559 100.401803 0.193279 11.333849 -0.020902 
1689 37.753857 0.000000 10.598501 103.370673 0.748486 13.679538 -0.087319 
1690 37.274899 0.000000 10.598501 100.884254 0.628374 13.115282 -0.035004 
1691 37.753857 0.000000 11.047520 102.912775 0.519078 12.164529 -0.073928 
1692 37.993336 0.000000 9.924972 103.202346 0.897772 6.476684 -0.069348 
1693 37.753857 0.000000 9.924972 98.113192 0.458178 11.590009 0.023926 
1694 37.993336 0.000000 9.700462 99.229475 0.566510 9.890656 0.005537 
1695 37.993336 0.000000 10.149481 104.354241 0.993636 5.413803 -0.092010 
1696 37.993336 0.000000 10.373991 101.614336 0.752402 9.495643 -0.041621 
1697 37.753857 0.000000 10.373991 94.748015 0.000000 18.436131 0.068292 
1698 38.232815 0.000000 10.373991 104.892224 1.043603 4.632188 -0.102492 
1699 37.993336 0.000000 10.598501 105.425296 0.860773 13.134960 -0.128776 
1700 38.113076 0.000000 10.037226 104.886403 1.044321 4.851600 -0.102579 
1701 37.993336 0.000000 10.037226 104.031177 0.966677 5.742793 -0.085640 
1702 38.113076 0.000000 9.924972 104.217934 0.822388 10.050005 -0.096306 
1703 38.232815 0.000000 10.037226 104.348073 0.936008 5.566354 -0.092038 
1704 38.113076 0.000000 10.149481 104.999421 1.051322 4.745944 -0.104851 
1705 46.854059 0.000000 1.169091 101.652829 -0.121750 10.225611 -0.043788 
1706 46.854059 0.000000 -0.626987 100.297815 -0.164999 8.978926 -0.014030 
1707 48.769891 0.000000 1.169091 99.868205 -0.253003 10.654590 -0.008724 
1708 46.854059 0.000000 2.965169 101.609129 0.005611 10.548694 -0.043569 
1709 43.980311 0.000000 2.067130 131.820699 1.434719 14.245709 -0.758170 
1710 43.980311 0.000000 1.169091 126.830870 0.619634 0.096798 -0.608646 
1711 44.938227 0.000000 2.067130 110.823635 1.714033 10.305336 -0.239102 
1712 43.980311 0.000000 2.965169 117.218212 0.464698 23.633163 -0.429885 
1713 43.980311 0.000000 0.271052 111.007047 0.060656 -2.031440 -0.232669 
1714 43.980311 0.000000 -0.626987 101.866313 0.022466 1.968019 -0.038062 
1715 44.938227 0.000000 0.271052 105.679290 -0.084961 6.493448 -0.121028 
1716 43.501353 0.000000 1.618110 161.678840 71.413337 -66.967502 -2.572456 
1717 43.022395 0.000000 1.618110 232.201542 3.775339 65.055914 -4.816408 
1718 43.501353 0.000000 1.169091 148.688473 0.867254 -12.054320 -1.225432 
1719 43.980311 0.000000 1.618110 132.128890 8.231388 -17.820563 -0.784337 
1720 43.501353 0.000000 2.067130 161.948418 2.106117 22.008230 -1.671609 
1721 46.854059 0.000000 4.761247 100.117113 -0.918867 10.599036 -0.013662 
1722 48.769891 0.000000 4.761247 99.619677 -1.482707 10.381945 -0.003406 
1723 45.896143 0.000000 2.067130 104.422224 2.284623 9.404074 -0.099766 
1724 45.896143 0.000000 1.169091 103.961549 0.092816 9.644292 -0.090102 
1725 46.854059 0.000000 2.067130 101.957016 3.061498 9.180301 -0.048888 
1726 45.896143 0.000000 2.965169 103.448616 0.164819 11.475133 -0.083332 
1727 44.459269 0.000000 1.618110 118.548759 2.030291 -11.940232 -0.420050 
1728 44.459269 0.000000 1.169091 115.738596 0.437052 5.310239 -0.342381 
1729 44.938227 0.000000 1.618110 111.254390 -1.458801 -4.982266 -0.240449 
1730 44.459269 0.000000 2.067130 117.913465 1.574985 11.544943 -0.403935 
1731 43.980311 0.000000 3.863208 104.714760 -0.241669 20.252142 -0.137539 
1732 44.938227 0.000000 3.863208 103.487517 -2.180210 14.108422 -0.091347 
1733 43.980311 0.000000 4.761247 99.806647 -1.221923 15.408160 -0.020027 
1734 43.501353 0.000000 2.516149 145.195118 0.454232 35.203999 -1.232115 
1735 43.022395 0.000000 2.516149 185.836896 0.583833 73.838036 -2.998775 
1736 43.980311 0.000000 2.516149 125.585813 0.389497 21.337986 -0.622726 
1737 43.501353 0.000000 2.965169 125.329828 0.762073 36.754224 -0.705902 
1738 43.740832 0.000000 1.842620 149.617235 9.852056 1.660629 -1.248514 
1739 43.501353 0.000000 1.842620 166.574005 6.752407 9.094231 -1.787520 
1740 43.740832 0.000000 1.618110 143.975717 17.235778 -28.184589 -1.182045 
1741 43.980311 0.000000 1.842620 141.392526 10.620226 -17.222270 -1.040124 
1742 43.740832 0.000000 2.067130 144.317562 2.338345 16.857121 -1.111719 
1743 42.543437 0.000000 1.618110 415.463860 2.015661 0.154018 -16.261431 
1744 42.543437 0.000000 1.169091 362.319190 1.652096 -156.995785 -14.592560 
1745 42.543437 0.000000 2.067130 406.665001 0.582821 80.233254 -16.181414 
1746 43.261874 0.000000 1.842620 196.537334 3.321876 17.321505 -2.893799 
1747 43.022395 0.000000 1.842620 242.985218 2.085643 21.733067 -4.951849 
1748 43.261874 0.000000 1.618110 157.227722 -196.876218 175.886272 -8.441678 
1749 43.261874 0.000000 2.067130 189.699023 0.960408 30.361865 -2.690848 
1750 43.501353 0.000000 0.720071 129.181521 0.240874 -16.066345 -0.694605 
1751 43.022395 0.000000 0.720071 142.275727 0.349982 -49.395807 -1.268245 
1752 43.501353 0.000000 0.271052 113.409048 0.121985 -11.881841 -0.300281 
1753 43.980311 0.000000 0.720071 118.750467 0.176324 -2.388618 -0.410741 
1754 43.740832 0.000000 1.393601 140.391583 2.035662 -1.730037 -0.971693 
1755 43.501353 0.000000 1.393601 156.621377 2.611735 -6.527931 -1.457969 
1756 43.740832 0.000000 1.169091 135.759609 0.735095 -4.630402 -0.845265 
1757 43.980311 0.000000 1.393601 129.968043 1.743142 1.559211 -0.689716 
1758 43.621093 0.000000 1.730365 175.561621 67.302975 -115.046225 -3.858721 
1759 43.501353 0.000000 1.730365 173.056890 43.130485 -53.261483 -2.464571 
1760 43.621093 0.000000 1.618110 151.810612 28.758253 -38.001608 -1.531762 
1761 43.740832 0.000000 1.730365 168.784889 0.713849 -177.587979 -5.002634 
1762 43.621093 0.000000 1.842620 156.847803 8.133313 6.192740 -1.470573 
1763 43.261874 0.000000 1.393601 179.847672 4.140538 -12.088796 -2.250847 
1764 43.022395 0.000000 1.393601 218.749922 5.898338 -19.367461 -3.826142 
1765 43.261874 0.000000 1.169091 168.257521 1.069067 -24.393672 -1.890679 
1766 43.621093 0.000000 1.505855 149.416760 5.707087 -3.826694 -1.237258 
1767 43.501353 0.000000 1.505855 158.628723 7.167749 -4.985454 -1.523930 
1768 43.621093 0.000000 1.393601 147.664401 2.298275 -3.882456 -1.182513 
1769 43.740832 0.000000 1.505855 141.875694 4.672583 -2.510788 -1.015685 
1770 44.459269 0.000000 2.516149 115.286895 0.282774 15.583217 -0.353398 
1771 44.938227 0.000000 2.516149 109.567154 0.259711 12.976146 -0.217341 
1772 44.459269 0.000000 2.965169 111.428958 0.267365 17.277367 -0.271499 
1773 44.219790 0.000000 1.842620 124.342354 12.448859 3.716386 -0.562981 
1774 44.219790 0.000000 1.618110 124.403204 5.385572 -16.886254 -0.579031 
1775 44.459269 0.000000 1.842620 118.311611 14.733794 4.003644 -0.423075 
1776 44.219790 0.000000 2.067130 123.637578 1.512401 12.612245 -0.544761 
1777 43.860572 0.000000 1.730365 153.035981 -68.001735 -74.403130 -2.358007 
1778 43.860572 0.000000 1.618110 137.496666 11.635195 -22.190518 -0.953313 
1779 43.980311 0.000000 1.730365 142.728032 -43.148223 -60.764544 -1.592539 
1780 43.860572 0.000000 1.842620 144.603215 11.374150 -5.786571 -1.107295 
1781 43.680962 0.000000 1.674238 168.113648 -93.622663 -165.258065 -5.433763 
1782 43.621093 0.000000 1.674238 175.669656 -152.820464 -171.309747 -7.356095 
1783 43.680962 0.000000 1.618110 147.703053 21.744346 -32.299918 -1.333229 
1784 43.740832 0.000000 1.674238 158.214566 -58.748772 -138.777512 -3.774246 
1785 43.680962 0.000000 1.730365 177.839721 39.578439 -168.694105 -5.165112 
1786 56.433218 0.000000 -0.626987 99.257265 -0.077714 10.643598 0.003470 
1787 56.433218 0.000000 -4.219143 99.209303 -0.069898 10.705356 0.004290 
1788 60.264882 0.000000 -0.626987 99.299740 -0.101636 10.599074 0.002721 
1789 56.433218 0.000000 2.965169 99.241242 -0.148838 10.850832 0.003341 
1790 50.685723 0.000000 1.169091 99.451614 -0.298347 11.178270 -0.001567 
1791 50.685723 0.000000 -0.626987 99.356497 -0.175019 10.460723 0.001883 
1792 52.601555 0.000000 1.169091 99.249789 -0.264971 11.342387 0.002076 
1793 50.685723 0.000000 2.965169 99.427369 0.361347 10.086276 0.001233 
1794 56.433218 0.000000 6.557325 99.414021 -0.988212 9.389576 0.002771 
1795 60.264882 0.000000 6.557325 99.444854 -1.018439 9.566426 0.001817 
1796 56.433218 0.000000 10.149481 99.174824 -2.421355 10.942867 0.003874 
1797 50.685723 0.000000 4.761247 99.335766 -1.818192 10.445028 0.002000 
1798 52.601555 0.000000 4.761247 99.382404 1.393159 9.767103 0.002580 
1799 50.685723 0.000000 6.557325 99.372717 -1.006763 9.525083 0.003332 
1800 49.727807 0.000000 2.067130 98.768430 -0.940970 14.327679 0.003863 
1801 48.769891 0.000000 2.067130 99.828236 4.380037 9.797940 -0.008086 
1802 49.727807 0.000000 1.169091 99.626173 -0.261697 10.964473 -0.004566 
1803 50.685723 0.000000 2.067130 99.524525 -1.131363 11.271680 -0.003346 
1804 49.727807 0.000000 2.965169 99.649950 0.247882 9.881934 -0.002783 
1805 47.811975 0.000000 2.067130 100.605408 4.204456 9.590467 -0.023110 
1806 47.811975 0.000000 1.169091 100.432943 -0.103014 10.477732 -0.019657 
1807 47.811975 0.000000 2.965169 100.494325 0.221760 10.078968 -0.020074 
1808 48.769891 0.000000 -7.811300 98.704468 -0.116695 10.877558 0.013909 
1809 48.769891 0.000000 -11.403456 98.719928 -0.059401 11.603353 0.011973 
1810 52.601555 0.000000 -7.811300 99.017277 -0.066650 11.120682 0.007190 
1811 50.685723 0.000000 -2.423065 99.220249 -0.134103 10.169036 0.005191 
1812 48.769891 0.000000 -2.423065 99.223580 -0.079867 9.886688 0.005693 
1813 50.685723 0.000000 -4.219143 99.052921 -0.139912 10.336739 0.008165 
1814 52.601555 0.000000 -2.423065 99.181456 -0.177066 10.297993 0.005696 
1815 49.727807 0.000000 0.271052 99.512600 -0.140142 10.860743 -0.002073 
1816 48.769891 0.000000 0.271052 99.744000 -0.126152 10.779335 -0.006508 
1817 49.727807 0.000000 -0.626987 99.434521 -0.109565 10.361128 0.000541 
1818 50.685723 0.000000 0.271052 99.396002 -0.215173 10.923095 0.000107 
1819 49.248849 0.000000 1.618110 100.163616 -3.398019 10.638292 -0.015747 
1820 48.769891 0.000000 1.618110 100.137127 -2.733026 9.065833 -0.011710 
1821 49.248849 0.000000 1.169091 99.750289 -0.271543 10.801322 -0.006686 
1822 49.727807 0.000000 1.618110 99.881515 -0.978597 10.506687 -0.008767 
1823 49.248849 0.000000 2.067130 98.896733 4.697760 12.771482 0.003426 
1824 46.854059 0.000000 -2.423065 99.269243 -0.031688 9.306803 0.005900 
1825 46.854059 0.000000 -4.219143 98.719362 -0.073886 9.863114 0.015720 
1826 47.811975 0.000000 0.271052 100.197302 -0.048855 10.654128 -0.015301 
1827 46.854059 0.000000 0.271052 101.041311 -0.174066 10.022535 -0.030983 
1828 47.811975 0.000000 -0.626987 99.906986 -0.048172 10.033201 -0.008207 
1829 48.290933 0.000000 1.618110 100.293649 -2.975725 8.529689 -0.014043 
1830 47.811975 0.000000 1.618110 100.675835 -3.081984 7.899627 -0.020753 
1831 48.290933 0.000000 1.169091 100.080096 -0.222057 10.563949 -0.012767 
1832 48.290933 0.000000 2.067130 100.214938 4.638511 10.043697 -0.016543 
1833 49.727807 0.000000 3.863208 99.660968 0.222443 9.666432 -0.002580 
1834 48.769891 0.000000 3.863208 99.839572 0.399406 9.743429 -0.006303 
1835 50.685723 0.000000 3.863208 99.512647 0.162690 9.664164 0.000381 
1836 49.727807 0.000000 4.761247 99.565860 0.406563 9.577494 -0.000525 
1837 49.248849 0.000000 2.516149 99.771882 0.696107 9.821955 -0.005138 
1838 48.769891 0.000000 2.516149 100.003477 0.465331 9.782820 -0.009662 
1839 49.727807 0.000000 2.516149 99.496447 1.056150 10.137270 -0.000342 
1840 49.248849 0.000000 2.965169 99.789322 0.190404 9.884929 -0.005566 
1841 49.009370 0.000000 1.842620 99.159993 -6.844425 19.657753 -0.026598 
1842 48.769891 0.000000 1.842620 96.786500 -1.033205 25.407952 -0.001426 
1843 49.009370 0.000000 1.618110 100.380113 -2.820228 9.180616 -0.016840 
1844 49.248849 0.000000 1.842620 99.828912 -6.032036 16.062405 -0.026020 
1845 49.009370 0.000000 2.067130 99.321458 5.122596 11.020223 -0.001244 
1846 49.248849 0.000000 0.720071 99.658480 -0.159691 10.995092 -0.005273 
1847 48.769891 0.000000 0.720071 99.798137 -0.143915 10.945526 -0.007949 
1848 49.248849 0.000000 0.271052 99.614279 -0.135351 10.820674 -0.004011 
1849 49.727807 0.000000 0.720071 99.547371 -0.167905 11.051339 -0.003184 
1850 49.009370 0.000000 1.393601 99.915293 -0.604394 10.185351 -0.008717 
1851 48.769891 0.000000 1.393601 99.960319 -0.612414 10.099520 -0.009444 
1852 49.009370 0.000000 1.169091 99.816656 -0.265544 10.699574 -0.007792 
1853 49.248849 0.000000 1.393601 99.881265 -0.559298 10.419414 -0.008514 
1854 54.517386 0.000000 1.169091 99.198445 -0.128368 11.323248 0.003144 
1855 54.517386 0.000000 -0.626987 99.262579 -0.054517 10.640463 0.003372 
1856 56.433218 0.000000 1.169091 99.170706 -0.145284 11.362591 0.003604 
1857 54.517386 0.000000 2.965169 99.273834 -0.127608 10.610038 0.003212 
1858 51.643639 0.000000 2.067130 99.407018 -0.575717 11.014497 -0.000341 
1859 51.643639 0.000000 1.169091 99.324272 -0.280656 11.293703 0.000706 
1860 52.601555 0.000000 2.067130 99.304911 -0.375939 11.037056 0.001658 
1861 51.643639 0.000000 2.965169 99.242148 0.333728 10.532571 0.003995 
1862 50.206765 0.000000 1.618110 99.686995 -0.707631 10.791958 -0.005446 
1863 50.206765 0.000000 1.169091 99.544410 -0.330837 11.082096 -0.003201 
1864 50.685723 0.000000 1.618110 99.540594 -0.513920 10.968884 -0.002891 
1865 50.206765 0.000000 2.067130 99.456832 -1.622761 12.083377 -0.004030 
1866 49.488328 0.000000 1.842620 99.990431 -3.524731 11.764423 -0.014891 
1867 49.488328 0.000000 1.618110 100.032113 -1.302454 10.258269 -0.011335 
1868 49.727807 0.000000 1.842620 99.938280 -2.355153 11.137197 -0.011724 
1869 49.488328 0.000000 2.067130 98.173175 1.213055 15.280338 0.012707 
1870 49.129109 0.000000 1.730365 100.367346 -5.364872 10.495779 -0.021255 
1871 49.009370 0.000000 1.730365 100.534225 -6.374522 10.597229 -0.026007 
1872 49.129109 0.000000 1.618110 100.221685 -2.498178 9.457297 -0.014007 
1873 49.248849 0.000000 1.730365 100.227682 -4.673972 10.498038 -0.017764 
1874 49.129109 0.000000 1.842620 99.640413 -6.617137 17.434338 -0.027595 
1875 47.811975 0.000000 3.863208 100.228552 0.605086 9.996124 -0.014605 
1876 46.854059 0.000000 3.863208 100.814490 0.979806 10.763041 -0.028036 
1877 47.811975 0.000000 4.761247 99.818347 -1.725349 10.451959 -0.007592 
1878 48.290933 0.000000 2.516149 100.230825 0.395509 9.877784 -0.014395 
1879 47.811975 0.000000 2.516149 100.586624 0.415484 9.956557 -0.021697 
1880 48.290933 0.000000 2.965169 100.165784 0.144939 9.991041 -0.013303 
1881 48.530412 0.000000 1.842620 100.018671 -6.923281 21.934532 -0.053279 
1882 48.290933 0.000000 1.842620 100.073496 -6.741163 23.599175 -0.061707 
1883 48.530412 0.000000 1.618110 100.177503 -2.867537 8.802209 -0.012123 
1884 48.530412 0.000000 2.067130 100.086902 4.868485 10.326098 -0.014772 
1885 48.889630 0.000000 1.730365 100.721127 -7.927881 10.976992 -0.032809 
1886 48.769891 0.000000 1.730365 100.857919 -10.461373 12.167651 -0.042981 
1887 48.889630 0.000000 1.618110 100.586164 -3.278410 8.860111 -0.020683 
1888 48.889630 0.000000 1.842620 98.163047 -5.605584 22.861693 -0.019006 
1889 49.009370 0.000000 2.291640 99.843705 1.547696 9.554929 -0.006246 
1890 48.769891 0.000000 2.291640 100.025392 1.298001 9.523810 -0.009747 
1891 49.248849 0.000000 2.291640 99.554073 1.930351 9.908938 -0.001293 
1892 49.009370 0.000000 2.516149 99.891382 0.553830 9.776705 -0.007418 
1893 49.129109 0.000000 1.954875 98.310809 3.772615 19.014774 -0.004081 
1894 49.009370 0.000000 1.954875 98.149532 5.866671 18.452538 -0.000824 
1895 49.248849 0.000000 1.954875 98.666539 2.082832 18.608489 -0.008570 
1896 49.129109 0.000000 2.067130 99.068644 5.102894 11.918544 0.001731 
1897 49.069240 0.000000 1.786493 100.218284 -7.587301 13.390861 -0.028059 
1898 49.009370 0.000000 1.786493 100.188747 -8.250384 13.986551 -0.030148 
1899 49.069240 0.000000 1.730365 100.447118 -5.819712 10.522454 -0.023421 
1900 49.129109 0.000000 1.786493 100.214773 -7.009279 12.980000 -0.026061 
1901 49.069240 0.000000 1.842620 99.450189 -6.820612 18.413480 -0.027592 
1902 48.889630 0.000000 1.954875 98.376561 7.482878 16.779629 -0.001550 
1903 48.769891 0.000000 1.954875 98.907927 7.934700 14.764989 -0.006374 
1904 48.889630 0.000000 2.067130 99.597265 4.831050 10.275704 -0.004854 
1905 48.949500 0.000000 1.786493 100.102063 -8.992364 14.832008 -0.032127 
1906 48.889630 0.000000 1.786493 99.909493 -9.771373 16.092070 -0.033634 
1907 48.949500 0.000000 1.730365 100.628590 -7.062426 10.723215 -0.029098 
1908 48.949500 0.000000 1.842620 98.739164 -6.522300 21.156805 -0.023957 
1909 49.069240 0.000000 1.898748 98.430615 -1.088688 21.655163 -0.015872 
1910 49.009370 0.000000 1.898748 98.086455 0.078924 22.387676 -0.012217 
1911 49.129109 0.000000 1.898748 98.744821 -1.879390 20.809252 -0.018710 
1912 49.069240 0.000000 1.954875 98.189477 4.813468 18.880366 -0.002081 
1913 49.039305 0.000000 1.814556 99.844806 -8.001620 16.184746 -0.029496 
1914 49.009370 0.000000 1.814556 99.758385 -8.237380 16.704852 -0.029864 
1915 49.039305 0.000000 1.786493 100.208986 -7.908067 13.661984 -0.029103 
1916 49.069240 0.000000 1.814556 99.909406 -7.756325 15.738384 -0.028975 
1917 49.039305 0.000000 1.842620 99.319688 -6.863467 19.001458 -0.027256 
1918 54.517386 0.000000 4.761247 99.400209 0.679971 9.536102 0.002820 
1919 56.433218 0.000000 4.761247 99.383378 0.409115 9.728226 0.002814 
1920 54.517386 0.000000 6.557325 99.412680 -0.834644 9.246574 0.003092 
1921 47.811975 0.000000 5.659286 99.567902 -1.015026 9.891882 -0.001265 
1922 46.854059 0.000000 5.659286 99.682119 -0.991697 10.125758 -0.004004 
1923 48.769891 0.000000 5.659286 99.512833 -0.964670 9.721060 0.000177 
1924 47.811975 0.000000 6.557325 99.372294 -1.041457 9.462974 0.003451 
1925 48.290933 0.000000 4.312228 99.460772 6.491534 13.135766 -0.010713 
1926 47.811975 0.000000 4.312228 99.705861 -5.681372 11.851182 -0.011399 
1927 48.290933 0.000000 3.863208 99.987946 0.466433 9.856551 -0.009496 
1928 48.769891 0.000000 4.312228 99.719014 2.478021 10.102789 -0.005209 
1929 48.290933 0.000000 4.761247 99.642176 -1.472963 11.016102 -0.005209 
1930 45.896143 0.000000 3.863208 101.960674 3.314826 11.693818 -0.054371 
1931 45.896143 0.000000 4.761247 100.723128 -0.527526 11.148174 -0.026971 
1932 47.333017 0.000000 4.312228 100.253629 -1.562653 10.237052 -0.015803 
1933 46.854059 0.000000 4.312228 100.487974 -0.606805 10.560025 -0.020972 
1934 47.333017 0.000000 3.863208 100.516319 0.755673 10.162718 -0.020738 
1935 47.333017 0.000000 4.761247 100.031426 -1.259357 10.243084 -0.011279 
1936 50.685723 0.000000 8.353403 99.264986 -1.559268 9.448874 0.005475 
1937 52.601555 0.000000 8.353403 99.327173 -1.211012 9.324875 0.004569 
1938 50.685723 0.000000 10.149481 97.605706 1.084547 19.036880 0.010955 
1939 49.727807 0.000000 5.659286 99.477829 -1.000411 9.587033 0.001125 
1940 50.685723 0.000000 5.659286 99.431012 -1.059428 9.490852 0.002228 
1941 49.727807 0.000000 6.557325 99.385140 -1.205548 9.464330 0.003157 
1942 48.290933 0.000000 5.210267 99.664912 -2.150708 9.653383 -0.003091 
1943 47.811975 0.000000 5.210267 99.717787 -1.532846 9.806916 -0.004216 
1944 48.769891 0.000000 5.210267 99.605981 -0.844961 9.537324 -0.001303 
1945 48.290933 0.000000 5.659286 99.542418 -0.992755 9.790228 -0.000553 
1946 48.051454 0.000000 4.536737 99.862621 -0.116804 9.938923 -0.007134 
1947 47.811975 0.000000 4.536737 99.946149 0.230958 10.008372 -0.008945 
1948 48.051454 0.000000 4.312228 97.837562 -5.484482 24.620954 -0.020846 
1949 48.290933 0.000000 4.536737 99.803684 -0.450812 9.863349 -0.005826 
1950 48.051454 0.000000 4.761247 99.711281 -1.733997 10.768130 -0.006130 
1951 98.581520 0.000000 17.333794 98.425852 -37.824007 18.082370 -0.144528 
1952 98.581520 0.000000 2.965169 99.462408 -0.093031 10.628992 -0.000575 
1953 113.908175 0.000000 17.333794 99.567901 -0.566751 10.011883 -0.001433 
1954 98.581520 0.000000 31.702419 99.268664 0.104492 12.225780 -0.000375 
1955 75.591537 0.000000 10.149481 99.653758 -0.968959 9.053665 -0.001378 
1956 75.591537 0.000000 2.965169 99.364735 -0.139379 10.945854 0.000682 
1957 83.254865 0.000000 10.149481 99.638217 -0.882515 9.308461 -0.001520 
1958 75.591537 0.000000 17.333794 99.341300 -0.280763 11.487038 -0.000072 
1959 64.096546 0.000000 6.557325 99.378904 -1.747080 10.349509 0.001367 
1960 64.096546 0.000000 2.965169 99.219496 -0.167649 11.498444 0.002325 
1961 67.928210 0.000000 6.557325 99.476845 0.994087 9.872109 0.000591 
1962 64.096546 0.000000 10.149481 99.484398 -0.465058 9.520835 0.001199 
1963 58.349050 0.000000 4.761247 99.389661 0.282266 9.817505 0.002523 
1964 58.349050 0.000000 2.965169 99.227524 -0.200822 11.007601 0.003269 
1965 60.264882 0.000000 4.761247 99.386724 0.243705 10.010643 0.002201 
1966 58.349050 0.000000 6.557325 99.429838 -0.997471 9.498971 0.002248 
1967 98.581520 0.000000 -11.403456 99.202524 -0.057783 12.377114 0.000566 
1968 98.581520 0.000000 -25.772081 99.084385 -0.036205 13.170270 0.000883 
1969 113.908175 0.000000 -11.403456 99.192330 -0.053419 12.555173 0.000325 
1970 75.591537 0.000000 -4.219143 99.324071 -0.083749 11.093492 0.001166 
1971 75.591537 0.000000 -11.403456 99.178746 -0.061472 12.042556 0.001855 
1972 83.254865 0.000000 -4.219143 99.330663 -0.045154 11.239082 0.000710 
1973 64.096546 0.000000 -0.626987 99.342275 -0.096750 10.604127 0.001866 
1974 64.096546 0.000000 -4.219143 99.291804 -0.064439 10.916037 0.002197 
1975 67.928210 0.000000 -0.626987 99.367798 -0.097236 10.550210 0.001472 
1976 62.180714 0.000000 4.761247 99.373036 0.182556 10.228996 0.002033 
1977 62.180714 0.000000 2.965169 99.214104 -0.155570 11.382321 0.002698 
1978 64.096546 0.000000 4.761247 99.363111 0.055483 10.453029 0.001770 
1979 62.180714 0.000000 6.557325 99.437134 -1.254567 9.767451 0.001528 
1980 67.928210 0.000000 46.071043 99.176927 0.041887 13.270411 -0.001217 
1981 83.254865 0.000000 46.071043 99.154693 0.050955 13.212674 -0.000623 
1982 67.928210 0.000000 60.439668 99.137552 0.026738 13.549785 -0.001185 
1983 60.264882 0.000000 24.518106 99.334666 0.100508 11.898189 -0.000895 
1984 67.928210 0.000000 24.518106 99.335733 0.093586 11.771735 -0.000617 
1985 60.264882 0.000000 31.702419 99.280036 0.068036 12.631498 -0.001608 
1986 56.433218 0.000000 13.741638 98.689760 -0.003454 14.356422 0.005422 
1987 60.264882 0.000000 13.741638 96.508164 -10.627659 27.087458 -0.016050 
1988 56.433218 0.000000 17.333794 99.402850 0.093708 10.630097 0.000607 
1989 58.349050 0.000000 8.353403 99.463716 -1.087560 9.046800 0.002394 
1990 56.433218 0.000000 8.353403 99.437560 -1.101527 8.994787 0.003005 
1991 60.264882 0.000000 8.353403 99.487875 -1.017012 9.079227 0.001870 
1992 58.349050 0.000000 10.149481 99.221653 -1.225552 10.865847 0.003549 
1993 59.306966 0.000000 5.659286 99.308608 2.031190 10.790406 0.001724 
1994 58.349050 0.000000 5.659286 99.083086 0.552720 12.540143 0.002498 
1995 59.306966 0.000000 4.761247 99.388602 0.271780 9.923834 0.002335 
1996 60.264882 0.000000 5.659286 99.399482 1.374413 10.043901 0.001697 
1997 59.306966 0.000000 6.557325 99.435490 -0.972619 9.548449 0.002046 
1998 71.759874 0.000000 6.557325 99.510824 0.317376 9.847720 0.000052 
1999 71.759874 0.000000 2.965169 99.312310 -0.174576 11.192630 0.001176 
2000 75.591537 0.000000 6.557325 99.477037 0.134881 10.219994 -0.000015 
2001 71.759874 0.000000 10.149481 99.653640 -0.967102 8.921879 -0.001138 
2002 66.012378 0.000000 4.761247 99.361690 -0.042561 10.607504 0.001473 
2003 66.012378 0.000000 2.965169 99.235759 -0.148002 11.509394 0.001978 
2004 67.928210 0.000000 4.761247 99.358899 -0.130413 10.709515 0.001310 
2005 66.012378 0.000000 6.557325 99.282980 1.404615 11.134779 0.001693 
2006 64.096546 0.000000 13.741638 93.296815 -1.138295 46.468131 -0.086488 
2007 67.928210 0.000000 13.741638 97.434099 11.677320 24.569154 -0.023341 
2008 64.096546 0.000000 17.333794 99.421154 0.022654 10.640276 0.000222 
2009 62.180714 0.000000 8.353403 99.502377 -0.965169 9.134563 0.001491 
2010 64.096546 0.000000 8.353403 99.530380 -0.955900 9.143438 0.000919 
2011 62.180714 0.000000 10.149481 99.392114 -0.655610 9.989945 0.002098 
2012 63.138630 0.000000 5.659286 99.440181 0.575366 9.823989 0.001481 
2013 62.180714 0.000000 5.659286 99.434846 0.738752 9.810606 0.001592 
2014 63.138630 0.000000 4.761247 99.366594 0.133382 10.351404 0.001911 
2015 64.096546 0.000000 5.659286 99.444336 0.438757 9.853334 0.001354 
2016 63.138630 0.000000 6.557325 99.423073 -1.457215 9.990787 0.001311 
2017 66.012378 0.000000 8.353403 99.546993 -0.962149 9.203453 0.000477 
2018 67.928210 0.000000 8.353403 99.561507 -0.895745 9.290664 0.000039 
2019 66.012378 0.000000 10.149481 99.604910 -0.735783 8.833661 0.000029 
2020 65.054462 0.000000 5.659286 99.450055 0.376017 9.890294 0.001173 
2021 65.054462 0.000000 4.761247 99.363249 0.013137 10.530138 0.001606 
2022 66.012378 0.000000 5.659286 99.450407 0.316305 9.957293 0.001037 
2023 65.054462 0.000000 6.557325 99.231796 -1.836232 11.423994 0.001917 
2024 63.138630 0.000000 7.455364 99.498213 -0.897014 9.348215 0.001191 
2025 62.180714 0.000000 7.455364 99.486352 -0.839955 9.340115 0.001452 
2026 64.096546 0.000000 7.455364 99.503817 -0.941141 9.381782 0.001009 
2027 63.138630 0.000000 8.353403 99.516781 -0.966478 9.143412 0.001187 
2028 63.617588 0.000000 6.108306 99.366471 1.458553 10.482957 0.001428 
2029 63.138630 0.000000 6.108306 99.307757 1.566034 10.851762 0.001776 
2030 63.617588 0.000000 5.659286 99.442728 0.492072 9.838503 0.001411 
2031 64.096546 0.000000 6.108306 99.400952 1.262563 10.155740 0.001472 
2032 63.617588 0.000000 6.557325 99.404372 -1.583321 10.132468 0.001360 
2033 41.585521 0.000000 4.312228 85.137376 0.000000 13.103934 0.257991 
2034 42.064479 0.000000 4.312228 86.439911 0.000000 13.698507 0.234049 
2035 42.543437 0.000000 4.312228 92.321017 -0.792967 22.352980 0.097655 
2036 42.543437 0.000000 3.863208 90.655114 -1.332894 32.061914 0.075191 
2037 43.022395 0.000000 4.312228 96.903370 -0.034685 22.292458 0.011278 
2038 42.543437 0.000000 4.761247 92.436809 0.000000 12.636489 0.129576 
2039 41.825000 0.000000 4.087718 83.928276 0.000000 12.926742 0.278894 
2040 41.585521 0.000000 4.087718 83.719169 0.000000 13.284098 0.281463 
2041 41.825000 0.000000 3.863208 82.132921 0.000000 12.956572 0.308631 
2042 42.064479 0.000000 4.087718 85.285831 0.000000 14.083813 0.252797 
2043 41.825000 0.000000 4.312228 85.934598 0.000000 13.579306 0.243085 
2044 41.346042 0.000000 4.087718 83.559150 0.000000 11.434855 0.288711 
2045 41.106563 0.000000 4.087718 84.104586 -0.000000 9.670782 0.283289 
2046 41.346042 0.000000 3.863208 80.741424 0.000000 11.822626 0.334105 
2047 41.346042 0.000000 4.312228 84.917429 0.000000 11.305535 0.266122 
2048 41.825000 0.000000 4.536737 88.710187 0.000000 13.580426 0.194607 
2049 41.585521 0.000000 4.536737 88.031808 0.000000 13.309000 0.207327 
2050 42.064479 0.000000 4.536737 89.253908 0.000000 13.341237 0.185575 
2051 41.825000 0.000000 4.761247 89.967422 0.000000 13.074509 0.173492 
2052 41.705261 0.000000 4.199973 84.527838 0.000000 13.163129 0.268178 
2053 41.585521 0.000000 4.199973 84.080594 0.000000 13.336151 0.275260 
2054 41.705261 0.000000 4.087718 84.047902 0.000000 12.609211 0.277696 
2055 41.825000 0.000000 4.199973 85.152756 0.000000 13.476310 0.256740 
2056 41.705261 0.000000 4.312228 86.165083 0.000000 13.183037 0.240179 
2057 41.346042 0.000000 4.536737 87.122046 0.000000 11.848801 0.226936 
2058 41.106563 0.000000 4.536737 88.054950 -0.000000 10.208138 0.214212 
2059 41.346042 0.000000 4.761247 89.348467 0.000000 11.190141 0.189163 
2060 41.465782 0.000000 4.199973 84.065863 0.000000 12.755132 0.277024 
2061 41.346042 0.000000 4.199973 84.076536 0.000000 11.423929 0.280063 
2062 41.465782 0.000000 4.087718 83.542175 0.000000 12.451644 0.286566 
2063 41.465782 0.000000 4.312228 85.057434 0.000000 12.289715 0.261420 
2064 42.543437 0.000000 3.414188 88.855476 -1.641589 54.344588 -0.085132 
2065 42.543437 0.000000 2.965169 101.606482 -1.722214 122.764530 -1.539797 
2066 43.022395 0.000000 3.414188 107.138054 -0.333274 44.681595 -0.347512 
2067 41.825000 0.000000 3.638698 79.464409 0.000000 12.394554 0.353178 
2068 41.585521 0.000000 3.638698 77.389819 0.000000 10.514298 0.390027 
2069 41.825000 0.000000 3.414188 76.122087 0.000000 10.195739 0.410147 
2070 42.064479 0.000000 3.638698 79.198217 0.000000 13.299175 0.355077 
2071 41.705261 0.000000 3.975463 82.811867 0.000000 12.860836 0.297679 
2072 41.585521 0.000000 3.975463 82.686160 0.000000 12.609974 0.300399 
2073 41.705261 0.000000 3.863208 82.149067 0.000000 12.885245 0.308550 
2074 41.825000 0.000000 3.975463 83.275704 0.000000 12.868104 0.289957 
2075 41.645391 0.000000 4.143845 84.076928 0.000000 13.289034 0.275447 
2076 41.585521 0.000000 4.143845 83.856652 0.000000 13.475514 0.278647 
2077 41.645391 0.000000 4.087718 83.820094 0.000000 13.183468 0.280039 
2078 41.705261 0.000000 4.143845 84.221457 0.000000 13.146717 0.273391 
2079 41.645391 0.000000 4.199973 84.367609 0.000000 13.278607 0.270579 
2080 41.346042 0.000000 3.638698 77.807398 0.000000 9.205213 0.386127 
2081 41.106563 0.000000 3.638698 77.996564 0.000000 7.366579 0.386227 
2082 41.346042 0.000000 3.414188 74.854354 0.000000 7.739544 0.433693 
2083 41.465782 0.000000 3.975463 82.588709 0.000000 11.993848 0.303525 
2084 41.346042 0.000000 3.975463 82.772360 0.000000 11.445347 0.301774 
2085 41.465782 0.000000 3.863208 81.072775 0.000000 12.524739 0.327034 
2086 41.525651 0.000000 4.143845 83.821625 0.000000 13.361727 0.279540 
2087 41.465782 0.000000 4.143845 83.787364 0.000000 12.533608 0.282259 
2088 41.525651 0.000000 4.087718 83.634975 0.000000 12.990996 0.283642 
2089 41.525651 0.000000 4.199973 84.039108 0.000000 13.226462 0.276249 
2090 41.705261 0.000000 4.424482 86.941712 0.000000 13.440513 0.226049 
2091 41.585521 0.000000 4.424482 86.852176 0.000000 13.154900 0.228365 
2092 41.825000 0.000000 4.424482 87.352948 0.000000 13.588009 0.218483 
2093 41.705261 0.000000 4.536737 88.057771 0.000000 13.604387 0.206075 
2094 41.645391 0.000000 4.256100 84.766511 0.000000 13.197017 0.264048 
2095 41.585521 0.000000 4.256100 84.632461 0.000000 13.229609 0.266232 
2096 41.705261 0.000000 4.256100 85.317925 0.000000 12.774261 0.255767 
2097 41.645391 0.000000 4.312228 85.712274 0.000000 12.807631 0.248937 
2098 41.615456 0.000000 4.171909 84.098674 0.000000 13.443323 0.274669 
2099 41.585521 0.000000 4.171909 83.917535 0.000000 13.534993 0.277465 
2100 41.615456 0.000000 4.143845 83.987896 0.000000 13.424874 0.276581 
2101 41.645391 0.000000 4.171909 84.209380 0.000000 13.301260 0.273186 
2102 41.615456 0.000000 4.199973 84.259713 0.000000 13.381999 0.272122 
2103 41.645391 0.000000 4.031590 83.430066 0.000000 12.581391 0.288113 
2104 41.585521 0.000000 4.031590 83.370860 0.000000 13.082560 0.287815 
2105 41.645391 0.000000 3.975463 82.529583 0.000000 12.855240 0.302361 
2106 41.705261 0.000000 4.031590 83.221074 0.000000 12.863556 0.290878 
2107 41.615456 0.000000 4.115781 83.888527 0.000000 13.338687 0.278479 
2108 41.585521 0.000000 4.115781 83.803499 0.000000 13.257252 0.280122 
2109 41.615456 0.000000 4.087718 83.765826 0.000000 13.238223 0.280804 
2110 41.645391 0.000000 4.115781 83.952947 0.000000 13.244029 0.277650 
2111 42.303958 0.000000 4.087718 88.253146 0.000000 14.472263 0.200194 
2112 42.303958 0.000000 3.863208 86.013205 -1.012057 29.952299 0.170356 
2113 42.543437 0.000000 4.087718 91.567908 -0.561745 26.333868 0.092153 
2114 42.303958 0.000000 4.312228 88.129252 0.000000 14.117606 0.203393 
2115 41.944740 0.000000 4.199973 85.145741 0.000000 13.487411 0.256829 
2116 41.944740 0.000000 4.087718 84.564735 0.000000 13.439101 0.266820 
2117 42.064479 0.000000 4.199973 86.113475 0.000000 13.674286 0.239748 
2118 41.944740 0.000000 4.312228 86.603541 0.000000 13.724875 0.231145 
2119 41.765130 0.000000 4.143845 84.216780 0.000000 12.954640 0.273971 
2120 41.765130 0.000000 4.087718 83.806589 0.000000 12.909818 0.280979 
2121 41.825000 0.000000 4.143845 84.764662 0.000000 13.445448 0.263417 
2122 41.765130 0.000000 4.199973 84.944609 0.000000 12.730410 0.262235 
2123 41.675326 0.000000 4.171909 84.296838 0.000000 13.215001 0.271941 
2124 41.675326 0.000000 4.143845 84.153821 0.000000 13.203382 0.274381 
2125 41.705261 0.000000 4.171909 84.368814 0.000000 13.159315 0.270874 
2126 41.675326 0.000000 4.199973 84.455960 0.000000 13.209473 0.269270 
2127 41.630423 0.000000 4.157877 84.092773 0.000000 13.363037 0.274983 
2128 41.615456 0.000000 4.157877 84.038664 0.000000 13.445498 0.275672 
2129 41.630423 0.000000 4.143845 84.034197 0.000000 13.348804 0.276006 
2130 41.645391 0.000000 4.157877 84.140805 0.000000 13.299920 0.274344 
2131 41.630423 0.000000 4.171909 84.157704 0.000000 13.362912 0.273891 
2132 54.517386 0.000000 8.353403 99.376013 -0.988725 9.194650 0.003889 
2133 54.517386 0.000000 10.149481 99.154553 2.790398 10.481795 0.005072 
2134 53.559471 0.000000 5.659286 99.398275 -2.065583 9.292615 0.002936 
2135 52.601555 0.000000 5.659286 99.416872 -1.498852 9.229893 0.002885 
2136 53.559471 0.000000 4.761247 99.395003 0.901874 9.594565 0.002776 
2137 54.517386 0.000000 5.659286 99.397430 -1.060386 9.433526 0.003003 
2138 53.559471 0.000000 6.557325 99.429698 -0.859007 9.180600 0.002871 
2139 43.980311 0.000000 5.659286 98.285643 -0.840967 12.258370 0.018896 
2140 44.938227 0.000000 5.659286 99.295477 -0.947905 11.499601 0.000727 
2141 42.543437 0.000000 5.210267 92.322127 0.000000 12.495598 0.132048 
2142 43.022395 0.000000 5.210267 96.057477 -1.268602 14.722461 0.055460 
2143 42.543437 0.000000 5.659286 93.923137 0.000000 11.143473 0.105427 
2144 41.825000 0.000000 4.985757 90.576116 0.000000 12.823692 0.163152 
2145 41.585521 0.000000 4.985757 90.097696 0.000000 11.923359 0.174024 
2146 42.064479 0.000000 4.985757 91.099194 0.000000 12.556047 0.154328 
2147 41.825000 0.000000 5.210267 91.814796 0.000000 12.200500 0.142119 
2148 42.303958 0.000000 4.985757 91.428100 0.000000 12.689220 0.147989 
2149 42.303958 0.000000 4.761247 90.310846 0.000000 13.267408 0.166793 
2150 42.543437 0.000000 4.985757 92.319610 0.000000 12.492506 0.132103 
2151 42.303958 0.000000 5.210267 92.553336 0.000000 12.094560 0.128760 
2152 41.944740 0.000000 4.873502 90.363426 0.000000 12.927598 0.166733 
2153 41.825000 0.000000 4.873502 90.298152 0.000000 13.323786 0.166872 
2154 41.944740 0.000000 4.761247 89.972799 0.000000 12.782978 0.174149 
2155 42.064479 0.000000 4.873502 90.364277 0.000000 12.811267 0.167017 
2156 41.944740 0.000000 4.985757 90.796944 0.000000 12.473123 0.160034 
2157 41.346042 0.000000 4.985757 89.951298 0.000000 11.213304 0.178303 
2158 41.106563 0.000000 4.985757 89.834051 -0.000000 10.112432 0.182758 
2159 41.346042 0.000000 5.210267 91.216574 -0.000000 10.724638 0.156452 
2160 41.705261 0.000000 4.873502 89.994678 0.000000 12.649425 0.174095 
2161 41.585521 0.000000 4.873502 89.835689 0.000000 12.130004 0.178241 
2162 41.705261 0.000000 4.761247 89.579924 0.000000 12.555275 0.181780 
2163 41.705261 0.000000 4.985757 90.344267 0.000000 12.617527 0.167871 
2164 41.585521 0.000000 6.108306 93.745259 -0.000000 9.661743 0.111848 
2165 41.106563 0.000000 6.108306 93.264684 -0.000000 8.919219 0.122215 
2166 42.064479 0.000000 6.108306 94.395451 0.000000 10.159203 0.098629 
2167 41.585521 0.000000 6.557325 93.971940 -0.000000 9.149664 0.108556 
2168 41.825000 0.000000 5.434776 92.685572 0.000000 11.365112 0.128022 
2169 41.585521 0.000000 5.434776 92.359993 0.000000 10.827740 0.135239 
2170 42.064479 0.000000 5.434776 92.810162 0.000000 11.558301 0.125268 
2171 41.825000 0.000000 5.659286 92.969004 0.000000 11.041983 0.123484 
2172 41.944740 0.000000 5.098012 91.473904 0.000000 12.429129 0.147804 
2173 41.825000 0.000000 5.098012 91.140937 0.000000 12.301082 0.154201 
2174 42.064479 0.000000 5.098012 91.459390 0.000000 12.492546 0.147912 
2175 41.944740 0.000000 5.210267 91.919070 0.000000 12.335121 0.139873 
2176 41.884870 0.000000 4.929629 90.454367 0.000000 12.959033 0.165007 
2177 41.825000 0.000000 4.929629 90.334038 0.000000 13.015037 0.167037 
2178 41.884870 0.000000 4.873502 90.328828 0.000000 13.056301 0.167024 
2179 41.944740 0.000000 4.929629 90.506735 0.000000 12.857384 0.164322 
2180 41.884870 0.000000 4.985757 90.625800 0.000000 12.801406 0.162309 
2181 51.643639 0.000000 5.659286 99.422180 -1.189579 9.334940 0.002667 
2182 51.643639 0.000000 4.761247 99.129578 3.063751 11.925899 0.002171 
2183 51.643639 0.000000 6.557325 99.390269 -0.855433 9.361791 0.003320 
2184 53.559471 0.000000 3.863208 99.325860 0.154297 9.836477 0.003759 
2185 52.601555 0.000000 3.863208 99.371283 0.164907 9.735889 0.003053 
2186 53.559471 0.000000 2.965169 99.250873 -0.195260 10.614547 0.003656 
2187 54.517386 0.000000 3.863208 99.339283 0.214026 9.956632 0.003253 
2188 53.080513 0.000000 5.210267 99.338781 -2.090375 9.923868 0.002895 
2189 52.601555 0.000000 5.210267 99.363388 -1.870568 9.873365 0.002593 
2190 53.080513 0.000000 4.761247 99.383177 1.055581 9.642710 0.002889 
2191 53.559471 0.000000 5.210267 99.469251 -1.085969 8.799089 0.002726 
2192 53.080513 0.000000 5.659286 99.379880 -1.728561 9.315362 0.003388 
2193 51.643639 0.000000 3.863208 99.424887 0.171815 9.693692 0.002069 
2194 52.122597 0.000000 5.210267 99.385098 -1.546959 9.662850 0.002684 
2195 51.643639 0.000000 5.210267 99.398087 -1.229141 9.550158 0.002730 
2196 52.122597 0.000000 4.761247 99.343326 2.028348 10.178436 0.002319 
2197 52.122597 0.000000 5.659286 99.421113 -1.320878 9.284941 0.002749 
2198 53.559471 0.000000 7.455364 99.426131 -0.958776 9.108165 0.003057 
2199 52.601555 0.000000 7.455364 99.374911 -1.126658 9.144356 0.003974 
2200 54.517386 0.000000 7.455364 99.412480 -0.885681 9.130846 0.003300 
2201 53.559471 0.000000 8.353403 99.385810 -1.000034 9.208995 0.003666 
2202 53.080513 0.000000 6.108306 99.384136 -1.066043 9.402064 0.003326 
2203 52.601555 0.000000 6.108306 99.399127 -1.093713 9.363204 0.003095 
2204 53.559471 0.000000 6.108306 99.406524 -0.959846 9.418487 0.002871 
2205 53.080513 0.000000 6.557325 99.402932 -0.898186 9.193721 0.003373 
2206 52.841034 0.000000 5.434776 99.425341 -0.374225 9.182533 0.003014 
2207 52.601555 0.000000 5.434776 99.445484 -0.151356 9.026530 0.002909 
2208 52.841034 0.000000 5.210267 99.353249 -1.997444 9.937806 0.002618 
2209 53.080513 0.000000 5.434776 99.396193 -0.576094 9.413291 0.003145 
2210 52.841034 0.000000 5.659286 99.412016 -1.578580 9.214032 0.002986 
2211 51.643639 0.000000 7.455364 99.377612 -1.168764 9.162101 0.003878 
2212 50.685723 0.000000 7.455364 99.346729 -1.147856 9.205451 0.004417 
2213 51.643639 0.000000 8.353403 99.310813 -1.383479 9.415986 0.004679 
2214 52.122597 0.000000 6.108306 99.403759 -1.089982 9.334242 0.003058 
2215 51.643639 0.000000 6.108306 99.407544 -1.066637 9.342759 0.002972 
2216 52.122597 0.000000 6.557325 99.400888 -0.881580 9.258019 0.003298 
2217 52.362076 0.000000 5.434776 99.470740 0.161197 8.756627 0.002887 
2218 52.122597 0.000000 5.434776 99.492621 0.883847 8.254146 0.003231 
2219 52.362076 0.000000 5.210267 99.374317 -1.713197 9.765292 0.002645 
2220 52.362076 0.000000 5.659286 99.416331 -1.400028 9.248273 0.002890 
2221 52.841034 0.000000 5.883796 99.398890 -1.048382 9.383986 0.003070 
2222 52.601555 0.000000 5.883796 99.403006 -1.048041 9.386235 0.002984 
2223 53.080513 0.000000 5.883796 99.377545 -1.064968 9.449827 0.003367 
2224 52.841034 0.000000 6.108306 99.373216 -1.076516 9.467737 0.003417 
2225 52.721294 0.000000 5.547031 99.509723 -3.042020 7.881726 0.002644 
2226 52.601555 0.000000 5.547031 99.479552 -2.775247 8.323644 0.002683 
2227 52.721294 0.000000 5.434776 99.436264 -0.282075 9.112754 0.002931 
2228 52.841034 0.000000 5.547031 99.558879 -3.226341 7.137885 0.002667 
2229 52.721294 0.000000 5.659286 99.416048 -1.548772 9.221008 0.002902 
2230 42.543437 0.000000 6.108306 94.808450 0.000000 10.236051 0.090658 
2231 43.022395 0.000000 6.108306 95.147859 0.000000 10.199677 0.084285 
2232 42.543437 0.000000 6.557325 95.355348 0.000000 9.640398 0.081442 
2233 42.303958 0.000000 5.434776 93.109396 0.000000 11.598149 0.119612 
2234 42.543437 0.000000 5.434776 93.370262 0.000000 11.682211 0.114552 
2235 42.303958 0.000000 5.659286 93.481450 0.000000 11.193201 0.113593 
2236 42.303958 0.000000 5.883796 94.201038 0.000000 10.882003 0.100775 
2237 42.064479 0.000000 5.883796 93.820957 0.000000 10.895392 0.107892 
2238 42.543437 0.000000 5.883796 94.328624 0.000000 10.780546 0.098589 
2239 42.303958 0.000000 6.108306 94.574838 0.000000 10.317916 0.094914 
2240 42.184219 0.000000 5.547031 93.319367 0.000000 11.504261 0.115915 
2241 42.064479 0.000000 5.547031 93.214437 0.000000 11.519799 0.117836 
2242 42.184219 0.000000 5.434776 93.038116 0.000000 11.542525 0.121068 
2243 42.303958 0.000000 5.547031 93.281629 0.000000 11.462471 0.116715 
2244 42.184219 0.000000 5.659286 93.458825 0.000000 11.388090 0.113576 
2245 41.825000 0.000000 5.883796 93.510933 0.000000 10.690337 0.114142 
2246 41.585521 0.000000 5.883796 93.086379 -0.000000 10.353624 0.122773 
2247 41.825000 0.000000 6.108306 94.038570 0.000000 9.951247 0.105772 
2248 41.944740 0.000000 5.547031 93.058198 0.000000 11.412733 0.120992 
2249 41.825000 0.000000 5.547031 92.858632 0.000000 11.143252 0.125310 
2250 41.944740 0.000000 5.434776 92.776905 0.000000 11.520673 0.125972 
2251 41.944740 0.000000 5.659286 93.160138 0.000000 11.256086 0.119449 
2252 42.184219 0.000000 5.771541 93.682329 0.000000 11.051221 0.110149 
2253 42.064479 0.000000 5.771541 93.601879 0.000000 11.025735 0.111712 
2254 42.303958 0.000000 5.771541 93.849519 0.000000 11.043222 0.107031 
2255 42.184219 0.000000 5.883796 94.051259 0.000000 10.912831 0.103527 
2256 42.124349 0.000000 5.603159 93.402328 0.000000 11.554709 0.114249 
2257 42.064479 0.000000 5.603159 93.435628 0.000000 11.694682 0.113302 
2258 42.124349 0.000000 5.547031 93.323367 0.000000 11.558350 0.115715 
2259 42.184219 0.000000 5.603159 93.391087 0.000000 11.459442 0.114679 
2260 42.124349 0.000000 5.659286 93.445523 0.000000 11.453120 0.113676 
2261 42.543437 0.000000 7.006345 96.134648 0.000000 9.105041 0.067523 
2262 42.064479 0.000000 7.006345 95.472533 -0.000000 8.880422 0.080613 
2263 43.022395 0.000000 7.006345 96.379174 0.000000 9.031051 0.062949 
2264 42.303958 0.000000 6.332815 94.991520 0.000000 10.110544 0.087439 
2265 42.064479 0.000000 6.332815 94.589145 0.000000 9.912619 0.095463 
2266 42.543437 0.000000 6.332815 94.982501 0.000000 9.916240 0.087999 
2267 42.303958 0.000000 6.557325 95.089704 0.000000 9.624400 0.086532 
2268 43.501353 0.000000 6.108306 97.450697 -1.118655 11.211152 0.037642 
2269 43.501353 0.000000 5.659286 97.346001 -0.615393 12.674360 0.036274 
2270 43.980311 0.000000 6.108306 98.117142 -1.180817 11.198757 0.024622 
2271 43.501353 0.000000 6.557325 97.426145 -1.175619 10.392911 0.039875 
2272 42.782916 0.000000 6.332815 95.169128 0.000000 9.931189 0.084421 
2273 42.782916 0.000000 6.108306 95.022497 0.000000 10.208016 0.086652 
2274 43.022395 0.000000 6.332815 95.677721 0.000000 9.474860 0.075600 
2275 42.782916 0.000000 6.557325 95.572781 0.000000 9.455508 0.077644 
2276 42.423698 0.000000 6.220561 94.829434 0.000000 10.085212 0.090567 
2277 42.303958 0.000000 6.220561 94.815658 0.000000 10.133466 0.090730 
2278 42.423698 0.000000 6.108306 94.731908 0.000000 10.237963 0.092105 
2279 42.543437 0.000000 6.220561 94.900089 0.000000 10.125393 0.089145 
2280 42.423698 0.000000 6.332815 95.028178 0.000000 10.043808 0.086877 
2281 40.148647 0.000000 7.455364 93.519691 -0.000000 7.542173 0.119718 
2282 39.190731 0.000000 7.455364 93.227793 -0.000000 8.055926 0.124368 
2283 41.585521 0.000000 7.006345 94.728250 -0.000000 8.447675 0.095520 
2284 41.106563 0.000000 7.006345 94.049240 -0.000000 8.077349 0.108950 
2285 41.585521 0.000000 7.455364 95.026767 -0.000000 7.734656 0.091009 
2286 41.825000 0.000000 6.332815 94.225671 -0.000000 9.745615 0.102655 
2287 41.585521 0.000000 6.332815 93.835120 -0.000000 9.360834 0.110735 
2288 41.825000 0.000000 6.557325 94.438956 0.000000 9.523936 0.099058 
2289 42.184219 0.000000 6.220561 94.653793 0.000000 10.114906 0.093835 
2290 42.064479 0.000000 6.220561 94.523054 0.000000 10.002025 0.096535 
2291 42.184219 0.000000 6.108306 94.505402 0.000000 10.337637 0.096186 
2292 42.184219 0.000000 6.332815 94.708930 0.000000 9.992094 0.093038 
2293 42.303958 0.000000 6.781835 95.491960 0.000000 9.188841 0.079685 
2294 42.064479 0.000000 6.781835 95.214908 0.000000 9.045100 0.085231 
2295 42.543437 0.000000 6.781835 95.786270 0.000000 9.265257 0.073915 
2296 42.303958 0.000000 7.006345 95.828891 0.000000 9.003096 0.073577 
2297 42.423698 0.000000 6.445070 95.081549 0.000000 9.796724 0.086352 
2298 42.303958 0.000000 6.445070 95.008056 0.000000 9.946436 0.087454 
2299 42.543437 0.000000 6.445070 95.214112 0.000000 9.743049 0.083935 
2300 42.423698 0.000000 6.557325 95.319947 0.000000 9.623930 0.082149 
2301 42.363828 0.000000 6.276688 95.007382 0.000000 10.117187 0.087124 
2302 42.303958 0.000000 6.276688 94.906672 0.000000 10.109445 0.089052 
2303 42.363828 0.000000 6.220561 94.851828 0.000000 10.136436 0.090038 
2304 42.423698 0.000000 6.276688 94.986165 0.000000 10.083043 0.087596 
2305 42.363828 0.000000 6.332815 95.068105 0.000000 10.112596 0.085979 
2306 42.782916 0.000000 5.883796 94.442281 0.000000 10.861770 0.096268 
2307 42.782916 0.000000 5.659286 94.439739 0.000000 10.860252 0.096319 
2308 43.022395 0.000000 5.883796 94.533716 0.000000 10.916357 0.094421 
2309 42.663177 0.000000 6.220561 95.081761 0.000000 10.033434 0.085879 
2310 42.663177 0.000000 6.108306 94.859902 0.000000 10.169490 0.089818 
2311 42.782916 0.000000 6.220561 95.103340 0.000000 10.007245 0.085521 
2312 42.663177 0.000000 6.332815 95.168808 0.000000 9.930863 0.084428 
2313 42.483567 0.000000 6.276688 94.909310 0.000000 9.991153 0.089240 
2314 42.483567 0.000000 6.220561 94.856210 0.000000 10.057720 0.090114 
2315 42.543437 0.000000 6.276688 94.928165 0.000000 9.974950 0.088914 
2316 42.483567 0.000000 6.332815 94.967443 0.000000 9.924911 0.088268 
2317 42.184219 0.000000 6.445070 94.782276 0.000000 9.836497 0.091956 
2318 42.064479 0.000000 6.445070 94.646673 0.000000 9.811729 0.094574 
2319 42.184219 0.000000 6.557325 94.984435 0.000000 9.609302 0.088562 
2320 42.363828 0.000000 6.388943 95.058580 0.000000 10.020212 0.086346 
2321 42.303958 0.000000 6.388943 94.994636 0.000000 10.029557 0.087543 
2322 42.423698 0.000000 6.388943 95.059029 0.000000 9.982589 0.086413 
2323 42.363828 0.000000 6.445070 95.081966 0.000000 9.922101 0.086097 
2324 42.393763 0.000000 6.304752 95.022801 0.000000 10.088437 0.086889 
2325 42.363828 0.000000 6.304752 95.048859 0.000000 10.119554 0.086331 
2326 42.393763 0.000000 6.276688 94.994955 0.000000 10.100038 0.087395 
2327 42.423698 0.000000 6.304752 95.009517 0.000000 10.065107 0.087189 
2328 42.393763 0.000000 6.332815 95.040441 0.000000 10.071140 0.086589 
2329 43.501353 0.000000 7.006345 97.586926 -1.454334 9.711160 0.038037 
2330 43.980311 0.000000 7.006345 98.023963 -1.372387 10.008459 0.028925 
2331 43.501353 0.000000 7.455364 96.945561 0.000000 8.807249 0.052399 
2332 42.782916 0.000000 7.230854 96.537861 0.000000 8.869771 0.060177 
2333 42.543437 0.000000 7.230854 96.300288 0.000000 8.830454 0.064828 
2334 42.782916 0.000000 7.006345 96.193202 0.000000 9.019640 0.066551 
2335 43.022395 0.000000 7.230854 96.640987 0.000000 8.889294 0.058150 
2336 42.782916 0.000000 7.455364 96.977450 0.000000 8.682700 0.051998 
2337 42.303958 0.000000 7.230854 95.968365 0.000000 8.822939 0.071223 
2338 42.064479 0.000000 7.230854 95.623717 0.000000 8.710882 0.078023 
2339 42.303958 0.000000 7.455364 96.376450 -0.000000 8.331481 0.064217 
2340 42.782916 0.000000 6.781835 96.013112 0.000000 9.203826 0.069677 
2341 43.022395 0.000000 6.781835 96.215248 0.000000 9.177751 0.065839 
2342 42.663177 0.000000 7.118600 96.306056 0.000000 9.027042 0.064366 
2343 42.543437 0.000000 7.118600 96.151825 0.000000 9.021403 0.067344 
2344 42.663177 0.000000 7.006345 96.238672 0.000000 9.083238 0.065561 
2345 42.782916 0.000000 7.118600 96.309044 0.000000 8.958838 0.064431 
2346 42.663177 0.000000 7.230854 96.420429 0.000000 8.894009 0.062400 
2347 42.423698 0.000000 7.118600 95.978830 0.000000 8.987750 0.070728 
2348 42.303958 0.000000 7.118600 95.892208 0.000000 8.947228 0.072463 
2349 42.423698 0.000000 7.006345 95.941818 0.000000 9.056094 0.071315 
2350 42.423698 0.000000 7.230854 96.111674 0.000000 8.883687 0.068363 
2351 42.663177 0.000000 6.894090 95.935381 0.000000 9.120831 0.071321 
2352 42.543437 0.000000 6.894090 95.873106 0.000000 9.152540 0.072458 
2353 42.663177 0.000000 6.781835 95.854098 0.000000 9.195913 0.072743 
2354 42.782916 0.000000 6.894090 96.095747 0.000000 9.080955 0.068314 
2355 42.603307 0.000000 7.062472 96.288489 0.000000 9.110250 0.064553 
2356 42.543437 0.000000 7.062472 96.159059 0.000000 9.063197 0.067129 
2357 42.603307 0.000000 7.006345 96.188400 0.000000 9.108474 0.066483 
2358 42.663177 0.000000 7.062472 96.276857 0.000000 9.064042 0.064861 
2359 42.603307 0.000000 7.118600 96.259366 0.000000 9.053818 0.065216 
2360 42.423698 0.000000 6.894090 95.845141 0.000000 9.105002 0.073081 
2361 42.303958 0.000000 6.894090 95.709320 0.000000 9.057324 0.075769 
2362 42.423698 0.000000 6.781835 95.711274 0.000000 9.273188 0.075336 
2363 42.603307 0.000000 6.950217 96.102058 0.000000 9.113174 0.068134 
2364 42.543437 0.000000 6.950217 96.061842 0.000000 9.119958 0.068895 
2365 42.603307 0.000000 6.894090 95.904765 0.000000 9.138325 0.071877 
2366 42.663177 0.000000 6.950217 96.182263 0.000000 9.100199 0.066616 
2367 43.501353 0.000000 7.904384 98.160375 0.000000 8.406510 0.029387 
2368 43.980311 0.000000 7.904384 98.770243 1.828435 8.703344 0.016535 
2369 43.261874 0.000000 7.230854 96.882510 0.000000 8.809073 0.053618 
2370 43.261874 0.000000 7.006345 96.880330 0.000000 8.809136 0.053660 
2371 43.501353 0.000000 7.230854 96.945561 0.000000 8.807249 0.052399 
2372 43.261874 0.000000 7.455364 97.422333 0.000000 8.638265 0.043427 
2373 42.902656 0.000000 7.118600 96.422029 0.000000 8.921323 0.062320 
2374 42.902656 0.000000 7.006345 96.367973 0.000000 9.037136 0.063154 
2375 43.022395 0.000000 7.118600 96.448291 0.000000 8.992382 0.061686 
2376 42.902656 0.000000 7.230854 96.514090 0.000000 8.883385 0.060612 
2377 42.723046 0.000000 7.062472 96.234104 0.000000 8.992089 0.065814 
2378 42.723046 0.000000 7.006345 96.174561 0.000000 9.027031 0.066897 
2379 42.782916 0.000000 7.062472 96.248793 0.000000 8.988808 0.065537 
2380 42.723046 0.000000 7.118600 96.297798 0.000000 8.958605 0.064648 
2381 42.633242 0.000000 7.034408 96.276257 0.000000 9.092609 0.064821 
2382 42.603307 0.000000 7.034408 96.262636 0.000000 9.119488 0.065034 
2383 42.633242 0.000000 7.006345 96.248894 0.000000 9.094264 0.065344 
2384 42.663177 0.000000 7.034408 96.260723 0.000000 9.075506 0.065151 
2385 42.633242 0.000000 7.062472 96.288096 0.000000 9.082520 0.064611 
2386 42.782916 0.000000 7.679874 97.283013 0.000000 8.488372 0.046396 
2387 42.543437 0.000000 7.679874 96.996690 0.000000 8.349594 0.052193 
2388 43.022395 0.000000 7.679874 97.389113 0.000000 8.463944 0.044372 
2389 42.782916 0.000000 7.904384 97.370989 0.000000 8.332616 0.044946 
2390 43.261874 0.000000 7.679874 97.599307 0.000000 8.515553 0.040186 
2391 43.501353 0.000000 7.679874 98.158606 0.000000 8.406090 0.029423 
2392 43.261874 0.000000 7.904384 97.887701 0.000000 8.417274 0.034715 
2393 42.782916 0.000000 8.128893 97.882936 0.000000 8.141167 0.035265 
2394 42.543437 0.000000 8.128893 97.449908 0.000000 7.817319 0.044241 
2395 43.022395 0.000000 8.128893 98.265597 0.000000 8.378402 0.027367 
2396 42.782916 0.000000 8.353403 98.739972 0.000000 7.978231 0.018677 
2397 42.902656 0.000000 7.792129 97.522705 0.000000 8.515409 0.041681 
2398 42.782916 0.000000 7.792129 97.371475 0.000000 8.475539 0.044696 
2399 42.902656 0.000000 7.679874 97.362107 0.000000 8.522224 0.044799 
2400 43.022395 0.000000 7.792129 97.504957 0.000000 8.420343 0.042188 
2401 42.902656 0.000000 7.904384 97.606843 0.000000 8.369526 0.040286 
2402 43.261874 0.000000 8.577913 100.247115 0.000000 8.590176 -0.012328 
2403 43.022395 0.000000 8.577913 99.709745 0.000000 8.312114 -0.001112 
2404 43.261874 0.000000 8.353403 99.584289 0.000000 8.467775 0.001127 
2405 43.501353 0.000000 8.577913 100.545079 0.000000 8.832356 -0.018732 
2406 43.261874 0.000000 8.802423 101.679010 0.000000 9.066833 -0.042083 
2407 42.782916 0.000000 8.577913 99.012928 0.000000 7.825433 0.013520 
2408 42.543437 0.000000 8.577913 98.438864 -0.000000 7.387599 0.025521 
2409 42.782916 0.000000 8.802423 99.708915 -0.000000 7.429597 0.000293 
2410 43.261874 0.000000 8.128893 98.950519 0.000000 8.447172 0.013744 
2411 43.501353 0.000000 8.128893 98.835292 0.000000 8.558251 0.015834 
2412 43.142135 0.000000 8.465658 99.831905 0.000000 8.700256 -0.004210 
2413 43.022395 0.000000 8.465658 99.639320 0.000000 8.483166 0.000004 
2414 43.142135 0.000000 8.353403 99.239629 0.000000 8.371593 0.008141 
2415 43.261874 0.000000 8.465658 99.896459 0.000000 8.514549 -0.005180 
2416 43.142135 0.000000 8.577913 100.024952 0.000000 8.556232 -0.007820 
2417 54.517386 0.000000 11.945559 94.500542 6.607564 38.391990 -0.044796 
2418 52.601555 0.000000 11.945559 94.652356 -4.983736 36.643219 -0.032663 
2419 56.433218 0.000000 11.945559 95.944461 7.555119 30.530883 -0.019455 
2420 54.517386 0.000000 13.741638 98.968181 -0.049092 12.498289 0.004909 
2421 58.349050 0.000000 11.945559 96.917759 -1.208791 26.178353 -0.007982 
2422 60.264882 0.000000 11.945559 97.116197 20.093099 24.904720 -0.045553 
2423 58.349050 0.000000 13.741638 97.945287 0.046871 19.209923 0.003770 
2424 75.591537 0.000000 24.518106 99.362318 0.160552 11.604718 -0.000757 
2425 83.254865 0.000000 24.518106 99.370735 0.125563 11.469662 -0.000611 
2426 75.591537 0.000000 31.702419 99.261878 0.122067 12.479493 -0.000867 
2427 71.759874 0.000000 13.741638 98.305470 -0.323847 18.635780 -0.001136 
2428 75.591537 0.000000 13.741638 98.509364 3.723862 17.301884 -0.001732 
2429 71.759874 0.000000 17.333794 99.408103 -0.146441 10.948979 -0.000187 
2430 66.012378 0.000000 11.945559 99.079744 1.993708 12.703299 0.001786 
2431 64.096546 0.000000 11.945559 98.807426 1.685158 14.552234 0.002249 
2432 67.928210 0.000000 11.945559 100.174299 -3.241308 4.996410 -0.007036 
2433 66.012378 0.000000 13.741638 95.936113 16.475286 34.055348 -0.063494 
2434 62.180714 0.000000 11.945559 98.284352 3.252359 17.771863 0.001377 
2435 62.180714 0.000000 13.741638 96.140132 -13.728103 30.054632 -0.033467 
2436 64.096546 0.000000 20.925950 99.384184 0.120705 11.222455 -0.000317 
2437 60.264882 0.000000 20.925950 99.377616 0.074379 11.293801 -0.000347 
2438 67.928210 0.000000 20.925950 99.400376 0.112839 11.130641 -0.000434 
2439 64.096546 0.000000 24.518106 99.335446 0.092238 11.830900 -0.000751 
2440 66.012378 0.000000 15.537716 99.139630 -0.258288 12.457127 0.001609 
2441 64.096546 0.000000 15.537716 99.253051 -0.256976 11.729752 0.001118 
2442 67.928210 0.000000 15.537716 98.961384 0.135822 13.860894 0.001450 
2443 66.012378 0.000000 17.333794 99.421980 0.006492 10.673953 0.000134 
2444 65.054462 0.000000 12.843599 97.989785 0.913232 19.183928 0.002914 
2445 64.096546 0.000000 12.843599 97.613680 4.258986 20.738451 0.002335 
2446 65.054462 0.000000 11.945559 98.964259 1.632587 13.572413 0.001920 
2447 66.012378 0.000000 12.843599 98.215527 -5.667033 18.349852 -0.001512 
2448 65.054462 0.000000 13.741638 93.786322 12.678153 43.096634 -0.081393 
2449 62.180714 0.000000 15.537716 99.279069 -0.159925 11.326730 0.001535 
2450 60.264882 0.000000 15.537716 99.297090 -0.093733 11.025533 0.001852 
2451 62.180714 0.000000 17.333794 99.401784 0.031477 10.651951 0.000582 
2452 61.222798 0.000000 12.843599 95.747272 11.912030 30.716497 -0.025294 
2453 60.264882 0.000000 12.843599 94.746110 11.193429 36.630749 -0.044393 
2454 61.222798 0.000000 11.945559 97.770457 6.937802 20.886606 -0.004345 
2455 62.180714 0.000000 12.843599 96.565200 9.880209 26.132166 -0.010535 
2456 61.222798 0.000000 13.741638 96.729757 -13.383831 26.150958 -0.021965 
2457 65.054462 0.000000 11.047520 99.318197 -0.957151 11.050222 0.001287 
2458 64.096546 0.000000 11.047520 99.288488 -1.225535 11.232967 0.001411 
2459 65.054462 0.000000 10.149481 99.532922 -0.448454 9.231269 0.000778 
2460 66.012378 0.000000 11.047520 99.355739 -0.824813 10.763361 0.001191 
2461 69.844042 0.000000 11.945559 99.307060 -1.433338 11.336798 0.000753 
2462 69.844042 0.000000 10.149481 99.622752 -0.962169 9.034608 -0.000724 
2463 71.759874 0.000000 11.945559 99.378610 -0.887029 10.936868 0.000349 
2464 69.844042 0.000000 13.741638 98.020773 6.145271 20.567911 -0.006888 
2465 66.970294 0.000000 12.843599 104.398372 124.694498 -25.108713 -1.707819 
2466 66.970294 0.000000 11.945559 99.291501 3.406686 11.185290 0.000448 
2467 67.928210 0.000000 12.843599 98.107050 12.841190 19.735658 -0.017939 
2468 66.970294 0.000000 13.741638 96.896756 14.578426 28.182687 -0.039578 
2469 65.533420 0.000000 12.394579 98.289309 5.544703 18.562853 -0.003611 
2470 65.054462 0.000000 12.394579 98.223792 7.826400 19.576494 -0.009241 
2471 65.533420 0.000000 11.945559 99.031304 1.749081 13.133685 0.001725 
2472 66.012378 0.000000 12.394579 98.423525 3.693170 17.298267 -0.000006 
2473 65.533420 0.000000 12.843599 98.136176 -1.342108 18.691062 0.001813 
2474 61.222798 0.000000 11.047520 99.532972 3.443961 9.033703 -0.000028 
2475 60.264882 0.000000 11.047520 99.039428 2.088554 12.341554 0.003452 
2476 61.222798 0.000000 10.149481 99.353423 -0.726258 10.182191 0.002469 
2477 62.180714 0.000000 11.047520 99.499204 -3.427638 9.643249 -0.000483 
2478 63.138630 0.000000 12.843599 97.168465 7.132091 22.948223 -0.001920 
2479 63.138630 0.000000 11.945559 98.604138 2.127053 15.875738 0.002066 
2480 63.138630 0.000000 13.741638 94.782924 -11.379777 38.302664 -0.058040 
2481 61.701756 0.000000 12.394579 97.533643 -0.592014 21.806110 0.001133 
2482 61.222798 0.000000 12.394579 97.338345 2.278998 22.667495 0.000624 
2483 61.701756 0.000000 11.945559 98.034693 4.560007 19.183885 0.000038 
2484 62.180714 0.000000 12.394579 97.717065 -5.649872 20.841634 -0.001492 
2485 61.701756 0.000000 12.843599 96.189240 11.077885 28.221438 -0.017154 
2486 63.138630 0.000000 11.047520 99.266522 -1.847111 11.277490 0.001556 
2487 63.138630 0.000000 10.149481 99.435783 -0.563881 9.773409 0.001669 
2488 61.701756 0.000000 11.496540 98.830926 1.422678 13.828131 0.003921 
2489 61.222798 0.000000 11.496540 98.744806 1.453136 14.306555 0.004267 
2490 61.701756 0.000000 11.047520 100.061294 -1.032034 5.559274 -0.004423 
2491 62.180714 0.000000 11.496540 98.913262 1.501720 13.399360 0.003437 
2492 62.659672 0.000000 12.394579 97.956943 -17.279802 19.003064 -0.025527 
2493 62.659672 0.000000 11.945559 98.471361 2.554665 16.747854 0.001637 
2494 63.138630 0.000000 12.394579 97.781094 5.812840 21.364815 -0.005139 
2495 62.659672 0.000000 12.843599 96.891220 8.543172 24.391730 -0.005585 
2496 61.941235 0.000000 12.170069 97.709032 22.761302 21.306542 -0.051910 
2497 61.701756 0.000000 12.170069 97.791212 34.675967 19.655990 -0.115190 
2498 61.941235 0.000000 11.945559 98.192896 3.786703 18.411456 0.000483 
2499 62.180714 0.000000 12.170069 97.716748 16.731754 21.608913 -0.029546 
2500 61.941235 0.000000 12.394579 97.610510 -2.743565 21.356425 0.000856 
2501 62.659672 0.000000 11.496540 98.989604 1.680893 12.993279 0.002941 
2502 62.659672 0.000000 11.047520 99.303277 -2.470179 10.989840 0.001198 
2503 63.138630 0.000000 11.496540 99.068343 2.020096 12.539783 0.002414 
2504 62.420193 0.000000 12.170069 97.843510 13.197624 21.534963 -0.021128 
2505 62.420193 0.000000 11.945559 98.395167 2.869079 17.243554 0.001282 
2506 62.659672 0.000000 12.170069 97.913699 10.539729 21.160988 -0.014597 
2507 62.420193 0.000000 12.394579 97.778448 -9.763683 20.275846 -0.006706 
2508 56.433218 0.000000 20.925950 99.344526 0.094642 11.392931 0.000086 
2509 52.601555 0.000000 20.925950 99.420373 0.045170 11.385876 -0.001405 
2510 56.433218 0.000000 24.518106 99.349022 0.029509 11.949431 -0.001302 
2511 58.349050 0.000000 15.537716 99.332961 0.013253 10.765094 0.001708 
2512 56.433218 0.000000 15.537716 99.353160 0.045356 10.599603 0.001660 
2513 58.349050 0.000000 17.333794 99.377990 0.100503 10.663963 0.001028 
2514 61.222798 0.000000 14.639677 98.928169 -0.121911 13.526636 0.003023 
2515 60.264882 0.000000 14.639677 99.017060 -0.181766 12.790978 0.003198 
2516 62.180714 0.000000 14.639677 98.800699 0.162085 14.603685 0.002513 
2517 61.222798 0.000000 15.537716 99.286246 -0.134814 11.167569 0.001751 
2518 61.701756 0.000000 13.292618 93.661920 2.903222 43.698385 -0.069053 
2519 61.222798 0.000000 13.292618 93.945863 -2.654409 42.495237 -0.063872 
2520 62.180714 0.000000 13.292618 93.801941 8.297488 42.404579 -0.066580 
2521 61.701756 0.000000 13.741638 96.532377 -13.702102 27.519060 -0.026355 
2522 61.941235 0.000000 12.619089 97.149081 5.803220 23.216666 -0.001063 
2523 61.701756 0.000000 12.619089 97.028198 6.587552 23.881082 -0.002817 
2524 62.180714 0.000000 12.619089 97.261723 5.051792 22.616647 0.000312 
2525 61.941235 0.000000 12.843599 96.385293 10.509287 27.127842 -0.013649 
2526 62.060975 0.000000 12.282324 100.951763 -65.693725 -3.676566 -0.452044 
2527 61.941235 0.000000 12.282324 98.730526 -37.902102 13.737230 -0.137300 
2528 62.060975 0.000000 12.170069 97.704803 19.353107 21.540629 -0.038477 
2529 62.180714 0.000000 12.282324 97.590957 5.842278 22.320148 -0.005632 
2530 62.060975 0.000000 12.394579 97.660685 -4.055137 21.120915 -0.000015 
2531 59.306966 0.000000 12.843599 94.075848 5.240366 41.064311 -0.056400 
2532 58.349050 0.000000 12.843599 94.440801 -3.160150 39.467748 -0.048675 
2533 59.306966 0.000000 11.945559 95.556209 -33.070930 39.414931 -0.177821 
2534 59.306966 0.000000 13.741638 96.937198 -2.446090 24.988771 -0.002724 
2535 60.743840 0.000000 12.394579 97.121173 4.354793 23.684617 -0.001245 
2536 60.264882 0.000000 12.394579 96.878221 6.029964 24.917832 -0.004265 
2537 60.743840 0.000000 11.945559 97.488187 11.229087 22.713982 -0.014596 
2538 60.743840 0.000000 12.843599 95.249321 12.106004 33.588576 -0.034718 
2539 61.462277 0.000000 12.170069 97.463925 5.347839 22.996884 -0.005667 
2540 61.222798 0.000000 12.170069 97.436238 6.064310 22.967076 -0.005808 
2541 61.462277 0.000000 11.945559 97.905750 5.561445 20.009592 -0.001685 
2542 61.462277 0.000000 12.394579 97.436970 0.998594 22.226225 0.001103 
2543 61.821496 0.000000 12.282324 98.123588 -24.885740 18.279709 -0.058169 
2544 61.701756 0.000000 12.282324 97.851916 -17.520991 19.992631 -0.028169 
2545 61.821496 0.000000 12.170069 97.740779 27.474499 20.793105 -0.074046 
2546 61.821496 0.000000 12.394579 97.556812 -1.662948 21.541262 0.001588 
2547 61.941235 0.000000 11.721050 98.627861 1.697623 15.206680 0.003842 
2548 61.701756 0.000000 11.721050 98.562074 1.805804 15.564350 0.004001 
2549 61.941235 0.000000 11.496540 98.872539 1.451662 13.608152 0.003693 
2550 62.180714 0.000000 11.721050 98.690379 1.617348 14.890868 0.003586 
2551 62.060975 0.000000 12.057814 97.901859 7.296856 20.581003 -0.006160 
2552 61.941235 0.000000 12.057814 97.847533 8.136249 20.947190 -0.007912 
2553 62.060975 0.000000 11.945559 98.239644 3.502329 18.083927 0.000968 
2554 62.180714 0.000000 12.057814 97.956206 6.566725 20.208950 -0.004694 
2555 62.001105 0.000000 12.226197 98.686636 53.428507 12.115816 -0.274045 
2556 61.941235 0.000000 12.226197 99.436604 67.158974 5.429136 -0.442744 
2557 62.001105 0.000000 12.170069 97.704400 20.934774 21.449315 -0.044449 
2558 62.060975 0.000000 12.226197 98.316934 44.433814 15.503473 -0.188094 
2559 62.001105 0.000000 12.282324 99.432950 -48.877284 8.303219 -0.234484 
2560 63.138630 0.000000 14.639677 98.517909 0.993172 16.620572 0.001699 
2561 64.096546 0.000000 14.639677 97.584901 3.074989 22.717180 -0.004834 
2562 63.138630 0.000000 15.537716 99.253484 -0.225220 11.534262 0.001566 
2563 62.659672 0.000000 13.292618 94.293957 12.153256 39.195805 -0.057536 
2564 63.138630 0.000000 13.292618 94.931118 13.986468 35.311274 -0.045442 
2565 62.659672 0.000000 13.741638 95.554232 -13.159785 33.704621 -0.043979 
2566 62.420193 0.000000 12.619089 97.366475 4.245029 22.074239 0.001448 
2567 62.659672 0.000000 12.619089 97.466179 3.393303 21.581782 0.002306 
2568 62.420193 0.000000 12.843599 96.731523 9.212546 25.226466 -0.007823 
2569 62.300454 0.000000 12.282324 97.605215 5.526164 22.332126 -0.005604 
2570 62.300454 0.000000 12.170069 97.739568 14.627029 21.565274 -0.023203 
2571 62.420193 0.000000 12.282324 99.858721 69.207710 3.353633 -0.477272 
2572 62.300454 0.000000 12.394579 97.805870 -7.665129 20.439610 -0.004252 
2573 62.120844 0.000000 12.226197 98.111041 38.097710 17.449629 -0.138170 
2574 62.120844 0.000000 12.170069 97.709167 17.964696 21.591315 -0.033600 
2575 62.180714 0.000000 12.226197 97.987131 33.383638 18.665435 -0.106434 
2576 62.120844 0.000000 12.282324 97.583794 5.991128 22.313574 -0.005639 
2577 62.060975 0.000000 12.506834 97.459323 2.264032 21.822651 0.002033 
2578 61.941235 0.000000 12.506834 97.406999 2.792105 22.057046 0.001757 
2579 62.180714 0.000000 12.506834 97.510992 1.696349 21.594385 0.002241 
2580 62.060975 0.000000 12.619089 97.210976 5.415502 22.908573 -0.000410 
2581 62.001105 0.000000 12.338452 97.804059 -11.398585 20.445631 -0.011359 
2582 61.941235 0.000000 12.338452 97.756039 -9.830612 20.728795 -0.008257 
2583 62.060975 0.000000 12.338452 97.862929 -13.244681 20.081722 -0.015585 
2584 62.001105 0.000000 12.394579 97.635052 -3.369502 21.242478 0.000480 
2585 62.031040 0.000000 12.254260 97.570237 5.632822 22.524494 -0.005903 
2586 62.001105 0.000000 12.254260 97.566524 5.714186 22.522561 -0.005914 
2587 62.031040 0.000000 12.226197 98.472848 48.504044 14.062956 -0.224731 
2588 62.060975 0.000000 12.254260 97.573966 5.549778 22.526113 -0.005890 
2589 62.031040 0.000000 12.282324 100.032479 -56.355788 3.600329 -0.319543 
2590 62.120844 0.000000 12.338452 97.937802 -15.452633 19.597853 -0.021467 
2591 62.180714 0.000000 12.338452 98.037061 -18.143022 18.929889 -0.029878 
2592 62.120844 0.000000 12.394579 97.687835 -4.810970 20.988667 -0.000658 
2593 62.090909 0.000000 12.254260 97.577721 5.465244 22.527331 -0.005876 
2594 62.090909 0.000000 12.226197 98.200234 41.013530 16.598484 -0.160091 
2595 62.120844 0.000000 12.254260 99.376379 43.199878 6.360861 -0.178235 
2596 62.090909 0.000000 12.282324 97.580172 6.063315 22.310413 -0.005641 
2597 62.031040 0.000000 12.310388 98.146912 -23.088536 18.146902 -0.049521 
2598 62.001105 0.000000 12.310388 98.069101 -21.118530 18.698216 -0.041316 
2599 62.060975 0.000000 12.310388 98.241966 -25.333047 17.462584 -0.059819 
2600 62.031040 0.000000 12.338452 97.831871 -12.282359 20.275796 -0.013304 
2601 62.046007 0.000000 12.268292 97.573255 5.895547 22.417209 -0.005783 
2602 62.031040 0.000000 12.268292 97.571431 5.933413 22.415785 -0.005786 
2603 62.046007 0.000000 12.254260 97.572099 5.591450 22.525348 -0.005897 
2604 62.060975 0.000000 12.268292 97.575074 5.857394 22.418629 -0.005780 
2605 62.046007 0.000000 12.282324 100.440366 -60.765661 0.379580 -0.378088 
2606 66.970294 0.000000 11.047520 99.387021 -0.727084 10.509091 0.001125 
2607 66.970294 0.000000 10.149481 99.607943 -1.087185 8.899324 -0.000212 
2608 67.928210 0.000000 11.047520 99.433590 -0.681511 10.244789 0.000754 
2609 66.491336 0.000000 12.394579 98.585139 2.635957 16.120536 0.001415 
2610 66.491336 0.000000 11.945559 99.148503 2.471830 12.173333 0.001527 
2611 66.970294 0.000000 12.394579 98.726792 2.071868 15.181133 0.001826 
2612 66.491336 0.000000 12.843599 98.456011 -21.251986 16.906294 -0.043106 
2613 65.054462 0.000000 14.639677 95.484756 -15.032966 35.189790 -0.058165 
2614 66.012378 0.000000 14.639677 97.494980 -17.953318 23.855878 -0.039670 
2615 65.054462 0.000000 15.537716 99.204181 -0.277122 12.031563 0.001370 
2616 65.533420 0.000000 13.292618 97.397519 9.338701 22.698468 -0.008871 
2617 65.054462 0.000000 13.292618 97.004753 10.786904 24.177760 -0.011084 
2618 66.012378 0.000000 13.292618 97.708010 7.951564 21.627262 -0.007782 
2619 65.533420 0.000000 13.741638 94.909833 15.993721 38.207694 -0.072350 
2620 65.772899 0.000000 12.619089 98.277410 27.024458 18.462488 -0.072963 
2621 65.533420 0.000000 12.619089 98.739124 46.385074 14.730104 -0.211797 
2622 65.772899 0.000000 12.394579 98.381698 4.543191 17.961249 -0.002221 
2623 66.012378 0.000000 12.619089 98.186995 19.302342 19.342688 -0.038741 
2624 65.772899 0.000000 12.843599 98.182215 -3.127877 18.503978 0.000807 
2625 64.575504 0.000000 12.394579 98.087557 11.680194 20.351455 -0.017178 
2626 64.096546 0.000000 12.394579 98.029477 18.473033 20.395995 -0.036703 
2627 64.575504 0.000000 11.945559 98.884533 1.618013 14.048430 0.002187 
2628 64.575504 0.000000 12.843599 97.800838 2.699824 19.899331 0.003172 
2629 65.293941 0.000000 12.619089 98.108911 5.245287 19.780358 -0.004413 
2630 65.054462 0.000000 12.619089 98.071793 5.598231 19.748879 -0.003943 
2631 65.293941 0.000000 12.394579 98.304908 6.484316 19.049640 -0.006879 
2632 65.293941 0.000000 12.843599 98.066525 -0.173301 18.914236 0.002518 
2633 71.759874 0.000000 20.925950 99.415463 0.103649 11.045462 -0.000545 
2634 75.591537 0.000000 20.925950 99.439190 0.140978 10.934268 -0.000773 
2635 71.759874 0.000000 24.518106 99.340953 0.100449 11.705595 -0.000566 
2636 69.844042 0.000000 15.537716 98.325370 2.803023 18.503399 -0.001811 
2637 71.759874 0.000000 15.537716 96.744346 -18.608248 29.847487 -0.059661 
2638 69.844042 0.000000 17.333794 99.421173 -0.092662 10.808504 -0.000140 
2639 66.970294 0.000000 14.639677 97.448938 -16.858979 24.401759 -0.037597 
2640 67.928210 0.000000 14.639677 96.797480 -16.888943 29.177594 -0.050632 
2641 66.970294 0.000000 15.537716 99.068758 -0.172645 13.023923 0.001573 
2642 66.491336 0.000000 13.292618 97.898415 6.607912 20.797228 -0.006029 
2643 66.970294 0.000000 13.292618 98.027898 5.294629 20.105096 -0.004172 
2644 66.491336 0.000000 13.741638 96.498943 15.774308 30.762880 -0.050723 
2645 65.772899 0.000000 13.068108 97.963546 4.178310 19.693267 -0.000214 
2646 65.533420 0.000000 13.068108 97.860767 4.854155 20.048969 -0.000225 
2647 66.012378 0.000000 13.068108 98.047314 3.471325 19.393259 -0.000142 
2648 65.772899 0.000000 13.292618 97.568873 8.628577 22.122787 -0.008356 
2649 65.653159 0.000000 12.731344 98.362277 -19.197055 17.221131 -0.034023 
2650 65.533420 0.000000 12.731344 98.289449 -14.041049 17.889562 -0.017800 
2651 65.653159 0.000000 12.619089 98.405096 33.949100 17.381930 -0.113824 
2652 65.772899 0.000000 12.731344 98.545361 -27.631078 15.901680 -0.072753 
2653 65.653159 0.000000 12.843599 98.162015 -2.167414 18.591721 0.001387 
2654 65.533420 0.000000 11.496540 99.340283 -2.711029 10.999275 0.000317 
2655 65.054462 0.000000 11.496540 99.608970 -4.071982 9.154513 -0.002233 
2656 65.533420 0.000000 11.047520 99.336972 -0.887607 10.912401 0.001230 
2657 66.012378 0.000000 11.496540 99.283809 -1.954252 11.304560 0.001111 
2658 65.772899 0.000000 12.170069 98.827166 1.795984 14.582180 0.001733 
2659 65.533420 0.000000 12.170069 98.799047 1.898389 14.908745 0.001287 
2660 65.772899 0.000000 11.945559 99.055600 1.850455 12.922533 0.001757 
2661 66.012378 0.000000 12.170069 98.855111 1.719885 14.268715 0.002111 
2662 65.653159 0.000000 12.506834 98.124536 11.171676 19.796587 -0.014514 
2663 65.533420 0.000000 12.506834 98.104534 12.522238 19.864966 -0.017592 
2664 65.653159 0.000000 12.394579 98.336233 5.010734 18.261267 -0.002860 
2665 65.772899 0.000000 12.506834 98.149108 9.994419 19.682208 -0.012053 
2666 66.251857 0.000000 12.619089 98.062415 14.025602 19.739012 -0.020258 
2667 66.251857 0.000000 12.394579 98.501986 3.077983 16.682753 0.000957 
2668 66.491336 0.000000 12.619089 98.075437 10.862375 19.697957 -0.012479 
2669 66.251857 0.000000 12.843599 98.288241 -10.886940 18.005526 -0.010330 
2670 65.892638 0.000000 12.731344 99.064522 -44.332696 11.997029 -0.192310 
2671 65.892638 0.000000 12.619089 98.217355 22.524387 19.020080 -0.051576 
2672 66.012378 0.000000 12.731344 102.272618 -93.133070 -12.210291 -0.928255 
2673 65.892638 0.000000 12.843599 98.199004 -4.271064 18.425989 -0.000080 
2674 65.713029 0.000000 12.675216 115.204450 86.110880 -102.043434 -2.110001 
2675 65.653159 0.000000 12.675216 107.458831 -79.949654 -47.124883 -1.016010 
2676 65.713029 0.000000 12.619089 98.328359 30.065729 18.021185 -0.089718 
2677 65.772899 0.000000 12.675216 101.297866 64.267736 -3.078169 -0.440107 
2678 65.713029 0.000000 12.731344 98.435448 -22.822715 16.705115 -0.048947 
2679 65.892638 0.000000 12.506834 98.178520 8.957874 19.524414 -0.010047 
2680 65.892638 0.000000 12.394579 98.426265 4.134318 17.663523 -0.001682 
2681 66.012378 0.000000 12.506834 98.211902 8.040691 19.329601 -0.008386 
2682 65.832769 0.000000 12.675216 99.264179 42.148421 11.426475 -0.176043 
2683 65.832769 0.000000 12.619089 98.242234 24.565096 18.781599 -0.060773 
2684 65.892638 0.000000 12.675216 99.340249 62.587855 10.028265 -0.388629 
2685 65.832769 0.000000 12.731344 98.726362 -34.329592 14.548756 -0.113708 
2686 64.575504 0.000000 13.292618 96.580549 12.208914 26.133401 -0.015981 
2687 64.096546 0.000000 13.292618 96.103769 13.464293 28.607781 -0.023563 
2688 64.575504 0.000000 13.741638 93.217212 6.436709 46.499954 -0.089313 
2689 65.293941 0.000000 13.068108 97.742642 5.517070 20.469392 -0.000306 
2690 65.054462 0.000000 13.068108 97.618543 6.183306 20.946255 -0.000636 
2691 65.293941 0.000000 13.292618 97.203594 10.059632 23.383931 -0.009654 
2692 65.653159 0.000000 12.955853 98.059453 2.046597 19.069766 0.001650 
2693 65.533420 0.000000 12.955853 98.020311 2.463091 19.208578 0.001698 
2694 65.772899 0.000000 12.955853 98.093926 1.607743 18.946250 0.001604 
2695 65.653159 0.000000 13.068108 97.914355 4.519299 19.863651 -0.000221 
2696 65.713029 0.000000 12.787471 98.225047 -7.748184 18.258641 -0.004157 
2697 65.653159 0.000000 12.787471 98.207400 -6.783803 18.328306 -0.002664 
2698 65.772899 0.000000 12.787471 98.243875 -8.850553 18.177394 -0.006061 
2699 65.713029 0.000000 12.843599 98.172737 -2.628182 18.546402 0.001124 
2700 65.742964 0.000000 12.703280 99.919863 -63.974422 5.036139 -0.410207 
2701 65.713029 0.000000 12.703280 99.425043 -53.985812 8.882466 -0.287871 
2702 65.742964 0.000000 12.675216 104.851757 83.751821 -28.372334 -0.881325 
2703 65.772899 0.000000 12.703280 100.761281 -77.744783 -1.476633 -0.619927 
2704 65.742964 0.000000 12.731344 98.484305 -25.045049 16.350882 -0.059376 
2705 65.413680 0.000000 12.731344 98.233382 -10.585184 18.244156 -0.009469 
2706 65.293941 0.000000 12.731344 98.187281 -8.876795 18.392098 -0.005781 
2707 65.413680 0.000000 12.619089 100.255665 76.435072 3.791308 -0.590789 
2708 65.413680 0.000000 12.843599 98.103789 -0.618685 18.804944 0.002164 
2709 65.593290 0.000000 12.675216 100.285640 -44.491032 3.869965 -0.205164 
2710 65.533420 0.000000 12.675216 99.002465 -27.401452 12.946431 -0.071994 
2711 65.593290 0.000000 12.619089 98.527548 39.116479 16.394742 -0.150656 
2712 65.593290 0.000000 12.731344 98.309886 -16.361054 17.572699 -0.024132 
2713 65.683094 0.000000 12.703280 99.109497 -46.442446 11.338718 -0.210816 
2714 65.653159 0.000000 12.703280 98.895728 -40.555723 13.000710 -0.159415 
2715 65.683094 0.000000 12.675216 120.492653 -43.925967 -139.786500 -2.598824 
2716 65.683094 0.000000 12.731344 98.395523 -20.891522 16.989420 -0.040678 
2717 65.713029 0.000000 12.562961 98.132632 16.373079 19.667820 -0.028491 
2718 65.653159 0.000000 12.562961 98.136004 17.492546 19.596565 -0.032069 
2719 65.713029 0.000000 12.506834 98.136162 10.563774 19.745216 -0.013217 
2720 65.772899 0.000000 12.562961 98.131855 15.366282 19.717733 -0.025477 
2721 65.742964 0.000000 12.647152 98.788737 47.836497 14.398344 -0.225486 
2722 65.713029 0.000000 12.647152 98.964655 52.951150 13.016165 -0.276725 
2723 65.742964 0.000000 12.619089 98.300434 28.459055 18.260745 -0.080635 
2724 65.772899 0.000000 12.647152 98.662042 43.676819 15.402925 -0.187911 
2725 65.727997 0.000000 12.689248 102.721997 -63.263490 -13.390545 -0.473338 
2726 65.713029 0.000000 12.689248 101.359334 -54.101948 -3.704654 -0.321446 
2727 65.727997 0.000000 12.675216 108.756014 92.448073 -56.153148 -1.352769 
2728 65.742964 0.000000 12.689248 105.023718 -73.741996 -29.757570 -0.735338 
2729 65.727997 0.000000 12.703280 99.642704 -58.607845 7.189284 -0.341523 
2730 -161.971618 0.000000 -169.458329 99.021885 -0.000958 13.917927 0.000096 
2731 -223.278239 0.000000 -169.458329 99.023933 -0.000619 13.918387 0.000054 
2732 -161.971618 0.000000 -226.932828 99.022678 -0.001054 13.917051 0.000082 
2733 205.868106 0.000000 -169.458329 99.024711 -0.007319 13.886791 0.000126 
2734 205.868106 0.000000 -226.932828 99.024089 -0.005284 13.899890 0.000102 
2735 267.174727 0.000000 -169.458329 99.026910 -0.007536 13.888603 0.000078 
2736 -39.358376 0.000000 175.388667 99.043505 0.003389 13.909870 -0.000310 
2737 -100.664997 0.000000 175.388667 99.037005 0.002117 13.916349 -0.000199 
2738 -39.358376 0.000000 232.863166 99.037107 0.003003 13.911421 -0.000188 
2739 -161.971618 0.000000 175.388667 99.032600 0.001395 13.918249 -0.000117 
2740 -223.278239 0.000000 175.388667 99.030189 0.000977 13.918555 -0.000070 
2741 -161.971618 0.000000 232.863166 99.031830 0.001493 13.917104 -0.000099 
2742 -70.011687 0.000000 -83.246580 99.006023 -0.001899 13.917757 0.000410 
2743 -100.664997 0.000000 -83.246580 99.014414 -0.001251 13.920437 0.000237 
2744 -70.011687 0.000000 -111.983830 99.010006 -0.002020 13.914692 0.000340 
2745 205.868106 0.000000 175.388667 99.038428 0.011703 13.865221 -0.000085 
2746 267.174727 0.000000 175.388667 99.037322 0.013035 13.858853 -0.000046 
2747 205.868106 0.000000 232.863166 99.034538 0.007905 13.890377 -0.000078 
2748 113.908175 0.000000 -83.246580 99.016903 -0.013057 13.793945 0.000538 
2749 113.908175 0.000000 -111.983830 99.015606 -0.010043 13.847644 0.000415 
2750 144.561486 0.000000 -83.246580 99.026505 -0.014463 13.801750 0.000326 
2751 -8.705066 0.000000 89.176918 99.093842 0.004507 13.891408 -0.001256 
2752 -39.358376 0.000000 89.176918 99.067381 0.002811 13.916282 -0.000801 
2753 -8.705066 0.000000 117.914168 99.068536 0.005165 13.895435 -0.000766 
2754 -70.011687 0.000000 89.176918 99.049058 0.002237 13.922610 -0.000456 
2755 -100.664997 0.000000 89.176918 99.039533 0.001599 13.923209 -0.000268 
2756 -70.011687 0.000000 117.914168 99.046565 0.002567 13.917215 -0.000391 
2757 -24.031721 0.000000 -40.140706 98.924588 0.046095 13.900533 0.002070 
2758 -39.358376 0.000000 -40.140706 98.967675 -0.003327 13.920581 0.001162 
2759 -24.031721 0.000000 -54.509330 98.957044 -0.004309 13.897411 0.001437 
2760 113.908175 0.000000 89.176918 99.071112 0.022791 13.722848 -0.000340 
2761 144.561486 0.000000 89.176918 99.065612 0.026083 13.702423 -0.000175 
2762 113.908175 0.000000 117.914168 99.056679 0.015737 13.814434 -0.000306 
2763 67.928210 0.000000 -40.140706 98.972236 0.002331 13.443156 0.002378 
2764 67.928210 0.000000 -54.509330 98.978506 -0.015106 13.646191 0.001704 
2765 83.254865 0.000000 -40.140706 99.016370 -0.023505 13.469617 0.001433 
2766 6.621589 0.000000 46.071043 99.272090 -0.076526 13.834026 -0.004633 
2767 -8.705066 0.000000 46.071043 99.197755 -0.038468 13.944354 -0.003464 
2768 6.621589 0.000000 60.439668 99.218166 -0.003773 13.849485 -0.003605 
2769 -24.031721 0.000000 46.071043 99.130838 -0.004109 13.972675 -0.002216 
2770 -39.358376 0.000000 46.071043 99.073232 0.000769 13.950301 -0.001012 
2771 -24.031721 0.000000 60.439668 99.104553 0.002267 13.926421 -0.001566 
2772 14.284917 0.000000 24.518106 100.009096 -0.056987 13.581755 -0.018629 
2773 6.621589 0.000000 24.518106 99.934696 -0.106305 14.024090 -0.018363 
2774 14.284917 0.000000 31.702419 99.648980 -0.099074 13.632195 -0.011577 
2775 -1.041739 0.000000 24.518106 99.571375 -0.093703 14.176221 -0.011543 
2776 -8.705066 0.000000 24.518106 99.249358 -0.212656 14.172277 -0.005133 
2777 -1.041739 0.000000 31.702419 99.385893 -0.216598 14.007423 -0.007381 
2778 -16.368394 0.000000 -18.587768 98.702264 0.007874 13.958381 0.006303 
2779 -24.031721 0.000000 -18.587768 98.870006 0.010927 13.913694 0.003113 
2780 -16.368394 0.000000 -25.772081 98.832417 0.042017 13.880578 0.003948 
2781 18.116580 0.000000 13.741638 101.408879 -0.038116 12.463076 -0.043909 
2782 14.284917 0.000000 13.741638 101.344443 -0.173520 13.367897 -0.044943 
2783 18.116580 0.000000 17.333794 100.729301 0.063827 12.802456 -0.031030 
2784 10.453253 0.000000 13.741638 100.860271 -0.263902 14.156192 -0.037326 
2785 6.621589 0.000000 13.741638 100.152220 -0.117070 14.594875 -0.024349 
2786 10.453253 0.000000 17.333794 100.440099 0.087997 13.931126 -0.028230 
2787 15.242833 0.000000 -1.525026 7.964450 0.143555 -0.967023 0.993561 
2788 16.200749 0.000000 -1.525026 9.642220 0.115984 -1.075179 0.990586 
2789 15.242833 0.000000 -0.626987 7.556304 0.138629 -1.177411 0.994150 
2790 13.805959 0.000000 -3.770124 89.601823 0.205633 -24.654419 0.136363 
2791 13.805959 0.000000 -4.219143 90.135319 0.120189 -4.480606 0.185553 
2792 14.284917 0.000000 -3.770124 90.651467 0.215184 -24.589183 0.117764 
2793 15.242833 0.000000 -5.117183 96.029497 0.133200 -0.460460 0.077811 
2794 15.242833 0.000000 -6.015222 96.948655 -0.101593 4.648000 0.057934 
2795 16.200749 0.000000 -5.117183 98.351672 0.107029 -0.918095 0.032609 
2796 20.990328 0.000000 -5.117183 104.893282 0.081449 13.406449 -0.118234 
2797 20.032412 0.000000 -5.117183 105.532090 0.219996 10.408315 -0.124540 
2798 20.990328 0.000000 -6.015222 102.595363 0.108776 12.150213 -0.067345 
2799 19.074496 0.000000 -5.117183 104.698109 0.173922 5.776447 -0.099509 
2800 18.116580 0.000000 -5.117183 102.802695 0.292642 2.020865 -0.057256 
2801 19.074496 0.000000 -6.015222 102.421760 0.296771 7.740630 -0.055022 
2802 24.821992 0.000000 -1.525026 27.515478 0.041945 8.032268 0.917838 
2803 23.864076 0.000000 -1.525026 23.386012 -0.102663 5.198412 0.942606 
2804 24.821992 0.000000 -0.626987 31.456049 -0.194625 6.059610 0.897376 
2805 22.906160 0.000000 -1.525026 20.668836 -0.131970 3.962144 0.955708 
2806 21.948244 0.000000 -1.525026 19.062251 -0.052000 3.782107 0.962232 
2807 22.906160 0.000000 -0.626987 23.662547 -0.145553 2.980000 0.943118 
2808 24.821992 0.000000 -5.117183 103.589628 0.254940 17.171390 -0.102573 
2809 24.821992 0.000000 -6.015222 101.537811 -0.210348 15.473691 -0.054941 
2810 25.779908 0.000000 -5.117183 101.414888 0.193647 18.733866 -0.063597 
2811 98.581520 0.000000 -40.140706 99.037499 -0.025560 13.495975 0.000943 
2812 98.581520 0.000000 -54.509330 99.018839 -0.019745 13.655082 0.000881 
2813 113.908175 0.000000 -40.140706 99.049084 -0.026739 13.525812 0.000633 
2814 60.264882 0.000000 -18.587768 99.004773 -0.002263 12.568175 0.004010 
2815 60.264882 0.000000 -25.772081 98.969112 0.059270 13.015717 0.003570 
2816 67.928210 0.000000 -18.587768 99.050670 -0.100422 12.598616 0.003023 
2817 75.591537 0.000000 -18.587768 99.084809 -0.050354 12.654945 0.002205 
2818 75.591537 0.000000 -25.772081 99.027066 -0.013223 13.024188 0.002401 
2819 83.254865 0.000000 -18.587768 99.116011 -0.045659 12.737782 0.001376 
2820 28.653656 0.000000 -3.321104 90.966564 0.429863 18.111041 0.139689 
2821 28.653656 0.000000 -4.219143 95.009239 0.032418 16.106608 0.071382 
2822 28.653656 0.000000 -2.423065 92.208881 0.398206 15.572019 0.125488 
2823 28.653656 0.000000 -1.525026 92.312930 0.387838 15.328267 0.124322 
2824 35.359068 0.000000 -6.015222 97.496550 0.193437 12.960355 0.032641 
2825 35.359068 0.000000 -7.811300 98.176953 0.022611 12.870060 0.019565 
2826 37.274899 0.000000 -6.015222 97.199980 -0.020412 12.772963 0.038901 
2827 26.737824 0.000000 -5.117183 98.582196 -0.227014 18.497632 -0.006066 
2828 26.737824 0.000000 -6.015222 99.062091 -0.151695 16.106217 -0.007273 
2829 27.695740 0.000000 -5.117183 97.038251 -0.109261 16.824323 0.030051 
2830 23.864076 0.000000 8.353403 101.615855 0.115591 8.576106 -0.039934 
2831 21.948244 0.000000 8.353403 101.990704 0.147186 9.168775 -0.048619 
2832 23.864076 0.000000 10.149481 101.443216 0.296520 9.747852 -0.038583 
2833 26.737824 0.000000 0.271052 45.507419 0.100192 4.666410 0.790729 
2834 25.779908 0.000000 0.271052 39.507293 0.123501 4.146176 0.842197 
2835 -16.368394 0.000000 24.518106 99.110100 -0.155782 14.105378 -0.002180 
2836 -24.031721 0.000000 24.518106 99.073403 -0.095630 14.059292 -0.001321 
2837 -16.368394 0.000000 31.702419 99.173666 -0.091766 14.066925 -0.003330 
2838 2.789925 0.000000 13.741638 100.010780 -0.220427 15.131770 -0.023118 
2839 -1.041739 0.000000 13.741638 99.557256 -0.179869 15.026592 -0.013748 
2840 2.789925 0.000000 17.333794 99.894838 -0.074744 14.585525 -0.019172 
2841 -4.873402 0.000000 13.741638 99.122022 -0.144835 14.559381 -0.003717 
2842 -8.705066 0.000000 13.741638 99.076859 -0.025426 14.455382 -0.002518 
2843 -4.873402 0.000000 17.333794 99.346365 -0.007014 14.432435 -0.007800 
2844 -2.957570 0.000000 -6.015222 96.158498 -0.262964 12.601742 0.059467 
2845 -4.873402 0.000000 -6.015222 97.030373 -0.125011 13.288614 0.040850 
2846 -2.957570 0.000000 -7.811300 97.371985 -0.057526 12.554926 0.036107 
2847 -1.999654 0.000000 -3.321104 91.442115 -0.444549 12.049766 0.149295 
2848 -2.957570 0.000000 -3.321104 93.747939 -0.300616 13.318457 0.103385 
2849 -1.999654 0.000000 -4.219143 93.373067 -0.418671 11.659882 0.114534 
2850 0.874093 0.000000 4.761247 97.856378 0.212578 17.384361 0.012187 
2851 -1.041739 0.000000 4.761247 97.919944 0.106992 16.778326 0.013016 
2852 0.874093 0.000000 6.557325 98.729602 0.083935 16.544272 -0.002125 
2853 -2.957570 0.000000 4.761247 97.817787 -0.359551 16.162653 0.017032 
2854 -4.873402 0.000000 4.761247 97.995099 -0.093831 15.501578 0.015665 
2855 -2.957570 0.000000 6.557325 98.310034 -0.313598 15.799146 0.008543 
2856 -1.999654 0.000000 0.271052 93.679511 -0.064012 17.313841 0.092438 
2857 -2.957570 0.000000 0.271052 94.784854 -0.076687 16.551456 0.074187 
2858 -1.999654 0.000000 1.169091 95.046066 0.046458 17.169887 0.067144 
2859 -0.562781 0.000000 -2.872085 79.379601 0.092589 0.811990 0.369821 
2860 -1.041739 0.000000 -2.872085 84.298620 0.053491 7.749025 0.283369 
2861 -0.562781 0.000000 -3.321104 86.336930 -0.018349 3.192232 0.253574 
2862 1.353051 0.000000 -1.974046 3.977944 -0.242864 1.137200 0.998282 
2863 1.832009 0.000000 -1.974046 3.708300 0.040827 1.297904 0.998456 
2864 2.310967 0.000000 -1.974046 3.629527 -0.041355 1.433998 0.998477 
2865 2.789925 0.000000 -1.974046 3.645724 0.040601 1.500616 0.998446 
2866 2.310967 0.000000 -1.525026 3.729101 -0.037251 1.436391 0.998403 
2867 2.310967 0.000000 -1.076007 93.860838 -0.087793 28.163170 0.039697 
2868 2.789925 0.000000 -1.076007 3.736737 0.045798 1.731251 0.998304 
2869 3.747841 0.000000 2.067130 94.171828 -0.027748 22.680052 0.061728 
2870 2.789925 0.000000 2.067130 95.060407 0.048219 21.152318 0.051610 
2871 3.747841 0.000000 2.965169 95.733966 -0.069438 21.240685 0.038384 
2872 1.353051 0.000000 -0.177968 94.991459 -0.049600 26.671285 0.026526 
2873 0.874093 0.000000 -0.177968 93.564904 -0.055719 26.862029 0.052404 
2874 1.353051 0.000000 0.271052 94.431745 -0.019322 24.487105 0.048303 
2875 3.747841 0.000000 -5.117183 97.998907 -0.091342 7.896546 0.033385 
2876 2.789925 0.000000 -5.117183 97.828964 -0.285612 7.461595 0.037374 
2877 3.747841 0.000000 -6.015222 97.845731 -0.183535 9.128704 0.034285 
2878 3.268883 0.000000 -2.872085 101.797428 -0.088112 1.710567 -0.036565 
2879 3.268883 0.000000 -3.321104 101.959853 -0.082607 1.422016 -0.039784 
2880 3.268883 0.000000 -2.423065 3.241333 -0.059893 1.385421 0.998757 
2881 3.268883 0.000000 -0.177968 91.513228 -0.119623 27.955243 0.084382 
2882 3.268883 0.000000 -0.626987 92.469792 -0.079275 27.681840 0.068305 
2883 3.268883 0.000000 0.271052 91.837876 -0.103736 27.879343 0.078854 
2884 4.226799 0.000000 0.720071 86.903494 -0.155459 30.016408 0.154677 
2885 3.747841 0.000000 0.720071 91.174267 0.110486 24.883892 0.106803 
2886 4.226799 0.000000 1.169091 90.648128 -0.003156 25.344159 0.114059 
2887 3.268883 0.000000 0.720071 92.796432 -0.174444 23.892773 0.081793 
2888 2.789925 0.000000 0.720071 93.774699 -0.112915 23.398666 0.065880 
2889 3.268883 0.000000 1.169091 93.326757 0.053833 23.145183 0.075441 
2890 5.184715 0.000000 -3.770124 97.029335 -0.103775 4.707186 0.056314 
2891 4.705757 0.000000 -3.770124 97.557087 -0.138451 5.289617 0.045462 
2892 5.184715 0.000000 -4.219143 97.618845 -0.102080 5.976321 0.043483 
2893 3.268883 0.000000 -1.974046 3.575928 -0.030970 1.570033 0.998475 
2894 3.747841 0.000000 -1.974046 3.495579 -0.199651 1.385865 0.998582 
2895 3.268883 0.000000 -1.525026 3.620714 -0.077702 1.567459 0.998443 
2896 4.226799 0.000000 -1.974046 3.396751 -0.160134 1.219654 0.998695 
2897 4.705757 0.000000 -1.974046 3.058863 0.068589 0.840461 0.998993 
2898 4.226799 0.000000 -1.525026 3.270284 -0.174060 1.230249 0.998776 
2899 4.226799 0.000000 -1.076007 3.214098 -0.147732 1.485005 0.998744 
2900 3.747841 0.000000 -1.076007 3.437945 -0.156799 1.525395 0.998583 
2901 4.705757 0.000000 -1.076007 2.575913 0.008713 1.207253 0.999191 
2902 3.268883 0.000000 -1.076007 3.719531 -0.074550 1.627540 0.998351 
2903 9.495337 0.000000 0.271052 0.389230 0.029972 1.361255 0.999799 
2904 10.453253 0.000000 0.271052 1.725047 0.084102 0.792892 0.999639 
2905 5.184715 0.000000 -0.177968 83.367889 -0.001453 32.893273 0.196783 
2906 5.184715 0.000000 -0.626987 1.693017 0.191030 1.692122 0.999423 
2907 5.663673 0.000000 -0.177968 0.614778 -0.023842 2.589291 0.999292 
2908 6.142631 0.000000 -0.177968 -0.265645 0.046049 1.863358 0.999646 
2909 6.142631 0.000000 -0.626987 0.089086 0.051401 1.532589 0.999764 
2910 6.621589 0.000000 -0.177968 -0.624015 0.081730 1.407381 0.999762 
2911 5.663673 0.000000 3.863208 97.609838 -0.071457 23.487901 -0.007937 
2912 4.705757 0.000000 3.863208 97.193409 -0.072157 21.648515 0.008478 
2913 5.663673 0.000000 4.761247 98.967426 -0.136938 21.285764 -0.024765 
2914 5.184715 0.000000 1.618110 89.143592 0.194924 29.373350 0.119059 
2915 4.705757 0.000000 1.618110 90.735008 0.005987 26.613639 0.105887 
2916 5.184715 0.000000 2.067130 91.917828 0.330392 27.647487 0.078662 
2917 5.184715 0.000000 -1.974046 2.336541 0.196850 0.644274 0.999409 
2918 5.663673 0.000000 -1.974046 1.194609 -0.080574 0.205842 0.999852 
2919 5.184715 0.000000 -1.525026 1.991775 0.189225 1.014500 0.999497 
2920 6.142631 0.000000 -1.974046 -0.146822 0.132963 0.546374 0.999966 
2921 6.621589 0.000000 -1.974046 -0.721309 0.019141 1.270283 0.999787 
2922 6.142631 0.000000 -1.525026 0.057387 0.091633 1.025730 0.999894 
2923 6.142631 0.000000 -1.076007 0.014921 0.057372 1.441495 0.999792 
2924 5.663673 0.000000 -1.076007 0.895262 0.032304 1.383365 0.999728 
2925 6.621589 0.000000 -1.076007 -0.286610 0.064668 1.379395 0.999801 
2926 5.184715 0.000000 -1.076007 1.794971 0.101610 1.362723 0.999491 
2927 7.100547 0.000000 -0.177968 -0.575035 -0.057111 1.365006 0.999780 
2928 7.100547 0.000000 -0.626987 -0.536056 -0.035096 1.395247 0.999776 
2929 7.579505 0.000000 -0.177968 -0.506151 -0.100862 1.301617 0.999804 
2930 8.058463 0.000000 1.618110 91.349004 -0.384405 53.626299 -0.122057 
2931 8.058463 0.000000 1.169091 -0.324566 -0.307547 1.547502 0.999741 
2932 8.537421 0.000000 1.618110 -0.264774 -0.386947 1.725051 0.999680 
2933 7.100547 0.000000 2.516149 94.835143 -0.027930 36.248469 -0.030766 
2934 6.621589 0.000000 2.516149 93.886459 -0.089940 33.040494 0.009365 
2935 7.100547 0.000000 2.965169 97.278277 -0.015100 31.912429 -0.048147 
2936 7.100547 0.000000 -1.974046 -0.727347 -0.000087 1.267957 0.999786 
2937 7.579505 0.000000 -1.974046 -0.459382 -0.051920 1.218406 0.999830 
2938 7.100547 0.000000 -1.525026 -0.485208 -0.023575 1.210210 0.999830 
2939 8.058463 0.000000 -1.974046 -0.389786 -0.072029 1.305539 0.999814 
2940 8.537421 0.000000 -1.974046 -0.371076 -0.118346 1.650633 0.999712 
2941 8.058463 0.000000 -1.525026 -0.423450 -0.177285 1.417627 0.999778 
2942 7.100547 0.000000 -1.076007 -0.439693 -0.021964 1.267639 0.999820 
2943 7.579505 0.000000 -1.076007 -0.454036 -0.049144 1.346873 0.999798 
2944 9.974295 0.000000 -3.770124 96.929522 0.015442 6.907799 0.055695 
2945 9.974295 0.000000 -4.219143 96.128771 0.029236 7.615138 0.070127 
2946 7.818984 0.000000 -3.096595 98.310057 -0.097094 -3.556578 0.032247 
2947 7.818984 0.000000 -3.321104 98.468009 -0.101440 -3.500747 0.029179 
2948 7.818984 0.000000 -2.872085 98.301498 -0.096743 -3.554766 0.032417 
2949 9.016379 0.000000 -1.974046 -0.305962 -0.118110 1.973031 0.999600 
2950 9.495337 0.000000 -1.974046 -0.027784 -0.210993 1.773031 0.999681 
2951 9.016379 0.000000 -1.525026 -0.216973 -0.178944 1.956527 0.999609 
2952 9.974295 0.000000 -1.974046 0.266503 -0.087538 2.111271 0.999546 
2953 10.453253 0.000000 -1.974046 0.570342 -0.035213 2.176704 0.999494 
2954 9.974295 0.000000 -1.525026 0.513825 0.006554 2.028300 0.999562 
2955 8.776900 0.000000 -3.096595 99.088322 -0.077777 -1.954015 0.017768 
2956 8.776900 0.000000 -3.321104 99.083350 -0.075078 -1.921850 0.017879 
2957 8.776900 0.000000 -2.872085 99.083991 -0.076369 -1.938041 0.017860 
2958 11.411169 0.000000 0.271052 2.329666 0.192202 0.665024 0.999409 
2959 12.369085 0.000000 0.271052 3.388295 0.056655 0.445743 0.998832 
2960 13.327001 0.000000 0.271052 5.108649 -0.092814 -0.388350 0.997374 
2961 14.284917 0.000000 0.271052 6.259178 -0.109498 -0.962362 0.995988 
2962 9.016379 0.000000 1.618110 -0.124211 -0.269635 1.340252 0.999812 
2963 9.016379 0.000000 1.169091 -0.118490 -0.365740 1.376715 0.999796 
2964 9.495337 0.000000 1.618110 0.073857 -0.066470 1.038563 0.999891 
2965 9.974295 0.000000 1.618110 0.319695 0.069461 0.393455 0.999974 
2966 9.974295 0.000000 1.169091 0.831848 -0.017748 0.442142 0.999911 
2967 10.453253 0.000000 1.618110 0.920212 0.140440 0.399960 0.999897 
2968 8.058463 0.000000 3.414188 102.870022 -0.204662 30.946902 -0.153999 
2969 7.579505 0.000000 3.414188 100.446397 -0.057376 30.222822 -0.100290 
2970 8.058463 0.000000 3.863208 103.290237 -0.161680 27.094578 -0.140302 
2971 20.032412 0.000000 8.353403 102.575410 0.206518 9.835435 -0.061849 
2972 18.116580 0.000000 8.353403 103.064243 0.145435 10.405373 -0.073053 
2973 20.032412 0.000000 10.149481 102.435244 0.140696 11.031731 -0.061470 
2974 16.200749 0.000000 8.353403 102.975839 -0.003177 11.077629 -0.072674 
2975 14.284917 0.000000 8.353403 103.217267 0.191786 12.458098 -0.080905 
2976 16.200749 0.000000 10.149481 102.913337 -0.028502 12.037310 -0.073605 
2977 10.932211 0.000000 1.618110 1.547934 0.174613 0.270168 0.999750 
2978 10.932211 0.000000 1.169091 1.695229 0.188744 0.486020 0.999685 
2979 11.411169 0.000000 1.618110 2.224218 0.072669 -0.220290 0.999500 
2980 11.890127 0.000000 2.516149 107.202594 0.244048 -2.000676 -0.149646 
2981 11.890127 0.000000 2.067130 2.950423 0.142458 -1.314240 0.998955 
2982 12.369085 0.000000 2.516149 105.838629 0.206810 -0.588388 -0.120220 
2983 10.932211 0.000000 -1.974046 1.028353 0.022711 2.171101 0.999423 
2984 11.411169 0.000000 -1.974046 1.924556 0.099147 1.776973 0.999313 
2985 10.932211 0.000000 -1.525026 1.755000 0.128202 1.736026 0.999389 
2986 11.890127 0.000000 -1.974046 2.622377 0.134844 2.007000 0.998908 
2987 12.369085 0.000000 -1.974046 3.889249 0.129048 2.604623 0.997807 
2988 11.890127 0.000000 -1.525026 2.957186 0.160756 1.565332 0.998878 
2989 12.848043 0.000000 3.414188 105.051493 0.148090 2.832215 -0.104386 
2990 12.848043 0.000000 2.965169 104.943057 0.230481 1.050482 -0.101420 
2991 12.848043 0.000000 3.863208 105.257972 0.070780 5.514734 -0.110966 
2992 12.848043 0.000000 -1.974046 5.607020 0.042401 2.289625 0.996332 
2993 13.327001 0.000000 -1.974046 6.808481 0.009347 1.162987 0.995229 
2994 12.848043 0.000000 -1.525026 5.082780 0.046476 1.585415 0.997165 
2995 13.805959 0.000000 -1.974046 7.022864 0.002295 0.382343 0.995053 
2996 14.284917 0.000000 -1.974046 7.197333 -0.025794 -0.114811 0.994818 
2997 13.805959 0.000000 -1.525026 6.459292 0.003785 0.323611 0.995817 
2998 12.608564 0.000000 -3.096595 84.670993 0.240001 0.167313 0.283074 
2999 12.608564 0.000000 -3.321104 84.000784 0.238263 -0.089913 0.294380 
3000 12.608564 0.000000 -2.872085 84.669806 0.240425 0.165651 0.283094 
3001 15.242833 0.000000 0.271052 7.787294 0.002053 -1.351591 0.993753 
3002 16.200749 0.000000 0.271052 9.888545 0.050056 -1.915613 0.989854 
3003 17.158664 0.000000 0.271052 13.069897 0.059926 -1.913099 0.982551 
3004 17.158664 0.000000 -0.626987 12.360860 0.146850 -1.322538 0.984544 
3005 18.116580 0.000000 0.271052 15.770792 0.210341 -1.606095 0.974866 
3006 12.848043 0.000000 2.516149 105.056629 0.223329 0.993166 -0.103793 
3007 12.848043 0.000000 2.067130 4.291206 0.054496 -1.240049 0.998004 
3008 15.721791 0.000000 2.516149 107.448060 0.485665 2.544148 -0.155179 
3009 15.242833 0.000000 2.516149 107.083003 0.425445 3.025043 -0.147610 
3010 15.721791 0.000000 2.067130 6.469214 -0.035742 -2.609415 0.995134 
3011 14.763875 0.000000 2.516149 106.087557 0.358042 3.135250 -0.126453 
3012 14.763875 0.000000 2.067130 5.838099 -0.113359 -1.618107 0.996329 
3013 20.990328 0.000000 3.863208 104.053896 0.470468 0.577789 -0.082777 
3014 20.990328 0.000000 2.965169 103.989071 0.458455 0.761997 -0.081452 
3015 20.990328 0.000000 4.761247 102.725938 0.345644 5.037749 -0.057812 
3016 19.074496 0.000000 2.067130 102.933008 0.379014 0.771613 -0.059594 
3017 19.074496 0.000000 1.169091 18.888878 0.167621 -1.391498 0.964125 
3018 20.032412 0.000000 2.067130 103.668254 0.443053 0.749244 -0.074786 
3019 24.821992 0.000000 3.863208 104.079094 0.221666 -2.556661 -0.083904 
3020 24.821992 0.000000 2.965169 104.050876 0.211932 -2.706085 -0.083395 
3021 24.821992 0.000000 4.761247 102.841351 0.573818 3.119297 -0.058640 
3022 24.821992 0.000000 0.271052 33.383369 -0.135546 3.049056 0.887624 
3023 23.864076 0.000000 0.271052 28.981392 -0.078826 2.468635 0.915398 
3024 24.821992 0.000000 1.169091 34.633305 -0.169605 0.849554 0.879978 
3025 24.821992 0.000000 2.067130 103.941620 0.207142 -3.234245 -0.081436 
3026 23.864076 0.000000 2.067130 104.327605 0.239337 -1.303142 -0.088600 
3027 22.906160 0.000000 2.067130 104.688682 0.255040 0.644996 -0.096020 
3028 21.948244 0.000000 2.067130 104.294903 0.434033 0.588802 -0.087796 
3029 22.906160 0.000000 1.169091 27.133129 -0.150575 0.771636 0.926318 
3030 98.581520 0.000000 46.071043 99.151737 0.056843 13.149414 -0.000398 
3031 113.908175 0.000000 46.071043 99.154472 0.063263 13.074442 -0.000255 
3032 98.581520 0.000000 60.439668 99.109633 0.036940 13.488348 -0.000466 
3033 30.569488 0.000000 0.271052 63.251788 0.063051 6.238048 0.596029 
3034 26.737824 0.000000 5.659286 100.637316 0.375982 4.665230 -0.014978 
3035 25.779908 0.000000 5.659286 101.273853 0.482130 4.738570 -0.027908 
3036 26.737824 0.000000 6.557325 100.572806 0.322385 6.111821 -0.015235 
3037 29.132614 0.000000 1.618110 100.730077 0.118999 -1.086465 -0.014774 
3038 29.132614 0.000000 1.169091 59.818981 0.219577 2.654013 0.641460 
3039 29.611572 0.000000 1.618110 101.331306 0.168770 -0.526925 -0.026834 
3040 27.216782 0.000000 1.618110 103.138854 0.544210 -4.392880 -0.065722 
3041 26.737824 0.000000 1.618110 103.138804 0.544249 -4.393033 -0.065721 
3042 27.216782 0.000000 1.169091 49.223703 0.242093 1.886157 0.757341 
3043 32.485320 0.000000 5.659286 98.097191 0.263225 6.308128 0.033708 
3044 33.443236 0.000000 5.659286 95.165325 0.000000 8.089016 0.087813 
3045 32.485320 0.000000 6.557325 98.425648 0.294392 7.154168 0.026112 
3046 28.174698 0.000000 4.312228 98.940209 0.530142 2.583321 0.020388 
3047 27.695740 0.000000 4.312228 99.336375 0.537383 2.100610 0.012758 
3048 28.174698 0.000000 4.761247 99.196203 0.452737 3.389177 0.014842 
3049 27.216782 0.000000 4.312228 103.077895 0.591102 -4.576946 -0.064635 
3050 26.737824 0.000000 4.312228 103.077895 0.591102 -4.576946 -0.064635 
3051 27.216782 0.000000 4.761247 100.275679 0.468851 2.858654 -0.006360 
3052 27.456261 0.000000 2.291640 100.087801 0.334726 -1.446793 -0.001977 
3053 27.216782 0.000000 2.291640 102.707915 0.430927 -3.943815 -0.056466 
3054 27.456261 0.000000 2.067130 102.610993 0.403804 -3.601642 -0.054215 
3055 28.414177 0.000000 3.638698 97.742997 0.067128 5.761849 0.041310 
3056 28.174698 0.000000 3.638698 96.774001 0.088967 6.790125 0.058868 
3057 28.414177 0.000000 3.863208 96.484523 0.038132 7.901209 0.062831 
3058 27.935219 0.000000 3.638698 96.765733 0.197497 3.911676 0.062105 
3059 27.695740 0.000000 3.638698 96.585045 0.201800 3.945267 0.065572 
3060 27.935219 0.000000 3.863208 94.778733 0.111938 6.426047 0.097569 
3061 27.815479 0.000000 2.628404 98.796848 0.239042 0.664383 0.023868 
3062 27.695740 0.000000 2.628404 99.193653 0.253139 0.118186 0.016054 
3063 27.815479 0.000000 2.516149 98.885015 0.243322 0.654584 0.022127 
3064 27.456261 0.000000 3.638698 98.231391 0.295660 -0.273200 0.035043 
3065 27.216782 0.000000 3.638698 100.981325 0.380818 -2.548403 -0.020387 
3066 27.456261 0.000000 3.863208 99.818080 0.341714 -1.871862 0.003273 
3067 27.875349 0.000000 2.796787 95.376532 0.114719 -0.276921 0.090323 
3068 27.815479 0.000000 2.796787 96.055003 0.161494 -1.471567 0.077124 
3069 27.875349 0.000000 2.740659 98.834407 0.203372 1.750613 0.022865 
3070 30.090530 0.000000 1.618110 101.332421 0.168862 -0.525887 -0.026856 
3071 30.090530 0.000000 1.169091 63.109091 0.094869 3.085826 0.600771 
3072 30.569488 0.000000 1.618110 63.865954 0.081494 2.708048 0.591380 
3073 31.048446 0.000000 1.618110 64.539972 -0.000092 1.860259 0.583113 
3074 31.048446 0.000000 1.169091 64.763926 0.008788 3.120719 0.579589 
3075 34.401152 0.000000 -3.321104 97.736135 0.041821 15.433445 0.020945 
3076 34.401152 0.000000 -4.219143 97.720717 0.042932 14.319856 0.024560 
3077 35.359068 0.000000 -3.321104 97.250989 0.222254 15.443663 0.030369 
3078 36.316983 0.000000 -3.321104 96.714876 0.196022 15.100040 0.041818 
3079 36.316983 0.000000 -4.219143 96.877091 0.304888 13.846181 0.042302 
3080 37.274899 0.000000 -3.321104 96.233921 0.115450 14.599364 0.052588 
3081 32.964278 0.000000 1.618110 75.197991 -0.000000 -1.248866 0.434370 
3082 32.964278 0.000000 1.169091 72.550161 0.139862 5.255481 0.470883 
3083 33.443236 0.000000 1.618110 77.752758 -0.000000 -0.931112 0.395364 
3084 31.287925 0.000000 2.291640 68.908202 0.000000 -2.317729 0.524629 
3085 31.048446 0.000000 2.291640 100.730077 0.118999 -1.086465 -0.014774 
3086 31.287925 0.000000 2.067130 68.909659 0.000000 -2.317188 0.524609 
3087 36.316983 0.000000 5.659286 95.805086 -0.000000 7.033041 0.077192 
3088 35.359068 0.000000 5.659286 95.801008 0.000000 7.498866 0.076593 
3089 36.316983 0.000000 6.557325 95.086895 0.000000 8.893160 0.087939 
3090 34.401152 0.000000 5.659286 95.263712 0.000000 8.026866 0.086039 
3091 34.401152 0.000000 6.557325 94.779663 0.000000 8.779426 0.093974 
3092 32.964278 0.000000 3.414188 97.145504 0.000000 2.187213 0.055797 
3093 33.443236 0.000000 3.414188 97.014759 -0.000000 2.819167 0.058019 
3094 32.964278 0.000000 3.863208 96.994144 0.000000 4.396094 0.057281 
3095 32.006362 0.000000 4.312228 96.998010 -0.000000 6.368054 0.055083 
3096 32.485320 0.000000 4.312228 96.943372 0.000000 5.772198 0.056866 
3097 32.006362 0.000000 4.761247 96.693717 -0.000000 7.374564 0.059594 
3098 32.245841 0.000000 2.291640 70.671237 0.000000 -2.253590 0.500050 
3099 32.245841 0.000000 2.067130 71.069656 0.000000 -2.255924 0.494401 
3100 32.485320 0.000000 2.291640 71.631240 0.000000 -2.200034 0.486413 
3101 32.245841 0.000000 3.189679 97.459018 0.000000 0.593441 0.050139 
3102 32.485320 0.000000 3.189679 97.637276 0.000000 0.490820 0.046672 
3103 32.245841 0.000000 3.414188 97.651927 0.000000 2.170311 0.045939 
3104 30.808967 0.000000 3.189679 103.084860 -0.011364 4.919782 -0.065069 
3105 30.808967 0.000000 2.965169 110.649618 -0.068286 -4.461520 -0.226325 
3106 31.287925 0.000000 3.638698 98.659741 0.000000 3.668373 0.025280 
3107 31.527404 0.000000 3.638698 98.322502 0.000000 3.336384 0.032155 
3108 31.287925 0.000000 3.863208 98.175399 -0.000000 5.325770 0.033323 
3109 31.886622 0.000000 3.077424 97.972656 -0.053435 -0.102451 0.040135 
3110 32.006362 0.000000 3.077424 97.478956 -0.062294 -0.729189 0.049732 
3111 31.886622 0.000000 3.189679 98.134838 -0.000000 0.759779 0.036898 
3112 33.922194 0.000000 2.516149 89.990486 -0.592057 -0.960272 0.190044 
3113 33.922194 0.000000 2.067130 80.906296 -0.000000 -1.090394 0.345298 
3114 33.922194 0.000000 2.965169 93.873346 -0.563588 -0.278614 0.118740 
3115 31.826752 0.000000 2.909042 95.459221 -0.102012 -2.993708 0.087856 
3116 31.886622 0.000000 2.909042 94.972535 -0.133009 -2.477637 0.097406 
3117 31.826752 0.000000 2.965169 95.696754 -0.090426 -2.256550 0.083703 
3118 39.190731 0.000000 -6.015222 97.068393 -0.017725 12.161615 0.042982 
3119 39.190731 0.000000 -7.811300 97.697490 0.044662 12.066326 0.030960 
3120 41.106563 0.000000 -6.015222 97.105763 0.009006 11.403453 0.044043 
3121 38.232815 0.000000 -3.321104 96.006860 -0.000879 14.378788 0.057593 
3122 38.232815 0.000000 -4.219143 96.276278 -0.027704 13.417700 0.055084 
3123 39.190731 0.000000 -3.321104 95.635035 -0.006416 13.366464 0.067528 
3124 40.148647 0.000000 -1.525026 91.374968 0.087081 14.627252 0.143665 
3125 40.148647 0.000000 -2.423065 93.713933 0.003334 13.001394 0.104866 
3126 41.106563 0.000000 -1.525026 90.493325 0.019073 10.820632 0.169387 
3127 33.922194 0.000000 3.414188 99.541749 -0.000000 2.101536 0.008702 
3128 34.401152 0.000000 3.414188 97.746488 -0.000000 1.819814 0.044231 
3129 33.922194 0.000000 3.863208 96.695753 0.000000 4.394684 0.063062 
3130 34.880110 0.000000 3.414188 99.443529 -0.000000 0.893897 0.011019 
3131 35.359068 0.000000 3.414188 98.375316 -0.000000 -0.392438 0.032214 
3132 34.880110 0.000000 3.863208 97.772806 -0.000000 3.156129 0.043052 
3133 37.753857 0.000000 -0.177968 92.894859 0.388656 26.199522 0.068398 
3134 37.753857 0.000000 -0.626987 93.025833 0.381030 26.114611 0.066408 
3135 37.753857 0.000000 0.271052 92.754480 0.391288 26.161577 0.071203 
3136 37.753857 0.000000 2.516149 102.059320 -0.348682 -3.286022 -0.042702 
3137 37.753857 0.000000 2.067130 116.467777 -0.000000 -2.718713 -0.357213 
3138 37.753857 0.000000 2.965169 96.603723 -0.189681 -2.846538 0.065958 
3139 35.838025 0.000000 3.414188 97.414147 -0.000000 -0.172787 0.051045 
3140 35.838025 0.000000 3.863208 97.090724 -0.000000 2.085508 0.056904 
3141 56.433218 0.000000 -7.811300 99.110939 -0.047544 11.243059 0.005061 
3142 56.433218 0.000000 -11.403456 99.044418 -0.033895 11.779352 0.005145 
3143 60.264882 0.000000 -7.811300 99.172341 -0.048036 11.335184 0.003636 
3144 64.096546 0.000000 -7.811300 99.213903 -0.040632 11.447083 0.002556 
3145 64.096546 0.000000 -11.403456 99.124209 -0.009457 11.882194 0.003320 
3146 67.928210 0.000000 -7.811300 99.221305 -0.051677 11.472507 0.002351 
3147 40.627605 0.000000 1.618110 269.246520 0.504795 34.544481 -6.368726 
3148 40.148647 0.000000 1.618110 222.679537 0.752610 27.678891 -4.035286 
3149 39.669689 0.000000 2.516149 105.209765 0.448954 -17.476332 -0.137472 
3150 39.669689 0.000000 2.067130 183.980884 -0.000000 -9.462120 -2.393850 
3151 39.669689 0.000000 2.965169 84.133971 0.342561 -11.204822 0.279581 
3152 37.753857 0.000000 3.414188 93.217332 -0.000000 -1.571277 0.130806 
3153 38.232815 0.000000 3.414188 94.188502 -0.000000 -0.936141 0.112765 
3154 37.753857 0.000000 3.863208 94.703193 -0.000000 1.439270 0.102923 
3155 38.711773 0.000000 3.414188 92.242342 0.000000 -3.347959 0.148014 
3156 39.190731 0.000000 3.414188 90.208112 0.000000 -2.071691 0.185820 
3157 38.711773 0.000000 3.863208 92.727822 -0.000000 1.053636 0.140044 
3158 38.711773 0.000000 4.312228 93.235718 -0.000000 3.283235 0.129632 
3159 38.232815 0.000000 4.312228 94.108099 -0.000000 3.337082 0.113253 
3160 39.190731 0.000000 4.312228 91.945905 0.000000 3.412385 0.153431 
3161 37.753857 0.000000 4.312228 94.845257 -0.000000 3.185616 0.099423 
3162 37.274899 0.000000 4.312228 95.296822 -0.000000 3.271813 0.090781 
3163 37.753857 0.000000 4.761247 94.796614 -0.000000 4.773511 0.099082 
3164 42.064479 0.000000 -1.525026 91.983423 0.046607 6.390187 0.149821 
3165 42.064479 0.000000 -2.423065 94.466096 0.027785 8.737575 0.099981 
3166 43.022395 0.000000 -1.525026 95.767680 0.083609 4.405472 0.080914 
3167 42.543437 0.000000 0.720071 119.220745 0.452202 -135.499978 -2.257403 
3168 42.543437 0.000000 0.271052 88.256953 0.216271 -43.068010 0.035581 
3169 42.543437 0.000000 2.516149 302.046125 0.882043 211.963069 -12.616098 
3170 39.669689 0.000000 3.414188 87.463989 -0.000000 0.010380 0.235005 
3171 39.669689 0.000000 3.863208 89.337312 0.000000 2.171035 0.201413 
3172 39.669689 0.000000 4.312228 90.681323 0.000000 4.170012 0.175951 
3173 39.669689 0.000000 4.761247 91.579888 0.000000 5.409465 0.158386 
3174 40.867084 0.000000 2.291640 259.196037 0.189655 3.665110 -5.719605 
3175 40.627605 0.000000 2.291640 220.711817 0.333450 0.071290 -3.871382 
3176 40.867084 0.000000 2.067130 289.134157 0.000000 7.068072 -7.364852 
3177 41.346042 0.000000 3.189679 72.733128 0.000000 4.896927 0.468591 
3178 41.106563 0.000000 3.189679 73.451193 0.000000 3.785407 0.459059 
3179 41.585521 0.000000 3.189679 73.456188 0.000000 5.853957 0.456992 
3180 41.825000 0.000000 3.189679 72.670978 0.000000 6.237083 0.468003 
3181 41.825000 0.000000 2.965169 102.047280 -1.746393 1.389565 -0.041863 
3182 42.064479 0.000000 3.189679 52.441129 -1.879402 48.088510 0.493389 
3183 48.769891 0.000000 20.925950 99.492066 0.034157 11.429521 -0.002931 
3184 44.938227 0.000000 20.925950 99.634793 0.105624 11.469504 -0.005865 
3185 48.769891 0.000000 24.518106 99.443820 -0.004616 12.031384 -0.003383 
3186 38.232815 0.000000 7.455364 93.621261 -0.000000 8.859029 0.115658 
3187 37.274899 0.000000 7.455364 94.560613 0.000000 9.753285 0.096316 
3188 39.669689 0.000000 5.210267 92.229997 0.000000 6.506027 0.145130 
3189 39.669689 0.000000 5.659286 92.757972 -0.000000 7.199373 0.134413 
3190 40.627605 0.000000 6.108306 92.987687 0.000000 8.327245 0.128395 
3191 40.148647 0.000000 6.108306 92.945070 0.000000 7.922901 0.129844 
3192 40.627605 0.000000 6.557325 93.316179 0.000000 8.107953 0.122635 
3193 39.669689 0.000000 6.108306 93.151161 -0.000000 7.516221 0.126637 
3194 39.190731 0.000000 6.108306 93.470519 -0.000000 7.340062 0.120939 
3195 39.669689 0.000000 6.557325 93.317198 -0.000000 7.767546 0.123157 
3196 41.346042 0.000000 5.434776 92.028201 -0.000000 10.486709 0.142084 
3197 41.106563 0.000000 5.434776 91.991329 -0.000000 9.551795 0.144636 
3198 41.346042 0.000000 5.659286 92.344053 -0.000000 9.939995 0.137377 
3199 37.753857 0.000000 5.210267 94.747737 -0.000000 5.775747 0.098951 
3200 37.274899 0.000000 5.210267 95.266044 -0.000000 6.019147 0.088815 
3201 37.753857 0.000000 5.659286 94.850785 -0.000000 6.687492 0.095861 
3202 38.711773 0.000000 6.108306 93.956824 -0.000000 7.312227 0.111865 
3203 38.232815 0.000000 6.108306 94.433377 -0.000000 7.283754 0.102928 
3204 38.711773 0.000000 6.557325 93.920435 -0.000000 7.789307 0.111828 
3205 37.753857 0.000000 6.108306 94.802613 -0.000000 7.471911 0.095664 
3206 37.274899 0.000000 6.108306 95.136908 -0.000000 7.631426 0.089073 
3207 37.753857 0.000000 6.557325 94.636620 -0.000000 8.043992 0.097920 
3208 41.585521 0.000000 7.904384 95.259978 -0.000000 7.104495 0.087506 
3209 41.106563 0.000000 7.904384 94.381643 0.000000 6.795910 0.104592 
3210 41.585521 0.000000 8.353403 95.432318 0.000000 6.015874 0.085648 
3211 50.685723 0.000000 11.945559 94.994520 -2.555568 31.066495 0.000438 
3212 50.685723 0.000000 13.741638 99.276268 0.095299 10.730566 0.002907 
3213 45.896143 0.000000 7.455364 98.963267 -0.943292 9.829439 0.010876 
3214 45.896143 0.000000 6.557325 99.182744 -0.962669 10.040707 0.006104 
3215 46.854059 0.000000 7.455364 99.175608 -1.224623 9.189884 0.007825 
3216 47.811975 0.000000 7.455364 99.205384 -1.285296 9.439804 0.006753 
3217 48.769891 0.000000 7.455364 99.255532 -1.176375 9.388393 0.005881 
3218 47.811975 0.000000 8.353403 99.029332 -0.214802 9.945618 0.009423 
3219 47.811975 0.000000 9.251442 98.627469 3.036468 12.029067 0.011870 
3220 48.769891 0.000000 9.251442 99.251434 -4.474401 8.188740 0.006208 
3221 47.811975 0.000000 10.149481 95.969261 0.630028 29.589427 -0.008603 
3222 41.585521 0.000000 8.802423 95.490583 0.000000 5.171923 0.085480 
3223 41.106563 0.000000 8.802423 94.687563 -0.000000 4.731470 0.101188 
3224 42.303958 0.000000 7.679874 96.624894 -0.000000 8.092339 0.059814 
3225 42.064479 0.000000 7.679874 96.103298 -0.000000 7.813539 0.070310 
3226 42.303958 0.000000 7.904384 96.701206 -0.000000 7.958266 0.058554 
3227 42.303958 0.000000 8.128893 96.984148 -0.000000 7.356885 0.053995 
3228 42.064479 0.000000 8.128893 96.477546 -0.000000 7.083753 0.064190 
3229 42.303958 0.000000 8.353403 97.381725 -0.000000 6.989892 0.046794 
3230 44.459269 0.000000 8.802423 99.561069 1.761843 13.610980 -0.010077 
3231 44.459269 0.000000 8.353403 99.164859 -1.999749 11.266846 0.003539 
3232 44.938227 0.000000 8.802423 99.310431 5.243707 10.836240 -0.000748 
3233 43.261874 0.000000 9.026933 106.521295 0.000000 11.097076 -0.146993 
3234 43.022395 0.000000 9.026933 105.203329 0.000000 9.687455 -0.116159 
3235 43.501353 0.000000 9.026933 108.802813 0.000000 12.805103 -0.200202 
3236 42.303958 0.000000 8.577913 97.689731 -0.000000 6.898362 0.040913 
3237 42.064479 0.000000 8.577913 96.792273 -0.000000 6.261378 0.059205 
3238 42.303958 0.000000 8.802423 98.078923 -0.000000 6.283527 0.034104 
3239 42.782916 0.000000 9.026933 101.674542 -0.000000 6.745764 -0.038322 
3240 42.543437 0.000000 9.026933 100.378462 -0.000000 5.770421 -0.010913 
3241 42.782916 0.000000 9.251442 102.872630 -0.000000 6.300931 -0.062248 
3242 42.303958 0.000000 9.026933 98.878785 -0.000000 5.022160 0.019776 
3243 42.064479 0.000000 9.026933 97.735298 -0.000000 4.756830 0.042518 
3244 42.303958 0.000000 9.251442 99.042926 -0.000000 4.389807 0.017123 
3245 47.811975 0.000000 11.047520 93.374791 3.851043 38.354042 -0.020471 
3246 48.769891 0.000000 11.047520 90.260958 -2.546610 49.837335 -0.063729 
3247 47.811975 0.000000 11.945559 98.227874 -0.570198 15.160876 0.012111 
3248 43.740832 0.000000 9.475952 118.734265 0.000000 19.355940 -0.447248 
3249 43.740832 0.000000 9.251442 114.318288 0.000000 16.307401 -0.333460 
3250 43.980311 0.000000 9.475952 119.524263 0.000000 20.257764 -0.469643 
3251 31.527404 0.000000 11.945559 100.263894 0.102913 10.099540 -0.015486 
3252 29.611572 0.000000 11.945559 100.636213 0.064236 9.889336 -0.022545 
3253 31.527404 0.000000 13.741638 100.044240 0.032572 10.812334 -0.012576 
3254 41.585521 0.000000 10.598501 100.660826 0.085203 3.699621 -0.014630 
3255 41.106563 0.000000 10.598501 101.831505 0.126499 3.739694 -0.038366 
3256 41.585521 0.000000 11.047520 100.771607 0.102984 4.829791 -0.017825 
3257 42.782916 0.000000 9.475952 105.029516 -0.000000 6.906900 -0.107890 
3258 42.543437 0.000000 9.475952 101.806833 -0.000000 4.631499 -0.038608 
3259 43.381614 0.000000 9.812717 101.953685 0.595672 7.033202 -0.044437 
3260 43.381614 0.000000 9.700462 105.666166 0.457727 9.548037 -0.125671 
3261 43.501353 0.000000 9.812717 102.046804 0.725802 7.540752 -0.047094 
3262 28.893135 0.000000 2.291640 99.998916 0.105757 3.461867 -0.001178 
3263 28.893135 0.000000 2.067130 100.222455 0.119491 3.136829 -0.005439 
3264 29.132614 0.000000 2.291640 99.407117 0.088909 2.775736 0.011051 
3265 29.372093 0.000000 2.740659 97.967352 0.022728 -0.670056 0.040195 
3266 29.372093 0.000000 2.516149 98.229940 0.056262 -0.537028 0.035059 
3267 29.611572 0.000000 2.740659 97.123362 0.023402 -0.677741 0.056659 
3268 28.533916 0.000000 2.628404 100.238171 0.035230 9.599807 -0.013985 
3269 28.533916 0.000000 2.516149 99.063975 0.105719 4.351693 0.016738 
3270 28.653656 0.000000 2.628404 101.630094 0.046070 13.892542 -0.052168 
3271 29.372093 0.000000 3.638698 97.845532 0.031108 3.511150 0.041392 
3272 29.372093 0.000000 3.863208 98.208179 0.012037 4.031703 0.033890 
3273 28.474047 0.000000 2.796787 99.019765 0.009716 8.588752 0.012132 
3274 28.474047 0.000000 2.740659 99.382811 0.020595 9.114409 0.003998 
3275 28.533916 0.000000 2.796787 99.634235 0.007433 8.518351 0.000046 
3276 27.695740 0.000000 11.945559 101.083748 0.146550 10.023887 -0.031842 
3277 25.779908 0.000000 11.945559 101.368643 0.271132 10.330152 -0.038239 
3278 27.695740 0.000000 13.741638 100.586724 -0.006488 10.652755 -0.023117 
3279 29.851051 0.000000 4.087718 96.876295 0.014218 4.774269 0.059219 
3280 29.611572 0.000000 4.087718 96.594637 0.017360 3.971859 0.065370 
3281 29.851051 0.000000 4.312228 96.428786 -0.000000 5.687061 0.066915 
3282 30.449748 0.000000 3.750953 98.411821 0.006157 5.693186 0.028270 
3283 30.569488 0.000000 3.750953 98.440295 0.004848 5.998268 0.027353 
3284 30.449748 0.000000 3.863208 98.026545 0.006795 5.639899 0.035899 
3285 29.970790 0.000000 3.750953 97.507314 0.009138 4.196447 0.047471 
3286 29.851051 0.000000 3.750953 97.675933 0.021134 3.728102 0.044551 
3287 29.970790 0.000000 3.863208 97.025007 0.009942 4.742015 0.056366 
3288 29.851051 0.000000 2.740659 97.692970 0.018888 2.280492 0.045088 
3289 29.851051 0.000000 2.516149 98.851364 0.038697 2.613444 0.022158 
3290 30.090530 0.000000 2.740659 109.552174 0.018648 -1.380676 -0.200359 
3291 30.449748 0.000000 3.301934 101.268708 0.010772 3.683787 -0.026892 
3292 30.449748 0.000000 3.189679 101.623839 -0.001238 3.071916 -0.033684 
3293 30.569488 0.000000 3.301934 101.534887 0.008069 3.750887 -0.032340 
3294 30.030660 0.000000 3.582571 97.608464 0.018035 4.172230 0.045518 
3295 29.970790 0.000000 3.582571 97.481164 0.018585 4.013892 0.048131 
3296 30.030660 0.000000 3.638698 97.697433 0.018752 4.141129 0.043806 
3297 30.808967 0.000000 4.087718 98.189955 -0.000000 6.430670 0.031738 
3298 31.048446 0.000000 4.087718 98.204726 -0.000000 6.291078 0.031625 
3299 30.808967 0.000000 4.312228 97.937926 -0.000000 7.257760 0.035549 
3300 31.287925 0.000000 4.087718 97.923666 -0.000000 5.751533 0.037788 
3301 31.527404 0.000000 4.087718 97.551353 -0.000000 5.957511 0.044824 
3302 31.287925 0.000000 4.312228 97.624749 -0.000000 6.552644 0.042647 
3303 30.120465 0.000000 3.554507 97.954134 0.015773 4.388722 0.038573 
3304 30.090530 0.000000 3.554507 97.993515 0.016922 4.354238 0.037831 
3305 30.120465 0.000000 3.582571 98.098377 0.017171 4.399128 0.035736 
3306 43.621093 0.000000 9.812717 102.578973 0.953118 8.269941 -0.059175 
3307 43.621093 0.000000 9.700462 106.676583 0.715564 11.278258 -0.150760 
3308 43.740832 0.000000 9.812717 102.132665 1.006822 7.959531 -0.049545 
3309 42.902656 0.000000 9.812717 102.026652 -0.215321 3.779572 -0.042377 
3310 42.782916 0.000000 9.812717 100.592492 -0.208429 2.493284 -0.012511 
3311 42.902656 0.000000 9.700462 103.914055 -0.151979 5.483691 -0.082822 
3312 40.627605 0.000000 8.802423 93.789828 -0.000000 4.934711 0.117912 
3313 40.148647 0.000000 8.802423 92.821196 -0.000000 5.185139 0.135734 
3314 40.627605 0.000000 8.353403 93.595463 -0.000000 5.967538 0.120428 
3315 39.669689 0.000000 10.598501 105.037964 0.355381 3.845865 -0.104789 
3316 40.148647 0.000000 10.598501 103.723103 0.317082 3.817028 -0.077315 
3317 39.669689 0.000000 11.047520 104.452764 0.364624 5.967838 -0.094613 
3318 40.627605 0.000000 10.598501 102.736110 0.262323 3.875635 -0.056980 
3319 40.627605 0.000000 11.047520 102.667972 0.257642 5.079386 -0.056658 
3320 36.316983 0.000000 7.455364 94.484055 0.000000 10.570768 0.096102 
3321 35.359068 0.000000 7.455364 94.259365 0.000000 10.460693 0.100575 
3322 38.472294 0.000000 10.373991 105.304276 1.063318 1.273255 -0.109174 
3323 38.711773 0.000000 10.373991 101.383962 0.642476 0.646163 -0.027954 
3324 38.472294 0.000000 10.598501 108.389511 0.741439 8.902509 -0.182809 
3325 38.951252 0.000000 10.373991 100.996904 0.554438 0.322768 -0.020079 
3326 39.190731 0.000000 10.373991 98.627327 0.356621 0.379545 0.027238 
3327 38.951252 0.000000 10.598501 107.540501 0.506457 5.445710 -0.159487 
3328 45.896143 0.000000 0.271052 102.702711 -0.099580 9.345717 -0.063520 
3329 45.896143 0.000000 -0.626987 101.174060 -0.162592 8.522326 -0.030885 
3330 44.459269 0.000000 0.720071 112.016159 0.018626 3.958547 -0.256329 
3331 44.459269 0.000000 0.271052 108.049586 -0.072061 3.465776 -0.168673 
3332 44.938227 0.000000 0.720071 107.828099 -0.005362 7.073006 -0.167693 
3333 45.896143 0.000000 5.659286 99.433278 -0.960328 11.079305 -0.001065 
3334 44.219790 0.000000 1.393601 122.481706 1.475231 3.915051 -0.501927 
3335 44.219790 0.000000 1.169091 120.426259 0.546468 3.264220 -0.451344 
3336 44.459269 0.000000 1.393601 117.114753 1.191974 5.397747 -0.374642 
3337 43.501353 0.000000 3.414188 111.283990 -2.207693 31.258993 -0.336613 
3338 43.980311 0.000000 3.414188 109.886973 1.672612 22.556298 -0.258673 
3339 43.501353 0.000000 3.863208 103.552309 -0.992552 25.417900 -0.137014 
3340 44.459269 0.000000 3.414188 107.552639 0.857988 17.345057 -0.186916 
3341 44.938227 0.000000 3.414188 105.462202 0.595631 14.458165 -0.133167 
3342 44.459269 0.000000 3.863208 104.328145 -1.071372 16.475720 -0.115696 
3343 43.501353 0.000000 4.312228 100.077921 -0.525356 20.247192 -0.042582 
3344 43.980311 0.000000 4.312228 101.582356 -0.994473 17.687825 -0.063282 
3345 43.501353 0.000000 4.761247 98.392157 -0.956570 16.796422 0.003595 
3346 43.860572 0.000000 1.505855 135.698451 3.884398 -1.330668 -0.843093 
3347 43.860572 0.000000 1.393601 134.455957 1.793114 -0.064309 -0.808162 
3348 43.980311 0.000000 1.505855 131.114410 0.806659 0.409206 -0.719181 
3349 54.517386 0.000000 -2.423065 99.236891 -0.046879 10.446552 0.004291 
3350 54.517386 0.000000 -4.219143 99.181660 -0.013406 10.616647 0.005029 
3351 56.433218 0.000000 -2.423065 99.252010 -0.084749 10.539720 0.003795 
3352 58.349050 0.000000 1.169091 99.192811 -0.173617 11.233958 0.003455 
3353 58.349050 0.000000 -0.626987 99.273971 -0.125113 10.601323 0.003227 
3354 60.264882 0.000000 1.169091 99.230002 -0.142984 11.133604 0.002943 
3355 51.643639 0.000000 0.271052 99.303769 -0.219035 10.958069 0.001863 
3356 51.643639 0.000000 -0.626987 99.296132 -0.186793 10.573606 0.002844 
3357 52.601555 0.000000 0.271052 99.257542 -0.234693 10.981180 0.002730 
3358 50.206765 0.000000 2.516149 99.232461 1.087422 10.829996 0.003445 
3359 50.685723 0.000000 2.516149 99.099517 0.581765 11.452837 0.004778 
3360 50.206765 0.000000 2.965169 99.551765 0.280742 9.921296 -0.000906 
3361 50.206765 0.000000 0.720071 99.488440 -0.257932 11.094628 -0.002111 
3362 50.206765 0.000000 0.271052 99.460131 -0.230048 10.886787 -0.001089 
3363 50.685723 0.000000 0.720071 99.410959 -0.242543 11.140319 -0.000670 
3364 49.488328 0.000000 1.393601 99.800040 -0.497635 10.604554 -0.007275 
3365 49.488328 0.000000 1.169091 99.688182 -0.268641 10.887221 -0.005634 
3366 49.727807 0.000000 1.393601 99.716781 -0.440700 10.754535 -0.005929 
3367 48.290933 0.000000 0.720071 99.996769 -0.137918 10.868320 -0.011749 
3368 47.811975 0.000000 0.720071 100.316878 -0.041786 10.856726 -0.018135 
3369 48.290933 0.000000 0.271052 99.923083 -0.130286 10.696579 -0.009906 
3370 48.530412 0.000000 1.393601 100.030809 -0.594163 9.998089 -0.010648 
3371 48.290933 0.000000 1.393601 100.137522 -0.571755 9.902550 -0.012591 
3372 48.530412 0.000000 1.169091 99.969811 -0.234168 10.621149 -0.010683 
3373 49.488328 0.000000 2.291640 99.238494 2.221060 10.640454 0.003357 
3374 49.727807 0.000000 2.291640 98.956123 2.057508 11.573256 0.006951 
3375 49.488328 0.000000 2.516149 99.637525 0.885092 9.923334 -0.002689 
3376 53.559471 0.000000 2.067130 99.249237 -0.291650 11.074217 0.002687 
3377 53.559471 0.000000 1.169091 99.211199 -0.251771 11.318485 0.002897 
3378 54.517386 0.000000 2.067130 99.225897 -0.155907 11.155239 0.002976 
3379 48.290933 0.000000 3.414188 100.083128 0.188537 9.930907 -0.011529 
3380 47.811975 0.000000 3.414188 100.374721 0.284373 10.045495 -0.017608 
3381 48.769891 0.000000 3.414188 99.905275 0.175072 9.835645 -0.007783 
3382 48.530412 0.000000 2.291640 100.139756 1.167059 9.565138 -0.012082 
3383 48.290933 0.000000 2.291640 100.261752 1.088675 9.590255 -0.014558 
3384 48.530412 0.000000 2.516149 100.108246 0.417758 9.846754 -0.011879 
3385 48.949500 0.000000 1.898748 97.767753 1.625959 22.789308 -0.008053 
3386 48.889630 0.000000 1.898748 97.550879 3.419010 22.682471 -0.004236 
3387 48.949500 0.000000 1.954875 98.213740 6.796281 17.715570 -0.000597 
3388 47.333017 0.000000 5.210267 99.842748 -1.176834 9.938482 -0.006873 
3389 46.854059 0.000000 5.210267 99.929059 -1.024674 10.204559 -0.009100 
3390 47.333017 0.000000 5.659286 99.633119 -1.008537 9.955614 -0.002689 
3391 49.727807 0.000000 7.455364 99.320236 -1.217456 9.302551 0.004747 
3392 49.727807 0.000000 8.353403 99.234177 -1.886792 9.204675 0.006429 
3393 49.727807 0.000000 9.251442 98.878674 -2.662995 11.535631 0.008285 
3394 50.685723 0.000000 9.251442 98.959668 -1.800008 11.339710 0.007516 
3395 49.727807 0.000000 10.149481 97.050907 1.509372 22.575944 0.006917 
3396 71.759874 0.000000 -0.626987 99.388665 -0.125814 10.568076 0.001019 
3397 71.759874 0.000000 -4.219143 99.316143 -0.113605 11.012598 0.001501 
3398 75.591537 0.000000 -0.626987 99.400575 -0.098488 10.613870 0.000686 
3399 62.180714 0.000000 1.169091 99.262831 -0.126449 11.025334 0.002532 
3400 62.180714 0.000000 -0.626987 99.320215 -0.091571 10.581574 0.002352 
3401 64.096546 0.000000 1.169091 99.298309 -0.129734 10.933024 0.002030 
3402 61.222798 0.000000 5.659286 99.425294 0.981296 9.851122 0.001660 
3403 61.222798 0.000000 4.761247 99.382864 0.212585 10.107042 0.002085 
3404 61.222798 0.000000 6.557325 99.446221 -1.110814 9.617060 0.001673 
3405 54.517386 0.000000 15.537716 99.386413 0.050255 10.425885 0.001364 
3406 52.601555 0.000000 15.537716 99.391122 0.076794 10.341112 0.001446 
3407 54.517386 0.000000 17.333794 99.425118 0.074889 10.598797 0.000231 
3408 69.844042 0.000000 8.353403 99.583442 -0.906651 9.271207 -0.000364 
3409 69.844042 0.000000 6.557325 99.510745 0.504411 9.750308 0.000229 
3410 71.759874 0.000000 8.353403 99.578562 -1.004364 9.405995 -0.000537 
3411 61.222798 0.000000 7.455364 99.475997 -0.835916 9.347019 0.001646 
3412 60.264882 0.000000 7.455364 99.467610 -0.897257 9.356452 0.001785 
3413 61.222798 0.000000 8.353403 99.494053 -0.988456 9.104993 0.001706 
3414 63.138630 0.000000 9.251442 99.514073 -0.968079 9.104160 0.001313 
3415 62.180714 0.000000 9.251442 99.491350 -0.994130 9.152310 0.001672 
3416 64.096546 0.000000 9.251442 99.540434 -0.921877 9.032878 0.000926 
3417 61.222798 0.000000 9.251442 99.475877 -1.068335 9.169562 0.001933 
3418 60.264882 0.000000 9.251442 99.466272 -1.171361 9.153460 0.002130 
3419 65.054462 0.000000 7.455364 99.506660 -0.963656 9.440683 0.000837 
3420 66.012378 0.000000 7.455364 99.502634 -0.979636 9.539221 0.000727 
3421 65.054462 0.000000 8.353403 99.544019 -0.944848 9.147535 0.000642 
3422 65.054462 0.000000 9.251442 99.563413 -0.938495 8.982889 0.000555 
3423 66.012378 0.000000 9.251442 99.578384 -0.999359 8.976891 0.000256 
3424 42.303958 0.000000 4.536737 89.358789 0.000000 13.699052 0.182734 
3425 42.543437 0.000000 4.536737 92.961982 -1.117620 19.461878 0.097806 
3426 41.944740 0.000000 3.975463 83.375042 0.000000 13.680883 0.286144 
3427 41.944740 0.000000 3.863208 82.915031 0.000000 13.645252 0.293890 
3428 42.064479 0.000000 3.975463 83.610714 0.000000 13.694265 0.282172 
3429 41.944740 0.000000 4.424482 86.966748 0.000000 13.790168 0.224662 
3430 42.064479 0.000000 4.424482 88.036979 0.000000 13.669034 0.206265 
3431 41.944740 0.000000 4.536737 89.226419 0.000000 13.334155 0.186085 
3432 41.944740 0.000000 4.648992 89.467390 0.000000 13.196556 0.182144 
3433 41.825000 0.000000 4.648992 89.215595 0.000000 12.972534 0.187229 
3434 42.064479 0.000000 4.648992 89.721946 0.000000 13.059412 0.177942 
3435 41.705261 0.000000 4.648992 89.030591 0.000000 12.968896 0.190536 
3436 41.585521 0.000000 4.648992 88.939087 0.000000 12.745967 0.192738 
3437 41.765130 0.000000 4.256100 85.782444 0.000000 13.150714 0.246843 
3438 41.825000 0.000000 4.256100 85.543422 0.000000 13.519585 0.249954 
3439 41.765130 0.000000 4.312228 86.160483 0.000000 13.231910 0.240129 
3440 41.465782 0.000000 4.424482 86.292844 0.000000 12.479275 0.239781 
3441 41.346042 0.000000 4.424482 86.345808 0.000000 11.876754 0.240334 
3442 41.465782 0.000000 4.536737 87.422298 0.000000 12.463458 0.220200 
3443 41.465782 0.000000 4.648992 88.824716 0.000000 12.166572 0.196214 
3444 41.346042 0.000000 4.648992 88.860824 0.000000 11.325712 0.197548 
3445 41.465782 0.000000 4.761247 89.527033 0.000000 11.913687 0.184297 
3446 41.525651 0.000000 4.256100 84.427223 0.000000 12.934269 0.270475 
3447 41.465782 0.000000 4.256100 84.394653 0.000000 12.704481 0.271614 
3448 41.525651 0.000000 4.312228 84.854985 0.000000 12.822148 0.263522 
3449 42.303958 0.000000 3.638698 82.392777 0.955341 37.719877 0.178773 
3450 42.303958 0.000000 3.414188 76.403346 -0.682754 49.637442 0.169819 
3451 42.543437 0.000000 3.638698 89.702648 -0.036101 40.561600 0.030819 
3452 41.765130 0.000000 4.031590 83.419462 0.000000 12.880628 0.287528 
3453 41.765130 0.000000 3.975463 83.063894 0.000000 12.864544 0.293489 
3454 41.825000 0.000000 4.031590 83.586713 0.000000 12.892339 0.284705 
3455 41.675326 0.000000 4.115781 84.017765 0.000000 13.174675 0.276744 
3456 41.675326 0.000000 4.087718 83.879186 0.000000 13.135183 0.279175 
3457 41.705261 0.000000 4.115781 84.080377 0.000000 13.124873 0.275823 
3458 41.525651 0.000000 4.031590 83.281117 0.000000 12.535626 0.290711 
3459 41.465782 0.000000 4.031590 83.086494 0.000000 11.906875 0.295486 
3460 41.525651 0.000000 3.975463 82.484426 0.000000 12.139863 0.304894 
3461 43.501353 0.000000 5.210267 97.575319 -1.324369 14.671820 0.026204 
3462 43.980311 0.000000 5.210267 98.697324 -1.186307 14.210713 0.005549 
3463 42.782916 0.000000 5.434776 94.533716 0.000000 10.916357 0.094421 
3464 42.782916 0.000000 5.210267 95.203350 -1.245457 14.536766 0.072345 
3465 43.022395 0.000000 5.434776 96.127394 -0.949952 13.530008 0.057556 
3466 41.705261 0.000000 5.098012 91.005744 0.000000 11.997611 0.157401 
3467 41.585521 0.000000 5.098012 90.565690 0.000000 11.658378 0.166194 
3468 41.705261 0.000000 5.210267 91.415351 0.000000 11.769299 0.150472 
3469 41.465782 0.000000 4.873502 89.764648 0.000000 11.741297 0.180445 
3470 41.346042 0.000000 4.873502 89.575452 -0.000000 11.135791 0.185223 
3471 41.465782 0.000000 4.985757 90.021384 0.000000 11.690214 0.175949 
3472 41.465782 0.000000 5.098012 90.417490 0.000000 11.474588 0.169301 
3473 41.346042 0.000000 5.098012 90.306874 0.000000 11.144871 0.172046 
3474 41.465782 0.000000 5.210267 91.112543 0.000000 11.393008 0.156870 
3475 41.346042 0.000000 5.883796 92.763402 -0.000000 9.671614 0.130141 
3476 41.106563 0.000000 5.883796 92.608141 -0.000000 9.302913 0.133719 
3477 41.346042 0.000000 6.108306 93.426097 -0.000000 9.259890 0.118582 
3478 41.346042 0.000000 6.332815 93.602114 -0.000000 9.137008 0.115516 
3479 41.106563 0.000000 6.332815 93.340998 -0.000000 8.761587 0.121069 
3480 41.346042 0.000000 6.557325 93.745868 -0.000000 8.987786 0.113093 
3481 41.944740 0.000000 5.322521 92.525190 0.000000 11.875218 0.129807 
3482 41.825000 0.000000 5.322521 92.332949 0.000000 11.783053 0.133579 
3483 42.064479 0.000000 5.322521 92.630570 0.000000 11.880152 0.127844 
3484 52.362076 0.000000 5.883796 99.403347 -1.037920 9.404984 0.002944 
3485 52.122597 0.000000 5.883796 99.402830 -1.028652 9.421700 0.002925 
3486 52.362076 0.000000 6.108306 99.402171 -1.095886 9.349053 0.003060 
3487 42.184219 0.000000 5.322521 92.839370 0.000000 11.856068 0.124028 
3488 42.184219 0.000000 5.210267 92.656930 0.000000 12.065988 0.126911 
3489 42.303958 0.000000 5.322521 92.979406 0.000000 11.708070 0.121775 
3490 42.184219 0.000000 5.996051 94.387621 0.000000 10.587448 0.097888 
3491 42.064479 0.000000 5.996051 94.221871 0.000000 10.573046 0.101045 
3492 42.303958 0.000000 5.996051 94.521158 0.000000 10.659253 0.095213 
3493 41.944740 0.000000 5.771541 93.374210 0.000000 10.980914 0.116068 
3494 41.825000 0.000000 5.771541 93.110979 0.000000 10.889636 0.121176 
3495 41.944740 0.000000 5.883796 93.655848 0.000000 10.725781 0.111354 
3496 41.944740 0.000000 5.996051 93.889255 0.000000 10.503767 0.107448 
3497 41.825000 0.000000 5.996051 93.813995 0.000000 10.305103 0.109274 
3498 41.944740 0.000000 6.108306 94.196469 0.000000 10.078922 0.102544 
3499 42.663177 0.000000 6.445070 95.263923 0.000000 9.828245 0.082819 
3500 42.782916 0.000000 6.445070 95.377350 0.000000 9.712936 0.080882 
3501 42.663177 0.000000 6.557325 95.391016 0.000000 9.581033 0.080876 
3502 40.627605 0.000000 7.006345 93.690627 0.000000 7.879840 0.115997 
3503 40.148647 0.000000 7.006345 93.484853 -0.000000 7.759482 0.120037 
3504 40.627605 0.000000 7.455364 93.855042 0.000000 7.488603 0.113515 
3505 40.627605 0.000000 7.904384 93.671300 -0.000000 6.855126 0.117869 
3506 40.148647 0.000000 7.904384 93.249769 -0.000000 6.948830 0.125619 
3507 41.825000 0.000000 6.781835 94.884530 -0.000000 8.816688 0.091919 
3508 41.585521 0.000000 6.781835 94.415419 -0.000000 8.634760 0.101117 
3509 41.825000 0.000000 7.006345 95.107731 -0.000000 8.629239 0.088006 
3510 41.825000 0.000000 7.230854 95.204012 -0.000000 8.441862 0.086493 
3511 41.585521 0.000000 7.230854 94.836123 -0.000000 8.298721 0.093724 
3512 41.825000 0.000000 7.455364 95.597246 -0.000000 7.882973 0.079903 
3513 41.944740 0.000000 6.220561 94.295570 0.000000 9.864631 0.101103 
3514 41.825000 0.000000 6.220561 94.169864 0.000000 9.823716 0.103553 
3515 41.944740 0.000000 6.332815 94.345018 -0.000000 9.793044 0.100311 
3516 41.944740 0.000000 6.445070 94.466952 0.000000 9.707127 0.098177 
3517 41.825000 0.000000 6.445070 94.341712 0.000000 9.658134 0.100636 
3518 41.944740 0.000000 6.557325 94.623514 0.000000 9.605515 0.095412 
3519 42.423698 0.000000 6.669580 95.518214 0.000000 9.474081 0.078651 
3520 42.303958 0.000000 6.669580 95.327320 0.000000 9.436457 0.082366 
3521 42.543437 0.000000 6.669580 95.696741 0.000000 9.468144 0.075249 
3522 42.483567 0.000000 6.388943 95.030893 0.000000 9.859830 0.087191 
3523 42.543437 0.000000 6.388943 95.042368 0.000000 9.857717 0.086977 
3524 42.483567 0.000000 6.445070 95.100664 0.000000 9.796361 0.085990 
3525 43.261874 0.000000 6.781835 95.759940 0.000000 9.485404 0.074006 
3526 43.261874 0.000000 6.557325 95.759940 0.000000 9.485404 0.074006 
3527 43.501353 0.000000 6.781835 97.483270 -1.221941 10.019615 0.039513 
3528 42.663177 0.000000 6.669580 95.791427 0.000000 9.291387 0.073767 
3529 42.782916 0.000000 6.669580 95.900422 0.000000 9.296800 0.071668 
3530 42.902656 0.000000 6.894090 96.141374 0.000000 9.125449 0.067356 
3531 42.902656 0.000000 6.781835 96.072476 0.000000 9.164832 0.068609 
3532 43.022395 0.000000 6.894090 96.314931 0.000000 9.068748 0.064119 
3533 42.723046 0.000000 6.950217 96.119109 0.000000 9.062766 0.067898 
3534 42.723046 0.000000 6.894090 96.068227 0.000000 9.098397 0.068812 
3535 42.782916 0.000000 6.950217 96.142083 0.000000 9.050656 0.067479 
3536 59.306966 0.000000 11.047520 98.879318 1.450431 13.353226 0.004247 
3537 58.349050 0.000000 11.047520 98.700479 1.270397 14.307006 0.005191 
3538 59.306966 0.000000 10.149481 99.271945 -1.001324 10.621752 0.003126 
3539 60.743840 0.000000 13.292618 94.518782 -6.970437 39.419475 -0.053628 
3540 60.264882 0.000000 13.292618 95.168309 -9.670807 35.693752 -0.042458 
3541 60.743840 0.000000 13.741638 96.706067 -12.698908 26.088208 -0.019392 
3542 64.575504 0.000000 11.496540 100.358548 1.187995 4.174591 -0.009068 
3543 64.096546 0.000000 11.496540 99.458557 3.885621 10.059467 -0.000830 
3544 64.575504 0.000000 11.047520 99.306720 -1.068163 11.142097 0.001289 
3545 65.293941 0.000000 12.170069 98.750167 2.024736 15.275395 0.001097 
3546 65.054462 0.000000 12.170069 98.699694 2.195057 15.646345 0.000874 
3547 65.293941 0.000000 11.945559 98.994874 1.679050 13.363903 0.001860 
3548 60.743840 0.000000 11.496540 98.658445 1.518624 14.844405 0.004385 
3549 60.264882 0.000000 11.496540 98.551606 1.659036 15.496162 0.004470 
3550 60.743840 0.000000 11.047520 99.182666 2.766575 11.397151 0.002525 
3551 63.617588 0.000000 12.394579 98.335318 37.491634 17.289194 -0.137437 
3552 63.617588 0.000000 11.945559 98.712769 1.846671 15.156855 0.002265 
3553 63.617588 0.000000 12.843599 97.409171 5.708807 21.738607 0.000630 
3554 63.617588 0.000000 13.292618 95.559517 14.216949 31.657497 -0.033594 
3555 63.617588 0.000000 13.741638 93.934282 -7.492447 43.117518 -0.073891 
3556 61.462277 0.000000 12.619089 96.891360 7.320541 24.603371 -0.004685 
3557 61.222798 0.000000 12.619089 96.742952 8.027476 25.389038 -0.006824 
3558 61.462277 0.000000 12.843599 95.976293 11.557294 29.417331 -0.021040 
3559 63.617588 0.000000 11.496540 99.184067 2.686109 11.846206 0.001497 
3560 63.617588 0.000000 11.047520 99.273718 -1.458451 11.292566 0.001508 
3561 61.462277 0.000000 11.721050 98.494672 1.946582 15.964397 0.004015 
3562 61.222798 0.000000 11.721050 98.422520 2.159703 16.405126 0.003922 
3563 61.462277 0.000000 11.496540 98.788160 1.444905 14.057148 0.004121 
3564 61.821496 0.000000 12.057814 97.793808 9.104023 21.301364 -0.010026 
3565 61.701756 0.000000 12.057814 97.650986 10.459381 21.721292 -0.011693 
3566 61.821496 0.000000 11.945559 98.099250 4.158840 18.797857 0.000588 
3567 62.420193 0.000000 11.721050 98.744241 1.560676 14.609428 0.003370 
3568 62.420193 0.000000 11.496540 98.952135 1.576255 13.196871 0.003183 
3569 62.659672 0.000000 11.721050 98.790330 1.523545 14.351261 0.003219 
3570 62.300454 0.000000 12.057814 98.010077 5.930690 19.836307 -0.003463 
3571 62.300454 0.000000 11.945559 98.350567 3.056737 17.510227 0.001121 
3572 62.420193 0.000000 12.057814 98.109219 5.477297 19.547707 -0.003753 
3573 59.306966 0.000000 14.639677 99.094867 -0.131684 12.238491 0.003041 
3574 58.349050 0.000000 14.639677 99.155919 -0.108309 11.816464 0.002846 
3575 59.306966 0.000000 15.537716 99.306696 -0.017114 10.899733 0.001938 
3576 61.821496 0.000000 12.506834 97.354281 3.287613 22.299913 0.001405 
3577 61.701756 0.000000 12.506834 97.314461 3.809312 22.573735 0.000581 
3578 61.821496 0.000000 12.619089 97.091834 6.212025 23.542146 -0.001965 
3579 62.300454 0.000000 12.506834 97.561588 1.079851 21.370328 0.002388 
3580 62.420193 0.000000 12.506834 97.574816 0.516112 21.207604 0.002913 
3581 62.300454 0.000000 12.619089 97.314568 4.652806 22.338812 0.000920 
3582 62.090909 0.000000 12.310388 98.360116 -27.912547 16.599426 -0.072936 
3583 62.120844 0.000000 12.310388 98.509859 -30.905181 15.490662 -0.089928 
3584 62.090909 0.000000 12.338452 97.897940 -14.296935 19.858029 -0.018275 
3585 66.491336 0.000000 11.496540 99.268368 -1.528595 11.354444 0.001453 
3586 66.491336 0.000000 11.047520 99.367559 -0.778804 10.638954 0.001229 
3587 66.970294 0.000000 11.496540 99.276331 -1.257738 11.302562 0.001488 
3588 66.251857 0.000000 12.170069 98.890544 1.673632 13.977813 0.002248 
3589 66.251857 0.000000 11.945559 99.109560 2.192087 12.461482 0.001720 
3590 66.491336 0.000000 12.170069 98.929383 1.673525 13.711711 0.002217 
3591 65.413680 0.000000 12.506834 98.173086 13.555414 19.952297 -0.021980 
3592 65.293941 0.000000 12.506834 98.166113 15.114138 19.950294 -0.026304 
3593 65.413680 0.000000 12.394579 98.337558 5.914698 18.784278 -0.005811 
3594 66.251857 0.000000 13.068108 98.115184 2.717171 19.139173 -0.000028 
3595 66.491336 0.000000 13.068108 98.166717 1.865753 18.927033 0.000158 
3596 66.251857 0.000000 13.292618 97.814153 7.272932 21.191608 -0.006959 
3597 65.892638 0.000000 12.955853 98.124011 1.140421 18.838338 0.001550 
3598 66.012378 0.000000 12.955853 98.153540 0.505531 18.739262 0.001447 
3599 65.892638 0.000000 13.068108 98.007894 3.828236 19.537015 -0.000190 
3600 65.593290 0.000000 12.787471 98.199344 -5.887569 18.436376 -0.001767 
3601 65.533420 0.000000 12.787471 98.186418 -5.127465 18.498711 -0.000907 
3602 65.593290 0.000000 12.843599 98.149835 -1.740214 18.639978 0.001613 
3603 65.593290 0.000000 12.562961 98.142498 18.751073 19.500099 -0.036381 
3604 65.533420 0.000000 12.562961 98.151737 20.184833 19.376349 -0.041663 
3605 65.593290 0.000000 12.506834 98.113178 11.823023 19.839262 -0.015958 
3606 65.832769 0.000000 12.787471 98.264567 -10.125167 18.079121 -0.008530 
3607 65.892638 0.000000 12.787471 98.260129 -11.578433 18.007621 -0.011339 
3608 65.832769 0.000000 12.843599 98.190826 -3.672919 18.464095 0.000415 
3609 65.683094 0.000000 12.647152 99.219099 59.394817 11.034228 -0.349393 
3610 65.653159 0.000000 12.647152 99.607093 67.759290 8.037711 -0.457750 
3611 65.683094 0.000000 12.619089 98.362591 31.880269 17.733189 -0.100602 
3612 65.832769 0.000000 12.562961 98.133309 14.452310 19.748957 -0.022904 
3613 65.832769 0.000000 12.506834 98.163263 9.460080 19.608345 -0.011001 
3614 65.892638 0.000000 12.562961 98.136737 13.616020 19.763372 -0.020681 
3615 65.413680 0.000000 12.955853 97.974591 2.777226 19.362744 0.001835 
3616 65.293941 0.000000 12.955853 97.928072 3.151478 19.528765 0.001879 
3617 65.413680 0.000000 13.068108 97.802418 5.185898 20.253359 -0.000241 
3618 17.158664 0.000000 -1.525026 11.937670 0.075346 -0.806085 0.985684 
3619 18.116580 0.000000 -1.525026 13.739110 0.022657 -0.333703 0.981112 
3620 17.158664 0.000000 -5.117183 100.656609 0.177256 -0.157318 -0.013181 
3621 17.158664 0.000000 -6.015222 100.029029 0.054900 4.540952 -0.002643 
3622 20.990328 0.000000 -1.525026 17.369704 0.242058 3.156151 0.968827 
3623 20.032412 0.000000 -1.525026 15.949473 0.162463 1.923169 0.974189 
3624 20.990328 0.000000 -0.626987 19.415363 0.290790 2.021224 0.961887 
3625 19.074496 0.000000 -1.525026 14.921792 -0.140274 0.838940 0.977662 
3626 19.074496 0.000000 -0.626987 16.358169 0.044947 -0.206759 0.973237 
3627 28.653656 0.000000 -5.117183 96.657819 -0.016161 15.488297 0.041738 
3628 28.653656 0.000000 -6.015222 97.464122 0.031666 14.766976 0.028268 
3629 29.611572 0.000000 -5.117183 96.684139 0.027382 14.183407 0.045101 
3630 1.832009 0.000000 2.067130 95.541297 0.016420 20.278462 0.046064 
3631 0.874093 0.000000 2.067130 95.637219 0.059766 19.593286 0.046962 
3632 1.832009 0.000000 2.965169 96.308678 0.042746 19.301138 0.035210 
3633 -0.083823 0.000000 2.067130 95.641305 0.145455 18.666875 0.050427 
3634 -1.041739 0.000000 2.067130 95.735772 0.180145 17.825397 0.051688 
3635 -0.083823 0.000000 2.965169 96.431909 0.042142 17.866521 0.038167 
3636 -1.999654 0.000000 2.067130 96.127715 0.180293 17.071348 0.046800 
3637 -2.957570 0.000000 2.067130 96.262430 -0.391747 16.542459 0.045974 
3638 -1.999654 0.000000 2.965169 96.891275 0.015831 16.849145 0.032819 
3639 1.832009 0.000000 -5.117183 97.191643 -0.227209 7.007597 0.050463 
3640 0.874093 0.000000 -5.117183 95.928216 -0.022754 7.299585 0.074449 
3641 1.832009 0.000000 -6.015222 97.160197 -0.089959 9.112290 0.047685 
3642 -0.083823 0.000000 -5.117183 94.872272 -0.174146 8.453610 0.092776 
3643 -1.041739 0.000000 -5.117183 94.287590 -0.508509 10.434666 0.100071 
3644 -0.083823 0.000000 -6.015222 95.854231 -0.043480 10.269577 0.070650 
3645 0.395135 0.000000 -0.177968 92.055764 0.000839 26.415506 0.082796 
3646 -0.083823 0.000000 -0.177968 90.737807 0.054563 24.760063 0.115359 
3647 0.395135 0.000000 0.271052 93.101585 -0.011967 23.683999 0.077116 
3648 2.310967 0.000000 0.720071 94.405983 -0.126781 23.151537 0.055150 
3649 1.832009 0.000000 0.720071 94.656701 -0.073393 23.019334 0.051021 
3650 2.310967 0.000000 1.169091 94.679267 -0.127551 22.157769 0.054485 
3651 1.353051 0.000000 0.720071 94.607192 -0.008581 22.845063 0.052758 
3652 0.874093 0.000000 0.720071 94.302050 0.008213 22.492201 0.060122 
3653 1.353051 0.000000 1.169091 94.852353 -0.079770 21.606523 0.053618 
3654 4.226799 0.000000 -3.770124 98.338385 0.131954 5.619249 0.029797 
3655 3.747841 0.000000 -3.770124 99.187393 -0.189066 5.453354 0.013209 
3656 4.226799 0.000000 -4.219143 98.204423 -0.117825 6.231093 0.031705 
3657 12.369085 0.000000 8.353403 103.554262 -0.072762 13.913959 -0.091709 
3658 10.453253 0.000000 8.353403 103.375833 -0.080289 15.594459 -0.092976 
3659 12.369085 0.000000 10.149481 102.843350 -0.077549 14.254531 -0.077995 
3660 8.537421 0.000000 8.353403 102.229525 -0.066979 16.352082 -0.071827 
3661 6.621589 0.000000 8.353403 101.202126 0.047060 16.815784 -0.052464 
3662 8.537421 0.000000 10.149481 101.552672 -0.049819 15.444463 -0.055148 
3663 3.747841 0.000000 3.863208 97.055648 0.037213 20.115490 0.017557 
3664 2.789925 0.000000 3.863208 97.169695 0.184917 19.140685 0.019165 
3665 3.747841 0.000000 4.761247 97.980921 0.080418 19.118805 0.003420 
3666 6.142631 0.000000 2.516149 93.473314 -0.084585 30.282114 0.034573 
3667 5.663673 0.000000 2.516149 93.597251 -0.087626 28.048276 0.045284 
3668 6.142631 0.000000 2.965169 95.593325 -0.151591 28.004761 0.007763 
3669 5.184715 0.000000 2.516149 93.868210 0.214845 26.187124 0.050295 
3670 4.705757 0.000000 2.516149 94.380282 0.084737 24.398757 0.049706 
3671 5.184715 0.000000 2.965169 95.246582 0.199778 24.901853 0.030795 
3672 8.058463 0.000000 0.720071 -0.378044 -0.288524 1.517166 0.999747 
3673 8.058463 0.000000 0.271052 -0.361678 -0.357755 1.584143 0.999723 
3674 8.537421 0.000000 0.720071 -0.245351 -0.346253 1.603054 0.999725 
3675 8.058463 0.000000 -1.076007 -0.357007 -0.191935 1.420787 0.999782 
3676 8.537421 0.000000 -1.076007 -0.416977 -0.217590 1.869579 0.999628 
3677 8.058463 0.000000 -0.626987 -0.593556 -0.211538 1.879206 0.999607 
3678 9.016379 0.000000 -1.076007 -0.132035 -0.244985 1.896915 0.999632 
3679 9.495337 0.000000 -1.076007 0.302533 -0.123817 1.866049 0.999641 
3680 9.016379 0.000000 -0.626987 -0.035522 -0.253275 1.837331 0.999656 
3681 7.100547 0.000000 3.414188 98.641986 -0.008178 28.531980 -0.054432 
3682 6.621589 0.000000 3.414188 97.607837 -0.143841 27.276025 -0.027129 
3683 7.100547 0.000000 3.863208 99.796720 -0.164291 26.073485 -0.063924 
3684 11.890127 0.000000 1.618110 3.164406 0.171569 -0.978540 0.998900 
3685 11.890127 0.000000 1.169091 3.192790 0.223131 -0.651954 0.998933 
3686 12.369085 0.000000 1.618110 3.716249 0.092697 -0.924619 0.998533 
3687 12.848043 0.000000 1.618110 4.300384 0.142544 -0.877044 0.998072 
3688 12.848043 0.000000 1.169091 4.366478 -0.066316 -0.726318 0.998040 
3689 13.327001 0.000000 1.618110 4.842577 -0.064762 -1.116893 0.997530 
3690 13.805959 0.000000 1.618110 5.302692 -0.054335 -1.245311 0.997033 
3691 13.805959 0.000000 1.169091 5.385002 -0.045008 -1.060571 0.996987 
3692 14.284917 0.000000 1.618110 5.764093 -0.113200 -1.366609 0.996489 
3693 14.763875 0.000000 1.618110 6.164977 -0.118369 -1.621281 0.995935 
3694 14.763875 0.000000 1.169091 6.402965 -0.105529 -1.507501 0.995672 
3695 15.242833 0.000000 1.618110 6.676177 -0.039204 -1.994235 0.995145 
3696 15.721791 0.000000 1.618110 7.231705 0.011940 -2.573721 0.994108 
3697 15.721791 0.000000 1.169091 8.036997 0.045857 -2.265428 0.993027 
3698 16.200749 0.000000 1.618110 8.536700 0.040208 -3.370584 0.991576 
3699 19.074496 0.000000 0.271052 17.739601 0.148170 -0.895037 0.968448 
3700 20.032412 0.000000 0.271052 19.330485 0.177813 0.321624 0.962620 
3701 20.990328 0.000000 0.271052 20.971962 0.499254 0.936136 0.955905 
3702 21.948244 0.000000 0.271052 23.332974 -0.150797 1.440419 0.945347 
3703 20.990328 0.000000 1.169091 22.155952 0.534139 -0.225634 0.950878 
3704 20.990328 0.000000 2.067130 104.060424 0.470727 0.597153 -0.082915 
3705 16.679707 0.000000 1.618110 10.714095 0.056828 -4.326207 0.986649 
3706 16.679707 0.000000 1.169091 11.163572 0.060651 -3.259634 0.986475 
3707 17.158664 0.000000 1.618110 13.909196 0.243907 -4.495101 0.978627 
3708 24.821992 0.000000 5.659286 101.967607 0.524112 5.059306 -0.042326 
3709 23.864076 0.000000 5.659286 102.430488 0.249303 5.683242 -0.052437 
3710 24.821992 0.000000 6.557325 101.780387 0.379169 6.428672 -0.040072 
3711 22.906160 0.000000 5.659286 102.723044 0.305380 6.149696 -0.058994 
3712 21.948244 0.000000 5.659286 102.624079 0.268109 6.516332 -0.057424 
3713 22.906160 0.000000 6.557325 102.251265 0.211087 7.184879 -0.050699 
3714 22.906160 0.000000 0.271052 25.969655 -0.151455 2.139592 0.932098 
3715 30.569488 0.000000 -5.117183 97.080145 0.057608 13.535548 0.039223 
3716 30.569488 0.000000 -6.015222 97.553971 -0.062821 13.583387 0.029871 
3717 31.527404 0.000000 -5.117183 97.578010 -0.046780 13.255186 0.030283 
3718 30.808967 0.000000 2.740659 111.380924 -0.113933 -7.495448 -0.246190 
3719 30.569488 0.000000 2.740659 124.945725 -0.080473 -9.266432 -0.569731 
3720 30.808967 0.000000 2.516149 103.612715 -0.104643 -1.991514 -0.073957 
3721 32.964278 0.000000 4.312228 96.630975 0.000000 5.757189 0.062931 
3722 33.443236 0.000000 4.312228 96.231932 0.000000 5.330001 0.071101 
3723 32.964278 0.000000 4.761247 96.318007 0.000000 5.601410 0.069147 
3724 31.766883 0.000000 3.638698 97.896423 -0.000000 3.653661 0.040294 
3725 32.006362 0.000000 3.638698 97.582169 -0.000000 4.026197 0.046151 
3726 31.766883 0.000000 3.863208 97.484143 -0.000000 5.564982 0.046587 
3727 33.922194 0.000000 1.618110 81.547100 -0.000000 -1.180816 0.334868 
3728 33.922194 0.000000 1.169091 78.045731 0.232164 7.402559 0.385401 
3729 34.401152 0.000000 1.618110 84.696699 -0.000000 -1.575238 0.282399 
3730 34.880110 0.000000 1.618110 89.159993 -0.000000 -2.246664 0.204545 
3731 34.880110 0.000000 1.169091 88.270214 -0.000000 -2.044722 0.220419 
3732 35.359068 0.000000 1.618110 92.845815 -0.000000 -2.847556 0.137155 
3733 43.022395 0.000000 -6.015222 97.588237 0.017653 10.746452 0.036105 
3734 43.022395 0.000000 -7.811300 97.985074 -0.018626 11.293327 0.027139 
3735 44.938227 0.000000 -6.015222 98.159468 -0.081696 10.482684 0.025483 
3736 40.148647 0.000000 -3.321104 95.434072 0.005427 12.250040 0.074227 
3737 40.148647 0.000000 -4.219143 96.092141 -0.048918 12.028948 0.062160 
3738 41.106563 0.000000 -3.321104 95.461523 0.022101 11.088644 0.076414 
3739 35.838025 0.000000 1.618110 99.796901 -0.000000 -3.766704 0.002639 
3740 35.838025 0.000000 1.169091 96.215543 -0.000000 -3.438809 0.073074 
3741 36.316983 0.000000 1.618110 102.718529 -0.000000 -4.034197 -0.056737 
3742 36.795941 0.000000 1.618110 107.898106 -0.000000 -4.508419 -0.166233 
3743 36.795941 0.000000 1.169091 107.898106 -0.000000 -4.508419 -0.166233 
3744 37.274899 0.000000 1.618110 114.284411 -0.000000 -2.045115 -0.306511 
3745 33.922194 0.000000 4.312228 96.277111 0.000000 5.389607 0.070167 
3746 34.401152 0.000000 4.312228 96.775124 0.000000 4.958921 0.060998 
3747 33.922194 0.000000 4.761247 95.820957 0.000000 6.550441 0.077544 
3748 36.795941 0.000000 0.720071 102.814442 0.350080 22.654500 -0.108416 
3749 36.316983 0.000000 0.720071 97.057831 0.400302 20.006520 0.017936 
3750 37.274899 0.000000 0.720071 109.506000 0.266338 26.590084 -0.269867 
3751 35.838025 0.000000 0.720071 91.890637 0.328639 17.570223 0.124729 
3752 35.359068 0.000000 0.720071 87.501785 0.167176 15.465120 0.210424 
3753 35.838025 0.000000 0.271052 89.131266 0.255284 25.703832 0.139487 
3754 37.753857 0.000000 0.720071 117.532904 0.276671 31.078033 -0.477990 
3755 38.232815 0.000000 0.720071 127.472463 0.238059 36.279529 -0.756549 
3756 37.753857 0.000000 1.169091 119.737582 -0.000000 0.058264 -0.433709 
3757 37.753857 0.000000 1.618110 119.737582 -0.000000 0.058264 -0.433709 
3758 38.232815 0.000000 1.618110 131.024554 0.000000 -4.664633 -0.718919 
3759 38.711773 0.000000 1.618110 139.268527 0.000000 -8.114224 -0.946156 
3760 38.711773 0.000000 1.169091 145.548708 0.239577 27.497316 -1.194059 
3761 39.190731 0.000000 1.618110 157.201722 0.000000 -9.500263 -1.480264 
3762 36.795941 0.000000 4.312228 95.929283 -0.000000 3.578414 0.078477 
3763 36.316983 0.000000 4.312228 96.337376 -0.000000 3.539283 0.070658 
3764 36.795941 0.000000 4.761247 95.739449 -0.000000 5.115753 0.080779 
3765 35.838025 0.000000 4.312228 96.775667 -0.000000 3.991489 0.061854 
3766 35.359068 0.000000 4.312228 97.061254 -0.000000 4.015937 0.056299 
3767 35.838025 0.000000 4.761247 96.404492 -0.000000 5.398762 0.067703 
3768 39.669689 0.000000 1.618110 182.592995 -0.000000 -10.471470 -2.344985 
3769 39.669689 0.000000 1.169091 184.167443 0.139781 40.944999 -2.559416 
3770 42.064479 0.000000 -3.321104 96.025316 -0.004752 9.919289 0.068075 
3771 42.064479 0.000000 -4.219143 96.524190 -0.015573 10.422521 0.057445 
3772 43.022395 0.000000 -3.321104 96.853832 -0.000401 9.123813 0.053609 
3773 43.980311 0.000000 -1.525026 98.729755 0.010086 5.466386 0.022255 
3774 43.980311 0.000000 -2.423065 97.847488 -0.047597 7.628245 0.036768 
3775 44.938227 0.000000 -1.525026 99.862653 -0.140057 7.268215 -0.002540 
3776 41.825000 0.000000 2.740659 108.674106 -1.831988 0.403840 -0.181358 
3777 41.825000 0.000000 2.516149 110.324859 -1.907940 0.331529 -0.217532 
3778 42.064479 0.000000 2.740659 113.498763 -2.717617 0.005132 -0.288935 
3779 40.867084 0.000000 3.189679 74.956882 0.000000 2.144987 0.437686 
3780 40.627605 0.000000 3.189679 77.736433 -0.000000 1.444939 0.395496 
3781 40.867084 0.000000 3.414188 77.776296 0.000000 4.213898 0.393309 
3782 40.867084 0.000000 3.638698 78.832050 0.000000 5.478375 0.375550 
3783 40.627605 0.000000 3.638698 80.195128 -0.000000 4.127026 0.355171 
3784 40.867084 0.000000 3.863208 83.172117 -0.000000 7.723782 0.302274 
3785 41.106563 0.000000 20.925950 99.788121 0.066299 11.640533 -0.009318 
3786 37.274899 0.000000 20.925950 99.803325 0.081830 11.875085 -0.010173 
3787 41.106563 0.000000 24.518106 99.696614 0.116911 12.167312 -0.008747 
3788 40.867084 0.000000 4.087718 84.468866 -0.000000 8.450132 0.279361 
3789 40.627605 0.000000 4.087718 86.119743 -0.000000 6.511627 0.254099 
3790 40.867084 0.000000 4.312228 85.490396 -0.000000 8.391855 0.262097 
3791 40.867084 0.000000 4.536737 88.325071 -0.000000 8.775422 0.212167 
3792 40.627605 0.000000 4.536737 88.695793 -0.000000 7.640813 0.207467 
3793 40.867084 0.000000 4.761247 89.607355 -0.000000 9.125651 0.188724 
3794 40.867084 0.000000 4.985757 89.968092 -0.000000 9.126954 0.182244 
3795 40.627605 0.000000 4.985757 90.226075 -0.000000 8.238942 0.179138 
3796 40.867084 0.000000 5.210267 90.896747 -0.000000 8.967046 0.165737 
3797 40.867084 0.000000 5.434776 91.889685 -0.000000 8.879806 0.147743 
3798 40.627605 0.000000 5.434776 91.933680 -0.000000 8.530101 0.147544 
3799 40.867084 0.000000 5.659286 92.074585 -0.000000 8.777046 0.144523 
3800 50.685723 0.000000 15.537716 99.434536 0.190616 10.236252 0.000796 
3801 48.769891 0.000000 15.537716 99.527839 0.109995 10.084985 -0.000751 
3802 50.685723 0.000000 17.333794 99.459419 0.116020 10.576309 -0.000405 
3803 46.854059 0.000000 15.537716 99.647201 0.127851 9.949351 -0.002857 
3804 44.938227 0.000000 15.537716 99.816782 0.088222 9.885555 -0.006112 
3805 46.854059 0.000000 17.333794 99.658794 0.109747 10.498485 -0.004211 
3806 44.459269 0.000000 7.904384 99.298075 -3.595559 4.722065 0.010467 
3807 44.459269 0.000000 7.455364 98.477214 -1.248156 10.001464 0.020065 
3808 44.938227 0.000000 7.904384 98.885273 -3.246486 9.411648 0.012258 
3809 43.740832 0.000000 9.026933 111.395351 0.000000 15.034977 -0.263497 
3810 43.740832 0.000000 8.802423 101.520682 0.000000 9.004972 -0.038754 
3811 43.980311 0.000000 9.026933 116.099778 0.000000 19.016248 -0.384078 
3812 33.443236 0.000000 20.925950 99.867190 -0.038833 12.091883 -0.011967 
3813 29.611572 0.000000 20.925950 99.943402 -0.104980 12.253647 -0.013885 
3814 33.443236 0.000000 24.518106 99.769115 -0.009676 12.455104 -0.010901 
3815 42.303958 0.000000 9.475952 99.727783 -0.000000 3.756508 0.004026 
3816 42.064479 0.000000 9.475952 98.281660 -0.000000 3.586264 0.032785 
3817 42.303958 0.000000 9.700462 99.690999 -0.128534 1.711765 0.005876 
3818 42.303958 0.000000 9.924972 99.005329 -0.162542 1.258139 0.019634 
3819 42.064479 0.000000 9.924972 99.022058 -0.148374 1.156785 0.019327 
3820 42.303958 0.000000 10.149481 99.164898 -0.176244 1.102994 0.016508 
3821 29.372093 0.000000 2.291640 100.181191 0.075583 2.224750 -0.004123 
3822 29.372093 0.000000 2.067130 103.851955 0.132653 -0.425839 -0.078543 
3823 29.611572 0.000000 2.291640 100.610460 0.076287 0.765702 -0.012306 
3824 23.864076 0.000000 11.945559 101.545064 0.163920 10.607360 -0.042394 
3825 21.948244 0.000000 11.945559 101.813741 0.148215 11.095457 -0.048917 
3826 23.864076 0.000000 13.741638 101.024975 0.238060 11.320021 -0.033425 
3827 29.372093 0.000000 4.087718 97.935217 0.019571 1.802524 0.040544 
3828 29.132614 0.000000 4.087718 100.082981 -0.000000 4.752896 -0.003919 
3829 29.372093 0.000000 4.312228 95.275825 -0.000000 3.488865 0.091034 
3830 29.851051 0.000000 2.291640 98.507623 0.055376 1.447403 0.029415 
3831 29.851051 0.000000 2.067130 101.387874 0.166860 0.041330 -0.027953 
3832 30.090530 0.000000 2.291640 98.259981 0.076927 2.096925 0.034057 
3833 30.330009 0.000000 2.740659 124.189200 -0.008502 -8.485485 -0.549496 
3834 30.330009 0.000000 2.516149 111.232430 0.002097 -2.830630 -0.238067 
3835 42.303958 0.000000 10.373991 97.579471 -0.030748 3.238973 0.046775 
3836 42.064479 0.000000 10.373991 99.674392 -0.222155 0.000000 0.006497 
3837 42.303958 0.000000 10.598501 97.862914 0.017596 4.122310 0.040586 
3838 39.669689 0.000000 8.802423 92.130952 -0.000000 5.143357 0.148543 
3839 39.190731 0.000000 8.802423 91.366206 -0.000000 5.985046 0.161640 
3840 39.669689 0.000000 8.353403 92.314826 -0.000000 6.551572 0.143505 
3841 34.401152 0.000000 7.455364 97.924369 0.826982 8.440171 0.033890 
3842 33.443236 0.000000 7.455364 98.514089 0.387056 8.059906 0.022986 
3843 34.401152 0.000000 8.353403 98.275981 0.629491 9.137484 0.025794 
3844 34.401152 0.000000 9.251442 98.694803 0.469635 9.874960 0.016160 
3845 33.443236 0.000000 9.251442 98.978911 0.343155 9.506132 0.011269 
3846 34.401152 0.000000 10.149481 99.372806 0.195028 10.043143 0.002414 
3847 38.711773 0.000000 8.802423 90.977889 -0.000000 7.621347 0.166494 
3848 38.232815 0.000000 8.802423 91.835940 0.000000 11.291024 0.143867 
3849 38.711773 0.000000 8.353403 91.882811 -0.000000 8.943902 0.147756 
3850 34.401152 0.000000 11.047520 99.422041 0.168168 10.568308 0.000354 
3851 33.443236 0.000000 11.047520 99.844326 0.165535 10.110570 -0.007114 
3852 34.401152 0.000000 11.945559 99.845415 0.112976 10.793058 -0.008561 
3853 44.459269 0.000000 4.312228 101.741185 -2.883244 16.309673 -0.062559 
3854 44.938227 0.000000 4.312228 101.615053 -1.219946 16.013719 -0.058355 
3855 44.459269 0.000000 4.761247 100.468145 -2.093469 14.103251 -0.029713 
3856 58.349050 0.000000 -2.423065 99.269116 -0.102562 10.548576 0.003436 
3857 58.349050 0.000000 -4.219143 99.235364 -0.082663 10.752004 0.003673 
3858 60.264882 0.000000 -2.423065 99.292494 -0.082440 10.600630 0.002862 
3859 46.854059 0.000000 -6.015222 98.556931 -0.047061 10.519762 0.017586 
3860 46.854059 0.000000 -7.811300 98.516673 -0.071494 10.962458 0.017428 
3861 48.769891 0.000000 -6.015222 98.787027 -0.077966 10.521508 0.013042 
3862 45.896143 0.000000 -1.525026 99.854400 -0.099911 8.277473 -0.003943 
3863 45.896143 0.000000 -2.423065 99.026413 -0.077813 8.502268 0.012147 
3864 46.854059 0.000000 -1.525026 99.662723 -0.045282 8.938130 -0.001255 
3865 49.248849 0.000000 3.414188 99.761865 0.168805 9.803105 -0.004856 
3866 49.727807 0.000000 3.414188 99.682382 0.087343 9.778839 -0.003221 
3867 49.248849 0.000000 3.863208 99.722587 0.348356 9.702502 -0.003885 
3868 50.206765 0.000000 3.414188 99.583663 0.120251 9.782509 -0.001262 
3869 50.685723 0.000000 3.414188 99.497883 0.117489 9.802467 0.000407 
3870 50.206765 0.000000 3.863208 99.581709 0.210878 9.662561 -0.000993 
3871 49.248849 0.000000 4.312228 99.653662 1.511801 9.781721 -0.002882 
3872 49.727807 0.000000 4.312228 99.621254 0.997752 9.661050 -0.001873 
3873 49.248849 0.000000 4.761247 99.561505 -0.285647 10.046979 -0.001352 
3874 53.559471 0.000000 0.271052 99.232185 -0.219314 10.933760 0.003338 
3875 53.559471 0.000000 -0.626987 99.237617 -0.191229 10.552982 0.004049 
3876 54.517386 0.000000 0.271052 99.229325 -0.098053 10.914104 0.003441 
3877 47.333017 0.000000 3.414188 100.716056 0.302602 10.248087 -0.024884 
3878 46.854059 0.000000 3.414188 101.293048 0.216031 10.680033 -0.037439 
3879 47.333017 0.000000 2.965169 100.886181 0.220134 10.419327 -0.028663 
3880 51.643639 0.000000 9.251442 99.053534 -1.383362 10.959607 0.006637 
3881 52.601555 0.000000 9.251442 99.174610 -1.015129 10.549182 0.005208 
3882 51.643639 0.000000 10.149481 98.183086 0.938867 16.369255 0.009125 
3883 49.248849 0.000000 5.210267 99.541565 2.340923 9.461006 -0.000351 
3884 49.727807 0.000000 5.210267 99.533381 0.323303 9.373646 0.000514 
3885 49.248849 0.000000 5.659286 99.479770 -0.958595 9.657901 0.000958 
3886 71.759874 0.000000 -7.811300 99.233328 -0.114812 11.532369 0.001974 
3887 71.759874 0.000000 -11.403456 99.163791 -0.061553 11.979663 0.002303 
3888 75.591537 0.000000 -7.811300 99.244801 -0.071785 11.607218 0.001574 
3889 62.180714 0.000000 -2.423065 99.312437 -0.073092 10.647746 0.002366 
3890 62.180714 0.000000 -4.219143 99.278352 -0.061488 10.862276 0.002582 
3891 64.096546 0.000000 -2.423065 99.327322 -0.078790 10.690038 0.001980 
3892 66.012378 0.000000 1.169091 99.329898 -0.104632 10.826013 0.001636 
3893 66.012378 0.000000 -0.626987 99.359755 -0.077009 10.587320 0.001554 
3894 67.928210 0.000000 1.169091 99.350865 -0.119392 10.707913 0.001473 
3895 59.306966 0.000000 7.455364 99.457766 -0.980674 9.322422 0.002028 
3896 58.349050 0.000000 7.455364 99.455954 -1.037969 9.220136 0.002243 
3897 59.306966 0.000000 8.353403 99.473790 -1.038841 9.076166 0.002151 
3898 59.306966 0.000000 9.251442 99.457064 -1.268256 9.071560 0.002439 
3899 58.349050 0.000000 9.251442 99.468961 -1.246110 8.802499 0.002689 
3900 69.844042 0.000000 4.761247 99.351714 -0.176046 10.861370 0.001124 
3901 69.844042 0.000000 2.965169 99.283021 -0.183582 11.311183 0.001491 
3902 71.759874 0.000000 4.761247 99.338171 -0.177080 11.050344 0.000979 
3903 66.970294 0.000000 9.251442 99.593147 -1.002800 8.984120 -0.000051 
3904 66.970294 0.000000 8.353403 99.557986 -0.971415 9.228665 0.000210 
3905 67.928210 0.000000 9.251442 99.602464 -0.980753 9.009365 -0.000278 
3906 42.303958 0.000000 3.189679 64.721089 0.527129 71.084573 0.075789 
3907 42.303958 0.000000 2.965169 35.398809 -0.721542 118.943838 -0.540123 
3908 42.543437 0.000000 3.189679 90.050199 -0.326292 77.818161 -0.416481 
3909 53.559471 0.000000 9.251442 99.198059 -0.780636 10.338989 0.005224 
3910 54.517386 0.000000 9.251442 99.248505 -0.698608 10.062716 0.004799 
3911 53.559471 0.000000 10.149481 98.759718 1.735342 13.139358 0.007086 
3912 44.459269 0.000000 5.210267 99.427339 -0.888966 13.424284 -0.006680 
3913 44.938227 0.000000 5.210267 100.067507 -0.812029 12.291390 -0.016524 
3914 44.459269 0.000000 5.659286 99.119650 -0.909468 11.786422 0.003555 
3915 44.459269 0.000000 6.108306 98.590571 -1.192492 11.118951 0.015485 
3916 44.938227 0.000000 6.108306 98.942178 -1.342210 10.942230 0.008891 
3917 44.459269 0.000000 6.557325 98.389946 -1.266498 10.932554 0.019829 
3918 42.782916 0.000000 4.985757 94.866056 -0.349047 17.388844 0.069794 
3919 42.782916 0.000000 4.761247 94.888509 -0.722736 17.601997 0.068582 
3920 43.022395 0.000000 4.985757 96.025652 -0.232313 16.737009 0.049889 
3921 42.184219 0.000000 5.098012 91.684432 0.000000 12.605702 0.143506 
3922 42.184219 0.000000 4.985757 91.023225 0.000000 12.801083 0.155090 
3923 42.303958 0.000000 5.098012 92.185486 0.000000 12.294038 0.135069 
3924 41.705261 0.000000 5.322521 92.097076 0.000000 11.373498 0.138877 
3925 41.585521 0.000000 5.322521 92.099950 0.000000 11.105977 0.139426 
3926 41.705261 0.000000 5.434776 92.475224 0.000000 11.154513 0.132391 
3927 41.705261 0.000000 5.547031 92.739497 0.000000 10.988398 0.127864 
3928 41.585521 0.000000 5.547031 92.493356 -0.000000 10.703352 0.133042 
3929 41.705261 0.000000 5.659286 92.838641 0.000000 10.895445 0.126228 
3930 42.423698 0.000000 5.996051 94.664772 0.000000 10.447345 0.092943 
3931 42.423698 0.000000 5.883796 94.152594 0.000000 10.993423 0.101443 
3932 42.543437 0.000000 5.996051 94.693788 0.000000 10.428530 0.092433 
3933 41.705261 0.000000 5.771541 93.019521 0.000000 10.731956 0.123219 
3934 41.585521 0.000000 5.771541 92.880004 0.000000 10.593642 0.126108 
3935 41.705261 0.000000 5.883796 93.196392 0.000000 10.563401 0.120285 
3936 41.705261 0.000000 5.996051 93.644732 -0.000000 10.037085 0.112992 
3937 41.585521 0.000000 5.996051 93.585584 -0.000000 9.973074 0.114228 
3938 41.705261 0.000000 6.108306 93.908411 -0.000000 9.868652 0.108382 
3939 43.261874 0.000000 6.332815 97.278817 -0.965462 10.678220 0.042188 
3940 43.261874 0.000000 6.108306 96.945019 -1.094424 11.297209 0.047284 
3941 43.501353 0.000000 6.332815 97.453798 -0.985826 10.739741 0.038644 
3942 39.669689 0.000000 7.006345 93.420452 -0.000000 7.839177 0.121117 
3943 39.190731 0.000000 7.006345 93.534077 -0.000000 7.971332 0.118783 
3944 39.669689 0.000000 7.455364 93.221961 -0.000000 7.702647 0.125034 
3945 39.669689 0.000000 7.904384 92.804517 -0.000000 7.399627 0.133257 
3946 39.190731 0.000000 7.904384 92.583504 -0.000000 7.990506 0.136445 
3947 41.346042 0.000000 6.781835 94.102756 -0.000000 8.453829 0.107320 
3948 41.106563 0.000000 6.781835 93.850063 -0.000000 8.265357 0.112385 
3949 41.346042 0.000000 7.006345 94.387452 -0.000000 8.219419 0.102345 
3950 41.346042 0.000000 7.230854 94.483367 -0.000000 7.942872 0.100980 
3951 41.106563 0.000000 7.230854 94.334922 -0.000000 7.909989 0.103835 
3952 41.346042 0.000000 7.455364 94.711817 0.000000 7.607736 0.097179 
3953 41.705261 0.000000 6.220561 94.019812 -0.000000 9.754679 0.106512 
3954 41.585521 0.000000 6.220561 93.861334 -0.000000 9.529805 0.109923 
3955 41.705261 0.000000 6.332815 94.036342 -0.000000 9.606848 0.106487 
3956 41.705261 0.000000 6.445070 94.160922 -0.000000 9.546384 0.104259 
3957 41.585521 0.000000 6.445070 93.918096 -0.000000 9.332179 0.109230 
3958 41.705261 0.000000 6.557325 94.194909 -0.000000 9.351542 0.103987 
3959 42.184219 0.000000 6.669580 95.131685 0.000000 9.431247 0.086101 
3960 42.064479 0.000000 6.669580 94.987687 0.000000 9.391341 0.088914 
3961 42.184219 0.000000 6.781835 95.354909 0.000000 9.147958 0.082376 
3962 42.184219 0.000000 6.894090 95.481639 0.000000 8.990347 0.080243 
3963 42.064479 0.000000 6.894090 95.341998 -0.000000 8.953902 0.082973 
3964 42.184219 0.000000 7.006345 95.617771 -0.000000 8.924679 0.077759 
3965 42.663177 0.000000 5.996051 94.752995 0.000000 10.350760 0.091473 
3966 42.663177 0.000000 5.883796 94.311975 0.000000 10.769189 0.098928 
3967 42.782916 0.000000 5.996051 94.811643 0.000000 10.476201 0.090100 
3968 42.184219 0.000000 7.118600 95.667427 0.000000 8.869776 0.076907 
3969 42.064479 0.000000 7.118600 95.498650 -0.000000 8.777587 0.080296 
3970 42.184219 0.000000 7.230854 95.822283 0.000000 8.782974 0.074095 
3971 42.902656 0.000000 6.669580 95.813396 0.000000 9.336752 0.073262 
3972 42.902656 0.000000 6.557325 95.559556 0.000000 9.453265 0.077901 
3973 43.022395 0.000000 6.669580 95.680820 0.000000 9.475257 0.075540 
3974 20.032412 0.000000 11.945559 101.482522 0.147574 11.512213 -0.043126 
3975 18.116580 0.000000 11.945559 101.692497 -0.008989 12.118829 -0.048823 
3976 20.032412 0.000000 13.741638 101.434881 0.132421 11.928448 -0.043134 
3977 -1.999654 0.000000 -5.117183 94.746886 -0.229745 11.841526 0.088275 
3978 -2.957570 0.000000 -5.117183 95.371127 -0.217984 12.726076 0.074235 
3979 -1.999654 0.000000 -6.015222 95.709411 -0.269511 12.090720 0.069345 
3980 1.832009 0.000000 3.863208 97.266101 0.219884 18.465345 0.019829 
3981 0.874093 0.000000 3.863208 97.302521 0.263097 17.919518 0.021104 
3982 1.832009 0.000000 4.761247 97.915692 0.269728 17.949490 0.009026 
3983 4.226799 0.000000 1.618110 92.124755 -0.045593 24.607614 0.090749 
3984 3.747841 0.000000 1.618110 93.261365 -0.000588 23.307077 0.075910 
3985 4.226799 0.000000 2.067130 93.547717 -0.038092 23.759784 0.068430 
3986 4.226799 0.000000 2.516149 94.701666 -0.036838 22.959865 0.050444 
3987 3.747841 0.000000 2.516149 95.098371 -0.008855 21.928640 0.047543 
3988 4.226799 0.000000 2.965169 95.704852 0.077773 22.100389 0.035215 
3989 9.016379 0.000000 0.720071 -0.132110 -0.430450 1.445965 0.999771 
3990 9.016379 0.000000 0.271052 -0.133899 -0.431660 1.394536 0.999785 
3991 9.495337 0.000000 0.720071 0.270381 -0.009147 1.198607 0.999849 
3992 6.142631 0.000000 3.414188 96.903459 -0.080868 26.045530 -0.006866 
3993 5.663673 0.000000 3.414188 96.422481 -0.000308 24.751668 0.009006 
3994 6.142631 0.000000 3.863208 98.090697 0.034246 24.339902 -0.021422 
3995 36.795941 0.000000 5.210267 95.648543 -0.000000 6.143224 0.081362 
3996 36.316983 0.000000 5.210267 95.995468 -0.000000 6.120055 0.074742 
3997 36.795941 0.000000 5.659286 95.635644 -0.000000 6.856596 0.080681 
3998 36.795941 0.000000 6.108306 95.363558 -0.000000 7.846759 0.084422 
3999 36.316983 0.000000 6.108306 95.532264 -0.000000 7.921925 0.081083 
4000 36.795941 0.000000 6.557325 95.185110 -0.000000 8.460711 0.086821 
4001 31.766883 0.000000 4.087718 97.149829 -0.000000 6.830652 0.051525 
4002 32.006362 0.000000 4.087718 96.940871 -0.000000 6.770560 0.055663 
4003 31.766883 0.000000 4.312228 97.260101 -0.000000 6.410421 0.049938 
4004 42.303958 0.000000 2.740659 114.297539 -2.863793 1.100002 -0.307334 
4005 42.303958 0.000000 2.516149 114.294213 -2.862809 1.094965 -0.307256 
4006 42.543437 0.000000 2.740659 163.483580 2.910460 195.717863 -5.504083 
4007 38.711773 0.000000 7.006345 93.777606 -0.000000 8.097668 0.114019 
4008 38.232815 0.000000 7.006345 94.149163 -0.000000 8.308139 0.106691 
4009 38.711773 0.000000 7.455364 93.324654 -0.000000 8.452970 0.121906 
4010 38.711773 0.000000 7.904384 92.839087 -0.000000 8.657003 0.130596 
4011 38.232815 0.000000 7.904384 93.238668 -0.000000 9.320544 0.121968 
4012 40.867084 0.000000 5.883796 92.515764 -0.000000 8.615034 0.136661 
4013 40.627605 0.000000 5.883796 92.523026 -0.000000 8.445846 0.136816 
4014 40.867084 0.000000 6.108306 92.999760 -0.000000 8.550709 0.127793 
4015 40.867084 0.000000 6.332815 93.287698 -0.000000 8.548615 0.122433 
4016 40.627605 0.000000 6.332815 93.129176 0.000000 8.226805 0.125928 
4017 40.867084 0.000000 6.557325 93.430730 -0.000000 8.436499 0.119952 
4018 41.465782 0.000000 5.322521 91.911374 -0.000000 10.771944 0.143626 
4019 41.346042 0.000000 5.322521 91.800988 -0.000000 10.583067 0.146058 
4020 41.465782 0.000000 5.434776 92.217859 -0.000000 10.662543 0.138218 
4021 41.465782 0.000000 5.547031 92.340638 -0.000000 10.552554 0.136185 
4022 41.346042 0.000000 5.547031 92.267528 -0.000000 10.109609 0.138450 
4023 41.465782 0.000000 5.659286 92.529997 -0.000000 10.488400 0.132819 
4024 41.825000 0.000000 7.679874 95.656682 -0.000000 7.555767 0.079271 
4025 41.585521 0.000000 7.679874 95.299080 -0.000000 7.337715 0.086424 
4026 41.825000 0.000000 7.904384 95.659053 -0.000000 7.287859 0.079623 
4027 41.825000 0.000000 8.128893 95.722367 -0.000000 6.659104 0.079288 
4028 41.585521 0.000000 8.128893 95.327103 -0.000000 6.688764 0.086800 
4029 41.825000 0.000000 8.353403 95.989446 -0.000000 6.281289 0.074657 
4030 49.727807 0.000000 11.047520 93.736107 3.651622 41.157944 -0.049377 
4031 50.685723 0.000000 11.047520 95.005463 5.895108 36.180243 -0.036980 
4032 49.727807 0.000000 11.945559 96.599571 0.098136 21.628882 0.020070 
4033 51.643639 0.000000 11.047520 95.677046 4.563933 32.971236 -0.026203 
4034 52.601555 0.000000 11.047520 95.665774 2.509458 33.575760 -0.028557 
4035 51.643639 0.000000 11.945559 94.949726 -7.746985 33.812760 -0.021877 
4036 41.825000 0.000000 8.577913 96.269885 -0.000000 5.998958 0.069612 
4037 41.585521 0.000000 8.577913 95.391757 0.000000 5.798739 0.086679 
4038 41.825000 0.000000 8.802423 96.534653 -0.000000 5.439311 0.065147 
4039 41.825000 0.000000 9.026933 96.931785 -0.000000 4.266657 0.058602 
4040 41.585521 0.000000 9.026933 95.968358 0.000000 4.373751 0.077094 
4041 41.825000 0.000000 9.251442 97.075617 0.000000 3.960434 0.056064 
4042 69.844042 0.000000 1.169091 99.371871 -0.144783 10.637172 0.001206 
4043 69.844042 0.000000 -0.626987 99.378589 -0.129463 10.547827 0.001262 
4044 71.759874 0.000000 1.169091 99.389902 -0.138948 10.599022 0.000929 
4045 41.465782 0.000000 5.771541 92.660683 -0.000000 10.340007 0.130708 
4046 41.346042 0.000000 5.771541 92.526298 -0.000000 9.996430 0.133896 
4047 41.465782 0.000000 5.883796 92.915707 -0.000000 10.135503 0.126394 
4048 41.465782 0.000000 5.996051 93.384529 -0.000000 9.631730 0.118656 
4049 41.346042 0.000000 5.996051 93.089222 -0.000000 9.419809 0.124566 
4050 41.465782 0.000000 6.108306 93.615086 -0.000000 9.433184 0.114723 
4051 41.465782 0.000000 6.220561 93.670128 -0.000000 9.363982 0.113822 
4052 41.346042 0.000000 6.220561 93.557255 -0.000000 9.192124 0.116254 
4053 41.465782 0.000000 6.332815 93.759979 -0.000000 9.342937 0.112178 
4054 41.465782 0.000000 6.445070 93.769823 -0.000000 9.194752 0.112268 
4055 41.346042 0.000000 6.445070 93.649932 -0.000000 9.094138 0.114699 
4056 41.465782 0.000000 6.557325 93.911789 -0.000000 9.123177 0.109734 
4057 40.867084 0.000000 6.781835 93.670591 -0.000000 8.112704 0.116000 
4058 40.627605 0.000000 6.781835 93.549342 0.000000 7.970070 0.118500 
4059 40.867084 0.000000 7.006345 93.897473 0.000000 7.956666 0.111996 
4060 40.867084 0.000000 7.230854 93.910746 0.000000 7.745826 0.112077 
4061 40.627605 0.000000 7.230854 93.837008 0.000000 7.717703 0.113505 
4062 40.867084 0.000000 7.455364 94.091461 0.000000 7.396803 0.109208 
4063 41.944740 0.000000 6.669580 94.721648 -0.000000 9.250158 0.094224 
4064 41.825000 0.000000 6.669580 94.652208 -0.000000 9.186947 0.095656 
4065 41.944740 0.000000 6.781835 95.024335 -0.000000 9.018161 0.088905 
4066 41.944740 0.000000 6.894090 95.186300 -0.000000 8.839438 0.086143 
4067 41.825000 0.000000 6.894090 95.013592 -0.000000 8.744312 0.089595 
4068 41.944740 0.000000 7.006345 95.270865 -0.000000 8.753317 0.084684 
4069 41.944740 0.000000 7.118600 95.383626 -0.000000 8.713864 0.082603 
4070 41.825000 0.000000 7.118600 95.151671 -0.000000 8.577502 0.087259 
4071 41.944740 0.000000 7.230854 95.436068 -0.000000 8.573196 0.081846 
4072 4.705757 0.000000 8.353403 100.181766 -0.005860 16.574995 -0.031112 
4073 2.789925 0.000000 8.353403 99.404540 -0.015594 16.202496 -0.014378 
4074 4.705757 0.000000 10.149481 100.033527 0.023674 15.624693 -0.025084 
4075 0.874093 0.000000 8.353403 98.986138 0.046592 15.865394 -0.004997 
4076 -1.041739 0.000000 8.353403 98.682578 -0.372860 15.699039 0.001515 
4077 0.874093 0.000000 10.149481 99.208493 0.171569 15.524311 -0.008336 
4078 -2.957570 0.000000 8.353403 98.693765 -0.244203 15.572088 0.001699 
4079 -4.873402 0.000000 8.353403 98.732529 0.038652 15.222077 0.002017 
4080 -2.957570 0.000000 10.149481 98.961909 -0.059920 15.279288 -0.002692 
4081 -0.562781 0.000000 -0.177968 90.296965 0.138721 22.556911 0.133762 
4082 -1.041739 0.000000 -0.177968 90.809456 0.135268 20.227811 0.134446 
4083 -0.562781 0.000000 0.271052 92.225322 0.142051 21.133234 0.104786 
4084 0.395135 0.000000 0.720071 93.905639 0.020308 21.857213 0.070399 
4085 -0.083823 0.000000 0.720071 93.611194 0.077695 21.023257 0.079496 
4086 0.395135 0.000000 1.169091 94.559067 0.014635 20.664611 0.063156 
4087 -0.562781 0.000000 0.720071 93.501778 0.140885 20.119323 0.085261 
4088 -1.041739 0.000000 0.720071 93.673657 0.090527 19.041445 0.086266 
4089 -0.562781 0.000000 1.169091 94.407011 0.103115 19.265058 0.071616 
4090 3.268883 0.000000 -3.770124 99.858173 -0.188924 4.889744 0.000440 
4091 2.789925 0.000000 -3.770124 100.154742 -0.145438 3.841696 -0.004575 
4092 3.268883 0.000000 -4.219143 99.059329 -0.194115 6.005054 0.015115 
4093 8.058463 0.000000 -0.177968 -0.518351 -0.264048 1.809240 0.999639 
4094 8.537421 0.000000 -0.177968 -0.264505 -0.322052 1.567523 0.999737 
4095 9.974295 0.000000 -1.076007 0.650848 0.080675 1.918643 0.999589 
4096 10.453253 0.000000 -1.076007 1.246078 0.072551 1.866922 0.999496 
4097 9.974295 0.000000 -0.626987 0.898506 0.137562 1.765972 0.999606 
4098 10.932211 0.000000 -1.076007 2.072624 0.146588 1.327378 0.999392 
4099 11.411169 0.000000 -1.076007 2.461696 0.083748 1.184589 0.999253 
4100 10.932211 0.000000 -0.626987 2.188354 0.248967 1.133765 0.999386 
4101 20.990328 0.000000 5.659286 102.440544 0.254767 6.701815 -0.053904 
4102 20.032412 0.000000 5.659286 102.347207 0.222165 6.781675 -0.052099 
4103 20.990328 0.000000 6.557325 102.299055 0.176982 7.788632 -0.052579 
4104 19.074496 0.000000 5.659286 102.591364 0.320251 6.942608 -0.057329 
4105 18.116580 0.000000 5.659286 102.814495 0.105149 7.000273 -0.061984 
4106 19.074496 0.000000 6.557325 102.575446 0.213768 8.188389 -0.058882 
4107 32.485320 0.000000 -5.117183 97.764655 -0.024496 13.356190 0.026368 
4108 32.485320 0.000000 -6.015222 97.914428 0.038740 13.147363 0.023991 
4109 33.443236 0.000000 -5.117183 97.748352 -0.003051 13.547245 0.026173 
4110 30.808967 0.000000 2.291640 102.785504 0.116873 1.059417 -0.056600 
4111 30.569488 0.000000 2.291640 101.905541 0.097212 2.437298 -0.039069 
4112 30.808967 0.000000 2.067130 100.730077 0.118999 -1.086465 -0.014774 
4113 32.245841 0.000000 3.638698 97.410828 0.000000 3.740975 0.049714 
4114 32.485320 0.000000 3.638698 97.312920 0.000000 3.508179 0.051789 
4115 32.245841 0.000000 3.863208 97.215633 0.000000 4.902927 0.052508 
4116 34.880110 0.000000 0.720071 83.589302 0.185116 13.634910 0.282688 
4117 34.401152 0.000000 0.720071 80.119136 0.269375 12.205692 0.343187 
4118 34.880110 0.000000 0.271052 81.572303 0.125762 19.695593 0.295803 
4119 33.922194 0.000000 0.720071 76.963415 0.112762 10.779847 0.396041 
4120 33.443236 0.000000 0.720071 74.210352 -0.028142 9.346239 0.440547 
4121 33.922194 0.000000 0.271052 75.435340 0.089308 15.282893 0.407593 
4122 34.880110 0.000000 4.312228 97.127384 -0.000000 4.293242 0.054784 
4123 34.880110 0.000000 4.761247 96.382803 0.000000 6.227315 0.067158 
4124 35.838025 0.000000 -0.177968 95.038897 0.346623 26.156848 0.028331 
4125 35.359068 0.000000 -0.177968 82.602591 0.011781 28.281863 0.237695 
4126 35.838025 0.000000 -0.626987 95.590823 0.260403 25.745161 0.019951 
4127 38.711773 0.000000 0.720071 139.756258 -0.042590 42.327213 -1.132341 
4128 39.190731 0.000000 0.720071 90.503612 0.475104 25.466929 0.116031 
4129 39.669689 0.000000 0.720071 89.246513 0.632598 24.952233 0.141205 
4130 39.669689 0.000000 0.271052 89.777323 0.580167 25.145057 0.130742 
4131 43.980311 0.000000 -3.321104 97.544469 -0.129170 8.842318 0.040687 
4132 43.980311 0.000000 -4.219143 97.488474 -0.054570 9.548051 0.040483 
4133 44.938227 0.000000 -3.321104 98.141412 -0.099458 8.815480 0.029054 
4134 41.825000 0.000000 2.291640 112.447245 -2.303344 1.009921 -0.265071 
4135 41.825000 0.000000 2.067130 515.614659 0.109835 27.665965 -25.662389 
4136 42.064479 0.000000 2.291640 114.290270 -2.861642 1.088993 -0.307164 
4137 43.022395 0.000000 15.537716 100.098162 0.127470 9.843647 -0.011656 
4138 41.106563 0.000000 15.537716 100.470399 0.147147 10.144910 -0.019724 
4139 43.022395 0.000000 17.333794 99.967627 0.162489 10.596302 -0.010583 
4140 39.190731 0.000000 15.537716 100.575797 0.128476 10.640488 -0.022873 
4141 37.274899 0.000000 15.537716 100.493927 0.083370 11.063535 -0.022144 
4142 39.190731 0.000000 17.333794 100.238262 0.115430 11.116519 -0.017130 
4143 44.459269 0.000000 7.006345 98.215238 -1.296273 10.269856 0.024662 
4144 44.938227 0.000000 7.006345 98.617862 -1.222665 10.181213 0.016937 
4145 43.740832 0.000000 8.577913 101.737735 0.000000 9.259596 -0.043631 
4146 43.740832 0.000000 8.353403 100.593787 0.000000 8.983548 -0.019981 
4147 43.980311 0.000000 8.577913 101.818903 0.000000 9.419892 -0.045582 
4148 25.779908 0.000000 20.925950 100.109692 -0.000924 12.457422 -0.017714 
4149 21.948244 0.000000 20.925950 100.251569 -0.039815 12.758097 -0.021315 
4150 25.779908 0.000000 24.518106 99.892055 -0.033437 12.807537 -0.014246 
4151 35.359068 0.000000 15.537716 100.214144 0.079409 11.313365 -0.017087 
4152 33.443236 0.000000 15.537716 100.093352 0.070202 11.340197 -0.014728 
4153 35.359068 0.000000 17.333794 100.155137 0.041438 11.535137 -0.016411 
4154 31.527404 0.000000 15.537716 100.130920 0.050202 11.342875 -0.015486 
4155 29.611572 0.000000 15.537716 100.382600 0.033651 11.273653 -0.020376 
4156 31.527404 0.000000 17.333794 100.124107 0.109288 11.702478 -0.016180 
4157 27.695740 0.000000 15.537716 100.678574 0.013958 11.335128 -0.026466 
4158 25.779908 0.000000 15.537716 100.906643 0.008863 11.460413 -0.031349 
4159 27.695740 0.000000 17.333794 100.405565 0.111913 11.820351 -0.022101 
4160 23.864076 0.000000 15.537716 100.956725 0.065370 11.651421 -0.032802 
4161 21.948244 0.000000 15.537716 101.098976 0.034902 11.979416 -0.036451 
4162 23.864076 0.000000 17.333794 100.710441 0.009120 12.042623 -0.028762 
4163 28.893135 0.000000 4.087718 95.978133 -0.000000 8.504078 0.071588 
4164 28.653656 0.000000 4.087718 96.770205 0.033800 7.223839 0.058334 
4165 28.893135 0.000000 4.312228 95.722870 -0.000000 3.222231 0.082675 
4166 32.485320 0.000000 7.455364 98.692241 0.305410 7.982238 0.019603 
4167 31.527404 0.000000 7.455364 98.892227 -0.007078 7.691101 0.016117 
4168 32.485320 0.000000 8.353403 98.991631 0.272826 8.586122 0.012686 
4169 32.485320 0.000000 9.251442 99.222901 0.352646 9.172742 0.007055 
4170 31.527404 0.000000 9.251442 99.664424 0.110349 8.905820 -0.001232 
4171 32.485320 0.000000 10.149481 99.462829 0.429843 9.815581 0.001062 
4172 30.330009 0.000000 2.291640 99.947254 0.106498 2.314678 0.000518 
4173 30.330009 0.000000 2.067130 101.304349 0.166538 -0.552013 -0.026290 
4174 41.825000 0.000000 9.475952 97.381898 -0.011307 2.980220 0.050788 
4175 41.585521 0.000000 9.475952 97.109131 -0.014626 3.036191 0.056060 
4176 41.825000 0.000000 9.700462 98.532809 -0.067828 1.584083 0.028877 
4177 41.825000 0.000000 9.924972 98.925539 -0.086806 1.055090 0.021262 
4178 41.585521 0.000000 9.924972 98.740627 -0.076652 1.030477 0.024922 
4179 41.825000 0.000000 10.149481 98.961793 -0.095982 1.011068 0.020553 
4180 37.753857 0.000000 8.802423 93.107233 0.000000 12.968180 0.116287 
4181 37.274899 0.000000 8.802423 93.715147 0.000000 13.545484 0.103399 
4182 37.753857 0.000000 8.353403 93.210779 0.000000 11.419665 0.118134 
4183 47.333017 0.000000 2.516149 101.029700 0.355083 10.257532 -0.031234 
4184 46.854059 0.000000 2.516149 101.791543 0.237130 10.363936 -0.046899 
4185 47.333017 0.000000 2.067130 101.187287 3.663377 8.992107 -0.033315 
4186 50.685723 0.000000 -6.015222 98.912936 -0.131040 10.617800 0.010348 
4187 50.685723 0.000000 -7.811300 98.833785 -0.124263 10.965138 0.011163 
4188 52.601555 0.000000 -6.015222 99.034445 -0.134502 10.765139 0.007627 
4189 45.896143 0.000000 -3.321104 98.707084 -0.046828 9.208872 0.017211 
4190 45.896143 0.000000 -4.219143 98.499685 -0.059580 9.726358 0.020321 
4191 46.854059 0.000000 -3.321104 98.938701 -0.069604 9.568625 0.011957 
4192 47.811975 0.000000 -1.525026 99.558776 -0.087315 9.722903 -0.000649 
4193 47.811975 0.000000 -2.423065 99.246794 -0.034618 9.722173 0.005555 
4194 48.769891 0.000000 -1.525026 99.415037 -0.088600 9.945448 0.001773 
4195 50.206765 0.000000 4.312228 99.558891 0.770324 9.612603 -0.000497 
4196 50.685723 0.000000 4.312228 99.496156 0.566385 9.609804 0.000785 
4197 50.206765 0.000000 4.761247 99.482154 -0.630126 9.789890 0.000706 
4198 50.206765 0.000000 5.210267 99.492195 -0.334846 9.400197 0.001283 
4199 50.685723 0.000000 5.210267 99.455371 -0.697912 9.451771 0.001881 
4200 50.206765 0.000000 5.659286 99.453296 -1.041237 9.530879 0.001712 
4201 66.012378 0.000000 -2.423065 99.339787 -0.061481 10.705984 0.001698 
4202 66.012378 0.000000 -4.219143 99.298169 -0.042334 10.920819 0.002061 
4203 67.928210 0.000000 -2.423065 99.342092 -0.084360 10.697258 0.001671 
4204 66.970294 0.000000 7.455364 99.514024 -1.007938 9.541623 0.000490 
4205 66.970294 0.000000 6.557325 99.408863 1.426693 10.286155 0.001004 
4206 67.928210 0.000000 7.455364 99.519045 -1.083392 9.585018 0.000291 
4207 42.782916 0.000000 4.536737 94.760102 -1.246501 19.764491 0.062833 
4208 42.782916 0.000000 4.312228 94.698990 0.586457 22.707740 0.051612 
4209 43.022395 0.000000 4.536737 96.434558 -1.501192 19.627373 0.031289 
4210 42.184219 0.000000 4.873502 90.734427 0.000000 12.908412 0.160064 
4211 42.184219 0.000000 4.761247 90.460291 0.000000 13.023233 0.164733 
4212 42.303958 0.000000 4.873502 91.262395 0.000000 12.759712 0.150836 
4213 51.164681 0.000000 5.210267 99.431068 -0.958621 9.449569 0.002325 
4214 51.164681 0.000000 4.761247 98.762878 -1.949145 14.427152 0.003395 
4215 51.164681 0.000000 5.659286 99.428879 -1.118567 9.401995 0.002425 
4216 51.164681 0.000000 6.108306 99.411428 -1.049461 9.336103 0.002910 
4217 50.685723 0.000000 6.108306 99.420950 -1.043186 9.321843 0.002749 
4218 51.164681 0.000000 6.557325 99.378667 -0.893284 9.460615 0.003358 
4219 51.164681 0.000000 4.312228 99.460259 0.497134 9.547854 0.001625 
4220 51.164681 0.000000 3.863208 99.461384 0.173978 9.652044 0.001424 
4221 51.643639 0.000000 4.312228 99.434009 0.434734 9.566786 0.002117 
4222 42.423698 0.000000 5.771541 93.840894 0.000000 11.192431 0.106862 
4223 42.423698 0.000000 5.659286 93.685993 0.000000 11.300746 0.109523 
4224 42.543437 0.000000 5.771541 94.004749 0.000000 11.081375 0.104031 
4225 43.261874 0.000000 5.883796 96.801969 -1.308990 11.956926 0.048470 
4226 43.261874 0.000000 5.659286 96.773812 -0.474875 12.770957 0.047151 
4227 43.501353 0.000000 5.883796 97.302726 -1.394556 11.931889 0.038786 
4228 42.902656 0.000000 6.445070 95.552449 0.000000 9.452064 0.078039 
4229 42.902656 0.000000 6.332815 95.359744 0.000000 9.876142 0.080898 
4230 43.022395 0.000000 6.445070 95.679120 0.000000 9.475039 0.075573 
4231 42.663177 0.000000 5.771541 94.305842 0.000000 10.765011 0.099052 
4232 42.663177 0.000000 5.659286 94.440876 0.000000 10.860931 0.096296 
4233 42.782916 0.000000 5.771541 94.441241 0.000000 10.861148 0.096289 
4234 43.740832 0.000000 8.128893 98.210776 0.000000 8.418465 0.028377 
4235 43.740832 0.000000 7.904384 98.210776 0.000000 8.418465 0.028377 
4236 43.980311 0.000000 8.128893 99.030131 -1.228239 10.147378 0.008856 
4237 53.559471 0.000000 11.047520 94.855586 6.121841 36.879318 -0.039514 
4238 54.517386 0.000000 11.047520 96.524734 6.000848 26.491264 -0.005482 
4239 53.559471 0.000000 11.945559 94.224450 0.976994 39.528038 -0.044167 
4240 18.116580 0.000000 20.925950 100.478335 0.026853 13.097725 -0.026745 
4241 14.284917 0.000000 20.925950 100.334634 -0.031551 13.491166 -0.024905 
4242 18.116580 0.000000 24.518106 100.030535 -0.047590 13.314414 -0.018338 
4243 16.200749 0.000000 11.945559 101.903033 -0.126611 12.689430 -0.054527 
4244 14.284917 0.000000 11.945559 101.900702 -0.174150 13.252401 -0.055941 
4245 16.200749 0.000000 13.741638 101.436866 -0.180275 12.956212 -0.045733 
4246 20.032412 0.000000 15.537716 101.055106 0.074454 12.298907 -0.036340 
4247 18.116580 0.000000 15.537716 101.125315 0.050452 12.613554 -0.038543 
4248 20.032412 0.000000 17.333794 100.697258 0.059512 12.509074 -0.029642 
4249 16.200749 0.000000 15.537716 101.132363 0.069937 13.006714 -0.039693 
4250 14.284917 0.000000 15.537716 101.006175 0.013011 13.314106 -0.037951 
4251 16.200749 0.000000 17.333794 100.744894 0.074407 13.074123 -0.032047 
4252 12.369085 0.000000 11.945559 101.658728 -0.150491 13.828377 -0.052574 
4253 10.453253 0.000000 11.945559 101.281700 -0.030030 14.453232 -0.046688 
4254 12.369085 0.000000 13.741638 101.169507 -0.189880 13.747331 -0.042429 
4255 10.453253 0.000000 20.925950 100.242940 0.088656 13.871786 -0.024108 
4256 6.621589 0.000000 20.925950 99.951232 -0.054949 14.120277 -0.018963 
4257 10.453253 0.000000 24.518106 99.964788 0.021346 13.813092 -0.018376 
4258 12.369085 0.000000 15.537716 100.777622 -0.027710 13.615947 -0.034152 
4259 10.453253 0.000000 15.537716 100.610519 -0.065184 13.906547 -0.031587 
4260 12.369085 0.000000 17.333794 100.643209 0.089169 13.643332 -0.031520 
4261 34.401152 0.000000 -5.117183 97.581749 0.204208 13.691534 0.029030 
4262 34.401152 0.000000 -6.015222 97.651984 0.160475 13.244958 0.028864 
4263 35.359068 0.000000 -5.117183 97.351032 0.185935 13.603419 0.033769 
4264 -0.083823 0.000000 3.863208 97.288025 0.174745 17.414472 0.023175 
4265 -1.041739 0.000000 3.863208 97.361198 0.057366 17.080070 0.022907 
4266 -0.083823 0.000000 4.761247 97.851300 0.201656 16.940672 0.013810 
4267 -1.999654 0.000000 3.863208 97.414030 -0.096600 16.515677 0.023773 
4268 -2.957570 0.000000 3.863208 97.448075 -0.265966 16.375727 0.023564 
4269 -1.999654 0.000000 4.761247 97.806001 0.032583 16.245382 0.017007 
4270 3.268883 0.000000 1.618110 94.029226 0.049033 22.458019 0.065414 
4271 2.789925 0.000000 1.618110 94.566329 0.123889 21.854590 0.057957 
4272 3.268883 0.000000 2.067130 94.722989 0.012325 21.751435 0.055443 
4273 3.268883 0.000000 2.516149 95.279204 -0.070241 21.167570 0.047380 
4274 2.789925 0.000000 2.516149 95.571925 -0.074862 20.564106 0.044312 
4275 3.268883 0.000000 2.965169 95.991509 -0.059436 20.583180 0.036196 
4276 9.016379 0.000000 -0.177968 -0.028806 -0.272800 1.695352 0.999705 
4277 9.495337 0.000000 -0.177968 0.401072 0.010977 1.384906 0.999792 
4278 9.974295 0.000000 -0.177968 0.911870 0.139182 1.695474 0.999627 
4279 10.453253 0.000000 -0.177968 1.766657 0.092488 0.955437 0.999596 
4280 9.974295 0.000000 0.271052 0.937279 0.121318 1.509899 0.999683 
4281 9.974295 0.000000 0.720071 1.145254 0.123818 0.836120 0.999797 
4282 10.453253 0.000000 0.720071 1.587024 0.126225 0.667714 0.999702 
4283 5.184715 0.000000 3.414188 96.380826 0.127365 23.624229 0.015262 
4284 4.705757 0.000000 3.414188 96.333085 -0.004266 22.508300 0.021331 
4285 5.184715 0.000000 3.863208 97.338336 -0.008030 22.576069 0.001557 
4286 10.932211 0.000000 -0.177968 2.156515 0.289517 0.943089 0.999438 
4287 11.411169 0.000000 -0.177968 2.541995 0.068885 0.734198 0.999299 
4288 10.932211 0.000000 0.271052 2.108128 0.264781 0.719712 0.999497 
4289 10.932211 0.000000 0.720071 1.944503 0.155707 0.587736 0.999585 
4290 11.411169 0.000000 0.720071 2.193723 0.234476 0.463208 0.999492 
4291 28.414177 0.000000 4.087718 93.849771 0.051676 8.129966 0.112612 
4292 28.174698 0.000000 4.087718 93.845970 0.052871 7.938114 0.112992 
4293 28.414177 0.000000 4.312228 98.760382 0.499036 2.854211 0.023799 
4294 35.838025 0.000000 5.210267 96.112144 -0.000000 6.461192 0.072071 
4295 35.359068 0.000000 5.210267 96.039833 0.000000 6.823927 0.072978 
4296 35.838025 0.000000 5.659286 95.945888 -0.000000 7.163066 0.074308 
4297 35.838025 0.000000 6.108306 95.473662 0.000000 8.272759 0.081634 
4298 35.359068 0.000000 6.108306 95.236374 0.000000 8.580581 0.085641 
4299 35.838025 0.000000 6.557325 94.998043 0.000000 9.157938 0.089150 
4300 34.880110 0.000000 5.210267 95.950787 0.000000 6.984244 0.074467 
4301 34.401152 0.000000 5.210267 95.576994 0.000000 7.512533 0.080860 
4302 34.880110 0.000000 5.659286 95.433366 0.000000 7.924445 0.082968 
4303 34.880110 0.000000 6.108306 94.840012 0.000000 8.802008 0.092790 
4304 34.401152 0.000000 6.108306 95.010677 0.000000 8.403687 0.090235 
4305 34.880110 0.000000 6.557325 94.788621 0.000000 9.208561 0.093032 
4306 32.245841 0.000000 4.087718 97.006055 0.000000 5.873166 0.055533 
4307 32.485320 0.000000 4.087718 97.042409 0.000000 5.285183 0.055484 
4308 32.245841 0.000000 4.312228 96.954573 0.000000 6.018967 0.056358 
4309 54.517386 0.000000 -6.015222 99.125366 -0.037190 10.895139 0.005546 
4310 54.517386 0.000000 -7.811300 99.071338 -0.029166 11.187688 0.005970 
4311 56.433218 0.000000 -6.015222 99.158626 -0.058029 10.963531 0.004736 
4312 42.303958 0.000000 2.291640 557.783763 0.464193 142.933252 -32.155286 
4313 42.303958 0.000000 2.067130 516.605027 0.392300 75.849775 -26.263410 
4314 42.543437 0.000000 2.291640 383.943411 0.569863 143.203445 -15.792009 
4315 37.753857 0.000000 7.006345 94.517653 -0.000000 8.577254 0.099284 
4316 37.274899 0.000000 7.006345 94.788201 -0.000000 8.889530 0.093617 
4317 37.753857 0.000000 7.455364 94.180296 -0.000000 9.232846 0.104483 
4318 37.753857 0.000000 7.904384 93.745046 -0.000000 9.855194 0.111474 
4319 37.274899 0.000000 7.904384 94.306173 0.000000 10.520650 0.099566 
4320 41.346042 0.000000 7.679874 94.839739 0.000000 7.214017 0.095338 
4321 41.106563 0.000000 7.679874 94.419703 0.000000 7.051251 0.103520 
4322 41.346042 0.000000 7.904384 94.845896 0.000000 7.089293 0.095400 
4323 41.346042 0.000000 8.128893 94.818218 0.000000 6.363790 0.096901 
4324 41.106563 0.000000 8.128893 94.332175 0.000000 6.453541 0.105979 
4325 41.346042 0.000000 8.353403 94.851338 0.000000 5.846124 0.096905 
4326 41.346042 0.000000 8.577913 95.054901 0.000000 5.661275 0.093252 
4327 41.106563 0.000000 8.577913 94.481303 -0.000000 5.690784 0.104090 
4328 41.346042 0.000000 8.802423 95.241652 0.000000 5.090300 0.090312 
4329 41.346042 0.000000 9.026933 95.567922 -0.000000 4.107783 0.084990 
4330 41.106563 0.000000 9.026933 94.921211 -0.000000 4.127732 0.097293 
4331 41.346042 0.000000 9.251442 95.604319 -0.000000 3.650736 0.084649 
4332 32.485320 0.000000 11.047520 99.958791 0.118222 9.845328 -0.008870 
4333 31.527404 0.000000 11.047520 99.912752 0.193558 9.795837 -0.007855 
4334 32.485320 0.000000 11.945559 100.042038 0.094405 10.250767 -0.011350 
4335 41.825000 0.000000 10.373991 98.393337 -0.069864 1.286459 0.031709 
4336 41.585521 0.000000 10.373991 99.359491 -0.080119 0.681620 0.012722 
4337 41.825000 0.000000 10.598501 99.893792 0.100108 3.745560 0.000719 
4338 36.795941 0.000000 7.006345 94.904710 0.000000 9.301978 0.090657 
4339 36.316983 0.000000 7.006345 94.868113 0.000000 9.673416 0.090647 
4340 36.795941 0.000000 7.455364 94.711615 0.000000 10.187387 0.092593 
4341 36.795941 0.000000 7.904384 94.433685 0.000000 10.996987 0.096135 
4342 36.316983 0.000000 7.904384 94.246306 0.000000 11.226618 0.099160 
4343 36.795941 0.000000 8.353403 94.027266 0.000000 12.151896 0.101120 
4344 69.844042 0.000000 -2.423065 99.349226 -0.121997 10.717572 0.001485 
4345 69.844042 0.000000 -4.219143 99.308922 -0.116648 10.968951 0.001741 
4346 71.759874 0.000000 -2.423065 99.356962 -0.118830 10.756761 0.001247 
4347 42.184219 0.000000 4.648992 89.966452 0.000000 13.408008 0.172626 
4348 42.184219 0.000000 4.536737 89.214177 0.000000 13.759043 0.185152 
4349 42.303958 0.000000 4.648992 90.103766 0.000000 13.348873 0.170312 
4350 43.261874 0.000000 5.434776 96.812818 -0.966618 13.538373 0.044306 
4351 43.261874 0.000000 5.210267 96.871034 -1.307197 14.725481 0.039745 
4352 43.501353 0.000000 5.434776 97.433090 -0.990701 13.454983 0.032477 
4353 40.867084 0.000000 7.679874 94.090457 0.000000 7.123653 0.109624 
4354 40.627605 0.000000 7.679874 93.768985 -0.000000 7.034991 0.115789 
4355 40.867084 0.000000 7.904384 94.117161 0.000000 6.811029 0.109557 
4356 40.867084 0.000000 8.128893 93.972643 -0.000000 6.363811 0.112864 
4357 40.627605 0.000000 8.128893 93.615357 -0.000000 6.284433 0.119667 
4358 40.867084 0.000000 8.353403 93.924016 -0.000000 5.835494 0.114423 
4359 41.705261 0.000000 6.669580 94.383157 -0.000000 9.046924 0.100997 
4360 41.585521 0.000000 6.669580 94.178636 -0.000000 8.835241 0.105232 
4361 41.705261 0.000000 6.781835 94.676696 -0.000000 8.713181 0.096040 
4362 41.705261 0.000000 6.894090 94.819890 -0.000000 8.632991 0.093466 
4363 41.585521 0.000000 6.894090 94.600620 -0.000000 8.536504 0.097785 
4364 41.705261 0.000000 7.006345 94.881239 -0.000000 8.570538 0.092410 
4365 41.705261 0.000000 7.118600 94.896381 -0.000000 8.464899 0.092302 
4366 41.585521 0.000000 7.118600 94.782737 -0.000000 8.402011 0.094564 
4367 41.705261 0.000000 7.230854 95.032448 -0.000000 8.401365 0.089825 
4368 2.310967 0.000000 1.618110 94.955772 -0.063828 21.385641 0.052605 
4369 1.832009 0.000000 1.618110 95.190902 0.006379 20.931870 0.050055 
4370 2.310967 0.000000 2.067130 95.297425 0.046650 20.695113 0.049011 
4371 2.310967 0.000000 2.516149 95.783078 0.050097 20.126910 0.042051 
4372 1.832009 0.000000 2.516149 95.915351 0.095365 19.712665 0.041165 
4373 2.310967 0.000000 2.965169 96.173216 -0.098101 19.682960 0.036328 
4374 4.226799 0.000000 3.414188 96.443760 0.093263 21.386916 0.024119 
4375 3.747841 0.000000 3.414188 96.555924 0.091791 20.583294 0.025327 
4376 4.226799 0.000000 3.863208 97.051428 0.032718 20.733693 0.015113 
4377 41.465782 0.000000 6.669580 94.065350 -0.000000 8.841146 0.107354 
4378 41.346042 0.000000 6.669580 93.945655 -0.000000 8.648739 0.109941 
4379 41.465782 0.000000 6.781835 94.400012 -0.000000 8.579557 0.101503 
4380 41.465782 0.000000 6.894090 94.436895 -0.000000 8.421916 0.101074 
4381 41.346042 0.000000 6.894090 94.329336 -0.000000 8.275639 0.103349 
4382 41.465782 0.000000 7.006345 94.450808 -0.000000 8.229320 0.101132 
4383 41.465782 0.000000 7.118600 94.471107 -0.000000 8.196788 0.100802 
4384 41.346042 0.000000 7.118600 94.426241 -0.000000 8.170992 0.101692 
4385 41.465782 0.000000 7.230854 94.614209 -0.000000 8.143817 0.098183 
1 11 78 76 77 
2 78 10 24 76 
3 76 24 14 79 
4 77 76 79 6 
5 24 82 80 81 
6 82 23 40 80 
7 80 40 27 83 
8 81 80 83 14 
9 40 86 84 85 
10 85 84 87 27 
11 12 106 104 105 
12 106 7 107 104 
13 104 107 13 25 
14 105 104 25 10 
15 25 110 108 109 
16 110 13 111 108 
17 108 111 26 41 
18 109 108 41 23 
19 41 114 112 113 
20 114 26 115 112 
21 112 115 42 57 
22 113 112 57 39 
23 57 118 116 117 
24 118 42 119 116 
25 116 119 58 73 
26 117 116 73 55 
27 55 122 120 121 
28 122 73 123 120 
29 73 138 137 123 
30 138 58 139 137 
31 120 142 140 141 
32 142 123 143 140 
33 123 154 153 143 
34 154 137 155 153 
35 71 157 156 151 
36 157 145 158 156 
37 156 158 144 159 
38 151 156 159 135 
39 145 172 171 158 
40 172 129 173 171 
41 171 173 146 174 
42 158 171 174 144 
43 7 176 175 107 
44 176 16 177 175 
45 175 177 15 32 
46 107 175 32 13 
47 13 179 178 111 
48 179 32 180 178 
49 178 180 31 48 
50 111 178 48 26 
51 26 182 181 115 
52 182 48 183 181 
53 181 183 47 64 
54 115 181 64 42 
55 42 185 184 119 
56 185 64 186 184 
57 184 186 63 125 
58 119 184 125 58 
59 58 188 187 139 
60 188 125 189 187 
61 137 191 190 155 
62 191 139 192 190 
63 129 194 193 173 
64 194 168 195 193 
65 193 195 167 196 
66 173 193 196 146 
67 168 202 201 195 
68 202 74 203 201 
69 201 203 169 204 
70 195 201 204 167 
71 139 206 205 192 
72 206 187 207 205 
73 209 198 210 208 
74 208 210 197 211 
75 203 208 211 169 
76 192 214 212 213 
77 214 205 215 212 
78 212 215 198 209 
79 213 212 209 74 
80 74 218 216 217 
81 218 209 219 216 
82 216 219 208 220 
83 217 216 220 203 
84 15 222 221 33 
85 222 17 223 221 
86 221 223 8 224 
87 33 221 224 18 
88 226 33 227 225 
89 225 227 18 228 
90 198 246 245 210 
91 246 164 247 245 
92 245 247 199 248 
93 210 245 248 197 
94 125 250 249 189 
95 250 63 251 249 
96 187 253 252 207 
97 253 189 254 252 
98 164 256 255 247 
99 256 242 257 255 
100 255 257 241 258 
101 199 258 267 268 
102 258 241 269 267 
103 267 269 244 270 
104 268 267 270 163 
105 247 273 271 272 
106 273 255 274 271 
107 271 274 258 275 
108 272 271 275 199 
109 6 79 276 277 
110 79 14 36 276 
111 276 36 19 278 
112 277 276 278 20 
113 14 83 279 280 
114 83 27 52 279 
115 279 52 35 281 
116 280 279 281 36 
117 27 87 282 283 
118 283 282 284 52 
119 84 294 292 293 
120 294 56 89 292 
121 292 89 43 295 
122 293 292 295 87 
123 89 298 296 297 
124 297 296 299 43 
125 39 302 300 301 
126 302 57 117 300 
127 300 117 55 90 
128 301 300 90 56 
129 90 305 303 304 
130 305 55 121 303 
131 56 313 311 312 
132 313 90 304 311 
133 312 311 298 89 
134 298 316 314 315 
135 315 314 317 296 
136 87 295 331 332 
137 295 43 286 331 
138 331 286 68 333 
139 332 331 333 282 
140 43 299 334 335 
141 335 334 336 286 
142 296 317 337 338 
143 338 337 339 299 
144 314 342 340 341 
145 342 307 327 340 
146 340 327 289 343 
147 341 340 343 317 
148 304 346 344 345 
149 346 303 347 344 
150 88 350 348 349 
151 350 308 351 348 
152 307 354 352 353 
153 354 328 355 352 
154 353 352 356 327 
155 328 366 365 355 
156 366 306 367 365 
157 365 367 329 368 
158 355 365 368 326 
159 327 356 373 374 
160 356 326 375 373 
161 373 375 330 376 
162 374 373 376 289 
163 352 379 377 378 
164 379 355 380 377 
165 377 380 326 381 
166 378 377 381 356 
167 308 383 382 351 
168 383 290 384 382 
169 348 387 385 386 
170 387 351 388 385 
171 385 388 306 366 
172 386 385 366 328 
173 326 368 389 375 
174 368 329 390 389 
175 389 390 310 391 
176 375 389 391 330 
177 351 393 392 388 
178 393 382 394 392 
179 392 394 362 395 
180 388 392 395 306 
181 329 403 402 390 
182 403 361 404 402 
183 402 404 364 405 
184 390 402 405 310 
185 303 407 406 347 
186 407 121 408 406 
187 382 414 413 394 
188 414 384 415 413 
189 413 415 309 416 
190 394 413 416 362 
191 364 423 421 422 
192 423 288 424 421 
193 421 424 400 425 
194 422 421 425 399 
195 409 437 435 436 
196 437 411 438 435 
197 435 438 357 439 
198 436 435 439 412 
199 418 452 450 451 
200 452 360 453 450 
201 450 453 419 454 
202 451 450 454 417 
203 455 457 320 458 
204 456 455 458 318 
205 419 465 463 464 
206 465 446 466 463 
207 463 466 449 467 
208 464 463 467 396 
209 121 469 468 408 
210 469 120 141 468 
211 478 431 479 476 
212 476 479 359 480 
213 477 476 480 432 
214 411 482 481 438 
215 482 429 477 481 
216 481 477 432 483 
217 438 481 483 357 
218 406 486 484 485 
219 486 408 487 484 
220 484 487 72 430 
221 485 484 430 358 
222 430 490 488 489 
223 490 72 491 488 
224 488 491 431 478 
225 489 488 478 429 
226 429 494 492 493 
227 494 478 495 492 
228 492 495 476 496 
229 493 492 496 477 
230 446 502 501 466 
231 502 448 503 501 
232 501 503 397 504 
233 505 506 440 507 
234 457 505 507 320 
235 449 504 511 512 
236 504 397 513 511 
237 511 513 461 514 
238 512 511 514 459 
239 466 517 515 516 
240 517 501 518 515 
241 515 518 504 519 
242 516 515 519 449 
243 431 523 522 479 
244 522 524 473 525 
245 479 522 525 359 
246 527 500 528 526 
247 526 528 508 529 
248 513 526 529 461 
249 448 531 530 503 
250 531 497 532 530 
251 530 532 500 527 
252 503 530 527 397 
253 397 535 533 534 
254 535 527 536 533 
255 533 536 526 537 
256 534 533 537 513 
257 408 539 538 487 
258 539 468 540 538 
259 538 540 427 471 
260 487 538 471 72 
261 72 542 541 491 
262 542 471 543 541 
263 541 543 470 523 
264 491 541 523 431 
265 548 550 426 551 
266 524 548 551 473 
267 523 554 552 553 
268 554 470 555 552 
269 552 555 524 556 
270 553 552 556 522 
271 471 558 557 543 
272 558 427 559 557 
273 557 559 472 549 
274 543 557 549 470 
275 563 565 547 566 
276 550 563 566 426 
277 549 569 567 568 
278 569 472 570 567 
279 567 570 550 571 
280 568 567 571 548 
281 579 581 505 582 
282 580 579 582 457 
283 508 585 583 584 
284 585 509 586 583 
285 583 586 445 587 
286 584 583 587 510 
287 590 591 441 592 
288 506 590 592 440 
289 593 594 506 595 
290 581 593 595 505 
291 509 597 596 586 
292 597 575 598 596 
293 586 596 599 445 
294 468 601 600 540 
295 601 141 602 600 
296 600 602 101 545 
297 540 600 545 427 
298 427 604 603 559 
299 604 545 605 603 
300 603 605 544 564 
301 559 603 564 472 
302 544 610 609 565 
303 610 546 611 609 
304 609 611 133 612 
305 565 609 612 547 
306 564 615 613 614 
307 615 544 616 613 
308 613 616 565 617 
309 614 613 617 563 
310 575 623 622 598 
311 623 577 624 622 
312 622 624 103 625 
313 598 622 625 578 
314 445 599 626 627 
315 599 578 628 626 
316 626 628 593 629 
317 627 626 629 581 
318 596 632 630 631 
319 632 598 633 630 
320 630 633 578 634 
321 631 630 634 599 
322 635 636 136 637 
323 639 606 640 638 
324 638 640 608 641 
325 611 638 641 133 
326 141 643 642 602 
327 643 140 644 642 
328 642 644 134 607 
329 602 642 607 101 
330 101 647 645 646 
331 647 607 648 645 
332 645 648 606 639 
333 646 645 639 546 
334 546 651 649 650 
335 651 639 652 649 
336 649 652 638 653 
337 650 649 653 611 
338 654 655 590 656 
339 594 654 656 506 
340 659 621 660 657 
341 657 660 654 661 
342 658 657 661 594 
343 578 625 662 628 
344 625 103 658 662 
345 662 658 594 663 
346 628 662 663 593 
347 577 665 664 624 
348 665 618 666 664 
349 664 666 621 659 
350 624 664 659 103 
351 103 669 667 668 
352 669 659 670 667 
353 667 670 657 671 
354 668 667 671 658 
355 606 673 672 640 
356 672 674 132 675 
357 640 672 675 608 
358 676 678 588 679 
359 591 676 679 441 
360 680 682 591 683 
361 655 680 683 590 
362 621 685 684 660 
363 685 574 686 684 
364 684 686 655 687 
365 660 684 687 654 
366 607 689 688 648 
367 689 134 690 688 
368 688 690 149 673 
369 648 688 673 606 
370 691 692 102 693 
371 636 691 693 136 
372 694 696 152 697 
373 674 694 697 132 
374 673 700 698 699 
375 700 149 701 698 
376 698 701 674 702 
377 699 698 702 672 
378 140 704 703 644 
379 704 143 705 703 
380 703 705 71 150 
381 644 703 150 134 
382 134 707 706 690 
383 707 150 708 706 
384 706 708 148 695 
385 690 706 695 149 
386 148 710 709 696 
387 710 151 711 709 
388 709 711 135 712 
389 696 709 712 152 
390 695 715 713 714 
391 715 148 716 713 
392 713 716 696 717 
393 714 713 717 694 
394 723 725 676 726 
395 682 723 726 591 
396 681 729 727 728 
397 727 730 682 731 
398 728 727 731 680 
399 720 737 735 736 
400 737 722 738 735 
401 735 738 75 729 
402 736 735 729 681 
403 75 740 739 730 
404 740 724 741 739 
405 739 741 723 742 
406 730 739 742 682 
407 729 745 743 744 
408 745 75 746 743 
409 743 746 730 747 
410 744 743 747 727 
411 753 131 754 752 
412 752 754 678 755 
413 725 752 755 676 
414 724 757 756 741 
415 757 677 758 756 
416 756 758 725 759 
417 741 756 759 723 
418 763 719 764 762 
419 762 764 131 753 
420 766 753 767 765 
421 765 767 752 768 
422 758 765 768 725 
423 734 771 769 770 
424 771 762 772 769 
425 769 772 753 766 
426 770 769 766 677 
427 677 775 773 774 
428 775 766 776 773 
429 773 776 765 777 
430 774 773 777 758 
431 131 779 778 754 
432 779 749 780 778 
433 778 780 748 781 
434 754 778 781 678 
435 5 789 787 788 
436 789 783 790 787 
437 787 790 782 791 
438 788 787 791 750 
439 18 224 792 45 
440 224 8 793 792 
441 792 793 29 794 
442 45 792 794 28 
443 228 18 796 795 
444 795 796 45 797 
445 264 821 819 820 
446 820 819 822 166 
447 166 822 835 836 
448 836 835 837 784 
449 819 840 838 839 
450 839 838 841 822 
451 822 841 851 852 
452 852 851 853 835 
453 838 856 854 855 
454 856 831 847 854 
455 854 847 266 857 
456 855 854 857 841 
457 858 860 842 861 
458 859 858 861 843 
459 847 864 862 863 
460 863 862 866 266 
461 243 872 870 871 
462 870 873 808 874 
463 871 870 874 165 
464 189 880 879 254 
465 880 249 881 879 
466 124 884 882 883 
467 884 868 885 882 
468 882 885 867 872 
469 883 882 872 243 
470 895 869 896 894 
471 894 896 237 897 
472 873 894 897 808 
473 872 900 898 899 
474 900 867 901 898 
475 898 901 873 902 
476 899 898 902 870 
477 913 945 943 944 
478 945 916 936 943 
479 943 936 810 946 
480 944 943 946 917 
481 947 949 931 950 
482 948 947 950 932 
483 936 953 951 952 
484 952 951 955 810 
485 808 897 956 957 
486 897 237 958 956 
487 956 958 809 907 
488 957 956 907 807 
489 807 961 959 960 
490 961 907 962 959 
491 959 962 906 928 
492 960 959 928 877 
493 877 965 963 964 
494 965 928 966 963 
495 963 966 927 937 
496 964 963 937 916 
497 916 969 967 968 
498 969 937 970 967 
499 967 970 935 953 
500 968 967 953 936 
501 906 976 975 929 
502 976 908 977 975 
503 975 977 240 978 
504 929 975 978 909 
505 927 980 979 938 
506 980 929 981 979 
507 979 981 909 982 
508 938 979 982 930 
509 984 938 985 983 
510 983 985 930 986 
511 953 989 987 988 
512 989 935 990 987 
513 988 987 991 951 
514 937 993 992 970 
515 993 927 994 992 
516 992 994 938 984 
517 970 992 984 935 
518 935 996 995 990 
519 996 984 997 995 
520 995 997 983 998 
521 990 995 998 954 
522 917 946 999 1000 
523 946 810 948 999 
524 999 948 932 1001 
525 1000 999 1001 940 
526 810 955 1002 1003 
527 955 939 1004 1002 
528 1002 1004 947 1005 
529 1003 1002 1005 948 
530 951 991 1006 1007 
531 991 954 1008 1006 
532 1006 1008 939 1009 
533 1007 1006 1009 955 
534 987 1012 1010 1011 
535 1012 990 1013 1010 
536 1010 1013 954 1014 
537 1011 1010 1014 991 
538 868 1016 1015 885 
539 1016 238 1017 1015 
540 1015 1017 869 895 
541 885 1015 895 867 
542 867 1019 1018 901 
543 1019 895 1020 1018 
544 1018 1020 894 1021 
545 901 1018 1021 873 
546 869 1023 1022 896 
547 1023 890 1024 1022 
548 896 1022 1025 237 
549 64 1027 1026 186 
550 1027 47 1028 1026 
551 1026 1028 65 234 
552 186 1026 234 63 
553 63 1030 1029 251 
554 1030 234 1031 1029 
555 890 1037 1036 1024 
556 1037 892 1038 1036 
557 1036 1038 239 1039 
558 1024 1036 1039 893 
559 237 1025 1040 958 
560 1025 893 1041 1040 
561 1022 1044 1042 1043 
562 1044 1024 1045 1042 
563 1042 1045 893 1046 
564 1043 1042 1046 1025 
565 971 1059 1057 1058 
566 1059 973 1060 1057 
567 1057 1060 905 1061 
568 1058 1057 1061 974 
569 1039 1070 1068 1069 
570 1070 239 1071 1068 
571 1068 1071 1063 1072 
572 1069 1068 1072 1062 
573 1050 1084 1082 1083 
574 1084 1052 1085 1082 
575 1082 1085 66 1086 
576 1083 1082 1086 1053 
577 892 1088 1087 1038 
578 1088 1032 1089 1087 
579 1087 1089 1035 1065 
580 1038 1087 1065 239 
581 1035 1103 1102 1066 
582 1103 886 1104 1102 
583 1065 1108 1106 1107 
584 1108 1035 1109 1106 
585 1106 1109 1066 1110 
586 1107 1106 1110 1064 
587 1076 1119 1117 1118 
588 1119 1077 1120 1117 
589 1117 1120 1049 1121 
590 1118 1117 1121 1078 
591 886 1126 1125 1104 
592 1126 1099 1127 1125 
593 1102 1131 1129 1130 
594 1131 1104 1132 1129 
595 1129 1132 1048 1133 
596 1130 1129 1133 1105 
597 1111 1151 1149 1150 
598 1150 1149 1153 1113 
599 1113 1153 1161 1162 
600 1162 1161 1164 1146 
601 1149 1167 1165 1166 
602 1167 1152 1168 1165 
603 1165 1168 889 1169 
604 1166 1165 1169 1153 
605 1104 1171 1170 1132 
606 1171 1125 1172 1170 
607 1170 1172 1128 1173 
608 1132 1170 1173 1048 
609 1178 1157 1179 1177 
610 1177 1179 1160 1180 
611 1168 1177 1180 889 
612 1048 1173 1181 1182 
613 1173 1128 1183 1181 
614 1181 1183 1143 1158 
615 1182 1181 1158 1112 
616 1112 1186 1184 1185 
617 1186 1158 1187 1184 
618 1184 1187 1157 1178 
619 1185 1184 1178 1152 
620 1152 1190 1188 1189 
621 1190 1178 1191 1188 
622 1188 1191 1177 1192 
623 1189 1188 1192 1168 
624 973 1194 1193 1060 
625 1194 1050 1083 1193 
626 1193 1083 1053 1195 
627 1060 1193 1195 905 
628 1053 1086 1196 1197 
629 1086 66 1198 1196 
630 1196 1198 1080 1199 
631 1197 1196 1199 1079 
632 21 46 1200 1201 
633 46 28 1202 1200 
634 1200 1202 30 1203 
635 1201 1200 1203 9 
636 37 62 1204 1205 
637 62 44 1206 1204 
638 1204 1206 46 1207 
639 1205 1204 1207 21 
640 53 94 1208 1209 
641 94 60 1210 1208 
642 1208 1210 62 1211 
643 1209 1208 1211 37 
644 1212 1214 60 1215 
645 1213 1212 1215 94 
646 1146 1164 1228 1229 
647 1229 1228 1231 1148 
648 1148 1231 1238 1239 
649 1239 1238 1241 1224 
650 1116 1251 1249 1250 
651 1251 1073 1252 1249 
652 1249 1252 1225 1253 
653 1250 1249 1253 1246 
654 1269 1271 1218 1272 
655 1270 1269 1272 1216 
656 1293 1294 1258 1295 
657 1271 1293 1295 1218 
658 1296 1298 1271 1299 
659 1297 1296 1299 1269 
660 1304 1213 94 1306 
661 1305 1304 1306 53 
662 1310 1270 1216 1312 
663 1311 1310 1312 1217 
664 1313 1297 1269 1315 
665 1314 1313 1315 1270 
666 1319 1321 1296 1322 
667 1320 1319 1322 1297 
668 1339 1340 844 1341 
669 860 1339 1341 842 
670 849 1344 1342 1343 
671 1343 1342 1346 834 
672 833 1348 1347 1334 
673 1348 1328 1349 1347 
674 1347 1349 1331 1350 
675 1334 1347 1350 818 
676 1352 1334 1353 1351 
677 1351 1353 818 1354 
678 834 1346 1355 1356 
679 1346 1335 1357 1355 
680 1355 1357 1339 1358 
681 1356 1355 1358 860 
682 1342 1361 1359 1360 
683 1359 1362 1335 1363 
684 1360 1359 1363 1346 
685 244 1366 1364 1365 
686 1366 165 1367 1364 
687 1364 1367 265 816 
688 1365 1364 816 263 
689 263 1370 1368 1369 
690 1370 816 1371 1368 
691 1368 1371 814 832 
692 1369 1368 832 815 
693 832 1374 1372 1373 
694 1374 814 1375 1372 
695 1372 1375 833 1333 
696 1373 1372 1333 830 
697 830 1378 1376 1377 
698 1378 1333 1379 1376 
699 1376 1379 1332 1344 
700 1377 1376 1344 849 
701 1344 1382 1380 1381 
702 1382 1332 1383 1380 
703 1380 1383 1345 1361 
704 1381 1380 1361 1342 
705 818 1350 1384 1340 
706 1350 1331 1385 1384 
707 1340 1384 1386 844 
708 1335 1354 1387 1357 
709 1354 818 1388 1387 
710 1387 1388 1340 1389 
711 1357 1387 1389 1339 
712 1345 1391 1390 1362 
713 1391 1351 1392 1390 
714 1390 1392 1354 1393 
715 1362 1390 1393 1335 
716 1361 1396 1394 1395 
717 1396 1345 1397 1394 
718 1394 1397 1362 1398 
719 1395 1394 1398 1359 
720 1400 849 1343 1399 
721 1399 1343 834 1401 
722 850 1401 1402 1403 
723 1401 834 1356 1402 
724 1402 1356 860 1404 
725 1403 1402 1404 858 
726 1407 1399 1408 1405 
727 1405 1408 1401 1409 
728 1406 1405 1409 850 
729 841 857 1410 1411 
730 857 266 859 1410 
731 1410 859 843 1412 
732 1411 1410 1412 851 
733 266 866 1413 1414 
734 866 850 1403 1413 
735 1413 1403 858 1415 
736 1414 1413 1415 859 
737 862 1418 1416 1417 
738 1418 865 1406 1416 
739 1416 1406 850 1419 
740 1417 1416 1419 866 
741 815 1422 1420 1421 
742 1422 832 1373 1420 
743 1420 1373 830 848 
744 1421 1420 848 831 
745 848 1425 1423 1424 
746 1425 830 1377 1423 
747 1423 1377 849 1400 
748 1424 1423 1400 846 
749 846 1428 1426 1427 
750 1428 1400 1429 1426 
751 1426 1429 1399 1407 
752 1427 1426 1407 865 
753 865 1432 1430 1431 
754 1432 1407 1433 1430 
755 1430 1433 1405 1434 
756 1431 1430 1434 1406 
757 1331 1439 1438 1385 
758 1439 127 1440 1438 
759 1438 1440 1337 1441 
760 1385 1438 1441 1336 
761 259 813 1445 1446 
762 813 261 1447 1445 
763 1445 1447 160 1448 
764 1446 1445 1448 262 
765 811 829 1449 1450 
766 829 812 1451 1449 
767 1449 1451 261 1452 
768 1450 1449 1452 813 
769 1453 1455 812 1456 
770 1454 1453 1456 829 
771 844 1386 1457 1458 
772 1386 1336 1459 1457 
773 1457 1459 1338 1460 
774 1458 1457 1460 826 
775 1384 1463 1461 1462 
776 1463 1385 1464 1461 
777 1461 1464 1336 1465 
778 1462 1461 1465 1386 
779 261 825 1466 1447 
780 1447 1466 1468 160 
781 812 912 1469 1451 
782 912 823 1470 1469 
783 1469 1470 825 1471 
784 1451 1469 1471 261 
785 1472 1473 912 1474 
786 1455 1472 1474 812 
787 1337 1482 1480 1481 
788 1481 1480 1483 828 
789 1436 1488 1486 1487 
790 1488 878 1489 1486 
791 127 1496 1495 1440 
792 1496 1436 1487 1495 
793 1440 1495 1482 1337 
794 1482 1499 1497 1498 
795 1498 1497 1500 1480 
796 1487 1503 1501 1502 
797 1503 1486 1504 1501 
798 1501 1504 1477 1492 
799 1502 1501 1492 1435 
800 1435 1507 1505 1506 
801 1507 1492 1508 1505 
802 1510 1511 823 1512 
803 1473 1510 1512 912 
804 941 1514 1513 1478 
805 1514 940 1515 1513 
806 1513 1515 942 1516 
807 1478 1513 1516 910 
808 1477 1518 1517 1493 
809 1518 941 1519 1517 
810 1517 1519 1478 1520 
811 1493 1517 1520 1475 
812 1492 1522 1521 1508 
813 1522 1477 1523 1521 
814 1521 1523 1493 1524 
815 1508 1521 1524 1490 
816 1437 1479 1525 1526 
817 1479 910 1527 1525 
818 1525 1527 1473 1528 
819 1526 1525 1528 1472 
820 1476 1494 1529 1530 
821 1494 1475 1531 1529 
822 1529 1531 1479 1532 
823 1530 1529 1532 1437 
824 1533 1535 1494 1536 
825 1534 1533 1536 1476 
826 1505 1539 1537 1538 
827 1539 1508 1540 1537 
828 1537 1540 1490 1541 
829 1495 1544 1542 1543 
830 1544 1487 1502 1542 
831 1542 1502 1435 1499 
832 1543 1542 1499 1482 
833 1499 1547 1545 1546 
834 1547 1435 1506 1545 
835 1545 1506 1491 1548 
836 1546 1545 1548 1497 
837 1506 1551 1549 1550 
838 1551 1505 1538 1549 
839 1549 1538 1509 1552 
840 1550 1549 1552 1491 
841 1490 1524 1553 1535 
842 1524 1493 1554 1553 
843 1553 1554 1475 1555 
844 1535 1553 1555 1494 
845 1509 1541 1556 1557 
846 1541 1490 1558 1556 
847 1556 1558 1535 1559 
848 1557 1556 1559 1533 
849 1538 1562 1560 1561 
850 1562 1537 1563 1560 
851 1560 1563 1541 1564 
852 1561 1560 1564 1509 
853 1233 1566 1565 1283 
854 1566 1261 1567 1565 
855 1565 1567 1264 1568 
856 1283 1565 1568 801 
857 1282 1570 1569 1302 
858 1570 1283 1571 1569 
859 1569 1571 801 1572 
860 1302 1569 1572 1284 
861 1574 1302 1575 1573 
862 1573 1575 1284 1576 
863 801 1568 1577 1298 
864 1568 1264 1578 1577 
865 1577 1578 1293 1579 
866 1298 1577 1579 1271 
867 1284 1572 1580 1321 
868 1572 801 1581 1580 
869 1580 1581 1298 1582 
870 1321 1580 1582 1296 
871 1303 1576 1583 1584 
872 1576 1284 1585 1583 
873 1583 1585 1321 1586 
874 1584 1583 1586 1319 
875 1326 1589 1587 1588 
876 1589 1573 1590 1587 
877 1587 1590 1576 1591 
878 1588 1587 1591 1303 
879 1592 1320 1297 1594 
880 1593 1592 1594 1313 
881 1234 1327 1595 1596 
882 1327 1303 1584 1595 
883 1595 1584 1319 1597 
884 1596 1595 1597 1320 
885 1323 1600 1598 1599 
886 1600 1326 1588 1598 
887 1598 1588 1303 1601 
888 1599 1598 1601 1327 
889 1316 1604 1602 1603 
890 1603 1602 1605 1318 
891 1608 1323 1599 1606 
892 1606 1599 1327 1609 
893 1607 1606 1609 1234 
894 1318 1605 1610 1611 
895 1605 1234 1596 1610 
896 1610 1596 1320 1612 
897 1611 1610 1612 1592 
898 1602 1615 1613 1614 
899 1615 1324 1607 1613 
900 1613 1607 1234 1616 
901 1614 1613 1616 1605 
902 1275 1619 1617 1618 
903 1619 1289 1620 1617 
904 1617 1620 1300 1325 
905 1618 1617 1325 1301 
906 1301 1623 1621 1622 
907 1623 1325 1624 1621 
908 1621 1624 1323 1608 
909 1622 1621 1608 1324 
910 1324 1627 1625 1626 
911 1627 1608 1628 1625 
912 1625 1628 1606 1629 
913 1626 1625 1629 1607 
914 1274 1636 1634 1635 
915 1635 1634 1637 920 
916 1638 1314 1270 1640 
917 1639 1638 1640 1310 
918 1630 1643 1641 1642 
919 1643 1274 1635 1641 
920 1641 1635 920 1644 
921 1642 1641 1644 1633 
922 1651 1311 1217 1653 
923 1652 1651 1653 1307 
924 1654 1639 1310 1656 
925 1655 1654 1656 1311 
926 1647 1659 1657 1658 
927 1659 1631 1660 1657 
928 1631 1663 1662 1660 
929 1663 1630 1642 1662 
930 1662 1642 1633 1664 
931 1660 1662 1664 1223 
932 1665 1667 1639 1668 
933 1666 1665 1668 1654 
934 1657 1671 1669 1670 
935 1671 1660 1672 1669 
936 1669 1672 1223 1673 
937 1670 1669 1673 1661 
938 1645 1676 1674 1675 
939 1676 1221 1648 1674 
940 1674 1648 161 1677 
941 1675 1674 1677 1646 
942 1648 1680 1678 1679 
943 1680 1647 1658 1678 
944 1679 1678 1681 161 
945 1658 1684 1682 1683 
946 1684 1657 1670 1682 
947 1682 1670 1661 1685 
948 1683 1682 1685 1650 
949 1646 1677 1686 1687 
950 1677 161 1655 1686 
951 1686 1655 1311 1688 
952 1687 1686 1688 1651 
953 161 1681 1689 1690 
954 1689 1666 1654 1691 
955 1690 1689 1691 1655 
956 1678 1694 1692 1693 
957 1694 1658 1683 1692 
958 1693 1692 1695 1681 
959 1681 1695 1696 1697 
960 1695 1650 1698 1696 
961 1696 1698 1666 1699 
962 1697 1696 1699 1689 
963 1692 1702 1700 1701 
964 1702 1683 1703 1700 
965 1700 1703 1650 1704 
966 1701 1700 1704 1695 
967 1099 1714 1713 1127 
968 1714 888 1715 1713 
969 1100 1724 1723 1711 
970 1724 1705 1725 1723 
971 1723 1725 1708 1726 
972 1711 1723 1726 236 
973 1728 1100 1729 1727 
974 1727 1729 1711 1730 
975 1144 1720 1734 1735 
976 1720 1709 1736 1734 
977 1734 1736 1712 1737 
978 1735 1734 1737 1101 
979 1738 1741 1709 1742 
980 1739 1738 1742 1720 
981 1128 1744 1743 1183 
982 1744 1098 1717 1743 
983 1743 1717 1144 1745 
984 1183 1743 1745 1143 
985 1717 1748 1746 1747 
986 1748 1716 1739 1746 
987 1746 1739 1720 1749 
988 1747 1746 1749 1144 
989 1127 1752 1750 1751 
990 1752 1713 1753 1750 
991 1750 1753 1710 1718 
992 1751 1750 1718 1098 
993 1718 1756 1754 1755 
994 1756 1710 1757 1754 
995 1716 1760 1758 1759 
996 1758 1761 1738 1762 
997 1759 1758 1762 1739 
998 1098 1765 1763 1764 
999 1765 1718 1755 1763 
1000 1763 1755 1716 1748 
1001 1764 1763 1748 1717 
1002 1755 1768 1766 1767 
1003 1768 1754 1769 1766 
1004 1766 1769 1740 1760 
1005 1767 1766 1760 1716 
1006 1709 1730 1770 1736 
1007 1730 1711 1771 1770 
1008 1770 1771 236 1772 
1009 1736 1770 1772 1712 
1010 1719 1774 1773 1741 
1011 1774 1727 1775 1773 
1012 1773 1775 1730 1776 
1013 1741 1773 1776 1709 
1014 1740 1778 1777 1761 
1015 1778 1719 1779 1777 
1016 1777 1779 1741 1780 
1017 1761 1777 1780 1738 
1018 1760 1783 1781 1782 
1019 1783 1740 1784 1781 
1020 1781 1784 1761 1785 
1021 1782 1781 1785 1758 
1022 1705 1806 1805 1725 
1023 234 1809 1808 1031 
1024 1809 65 1810 1808 
1025 1095 1813 1811 1812 
1026 1813 235 1814 1811 
1027 1811 1814 1096 1791 
1028 1812 1811 1791 1094 
1029 1094 1817 1815 1816 
1030 1817 1791 1818 1815 
1031 1825 1095 1812 1824 
1032 1706 1828 1826 1827 
1033 1828 1094 1816 1826 
1034 1827 1826 1806 1705 
1035 1806 1831 1829 1830 
1036 1830 1829 1832 1805 
1037 1837 1839 1804 1840 
1038 1838 1837 1840 1097 
1039 1816 1848 1846 1847 
1040 1848 1815 1849 1846 
1041 1846 1849 1802 1821 
1042 1847 1846 1821 1707 
1043 1707 1852 1850 1851 
1044 1852 1821 1853 1850 
1045 1850 1853 1819 1843 
1046 1851 1850 1843 1820 
1047 1855 1786 1856 1854 
1048 1854 1856 1789 1857 
1049 1790 1859 1858 1803 
1050 1859 1792 1860 1858 
1051 1858 1860 50 1861 
1052 1803 1858 1861 1793 
1053 1802 1863 1862 1822 
1054 1863 1790 1864 1862 
1055 1862 1864 1803 1865 
1056 1822 1862 1865 1800 
1057 1819 1867 1866 1844 
1058 1867 1822 1868 1866 
1059 1866 1868 1800 1869 
1060 1844 1866 1869 1823 
1061 1843 1872 1870 1871 
1062 1872 1819 1873 1870 
1063 1870 1873 1844 1874 
1064 1805 1832 1878 1879 
1065 1878 1838 1097 1880 
1066 1879 1878 1880 1807 
1067 1829 1883 1881 1882 
1068 1883 1820 1842 1881 
1069 1881 1842 1801 1884 
1070 1882 1881 1884 1832 
1071 1820 1887 1885 1886 
1072 1887 1843 1871 1885 
1073 1886 1885 1888 1842 
1074 1801 1845 1889 1890 
1075 1845 1823 1891 1889 
1076 1889 1891 1837 1892 
1077 1890 1889 1892 1838 
1078 1874 1844 1895 1893 
1079 1893 1895 1823 1896 
1080 1894 1893 1896 1845 
1081 1871 1899 1897 1898 
1082 1899 1870 1900 1897 
1083 1897 1900 1874 1901 
1084 1842 1888 1902 1903 
1085 1902 1894 1845 1904 
1086 1903 1902 1904 1801 
1087 1885 1907 1905 1906 
1088 1907 1871 1898 1905 
1089 1905 1898 1841 1908 
1090 1906 1905 1908 1888 
1091 1841 1901 1909 1910 
1092 1901 1874 1911 1909 
1093 1909 1911 1893 1912 
1094 1910 1909 1912 1894 
1095 1898 1915 1913 1914 
1096 1915 1897 1916 1913 
1097 1913 1916 1901 1917 
1098 1914 1913 1917 1841 
1099 1857 1789 1919 1918 
1100 1918 1919 1794 1920 
1101 1921 1923 1137 1924 
1102 1922 1921 1924 1262 
1103 1875 1927 1925 1926 
1104 1927 1834 1928 1925 
1105 1925 1928 1722 1929 
1106 236 1726 1930 1732 
1107 1726 1708 1876 1930 
1108 1930 1876 1721 1931 
1109 1732 1930 1931 1141 
1110 1876 1934 1932 1933 
1111 1934 1875 1926 1932 
1112 1932 1926 1877 1935 
1113 1933 1932 1935 1721 
1114 1939 1940 1799 1941 
1115 1923 1939 1941 1137 
1116 1877 1929 1942 1943 
1117 1929 1722 1944 1942 
1118 1942 1944 1923 1945 
1119 1943 1942 1945 1921 
1120 1926 1948 1946 1947 
1121 1948 1925 1949 1946 
1122 1946 1949 1929 1950 
1123 1947 1946 1950 1877 
1124 34 1952 1951 799 
1125 1952 228 1953 1951 
1126 1951 1953 795 1954 
1127 799 1951 1954 61 
1128 1956 34 1957 1955 
1129 1955 1957 799 1958 
1130 1789 1964 1963 1919 
1131 1964 1093 1965 1963 
1132 1919 1963 1966 1794 
1133 49 1968 1967 231 
1134 1968 225 1969 1967 
1135 1967 1969 228 1952 
1136 231 1967 1952 34 
1137 1971 231 1972 1970 
1138 1970 1972 34 1956 
1139 1093 1977 1976 1965 
1140 1977 1960 1978 1976 
1141 60 800 1980 1210 
1142 800 61 1981 1980 
1143 1980 1981 44 1982 
1144 1210 1980 1982 62 
1145 1983 1984 800 1985 
1146 1214 1983 1985 60 
1147 1794 1966 1989 1990 
1148 1990 1989 1992 1796 
1149 1963 1995 1993 1994 
1150 1995 1965 1996 1993 
1151 1993 1996 1795 1997 
1152 1994 1993 1997 1966 
1153 1999 1956 2000 1998 
1154 1998 2000 1955 2001 
1155 1960 2003 2002 1978 
1156 2003 232 2004 2002 
1157 2002 2004 1961 2005 
1158 1976 2014 2012 2013 
1159 2014 1978 2015 2012 
1160 2013 2012 2016 1979 
1161 1978 2021 2020 2015 
1162 2021 2002 2022 2020 
1163 2020 2022 2005 2023 
1164 2015 2020 2023 1959 
1165 1979 2016 2024 2025 
1166 2016 1959 2026 2024 
1167 2024 2026 2010 2027 
1168 2025 2024 2027 2009 
1169 2012 2030 2028 2029 
1170 2030 2015 2031 2028 
1171 2028 2031 1959 2032 
1172 2029 2028 2032 2016 
1173 2036 1155 2037 2035 
1174 1147 2046 2044 2045 
1175 2045 2044 2047 1230 
1176 1230 2047 2057 2058 
1177 2058 2057 2059 1074 
1178 2044 2062 2060 2061 
1179 2061 2060 2063 2047 
1180 2065 1101 2066 2064 
1181 2064 2066 1155 2036 
1182 1174 2069 2067 2068 
1183 2069 1175 2070 2067 
1184 2067 2070 1154 2041 
1185 2068 2067 2041 1176 
1186 1176 2073 2071 2072 
1187 2073 2041 2074 2071 
1188 1163 2082 2080 2081 
1189 2082 1174 2068 2080 
1190 2080 2068 1176 2046 
1191 2081 2080 2046 1147 
1192 2046 2085 2083 2084 
1193 2085 1176 2072 2083 
1194 2084 2083 2062 2044 
1195 2062 2088 2086 2087 
1196 2088 2040 2076 2086 
1197 2086 2076 2053 2089 
1198 2087 2086 2089 2060 
1199 2033 2056 2090 2091 
1200 2056 2043 2092 2090 
1201 2090 2092 2048 2093 
1202 2091 2090 2093 2049 
1203 2053 2079 2094 2095 
1204 2079 2052 2096 2094 
1205 2094 2096 2056 2097 
1206 2095 2094 2097 2033 
1207 2076 2100 2098 2099 
1208 2098 2101 2079 2102 
1209 2099 2098 2102 2053 
1210 2072 2105 2103 2104 
1211 2105 2071 2106 2103 
1212 2103 2106 2054 2077 
1213 2104 2103 2077 2040 
1214 2040 2109 2107 2108 
1215 2109 2077 2110 2107 
1216 2107 2110 2075 2100 
1217 2108 2107 2100 2076 
1218 1154 2112 2111 2042 
1219 2112 2036 2113 2111 
1220 2111 2113 2035 2114 
1221 2042 2111 2114 2034 
1222 2039 2116 2115 2055 
1223 2116 2042 2117 2115 
1224 2115 2117 2034 2118 
1225 2055 2115 2118 2043 
1226 2054 2120 2119 2078 
1227 2120 2039 2121 2119 
1228 2119 2121 2055 2122 
1229 2078 2119 2122 2052 
1230 2075 2124 2123 2101 
1231 2124 2078 2125 2123 
1232 2123 2125 2052 2126 
1233 2101 2123 2126 2079 
1234 2100 2129 2127 2128 
1235 2129 2075 2130 2127 
1236 2127 2130 2101 2131 
1237 2128 2127 2131 2098 
1238 1920 1794 1990 2132 
1239 2132 1990 1796 2133 
1240 2136 1918 2137 2134 
1241 2134 2137 1920 2138 
1242 2149 2038 2150 2148 
1243 2148 2150 2141 2151 
1244 2051 2154 2152 2153 
1245 2154 1156 2155 2152 
1246 2152 2155 2146 2156 
1247 1074 2059 2157 2158 
1248 2158 2157 2159 1240 
1249 1243 2162 2160 2161 
1250 2162 2051 2153 2160 
1251 2160 2153 2144 2163 
1252 2161 2160 2163 2145 
1253 2144 2156 2172 2173 
1254 2156 2146 2174 2172 
1255 2172 2174 1244 2175 
1256 2173 2172 2175 2147 
1257 2153 2178 2176 2177 
1258 2178 2152 2179 2176 
1259 2176 2179 2156 2180 
1260 2177 2176 2180 2144 
1261 50 2186 2184 2185 
1262 2186 1857 2187 2184 
1263 2184 2187 1918 2136 
1264 2185 2184 2136 1798 
1265 1798 2190 2188 2189 
1266 2190 2136 2191 2188 
1267 2188 2191 2134 2192 
1268 1793 1861 2193 1835 
1269 1861 50 2185 2193 
1270 2193 2185 1798 2182 
1271 2182 2196 2194 2195 
1272 2196 1798 2189 2194 
1273 2195 2194 2197 2181 
1274 1138 2138 2198 2199 
1275 2138 1920 2200 2198 
1276 2198 2200 2132 2201 
1277 2199 2198 2201 1937 
1278 2192 2134 2204 2202 
1279 2202 2204 2138 2205 
1280 2203 2202 2205 1138 
1281 2189 2208 2206 2207 
1282 2208 2188 2209 2206 
1283 2206 2209 2192 2210 
1284 1799 2183 2211 2212 
1285 2183 1138 2199 2211 
1286 2211 2199 1937 2213 
1287 2212 2211 2213 1936 
1288 2181 2197 2214 2215 
1289 2214 2203 1138 2216 
1290 2215 2214 2216 2183 
1291 2194 2219 2217 2218 
1292 2219 2189 2207 2217 
1293 2217 2207 2135 2220 
1294 2218 2217 2220 2197 
1295 2135 2210 2221 2222 
1296 2210 2192 2223 2221 
1297 2221 2223 2202 2224 
1298 2222 2221 2224 2203 
1299 2207 2227 2225 2226 
1300 2227 2206 2228 2225 
1301 2225 2228 2210 2229 
1302 2226 2225 2229 2135 
1303 2151 2141 2234 2233 
1304 2233 2234 2143 2235 
1305 2170 2242 2240 2241 
1306 2242 2233 2243 2240 
1307 2240 2243 2235 2244 
1308 2168 2250 2248 2249 
1309 2250 2170 2241 2248 
1310 2248 2241 1235 2251 
1311 2249 2248 2251 2171 
1312 1235 2244 2252 2253 
1313 2244 2235 2254 2252 
1314 2252 2254 2236 2255 
1315 2253 2252 2255 2237 
1316 2241 2258 2256 2257 
1317 2258 2240 2259 2256 
1318 2256 2259 2244 2260 
1319 2257 2256 2260 1235 
1320 2269 2139 2270 2268 
1321 2268 2270 1266 2271 
1322 2273 2231 2274 2272 
1323 2239 2278 2276 2277 
1324 2278 2230 2279 2276 
1325 2166 2291 2289 2290 
1326 2291 2239 2277 2289 
1327 2289 2277 2264 2292 
1328 2290 2289 2292 2265 
1329 2297 2299 2232 2300 
1330 2298 2297 2300 2267 
1331 2277 2303 2301 2302 
1332 2303 2276 2304 2301 
1333 2302 2301 2305 2264 
1334 2307 1236 2308 2306 
1335 2306 2308 2231 2273 
1336 2230 2310 2309 2279 
1337 2310 2273 2311 2309 
1338 2309 2311 2272 2312 
1339 2279 2309 2312 2266 
1340 2276 2314 2313 2304 
1341 2314 2279 2315 2313 
1342 2313 2315 2266 2316 
1343 2304 2313 2316 2280 
1344 2265 2292 2317 2318 
1345 2292 2264 2298 2317 
1346 2317 2298 2267 2319 
1347 2318 2317 2319 1237 
1348 2264 2305 2320 2321 
1349 2305 2280 2322 2320 
1350 2320 2322 2297 2323 
1351 2321 2320 2323 2298 
1352 2301 2326 2324 2325 
1353 2326 2304 2327 2324 
1354 2324 2327 2280 2328 
1355 2325 2324 2328 2305 
1356 2271 1266 2330 2329 
1357 2329 2330 1265 2331 
1358 2332 2335 1256 2336 
1359 2333 2332 2336 1279 
1360 2337 2333 1279 2339 
1361 2338 2337 2339 1254 
1362 2342 2345 2332 2346 
1363 2343 2342 2346 2333 
1364 2296 2349 2347 2348 
1365 2349 2261 2343 2347 
1366 2347 2343 2333 2350 
1367 2348 2347 2350 2337 
1368 2295 2353 2351 2352 
1369 2353 2340 2354 2351 
1370 2261 2357 2355 2356 
1371 2355 2358 2342 2359 
1372 2356 2355 2359 2343 
1373 2293 2362 2360 2361 
1374 2362 2295 2352 2360 
1375 2360 2352 2261 2349 
1376 2361 2360 2349 2296 
1377 2352 2365 2363 2364 
1378 2365 2351 2366 2363 
1379 2363 2366 2344 2357 
1380 2364 2363 2357 2261 
1381 2331 1265 2368 2367 
1382 2263 2370 2369 2335 
1383 2370 2329 2371 2369 
1384 2369 2371 2331 2372 
1385 2335 2369 2372 1256 
1386 2334 2374 2373 2345 
1387 2374 2263 2375 2373 
1388 2373 2375 2335 2376 
1389 2345 2373 2376 2332 
1390 2344 2378 2377 2358 
1391 2378 2334 2379 2377 
1392 2377 2379 2345 2380 
1393 2358 2377 2380 2342 
1394 2357 2383 2381 2382 
1395 2383 2344 2384 2381 
1396 2381 2384 2358 2385 
1397 2382 2381 2385 2355 
1398 1279 2336 2386 2387 
1399 2336 1256 2388 2386 
1400 2387 2386 2389 1277 
1401 1256 2372 2390 2388 
1402 2372 2331 2391 2390 
1403 2390 2391 2367 2392 
1404 2388 2390 2392 1280 
1405 1277 2389 2393 2394 
1406 2389 1280 2395 2393 
1407 2393 2395 1232 2396 
1408 2394 2393 2396 1281 
1409 2386 2399 2397 2398 
1410 2399 2388 2400 2397 
1411 2397 2400 1280 2401 
1412 2398 2397 2401 2389 
1413 2404 1287 2405 2402 
1414 2402 2405 1285 2406 
1415 2403 2402 2406 1286 
1416 1281 2396 2407 2408 
1417 2396 1232 2403 2407 
1418 2407 2403 1286 2409 
1419 2408 2407 2409 1290 
1420 1280 2392 2410 2395 
1421 2392 2367 2411 2410 
1422 2410 2411 1287 2404 
1423 2395 2410 2404 1232 
1424 1232 2414 2412 2413 
1425 2414 2404 2415 2412 
1426 2412 2415 2402 2416 
1427 2413 2412 2416 2403 
1428 2133 1796 2419 2417 
1429 2417 2419 1986 2420 
1430 2418 2417 2420 1259 
1431 1796 1992 2421 2419 
1432 2419 2421 2423 1986 
1433 1958 799 2425 2424 
1434 2424 2425 61 2426 
1435 1984 2424 2426 800 
1436 2001 1955 2428 2427 
1437 2427 2428 1958 2429 
1438 1136 2008 2436 2437 
1439 2008 798 2438 2436 
1440 2436 2438 1984 2439 
1441 2437 2436 2439 1983 
1442 2440 2442 798 2443 
1443 2441 2440 2443 2008 
1444 2449 2441 2008 2451 
1445 2450 2449 2451 1136 
1446 1962 2459 2457 2458 
1447 2459 2019 2460 2457 
1448 1135 2462 2461 2432 
1449 2462 2001 2463 2461 
1450 2461 2463 2427 2464 
1451 2432 2461 2464 2007 
1452 2466 2432 2467 2465 
1453 2465 2467 2007 2468 
1454 1134 2476 2474 2475 
1455 2476 2011 2477 2474 
1456 2011 2487 2486 2477 
1457 2487 1962 2458 2486 
1458 2474 2490 2488 2489 
1459 2490 2477 2491 2488 
1460 2493 2479 2494 2492 
1461 2492 2494 2478 2495 
1462 2477 2502 2501 2491 
1463 2502 2486 2503 2501 
1464 2501 2503 2479 2493 
1465 2505 2493 2506 2504 
1466 2504 2506 2492 2507 
1467 93 1988 2508 2509 
1468 1988 1136 2437 2508 
1469 2508 2437 1983 2510 
1470 2509 2508 2510 1214 
1471 1986 2423 2511 2512 
1472 2511 2450 1136 2513 
1473 2512 2511 2513 1988 
1474 1987 2456 2514 2515 
1475 2456 2435 2516 2514 
1476 2514 2516 2449 2517 
1477 2515 2514 2517 2450 
1478 2452 2485 2518 2519 
1479 2485 2455 2520 2518 
1480 2518 2520 2435 2521 
1481 2519 2518 2521 2456 
1482 2522 2524 2455 2525 
1483 2523 2522 2525 2485 
1484 2421 2533 2531 2532 
1485 2533 2422 2453 2531 
1486 2531 2453 1987 2534 
1487 2532 2531 2534 2423 
1488 2422 2537 2535 2536 
1489 2537 2454 2482 2535 
1490 2535 2482 2452 2538 
1491 2536 2535 2538 2453 
1492 2454 2541 2539 2540 
1493 2541 2483 2497 2539 
1494 2539 2497 2481 2542 
1495 2540 2539 2542 2482 
1496 2497 2545 2543 2544 
1497 2545 2496 2527 2543 
1498 2543 2527 2500 2546 
1499 2544 2543 2546 2481 
1500 2488 2549 2547 2548 
1501 2549 2491 2550 2547 
1502 2547 2550 2434 2498 
1503 2548 2547 2498 2483 
1504 2498 2553 2551 2552 
1505 2553 2434 2554 2551 
1506 2551 2554 2499 2528 
1507 2552 2551 2528 2496 
1508 2496 2557 2555 2556 
1509 2557 2528 2558 2555 
1510 2556 2555 2559 2527 
1511 2435 2480 2560 2516 
1512 2480 2006 2561 2560 
1513 2560 2561 2441 2562 
1514 2516 2560 2562 2449 
1515 2455 2495 2563 2520 
1516 2495 2478 2564 2563 
1517 2563 2564 2480 2565 
1518 2520 2563 2565 2435 
1519 2507 2492 2567 2566 
1520 2566 2567 2495 2568 
1521 2524 2566 2568 2455 
1522 2499 2570 2569 2529 
1523 2570 2504 2571 2569 
1524 2569 2571 2507 2572 
1525 2529 2569 2572 2484 
1526 2528 2574 2573 2558 
1527 2574 2499 2575 2573 
1528 2573 2575 2529 2576 
1529 2500 2530 2577 2578 
1530 2530 2484 2579 2577 
1531 2577 2579 2524 2580 
1532 2578 2577 2580 2522 
1533 2527 2559 2581 2582 
1534 2581 2583 2530 2584 
1535 2582 2581 2584 2500 
1536 2555 2587 2585 2586 
1537 2587 2558 2588 2585 
1538 2586 2585 2589 2559 
1539 2576 2529 2591 2590 
1540 2590 2591 2484 2592 
1541 2583 2590 2592 2530 
1542 2558 2594 2593 2588 
1543 2594 2573 2595 2593 
1544 2593 2595 2576 2596 
1545 2588 2593 2596 2526 
1546 2559 2589 2597 2598 
1547 2589 2526 2599 2597 
1548 2597 2599 2583 2600 
1549 2598 2597 2600 2581 
1550 2585 2603 2601 2602 
1551 2603 2588 2604 2601 
1552 2601 2604 2526 2605 
1553 2602 2601 2605 2589 
1554 2019 2607 2606 2460 
1555 2607 1135 2608 2606 
1556 2606 2608 2432 2466 
1557 2610 2466 2611 2609 
1558 2609 2611 2465 2612 
1559 2006 2448 2613 2561 
1560 2448 2433 2614 2613 
1561 2613 2614 2440 2615 
1562 2561 2613 2615 2441 
1563 2616 2618 2433 2619 
1564 2617 2616 2619 2448 
1565 2431 2627 2625 2626 
1566 2627 2446 2470 2625 
1567 2625 2470 2444 2628 
1568 2626 2625 2628 2445 
1569 2470 2631 2629 2630 
1570 2630 2629 2632 2444 
1571 798 2429 2633 2438 
1572 2429 1958 2634 2633 
1573 2633 2634 2424 2635 
1574 2438 2633 2635 1984 
1575 2007 2464 2636 2442 
1576 2464 2427 2637 2636 
1577 2636 2637 2429 2638 
1578 2442 2636 2638 798 
1579 2433 2468 2639 2614 
1580 2468 2007 2640 2639 
1581 2639 2640 2442 2641 
1582 2614 2639 2641 2440 
1583 2612 2465 2643 2642 
1584 2642 2643 2468 2644 
1585 2618 2642 2644 2433 
1586 2645 2647 2618 2648 
1587 2646 2645 2648 2616 
1588 2457 2656 2654 2655 
1589 2656 2460 2657 2654 
1590 2654 2657 2430 2471 
1591 2655 2654 2471 2446 
1592 2471 2660 2658 2659 
1593 2660 2430 2661 2658 
1594 2658 2661 2472 2622 
1595 2659 2658 2622 2469 
1596 2469 2664 2662 2663 
1597 2664 2622 2665 2662 
1598 2472 2667 2666 2623 
1599 2667 2609 2668 2666 
1600 2666 2668 2612 2669 
1601 2623 2666 2669 2447 
1602 2671 2623 2672 2670 
1603 2670 2672 2447 2673 
1604 2622 2680 2679 2665 
1605 2680 2472 2681 2679 
1606 2679 2681 2623 2671 
1607 2620 2683 2682 2677 
1608 2683 2671 2684 2682 
1609 2682 2684 2670 2685 
1610 2677 2682 2685 2652 
1611 2445 2628 2686 2687 
1612 2628 2444 2617 2686 
1613 2686 2617 2448 2688 
1614 2687 2686 2688 2006 
1615 2444 2632 2689 2690 
1616 2689 2646 2616 2691 
1617 2690 2689 2691 2617 
1618 2473 2653 2692 2693 
1619 2653 2624 2694 2692 
1620 2692 2694 2645 2695 
1621 2693 2692 2695 2646 
1622 2649 2678 2696 2697 
1623 2678 2652 2698 2696 
1624 2696 2698 2624 2699 
1625 2697 2696 2699 2653 
1626 2702 2677 2703 2700 
1627 2700 2703 2652 2704 
1628 2701 2700 2704 2678 
1629 2629 2707 2705 2706 
1630 2707 2621 2650 2705 
1631 2705 2650 2473 2708 
1632 2706 2705 2708 2632 
1633 2621 2711 2709 2710 
1634 2711 2651 2675 2709 
1635 2709 2675 2649 2712 
1636 2710 2709 2712 2650 
1637 2675 2715 2713 2714 
1638 2715 2674 2701 2713 
1639 2713 2701 2678 2716 
1640 2714 2713 2716 2649 
1641 2662 2719 2717 2718 
1642 2719 2665 2720 2717 
1643 2717 2720 2620 2676 
1644 2718 2717 2676 2651 
1645 2676 2723 2721 2722 
1646 2723 2620 2724 2721 
1647 2721 2724 2677 2702 
1648 2722 2721 2702 2674 
1649 2674 2727 2725 2726 
1650 2727 2702 2728 2725 
1651 2725 2728 2700 2729 
1652 2726 2725 2729 2701 
1653 1 2732 2730 2731 
1654 2732 12 105 2730 
1655 2730 105 10 78 
1656 2731 2730 78 11 
1657 16 2734 2733 177 
1658 2734 2 2735 2733 
1659 2733 2735 17 222 
1660 177 2733 222 15 
1661 19 38 2736 2737 
1662 38 21 1201 2736 
1663 2736 1201 9 2738 
1664 2737 2736 2738 22 
1665 20 278 2739 2740 
1666 278 19 2737 2739 
1667 2739 2737 22 2741 
1668 2740 2739 2741 4 
1669 10 2744 2742 2743 
1670 2744 25 109 2742 
1671 2742 109 23 82 
1672 2743 2742 82 24 
1673 28 794 2745 1202 
1674 794 29 2746 2745 
1675 2745 2746 3 2747 
1676 1202 2745 2747 30 
1677 32 2749 2748 180 
1678 2749 15 2750 2748 
1679 2748 2750 33 226 
1680 180 2748 226 31 
1681 35 54 2751 2752 
1682 54 37 1205 2751 
1683 2751 1205 21 2753 
1684 2752 2751 2753 38 
1685 36 281 2754 2755 
1686 281 35 2752 2754 
1687 2754 2752 38 2756 
1688 2755 2754 2756 19 
1689 23 2759 2757 2758 
1690 2759 41 113 2757 
1691 2757 113 39 86 
1692 2758 2757 86 40 
1693 44 797 2760 1206 
1694 797 45 2761 2760 
1695 2760 2761 28 2762 
1696 1206 2760 2762 46 
1697 48 2764 2763 183 
1698 2764 31 2765 2763 
1699 2763 2765 49 230 
1700 183 2763 230 47 
1701 51 70 2766 2767 
1702 70 53 1209 2766 
1703 2766 1209 37 2768 
1704 2767 2766 2768 54 
1705 52 284 2769 2770 
1706 284 51 2767 2769 
1707 2769 2767 54 2771 
1708 2770 2769 2771 35 
1709 2772 1305 53 2774 
1710 2773 2772 2774 70 
1711 68 287 2775 2776 
1712 287 67 2773 2775 
1713 2775 2773 70 2777 
1714 2776 2775 2777 51 
1715 86 2780 2778 2779 
1716 2780 39 301 2778 
1717 2778 301 56 294 
1718 2779 2778 294 84 
1719 96 442 2784 2785 
1720 2785 2784 2786 67 
1721 135 159 2787 692 
1722 159 144 2788 2787 
1723 2787 2788 147 2789 
1724 692 2787 2789 102 
1725 150 2791 2790 708 
1726 2791 71 2792 2790 
1727 2790 2792 151 710 
1728 708 2790 710 148 
1729 143 2794 2793 705 
1730 2794 153 2795 2793 
1731 2793 2795 145 157 
1732 705 2793 157 71 
1733 190 2798 2796 2797 
1734 2798 192 213 2796 
1735 2796 213 74 202 
1736 2797 2796 202 168 
1737 155 2801 2799 2800 
1738 2801 190 2797 2799 
1739 2799 2797 168 194 
1740 2800 2799 194 129 
1741 197 248 2802 2803 
1742 248 199 268 2802 
1743 2802 268 163 2804 
1744 2803 2802 2804 200 
1745 169 211 2805 2806 
1746 211 197 2803 2805 
1747 2805 2803 200 2807 
1748 2806 2805 2807 130 
1749 205 2809 2808 215 
1750 2809 207 2810 2808 
1751 2808 2810 164 246 
1752 215 2808 246 198 
1753 31 2812 2811 2765 
1754 2812 226 2813 2811 
1755 2811 2813 225 1968 
1756 2765 2811 1968 49 
1757 47 2815 2814 1028 
1758 2815 230 2816 2814 
1759 2814 2816 229 1091 
1760 1028 2814 1091 65 
1761 230 2818 2817 2816 
1762 2818 49 2819 2817 
1763 2817 2819 231 1971 
1764 2816 2817 1971 229 
1765 242 2821 2820 257 
1766 2821 124 883 2820 
1767 2820 883 243 2822 
1768 257 2820 2822 241 
1769 241 2822 2823 269 
1770 2822 243 871 2823 
1771 2823 871 165 1366 
1772 269 2823 1366 244 
1773 249 2825 2824 881 
1774 2825 251 2826 2824 
1775 2824 2826 126 891 
1776 207 2828 2827 2810 
1777 2828 252 2829 2827 
1778 2827 2829 242 256 
1779 2810 2827 256 164 
1780 260 785 2830 2831 
1781 785 259 1446 2830 
1782 2830 1446 262 2832 
1783 2831 2830 2832 97 
1784 163 270 2833 2834 
1785 270 244 1365 2833 
1786 2833 1365 263 821 
1787 2834 2833 821 264 
1788 282 333 2835 2836 
1789 333 68 2776 2835 
1790 2835 2776 51 2837 
1791 2836 2835 2837 284 
1792 285 321 2838 2839 
1793 321 96 2785 2838 
1794 2838 2785 67 2840 
1795 2839 2838 2840 287 
1796 286 336 2841 2842 
1797 336 285 2839 2841 
1798 2841 2839 287 2843 
1799 2842 2841 2843 68 
1800 311 2846 2844 2845 
1801 2846 304 345 2844 
1802 2845 2844 316 298 
1803 316 2849 2847 2848 
1804 2849 88 349 2847 
1805 2847 349 307 342 
1806 2848 2847 342 314 
1807 2850 456 318 2852 
1808 2851 2850 2852 319 
1809 299 339 2853 2854 
1810 2853 2851 319 2855 
1811 2854 2853 2855 334 
1812 317 343 2856 2857 
1813 343 289 370 2856 
1814 2856 370 323 2858 
1815 2857 2856 2858 337 
1816 349 2861 2859 2860 
1817 2861 348 386 2859 
1818 2859 386 328 354 
1819 2860 2859 354 307 
1820 306 395 2862 367 
1821 395 362 2863 2862 
1822 2862 2863 361 403 
1823 367 2862 403 329 
1824 362 416 2864 2863 
1825 416 309 2865 2864 
1826 2864 2865 363 2866 
1827 2863 2864 2866 361 
1828 361 2866 2867 404 
1829 2866 363 2868 2867 
1830 2867 2868 288 423 
1831 404 2867 423 364 
1832 310 405 2872 2873 
1833 405 364 422 2872 
1834 2872 422 399 2874 
1835 2873 2872 2874 371 
1836 347 2877 2875 2876 
1837 2877 406 485 2875 
1838 2875 485 358 410 
1839 2876 2875 410 290 
1840 384 2879 2878 415 
1841 2879 409 436 2878 
1842 2878 436 412 2880 
1843 415 2878 2880 309 
1844 288 2882 2881 424 
1845 2882 418 451 2881 
1846 2881 451 417 2883 
1847 424 2881 2883 400 
1848 417 454 2884 2885 
1849 454 419 464 2884 
1850 2884 464 396 2886 
1851 2885 2884 2886 420 
1852 400 2883 2887 2888 
1853 2883 417 2885 2887 
1854 2887 2885 420 2889 
1855 2888 2887 2889 324 
1856 358 2892 2890 2891 
1857 2892 430 489 2890 
1858 2890 489 429 482 
1859 2891 2890 482 411 
1860 309 2880 2893 2865 
1861 2880 412 2894 2893 
1862 2893 2894 433 2895 
1863 2865 2893 2895 363 
1864 412 439 2896 2894 
1865 439 357 2897 2896 
1866 2896 2897 434 2898 
1867 2894 2896 2898 433 
1868 433 2898 2899 2900 
1869 2898 434 2901 2899 
1870 2899 2901 360 452 
1871 2900 2899 452 418 
1872 363 2895 2902 2868 
1873 2895 433 2900 2902 
1874 2902 2900 418 2882 
1875 2868 2902 2882 288 
1876 360 2906 2905 453 
1877 2906 447 2907 2905 
1878 2905 2907 446 465 
1879 453 2905 465 419 
1880 447 2909 2908 2907 
1881 2909 100 2910 2908 
1882 2908 2910 448 502 
1883 2907 2908 502 446 
1884 2911 580 457 2913 
1885 2912 2911 2913 455 
1886 396 467 2914 2915 
1887 467 449 512 2914 
1888 2914 512 459 2916 
1889 2915 2914 2916 460 
1890 357 483 2917 2897 
1891 483 432 2918 2917 
1892 2917 2918 474 2919 
1893 2897 2917 2919 434 
1894 432 480 2920 2918 
1895 480 359 2921 2920 
1896 2920 2921 475 2922 
1897 2918 2920 2922 474 
1898 474 2922 2923 2924 
1899 2922 475 2925 2923 
1900 2923 2925 100 2909 
1901 2924 2923 2909 447 
1902 434 2919 2926 2901 
1903 2919 474 2924 2926 
1904 2926 2924 447 2906 
1905 2901 2926 2906 360 
1906 100 2928 2927 2910 
1907 2928 498 2929 2927 
1908 2927 2929 497 531 
1909 2910 2927 531 448 
1910 500 2931 2930 528 
1911 2931 443 2932 2930 
1912 2930 2932 509 585 
1913 528 2930 585 508 
1914 461 529 2933 2934 
1915 529 508 584 2933 
1916 2933 584 510 2935 
1917 2934 2933 2935 59 
1918 359 525 2936 2921 
1919 525 473 2937 2936 
1920 2936 2937 520 2938 
1921 2921 2936 2938 475 
1922 473 551 2939 2937 
1923 551 426 2940 2939 
1924 2939 2940 521 2941 
1925 2937 2939 2941 520 
1926 475 2938 2942 2925 
1927 2938 520 2943 2942 
1928 2942 2943 498 2928 
1929 2925 2942 2928 100 
1930 545 2945 2944 605 
1931 2945 101 646 2944 
1932 2944 646 546 610 
1933 605 2944 610 544 
1934 470 2947 2946 555 
1935 2947 549 568 2946 
1936 2946 568 548 2948 
1937 555 2946 2948 524 
1938 426 566 2949 2940 
1939 566 547 2950 2949 
1940 2949 2950 560 2951 
1941 2940 2949 2951 521 
1942 547 612 2952 2950 
1943 612 133 2953 2952 
1944 2952 2953 561 2954 
1945 2950 2952 2954 560 
1946 472 2956 2955 570 
1947 2956 564 614 2955 
1948 2955 614 563 2957 
1949 570 2955 2957 550 
1950 637 136 2959 2958 
1951 2958 2959 572 619 
1952 136 693 2960 2959 
1953 693 102 2961 2960 
1954 2960 2961 573 721 
1955 2959 2960 721 572 
1956 443 2963 2962 2932 
1957 2963 576 2964 2962 
1958 2962 2964 575 597 
1959 2932 2962 597 509 
1960 576 2966 2965 2964 
1961 2966 444 2967 2965 
1962 2965 2967 577 623 
1963 2964 2965 623 575 
1964 510 587 2968 2969 
1965 587 445 627 2968 
1966 2968 627 581 2970 
1967 2969 2968 2970 579 
1968 588 751 2971 2972 
1969 751 260 2831 2971 
1970 2971 2831 97 2973 
1971 2972 2971 2973 589 
1972 441 679 2974 2975 
1973 679 588 2972 2974 
1974 2974 2972 589 2976 
1975 2975 2974 2976 95 
1976 444 2978 2977 2967 
1977 2978 619 2979 2977 
1978 2977 2979 618 665 
1979 2967 2977 665 577 
1980 618 2981 2980 666 
1981 2981 620 2982 2980 
1982 2980 2982 574 685 
1983 666 2980 685 621 
1984 133 641 2983 2953 
1985 641 608 2984 2983 
1986 2983 2984 635 2985 
1987 2953 2983 2985 561 
1988 608 675 2986 2984 
1989 675 132 2987 2986 
1990 2986 2987 636 2988 
1991 2984 2986 2988 635 
1992 574 2990 2989 686 
1993 2990 681 728 2989 
1994 2989 728 680 2991 
1995 686 2989 2991 655 
1996 132 697 2992 2987 
1997 697 152 2993 2992 
1998 2992 2993 691 2994 
1999 2987 2992 2994 636 
2000 152 712 2995 2993 
2001 712 135 2996 2995 
2002 2995 2996 692 2997 
2003 2993 2995 2997 691 
2004 149 2999 2998 701 
2005 2999 695 714 2998 
2006 2998 714 694 3000 
2007 701 2998 3000 674 
2008 102 2789 3001 2961 
2009 2789 147 3002 3001 
2010 3001 3002 718 733 
2011 2961 3001 733 573 
2012 147 3004 3003 3002 
2013 3004 128 3005 3003 
2014 3003 3005 719 763 
2015 3002 3003 763 718 
2016 620 3007 3006 2982 
2017 3007 720 736 3006 
2018 3006 736 681 2990 
2019 2982 3006 2990 574 
2020 732 3010 3008 3009 
2021 3010 734 770 3008 
2022 3008 770 677 757 
2023 3009 3008 757 724 
2024 722 3012 3011 738 
2025 3012 732 3009 3011 
2026 3011 3009 724 740 
2027 738 3011 740 75 
2028 749 3014 3013 780 
2029 3014 5 788 3013 
2030 3013 788 750 3015 
2031 780 3013 3015 748 
2032 719 3017 3016 764 
2033 3017 760 3018 3016 
2034 3016 3018 749 779 
2035 764 3016 779 131 
2036 783 3020 3019 790 
2037 3020 166 836 3019 
2038 3019 836 784 3021 
2039 790 3019 3021 782 
2040 200 2804 3022 3023 
2041 2804 163 2834 3022 
2042 3022 2834 264 3024 
2043 3023 3022 3024 786 
2044 786 3024 3025 3026 
2045 3024 264 820 3025 
2046 3025 820 166 3020 
2047 3026 3025 3020 783 
2048 761 3029 3027 3028 
2049 3029 786 3026 3027 
2050 3027 3026 783 789 
2051 3028 3027 789 5 
2052 61 1954 3030 1981 
2053 1954 795 3031 3030 
2054 3030 3031 797 3032 
2055 1981 3030 3032 44 
2056 165 874 3033 1367 
2057 874 808 957 3033 
2058 3033 957 807 876 
2059 1367 3033 876 265 
2060 784 837 3034 3035 
2061 837 811 1450 3034 
2062 3034 1450 813 3036 
2063 3035 3034 3036 259 
2064 816 3038 3037 1371 
2065 3038 265 3039 3037 
2066 3037 3039 817 1329 
2067 1371 3037 1329 814 
2068 821 3042 3040 3041 
2069 3042 263 1369 3040 
2070 3040 1369 815 840 
2071 3041 3040 840 819 
2072 823 926 3043 1470 
2073 926 824 3044 3043 
2074 3043 3044 804 3045 
2075 1470 3043 3045 825 
2076 827 845 3046 3047 
2077 3046 1454 829 3048 
2078 3047 3046 3048 811 
2079 835 853 3049 3050 
2080 853 827 3047 3049 
2081 3049 3047 811 3051 
2082 3050 3049 3051 837 
2083 840 3054 3052 3053 
2084 3054 815 1421 3052 
2085 3052 1421 831 856 
2086 3053 3052 856 838 
2087 842 1341 3055 3056 
2088 1341 844 1458 3055 
2089 3055 1458 826 3057 
2090 3056 3055 3057 845 
2091 843 861 3058 3059 
2092 861 842 3056 3058 
2093 3058 3056 845 3060 
2094 3059 3058 3060 827 
2095 831 3063 3061 3062 
2096 3063 848 1424 3061 
2097 3061 1424 846 864 
2098 3062 3061 864 847 
2099 851 1412 3064 3065 
2100 1412 843 3059 3064 
2101 3064 3059 827 3066 
2102 3065 3064 3066 853 
2103 864 3069 3067 3068 
2104 3069 846 1427 3067 
2105 3067 1427 865 1418 
2106 3068 3067 1418 862 
2107 265 3071 3070 3039 
2108 3071 876 3072 3070 
2109 3070 3072 875 1485 
2110 3039 3070 1485 817 
2111 876 3074 3073 3072 
2112 3074 807 960 3073 
2113 3073 960 877 915 
2114 3072 3073 915 875 
2115 238 3076 3075 1017 
2116 3076 891 3077 3075 
2117 3075 3077 890 1023 
2118 1017 3075 1023 869 
2119 891 3079 3078 3077 
2120 3079 126 3080 3078 
2121 3078 3080 892 1037 
2122 3077 3078 1037 890 
2123 907 3082 3081 962 
2124 3082 809 3083 3081 
2125 3081 3083 908 976 
2126 962 3081 976 906 
2127 915 3086 3084 3085 
2128 3086 877 964 3084 
2129 3084 964 916 945 
2130 3085 3084 945 913 
2131 824 1056 3090 3044 
2132 3044 3090 3091 804 
2133 909 978 3092 933 
2134 978 240 3093 3092 
2135 3092 3093 925 3094 
2136 933 3092 3094 924 
2137 3095 3096 926 3097 
2138 1511 3095 3097 823 
2139 928 3099 3098 966 
2140 3099 906 3100 3098 
2141 3098 3100 929 980 
2142 966 3098 980 927 
2143 930 982 3101 949 
2144 982 909 3102 3101 
2145 3101 3102 933 3103 
2146 949 3101 3103 931 
2147 878 3105 3104 1489 
2148 3105 917 1000 3104 
2149 3104 1000 940 1514 
2150 1489 3104 1514 941 
2151 940 1001 3106 1515 
2152 1001 932 3107 3106 
2153 3106 3107 911 3108 
2154 1515 3106 3108 942 
2155 939 986 3109 1004 
2156 986 930 3110 3109 
2157 3109 3110 949 3111 
2158 1004 3109 3111 947 
2159 908 3113 3112 977 
2160 3113 971 1058 3112 
2161 3112 1058 974 3114 
2162 977 3112 3114 240 
2163 954 998 3115 1008 
2164 998 983 3116 3115 
2165 3115 3116 986 3117 
2166 1008 3115 3117 939 
2167 251 3119 3118 2826 
2168 3119 1029 3120 3118 
2169 3118 3120 887 1033 
2170 2826 3118 1033 126 
2171 126 3122 3121 3080 
2172 3122 1033 3123 3121 
2173 3121 3123 1032 1088 
2174 3080 3121 1088 892 
2175 1032 3125 3124 1089 
2176 3125 1034 3126 3124 
2177 3124 3126 886 1103 
2178 1089 3124 1103 1035 
2179 240 3114 3127 3093 
2180 3114 974 3128 3127 
2181 3127 3128 1054 3129 
2182 3093 3127 3129 925 
2183 974 1061 3130 3128 
2184 1061 905 3131 3130 
2185 3130 3131 1055 3132 
2186 3128 3130 3132 1054 
2187 239 3134 3133 1071 
2188 3134 1065 1107 3133 
2189 3133 1107 1064 3135 
2190 1071 3133 3135 1063 
2191 1052 3137 3136 1085 
2192 3137 1076 1118 3136 
2193 3136 1118 1078 3138 
2194 1085 3136 3138 66 
2195 905 1195 3139 3131 
2196 1195 1053 1197 3139 
2197 3139 1197 1079 3140 
2198 3131 3139 3140 1055 
2199 65 3142 3141 1810 
2200 3142 1091 3143 3141 
2201 3141 3143 1090 1787 
2202 1091 3145 3144 3143 
2203 3145 229 3146 3144 
2204 3144 3146 1092 1974 
2205 3143 3144 1974 1090 
2206 1105 1133 3147 3148 
2207 1133 1048 1182 3147 
2208 3147 1182 1112 1151 
2209 3148 3147 1151 1111 
2210 1077 3150 3149 1120 
2211 3150 1111 1150 3149 
2212 3149 1150 1113 3151 
2213 1120 3149 3151 1049 
2214 66 3138 3152 1198 
2215 3138 1078 3153 3152 
2216 3152 3153 1114 3154 
2217 1198 3152 3154 1080 
2218 1078 1121 3155 3153 
2219 1121 1049 3156 3155 
2220 3155 3156 1115 3157 
2221 3153 3155 3157 1114 
2222 1114 3157 3158 3159 
2223 3157 1115 3160 3158 
2224 3158 3160 1073 1251 
2225 3159 3158 1251 1116 
2226 1080 3154 3161 3162 
2227 3154 1114 3159 3161 
2228 3161 3159 1116 3163 
2229 3162 3161 3163 922 
2230 1034 3165 3164 3126 
2231 3165 1122 3166 3164 
2232 3164 3166 1099 1126 
2233 3126 3164 1126 886 
2234 1125 3168 3167 1172 
2235 3168 1127 1751 3167 
2236 3167 1751 1098 1744 
2237 1172 3167 1744 1128 
2238 1745 1144 1735 3169 
2239 3169 1735 1101 2065 
2240 1049 3151 3170 3156 
2241 3151 1113 1162 3170 
2242 3170 1162 1146 3171 
2243 3156 3170 3171 1115 
2244 1115 3171 3172 3160 
2245 3171 1146 1229 3172 
2246 3172 1229 1148 3173 
2247 3160 3172 3173 1073 
2248 1151 3176 3174 3175 
2249 3176 1112 1185 3174 
2250 3174 1185 1152 1167 
2251 3175 3174 1167 1149 
2252 889 1180 3177 3178 
2253 1180 1160 3179 3177 
2254 3177 3179 1174 2082 
2255 3178 3177 2082 1163 
2256 1160 3181 3180 3179 
2257 3181 1145 3182 3180 
2258 3180 3182 1175 2069 
2259 3179 3180 2069 1174 
2260 803 1260 3183 3184 
2261 1260 93 2509 3183 
2262 3183 2509 1214 3185 
2263 3184 3183 3185 1212 
2264 1073 3173 3188 1252 
2265 3173 1148 1239 3188 
2266 3188 1239 1224 3189 
2267 1252 3188 3189 1225 
2268 1224 1241 3190 3191 
2269 3191 3190 3192 1227 
2270 1225 3189 3193 3194 
2271 3189 1224 3191 3193 
2272 3193 3191 1227 3195 
2273 3194 3193 3195 1075 
2274 1240 2159 3196 3197 
2275 3197 3196 3198 1226 
2276 922 3163 3199 3200 
2277 3163 1116 1250 3199 
2278 3199 1250 1246 3201 
2279 3200 3199 3201 1247 
2280 1246 1253 3202 3203 
2281 1253 1225 3194 3202 
2282 3202 3194 1075 3204 
2283 3203 3202 3204 1248 
2284 1247 3201 3205 3206 
2285 3201 1246 3203 3205 
2286 3205 3203 1248 3207 
2287 3206 3205 3207 805 
2288 3211 2418 1259 3212 
2289 1294 3211 3212 1258 
2290 919 3214 3213 1267 
2291 3214 1262 3215 3213 
2292 3213 3215 1261 1566 
2293 1267 3213 1566 1233 
2294 1262 1924 3216 3215 
2295 1924 1137 3217 3216 
2296 3216 3217 1263 3218 
2297 3215 3216 3218 1261 
2298 1261 3218 3219 1567 
2299 3218 1263 3220 3219 
2300 3219 3220 1139 3221 
2301 1567 3219 3221 1264 
2302 1254 2339 3224 3225 
2303 2339 1279 2387 3224 
2304 3224 2387 1277 3226 
2305 3225 3224 3226 1278 
2306 1278 3226 3227 3228 
2307 3226 1277 2394 3227 
2308 3227 2394 1281 3229 
2309 3228 3227 3229 1257 
2310 1268 3231 3230 1288 
2311 3231 1233 3232 3230 
2312 3230 3232 1283 1570 
2313 1288 3230 1570 1282 
2314 1286 2406 3233 3234 
2315 2406 1285 3235 3233 
2316 3233 3235 1289 1619 
2317 3234 3233 1619 1275 
2318 1257 3229 3236 3237 
2319 3229 1281 2408 3236 
2320 3236 2408 1290 3238 
2321 3237 3236 3238 1291 
2322 1290 2409 3239 3240 
2323 2409 1286 3234 3239 
2324 3239 3234 1275 3241 
2325 3240 3239 3241 1292 
2326 1291 3238 3242 3243 
2327 3238 1290 3240 3242 
2328 3242 3240 1292 3244 
2329 3243 3242 3244 1273 
2330 1264 3221 3245 1578 
2331 3221 1139 3246 3245 
2332 3245 3246 1294 3247 
2333 1578 3245 3247 1293 
2334 1289 3249 3248 1620 
2335 3249 1282 3250 3248 
2336 3248 3250 1302 1574 
2337 1620 3248 1574 1300 
2338 160 1468 3251 3252 
2339 3251 1652 1307 3253 
2340 3252 3251 3253 1308 
2341 920 1637 3254 3255 
2342 3254 1593 1313 3256 
2343 3255 3254 3256 1314 
2344 1292 3241 3257 3258 
2345 3241 1275 1618 3257 
2346 3257 1618 1301 1604 
2347 3258 3257 1604 1316 
2348 1325 3260 3259 1624 
2349 3260 1300 3261 3259 
2350 3259 3261 1326 1600 
2351 1624 3259 1600 1323 
2352 814 3263 3262 1375 
2353 3263 1329 3264 3262 
2354 3262 3264 1328 1348 
2355 1375 3262 1348 833 
2356 1328 3266 3265 1349 
2357 3266 1330 3267 3265 
2358 3265 3267 127 1439 
2359 1349 3265 1439 1331 
2360 1333 3269 3268 1379 
2361 3269 833 3270 3268 
2362 3268 3270 1334 1352 
2363 1379 3268 1352 1332 
2364 1336 1441 3271 1459 
2365 1441 1337 1481 3271 
2366 3271 1481 828 3272 
2367 1459 3271 3272 1338 
2368 1332 3274 3273 1383 
2369 3274 1352 3275 3273 
2370 3273 3275 1351 1391 
2371 1383 3273 1391 1345 
2372 262 1448 3276 3277 
2373 1448 160 3252 3276 
2374 3276 3252 1308 3278 
2375 3277 3276 3278 1442 
2376 828 1483 3279 3280 
2377 1483 1437 1526 3279 
2378 3279 1526 1472 3281 
2379 3280 3279 3281 1455 
2380 1475 1520 3282 1531 
2381 1520 1478 3283 3282 
2382 3282 3283 910 3284 
2383 1531 3282 3284 1479 
2384 1480 1500 3285 3286 
2385 1500 1476 1530 3285 
2386 3285 1530 1437 3287 
2387 3286 3285 3287 1483 
2388 1330 3289 3288 3267 
2389 3289 1484 3290 3288 
2390 3288 3290 1436 1496 
2391 3267 3288 1496 127 
2392 1486 3292 3291 1504 
2393 3292 1489 3293 3291 
2394 3291 3293 941 1518 
2395 1504 3291 1518 1477 
2396 1497 1548 3294 3295 
2397 1548 1491 1534 3294 
2398 3294 1534 1476 3296 
2399 3295 3294 3296 1500 
2400 910 1516 3297 1527 
2401 1516 942 3298 3297 
2402 3297 3298 1510 3299 
2403 1527 3297 3299 1473 
2404 942 3108 3300 3298 
2405 3108 911 3301 3300 
2406 3300 3301 1511 3302 
2407 3298 3300 3302 1510 
2408 1491 1552 3303 3304 
2409 1552 1509 1557 3303 
2410 3303 1557 1533 3305 
2411 3304 3303 3305 1534 
2412 1300 3307 3306 3261 
2413 3307 1574 3308 3306 
2414 3306 3308 1573 1589 
2415 3261 3306 1589 1326 
2416 1604 3311 3309 3310 
2417 3311 1301 1622 3309 
2418 3309 1622 1324 1615 
2419 3310 3309 1615 1602 
2420 1632 3314 3312 3313 
2421 3314 1222 3223 3312 
2422 3312 3223 1274 1643 
2423 3313 3312 1643 1630 
2424 1223 1664 3315 1667 
2425 1664 1633 3316 3315 
2426 3315 3316 1638 3317 
2427 1667 3315 3317 1639 
2428 1633 1644 3318 3316 
2429 1644 920 3255 3318 
2430 3318 3255 1314 3319 
2431 3316 3318 3319 1638 
2432 923 3089 3320 3321 
2433 3321 3320 1676 1645 
2434 1650 1685 3322 1698 
2435 1685 1661 3323 3322 
2436 3322 3323 1665 3324 
2437 1698 3322 3324 1666 
2438 1661 1673 3325 3323 
2439 1673 1223 3326 3325 
2440 3325 3326 1667 3327 
2441 3323 3325 3327 1665 
2442 888 3329 3328 1715 
2443 3329 1706 1827 3328 
2444 3328 1827 1705 1724 
2445 1715 3328 1724 1100 
2446 1713 3331 3330 1753 
2447 3331 1715 3332 3330 
2448 3330 3332 1100 1728 
2449 1753 3330 1728 1710 
2450 1141 1931 3333 2140 
2451 1931 1721 1922 3333 
2452 3333 1922 1262 3214 
2453 2140 3333 3214 919 
2454 1710 3335 3334 1757 
2455 3335 1728 3336 3334 
2456 3334 3336 1727 1774 
2457 1757 3334 1774 1719 
2458 1101 1737 3337 2066 
2459 1737 1712 3338 3337 
2460 3337 3338 1731 3339 
2461 2066 3337 3339 1155 
2462 1712 1772 3340 3338 
2463 1772 236 3341 3340 
2464 3340 3341 1732 3342 
2465 3338 3340 3342 1731 
2466 1155 3339 3343 2037 
2467 3339 1731 3344 3343 
2468 3343 3344 1733 3345 
2469 2037 3343 3345 1140 
2470 1754 3347 3346 1769 
2471 3347 1757 3348 3346 
2472 3346 3348 1719 1778 
2473 1769 3346 1778 1740 
2474 235 3350 3349 1814 
2475 3350 1787 3351 3349 
2476 3349 3351 1786 1855 
2477 1814 3349 1855 1096 
2478 1786 3353 3352 1856 
2479 3353 1788 3354 3352 
2480 3352 3354 1093 1964 
2481 1856 3352 1964 1789 
2482 1791 3356 3355 1818 
2483 3356 1096 3357 3355 
2484 3355 3357 1792 1859 
2485 1818 3355 1859 1790 
2486 1800 1865 3358 1839 
2487 1865 1803 3359 3358 
2488 3358 3359 1793 3360 
2489 1839 3358 3360 1804 
2490 1815 3362 3361 1849 
2491 3362 1818 3363 3361 
2492 3361 3363 1790 1863 
2493 1849 3361 1863 1802 
2494 1821 3365 3364 1853 
2495 3365 1802 3366 3364 
2496 3364 3366 1822 1867 
2497 1853 3364 1867 1819 
2498 1826 3369 3367 3368 
2499 3369 1816 1847 3367 
2500 3367 1847 1707 1831 
2501 3368 3367 1831 1806 
2502 1831 3372 3370 3371 
2503 3372 1707 1851 3370 
2504 3370 1851 1820 1883 
2505 3371 3370 1883 1829 
2506 1823 1869 3373 1891 
2507 1869 1800 3374 3373 
2508 3373 3374 1839 3375 
2509 1891 3373 3375 1837 
2510 1792 3377 3376 1860 
2511 3377 1854 3378 3376 
2512 3376 3378 1857 2186 
2513 1860 3376 2186 50 
2514 1807 1880 3379 3380 
2515 1880 1097 3381 3379 
2516 3379 3381 1834 1927 
2517 3380 3379 1927 1875 
2518 1832 1884 3382 3383 
2519 1884 1801 1890 3382 
2520 3382 1890 1838 3384 
2521 3383 3382 3384 1878 
2522 1888 1908 3385 3386 
2523 1908 1841 1910 3385 
2524 3385 1910 1894 3387 
2525 3386 3385 3387 1902 
2526 1721 1935 3388 3389 
2527 1935 1877 1943 3388 
2528 3388 1943 1921 3390 
2529 3389 3388 3390 1922 
2530 1137 1941 3391 3217 
2531 1941 1799 2212 3391 
2532 3391 2212 1936 3392 
2533 3217 3391 3392 1263 
2534 1263 3392 3393 3220 
2535 3392 1936 3394 3393 
2536 3393 3394 1938 3395 
2537 3220 3393 3395 1139 
2538 3397 1970 3398 3396 
2539 3396 3398 1956 1999 
2540 1788 3400 3399 3354 
2541 3400 1973 3401 3399 
2542 3399 3401 1960 1977 
2543 3354 3399 1977 1093 
2544 1965 3403 3402 1996 
2545 3403 1976 2013 3402 
2546 3402 2013 1979 3404 
2547 1996 3402 3404 1795 
2548 1259 2420 3405 3406 
2549 2420 1986 2512 3405 
2550 3405 2512 1988 3407 
2551 3406 3405 3407 93 
2552 1961 3409 3408 2018 
2553 3409 1998 3410 3408 
2554 3408 3410 2001 2462 
2555 2018 3408 2462 1135 
2556 1795 3404 3411 3412 
2557 3404 1979 2025 3411 
2558 3411 2025 2009 3413 
2559 3412 3411 3413 1991 
2560 2009 2027 3414 3415 
2561 2027 2010 3416 3414 
2562 3414 3416 1962 2487 
2563 3415 3414 2487 2011 
2564 1991 3413 3417 3418 
2565 3413 2009 3415 3417 
2566 3417 3415 2011 2476 
2567 3418 3417 2476 1134 
2568 1959 2023 3419 2026 
2569 2023 2005 3420 3419 
2570 3419 3420 2017 3421 
2571 2026 3419 3421 2010 
2572 2010 3421 3422 3416 
2573 3421 2017 3423 3422 
2574 3422 3423 2019 2459 
2575 3416 3422 2459 1962 
2576 2034 2114 3424 2050 
2577 2114 2035 3425 3424 
2578 3424 3425 2038 2149 
2579 2041 3427 3426 2074 
2580 3427 1154 3428 3426 
2581 3426 3428 2042 2116 
2582 2074 3426 2116 2039 
2583 2043 2118 3429 2092 
2584 2118 2034 3430 3429 
2585 3429 3430 2050 3431 
2586 2092 3429 3431 2048 
2587 2048 3431 3432 3433 
2588 3431 2050 3434 3432 
2589 3432 3434 1156 2154 
2590 3433 3432 2154 2051 
2591 2049 2093 3435 3436 
2592 2093 2048 3433 3435 
2593 3435 3433 2051 2162 
2594 3436 3435 2162 1243 
2595 2052 2122 3437 2096 
2596 2122 2055 3438 3437 
2597 3437 3438 2043 3439 
2598 2096 3437 3439 2056 
2599 2047 2063 3440 3441 
2600 2063 2033 2091 3440 
2601 3440 2091 2049 3442 
2602 3441 3440 3442 2057 
2603 2057 3442 3443 3444 
2604 3442 2049 3436 3443 
2605 3443 3436 1243 3445 
2606 3444 3443 3445 2059 
2607 2060 2089 3446 3447 
2608 2089 2053 2095 3446 
2609 3446 2095 2033 3448 
2610 3447 3446 3448 2063 
2611 1175 3450 3449 2070 
2612 3450 2064 3451 3449 
2613 3449 3451 2036 2112 
2614 2070 3449 2112 1154 
2615 2071 3453 3452 2106 
2616 3453 2074 3454 3452 
2617 3452 3454 2039 2120 
2618 2106 3452 2120 2054 
2619 2077 3456 3455 2110 
2620 3456 2054 3457 3455 
2621 3455 3457 2078 2124 
2622 2110 3455 2124 2075 
2623 2083 3460 3458 3459 
2624 3460 2072 2104 3458 
2625 3458 2104 2040 2088 
2626 3459 3458 2088 2062 
2627 1140 3345 3461 2142 
2628 3345 1733 3462 3461 
2629 3461 3462 2139 2269 
2630 2141 3464 3463 2234 
2631 3464 2142 3465 3463 
2632 3463 3465 1236 2307 
2633 2234 3463 2307 2143 
2634 2145 2163 3466 3467 
2635 2163 2144 2173 3466 
2636 3466 2173 2147 3468 
2637 3467 3466 3468 1242 
2638 2059 3445 3469 3470 
2639 3445 1243 2161 3469 
2640 3469 2161 2145 3471 
2641 3470 3469 3471 2157 
2642 2157 3471 3472 3473 
2643 3471 2145 3467 3472 
2644 3472 3467 1242 3474 
2645 3473 3472 3474 2159 
2646 1226 3198 3475 3476 
2647 3476 3475 3477 2165 
2648 2165 3477 3478 3479 
2649 3479 3478 3480 918 
2650 2147 2175 3481 3482 
2651 2175 1244 3483 3481 
2652 3481 3483 2170 2250 
2653 3482 3481 2250 2168 
2654 2197 2220 3484 3485 
2655 2220 2135 2222 3484 
2656 3484 2222 2203 3486 
2657 3485 3484 3486 2214 
2658 1244 3488 3487 3483 
2659 3488 2151 3489 3487 
2660 3487 3489 2233 2242 
2661 3483 3487 2242 2170 
2662 2237 2255 3490 3491 
2663 2255 2236 3492 3490 
2664 3490 3492 2239 2291 
2665 3491 3490 2291 2166 
2666 2171 2251 3493 3494 
2667 2251 1235 2253 3493 
2668 3493 2253 2237 3495 
2669 3494 3493 3495 2245 
2670 2245 3495 3496 3497 
2671 3495 2237 3491 3496 
2672 3496 3491 2166 3498 
2673 3497 3496 3498 2247 
2674 2266 2312 3499 2299 
2675 2312 2272 3500 3499 
2676 3499 3500 2275 3501 
2677 2299 3499 3501 2232 
2678 1227 3192 3502 3503 
2679 3503 3502 3504 2281 
2680 2281 3504 3505 3506 
2681 3506 3505 3314 1632 
2682 3510 2338 1254 3512 
2683 3511 3510 3512 2285 
2684 2247 3498 3513 3514 
2685 3498 2166 2290 3513 
2686 3513 2290 2265 3515 
2687 3514 3513 3515 2286 
2688 2286 3515 3516 3517 
2689 3515 2265 2318 3516 
2690 3516 2318 1237 3518 
2691 3517 3516 3518 2288 
2692 2267 2300 3519 3520 
2693 2300 2232 3521 3519 
2694 3519 3521 2295 2362 
2695 3520 3519 2362 2293 
2696 2280 2316 3522 2322 
2697 2316 2266 3523 3522 
2698 3522 3523 2299 3524 
2699 2322 3522 3524 2297 
2700 1142 3526 3525 2341 
2701 3526 2271 3527 3525 
2702 3525 3527 2329 2370 
2703 2341 3525 2370 2263 
2704 2232 3501 3528 3521 
2705 3501 2275 3529 3528 
2706 3528 3529 2340 2353 
2707 3521 3528 2353 2295 
2708 2340 3531 3530 2354 
2709 3531 2341 3532 3530 
2710 3530 3532 2263 2374 
2711 2354 3530 2374 2334 
2712 2351 3534 3533 2366 
2713 3534 2354 3535 3533 
2714 3533 3535 2334 2378 
2715 2366 3533 2378 2344 
2716 1992 3538 3536 3537 
2717 3538 1134 2475 3536 
2718 3536 2475 2422 2533 
2719 3537 3536 2533 2421 
2720 2453 2538 3539 3540 
2721 2538 2452 2519 3539 
2722 3539 2519 2456 3541 
2723 3540 3539 3541 1987 
2724 2458 3544 3542 3543 
2725 3544 2457 2655 3542 
2726 3542 2655 2446 2627 
2727 3543 3542 2627 2431 
2728 2446 3547 3545 3546 
2729 3547 2471 2659 3545 
2730 3545 2659 2469 2631 
2731 3546 3545 2631 2470 
2732 2475 3550 3548 3549 
2733 3550 2474 2489 3548 
2734 3548 2489 2454 2537 
2735 3549 3548 2537 2422 
2736 2479 3552 3551 2494 
2737 3552 2431 2626 3551 
2738 3551 2626 2445 3553 
2739 2494 3551 3553 2478 
2740 2478 3553 3554 2564 
2741 3553 2445 2687 3554 
2742 3554 2687 2006 3555 
2743 2564 3554 3555 2480 
2744 2482 2542 3556 3557 
2745 2542 2481 2523 3556 
2746 3556 2523 2485 3558 
2747 3557 3556 3558 2452 
2748 2486 3560 3559 2503 
2749 3560 2458 3543 3559 
2750 3559 3543 2431 3552 
2751 2503 3559 3552 2479 
2752 2489 3563 3561 3562 
2753 3563 2488 2548 3561 
2754 3561 2548 2483 2541 
2755 3562 3561 2541 2454 
2756 2483 3566 3564 3565 
2757 3566 2498 2552 3564 
2758 3564 2552 2496 2545 
2759 3565 3564 2545 2497 
2760 2491 3568 3567 2550 
2761 3568 2501 3569 3567 
2762 3567 3569 2493 2505 
2763 2550 3567 2505 2434 
2764 2434 3571 3570 2554 
2765 3571 2505 3572 3570 
2766 3570 3572 2504 2570 
2767 2554 3570 2570 2499 
2768 2423 2534 3573 3574 
2769 2534 1987 2515 3573 
2770 3573 2515 2450 3575 
2771 3574 3573 3575 2511 
2772 2481 2546 3576 3577 
2773 2546 2500 2578 3576 
2774 3576 2578 2522 3578 
2775 3577 3576 3578 2523 
2776 2484 2572 3579 2579 
2777 2572 2507 3580 3579 
2778 3579 3580 2566 3581 
2779 2579 3579 3581 2524 
2780 2526 2596 3582 2599 
2781 2596 2576 3583 3582 
2782 3582 3583 2590 3584 
2783 2599 3582 3584 2583 
2784 2460 3586 3585 2657 
2785 3586 2606 3587 3585 
2786 3585 3587 2466 2610 
2787 2657 3585 2610 2430 
2788 2430 3589 3588 2661 
2789 3589 2610 3590 3588 
2790 3588 3590 2609 2667 
2791 2661 3588 2667 2472 
2792 2631 3593 3591 3592 
2793 3593 2469 2663 3591 
2794 3591 2663 2621 2707 
2795 3592 3591 2707 2629 
2796 2447 2669 3594 2647 
2797 2669 2612 3595 3594 
2798 3594 3595 2642 3596 
2799 2647 3594 3596 2618 
2800 2624 2673 3597 2694 
2801 2673 2447 3598 3597 
2802 3597 3598 2647 3599 
2803 2694 3597 3599 2645 
2804 2650 2712 3600 3601 
2805 2712 2649 2697 3600 
2806 3600 2697 2653 3602 
2807 3601 3600 3602 2473 
2808 2663 3605 3603 3604 
2809 3605 2662 2718 3603 
2810 3603 2718 2651 2711 
2811 3604 3603 2711 2621 
2812 2652 2685 3606 2698 
2813 2685 2670 3607 3606 
2814 3606 3607 2673 3608 
2815 2698 3606 3608 2624 
2816 2651 3611 3609 3610 
2817 3611 2676 2722 3609 
2818 3609 2722 2674 2715 
2819 3610 3609 2715 2675 
2820 2665 3613 3612 2720 
2821 3613 2679 3614 3612 
2822 3612 3614 2671 2683 
2823 2720 3612 2683 2620 
2824 2632 2708 3615 3616 
2825 2708 2473 2693 3615 
2826 3615 2693 2646 3617 
2827 3616 3615 3617 2689 
2828 144 174 3618 2788 
2829 174 146 3619 3618 
2830 3618 3619 128 3004 
2831 2788 3618 3004 147 
2832 153 3621 3620 2795 
2833 3621 155 2800 3620 
2834 3620 2800 129 172 
2835 2795 3620 172 145 
2836 167 204 3622 3623 
2837 204 169 2806 3622 
2838 3622 2806 130 3624 
2839 3623 3622 3624 170 
2840 146 196 3625 3619 
2841 196 167 3623 3625 
2842 3625 3623 170 3626 
2843 3619 3625 3626 128 
2844 252 3628 3627 2829 
2845 3628 254 3629 3627 
2846 3627 3629 124 2821 
2847 2829 3627 2821 242 
2848 322 401 3630 3631 
2849 3631 3630 3632 325 
2850 323 372 3633 3634 
2851 372 322 3631 3633 
2852 3633 3631 325 3635 
2853 3634 3633 3635 91 
2854 337 2858 3636 3637 
2855 2858 323 3634 3636 
2856 3636 3634 91 3638 
2857 3637 3636 3638 339 
2858 344 3641 3639 3640 
2859 3641 347 2876 3639 
2860 3639 2876 290 383 
2861 3640 3639 383 308 
2862 345 3644 3642 3643 
2863 3644 344 3640 3642 
2864 3642 3640 308 350 
2865 3643 3642 350 88 
2866 330 391 3645 3646 
2867 391 310 2873 3645 
2868 3645 2873 371 3647 
2869 3646 3645 3647 369 
2870 399 425 3648 3649 
2871 425 400 2888 3648 
2872 3648 2888 324 3650 
2873 3649 3648 3650 401 
2874 371 2874 3651 3652 
2875 2874 399 3649 3651 
2876 3651 3649 401 3653 
2877 3652 3651 3653 322 
2878 410 3656 3654 3655 
2879 3656 358 2891 3654 
2880 3654 2891 411 437 
2881 3655 3654 437 409 
2882 440 592 3657 3658 
2883 592 441 2975 3657 
2884 3657 2975 95 3659 
2885 3658 3657 3659 442 
2886 320 507 3660 3661 
2887 507 440 3658 3660 
2888 3660 3658 442 3662 
2889 3661 3660 3662 96 
2890 291 2871 3663 3664 
2891 3663 2912 455 3665 
2892 3664 3663 3665 456 
2893 459 514 3666 3667 
2894 514 461 2934 3666 
2895 3666 2934 59 3668 
2896 3667 3666 3668 462 
2897 460 2916 3669 3670 
2898 2916 459 3667 3669 
2899 3669 3667 462 3671 
2900 3670 3669 3671 398 
2901 497 3673 3672 532 
2902 3673 499 3674 3672 
2903 3672 3674 443 2931 
2904 532 3672 2931 500 
2905 520 2941 3675 2943 
2906 2941 521 3676 3675 
2907 3675 3676 428 3677 
2908 2943 3675 3677 498 
2909 521 2951 3678 3676 
2910 2951 560 3679 3678 
2911 3678 3679 562 3680 
2912 3676 3678 3680 428 
2913 59 2935 3681 3682 
2914 2935 510 2969 3681 
2915 3681 2969 579 3683 
2916 3682 3681 3683 580 
2917 619 3685 3684 2979 
2918 3685 572 3686 3684 
2919 3684 3686 620 2981 
2920 2979 3684 2981 618 
2921 572 3688 3687 3686 
2922 3688 721 3689 3687 
2923 3687 3689 720 3007 
2924 3686 3687 3007 620 
2925 721 3691 3690 3689 
2926 3691 573 3692 3690 
2927 3690 3692 722 737 
2928 3689 3690 737 720 
2929 573 3694 3693 3692 
2930 3694 733 3695 3693 
2931 3693 3695 732 3012 
2932 3692 3693 3012 722 
2933 733 3697 3696 3695 
2934 3697 718 3698 3696 
2935 3696 3698 734 3010 
2936 3695 3696 3010 732 
2937 128 3626 3699 3005 
2938 3626 170 3700 3699 
2939 3699 3700 760 3017 
2940 3005 3699 3017 719 
2941 170 3624 3701 3700 
2942 3624 130 3702 3701 
2943 3701 3702 761 3703 
2944 3700 3701 3703 760 
2945 760 3703 3704 3018 
2946 3703 761 3028 3704 
2947 3704 3028 5 3014 
2948 3018 3704 3014 749 
2949 718 3706 3705 3698 
2950 3706 763 3707 3705 
2951 3705 3707 762 771 
2952 3698 3705 771 734 
2953 782 3021 3708 3709 
2954 3021 784 3035 3708 
2955 3708 3035 259 3710 
2956 3709 3708 3710 785 
2957 750 791 3711 3712 
2958 791 782 3709 3711 
2959 3711 3709 785 3713 
2960 3712 3711 3713 260 
2961 130 2807 3714 3702 
2962 2807 200 3023 3714 
2963 3714 3023 786 3029 
2964 3702 3714 3029 761 
2965 254 3716 3715 3629 
2966 3716 879 3717 3715 
2967 3715 3717 868 884 
2968 3629 3715 884 124 
2969 914 3720 3718 3719 
2970 3720 913 944 3718 
2971 3718 944 917 3105 
2972 3719 3718 3105 878 
2973 924 3094 3721 3096 
2974 3094 925 3722 3721 
2975 3721 3722 824 3723 
2976 3096 3721 3723 926 
2977 932 950 3724 3107 
2978 950 931 3725 3724 
2979 3724 3725 934 3726 
2980 3107 3724 3726 911 
2981 809 3728 3727 3083 
2982 3728 972 3729 3727 
2983 3727 3729 971 3113 
2984 3083 3727 3113 908 
2985 972 3731 3730 3729 
2986 3731 903 3732 3730 
2987 3730 3732 973 1059 
2988 3729 3730 1059 971 
2989 1029 3734 3733 3120 
2990 3734 1031 3735 3733 
2991 3733 3735 233 1123 
2992 3120 3733 1123 887 
2993 1033 3737 3736 3123 
2994 3737 887 3738 3736 
2995 3736 3738 1034 3125 
2996 3123 3736 3125 1032 
2997 903 3740 3739 3732 
2998 3740 1051 3741 3739 
2999 3739 3741 1050 1194 
3000 3732 3739 1194 973 
3001 1051 3743 3742 3741 
3002 3743 904 3744 3742 
3003 3742 3744 1052 1084 
3004 3741 3742 1084 1050 
3005 925 3129 3745 3722 
3006 3129 1054 3746 3745 
3007 3745 3746 1056 3747 
3008 3722 3745 3747 824 
3009 1062 1072 3748 3749 
3010 1072 1063 3750 3748 
3011 3748 3750 904 3743 
3012 3749 3748 3743 1051 
3013 1041 3753 3751 3752 
3014 3753 1062 3749 3751 
3015 3751 3749 1051 3740 
3016 3752 3751 3740 903 
3017 1063 3135 3754 3750 
3018 3135 1064 3755 3754 
3019 3754 3755 1067 3756 
3020 3750 3754 3756 904 
3021 904 3756 3757 3744 
3022 3756 1067 3758 3757 
3023 3757 3758 1076 3137 
3024 3744 3757 3137 1052 
3025 1067 3760 3759 3758 
3026 3760 1047 3761 3759 
3027 3759 3761 1077 1119 
3028 3758 3759 1119 1076 
3029 1079 1199 3762 3763 
3030 1199 1080 3162 3762 
3031 3762 3162 922 3764 
3032 3763 3762 3764 1081 
3033 1055 3140 3765 3766 
3034 3140 1079 3763 3765 
3035 3765 3763 1081 3767 
3036 3766 3765 3767 921 
3037 1047 3769 3768 3761 
3038 3769 1105 3148 3768 
3039 3768 3148 1111 3150 
3040 3761 3768 3150 1077 
3041 887 3771 3770 3738 
3042 3771 1123 3772 3770 
3043 3770 3772 1122 3165 
3044 3738 3770 3165 1034 
3045 1122 3774 3773 3166 
3046 3774 1124 3775 3773 
3047 3773 3775 888 1714 
3048 3166 3773 1714 1099 
3049 1157 3777 3776 1179 
3050 3777 1159 3778 3776 
3051 3776 3778 1145 3181 
3052 1179 3776 3181 1160 
3053 1153 1169 3779 3780 
3054 1169 889 3178 3779 
3055 3779 3178 1163 3781 
3056 3780 3779 3781 1161 
3057 1161 3781 3782 3783 
3058 3781 1163 2081 3782 
3059 3782 2081 1147 3784 
3060 3783 3782 3784 1164 
3061 92 1219 3785 3786 
3062 1219 803 3184 3785 
3063 3785 3184 1212 3787 
3064 3786 3785 3787 1213 
3065 1164 3784 3788 3789 
3066 3784 1147 2045 3788 
3067 3788 2045 1230 3790 
3068 3789 3788 3790 1228 
3069 1228 3790 3791 3792 
3070 3790 1230 2058 3791 
3071 3791 2058 1074 3793 
3072 3792 3791 3793 1231 
3073 1231 3793 3794 3795 
3074 3793 1074 2158 3794 
3075 3794 2158 1240 3796 
3076 3795 3794 3796 1238 
3077 1238 3796 3797 3798 
3078 3796 1240 3197 3797 
3079 3797 3197 1226 3799 
3080 3798 3797 3799 1241 
3081 1258 3212 3800 3801 
3082 3212 1259 3406 3800 
3083 3800 3406 93 3802 
3084 3801 3800 3802 1260 
3085 1218 1295 3803 3804 
3086 1295 1258 3801 3803 
3087 3803 3801 1260 3805 
3088 3804 3803 3805 803 
3089 1265 3807 3806 2368 
3090 3807 1267 3808 3806 
3091 3806 3808 1233 3231 
3092 2368 3806 3231 1268 
3093 1285 3810 3809 3235 
3094 3810 1288 3811 3809 
3095 3809 3811 1282 3249 
3096 3235 3809 3249 1289 
3097 162 1309 3812 3813 
3098 1309 92 3786 3812 
3099 3812 3786 1213 3814 
3100 3813 3812 3814 1304 
3101 1273 3244 3815 3816 
3102 3244 1292 3258 3815 
3103 3815 3258 1316 3817 
3104 3816 3815 3817 1317 
3105 1317 3817 3818 3819 
3106 3817 1316 1603 3818 
3107 3818 1603 1318 3820 
3108 3819 3818 3820 1276 
3109 1329 3822 3821 3264 
3110 3822 817 3823 3821 
3111 3821 3823 1330 3266 
3112 3264 3821 3266 1328 
3113 97 2832 3824 3825 
3114 2832 262 3277 3824 
3115 3824 3277 1442 3826 
3116 3825 3824 3826 1443 
3117 1338 3272 3827 3828 
3118 3272 828 3280 3827 
3119 3827 3280 1455 3829 
3120 3828 3827 3829 1453 
3121 817 3831 3830 3823 
3122 3831 1485 3832 3830 
3123 3830 3832 1484 3289 
3124 3823 3830 3289 1330 
3125 1484 3834 3833 3290 
3126 3834 914 3719 3833 
3127 3833 3719 878 1488 
3128 3290 3833 1488 1436 
3129 1276 3820 3835 3836 
3130 3820 1318 1611 3835 
3131 3835 1611 1592 3837 
3132 3836 3835 3837 1593 
3133 1220 3840 3838 3839 
3134 3840 1632 3313 3838 
3135 3838 3313 1630 1663 
3136 3839 3838 1663 1631 
3137 804 3091 3841 3842 
3138 3091 923 3321 3841 
3139 3841 3321 1645 3843 
3140 3842 3841 3843 1467 
3141 1467 3843 3844 3845 
3142 3843 1645 1675 3844 
3143 3844 1675 1646 3846 
3144 3845 3844 3846 806 
3145 1649 3849 3847 3848 
3146 3849 1220 3839 3847 
3147 3847 3839 1631 1659 
3148 3848 3847 1659 1647 
3149 806 3846 3850 3851 
3150 3846 1646 1687 3850 
3151 3850 1687 1651 3852 
3152 3851 3850 3852 1652 
3153 1731 3342 3853 3344 
3154 3342 1732 3854 3853 
3155 3853 3854 1141 3855 
3156 3344 3853 3855 1733 
3157 1787 3857 3856 3351 
3158 3857 1090 3858 3856 
3159 3856 3858 1788 3353 
3160 3351 3856 3353 1786 
3161 1031 3860 3859 3735 
3162 3860 1808 3861 3859 
3163 3859 3861 1095 1825 
3164 3735 3859 1825 233 
3165 1124 3863 3862 3775 
3166 3863 1824 3864 3862 
3167 3862 3864 1706 3329 
3168 3775 3862 3329 888 
3169 1097 1840 3865 3381 
3170 1840 1804 3866 3865 
3171 3865 3866 1833 3867 
3172 3381 3865 3867 1834 
3173 1804 3360 3868 3866 
3174 3360 1793 3869 3868 
3175 3868 3869 1835 3870 
3176 3866 3868 3870 1833 
3177 1834 3867 3871 1928 
3178 3867 1833 3872 3871 
3179 3871 3872 1836 3873 
3180 1928 3871 3873 1722 
3181 1096 3875 3874 3357 
3182 3875 1855 3876 3874 
3183 3874 3876 1854 3377 
3184 3357 3874 3377 1792 
3185 1708 3879 3877 3878 
3186 3879 1807 3380 3877 
3187 3877 3380 1875 1934 
3188 3878 3877 1934 1876 
3189 1936 2213 3880 3394 
3190 2213 1937 3881 3880 
3191 3880 3881 802 3882 
3192 3394 3880 3882 1938 
3193 1722 3873 3883 1944 
3194 3873 1836 3884 3883 
3195 3883 3884 1939 3885 
3196 1944 3883 3885 1923 
3197 229 3887 3886 3146 
3198 3887 1971 3888 3886 
3199 3886 3888 1970 3397 
3200 3146 3886 3397 1092 
3201 1090 3890 3889 3858 
3202 3890 1974 3891 3889 
3203 3889 3891 1973 3400 
3204 3858 3889 3400 1788 
3205 1973 3893 3892 3401 
3206 3893 1975 3894 3892 
3207 3892 3894 232 2003 
3208 3401 3892 2003 1960 
3209 1966 1997 3895 3896 
3210 1997 1795 3412 3895 
3211 3895 3412 1991 3897 
3212 3896 3895 3897 1989 
3213 1989 3897 3898 3899 
3214 3897 1991 3418 3898 
3215 3898 3418 1134 3538 
3216 3899 3898 3538 1992 
3217 232 3901 3900 2004 
3218 3901 1999 3902 3900 
3219 3900 3902 1998 3409 
3220 2004 3900 3409 1961 
3221 2017 3904 3903 3423 
3222 3904 2018 3905 3903 
3223 3903 3905 1135 2607 
3224 3423 3903 2607 2019 
3225 1145 3907 3906 3182 
3226 3907 2065 3908 3906 
3227 3906 3908 2064 3450 
3228 3182 3906 3450 1175 
3229 1937 2201 3909 3881 
3230 2201 2132 3910 3909 
3231 3909 3910 2133 3911 
3232 3881 3909 3911 802 
3233 1733 3855 3912 3462 
3234 3855 1141 3913 3912 
3235 3912 3913 2140 3914 
3236 3462 3912 3914 2139 
3237 2139 3914 3915 2270 
3238 3914 2140 3916 3915 
3239 3915 3916 919 3917 
3240 2270 3915 3917 1266 
3241 2038 3919 3918 2150 
3242 3919 1140 3920 3918 
3243 3918 3920 2142 3464 
3244 2150 3918 3464 2141 
3245 2146 3922 3921 2174 
3246 3922 2148 3923 3921 
3247 3921 3923 2151 3488 
3248 2174 3921 3488 1244 
3249 1242 3468 3924 3925 
3250 3468 2147 3482 3924 
3251 3924 3482 2168 3926 
3252 3925 3924 3926 2169 
3253 2169 3926 3927 3928 
3254 3926 2168 2249 3927 
3255 3927 2249 2171 3929 
3256 3928 3927 3929 1245 
3257 2236 3931 3930 3492 
3258 3931 2238 3932 3930 
3259 3930 3932 2230 2278 
3260 3492 3930 2278 2239 
3261 1245 3929 3933 3934 
3262 3929 2171 3494 3933 
3263 3933 3494 2245 3935 
3264 3934 3933 3935 2246 
3265 2246 3935 3936 3937 
3266 3935 2245 3497 3936 
3267 3936 3497 2247 3938 
3268 3937 3936 3938 2164 
3269 2231 3940 3939 2274 
3270 3940 2268 3941 3939 
3271 3939 3941 2271 3526 
3272 2274 3939 3526 1142 
3273 1075 3195 3942 3943 
3274 3195 1227 3503 3942 
3275 3942 3503 2281 3944 
3276 3943 3942 3944 2282 
3277 2282 3944 3945 3946 
3278 3944 2281 3506 3945 
3279 3945 3506 1632 3840 
3280 3946 3945 3840 1220 
3281 918 3480 3947 3948 
3282 3948 3947 3949 2284 
3283 2284 3949 3950 3951 
3284 3950 3511 2285 3952 
3285 3951 3950 3952 1255 
3286 2164 3938 3953 3954 
3287 3938 2247 3514 3953 
3288 3953 3514 2286 3955 
3289 3954 3953 3955 2287 
3290 2287 3955 3956 3957 
3291 3955 2286 3517 3956 
3292 3956 3517 2288 3958 
3293 3957 3956 3958 2167 
3294 1237 2319 3959 3960 
3295 2319 2267 3520 3959 
3296 3959 3520 2293 3961 
3297 3960 3959 3961 2294 
3298 2294 3961 3962 3963 
3299 3961 2293 2361 3962 
3300 3962 2361 2296 3964 
3301 3963 3962 3964 2262 
3302 2238 3966 3965 3932 
3303 3966 2306 3967 3965 
3304 3965 3967 2273 2310 
3305 3932 3965 2310 2230 
3306 2262 3964 3968 3969 
3307 3964 2296 2348 3968 
3308 3968 2348 2337 3970 
3309 3969 3968 3970 2338 
3310 2275 3972 3971 3529 
3311 3972 1142 3973 3971 
3312 3971 3973 2341 3531 
3313 3529 3971 3531 2340 
3314 589 2973 3974 3975 
3315 2973 97 3825 3974 
3316 3974 3825 1443 3976 
3317 3975 3974 3976 2781 
3318 2844 3979 3977 3978 
3319 3979 345 3643 3977 
3320 3977 3643 88 2849 
3321 3978 3977 2849 316 
3322 325 3632 3980 3981 
3323 3632 291 3664 3980 
3324 3980 3664 456 3982 
3325 3981 3980 3982 2850 
3326 420 2886 3983 3984 
3327 2886 396 2915 3983 
3328 3983 2915 460 3985 
3329 3984 3983 3985 2869 
3330 2869 3985 3986 3987 
3331 3985 460 3670 3986 
3332 3986 3670 398 3988 
3333 3987 3986 3988 2871 
3334 499 3990 3989 3674 
3335 3990 2903 3991 3989 
3336 3989 3991 576 2963 
3337 3674 3989 2963 443 
3338 462 3668 3992 3993 
3339 3668 59 3682 3992 
3340 3992 3682 580 3994 
3341 3993 3992 3994 2911 
3342 1081 3764 3995 3996 
3343 3764 922 3200 3995 
3344 3995 3200 1247 3997 
3345 3996 3995 3997 3087 
3346 3087 3997 3998 3999 
3347 3997 1247 3206 3998 
3348 3998 3206 805 4000 
3349 3999 3998 4000 3089 
3350 911 3726 4001 3301 
3351 3726 934 4002 4001 
3352 4001 4002 3095 4003 
3353 3301 4001 4003 1511 
3354 1159 4005 4004 3778 
3355 4005 3169 4006 4004 
3356 4004 4006 2065 3907 
3357 3778 4004 3907 1145 
3358 1248 3204 4007 4008 
3359 3204 1075 3943 4007 
3360 4007 3943 2282 4009 
3361 4008 4007 4009 3186 
3362 3186 4009 4010 4011 
3363 4009 2282 3946 4010 
3364 4010 3946 1220 3849 
3365 4011 4010 3849 1649 
3366 1241 3799 4012 4013 
3367 3799 1226 3476 4012 
3368 4012 3476 2165 4014 
3369 4013 4012 4014 3190 
3370 3190 4014 4015 4016 
3371 4014 2165 3479 4015 
3372 4015 3479 918 4017 
3373 4016 4015 4017 3192 
3374 2159 3474 4018 4019 
3375 3474 1242 3925 4018 
3376 4018 3925 2169 4020 
3377 4019 4018 4020 3196 
3378 3196 4020 4021 4022 
3379 4020 2169 3928 4021 
3380 4021 3928 1245 4023 
3381 4022 4021 4023 3198 
3382 2285 3512 4024 4025 
3383 3512 1254 3225 4024 
3384 4024 3225 1278 4026 
3385 4025 4024 4026 3208 
3386 3208 4026 4027 4028 
3387 4026 1278 3228 4027 
3388 4027 3228 1257 4029 
3389 4028 4027 4029 3210 
3390 1139 3395 4030 3246 
3391 3395 1938 4031 4030 
3392 4030 4031 3211 4032 
3393 3246 4030 4032 1294 
3394 1938 3882 4033 4031 
3395 3882 802 4034 4033 
3396 4033 4034 2418 4035 
3397 4031 4033 4035 3211 
3398 3210 4029 4036 4037 
3399 4029 1257 3237 4036 
3400 4036 3237 1291 4038 
3401 4037 4036 4038 3222 
3402 3222 4038 4039 4040 
3403 4038 1291 3243 4039 
3404 4039 3243 1273 4041 
3405 4040 4039 4041 1636 
3406 1975 4043 4042 3894 
3407 4043 3396 4044 4042 
3408 4042 4044 1999 3901 
3409 3894 4042 3901 232 
3410 3198 4023 4045 4046 
3411 4023 1245 3934 4045 
3412 4045 3934 2246 4047 
3413 4046 4045 4047 3475 
3414 3475 4047 4048 4049 
3415 4047 2246 3937 4048 
3416 4048 3937 2164 4050 
3417 4049 4048 4050 3477 
3418 3477 4050 4051 4052 
3419 4050 2164 3954 4051 
3420 4051 3954 2287 4053 
3421 4052 4051 4053 3478 
3422 3478 4053 4054 4055 
3423 4053 2287 3957 4054 
3424 4054 3957 2167 4056 
3425 4055 4054 4056 3480 
3426 3192 4017 4057 4058 
3427 4017 918 3948 4057 
3428 4057 3948 2284 4059 
3429 4058 4057 4059 3502 
3430 3502 4059 4060 4061 
3431 4059 2284 3951 4060 
3432 4060 3951 1255 4062 
3433 4061 4060 4062 3504 
3434 2288 3518 4063 4064 
3435 3518 1237 3960 4063 
3436 4063 3960 2294 4065 
3437 4064 4063 4065 3507 
3438 3507 4065 4066 4067 
3439 4065 2294 3963 4066 
3440 4066 3963 2262 4068 
3441 4067 4066 4068 3509 
3442 3509 4068 4069 4070 
3443 4068 2262 3969 4069 
3444 4069 3969 2338 4071 
3445 4070 4069 4071 3510 
3446 318 458 4072 4073 
3447 458 320 3661 4072 
3448 4072 3661 96 4074 
3449 4073 4072 4074 321 
3450 319 2852 4075 4076 
3451 2852 318 4073 4075 
3452 4075 4073 321 4077 
3453 4076 4075 4077 285 
3454 334 2855 4078 4079 
3455 2855 319 4076 4078 
3456 4078 4076 285 4080 
3457 4079 4078 4080 336 
3458 289 376 4081 4082 
3459 376 330 3646 4081 
3460 4081 3646 369 4083 
3461 4082 4081 4083 370 
3462 369 3647 4084 4085 
3463 3647 371 3652 4084 
3464 4084 3652 322 4086 
3465 4085 4084 4086 372 
3466 370 4083 4087 4088 
3467 4083 369 4085 4087 
3468 4087 4085 372 4089 
3469 4088 4087 4089 323 
3470 290 4092 4090 4091 
3471 4092 410 3655 4090 
3472 4090 3655 409 2879 
3473 4091 4090 2879 384 
3474 498 3677 4093 2929 
3475 3677 428 4094 4093 
3476 4093 4094 499 3673 
3477 2929 4093 3673 497 
3478 560 2954 4095 3679 
3479 2954 561 4096 4095 
3480 4095 4096 99 4097 
3481 3679 4095 4097 562 
3482 561 2985 4098 4096 
3483 2985 635 4099 4098 
3484 4098 4099 637 4100 
3485 4096 4098 4100 99 
3486 748 3015 4101 4102 
3487 3015 750 3712 4101 
3488 4101 3712 260 4103 
3489 4102 4101 4103 751 
3490 678 781 4104 4105 
3491 781 748 4102 4104 
3492 4104 4102 751 4106 
3493 4105 4104 4106 588 
3494 879 4108 4107 3717 
3495 4108 881 4109 4107 
3496 4107 4109 238 1016 
3497 3717 4107 1016 868 
3498 875 4112 4110 4111 
3499 4112 915 3085 4110 
3500 4110 3085 913 3720 
3501 4111 4110 3720 914 
3502 931 3103 4113 3725 
3503 3103 933 4114 4113 
3504 4113 4114 924 4115 
3505 3725 4113 4115 934 
3506 1040 4118 4116 4117 
3507 4118 1041 3752 4116 
3508 4116 3752 903 3731 
3509 4117 4116 3731 972 
3510 958 4121 4119 4120 
3511 4121 1040 4117 4119 
3512 4119 4117 972 3728 
3513 4120 4119 3728 809 
3514 1054 3132 4122 3746 
3515 3132 1055 3766 4122 
3516 4122 3766 921 4123 
3517 3746 4122 4123 1056 
3518 893 4126 4124 4125 
3519 4126 1039 1069 4124 
3520 4124 1069 1062 3753 
3521 4125 4124 3753 1041 
3522 1064 1110 4127 3755 
3523 1110 1066 4128 4127 
3524 4127 4128 1047 3760 
3525 3755 4127 3760 1067 
3526 1066 4130 4129 4128 
3527 4130 1102 1130 4129 
3528 4129 1130 1105 3769 
3529 4128 4129 3769 1047 
3530 1123 4132 4131 3772 
3531 4132 233 4133 4131 
3532 4131 4133 1124 3774 
3533 3772 4131 3774 1122 
3534 1158 4135 4134 1187 
3535 4135 1143 4136 4134 
3536 4134 4136 1159 3777 
3537 1187 4134 3777 1157 
3538 1216 1272 4137 4138 
3539 1272 1218 3804 4137 
3540 4137 3804 803 4139 
3541 4138 4137 4139 1219 
3542 1217 1312 4140 4141 
3543 1312 1216 4138 4140 
3544 4140 4138 1219 4142 
3545 4141 4140 4142 92 
3546 1266 3917 4143 2330 
3547 3917 919 4144 4143 
3548 4143 4144 1267 3807 
3549 2330 4143 3807 1265 
3550 1287 4146 4145 2405 
3551 4146 1268 4147 4145 
3552 4145 4147 1288 3810 
3553 2405 4145 3810 1285 
3554 69 1444 4148 4149 
3555 1444 162 3813 4148 
3556 4148 3813 1304 4150 
3557 4149 4148 4150 1305 
3558 1307 1653 4151 4152 
3559 1653 1217 4141 4151 
3560 4151 4141 92 4153 
3561 4152 4151 4153 1309 
3562 1308 3253 4154 4155 
3563 3253 1307 4152 4154 
3564 4154 4152 1309 4156 
3565 4155 4154 4156 162 
3566 1442 3278 4157 4158 
3567 3278 1308 4155 4157 
3568 4157 4155 162 4159 
3569 4158 4157 4159 1444 
3570 1443 3826 4160 4161 
3571 3826 1442 4158 4160 
3572 4160 4158 1444 4162 
3573 4161 4160 4162 69 
3574 826 1460 4163 4164 
3575 1460 1338 3828 4163 
3576 4163 3828 1453 4165 
3577 4164 4163 4165 1454 
3578 825 3045 4166 4167 
3579 3045 804 3842 4166 
3580 4166 3842 1467 4168 
3581 4167 4166 4168 1466 
3582 1466 4168 4169 4170 
3583 4168 1467 3845 4169 
3584 4169 3845 806 4171 
3585 4170 4169 4171 1468 
3586 1485 4173 4172 3832 
3587 4173 875 4111 4172 
3588 4172 4111 914 3834 
3589 3832 4172 3834 1484 
3590 1636 4041 4174 4175 
3591 4041 1273 3816 4174 
3592 4174 3816 1317 4176 
3593 4175 4174 4176 1634 
3594 1634 4176 4177 4178 
3595 4176 1317 3819 4177 
3596 4177 3819 1276 4179 
3597 4178 4177 4179 1637 
3598 1221 4182 4180 4181 
3599 4182 1649 3848 4180 
3600 4180 3848 1647 1680 
3601 4181 4180 1680 1648 
3602 1725 4185 4183 4184 
3603 4185 1805 1879 4183 
3604 4183 1879 1807 3879 
3605 4184 4183 3879 1708 
3606 1808 4187 4186 3861 
3607 4187 1810 4188 4186 
3608 4186 4188 235 1813 
3609 3861 4186 1813 1095 
3610 233 4190 4189 4133 
3611 4190 1825 4191 4189 
3612 4189 4191 1824 3863 
3613 4133 4189 3863 1124 
3614 1824 4193 4192 3864 
3615 4193 1812 4194 4192 
3616 4192 4194 1094 1828 
3617 3864 4192 1828 1706 
3618 1833 3870 4195 3872 
3619 3870 1835 4196 4195 
3620 4195 4196 1797 4197 
3621 3872 4195 4197 1836 
3622 1836 4197 4198 3884 
3623 4197 1797 4199 4198 
3624 4198 4199 1940 4200 
3625 3884 4198 4200 1939 
3626 1974 4202 4201 3891 
3627 4202 1092 4203 4201 
3628 4201 4203 1975 3893 
3629 3891 4201 3893 1973 
3630 2005 4205 4204 3420 
3631 4205 1961 4206 4204 
3632 4204 4206 2018 3904 
3633 3420 4204 3904 2017 
3634 2035 4208 4207 3425 
3635 4208 2037 4209 4207 
3636 4207 4209 1140 3919 
3637 3425 4207 3919 2038 
3638 1156 4211 4210 2155 
3639 4211 2149 4212 4210 
3640 4210 4212 2148 3922 
3641 2155 4210 3922 2146 
3642 1797 4214 4213 4199 
3643 4214 2182 2195 4213 
3644 4213 2195 2181 4215 
3645 4199 4213 4215 1940 
3646 1940 4215 4216 4217 
3647 4215 2181 2215 4216 
3648 4216 2215 2183 4218 
3649 4217 4216 4218 1799 
3650 1835 4220 4219 4196 
3651 4220 2193 4221 4219 
3652 4219 4221 2182 4214 
3653 4196 4219 4214 1797 
3654 2235 4223 4222 2254 
3655 4223 2143 4224 4222 
3656 4222 4224 2238 3931 
3657 2254 4222 3931 2236 
3658 1236 4226 4225 2308 
3659 4226 2269 4227 4225 
3660 4225 4227 2268 3940 
3661 2308 4225 3940 2231 
3662 2272 4229 4228 3500 
3663 4229 2274 4230 4228 
3664 4228 4230 1142 3972 
3665 3500 4228 3972 2275 
3666 2143 4232 4231 4224 
3667 4232 2307 4233 4231 
3668 4231 4233 2306 3966 
3669 4224 4231 3966 2238 
3670 2367 4235 4234 2411 
3671 4235 2368 4236 4234 
3672 4234 4236 1268 4146 
3673 2411 4234 4146 1287 
3674 802 3911 4237 4034 
3675 3911 2133 4238 4237 
3676 4237 4238 2417 4239 
3677 4034 4237 4239 2418 
3678 98 2783 4240 4241 
3679 2783 69 4149 4240 
3680 4240 4149 1305 4242 
3681 4241 4240 4242 2772 
3682 95 2976 4243 4244 
3683 2976 589 3975 4243 
3684 4243 3975 2781 4245 
3685 4244 4243 4245 2782 
3686 2781 3976 4246 4247 
3687 3976 1443 4161 4246 
3688 4246 4161 69 4248 
3689 4247 4246 4248 2783 
3690 2782 4245 4249 4250 
3691 4245 2781 4247 4249 
3692 4249 4247 2783 4251 
3693 4250 4249 4251 98 
3694 442 3659 4252 4253 
3695 3659 95 4244 4252 
3696 4252 4244 2782 4254 
3697 4253 4252 4254 2784 
3698 67 2786 4255 4256 
3699 2786 98 4241 4255 
3700 4255 4241 2772 4257 
3701 4256 4255 4257 2773 
3702 2784 4254 4258 4259 
3703 4254 2782 4250 4258 
3704 4258 4250 98 4260 
3705 4259 4258 4260 2786 
3706 881 4262 4261 4109 
3707 4262 2824 4263 4261 
3708 4261 4263 891 3076 
3709 4109 4261 3076 238 
3710 91 3635 4264 4265 
3711 3635 325 3981 4264 
3712 4264 3981 2850 4266 
3713 4265 4264 4266 2851 
3714 339 3638 4267 4268 
3715 3638 91 4265 4267 
3716 4267 4265 2851 4269 
3717 4268 4267 4269 2853 
3718 324 2889 4270 4271 
3719 2889 420 3984 4270 
3720 4270 3984 2869 4272 
3721 4271 4270 4272 2870 
3722 2870 4272 4273 4274 
3723 4272 2869 3987 4273 
3724 4273 3987 2871 4275 
3725 4274 4273 4275 291 
3726 428 3680 4276 4094 
3727 3680 562 4277 4276 
3728 4276 4277 2903 3990 
3729 4094 4276 3990 499 
3730 562 4097 4278 4277 
3731 4097 99 4279 4278 
3732 4278 4279 2904 4280 
3733 4277 4278 4280 2903 
3734 2903 4280 4281 3991 
3735 4280 2904 4282 4281 
3736 4281 4282 444 2966 
3737 3991 4281 2966 576 
3738 398 3671 4283 4284 
3739 3671 462 3993 4283 
3740 4283 3993 2911 4285 
3741 4284 4283 4285 2912 
3742 99 4100 4286 4279 
3743 4100 637 4287 4286 
3744 4286 4287 2958 4288 
3745 4279 4286 4288 2904 
3746 2904 4288 4289 4282 
3747 4288 2958 4290 4289 
3748 4289 4290 619 2978 
3749 4282 4289 2978 444 
3750 845 3057 4291 4292 
3751 3057 826 4164 4291 
3752 4291 4164 1454 4293 
3753 4292 4291 4293 3046 
3754 921 3767 4294 4295 
3755 3767 1081 3996 4294 
3756 4294 3996 3087 4296 
3757 4295 4294 4296 3088 
3758 3088 4296 4297 4298 
3759 4296 3087 3999 4297 
3760 4297 3999 3089 4299 
3761 4298 4297 4299 923 
3762 1056 4123 4300 4301 
3763 4123 921 4295 4300 
3764 4300 4295 3088 4302 
3765 4301 4300 4302 3090 
3766 3090 4302 4303 4304 
3767 4302 3088 4298 4303 
3768 4303 4298 923 4305 
3769 4304 4303 4305 3091 
3770 934 4115 4306 4002 
3771 4115 924 4307 4306 
3772 4306 4307 3096 4308 
3773 4002 4306 4308 3095 
3774 1810 4310 4309 4188 
3775 4310 3141 4311 4309 
3776 4309 4311 1787 3350 
3777 4188 4309 3350 235 
3778 1143 4313 4312 4136 
3779 4313 1745 4314 4312 
3780 4312 4314 3169 4005 
3781 4136 4312 4005 1159 
3782 805 3207 4315 4316 
3783 3207 1248 4008 4315 
3784 4315 4008 3186 4317 
3785 4316 4315 4317 3187 
3786 3187 4317 4318 4319 
3787 4317 3186 4011 4318 
3788 4318 4011 1649 4182 
3789 4319 4318 4182 1221 
3790 1255 3952 4320 4321 
3791 3952 2285 4025 4320 
3792 4320 4025 3208 4322 
3793 4321 4320 4322 3209 
3794 3209 4322 4323 4324 
3795 4322 3208 4028 4323 
3796 4323 4028 3210 4325 
3797 4324 4323 4325 1222 
3798 1222 4325 4326 4327 
3799 4325 3210 4037 4326 
3800 4326 4037 3222 4328 
3801 4327 4326 4328 3223 
3802 3223 4328 4329 4330 
3803 4328 3222 4040 4329 
3804 4329 4040 1636 4331 
3805 4330 4329 4331 1274 
3806 1468 4171 4332 4333 
3807 4171 806 3851 4332 
3808 4332 3851 1652 4334 
3809 4333 4332 4334 3251 
3810 1637 4179 4335 4336 
3811 4179 1276 3836 4335 
3812 4335 3836 1593 4337 
3813 4336 4335 4337 3254 
3814 3089 4000 4338 4339 
3815 4000 805 4316 4338 
3816 4338 4316 3187 4340 
3817 4339 4338 4340 3320 
3818 3320 4340 4341 4342 
3819 4340 3187 4319 4341 
3820 4341 4319 1221 4343 
3821 4342 4341 4343 1676 
3822 1092 4345 4344 4203 
3823 4345 3397 4346 4344 
3824 4344 4346 3396 4043 
3825 4203 4344 4043 1975 
3826 2050 4348 4347 3434 
3827 4348 3424 4349 4347 
3828 4347 4349 2149 4211 
3829 3434 4347 4211 1156 
3830 2142 4351 4350 3465 
3831 4351 3461 4352 4350 
3832 4350 4352 2269 4226 
3833 3465 4350 4226 1236 
3834 3504 4062 4353 4354 
3835 4062 1255 4321 4353 
3836 4353 4321 3209 4355 
3837 4354 4353 4355 3505 
3838 3505 4355 4356 4357 
3839 4355 3209 4324 4356 
3840 4356 4324 1222 4358 
3841 4357 4356 4358 3314 
3842 2167 3958 4359 4360 
3843 3958 2288 4064 4359 
3844 4359 4064 3507 4361 
3845 4360 4359 4361 3508 
3846 3508 4361 4362 4363 
3847 4361 3507 4067 4362 
3848 4362 4067 3509 4364 
3849 4363 4362 4364 2283 
3850 2283 4364 4365 4366 
3851 4364 3509 4070 4365 
3852 4365 4070 3510 4367 
3853 4366 4365 4367 3511 
3854 401 3650 4368 4369 
3855 3650 324 4271 4368 
3856 4368 4271 2870 4370 
3857 4369 4368 4370 3630 
3858 3630 4370 4371 4372 
3859 4370 2870 4274 4371 
3860 4371 4274 291 4373 
3861 4372 4371 4373 3632 
3862 2871 3988 4374 4375 
3863 3988 398 4284 4374 
3864 4374 4284 2912 4376 
3865 4375 4374 4376 3663 
3866 3480 4056 4377 4378 
3867 4056 2167 4360 4377 
3868 4377 4360 3508 4379 
3869 4378 4377 4379 3947 
3870 3947 4379 4380 4381 
3871 4379 3508 4363 4380 
3872 4380 4363 2283 4382 
3873 4381 4380 4382 3949 
3874 3949 4382 4383 4384 
3875 4382 2283 4366 4383 
3876 4383 4366 3511 4385 
3877 4384 4383 4385 3950 
