2 0.000000 100.000000 335.864767
3516 3124 
1 -215.780401 0.000000 -219.580401 99.790089 -0.000961 6.453164 0.000029 
2 258.146575 0.000000 -219.580401 99.790393 -0.007565 6.443826 0.000035 
3 258.146575 0.000000 224.280401 99.793627 0.009692 6.440782 -0.000025 
4 -215.780401 0.000000 224.280401 99.792895 0.001168 6.453736 -0.000027 
5 21.183087 0.000000 2.350000 102.824109 -0.091030 0.666078 -0.057325 
6 -215.780401 0.000000 2.350000 99.790601 0.000090 6.454792 0.000017 
7 21.183087 0.000000 -219.580401 99.787635 -0.003877 6.448429 0.000085 
8 258.146575 0.000000 2.350000 99.862445 -0.112673 5.337324 -0.000101 
9 21.183087 0.000000 224.280401 99.797471 0.004600 6.448020 -0.000111 
10 -97.298657 0.000000 -108.615201 99.785284 -0.001650 6.451660 0.000127 
11 -215.780401 0.000000 -108.615201 99.789790 -0.000590 6.453796 0.000035 
12 -97.298657 0.000000 -219.580401 99.788688 -0.001918 6.451847 0.000059 
13 21.183087 0.000000 -108.615201 99.779001 -0.006426 6.435287 0.000274 
14 -97.298657 0.000000 2.350000 99.782853 0.000017 6.459148 0.000166 
15 139.664831 0.000000 -108.615201 99.785965 -0.014066 6.416680 0.000159 
16 139.664831 0.000000 -219.580401 99.788708 -0.006230 6.444867 0.000068 
17 258.146575 0.000000 -108.615201 99.791580 -0.015707 6.418622 0.000044 
18 139.664831 0.000000 2.350000 99.893384 -0.171886 4.733859 -0.000113 
19 -97.298657 0.000000 113.315201 99.796075 0.001919 6.456593 -0.000094 
20 -215.780401 0.000000 113.315201 99.792322 0.000785 6.454629 -0.000017 
21 21.183087 0.000000 113.315201 99.817062 0.007559 6.434308 -0.000485 
22 -97.298657 0.000000 224.280401 99.795004 0.002257 6.452898 -0.000068 
23 -38.057785 0.000000 -53.132600 99.772017 0.039146 6.422823 0.000429 
24 -97.298657 0.000000 -53.132600 99.782033 -0.001040 6.453417 0.000190 
25 -38.057785 0.000000 -108.615201 99.781258 -0.003261 6.445324 0.000216 
26 21.183087 0.000000 -53.132600 99.701019 -0.045073 6.404880 0.001868 
27 -38.057785 0.000000 2.350000 99.691585 0.031342 6.522237 0.001905 
28 139.664831 0.000000 113.315201 99.799372 0.019157 6.404636 -0.000093 
29 258.146575 0.000000 113.315201 99.795688 0.023781 6.399206 -0.000013 
30 139.664831 0.000000 224.280401 99.795615 0.007656 6.442539 -0.000067 
31 80.423959 0.000000 -53.132600 99.761623 -0.023372 6.321589 0.000766 
32 80.423959 0.000000 -108.615201 99.780041 -0.010860 6.422580 0.000269 
33 139.664831 0.000000 -53.132600 99.788555 -0.029154 6.318571 0.000232 
34 80.423959 0.000000 2.350000 99.818268 -0.184762 4.662426 0.001454 
35 -38.057785 0.000000 57.832600 99.804251 0.002367 6.477177 -0.000284 
36 -97.298657 0.000000 57.832600 99.791789 0.001159 6.460662 -0.000014 
37 21.183087 0.000000 57.832600 99.966843 0.048626 6.397260 -0.003430 
38 -38.057785 0.000000 113.315201 99.805256 0.003725 6.454525 -0.000275 
39 -8.437349 0.000000 -25.391300 99.565014 0.060359 6.333432 0.004669 
40 -38.057785 0.000000 -25.391300 99.706956 0.013583 6.461890 0.001677 
41 -8.437349 0.000000 -53.132600 99.724034 -0.012938 6.426927 0.001381 
42 21.183087 0.000000 -25.391300 99.735866 -0.248315 6.230959 0.001387 
43 -8.437349 0.000000 2.350000 98.369247 -0.064306 7.011242 0.027433 
44 80.423959 0.000000 57.832600 99.819889 0.035243 6.271894 -0.000335 
45 139.664831 0.000000 57.832600 99.804457 0.049321 6.262357 -0.000015 
46 80.423959 0.000000 113.315201 99.808444 0.014061 6.410783 -0.000282 
47 50.803523 0.000000 -25.391300 99.682732 -0.095168 6.232731 0.002450 
48 50.803523 0.000000 -53.132600 99.696395 -0.054259 6.341960 0.002041 
49 80.423959 0.000000 -25.391300 99.724051 -0.077319 5.965956 0.001952 
50 50.803523 0.000000 2.350000 98.889394 -0.084731 4.195094 0.020328 
51 -8.437349 0.000000 30.091300 99.915857 0.061596 6.748494 -0.002872 
52 -38.057785 0.000000 30.091300 99.776687 0.033734 6.540275 0.000184 
53 21.183087 0.000000 30.091300 100.319030 0.049331 6.242887 -0.010288 
54 -8.437349 0.000000 57.832600 99.885321 0.042222 6.506357 -0.001941 
55 6.372869 0.000000 -11.520650 99.942282 0.004059 4.531138 -0.000899 
56 -8.437349 0.000000 -11.520650 99.043280 -0.030161 6.120810 0.015296 
57 6.372869 0.000000 -25.391300 99.610214 -0.102265 6.148643 0.003999 
58 21.183087 0.000000 -11.520650 101.118235 0.156038 5.250711 -0.025249 
59 6.372869 0.000000 2.350000 108.034155 -0.120748 15.156029 -0.190110 
60 -156.539529 0.000000 -53.132600 99.788059 -0.000500 6.454581 0.000068 
61 -215.780401 0.000000 -53.132600 99.789979 -0.000279 6.454322 0.000030 
62 -156.539529 0.000000 -108.615201 99.788274 -0.000943 6.453460 0.000065 
63 -156.539529 0.000000 2.350000 99.789163 0.000088 6.455975 0.000044 
64 -67.678221 0.000000 -25.391300 99.768547 -0.001067 6.453548 0.000459 
65 -97.298657 0.000000 -25.391300 99.781206 -0.000583 6.455855 0.000203 
66 -67.678221 0.000000 -53.132600 99.774696 -0.001688 6.449192 0.000342 
67 -67.678221 0.000000 2.350000 99.769548 -0.000205 6.463482 0.000426 
68 -23.247567 0.000000 -11.520650 99.540598 0.032377 6.493747 0.004950 
69 -38.057785 0.000000 -11.520650 99.686344 0.023197 6.485284 0.002057 
70 -23.247567 0.000000 -25.391300 99.648215 0.017138 6.421135 0.002900 
71 -23.247567 0.000000 2.350000 99.528642 0.037770 6.625958 0.005014 
72 50.803523 0.000000 30.091300 99.874038 0.141660 5.840159 -0.000895 
73 80.423959 0.000000 30.091300 99.830052 0.098408 5.826330 0.000000 
74 50.803523 0.000000 57.832600 99.907205 0.036084 6.267397 -0.002073 
75 6.372869 0.000000 16.220650 100.464357 0.238865 7.249015 -0.014569 
76 -8.437349 0.000000 16.220650 99.664259 -0.001783 7.082013 0.001688 
77 21.183087 0.000000 16.220650 100.948803 0.069741 5.946529 -0.022603 
78 6.372869 0.000000 30.091300 100.207331 0.108714 6.655966 -0.008582 
79 -1.032240 0.000000 -4.585325 95.464151 -0.021006 2.403470 0.088082 
80 -8.437349 0.000000 -4.585325 98.390249 -0.032314 6.325864 0.027934 
81 -1.032240 0.000000 -11.520650 98.919312 -0.012769 5.281807 0.018707 
82 6.372869 0.000000 -4.585325 101.664216 0.045183 -2.191715 -0.034042 
83 -1.032240 0.000000 2.350000 92.852311 0.038973 11.614770 0.124354 
84 35.993305 0.000000 -11.520650 99.354640 0.034195 7.330280 0.007492 
85 35.993305 0.000000 -25.391300 99.622194 -0.267948 6.320089 0.003540 
86 50.803523 0.000000 -11.520650 99.294532 -0.350138 5.730865 0.010763 
87 35.993305 0.000000 2.350000 94.350593 -0.333253 24.047761 0.051956 
88 13.777978 0.000000 -4.585325 97.921875 -0.153384 2.838253 0.040323 
89 13.777978 0.000000 -11.520650 99.957766 -0.034150 4.935270 -0.001591 
90 21.183087 0.000000 -4.585325 107.825153 0.103891 -3.645262 -0.163956 
91 13.777978 0.000000 2.350000 101.975675 -0.395646 0.218910 -0.039924 
92 -156.539529 0.000000 57.832600 99.791462 0.000694 6.456336 -0.000002 
93 -215.780401 0.000000 57.832600 99.791516 0.000464 6.454914 -0.000001 
94 -156.539529 0.000000 113.315201 99.793224 0.001171 6.455431 -0.000036 
95 -67.678221 0.000000 30.091300 99.781935 0.000769 6.469453 0.000171 
96 -97.298657 0.000000 30.091300 99.787158 0.000605 6.461230 0.000078 
97 -67.678221 0.000000 57.832600 99.793701 0.001640 6.466420 -0.000060 
98 -23.247567 0.000000 16.220650 99.685081 0.038104 6.684211 0.001820 
99 -38.057785 0.000000 16.220650 99.731316 0.034917 6.545465 0.001082 
100 -23.247567 0.000000 30.091300 99.785087 0.054064 6.610871 -0.000077 
101 -1.032240 0.000000 9.285325 99.288582 0.176878 8.458350 0.007020 
102 -8.437349 0.000000 9.285325 99.177363 -0.048331 7.248335 0.011131 
103 6.372869 0.000000 9.285325 101.231164 0.227576 8.686209 -0.032325 
104 -1.032240 0.000000 16.220650 99.891271 0.055028 7.369381 -0.003258 
105 2.670314 0.000000 -1.117663 -4.568724 0.243079 -0.010843 0.997907 
106 -1.032240 0.000000 -1.117663 84.647211 0.054623 3.366859 0.282351 
107 2.670314 0.000000 -4.585325 97.053107 0.052610 -3.033187 0.057149 
108 6.372869 0.000000 -1.117663 -5.873266 0.266124 0.120551 0.996542 
109 2.670314 0.000000 2.350000 93.881312 0.139038 25.859936 0.051754 
110 -15.842458 0.000000 -4.585325 99.208889 0.097287 6.617934 0.011379 
111 -23.247567 0.000000 -4.585325 99.509993 0.036152 6.553251 0.005481 
112 -15.842458 0.000000 -11.520650 99.342660 0.117862 6.466835 0.008920 
113 -15.842458 0.000000 2.350000 99.251226 0.107342 6.808362 0.010283 
114 -4.734795 0.000000 -1.117663 96.355866 0.017102 6.541914 0.067275 
115 -8.437349 0.000000 -1.117663 98.223507 -0.021709 6.645701 0.030798 
116 -4.734795 0.000000 -4.585325 97.309647 0.041151 5.621448 0.049923 
117 -4.734795 0.000000 2.350000 96.991961 0.013146 7.825491 0.053132 
118 35.993305 0.000000 16.220650 100.403951 0.292251 4.726976 -0.010338 
119 50.803523 0.000000 16.220650 99.706022 0.107993 4.768421 0.003596 
120 35.993305 0.000000 30.091300 100.091948 0.053393 5.890751 -0.005310 
121 13.777978 0.000000 9.285325 101.405081 -0.279442 6.536718 -0.032580 
122 21.183087 0.000000 9.285325 101.365002 0.063284 5.460727 -0.030469 
123 13.777978 0.000000 16.220650 100.839383 0.157442 6.673300 -0.021314 
124 2.670314 0.000000 5.817663 99.307096 0.301810 12.202858 -0.001090 
125 -1.032240 0.000000 5.817663 97.859125 0.101065 9.654774 0.033037 
126 6.372869 0.000000 5.817663 102.444378 0.068686 11.028955 -0.061649 
127 2.670314 0.000000 9.285325 100.103292 0.231081 9.026558 -0.010220 
128 0.819037 0.000000 0.616169 70.126630 -0.013446 39.685770 0.350730 
129 -1.032240 0.000000 0.616169 86.782430 0.057230 10.892148 0.235017 
130 0.819037 0.000000 -1.117663 62.087626 -0.003228 -37.682929 0.472512 
131 2.670314 0.000000 0.616169 -4.640168 0.245492 0.799204 0.997777 
132 0.819037 0.000000 2.350000 91.215099 0.123300 18.475747 0.133844 
133 -15.842458 0.000000 9.285325 99.474710 0.130931 6.954131 0.005640 
134 -23.247567 0.000000 9.285325 99.598359 0.038136 6.675875 0.003560 
135 -15.842458 0.000000 16.220650 99.672822 0.072346 6.912871 0.001754 
136 -4.734795 0.000000 5.817663 98.245958 0.092724 7.996859 0.028377 
137 -8.437349 0.000000 5.817663 98.778029 -0.025869 7.292554 0.018972 
138 -4.734795 0.000000 9.285325 99.104923 0.067607 7.815766 0.011712 
139 -2.883517 0.000000 0.616169 93.809669 0.085831 8.167481 0.113303 
140 -4.734795 0.000000 0.616169 96.441040 0.028749 7.230479 0.064685 
141 -2.883517 0.000000 -1.117663 93.549844 0.057387 5.777580 0.121504 
142 -2.883517 0.000000 2.350000 95.456350 0.104946 8.928187 0.080836 
143 -38.057785 0.000000 -164.097801 99.785879 -0.003046 6.448917 0.000119 
144 -97.298657 0.000000 -164.097801 99.787428 -0.001888 6.451623 0.000085 
145 -38.057785 0.000000 -219.580401 99.787976 -0.002760 6.450384 0.000075 
146 21.183087 0.000000 -164.097801 99.785019 -0.004841 6.444872 0.000141 
147 -8.437349 0.000000 -80.873901 99.774558 -0.005027 6.432201 0.000366 
148 -38.057785 0.000000 -80.873901 99.776168 -0.003200 6.441636 0.000322 
149 -8.437349 0.000000 -108.615201 99.779919 -0.004663 6.440773 0.000248 
150 21.183087 0.000000 -80.873901 99.772730 -0.007713 6.423316 0.000414 
151 6.372869 0.000000 -39.261950 99.683422 0.018844 6.374455 0.002258 
152 -8.437349 0.000000 -39.261950 99.693874 -0.007033 6.399390 0.002018 
153 6.372869 0.000000 -53.132600 99.715634 -0.027998 6.417259 0.001561 
154 21.183087 0.000000 -39.261950 99.899050 -0.043725 6.378986 -0.002051 
155 -1.032240 0.000000 -18.455975 99.385266 -0.068024 5.993614 0.008664 
156 -8.437349 0.000000 -18.455975 99.406196 0.045559 6.222685 0.007968 
157 -1.032240 0.000000 -25.391300 99.596222 0.013398 6.190321 0.004227 
158 6.372869 0.000000 -18.455975 99.590644 -0.141011 5.876963 0.004715 
159 2.670314 0.000000 -8.052988 98.964388 -0.145152 2.906073 0.019758 
160 -1.032240 0.000000 -8.052988 98.097134 0.044668 4.382038 0.035775 
161 2.670314 0.000000 -11.520650 99.322752 0.022255 4.749549 0.011243 
162 6.372869 0.000000 -8.052988 100.034791 0.107340 3.081056 -0.001646 
163 0.819037 0.000000 -2.851494 90.118277 -0.024663 -6.908814 0.183096 
164 -1.032240 0.000000 -2.851494 91.667715 0.047776 1.444923 0.159494 
165 0.819037 0.000000 -4.585325 95.493600 -0.036548 -0.593892 0.088062 
166 2.670314 0.000000 -2.851494 94.205317 0.107454 -13.181415 0.095160 
167 -0.106602 0.000000 -0.250747 56.444802 0.033088 18.184967 0.648329 
168 -1.032240 0.000000 -0.250747 83.632813 0.072924 7.873544 0.294355 
169 -0.106602 0.000000 -1.117663 67.573524 0.042743 -9.528567 0.534302 
170 0.819037 0.000000 -0.250747 -3.686965 0.186746 0.119454 0.998636 
171 -0.106602 0.000000 0.616169 79.381447 0.079887 18.607837 0.335233 
172 -4.734795 0.000000 -8.052988 98.331347 -0.063406 5.590135 0.029969 
173 -8.437349 0.000000 -8.052988 98.772937 -0.047319 6.081210 0.020692 
174 -4.734795 0.000000 -11.520650 98.893683 -0.097548 5.791381 0.018649 
175 -2.883517 0.000000 -2.851494 95.026532 0.090026 4.621431 0.094859 
176 -4.734795 0.000000 -2.851494 96.710113 0.049640 5.948033 0.061177 
177 -2.883517 0.000000 -4.585325 96.331548 -0.010768 4.724398 0.069791 
178 -0.106602 0.000000 -1.984578 84.236786 0.065166 -4.986222 0.287930 
179 -1.032240 0.000000 -1.984578 88.507753 0.048806 1.488182 0.216416 
180 -0.106602 0.000000 -2.851494 90.168977 0.068475 -2.153747 0.186491 
181 0.819037 0.000000 -1.984578 83.325301 -0.014601 -16.242575 0.279307 
182 10.075423 0.000000 -1.117663 -4.876687 0.079961 0.559169 0.997590 
183 10.075423 0.000000 -4.585325 101.699698 -0.482306 2.443010 -0.034903 
184 13.777978 0.000000 -1.117663 -1.647384 0.182518 0.189166 0.999722 
185 10.075423 0.000000 2.350000 108.116268 -0.329009 5.137726 -0.171563 
186 4.521592 0.000000 0.616169 -5.401181 0.131596 0.319677 0.997071 
187 4.521592 0.000000 -1.117663 -5.558124 0.204868 0.218381 0.996902 
188 6.372869 0.000000 0.616169 -5.856276 0.350726 0.128241 0.996556 
189 4.521592 0.000000 2.350000 100.346113 -0.200126 25.134171 -0.070111 
190 1.744676 0.000000 -0.250747 -3.998728 0.161667 0.250466 0.998392 
191 1.744676 0.000000 -1.117663 -4.004470 0.157833 0.421248 0.998376 
192 2.670314 0.000000 -0.250747 -4.472226 0.256747 0.312238 0.997984 
193 1.744676 0.000000 0.616169 74.029422 -0.181319 42.654073 0.270024 
194 0.356218 0.000000 -0.684205 -1.677458 0.240646 -0.221673 0.999708 
195 -0.106602 0.000000 -0.684205 48.665445 0.001541 -0.748428 0.763111 
196 0.356218 0.000000 -1.117663 61.057137 -0.091073 -37.981373 0.482943 
197 0.819037 0.000000 -0.684205 -3.589629 0.182687 0.129464 0.998706 
198 0.356218 0.000000 -0.250747 30.551770 -0.388453 51.102042 0.645502 
199 -1.957879 0.000000 -0.250747 90.406917 0.088803 7.192185 0.177485 
200 -2.883517 0.000000 -0.250747 93.426027 0.105571 7.076107 0.122149 
201 -1.957879 0.000000 -1.117663 90.673295 0.112894 5.342427 0.174980 
202 -1.957879 0.000000 0.616169 91.306744 0.090323 8.620830 0.158875 
203 -0.569421 0.000000 -0.684205 74.852941 0.059550 4.446308 0.437726 
204 -1.032240 0.000000 -0.684205 83.474016 0.067507 5.431259 0.300259 
205 -0.569421 0.000000 -1.117663 78.474934 0.068039 0.275264 0.384160 
206 -0.569421 0.000000 -0.250747 75.684167 0.072091 9.700766 0.417780 
207 0.819037 0.000000 4.083831 96.160431 0.131960 13.493602 0.057108 
208 -1.032240 0.000000 4.083831 96.187142 0.107710 10.695634 0.063363 
209 2.670314 0.000000 4.083831 97.899522 0.244995 16.252800 0.015147 
210 0.819037 0.000000 5.817663 98.246784 0.127148 11.001398 0.022652 
211 -0.106602 0.000000 1.483084 87.304524 0.089925 16.311421 0.211185 
212 -1.032240 0.000000 1.483084 90.293708 0.047322 11.741306 0.170919 
213 0.819037 0.000000 1.483084 85.659606 0.044449 23.689881 0.210122 
214 -0.106602 0.000000 2.350000 91.676399 0.109033 14.499024 0.138520 
215 0.356218 0.000000 0.182711 70.584655 0.012950 31.958859 0.399644 
216 -0.106602 0.000000 0.182711 71.727982 0.061924 20.272554 0.444412 
217 0.819037 0.000000 0.182711 53.236405 -0.336488 48.592236 0.480457 
218 0.356218 0.000000 0.616169 75.200364 0.067329 25.580144 0.369056 
219 0.124808 0.000000 -0.467476 23.017803 -0.392528 32.055852 0.844245 
220 -0.106602 0.000000 -0.467476 48.803765 0.007776 10.960030 0.749807 
221 0.124808 0.000000 -0.684205 23.468656 -0.180484 -19.058669 0.908596 
222 0.356218 0.000000 -0.467476 -1.786900 0.242255 0.855433 0.999602 
223 0.124808 0.000000 -0.250747 25.808872 -0.410557 44.516576 0.735201 
224 -0.569421 0.000000 0.182711 79.559611 0.067766 12.712191 0.350866 
225 -1.032240 0.000000 0.182711 84.980230 0.066534 9.862094 0.268110 
226 -0.569421 0.000000 0.616169 83.391613 0.074754 13.719923 0.285760 
227 -0.338011 0.000000 -0.467476 65.977988 0.054687 7.995476 0.558297 
228 -0.569421 0.000000 -0.467476 74.674473 0.070308 7.166078 0.437237 
229 -0.338011 0.000000 -0.684205 66.285714 0.053982 2.981908 0.559731 
230 -0.338011 0.000000 -0.250747 68.461981 0.060376 12.150544 0.516532 
231 4.521592 0.000000 -2.851494 100.125820 -0.099179 -15.553897 -0.026711 
232 4.521592 0.000000 -4.585325 99.540774 0.185714 -3.493569 0.007939 
233 6.372869 0.000000 -2.851494 104.307961 -0.238005 -7.802453 -0.094109 
234 1.744676 0.000000 -1.984578 80.176840 -0.069727 -40.758750 0.191039 
235 1.744676 0.000000 -2.851494 91.856952 0.125173 -11.476074 0.143058 
236 2.670314 0.000000 -1.984578 95.634211 0.034359 -18.445535 0.051386 
237 0.356218 0.000000 -1.551120 76.260621 -0.042758 -15.248454 0.395180 
238 -0.106602 0.000000 -1.551120 78.760192 0.058399 -7.095303 0.374649 
239 0.356218 0.000000 -1.984578 82.864557 -0.030446 -10.112617 0.303120 
240 0.819037 0.000000 -1.551120 72.757841 -0.037175 -28.734939 0.388060 
241 0.124808 0.000000 -0.900934 29.409123 -0.073123 -40.918048 0.746081 
242 -0.106602 0.000000 -0.900934 57.972198 0.031651 -8.080757 0.657392 
243 0.124808 0.000000 -1.117663 62.142020 0.010254 -22.112029 0.564943 
244 0.356218 0.000000 -0.900934 39.571860 -0.076360 -46.043027 0.631410 
245 0.009103 0.000000 -0.575840 23.512562 -0.294231 7.440445 0.939171 
246 -0.106602 0.000000 -0.575840 47.165298 -0.004668 5.330022 0.774703 
247 0.009103 0.000000 -0.684205 23.410488 -0.235857 -7.702268 0.939257 
248 0.124808 0.000000 -0.575840 23.318388 -0.301659 9.537059 0.936521 
249 0.009103 0.000000 -0.467476 23.334392 -0.370153 27.399619 0.870463 
250 1.744676 0.000000 1.483084 84.926462 0.023282 33.827552 0.164319 
251 2.670314 0.000000 1.483084 94.754396 -0.035286 27.859822 0.024543 
252 1.744676 0.000000 2.350000 92.271990 0.205761 22.825957 0.096481 
253 1.281856 0.000000 0.182711 -4.262758 0.099426 0.696134 0.998133 
254 1.281856 0.000000 -0.250747 -3.953346 0.116386 0.354305 0.998423 
255 1.744676 0.000000 0.182711 -4.033344 0.175262 0.133143 0.998368 
256 1.281856 0.000000 0.616169 81.678556 -0.122708 36.912060 0.196610 
257 0.587627 0.000000 -0.034018 69.246800 -0.202105 26.616094 0.449642 
258 0.356218 0.000000 -0.034018 53.910385 -0.290582 48.435871 0.474755 
259 0.587627 0.000000 -0.250747 -3.849184 0.197884 0.557667 0.998483 
260 0.819037 0.000000 -0.034018 -3.524729 0.185591 -0.485617 0.998731 
261 0.587627 0.000000 0.182711 63.561372 -0.246573 32.809447 0.488343 
262 0.124808 0.000000 -0.034018 57.044664 0.019529 33.412275 0.562953 
263 -0.106602 0.000000 -0.034018 65.077153 0.045688 20.583635 0.534128 
264 0.124808 0.000000 0.182711 68.635731 0.039730 27.196971 0.454946 
265 0.356218 0.000000 1.049627 81.902707 0.084230 22.339580 0.279288 
266 -0.106602 0.000000 1.049627 84.031479 0.090647 17.400827 0.263591 
267 0.819037 0.000000 1.049627 81.330758 0.030132 28.795656 0.255612 
268 0.356218 0.000000 1.483084 86.153058 0.083094 19.699413 0.218958 
269 0.587627 0.000000 0.399440 65.744603 -0.048772 31.866459 0.466217 
270 0.356218 0.000000 0.399440 71.497147 0.049684 27.350983 0.414008 
271 0.819037 0.000000 0.399440 52.137811 -0.275287 54.739325 0.428518 
272 0.587627 0.000000 0.616169 72.363675 -0.017663 30.871511 0.381045 
273 0.471923 0.000000 0.074346 67.931604 -0.201198 29.759732 0.449962 
274 0.356218 0.000000 0.074346 60.366017 -0.227887 40.507823 0.471501 
275 0.471923 0.000000 -0.034018 63.758032 -0.216716 35.506158 0.467418 
276 0.587627 0.000000 0.074346 66.839421 -0.221355 28.961573 0.469367 
277 0.471923 0.000000 0.182711 71.406708 -0.181904 26.440525 0.420195 
278 1.281856 0.000000 -1.551120 86.202841 -0.057451 -26.362761 0.187407 
279 1.281856 0.000000 -1.984578 85.368054 -0.028431 -19.177738 0.234451 
280 1.744676 0.000000 -1.551120 79.953762 -0.050891 -34.261425 0.243355 
281 1.281856 0.000000 -1.117663 -4.099312 0.132190 -0.115394 0.998316 
282 0.587627 0.000000 -1.334391 68.233410 -0.080921 -21.595026 0.487785 
283 0.356218 0.000000 -1.334391 73.219103 -0.066647 -19.904959 0.424275 
284 0.587627 0.000000 -1.551120 74.229634 -0.044248 -20.047708 0.408805 
285 0.819037 0.000000 -1.334391 60.271356 0.000130 -44.584536 0.437958 
286 0.587627 0.000000 -1.117663 70.585100 -0.071952 -22.589476 0.450745 
287 1.281856 0.000000 -0.684205 -3.904542 0.239903 0.170930 0.998467 
288 1.744676 0.000000 -0.684205 -3.984484 0.151882 0.233922 0.998405 
289 1.050447 0.000000 -1.334391 67.984130 -0.048346 -45.371930 0.331954 
290 1.050447 0.000000 -1.551120 72.638532 -0.070919 -44.262302 0.276449 
291 1.281856 0.000000 -1.334391 82.009835 -0.070878 -34.157795 0.210763 
292 1.050447 0.000000 -1.117663 -3.543178 0.232344 -0.249661 0.998733 
293 1.281856 0.000000 1.049627 81.741887 0.063597 31.492385 0.232649 
294 1.744676 0.000000 1.049627 71.294347 -0.160843 53.380934 0.206757 
295 1.281856 0.000000 1.483084 85.128975 0.034237 27.643482 0.198889 
296 1.050447 0.000000 0.399440 58.677770 -0.172344 58.878162 0.309025 
297 1.050447 0.000000 0.182711 52.748919 -0.224094 59.078340 0.372725 
298 1.281856 0.000000 0.399440 73.208496 -0.112340 49.548764 0.218542 
299 1.050447 0.000000 0.616169 67.588263 -0.127861 54.173871 0.249700 
300 0.819037 0.000000 -6.319156 97.462646 -0.098465 2.116392 0.049654 
301 -1.032240 0.000000 -6.319156 97.295014 0.019726 3.380187 0.052225 
302 0.819037 0.000000 -8.052988 98.568497 0.039556 3.432551 0.027247 
303 2.670314 0.000000 -6.319156 98.393975 -0.005647 0.946261 0.031773 
304 1.744676 0.000000 -3.718409 94.490931 -0.020982 -5.246182 0.104394 
305 0.819037 0.000000 -3.718409 93.489071 -0.013149 -2.824197 0.125182 
306 1.744676 0.000000 -4.585325 96.004439 0.048438 -1.982885 0.077921 
307 2.670314 0.000000 -3.718409 96.102624 -0.069160 -6.876269 0.071700 
308 1.281856 0.000000 -2.418036 87.947692 0.061657 -13.553099 0.208151 
309 0.819037 0.000000 -2.418036 87.183519 -0.008900 -10.331661 0.229229 
310 1.281856 0.000000 -2.851494 90.743421 0.062344 -9.335293 0.167848 
311 1.744676 0.000000 -2.418036 89.205739 0.033735 -17.204310 0.174635 
312 3.595953 0.000000 -1.984578 92.812541 0.062826 -32.161777 0.035145 
313 3.595953 0.000000 -2.851494 98.277531 0.218684 -16.746857 0.006102 
314 4.521592 0.000000 -1.984578 100.828805 -0.066857 -12.780736 -0.032980 
315 3.595953 0.000000 -1.117663 -5.042429 0.282139 0.130863 0.997448 
316 2.207495 0.000000 -1.551120 86.033382 -0.069909 -40.210325 0.098138 
317 2.207495 0.000000 -1.984578 89.291102 -0.051827 -36.968099 0.066046 
318 2.670314 0.000000 -1.551120 -4.812597 0.223893 -0.266545 0.997672 
319 2.207495 0.000000 -1.117663 -4.021369 0.086250 -0.000031 0.998382 
320 1.513266 0.000000 -1.767849 83.386281 -0.059825 -25.039472 0.241975 
321 1.281856 0.000000 -1.767849 86.016455 -0.059998 -25.574760 0.194710 
322 1.513266 0.000000 -1.984578 83.691491 0.110384 -20.791940 0.256342 
323 1.744676 0.000000 -1.767849 79.522341 -0.050255 -36.388820 0.235205 
324 1.513266 0.000000 -1.551120 84.598063 -0.067140 -21.973998 0.236031 
325 10.075423 0.000000 5.817663 103.328161 -0.296970 7.080391 -0.072693 
326 13.777978 0.000000 5.817663 101.650200 -0.002403 5.188540 -0.035968 
327 10.075423 0.000000 9.285325 101.679000 0.123053 7.479983 -0.039458 
328 4.521592 0.000000 4.083831 101.221052 0.245057 16.816059 -0.052854 
329 6.372869 0.000000 4.083831 104.650928 0.097281 14.516007 -0.116254 
330 4.521592 0.000000 5.817663 100.910764 0.169383 12.334022 -0.033514 
331 3.595953 0.000000 1.483084 87.724240 -0.036182 48.884630 -0.008525 
332 3.595953 0.000000 0.616169 -4.996192 0.293808 0.502345 0.997470 
333 4.521592 0.000000 1.483084 -5.747840 0.235457 0.437512 0.996672 
334 3.595953 0.000000 2.350000 98.973784 0.132148 31.673518 -0.079904 
335 2.207495 0.000000 1.049627 81.977307 -0.083300 52.093917 0.056594 
336 2.207495 0.000000 0.616169 -3.609773 0.173572 0.765731 0.998635 
337 2.670314 0.000000 1.049627 94.561843 -0.038332 31.438988 0.006965 
338 2.207495 0.000000 1.483084 86.116082 -0.074624 48.922849 0.019057 
339 1.513266 0.000000 0.832898 79.263701 -0.145358 34.256944 0.254371 
340 1.281856 0.000000 0.832898 83.042386 -0.123843 34.212623 0.193344 
341 1.513266 0.000000 0.616169 81.062178 -0.134201 31.612211 0.242957 
342 1.744676 0.000000 0.832898 71.484739 -0.190063 49.174019 0.247181 
343 1.513266 0.000000 1.049627 70.145227 -0.214342 50.156630 0.256391 
344 2.207495 0.000000 -2.418036 93.330437 0.017325 -19.368911 0.091427 
345 2.207495 0.000000 -2.851494 93.514913 -0.070909 -12.778436 0.109167 
346 2.670314 0.000000 -2.418036 96.540035 0.040194 -15.065461 0.045305 
347 1.976085 0.000000 -1.767849 81.385202 -0.069590 -40.627335 0.172586 
348 1.976085 0.000000 -1.984578 83.644827 -0.069784 -40.428706 0.136906 
349 2.207495 0.000000 -1.767849 88.049681 -0.054916 -37.219321 0.086197 
350 1.976085 0.000000 -1.551120 80.138965 -0.069053 -40.691822 0.192192 
351 13.777978 0.000000 -18.455975 99.875803 0.118312 5.784694 -0.000865 
352 13.777978 0.000000 -25.391300 99.682889 -0.147118 6.190645 0.002498 
353 21.183087 0.000000 -18.455975 100.038207 0.065596 6.116157 -0.004505 
354 10.075423 0.000000 -8.052988 100.115544 -0.018716 4.017276 -0.003926 
355 10.075423 0.000000 -11.520650 100.018860 0.090913 4.780046 -0.002663 
356 13.777978 0.000000 -8.052988 99.038928 -0.401809 3.954475 0.017549 
357 4.521592 0.000000 -6.319156 99.437115 0.177152 0.807858 0.011158 
358 4.521592 0.000000 -8.052988 99.614406 0.098211 2.655913 0.006991 
359 6.372869 0.000000 -6.319156 100.271699 0.206500 1.502316 -0.005671 
360 3.595953 0.000000 -3.718409 98.050452 0.190446 -7.731196 0.032630 
361 3.595953 0.000000 -4.585325 98.073048 0.140110 -3.302751 0.037075 
362 4.521592 0.000000 -3.718409 99.694917 0.195029 -7.607260 0.000301 
363 3.133134 0.000000 -2.418036 90.727868 0.067192 -27.060264 0.103619 
364 3.133134 0.000000 -2.851494 94.998061 0.139349 -15.147311 0.074591 
365 3.595953 0.000000 -2.418036 95.526604 0.056971 -30.046702 -0.002814 
366 3.133134 0.000000 -1.984578 90.786909 0.066707 -26.482154 0.105643 
367 3.595953 0.000000 -0.250747 -5.020963 0.282758 0.292266 0.997462 
368 4.521592 0.000000 -0.250747 -5.452582 0.193219 0.309430 0.997014 
369 3.133134 0.000000 -1.551120 -4.956039 0.236141 0.122259 0.997537 
370 3.595953 0.000000 -1.551120 -4.986079 0.259269 0.034503 0.997507 
371 3.133134 0.000000 -1.117663 -4.863134 0.250676 0.124380 0.997627 
372 2.901724 0.000000 -2.201307 93.185564 0.052774 -20.049366 0.091447 
373 2.670314 0.000000 -2.201307 95.422221 0.034781 -18.411260 0.055562 
374 2.901724 0.000000 -2.418036 92.059338 0.057706 -20.994311 0.108431 
375 3.133134 0.000000 -2.201307 89.929262 0.072286 -27.820548 0.113874 
376 2.901724 0.000000 -1.984578 93.745222 0.049624 -18.017083 0.088722 
377 3.595953 0.000000 3.216916 99.045364 0.139222 21.348943 -0.026578 
378 2.670314 0.000000 3.216916 96.503990 0.114945 19.871518 0.029209 
379 4.521592 0.000000 3.216916 100.965226 0.150382 21.105970 -0.063946 
380 3.595953 0.000000 4.083831 99.330524 0.147433 16.867807 -0.015110 
381 3.133134 0.000000 1.916542 85.005598 -0.057495 47.086389 0.055692 
382 2.670314 0.000000 1.916542 92.375159 0.114301 28.303262 0.066574 
383 3.133134 0.000000 1.483084 86.727777 -0.060722 38.490284 0.099679 
384 3.595953 0.000000 1.916542 92.373957 -0.018611 46.189121 -0.066638 
385 3.133134 0.000000 2.350000 94.589029 0.182511 28.809259 0.022291 
386 8.224146 0.000000 -2.851494 105.983763 -0.572102 -3.545789 -0.124546 
387 8.224146 0.000000 -4.585325 102.404270 -0.145464 -0.030606 -0.048666 
388 10.075423 0.000000 -2.851494 103.531512 -0.586553 -2.058474 -0.072336 
389 8.224146 0.000000 -1.117663 -5.924864 0.013406 0.299295 0.996481 
390 5.447230 0.000000 -1.984578 -5.866473 0.041331 -0.062772 0.996558 
391 5.447230 0.000000 -2.851494 102.388424 -0.164100 -20.707389 -0.091221 
392 6.372869 0.000000 -1.984578 -6.001694 0.267472 0.104100 0.996390 
393 5.447230 0.000000 -1.117663 -5.680086 0.083188 0.040855 0.996773 
394 4.058772 0.000000 -2.418036 101.559990 0.024645 -18.822683 -0.066873 
395 4.058772 0.000000 -2.851494 101.963547 0.007705 -16.193792 -0.065880 
396 4.521592 0.000000 -2.418036 100.119645 -0.089268 -13.429491 -0.020430 
397 4.058772 0.000000 -1.984578 101.937135 0.009362 -16.483664 -0.066289 
398 8.224146 0.000000 0.616169 -5.850771 -0.043722 0.025811 0.996577 
399 10.075423 0.000000 0.616169 -4.669947 0.163137 -0.311934 0.997807 
400 8.224146 0.000000 2.350000 110.874591 -0.457859 6.095195 -0.233054 
401 5.447230 0.000000 1.483084 -5.672510 0.087147 0.360158 0.996769 
402 5.447230 0.000000 0.616169 -5.680908 0.194245 0.252971 0.996763 
403 6.372869 0.000000 1.483084 -5.988567 0.343760 0.140915 0.996400 
404 5.447230 0.000000 2.350000 103.308302 -0.147118 35.671235 -0.194506 
405 4.058772 0.000000 1.916542 101.855314 -0.041525 32.009885 -0.139914 
406 4.058772 0.000000 1.483084 102.315677 -0.017951 34.269231 -0.164288 
407 4.521592 0.000000 1.916542 101.333842 -0.185715 22.617043 -0.078011 
408 4.058772 0.000000 2.350000 104.796701 -0.066911 25.126923 -0.161372 
409 5.447230 0.000000 -3.718409 101.786337 -0.077779 -7.041018 -0.041004 
410 5.447230 0.000000 -4.585325 100.706042 0.066559 -2.984180 -0.015062 
411 6.372869 0.000000 -3.718409 102.699224 0.013429 -5.298779 -0.057521 
412 4.984411 0.000000 -2.418036 99.190442 -0.159205 -20.632150 -0.026445 
413 4.984411 0.000000 -2.851494 99.363125 -0.160737 -20.900673 -0.030989 
414 5.447230 0.000000 -2.418036 101.932121 -0.167611 -20.856128 -0.082516 
415 4.984411 0.000000 -1.984578 -5.822216 0.174626 0.202924 0.996603 
416 8.224146 0.000000 4.083831 106.672999 -0.188534 9.803085 -0.147526 
417 10.075423 0.000000 4.083831 105.983665 -0.266485 5.201743 -0.125967 
418 8.224146 0.000000 5.817663 103.501167 0.053259 9.194076 -0.079703 
419 5.447230 0.000000 3.216916 105.247455 -0.058313 20.996456 -0.151788 
420 6.372869 0.000000 3.216916 105.649289 0.027323 16.508203 -0.143429 
421 5.447230 0.000000 4.083831 103.119537 -0.069729 16.020342 -0.089030 
422 4.984411 0.000000 1.916542 98.720071 -0.217636 33.248592 -0.085117 
423 4.984411 0.000000 1.483084 -5.613393 0.121777 0.255895 0.996841 
424 5.447230 0.000000 1.916542 99.977830 -0.186531 37.719081 -0.141833 
425 4.984411 0.000000 2.350000 98.553020 -0.210241 35.365820 -0.096348 
426 4.984411 0.000000 -3.284952 100.432043 0.070551 -10.951309 -0.020653 
427 4.521592 0.000000 -3.284952 99.540534 0.198041 -10.233700 -0.001309 
428 4.984411 0.000000 -3.718409 100.591950 0.093010 -7.511282 -0.017517 
429 5.447230 0.000000 -3.284952 102.858072 -0.057062 -10.654799 -0.069331 
430 7.298507 0.000000 -1.984578 -5.993748 0.198913 0.101010 0.996403 
431 7.298507 0.000000 -2.851494 104.873272 -0.411080 -11.954718 -0.114149 
432 8.224146 0.000000 -1.984578 -6.068896 0.030157 0.369125 0.996303 
433 7.298507 0.000000 -1.117663 -5.952927 0.154304 0.181323 0.996451 
434 5.910050 0.000000 -2.418036 104.995255 -0.189690 -13.059442 -0.119459 
435 5.910050 0.000000 -2.851494 105.548762 -0.197887 -10.856905 -0.125845 
436 6.372869 0.000000 -2.418036 104.335033 -0.236430 -9.056647 -0.096788 
437 5.910050 0.000000 -1.984578 -6.016583 0.256287 0.054593 0.996373 
438 5.215821 0.000000 -2.634765 100.320469 -0.178534 -22.840916 -0.058594 
439 4.984411 0.000000 -2.634765 99.176078 -0.161821 -20.953308 -0.027496 
440 5.215821 0.000000 -2.851494 101.459467 -0.169854 -21.370158 -0.075074 
441 5.447230 0.000000 -2.634765 102.311067 -0.164031 -20.880845 -0.090359 
442 5.215821 0.000000 -2.418036 100.851990 -0.174213 -21.525207 -0.063449 
443 7.298507 0.000000 3.216916 110.494016 -0.400276 20.808071 -0.264206 
444 7.298507 0.000000 2.350000 108.832272 -0.360212 21.663013 -0.231388 
445 8.224146 0.000000 3.216916 111.039484 -0.454119 7.435166 -0.238525 
446 7.298507 0.000000 4.083831 106.118423 0.085179 12.776673 -0.142437 
447 5.910050 0.000000 2.783458 109.884019 -0.066900 17.755362 -0.238975 
448 5.447230 0.000000 2.783458 106.033549 -0.118011 33.318350 -0.235324 
449 5.910050 0.000000 2.350000 108.459139 -0.085276 22.930583 -0.228920 
450 6.372869 0.000000 2.783458 107.552140 -0.130814 15.951988 -0.182195 
451 5.910050 0.000000 3.216916 106.774423 0.033194 18.194577 -0.173182 
452 7.298507 0.000000 1.483084 -5.984757 0.096397 0.111285 0.996416 
453 7.298507 0.000000 0.616169 -5.883230 0.076570 0.270225 0.996531 
454 8.224146 0.000000 1.483084 -5.936231 -0.035709 -0.101456 0.996475 
455 6.835688 0.000000 2.783458 106.525781 -0.267972 22.411579 -0.185009 
456 6.835688 0.000000 2.350000 106.588558 -0.243624 21.313495 -0.181545 
457 7.298507 0.000000 2.783458 108.976688 -0.374270 22.653023 -0.238922 
458 6.835688 0.000000 3.216916 107.340002 -0.330685 23.936622 -0.209495 
459 8.224146 0.000000 -6.319156 100.955807 -0.015804 2.284522 -0.019729 
460 8.224146 0.000000 -8.052988 100.302436 0.102653 3.542252 -0.007314 
461 10.075423 0.000000 -6.319156 100.544375 -0.210120 3.448175 -0.012111 
462 7.298507 0.000000 -3.718409 103.681867 -0.103585 -4.481925 -0.077003 
463 7.298507 0.000000 -4.585325 102.378787 -0.040566 -1.278894 -0.048305 
464 8.224146 0.000000 -3.718409 104.031139 -0.385560 -1.600224 -0.082519 
465 6.835688 0.000000 -3.284952 103.926479 -0.299705 -11.376207 -0.093022 
466 6.372869 0.000000 -3.284952 104.704332 -0.227744 -7.728816 -0.102278 
467 6.835688 0.000000 -3.718409 102.886889 -0.093223 -5.013272 -0.061085 
468 7.298507 0.000000 -3.284952 105.099711 -0.434901 -11.344189 -0.117483 
469 6.835688 0.000000 -2.851494 103.548263 -0.274379 -11.894061 -0.086379 
470 28.588196 0.000000 -4.585325 100.334918 -0.204397 19.535008 -0.044875 
471 28.588196 0.000000 -11.520650 100.691564 0.048418 7.601142 -0.019657 
472 35.993305 0.000000 -4.585325 96.760042 0.097728 10.063017 0.053622 
473 28.588196 0.000000 2.350000 102.168046 0.421009 -4.645027 -0.046006 
474 17.480532 0.000000 -1.117663 -0.322409 0.065277 0.274742 0.999982 
475 17.480532 0.000000 -4.585325 93.173291 -0.282322 -6.406500 0.127761 
476 21.183087 0.000000 -1.117663 -1.061380 0.056999 0.218022 0.999882 
477 17.480532 0.000000 2.350000 101.756869 -0.429103 0.236516 -0.035470 
478 11.926701 0.000000 -2.851494 100.195805 -0.457156 0.220560 -0.003946 
479 11.926701 0.000000 -4.585325 99.463555 -0.621746 3.288507 0.009580 
480 13.777978 0.000000 -2.851494 97.598180 -0.409062 0.254200 0.047436 
481 11.926701 0.000000 -1.117663 -2.516550 0.151353 0.497053 0.999340 
482 9.149785 0.000000 -3.718409 103.032206 -0.372064 -0.385849 -0.061592 
483 9.149785 0.000000 -4.585325 102.130287 -0.286249 1.400019 -0.043264 
484 10.075423 0.000000 -3.718409 103.360235 -0.559913 1.283889 -0.068530 
485 9.149785 0.000000 -2.851494 104.334749 -0.650840 -3.705743 -0.089990 
486 7.761327 0.000000 -3.284952 106.229114 -0.526537 -7.129061 -0.133573 
487 7.761327 0.000000 -3.718409 104.319635 -0.209703 -3.197979 -0.089286 
488 8.224146 0.000000 -3.284952 105.836998 -0.571982 -3.661943 -0.121521 
489 7.761327 0.000000 -2.851494 106.242269 -0.529736 -7.699082 -0.134698 
490 6.835688 0.000000 -2.418036 103.887224 -0.294019 -11.267765 -0.091960 
491 7.298507 0.000000 -2.418036 104.827718 -0.402529 -11.378887 -0.111849 
492 6.835688 0.000000 -1.984578 -5.966897 0.256531 0.107970 0.996432 
493 7.067098 0.000000 -3.068223 104.407800 -0.358343 -12.355930 -0.105379 
494 6.835688 0.000000 -3.068223 103.656851 -0.282066 -11.893321 -0.088627 
495 7.067098 0.000000 -3.284952 104.043070 -0.327974 -13.016402 -0.099449 
496 7.298507 0.000000 -3.068223 104.918619 -0.415735 -11.855811 -0.114865 
497 7.067098 0.000000 -2.851494 104.021883 -0.314411 -12.716769 -0.098237 
498 28.588196 0.000000 9.285325 101.427357 0.064156 3.564271 -0.030022 
499 35.993305 0.000000 9.285325 100.736333 0.208988 3.782712 -0.016216 
500 28.588196 0.000000 16.220650 100.614160 0.039529 5.147758 -0.014971 
501 17.480532 0.000000 5.817663 101.176523 -0.013129 5.018682 -0.026188 
502 21.183087 0.000000 5.817663 101.271696 -0.150161 4.746257 -0.027851 
503 17.480532 0.000000 9.285325 101.113447 -0.035935 5.916234 -0.025893 
504 11.926701 0.000000 4.083831 102.574734 -0.164532 2.852617 -0.052974 
505 11.926701 0.000000 2.350000 103.364728 -0.287193 0.206981 -0.068439 
506 13.777978 0.000000 4.083831 102.059635 -0.201582 3.062304 -0.042559 
507 11.926701 0.000000 5.817663 102.231121 -0.265799 5.648029 -0.048317 
508 9.149785 0.000000 3.216916 108.308760 -0.422099 8.144173 -0.179729 
509 9.149785 0.000000 2.350000 108.420479 -0.420826 7.926509 -0.181801 
510 10.075423 0.000000 3.216916 107.775243 -0.316760 4.509964 -0.163594 
511 9.149785 0.000000 4.083831 106.240148 -0.368246 7.622706 -0.134521 
512 7.761327 0.000000 2.783458 111.689181 -0.420999 14.987311 -0.269927 
513 7.761327 0.000000 2.350000 111.036413 -0.419178 15.588376 -0.257226 
514 8.224146 0.000000 2.783458 111.337174 -0.453582 7.349102 -0.245018 
515 7.761327 0.000000 3.216916 111.696495 -0.424748 13.774107 -0.266601 
516 9.149785 0.000000 -1.984578 -5.824499 0.026625 0.546589 0.996578 
517 10.075423 0.000000 -1.984578 -5.448364 -0.027426 1.002298 0.996931 
518 9.149785 0.000000 -1.117663 -5.566374 0.078493 0.420898 0.996883 
519 8.686965 0.000000 -3.284952 104.983148 -0.594626 -3.301483 -0.103271 
520 8.686965 0.000000 -3.718409 103.298595 -0.360683 -0.862522 -0.067147 
521 9.149785 0.000000 -3.284952 104.166776 -0.673713 -3.920607 -0.086654 
522 8.686965 0.000000 -2.851494 104.998351 -0.591636 -3.104688 -0.103464 
523 11.926701 0.000000 0.616169 -2.615140 0.154671 -0.298678 0.999305 
524 13.777978 0.000000 0.616169 -1.701030 -0.042790 -0.136757 0.999709 
525 9.149785 0.000000 1.483084 -5.566266 0.120419 -0.315035 0.996890 
526 9.149785 0.000000 0.616169 -5.445996 0.087493 -0.044298 0.997033 
527 10.075423 0.000000 1.483084 -4.915411 0.199784 -0.781996 0.997519 
528 8.686965 0.000000 2.783458 109.618968 -0.452648 6.493561 -0.205869 
529 8.686965 0.000000 2.350000 109.087780 -0.448801 6.703590 -0.194528 
530 9.149785 0.000000 2.783458 108.575670 -0.431381 7.666436 -0.184764 
531 8.686965 0.000000 3.216916 109.550321 -0.449346 6.914976 -0.204929 
532 17.480532 0.000000 -8.052988 99.472015 -0.507711 2.483232 0.009889 
533 17.480532 0.000000 -11.520650 100.120020 -0.073783 4.851345 -0.004756 
534 21.183087 0.000000 -8.052988 101.810430 -0.235275 3.469072 -0.037745 
535 11.926701 0.000000 -6.319156 99.585954 -0.512163 3.816331 0.006781 
536 11.926701 0.000000 -8.052988 99.648022 -0.341196 4.304241 0.005163 
537 13.777978 0.000000 -6.319156 98.418752 -0.449451 3.634190 0.030034 
538 11.001062 0.000000 -3.718409 101.246223 -0.403045 3.484957 -0.026310 
539 11.001062 0.000000 -4.585325 100.739396 -0.462558 3.231783 -0.015908 
540 11.926701 0.000000 -3.718409 100.159572 -0.471971 0.223177 -0.003221 
541 11.001062 0.000000 -2.851494 101.481572 -0.518126 0.071520 -0.029878 
542 9.612604 0.000000 -3.284952 104.069924 -0.639730 -3.199124 -0.084119 
543 9.612604 0.000000 -3.718409 103.235832 -0.454673 0.234521 -0.065790 
544 10.075423 0.000000 -3.284952 103.538887 -0.588174 -2.080848 -0.072498 
545 9.612604 0.000000 -2.851494 104.109636 -0.649122 -3.431299 -0.085101 
546 11.001062 0.000000 3.216916 104.844396 -0.269719 0.457788 -0.099263 
547 11.001062 0.000000 2.350000 104.728023 -0.267689 0.200864 -0.096807 
548 11.926701 0.000000 3.216916 103.253823 -0.294905 0.208077 -0.066148 
549 11.001062 0.000000 4.083831 104.379860 -0.142502 3.140863 -0.090504 
550 9.612604 0.000000 2.783458 108.366537 -0.390994 7.207980 -0.179541 
551 9.612604 0.000000 2.350000 108.386305 -0.404487 7.834079 -0.180913 
552 10.075423 0.000000 2.783458 107.792479 -0.320752 4.637879 -0.164083 
553 9.612604 0.000000 3.216916 108.368341 -0.382372 7.048855 -0.179353 
554 11.001062 0.000000 -1.984578 -3.736820 0.048975 1.524652 0.998371 
555 11.926701 0.000000 -1.984578 -1.972306 0.124532 0.950304 0.999519 
556 11.001062 0.000000 -1.117663 -3.714014 0.034645 0.670548 0.998576 
557 10.538243 0.000000 -3.284952 102.553323 -0.552209 -0.633757 -0.051789 
558 10.538243 0.000000 -3.718409 102.577940 -0.519690 2.677818 -0.052967 
559 11.001062 0.000000 -3.284952 101.695758 -0.527316 0.037086 -0.034231 
560 10.538243 0.000000 -2.851494 102.543381 -0.552276 -0.616040 -0.051583 
561 11.001062 0.000000 1.483084 -3.646874 0.158915 -0.971490 0.998573 
562 11.001062 0.000000 0.616169 -3.684101 0.121199 -0.387716 0.998626 
563 11.926701 0.000000 1.483084 -2.307821 0.141474 -0.718957 0.999414 
564 10.538243 0.000000 2.783458 106.436398 -0.270654 1.842490 -0.133217 
565 10.538243 0.000000 2.350000 106.654949 -0.257620 1.663102 -0.137811 
566 11.001062 0.000000 2.783458 104.854551 -0.269727 0.471506 -0.099477 
567 10.538243 0.000000 3.216916 106.397061 -0.268421 1.731348 -0.132340 
568 15.629255 0.000000 -2.851494 93.014380 -0.554220 0.254952 0.134795 
569 15.629255 0.000000 -4.585325 94.400909 -0.444610 0.678254 0.108781 
570 17.480532 0.000000 -2.851494 84.204386 -0.431925 -12.297538 0.275821 
571 15.629255 0.000000 -1.117663 -0.929701 -0.222964 0.087705 0.999908 
572 12.852339 0.000000 -3.718409 99.059104 -0.338256 0.232415 0.018713 
573 12.852339 0.000000 -4.585325 98.759304 -0.348623 3.061819 0.023710 
574 13.777978 0.000000 -3.718409 97.960214 -0.333120 0.250774 0.040362 
575 12.852339 0.000000 -2.851494 99.053684 -0.356388 0.233797 0.018819 
576 15.629255 0.000000 4.083831 101.036491 -0.316667 2.719684 -0.021587 
577 15.629255 0.000000 2.350000 102.045906 -0.354106 0.226461 -0.041354 
578 17.480532 0.000000 4.083831 101.264596 -0.091791 3.201664 -0.026478 
579 15.629255 0.000000 5.817663 101.115306 -0.138583 4.857651 -0.024792 
580 12.852339 0.000000 3.216916 102.522860 -0.346762 0.215409 -0.051110 
581 12.852339 0.000000 2.350000 102.471436 -0.358457 0.217534 -0.050057 
582 13.777978 0.000000 3.216916 102.034959 -0.390306 0.218620 -0.041133 
583 12.852339 0.000000 4.083831 101.948495 -0.063530 3.141719 -0.040337 
584 15.629255 0.000000 -6.319156 97.521475 -0.403356 1.900948 0.048579 
585 15.629255 0.000000 -8.052988 99.062931 -0.377543 3.293787 0.017554 
586 17.480532 0.000000 -6.319156 98.023584 -0.143683 -0.357327 0.039123 
587 14.703617 0.000000 -3.718409 95.523212 -0.608247 0.270210 0.087487 
588 14.703617 0.000000 -4.585325 96.461004 -0.193247 2.122995 0.069073 
589 15.629255 0.000000 -3.718409 92.998749 -0.553554 0.254805 0.135086 
590 14.703617 0.000000 -2.851494 95.548312 -0.607765 0.270203 0.087008 
591 15.629255 0.000000 0.616169 -0.733586 -0.102596 -0.209258 0.999941 
592 17.480532 0.000000 0.616169 -0.294582 0.095806 -0.164673 0.999988 
593 14.703617 0.000000 3.216916 101.862112 -0.376722 0.228445 -0.037608 
594 14.703617 0.000000 2.350000 101.886401 -0.364643 0.228145 -0.038102 
595 15.629255 0.000000 3.216916 102.051189 -0.349013 0.226385 -0.041462 
596 14.703617 0.000000 4.083831 101.641655 -0.246900 2.495802 -0.033732 
597 24.885641 0.000000 -1.117663 -3.609973 0.206012 0.237871 0.998687 
598 24.885641 0.000000 -4.585325 113.951593 0.327134 10.687882 -0.309930 
599 28.588196 0.000000 -1.117663 -5.429921 -0.263207 -2.162651 0.996577 
600 24.885641 0.000000 2.350000 104.222527 0.123571 -4.289684 -0.088075 
601 19.331810 0.000000 -2.851494 -1.112250 -0.302405 0.218797 0.999862 
602 19.331810 0.000000 -4.585325 104.150406 -0.237170 -8.823422 -0.092522 
603 21.183087 0.000000 -2.851494 -1.814799 -0.063816 0.218226 0.999665 
604 19.331810 0.000000 -1.117663 -0.238950 -0.052073 -0.059582 0.999994 
605 16.554894 0.000000 -3.718409 91.196292 -0.476689 0.237897 0.168295 
606 16.554894 0.000000 -4.585325 93.052788 -0.330361 -2.294523 0.133580 
607 17.480532 0.000000 -3.718409 86.831412 -0.397580 -10.789885 0.234373 
608 16.554894 0.000000 -2.851494 87.529750 -0.431091 0.306056 0.233826 
609 24.885641 0.000000 5.817663 102.119411 0.010187 3.182441 -0.043850 
610 28.588196 0.000000 5.817663 101.709169 -0.146545 1.448359 -0.034687 
611 24.885641 0.000000 9.285325 101.820959 0.046250 4.451248 -0.038732 
612 19.331810 0.000000 4.083831 101.038068 -0.074784 2.547558 -0.021519 
613 19.331810 0.000000 2.350000 102.158852 -0.269272 0.223027 -0.043655 
614 21.183087 0.000000 4.083831 102.779112 -0.087794 0.199487 -0.056359 
615 19.331810 0.000000 5.817663 101.000147 -0.074350 4.778883 -0.022387 
616 16.554894 0.000000 3.216916 101.879669 -0.486117 0.232236 -0.037976 
617 16.554894 0.000000 2.350000 101.879137 -0.485529 0.232375 -0.037965 
618 17.480532 0.000000 3.216916 101.788486 -0.433741 0.416348 -0.036126 
619 16.554894 0.000000 4.083831 100.969115 -0.219100 3.169123 -0.020485 
620 80.423959 0.000000 -164.097801 99.785598 -0.006985 6.440476 0.000135 
621 80.423959 0.000000 -219.580401 99.787907 -0.005120 6.446399 0.000082 
622 139.664831 0.000000 -164.097801 99.787503 -0.008768 6.437587 0.000101 
623 50.803523 0.000000 -80.873901 99.770083 -0.011318 6.410042 0.000484 
624 50.803523 0.000000 -108.615201 99.778655 -0.008789 6.428729 0.000289 
625 80.423959 0.000000 -80.873901 99.773795 -0.015097 6.396416 0.000428 
626 35.993305 0.000000 -39.261950 99.779008 -0.139308 6.397553 0.000320 
627 35.993305 0.000000 -53.132600 99.689914 -0.054479 6.377205 0.002125 
628 50.803523 0.000000 -39.261950 99.637750 -0.078966 6.256297 0.003317 
629 28.588196 0.000000 -18.455975 99.921344 0.046648 6.468309 -0.002612 
630 28.588196 0.000000 -25.391300 99.725227 -0.134950 6.324285 0.001486 
631 35.993305 0.000000 -18.455975 99.556400 -0.172893 6.469041 0.004664 
632 24.885641 0.000000 -8.052988 103.208560 0.186643 7.167228 -0.070341 
633 24.885641 0.000000 -11.520650 101.370311 0.278245 6.431504 -0.031738 
634 28.588196 0.000000 -8.052988 101.122569 0.442370 9.851870 -0.032303 
635 19.331810 0.000000 -6.319156 100.923603 -0.173878 -1.038230 -0.018668 
636 19.331810 0.000000 -8.052988 100.380685 -0.499644 2.528266 -0.008292 
637 21.183087 0.000000 -6.319156 103.554968 -0.056753 1.079127 -0.072480 
638 18.406171 0.000000 -3.718409 91.916904 -0.431768 -35.720470 0.027514 
639 18.406171 0.000000 -4.585325 97.497322 -0.228611 -10.506121 0.038384 
640 19.331810 0.000000 -3.718409 107.902032 -0.401829 -20.490714 -0.206288 
641 18.406171 0.000000 -2.851494 88.097249 -0.434806 -33.486021 0.111737 
642 16.554894 0.000000 -1.984578 -0.755960 0.100608 -0.070906 0.999941 
643 15.629255 0.000000 -1.984578 -0.750545 -0.162900 0.258633 0.999934 
644 17.480532 0.000000 -1.984578 -0.066037 0.025178 0.318907 0.999989 
645 16.554894 0.000000 -1.117663 -0.632773 -0.005628 0.204154 0.999956 
646 17.017713 0.000000 -3.284952 78.853303 -0.401995 -12.702619 0.362064 
647 16.554894 0.000000 -3.284952 86.721810 -0.429853 0.048235 0.247914 
648 17.017713 0.000000 -3.718409 86.972671 -0.361228 -5.719501 0.240291 
649 17.480532 0.000000 -3.284952 84.515136 -0.453001 -12.326840 0.270504 
650 17.017713 0.000000 -2.851494 78.706485 -0.401102 -12.743732 0.364273 
651 19.331810 0.000000 0.616169 0.321152 0.143464 0.325222 0.999977 
652 21.183087 0.000000 0.616169 0.201955 0.234488 0.963724 0.999898 
653 18.406171 0.000000 3.216916 101.754320 -0.360815 0.232461 -0.035413 
654 18.406171 0.000000 2.350000 101.762260 -0.358951 0.232151 -0.035574 
655 19.331810 0.000000 3.216916 102.088426 -0.282100 0.410931 -0.042230 
656 18.406171 0.000000 4.083831 101.322776 -0.148169 2.750812 -0.027389 
657 23.034364 0.000000 4.083831 103.270567 0.133559 3.740306 -0.067882 
658 23.034364 0.000000 2.350000 103.207317 -0.002937 0.205757 -0.065179 
659 24.885641 0.000000 4.083831 103.669202 0.235655 0.665106 -0.074780 
660 23.034364 0.000000 5.817663 101.931437 -0.023905 4.287419 -0.040840 
661 20.257448 0.000000 3.216916 102.579905 -0.161518 0.393167 -0.052282 
662 20.257448 0.000000 2.350000 102.544658 -0.177881 0.712087 -0.051595 
663 21.183087 0.000000 3.216916 102.767754 -0.095898 0.338484 -0.056134 
664 20.257448 0.000000 4.083831 102.460716 -0.202239 0.218378 -0.049829 
665 23.034364 0.000000 0.616169 -2.212497 -0.255768 1.103046 0.999382 
666 23.034364 0.000000 -1.117663 -2.308172 0.057574 0.816857 0.999400 
667 24.885641 0.000000 0.616169 -3.279862 0.220173 0.581533 0.998886 
668 22.108726 0.000000 3.216916 102.871644 -0.050473 0.316706 -0.058268 
669 22.108726 0.000000 2.350000 102.834495 -0.052553 0.194809 -0.057497 
670 23.034364 0.000000 3.216916 103.234807 -0.017129 -0.009142 -0.065743 
671 22.108726 0.000000 4.083831 101.715599 -0.084199 3.987213 -0.036197 
672 198.905703 0.000000 57.832600 99.805114 0.056161 6.239155 0.000001 
673 198.905703 0.000000 2.350000 99.878685 -0.141782 5.061166 -0.000139 
674 258.146575 0.000000 57.832600 99.807265 0.062783 6.206543 -0.000002 
675 198.905703 0.000000 113.315201 99.796452 0.021968 6.402166 -0.000032 
676 110.044395 0.000000 30.091300 99.823583 0.122438 5.834821 0.000119 
677 110.044395 0.000000 2.350000 99.875115 -0.164302 4.821493 0.000169 
678 139.664831 0.000000 30.091300 99.831644 0.138942 5.766277 0.000037 
679 110.044395 0.000000 57.832600 99.807018 0.044474 6.268474 -0.000074 
680 65.613741 0.000000 16.220650 99.792707 0.215549 4.898133 0.001738 
681 65.613741 0.000000 2.350000 99.702827 -0.083816 4.529575 0.003882 
682 80.423959 0.000000 16.220650 99.850174 0.310410 4.846015 0.000636 
683 65.613741 0.000000 30.091300 99.855471 0.091066 5.796102 -0.000472 
684 43.398414 0.000000 9.285325 99.200517 1.637108 2.427830 0.015068 
685 43.398414 0.000000 2.350000 93.611171 0.200551 2.565176 0.123033 
686 50.803523 0.000000 9.285325 99.348706 2.207804 3.643573 0.011168 
687 43.398414 0.000000 16.220650 99.964434 0.415585 4.443964 -0.001281 
688 32.290750 0.000000 5.817663 99.993755 -0.052349 0.550741 0.000094 
689 32.290750 0.000000 2.350000 102.047334 0.128855 -1.930568 -0.041740 
690 35.993305 0.000000 5.817663 97.651120 -0.000000 1.349107 0.046244 
691 32.290750 0.000000 9.285325 100.727195 -0.119355 3.130841 -0.015578 
692 26.736919 0.000000 4.083831 103.069746 0.299566 -0.101150 -0.062347 
693 26.736919 0.000000 2.350000 103.736256 0.241166 -2.395696 -0.076701 
694 28.588196 0.000000 4.083831 102.078522 0.115937 -0.805012 -0.042069 
695 26.736919 0.000000 5.817663 101.752501 0.059925 2.214088 -0.035848 
696 23.960003 0.000000 3.216916 104.090669 0.013574 -2.171014 -0.083958 
697 23.960003 0.000000 2.350000 104.240124 0.029174 -2.701566 -0.087330 
698 24.885641 0.000000 3.216916 104.037758 0.133032 -4.375080 -0.084301 
699 23.960003 0.000000 4.083831 103.925506 0.159487 1.916392 -0.080421 
700 198.905703 0.000000 -53.132600 99.795052 -0.029383 6.332203 0.000085 
701 198.905703 0.000000 -108.615201 99.789814 -0.015358 6.416842 0.000082 
702 258.146575 0.000000 -53.132600 99.796552 -0.028499 6.344829 0.000039 
703 110.044395 0.000000 -25.391300 99.792696 -0.052641 6.030808 0.000504 
704 110.044395 0.000000 -53.132600 99.779371 -0.027551 6.314320 0.000421 
705 139.664831 0.000000 -25.391300 99.804492 -0.052396 6.066922 0.000225 
706 65.613741 0.000000 -11.520650 99.627806 -0.205439 5.398189 0.004512 
707 65.613741 0.000000 -25.391300 99.644590 -0.093536 5.967488 0.003534 
708 80.423959 0.000000 -11.520650 99.750811 -0.123652 5.422703 0.002035 
709 43.398414 0.000000 -4.585325 97.681576 -0.055911 6.142271 0.042058 
710 43.398414 0.000000 -11.520650 98.880300 -0.070875 6.048157 0.018610 
711 50.803523 0.000000 -4.585325 98.981343 -0.325277 5.006993 0.017752 
712 32.290750 0.000000 -1.117663 -7.666939 -0.228730 1.349359 0.993934 
713 32.290750 0.000000 -4.585325 97.128312 -0.318636 13.154671 0.039294 
714 35.993305 0.000000 -1.117663 92.744103 0.204605 33.158758 0.029899 
715 26.736919 0.000000 0.616169 -3.702293 -0.032369 -0.508084 0.998603 
716 26.736919 0.000000 -1.117663 -4.015720 -0.082252 -0.733623 0.998333 
717 28.588196 0.000000 0.616169 -5.337431 -0.025518 -1.021681 0.997047 
718 23.960003 0.000000 1.483084 -3.448905 -0.105059 1.220603 0.998660 
719 23.034364 0.000000 1.483084 -2.097852 -0.111813 1.628709 0.999293 
720 23.960003 0.000000 0.616169 -2.650447 0.173035 1.084880 0.999177 
721 24.885641 0.000000 1.483084 -4.033323 -0.049873 0.507806 0.998347 
722 25.811280 0.000000 3.216916 103.404632 0.133750 -3.196354 -0.070275 
723 25.811280 0.000000 2.350000 103.329653 0.132591 -2.756232 -0.068463 
724 26.736919 0.000000 3.216916 103.694669 0.223982 -2.216153 -0.075755 
725 25.811280 0.000000 4.083831 102.837051 0.090022 0.412062 -0.057564 
726 24.422822 0.000000 2.783458 104.263796 0.094886 -3.817395 -0.088552 
727 23.960003 0.000000 2.783458 104.090160 0.014990 -2.183937 -0.083953 
728 24.422822 0.000000 2.350000 104.222527 0.123571 -4.289684 -0.088075 
729 24.885641 0.000000 2.783458 104.031590 0.133149 -4.374259 -0.084172 
730 24.422822 0.000000 3.216916 104.277112 0.094679 -3.817735 -0.088830 
731 25.811280 0.000000 1.483084 -3.429188 0.106764 0.140622 0.998821 
732 25.811280 0.000000 0.616169 -3.517329 0.136706 0.056151 0.998761 
733 26.736919 0.000000 1.483084 -3.501826 0.152615 -0.175066 0.998768 
734 30.439473 0.000000 4.083831 101.501886 0.100859 -1.589870 -0.030517 
735 30.439473 0.000000 2.350000 102.314068 0.212535 -6.648986 -0.051242 
736 32.290750 0.000000 4.083831 99.971354 0.292550 -2.139576 0.000107 
737 30.439473 0.000000 5.817663 101.160644 -0.088182 0.821622 -0.023416 
738 27.662557 0.000000 3.216916 103.456526 0.374261 -4.741355 -0.072587 
739 27.662557 0.000000 2.350000 103.458157 0.394993 -5.062124 -0.072937 
740 28.588196 0.000000 3.216916 102.260590 0.418200 -4.844887 -0.048088 
741 27.662557 0.000000 4.083831 102.830500 0.370044 -0.785146 -0.057487 
742 26.274099 0.000000 2.783458 103.476160 0.160331 -1.966249 -0.071121 
743 25.811280 0.000000 2.783458 103.399614 0.133635 -3.175913 -0.070158 
744 26.274099 0.000000 2.350000 103.600520 0.182681 -1.773358 -0.073625 
745 26.736919 0.000000 2.783458 103.714443 0.224877 -2.191303 -0.076154 
746 26.274099 0.000000 3.216916 103.487429 0.162223 -2.002239 -0.071368 
747 30.439473 0.000000 0.616169 -7.790704 -0.253189 -0.416132 0.993907 
748 30.439473 0.000000 -1.117663 -9.361303 0.022386 -0.620758 0.991198 
749 32.290750 0.000000 0.616169 -6.688037 -0.283910 -0.242878 0.995513 
750 27.662557 0.000000 1.483084 -4.181695 -0.049215 -0.329381 0.998240 
751 27.662557 0.000000 0.616169 -4.234927 -0.079123 -0.722516 0.998154 
752 28.588196 0.000000 1.483084 -5.206822 0.098771 -0.092086 0.997287 
753 29.513835 0.000000 3.216916 102.542014 0.305393 -2.447218 -0.052095 
754 29.513835 0.000000 2.350000 102.539136 0.305847 -2.445863 -0.052035 
755 30.439473 0.000000 3.216916 102.346847 0.212257 -6.623824 -0.051880 
756 29.513835 0.000000 4.083831 101.710754 0.157260 -0.935468 -0.034598 
757 28.125377 0.000000 2.783458 102.742466 0.404007 -5.456845 -0.058595 
758 27.662557 0.000000 2.783458 103.450507 0.377106 -4.793191 -0.072512 
759 28.125377 0.000000 2.350000 102.831995 0.403108 -5.401663 -0.060376 
760 28.588196 0.000000 2.783458 102.160260 0.427766 -4.886039 -0.046078 
761 28.125377 0.000000 3.216916 102.841598 0.401576 -5.432249 -0.060606 
762 29.513835 0.000000 1.483084 -6.579543 -0.199314 -0.031985 0.995667 
763 29.513835 0.000000 0.616169 -6.793206 -0.122176 -0.784703 0.995322 
764 30.439473 0.000000 1.483084 -7.407704 -0.208846 -0.168110 0.994505 
765 29.051015 0.000000 2.783458 102.192258 0.375862 -3.171960 -0.045346 
766 29.051015 0.000000 2.350000 102.121012 0.387526 -3.163333 -0.043886 
767 29.513835 0.000000 2.783458 102.528809 0.306491 -2.972936 -0.052109 
768 29.051015 0.000000 3.216916 102.081125 0.401008 -3.562314 -0.043341 
769 32.290750 0.000000 -8.052988 99.385950 -0.019568 9.417043 0.003375 
770 32.290750 0.000000 -11.520650 99.866116 0.073455 7.673295 -0.003213 
771 35.993305 0.000000 -8.052988 98.746309 0.084224 8.126488 0.018312 
772 30.439473 0.000000 -2.851494 93.212173 0.087632 20.562829 0.088865 
773 28.588196 0.000000 -2.851494 86.178514 0.327504 35.875458 0.128611 
774 30.439473 0.000000 -4.585325 97.583151 -0.096256 15.513312 0.023686 
775 32.290750 0.000000 -2.851494 95.820657 -0.142031 17.179103 0.052326 
776 26.736919 0.000000 -2.851494 113.997879 0.300472 17.989043 -0.331921 
777 24.885641 0.000000 -2.851494 -4.817347 0.212835 -0.058967 0.997674 
778 26.736919 0.000000 -4.585325 107.647365 0.285777 17.626824 -0.189874 
779 29.513835 0.000000 -1.984578 83.330296 0.036623 23.127495 0.252118 
780 28.588196 0.000000 -1.984578 -4.362527 -0.218313 -0.915527 0.998008 
781 29.513835 0.000000 -2.851494 92.654788 -0.053739 22.622588 0.090331 
782 30.439473 0.000000 -1.984578 89.903254 0.190084 25.279642 0.127831 
783 29.513835 0.000000 -1.117663 -6.362571 -0.062147 -1.795778 0.995629 
784 30.439473 0.000000 -6.319156 98.854017 -0.151334 11.544919 0.009458 
785 28.588196 0.000000 -6.319156 101.078761 -0.094377 12.642620 -0.037676 
786 30.439473 0.000000 -8.052988 99.869690 -0.105308 9.707351 -0.006820 
787 32.290750 0.000000 -6.319156 98.167711 -0.160936 10.712836 0.024831 
788 29.513835 0.000000 -3.718409 95.615946 -0.062722 20.344701 0.044368 
789 28.588196 0.000000 -3.718409 96.802051 -0.205004 25.839480 -0.003836 
790 29.513835 0.000000 -4.585325 98.071762 0.151797 17.461169 0.007701 
791 30.439473 0.000000 -3.718409 95.695199 -0.074749 18.038584 0.051703 
792 39.695859 0.000000 -1.117663 93.759747 -0.312570 11.876428 0.106796 
793 39.695859 0.000000 -4.585325 97.069268 0.071997 7.659246 0.051889 
794 43.398414 0.000000 -1.117663 95.830149 -0.179601 6.395123 0.077565 
795 39.695859 0.000000 2.350000 94.156764 0.666178 -5.412369 0.110477 
796 34.142028 0.000000 -2.851494 94.828204 -0.002667 15.298389 0.077357 
797 34.142028 0.000000 -4.585325 96.721330 -0.052211 11.431631 0.051430 
798 35.993305 0.000000 -2.851494 95.527416 -0.025704 12.286824 0.072355 
799 34.142028 0.000000 -1.117663 88.794017 0.144725 26.433561 0.141687 
800 31.365112 0.000000 -1.984578 90.422117 0.079680 21.376661 0.136687 
801 31.365112 0.000000 -2.851494 93.856545 -0.163565 18.431967 0.085118 
802 32.290750 0.000000 -1.984578 96.858478 -0.068078 17.761787 0.030295 
803 31.365112 0.000000 -1.117663 -8.992396 -0.193178 0.162554 0.991907 
804 29.976654 0.000000 -2.418036 89.386156 0.119045 17.198348 0.171432 
805 29.513835 0.000000 -2.418036 78.342719 0.017145 36.025493 0.256458 
806 29.976654 0.000000 -2.851494 92.608540 0.101151 21.209068 0.097382 
807 30.439473 0.000000 -2.418036 89.970766 0.189765 24.626729 0.129875 
808 29.976654 0.000000 -1.984578 89.668347 0.149980 20.214069 0.155096 
809 39.695859 0.000000 5.817663 97.113368 -0.000000 0.592074 0.056864 
810 43.398414 0.000000 5.817663 97.739593 -0.385696 1.900656 0.044321 
811 39.695859 0.000000 9.285325 100.825308 0.157747 1.522634 -0.016809 
812 34.142028 0.000000 4.083831 99.155989 0.000000 -1.532167 0.016574 
813 34.142028 0.000000 2.350000 93.569652 -0.251741 -5.766878 0.121140 
814 35.993305 0.000000 4.083831 98.470214 -0.000000 -0.167152 0.030359 
815 34.142028 0.000000 5.817663 97.709654 0.000000 1.319742 0.045108 
816 31.365112 0.000000 3.216916 99.926135 0.307231 -6.097803 -0.002251 
817 31.365112 0.000000 2.350000 99.884284 0.297822 -5.548142 -0.000774 
818 32.290750 0.000000 3.216916 120.462310 0.000000 -3.433868 -0.452296 
819 31.365112 0.000000 4.083831 100.748623 0.114921 -2.002038 -0.015431 
820 34.142028 0.000000 0.616169 -4.434173 -0.030953 -0.051128 0.998033 
821 35.993305 0.000000 0.616169 -3.568679 -0.118198 0.887815 0.998646 
822 31.365112 0.000000 1.483084 -7.716307 -0.233182 -0.364676 0.994027 
823 31.365112 0.000000 0.616169 -7.734621 -0.183823 -0.286118 0.994006 
824 32.290750 0.000000 1.483084 -6.765618 -0.124839 -1.108243 0.995298 
825 30.902292 0.000000 2.783458 101.041709 0.245965 -6.900238 -0.025710 
826 30.439473 0.000000 2.783458 102.299660 0.217236 -6.298295 -0.050494 
827 30.902292 0.000000 2.350000 101.253891 0.237767 -6.942289 -0.030060 
828 31.365112 0.000000 2.783458 99.724308 0.304562 -5.260667 0.002729 
829 30.902292 0.000000 3.216916 100.891009 0.247315 -7.013494 -0.022825 
830 33.216389 0.000000 -1.984578 93.584562 -0.061046 32.747411 0.016953 
831 33.216389 0.000000 -2.851494 95.535098 -0.347896 16.851611 0.058895 
832 34.142028 0.000000 -1.984578 91.643638 0.057683 18.785089 0.124856 
833 33.216389 0.000000 -1.117663 89.668872 0.038024 33.802140 0.081691 
834 31.365112 0.000000 -0.250747 -8.247714 -0.171055 0.030602 0.993195 
835 30.439473 0.000000 -0.250747 -8.210800 -0.120623 -0.895499 0.993177 
836 32.290750 0.000000 -0.250747 -6.981352 -0.250912 0.449192 0.995100 
837 31.827931 0.000000 -1.551120 95.065801 -0.015630 14.142294 0.076249 
838 31.365112 0.000000 -1.551120 90.895579 0.071493 20.320219 0.132508 
839 31.827931 0.000000 -1.984578 94.938941 -0.012827 14.101214 0.078775 
840 32.290750 0.000000 -1.551120 96.682447 -0.070429 19.321494 0.027918 
841 31.827931 0.000000 -1.117663 -8.780581 -0.093860 0.894917 0.992209 
842 33.216389 0.000000 3.216916 110.794170 0.000000 -5.549280 -0.230614 
843 33.216389 0.000000 2.350000 96.172938 -0.083067 -5.668622 0.071863 
844 34.142028 0.000000 3.216916 105.264188 -0.000000 -6.816183 -0.112701 
845 33.216389 0.000000 4.083831 100.616233 0.000000 -2.086620 -0.012798 
846 31.827931 0.000000 2.783458 99.985896 0.284258 -2.473283 -0.000338 
847 31.827931 0.000000 2.350000 97.257515 0.302515 -2.969523 0.053207 
848 32.290750 0.000000 2.783458 111.576814 0.088388 -3.427513 -0.246114 
849 31.827931 0.000000 3.216916 125.196457 0.000000 1.109119 -0.567538 
850 33.216389 0.000000 -0.250747 -5.375864 -0.195998 0.404525 0.997090 
851 34.142028 0.000000 -0.250747 -4.865219 0.000379 0.037302 0.997633 
852 33.216389 0.000000 0.616169 -5.403149 0.066489 -0.216689 0.997075 
853 32.753570 0.000000 -1.551120 93.966249 -0.049144 29.851491 0.027923 
854 32.753570 0.000000 -1.984578 95.060258 -0.069297 27.396574 0.021297 
855 33.216389 0.000000 -1.551120 90.045916 0.028783 33.737177 0.075353 
856 32.753570 0.000000 -1.117663 91.800939 -0.014573 33.392694 0.045752 
857 33.216389 0.000000 1.483084 -5.099701 0.121578 -1.419701 0.997196 
858 34.142028 0.000000 1.483084 -3.576822 -0.040987 -0.836947 0.998650 
859 32.753570 0.000000 2.783458 109.541043 0.002229 -5.199253 -0.202627 
860 32.753570 0.000000 2.350000 101.413957 0.004651 -5.067452 -0.031047 
861 33.216389 0.000000 2.783458 104.218759 -0.043754 -6.343907 -0.090180 
862 32.753570 0.000000 3.216916 115.753464 -0.000000 -5.588834 -0.343010 
863 37.844582 0.000000 0.616169 -5.187189 -0.085011 0.081986 0.997308 
864 37.844582 0.000000 -1.117663 92.185256 0.120271 14.692148 0.128600 
865 39.695859 0.000000 0.616169 83.534866 0.054070 36.631723 0.168004 
866 37.844582 0.000000 2.350000 98.914922 -0.254462 -23.895776 -0.035523 
867 35.067666 0.000000 -0.250747 -4.882267 0.013078 1.131891 0.997488 
868 35.067666 0.000000 -1.117663 96.206422 0.313231 14.282888 0.054023 
869 35.993305 0.000000 -0.250747 91.373793 0.245421 34.383896 0.046852 
870 35.067666 0.000000 0.616169 -3.815075 -0.086741 0.472543 0.998521 
871 43.398414 0.000000 -18.455975 99.449377 -0.285662 6.215370 0.007111 
872 43.398414 0.000000 -25.391300 99.652645 -0.139198 6.312060 0.002949 
873 50.803523 0.000000 -18.455975 99.507258 -0.168543 6.016828 0.006207 
874 39.695859 0.000000 -8.052988 98.394215 -0.129859 7.039521 0.026901 
875 39.695859 0.000000 -11.520650 98.856899 -0.029327 6.616071 0.018354 
876 43.398414 0.000000 -8.052988 98.400096 -0.095646 6.024050 0.028112 
877 37.844582 0.000000 -2.851494 95.532606 0.128064 10.593460 0.076128 
878 37.844582 0.000000 -4.585325 96.886139 0.002811 8.757608 0.053638 
879 39.695859 0.000000 -2.851494 95.930133 0.006668 8.697395 0.072176 
880 35.067666 0.000000 -1.984578 94.187602 0.129269 14.918741 0.090611 
881 35.067666 0.000000 -2.851494 95.046992 0.095200 13.170992 0.079259 
882 35.993305 0.000000 -1.984578 95.076329 0.073463 15.077626 0.073315 
883 34.604847 0.000000 -0.684205 92.089286 0.258220 15.770611 0.127078 
884 34.142028 0.000000 -0.684205 89.693468 0.189520 23.140704 0.141955 
885 34.604847 0.000000 -1.117663 91.624244 0.243494 17.231820 0.130800 
886 35.067666 0.000000 -0.684205 96.352995 0.313266 14.348478 0.051012 
887 34.604847 0.000000 -0.250747 -4.668151 -0.061846 0.204895 0.997816 
888 37.844582 0.000000 4.083831 98.179081 -0.000000 -1.021840 0.035982 
889 39.695859 0.000000 4.083831 97.048070 0.000000 -1.142099 0.058037 
890 37.844582 0.000000 5.817663 97.244171 -0.000000 0.955382 0.054266 
891 35.067666 0.000000 3.216916 103.490017 -0.000000 -1.373906 -0.071207 
892 35.067666 0.000000 2.350000 95.022520 -0.345173 1.489190 0.096838 
893 35.993305 0.000000 3.216916 104.621425 -0.000000 7.319501 -0.099922 
894 35.067666 0.000000 4.083831 98.867902 -0.000000 -0.828984 0.022445 
895 35.067666 0.000000 1.483084 -2.623628 -0.233284 0.431595 0.999288 
896 35.993305 0.000000 1.483084 -3.444357 -0.118738 1.941470 0.998435 
897 34.604847 0.000000 2.783458 96.965114 -0.199038 -4.572563 0.057682 
898 34.142028 0.000000 2.783458 96.712643 -0.175095 -6.504903 0.060432 
899 34.604847 0.000000 2.350000 92.521431 -0.302766 -4.279168 0.142138 
900 35.067666 0.000000 2.783458 99.696694 -0.211441 1.484994 0.005832 
901 34.604847 0.000000 3.216916 104.032850 -0.000000 -4.558788 -0.084362 
902 33.679208 0.000000 2.783458 99.817462 -0.091360 -7.465813 -0.001927 
903 33.679208 0.000000 2.350000 94.838021 -0.173114 -6.640414 0.096162 
904 33.679208 0.000000 3.216916 106.383843 -0.000000 -6.405039 -0.135855 
905 34.604847 0.000000 1.916542 -1.865477 -0.129302 -1.122554 0.999524 
906 34.142028 0.000000 1.916542 -2.799203 -0.024214 -1.663689 0.998940 
907 34.604847 0.000000 1.483084 -3.035338 -0.141310 -0.461084 0.999055 
908 35.067666 0.000000 1.916542 -1.577042 -0.178844 0.285722 0.999740 
909 34.373437 0.000000 2.566729 94.600903 -0.231487 -5.447131 0.102094 
910 34.142028 0.000000 2.566729 95.037469 -0.200963 -6.247913 0.092880 
911 34.373437 0.000000 2.350000 90.397238 -0.344487 -3.757293 0.181410 
912 34.604847 0.000000 2.566729 94.295545 -0.259022 -4.337227 0.108947 
913 34.373437 0.000000 2.783458 97.750281 -0.175100 -6.270789 0.040553 
914 36.918944 0.000000 3.216916 129.482528 0.000000 -13.907429 -0.695914 
915 36.918944 0.000000 2.350000 239.806218 -0.321047 -67.367778 -5.204554 
916 37.844582 0.000000 3.216916 101.661331 0.000000 -3.536955 -0.034754 
917 36.918944 0.000000 4.083831 98.593640 -0.000000 -0.578465 0.027896 
918 35.530486 0.000000 2.783458 98.113123 -0.252170 10.850899 0.025601 
919 35.530486 0.000000 2.350000 95.137327 -0.366351 10.803340 0.083204 
920 35.993305 0.000000 2.783458 98.204057 -0.237417 21.448731 -0.010414 
921 35.530486 0.000000 3.216916 104.519303 -0.000000 2.866710 -0.093250 
922 34.836257 0.000000 2.566729 95.602156 -0.258914 -2.745590 0.085262 
923 34.836257 0.000000 2.350000 94.181719 -0.309145 -1.184492 0.112831 
924 35.067666 0.000000 2.566729 95.332721 -0.307996 -0.157590 0.091155 
925 34.836257 0.000000 2.783458 97.095013 -0.226361 -2.210740 0.056762 
926 80.423959 0.000000 168.797801 99.800616 0.008604 6.436637 -0.000159 
927 21.183087 0.000000 168.797801 99.802369 0.005766 6.444257 -0.000204 
928 139.664831 0.000000 168.797801 99.797275 0.011135 6.432767 -0.000088 
929 80.423959 0.000000 224.280401 99.796952 0.006176 6.444746 -0.000097 
930 50.803523 0.000000 85.573901 99.830543 0.014122 6.388755 -0.000695 
931 21.183087 0.000000 85.573901 99.838488 0.008868 6.421884 -0.000896 
932 80.423959 0.000000 85.573901 99.814678 0.020545 6.372595 -0.000358 
933 50.803523 0.000000 113.315201 99.814724 0.010697 6.420046 -0.000420 
934 35.993305 0.000000 43.961950 100.059288 0.063404 6.189179 -0.005017 
935 21.183087 0.000000 43.961950 100.106572 0.078712 6.371741 -0.006193 
936 50.803523 0.000000 43.961950 99.948055 0.057834 6.109525 -0.002694 
937 35.993305 0.000000 57.832600 99.951549 0.042125 6.317127 -0.003022 
938 28.588196 0.000000 23.155975 100.496972 0.328420 5.713720 -0.013240 
939 21.183087 0.000000 23.155975 100.664718 0.338028 6.127687 -0.017105 
940 35.993305 0.000000 23.155975 100.280847 0.291996 5.413677 -0.008564 
941 28.588196 0.000000 30.091300 100.334992 0.146520 5.992611 -0.010304 
942 32.290750 0.000000 12.752988 100.675928 -0.054467 4.220597 -0.015346 
943 28.588196 0.000000 12.752988 101.194382 -0.061108 4.513696 -0.026068 
944 35.993305 0.000000 12.752988 100.480138 0.345433 4.168095 -0.011375 
945 32.290750 0.000000 16.220650 100.542278 0.273407 4.910158 -0.013293 
946 34.142028 0.000000 7.551494 99.732354 -0.178635 2.148374 0.004881 
947 32.290750 0.000000 7.551494 100.348064 -0.116511 2.043871 -0.007392 
948 35.993305 0.000000 7.551494 97.516683 0.000000 3.600056 0.047754 
949 34.142028 0.000000 9.285325 100.486453 -0.034238 3.185944 -0.010768 
950 35.067666 0.000000 4.950747 97.902040 -0.000000 0.405205 0.041503 
951 34.142028 0.000000 4.950747 97.927434 -0.000000 0.310613 0.041012 
952 35.993305 0.000000 4.950747 97.810715 -0.000000 0.368168 0.043293 
953 35.067666 0.000000 5.817663 97.495437 0.000000 1.586935 0.049212 
954 34.604847 0.000000 3.650373 100.786970 -0.000000 -2.583718 -0.016469 
955 34.142028 0.000000 3.650373 100.930607 -0.000000 -2.874085 -0.019525 
956 35.067666 0.000000 3.650373 100.615476 -0.000000 -1.074655 -0.012463 
957 34.604847 0.000000 4.083831 98.847723 -0.000000 -1.139746 0.022783 
958 34.373437 0.000000 3.000187 106.432074 -0.000000 -8.405066 -0.139843 
959 34.142028 0.000000 3.000187 104.541733 -0.036614 -7.962815 -0.099238 
960 34.604847 0.000000 3.000187 105.330711 -0.000000 -5.505579 -0.112487 
961 34.373437 0.000000 3.216916 104.592894 -0.000000 -6.413026 -0.098080 
962 34.489142 0.000000 2.675093 95.566833 -0.225236 -4.981259 0.084212 
963 34.373437 0.000000 2.675093 95.251369 -0.218945 -5.683548 0.089483 
964 34.489142 0.000000 2.566729 94.747512 -0.242027 -4.851939 0.099931 
965 34.604847 0.000000 2.675093 95.329436 -0.233593 -4.685778 0.089029 
966 34.489142 0.000000 2.783458 97.352663 -0.197958 -5.192325 0.049546 
967 36.918944 0.000000 -0.250747 85.760784 0.421109 35.145568 0.140970 
968 36.918944 0.000000 -1.117663 90.981388 0.175005 19.567778 0.133946 
969 37.844582 0.000000 -0.250747 91.279522 0.359846 15.725891 0.142062 
970 36.918944 0.000000 0.616169 -3.582072 -0.104788 0.450237 0.998696 
971 36.918944 0.000000 -1.984578 94.258833 0.198244 14.050914 0.091780 
972 36.918944 0.000000 -2.851494 95.477073 0.131177 11.532276 0.075112 
973 37.844582 0.000000 -1.984578 94.287283 0.060715 12.323239 0.095804 
974 36.456124 0.000000 -0.684205 88.668085 0.327309 36.767379 0.078602 
975 35.993305 0.000000 -0.684205 92.228457 0.240791 33.220927 0.039022 
976 36.456124 0.000000 -1.117663 92.978981 0.201605 22.408205 0.085274 
977 36.918944 0.000000 -0.684205 86.374131 0.401215 36.539402 0.120422 
978 36.456124 0.000000 -0.250747 87.787844 0.353125 37.335819 0.089921 
979 36.918944 0.000000 1.483084 -4.714399 -0.133393 0.759268 0.997718 
980 37.844582 0.000000 1.483084 -4.772064 -0.117044 -0.209444 0.997717 
981 36.456124 0.000000 2.783458 152.878750 -0.244423 -9.120287 -1.345515 
982 36.456124 0.000000 2.350000 161.069284 -0.299787 -12.110120 -1.609006 
983 36.918944 0.000000 2.783458 221.966679 -0.246435 -58.423969 -4.268263 
984 36.456124 0.000000 3.216916 106.383742 -0.000000 2.071044 -0.132179 
985 58.208632 0.000000 -4.585325 99.500242 -0.171127 5.022272 0.007445 
986 58.208632 0.000000 -11.520650 99.556020 -0.144032 5.614564 0.005705 
987 65.613741 0.000000 -4.585325 99.672226 -0.123934 4.922882 0.004120 
988 58.208632 0.000000 2.350000 99.505403 -0.084795 4.536889 0.007808 
989 47.100968 0.000000 -1.117663 98.010312 -0.050726 4.867317 0.037029 
990 47.100968 0.000000 -4.585325 98.426786 -0.065707 5.120595 0.028594 
991 50.803523 0.000000 -1.117663 98.853392 -0.241893 4.850889 0.020442 
992 47.100968 0.000000 2.350000 97.964379 0.139009 3.748477 0.038891 
993 41.547137 0.000000 0.616169 89.077148 -0.104314 15.929643 0.181150 
994 41.547137 0.000000 -1.117663 94.641997 -0.331969 8.622501 0.096843 
995 43.398414 0.000000 0.616169 93.739653 0.106407 5.526972 0.118232 
996 41.547137 0.000000 2.350000 97.188390 0.416530 -28.162941 -0.023891 
997 38.770221 0.000000 -0.250747 91.075092 0.134685 36.040405 0.040640 
998 38.770221 0.000000 -1.117663 93.711330 -0.140337 13.369273 0.103943 
999 39.695859 0.000000 -0.250747 90.712873 -0.261238 16.623796 0.149476 
1000 38.770221 0.000000 0.616169 89.912712 0.115141 36.044309 0.061650 
1001 38.770221 0.000000 1.483084 -2.802160 -0.216578 -0.297106 0.999201 
1002 39.695859 0.000000 1.483084 -2.081765 -0.448354 0.227725 0.999541 
1003 38.770221 0.000000 2.350000 113.020507 0.231599 -29.299961 -0.363218 
1004 38.307401 0.000000 0.182711 94.393950 0.150871 20.312272 0.067717 
1005 37.844582 0.000000 0.182711 92.968069 0.275170 15.847586 0.110572 
1006 38.307401 0.000000 -0.250747 95.382505 0.154026 15.632102 0.065779 
1007 38.770221 0.000000 0.182711 91.945639 0.137718 31.869458 0.053032 
1008 38.307401 0.000000 0.616169 95.274271 0.156999 16.135341 0.066244 
1009 58.208632 0.000000 9.285325 99.604492 4.809985 4.338336 0.003699 
1010 65.613741 0.000000 9.285325 99.678753 -6.929869 5.497254 -0.001410 
1011 58.208632 0.000000 16.220650 99.691036 0.324040 5.021578 0.003638 
1012 47.100968 0.000000 5.817663 98.585841 -0.953589 3.188022 0.026976 
1013 50.803523 0.000000 5.817663 99.062904 -0.598888 4.872620 0.016244 
1014 47.100968 0.000000 9.285325 99.214044 1.897218 3.170651 0.014292 
1015 41.547137 0.000000 4.083831 96.301551 -0.303450 -0.192775 0.072588 
1016 43.398414 0.000000 4.083831 96.206679 0.136337 1.888888 0.074069 
1017 41.547137 0.000000 5.817663 97.083434 -0.310491 1.341284 0.057291 
1018 38.770221 0.000000 3.216916 100.880588 -0.000000 -4.480227 -0.019697 
1019 39.695859 0.000000 3.216916 98.293228 0.000000 -2.947212 0.032976 
1020 38.770221 0.000000 4.083831 97.633919 -0.000000 -1.312576 0.046590 
1021 38.307401 0.000000 2.783458 104.139309 -0.067829 -22.270186 -0.134096 
1022 37.844582 0.000000 2.783458 101.698424 -0.146444 -24.303818 -0.093327 
1023 38.307401 0.000000 2.350000 101.377696 -0.039344 -23.389357 -0.082450 
1024 38.770221 0.000000 2.783458 106.520524 0.034505 -14.015163 -0.154305 
1025 38.307401 0.000000 3.216916 101.014909 -0.000000 -3.766712 -0.021820 
1026 40.621498 0.000000 3.216916 97.020990 -0.949734 -2.509999 0.057973 
1027 40.621498 0.000000 2.350000 100.335683 0.637967 -3.813104 -0.008220 
1028 41.547137 0.000000 3.216916 95.334876 -0.625592 -3.367011 0.089953 
1029 40.621498 0.000000 4.083831 96.666675 -0.418456 -0.559632 0.065507 
1030 39.233040 0.000000 2.783458 98.806545 0.082658 -4.718899 0.021499 
1031 39.233040 0.000000 2.350000 94.375570 0.323034 -5.413944 0.106384 
1032 39.695859 0.000000 2.783458 97.755997 0.341599 -4.447314 0.042387 
1033 39.233040 0.000000 3.216916 99.536632 0.000000 -3.531887 0.007998 
1034 40.621498 0.000000 1.483084 -4.996777 -0.203783 0.916309 0.997415 
1035 40.621498 0.000000 0.616169 91.509869 0.243883 18.673297 0.127719 
1036 41.547137 0.000000 1.483084 67.513749 0.251551 45.505444 0.337108 
1037 39.233040 0.000000 1.916542 -0.994036 -0.242064 -0.372216 0.999881 
1038 38.770221 0.000000 1.916542 -1.965096 -0.136497 -1.717956 0.999317 
1039 39.233040 0.000000 1.483084 -1.975001 -0.298155 0.161279 0.999598 
1040 39.695859 0.000000 1.916542 -1.994531 -0.533266 0.520876 0.999547 
1041 40.158679 0.000000 2.783458 97.049760 0.937114 -3.552238 0.056785 
1042 40.158679 0.000000 2.350000 97.586493 0.732052 -3.785753 0.046201 
1043 40.621498 0.000000 2.783458 101.133014 0.757067 -3.924078 -0.024386 
1044 40.158679 0.000000 3.216916 97.482584 0.000000 -2.341890 0.049166 
1045 39.464450 0.000000 2.566729 88.200872 0.450317 -4.697463 0.219834 
1046 39.233040 0.000000 2.566729 97.936916 0.235321 -24.285113 -0.018146 
1047 39.464450 0.000000 2.350000 92.233870 0.624781 -5.310248 0.146432 
1048 39.695859 0.000000 2.566729 94.180679 0.668313 -4.958318 0.110497 
1049 39.464450 0.000000 2.783458 97.873969 0.079238 -4.261918 0.040252 
1050 41.547137 0.000000 -2.851494 96.334963 0.029799 7.242491 0.066712 
1051 41.547137 0.000000 -4.585325 97.497262 0.012515 6.926088 0.044631 
1052 43.398414 0.000000 -2.851494 97.059135 0.066589 6.391802 0.053866 
1053 40.621498 0.000000 -0.250747 92.166295 -0.324294 12.109094 0.135864 
1054 40.621498 0.000000 -1.117663 94.095044 -0.336522 9.977282 0.104646 
1055 41.547137 0.000000 -0.250747 93.074276 -0.494415 10.050196 0.123593 
1056 40.158679 0.000000 1.049627 87.505306 0.207098 22.123392 0.185333 
1057 39.695859 0.000000 1.049627 83.392238 0.075746 33.058883 0.195284 
1058 40.158679 0.000000 0.616169 86.049146 0.171541 26.299641 0.190384 
1059 40.621498 0.000000 1.049627 92.489699 0.224051 17.722457 0.113152 
1060 40.158679 0.000000 1.483084 -3.726645 -0.121123 0.358335 0.998597 
1061 45.249691 0.000000 0.616169 96.699755 0.023895 4.597421 0.062802 
1062 45.249691 0.000000 -1.117663 97.318932 -0.033631 5.709076 0.049643 
1063 47.100968 0.000000 0.616169 97.897457 -0.080095 4.328666 0.039734 
1064 45.249691 0.000000 2.350000 96.795298 0.310183 3.668575 0.061712 
1065 42.472775 0.000000 1.483084 84.070504 0.068622 6.947322 0.288388 
1066 42.472775 0.000000 0.616169 90.824590 0.019376 8.478429 0.167901 
1067 43.398414 0.000000 1.483084 93.007415 0.024560 4.333797 0.133084 
1068 42.472775 0.000000 2.350000 87.240626 0.237681 -1.994287 0.238504 
1069 41.084317 0.000000 1.049627 85.593681 0.226818 40.414876 0.104031 
1070 41.084317 0.000000 0.616169 91.535779 0.082585 18.763951 0.126911 
1071 41.547137 0.000000 1.049627 72.812589 0.245869 46.781827 0.250973 
1072 41.084317 0.000000 1.483084 79.045888 0.238306 45.011751 0.172563 
1073 45.249691 0.000000 4.083831 97.500098 -0.250834 3.016008 0.048457 
1074 47.100968 0.000000 4.083831 98.232869 -0.425484 3.345941 0.033893 
1075 45.249691 0.000000 5.817663 98.165174 -0.870906 2.879964 0.035455 
1076 42.472775 0.000000 3.216916 93.996754 -0.520132 -0.442641 0.116414 
1077 43.398414 0.000000 3.216916 95.138114 -0.463961 1.785031 0.094534 
1078 42.472775 0.000000 4.083831 96.049638 -0.063581 0.760115 0.077389 
1079 41.084317 0.000000 2.783458 97.762037 -0.652777 -6.727839 0.039689 
1080 41.084317 0.000000 2.350000 102.656193 0.574757 -13.725966 -0.072703 
1081 41.547137 0.000000 2.783458 94.792635 -0.932427 -8.093972 0.094797 
1082 41.084317 0.000000 3.216916 96.592808 -0.867122 -3.255587 0.065848 
1083 42.009956 0.000000 1.916542 59.859448 0.275023 6.382053 0.637604 
1084 41.547137 0.000000 1.916542 62.870521 0.222512 37.285128 0.465707 
1085 42.009956 0.000000 1.483084 61.230429 0.252175 43.250425 0.438017 
1086 42.472775 0.000000 1.916542 81.898411 0.116712 1.788311 0.328944 
1087 42.009956 0.000000 2.350000 83.756588 0.435210 -40.595351 0.133666 
1088 41.084317 0.000000 1.916542 -3.120581 -0.173297 1.000373 0.998923 
1089 40.621498 0.000000 1.916542 -4.656258 -0.220114 0.881942 0.997749 
1090 42.009956 0.000000 2.783458 91.765043 -1.269261 -5.745990 0.154455 
1091 42.472775 0.000000 2.783458 91.799097 -2.354808 -2.672883 0.156024 
1092 42.009956 0.000000 3.216916 94.214747 -0.570071 -2.191899 0.111845 
1093 41.778546 0.000000 2.133271 88.642861 0.225676 -31.280066 0.116395 
1094 41.547137 0.000000 2.133271 95.293243 0.315416 -29.510452 0.004823 
1095 41.778546 0.000000 1.916542 68.442361 0.204321 8.079367 0.525033 
1096 42.009956 0.000000 2.133271 67.713749 0.308893 -19.388057 0.503886 
1097 41.778546 0.000000 2.350000 93.034051 0.352236 -33.212027 0.024150 
1098 18.406171 0.000000 -1.984578 -0.180175 -0.274468 0.075366 0.999989 
1099 19.331810 0.000000 -1.984578 -0.648120 -0.226453 0.302689 0.999944 
1100 18.406171 0.000000 -1.117663 -0.183315 -0.212955 0.316232 0.999982 
1101 17.943352 0.000000 -3.284952 85.733363 -0.481847 -20.200454 0.224150 
1102 17.943352 0.000000 -3.718409 87.296555 -0.324156 -15.517792 0.213840 
1103 18.406171 0.000000 -3.284952 88.884694 -0.443937 -31.496908 0.110726 
1104 17.943352 0.000000 -2.851494 85.295123 -0.496926 -15.430486 0.248640 
1105 23.034364 0.000000 -2.851494 -2.970847 0.106527 0.328707 0.999105 
1106 23.034364 0.000000 -4.585325 109.853301 0.035070 2.982806 -0.207665 
1107 20.257448 0.000000 -3.718409 108.749719 -0.199799 -7.926844 -0.188938 
1108 20.257448 0.000000 -4.585325 105.630368 -0.127651 -5.225712 -0.118510 
1109 21.183087 0.000000 -3.718409 110.271061 -0.171567 -8.440708 -0.223098 
1110 20.257448 0.000000 -2.851494 -1.178493 0.010775 0.500184 0.999836 
1111 18.868990 0.000000 -3.284952 97.107718 -0.430329 -33.752151 -0.056930 
1112 18.868990 0.000000 -3.718409 101.962223 -0.429508 -32.281504 -0.143857 
1113 19.331810 0.000000 -3.284952 106.847991 -0.394863 -21.127901 -0.186304 
1114 18.868990 0.000000 -2.851494 -0.942234 -0.299395 -0.254940 0.999896 
1115 18.406171 0.000000 -5.452241 98.649400 -0.232517 -4.347995 0.024934 
1116 17.480532 0.000000 -5.452241 96.398200 -0.220555 -2.792860 0.069954 
1117 18.406171 0.000000 -6.319156 99.274568 -0.171218 -1.037631 0.014345 
1118 19.331810 0.000000 -5.452241 101.795614 -0.214885 -4.048161 -0.037878 
1119 18.868990 0.000000 -4.151867 107.202382 -0.423501 -24.645530 -0.209993 
1120 18.406171 0.000000 -4.151867 95.830220 -0.387224 -15.486597 0.057658 
1121 18.868990 0.000000 -4.585325 101.163362 -0.268305 -10.610938 -0.034669 
1122 19.331810 0.000000 -4.151867 109.116075 -0.368112 -16.879496 -0.219137 
1123 18.637581 0.000000 -3.501681 95.165054 -0.430176 -34.751754 -0.026426 
1124 18.406171 0.000000 -3.501681 90.324720 -0.433411 -34.520648 0.064958 
1125 18.637581 0.000000 -3.718409 96.662198 -0.430329 -33.705872 -0.047985 
1126 18.868990 0.000000 -3.501681 98.489924 -0.430756 -33.798768 -0.084281 
1127 18.637581 0.000000 -3.284952 93.617882 -0.429841 -34.978985 0.001198 
1128 20.257448 0.000000 -1.984578 -0.920516 0.193756 0.149093 0.999909 
1129 21.183087 0.000000 -1.984578 -1.450302 -0.059780 0.460310 0.999768 
1130 20.257448 0.000000 -1.117663 -0.504267 0.176416 0.219190 0.999967 
1131 19.794629 0.000000 -3.284952 110.158562 -0.244697 -6.544480 -0.217780 
1132 19.794629 0.000000 -3.718409 110.034546 -0.263966 -7.899843 -0.217008 
1133 20.257448 0.000000 -3.284952 108.691216 -0.191225 -7.812468 -0.187485 
1134 19.794629 0.000000 -2.851494 -1.089895 -0.235920 0.380581 0.999861 
1135 23.034364 0.000000 -6.319156 105.186262 -0.110818 4.302488 -0.108267 
1136 23.034364 0.000000 -8.052988 102.946799 0.118608 5.022787 -0.062329 
1137 24.885641 0.000000 -6.319156 105.802446 0.159388 8.344262 -0.126381 
1138 22.108726 0.000000 -3.718409 112.203167 -0.057233 -0.924561 -0.259041 
1139 22.108726 0.000000 -4.585325 109.531645 -0.097320 0.215138 -0.199724 
1140 23.034364 0.000000 -3.718409 112.429568 0.189882 2.725861 -0.264787 
1141 22.108726 0.000000 -2.851494 -2.481762 -0.104743 0.484290 0.999360 
1142 22.108726 0.000000 -5.452241 106.774377 0.077206 1.116928 -0.140202 
1143 21.183087 0.000000 -5.452241 105.487675 0.172920 -0.803037 -0.112832 
1144 22.108726 0.000000 -6.319156 104.623464 0.260639 2.359900 -0.095171 
1145 23.034364 0.000000 -5.452241 107.449350 0.063325 3.571481 -0.155812 
1146 21.645906 0.000000 -4.151867 112.005632 -0.116813 -3.713472 -0.255907 
1147 21.183087 0.000000 -4.151867 110.685750 -0.164564 -7.878131 -0.231343 
1148 21.645906 0.000000 -4.585325 109.063445 0.025654 -2.103449 -0.189926 
1149 22.108726 0.000000 -4.151867 112.139175 -0.047136 -0.894163 -0.257600 
1150 21.645906 0.000000 -3.718409 111.619960 -0.132662 -5.026955 -0.248430 
1151 23.960003 0.000000 -3.718409 115.551967 0.290089 2.832336 -0.336036 
1152 23.960003 0.000000 -4.585325 111.784036 0.191882 5.082070 -0.252154 
1153 24.885641 0.000000 -3.718409 119.938553 0.255655 13.803749 -0.457587 
1154 23.960003 0.000000 -2.851494 -3.828672 0.191485 -0.148686 0.998528 
1155 22.571545 0.000000 -4.151867 112.239177 0.075209 1.538321 -0.260001 
1156 22.571545 0.000000 -4.585325 109.628071 0.091698 1.868035 -0.202181 
1157 23.034364 0.000000 -4.151867 112.457654 0.186320 2.689578 -0.265399 
1158 22.571545 0.000000 -3.718409 112.220469 0.085734 1.676864 -0.259625 
1159 26.736919 0.000000 -6.319156 103.908398 0.098481 11.716137 -0.093423 
1160 26.736919 0.000000 -8.052988 102.226035 0.131944 8.804053 -0.052769 
1161 23.960003 0.000000 -5.452241 108.245690 0.210054 6.107684 -0.175448 
1162 23.960003 0.000000 -6.319156 105.607504 0.077470 6.172166 -0.119105 
1163 24.885641 0.000000 -5.452241 108.731125 0.365952 9.280188 -0.190871 
1164 25.811280 0.000000 -3.718409 113.941509 0.244839 27.780334 -0.375447 
1165 25.811280 0.000000 -4.585325 110.353052 0.535423 16.145296 -0.243875 
1166 26.736919 0.000000 -3.718409 113.927459 0.302298 16.272678 -0.324436 
1167 25.811280 0.000000 -2.851494 110.765647 0.277067 28.379968 -0.307453 
1168 24.422822 0.000000 -4.151867 117.763023 0.325756 3.370920 -0.387960 
1169 23.960003 0.000000 -4.151867 115.586467 0.282970 3.280114 -0.337107 
1170 24.422822 0.000000 -4.585325 113.214742 0.214518 7.311315 -0.287108 
1171 24.885641 0.000000 -4.151867 119.706388 0.268876 12.392820 -0.448327 
1172 24.422822 0.000000 -3.718409 118.240882 0.323036 5.018182 -0.400619 
1173 25.811280 0.000000 -1.984578 -4.474360 0.093462 -0.079805 0.997996 
1174 24.885641 0.000000 -1.984578 -4.169330 0.277253 0.230950 0.998249 
1175 26.736919 0.000000 -1.984578 -4.767334 -0.081772 -0.857354 0.997653 
1176 25.811280 0.000000 -1.117663 -3.813380 0.074801 -0.077059 0.998545 
1177 25.348461 0.000000 -3.284952 116.926790 0.232741 25.059778 -0.429992 
1178 24.885641 0.000000 -3.284952 119.694776 0.267832 12.610728 -0.448594 
1179 25.348461 0.000000 -3.718409 117.407274 0.236453 23.936766 -0.435749 
1180 25.811280 0.000000 -3.284952 112.335265 0.251060 29.417864 -0.348469 
1181 25.348461 0.000000 -2.851494 -5.156923 0.142930 -0.376772 0.997324 
1182 27.662557 0.000000 -3.718409 110.930576 0.297756 38.130972 -0.375965 
1183 27.662557 0.000000 -4.585325 104.891693 0.017885 20.087487 -0.140577 
1184 27.662557 0.000000 -2.851494 99.930301 0.318257 50.742458 -0.256096 
1185 26.274099 0.000000 -3.284952 110.494186 0.302948 24.646152 -0.281649 
1186 26.274099 0.000000 -3.718409 111.565857 0.279804 26.071335 -0.312673 
1187 26.736919 0.000000 -3.284952 113.703308 0.304905 14.440495 -0.313706 
1188 26.274099 0.000000 -2.851494 111.338575 0.294059 23.280135 -0.293833 
1189 27.662557 0.000000 -1.984578 -4.863987 -0.116550 -1.530291 0.997399 
1190 27.662557 0.000000 -1.117663 -4.385685 -0.050674 -1.497733 0.997852 
1191 27.199738 0.000000 -3.284952 116.961192 0.282777 23.402433 -0.422767 
1192 27.199738 0.000000 -3.718409 113.641364 0.294653 27.186752 -0.365357 
1193 27.662557 0.000000 -3.284952 103.662135 0.313702 48.975710 -0.314456 
1194 27.199738 0.000000 -2.851494 114.639784 0.290415 26.842968 -0.386291 
1195 28.125377 0.000000 -2.418036 85.120282 0.350436 46.962624 0.054893 
1196 27.662557 0.000000 -2.418036 -5.165775 -0.103239 -1.338898 0.997151 
1197 28.125377 0.000000 -2.851494 88.448353 0.338865 51.785565 -0.050497 
1198 28.588196 0.000000 -2.418036 86.725098 0.314215 28.966625 0.163959 
1199 28.125377 0.000000 -1.984578 -4.764392 -0.126432 -1.674851 0.997448 
1200 28.125377 0.000000 -3.284952 93.083540 0.327804 55.231009 -0.171512 
1201 28.125377 0.000000 -3.718409 100.884882 -0.062866 29.739511 -0.106220 
1202 28.588196 0.000000 -3.284952 91.440829 -0.155235 28.568931 0.082237 
1203 29.051015 0.000000 -2.418036 89.566050 0.129295 24.298342 0.138750 
1204 29.051015 0.000000 -2.851494 90.771863 0.209971 19.211527 0.139134 
1205 29.051015 0.000000 -1.984578 -3.907019 -0.349641 -1.905751 0.998098 
1206 28.356786 0.000000 -2.634765 84.643985 0.348144 41.624350 0.110269 
1207 28.125377 0.000000 -2.634765 88.004545 0.341588 50.378437 -0.028290 
1208 28.356786 0.000000 -2.851494 85.765001 0.340787 43.746673 0.073048 
1209 28.588196 0.000000 -2.634765 86.368279 0.323338 33.843393 0.139504 
1210 28.356786 0.000000 -2.418036 85.536210 0.337935 39.749113 0.110345 
1211 35.530486 0.000000 1.916542 -1.283204 -0.140946 2.716391 0.999095 
1212 35.530486 0.000000 1.483084 -2.751222 -0.157131 1.385483 0.999049 
1213 35.993305 0.000000 1.916542 101.452237 -0.000000 48.686925 -0.266297 
1214 35.761895 0.000000 2.566729 95.360759 -0.310845 18.360725 0.056911 
1215 35.530486 0.000000 2.566729 96.578686 -0.323753 9.557233 0.058111 
1216 35.761895 0.000000 2.350000 94.807067 -0.338447 17.433139 0.070759 
1217 35.993305 0.000000 2.566729 91.316933 -0.291522 38.512455 0.017792 
1218 35.761895 0.000000 2.783458 98.647316 -0.246815 15.328888 0.003367 
1219 35.299076 0.000000 2.566729 98.967141 -0.264542 4.700445 0.018334 
1220 35.299076 0.000000 2.350000 94.983497 -0.366510 1.453073 0.097589 
1221 35.299076 0.000000 2.783458 98.401347 -0.267727 2.129001 0.031257 
1222 35.530486 0.000000 3.650373 100.299909 -0.000000 0.324207 -0.006018 
1223 35.993305 0.000000 3.650373 100.854835 -0.000000 0.484328 -0.017193 
1224 35.530486 0.000000 4.083831 98.689677 -0.000000 -0.371070 0.026021 
1225 35.761895 0.000000 3.000187 103.253629 -0.076005 14.704651 -0.087754 
1226 35.530486 0.000000 3.000187 104.666238 -0.054112 7.518303 -0.101155 
1227 35.993305 0.000000 3.000187 103.088554 -0.070203 20.161982 -0.103376 
1228 35.761895 0.000000 3.216916 104.897205 -0.000000 7.150125 -0.105455 
1229 35.646190 0.000000 2.675093 96.630029 -0.313199 11.791117 0.052351 
1230 35.530486 0.000000 2.675093 97.015973 -0.311469 9.719638 0.049333 
1231 35.646190 0.000000 2.566729 98.872501 -0.304653 7.481684 0.016816 
1232 35.761895 0.000000 2.675093 96.317538 -0.292053 17.669589 0.041063 
1233 35.646190 0.000000 2.783458 97.579172 -0.290221 11.701095 0.034131 
1234 43.398414 0.000000 23.155975 99.989519 0.002286 5.412849 -0.002720 
1235 50.803523 0.000000 23.155975 99.758905 0.164858 5.578574 0.001701 
1236 43.398414 0.000000 30.091300 99.861241 0.110663 5.921082 -0.000734 
1237 39.695859 0.000000 12.752988 100.337576 0.273050 3.682957 -0.008127 
1238 43.398414 0.000000 12.752988 99.896368 0.461549 3.460236 0.000853 
1239 39.695859 0.000000 16.220650 100.252237 0.361657 4.504724 -0.007093 
1240 37.844582 0.000000 7.551494 96.846298 -0.000000 1.542995 0.061841 
1241 39.695859 0.000000 7.551494 97.179609 0.000000 0.953120 0.055522 
1242 37.844582 0.000000 9.285325 101.929790 0.128368 2.294611 -0.039496 
1243 38.770221 0.000000 4.950747 97.325639 0.000000 -0.106725 0.052771 
1244 37.844582 0.000000 4.950747 97.465759 -0.000000 0.129437 0.050041 
1245 39.695859 0.000000 4.950747 97.221748 -0.000000 -0.054131 0.054793 
1246 38.770221 0.000000 5.817663 97.095912 0.000000 0.665340 0.057194 
1247 41.547137 0.000000 7.551494 97.886351 0.000000 0.964317 0.041733 
1248 43.398414 0.000000 7.551494 98.465089 -1.565020 2.154108 0.029754 
1249 41.547137 0.000000 9.285325 99.513453 0.992678 1.737760 0.009307 
1250 40.621498 0.000000 4.950747 97.035400 0.000000 0.265038 0.058406 
1251 41.547137 0.000000 4.950747 96.821498 1.431730 1.468609 0.062139 
1252 40.621498 0.000000 5.817663 97.208827 0.000000 0.909354 0.054962 
1253 39.233040 0.000000 4.517289 97.350956 -0.000000 -0.725657 0.052226 
1254 38.770221 0.000000 4.517289 97.434449 -0.000000 -0.664213 0.050609 
1255 39.233040 0.000000 4.083831 97.445694 -0.000000 -1.330814 0.050257 
1256 39.695859 0.000000 4.517289 97.237861 0.000000 -0.612729 0.054442 
1257 39.233040 0.000000 4.950747 97.188720 -0.000000 -0.154995 0.055433 
1258 36.918944 0.000000 4.950747 97.646936 -0.000000 0.316896 0.046498 
1259 36.918944 0.000000 5.817663 97.378200 -0.000000 1.105590 0.051626 
1260 38.307401 0.000000 4.517289 97.585310 0.000000 -0.547872 0.047681 
1261 37.844582 0.000000 4.517289 97.649130 -0.000000 -0.336650 0.046453 
1262 38.307401 0.000000 4.083831 97.988943 0.000000 -1.220190 0.039668 
1263 38.307401 0.000000 4.950747 97.332195 0.000000 0.025914 0.052644 
1264 39.233040 0.000000 3.650373 97.933443 -0.000000 -2.130980 0.040450 
1265 38.770221 0.000000 3.650373 98.361984 -0.000000 -2.184892 0.032015 
1266 39.695859 0.000000 3.650373 97.489647 0.000000 -1.918233 0.049209 
1267 39.001630 0.000000 4.300560 97.348175 -0.000000 -0.939542 0.052245 
1268 38.770221 0.000000 4.300560 97.429222 -0.000000 -0.852972 0.050682 
1269 39.001630 0.000000 4.083831 97.417082 -0.000000 -1.320273 0.050817 
1270 39.233040 0.000000 4.300560 97.312280 -0.000000 -0.879651 0.052955 
1271 39.001630 0.000000 4.517289 97.364533 -0.000000 -0.798366 0.051951 
1272 38.307401 0.000000 3.650373 98.954273 -0.000000 -2.168068 0.020335 
1273 37.844582 0.000000 3.650373 99.370404 0.000000 -1.987561 0.012157 
1274 38.538811 0.000000 4.300560 97.544240 -0.000000 -0.846980 0.048440 
1275 38.307401 0.000000 4.300560 97.725421 0.000000 -0.808500 0.044909 
1276 38.538811 0.000000 4.083831 97.609083 0.000000 -1.189336 0.047105 
1277 38.538811 0.000000 4.517289 97.495027 0.000000 -0.560837 0.049441 
1278 38.770221 0.000000 6.684578 96.979716 -0.000000 1.084263 0.059376 
1279 37.844582 0.000000 6.684578 96.896849 -0.000000 1.379313 0.060910 
1280 39.695859 0.000000 6.684578 97.004932 -0.000000 0.960974 0.058912 
1281 38.770221 0.000000 7.551494 96.978348 -0.000000 1.124464 0.059394 
1282 38.307401 0.000000 5.384205 97.173912 -0.000000 0.437686 0.055704 
1283 37.844582 0.000000 5.384205 97.291025 -0.000000 0.561638 0.053414 
1284 38.770221 0.000000 5.384205 97.151634 0.000000 0.347422 0.056144 
1285 38.307401 0.000000 5.817663 97.138897 -0.000000 0.780599 0.056343 
1286 40.621498 0.000000 6.684578 97.228716 0.000000 1.040181 0.054549 
1287 41.547137 0.000000 6.684578 97.709003 -0.237321 1.337101 0.045111 
1288 40.621498 0.000000 7.551494 97.747071 -0.000000 0.977841 0.044455 
1289 40.158679 0.000000 5.384205 97.053223 0.000000 0.497886 0.058042 
1290 39.695859 0.000000 5.384205 97.066252 -0.000000 0.399346 0.057798 
1291 40.158679 0.000000 4.950747 97.143495 0.000000 0.099468 0.056313 
1292 40.621498 0.000000 5.384205 97.077765 0.000000 0.610395 0.057554 
1293 40.158679 0.000000 5.817663 97.146696 0.000000 0.722966 0.056200 
1294 39.233040 0.000000 5.384205 97.054440 -0.000000 0.374757 0.058030 
1295 39.233040 0.000000 5.817663 97.098702 -0.000000 0.584575 0.057150 
1296 47.100968 0.000000 12.752988 99.585505 0.369125 3.921869 0.006721 
1297 50.803523 0.000000 12.752988 99.565261 0.366439 4.178900 0.006916 
1298 47.100968 0.000000 16.220650 99.749801 0.186549 4.633492 0.002847 
1299 45.249691 0.000000 7.551494 98.730100 -1.599482 2.724962 0.024238 
1300 47.100968 0.000000 7.551494 98.912000 -1.638138 3.300656 0.020284 
1301 45.249691 0.000000 9.285325 99.182143 1.872750 2.751814 0.015182 
1302 42.472775 0.000000 6.684578 97.868656 -0.493683 1.687545 0.041863 
1303 42.472775 0.000000 5.817663 97.318755 -0.319311 1.574125 0.052648 
1304 43.398414 0.000000 6.684578 98.115420 -0.698687 2.025331 0.036877 
1305 42.472775 0.000000 7.551494 98.335754 -1.378039 1.738141 0.032516 
1306 41.547137 0.000000 11.019156 99.968923 0.456126 2.830373 -0.000200 
1307 39.695859 0.000000 11.019156 100.434438 0.364894 2.935450 -0.009583 
1308 43.398414 0.000000 11.019156 99.612360 0.761293 2.991913 0.006785 
1309 41.547137 0.000000 12.752988 100.069003 0.362205 3.586941 -0.002680 
1310 40.621498 0.000000 8.418409 99.081100 -0.035919 0.295739 0.018285 
1311 39.695859 0.000000 8.418409 99.314213 0.005137 0.300717 0.013660 
1312 41.547137 0.000000 8.418409 99.000559 0.075444 0.244169 0.019882 
1313 40.621498 0.000000 9.285325 100.228541 0.282192 1.431883 -0.004789 
1314 41.084317 0.000000 7.118036 97.776583 0.000000 1.068593 0.043860 
1315 40.621498 0.000000 7.118036 97.599439 0.000000 1.045102 0.047326 
1316 41.084317 0.000000 6.684578 97.376356 0.000000 1.084256 0.051667 
1317 41.547137 0.000000 7.118036 97.833037 0.000000 1.086307 0.042752 
1318 41.084317 0.000000 7.551494 97.870430 0.000000 0.973963 0.042043 
1319 40.158679 0.000000 7.118036 97.193158 -0.000000 1.001428 0.055249 
1320 39.695859 0.000000 7.118036 96.970466 -0.000000 0.996247 0.059574 
1321 40.158679 0.000000 6.684578 97.003329 -0.000000 0.995009 0.058936 
1322 40.158679 0.000000 7.551494 97.399162 -0.000000 0.941581 0.051252 
1323 42.472775 0.000000 8.418409 98.801580 -10.409184 1.990550 0.012593 
1324 43.398414 0.000000 8.418409 98.851393 -8.861349 2.435362 0.014395 
1325 42.472775 0.000000 9.285325 99.218692 1.504820 2.170280 0.014868 
1326 41.084317 0.000000 7.984952 98.245486 0.000000 0.733107 0.034729 
1327 40.621498 0.000000 7.984952 98.000994 -0.000000 0.774885 0.039520 
1328 41.547137 0.000000 7.984952 98.361895 0.000000 0.723241 0.032441 
1329 41.084317 0.000000 8.418409 99.101951 0.030765 0.253786 0.017874 
1330 37.844582 0.000000 11.019156 100.782817 0.347154 3.436165 -0.016910 
1331 35.993305 0.000000 11.019156 100.650227 0.009456 3.840380 -0.014522 
1332 37.844582 0.000000 12.752988 100.383415 0.281062 3.976099 -0.009272 
1333 40.621498 0.000000 10.152241 100.157994 0.428808 2.236410 -0.003681 
1334 39.695859 0.000000 10.152241 100.619005 0.262624 2.273697 -0.012942 
1335 41.547137 0.000000 10.152241 99.800932 0.575126 2.331169 0.003401 
1336 40.621498 0.000000 11.019156 100.212126 0.441747 2.787551 -0.005044 
1337 41.084317 0.000000 8.851867 99.621003 0.043732 0.000000 0.007565 
1338 40.621498 0.000000 8.851867 99.949528 -0.068917 0.000000 0.001009 
1339 41.547137 0.000000 8.851867 99.203104 0.136812 0.000000 0.015873 
1340 41.084317 0.000000 9.285325 99.817211 0.522474 1.590431 0.003372 
1341 45.249691 0.000000 11.019156 99.555879 0.743073 3.060136 0.007871 
1342 47.100968 0.000000 11.019156 99.401729 0.603197 3.559140 0.010626 
1343 45.249691 0.000000 12.752988 99.685479 0.542524 3.681243 0.004896 
1344 42.472775 0.000000 10.152241 99.619016 0.751598 2.527485 0.006910 
1345 43.398414 0.000000 10.152241 99.446222 0.847428 2.715184 0.010236 
1346 42.472775 0.000000 11.019156 99.797397 0.534785 2.871057 0.003195 
1347 42.009956 0.000000 8.851867 99.067267 3.108900 1.745782 0.017296 
1348 42.009956 0.000000 8.418409 98.839327 -11.481653 1.615720 0.009635 
1349 42.472775 0.000000 8.851867 99.007704 3.296138 2.033434 0.018248 
1350 42.009956 0.000000 9.285325 99.343140 1.336248 1.947024 0.012536 
1351 41.315727 0.000000 8.635138 99.181806 0.071999 0.159667 0.016294 
1352 41.084317 0.000000 8.635138 99.250616 0.042958 0.167062 0.014929 
1353 41.315727 0.000000 8.418409 99.050994 0.059297 0.245622 0.018884 
1354 41.547137 0.000000 8.635138 99.099986 0.089914 0.168248 0.017916 
1355 41.315727 0.000000 8.851867 99.420035 0.094543 0.000000 0.011565 
1356 42.009956 0.000000 7.984952 98.411873 -2.598846 1.642026 0.030565 
1357 42.009956 0.000000 7.551494 98.253800 -1.380810 1.447540 0.034219 
1358 42.472775 0.000000 7.984952 98.572812 -2.708638 1.993648 0.027209 
1359 41.315727 0.000000 8.201681 98.661648 0.012410 0.558921 0.026557 
1360 41.084317 0.000000 8.201681 98.794547 0.014351 0.429672 0.023945 
1361 41.315727 0.000000 7.984952 98.319903 0.000000 0.723222 0.033267 
1362 41.547137 0.000000 8.201681 98.891864 0.056377 0.347815 0.022028 
1363 41.778546 0.000000 8.635138 98.964038 0.100349 0.205436 0.020607 
1364 41.778546 0.000000 8.418409 98.985567 0.091607 0.227621 0.020180 
1365 42.009956 0.000000 8.635138 98.988926 8.546781 1.644842 0.012544 
1366 41.778546 0.000000 8.851867 99.221208 2.831644 1.527336 0.014480 
1367 41.431432 0.000000 8.526774 98.876680 0.049983 0.373846 0.022326 
1368 41.315727 0.000000 8.526774 98.993572 0.068436 0.234366 0.020021 
1369 41.431432 0.000000 8.418409 98.952610 0.050583 0.343519 0.020826 
1370 41.547137 0.000000 8.526774 99.078826 0.087200 0.185204 0.018334 
1371 41.431432 0.000000 8.635138 99.162790 0.075179 0.161694 0.016671 
1372 38.770221 0.000000 8.418409 99.430797 -0.009373 0.276086 0.011344 
1373 37.844582 0.000000 8.418409 99.622876 0.067407 0.335900 0.007517 
1374 38.770221 0.000000 9.285325 101.404882 0.193246 1.771542 -0.028613 
1375 40.158679 0.000000 8.851867 100.220152 -0.044630 0.000000 -0.004408 
1376 39.695859 0.000000 8.851867 99.805902 0.021734 0.174957 0.003875 
1377 40.158679 0.000000 8.418409 99.133032 -0.030294 0.327334 0.017253 
1378 40.158679 0.000000 9.285325 100.525629 0.164256 1.448723 -0.010753 
1379 40.852908 0.000000 8.635138 99.356770 -0.010201 0.188466 0.012820 
1380 40.621498 0.000000 8.635138 99.190939 -0.045996 0.260980 0.016109 
1381 40.852908 0.000000 8.418409 99.090425 -0.011998 0.295530 0.018100 
1382 40.852908 0.000000 8.851867 99.824514 -0.022330 0.000000 0.003507 
1383 41.200022 0.000000 8.526774 99.074128 0.046195 0.232777 0.018426 
1384 41.084317 0.000000 8.526774 99.095554 0.026032 0.257405 0.018000 
1385 41.200022 0.000000 8.418409 99.072876 0.050690 0.237094 0.018451 
1386 41.200022 0.000000 8.635138 99.230581 0.051264 0.164092 0.015326 
1387 40.158679 0.000000 7.984952 97.763609 -0.000000 0.803431 0.044163 
1388 39.695859 0.000000 7.984952 97.557136 -0.000000 0.822785 0.048193 
1389 40.852908 0.000000 8.201681 98.673679 -0.005647 0.491550 0.026326 
1390 40.621498 0.000000 8.201681 98.675477 -0.020454 0.478450 0.026292 
1391 40.852908 0.000000 7.984952 98.162657 0.000000 0.762568 0.036351 
1392 40.968613 0.000000 8.526774 99.119825 0.008998 0.279547 0.017518 
1393 40.852908 0.000000 8.526774 99.096697 -0.011576 0.286021 0.017976 
1394 40.968613 0.000000 8.418409 99.113149 0.009756 0.280450 0.017650 
1395 40.968613 0.000000 8.635138 99.279210 0.023234 0.190376 0.014360 
1396 40.968613 0.000000 8.310045 98.974007 0.015937 0.327878 0.020404 
1397 40.852908 0.000000 8.310045 99.052988 -0.006885 0.319922 0.018840 
1398 40.968613 0.000000 8.201681 98.620119 0.002104 0.503040 0.027382 
1399 41.084317 0.000000 8.310045 99.022570 0.030702 0.289486 0.019445 
1400 41.026465 0.000000 8.472592 99.101253 0.020548 0.268968 0.017887 
1401 40.968613 0.000000 8.472592 99.108213 0.008888 0.284694 0.017748 
1402 41.026465 0.000000 8.418409 99.106258 0.028334 0.253933 0.017788 
1403 41.084317 0.000000 8.472592 99.087252 0.025712 0.261874 0.018165 
1404 41.026465 0.000000 8.526774 99.111024 0.020851 0.264097 0.017693 
1405 40.390088 0.000000 8.635138 99.348195 -0.043288 0.244293 0.012987 
1406 40.158679 0.000000 8.635138 99.315999 -0.034968 0.269448 0.013626 
1407 40.390088 0.000000 8.418409 99.226214 -0.039664 0.285853 0.015408 
1408 40.390088 0.000000 8.851867 99.508582 -0.062593 0.172682 0.009801 
1409 40.737203 0.000000 8.526774 99.095748 -0.027504 0.282870 0.017995 
1410 40.621498 0.000000 8.526774 99.114831 -0.042059 0.278272 0.017617 
1411 40.737203 0.000000 8.418409 99.111205 -0.032477 0.290506 0.017688 
1412 40.737203 0.000000 8.635138 99.239008 -0.035748 0.238046 0.015156 
1413 40.910760 0.000000 8.472592 99.126348 -0.002613 0.284362 0.017389 
1414 40.852908 0.000000 8.472592 99.080204 -0.011291 0.295911 0.018303 
1415 40.910760 0.000000 8.418409 99.165383 0.001679 0.266455 0.016616 
1416 40.910760 0.000000 8.526774 99.135175 -0.002689 0.280786 0.017214 
1417 41.084317 0.000000 9.718783 99.890373 0.534410 1.947160 0.001784 
1418 40.621498 0.000000 9.718783 100.104725 0.391312 1.936900 -0.002486 
1419 41.547137 0.000000 9.718783 99.670458 0.734142 2.050074 0.006106 
1420 41.084317 0.000000 10.152241 99.958492 0.510634 2.265736 0.000291 
1421 40.852908 0.000000 9.068596 100.045029 0.256471 1.234372 -0.001060 
1422 40.621498 0.000000 9.068596 100.212335 0.194410 1.220971 -0.004404 
1423 41.084317 0.000000 9.068596 99.759601 0.420287 1.370840 0.004597 
1424 40.852908 0.000000 9.285325 99.979333 0.375820 1.509454 0.000171 
1425 40.968613 0.000000 8.743503 99.390167 0.008140 0.149208 0.012157 
1426 40.852908 0.000000 8.743503 99.493386 -0.010763 0.128065 0.010105 
1427 41.084317 0.000000 8.743503 99.254896 0.044133 0.162358 0.014844 
1428 40.968613 0.000000 8.851867 99.736335 0.011645 0.000000 0.005266 
1429 41.026465 0.000000 8.580956 99.160781 0.030661 0.225827 0.016709 
1430 40.968613 0.000000 8.580956 99.205061 0.010847 0.241605 0.015830 
1431 41.084317 0.000000 8.580956 99.155798 0.033369 0.224666 0.016808 
1432 41.026465 0.000000 8.635138 99.258296 0.038907 0.168893 0.014776 
1433 40.997539 0.000000 8.499683 99.106293 -0.005281 0.309262 0.017785 
1434 40.968613 0.000000 8.499683 99.113269 0.007983 0.284064 0.017648 
1435 40.997539 0.000000 8.472592 99.101393 0.017768 0.271393 0.017884 
1436 41.026465 0.000000 8.499683 99.095557 0.020303 0.271853 0.018000 
1437 40.997539 0.000000 8.526774 99.129729 0.018335 0.259530 0.017323 
1438 36.918944 0.000000 8.418409 100.707345 0.165486 1.410009 -0.014398 
1439 35.993305 0.000000 8.418409 97.313831 0.000000 5.228276 0.050268 
1440 36.918944 0.000000 7.551494 97.091780 0.000000 3.059466 0.056383 
1441 36.918944 0.000000 9.285325 101.893085 0.154139 3.601898 -0.039520 
1442 34.142028 0.000000 11.019156 100.627674 -0.038389 3.693242 -0.013957 
1443 32.290750 0.000000 11.019156 100.896301 -0.168767 3.652757 -0.019343 
1444 34.142028 0.000000 12.752988 100.468394 0.111057 4.168123 -0.011128 
1445 35.067666 0.000000 8.418409 99.970566 0.248550 3.045992 -0.000345 
1446 34.142028 0.000000 8.418409 100.228668 -0.109074 2.705761 -0.005312 
1447 35.067666 0.000000 7.551494 99.398350 0.267831 2.338495 0.011443 
1448 35.067666 0.000000 9.285325 100.528518 0.124715 3.299673 -0.011689 
1449 36.918944 0.000000 10.152241 101.112961 0.119340 3.602278 -0.023682 
1450 35.993305 0.000000 10.152241 100.842555 0.059781 3.724939 -0.018310 
1451 37.844582 0.000000 10.152241 101.227700 0.277055 3.084815 -0.025664 
1452 36.918944 0.000000 11.019156 100.706151 0.180872 3.710377 -0.015553 
1453 36.456124 0.000000 8.851867 96.847311 0.000000 4.770477 0.059784 
1454 35.993305 0.000000 8.851867 100.373410 0.247851 3.792739 -0.008927 
1455 36.456124 0.000000 8.418409 99.048412 0.080171 3.244514 0.017888 
1456 36.918944 0.000000 8.851867 101.523591 0.198728 1.064234 -0.030821 
1457 36.456124 0.000000 9.285325 101.230447 0.202442 3.951191 -0.026326 
1458 36.918944 0.000000 6.684578 97.240526 -0.000000 1.902379 0.054066 
1459 35.993305 0.000000 6.684578 97.494632 0.000000 2.398141 0.048905 
1460 36.456124 0.000000 7.984952 97.140095 0.000000 4.139628 0.054667 
1461 35.993305 0.000000 7.984952 97.644986 0.000000 4.296730 0.044699 
1462 36.456124 0.000000 7.551494 97.478869 0.000000 3.613850 0.048481 
1463 36.918944 0.000000 7.984952 96.800695 0.000000 2.949910 0.062092 
1464 37.381763 0.000000 8.851867 100.732161 0.193152 0.365339 -0.014714 
1465 37.381763 0.000000 8.418409 99.892413 0.148821 0.759965 0.002091 
1466 37.844582 0.000000 8.851867 99.786691 0.090968 0.308795 0.004251 
1467 37.381763 0.000000 9.285325 102.242576 0.073040 2.784375 -0.046130 
1468 36.687534 0.000000 8.635138 101.074144 0.173039 1.554651 -0.021843 
1469 36.456124 0.000000 8.635138 99.592987 0.101320 2.845599 0.007313 
1470 36.687534 0.000000 8.418409 100.177698 0.136467 2.178444 -0.004034 
1471 36.918944 0.000000 8.635138 101.572284 0.199673 1.066442 -0.031811 
1472 36.687534 0.000000 8.851867 101.254621 0.172131 1.785788 -0.025572 
1473 37.381763 0.000000 7.984952 96.795698 0.000000 2.132611 0.062604 
1474 37.381763 0.000000 7.551494 96.831386 -0.000000 1.987899 0.061973 
1475 37.844582 0.000000 7.984952 97.000539 -0.000000 1.194382 0.058947 
1476 36.687534 0.000000 8.201681 97.931774 0.033331 4.282553 0.039103 
1477 36.456124 0.000000 8.201681 97.163265 0.000000 4.261300 0.054114 
1478 36.687534 0.000000 7.984952 96.941825 0.000000 3.588270 0.058941 
1479 36.918944 0.000000 8.201681 98.744528 0.090584 2.248224 0.024446 
1480 37.150353 0.000000 8.635138 101.356141 0.199693 0.815529 -0.027377 
1481 37.150353 0.000000 8.418409 100.227760 0.165786 1.142184 -0.004694 
1482 37.381763 0.000000 8.635138 101.422150 0.202593 0.382087 -0.028664 
1483 37.150353 0.000000 8.851867 101.988683 0.223833 0.486206 -0.040198 
1484 36.803239 0.000000 8.526774 102.976458 0.233856 0.767952 -0.060480 
1485 36.687534 0.000000 8.526774 100.772023 0.160643 1.764341 -0.015814 
1486 36.803239 0.000000 8.418409 100.576205 0.158249 1.727128 -0.011858 
1487 36.918944 0.000000 8.526774 101.087873 0.186954 1.840404 -0.022218 
1488 36.803239 0.000000 8.635138 101.415143 0.191823 1.216894 -0.028655 
1489 38.770221 0.000000 10.152241 100.998125 0.271147 2.562863 -0.020726 
1490 38.770221 0.000000 11.019156 100.745763 0.338694 3.069552 -0.015925 
1491 39.233040 0.000000 8.851867 99.860171 0.029729 0.194382 0.002791 
1492 38.770221 0.000000 8.851867 99.910278 -0.021453 0.177348 0.001790 
1493 39.233040 0.000000 8.418409 99.288996 0.017635 0.327869 0.014159 
1494 39.233040 0.000000 9.285325 101.158582 0.154760 1.633943 -0.023575 
1495 38.307401 0.000000 8.851867 99.784595 -0.006748 0.255455 0.004297 
1496 38.307401 0.000000 8.418409 99.521432 -0.013486 0.296664 0.009540 
1497 38.307401 0.000000 9.285325 101.707512 0.247029 1.941367 -0.034825 
1498 37.613173 0.000000 8.635138 99.856337 0.137987 0.411876 0.002852 
1499 37.613173 0.000000 8.418409 99.559320 0.125643 0.460841 0.008771 
1500 37.844582 0.000000 8.635138 99.926732 0.077889 0.284039 0.001456 
1501 37.613173 0.000000 8.851867 100.426396 0.151830 0.262370 -0.008555 
1502 37.150353 0.000000 8.201681 99.293415 0.113842 1.437021 0.013874 
1503 37.150353 0.000000 7.984952 96.777761 0.000000 2.516978 0.062773 
1504 37.381763 0.000000 8.201681 98.495070 0.085508 1.315922 0.029698 
1505 37.034648 0.000000 8.526774 99.735585 0.140587 1.883450 0.004925 
1506 37.034648 0.000000 8.418409 100.867729 0.177615 1.108805 -0.017556 
1507 37.150353 0.000000 8.526774 99.790081 0.152156 1.268180 0.004031 
1508 37.034648 0.000000 8.635138 101.449367 0.200478 0.875858 -0.029278 
1509 54.506077 0.000000 5.817663 99.364504 -0.584709 4.258165 0.010822 
1510 54.506077 0.000000 2.350000 99.290010 -0.166402 4.425432 0.012188 
1511 58.208632 0.000000 5.817663 99.550624 -0.634736 4.322398 0.007059 
1512 54.506077 0.000000 9.285325 99.506821 2.858671 3.938970 0.007471 
1513 48.952246 0.000000 4.083831 98.686376 -0.705678 3.788944 0.024615 
1514 48.952246 0.000000 2.350000 98.537548 -0.063214 4.100560 0.027353 
1515 50.803523 0.000000 4.083831 98.977220 -0.909393 3.922185 0.018730 
1516 48.952246 0.000000 5.817663 98.849823 -1.301953 3.988776 0.021111 
1517 54.506077 0.000000 -1.117663 99.252294 -0.286456 4.925290 0.012464 
1518 54.506077 0.000000 -4.585325 99.299733 -0.296202 5.005269 0.011442 
1519 58.208632 0.000000 -1.117663 99.480117 -0.169370 4.913384 0.007954 
1520 48.952246 0.000000 0.616169 98.477802 -0.209226 4.550443 0.028137 
1521 48.952246 0.000000 -1.117663 98.508364 -0.215211 4.903212 0.027201 
1522 50.803523 0.000000 0.616169 98.842905 -0.225710 4.578854 0.020906 
1523 52.654800 0.000000 4.083831 99.184442 -2.058110 3.687495 0.014461 
1524 52.654800 0.000000 2.350000 99.114200 -0.144620 4.285725 0.015799 
1525 54.506077 0.000000 4.083831 99.338115 0.681461 4.108100 0.011460 
1526 52.654800 0.000000 5.817663 99.234362 -0.364251 4.251314 0.013434 
1527 49.877884 0.000000 3.216916 98.780243 0.675445 3.994544 0.022605 
1528 48.952246 0.000000 3.216916 98.590068 -0.490879 3.968873 0.026401 
1529 49.877884 0.000000 2.350000 98.729885 -0.036338 4.156997 0.023513 
1530 50.803523 0.000000 3.216916 98.928778 0.128962 4.042047 0.019674 
1531 49.877884 0.000000 4.083831 98.847313 -0.785429 3.854473 0.021373 
1532 52.654800 0.000000 0.616169 99.074976 -0.277578 4.637684 0.016256 
1533 52.654800 0.000000 -1.117663 99.081977 -0.320059 4.880780 0.015884 
1534 54.506077 0.000000 0.616169 99.255148 -0.252525 4.795845 0.012535 
1535 51.729162 0.000000 3.216916 99.036451 -0.159930 4.059027 0.017528 
1536 51.729162 0.000000 2.350000 99.002749 -0.136633 4.214110 0.018068 
1537 52.654800 0.000000 3.216916 99.141492 -0.338827 4.108686 0.015397 
1538 51.729162 0.000000 4.083831 99.083506 -1.267957 3.916691 0.016551 
1539 48.952246 0.000000 7.551494 99.057018 -1.486786 3.956715 0.016984 
1540 50.803523 0.000000 7.551494 99.216235 -1.280986 3.957567 0.013884 
1541 48.952246 0.000000 9.285325 99.265296 1.996689 3.476089 0.013033 
1542 49.877884 0.000000 4.950747 98.915927 -0.525268 3.796070 0.020095 
1543 48.952246 0.000000 4.950747 98.768243 -0.480990 3.740513 0.023061 
1544 50.803523 0.000000 4.950747 99.031325 -0.573589 3.893166 0.017731 
1545 49.877884 0.000000 5.817663 98.956826 -1.295993 4.559558 0.018508 
1546 50.340704 0.000000 3.650373 98.883247 -0.414123 3.989430 0.020602 
1547 49.877884 0.000000 3.650373 98.806333 -0.359093 3.956592 0.022153 
1548 50.340704 0.000000 3.216916 98.860128 0.335930 4.024952 0.021036 
1549 50.803523 0.000000 3.650373 98.949831 -0.437500 4.013365 0.019263 
1550 50.340704 0.000000 4.083831 98.912028 -0.834532 3.906480 0.020045 
1551 40.158679 0.000000 3.650373 97.142844 0.000000 -1.661428 0.056051 
1552 40.621498 0.000000 3.650373 96.725664 -0.119893 -1.356705 0.064229 
1553 40.158679 0.000000 4.083831 96.984154 0.000000 -0.800025 0.059343 
1554 40.158679 0.000000 4.517289 97.249831 0.000000 -0.375712 0.054233 
1555 40.621498 0.000000 4.517289 97.334443 0.000000 -0.190681 0.052597 
1556 39.927269 0.000000 3.867102 97.041717 0.000000 -1.362571 0.058105 
1557 39.695859 0.000000 3.867102 97.233519 0.000000 -1.602289 0.054308 
1558 39.927269 0.000000 3.650373 97.299992 0.000000 -1.792619 0.052950 
1559 40.158679 0.000000 3.867102 96.941229 0.000000 -1.268346 0.060079 
1560 39.927269 0.000000 4.083831 96.833246 0.000000 -0.946668 0.062243 
1561 39.464450 0.000000 3.867102 97.490278 0.000000 -1.745088 0.049260 
1562 39.233040 0.000000 3.867102 97.727126 -0.000000 -1.885251 0.044585 
1563 39.464450 0.000000 3.650373 97.683097 0.000000 -2.034912 0.045387 
1564 39.464450 0.000000 4.083831 97.236131 0.000000 -1.189405 0.054372 
1565 39.927269 0.000000 3.433645 97.611464 0.000000 -2.387272 0.046630 
1566 39.695859 0.000000 3.433645 97.577338 0.000000 -2.412617 0.047284 
1567 39.927269 0.000000 3.216916 97.671176 0.000000 -2.556689 0.045380 
1568 40.158679 0.000000 3.433645 97.476875 0.000000 -2.340400 0.049278 
1569 39.811564 0.000000 3.758738 97.139382 0.000000 -1.642234 0.056124 
1570 39.695859 0.000000 3.758738 97.318578 0.000000 -1.736620 0.052608 
1571 39.811564 0.000000 3.650373 97.328998 0.000000 -1.820632 0.052375 
1572 39.927269 0.000000 3.758738 97.227020 0.000000 -1.648380 0.054419 
1573 39.811564 0.000000 3.867102 97.119390 0.000000 -1.526784 0.056549 
1574 41.084317 0.000000 3.650373 96.377123 0.092790 -1.485437 0.070923 
1575 41.547137 0.000000 3.650373 95.823682 0.289798 -1.304541 0.081604 
1576 41.084317 0.000000 4.083831 96.534371 -0.511109 -0.394863 0.068070 
1577 40.390088 0.000000 3.867102 96.813841 0.000000 -1.000402 0.062608 
1578 40.390088 0.000000 3.650373 96.764421 0.000000 -0.974856 0.063570 
1579 40.621498 0.000000 3.867102 96.656630 -0.850746 -0.946879 0.065588 
1580 40.390088 0.000000 4.083831 96.961011 0.000000 -0.761422 0.059798 
1581 40.042974 0.000000 3.758738 97.088393 0.000000 -1.507837 0.057157 
1582 40.042974 0.000000 3.650373 97.139306 0.000000 -1.616442 0.056134 
1583 40.158679 0.000000 3.758738 96.966684 0.000000 -1.331119 0.059569 
1584 40.042974 0.000000 3.867102 97.029989 0.000000 -1.391354 0.058325 
1585 39.927269 0.000000 4.300560 97.104083 0.000000 -0.662665 0.057036 
1586 39.695859 0.000000 4.300560 97.160603 0.000000 -0.748188 0.055926 
1587 40.158679 0.000000 4.300560 97.107309 0.000000 -0.623937 0.056978 
1588 39.927269 0.000000 4.517289 97.237946 0.000000 -0.462656 0.054457 
1589 39.811564 0.000000 3.975467 96.983592 0.000000 -1.232648 0.059266 
1590 39.695859 0.000000 3.975467 97.111582 0.000000 -1.364306 0.056748 
1591 39.927269 0.000000 3.975467 96.953274 0.000000 -1.215943 0.059858 
1592 39.811564 0.000000 4.083831 96.921243 0.000000 -1.020462 0.060523 
1593 39.869417 0.000000 3.812920 97.141188 0.000000 -1.575277 0.056111 
1594 39.811564 0.000000 3.812920 97.128636 0.000000 -1.595777 0.056348 
1595 39.869417 0.000000 3.758738 97.166167 0.000000 -1.630101 0.055608 
1596 39.927269 0.000000 3.812920 97.183320 0.000000 -1.536871 0.055304 
1597 39.869417 0.000000 3.867102 97.144495 0.000000 -1.465750 0.056080 
1598 39.464450 0.000000 3.433645 98.229055 0.000000 -2.744429 0.034352 
1599 39.233040 0.000000 3.433645 98.774235 0.000000 -2.979217 0.023477 
1600 39.464450 0.000000 3.216916 98.470475 0.000000 -3.135222 0.029374 
1601 39.580155 0.000000 3.758738 97.533579 0.000000 -1.820575 0.048389 
1602 39.464450 0.000000 3.758738 97.571066 0.000000 -1.854261 0.047645 
1603 39.580155 0.000000 3.650373 97.570410 0.000000 -1.950801 0.047621 
1604 39.580155 0.000000 3.867102 97.442850 0.000000 -1.707573 0.050198 
1605 39.753712 0.000000 3.812920 97.175531 0.000000 -1.636001 0.055424 
1606 39.695859 0.000000 3.812920 97.256039 0.000000 -1.660117 0.053851 
1607 39.753712 0.000000 3.758738 97.126719 0.000000 -1.656359 0.056366 
1608 39.753712 0.000000 3.867102 97.194023 0.000000 -1.581551 0.055082 
1609 39.811564 0.000000 3.542009 97.381649 0.000000 -2.028752 0.051270 
1610 39.695859 0.000000 3.542009 97.483650 0.000000 -2.124087 0.049243 
1611 39.811564 0.000000 3.433645 97.554198 0.000000 -2.431499 0.047727 
1612 39.927269 0.000000 3.542009 97.348425 0.000000 -1.902083 0.051967 
1613 39.869417 0.000000 3.704556 97.199386 0.000000 -1.683539 0.054945 
1614 39.811564 0.000000 3.704556 97.191880 0.000000 -1.696646 0.055086 
1615 39.869417 0.000000 3.650373 97.318613 0.000000 -1.831637 0.052573 
1616 39.927269 0.000000 3.704556 97.266486 0.000000 -1.723770 0.053626 
1617 39.840490 0.000000 3.785829 97.145055 0.000000 -1.612281 0.056024 
1618 39.811564 0.000000 3.785829 97.129011 0.000000 -1.621161 0.056333 
1619 39.840490 0.000000 3.758738 97.157242 0.000000 -1.636999 0.055779 
1620 39.869417 0.000000 3.785829 97.152955 0.000000 -1.603685 0.055873 
1621 39.840490 0.000000 3.812920 97.136668 0.000000 -1.584939 0.056196 
1622 39.753712 0.000000 3.704556 97.250569 0.000000 -1.724346 0.053935 
1623 39.695859 0.000000 3.704556 97.359785 0.000000 -1.791856 0.051786 
1624 39.753712 0.000000 3.650373 97.263346 0.000000 -1.796784 0.053661 
1625 39.782638 0.000000 3.785829 97.135129 0.000000 -1.643425 0.056207 
1626 39.753712 0.000000 3.785829 97.118907 0.000000 -1.645632 0.056521 
1627 39.782638 0.000000 3.758738 97.142749 0.000000 -1.656525 0.056054 
1628 39.782638 0.000000 3.812920 97.168924 0.000000 -1.628418 0.055555 
1629 39.840490 0.000000 3.731647 97.174941 0.000000 -1.662445 0.055427 
1630 39.811564 0.000000 3.731647 97.163328 0.000000 -1.666522 0.055651 
1631 39.840490 0.000000 3.704556 97.196236 0.000000 -1.690708 0.055003 
1632 39.869417 0.000000 3.731647 97.181766 0.000000 -1.656277 0.055296 
1633 39.826027 0.000000 3.772283 97.143034 0.000000 -1.628447 0.056058 
1634 39.811564 0.000000 3.772283 97.132234 0.000000 -1.631770 0.056267 
1635 39.826027 0.000000 3.758738 97.149856 0.000000 -1.639948 0.055922 
1636 39.840490 0.000000 3.772283 97.150466 0.000000 -1.624763 0.055915 
1637 39.826027 0.000000 3.785829 97.138455 0.000000 -1.616734 0.056151 
1638 49.877884 0.000000 1.483084 98.698195 -0.148116 4.334453 0.023986 
1639 48.952246 0.000000 1.483084 98.497806 -0.178048 4.297191 0.027968 
1640 49.877884 0.000000 0.616169 98.678677 -0.175234 4.576604 0.024154 
1641 50.803523 0.000000 1.483084 98.859511 -0.192569 4.354359 0.020780 
1642 50.340704 0.000000 2.783458 98.838926 0.285565 4.029466 0.021455 
1643 49.877884 0.000000 2.783458 98.754543 0.355693 4.009866 0.023133 
1644 50.340704 0.000000 2.350000 98.818043 -0.074305 4.163904 0.021765 
1645 50.803523 0.000000 2.783458 98.908779 0.242193 4.074865 0.020039 
1646 65.613741 0.000000 43.961950 99.872069 0.049047 6.104696 -0.001170 
1647 80.423959 0.000000 43.961950 99.812521 0.007330 6.154445 -0.000042 
1648 65.613741 0.000000 57.832600 99.828166 -0.014857 6.280778 -0.000511 
1649 58.208632 0.000000 23.155975 99.789799 0.196622 5.548941 0.001117 
1650 65.613741 0.000000 23.155975 99.831922 0.137216 5.484464 0.000349 
1651 58.208632 0.000000 30.091300 99.894667 0.087359 5.764752 -0.001218 
1652 54.506077 0.000000 12.752988 99.580622 0.452097 4.474813 0.006347 
1653 58.208632 0.000000 12.752988 99.652414 0.475975 4.530945 0.004864 
1654 54.506077 0.000000 16.220650 99.656747 0.287359 5.001886 0.004343 
1655 52.654800 0.000000 7.551494 99.329392 -1.240288 3.977406 0.011631 
1656 54.506077 0.000000 7.551494 99.427626 -1.334067 4.118302 0.009541 
1657 52.654800 0.000000 9.285325 99.449363 2.414791 3.742318 0.008999 
1658 51.729162 0.000000 4.950747 99.124888 -0.692835 3.950836 0.015817 
1659 52.654800 0.000000 4.950747 99.207857 -0.699360 4.017992 0.014117 
1660 51.729162 0.000000 5.817663 99.150457 -0.269998 4.485585 0.014899 
1661 51.266342 0.000000 3.650373 99.014138 -0.468262 4.025197 0.017978 
1662 51.266342 0.000000 3.216916 98.992656 -0.018339 4.052207 0.018403 
1663 51.729162 0.000000 3.650373 99.057974 -0.572089 4.054674 0.017075 
1664 51.266342 0.000000 4.083831 99.026343 -1.056506 3.923402 0.017727 
1665 50.572113 0.000000 3.433645 98.904271 -0.845972 4.028393 0.020100 
1666 50.340704 0.000000 3.433645 98.870122 -0.810239 4.017478 0.020790 
1667 50.572113 0.000000 3.216916 98.894680 0.223996 4.033189 0.020353 
1668 50.803523 0.000000 3.433645 98.937740 -0.889073 4.041019 0.019420 
1669 50.572113 0.000000 3.650373 98.917940 -0.425425 4.002560 0.019904 
1670 48.026607 0.000000 3.216916 98.385987 -0.308122 3.750417 0.030604 
1671 47.100968 0.000000 3.216916 98.082427 -1.435510 3.461927 0.036579 
1672 48.026607 0.000000 2.350000 98.303915 0.117203 3.947887 0.032074 
1673 48.026607 0.000000 4.083831 98.499197 -0.589171 3.638089 0.028433 
1674 49.415065 0.000000 3.650373 98.725166 -0.355374 3.916668 0.023788 
1675 48.952246 0.000000 3.650373 98.644397 -0.347004 3.860075 0.025426 
1676 49.415065 0.000000 3.216916 98.696787 1.252607 3.939540 0.024186 
1677 49.415065 0.000000 4.083831 98.765056 -0.723040 3.840783 0.023019 
1678 50.109294 0.000000 3.433645 98.838436 -0.780951 3.974691 0.021456 
1679 49.877884 0.000000 3.433645 98.791582 -0.718336 3.986239 0.022382 
1680 50.109294 0.000000 3.216916 98.827379 0.472703 3.983418 0.021706 
1681 50.109294 0.000000 3.650373 98.851673 -0.398350 3.944373 0.021263 
1682 51.729162 0.000000 1.483084 98.977372 -0.240733 4.370164 0.018432 
1683 51.729162 0.000000 0.616169 98.961747 -0.278759 4.584617 0.018548 
1684 52.654800 0.000000 1.483084 99.092806 -0.243061 4.432855 0.016091 
1685 51.266342 0.000000 2.783458 98.972753 0.206239 4.094818 0.018758 
1686 51.266342 0.000000 2.350000 98.953334 -0.093744 4.201307 0.019058 
1687 51.729162 0.000000 2.783458 99.018373 0.145214 4.115718 0.017840 
1688 50.572113 0.000000 3.000187 98.926790 -1.264921 2.753731 0.020431 
1689 50.340704 0.000000 3.000187 98.880712 -1.237413 3.034697 0.021186 
1690 50.572113 0.000000 2.783458 98.873848 0.260129 4.060462 0.020741 
1691 50.803523 0.000000 3.000187 98.973194 -1.181779 2.408427 0.019711 
1692 50.456408 0.000000 3.325280 98.879213 -2.493589 4.063914 0.020017 
1693 50.340704 0.000000 3.325280 98.862066 -2.219666 4.044063 0.020501 
1694 50.456408 0.000000 3.216916 98.877172 0.277984 4.028318 0.020700 
1695 50.572113 0.000000 3.325280 98.894355 -2.865065 4.091747 0.019496 
1696 50.456408 0.000000 3.433645 98.887943 -0.827417 4.023887 0.020430 
1697 49.415065 0.000000 2.783458 98.672305 0.359192 3.945415 0.024808 
1698 48.952246 0.000000 2.783458 98.567007 0.401368 3.923172 0.026899 
1699 49.415065 0.000000 2.350000 98.645768 -0.064481 4.105722 0.025215 
1700 50.109294 0.000000 3.000187 98.839248 -1.197064 3.209618 0.021907 
1701 49.877884 0.000000 3.000187 98.786536 -1.094720 3.378839 0.022861 
1702 50.109294 0.000000 2.783458 98.802370 0.298797 3.996528 0.022203 
1703 50.224999 0.000000 3.325280 98.847095 -2.003317 4.014659 0.020912 
1704 50.109294 0.000000 3.325280 98.830741 -1.843179 3.988094 0.021318 
1705 50.224999 0.000000 3.216916 98.844356 0.405616 4.004479 0.021359 
1706 50.224999 0.000000 3.433645 98.854796 -0.789072 3.996177 0.021114 
1707 50.456408 0.000000 3.108551 98.873807 -0.425720 3.960681 0.020810 
1708 50.340704 0.000000 3.108551 98.856425 -0.405163 3.962498 0.021154 
1709 50.456408 0.000000 3.000187 98.900119 -1.252598 2.936214 0.020858 
1710 50.572113 0.000000 3.108551 98.891684 -0.452053 3.959326 0.020455 
1711 50.398556 0.000000 3.271098 98.871118 -0.481686 4.027072 0.020805 
1712 50.340704 0.000000 3.271098 98.861997 -0.479900 4.024494 0.020988 
1713 50.398556 0.000000 3.216916 98.869252 0.306163 4.027586 0.020856 
1714 50.456408 0.000000 3.271098 98.880248 2.247110 4.090592 0.020091 
1715 50.398556 0.000000 3.325280 98.870741 -2.346920 4.053129 0.020264 
1716 95.234177 0.000000 16.220650 99.870417 0.331369 4.781650 0.000293 
1717 95.234177 0.000000 2.350000 99.851738 -0.210477 4.887819 0.000570 
1718 110.044395 0.000000 16.220650 99.893820 0.443923 4.632442 -0.000043 
1719 95.234177 0.000000 30.091300 99.819581 0.113990 5.858364 0.000172 
1720 73.018850 0.000000 9.285325 99.824821 -2.228985 4.358826 0.001104 
1721 73.018850 0.000000 2.350000 99.780645 -0.178258 4.531544 0.002326 
1722 80.423959 0.000000 9.285325 99.861626 -1.514880 4.302337 0.000685 
1723 73.018850 0.000000 16.220650 99.831577 0.286745 4.872641 0.000983 
1724 61.911186 0.000000 5.817663 99.652657 -0.811842 4.448092 0.004890 
1725 61.911186 0.000000 2.350000 99.619448 -0.090084 4.561753 0.005515 
1726 65.613741 0.000000 5.817663 99.727593 -0.299332 4.389174 0.003505 
1727 61.911186 0.000000 9.285325 99.427772 14.548164 9.860657 -0.019476 
1728 56.357355 0.000000 4.083831 99.449628 -0.106556 4.251048 0.009169 
1729 56.357355 0.000000 2.350000 99.408343 -0.201872 4.459277 0.009806 
1730 58.208632 0.000000 4.083831 99.521158 -0.215107 4.412880 0.007602 
1731 56.357355 0.000000 5.817663 99.473737 -0.660185 4.238120 0.008658 
1732 53.580439 0.000000 3.216916 99.228971 -0.509313 4.132764 0.013627 
1733 53.580439 0.000000 2.350000 99.202311 -0.167812 4.332935 0.014010 
1734 54.506077 0.000000 3.216916 99.316315 -0.684962 4.150274 0.011858 
1735 53.580439 0.000000 4.083831 99.248796 -0.517292 4.156185 0.013214 
1736 95.234177 0.000000 -11.520650 99.806137 -0.130600 5.525574 0.000819 
1737 95.234177 0.000000 -25.391300 99.777961 -0.051208 6.012778 0.000820 
1738 110.044395 0.000000 -11.520650 99.822941 -0.088068 5.569880 0.000435 
1739 73.018850 0.000000 -4.585325 99.740307 -0.185499 4.866284 0.002816 
1740 73.018850 0.000000 -11.520650 99.703675 -0.134934 5.388725 0.003012 
1741 80.423959 0.000000 -4.585325 99.787901 -0.172638 4.928477 0.001806 
1742 61.911186 0.000000 -1.117663 99.597758 -0.163263 4.854265 0.005670 
1743 61.911186 0.000000 -4.585325 99.600862 -0.168079 4.996946 0.005467 
1744 65.613741 0.000000 -1.117663 99.682004 -0.130760 4.744019 0.004098 
1745 56.357355 0.000000 0.616169 99.378649 -0.294530 4.799190 0.010077 
1746 56.357355 0.000000 -1.117663 99.375546 -0.295975 4.887681 0.010052 
1747 58.208632 0.000000 0.616169 99.479216 -0.167168 4.876368 0.008008 
1748 55.431716 0.000000 3.216916 99.378217 -0.994545 4.018968 0.010683 
1749 55.431716 0.000000 2.350000 99.343507 -0.205900 4.476559 0.011079 
1750 56.357355 0.000000 3.216916 99.456272 -1.211878 3.510164 0.009466 
1751 55.431716 0.000000 4.083831 99.381892 0.025229 4.274209 0.010497 
1752 53.580439 0.000000 4.950747 99.278364 -0.779839 4.096275 0.012642 
1753 54.506077 0.000000 4.950747 99.352807 -0.847845 4.219768 0.011049 
1754 53.580439 0.000000 5.817663 99.324387 -0.528832 4.135858 0.011728 
1755 54.043258 0.000000 3.650373 99.276441 -0.725015 4.278824 0.012535 
1756 53.580439 0.000000 3.650373 99.235380 -0.664470 4.195068 0.013430 
1757 54.043258 0.000000 3.216916 99.265520 -0.590113 4.190904 0.012844 
1758 54.506077 0.000000 3.650373 99.319068 -0.732261 4.290569 0.011678 
1759 54.043258 0.000000 4.083831 99.312661 1.514996 3.749036 0.012064 
1760 42.472775 0.000000 4.950747 96.765216 0.841254 1.826771 0.063245 
1761 43.398414 0.000000 4.950747 96.947957 0.592562 2.312579 0.059539 
1762 41.084317 0.000000 4.517289 96.662799 -0.661970 0.206933 0.065582 
1763 41.547137 0.000000 4.517289 96.554506 -0.482089 0.424780 0.067681 
1764 41.084317 0.000000 4.950747 96.869458 -0.430425 0.637666 0.061572 
1765 40.390088 0.000000 4.300560 97.154999 0.000000 -0.438013 0.056071 
1766 40.621498 0.000000 4.300560 97.322152 0.000000 -0.179561 0.052837 
1767 40.390088 0.000000 4.517289 97.338795 0.000000 -0.221205 0.052511 
1768 39.927269 0.000000 4.734018 97.275128 0.000000 -0.149091 0.053753 
1769 39.695859 0.000000 4.734018 97.327823 -0.000000 -0.221300 0.052725 
1770 40.158679 0.000000 4.734018 97.256630 0.000000 -0.085978 0.054114 
1771 39.927269 0.000000 4.950747 97.167123 0.000000 0.019440 0.055855 
1772 40.042974 0.000000 4.408925 97.129533 0.000000 -0.551307 0.056555 
1773 39.927269 0.000000 4.408925 97.132175 0.000000 -0.586474 0.056500 
1774 40.042974 0.000000 4.300560 97.090987 0.000000 -0.613939 0.057296 
1775 40.158679 0.000000 4.408925 97.202435 0.000000 -0.458698 0.055148 
1776 40.042974 0.000000 4.517289 97.240503 0.000000 -0.431031 0.054410 
1777 39.464450 0.000000 4.300560 97.220103 -0.000000 -0.865814 0.054750 
1778 39.464450 0.000000 4.517289 97.293246 -0.000000 -0.710768 0.053352 
1779 39.811564 0.000000 4.408925 97.186915 0.000000 -0.659243 0.055427 
1780 39.695859 0.000000 4.408925 97.193234 0.000000 -0.694678 0.055299 
1781 39.811564 0.000000 4.300560 97.145155 0.000000 -0.721893 0.056230 
1782 39.811564 0.000000 4.517289 97.231621 0.000000 -0.558614 0.054570 
1783 40.042974 0.000000 4.192196 97.016105 0.000000 -0.757020 0.058730 
1784 39.927269 0.000000 4.192196 97.024575 0.000000 -0.815144 0.058557 
1785 40.042974 0.000000 4.083831 96.959594 0.000000 -0.824375 0.059816 
1786 40.158679 0.000000 4.192196 97.058277 0.000000 -0.698640 0.057920 
1787 39.985121 0.000000 4.354742 97.072351 0.000000 -0.587012 0.057661 
1788 39.927269 0.000000 4.354742 97.111462 0.000000 -0.627194 0.056897 
1789 39.985121 0.000000 4.300560 97.094413 0.000000 -0.625426 0.057228 
1790 40.042974 0.000000 4.354742 97.104439 0.000000 -0.582032 0.057039 
1791 39.985121 0.000000 4.408925 97.118571 0.000000 -0.574970 0.056765 
1792 40.390088 0.000000 4.734018 97.186184 0.000000 0.021561 0.055485 
1793 40.621498 0.000000 4.734018 97.210180 0.000000 0.002128 0.055018 
1794 40.390088 0.000000 4.950747 97.110686 0.000000 0.144017 0.056949 
1795 40.274384 0.000000 4.408925 97.175438 0.000000 -0.466536 0.055672 
1796 40.274384 0.000000 4.300560 97.133184 0.000000 -0.531357 0.056486 
1797 40.390088 0.000000 4.408925 97.220994 0.000000 -0.379146 0.054793 
1798 40.274384 0.000000 4.517289 97.256987 0.000000 -0.324476 0.054097 
1799 40.100826 0.000000 4.354742 97.156988 0.000000 -0.572754 0.056019 
1800 40.100826 0.000000 4.300560 97.128153 0.000000 -0.617595 0.056574 
1801 40.158679 0.000000 4.354742 97.134364 0.000000 -0.580172 0.056458 
1802 40.100826 0.000000 4.408925 97.185162 0.000000 -0.525789 0.055477 
1803 40.042974 0.000000 4.625654 97.296265 0.000000 -0.261792 0.053337 
1804 39.927269 0.000000 4.625654 97.285706 0.000000 -0.319125 0.053539 
1805 40.158679 0.000000 4.625654 97.298320 0.000000 -0.216348 0.053299 
1806 40.042974 0.000000 4.734018 97.272322 0.000000 -0.111357 0.053808 
1807 39.985121 0.000000 4.463107 97.158518 0.000000 -0.521485 0.055995 
1808 39.927269 0.000000 4.463107 97.164465 0.000000 -0.553624 0.055876 
1809 40.042974 0.000000 4.463107 97.165397 0.000000 -0.509834 0.055863 
1810 39.985121 0.000000 4.517289 97.239573 0.000000 -0.444986 0.054427 
1811 40.014048 0.000000 4.381834 97.099352 0.000000 -0.572645 0.057139 
1812 39.985121 0.000000 4.381834 97.087194 0.000000 -0.583255 0.057374 
1813 40.014048 0.000000 4.354742 97.089438 0.000000 -0.584169 0.057330 
1814 40.042974 0.000000 4.381834 97.114757 0.000000 -0.567667 0.056840 
1815 40.014048 0.000000 4.408925 97.118763 0.000000 -0.557627 0.056763 
1816 39.811564 0.000000 4.192196 97.060194 0.000000 -0.814843 0.057865 
1817 39.695859 0.000000 4.192196 97.091447 0.000000 -0.875090 0.057249 
1818 39.985121 0.000000 4.246378 97.062162 0.000000 -0.669117 0.057849 
1819 39.927269 0.000000 4.246378 97.094364 0.000000 -0.741783 0.057213 
1820 39.985121 0.000000 4.192196 97.036718 0.000000 -0.791435 0.058325 
1821 40.042974 0.000000 4.246378 97.083967 0.000000 -0.683186 0.057424 
1822 40.014048 0.000000 4.327651 97.087909 0.000000 -0.598257 0.057358 
1823 39.985121 0.000000 4.327651 97.090992 0.000000 -0.605408 0.057297 
1824 40.014048 0.000000 4.300560 97.084790 0.000000 -0.616767 0.057416 
1825 40.042974 0.000000 4.327651 97.097567 0.000000 -0.596918 0.057171 
1826 40.100826 0.000000 4.463107 97.212520 0.000000 -0.476561 0.054950 
1827 40.158679 0.000000 4.463107 97.226804 0.000000 -0.418028 0.054677 
1828 40.100826 0.000000 4.517289 97.253944 0.000000 -0.374212 0.054153 
1829 40.071900 0.000000 4.381834 97.125248 0.000000 -0.562558 0.056637 
1830 40.071900 0.000000 4.354742 97.114594 0.000000 -0.578295 0.056842 
1831 40.100826 0.000000 4.381834 97.171173 0.000000 -0.549531 0.055746 
1832 40.071900 0.000000 4.408925 97.138314 0.000000 -0.545386 0.056385 
1833 40.028511 0.000000 4.368288 97.101882 0.000000 -0.576924 0.057089 
1834 40.014048 0.000000 4.368288 97.092787 0.000000 -0.578510 0.057266 
1835 40.028511 0.000000 4.354742 97.097773 0.000000 -0.583414 0.057168 
1836 40.042974 0.000000 4.368288 97.109013 0.000000 -0.574955 0.056951 
1837 40.028511 0.000000 4.381834 97.107836 0.000000 -0.570221 0.056974 
1838 60.059909 0.000000 4.083831 99.589303 -0.334568 4.396678 0.006253 
1839 60.059909 0.000000 2.350000 99.569242 -0.085063 4.562485 0.006514 
1840 61.911186 0.000000 4.083831 99.637886 -0.456623 4.390250 0.005281 
1841 60.059909 0.000000 5.817663 99.606693 -0.734014 4.365200 0.005891 
1842 56.357355 0.000000 7.551494 99.519676 -1.224663 4.164952 0.007699 
1843 58.208632 0.000000 7.551494 99.581160 -1.148637 4.218829 0.006447 
1844 56.357355 0.000000 9.285325 99.554060 3.647706 4.092329 0.005894 
1845 57.282993 0.000000 4.950747 99.471696 -1.330819 4.822922 0.008035 
1846 56.357355 0.000000 4.950747 99.447311 -1.138253 4.411691 0.008947 
1847 57.282993 0.000000 4.083831 99.491076 -0.139040 4.313671 0.008290 
1848 58.208632 0.000000 4.950747 99.460788 -0.795101 6.086319 0.006988 
1849 57.282993 0.000000 5.817663 99.508210 -0.598765 4.293555 0.007932 
1850 57.282993 0.000000 3.216916 99.558726 -0.636910 2.421034 0.008179 
1851 57.282993 0.000000 2.350000 99.468534 -0.144190 4.478509 0.008593 
1852 58.208632 0.000000 3.216916 99.561572 0.896707 3.139773 0.007683 
1853 61.911186 0.000000 12.752988 99.713058 0.527494 4.508984 0.003670 
1854 65.613741 0.000000 12.752988 99.789055 0.420090 4.371740 0.002286 
1855 61.911186 0.000000 16.220650 99.749602 0.329851 4.972376 0.002518 
1856 60.059909 0.000000 7.551494 99.631501 -1.149732 4.258609 0.005411 
1857 61.911186 0.000000 7.551494 99.680188 -1.075142 4.275143 0.004443 
1858 60.059909 0.000000 9.285325 99.604961 7.262453 5.064341 0.000046 
1859 59.134271 0.000000 4.950747 99.538959 0.397380 5.049465 0.006634 
1860 59.134271 0.000000 4.083831 99.560068 -0.275223 4.391059 0.006844 
1861 60.059909 0.000000 4.950747 99.589408 0.099828 4.569823 0.006106 
1862 59.134271 0.000000 5.817663 99.580278 -0.682245 4.340049 0.006447 
1863 57.745813 0.000000 4.517289 99.506751 -0.527070 4.342340 0.007927 
1864 57.282993 0.000000 4.517289 99.488816 -0.499188 4.331535 0.008296 
1865 57.745813 0.000000 4.083831 99.500651 -0.174298 4.367673 0.008051 
1866 58.208632 0.000000 4.517289 99.532920 -0.550396 4.358141 0.007390 
1867 57.745813 0.000000 4.950747 99.476320 -1.407522 5.340894 0.007396 
1868 60.059909 0.000000 0.616169 99.543935 -0.158934 4.904378 0.006693 
1869 60.059909 0.000000 -1.117663 99.546631 -0.161974 4.895057 0.006648 
1870 61.911186 0.000000 0.616169 99.593875 -0.157540 4.904587 0.005698 
1871 59.134271 0.000000 3.216916 99.568856 0.806822 3.919600 0.007003 
1872 59.134271 0.000000 2.350000 99.538667 -0.077665 4.555692 0.007129 
1873 60.059909 0.000000 3.216916 99.588445 0.577668 4.198537 0.006418 
1874 57.745813 0.000000 3.650373 99.482272 -2.029945 4.682320 0.007723 
1875 57.282993 0.000000 3.650373 99.485005 -1.490490 4.460982 0.008061 
1876 57.745813 0.000000 3.216916 99.562976 0.379346 2.462890 0.008100 
1877 58.208632 0.000000 3.650373 99.516163 -0.356992 4.433900 0.007675 
1878 58.671451 0.000000 4.517289 99.549528 -0.585799 4.361096 0.007053 
1879 58.671451 0.000000 4.083831 99.544115 -0.242682 4.387751 0.007166 
1880 59.134271 0.000000 4.517289 99.565202 -0.626569 4.363700 0.006734 
1881 58.671451 0.000000 4.950747 99.491741 0.278514 5.739421 0.006837 
1882 57.977222 0.000000 4.300560 99.522664 -0.397411 4.357316 0.007610 
1883 57.745813 0.000000 4.300560 99.507767 -2.276885 4.236821 0.007507 
1884 57.977222 0.000000 4.083831 99.519899 -0.203924 4.370024 0.007665 
1885 58.208632 0.000000 4.300560 99.523747 -0.392876 4.400036 0.007551 
1886 57.977222 0.000000 4.517289 99.525680 -0.551159 4.344437 0.007546 
1887 41.084317 0.000000 5.384205 97.045962 -0.237882 0.930515 0.058116 
1888 41.547137 0.000000 5.384205 97.056574 -0.140416 1.106319 0.057878 
1889 41.084317 0.000000 5.817663 97.259147 0.000000 0.941847 0.053977 
1890 40.390088 0.000000 5.167476 96.984334 0.000000 0.349566 0.059392 
1891 40.158679 0.000000 5.167476 97.035184 0.000000 0.261419 0.058410 
1892 40.621498 0.000000 5.167476 96.950723 0.000000 0.397437 0.060040 
1893 40.390088 0.000000 5.384205 97.049854 0.000000 0.533735 0.058104 
1894 39.927269 0.000000 5.167476 97.099440 0.000000 0.139649 0.057168 
1895 39.695859 0.000000 5.167476 97.135738 -0.000000 0.112131 0.056464 
1896 39.927269 0.000000 5.384205 97.067834 -0.000000 0.432976 0.057765 
1897 40.274384 0.000000 5.059111 97.071494 0.000000 0.206188 0.057708 
1898 40.158679 0.000000 5.059111 97.107562 0.000000 0.155248 0.057010 
1899 40.274384 0.000000 4.950747 97.124225 0.000000 0.125840 0.056687 
1900 40.390088 0.000000 5.059111 97.046947 0.000000 0.252681 0.058183 
1901 40.274384 0.000000 5.167476 97.003972 0.000000 0.319258 0.059013 
1902 40.042974 0.000000 5.059111 97.130293 0.000000 0.099531 0.056570 
1903 39.927269 0.000000 5.059111 97.139560 0.000000 0.071662 0.056390 
1904 40.042974 0.000000 4.950747 97.164121 0.000000 0.082851 0.055913 
1905 40.042974 0.000000 5.167476 97.046623 0.000000 0.236872 0.058190 
1906 40.274384 0.000000 4.842382 97.165417 0.000000 0.057499 0.055888 
1907 40.158679 0.000000 4.842382 97.181630 0.000000 0.036658 0.055573 
1908 40.274384 0.000000 4.734018 97.218158 0.000000 -0.027189 0.054863 
1909 40.390088 0.000000 4.842382 97.156143 0.000000 0.068692 0.056068 
1910 40.216531 0.000000 5.004929 97.114892 0.000000 0.141118 0.056868 
1911 40.158679 0.000000 5.004929 97.126045 0.000000 0.127588 0.056652 
1912 40.216531 0.000000 4.950747 97.129741 0.000000 0.119364 0.056580 
1913 40.274384 0.000000 5.004929 97.107789 0.000000 0.151507 0.057005 
1914 40.216531 0.000000 5.059111 97.092092 0.000000 0.175703 0.057309 
1915 40.042974 0.000000 4.842382 97.200686 0.000000 -0.010745 0.055203 
1916 39.927269 0.000000 4.842382 97.198744 0.000000 -0.024865 0.055240 
1917 40.216531 0.000000 4.896565 97.142826 0.000000 0.096942 0.056326 
1918 40.158679 0.000000 4.896565 97.160631 0.000000 0.071173 0.055981 
1919 40.216531 0.000000 4.842382 97.163333 0.000000 0.063553 0.055928 
1920 40.274384 0.000000 4.896565 97.139132 0.000000 0.101977 0.056398 
1921 40.852908 0.000000 5.167476 96.944175 0.000000 0.415791 0.060165 
1922 40.852908 0.000000 4.950747 96.941865 0.000000 0.418547 0.060210 
1923 41.084317 0.000000 5.167476 96.963773 -0.586788 0.805033 0.059703 
1924 40.852908 0.000000 5.384205 97.141285 0.000000 0.744127 0.056302 
1925 40.505793 0.000000 5.059111 97.013083 0.000000 0.300560 0.058837 
1926 40.505793 0.000000 4.950747 97.084920 0.000000 0.191113 0.057448 
1927 40.621498 0.000000 5.059111 97.019938 0.000000 0.289505 0.058705 
1928 40.505793 0.000000 5.167476 96.995268 0.000000 0.329194 0.059181 
1929 40.332236 0.000000 5.004929 97.092494 0.000000 0.172918 0.057302 
1930 40.332236 0.000000 4.950747 97.114287 0.000000 0.138198 0.056880 
1931 40.390088 0.000000 5.004929 97.065547 0.000000 0.223801 0.057823 
1932 40.332236 0.000000 5.059111 97.069760 0.000000 0.209375 0.057742 
1933 40.245457 0.000000 4.977838 97.119991 0.000000 0.133098 0.056769 
1934 40.216531 0.000000 4.977838 97.123922 0.000000 0.127968 0.056693 
1935 40.245457 0.000000 4.950747 97.127010 0.000000 0.122212 0.056633 
1936 40.274384 0.000000 4.977838 97.116535 0.000000 0.137906 0.056836 
1937 40.245457 0.000000 5.004929 97.111259 0.000000 0.146403 0.056938 
1938 40.158679 0.000000 6.251120 97.036368 -0.000000 0.875330 0.058318 
1939 39.695859 0.000000 6.251120 97.093517 -0.000000 0.791869 0.057222 
1940 40.621498 0.000000 6.251120 97.000949 0.000000 0.985015 0.058985 
1941 40.390088 0.000000 5.600934 97.114159 0.000000 0.673667 0.056839 
1942 40.158679 0.000000 5.600934 97.103523 0.000000 0.583945 0.057056 
1943 40.621498 0.000000 5.600934 97.159868 0.000000 0.740836 0.055941 
1944 40.390088 0.000000 5.817663 97.175838 0.000000 0.820149 0.055618 
1945 41.084317 0.000000 6.251120 96.938413 0.000000 1.041186 0.060186 
1946 41.547137 0.000000 6.251120 97.420336 -0.877216 1.386499 0.050659 
1947 40.852908 0.000000 5.600934 97.178711 0.000000 0.790379 0.055567 
1948 41.084317 0.000000 5.600934 97.259147 0.000000 0.941847 0.053977 
1949 40.852908 0.000000 5.817663 97.194453 0.000000 0.921470 0.055239 
1950 40.505793 0.000000 5.492569 97.106284 0.000000 0.640663 0.056996 
1951 40.390088 0.000000 5.492569 97.094298 0.000000 0.633197 0.057230 
1952 40.505793 0.000000 5.384205 97.058415 0.000000 0.579364 0.057933 
1953 40.621498 0.000000 5.492569 97.103558 0.000000 0.653385 0.057047 
1954 40.505793 0.000000 5.600934 97.141198 0.000000 0.699013 0.056310 
1955 39.927269 0.000000 5.600934 97.107417 -0.000000 0.515292 0.056988 
1956 39.695859 0.000000 5.600934 97.102333 -0.000000 0.470271 0.057092 
1957 39.927269 0.000000 5.817663 97.148393 -0.000000 0.640696 0.056178 
1958 40.274384 0.000000 5.492569 97.086679 0.000000 0.587447 0.057383 
1959 40.158679 0.000000 5.492569 97.084628 0.000000 0.554411 0.057427 
1960 40.274384 0.000000 5.384205 97.048967 0.000000 0.533936 0.058121 
1961 40.274384 0.000000 5.600934 97.105397 0.000000 0.616046 0.057016 
1962 40.390088 0.000000 6.034391 97.078554 0.000000 0.896457 0.057495 
1963 40.158679 0.000000 6.034391 97.084152 -0.000000 0.833578 0.057397 
1964 40.621498 0.000000 6.034391 97.105744 0.000000 0.953600 0.056957 
1965 40.390088 0.000000 6.251120 97.017352 0.000000 0.922222 0.058678 
1966 40.505793 0.000000 5.709298 97.190844 0.000000 0.794079 0.055331 
1967 40.390088 0.000000 5.709298 97.169189 0.000000 0.741098 0.055760 
1968 40.621498 0.000000 5.709298 97.187551 0.000000 0.790984 0.055395 
1969 40.505793 0.000000 5.817663 97.218220 0.000000 0.877860 0.054785 
1970 40.447941 0.000000 5.546751 97.109750 0.000000 0.670183 0.056925 
1971 40.390088 0.000000 5.546751 97.101276 0.000000 0.669451 0.057089 
1972 40.447941 0.000000 5.492569 97.100313 0.000000 0.650634 0.057111 
1973 40.505793 0.000000 5.546751 97.115936 0.000000 0.672760 0.056804 
1974 40.447941 0.000000 5.600934 97.123205 0.000000 0.686729 0.056661 
1975 40.852908 0.000000 6.034391 97.088199 0.000000 0.961551 0.057296 
1976 41.084317 0.000000 6.034391 97.059244 0.000000 1.019709 0.057846 
1977 40.852908 0.000000 6.251120 96.996624 0.000000 1.010834 0.059063 
1978 40.852908 0.000000 6.467849 97.099950 0.000000 1.059476 0.057048 
1979 40.621498 0.000000 6.467849 97.004364 0.000000 1.030933 0.058909 
1980 41.084317 0.000000 6.467849 97.212268 0.000000 1.075787 0.054862 
1981 40.852908 0.000000 6.684578 97.334055 0.000000 1.090337 0.052489 
1982 40.737203 0.000000 6.142756 97.038431 0.000000 0.973198 0.058260 
1983 40.621498 0.000000 6.142756 97.101765 0.000000 0.990029 0.057027 
1984 40.737203 0.000000 6.034391 97.073739 0.000000 0.958051 0.057577 
1985 40.852908 0.000000 6.142756 97.018295 0.000000 0.998682 0.058645 
1986 40.737203 0.000000 6.251120 97.006107 0.000000 0.992376 0.058883 
1987 40.390088 0.000000 6.467849 96.918482 0.000000 1.002110 0.060580 
1988 40.158679 0.000000 6.467849 96.955419 -0.000000 0.969280 0.059871 
1989 40.390088 0.000000 6.684578 97.095740 -0.000000 1.019861 0.057138 
1990 40.505793 0.000000 6.142756 97.067151 0.000000 0.938348 0.057709 
1991 40.390088 0.000000 6.142756 97.046442 0.000000 0.905432 0.058117 
1992 40.505793 0.000000 6.034391 97.100335 0.000000 0.923572 0.057067 
1993 40.505793 0.000000 6.251120 97.023813 0.000000 0.950188 0.058548 
1994 40.737203 0.000000 5.926027 97.132999 0.000000 0.943927 0.056429 
1995 40.621498 0.000000 5.926027 97.148912 0.000000 0.922006 0.056124 
1996 40.737203 0.000000 5.817663 97.180019 0.000000 0.931913 0.055518 
1997 40.852908 0.000000 5.926027 97.110543 0.000000 0.951344 0.056864 
1998 40.679350 0.000000 6.088574 97.082552 0.000000 0.979172 0.057402 
1999 40.621498 0.000000 6.088574 97.093759 0.000000 0.966634 0.057187 
2000 40.679350 0.000000 6.034391 97.081855 0.000000 0.954104 0.057420 
2001 40.737203 0.000000 6.088574 97.055990 0.000000 0.965137 0.057920 
2002 40.679350 0.000000 6.142756 97.073038 0.000000 0.985857 0.057585 
2003 40.505793 0.000000 5.926027 97.165425 0.000000 0.909943 0.055805 
2004 40.390088 0.000000 5.926027 97.155886 0.000000 0.866627 0.055998 
2005 40.563646 0.000000 6.088574 97.091257 0.000000 0.956836 0.057237 
2006 40.505793 0.000000 6.088574 97.075251 0.000000 0.930913 0.057553 
2007 40.563646 0.000000 6.034391 97.098714 0.000000 0.927717 0.057098 
2008 40.563646 0.000000 6.142756 97.080576 0.000000 0.964737 0.057443 
2009 40.737203 0.000000 6.359485 96.971452 0.000000 1.029771 0.059548 
2010 40.621498 0.000000 6.359485 96.967353 0.000000 1.000654 0.059633 
2011 40.852908 0.000000 6.359485 96.962340 0.000000 1.034468 0.059723 
2012 40.737203 0.000000 6.467849 97.050289 0.000000 1.055494 0.058013 
2013 40.679350 0.000000 6.196938 97.054171 0.000000 0.988954 0.057951 
2014 40.621498 0.000000 6.196938 97.063932 0.000000 0.981562 0.057763 
2015 40.737203 0.000000 6.196938 97.021634 0.000000 0.982222 0.058584 
2016 40.679350 0.000000 6.251120 97.003405 0.000000 0.989444 0.058936 
2017 40.650424 0.000000 6.115665 97.086674 0.000000 0.986783 0.057320 
2018 40.621498 0.000000 6.115665 97.097634 0.000000 0.980424 0.057109 
2019 40.650424 0.000000 6.088574 97.087594 0.000000 0.981038 0.057304 
2020 40.679350 0.000000 6.115665 97.078501 0.000000 0.983140 0.057480 
2021 40.650424 0.000000 6.142756 97.083311 0.000000 0.989734 0.057385 
2022 40.852908 0.000000 6.901307 97.512119 0.000000 1.089650 0.049020 
2023 40.621498 0.000000 6.901307 97.335286 0.000000 1.051247 0.052474 
2024 41.084317 0.000000 6.901307 97.633841 0.000000 1.114071 0.046639 
2025 40.852908 0.000000 7.118036 97.712768 0.000000 1.066623 0.045108 
2026 40.852908 0.000000 7.334765 97.783590 0.000000 1.003133 0.043736 
2027 40.621498 0.000000 7.334765 97.669806 -0.000000 1.008959 0.045959 
2028 41.084317 0.000000 7.334765 97.836121 0.000000 1.051361 0.042699 
2029 40.852908 0.000000 7.551494 97.845642 0.000000 0.980131 0.042527 
2030 42.009956 0.000000 7.118036 98.061198 -0.745938 1.371480 0.038156 
2031 42.009956 0.000000 6.684578 97.788654 -0.332405 1.401285 0.043530 
2032 42.472775 0.000000 7.118036 98.114636 -0.902643 1.649413 0.036998 
2033 41.315727 0.000000 7.334765 97.863114 0.000000 1.016539 0.042178 
2034 41.315727 0.000000 7.118036 97.808459 0.000000 1.051016 0.043240 
2035 41.547137 0.000000 7.334765 97.870155 0.000000 0.979233 0.042047 
2036 41.315727 0.000000 7.551494 97.889179 0.000000 0.970095 0.041677 
2037 40.968613 0.000000 7.226400 97.781525 0.000000 1.029801 0.043771 
2038 40.852908 0.000000 7.226400 97.741719 0.000000 1.021555 0.044551 
2039 40.968613 0.000000 7.118036 97.767913 0.000000 1.083367 0.044026 
2040 41.084317 0.000000 7.226400 97.788506 0.000000 1.044930 0.043632 
2041 40.968613 0.000000 7.334765 97.807444 0.000000 1.027629 0.043265 
2042 41.315727 0.000000 6.901307 97.743569 0.000000 1.123750 0.044493 
2043 41.315727 0.000000 6.684578 97.542827 0.000000 1.124659 0.048413 
2044 41.547137 0.000000 6.901307 97.794997 0.000000 1.163854 0.043478 
2045 41.200022 0.000000 7.226400 97.826136 0.000000 1.037234 0.042897 
2046 41.200022 0.000000 7.118036 97.802710 0.000000 1.061879 0.043350 
2047 41.315727 0.000000 7.226400 97.817162 0.000000 1.039641 0.043072 
2048 41.200022 0.000000 7.334765 97.839425 0.000000 1.020040 0.042641 
2049 40.852908 0.000000 7.768223 98.051368 -0.000000 0.828326 0.038524 
2050 40.621498 0.000000 7.768223 97.918894 -0.000000 0.845037 0.041118 
2051 41.084317 0.000000 7.768223 98.092510 0.000000 0.829393 0.037717 
2052 40.968613 0.000000 7.443129 97.817621 0.000000 0.995642 0.043072 
2053 40.852908 0.000000 7.443129 97.801942 0.000000 0.994122 0.043379 
2054 41.084317 0.000000 7.443129 97.845670 0.000000 0.995418 0.042523 
2055 40.968613 0.000000 7.551494 97.874710 0.000000 0.967023 0.041961 
2056 41.026465 0.000000 7.280583 97.810668 0.000000 1.048259 0.043197 
2057 40.968613 0.000000 7.280583 97.801540 0.000000 1.033070 0.043379 
2058 41.026465 0.000000 7.226400 97.800164 0.000000 1.059791 0.043400 
2059 41.084317 0.000000 7.280583 97.813149 0.000000 1.055104 0.043147 
2060 41.026465 0.000000 7.334765 97.821183 0.000000 1.056554 0.042990 
2061 41.315727 0.000000 7.768223 98.141848 0.000000 0.829013 0.036749 
2062 41.547137 0.000000 7.768223 98.208364 0.000000 0.806611 0.035447 
2063 41.200022 0.000000 7.443129 97.852628 0.000000 1.004365 0.042385 
2064 41.315727 0.000000 7.443129 97.868675 0.000000 1.005546 0.042071 
2065 41.200022 0.000000 7.551494 97.874194 0.000000 0.992525 0.041966 
2066 41.142170 0.000000 7.280583 97.830984 0.000000 1.030603 0.042804 
2067 41.142170 0.000000 7.226400 97.823422 0.000000 1.040966 0.042949 
2068 41.200022 0.000000 7.280583 97.832640 0.000000 1.028606 0.042772 
2069 41.142170 0.000000 7.334765 97.838876 0.000000 1.020490 0.042651 
2070 41.026465 0.000000 7.388947 97.816185 0.000000 1.027651 0.043094 
2071 40.968613 0.000000 7.388947 97.812161 0.000000 1.020621 0.043174 
2072 41.084317 0.000000 7.388947 97.836014 0.000000 1.030871 0.042705 
2073 41.026465 0.000000 7.443129 97.846171 0.000000 0.993945 0.042514 
2074 41.055391 0.000000 7.307674 97.819766 0.000000 1.061669 0.043017 
2075 41.026465 0.000000 7.307674 97.822735 0.000000 1.063467 0.042958 
2076 41.055391 0.000000 7.280583 97.815472 0.000000 1.059960 0.043101 
2077 41.084317 0.000000 7.307674 97.817545 0.000000 1.054588 0.043062 
2078 41.055391 0.000000 7.334765 97.820519 0.000000 1.057544 0.043003 
2079 41.200022 0.000000 7.876587 98.206588 0.000000 0.795415 0.035483 
2080 41.084317 0.000000 7.876587 98.204043 0.000000 0.756490 0.035539 
2081 41.200022 0.000000 7.768223 98.104669 0.000000 0.837271 0.037477 
2082 41.315727 0.000000 7.876587 98.214427 0.000000 0.817418 0.035326 
2083 41.200022 0.000000 7.984952 98.251490 0.000000 0.763791 0.034606 
2084 41.778546 0.000000 7.768223 98.213582 0.000000 0.863934 0.035335 
2085 41.778546 0.000000 7.551494 97.873423 0.000000 1.003977 0.041979 
2086 42.009956 0.000000 7.768223 98.308495 -1.382245 1.512616 0.033124 
2087 41.778546 0.000000 7.984952 98.552495 0.000000 0.687577 0.028693 
2088 41.431432 0.000000 7.876587 98.264393 0.000000 0.765075 0.034352 
2089 41.431432 0.000000 7.768223 98.202385 0.000000 0.795824 0.035566 
2090 41.547137 0.000000 7.876587 98.301913 0.000000 0.765723 0.033615 
2091 41.431432 0.000000 7.984952 98.333119 0.000000 0.734924 0.033006 
2092 41.200022 0.000000 8.093316 98.698818 0.020867 0.488208 0.025830 
2093 41.084317 0.000000 8.093316 98.598990 0.009488 0.547815 0.027794 
2094 41.315727 0.000000 8.093316 98.658368 0.032946 0.498666 0.026628 
2095 41.200022 0.000000 8.201681 98.699310 0.020133 0.460021 0.025823 
2096 41.257875 0.000000 7.930769 98.222305 0.000000 0.814499 0.035172 
2097 41.200022 0.000000 7.930769 98.224943 0.000000 0.786328 0.035124 
2098 41.257875 0.000000 7.876587 98.208962 0.000000 0.814216 0.035434 
2099 41.315727 0.000000 7.930769 98.251040 0.000000 0.790204 0.034611 
2100 41.257875 0.000000 7.984952 98.261065 0.000000 0.780035 0.034415 
2101 44.324053 0.000000 8.418409 98.905174 -7.598673 2.768102 0.015236 
2102 44.324053 0.000000 7.551494 98.613156 -1.613098 2.520746 0.026649 
2103 45.249691 0.000000 8.418409 98.954604 -6.612627 2.910433 0.015579 
2104 44.324053 0.000000 9.285325 99.143103 1.755143 2.687224 0.016034 
2105 46.175330 0.000000 8.418409 99.048323 -5.679597 3.016051 0.014808 
2106 46.175330 0.000000 7.551494 98.839208 -1.616133 2.883341 0.021989 
2107 47.100968 0.000000 8.418409 99.086450 -4.992328 3.304753 0.014603 
2108 46.175330 0.000000 9.285325 99.190097 1.900803 2.903808 0.014928 
2109 44.324053 0.000000 10.152241 99.387483 0.988338 2.780680 0.011342 
2110 45.249691 0.000000 10.152241 99.384711 1.017907 2.845683 0.011355 
2111 44.324053 0.000000 11.019156 99.575721 0.765248 2.998203 0.007510 
2112 44.786872 0.000000 8.851867 99.058972 3.981860 2.657268 0.016440 
2113 44.324053 0.000000 8.851867 99.029060 3.856268 2.652373 0.017134 
2114 44.786872 0.000000 8.418409 98.931635 -7.103882 2.823326 0.015410 
2115 45.249691 0.000000 8.851867 99.059225 4.209118 2.778977 0.016183 
2116 44.786872 0.000000 9.285325 99.162985 1.831986 2.691739 0.015610 
2117 44.324053 0.000000 6.684578 98.287607 -0.737378 2.472108 0.033289 
2118 44.324053 0.000000 5.817663 97.895821 -0.851034 2.420170 0.040983 
2119 45.249691 0.000000 6.684578 98.472238 -0.761181 2.680637 0.029545 
2120 44.786872 0.000000 7.984952 98.781830 -2.201922 3.109370 0.022763 
2121 44.324053 0.000000 7.984952 98.753520 -2.350893 3.016581 0.023312 
2122 44.786872 0.000000 7.551494 98.664716 -1.590125 2.676049 0.025558 
2123 45.249691 0.000000 7.984952 98.838306 -2.126385 3.064450 0.021708 
2124 48.952246 0.000000 11.019156 99.438176 0.598964 3.722616 0.009783 
2125 50.803523 0.000000 11.019156 99.465093 0.593913 3.877335 0.009131 
2126 48.952246 0.000000 12.752988 99.567855 0.375103 4.064982 0.006958 
2127 46.175330 0.000000 10.152241 99.327535 1.034664 3.131909 0.012316 
2128 47.100968 0.000000 10.152241 99.305162 0.906412 3.368062 0.012632 
2129 46.175330 0.000000 11.019156 99.466160 0.775832 3.320284 0.009486 
2130 45.712510 0.000000 8.851867 99.114607 4.378740 2.779719 0.014939 
2131 45.712510 0.000000 8.418409 99.020469 -6.101696 2.898053 0.014932 
2132 46.175330 0.000000 8.851867 99.133063 4.627275 2.901114 0.014281 
2133 45.712510 0.000000 9.285325 99.212433 1.841624 2.773671 0.014581 
2134 45.018282 0.000000 8.635138 98.953558 18.733605 3.778838 -0.015703 
2135 44.786872 0.000000 8.635138 98.968417 17.222675 3.489426 -0.010354 
2136 45.018282 0.000000 8.418409 98.955565 -6.887695 2.845342 0.015226 
2137 45.249691 0.000000 8.635138 98.947475 21.038710 4.229898 -0.025112 
2138 45.018282 0.000000 8.851867 99.055095 4.120804 2.723984 0.016369 
2139 48.026607 0.000000 8.418409 99.109285 -4.578142 3.572401 0.014363 
2140 48.026607 0.000000 7.551494 98.966573 -1.704621 3.709574 0.018895 
2141 48.952246 0.000000 8.418409 99.172416 -4.191862 3.706528 0.013352 
2142 48.026607 0.000000 9.285325 99.213818 1.927505 3.379847 0.014148 
2143 49.877884 0.000000 8.418409 99.240559 -3.815161 3.801171 0.012231 
2144 49.877884 0.000000 7.551494 99.144829 -1.306434 3.999996 0.015260 
2145 50.803523 0.000000 8.418409 99.279050 -3.534060 3.922815 0.011579 
2146 49.877884 0.000000 9.285325 99.312103 2.041564 3.558665 0.012027 
2147 48.026607 0.000000 10.152241 99.310554 0.906861 3.515654 0.012423 
2148 48.952246 0.000000 10.152241 99.358748 0.883078 3.572772 0.011429 
2149 48.026607 0.000000 11.019156 99.415817 0.585436 3.642921 0.010288 
2150 48.489426 0.000000 8.851867 99.175862 6.470344 3.706023 0.010855 
2151 48.026607 0.000000 8.851867 99.158767 5.966747 3.559795 0.011926 
2152 48.489426 0.000000 8.418409 99.133849 -4.358129 3.660003 0.014009 
2153 48.952246 0.000000 8.851867 99.209985 7.143364 3.842580 0.009159 
2154 48.489426 0.000000 9.285325 99.247600 1.939372 3.420067 0.013446 
2155 52.654800 0.000000 11.019156 99.499397 0.494504 3.999271 0.008363 
2156 54.506077 0.000000 11.019156 99.552533 0.607845 4.149547 0.007170 
2157 52.654800 0.000000 12.752988 99.595566 0.291482 4.313438 0.006203 
2158 51.729162 0.000000 8.418409 99.336503 -3.285550 3.990591 0.010554 
2159 51.729162 0.000000 7.551494 99.277925 -1.214286 3.960133 0.012674 
2160 52.654800 0.000000 8.418409 99.385990 -3.099547 4.063046 0.009631 
2161 51.729162 0.000000 9.285325 99.381240 2.314802 3.726660 0.010412 
2162 53.580439 0.000000 8.418409 99.410415 -2.993477 4.216243 0.009083 
2163 53.580439 0.000000 7.551494 99.395203 -1.299178 4.034805 0.010263 
2164 54.506077 0.000000 8.418409 99.466402 -2.771404 4.262473 0.008059 
2165 53.580439 0.000000 9.285325 99.451841 2.568724 3.897776 0.008754 
2166 51.729162 0.000000 10.152241 99.444224 0.926287 3.800042 0.009555 
2167 50.803523 0.000000 10.152241 99.404039 0.931910 3.740831 0.010397 
2168 52.654800 0.000000 10.152241 99.467063 0.843472 3.864569 0.009066 
2169 51.729162 0.000000 11.019156 99.496186 0.603093 3.915003 0.008482 
2170 52.191981 0.000000 8.851867 98.856986 32.355964 17.279372 -0.111819 
2171 51.729162 0.000000 8.851867 99.132036 22.172452 9.287529 -0.040504 
2172 52.191981 0.000000 8.418409 99.347741 -3.199687 4.058863 0.010331 
2173 52.654800 0.000000 8.851867 97.272582 43.285027 57.635418 -0.465739 
2174 52.191981 0.000000 9.285325 99.419470 2.386782 3.726454 0.009619 
2175 -156.539529 0.000000 -164.097801 99.788886 -0.001212 6.452924 0.000054 
2176 -215.780401 0.000000 -164.097801 99.789884 -0.000816 6.453403 0.000033 
2177 -156.539529 0.000000 -219.580401 99.789458 -0.001342 6.452724 0.000043 
2178 198.905703 0.000000 -164.097801 99.789350 -0.009858 6.436645 0.000066 
2179 198.905703 0.000000 -219.580401 99.789635 -0.007044 6.444069 0.000050 
2180 258.146575 0.000000 -164.097801 99.790563 -0.010409 6.436753 0.000041 
2181 -38.057785 0.000000 168.797801 99.799652 0.003559 6.451251 -0.000159 
2182 -97.298657 0.000000 168.797801 99.795972 0.002221 6.453944 -0.000089 
2183 -38.057785 0.000000 224.280401 99.796561 0.003243 6.451108 -0.000097 
2184 -156.539529 0.000000 168.797801 99.793806 0.001463 6.454328 -0.000046 
2185 -215.780401 0.000000 168.797801 99.792769 0.001020 6.454163 -0.000025 
2186 -156.539529 0.000000 224.280401 99.793716 0.001600 6.453578 -0.000043 
2187 -67.678221 0.000000 -80.873901 99.779961 -0.002085 6.448501 0.000238 
2188 -97.298657 0.000000 -80.873901 99.783723 -0.001401 6.452122 0.000158 
2189 -67.678221 0.000000 -108.615201 99.783209 -0.002269 6.449347 0.000172 
2190 198.905703 0.000000 168.797801 99.795165 0.012891 6.431255 -0.000044 
2191 258.146575 0.000000 168.797801 99.794160 0.014066 6.430335 -0.000022 
2192 198.905703 0.000000 224.280401 99.794412 0.008828 6.441395 -0.000042 
2193 110.044395 0.000000 -80.873901 99.780473 -0.017758 6.389950 0.000303 
2194 110.044395 0.000000 -108.615201 99.782982 -0.012843 6.418122 0.000216 
2195 139.664831 0.000000 -80.873901 99.785787 -0.019397 6.388413 0.000198 
2196 -8.437349 0.000000 85.573901 99.825364 0.005167 6.451159 -0.000672 
2197 -38.057785 0.000000 85.573901 99.808125 0.003302 6.461364 -0.000341 
2198 -8.437349 0.000000 113.315201 99.812617 0.005252 6.447567 -0.000413 
2199 -67.678221 0.000000 85.573901 99.798678 0.002318 6.460649 -0.000152 
2200 -97.298657 0.000000 85.573901 99.794800 0.001604 6.458670 -0.000072 
2201 -67.678221 0.000000 113.315201 99.799500 0.002573 6.456680 -0.000163 
2202 -23.247567 0.000000 -39.261950 99.705839 0.003075 6.431760 0.001738 
2203 -38.057785 0.000000 -39.261950 99.758048 0.053659 6.413610 0.000719 
2204 -23.247567 0.000000 -53.132600 99.774360 0.046891 6.407253 0.000402 
2205 110.044395 0.000000 85.573901 99.804984 0.025129 6.368572 -0.000159 
2206 139.664831 0.000000 85.573901 99.800753 0.028344 6.366103 -0.000072 
2207 110.044395 0.000000 113.315201 99.802933 0.017026 6.406219 -0.000167 
2208 65.613741 0.000000 -39.261950 99.685934 -0.066576 6.210756 0.002414 
2209 65.613741 0.000000 -53.132600 99.756127 -0.046097 6.345412 0.000845 
2210 80.423959 0.000000 -39.261950 99.754702 -0.066157 6.232715 0.001015 
2211 6.372869 0.000000 43.961950 100.022645 0.078619 6.531262 -0.004719 
2212 -8.437349 0.000000 43.961950 99.903646 0.061062 6.574622 -0.002397 
2213 6.372869 0.000000 57.832600 99.936613 0.048831 6.470803 -0.002920 
2214 -23.247567 0.000000 43.961950 99.833501 0.043056 6.550896 -0.000964 
2215 -38.057785 0.000000 43.961950 99.779788 0.036728 6.479883 0.000200 
2216 -23.247567 0.000000 57.832600 99.804781 0.024764 6.475993 -0.000293 
2217 -15.842458 0.000000 -18.455975 99.509822 0.056635 6.377321 0.005712 
2218 -23.247567 0.000000 -18.455975 99.589409 0.026567 6.462212 0.004019 
2219 -15.842458 0.000000 -25.391300 99.590984 0.025684 6.410962 0.004053 
2220 13.777978 0.000000 23.155975 100.571402 0.237110 6.582192 -0.015799 
2221 6.372869 0.000000 23.155975 100.327473 0.202205 6.850491 -0.011257 
2222 13.777978 0.000000 30.091300 100.278361 0.129023 6.468017 -0.009760 
2223 -1.032240 0.000000 23.155975 100.048575 0.018262 6.952506 -0.005806 
2224 -8.437349 0.000000 23.155975 99.908276 0.161024 6.962895 -0.003017 
2225 -1.032240 0.000000 30.091300 100.110325 0.078074 6.806021 -0.006841 
2226 -15.842458 0.000000 23.155975 99.772511 0.048582 6.760394 -0.000026 
2227 -23.247567 0.000000 23.155975 99.733495 0.058926 6.640381 0.000913 
2228 -15.842458 0.000000 30.091300 99.810693 0.070152 6.668074 -0.000664 
2229 -2.883517 0.000000 4.083831 96.894387 0.131630 8.884876 0.053252 
2230 -4.734795 0.000000 4.083831 97.637027 0.048902 8.036403 0.040242 
2231 -2.883517 0.000000 5.817663 97.955645 0.128518 8.689815 0.032916 
2232 -1.957879 0.000000 1.483084 92.746979 -0.006328 9.515102 0.130746 
2233 -2.883517 0.000000 1.483084 94.588322 0.191146 8.767023 0.097615 
2234 -1.957879 0.000000 2.350000 94.279644 0.154008 9.907762 0.101316 
2235 -0.106602 0.000000 -3.718409 93.165429 0.102732 -0.211746 0.132015 
2236 -1.032240 0.000000 -3.718409 94.004562 -0.013250 1.841786 0.115975 
2237 -0.106602 0.000000 -4.585325 95.353391 0.112785 0.932936 0.090685 
2238 -2.883517 0.000000 -6.319156 97.439033 0.050829 4.812554 0.048247 
2239 -4.734795 0.000000 -6.319156 97.926021 -0.016589 5.490250 0.038035 
2240 -2.883517 0.000000 -8.052988 98.192929 0.026054 5.003098 0.033312 
2241 -1.957879 0.000000 -1.984578 91.820546 0.037002 4.274780 0.155071 
2242 -2.883517 0.000000 -1.984578 94.236346 -0.058207 4.935069 0.109515 
2243 -1.957879 0.000000 -2.851494 93.534389 0.076624 3.463751 0.123931 
2244 0.356218 0.000000 -2.418036 87.021894 -0.013644 -6.726494 0.238194 
2245 -0.106602 0.000000 -2.418036 87.724597 0.083904 -3.432768 0.229260 
2246 0.356218 0.000000 -2.851494 89.970807 -0.013738 -4.459757 0.188536 
2247 -0.569421 0.000000 -1.551120 82.859272 0.063396 -1.023432 0.313329 
2248 -1.032240 0.000000 -1.551120 86.636637 0.061544 1.998743 0.249009 
2249 -0.569421 0.000000 -1.984578 86.441020 0.070570 -1.120981 0.252669 
2250 5.447230 0.000000 -0.250747 -5.626373 0.271467 0.118589 0.996826 
2251 6.372869 0.000000 -0.250747 -5.858380 0.348600 0.105001 0.996555 
2252 2.207495 0.000000 -0.684205 -4.133726 0.166398 0.179557 0.998285 
2253 2.670314 0.000000 -0.684205 -4.488227 0.254259 0.177237 0.997976 
2254 2.207495 0.000000 -0.250747 -4.136532 0.169717 0.286688 0.998278 
2255 2.207495 0.000000 0.182711 -4.003961 0.168509 0.385616 0.998379 
2256 2.670314 0.000000 0.182711 -4.503830 0.249910 0.519209 0.997938 
2257 0.587627 0.000000 -0.900934 -3.665103 0.196719 -0.164511 0.998650 
2258 0.819037 0.000000 -0.900934 -3.625697 0.175611 0.151922 0.998680 
2259 0.587627 0.000000 -0.684205 -3.239938 0.193186 0.046500 0.998946 
2260 0.587627 0.000000 -0.467476 -3.284024 0.195701 0.374715 0.998904 
2261 0.819037 0.000000 -0.467476 -3.614727 0.187724 0.184498 0.998686 
2262 -0.338011 0.000000 -0.900934 69.432904 0.057107 -1.018271 0.517803 
2263 -0.569421 0.000000 -0.900934 76.320752 0.067069 1.960321 0.417130 
2264 -0.338011 0.000000 -1.117663 73.640790 0.052956 -3.038897 0.456780 
2265 1.744676 0.000000 3.216916 95.027303 0.075617 17.886202 0.064989 
2266 0.819037 0.000000 3.216916 94.224473 0.125061 15.443865 0.088322 
2267 1.744676 0.000000 4.083831 96.794704 0.217783 14.960397 0.040692 
2268 -0.569421 0.000000 1.049627 86.333113 0.070518 13.821726 0.235555 
2269 -1.032240 0.000000 1.049627 88.569485 0.109131 11.447285 0.202439 
2270 -0.569421 0.000000 1.483084 88.759723 0.086204 13.625090 0.193606 
2271 0.124808 0.000000 0.399440 73.848870 0.055431 23.543078 0.399206 
2272 -0.106602 0.000000 0.399440 76.185618 0.072130 19.361807 0.382087 
2273 0.124808 0.000000 0.616169 77.402799 0.066459 21.819125 0.353273 
2274 -0.338011 0.000000 -0.034018 72.194931 0.067525 14.599803 0.457473 
2275 -0.569421 0.000000 -0.034018 77.489328 0.076056 11.587066 0.386114 
2276 -0.338011 0.000000 0.182711 75.852157 0.074142 15.647944 0.400159 
2277 -0.338011 0.000000 0.399440 78.914118 0.080529 15.933315 0.351868 
2278 -0.569421 0.000000 0.399440 81.571171 0.071397 13.381061 0.316709 
2279 -0.338011 0.000000 0.616169 81.404681 0.086059 15.909383 0.312016 
2280 0.124808 0.000000 -1.334391 72.367002 0.034720 -15.028159 0.453717 
2281 -0.106602 0.000000 -1.334391 74.293302 0.046094 -8.412974 0.440973 
2282 0.124808 0.000000 -1.551120 77.250913 0.045508 -11.187620 0.390713 
2283 2.207495 0.000000 1.916542 92.583473 0.160365 29.184181 0.057656 
2284 1.744676 0.000000 1.916542 89.945153 0.071614 27.134733 0.117357 
2285 2.207495 0.000000 2.350000 93.291395 0.164020 24.403648 0.070115 
2286 1.281856 0.000000 1.916542 88.864317 0.055304 23.824349 0.153553 
2287 0.819037 0.000000 1.916542 88.787089 0.144378 20.641242 0.169077 
2288 1.281856 0.000000 2.350000 91.505879 0.134630 20.753966 0.119593 
2289 1.050447 0.000000 -0.034018 -3.528302 0.290486 0.294763 0.998738 
2290 1.050447 0.000000 -0.250747 -3.692386 0.218695 0.128510 0.998630 
2291 1.281856 0.000000 -0.034018 -3.997383 0.096942 0.531914 0.998373 
2292 1.513266 0.000000 0.399440 -4.780980 0.147422 -0.177325 0.997709 
2293 1.513266 0.000000 0.182711 -4.265971 0.245758 0.269231 0.998167 
2294 1.744676 0.000000 0.399440 -3.977824 0.171986 -0.143289 0.998413 
2295 1.050447 0.000000 -1.767849 83.641196 -0.012618 -25.319107 0.236309 
2296 0.819037 0.000000 -1.767849 79.969385 -0.020855 -21.453120 0.314466 
2297 1.050447 0.000000 -1.984578 84.816769 -0.001760 -18.478249 0.246467 
2298 1.513266 0.000000 -1.334391 87.245956 -0.061238 -20.275695 0.197704 
2299 1.744676 0.000000 -1.334391 -3.921829 0.102966 0.776763 0.998401 
2300 1.513266 0.000000 -1.117663 -4.167016 0.154369 0.282267 0.998253 
2301 1.050447 0.000000 -0.900934 -3.688857 0.242413 -0.047305 0.998633 
2302 1.281856 0.000000 -0.900934 -3.925230 0.213962 0.021016 0.998455 
2303 1.050447 0.000000 -0.684205 -3.748002 0.249110 -0.038002 0.998589 
2304 1.513266 0.000000 -0.900934 -4.112435 0.191525 0.426431 0.998287 
2305 1.744676 0.000000 -0.900934 -4.038276 0.163809 0.357567 0.998354 
2306 1.513266 0.000000 -0.684205 -4.063324 0.196430 0.447771 0.998325 
2307 1.050447 0.000000 -0.467476 -3.750207 0.216857 0.078222 0.998588 
2308 1.281856 0.000000 -0.467476 -3.931936 0.146558 0.208883 0.998447 
2309 1.050447 0.000000 0.832898 81.126511 0.098549 38.067136 0.196937 
2310 0.819037 0.000000 0.832898 77.647645 -0.000450 33.334166 0.285968 
2311 1.050447 0.000000 1.049627 82.220405 0.046718 31.097525 0.227275 
2312 4.058772 0.000000 -1.551120 -5.387418 0.320595 -0.018254 0.997087 
2313 4.521592 0.000000 -1.551120 -5.637436 0.256111 0.094259 0.996814 
2314 4.058772 0.000000 -1.117663 -5.333051 0.329050 0.122592 0.997144 
2315 1.976085 0.000000 -1.334391 -3.704441 0.152132 0.128212 0.998624 
2316 2.207495 0.000000 -1.334391 -3.877316 0.084156 -0.139400 0.998494 
2317 1.976085 0.000000 -1.117663 -3.862305 0.144066 0.190220 0.998503 
2318 3.133134 0.000000 1.049627 -5.115829 0.272692 0.141058 0.997373 
2319 3.133134 0.000000 0.616169 -4.913216 0.263245 0.450436 0.997559 
2320 3.595953 0.000000 1.049627 -4.790953 0.257298 0.591936 0.997663 
2321 4.058772 0.000000 1.049627 -5.227258 0.375321 0.764990 0.997195 
2322 4.058772 0.000000 0.616169 -5.262041 0.361778 0.640133 0.997177 
2323 4.521592 0.000000 1.049627 -5.467390 0.120195 0.386708 0.996994 
2324 4.058772 0.000000 -3.284952 99.396530 0.208887 -10.532718 0.000935 
2325 3.595953 0.000000 -3.284952 98.114480 0.216957 -11.111410 0.025004 
2326 4.058772 0.000000 -3.718409 98.984876 0.174363 -7.688413 0.014285 
2327 3.133134 0.000000 -3.284952 96.456921 0.106626 -10.569092 0.058435 
2328 2.670314 0.000000 -3.284952 95.252609 0.074935 -9.628509 0.083423 
2329 3.133134 0.000000 -3.718409 96.917167 0.136625 -7.305047 0.055368 
2330 3.133134 0.000000 -0.684205 -4.833814 0.259012 0.215656 0.997652 
2331 3.595953 0.000000 -0.684205 -5.044563 0.287896 0.218923 0.997442 
2332 3.133134 0.000000 -0.250747 -4.818087 0.264027 0.316319 0.997662 
2333 4.058772 0.000000 -0.684205 -5.277849 0.343922 0.261442 0.997196 
2334 4.521592 0.000000 -0.684205 -5.494165 0.212009 0.317747 0.996967 
2335 4.058772 0.000000 -0.250747 -5.283190 0.331436 0.435054 0.997179 
2336 4.058772 0.000000 0.182711 -5.267361 0.362911 0.517626 0.997186 
2337 3.595953 0.000000 0.182711 -5.021526 0.287458 0.381356 0.997456 
2338 4.521592 0.000000 0.182711 -5.441095 0.202171 0.371785 0.997022 
2339 3.133134 0.000000 0.182711 -4.832775 0.265409 0.415022 0.997640 
2340 4.984411 0.000000 -1.551120 -5.689339 0.085983 0.053614 0.996762 
2341 5.447230 0.000000 -1.551120 -5.861390 0.047750 -0.031160 0.996564 
2342 4.984411 0.000000 -1.117663 -5.648758 0.048726 0.104176 0.996808 
2343 7.298507 0.000000 -0.250747 -5.921176 0.115077 0.164519 0.996490 
2344 8.224146 0.000000 -0.250747 -5.867132 0.002680 0.163677 0.996555 
2345 9.149785 0.000000 -0.250747 -5.433013 0.112997 0.227962 0.997042 
2346 10.075423 0.000000 -0.250747 -4.714629 0.075461 0.161132 0.997774 
2347 4.984411 0.000000 1.049627 -5.586419 0.125056 0.248963 0.996871 
2348 4.984411 0.000000 0.616169 -5.549724 0.122617 0.189339 0.996915 
2349 5.447230 0.000000 1.049627 -5.705388 0.187851 0.306094 0.996732 
2350 5.910050 0.000000 1.916542 109.252260 -0.078604 26.070930 -0.261576 
2351 5.910050 0.000000 1.483084 -5.860497 0.331857 0.274031 0.996547 
2352 6.372869 0.000000 1.916542 -6.145866 0.347378 0.118784 0.996209 
2353 5.910050 0.000000 -3.284952 105.599271 -0.196891 -10.866234 -0.126932 
2354 5.910050 0.000000 -3.718409 102.560805 0.085677 -6.077791 -0.055567 
2355 4.984411 0.000000 2.783458 102.366717 -0.153499 38.255799 -0.194247 
2356 4.521592 0.000000 2.783458 100.108276 0.123196 23.358586 -0.056731 
2357 4.984411 0.000000 3.216916 102.514785 0.073392 21.606567 -0.097613 
2358 7.761327 0.000000 -2.418036 105.917793 -0.512362 -8.002594 -0.128288 
2359 8.224146 0.000000 -2.418036 105.726862 -0.577055 -2.901068 -0.118692 
2360 7.761327 0.000000 -1.984578 -6.099840 0.052315 0.158162 0.996276 
2361 6.835688 0.000000 1.916542 -6.009004 0.327400 0.090173 0.996378 
2362 6.835688 0.000000 1.483084 -5.964201 0.213890 0.157106 0.996436 
2363 7.298507 0.000000 1.916542 -5.940230 0.180732 0.137052 0.996466 
2364 12.852339 0.000000 -1.984578 -1.650976 0.032344 0.227049 0.999722 
2365 13.777978 0.000000 -1.984578 -1.918182 0.242238 0.239968 0.999620 
2366 12.852339 0.000000 -1.117663 -1.982581 0.038319 0.300910 0.999598 
2367 24.885641 0.000000 12.752988 101.419037 -0.063867 5.221197 -0.031309 
2368 21.183087 0.000000 12.752988 101.325166 -0.016544 5.766447 -0.030004 
2369 24.885641 0.000000 16.220650 100.798197 0.019898 5.485410 -0.019037 
2370 8.686965 0.000000 -2.418036 104.698413 -0.610360 -3.190784 -0.097231 
2371 9.149785 0.000000 -2.418036 104.230596 -0.658045 -3.814149 -0.087900 
2372 8.686965 0.000000 -1.984578 -5.924252 0.022517 0.463817 0.996469 
2373 9.612604 0.000000 -2.418036 103.966272 -0.634804 -3.089650 -0.081893 
2374 10.075423 0.000000 -2.418036 103.243875 -0.570335 -1.496138 -0.066186 
2375 9.612604 0.000000 -1.984578 -5.702437 -0.035332 0.684933 0.996701 
2376 11.001062 0.000000 -0.250747 -3.707849 0.100075 0.104268 0.998623 
2377 11.926701 0.000000 -0.250747 -2.700562 0.192027 0.048904 0.999267 
2378 12.852339 0.000000 -0.250747 -2.059608 0.070204 0.113618 0.999574 
2379 13.777978 0.000000 -0.250747 -1.600911 0.193227 0.044549 0.999740 
2380 12.852339 0.000000 0.616169 -1.996217 0.188598 -0.013870 0.999598 
2381 12.852339 0.000000 1.483084 -1.869024 0.190331 -0.172425 0.999644 
2382 13.777978 0.000000 1.483084 -1.771215 -0.031220 -0.247432 0.999680 
2383 10.538243 0.000000 -2.418036 102.678334 -0.549475 -0.560293 -0.054346 
2384 11.001062 0.000000 -2.418036 101.427543 -0.521659 0.205097 -0.028786 
2385 10.538243 0.000000 -1.984578 -4.720101 0.087146 1.471676 0.997555 
2386 14.703617 0.000000 -1.984578 -1.509984 -0.026670 0.660674 0.999728 
2387 14.703617 0.000000 -1.117663 -1.300984 0.016894 0.342711 0.999819 
2388 16.554894 0.000000 -5.452241 95.709519 -0.259303 -0.535913 0.083933 
2389 15.629255 0.000000 -5.452241 96.301333 -0.266109 1.268751 0.072437 
2390 16.554894 0.000000 -6.319156 97.485782 -0.293868 0.841565 0.049573 
2391 14.703617 0.000000 -5.452241 97.405079 -0.136037 2.515082 0.050591 
2392 13.777978 0.000000 -5.452241 98.240952 -0.192051 3.306293 0.033775 
2393 14.703617 0.000000 -6.319156 97.953587 -0.258078 3.053288 0.039571 
2394 14.703617 0.000000 -0.250747 -1.168792 0.041989 0.123323 0.999862 
2395 15.629255 0.000000 -0.250747 -0.885765 -0.254192 -0.064436 0.999915 
2396 14.703617 0.000000 0.616169 -1.135829 0.065930 -0.098596 0.999870 
2397 16.554894 0.000000 -0.250747 -0.583752 0.052627 0.002126 0.999966 
2398 17.480532 0.000000 -0.250747 -0.244683 0.119763 0.129248 0.999991 
2399 16.554894 0.000000 0.616169 -0.418424 -0.229131 0.024882 0.999977 
2400 16.554894 0.000000 1.483084 -0.253340 -0.163663 -0.227578 0.999986 
2401 15.629255 0.000000 1.483084 -0.391149 0.052419 -0.231644 0.999979 
2402 17.480532 0.000000 1.483084 -0.193130 -0.140871 -0.106663 0.999993 
2403 14.703617 0.000000 1.483084 -1.142900 0.234282 -0.423542 0.999846 
2404 20.257448 0.000000 -5.452241 103.837404 -0.107738 -2.498171 -0.078846 
2405 20.257448 0.000000 -6.319156 102.278588 -0.311341 -0.155773 -0.046103 
2406 17.943352 0.000000 -4.151867 91.960574 -0.167435 -12.167081 0.139519 
2407 17.480532 0.000000 -4.151867 90.449971 -0.292310 -8.549474 0.174562 
2408 17.943352 0.000000 -4.585325 94.742899 -0.255844 -8.765638 0.094688 
2409 18.406171 0.000000 -0.250747 -0.105021 -0.125642 0.280199 0.999989 
2410 19.331810 0.000000 -0.250747 -0.013102 0.008710 0.404577 0.999984 
2411 18.406171 0.000000 0.616169 -0.091241 0.051193 0.031783 0.999999 
2412 20.257448 0.000000 -0.250747 -0.125227 0.077572 0.283592 0.999990 
2413 21.183087 0.000000 -0.250747 -0.540324 0.202804 0.982960 0.999870 
2414 20.257448 0.000000 0.616169 0.438353 0.258046 0.743574 0.999919 
2415 20.257448 0.000000 1.483084 1.196928 0.103204 0.262997 0.999849 
2416 19.331810 0.000000 1.483084 0.692063 0.052219 -0.223816 0.999947 
2417 21.183087 0.000000 1.483084 0.855747 0.134466 1.212643 0.999778 
2418 18.406171 0.000000 1.483084 -0.109031 -0.199531 -0.287030 0.999987 
2419 22.108726 0.000000 1.483084 -0.258130 0.170099 1.681352 0.999708 
2420 22.108726 0.000000 0.616169 -0.861554 -0.009584 1.288966 0.999760 
2421 95.234177 0.000000 43.961950 99.812100 0.061547 6.148704 -0.000027 
2422 110.044395 0.000000 43.961950 99.810289 0.066808 6.143714 0.000016 
2423 95.234177 0.000000 57.832600 99.811159 0.040505 6.270658 -0.000159 
2424 73.018850 0.000000 23.155975 99.827824 0.146052 5.510501 0.000402 
2425 80.423959 0.000000 23.155975 99.830409 0.153427 5.514984 0.000345 
2426 73.018850 0.000000 30.091300 99.837383 0.095480 5.818070 -0.000136 
2427 30.439473 0.000000 7.551494 100.971977 -0.067966 2.341486 -0.020083 
2428 28.588196 0.000000 7.551494 101.438767 -0.153937 2.749220 -0.029741 
2429 30.439473 0.000000 9.285325 100.991576 -0.143287 3.360848 -0.021061 
2430 95.234177 0.000000 -39.261950 99.770961 -0.034832 6.220495 0.000706 
2431 95.234177 0.000000 -53.132600 99.771633 -0.026123 6.315528 0.000573 
2432 110.044395 0.000000 -39.261950 99.782152 -0.036853 6.223947 0.000478 
2433 58.208632 0.000000 -18.455975 99.645597 -0.102697 5.975489 0.003504 
2434 58.208632 0.000000 -25.391300 99.642278 -0.209959 6.080726 0.003440 
2435 65.613741 0.000000 -18.455975 99.643505 -0.187129 5.771284 0.003783 
2436 73.018850 0.000000 -18.455975 99.690227 -0.105652 5.735673 0.002895 
2437 73.018850 0.000000 -25.391300 99.690769 -0.081731 5.962220 0.002620 
2438 80.423959 0.000000 -18.455975 99.731329 -0.095660 5.752820 0.002056 
2439 47.100968 0.000000 -8.052988 98.798628 -0.175325 5.538802 0.020812 
2440 47.100968 0.000000 -11.520650 99.143145 -0.287792 5.828346 0.013658 
2441 50.803523 0.000000 -8.052988 99.145712 -0.372629 5.435282 0.014045 
2442 25.811280 0.000000 -0.250747 -3.640487 0.158341 0.010669 0.998672 
2443 24.885641 0.000000 -0.250747 -3.301528 0.192807 0.381450 0.998892 
2444 26.736919 0.000000 -0.250747 -3.856315 0.044948 -0.633559 0.998473 
2445 27.662557 0.000000 -0.250747 -4.176885 -0.040659 -1.074005 0.998140 
2446 28.588196 0.000000 -0.250747 -5.495434 0.042255 -1.583291 0.996729 
2447 25.348461 0.000000 2.783458 103.555766 0.136742 -3.927472 -0.073924 
2448 25.348461 0.000000 2.350000 103.657015 0.139216 -4.305326 -0.076333 
2449 25.348461 0.000000 3.216916 103.562232 0.136988 -3.930591 -0.074060 
2450 27.199738 0.000000 2.783458 103.693282 0.337861 -3.877849 -0.076745 
2451 27.199738 0.000000 2.350000 103.786688 0.342239 -3.828952 -0.078645 
2452 27.199738 0.000000 3.216916 103.801455 0.318071 -3.434123 -0.078664 
2453 29.513835 0.000000 -0.250747 -7.451279 0.024612 -1.500689 0.994223 
2454 29.976654 0.000000 2.783458 102.665469 0.241720 -4.418523 -0.055978 
2455 29.976654 0.000000 2.350000 102.835637 0.231043 -4.438279 -0.059492 
2456 29.976654 0.000000 3.216916 102.836522 0.231626 -4.390959 -0.059468 
2457 34.142028 0.000000 -6.319156 97.986635 0.001017 9.791426 0.030275 
2458 34.142028 0.000000 -8.052988 99.093970 0.130679 8.833405 0.010234 
2459 35.993305 0.000000 -6.319156 97.940586 0.008180 8.939970 0.032772 
2460 31.365112 0.000000 -3.718409 96.062539 -0.189043 15.916678 0.051861 
2461 31.365112 0.000000 -4.585325 97.365315 -0.328603 14.040573 0.032275 
2462 32.290750 0.000000 -3.718409 96.326701 -0.225422 14.839040 0.050092 
2463 29.051015 0.000000 -3.284952 92.872728 -0.224830 23.162230 0.083812 
2464 29.051015 0.000000 -3.718409 95.552087 -0.168112 22.384039 0.036873 
2465 29.513835 0.000000 -3.284952 94.171802 -0.009192 21.410201 0.067327 
2466 33.216389 0.000000 -3.718409 96.278953 -0.227260 14.058129 0.053268 
2467 33.216389 0.000000 -4.585325 97.130611 -0.202662 12.387746 0.041215 
2468 34.142028 0.000000 -3.718409 95.991445 -0.194924 12.998389 0.061665 
2469 35.067666 0.000000 -3.718409 95.933761 0.067983 11.797781 0.065752 
2470 35.067666 0.000000 -4.585325 96.653196 -0.025280 10.649765 0.054474 
2471 35.993305 0.000000 -3.718409 96.232045 0.148756 11.012605 0.061809 
2472 33.216389 0.000000 4.950747 97.726639 0.000000 -0.179044 0.044947 
2473 32.290750 0.000000 4.950747 100.162563 0.114206 -0.665916 -0.003300 
2474 33.216389 0.000000 5.817663 99.421449 0.046941 0.591782 0.011502 
2475 33.679208 0.000000 3.650373 101.635365 0.000000 -3.130407 -0.033955 
2476 33.216389 0.000000 3.650373 102.218820 0.000000 -3.059139 -0.045805 
2477 33.679208 0.000000 4.083831 99.843419 0.000000 -1.846339 0.002788 
2478 32.753570 0.000000 3.650373 103.492867 0.000000 -3.450204 -0.072268 
2479 32.290750 0.000000 3.650373 104.441177 0.000000 -3.726498 -0.092185 
2480 32.753570 0.000000 4.083831 102.375377 0.000000 -2.873579 -0.048898 
2481 33.679208 0.000000 1.916542 -3.960177 -0.112702 -2.437095 0.997836 
2482 33.216389 0.000000 1.916542 -4.892947 0.157804 -2.784342 0.996828 
2483 33.679208 0.000000 1.483084 -4.224271 -0.064874 -1.315236 0.998042 
2484 32.753570 0.000000 1.916542 -5.971224 0.039958 -2.450798 0.995834 
2485 32.290750 0.000000 1.916542 -7.063332 -0.180295 -1.887711 0.994651 
2486 32.753570 0.000000 1.483084 -5.925730 0.030273 -1.351898 0.996306 
2487 35.530486 0.000000 -0.684205 95.597486 0.264498 23.598625 0.030416 
2488 35.530486 0.000000 -1.117663 96.326655 0.279236 21.191366 0.027202 
2489 35.530486 0.000000 -0.250747 92.604767 0.211818 34.106871 0.026103 
2490 37.844582 0.000000 -6.319156 97.979944 -0.000838 8.036650 0.033534 
2491 37.844582 0.000000 -8.052988 98.661918 0.043777 7.700940 0.020652 
2492 39.695859 0.000000 -6.319156 97.985966 0.087750 7.441973 0.034336 
2493 36.918944 0.000000 -3.718409 96.289067 0.090175 10.236024 0.062363 
2494 36.918944 0.000000 -4.585325 96.834333 -0.002295 9.411706 0.053453 
2495 37.844582 0.000000 -3.718409 96.323057 -0.011174 9.433278 0.063288 
2496 38.770221 0.000000 -1.984578 94.720644 -0.015402 10.881887 0.090958 
2497 38.770221 0.000000 -2.851494 95.688391 0.000498 9.544920 0.075263 
2498 39.695859 0.000000 -1.984578 94.905466 -0.239701 9.877476 0.089533 
2499 34.836257 0.000000 3.000187 105.363835 -0.000000 -4.031656 -0.111779 
2500 35.067666 0.000000 3.000187 104.636243 -0.044062 1.299369 -0.095043 
2501 34.836257 0.000000 3.216916 103.604841 -0.000000 -4.019919 -0.075012 
2502 37.381763 0.000000 2.783458 116.678984 -0.191147 -23.897392 -0.418511 
2503 37.381763 0.000000 2.350000 111.726924 -0.305411 -31.923295 -0.350210 
2504 37.381763 0.000000 3.216916 101.974982 -0.000000 -3.252987 -0.040948 
2505 37.381763 0.000000 3.650373 99.671264 -0.000000 -1.609735 0.006305 
2506 36.918944 0.000000 3.650373 100.415038 -0.000000 -1.105174 -0.008440 
2507 37.381763 0.000000 4.083831 98.189641 -0.000000 -0.736269 0.035825 
2508 36.456124 0.000000 3.650373 100.594643 -0.000000 -0.347760 -0.011940 
2509 36.456124 0.000000 4.083831 98.543420 -0.000000 -0.300622 0.028910 
2510 35.299076 0.000000 3.000187 104.629993 -0.065212 3.116152 -0.095715 
2511 35.299076 0.000000 3.216916 103.538219 -0.038840 1.779285 -0.072333 
2512 30.439473 0.000000 11.019156 101.195708 -0.110945 3.769479 -0.025479 
2513 28.588196 0.000000 11.019156 101.469326 -0.096126 4.141228 -0.031318 
2514 30.439473 0.000000 12.752988 101.017604 -0.215246 4.275297 -0.022288 
2515 35.067666 0.000000 6.684578 97.584317 0.000000 2.571700 0.047069 
2516 34.142028 0.000000 6.684578 99.265078 0.071800 1.455902 0.014432 
2517 36.456124 0.000000 1.916542 101.452237 -0.000000 48.686925 -0.266297 
2518 36.456124 0.000000 1.483084 -4.256370 -0.037372 1.565827 0.997943 
2519 36.918944 0.000000 1.916542 374.954494 0.000000 -126.819609 -14.667409 
2520 54.506077 0.000000 -8.052988 99.370093 -0.273252 5.404941 0.009630 
2521 54.506077 0.000000 -11.520650 99.441207 -0.171630 5.599864 0.008006 
2522 58.208632 0.000000 -8.052988 99.529971 -0.147060 5.401398 0.006459 
2523 61.911186 0.000000 -8.052988 99.608273 -0.131042 5.334794 0.004971 
2524 61.911186 0.000000 -11.520650 99.621941 -0.082226 5.550160 0.004466 
2525 65.613741 0.000000 -8.052988 99.662531 -0.098487 5.234328 0.003997 
2526 45.249691 0.000000 -2.851494 97.699287 -0.045804 5.374261 0.042596 
2527 45.249691 0.000000 -4.585325 98.087855 0.022372 5.345718 0.035020 
2528 47.100968 0.000000 -2.851494 98.218594 -0.036029 4.924971 0.032885 
2529 48.952246 0.000000 -2.851494 98.624009 -0.221366 4.899307 0.024925 
2530 48.952246 0.000000 -4.585325 98.736103 -0.238715 5.092147 0.022519 
2531 50.803523 0.000000 -2.851494 98.895659 -0.290072 4.782439 0.019669 
2532 42.472775 0.000000 -0.250747 93.887191 -0.168285 7.833123 0.112381 
2533 42.472775 0.000000 -1.117663 95.209836 -0.084020 7.387725 0.088050 
2534 43.398414 0.000000 -0.250747 95.098198 -0.069077 6.343319 0.091609 
2535 39.233040 0.000000 1.049627 84.156050 0.047706 40.859310 0.124827 
2536 38.770221 0.000000 1.049627 -3.168620 -0.293192 0.444249 0.998968 
2537 39.233040 0.000000 0.616169 85.370840 0.057239 37.944020 0.127207 
2538 38.307401 0.000000 1.916542 -3.912268 -0.140132 -1.668523 0.998189 
2539 37.844582 0.000000 1.916542 -5.083086 -0.130939 -1.283015 0.997250 
2540 38.307401 0.000000 1.483084 -4.052058 -0.194453 -0.294137 0.998346 
2541 39.464450 0.000000 3.000187 98.901102 0.000000 -3.538231 0.020605 
2542 39.233040 0.000000 3.000187 99.996640 0.000000 -3.974791 -0.001513 
2543 39.695859 0.000000 3.000187 98.449153 0.000000 -3.220900 0.029739 
2544 40.158679 0.000000 1.916542 -3.727378 -0.210904 1.097771 0.998486 
2545 39.927269 0.000000 3.000187 97.926229 0.000000 -2.953264 0.040173 
2546 39.927269 0.000000 2.783458 96.971968 0.516610 -4.740715 0.057370 
2547 40.158679 0.000000 3.000187 96.951445 -0.278198 -2.354594 0.059480 
2548 40.621498 0.000000 -1.984578 95.151144 -0.223730 8.705105 0.087043 
2549 40.621498 0.000000 -2.851494 96.117162 0.015042 7.861511 0.069969 
2550 41.547137 0.000000 -1.984578 95.415130 -0.269563 7.784682 0.083528 
2551 42.009956 0.000000 1.049627 83.737535 0.042619 14.414009 0.278026 
2552 42.009956 0.000000 0.616169 89.230983 0.017708 11.608611 0.190307 
2553 42.472775 0.000000 1.049627 88.003686 0.038306 8.435949 0.218418 
2554 44.324053 0.000000 4.950747 97.426127 0.281350 2.674180 0.050092 
2555 44.324053 0.000000 4.083831 96.838623 0.062830 2.675480 0.061512 
2556 45.249691 0.000000 4.950747 97.831457 -0.122253 3.041409 0.041974 
2557 42.009956 0.000000 3.650373 95.357189 0.305938 -0.605348 0.090655 
2558 42.472775 0.000000 3.650373 95.226119 0.407005 0.295656 0.093173 
2559 42.009956 0.000000 4.083831 96.268161 -0.423893 0.262639 0.073219 
2560 23.960003 0.000000 -1.984578 -3.402177 0.150047 0.196717 0.998836 
2561 23.034364 0.000000 -1.984578 -2.697283 0.096977 0.585345 0.999237 
2562 23.960003 0.000000 -1.117663 -3.079928 0.181532 0.451952 0.999028 
2563 22.108726 0.000000 -1.984578 -1.996843 -0.211495 0.657914 0.999554 
2564 22.108726 0.000000 -1.117663 -1.657656 -0.332187 0.796639 0.999651 
2565 19.794629 0.000000 -4.151867 110.121335 -0.256338 -7.621132 -0.218486 
2566 19.794629 0.000000 -4.585325 105.265078 -0.206192 -6.504051 -0.112308 
2567 20.257448 0.000000 -4.151867 108.691856 -0.191182 -7.848740 -0.187556 
2568 20.720268 0.000000 -4.151867 109.105830 -0.185645 -9.406021 -0.199259 
2569 20.720268 0.000000 -4.585325 106.518332 0.122621 -4.558239 -0.136695 
2570 20.720268 0.000000 -3.718409 108.939508 -0.188957 -9.292594 -0.195420 
2571 20.720268 0.000000 -3.284952 109.085875 -0.185749 -9.402995 -0.198818 
2572 21.183087 0.000000 -3.284952 110.665858 -0.164765 -7.891470 -0.230923 
2573 20.720268 0.000000 -2.851494 -1.549018 -0.052611 0.333667 0.999749 
2574 21.645906 0.000000 -3.284952 111.898939 -0.115418 -3.757259 -0.253550 
2575 22.108726 0.000000 -3.284952 112.271950 -0.008857 0.246044 -0.260505 
2576 21.645906 0.000000 -2.851494 -2.093699 -0.084539 0.231859 0.999556 
2577 23.497183 0.000000 -4.151867 113.565291 0.246128 2.719777 -0.290453 
2578 23.497183 0.000000 -4.585325 110.609771 0.258791 3.795054 -0.224899 
2579 23.497183 0.000000 -3.718409 113.453951 0.243170 2.769999 -0.287953 
2580 24.422822 0.000000 -3.284952 117.760777 0.324868 3.422493 -0.387942 
2581 23.960003 0.000000 -3.284952 114.590115 0.276362 2.457590 -0.313701 
2582 24.422822 0.000000 -2.851494 -4.422409 0.179107 -0.020253 0.998041 
2583 23.497183 0.000000 -3.284952 113.514257 0.244069 2.708289 -0.289288 
2584 23.034364 0.000000 -3.284952 112.571410 0.176862 2.590844 -0.267907 
2585 23.497183 0.000000 -2.851494 -3.290516 0.135484 0.148034 0.998913 
2586 25.811280 0.000000 -5.452241 107.513365 0.361357 12.449541 -0.171425 
2587 25.811280 0.000000 -6.319156 104.992889 0.110564 10.256387 -0.112871 
2588 26.736919 0.000000 -5.452241 105.773377 0.250763 14.344769 -0.139384 
2589 25.348461 0.000000 -4.151867 116.991855 0.236561 23.773422 -0.425233 
2590 25.348461 0.000000 -4.585325 112.697866 0.499703 14.110397 -0.290016 
2591 25.811280 0.000000 -4.151867 114.638735 0.232981 28.849027 -0.397436 
2592 26.274099 0.000000 -4.151867 108.999291 0.349355 19.117053 -0.224643 
2593 26.274099 0.000000 -4.585325 108.512262 0.529791 16.940752 -0.206218 
2594 26.736919 0.000000 -4.151867 108.793469 0.322093 18.909977 -0.219371 
2595 27.662557 0.000000 -5.452241 103.322966 0.068478 15.350777 -0.091129 
2596 27.662557 0.000000 -6.319156 102.621125 -0.063327 12.569202 -0.068908 
2597 28.588196 0.000000 -5.452241 101.024248 -0.063361 15.377879 -0.044238 
2598 27.199738 0.000000 -4.151867 108.877540 0.192106 21.099899 -0.229956 
2599 27.199738 0.000000 -4.585325 106.808151 0.126897 18.950998 -0.176714 
2600 27.662557 0.000000 -4.151867 106.305476 0.086191 23.802457 -0.186742 
2601 28.125377 0.000000 -4.151867 102.272561 -0.183246 24.207507 -0.104571 
2602 28.125377 0.000000 -4.585325 102.567857 -0.182677 20.459303 -0.093878 
2603 28.588196 0.000000 -4.151867 99.179589 -0.183792 22.415337 -0.033907 
2604 27.199738 0.000000 -2.418036 -5.391770 0.004741 -1.198775 0.996949 
2605 26.736919 0.000000 -2.418036 -5.545261 0.044745 -0.968297 0.996831 
2606 27.199738 0.000000 -1.984578 -4.976587 -0.069282 -1.095570 0.997403 
2607 39.464450 0.000000 4.734018 97.287855 -0.000000 -0.191511 0.053504 
2608 39.233040 0.000000 4.734018 97.304090 -0.000000 -0.302927 0.053182 
2609 39.464450 0.000000 4.950747 97.248111 -0.000000 -0.085688 0.054280 
2610 39.001630 0.000000 4.734018 97.313982 -0.000000 -0.354127 0.052986 
2611 38.770221 0.000000 4.734018 97.397118 -0.000000 -0.362064 0.051367 
2612 39.001630 0.000000 4.950747 97.218036 -0.000000 -0.099128 0.054864 
2613 37.381763 0.000000 4.517289 97.859774 -0.000000 -0.239425 0.042341 
2614 36.918944 0.000000 4.517289 97.956445 -0.000000 -0.114713 0.040452 
2615 37.381763 0.000000 4.950747 97.618430 -0.000000 0.258744 0.047058 
2616 37.381763 0.000000 5.384205 97.346655 -0.000000 0.692479 0.052315 
2617 36.918944 0.000000 5.384205 97.450086 -0.000000 0.736104 0.050294 
2618 37.381763 0.000000 5.817663 97.280005 -0.000000 1.023795 0.053555 
2619 38.538811 0.000000 4.734018 97.442366 0.000000 -0.241276 0.050493 
2620 38.307401 0.000000 4.734018 97.482704 0.000000 -0.226791 0.049707 
2621 38.538811 0.000000 4.950747 97.335737 0.000000 -0.018217 0.052575 
2622 39.001630 0.000000 3.867102 97.963163 -0.000000 -1.911900 0.039956 
2623 38.770221 0.000000 3.867102 98.091852 -0.000000 -1.931911 0.037426 
2624 39.001630 0.000000 3.650373 98.122635 -0.000000 -2.132007 0.036740 
2625 38.538811 0.000000 3.867102 98.138710 -0.000000 -1.703923 0.036589 
2626 38.307401 0.000000 3.867102 98.330391 -0.000000 -1.668425 0.032835 
2627 38.538811 0.000000 3.650373 98.693539 -0.000000 -2.266812 0.025445 
2628 39.233040 0.000000 6.251120 97.160120 0.000000 0.849446 0.055919 
2629 38.770221 0.000000 6.251120 97.094414 -0.000000 0.914338 0.057184 
2630 39.233040 0.000000 6.684578 97.000825 0.000000 0.995481 0.058985 
2631 39.233040 0.000000 7.118036 96.873247 -0.000000 1.033546 0.061451 
2632 38.770221 0.000000 7.118036 96.866298 -0.000000 1.153275 0.061559 
2633 39.233040 0.000000 7.551494 97.033463 -0.000000 1.016532 0.058347 
2634 39.464450 0.000000 5.167476 97.114378 -0.000000 0.097158 0.056879 
2635 39.233040 0.000000 5.167476 97.133162 -0.000000 0.065276 0.056514 
2636 39.464450 0.000000 5.384205 97.022369 -0.000000 0.339203 0.058654 
2637 39.464450 0.000000 5.600934 97.020092 -0.000000 0.396864 0.058694 
2638 39.233040 0.000000 5.600934 97.061232 -0.000000 0.455066 0.057891 
2639 39.464450 0.000000 5.817663 97.090542 -0.000000 0.614715 0.057305 
2640 46.175330 0.000000 6.684578 98.615398 -0.734524 2.858396 0.026629 
2641 46.175330 0.000000 5.817663 98.380847 -0.911121 3.016992 0.031128 
2642 47.100968 0.000000 6.684578 98.761696 -0.776379 3.090321 0.023597 
2643 42.009956 0.000000 6.251120 97.450776 -0.929727 1.439812 0.050041 
2644 42.009956 0.000000 5.817663 97.266395 -0.294451 1.392843 0.053722 
2645 42.472775 0.000000 6.251120 97.724169 -1.022526 1.572693 0.044647 
2646 40.390088 0.000000 6.901307 97.189948 0.000000 1.040357 0.055303 
2647 40.158679 0.000000 6.901307 97.047989 -0.000000 1.009726 0.058067 
2648 40.390088 0.000000 7.118036 97.417462 -0.000000 1.024746 0.050879 
2649 40.390088 0.000000 7.334765 97.482057 -0.000000 0.998546 0.049625 
2650 40.158679 0.000000 7.334765 97.196160 -0.000000 0.961399 0.055198 
2651 40.390088 0.000000 7.551494 97.566452 -0.000000 0.968520 0.047985 
2652 40.158679 0.000000 9.718783 100.474552 0.236879 1.844518 -0.009859 
2653 39.695859 0.000000 9.718783 100.711640 0.219558 1.919894 -0.014657 
2654 40.158679 0.000000 10.152241 100.333563 0.370727 2.287171 -0.007219 
2655 41.315727 0.000000 9.068596 99.648998 0.834650 1.407153 0.006740 
2656 41.547137 0.000000 9.068596 99.403248 1.299804 1.571163 0.011484 
2657 41.315727 0.000000 9.285325 99.646350 0.740095 1.648560 0.006734 
2658 42.009956 0.000000 9.718783 99.520560 0.878527 2.188309 0.009010 
2659 42.472775 0.000000 9.718783 99.433396 0.931383 2.351587 0.010660 
2660 42.009956 0.000000 10.152241 99.636302 0.669653 2.450227 0.006616 
2661 41.778546 0.000000 9.068596 99.286156 1.678994 1.706061 0.013653 
2662 42.009956 0.000000 9.068596 99.204218 1.903719 1.839773 0.015151 
2663 41.778546 0.000000 9.285325 99.404132 1.217295 1.841738 0.011394 
2664 41.200022 0.000000 8.743503 99.204468 0.067477 0.157379 0.015844 
2665 41.315727 0.000000 8.743503 99.190133 0.071594 0.155943 0.016129 
2666 41.200022 0.000000 8.851867 99.437570 0.090894 0.000000 0.011216 
2667 41.778546 0.000000 8.201681 98.548562 0.000000 0.648093 0.028776 
2668 42.009956 0.000000 8.201681 98.536415 0.000000 0.731023 0.029004 
2669 41.431432 0.000000 8.093316 98.632712 0.035172 0.519864 0.027132 
2670 41.547137 0.000000 8.093316 98.600036 0.029512 0.540432 0.027774 
2671 41.431432 0.000000 8.201681 98.732992 0.030474 0.512514 0.025153 
2672 41.431432 0.000000 8.310045 98.970044 0.051037 0.320586 0.020483 
2673 41.315727 0.000000 8.310045 98.925491 0.044061 0.343816 0.021363 
2674 41.547137 0.000000 8.310045 98.941592 0.065068 0.300459 0.021047 
2675 41.200022 0.000000 8.310045 99.001783 0.034515 0.303641 0.019855 
2676 38.307401 0.000000 7.984952 97.182889 -0.000000 1.001193 0.055448 
2677 38.307401 0.000000 7.551494 96.897970 -0.000000 1.267579 0.060918 
2678 38.770221 0.000000 7.984952 97.332817 -0.000000 0.890474 0.052553 
2679 39.233040 0.000000 7.984952 97.477241 -0.000000 0.848980 0.049747 
2680 40.390088 0.000000 9.068596 100.375498 0.102011 1.240826 -0.007679 
2681 40.158679 0.000000 9.068596 100.515970 0.083199 1.270251 -0.010508 
2682 40.390088 0.000000 9.285325 100.375765 0.250540 1.423896 -0.007738 
2683 40.737203 0.000000 8.743503 99.452861 -0.032687 0.163930 0.010910 
2684 40.621498 0.000000 8.743503 99.482740 -0.051494 0.166936 0.010315 
2685 40.737203 0.000000 8.851867 99.943780 -0.067619 0.000000 0.001124 
2686 40.390088 0.000000 7.768223 97.799507 -0.000000 0.830978 0.043457 
2687 40.158679 0.000000 7.768223 97.678606 -0.000000 0.854894 0.045816 
2688 40.390088 0.000000 7.984952 97.838277 -0.000000 0.782344 0.042706 
2689 40.390088 0.000000 8.201681 98.305242 -0.009415 0.592726 0.033573 
2690 40.158679 0.000000 8.201681 98.620486 -0.020017 0.497047 0.027375 
2691 40.968613 0.000000 8.093316 98.546950 -0.003625 0.575177 0.028817 
2692 40.852908 0.000000 8.093316 98.367542 -0.005610 0.655242 0.032340 
2693 40.968613 0.000000 7.984952 98.194038 0.000000 0.751038 0.035737 
2694 40.737203 0.000000 8.310045 98.982806 -0.025172 0.342704 0.020229 
2695 40.621498 0.000000 8.310045 98.925662 -0.032920 0.361549 0.021358 
2696 40.737203 0.000000 8.201681 98.317079 -0.003243 0.597486 0.033339 
2697 40.910760 0.000000 8.580956 99.224017 0.001777 0.241547 0.015454 
2698 40.852908 0.000000 8.580956 99.140366 -0.012845 0.270915 0.017111 
2699 40.910760 0.000000 8.635138 99.419747 -0.007454 0.162960 0.011569 
2700 35.067666 0.000000 10.152241 100.804929 0.046842 3.486001 -0.017379 
2701 34.142028 0.000000 10.152241 100.871929 -0.038853 3.291222 -0.018598 
2702 35.067666 0.000000 11.019156 100.610811 -0.033593 3.747421 -0.013658 
2703 37.613173 0.000000 8.201681 97.867060 0.043092 0.799586 0.042140 
2704 37.613173 0.000000 7.984952 96.854020 -0.000000 1.444201 0.061721 
2705 37.844582 0.000000 8.201681 98.667980 0.050400 0.682759 0.026416 
2706 39.233040 0.000000 9.718783 100.925496 0.234158 2.043879 -0.019019 
2707 38.770221 0.000000 9.718783 101.206951 0.210023 2.236275 -0.024789 
2708 39.233040 0.000000 10.152241 100.851345 0.254739 2.382591 -0.017674 
2709 48.026607 0.000000 4.950747 98.621325 -0.391613 3.554321 0.026105 
2710 47.100968 0.000000 4.950747 98.406531 -0.216482 3.257990 0.030549 
2711 48.026607 0.000000 5.817663 98.732474 -1.163198 3.613755 0.023749 
2712 52.654800 0.000000 -2.851494 99.115123 -0.337702 4.803823 0.015300 
2713 52.654800 0.000000 -4.585325 99.154221 -0.342694 4.976005 0.014356 
2714 54.506077 0.000000 -2.851494 99.278767 -0.300364 4.854349 0.012007 
2715 56.357355 0.000000 -2.851494 99.392743 -0.303301 4.822535 0.009773 
2716 56.357355 0.000000 -4.585325 99.400843 -0.250842 4.954665 0.009486 
2717 58.208632 0.000000 -2.851494 99.494003 -0.178747 4.860413 0.007729 
2718 48.026607 0.000000 1.483084 98.254591 -0.002021 4.164046 0.032870 
2719 47.100968 0.000000 1.483084 97.910792 -0.053616 4.007444 0.039741 
2720 48.026607 0.000000 0.616169 98.234394 -0.029047 4.442094 0.033027 
2721 53.580439 0.000000 1.483084 99.183747 -0.259365 4.475923 0.014248 
2722 53.580439 0.000000 0.616169 99.167421 -0.291747 4.677955 0.014385 
2723 54.506077 0.000000 1.483084 99.273013 -0.249559 4.565874 0.012396 
2724 48.026607 0.000000 6.684578 98.869860 -0.988007 3.389019 0.021229 
2725 48.952246 0.000000 6.684578 98.967522 -0.943785 3.538707 0.019202 
2726 49.877884 0.000000 6.684578 99.071312 -1.001929 3.647927 0.017056 
2727 50.803523 0.000000 6.684578 99.153309 -1.089952 3.734413 0.015349 
2728 40.390088 0.000000 3.433645 96.960024 -0.705432 -1.867212 0.059477 
2729 40.390088 0.000000 3.216916 97.050649 -1.408950 -2.356999 0.057363 
2730 40.621498 0.000000 3.433645 96.782512 -0.575233 -1.916899 0.062914 
2731 40.042974 0.000000 3.975467 96.894267 0.000000 -1.167588 0.061014 
2732 40.158679 0.000000 3.975467 96.854193 0.000000 -1.030698 0.061820 
2733 39.580155 0.000000 3.975467 97.170080 0.000000 -1.399820 0.055602 
2734 39.464450 0.000000 3.975467 97.370182 0.000000 -1.584969 0.051654 
2735 39.580155 0.000000 4.083831 97.077883 0.000000 -1.205718 0.057443 
2736 40.042974 0.000000 3.542009 97.204767 0.000000 -1.795912 0.054801 
2737 40.042974 0.000000 3.433645 97.468855 0.000000 -2.338306 0.049435 
2738 40.158679 0.000000 3.542009 97.261355 0.000000 -1.927032 0.053652 
2739 39.580155 0.000000 3.542009 97.669036 0.000000 -2.234855 0.045576 
2740 39.464450 0.000000 3.542009 97.815698 0.000000 -2.234318 0.042710 
2741 39.580155 0.000000 3.433645 97.825591 0.000000 -2.528370 0.042376 
2742 39.782638 0.000000 3.731647 97.197315 0.000000 -1.683832 0.054985 
2743 39.753712 0.000000 3.731647 97.203552 0.000000 -1.689921 0.054861 
2744 39.782638 0.000000 3.704556 97.189486 0.000000 -1.702300 0.055131 
2745 56.357355 0.000000 11.019156 99.593207 0.747519 4.235547 0.006269 
2746 58.208632 0.000000 11.019156 99.634844 0.766393 4.251940 0.005423 
2747 56.357355 0.000000 12.752988 99.620762 0.471695 4.516163 0.005509 
2748 51.729162 0.000000 6.684578 99.225749 -1.061018 3.830725 0.013845 
2749 52.654800 0.000000 6.684578 99.283511 -1.113092 3.924773 0.012614 
2750 53.580439 0.000000 6.684578 99.356711 -1.189615 4.041237 0.011050 
2751 54.506077 0.000000 6.684578 99.391210 -1.200677 4.187491 0.010241 
2752 50.224999 0.000000 3.108551 98.840226 -0.380057 3.947103 0.021489 
2753 50.109294 0.000000 3.108551 98.822714 -0.366175 3.931156 0.021848 
2754 50.224999 0.000000 3.000187 98.859757 -1.216936 3.136555 0.021543 
2755 55.431716 0.000000 4.950747 99.395661 -1.033897 4.313371 0.010083 
2756 55.431716 0.000000 5.817663 99.430810 -0.644344 4.220641 0.009528 
2757 60.059909 0.000000 -2.851494 99.556311 -0.171252 4.857701 0.006491 
2758 60.059909 0.000000 -4.585325 99.557806 -0.164090 5.019673 0.006302 
2759 61.911186 0.000000 -2.851494 99.603548 -0.174175 4.834402 0.005573 
2760 55.431716 0.000000 1.483084 99.328765 -0.282764 4.617021 0.011240 
2761 55.431716 0.000000 0.616169 99.313984 -0.308056 4.816090 0.011344 
2762 56.357355 0.000000 1.483084 99.394349 -0.272343 4.601953 0.009951 
2763 42.009956 0.000000 4.517289 96.471442 -0.394259 0.752456 0.069254 
2764 42.472775 0.000000 4.517289 96.473025 -0.327638 1.121748 0.069159 
2765 42.009956 0.000000 4.950747 96.817983 1.062729 1.592303 0.062261 
2766 42.009956 0.000000 5.384205 96.992435 -0.132975 1.399468 0.059049 
2767 42.472775 0.000000 5.384205 97.075317 -0.062963 1.436760 0.057431 
2768 40.852908 0.000000 4.734018 96.804714 -0.374582 0.389468 0.062856 
2769 40.852908 0.000000 4.517289 96.715377 -0.726248 0.148142 0.064559 
2770 41.084317 0.000000 4.734018 96.768807 -0.316841 0.449417 0.063550 
2771 40.274384 0.000000 4.192196 97.047540 0.000000 -0.635495 0.058137 
2772 40.274384 0.000000 4.083831 96.939405 0.000000 -0.793187 0.060212 
2773 40.390088 0.000000 4.192196 97.066651 0.000000 -0.607393 0.057770 
2774 39.811564 0.000000 4.625654 97.291890 0.000000 -0.382748 0.053414 
2775 39.695859 0.000000 4.625654 97.295399 0.000000 -0.465667 0.053339 
2776 39.811564 0.000000 4.734018 97.287854 0.000000 -0.192270 0.053504 
2777 39.811564 0.000000 4.842382 97.234317 0.000000 -0.093117 0.054548 
2778 39.695859 0.000000 4.842382 97.261061 -0.000000 -0.122464 0.054027 
2779 39.811564 0.000000 4.950747 97.181605 -0.000000 -0.052129 0.055573 
2780 39.580155 0.000000 4.192196 97.148642 0.000000 -0.927691 0.056128 
2781 39.464450 0.000000 4.192196 97.188820 -0.000000 -0.932459 0.055346 
2782 39.580155 0.000000 4.300560 97.195746 -0.000000 -0.827601 0.055230 
2783 39.580155 0.000000 4.408925 97.218906 -0.000000 -0.743695 0.054793 
2784 39.464450 0.000000 4.408925 97.248556 -0.000000 -0.784004 0.054210 
2785 39.580155 0.000000 4.517289 97.259638 0.000000 -0.649868 0.054014 
2786 40.100826 0.000000 4.246378 97.067368 0.000000 -0.685388 0.057746 
2787 40.100826 0.000000 4.192196 97.038905 0.000000 -0.725546 0.058292 
2788 40.158679 0.000000 4.246378 97.081614 0.000000 -0.663761 0.057472 
2789 40.274384 0.000000 4.625654 97.294774 0.000000 -0.146001 0.053371 
2790 40.390088 0.000000 4.625654 97.275470 0.000000 -0.118279 0.053747 
2791 40.505793 0.000000 4.842382 97.113412 0.000000 0.147008 0.056896 
2792 40.505793 0.000000 4.734018 97.166200 0.000000 0.070621 0.055872 
2793 40.621498 0.000000 4.842382 97.071759 0.000000 0.214854 0.057703 
2794 40.071900 0.000000 4.327651 97.105757 0.000000 -0.593868 0.057012 
2795 40.071900 0.000000 4.300560 97.097444 0.000000 -0.610276 0.057171 
2796 40.100826 0.000000 4.327651 97.142634 0.000000 -0.595455 0.056295 
2797 55.431716 0.000000 6.684578 99.449167 -1.213859 4.253929 0.009029 
2798 56.357355 0.000000 6.684578 99.500003 -1.119258 4.386913 0.007925 
2799 55.431716 0.000000 7.551494 99.481464 -1.261682 4.114978 0.008491 
2800 57.282993 0.000000 6.684578 99.512031 -0.930005 4.529693 0.007597 
2801 58.208632 0.000000 6.684578 99.554229 -0.790461 4.535275 0.006776 
2802 57.282993 0.000000 7.551494 99.553709 -1.165580 4.188552 0.007016 
2803 55.431716 0.000000 8.418409 99.502012 -2.586607 4.292812 0.007423 
2804 56.357355 0.000000 8.418409 99.526281 -2.347452 4.347009 0.007011 
2805 55.431716 0.000000 9.285325 99.553887 3.204788 3.988284 0.006285 
2806 60.059909 0.000000 11.019156 99.672921 0.816567 4.245503 0.004662 
2807 61.911186 0.000000 11.019156 99.707048 0.856163 4.233027 0.003985 
2808 60.059909 0.000000 12.752988 99.696903 0.545193 4.492749 0.004005 
2809 59.134271 0.000000 6.684578 99.586027 -0.723224 4.468242 0.006213 
2810 60.059909 0.000000 6.684578 99.615236 -0.710997 4.404383 0.005690 
2811 59.134271 0.000000 7.551494 99.607442 -1.150195 4.237485 0.005908 
2812 58.671451 0.000000 3.650373 99.539151 -0.361863 4.406056 0.007241 
2813 58.671451 0.000000 3.216916 99.564049 0.922059 3.619973 0.007305 
2814 59.134271 0.000000 3.650373 99.538687 1.796527 4.680844 0.006691 
2815 40.505793 0.000000 5.275840 97.033966 0.000000 0.541133 0.058412 
2816 40.390088 0.000000 5.275840 96.990758 0.000000 0.466377 0.059258 
2817 40.621498 0.000000 5.275840 97.040756 0.000000 0.555417 0.058278 
2818 40.274384 0.000000 5.275840 96.984572 0.000000 0.441555 0.059380 
2819 40.158679 0.000000 5.275840 97.004808 0.000000 0.383414 0.058992 
2820 39.811564 0.000000 5.059111 97.159653 0.000000 0.036843 0.056000 
2821 39.695859 0.000000 5.059111 97.189047 -0.000000 0.001241 0.055429 
2822 39.811564 0.000000 5.167476 97.106918 0.000000 0.130645 0.057023 
2823 40.042974 0.000000 5.275840 97.020612 0.000000 0.340495 0.058688 
2824 39.927269 0.000000 5.275840 97.068787 0.000000 0.316062 0.057755 
2825 40.042974 0.000000 5.384205 97.062028 0.000000 0.458223 0.057875 
2826 39.811564 0.000000 5.275840 97.060413 -0.000000 0.311624 0.057918 
2827 39.695859 0.000000 5.275840 97.065937 -0.000000 0.297962 0.057812 
2828 39.811564 0.000000 5.384205 97.070749 -0.000000 0.403299 0.057711 
2829 40.332236 0.000000 4.896565 97.135156 0.000000 0.105143 0.056475 
2830 40.332236 0.000000 4.842382 97.165677 0.000000 0.053792 0.055883 
2831 40.390088 0.000000 4.896565 97.137598 0.000000 0.097958 0.056428 
2832 39.927269 0.000000 6.034391 97.094063 -0.000000 0.786627 0.057212 
2833 39.695859 0.000000 6.034391 97.105719 -0.000000 0.729235 0.056995 
2834 39.927269 0.000000 6.251120 97.045272 -0.000000 0.835523 0.058152 
2835 39.927269 0.000000 6.467849 96.953793 -0.000000 0.943127 0.059907 
2836 39.695859 0.000000 6.467849 97.060135 -0.000000 0.905199 0.057851 
2837 39.927269 0.000000 6.684578 96.948916 -0.000000 0.955250 0.060000 
2838 40.274384 0.000000 5.709298 97.157225 0.000000 0.704193 0.055998 
2839 40.158679 0.000000 5.709298 97.135077 0.000000 0.621985 0.056439 
2840 40.274384 0.000000 5.817663 97.176595 0.000000 0.754617 0.055614 
2841 41.315727 0.000000 6.467849 96.975818 0.000000 1.072522 0.059454 
2842 41.315727 0.000000 6.251120 96.975818 0.000000 1.072522 0.059454 
2843 41.547137 0.000000 6.467849 97.461026 -0.731405 1.390106 0.049888 
2844 40.737203 0.000000 5.709298 97.197989 0.000000 0.823388 0.055187 
2845 40.737203 0.000000 5.600934 97.148742 0.000000 0.741802 0.056157 
2846 40.852908 0.000000 5.709298 97.240066 0.000000 0.888001 0.054358 
2847 40.042974 0.000000 5.492569 97.091185 0.000000 0.500910 0.057305 
2848 39.927269 0.000000 5.492569 97.095564 -0.000000 0.484232 0.057222 
2849 40.042974 0.000000 5.600934 97.105890 -0.000000 0.525872 0.057017 
2850 40.042974 0.000000 5.709298 97.136112 0.000000 0.591902 0.056423 
2851 39.927269 0.000000 5.709298 97.117669 -0.000000 0.545929 0.056786 
2852 40.042974 0.000000 5.817663 97.189380 -0.000000 0.687525 0.055375 
2853 40.274384 0.000000 5.926027 97.136228 0.000000 0.824537 0.056387 
2854 40.158679 0.000000 5.926027 97.137038 0.000000 0.811515 0.056374 
2855 40.274384 0.000000 6.034391 97.074673 0.000000 0.850295 0.057578 
2856 40.274384 0.000000 6.142756 97.015476 -0.000000 0.844838 0.058728 
2857 40.158679 0.000000 6.142756 97.056539 -0.000000 0.858829 0.057929 
2858 40.274384 0.000000 6.251120 97.010614 0.000000 0.899945 0.058813 
2859 40.505793 0.000000 6.359485 96.947176 0.000000 0.984289 0.060028 
2860 40.390088 0.000000 6.359485 96.961799 0.000000 0.959122 0.059749 
2861 40.505793 0.000000 6.467849 96.934783 0.000000 1.005746 0.060264 
2862 40.563646 0.000000 6.196938 97.062680 0.000000 0.963208 0.057791 
2863 40.505793 0.000000 6.196938 97.046377 0.000000 0.941854 0.058111 
2864 40.563646 0.000000 6.251120 97.012441 0.000000 0.967874 0.058765 
2865 41.778546 0.000000 7.334765 98.146889 -0.891099 1.212804 0.036492 
2866 41.778546 0.000000 7.118036 97.986422 -0.714271 1.268335 0.039654 
2867 42.009956 0.000000 7.334765 98.189317 -1.029371 1.343119 0.035599 
2868 40.968613 0.000000 7.876587 98.178082 -0.000000 0.765165 0.036048 
2869 40.852908 0.000000 7.876587 98.117283 -0.000000 0.788955 0.037238 
2870 40.968613 0.000000 7.768223 98.095373 0.000000 0.823255 0.037662 
2871 41.200022 0.000000 7.659858 97.987377 0.000000 0.919124 0.039763 
2872 41.084317 0.000000 7.659858 97.948098 0.000000 0.914053 0.040533 
2873 41.315727 0.000000 7.659858 98.078270 0.000000 0.865162 0.037990 
2874 41.431432 0.000000 7.659858 98.130038 0.000000 0.844816 0.036978 
2875 41.431432 0.000000 7.551494 97.885067 0.000000 0.966563 0.041758 
2876 41.547137 0.000000 7.659858 98.114718 0.000000 0.868688 0.037275 
2877 41.142170 0.000000 7.388947 97.846713 0.000000 1.010828 0.042500 
2878 41.200022 0.000000 7.388947 97.846188 0.000000 1.011843 0.042510 
2879 41.142170 0.000000 7.443129 97.854082 0.000000 1.001816 0.042357 
2880 45.712510 0.000000 7.984952 98.887120 -1.992121 3.042496 0.020811 
2881 45.712510 0.000000 7.551494 98.757921 -1.550808 2.856403 0.023631 
2882 46.175330 0.000000 7.984952 98.942225 -1.989820 3.065053 0.019708 
2883 49.877884 0.000000 10.152241 99.368887 0.923998 3.685472 0.011139 
2884 49.877884 0.000000 11.019156 99.432010 0.612668 3.822911 0.009829 
2885 53.580439 0.000000 10.152241 99.483725 0.882980 4.009051 0.008614 
2886 54.506077 0.000000 10.152241 99.528814 0.980745 4.025158 0.007685 
2887 53.580439 0.000000 11.019156 99.529513 0.564594 4.108098 0.007668 
2888 17.480532 0.000000 12.752988 101.219215 0.175878 6.264051 -0.028460 
2889 13.777978 0.000000 12.752988 101.226120 0.244497 6.720151 -0.029195 
2890 17.480532 0.000000 16.220650 100.850733 0.200237 6.305931 -0.021068 
2891 10.075423 0.000000 12.752988 101.032260 0.264159 7.234368 -0.025992 
2892 6.372869 0.000000 12.752988 100.639877 0.276196 7.751461 -0.018855 
2893 10.075423 0.000000 16.220650 100.759469 0.285353 7.061991 -0.020242 
2894 -1.957879 0.000000 -3.718409 94.910233 -0.011495 3.329727 0.098096 
2895 -2.883517 0.000000 -3.718409 95.650120 -0.023318 4.775672 0.082825 
2896 -1.957879 0.000000 -4.585325 95.968808 0.028740 3.543235 0.077743 
2897 -0.569421 0.000000 -2.418036 88.875809 0.091248 -0.651273 0.210066 
2898 -1.032240 0.000000 -2.418036 90.245444 0.080954 1.326637 0.185399 
2899 -0.569421 0.000000 -2.851494 90.925844 0.085324 -0.179517 0.173245 
2900 -0.106602 0.000000 3.216916 94.249030 0.117940 13.071307 0.094625 
2901 -1.032240 0.000000 3.216916 94.803516 0.171244 11.190479 0.088704 
2902 -0.106602 0.000000 4.083831 96.083109 0.155509 12.000646 0.062400 
2903 0.356218 0.000000 1.916542 89.099400 0.096067 17.781804 0.174510 
2904 -0.106602 0.000000 1.916542 89.832806 0.105992 15.353012 0.169434 
2905 0.356218 0.000000 2.350000 91.320424 0.100069 16.342361 0.139350 
2906 -0.569421 0.000000 1.916542 90.676962 0.084887 13.290185 0.160105 
2907 -1.032240 0.000000 1.916542 91.667430 0.080256 11.703822 0.146010 
2908 -0.569421 0.000000 2.350000 92.205142 0.085909 12.861506 0.133279 
2909 0.587627 0.000000 -1.767849 79.301614 -0.031932 -16.449292 0.344067 
2910 0.356218 0.000000 -1.767849 79.852879 -0.038505 -12.363993 0.347065 
2911 0.587627 0.000000 -1.984578 82.717294 -0.035957 -13.104109 0.298613 
2912 1.513266 0.000000 -0.034018 -4.053705 0.240120 0.321597 0.998341 
2913 1.513266 0.000000 -0.250747 -4.019956 0.252071 0.413423 0.998361 
2914 1.744676 0.000000 -0.034018 -4.018070 0.165032 0.227964 0.998378 
2915 0.587627 0.000000 0.832898 77.658556 0.000163 28.199271 0.317395 
2916 0.356218 0.000000 0.832898 78.895163 0.076290 23.935889 0.320262 
2917 0.587627 0.000000 1.049627 81.242878 0.085999 25.422293 0.275329 
2918 1.513266 0.000000 -0.467476 -4.022567 0.181670 0.410922 0.998362 
2919 1.744676 0.000000 -0.467476 -3.993909 0.156195 0.247634 0.998396 
2920 2.207495 0.000000 -3.284952 94.442852 -0.000837 -8.879437 0.100170 
2921 1.744676 0.000000 -3.284952 93.420292 -0.015445 -7.806319 0.121171 
2922 2.207495 0.000000 -3.718409 95.239630 0.045782 -6.168365 0.089136 
2923 1.281856 0.000000 -3.284952 92.600769 -0.008638 -6.307417 0.138531 
2924 0.819037 0.000000 -3.284952 92.096975 -0.011564 -4.556728 0.149738 
2925 1.281856 0.000000 -3.718409 93.901706 0.049255 -4.106084 0.116561 
2926 4.058772 0.000000 2.783458 100.734998 0.195003 23.811414 -0.071456 
2927 3.595953 0.000000 2.783458 99.043195 0.163824 24.951201 -0.043214 
2928 4.058772 0.000000 3.216916 100.208636 0.222202 21.188646 -0.049078 
2929 5.910050 0.000000 -1.551120 -5.897578 0.274842 0.037562 0.996514 
2930 6.372869 0.000000 -1.551120 -5.900803 0.264828 0.121094 0.996510 
2931 5.910050 0.000000 -1.117663 -5.865545 0.254809 0.052472 0.996553 
2932 5.910050 0.000000 1.049627 -5.806031 0.293721 0.200858 0.996616 
2933 5.910050 0.000000 0.616169 -5.786929 0.314882 0.182946 0.996638 
2934 6.372869 0.000000 1.049627 -5.899771 0.387297 0.137894 0.996502 
2935 6.835688 0.000000 -1.551120 -5.913972 0.248450 0.111192 0.996495 
2936 7.298507 0.000000 -1.551120 -5.989569 0.152058 0.163418 0.996408 
2937 6.835688 0.000000 -1.117663 -5.878219 0.245849 0.098730 0.996538 
2938 6.835688 0.000000 1.049627 -5.931323 0.222168 0.186748 0.996474 
2939 6.835688 0.000000 0.616169 -5.880659 0.248244 0.153389 0.996533 
2940 7.298507 0.000000 1.049627 -5.944678 0.036731 0.202103 0.996462 
2941 7.761327 0.000000 1.916542 -5.977305 0.078996 0.208335 0.996422 
2942 7.761327 0.000000 1.483084 -5.959088 0.062750 0.121517 0.996447 
2943 8.224146 0.000000 1.916542 -6.003651 0.012469 -0.066689 0.996395 
2944 8.686965 0.000000 1.916542 -5.859566 0.027462 -0.174423 0.996563 
2945 8.686965 0.000000 1.483084 -5.806580 0.012972 -0.093032 0.996627 
2946 9.149785 0.000000 1.916542 -5.652303 0.007606 -0.443460 0.996785 
2947 12.852339 0.000000 -5.452241 98.821749 -0.484404 3.581914 0.022120 
2948 11.926701 0.000000 -5.452241 99.543607 -0.504670 3.617327 0.007773 
2949 12.852339 0.000000 -6.319156 98.975380 -0.550118 3.763242 0.018941 
2950 11.001062 0.000000 -5.452241 100.333049 -0.426685 3.544857 -0.007947 
2951 10.075423 0.000000 -5.452241 100.941802 -0.386135 3.011804 -0.019847 
2952 11.001062 0.000000 -6.319156 100.113963 -0.421907 3.811918 -0.003751 
2953 17.017713 0.000000 -4.151867 90.343871 -0.293462 -5.276086 0.181006 
2954 16.554894 0.000000 -4.151867 91.070739 -0.377207 -2.967938 0.169717 
2955 17.017713 0.000000 -4.585325 92.791814 -0.342501 -4.158822 0.137227 
2956 26.736919 0.000000 7.551494 101.849915 0.044733 3.298032 -0.038428 
2957 24.885641 0.000000 7.551494 102.001963 0.038666 3.944868 -0.041996 
2958 26.736919 0.000000 9.285325 101.715167 0.034026 3.990131 -0.036190 
2959 23.034364 0.000000 7.551494 101.858156 0.037905 4.731005 -0.039747 
2960 21.183087 0.000000 7.551494 101.449974 -0.005698 5.254160 -0.031970 
2961 23.034364 0.000000 9.285325 101.559314 0.149348 5.026053 -0.033958 
2962 22.108726 0.000000 -0.250747 -1.252902 -0.238423 1.030384 0.999731 
2963 23.034364 0.000000 -0.250747 -1.988677 -0.043939 0.957486 0.999513 
2964 23.960003 0.000000 -0.250747 -2.693858 0.159526 0.801215 0.999208 
2965 31.365112 0.000000 4.950747 100.734057 0.056939 -0.434573 -0.014754 
2966 30.439473 0.000000 4.950747 101.169066 -0.044432 -0.195519 -0.023522 
2967 31.365112 0.000000 5.817663 100.654865 -0.032941 0.701989 -0.013190 
2968 29.513835 0.000000 4.950747 101.552660 -0.132880 0.149333 -0.031298 
2969 28.588196 0.000000 4.950747 101.726545 -0.014219 0.448121 -0.034849 
2970 29.513835 0.000000 5.817663 101.368096 -0.118094 1.181651 -0.027690 
2971 29.513835 0.000000 -5.452241 99.368379 0.097674 14.601510 -0.008729 
2972 29.513835 0.000000 -6.319156 99.704119 0.032309 12.275477 -0.009160 
2973 30.439473 0.000000 -5.452241 98.620802 -0.085808 13.376713 0.009499 
2974 29.051015 0.000000 -4.151867 97.672837 -0.158697 20.435309 0.004239 
2975 29.051015 0.000000 -4.585325 98.965292 -0.136980 18.386791 -0.013222 
2976 29.513835 0.000000 -4.151867 97.067515 -0.022083 18.851777 0.022251 
2977 29.976654 0.000000 -3.284952 94.621898 0.257512 20.539421 0.062476 
2978 29.976654 0.000000 -3.718409 95.674084 0.201022 19.122587 0.048076 
2979 30.439473 0.000000 -3.284952 94.773853 0.051977 19.597465 0.063385 
2980 31.827931 0.000000 3.650373 100.441648 0.282040 -2.979147 -0.009748 
2981 31.365112 0.000000 3.650373 100.616011 0.187951 -2.847063 -0.013172 
2982 31.827931 0.000000 4.083831 100.423375 0.149560 -2.074754 -0.008918 
2983 30.902292 0.000000 3.650373 101.189837 0.126151 -2.826938 -0.024739 
2984 30.439473 0.000000 3.650373 101.739445 0.151779 -2.480535 -0.035709 
2985 30.902292 0.000000 4.083831 101.158481 0.108633 -1.848398 -0.023647 
2986 31.827931 0.000000 1.916542 -7.858745 -0.072438 -0.927413 0.993737 
2987 31.365112 0.000000 1.916542 -7.943481 -0.184365 -0.315783 0.993677 
2988 31.827931 0.000000 1.483084 -7.526058 -0.220683 -0.510720 0.994305 
2989 30.902292 0.000000 1.916542 -7.738219 -0.143072 -0.127852 0.994008 
2990 30.439473 0.000000 1.916542 -7.509590 -0.111278 -0.002698 0.994359 
2991 30.902292 0.000000 1.483084 -7.756795 -0.178724 -0.295305 0.993971 
2992 41.547137 0.000000 -6.319156 98.119313 -0.012799 6.776532 0.032668 
2993 41.547137 0.000000 -8.052988 98.415126 -0.084294 6.644885 0.027030 
2994 43.398414 0.000000 -6.319156 98.169379 -0.066517 6.170356 0.032470 
2995 38.770221 0.000000 -3.718409 96.396461 -0.021540 8.739247 0.063135 
2996 38.770221 0.000000 -4.585325 97.028837 -0.007283 8.244271 0.051744 
2997 39.695859 0.000000 -3.718409 96.559297 0.054809 8.058112 0.061137 
2998 33.216389 0.000000 6.684578 99.597273 -0.041485 1.508212 0.007811 
2999 32.290750 0.000000 6.684578 99.908460 -0.045521 1.429780 0.001625 
3000 33.216389 0.000000 7.551494 100.038324 -0.197035 2.231179 -0.001268 
3001 33.216389 0.000000 8.418409 100.383771 -0.223552 2.549971 -0.008345 
3002 32.290750 0.000000 8.418409 100.461287 -0.308177 2.642699 -0.009955 
3003 33.216389 0.000000 9.285325 100.628681 -0.129331 3.056442 -0.013549 
3004 37.381763 0.000000 1.916542 -5.858336 0.048056 -0.237486 0.996562 
3005 37.381763 0.000000 1.483084 -4.897405 0.038936 0.157294 0.997599 
3006 39.233040 0.000000 0.182711 87.455917 0.084627 37.529105 0.094302 
3007 39.233040 0.000000 -0.250747 91.781322 -0.327694 19.380073 0.120049 
3008 39.695859 0.000000 0.182711 84.441903 0.047740 39.535268 0.130653 
3009 38.307401 0.000000 1.049627 -4.283548 -0.232362 0.500908 0.998135 
3010 37.844582 0.000000 1.049627 -4.733228 -0.147335 0.214606 0.997753 
3011 39.927269 0.000000 2.566729 96.576281 0.757379 -4.703598 0.065032 
3012 39.927269 0.000000 2.350000 96.857043 0.770393 -4.959520 0.059352 
3013 40.158679 0.000000 2.566729 97.388221 0.806099 -3.761497 0.050074 
3014 40.390088 0.000000 3.000187 97.299034 0.102703 -2.631032 0.052597 
3015 40.390088 0.000000 2.783458 98.399095 0.851419 -2.478093 0.031075 
3016 40.621498 0.000000 3.000187 97.611984 0.160484 -3.208589 0.046158 
3017 40.621498 0.000000 -3.718409 96.685612 0.011752 7.562311 0.059470 
3018 40.621498 0.000000 -4.585325 97.256346 0.012780 7.312097 0.048774 
3019 41.547137 0.000000 -3.718409 96.817403 0.090773 6.949295 0.057809 
3020 42.472775 0.000000 -1.984578 95.847797 -0.163895 6.923836 0.076523 
3021 42.472775 0.000000 -2.851494 96.570073 0.109111 6.664353 0.062980 
3022 43.398414 0.000000 -1.984578 96.323377 -0.182234 6.282587 0.068230 
3023 40.158679 0.000000 0.182711 88.230091 -0.346429 16.124913 0.195532 
3024 40.158679 0.000000 -0.250747 91.190547 -0.287260 13.867642 0.149189 
3025 40.621498 0.000000 0.182711 90.954720 -0.427083 13.648083 0.154079 
3026 44.324053 0.000000 3.216916 96.218286 -0.086313 2.857306 0.073387 
3027 44.324053 0.000000 2.350000 95.632265 0.527364 3.468231 0.084216 
3028 45.249691 0.000000 3.216916 97.074790 -0.449151 3.226919 0.056587 
3029 46.175330 0.000000 3.216916 97.688377 -0.970304 3.477097 0.044395 
3030 46.175330 0.000000 2.350000 97.551361 0.175177 3.881197 0.046864 
3031 46.175330 0.000000 4.083831 97.923215 -0.363134 3.267987 0.040023 
3032 46.175330 0.000000 4.950747 98.156591 -0.126510 3.188671 0.035510 
3033 22.571545 0.000000 -3.284952 112.234897 0.134403 2.350338 -0.260221 
3034 22.571545 0.000000 -2.851494 -2.737198 0.013306 0.464354 0.999229 
3035 26.274099 0.000000 -2.418036 -5.250131 0.048377 -0.668590 0.997199 
3036 25.811280 0.000000 -2.418036 -4.958580 0.048915 -0.259154 0.997534 
3037 26.274099 0.000000 -1.984578 -4.752693 0.090957 -0.513491 0.997714 
3038 36.456124 0.000000 4.517289 97.931438 -0.000000 -0.001645 0.040943 
3039 35.993305 0.000000 4.517289 98.029784 -0.000000 0.024740 0.039016 
3040 36.456124 0.000000 4.950747 97.735060 -0.000000 0.376885 0.044772 
3041 36.456124 0.000000 5.384205 97.587193 -0.000000 0.766235 0.047615 
3042 35.993305 0.000000 5.384205 97.743058 -0.000000 0.881389 0.044552 
3043 36.456124 0.000000 5.817663 97.527117 -0.000000 1.250847 0.048690 
3044 39.001630 0.000000 3.433645 99.207893 -0.000000 -3.156339 0.014783 
3045 38.770221 0.000000 3.433645 99.558675 -0.000000 -3.252163 0.007749 
3046 39.001630 0.000000 3.216916 100.305266 -0.000000 -4.088692 -0.007786 
3047 38.538811 0.000000 3.433645 99.493054 -0.000000 -2.890426 0.009278 
3048 38.307401 0.000000 3.433645 99.987353 -0.000000 -2.942453 -0.000613 
3049 38.538811 0.000000 3.216916 101.231618 -0.000000 -4.319895 -0.026650 
3050 38.307401 0.000000 6.251120 97.153787 -0.000000 1.072743 0.055999 
3051 37.844582 0.000000 6.251120 97.168977 -0.000000 1.213512 0.055672 
3052 38.307401 0.000000 6.684578 96.994408 -0.000000 1.272988 0.059046 
3053 38.307401 0.000000 7.118036 96.763401 -0.000000 1.310245 0.063513 
3054 37.844582 0.000000 7.118036 96.755375 -0.000000 1.581383 0.063590 
3055 39.001630 0.000000 5.167476 97.169690 -0.000000 0.073671 0.055805 
3056 38.770221 0.000000 5.167476 97.218812 0.000000 0.151361 0.054848 
3057 39.001630 0.000000 5.384205 97.128825 0.000000 0.356595 0.056586 
3058 39.001630 0.000000 5.600934 97.131400 0.000000 0.475986 0.056526 
3059 38.770221 0.000000 5.600934 97.105911 0.000000 0.537960 0.057015 
3060 39.001630 0.000000 5.817663 97.117573 0.000000 0.661131 0.056774 
3061 39.927269 0.000000 6.901307 96.965107 -0.000000 0.985493 0.059680 
3062 39.695859 0.000000 6.901307 96.964922 -0.000000 0.980800 0.059684 
3063 39.927269 0.000000 7.118036 97.030465 -0.000000 0.996959 0.058409 
3064 39.927269 0.000000 7.334765 97.144202 -0.000000 0.978692 0.056205 
3065 39.695859 0.000000 7.334765 97.067954 0.000000 0.988292 0.057684 
3066 39.927269 0.000000 7.551494 97.344261 -0.000000 0.925082 0.052324 
3067 41.431432 0.000000 8.743503 99.119764 0.090363 0.158365 0.017524 
3068 41.547137 0.000000 8.743503 99.157069 0.097784 0.132404 0.016785 
3069 41.431432 0.000000 8.851867 99.312185 0.119793 0.000000 0.013708 
3070 39.927269 0.000000 7.768223 97.588335 -0.000000 0.853283 0.047579 
3071 39.695859 0.000000 7.768223 97.475096 0.000000 0.860741 0.049786 
3072 39.927269 0.000000 7.984952 97.692603 0.000000 0.802925 0.045551 
3073 39.927269 0.000000 8.201681 98.543098 -0.003115 0.529841 0.028898 
3074 39.695859 0.000000 8.201681 98.588413 0.004403 0.509568 0.028007 
3075 39.927269 0.000000 8.418409 99.198889 -0.006396 0.322885 0.015948 
3076 40.737203 0.000000 8.093316 98.349553 -0.005998 0.643996 0.032695 
3077 40.621498 0.000000 8.093316 98.293817 -0.009849 0.646837 0.033791 
3078 40.737203 0.000000 7.984952 98.082737 -0.000000 0.777905 0.037917 
3079 33.216389 0.000000 10.152241 100.707207 -0.146244 3.354116 -0.015321 
3080 32.290750 0.000000 10.152241 100.920452 -0.147936 3.288322 -0.019577 
3081 33.216389 0.000000 11.019156 100.928087 -0.125927 3.538630 -0.019902 
3082 37.381763 0.000000 6.251120 97.262586 -0.000000 1.367295 0.053812 
3083 36.918944 0.000000 6.251120 97.420561 -0.000000 1.459345 0.050710 
3084 37.381763 0.000000 6.684578 97.110493 -0.000000 1.602161 0.056699 
3085 37.381763 0.000000 7.118036 96.886254 -0.000000 1.952486 0.060924 
3086 36.918944 0.000000 7.118036 97.136696 -0.000000 2.458739 0.055842 
3087 36.456124 0.000000 7.118036 97.359423 0.000000 2.990801 0.051220 
3088 35.993305 0.000000 7.118036 97.303303 0.000000 3.082343 0.052257 
3089 36.456124 0.000000 6.684578 97.417144 -0.000000 2.217556 0.050498 
3090 38.307401 0.000000 9.718783 101.418487 0.229353 2.459082 -0.029181 
3091 37.844582 0.000000 9.718783 101.633648 0.139953 2.728250 -0.033686 
3092 38.307401 0.000000 10.152241 101.097065 0.271902 2.836123 -0.022873 
3093 40.274384 0.000000 3.975467 96.811480 0.000000 -0.999182 0.062654 
3094 40.274384 0.000000 3.867102 96.812774 0.000000 -0.999850 0.062629 
3095 40.390088 0.000000 3.975467 96.813169 0.000000 -1.000055 0.062621 
3096 57.282993 0.000000 1.483084 99.454145 -0.210221 4.620130 0.008748 
3097 57.282993 0.000000 0.616169 99.438425 -0.231489 4.816419 0.008875 
3098 58.208632 0.000000 1.483084 99.493079 -0.146885 4.680815 0.007920 
3099 40.852908 0.000000 4.300560 96.636934 0.359166 -0.120850 0.066116 
3100 40.852908 0.000000 4.083831 96.593233 -0.377309 -0.504750 0.066935 
3101 41.084317 0.000000 4.300560 96.573536 0.402788 -0.037771 0.067339 
3102 40.505793 0.000000 4.625654 97.333935 0.000000 -0.190221 0.052607 
3103 40.505793 0.000000 4.517289 97.334122 0.000000 -0.190391 0.052603 
3104 40.621498 0.000000 4.625654 97.334349 0.000000 -0.190596 0.052599 
3105 57.282993 0.000000 8.418409 99.564736 -2.225003 4.364031 0.006287 
3106 58.208632 0.000000 8.418409 99.592248 -2.131180 4.364732 0.005779 
3107 57.282993 0.000000 9.285325 99.585569 4.145342 4.195704 0.004793 
3108 59.134271 0.000000 8.418409 99.618154 -2.050553 4.360076 0.005301 
3109 60.059909 0.000000 8.418409 99.641612 -1.979309 4.358343 0.004864 
3110 59.134271 0.000000 9.285325 99.617106 5.768148 4.572766 0.002225 
3111 59.134271 0.000000 1.483084 99.526655 -0.136697 4.702107 0.007232 
3112 59.134271 0.000000 0.616169 99.513029 -0.156414 4.896418 0.007316 
3113 60.059909 0.000000 1.483084 99.557366 -0.140564 4.711775 0.006611 
3114 41.315727 0.000000 6.034391 97.155759 -0.008064 1.321102 0.055901 
3115 41.315727 0.000000 5.817663 97.057160 -0.310083 1.256990 0.057823 
3116 41.547137 0.000000 6.034391 97.299044 -0.017678 1.329091 0.053113 
3117 40.737203 0.000000 5.492569 97.126811 0.000000 0.705673 0.056588 
3118 40.737203 0.000000 5.384205 97.088951 0.000000 0.655278 0.057331 
3119 40.852908 0.000000 5.492569 97.156901 0.000000 0.769703 0.055994 
3120 39.811564 0.000000 5.492569 97.108836 -0.000000 0.470218 0.056965 
3121 39.695859 0.000000 5.492569 97.087402 -0.000000 0.443698 0.057384 
3122 39.811564 0.000000 5.600934 97.122641 -0.000000 0.493111 0.056695 
3123 39.811564 0.000000 5.709298 97.120705 -0.000000 0.534223 0.056728 
3124 39.695859 0.000000 5.709298 97.105091 -0.000000 0.514936 0.057034 
3125 39.811564 0.000000 5.817663 97.129191 -0.000000 0.618293 0.056554 
3126 40.274384 0.000000 6.359485 96.948357 0.000000 0.952929 0.060011 
3127 40.158679 0.000000 6.359485 96.993700 -0.000000 0.924064 0.059137 
3128 40.274384 0.000000 6.467849 96.912466 -0.000000 0.987926 0.060700 
3129 41.778546 0.000000 6.901307 97.833253 -0.769439 1.288450 0.042640 
3130 41.778546 0.000000 6.684578 97.738906 -0.263537 1.304580 0.044533 
3131 42.009956 0.000000 6.901307 97.940772 -0.909853 1.361820 0.040492 
3132 41.431432 0.000000 7.443129 97.870597 0.000000 0.998460 0.042035 
3133 41.431432 0.000000 7.334765 97.867601 0.000000 1.005413 0.042092 
3134 41.547137 0.000000 7.443129 97.886782 0.000000 0.963556 0.041725 
3135 40.968613 0.000000 7.659858 97.957967 0.000000 0.898068 0.040343 
3136 40.852908 0.000000 7.659858 97.941306 0.000000 0.910550 0.040667 
3137 40.737203 0.000000 7.876587 98.041544 -0.000000 0.810066 0.038720 
3138 40.621498 0.000000 7.876587 97.948622 -0.000000 0.820449 0.040539 
3139 40.737203 0.000000 7.768223 97.975562 -0.000000 0.837907 0.040009 
3140 -1.957879 0.000000 3.216916 95.502702 0.162977 9.940204 0.078040 
3141 -2.883517 0.000000 3.216916 96.229429 0.140648 8.948743 0.065980 
3142 -1.957879 0.000000 4.083831 96.551411 0.187752 9.752778 0.058267 
3143 0.356218 0.000000 -3.284952 91.876889 -0.027589 -2.784940 0.155088 
3144 -0.106602 0.000000 -3.284952 92.052338 0.066246 -1.159208 0.152502 
3145 0.356218 0.000000 -3.718409 93.158420 -0.024816 -1.443767 0.131942 
3146 -0.569421 0.000000 -3.284952 92.286871 0.071058 0.452601 0.148292 
3147 -1.032240 0.000000 -3.284952 92.858898 0.054541 1.618109 0.137460 
3148 -0.569421 0.000000 -3.718409 93.602449 0.064192 0.840940 0.123787 
3149 -0.338011 0.000000 -1.334391 77.612249 0.063535 -3.717939 0.396251 
3150 -0.569421 0.000000 -1.334391 80.790359 0.069184 -0.669251 0.347247 
3151 -0.338011 0.000000 -1.551120 80.786319 0.066405 -3.642141 0.346030 
3152 4.984411 0.000000 -0.684205 -5.626993 0.055625 0.156779 0.996831 
3153 5.447230 0.000000 -0.684205 -5.639468 0.265353 0.080039 0.996812 
3154 4.984411 0.000000 -0.250747 -5.560046 0.073008 0.129053 0.996906 
3155 5.910050 0.000000 -0.684205 -5.838012 0.258970 0.069737 0.996585 
3156 6.372869 0.000000 -0.684205 -5.866079 0.344888 0.106384 0.996546 
3157 5.910050 0.000000 -0.250747 -5.800554 0.295390 0.076310 0.996626 
3158 5.910050 0.000000 0.182711 -5.764811 0.311686 0.170413 0.996664 
3159 5.447230 0.000000 0.182711 -5.628070 0.258846 0.181924 0.996822 
3160 6.372869 0.000000 0.182711 -5.856955 0.351135 0.104334 0.996556 
3161 4.984411 0.000000 0.182711 -5.546989 0.118552 0.139376 0.996920 
3162 1.976085 0.000000 -0.900934 -3.969821 0.139493 0.191946 0.998418 
3163 2.207495 0.000000 -0.900934 -4.107222 0.088804 0.045118 0.998312 
3164 1.976085 0.000000 -0.684205 -4.011151 0.133698 0.212616 0.998385 
3165 1.976085 0.000000 -0.467476 -4.031655 0.147046 0.254306 0.998366 
3166 2.207495 0.000000 -0.467476 -4.146736 0.168011 0.230301 0.998272 
3167 1.976085 0.000000 -0.250747 -4.034932 0.134347 0.293982 0.998361 
3168 1.976085 0.000000 -0.034018 -4.004183 0.152508 0.311780 0.998385 
3169 2.207495 0.000000 -0.034018 -4.093335 0.168304 0.325034 0.998311 
3170 1.976085 0.000000 0.182711 -3.917388 0.138001 0.304393 0.998454 
3171 1.976085 0.000000 0.399440 -3.648582 0.141045 0.253573 0.998660 
3172 2.207495 0.000000 0.399440 -3.849538 0.160197 0.506941 0.998490 
3173 1.976085 0.000000 0.616169 -3.326237 0.149536 0.458322 0.998870 
3174 6.835688 0.000000 -0.684205 -5.863324 0.244260 0.090925 0.996555 
3175 7.298507 0.000000 -0.684205 -5.940630 0.155813 0.167230 0.996466 
3176 6.835688 0.000000 -0.250747 -5.849754 0.243533 0.076122 0.996572 
3177 6.835688 0.000000 0.182711 -5.854857 0.255232 0.139852 0.996564 
3178 7.298507 0.000000 0.182711 -5.901535 0.074709 0.214553 0.996512 
3179 26.736919 0.000000 11.019156 101.464618 -0.037062 4.515659 -0.031546 
3180 24.885641 0.000000 11.019156 101.479423 0.149980 4.887845 -0.032199 
3181 26.736919 0.000000 12.752988 101.170164 -0.020481 4.860905 -0.025903 
3182 31.365112 0.000000 6.684578 100.214301 -0.001281 1.518909 -0.004521 
3183 30.439473 0.000000 6.684578 100.613503 -0.113817 1.639976 -0.012578 
3184 31.365112 0.000000 7.551494 100.581580 -0.105551 2.163407 -0.012135 
3185 31.365112 0.000000 8.418409 100.738577 -0.140392 2.676904 -0.015545 
3186 30.439473 0.000000 8.418409 100.999324 -0.121327 2.804156 -0.020874 
3187 31.365112 0.000000 9.285325 100.914026 -0.250201 3.104021 -0.019334 
3188 45.249691 0.000000 -6.319156 98.333355 -0.136049 5.459998 0.030072 
3189 45.249691 0.000000 -8.052988 98.615396 -0.057735 5.716973 0.024232 
3190 47.100968 0.000000 -6.319156 98.622144 -0.079309 5.347153 0.024507 
3191 31.365112 0.000000 10.152241 100.947251 -0.149990 3.474177 -0.020244 
3192 30.439473 0.000000 10.152241 101.206900 -0.110136 3.572452 -0.025561 
3193 31.365112 0.000000 11.019156 100.999694 -0.112703 3.657895 -0.021433 
3194 39.580155 0.000000 4.625654 97.347925 -0.000000 -0.440061 0.052319 
3195 39.464450 0.000000 4.625654 97.341385 -0.000000 -0.508058 0.052440 
3196 39.580155 0.000000 4.734018 97.341263 -0.000000 -0.243276 0.052462 
3197 39.580155 0.000000 4.842382 97.277666 -0.000000 -0.136990 0.053704 
3198 39.464450 0.000000 4.842382 97.264028 -0.000000 -0.136189 0.053969 
3199 39.580155 0.000000 4.950747 97.265775 -0.000000 -0.053570 0.053937 
3200 39.464450 0.000000 6.034391 97.137807 -0.000000 0.742857 0.056369 
3201 39.233040 0.000000 6.034391 97.165919 0.000000 0.785056 0.055817 
3202 39.464450 0.000000 6.251120 97.135541 -0.000000 0.805527 0.056404 
3203 39.464450 0.000000 6.467849 97.099551 -0.000000 0.918358 0.057083 
3204 39.233040 0.000000 6.467849 97.103341 0.000000 0.952365 0.057003 
3205 39.464450 0.000000 6.684578 97.019286 0.000000 0.982523 0.058629 
3206 39.464450 0.000000 6.901307 96.929647 0.000000 0.996392 0.060365 
3207 39.233040 0.000000 6.901307 96.942176 0.000000 1.002588 0.060121 
3208 39.464450 0.000000 7.118036 96.912621 0.000000 1.002957 0.060694 
3209 39.464450 0.000000 7.334765 96.960731 0.000000 0.995516 0.059763 
3210 39.233040 0.000000 7.334765 96.927861 -0.000000 1.016914 0.060396 
3211 39.464450 0.000000 7.551494 97.188890 -0.000000 0.935662 0.055344 
3212 39.580155 0.000000 5.059111 97.207559 -0.000000 -0.019192 0.055069 
3213 39.464450 0.000000 5.059111 97.205455 -0.000000 -0.037737 0.055110 
3214 39.580155 0.000000 5.167476 97.132659 -0.000000 0.097012 0.056524 
3215 39.580155 0.000000 5.275840 97.074419 -0.000000 0.237253 0.057650 
3216 39.464450 0.000000 5.275840 97.044806 -0.000000 0.259540 0.058224 
3217 39.580155 0.000000 5.384205 97.050330 -0.000000 0.364203 0.058110 
3218 39.580155 0.000000 5.492569 97.064446 -0.000000 0.412393 0.057832 
3219 39.464450 0.000000 5.492569 97.016685 -0.000000 0.375592 0.058762 
3220 39.580155 0.000000 5.600934 97.070084 -0.000000 0.437462 0.057721 
3221 39.580155 0.000000 5.709298 97.087147 -0.000000 0.490772 0.057384 
3222 39.464450 0.000000 5.709298 97.069924 -0.000000 0.504921 0.057717 
3223 39.580155 0.000000 5.817663 97.095715 -0.000000 0.592383 0.057207 
3224 41.778546 0.000000 6.467849 97.514745 -0.712552 1.409190 0.048838 
3225 41.778546 0.000000 6.251120 97.495397 -0.962054 1.434686 0.049166 
3226 42.009956 0.000000 6.467849 97.645113 -0.635766 1.362366 0.046317 
3227 39.464450 0.000000 7.768223 97.365571 -0.000000 0.873693 0.051918 
3228 39.233040 0.000000 7.768223 97.293202 -0.000000 0.917931 0.053319 
3229 39.464450 0.000000 7.984952 97.542266 -0.000000 0.816223 0.048484 
3230 39.464450 0.000000 8.201681 98.473453 0.010286 0.554717 0.030267 
3231 39.233040 0.000000 8.201681 98.552613 0.012793 0.538270 0.028709 
3232 39.464450 0.000000 8.418409 99.298489 0.024502 0.328488 0.013970 
3233 55.431716 0.000000 10.152241 99.554897 1.044567 4.077298 0.007111 
3234 56.357355 0.000000 10.152241 99.592487 1.147187 4.072750 0.006343 
3235 55.431716 0.000000 11.019156 99.563167 0.724785 4.207680 0.006895 
3236 57.282993 0.000000 10.152241 99.602656 1.191579 4.121954 0.006090 
3237 58.208632 0.000000 10.152241 99.624807 1.225486 4.130096 0.005634 
3238 57.282993 0.000000 11.019156 99.614437 0.756513 4.245110 0.005837 
3239 59.134271 0.000000 10.152241 99.645943 1.262814 4.131926 0.005202 
3240 60.059909 0.000000 10.152241 99.666291 1.331094 4.120336 0.004788 
3241 59.134271 0.000000 11.019156 99.653365 0.777037 4.256449 0.005049 
3242 40.042974 0.000000 5.926027 97.149904 -0.000000 0.782710 0.056128 
3243 39.927269 0.000000 5.926027 97.114487 -0.000000 0.764079 0.056819 
3244 40.042974 0.000000 6.034391 97.094832 -0.000000 0.823094 0.057192 
3245 40.042974 0.000000 6.142756 97.058226 -0.000000 0.848715 0.057898 
3246 39.927269 0.000000 6.142756 97.077456 -0.000000 0.815825 0.057530 
3247 40.042974 0.000000 6.251120 97.046304 -0.000000 0.850082 0.058129 
3248 40.042974 0.000000 6.359485 97.003274 -0.000000 0.893578 0.058957 
3249 39.927269 0.000000 6.359485 97.009853 -0.000000 0.870776 0.058833 
3250 40.042974 0.000000 6.467849 96.959922 -0.000000 0.940987 0.059789 
3251 2.670314 0.000000 12.752988 100.111027 0.172343 7.813492 -0.008330 
3252 -1.032240 0.000000 12.752988 99.781041 0.103375 7.857320 -0.001800 
3253 2.670314 0.000000 16.220650 100.111267 0.190561 7.298905 -0.007558 
3254 -4.734795 0.000000 12.752988 99.494590 -0.050361 7.460594 0.004516 
3255 -8.437349 0.000000 12.752988 99.467412 0.001243 7.205623 0.005431 
3256 -4.734795 0.000000 16.220650 99.735941 0.007530 7.242558 0.000029 
3257 0.124808 0.000000 -1.767849 80.768406 0.060162 -9.054601 0.339448 
3258 -0.106602 0.000000 -1.767849 81.802084 0.061414 -5.920156 0.327337 
3259 0.124808 0.000000 -1.984578 83.412322 0.058663 -7.440511 0.298702 
3260 0.124808 0.000000 0.832898 80.402454 0.075313 20.669252 0.310822 
3261 -0.106602 0.000000 0.832898 81.932906 0.089665 17.990032 0.296335 
3262 0.124808 0.000000 1.049627 82.896653 0.081749 19.665179 0.274142 
3263 1.976085 0.000000 0.832898 73.155634 -0.141286 54.108815 0.172047 
3264 2.207495 0.000000 0.832898 76.700983 -0.094375 56.142378 0.096498 
3265 1.976085 0.000000 1.049627 73.147020 -0.111720 56.091981 0.150319 
3266 3.133134 0.000000 2.783458 96.792443 0.175823 24.142284 0.004834 
3267 2.670314 0.000000 2.783458 95.338485 0.117437 22.582742 0.040058 
3268 3.133134 0.000000 3.216916 97.701588 0.183325 20.842994 0.001994 
3269 7.761327 0.000000 -1.551120 -6.043407 0.013920 0.215613 0.996343 
3270 8.224146 0.000000 -1.551120 -5.990397 0.021479 0.322521 0.996401 
3271 7.761327 0.000000 -1.117663 -5.987195 0.015786 0.238320 0.996410 
3272 7.761327 0.000000 1.049627 -5.924562 0.067543 0.145511 0.996487 
3273 7.761327 0.000000 0.616169 -5.907893 0.065567 0.181543 0.996506 
3274 8.224146 0.000000 1.049627 -5.867896 -0.038334 -0.020371 0.996557 
3275 9.149785 0.000000 -5.452241 101.427415 -0.156057 2.164734 -0.029223 
3276 8.224146 0.000000 -5.452241 101.551557 -0.081511 1.321715 -0.031447 
3277 9.149785 0.000000 -6.319156 100.874222 -0.071319 2.811187 -0.018352 
3278 7.298507 0.000000 -5.452241 101.400911 -0.075551 0.468019 -0.028237 
3279 6.372869 0.000000 -5.452241 100.891713 0.110419 0.013320 -0.017915 
3280 7.298507 0.000000 -6.319156 100.647538 0.119158 1.927916 -0.013366 
3281 19.331810 0.000000 7.551494 101.278124 0.020223 5.548360 -0.028804 
3282 17.480532 0.000000 7.551494 101.187953 -0.076906 5.675990 -0.027122 
3283 19.331810 0.000000 9.285325 101.258808 -0.102622 5.762638 -0.028656 
3284 15.629255 0.000000 7.551494 101.207687 -0.012552 5.824347 -0.027692 
3285 13.777978 0.000000 7.551494 101.268373 -0.074769 6.068489 -0.029212 
3286 15.629255 0.000000 9.285325 101.333215 -0.128544 6.217093 -0.030709 
3287 8.686965 0.000000 -1.551120 -5.849999 0.005141 0.414918 0.996561 
3288 9.149785 0.000000 -1.551120 -5.721785 0.071338 0.520259 0.996699 
3289 8.686965 0.000000 -1.117663 -5.777592 0.000590 0.311951 0.996652 
3290 8.686965 0.000000 1.049627 -5.736930 -0.022040 -0.048241 0.996708 
3291 8.686965 0.000000 0.616169 -5.691494 -0.022471 0.029443 0.996761 
3292 9.149785 0.000000 1.049627 -5.503557 0.094071 -0.149667 0.996968 
3293 9.612604 0.000000 1.916542 -5.477634 0.065675 -0.538662 0.996970 
3294 9.612604 0.000000 1.483084 -5.322345 0.056596 -0.463362 0.997145 
3295 10.075423 0.000000 1.916542 -5.205958 0.126079 -0.968547 0.997194 
3296 10.538243 0.000000 1.916542 -4.574502 0.200039 -1.355923 0.997720 
3297 10.538243 0.000000 1.483084 -4.289287 0.193829 -0.892851 0.998077 
3298 11.001062 0.000000 1.916542 -3.597108 0.163641 -1.452401 0.998492 
3299 27.662557 0.000000 4.950747 101.861811 0.179588 0.933537 -0.037673 
3300 26.736919 0.000000 4.950747 102.123804 0.212618 1.268034 -0.043092 
3301 27.662557 0.000000 5.817663 101.848971 0.054564 1.809775 -0.037649 
3302 25.811280 0.000000 4.950747 102.701954 0.049463 1.725573 -0.055067 
3303 24.885641 0.000000 4.950747 102.647277 -0.012244 2.273342 -0.054163 
3304 25.811280 0.000000 5.817663 101.987710 0.047147 2.658533 -0.040856 
3305 29.976654 0.000000 3.650373 102.225203 0.090190 -1.934117 -0.045374 
3306 29.513835 0.000000 3.650373 102.212152 0.063452 -1.437398 -0.044939 
3307 29.976654 0.000000 4.083831 101.643910 0.211088 -1.251697 -0.033310 
3308 29.051015 0.000000 3.650373 102.107597 -0.095221 -1.373089 -0.042786 
3309 28.588196 0.000000 3.650373 102.001640 0.171450 -1.691934 -0.040723 
3310 29.051015 0.000000 4.083831 101.875036 0.030342 -0.739461 -0.037907 
3311 29.976654 0.000000 1.916542 -7.055511 -0.224630 0.173746 0.995014 
3312 29.513835 0.000000 1.916542 -6.466522 -0.175983 0.321664 0.995805 
3313 29.976654 0.000000 1.483084 -7.142023 -0.202032 -0.134086 0.994893 
3314 29.051015 0.000000 1.916542 -5.779974 -0.226635 0.445676 0.996634 
3315 28.588196 0.000000 1.916542 -5.088306 0.017255 0.340943 0.997399 
3316 29.051015 0.000000 1.483084 -5.711175 -0.174840 -0.097076 0.996734 
3317 31.365112 0.000000 -5.452241 98.163646 -0.179728 12.332563 0.021177 
3318 31.365112 0.000000 -6.319156 98.452026 -0.090351 11.338056 0.017864 
3319 32.290750 0.000000 -5.452241 97.791013 -0.139352 11.826062 0.029704 
3320 29.976654 0.000000 -4.151867 96.804425 0.091451 17.646146 0.031751 
3321 29.976654 0.000000 -4.585325 97.711876 -0.019152 16.334607 0.018557 
3322 30.439473 0.000000 -4.151867 96.681811 -0.060653 16.673089 0.037463 
3323 35.530486 0.000000 4.517289 97.996465 -0.000000 -0.063413 0.039669 
3324 35.067666 0.000000 4.517289 98.104593 -0.000000 -0.214113 0.037544 
3325 35.530486 0.000000 4.950747 97.906510 -0.000000 0.405658 0.041415 
3326 35.530486 0.000000 5.384205 97.783623 -0.000000 0.969005 0.043742 
3327 35.067666 0.000000 5.384205 97.733579 0.000000 1.023833 0.044710 
3328 35.530486 0.000000 5.817663 97.558593 0.000000 1.514157 0.048003 
3329 37.381763 0.000000 1.049627 -4.544940 -0.013141 0.199501 0.997930 
3330 36.918944 0.000000 1.049627 -4.119022 -0.142834 0.536204 0.998273 
3331 37.381763 0.000000 0.616169 -4.520251 -0.051566 -0.046691 0.997956 
3332 39.001630 0.000000 3.000187 100.772049 -0.000000 -4.466822 -0.017496 
3333 38.770221 0.000000 3.000187 101.374118 -0.000000 -4.848195 -0.030022 
3334 39.001630 0.000000 2.783458 99.932202 0.029977 -3.092741 0.000399 
3335 40.390088 0.000000 2.566729 99.007082 0.707673 -2.977195 0.018823 
3336 40.390088 0.000000 2.350000 99.478997 0.649169 -3.374703 0.009212 
3337 40.621498 0.000000 2.566729 100.700839 0.669279 -3.884413 -0.015620 
3338 42.472775 0.000000 -3.718409 97.294352 0.104076 6.698058 0.048893 
3339 42.472775 0.000000 -4.585325 97.738755 0.108521 6.756155 0.040148 
3340 43.398414 0.000000 -3.718409 97.627320 0.110058 6.516792 0.042643 
3341 41.084317 0.000000 0.182711 91.589317 0.044961 13.276037 0.143514 
3342 41.084317 0.000000 -0.250747 92.754608 -0.327658 11.033045 0.127475 
3343 41.547137 0.000000 0.182711 91.594232 -0.061555 11.869380 0.146961 
3344 46.175330 0.000000 1.483084 97.495711 0.000207 4.232628 0.047667 
3345 45.249691 0.000000 1.483084 96.667256 0.133292 4.150425 0.063820 
3346 46.175330 0.000000 0.616169 97.480453 -0.063743 4.554818 0.047681 
3347 44.324053 0.000000 1.483084 95.450785 0.262777 4.232186 0.087117 
3348 44.324053 0.000000 0.616169 95.665762 0.135457 4.990463 0.082314 
3349 25.348461 0.000000 -2.418036 -4.788214 0.090940 -0.224812 0.997701 
3350 24.885641 0.000000 -2.418036 -4.557343 0.257368 0.086043 0.997916 
3351 25.348461 0.000000 -1.984578 -4.339142 0.048754 -0.089844 0.998116 
3352 38.538811 0.000000 5.167476 97.236161 0.000000 0.142451 0.054511 
3353 38.307401 0.000000 5.167476 97.270350 -0.000000 0.158941 0.053845 
3354 38.538811 0.000000 5.384205 97.162677 0.000000 0.355150 0.055929 
3355 38.538811 0.000000 5.600934 97.097997 -0.000000 0.547445 0.057168 
3356 38.307401 0.000000 5.600934 97.136542 -0.000000 0.588332 0.056415 
3357 38.538811 0.000000 5.817663 97.120511 -0.000000 0.707282 0.056711 
3358 39.927269 0.000000 8.635138 99.396758 -0.007241 0.264906 0.012021 
3359 39.695859 0.000000 8.635138 99.411624 0.005501 0.273246 0.011725 
3360 39.927269 0.000000 8.851867 99.633680 -0.007465 0.198336 0.007309 
3361 39.927269 0.000000 9.068596 100.667940 0.117316 1.298091 -0.013573 
3362 39.695859 0.000000 9.068596 100.808591 0.091276 1.364315 -0.016424 
3363 39.927269 0.000000 9.285325 100.660591 0.156373 1.495724 -0.013482 
3364 37.381763 0.000000 9.718783 101.639487 0.151037 3.188620 -0.034078 
3365 36.918944 0.000000 9.718783 101.560252 0.097060 3.542434 -0.032704 
3366 37.381763 0.000000 10.152241 101.176484 0.178253 3.350213 -0.024794 
3367 36.456124 0.000000 6.251120 97.576533 -0.000000 1.562036 0.047638 
3368 35.993305 0.000000 6.251120 97.686290 0.000000 1.755520 0.045431 
3369 39.464450 0.000000 8.635138 99.519108 0.026639 0.268847 0.009587 
3370 39.233040 0.000000 8.635138 99.488448 0.018899 0.270468 0.010198 
3371 39.464450 0.000000 8.851867 99.486578 0.027928 0.273403 0.010235 
3372 39.464450 0.000000 9.068596 100.991449 0.089048 1.386665 -0.020120 
3373 39.233040 0.000000 9.068596 101.157500 0.123010 1.414051 -0.023485 
3374 39.464450 0.000000 9.285325 100.976003 0.169737 1.611645 -0.019878 
3375 40.852908 0.000000 3.867102 96.611664 -1.034547 -0.890158 0.066432 
3376 40.852908 0.000000 3.650373 96.566122 -0.187343 -1.437348 0.067288 
3377 41.084317 0.000000 3.867102 96.600578 -1.136089 -0.760073 0.066646 
3378 40.274384 0.000000 3.758738 96.953733 0.000000 -1.375863 0.059808 
3379 40.274384 0.000000 3.650373 96.975726 0.000000 -1.433204 0.059365 
3380 40.390088 0.000000 3.758738 96.764421 0.000000 -0.974856 0.063570 
3381 40.505793 0.000000 4.408925 97.334434 0.000000 -0.190672 0.052597 
3382 40.505793 0.000000 4.300560 97.158464 0.000000 -0.433249 0.056005 
3383 40.621498 0.000000 4.408925 97.322152 0.000000 -0.179561 0.052837 
3384 41.315727 0.000000 5.600934 97.129351 -1.517812 1.206980 0.056213 
3385 41.315727 0.000000 5.384205 97.044076 -0.136578 1.003892 0.058142 
3386 41.547137 0.000000 5.600934 97.149949 -1.592856 1.351757 0.055752 
3387 40.737203 0.000000 5.275840 97.029141 0.000000 0.557854 0.058503 
3388 40.737203 0.000000 5.167476 96.944111 0.000000 0.415867 0.060167 
3389 40.852908 0.000000 5.275840 96.944170 0.000000 0.415797 0.060166 
3390 41.431432 0.000000 7.226400 97.847405 0.000000 1.034200 0.042482 
3391 41.431432 0.000000 7.118036 97.824592 0.000000 1.068038 0.042921 
3392 41.547137 0.000000 7.226400 97.846283 0.000000 1.037430 0.042503 
3393 40.737203 0.000000 7.659858 97.936871 -0.000000 0.902859 0.040755 
3394 40.621498 0.000000 7.659858 97.839282 0.000000 0.891876 0.042668 
3395 40.737203 0.000000 7.551494 97.826190 0.000000 0.980337 0.042908 
3396 -0.338011 0.000000 -1.767849 83.217682 0.061610 -3.261370 0.306418 
3397 -0.569421 0.000000 -1.767849 84.737074 0.064401 -1.124768 0.281836 
3398 -0.338011 0.000000 -1.984578 85.234488 0.064397 -2.833986 0.272705 
3399 2.207495 0.000000 2.783458 94.545912 0.079016 21.375819 0.060414 
3400 1.744676 0.000000 2.783458 93.797191 0.211709 19.968155 0.080331 
3401 2.207495 0.000000 3.216916 95.701380 0.100183 18.997987 0.048031 
3402 -0.338011 0.000000 0.832898 83.474524 0.088822 15.755231 0.278377 
3403 -0.569421 0.000000 0.832898 84.974597 0.077678 13.845485 0.258761 
3404 -0.338011 0.000000 1.049627 85.198743 0.088161 15.504803 0.250077 
3405 7.761327 0.000000 -0.684205 -5.931666 0.011367 0.232240 0.996476 
3406 8.224146 0.000000 -0.684205 -5.885693 0.006360 0.237519 0.996530 
3407 7.761327 0.000000 -0.250747 -5.916683 0.011915 0.196280 0.996495 
3408 7.761327 0.000000 0.182711 -5.915616 0.061860 0.139445 0.996498 
3409 8.224146 0.000000 0.182711 -5.851877 0.001810 0.103199 0.996574 
3410 8.686965 0.000000 -0.684205 -5.734257 -0.007272 0.241749 0.996706 
3411 9.149785 0.000000 -0.684205 -5.493302 0.058635 0.346031 0.996970 
3412 8.686965 0.000000 -0.250747 -5.688593 -0.014325 0.181630 0.996761 
3413 8.686965 0.000000 0.182711 -5.683164 -0.021733 0.110128 0.996769 
3414 9.149785 0.000000 0.182711 -5.419929 0.155671 0.083006 0.997059 
3415 23.034364 0.000000 11.019156 101.589118 0.245917 5.240619 -0.034787 
3416 21.183087 0.000000 11.019156 101.449839 0.209824 5.666860 -0.032423 
3417 23.034364 0.000000 12.752988 101.628011 -0.024567 5.499401 -0.035850 
3418 29.513835 0.000000 6.684578 100.998382 -0.185837 1.819574 -0.020402 
3419 28.588196 0.000000 6.684578 101.412633 -0.147642 2.180217 -0.028930 
3420 29.513835 0.000000 7.551494 101.199310 -0.094769 2.535539 -0.024774 
3421 29.513835 0.000000 8.418409 101.207301 -0.030595 3.003801 -0.025194 
3422 28.588196 0.000000 8.418409 101.491834 -0.097899 3.241071 -0.031111 
3423 29.513835 0.000000 9.285325 101.239239 -0.117190 3.369817 -0.026075 
3424 48.952246 0.000000 -6.319156 98.839011 -0.232989 5.304062 0.020266 
3425 48.952246 0.000000 -8.052988 99.000808 -0.205156 5.572714 0.016774 
3426 50.803523 0.000000 -6.319156 99.065686 -0.369529 5.258441 0.015820 
3427 33.216389 0.000000 -5.452241 97.464601 -0.205135 11.349099 0.037181 
3428 33.216389 0.000000 -6.319156 98.217010 0.038025 10.602602 0.024100 
3429 34.142028 0.000000 -5.452241 97.376200 -0.003110 10.465574 0.040835 
3430 29.513835 0.000000 10.152241 101.230943 -0.081829 3.744055 -0.026173 
3431 28.588196 0.000000 10.152241 101.428416 0.015179 3.879953 -0.030278 
3432 29.513835 0.000000 11.019156 101.308244 -0.119888 4.002131 -0.027939 
3433 35.530486 0.000000 6.251120 97.649711 0.000000 1.948683 0.046074 
3434 35.067666 0.000000 6.251120 97.515738 0.000000 2.094311 0.048629 
3435 35.530486 0.000000 6.684578 97.454019 0.000000 2.638148 0.049575 
3436 35.530486 0.000000 7.118036 97.224831 0.000000 2.883955 0.053901 
3437 35.067666 0.000000 7.118036 97.251330 0.000000 2.915625 0.053368 
3438 35.530486 0.000000 7.551494 97.304017 0.000000 3.489892 0.051975 
3439 52.654800 0.000000 -6.319156 99.219269 -0.312145 5.262183 0.012775 
3440 52.654800 0.000000 -8.052988 99.271375 -0.300843 5.434157 0.011557 
3441 54.506077 0.000000 -6.319156 99.327138 -0.283272 5.198977 0.010701 
3442 42.009956 0.000000 0.182711 91.778733 0.034731 9.960935 0.147744 
3443 42.009956 0.000000 -0.250747 93.228120 -0.222245 9.009742 0.122729 
3444 42.472775 0.000000 0.182711 92.548134 0.121797 8.096106 0.136928 
3445 24.422822 0.000000 -2.418036 -4.134307 0.185525 0.142484 0.998285 
3446 23.960003 0.000000 -2.418036 -3.644083 0.176337 0.076483 0.998668 
3447 24.422822 0.000000 -1.984578 -3.882070 0.191796 0.259067 0.998483 
3448 39.001630 0.000000 6.034391 97.136992 0.000000 0.780188 0.056380 
3449 38.770221 0.000000 6.034391 97.101481 -0.000000 0.818738 0.057063 
3450 39.001630 0.000000 6.251120 97.129927 0.000000 0.875042 0.056501 
3451 39.001630 0.000000 6.467849 97.097893 0.000000 0.948131 0.057110 
3452 38.770221 0.000000 6.467849 97.055942 -0.000000 1.011541 0.057912 
3453 39.001630 0.000000 6.684578 96.945134 -0.000000 1.025104 0.060059 
3454 39.001630 0.000000 6.901307 96.914305 -0.000000 1.069928 0.060647 
3455 38.770221 0.000000 6.901307 96.913493 -0.000000 1.133579 0.060649 
3456 39.001630 0.000000 7.118036 96.863360 -0.000000 1.080487 0.061632 
3457 39.001630 0.000000 7.334765 96.895338 -0.000000 1.083649 0.061012 
3458 38.770221 0.000000 7.334765 96.905141 -0.000000 1.172981 0.060802 
3459 39.001630 0.000000 7.551494 97.069407 -0.000000 1.026067 0.057648 
3460 41.778546 0.000000 6.034391 97.327277 -0.075758 1.437089 0.052533 
3461 41.778546 0.000000 5.817663 97.129481 -0.309301 1.437705 0.056370 
3462 42.009956 0.000000 6.034391 97.390773 -0.168422 1.466053 0.051286 
3463 39.001630 0.000000 7.768223 97.258639 -0.000000 0.950750 0.053985 
3464 38.770221 0.000000 7.768223 97.165522 -0.000000 1.012367 0.055784 
3465 39.001630 0.000000 7.984952 97.426106 -0.000000 0.868563 0.050740 
3466 39.001630 0.000000 8.201681 97.827643 -0.000267 0.666497 0.042931 
3467 38.770221 0.000000 8.201681 98.513001 -0.009233 0.543390 0.029489 
3468 39.001630 0.000000 8.418409 99.215255 0.000841 0.341412 0.015622 
3469 40.274384 0.000000 3.542009 97.294564 0.000000 -2.292816 0.052851 
3470 40.274384 0.000000 3.433645 97.294564 0.000000 -2.292816 0.052851 
3471 40.390088 0.000000 3.542009 96.944628 -0.532140 -1.667956 0.059867 
3472 41.778546 0.000000 5.600934 97.074950 -1.675935 1.583726 0.057114 
3473 41.778546 0.000000 5.384205 97.080475 -0.128029 1.204981 0.057391 
3474 42.009956 0.000000 5.600934 96.967366 -1.708940 1.818231 0.059110 
3475 39.811564 0.000000 5.926027 97.120763 -0.000000 0.702435 0.056706 
3476 39.695859 0.000000 5.926027 97.112309 -0.000000 0.699691 0.056871 
3477 39.811564 0.000000 6.034391 97.082538 -0.000000 0.759694 0.057440 
3478 39.811564 0.000000 6.142756 97.071491 -0.000000 0.775678 0.057652 
3479 39.695859 0.000000 6.142756 97.056757 -0.000000 0.719357 0.057947 
3480 39.811564 0.000000 6.251120 97.068481 -0.000000 0.797446 0.057707 
3481 39.811564 0.000000 6.359485 97.060350 -0.000000 0.832528 0.057860 
3482 39.695859 0.000000 6.359485 97.094731 -0.000000 0.853783 0.057188 
3483 39.811564 0.000000 6.467849 97.013867 -0.000000 0.896322 0.058751 
3484 19.331810 0.000000 11.019156 101.360820 0.000077 5.907159 -0.030891 
3485 17.480532 0.000000 11.019156 101.308579 0.070268 6.190178 -0.030175 
3486 19.331810 0.000000 12.752988 101.396869 0.072418 6.035365 -0.031776 
3487 27.662557 0.000000 6.684578 101.701313 -0.061923 2.386015 -0.034885 
3488 26.736919 0.000000 6.684578 101.874151 0.086430 2.822401 -0.038632 
3489 27.662557 0.000000 7.551494 101.596057 -0.064778 3.048045 -0.033105 
3490 27.662557 0.000000 8.418409 101.508720 -0.038837 3.547306 -0.031661 
3491 26.736919 0.000000 8.418409 101.640395 0.069409 3.774770 -0.034502 
3492 27.662557 0.000000 9.285325 101.609419 0.021856 3.789790 -0.033884 
3493 38.538811 0.000000 6.034391 97.110613 -0.000000 0.834834 0.056883 
3494 38.307401 0.000000 6.034391 97.146056 -0.000000 0.912914 0.056181 
3495 38.538811 0.000000 6.251120 97.127967 -0.000000 0.996054 0.056517 
3496 38.538811 0.000000 6.467849 97.104995 -0.000000 1.108649 0.056939 
3497 38.307401 0.000000 6.467849 97.066721 -0.000000 1.156001 0.057672 
3498 38.538811 0.000000 6.684578 97.007314 -0.000000 1.155087 0.058825 
3499 38.538811 0.000000 6.901307 96.885821 -0.000000 1.204573 0.061169 
3500 38.307401 0.000000 6.901307 96.846369 -0.000000 1.301029 0.061909 
3501 38.538811 0.000000 7.118036 96.812240 -0.000000 1.254210 0.062582 
3502 38.538811 0.000000 7.334765 96.800660 -0.000000 1.249876 0.062807 
3503 38.307401 0.000000 7.334765 96.742597 -0.000000 1.317314 0.063913 
3504 38.538811 0.000000 7.551494 96.918461 -0.000000 1.166394 0.060545 
3505 27.662557 0.000000 10.152241 101.519887 0.089196 4.080984 -0.032295 
3506 26.736919 0.000000 10.152241 101.580689 0.083487 4.342918 -0.033750 
3507 27.662557 0.000000 11.019156 101.420204 -0.066000 4.298255 -0.030454 
3508 39.580155 0.000000 5.926027 97.109248 -0.000000 0.665158 0.056935 
3509 39.464450 0.000000 5.926027 97.111671 -0.000000 0.683694 0.056886 
3510 39.580155 0.000000 6.034391 97.115285 -0.000000 0.748923 0.056806 
3511 39.580155 0.000000 6.142756 97.109672 -0.000000 0.760591 0.056913 
3512 39.464450 0.000000 6.142756 97.129071 -0.000000 0.784670 0.056533 
3513 39.580155 0.000000 6.251120 97.125576 -0.000000 0.789780 0.056600 
3514 39.580155 0.000000 6.359485 97.139854 -0.000000 0.852790 0.056312 
3515 39.464450 0.000000 6.359485 97.134564 -0.000000 0.844730 0.056416 
3516 39.580155 0.000000 6.467849 97.125135 0.000000 0.910239 0.056588 
1 11 62 60 61 
2 62 10 24 60 
3 60 24 14 63 
4 61 60 63 6 
5 24 66 64 65 
6 66 23 40 64 
7 64 40 27 67 
8 65 64 67 14 
9 40 70 68 69 
10 69 68 71 27 
11 6 63 92 93 
12 63 14 36 92 
13 92 36 19 94 
14 93 92 94 20 
15 14 67 95 96 
16 67 27 52 95 
17 95 52 35 97 
18 96 95 97 36 
19 27 71 98 99 
20 99 98 100 52 
21 68 112 110 111 
22 112 56 80 110 
23 110 80 43 113 
24 111 110 113 71 
25 80 116 114 115 
26 115 114 117 43 
27 124 126 103 127 
28 125 124 127 101 
29 71 113 133 134 
30 113 43 102 133 
31 133 102 76 135 
32 134 133 135 98 
33 43 117 136 137 
34 136 125 101 138 
35 137 136 138 102 
36 114 141 139 140 
37 140 139 142 117 
38 12 145 143 144 
39 145 7 146 143 
40 143 146 13 25 
41 144 143 25 10 
42 25 149 147 148 
43 149 13 150 147 
44 147 150 26 41 
45 148 147 41 23 
46 41 153 151 152 
47 153 26 154 151 
48 151 154 42 57 
49 152 151 57 39 
50 39 157 155 156 
51 157 57 158 155 
52 155 158 55 81 
53 156 155 81 56 
54 81 161 159 160 
55 161 55 162 159 
56 56 174 172 173 
57 174 81 160 172 
58 173 172 116 80 
59 116 177 175 176 
60 176 175 141 114 
61 141 201 199 200 
62 201 106 168 199 
63 199 168 129 202 
64 200 199 202 139 
65 106 205 203 204 
66 204 203 206 168 
67 207 209 124 210 
68 208 207 210 125 
69 221 194 222 219 
70 219 222 198 223 
71 220 219 223 167 
72 168 206 224 225 
73 225 224 226 129 
74 203 229 227 228 
75 229 195 220 227 
76 227 220 167 230 
77 228 227 230 206 
78 169 243 241 242 
79 243 196 244 241 
80 241 244 194 221 
81 242 241 221 195 
82 195 247 245 246 
83 247 221 248 245 
84 245 248 219 249 
85 246 245 249 220 
86 198 259 257 258 
87 259 170 260 257 
88 257 260 217 261 
89 167 223 262 263 
90 223 198 258 262 
91 262 258 215 264 
92 263 262 264 216 
93 265 267 213 268 
94 266 265 268 211 
95 215 261 269 270 
96 261 217 271 269 
97 269 271 128 272 
98 270 269 272 218 
99 258 275 273 274 
100 275 257 276 273 
101 273 276 261 277 
102 274 273 277 215 
103 237 284 282 283 
104 284 240 285 282 
105 282 285 130 286 
106 283 282 286 196 
107 240 290 289 285 
108 290 278 291 289 
109 289 291 281 292 
110 285 289 292 130 
111 293 294 250 295 
112 267 293 295 213 
113 217 297 296 271 
114 297 253 298 296 
115 296 298 256 299 
116 271 296 299 128 
117 160 302 300 301 
118 302 159 303 300 
119 300 303 107 165 
120 301 300 165 79 
121 165 306 304 305 
122 306 107 307 304 
123 163 310 308 309 
124 310 235 311 308 
125 308 311 234 279 
126 309 308 279 181 
127 317 236 318 316 
128 316 318 105 319 
129 279 322 320 321 
130 322 234 323 320 
131 320 323 280 324 
132 321 320 324 278 
133 325 326 121 327 
134 126 325 327 103 
135 328 329 126 330 
136 209 328 330 124 
137 336 131 337 335 
138 335 337 251 338 
139 294 335 338 250 
140 256 341 339 340 
141 341 193 342 339 
142 339 342 294 343 
143 340 339 343 293 
144 235 345 344 311 
145 345 166 346 344 
146 344 346 236 317 
147 311 344 317 234 
148 234 348 347 323 
149 348 317 349 347 
150 347 349 316 350 
151 323 347 350 280 
152 57 352 351 158 
153 352 42 353 351 
154 351 353 58 89 
155 158 351 89 55 
156 55 355 354 162 
157 355 89 356 354 
158 159 358 357 303 
159 358 162 359 357 
160 357 359 82 232 
161 303 357 232 107 
162 107 361 360 307 
163 361 232 362 360 
164 166 364 363 346 
165 364 313 365 363 
166 363 365 312 366 
167 236 366 369 318 
168 366 312 370 369 
169 369 370 315 371 
170 318 369 371 105 
171 346 374 372 373 
172 374 363 375 372 
173 372 375 366 376 
174 373 372 376 236 
175 377 379 328 380 
176 378 377 380 209 
177 251 383 381 382 
178 383 331 384 381 
179 381 384 334 385 
180 382 381 385 109 
181 313 395 394 365 
182 395 231 396 394 
183 394 396 314 397 
184 365 394 397 312 
185 331 406 405 384 
186 406 333 407 405 
187 405 407 189 408 
188 384 405 408 334 
189 232 410 409 362 
190 410 82 411 409 
191 231 413 412 396 
192 412 414 390 415 
193 396 412 415 314 
194 416 417 325 418 
195 329 416 418 126 
196 419 420 329 421 
197 379 419 421 328 
198 333 423 422 407 
199 423 401 424 422 
200 422 424 404 425 
201 407 422 425 189 
202 362 428 426 427 
203 428 409 429 426 
204 426 429 391 413 
205 427 426 413 231 
206 391 435 434 414 
207 435 233 436 434 
208 434 436 392 437 
209 414 434 437 390 
210 413 440 438 439 
211 440 391 441 438 
212 438 441 414 442 
213 439 438 442 412 
214 443 445 416 446 
215 420 443 446 329 
216 404 449 447 448 
217 449 59 450 447 
218 447 450 420 451 
219 448 447 451 419 
220 59 456 455 450 
221 456 444 457 455 
222 455 457 443 458 
223 450 455 458 420 
224 162 460 459 359 
225 460 354 461 459 
226 82 463 462 411 
227 463 387 464 462 
228 411 467 465 466 
229 467 462 468 465 
230 466 465 469 233 
231 387 483 482 464 
232 483 183 484 482 
233 462 487 486 468 
234 487 464 488 486 
235 486 488 386 489 
236 468 486 489 431 
237 233 469 490 436 
238 469 431 491 490 
239 490 491 430 492 
240 436 490 492 392 
241 465 495 493 494 
242 495 468 496 493 
243 493 496 431 497 
244 494 493 497 469 
245 504 506 326 507 
246 417 504 507 325 
247 508 510 417 511 
248 445 508 511 416 
249 444 513 512 457 
250 513 400 514 512 
251 512 514 445 515 
252 457 512 515 443 
253 516 517 182 518 
254 464 520 519 488 
255 520 482 521 519 
256 519 521 485 522 
257 488 519 522 386 
258 526 399 527 525 
259 400 529 528 514 
260 529 509 530 528 
261 528 530 508 531 
262 514 528 531 445 
263 89 533 532 356 
264 533 58 534 532 
265 354 536 535 461 
266 536 356 537 535 
267 183 539 538 484 
268 539 479 540 538 
269 538 540 478 541 
270 482 543 542 521 
271 543 484 544 542 
272 542 544 388 545 
273 521 542 545 485 
274 547 505 548 546 
275 546 548 504 549 
276 510 546 549 417 
277 509 551 550 530 
278 551 185 552 550 
279 550 552 510 553 
280 530 550 553 508 
281 541 478 555 554 
282 554 555 481 556 
283 517 554 556 182 
284 484 558 557 544 
285 558 538 559 557 
286 557 559 541 560 
287 544 557 560 388 
288 399 562 561 527 
289 562 523 563 561 
290 561 563 505 547 
291 185 565 564 552 
292 565 547 566 564 
293 564 566 546 567 
294 552 564 567 510 
295 479 573 572 540 
296 573 88 574 572 
297 572 574 480 575 
298 540 572 575 478 
299 576 578 501 579 
300 506 576 579 326 
301 505 581 580 548 
302 581 91 582 580 
303 580 582 506 583 
304 548 580 583 504 
305 356 585 584 537 
306 585 532 586 584 
307 88 588 587 574 
308 588 569 589 587 
309 587 589 568 590 
310 574 587 590 480 
311 91 594 593 582 
312 594 577 595 593 
313 593 595 576 596 
314 582 593 596 506 
315 569 606 605 589 
316 589 605 608 568 
317 612 614 502 615 
318 578 612 615 501 
319 577 617 616 595 
320 617 477 618 616 
321 616 618 578 619 
322 595 616 619 576 
323 7 621 620 146 
324 621 16 622 620 
325 620 622 15 32 
326 146 620 32 13 
327 13 624 623 150 
328 624 32 625 623 
329 623 625 31 48 
330 150 623 48 26 
331 26 627 626 154 
332 627 48 628 626 
333 626 628 47 85 
334 154 626 85 42 
335 42 630 629 353 
336 630 85 631 629 
337 629 631 84 471 
338 353 629 471 58 
339 58 633 632 534 
340 633 471 634 632 
341 532 636 635 586 
342 636 534 637 635 
343 568 608 642 643 
344 608 570 644 642 
345 642 644 474 645 
346 643 642 645 571 
347 605 648 646 647 
348 648 607 649 646 
349 646 649 570 650 
350 647 646 650 608 
351 477 654 653 618 
352 654 613 655 653 
353 653 655 612 656 
354 618 653 656 578 
355 657 659 609 660 
356 614 657 660 502 
357 613 662 661 655 
358 662 5 663 661 
359 661 663 614 664 
360 655 661 664 612 
361 5 669 668 663 
362 669 658 670 668 
363 668 670 657 671 
364 663 668 671 614 
365 18 673 672 45 
366 673 8 674 672 
367 672 674 29 675 
368 45 672 675 28 
369 677 18 678 676 
370 676 678 45 679 
371 658 697 696 670 
372 696 698 659 699 
373 670 696 699 657 
374 15 701 700 33 
375 701 17 702 700 
376 700 702 8 673 
377 33 700 673 18 
378 704 33 705 703 
379 703 705 18 677 
380 665 720 718 719 
381 720 667 721 718 
382 718 721 600 697 
383 719 718 697 658 
384 722 724 692 725 
385 698 722 725 659 
386 697 728 726 727 
387 728 600 729 726 
388 726 729 698 730 
389 727 726 730 696 
390 667 732 731 721 
391 732 715 733 731 
392 731 733 693 723 
393 721 731 723 600 
394 738 740 694 741 
395 724 738 741 692 
396 723 744 742 743 
397 744 693 745 742 
398 742 745 724 746 
399 743 742 746 722 
400 715 751 750 733 
401 751 717 752 750 
402 750 752 473 739 
403 733 750 739 693 
404 739 759 757 758 
405 759 473 760 757 
406 757 760 740 761 
407 758 757 761 738 
408 717 763 762 752 
409 763 747 764 762 
410 473 766 765 760 
411 766 754 767 765 
412 765 767 753 768 
413 760 765 768 740 
414 471 770 769 634 
415 770 84 771 769 
416 779 782 748 783 
417 780 779 783 599 
418 634 786 784 785 
419 786 769 787 784 
420 772 801 800 782 
421 801 775 802 800 
422 782 800 803 748 
423 781 806 804 805 
424 806 772 807 804 
425 804 807 782 808 
426 805 804 808 779 
427 747 823 822 764 
428 823 749 824 822 
429 735 827 825 826 
430 827 817 828 825 
431 825 828 816 829 
432 826 825 829 755 
433 775 831 830 802 
434 831 796 832 830 
435 830 832 799 833 
436 748 803 834 835 
437 803 712 836 834 
438 834 836 749 823 
439 835 834 823 747 
440 800 839 837 838 
441 839 802 840 837 
442 837 840 712 841 
443 838 837 841 803 
444 817 847 846 828 
445 847 689 848 846 
446 846 848 818 849 
447 828 846 849 816 
448 712 833 850 836 
449 833 799 851 850 
450 850 851 820 852 
451 836 850 852 749 
452 802 854 853 840 
453 854 830 855 853 
454 853 855 833 856 
455 840 853 856 712 
456 749 852 857 824 
457 852 820 858 857 
458 689 860 859 848 
459 860 843 861 859 
460 859 861 842 862 
461 848 859 862 818 
462 867 869 821 870 
463 851 867 870 820 
464 85 872 871 631 
465 872 47 873 871 
466 871 873 86 710 
467 631 871 710 84 
468 84 875 874 771 
469 875 710 876 874 
470 796 881 880 832 
471 881 798 882 880 
472 880 882 714 868 
473 832 880 868 799 
474 799 885 883 884 
475 885 868 886 883 
476 883 886 867 887 
477 884 883 887 851 
478 820 870 895 858 
479 870 821 896 895 
480 843 903 902 861 
481 903 813 898 902 
482 902 898 844 904 
483 861 902 904 842 
484 858 907 905 906 
485 907 895 908 905 
486 905 908 892 899 
487 906 905 899 813 
488 813 911 909 910 
489 911 899 912 909 
490 910 909 913 898 
491 899 923 922 912 
492 923 892 924 922 
493 922 924 900 925 
494 912 922 925 897 
495 21 46 926 927 
496 46 28 928 926 
497 926 928 30 929 
498 927 926 929 9 
499 37 74 930 931 
500 74 44 932 930 
501 930 932 46 933 
502 931 930 933 21 
503 53 120 934 935 
504 120 72 936 934 
505 934 936 74 937 
506 935 934 937 37 
507 77 500 938 939 
508 500 118 940 938 
509 938 940 120 941 
510 939 938 941 53 
511 942 944 118 945 
512 943 942 945 500 
513 812 894 950 951 
514 951 950 953 815 
515 844 901 954 955 
516 901 891 956 954 
517 954 956 894 957 
518 955 954 957 812 
519 898 913 958 959 
520 913 897 960 958 
521 958 960 901 961 
522 959 958 961 844 
523 909 964 962 963 
524 964 912 965 962 
525 962 965 897 966 
526 963 962 966 913 
527 968 864 969 967 
528 967 969 863 970 
529 869 967 970 821 
530 798 972 971 882 
531 972 877 973 971 
532 971 973 864 968 
533 882 971 968 714 
534 714 976 974 975 
535 976 968 977 974 
536 974 977 967 978 
537 975 974 978 869 
538 821 970 979 896 
539 87 982 981 920 
540 982 915 983 981 
541 981 983 914 984 
542 920 981 984 893 
543 864 998 997 969 
544 998 792 999 997 
545 969 1006 1004 1005 
546 1006 997 1007 1004 
547 1004 1007 1000 1008 
548 1005 1004 1008 863 
549 866 1023 1021 1022 
550 1023 1003 1024 1021 
551 1021 1024 1018 1025 
552 1022 1021 1025 916 
553 1003 1031 1030 1024 
554 1001 1039 1037 1038 
555 1039 1002 1040 1037 
556 1037 1040 795 1031 
557 1038 1037 1031 1003 
558 1031 1047 1045 1046 
559 1047 795 1048 1045 
560 1045 1048 1032 1049 
561 1046 1045 1049 1030 
562 792 1054 1053 999 
563 1054 994 1055 1053 
564 865 1058 1056 1057 
565 1058 1035 1059 1056 
566 1056 1059 1034 1060 
567 1057 1056 1060 1002 
568 794 1062 1061 995 
569 1062 989 1063 1061 
570 1066 995 1067 1065 
571 1065 1067 685 1068 
572 1035 1070 1069 1059 
573 1070 993 1071 1069 
574 1069 1071 1036 1072 
575 1059 1069 1072 1034 
576 1068 685 1077 1076 
577 1076 1077 1016 1078 
578 1027 1080 1079 1043 
579 1080 996 1081 1079 
580 1079 1081 1028 1082 
581 1043 1079 1082 1026 
582 1036 1085 1083 1084 
583 1085 1065 1086 1083 
584 1083 1086 1068 1087 
585 1034 1072 1088 1089 
586 1072 1036 1084 1088 
587 1088 1084 996 1080 
588 1089 1088 1080 1027 
589 996 1087 1090 1081 
590 1087 1068 1091 1090 
591 1090 1091 1076 1092 
592 1081 1090 1092 1028 
593 1084 1095 1093 1094 
594 1095 1083 1096 1093 
595 1093 1096 1087 1097 
596 1094 1093 1097 996 
597 570 641 1098 644 
598 641 601 1099 1098 
599 1098 1099 604 1100 
600 644 1098 1100 474 
601 607 1102 1101 649 
602 1102 638 1103 1101 
603 1101 1103 641 1104 
604 649 1101 1104 570 
605 1112 640 1113 1111 
606 1111 1113 601 1114 
607 1103 1111 1114 641 
608 586 1117 1115 1116 
609 1117 635 1118 1115 
610 1115 1118 602 639 
611 1116 1115 639 475 
612 639 1121 1119 1120 
613 1121 602 1122 1119 
614 1119 1122 640 1112 
615 1120 1119 1112 638 
616 638 1125 1123 1124 
617 1125 1112 1126 1123 
618 1123 1126 1111 1127 
619 1124 1123 1127 1103 
620 601 1110 1128 1099 
621 1110 603 1129 1128 
622 1128 1129 476 1130 
623 1099 1128 1130 604 
624 640 1132 1131 1113 
625 1132 1107 1133 1131 
626 1131 1133 1110 1134 
627 1113 1131 1134 601 
628 534 1136 1135 637 
629 1136 632 1137 1135 
630 637 1144 1142 1143 
631 1144 1135 1145 1142 
632 1142 1145 1106 1139 
633 1143 1142 1139 90 
634 90 1148 1146 1147 
635 1148 1139 1149 1146 
636 1146 1149 1138 1150 
637 1147 1146 1150 1109 
638 1139 1156 1155 1149 
639 1156 1106 1157 1155 
640 1155 1157 1140 1158 
641 1149 1155 1158 1138 
642 632 1160 1159 1137 
643 1160 634 785 1159 
644 1135 1162 1161 1145 
645 1162 1137 1163 1161 
646 1161 1163 598 1152 
647 1145 1161 1152 1106 
648 1152 1170 1168 1169 
649 1170 598 1171 1168 
650 1168 1171 1153 1172 
651 1169 1168 1172 1151 
652 1173 1175 716 1176 
653 1174 1173 1176 597 
654 1153 1179 1177 1178 
655 1179 1164 1180 1177 
656 1177 1180 1167 1181 
657 1178 1177 1181 777 
658 1164 1186 1185 1180 
659 1186 1166 1187 1185 
660 1185 1187 776 1188 
661 1180 1185 1188 1167 
662 1189 780 599 1190 
663 1175 1189 1190 716 
664 1166 1192 1191 1187 
665 1192 1182 1193 1191 
666 1191 1193 1184 1194 
667 1187 1191 1194 776 
668 1184 1197 1195 1196 
669 1195 1198 780 1199 
670 1196 1195 1199 1189 
671 1182 1201 1200 1193 
672 1201 789 1202 1200 
673 1200 1202 773 1197 
674 1193 1200 1197 1184 
675 773 1204 1203 1198 
676 1204 781 805 1203 
677 1203 805 779 1205 
678 1198 1203 1205 780 
679 1197 1208 1206 1207 
680 1208 773 1209 1206 
681 1206 1209 1198 1210 
682 1207 1206 1210 1195 
683 895 1212 1211 908 
684 1212 896 1213 1211 
685 1211 1213 87 919 
686 908 1211 919 892 
687 919 1216 1214 1215 
688 1216 87 1217 1214 
689 1214 1217 920 1218 
690 892 1220 1219 924 
691 1220 919 1215 1219 
692 1219 1215 918 1221 
693 924 1219 1221 900 
694 891 921 1222 956 
695 921 893 1223 1222 
696 1222 1223 814 1224 
697 956 1222 1224 894 
698 918 1218 1225 1226 
699 1218 920 1227 1225 
700 1225 1227 893 1228 
701 1226 1225 1228 921 
702 1215 1231 1229 1230 
703 1231 1214 1232 1229 
704 1229 1232 1218 1233 
705 1230 1229 1233 918 
706 118 687 1234 940 
707 687 119 1235 1234 
708 1234 1235 72 1236 
709 940 1234 1236 120 
710 1237 1238 687 1239 
711 944 1237 1239 118 
712 888 1262 1260 1261 
713 1261 1260 1263 1244 
714 1020 1269 1267 1268 
715 1269 1255 1270 1267 
716 1267 1270 1253 1271 
717 1268 1267 1271 1254 
718 916 1025 1272 1273 
719 1273 1272 1262 888 
720 1262 1276 1274 1275 
721 1276 1020 1268 1274 
722 1274 1268 1254 1277 
723 1275 1274 1277 1260 
724 1244 1263 1282 1283 
725 1283 1282 1285 890 
726 1296 1297 119 1298 
727 1238 1296 1298 687 
728 1303 810 1304 1302 
729 1302 1304 1248 1305 
730 1306 1308 1238 1309 
731 1307 1306 1309 1237 
732 1305 1248 1324 1323 
733 1323 1324 684 1325 
734 1330 1307 1237 1332 
735 1331 1330 1332 944 
736 1333 1335 1306 1336 
737 1334 1333 1336 1307 
738 1341 1342 1296 1343 
739 1308 1341 1343 1238 
740 1325 684 1345 1344 
741 1344 1345 1308 1346 
742 1335 1344 1346 1306 
743 1348 1323 1349 1347 
744 1347 1349 1325 1350 
745 1357 1305 1358 1356 
746 1356 1358 1323 1348 
747 1312 1364 1363 1354 
748 1364 1348 1365 1363 
749 1363 1365 1347 1366 
750 1354 1363 1366 1339 
751 1353 1369 1367 1368 
752 1369 1312 1370 1367 
753 1367 1370 1354 1371 
754 1368 1367 1371 1351 
755 1329 1385 1383 1384 
756 1385 1353 1368 1383 
757 1383 1368 1351 1386 
758 1384 1383 1386 1352 
759 1389 1398 1396 1397 
760 1398 1360 1399 1396 
761 1396 1399 1329 1394 
762 1397 1396 1394 1381 
763 1394 1402 1400 1401 
764 1402 1329 1403 1400 
765 1400 1403 1384 1404 
766 1377 1407 1405 1406 
767 1407 1310 1380 1405 
768 1405 1380 1338 1408 
769 1406 1405 1408 1375 
770 1310 1411 1409 1410 
771 1411 1381 1393 1409 
772 1409 1393 1379 1412 
773 1410 1409 1412 1380 
774 1381 1415 1413 1414 
775 1415 1394 1401 1413 
776 1413 1401 1392 1416 
777 1414 1413 1416 1393 
778 1313 1340 1417 1418 
779 1340 1249 1419 1417 
780 1417 1419 1335 1420 
781 1418 1417 1420 1333 
782 1338 1382 1421 1422 
783 1382 1337 1423 1421 
784 1421 1423 1340 1424 
785 1422 1421 1424 1313 
786 1379 1395 1425 1426 
787 1395 1352 1427 1425 
788 1425 1427 1337 1428 
789 1426 1425 1428 1382 
790 1392 1404 1429 1430 
791 1404 1384 1431 1429 
792 1429 1431 1352 1432 
793 1430 1429 1432 1395 
794 1401 1435 1433 1434 
795 1435 1400 1436 1433 
796 1433 1436 1404 1437 
797 1434 1433 1437 1392 
798 1442 1331 944 1444 
799 1443 1442 1444 942 
800 946 1447 1445 1446 
801 1447 948 1439 1445 
802 1445 1439 499 1448 
803 1446 1445 1448 949 
804 499 1441 1449 1450 
805 1449 1451 1330 1452 
806 1450 1449 1452 1331 
807 1439 1455 1453 1454 
808 1453 1456 1441 1457 
809 1454 1453 1457 499 
810 948 1462 1460 1461 
811 1462 1440 1463 1460 
812 1461 1460 1455 1439 
813 1464 1466 1242 1467 
814 1456 1464 1467 1441 
815 1455 1470 1468 1469 
816 1468 1471 1456 1472 
817 1469 1468 1472 1453 
818 1440 1474 1473 1463 
819 1474 1240 1475 1473 
820 1460 1478 1476 1477 
821 1478 1463 1479 1476 
822 1476 1479 1438 1470 
823 1477 1476 1470 1455 
824 1481 1465 1482 1480 
825 1480 1482 1464 1483 
826 1471 1480 1483 1456 
827 1470 1486 1484 1485 
828 1486 1438 1487 1484 
829 1484 1487 1471 1488 
830 1485 1484 1488 1468 
831 1489 1334 1307 1490 
832 1451 1489 1490 1330 
833 1372 1493 1491 1492 
834 1492 1491 1494 1374 
835 1373 1496 1495 1466 
836 1496 1372 1492 1495 
837 1495 1492 1374 1497 
838 1466 1495 1497 1242 
839 1465 1499 1498 1482 
840 1499 1373 1500 1498 
841 1498 1500 1466 1501 
842 1482 1498 1501 1464 
843 1463 1503 1502 1479 
844 1503 1473 1504 1502 
845 1502 1504 1465 1481 
846 1479 1502 1481 1438 
847 1438 1506 1505 1487 
848 1506 1481 1507 1505 
849 1505 1507 1480 1508 
850 1487 1505 1508 1471 
851 989 1521 1520 1063 
852 1521 991 1522 1520 
853 991 1533 1532 1522 
854 1533 1517 1534 1532 
855 1536 1524 1537 1535 
856 1535 1537 1523 1538 
857 1513 1531 1542 1543 
858 1531 1515 1544 1542 
859 1542 1544 1013 1545 
860 1543 1542 1545 1516 
861 1546 1549 1515 1550 
862 1547 1546 1550 1531 
863 1264 1563 1561 1562 
864 1562 1561 1564 1255 
865 1019 1567 1565 1566 
866 1567 1044 1568 1565 
867 1026 1082 1574 1552 
868 1082 1028 1575 1574 
869 1574 1575 1015 1576 
870 1578 1552 1579 1577 
871 1577 1579 1029 1580 
872 1558 1582 1581 1572 
873 1582 1551 1583 1581 
874 1581 1583 1559 1584 
875 1572 1581 1584 1556 
876 1557 1573 1589 1590 
877 1573 1556 1591 1589 
878 1589 1591 1560 1592 
879 1590 1589 1592 889 
880 1595 1572 1596 1593 
881 1593 1596 1556 1597 
882 1594 1593 1597 1573 
883 1033 1600 1598 1599 
884 1600 1019 1566 1598 
885 1599 1598 1563 1264 
886 1563 1603 1601 1602 
887 1603 1266 1570 1601 
888 1601 1570 1557 1604 
889 1602 1601 1604 1561 
890 1570 1607 1605 1606 
891 1605 1594 1573 1608 
892 1606 1605 1608 1557 
893 1566 1611 1609 1610 
894 1611 1565 1612 1609 
895 1609 1612 1558 1571 
896 1610 1609 1571 1266 
897 1571 1615 1613 1614 
898 1615 1558 1616 1613 
899 1613 1616 1572 1595 
900 1619 1595 1620 1617 
901 1617 1620 1593 1621 
902 1618 1617 1621 1594 
903 1266 1624 1622 1623 
904 1624 1571 1614 1622 
905 1623 1622 1607 1570 
906 1607 1627 1625 1626 
907 1627 1569 1618 1625 
908 1625 1618 1594 1628 
909 1626 1625 1628 1605 
910 1614 1631 1629 1630 
911 1631 1613 1632 1629 
912 1629 1632 1595 1619 
913 1630 1629 1619 1569 
914 1569 1635 1633 1634 
915 1635 1619 1636 1633 
916 1633 1636 1617 1637 
917 1634 1633 1637 1618 
918 1520 1640 1638 1639 
919 1640 1522 1641 1638 
920 1638 1641 50 1529 
921 1639 1638 1529 1514 
922 1529 1644 1642 1643 
923 1644 50 1645 1642 
924 72 683 1646 936 
925 683 73 1647 1646 
926 1646 1647 44 1648 
927 936 1646 1648 74 
928 119 1011 1649 1235 
929 1011 680 1650 1649 
930 1649 1650 683 1651 
931 1235 1649 1651 72 
932 1652 1653 1011 1654 
933 1297 1652 1654 119 
934 1515 1538 1658 1544 
935 1538 1523 1659 1658 
936 1658 1659 1526 1660 
937 1544 1658 1660 1013 
938 1530 1662 1661 1549 
939 1662 1535 1663 1661 
940 1661 1663 1538 1664 
941 1549 1661 1664 1515 
942 1667 1530 1668 1665 
943 1665 1668 1549 1669 
944 1666 1665 1669 1546 
945 992 1672 1670 1671 
946 1672 1514 1528 1670 
947 1670 1528 1513 1673 
948 1671 1670 1673 1074 
949 1528 1676 1674 1675 
950 1676 1527 1547 1674 
951 1674 1547 1531 1677 
952 1675 1674 1677 1513 
953 1527 1680 1678 1679 
954 1678 1666 1546 1681 
955 1679 1678 1681 1547 
956 1522 1683 1682 1641 
957 1683 1532 1684 1682 
958 1682 1684 1524 1536 
959 1641 1682 1536 50 
960 50 1686 1685 1645 
961 1686 1536 1687 1685 
962 1685 1687 1535 1662 
963 1645 1685 1662 1530 
964 1642 1690 1688 1689 
965 1690 1645 1691 1688 
966 1688 1691 1530 1667 
967 1694 1667 1695 1692 
968 1692 1695 1665 1696 
969 1693 1692 1696 1666 
970 1514 1699 1697 1698 
971 1699 1529 1643 1697 
972 1697 1643 1527 1676 
973 1698 1697 1676 1528 
974 1643 1702 1700 1701 
975 1702 1642 1689 1700 
976 1701 1700 1680 1527 
977 1680 1705 1703 1704 
978 1705 1548 1693 1703 
979 1703 1693 1666 1706 
980 1704 1703 1706 1678 
981 1689 1709 1707 1708 
982 1709 1688 1710 1707 
983 1707 1710 1667 1694 
984 1708 1707 1694 1548 
985 1548 1713 1711 1712 
986 1713 1694 1714 1711 
987 1711 1714 1692 1715 
988 1712 1711 1715 1693 
989 34 1717 1716 682 
990 1717 677 1718 1716 
991 1716 1718 676 1719 
992 682 1716 1719 73 
993 681 1721 1720 1010 
994 1721 34 1722 1720 
995 1720 1722 682 1723 
996 1010 1720 1723 680 
997 1725 681 1726 1724 
998 1724 1726 1010 1727 
999 1524 1733 1732 1537 
1000 1733 1510 1734 1732 
1001 1537 1732 1735 1523 
1002 49 1737 1736 708 
1003 1737 703 1738 1736 
1004 1736 1738 677 1717 
1005 708 1736 1717 34 
1006 706 1740 1739 987 
1007 1740 708 1741 1739 
1008 1739 1741 34 1721 
1009 987 1739 1721 681 
1010 1743 987 1744 1742 
1011 1742 1744 681 1725 
1012 1517 1746 1745 1534 
1013 1746 1519 1747 1745 
1014 1510 1749 1748 1734 
1015 1749 1729 1750 1748 
1016 1748 1750 1728 1751 
1017 1734 1748 1751 1525 
1018 1523 1735 1752 1659 
1019 1735 1525 1753 1752 
1020 1752 1753 1509 1754 
1021 1659 1752 1754 1526 
1022 1732 1757 1755 1756 
1023 1757 1734 1758 1755 
1024 1755 1758 1525 1759 
1025 1756 1755 1759 1735 
1026 1078 1016 1761 1760 
1027 1760 1761 810 1303 
1028 1576 1015 1763 1762 
1029 1762 1763 1251 1764 
1030 1580 1029 1766 1765 
1031 1255 1564 1777 1270 
1032 1270 1777 1778 1253 
1033 1586 1781 1779 1780 
1034 1781 1585 1773 1779 
1035 1779 1773 1588 1782 
1036 1780 1779 1782 1256 
1037 1560 1785 1783 1784 
1038 1785 1553 1786 1783 
1039 1585 1789 1787 1788 
1040 1788 1787 1791 1773 
1041 1587 1796 1795 1775 
1042 1796 1765 1797 1795 
1043 1795 1797 1767 1798 
1044 1775 1795 1798 1554 
1045 1800 1587 1801 1799 
1046 1799 1801 1775 1802 
1047 1588 1776 1803 1804 
1048 1776 1554 1805 1803 
1049 1803 1805 1770 1806 
1050 1804 1803 1806 1768 
1051 1773 1791 1807 1808 
1052 1791 1772 1809 1807 
1053 1807 1809 1776 1810 
1054 1808 1807 1810 1588 
1055 1787 1813 1811 1812 
1056 1811 1814 1772 1815 
1057 1812 1811 1815 1791 
1058 889 1592 1816 1817 
1059 1592 1560 1784 1816 
1060 1816 1784 1585 1781 
1061 1817 1816 1781 1586 
1062 1784 1820 1818 1819 
1063 1820 1783 1821 1818 
1064 1818 1821 1774 1789 
1065 1819 1818 1789 1585 
1066 1789 1824 1822 1823 
1067 1824 1774 1825 1822 
1068 1822 1825 1790 1813 
1069 1823 1822 1813 1787 
1070 1772 1802 1826 1809 
1071 1802 1775 1827 1826 
1072 1826 1827 1554 1828 
1073 1809 1826 1828 1776 
1074 1790 1830 1829 1814 
1075 1830 1799 1831 1829 
1076 1829 1831 1802 1832 
1077 1814 1829 1832 1772 
1078 1813 1835 1833 1834 
1079 1835 1790 1836 1833 
1080 1833 1836 1814 1837 
1081 1834 1833 1837 1811 
1082 1839 1725 1840 1838 
1083 1838 1840 1724 1841 
1084 1728 1847 1845 1846 
1085 1845 1848 1511 1849 
1086 1846 1845 1849 1731 
1087 1729 1851 1850 1750 
1088 1851 988 1852 1850 
1089 1750 1850 1847 1728 
1090 1727 1010 1854 1853 
1091 1853 1854 680 1855 
1092 1653 1853 1855 1011 
1093 1841 1724 1857 1856 
1094 1856 1857 1727 1858 
1095 1860 1838 1861 1859 
1096 1859 1861 1841 1862 
1097 1848 1859 1862 1511 
1098 1847 1865 1863 1864 
1099 1863 1866 1848 1867 
1100 1864 1863 1867 1845 
1101 1519 1869 1868 1747 
1102 1869 1742 1870 1868 
1103 1868 1870 1725 1839 
1104 988 1872 1871 1852 
1105 1872 1839 1873 1871 
1106 1871 1873 1838 1860 
1107 1850 1876 1874 1875 
1108 1876 1852 1877 1874 
1109 1874 1877 1730 1865 
1110 1875 1874 1865 1847 
1111 1730 1879 1878 1866 
1112 1879 1860 1880 1878 
1113 1878 1880 1859 1881 
1114 1866 1878 1881 1848 
1115 1865 1884 1882 1883 
1116 1884 1730 1885 1882 
1117 1882 1885 1866 1886 
1118 1883 1882 1886 1863 
1119 1764 1251 1888 1887 
1120 1897 1900 1890 1901 
1121 1898 1897 1901 1891 
1122 1771 1904 1902 1903 
1123 1904 1291 1898 1902 
1124 1902 1898 1891 1905 
1125 1903 1902 1905 1894 
1126 1770 1908 1906 1907 
1127 1908 1792 1909 1906 
1128 1291 1912 1910 1911 
1129 1910 1913 1897 1914 
1130 1911 1910 1914 1898 
1131 1768 1806 1915 1916 
1132 1806 1770 1907 1915 
1133 1915 1907 1291 1904 
1134 1916 1915 1904 1771 
1135 1907 1919 1917 1918 
1136 1919 1906 1920 1917 
1137 1917 1920 1899 1912 
1138 1918 1917 1912 1291 
1139 1250 1922 1921 1892 
1140 1922 1764 1923 1921 
1141 1921 1923 1887 1924 
1142 1794 1926 1925 1900 
1143 1926 1250 1927 1925 
1144 1925 1927 1892 1928 
1145 1900 1925 1928 1890 
1146 1899 1930 1929 1913 
1147 1930 1794 1931 1929 
1148 1929 1931 1900 1932 
1149 1913 1929 1932 1897 
1150 1912 1935 1933 1934 
1151 1935 1899 1936 1933 
1152 1933 1936 1913 1937 
1153 1934 1933 1937 1910 
1154 1924 1887 1948 1947 
1155 1947 1948 1889 1949 
1156 1893 1952 1950 1951 
1157 1952 1292 1953 1950 
1158 1950 1953 1943 1954 
1159 1289 1960 1958 1959 
1160 1960 1893 1951 1958 
1161 1958 1951 1941 1961 
1162 1959 1958 1961 1942 
1163 1941 1954 1966 1967 
1164 1954 1943 1968 1966 
1165 1966 1968 1252 1969 
1166 1967 1966 1969 1944 
1167 1951 1972 1970 1971 
1168 1972 1950 1973 1970 
1169 1970 1973 1954 1974 
1170 1971 1970 1974 1941 
1171 1949 1889 1976 1975 
1172 1975 1976 1945 1977 
1173 1977 1945 1980 1978 
1174 1978 1980 1316 1981 
1175 1979 1978 1981 1286 
1176 1984 1975 1985 1982 
1177 1982 1985 1977 1986 
1178 1987 1979 1286 1989 
1179 1988 1987 1989 1321 
1180 1962 1992 1990 1991 
1181 1991 1990 1993 1965 
1182 1252 1996 1994 1995 
1183 1996 1949 1997 1994 
1184 1994 1997 1975 1984 
1185 1995 1994 1984 1964 
1186 1964 2000 1998 1999 
1187 2000 1984 2001 1998 
1188 1998 2001 1982 2002 
1189 1944 1969 2003 2004 
1190 1969 1252 1995 2003 
1191 2003 1995 1964 1992 
1192 2004 2003 1992 1962 
1193 1992 2007 2005 2006 
1194 2007 1964 1999 2005 
1195 2005 1999 1983 2008 
1196 2006 2005 2008 1990 
1197 1940 1986 2009 2010 
1198 1986 1977 2011 2009 
1199 2009 2011 1978 2012 
1200 2010 2009 2012 1979 
1201 1983 2002 2013 2014 
1202 2002 1982 2015 2013 
1203 2013 2015 1986 2016 
1204 2014 2013 2016 1940 
1205 1999 2019 2017 2018 
1206 2019 1998 2020 2017 
1207 2017 2020 2002 2021 
1208 2018 2017 2021 1983 
1209 1286 1981 2022 2023 
1210 1981 1316 2024 2022 
1211 2022 2024 1314 2025 
1212 2023 2022 2025 1315 
1213 1315 2025 2026 2027 
1214 2027 2026 2029 1288 
1215 2031 1302 2032 2030 
1216 2030 2032 1305 1357 
1217 2025 2039 2037 2038 
1218 2039 1314 2040 2037 
1219 2038 2037 2041 2026 
1220 1316 2043 2042 2024 
1221 2043 1287 2044 2042 
1222 2042 2044 1317 2034 
1223 2024 2042 2034 1314 
1224 1314 2046 2045 2040 
1225 2046 2034 2047 2045 
1226 2045 2047 2033 2048 
1227 2026 2041 2052 2053 
1228 2052 2054 1318 2055 
1229 2053 2052 2055 2029 
1230 2037 2058 2056 2057 
1231 2058 2040 2059 2056 
1232 2057 2056 2060 2041 
1233 2048 2033 2064 2063 
1234 2063 2064 2036 2065 
1235 2054 2063 2065 1318 
1236 2040 2067 2066 2059 
1237 2067 2045 2068 2066 
1238 2066 2068 2048 2069 
1239 2059 2066 2069 2028 
1240 2041 2060 2070 2071 
1241 2060 2028 2072 2070 
1242 2070 2072 2054 2073 
1243 2071 2070 2073 2052 
1244 2056 2076 2074 2075 
1245 2076 2059 2077 2074 
1246 2074 2077 2028 2078 
1247 2075 2074 2078 2060 
1248 2051 2081 2079 2080 
1249 2081 2061 2082 2079 
1250 2080 2079 2083 1326 
1251 1247 2085 2084 2062 
1252 2085 1357 2086 2084 
1253 2084 2086 1356 2087 
1254 2062 2084 2087 1328 
1255 2061 2089 2088 2082 
1256 2089 2062 2090 2088 
1257 2088 2090 1328 2091 
1258 2082 2088 2091 1361 
1259 1326 2083 2092 2093 
1260 2083 1361 2094 2092 
1261 2092 2094 1359 2095 
1262 2093 2092 2095 1360 
1263 2079 2098 2096 2097 
1264 2098 2082 2099 2096 
1265 2096 2099 1361 2100 
1266 2097 2096 2100 2083 
1267 1248 2102 2101 1324 
1268 1324 2101 2104 684 
1269 2106 1300 2107 2105 
1270 2105 2107 1014 2108 
1271 684 2104 2109 1345 
1272 2104 1301 2110 2109 
1273 2109 2110 1341 2111 
1274 1345 2109 2111 1308 
1275 2101 2114 2112 2113 
1276 2112 2115 1301 2116 
1277 2113 2112 2116 2104 
1278 810 2118 2117 1304 
1279 2118 1075 2119 2117 
1280 2117 2119 1299 2102 
1281 1304 2117 2102 1248 
1282 2102 2122 2120 2121 
1283 2122 1299 2123 2120 
1284 2120 2123 2103 2114 
1285 2121 2120 2114 2101 
1286 2124 2125 1297 2126 
1287 1342 2124 2126 1296 
1288 1301 2108 2127 2110 
1289 2108 1014 2128 2127 
1290 2127 2128 1342 2129 
1291 2110 2127 2129 1341 
1292 2103 2131 2130 2115 
1293 2131 2105 2132 2130 
1294 2130 2132 2108 2133 
1295 2115 2130 2133 1301 
1296 2114 2136 2134 2135 
1297 2136 2103 2137 2134 
1298 2134 2137 2115 2138 
1299 2135 2134 2138 2112 
1300 1300 2140 2139 2107 
1301 2140 1539 2141 2139 
1302 2107 2139 2142 1014 
1303 1539 2144 2143 2141 
1304 2144 1540 2145 2143 
1305 2143 2145 686 2146 
1306 2141 2143 2146 1541 
1307 1014 2142 2147 2128 
1308 2142 1541 2148 2147 
1309 2147 2148 2124 2149 
1310 2128 2147 2149 1342 
1311 2139 2152 2150 2151 
1312 2152 2141 2153 2150 
1313 2150 2153 1541 2154 
1314 2151 2150 2154 2142 
1315 2155 2156 1652 2157 
1316 2125 2155 2157 1297 
1317 1540 2159 2158 2145 
1318 2159 1655 2160 2158 
1319 2145 2158 2161 686 
1320 1655 2163 2162 2160 
1321 2163 1656 2164 2162 
1322 2162 2164 1512 2165 
1323 2160 2162 2165 1657 
1324 686 2161 2166 2167 
1325 2161 1657 2168 2166 
1326 2166 2168 2155 2169 
1327 2167 2166 2169 2125 
1328 2158 2172 2170 2171 
1329 2172 2160 2173 2170 
1330 2170 2173 1657 2174 
1331 2171 2170 2174 2161 
1332 1 2177 2175 2176 
1333 2177 12 144 2175 
1334 2175 144 10 62 
1335 2176 2175 62 11 
1336 16 2179 2178 622 
1337 2179 2 2180 2178 
1338 2178 2180 17 701 
1339 622 2178 701 15 
1340 19 38 2181 2182 
1341 38 21 927 2181 
1342 2181 927 9 2183 
1343 2182 2181 2183 22 
1344 20 94 2184 2185 
1345 94 19 2182 2184 
1346 2184 2182 22 2186 
1347 2185 2184 2186 4 
1348 10 2189 2187 2188 
1349 2189 25 148 2187 
1350 2187 148 23 66 
1351 2188 2187 66 24 
1352 28 675 2190 928 
1353 675 29 2191 2190 
1354 2190 2191 3 2192 
1355 928 2190 2192 30 
1356 32 2194 2193 625 
1357 2194 15 2195 2193 
1358 2193 2195 33 704 
1359 625 2193 704 31 
1360 35 54 2196 2197 
1361 54 37 931 2196 
1362 2196 931 21 2198 
1363 2197 2196 2198 38 
1364 36 97 2199 2200 
1365 97 35 2197 2199 
1366 2199 2197 38 2201 
1367 2200 2199 2201 19 
1368 23 2204 2202 2203 
1369 2204 41 152 2202 
1370 2202 152 39 70 
1371 2203 2202 70 40 
1372 44 679 2205 932 
1373 679 45 2206 2205 
1374 2205 2206 28 2207 
1375 932 2205 2207 46 
1376 48 2209 2208 628 
1377 2209 31 2210 2208 
1378 2208 2210 49 707 
1379 628 2208 707 47 
1380 51 78 2211 2212 
1381 78 53 935 2211 
1382 2211 935 37 2213 
1383 2212 2211 2213 54 
1384 52 100 2214 2215 
1385 100 51 2212 2214 
1386 2214 2212 54 2216 
1387 2215 2214 2216 35 
1388 70 2219 2217 2218 
1389 2219 39 156 2217 
1390 2217 156 56 112 
1391 2218 2217 112 68 
1392 75 123 2220 2221 
1393 123 77 939 2220 
1394 2220 939 53 2222 
1395 2221 2220 2222 78 
1396 76 104 2223 2224 
1397 104 75 2221 2223 
1398 2223 2221 78 2225 
1399 2224 2223 2225 51 
1400 98 135 2226 2227 
1401 135 76 2224 2226 
1402 2226 2224 51 2228 
1403 2227 2226 2228 100 
1404 117 142 2229 2230 
1405 2229 208 125 2231 
1406 2230 2229 2231 136 
1407 139 202 2232 2233 
1408 202 129 212 2232 
1409 2232 212 83 2234 
1410 2233 2232 2234 142 
1411 79 2237 2235 2236 
1412 2237 165 305 2235 
1413 172 2240 2238 2239 
1414 2240 160 301 2238 
1415 2238 301 79 177 
1416 2239 2238 177 116 
1417 175 2243 2241 2242 
1418 2243 164 179 2241 
1419 2241 179 106 201 
1420 2242 2241 201 141 
1421 180 2246 2244 2245 
1422 2246 163 309 2244 
1423 2244 309 181 239 
1424 2245 2244 239 178 
1425 179 2249 2247 2248 
1426 2248 2247 205 106 
1427 319 105 2253 2252 
1428 2252 2253 192 2254 
1429 2254 192 2256 2255 
1430 2255 2256 131 336 
1431 196 286 2257 244 
1432 286 130 2258 2257 
1433 2257 2258 197 2259 
1434 244 2257 2259 194 
1435 194 2259 2260 222 
1436 2259 197 2261 2260 
1437 2260 2261 170 259 
1438 222 2260 259 198 
1439 205 2264 2262 2263 
1440 2264 169 242 2262 
1441 2262 242 195 229 
1442 2263 2262 229 203 
1443 132 252 2265 2266 
1444 2265 378 209 2267 
1445 2266 2265 2267 207 
1446 129 226 2268 2269 
1447 2268 266 211 2270 
1448 2269 2268 2270 212 
1449 216 264 2271 2272 
1450 264 215 270 2271 
1451 2271 270 218 2273 
1452 2272 2271 2273 171 
1453 206 230 2274 2275 
1454 230 167 263 2274 
1455 2274 263 216 2276 
1456 2275 2274 2276 224 
1457 224 2276 2277 2278 
1458 2276 216 2272 2277 
1459 2277 2272 171 2279 
1460 2278 2277 2279 226 
1461 238 2282 2280 2281 
1462 2282 237 283 2280 
1463 2280 283 196 243 
1464 2281 2280 243 169 
1465 250 338 2283 2284 
1466 338 251 382 2283 
1467 2283 382 109 2285 
1468 2284 2283 2285 252 
1469 213 295 2286 2287 
1470 295 250 2284 2286 
1471 2286 2284 252 2288 
1472 2287 2286 2288 132 
1473 170 2290 2289 260 
1474 2290 254 2291 2289 
1475 2289 2291 253 297 
1476 260 2289 297 217 
1477 253 2293 2292 298 
1478 2293 255 2294 2292 
1479 2292 2294 193 341 
1480 298 2292 341 256 
1481 181 2297 2295 2296 
1482 2297 279 321 2295 
1483 2295 321 278 290 
1484 2296 2295 290 240 
1485 278 324 2298 291 
1486 324 280 2299 2298 
1487 2298 2299 191 2300 
1488 291 2298 2300 281 
1489 130 292 2301 2258 
1490 292 281 2302 2301 
1491 2301 2302 287 2303 
1492 2258 2301 2303 197 
1493 281 2300 2304 2302 
1494 2300 191 2305 2304 
1495 2304 2305 288 2306 
1496 2302 2304 2306 287 
1497 197 2303 2307 2261 
1498 2303 287 2308 2307 
1499 2307 2308 254 2290 
1500 2261 2307 2290 170 
1501 128 299 2309 2310 
1502 299 256 340 2309 
1503 2309 340 293 2311 
1504 2310 2309 2311 267 
1505 312 397 2312 370 
1506 397 314 2313 2312 
1507 2312 2313 187 2314 
1508 370 2312 2314 315 
1509 280 350 2315 2299 
1510 350 316 2316 2315 
1511 2315 2316 319 2317 
1512 2299 2315 2317 191 
1513 131 2319 2318 337 
1514 2319 332 2320 2318 
1515 2318 2320 331 383 
1516 337 2318 383 251 
1517 332 2322 2321 2320 
1518 2322 186 2323 2321 
1519 2321 2323 333 406 
1520 2320 2321 406 331 
1521 360 2326 2324 2325 
1522 2326 362 427 2324 
1523 2324 427 231 395 
1524 2325 2324 395 313 
1525 307 2329 2327 2328 
1526 2329 360 2325 2327 
1527 2327 2325 313 364 
1528 2328 2327 364 166 
1529 105 371 2330 2253 
1530 371 315 2331 2330 
1531 2330 2331 367 2332 
1532 2253 2330 2332 192 
1533 315 2314 2333 2331 
1534 2314 187 2334 2333 
1535 2333 2334 368 2335 
1536 2331 2333 2335 367 
1537 367 2335 2336 2337 
1538 2335 368 2338 2336 
1539 2336 2338 186 2322 
1540 2337 2336 2322 332 
1541 192 2332 2339 2256 
1542 2332 367 2337 2339 
1543 2339 2337 332 2319 
1544 2256 2339 2319 131 
1545 314 415 2340 2313 
1546 415 390 2341 2340 
1547 2340 2341 393 2342 
1548 2313 2340 2342 187 
1549 518 182 2346 2345 
1550 2345 2346 399 526 
1551 186 2348 2347 2323 
1552 2348 402 2349 2347 
1553 2347 2349 401 423 
1554 2323 2347 423 333 
1555 401 2351 2350 424 
1556 2351 403 2352 2350 
1557 2350 2352 59 449 
1558 424 2350 449 404 
1559 409 2354 2353 429 
1560 2354 411 466 2353 
1561 2353 466 233 435 
1562 429 2353 435 391 
1563 189 425 2355 2356 
1564 425 404 448 2355 
1565 2355 448 419 2357 
1566 2356 2355 2357 379 
1567 431 489 2358 491 
1568 489 386 2359 2358 
1569 2358 2359 432 2360 
1570 491 2358 2360 430 
1571 403 2362 2361 2352 
1572 2362 452 2363 2361 
1573 2361 2363 444 456 
1574 2352 2361 456 59 
1575 478 575 2364 555 
1576 575 480 2365 2364 
1577 2364 2365 184 2366 
1578 555 2364 2366 481 
1579 2367 943 500 2369 
1580 2368 2367 2369 77 
1581 386 522 2370 2359 
1582 522 485 2371 2370 
1583 2370 2371 516 2372 
1584 2359 2370 2372 432 
1585 485 545 2373 2371 
1586 545 388 2374 2373 
1587 2373 2374 517 2375 
1588 2371 2373 2375 516 
1589 182 556 2376 2346 
1590 556 481 2377 2376 
1591 2376 2377 523 562 
1592 2346 2376 562 399 
1593 481 2366 2378 2377 
1594 2366 184 2379 2378 
1595 2378 2379 524 2380 
1596 2377 2378 2380 523 
1597 523 2380 2381 563 
1598 2380 524 2382 2381 
1599 2381 2382 91 581 
1600 563 2381 581 505 
1601 388 560 2383 2374 
1602 560 541 2384 2383 
1603 2383 2384 554 2385 
1604 2374 2383 2385 517 
1605 480 590 2386 2365 
1606 590 568 643 2386 
1607 2386 643 571 2387 
1608 2365 2386 2387 184 
1609 584 2390 2388 2389 
1610 2390 586 1116 2388 
1611 2388 1116 475 606 
1612 2389 2388 606 569 
1613 537 2393 2391 2392 
1614 2393 584 2389 2391 
1615 2391 2389 569 588 
1616 2392 2391 588 88 
1617 184 2387 2394 2379 
1618 2387 571 2395 2394 
1619 2394 2395 591 2396 
1620 2379 2394 2396 524 
1621 571 645 2397 2395 
1622 645 474 2398 2397 
1623 2397 2398 592 2399 
1624 2395 2397 2399 591 
1625 591 2399 2400 2401 
1626 2399 592 2402 2400 
1627 2400 2402 477 617 
1628 2401 2400 617 577 
1629 524 2396 2403 2382 
1630 2396 591 2401 2403 
1631 2403 2401 577 594 
1632 2382 2403 594 91 
1633 635 2405 2404 1118 
1634 2405 637 1143 2404 
1635 2404 1143 90 1108 
1636 1118 2404 1108 602 
1637 475 2408 2406 2407 
1638 2408 639 1120 2406 
1639 2406 1120 638 1102 
1640 2407 2406 1102 607 
1641 474 1100 2409 2398 
1642 1100 604 2410 2409 
1643 2409 2410 651 2411 
1644 2398 2409 2411 592 
1645 604 1130 2412 2410 
1646 1130 476 2413 2412 
1647 2412 2413 652 2414 
1648 2410 2412 2414 651 
1649 651 2414 2415 2416 
1650 2414 652 2417 2415 
1651 2415 2417 5 662 
1652 2416 2415 662 613 
1653 592 2411 2418 2402 
1654 2411 651 2416 2418 
1655 2418 2416 613 654 
1656 2402 2418 654 477 
1657 652 2420 2419 2417 
1658 2420 665 719 2419 
1659 2419 719 658 669 
1660 2417 2419 669 5 
1661 73 1719 2421 1647 
1662 1719 676 2422 2421 
1663 2421 2422 679 2423 
1664 1647 2421 2423 44 
1665 680 1723 2424 1650 
1666 1723 682 2425 2424 
1667 2424 2425 73 2426 
1668 1650 2424 2426 683 
1669 31 2431 2430 2210 
1670 2431 704 2432 2430 
1671 2430 2432 703 1737 
1672 2210 2430 1737 49 
1673 47 2434 2433 873 
1674 2434 707 2435 2433 
1675 2433 2435 706 986 
1676 873 2433 986 86 
1677 707 2437 2436 2435 
1678 2437 49 2438 2436 
1679 2436 2438 708 1740 
1680 2435 2436 1740 706 
1681 710 2440 2439 876 
1682 2440 86 2441 2439 
1683 597 1176 2442 2443 
1684 1176 716 2444 2442 
1685 2442 2444 715 732 
1686 2443 2442 732 667 
1687 716 1190 2445 2444 
1688 1190 599 2446 2445 
1689 2445 2446 717 751 
1690 2444 2445 751 715 
1691 600 2448 2447 729 
1692 2448 723 743 2447 
1693 2447 743 722 2449 
1694 729 2447 2449 698 
1695 693 2451 2450 745 
1696 2451 739 758 2450 
1697 2450 758 738 2452 
1698 745 2450 2452 724 
1699 599 783 2453 2446 
1700 783 748 835 2453 
1701 2453 835 747 763 
1702 2446 2453 763 717 
1703 754 2455 2454 767 
1704 2455 735 826 2454 
1705 2454 826 755 2456 
1706 767 2454 2456 753 
1707 769 2458 2457 787 
1708 2458 771 2459 2457 
1709 2457 2459 472 797 
1710 774 2461 2460 791 
1711 2461 713 2462 2460 
1712 2460 2462 775 801 
1713 791 2460 801 772 
1714 789 2464 2463 1202 
1715 2464 788 2465 2463 
1716 2463 2465 781 1204 
1717 1202 2463 1204 773 
1718 713 2467 2466 2462 
1719 2467 797 2468 2466 
1720 2466 2468 796 831 
1721 2462 2466 831 775 
1722 797 2470 2469 2468 
1723 2470 472 2471 2469 
1724 2469 2471 798 881 
1725 2468 2469 881 796 
1726 736 845 2472 2473 
1727 845 812 951 2472 
1728 2472 951 815 2474 
1729 2473 2472 2474 688 
1730 842 904 2475 2476 
1731 904 844 955 2475 
1732 2475 955 812 2477 
1733 2476 2475 2477 845 
1734 818 862 2478 2479 
1735 862 842 2476 2478 
1736 2478 2476 845 2480 
1737 2479 2478 2480 736 
1738 857 2483 2481 2482 
1739 2483 858 906 2481 
1740 2481 906 813 903 
1741 2482 2481 903 843 
1742 824 2486 2484 2485 
1743 2486 857 2482 2484 
1744 2484 2482 843 860 
1745 2485 2484 860 689 
1746 868 2488 2487 886 
1747 2488 714 975 2487 
1748 2487 975 869 2489 
1749 886 2487 2489 867 
1750 771 2491 2490 2459 
1751 2491 874 2492 2490 
1752 2490 2492 793 878 
1753 2459 2490 878 472 
1754 472 2494 2493 2471 
1755 2494 878 2495 2493 
1756 2493 2495 877 972 
1757 2471 2493 972 798 
1758 877 2497 2496 973 
1759 2497 879 2498 2496 
1760 2496 2498 792 998 
1761 973 2496 998 864 
1762 897 925 2499 960 
1763 925 900 2500 2499 
1764 2499 2500 891 2501 
1765 960 2499 2501 901 
1766 915 2503 2502 983 
1767 2503 866 1022 2502 
1768 2502 1022 916 2504 
1769 983 2502 2504 914 
1770 914 2504 2505 2506 
1771 2504 916 1273 2505 
1772 2505 1273 888 2507 
1773 2506 2505 2507 917 
1774 893 984 2508 1223 
1775 984 914 2506 2508 
1776 2508 2506 917 2509 
1777 1223 2508 2509 814 
1778 900 1221 2510 2500 
1779 1221 918 1226 2510 
1780 2510 1226 921 2511 
1781 2500 2510 2511 891 
1782 2512 1443 942 2514 
1783 2513 2512 2514 943 
1784 815 953 2515 2516 
1785 2516 2515 1447 946 
1786 896 2518 2517 1213 
1787 2518 979 2519 2517 
1788 2517 2519 915 982 
1789 1213 2517 982 87 
1790 86 2521 2520 2441 
1791 2521 986 2522 2520 
1792 2520 2522 985 1518 
1793 986 2524 2523 2522 
1794 2524 706 2525 2523 
1795 2523 2525 987 1743 
1796 2522 2523 1743 985 
1797 709 2527 2526 1052 
1798 2527 990 2528 2526 
1799 2526 2528 989 1062 
1800 1052 2526 1062 794 
1801 990 2530 2529 2528 
1802 2530 711 2531 2529 
1803 2529 2531 991 1521 
1804 2528 2529 1521 989 
1805 994 2533 2532 1055 
1806 2533 794 2534 2532 
1807 2532 2534 995 1066 
1808 1000 2537 2535 2536 
1809 2537 865 1057 2535 
1810 2535 1057 1002 1039 
1811 2536 2535 1039 1001 
1812 980 2540 2538 2539 
1813 2540 1001 1038 2538 
1814 2538 1038 1003 1023 
1815 2539 2538 1023 866 
1816 1030 1049 2541 2542 
1817 1049 1032 2543 2541 
1818 2541 2543 1019 1600 
1819 2542 2541 1600 1033 
1820 1002 1060 2544 1040 
1821 1060 1034 1089 2544 
1822 2544 1089 1027 1042 
1823 1040 2544 1042 795 
1824 1032 2546 2545 2543 
1825 2546 1041 2547 2545 
1826 2545 2547 1044 1567 
1827 2543 2545 1567 1019 
1828 879 2549 2548 2498 
1829 2549 1050 2550 2548 
1830 2548 2550 994 1054 
1831 2498 2548 1054 792 
1832 993 2552 2551 1071 
1833 2552 1066 2553 2551 
1834 2551 2553 1065 1085 
1835 1071 2551 1085 1036 
1836 1016 2555 2554 1761 
1837 2555 1073 2556 2554 
1838 2554 2556 1075 2118 
1839 1761 2554 2118 810 
1840 1028 1092 2557 1575 
1841 1092 1076 2558 2557 
1842 2557 2558 1078 2559 
1843 1575 2557 2559 1015 
1844 1105 1154 2560 2561 
1845 2560 1174 597 2562 
1846 2561 2560 2562 666 
1847 603 1141 2563 1129 
1848 1141 1105 2561 2563 
1849 2563 2561 666 2564 
1850 1129 2563 2564 476 
1851 602 2566 2565 1122 
1852 2566 1108 2567 2565 
1853 2565 2567 1107 1132 
1854 1122 2565 1132 640 
1855 1108 2569 2568 2567 
1856 2569 90 1147 2568 
1857 2568 1147 1109 2570 
1858 2567 2568 2570 1107 
1859 1107 2570 2571 1133 
1860 2570 1109 2572 2571 
1861 2571 2572 603 2573 
1862 1133 2571 2573 1110 
1863 1109 1150 2574 2572 
1864 1150 1138 2575 2574 
1865 2574 2575 1141 2576 
1866 2572 2574 2576 603 
1867 1106 2578 2577 1157 
1868 2578 1152 1169 2577 
1869 2577 1169 1151 2579 
1870 1157 2577 2579 1140 
1871 1151 1172 2580 2581 
1872 1172 1153 1178 2580 
1873 2580 1178 777 2582 
1874 2581 2580 2582 1154 
1875 1140 2579 2583 2584 
1876 2579 1151 2581 2583 
1877 2583 2581 1154 2585 
1878 2584 2583 2585 1105 
1879 1137 2587 2586 1163 
1880 2587 1159 2588 2586 
1881 2586 2588 778 1165 
1882 1163 2586 1165 598 
1883 598 2590 2589 1171 
1884 2590 1165 2591 2589 
1885 2589 2591 1164 1179 
1886 1171 2589 1179 1153 
1887 1165 2593 2592 2591 
1888 2593 778 2594 2592 
1889 2592 2594 1166 1186 
1890 2591 2592 1186 1164 
1891 1159 2596 2595 2588 
1892 2596 785 2597 2595 
1893 2595 2597 470 1183 
1894 2588 2595 1183 778 
1895 778 2599 2598 2594 
1896 2599 1183 2600 2598 
1897 2598 2600 1182 1192 
1898 2594 2598 1192 1166 
1899 1183 2602 2601 2600 
1900 2602 470 2603 2601 
1901 2601 2603 789 1201 
1902 2600 2601 1201 1182 
1903 776 1194 2604 2605 
1904 1194 1184 1196 2604 
1905 2604 1196 1189 2606 
1906 2605 2604 2606 1175 
1907 1253 1778 2607 2608 
1908 2608 2607 2609 1257 
1909 1254 1271 2610 2611 
1910 1271 1253 2608 2610 
1911 2610 2608 1257 2612 
1912 2611 2610 2612 1243 
1913 917 2507 2613 2614 
1914 2507 888 1261 2613 
1915 2613 1261 1244 2615 
1916 2614 2613 2615 1258 
1917 1258 2615 2616 2617 
1918 2615 1244 1283 2616 
1919 2616 1283 890 2618 
1920 2617 2616 2618 1259 
1921 1260 1277 2619 2620 
1922 1277 1254 2611 2619 
1923 2619 2611 1243 2621 
1924 2620 2619 2621 1263 
1925 1265 2624 2622 2623 
1926 2624 1264 1562 2622 
1927 2622 1562 1255 1269 
1928 2623 2622 1269 1020 
1929 1272 2627 2625 2626 
1930 2627 1265 2623 2625 
1931 2625 2623 1020 1276 
1932 2626 2625 1276 1262 
1933 1257 2609 2634 2635 
1934 2635 2634 2636 1294 
1935 1294 2636 2637 2638 
1936 2638 2637 2639 1295 
1937 1075 2641 2640 2119 
1938 2641 1012 2642 2640 
1939 2640 2642 1300 2106 
1940 2119 2640 2106 1299 
1941 2644 1303 2645 2643 
1942 2643 2645 1302 2031 
1943 1321 1989 2646 2647 
1944 1989 1286 2023 2646 
1945 2646 2023 1315 2648 
1946 2647 2646 2648 1319 
1947 1319 2648 2649 2650 
1948 2648 1315 2027 2649 
1949 2649 2027 1288 2651 
1950 2650 2649 2651 1322 
1951 811 1378 2652 2653 
1952 1378 1313 1418 2652 
1953 2652 1418 1333 2654 
1954 2653 2652 2654 1334 
1955 1337 1355 2655 1423 
1956 1355 1339 2656 2655 
1957 2655 2656 1249 2657 
1958 1423 2655 2657 1340 
1959 1249 1350 2658 1419 
1960 1350 1325 2659 2658 
1961 2658 2659 1344 2660 
1962 1419 2658 2660 1335 
1963 1339 1366 2661 2656 
1964 1366 1347 2662 2661 
1965 2661 2662 1350 2663 
1966 2656 2661 2663 1249 
1967 1352 1386 2664 1427 
1968 1386 1351 2665 2664 
1969 2664 2665 1355 2666 
1970 1427 2664 2666 1337 
1971 1328 2087 2667 1362 
1972 2087 1356 2668 2667 
1973 2667 2668 1348 1364 
1974 1362 2667 1364 1312 
1975 1361 2091 2669 2094 
1976 2091 1328 2670 2669 
1977 2669 2670 1362 2671 
1978 2094 2669 2671 1359 
1979 1359 2671 2672 2673 
1980 2671 1362 2674 2672 
1981 2672 2674 1312 1369 
1982 2673 2672 1369 1353 
1983 1360 2095 2675 1399 
1984 2095 1359 2673 2675 
1985 2675 2673 1353 1385 
1986 1399 2675 1385 1329 
1987 1240 2677 2676 1475 
1988 2677 1281 2678 2676 
1989 2676 2678 1372 1496 
1990 1475 2676 1496 1373 
1991 1375 1408 2680 2681 
1992 1408 1338 1422 2680 
1993 2680 1422 1313 2682 
1994 2681 2680 2682 1378 
1995 1380 1412 2683 2684 
1996 1412 1379 1426 2683 
1997 2683 1426 1382 2685 
1998 2684 2683 2685 1338 
1999 1322 2651 2686 2687 
2000 2651 1288 2050 2686 
2001 2686 2050 1327 2688 
2002 2687 2686 2688 1387 
2003 1387 2688 2689 2690 
2004 2688 1327 1390 2689 
2005 2689 1390 1310 1407 
2006 2690 2689 1407 1377 
2007 1391 2693 2691 2692 
2008 2693 1326 2093 2691 
2009 2691 2093 1360 1398 
2010 2692 2691 1398 1389 
2011 1390 2696 2694 2695 
2012 2696 1389 1397 2694 
2013 2694 1397 1381 1411 
2014 2695 2694 1411 1310 
2015 1393 1416 2697 2698 
2016 1416 1392 1430 2697 
2017 2697 1430 1395 2699 
2018 2698 2697 2699 1379 
2019 949 1448 2700 2701 
2020 1448 499 1450 2700 
2021 2700 1450 1331 2702 
2022 2701 2700 2702 1442 
2023 1473 2704 2703 1504 
2024 2704 1475 2705 2703 
2025 2703 2705 1373 1499 
2026 1504 2703 1499 1465 
2027 1374 1494 2706 2707 
2028 1494 811 2653 2706 
2029 2706 2653 1334 2708 
2030 2707 2706 2708 1489 
2031 1074 1673 2709 2710 
2032 1673 1513 1543 2709 
2033 2709 1543 1516 2711 
2034 2710 2709 2711 1012 
2035 711 2713 2712 2531 
2036 2713 1518 2714 2712 
2037 2712 2714 1517 1533 
2038 2531 2712 1533 991 
2039 1518 2716 2715 2714 
2040 2716 985 2717 2715 
2041 2715 2717 1519 1746 
2042 2714 2715 1746 1517 
2043 1063 2720 2718 2719 
2044 2720 1520 1639 2718 
2045 2718 1639 1514 1672 
2046 2719 2718 1672 992 
2047 1532 2722 2721 1684 
2048 2722 1534 2723 2721 
2049 2721 2723 1510 1733 
2050 1684 2721 1733 1524 
2051 1012 2711 2724 2642 
2052 2711 1516 2725 2724 
2053 2724 2725 1539 2140 
2054 2642 2724 2140 1300 
2055 1516 1545 2726 2725 
2056 1545 1013 2727 2726 
2057 2726 2727 1540 2144 
2058 2725 2726 2144 1539 
2059 1044 2729 2728 1568 
2060 2729 1026 2730 2728 
2061 2728 2730 1552 1578 
2062 1556 1584 2731 1591 
2063 1584 1559 2732 2731 
2064 2731 2732 1553 1785 
2065 1591 2731 1785 1560 
2066 1561 1604 2733 2734 
2067 1604 1557 1590 2733 
2068 2733 1590 889 2735 
2069 2734 2733 2735 1564 
2070 1565 2737 2736 1612 
2071 2737 1568 2738 2736 
2072 2736 2738 1551 1582 
2073 1612 2736 1582 1558 
2074 1598 2741 2739 2740 
2075 2741 1566 1610 2739 
2076 2739 1610 1266 1603 
2077 2740 2739 1603 1563 
2078 1622 2744 2742 2743 
2079 2744 1614 1630 2742 
2080 2742 1630 1569 1627 
2081 2743 2742 1627 1607 
2082 2745 2746 1653 2747 
2083 2156 2745 2747 1652 
2084 1013 1660 2748 2727 
2085 1660 1526 2749 2748 
2086 2748 2749 1655 2159 
2087 2727 2748 2159 1540 
2088 1526 1754 2750 2749 
2089 1754 1509 2751 2750 
2090 2750 2751 1656 2163 
2091 2749 2750 2163 1655 
2092 1700 2754 2752 2753 
2093 2754 1689 1708 2752 
2094 2752 1708 1548 1705 
2095 2753 2752 1705 1680 
2096 1525 1751 2755 1753 
2097 1751 1728 1846 2755 
2098 2755 1846 1731 2756 
2099 1753 2755 2756 1509 
2100 985 2758 2757 2717 
2101 2758 1743 2759 2757 
2102 2757 2759 1742 1869 
2103 2717 2757 1869 1519 
2104 1534 2761 2760 2723 
2105 2761 1745 2762 2760 
2106 2760 2762 1729 1749 
2107 2723 2760 1749 1510 
2108 1015 2559 2763 1763 
2109 2559 1078 2764 2763 
2110 2763 2764 1760 2765 
2111 1763 2763 2765 1251 
2112 1251 2765 2766 1888 
2113 2765 1760 2767 2766 
2114 2766 2767 1303 2644 
2115 1555 2769 2768 1793 
2116 2769 1762 2770 2768 
2117 2768 2770 1764 1922 
2118 1793 2768 1922 1250 
2119 1553 2772 2771 1786 
2120 2772 1580 2773 2771 
2121 2771 2773 1765 1796 
2122 1786 2771 1796 1587 
2123 1256 1782 2774 2775 
2124 1782 1588 1804 2774 
2125 2774 1804 1768 2776 
2126 2775 2774 2776 1769 
2127 1769 2776 2777 2778 
2128 2776 1768 1916 2777 
2129 2777 1916 1771 2779 
2130 2778 2777 2779 1245 
2131 1564 2735 2780 2781 
2132 2735 889 1817 2780 
2133 2780 1817 1586 2782 
2134 2781 2780 2782 1777 
2135 1777 2782 2783 2784 
2136 2782 1586 1780 2783 
2137 2783 1780 1256 2785 
2138 2784 2783 2785 1778 
2139 1783 2787 2786 1821 
2140 2787 1786 2788 2786 
2141 2786 2788 1587 1800 
2142 1821 2786 1800 1774 
2143 1554 1798 2789 1805 
2144 1798 1767 2790 2789 
2145 2789 2790 1792 1908 
2146 1805 2789 1908 1770 
2147 1792 2792 2791 1909 
2148 2792 1793 2793 2791 
2149 2791 2793 1250 1926 
2150 1909 2791 1926 1794 
2151 1774 2795 2794 1825 
2152 2795 1800 2796 2794 
2153 2794 2796 1799 1830 
2154 1825 2794 1830 1790 
2155 1509 2756 2797 2751 
2156 2756 1731 2798 2797 
2157 2797 2798 1842 2799 
2158 2751 2797 2799 1656 
2159 1731 1849 2800 2798 
2160 1849 1511 2801 2800 
2161 2800 2801 1843 2802 
2162 2798 2800 2802 1842 
2163 1656 2799 2803 2164 
2164 2799 1842 2804 2803 
2165 2803 2804 1844 2805 
2166 2164 2803 2805 1512 
2167 1858 1727 2807 2806 
2168 2806 2807 1853 2808 
2169 2746 2806 2808 1653 
2170 1511 1862 2809 2801 
2171 1862 1841 2810 2809 
2172 2809 2810 1856 2811 
2173 2801 2809 2811 1843 
2174 1852 2813 2812 1877 
2175 2813 1871 2814 2812 
2176 2812 2814 1860 1879 
2177 1877 2812 1879 1730 
2178 1890 1928 2815 2816 
2179 1928 1892 2817 2815 
2180 2815 2817 1292 1952 
2181 2816 2815 1952 1893 
2182 1891 1901 2818 2819 
2183 1901 1890 2816 2818 
2184 2818 2816 1893 1960 
2185 2819 2818 1960 1289 
2186 1245 2779 2820 2821 
2187 2779 1771 1903 2820 
2188 2820 1903 1894 2822 
2189 2821 2820 2822 1895 
2190 1894 1905 2823 2824 
2191 1905 1891 2819 2823 
2192 2823 2819 1289 2825 
2193 2824 2823 2825 1896 
2194 1895 2822 2826 2827 
2195 2822 1894 2824 2826 
2196 2826 2824 1896 2828 
2197 2827 2826 2828 1290 
2198 1906 2830 2829 1920 
2199 2830 1909 2831 2829 
2200 2829 2831 1794 1930 
2201 1920 2829 1930 1899 
2202 2835 1988 1321 2837 
2203 2836 2835 2837 1280 
2204 1942 1961 2838 2839 
2205 1961 1941 1967 2838 
2206 2838 1967 1944 2840 
2207 2839 2838 2840 1293 
2208 1945 2842 2841 1980 
2209 2842 1946 2843 2841 
2210 2841 2843 1287 2043 
2211 1980 2841 2043 1316 
2212 1943 2845 2844 1968 
2213 2845 1947 2846 2844 
2214 2844 2846 1949 1996 
2215 1968 2844 1996 1252 
2216 1896 2825 2847 2848 
2217 2825 1289 1959 2847 
2218 2847 1959 1942 2849 
2219 2848 2847 2849 1955 
2220 1955 2849 2850 2851 
2221 2849 1942 2839 2850 
2222 2850 2839 1293 2852 
2223 2851 2850 2852 1957 
2224 1293 2840 2853 2854 
2225 2840 1944 2004 2853 
2226 2853 2004 1962 2855 
2227 2854 2853 2855 1963 
2228 1963 2855 2856 2857 
2229 2855 1962 1991 2856 
2230 2856 1991 1965 2858 
2231 2857 2856 2858 1938 
2232 1965 1993 2859 2860 
2233 1993 1940 2010 2859 
2234 2859 2010 1979 2861 
2235 2860 2859 2861 1987 
2236 1990 2008 2862 2863 
2237 2008 1983 2014 2862 
2238 2862 2014 1940 2864 
2239 2863 2862 2864 1993 
2240 1317 2866 2865 2035 
2241 2866 2030 2867 2865 
2242 2865 2867 1357 2085 
2243 2035 2865 2085 1247 
2244 2049 2870 2868 2869 
2245 2870 2051 2080 2868 
2246 2868 2080 1326 2693 
2247 2869 2868 2693 1391 
2248 1318 2065 2871 2872 
2249 2065 2036 2873 2871 
2250 2871 2873 2061 2081 
2251 2872 2871 2081 2051 
2252 2036 2875 2874 2873 
2253 2875 1247 2876 2874 
2254 2874 2876 2062 2089 
2255 2873 2874 2089 2061 
2256 2028 2069 2877 2072 
2257 2069 2048 2878 2877 
2258 2877 2878 2063 2879 
2259 2072 2877 2879 2054 
2260 1299 2881 2880 2123 
2261 2881 2106 2882 2880 
2262 2880 2882 2105 2131 
2263 2123 2880 2131 2103 
2264 1541 2146 2883 2148 
2265 2146 686 2167 2883 
2266 2883 2167 2125 2884 
2267 2148 2883 2884 2124 
2268 1657 2165 2885 2168 
2269 2165 1512 2886 2885 
2270 2885 2886 2156 2887 
2271 2168 2885 2887 2155 
2272 121 503 2888 2889 
2273 2888 2368 77 2890 
2274 2889 2888 2890 123 
2275 103 327 2891 2892 
2276 327 121 2889 2891 
2277 2891 2889 123 2893 
2278 2892 2891 2893 75 
2279 177 2896 2894 2895 
2280 2896 79 2236 2894 
2281 2894 2236 164 2243 
2282 2895 2894 2243 175 
2283 164 2899 2897 2898 
2284 2899 180 2245 2897 
2285 2897 2245 178 2249 
2286 2898 2897 2249 179 
2287 83 214 2900 2901 
2288 214 132 2266 2900 
2289 2900 2266 207 2902 
2290 2901 2900 2902 208 
2291 211 268 2903 2904 
2292 268 213 2287 2903 
2293 2903 2287 132 2905 
2294 2904 2903 2905 214 
2295 212 2270 2906 2907 
2296 2270 211 2904 2906 
2297 2906 2904 214 2908 
2298 2907 2906 2908 83 
2299 239 2911 2909 2910 
2300 2911 181 2296 2909 
2301 2909 2296 240 284 
2302 2910 2909 284 237 
2303 254 2913 2912 2291 
2304 2913 190 2914 2912 
2305 2912 2914 255 2293 
2306 2291 2912 2293 253 
2307 218 272 2915 2916 
2308 272 128 2310 2915 
2309 2915 2310 267 2917 
2310 2916 2915 2917 265 
2311 287 2306 2918 2308 
2312 2306 288 2919 2918 
2313 2918 2919 190 2913 
2314 2308 2918 2913 254 
2315 304 2922 2920 2921 
2316 2922 307 2328 2920 
2317 2920 2328 166 345 
2318 2921 2920 345 235 
2319 305 2925 2923 2924 
2320 2925 304 2921 2923 
2321 2923 2921 235 310 
2322 2924 2923 310 163 
2323 334 408 2926 2927 
2324 408 189 2356 2926 
2325 2926 2356 379 2928 
2326 2927 2926 2928 377 
2327 390 437 2929 2341 
2328 437 392 2930 2929 
2329 2929 2930 108 2931 
2330 2341 2929 2931 393 
2331 402 2933 2932 2349 
2332 2933 188 2934 2932 
2333 2932 2934 403 2351 
2334 2349 2932 2351 401 
2335 392 492 2935 2930 
2336 492 430 2936 2935 
2337 2935 2936 433 2937 
2338 2930 2935 2937 108 
2339 188 2939 2938 2934 
2340 2939 453 2940 2938 
2341 2938 2940 452 2362 
2342 2934 2938 2362 403 
2343 452 2942 2941 2363 
2344 2942 454 2943 2941 
2345 2941 2943 400 513 
2346 2363 2941 513 444 
2347 454 2945 2944 2943 
2348 2945 525 2946 2944 
2349 2944 2946 509 529 
2350 2943 2944 529 400 
2351 535 2949 2947 2948 
2352 2949 537 2392 2947 
2353 2947 2392 88 573 
2354 2948 2947 573 479 
2355 461 2952 2950 2951 
2356 2952 535 2948 2950 
2357 2950 2948 479 539 
2358 2951 2950 539 183 
2359 606 2955 2953 2954 
2360 2955 475 2407 2953 
2361 2953 2407 607 648 
2362 2954 2953 648 605 
2363 609 695 2956 2957 
2364 2957 2956 2958 611 
2365 502 660 2959 2960 
2366 660 609 2957 2959 
2367 2959 2957 611 2961 
2368 2960 2959 2961 122 
2369 476 2564 2962 2413 
2370 2564 666 2963 2962 
2371 2962 2963 665 2420 
2372 2413 2962 2420 652 
2373 666 2562 2964 2963 
2374 2562 597 2443 2964 
2375 2964 2443 667 720 
2376 2963 2964 720 665 
2377 734 819 2965 2966 
2378 819 736 2473 2965 
2379 2965 2473 688 2967 
2380 2966 2965 2967 737 
2381 694 756 2968 2969 
2382 756 734 2966 2968 
2383 2968 2966 737 2970 
2384 2969 2968 2970 610 
2385 785 2972 2971 2597 
2386 2972 784 2973 2971 
2387 2971 2973 774 790 
2388 2597 2971 790 470 
2389 470 2975 2974 2603 
2390 2975 790 2976 2974 
2391 2974 2976 788 2464 
2392 2603 2974 2464 789 
2393 788 2978 2977 2465 
2394 2978 791 2979 2977 
2395 2977 2979 772 806 
2396 2465 2977 806 781 
2397 816 849 2980 2981 
2398 849 818 2479 2980 
2399 2980 2479 736 2982 
2400 2981 2980 2982 819 
2401 755 829 2983 2984 
2402 829 816 2981 2983 
2403 2983 2981 819 2985 
2404 2984 2983 2985 734 
2405 822 2988 2986 2987 
2406 2988 824 2485 2986 
2407 2986 2485 689 847 
2408 2987 2986 847 817 
2409 764 2991 2989 2990 
2410 2991 822 2987 2989 
2411 2989 2987 817 827 
2412 2990 2989 827 735 
2413 874 2993 2992 2492 
2414 2993 876 2994 2992 
2415 2992 2994 709 1051 
2416 2492 2992 1051 793 
2417 878 2996 2995 2495 
2418 2996 793 2997 2995 
2419 2995 2997 879 2497 
2420 2495 2995 2497 877 
2421 688 2474 2998 2999 
2422 2474 815 2516 2998 
2423 2998 2516 946 3000 
2424 2999 2998 3000 947 
2425 947 3000 3001 3002 
2426 3000 946 1446 3001 
2427 3001 1446 949 3003 
2428 3002 3001 3003 691 
2429 979 3005 3004 2519 
2430 3005 980 2539 3004 
2431 3004 2539 866 2503 
2432 2519 3004 2503 915 
2433 997 3007 3006 1007 
2434 3007 999 3008 3006 
2435 3006 3008 865 2537 
2436 1007 3006 2537 1000 
2437 863 1008 3009 3010 
2438 1008 1000 2536 3009 
2439 3009 2536 1001 2540 
2440 3010 3009 2540 980 
2441 795 3012 3011 1048 
2442 3012 1042 3013 3011 
2443 3011 3013 1041 2546 
2444 1048 3011 2546 1032 
2445 1041 3015 3014 2547 
2446 3015 1043 3016 3014 
2447 3014 3016 1026 2729 
2448 2547 3014 2729 1044 
2449 793 3018 3017 2997 
2450 3018 1051 3019 3017 
2451 3017 3019 1050 2549 
2452 2997 3017 2549 879 
2453 1050 3021 3020 2550 
2454 3021 1052 3022 3020 
2455 3020 3022 794 2533 
2456 2550 3020 2533 994 
2457 999 3024 3023 3008 
2458 3024 1053 3025 3023 
2459 3023 3025 1035 1058 
2460 3008 3023 1058 865 
2461 685 3027 3026 1077 
2462 3027 1064 3028 3026 
2463 3026 3028 1073 2555 
2464 1077 3026 2555 1016 
2465 1064 3030 3029 3028 
2466 3030 992 1671 3029 
2467 3029 1671 1074 3031 
2468 3028 3029 3031 1073 
2469 1073 3031 3032 2556 
2470 3031 1074 2710 3032 
2471 3032 2710 1012 2641 
2472 2556 3032 2641 1075 
2473 1138 1158 3033 2575 
2474 1158 1140 2584 3033 
2475 3033 2584 1105 3034 
2476 2575 3033 3034 1141 
2477 1167 1188 3035 3036 
2478 1188 776 2605 3035 
2479 3035 2605 1175 3037 
2480 3036 3035 3037 1173 
2481 814 2509 3038 3039 
2482 2509 917 2614 3038 
2483 3038 2614 1258 3040 
2484 3039 3038 3040 952 
2485 952 3040 3041 3042 
2486 3040 1258 2617 3041 
2487 3041 2617 1259 3043 
2488 3042 3041 3043 690 
2489 1018 3046 3044 3045 
2490 3046 1033 1599 3044 
2491 3044 1599 1264 2624 
2492 3045 3044 2624 1265 
2493 1025 3049 3047 3048 
2494 3049 1018 3045 3047 
2495 3047 3045 1265 2627 
2496 3048 3047 2627 1272 
2497 890 1285 3050 3051 
2498 3051 3050 3052 1279 
2499 1279 3052 3053 3054 
2500 3054 3053 2677 1240 
2501 1243 2612 3055 3056 
2502 2612 1257 2635 3055 
2503 3055 2635 1294 3057 
2504 3056 3055 3057 1284 
2505 1284 3057 3058 3059 
2506 3057 1294 2638 3058 
2507 3058 2638 1295 3060 
2508 3059 3058 3060 1246 
2509 1280 2837 3061 3062 
2510 2837 1321 2647 3061 
2511 3061 2647 1319 3063 
2512 3062 3061 3063 1320 
2513 1320 3063 3064 3065 
2514 3063 1319 2650 3064 
2515 3064 2650 1322 3066 
2516 3065 3064 3066 1241 
2517 1351 1371 3067 2665 
2518 1371 1354 3068 3067 
2519 3067 3068 1339 3069 
2520 2665 3067 3069 1355 
2521 1241 3066 3070 3071 
2522 3066 1322 2687 3070 
2523 3070 2687 1387 3072 
2524 3071 3070 3072 1388 
2525 1388 3072 3073 3074 
2526 3072 1387 2690 3073 
2527 3073 2690 1377 3075 
2528 3074 3073 3075 1311 
2529 1327 3078 3076 3077 
2530 3078 1391 2692 3076 
2531 3076 2692 1389 2696 
2532 3077 3076 2696 1390 
2533 691 3003 3079 3080 
2534 3003 949 2701 3079 
2535 3079 2701 1442 3081 
2536 3080 3079 3081 1443 
2537 1259 2618 3082 3083 
2538 2618 890 3051 3082 
2539 3082 3051 1279 3084 
2540 3083 3082 3084 1458 
2541 1458 3084 3085 3086 
2542 3084 1279 3054 3085 
2543 3085 3054 1240 1474 
2544 3086 3085 1474 1440 
2545 1459 3089 3087 3088 
2546 3089 1458 3086 3087 
2547 3087 3086 1440 1462 
2548 3088 3087 1462 948 
2549 1242 1497 3090 3091 
2550 1497 1374 2707 3090 
2551 3090 2707 1489 3092 
2552 3091 3090 3092 1451 
2553 1559 3094 3093 2732 
2554 3094 1577 3095 3093 
2555 3093 3095 1580 2772 
2556 2732 3093 2772 1553 
2557 1745 3097 3096 2762 
2558 3097 1747 3098 3096 
2559 3096 3098 988 1851 
2560 2762 3096 1851 1729 
2561 1029 3100 3099 1766 
2562 3100 1576 3101 3099 
2563 3099 3101 1762 2769 
2564 1766 3099 2769 1555 
2565 1767 3103 3102 2790 
2566 3103 1555 3104 3102 
2567 3102 3104 1793 2792 
2568 2790 3102 2792 1792 
2569 1842 2802 3105 2804 
2570 2802 1843 3106 3105 
2571 3105 3106 1009 3107 
2572 2804 3105 3107 1844 
2573 1843 2811 3108 3106 
2574 2811 1856 3109 3108 
2575 3108 3109 1858 3110 
2576 3106 3108 3110 1009 
2577 1747 3112 3111 3098 
2578 3112 1868 3113 3111 
2579 3111 3113 1839 1872 
2580 3098 3111 1872 988 
2581 1889 3115 3114 1976 
2582 3115 1017 3116 3114 
2583 3114 3116 1946 2842 
2584 1976 3114 2842 1945 
2585 1292 3118 3117 1953 
2586 3118 1924 3119 3117 
2587 3117 3119 1947 2845 
2588 1953 3117 2845 1943 
2589 1290 2828 3120 3121 
2590 2828 1896 2848 3120 
2591 3120 2848 1955 3122 
2592 3121 3120 3122 1956 
2593 1956 3122 3123 3124 
2594 3122 1955 2851 3123 
2595 3123 2851 1957 3125 
2596 3124 3123 3125 809 
2597 1938 2858 3126 3127 
2598 2858 1965 2860 3126 
2599 3126 2860 1987 3128 
2600 3127 3126 3128 1988 
2601 1287 3130 3129 2044 
2602 3130 2031 3131 3129 
2603 3129 3131 2030 2866 
2604 2044 3129 2866 1317 
2605 2033 3133 3132 2064 
2606 3133 2035 3134 3132 
2607 3132 3134 1247 2875 
2608 2064 3132 2875 2036 
2609 2029 2055 3135 3136 
2610 2055 1318 2872 3135 
2611 3135 2872 2051 2870 
2612 3136 3135 2870 2049 
2613 2050 3139 3137 3138 
2614 3139 2049 2869 3137 
2615 3137 2869 1391 3078 
2616 3138 3137 3078 1327 
2617 142 2234 3140 3141 
2618 2234 83 2901 3140 
2619 3140 2901 208 3142 
2620 3141 3140 3142 2229 
2621 2235 3145 3143 3144 
2622 3145 305 2924 3143 
2623 3143 2924 163 2246 
2624 3144 3143 2246 180 
2625 2236 3148 3146 3147 
2626 3148 2235 3144 3146 
2627 3146 3144 180 2899 
2628 3147 3146 2899 164 
2629 2247 3151 3149 3150 
2630 3151 238 2281 3149 
2631 3149 2281 169 2264 
2632 3150 3149 2264 205 
2633 187 2342 3152 2334 
2634 2342 393 3153 3152 
2635 3152 3153 2250 3154 
2636 2334 3152 3154 368 
2637 393 2931 3155 3153 
2638 2931 108 3156 3155 
2639 3155 3156 2251 3157 
2640 3153 3155 3157 2250 
2641 2250 3157 3158 3159 
2642 3157 2251 3160 3158 
2643 3158 3160 188 2933 
2644 3159 3158 2933 402 
2645 368 3154 3161 2338 
2646 3154 2250 3159 3161 
2647 3161 3159 402 2348 
2648 2338 3161 2348 186 
2649 191 2317 3162 2305 
2650 2317 319 3163 3162 
2651 3162 3163 2252 3164 
2652 2305 3162 3164 288 
2653 288 3164 3165 2919 
2654 3164 2252 3166 3165 
2655 3165 3166 2254 3167 
2656 2919 3165 3167 190 
2657 190 3167 3168 2914 
2658 3167 2254 3169 3168 
2659 3168 3169 2255 3170 
2660 2914 3168 3170 255 
2661 255 3170 3171 2294 
2662 3170 2255 3172 3171 
2663 3171 3172 336 3173 
2664 2294 3171 3173 193 
2665 108 2937 3174 3156 
2666 2937 433 3175 3174 
2667 3174 3175 2343 3176 
2668 3156 3174 3176 2251 
2669 2251 3176 3177 3160 
2670 3176 2343 3178 3177 
2671 3177 3178 453 2939 
2672 3160 3177 2939 188 
2673 611 2958 3179 3180 
2674 3179 2513 943 3181 
2675 3180 3179 3181 2367 
2676 737 2967 3182 3183 
2677 2967 688 2999 3182 
2678 3182 2999 947 3184 
2679 3183 3182 3184 2427 
2680 2427 3184 3185 3186 
2681 3184 947 3002 3185 
2682 3185 3002 691 3187 
2683 3186 3185 3187 2429 
2684 876 3189 3188 2994 
2685 3189 2439 3190 3188 
2686 3188 3190 990 2527 
2687 2994 3188 2527 709 
2688 2429 3187 3191 3192 
2689 3187 691 3080 3191 
2690 3191 3080 1443 3193 
2691 3192 3191 3193 2512 
2692 1778 2785 3194 3195 
2693 2785 1256 2775 3194 
2694 3194 2775 1769 3196 
2695 3195 3194 3196 2607 
2696 2607 3196 3197 3198 
2697 3196 1769 2778 3197 
2698 3197 2778 1245 3199 
2699 3198 3197 3199 2609 
2700 1295 2639 3200 3201 
2701 3201 3200 3202 2628 
2702 2628 3202 3203 3204 
2703 3203 2836 1280 3205 
2704 3204 3203 3205 2630 
2705 2630 3205 3206 3207 
2706 3205 1280 3062 3206 
2707 3206 3062 1320 3208 
2708 3207 3206 3208 2631 
2709 2631 3208 3209 3210 
2710 3208 1320 3065 3209 
2711 3209 3065 1241 3211 
2712 3210 3209 3211 2633 
2713 2609 3199 3212 3213 
2714 3199 1245 2821 3212 
2715 3212 2821 1895 3214 
2716 3213 3212 3214 2634 
2717 2634 3214 3215 3216 
2718 3214 1895 2827 3215 
2719 3215 2827 1290 3217 
2720 3216 3215 3217 2636 
2721 2636 3217 3218 3219 
2722 3217 1290 3121 3218 
2723 3218 3121 1956 3220 
2724 3219 3218 3220 2637 
2725 2637 3220 3221 3222 
2726 3220 1956 3124 3221 
2727 3221 3124 809 3223 
2728 3222 3221 3223 2639 
2729 1946 3225 3224 2843 
2730 3225 2643 3226 3224 
2731 3224 3226 2031 3130 
2732 2843 3224 3130 1287 
2733 2633 3211 3227 3228 
2734 3211 1241 3071 3227 
2735 3227 3071 1388 3229 
2736 3228 3227 3229 2679 
2737 2679 3229 3230 3231 
2738 3229 1388 3074 3230 
2739 3230 3074 1311 3232 
2740 3231 3230 3232 1493 
2741 1512 2805 3233 2886 
2742 2805 1844 3234 3233 
2743 3233 3234 2745 3235 
2744 2886 3233 3235 2156 
2745 1844 3107 3236 3234 
2746 3107 1009 3237 3236 
2747 3236 3237 2746 3238 
2748 3234 3236 3238 2745 
2749 1009 3110 3239 3237 
2750 3110 1858 3240 3239 
2751 3239 3240 2806 3241 
2752 3237 3239 3241 2746 
2753 1957 2852 3242 3243 
2754 2852 1293 2854 3242 
2755 3242 2854 1963 3244 
2756 3243 3242 3244 2832 
2757 2832 3244 3245 3246 
2758 3244 1963 2857 3245 
2759 3245 2857 1938 3247 
2760 3246 3245 3247 2834 
2761 2834 3247 3248 3249 
2762 3247 1938 3127 3248 
2763 3248 3127 1988 3250 
2764 3249 3248 3250 2835 
2765 101 127 3251 3252 
2766 127 103 2892 3251 
2767 3251 2892 75 3253 
2768 3252 3251 3253 104 
2769 102 138 3254 3255 
2770 138 101 3252 3254 
2771 3254 3252 104 3256 
2772 3255 3254 3256 76 
2773 178 3259 3257 3258 
2774 3259 239 2910 3257 
2775 3257 2910 237 2282 
2776 3258 3257 2282 238 
2777 171 2273 3260 3261 
2778 2273 218 2916 3260 
2779 3260 2916 265 3262 
2780 3261 3260 3262 266 
2781 193 3173 3263 342 
2782 3173 336 3264 3263 
2783 3263 3264 335 3265 
2784 342 3263 3265 294 
2785 109 385 3266 3267 
2786 385 334 2927 3266 
2787 3266 2927 377 3268 
2788 3267 3266 3268 378 
2789 430 2360 3269 2936 
2790 2360 432 3270 3269 
2791 3269 3270 389 3271 
2792 2936 3269 3271 433 
2793 453 3273 3272 2940 
2794 3273 398 3274 3272 
2795 3272 3274 454 2942 
2796 2940 3272 2942 452 
2797 459 3277 3275 3276 
2798 3277 461 2951 3275 
2799 3275 2951 183 483 
2800 3276 3275 483 387 
2801 359 3280 3278 3279 
2802 3280 459 3276 3278 
2803 3278 3276 387 463 
2804 3279 3278 463 82 
2805 501 615 3281 3282 
2806 615 502 2960 3281 
2807 3281 2960 122 3283 
2808 3282 3281 3283 503 
2809 326 579 3284 3285 
2810 579 501 3282 3284 
2811 3284 3282 503 3286 
2812 3285 3284 3286 121 
2813 432 2372 3287 3270 
2814 2372 516 3288 3287 
2815 3287 3288 518 3289 
2816 3270 3287 3289 389 
2817 398 3291 3290 3274 
2818 3291 526 3292 3290 
2819 3290 3292 525 2945 
2820 3274 3290 2945 454 
2821 525 3294 3293 2946 
2822 3294 527 3295 3293 
2823 3293 3295 185 551 
2824 2946 3293 551 509 
2825 527 3297 3296 3295 
2826 3297 561 3298 3296 
2827 3296 3298 547 565 
2828 3295 3296 565 185 
2829 692 741 3299 3300 
2830 741 694 2969 3299 
2831 3299 2969 610 3301 
2832 3300 3299 3301 695 
2833 659 725 3302 3303 
2834 725 692 3300 3302 
2835 3302 3300 695 3304 
2836 3303 3302 3304 609 
2837 753 2456 3305 3306 
2838 2456 755 2984 3305 
2839 3305 2984 734 3307 
2840 3306 3305 3307 756 
2841 740 768 3308 3309 
2842 768 753 3306 3308 
2843 3308 3306 756 3310 
2844 3309 3308 3310 694 
2845 762 3313 3311 3312 
2846 3313 764 2990 3311 
2847 3311 2990 735 2455 
2848 3312 3311 2455 754 
2849 752 3316 3314 3315 
2850 3316 762 3312 3314 
2851 3314 3312 754 766 
2852 3315 3314 766 473 
2853 784 3318 3317 2973 
2854 3318 787 3319 3317 
2855 3317 3319 713 2461 
2856 2973 3317 2461 774 
2857 790 3321 3320 2976 
2858 3321 774 3322 3320 
2859 3320 3322 791 2978 
2860 2976 3320 2978 788 
2861 894 1224 3323 3324 
2862 1224 814 3039 3323 
2863 3323 3039 952 3325 
2864 3324 3323 3325 950 
2865 950 3325 3326 3327 
2866 3325 952 3042 3326 
2867 3326 3042 690 3328 
2868 3327 3326 3328 953 
2869 970 3331 3329 3330 
2870 3331 863 3010 3329 
2871 3329 3010 980 3005 
2872 3330 3329 3005 979 
2873 1024 3334 3332 3333 
2874 3334 1030 2542 3332 
2875 3332 2542 1033 3046 
2876 3333 3332 3046 1018 
2877 1042 3336 3335 3013 
2878 3336 1027 3337 3335 
2879 3335 3337 1043 3015 
2880 3013 3335 3015 1041 
2881 1051 3339 3338 3019 
2882 3339 709 3340 3338 
2883 3338 3340 1052 3021 
2884 3019 3338 3021 1050 
2885 1053 3342 3341 3025 
2886 3342 1055 3343 3341 
2887 3341 3343 993 1070 
2888 3025 3341 1070 1035 
2889 1061 3346 3344 3345 
2890 3346 1063 2719 3344 
2891 3344 2719 992 3030 
2892 3345 3344 3030 1064 
2893 995 3348 3347 1067 
2894 3348 1061 3345 3347 
2895 3347 3345 1064 3027 
2896 1067 3347 3027 685 
2897 777 1181 3349 3350 
2898 1181 1167 3036 3349 
2899 3349 3036 1173 3351 
2900 3350 3349 3351 1174 
2901 1263 2621 3352 3353 
2902 2621 1243 3056 3352 
2903 3352 3056 1284 3354 
2904 3353 3352 3354 1282 
2905 1282 3354 3355 3356 
2906 3354 1284 3059 3355 
2907 3355 3059 1246 3357 
2908 3356 3355 3357 1285 
2909 1311 3075 3358 3359 
2910 3075 1377 1406 3358 
2911 3358 1406 1375 3360 
2912 3359 3358 3360 1376 
2913 1376 3360 3361 3362 
2914 3360 1375 2681 3361 
2915 3361 2681 1378 3363 
2916 3362 3361 3363 811 
2917 1441 1467 3364 3365 
2918 1467 1242 3091 3364 
2919 3364 3091 1451 3366 
2920 3365 3364 3366 1449 
2921 690 3043 3367 3368 
2922 3043 1259 3083 3367 
2923 3367 3083 1458 3089 
2924 3368 3367 3089 1459 
2925 1493 3232 3369 3370 
2926 3232 1311 3359 3369 
2927 3369 3359 1376 3371 
2928 3370 3369 3371 1491 
2929 1491 3371 3372 3373 
2930 3371 1376 3362 3372 
2931 3372 3362 811 3374 
2932 3373 3372 3374 1494 
2933 1552 3376 3375 1579 
2934 3376 1574 3377 3375 
2935 3375 3377 1576 3100 
2936 1579 3375 3100 1029 
2937 1551 3379 3378 1583 
2938 3379 1578 3380 3378 
2939 3378 3380 1577 3094 
2940 1583 3378 3094 1559 
2941 1765 3382 3381 1797 
2942 3382 1766 3383 3381 
2943 3381 3383 1555 3103 
2944 1797 3381 3103 1767 
2945 1887 3385 3384 1948 
2946 3385 1888 3386 3384 
2947 3384 3386 1017 3115 
2948 1948 3384 3115 1889 
2949 1892 3388 3387 2817 
2950 3388 1921 3389 3387 
2951 3387 3389 1924 3118 
2952 2817 3387 3118 1292 
2953 2034 3391 3390 2047 
2954 3391 1317 3392 3390 
2955 3390 3392 2035 3133 
2956 2047 3390 3133 2033 
2957 1288 3395 3393 3394 
2958 3395 2029 3136 3393 
2959 3393 3136 2049 3139 
2960 3394 3393 3139 2050 
2961 2249 3398 3396 3397 
2962 3398 178 3258 3396 
2963 3396 3258 238 3151 
2964 3397 3396 3151 2247 
2965 252 2285 3399 3400 
2966 2285 109 3267 3399 
2967 3399 3267 378 3401 
2968 3400 3399 3401 2265 
2969 226 2279 3402 3403 
2970 2279 171 3261 3402 
2971 3402 3261 266 3404 
2972 3403 3402 3404 2268 
2973 433 3271 3405 3175 
2974 3271 389 3406 3405 
2975 3405 3406 2344 3407 
2976 3175 3405 3407 2343 
2977 2343 3407 3408 3178 
2978 3407 2344 3409 3408 
2979 3408 3409 398 3273 
2980 3178 3408 3273 453 
2981 389 3289 3410 3406 
2982 3289 518 3411 3410 
2983 3410 3411 2345 3412 
2984 3406 3410 3412 2344 
2985 2344 3412 3413 3409 
2986 3412 2345 3414 3413 
2987 3413 3414 526 3291 
2988 3409 3413 3291 398 
2989 122 2961 3415 3416 
2990 2961 611 3180 3415 
2991 3415 3180 2367 3417 
2992 3416 3415 3417 2368 
2993 610 2970 3418 3419 
2994 2970 737 3183 3418 
2995 3418 3183 2427 3420 
2996 3419 3418 3420 2428 
2997 2428 3420 3421 3422 
2998 3420 2427 3186 3421 
2999 3421 3186 2429 3423 
3000 3422 3421 3423 498 
3001 2439 3425 3424 3190 
3002 3425 2441 3426 3424 
3003 3424 3426 711 2530 
3004 3190 3424 2530 990 
3005 787 3428 3427 3319 
3006 3428 2457 3429 3427 
3007 3427 3429 797 2467 
3008 3319 3427 2467 713 
3009 498 3423 3430 3431 
3010 3423 2429 3192 3430 
3011 3430 3192 2512 3432 
3012 3431 3430 3432 2513 
3013 953 3328 3433 3434 
3014 3328 690 3368 3433 
3015 3433 3368 1459 3435 
3016 3434 3433 3435 2515 
3017 2515 3435 3436 3437 
3018 3435 1459 3088 3436 
3019 3436 3088 948 3438 
3020 3437 3436 3438 1447 
3021 2441 3440 3439 3426 
3022 3440 2520 3441 3439 
3023 3439 3441 1518 2713 
3024 3426 3439 2713 711 
3025 1055 3443 3442 3343 
3026 3443 2532 3444 3442 
3027 3442 3444 1066 2552 
3028 3343 3442 2552 993 
3029 1154 2582 3445 3446 
3030 2582 777 3350 3445 
3031 3445 3350 1174 3447 
3032 3446 3445 3447 2560 
3033 1246 3060 3448 3449 
3034 3060 1295 3201 3448 
3035 3448 3201 2628 3450 
3036 3449 3448 3450 2629 
3037 2629 3450 3451 3452 
3038 3450 2628 3204 3451 
3039 3451 3204 2630 3453 
3040 3452 3451 3453 1278 
3041 1278 3453 3454 3455 
3042 3453 2630 3207 3454 
3043 3454 3207 2631 3456 
3044 3455 3454 3456 2632 
3045 2632 3456 3457 3458 
3046 3456 2631 3210 3457 
3047 3457 3210 2633 3459 
3048 3458 3457 3459 1281 
3049 1017 3461 3460 3116 
3050 3461 2644 3462 3460 
3051 3460 3462 2643 3225 
3052 3116 3460 3225 1946 
3053 1281 3459 3463 3464 
3054 3459 2633 3228 3463 
3055 3463 3228 2679 3465 
3056 3464 3463 3465 2678 
3057 2678 3465 3466 3467 
3058 3465 2679 3231 3466 
3059 3466 3231 1493 3468 
3060 3467 3466 3468 1372 
3061 1568 3470 3469 2738 
3062 3470 2728 3471 3469 
3063 3469 3471 1578 3379 
3064 2738 3469 3379 1551 
3065 1888 3473 3472 3386 
3066 3473 2766 3474 3472 
3067 3472 3474 2644 3461 
3068 3386 3472 3461 1017 
3069 809 3125 3475 3476 
3070 3125 1957 3243 3475 
3071 3475 3243 2832 3477 
3072 3476 3475 3477 2833 
3073 2833 3477 3478 3479 
3074 3477 2832 3246 3478 
3075 3478 3246 2834 3480 
3076 3479 3478 3480 1939 
3077 1939 3480 3481 3482 
3078 3480 2834 3249 3481 
3079 3481 3249 2835 3483 
3080 3482 3481 3483 2836 
3081 503 3283 3484 3485 
3082 3283 122 3416 3484 
3083 3484 3416 2368 3486 
3084 3485 3484 3486 2888 
3085 695 3301 3487 3488 
3086 3301 610 3419 3487 
3087 3487 3419 2428 3489 
3088 3488 3487 3489 2956 
3089 2956 3489 3490 3491 
3090 3489 2428 3422 3490 
3091 3490 3422 498 3492 
3092 3491 3490 3492 2958 
3093 1285 3357 3493 3494 
3094 3357 1246 3449 3493 
3095 3493 3449 2629 3495 
3096 3494 3493 3495 3050 
3097 3050 3495 3496 3497 
3098 3495 2629 3452 3496 
3099 3496 3452 1278 3498 
3100 3497 3496 3498 3052 
3101 3052 3498 3499 3500 
3102 3498 1278 3455 3499 
3103 3499 3455 2632 3501 
3104 3500 3499 3501 3053 
3105 3053 3501 3502 3503 
3106 3501 2632 3458 3502 
3107 3502 3458 1281 3504 
3108 3503 3502 3504 2677 
3109 2958 3492 3505 3506 
3110 3492 498 3431 3505 
3111 3505 3431 2513 3507 
3112 3506 3505 3507 3179 
3113 2639 3223 3508 3509 
3114 3223 809 3476 3508 
3115 3508 3476 2833 3510 
3116 3509 3508 3510 3200 
3117 3200 3510 3511 3512 
3118 3510 2833 3479 3511 
3119 3511 3479 1939 3513 
3120 3512 3511 3513 3202 
3121 3202 3513 3514 3515 
3122 3513 1939 3482 3514 
3123 3514 3482 2836 3516 
3124 3515 3514 3516 3203 
