2 0.000000 100.000000 335.864767
3242 2851 
1 -216.133803 0.000000 -219.580401 99.546670 -6.979913 6.437808 0.000030 
2 258.137225 0.000000 -219.580401 99.545580 -7.003030 6.426390 0.000034 
3 258.137225 0.000000 224.144701 99.552735 -6.944897 6.423056 -0.000023 
4 -216.133803 0.000000 224.144701 99.550177 -6.971197 6.438329 -0.000029 
5 21.001711 0.000000 2.282150 106.416475 -12.479548 0.403452 -0.148037 
6 -216.133803 0.000000 2.282150 99.547629 -6.975782 6.439681 0.000014 
7 21.001711 0.000000 -219.580401 99.543353 -6.992398 6.432561 0.000085 
8 258.137225 0.000000 2.282150 99.649133 -6.309592 5.583475 -0.000094 
9 21.001711 0.000000 224.144701 99.555547 -6.958365 6.432177 -0.000110 
10 -97.566046 0.000000 -108.649126 99.541319 -6.984793 6.436837 0.000131 
11 -216.133803 0.000000 -108.649126 99.546496 -6.978645 6.438617 0.000034 
12 -97.566046 0.000000 -219.580401 99.544895 -6.984307 6.436452 0.000061 
13 21.001711 0.000000 -108.649126 99.532878 -7.012059 6.417448 0.000285 
14 -97.566046 0.000000 2.282150 99.540863 -6.977559 6.445247 0.000139 
15 139.569468 0.000000 -108.649126 99.539975 -7.029993 6.397556 0.000144 
16 139.569468 0.000000 -219.580401 99.544110 -6.999888 6.428303 0.000065 
17 258.137225 0.000000 -108.649126 99.545342 -7.027796 6.397218 0.000041 
18 139.569468 0.000000 2.282150 99.652613 -7.569176 4.046173 -0.000431 
19 -97.566046 0.000000 113.213426 99.554054 -6.967874 6.441264 -0.000105 
20 -216.133803 0.000000 113.213426 99.549568 -6.972737 6.439366 -0.000020 
21 21.001711 0.000000 113.213426 99.576218 -6.943618 6.416875 -0.000481 
22 -97.566046 0.000000 224.144701 99.552617 -6.966869 6.437414 -0.000070 
23 -38.282168 0.000000 -53.183488 99.531385 -6.990095 6.395951 0.000373 
24 -97.566046 0.000000 -53.183488 99.538571 -6.983000 6.439146 0.000185 
25 -38.282168 0.000000 -108.649126 99.535961 -6.994675 6.430397 0.000232 
26 21.001711 0.000000 -53.183488 99.662912 -7.118405 6.350650 -0.002370 
27 -38.282168 0.000000 2.282150 99.457677 -6.887360 6.410202 0.001964 
28 139.569468 0.000000 113.213426 99.559864 -6.918642 6.385803 -0.000081 
29 258.137225 0.000000 113.213426 99.556866 -6.919217 6.376984 -0.000011 
30 139.569468 0.000000 224.144701 99.554246 -6.949476 6.425994 -0.000064 
31 80.285589 0.000000 -53.183488 99.546899 -7.108659 6.333387 -0.000023 
32 80.285589 0.000000 -108.649126 99.534902 -7.024472 6.404337 0.000244 
33 139.569468 0.000000 -53.183488 99.540696 -7.070798 6.295191 0.000202 
34 80.285589 0.000000 2.282150 99.719264 -5.479175 4.067212 0.000950 
35 -38.282168 0.000000 57.747788 99.547366 -6.947642 6.445780 0.000050 
36 -97.566046 0.000000 57.747788 99.550162 -6.971112 6.445516 -0.000038 
37 21.001711 0.000000 57.747788 99.547459 -6.874129 6.353893 0.000268 
38 -38.282168 0.000000 113.213426 99.564016 -6.959912 6.438717 -0.000289 
39 -8.640228 0.000000 -25.450669 99.299520 -7.114503 6.220400 0.005030 
40 -38.282168 0.000000 -25.450669 99.497442 -6.977063 6.363859 0.001108 
41 -8.640228 0.000000 -53.183488 99.578047 -7.032054 6.341234 -0.000545 
42 21.001711 0.000000 -25.450669 99.661869 -7.530244 6.155130 -0.002708 
43 -8.640228 0.000000 2.282150 98.186205 -6.928209 6.529523 0.026883 
44 80.285589 0.000000 57.747788 99.552168 -6.862032 6.270545 0.000296 
45 139.569468 0.000000 57.747788 99.567020 -6.888731 6.240301 0.000001 
46 80.285589 0.000000 113.213426 99.567823 -6.926974 6.393174 -0.000261 
47 50.643650 0.000000 -25.450669 99.461424 -7.255313 6.188679 0.001649 
48 50.643650 0.000000 -53.183488 99.614480 -7.157570 6.382100 -0.001501 
49 80.285589 0.000000 -25.450669 99.572618 -7.263368 6.130522 -0.000505 
50 50.643650 0.000000 2.282150 98.437979 -6.407698 6.244091 0.022992 
51 -8.640228 0.000000 30.014969 99.635117 -6.616094 6.601480 -0.001451 
52 -38.282168 0.000000 30.014969 99.503312 -6.939427 6.440718 0.000945 
53 21.001711 0.000000 30.014969 100.063789 -6.573981 6.112603 -0.009334 
54 -8.640228 0.000000 57.747788 99.551096 -6.918553 6.427291 0.000040 
55 6.180741 0.000000 -11.584259 99.337316 -7.385378 4.869837 0.005384 
56 -8.640228 0.000000 -11.584259 98.827793 -7.050566 6.059855 0.014664 
57 6.180741 0.000000 -25.450669 99.269002 -7.379159 5.998446 0.005523 
58 21.001711 0.000000 -11.584259 100.527912 -7.217159 5.675786 -0.019016 
59 6.180741 0.000000 2.282150 89.611975 -10.218180 28.040227 0.107903 
60 -156.849925 0.000000 -53.183488 99.544862 -6.978855 6.439750 0.000065 
61 -216.133803 0.000000 -53.183488 99.546832 -6.977383 6.439210 0.000028 
62 -156.849925 0.000000 -108.649126 99.544803 -6.980624 6.438447 0.000065 
63 -156.849925 0.000000 2.282150 99.546361 -6.976165 6.441141 0.000037 
64 -67.924107 0.000000 -25.450669 99.516976 -6.951471 6.454835 0.000638 
65 -97.566046 0.000000 -25.450669 99.538447 -6.980666 6.442149 0.000187 
66 -67.924107 0.000000 -53.183488 99.539490 -6.949127 6.419585 0.000239 
67 -67.924107 0.000000 2.282150 99.523288 -6.964773 6.431616 0.000524 
68 -23.461198 0.000000 -11.584259 99.317934 -6.816061 6.364745 0.004898 
69 -38.282168 0.000000 -11.584259 99.466859 -6.920531 6.379200 0.001776 
70 -23.461198 0.000000 -25.450669 99.421370 -7.007296 6.346180 0.002601 
71 -23.461198 0.000000 2.282150 99.285406 -6.707658 6.502095 0.005514 
72 50.643650 0.000000 30.014969 99.588981 -6.821840 5.800697 0.000185 
73 80.285589 0.000000 30.014969 99.527568 -6.780760 5.918120 0.001326 
74 50.643650 0.000000 57.747788 99.520978 -6.874342 6.299667 0.000863 
75 6.180741 0.000000 16.148559 100.152539 -6.829679 7.308385 -0.013059 
76 -8.640228 0.000000 16.148559 99.671267 -7.136264 7.113474 -0.003589 
77 21.001711 0.000000 16.148559 101.025163 -7.126345 5.615286 -0.028840 
78 6.180741 0.000000 30.014969 100.010762 -6.439633 6.563959 -0.008671 
79 -1.229744 0.000000 -4.651055 95.156610 -7.228733 2.321074 0.088758 
80 -8.640228 0.000000 -4.651055 98.281277 -7.052201 6.024840 0.025476 
81 -1.229744 0.000000 -11.584259 99.073964 -7.070489 4.855155 0.011079 
82 6.180741 0.000000 -4.651055 101.408781 -9.470890 -5.253929 -0.040104 
83 -1.229744 0.000000 2.282150 95.200073 -7.022181 9.860916 0.079040 
84 35.822681 0.000000 -11.584259 99.086942 -7.605811 7.161307 0.007265 
85 35.822681 0.000000 -25.450669 99.648460 -7.676508 6.369298 -0.002931 
86 50.643650 0.000000 -11.584259 99.171093 -7.597680 5.941097 0.007207 
87 35.822681 0.000000 2.282150 95.223880 -10.468385 -8.070613 0.075769 
88 13.591226 0.000000 -4.651055 94.683403 -10.027934 -0.033296 0.093449 
89 13.591226 0.000000 -11.584259 99.556689 -7.148762 4.681182 0.001545 
90 21.001711 0.000000 -4.651055 112.805569 -9.314566 7.143181 -0.286288 
91 13.591226 0.000000 2.282150 106.396505 -12.674478 2.802446 -0.148871 
92 -156.849925 0.000000 57.747788 99.548907 -6.973294 6.441307 -0.000010 
93 -216.133803 0.000000 57.747788 99.548685 -6.974128 6.439739 -0.000005 
94 -156.849925 0.000000 113.213426 99.550716 -6.971139 6.440212 -0.000042 
95 -67.924107 0.000000 30.014969 99.543242 -6.946137 6.472027 0.000101 
96 -97.566046 0.000000 30.014969 99.545539 -6.974176 6.446675 0.000049 
97 -67.924107 0.000000 57.747788 99.553189 -6.968743 6.450780 -0.000101 
98 -23.461198 0.000000 16.148559 99.442909 -6.660545 6.587337 0.002335 
99 -38.282168 0.000000 16.148559 99.479021 -6.874842 6.435757 0.001524 
100 -23.461198 0.000000 30.014969 99.525375 -6.800050 6.509028 0.000609 
101 -1.229744 0.000000 9.215355 98.547663 -6.745118 8.040895 0.017821 
102 -8.640228 0.000000 9.215355 99.019899 -6.991377 7.001968 0.009715 
103 6.180741 0.000000 9.215355 99.702951 -7.042922 9.462698 -0.007982 
104 -1.229744 0.000000 16.148559 99.507698 -6.946983 7.017150 0.000072 
105 2.475499 0.000000 -1.184452 91.814406 -10.767046 28.384243 0.064852 
106 -1.229744 0.000000 -1.184452 85.454992 -7.586132 9.647653 0.254682 
107 2.475499 0.000000 -4.651055 97.566838 -8.168056 0.379100 0.041385 
108 6.180741 0.000000 -1.184452 -10.083364 -0.295788 -0.345890 0.989812 
109 2.475499 0.000000 2.282150 93.836996 -7.932036 14.844362 0.091135 
110 -16.050713 0.000000 -4.651055 98.911122 -6.888521 6.821666 0.012260 
111 -23.461198 0.000000 -4.651055 99.272552 -6.769338 6.429673 0.005780 
112 -16.050713 0.000000 -11.584259 99.033839 -6.853097 6.471514 0.010345 
113 -16.050713 0.000000 2.282150 99.079483 -6.891797 7.026018 0.008639 
114 -4.934986 0.000000 -1.184452 96.537620 -7.179889 6.227174 0.059016 
115 -8.640228 0.000000 -1.184452 98.122665 -7.031792 6.371333 0.028190 
116 -4.934986 0.000000 -4.651055 97.215688 -7.285376 5.375214 0.046714 
117 -4.934986 0.000000 2.282150 97.171713 -7.031660 7.119704 0.045752 
118 -38.282168 0.000000 -164.114764 99.541466 -6.990548 6.433402 0.000124 
119 -97.566046 0.000000 -164.114764 99.543518 -6.984882 6.436405 0.000087 
120 -38.282168 0.000000 -219.580401 99.543918 -6.987981 6.434815 0.000077 
121 21.001711 0.000000 -164.114764 99.540267 -6.998221 6.428710 0.000143 
122 -8.640228 0.000000 -80.916307 99.554317 -7.014673 6.401621 -0.000125 
123 -38.282168 0.000000 -80.916307 99.518472 -6.978178 6.432200 0.000601 
124 -8.640228 0.000000 -108.649126 99.533918 -7.003261 6.424439 0.000268 
125 21.001711 0.000000 -80.916307 99.564399 -7.040945 6.400498 -0.000361 
126 6.180741 0.000000 -39.317078 99.597175 -7.350834 6.218139 -0.001230 
127 -8.640228 0.000000 -39.317078 99.566874 -7.122700 6.249350 -0.000335 
128 6.180741 0.000000 -53.183488 99.614317 -7.071315 6.339078 -0.001320 
129 21.001711 0.000000 -39.317078 99.629473 -7.550763 6.260589 -0.002224 
130 -1.229744 0.000000 -18.517464 98.760228 -7.051240 5.886953 0.016204 
131 -8.640228 0.000000 -18.517464 98.825484 -7.002998 6.374825 0.014384 
132 -1.229744 0.000000 -25.450669 99.297619 -7.322970 6.131017 0.004877 
133 6.180741 0.000000 -18.517464 98.968693 -7.025083 5.501436 0.012558 
134 2.475499 0.000000 -8.117657 98.077449 -7.156259 3.415539 0.031794 
135 -1.229744 0.000000 -8.117657 97.814874 -7.032417 4.270156 0.036456 
136 2.475499 0.000000 -11.584259 99.106574 -7.046650 4.808952 0.010511 
137 6.180741 0.000000 -8.117657 99.635248 -7.640089 2.993408 0.000549 
138 0.622878 0.000000 -2.917754 99.249112 -10.172053 -24.334297 -0.054601 
139 -1.229744 0.000000 -2.917754 88.673431 -7.586213 0.721922 0.207895 
140 0.622878 0.000000 -4.651055 96.781034 -7.617414 -0.181554 0.057537 
141 2.475499 0.000000 -2.917754 101.168154 -10.638076 4.454001 -0.036800 
142 0.622878 0.000000 -1.184452 84.728307 -10.250259 38.420830 0.123989 
143 -4.934986 0.000000 -8.117657 98.133963 -7.127053 5.359459 0.029021 
144 -8.640228 0.000000 -8.117657 98.569430 -6.971792 5.882900 0.020085 
145 -4.934986 0.000000 -11.584259 98.908417 -7.096523 5.398273 0.013762 
146 -3.082365 0.000000 -2.917754 94.673582 -7.249410 5.010606 0.095925 
147 -4.934986 0.000000 -2.917754 96.715135 -7.179948 5.737423 0.056171 
148 -3.082365 0.000000 -4.651055 96.249089 -7.215575 4.311024 0.066546 
149 -3.082365 0.000000 -1.184452 94.092450 -7.105229 6.724785 0.105090 
150 35.822681 0.000000 16.148559 99.820807 -6.985047 4.637441 -0.003449 
151 50.643650 0.000000 16.148559 99.293855 -6.406263 4.838662 0.007628 
152 35.822681 0.000000 30.014969 99.755876 -6.719961 5.841495 -0.003052 
153 13.591226 0.000000 9.215355 101.249181 -7.075387 7.460124 -0.035711 
154 21.001711 0.000000 9.215355 102.022880 -7.555798 4.683821 -0.048770 
155 13.591226 0.000000 16.148559 101.399931 -7.012258 6.552905 -0.037406 
156 2.475499 0.000000 5.748752 97.586459 -7.363283 10.537273 0.031163 
157 -1.229744 0.000000 5.748752 97.582033 -6.772945 8.743270 0.035543 
158 6.180741 0.000000 5.748752 98.911666 -7.838526 13.443232 -0.002568 
159 2.475499 0.000000 9.215355 98.568779 -6.762031 8.618642 0.016419 
160 0.622878 0.000000 0.548849 90.989411 -8.063808 16.306326 0.139001 
161 -1.229744 0.000000 0.548849 92.291451 -7.254609 10.623380 0.131680 
162 2.475499 0.000000 0.548849 91.624651 -10.863567 27.209194 0.074657 
163 0.622878 0.000000 2.282150 94.530551 -7.476731 12.052786 0.086280 
164 -0.303433 0.000000 -2.051103 18.688684 -11.508017 -10.032063 0.941766 
165 -1.229744 0.000000 -2.051103 83.438625 -7.685776 4.204712 0.296125 
166 -0.303433 0.000000 -2.917754 99.657309 -10.632448 -30.866774 -0.099739 
167 0.622878 0.000000 -2.051103 86.056798 -8.560979 -1.418406 0.251893 
168 -0.303433 0.000000 -1.184452 77.150487 -10.836923 43.740901 0.201710 
169 0.622878 0.000000 -6.384356 97.421630 -7.217634 2.739580 0.044943 
170 -1.229744 0.000000 -6.384356 97.099202 -7.149965 3.645546 0.050733 
171 0.622878 0.000000 -8.117657 97.843109 -7.013227 3.872836 0.036254 
172 2.475499 0.000000 -6.384356 97.903675 -7.515220 2.231449 0.035341 
173 -0.303433 0.000000 -3.784404 93.172999 -7.683341 -2.532804 0.125334 
174 -1.229744 0.000000 -3.784404 92.950417 -7.331735 1.274161 0.130484 
175 -0.303433 0.000000 -4.651055 95.516256 -7.376250 0.649582 0.082181 
176 0.622878 0.000000 -3.784404 97.452700 -8.222281 -4.613904 0.041408 
177 9.885984 0.000000 -1.184452 -11.891796 -0.187095 0.077621 0.985854 
178 9.885984 0.000000 -4.651055 99.398378 -10.234053 6.068009 -0.002159 
179 13.591226 0.000000 -1.184452 -9.999205 -0.171044 3.480701 0.988787 
180 9.885984 0.000000 2.282150 111.785144 -12.309115 25.518490 -0.329863 
181 4.328120 0.000000 -2.917754 94.912623 -11.182578 -5.409784 0.083728 
182 4.328120 0.000000 -4.651055 96.588861 -8.735575 -2.357158 0.058873 
183 6.180741 0.000000 -2.917754 95.761043 -11.697173 -29.188985 -0.015900 
184 4.328120 0.000000 -1.184452 88.106255 -11.404817 29.059121 0.126279 
185 1.549188 0.000000 -2.051103 104.887402 -10.263988 -2.843595 -0.111480 
186 1.549188 0.000000 -2.917754 103.666366 -10.555284 -0.381779 -0.085828 
187 2.475499 0.000000 -2.051103 100.749807 -10.480516 5.328047 -0.028875 
188 1.549188 0.000000 -1.184452 91.259591 -10.119514 30.659688 0.062927 
189 0.159722 0.000000 -2.484428 82.757198 -10.068402 -37.052388 0.167699 
190 -0.303433 0.000000 -2.484428 66.840866 -10.816968 -42.903921 0.357455 
191 0.159722 0.000000 -2.917754 97.087714 -9.895830 -32.227202 -0.056254 
192 0.622878 0.000000 -2.484428 97.820645 -9.889410 -25.839634 -0.033437 
193 0.159722 0.000000 -2.051103 84.540425 -8.336052 -1.226135 0.278192 
194 4.328120 0.000000 0.548849 88.320330 -11.430272 29.334525 0.120835 
195 6.180741 0.000000 0.548849 82.357043 -11.706375 40.767445 0.141829 
196 4.328120 0.000000 2.282150 92.096340 -8.569410 19.046253 0.108207 
197 1.549188 0.000000 -0.317802 91.272573 -10.528382 30.323221 0.063897 
198 0.622878 0.000000 -0.317802 88.221672 -10.742228 36.396475 0.077684 
199 2.475499 0.000000 -0.317802 92.009382 -10.672621 27.675930 0.065441 
200 1.549188 0.000000 0.548849 91.276619 -8.497495 19.026196 0.123438 
201 3.401809 0.000000 -0.317802 90.515677 -11.025204 27.418092 0.093361 
202 3.401809 0.000000 -1.184452 91.635144 -10.864274 27.207776 0.074470 
203 4.328120 0.000000 -0.317802 89.760771 -11.234155 27.224466 0.107563 
204 3.401809 0.000000 0.548849 90.281642 -11.135781 27.600314 0.096344 
205 9.885984 0.000000 5.748752 103.340112 -7.931057 11.544184 -0.087535 
206 13.591226 0.000000 5.748752 102.381261 -9.222754 6.834159 -0.061369 
207 9.885984 0.000000 9.215355 100.966721 -7.256501 9.004661 -0.032802 
208 8.033362 0.000000 0.548849 -10.787438 0.123566 -0.439670 0.988342 
209 8.033362 0.000000 -1.184452 -11.249849 -0.240639 -0.431981 0.987320 
210 9.885984 0.000000 0.548849 -11.299683 0.013311 0.281339 0.987224 
211 8.033362 0.000000 2.282150 91.059646 -12.143685 50.460862 -0.098563 
212 5.254431 0.000000 -0.317802 85.766518 -11.724770 32.661957 0.143983 
213 5.254431 0.000000 -1.184452 -8.278538 -0.317360 -0.046527 0.993136 
214 6.180741 0.000000 -0.317802 -10.920582 -0.319120 -0.543005 0.988034 
215 5.254431 0.000000 0.548849 84.381378 -11.927758 35.240223 0.149564 
216 4.328120 0.000000 4.015451 96.044957 -7.963358 14.678915 0.049648 
217 2.475499 0.000000 4.015451 96.055653 -7.621723 12.107336 0.056863 
218 6.180741 0.000000 4.015451 96.909688 -8.659082 18.256965 0.020022 
219 4.328120 0.000000 5.748752 98.118759 -7.497092 11.990179 0.017274 
220 3.401809 0.000000 1.415499 91.072823 -8.796478 19.002860 0.126725 
221 2.475499 0.000000 1.415499 92.281808 -8.360970 17.068716 0.112282 
222 4.328120 0.000000 1.415499 89.079496 -9.392999 22.456378 0.147233 
223 3.401809 0.000000 2.282150 93.139125 -8.227445 16.557602 0.098326 
224 3.864965 0.000000 0.115524 89.587623 -11.217920 27.643952 0.108403 
225 3.401809 0.000000 0.115524 90.509659 -11.039812 27.381879 0.093636 
226 3.864965 0.000000 -0.317802 90.278887 -11.129534 27.255194 0.098301 
227 4.328120 0.000000 0.115524 88.505626 -11.402796 28.991525 0.119622 
228 3.864965 0.000000 0.548849 89.775487 -11.232753 27.208305 0.107390 
229 13.591226 0.000000 -18.517464 99.281269 -7.202005 5.525146 0.006083 
230 13.591226 0.000000 -25.450669 99.564919 -7.491233 6.017968 -0.000551 
231 21.001711 0.000000 -18.517464 99.758135 -7.418954 5.986050 -0.004256 
232 9.885984 0.000000 -8.117657 99.494499 -8.210048 4.317945 0.001480 
233 9.885984 0.000000 -11.584259 99.627369 -7.503822 4.822612 -0.000518 
234 13.591226 0.000000 -8.117657 98.533298 -8.365199 3.724140 0.020734 
235 8.033362 0.000000 -2.917754 108.483668 -12.334633 5.867462 -0.195528 
236 8.033362 0.000000 -4.651055 104.315364 -10.087115 2.692800 -0.099070 
237 9.885984 0.000000 -2.917754 100.394486 -13.088997 13.004543 -0.041949 
238 8.033362 0.000000 -6.384356 100.535541 -8.549521 3.044804 -0.018976 
239 6.180741 0.000000 -6.384356 99.963376 -8.238642 1.124921 -0.006182 
240 8.033362 0.000000 -8.117657 99.960731 -7.926037 4.019752 -0.007113 
241 9.885984 0.000000 -6.384356 99.483608 -8.835756 4.301140 0.000644 
242 7.107052 0.000000 -3.784404 110.130186 -12.155015 -7.762839 -0.233666 
243 6.180741 0.000000 -3.784404 96.414259 -11.859854 -31.759208 -0.044501 
244 7.107052 0.000000 -4.651055 104.372957 -9.798549 -1.798494 -0.099296 
245 8.033362 0.000000 -3.784404 108.506049 -12.349846 5.722098 -0.195882 
246 7.107052 0.000000 -2.917754 107.648335 -12.125583 -12.187315 -0.188372 
247 8.033362 0.000000 4.015451 101.086530 -8.926324 21.536407 -0.076198 
248 9.885984 0.000000 4.015451 110.328506 -10.115446 15.483083 -0.251443 
249 8.033362 0.000000 5.748752 101.149761 -7.996243 13.802374 -0.048572 
250 7.107052 0.000000 1.415499 83.094292 -11.774567 48.286925 0.062507 
251 6.180741 0.000000 1.415499 80.799602 -11.892207 46.194968 0.119602 
252 7.107052 0.000000 0.548849 82.228349 -11.824743 47.430094 0.084906 
253 8.033362 0.000000 1.415499 88.804750 -11.898245 49.701894 -0.049813 
254 7.107052 0.000000 2.282150 85.703599 -11.942152 50.324629 -0.002029 
255 28.412196 0.000000 -4.651055 97.920131 -9.873893 11.869634 0.017327 
256 28.412196 0.000000 -11.584259 100.003068 -7.682913 7.091605 -0.010993 
257 35.822681 0.000000 -4.651055 97.260078 -8.558331 10.681782 0.035313 
258 28.412196 0.000000 2.282150 100.913894 -4.818973 5.562266 -0.023778 
259 17.296468 0.000000 -1.184452 -7.081295 0.172663 1.103848 0.994861 
260 17.296468 0.000000 -4.651055 100.436285 -9.031387 -6.621138 -0.021285 
261 21.001711 0.000000 -1.184452 -9.008672 -0.456148 -0.375996 0.991849 
262 17.296468 0.000000 2.282150 105.836334 -12.539327 0.624814 -0.135895 
263 11.738605 0.000000 -2.917754 96.352066 -13.369238 2.591508 0.053083 
264 11.738605 0.000000 -4.651055 96.585426 -10.059514 3.888994 0.055494 
265 13.591226 0.000000 -2.917754 91.553401 -13.235193 -1.313826 0.144108 
266 11.738605 0.000000 -1.184452 -12.041874 -0.215660 1.264820 0.985335 
267 8.959673 0.000000 -3.784404 103.936618 -12.705407 13.284017 -0.114071 
268 8.959673 0.000000 -4.651055 101.912587 -10.226957 5.387896 -0.051980 
269 9.885984 0.000000 -3.784404 100.576667 -12.906400 12.947720 -0.044988 
270 8.959673 0.000000 -2.917754 104.932831 -12.666954 12.324208 -0.132324 
271 28.412196 0.000000 9.215355 100.692071 -7.496038 2.843259 -0.020317 
272 35.822681 0.000000 9.215355 100.134030 -10.283862 3.688868 -0.014619 
273 28.412196 0.000000 16.148559 100.527087 -6.915595 4.659621 -0.017523 
274 17.296468 0.000000 5.748752 101.993319 -8.834332 5.622889 -0.051230 
275 21.001711 0.000000 5.748752 102.362578 -8.487162 4.183039 -0.056763 
276 17.296468 0.000000 9.215355 101.249378 -8.332630 6.013391 -0.035703 
277 11.738605 0.000000 4.015451 110.862877 -13.144562 -4.768316 -0.248609 
278 11.738605 0.000000 2.282150 109.364383 -13.065938 -2.015562 -0.213535 
279 13.591226 0.000000 4.015451 106.231315 -12.950029 2.767303 -0.146045 
280 11.738605 0.000000 5.748752 103.595479 -8.808895 8.404533 -0.088026 
281 8.959673 0.000000 3.148801 105.216429 -12.289848 41.086651 -0.290965 
282 8.033362 0.000000 3.148801 93.417743 -11.977514 49.386356 -0.130935 
283 8.959673 0.000000 2.282150 100.987627 -12.262603 44.300225 -0.231138 
284 9.885984 0.000000 3.148801 112.325729 -12.470693 23.918027 -0.334466 
285 8.959673 0.000000 4.015451 105.608038 -9.137019 21.081627 -0.168098 
286 17.296468 0.000000 -8.117657 100.337088 -8.420146 2.400206 -0.014419 
287 17.296468 0.000000 -11.584259 100.100928 -7.191367 4.986168 -0.009677 
288 21.001711 0.000000 -8.117657 102.423502 -7.959152 4.954459 -0.057847 
289 11.738605 0.000000 -6.384356 98.036090 -8.916241 3.904976 0.029418 
290 11.738605 0.000000 -8.117657 98.838624 -8.291502 4.110055 0.014528 
291 13.591226 0.000000 -6.384356 97.696544 -8.674481 2.238093 0.037513 
292 15.443847 0.000000 -2.917754 99.380331 -10.584530 -14.553337 -0.020028 
293 15.443847 0.000000 -4.651055 97.892925 -9.821374 -4.987255 0.029564 
294 17.296468 0.000000 -2.917754 100.260435 -9.522567 -13.283664 -0.031929 
295 15.443847 0.000000 -1.184452 -6.942160 -0.073373 1.935085 0.994806 
296 12.664915 0.000000 -3.784404 95.395587 -13.213129 0.165109 0.072507 
297 11.738605 0.000000 -3.784404 96.691646 -13.281698 3.244535 0.046380 
298 12.664915 0.000000 -4.651055 95.713877 -9.882715 2.355122 0.073564 
299 13.591226 0.000000 -3.784404 89.305997 -13.122037 -1.888939 0.184868 
300 12.664915 0.000000 -2.917754 95.131415 -13.199697 0.067365 0.077578 
301 11.738605 0.000000 0.548849 -10.751029 -0.332067 0.927090 0.988345 
302 13.591226 0.000000 0.548849 -9.065661 -0.051505 1.438880 0.991574 
303 15.443847 0.000000 4.015451 105.946021 -12.728421 3.096830 -0.139616 
304 15.443847 0.000000 2.282150 105.927417 -12.766294 2.771848 -0.139128 
305 17.296468 0.000000 4.015451 105.831707 -12.443712 0.399147 -0.135536 
306 15.443847 0.000000 5.748752 101.988038 -9.023401 6.394226 -0.052387 
307 12.664915 0.000000 3.148801 107.219806 -13.208883 0.958612 -0.167148 
308 11.738605 0.000000 3.148801 109.441495 -13.185839 -2.420965 -0.215717 
309 12.664915 0.000000 2.282150 107.336986 -12.902109 1.255358 -0.168927 
310 13.591226 0.000000 3.148801 106.562919 -13.030138 2.131801 -0.152998 
311 12.664915 0.000000 4.015451 107.257235 -13.677859 0.163879 -0.169123 
312 15.443847 0.000000 0.548849 -7.849213 -0.050198 1.391518 0.993645 
313 17.296468 0.000000 0.548849 -7.615128 0.262788 1.051575 0.994083 
314 24.706953 0.000000 5.748752 102.798722 -8.557328 1.660079 -0.064356 
315 24.706953 0.000000 2.282150 107.222167 -12.010159 -2.961605 -0.164961 
316 28.412196 0.000000 5.748752 101.325012 -8.816330 1.094643 -0.034568 
317 24.706953 0.000000 9.215355 101.676012 -7.590053 3.469127 -0.040766 
318 19.149090 0.000000 4.015451 105.905548 -12.633949 0.422401 -0.137578 
319 19.149090 0.000000 2.282150 105.942602 -12.662113 0.365432 -0.138430 
320 21.001711 0.000000 4.015451 106.498781 -12.555022 0.325081 -0.149972 
321 19.149090 0.000000 5.748752 102.256052 -8.605885 4.719072 -0.055263 
322 16.370158 0.000000 3.148801 105.878316 -12.626489 1.801293 -0.137289 
323 15.443847 0.000000 3.148801 105.922203 -12.637483 2.653814 -0.138626 
324 16.370158 0.000000 2.282150 105.882438 -12.629069 1.714427 -0.137352 
325 17.296468 0.000000 3.148801 105.842352 -12.639636 0.797336 -0.136300 
326 16.370158 0.000000 4.015451 105.882329 -12.630149 1.713558 -0.137352 
327 24.706953 0.000000 -1.184452 -12.509280 0.158735 -3.354434 0.983224 
328 24.706953 0.000000 -4.651055 106.698594 -9.710844 15.101972 -0.170696 
329 28.412196 0.000000 -1.184452 97.126345 -14.154260 18.554982 0.002184 
330 19.149090 0.000000 0.548849 -8.130363 0.057475 0.391856 0.993374 
331 19.149090 0.000000 -1.184452 -7.901856 -0.161433 0.451296 0.993733 
332 21.001711 0.000000 0.548849 -8.885191 -0.248262 -0.060120 0.992099 
333 22.854332 0.000000 4.015451 107.108448 -12.331331 0.318972 -0.162438 
334 22.854332 0.000000 2.282150 107.108892 -12.329155 0.320571 -0.162443 
335 24.706953 0.000000 4.015451 107.151498 -12.327674 -2.967651 -0.164222 
336 22.854332 0.000000 5.748752 103.109518 -8.555592 2.822627 -0.071274 
337 20.075400 0.000000 3.148801 106.145060 -12.461157 0.453054 -0.142226 
338 19.149090 0.000000 3.148801 105.976585 -12.536947 0.466075 -0.138843 
339 20.075400 0.000000 2.282150 106.158190 -12.492721 0.404726 -0.142579 
340 21.001711 0.000000 3.148801 106.383108 -12.622883 0.271368 -0.147678 
341 20.075400 0.000000 4.015451 106.157776 -12.494767 0.402741 -0.142575 
342 80.285589 0.000000 -164.114764 99.540737 -7.005376 6.423764 0.000130 
343 80.285589 0.000000 -219.580401 99.543463 -6.996647 6.430196 0.000080 
344 139.569468 0.000000 -164.114764 99.542419 -7.009869 6.420356 0.000095 
345 50.643650 0.000000 -80.916307 99.544342 -7.073508 6.395390 -0.000001 
346 50.643650 0.000000 -108.649126 99.532962 -7.020358 6.410294 0.000281 
347 80.285589 0.000000 -80.916307 99.537817 -7.063413 6.384129 0.000157 
348 35.822681 0.000000 -39.317078 99.533308 -7.128484 6.342217 0.000208 
349 35.822681 0.000000 -53.183488 99.690036 -7.095048 6.376995 -0.002911 
350 50.643650 0.000000 -39.317078 99.684536 -7.442338 6.376724 -0.003306 
351 28.412196 0.000000 -18.517464 99.723595 -7.607982 6.373422 -0.004330 
352 28.412196 0.000000 -25.450669 99.771796 -7.465141 6.237314 -0.004904 
353 35.822681 0.000000 -18.517464 99.648498 -7.819260 6.568553 -0.003411 
354 24.706953 0.000000 -8.117657 101.230518 -8.440664 8.235312 -0.038668 
355 24.706953 0.000000 -11.584259 100.439525 -7.313823 6.664375 -0.018600 
356 28.412196 0.000000 -8.117657 99.777974 -8.029308 8.684038 -0.009553 
357 198.853347 0.000000 -53.183488 99.547232 -7.057023 6.306645 0.000077 
358 198.853347 0.000000 -108.649126 99.543547 -7.029544 6.396683 0.000075 
359 258.137225 0.000000 -53.183488 99.549392 -7.044950 6.318842 0.000036 
360 198.853347 0.000000 2.282150 99.690998 -6.404302 4.809933 -0.000245 
361 109.927529 0.000000 -25.450669 99.545833 -7.132066 6.022361 0.000349 
362 109.927529 0.000000 -53.183488 99.537028 -7.092156 6.302866 0.000236 
363 139.569468 0.000000 -25.450669 99.555888 -7.081005 6.040606 0.000200 
364 109.927529 0.000000 2.282150 99.493283 -9.041067 4.680085 -0.000256 
365 65.464620 0.000000 -11.584259 99.443632 -7.313455 5.630648 0.002577 
366 65.464620 0.000000 -25.450669 99.505921 -7.157767 6.124162 0.000983 
367 80.285589 0.000000 -11.584259 99.551886 -7.322649 5.623010 0.000418 
368 65.464620 0.000000 2.282150 99.485237 -5.361659 5.448087 0.004426 
369 43.233165 0.000000 -4.651055 97.353699 -7.777492 6.866484 0.041462 
370 43.233165 0.000000 -11.584259 98.783029 -7.908228 6.370576 0.013879 
371 50.643650 0.000000 -4.651055 98.635160 -7.706291 5.516664 0.018128 
372 43.233165 0.000000 2.282150 109.770526 -15.184599 -9.691300 -0.237406 
373 32.117438 0.000000 -1.184452 103.147436 -9.834615 19.224227 -0.110568 
374 32.117438 0.000000 -4.651055 98.765780 -9.203179 11.348519 0.003183 
375 35.822681 0.000000 -1.184452 101.763483 -9.425507 26.069302 -0.112426 
376 32.117438 0.000000 2.282150 102.803353 -6.786329 -1.394005 -0.061653 
377 26.559575 0.000000 -2.917754 93.067789 -13.482902 21.891325 0.067737 
378 24.706953 0.000000 -2.917754 114.655945 -10.447079 18.288731 -0.358960 
379 26.559575 0.000000 -4.651055 98.678945 -10.103327 16.265614 -0.010418 
380 28.412196 0.000000 -2.917754 97.129706 -14.357991 18.620334 0.001295 
381 26.559575 0.000000 -1.184452 94.150480 -14.001168 22.608895 0.042849 
382 22.854332 0.000000 -2.917754 108.969928 -9.920417 16.807345 -0.225535 
383 21.001711 0.000000 -2.917754 -10.014219 -0.681218 -0.725259 0.989873 
384 22.854332 0.000000 -4.651055 106.665560 -9.337090 11.441937 -0.159564 
385 22.854332 0.000000 -1.184452 -10.189241 -0.440157 -2.104823 0.989156 
386 26.559575 0.000000 0.548849 -16.133110 0.200163 -2.476129 0.973355 
387 24.706953 0.000000 0.548849 -12.289662 0.298654 -2.368898 0.984326 
388 28.412196 0.000000 0.548849 -21.849195 -0.127829 -0.574334 0.952227 
389 26.559575 0.000000 2.282150 105.494552 -11.663989 -5.003434 -0.129018 
390 25.633264 0.000000 -2.051103 94.161599 -14.006251 22.611530 0.042614 
391 24.706953 0.000000 -2.051103 -12.431020 -0.120219 -3.626246 0.983231 
392 25.633264 0.000000 -2.917754 91.699933 -11.764353 53.087661 -0.136558 
393 26.559575 0.000000 -2.051103 93.012869 -13.457030 21.863140 0.068952 
394 25.633264 0.000000 -1.184452 -14.193968 0.643779 -3.322763 0.978708 
395 32.117438 0.000000 -8.117657 98.888005 -7.733429 8.234826 0.009354 
396 32.117438 0.000000 -11.584259 99.576456 -8.496800 7.333213 -0.004144 
397 35.822681 0.000000 -8.117657 98.401501 -8.411098 8.170817 0.017964 
398 26.559575 0.000000 -6.384356 100.547543 -9.215350 10.880725 -0.031312 
399 24.706953 0.000000 -6.384356 102.620899 -8.881478 10.546383 -0.072116 
400 26.559575 0.000000 -8.117657 100.335932 -8.635820 8.594332 -0.021574 
401 28.412196 0.000000 -6.384356 99.476183 -8.905940 9.901298 -0.007286 
402 25.633264 0.000000 -3.784404 104.049418 -10.702825 27.808026 -0.171412 
403 24.706953 0.000000 -3.784404 115.556138 -10.586202 22.466980 -0.397005 
404 25.633264 0.000000 -4.651055 103.017316 -9.960681 17.732283 -0.102622 
405 26.559575 0.000000 -3.784404 95.368500 -14.557922 22.897511 0.016862 
406 30.264817 0.000000 -2.917754 100.989043 -11.796480 12.681112 -0.049875 
407 30.264817 0.000000 -4.651055 98.858399 -9.052357 11.165253 0.002041 
408 32.117438 0.000000 -2.917754 102.021236 -10.649613 23.223731 -0.106109 
409 30.264817 0.000000 -1.184452 101.432578 -11.316646 12.226206 -0.056611 
410 27.485885 0.000000 -2.051103 95.381060 -14.405378 20.521289 0.027382 
411 27.485885 0.000000 -2.917754 94.304604 -14.050998 20.830050 0.047532 
412 28.412196 0.000000 -2.051103 97.272174 -14.632446 18.137183 -0.000494 
413 27.485885 0.000000 -1.184452 96.049017 -14.057713 20.006678 0.017670 
414 26.096419 0.000000 -2.484428 81.843634 -13.217109 26.200566 0.244046 
415 25.633264 0.000000 -2.484428 89.405366 -12.033074 50.334610 -0.067169 
416 26.096419 0.000000 -2.917754 84.066063 -12.621171 38.878246 0.126209 
417 26.559575 0.000000 -2.484428 91.308789 -13.737650 21.372153 0.101721 
418 26.096419 0.000000 -2.051103 92.718416 -13.317944 21.704744 0.075483 
419 198.853347 0.000000 57.747788 99.565938 -6.918607 6.221834 0.000005 
420 258.137225 0.000000 57.747788 99.564052 -6.960023 6.208585 0.000001 
421 198.853347 0.000000 113.213426 99.557488 -6.917762 6.381563 -0.000027 
422 109.927529 0.000000 30.014969 99.579069 -6.903102 5.817053 0.000252 
423 139.569468 0.000000 30.014969 99.583952 -7.008563 5.778278 0.000053 
424 109.927529 0.000000 57.747788 99.567133 -6.867451 6.249140 0.000017 
425 65.464620 0.000000 16.148559 99.483109 -6.634493 4.992359 0.003417 
426 80.285589 0.000000 16.148559 99.547286 -6.742850 4.878203 0.002107 
427 65.464620 0.000000 30.014969 99.508468 -6.857994 5.916170 0.001603 
428 43.233165 0.000000 9.215355 99.273841 0.043784 1.343773 0.014290 
429 50.643650 0.000000 9.215355 99.483467 -2.148506 -1.976592 0.009452 
430 43.233165 0.000000 16.148559 99.437125 -6.620087 4.594988 0.004732 
431 32.117438 0.000000 5.748752 99.623850 -9.986647 0.560355 -0.002496 
432 35.822681 0.000000 5.748752 105.118077 -0.000000 -3.278944 -0.106056 
433 32.117438 0.000000 9.215355 100.196207 -8.075061 2.712142 -0.011184 
434 26.559575 0.000000 4.015451 105.131904 -12.131368 -4.942277 -0.122431 
435 28.412196 0.000000 4.015451 100.506216 -2.352166 10.654719 -0.022056 
436 26.559575 0.000000 5.748752 101.930495 -8.587384 0.896547 -0.046437 
437 25.633264 0.000000 3.148801 106.556326 -11.791204 -4.387746 -0.151254 
438 24.706953 0.000000 3.148801 107.195511 -11.985267 -3.098618 -0.164413 
439 25.633264 0.000000 2.282150 106.737511 -11.568706 -4.333706 -0.154551 
440 26.559575 0.000000 3.148801 105.702186 -11.963223 -4.753324 -0.133867 
441 25.633264 0.000000 4.015451 106.868964 -11.931932 -4.227059 -0.158121 
442 30.264817 0.000000 4.015451 109.657770 -1.120030 -22.628301 -0.253812 
443 30.264817 0.000000 2.282150 103.582416 -5.779027 0.042786 -0.076272 
444 32.117438 0.000000 4.015451 106.840901 -0.543880 -23.974151 -0.199003 
445 30.264817 0.000000 5.748752 100.809298 -8.942735 0.576761 -0.024282 
446 30.264817 0.000000 0.548849 -23.725432 0.019496 -0.104513 0.943709 
447 32.117438 0.000000 0.548849 103.460952 -9.525923 23.268702 -0.133634 
448 29.338506 0.000000 3.148801 111.396432 -1.162209 -1.940627 -0.241428 
449 28.412196 0.000000 3.148801 97.476785 -1.296278 5.180096 0.046976 
450 29.338506 0.000000 2.282150 107.041989 -4.789605 -4.467891 -0.150089 
451 30.264817 0.000000 3.148801 171.736920 -1.415994 -30.519520 -2.042702 
452 29.338506 0.000000 4.015451 112.652437 -1.218469 -10.980693 -0.281263 
453 27.485885 0.000000 3.148801 98.936031 -8.767510 -2.719228 0.012740 
454 27.485885 0.000000 2.282150 99.589161 -9.012859 -4.087801 -0.001594 
455 27.485885 0.000000 4.015451 105.133771 -12.128054 -4.943519 -0.122464 
456 29.338506 0.000000 1.415499 -24.735586 -0.174149 1.298109 0.938644 
457 28.412196 0.000000 1.415499 -20.770518 -0.320944 2.575762 0.956185 
458 29.338506 0.000000 0.548849 -24.181213 -0.074681 0.017365 0.941526 
459 30.264817 0.000000 1.415499 98.054604 -6.837987 -3.403439 0.032695 
460 28.875351 0.000000 2.715475 105.140759 -3.545466 26.140601 -0.175048 
461 28.412196 0.000000 2.715475 101.918271 -3.167241 10.994923 -0.051825 
462 28.875351 0.000000 2.282150 105.477324 -4.915841 2.585583 -0.115632 
463 29.338506 0.000000 2.715475 98.127353 -3.558449 -8.727864 0.028218 
464 28.875351 0.000000 3.148801 110.845732 -2.715832 20.308348 -0.270658 
465 27.485885 0.000000 1.415499 -18.032815 -0.340833 0.911754 0.967387 
466 26.559575 0.000000 1.415499 -15.106366 0.031976 -1.271295 0.977018 
467 27.485885 0.000000 0.548849 -18.954520 -0.223626 -1.532938 0.963833 
468 27.949040 0.000000 2.715475 99.512805 -6.503205 2.221122 0.004998 
469 27.485885 0.000000 2.715475 99.356197 -8.986042 -2.907177 0.003915 
470 27.949040 0.000000 2.282150 97.207240 -6.751160 2.131611 0.050063 
471 27.949040 0.000000 3.148801 98.370796 -5.857118 2.734943 0.028140 
472 80.285589 0.000000 168.679064 99.559380 -6.945016 6.420114 -0.000152 
473 21.001711 0.000000 168.679064 99.560778 -6.953411 6.428168 -0.000202 
474 139.569468 0.000000 168.679064 99.556525 -6.939084 6.415585 -0.000081 
475 80.285589 0.000000 224.144701 99.555291 -6.953481 6.428610 -0.000093 
476 50.643650 0.000000 85.480607 99.575913 -6.906089 6.370131 -0.000364 
477 21.001711 0.000000 85.480607 99.586922 -6.918178 6.399994 -0.000638 
478 80.285589 0.000000 85.480607 99.572017 -6.913690 6.355174 -0.000277 
479 50.643650 0.000000 113.213426 99.573661 -6.935395 6.402443 -0.000401 
480 35.822681 0.000000 43.881378 99.560939 -6.575364 6.164091 0.000639 
481 21.001711 0.000000 43.881378 99.634204 -6.577463 6.272634 -0.000958 
482 50.643650 0.000000 43.881378 99.424573 -6.677079 6.209664 0.003161 
483 35.822681 0.000000 57.747788 99.533830 -6.869727 6.317431 0.000591 
484 28.412196 0.000000 23.081764 100.047104 -6.861310 5.602796 -0.008789 
485 21.001711 0.000000 23.081764 100.346331 -6.812902 5.923458 -0.015089 
486 35.822681 0.000000 23.081764 99.734430 -6.806241 5.453258 -0.002302 
487 28.412196 0.000000 30.014969 99.899418 -6.633654 5.947018 -0.005927 
488 32.117438 0.000000 12.681957 100.155317 -7.611313 3.805709 -0.010350 
489 28.412196 0.000000 12.681957 100.838296 -7.294526 4.068436 -0.023812 
490 35.822681 0.000000 12.681957 100.108790 -7.382107 4.059200 -0.009274 
491 32.117438 0.000000 16.148559 100.106354 -6.863763 4.636212 -0.008989 
492 30.264817 0.000000 7.482054 100.504175 -8.062451 1.972546 -0.016998 
493 28.412196 0.000000 7.482054 101.157928 -7.953776 1.987743 -0.030014 
494 32.117438 0.000000 7.482054 99.954321 -8.504691 2.000640 -0.006720 
495 30.264817 0.000000 9.215355 100.418808 -7.524827 3.036561 -0.014978 
496 29.338506 0.000000 4.882102 101.499337 -9.663319 0.695413 -0.039598 
497 28.412196 0.000000 4.882102 101.410303 -9.507843 0.938491 -0.037533 
498 30.264817 0.000000 4.882102 101.448697 -10.114719 -0.315080 -0.039424 
499 29.338506 0.000000 5.748752 101.359273 -8.862084 0.850565 -0.035296 
500 28.875351 0.000000 3.582126 106.104866 -2.339378 -3.476495 -0.127580 
501 28.412196 0.000000 3.582126 103.153106 -2.513473 1.382085 -0.064879 
502 29.338506 0.000000 3.582126 107.113780 -1.699693 -10.377329 -0.158394 
503 28.875351 0.000000 4.015451 106.917668 -1.268055 -5.211796 -0.146016 
504 28.643773 0.000000 2.932138 107.299469 -2.044286 35.015705 -0.274345 
505 28.412196 0.000000 2.932138 95.710834 -2.002607 13.711020 0.064743 
506 28.643773 0.000000 2.715475 105.284638 -3.482719 22.143031 -0.158730 
507 28.875351 0.000000 2.932138 107.909442 -3.068933 36.288377 -0.297071 
508 28.643773 0.000000 3.148801 106.230541 -1.793818 23.338326 -0.183282 
509 27.022730 0.000000 2.715475 104.586052 -11.572495 -4.877144 -0.109595 
510 26.559575 0.000000 2.715475 105.697522 -11.944714 -4.764770 -0.133735 
511 27.022730 0.000000 2.282150 105.309046 -11.597387 -5.112131 -0.125063 
512 27.022730 0.000000 3.148801 104.575219 -11.597560 -4.868531 -0.109418 
513 24.706953 0.000000 12.681957 101.440478 -7.027151 4.697508 -0.036162 
514 21.001711 0.000000 12.681957 101.439119 -6.859198 5.145818 -0.036342 
515 24.706953 0.000000 16.148559 100.679093 -7.302964 5.148218 -0.021612 
516 26.559575 0.000000 7.482054 101.640653 -8.043612 2.041723 -0.039969 
517 24.706953 0.000000 7.482054 102.161148 -7.758870 2.558976 -0.050365 
518 26.559575 0.000000 9.215355 101.339042 -7.809795 2.904560 -0.033903 
519 27.485885 0.000000 4.882102 101.695828 -9.106280 0.487925 -0.042520 
520 26.559575 0.000000 4.882102 102.432470 -9.300536 -0.144097 -0.057893 
521 27.485885 0.000000 5.748752 101.515768 -8.754521 0.908464 -0.038292 
522 27.949040 0.000000 3.582126 94.889517 -5.622745 4.196346 0.094676 
523 27.485885 0.000000 3.582126 95.111288 -7.006462 -0.812581 0.090409 
524 27.949040 0.000000 4.015451 88.215692 -3.449236 2.298982 0.220081 
525 27.717463 0.000000 2.932138 89.630815 -4.494661 -51.642958 -0.072088 
526 27.485885 0.000000 2.932138 99.310481 -8.983230 -2.915838 0.004823 
527 27.717463 0.000000 2.715475 98.593332 -8.024762 -0.132719 0.021494 
528 27.949040 0.000000 2.932138 90.763474 -3.495860 -13.280387 0.157340 
529 27.717463 0.000000 3.148801 97.966317 -7.645608 0.358077 0.034402 
530 27.949040 0.000000 1.848825 101.832606 -10.251542 -4.101756 -0.049180 
531 27.485885 0.000000 1.848825 103.414304 -11.291236 -4.543083 -0.084265 
532 27.949040 0.000000 1.415499 -19.092911 -0.310600 1.437572 0.963330 
533 28.412196 0.000000 1.848825 94.699027 -6.864779 -3.150130 0.097505 
534 27.717463 0.000000 2.498813 98.699926 -7.994985 0.088805 0.019440 
535 27.485885 0.000000 2.498813 99.242093 -8.881944 -2.796452 0.006430 
536 27.717463 0.000000 2.282150 97.590391 -7.916687 -1.897177 0.040984 
537 27.949040 0.000000 2.498813 96.549029 -6.449555 2.394435 0.063095 
538 28.180618 0.000000 2.932138 93.351613 -3.071404 4.285657 0.125768 
539 28.180618 0.000000 2.715475 96.611116 -4.007965 5.752943 0.061713 
540 28.180618 0.000000 3.148801 94.973548 -2.774009 8.118509 0.090642 
541 27.833252 0.000000 2.823807 90.680579 -4.432979 -24.390660 0.116248 
542 27.717463 0.000000 2.823807 92.910437 -5.762044 -23.079458 0.080179 
543 27.833252 0.000000 2.715475 97.865964 -7.578937 0.480779 0.036458 
544 27.949040 0.000000 2.823807 91.354701 -3.716069 -12.473744 0.148492 
545 27.833252 0.000000 2.932138 89.652765 -3.575962 -27.432819 0.119703 
546 28.180618 0.000000 2.498813 99.586272 -5.023638 4.748589 0.003479 
547 28.180618 0.000000 2.282150 100.338167 -4.978709 4.914425 -0.011669 
548 28.412196 0.000000 2.498813 102.736063 -4.122653 3.836890 -0.058642 
549 28.064829 0.000000 2.823807 92.472136 -3.326565 -4.051278 0.142143 
550 28.064829 0.000000 2.715475 95.284162 -3.701625 3.823571 0.089261 
551 28.180618 0.000000 2.823807 93.965860 -3.388029 3.849198 0.114412 
552 28.064829 0.000000 2.932138 90.106902 -2.409365 -7.099212 0.182454 
553 27.022730 0.000000 3.582126 105.288222 -11.652691 -5.093932 -0.124734 
554 26.559575 0.000000 3.582126 105.499154 -11.719686 -4.974668 -0.129217 
555 27.022730 0.000000 4.015451 105.131402 -12.132259 -4.941943 -0.122423 
556 27.717463 0.000000 3.365463 95.707189 -6.210952 3.101628 0.079194 
557 27.485885 0.000000 3.365463 97.627342 -7.964725 -1.957031 0.040164 
558 27.949040 0.000000 3.365463 98.562354 -4.947813 4.731300 0.023860 
559 27.717463 0.000000 3.582126 95.950505 -6.283903 3.260842 0.074338 
560 27.833252 0.000000 3.040469 99.421056 -6.675480 1.786721 0.006770 
561 27.717463 0.000000 3.040469 98.161725 -7.795083 0.094994 0.030350 
562 27.949040 0.000000 3.040469 93.873276 -4.452384 -5.914858 0.113300 
563 27.833252 0.000000 3.148801 99.386678 -6.536859 2.044671 0.007538 
564 27.891146 0.000000 2.877972 87.600558 -2.503879 -31.905007 0.130194 
565 27.833252 0.000000 2.877972 89.086094 -3.704438 -32.085352 0.102048 
566 27.891146 0.000000 2.823807 90.817462 -3.824791 -20.351250 0.132339 
567 27.949040 0.000000 2.877972 90.713006 -3.574131 -14.369670 0.155189 
568 27.891146 0.000000 2.932138 89.727868 -3.428934 -22.619001 0.142553 
569 27.254307 0.000000 2.932138 100.892029 -9.831571 -4.266569 -0.029406 
570 27.022730 0.000000 2.932138 104.655521 -11.758383 -4.862962 -0.111469 
571 27.254307 0.000000 2.715475 100.879010 -9.802262 -4.265762 -0.029086 
572 27.254307 0.000000 3.148801 100.454892 -9.637552 -4.230423 -0.020196 
573 27.601674 0.000000 2.823807 98.871246 -8.393667 -1.781521 0.015085 
574 27.485885 0.000000 2.823807 99.381085 -9.015607 -2.941088 0.003347 
575 27.601674 0.000000 2.715475 99.168108 -8.372795 -0.605403 0.009522 
576 27.601674 0.000000 2.932138 98.710826 -8.360656 -2.143937 0.018168 
577 39.527923 0.000000 5.748752 100.639273 -0.000000 -0.826734 -0.012895 
578 39.527923 0.000000 2.282150 98.974309 -14.498461 3.883487 -0.002120 
579 43.233165 0.000000 5.748752 97.160354 -6.533669 1.821467 0.051386 
580 39.527923 0.000000 9.215355 100.457858 -9.173586 1.468763 -0.017809 
581 33.970059 0.000000 4.015451 103.897925 -0.873739 -5.132955 -0.082189 
582 33.970059 0.000000 2.282150 104.309339 -5.714379 4.347965 -0.093200 
583 35.822681 0.000000 4.015451 102.585900 -1.577664 -4.161395 -0.054367 
584 33.970059 0.000000 5.748752 115.257849 0.000000 -12.064343 -0.342992 
585 39.527923 0.000000 -1.184452 98.973169 -8.069161 25.969057 -0.053519 
586 39.527923 0.000000 -4.651055 97.005721 -8.075966 8.627416 0.045024 
587 43.233165 0.000000 -1.184452 94.951062 -7.350496 7.726595 0.087057 
588 33.970059 0.000000 0.548849 104.457388 -7.051630 13.492481 -0.114312 
589 33.970059 0.000000 -1.184452 101.849933 -9.600934 26.594860 -0.117287 
590 35.822681 0.000000 0.548849 104.442291 -8.093296 14.557739 -0.118562 
591 33.043749 0.000000 3.148801 95.262224 -0.595613 -25.103317 0.029458 
592 32.117438 0.000000 3.148801 111.088165 -0.878731 -2.456078 -0.234738 
593 33.043749 0.000000 2.282150 100.099059 -5.264616 -2.868693 -0.005577 
594 33.970059 0.000000 3.148801 103.384527 -3.203764 7.147024 -0.074970 
595 33.043749 0.000000 4.015451 103.521857 -0.466753 -16.562348 -0.099130 
596 31.191128 0.000000 3.148801 99.638187 -0.936215 -23.151239 -0.046462 
597 31.191128 0.000000 2.282150 100.732530 -7.143462 -1.835222 -0.020144 
598 31.191128 0.000000 4.015451 107.060101 -0.684353 -26.827985 -0.218207 
599 33.043749 0.000000 1.415499 105.542083 -5.127610 2.726200 -0.117286 
600 32.117438 0.000000 1.415499 103.256887 -6.827643 -1.516686 -0.071090 
601 33.043749 0.000000 0.548849 105.581665 -6.204982 9.115361 -0.126908 
602 33.970059 0.000000 1.415499 104.700114 -6.810254 4.868443 -0.103220 
603 32.580593 0.000000 2.715475 107.978046 -2.945828 -56.374373 -0.484601 
604 32.117438 0.000000 2.715475 148.663805 -2.741742 49.810744 -1.458955 
605 32.580593 0.000000 2.282150 103.488410 -6.562382 -1.532163 -0.075526 
606 33.043749 0.000000 2.715475 92.483979 -2.580385 -21.165618 0.099207 
607 32.580593 0.000000 3.148801 117.005240 -0.945705 -22.176453 -0.418292 
608 31.191128 0.000000 1.415499 101.526165 -6.894839 -0.889844 -0.035589 
609 31.191128 0.000000 0.548849 -19.847491 0.068411 -0.278755 0.960599 
610 31.654283 0.000000 2.715475 93.048351 -2.510299 4.385856 0.131647 
611 31.191128 0.000000 2.715475 93.818465 -2.034475 -19.696009 0.080602 
612 31.654283 0.000000 2.282150 102.060633 -7.058742 -1.701027 -0.046909 
613 31.654283 0.000000 3.148801 98.515651 -1.015473 -10.726068 0.017859 
614 33.970059 0.000000 7.482054 99.279054 -10.091720 2.279718 0.003663 
615 35.822681 0.000000 7.482054 114.947213 0.000000 -9.609250 -0.330520 
616 33.970059 0.000000 9.215355 99.788639 -8.906278 3.163960 -0.004710 
617 33.043749 0.000000 4.882102 107.536657 -3.281087 -10.548360 -0.168617 
618 32.117438 0.000000 4.882102 109.264639 -0.000000 -33.132322 -0.303651 
619 33.970059 0.000000 4.882102 113.423254 -0.104203 -11.802392 -0.300414 
620 33.043749 0.000000 5.748752 99.230154 -11.378134 0.679674 0.002345 
621 32.580593 0.000000 3.582126 107.563471 -0.706886 -16.439482 -0.184066 
622 32.117438 0.000000 3.582126 106.606170 -0.743872 -13.906772 -0.155883 
623 33.043749 0.000000 3.582126 100.752804 -0.456546 -17.026625 -0.044124 
624 32.580593 0.000000 4.015451 105.272055 -0.592384 -18.176103 -0.141293 
625 32.349016 0.000000 2.932138 160.653261 -1.326489 19.416705 -1.618824 
626 32.117438 0.000000 2.932138 133.711881 -1.609294 28.603779 -0.869963 
627 32.349016 0.000000 2.715475 148.883429 -3.018983 -14.419637 -1.238332 
628 32.580593 0.000000 2.932138 131.746774 -1.124293 -59.809183 -1.093561 
629 32.349016 0.000000 3.148801 124.393030 -1.035464 -7.516032 -0.553119 
630 37.675302 0.000000 4.015451 104.926800 -3.474877 -2.625593 -0.102860 
631 37.675302 0.000000 2.282150 149.518865 -17.256894 24.832741 -1.327036 
632 39.527923 0.000000 4.015451 100.695854 -1.405550 -1.195090 -0.014306 
633 37.675302 0.000000 5.748752 102.350075 -0.000000 -0.988892 -0.047652 
634 34.896370 0.000000 3.148801 123.872131 -2.966131 8.630710 -0.542759 
635 34.896370 0.000000 2.282150 104.008065 -8.774731 17.559300 -0.120300 
636 35.822681 0.000000 3.148801 97.363681 -4.881329 -9.625117 0.040384 
637 34.896370 0.000000 4.015451 106.984867 -2.465828 -3.602913 -0.146482 
638 37.675302 0.000000 0.548849 104.315266 -7.728809 11.996018 -0.108531 
639 37.675302 0.000000 -1.184452 99.924657 -8.951218 26.555601 -0.077026 
640 39.527923 0.000000 0.548849 102.293382 -7.327219 16.276317 -0.078254 
641 34.896370 0.000000 1.415499 105.942998 -6.995444 5.798802 -0.130648 
642 34.896370 0.000000 0.548849 105.514541 -7.332507 12.797277 -0.135085 
643 35.822681 0.000000 1.415499 105.867103 -8.220332 8.263062 -0.134370 
644 34.433215 0.000000 2.715475 121.679257 -3.398438 81.013621 -1.138060 
645 33.970059 0.000000 2.715475 105.097978 -4.245305 18.247657 -0.139658 
646 34.433215 0.000000 2.282150 116.216972 -4.744525 69.342434 -0.833727 
647 34.896370 0.000000 2.715475 109.597020 -7.579822 21.110681 -0.251462 
648 34.433215 0.000000 3.148801 117.247988 -3.190691 22.596049 -0.426785 
649 58.054135 0.000000 -4.651055 99.176460 -7.590098 5.328284 0.007803 
650 58.054135 0.000000 -11.584259 99.308836 -7.408148 5.635349 0.005112 
651 65.464620 0.000000 -4.651055 99.389931 -7.560782 5.341421 0.003595 
652 58.054135 0.000000 2.282150 99.219127 -5.415640 5.837595 0.009216 
653 46.938408 0.000000 -1.184452 97.489709 -7.339131 5.960365 0.040637 
654 46.938408 0.000000 -4.651055 98.077647 -7.770782 5.861961 0.028603 
655 50.643650 0.000000 -1.184452 98.441317 -7.437584 5.794994 0.022041 
656 46.938408 0.000000 2.282150 97.359482 -6.953510 5.504473 0.044248 
657 41.380544 0.000000 0.548849 102.505368 -7.537301 10.918738 -0.068338 
658 41.380544 0.000000 -1.184452 93.889793 -7.407659 10.754638 0.101417 
659 43.233165 0.000000 0.548849 92.034820 -5.849290 6.019871 0.145914 
660 41.380544 0.000000 2.282150 105.989057 -10.804600 -1.350437 -0.135224 
661 38.601612 0.000000 1.415499 102.736970 -9.105486 10.300594 -0.074390 
662 37.675302 0.000000 1.415499 104.913264 -7.963537 9.200631 -0.115486 
663 38.601612 0.000000 0.548849 100.138417 -7.945422 19.310853 -0.046374 
664 39.527923 0.000000 1.415499 103.253021 -9.603859 7.138600 -0.080438 
665 38.601612 0.000000 2.282150 89.477332 -16.600546 -5.386330 0.168922 
666 58.054135 0.000000 9.215355 99.535520 -6.158752 -1.529308 0.005241 
667 65.464620 0.000000 9.215355 99.682163 -7.855522 -0.092322 0.000175 
668 58.054135 0.000000 16.148559 99.411181 -6.542102 4.921063 0.005040 
669 46.938408 0.000000 5.748752 98.076134 -7.513240 3.237327 0.031414 
670 50.643650 0.000000 5.748752 98.676801 -7.459868 3.677402 0.019372 
671 46.938408 0.000000 9.215355 99.301605 -0.335791 -0.362647 0.013895 
672 41.380544 0.000000 4.015451 109.919803 -13.564034 -11.943511 -0.240899 
673 43.233165 0.000000 4.015451 95.530325 -6.556838 1.600786 0.082840 
674 41.380544 0.000000 5.748752 97.168135 -4.274295 0.744369 0.053953 
675 40.454234 0.000000 1.415499 104.148322 -7.914896 7.178008 -0.096104 
676 40.454234 0.000000 0.548849 103.803731 -7.605843 8.834939 -0.091112 
677 41.380544 0.000000 1.415499 103.021074 -7.515238 9.652801 -0.076300 
678 40.454234 0.000000 2.282150 104.592027 -9.897326 2.808749 -0.104534 
679 38.601612 0.000000 3.148801 98.798253 -3.862880 -4.449107 0.020419 
680 37.675302 0.000000 3.148801 123.373509 -2.672686 -3.974578 -0.524396 
681 39.527923 0.000000 3.148801 101.422018 -5.570787 1.462536 -0.031960 
682 38.601612 0.000000 4.015451 102.108110 -2.255258 -3.822823 -0.044577 
683 39.064768 0.000000 1.848825 102.996159 -12.456325 5.630925 -0.079508 
684 38.601612 0.000000 1.848825 103.622687 -10.726744 5.065730 -0.087839 
685 39.064768 0.000000 1.415499 102.180940 -9.783685 11.498884 -0.066889 
686 39.527923 0.000000 1.848825 102.714450 -11.837251 4.792371 -0.071335 
687 39.064768 0.000000 2.282150 87.883214 -13.617168 5.770988 0.205781 
688 40.454234 0.000000 3.148801 105.787829 -8.882220 -0.700609 -0.127045 
689 41.380544 0.000000 3.148801 105.223924 -8.953781 0.230469 -0.115230 
690 40.454234 0.000000 4.015451 107.888319 -13.497739 -7.530346 -0.187878 
691 39.991078 0.000000 1.848825 103.559141 -10.292309 4.893172 -0.085437 
692 39.991078 0.000000 1.415499 103.591726 -9.247423 6.649608 -0.086098 
693 40.454234 0.000000 1.848825 104.215503 -9.433510 4.541681 -0.097049 
694 39.991078 0.000000 2.282150 103.581731 -10.995632 3.578579 -0.086289 
695 39.064768 0.000000 2.715475 92.624595 -5.436580 4.926536 0.136686 
696 38.601612 0.000000 2.715475 96.032614 -5.766982 -4.599233 0.072333 
697 39.527923 0.000000 2.715475 101.027538 -9.340494 3.249821 -0.030437 
698 39.064768 0.000000 3.148801 97.033190 -2.624170 2.007427 0.057364 
699 39.296345 0.000000 2.065487 100.691868 -12.490854 4.650306 -0.031650 
700 39.064768 0.000000 2.065487 98.307388 -12.147944 4.576018 0.016714 
701 39.296345 0.000000 1.848825 103.102303 -12.093711 5.995165 -0.081228 
702 39.527923 0.000000 2.065487 100.180346 -17.196991 2.893638 -0.034021 
703 39.296345 0.000000 2.282150 96.085356 -10.295007 6.104375 0.062435 
704 36.748991 0.000000 1.415499 104.429963 -8.691068 9.618759 -0.107367 
705 36.748991 0.000000 0.548849 103.307835 -7.992691 16.597400 -0.101187 
706 36.748991 0.000000 2.282150 97.370733 -10.634748 11.047406 0.028380 
707 38.138457 0.000000 1.848825 104.680081 -8.766730 5.949429 -0.107017 
708 37.675302 0.000000 1.848825 102.946769 -10.429658 1.660077 -0.070957 
709 38.138457 0.000000 1.415499 104.411304 -8.140794 9.671949 -0.106154 
710 38.138457 0.000000 2.282150 87.176946 -20.537844 -17.541243 0.167068 
711 38.833190 0.000000 2.065487 92.006584 -17.784484 1.484958 0.121630 
712 38.601612 0.000000 2.065487 95.888814 -15.447963 -0.545666 0.056640 
713 38.833190 0.000000 1.848825 102.493892 -12.537929 5.362184 -0.069095 
714 38.833190 0.000000 2.282150 88.349157 -16.058428 0.428298 0.193637 
715 39.991078 0.000000 2.715475 104.137481 -10.258831 3.153275 -0.095980 
716 40.454234 0.000000 2.715475 105.481640 -8.640040 1.256022 -0.120260 
717 39.991078 0.000000 3.148801 106.548111 -8.553186 -4.533904 -0.144621 
718 39.296345 0.000000 2.498813 95.326805 -8.922205 4.782448 0.081032 
719 39.064768 0.000000 2.498813 89.856550 -5.693543 6.348390 0.185308 
720 39.527923 0.000000 2.498813 100.035990 -10.635550 4.280681 -0.013864 
721 39.296345 0.000000 2.715475 97.061200 -7.582467 3.941941 0.050609 
722 39.180556 0.000000 2.173819 97.200283 -11.178942 5.611113 0.039565 
723 39.064768 0.000000 2.173819 81.561705 -22.521598 5.614081 0.280895 
724 39.180556 0.000000 2.065487 98.821718 -11.538845 5.857512 0.006681 
725 39.296345 0.000000 2.173819 98.063933 -11.899986 5.209613 0.021472 
726 39.180556 0.000000 2.282150 92.331210 -8.573785 5.926741 0.136631 
727 36.748991 0.000000 3.148801 103.237668 -4.641484 4.648638 -0.070117 
728 36.748991 0.000000 4.015451 102.601438 -2.381557 -0.582167 -0.053307 
729 38.138457 0.000000 2.715475 101.725129 -5.104975 -14.535462 -0.058534 
730 37.675302 0.000000 2.715475 129.919646 -6.755771 3.548877 -0.693735 
731 38.138457 0.000000 3.148801 106.013561 -4.276931 -8.789418 -0.133442 
732 38.833190 0.000000 2.498813 90.560269 -5.759286 0.725974 0.176514 
733 38.601612 0.000000 2.498813 93.506661 -5.972566 -5.373552 0.119196 
734 38.833190 0.000000 2.715475 94.081550 -5.903146 0.707612 0.111331 
735 38.948979 0.000000 2.173819 86.052535 -19.569696 4.004590 0.219595 
736 38.833190 0.000000 2.173819 87.550399 -19.496183 0.632334 0.195443 
737 38.948979 0.000000 2.065487 92.779000 -15.045214 3.685364 0.115212 
738 38.948979 0.000000 2.282150 89.590131 -13.775524 3.192313 0.177365 
739 39.180556 0.000000 2.390481 77.810111 -2.820438 14.164896 0.373699 
740 39.064768 0.000000 2.390481 86.093886 -4.950185 7.698004 0.250408 
741 39.296345 0.000000 2.390481 94.689837 -9.033415 6.136952 0.091457 
742 39.180556 0.000000 2.498813 89.722318 -5.723520 7.164901 0.186581 
743 39.122662 0.000000 2.227984 94.487774 -10.167849 4.654306 0.094701 
744 39.064768 0.000000 2.227984 85.732596 -18.476288 5.007616 0.228347 
745 39.122662 0.000000 2.173819 89.870178 -15.584189 4.903449 0.165644 
746 39.180556 0.000000 2.227984 94.971875 -10.131565 5.350031 0.084907 
747 39.122662 0.000000 2.282150 92.347718 -8.684823 5.533973 0.136585 
748 45.085787 0.000000 0.548849 95.994478 -5.342248 4.758093 0.073388 
749 45.085787 0.000000 -1.184452 96.491428 -7.318491 6.415721 0.059468 
750 46.938408 0.000000 0.548849 97.454505 -5.364215 4.656983 0.045216 
751 45.085787 0.000000 2.282150 95.923587 -7.029980 4.802891 0.072618 
752 42.306855 0.000000 1.415499 94.565116 -6.645941 15.621624 0.076924 
753 42.306855 0.000000 0.548849 103.628013 -7.647960 6.423141 -0.083851 
754 43.233165 0.000000 1.415499 101.017343 -6.093305 23.595285 -0.079837 
755 42.306855 0.000000 2.282150 104.593389 -8.371714 2.182282 -0.101462 
756 45.085787 0.000000 4.015451 96.777588 -6.946764 3.390595 0.057434 
757 46.938408 0.000000 4.015451 97.699089 -7.032437 4.045488 0.038907 
758 45.085787 0.000000 5.748752 97.586687 -7.302297 2.740058 0.041601 
759 42.306855 0.000000 3.148801 105.951342 -9.220545 -6.539768 -0.135347 
760 43.233165 0.000000 3.148801 93.920411 -7.509039 1.731514 0.111957 
761 42.306855 0.000000 4.015451 95.058010 -5.894629 -0.007085 0.092923 
762 41.843699 0.000000 1.848825 104.450714 -8.434764 3.146495 -0.099100 
763 41.380544 0.000000 1.848825 104.896070 -9.513377 2.388211 -0.109939 
764 41.843699 0.000000 1.415499 103.734514 -7.815320 6.267465 -0.086121 
765 42.306855 0.000000 1.848825 30.868139 -10.009379 -0.919126 0.894613 
766 41.843699 0.000000 2.282150 105.045243 -8.914962 0.880032 -0.111475 
767 44.159476 0.000000 1.415499 94.147650 -3.615591 6.865038 0.107602 
768 44.159476 0.000000 0.548849 94.599358 -5.503647 5.009299 0.099558 
769 45.085787 0.000000 1.415499 95.842097 -3.599224 6.394786 0.076044 
770 44.159476 0.000000 2.282150 94.436669 -7.369629 4.156659 0.101013 
771 42.770010 0.000000 1.848825 104.197571 -8.030918 3.641360 -0.093489 
772 42.770010 0.000000 1.415499 103.993749 -7.886020 4.537782 -0.089748 
773 43.233165 0.000000 1.848825 105.829216 -12.582122 7.439822 -0.141348 
774 42.770010 0.000000 2.282150 104.393728 -8.171609 2.840198 -0.097289 
775 43.233165 0.000000 -18.517464 99.415275 -7.708722 6.339653 0.001699 
776 43.233165 0.000000 -25.450669 99.581052 -7.348377 6.293542 -0.000999 
777 50.643650 0.000000 -18.517464 99.352363 -7.385967 6.045930 0.003800 
778 39.527923 0.000000 -8.117657 98.235919 -7.858215 7.292785 0.023477 
779 39.527923 0.000000 -11.584259 98.850043 -7.658883 6.812312 0.012360 
780 43.233165 0.000000 -8.117657 98.287790 -7.734300 6.490393 0.023757 
781 41.380544 0.000000 -2.917754 95.943737 -7.741691 8.677003 0.065958 
782 39.527923 0.000000 -2.917754 95.640983 -8.170100 10.351372 0.067890 
783 41.380544 0.000000 -4.651055 97.093078 -7.875115 7.725352 0.045124 
784 43.233165 0.000000 -2.917754 96.487652 -7.708809 7.305371 0.057734 
785 42.306855 0.000000 -0.317802 101.391586 -6.251768 23.241805 -0.085952 
786 41.380544 0.000000 -0.317802 100.622681 -5.812867 22.573877 -0.066829 
787 42.306855 0.000000 -1.184452 94.168407 -7.376697 9.075707 0.099553 
788 43.233165 0.000000 -0.317802 93.731223 -6.854181 7.093899 0.111715 
789 42.770010 0.000000 0.982174 103.844675 -7.781325 5.242905 -0.087175 
790 42.306855 0.000000 0.982174 103.694629 -7.701306 6.089356 -0.084897 
791 42.770010 0.000000 0.548849 100.261232 -5.421615 19.965357 -0.048032 
792 43.233165 0.000000 0.982174 101.384907 -6.250809 23.260702 -0.085903 
793 42.538432 0.000000 1.632162 86.887216 -8.332086 9.172181 0.229706 
794 42.306855 0.000000 1.632162 43.531309 -7.877567 31.556298 0.704717 
795 42.538432 0.000000 1.415499 103.959009 -7.875614 4.743803 -0.089200 
796 42.770010 0.000000 1.632162 104.092025 -7.955643 4.096839 -0.091523 
797 42.538432 0.000000 1.848825 86.417538 -8.566820 -0.108137 0.245861 
798 15.443847 0.000000 -6.384356 98.759370 -8.908069 0.155778 0.016721 
799 15.443847 0.000000 -8.117657 99.241491 -8.263330 2.717503 0.007546 
800 17.296468 0.000000 -6.384356 101.104215 -8.467887 -1.022926 -0.029481 
801 14.517537 0.000000 -3.784404 92.186885 -12.039228 -19.001014 0.099560 
802 14.517537 0.000000 -4.651055 95.335735 -10.059758 -3.573936 0.079713 
803 15.443847 0.000000 -3.784404 100.968576 -10.408180 -10.619655 -0.041576 
804 14.517537 0.000000 -2.917754 86.929899 -12.153688 -25.239659 0.165844 
805 14.517537 0.000000 -2.051103 -6.962721 -0.272462 2.846982 0.994334 
806 13.591226 0.000000 -2.051103 89.250946 -13.114867 -1.881429 0.185873 
807 15.443847 0.000000 -2.051103 -6.025869 -0.101994 1.790028 0.996047 
808 14.517537 0.000000 -1.184452 -7.927642 -0.218081 2.842115 0.992903 
809 14.054381 0.000000 -3.351079 89.436682 -13.139059 -1.906767 0.182481 
810 13.591226 0.000000 -3.351079 90.347308 -13.197477 -1.608519 0.166060 
811 14.054381 0.000000 -3.784404 90.410571 -13.265910 -2.039626 0.164578 
812 14.517537 0.000000 -3.351079 89.368992 -11.687771 -29.503283 0.100614 
813 14.054381 0.000000 -2.917754 86.485810 -12.981013 -11.363707 0.222256 
814 19.149090 0.000000 -2.917754 110.462933 -9.028503 -14.195421 -0.248508 
815 19.149090 0.000000 -4.651055 109.691921 -8.835152 -5.094695 -0.213633 
816 16.370158 0.000000 -3.784404 100.012611 -9.663534 -7.128225 -0.014672 
817 16.370158 0.000000 -4.651055 98.860691 -9.472174 -5.474658 0.010687 
818 17.296468 0.000000 -3.784404 101.644198 -9.378176 -14.187494 -0.062078 
819 16.370158 0.000000 -2.917754 99.947428 -9.712772 -5.752374 -0.011692 
820 14.980692 0.000000 -3.351079 96.424603 -10.914829 -21.900304 0.010354 
821 14.980692 0.000000 -3.784404 96.934489 -10.827404 -20.627556 0.006098 
822 15.443847 0.000000 -3.351079 99.557077 -10.529845 -14.135720 -0.022231 
823 14.980692 0.000000 -2.917754 95.443178 -11.019752 -24.344442 0.017651 
824 12.664915 0.000000 -2.051103 95.401927 -13.199361 0.170407 0.072422 
825 11.738605 0.000000 -2.051103 97.098956 -13.200199 4.125656 0.038053 
826 12.664915 0.000000 -1.184452 -11.579349 -0.124245 2.348176 0.986039 
827 14.054381 0.000000 -2.484428 89.348625 -13.127589 -1.894754 0.184090 
828 13.591226 0.000000 -2.484428 90.321219 -13.189792 -1.574871 0.166563 
829 14.517537 0.000000 -2.484428 90.410571 -13.265910 -2.039626 0.164578 
830 14.054381 0.000000 -2.051103 90.410571 -13.265910 -2.039626 0.164578 
831 14.285959 0.000000 -3.134416 86.663134 -12.276426 -23.559229 0.178375 
832 14.054381 0.000000 -3.134416 89.549676 -13.153777 -1.922182 0.180414 
833 14.285959 0.000000 -3.351079 91.504826 -12.117879 -17.340457 0.117933 
834 14.517537 0.000000 -3.134416 87.216271 -12.074529 -26.103459 0.156614 
835 14.285959 0.000000 -2.917754 85.526304 -12.472498 -22.064998 0.204282 
836 16.370158 0.000000 -2.051103 -6.375308 0.088021 1.073833 0.995819 
837 17.296468 0.000000 -2.051103 -6.762400 0.047788 0.819127 0.995360 
838 16.370158 0.000000 -1.184452 -6.989302 0.154112 1.387436 0.994920 
839 14.980692 0.000000 -2.484428 93.298014 -11.271908 -29.610794 0.029163 
840 15.443847 0.000000 -2.484428 -5.341658 -0.166385 1.596525 0.996889 
841 14.980692 0.000000 -2.051103 -6.378016 -0.304231 2.346644 0.995372 
842 14.749114 0.000000 -3.134416 91.237313 -11.476851 -29.801964 0.065588 
843 14.749114 0.000000 -3.351079 94.201823 -11.278925 -25.136856 0.036694 
844 14.980692 0.000000 -3.134416 96.055075 -10.958218 -22.814139 0.013286 
845 14.749114 0.000000 -2.917754 89.795289 -11.627109 -29.801074 0.091351 
846 14.285959 0.000000 -2.701091 86.636979 -12.727742 -15.431767 0.209390 
847 14.054381 0.000000 -2.701091 89.454422 -13.141370 -1.909187 0.182157 
848 14.517537 0.000000 -2.701091 91.635755 -12.041931 -18.449900 0.111748 
849 14.285959 0.000000 -2.484428 89.311297 -13.122727 -1.889662 0.184772 
850 14.401748 0.000000 -3.026085 78.749047 -12.305798 -36.350739 0.232578 
851 14.285959 0.000000 -3.026085 84.090466 -12.331428 -26.990217 0.204826 
852 14.401748 0.000000 -3.134416 84.054781 -12.218479 -28.945616 0.194765 
853 14.517537 0.000000 -3.026085 84.222438 -12.165199 -29.584421 0.188335 
854 14.401748 0.000000 -2.917754 83.900301 -12.281787 -28.155612 0.201716 
855 19.149090 0.000000 -6.384356 104.012306 -8.448220 1.025397 -0.089098 
856 19.149090 0.000000 -8.117657 102.070780 -8.081010 2.935182 -0.049236 
857 21.001711 0.000000 -6.384356 105.208673 -8.248800 5.475462 -0.116689 
858 18.222779 0.000000 -3.784404 106.523591 -9.102431 -15.549579 -0.167192 
859 18.222779 0.000000 -4.651055 104.277706 -8.875034 -7.080606 -0.100274 
860 19.149090 0.000000 -3.784404 112.378704 -9.040394 -11.500346 -0.284296 
861 18.222779 0.000000 -2.917754 104.702977 -9.109035 -16.202789 -0.130822 
862 20.075400 0.000000 -3.784404 116.737103 -9.072815 0.004351 -0.370987 
863 20.075400 0.000000 -4.651055 113.422263 -8.967641 0.572679 -0.294536 
864 21.001711 0.000000 -3.784404 115.962191 -9.166100 11.992529 -0.367507 
865 20.075400 0.000000 -2.917754 -8.937388 -0.517753 -0.915603 0.991902 
866 22.854332 0.000000 -6.384356 103.983148 -8.542649 8.539747 -0.095840 
867 22.854332 0.000000 -8.117657 102.288834 -8.039451 7.117135 -0.057829 
868 21.928022 0.000000 -3.784404 112.368441 -9.354918 18.209414 -0.304576 
869 21.928022 0.000000 -4.651055 109.204561 -9.451424 10.453940 -0.212425 
870 22.854332 0.000000 -3.784404 109.254115 -9.830892 17.267110 -0.233126 
871 21.928022 0.000000 -2.917754 110.531292 -9.444362 19.486596 -0.268609 
872 22.854332 0.000000 0.548849 -9.865329 -0.296269 -1.466889 0.990044 
873 21.928022 0.000000 -2.051103 -10.103635 -0.390531 -1.014628 0.989673 
874 21.001711 0.000000 -2.051103 -9.252126 -0.435506 -0.701082 0.991372 
875 22.854332 0.000000 -2.051103 -10.968122 -0.544530 -2.111100 0.987495 
876 21.928022 0.000000 -1.184452 -9.509302 -0.281468 -0.866128 0.990874 
877 21.464866 0.000000 -3.351079 113.287067 -9.286371 17.581103 -0.322929 
878 21.001711 0.000000 -3.351079 115.967886 -9.144228 12.128389 -0.367927 
879 21.464866 0.000000 -3.784404 114.102734 -9.235574 16.413481 -0.337413 
880 21.928022 0.000000 -3.351079 111.878767 -9.381502 18.557575 -0.294925 
881 21.464866 0.000000 -2.917754 114.422175 -9.200862 16.833958 -0.346047 
882 23.780643 0.000000 -3.784404 110.924940 -10.115969 9.927585 -0.250523 
883 23.780643 0.000000 -4.651055 106.613153 -9.411103 12.282827 -0.160580 
884 23.780643 0.000000 -2.917754 110.990870 -10.118367 9.754103 -0.251650 
885 23.780643 0.000000 -2.051103 -11.386707 -0.217902 -2.073112 0.986600 
886 23.780643 0.000000 -1.184452 -11.045393 -0.089151 -2.265419 0.987286 
887 25.170109 0.000000 -2.484428 97.124328 -11.382339 56.870348 -0.279693 
888 24.706953 0.000000 -2.484428 115.647966 -10.531815 22.390788 -0.398672 
889 25.170109 0.000000 -2.917754 105.531392 -11.002632 41.146476 -0.295097 
890 25.170109 0.000000 -2.051103 -13.845449 -0.129518 -4.539037 0.978768 
891 27.485885 0.000000 -3.784404 95.368500 -14.557922 22.897511 0.016862 
892 27.485885 0.000000 -4.651055 97.557356 -10.102825 13.494872 0.019838 
893 28.412196 0.000000 -3.784404 96.551543 -10.925763 12.886086 0.039238 
894 26.096419 0.000000 -3.351079 95.295339 -13.012868 35.400432 -0.050373 
895 25.633264 0.000000 -3.351079 97.125151 -11.380046 56.853934 -0.279517 
896 26.096419 0.000000 -3.784404 97.765319 -10.915098 25.436996 -0.032424 
897 26.559575 0.000000 -3.351079 94.210747 -14.028716 22.623176 0.041572 
898 25.864842 0.000000 -2.701091 72.588035 -12.450306 46.400733 0.242294 
899 25.633264 0.000000 -2.701091 89.453708 -11.908952 51.931574 -0.084068 
900 25.864842 0.000000 -2.917754 83.968960 -12.443975 43.327226 0.091711 
901 26.096419 0.000000 -2.701091 80.359163 -12.990368 29.549670 0.250047 
902 25.864842 0.000000 -2.484428 82.645133 -12.654409 40.010087 0.140884 
903 34.433215 0.000000 1.848825 104.991410 -7.024362 3.484088 -0.108468 
904 33.970059 0.000000 1.848825 105.446852 -6.832595 -1.876477 -0.116924 
905 34.433215 0.000000 1.415499 105.729890 -6.659415 5.206927 -0.125027 
906 34.896370 0.000000 1.848825 103.317544 -8.108538 -1.962887 -0.074412 
907 35.359525 0.000000 2.715475 98.537396 -7.137278 -20.669742 -0.018780 
908 35.359525 0.000000 2.282150 98.071376 -9.040637 -13.675666 0.011325 
909 35.822681 0.000000 2.715475 93.366531 -7.642384 -14.564220 0.101217 
910 35.359525 0.000000 3.148801 105.170589 -4.669408 -13.112537 -0.125459 
911 34.664792 0.000000 2.498813 112.684533 -7.048461 57.868465 -0.609624 
912 34.433215 0.000000 2.498813 118.381359 -4.494050 102.029798 -1.444442 
913 34.664792 0.000000 2.282150 107.203990 -8.088291 36.079840 -0.285987 
914 34.896370 0.000000 2.498813 105.071576 -9.019884 17.418774 -0.142481 
915 34.664792 0.000000 2.715475 113.465354 -6.775278 50.374461 -0.545788 
916 35.359525 0.000000 1.848825 102.062981 -8.468129 -5.663490 -0.052064 
917 35.359525 0.000000 1.415499 105.647224 -7.907455 6.637517 -0.126792 
918 35.822681 0.000000 1.848825 101.242259 -9.387718 2.704364 -0.034544 
919 35.127948 0.000000 2.498813 90.712354 -11.346903 -38.855530 0.013276 
920 35.127948 0.000000 2.282150 98.739913 -8.866456 -19.141288 -0.019457 
921 35.359525 0.000000 2.498813 94.891679 -8.279475 -24.809432 0.031151 
922 35.127948 0.000000 2.715475 102.786125 -6.766226 -21.768287 -0.108463 
923 34.896370 0.000000 4.882102 106.203858 0.000000 -4.759672 -0.130191 
924 35.822681 0.000000 4.882102 103.474252 -1.549843 -3.115569 -0.071903 
925 34.896370 0.000000 5.748752 111.977574 0.000000 -9.151712 -0.262273 
926 34.433215 0.000000 3.582126 109.209557 -2.680622 2.389278 -0.193962 
927 33.970059 0.000000 3.582126 103.898907 -2.815822 1.001499 -0.080391 
928 34.896370 0.000000 3.582126 111.588109 -3.043025 -0.553769 -0.246147 
929 34.433215 0.000000 4.015451 106.489879 -1.826936 -2.122845 -0.134794 
930 34.664792 0.000000 2.932138 116.256995 -4.340590 36.546150 -0.487015 
931 34.433215 0.000000 2.932138 119.808544 -3.071822 49.235434 -0.678765 
932 34.896370 0.000000 2.932138 116.514372 -4.304810 22.512305 -0.410093 
933 34.664792 0.000000 3.148801 120.712233 -3.106027 21.837203 -0.505795 
934 34.780581 0.000000 2.607144 109.421525 -8.057769 34.086838 -0.319991 
935 34.664792 0.000000 2.607144 114.048266 -6.797302 61.687140 -0.685851 
936 34.780581 0.000000 2.498813 108.354757 -8.426058 32.774632 -0.288593 
937 34.896370 0.000000 2.607144 107.187603 -8.331257 19.527790 -0.193993 
938 34.780581 0.000000 2.715475 110.837940 -7.496399 33.323625 -0.345171 
939 34.664792 0.000000 2.065487 106.906325 -6.628146 30.014496 -0.237376 
940 34.433215 0.000000 2.065487 111.667145 -5.752482 49.222044 -0.492545 
941 34.664792 0.000000 1.848825 105.556577 -7.132241 4.583990 -0.121407 
942 34.896370 0.000000 2.065487 100.941895 -8.236241 -9.068475 -0.033934 
943 34.780581 0.000000 2.390481 106.816475 -8.535819 30.314918 -0.240161 
944 34.664792 0.000000 2.390481 109.770708 -7.630485 46.200801 -0.424235 
945 34.780581 0.000000 2.282150 105.514814 -8.595691 26.614599 -0.191560 
946 34.896370 0.000000 2.390481 103.528369 -9.202257 17.372355 -0.110460 
947 35.359525 0.000000 3.582126 107.965648 -2.663041 -5.991825 -0.169957 
948 35.822681 0.000000 3.582126 101.929155 -2.872852 -6.740244 -0.044324 
949 35.359525 0.000000 4.015451 105.163701 -2.545518 -5.211095 -0.109304 
950 35.127948 0.000000 2.932138 109.582994 -4.758757 -9.757006 -0.212628 
951 35.359525 0.000000 2.932138 101.525197 -6.199058 -14.726595 -0.056267 
952 35.127948 0.000000 3.148801 110.131855 -4.720890 -8.227349 -0.221900 
953 35.012159 0.000000 2.607144 103.718381 -8.710513 5.414532 -0.086269 
954 35.012159 0.000000 2.498813 101.889870 -9.341167 3.141573 -0.047867 
955 35.127948 0.000000 2.607144 96.692321 -7.997498 -32.197575 -0.045005 
956 35.012159 0.000000 2.715475 107.211442 -7.437181 9.063852 -0.163176 
957 34.838476 0.000000 2.552978 107.304569 -4.559737 68.952421 -0.628950 
958 34.780581 0.000000 2.552978 108.184108 -5.291630 64.457916 -0.588663 
959 34.838476 0.000000 2.498813 107.047667 -8.683528 24.958904 -0.215755 
960 34.896370 0.000000 2.552978 106.410903 -8.613705 18.835670 -0.175226 
961 34.838476 0.000000 2.607144 108.165197 -8.291828 26.076341 -0.244844 
962 43.233165 0.000000 23.081764 99.587917 -6.686318 5.397628 0.000841 
963 50.643650 0.000000 23.081764 99.483957 -6.719922 5.474927 0.002781 
964 43.233165 0.000000 30.014969 99.675707 -6.831572 5.785677 -0.001539 
965 39.527923 0.000000 12.681957 99.931500 -7.189876 3.697069 -0.005167 
966 43.233165 0.000000 12.681957 99.417844 -6.347342 3.676067 0.006229 
967 39.527923 0.000000 16.148559 99.615827 -7.183220 4.596906 0.000396 
968 37.675302 0.000000 7.482054 102.615832 -0.000000 -1.636813 -0.053269 
969 39.527923 0.000000 7.482054 101.149447 0.000000 -0.830543 -0.023190 
970 37.675302 0.000000 9.215355 101.774555 -10.000372 2.112655 -0.046253 
971 36.748991 0.000000 4.882102 102.379927 -1.280210 -1.457840 -0.048541 
972 37.675302 0.000000 4.882102 102.439205 -0.000000 -1.128865 -0.049507 
973 36.748991 0.000000 5.748752 103.033163 -0.000000 -1.394252 -0.061778 
974 36.285836 0.000000 3.582126 100.593702 -3.155834 -2.023773 -0.013315 
975 36.285836 0.000000 3.148801 94.821483 -2.503300 -1.932548 0.099889 
976 36.748991 0.000000 3.582126 102.644682 -3.581801 0.687515 -0.054923 
977 36.285836 0.000000 4.015451 102.004011 -2.315746 -2.409757 -0.041599 
978 38.601612 0.000000 4.882102 101.755875 -0.119837 -1.606727 -0.035685 
979 39.527923 0.000000 4.882102 100.308967 -0.000000 -0.995701 -0.006288 
980 38.601612 0.000000 5.748752 101.577269 0.000000 -1.037164 -0.031902 
981 41.380544 0.000000 7.482054 98.652222 0.000000 0.163222 0.026771 
982 43.233165 0.000000 7.482054 97.754775 -11.487602 1.639418 0.030935 
983 41.380544 0.000000 9.215355 99.492655 -4.661909 1.746046 0.007643 
984 40.454234 0.000000 4.882102 98.460622 0.000000 -0.420385 0.030533 
985 41.380544 0.000000 4.882102 96.771906 -4.472067 0.224668 0.061515 
986 40.454234 0.000000 5.748752 98.744413 0.000000 -0.101842 0.024953 
987 39.064768 0.000000 4.448776 101.483612 -1.671684 -2.135358 -0.030628 
988 38.601612 0.000000 4.448776 102.098333 -1.843214 -2.661237 -0.043455 
989 39.064768 0.000000 4.015451 101.128625 -1.775102 -2.312134 -0.023550 
990 39.527923 0.000000 4.448776 100.788599 -1.358339 -1.530284 -0.016253 
991 39.064768 0.000000 4.882102 100.950753 -0.000000 -1.326012 -0.019281 
992 38.138457 0.000000 4.448776 102.905495 -1.926041 -2.624991 -0.060014 
993 37.675302 0.000000 4.448776 103.123769 -2.810599 -1.944430 -0.064619 
994 38.138457 0.000000 4.015451 104.144341 -3.541895 -4.144093 -0.087576 
995 38.138457 0.000000 4.882102 101.991879 0.000000 -1.423571 -0.040437 
996 39.064768 0.000000 3.582126 100.745556 -2.038886 -2.172509 -0.015854 
997 38.601612 0.000000 3.582126 101.874900 -2.577419 -5.183668 -0.041201 
998 39.527923 0.000000 3.582126 100.895314 -1.896770 -0.511179 -0.018372 
999 38.833190 0.000000 4.232114 101.889750 -1.850722 -2.748277 -0.039250 
1000 38.601612 0.000000 4.232114 102.133772 -2.228972 -2.953205 -0.044500 
1001 38.833190 0.000000 4.015451 100.918052 -1.055791 -3.000294 -0.019457 
1002 39.064768 0.000000 4.232114 101.575926 -1.650709 -2.204126 -0.032525 
1003 38.833190 0.000000 4.448776 101.781248 -2.008114 -2.599009 -0.037021 
1004 38.138457 0.000000 3.582126 105.786418 -3.129296 -6.822732 -0.124711 
1005 37.675302 0.000000 3.582126 108.708552 -3.961294 -4.289436 -0.185164 
1006 38.370035 0.000000 4.232114 102.512582 -2.066843 -3.060461 -0.052247 
1007 38.138457 0.000000 4.232114 103.406773 -2.310484 -3.291187 -0.070913 
1008 38.370035 0.000000 4.015451 102.449178 -1.292055 -4.015274 -0.051363 
1009 38.370035 0.000000 4.448776 102.529259 -2.042162 -2.754611 -0.052401 
1010 38.601612 0.000000 6.615403 101.741224 -0.000000 -0.949463 -0.035218 
1011 37.675302 0.000000 6.615403 102.538960 -0.000000 -1.109393 -0.051547 
1012 39.527923 0.000000 6.615403 100.974442 -0.000000 -0.768901 -0.019643 
1013 38.601612 0.000000 7.482054 101.547718 -0.000000 -1.047201 -0.031304 
1014 38.138457 0.000000 5.315427 101.940356 -0.000000 -1.109123 -0.039307 
1015 37.675302 0.000000 5.315427 102.269018 -0.000000 -0.976505 -0.045991 
1016 38.601612 0.000000 5.315427 101.511568 0.000000 -1.180213 -0.030599 
1017 38.138457 0.000000 5.748752 102.017086 -0.000000 -1.019333 -0.040852 
1018 37.212146 0.000000 4.448776 103.145021 -2.031769 -1.200353 -0.064446 
1019 36.748991 0.000000 4.448776 102.390493 -1.755789 -1.236429 -0.048842 
1020 37.212146 0.000000 4.015451 103.541860 -1.724871 -0.742249 -0.072444 
1021 37.212146 0.000000 4.882102 102.263420 -0.784683 -1.061025 -0.045955 
1022 40.454234 0.000000 6.615403 99.429408 0.000000 -0.225279 0.011374 
1023 41.380544 0.000000 6.615403 97.476248 -3.905229 1.971388 0.047924 
1024 40.454234 0.000000 7.482054 100.011748 0.000000 -0.436620 -0.000254 
1025 39.991078 0.000000 5.315427 99.362967 0.000000 -0.508312 0.012674 
1026 39.527923 0.000000 5.315427 100.416847 -0.000000 -0.833082 -0.008424 
1027 39.991078 0.000000 4.882102 98.744553 0.000000 -0.572969 0.024918 
1028 40.454234 0.000000 5.315427 98.771840 0.000000 -0.288855 0.024404 
1029 39.991078 0.000000 5.748752 99.700592 0.000000 -0.496679 0.005955 
1030 39.064768 0.000000 5.315427 100.949782 -0.000000 -1.022129 -0.019190 
1031 39.064768 0.000000 5.748752 101.121057 -0.000000 -0.950457 -0.022637 
1032 38.370035 0.000000 5.098764 101.736696 0.000000 -1.319377 -0.035210 
1033 38.138457 0.000000 5.098764 101.977105 -0.000000 -1.259731 -0.040092 
1034 38.370035 0.000000 4.882102 101.791914 0.000000 -1.459945 -0.036373 
1035 38.601612 0.000000 5.098764 101.540340 0.000000 -1.332552 -0.031222 
1036 38.370035 0.000000 5.315427 101.696604 0.000000 -1.173735 -0.034358 
1037 39.991078 0.000000 6.182078 99.823139 0.000000 -0.470375 0.003512 
1038 39.527923 0.000000 6.182078 100.853472 -0.000000 -0.797048 -0.017206 
1039 40.454234 0.000000 6.182078 98.776122 0.000000 -0.071570 0.024327 
1040 39.991078 0.000000 6.615403 100.286449 -0.000000 -0.584975 -0.005771 
1041 46.938408 0.000000 12.681957 99.284131 -6.086911 3.927939 0.009018 
1042 50.643650 0.000000 12.681957 99.297634 -5.969667 4.060314 0.008786 
1043 46.938408 0.000000 16.148559 99.307385 -6.430031 4.685619 0.007474 
1044 45.085787 0.000000 7.482054 97.932052 -11.638602 1.590421 0.027133 
1045 46.938408 0.000000 7.482054 98.181510 -11.080824 1.340294 0.023581 
1046 45.085787 0.000000 9.215355 99.268894 0.113383 0.581560 0.014534 
1047 42.306855 0.000000 6.615403 97.487506 -6.328496 1.907766 0.045250 
1048 42.306855 0.000000 5.748752 97.102752 -5.640635 1.244572 0.053769 
1049 43.233165 0.000000 6.615403 97.579979 -7.506990 2.073994 0.041749 
1050 42.306855 0.000000 7.482054 97.682542 -10.411285 1.535298 0.034737 
1051 41.380544 0.000000 10.948656 99.707202 -6.680573 2.820002 0.000589 
1052 39.527923 0.000000 10.948656 100.181415 -7.822929 2.935941 -0.010613 
1053 43.233165 0.000000 10.948656 99.367715 -5.602772 2.937985 0.008603 
1054 41.380544 0.000000 12.681957 99.754425 -6.922835 3.578779 -0.001168 
1055 40.454234 0.000000 8.348704 100.086934 -5.245305 -0.144378 -0.004493 
1056 39.527923 0.000000 8.348704 100.825077 -5.103127 -0.298317 -0.019183 
1057 41.380544 0.000000 8.348704 99.005196 -2.380077 0.098899 0.019230 
1058 40.454234 0.000000 9.215355 99.859620 -8.660907 1.550411 -0.004936 
1059 40.917389 0.000000 7.048728 99.288812 0.000000 -0.040942 0.014173 
1060 40.454234 0.000000 7.048728 100.012930 0.000000 -0.405498 -0.000275 
1061 40.917389 0.000000 6.615403 98.822563 0.000000 0.143132 0.023408 
1062 41.380544 0.000000 7.048728 98.400762 0.000000 0.330812 0.031718 
1063 40.917389 0.000000 7.482054 99.052485 0.000000 -0.029331 0.018860 
1064 39.991078 0.000000 7.048728 100.615351 -0.000000 -0.686169 -0.012392 
1065 39.527923 0.000000 7.048728 101.012491 -0.000000 -0.782983 -0.020414 
1066 39.991078 0.000000 7.482054 100.758598 -0.000000 -0.704379 -0.015279 
1067 42.306855 0.000000 8.348704 97.419613 -53.256694 -65.881927 -0.666728 
1068 43.233165 0.000000 8.348704 98.242783 -27.368845 -35.549187 -0.166444 
1069 42.306855 0.000000 9.215355 99.364264 -0.785981 1.656887 0.012338 
1070 40.917389 0.000000 7.915379 99.398560 0.000000 0.101219 0.011992 
1071 40.454234 0.000000 7.915379 99.919835 -0.000000 -0.353167 0.001590 
1072 41.380544 0.000000 7.915379 98.931993 0.000000 0.640797 0.021205 
1073 40.917389 0.000000 8.348704 99.723030 -4.190218 -0.002087 0.003776 
1074 37.675302 0.000000 10.948656 100.498767 -8.197300 3.388016 -0.017868 
1075 35.822681 0.000000 10.948656 100.229294 -8.292005 3.804042 -0.012914 
1076 37.675302 0.000000 12.681957 100.050762 -7.454997 3.913928 -0.008105 
1077 40.454234 0.000000 10.082005 99.943012 -7.585111 2.260692 -0.005125 
1078 39.527923 0.000000 10.082005 100.321018 -8.347396 2.353282 -0.013952 
1079 41.380544 0.000000 10.082005 99.631890 -6.263209 2.308829 0.002893 
1080 40.454234 0.000000 10.948656 99.937565 -7.362649 2.840536 -0.004979 
1081 40.917389 0.000000 8.782029 99.901415 -7.686949 0.000000 -0.003938 
1082 40.454234 0.000000 8.782029 100.281727 -9.823748 0.000000 -0.015293 
1083 41.380544 0.000000 8.782029 98.941260 -2.106613 0.000000 0.020619 
1084 40.917389 0.000000 9.215355 99.636414 -7.391810 1.652047 0.001522 
1085 28.875351 0.000000 1.848825 100.470890 -9.891644 -3.260588 -0.020288 
1086 28.875351 0.000000 1.415499 -23.730471 -0.261604 2.754826 0.942921 
1087 29.338506 0.000000 1.848825 98.958379 -9.296326 -1.469808 0.011866 
1088 28.643773 0.000000 2.498813 104.495184 -4.155985 2.055179 -0.094074 
1089 28.643773 0.000000 2.282150 104.422735 -4.804536 2.634432 -0.093413 
1090 28.875351 0.000000 2.498813 104.199878 -4.231734 20.925139 -0.131338 
1091 29.801662 0.000000 2.715475 101.796464 -3.012745 0.292857 -0.037168 
1092 29.801662 0.000000 2.282150 102.617618 -4.115139 -3.401446 -0.055888 
1093 30.264817 0.000000 2.715475 289.431540 -2.996556 -74.937589 -7.939524 
1094 29.801662 0.000000 3.148801 110.991390 -1.216870 -8.367912 -0.239059 
1095 29.106929 0.000000 2.932138 103.231633 -2.453181 21.936824 -0.114401 
1096 29.106929 0.000000 2.715475 101.267578 -3.219478 15.705349 -0.051215 
1097 29.338506 0.000000 2.932138 100.784619 -2.899669 -11.917692 -0.030798 
1098 29.106929 0.000000 3.148801 103.200780 -1.809341 -1.904001 -0.065730 
1099 28.759562 0.000000 2.823807 105.926935 -2.692324 47.901475 -0.352232 
1100 28.643773 0.000000 2.823807 101.492350 -2.982125 30.641845 -0.124851 
1101 28.759562 0.000000 2.715475 107.241640 -3.506251 28.545392 -0.232790 
1102 28.875351 0.000000 2.823807 105.408585 -3.609522 53.273372 -0.396205 
1103 28.759562 0.000000 2.932138 106.545230 -2.339934 44.953659 -0.337819 
1104 28.296407 0.000000 2.823807 98.189760 -2.931837 9.869520 0.025277 
1105 28.296407 0.000000 2.715475 99.351428 -3.210120 8.487485 0.004695 
1106 28.412196 0.000000 2.823807 96.942907 -2.677206 13.820746 0.040389 
1107 28.296407 0.000000 2.932138 95.643935 -1.919073 12.739642 0.068626 
1108 28.527985 0.000000 2.823807 104.728223 -2.796462 17.415650 -0.127913 
1109 28.527985 0.000000 2.715475 104.317325 -3.305333 17.436861 -0.119707 
1110 28.527985 0.000000 2.932138 105.697876 -2.199147 16.859797 -0.146113 
1111 28.180618 0.000000 3.365463 96.576435 -3.372025 6.828399 0.061499 
1112 28.412196 0.000000 3.365463 100.369020 -2.175708 3.472576 -0.009073 
1113 28.180618 0.000000 3.582126 98.357288 -3.319526 7.864648 0.025297 
1114 28.296407 0.000000 3.040469 87.304997 -1.073234 1.317242 0.237495 
1115 28.180618 0.000000 3.040469 93.691905 -2.936937 5.876931 0.117866 
1116 28.412196 0.000000 3.040469 92.654362 -1.234131 7.989613 0.134981 
1117 28.296407 0.000000 3.148801 93.666785 -1.624984 5.830495 0.118990 
1118 28.354301 0.000000 2.877972 91.030581 -1.313378 15.707783 0.146497 
1119 28.296407 0.000000 2.877972 93.231227 -3.360033 4.103656 0.127981 
1120 28.354301 0.000000 2.823807 95.841740 -2.402689 12.372424 0.065551 
1121 28.412196 0.000000 2.877972 95.014464 -2.676427 15.139336 0.073589 
1122 28.354301 0.000000 2.932138 94.124352 -1.827916 12.251527 0.098717 
1123 28.064829 0.000000 3.040469 93.687453 -3.009197 4.099226 0.119680 
1124 28.064829 0.000000 3.148801 96.041314 -4.089299 4.686102 0.073738 
1125 28.006935 0.000000 2.877972 90.890399 -3.540302 -12.933572 0.155912 
1126 28.006935 0.000000 2.823807 92.613186 -3.788366 -6.808699 0.136209 
1127 28.064829 0.000000 2.877972 89.686607 -2.301446 -8.170180 0.188426 
1128 28.006935 0.000000 2.932138 91.387173 -3.315424 -8.078697 0.157213 
1129 27.891146 0.000000 2.986304 90.962859 -3.815628 -19.151139 0.134443 
1130 27.833252 0.000000 2.986304 91.672488 -4.276771 -22.180316 0.108590 
1131 27.949040 0.000000 2.986304 91.437742 -3.641854 -11.158900 0.150136 
1132 27.891146 0.000000 3.040469 96.226825 -5.050439 0.996170 0.071390 
1133 27.920093 0.000000 2.905055 86.383689 -1.874418 -37.252398 0.114660 
1134 27.891146 0.000000 2.905055 87.145867 -2.308660 -33.145494 0.130164 
1135 27.920093 0.000000 2.877972 87.423286 -2.333060 -32.865871 0.127156 
1136 27.949040 0.000000 2.905055 90.642444 -3.524385 -14.223039 0.156923 
1137 27.920093 0.000000 2.932138 90.348638 -3.586274 -19.825246 0.143122 
1138 29.801662 0.000000 3.582126 110.741756 -1.020914 -15.222888 -0.249652 
1139 30.264817 0.000000 3.582126 109.967610 -0.987755 -17.016576 -0.238341 
1140 29.801662 0.000000 4.015451 106.682871 -0.997429 -20.009712 -0.178262 
1141 29.106929 0.000000 3.365463 109.106092 -2.286015 -6.257522 -0.194852 
1142 28.875351 0.000000 3.365463 108.146205 -2.125460 -1.049622 -0.170122 
1143 29.338506 0.000000 3.365463 108.549885 -1.177908 -6.754610 -0.183009 
1144 29.106929 0.000000 3.582126 107.328382 -1.526881 -6.970972 -0.157031 
1145 28.643773 0.000000 3.365463 104.362130 -2.384405 2.893522 -0.090551 
1146 28.643773 0.000000 3.582126 105.520671 -2.191015 -0.363621 -0.113954 
1147 28.991140 0.000000 3.257132 105.244620 -1.436219 0.641785 -0.107890 
1148 28.875351 0.000000 3.257132 109.245560 -2.125816 7.140048 -0.199009 
1149 28.991140 0.000000 3.148801 106.663735 -2.187245 8.514578 -0.145443 
1150 29.106929 0.000000 3.257132 102.139471 -1.377459 -2.452186 -0.044038 
1151 28.991140 0.000000 3.365463 108.878709 -2.371349 -3.449879 -0.187210 
1152 31.191128 0.000000 4.882102 112.812397 -0.000000 -48.663476 -0.509477 
1153 31.191128 0.000000 5.748752 100.296316 -9.297990 0.402696 -0.014597 
1154 30.727972 0.000000 3.582126 113.631890 -0.510829 -25.883550 -0.358243 
1155 30.727972 0.000000 3.148801 140.545898 -1.078782 -25.209224 -1.038982 
1156 31.191128 0.000000 3.582126 106.361355 -0.470527 -23.086470 -0.184594 
1157 30.727972 0.000000 4.015451 110.073119 -0.724462 -27.272421 -0.286040 
1158 30.033239 0.000000 3.365463 109.398927 -0.760355 -5.644541 -0.200056 
1159 29.801662 0.000000 3.365463 107.806546 -0.619385 -10.104998 -0.172475 
1160 30.033239 0.000000 3.148801 112.452850 -1.285283 -5.819916 -0.268117 
1161 30.264817 0.000000 3.365463 117.041441 -0.571917 -7.231287 -0.375132 
1162 30.033239 0.000000 3.582126 110.318565 -1.234987 -14.546559 -0.238331 
1163 30.727972 0.000000 2.715475 277.791992 -2.482868 -85.152777 -7.442555 
1164 30.727972 0.000000 2.282150 105.872487 -6.806245 -2.547555 -0.126180 
1165 30.496395 0.000000 3.365463 128.069638 -0.880296 -21.159765 -0.685034 
1166 30.496395 0.000000 3.148801 143.424243 -1.559663 -22.951823 -1.109973 
1167 30.727972 0.000000 3.365463 128.419925 -0.670541 -23.136217 -0.702741 
1168 30.496395 0.000000 3.582126 110.804971 -0.617378 -18.854042 -0.263360 
1169 29.801662 0.000000 4.448776 106.943453 -0.000000 -28.396275 -0.224325 
1170 29.338506 0.000000 4.448776 105.361101 -0.000000 -28.724415 -0.192605 
1171 30.264817 0.000000 4.448776 113.842509 -0.000000 -40.674793 -0.461456 
1172 29.801662 0.000000 4.882102 101.592658 -9.863177 0.163816 -0.041838 
1173 30.033239 0.000000 3.798789 109.601954 -0.989639 -16.905489 -0.229936 
1174 29.801662 0.000000 3.798789 110.863504 -0.734970 -17.921431 -0.261243 
1175 30.264817 0.000000 3.798789 110.171195 -0.863429 -19.310100 -0.251132 
1176 30.033239 0.000000 4.015451 109.910924 -0.882832 -22.064625 -0.256804 
1177 30.149028 0.000000 3.473795 111.620205 -0.539576 -26.517584 -0.316254 
1178 30.033239 0.000000 3.473795 110.703611 -0.932185 -12.878395 -0.242201 
1179 30.149028 0.000000 3.365463 112.930038 -0.973871 -10.037588 -0.285490 
1180 30.264817 0.000000 3.473795 110.032238 -0.654984 -19.551638 -0.248979 
1181 30.149028 0.000000 3.582126 112.039914 -1.359967 -14.871936 -0.277597 
1182 30.727972 0.000000 4.448776 110.306208 -0.000000 -34.925450 -0.338725 
1183 31.191128 0.000000 4.448776 108.137712 -0.529906 -30.966177 -0.265295 
1184 30.727972 0.000000 4.882102 117.864189 -0.000000 -48.743892 -0.626793 
1185 30.496395 0.000000 3.798789 112.669035 -0.990400 -22.722795 -0.321162 
1186 30.727972 0.000000 3.798789 112.357966 -0.487434 -29.999787 -0.352454 
1187 30.496395 0.000000 4.015451 110.288577 -0.393523 -26.299604 -0.285539 
1188 30.380606 0.000000 3.473795 109.688898 -0.724519 -17.091513 -0.232430 
1189 30.380606 0.000000 3.365463 128.270498 -0.861481 -19.409499 -0.683079 
1190 30.496395 0.000000 3.473795 110.674328 -0.636725 -16.047538 -0.250674 
1191 30.380606 0.000000 3.582126 109.595986 -0.831706 -18.039570 -0.233740 
1192 30.149028 0.000000 3.690457 109.934435 -1.346786 -15.839387 -0.233828 
1193 30.033239 0.000000 3.690457 110.360158 -1.322297 -15.847282 -0.243225 
1194 30.264817 0.000000 3.690457 111.674267 -1.055740 -17.572248 -0.278104 
1195 30.149028 0.000000 3.798789 110.211969 -0.969974 -17.620066 -0.245809 
1196 30.206923 0.000000 3.527960 109.784934 -0.595719 -22.943348 -0.257948 
1197 30.149028 0.000000 3.527960 111.547591 -0.571836 -27.298965 -0.318843 
1198 30.206923 0.000000 3.473795 110.375475 -0.567011 -22.474790 -0.268818 
1199 30.264817 0.000000 3.527960 109.642522 -0.674366 -20.495624 -0.244201 
1200 30.206923 0.000000 3.582126 110.510238 -0.983831 -18.992474 -0.257419 
1201 29.570084 0.000000 3.365463 108.787155 -0.432333 -24.023126 -0.241194 
1202 29.570084 0.000000 3.148801 112.983844 -1.304517 -8.563709 -0.284039 
1203 29.570084 0.000000 3.582126 109.663139 -1.051929 -13.730267 -0.221563 
1204 29.917450 0.000000 3.473795 110.241155 -0.994941 -13.355166 -0.233246 
1205 29.801662 0.000000 3.473795 109.306480 -0.955643 -14.868253 -0.216988 
1206 29.917450 0.000000 3.365463 109.210126 -1.014041 -9.044021 -0.200967 
1207 29.917450 0.000000 3.582126 110.909354 -1.223486 -13.907745 -0.249581 
1208 30.091134 0.000000 3.527960 111.116619 -1.185598 -13.580738 -0.253275 
1209 30.033239 0.000000 3.527960 110.309712 -1.088119 -14.257115 -0.237268 
1210 30.091134 0.000000 3.473795 111.602324 -0.795209 -21.130886 -0.290223 
1211 30.091134 0.000000 3.582126 110.789069 -1.236422 -14.667421 -0.249088 
1212 30.033239 0.000000 2.932138 162.355333 -1.587200 -10.048542 -1.646275 
1213 29.801662 0.000000 2.932138 101.071405 -2.164737 -3.651821 -0.023345 
1214 30.033239 0.000000 2.715475 173.895209 -2.971571 -24.841471 -2.086547 
1215 30.264817 0.000000 2.932138 294.269450 -2.200991 -75.353507 -8.227750 
1216 30.149028 0.000000 3.257132 111.928986 -1.193684 -7.444202 -0.258494 
1217 30.033239 0.000000 3.257132 111.275384 -1.120825 -7.591288 -0.244110 
1218 30.149028 0.000000 3.148801 128.394371 -1.212258 -10.528888 -0.659744 
1219 30.264817 0.000000 3.257132 129.330106 -0.895585 -16.171558 -0.698860 
1220 30.206923 0.000000 3.419629 112.752381 -0.798661 -14.964895 -0.293769 
1221 30.149028 0.000000 3.419629 112.710421 -1.009767 -10.800335 -0.282131 
1222 30.206923 0.000000 3.365463 114.112142 -0.908217 -9.733231 -0.311714 
1223 30.264817 0.000000 3.419629 112.524725 -0.808602 -12.218717 -0.281176 
1224 30.177975 0.000000 3.500877 111.152100 -0.511059 -26.837447 -0.307530 
1225 30.149028 0.000000 3.500877 111.917024 -0.370557 -31.613235 -0.352495 
1226 30.177975 0.000000 3.473795 111.348431 -0.561861 -24.987628 -0.302317 
1227 30.206923 0.000000 3.500877 109.219951 -0.044117 -32.604003 -0.299202 
1228 30.177975 0.000000 3.527960 111.228265 -0.592112 -25.884399 -0.304208 
1229 30.091134 0.000000 3.419629 112.030756 -1.001324 -10.100522 -0.265391 
1230 30.033239 0.000000 3.419629 111.207008 -0.932142 -9.656096 -0.246111 
1231 30.091134 0.000000 3.365463 112.018083 -0.934333 -9.171220 -0.263304 
1232 30.120081 0.000000 3.500877 111.839462 -0.434202 -30.207575 -0.342075 
1233 30.091134 0.000000 3.500877 111.668284 -0.773089 -22.634828 -0.298274 
1234 30.120081 0.000000 3.473795 111.892598 -0.655673 -24.766165 -0.313375 
1235 30.120081 0.000000 3.527960 111.955907 -0.691395 -25.460146 -0.318282 
1236 30.177975 0.000000 3.446712 112.032961 -0.782336 -16.647423 -0.282913 
1237 30.149028 0.000000 3.446712 111.920443 -0.831878 -15.607812 -0.277048 
1238 30.177975 0.000000 3.419629 112.418630 -0.823483 -14.855877 -0.285932 
1239 30.206923 0.000000 3.446712 110.946241 -0.686097 -19.063033 -0.267294 
1240 30.163502 0.000000 3.487336 111.499707 -0.512700 -27.030639 -0.316310 
1241 30.149028 0.000000 3.487336 111.782523 -0.440263 -29.492663 -0.336534 
1242 30.163502 0.000000 3.473795 111.499413 -0.561280 -25.548600 -0.308517 
1243 30.177975 0.000000 3.487336 111.216457 -0.515976 -26.141211 -0.305273 
1244 30.163502 0.000000 3.500877 111.494530 -0.492912 -27.771632 -0.320254 
1245 45.085787 0.000000 10.948656 99.187643 -5.232284 3.185910 0.012428 
1246 46.938408 0.000000 10.948656 99.135107 -5.132891 3.326621 0.013482 
1247 45.085787 0.000000 12.681957 99.286174 -6.080654 3.779082 0.009100 
1248 42.306855 0.000000 10.082005 99.389303 -4.920123 2.403410 0.009178 
1249 43.233165 0.000000 10.082005 99.261364 -4.237534 2.468429 0.012313 
1250 42.306855 0.000000 10.948656 99.504275 -6.056996 2.859258 0.005404 
1251 41.843699 0.000000 8.782029 99.712467 6.049513 0.842793 0.002012 
1252 41.843699 0.000000 8.348704 98.774096 -2.663797 0.000000 0.023658 
1253 42.306855 0.000000 8.782029 99.721685 7.554994 -0.084154 -0.000150 
1254 41.843699 0.000000 9.215355 99.434666 -2.087755 1.725939 0.010541 
1255 41.148967 0.000000 8.565367 99.389635 -3.176037 0.121447 0.011160 
1256 40.917389 0.000000 8.565367 99.624626 -3.851627 0.126785 0.006008 
1257 41.148967 0.000000 8.348704 99.605501 -2.151258 0.112978 0.007410 
1258 41.380544 0.000000 8.565367 99.187776 -2.436158 0.152775 0.015583 
1259 41.148967 0.000000 8.782029 99.703302 -4.016962 0.000000 0.004312 
1260 41.843699 0.000000 7.915379 97.470586 -15.860885 1.386947 0.024599 
1261 41.843699 0.000000 7.482054 97.656820 -8.855419 1.471940 0.038256 
1262 42.306855 0.000000 7.915379 97.538894 -17.093409 0.879545 0.019321 
1263 41.148967 0.000000 8.132041 99.152356 -1.643399 0.459854 0.016590 
1264 40.917389 0.000000 8.132041 99.552070 -1.997745 0.157842 0.008537 
1265 41.148967 0.000000 7.915379 99.079435 0.000000 0.448723 0.018306 
1266 41.380544 0.000000 8.132041 99.161864 -1.778935 0.277164 0.016368 
1267 41.612122 0.000000 8.565367 98.930799 -2.141481 0.000000 0.020811 
1268 41.612122 0.000000 8.348704 99.020858 -1.706185 0.204400 0.019192 
1269 41.843699 0.000000 8.565367 100.690415 22.880524 -2.616289 -0.066892 
1270 41.612122 0.000000 8.782029 99.644830 3.756308 1.279803 0.005516 
1271 41.264755 0.000000 8.457035 99.261646 -2.188050 0.145498 0.014232 
1272 41.148967 0.000000 8.457035 99.383798 -3.079356 0.134138 0.011336 
1273 41.264755 0.000000 8.348704 98.949682 -0.682020 0.551015 0.020819 
1274 41.380544 0.000000 8.457035 99.201638 -2.241388 0.151573 0.015399 
1275 41.264755 0.000000 8.565367 99.250364 -2.355488 0.148786 0.014379 
1276 38.601612 0.000000 8.348704 101.449594 -5.957878 -0.512505 -0.032778 
1277 37.675302 0.000000 8.348704 102.599100 -6.098915 -1.197190 -0.056521 
1278 38.601612 0.000000 9.215355 101.064334 -9.346862 1.569648 -0.030383 
1279 39.991078 0.000000 8.782029 100.700295 -9.725292 0.000000 -0.023513 
1280 39.527923 0.000000 8.782029 101.171435 -9.718058 0.000000 -0.033010 
1281 39.991078 0.000000 8.348704 100.451464 -5.001397 -0.185957 -0.011555 
1282 39.991078 0.000000 9.215355 100.161315 -9.040607 1.478395 -0.011621 
1283 40.685811 0.000000 8.565367 99.944557 -6.254538 -0.034182 -0.002803 
1284 40.454234 0.000000 8.565367 100.084078 -6.351388 -0.100645 -0.005717 
1285 40.685811 0.000000 8.348704 99.842149 -4.881638 -0.046965 0.000771 
1286 40.685811 0.000000 8.782029 99.982459 -9.277665 0.000000 -0.008257 
1287 41.033178 0.000000 8.457035 99.445847 -3.223392 0.115303 0.010012 
1288 40.917389 0.000000 8.457035 99.680173 -4.233366 0.048536 0.004594 
1289 41.033178 0.000000 8.348704 99.642012 -2.409801 -0.013389 0.006566 
1290 41.033178 0.000000 8.565367 99.431647 -3.416293 0.120274 0.010166 
1291 41.612122 0.000000 8.132041 98.848278 -1.479022 0.334498 0.022672 
1292 41.612122 0.000000 7.915379 98.664445 0.000000 1.081836 0.026416 
1293 41.843699 0.000000 8.132041 97.015610 -27.545785 -0.770115 -0.017139 
1294 41.264755 0.000000 8.240373 99.196879 -1.846163 0.260680 0.015650 
1295 41.148967 0.000000 8.240373 99.315884 -2.406141 0.238866 0.013051 
1296 41.264755 0.000000 8.132041 99.086926 -1.465899 0.427782 0.017945 
1297 41.380544 0.000000 8.240373 99.186822 -1.938842 0.211815 0.015817 
1298 41.206861 0.000000 8.402870 99.486849 -2.479728 0.123858 0.009620 
1299 41.148967 0.000000 8.402870 99.565839 -2.344787 0.113446 0.008113 
1300 41.206861 0.000000 8.348704 99.340118 -0.859853 0.285415 0.013072 
1301 41.264755 0.000000 8.402870 99.046584 -1.031371 0.457292 0.018850 
1302 41.206861 0.000000 8.457035 99.356838 -2.959228 0.133495 0.011944 
1303 39.991078 0.000000 7.915379 100.339257 -0.000000 -0.541968 -0.006826 
1304 39.527923 0.000000 7.915379 100.670459 -0.000000 -0.716664 -0.013505 
1305 40.685811 0.000000 8.132041 99.721358 -3.180481 0.025337 0.004553 
1306 40.454234 0.000000 8.132041 99.996918 -3.999232 -0.144631 -0.001540 
1307 40.685811 0.000000 7.915379 99.657612 0.000000 -0.135510 0.006834 
1308 40.801600 0.000000 8.457035 99.751890 -4.626376 0.033878 0.002816 
1309 40.685811 0.000000 8.457035 99.890489 -5.236795 -0.057118 -0.000554 
1310 40.801600 0.000000 8.348704 99.751817 -4.408557 0.006304 0.003014 
1311 40.801600 0.000000 8.565367 99.859834 -5.677395 0.027574 -0.000422 
1312 40.222656 0.000000 8.565367 100.284696 -5.875925 -0.144415 -0.009157 
1313 39.991078 0.000000 8.565367 100.523488 -5.975495 -0.178896 -0.014071 
1314 40.222656 0.000000 8.348704 100.258609 -5.123935 -0.172827 -0.007807 
1315 40.222656 0.000000 8.782029 100.700295 -9.725292 0.000000 -0.023513 
1316 40.570022 0.000000 8.457035 99.948237 -5.326834 -0.123761 -0.001804 
1317 40.454234 0.000000 8.457035 100.090296 -5.899088 -0.123210 -0.005288 
1318 40.570022 0.000000 8.348704 99.912540 -4.942085 -0.140666 -0.000696 
1319 40.570022 0.000000 8.565367 99.975144 -5.830715 -0.115334 -0.002904 
1320 40.801600 0.000000 8.240373 99.697297 -3.667877 0.078303 0.004699 
1321 40.685811 0.000000 8.240373 99.792251 -4.266699 -0.003547 0.002330 
1322 40.801600 0.000000 8.132041 99.672511 -2.543090 0.042679 0.005892 
1323 40.917389 0.000000 8.240373 99.525056 -2.756830 0.145894 0.008714 
1324 40.743706 0.000000 8.402870 99.822274 -4.816177 -0.036488 0.001232 
1325 40.685811 0.000000 8.402870 99.842875 -4.944796 -0.040782 0.000695 
1326 40.743706 0.000000 8.348704 99.823495 -4.772570 -0.041341 0.001249 
1327 40.801600 0.000000 8.402870 99.754254 -4.513268 0.013326 0.002872 
1328 40.743706 0.000000 8.457035 99.809451 -5.208535 0.032698 0.001094 
1329 40.222656 0.000000 8.132041 100.095332 -3.238097 -0.229650 -0.002961 
1330 39.991078 0.000000 8.132041 100.398010 -4.053383 -0.272418 -0.009626 
1331 40.222656 0.000000 7.915379 100.154887 -0.000000 -0.469320 -0.003122 
1332 40.570022 0.000000 8.240373 99.883085 -4.413314 -0.095260 0.000388 
1333 40.454234 0.000000 8.240373 100.047649 -5.121802 -0.129690 -0.003578 
1334 40.570022 0.000000 8.132041 99.823266 -3.027013 -0.120868 0.002614 
1335 40.743706 0.000000 8.294538 99.805773 -4.598397 -0.026366 0.001766 
1336 40.685811 0.000000 8.294538 99.826933 -4.710833 -0.031535 0.001239 
1337 40.743706 0.000000 8.240373 99.767937 -4.151642 0.019927 0.002912 
1338 40.801600 0.000000 8.294538 99.738204 -4.147665 0.022430 0.003509 
1339 40.859494 0.000000 8.402870 99.750005 -4.421654 0.003437 0.003039 
1340 40.859494 0.000000 8.348704 99.756751 -4.338482 -0.021350 0.002977 
1341 40.917389 0.000000 8.402870 99.720603 -4.238826 0.002103 0.003783 
1342 40.859494 0.000000 8.457035 99.741367 -4.532232 0.036303 0.003112 
1343 40.772653 0.000000 8.375787 99.788399 -4.448355 -0.056727 0.002248 
1344 40.743706 0.000000 8.375787 99.826128 -4.808312 -0.042704 0.001162 
1345 40.772653 0.000000 8.348704 99.788794 -4.450399 -0.053254 0.002239 
1346 40.801600 0.000000 8.375787 99.755046 -4.455352 0.003989 0.002908 
1347 40.772653 0.000000 8.402870 99.800135 -4.719531 -0.022922 0.001766 
1348 36.748991 0.000000 8.348704 109.295822 -9.705255 -2.268903 -0.204492 
1349 35.822681 0.000000 8.348704 99.440883 -13.531573 3.683609 -0.008516 
1350 36.748991 0.000000 7.482054 107.923400 0.000000 -4.027043 -0.166368 
1351 36.748991 0.000000 9.215355 101.205427 -11.042925 3.761337 -0.037863 
1352 38.601612 0.000000 10.082005 100.714412 -8.734491 2.593825 -0.022641 
1353 37.675302 0.000000 10.082005 100.999429 -8.914474 2.962712 -0.028913 
1354 38.601612 0.000000 10.948656 100.373891 -8.158376 3.172386 -0.015154 
1355 38.138457 0.000000 8.782029 102.435875 -10.342282 0.000000 -0.060007 
1356 37.675302 0.000000 8.782029 103.628997 -11.570898 0.000000 -0.087285 
1357 38.138457 0.000000 8.348704 101.925730 -6.186015 -0.743099 -0.042767 
1358 38.601612 0.000000 8.782029 101.494707 -7.352975 -0.298919 -0.035533 
1359 38.138457 0.000000 9.215355 101.486756 -9.553069 1.692517 -0.039369 
1360 33.970059 0.000000 10.948656 100.243309 -7.943866 3.466175 -0.012384 
1361 32.117438 0.000000 10.948656 100.500762 -8.033870 3.350543 -0.017617 
1362 33.970059 0.000000 12.681957 100.235055 -7.559443 4.060634 -0.012070 
1363 36.748991 0.000000 10.082005 100.712324 -9.076118 3.586623 -0.023821 
1364 35.822681 0.000000 10.082005 100.163341 -8.894225 3.752900 -0.012589 
1365 36.748991 0.000000 10.948656 100.466963 -8.215137 3.656417 -0.017447 
1366 37.212146 0.000000 8.782029 106.989445 -14.281561 -0.409938 -0.165087 
1367 36.748991 0.000000 8.782029 110.309973 -10.828811 -2.174039 -0.229028 
1368 37.212146 0.000000 8.348704 105.163861 -8.484174 -1.710442 -0.113434 
1369 37.212146 0.000000 9.215355 101.744934 -10.650560 2.929378 -0.047405 
1370 38.138457 0.000000 7.915379 101.600975 -1.702656 -1.289032 -0.032732 
1371 37.675302 0.000000 7.915379 102.151197 -1.562700 -1.807624 -0.044058 
1372 38.138457 0.000000 7.482054 101.896946 -0.000000 -1.286872 -0.038464 
1373 38.601612 0.000000 7.915379 101.223711 -1.781483 -0.894535 -0.025021 
1374 37.906879 0.000000 8.565367 102.424039 -7.195279 -0.773727 -0.054305 
1375 37.675302 0.000000 8.565367 103.041156 -7.512045 -1.056484 -0.067503 
1376 37.906879 0.000000 8.348704 102.111263 -5.884383 -1.040599 -0.046242 
1377 38.138457 0.000000 8.565367 101.999321 -6.505939 -0.704413 -0.044668 
1378 37.906879 0.000000 8.782029 103.133949 -10.993408 0.000000 -0.075747 
1379 34.896370 0.000000 8.348704 99.375273 -10.639541 3.209592 0.000105 
1380 33.970059 0.000000 8.348704 99.388193 -9.507766 2.838775 0.002353 
1381 34.896370 0.000000 7.482054 98.931720 -12.886401 2.631993 0.003953 
1382 34.896370 0.000000 9.215355 99.978388 -9.382171 3.313146 -0.009468 
1383 36.285836 0.000000 8.782029 100.322392 -12.967205 4.285507 -0.025110 
1384 35.822681 0.000000 8.782029 99.894021 -11.508413 3.666445 -0.012470 
1385 36.285836 0.000000 8.348704 110.810986 0.000000 -5.487143 -0.230918 
1386 36.285836 0.000000 9.215355 100.404322 -10.772997 3.970452 -0.021285 
1387 36.748991 0.000000 6.615403 104.317950 -0.000000 -1.872732 -0.088574 
1388 35.822681 0.000000 6.615403 110.722416 0.000000 -7.034131 -0.230893 
1389 37.212146 0.000000 7.915379 104.880364 -2.795473 -2.667763 -0.101482 
1390 36.748991 0.000000 7.915379 108.697662 -1.696115 -4.391747 -0.183735 
1391 37.212146 0.000000 7.482054 103.797521 -0.000000 -2.214200 -0.077883 
1392 36.980569 0.000000 8.565367 108.201380 -11.719371 -1.406122 -0.184686 
1393 36.748991 0.000000 8.565367 109.286023 -11.069027 -1.888719 -0.206953 
1394 36.980569 0.000000 8.348704 107.663362 -9.347627 -1.733358 -0.168178 
1395 37.212146 0.000000 8.565367 106.017132 -11.055629 -1.057187 -0.136298 
1396 36.980569 0.000000 8.782029 108.370646 -14.489675 -0.700235 -0.195464 
1397 36.285836 0.000000 7.915379 112.500492 0.000000 -6.932671 -0.270442 
1398 35.822681 0.000000 7.915379 117.130936 0.000000 -10.711049 -0.383438 
1399 36.285836 0.000000 7.482054 113.245122 0.000000 -7.670301 -0.288329 
1400 36.517414 0.000000 8.565367 110.459560 -9.408822 -2.631381 -0.229676 
1401 36.285836 0.000000 8.565367 112.116302 0.000000 -5.789271 -0.260358 
1402 36.517414 0.000000 8.348704 110.144669 -7.066803 -3.276443 -0.219252 
1403 36.517414 0.000000 8.782029 111.964467 0.000000 -5.717137 -0.256873 
1404 36.980569 0.000000 8.132041 107.067551 -7.201560 -2.338179 -0.152079 
1405 36.748991 0.000000 8.132041 108.824322 -4.743241 -3.324969 -0.187629 
1406 36.980569 0.000000 7.915379 106.718784 -4.177380 -2.900144 -0.141476 
1407 37.212146 0.000000 8.132041 105.832414 -7.452870 -1.945027 -0.125983 
1408 36.864780 0.000000 8.457035 108.803068 -10.386903 -1.782620 -0.194917 
1409 36.748991 0.000000 8.457035 109.309496 -10.689510 -1.998920 -0.206683 
1410 36.864780 0.000000 8.348704 108.996085 -9.494834 -1.989262 -0.197426 
1411 36.980569 0.000000 8.457035 107.440130 -10.362985 -1.493453 -0.165300 
1412 36.864780 0.000000 8.565367 108.689775 -11.955558 -1.469276 -0.195856 
1413 36.517414 0.000000 8.132041 111.866069 -1.725340 -5.533180 -0.254761 
1414 36.285836 0.000000 8.132041 112.632015 0.000000 -6.913885 -0.273377 
1415 36.517414 0.000000 7.915379 110.615410 0.000000 -5.773574 -0.226910 
1416 36.633202 0.000000 8.457035 109.461904 -9.858714 -2.283326 -0.208432 
1417 36.517414 0.000000 8.457035 110.536657 -8.710908 -2.857467 -0.230240 
1418 36.633202 0.000000 8.348704 109.590134 -8.766499 -2.627766 -0.209375 
1419 36.633202 0.000000 8.565367 109.384461 -10.417886 -2.104769 -0.207792 
1420 36.864780 0.000000 8.240373 108.136607 -9.081643 -2.130262 -0.178054 
1421 36.748991 0.000000 8.240373 109.222341 -7.883161 -2.743748 -0.199919 
1422 36.864780 0.000000 8.132041 107.293531 -6.094279 -2.675543 -0.155620 
1423 36.980569 0.000000 8.240373 107.269159 -9.171555 -1.823414 -0.159411 
1424 36.806886 0.000000 8.402870 111.006137 -9.910211 -2.738682 -0.242808 
1425 36.748991 0.000000 8.402870 109.308862 -10.293094 -2.109022 -0.205882 
1426 36.806886 0.000000 8.348704 111.678182 -9.592834 -3.095787 -0.257362 
1427 36.864780 0.000000 8.402870 108.944333 -9.862116 -1.903337 -0.196975 
1428 36.806886 0.000000 8.457035 108.807675 -11.444701 -1.642893 -0.197279 
1429 39.991078 0.000000 3.582126 105.127284 -7.025325 -4.896560 -0.112508 
1430 40.454234 0.000000 3.582126 108.135099 -10.909189 -10.458717 -0.192159 
1431 39.991078 0.000000 4.015451 101.563513 -3.087595 -2.097200 -0.032908 
1432 39.991078 0.000000 4.448776 100.096181 -1.975045 -1.451184 -0.002525 
1433 40.454234 0.000000 4.448776 98.780186 0.000000 -0.778617 0.024187 
1434 39.759501 0.000000 3.798789 101.303563 -2.724404 -1.345183 -0.027164 
1435 39.527923 0.000000 3.798789 100.545464 -1.373169 -0.441602 -0.011147 
1436 39.759501 0.000000 3.582126 103.286104 -5.127652 -2.644924 -0.070131 
1437 39.991078 0.000000 3.798789 103.980378 -6.606533 -3.838283 -0.087030 
1438 39.759501 0.000000 4.015451 99.236468 -0.467876 -0.697298 0.015142 
1439 39.296345 0.000000 3.798789 100.681851 -1.477897 -1.165474 -0.014038 
1440 39.064768 0.000000 3.798789 100.793504 -1.766781 -2.152532 -0.016709 
1441 39.296345 0.000000 3.582126 100.871617 -1.991549 -1.099510 -0.018026 
1442 39.296345 0.000000 4.015451 101.042474 -1.567857 -1.644547 -0.021474 
1443 39.759501 0.000000 3.365463 105.035880 -6.553566 -4.039437 -0.109180 
1444 39.527923 0.000000 3.365463 101.169293 -3.659944 0.056168 -0.024862 
1445 39.759501 0.000000 3.148801 103.232757 -6.450574 -1.131700 -0.069989 
1446 39.991078 0.000000 3.365463 106.907616 -8.260401 -6.690583 -0.154224 
1447 39.643712 0.000000 3.690457 100.616891 -1.683448 -0.379410 -0.012674 
1448 39.527923 0.000000 3.690457 100.415036 -1.348023 -0.323828 -0.008510 
1449 39.643712 0.000000 3.582126 102.436784 -4.391604 -1.515077 -0.051488 
1450 39.759501 0.000000 3.690457 103.171838 -4.934685 -2.693879 -0.067604 
1451 39.643712 0.000000 3.798789 100.640861 -1.636075 -0.571203 -0.013159 
1452 39.759501 0.000000 4.232114 100.082753 -1.135938 -1.235169 -0.001937 
1453 39.527923 0.000000 4.232114 100.606259 -1.201481 -1.410567 -0.012505 
1454 39.991078 0.000000 4.232114 100.829167 -2.630234 -1.773458 -0.017658 
1455 39.759501 0.000000 4.448776 100.519909 -1.389759 -1.445379 -0.010827 
1456 42.306855 0.000000 4.882102 96.404247 -5.551805 0.928473 0.067454 
1457 43.233165 0.000000 4.882102 96.504814 -6.308860 1.799788 0.064378 
1458 40.917389 0.000000 4.448776 97.068056 -4.327978 -1.157928 0.055772 
1459 40.917389 0.000000 4.015451 109.916028 -13.583052 -11.920766 -0.240814 
1460 41.380544 0.000000 4.448776 96.410861 -4.915349 -0.865224 0.068004 
1461 40.917389 0.000000 4.882102 97.106110 -3.681452 0.229784 0.055680 
1462 40.222656 0.000000 4.232114 100.780964 -4.904137 -2.208833 -0.018573 
1463 40.222656 0.000000 4.015451 104.491566 -9.451843 -4.173925 -0.102525 
1464 40.454234 0.000000 4.232114 106.621618 -8.681601 -4.572021 -0.146444 
1465 40.222656 0.000000 4.448776 100.303051 -0.434052 -1.257881 -0.006247 
1466 39.759501 0.000000 4.665439 100.128782 -0.400342 -1.141359 -0.002724 
1467 39.527923 0.000000 4.665439 100.803325 -1.329178 -1.480014 -0.016527 
1468 39.991078 0.000000 4.665439 99.267592 0.000000 -0.819411 0.014527 
1469 39.759501 0.000000 4.882102 99.865539 0.000000 -0.876686 0.002611 
1470 39.875289 0.000000 4.340445 100.016067 -1.348289 -1.279339 -0.000667 
1471 39.759501 0.000000 4.340445 99.855874 -0.894784 -1.123263 0.002674 
1472 39.875289 0.000000 4.232114 100.158797 -1.582847 -1.350255 -0.003611 
1473 39.991078 0.000000 4.340445 100.778414 -2.399846 -1.742910 -0.016509 
1474 39.875289 0.000000 4.448776 100.114073 -1.673329 -1.385441 -0.002755 
1475 39.296345 0.000000 4.232114 101.223554 -1.450658 -1.817172 -0.025161 
1476 39.296345 0.000000 4.448776 101.106054 -1.430586 -1.756289 -0.022757 
1477 39.643712 0.000000 4.340445 100.420089 -0.715101 -1.242016 -0.008625 
1478 39.527923 0.000000 4.340445 100.630111 -1.090524 -1.404849 -0.012958 
1479 39.643712 0.000000 4.232114 100.483969 -1.171318 -1.352059 -0.010023 
1480 39.643712 0.000000 4.448776 100.604048 -1.136139 -1.422307 -0.012449 
1481 39.875289 0.000000 4.123783 100.564626 -2.283187 -1.582112 -0.012096 
1482 39.759501 0.000000 4.123783 100.600057 -1.601737 -1.476028 -0.012512 
1483 39.875289 0.000000 4.015451 100.942577 -2.357506 -1.722474 -0.019793 
1484 39.991078 0.000000 4.123783 100.871338 -2.758553 -1.793702 -0.018585 
1485 39.817395 0.000000 4.286279 99.678270 -0.845130 -1.059808 0.006241 
1486 39.759501 0.000000 4.286279 99.867152 -0.899561 -1.131007 0.002446 
1487 39.817395 0.000000 4.232114 100.031239 -1.409341 -1.272908 -0.000986 
1488 39.875289 0.000000 4.286279 100.030570 -1.404712 -1.285890 -0.000974 
1489 39.817395 0.000000 4.340445 99.659955 -0.803253 -1.051993 0.006614 
1490 40.222656 0.000000 4.665439 99.133065 0.000000 -0.722037 0.017211 
1491 40.454234 0.000000 4.665439 98.763460 0.000000 -0.651862 0.024535 
1492 40.222656 0.000000 4.882102 98.845482 0.000000 -0.559532 0.022926 
1493 40.106867 0.000000 4.340445 100.333732 -2.998179 -1.696525 -0.007873 
1494 40.106867 0.000000 4.232114 101.088967 -3.219420 -1.993201 -0.023332 
1495 40.222656 0.000000 4.340445 100.617729 -3.858014 -1.972674 -0.014270 
1496 40.106867 0.000000 4.448776 100.273488 -2.894138 -1.703017 -0.006605 
1497 39.933184 0.000000 4.286279 100.739217 -2.232278 -1.669553 -0.015616 
1498 39.933184 0.000000 4.232114 100.750637 -2.490616 -1.715330 -0.015984 
1499 39.991078 0.000000 4.286279 100.785857 -2.534122 -1.752172 -0.016728 
1500 39.933184 0.000000 4.340445 100.685255 -2.116120 -1.642664 -0.014470 
1501 39.875289 0.000000 4.557108 99.821098 -1.058433 -1.229087 0.003312 
1502 39.759501 0.000000 4.557108 100.160247 -1.210590 -1.325095 -0.003530 
1503 39.991078 0.000000 4.557108 99.565892 -0.412676 -1.044994 0.008537 
1504 39.875289 0.000000 4.665439 99.465587 0.000000 -0.882893 0.010582 
1505 39.817395 0.000000 4.394611 100.021373 -1.265230 -1.271030 -0.000749 
1506 39.759501 0.000000 4.394611 100.099744 -1.084177 -1.242793 -0.002268 
1507 39.875289 0.000000 4.394611 100.107584 -1.392362 -1.327306 -0.002523 
1508 39.817395 0.000000 4.448776 100.172375 -1.657514 -1.394291 -0.003920 
1509 39.846342 0.000000 4.313362 99.787185 -1.108674 -1.155850 0.003995 
1510 39.817395 0.000000 4.313362 99.429928 -0.608448 -0.942307 0.011243 
1511 39.846342 0.000000 4.286279 99.856169 -1.199905 -1.190901 0.002589 
1512 39.875289 0.000000 4.313362 99.999701 -1.351814 -1.270443 -0.000338 
1513 39.846342 0.000000 4.340445 99.845546 -1.151944 -1.186245 0.002813 
1514 40.917389 0.000000 5.315427 97.166136 -3.491319 0.246853 0.054649 
1515 41.380544 0.000000 5.315427 96.994142 -4.306182 0.435809 0.057340 
1516 40.917389 0.000000 5.748752 98.263208 0.000000 0.054347 0.034434 
1517 40.222656 0.000000 5.098764 98.659068 0.000000 -0.401506 0.026623 
1518 39.991078 0.000000 5.098764 99.129878 0.000000 -0.571836 0.017294 
1519 40.454234 0.000000 5.098764 98.630175 0.000000 -0.365284 0.027196 
1520 40.222656 0.000000 5.315427 98.936239 0.000000 -0.369081 0.021148 
1521 39.759501 0.000000 5.098764 99.802286 0.000000 -0.788121 0.003888 
1522 39.527923 0.000000 5.098764 100.325821 -0.000000 -0.925352 -0.006613 
1523 39.759501 0.000000 5.315427 99.943608 -0.000000 -0.683356 0.001081 
1524 40.106867 0.000000 4.990433 99.077899 0.000000 -0.592914 0.018322 
1525 39.991078 0.000000 4.990433 99.096446 0.000000 -0.635357 0.017949 
1526 40.106867 0.000000 4.882102 98.918076 0.000000 -0.604114 0.021485 
1527 40.222656 0.000000 4.990433 98.905617 0.000000 -0.527461 0.021740 
1528 40.106867 0.000000 5.098764 98.790801 0.000000 -0.454957 0.024017 
1529 39.875289 0.000000 4.990433 99.692317 0.000000 -0.801197 0.006080 
1530 39.759501 0.000000 4.990433 99.827858 0.000000 -0.839425 0.003369 
1531 39.875289 0.000000 4.882102 99.770350 0.000000 -0.862083 0.004513 
1532 39.875289 0.000000 5.098764 99.473129 0.000000 -0.672416 0.010464 
1533 40.106867 0.000000 4.773770 99.231006 0.000000 -0.723652 0.015268 
1534 39.991078 0.000000 4.773770 99.396691 0.000000 -0.793420 0.011967 
1535 40.106867 0.000000 4.665439 99.141976 0.000000 -0.756110 0.017030 
1536 40.222656 0.000000 4.773770 99.092025 0.000000 -0.683649 0.018030 
1537 40.048973 0.000000 4.936267 98.842685 0.000000 -0.576054 0.022979 
1538 39.991078 0.000000 4.936267 98.962327 0.000000 -0.619476 0.020607 
1539 40.048973 0.000000 4.882102 98.789293 0.000000 -0.577096 0.024034 
1540 40.106867 0.000000 4.936267 98.910072 0.000000 -0.585713 0.021645 
1541 40.048973 0.000000 4.990433 98.922282 0.000000 -0.574247 0.021405 
1542 40.222656 0.000000 5.532090 98.779355 0.000000 -0.255693 0.024257 
1543 39.991078 0.000000 5.532090 99.562223 0.000000 -0.523583 0.008709 
1544 40.454234 0.000000 5.532090 98.877633 0.000000 -0.247055 0.022315 
1545 40.222656 0.000000 5.748752 99.065421 0.000000 -0.258636 0.018598 
1546 40.917389 0.000000 6.182078 98.432263 0.000000 0.100774 0.031108 
1547 41.380544 0.000000 6.182078 97.311870 -4.421505 1.035348 0.050978 
1548 40.685811 0.000000 5.532090 98.545625 0.000000 -0.047201 0.028876 
1549 40.685811 0.000000 5.315427 98.373327 0.000000 -0.099475 0.032268 
1550 40.917389 0.000000 5.532090 98.263208 0.000000 0.054347 0.034434 
1551 40.685811 0.000000 5.748752 98.651495 0.000000 -0.058448 0.026788 
1552 40.338445 0.000000 5.423758 98.955114 0.000000 -0.321108 0.020778 
1553 40.222656 0.000000 5.423758 98.736364 0.000000 -0.261808 0.025106 
1554 40.338445 0.000000 5.315427 98.739588 0.000000 -0.295857 0.025041 
1555 40.454234 0.000000 5.423758 98.794710 0.000000 -0.272373 0.023953 
1556 40.338445 0.000000 5.532090 98.980089 0.000000 -0.296243 0.020285 
1557 39.759501 0.000000 5.532090 100.052515 -0.000000 -0.675816 -0.001096 
1558 39.527923 0.000000 5.532090 100.562864 -0.000000 -0.833454 -0.011358 
1559 39.759501 0.000000 5.748752 100.141368 -0.000000 -0.634053 -0.002870 
1560 40.106867 0.000000 5.423758 99.326529 0.000000 -0.457199 0.013403 
1561 39.991078 0.000000 5.423758 99.505405 0.000000 -0.523412 0.009840 
1562 40.106867 0.000000 5.315427 99.071889 0.000000 -0.413727 0.018459 
1563 40.106867 0.000000 5.532090 99.379066 0.000000 -0.453572 0.012360 
1564 40.222656 0.000000 5.965415 99.340651 0.000000 -0.321655 0.013133 
1565 39.991078 0.000000 5.965415 99.834762 -0.000000 -0.496064 0.003277 
1566 40.454234 0.000000 5.965415 98.650871 0.000000 -0.034675 0.026800 
1567 40.222656 0.000000 6.182078 99.362255 0.000000 -0.321156 0.012704 
1568 40.338445 0.000000 5.640421 98.872269 0.000000 -0.213432 0.022423 
1569 40.222656 0.000000 5.640421 99.087439 0.000000 -0.304389 0.018159 
1570 40.454234 0.000000 5.640421 98.831372 0.000000 -0.206047 0.023232 
1571 40.338445 0.000000 5.748752 98.660541 0.000000 -0.096376 0.026609 
1572 40.280550 0.000000 5.477924 98.633910 0.000000 -0.213313 0.027131 
1573 40.222656 0.000000 5.477924 98.386494 0.000000 -0.141857 0.032008 
1574 40.280550 0.000000 5.423758 98.648614 0.000000 -0.228276 0.026840 
1575 40.338445 0.000000 5.477924 98.975107 0.000000 -0.311329 0.020383 
1576 40.280550 0.000000 5.532090 98.716424 0.000000 -0.226739 0.025502 
1577 40.106867 0.000000 5.640421 99.371030 0.000000 -0.408912 0.012523 
1578 39.991078 0.000000 5.640421 99.638274 0.000000 -0.519133 0.007194 
1579 40.106867 0.000000 5.748752 99.682828 0.000000 -0.491208 0.006309 
1580 40.164762 0.000000 5.477924 98.835222 0.000000 -0.288088 0.023152 
1581 40.106867 0.000000 5.477924 99.260574 0.000000 -0.429218 0.014715 
1582 40.164762 0.000000 5.423758 98.879683 0.000000 -0.311040 0.022271 
1583 40.164762 0.000000 5.532090 99.006092 0.000000 -0.332571 0.019768 
1584 40.685811 0.000000 5.098764 98.026238 0.000000 -0.186755 0.039082 
1585 40.685811 0.000000 4.882102 98.026238 0.000000 -0.186755 0.039082 
1586 40.917389 0.000000 5.098764 97.123810 -3.782978 -0.000048 0.055265 
1587 40.338445 0.000000 5.207096 98.682485 0.000000 -0.299785 0.026168 
1588 40.222656 0.000000 5.207096 98.587623 0.000000 -0.308493 0.028039 
1589 40.338445 0.000000 5.098764 98.572882 0.000000 -0.348302 0.028327 
1590 40.454234 0.000000 5.207096 98.607240 0.000000 -0.267607 0.027654 
1591 40.280550 0.000000 5.369593 98.916891 0.000000 -0.332478 0.021534 
1592 40.222656 0.000000 5.369593 98.755542 0.000000 -0.282845 0.024726 
1593 40.280550 0.000000 5.315427 98.856872 0.000000 -0.330900 0.022721 
1594 40.338445 0.000000 5.369593 98.923675 0.000000 -0.326644 0.021400 
1595 40.251603 0.000000 5.450841 98.540747 0.000000 -0.190638 0.028968 
1596 40.222656 0.000000 5.450841 98.516806 0.000000 -0.185287 0.029440 
1597 40.251603 0.000000 5.423758 98.598705 0.000000 -0.213879 0.027825 
1598 40.280550 0.000000 5.450841 98.630044 0.000000 -0.217128 0.027207 
1599 40.251603 0.000000 5.477924 98.528616 0.000000 -0.182813 0.029208 
1600 40.685811 0.000000 6.832066 99.255196 0.000000 -0.010075 0.014841 
1601 40.454234 0.000000 6.832066 99.607593 0.000000 -0.241908 0.007827 
1602 40.685811 0.000000 6.615403 98.678659 0.000000 0.176445 0.026249 
1603 40.917389 0.000000 6.832066 99.096436 0.000000 0.094358 0.017989 
1604 40.685811 0.000000 7.048728 99.444595 0.000000 -0.102246 0.011076 
1605 40.222656 0.000000 6.832066 99.878313 0.000000 -0.385732 0.002417 
1606 39.991078 0.000000 6.832066 100.386654 -0.000000 -0.622709 -0.007787 
1607 40.222656 0.000000 6.615403 99.837661 -0.000000 -0.427221 0.003226 
1608 40.222656 0.000000 7.048728 100.283325 -0.000000 -0.524940 -0.005702 
1609 40.685811 0.000000 6.398740 98.666151 0.000000 0.079750 0.026498 
1610 40.454234 0.000000 6.398740 98.800027 0.000000 -0.013504 0.023855 
1611 40.685811 0.000000 6.182078 98.569323 0.000000 0.021842 0.028409 
1612 40.917389 0.000000 6.398740 98.596162 0.000000 0.156724 0.027877 
1613 40.570022 0.000000 6.723734 99.378617 0.000000 -0.150802 0.012387 
1614 40.454234 0.000000 6.723734 99.507598 0.000000 -0.243452 0.009818 
1615 40.570022 0.000000 6.615403 98.989956 0.000000 0.014595 0.020099 
1616 40.685811 0.000000 6.723734 99.146763 0.000000 -0.006608 0.016992 
1617 40.570022 0.000000 6.832066 99.473367 0.000000 -0.147235 0.010503 
1618 40.222656 0.000000 6.398740 99.586159 0.000000 -0.359802 0.008247 
1619 39.991078 0.000000 6.398740 100.049239 -0.000000 -0.513653 -0.001011 
1620 40.570022 0.000000 6.507072 99.044207 0.000000 -0.060827 0.019024 
1621 40.454234 0.000000 6.507072 99.270735 0.000000 -0.181163 0.014529 
1622 40.570022 0.000000 6.398740 98.573599 0.000000 0.096860 0.028324 
1623 40.685811 0.000000 6.507072 98.955689 0.000000 -0.012717 0.020777 
1624 41.843699 0.000000 7.048728 97.645066 -6.180111 1.512705 0.042496 
1625 41.843699 0.000000 6.615403 97.504438 -5.319738 1.813070 0.046130 
1626 42.306855 0.000000 7.048728 97.655969 -7.469639 1.693431 0.040465 
1627 41.148967 0.000000 6.832066 99.173802 0.000000 0.099745 0.016455 
1628 41.148967 0.000000 6.615403 98.912690 0.000000 0.257937 0.021621 
1629 41.380544 0.000000 6.832066 98.643516 0.000000 0.401403 0.026930 
1630 41.148967 0.000000 7.048728 98.963272 0.000000 0.095533 0.020626 
1631 40.801600 0.000000 6.723734 99.083122 0.000000 0.031092 0.018253 
1632 40.801600 0.000000 6.615403 99.027535 0.000000 0.016290 0.019355 
1633 40.917389 0.000000 6.723734 99.036883 0.000000 0.069997 0.019169 
1634 40.801600 0.000000 6.832066 99.030009 0.000000 0.125247 0.019304 
1635 40.627917 0.000000 6.669569 98.854342 0.000000 0.094282 0.022781 
1636 40.570022 0.000000 6.669569 99.050100 0.000000 -0.005323 0.018908 
1637 40.627917 0.000000 6.615403 98.523077 0.000000 0.249858 0.029314 
1638 40.685811 0.000000 6.669569 98.759176 0.000000 0.151026 0.024660 
1639 40.627917 0.000000 6.723734 98.976391 0.000000 0.058786 0.020367 
1640 41.843699 0.000000 6.182078 97.317069 -5.288955 1.236582 0.049989 
1641 41.843699 0.000000 5.748752 97.116480 -5.032684 0.965686 0.054213 
1642 42.306855 0.000000 6.182078 97.314941 -5.997414 1.508091 0.049156 
1643 41.148967 0.000000 6.398740 97.858546 0.000000 0.373899 0.042357 
1644 41.148967 0.000000 6.182078 97.858546 0.000000 0.373899 0.042357 
1645 41.380544 0.000000 6.398740 97.399001 -4.192804 1.057599 0.049474 
1646 40.801600 0.000000 6.507072 98.935853 0.000000 0.024834 0.021170 
1647 40.801600 0.000000 6.398740 98.703735 0.000000 0.099250 0.025756 
1648 40.917389 0.000000 6.507072 98.824670 0.000000 0.085451 0.023368 
1649 40.627917 0.000000 6.561237 98.836453 0.000000 0.078273 0.023135 
1650 40.570022 0.000000 6.561237 98.991843 0.000000 -0.000359 0.020062 
1651 40.627917 0.000000 6.507072 98.933575 0.000000 -0.012958 0.021215 
1652 40.685811 0.000000 6.561237 98.763813 0.000000 0.114299 0.024570 
1653 40.743706 0.000000 6.669569 99.077419 0.000000 0.008908 0.018367 
1654 40.743706 0.000000 6.615403 99.030507 0.000000 0.009552 0.019296 
1655 40.801600 0.000000 6.669569 99.062177 0.000000 0.019591 0.018668 
1656 40.743706 0.000000 6.723734 99.109835 0.000000 0.016592 0.017724 
1657 40.656864 0.000000 6.642486 98.584019 0.000000 0.226570 0.028114 
1658 40.627917 0.000000 6.642486 98.572952 0.000000 0.228550 0.028332 
1659 40.656864 0.000000 6.615403 98.605019 0.000000 0.207832 0.027701 
1660 40.685811 0.000000 6.642486 98.700951 0.000000 0.172002 0.025809 
1661 40.656864 0.000000 6.669569 98.697081 0.000000 0.177999 0.025885 
1662 40.685811 0.000000 7.265391 99.678028 0.000000 -0.298371 0.006420 
1663 40.454234 0.000000 7.265391 100.017061 0.000000 -0.428674 -0.000360 
1664 40.917389 0.000000 7.265391 99.225775 0.000000 -0.066142 0.015424 
1665 40.685811 0.000000 7.482054 99.667507 0.000000 -0.312166 0.006629 
1666 41.148967 0.000000 7.265391 98.941910 0.000000 0.072854 0.021049 
1667 41.380544 0.000000 7.265391 98.658634 0.000000 0.158949 0.026645 
1668 41.148967 0.000000 7.482054 98.971271 0.000000 0.177915 0.020466 
1669 40.801600 0.000000 7.157060 99.191774 0.000000 -0.010904 0.016099 
1670 40.685811 0.000000 7.157060 99.653659 0.000000 -0.273580 0.006907 
1671 40.801600 0.000000 7.048728 99.284129 0.000000 -0.022104 0.014266 
1672 40.917389 0.000000 7.157060 99.234484 0.000000 -0.041737 0.015252 
1673 40.801600 0.000000 7.265391 99.227604 0.000000 -0.044627 0.015388 
1674 41.033178 0.000000 7.157060 99.212115 0.000000 -0.037182 0.015695 
1675 41.033178 0.000000 7.048728 99.098247 0.000000 0.042166 0.017954 
1676 41.148967 0.000000 7.157060 98.958847 0.000000 0.081231 0.020714 
1677 41.033178 0.000000 7.265391 99.178426 0.000000 -0.041171 0.016364 
1678 40.685811 0.000000 7.698716 99.738535 0.000000 -0.255572 0.005216 
1679 40.454234 0.000000 7.698716 99.972761 -0.000000 -0.400612 0.000529 
1680 40.917389 0.000000 7.698716 99.433071 0.000000 -0.035255 0.011306 
1681 40.801600 0.000000 7.373722 99.416281 0.000000 -0.186675 0.011637 
1682 40.685811 0.000000 7.373722 99.623715 0.000000 -0.273241 0.007504 
1683 40.917389 0.000000 7.373722 99.225249 0.000000 -0.089601 0.015434 
1684 40.801600 0.000000 7.482054 99.485086 0.000000 -0.245354 0.010266 
1685 40.859494 0.000000 7.211225 98.859473 0.000000 0.175426 0.022677 
1686 40.801600 0.000000 7.211225 99.079442 0.000000 0.046204 0.018326 
1687 40.859494 0.000000 7.157060 98.973863 0.000000 0.114585 0.020416 
1688 40.917389 0.000000 7.211225 98.966763 0.000000 0.102628 0.020557 
1689 40.859494 0.000000 7.265391 99.022629 0.000000 0.070482 0.019451 
1690 41.148967 0.000000 7.698716 99.140637 0.000000 0.217033 0.017109 
1691 41.380544 0.000000 7.698716 98.844750 0.000000 0.528936 0.022944 
1692 41.033178 0.000000 7.807048 98.809163 0.000000 0.513153 0.023649 
1693 40.917389 0.000000 7.807048 99.535916 0.000000 -0.057791 0.009260 
1694 41.033178 0.000000 7.698716 98.937953 0.000000 0.356176 0.021115 
1695 41.148967 0.000000 7.807048 99.062335 0.000000 0.367668 0.018652 
1696 41.033178 0.000000 7.915379 99.186224 0.000000 0.328812 0.016198 
1697 41.033178 0.000000 7.590385 99.037286 0.000000 0.137100 0.019160 
1698 40.917389 0.000000 7.590385 99.203359 0.000000 0.008379 0.015869 
1699 41.033178 0.000000 7.482054 98.831630 0.000000 0.179664 0.023228 
1700 41.148967 0.000000 7.590385 99.100805 0.000000 0.169298 0.017900 
1701 41.612122 0.000000 7.698716 98.345610 0.000000 1.353581 0.032631 
1702 41.612122 0.000000 7.482054 97.649305 -7.516908 1.374901 0.040622 
1703 41.843699 0.000000 7.698716 97.683302 -10.764477 1.565102 0.033965 
1704 41.264755 0.000000 7.807048 99.036713 0.000000 0.402057 0.019157 
1705 41.264755 0.000000 7.698716 99.040252 0.000000 0.323571 0.019092 
1706 41.380544 0.000000 7.807048 98.850339 0.000000 0.588321 0.022826 
1707 41.264755 0.000000 7.915379 98.927602 0.000000 0.603262 0.021297 
1708 41.091072 0.000000 7.752882 98.819032 0.000000 0.495133 0.023455 
1709 41.033178 0.000000 7.752882 98.890420 0.000000 0.433955 0.022050 
1710 41.091072 0.000000 7.698716 99.145430 0.000000 0.192333 0.017015 
1711 41.148967 0.000000 7.752882 99.056370 0.000000 0.322619 0.018773 
1712 41.091072 0.000000 7.807048 98.844051 0.000000 0.499541 0.022960 
1713 40.801600 0.000000 7.807048 99.699443 -0.000000 -0.191417 0.005998 
1714 40.685811 0.000000 7.807048 99.701844 0.000000 -0.184479 0.005951 
1715 40.801600 0.000000 7.698716 99.553306 0.000000 -0.126526 0.008912 
1716 40.801600 0.000000 7.915379 99.520812 0.000000 -0.030405 0.009561 
1717 40.975283 0.000000 7.752882 99.165888 0.000000 0.214317 0.016608 
1718 40.917389 0.000000 7.752882 99.508954 0.000000 -0.055721 0.009796 
1719 40.975283 0.000000 7.698716 99.330981 0.000000 0.041049 0.013335 
1720 40.975283 0.000000 7.807048 99.181444 0.000000 0.222241 0.016299 
1721 41.033178 0.000000 8.023710 99.367137 -1.366019 0.288267 0.012422 
1722 40.917389 0.000000 8.023710 99.476231 -1.491681 0.150815 0.010223 
1723 41.148967 0.000000 8.023710 99.040381 -0.895896 0.517002 0.018993 
1724 41.033178 0.000000 8.132041 99.398995 -1.741325 0.283279 0.011673 
1725 41.091072 0.000000 7.861213 98.897041 0.000000 0.496582 0.021913 
1726 41.033178 0.000000 7.861213 99.068125 0.000000 0.343601 0.018539 
1727 41.148967 0.000000 7.861213 99.057754 0.000000 0.423130 0.018738 
1728 41.091072 0.000000 7.915379 99.129805 0.000000 0.395122 0.017313 
1729 41.062125 0.000000 7.779965 98.747261 0.000000 0.555757 0.024867 
1730 41.033178 0.000000 7.779965 98.640820 0.000000 0.635670 0.026958 
1731 41.062125 0.000000 7.752882 98.776216 0.000000 0.523191 0.024299 
1732 41.091072 0.000000 7.779965 98.822070 0.000000 0.503332 0.023395 
1733 41.062125 0.000000 7.807048 98.728897 0.000000 0.579989 0.025227 
1734 33.970059 0.000000 -2.917754 101.450766 -10.441007 29.513173 -0.127230 
1735 33.970059 0.000000 -4.651055 98.002284 -8.841943 11.351481 0.018852 
1736 35.822681 0.000000 -2.917754 96.452879 -9.659947 34.084787 -0.055825 
1737 33.043749 0.000000 -2.051103 102.778651 -9.958398 24.000231 -0.123863 
1738 32.117438 0.000000 -2.051103 102.786975 -10.357812 20.868819 -0.110795 
1739 33.043749 0.000000 -2.917754 101.452798 -10.441427 29.508686 -0.127246 
1740 33.970059 0.000000 -2.051103 102.746453 -9.759463 25.363064 -0.129537 
1741 33.043749 0.000000 -1.184452 102.776108 -9.583937 24.066051 -0.123396 
1742 31.191128 0.000000 -2.051103 102.650125 -10.632859 17.122442 -0.094328 
1743 30.264817 0.000000 -2.051103 101.160803 -11.491870 12.399481 -0.051932 
1744 31.191128 0.000000 -2.917754 102.984917 -10.794746 17.736096 -0.103699 
1745 31.191128 0.000000 -1.184452 102.699643 -10.137467 18.369263 -0.098741 
1746 33.043749 0.000000 -0.317802 104.415355 -7.967807 19.169086 -0.133351 
1747 32.117438 0.000000 -0.317802 103.646745 -9.518779 19.182212 -0.120121 
1748 33.970059 0.000000 -0.317802 103.289509 -8.550605 21.860719 -0.121973 
1749 32.580593 0.000000 -1.617778 102.304992 -10.020100 23.209699 -0.110540 
1750 32.117438 0.000000 -1.617778 102.254019 -10.056053 21.993127 -0.104071 
1751 32.580593 0.000000 -2.051103 102.658068 -10.306628 22.062724 -0.113167 
1752 33.043749 0.000000 -1.617778 102.625610 -10.051422 23.960592 -0.120716 
1753 32.580593 0.000000 -1.184452 103.296151 -9.657062 20.591050 -0.118735 
1754 37.675302 0.000000 -2.917754 95.601702 -8.807435 11.890586 0.064136 
1755 37.675302 0.000000 -4.651055 97.119857 -8.522918 9.790948 0.039923 
1756 36.748991 0.000000 -0.317802 101.359980 -8.233591 24.135502 -0.092416 
1757 35.822681 0.000000 -0.317802 101.173628 -8.727436 25.923473 -0.098430 
1758 36.748991 0.000000 -1.184452 102.099675 -9.051691 24.566890 -0.110981 
1759 37.675302 0.000000 -0.317802 101.779558 -7.908002 22.661258 -0.093515 
1760 36.748991 0.000000 -2.051103 100.503880 -9.966295 28.417768 -0.100793 
1761 35.822681 0.000000 -2.051103 100.307691 -9.977627 29.422207 -0.102685 
1762 36.748991 0.000000 -2.917754 95.160620 -9.481576 34.788600 -0.035569 
1763 37.675302 0.000000 -2.051103 99.329682 -10.159523 30.736039 -0.091431 
1764 38.601612 0.000000 -0.317802 100.049219 -9.263859 22.906952 -0.062039 
1765 38.601612 0.000000 -1.184452 98.586900 -8.630388 28.014221 -0.057866 
1766 39.527923 0.000000 -0.317802 100.891701 -7.147300 22.295940 -0.072733 
1767 37.212146 0.000000 -0.751127 100.644213 -8.730288 25.396483 -0.085046 
1768 36.748991 0.000000 -0.751127 100.986569 -8.496445 24.812127 -0.088612 
1769 37.212146 0.000000 -1.184452 99.741573 -9.069949 27.011304 -0.076026 
1770 37.675302 0.000000 -0.751127 100.912369 -8.495564 24.596727 -0.086048 
1771 37.212146 0.000000 -0.317802 101.951881 -7.922996 22.697622 -0.097214 
1772 34.896370 0.000000 -0.317802 103.313154 -8.620002 21.784485 -0.122248 
1773 34.896370 0.000000 -1.184452 102.225207 -9.611255 25.394170 -0.118723 
1774 36.285836 0.000000 -0.751127 101.683842 -8.767118 24.919740 -0.103746 
1775 35.822681 0.000000 -0.751127 101.193115 -9.445586 26.858715 -0.105066 
1776 36.285836 0.000000 -1.184452 101.819231 -9.109678 25.083288 -0.107931 
1777 36.285836 0.000000 -0.317802 100.094399 -8.570115 26.552320 -0.079736 
1778 37.212146 0.000000 0.115524 103.075700 -7.906719 17.569587 -0.099581 
1779 36.748991 0.000000 0.115524 102.704869 -8.144364 18.568919 -0.095943 
1780 37.675302 0.000000 0.115524 102.410598 -8.486934 17.986302 -0.088347 
1781 37.212146 0.000000 0.548849 103.599666 -8.514449 13.652714 -0.099178 
1782 36.980569 0.000000 -0.534464 101.162861 -8.440021 24.471369 -0.090401 
1783 36.748991 0.000000 -0.534464 100.836842 -8.536484 25.108764 -0.087139 
1784 36.980569 0.000000 -0.751127 100.417286 -8.803622 25.826531 -0.082814 
1785 37.212146 0.000000 -0.534464 101.221749 -8.343759 24.129847 -0.089771 
1786 36.980569 0.000000 -0.317802 101.615040 -8.089463 23.452615 -0.094108 
1787 36.285836 0.000000 0.115524 101.719294 -8.359968 20.580185 -0.084025 
1788 35.822681 0.000000 0.115524 102.799996 -8.448363 19.311036 -0.101213 
1789 36.285836 0.000000 0.548849 103.225501 -8.037599 16.485569 -0.099188 
1790 36.517414 0.000000 -0.534464 100.501210 -8.611051 25.731051 -0.083673 
1791 36.285836 0.000000 -0.534464 100.998414 -8.871597 26.027234 -0.095680 
1792 36.517414 0.000000 -0.751127 101.146426 -8.556491 24.852850 -0.092148 
1793 36.517414 0.000000 -0.317802 100.747185 -8.391077 25.267145 -0.085883 
1794 38.601612 0.000000 -2.051103 94.860855 -8.823918 13.405513 0.074385 
1795 38.601612 0.000000 -2.917754 95.627568 -8.488096 11.297728 0.065568 
1796 39.527923 0.000000 -2.051103 94.496192 -8.322024 11.788827 0.086224 
1797 37.212146 0.000000 -1.617778 101.628083 -9.523604 25.899375 -0.108974 
1798 36.748991 0.000000 -1.617778 101.451791 -9.549306 26.220040 -0.107115 
1799 37.212146 0.000000 -2.051103 100.575497 -9.965494 28.302421 -0.101577 
1800 37.675302 0.000000 -1.617778 98.807946 -9.197432 28.429378 -0.065583 
1801 36.980569 0.000000 -0.967790 100.500150 -8.782256 25.656633 -0.083567 
1802 36.748991 0.000000 -0.967790 100.402069 -8.798645 25.806700 -0.082398 
1803 36.980569 0.000000 -1.184452 100.498045 -8.692708 25.360118 -0.081856 
1804 37.212146 0.000000 -0.967790 100.708663 -8.722211 25.293182 -0.085806 
1805 36.864780 0.000000 -0.642796 100.985828 -8.464522 24.722034 -0.088096 
1806 36.748991 0.000000 -0.642796 100.909781 -8.518447 24.967691 -0.087873 
1807 36.864780 0.000000 -0.751127 101.043238 -8.448363 24.606944 -0.088661 
1808 36.980569 0.000000 -0.642796 101.201491 -8.433294 24.405153 -0.090847 
1809 36.864780 0.000000 -0.534464 101.090568 -8.493669 24.709476 -0.090200 
1810 40.454234 0.000000 -0.317802 100.726620 -6.841115 23.561989 -0.074782 
1811 40.454234 0.000000 -1.184452 96.372709 -8.149386 28.649974 -0.017493 
1812 41.843699 0.000000 0.115524 101.164128 -7.405991 15.188657 -0.051972 
1813 41.380544 0.000000 0.115524 102.448488 -7.569848 10.072282 -0.065445 
1814 41.843699 0.000000 -0.317802 101.057279 -6.106924 23.534425 -0.080374 
1815 42.306855 0.000000 0.115524 100.309244 -5.458721 20.133620 -0.049710 
1816 41.843699 0.000000 0.548849 103.447272 -7.546215 7.555051 -0.081536 
1817 46.938408 0.000000 -8.117657 98.568343 -7.778315 5.891763 0.018907 
1818 46.938408 0.000000 -11.584259 98.887120 -7.821176 5.972697 0.012449 
1819 50.643650 0.000000 -8.117657 98.815784 -7.675205 5.605555 0.014511 
1820 45.085787 0.000000 -2.917754 97.175754 -7.665528 6.385976 0.045733 
1821 45.085787 0.000000 -4.651055 97.719008 -7.717644 6.247459 0.035240 
1822 46.938408 0.000000 -2.917754 97.785879 -7.655802 5.878275 0.034476 
1823 42.306855 0.000000 -2.051103 95.385858 -7.625862 8.490060 0.077130 
1824 41.380544 0.000000 -2.051103 95.089370 -7.655051 9.501775 0.080913 
1825 42.306855 0.000000 -2.917754 96.189206 -7.744309 7.960853 0.062429 
1826 43.233165 0.000000 -2.051103 95.843980 -7.588465 7.588266 0.069876 
1827 41.843699 0.000000 -0.751127 102.270215 -6.936661 25.109583 -0.113781 
1828 41.380544 0.000000 -0.751127 101.572189 -6.185936 21.942174 -0.083663 
1829 41.843699 0.000000 -1.184452 93.940760 -7.397561 9.897547 0.102245 
1830 42.306855 0.000000 -0.751127 93.252302 -7.162666 9.234110 0.116744 
1831 44.159476 0.000000 -0.317802 95.196609 -6.801362 6.087421 0.085429 
1832 44.159476 0.000000 -1.184452 95.804067 -7.331566 6.817974 0.072134 
1833 45.085787 0.000000 -0.317802 96.193216 -6.701808 5.727075 0.066915 
1834 42.770010 0.000000 0.115524 101.389106 -6.251895 23.252616 -0.085952 
1835 42.770010 0.000000 -0.317802 92.862663 -6.865380 7.922866 0.126662 
1836 43.233165 0.000000 0.115524 92.955575 -6.400348 6.441065 0.127681 
1837 42.075277 0.000000 -0.101139 100.597032 -5.800829 22.570577 -0.066284 
1838 41.843699 0.000000 -0.101139 100.345026 -5.484737 20.242622 -0.050897 
1839 42.075277 0.000000 -0.317802 101.051969 -6.105849 23.548329 -0.080331 
1840 42.306855 0.000000 -0.101139 101.048519 -6.104831 23.554809 -0.080290 
1841 42.075277 0.000000 0.115524 100.334744 -5.477300 20.212428 -0.050560 
1842 42.770010 0.000000 -0.751127 93.796773 -7.151302 8.269520 0.108264 
1843 42.770010 0.000000 -1.184452 94.531998 -7.348975 8.324086 0.094040 
1844 43.233165 0.000000 -0.751127 94.391138 -7.143570 7.560201 0.098213 
1845 42.075277 0.000000 -0.534464 101.392280 -6.251633 23.238007 -0.085948 
1846 41.843699 0.000000 -0.534464 101.393307 -6.251011 23.229046 -0.085927 
1847 42.075277 0.000000 -0.751127 93.042909 -7.156016 9.786586 0.119603 
1848 42.306855 0.000000 -0.534464 102.270215 -6.936661 25.109583 -0.113781 
1849 42.538432 0.000000 -0.101139 101.390483 -6.251860 23.246882 -0.085953 
1850 42.538432 0.000000 -0.317802 101.940435 -6.713369 24.778471 -0.105089 
1851 42.770010 0.000000 -0.101139 101.940309 -6.713566 24.780228 -0.105096 
1852 42.538432 0.000000 0.115524 100.569518 -5.786636 22.556152 -0.065649 
1853 42.191066 0.000000 -0.209470 101.050497 -6.105425 23.551176 -0.080314 
1854 42.075277 0.000000 -0.209470 101.053426 -6.106067 23.543883 -0.080339 
1855 42.191066 0.000000 -0.317802 101.392211 -6.251470 23.236980 -0.085942 
1856 42.306855 0.000000 -0.209470 101.047696 -6.104779 23.557897 -0.080288 
1857 42.191066 0.000000 -0.101139 100.589284 -5.796979 22.567703 -0.066111 
1858 54.348893 0.000000 -1.184452 98.859354 -7.462911 5.663151 0.013906 
1859 54.348893 0.000000 -4.651055 98.951229 -7.553274 5.286152 0.012366 
1860 58.054135 0.000000 -1.184452 99.093435 -7.616882 5.720773 0.008975 
1861 54.348893 0.000000 2.282150 98.972574 -5.623387 6.045847 0.013625 
1862 48.791029 0.000000 0.548849 98.114066 -5.516813 4.799312 0.032016 
1863 48.791029 0.000000 -1.184452 98.051839 -7.411554 5.784224 0.029745 
1864 50.643650 0.000000 0.548849 98.548993 -5.569719 4.909560 0.023297 
1865 48.791029 0.000000 2.282150 97.995587 -6.795564 6.018696 0.031446 
1866 48.791029 0.000000 -2.917754 98.184324 -7.636526 5.598087 0.027018 
1867 48.791029 0.000000 -4.651055 98.350742 -7.671888 5.557602 0.023739 
1868 50.643650 0.000000 -2.917754 98.511883 -7.628146 5.541199 0.020652 
1869 47.864718 0.000000 -0.317802 97.793649 -6.641016 5.536691 0.036164 
1870 46.938408 0.000000 -0.317802 97.430057 -6.636044 5.506645 0.043302 
1871 47.864718 0.000000 -1.184452 97.810039 -7.364602 5.876975 0.034442 
1872 48.791029 0.000000 -0.317802 98.057099 -6.680798 5.545842 0.030942 
1873 47.864718 0.000000 0.548849 97.846404 -5.417783 4.706711 0.037458 
1874 46.012097 0.000000 -0.317802 96.918567 -6.632421 5.554908 0.053195 
1875 46.012097 0.000000 -1.184452 97.055139 -7.307612 6.126986 0.048936 
1876 46.012097 0.000000 0.548849 96.875682 -5.326668 4.670470 0.056492 
1877 54.348893 0.000000 5.748752 99.069531 -7.206101 3.743990 0.011928 
1878 58.054135 0.000000 5.748752 99.219535 -7.052514 3.980734 0.008990 
1879 54.348893 0.000000 9.215355 99.491552 -4.490838 -2.067798 0.007699 
1880 48.791029 0.000000 4.015451 98.196218 -7.069308 4.401955 0.028815 
1881 50.643650 0.000000 4.015451 98.572974 -7.016098 4.549622 0.021344 
1882 48.791029 0.000000 5.748752 98.387574 -7.586137 3.554395 0.024970 
1883 47.864718 0.000000 1.415499 97.842770 -4.183923 5.688037 0.037693 
1884 46.938408 0.000000 1.415499 97.432462 -4.006572 5.827387 0.045690 
1885 48.791029 0.000000 1.415499 98.114073 -4.404058 5.583131 0.032306 
1886 47.864718 0.000000 2.282150 97.738100 -6.859239 5.795747 0.036662 
1887 47.401563 0.000000 0.115524 97.653687 -6.090638 5.009905 0.040156 
1888 46.938408 0.000000 0.115524 97.442405 -6.089694 4.993539 0.044296 
1889 47.401563 0.000000 -0.317802 97.634834 -6.637409 5.510257 0.039302 
1890 47.864718 0.000000 0.115524 97.817692 -6.093170 5.048966 0.036908 
1891 47.401563 0.000000 0.548849 97.678478 -5.393476 4.675880 0.040796 
1892 46.012097 0.000000 1.415499 96.813546 -3.789320 6.063266 0.057602 
1893 46.012097 0.000000 2.282150 96.796580 -6.985469 5.211078 0.055447 
1894 46.475252 0.000000 0.115524 97.189977 -6.072111 4.991702 0.049232 
1895 46.012097 0.000000 0.115524 96.892499 -6.088128 5.001635 0.054976 
1896 46.475252 0.000000 -0.317802 97.199603 -6.627294 5.530973 0.047772 
1897 46.475252 0.000000 0.548849 97.194691 -5.338289 4.665155 0.050293 
1898 47.864718 0.000000 -2.051103 97.887950 -7.547335 5.823496 0.032707 
1899 46.938408 0.000000 -2.051103 97.626618 -7.574590 5.928397 0.037652 
1900 47.864718 0.000000 -2.917754 97.996755 -7.612309 5.766737 0.030543 
1901 48.791029 0.000000 -2.051103 98.106111 -7.583369 5.666357 0.028558 
1902 47.401563 0.000000 -0.751127 97.638951 -7.065261 5.824861 0.038279 
1903 46.938408 0.000000 -0.751127 97.445623 -7.057173 5.850963 0.042031 
1904 47.401563 0.000000 -1.184452 97.668957 -7.351907 5.905445 0.037185 
1905 47.864718 0.000000 -0.751127 97.789337 -7.079306 5.822738 0.035322 
1906 47.169985 0.000000 -0.101139 97.542454 -6.381409 5.259225 0.041709 
1907 46.938408 0.000000 -0.101139 97.433560 -6.383212 5.253493 0.043836 
1908 47.169985 0.000000 -0.317802 97.536194 -6.637377 5.507074 0.041231 
1909 47.401563 0.000000 -0.101139 97.641616 -6.382288 5.266197 0.039765 
1910 47.169985 0.000000 0.115524 97.550690 -6.089665 4.998909 0.042179 
1911 52.496271 0.000000 0.548849 98.815785 -5.550847 5.138781 0.017822 
1912 52.496271 0.000000 -1.184452 98.678320 -7.504384 5.786916 0.017279 
1913 54.348893 0.000000 0.548849 99.008570 -5.499869 5.238058 0.013962 
1914 52.496271 0.000000 2.282150 98.723238 -5.931400 6.301286 0.017883 
1915 95.106559 0.000000 -11.584259 99.562701 -7.210526 5.533493 0.000466 
1916 95.106559 0.000000 -25.450669 99.546360 -7.160896 6.043619 0.000272 
1917 109.927529 0.000000 -11.584259 99.572752 -7.140329 5.535315 0.000364 
1918 95.106559 0.000000 2.282150 99.208625 -10.057917 7.744657 -0.000349 
1919 72.875105 0.000000 -4.651055 99.465312 -7.535452 5.180556 0.002303 
1920 72.875105 0.000000 -11.584259 99.484891 -7.281354 5.540305 0.001904 
1921 80.285589 0.000000 -4.651055 99.530514 -7.526809 5.236292 0.000961 
1922 72.875105 0.000000 2.282150 99.611973 -5.421782 5.004263 0.002302 
1923 95.106559 0.000000 16.148559 99.615409 -7.130388 4.562352 0.000511 
1924 109.927529 0.000000 16.148559 99.617711 -7.579563 4.364341 -0.000019 
1925 95.106559 0.000000 30.014969 99.553733 -6.865421 5.883691 0.000730 
1926 87.696074 0.000000 9.215355 99.807211 -5.607636 2.993090 -0.000188 
1927 80.285589 0.000000 9.215355 99.789643 -5.556432 2.566495 0.000457 
1928 87.696074 0.000000 2.282150 99.822223 -0.484130 8.361184 -0.003462 
1929 95.106559 0.000000 9.215355 99.805523 -5.525708 3.370246 -0.000303 
1930 87.696074 0.000000 16.148559 99.600285 -6.949866 4.690600 0.000948 
1931 87.696074 0.000000 -4.651055 99.551189 -7.506344 5.104717 0.000716 
1932 87.696074 0.000000 -11.584259 99.551860 -7.303582 5.542651 0.000536 
1933 95.106559 0.000000 -4.651055 99.571902 -7.404490 5.078572 0.000482 
1934 169.211407 0.000000 30.014969 99.578460 -7.133317 5.760741 0.000006 
1935 169.211407 0.000000 2.282150 99.693080 -6.787927 4.332936 -0.000356 
1936 198.853347 0.000000 30.014969 99.568688 -7.270746 5.778757 -0.000018 
1937 169.211407 0.000000 57.747788 99.566479 -6.901784 6.230841 0.000006 
1938 124.748498 0.000000 16.148559 99.584675 -8.214606 4.328982 -0.000333 
1939 124.748498 0.000000 2.282150 99.603618 -8.138744 4.098658 -0.000392 
1940 139.569468 0.000000 16.148559 99.500044 -9.276143 4.582706 -0.000731 
1941 124.748498 0.000000 30.014969 99.583200 -6.932622 5.798194 0.000151 
1942 102.517044 0.000000 9.215355 99.803656 -5.455443 3.652482 -0.000387 
1943 102.517044 0.000000 2.282150 99.431290 -9.343916 5.209206 -0.000103 
1944 109.927529 0.000000 9.215355 99.798066 -5.429960 3.883314 -0.000422 
1945 102.517044 0.000000 16.148559 99.622025 -7.331801 4.443902 0.000195 
1946 91.401317 0.000000 5.748752 99.719959 -5.659516 4.463360 0.000398 
1947 87.696074 0.000000 5.748752 99.703417 -5.766256 4.452838 0.000615 
1948 91.401317 0.000000 2.282150 99.145630 -7.591376 11.309650 -0.001539 
1949 95.106559 0.000000 5.748752 99.743912 -5.465875 4.405233 0.000187 
1950 91.401317 0.000000 9.215355 99.801331 -5.613204 3.213813 -0.000214 
1951 169.211407 0.000000 -25.450669 99.560347 -7.052754 6.078074 0.000105 
1952 169.211407 0.000000 -53.183488 99.544869 -7.064216 6.300465 0.000122 
1953 198.853347 0.000000 -25.450669 99.561950 -7.031284 6.112869 0.000061 
1954 154.390438 0.000000 16.148559 99.258918 -9.936341 7.626601 -0.000923 
1955 154.390438 0.000000 2.282150 99.680094 -7.124843 4.142953 -0.000405 
1956 169.211407 0.000000 16.148559 99.502273 -6.899049 7.174307 0.000023 
1957 154.390438 0.000000 30.014969 99.581808 -7.068526 5.766016 0.000025 
1958 228.495286 0.000000 30.014969 99.556386 -7.401491 5.835951 -0.000031 
1959 228.495286 0.000000 2.282150 99.671804 -6.287427 5.248363 -0.000155 
1960 258.137225 0.000000 30.014969 99.543597 -7.512951 5.918044 -0.000040 
1961 228.495286 0.000000 57.747788 99.565166 -6.938029 6.214036 0.000003 
1962 184.032377 0.000000 16.148559 99.590350 -6.723040 6.017516 0.000035 
1963 184.032377 0.000000 2.282150 99.695500 -6.553272 4.566929 -0.000299 
1964 198.853347 0.000000 16.148559 99.614282 -6.916606 5.447747 -0.000052 
1965 184.032377 0.000000 30.014969 99.574050 -7.201501 5.764361 -0.000008 
1966 228.495286 0.000000 -25.450669 99.562261 -7.015571 6.144519 0.000038 
1967 228.495286 0.000000 -53.183488 99.548583 -7.050660 6.312829 0.000052 
1968 258.137225 0.000000 -25.450669 99.561948 -7.004272 6.172897 0.000025 
1969 184.032377 0.000000 -11.584259 99.590105 -6.927727 5.781131 0.000040 
1970 169.211407 0.000000 -11.584259 99.590377 -6.953209 5.729413 0.000058 
1971 184.032377 0.000000 -25.450669 99.561378 -7.041324 6.095540 0.000080 
1972 198.853347 0.000000 -11.584259 99.589166 -6.908221 5.830950 0.000027 
1973 176.621892 0.000000 9.215355 99.777577 -6.249908 3.624292 -0.000776 
1974 169.211407 0.000000 9.215355 99.774628 -6.089820 3.834306 -0.000676 
1975 176.621892 0.000000 2.282150 99.695357 -6.658670 4.447188 -0.000328 
1976 184.032377 0.000000 9.215355 99.778138 -6.439441 3.417843 -0.000882 
1977 176.621892 0.000000 16.148559 99.561633 -6.702455 6.477318 0.000060 
1978 213.674316 0.000000 16.148559 99.621493 -7.165567 5.073833 -0.000153 
1979 213.674316 0.000000 2.282150 99.682447 -6.321565 5.040426 -0.000196 
1980 228.495286 0.000000 16.148559 99.621708 -7.443019 4.775327 -0.000269 
1981 213.674316 0.000000 30.014969 99.562714 -7.338179 5.802984 -0.000026 
1982 213.674316 0.000000 -11.584259 99.587812 -6.894039 5.877446 0.000020 
1983 213.674316 0.000000 -25.450669 99.562213 -7.022805 6.129099 0.000048 
1984 228.495286 0.000000 -11.584259 99.586194 -6.884227 5.920674 0.000014 
1985 243.316256 0.000000 16.148559 99.618863 -7.736937 4.504907 -0.000407 
1986 243.316256 0.000000 2.282150 99.660409 -6.287299 5.429530 -0.000121 
1987 258.137225 0.000000 16.148559 99.617695 -8.002242 4.238447 -0.000569 
1988 243.316256 0.000000 30.014969 99.549969 -7.459508 5.875178 -0.000036 
1989 221.084801 0.000000 9.215355 99.872139 -4.973405 3.574691 -0.001196 
1990 213.674316 0.000000 9.215355 99.973578 -4.956574 2.023704 -0.002338 
1991 221.084801 0.000000 2.282150 99.677290 -6.299406 5.147588 -0.000174 
1992 228.495286 0.000000 9.215355 99.851203 -4.964210 3.910794 -0.001020 
1993 221.084801 0.000000 16.148559 99.622199 -7.301173 4.918899 -0.000209 
1994 124.748498 0.000000 -11.584259 99.581975 -7.081354 5.578272 0.000217 
1995 124.748498 0.000000 -25.450669 99.551069 -7.060474 6.024913 0.000343 
1996 139.569468 0.000000 -11.584259 99.587507 -7.025533 5.620842 0.000138 
1997 132.158983 0.000000 9.215355 99.773818 -5.627400 4.218133 -0.000428 
1998 124.748498 0.000000 9.215355 99.782047 -5.537412 4.162937 -0.000445 
1999 132.158983 0.000000 2.282150 99.631245 -7.803879 4.051305 -0.000370 
2000 139.569468 0.000000 9.215355 99.764894 -5.782261 4.256598 -0.000459 
2001 132.158983 0.000000 16.148559 99.554530 -8.623518 4.383712 -0.000469 
2002 117.338014 0.000000 9.215355 99.791075 -5.457429 4.053970 -0.000448 
2003 117.338014 0.000000 2.282150 99.564366 -8.552616 4.199111 -0.000384 
2004 117.338014 0.000000 16.148559 99.605773 -7.869891 4.324916 -0.000195 
2005 117.338014 0.000000 -4.651055 99.603324 -7.200370 5.059420 0.000173 
2006 109.927529 0.000000 -4.651055 99.594336 -7.267151 5.045717 0.000270 
2007 117.338014 0.000000 -11.584259 99.578040 -7.109973 5.554119 0.000281 
2008 124.748498 0.000000 -4.651055 99.609948 -7.135216 5.084799 0.000109 
2009 121.043256 0.000000 5.748752 100.154974 -3.578588 0.484884 -0.004406 
2010 117.338014 0.000000 5.748752 99.980239 -4.694184 1.946900 -0.002187 
2011 121.043256 0.000000 2.282150 99.586809 -8.321695 4.133529 -0.000387 
2012 124.748498 0.000000 5.748752 100.208574 -1.328445 2.122964 -0.004803 
2013 121.043256 0.000000 9.215355 99.786657 -5.491201 4.115858 -0.000447 
2014 154.390438 0.000000 -11.584259 99.589680 -6.985551 5.675685 0.000088 
2015 154.390438 0.000000 -25.450669 99.558640 -7.065847 6.059743 0.000143 
2016 132.158983 0.000000 -4.651055 99.615591 -7.037808 5.109858 0.000109 
2017 132.158983 0.000000 -11.584259 99.585007 -7.017182 5.596476 0.000226 
2018 139.569468 0.000000 -4.651055 99.619756 -7.011890 5.145854 0.000026 
2019 128.453741 0.000000 5.748752 100.033419 -2.618790 3.434579 -0.002534 
2020 128.453741 0.000000 2.282150 99.618892 -7.945539 4.066498 -0.000359 
2021 132.158983 0.000000 5.748752 99.978800 -3.580896 3.258638 -0.001920 
2022 128.453741 0.000000 9.215355 99.778950 -5.561162 4.190483 -0.000433 
2023 113.632771 0.000000 5.748752 99.906705 -4.799340 2.923483 -0.001293 
2024 109.927529 0.000000 5.748752 99.859957 -4.866842 3.528987 -0.000815 
2025 113.632771 0.000000 2.282150 99.530870 -8.833804 4.367841 -0.000351 
2026 113.632771 0.000000 9.215355 99.794266 -5.436909 3.978615 -0.000428 
2027 121.043256 0.000000 -1.184452 99.613490 -7.412246 4.704026 0.000008 
2028 117.338014 0.000000 -1.184452 99.606682 -7.473871 4.711378 0.000045 
2029 121.043256 0.000000 -4.651055 99.606860 -7.167396 5.071197 0.000138 
2030 124.748498 0.000000 -1.184452 99.619583 -7.351297 4.702622 -0.000022 
2031 119.190635 0.000000 4.015451 100.000218 -3.662992 2.771541 -0.002114 
2032 117.338014 0.000000 4.015451 99.962061 -3.959649 3.023118 -0.001723 
2033 119.190635 0.000000 2.282150 99.576575 -8.429645 4.159792 -0.000386 
2034 121.043256 0.000000 4.015451 100.031368 -4.306959 1.609364 -0.002741 
2035 119.190635 0.000000 5.748752 100.046945 -4.417399 1.231378 -0.003042 
2036 146.979953 0.000000 9.215355 99.759380 -5.868607 4.268889 -0.000460 
2037 146.979953 0.000000 2.282150 99.668399 -7.333622 4.079842 -0.000422 
2038 154.390438 0.000000 9.215355 99.761924 -5.911414 4.199750 -0.000502 
2039 146.979953 0.000000 16.148559 99.382918 -10.218203 5.390315 -0.001043 
2040 72.875105 0.000000 9.215355 99.632288 -8.006600 1.965911 0.000544 
2041 72.875105 0.000000 16.148559 99.549405 -6.758531 4.891563 0.002031 
2042 61.759377 0.000000 5.748752 99.374064 -6.872456 3.999237 0.006157 
2043 61.759377 0.000000 2.282150 99.383484 -5.344030 5.521072 0.006388 
2044 65.464620 0.000000 5.748752 99.470496 -6.687984 4.174712 0.004346 
2045 61.759377 0.000000 9.215355 99.583219 -7.132293 -0.796935 0.003168 
2046 69.169862 0.000000 5.748752 99.541111 -6.563698 4.230508 0.003059 
2047 69.169862 0.000000 2.282150 99.563309 -5.356471 5.212466 0.003129 
2048 72.875105 0.000000 5.748752 99.592694 -6.360888 4.288864 0.002244 
2049 69.169862 0.000000 9.215355 99.665130 -8.458629 0.401348 -0.000485 
2050 65.464620 0.000000 43.881378 99.508744 -6.696753 6.187926 0.001487 
2051 80.285589 0.000000 43.881378 99.531047 -6.843333 6.174187 0.000862 
2052 65.464620 0.000000 57.747788 99.537083 -6.862276 6.287550 0.000574 
2053 58.054135 0.000000 23.081764 99.414189 -6.849636 5.646449 0.003802 
2054 65.464620 0.000000 23.081764 99.488813 -6.824151 5.634271 0.002366 
2055 58.054135 0.000000 30.014969 99.496601 -6.912979 5.909935 0.001771 
2056 61.759377 0.000000 12.681957 99.479961 -6.193685 4.142437 0.004822 
2057 58.054135 0.000000 12.681957 99.393040 -6.080328 4.200196 0.006641 
2058 65.464620 0.000000 12.681957 99.554749 -6.244643 4.036543 0.003356 
2059 61.759377 0.000000 16.148559 99.449430 -6.599106 4.998054 0.004128 
2060 63.611999 0.000000 7.482054 99.506839 -7.091102 2.505866 0.004183 
2061 61.759377 0.000000 7.482054 99.439449 -7.269941 2.312201 0.005360 
2062 63.611999 0.000000 5.748752 99.431715 -6.812265 4.057742 0.005046 
2063 65.464620 0.000000 7.482054 99.557379 -6.921849 2.701152 0.003312 
2064 63.611999 0.000000 9.215355 99.638260 -7.518120 -0.359474 0.001557 
2065 59.906756 0.000000 7.482054 99.358588 -7.511522 2.193355 0.006664 
2066 58.054135 0.000000 7.482054 99.271501 -7.779914 2.071323 0.008035 
2067 59.906756 0.000000 5.748752 99.303446 -6.963476 3.993491 0.007439 
2068 59.906756 0.000000 9.215355 99.556613 -6.717756 -1.171889 0.004198 
2069 72.875105 0.000000 23.081764 99.521309 -6.835984 5.620302 0.001719 
2070 80.285589 0.000000 23.081764 99.497359 -6.728983 5.679465 0.002274 
2071 72.875105 0.000000 30.014969 99.449681 -6.655798 5.993393 0.002954 
2072 69.169862 0.000000 12.681957 99.598976 -6.385861 3.875820 0.002424 
2073 72.875105 0.000000 12.681957 99.636546 -6.467550 3.693735 0.001709 
2074 69.169862 0.000000 16.148559 99.522455 -6.724097 4.941711 0.002565 
2075 63.611999 0.000000 10.948656 99.591841 -5.536582 2.816390 0.004288 
2076 61.759377 0.000000 10.948656 99.574856 -5.421561 2.808477 0.004757 
2077 65.464620 0.000000 10.948656 99.667288 -5.741943 2.569955 0.002686 
2078 63.611999 0.000000 12.681957 99.518998 -6.179837 4.116838 0.004083 
2079 62.685688 0.000000 8.348704 99.288820 -10.868826 0.858602 0.002286 
2080 61.759377 0.000000 8.348704 99.294745 -10.389822 -0.897696 0.003180 
2081 62.685688 0.000000 7.482054 99.478721 -7.188767 2.401218 0.004654 
2082 63.611999 0.000000 8.348704 99.310834 -9.433996 2.651156 0.004133 
2083 62.685688 0.000000 9.215355 99.613190 -7.367099 -0.584144 0.002260 
2084 54.348893 0.000000 12.681957 99.289453 -5.957116 4.251622 0.008804 
2085 54.348893 0.000000 16.148559 99.348228 -6.519485 4.895801 0.006346 
2086 52.496271 0.000000 7.482054 98.971159 -8.798365 1.340462 0.012550 
2087 50.643650 0.000000 7.482054 98.744249 -9.542016 1.266953 0.015692 
2088 52.496271 0.000000 5.748752 98.888245 -7.223481 3.689028 0.015533 
2089 54.348893 0.000000 7.482054 99.096037 -8.406543 1.661859 0.010654 
2090 52.496271 0.000000 9.215355 99.548495 -3.428311 -2.280202 0.007314 
2091 -156.849925 0.000000 -164.114764 99.545321 -6.981455 6.437717 0.000054 
2092 -216.133803 0.000000 -164.114764 99.546504 -6.979468 6.438132 0.000033 
2093 -156.849925 0.000000 -219.580401 99.545888 -6.981675 6.437381 0.000043 
2094 198.853347 0.000000 -164.114764 99.544064 -7.011914 6.418726 0.000061 
2095 198.853347 0.000000 -219.580401 99.544904 -7.001932 6.427086 0.000048 
2096 258.137225 0.000000 -164.114764 99.545198 -7.012471 6.418098 0.000039 
2097 -38.282168 0.000000 168.679064 99.557745 -6.961391 6.435563 -0.000162 
2098 -97.566046 0.000000 168.679064 99.553719 -6.966794 6.438514 -0.000093 
2099 -38.282168 0.000000 224.144701 99.554398 -6.963117 6.435484 -0.000098 
2100 -156.849925 0.000000 168.679064 99.551270 -6.969947 6.438987 -0.000050 
2101 -216.133803 0.000000 168.679064 99.550045 -6.971767 6.438820 -0.000028 
2102 -156.849925 0.000000 224.144701 99.551140 -6.969474 6.438159 -0.000045 
2103 -67.924107 0.000000 -80.916307 99.535366 -6.988959 6.434539 0.000246 
2104 -97.566046 0.000000 -80.916307 99.539866 -6.984492 6.437642 0.000159 
2105 -67.924107 0.000000 -108.649126 99.538642 -6.989492 6.434449 0.000180 
2106 198.853347 0.000000 168.679064 99.554828 -6.935851 6.413114 -0.000040 
2107 258.137225 0.000000 168.679064 99.554085 -6.934339 6.411111 -0.000020 
2108 198.853347 0.000000 224.144701 99.553311 -6.946686 6.424306 -0.000039 
2109 109.927529 0.000000 -80.916307 99.534472 -7.047990 6.369827 0.000264 
2110 109.927529 0.000000 -108.649126 99.537392 -7.028511 6.400089 0.000195 
2111 139.569468 0.000000 -80.916307 99.539079 -7.047152 6.368227 0.000176 
2112 -8.640228 0.000000 85.480607 99.577943 -6.929024 6.430814 -0.000513 
2113 -38.282168 0.000000 85.480607 99.567603 -6.960319 6.444739 -0.000369 
2114 -8.640228 0.000000 113.213426 99.571409 -6.954357 6.430920 -0.000419 
2115 -67.924107 0.000000 85.480607 99.557473 -6.966018 6.445267 -0.000176 
2116 -97.566046 0.000000 85.480607 99.552951 -6.969258 6.443454 -0.000088 
2117 -67.924107 0.000000 113.213426 99.557866 -6.964319 6.441123 -0.000176 
2118 -23.461198 0.000000 -39.317078 99.529689 -7.001669 6.326508 0.000479 
2119 -38.282168 0.000000 -39.317078 99.514246 -6.982806 6.386920 0.000736 
2120 -23.461198 0.000000 -53.183488 99.535790 -7.000631 6.374806 0.000298 
2121 109.927529 0.000000 85.480607 99.565530 -6.904444 6.349341 -0.000128 
2122 139.569468 0.000000 85.480607 99.562202 -6.903022 6.346037 -0.000056 
2123 109.927529 0.000000 113.213426 99.562808 -6.921698 6.388504 -0.000148 
2124 65.464620 0.000000 -39.317078 99.628101 -7.313987 6.351160 -0.001959 
2125 65.464620 0.000000 -53.183488 99.568903 -7.128325 6.360214 -0.000523 
2126 80.285589 0.000000 -39.317078 99.549398 -7.156562 6.261872 -0.000051 
2127 6.180741 0.000000 43.881378 99.608872 -6.608251 6.402208 -0.000658 
2128 -8.640228 0.000000 43.881378 99.590709 -6.851806 6.470644 -0.000713 
2129 6.180741 0.000000 57.747788 99.564904 -6.904572 6.402014 -0.000183 
2130 -23.461198 0.000000 43.881378 99.525514 -6.926686 6.447658 0.000512 
2131 -38.282168 0.000000 43.881378 99.536157 -6.946388 6.454456 0.000264 
2132 -23.461198 0.000000 57.747788 99.556982 -6.941681 6.447284 -0.000135 
2133 -16.050713 0.000000 -18.517464 99.244575 -6.897876 6.297893 0.006327 
2134 -23.461198 0.000000 -18.517464 99.353187 -6.936273 6.386207 0.004005 
2135 -16.050713 0.000000 -25.450669 99.363306 -7.037605 6.292245 0.003781 
2136 13.591226 0.000000 23.081764 100.274390 -6.802690 6.377394 -0.014190 
2137 6.180741 0.000000 23.081764 100.031447 -6.953008 6.662040 -0.009902 
2138 13.591226 0.000000 30.014969 100.071636 -6.533737 6.355656 -0.009742 
2139 -1.229744 0.000000 23.081764 99.810195 -7.071770 6.811925 -0.005849 
2140 -8.640228 0.000000 23.081764 99.628212 -6.623706 6.775844 -0.001557 
2141 -1.229744 0.000000 30.014969 99.834159 -6.628023 6.649304 -0.005500 
2142 -16.050713 0.000000 9.215355 99.359979 -6.944530 7.054449 0.002960 
2143 -23.461198 0.000000 9.215355 99.365858 -6.668665 6.585051 0.003859 
2144 -16.050713 0.000000 16.148559 99.407957 -6.604364 6.735223 0.002908 
2145 -16.050713 0.000000 23.081764 99.535341 -6.618090 6.667001 0.000447 
2146 -23.461198 0.000000 23.081764 99.509858 -6.714901 6.578165 0.000943 
2147 -16.050713 0.000000 30.014969 99.519017 -6.566119 6.531206 0.001019 
2148 -4.934986 0.000000 5.748752 97.991332 -6.995598 7.251469 0.029618 
2149 -8.640228 0.000000 5.748752 98.631197 -6.913829 6.929870 0.017606 
2150 -4.934986 0.000000 9.215355 98.748567 -6.860194 7.264903 0.014888 
2151 -3.082365 0.000000 0.548849 95.060526 -6.949749 7.787977 0.085454 
2152 -4.934986 0.000000 0.548849 96.763046 -7.162901 6.783969 0.053958 
2153 -3.082365 0.000000 2.282150 96.252343 -6.926664 8.120540 0.062156 
2154 4.328120 0.000000 -6.384356 98.582745 -7.865710 1.239862 0.021804 
2155 4.328120 0.000000 -8.117657 98.678317 -7.535346 3.134490 0.019598 
2156 1.549188 0.000000 -3.784404 103.924442 -10.810304 0.150314 -0.091717 
2157 1.549188 0.000000 -4.651055 97.694412 -7.928940 0.055984 0.039293 
2158 2.475499 0.000000 -3.784404 98.501865 -10.960100 7.367205 0.012298 
2159 -3.082365 0.000000 -6.384356 97.404911 -7.200981 4.433991 0.044077 
2160 -4.934986 0.000000 -6.384356 97.641017 -7.064393 5.375214 0.038743 
2161 -3.082365 0.000000 -8.117657 97.918790 -7.084064 4.803496 0.033865 
2162 17.296468 0.000000 12.681957 101.882291 -7.034975 5.847735 -0.046369 
2163 13.591226 0.000000 12.681957 101.270432 -6.853720 7.014035 -0.035187 
2164 17.296468 0.000000 16.148559 101.209208 -7.053065 6.122416 -0.033053 
2165 9.885984 0.000000 12.681957 100.722185 -6.638527 7.809797 -0.025002 
2166 6.180741 0.000000 12.681957 99.909257 -6.819179 7.878860 -0.009044 
2167 9.885984 0.000000 16.148559 100.444312 -7.016766 7.162060 -0.018959 
2168 0.622878 0.000000 4.015451 96.359535 -7.223604 10.424615 0.055399 
2169 -1.229744 0.000000 4.015451 96.611999 -6.860575 9.235391 0.053376 
2170 0.622878 0.000000 5.748752 97.351127 -7.100686 9.396884 0.038404 
2171 -0.303433 0.000000 -0.317802 86.557046 -8.067410 16.121710 0.218289 
2172 -1.229744 0.000000 -0.317802 89.603369 -7.387656 10.872331 0.179845 
2173 -0.303433 0.000000 0.548849 91.177073 -7.706902 13.264059 0.145141 
2174 1.549188 0.000000 1.415499 92.882110 -7.950092 15.288059 0.107599 
2175 0.622878 0.000000 1.415499 93.094698 -7.691237 13.564428 0.109023 
2176 1.549188 0.000000 2.282150 94.257748 -7.638171 13.371849 0.087833 
2177 -0.303433 0.000000 1.415499 93.425160 -7.410755 11.694248 0.108006 
2178 -1.229744 0.000000 1.415499 94.022056 -7.129790 10.227009 0.100443 
2179 -0.303433 0.000000 2.282150 94.802365 -7.186618 10.769333 0.084489 
2180 3.401809 0.000000 -2.051103 97.945549 -10.932090 3.855439 0.027229 
2181 3.401809 0.000000 -2.917754 97.397175 -10.987482 3.774351 0.037882 
2182 4.328120 0.000000 -2.051103 95.914554 -10.952688 0.509947 0.068018 
2183 5.254431 0.000000 1.415499 83.323676 -11.959686 37.720719 0.149128 
2184 5.254431 0.000000 2.282150 90.657981 -9.453582 22.681980 0.117729 
2185 7.107052 0.000000 -0.317802 -10.890752 -0.043972 -0.698668 0.988090 
2186 7.107052 0.000000 -1.184452 -10.926475 -0.148766 -0.352977 0.988047 
2187 8.033362 0.000000 -0.317802 -11.176954 0.134756 -0.474356 0.987483 
2188 8.959673 0.000000 1.415499 92.848841 -12.340780 50.919575 -0.136601 
2189 8.959673 0.000000 0.548849 -10.924900 0.049675 -0.390853 0.988049 
2190 9.885984 0.000000 1.415499 -11.020964 0.062494 0.482088 0.987830 
2191 7.107052 0.000000 -2.051103 -10.888467 -0.259949 -0.215049 0.988133 
2192 6.180741 0.000000 -2.051103 -10.303037 -0.379572 -0.069605 0.989370 
2193 8.033362 0.000000 -2.051103 -11.209274 -0.264025 -0.320969 0.987418 
2194 7.107052 0.000000 3.148801 95.633944 -9.525170 26.096417 0.008240 
2195 6.180741 0.000000 3.148801 94.240936 -9.281334 22.314820 0.053455 
2196 7.107052 0.000000 4.015451 98.389044 -8.858588 19.983362 -0.015821 
2197 10.812294 0.000000 -3.784404 97.762703 -13.546697 8.375433 0.018879 
2198 10.812294 0.000000 -4.651055 97.726259 -10.164806 5.190852 0.031931 
2199 10.812294 0.000000 -2.917754 97.793522 -13.342512 8.012403 0.019421 
2200 10.812294 0.000000 -2.051103 96.944691 -13.604835 4.371360 0.039753 
2201 9.885984 0.000000 -2.051103 -12.315564 -0.202010 0.097726 0.984828 
2202 10.812294 0.000000 -1.184452 -11.995604 -0.204806 0.563564 0.985575 
2203 10.812294 0.000000 3.148801 113.603648 -12.755044 3.761444 -0.308263 
2204 10.812294 0.000000 2.282150 113.596464 -12.595791 4.059396 -0.307929 
2205 10.812294 0.000000 4.015451 110.417679 -10.431059 8.921276 -0.238046 
2206 10.812294 0.000000 1.415499 -10.895014 -0.098421 0.527829 0.988101 
2207 10.812294 0.000000 0.548849 -11.063362 -0.219853 0.599505 0.987719 
2208 11.738605 0.000000 1.415499 -10.508786 -0.335865 0.650420 0.988903 
2209 14.517537 0.000000 3.148801 106.067683 -12.966365 2.828273 -0.142648 
2210 14.517537 0.000000 2.282150 106.086684 -12.832434 2.939105 -0.142769 
2211 14.517537 0.000000 4.015451 106.048249 -13.119135 2.701371 -0.142564 
2212 22.854332 0.000000 7.482054 102.122327 -7.747294 3.504025 -0.050127 
2213 21.001711 0.000000 7.482054 101.879265 -8.039060 4.189257 -0.046156 
2214 22.854332 0.000000 9.215355 101.956507 -7.330241 3.841339 -0.046362 
2215 18.222779 0.000000 3.148801 105.860433 -12.671785 0.273521 -0.136708 
2216 18.222779 0.000000 2.282150 105.868405 -12.529328 0.418512 -0.136528 
2217 18.222779 0.000000 4.015451 105.852202 -12.824112 0.119240 -0.136916 
2218 169.211407 0.000000 -80.916307 99.542147 -7.045701 6.368361 0.000116 
2219 169.211407 0.000000 -108.649126 99.542069 -7.029857 6.396904 0.000104 
2220 198.853347 0.000000 -80.916307 99.544139 -7.042967 6.369523 0.000079 
2221 228.495286 0.000000 -80.916307 99.545408 -7.040530 6.370984 0.000055 
2222 228.495286 0.000000 -108.649126 99.544594 -7.028796 6.396849 0.000055 
2223 258.137225 0.000000 -80.916307 99.546256 -7.038024 6.372599 0.000040 
2224 95.106559 0.000000 -39.317078 99.533197 -7.130843 6.219051 0.000362 
2225 95.106559 0.000000 -53.183488 99.535670 -7.106035 6.310485 0.000233 
2226 109.927529 0.000000 -39.317078 99.537535 -7.114060 6.212604 0.000307 
2227 124.748498 0.000000 -39.317078 99.540641 -7.055474 6.207766 0.000334 
2228 124.748498 0.000000 -53.183488 99.537185 -7.075614 6.292682 0.000269 
2229 139.569468 0.000000 -39.317078 99.544679 -7.083489 6.211698 0.000210 
2230 58.054135 0.000000 -18.517464 99.454565 -7.272890 5.985248 0.002007 
2231 58.054135 0.000000 -25.450669 99.479289 -7.159969 6.153217 0.001474 
2232 65.464620 0.000000 -18.517464 99.469344 -7.213276 5.923377 0.001873 
2233 72.875105 0.000000 -18.517464 99.497363 -7.247696 5.874679 0.001323 
2234 72.875105 0.000000 -25.450669 99.587094 -7.327779 6.169453 -0.000935 
2235 80.285589 0.000000 -18.517464 99.562369 -7.283463 5.939202 -0.000099 
2236 27.485885 0.000000 -0.317802 -20.019499 0.055926 -3.674706 0.958571 
2237 26.559575 0.000000 -0.317802 -16.287583 0.590242 -4.182651 0.971687 
2238 28.412196 0.000000 -0.317802 -22.876536 0.147965 -2.613205 0.946981 
2239 25.633264 0.000000 1.415499 -13.493439 0.226201 -1.321492 0.981613 
2240 24.706953 0.000000 1.415499 -12.286501 0.170558 -1.686910 0.984617 
2241 25.633264 0.000000 0.548849 -13.974242 0.263598 -2.698920 0.979737 
2242 30.264817 0.000000 -6.384356 99.082565 -8.438587 9.687069 0.001760 
2243 30.264817 0.000000 -8.117657 99.305242 -7.544763 8.067801 0.001646 
2244 32.117438 0.000000 -6.384356 98.886553 -8.578847 9.442603 0.005869 
2245 25.170109 0.000000 -3.351079 106.770030 -10.948245 38.842567 -0.302845 
2246 24.706953 0.000000 -3.351079 114.788809 -10.455330 18.815436 -0.363981 
2247 25.170109 0.000000 -3.784404 115.647966 -10.531815 22.390788 -0.398672 
2248 29.338506 0.000000 -2.051103 98.664731 -13.436238 12.674498 -0.007590 
2249 29.338506 0.000000 -2.917754 98.551731 -13.817784 13.299355 -0.008025 
2250 29.338506 0.000000 -1.184452 99.028126 -12.493259 10.862882 -0.008065 
2251 169.211407 0.000000 85.480607 99.560849 -6.904245 6.342356 -0.000026 
2252 198.853347 0.000000 85.480607 99.560249 -6.907376 6.338380 -0.000013 
2253 169.211407 0.000000 113.213426 99.558271 -6.918026 6.383726 -0.000046 
2254 95.106559 0.000000 43.881378 99.558722 -6.857794 6.140626 0.000332 
2255 109.927529 0.000000 43.881378 99.565191 -6.869860 6.131113 0.000199 
2256 95.106559 0.000000 57.747788 99.568082 -6.866146 6.247057 0.000003 
2257 25.633264 0.000000 4.882102 103.041214 -9.145353 0.250893 -0.070119 
2258 24.706953 0.000000 4.882102 103.652252 -8.838675 0.612999 -0.082229 
2259 25.633264 0.000000 5.748752 102.425543 -8.431560 1.096176 -0.056328 
2260 29.338506 0.000000 -0.317802 -24.987769 0.084438 -0.945881 0.937471 
2261 30.264817 0.000000 -0.317802 102.799799 -10.766463 18.899611 -0.104091 
2262 31.191128 0.000000 -0.317802 102.662745 -9.823944 17.581386 -0.094525 
2263 29.801662 0.000000 1.848825 98.944152 -9.294572 -1.469870 0.012151 
2264 29.801662 0.000000 1.415499 -25.052055 -0.169516 1.030246 0.937130 
2265 30.264817 0.000000 1.848825 100.123139 -8.275396 -1.585883 -0.009564 
2266 29.106929 0.000000 2.498813 101.730184 -4.025946 -1.842503 -0.036863 
2267 29.106929 0.000000 2.282150 105.261986 -4.205951 -2.518604 -0.110412 
2268 29.338506 0.000000 2.498813 100.793552 -3.500814 -11.002450 -0.029265 
2269 27.022730 0.000000 1.848825 105.344862 -11.498256 -5.144382 -0.125621 
2270 26.559575 0.000000 1.848825 105.345949 -11.495178 -5.145377 -0.125638 
2271 27.022730 0.000000 1.415499 -16.113157 -0.349855 -0.079345 0.974024 
2272 30.264817 0.000000 10.948656 100.330020 -7.682235 3.620696 -0.013824 
2273 28.412196 0.000000 10.948656 100.623150 -7.720018 3.573679 -0.019739 
2274 30.264817 0.000000 12.681957 100.587058 -7.614950 3.763604 -0.018991 
2275 28.875351 0.000000 4.448776 101.679304 -10.244505 1.267993 -0.044524 
2276 28.412196 0.000000 4.448776 101.540852 -9.810760 1.096288 -0.040800 
2277 28.875351 0.000000 4.882102 101.495362 -9.529350 0.886208 -0.039290 
2278 28.527985 0.000000 3.040469 94.816560 -1.189610 13.853228 0.081649 
2279 28.643773 0.000000 3.040469 106.873004 -1.433191 28.072871 -0.221198 
2280 28.527985 0.000000 3.148801 101.485616 -1.526629 7.886631 -0.036386 
2281 27.254307 0.000000 2.498813 102.073075 -10.220164 -4.770756 -0.054612 
2282 27.022730 0.000000 2.498813 104.498069 -11.398918 -4.882947 -0.107362 
2283 27.254307 0.000000 2.282150 104.253375 -11.206870 -4.840714 -0.101779 
2284 26.559575 0.000000 10.948656 100.882032 -7.275357 3.905532 -0.024537 
2285 24.706953 0.000000 10.948656 101.871438 -7.436035 4.135542 -0.045019 
2286 26.559575 0.000000 12.681957 101.170167 -7.085336 4.372767 -0.030473 
2287 27.949040 0.000000 4.448776 101.527365 -9.694522 0.656238 -0.040222 
2288 27.485885 0.000000 4.448776 101.669338 -9.659350 0.333073 -0.043007 
2289 27.949040 0.000000 4.882102 101.515253 -9.215243 0.640362 -0.039068 
2290 27.601674 0.000000 3.040469 98.882330 -8.219420 -0.432582 0.015454 
2291 27.485885 0.000000 3.040469 99.141133 -8.887459 -2.829819 0.008404 
2292 27.601674 0.000000 3.148801 98.675054 -8.057542 -0.147137 0.019829 
2293 27.254307 0.000000 3.365463 99.570529 -9.090123 -4.148174 -0.001413 
2294 27.022730 0.000000 3.365463 105.257257 -11.731564 -5.067667 -0.124240 
2295 27.254307 0.000000 3.582126 101.327505 -9.897647 -4.827069 -0.038853 
2296 33.506904 0.000000 2.715475 95.780600 -4.124897 -0.909581 0.080823 
2297 33.506904 0.000000 2.282150 98.950166 -5.642194 -0.518949 0.017676 
2298 33.506904 0.000000 3.148801 96.113788 -1.518324 -6.026975 0.072351 
2299 33.506904 0.000000 3.582126 97.158400 -0.372877 -8.470109 0.048836 
2300 33.506904 0.000000 4.015451 102.932548 -0.308335 -10.252402 -0.070032 
2301 31.654283 0.000000 3.582126 102.963175 -0.721737 -17.077485 -0.089358 
2302 31.654283 0.000000 4.015451 106.396769 -0.710252 -25.441949 -0.196807 
2303 33.506904 0.000000 1.848825 105.345278 -5.306131 -1.397598 -0.112774 
2304 33.043749 0.000000 1.848825 105.509056 -5.180711 -1.272365 -0.116062 
2305 33.506904 0.000000 1.415499 105.660387 -5.499712 4.364057 -0.121341 
2306 32.580593 0.000000 1.848825 104.049628 -6.021263 -1.226921 -0.086409 
2307 32.117438 0.000000 1.848825 103.019866 -6.719834 -1.255291 -0.065982 
2308 32.580593 0.000000 1.415499 104.613884 -5.386896 -1.132930 -0.097437 
2309 31.654283 0.000000 1.848825 102.403417 -7.026062 -1.538794 -0.053819 
2310 31.191128 0.000000 1.848825 101.362284 -6.946042 -1.073177 -0.032371 
2311 31.654283 0.000000 1.415499 102.118276 -7.244595 -1.791028 -0.048383 
2312 30.727972 0.000000 1.848825 100.643243 -7.376020 -1.097468 -0.018467 
2313 30.727972 0.000000 1.415499 101.201894 -7.362469 -1.660351 -0.029879 
2314 34.896370 0.000000 6.615403 115.404261 0.000000 -10.870860 -0.343632 
2315 33.970059 0.000000 6.615403 99.272163 -11.940992 1.479636 0.000026 
2316 54.348893 0.000000 -8.117657 99.125977 -7.503225 5.529971 0.008716 
2317 54.348893 0.000000 -11.584259 99.271870 -7.426921 5.792080 0.005639 
2318 58.054135 0.000000 -8.117657 99.250342 -7.472565 5.448127 0.006385 
2319 61.759377 0.000000 -1.184452 99.227300 -7.683383 5.603861 0.006351 
2320 61.759377 0.000000 -4.651055 99.285840 -7.573826 5.247893 0.005742 
2321 65.464620 0.000000 -1.184452 99.326046 -7.716341 5.651521 0.004285 
2322 48.791029 0.000000 7.482054 98.469818 -10.404843 1.229536 0.019392 
2323 48.791029 0.000000 9.215355 99.442597 -1.308512 -1.296923 0.010778 
2324 40.917389 0.000000 1.848825 104.996833 -9.362787 3.586510 -0.112486 
2325 40.917389 0.000000 1.415499 103.572300 -7.558725 9.313382 -0.087109 
2326 40.917389 0.000000 2.282150 106.021101 -10.589189 -0.641276 -0.135302 
2327 40.917389 0.000000 2.715475 106.035401 -9.495559 -1.413563 -0.133567 
2328 41.380544 0.000000 2.715475 105.610699 -9.515178 -0.731797 -0.124469 
2329 40.917389 0.000000 3.148801 105.580969 -9.195796 -0.751196 -0.123247 
2330 40.917389 0.000000 3.582126 106.956943 -11.382910 -10.714834 -0.168417 
2331 41.380544 0.000000 3.582126 107.803960 -10.534681 -12.488776 -0.188864 
2332 36.285836 0.000000 2.715475 95.438508 -8.877263 0.617935 0.081230 
2333 36.285836 0.000000 2.282150 97.496316 -10.938587 3.697121 0.036115 
2334 36.748991 0.000000 2.715475 99.635081 -6.283928 8.888633 -0.004564 
2335 37.212146 0.000000 2.715475 136.206639 -7.087268 23.776558 -0.916780 
2336 37.212146 0.000000 2.282150 177.491737 -11.022403 56.217029 -2.478516 
2337 37.212146 0.000000 3.148801 116.827206 -3.716838 7.299927 -0.371570 
2338 37.212146 0.000000 3.582126 105.841210 -4.159537 0.397003 -0.121982 
2339 38.948979 0.000000 2.390481 90.148421 -7.001158 4.143533 0.180708 
2340 38.833190 0.000000 2.390481 84.260270 -5.556553 -0.011282 0.286933 
2341 38.948979 0.000000 2.498813 90.452127 -5.731816 4.153327 0.176831 
2342 41.843699 0.000000 0.982174 103.440288 -7.562255 7.686979 -0.081617 
2343 41.380544 0.000000 0.982174 102.551018 -7.390242 11.589210 -0.070564 
2344 44.159476 0.000000 3.148801 95.299360 -7.285725 3.293467 0.085410 
2345 45.085787 0.000000 3.148801 96.302820 -7.094342 4.072477 0.065885 
2346 44.159476 0.000000 4.015451 96.161859 -6.872979 2.725728 0.069823 
2347 46.012097 0.000000 3.148801 97.012946 -7.023035 4.488437 0.051902 
2348 46.938408 0.000000 3.148801 97.512828 -6.979672 4.714631 0.042030 
2349 46.012097 0.000000 4.015451 97.296980 -7.002501 3.805738 0.046978 
2350 44.159476 0.000000 4.882102 96.818230 -6.791519 2.519253 0.057376 
2351 45.085787 0.000000 4.882102 97.218229 -6.947669 3.002300 0.049133 
2352 44.159476 0.000000 5.748752 97.332678 -7.044558 2.323360 0.047133 
2353 41.843699 0.000000 2.715475 105.135211 -8.883583 0.454348 -0.113254 
2354 42.306855 0.000000 2.715475 104.750779 -8.475052 1.587551 -0.104707 
2355 41.843699 0.000000 3.148801 105.010512 -8.709904 0.785579 -0.110369 
2356 42.770010 0.000000 2.715475 104.687438 -8.326312 0.782456 -0.102940 
2357 43.233165 0.000000 2.715475 92.792857 -8.197179 2.838091 0.131424 
2358 42.770010 0.000000 3.148801 109.581872 -12.218258 -13.541667 -0.234085 
2359 41.843699 0.000000 3.582126 108.798905 -11.267617 -13.716703 -0.215231 
2360 42.306855 0.000000 3.582126 109.591058 -12.259741 -13.482632 -0.234228 
2361 41.843699 0.000000 4.015451 109.922979 -13.542331 -11.973519 -0.240982 
2362 40.454234 0.000000 -2.051103 94.904610 -8.008290 10.532749 0.081804 
2363 40.454234 0.000000 -2.917754 95.820611 -8.017783 9.488794 0.066409 
2364 20.075400 0.000000 -2.051103 -8.501467 -0.442773 -0.510100 0.992727 
2365 19.149090 0.000000 -2.051103 -7.926786 -0.230629 0.326679 0.993701 
2366 20.075400 0.000000 -1.184452 -8.369384 -0.348324 -0.303439 0.992974 
2367 18.222779 0.000000 -2.051103 -7.148183 -0.074775 0.621797 0.994851 
2368 18.222779 0.000000 -1.184452 -7.343713 0.144962 0.874477 0.994528 
2369 14.749114 0.000000 -2.701091 92.796982 -11.606930 -25.477278 0.060491 
2370 14.980692 0.000000 -2.701091 93.238815 -11.299652 -29.824070 0.028937 
2371 14.749114 0.000000 -2.484428 92.187861 -12.038554 -19.010334 0.099508 
2372 35.127948 0.000000 2.065487 100.686750 -8.443684 -10.079910 -0.031072 
2373 35.127948 0.000000 1.848825 102.055730 -8.117239 -5.900915 -0.051608 
2374 35.359525 0.000000 2.065487 99.285225 -9.438422 -9.434991 -0.003566 
2375 35.012159 0.000000 2.390481 101.363539 -9.300040 5.363521 -0.038983 
2376 35.012159 0.000000 2.282150 102.912321 -7.935044 -4.995605 -0.067887 
2377 35.127948 0.000000 2.390481 95.214949 -9.843582 -28.272559 0.003788 
2378 36.285836 0.000000 4.448776 102.477852 -1.775106 -2.206675 -0.050973 
2379 35.822681 0.000000 4.448776 102.866693 -2.046842 -3.584644 -0.059860 
2380 36.285836 0.000000 4.882102 102.588378 -1.727563 -2.225251 -0.053231 
2381 37.212146 0.000000 5.315427 102.365975 -0.000000 -0.999350 -0.047979 
2382 36.748991 0.000000 5.315427 102.606473 -0.000000 -1.351265 -0.052991 
2383 37.212146 0.000000 5.748752 102.610364 -0.000000 -1.091579 -0.053008 
2384 36.285836 0.000000 5.315427 103.208836 -0.000000 -1.980957 -0.065599 
2385 35.822681 0.000000 5.315427 103.954596 -0.000000 -2.651074 -0.081359 
2386 36.285836 0.000000 5.748752 103.682904 -0.000000 -1.943643 -0.075392 
2387 39.296345 0.000000 4.665439 101.168239 -1.527004 -1.659070 -0.024010 
2388 39.064768 0.000000 4.665439 101.340069 -1.440974 -1.761333 -0.027499 
2389 39.296345 0.000000 4.882102 100.753400 -0.000000 -1.134440 -0.015253 
2390 38.833190 0.000000 4.665439 101.582039 -1.848145 -2.077512 -0.032664 
2391 38.601612 0.000000 4.665439 101.826792 -1.504087 -2.141425 -0.037554 
2392 38.833190 0.000000 4.882102 101.483696 -0.160992 -1.507422 -0.030124 
2393 38.370035 0.000000 4.665439 102.277497 -2.188890 -2.260727 -0.047059 
2394 38.138457 0.000000 4.665439 102.380805 -1.249254 -1.936636 -0.048714 
2395 39.296345 0.000000 3.365463 99.489967 -2.494424 1.196175 0.009409 
2396 39.064768 0.000000 3.365463 98.343259 -2.418148 -0.342929 0.032264 
2397 39.296345 0.000000 3.148801 97.670510 -3.097964 4.002858 0.043485 
2398 38.833190 0.000000 3.798789 101.193585 -2.050645 -3.606499 -0.025735 
2399 38.601612 0.000000 3.798789 101.978658 -2.279231 -4.934235 -0.042919 
2400 38.833190 0.000000 3.582126 101.192205 -2.388752 -3.536526 -0.025808 
2401 38.370035 0.000000 3.798789 102.862782 -3.123209 -5.133552 -0.061686 
2402 38.138457 0.000000 3.798789 104.220706 -3.478014 -5.124249 -0.090031 
2403 38.370035 0.000000 3.582126 103.233043 -3.680597 -6.712594 -0.071567 
2404 39.064768 0.000000 6.182078 101.398899 0.000000 -0.888782 -0.028253 
2405 38.601612 0.000000 6.182078 101.734322 -0.000000 -0.992529 -0.035086 
2406 39.064768 0.000000 6.615403 101.343566 0.000000 -0.858662 -0.027126 
2407 39.064768 0.000000 7.048728 101.376284 -0.000000 -0.911939 -0.027798 
2408 38.601612 0.000000 7.048728 101.706615 -0.000000 -0.951107 -0.034514 
2409 39.064768 0.000000 7.482054 101.477591 -0.000000 -0.950115 -0.029860 
2410 38.138457 0.000000 7.048728 102.021613 -0.000000 -1.071505 -0.040956 
2411 37.675302 0.000000 7.048728 102.654304 -0.000000 -1.210362 -0.053937 
2412 38.138457 0.000000 6.615403 102.227056 -0.000000 -1.018144 -0.045141 
2413 38.833190 0.000000 5.098764 101.212324 -0.000000 -1.286574 -0.024559 
2414 39.064768 0.000000 5.098764 100.933779 -0.000000 -1.169850 -0.018900 
2415 38.833190 0.000000 5.315427 101.281055 -0.000000 -1.118048 -0.025910 
2416 39.296345 0.000000 5.098764 100.701644 -0.000000 -1.057012 -0.014194 
2417 39.296345 0.000000 5.315427 100.624250 -0.000000 -0.950006 -0.012614 
2418 39.296345 0.000000 5.532090 100.753599 -0.000000 -0.980509 -0.015225 
2419 39.064768 0.000000 5.532090 100.989522 -0.000000 -1.000840 -0.019989 
2420 39.296345 0.000000 5.748752 100.908090 -0.000000 -0.895197 -0.018324 
2421 38.833190 0.000000 5.532090 101.349046 0.000000 -1.054777 -0.027274 
2422 38.601612 0.000000 5.532090 101.507079 0.000000 -1.069177 -0.030483 
2423 38.833190 0.000000 5.748752 101.392594 0.000000 -0.990603 -0.028144 
2424 39.759501 0.000000 5.965415 100.410368 -0.000000 -0.673443 -0.008270 
2425 39.527923 0.000000 5.965415 100.751302 -0.000000 -0.809310 -0.015148 
2426 39.759501 0.000000 6.182078 100.433205 -0.000000 -0.667876 -0.008727 
2427 39.759501 0.000000 6.398740 100.518205 -0.000000 -0.668658 -0.010436 
2428 39.527923 0.000000 6.398740 100.948797 -0.000000 -0.771624 -0.019125 
2429 39.759501 0.000000 6.615403 100.725679 -0.000000 -0.754077 -0.014623 
2430 48.791029 0.000000 10.948656 99.146160 -4.902397 3.410000 0.013438 
2431 50.643650 0.000000 10.948656 99.286009 -4.964208 3.307932 0.010670 
2432 48.791029 0.000000 12.681957 99.305410 -5.899762 3.952138 0.008801 
2433 44.159476 0.000000 6.615403 97.694580 -8.064569 2.323867 0.038533 
2434 45.085787 0.000000 6.615403 97.859106 -8.321652 2.552956 0.034783 
2435 44.159476 0.000000 7.482054 97.835629 -11.684280 1.631750 0.028900 
2436 44.159476 0.000000 8.348704 98.465906 -19.334692 -23.572183 -0.062501 
2437 45.085787 0.000000 8.348704 98.621919 -15.642878 -17.391989 -0.027346 
2438 44.159476 0.000000 9.215355 99.248671 0.191621 1.000200 0.014866 
2439 39.759501 0.000000 6.832066 100.754353 -0.000000 -0.727146 -0.015197 
2440 39.527923 0.000000 6.832066 100.920801 -0.000000 -0.759709 -0.018559 
2441 39.759501 0.000000 7.048728 100.807070 -0.000000 -0.737190 -0.016261 
2442 40.222656 0.000000 7.265391 100.390450 -0.000000 -0.588316 -0.007859 
2443 39.991078 0.000000 7.265391 100.649503 -0.000000 -0.716144 -0.013084 
2444 40.222656 0.000000 7.482054 100.422203 -0.000000 -0.622270 -0.008501 
2445 39.759501 0.000000 7.265391 100.866796 -0.000000 -0.745844 -0.017467 
2446 39.527923 0.000000 7.265391 101.107676 0.000000 -0.802722 -0.022341 
2447 39.759501 0.000000 7.482054 100.818959 -0.000000 -0.711546 -0.016497 
2448 29.570084 0.000000 2.932138 100.532016 -1.788670 -10.043438 -0.021076 
2449 29.570084 0.000000 2.715475 101.818676 -2.835097 -6.608421 -0.041875 
2450 28.006935 0.000000 2.986304 92.880789 -3.712756 -4.683201 0.133744 
2451 28.064829 0.000000 2.986304 92.452799 -3.183141 -2.869090 0.143412 
2452 28.006935 0.000000 3.040469 93.392027 -4.175876 -5.666976 0.122838 
2453 29.570084 0.000000 3.798789 110.711045 -0.833258 -15.294141 -0.249154 
2454 29.338506 0.000000 3.798789 108.531820 -0.858601 -9.251035 -0.186547 
2455 29.570084 0.000000 4.015451 108.106836 -1.092354 -18.373204 -0.202586 
2456 31.654283 0.000000 4.448776 107.552837 -0.391514 -28.575662 -0.238433 
2457 32.117438 0.000000 4.448776 107.343713 -0.434031 -27.096639 -0.225709 
2458 31.654283 0.000000 4.882102 110.030968 -0.000000 -36.515734 -0.344021 
2459 29.917450 0.000000 3.257132 109.741213 -1.036963 -9.752478 -0.213932 
2460 29.801662 0.000000 3.257132 110.943790 -0.994634 -10.039324 -0.241030 
2461 29.917450 0.000000 3.148801 109.929098 -1.274651 -8.755956 -0.216270 
2462 30.496395 0.000000 2.932138 295.205394 -2.315523 -84.236730 -8.424741 
2463 30.496395 0.000000 2.715475 304.105518 -2.912568 -87.733313 -9.018578 
2464 30.727972 0.000000 2.932138 280.648019 -1.810539 -85.311594 -7.604466 
2465 30.380606 0.000000 3.257132 129.958363 -0.946345 -17.182232 -0.718530 
2466 30.380606 0.000000 3.148801 169.580323 -1.560530 -31.983039 -1.978284 
2467 30.496395 0.000000 3.257132 137.542165 -1.102781 -23.324780 -0.946311 
2468 29.917450 0.000000 3.690457 109.929063 -1.368411 -15.596592 -0.232953 
2469 29.801662 0.000000 3.690457 111.511853 -1.120333 -15.582300 -0.267896 
2470 29.917450 0.000000 3.798789 111.283859 -0.720782 -17.743307 -0.269944 
2471 30.380606 0.000000 3.690457 112.157700 -1.004767 -19.524388 -0.296156 
2472 30.496395 0.000000 3.690457 113.184968 -0.934511 -22.841070 -0.333342 
2473 30.380606 0.000000 3.798789 111.043764 -1.127463 -20.755593 -0.276278 
2474 30.120081 0.000000 3.446712 112.253714 -1.031880 -11.119855 -0.272561 
2475 30.091134 0.000000 3.446712 112.053014 -1.041019 -10.612924 -0.266960 
2476 30.120081 0.000000 3.419629 112.301942 -1.002940 -10.670497 -0.272659 
2477 44.159476 0.000000 10.082005 99.186873 -3.962363 2.545971 0.013978 
2478 45.085787 0.000000 10.082005 99.157086 -3.880753 2.594265 0.014608 
2479 44.159476 0.000000 10.948656 99.278350 -5.392532 3.029339 0.010555 
2480 41.264755 0.000000 8.023710 99.033544 -1.273689 0.470693 0.019051 
2481 41.380544 0.000000 8.023710 99.062834 -1.071101 0.353610 0.018528 
2482 41.033178 0.000000 8.240373 99.396532 -2.555544 0.192148 0.011376 
2483 39.064768 0.000000 7.915379 100.983542 -1.665686 -0.722611 -0.020097 
2484 39.064768 0.000000 8.348704 101.070167 -5.201687 -0.395891 -0.024239 
2485 39.064768 0.000000 8.782029 101.552768 -9.787228 0.000000 -0.040875 
2486 39.064768 0.000000 9.215355 100.745842 -9.261602 1.518595 -0.023781 
2487 40.222656 0.000000 7.698716 100.260603 -0.000000 -0.536397 -0.005248 
2488 39.991078 0.000000 7.698716 100.492334 -0.000000 -0.590844 -0.009906 
2489 40.801600 0.000000 8.023710 99.570514 -1.310934 0.007977 0.008399 
2490 40.685811 0.000000 8.023710 99.638993 -2.047474 -0.014174 0.006788 
2491 40.859494 0.000000 8.294538 99.722651 -4.172497 0.037219 0.003798 
2492 40.859494 0.000000 8.240373 99.696465 -3.863496 0.064743 0.004568 
2493 40.917389 0.000000 8.294538 99.693584 -4.011673 0.027244 0.004510 
2494 34.896370 0.000000 10.082005 100.174796 -8.566884 3.445898 -0.012026 
2495 33.970059 0.000000 10.082005 100.174045 -8.344277 3.251275 -0.011504 
2496 34.896370 0.000000 10.948656 100.014122 -7.954715 3.725811 -0.007998 
2497 37.443724 0.000000 8.565367 103.916229 -8.777078 -1.035778 -0.087669 
2498 37.443724 0.000000 8.348704 103.925827 -8.083889 -1.318609 -0.086767 
2499 37.443724 0.000000 8.782029 104.345717 -11.052645 -0.449731 -0.101039 
2500 37.212146 0.000000 7.048728 103.883944 -0.000000 -1.646736 -0.079459 
2501 36.748991 0.000000 7.048728 105.949957 -0.000000 -2.804262 -0.123326 
2502 37.212146 0.000000 6.615403 103.300116 -0.000000 -1.232127 -0.067243 
2503 36.285836 0.000000 7.048728 110.306325 0.000000 -6.137573 -0.220516 
2504 35.822681 0.000000 7.048728 113.769632 0.000000 -9.254185 -0.302917 
2505 36.285836 0.000000 6.615403 107.100665 0.000000 -4.012712 -0.148665 
2506 37.443724 0.000000 8.132041 103.301930 -5.200481 -1.775481 -0.070149 
2507 37.443724 0.000000 7.915379 102.974486 -1.493576 -2.257581 -0.061107 
2508 37.675302 0.000000 8.132041 102.453791 -4.534334 -1.476828 -0.051952 
2509 36.633202 0.000000 8.240373 109.884713 -6.918134 -3.230418 -0.213295 
2510 36.517414 0.000000 8.240373 110.581252 -5.551669 -3.856485 -0.227391 
2511 36.633202 0.000000 8.132041 110.821109 -3.031748 -4.575063 -0.231144 
2512 40.222656 0.000000 3.798789 107.038701 -10.158507 -7.481391 -0.161645 
2513 40.222656 0.000000 3.582126 108.422690 -11.433819 -9.773076 -0.198172 
2514 40.454234 0.000000 3.798789 108.187269 -12.802729 -9.073745 -0.195073 
2515 39.643712 0.000000 4.123783 100.655826 -1.532172 -1.471607 -0.013611 
2516 39.527923 0.000000 4.123783 100.906289 -1.508594 -1.554225 -0.018677 
2517 39.643712 0.000000 4.015451 99.867282 -0.628845 -0.837978 0.002543 
2518 41.843699 0.000000 4.448776 95.982287 -5.373091 -0.252163 0.075847 
2519 42.306855 0.000000 4.448776 95.850334 -5.806575 0.458548 0.077879 
2520 41.843699 0.000000 4.882102 96.512444 -5.053590 0.511294 0.065955 
2521 41.843699 0.000000 5.315427 96.865197 -4.952825 0.704174 0.059211 
2522 42.306855 0.000000 5.315427 96.808355 -5.496351 1.056222 0.059682 
2523 40.685811 0.000000 4.665439 97.370157 -3.592298 -0.710789 0.050564 
2524 40.685811 0.000000 4.448776 97.451165 -4.038682 -1.127124 0.048569 
2525 40.917389 0.000000 4.665439 97.081483 -3.947205 -0.705227 0.055911 
2526 40.106867 0.000000 4.123783 101.293811 -3.873180 -2.167392 -0.028014 
2527 40.106867 0.000000 4.015451 103.051168 -5.672333 -3.537661 -0.066423 
2528 40.222656 0.000000 4.123783 101.529144 -4.261472 -2.327025 -0.033174 
2529 39.643712 0.000000 4.557108 100.438110 -1.089454 -1.372693 -0.009089 
2530 39.527923 0.000000 4.557108 100.614100 -1.426525 -1.464724 -0.012738 
2531 39.643712 0.000000 4.665439 100.522300 -1.042995 -1.362832 -0.010768 
2532 39.875289 0.000000 4.773770 99.581261 0.000000 -0.845675 0.008286 
2533 39.759501 0.000000 4.773770 99.836694 0.000000 -0.899141 0.003183 
2534 39.643712 0.000000 4.773770 100.194161 0.000000 -0.999022 -0.003987 
2535 39.527923 0.000000 4.773770 100.572185 -0.103033 -1.123134 -0.011604 
2536 39.643712 0.000000 4.882102 100.211190 -0.000000 -0.963089 -0.004321 
2537 39.933184 0.000000 4.394611 100.185875 -1.962377 -1.448307 -0.004316 
2538 39.991078 0.000000 4.394611 100.208176 -2.228376 -1.518591 -0.004895 
2539 39.933184 0.000000 4.448776 100.081884 -1.845526 -1.422647 -0.002181 
2540 40.106867 0.000000 4.557108 99.299631 0.000000 -0.912865 0.013875 
2541 40.222656 0.000000 4.557108 99.380717 0.000000 -0.933347 0.012260 
2542 40.338445 0.000000 4.990433 98.657607 0.000000 -0.437355 0.026649 
2543 40.338445 0.000000 4.882102 98.832796 0.000000 -0.552738 0.023177 
2544 40.454234 0.000000 4.990433 98.656081 0.000000 -0.372962 0.026684 
2545 40.106867 0.000000 5.207096 98.743755 0.000000 -0.360406 0.024954 
2546 39.991078 0.000000 5.207096 99.099136 0.000000 -0.498746 0.017911 
2547 39.643712 0.000000 4.990433 100.050316 0.000000 -0.888865 -0.001086 
2548 39.527923 0.000000 4.990433 100.316626 -0.000000 -0.977533 -0.006438 
2549 39.643712 0.000000 5.098764 99.962783 0.000000 -0.828402 0.000676 
2550 39.875289 0.000000 5.207096 99.593906 0.000000 -0.653662 0.008063 
2551 39.759501 0.000000 5.207096 99.905948 0.000000 -0.729349 0.001827 
2552 39.875289 0.000000 5.315427 99.743755 0.000000 -0.624194 0.005079 
2553 39.643712 0.000000 5.207096 100.169721 -0.000000 -0.785222 -0.003459 
2554 39.527923 0.000000 5.207096 100.377643 -0.000000 -0.862462 -0.007642 
2555 39.643712 0.000000 5.315427 100.096503 -0.000000 -0.725281 -0.001984 
2556 40.685811 0.000000 5.965415 98.665135 0.000000 -0.041568 0.026519 
2557 40.917389 0.000000 5.965415 98.178678 0.000000 0.184789 0.036091 
2558 41.148967 0.000000 5.965415 97.275662 -3.532908 0.899952 0.052415 
2559 41.148967 0.000000 5.748752 97.203580 -3.853042 0.675819 0.053616 
2560 41.380544 0.000000 5.965415 97.260820 -4.038494 0.977312 0.052307 
2561 39.875289 0.000000 5.423758 99.829789 -0.000000 -0.629771 0.003362 
2562 39.759501 0.000000 5.423758 99.971238 -0.000000 -0.665835 0.000531 
2563 39.875289 0.000000 5.532090 99.827549 0.000000 -0.609326 0.003409 
2564 39.875289 0.000000 5.640421 99.768142 0.000000 -0.563753 0.004600 
2565 39.759501 0.000000 5.640421 100.080734 -0.000000 -0.671485 -0.001660 
2566 39.875289 0.000000 5.748752 100.224680 -0.000000 -0.633686 -0.004539 
2567 40.164762 0.000000 5.369593 99.134114 0.000000 -0.412224 0.017226 
2568 40.106867 0.000000 5.369593 99.178211 0.000000 -0.427972 0.016350 
2569 40.164762 0.000000 5.315427 98.939254 0.000000 -0.377735 0.021088 
2570 40.801600 0.000000 6.940397 98.987548 0.000000 0.182115 0.020143 
2571 40.685811 0.000000 6.940397 99.289711 0.000000 0.019567 0.014155 
2572 40.917389 0.000000 6.940397 99.167014 0.000000 0.045075 0.016590 
2573 40.570022 0.000000 6.940397 99.696901 0.000000 -0.243774 0.006047 
2574 40.454234 0.000000 6.940397 99.751314 0.000000 -0.292381 0.004959 
2575 40.570022 0.000000 7.048728 99.732647 0.000000 -0.275257 0.005332 
2576 41.612122 0.000000 7.265391 97.566607 -6.983037 2.326683 0.042658 
2577 41.612122 0.000000 7.048728 97.645893 -5.315976 1.391392 0.043508 
2578 41.843699 0.000000 7.265391 97.581792 -7.736502 2.324086 0.041254 
2579 41.033178 0.000000 6.940397 99.004890 0.000000 0.128710 0.019802 
2580 41.033178 0.000000 6.832066 99.143711 0.000000 0.117301 0.017051 
2581 41.148967 0.000000 6.940397 99.001299 0.000000 0.117652 0.019873 
2582 40.743706 0.000000 6.561237 98.973045 0.000000 0.016368 0.020434 
2583 40.743706 0.000000 6.507072 98.908477 0.000000 0.027862 0.021711 
2584 40.801600 0.000000 6.561237 98.984020 0.000000 0.018661 0.020216 
2585 40.570022 0.000000 7.157060 99.905660 0.000000 -0.388944 0.001871 
2586 40.454234 0.000000 7.157060 100.056408 -0.000000 -0.440796 -0.001148 
2587 40.570022 0.000000 7.265391 99.919436 0.000000 -0.403275 0.001594 
2588 40.570022 0.000000 7.373722 99.864956 0.000000 -0.377192 0.002685 
2589 40.454234 0.000000 7.373722 100.020068 0.000000 -0.432664 -0.000420 
2590 40.570022 0.000000 7.482054 100.119360 -0.000000 -0.499858 -0.002414 
2591 41.033178 0.000000 7.373722 99.016813 0.000000 0.016116 0.019567 
2592 41.148967 0.000000 7.373722 99.035643 0.000000 -0.002659 0.019194 
2593 40.801600 0.000000 7.590385 99.476040 0.000000 -0.181655 0.010448 
2594 40.685811 0.000000 7.590385 99.729696 0.000000 -0.316225 0.005389 
2595 41.264755 0.000000 7.590385 98.960339 0.000000 0.315979 0.020675 
2596 41.264755 0.000000 7.482054 98.858112 0.000000 0.311205 0.022698 
2597 41.380544 0.000000 7.590385 98.666251 0.000000 0.572583 0.026464 
2598 40.975283 0.000000 7.861213 99.384824 0.000000 0.096043 0.012265 
2599 40.917389 0.000000 7.861213 99.481602 0.000000 0.002711 0.010341 
2600 40.975283 0.000000 7.915379 99.296553 0.000000 0.216038 0.014015 
2601 34.896370 0.000000 -2.051103 100.961440 -10.155373 28.691977 -0.111957 
2602 34.896370 0.000000 -2.917754 100.536933 -10.423499 31.675286 -0.121965 
2603 36.285836 0.000000 -1.617778 101.332741 -9.564950 26.433069 -0.105852 
2604 35.822681 0.000000 -1.617778 101.146490 -9.765124 27.649478 -0.109046 
2605 36.285836 0.000000 -2.051103 100.456107 -9.966606 28.494138 -0.100268 
2606 36.517414 0.000000 -0.967790 101.637311 -9.135261 25.391385 -0.105832 
2607 36.285836 0.000000 -0.967790 101.468505 -9.163751 25.688415 -0.103973 
2608 36.517414 0.000000 -1.184452 101.932406 -9.087143 24.876469 -0.109163 
2609 46.012097 0.000000 -2.051103 97.272116 -7.553148 6.139579 0.044339 
2610 45.085787 0.000000 -2.051103 96.841915 -7.571074 6.458616 0.052261 
2611 46.012097 0.000000 -2.917754 97.497207 -7.663018 6.077564 0.039864 
2612 44.159476 0.000000 -2.051103 96.366944 -7.557152 6.834744 0.060959 
2613 44.159476 0.000000 -2.917754 96.816215 -7.706478 6.705849 0.052226 
2614 42.538432 0.000000 -0.534464 93.003072 -7.022440 8.639979 0.122646 
2615 42.538432 0.000000 -0.751127 93.510334 -7.150539 8.719912 0.112865 
2616 42.770010 0.000000 -0.534464 93.359157 -7.018788 8.135694 0.116861 
2617 52.496271 0.000000 -2.917754 98.724020 -7.691125 5.465181 0.016455 
2618 52.496271 0.000000 -4.651055 98.778593 -7.672334 5.381726 0.015496 
2619 54.348893 0.000000 -2.917754 98.899661 -7.573393 5.348319 0.013290 
2620 46.475252 0.000000 -0.751127 97.226396 -7.036344 5.901520 0.046269 
2621 46.012097 0.000000 -0.751127 96.976237 -7.028850 5.964373 0.051063 
2622 46.475252 0.000000 -1.184452 97.284357 -7.333424 6.029596 0.044562 
2623 52.496271 0.000000 4.015451 98.807422 -6.826901 4.638661 0.016897 
2624 54.348893 0.000000 4.015451 99.012209 -6.745325 4.676646 0.012921 
2625 56.201514 0.000000 7.482054 99.173268 -8.018525 1.949499 0.009657 
2626 56.201514 0.000000 5.748752 99.123338 -7.087394 3.985480 0.010845 
2627 56.201514 0.000000 9.215355 99.515713 -5.367304 -1.825544 0.006448 
2628 47.864718 0.000000 3.148801 97.859255 -6.909797 4.905413 0.035176 
2629 48.791029 0.000000 3.148801 98.099754 -6.928957 5.032524 0.030310 
2630 47.864718 0.000000 4.015451 97.991425 -7.022564 4.241725 0.033037 
2631 87.696074 0.000000 -18.517464 99.550802 -7.249791 5.874607 0.000257 
2632 87.696074 0.000000 -25.450669 99.550178 -7.221220 6.069890 0.000077 
2633 95.106559 0.000000 -18.517464 99.550882 -7.177697 5.847962 0.000390 
2634 102.517044 0.000000 -4.651055 99.584125 -7.334908 5.049359 0.000371 
2635 102.517044 0.000000 -11.584259 99.567531 -7.173435 5.526179 0.000431 
2636 69.169862 0.000000 -1.184452 99.383449 -7.777492 5.502925 0.003216 
2637 69.169862 0.000000 -4.651055 99.428205 -7.534868 5.216691 0.003004 
2638 72.875105 0.000000 -1.184452 99.421818 -7.828981 5.406777 0.002478 
2639 87.696074 0.000000 23.081764 99.544103 -6.916390 5.599541 0.001178 
2640 95.106559 0.000000 23.081764 99.568674 -6.914137 5.547359 0.000750 
2641 87.696074 0.000000 30.014969 99.541721 -6.845325 5.900711 0.000977 
2642 154.390438 0.000000 -39.317078 99.547480 -7.075478 6.218841 0.000156 
2643 154.390438 0.000000 -53.183488 99.543052 -7.067910 6.297577 0.000157 
2644 169.211407 0.000000 -39.317078 99.549380 -7.069237 6.225880 0.000119 
2645 184.032377 0.000000 -39.317078 99.550714 -7.063189 6.232735 0.000092 
2646 184.032377 0.000000 -53.183488 99.546206 -7.060804 6.303463 0.000096 
2647 198.853347 0.000000 -39.317078 99.551689 -7.056981 6.239906 0.000072 
2648 161.800923 0.000000 9.215355 99.768857 -5.973471 4.038662 -0.000582 
2649 161.800923 0.000000 2.282150 99.688161 -6.942941 4.229519 -0.000382 
2650 161.800923 0.000000 16.148559 99.379440 -7.852588 8.031024 -0.000243 
2651 213.674316 0.000000 -39.317078 99.552365 -7.051693 6.246661 0.000058 
2652 213.674316 0.000000 -53.183488 99.547996 -7.053762 6.309749 0.000063 
2653 228.495286 0.000000 -39.317078 99.552843 -7.046864 6.253215 0.000047 
2654 243.316256 0.000000 -11.584259 99.584425 -6.877997 5.960527 0.000011 
2655 243.316256 0.000000 -25.450669 99.562158 -7.009438 6.159117 0.000031 
2656 258.137225 0.000000 -11.584259 99.582586 -6.874645 5.997031 0.000008 
2657 113.632771 0.000000 -1.184452 99.598589 -7.534910 4.728599 0.000099 
2658 109.927529 0.000000 -1.184452 99.590154 -7.595550 4.749872 0.000155 
2659 113.632771 0.000000 -4.651055 99.598945 -7.233281 5.053034 0.000220 
2660 146.979953 0.000000 -4.651055 99.622135 -6.960562 5.188976 0.000006 
2661 146.979953 0.000000 -11.584259 99.588838 -7.004439 5.648496 0.000110 
2662 154.390438 0.000000 -4.651055 99.623633 -6.914564 5.234655 -0.000008 
2663 128.453741 0.000000 -1.184452 99.625964 -7.254148 4.699173 -0.000004 
2664 128.453741 0.000000 -4.651055 99.613326 -7.065273 5.092625 0.000133 
2665 132.158983 0.000000 -1.184452 99.630681 -7.198573 4.708533 -0.000026 
2666 59.906756 0.000000 10.948656 99.511278 -5.313106 2.983237 0.006038 
2667 58.054135 0.000000 10.948656 99.447518 -5.221761 3.134780 0.007310 
2668 59.906756 0.000000 12.681957 99.444848 -6.100483 4.153164 0.005626 
2669 52.496271 0.000000 10.948656 99.349038 -4.980190 3.309812 0.009401 
2670 54.348893 0.000000 10.948656 99.304343 -5.051721 3.397920 0.010158 
2671 52.496271 0.000000 12.681957 99.194655 -5.929080 4.284406 0.010691 
2672 56.201514 0.000000 10.948656 99.368479 -5.066363 3.314456 0.008925 
2673 56.201514 0.000000 12.681957 99.341141 -6.046629 4.224080 0.007693 
2674 2.475499 0.000000 12.681957 99.756562 -6.632885 7.961525 -0.005875 
2675 -1.229744 0.000000 12.681957 99.212982 -6.800216 7.307597 0.005714 
2676 2.475499 0.000000 16.148559 99.804129 -6.918570 7.277778 -0.006170 
2677 -4.934986 0.000000 12.681957 99.292558 -7.051804 7.232600 0.003895 
2678 -8.640228 0.000000 12.681957 99.618149 -7.035182 7.357656 -0.002740 
2679 -4.934986 0.000000 16.148559 99.937159 -6.949349 7.293969 -0.008893 
2680 3.401809 0.000000 -3.784404 98.086011 -10.941928 7.366368 0.020515 
2681 3.401809 0.000000 -4.651055 96.786499 -8.433595 -0.400019 0.056109 
2682 4.328120 0.000000 -3.784404 94.825709 -11.220116 -0.192505 0.088216 
2683 5.254431 0.000000 -3.784404 92.404675 -11.748189 -24.019389 0.074642 
2684 5.254431 0.000000 -4.651055 98.095316 -8.939374 -4.781140 0.027454 
2685 5.254431 0.000000 -2.917754 92.806443 -11.700071 -23.210544 0.071134 
2686 5.254431 0.000000 -2.051103 93.020843 -11.555015 -22.452134 0.070951 
2687 8.959673 0.000000 -0.317802 -11.293855 0.071489 -0.495082 0.987220 
2688 8.959673 0.000000 -1.184452 -11.529527 0.087633 -0.583738 0.986672 
2689 9.885984 0.000000 -0.317802 -11.641411 0.026849 0.231752 0.986442 
2690 5.254431 0.000000 3.148801 94.051261 -8.810753 19.065666 0.071323 
2691 4.328120 0.000000 3.148801 94.368712 -8.283176 16.564353 0.075156 
2692 5.254431 0.000000 4.015451 96.249609 -8.324287 16.348772 0.039944 
2693 8.959673 0.000000 -2.051103 -11.534207 0.023771 -0.542305 0.986667 
2694 19.149090 0.000000 7.482054 101.799760 -8.237993 5.482586 -0.046111 
2695 17.296468 0.000000 7.482054 101.753292 -8.373989 6.291919 -0.046344 
2696 19.149090 0.000000 9.215355 101.557973 -7.923211 5.895121 -0.041155 
2697 15.443847 0.000000 7.482054 101.432516 -8.528296 6.526522 -0.040388 
2698 13.591226 0.000000 7.482054 101.500798 -8.391250 7.372257 -0.042718 
2699 15.443847 0.000000 9.215355 101.228424 -7.947091 6.739208 -0.035577 
2700 10.812294 0.000000 -0.317802 -11.463714 -0.228424 0.630097 0.986813 
2701 11.738605 0.000000 -0.317802 -11.249797 -0.264138 1.184444 0.987197 
2702 12.664915 0.000000 -0.317802 -10.495634 -0.008563 1.732870 0.988684 
2703 13.591226 0.000000 -0.317802 -9.470611 -0.122460 2.328616 0.990487 
2704 12.664915 0.000000 0.548849 -10.016434 -0.475360 1.376452 0.989755 
2705 12.664915 0.000000 1.415499 -9.502991 -0.476946 0.846296 0.990875 
2706 13.591226 0.000000 1.415499 -8.678203 -0.019694 0.745730 0.992413 
2707 14.517537 0.000000 -0.317802 -8.306507 -0.131046 2.141366 0.992640 
2708 15.443847 0.000000 -0.317802 -7.580888 -0.084153 1.799030 0.993929 
2709 14.517537 0.000000 0.548849 -8.329576 -0.081343 1.473164 0.992844 
2710 16.370158 0.000000 -0.317802 -7.466286 0.023741 1.342736 0.994245 
2711 17.296468 0.000000 -0.317802 -7.332586 0.226436 1.142109 0.994488 
2712 16.370158 0.000000 0.548849 -7.755348 -0.017882 1.151173 0.993853 
2713 16.370158 0.000000 1.415499 -7.912885 -0.000787 0.941484 0.993650 
2714 15.443847 0.000000 1.415499 -7.882190 -0.010457 1.198585 0.993643 
2715 17.296468 0.000000 1.415499 -7.936726 0.359068 0.757424 0.993631 
2716 14.517537 0.000000 1.415499 -8.253639 -0.042937 1.038311 0.993080 
2717 18.222779 0.000000 -0.317802 -7.588177 0.221818 0.848015 0.994165 
2718 19.149090 0.000000 -0.317802 -8.011266 0.071054 0.464159 0.993560 
2719 18.222779 0.000000 0.548849 -7.733028 0.228520 0.853120 0.993942 
2720 20.075400 0.000000 -0.317802 -8.290638 -0.281499 -0.172885 0.993116 
2721 21.001711 0.000000 -0.317802 -8.869852 -0.314671 -0.197129 0.992119 
2722 20.075400 0.000000 0.548849 -8.305586 -0.219339 -0.083869 0.993096 
2723 20.075400 0.000000 1.415499 -8.375397 0.030421 0.213527 0.992981 
2724 19.149090 0.000000 1.415499 -8.110705 0.022867 0.376598 0.993407 
2725 21.001711 0.000000 1.415499 -8.907092 -0.158364 0.158298 0.992061 
2726 18.222779 0.000000 1.415499 -7.916900 0.304951 0.767360 0.993664 
2727 25.633264 0.000000 -0.317802 -14.085451 0.364413 -3.493880 0.978926 
2728 24.706953 0.000000 -0.317802 -12.321227 0.319815 -2.896183 0.983970 
2729 33.970059 0.000000 -6.384356 98.323668 -8.192890 9.293513 0.017896 
2730 33.970059 0.000000 -8.117657 99.015677 -8.600689 8.573514 0.004842 
2731 35.822681 0.000000 -6.384356 98.166255 -8.580036 9.085187 0.020723 
2732 29.338506 0.000000 -3.784404 98.134051 -10.582898 11.754086 0.011955 
2733 29.338506 0.000000 -4.651055 98.520296 -9.676019 11.209041 0.007448 
2734 30.264817 0.000000 -3.784404 99.224461 -10.067466 11.988273 -0.009057 
2735 31.191128 0.000000 -3.784404 99.330855 -9.854875 12.794282 -0.012743 
2736 31.191128 0.000000 -4.651055 99.020671 -9.083980 11.308178 -0.001549 
2737 32.117438 0.000000 -3.784404 99.278237 -9.750717 13.266520 -0.012725 
2738 228.495286 0.000000 85.480607 99.559953 -6.911246 6.334187 -0.000007 
2739 258.137225 0.000000 85.480607 99.559737 -6.916044 6.330067 -0.000004 
2740 228.495286 0.000000 113.213426 99.557084 -6.918221 6.379309 -0.000017 
2741 124.748498 0.000000 43.881378 99.571142 -6.869183 6.115981 0.000100 
2742 139.569468 0.000000 43.881378 99.572650 -6.900932 6.105889 0.000038 
2743 124.748498 0.000000 57.747788 99.567644 -6.883151 6.244044 -0.000008 
2744 29.106929 0.000000 3.798789 106.146338 -1.639475 -6.714098 -0.131481 
2745 28.875351 0.000000 3.798789 106.450450 -1.959859 -4.296552 -0.135400 
2746 29.106929 0.000000 4.015451 110.900061 -0.000000 -7.848657 -0.236042 
2747 28.643773 0.000000 3.798789 106.093735 -1.449324 -2.038741 -0.126214 
2748 28.412196 0.000000 3.798789 100.657177 -2.016811 6.497756 -0.017816 
2749 28.643773 0.000000 4.015451 102.673640 -1.797961 1.675878 -0.054792 
2750 28.759562 0.000000 3.040469 108.378231 -2.322911 26.587647 -0.245814 
2751 28.875351 0.000000 3.040469 114.498987 -2.499979 21.331827 -0.357131 
2752 28.759562 0.000000 3.148801 109.251686 -1.824534 23.766114 -0.250409 
2753 22.854332 0.000000 10.948656 102.102933 -7.220453 4.572388 -0.049805 
2754 21.001711 0.000000 10.948656 102.095890 -7.335930 4.991607 -0.050230 
2755 22.854332 0.000000 12.681957 101.552975 -6.997170 4.913084 -0.038611 
2756 27.022730 0.000000 4.448776 101.664857 -9.844270 -0.472347 -0.043288 
2757 26.559575 0.000000 4.448776 102.227905 -9.717607 -0.846935 -0.054569 
2758 27.022730 0.000000 4.882102 102.070945 -9.216660 -0.001809 -0.050342 
2759 28.180618 0.000000 3.798789 98.964136 -2.349219 10.035614 0.009987 
2760 27.949040 0.000000 3.798789 92.143548 -3.841181 7.524045 0.143820 
2761 28.180618 0.000000 4.015451 90.912222 -2.801453 9.644536 0.163410 
2762 27.717463 0.000000 3.798789 93.893106 -6.371666 -0.241357 0.114343 
2763 27.485885 0.000000 3.798789 96.421773 -7.890842 -3.575776 0.062779 
2764 27.717463 0.000000 4.015451 92.286104 -5.963738 -2.898665 0.143931 
2765 27.254307 0.000000 3.798789 105.129028 -12.136475 -4.940362 -0.122381 
2766 27.022730 0.000000 3.798789 105.127123 -12.139856 -4.939095 -0.122348 
2767 27.254307 0.000000 4.015451 105.132373 -12.130535 -4.942589 -0.122439 
2768 33.043749 0.000000 6.615403 99.605124 -9.882952 1.368564 -0.002073 
2769 32.117438 0.000000 6.615403 99.764544 -9.096234 1.411463 -0.003770 
2770 33.043749 0.000000 7.482054 99.643813 -9.087678 2.039654 -0.001564 
2771 33.043749 0.000000 8.348704 99.772970 -8.454816 2.543351 -0.003260 
2772 32.117438 0.000000 8.348704 100.053681 -8.114098 2.449149 -0.008258 
2773 33.043749 0.000000 9.215355 99.711288 -8.416378 2.966116 -0.002197 
2774 32.580593 0.000000 4.448776 106.323535 -1.000384 -23.351640 -0.185099 
2775 33.043749 0.000000 4.448776 105.687624 -1.228240 -18.576600 -0.151647 
2776 32.580593 0.000000 4.882102 108.485408 -0.000000 -30.085141 -0.267420 
2777 33.506904 0.000000 4.448776 106.926712 -0.739532 -10.807841 -0.155068 
2778 33.970059 0.000000 4.448776 107.404900 -0.568861 -7.369227 -0.159044 
2779 33.506904 0.000000 4.882102 109.597478 -1.428635 -9.760919 -0.210892 
2780 61.759377 0.000000 -8.117657 99.342703 -7.434985 5.419104 0.004638 
2781 61.759377 0.000000 -11.584259 99.406227 -7.355992 5.655801 0.003230 
2782 65.464620 0.000000 -8.117657 99.403961 -7.438448 5.383555 0.003454 
2783 40.917389 0.000000 0.982174 103.380791 -7.479274 10.214337 -0.084786 
2784 40.454234 0.000000 0.982174 103.864078 -7.663266 8.500317 -0.091873 
2785 40.917389 0.000000 0.548849 103.032173 -7.348990 11.267143 -0.079658 
2786 39.296345 0.000000 2.932138 96.802609 -5.220796 4.666077 0.058023 
2787 39.064768 0.000000 2.932138 95.673486 -4.583344 3.107989 0.081592 
2788 39.527923 0.000000 2.932138 100.246043 -7.522131 2.776117 -0.011356 
2789 38.833190 0.000000 2.932138 96.799809 -4.132364 -0.601067 0.061236 
2790 38.601612 0.000000 2.932138 98.616067 -5.080561 -3.291745 0.023822 
2791 38.833190 0.000000 3.148801 97.410252 -3.300403 -0.630608 0.049995 
2792 37.212146 0.000000 1.848825 105.452243 -8.080986 7.475867 -0.124137 
2793 36.748991 0.000000 1.848825 102.469456 -9.851496 8.680817 -0.067240 
2794 37.212146 0.000000 1.415499 105.223040 -7.903717 8.871512 -0.121306 
2795 36.285836 0.000000 1.848825 99.910879 -10.838954 4.270386 -0.011790 
2796 36.285836 0.000000 1.415499 104.510421 -8.131947 10.765657 -0.110446 
2797 39.759501 0.000000 2.932138 102.596231 -8.731103 2.084632 -0.060656 
2798 39.759501 0.000000 2.715475 102.433041 -9.605431 4.023797 -0.060098 
2799 39.991078 0.000000 2.932138 104.314669 -9.961196 3.107702 -0.099043 
2800 46.012097 0.000000 4.882102 97.586959 -7.089502 3.346225 0.041533 
2801 46.938408 0.000000 4.882102 97.897906 -7.148165 3.581837 0.035207 
2802 46.012097 0.000000 5.748752 97.844850 -7.464324 3.029943 0.036149 
2803 42.770010 0.000000 3.582126 94.364771 -6.504864 1.183570 0.105158 
2804 43.233165 0.000000 3.582126 94.811872 -6.826587 1.981632 0.096018 
2805 42.770010 0.000000 4.015451 95.246832 -6.276819 0.891943 0.088785 
2806 37.675302 0.000000 -6.384356 97.803989 -7.984444 8.485427 0.029863 
2807 37.675302 0.000000 -8.117657 98.370552 -7.840696 7.720158 0.020216 
2808 39.527923 0.000000 -6.384356 97.727150 -7.912524 7.750103 0.032673 
2809 21.928022 0.000000 -0.317802 -9.158888 -0.167485 -0.744978 0.991553 
2810 22.854332 0.000000 -0.317802 -9.808271 -0.351924 -1.857324 0.990022 
2811 21.928022 0.000000 0.548849 -9.287581 -0.163154 -0.436427 0.991352 
2812 23.780643 0.000000 -0.317802 -10.983707 -0.024975 -2.223471 0.987441 
2813 23.780643 0.000000 0.548849 -10.935643 -0.009907 -1.820573 0.987710 
2814 23.780643 0.000000 1.415499 -10.885087 -0.016631 -1.427950 0.987948 
2815 22.854332 0.000000 1.415499 -10.153298 -0.202483 -0.765177 0.989628 
2816 23.780643 0.000000 2.282150 107.603342 -11.748114 -1.320284 -0.171824 
2817 21.928022 0.000000 1.415499 -9.493615 -0.206890 0.161752 0.990980 
2818 21.928022 0.000000 2.282150 106.844742 -12.405558 0.364616 -0.156983 
2819 34.433215 0.000000 4.448776 106.561255 -1.550983 -5.285651 -0.138564 
2820 34.896370 0.000000 4.448776 105.227577 -1.817869 -4.029272 -0.109238 
2821 34.433215 0.000000 4.882102 109.215160 0.000000 -7.442596 -0.198334 
2822 35.359525 0.000000 4.448776 104.410008 -1.804390 -3.878602 -0.091975 
2823 35.359525 0.000000 4.882102 104.356040 -0.854545 -3.722122 -0.090477 
2824 35.359525 0.000000 5.315427 105.704041 -0.000000 -4.128802 -0.119039 
2825 34.896370 0.000000 5.315427 109.579540 0.000000 -7.301085 -0.206098 
2826 35.359525 0.000000 5.748752 108.047408 0.000000 -5.765515 -0.170748 
2827 34.433215 0.000000 5.315427 112.415534 0.000000 -9.712552 -0.273159 
2828 33.970059 0.000000 5.315427 113.323377 0.000000 -10.879761 -0.296056 
2829 34.433215 0.000000 5.748752 113.993625 0.000000 -10.967430 -0.311483 
2830 38.833190 0.000000 3.365463 98.678321 -2.977583 -2.251784 0.024865 
2831 38.601612 0.000000 3.365463 100.044508 -3.136669 -6.676286 -0.006332 
2832 38.370035 0.000000 3.365463 102.892320 -4.046934 -7.147639 -0.065430 
2833 38.138457 0.000000 3.365463 106.356930 -3.232956 -8.312328 -0.139134 
2834 38.370035 0.000000 3.148801 102.041219 -4.184676 -7.742425 -0.048987 
2835 38.138457 0.000000 6.182078 102.172419 -0.000000 -1.001763 -0.044021 
2836 37.675302 0.000000 6.182078 102.503318 -0.000000 -1.045524 -0.050802 
2837 38.370035 0.000000 5.532090 101.689045 -0.000000 -1.099161 -0.034187 
2838 38.138457 0.000000 5.532090 101.917011 -0.000000 -1.064046 -0.038821 
2839 38.370035 0.000000 5.748752 101.832114 -0.000000 -1.052803 -0.037089 
2840 46.012097 0.000000 6.615403 98.038578 -8.456478 2.709734 0.030958 
2841 46.938408 0.000000 6.615403 98.205435 -8.417386 2.790655 0.027705 
2842 46.012097 0.000000 7.482054 98.065775 -11.458726 1.439070 0.024973 
2843 46.012097 0.000000 8.348704 98.738458 -13.722164 -13.345573 -0.011569 
2844 46.938408 0.000000 8.348704 98.726950 -12.746502 -10.687542 -0.002371 
2845 46.012097 0.000000 9.215355 99.276942 0.014886 0.138299 0.014407 
2846 29.570084 0.000000 2.498813 101.021433 -3.408211 -6.719409 -0.026210 
2847 29.570084 0.000000 2.282150 107.481639 -4.663011 -9.664391 -0.166745 
2848 29.801662 0.000000 2.498813 105.683476 -3.135467 -0.609580 -0.117920 
2849 30.033239 0.000000 2.498813 106.209594 -3.610756 1.347863 -0.129533 
2850 30.033239 0.000000 2.282150 103.657838 -4.720429 -4.864036 -0.079089 
2851 30.264817 0.000000 2.498813 203.909216 -3.723650 -41.511764 -3.331606 
2852 28.991140 0.000000 3.040469 115.413133 -2.385720 16.908358 -0.361178 
2853 28.991140 0.000000 2.932138 104.763361 -2.139942 37.492254 -0.238561 
2854 29.106929 0.000000 3.040469 107.424821 -2.824169 8.472714 -0.161985 
2855 28.759562 0.000000 3.257132 106.435058 -1.837205 9.266387 -0.141766 
2856 28.643773 0.000000 3.257132 103.792103 -2.124286 5.895384 -0.081207 
2857 28.759562 0.000000 3.365463 106.052994 -2.173015 0.943721 -0.125285 
2858 30.496395 0.000000 2.498813 153.218752 -3.856205 -26.992484 -1.421945 
2859 30.496395 0.000000 2.282150 105.201460 -7.165934 1.868190 -0.112219 
2860 30.727972 0.000000 2.498813 143.881115 -3.861388 -27.878124 -1.149388 
2861 46.012097 0.000000 10.082005 99.126244 -3.855133 2.596653 0.015238 
2862 46.938408 0.000000 10.082005 99.110924 -3.781418 2.658183 0.015566 
2863 46.012097 0.000000 10.948656 99.158003 -5.198247 3.235246 0.013020 
2864 39.759501 0.000000 7.698716 100.597366 -0.000000 -0.644512 -0.012025 
2865 39.527923 0.000000 7.698716 100.798568 -0.000000 -0.746271 -0.016091 
2866 39.759501 0.000000 7.915379 100.468067 0.000000 -0.606701 -0.009420 
2867 39.759501 0.000000 8.132041 100.479619 -3.478449 -0.354270 -0.010838 
2868 39.527923 0.000000 8.132041 100.790671 -4.329123 -0.386030 -0.017765 
2869 39.759501 0.000000 8.348704 100.556302 -5.017085 -0.289517 -0.013682 
2870 40.570022 0.000000 8.023710 99.852741 -1.742375 -0.192477 0.002636 
2871 40.454234 0.000000 8.023710 99.957440 -1.390973 -0.293971 0.000649 
2872 40.570022 0.000000 7.915379 99.745544 -0.000000 -0.222734 0.005078 
2873 33.043749 0.000000 10.082005 99.941579 -8.100973 3.301709 -0.006485 
2874 32.117438 0.000000 10.082005 100.096610 -7.953246 3.296204 -0.009345 
2875 33.043749 0.000000 10.948656 100.404524 -7.921259 3.399652 -0.015537 
2876 37.906879 0.000000 8.132041 101.807570 -3.643131 -1.315686 -0.037978 
2877 37.906879 0.000000 7.915379 101.846325 -1.496592 -1.476827 -0.037709 
2878 38.138457 0.000000 8.132041 101.805902 -4.401869 -1.004231 -0.038483 
2879 36.285836 0.000000 6.182078 104.634598 -0.000000 -2.380360 -0.095407 
2880 35.822681 0.000000 6.182078 107.825157 0.000000 -4.986245 -0.165113 
2881 36.748991 0.000000 6.182078 103.742624 -0.000000 -1.566004 -0.076498 
2882 37.212146 0.000000 6.182078 102.976196 -0.000000 -1.165089 -0.060545 
2883 40.222656 0.000000 3.365463 108.400009 -10.419020 -10.033188 -0.195978 
2884 40.222656 0.000000 3.148801 106.010013 -8.621263 -0.690981 -0.131293 
2885 40.454234 0.000000 3.365463 107.346557 -9.653188 -7.860202 -0.167825 
2886 39.643712 0.000000 3.907120 100.709851 -1.880979 -1.124667 -0.014728 
2887 39.527923 0.000000 3.907120 100.867220 -1.954348 -1.176142 -0.017940 
2888 39.759501 0.000000 3.907120 100.808006 -2.102872 -1.230281 -0.016819 
2889 42.770010 0.000000 4.448776 95.909183 -6.158446 1.112720 0.076226 
2890 43.233165 0.000000 4.448776 96.072262 -6.462864 1.660528 0.072559 
2891 42.770010 0.000000 4.882102 96.426670 -5.954538 1.375731 0.066455 
2892 42.770010 0.000000 5.315427 96.818978 -5.938596 1.418680 0.058881 
2893 43.233165 0.000000 5.315427 96.869157 -6.323932 1.776822 0.057322 
2894 42.770010 0.000000 5.748752 97.092670 -6.126538 1.544094 0.053309 
2895 40.685811 0.000000 4.232114 111.066498 -11.412373 -10.101131 -0.256804 
2896 40.685811 0.000000 4.015451 109.201229 -12.527448 -10.324966 -0.218845 
2897 40.917389 0.000000 4.232114 109.103982 -17.417147 -7.091118 -0.225732 
2898 40.338445 0.000000 4.773770 98.879506 0.000000 -0.592053 0.022249 
2899 40.338445 0.000000 4.665439 98.772864 0.000000 -0.612419 0.024355 
2900 40.454234 0.000000 4.773770 98.489522 0.000000 -0.448148 0.029961 
2901 41.148967 0.000000 5.532090 97.133684 -4.154133 0.682331 0.054733 
2902 41.148967 0.000000 5.315427 97.084090 -3.932891 0.316671 0.055911 
2903 41.380544 0.000000 5.532090 97.068377 -4.497143 0.792729 0.055688 
2904 39.643712 0.000000 5.423758 100.319918 -0.000000 -0.752920 -0.006465 
2905 39.527923 0.000000 5.423758 100.441268 -0.000000 -0.810420 -0.008911 
2906 39.643712 0.000000 5.532090 100.426401 -0.000000 -0.776018 -0.008606 
2907 39.643712 0.000000 5.640421 100.380868 -0.000000 -0.756657 -0.007689 
2908 39.527923 0.000000 5.640421 100.528923 -0.000000 -0.817743 -0.010673 
2909 39.643712 0.000000 5.748752 100.565506 -0.000000 -0.783147 -0.011403 
2910 41.612122 0.000000 6.832066 97.540703 -5.401494 1.289308 0.045497 
2911 41.612122 0.000000 6.615403 97.488797 -4.692782 1.862618 0.047044 
2912 41.843699 0.000000 6.832066 97.564232 -6.044858 1.386736 0.044276 
2913 41.033178 0.000000 6.723734 98.930503 0.000000 0.151949 0.021273 
2914 41.033178 0.000000 6.615403 98.893980 0.000000 0.151765 0.021996 
2915 41.148967 0.000000 6.723734 98.906941 0.000000 0.261001 0.021735 
2916 41.612122 0.000000 6.398740 97.407869 -4.748175 1.149180 0.048784 
2917 41.612122 0.000000 6.182078 97.311527 -4.893050 1.141720 0.050522 
2918 41.843699 0.000000 6.398740 97.422557 -5.226478 1.240704 0.047999 
2919 41.033178 0.000000 6.507072 98.533985 0.000000 0.251685 0.029099 
2920 41.033178 0.000000 6.398740 98.286783 0.000000 0.295992 0.033962 
2921 41.148967 0.000000 6.507072 98.266570 0.000000 0.388195 0.034353 
2922 41.264755 0.000000 7.373722 98.939133 0.000000 0.002750 0.021105 
2923 41.264755 0.000000 7.265391 98.900207 0.000000 0.069952 0.021874 
2924 41.380544 0.000000 7.373722 98.654345 0.000000 0.161807 0.026729 
2925 40.570022 0.000000 7.590385 99.928695 -0.000000 -0.399713 0.001410 
2926 40.454234 0.000000 7.590385 100.008874 -0.000000 -0.427942 -0.000196 
2927 40.570022 0.000000 7.698716 99.871278 -0.000000 -0.341131 0.002561 
2928 40.570022 0.000000 7.807048 99.911448 -0.000000 -0.313279 0.001760 
2929 40.454234 0.000000 7.807048 100.007049 -0.000000 -0.394191 -0.000157 
2930 33.043749 0.000000 -3.784404 98.432839 -9.507635 13.718032 0.003240 
2931 33.043749 0.000000 -4.651055 98.557272 -8.833958 11.561818 0.007475 
2932 33.970059 0.000000 -3.784404 97.502259 -9.226655 13.174532 0.023461 
2933 34.896370 0.000000 -3.784404 97.063458 -8.955632 12.463734 0.034314 
2934 34.896370 0.000000 -4.651055 97.541127 -8.548770 10.912675 0.029356 
2935 35.822681 0.000000 -3.784404 96.705233 -8.805665 12.014565 0.042621 
2936 36.748991 0.000000 -3.784404 96.433164 -8.703564 11.340966 0.049628 
2937 36.748991 0.000000 -4.651055 97.050564 -8.626595 10.096286 0.040483 
2938 37.675302 0.000000 -3.784404 96.573539 -8.649603 10.975521 0.047827 
2939 38.601612 0.000000 -3.784404 96.338666 -8.304660 10.058463 0.054872 
2940 38.601612 0.000000 -4.651055 96.906415 -8.150229 9.198419 0.045811 
2941 39.527923 0.000000 -3.784404 96.458635 -8.086086 9.332196 0.054326 
2942 40.917389 0.000000 0.115524 102.759133 -7.566882 11.466211 -0.074817 
2943 40.454234 0.000000 0.115524 101.316689 -7.460506 19.101855 -0.068561 
2944 40.917389 0.000000 -0.317802 100.067679 -6.672977 23.787767 -0.062393 
2945 56.201514 0.000000 4.015451 99.099171 -6.682654 4.916338 0.011053 
2946 56.201514 0.000000 2.282150 99.103459 -5.461294 6.052065 0.011205 
2947 58.054135 0.000000 4.015451 99.193229 -6.628014 4.951950 0.009225 
2948 47.864718 0.000000 4.882102 98.086130 -7.189820 3.827392 0.031277 
2949 48.791029 0.000000 4.882102 98.299956 -7.235612 3.931681 0.026931 
2950 47.864718 0.000000 5.748752 98.215822 -7.584280 3.433825 0.028434 
2951 102.517044 0.000000 -18.517464 99.549775 -7.153483 5.826305 0.000472 
2952 102.517044 0.000000 -25.450669 99.541139 -7.144576 6.017110 0.000431 
2953 109.927529 0.000000 -18.517464 99.555433 -7.133828 5.837608 0.000375 
2954 69.169862 0.000000 -8.117657 99.444792 -7.419540 5.354800 0.002701 
2955 69.169862 0.000000 -11.584259 99.457652 -7.326832 5.559644 0.002358 
2956 72.875105 0.000000 -8.117657 99.478579 -7.369166 5.333537 0.002126 
2957 102.517044 0.000000 23.081764 99.584573 -6.960013 5.489992 0.000433 
2958 109.927529 0.000000 23.081764 99.588276 -7.011817 5.466810 0.000312 
2959 102.517044 0.000000 30.014969 99.570630 -6.885896 5.842936 0.000413 
2960 154.390438 0.000000 43.881378 99.572517 -6.918225 6.097333 0.000027 
2961 169.211407 0.000000 43.881378 99.572071 -6.937286 6.089401 0.000020 
2962 154.390438 0.000000 57.747788 99.566680 -6.895332 6.235756 0.000005 
2963 117.338014 0.000000 23.081764 99.591258 -7.067185 5.444069 0.000200 
2964 124.748498 0.000000 23.081764 99.590932 -7.127731 5.428335 0.000137 
2965 117.338014 0.000000 30.014969 99.578608 -6.931345 5.816489 0.000223 
2966 243.316256 0.000000 -39.317078 99.553177 -7.042467 6.259550 0.000039 
2967 243.316256 0.000000 -53.183488 99.549037 -7.047722 6.315865 0.000043 
2968 258.137225 0.000000 -39.317078 99.553403 -7.038471 6.265656 0.000032 
2969 117.338014 0.000000 -18.517464 99.559554 -7.115195 5.846982 0.000308 
2970 117.338014 0.000000 -25.450669 99.548921 -7.118712 6.025031 0.000304 
2971 124.748498 0.000000 -18.517464 99.563095 -7.098289 5.861407 0.000245 
2972 132.158983 0.000000 -18.517464 99.565250 -7.044054 5.868759 0.000270 
2973 132.158983 0.000000 -25.450669 99.553637 -7.057370 6.033743 0.000286 
2974 139.569468 0.000000 -18.517464 99.567611 -7.062828 5.882196 0.000181 
2975 146.979953 0.000000 -18.517464 99.569066 -7.050660 5.898621 0.000150 
2976 146.979953 0.000000 -25.450669 99.557456 -7.072994 6.050499 0.000168 
2977 154.390438 0.000000 -18.517464 99.570102 -7.039825 5.914339 0.000126 
2978 161.800923 0.000000 -4.651055 99.624410 -6.873658 5.282379 -0.000017 
2979 161.800923 0.000000 -11.584259 99.590179 -6.968452 5.702718 0.000072 
2980 169.211407 0.000000 -4.651055 99.624562 -6.837919 5.331287 -0.000023 
2981 59.906756 0.000000 4.015451 99.275832 -6.554129 4.971195 0.007664 
2982 59.906756 0.000000 2.282150 99.307852 -5.356837 5.688410 0.007690 
2983 61.759377 0.000000 4.015451 99.341464 -6.463118 4.974388 0.006476 
2984 63.611999 0.000000 4.015451 99.399430 -6.383004 5.020240 0.005381 
2985 63.611999 0.000000 2.282150 99.445753 -5.358158 5.425030 0.005240 
2986 65.464620 0.000000 4.015451 99.436140 -6.233973 5.149736 0.004707 
2987 -3.082365 0.000000 4.015451 97.123087 -6.916848 8.109748 0.045350 
2988 -4.934986 0.000000 4.015451 97.683330 -7.031447 7.297544 0.035527 
2989 -3.082365 0.000000 5.748752 97.833749 -6.948376 7.978430 0.031662 
2990 19.149090 0.000000 10.948656 101.728073 -7.385890 5.074881 -0.042891 
2991 17.296468 0.000000 10.948656 101.314200 -7.138973 6.267628 -0.035482 
2992 19.149090 0.000000 12.681957 101.528736 -6.906229 5.458380 -0.038557 
2993 35.359525 0.000000 6.182078 111.155860 0.000000 -7.741592 -0.241556 
2994 34.896370 0.000000 6.182078 113.939867 0.000000 -10.256353 -0.308749 
2995 35.359525 0.000000 6.615403 116.482331 0.000000 -11.786034 -0.370704 
2996 35.359525 0.000000 7.048728 115.160167 0.000000 -10.712313 -0.337662 
2997 34.896370 0.000000 7.048728 118.927961 0.000000 -13.874654 -0.433637 
2998 35.359525 0.000000 7.482054 117.039531 0.000000 -11.896147 -0.383977 
2999 47.864718 0.000000 6.615403 98.308837 -8.474837 2.941570 0.025490 
3000 48.791029 0.000000 6.615403 98.452756 -8.412260 3.005130 0.022726 
3001 47.864718 0.000000 7.482054 98.312415 -10.770153 1.254077 0.021710 
3002 47.864718 0.000000 8.348704 98.741223 -12.000514 -8.650218 0.003133 
3003 48.791029 0.000000 8.348704 98.859831 -11.601511 -7.130605 0.004129 
3004 47.864718 0.000000 9.215355 99.349268 -0.706843 -0.835132 0.012853 
3005 40.685811 0.000000 3.798789 108.248547 -12.120101 -10.414483 -0.197311 
3006 40.685811 0.000000 3.582126 107.877856 -11.492260 -10.928299 -0.188913 
3007 40.917389 0.000000 3.798789 109.598525 -12.382367 -13.326509 -0.234276 
3008 39.296345 0.000000 5.965415 101.091539 -0.000000 -0.870913 -0.022026 
3009 39.064768 0.000000 5.965415 101.309790 -0.000000 -0.883344 -0.026445 
3010 39.296345 0.000000 6.182078 101.083740 -0.000000 -0.827979 -0.021861 
3011 39.296345 0.000000 6.398740 101.228290 -0.000000 -0.812655 -0.024783 
3012 39.064768 0.000000 6.398740 101.436971 0.000000 -0.865576 -0.029021 
3013 39.296345 0.000000 6.615403 101.202499 0.000000 -0.800692 -0.024259 
3014 39.296345 0.000000 6.832066 101.199612 0.000000 -0.839160 -0.024207 
3015 39.064768 0.000000 6.832066 101.308118 0.000000 -0.867877 -0.026409 
3016 39.296345 0.000000 7.048728 101.188764 0.000000 -0.846364 -0.023988 
3017 39.296345 0.000000 7.265391 101.207575 -0.000000 -0.865772 -0.024372 
3018 39.064768 0.000000 7.265391 101.404923 -0.000000 -0.930392 -0.028382 
3019 39.296345 0.000000 7.482054 101.120947 -0.000000 -0.853368 -0.022617 
3020 47.864718 0.000000 10.082005 99.149573 -3.791202 2.615499 0.014815 
3021 48.791029 0.000000 10.082005 99.184942 -3.734042 2.551086 0.014190 
3022 47.864718 0.000000 10.948656 99.146057 -5.069920 3.367780 0.013301 
3023 39.296345 0.000000 7.698716 100.923640 -0.000000 -0.845377 -0.018630 
3024 39.064768 0.000000 7.698716 101.100176 -0.000000 -0.899081 -0.022205 
3025 39.296345 0.000000 7.915379 100.712171 -0.000000 -0.794531 -0.014357 
3026 39.296345 0.000000 8.132041 100.777851 -3.460442 -0.489403 -0.016839 
3027 39.064768 0.000000 8.132041 100.986209 -3.830355 -0.556139 -0.021320 
3028 39.296345 0.000000 8.348704 100.937755 -5.030241 -0.388922 -0.021389 
3029 11.738605 0.000000 7.482054 101.830792 -7.405445 8.479479 -0.049625 
3030 9.885984 0.000000 7.482054 101.686410 -7.444073 9.927044 -0.049409 
3031 11.738605 0.000000 9.215355 101.197395 -7.143346 8.298068 -0.036080 
3032 8.033362 0.000000 7.482054 100.744729 -7.585369 10.884316 -0.032551 
3033 6.180741 0.000000 7.482054 99.639381 -7.371442 10.960116 -0.010247 
3034 8.033362 0.000000 9.215355 100.471832 -7.138472 9.420045 -0.023428 
3035 3.401809 0.000000 3.148801 94.766477 -7.827054 14.745066 0.074064 
3036 2.475499 0.000000 3.148801 95.086888 -7.654478 13.260433 0.072405 
3037 3.401809 0.000000 4.015451 95.957259 -7.790481 13.301152 0.055459 
3038 21.928022 0.000000 3.148801 106.801163 -12.554464 0.245849 -0.156416 
3039 22.854332 0.000000 3.148801 107.146178 -12.264730 0.232996 -0.163078 
3040 21.928022 0.000000 4.015451 106.725626 -12.520185 0.318467 -0.154722 
3041 23.780643 0.000000 3.148801 107.434818 -12.118155 -1.061264 -0.169022 
3042 23.780643 0.000000 4.015451 107.565279 -12.102608 -1.720077 -0.171972 
3043 23.780643 0.000000 4.882102 103.694058 -9.054124 1.391607 -0.083637 
3044 22.854332 0.000000 4.882102 103.675601 -9.223853 2.323967 -0.083911 
3045 23.780643 0.000000 5.748752 102.926263 -8.622647 2.321036 -0.067355 
3046 21.928022 0.000000 4.882102 103.478298 -9.420579 2.885361 -0.080483 
3047 21.001711 0.000000 4.882102 102.964985 -9.243155 3.988728 -0.070313 
3048 21.928022 0.000000 5.748752 102.930616 -8.692174 3.269413 -0.068095 
3049 31.191128 0.000000 6.615403 100.151314 -8.605605 1.269191 -0.010595 
3050 30.264817 0.000000 6.615403 100.549119 -8.436270 1.311087 -0.018301 
3051 31.191128 0.000000 7.482054 100.201082 -8.182982 2.033622 -0.011135 
3052 31.191128 0.000000 8.348704 100.098576 -7.993153 2.565637 -0.009020 
3053 30.264817 0.000000 8.348704 100.396549 -7.807283 2.601805 -0.014719 
3054 31.191128 0.000000 9.215355 100.328728 -7.550581 2.884351 -0.013118 
3055 33.506904 0.000000 5.315427 115.284553 0.000000 -13.309042 -0.346766 
3056 33.043749 0.000000 5.315427 98.980218 -12.738302 0.133681 0.004063 
3057 33.506904 0.000000 5.748752 99.112383 -12.860887 0.750408 0.001077 
3058 32.580593 0.000000 5.315427 99.242080 -11.475981 0.042173 0.001931 
3059 32.117438 0.000000 5.315427 99.662464 -10.667767 -0.276359 -0.004648 
3060 32.580593 0.000000 5.748752 99.355419 -10.643645 0.597765 0.001486 
3061 39.991078 0.000000 0.982174 103.890707 -7.798305 8.363525 -0.092404 
3062 39.527923 0.000000 0.982174 103.500752 -8.229756 11.254823 -0.090681 
3063 39.991078 0.000000 0.548849 103.703574 -7.704429 9.165765 -0.089780 
3064 36.285836 0.000000 0.982174 104.054544 -7.926067 13.432010 -0.107059 
3065 35.822681 0.000000 0.982174 105.396001 -7.994265 11.144921 -0.129643 
3066 36.748991 0.000000 0.982174 103.714104 -8.860436 12.686787 -0.099608 
3067 37.212146 0.000000 0.982174 104.929023 -7.798013 10.378429 -0.117862 
3068 37.675302 0.000000 0.982174 104.555152 -7.802484 10.797271 -0.110924 
3069 39.759501 0.000000 2.498813 102.736060 -11.033304 3.683452 -0.069000 
3070 39.759501 0.000000 2.282150 102.291129 -13.388133 3.238836 -0.065321 
3071 39.991078 0.000000 2.498813 103.876308 -10.643117 3.293791 -0.091441 
3072 40.222656 0.000000 2.932138 105.350324 -8.473654 1.265594 -0.117210 
3073 40.222656 0.000000 2.715475 104.411194 -9.942860 2.908651 -0.100902 
3074 40.454234 0.000000 2.932138 106.019570 -8.770543 -0.784950 -0.131769 
3075 38.370035 0.000000 2.932138 100.411075 -4.164893 -9.343466 -0.018703 
3076 38.138457 0.000000 2.932138 105.673182 -4.842249 -8.954873 -0.127046 
3077 38.370035 0.000000 2.715475 98.839574 -5.132406 -10.102995 0.010233 
3078 41.380544 0.000000 -6.384356 97.789387 -7.904861 7.201346 0.032289 
3079 41.380544 0.000000 -8.117657 98.241530 -7.831227 6.883495 0.023989 
3080 43.233165 0.000000 -6.384356 97.901317 -7.804587 6.633652 0.031042 
3081 40.454234 0.000000 -3.784404 96.507218 -7.991530 8.716226 0.054652 
3082 40.454234 0.000000 -4.651055 96.985879 -7.934174 8.166570 0.046410 
3083 41.380544 0.000000 -3.784404 96.584015 -7.789087 8.101952 0.054522 
3084 42.306855 0.000000 -3.784404 96.763014 -7.817202 7.556887 0.051870 
3085 42.306855 0.000000 -4.651055 97.209078 -7.853655 7.267661 0.043590 
3086 43.233165 0.000000 -3.784404 96.972117 -7.757875 7.054474 0.048646 
3087 42.770010 0.000000 6.182078 97.334621 -6.534240 1.734468 0.048027 
3088 43.233165 0.000000 6.182078 97.382856 -6.937816 1.940672 0.046468 
3089 42.770010 0.000000 6.615403 97.542133 -7.039110 1.950432 0.043218 
3090 42.770010 0.000000 7.048728 97.683377 -8.275712 1.819376 0.038616 
3091 43.233165 0.000000 7.048728 97.714268 -8.802636 1.948518 0.037064 
3092 42.770010 0.000000 7.482054 97.724556 -11.124719 1.594741 0.032361 
3093 42.770010 0.000000 7.915379 97.606046 -17.251300 0.476298 0.017523 
3094 43.233165 0.000000 7.915379 97.650976 -17.101795 0.165374 0.017179 
3095 42.770010 0.000000 8.348704 98.016063 -35.711400 -46.645125 -0.305822 
3096 42.770010 0.000000 8.782029 99.717409 7.932742 -1.126908 -0.000776 
3097 43.233165 0.000000 8.782029 99.708075 7.859488 -2.249375 -0.000853 
3098 42.770010 0.000000 9.215355 99.296982 -0.226154 1.527377 0.013773 
3099 28.991140 0.000000 2.823807 102.909579 -2.892987 31.660363 -0.160113 
3100 28.991140 0.000000 2.715475 102.489089 -3.615901 19.391884 -0.089313 
3101 29.106929 0.000000 2.823807 101.347152 -2.622346 23.210655 -0.081686 
3102 28.527985 0.000000 3.257132 103.950406 -1.935234 4.990121 -0.083433 
3103 28.412196 0.000000 3.257132 97.760585 -1.877240 4.582003 0.041835 
3104 28.527985 0.000000 3.365463 102.268359 -1.998249 3.213582 -0.047314 
3105 31.654283 0.000000 5.315427 99.997558 -10.163207 -0.206898 -0.010285 
3106 31.191128 0.000000 5.315427 100.342397 -9.862100 -0.188249 -0.016589 
3107 31.654283 0.000000 5.748752 99.918373 -9.510038 0.437939 -0.007431 
3108 30.727972 0.000000 5.315427 100.791759 -9.526512 -0.161147 -0.024976 
3109 30.264817 0.000000 5.315427 101.208637 -9.495269 0.076063 -0.033335 
3110 30.727972 0.000000 5.748752 100.571053 -9.141279 0.402001 -0.019826 
3111 39.759501 0.000000 8.565367 100.669880 -6.186327 -0.218186 -0.017274 
3112 39.527923 0.000000 8.565367 100.882610 -6.008317 -0.257855 -0.021347 
3113 39.759501 0.000000 8.782029 101.171435 -9.718058 0.000000 -0.033010 
3114 35.359525 0.000000 7.915379 99.069333 -13.322022 3.226182 -0.000262 
3115 34.896370 0.000000 7.915379 99.047224 -11.607186 2.933887 0.004631 
3116 35.359525 0.000000 8.348704 99.264850 -11.598021 3.548603 -0.000062 
3117 35.359525 0.000000 8.782029 99.796599 -10.520654 3.440622 -0.008188 
3118 34.896370 0.000000 8.782029 99.539047 -9.867105 3.422454 -0.001709 
3119 35.359525 0.000000 9.215355 99.999903 -9.733960 3.426858 -0.010647 
3120 39.875289 0.000000 3.907120 101.437298 -3.004812 -1.694553 -0.030143 
3121 39.875289 0.000000 3.798789 102.760735 -5.394898 -2.346965 -0.059438 
3122 39.991078 0.000000 3.907120 103.647676 -6.673103 -3.394919 -0.079890 
3123 40.338445 0.000000 4.557108 99.095644 0.000000 -0.865123 0.017930 
3124 40.338445 0.000000 4.448776 99.100707 0.000000 -0.866511 0.017830 
3125 40.454234 0.000000 4.557108 99.105772 0.000000 -0.867900 0.017729 
3126 41.148967 0.000000 5.098764 97.005458 -4.185575 0.068802 0.057242 
3127 41.148967 0.000000 4.882102 96.934834 -4.102562 0.177750 0.058678 
3128 41.380544 0.000000 5.098764 96.879888 -4.529344 0.197835 0.059373 
3129 41.612122 0.000000 5.965415 97.242861 -4.506026 1.070461 0.052238 
3130 41.612122 0.000000 5.748752 97.139037 -4.672108 0.846879 0.054146 
3131 41.843699 0.000000 5.965415 97.234837 -4.907175 1.165761 0.051995 
3132 41.264755 0.000000 7.157060 98.904595 0.000000 0.076830 0.021788 
3133 41.264755 0.000000 7.048728 98.789866 0.000000 0.206493 0.024052 
3134 41.380544 0.000000 7.157060 98.663297 0.000000 0.155842 0.026553 
3135 40.917389 0.000000 -0.751127 99.261689 -7.056039 24.915229 -0.052344 
3136 40.454234 0.000000 -0.751127 99.820909 -7.664302 25.076684 -0.065180 
3137 40.917389 0.000000 -1.184452 94.020968 -7.648743 11.377010 0.097212 
3138 39.991078 0.000000 0.115524 101.897876 -7.577240 18.217573 -0.077247 
3139 39.527923 0.000000 0.115524 102.643705 -7.376433 15.470652 -0.082948 
3140 39.991078 0.000000 -0.317802 101.344666 -6.750377 22.251764 -0.081145 
3141 45.085787 0.000000 -6.384356 98.127562 -7.763627 6.174153 0.027259 
3142 45.085787 0.000000 -8.117657 98.398272 -7.754278 6.119869 0.022020 
3143 46.938408 0.000000 -6.384356 98.322847 -7.708428 5.876949 0.023866 
3144 44.159476 0.000000 -3.784404 97.197119 -7.743068 6.572209 0.044957 
3145 44.159476 0.000000 -4.651055 97.513722 -7.733837 6.483251 0.038923 
3146 45.085787 0.000000 -3.784404 97.468449 -7.698751 6.306922 0.040085 
3147 46.012097 0.000000 -3.784404 97.714599 -7.708636 6.038094 0.035598 
3148 46.012097 0.000000 -4.651055 97.910079 -7.730934 6.011021 0.031772 
3149 46.938408 0.000000 -3.784404 97.935872 -7.691953 5.834133 0.031536 
3150 56.201514 0.000000 0.548849 99.129367 -5.448749 5.682970 0.011138 
3151 56.201514 0.000000 -1.184452 98.999451 -7.535584 5.805492 0.010862 
3152 58.054135 0.000000 0.548849 99.219701 -5.341002 5.931621 0.009174 
3153 48.791029 0.000000 -6.384356 98.523574 -7.765497 5.650607 0.020087 
3154 48.791029 0.000000 -8.117657 98.694163 -8.001888 5.724831 0.016266 
3155 50.643650 0.000000 -6.384356 98.716093 -7.814978 5.510562 0.016369 
3156 47.864718 0.000000 -3.784404 98.091583 -7.700673 5.688682 0.028638 
3157 47.864718 0.000000 -4.651055 98.199030 -7.679742 5.672916 0.026579 
3158 48.791029 0.000000 -3.784404 98.265254 -7.661820 5.563162 0.025429 
3159 184.032377 0.000000 43.881378 99.571378 -6.957962 6.082327 0.000013 
3160 198.853347 0.000000 43.881378 99.570332 -6.980800 6.077128 0.000009 
3161 184.032377 0.000000 57.747788 99.566238 -6.909731 6.226246 0.000005 
3162 132.158983 0.000000 23.081764 99.591478 -7.168484 5.412060 0.000086 
3163 139.569468 0.000000 23.081764 99.589123 -7.259710 5.407865 0.000006 
3164 132.158983 0.000000 30.014969 99.584475 -6.981034 5.786982 0.000071 
3165 146.979953 0.000000 23.081764 99.584531 -7.331518 5.414952 -0.000015 
3166 154.390438 0.000000 23.081764 99.579152 -7.404087 5.431220 -0.000033 
3167 146.979953 0.000000 30.014969 99.582969 -7.038170 5.771714 0.000038 
3168 213.674316 0.000000 43.881378 99.569061 -7.004822 6.073496 0.000005 
3169 228.495286 0.000000 43.881378 99.567522 -7.030159 6.072008 0.000002 
3170 213.674316 0.000000 57.747788 99.565591 -6.927973 6.217697 0.000004 
3171 176.621892 0.000000 -4.651055 99.624193 -6.807101 5.380692 -0.000027 
3172 176.621892 0.000000 -11.584259 99.590335 -6.939642 5.755684 0.000048 
3173 184.032377 0.000000 -4.651055 99.623402 -6.780998 5.429678 -0.000029 
3174 161.800923 0.000000 -18.517464 99.570890 -7.029442 5.929933 0.000106 
3175 161.800923 0.000000 -25.450669 99.559604 -7.058804 6.069024 0.000123 
3176 169.211407 0.000000 -18.517464 99.571419 -7.020541 5.945172 0.000090 
3177 15.443847 0.000000 10.948656 101.536591 -7.097365 6.825128 -0.040663 
3178 13.591226 0.000000 10.948656 101.125590 -6.882717 7.456828 -0.032936 
3179 15.443847 0.000000 12.681957 101.281550 -6.763410 6.720142 -0.034886 
3180 11.738605 0.000000 10.948656 101.075675 -6.906491 7.829388 -0.032529 
3181 9.885984 0.000000 10.948656 100.755534 -6.927314 8.285901 -0.026832 
3182 11.738605 0.000000 12.681957 101.065248 -6.889004 7.430514 -0.031686 
3183 1.549188 0.000000 3.148801 95.370709 -7.450014 12.132608 0.070173 
3184 0.622878 0.000000 3.148801 95.578284 -7.336678 11.104837 0.068765 
3185 1.549188 0.000000 4.015451 96.220425 -7.301426 11.241715 0.056194 
3186 31.191128 0.000000 10.082005 100.225934 -7.897152 3.256416 -0.011821 
3187 30.264817 0.000000 10.082005 100.418503 -7.236778 3.330537 -0.014734 
3188 31.191128 0.000000 10.948656 100.233530 -7.731865 3.540618 -0.011908 
3189 34.433215 0.000000 6.182078 115.921459 0.000000 -12.303767 -0.358917 
3190 33.970059 0.000000 6.182078 99.165831 -13.419513 1.120229 -0.001520 
3191 34.433215 0.000000 6.615403 98.886963 -13.924143 1.789777 0.002428 
3192 34.433215 0.000000 7.048728 98.949240 -12.379608 2.117531 0.005131 
3193 33.970059 0.000000 7.048728 99.207265 -10.796071 1.906274 0.003773 
3194 34.433215 0.000000 7.482054 99.045612 -11.237100 2.487467 0.005751 
3195 52.496271 0.000000 -6.384356 98.861763 -7.660165 5.433800 0.013815 
3196 52.496271 0.000000 -8.117657 99.036404 -7.533247 5.622142 0.010343 
3197 54.348893 0.000000 -6.384356 99.074302 -7.508583 5.470768 0.009797 
3198 59.906756 0.000000 0.548849 99.292459 -5.026312 6.343952 0.007550 
3199 59.906756 0.000000 -1.184452 99.167129 -7.649714 5.679931 0.007510 
3200 61.759377 0.000000 0.548849 99.363488 -4.288214 7.025578 0.005915 
3201 40.685811 0.000000 3.365463 105.688688 -9.181061 -1.712830 -0.125732 
3202 40.685811 0.000000 3.148801 105.812586 -8.927790 -0.805719 -0.127666 
3203 40.917389 0.000000 3.365463 105.224919 -9.329778 -0.358352 -0.115946 
3204 38.833190 0.000000 5.965415 101.485419 0.000000 -0.958982 -0.030021 
3205 38.601612 0.000000 5.965415 101.626977 -0.000000 -1.006192 -0.032905 
3206 38.833190 0.000000 6.182078 101.518151 0.000000 -0.935270 -0.030681 
3207 38.833190 0.000000 6.398740 101.533429 -0.000000 -0.909893 -0.030987 
3208 38.601612 0.000000 6.398740 101.753842 -0.000000 -0.962717 -0.035477 
3209 38.833190 0.000000 6.615403 101.466722 -0.000000 -0.925749 -0.029635 
3210 38.833190 0.000000 6.832066 101.556264 -0.000000 -0.922750 -0.031453 
3211 38.601612 0.000000 6.832066 101.711335 -0.000000 -0.947972 -0.034609 
3212 38.833190 0.000000 7.048728 101.498007 -0.000000 -0.926941 -0.030270 
3213 38.833190 0.000000 7.265391 101.542708 -0.000000 -0.940678 -0.031181 
3214 38.601612 0.000000 7.265391 101.792381 -0.000000 -0.981372 -0.036265 
3215 38.833190 0.000000 7.482054 101.401681 -0.000000 -0.972469 -0.028325 
3216 38.833190 0.000000 7.698716 101.156910 -0.000000 -0.980247 -0.023368 
3217 38.601612 0.000000 7.698716 101.354162 -0.000000 -1.076103 -0.027382 
3218 38.833190 0.000000 7.915379 100.961276 -0.816604 -0.922453 -0.019470 
3219 38.833190 0.000000 8.132041 100.930750 -3.245114 -0.677465 -0.019801 
3220 38.601612 0.000000 8.132041 101.244521 -3.714539 -0.740853 -0.026480 
3221 38.833190 0.000000 8.348704 101.141521 -5.262339 -0.521518 -0.025757 
3222 39.296345 0.000000 8.565367 101.039157 -6.196463 -0.298603 -0.024740 
3223 39.064768 0.000000 8.565367 101.052488 -5.426372 -0.413811 -0.024122 
3224 39.296345 0.000000 8.782029 101.210710 -7.080196 -0.223726 -0.029379 
3225 40.106867 0.000000 3.907120 105.212927 -8.346612 -5.073051 -0.116516 
3226 40.106867 0.000000 3.798789 105.488688 -8.739254 -5.280883 -0.123213 
3227 40.222656 0.000000 3.907120 105.710009 -8.998462 -5.453789 -0.128532 
3228 41.612122 0.000000 5.532090 97.025551 -4.811686 0.884172 0.056211 
3229 41.612122 0.000000 5.315427 96.922099 -4.636852 0.553218 0.058430 
3230 41.843699 0.000000 5.532090 96.991441 -5.112305 1.004276 0.056552 
3231 33.506904 0.000000 6.182078 99.300217 -11.491380 1.144538 0.000611 
3232 33.043749 0.000000 6.182078 99.442994 -10.533975 1.054153 -0.000098 
3233 33.506904 0.000000 6.615403 99.305835 -10.761854 1.542547 0.002015 
3234 33.506904 0.000000 7.048728 99.529887 -10.090617 1.751665 -0.001109 
3235 33.043749 0.000000 7.048728 99.573187 -9.441998 1.777913 -0.000713 
3236 33.506904 0.000000 7.482054 99.670407 -9.633251 1.966107 -0.003086 
3237 38.370035 0.000000 5.965415 101.912841 -0.000000 -1.029214 -0.038729 
3238 38.138457 0.000000 5.965415 102.060094 -0.000000 -1.019152 -0.041730 
3239 38.370035 0.000000 6.182078 101.958495 -0.000000 -0.998121 -0.039653 
3240 38.370035 0.000000 6.398740 101.964476 -0.000000 -0.985057 -0.039772 
3241 38.138457 0.000000 6.398740 102.169506 -0.000000 -1.015963 -0.043964 
3242 38.370035 0.000000 6.615403 101.994164 -0.000000 -0.978378 -0.040377 
1 11 62 60 61 
2 62 10 24 60 
3 60 24 14 63 
4 61 60 63 6 
5 24 66 64 65 
6 66 23 40 64 
7 64 40 27 67 
8 65 64 67 14 
9 40 70 68 69 
10 69 68 71 27 
11 6 63 92 93 
12 63 14 36 92 
13 92 36 19 94 
14 93 92 94 20 
15 14 67 95 96 
16 67 27 52 95 
17 95 52 35 97 
18 96 95 97 36 
19 27 71 98 99 
20 99 98 100 52 
21 68 112 110 111 
22 112 56 80 110 
23 110 80 43 113 
24 111 110 113 71 
25 80 116 114 115 
26 115 114 117 43 
27 12 120 118 119 
28 120 7 121 118 
29 118 121 13 25 
30 119 118 25 10 
31 25 124 122 123 
32 124 13 125 122 
33 122 125 26 41 
34 123 122 41 23 
35 41 128 126 127 
36 128 26 129 126 
37 126 129 42 57 
38 127 126 57 39 
39 39 132 130 131 
40 132 57 133 130 
41 130 133 55 81 
42 131 130 81 56 
43 81 136 134 135 
44 136 55 137 134 
45 56 145 143 144 
46 145 81 135 143 
47 144 143 116 80 
48 116 148 146 147 
49 148 79 139 146 
50 146 139 106 149 
51 147 146 149 114 
52 156 158 103 159 
53 157 156 159 101 
54 139 166 164 165 
55 164 167 142 168 
56 165 164 168 106 
57 135 171 169 170 
58 171 134 172 169 
59 169 172 107 140 
60 170 169 140 79 
61 79 175 173 174 
62 175 140 176 173 
63 173 176 138 166 
64 174 173 166 139 
65 138 186 185 167 
66 186 141 187 185 
67 185 187 105 188 
68 167 185 188 142 
69 166 191 189 190 
70 191 138 192 189 
71 189 192 167 193 
72 190 189 193 164 
73 142 188 197 198 
74 188 105 199 197 
75 197 199 162 200 
76 198 197 200 160 
77 105 202 201 199 
78 202 184 203 201 
79 199 201 204 162 
80 184 213 212 203 
81 213 108 214 212 
82 212 214 195 215 
83 203 212 215 194 
84 216 218 158 219 
85 217 216 219 156 
86 162 204 220 221 
87 204 194 222 220 
88 220 222 196 223 
89 221 220 223 109 
90 201 226 224 225 
91 226 203 227 224 
92 224 227 194 228 
93 225 224 228 204 
94 57 230 229 133 
95 230 42 231 229 
96 229 231 58 89 
97 133 229 89 55 
98 55 233 232 137 
99 233 89 234 232 
100 137 240 238 239 
101 240 232 241 238 
102 238 241 178 236 
103 239 238 236 82 
104 82 244 242 243 
105 244 236 245 242 
106 242 245 235 246 
107 243 242 246 183 
108 247 248 205 249 
109 218 247 249 158 
110 195 252 250 251 
111 252 208 253 250 
112 250 253 211 254 
113 251 250 254 59 
114 236 268 267 245 
115 268 178 269 267 
116 267 269 237 270 
117 245 267 270 235 
118 277 279 206 280 
119 248 277 280 205 
120 211 283 281 282 
121 283 180 284 281 
122 281 284 248 285 
123 282 281 285 247 
124 89 287 286 234 
125 287 58 288 286 
126 232 290 289 241 
127 290 234 291 289 
128 289 291 88 264 
129 241 289 264 178 
130 264 298 296 297 
131 298 88 299 296 
132 296 299 265 300 
133 297 296 300 263 
134 303 305 274 306 
135 279 303 306 206 
136 278 309 307 308 
137 309 91 310 307 
138 307 310 279 311 
139 308 307 311 277 
140 318 320 275 321 
141 305 318 321 274 
142 304 324 322 323 
143 324 262 325 322 
144 322 325 305 326 
145 323 322 326 303 
146 319 339 337 338 
147 339 5 340 337 
148 337 340 320 341 
149 338 337 341 318 
150 7 343 342 121 
151 343 16 344 342 
152 342 344 15 32 
153 121 342 32 13 
154 13 346 345 125 
155 346 32 347 345 
156 345 347 31 48 
157 125 345 48 26 
158 26 349 348 129 
159 349 48 350 348 
160 348 350 47 85 
161 129 348 85 42 
162 42 352 351 231 
163 352 85 353 351 
164 351 353 84 256 
165 231 351 256 58 
166 58 355 354 288 
167 355 256 356 354 
168 390 393 381 394 
169 391 390 394 327 
170 256 396 395 356 
171 396 84 397 395 
172 354 400 398 399 
173 400 356 401 398 
174 398 401 255 379 
175 399 398 379 328 
176 328 404 402 403 
177 404 379 405 402 
178 377 411 410 393 
179 411 380 412 410 
180 410 412 329 413 
181 393 410 413 381 
182 416 377 417 414 
183 414 417 393 418 
184 415 414 418 390 
185 315 439 437 438 
186 439 389 440 437 
187 437 440 434 441 
188 438 437 441 335 
189 388 458 456 457 
190 458 446 459 456 
191 386 467 465 466 
192 467 388 457 465 
193 21 46 472 473 
194 46 28 474 472 
195 472 474 30 475 
196 473 472 475 9 
197 37 74 476 477 
198 74 44 478 476 
199 476 478 46 479 
200 477 476 479 21 
201 53 152 480 481 
202 152 72 482 480 
203 480 482 74 483 
204 481 480 483 37 
205 77 273 484 485 
206 273 150 486 484 
207 484 486 152 487 
208 485 484 487 53 
209 488 490 150 491 
210 489 488 491 273 
211 316 445 492 493 
212 493 492 495 271 
213 496 498 445 499 
214 497 496 499 316 
215 389 511 509 510 
216 510 509 512 440 
217 513 489 273 515 
218 514 513 515 77 
219 314 436 516 517 
220 436 316 493 516 
221 516 493 271 518 
222 517 516 518 317 
223 519 497 316 521 
224 520 519 521 436 
225 465 532 530 531 
226 532 457 533 530 
227 530 533 258 470 
228 531 530 470 454 
229 454 536 534 535 
230 536 470 537 534 
231 534 537 468 527 
232 535 534 527 469 
233 527 543 541 542 
234 543 468 544 541 
235 542 541 545 525 
236 470 547 546 537 
237 547 258 548 546 
238 546 548 461 539 
239 537 546 539 468 
240 468 550 549 544 
241 550 539 551 549 
242 549 551 538 552 
243 440 512 553 554 
244 554 553 555 434 
245 453 529 556 557 
246 529 471 558 556 
247 556 558 522 559 
248 557 556 559 523 
249 525 545 560 561 
250 560 562 471 563 
251 561 560 563 529 
252 541 566 564 565 
253 566 544 567 564 
254 565 564 568 545 
255 509 571 569 570 
256 571 469 526 569 
257 569 526 453 572 
258 570 569 572 512 
259 469 575 573 574 
260 575 527 542 573 
261 573 542 525 576 
262 574 573 576 526 
263 447 601 599 600 
264 601 588 602 599 
265 376 605 603 604 
266 605 593 606 603 
267 603 606 591 607 
268 446 609 608 459 
269 609 447 600 608 
270 597 612 610 611 
271 612 376 604 610 
272 610 604 592 613 
273 611 610 613 596 
274 592 607 621 622 
275 607 591 623 621 
276 621 623 595 624 
277 622 621 624 444 
278 604 627 625 626 
279 627 603 628 625 
280 625 628 607 629 
281 626 625 629 592 
282 588 642 641 602 
283 642 590 643 641 
284 582 646 644 645 
285 645 644 648 594 
286 638 663 661 662 
287 663 640 664 661 
288 661 685 683 684 
289 685 664 686 683 
290 664 692 691 686 
291 692 675 693 691 
292 691 693 678 694 
293 686 691 694 578 
294 683 701 699 700 
295 701 686 702 699 
296 699 702 578 703 
297 662 709 707 708 
298 709 661 684 707 
299 707 684 665 710 
300 708 707 710 631 
301 684 713 711 712 
302 713 683 700 711 
303 712 711 714 665 
304 694 678 716 715 
305 703 578 720 718 
306 718 720 697 721 
307 719 718 721 695 
308 700 724 722 723 
309 724 699 725 722 
310 722 725 703 726 
311 631 710 729 730 
312 710 665 696 729 
313 730 729 731 680 
314 665 714 732 733 
315 732 719 695 734 
316 733 732 734 696 
317 711 737 735 736 
318 737 700 723 735 
319 735 723 687 738 
320 736 735 738 714 
321 687 726 739 740 
322 726 703 741 739 
323 739 741 718 742 
324 740 739 742 719 
325 723 745 743 744 
326 745 722 746 743 
327 743 746 726 747 
328 744 743 747 687 
329 677 764 762 763 
330 764 752 765 762 
331 762 765 755 766 
332 763 762 766 660 
333 659 768 767 754 
334 768 748 769 767 
335 767 769 751 770 
336 754 767 770 372 
337 772 754 773 771 
338 771 773 372 774 
339 765 771 774 755 
340 85 776 775 353 
341 776 47 777 775 
342 775 777 86 370 
343 353 775 370 84 
344 84 779 778 397 
345 779 370 780 778 
346 753 791 789 790 
347 791 659 792 789 
348 789 792 754 772 
349 790 789 772 752 
350 752 795 793 794 
351 795 772 796 793 
352 793 796 771 797 
353 794 793 797 765 
354 234 799 798 291 
355 799 286 800 798 
356 798 800 260 293 
357 291 798 293 88 
358 88 802 801 299 
359 802 293 803 801 
360 805 807 295 808 
361 806 805 808 179 
362 299 811 809 810 
363 811 801 812 809 
364 810 809 813 265 
365 293 817 816 803 
366 817 260 818 816 
367 816 818 294 819 
368 803 816 819 292 
369 801 821 820 812 
370 821 803 822 820 
371 820 822 292 823 
372 263 300 824 825 
373 300 265 806 824 
374 824 806 179 826 
375 825 824 826 266 
376 265 813 827 828 
377 827 829 805 830 
378 828 827 830 806 
379 809 833 831 832 
380 833 812 834 831 
381 832 831 835 813 
382 292 819 836 807 
383 819 294 837 836 
384 836 837 259 838 
385 807 836 838 295 
386 823 292 840 839 
387 839 840 807 841 
388 829 839 841 805 
389 812 843 842 834 
390 843 820 844 842 
391 842 844 823 845 
392 834 842 845 804 
393 813 835 846 847 
394 835 804 848 846 
395 846 848 829 849 
396 847 846 849 827 
397 831 852 850 851 
398 852 834 853 850 
399 850 853 804 854 
400 851 850 854 835 
401 286 856 855 800 
402 856 288 857 855 
403 855 857 90 815 
404 800 855 815 260 
405 260 859 858 818 
406 859 815 860 858 
407 858 860 814 861 
408 818 858 861 294 
409 815 863 862 860 
410 863 90 864 862 
411 862 864 383 865 
412 860 862 865 814 
413 288 867 866 857 
414 867 354 399 866 
415 866 399 328 384 
416 857 866 384 90 
417 90 869 868 864 
418 869 384 870 868 
419 868 870 382 871 
420 383 871 873 874 
421 871 382 875 873 
422 873 875 385 876 
423 874 873 876 261 
424 864 879 877 878 
425 879 868 880 877 
426 877 880 871 881 
427 878 877 881 383 
428 384 883 882 870 
429 883 328 403 882 
430 882 403 378 884 
431 870 882 884 382 
432 382 884 885 875 
433 884 378 391 885 
434 885 391 327 886 
435 875 885 886 385 
436 378 889 887 888 
437 889 392 415 887 
438 887 415 390 890 
439 888 887 890 391 
440 379 892 891 405 
441 892 255 893 891 
442 891 893 380 411 
443 405 891 411 377 
444 402 896 894 895 
445 896 405 897 894 
446 894 897 377 416 
447 895 894 416 392 
448 392 900 898 899 
449 900 416 901 898 
450 898 901 414 902 
451 899 898 902 415 
452 602 905 903 904 
453 905 641 906 903 
454 904 903 646 582 
455 908 87 909 907 
456 907 909 636 910 
457 646 913 911 912 
458 912 911 915 644 
459 641 917 916 906 
460 917 643 918 916 
461 916 918 87 908 
462 920 908 921 919 
463 919 921 907 922 
464 594 648 926 927 
465 648 634 928 926 
466 926 928 637 929 
467 927 926 929 581 
468 644 915 930 931 
469 915 647 932 930 
470 930 932 634 933 
471 931 930 933 648 
472 911 936 934 935 
473 934 937 647 938 
474 935 934 938 915 
475 903 941 939 940 
476 941 906 942 939 
477 939 942 635 913 
478 940 939 913 646 
479 913 945 943 944 
480 945 635 946 943 
481 943 946 914 936 
482 944 943 936 911 
483 634 910 947 928 
484 910 636 948 947 
485 947 948 583 949 
486 928 947 949 637 
487 647 922 950 932 
488 922 907 951 950 
489 950 951 910 952 
490 932 950 952 634 
491 914 954 953 937 
492 954 919 955 953 
493 953 955 922 956 
494 937 953 956 647 
495 936 959 957 958 
496 959 914 960 957 
497 957 960 937 961 
498 958 957 961 934 
499 150 430 962 486 
500 430 151 963 962 
501 962 963 72 964 
502 486 962 964 152 
503 965 966 430 967 
504 490 965 967 150 
505 636 975 974 948 
506 975 727 976 974 
507 974 976 728 977 
508 948 974 977 583 
509 630 994 992 993 
510 993 992 995 972 
511 682 1001 999 1000 
512 1001 989 1002 999 
513 999 1002 987 1003 
514 1000 999 1003 988 
515 680 731 1004 1005 
516 1005 1004 994 630 
517 994 1008 1006 1007 
518 1008 682 1000 1006 
519 1006 1000 988 1009 
520 1007 1006 1009 992 
521 972 995 1014 1015 
522 1015 1014 1017 633 
523 728 1020 1018 1019 
524 1020 630 993 1018 
525 1018 993 972 1021 
526 1019 1018 1021 971 
527 995 1034 1032 1033 
528 1034 978 1035 1032 
529 1032 1035 1016 1036 
530 1033 1032 1036 1014 
531 1041 1042 151 1043 
532 966 1041 1043 430 
533 1051 1053 966 1054 
534 1052 1051 1054 965 
535 1074 1052 965 1076 
536 1075 1074 1076 490 
537 580 1058 1077 1078 
538 1058 983 1079 1077 
539 1077 1079 1051 1080 
540 1078 1077 1080 1052 
541 1081 1083 983 1084 
542 1082 1081 1084 1058 
543 457 1086 1085 533 
544 1086 456 1087 1085 
545 1085 1087 450 462 
546 533 1085 462 258 
547 258 1089 1088 548 
548 1089 462 1090 1088 
549 1088 1090 460 506 
550 548 1088 506 461 
551 1096 463 1097 1095 
552 1095 1097 448 1098 
553 506 1101 1099 1100 
554 1101 460 1102 1099 
555 1099 1102 507 1103 
556 1100 1099 1103 504 
557 539 1105 1104 551 
558 1105 461 1106 1104 
559 551 1104 1107 538 
560 461 1109 1108 1106 
561 1109 506 1100 1108 
562 1108 1100 504 1110 
563 1106 1108 1110 505 
564 471 540 1111 558 
565 540 449 1112 1111 
566 1111 1112 501 1113 
567 558 1111 1113 522 
568 538 1107 1114 1115 
569 1107 505 1116 1114 
570 1114 1116 449 1117 
571 1115 1114 1117 540 
572 1104 1120 1118 1119 
573 1120 1106 1121 1118 
574 1118 1121 505 1122 
575 1119 1118 1122 1107 
576 552 538 1115 1123 
577 1123 1115 540 1124 
578 562 1123 1124 471 
579 544 1126 1125 567 
580 1126 549 1127 1125 
581 1125 1127 552 1128 
582 567 1125 1128 528 
583 545 568 1129 1130 
584 568 528 1131 1129 
585 1129 1131 562 1132 
586 1130 1129 1132 560 
587 564 1135 1133 1134 
588 1135 567 1136 1133 
589 1133 1136 528 1137 
590 1134 1133 1137 568 
591 1098 448 1143 1141 
592 1141 1143 502 1144 
593 1142 1141 1144 500 
594 1145 1142 500 1146 
595 1112 1145 1146 501 
596 464 1149 1147 1148 
597 1149 1098 1150 1147 
598 1147 1150 1141 1151 
599 1148 1147 1151 1142 
600 1155 596 1156 1154 
601 1154 1156 598 1157 
602 1164 597 611 1163 
603 1163 611 596 1155 
604 1166 1155 1167 1165 
605 1165 1167 1154 1168 
606 452 1140 1169 1170 
607 1140 442 1171 1169 
608 1169 1171 498 1172 
609 1170 1169 1172 496 
610 1173 1175 442 1176 
611 1174 1173 1176 1140 
612 442 1157 1182 1171 
613 1157 598 1183 1182 
614 1182 1183 1152 1184 
615 1171 1182 1184 498 
616 1168 1154 1186 1185 
617 1185 1186 1157 1187 
618 1175 1185 1187 442 
619 1161 1189 1188 1180 
620 1189 1165 1190 1188 
621 1188 1190 1168 1191 
622 1180 1188 1191 1139 
623 1162 1181 1192 1193 
624 1181 1139 1194 1192 
625 1192 1194 1175 1195 
626 1193 1192 1195 1173 
627 1198 1180 1199 1196 
628 1196 1199 1139 1200 
629 1197 1196 1200 1181 
630 448 1202 1201 1143 
631 1202 1094 1159 1201 
632 1201 1159 1138 1203 
633 1143 1201 1203 502 
634 1159 1206 1204 1205 
635 1206 1158 1178 1204 
636 1204 1178 1162 1207 
637 1205 1204 1207 1138 
638 1178 1210 1208 1209 
639 1208 1197 1181 1211 
640 1209 1208 1211 1162 
641 1091 1214 1212 1213 
642 1214 1093 1215 1212 
643 1212 1215 451 1160 
644 1213 1212 1160 1094 
645 1160 1218 1216 1217 
646 1218 451 1219 1216 
647 1216 1219 1161 1179 
648 1217 1216 1179 1158 
649 1179 1222 1220 1221 
650 1222 1161 1223 1220 
651 1220 1223 1180 1198 
652 1226 1198 1227 1224 
653 1224 1227 1196 1228 
654 1225 1224 1228 1197 
655 1158 1231 1229 1230 
656 1231 1179 1221 1229 
657 1230 1229 1210 1178 
658 1210 1234 1232 1233 
659 1234 1177 1225 1232 
660 1232 1225 1197 1235 
661 1233 1232 1235 1208 
662 1221 1238 1236 1237 
663 1238 1220 1239 1236 
664 1236 1239 1198 1226 
665 1237 1236 1226 1177 
666 1177 1242 1240 1241 
667 1242 1226 1243 1240 
668 1240 1243 1224 1244 
669 1241 1240 1244 1225 
670 1245 1246 1041 1247 
671 1053 1245 1247 966 
672 983 1069 1248 1079 
673 1069 428 1249 1248 
674 1248 1249 1053 1250 
675 1079 1248 1250 1051 
676 1252 1067 1253 1251 
677 1251 1253 1069 1254 
678 1083 1251 1254 983 
679 1255 1258 1083 1259 
680 1256 1255 1259 1081 
681 1261 1050 1262 1260 
682 1260 1262 1067 1252 
683 1057 1268 1267 1258 
684 1268 1252 1269 1267 
685 1267 1269 1251 1270 
686 1258 1267 1270 1083 
687 1273 1057 1274 1271 
688 1271 1274 1258 1275 
689 1272 1271 1275 1255 
690 1279 1082 1058 1282 
691 1280 1279 1282 580 
692 1283 1256 1081 1286 
693 1284 1283 1286 1082 
694 1073 1289 1287 1288 
695 1289 1257 1272 1287 
696 1287 1272 1255 1290 
697 1288 1287 1290 1256 
698 1072 1292 1291 1266 
699 1292 1260 1293 1291 
700 1291 1293 1252 1268 
701 1266 1291 1268 1057 
702 1263 1296 1294 1295 
703 1296 1266 1297 1294 
704 1294 1297 1057 1273 
705 1295 1294 1273 1257 
706 1257 1300 1298 1299 
707 1300 1273 1301 1298 
708 1298 1301 1271 1302 
709 1299 1298 1302 1272 
710 1308 1288 1256 1311 
711 1309 1308 1311 1283 
712 1281 1314 1312 1313 
713 1314 1055 1284 1312 
714 1312 1284 1082 1315 
715 1313 1312 1315 1279 
716 1055 1318 1316 1317 
717 1318 1285 1309 1316 
718 1316 1309 1283 1319 
719 1317 1316 1319 1284 
720 1305 1322 1320 1321 
721 1322 1264 1323 1320 
722 1285 1326 1324 1325 
723 1324 1327 1308 1328 
724 1325 1324 1328 1309 
725 1303 1331 1329 1330 
726 1331 1071 1306 1329 
727 1329 1306 1055 1314 
728 1330 1329 1314 1281 
729 1306 1334 1332 1333 
730 1334 1305 1321 1332 
731 1332 1321 1285 1318 
732 1333 1332 1318 1055 
733 1321 1337 1335 1336 
734 1337 1320 1338 1335 
735 1335 1338 1310 1326 
736 1336 1335 1326 1285 
737 1310 1340 1339 1327 
738 1340 1073 1341 1339 
739 1339 1341 1288 1342 
740 1327 1339 1342 1308 
741 1326 1345 1343 1344 
742 1345 1310 1346 1343 
743 1343 1346 1327 1347 
744 1344 1343 1347 1324 
745 970 1278 1352 1353 
746 1278 580 1078 1352 
747 1352 1078 1052 1354 
748 1353 1352 1354 1074 
749 1357 1276 1358 1355 
750 1355 1358 1278 1359 
751 1356 1355 1359 970 
752 1360 1075 490 1362 
753 1361 1360 1362 488 
754 272 1351 1363 1364 
755 1351 970 1353 1363 
756 1363 1353 1074 1365 
757 1364 1363 1365 1075 
758 1366 1356 970 1369 
759 1367 1366 1369 1351 
760 968 1372 1370 1371 
761 1372 1013 1373 1370 
762 1370 1373 1276 1357 
763 1277 1376 1374 1375 
764 1376 1357 1377 1374 
765 1374 1377 1355 1378 
766 1375 1374 1378 1356 
767 614 1381 1379 1380 
768 1380 1379 1382 616 
769 1349 1385 1383 1384 
770 1383 1367 1351 1386 
771 1384 1383 1386 272 
772 1350 1391 1389 1390 
773 1391 968 1371 1389 
774 1394 1368 1395 1392 
775 1392 1395 1366 1396 
776 1393 1392 1396 1367 
777 615 1399 1397 1398 
778 1399 1350 1390 1397 
779 1398 1397 1385 1349 
780 1385 1402 1400 1401 
781 1400 1393 1367 1403 
782 1401 1400 1403 1383 
783 1390 1406 1404 1405 
784 1406 1389 1407 1404 
785 1404 1407 1368 1394 
786 1410 1394 1411 1408 
787 1408 1411 1392 1412 
788 1409 1408 1412 1393 
789 1397 1415 1413 1414 
790 1415 1390 1405 1413 
791 1414 1413 1402 1385 
792 1402 1418 1416 1417 
793 1418 1348 1409 1416 
794 1416 1409 1393 1419 
795 1417 1416 1419 1400 
796 1405 1422 1420 1421 
797 1422 1404 1423 1420 
798 1420 1423 1394 1410 
799 1421 1420 1410 1348 
800 1348 1426 1424 1425 
801 1426 1410 1427 1424 
802 1424 1427 1408 1428 
803 1425 1424 1428 1409 
804 1436 1429 1437 1434 
805 996 1441 1439 1440 
806 1441 998 1435 1439 
807 1439 1435 632 1442 
808 1440 1439 1442 989 
809 681 1445 1443 1444 
810 1445 717 1446 1443 
811 1443 1446 1429 1436 
812 1444 1443 1436 998 
813 998 1449 1447 1448 
814 1449 1436 1450 1447 
815 1447 1450 1434 1451 
816 1448 1447 1451 1435 
817 1459 672 1460 1458 
818 1458 1460 985 1461 
819 1463 690 1464 1462 
820 1462 1464 1433 1465 
821 989 1442 1475 1002 
822 1442 632 1453 1475 
823 1475 1453 990 1476 
824 1002 1475 1476 987 
825 1453 1479 1477 1478 
826 1479 1452 1471 1477 
827 1477 1471 1455 1480 
828 1478 1477 1480 990 
829 1438 1483 1481 1482 
830 1483 1431 1484 1481 
831 1481 1484 1454 1472 
832 1482 1481 1472 1452 
833 1452 1487 1485 1486 
834 1487 1472 1488 1485 
835 1486 1485 1489 1471 
836 1454 1494 1493 1473 
837 1494 1462 1495 1493 
838 1493 1495 1465 1496 
839 1473 1493 1496 1432 
840 1472 1498 1497 1488 
841 1498 1454 1499 1497 
842 1497 1499 1473 1500 
843 1488 1497 1500 1470 
844 1455 1474 1501 1502 
845 1474 1432 1503 1501 
846 1501 1503 1468 1504 
847 1502 1501 1504 1466 
848 1471 1489 1505 1506 
849 1489 1470 1507 1505 
850 1505 1507 1474 1508 
851 1506 1505 1508 1455 
852 1485 1511 1509 1510 
853 1511 1488 1512 1509 
854 1509 1512 1470 1513 
855 1510 1509 1513 1489 
856 1526 1492 1527 1524 
857 1524 1527 1517 1528 
858 1525 1524 1528 1518 
859 1469 1531 1529 1530 
860 1531 1027 1525 1529 
861 1529 1525 1518 1532 
862 1530 1529 1532 1521 
863 1468 1535 1533 1534 
864 1535 1490 1536 1533 
865 1533 1536 1492 1526 
866 1534 1533 1526 1027 
867 1027 1539 1537 1538 
868 1539 1526 1540 1537 
869 1537 1540 1524 1541 
870 1538 1537 1541 1525 
871 1028 1549 1548 1544 
872 1549 1514 1550 1548 
873 1548 1550 1516 1551 
874 1544 1548 1551 986 
875 1554 1028 1555 1552 
876 1552 1555 1544 1556 
877 1025 1562 1560 1561 
878 1561 1560 1563 1543 
879 1029 1545 1564 1565 
880 1545 986 1566 1564 
881 1564 1566 1039 1567 
882 1565 1564 1567 1037 
883 1542 1556 1568 1569 
884 1556 1544 1570 1568 
885 1568 1570 986 1571 
886 1569 1568 1571 1545 
887 1574 1552 1575 1572 
888 1572 1575 1556 1576 
889 1573 1572 1576 1542 
890 1543 1563 1577 1578 
891 1563 1542 1569 1577 
892 1577 1569 1545 1579 
893 1578 1577 1579 1029 
894 1560 1582 1580 1581 
895 1582 1553 1573 1580 
896 1580 1573 1542 1583 
897 1581 1580 1583 1563 
898 984 1585 1584 1519 
899 1585 1461 1586 1584 
900 1584 1586 1514 1549 
901 1519 1584 1549 1028 
902 1517 1589 1587 1588 
903 1589 1519 1590 1587 
904 1587 1590 1028 1554 
905 1588 1587 1554 1520 
906 1520 1593 1591 1592 
907 1593 1554 1594 1591 
908 1591 1594 1552 1574 
909 1592 1591 1574 1553 
910 1553 1597 1595 1596 
911 1597 1574 1598 1595 
912 1595 1598 1572 1599 
913 1596 1595 1599 1573 
914 1040 1607 1605 1606 
915 1607 1022 1601 1605 
916 1605 1601 1060 1608 
917 1606 1605 1608 1064 
918 1039 1611 1609 1610 
919 1611 1546 1612 1609 
920 1022 1615 1613 1614 
921 1613 1616 1600 1617 
922 1614 1613 1617 1601 
923 1037 1567 1618 1619 
924 1567 1039 1610 1618 
925 1618 1610 1022 1607 
926 1619 1618 1607 1040 
927 1610 1622 1620 1621 
928 1622 1609 1623 1620 
929 1621 1620 1615 1022 
930 1625 1047 1626 1624 
931 1624 1626 1050 1261 
932 1628 1023 1629 1627 
933 1627 1629 1062 1630 
934 1632 1061 1633 1631 
935 1631 1633 1603 1634 
936 1616 1631 1634 1600 
937 1615 1637 1635 1636 
938 1635 1638 1616 1639 
939 1636 1635 1639 1613 
940 1641 1048 1642 1640 
941 1640 1642 1047 1625 
942 1546 1644 1643 1612 
943 1644 1547 1645 1643 
944 1643 1645 1023 1628 
945 1609 1647 1646 1623 
946 1647 1612 1648 1646 
947 1646 1648 1061 1632 
948 1620 1651 1649 1650 
949 1651 1623 1652 1649 
950 1649 1652 1602 1637 
951 1650 1649 1637 1615 
952 1602 1654 1653 1638 
953 1654 1632 1655 1653 
954 1653 1655 1631 1656 
955 1638 1653 1656 1616 
956 1637 1659 1657 1658 
957 1659 1602 1660 1657 
958 1657 1660 1638 1661 
959 1658 1657 1661 1635 
960 1604 1671 1669 1670 
961 1671 1059 1672 1669 
962 1670 1669 1673 1662 
963 1059 1675 1674 1672 
964 1675 1630 1676 1674 
965 1674 1676 1666 1677 
966 1672 1674 1677 1664 
967 1662 1673 1681 1682 
968 1673 1664 1683 1681 
969 1681 1683 1063 1684 
970 1682 1681 1684 1665 
971 1669 1687 1685 1686 
972 1687 1672 1688 1685 
973 1685 1688 1664 1689 
974 1686 1685 1689 1673 
975 1063 1699 1697 1698 
976 1699 1668 1700 1697 
977 1697 1700 1690 1694 
978 1698 1697 1694 1680 
979 981 1702 1701 1691 
980 1702 1261 1703 1701 
981 1701 1703 1260 1292 
982 1691 1701 1292 1072 
983 1690 1705 1704 1695 
984 1705 1691 1706 1704 
985 1704 1706 1072 1707 
986 1695 1704 1707 1265 
987 1694 1710 1708 1709 
988 1710 1690 1711 1708 
989 1708 1711 1695 1712 
990 1678 1715 1713 1714 
991 1715 1680 1693 1713 
992 1713 1693 1070 1716 
993 1714 1713 1716 1307 
994 1680 1719 1717 1718 
995 1719 1694 1709 1717 
996 1717 1709 1692 1720 
997 1718 1717 1720 1693 
998 1070 1696 1721 1722 
999 1696 1265 1723 1721 
1000 1721 1723 1263 1724 
1001 1722 1721 1724 1264 
1002 1692 1712 1725 1726 
1003 1712 1695 1727 1725 
1004 1725 1727 1265 1728 
1005 1726 1725 1728 1696 
1006 1709 1731 1729 1730 
1007 1731 1708 1732 1729 
1008 1729 1732 1712 1733 
1009 1730 1729 1733 1692 
1010 408 1739 1737 1738 
1011 1739 1734 1740 1737 
1012 1737 1740 589 1741 
1013 406 1744 1742 1743 
1014 1744 408 1738 1742 
1015 1742 1738 373 1745 
1016 1743 1742 1745 409 
1017 373 1741 1746 1747 
1018 1741 589 1748 1746 
1019 1746 1748 588 601 
1020 1747 1746 601 447 
1021 1738 1751 1749 1750 
1022 1751 1737 1752 1749 
1023 1749 1752 1741 1753 
1024 1750 1749 1753 373 
1025 1736 1762 1760 1761 
1026 1762 1754 1763 1760 
1027 639 1765 1764 1759 
1028 1765 585 1766 1764 
1029 1764 1766 640 663 
1030 1759 1764 663 638 
1031 1769 639 1770 1767 
1032 1767 1770 1759 1771 
1033 589 1773 1772 1748 
1034 1773 375 1757 1772 
1035 1772 1757 590 642 
1036 1748 1772 642 588 
1037 375 1776 1774 1775 
1038 1775 1774 1777 1757 
1039 1756 1771 1778 1779 
1040 1771 1759 1780 1778 
1041 1778 1780 638 1781 
1042 1779 1778 1781 705 
1043 1784 1767 1785 1782 
1044 1782 1785 1771 1786 
1045 1783 1782 1786 1756 
1046 1757 1777 1787 1788 
1047 1777 1756 1779 1787 
1048 1787 1779 705 1789 
1049 1788 1787 1789 590 
1050 1774 1792 1790 1791 
1051 1792 1768 1783 1790 
1052 1790 1783 1756 1793 
1053 1791 1790 1793 1777 
1054 1754 1795 1794 1763 
1055 1795 782 1796 1794 
1056 1794 1796 585 1765 
1057 1763 1794 1765 639 
1058 1760 1799 1797 1798 
1059 1799 1763 1800 1797 
1060 1797 1800 639 1769 
1061 1798 1797 1769 1758 
1062 1758 1803 1801 1802 
1063 1803 1769 1804 1801 
1064 1801 1804 1767 1784 
1065 1802 1801 1784 1768 
1066 1768 1807 1805 1806 
1067 1807 1784 1808 1805 
1068 1805 1808 1782 1809 
1069 1806 1805 1809 1783 
1070 585 1811 1810 1766 
1071 786 1814 1812 1813 
1072 1812 1815 753 1816 
1073 1813 1812 1816 657 
1074 370 1818 1817 780 
1075 1818 86 1819 1817 
1076 781 1825 1823 1824 
1077 1825 784 1826 1823 
1078 1823 1826 587 787 
1079 1824 1823 787 658 
1080 658 1829 1827 1828 
1081 1829 787 1830 1827 
1082 1828 1827 1814 786 
1083 587 1832 1831 788 
1084 1832 749 1833 1831 
1085 1831 1833 748 768 
1086 788 1831 768 659 
1087 1835 788 1836 1834 
1088 1834 1836 659 791 
1089 1815 1834 791 753 
1090 1814 1839 1837 1838 
1091 1837 1840 1815 1841 
1092 1838 1837 1841 1812 
1093 787 1843 1842 1830 
1094 1843 587 1844 1842 
1095 1842 1844 788 1835 
1096 1827 1847 1845 1846 
1097 1847 1830 1848 1845 
1098 1845 1848 785 1839 
1099 1846 1845 1839 1814 
1100 785 1850 1849 1840 
1101 1850 1835 1851 1849 
1102 1849 1851 1834 1852 
1103 1840 1849 1852 1815 
1104 1839 1855 1853 1854 
1105 1855 785 1856 1853 
1106 1853 1856 1840 1857 
1107 1854 1853 1857 1837 
1108 1859 649 1860 1858 
1109 1863 655 1864 1862 
1110 1862 1864 50 1865 
1111 1867 371 1868 1866 
1112 1866 1868 655 1863 
1113 1871 1863 1872 1869 
1114 1869 1872 1862 1873 
1115 749 1875 1874 1833 
1116 1833 1874 1876 748 
1117 1865 50 1881 1880 
1118 1880 1881 670 1882 
1119 750 1873 1883 1884 
1120 1873 1862 1885 1883 
1121 1883 1885 1865 1886 
1122 1884 1883 1886 656 
1123 1889 1869 1890 1887 
1124 1887 1890 1873 1891 
1125 1888 1887 1891 750 
1126 748 1876 1892 769 
1127 1876 750 1884 1892 
1128 1892 1884 656 1893 
1129 769 1892 1893 751 
1130 1874 1896 1894 1895 
1131 1896 1870 1888 1894 
1132 1894 1888 750 1897 
1133 1895 1894 1897 1876 
1134 1822 1900 1898 1899 
1135 1900 1866 1901 1898 
1136 1898 1901 1863 1871 
1137 1899 1898 1871 653 
1138 653 1904 1902 1903 
1139 1904 1871 1905 1902 
1140 1902 1905 1869 1889 
1141 1903 1902 1889 1870 
1142 1870 1908 1906 1907 
1143 1908 1889 1909 1906 
1144 1906 1909 1887 1910 
1145 1907 1906 1910 1888 
1146 655 1912 1911 1864 
1147 1912 1858 1913 1911 
1148 1911 1913 1861 1914 
1149 1864 1911 1914 50 
1150 1920 367 1921 1919 
1151 1919 1921 34 1922 
1152 34 1928 1926 1927 
1153 1926 1929 1923 1930 
1154 1927 1926 1930 426 
1155 367 1932 1931 1921 
1156 1932 1915 1933 1931 
1157 1931 1933 1918 1928 
1158 1921 1931 1928 34 
1159 1918 1943 1942 1929 
1160 1943 364 1944 1942 
1161 1942 1944 1924 1945 
1162 1929 1942 1945 1923 
1163 1928 1948 1946 1947 
1164 1948 1918 1949 1946 
1165 1946 1949 1929 1950 
1166 1947 1946 1950 1926 
1167 1954 1956 1934 1957 
1168 1958 1960 420 1961 
1169 1963 360 1964 1962 
1170 1962 1964 1936 1965 
1171 1956 1962 1965 1934 
1172 1951 1971 1969 1970 
1173 1971 1953 1972 1969 
1174 1969 1972 360 1963 
1175 1935 1975 1973 1974 
1176 1975 1963 1976 1973 
1177 1973 1976 1962 1977 
1178 1974 1973 1977 1956 
1179 360 1979 1978 1964 
1180 1978 1980 1958 1981 
1181 1964 1978 1981 1936 
1182 1953 1983 1982 1972 
1183 1983 1966 1984 1982 
1184 1982 1984 1959 1979 
1185 1972 1982 1979 360 
1186 1959 1986 1985 1980 
1187 1986 8 1987 1985 
1188 1985 1987 1960 1988 
1189 1980 1985 1988 1958 
1190 1979 1991 1989 1990 
1191 1991 1959 1992 1989 
1192 1989 1992 1980 1993 
1193 1990 1989 1993 1978 
1194 1999 18 2000 1997 
1195 1997 2000 1940 2001 
1196 1998 1997 2001 1938 
1197 2002 1998 1938 2004 
1198 1944 2002 2004 1924 
1199 1917 2007 2005 2006 
1200 2007 1994 2008 2005 
1201 2011 1939 2012 2009 
1202 2009 2012 1998 2013 
1203 2010 2009 2013 2002 
1204 1994 2017 2016 2008 
1205 2017 1996 2018 2016 
1206 2016 2018 18 1999 
1207 1939 2020 2019 2012 
1208 2020 1999 2021 2019 
1209 2019 2021 1997 2022 
1210 2012 2019 2022 1998 
1211 364 2025 2023 2024 
1212 2025 2003 2010 2023 
1213 2023 2010 2002 2026 
1214 2024 2023 2026 1944 
1215 2005 2029 2027 2028 
1216 2029 2008 2030 2027 
1217 2027 2030 1939 2011 
1218 2028 2027 2011 2003 
1219 2003 2033 2031 2032 
1220 2033 2011 2034 2031 
1221 2031 2034 2009 2035 
1222 2032 2031 2035 2010 
1223 18 2037 2036 2000 
1224 2037 1955 2038 2036 
1225 2036 2038 1954 2039 
1226 2000 2036 2039 1940 
1227 1922 34 1927 2040 
1228 2040 1927 426 2041 
1229 368 2047 2046 2044 
1230 2047 1922 2048 2046 
1231 2046 2048 2040 2049 
1232 2044 2046 2049 667 
1233 72 427 2050 482 
1234 427 73 2051 2050 
1235 2050 2051 44 2052 
1236 482 2050 2052 74 
1237 151 668 2053 963 
1238 668 425 2054 2053 
1239 2053 2054 427 2055 
1240 963 2053 2055 72 
1241 2056 2058 425 2059 
1242 2057 2056 2059 668 
1243 2042 2062 2060 2061 
1244 2062 2044 2063 2060 
1245 2060 2063 667 2064 
1246 1878 2067 2065 2066 
1247 2067 2042 2061 2065 
1248 2065 2061 2045 2068 
1249 2066 2065 2068 666 
1250 425 2041 2069 2054 
1251 2041 426 2070 2069 
1252 2069 2070 73 2071 
1253 2054 2069 2071 427 
1254 667 2049 2072 2058 
1255 2049 2040 2073 2072 
1256 2072 2073 2041 2074 
1257 2058 2072 2074 425 
1258 2045 2064 2075 2076 
1259 2064 667 2077 2075 
1260 2075 2077 2058 2078 
1261 2076 2075 2078 2056 
1262 2061 2081 2079 2080 
1263 2081 2060 2082 2079 
1264 2079 2082 2064 2083 
1265 2080 2079 2083 2045 
1266 2084 2057 668 2085 
1267 1042 2084 2085 151 
1268 670 2088 2086 2087 
1269 2088 1877 2089 2086 
1270 2086 2089 1879 2090 
1271 2087 2086 2090 429 
1272 1 2093 2091 2092 
1273 2093 12 119 2091 
1274 2091 119 10 62 
1275 2092 2091 62 11 
1276 16 2095 2094 344 
1277 2095 2 2096 2094 
1278 2094 2096 17 358 
1279 344 2094 358 15 
1280 19 38 2097 2098 
1281 38 21 473 2097 
1282 2097 473 9 2099 
1283 2098 2097 2099 22 
1284 20 94 2100 2101 
1285 94 19 2098 2100 
1286 2100 2098 22 2102 
1287 2101 2100 2102 4 
1288 10 2105 2103 2104 
1289 2105 25 123 2103 
1290 2103 123 23 66 
1291 2104 2103 66 24 
1292 28 421 2106 474 
1293 421 29 2107 2106 
1294 2106 2107 3 2108 
1295 474 2106 2108 30 
1296 32 2110 2109 347 
1297 2110 15 2111 2109 
1298 2109 2111 33 362 
1299 347 2109 362 31 
1300 35 54 2112 2113 
1301 54 37 477 2112 
1302 2112 477 21 2114 
1303 2113 2112 2114 38 
1304 36 97 2115 2116 
1305 97 35 2113 2115 
1306 2115 2113 38 2117 
1307 2116 2115 2117 19 
1308 23 2120 2118 2119 
1309 2120 41 127 2118 
1310 2118 127 39 70 
1311 2119 2118 70 40 
1312 44 424 2121 478 
1313 424 45 2122 2121 
1314 2121 2122 28 2123 
1315 478 2121 2123 46 
1316 48 2125 2124 350 
1317 2125 31 2126 2124 
1318 2124 2126 49 366 
1319 350 2124 366 47 
1320 51 78 2127 2128 
1321 78 53 481 2127 
1322 2127 481 37 2129 
1323 2128 2127 2129 54 
1324 52 100 2130 2131 
1325 100 51 2128 2130 
1326 2130 2128 54 2132 
1327 2131 2130 2132 35 
1328 70 2135 2133 2134 
1329 2135 39 131 2133 
1330 2133 131 56 112 
1331 2134 2133 112 68 
1332 75 155 2136 2137 
1333 155 77 485 2136 
1334 2136 485 53 2138 
1335 2137 2136 2138 78 
1336 76 104 2139 2140 
1337 104 75 2137 2139 
1338 2139 2137 78 2141 
1339 2140 2139 2141 51 
1340 71 113 2142 2143 
1341 113 43 102 2142 
1342 2142 102 76 2144 
1343 2143 2142 2144 98 
1344 98 2144 2145 2146 
1345 2144 76 2140 2145 
1346 2145 2140 51 2147 
1347 2146 2145 2147 100 
1348 43 117 2148 2149 
1349 2148 157 101 2150 
1350 2149 2148 2150 102 
1351 114 149 2151 2152 
1352 149 106 161 2151 
1353 2151 161 83 2153 
1354 2152 2151 2153 117 
1355 134 2155 2154 172 
1356 2155 137 239 2154 
1357 2154 239 82 182 
1358 172 2154 182 107 
1359 140 2157 2156 176 
1360 2157 107 2158 2156 
1361 2156 2158 141 186 
1362 176 2156 186 138 
1363 143 2161 2159 2160 
1364 2161 135 170 2159 
1365 2159 170 79 148 
1366 2160 2159 148 116 
1367 2162 514 77 2164 
1368 2163 2162 2164 155 
1369 103 207 2165 2166 
1370 2165 2163 155 2167 
1371 2166 2165 2167 75 
1372 83 163 2168 2169 
1373 2168 217 156 2170 
1374 2169 2168 2170 157 
1375 106 168 2171 2172 
1376 168 142 198 2171 
1377 2171 198 160 2173 
1378 2172 2171 2173 161 
1379 160 200 2174 2175 
1380 200 162 221 2174 
1381 2174 221 109 2176 
1382 2175 2174 2176 163 
1383 161 2173 2177 2178 
1384 2173 160 2175 2177 
1385 2177 2175 163 2179 
1386 2178 2177 2179 83 
1387 141 2181 2180 187 
1388 2181 181 2182 2180 
1389 2180 2182 184 202 
1390 187 2180 202 105 
1391 194 215 2183 222 
1392 215 195 251 2183 
1393 2183 251 59 2184 
1394 222 2183 2184 196 
1395 108 2186 2185 214 
1396 2186 209 2187 2185 
1397 2185 2187 208 252 
1398 214 2185 252 195 
1399 208 2189 2188 253 
1400 2189 210 2190 2188 
1401 2188 2190 180 283 
1402 253 2188 283 211 
1403 183 246 2191 2192 
1404 246 235 2193 2191 
1405 2191 2193 209 2186 
1406 2192 2191 2186 108 
1407 59 254 2194 2195 
1408 254 211 282 2194 
1409 2194 282 247 2196 
1410 2195 2194 2196 218 
1411 178 2198 2197 269 
1412 2198 264 297 2197 
1413 2197 297 263 2199 
1414 269 2197 2199 237 
1415 237 2199 2200 2201 
1416 2199 263 825 2200 
1417 2200 825 266 2202 
1418 2201 2200 2202 177 
1419 180 2204 2203 284 
1420 2204 278 308 2203 
1421 2203 308 277 2205 
1422 284 2203 2205 248 
1423 210 2207 2206 2190 
1424 2207 301 2208 2206 
1425 2206 2208 278 2204 
1426 2190 2206 2204 180 
1427 91 2210 2209 310 
1428 2210 304 323 2209 
1429 2209 323 303 2211 
1430 310 2209 2211 279 
1431 275 336 2212 2213 
1432 336 314 517 2212 
1433 2212 517 317 2214 
1434 2213 2212 2214 154 
1435 262 2216 2215 325 
1436 2216 319 338 2215 
1437 2215 338 318 2217 
1438 325 2215 2217 305 
1439 15 2219 2218 2111 
1440 2219 358 2220 2218 
1441 2218 2220 357 1952 
1442 2111 2218 1952 33 
1443 358 2222 2221 2220 
1444 2222 17 2223 2221 
1445 2221 2223 359 1967 
1446 2220 2221 1967 357 
1447 31 2225 2224 2126 
1448 2225 362 2226 2224 
1449 2224 2226 361 1916 
1450 2126 2224 1916 49 
1451 362 2228 2227 2226 
1452 2228 33 2229 2227 
1453 2227 2229 363 1995 
1454 2226 2227 1995 361 
1455 47 2231 2230 777 
1456 2231 366 2232 2230 
1457 2230 2232 365 650 
1458 777 2230 650 86 
1459 366 2234 2233 2232 
1460 2234 49 2235 2233 
1461 2233 2235 367 1920 
1462 2232 2233 1920 365 
1463 381 413 2236 2237 
1464 413 329 2238 2236 
1465 2236 2238 388 467 
1466 2237 2236 467 386 
1467 387 2241 2239 2240 
1468 2241 386 466 2239 
1469 2239 466 389 439 
1470 2240 2239 439 315 
1471 356 2243 2242 401 
1472 2243 395 2244 2242 
1473 2242 2244 374 407 
1474 401 2242 407 255 
1475 403 2247 2245 2246 
1476 2247 402 895 2245 
1477 2245 895 392 889 
1478 2246 2245 889 378 
1479 380 2249 2248 412 
1480 2249 406 1743 2248 
1481 2248 1743 409 2250 
1482 412 2248 2250 329 
1483 45 1937 2251 2122 
1484 1937 419 2252 2251 
1485 2251 2252 421 2253 
1486 2122 2251 2253 28 
1487 73 1925 2254 2051 
1488 1925 422 2255 2254 
1489 2254 2255 424 2256 
1490 2051 2254 2256 44 
1491 335 441 2257 2258 
1492 441 434 520 2257 
1493 2257 520 436 2259 
1494 2258 2257 2259 314 
1495 329 2250 2260 2238 
1496 2250 409 2261 2260 
1497 2260 2261 446 458 
1498 2238 2260 458 388 
1499 409 1745 2262 2261 
1500 1745 373 1747 2262 
1501 2262 1747 447 609 
1502 2261 2262 609 446 
1503 456 2264 2263 1087 
1504 2264 459 2265 2263 
1505 2263 2265 443 1092 
1506 1087 2263 1092 450 
1507 462 2267 2266 1090 
1508 2267 450 2268 2266 
1509 2266 2268 463 1096 
1510 1090 2266 1096 460 
1511 466 2271 2269 2270 
1512 2271 465 531 2269 
1513 2269 531 454 511 
1514 2270 2269 511 389 
1515 271 495 2272 2273 
1516 2272 1361 488 2274 
1517 2273 2272 2274 489 
1518 435 503 2275 2276 
1519 503 452 1170 2275 
1520 2275 1170 496 2277 
1521 2276 2275 2277 497 
1522 505 1110 2278 1116 
1523 1110 504 2279 2278 
1524 2278 2279 508 2280 
1525 1116 2278 2280 449 
1526 511 2283 2281 2282 
1527 2283 454 535 2281 
1528 2281 535 469 571 
1529 2282 2281 571 509 
1530 317 518 2284 2285 
1531 518 271 2273 2284 
1532 2284 2273 489 2286 
1533 2285 2284 2286 513 
1534 455 524 2287 2288 
1535 524 435 2276 2287 
1536 2287 2276 497 2289 
1537 2288 2287 2289 519 
1538 526 576 2290 2291 
1539 576 525 561 2290 
1540 2290 561 529 2292 
1541 2291 2290 2292 453 
1542 512 572 2293 2294 
1543 572 453 557 2293 
1544 2293 557 523 2295 
1545 2294 2293 2295 553 
1546 593 2297 2296 606 
1547 2297 582 645 2296 
1548 2296 645 594 2298 
1549 606 2296 2298 591 
1550 591 2298 2299 623 
1551 2298 594 927 2299 
1552 2299 927 581 2300 
1553 623 2299 2300 595 
1554 596 613 2301 1156 
1555 613 592 622 2301 
1556 2301 622 444 2302 
1557 1156 2301 2302 598 
1558 599 2305 2303 2304 
1559 2305 602 904 2303 
1560 2303 904 582 2297 
1561 2304 2303 2297 593 
1562 600 2308 2306 2307 
1563 2308 599 2304 2306 
1564 2306 2304 593 605 
1565 2307 2306 605 376 
1566 608 2311 2309 2310 
1567 2311 600 2307 2309 
1568 2309 2307 376 612 
1569 2310 2309 612 597 
1570 459 2313 2312 2265 
1571 2313 608 2310 2312 
1572 2312 2310 597 1164 
1573 2265 2312 1164 443 
1574 86 2317 2316 1819 
1575 2317 650 2318 2316 
1576 2316 2318 649 1859 
1577 649 2320 2319 1860 
1578 2320 651 2321 2319 
1579 2319 2321 368 2043 
1580 1882 670 2087 2322 
1581 2322 2087 429 2323 
1582 675 2325 2324 693 
1583 2325 677 763 2324 
1584 2324 763 660 2326 
1585 693 2324 2326 678 
1586 678 2326 2327 716 
1587 2326 660 2328 2327 
1588 2327 2328 689 2329 
1589 716 2327 2329 688 
1590 2329 689 2331 2330 
1591 2330 2331 672 1459 
1592 87 2333 2332 909 
1593 2333 706 2334 2332 
1594 2332 2334 727 975 
1595 909 2332 975 636 
1596 706 2336 2335 2334 
1597 2336 631 730 2335 
1598 2335 730 680 2337 
1599 2334 2335 2337 727 
1600 727 2337 2338 976 
1601 2337 680 1005 2338 
1602 2338 1005 630 1020 
1603 976 2338 1020 728 
1604 714 738 2339 2340 
1605 738 687 740 2339 
1606 2339 740 719 2341 
1607 2340 2339 2341 732 
1608 657 1816 2342 2343 
1609 1816 753 790 2342 
1610 2342 790 752 764 
1611 2343 2342 764 677 
1612 372 770 2344 760 
1613 770 751 2345 2344 
1614 2344 2345 756 2346 
1615 760 2344 2346 673 
1616 751 1893 2347 2345 
1617 1893 656 2348 2347 
1618 2347 2348 757 2349 
1619 2345 2347 2349 756 
1620 673 2346 2350 1457 
1621 2346 756 2351 2350 
1622 2350 2351 758 2352 
1623 1457 2350 2352 579 
1624 660 766 2353 2328 
1625 766 755 2354 2353 
1626 2353 2354 759 2355 
1627 2328 2353 2355 689 
1628 755 774 2356 2354 
1629 774 372 2357 2356 
1630 2356 2357 760 2358 
1631 2354 2356 2358 759 
1632 689 2355 2359 2331 
1633 2355 759 2360 2359 
1634 2359 2360 761 2361 
1635 2331 2359 2361 672 
1636 782 2363 2362 1796 
1637 2363 781 1824 2362 
1638 2362 1824 658 1811 
1639 1796 2362 1811 585 
1640 814 865 2364 2365 
1641 865 383 874 2364 
1642 2364 874 261 2366 
1643 2365 2364 2366 331 
1644 294 861 2367 837 
1645 861 814 2365 2367 
1646 2367 2365 331 2368 
1647 837 2367 2368 259 
1648 804 845 2369 848 
1649 845 823 2370 2369 
1650 2369 2370 839 2371 
1651 848 2369 2371 829 
1652 906 2373 2372 942 
1653 2373 916 2374 2372 
1654 2372 2374 908 920 
1655 942 2372 920 635 
1656 635 2376 2375 946 
1657 2376 920 2377 2375 
1658 2375 2377 919 954 
1659 946 2375 954 914 
1660 583 977 2378 2379 
1661 977 728 1019 2378 
1662 2378 1019 971 2380 
1663 2379 2378 2380 924 
1664 971 1021 2381 2382 
1665 1021 972 1015 2381 
1666 2381 1015 633 2383 
1667 2382 2381 2383 973 
1668 924 2380 2384 2385 
1669 2380 971 2382 2384 
1670 2384 2382 973 2386 
1671 2385 2384 2386 432 
1672 987 1476 2387 2388 
1673 1476 990 1467 2387 
1674 2387 1467 979 2389 
1675 2388 2387 2389 991 
1676 988 1003 2390 2391 
1677 1003 987 2388 2390 
1678 2390 2388 991 2392 
1679 2391 2390 2392 978 
1680 992 1009 2393 2394 
1681 1009 988 2391 2393 
1682 2393 2391 978 1034 
1683 2394 2393 1034 995 
1684 698 2397 2395 2396 
1685 2397 681 1444 2395 
1686 2395 1444 998 1441 
1687 2396 2395 1441 996 
1688 997 2400 2398 2399 
1689 2400 996 1440 2398 
1690 2398 1440 989 1001 
1691 2399 2398 1001 682 
1692 1004 2403 2401 2402 
1693 2403 997 2399 2401 
1694 2401 2399 682 1008 
1695 2402 2401 1008 994 
1696 1011 2412 2410 2411 
1697 2412 1010 2408 2410 
1698 2410 2408 1013 1372 
1699 2411 2410 1372 968 
1700 978 2392 2413 1035 
1701 2392 991 2414 2413 
1702 2413 2414 1030 2415 
1703 1035 2413 2415 1016 
1704 991 2389 2416 2414 
1705 2389 979 1522 2416 
1706 2416 1522 1026 2417 
1707 2414 2416 2417 1030 
1708 1030 2417 2418 2419 
1709 2417 1026 1558 2418 
1710 2418 1558 577 2420 
1711 2419 2418 2420 1031 
1712 1016 2415 2421 2422 
1713 2415 1030 2419 2421 
1714 2421 2419 1031 2423 
1715 2422 2421 2423 980 
1716 577 1559 2424 2425 
1717 1559 1029 1565 2424 
1718 2424 1565 1037 2426 
1719 2425 2424 2426 1038 
1720 1038 2426 2427 2428 
1721 2426 1037 1619 2427 
1722 2427 1619 1040 2429 
1723 2428 2427 2429 1012 
1724 2323 429 2431 2430 
1725 2430 2431 1042 2432 
1726 1246 2430 2432 1041 
1727 579 2352 2433 1049 
1728 2352 758 2434 2433 
1729 2433 2434 1044 2435 
1730 1049 2433 2435 982 
1731 982 2435 2436 1068 
1732 2435 1044 2437 2436 
1733 2436 2437 1046 2438 
1734 1068 2436 2438 428 
1735 1012 2429 2439 2440 
1736 2429 1040 1606 2439 
1737 2439 1606 1064 2441 
1738 2440 2439 2441 1065 
1739 1064 1608 2442 2443 
1740 1608 1060 1663 2442 
1741 2442 1663 1024 2444 
1742 2443 2442 2444 1066 
1743 1065 2441 2445 2446 
1744 2441 1064 2443 2445 
1745 2445 2443 1066 2447 
1746 2446 2445 2447 969 
1747 463 2449 2448 1097 
1748 2449 1091 1213 2448 
1749 2448 1213 1094 1202 
1750 1097 2448 1202 448 
1751 528 1128 2450 1131 
1752 1128 552 2451 2450 
1753 2450 2451 1123 2452 
1754 1131 2450 2452 562 
1755 502 1203 2453 2454 
1756 1203 1138 1174 2453 
1757 2453 1174 1140 2455 
1758 2454 2453 2455 452 
1759 598 2302 2456 1183 
1760 2302 444 2457 2456 
1761 2456 2457 618 2458 
1762 1183 2456 2458 1152 
1763 1094 2461 2459 2460 
1764 2461 1160 1217 2459 
1765 2459 1217 1158 1206 
1766 2460 2459 1206 1159 
1767 1093 2463 2462 1215 
1768 2463 1163 2464 2462 
1769 2462 2464 1155 1166 
1770 1215 2462 1166 451 
1771 451 2466 2465 1219 
1772 2466 1166 2467 2465 
1773 2465 2467 1165 1189 
1774 1219 2465 1189 1161 
1775 1138 1207 2468 2469 
1776 1207 1162 1193 2468 
1777 2468 1193 1173 2470 
1778 2469 2468 2470 1174 
1779 1139 1191 2471 1194 
1780 1191 1168 2472 2471 
1781 2471 2472 1185 2473 
1782 1194 2471 2473 1175 
1783 1229 2476 2474 2475 
1784 2476 1221 1237 2474 
1785 2474 1237 1177 1234 
1786 2475 2474 1234 1210 
1787 428 2438 2477 1249 
1788 2438 1046 2478 2477 
1789 2477 2478 1245 2479 
1790 1249 2477 2479 1053 
1791 1265 1707 2480 1723 
1792 1707 1072 2481 2480 
1793 2480 2481 1266 1296 
1794 1723 2480 1296 1263 
1795 1264 1724 2482 1323 
1796 1724 1263 1295 2482 
1797 2482 1295 1257 1289 
1798 1323 2482 1289 1073 
1799 1276 2484 2485 1358 
1800 2485 1280 580 2486 
1801 1358 2485 2486 1278 
1802 1066 2444 2487 2488 
1803 2444 1024 1679 2487 
1804 2487 1679 1071 1331 
1805 2488 2487 1331 1303 
1806 1307 1716 2489 2490 
1807 1716 1070 1722 2489 
1808 2489 1722 1264 1322 
1809 2490 2489 1322 1305 
1810 1320 2492 2491 1338 
1811 2492 1323 2493 2491 
1812 2491 2493 1073 1340 
1813 1338 2491 1340 1310 
1814 616 1382 2494 2495 
1815 1382 272 1364 2494 
1816 2494 1364 1075 2496 
1817 2495 2494 2496 1360 
1818 1368 2498 2497 1395 
1819 2498 1277 1375 2497 
1820 2497 1375 1356 2499 
1821 1395 2497 2499 1366 
1822 1387 2502 2500 2501 
1823 2502 1011 2411 2500 
1824 2500 2411 968 1391 
1825 2501 2500 1391 1350 
1826 1388 2505 2503 2504 
1827 2505 1387 2501 2503 
1828 2503 2501 1350 1399 
1829 2504 2503 1399 615 
1830 1389 2507 2506 1407 
1831 2507 1371 2508 2506 
1832 2506 2508 1277 2498 
1833 1407 2506 2498 1368 
1834 1413 2511 2509 2510 
1835 2511 1405 1421 2509 
1836 2509 1421 1348 1418 
1837 2510 2509 1418 1402 
1838 1429 2513 2512 1437 
1839 2513 1430 2514 2512 
1840 2512 2514 690 1463 
1841 632 2517 2515 2516 
1842 2517 1438 1482 2515 
1843 2515 1482 1452 1479 
1844 2516 2515 1479 1453 
1845 672 2361 2518 1460 
1846 2361 761 2519 2518 
1847 2518 2519 1456 2520 
1848 1460 2518 2520 985 
1849 985 2520 2521 1515 
1850 2520 1456 2522 2521 
1851 2521 2522 1048 1641 
1852 1433 2524 2523 1491 
1853 2524 1458 2525 2523 
1854 2523 2525 1461 1585 
1855 1491 2523 1585 984 
1856 1431 2527 2526 1484 
1857 2527 1463 2528 2526 
1858 2526 2528 1462 1494 
1859 1484 2526 1494 1454 
1860 990 1480 2529 2530 
1861 1480 1455 1502 2529 
1862 2529 1502 1466 2531 
1863 2530 2529 2531 1467 
1864 1466 1504 2532 2533 
1865 1504 1468 1534 2532 
1866 2532 1534 1027 1531 
1867 2533 2532 1531 1469 
1868 1467 2531 2534 2535 
1869 2531 1466 2533 2534 
1870 2534 2533 1469 2536 
1871 2535 2534 2536 979 
1872 1470 1500 2537 1507 
1873 1500 1473 2538 2537 
1874 2537 2538 1432 2539 
1875 1507 2537 2539 1474 
1876 1432 1496 2540 1503 
1877 1496 1465 2541 2540 
1878 2540 2541 1490 1535 
1879 1503 2540 1535 1468 
1880 1492 2543 2542 1527 
1881 2543 984 2544 2542 
1882 2542 2544 1519 1589 
1883 1527 2542 1589 1517 
1884 1518 1528 2545 2546 
1885 1528 1517 1588 2545 
1886 2545 1588 1520 1562 
1887 2546 2545 1562 1025 
1888 979 2536 2547 2548 
1889 2536 1469 1530 2547 
1890 2547 1530 1521 2549 
1891 2548 2547 2549 1522 
1892 1521 1532 2550 2551 
1893 1532 1518 2546 2550 
1894 2550 2546 1025 2552 
1895 2551 2550 2552 1523 
1896 1522 2549 2553 2554 
1897 2549 1521 2551 2553 
1898 2553 2551 1523 2555 
1899 2554 2553 2555 1026 
1900 986 1551 2556 1566 
1901 1551 1516 2557 2556 
1902 2556 2557 1546 1611 
1903 1566 2556 1611 1039 
1904 1516 2559 2558 2557 
1905 2559 674 2560 2558 
1906 2558 2560 1547 1644 
1907 2557 2558 1644 1546 
1908 1523 2552 2561 2562 
1909 2552 1025 1561 2561 
1910 2561 1561 1543 2563 
1911 2562 2561 2563 1557 
1912 1557 2563 2564 2565 
1913 2563 1543 1578 2564 
1914 2564 1578 1029 2566 
1915 2565 2564 2566 1559 
1916 1562 2569 2567 2568 
1917 2569 1520 1592 2567 
1918 2567 1592 1553 1582 
1919 2568 2567 1582 1560 
1920 1600 1634 2570 2571 
1921 1634 1603 2572 2570 
1922 2570 2572 1059 1671 
1923 2571 2570 1671 1604 
1924 1601 1617 2573 2574 
1925 1617 1600 2571 2573 
1926 2573 2571 1604 2575 
1927 2574 2573 2575 1060 
1928 1062 2577 2576 1667 
1929 2577 1624 2578 2576 
1930 2576 2578 1261 1702 
1931 1667 2576 1702 981 
1932 1603 2580 2579 2572 
1933 2580 1627 2581 2579 
1934 2579 2581 1630 1675 
1935 2572 2579 1675 1059 
1936 1623 2583 2582 1652 
1937 2583 1646 2584 2582 
1938 2582 2584 1632 1654 
1939 1652 2582 1654 1602 
1940 1060 2575 2585 2586 
1941 2575 1604 1670 2585 
1942 2585 1670 1662 2587 
1943 2586 2585 2587 1663 
1944 1663 2587 2588 2589 
1945 2587 1662 1682 2588 
1946 2588 1682 1665 2590 
1947 2589 2588 2590 1024 
1948 1664 1677 2591 1683 
1949 1677 1666 2592 2591 
1950 2591 2592 1668 1699 
1951 1683 2591 1699 1063 
1952 1665 1684 2593 2594 
1953 1684 1063 1698 2593 
1954 2593 1698 1680 1715 
1955 2594 2593 1715 1678 
1956 1668 2596 2595 1700 
1957 2596 981 2597 2595 
1958 2595 2597 1691 1705 
1959 1700 2595 1705 1690 
1960 1693 1720 2598 2599 
1961 1720 1692 1726 2598 
1962 2598 1726 1696 2600 
1963 2599 2598 2600 1070 
1964 1734 2602 2601 1740 
1965 2602 1736 1761 2601 
1966 2601 1761 375 1773 
1967 1740 2601 1773 589 
1968 1761 2605 2603 2604 
1969 2605 1760 1798 2603 
1970 2603 1798 1758 1776 
1971 2604 2603 1776 375 
1972 1776 2608 2606 2607 
1973 2608 1758 1802 2606 
1974 2606 1802 1768 1792 
1975 2607 2606 1792 1774 
1976 1820 2611 2609 2610 
1977 2611 1822 1899 2609 
1978 2609 1899 653 1875 
1979 2610 2609 1875 749 
1980 784 2613 2612 1826 
1981 2613 1820 2610 2612 
1982 2612 2610 749 1832 
1983 1826 2612 1832 587 
1984 1830 2615 2614 1848 
1985 2615 1842 2616 2614 
1986 2614 2616 1835 1850 
1987 1848 2614 1850 785 
1988 371 2618 2617 1868 
1989 2618 1859 2619 2617 
1990 2617 2619 1858 1912 
1991 1868 2617 1912 655 
1992 1875 2622 2620 2621 
1993 2622 653 1903 2620 
1994 2620 1903 1870 1896 
1995 2621 2620 1896 1874 
1996 50 1914 2623 1881 
1997 1914 1861 2624 2623 
1998 2623 2624 1877 2088 
1999 1881 2623 2088 670 
2000 1877 2626 2625 2089 
2001 2626 1878 2066 2625 
2002 2625 2066 666 2627 
2003 2089 2625 2627 1879 
2004 656 1886 2628 2348 
2005 1886 1865 2629 2628 
2006 2628 2629 1880 2630 
2007 2348 2628 2630 757 
2008 49 2632 2631 2235 
2009 2632 1916 2633 2631 
2010 2631 2633 1915 1932 
2011 2235 2631 1932 367 
2012 1915 2635 2634 1933 
2013 2635 1917 2006 2634 
2014 2634 2006 364 1943 
2015 1933 2634 1943 1918 
2016 651 2637 2636 2321 
2017 2637 1919 2638 2636 
2018 2636 2638 1922 2047 
2019 2321 2636 2047 368 
2020 426 1930 2639 2070 
2021 1930 1923 2640 2639 
2022 2639 2640 1925 2641 
2023 2070 2639 2641 73 
2024 33 2643 2642 2229 
2025 2643 1952 2644 2642 
2026 2642 2644 1951 2015 
2027 2229 2642 2015 363 
2028 1952 2646 2645 2644 
2029 2646 357 2647 2645 
2030 2645 2647 1953 1971 
2031 2644 2645 1971 1951 
2032 1955 2649 2648 2038 
2033 2649 1935 1974 2648 
2034 2648 1974 1956 2650 
2035 2038 2648 2650 1954 
2036 357 2652 2651 2647 
2037 2652 1967 2653 2651 
2038 2651 2653 1966 1983 
2039 2647 2651 1983 1953 
2040 1966 2655 2654 1984 
2041 2655 1968 2656 2654 
2042 2654 2656 8 1986 
2043 1984 2654 1986 1959 
2044 2006 2659 2657 2658 
2045 2659 2005 2028 2657 
2046 2657 2028 2003 2025 
2047 2658 2657 2025 364 
2048 1996 2661 2660 2018 
2049 2661 2014 2662 2660 
2050 2660 2662 1955 2037 
2051 2018 2660 2037 18 
2052 2008 2664 2663 2030 
2053 2664 2016 2665 2663 
2054 2663 2665 1999 2020 
2055 2030 2663 2020 1939 
2056 666 2068 2666 2667 
2057 2068 2045 2076 2666 
2058 2666 2076 2056 2668 
2059 2667 2666 2668 2057 
2060 429 2090 2669 2431 
2061 2090 1879 2670 2669 
2062 2669 2670 2084 2671 
2063 2431 2669 2671 1042 
2064 1879 2627 2672 2670 
2065 2627 666 2667 2672 
2066 2672 2667 2057 2673 
2067 2670 2672 2673 2084 
2068 101 159 2674 2675 
2069 159 103 2166 2674 
2070 2674 2166 75 2676 
2071 2675 2674 2676 104 
2072 102 2150 2677 2678 
2073 2150 101 2675 2677 
2074 2677 2675 104 2679 
2075 2678 2677 2679 76 
2076 107 2681 2680 2158 
2077 2681 182 2682 2680 
2078 2680 2682 181 2181 
2079 2158 2680 2181 141 
2080 182 2684 2683 2682 
2081 2684 82 243 2683 
2082 2683 243 183 2685 
2083 2682 2683 2685 181 
2084 181 2685 2686 2182 
2085 2685 183 2192 2686 
2086 2686 2192 108 213 
2087 2182 2686 213 184 
2088 209 2688 2687 2187 
2089 2688 177 2689 2687 
2090 2687 2689 210 2189 
2091 2187 2687 2189 208 
2092 196 2184 2690 2691 
2093 2184 59 2195 2690 
2094 2690 2195 218 2692 
2095 2691 2690 2692 216 
2096 235 270 2693 2193 
2097 270 237 2201 2693 
2098 2693 2201 177 2688 
2099 2193 2693 2688 209 
2100 274 321 2694 2695 
2101 321 275 2213 2694 
2102 2694 2213 154 2696 
2103 2695 2694 2696 276 
2104 206 306 2697 2698 
2105 306 274 2695 2697 
2106 2697 2695 276 2699 
2107 2698 2697 2699 153 
2108 177 2202 2700 2689 
2109 2202 266 2701 2700 
2110 2700 2701 301 2207 
2111 2689 2700 2207 210 
2112 266 826 2702 2701 
2113 826 179 2703 2702 
2114 2702 2703 302 2704 
2115 2701 2702 2704 301 
2116 301 2704 2705 2208 
2117 2704 302 2706 2705 
2118 2705 2706 91 309 
2119 2208 2705 309 278 
2120 179 808 2707 2703 
2121 808 295 2708 2707 
2122 2707 2708 312 2709 
2123 2703 2707 2709 302 
2124 295 838 2710 2708 
2125 838 259 2711 2710 
2126 2710 2711 313 2712 
2127 2708 2710 2712 312 
2128 312 2712 2713 2714 
2129 2712 313 2715 2713 
2130 2713 2715 262 324 
2131 2714 2713 324 304 
2132 302 2709 2716 2706 
2133 2709 312 2714 2716 
2134 2716 2714 304 2210 
2135 2706 2716 2210 91 
2136 259 2368 2717 2711 
2137 2368 331 2718 2717 
2138 2717 2718 330 2719 
2139 2711 2717 2719 313 
2140 331 2366 2720 2718 
2141 2366 261 2721 2720 
2142 2720 2721 332 2722 
2143 2718 2720 2722 330 
2144 330 2722 2723 2724 
2145 2722 332 2725 2723 
2146 2723 2725 5 339 
2147 2724 2723 339 319 
2148 313 2719 2726 2715 
2149 2719 330 2724 2726 
2150 2726 2724 319 2216 
2151 2715 2726 2216 262 
2152 327 394 2727 2728 
2153 394 381 2237 2727 
2154 2727 2237 386 2241 
2155 2728 2727 2241 387 
2156 395 2730 2729 2244 
2157 2730 397 2731 2729 
2158 2729 2731 257 1735 
2159 2244 2729 1735 374 
2160 255 2733 2732 893 
2161 2733 407 2734 2732 
2162 2732 2734 406 2249 
2163 893 2732 2249 380 
2164 407 2736 2735 2734 
2165 2736 374 2737 2735 
2166 2735 2737 408 1744 
2167 2734 2735 1744 406 
2168 419 1961 2738 2252 
2169 1961 420 2739 2738 
2170 2738 2739 29 2740 
2171 2252 2738 2740 421 
2172 422 1941 2741 2255 
2173 1941 423 2742 2741 
2174 2741 2742 45 2743 
2175 2255 2741 2743 424 
2176 500 1144 2744 2745 
2177 1144 502 2454 2744 
2178 2744 2454 452 2746 
2179 2745 2744 2746 503 
2180 501 1146 2747 2748 
2181 1146 500 2745 2747 
2182 2747 2745 503 2749 
2183 2748 2747 2749 435 
2184 504 1103 2750 2279 
2185 1103 507 2751 2750 
2186 2750 2751 464 2752 
2187 2279 2750 2752 508 
2188 154 2214 2753 2754 
2189 2214 317 2285 2753 
2190 2753 2285 513 2755 
2191 2754 2753 2755 514 
2192 434 555 2756 2757 
2193 555 455 2288 2756 
2194 2756 2288 519 2758 
2195 2757 2756 2758 520 
2196 522 1113 2759 2760 
2197 1113 501 2748 2759 
2198 2759 2748 435 2761 
2199 2760 2759 2761 524 
2200 523 559 2762 2763 
2201 559 522 2760 2762 
2202 2762 2760 524 2764 
2203 2763 2762 2764 455 
2204 553 2295 2765 2766 
2205 2295 523 2763 2765 
2206 2765 2763 455 2767 
2207 2766 2765 2767 555 
2208 431 620 2768 2769 
2209 2769 2768 2770 494 
2210 494 2770 2771 2772 
2211 2770 614 1380 2771 
2212 2771 1380 616 2773 
2213 2772 2771 2773 433 
2214 444 624 2774 2457 
2215 624 595 2775 2774 
2216 2774 2775 617 2776 
2217 2457 2774 2776 618 
2218 595 2300 2777 2775 
2219 2300 581 2778 2777 
2220 2777 2778 619 2779 
2221 2775 2777 2779 617 
2222 650 2781 2780 2318 
2223 2781 365 2782 2780 
2224 2780 2782 651 2320 
2225 2318 2780 2320 649 
2226 676 2785 2783 2784 
2227 2785 657 2343 2783 
2228 2783 2343 677 2325 
2229 2784 2783 2325 675 
2230 695 721 2786 2787 
2231 721 697 2788 2786 
2232 2786 2788 681 2397 
2233 2787 2786 2397 698 
2234 696 734 2789 2790 
2235 734 695 2787 2789 
2236 2789 2787 698 2791 
2237 2790 2789 2791 679 
2238 704 2794 2792 2793 
2239 2794 662 708 2792 
2240 2792 708 631 2336 
2241 2793 2792 2336 706 
2242 643 2796 2795 918 
2243 2796 704 2793 2795 
2244 2795 2793 706 2333 
2245 918 2795 2333 87 
2246 697 2798 2797 2788 
2247 2798 715 2799 2797 
2248 2797 2799 717 1445 
2249 2788 2797 1445 681 
2250 756 2349 2800 2351 
2251 2349 757 2801 2800 
2252 2800 2801 669 2802 
2253 2351 2800 2802 758 
2254 759 2358 2803 2360 
2255 2358 760 2804 2803 
2256 2803 2804 673 2805 
2257 2360 2803 2805 761 
2258 397 2807 2806 2731 
2259 2807 778 2808 2806 
2260 2806 2808 586 1755 
2261 2731 2806 1755 257 
2262 261 876 2809 2721 
2263 876 385 2810 2809 
2264 2809 2810 872 2811 
2265 2721 2809 2811 332 
2266 385 886 2812 2810 
2267 886 327 2728 2812 
2268 2812 2728 387 2813 
2269 2810 2812 2813 872 
2270 872 2813 2814 2815 
2271 2813 387 2240 2814 
2272 2814 2240 315 2816 
2273 2815 2814 2816 334 
2274 332 2811 2817 2725 
2275 2811 872 2815 2817 
2276 2817 2815 334 2818 
2277 2725 2817 2818 5 
2278 581 929 2819 2778 
2279 929 637 2820 2819 
2280 2819 2820 923 2821 
2281 2778 2819 2821 619 
2282 637 949 2822 2820 
2283 949 583 2379 2822 
2284 2822 2379 924 2823 
2285 2820 2822 2823 923 
2286 923 2823 2824 2825 
2287 2823 924 2385 2824 
2288 2824 2385 432 2826 
2289 2825 2824 2826 925 
2290 619 2821 2827 2828 
2291 2821 923 2825 2827 
2292 2827 2825 925 2829 
2293 2828 2827 2829 584 
2294 679 2791 2830 2831 
2295 2791 698 2396 2830 
2296 2830 2396 996 2400 
2297 2831 2830 2400 997 
2298 731 2834 2832 2833 
2299 2834 679 2831 2832 
2300 2832 2831 997 2403 
2301 2833 2832 2403 1004 
2302 633 1017 2835 2836 
2303 2836 2835 2412 1011 
2304 1014 1036 2837 2838 
2305 1036 1016 2422 2837 
2306 2837 2422 980 2839 
2307 2838 2837 2839 1017 
2308 758 2802 2840 2434 
2309 2802 669 2841 2840 
2310 2840 2841 1045 2842 
2311 2434 2840 2842 1044 
2312 1044 2842 2843 2437 
2313 2842 1045 2844 2843 
2314 2843 2844 671 2845 
2315 2437 2843 2845 1046 
2316 450 2847 2846 2268 
2317 2847 1092 2848 2846 
2318 2846 2848 1091 2449 
2319 2268 2846 2449 463 
2320 1092 2850 2849 2848 
2321 2850 443 2851 2849 
2322 2849 2851 1093 1214 
2323 2848 2849 1214 1091 
2324 507 2853 2852 2751 
2325 2853 1095 2854 2852 
2326 2852 2854 1098 1149 
2327 2751 2852 1149 464 
2328 508 2752 2855 2856 
2329 2752 464 1148 2855 
2330 2855 1148 1142 2857 
2331 2856 2855 2857 1145 
2332 443 2859 2858 2851 
2333 2859 1164 2860 2858 
2334 2858 2860 1163 2463 
2335 2851 2858 2463 1093 
2336 1046 2845 2861 2478 
2337 2845 671 2862 2861 
2338 2861 2862 1246 2863 
2339 2478 2861 2863 1245 
2340 969 2447 2864 2865 
2341 2447 1066 2488 2864 
2342 2864 2488 1303 2866 
2343 2865 2864 2866 1304 
2344 1304 2866 2867 2868 
2345 2866 1303 1330 2867 
2346 2867 1330 1281 2869 
2347 2868 2867 2869 1056 
2348 1071 2872 2870 2871 
2349 2872 1307 2490 2870 
2350 2870 2490 1305 1334 
2351 2871 2870 1334 1306 
2352 433 2773 2873 2874 
2353 2773 616 2495 2873 
2354 2873 2495 1360 2875 
2355 2874 2873 2875 1361 
2356 1371 2877 2876 2508 
2357 2877 1370 2878 2876 
2358 2876 2878 1357 1376 
2359 2508 2876 1376 1277 
2360 432 2386 2879 2880 
2361 2386 973 2881 2879 
2362 2879 2881 1387 2505 
2363 2880 2879 2505 1388 
2364 973 2383 2882 2881 
2365 2383 633 2836 2882 
2366 2882 2836 1011 2502 
2367 2881 2882 2502 1387 
2368 717 2884 2883 1446 
2369 2884 688 2885 2883 
2370 2883 2885 1430 2513 
2371 1446 2883 2513 1429 
2372 1435 1451 2886 2887 
2373 1451 1434 2888 2886 
2374 2886 2888 1438 2517 
2375 2887 2886 2517 632 
2376 761 2805 2889 2519 
2377 2805 673 2890 2889 
2378 2889 2890 1457 2891 
2379 2519 2889 2891 1456 
2380 1456 2891 2892 2522 
2381 2891 1457 2893 2892 
2382 2892 2893 579 2894 
2383 2522 2892 2894 1048 
2384 690 2896 2895 1464 
2385 2896 1459 2897 2895 
2386 2895 2897 1458 2524 
2387 1464 2895 2524 1433 
2388 1490 2899 2898 1536 
2389 2899 1491 2900 2898 
2390 2898 2900 984 2543 
2391 1536 2898 2543 1492 
2392 1514 2902 2901 1550 
2393 2902 1515 2903 2901 
2394 2901 2903 674 2559 
2395 1550 2901 2559 1516 
2396 1026 2555 2904 2905 
2397 2555 1523 2562 2904 
2398 2904 2562 1557 2906 
2399 2905 2904 2906 1558 
2400 1558 2906 2907 2908 
2401 2906 1557 2565 2907 
2402 2907 2565 1559 2909 
2403 2908 2907 2909 577 
2404 1023 2911 2910 1629 
2405 2911 1625 2912 2910 
2406 2910 2912 1624 2577 
2407 1629 2910 2577 1062 
2408 1061 2914 2913 1633 
2409 2914 1628 2915 2913 
2410 2913 2915 1627 2580 
2411 1633 2913 2580 1603 
2412 1547 2917 2916 1645 
2413 2917 1640 2918 2916 
2414 2916 2918 1625 2911 
2415 1645 2916 2911 1023 
2416 1612 2920 2919 1648 
2417 2920 1643 2921 2919 
2418 2919 2921 1628 2914 
2419 1648 2919 2914 1061 
2420 1666 2923 2922 2592 
2421 2923 1667 2924 2922 
2422 2922 2924 981 2596 
2423 2592 2922 2596 1668 
2424 1024 2590 2925 2926 
2425 2590 1665 2594 2925 
2426 2925 2594 1678 2927 
2427 2926 2925 2927 1679 
2428 1679 2927 2928 2929 
2429 2927 1678 1714 2928 
2430 2928 1714 1307 2872 
2431 2929 2928 2872 1071 
2432 374 2931 2930 2737 
2433 2931 1735 2932 2930 
2434 2930 2932 1734 1739 
2435 2737 2930 1739 408 
2436 1735 2934 2933 2932 
2437 2934 257 2935 2933 
2438 2933 2935 1736 2602 
2439 2932 2933 2602 1734 
2440 257 2937 2936 2935 
2441 2937 1755 2938 2936 
2442 2936 2938 1754 1762 
2443 2935 2936 1762 1736 
2444 1755 2940 2939 2938 
2445 2940 586 2941 2939 
2446 2939 2941 782 1795 
2447 2938 2939 1795 1754 
2448 1810 2944 2942 2943 
2449 2944 786 1813 2942 
2450 2942 1813 657 2785 
2451 2943 2942 2785 676 
2452 1861 2946 2945 2624 
2453 2946 652 2947 2945 
2454 2945 2947 1878 2626 
2455 2624 2945 2626 1877 
2456 757 2630 2948 2801 
2457 2630 1880 2949 2948 
2458 2948 2949 1882 2950 
2459 2801 2948 2950 669 
2460 1916 2952 2951 2633 
2461 2952 361 2953 2951 
2462 2951 2953 1917 2635 
2463 2633 2951 2635 1915 
2464 365 2955 2954 2782 
2465 2955 1920 2956 2954 
2466 2954 2956 1919 2637 
2467 2782 2954 2637 651 
2468 1923 1945 2957 2640 
2469 1945 1924 2958 2957 
2470 2957 2958 422 2959 
2471 2640 2957 2959 1925 
2472 423 1957 2960 2742 
2473 1957 1934 2961 2960 
2474 2960 2961 1937 2962 
2475 2742 2960 2962 45 
2476 1924 2004 2963 2958 
2477 2004 1938 2964 2963 
2478 2963 2964 1941 2965 
2479 2958 2963 2965 422 
2480 1967 2967 2966 2653 
2481 2967 359 2968 2966 
2482 2966 2968 1968 2655 
2483 2653 2966 2655 1966 
2484 361 2970 2969 2953 
2485 2970 1995 2971 2969 
2486 2969 2971 1994 2007 
2487 2953 2969 2007 1917 
2488 1995 2973 2972 2971 
2489 2973 363 2974 2972 
2490 2972 2974 1996 2017 
2491 2971 2972 2017 1994 
2492 363 2976 2975 2974 
2493 2976 2015 2977 2975 
2494 2975 2977 2014 2661 
2495 2974 2975 2661 1996 
2496 2014 2979 2978 2662 
2497 2979 1970 2980 2978 
2498 2978 2980 1935 2649 
2499 2662 2978 2649 1955 
2500 652 2982 2981 2947 
2501 2982 2043 2983 2981 
2502 2981 2983 2042 2067 
2503 2947 2981 2067 1878 
2504 2043 2985 2984 2983 
2505 2985 368 2986 2984 
2506 2984 2986 2044 2062 
2507 2983 2984 2062 2042 
2508 117 2153 2987 2988 
2509 2153 83 2169 2987 
2510 2987 2169 157 2989 
2511 2988 2987 2989 2148 
2512 276 2696 2990 2991 
2513 2696 154 2754 2990 
2514 2990 2754 514 2992 
2515 2991 2990 2992 2162 
2516 925 2826 2993 2994 
2517 2826 432 2880 2993 
2518 2993 2880 1388 2995 
2519 2994 2993 2995 2314 
2520 2314 2995 2996 2997 
2521 2995 1388 2504 2996 
2522 2996 2504 615 2998 
2523 2997 2996 2998 1381 
2524 669 2950 2999 2841 
2525 2950 1882 3000 2999 
2526 2999 3000 2322 3001 
2527 2841 2999 3001 1045 
2528 1045 3001 3002 2844 
2529 3001 2322 3003 3002 
2530 3002 3003 2323 3004 
2531 2844 3002 3004 671 
2532 1430 3006 3005 2514 
2533 3006 2330 3007 3005 
2534 3005 3007 1459 2896 
2535 2514 3005 2896 690 
2536 1031 2420 3008 3009 
2537 2420 577 2425 3008 
2538 3008 2425 1038 3010 
2539 3009 3008 3010 2404 
2540 2404 3010 3011 3012 
2541 3010 1038 2428 3011 
2542 3011 2428 1012 3013 
2543 3012 3011 3013 2406 
2544 2406 3013 3014 3015 
2545 3013 1012 2440 3014 
2546 3014 2440 1065 3016 
2547 3015 3014 3016 2407 
2548 2407 3016 3017 3018 
2549 3016 1065 2446 3017 
2550 3017 2446 969 3019 
2551 3018 3017 3019 2409 
2552 671 3004 3020 2862 
2553 3004 2323 3021 3020 
2554 3020 3021 2430 3022 
2555 2862 3020 3022 1246 
2556 2409 3019 3023 3024 
2557 3019 969 2865 3023 
2558 3023 2865 1304 3025 
2559 3024 3023 3025 2483 
2560 2483 3025 3026 3027 
2561 3025 1304 2868 3026 
2562 3026 2868 1056 3028 
2563 3027 3026 3028 2484 
2564 205 280 3029 3030 
2565 280 206 2698 3029 
2566 3029 2698 153 3031 
2567 3030 3029 3031 207 
2568 158 249 3032 3033 
2569 249 205 3030 3032 
2570 3032 3030 207 3034 
2571 3033 3032 3034 103 
2572 109 223 3035 3036 
2573 223 196 2691 3035 
2574 3035 2691 216 3037 
2575 3036 3035 3037 217 
2576 5 2818 3038 340 
2577 2818 334 3039 3038 
2578 3038 3039 333 3040 
2579 340 3038 3040 320 
2580 334 2816 3041 3039 
2581 2816 315 438 3041 
2582 3041 438 335 3042 
2583 3039 3041 3042 333 
2584 333 3042 3043 3044 
2585 3042 335 2258 3043 
2586 3043 2258 314 3045 
2587 3044 3043 3045 336 
2588 320 3040 3046 3047 
2589 3040 333 3044 3046 
2590 3046 3044 336 3048 
2591 3047 3046 3048 275 
2592 445 1153 3049 3050 
2593 1153 431 2769 3049 
2594 3049 2769 494 3051 
2595 3050 3049 3051 492 
2596 492 3051 3052 3053 
2597 3051 494 2772 3052 
2598 3052 2772 433 3054 
2599 3053 3052 3054 495 
2600 617 2779 3055 3056 
2601 2779 619 2828 3055 
2602 3055 2828 584 3057 
2603 3056 3055 3057 620 
2604 618 2776 3058 3059 
2605 2776 617 3056 3058 
2606 3058 3056 620 3060 
2607 3059 3058 3060 431 
2608 640 3063 3061 3062 
2609 3063 676 2784 3061 
2610 3061 2784 675 692 
2611 3062 3061 692 664 
2612 590 1789 3064 3065 
2613 1789 705 3066 3064 
2614 3064 3066 704 2796 
2615 3065 3064 2796 643 
2616 705 1781 3067 3066 
2617 1781 638 3068 3067 
2618 3067 3068 662 2794 
2619 3066 3067 2794 704 
2620 578 3070 3069 720 
2621 3070 694 3071 3069 
2622 3069 3071 715 2798 
2623 720 3069 2798 697 
2624 715 3073 3072 2799 
2625 3073 716 3074 3072 
2626 3072 3074 688 2884 
2627 2799 3072 2884 717 
2628 729 3077 3075 3076 
2629 3077 696 2790 3075 
2630 3075 2790 679 2834 
2631 3076 3075 2834 731 
2632 778 3079 3078 2808 
2633 3079 780 3080 3078 
2634 3078 3080 369 783 
2635 2808 3078 783 586 
2636 586 3082 3081 2941 
2637 3082 783 3083 3081 
2638 3081 3083 781 2363 
2639 2941 3081 2363 782 
2640 783 3085 3084 3083 
2641 3085 369 3086 3084 
2642 3084 3086 784 1825 
2643 3083 3084 1825 781 
2644 1048 2894 3087 1642 
2645 2894 579 3088 3087 
2646 3087 3088 1049 3089 
2647 1642 3087 3089 1047 
2648 1047 3089 3090 1626 
2649 3089 1049 3091 3090 
2650 3090 3091 982 3092 
2651 1626 3090 3092 1050 
2652 1050 3092 3093 1262 
2653 3092 982 3094 3093 
2654 3093 3094 1068 3095 
2655 1262 3093 3095 1067 
2656 1067 3095 3096 1253 
2657 3095 1068 3097 3096 
2658 3096 3097 428 3098 
2659 1253 3096 3098 1069 
2660 460 3100 3099 1102 
2661 3100 1096 3101 3099 
2662 3099 3101 1095 2853 
2663 1102 3099 2853 507 
2664 449 2280 3102 3103 
2665 2280 508 2856 3102 
2666 3102 2856 1145 3104 
2667 3103 3102 3104 1112 
2668 1152 2458 3105 3106 
2669 2458 618 3059 3105 
2670 3105 3059 431 3107 
2671 3106 3105 3107 1153 
2672 498 1184 3108 3109 
2673 1184 1152 3106 3108 
2674 3108 3106 1153 3110 
2675 3109 3108 3110 445 
2676 1056 2869 3111 3112 
2677 2869 1281 1313 3111 
2678 3111 1313 1279 3113 
2679 3112 3111 3113 1280 
2680 1381 2998 3114 3115 
2681 2998 615 1398 3114 
2682 3114 1398 1349 3116 
2683 3115 3114 3116 1379 
2684 1379 3116 3117 3118 
2685 3116 1349 1384 3117 
2686 3117 1384 272 3119 
2687 3118 3117 3119 1382 
2688 1434 3121 3120 2888 
2689 3121 1437 3122 3120 
2690 3120 3122 1431 1483 
2691 2888 3120 1483 1438 
2692 1465 3124 3123 2541 
2693 3124 1433 3125 3123 
2694 3123 3125 1491 2899 
2695 2541 3123 2899 1490 
2696 1461 3127 3126 1586 
2697 3127 985 3128 3126 
2698 3126 3128 1515 2902 
2699 1586 3126 2902 1514 
2700 674 3130 3129 2560 
2701 3130 1641 3131 3129 
2702 3129 3131 1640 2917 
2703 2560 3129 2917 1547 
2704 1630 3133 3132 1676 
2705 3133 1062 3134 3132 
2706 3132 3134 1667 2923 
2707 1676 3132 2923 1666 
2708 1811 3137 3135 3136 
2709 3137 658 1828 3135 
2710 3135 1828 786 2944 
2711 3136 3135 2944 1810 
2712 1766 3140 3138 3139 
2713 3140 1810 2943 3138 
2714 3138 2943 676 3063 
2715 3139 3138 3063 640 
2716 780 3142 3141 3080 
2717 3142 1817 3143 3141 
2718 3141 3143 654 1821 
2719 3080 3141 1821 369 
2720 369 3145 3144 3086 
2721 3145 1821 3146 3144 
2722 3144 3146 1820 2613 
2723 3086 3144 2613 784 
2724 1821 3148 3147 3146 
2725 3148 654 3149 3147 
2726 3147 3149 1822 2611 
2727 3146 3147 2611 1820 
2728 1858 3151 3150 1913 
2729 3151 1860 3152 3150 
2730 3150 3152 652 2946 
2731 1913 3150 2946 1861 
2732 1817 3154 3153 3143 
2733 3154 1819 3155 3153 
2734 3153 3155 371 1867 
2735 3143 3153 1867 654 
2736 654 3157 3156 3149 
2737 3157 1867 3158 3156 
2738 3156 3158 1866 1900 
2739 3149 3156 1900 1822 
2740 1934 1965 3159 2961 
2741 1965 1936 3160 3159 
2742 3159 3160 419 3161 
2743 2961 3159 3161 1937 
2744 1938 2001 3162 2964 
2745 2001 1940 3163 3162 
2746 3162 3163 423 3164 
2747 2964 3162 3164 1941 
2748 1940 2039 3165 3163 
2749 2039 1954 3166 3165 
2750 3165 3166 1957 3167 
2751 3163 3165 3167 423 
2752 1936 1981 3168 3160 
2753 1981 1958 3169 3168 
2754 3168 3169 1961 3170 
2755 3160 3168 3170 419 
2756 1970 3172 3171 2980 
2757 3172 1969 3173 3171 
2758 3171 3173 1963 1975 
2759 2980 3171 1975 1935 
2760 2015 3175 3174 2977 
2761 3175 1951 3176 3174 
2762 3174 3176 1970 2979 
2763 2977 3174 2979 2014 
2764 153 2699 3177 3178 
2765 2699 276 2991 3177 
2766 3177 2991 2162 3179 
2767 3178 3177 3179 2163 
2768 207 3031 3180 3181 
2769 3031 153 3178 3180 
2770 3180 3178 2163 3182 
2771 3181 3180 3182 2165 
2772 163 2176 3183 3184 
2773 2176 109 3036 3183 
2774 3183 3036 217 3185 
2775 3184 3183 3185 2168 
2776 495 3054 3186 3187 
2777 3054 433 2874 3186 
2778 3186 2874 1361 3188 
2779 3187 3186 3188 2272 
2780 584 2829 3189 3190 
2781 2829 925 2994 3189 
2782 3189 2994 2314 3191 
2783 3190 3189 3191 2315 
2784 2315 3191 3192 3193 
2785 3191 2314 2997 3192 
2786 3192 2997 1381 3194 
2787 3193 3192 3194 614 
2788 1819 3196 3195 3155 
2789 3196 2316 3197 3195 
2790 3195 3197 1859 2618 
2791 3155 3195 2618 371 
2792 1860 3199 3198 3152 
2793 3199 2319 3200 3198 
2794 3198 3200 2043 2982 
2795 3152 3198 2982 652 
2796 688 3202 3201 2885 
2797 3202 2329 3203 3201 
2798 3201 3203 2330 3006 
2799 2885 3201 3006 1430 
2800 980 2423 3204 3205 
2801 2423 1031 3009 3204 
2802 3204 3009 2404 3206 
2803 3205 3204 3206 2405 
2804 2405 3206 3207 3208 
2805 3206 2404 3012 3207 
2806 3207 3012 2406 3209 
2807 3208 3207 3209 1010 
2808 1010 3209 3210 3211 
2809 3209 2406 3015 3210 
2810 3210 3015 2407 3212 
2811 3211 3210 3212 2408 
2812 2408 3212 3213 3214 
2813 3212 2407 3018 3213 
2814 3213 3018 2409 3215 
2815 3214 3213 3215 1013 
2816 1013 3215 3216 3217 
2817 3215 2409 3024 3216 
2818 3216 3024 2483 3218 
2819 3217 3216 3218 1373 
2820 1373 3218 3219 3220 
2821 3218 2483 3027 3219 
2822 3219 3027 2484 3221 
2823 3220 3219 3221 1276 
2824 2484 3028 3222 3223 
2825 3028 1056 3112 3222 
2826 3222 3112 1280 3224 
2827 3223 3222 3224 2485 
2828 1437 3226 3225 3122 
2829 3226 2512 3227 3225 
2830 3225 3227 1463 2527 
2831 3122 3225 2527 1431 
2832 1515 3229 3228 2903 
2833 3229 2521 3230 3228 
2834 3228 3230 1641 3130 
2835 2903 3228 3130 674 
2836 620 3057 3231 3232 
2837 3057 584 3190 3231 
2838 3231 3190 2315 3233 
2839 3232 3231 3233 2768 
2840 2768 3233 3234 3235 
2841 3233 2315 3193 3234 
2842 3234 3193 614 3236 
2843 3235 3234 3236 2770 
2844 1017 2839 3237 3238 
2845 2839 980 3205 3237 
2846 3237 3205 2405 3239 
2847 3238 3237 3239 2835 
2848 2835 3239 3240 3241 
2849 3239 2405 3208 3240 
2850 3240 3208 1010 3242 
2851 3241 3240 3242 2412 
