"Time_Iter","Outer_Iter","Inner_Iter",    "rms[Rho]"    ,    "rms[RhoU]"   ,    "rms[RhoV]"   ,    "rms[RhoE]"   ,     "rms[k]"     ,     "rms[w]"     
          0,           0,           0,      -2.134518766,       -11.7315149,      -12.06185009,       3.255956181,       6.413381568,       9.867474077
          0,           0,           1,      -2.163364619,     0.09781884487,      0.2801682242,       3.216581276,       5.813231492,       9.267490639
          0,           0,           2,      -2.215832789,      0.1326748674,      0.2721060575,       3.136085272,       5.213605564,       8.668083743
          0,           0,           3,      -2.236156032,     0.09854205563,      0.1886886609,       3.109250263,       4.614436995,       8.069251078
          0,           0,           4,      -2.281250336,     0.07880283113,     0.06357554808,       3.071175645,       4.015229075,       7.471467206
          0,           0,           5,      -2.319088202,      0.1714471741,    -0.02110381503,       3.057071009,       3.415635936,       6.888105502
          0,           0,           6,      -2.369344364,     0.09390522513,     -0.1706544006,       3.023374964,       2.816843546,       6.434310086
          0,           0,           7,       -2.47694638,    -0.00363490391,     -0.2560353331,       2.897869867,        2.21572175,        6.26410135
          0,           0,           8,      -2.526664135,     0.02243739592,     -0.2013600901,       2.864208977,       1.610107888,       6.197982848
          0,           0,           9,      -2.568578705,    -0.03549941969,     -0.2489881383,       2.822914165,       1.187893729,        6.15189945
          0,           0,          10,       -2.58494629,     -0.0624393955,     -0.1903475882,       2.811542296,      0.7806471202,       6.081923183
          0,           0,          11,      -2.535572702,    0.005871624445,     -0.1975543565,       2.862408808,      0.4209608075,       5.974219486
          0,           0,          12,      -2.579411561,    -0.08420824186,     -0.2037390929,       2.822867495,      0.2200735521,         5.8066697
          0,           0,          13,      -2.541678332,     -0.1287031127,     -0.2062708368,        2.86829594,      0.1392385475,       5.570215037
          0,           0,          14,      -2.481097792,    -0.05206587882,      -0.191382971,        2.91936643,     0.03360948612,       5.329515937
          0,           0,          15,      -2.457189931,    -0.04469734089,     -0.1849488521,       2.936448915,     -0.1327995286,       5.030558656
          0,           0,          16,      -2.503042125,     -0.0996988917,     -0.2160076279,       2.873048578,     -0.1531155719,       5.073561648
          0,           0,          17,      -2.512470703,     -0.1151983027,     -0.2068289409,       2.857600184,     -0.1859289141,       5.118178928
          0,           0,          18,      -2.489958473,    -0.07030675505,     -0.2169936761,       2.869494801,     -0.2305187456,       5.107073735
          0,           0,          19,      -2.468716577,    -0.07390870276,     -0.1928645892,       2.892252339,     -0.2935936206,       5.064662345
          0,           0,          20,      -2.433870484,    -0.06045654803,     -0.1656852108,       2.922927085,      -0.375215244,       5.012926871
          0,           0,          21,      -2.374522046,     0.03789706963,    -0.09757174312,       2.977733021,      -0.456937687,       5.138085015
          0,           0,          22,      -2.349441516,     0.01209514242,    -0.07283254796,       2.991550112,     -0.5051018329,       5.143877205
          0,           0,          23,      -2.327239242,    -0.01125287122,    -0.04877481804,        2.99849525,     -0.5157913317,       5.127711232
          0,           0,          24,      -2.298688321,     0.02389568386,    -0.03100814664,       3.013025599,     -0.4378768277,       5.075264394
          0,           0,          25,      -2.281557113,     0.02182470549,   -0.006642738854,       3.018763232,     -0.1306508935,       5.247188668
          0,           0,          26,      -2.269277675,     0.03833522229,   -0.002305824731,       3.029984769,     -0.4637229461,       5.086626924
          0,           0,          27,      -2.272050838,   -0.005773638492,    -0.03588614972,       3.015883288,     -0.7835673178,        5.04350373
          0,           0,          28,      -2.269651954,    -0.05596919162,    -0.05169201764,       3.012295558,     -0.6585664405,       5.007818149
          0,           0,          29,      -2.260325692,    -0.07188382873,    -0.07361197462,       3.020736882,      -0.447528009,        5.04689785
          0,           0,          30,      -2.239670257,   -0.007139179156,    -0.07686411945,       3.049113738,     -0.2064220638,       4.889433253
          0,           0,          31,      -2.228430552,     0.02446483188,    -0.05917515863,       3.065981707,     0.05772708072,        4.81852547
          0,           0,          32,      -2.231194762,     0.07907807311,    -0.03707923816,       3.072779354,      0.2616410566,       4.850157652
          0,           0,          33,      -2.249944563,      0.1377356702,    -0.03843909681,        3.06984871,     -0.3083576361,       4.821641341
          0,           0,          34,      -2.259289456,     0.06648506706,    -0.06614335485,        3.04317732,     -0.5702308603,       4.769687229
          0,           0,          35,      -2.259153647,     0.03335272307,    -0.09522051888,        3.03458059,     -0.3950778599,       4.733429259
          0,           0,          36,      -2.255045622,     0.02239428277,     -0.1198432093,        3.03579078,     -0.2100939259,       4.844833454
          0,           0,          37,      -2.247403592,     0.02260740219,      -0.120518292,       3.044653306,    -0.06413240379,       4.686228547
          0,           0,          38,      -2.241348058,       0.010905272,    -0.08890459801,       3.049323837,    -0.05836878112,       4.728658977
          0,           0,          39,      -2.236997149,    -0.03146796366,    -0.03631444001,       3.046120504,    -0.01577229074,       4.913082626
          0,           0,          40,      -2.239260256,    -0.06928146609,    0.004502749974,         3.0412335,     -0.2484517002,       4.845198459
          0,           0,          41,       -2.25087594,     -0.1659123647,    -0.01214943199,       3.017074352,     -0.6281052954,       4.780241697
          0,           0,          42,      -2.251161919,     -0.1709592982,    -0.02380321518,       3.014825042,     -0.4253954218,       4.869510676
          0,           0,          43,      -2.249496532,     -0.1545667346,    -0.03269908951,       3.019145682,     -0.1672504891,       4.853222548
          0,           0,          44,      -2.248107422,    -0.08566556428,    -0.03071271196,       3.030409212,      0.1049205635,       4.845404224
          0,           0,          45,      -2.262200201,    0.001412271946,    -0.02446277106,       3.033022475,      0.3324037816,       4.731600663
          0,           0,          46,      -2.290832777,      0.1177356141,    -0.04861800428,       3.039357224,     -0.2067019037,       4.750515364
          0,           0,          47,      -2.305874632,     0.07322400713,    -0.06955129851,       3.020267059,     -0.4985767309,       4.963643894
          0,           0,          48,      -2.313017616,     0.06072649847,    -0.09429792278,       3.007587015,     -0.3088157736,       4.885194308
          0,           0,          49,      -2.325384439,      0.0529040813,       -0.11802792,       3.000451958,     -0.1329887775,       4.750076349
          0,           0,          50,      -2.340264517,      0.1033351307,     -0.1416029195,       2.998150718,     0.04122002299,       4.896413574
          0,           0,          51,       -2.33617008,      0.1818866926,     -0.1693815461,       3.024551344,      0.1480516019,       4.846962441
          0,           0,          52,      -2.351649601,       0.224217377,     -0.2179938716,       3.032595455,       0.134051698,       5.067850475
          0,           0,          53,      -2.380416078,      0.2224568739,     -0.2704940601,       3.024363077,     -0.6079728025,       4.857459739
          0,           0,          54,      -2.505790888,    0.005216132383,     -0.3158702823,       2.860787588,     -0.7112697915,       5.085105172
          0,           0,          55,      -2.542305787,    -0.08053604327,     -0.3673894491,       2.803305796,     -0.5995749931,       5.031644482
          0,           0,          56,      -2.553483491,      -0.123015898,     -0.3944020418,       2.793509243,     -0.5205115914,       4.843017003
          0,           0,          57,      -2.554563091,     -0.1409431688,     -0.3930606214,       2.796249465,     -0.5319866078,       4.811530863
          0,           0,          58,      -2.542449344,     -0.1468572099,     -0.3672373073,       2.810568179,       -0.53311957,       4.977867286
          0,           0,          59,      -2.536649419,     -0.1425158464,     -0.3127657356,       2.813700201,     -0.3729395436,       4.841940535
          0,           0,          60,      -2.532215824,     -0.1440742405,     -0.2846169988,       2.820067216,      -0.285266144,       5.117815704
          0,           0,          61,      -2.532713001,     -0.1406886106,     -0.2863144375,       2.824024107,     -0.2566777955,       4.978348827
          0,           0,          62,      -2.534120442,     -0.1417196232,     -0.3017599644,       2.830030725,     -0.2745983536,       5.020630933
          0,           0,          63,      -2.552209445,     -0.1424284825,     -0.3075904874,       2.817931039,     -0.2029569005,         5.0381257
          0,           0,          64,      -2.536603058,     -0.1468459014,     -0.3054484131,       2.839210454,     -0.7967739667,       5.046361776
          0,           0,          65,      -2.602685472,     -0.2232386466,     -0.3668722675,       2.772426351,     -0.9678020582,       4.979486809
          0,           0,          66,      -2.638187519,     -0.2611720974,      -0.401378217,        2.73658947,      -0.863714038,       4.961288996
          0,           0,          67,      -2.631303659,     -0.2792073213,     -0.4172164058,       2.747246421,     -0.7739535952,       4.891157316
          0,           0,          68,      -2.614843139,     -0.2327897959,     -0.4221807516,       2.771314308,     -0.7152803195,       4.963415222
          0,           0,          69,      -2.541528999,    -0.06670341332,     -0.3777101627,       2.846545555,     -0.8238205675,       4.991337366
          0,           0,          70,      -2.543186531,     -0.1151396745,     -0.3579241419,       2.846445121,      -1.250647796,       4.919378676
          0,           0,          71,      -2.622356821,     -0.2572153276,     -0.4180931298,       2.762778778,      -1.199661433,       4.946164971
          0,           0,          72,       -2.60835577,     -0.1469868035,     -0.4513024322,       2.784458985,      -1.208842503,       4.969012878
          0,           0,          73,      -2.635646225,     -0.2149288123,     -0.4667230744,       2.755009926,      -1.192076815,       4.911256726
          0,           0,          74,      -2.654540635,     -0.3083937123,     -0.4402366831,       2.730978544,      -1.120559406,        4.95242289
          0,           0,          75,      -2.636565703,     -0.2675414262,     -0.4060499561,       2.748226653,     -0.9252244639,       5.031879556
          0,           0,          76,      -2.605237278,     -0.1646129384,     -0.3823580047,       2.779870646,     -0.6965656111,       5.066715185
          0,           0,          77,      -2.568041311,     -0.1043989915,     -0.3558274208,       2.824171639,       -1.12371643,       4.975103127
          0,           0,          78,      -2.639471986,     -0.1950940426,     -0.4072087432,       2.753391262,      -1.195298155,       4.962960484
          0,           0,          79,      -2.639437434,     -0.1930744578,     -0.4563379179,       2.760170654,      -1.205623149,       5.020240718
          0,           0,          80,      -2.569924239,    -0.06017779618,     -0.4681395447,       2.828916545,     -0.9757798403,       4.943039643
          0,           0,          81,      -2.597618491,     -0.1156623728,     -0.4542454494,       2.801516493,     -0.9906064497,       4.928362036
          0,           0,          82,      -2.645146888,      -0.277843292,     -0.4481807522,       2.743184714,     -0.9162029648,       5.026084704
          0,           0,          83,      -2.640792065,     -0.2618971736,     -0.4251545861,       2.744118969,     -0.9978768929,       5.034352579
          0,           0,          84,      -2.611567556,     -0.2623516584,     -0.3983508238,       2.770394827,      -1.297728265,       5.022118125
          0,           0,          85,      -2.667492806,     -0.3020447327,     -0.4409077167,       2.718103509,      -1.306661931,       4.965715582
          0,           0,          86,       -2.70169683,       -0.33848126,     -0.4904653006,       2.687036925,      -1.323411257,       4.958598575
          0,           0,          87,      -2.670661564,     -0.2979426439,     -0.4680219789,       2.720764354,       -1.33960201,       4.883666076
          0,           0,          88,      -2.647405169,     -0.2652894251,     -0.4253115642,       2.742388421,       -1.24563247,       4.956633405
          0,           0,          89,      -2.615242474,      -0.211362178,     -0.4099021673,       2.777691553,      -1.039556914,       5.070021482
          0,           0,          90,      -2.550244829,    -0.08395583199,     -0.3825462827,       2.841259182,        -1.1955373,       4.984934897
          0,           0,          91,      -2.616662099,       -0.15711979,        -0.4399395,       2.783332136,      -1.307252566,       5.076345404
          0,           0,          92,      -2.702007829,     -0.2997073356,     -0.4950643109,       2.692158371,      -1.325833987,       4.976315209
          0,           0,          93,      -2.690909616,     -0.3650306021,     -0.5076033143,       2.700358048,      -1.266306256,       4.843041869
          0,           0,          94,      -2.703336813,     -0.3513986752,     -0.4716486188,       2.684874677,      -1.172765517,       4.902043773
          0,           0,          95,      -2.673949911,     -0.3267644616,     -0.4533918244,       2.716042722,      -1.034880484,       5.097861208
          0,           0,          96,       -2.67063999,     -0.2843198971,     -0.4229628333,        2.71658233,     -0.9127266969,       4.942205552
          0,           0,          97,      -2.650879171,     -0.2248741044,     -0.4004976862,       2.736765653,      -1.240955839,       4.916679396
          0,           0,          98,      -2.685583466,     -0.2746223379,     -0.4721278774,       2.708046085,      -1.308292093,       4.999864129
          0,           0,          99,      -2.717922679,     -0.3048253208,     -0.5245627079,       2.676828735,      -1.291640854,       4.900854373
          0,           0,         100,      -2.696477014,     -0.2935986253,      -0.532645772,       2.700369913,      -1.233875308,       4.787602108
          0,           0,         101,      -2.660543158,     -0.2112148149,      -0.527721661,       2.735567358,      -1.356213009,       4.717145658
          0,           0,         102,      -2.724735669,     -0.4003806657,     -0.5790987443,       2.665362483,      -1.382721558,       4.788904815
          0,           0,         103,      -2.752712779,     -0.4499515761,      -0.608122907,       2.637591265,       -1.35655578,       4.785614721
          0,           0,         104,      -2.769196056,     -0.4601766807,     -0.6252362978,       2.623912284,      -1.339022954,       4.817961822
          0,           0,         105,      -2.751062456,     -0.4367683543,      -0.587908786,       2.642192376,      -1.334377056,       4.872792754
          0,           0,         106,      -2.728519838,     -0.3943478017,     -0.5454783605,       2.666109511,      -1.321417498,       4.822648264
          0,           0,         107,      -2.694383654,     -0.3296052233,     -0.5012148114,       2.700988583,       -1.25424399,       5.061776419
          0,           0,         108,      -2.676637963,     -0.2875766678,     -0.4524712299,       2.719706406,      -1.178252039,       5.081108838
          0,           0,         109,       -2.66405025,     -0.2599922655,      -0.418670319,       2.732944331,      -1.114099654,       5.221577781
          0,           0,         110,      -2.642379463,      -0.257088282,     -0.4047155623,       2.752274108,      -1.347181735,       5.026525725
          0,           0,         111,      -2.707369433,     -0.2882874172,     -0.4589932925,       2.687776632,      -1.355559409,       4.894129088
          0,           0,         112,       -2.72499792,      -0.312787152,     -0.5056527136,       2.674355441,      -1.343021996,       4.916703256
          0,           0,         113,      -2.704949925,     -0.2918928061,     -0.4985351469,       2.692425907,      -1.320071456,       4.949971975
          0,           0,         114,      -2.684496553,     -0.2267184096,     -0.4754740087,       2.720478077,      -1.396064341,       4.601146284
          0,           0,         115,      -2.746998286,     -0.3728449982,     -0.5499216878,       2.647945733,      -1.391124538,       4.840075303
          0,           0,         116,      -2.793481262,     -0.4202214698,     -0.5941856151,       2.598458127,      -1.390336734,       4.836383368
          0,           0,         117,      -2.807883038,      -0.473718035,     -0.6131349308,       2.580447308,      -1.385742141,       4.804375737
          0,           0,         118,      -2.837709132,     -0.5479354917,     -0.6974804798,       2.551184661,      -1.385678365,       4.718758774
          0,           0,         119,      -2.813257276,     -0.6118184271,     -0.7482872269,       2.577153943,       -1.38626608,       4.766021454
          0,           0,         120,      -2.795826318,     -0.6115443843,     -0.7709572407,       2.595923836,      -1.393993626,        4.64122779
          0,           0,         121,      -2.798452076,     -0.6094877854,     -0.7667478669,       2.592163048,      -1.400436241,       4.497044685
          0,           0,         122,       -2.77936894,     -0.6043157833,     -0.7551595576,       2.612495144,      -1.395543247,       4.743060957
          0,           0,         123,      -2.766098811,     -0.5348093157,     -0.6709324601,       2.627072438,      -1.386432284,       4.718015914
          0,           0,         124,      -2.759697483,     -0.4680342229,     -0.6122012592,       2.632627995,      -1.369257847,        4.97351769
          0,           0,         125,      -2.741776555,     -0.4225118744,     -0.5589459713,       2.650332131,      -1.405816045,       4.748641557
          0,           0,         126,      -2.791210552,     -0.4859947012,     -0.6186894303,       2.599721925,      -1.401482418,       4.919713874
          0,           0,         127,      -2.816551791,     -0.5109252775,     -0.6305458924,       2.573504052,       -1.40133863,       4.871773572
          0,           0,         128,      -2.807951035,     -0.5187753176,     -0.6448879763,        2.58453881,      -1.407265743,       4.748298216
          0,           0,         129,      -2.844357875,     -0.5574002632,     -0.6822879324,       2.545196486,      -1.409691619,       4.807401098
          0,           0,         130,      -2.828079964,     -0.6000057765,     -0.7092343299,       2.562780484,      -1.410590257,       4.858277139
          0,           0,         131,      -2.822635779,     -0.6211852266,     -0.7197275733,       2.567280654,      -1.411012852,       4.736639189
          0,           0,         132,      -2.802711361,     -0.6201659566,     -0.7240978292,       2.587598433,      -1.409747603,       4.661408218
          0,           0,         133,      -2.780054488,     -0.5784647198,     -0.6860038152,       2.611312515,      -1.394153158,       4.819036199
          0,           0,         134,      -2.759251497,      -0.493108978,     -0.6188103044,       2.633024206,      -1.377195722,       4.722583222
          0,           0,         135,      -2.739138891,     -0.4223184154,     -0.5543810384,       2.655263251,      -1.408975422,       4.765289775
          0,           0,         136,      -2.780399494,     -0.4760761057,     -0.6091800529,       2.612987094,      -1.407762182,       4.868340859
          0,           0,         137,       -2.82577072,     -0.5238677779,     -0.6455614009,       2.564840686,      -1.403013643,       4.964455568
          0,           0,         138,      -2.839552654,     -0.5336490625,     -0.6549979618,       2.548564513,      -1.404336526,       4.803223512
          0,           0,         139,      -2.833012814,     -0.5610108687,      -0.681024014,       2.559519381,        -1.4088581,       4.816730686
          0,           0,         140,       -2.79959285,      -0.555403862,     -0.6808005457,       2.593480403,      -1.406573631,       4.798349342
          0,           0,         141,      -2.778145412,     -0.5184935569,     -0.6519823162,       2.614360441,      -1.403245148,       4.727163005
          0,           0,         142,      -2.754774445,     -0.4709052704,     -0.6181344812,       2.638979522,      -1.410783486,       4.659320299
          0,           0,         143,      -2.778385734,     -0.5124835304,     -0.6478685255,       2.614131528,      -1.406823908,       4.747985367
          0,           0,         144,      -2.802378459,     -0.5393137237,     -0.6692429682,       2.588578624,      -1.401142453,       4.864406919
          0,           0,         145,      -2.809102439,     -0.5408553235,     -0.6693466224,       2.583014768,      -1.404679806,       4.792933275
          0,           0,         146,      -2.815493182,       -0.57949391,     -0.6903771859,       2.579249766,      -1.409045119,       4.672876331
          0,           0,         147,       -2.80057134,     -0.5469729809,     -0.6692660896,       2.594459258,      -1.408548772,       4.646411458
          0,           0,         148,      -2.778283616,     -0.5064307082,     -0.6368605665,       2.615099428,      -1.400065183,        4.74127814
          0,           0,         149,      -2.762821946,     -0.4513376168,     -0.6008575525,       2.630263605,      -1.377518321,       4.887359726
          0,           0,         150,      -2.744773582,     -0.4047413328,     -0.5500846491,       2.648980326,      -1.398326103,       4.909597395
          0,           0,         151,      -2.777330807,     -0.4518904574,     -0.5966319071,       2.614624356,       -1.39554052,       4.865430362
          0,           0,         152,      -2.812348393,     -0.4908885614,     -0.6169636969,       2.578823281,      -1.391485893,       4.793611041
          0,           0,         153,      -2.811690152,     -0.5268288856,     -0.6494620385,       2.581288897,      -1.395763118,       4.808364534
          0,           0,         154,       -2.78319829,     -0.5410403501,      -0.656784423,       2.610490996,      -1.406059052,        4.76994514
          0,           0,         155,      -2.817970859,      -0.596049676,     -0.6963327214,       2.574057813,      -1.408777742,       4.767392792
          0,           0,         156,      -2.844409132,     -0.6142384533,     -0.7328053299,       2.544973344,      -1.411027135,       4.542500947
          0,           0,         157,      -2.851979562,      -0.654256513,     -0.7444200388,       2.535435796,      -1.410029431,       4.520376182
          0,           0,         158,      -2.843473896,     -0.6365391526,     -0.7535965566,       2.544804113,      -1.407324244,        4.59769796
          0,           0,         159,      -2.836256831,      -0.653413593,     -0.7860474138,       2.552271406,      -1.406152016,       4.646169364
          0,           0,         160,      -2.832400314,     -0.6473069687,      -0.778137599,       2.557960875,      -1.405483543,       4.656755336
          0,           0,         161,      -2.836366288,     -0.6521495589,     -0.8057706655,       2.554529833,      -1.404622516,       4.666573265
          0,           0,         162,      -2.831701931,     -0.6546526888,     -0.7867535025,       2.559730146,      -1.404730398,       4.617678982
          0,           0,         163,      -2.801987412,     -0.5921135698,     -0.7396546876,       2.590339003,      -1.400624816,       4.598498779
          0,           0,         164,      -2.778443549,     -0.5173376171,     -0.6614260309,       2.616191612,       -1.40169842,       4.505940978
          0,           0,         165,      -2.816491684,     -0.5707939254,     -0.6968525375,       2.573572974,      -1.402417125,       4.535061325
          0,           0,         166,      -2.819769255,     -0.5883620371,     -0.6994693871,       2.570994116,      -1.402337131,       4.652520355
          0,           0,         167,      -2.818379688,     -0.6022602598,     -0.7141020299,       2.570821987,      -1.401146423,       4.759563408
          0,           0,         168,      -2.828049365,     -0.6110722865,     -0.7316011136,        2.56267579,      -1.401345542,       4.725630041
          0,           0,         169,      -2.835477399,     -0.6437092471,     -0.7423476035,       2.555442924,      -1.402939926,       4.583962754
          0,           0,         170,       -2.84348412,     -0.6554325133,     -0.7666063852,       2.547451764,      -1.403843708,       4.522021801
          0,           0,         171,      -2.828853502,     -0.6750533782,     -0.7724583749,       2.562121819,      -1.405247485,       4.489007626
          0,           0,         172,      -2.831072876,     -0.6542331621,       -0.76618626,        2.55966893,      -1.406324344,       4.510930976
          0,           0,         173,      -2.829369469,     -0.6767737455,     -0.7684983903,       2.561314035,      -1.405901909,       4.513260428
          0,           0,         174,      -2.848475055,     -0.6600351571,     -0.7653974949,       2.539721153,      -1.405208434,       4.454125429
          0,           0,         175,      -2.828867998,      -0.684794559,      -0.767936273,       2.561686602,      -1.404297609,       4.555365731
          0,           0,         176,      -2.826868418,     -0.6748946196,     -0.7716756298,       2.562319463,      -1.402419893,       4.639625089
          0,           0,         177,      -2.832983085,     -0.6582919004,     -0.7856853808,       2.557380481,      -1.401415069,       4.627277185
          0,           0,         178,      -2.831949027,     -0.6544753175,       -0.76626909,       2.557798832,      -1.402533421,       4.363365406
          0,           0,         179,      -2.850100908,     -0.6755484113,     -0.7870619388,       2.539713807,      -1.403879061,       4.384913246
          0,           0,         180,      -2.830246511,     -0.6462089531,     -0.7724629818,       2.560793668,      -1.405625905,       4.478663633
          0,           0,         181,      -2.836279897,     -0.6516835527,     -0.7866350711,       2.554114301,      -1.405878041,       4.535797001
          0,           0,         182,      -2.835939479,     -0.6446437759,     -0.7609769146,       2.554116447,      -1.405976464,       4.584807119
          0,           0,         183,      -2.851578112,     -0.6474944775,     -0.7682322295,       2.537270437,      -1.404677503,       4.438678096
          0,           0,         184,      -2.851251318,     -0.6758615605,     -0.8060446365,        2.53823771,      -1.403364626,       4.340097886
          0,           0,         185,      -2.836765035,      -0.655147453,     -0.8040174596,       2.551563452,       -1.40180174,       4.507597141
          0,           0,         186,      -2.835552858,     -0.6585161726,      -0.801667336,       2.553399984,      -1.401290366,       4.585842683
          0,           0,         187,      -2.829826187,     -0.6468937056,     -0.7872978356,       2.559484724,      -1.401360689,       4.553559584
          0,           0,         188,      -2.844214762,     -0.6599080469,     -0.8102822974,       2.545476244,       -1.40174325,        4.50752779
          0,           0,         189,      -2.836405191,     -0.6548952245,     -0.7932684387,       2.554249344,      -1.402287665,       4.580953543
          0,           0,         190,      -2.832337702,     -0.6442774463,     -0.7944595323,       2.557603867,      -1.403169422,       4.593234765
          0,           0,         191,      -2.832884046,     -0.6484097145,     -0.7614505039,       2.557790596,      -1.403526146,       4.588541202
          0,           0,         192,      -2.842572019,     -0.6229529147,      -0.765386155,       2.546874213,      -1.403057517,       4.544281551
          0,           0,         193,      -2.847631559,     -0.6467794943,     -0.7711518747,       2.542165863,      -1.401813574,        4.35749951
          0,           0,         194,       -2.83943944,     -0.6435940805,     -0.7979652237,        2.55072127,      -1.401313836,       4.542320289
          0,           0,         195,      -2.847744792,     -0.6504804415,     -0.7868569967,       2.541713475,      -1.401369996,       4.613917857
          0,           0,         196,      -2.837236161,     -0.6450782021,     -0.7778110497,       2.552262155,      -1.401639695,       4.556603243
          0,           0,         197,      -2.851376041,     -0.6538705399,     -0.7948741106,        2.53773126,      -1.401711559,       4.497362648
          0,           0,         198,      -2.842898753,     -0.6411617379,      -0.765885362,       2.547185528,      -1.401089992,       4.507650986
          0,           0,         199,      -2.842173597,     -0.6414542871,     -0.7904769095,       2.548246308,      -1.401281973,       4.424980101
          0,           0,         200,      -2.841061604,      -0.650783253,     -0.7718771873,       2.548677453,      -1.401108543,       4.456592821
          0,           0,         201,      -2.843770934,     -0.6256310836,     -0.7696067274,       2.545447273,      -1.400688952,       4.474472628
          0,           0,         202,      -2.845807879,     -0.6315009121,     -0.7550529003,       2.543923006,      -1.399651091,       4.387712478
          0,           0,         203,      -2.838985801,     -0.6440448679,     -0.7798454121,       2.551011046,      -1.400383823,       4.426019409
          0,           0,         204,      -2.843454157,     -0.6428623598,      -0.754876452,       2.545700976,      -1.399868255,       4.487867319
          0,           0,         205,      -2.836000015,     -0.6323070384,      -0.753016596,       2.553998327,      -1.399925353,       4.428779063
          0,           0,         206,       -2.84167105,     -0.6468365497,     -0.7776097782,         2.5484222,      -1.399461506,       4.385541042
          0,           0,         207,      -2.843792588,     -0.6437555866,     -0.7720490171,       2.546682733,      -1.398764986,       4.481244681
          0,           0,         208,      -2.836337178,     -0.6333789838,     -0.7837418583,       2.554169641,      -1.398336263,       4.462663336
          0,           0,         209,      -2.837771889,     -0.6198250508,     -0.7650670631,       2.552900094,      -1.397563786,       4.467114282
          0,           0,         210,      -2.842039837,     -0.6059446773,     -0.7784307162,       2.547881624,      -1.396626224,       4.427701708
          0,           0,         211,      -2.846241074,     -0.6368387767,     -0.7723796577,       2.543818671,      -1.396244236,       4.257800585
          0,           0,         212,      -2.843146207,     -0.6348123303,     -0.7881161557,       2.546505188,      -1.396518819,       4.483112553
          0,           0,         213,      -2.840830862,     -0.6297774452,     -0.7704802749,       2.549991536,      -1.395617519,       4.558557766
          0,           0,         214,      -2.839800323,     -0.6264259721,     -0.7805999475,       2.549838512,      -1.396136889,        4.53695018
          0,           0,         215,      -2.847548533,     -0.6334299312,     -0.7757359815,       2.543448521,      -1.397151576,       4.498383159
          0,           0,         216,      -2.847285745,     -0.6234026898,     -0.7707259557,       2.543606573,      -1.396842707,       4.550544989
          0,           0,         217,      -2.838475784,     -0.6204856066,     -0.7622209576,       2.553038107,      -1.396976948,       4.527031236
          0,           0,         218,      -2.842136651,     -0.6316870613,     -0.7524567516,       2.549048684,      -1.397000373,       4.509086103
          0,           0,         219,      -2.832586011,     -0.6184780904,     -0.7717904806,       2.559196588,      -1.396490438,       4.445082072
          0,           0,         220,      -2.842275706,     -0.6255752257,     -0.7499911613,       2.549284675,      -1.395919958,       4.440132291
          0,           0,         221,      -2.835536545,     -0.6310732293,     -0.7923983679,       2.556310579,      -1.396981718,        4.46759099
          0,           0,         222,      -2.844894358,     -0.6342958846,     -0.7741136706,       2.545811947,      -1.396140678,       4.491439924
          0,           0,         223,      -2.840708022,     -0.6339631115,     -0.7875497921,       2.549934419,      -1.396874912,       4.475976165
          0,           0,         224,      -2.847363092,     -0.6338025391,     -0.7789905876,       2.542433544,      -1.396568712,       4.373134056
          0,           0,         225,      -2.846724053,     -0.6416945557,      -0.792993608,       2.543795315,      -1.395728386,       4.452592601
          0,           0,         226,      -2.849021186,     -0.6392176396,     -0.7831692604,       2.540707829,      -1.395583275,       4.450022984
          0,           0,         227,      -2.843095807,     -0.6361484633,     -0.7865071213,       2.547179317,      -1.395590852,       4.485450076
          0,           0,         228,      -2.847166389,     -0.6257599829,     -0.7893571253,       2.542693483,      -1.394258864,       4.490908034
          0,           0,         229,      -2.846816326,     -0.6255431743,     -0.7655275705,       2.542782225,       -1.39452722,       4.434865915
          0,           0,         230,      -2.847397662,     -0.6480691942,     -0.8015995303,       2.542287146,      -1.394452246,       4.476938325
          0,           0,         231,      -2.843998891,      -0.623616148,     -0.7671054256,       2.545751411,      -1.394185505,       4.500560599
          0,           0,         232,       -2.85033874,     -0.6555997143,     -0.7947368297,       2.538531952,      -1.394522647,       4.451134626
          0,           0,         233,      -2.842749984,     -0.6451751465,     -0.7643767842,       2.547413094,      -1.393943256,       4.392493568
          0,           0,         234,      -2.842883804,     -0.6523975618,     -0.7901929171,       2.547210037,      -1.393822357,       4.486933222
          0,           0,         235,      -2.846224639,     -0.6418944918,     -0.7581575496,       2.543482749,       -1.39339398,       4.537178114
          0,           0,         236,      -2.835041463,     -0.6293663773,     -0.7814021756,       2.556338156,      -1.393352412,       4.524612473
          0,           0,         237,      -2.851566914,     -0.6269623896,     -0.7637291512,       2.539064328,      -1.392568844,       4.487141636
          0,           0,         238,      -2.844036628,     -0.6386985727,     -0.7667940119,        2.54707661,      -1.392377388,       4.444595976
          0,           0,         239,      -2.849507781,     -0.6326703608,      -0.787840023,       2.540070313,      -1.392208793,       4.513260995
          0,           0,         240,      -2.840774035,     -0.6370137246,     -0.7657099574,       2.549983804,      -1.392133764,       4.460939232
          0,           0,         241,      -2.846965323,     -0.6288221151,     -0.7803714286,       2.543423321,      -1.391770382,       4.353687087
          0,           0,         242,      -2.851078508,     -0.6329224196,     -0.7701933302,       2.539693058,      -1.390694617,       4.368174268
          0,           0,         243,      -2.843650757,     -0.6251773011,     -0.7943654511,       2.547778821,      -1.390614657,       4.451393319
          0,           0,         244,      -2.844389209,     -0.6306478888,     -0.7682832313,        2.54684919,      -1.390278662,       4.485129853
          0,           0,         245,      -2.843075347,     -0.6099015319,     -0.7762855784,       2.548179658,       -1.39069482,       4.502644104
          0,           0,         246,      -2.849295373,     -0.6282466729,     -0.7616914428,       2.541075075,      -1.389654959,        4.49431538
          0,           0,         247,      -2.845644039,     -0.6216542594,     -0.7787125289,       2.545540922,       -1.39083161,        4.54604426
          0,           0,         248,      -2.840451535,     -0.6070114972,     -0.7606300501,       2.551072758,      -1.391118493,       4.575951517
          0,           0,         249,      -2.832223574,     -0.6141899738,     -0.7678768055,       2.559441042,      -1.390676802,       4.555367745
          0,           0,         250,      -2.847914644,     -0.6294383712,     -0.7619883107,       2.542572707,      -1.390768508,       4.370399767
          0,           0,         251,      -2.846591448,     -0.6535769104,     -0.7625524523,       2.544200237,      -1.390073289,       4.407041454
          0,           0,         252,      -2.846158036,     -0.6337719044,     -0.7731897868,       2.544395017,      -1.389657719,       4.440230587
          0,           0,         253,      -2.845034964,     -0.6443837941,      -0.767830096,       2.545274588,      -1.389975507,        4.50202294
          0,           0,         254,       -2.84644961,     -0.6299253522,     -0.7848661014,       2.543111843,       -1.38937961,       4.531362158
          0,           0,         255,      -2.848131716,     -0.6467711556,     -0.7764073164,       2.541865738,      -1.388864578,          4.430199
          0,           0,         256,      -2.840827842,     -0.6375857841,     -0.7893573745,       2.549833163,      -1.389168182,       4.437899234
          0,           0,         257,      -2.852819973,     -0.6370871313,     -0.7707526543,        2.53627048,      -1.387986917,       4.507052775
          0,           0,         258,      -2.833543176,     -0.6235798101,      -0.789998762,       2.557177151,      -1.387925512,       4.569460692
          0,           0,         259,      -2.850678267,     -0.6178303259,     -0.7936558247,       2.538011927,      -1.387720048,        4.59488651
          0,           0,         260,      -2.851948573,     -0.6236304479,     -0.7861763845,       2.537943348,      -1.387250284,       4.660791354
          0,           0,         261,      -2.842877502,     -0.6312521452,     -0.7950386188,       2.546969432,      -1.387337443,       4.603043212
          0,           0,         262,        -2.8503051,     -0.6285876545,     -0.7769324238,       2.539275349,      -1.387277726,       4.564107081
          0,           0,         263,      -2.839489062,     -0.6088593698,     -0.7768559947,       2.551575818,      -1.386895006,       4.495016069
          0,           0,         264,      -2.853946574,     -0.6182234481,     -0.7702710828,       2.535963007,      -1.386320776,       4.344952451
          0,           0,         265,      -2.844201905,     -0.6348528644,     -0.8058986604,       2.546734938,       -1.38719188,       4.494797311
          0,           0,         266,      -2.848637112,     -0.6404287407,     -0.7768356146,       2.542373612,      -1.386680862,       4.636645871
          0,           0,         267,       -2.83803808,     -0.6279284421,      -0.785601724,       2.554322391,      -1.386833743,        4.65812932
          0,           0,         268,      -2.851446537,     -0.6296279086,     -0.7758936012,       2.539052245,      -1.387048647,       4.617237435
          0,           0,         269,      -2.849895659,     -0.6535210547,     -0.7924971374,       2.541511528,      -1.386961254,       4.640465843
          0,           0,         270,      -2.844517388,      -0.628585189,     -0.7588201853,        2.54726556,      -1.386596219,        4.60667681
          0,           0,         271,      -2.849136669,     -0.6391111544,     -0.7614753393,       2.542171357,      -1.386387366,       4.533184934
          0,           0,         272,      -2.845586957,     -0.6245169547,     -0.7623919874,       2.545467372,      -1.385683189,       4.506666074
          0,           0,         273,      -2.845738669,     -0.6276766656,     -0.7566663703,       2.546359719,      -1.385027996,       4.381635016
          0,           0,         274,      -2.840339996,     -0.6234373174,      -0.778876246,       2.552417836,      -1.385135521,       4.489606759
          0,           0,         275,      -2.849510356,     -0.6379497493,     -0.7644627521,       2.542393545,      -1.385086501,       4.569744009
          0,           0,         276,      -2.844893147,      -0.617799933,       -0.75755674,         2.5465985,      -1.385559678,       4.580916359
          0,           0,         277,      -2.856508281,     -0.6360457615,     -0.7583678114,       2.534110829,      -1.385148205,       4.483358693
          0,           0,         278,      -2.849521839,     -0.6219987363,      -0.765875484,       2.543241895,      -1.384754506,       4.482765662
          0,           0,         279,      -2.855559728,     -0.6159001872,     -0.7592085409,       2.535269086,      -1.384766048,       4.464330715
          0,           0,         280,      -2.853175085,      -0.634990239,      -0.775810066,       2.537960297,      -1.384717631,       4.463614532
          0,           0,         281,      -2.847007881,     -0.6116076806,     -0.7683672404,       2.544368049,      -1.383375505,       4.476656521
          0,           0,         282,      -2.857822789,      -0.629402869,     -0.7603464719,       2.533028161,      -1.383662247,       4.400831374
          0,           0,         283,       -2.84758398,     -0.6372348825,     -0.7928413347,       2.544185422,       -1.38408284,       4.466560838
          0,           0,         284,      -2.849718495,     -0.6536276991,      -0.779660774,       2.540840176,      -1.383628684,       4.499739677
          0,           0,         285,      -2.853388046,     -0.6359259772,     -0.7796611945,        2.53655911,       -1.38382977,       4.519822317
          0,           0,         286,      -2.850377253,       -0.64524587,     -0.7701194991,       2.540061103,      -1.383366124,       4.424988941
          0,           0,         287,      -2.854284112,     -0.6506396178,      -0.776870759,       2.536548545,      -1.382691497,       4.487831751
          0,           0,         288,      -2.852449454,     -0.6288783027,     -0.7566510072,       2.537988874,      -1.382248449,       4.485268502
          0,           0,         289,      -2.854084639,      -0.649956977,     -0.7961701996,       2.536417579,      -1.382318106,       4.477941311
          0,           0,         290,       -2.85279431,     -0.6281817432,     -0.7840692576,       2.537828367,      -1.381697832,       4.446158142
          0,           0,         291,      -2.863274437,     -0.6359067788,      -0.779245083,       2.527004345,      -1.382090032,       4.415197176
          0,           0,         292,      -2.854131142,      -0.637950173,     -0.8141614705,       2.537024046,      -1.382383605,       4.475355934
          0,           0,         293,      -2.858094244,     -0.6527908791,     -0.7935217599,       2.531893725,      -1.381761043,       4.530746129
          0,           0,         294,      -2.850612032,     -0.6478251793,     -0.8004716244,       2.539945976,       -1.38206982,       4.508067522
          0,           0,         295,      -2.853777694,     -0.6557849996,     -0.7812990837,       2.536906616,       -1.38183131,       4.405512248
          0,           0,         296,       -2.86036176,      -0.640619139,     -0.7875677673,       2.530768824,       -1.38064737,       4.432958211
          0,           0,         297,      -2.856484452,     -0.6273742866,     -0.7755783693,         2.5347045,      -1.380296208,       4.486392439
          0,           0,         298,      -2.853984884,     -0.6284384868,     -0.7839576935,       2.537506582,      -1.381170833,       4.536991734
          0,           0,         299,      -2.857746765,     -0.6387530897,     -0.7838331638,       2.533069228,      -1.380594444,       4.495477123
          0,           0,         300,      -2.859698842,     -0.6238551839,     -0.7561626005,       2.532140505,      -1.380205966,       4.516264809
          0,           0,         301,      -2.851821211,     -0.6248618295,      -0.779584244,       2.540661272,      -1.380041533,       4.532774808
          0,           0,         302,       -2.85403029,     -0.6412698916,     -0.7655932161,       2.538204833,       -1.37982683,       4.505552128
          0,           0,         303,      -2.858963736,     -0.6261244912,     -0.7728196653,       2.532207276,      -1.379770851,         4.4598865
          0,           0,         304,      -2.853428016,     -0.6229417654,     -0.7720632329,       2.538212211,       -1.37838972,       4.365032571
          0,           0,         305,      -2.854641581,     -0.6230366991,     -0.7666734453,       2.537740348,      -1.379078055,         4.4708588
          0,           0,         306,      -2.859362392,     -0.6244145604,     -0.7590124847,       2.531734236,      -1.379576018,       4.476459273
          0,           0,         307,      -2.854900174,     -0.6161543028,     -0.7674744278,       2.537237598,      -1.379388413,       4.548041706
          0,           0,         308,       -2.85227655,     -0.6236289743,     -0.7581430786,       2.539478771,       -1.37845177,       4.576957028
          0,           0,         309,      -2.856220803,     -0.6250065272,     -0.7470338857,       2.535786526,      -1.379160813,       4.505943598
          0,           0,         310,       -2.85464619,     -0.6462830059,     -0.7742721447,       2.537352454,      -1.378345716,       4.499713139
          0,           0,         311,      -2.856918777,     -0.6429763059,     -0.7524234237,       2.535041577,      -1.378013916,       4.503917567
          0,           0,         312,      -2.853576644,     -0.6223414135,     -0.7703042834,       2.537630518,      -1.378276835,       4.499761995
          0,           0,         313,      -2.856347469,     -0.6356905303,     -0.7552239194,       2.535058418,      -1.377877517,        4.37826983
          0,           0,         314,      -2.858024587,     -0.6240934102,      -0.776969098,       2.534216861,       -1.37772156,       4.450466573
          0,           0,         315,      -2.859653382,     -0.6207997213,     -0.7625152653,       2.532177467,      -1.378135845,       4.460265344
          0,           0,         316,      -2.857200807,     -0.6270578168,     -0.7760278775,        2.53433904,      -1.377871297,       4.466583627
          0,           0,         317,      -2.856928868,     -0.6300189312,     -0.7816001137,       2.534514832,      -1.376978172,       4.441073591
          0,           0,         318,      -2.861161926,     -0.6173854817,     -0.7790709099,       2.530416374,      -1.377678353,       4.458769789
          0,           0,         319,      -2.854065275,     -0.6445687141,     -0.7891329058,       2.538435544,      -1.377392847,       4.388003843
          0,           0,         320,      -2.857340373,     -0.6497164732,     -0.7711575792,       2.534106908,      -1.377559793,       4.475851147
          0,           0,         321,      -2.858580303,     -0.6422315331,      -0.772489898,       2.532245991,      -1.378535894,       4.466941912
          0,           0,         322,      -2.855218403,     -0.6492040777,     -0.7779097904,       2.536045535,       -1.37795109,       4.430703032
          0,           0,         323,      -2.866769514,     -0.6485695749,     -0.7739348604,       2.524280484,      -1.377794767,       4.420608063
          0,           0,         324,      -2.856129752,     -0.6588712827,     -0.7749370833,       2.535256202,      -1.377785936,       4.437505025
          0,           0,         325,      -2.856137962,     -0.6496146721,     -0.7755509288,        2.53470932,      -1.376920651,       4.484575241
          0,           0,         326,      -2.855028127,     -0.6276339902,     -0.7576769625,       2.536907475,      -1.376597911,       4.544940121
          0,           0,         327,      -2.857243115,      -0.628707222,     -0.7562612337,       2.534913277,      -1.377120471,       4.531021464
          0,           0,         328,      -2.851965937,     -0.6496995905,     -0.7834110316,       2.539731562,      -1.376753187,       4.598872224
          0,           0,         329,      -2.859909018,     -0.6435490179,     -0.7605355296,       2.531050762,      -1.377260544,       4.647870994
          0,           0,         330,      -2.855440287,     -0.6260105601,     -0.7673920833,       2.535587551,      -1.377000525,       4.560147238
          0,           0,         331,      -2.866593974,     -0.6301394437,     -0.7767660842,       2.523872958,      -1.376398575,       4.412598265
          0,           0,         332,      -2.859356796,     -0.6394615016,     -0.7854152212,       2.531049725,      -1.376442479,       4.416601368
          0,           0,         333,      -2.864499413,      -0.624820434,     -0.7706701899,       2.526555604,       -1.37635429,       4.407625659
          0,           0,         334,      -2.857313923,     -0.6197861431,      -0.781966218,       2.534437101,      -1.375556407,       4.455182151
          0,           0,         335,      -2.861154668,     -0.6254293691,     -0.7669972752,       2.530588765,      -1.375127518,        4.45868127
          0,           0,         336,      -2.865045421,     -0.6253948152,     -0.7704431211,       2.526780428,      -1.375562672,       4.477394681
          0,           0,         337,      -2.860733778,     -0.6275994912,     -0.7743116806,       2.530551086,      -1.374767325,        4.44262902
          0,           0,         338,      -2.854717272,     -0.6179660722,     -0.7713732759,        2.53735792,      -1.374787251,       4.457343256
          0,           0,         339,      -2.856083368,     -0.6244456222,     -0.7637174974,       2.535996188,      -1.374771008,       4.348821436
          0,           0,         340,      -2.861266489,     -0.6534215099,     -0.7590457211,       2.530229317,      -1.374242518,       4.432557485
          0,           0,         341,      -2.854703453,     -0.6204206379,     -0.7678768973,       2.536745319,      -1.374151435,       4.427975602
          0,           0,         342,      -2.857412124,     -0.6340997989,     -0.7689778722,       2.533495344,      -1.374001056,       4.454261139
          0,           0,         343,      -2.850530516,     -0.6231222382,     -0.7735452581,       2.541043491,      -1.373177699,       4.497318832
          0,           0,         344,      -2.852674647,     -0.6228659594,     -0.7699366668,       2.539224666,      -1.372691697,       4.450468869
          0,           0,         345,      -2.849036876,     -0.6330013845,     -0.7886327611,       2.542776401,      -1.373157847,       4.513434902
          0,           0,         346,       -2.85425684,     -0.6334289813,     -0.7799142515,        2.53720995,      -1.372740595,       4.580465872
          0,           0,         347,      -2.847546149,     -0.6209329545,     -0.7687424728,       2.543715429,       -1.37380482,       4.602916286
          0,           0,         348,      -2.851856203,     -0.6471357553,     -0.7717362593,       2.539544193,      -1.374120756,       4.606817309
          0,           0,         349,      -2.851249276,     -0.6298391682,     -0.7601251957,       2.540816767,      -1.374329329,       4.561095613
          0,           0,         350,      -2.854505969,     -0.6216650033,     -0.7481223264,       2.537445462,      -1.374421666,       4.510252336
          0,           0,         351,       -2.85172149,     -0.6365156349,      -0.773395056,       2.539943019,      -1.374521866,       4.469593749
          0,           0,         352,      -2.850541739,     -0.6316639134,     -0.7727286635,       2.540537375,      -1.373602558,       4.455817077
          0,           0,         353,      -2.857572652,     -0.6146231785,      -0.749604458,       2.534617897,       -1.37412226,       4.459496616
          0,           0,         354,      -2.847306496,      -0.636843786,     -0.7923086547,       2.545686631,      -1.374090984,       4.471564932
          0,           0,         355,      -2.854870312,       -0.65494422,     -0.7816531897,       2.536655951,      -1.374088896,       4.572059499
          0,           0,         356,      -2.850780689,     -0.6351273523,     -0.7775323346,        2.54075494,      -1.374327917,       4.649357574
          0,           0,         357,      -2.852289667,     -0.6340970184,     -0.7680047946,       2.539362047,      -1.373056664,       4.600593006
          0,           0,         358,      -2.858881804,     -0.6394763456,     -0.7732584591,       2.532693025,      -1.372666292,       4.612025778
          0,           0,         359,      -2.858421427,     -0.6330942365,     -0.7707056598,       2.532549928,      -1.372503347,       4.526024909
          0,           0,         360,      -2.855274138,      -0.632698778,     -0.7694649188,       2.536479138,      -1.372223631,       4.530142481
          0,           0,         361,      -2.852263871,     -0.6253909326,     -0.7621087015,       2.538692007,      -1.371588802,       4.522135154
          0,           0,         362,      -2.867188041,     -0.6304617808,      -0.742227911,       2.523107229,      -1.372317819,       4.367806927
          0,           0,         363,      -2.853880904,     -0.6545526665,     -0.7981608837,       2.537745052,      -1.372764271,       4.374806101
          0,           0,         364,      -2.860044637,     -0.6509372545,       -0.77691358,       2.531000132,      -1.372279446,       4.498767233
          0,           0,         365,      -2.856452765,     -0.6461765207,     -0.7826712344,        2.53421851,      -1.372604642,        4.52618582
          0,           0,         366,      -2.853382546,     -0.6538365545,     -0.7719300388,       2.537214032,      -1.372355408,       4.406695501
          0,           0,         367,      -2.864862867,     -0.6400798799,     -0.7786970798,       2.526426213,      -1.371181833,       4.474939041
          0,           0,         368,      -2.860466748,      -0.649820528,     -0.7887542443,        2.53035702,      -1.370911167,       4.494982379
          0,           0,         369,      -2.858510628,     -0.6457303622,     -0.7882419697,       2.531973571,      -1.371281881,       4.505782743
          0,           0,         370,      -2.857093652,     -0.6465388018,     -0.7945276491,       2.533391917,      -1.370551311,       4.493561885
          0,           0,         371,      -2.867248613,     -0.6291776598,      -0.761850966,       2.522836846,      -1.370393836,       4.468302113
          0,           0,         372,      -2.855507445,     -0.6634848309,     -0.8163779714,       2.535610983,      -1.370715274,       4.450574571
          0,           0,         373,       -2.85970455,     -0.6409972121,      -0.782039768,       2.529974454,      -1.371238478,       4.543551516
          0,           0,         374,      -2.857290202,     -0.6607110927,     -0.7968135162,       2.532862087,      -1.371987039,       4.504604588
          0,           0,         375,      -2.863453839,     -0.6541995342,     -0.7826116649,       2.525961298,      -1.371666587,       4.384943432
          0,           0,         376,      -2.865835018,     -0.6547655921,     -0.7956556562,       2.524450513,      -1.371984993,       4.450252985
          0,           0,         377,      -2.869430692,     -0.6420117423,     -0.7826989545,       2.520250714,      -1.372018556,       4.410943955
          0,           0,         378,      -2.859875821,     -0.6502582809,     -0.7962504397,        2.53052016,      -1.371825175,       4.481127277
          0,           0,         379,      -2.859042929,     -0.6386690139,     -0.7813744561,       2.531731487,      -1.371388758,       4.497196837
          0,           0,         380,      -2.870833937,     -0.6432707932,     -0.7710033578,       2.519429252,       -1.37193994,       4.428160335
          0,           0,         381,      -2.858155088,     -0.6518063927,     -0.7901592328,       2.533152234,      -1.371733835,       4.558649673
          0,           0,         382,      -2.861698857,     -0.6491610067,     -0.7659523839,       2.527858349,      -1.371701041,       4.639153842
          0,           0,         383,      -2.853905266,      -0.642552703,     -0.7716805277,       2.537382496,      -1.371959666,       4.559890895
          0,           0,         384,      -2.863852565,     -0.6464857935,     -0.7612066816,       2.525053839,      -1.371002479,       4.490083681
          0,           0,         385,      -2.862323896,     -0.6480624771,     -0.7790071832,       2.528653019,      -1.371021331,        4.41837622
          0,           0,         386,      -2.857882905,     -0.6306598656,     -0.7833461262,       2.533298213,      -1.371498337,       4.412364497
          0,           0,         387,      -2.857472876,     -0.6342213672,     -0.7802272352,       2.532778565,      -1.370994796,       4.477082352
          0,           0,         388,      -2.858458341,     -0.6295414245,     -0.7754606813,       2.532256383,       -1.37045167,        4.42289994
          0,           0,         389,      -2.868059772,     -0.6399319983,     -0.7859059376,       2.522381654,      -1.371138454,       4.387045787
          0,           0,         390,      -2.852429882,     -0.6492327806,     -0.7989588256,       2.539344659,      -1.370673769,       4.403739416
          0,           0,         391,      -2.855692122,     -0.6418092788,     -0.7755644645,       2.534549572,       -1.37029326,       4.455928178
          0,           0,         392,       -2.85546062,     -0.6534123333,     -0.7788660097,        2.53548855,      -1.370187629,       4.404734637
          0,           0,         393,      -2.860299459,     -0.6486464017,     -0.7731674781,       2.530217984,       -1.36923422,       4.329786383
          0,           0,         394,      -2.865923664,     -0.6735634191,     -0.7844860902,       2.525078421,      -1.369228724,       4.402153552
          0,           0,         395,      -2.856589501,     -0.6405478178,     -0.7648566938,       2.534127692,      -1.369266041,       4.426415752
          0,           0,         396,      -2.852071407,     -0.6598402985,     -0.7857539759,       2.538231735,       -1.36884195,       4.480725432
          0,           0,         397,      -2.856599397,     -0.6297279556,     -0.7804910213,       2.533811345,        -1.3682738,       4.416286841
          0,           0,         398,      -2.865858657,     -0.6439145449,     -0.7815530092,       2.525117086,      -1.368716005,       4.430185629
          0,           0,         399,      -2.855526268,     -0.6499532302,     -0.8036126289,       2.536949031,      -1.368914108,       4.511685738
          0,           0,         400,      -2.866063747,     -0.6466514802,     -0.7904912069,       2.523760648,      -1.369255107,       4.579180276
          0,           0,         401,      -2.856663144,      -0.624744504,     -0.7805891586,       2.534840389,      -1.369964388,       4.567395036
          0,           0,         402,      -2.866237489,     -0.6225880082,     -0.7695857571,       2.524548651,       -1.36958603,       4.501531248
          0,           0,         403,      -2.865750182,     -0.6441930527,     -0.7734709103,       2.525193394,       -1.36988259,       4.476916423
          0,           0,         404,      -2.865442573,     -0.6253851061,     -0.7697301154,       2.525936632,      -1.370644979,       4.450040365
          0,           0,         405,      -2.859152175,     -0.6250185019,     -0.7895436676,       2.532440172,      -1.370361122,       4.459958228
          0,           0,         406,      -2.863521867,     -0.6208492887,      -0.775567021,       2.527202831,      -1.370056985,       4.489011393
          0,           0,         407,      -2.872779158,     -0.6464006232,     -0.8028471954,       2.518313457,      -1.370864494,       4.468612448
          0,           0,         408,      -2.856440444,     -0.6274436781,     -0.8052951873,       2.535762325,      -1.371049205,       4.483327599
          0,           0,         409,      -2.858909797,     -0.6386339564,     -0.7929909599,       2.532169145,      -1.370640233,       4.523983408
          0,           0,         410,      -2.864095965,     -0.6410683301,     -0.8033006542,       2.526157631,      -1.370706722,       4.481674717
          0,           0,         411,      -2.865312682,     -0.6448234338,     -0.7805129683,       2.524855819,      -1.370156762,       4.520583438
          0,           0,         412,      -2.869844647,     -0.6683221874,      -0.805131939,       2.520642464,       -1.36972379,       4.576149718
          0,           0,         413,      -2.860176835,     -0.6457721735,      -0.797212914,       2.529987054,      -1.369038913,       4.561210553
          0,           0,         414,       -2.85224209,     -0.6378484071,     -0.7975357691,       2.538774905,      -1.368475344,        4.55519262
          0,           0,         415,      -2.855977364,     -0.6222507975,     -0.7695486728,       2.534794454,       -1.36826926,       4.456986014
          0,           0,         416,      -2.867723885,     -0.6423111509,     -0.7739625663,       2.522796277,      -1.369274444,       4.378727348
          0,           0,         417,      -2.860462185,     -0.6503593263,     -0.7877327166,       2.530428926,      -1.369200487,       4.422914734
          0,           0,         418,      -2.863673231,     -0.6320979246,     -0.7877729782,       2.526889044,      -1.369801925,       4.544072771
          0,           0,         419,       -2.85763966,      -0.631386408,     -0.7961930651,       2.532798701,      -1.370266272,       4.598179268
          0,           0,         420,      -2.863795786,     -0.6449182448,     -0.7910382815,        2.52674279,      -1.369880002,        4.57775296
          0,           0,         421,      -2.870434862,      -0.658023872,     -0.7903254758,       2.520391026,      -1.369823058,       4.603895799
          0,           0,         422,        -2.8644686,     -0.6477906974,      -0.785341695,       2.526122323,      -1.370197509,       4.610950872
          0,           0,         423,      -2.863751432,     -0.6519528609,     -0.7833484234,       2.527329431,      -1.369477851,       4.523282522
          0,           0,         424,       -2.86707293,     -0.6531591244,     -0.7869691479,       2.523041399,      -1.368965412,       4.375836377
          0,           0,         425,      -2.873569148,     -0.6614826343,     -0.7945601256,       2.516659769,      -1.369201475,       4.409240622
          0,           0,         426,      -2.856458115,     -0.6686689499,      -0.801636617,       2.535327553,      -1.369293869,       4.472286511
          0,           0,         427,      -2.859764314,     -0.6618173653,     -0.7873673105,       2.530844654,      -1.368810061,       4.555044395
          0,           0,         428,       -2.85674256,     -0.6379209442,     -0.7798917907,        2.53507426,      -1.369357185,       4.537224703
          0,           0,         429,      -2.867071286,     -0.6578677823,     -0.7888600159,       2.523703535,      -1.369754718,       4.521027851
          0,           0,         430,      -2.868277616,     -0.6697709275,     -0.7860577769,       2.523060662,      -1.370284806,       4.537959825
          0,           0,         431,      -2.861196438,     -0.6597437368,     -0.7808707404,       2.530163735,       -1.37055078,       4.526407956
          0,           0,         432,      -2.864221072,     -0.6362992326,     -0.7804127661,       2.526391067,      -1.370024305,       4.516775971
          0,           0,         433,      -2.857830702,      -0.638204146,     -0.7836693171,       2.533800822,      -1.370119416,       4.418592645
          0,           0,         434,      -2.869324491,     -0.6422672887,     -0.7984718381,        2.52179985,      -1.370760316,       4.490382082
          0,           0,         435,      -2.856514347,     -0.6605555583,     -0.8109671856,        2.53541638,      -1.370443185,       4.487450288
          0,           0,         436,      -2.865121147,     -0.6346444559,     -0.7811139543,       2.525799382,      -1.370813766,       4.489575405
          0,           0,         437,       -2.86867581,     -0.6314617888,     -0.7936521832,       2.521630851,      -1.370989679,        4.42638206
          0,           0,         438,       -2.87091569,     -0.6631449649,      -0.798642285,       2.518674163,      -1.370694817,       4.381135145
          0,           0,         439,      -2.873450437,     -0.6586225144,     -0.7959793167,        2.51643497,      -1.370496086,       4.469888565
          0,           0,         440,      -2.863500033,     -0.6329475614,     -0.7796011379,       2.527199335,      -1.370806326,       4.549164342
          0,           0,         441,      -2.863479058,     -0.6324762874,     -0.7810575897,       2.526710055,      -1.370181645,       4.530235746
          0,           0,         442,      -2.867094174,     -0.6398266374,     -0.7870827351,       2.523274756,      -1.369919634,       4.461693863
          0,           0,         443,      -2.876154705,     -0.6417299096,     -0.7961989965,        2.51349619,      -1.370378968,       4.399552729
          0,           0,         444,      -2.858255193,     -0.6734849241,     -0.8075878558,       2.533022703,      -1.370230697,       4.521755992
          0,           0,         445,      -2.872005639,     -0.6478643579,     -0.7894796313,        2.51712598,      -1.370444302,       4.599406475
          0,           0,         446,      -2.857973886,     -0.6555035975,     -0.8023395398,       2.532612558,      -1.370236137,       4.518533953
          0,           0,         447,       -2.87024746,     -0.6489590076,     -0.8109481899,       2.519818812,      -1.370112427,       4.339742508
          0,           0,         448,      -2.865192185,      -0.639373782,     -0.8047076318,       2.526254592,      -1.370347292,       4.456358404
          0,           0,         449,      -2.864084972,     -0.6464627215,      -0.799438297,       2.526720656,      -1.370390332,       4.526129519
          0,           0,         450,       -2.86016087,      -0.644785292,     -0.8132049336,       2.531474693,      -1.369679823,       4.504441027
          0,           0,         451,      -2.867589729,     -0.6332995774,       -0.79415886,       2.523897437,      -1.370321732,       4.476870016
          0,           0,         452,       -2.87060488,     -0.6420508568,     -0.8069663267,       2.520906119,      -1.371003009,       4.497042852
          0,           0,         453,      -2.849082378,     -0.6477955515,     -0.8022965501,       2.543401002,      -1.370497204,       4.487039073
          0,           0,         454,      -2.860937997,     -0.6331590364,      -0.758324951,       2.530427113,      -1.370169051,       4.489663985
          0,           0,         455,      -2.860589998,     -0.6401346734,     -0.7616066074,       2.531038794,      -1.370387146,       4.339070815
          0,           0,         456,      -2.864781147,     -0.6386475173,     -0.7651671654,       2.526439264,       -1.37007993,       4.382520699
          0,           0,         457,      -2.863755056,     -0.6410979963,     -0.7932378203,       2.528379817,       -1.37028204,       4.495770134
          0,           0,         458,      -2.858437165,     -0.6203313223,     -0.7603097107,       2.533246984,      -1.370738879,       4.494406175
          0,           0,         459,       -2.86668359,     -0.6390246709,     -0.7745145601,       2.523686805,       -1.37021795,       4.489962736
          0,           0,         460,      -2.864062738,     -0.6102472294,     -0.7560020633,       2.527801682,      -1.370499803,       4.456204567
          0,           0,         461,      -2.876884347,     -0.6287728902,      -0.771119233,       2.513527313,      -1.370644845,       4.459704899
          0,           0,         462,      -2.850921891,     -0.6509999808,     -0.7759587026,       2.540860552,      -1.369957178,       4.518606687
          0,           0,         463,      -2.862722316,     -0.6228547623,     -0.7422117596,       2.527120329,      -1.370421083,       4.534238606
          0,           0,         464,      -2.864720247,     -0.6298452914,     -0.7499634393,       2.526641828,      -1.370073309,       4.373333771
          0,           0,         465,      -2.867722861,     -0.6479471472,     -0.7696845577,       2.522987947,       -1.37010974,       4.355382703
          0,           0,         466,      -2.865427563,     -0.6739758182,     -0.7870243833,       2.525680247,      -1.370457773,        4.45100997
          0,           0,         467,      -2.868318615,      -0.625675581,     -0.7442070499,       2.522472621,      -1.370912783,       4.470122205
          0,           0,         468,      -2.865510595,      -0.646755004,     -0.7626129671,       2.526031568,      -1.370251268,       4.458135858
          0,           0,         469,      -2.869442125,     -0.6302104535,     -0.7538511272,       2.522522643,      -1.370207294,       4.468400755
          0,           0,         470,      -2.868559992,     -0.6480889219,     -0.8163587967,       2.524082676,      -1.370617054,       4.397997897
          0,           0,         471,      -2.853024638,     -0.6557016437,     -0.7972277192,       2.539337526,      -1.370623684,       4.472827652
          0,           0,         472,      -2.855652539,     -0.6414548665,     -0.7968037265,       2.535800188,      -1.371000288,       4.505091792
          0,           0,         473,      -2.854712341,     -0.6499498195,     -0.7974021051,       2.537602479,      -1.370787822,       4.312638519
          0,           0,         474,      -2.862702625,     -0.6283236926,     -0.8061269787,       2.529976848,      -1.370953971,       4.408203599
          0,           0,         475,      -2.854226541,     -0.6419520733,     -0.8092316714,       2.537967044,      -1.371541605,       4.417652175
          0,           0,         476,      -2.851541374,     -0.6411279878,     -0.7997334236,       2.540028782,      -1.371120991,        4.38240764
          0,           0,         477,      -2.855174869,     -0.6300743638,     -0.7986573185,       2.536627928,      -1.370271225,       4.384465468
          0,           0,         478,       -2.86103345,     -0.6084505583,     -0.7640918156,       2.531209049,      -1.370995323,       4.460964094
          0,           0,         479,      -2.845750331,     -0.6481096247,     -0.8038587521,       2.547234932,      -1.371357569,       4.511433947
          0,           0,         480,      -2.858099168,     -0.6347544362,     -0.7660432545,       2.532585169,       -1.37053885,       4.570395822
          0,           0,         481,      -2.853641786,     -0.6375539126,     -0.7853210818,       2.538681102,      -1.371128048,       4.541753893
          0,           0,         482,      -2.861177038,     -0.6298375151,     -0.7508362147,       2.530369709,      -1.370587039,       4.439251013
          0,           0,         483,      -2.864615119,     -0.6597895772,     -0.7877708691,       2.526551042,      -1.370116191,       4.513533753
          0,           0,         484,        -2.8546065,     -0.6379790692,     -0.7503932475,       2.536907548,      -1.370527066,       4.455062486
          0,           0,         485,       -2.85662083,     -0.6440789812,      -0.776484377,       2.535023776,       -1.37035432,       4.416125545
          0,           0,         486,      -2.854721059,     -0.6458004891,     -0.7722012856,       2.537078341,      -1.370736416,       4.400829389
          0,           0,         487,      -2.871655453,     -0.6315962967,     -0.7516703616,       2.519137179,      -1.370754006,       4.465458906
          0,           0,         488,      -2.853343157,     -0.6689149418,     -0.7885038823,       2.539393207,      -1.370201603,       4.444258219
          0,           0,         489,       -2.85979381,     -0.6257324951,     -0.7599571411,       2.531595755,      -1.369825679,       4.489230725
          0,           0,         490,      -2.850803062,      -0.630316937,     -0.7728967101,       2.541309058,      -1.370125596,       4.454249032
          0,           0,         491,      -2.853789722,     -0.6229763767,     -0.7589431363,       2.538804493,      -1.369392993,       4.319066359
          0,           0,         492,      -2.853212674,      -0.613977737,     -0.7664665706,       2.539609944,      -1.369806766,       4.470557536
          0,           0,         493,      -2.861624145,     -0.6182953969,     -0.7478596873,       2.529701176,      -1.370559807,       4.463846541
          0,           0,         494,         -2.857177,     -0.6314309857,     -0.7641557631,       2.534757736,      -1.369816192,       4.439426038
          0,           0,         495,      -2.865042072,      -0.607986181,     -0.7502619636,         2.5263056,      -1.368970903,       4.493032631
          0,           0,         496,      -2.860210757,     -0.6218790184,     -0.7581510879,       2.532234793,      -1.369595827,       4.485066977
          0,           0,         497,      -2.846653636,     -0.6233612032,     -0.7697256324,       2.546237977,      -1.369692788,       4.644979443
          0,           0,         498,      -2.864412772,     -0.6218788774,     -0.7487308685,       2.526484166,         -1.369197,       4.674324149
          0,           0,         499,      -2.859343324,      -0.635223255,     -0.7696530817,       2.531828913,      -1.370816824,       4.637216285
          0,           0,         500,      -2.853314867,     -0.6231238291,     -0.7704779703,       2.538050847,      -1.371514024,       4.558578645
          0,           0,         501,      -2.858586941,     -0.6586319955,     -0.7838086866,        2.53410507,      -1.371318063,        4.52984447
          0,           0,         502,      -2.853382009,      -0.640662933,     -0.7833747024,       2.537971531,      -1.371421544,         4.4538832
          0,           0,         503,      -2.854458029,     -0.6406919568,     -0.8021883816,       2.536994055,      -1.371745011,       4.501226174
          0,           0,         504,      -2.851715177,     -0.6384124884,     -0.7927519465,       2.540307951,      -1.371242001,       4.561252756
          0,           0,         505,       -2.86153974,     -0.6552920241,     -0.7973983065,       2.529723046,      -1.371363455,       4.574330531
          0,           0,         506,      -2.857793694,     -0.6849885089,     -0.8223372348,       2.534239182,      -1.371184661,       4.548057637
          0,           0,         507,      -2.855292792,     -0.6299674498,     -0.7904645593,       2.536194544,      -1.371160669,       4.540023158
          0,           0,         508,      -2.858333087,     -0.6382755176,     -0.8124743552,       2.532627685,      -1.371334188,       4.504061554
          0,           0,         509,      -2.864964602,     -0.6520381292,     -0.7994522854,       2.525224701,      -1.370185981,       4.449904123
          0,           0,         510,      -2.865529127,     -0.6345537327,     -0.7830957578,       2.525526039,      -1.369774032,       4.447878512
          0,           0,         511,      -2.870317928,     -0.6365299426,     -0.7833276944,       2.520754028,      -1.370006842,        4.40248824
          0,           0,         512,      -2.861442293,     -0.6394466243,     -0.7847721788,       2.530247699,      -1.369933919,       4.499591254
          0,           0,         513,      -2.864431632,     -0.6335009616,     -0.7737663501,       2.527309662,      -1.369484128,       4.493587567
          0,           0,         514,      -2.879461634,     -0.6461870445,     -0.7697055294,       2.511675882,      -1.369929463,       4.536268422
          0,           0,         515,      -2.862163877,     -0.6414940815,      -0.763941978,       2.530409417,      -1.370077921,       4.513487481
          0,           0,         516,      -2.868947659,     -0.6467713299,     -0.7630111081,       2.521818169,      -1.370372147,       4.552194398
          0,           0,         517,      -2.862883687,     -0.6403378925,     -0.7722637346,       2.529181687,      -1.370568229,       4.465728035
          0,           0,         518,      -2.866476107,     -0.6547491186,     -0.7894744894,       2.524594137,      -1.370131698,       4.350343131
          0,           0,         519,      -2.869696501,     -0.6684541032,     -0.7781973875,       2.522081927,      -1.370274727,       4.460098487
          0,           0,         520,      -2.863030576,     -0.6640029365,     -0.7959466459,       2.528354573,      -1.370316311,        4.42977311
          0,           0,         521,      -2.863901535,     -0.6521199464,     -0.7872395757,       2.527159075,      -1.369920573,       4.474966264
          0,           0,         522,      -2.868573503,     -0.6551951405,     -0.7842872635,       2.522191901,      -1.369908776,       4.456611746
          0,           0,         523,      -2.868751768,     -0.6579701507,     -0.7718095263,       2.521751325,      -1.370050232,       4.393800753
          0,           0,         524,      -2.866754799,     -0.6732325537,     -0.7983264848,        2.52410003,      -1.369061394,       4.427024421
          0,           0,         525,      -2.855645234,     -0.6653897288,     -0.7896539954,       2.535520458,      -1.368987355,       4.484302639
          0,           0,         526,      -2.866698219,     -0.6546210623,     -0.7976032563,       2.523446428,      -1.368981814,       4.425717943
          0,           0,         527,      -2.856084292,     -0.6643006231,     -0.7762216657,       2.535181783,      -1.369064831,       4.398307473
          0,           0,         528,      -2.871944857,     -0.6594442967,     -0.7926072837,       2.517948461,       -1.36938636,       4.459959414
          0,           0,         529,      -2.865880489,     -0.6719443704,     -0.7942162586,       2.524954084,      -1.369723882,       4.438219168
          0,           0,         530,      -2.864028926,     -0.6510897402,      -0.796754959,       2.526195036,      -1.369836243,       4.477830688
          0,           0,         531,          -2.86926,     -0.6580002282,       -0.79704435,       2.521614238,      -1.369859204,       4.457751524
          0,           0,         532,      -2.871822442,     -0.6505185849,     -0.7901488502,       2.519096153,      -1.370065334,       4.409859497
          0,           0,         533,      -2.861657402,     -0.6585726158,     -0.7970419825,       2.529623515,      -1.369730447,       4.444590458
          0,           0,         534,      -2.858761105,     -0.6430418176,     -0.7906968265,       2.532399636,      -1.369864023,       4.451672738
          0,           0,         535,      -2.864717539,     -0.6506635332,     -0.7972057994,       2.526175452,      -1.370149963,       4.450034474
          0,           0,         536,      -2.861985084,     -0.6507742428,     -0.7979469141,       2.529286023,      -1.369846049,       4.461780888
          0,           0,         537,      -2.859390427,     -0.6485657457,     -0.8200048177,       2.531668473,       -1.37012927,       4.448501965
          0,           0,         538,      -2.860981192,     -0.6410404357,     -0.7830967695,       2.530634897,      -1.370063668,       4.463244146
          0,           0,         539,      -2.858588806,      -0.626441864,     -0.7899823265,       2.532382828,      -1.369115329,       4.489777236
          0,           0,         540,       -2.86516373,     -0.6376616789,     -0.7923372504,       2.525795232,       -1.36884596,       4.416400959
          0,           0,         541,      -2.861950621,     -0.6488377301,     -0.8033523642,       2.529796208,      -1.369294817,       4.376392877
          0,           0,         542,      -2.857582436,     -0.6421493525,     -0.7892253647,       2.533662572,      -1.368174554,       4.437621302
          0,           0,         543,      -2.846503728,     -0.6372367401,     -0.7894892111,       2.546569945,      -1.368055064,       4.435077876
          0,           0,         544,      -2.860039435,     -0.6490329698,     -0.7802926173,       2.531557097,      -1.368049465,       4.330918803
          0,           0,         545,      -2.861842862,     -0.6388102636,     -0.7755596618,       2.530428364,      -1.367775793,       4.432347299
          0,           0,         546,      -2.853789736,     -0.6583262131,     -0.7924352594,       2.538121478,       -1.36795971,       4.376597502
          0,           0,         547,      -2.855048598,     -0.6511391119,     -0.7845481021,       2.537092932,      -1.368399929,       4.473063494
          0,           0,         548,      -2.854946166,     -0.6375071369,     -0.7911056119,       2.536432427,      -1.368374466,        4.52297605
          0,           0,         549,      -2.859819096,     -0.6432049239,     -0.7760403754,       2.531677099,      -1.368297467,       4.420940479
          0,           0,         550,      -2.860643408,     -0.6552208108,     -0.8111856624,       2.531041263,      -1.368074913,       4.490103751
          0,           0,         551,      -2.859416358,     -0.6431468958,     -0.7991683942,       2.531409884,      -1.367903757,       4.582612599
          0,           0,         552,       -2.85292489,     -0.6330327648,     -0.8028063179,       2.538092813,      -1.368150659,        4.55750841
          0,           0,         553,      -2.859297777,     -0.6343892556,     -0.8005015466,       2.531229356,      -1.367438217,       4.445192886
          0,           0,         554,       -2.86512962,     -0.6136854329,     -0.7823853974,       2.526694539,      -1.367256608,       4.464646714
          0,           0,         555,      -2.862861785,     -0.6356193216,     -0.7908530191,       2.528259089,      -1.367784444,       4.456191765
          0,           0,         556,      -2.865192104,      -0.644871401,     -0.7989104805,       2.525771936,      -1.368142587,       4.484413174
          0,           0,         557,      -2.857560595,     -0.6276240921,     -0.7990708646,       2.533889769,      -1.367975977,       4.485455596
          0,           0,         558,      -2.873946927,     -0.6323331508,     -0.7810518455,       2.517012374,      -1.368176679,       4.522891578
          0,           0,         559,      -2.860213676,     -0.6444272656,     -0.8151009915,       2.532016327,      -1.368549668,       4.415873999
          0,           0,         560,        -2.8636644,      -0.648462022,     -0.8022237473,       2.527557886,      -1.368178407,       4.518726856
          0,           0,         561,      -2.853571588,     -0.6543371071,     -0.8148457005,        2.53866094,      -1.368468777,       4.501706349
          0,           0,         562,      -2.857422075,     -0.6479012426,     -0.8010416962,       2.534095079,      -1.368217364,        4.37825851
          0,           0,         563,      -2.868097581,      -0.650659669,     -0.7902794893,       2.523895523,      -1.367977397,       4.483717625
          0,           0,         564,      -2.857311585,     -0.6527764493,     -0.7998985001,       2.533949625,      -1.368115691,       4.470859051
          0,           0,         565,      -2.865593613,      -0.642343045,     -0.7889801089,        2.52563628,      -1.367875305,       4.541836554
          0,           0,         566,      -2.857575406,     -0.6445841641,     -0.8111733637,       2.534420103,      -1.367529822,       4.530871395
          0,           0,         567,      -2.867730374,      -0.637659781,     -0.7851254472,       2.523322128,      -1.367506835,       4.398952287
          0,           0,         568,      -2.862440171,     -0.6606010038,     -0.8310468946,       2.529438895,      -1.367033747,       4.448927049
          0,           0,         569,      -2.864590203,     -0.6410660299,     -0.8004030822,       2.526463537,      -1.367031233,       4.497417703
          0,           0,         570,      -2.861400821,     -0.6360443414,     -0.8117732574,        2.52891714,      -1.367190085,       4.478858124
          0,           0,         571,      -2.862602476,     -0.6424244075,     -0.7927700726,       2.528506037,      -1.366432319,       4.377291528
          0,           0,         572,      -2.863684681,     -0.6292382394,     -0.7972412794,       2.527720527,       -1.36624407,        4.41988137
          0,           0,         573,      -2.864230847,      -0.630968621,     -0.7916281239,       2.527176027,      -1.366185091,       4.431366001
          0,           0,         574,      -2.858930879,     -0.6361866899,     -0.7914945924,       2.532908422,      -1.365840903,       4.474398843
          0,           0,         575,      -2.861779427,     -0.6310044948,     -0.7968401464,       2.529916144,      -1.365408337,       4.427090032
          0,           0,         576,       -2.87743052,     -0.6371415587,     -0.7790645518,       2.513595239,      -1.365613998,       4.425980961
          0,           0,         577,      -2.857657723,     -0.6348958772,     -0.7921005632,       2.535272995,       -1.36516983,       4.428167396
          0,           0,         578,      -2.871358271,     -0.6376739735,     -0.7658107207,       2.518917667,      -1.364744325,       4.490193927
          0,           0,         579,      -2.859486585,     -0.6421088094,     -0.7967983868,       2.531938022,      -1.364609355,       4.478593237
          0,           0,         580,      -2.867012748,     -0.6476274037,     -0.7871038232,        2.52369375,      -1.364060639,       4.388886649
          0,           0,         581,      -2.873539017,     -0.6530292833,     -0.8053957869,       2.517818626,      -1.363829846,       4.386889032
          0,           0,         582,      -2.863078948,     -0.6592780913,     -0.8088874644,       2.528621379,       -1.36373409,       4.504862042
          0,           0,         583,      -2.862679044,     -0.6463784174,     -0.8022201176,       2.528546437,      -1.363946345,        4.57506663
          0,           0,         584,      -2.859760344,     -0.6461794976,     -0.8018976074,       2.531418311,      -1.364234683,       4.573565004
          0,           0,         585,      -2.870667431,     -0.6190393419,     -0.7540120073,       2.520827089,      -1.365324816,       4.470168641
          0,           0,         586,      -2.863489516,     -0.6606101018,     -0.8126120506,       2.527982842,      -1.365229283,       4.388201898
          0,           0,         587,      -2.858946693,     -0.6411398106,     -0.7794142169,       2.532860403,      -1.365474282,       4.459996536
          0,           0,         588,      -2.855547698,      -0.633563684,     -0.8028517156,       2.535878588,      -1.365600797,       4.436943762
          0,           0,         589,      -2.860131789,     -0.6363926152,     -0.7782837103,       2.530886662,      -1.365369739,         4.3848852
          0,           0,         590,      -2.861801631,     -0.6421735033,     -0.8227760181,       2.529825925,      -1.365329577,       4.433193973
          0,           0,         591,      -2.860197155,     -0.6476595379,      -0.802897348,       2.531500185,      -1.365434367,        4.48165255
          0,           0,         592,      -2.855766202,     -0.6326323766,     -0.8133260493,       2.535342397,      -1.365113231,       4.466436857
          0,           0,         593,      -2.865160023,     -0.6327291724,     -0.7971487655,       2.526848683,       -1.36471887,       4.431958202
          0,           0,         594,      -2.871074348,     -0.6336333359,     -0.8170615405,        2.52069553,      -1.364982867,       4.464975911
          0,           0,         595,      -2.852884044,     -0.6430918783,     -0.8116759992,       2.539375412,      -1.364575471,       4.492062299
          0,           0,         596,      -2.854795276,     -0.6343775173,     -0.7844595873,       2.536989494,      -1.364363677,       4.528798988
          0,           0,         597,      -2.859560947,     -0.6375845026,     -0.7989153801,       2.531556099,      -1.363979081,       4.456924703
          0,           0,         598,      -2.864971808,     -0.6472230778,     -0.8109484537,       2.527262658,      -1.363155104,       4.275168864
          0,           0,         599,         -2.862273,     -0.6516441169,     -0.8213433679,       2.529643237,      -1.363132913,       4.361559936
          0,           0,         600,      -2.869844568,     -0.6504907231,     -0.7860364186,       2.521049448,      -1.363202812,       4.426606077
          0,           0,         601,      -2.852587862,     -0.6380092563,     -0.8051164888,       2.539891255,      -1.362959518,       4.438480438
          0,           0,         602,      -2.872597583,     -0.6433318817,     -0.7833498222,       2.518959906,      -1.363040611,       4.338529062
          0,           0,         603,      -2.865195527,     -0.6627945574,     -0.8019412576,       2.527751908,      -1.363537104,       4.309190641
          0,           0,         604,      -2.854943001,     -0.6555858041,     -0.7822506131,        2.53666029,      -1.363289142,       4.488961377
          0,           0,         605,      -2.847287081,     -0.6564977267,     -0.7983670808,       2.545555218,      -1.363062347,       4.503919349
          0,           0,         606,      -2.856215545,     -0.6478240223,     -0.8012837713,       2.536148591,      -1.362731964,       4.326092695
          0,           0,         607,      -2.865568176,     -0.6698424011,     -0.8071720752,       2.526972882,      -1.362681345,       4.330772175
          0,           0,         608,      -2.858002024,     -0.6506320896,     -0.7973494984,       2.534268671,      -1.362481038,        4.39991445
          0,           0,         609,      -2.861158718,     -0.6550056313,     -0.7822495709,       2.530666464,      -1.362467726,       4.460798062
          0,           0,         610,      -2.860017132,     -0.6324426904,     -0.8002871335,       2.531987954,      -1.362016232,       4.483486076
          0,           0,         611,      -2.866348107,     -0.6430314958,     -0.7741044321,       2.525303346,      -1.362092682,       4.348158438
          0,           0,         612,      -2.860418254,     -0.6588019347,     -0.8117574592,       2.531973637,      -1.361729399,       4.372819882
          0,           0,         613,      -2.866167605,     -0.6364612175,     -0.7935690751,       2.526054428,      -1.361543751,       4.472495951
          0,           0,         614,      -2.854537191,     -0.6293140984,     -0.7790988057,       2.537183967,      -1.361653196,       4.495707485
          0,           0,         615,      -2.871559532,     -0.6277721036,     -0.7693146047,       2.519159384,       -1.36135551,        4.32308792
          0,           0,         616,      -2.867166155,     -0.6245823952,     -0.7842717855,       2.526232037,      -1.361527138,       4.441913364
          0,           0,         617,      -2.864811606,     -0.6160443326,     -0.7646340507,       2.527733244,       -1.36201891,       4.507929874
          0,           0,         618,      -2.860599442,     -0.6457795336,     -0.7965588679,       2.532035349,       -1.36212614,       4.507804485
          0,           0,         619,      -2.853922321,       -0.61346843,     -0.7735845842,       2.539074517,      -1.361480592,       4.466292582
          0,           0,         620,      -2.873316589,     -0.6210437991,     -0.7612405545,       2.518888857,      -1.361675795,       4.293166154
          0,           0,         621,      -2.858850701,     -0.6463172002,     -0.8154658775,        2.53488882,      -1.361742889,       4.381998344
          0,           0,         622,      -2.863320651,     -0.6408094741,      -0.797191637,       2.529294134,      -1.361376554,       4.555691882
          0,           0,         623,      -2.851488405,     -0.6384860055,     -0.7989336936,        2.54171479,      -1.361635298,       4.557998376
          0,           0,         624,      -2.859513456,     -0.6552532251,     -0.8065662922,       2.532883496,      -1.361702109,       4.339924947
          0,           0,         625,      -2.866632858,     -0.6636203729,     -0.8140451546,       2.526071464,      -1.361237611,       4.442244403
          0,           0,         626,      -2.860724918,     -0.6572377486,     -0.8075686262,        2.53095266,      -1.360774505,       4.465402787
          0,           0,         627,      -2.853611843,      -0.649511658,     -0.8007155961,       2.538979069,      -1.360122883,       4.508602297
          0,           0,         628,      -2.862354501,     -0.6442011514,     -0.7920116758,       2.529281461,      -1.358811577,       4.512984193
          0,           0,         629,      -2.871852913,      -0.643834052,     -0.7734314857,       2.520134436,      -1.358628546,       4.418362982
          0,           0,         630,      -2.857693482,     -0.6544729603,     -0.8246587728,       2.534816786,      -1.358280974,       4.487801566
          0,           0,         631,      -2.853693557,     -0.6299310844,     -0.7904130535,       2.537932582,      -1.358832063,       4.556309486
          0,           0,         632,      -2.855413797,     -0.6313696931,     -0.7790341214,       2.536146155,      -1.359437973,        4.47774212
          0,           0,         633,        -2.8703995,     -0.6474153595,     -0.7850128827,       2.519875108,      -1.358912771,        4.25363918
          0,           0,         634,      -2.864438608,     -0.6288458927,     -0.7820496409,       2.527508604,      -1.359175156,       4.414405937
          0,           0,         635,      -2.867086185,     -0.6269391184,     -0.7720512828,       2.524143546,      -1.359155844,       4.473614494
          0,           0,         636,       -2.85971927,     -0.6339909115,     -0.7820423339,       2.531915528,      -1.359005434,       4.505861712
          0,           0,         637,      -2.865678403,     -0.6159631651,     -0.7584270317,         2.5262908,      -1.358184421,       4.585505891
          0,           0,         638,      -2.873867315,     -0.6406829359,     -0.7808649057,       2.518070577,      -1.358402988,       4.585191738
          0,           0,         639,      -2.857448289,     -0.6445667758,     -0.7886228322,        2.53619011,      -1.358421396,       4.597081037
          0,           0,         640,      -2.872004089,     -0.6558709157,     -0.7792431894,       2.519047039,      -1.357703241,       4.615095658
          0,           0,         641,      -2.866560001,     -0.6514416617,     -0.7866403644,        2.52533105,      -1.357725229,       4.549958227
          0,           0,         642,      -2.865301793,     -0.6587087165,     -0.7994973835,       2.526586495,      -1.357910446,       4.285308424
          0,           0,         643,      -2.868192891,     -0.6637619266,      -0.798214453,       2.525741609,      -1.357541815,        4.42533393
          0,           0,         644,       -2.85848923,     -0.6483168404,     -0.8014647678,        2.53451608,      -1.357410457,       4.465508225
          0,           0,         645,      -2.852228535,     -0.6489248465,     -0.7981918821,       2.541361792,      -1.358176443,       4.550597511
          0,           0,         646,      -2.858001494,       -0.64822326,     -0.8017680025,       2.535365429,      -1.357870953,        4.59786839
          0,           0,         647,      -2.867872154,     -0.6473150239,     -0.7798806244,       2.526141339,      -1.358238627,       4.563263439
          0,           0,         648,      -2.863942641,     -0.6707650045,     -0.8017970547,       2.529535126,       -1.35819754,       4.581465615
          0,           0,         649,      -2.852659627,     -0.6536020495,      -0.787398707,       2.540635172,      -1.358196681,       4.600580955
          0,           0,         650,      -2.855540976,     -0.6500747074,     -0.7869112205,       2.538099327,      -1.358120813,       4.450748633
          0,           0,         651,      -2.864727652,     -0.6363937059,      -0.784390571,       2.528609371,      -1.357545051,       4.349887324
          0,           0,         652,      -2.864738995,     -0.6234203815,     -0.7757996556,       2.530021219,      -1.357539092,       4.452680749
          0,           0,         653,      -2.860722716,     -0.6303017304,     -0.7669315376,       2.532987064,       -1.35803562,       4.469563233
          0,           0,         654,      -2.864394421,     -0.6307350005,      -0.776015726,       2.528131219,      -1.357837374,       4.514068709
          0,           0,         655,      -2.861822719,     -0.6338934066,     -0.7829766242,       2.530918939,      -1.357339248,       4.441122834
          0,           0,         656,      -2.879271038,     -0.6220537821,     -0.7690892642,       2.512608351,       -1.35710267,       4.473774165
          0,           0,         657,      -2.858399736,     -0.6522695208,     -0.7990741698,       2.535372089,      -1.356481363,       4.459715384
          0,           0,         658,      -2.861348147,     -0.6465248671,     -0.7797252795,        2.53024061,      -1.355807814,        4.50675111
          0,           0,         659,      -2.859398299,     -0.6530404847,     -0.8062935256,       2.533343189,      -1.355779923,       4.413667828
          0,           0,         660,      -2.867039469,     -0.6527704236,      -0.792950545,        2.52458688,      -1.355639181,       4.318086882
          0,           0,         661,        -2.8726307,     -0.6823624925,     -0.8011200746,       2.519539161,      -1.355404997,       4.427825248
          0,           0,         662,      -2.861196787,     -0.6570283283,     -0.7958435174,       2.530687673,      -1.355904038,       4.409390378
          0,           0,         663,      -2.863944675,     -0.6491218506,     -0.7888262283,       2.527711793,       -1.35611276,       4.416138518
          0,           0,         664,      -2.862030126,     -0.6595342731,     -0.7984237553,       2.530411876,      -1.355597374,        4.37262035
          0,           0,         665,      -2.871273161,     -0.6439697012,     -0.7722022407,       2.520820878,      -1.355803502,       4.501025889
          0,           0,         666,      -2.857937923,      -0.669487839,     -0.8221032955,       2.535337176,      -1.355386042,       4.525832047
          0,           0,         667,      -2.864359969,     -0.6472724666,     -0.7875585464,       2.527285412,      -1.354981815,       4.595909006
          0,           0,         668,        -2.8621378,      -0.661450743,     -0.8130951626,       2.530605117,      -1.354573114,       4.556959032
          0,           0,         669,      -2.867223471,     -0.6630176577,     -0.7925482145,       2.524503782,      -1.354075736,       4.486306287
          0,           0,         670,      -2.867943518,     -0.6621686927,     -0.7972994847,       2.525077646,       -1.35343331,       4.432692263
          0,           0,         671,      -2.870336218,     -0.6481551079,     -0.7851981259,       2.521781545,      -1.353020797,       4.423864467
          0,           0,         672,      -2.874562405,      -0.662464398,     -0.8154990685,       2.517343575,      -1.352771889,       4.470546089
          0,           0,         673,      -2.860558462,     -0.6594725554,     -0.8038143983,       2.532316331,      -1.352502537,        4.47656625
          0,           0,         674,      -2.877735789,     -0.6469171845,     -0.7782034193,       2.513750128,      -1.353619071,       4.555036333
          0,           0,         675,      -2.860171614,     -0.6752697203,     -0.8109449998,       2.532926934,      -1.353936654,       4.550243281
          0,           0,         676,      -2.868520732,     -0.6629025761,     -0.7896135806,       2.523403401,      -1.354484621,       4.561264325
          0,           0,         677,       -2.86178236,     -0.6457805918,     -0.8106654529,       2.531392875,      -1.354471529,       4.531204228
          0,           0,         678,      -2.870793309,     -0.6461277731,      -0.789545081,        2.52148575,      -1.354320488,       4.418946625
          0,           0,         679,      -2.866485635,     -0.6607582678,     -0.8103410428,       2.526440112,      -1.354456459,       4.410259432
          0,           0,         680,      -2.868702088,     -0.6421991008,     -0.7864292589,       2.523502641,      -1.354555478,       4.456964733
          0,           0,         681,      -2.861353804,     -0.6485842496,     -0.8118487539,       2.530955688,       -1.35403434,       4.465114717
          0,           0,         682,      -2.878580059,     -0.6373263611,       -0.79186488,       2.513578712,      -1.353949488,         4.4285681
          0,           0,         683,      -2.871076869,     -0.6434969644,     -0.8210059128,       2.521343577,      -1.354228644,       4.471720341
          0,           0,         684,      -2.863903178,     -0.6403982626,     -0.8080546153,       2.527798519,      -1.353680638,       4.465973708
          0,           0,         685,      -2.859193513,     -0.6442382114,     -0.8057398705,       2.533407591,      -1.353320782,       4.494089088
          0,           0,         686,      -2.872148763,     -0.6599949833,     -0.8198527799,       2.519592099,      -1.353031327,       4.456005893
          0,           0,         687,      -2.868472111,     -0.6701734556,      -0.815111317,       2.523732697,      -1.352292661,       4.480456141
          0,           0,         688,      -2.868653572,      -0.655189748,     -0.8360122102,       2.523998385,      -1.351555185,       4.480178674
          0,           0,         689,      -2.870702033,     -0.6534018165,     -0.8015465222,       2.521128083,      -1.351304974,       4.471811123
          0,           0,         690,        -2.8690426,     -0.6630758737,     -0.8129141006,       2.523002017,      -1.350660692,       4.436668684
          0,           0,         691,      -2.868162696,     -0.6454704113,     -0.8044377893,       2.524325378,      -1.350113146,       4.366863374
          0,           0,         692,      -2.865778138,     -0.6583754493,     -0.8390453423,       2.527143982,      -1.349909233,       4.403330258
          0,           0,         693,       -2.85843229,     -0.6576890078,     -0.8230184578,        2.53416915,       -1.35022511,       4.570160839
          0,           0,         694,      -2.850988062,     -0.6477946489,     -0.8173123088,       2.541364879,      -1.350755734,       4.577750085
          0,           0,         695,      -2.866347894,      -0.662598405,     -0.8136924612,       2.526245517,      -1.350995332,       4.486762262
          0,           0,         696,      -2.863969027,      -0.655571334,     -0.8226913713,       2.528253654,      -1.351310177,       4.502362571
          0,           0,         697,      -2.856547246,     -0.6472048165,     -0.8267677618,       2.536035907,      -1.351603826,       4.461348556
          0,           0,         698,       -2.86045691,     -0.6293377888,     -0.7961786849,       2.531902512,      -1.351232289,       4.434283833
          0,           0,         699,      -2.857545787,     -0.6219188274,     -0.8087579067,       2.534414635,      -1.350515341,       4.436016974
          0,           0,         700,      -2.869452403,     -0.6257357948,     -0.7897934822,       2.522061201,      -1.349957887,       4.370167904
          0,           0,         701,      -2.858733012,     -0.6368783414,     -0.8301583003,       2.534637072,       -1.34966125,       4.526562807
          0,           0,         702,       -2.86105127,     -0.6341085597,     -0.7901055312,       2.530147897,      -1.348727005,       4.647244697
          0,           0,         703,      -2.846242854,     -0.6557121693,     -0.8110691705,       2.547197183,      -1.348935965,        4.61347904
          0,           0,         704,      -2.861518724,     -0.6309534618,     -0.7979741658,       2.530672235,      -1.349516778,       4.404188847
          0,           0,         705,      -2.871249514,     -0.6649970786,     -0.8208552917,       2.521497049,      -1.349966599,       4.482290577
          0,           0,         706,      -2.858180997,     -0.6530457636,     -0.8085773304,       2.534928048,      -1.350198511,       4.445823733
          0,           0,         707,      -2.865679747,     -0.6613745081,      -0.814088918,       2.526242361,      -1.350393526,       4.500367295
          0,           0,         708,      -2.861289838,     -0.6467097656,     -0.8211143401,       2.531045415,      -1.350242329,       4.520347465
          0,           0,         709,      -2.866045733,     -0.6538001449,      -0.805285439,       2.525980173,       -1.35008546,       4.424817028
          0,           0,         710,       -2.85828752,     -0.6570885461,      -0.832924964,       2.534900661,      -1.349972223,       4.437334857
          0,           0,         711,      -2.859752004,     -0.6507939584,     -0.8221549531,       2.531916838,      -1.349927952,       4.496277274
          0,           0,         712,      -2.856156241,     -0.6486691471,     -0.8133338356,       2.536133266,      -1.350227502,       4.479709638
          0,           0,         713,      -2.870403133,     -0.6457461001,     -0.8021286912,       2.520928447,      -1.349730569,        4.40252895
          0,           0,         714,      -2.865403662,     -0.6476739356,     -0.8098877169,       2.527637744,      -1.349558893,       4.409264247
          0,           0,         715,      -2.872686574,     -0.6338067481,     -0.7763631566,       2.519045048,      -1.349485335,       4.399548807
          0,           0,         716,      -2.863508066,     -0.6553345833,     -0.7987168179,       2.528270123,      -1.349094006,       4.387894037
          0,           0,         717,      -2.866080114,     -0.6419291656,       -0.78705424,        2.52568344,      -1.348311907,       4.405984995
          0,           0,         718,      -2.876363601,     -0.6479618756,      -0.778571369,       2.515551071,      -1.348102528,       4.462447761
          0,           0,         719,      -2.864249205,      -0.646871358,      -0.805813476,       2.528311667,      -1.347945472,       4.471170678
          0,           0,         720,      -2.868119635,     -0.6604728863,     -0.7931211061,       2.523133662,      -1.347697537,        4.48509279
          0,           0,         721,      -2.863882833,     -0.6346094179,     -0.7948961184,       2.527923902,      -1.347863766,       4.493973096
          0,           0,         722,      -2.864451306,     -0.6534737501,     -0.8069463746,       2.527674608,      -1.347334768,       4.351075005
          0,           0,         723,      -2.865548097,     -0.6548255444,     -0.8097715843,       2.527193245,      -1.347256058,       4.430140014
          0,           0,         724,      -2.863427692,        -0.6366415,     -0.8107042218,       2.528638711,      -1.347486413,       4.453413025
          0,           0,         725,      -2.866251517,     -0.6388578872,     -0.8121469905,       2.526141208,      -1.347286129,       4.474775015
          0,           0,         726,      -2.858866046,     -0.6323184011,     -0.7914471327,       2.533981548,      -1.346840481,       4.495427298
          0,           0,         727,      -2.870009239,      -0.643228497,     -0.7785186151,       2.522209985,      -1.346819824,       4.393771892
          0,           0,         728,      -2.862550673,     -0.6520547729,     -0.7955229225,       2.530727689,        -1.3462126,       4.453597058
          0,           0,         729,      -2.869443905,     -0.6617867013,     -0.7980551461,       2.521781801,      -1.345991723,       4.484391972
          0,           0,         730,      -2.870667584,     -0.6544524126,     -0.8193340301,       2.520673889,      -1.346015357,       4.493202752
          0,           0,         731,      -2.868539882,     -0.6707382888,     -0.8143608563,       2.523088366,      -1.345578609,         4.3422381
          0,           0,         732,      -2.874967766,     -0.6587100906,     -0.8147613138,       2.516922955,      -1.345284309,       4.454963937
          0,           0,         733,      -2.870013296,     -0.6519294021,     -0.7982292605,       2.521568975,      -1.346103952,       4.456150134
          0,           0,         734,      -2.872444614,     -0.6604096947,     -0.8315725605,       2.519394884,       -1.34624254,       4.478564098
          0,           0,         735,      -2.863820688,     -0.6517414269,     -0.8195941122,       2.529148662,      -1.346235459,       4.503882814
          0,           0,         736,      -2.877849476,     -0.6454089264,     -0.7945487853,        2.51424095,      -1.346731488,       4.526432185
          0,           0,         737,      -2.865645445,     -0.6863113392,      -0.835840677,       2.527868922,      -1.346608776,       4.467820833
          0,           0,         738,      -2.865046235,     -0.6692600118,     -0.8191232208,       2.527255034,      -1.346515189,       4.492283179
          0,           0,         739,       -2.86376901,     -0.6390437445,     -0.8207590418,       2.528609911,      -1.346380945,       4.461501841
          0,           0,         740,      -2.863918359,     -0.6566128803,     -0.8282063121,       2.529174405,      -1.346277852,       4.312507588
          0,           0,         741,      -2.871545665,     -0.6415193422,     -0.8054191588,       2.520913569,      -1.346407299,       4.407483581
          0,           0,         742,      -2.874751691,      -0.645505436,     -0.7994230688,       2.517322302,      -1.346503471,       4.447904192
          0,           0,         743,      -2.867647985,     -0.6336863779,     -0.8068049699,       2.524262032,      -1.346133381,       4.489073177
          0,           0,         744,      -2.863125203,     -0.6343921697,     -0.7915053855,       2.528926444,      -1.345639261,       4.449682738
          0,           0,         745,      -2.877331472,     -0.6337091717,     -0.7936213891,        2.51494064,      -1.345627613,       4.399756674
          0,           0,         746,      -2.860974474,     -0.6574733099,     -0.8388001865,       2.531962105,      -1.345250471,       4.396383218
          0,           0,         747,      -2.873435397,     -0.6461617054,     -0.8094918444,       2.517656205,       -1.34481362,       4.484634398
          0,           0,         748,      -2.867967702,     -0.6486150798,     -0.8281199197,       2.523598236,        -1.3444996,       4.461775857
          0,           0,         749,      -2.869390391,     -0.6473416864,     -0.8013510905,       2.522072984,      -1.344071909,       4.353350542
          0,           0,         750,      -2.876729483,     -0.6792586724,     -0.8212992129,       2.515355779,      -1.344157167,       4.426343151
          0,           0,         751,      -2.872674537,     -0.6546133446,     -0.8056887993,       2.519045486,      -1.344244726,       4.445580817
          0,           0,         752,      -2.870623622,     -0.6535631441,     -0.8056535549,       2.521057312,      -1.344111783,       4.498192838
          0,           0,         753,      -2.871651013,     -0.6456696936,     -0.8045600013,       2.520295955,      -1.343729996,       4.480889198
          0,           0,         754,      -2.880234026,     -0.6537968305,     -0.7991884853,       2.511914374,      -1.344106721,       4.465235509
          0,           0,         755,      -2.868843394,     -0.6713449721,     -0.8229892782,       2.524240551,        -1.3436949,       4.443193565
          0,           0,         756,      -2.874118523,     -0.6568550926,     -0.7868773186,       2.517491708,      -1.343471265,       4.496908609
          0,           0,         757,      -2.869562798,     -0.6522376838,     -0.8089866046,       2.522310859,      -1.343177504,       4.449278565
          0,           0,         758,      -2.867356743,     -0.6557739954,     -0.7849112018,       2.524579057,       -1.34289475,       4.296825498
          0,           0,         759,      -2.878682768,     -0.6763182406,      -0.796059645,       2.513485207,      -1.342597597,        4.39688408
          0,           0,         760,      -2.868628091,     -0.6589261844,     -0.7975550761,        2.52405931,      -1.342184178,       4.396872997
          0,           0,         761,      -2.865628785,      -0.640329945,     -0.8086458784,       2.526904395,      -1.341631508,       4.442933598
          0,           0,         762,      -2.868419051,     -0.6452567534,     -0.7915745229,       2.525095984,      -1.341094026,       4.447588752
          0,           0,         763,      -2.876415434,     -0.6505126827,     -0.8150135084,       2.516779037,      -1.341841693,       4.469975975
          0,           0,         764,      -2.861736842,      -0.665366606,     -0.8181574369,       2.531901571,      -1.342191622,       4.549902355
          0,           0,         765,      -2.861714395,     -0.6310257241,     -0.7771561703,       2.531393983,      -1.342870965,       4.592399449
          0,           0,         766,      -2.864186537,      -0.647606401,     -0.8095635572,       2.528825464,      -1.342856808,       4.502692209
          0,           0,         767,      -2.871601526,     -0.6371582022,     -0.7931393035,       2.520641171,       -1.34278725,       4.448878122
          0,           0,         768,      -2.866017504,     -0.6472335749,     -0.7968830395,       2.526375045,      -1.342874956,       4.450591839
          0,           0,         769,        -2.8622792,      -0.637734636,      -0.772023322,       2.530995639,       -1.34260455,       4.466178351
          0,           0,         770,      -2.854834866,       -0.62611393,     -0.7883494395,        2.53902916,      -1.342339673,        4.52660745
          0,           0,         771,      -2.870356873,     -0.6190793559,     -0.7659714012,       2.522963335,      -1.342463008,       4.479577734
          0,           0,         772,       -2.87481672,     -0.6513836896,     -0.7989738357,       2.518947916,      -1.342909127,         4.4366099
          0,           0,         773,      -2.859939235,     -0.6538939332,     -0.8034653712,       2.533372778,      -1.342590447,       4.547761818
          0,           0,         774,      -2.863011419,     -0.6534206102,     -0.7848206907,       2.529465089,      -1.342402214,       4.552737869
          0,           0,         775,      -2.863529688,     -0.6489792851,     -0.7904650947,       2.529360879,      -1.342143377,       4.435696335
          0,           0,         776,      -2.876979101,     -0.6591677069,     -0.7865515659,       2.515066617,      -1.341332858,       4.415188447
          0,           0,         777,       -2.86859643,     -0.6737458427,     -0.8110177208,       2.523930958,      -1.340669172,        4.39878217
          0,           0,         778,      -2.862741914,     -0.6621507592,     -0.7914649103,       2.529637969,      -1.340334789,       4.445489383
          0,           0,         779,       -2.86294142,     -0.6518751107,     -0.8016031045,       2.530324314,      -1.339986235,       4.511533758
          0,           0,         780,      -2.869274998,     -0.6447908513,      -0.772061408,       2.523418445,      -1.340157475,       4.455793117
          0,           0,         781,      -2.876082907,     -0.6581992898,     -0.7932858912,       2.516396677,      -1.340511197,       4.401865804
          0,           0,         782,      -2.857762144,     -0.6630730105,     -0.7938732471,       2.535167649,       -1.34048881,       4.461176576
          0,           0,         783,      -2.855234999,     -0.6411325213,     -0.7821275557,       2.537420194,       -1.34056942,        4.49733426
          0,           0,         784,      -2.868273087,     -0.6617927009,     -0.7702877939,       2.524059248,      -1.340075413,       4.340305589
          0,           0,         785,      -2.866733042,     -0.6475327868,     -0.7956949149,        2.52643124,      -1.340348872,       4.456689646
          0,           0,         786,      -2.866219092,     -0.6543564886,     -0.8131227767,       2.526779757,      -1.340607515,       4.525684665
          0,           0,         787,      -2.859833409,     -0.6564730694,     -0.8153845468,       2.532765493,      -1.340429429,       4.550748712
          0,           0,         788,      -2.858189266,     -0.6372540901,     -0.8008250094,       2.534156112,      -1.339823473,       4.537658695
          0,           0,         789,      -2.871007036,     -0.6547562169,      -0.775694111,       2.521062042,      -1.339175893,       4.333890876
          0,           0,         790,      -2.862335126,     -0.6560199438,      -0.821258302,        2.53141899,      -1.338769348,       4.371730569
          0,           0,         791,      -2.862051427,     -0.6655605894,     -0.8016068532,       2.530135302,      -1.338527539,       4.563833305
          0,           0,         792,      -2.850225824,     -0.6614197993,     -0.7968488274,       2.543277622,      -1.338371929,       4.574278709
          0,           0,         793,      -2.868007825,     -0.6624327355,     -0.7968346269,       2.523239776,      -1.338160248,       4.493291105
          0,           0,         794,      -2.868543179,     -0.6771655125,      -0.805882486,       2.524780471,      -1.338837003,       4.578498628
          0,           0,         795,      -2.857624531,     -0.6542832034,     -0.8014007331,       2.535004036,       -1.33942128,       4.561769904
          0,           0,         796,      -2.857877604,     -0.6507835341,     -0.7915742901,       2.534748507,      -1.339829711,       4.561513376
          0,           0,         797,      -2.862127416,      -0.644482313,     -0.7893139199,       2.530251885,      -1.339840395,        4.49671861
          0,           0,         798,      -2.865836486,     -0.6444141471,     -0.7677261926,       2.527129038,      -1.339848324,       4.326768281
          0,           0,         799,      -2.856639029,     -0.6505731104,     -0.8170640554,       2.537165969,      -1.339610886,       4.483886866
          0,           0,         800,      -2.865910625,     -0.6620149898,     -0.8042466714,       2.525811573,      -1.339374554,       4.551518654
          0,           0,         801,      -2.865111506,      -0.647661947,     -0.8241727123,       2.526291395,      -1.339554659,       4.537566085
          0,           0,         802,      -2.872862776,     -0.6471335479,     -0.8203905765,       2.519309728,      -1.339057694,       4.419982293
          0,           0,         803,      -2.873186266,     -0.6410632398,     -0.8207270612,       2.519477774,      -1.339248557,       4.413651761
          0,           0,         804,      -2.874880493,     -0.6314807672,     -0.7937255856,       2.516681546,      -1.339034977,       4.473629813
          0,           0,         805,      -2.865373555,      -0.635036843,     -0.8214662739,       2.527047796,      -1.338603163,       4.497526445
          0,           0,         806,      -2.868987809,     -0.6313084028,     -0.8016280114,       2.522776939,      -1.338073361,       4.398779646
          0,           0,         807,       -2.88604738,     -0.6295166868,     -0.7879191421,       2.505941753,      -1.337679448,       4.450554324
          0,           0,         808,      -2.870674701,     -0.6386037984,     -0.8239372705,       2.522763217,      -1.336972197,       4.535271319
          0,           0,         809,      -2.869483151,     -0.6538844526,     -0.8020622683,       2.522476591,       -1.33654073,       4.574237622
          0,           0,         810,       -2.86097863,     -0.6272381548,     -0.7985259806,       2.531650564,      -1.336149381,        4.47197307
          0,           0,         811,      -2.877656807,     -0.6321789358,     -0.7795123889,       2.514750062,      -1.335187009,       4.275869439
          0,           0,         812,      -2.872803537,     -0.6429063283,     -0.7915031204,       2.520279482,      -1.335185079,       4.388420028
          0,           0,         813,      -2.871071795,     -0.6456440709,     -0.7833735011,       2.520520616,       -1.33490509,       4.447586516
          0,           0,         814,       -2.86106217,     -0.6268201447,     -0.8006414365,       2.532083795,      -1.334629655,       4.535359185
          0,           0,         815,      -2.864872963,     -0.6317799361,     -0.7890584898,       2.527952912,      -1.335137731,       4.501876473
          0,           0,         816,      -2.873621571,     -0.6320202758,      -0.769477635,       2.519722617,      -1.336341008,       4.416576719
          0,           0,         817,      -2.863509243,      -0.660276706,     -0.8039267386,       2.529469794,      -1.336673093,       4.512821611
          0,           0,         818,      -2.863914947,      -0.661353226,     -0.7949851882,       2.528071585,       -1.33695832,       4.560428396
          0,           0,         819,      -2.869804413,     -0.6504115761,     -0.8021273383,       2.521980677,      -1.336879671,       4.495037767
          0,           0,         820,      -2.866441528,     -0.6600343696,      -0.797402509,       2.525690909,      -1.336280027,       4.333810374
          0,           0,         821,      -2.872001654,     -0.6708740248,     -0.8159258225,       2.520153628,      -1.335729048,       4.450514105
          0,           0,         822,      -2.866813842,     -0.6494349917,     -0.8098646333,       2.525024794,      -1.335405911,        4.52592444
          0,           0,         823,      -2.866000518,     -0.6312049458,     -0.8049250744,       2.525817236,      -1.334860207,       4.531107729
          0,           0,         824,      -2.880443614,     -0.6381712413,     -0.8145365111,       2.510760345,      -1.335109551,       4.436156331
          0,           0,         825,      -2.877111712,       -0.64113461,     -0.8222242345,       2.514928401,      -1.335694666,       4.412427226
          0,           0,         826,       -2.86955927,     -0.6665464752,      -0.833727794,       2.521883492,      -1.336080471,       4.504180033
          0,           0,         827,      -2.861593591,     -0.6563069291,     -0.8184813037,       2.530719559,      -1.336078425,       4.501370893
          0,           0,         828,       -2.87769171,     -0.6487304532,      -0.821052569,       2.513194143,      -1.336044692,       4.380694613
          0,           0,         829,      -2.867936967,     -0.6651750265,     -0.8250297725,       2.524701226,       -1.33567381,       4.379337063
          0,           0,         830,      -2.866570908,      -0.663999003,     -0.8261430442,       2.525219372,      -1.335545009,       4.374629484
          0,           0,         831,      -2.859305683,     -0.6606558428,     -0.8081838539,       2.533461117,      -1.335528713,       4.458669762
          0,           0,         832,      -2.858829175,     -0.6278079789,     -0.7954787434,       2.533403253,      -1.335442434,       4.515623012
          0,           0,         833,      -2.869503175,     -0.6655326728,     -0.7961818792,       2.523102476,      -1.335620295,       4.419053271
          0,           0,         834,      -2.862899347,     -0.6553842691,     -0.8243032138,       2.530723195,      -1.335731721,       4.440482309
          0,           0,         835,      -2.861341177,     -0.6549066173,     -0.7938624637,       2.530641713,      -1.335256722,       4.615112382
          0,           0,         836,      -2.848631337,     -0.6519935737,     -0.8163636053,       2.545152286,      -1.334677588,       4.589566433
          0,           0,         837,      -2.871868764,     -0.6475914107,     -0.8121254367,       2.519686677,      -1.334069307,       4.372453655
          0,           0,         838,      -2.866397518,     -0.6363637463,      -0.797119779,       2.526707349,      -1.333867233,       4.400925629
          0,           0,         839,      -2.864624263,     -0.6412546228,     -0.8082885753,       2.527687981,      -1.333619295,       4.428053544
          0,           0,         840,      -2.863175519,     -0.6379240943,      -0.784401081,       2.529235188,      -1.333798627,       4.521309558
          0,           0,         841,      -2.860965186,     -0.6174641927,     -0.7911212116,       2.531342111,       -1.33380149,       4.509952506
          0,           0,         842,       -2.87131729,     -0.6414564484,     -0.7799767483,       2.520883497,      -1.333981913,       4.350633105
          0,           0,         843,      -2.866278948,     -0.6578950538,     -0.8045131139,       2.526623422,      -1.333483123,       4.392680646
          0,           0,         844,      -2.865532148,     -0.6531725763,      -0.798609959,       2.526595468,      -1.332946432,       4.494997266
          0,           0,         845,      -2.858576282,     -0.6441432402,      -0.788188714,       2.533672986,      -1.332693323,       4.463140065
          0,           0,         846,      -2.867327872,     -0.6492085102,     -0.7960149596,       2.525288002,      -1.332727973,       4.227915987
          0,           0,         847,       -2.86901484,     -0.6632903463,     -0.8068522218,       2.523842045,      -1.332123938,       4.367794461
          0,           0,         848,      -2.853103489,     -0.6473375911,     -0.8045351837,        2.53951727,      -1.332024414,       4.470092054
          0,           0,         849,      -2.858760027,     -0.6429176297,     -0.7813771722,       2.533996604,      -1.331716726,       4.519988258
          0,           0,         850,      -2.856014544,     -0.6321286285,     -0.7906894504,        2.53681221,      -1.331797857,       4.494886361
          0,           0,         851,      -2.872580679,     -0.6501094951,     -0.7954283498,       2.519490859,      -1.331856735,       4.303434855
          0,           0,         852,      -2.859078332,     -0.6539724282,     -0.8124377377,       2.535013478,      -1.332335714,       4.461522783
          0,           0,         853,      -2.867663797,     -0.6704500003,     -0.8143079095,       2.523995276,      -1.332503466,        4.55984007
          0,           0,         854,      -2.864861902,     -0.6614248437,     -0.8141773043,       2.527642725,      -1.332779607,       4.500973675
          0,           0,         855,      -2.872294569,     -0.6639762475,      -0.807457538,       2.519744231,      -1.332998261,       4.352774996
          0,           0,         856,      -2.876341606,     -0.6693590794,     -0.8168109699,       2.516805927,      -1.332691539,       4.431388488
          0,           0,         857,      -2.863565616,     -0.6582367903,     -0.8111901367,       2.529585522,      -1.332740407,       4.458030118
          0,           0,         858,      -2.876767517,     -0.6441189671,     -0.8096037296,       2.515113313,       -1.33261252,       4.459312195
          0,           0,         859,      -2.865286418,     -0.6475609455,     -0.8148725441,       2.528468034,      -1.332433878,       4.448676219
          0,           0,         860,      -2.874215762,     -0.6369342581,     -0.7823587721,       2.518355217,      -1.332410952,       4.412863544
          0,           0,         861,      -2.865883908,      -0.659225976,     -0.8264850936,        2.52770338,      -1.332358949,       4.424616633
          0,           0,         862,      -2.859415335,     -0.6321579111,     -0.7957623009,       2.532301926,      -1.332333723,       4.502675048
          0,           0,         863,      -2.869686406,     -0.6498671409,      -0.806112523,       2.522531705,      -1.331900267,       4.462204282
          0,           0,         864,      -2.871391074,     -0.6635265614,     -0.8065604529,       2.520098413,      -1.331009367,       4.339103286
          0,           0,         865,      -2.873532864,     -0.6570115868,     -0.8110724334,       2.518558672,      -1.330455621,        4.46351994
          0,           0,         866,      -2.866312443,     -0.6311755196,     -0.7942157067,       2.525737759,      -1.330057315,       4.477515031
          0,           0,         867,      -2.863499226,     -0.6310951647,     -0.7949046683,       2.528982571,      -1.329792685,       4.443260243
          0,           0,         868,      -2.865192215,     -0.6332944827,     -0.7888322522,       2.527725904,       -1.32985806,       4.403307172
          0,           0,         869,      -2.879415859,     -0.6417758723,     -0.7679054462,       2.512516478,      -1.330258947,       4.406657368
          0,           0,         870,      -2.861015187,     -0.6518788496,     -0.8060773068,       2.531962441,      -1.330488708,       4.553095815
          0,           0,         871,      -2.871924284,     -0.6524508158,     -0.7894403467,       2.519543421,      -1.330404822,       4.615030491
          0,           0,         872,      -2.860727058,     -0.6516857478,     -0.8000775816,       2.531773659,      -1.330521123,       4.535243471
          0,           0,         873,       -2.86764878,     -0.6651510456,     -0.8042084895,       2.523806993,       -1.33007533,       4.437376103
          0,           0,         874,      -2.867102337,     -0.6602590677,      -0.818246376,       2.525384375,        -1.3298614,        4.48189172
          0,           0,         875,      -2.868287707,     -0.6491805944,     -0.8014491311,       2.523716806,      -1.329744636,       4.476847936
          0,           0,         876,      -2.869179241,     -0.6593146786,     -0.8058243207,       2.522872408,       -1.32917136,        4.42593587
          0,           0,         877,      -2.868788699,     -0.6544678931,     -0.7989654409,       2.523614385,      -1.328310844,       4.377509981
          0,           0,         878,       -2.87686393,     -0.6506867888,     -0.7851964126,       2.515572565,      -1.328126831,       4.476156199
          0,           0,         879,      -2.858985689,     -0.6606013604,     -0.8224785468,       2.535344605,      -1.327930717,        4.43290022
          0,           0,         880,      -2.865537144,     -0.6399214335,     -0.7886188925,       2.526798381,      -1.327937337,        4.50204593
          0,           0,         881,      -2.870336729,     -0.6654080031,     -0.8116947808,       2.522756806,      -1.328310759,       4.464776583
          0,           0,         882,      -2.875319174,     -0.6564368568,     -0.7895599122,       2.516562203,      -1.328811254,       4.460767394
          0,           0,         883,      -2.871916474,     -0.6703066667,     -0.8157532725,        2.52142515,      -1.329521248,       4.519043582
          0,           0,         884,      -2.867133459,     -0.6338550579,     -0.7842471903,       2.525611553,      -1.329633709,       4.559422503
          0,           0,         885,       -2.86751447,     -0.6565823839,     -0.7999431926,        2.52487369,      -1.329482436,       4.536751391
          0,           0,         886,      -2.868460051,     -0.6360425171,     -0.7938396521,       2.524007492,      -1.329138133,        4.46746535
          0,           0,         887,      -2.880163094,     -0.6463134197,     -0.7766135987,       2.511430966,      -1.328720371,       4.446308851
          0,           0,         888,      -2.868147142,     -0.6591300693,     -0.8110013925,       2.525263105,      -1.328594026,       4.458711036
          0,           0,         889,      -2.868153209,     -0.6495624197,     -0.8009604355,       2.523759253,      -1.328733037,       4.544473818
          0,           0,         890,      -2.868807148,     -0.6541690814,     -0.8061479417,       2.523011987,      -1.328357807,       4.475853698
          0,           0,         891,       -2.87296729,     -0.6527642218,     -0.7971943744,       2.518354374,       -1.32804188,       4.393497152
          0,           0,         892,      -2.870226277,     -0.6552270311,     -0.8041727976,       2.521634702,      -1.327654898,        4.42857761
          0,           0,         893,      -2.874936961,     -0.6460472958,     -0.7883649289,       2.516546479,      -1.327491292,       4.383087508
          0,           0,         894,       -2.86967479,     -0.6563852894,     -0.8202711871,       2.522399468,      -1.327042243,       4.417696839
          0,           0,         895,      -2.877065882,     -0.6403349574,     -0.8098497959,         2.5143089,      -1.326821977,       4.384612148
          0,           0,         896,      -2.881545938,       -0.64926142,     -0.8065531048,       2.510680782,        -1.3268695,       4.430675397
          0,           0,         897,      -2.864243798,     -0.6608173982,     -0.8117316128,       2.528353878,      -1.326694236,       4.419265901
          0,           0,         898,      -2.871979877,     -0.6610088486,     -0.7908813039,         2.5199947,      -1.326322458,       4.480295751
          0,           0,         899,      -2.873466792,      -0.666006532,     -0.8110979149,       2.518401347,      -1.326509527,       4.419784102
          0,           0,         900,       -2.87443073,     -0.6657618282,     -0.8112189697,       2.516767241,      -1.326493102,       4.376013383
          0,           0,         901,      -2.874747664,     -0.6698300148,     -0.8097510019,       2.517371966,       -1.32654904,       4.507975726
          0,           0,         902,      -2.871974481,     -0.6436393888,     -0.7960089766,       2.520484575,       -1.32650117,       4.482979765
          0,           0,         903,       -2.86533828,     -0.6436732006,     -0.7943698994,       2.527715507,      -1.326451729,       4.537333657
          0,           0,         904,      -2.871943756,     -0.6426829401,     -0.7948685792,        2.52047103,      -1.326262153,       4.524052044
          0,           0,         905,      -2.875577589,     -0.6323980134,     -0.7747385978,       2.517151071,      -1.325995293,       4.538268843
          0,           0,         906,      -2.868426406,     -0.6618097658,      -0.800392175,       2.525141444,      -1.325792305,        4.50737732
          0,           0,         907,      -2.873286306,     -0.6565766659,     -0.7857950364,        2.51918168,      -1.325711741,       4.488193879
          0,           0,         908,      -2.867301681,     -0.6556509127,     -0.8082357954,       2.525028169,      -1.325005251,       4.409882905
          0,           0,         909,      -2.866425738,     -0.6516115002,     -0.8169581389,       2.526088247,      -1.324761753,       4.428246143
          0,           0,         910,      -2.874698702,     -0.6289793395,     -0.7898442782,       2.518107181,      -1.325161763,       4.523374694
          0,           0,         911,      -2.866913717,     -0.6496503095,     -0.7893159441,       2.525598661,      -1.325329479,        4.53524337
          0,           0,         912,      -2.862288181,     -0.6311996083,     -0.7847860567,       2.530451418,      -1.325472801,       4.504573723
          0,           0,         913,      -2.873594013,     -0.6421074395,     -0.7754646144,       2.518804892,      -1.325284056,       4.395995054
          0,           0,         914,      -2.871715781,     -0.6572015566,     -0.7919169839,       2.521397931,      -1.324937933,       4.418097633
          0,           0,         915,      -2.868235161,     -0.6540849079,     -0.7872668762,       2.524415888,      -1.324202437,       4.417889551
          0,           0,         916,      -2.874037805,     -0.6673504056,     -0.7818746677,       2.518160718,       -1.32389737,       4.490867815
          0,           0,         917,      -2.870110758,     -0.6605152533,     -0.7937801903,       2.522321773,      -1.323598669,       4.438570197
          0,           0,         918,      -2.873685732,      -0.666197577,     -0.7842018686,       2.518635691,      -1.323862306,        4.42950967
          0,           0,         919,      -2.883316582,     -0.6713196649,     -0.7946734033,       2.508733316,       -1.32365245,       4.464819682
          0,           0,         920,      -2.879957606,      -0.657521103,     -0.7856440024,       2.511959379,      -1.323362578,       4.468300862
          0,           0,         921,      -2.874348816,     -0.6556273918,     -0.7869284335,       2.517570629,      -1.323309835,       4.491818326
          0,           0,         922,      -2.870285702,     -0.6557451262,     -0.7970417535,       2.521947296,      -1.322485212,       4.473705192
          0,           0,         923,      -2.882099606,     -0.6567877374,     -0.7876989724,       2.509807126,       -1.32256476,       4.533600803
          0,           0,         924,      -2.866235732,     -0.6644838632,     -0.8066638646,       2.527328536,      -1.322648572,       4.606063383
          0,           0,         925,      -2.864461378,      -0.650072194,     -0.7872962681,       2.527955525,      -1.322756328,       4.629106248
          0,           0,         926,      -2.859880215,     -0.6362776023,     -0.7936523715,       2.532494114,      -1.322765086,       4.550441602
          0,           0,         927,       -2.87033173,     -0.6345235832,     -0.8063670494,       2.521901883,      -1.322953507,       4.398721926
          0,           0,         928,      -2.873405347,      -0.639064018,     -0.8107182399,       2.519229383,      -1.322545529,       4.408741568
          0,           0,         929,      -2.874778742,     -0.6512885264,      -0.798631924,       2.517165738,      -1.322648854,       4.468294733
          0,           0,         930,      -2.868375308,     -0.6271185567,     -0.8075113949,        2.52423738,      -1.322362768,         4.4947755
          0,           0,         931,      -2.870203763,     -0.6231766883,     -0.8003509634,       2.522833184,      -1.322259827,       4.399039904
          0,           0,         932,      -2.887460211,     -0.6467346859,     -0.8072310721,       2.504840883,      -1.322472091,       4.497245351
          0,           0,         933,      -2.855477581,     -0.6544503702,     -0.8111360011,       2.538783134,      -1.322477463,       4.534224109
          0,           0,         934,      -2.874355207,     -0.6381900215,     -0.7750131393,       2.517400437,      -1.322432606,       4.615848425
          0,           0,         935,       -2.86371957,     -0.6567959647,     -0.7949075962,        2.53022225,      -1.322450274,       4.576761946
          0,           0,         936,      -2.874482783,     -0.6430296429,     -0.7710702076,       2.517977283,      -1.321912137,       4.516585593
          0,           0,         937,      -2.870864835,     -0.7032218255,     -0.8069784543,       2.522109935,      -1.320910684,       4.470628803
          0,           0,         938,      -2.871181146,     -0.6585222839,     -0.7825204558,       2.521274446,      -1.321238444,       4.436198966
          0,           0,         939,      -2.863874978,      -0.681275133,     -0.8086265225,       2.528344241,       -1.32095457,       4.482271826
          0,           0,         940,      -2.866986891,     -0.6512462405,     -0.7896863266,       2.526122948,      -1.321301648,       4.413067441
          0,           0,         941,      -2.878948599,     -0.6815651455,     -0.7913665059,       2.513467988,       -1.32174415,       4.465616914
          0,           0,         942,      -2.859033702,     -0.6917729764,     -0.7919141914,       2.534723698,      -1.321402825,       4.494602091
          0,           0,         943,      -2.861755503,     -0.6819289034,     -0.7878979607,        2.53103855,       -1.32092566,       4.547803799
          0,           0,         944,      -2.863773318,     -0.6648134254,     -0.7870570599,       2.529086328,      -1.320354219,       4.490809038
          0,           0,         945,      -2.869187752,     -0.6669755358,     -0.7835048205,       2.523673097,      -1.320151562,       4.372091042
          0,           0,         946,      -2.872941018,     -0.6812358594,     -0.7905670881,       2.520948952,       -1.31987264,       4.440134733
          0,           0,         947,      -2.869954861,     -0.6427391571,     -0.7641929885,       2.523570721,      -1.320051202,       4.470160038
          0,           0,         948,      -2.861090454,     -0.6746902489,     -0.7884751845,       2.532545252,      -1.319940918,       4.480345114
          0,           0,         949,      -2.870348681,     -0.6333202842,     -0.7661372595,       2.523282359,       -1.31963867,       4.430163545
          0,           0,         950,      -2.880597684,     -0.6660100577,     -0.7818396567,       2.513031823,      -1.319321828,       4.407624712
          0,           0,         951,      -2.861989975,     -0.6631869118,     -0.8172799909,        2.53283251,      -1.319379394,       4.498329326
          0,           0,         952,      -2.867741816,      -0.658255168,      -0.798038354,       2.525735821,       -1.31969583,       4.569866242
          0,           0,         953,       -2.86875706,     -0.6477474842,     -0.7869614464,       2.524001882,       -1.31950306,       4.535217528
          0,           0,         954,      -2.885372978,     -0.6592990862,      -0.790879526,       2.507491732,      -1.319119215,       4.384825293
          0,           0,         955,      -2.880232189,     -0.6791220622,     -0.8127081618,       2.513984922,      -1.319103017,       4.463632886
          0,           0,         956,      -2.878998838,     -0.6909863986,     -0.8036034818,       2.514768966,      -1.318922804,       4.510435623
          0,           0,         957,      -2.875060721,     -0.6726051798,     -0.8078248148,       2.518100357,      -1.318548305,       4.503253396
          0,           0,         958,      -2.870261002,     -0.6566498091,     -0.8023980325,        2.52391225,      -1.317915212,       4.412980309
          0,           0,         959,       -2.88587861,     -0.6454778022,     -0.7843434828,       2.507423815,       -1.31810934,       4.412815318
          0,           0,         960,      -2.862881458,     -0.6771291165,     -0.8109165335,       2.531553128,      -1.318287966,       4.480622096
          0,           0,         961,      -2.861740622,     -0.6595985798,     -0.8128557147,       2.532344965,      -1.318032801,       4.569678272
          0,           0,         962,      -2.858505799,       -0.64338159,     -0.7917644538,       2.535798008,      -1.318317151,       4.609720099
          0,           0,         963,      -2.866595725,     -0.6538352576,     -0.8044036008,       2.526823104,      -1.317849658,       4.559237818
          0,           0,         964,      -2.872925256,     -0.6598268691,     -0.8096621106,       2.522145085,      -1.317217559,       4.573749603
          0,           0,         965,       -2.87035503,     -0.6576501391,     -0.7879194077,       2.524769915,      -1.316434687,       4.568429836
          0,           0,         966,      -2.865804416,      -0.659655145,     -0.7939993326,       2.528018659,      -1.316113254,       4.515163378
          0,           0,         967,      -2.869926116,     -0.6541695969,     -0.7954003516,       2.524461099,      -1.316258133,        4.39133201
          0,           0,         968,      -2.879086341,     -0.6173585823,     -0.7712603737,       2.515459924,      -1.315852266,       4.403999843
          0,           0,         969,      -2.863938826,     -0.6588879598,     -0.8108887451,       2.531897242,      -1.316522523,       4.485148134
          0,           0,         970,      -2.863333569,     -0.6586067669,     -0.7903639529,       2.531595102,      -1.316647955,       4.568557629
          0,           0,         971,      -2.868136916,     -0.6463876306,     -0.7972925952,       2.524999327,      -1.316327299,       4.538408541
          0,           0,         972,      -2.870194282,     -0.6605865237,     -0.7892394973,       2.523748449,      -1.316369899,       4.496184011
          0,           0,         973,      -2.875687934,     -0.6778067637,     -0.7927680337,       2.518099618,      -1.315823896,       4.559073638
          0,           0,         974,      -2.871049533,     -0.6937811597,     -0.8001509865,       2.522747254,      -1.315479588,       4.582807467
          0,           0,         975,      -2.862985086,     -0.6797829277,     -0.7932784171,       2.530104255,      -1.315416415,       4.641333144
          0,           0,         976,      -2.861359707,     -0.6742032689,     -0.8037263868,       2.532455581,      -1.315212994,       4.499202486
          0,           0,         977,      -2.875213502,     -0.6648892362,     -0.7909045613,       2.517974671,      -1.315212428,       4.504413054
          0,           0,         978,      -2.861813442,     -0.6891857555,     -0.8421022613,       2.532252211,      -1.315245213,       4.477244085
          0,           0,         979,      -2.862996971,     -0.6653711491,     -0.8018285253,       2.529304526,      -1.315320543,       4.547909073
          0,           0,         980,      -2.870587248,     -0.6710726323,     -0.8319718794,       2.521537237,      -1.315328719,       4.519083988
          0,           0,         981,      -2.865941948,     -0.6755964425,     -0.8084997864,       2.527149794,      -1.315465342,       4.378610482
          0,           0,         982,      -2.878344945,     -0.6965648764,      -0.836170228,       2.514415553,      -1.315195653,       4.455814271
          0,           0,         983,       -2.86893617,     -0.6817804906,     -0.8152924482,       2.523944577,      -1.314928513,       4.467396044
          0,           0,         984,      -2.861742887,     -0.6773596162,     -0.8052698456,       2.531110791,      -1.314962065,       4.475689122
          0,           0,         985,      -2.867639855,     -0.6449092699,     -0.8112666049,       2.525394995,      -1.314705772,       4.422964172
          0,           0,         986,      -2.875864689,     -0.6688198794,     -0.7736446211,       2.516732278,      -1.314464461,       4.499236068
          0,           0,         987,      -2.862018002,     -0.6757691051,     -0.8203410327,       2.532608859,      -1.314882344,       4.556915807
          0,           0,         988,      -2.862954246,     -0.6579831599,     -0.7826462478,       2.530158783,      -1.314688497,       4.587548397
          0,           0,         989,      -2.858376841,     -0.6642575204,     -0.8091767989,       2.533996701,      -1.314199608,       4.571514825
          0,           0,         990,      -2.862918206,     -0.6601924679,     -0.7896781194,       2.529565046,      -1.313823088,       4.463290701
          0,           0,         991,      -2.871935532,     -0.6856388683,      -0.797284887,       2.521415107,      -1.313226343,       4.483179535
          0,           0,         992,      -2.860753111,     -0.6745100615,     -0.7828085357,       2.532911682,      -1.313119879,        4.42870828
          0,           0,         993,      -2.862388703,     -0.6538931279,     -0.7716046856,       2.529992381,      -1.312930926,       4.448242962
          0,           0,         994,      -2.863419466,     -0.6555978543,     -0.7954903191,       2.530197006,      -1.312512574,       4.343260465
          0,           0,         995,      -2.870894883,     -0.6530584184,     -0.7701647771,       2.521795438,      -1.311991647,       4.490368316
          0,           0,         996,      -2.865160014,     -0.6721550115,      -0.800388396,        2.52847808,      -1.312394965,       4.482790302
          0,           0,         997,      -2.855839096,     -0.6510140635,     -0.7828624569,       2.537264386,      -1.311867652,       4.505150984
          0,           0,         998,      -2.859925236,     -0.6595982632,     -0.8056080459,       2.532776596,       -1.31166099,       4.483410336
          0,           0,         999,      -2.856885755,     -0.6610895301,     -0.7977701813,       2.537027551,      -1.311531679,       4.355463727
          0,           0,        1000,      -2.868744505,     -0.6967858759,     -0.8093308028,       2.524583816,      -1.311430513,       4.414979898
          0,           0,        1001,      -2.863431191,     -0.6671074839,     -0.8061335715,       2.529735143,      -1.310883299,        4.41795554
          0,           0,        1002,       -2.85551357,     -0.6563869465,      -0.783449995,       2.537918091,      -1.310572363,       4.444560626
          0,           0,        1003,      -2.860839424,      -0.646195289,     -0.8101844897,       2.532501709,      -1.310267894,       4.428583667
          0,           0,        1004,      -2.865687207,     -0.6670334902,     -0.7965805081,        2.52704219,      -1.309991407,       4.537152081
          0,           0,        1005,       -2.86001962,     -0.6772013297,     -0.8170815401,       2.533588313,      -1.310533679,       4.568795855
          0,           0,        1006,      -2.854042239,     -0.6581934061,      -0.803520779,       2.538283325,      -1.310816981,       4.612483565
          0,           0,        1007,      -2.848866966,      -0.643823907,     -0.7866467926,        2.54528382,       -1.31098253,        4.61862461
          0,           0,        1008,      -2.855465604,      -0.647953609,     -0.7898963132,       2.537981192,      -1.311340137,       4.497550445
          0,           0,        1009,      -2.867376775,     -0.6766857413,     -0.7909504424,       2.525751363,      -1.311102225,        4.49780119
          0,           0,        1010,      -2.853880516,     -0.6308772985,     -0.7919991664,       2.540054691,       -1.31070791,       4.475876497
          0,           0,        1011,      -2.852708704,     -0.6385891134,     -0.7782145331,       2.540679769,      -1.310807677,       4.453356021
          0,           0,        1012,      -2.856961922,     -0.6206154987,     -0.8034222237,       2.536808347,      -1.310466989,       4.473331432
          0,           0,        1013,      -2.861569966,     -0.6467998945,      -0.798419268,       2.531961098,        -1.3103903,        4.53169426
          0,           0,        1014,      -2.862941126,     -0.6526191517,     -0.8267999623,       2.531157747,      -1.310547195,       4.515945164
          0,           0,        1015,      -2.852916208,     -0.6493561934,     -0.8071543691,       2.540326654,      -1.310524171,       4.560212103
          0,           0,        1016,       -2.85926787,     -0.6490287674,     -0.8010001442,       2.533328996,      -1.310080276,       4.576680084
          0,           0,        1017,      -2.858453261,     -0.6462337828,     -0.8003559392,       2.535316969,      -1.309721649,        4.46023075
          0,           0,        1018,      -2.867327923,     -0.6731615183,     -0.8131886987,       2.526150984,      -1.309119977,       4.436032856
          0,           0,        1019,      -2.861978907,     -0.6587614551,     -0.8069382948,       2.531139094,      -1.308337531,        4.41189573
          0,           0,        1020,      -2.856886846,     -0.6583786269,     -0.7991106466,       2.535842027,      -1.308069424,       4.439483071
          0,           0,        1021,      -2.855484628,     -0.6303122061,     -0.8146727398,        2.53832728,      -1.307790515,       4.419747675
          0,           0,        1022,      -2.862318043,     -0.6337221319,     -0.7800394073,       2.530714698,      -1.307628871,       4.476109938
          0,           0,        1023,      -2.862175499,     -0.6572998645,     -0.8005990386,       2.531234925,      -1.307565957,        4.36573373
          0,           0,        1024,      -2.852964336,     -0.6517657272,      -0.785640011,       2.539917791,      -1.307350224,       4.482833808
          0,           0,        1025,      -2.854583701,     -0.6310347604,     -0.7814725624,       2.538331629,      -1.307145091,       4.483058894
          0,           0,        1026,      -2.859948952,     -0.6304126319,     -0.7847557733,       2.533090441,      -1.306949499,       4.430387338
          0,           0,        1027,      -2.867607737,     -0.6608630165,     -0.8011379473,       2.525904219,      -1.306826254,       4.482123276
          0,           0,        1028,       -2.86805965,     -0.6490717389,     -0.8159081252,       2.524133564,      -1.306714215,       4.440643196
          0,           0,        1029,      -2.857624639,      -0.638846715,     -0.7972889889,       2.535257452,      -1.306538536,       4.457000568
          0,           0,        1030,      -2.863841762,     -0.6393082566,     -0.8030254368,        2.52882218,      -1.306388292,       4.441460597
          0,           0,        1031,        -2.8716162,     -0.6552663193,     -0.7986125267,        2.52085422,      -1.305955583,       4.430453023
          0,           0,        1032,      -2.867749801,     -0.6708875826,     -0.8314988227,       2.525479856,      -1.305625686,       4.515556529
          0,           0,        1033,      -2.853217708,     -0.6497516764,     -0.8052418228,       2.539986254,       -1.30541618,       4.612329188
          0,           0,        1034,      -2.856596767,     -0.6647475212,     -0.8083871727,        2.53639992,      -1.305368784,       4.523565077
          0,           0,        1035,      -2.863718134,     -0.6704664455,      -0.801293259,       2.527923106,      -1.305499293,       4.371202237
          0,           0,        1036,      -2.867559876,     -0.6662193122,     -0.8094160228,       2.525770482,      -1.305580924,       4.469416188
          0,           0,        1037,      -2.860523311,     -0.6586193911,      -0.805056026,       2.532814652,      -1.305467589,       4.483087864
          0,           0,        1038,      -2.853620312,     -0.6442112587,     -0.7778998766,       2.539091681,      -1.305452901,       4.512912395
          0,           0,        1039,      -2.857041269,     -0.6356740264,     -0.7881729318,       2.536421741,      -1.305203283,       4.459671039
          0,           0,        1040,      -2.870111411,      -0.639919058,     -0.7746593553,       2.522318764,      -1.304740682,       4.507362926
          0,           0,        1041,      -2.859137364,      -0.655953586,     -0.8257225613,       2.534717497,      -1.304525505,       4.419522332
          0,           0,        1042,      -2.862315954,     -0.6356417579,      -0.798970261,       2.530811452,      -1.303967307,       4.533794702
          0,           0,        1043,        -2.8607147,     -0.6553383517,     -0.8069923813,       2.532371041,      -1.304042281,       4.552851904
          0,           0,        1044,      -2.868453899,     -0.6438200445,     -0.8054855195,       2.524851745,      -1.303983979,       4.473938516
          0,           0,        1045,      -2.875015829,     -0.6515855376,     -0.8107386313,       2.518636051,      -1.303912375,       4.454672014
          0,           0,        1046,      -2.870484131,       -0.66545542,     -0.8259685174,       2.522812391,      -1.303832378,       4.451748797
          0,           0,        1047,      -2.864040009,     -0.6554257805,     -0.8036670256,       2.527911936,      -1.303322362,       4.495200884
          0,           0,        1048,      -2.859700109,     -0.6509043385,     -0.8173454985,       2.533798739,       -1.30251614,       4.458130555
          0,           0,        1049,      -2.874757503,     -0.6307862016,     -0.7881744848,        2.51778967,      -1.301549462,       4.465729703
          0,           0,        1050,      -2.868840922,     -0.6522927606,     -0.8250523402,       2.525312241,        -1.3010936,       4.423219037
          0,           0,        1051,       -2.86031837,     -0.6602933993,     -0.8223576078,       2.531927182,      -1.300616461,       4.503943373
          0,           0,        1052,      -2.853989194,     -0.6448182539,     -0.8024928537,       2.538217633,      -1.300728834,       4.527505934
          0,           0,        1053,      -2.863689509,     -0.6329986668,     -0.7842252639,        2.52917014,      -1.300887914,       4.271979812
          0,           0,        1054,      -2.874540026,     -0.6536501099,     -0.7846130879,       2.518044325,      -1.301058417,       4.357332206
          0,           0,        1055,      -2.868030005,     -0.6594291141,     -0.7909928254,       2.524794454,      -1.300963929,       4.432165538
          0,           0,        1056,      -2.860442242,      -0.651823267,     -0.8002766379,       2.531225332,       -1.30035163,       4.512124681
          0,           0,        1057,      -2.864250656,     -0.6408593388,      -0.805487411,        2.52830587,      -1.299992313,       4.553681754
          0,           0,        1058,      -2.865802793,     -0.6619650833,     -0.7963540409,       2.526222424,      -1.299833677,        4.48027416
          0,           0,        1059,      -2.864851832,     -0.6817283694,     -0.8291514537,       2.528196368,      -1.299451479,       4.473509735
          0,           0,        1060,      -2.862027041,     -0.6724053311,     -0.8080908914,       2.529341321,        -1.2987454,       4.556440879
          0,           0,        1061,      -2.857346107,     -0.6839918567,     -0.8094173149,       2.535384788,       -1.29826164,       4.482467843
          0,           0,        1062,      -2.874991607,     -0.6679880579,     -0.8002530112,       2.516540974,      -1.297407687,       4.310456781
          0,           0,        1063,      -2.875039994,     -0.7001117829,     -0.8287057027,       2.517926266,        -1.2967611,       4.429633788
          0,           0,        1064,      -2.865036354,     -0.6795384424,     -0.8199164565,       2.527192057,      -1.296339417,       4.497434813
          0,           0,        1065,      -2.857745114,     -0.6750614946,     -0.7997228473,       2.534655156,      -1.296571884,       4.578678899
          0,           0,        1066,      -2.870609582,     -0.6445951288,     -0.7863433555,       2.522383044,      -1.297136385,        4.58196141
          0,           0,        1067,       -2.87988689,     -0.6706874732,     -0.7841419912,       2.512887429,      -1.297576624,       4.538124078
          0,           0,        1068,      -2.872159255,     -0.6779732839,     -0.8198463943,       2.521537676,      -1.298142885,       4.557313993
          0,           0,        1069,      -2.863352397,     -0.6757373222,     -0.7904166748,        2.52943353,      -1.298230043,       4.609774646
          0,           0,        1070,        -2.8624112,     -0.6532053141,     -0.8003381196,       2.529381991,      -1.297912023,       4.600992459
          0,           0,        1071,      -2.870482785,     -0.6438956382,     -0.7628227598,       2.522015313,      -1.297689028,        4.40935428
          0,           0,        1072,      -2.880619317,     -0.6755559286,     -0.7936335465,       2.511746298,      -1.297234633,       4.406961075
          0,           0,        1073,      -2.878432337,     -0.6760412438,     -0.7797460816,       2.513529876,      -1.296944904,       4.522860584
          0,           0,        1074,       -2.86783946,     -0.6796102324,     -0.8074388588,        2.52428335,      -1.296947693,       4.611708505
          0,           0,        1075,      -2.869327732,     -0.6558690219,     -0.7997931604,       2.523229057,      -1.296791771,       4.580014121
          0,           0,        1076,      -2.874072419,     -0.6551933821,     -0.7880285731,       2.518815929,      -1.296525361,       4.563660986
          0,           0,        1077,      -2.888035286,      -0.667760763,     -0.8162624918,       2.504469146,      -1.296268561,       4.561537916
          0,           0,        1078,      -2.864318344,     -0.6597763718,     -0.8070149676,       2.528232009,      -1.296037858,       4.613397059
          0,           0,        1079,      -2.877419385,     -0.6631258705,     -0.7978124564,       2.513635299,      -1.295554874,       4.564086658
          0,           0,        1080,      -2.870383613,     -0.6543116476,     -0.8082504291,       2.522104465,      -1.294927017,       4.470925154
          0,           0,        1081,      -2.879194438,     -0.6832189807,      -0.806897086,       2.512698078,       -1.29454216,       4.361381352
          0,           0,        1082,      -2.869202366,     -0.7126225818,     -0.8378318272,       2.522961754,      -1.293935666,        4.45308075
          0,           0,        1083,      -2.866493586,      -0.649810115,     -0.8033950109,       2.525857517,      -1.293811998,       4.512396992
          0,           0,        1084,       -2.87127833,     -0.6714963788,     -0.8186711285,       2.521008181,      -1.293426312,       4.479126553
          0,           0,        1085,       -2.86384941,     -0.6520900744,     -0.7947084472,       2.529404587,      -1.292902324,       4.471253716
          0,           0,        1086,      -2.882023133,     -0.6761903253,       -0.81303318,       2.510613175,      -1.292889088,       4.439297956
          0,           0,        1087,      -2.851251831,     -0.6836525677,     -0.8088328011,       2.543270863,      -1.292574106,        4.45538201
          0,           0,        1088,      -2.863288541,      -0.682355146,     -0.7904554972,       2.529815284,      -1.292558939,       4.491170659
          0,           0,        1089,      -2.864846953,     -0.6692073337,     -0.8153461969,       2.528055136,       -1.29277073,       4.495867251
          0,           0,        1090,      -2.874170988,     -0.6685936144,     -0.8089068911,       2.518122805,      -1.292546352,       4.435877202
          0,           0,        1091,      -2.873881021,     -0.6937685871,      -0.837368461,       2.518754923,      -1.292012492,       4.467140417
          0,           0,        1092,      -2.867469594,     -0.6737382891,     -0.8033450004,       2.524917745,      -1.291740173,       4.433578334
          0,           0,        1093,      -2.866585952,     -0.7013521237,     -0.8299854026,       2.525871887,      -1.291490366,       4.440460162
          0,           0,        1094,      -2.872836324,     -0.6641196528,     -0.7915272504,       2.519531017,      -1.291236149,       4.547834866
          0,           0,        1095,      -2.876120951,     -0.7174609165,     -0.8537132293,       2.516912383,      -1.290868062,       4.586482403
          0,           0,        1096,      -2.854863007,     -0.6743249985,      -0.809850379,       2.538329515,      -1.290856631,       4.634233516
          0,           0,        1097,       -2.85573722,     -0.6713022277,     -0.7991317554,       2.537129884,       -1.29115835,       4.645686338
          0,           0,        1098,      -2.862860454,     -0.6688058479,     -0.8123710741,       2.529522728,      -1.291219293,       4.612797326
          0,           0,        1099,      -2.872660743,     -0.6762252984,     -0.8029190381,       2.521443996,      -1.291090558,       4.576081114
          0,           0,        1100,      -2.868041506,     -0.6916562874,     -0.8164516784,       2.525891699,      -1.290709549,       4.494866585
          0,           0,        1101,      -2.868248874,     -0.6762700653,     -0.7942467776,       2.524763392,      -1.290478365,       4.455563234
          0,           0,        1102,      -2.863832389,     -0.6816245016,      -0.800819026,       2.530334746,      -1.290034792,       4.520044006
          0,           0,        1103,      -2.863339313,     -0.6449248368,     -0.7914233021,        2.53016784,      -1.289851098,       4.534015552
          0,           0,        1104,      -2.877082644,     -0.6859848715,     -0.8305077425,       2.517025235,       -1.28974511,       4.541296939
          0,           0,        1105,      -2.856564166,     -0.6792384425,     -0.8246158318,       2.537657992,      -1.289625986,       4.587534642
          0,           0,        1106,      -2.861309515,     -0.6555442588,     -0.7961229302,        2.53216271,       -1.28910645,       4.611834009
          0,           0,        1107,      -2.867738849,     -0.6493783157,     -0.8166745029,        2.52623443,      -1.288598926,        4.52527667
          0,           0,        1108,      -2.868017726,     -0.6732188234,     -0.8145329853,       2.524557868,      -1.288189127,       4.409174902
          0,           0,        1109,      -2.875674984,     -0.6799416042,     -0.8325132156,       2.517154991,      -1.287517965,       4.451007431
          0,           0,        1110,      -2.865208051,     -0.6495230149,     -0.8023748751,       2.528016543,      -1.287075388,        4.44700965
          0,           0,        1111,      -2.867196471,     -0.6920464509,     -0.8121716714,        2.52562333,      -1.287024483,       4.410503857
          0,           0,        1112,      -2.864087749,     -0.6436358382,     -0.8001718146,       2.528874158,      -1.286654278,       4.458936336
          0,           0,        1113,      -2.872627905,     -0.6863087768,      -0.810460777,       2.521367508,       -1.28657544,       4.425714861
          0,           0,        1114,      -2.861849387,     -0.6765338829,     -0.8091829328,       2.532648733,       -1.28664366,       4.481405926
          0,           0,        1115,      -2.866162882,       -0.67065912,     -0.8008907239,       2.527296265,      -1.286530047,       4.514201873
          0,           0,        1116,      -2.870195668,     -0.6625595781,     -0.8159019376,       2.522939519,      -1.286286519,       4.517878412
          0,           0,        1117,      -2.877959887,     -0.6736992727,      -0.804912834,       2.514461548,      -1.286068608,       4.467495857
          0,           0,        1118,      -2.881447264,     -0.6873265954,     -0.8172806229,       2.511033171,      -1.285579087,        4.37132278
          0,           0,        1119,      -2.875756349,     -0.7022230609,     -0.8273011291,       2.516851911,      -1.284875044,       4.427173298
          0,           0,        1120,      -2.878302197,     -0.6796448657,     -0.8256385579,       2.513598152,      -1.284342962,       4.507002205
          0,           0,        1121,      -2.859473532,     -0.6579850856,     -0.8138693863,       2.533722403,      -1.283555451,       4.479358154
          0,           0,        1122,      -2.879159081,     -0.6643918286,     -0.7974607014,       2.513112061,      -1.283257366,        4.54183957
          0,           0,        1123,      -2.860560963,     -0.6868190875,     -0.8235377064,        2.53313262,      -1.283720702,       4.581730199
          0,           0,        1124,      -2.863180073,     -0.6762068099,      -0.800884412,       2.529228179,      -1.284161984,        4.59026153
          0,           0,        1125,        -2.8713818,     -0.6687215452,     -0.8350571156,       2.521057304,       -1.28423619,       4.577739478
          0,           0,        1126,      -2.860636534,     -0.6638260365,     -0.7958468443,        2.53242414,      -1.284192141,       4.505808422
          0,           0,        1127,      -2.870630266,      -0.702640164,     -0.8216540084,       2.522292127,      -1.283911451,        4.38054952
          0,           0,        1128,      -2.856748892,     -0.6786267441,     -0.8148413954,       2.536469769,      -1.283538796,       4.424743219
          0,           0,        1129,      -2.859167972,     -0.6911936746,     -0.8098749797,       2.533748854,      -1.283239604,       4.443729935
          0,           0,        1130,      -2.854797748,     -0.6494426112,     -0.8222138453,       2.538728855,       -1.28297089,       4.457900923
          0,           0,        1131,      -2.880510664,      -0.678294283,     -0.8115617677,        2.51200504,      -1.282655116,       4.493015726
          0,           0,        1132,      -2.865451446,     -0.6876475575,     -0.8485985116,       2.528949457,      -1.282200065,       4.515323081
          0,           0,        1133,      -2.869696279,     -0.6613097397,     -0.8145201524,       2.522704722,      -1.281752179,       4.556201447
          0,           0,        1134,      -2.868680674,     -0.6623445295,      -0.837340389,       2.523875614,      -1.281592034,       4.553851497
          0,           0,        1135,      -2.867377321,     -0.6543775784,      -0.802450309,       2.525227568,      -1.281488312,       4.439679302
          0,           0,        1136,       -2.87930176,     -0.6814697833,     -0.8363183058,       2.513343108,      -1.281247687,       4.381807943
          0,           0,        1137,      -2.875123125,     -0.6505818083,     -0.8020500881,       2.517380353,      -1.281012044,       4.409117731
          0,           0,        1138,      -2.868815457,     -0.6679470609,     -0.8238682105,       2.523601878,      -1.280613255,       4.452106971
          0,           0,        1139,      -2.864445412,     -0.6415585622,     -0.8167715375,       2.528825171,       -1.28007538,       4.375640029
          0,           0,        1140,      -2.880101148,     -0.6424248018,     -0.7856440776,       2.511442162,      -1.279245223,       4.443384857
          0,           0,        1141,      -2.880534711,     -0.6557493131,     -0.8167980188,        2.51241135,      -1.278875426,       4.414059283
          0,           0,        1142,      -2.860114946,     -0.6554982654,     -0.8064124219,       2.532635513,      -1.278477201,       4.521813431
          0,           0,        1143,      -2.859978776,     -0.6492915975,     -0.7962702569,       2.532578614,      -1.278209652,       4.544570655
          0,           0,        1144,      -2.856881449,     -0.6582892463,     -0.7991112382,       2.536264293,      -1.278097837,       4.451938138
          0,           0,        1145,      -2.870599442,     -0.6584574382,     -0.8065191969,       2.523336196,      -1.278067047,       4.476864343
          0,           0,        1146,      -2.866174957,     -0.6689642519,     -0.8110793449,       2.527204893,      -1.277908337,       4.485497115
          0,           0,        1147,      -2.856575023,     -0.6569470465,      -0.799670243,       2.536119423,       -1.27785122,       4.500270153
          0,           0,        1148,      -2.868872244,     -0.6365644066,     -0.8049606008,       2.524053054,      -1.277437699,       4.383777422
          0,           0,        1149,      -2.874967363,     -0.6398027257,     -0.7997351933,       2.517369163,      -1.277020266,       4.414697816
          0,           0,        1150,      -2.871547689,     -0.6490528501,     -0.8328693159,        2.52224338,       -1.27655275,       4.415880209
          0,           0,        1151,      -2.849902855,      -0.652222658,     -0.8208807292,       2.543269302,      -1.276111274,       4.527104627
          0,           0,        1152,      -2.860916972,      -0.635639792,      -0.819941647,       2.530758197,      -1.275432384,          4.548067
          0,           0,        1153,       -2.85480032,     -0.6469340357,       -0.80697105,        2.53870034,      -1.275334023,       4.541010834
          0,           0,        1154,      -2.868355582,     -0.6692066713,     -0.8214805874,       2.525177879,      -1.275352311,       4.620059411
          0,           0,        1155,      -2.858468406,     -0.6528576965,     -0.8325745571,       2.534774655,        -1.2755464,       4.642749766
          0,           0,        1156,      -2.853433549,     -0.6397225076,     -0.7935448577,       2.539851124,      -1.275764547,       4.627920983
          0,           0,        1157,      -2.864757447,     -0.6276894326,     -0.8131838552,       2.527973256,      -1.275635094,       4.542626377
          0,           0,        1158,      -2.871609755,     -0.6459586635,     -0.7966877434,       2.521512149,      -1.275322067,       4.455147031
          0,           0,        1159,      -2.861352073,     -0.6683416521,     -0.8149842639,       2.532414132,      -1.275068903,       4.465674902
          0,           0,        1160,      -2.852148165,     -0.6387973303,     -0.8085752886,       2.540956079,      -1.274794153,       4.565545713
          0,           0,        1161,      -2.852472773,     -0.6571399888,     -0.8132330311,       2.541332955,      -1.274586436,       4.505570455
          0,           0,        1162,      -2.866410905,     -0.6576939965,     -0.8295966892,       2.525088856,      -1.274484719,       4.495572618
          0,           0,        1163,      -2.866094402,     -0.6614138173,     -0.8190552071,       2.527292998,      -1.274015467,       4.530526818
          0,           0,        1164,      -2.859532569,     -0.6547789917,     -0.8388567653,       2.533129863,       -1.27343165,       4.470275945
          0,           0,        1165,      -2.855370804,     -0.6482331008,     -0.8011277989,       2.536540028,      -1.272993359,       4.489578976
          0,           0,        1166,      -2.853953996,     -0.6428715997,     -0.8217384786,       2.539241666,      -1.272228925,       4.417153088
          0,           0,        1167,      -2.870123451,     -0.6425881747,     -0.7950735276,       2.521660651,      -1.271699285,         4.4412135
          0,           0,        1168,      -2.857723441,     -0.6691932405,     -0.8372850681,       2.535334294,      -1.271530517,       4.452568933
          0,           0,        1169,      -2.855663684,     -0.6343248638,      -0.799331136,       2.536550117,      -1.271115811,        4.50538867
          0,           0,        1170,      -2.855373715,     -0.6535279215,     -0.8044059088,       2.537728855,       -1.27091375,       4.431867508
          0,           0,        1171,      -2.865832887,     -0.6325206312,      -0.805898863,       2.526966919,      -1.270837096,       4.323036071
          0,           0,        1172,      -2.866889803,     -0.6629956877,     -0.8064512743,       2.526215824,      -1.270640076,       4.433668622
          0,           0,        1173,      -2.858351267,     -0.6470371999,       -0.81607484,       2.534793872,      -1.270554898,       4.452045558
          0,           0,        1174,      -2.861784413,     -0.6421188937,     -0.7970408838,       2.530371013,      -1.270404975,       4.474806025
          0,           0,        1175,      -2.863337533,     -0.6433960736,      -0.818802647,       2.529774097,      -1.270013228,       4.436565836
          0,           0,        1176,      -2.870109013,     -0.6623684738,     -0.7981074663,        2.52333812,      -1.269589209,       4.364621505
          0,           0,        1177,       -2.86090094,     -0.6774794443,     -0.8376980007,       2.532160658,      -1.269254018,       4.450056896
          0,           0,        1178,      -2.853365724,     -0.6552937778,     -0.8061889319,       2.538745856,      -1.268630834,       4.519594192
          0,           0,        1179,      -2.857360017,     -0.6705010382,     -0.8057689592,       2.535435131,      -1.268356843,       4.450968252
          0,           0,        1180,      -2.867910017,     -0.6648565192,     -0.8061205555,       2.523715201,      -1.268300055,       4.352716792
          0,           0,        1181,      -2.862231705,     -0.6751040607,     -0.8343934098,       2.531135987,      -1.268400311,       4.477231088
          0,           0,        1182,      -2.861586437,     -0.6599276931,     -0.8170393522,       2.530795799,      -1.268338793,       4.504864064
          0,           0,        1183,      -2.857542388,     -0.6434195683,     -0.8030457707,        2.53467224,      -1.268272167,       4.535259029
          0,           0,        1184,      -2.868268767,     -0.6372301747,     -0.8240849743,       2.524493352,       -1.26805841,        4.44937077
          0,           0,        1185,      -2.869246672,     -0.6410671784,     -0.8014830765,       2.523452844,      -1.267853895,       4.468196531
          0,           0,        1186,      -2.854316896,     -0.6498547003,     -0.8427199754,       2.539700805,      -1.267650862,       4.456777856
          0,           0,        1187,      -2.858358907,     -0.6390100189,      -0.810271613,       2.534065019,      -1.267364469,         4.5338396
          0,           0,        1188,      -2.863118607,     -0.6398558492,     -0.8289430373,       2.529729611,       -1.26704025,       4.501846884
          0,           0,        1189,      -2.873560251,     -0.6472662287,     -0.8200283193,       2.518988577,      -1.266812834,       4.420482065
          0,           0,        1190,      -2.869466464,     -0.6586972638,      -0.818973867,       2.523330449,      -1.266593769,       4.460222046
          0,           0,        1191,      -2.867314341,     -0.6316625735,     -0.8113183492,       2.525291258,      -1.266222289,       4.457021414
          0,           0,        1192,      -2.861776265,     -0.6302718962,     -0.7920012829,       2.530660437,      -1.265823915,       4.498168561
          0,           0,        1193,      -2.864239397,     -0.6307752633,      -0.820040054,       2.528586834,      -1.265294375,       4.437365089
          0,           0,        1194,      -2.870540483,     -0.6312092728,     -0.7945490689,       2.521192392,      -1.264770962,       4.430264436
          0,           0,        1195,      -2.866286203,     -0.6479093481,     -0.8299864265,       2.526760514,      -1.264347945,       4.420061831
          0,           0,        1196,      -2.860136081,     -0.6539322037,     -0.8142192272,       2.532105648,      -1.263877496,       4.473187719
          0,           0,        1197,      -2.856101326,     -0.6475615728,      -0.812787903,       2.537335787,      -1.263590249,       4.448191311
          0,           0,        1198,      -2.872241368,     -0.6648315955,     -0.8112608974,       2.519534853,      -1.263240801,       4.287259682
          0,           0,        1199,      -2.871824961,     -0.6695169269,      -0.804890492,       2.520724787,      -1.262912505,       4.429787703
          0,           0,        1200,      -2.863638196,      -0.655340725,     -0.7979767338,       2.528951457,      -1.262718857,       4.491915244
          0,           0,        1201,      -2.861190381,     -0.6521825927,     -0.8047197932,       2.531575322,      -1.262557781,        4.52559499
          0,           0,        1202,      -2.862722077,      -0.644445804,     -0.7999148341,        2.52988578,      -1.262178205,       4.600210417
          0,           0,        1203,      -2.861035064,     -0.6499483965,     -0.7955412125,       2.532027778,      -1.261708047,        4.52886885
          0,           0,        1204,      -2.870590393,     -0.6562901753,      -0.811576037,       2.521803324,      -1.261531138,       4.542792344
          0,           0,        1205,        -2.8629507,     -0.6599619054,     -0.8093292193,       2.528162559,      -1.261024797,       4.575074206
          0,           0,        1206,      -2.864767639,     -0.6568793903,      -0.802830793,       2.527685467,      -1.260621765,        4.46593054
          0,           0,        1207,      -2.876825369,     -0.6693127563,     -0.8107825091,       2.514596389,      -1.260033066,       4.338096703
          0,           0,        1208,      -2.866209778,     -0.6617360376,     -0.8233567983,       2.527252689,      -1.259920383,       4.419662621
          0,           0,        1209,      -2.869609583,     -0.6550329768,     -0.8240872774,       2.523318017,      -1.259865357,       4.516143773
          0,           0,        1210,      -2.865002185,     -0.6426313199,     -0.7995637187,       2.528014685,      -1.259928147,       4.598259196
          0,           0,        1211,      -2.868471348,     -0.6368139318,      -0.819132871,       2.524540033,      -1.259856961,       4.580235342
          0,           0,        1212,      -2.873956052,     -0.6381309605,     -0.7948617579,       2.518562399,      -1.259643314,       4.608985191
          0,           0,        1213,      -2.866201629,     -0.6497526883,     -0.8329052001,       2.526795279,      -1.259475408,       4.550221389
          0,           0,        1214,      -2.864323536,     -0.6457895245,     -0.8024104798,       2.527865262,      -1.259183856,       4.547371734
          0,           0,        1215,      -2.865638949,     -0.6361997021,     -0.8010254204,       2.526514446,      -1.258911935,       4.440833931
          0,           0,        1216,      -2.861600567,     -0.6435482763,      -0.814202422,       2.531774986,      -1.258524706,        4.34020851
          0,           0,        1217,      -2.873529335,     -0.6367258039,      -0.805709157,       2.519585595,      -1.258247108,       4.428795109
          0,           0,        1218,      -2.867728681,     -0.6274707091,     -0.8172439373,       2.525632262,      -1.257902681,       4.469521434
          0,           0,        1219,      -2.860966712,     -0.6240380646,     -0.8102836018,       2.532178819,      -1.257654853,       4.535019491
          0,           0,        1220,      -2.869888436,     -0.6184755365,     -0.8188444396,        2.52306576,      -1.257184735,       4.532028257
          0,           0,        1221,      -2.869062589,     -0.6249367329,     -0.7840741765,       2.523630976,      -1.256829175,       4.454215097
          0,           0,        1222,      -2.864180616,     -0.6457857707,     -0.8279460516,       2.528345035,      -1.256086003,         4.5156847
          0,           0,        1223,      -2.865049091,     -0.6453541712,     -0.8084584063,       2.527513377,      -1.255391763,        4.53657446
          0,           0,        1224,      -2.869682024,     -0.6629865464,     -0.8321803491,       2.522399035,      -1.254740637,       4.466670416
          0,           0,        1225,       -2.87077579,     -0.6667844475,      -0.819028844,       2.522386673,      -1.254209224,       4.427183759
          0,           0,        1226,      -2.877082543,     -0.6683318597,     -0.8168477437,       2.515318222,      -1.254032873,       4.456838315
          0,           0,        1227,      -2.864005856,     -0.6580674778,     -0.8182437926,       2.528342635,      -1.253673553,       4.473898012
          0,           0,        1228,      -2.866310132,     -0.6693567883,      -0.813091263,        2.52629218,      -1.253703075,       4.494400779
          0,           0,        1229,      -2.863567104,     -0.6587605135,     -0.8180735631,       2.529769298,      -1.253462557,       4.448016337
          0,           0,        1230,      -2.884125748,     -0.6660514237,     -0.8085425272,       2.508415886,       -1.25305536,       4.383358937
          0,           0,        1231,      -2.865536257,     -0.6798410219,     -0.8463928104,       2.526601533,      -1.252541174,       4.497405709
          0,           0,        1232,      -2.856259686,     -0.6648381767,     -0.8226313818,       2.536477364,      -1.252341067,       4.548503921
          0,           0,        1233,      -2.864958851,     -0.6429786828,     -0.8128334756,       2.527891503,      -1.252139752,       4.535563999
          0,           0,        1234,      -2.866355108,     -0.6459533156,     -0.8124731734,       2.526756811,      -1.251966061,       4.534253913
          0,           0,        1235,      -2.862888016,     -0.6376173523,     -0.8358483315,       2.529504668,      -1.251761589,       4.515898179
          0,           0,        1236,      -2.858201072,     -0.6383718338,     -0.8132570036,       2.535262053,      -1.251411801,       4.436423376
          0,           0,        1237,      -2.858532546,     -0.6168235041,     -0.8288628017,       2.534065941,      -1.250994914,       4.468104251
          0,           0,        1238,      -2.869687616,     -0.6217323968,     -0.8027936872,       2.523056254,       -1.25053606,       4.346892829
          0,           0,        1239,      -2.859890048,     -0.6317419688,      -0.822490341,       2.534718502,      -1.250291524,       4.434607795
          0,           0,        1240,      -2.857370089,     -0.6228565291,     -0.8196098386,       2.535934611,      -1.249741348,       4.612726541
          0,           0,        1241,      -2.847605688,     -0.6302488351,     -0.8128334958,       2.547146274,      -1.249435267,       4.632784887
          0,           0,        1242,      -2.865124766,     -0.6392638752,      -0.813379628,       2.528816551,      -1.249562481,       4.519083356
          0,           0,        1243,      -2.869509301,     -0.6550704254,     -0.8034194181,       2.523921401,      -1.249280065,       4.506742051
          0,           0,        1244,      -2.858700155,     -0.6431768675,     -0.8113730045,       2.535515426,      -1.248879226,       4.454142476
          0,           0,        1245,       -2.85998932,     -0.6466330734,     -0.7953295328,       2.532639053,      -1.248353915,        4.52198262
          0,           0,        1246,      -2.849472729,     -0.6334687882,     -0.7996193388,       2.544424586,      -1.248044325,       4.582236949
          0,           0,        1247,      -2.864383864,     -0.6301108596,     -0.7820747055,       2.529489202,      -1.247627877,       4.458715915
          0,           0,        1248,      -2.862237827,     -0.6613089622,     -0.8357694359,       2.532385452,       -1.24731885,       4.459230507
          0,           0,        1249,       -2.86223314,     -0.6545088817,     -0.7964708341,       2.531047108,      -1.247146078,       4.579865584
          0,           0,        1250,      -2.855175084,     -0.6506508393,     -0.8142490253,       2.537550128,      -1.246727674,       4.556976437
          0,           0,        1251,       -2.87156591,     -0.6549409487,     -0.8065495737,       2.521438242,      -1.246207033,       4.438157378
          0,           0,        1252,      -2.869859978,     -0.6489906421,     -0.7955225923,       2.523381044,      -1.245280492,       4.429214329
          0,           0,        1253,      -2.871854457,      -0.645668944,     -0.8156583123,       2.521211698,      -1.244571084,       4.467423346
          0,           0,        1254,      -2.863681287,     -0.6446783867,     -0.7897676641,       2.529287204,      -1.244024926,       4.515545837
          0,           0,        1255,      -2.866888576,     -0.6269187521,     -0.8013592258,       2.525462691,      -1.243654142,        4.53339028
          0,           0,        1256,      -2.879035659,     -0.6414837027,     -0.7707045556,       2.512879354,      -1.243930242,       4.386063412
          0,           0,        1257,      -2.870637443,     -0.6480922374,     -0.8179411653,       2.521620679,       -1.24386674,       4.368382552
          0,           0,        1258,      -2.868225727,     -0.6514206793,     -0.7900476878,       2.522926501,      -1.243634422,       4.494665745
          0,           0,        1259,      -2.863265921,     -0.6581873899,     -0.8098250147,       2.528239359,      -1.243511091,       4.475925691
          0,           0,        1260,      -2.872595437,     -0.6413446267,     -0.7867209481,        2.51954337,      -1.242921801,        4.30960027
          0,           0,        1261,      -2.871202703,     -0.6577604198,     -0.8068272615,       2.521528122,      -1.242685142,       4.510109236
          0,           0,        1262,       -2.85943328,     -0.6516210073,     -0.8110163312,       2.534143177,      -1.242432826,       4.570139644
          0,           0,        1263,      -2.857313757,     -0.6535062755,     -0.8032573559,        2.53611994,        -1.2420532,       4.604209068
          0,           0,        1264,      -2.863468081,     -0.6245662362,     -0.7875876409,       2.530015169,      -1.241691538,       4.601433176
          0,           0,        1265,      -2.866306023,     -0.6536050059,     -0.7890683933,        2.52724958,      -1.241152573,        4.43376365
          0,           0,        1266,      -2.864267002,     -0.6478555941,     -0.8188028626,       2.529603067,      -1.240741865,       4.512598375
          0,           0,        1267,      -2.863776782,     -0.6693011921,     -0.8200856579,       2.528960176,      -1.240113455,       4.549115134
          0,           0,        1268,       -2.85653699,     -0.6416498366,     -0.8039195605,       2.537214956,      -1.239764535,        4.54351536
          0,           0,        1269,      -2.872712583,     -0.6513807598,     -0.8005931953,       2.519468616,      -1.239843524,       4.452454935
          0,           0,        1270,      -2.869703394,     -0.6659507017,     -0.8261421904,       2.524075212,      -1.239743916,       4.502189132
          0,           0,        1271,      -2.868021523,     -0.6589672209,     -0.8134640076,       2.525237992,      -1.239700861,       4.552155984
          0,           0,        1272,      -2.864507271,     -0.6502035945,     -0.7977046714,       2.528245598,      -1.239322439,        4.59164372
          0,           0,        1273,      -2.869632859,     -0.6459869666,     -0.7945871081,       2.523269723,       -1.23874688,       4.480456361
          0,           0,        1274,      -2.876733444,     -0.6471569622,     -0.7869390232,        2.51497482,      -1.238162286,        4.45530597
          0,           0,        1275,      -2.857942895,     -0.6503637249,     -0.8086069779,       2.536137912,      -1.237836571,       4.444205344
          0,           0,        1276,      -2.856152785,      -0.649879163,     -0.7971278475,       2.536656651,      -1.237462232,        4.51775659
          0,           0,        1277,      -2.863080145,     -0.6513448129,     -0.7864563811,        2.52902747,      -1.237188092,       4.479865778
          0,           0,        1278,      -2.869959986,     -0.6566555115,     -0.7916084165,       2.523427129,       -1.23698835,       4.403694134
          0,           0,        1279,      -2.872054106,     -0.6529956879,     -0.8079426013,       2.520428548,      -1.236622364,       4.460094533
          0,           0,        1280,      -2.868341705,     -0.6431159699,     -0.7991750706,       2.523857235,      -1.236209163,       4.488354289
          0,           0,        1281,      -2.868771654,      -0.650472402,     -0.7953486692,       2.523420108,      -1.235632708,       4.488262521
          0,           0,        1282,       -2.87163774,     -0.6367215051,     -0.8058655601,        2.52077264,      -1.235031725,        4.45302649
          0,           0,        1283,      -2.883033818,     -0.6697113131,     -0.8003163685,       2.509327887,      -1.234662058,       4.455236827
          0,           0,        1284,      -2.869352982,     -0.6556687729,     -0.8280281892,        2.52352025,      -1.234267308,       4.524261696
          0,           0,        1285,      -2.871199247,     -0.6653353496,     -0.8158015267,       2.520359201,      -1.234124047,       4.596158243
          0,           0,        1286,      -2.869278916,     -0.6602321989,     -0.8032097208,       2.522488088,      -1.234153747,       4.517893522
          0,           0,        1287,      -2.878182437,     -0.6725279078,     -0.8155096009,        2.51303115,       -1.23378499,       4.368636063
          0,           0,        1288,       -2.87418065,     -0.6686890428,     -0.7952735997,       2.518795628,      -1.233185773,       4.424480449
          0,           0,        1289,      -2.864690619,     -0.6586012776,     -0.8108789869,       2.528660031,      -1.232691724,       4.483305255
          0,           0,        1290,      -2.875319489,     -0.6505235914,     -0.7967372769,       2.516838987,      -1.232105295,        4.48548779
          0,           0,        1291,      -2.865459602,     -0.6516509607,     -0.7971580139,       2.528375973,      -1.231409618,       4.488203642
          0,           0,        1292,      -2.875940071,      -0.636785128,     -0.7804485276,        2.51718523,      -1.230997659,       4.586819405
          0,           0,        1293,      -2.858262273,     -0.6582887069,      -0.826415769,       2.536033367,      -1.230772191,       4.574609952
          0,           0,        1294,      -2.862928642,     -0.6386239883,     -0.7841377171,        2.52981619,      -1.230473943,       4.579826804
          0,           0,        1295,      -2.873818375,     -0.6540390654,     -0.8013844998,       2.518724781,      -1.230055984,        4.49927927
          0,           0,        1296,      -2.866401751,     -0.6488521415,     -0.7952654848,       2.526878109,      -1.229808225,       4.391531275
          0,           0,        1297,      -2.871579273,     -0.6699417671,      -0.808587372,       2.521468547,       -1.22913774,       4.464232106
          0,           0,        1298,      -2.864584337,     -0.6383542202,     -0.7908612697,        2.52834476,        -1.2290478,       4.526076296
          0,           0,        1299,      -2.864355553,     -0.6502985318,     -0.8039992602,       2.528702951,      -1.228784985,       4.551417467
          0,           0,        1300,      -2.857029045,     -0.6436139046,     -0.8002342074,       2.536637765,      -1.228711014,       4.530403887
          0,           0,        1301,      -2.883675953,     -0.6431038537,      -0.780186452,       2.507922135,      -1.228507736,       4.586288519
          0,           0,        1302,      -2.857451541,     -0.6739117859,     -0.8058492666,       2.536734542,      -1.228179418,        4.57003722
          0,           0,        1303,      -2.870695342,     -0.6563921259,     -0.7858766484,       2.520992774,      -1.227673705,       4.559229037
          0,           0,        1304,      -2.866589179,     -0.6388205487,     -0.8078899348,       2.525622935,      -1.227384777,       4.471607972
          0,           0,        1305,      -2.864712676,     -0.6514844087,     -0.8014241956,       2.527809407,      -1.226852391,        4.39934835
          0,           0,        1306,      -2.868519117,     -0.6438192329,     -0.8094072487,       2.524788214,      -1.226691969,       4.479895293
          0,           0,        1307,      -2.866812809,     -0.6384916529,     -0.7877342374,       2.525335797,      -1.226584158,       4.485340923
          0,           0,        1308,      -2.867344684,     -0.6421868266,     -0.7941465682,       2.525226455,      -1.226080207,       4.490545664
          0,           0,        1309,      -2.872169152,     -0.6192155382,     -0.7833797863,        2.52062176,      -1.225728179,       4.441880835
          0,           0,        1310,      -2.880073597,     -0.6414740106,     -0.7967540714,       2.512827909,       -1.22514746,       4.420515133
          0,           0,        1311,      -2.865891145,     -0.6483076836,      -0.813230858,       2.528434584,      -1.224653722,       4.473022826
          0,           0,        1312,      -2.883950406,      -0.630314587,       -0.78421785,       2.507739468,      -1.224293863,       4.602535006
          0,           0,        1313,      -2.871908144,     -0.6608656443,     -0.8202313089,       2.521620183,      -1.223948171,       4.630281025
          0,           0,        1314,      -2.880069594,      -0.635735375,     -0.7912274386,        2.51236099,      -1.223648799,       4.571685669
          0,           0,        1315,      -2.878929394,     -0.6674518523,     -0.8103453832,       2.515138064,      -1.223211106,         4.5566523
          0,           0,        1316,      -2.869323138,     -0.6400919585,     -0.8019316917,       2.523989697,      -1.222875878,       4.472546465
          0,           0,        1317,      -2.867651897,     -0.6516693122,     -0.7983877838,       2.526273919,      -1.222514842,       4.448555561
          0,           0,        1318,      -2.867226568,     -0.6392793112,     -0.8049940066,       2.526436374,      -1.222255701,       4.447883735
          0,           0,        1319,      -2.869648913,     -0.6523109537,     -0.7991890123,       2.524986359,      -1.221966367,       4.460413841
          0,           0,        1320,      -2.869638172,      -0.666537804,     -0.8247690479,       2.524897464,      -1.221777669,       4.527378666
          0,           0,        1321,      -2.856943813,       -0.66011204,     -0.8011659228,       2.537642541,      -1.221345116,       4.675077008
          0,           0,        1322,      -2.868316999,     -0.6513773884,     -0.8187615385,       2.524866376,      -1.220957261,       4.647642667
          0,           0,        1323,      -2.871717434,     -0.6575133372,     -0.8029620711,       2.521778681,      -1.220400193,       4.613545414
          0,           0,        1324,      -2.871539647,     -0.6589236166,     -0.7930493741,       2.522072768,      -1.219458767,       4.604651275
          0,           0,        1325,       -2.87092211,     -0.6415108499,     -0.7935687957,       2.522915136,      -1.218736663,       4.496679779
          0,           0,        1326,      -2.855929021,     -0.6717600591,     -0.8008919149,       2.538592128,      -1.218409913,       4.494985676
          0,           0,        1327,      -2.865287427,      -0.628973117,     -0.7850065274,        2.52818636,      -1.217930053,       4.420877689
          0,           0,        1328,      -2.878596958,     -0.6460145746,     -0.7696644338,       2.515747527,      -1.217841318,       4.469156446
          0,           0,        1329,      -2.865674029,     -0.6364143565,     -0.7746547374,       2.530471274,      -1.217568107,        4.46826639
          0,           0,        1330,      -2.862955737,     -0.6522628939,     -0.7714634697,       2.531360595,      -1.216979026,       4.561531279
          0,           0,        1331,      -2.852048447,     -0.6215332491,     -0.7730186827,       2.543046541,      -1.216715402,       4.582739525
          0,           0,        1332,      -2.866275841,     -0.6515578091,     -0.7958548295,       2.528458209,      -1.216288234,       4.436166386
          0,           0,        1333,      -2.878127441,     -0.6422128359,     -0.7821309895,       2.515489527,      -1.215777583,       4.443699711
          0,           0,        1334,      -2.864605674,     -0.6796609944,     -0.8018339381,       2.530316724,      -1.215549678,       4.427533748
          0,           0,        1335,      -2.864380907,     -0.6608621889,     -0.7802052605,       2.528611189,      -1.215360571,       4.522859183
          0,           0,        1336,      -2.861413346,     -0.6781881198,     -0.7889322244,       2.531773511,      -1.215030215,       4.518553726
          0,           0,        1337,      -2.869179009,     -0.6503629932,     -0.7825339898,        2.52377752,      -1.214580536,         4.4587343
          0,           0,        1338,      -2.877564653,     -0.6812349585,     -0.8053040432,       2.515950641,      -1.214336315,       4.467323502
          0,           0,        1339,      -2.864775421,     -0.6734640829,     -0.8111561365,       2.528578909,      -1.213862031,       4.516386203
          0,           0,        1340,      -2.861581276,     -0.6498890186,     -0.8108970352,       2.530579896,      -1.213459805,       4.531446958
          0,           0,        1341,      -2.870992281,     -0.6580627511,     -0.7912479237,       2.521720048,      -1.213361446,        4.48334591
          0,           0,        1342,      -2.887779132,     -0.6514384609,     -0.7958757668,        2.50453514,      -1.213139629,        4.47078752
          0,           0,        1343,      -2.881316635,     -0.6873859009,     -0.8248000903,       2.511175098,      -1.212713292,       4.483306273
          0,           0,        1344,      -2.877796566,     -0.6399475786,     -0.7766894703,       2.514346655,      -1.212705948,       4.515966859
          0,           0,        1345,      -2.872736196,     -0.6797241218,     -0.8194204071,       2.519721535,       -1.21215314,       4.470625219
          0,           0,        1346,      -2.879160586,     -0.6142710894,     -0.7809961435,       2.513389586,      -1.211729571,        4.47987246
          0,           0,        1347,      -2.891882206,     -0.6781519088,     -0.8061949576,       2.500882671,       -1.21117398,       4.482187105
          0,           0,        1348,      -2.876815553,     -0.6858307205,     -0.8258288138,       2.517014682,      -1.210987788,       4.516323052
          0,           0,        1349,      -2.873704991,     -0.6609691978,     -0.8009013097,       2.520025706,      -1.210689112,       4.547875393
          0,           0,        1350,       -2.87634512,     -0.6622443948,     -0.8244696326,       2.516353641,      -1.210367276,        4.55695927
          0,           0,        1351,      -2.872161073,     -0.6754487242,     -0.8086991142,       2.521000108,      -1.209883577,       4.529946268
          0,           0,        1352,      -2.880267681,     -0.6848532498,      -0.841659412,       2.513155203,      -1.209261432,       4.417165742
          0,           0,        1353,      -2.869513881,     -0.6917773728,     -0.8373261917,       2.524076268,      -1.208946845,       4.425576276
          0,           0,        1354,      -2.876887446,      -0.675798117,     -0.8264696393,        2.51552329,      -1.208290404,       4.419296773
          0,           0,        1355,      -2.862837283,      -0.664437944,      -0.806160289,       2.530295994,      -1.208140656,       4.366571851
          0,           0,        1356,      -2.876103043,     -0.6687765103,     -0.8116031072,       2.516674172,      -1.207751879,       4.431433176
          0,           0,        1357,      -2.857648776,     -0.6689516985,     -0.8013943436,       2.535803414,      -1.207194621,       4.480118517
          0,           0,        1358,      -2.852338751,     -0.6534000737,     -0.7954897124,       2.540920949,      -1.206772464,        4.45202601
          0,           0,        1359,      -2.868007397,     -0.6549068942,     -0.8189789296,       2.524974851,      -1.206580562,       4.358841473
          0,           0,        1360,      -2.870995923,     -0.6593810806,     -0.8167953785,       2.521739377,      -1.206555579,       4.401797832
          0,           0,        1361,      -2.871857108,     -0.6783113964,     -0.8246053179,       2.521144233,      -1.206127355,       4.454807205
          0,           0,        1362,      -2.862437747,     -0.6417513661,     -0.8035251701,       2.530055786,      -1.205749349,       4.470639549
          0,           0,        1363,      -2.866249222,     -0.6559273354,     -0.8101444746,       2.526531563,        -1.2054811,       4.399819768
          0,           0,        1364,      -2.870188707,     -0.6283135561,     -0.7852235385,       2.522825288,       -1.20497575,       4.466204311
          0,           0,        1365,      -2.882423665,     -0.6677211094,      -0.812369711,       2.509838012,      -1.204694485,       4.458981473
          0,           0,        1366,      -2.864114661,     -0.6716049308,     -0.8323832816,       2.529370687,      -1.204396201,       4.546389219
          0,           0,        1367,      -2.861375092,     -0.6572464431,     -0.8165862146,       2.530593181,      -1.204018257,       4.604309543
          0,           0,        1368,      -2.868857014,     -0.6829655521,     -0.8418841103,       2.523981379,      -1.203680119,       4.557801737
          0,           0,        1369,      -2.865085614,     -0.6689422328,     -0.8334915384,       2.526514156,      -1.203454722,       4.523988575
          0,           0,        1370,      -2.870493675,     -0.6756812141,     -0.8339907991,       2.522065714,      -1.202852654,       4.535895661
          0,           0,        1371,      -2.851696451,     -0.6590803493,     -0.8393103621,       2.541985935,      -1.202518861,        4.49922012
          0,           0,        1372,      -2.861126214,     -0.6561136491,     -0.8127322196,       2.531502732,      -1.202192128,       4.445346451
          0,           0,        1373,      -2.855310135,     -0.6339248161,     -0.8340893538,       2.537788192,       -1.20193278,       4.400002708
          0,           0,        1374,      -2.868470205,     -0.6595185345,     -0.8337977684,       2.524183828,      -1.201672391,       4.473923142
          0,           0,        1375,      -2.858368593,     -0.6616510525,     -0.8484542033,       2.535307516,      -1.201431075,       4.550753625
          0,           0,        1376,       -2.85887522,     -0.6399324729,     -0.8047781082,       2.532982288,      -1.201062757,       4.575861929
          0,           0,        1377,      -2.870834901,     -0.6643232494,     -0.8437719941,       2.521049475,      -1.200595019,       4.528052774
          0,           0,        1378,      -2.857623453,     -0.6502746263,     -0.8165596763,       2.535425111,      -1.200160576,       4.387620191
          0,           0,        1379,      -2.869223179,      -0.675238011,     -0.8308534223,       2.523396598,      -1.199523949,       4.404786806
          0,           0,        1380,      -2.860801757,     -0.6414961399,     -0.8235860972,       2.531726007,      -1.199171071,       4.397263979
          0,           0,        1381,       -2.86121301,     -0.6400258344,     -0.7958044675,       2.530776085,      -1.198752061,       4.411769378
          0,           0,        1382,      -2.864761847,     -0.6408504459,     -0.8150256326,        2.52742723,      -1.198253842,       4.341627448
          0,           0,        1383,      -2.874750059,     -0.6467421963,      -0.791756943,       2.517182877,      -1.197938755,       4.427043458
          0,           0,        1384,      -2.855465463,     -0.6599546922,     -0.8179634013,       2.537697313,      -1.197458136,       4.442391718
          0,           0,        1385,       -2.85807994,     -0.6364865346,     -0.7870156183,        2.53349574,      -1.196912268,       4.520758891
          0,           0,        1386,      -2.862489892,     -0.6645383091,     -0.8213073665,       2.529881156,      -1.196453118,         4.4703715
          0,           0,        1387,      -2.864749313,     -0.6487201708,       -0.79807352,       2.526911483,      -1.196136138,       4.493782362
          0,           0,        1388,      -2.863980076,     -0.6551676649,     -0.8077284494,       2.529590497,       -1.19565366,       4.475888564
          0,           0,        1389,      -2.862903859,     -0.6369237599,     -0.7995191028,       2.529359828,       -1.19522999,       4.449630399
          0,           0,        1390,      -2.859593195,     -0.6281102911,     -0.7802336017,       2.532201964,      -1.194765193,       4.452587956
          0,           0,        1391,      -2.858585604,      -0.634548434,     -0.8023556697,       2.534299942,      -1.194268561,       4.407409211
          0,           0,        1392,      -2.873357316,     -0.6385872573,      -0.793923519,       2.517920281,      -1.193866194,       4.425705941
          0,           0,        1393,      -2.857214893,     -0.6591465925,     -0.8251502286,       2.535622061,      -1.193430654,       4.517441516
          0,           0,        1394,      -2.854284885,     -0.6440064777,     -0.8191667353,       2.537093922,      -1.192998057,       4.559214241
          0,           0,        1395,      -2.850055311,     -0.6503588751,     -0.8348658231,       2.542801656,      -1.192782925,       4.508344265
          0,           0,        1396,      -2.861891932,     -0.6471866446,     -0.8228962279,       2.530194759,      -1.192693852,       4.376155389
          0,           0,        1397,      -2.869774143,     -0.6628093307,     -0.8347445344,       2.522497702,      -1.192537182,       4.434260038
          0,           0,        1398,      -2.866810517,     -0.6477059105,     -0.8179433048,       2.524962051,      -1.192507667,       4.447958245
          0,           0,        1399,      -2.860697845,     -0.6510632285,     -0.7969327785,       2.530973207,      -1.192293136,       4.442362001
          0,           0,        1400,      -2.866729975,      -0.636107973,      -0.805429201,       2.525332858,         -1.191859,       4.422497698
          0,           0,        1401,      -2.870068545,     -0.6450727004,     -0.7977082291,       2.522447156,       -1.19138274,       4.474048672
          0,           0,        1402,      -2.867141086,     -0.6521051219,     -0.8198315676,       2.525947528,      -1.191076905,       4.434118094
          0,           0,        1403,      -2.861884471,     -0.6443348922,     -0.8156353138,       2.530464952,      -1.190670505,       4.537077028
          0,           0,        1404,      -2.857220044,     -0.6594023007,     -0.8113141154,       2.535340214,      -1.190532465,       4.501897092
          0,           0,        1405,      -2.870844894,     -0.6531111095,     -0.8094794936,       2.520477211,        -1.1900501,       4.375885308
          0,           0,        1406,      -2.869044644,     -0.6570287339,     -0.7867241651,       2.523469209,      -1.189462485,       4.414619299
          0,           0,        1407,      -2.865116662,     -0.6535560371,     -0.7884798566,       2.526478671,       -1.18868507,       4.422244132
          0,           0,        1408,      -2.858447197,     -0.6478046925,     -0.7751542727,       2.533444718,      -1.188036918,        4.49705063
          0,           0,        1409,      -2.866644811,     -0.6444731917,     -0.7993896911,       2.525145924,      -1.187333003,       4.474720991
          0,           0,        1410,      -2.866795986,     -0.6335429758,     -0.7711222556,       2.525262436,      -1.186999677,       4.455002774
          0,           0,        1411,      -2.865659683,     -0.6639807161,     -0.8035236102,       2.526485067,      -1.186616814,       4.408468927
          0,           0,        1412,      -2.863462329,     -0.6573495603,     -0.7887820429,       2.527563812,      -1.186255892,       4.496764667
          0,           0,        1413,      -2.861962334,     -0.6435295151,     -0.8007119915,       2.529227813,      -1.185927504,       4.502946037
          0,           0,        1414,       -2.86508901,     -0.6533769649,      -0.786394808,       2.527147738,      -1.185635727,       4.361906511
          0,           0,        1415,      -2.877898503,      -0.660858686,     -0.7957649294,       2.513866708,      -1.185296011,       4.472344213
          0,           0,        1416,      -2.871969456,     -0.6391297744,     -0.7768486305,       2.519819875,      -1.184939685,       4.482121578
          0,           0,        1417,      -2.864827645,     -0.6537093494,      -0.795645974,       2.526820808,      -1.184536727,       4.511562202
          0,           0,        1418,      -2.866873719,     -0.6468436926,     -0.7987795628,       2.524818597,      -1.184236669,       4.497259065
          0,           0,        1419,      -2.876727818,      -0.650338969,     -0.7825794872,       2.514371155,      -1.183820228,       4.488314591
          0,           0,        1420,      -2.865560174,     -0.6658526316,     -0.8148478887,       2.527173323,       -1.18322895,        4.41605454
          0,           0,        1421,      -2.868962055,     -0.6757538167,     -0.8036765994,       2.522023269,      -1.182873096,       4.539868482
          0,           0,        1422,      -2.863707597,     -0.6625125106,     -0.8140591638,       2.527833091,         -1.182344,       4.580065588
          0,           0,        1423,       -2.86484758,     -0.6614599734,     -0.8216577569,       2.525660384,      -1.181920083,       4.504720168
          0,           0,        1424,      -2.878374871,      -0.652518166,     -0.8003237609,       2.513413259,      -1.181850329,       4.520033021
          0,           0,        1425,      -2.870916653,     -0.6612192405,     -0.8262945017,       2.520668742,      -1.181684086,       4.503852756
          0,           0,        1426,       -2.87149302,     -0.6542120624,     -0.8044684928,       2.519340254,      -1.181731231,       4.507958675
          0,           0,        1427,      -2.867825573,      -0.657165645,     -0.8236096628,       2.523493132,      -1.181405239,       4.475114688
          0,           0,        1428,      -2.880688344,     -0.6421345166,     -0.7831305646,       2.509824595,      -1.180949528,       4.460164344
          0,           0,        1429,      -2.867825801,     -0.6771166502,     -0.8409470899,       2.523814005,      -1.180512942,       4.402068703
          0,           0,        1430,      -2.866042886,     -0.6554199515,     -0.8104740695,       2.524717156,       -1.17999783,       4.506105783
          0,           0,        1431,      -2.868146956,     -0.6851252554,     -0.8388784559,       2.522762775,      -1.179710762,       4.459344941
          0,           0,        1432,      -2.880087615,     -0.6666590116,     -0.8169869155,       2.510108573,      -1.179240368,       4.416226672
          0,           0,        1433,      -2.879957283,     -0.6676937413,      -0.815790859,        2.51144797,      -1.178952442,       4.461568764
          0,           0,        1434,      -2.880459938,     -0.6576492713,     -0.8016189056,       2.509819374,      -1.178508467,       4.472661066
          0,           0,        1435,       -2.87334243,     -0.6629472979,     -0.8179996797,       2.517560497,       -1.17790509,       4.506729126
          0,           0,        1436,      -2.871259975,     -0.6507876517,     -0.8110297067,       2.519719795,      -1.177375718,       4.459062951
          0,           0,        1437,      -2.889190703,     -0.6625215184,     -0.8016282482,       2.501689711,      -1.176735923,       4.428496141
          0,           0,        1438,      -2.869777284,     -0.6812474819,     -0.8412946496,       2.523360482,       -1.17616614,         4.4481911
          0,           0,        1439,       -2.86781445,     -0.6689782691,     -0.8018670492,       2.523326329,      -1.175937445,         4.5760693
          0,           0,        1440,      -2.869351278,     -0.6456800704,     -0.8218982821,       2.522126484,      -1.175571405,       4.537178865
          0,           0,        1441,      -2.876422269,     -0.6496025277,     -0.7943831004,       2.514359228,       -1.17505845,       4.390869052
          0,           0,        1442,      -2.875952535,     -0.6557359568,      -0.816943818,        2.51579635,      -1.174818317,       4.445268679
          0,           0,        1443,      -2.876458216,     -0.6391628394,     -0.8032223316,       2.514782543,      -1.174280208,       4.489853387
          0,           0,        1444,       -2.87049425,       -0.64090648,     -0.8100436435,       2.520951082,      -1.173827138,       4.524567169
          0,           0,        1445,       -2.87210661,     -0.6323386734,     -0.7975035209,       2.518733799,      -1.173441895,       4.486306686
          0,           0,        1446,      -2.880864121,      -0.636618011,     -0.7834469174,       2.509921287,       -1.17318359,       4.343700827
          0,           0,        1447,      -2.865023266,     -0.6617141513,     -0.8224242462,        2.52707569,      -1.172883561,       4.407350427
          0,           0,        1448,      -2.862624064,     -0.6413368835,     -0.7926775409,       2.528607721,      -1.172521974,       4.513525793
          0,           0,        1449,      -2.868225326,     -0.6782590742,     -0.8172931532,       2.523258447,      -1.172199388,       4.453720259
          0,           0,        1450,      -2.871605362,     -0.6464218711,     -0.7810365187,       2.520074407,       -1.17174066,       4.412042648
          0,           0,        1451,       -2.88492394,     -0.6860058905,     -0.8171266064,       2.506094252,      -1.171313711,       4.445893087
          0,           0,        1452,      -2.873783114,     -0.6577131001,     -0.7948580355,       2.517094864,      -1.170914839,       4.450691039
          0,           0,        1453,       -2.86585831,     -0.6533769889,     -0.8073293439,       2.525853938,      -1.170400047,       4.497632969
          0,           0,        1454,      -2.867067594,     -0.6462319828,     -0.7816333521,       2.524567234,      -1.169830292,       4.388514088
          0,           0,        1455,      -2.885149319,     -0.6514520443,       -0.77650187,       2.506168819,      -1.169500939,        4.43395869
          0,           0,        1456,      -2.869532111,     -0.6649488167,     -0.8157193523,       2.523327629,      -1.168928915,        4.48660235
          0,           0,        1457,      -2.868407598,     -0.6543284067,     -0.7951869842,       2.523403522,      -1.168464378,         4.5248603
          0,           0,        1458,      -2.869478141,     -0.6195357811,      -0.791356645,       2.522462596,       -1.16797255,       4.492655544
          0,           0,        1459,      -2.866960081,     -0.6365145327,     -0.7910866074,       2.524998052,       -1.16749988,       4.355582906
          0,           0,        1460,      -2.870760257,     -0.6351636363,     -0.7990359784,       2.522344665,      -1.167093883,       4.425939887
          0,           0,        1461,      -2.874280902,     -0.6381157422,     -0.7966954548,       2.518246795,      -1.166735054,       4.482767028
          0,           0,        1462,      -2.866936152,     -0.6229989298,     -0.7985652269,       2.525368604,      -1.166378171,       4.477340937
          0,           0,        1463,      -2.877210568,     -0.6235294652,     -0.7993153492,       2.515013626,      -1.165755614,       4.427610456
          0,           0,        1464,      -2.880068312,     -0.6389625653,     -0.8074684921,       2.512662756,      -1.165343594,       4.478150854
          0,           0,        1465,      -2.865484246,     -0.6502504183,     -0.8217576636,       2.527792849,      -1.164864654,       4.465883665
          0,           0,        1466,      -2.862765405,     -0.6207167797,     -0.7936938362,       2.529766443,      -1.164235882,       4.504547898
          0,           0,        1467,      -2.866448321,     -0.6386651543,     -0.8037913098,       2.526098314,      -1.163946991,       4.409263892
          0,           0,        1468,       -2.87318788,     -0.6566960025,     -0.7889174496,       2.518867918,      -1.163394249,       4.312518666
          0,           0,        1469,      -2.876521365,     -0.6544900191,     -0.7857838687,       2.515933829,      -1.162993872,       4.438673139
          0,           0,        1470,      -2.864324243,     -0.6384177297,     -0.7809663261,        2.52807977,      -1.162658584,       4.496655245
          0,           0,        1471,      -2.869949364,     -0.6354555325,     -0.7857300145,       2.521430407,      -1.162279756,       4.496676001
          0,           0,        1472,       -2.86293603,     -0.6312234999,     -0.7841675782,        2.52953003,      -1.161872111,       4.590668929
          0,           0,        1473,      -2.874510301,     -0.6339584904,     -0.7718007358,       2.518005864,      -1.161382417,       4.581259651
          0,           0,        1474,      -2.863367539,     -0.6480171856,     -0.8039966692,       2.529639599,      -1.161081859,       4.627818867
          0,           0,        1475,      -2.866139426,     -0.6361608984,     -0.7659484708,       2.525242112,      -1.160584352,       4.643962934
          0,           0,        1476,      -2.867799751,     -0.6317892895,     -0.7775409759,       2.523946328,      -1.159893259,        4.52904293
          0,           0,        1477,      -2.868267472,     -0.6428963992,     -0.7938774139,       2.523763632,       -1.15944872,        4.34876515
          0,           0,        1478,        -2.8698746,     -0.6596313021,     -0.7980883785,       2.522235772,      -1.158825259,        4.45752967
          0,           0,        1479,      -2.865889645,     -0.6338379231,     -0.7784057972,       2.526063246,      -1.158495832,       4.495479989
          0,           0,        1480,      -2.868142416,     -0.6288544278,     -0.7912144627,       2.524341186,      -1.158128307,       4.481378819
          0,           0,        1481,      -2.873350205,     -0.6493205306,     -0.7777445773,       2.519110117,      -1.157499661,        4.41781452
          0,           0,        1482,      -2.873024124,     -0.6683075499,     -0.8124942242,       2.519225033,       -1.15713157,       4.454350806
          0,           0,        1483,      -2.863709167,     -0.6628963395,     -0.8142165069,       2.529019998,      -1.156595278,       4.433875099
          0,           0,        1484,      -2.853861892,     -0.6610018772,     -0.8004474734,        2.53894593,       -1.15626116,       4.430869668
          0,           0,        1485,       -2.87503061,     -0.6642306412,     -0.8290334972,       2.516468717,      -1.155897502,       4.305039977
          0,           0,        1486,       -2.86856826,     -0.6534902166,     -0.8059263294,       2.523226144,      -1.155530129,       4.467533834
          0,           0,        1487,      -2.853194622,     -0.6546361276,     -0.8009583674,       2.539169045,      -1.155060268,       4.533967066
          0,           0,        1488,      -2.863482408,     -0.6617965863,     -0.7902383775,       2.527860613,      -1.154550077,       4.603679534
          0,           0,        1489,      -2.851241772,     -0.6544792322,     -0.7971332879,       2.541125299,      -1.154250414,       4.629709717
          0,           0,        1490,      -2.863969481,     -0.6421214967,     -0.7796027176,       2.527363879,       -1.15391178,       4.564237489
          0,           0,        1491,       -2.85885492,      -0.666239567,     -0.8297783649,        2.53363159,      -1.153522428,       4.540147275
          0,           0,        1492,      -2.860876212,     -0.6563208379,     -0.7961681302,       2.530125801,      -1.153242988,       4.531261154
          0,           0,        1493,      -2.854772056,     -0.6424012944,     -0.7872791889,       2.536815867,      -1.152790632,       4.535208488
          0,           0,        1494,      -2.867272388,     -0.6637602271,     -0.8168470467,       2.523908717,      -1.152370798,       4.428300632
          0,           0,        1495,      -2.867683425,     -0.6463331597,     -0.8055602106,       2.524043742,      -1.151895412,        4.50103658
          0,           0,        1496,      -2.859311746,     -0.6536681582,     -0.8096846587,       2.532589543,      -1.151491539,       4.509963834
          0,           0,        1497,      -2.867276106,      -0.646843009,     -0.7881323773,       2.523838474,      -1.151100566,        4.47038755
          0,           0,        1498,        -2.8644185,     -0.6306188292,     -0.8015299244,        2.52651941,      -1.150561591,       4.476289308
          0,           0,        1499,      -2.869084322,     -0.6420635013,     -0.7814758143,       2.522172371,       -1.15024072,       4.482415516
          0,           0,        1500,      -2.860915357,      -0.668065479,     -0.8294028185,       2.530948066,      -1.149710685,       4.544592239
          0,           0,        1501,      -2.861389962,     -0.6558966658,     -0.7864575992,       2.529156635,      -1.149421228,       4.604179619
          0,           0,        1502,      -2.855228373,     -0.6628421236,      -0.797554162,       2.536162824,      -1.148992372,       4.567668276
          0,           0,        1503,      -2.867223086,     -0.6534300488,     -0.7856242834,       2.523868403,      -1.148233817,       4.442800657
          0,           0,        1504,       -2.86155984,     -0.6654769046,     -0.7948195722,       2.530250137,      -1.147662675,       4.511357966
          0,           0,        1505,      -2.858310025,     -0.6324288443,         -0.756338,       2.533345287,      -1.147214072,       4.469237112
          0,           0,        1506,      -2.861689047,     -0.6410674699,     -0.7732772595,       2.529461425,      -1.146685085,       4.493392756
          0,           0,        1507,      -2.862894029,     -0.6243468635,     -0.7812058976,       2.528479437,      -1.146126114,       4.525314277
          0,           0,        1508,      -2.869140091,     -0.6356042393,     -0.7708076108,       2.522244477,      -1.145877828,       4.383658152
          0,           0,        1509,      -2.865439463,     -0.6462727166,     -0.8134368004,       2.526373417,      -1.145305376,        4.39240164
          0,           0,        1510,      -2.861925637,     -0.6447147037,     -0.7939161642,       2.529390868,      -1.144800419,       4.541124378
          0,           0,        1511,      -2.859874984,     -0.6493356136,     -0.8004377752,       2.531740572,      -1.144209313,       4.518031677
          0,           0,        1512,      -2.869872272,     -0.6547194975,     -0.7910555313,        2.52097964,      -1.143850596,       4.394225264
          0,           0,        1513,      -2.865439798,      -0.659401596,     -0.8026729024,        2.52608997,      -1.143524338,        4.45524099
          0,           0,        1514,      -2.869869085,        -0.6592859,     -0.8076975795,       2.521146306,      -1.142983177,        4.42747261
          0,           0,        1515,      -2.861771483,     -0.6570600383,     -0.7936897735,       2.529599571,      -1.142645007,        4.41476172
          0,           0,        1516,      -2.865831851,     -0.6489837112,      -0.795115954,       2.524568907,      -1.142172172,       4.473916049
          0,           0,        1517,      -2.867655679,     -0.6582974973,     -0.8043966789,       2.523284574,      -1.141729169,        4.45636242
          0,           0,        1518,      -2.857581003,     -0.6593863066,     -0.8103117863,       2.534247559,      -1.141362225,       4.515629073
          0,           0,        1519,      -2.855543065,     -0.6578979348,     -0.7919428652,       2.535352822,      -1.140880578,       4.591682385
          0,           0,        1520,      -2.861085083,     -0.6659562034,     -0.7937078743,       2.529937098,      -1.140673587,       4.512597366
          0,           0,        1521,      -2.870529926,     -0.6653995109,     -0.7982366659,        2.51993682,      -1.140255126,       4.447943311
          0,           0,        1522,      -2.865534649,     -0.6626805646,     -0.8127524957,       2.525758297,       -1.14005737,       4.502915898
          0,           0,        1523,      -2.869202347,     -0.6515021835,     -0.8149362336,       2.521445803,      -1.139661764,         4.4846704
          0,           0,        1524,      -2.865276221,     -0.6560595987,     -0.8082212466,       2.525989545,       -1.13920105,       4.514673062
          0,           0,        1525,      -2.864988145,     -0.6299229329,     -0.7974229117,       2.525911935,      -1.138773077,       4.505492077
          0,           0,        1526,      -2.875338278,     -0.6532129166,     -0.7935033592,       2.515785426,      -1.138215124,       4.363843294
          0,           0,        1527,      -2.871710293,     -0.6460412219,     -0.8267257789,       2.520141336,      -1.137836234,       4.433514121
          0,           0,        1528,      -2.867496585,     -0.6750840192,     -0.8336476743,       2.523553154,      -1.137409521,       4.568781499
          0,           0,        1529,      -2.865058511,     -0.6510910083,     -0.8068460842,       2.525820548,      -1.137034483,       4.557518007
          0,           0,        1530,      -2.871202402,     -0.6615711978,      -0.809974496,       2.518945523,      -1.136511465,       4.462714122
          0,           0,        1531,      -2.876202163,      -0.658358699,     -0.8039981099,       2.514979852,      -1.135946479,       4.442139165
          0,           0,        1532,      -2.867100758,      -0.667933382,     -0.8143209444,       2.524252353,      -1.135275779,       4.435277209
          0,           0,        1533,      -2.866676981,     -0.6561871118,     -0.8103203084,        2.52428521,       -1.13474687,       4.416254976
          0,           0,        1534,      -2.860751699,     -0.6466164272,     -0.8078974854,       2.530324377,      -1.134103984,       4.413285922
          0,           0,        1535,      -2.865639021,     -0.6385325735,     -0.7681398777,       2.526124373,      -1.133746508,       4.413211818
          0,           0,        1536,      -2.861888374,     -0.6532488738,     -0.8008460368,       2.530217306,      -1.133379278,       4.407659754
          0,           0,        1537,       -2.86427155,     -0.6520374369,     -0.7812994394,       2.526689793,      -1.133020175,       4.450969793
          0,           0,        1538,      -2.872093649,     -0.6560121804,     -0.8080398879,       2.518032904,      -1.132654596,       4.452518584
          0,           0,        1539,      -2.866976686,      -0.650573592,     -0.8062569366,       2.523705311,       -1.13208346,       4.365880485
          0,           0,        1540,      -2.881283769,     -0.6653397101,      -0.818607586,       2.509474327,      -1.131590772,        4.39739294
          0,           0,        1541,      -2.872111519,     -0.6609155294,      -0.805365697,       2.518348784,      -1.131215385,       4.431338344
          0,           0,        1542,      -2.870811741,     -0.6547285638,     -0.7996555286,       2.519513803,      -1.130637972,       4.465932304
          0,           0,        1543,       -2.86403719,      -0.654627317,     -0.8177158569,       2.526750185,      -1.130199421,        4.45115473
          0,           0,        1544,      -2.886923895,     -0.6529367103,     -0.7898309552,       2.503091743,      -1.129787545,       4.474162842
          0,           0,        1545,      -2.871441829,     -0.6950502397,     -0.8545267391,       2.519971186,      -1.129436039,       4.433947522
          0,           0,        1546,      -2.869960471,     -0.6838488684,     -0.8287261973,       2.520297833,      -1.129010124,       4.537787731
          0,           0,        1547,      -2.859840792,     -0.6550301171,     -0.8418433913,       2.530634554,      -1.128664053,       4.548126676
          0,           0,        1548,      -2.872096344,     -0.6645032994,     -0.8200685111,       2.517817875,      -1.128211459,       4.396166658
          0,           0,        1549,      -2.867893067,     -0.6574022274,     -0.8159589264,       2.522913076,      -1.127916299,       4.430738824
          0,           0,        1550,      -2.869446312,     -0.6555026896,     -0.8086047151,       2.520689659,      -1.127492767,       4.474456564
          0,           0,        1551,       -2.86429028,     -0.6466485623,     -0.8165625043,       2.527100374,      -1.126948702,       4.481719461
          0,           0,        1552,      -2.870890525,     -0.6370874445,      -0.787241577,       2.519744092,      -1.126416319,        4.42030039
          0,           0,        1553,      -2.881683016,     -0.6485403872,     -0.7967134498,       2.509123503,      -1.125912825,       4.380943639
          0,           0,        1554,      -2.865189197,     -0.6707036883,     -0.8241556109,       2.526681668,      -1.125497318,       4.444033301
          0,           0,        1555,      -2.881637504,      -0.655928498,     -0.7999663706,         2.5079144,        -1.1250643,        4.52780788
          0,           0,        1556,      -2.869903653,     -0.6627416961,     -0.8300482551,       2.520845336,      -1.124775785,       4.530723775
          0,           0,        1557,      -2.873751628,     -0.6603807024,     -0.8194508186,       2.516040526,      -1.124324006,       4.404067186
          0,           0,        1558,      -2.880591376,     -0.6901626173,     -0.8345840401,       2.510334076,      -1.123797633,       4.466780556
          0,           0,        1559,      -2.864613373,     -0.6557257399,     -0.8131448526,       2.525844523,      -1.123220014,       4.441208123
          0,           0,        1560,      -2.864538824,     -0.6535538467,     -0.8205265495,       2.525730934,      -1.122641742,       4.463110209
          0,           0,        1561,      -2.864626151,     -0.6427476408,     -0.8098461569,        2.52617003,      -1.122212551,       4.401757719
          0,           0,        1562,      -2.874509968,     -0.6555654253,      -0.811253266,       2.515674143,      -1.121700145,       4.381083674
          0,           0,        1563,      -2.865585651,     -0.6809507466,     -0.8222306929,       2.525676571,      -1.121126266,       4.456294638
          0,           0,        1564,      -2.855710044,     -0.6493139259,     -0.8057270531,        2.53506683,      -1.120563944,       4.548460048
          0,           0,        1565,      -2.864385023,     -0.6434447164,     -0.8105189553,       2.526004517,       -1.12001568,       4.419849183
          0,           0,        1566,      -2.865250762,     -0.6446134853,     -0.8133359237,       2.525058945,      -1.119548128,       4.324309682
          0,           0,        1567,      -2.861785255,     -0.6332697241,     -0.8215057449,         2.5290038,      -1.119073123,       4.432334695
          0,           0,        1568,      -2.857122702,      -0.651134765,     -0.8268661916,       2.534101226,      -1.118641517,       4.448438214
          0,           0,        1569,      -2.856697807,     -0.6201589859,        -0.7986634,       2.534639205,      -1.118122994,       4.476493551
          0,           0,        1570,      -2.870483332,     -0.6375320005,     -0.7959685433,       2.520447825,      -1.117711991,       4.381806183
          0,           0,        1571,      -2.866004125,     -0.6556794994,     -0.8237507946,       2.526122361,      -1.117249652,       4.322700306
          0,           0,        1572,      -2.858462434,     -0.6443254005,     -0.8106027918,       2.532472041,      -1.116704992,       4.522507761
          0,           0,        1573,      -2.852353667,     -0.6653311566,      -0.825361351,       2.540263534,      -1.116273037,       4.575249426
          0,           0,        1574,      -2.869961375,     -0.6601729674,     -0.8065516324,       2.520650994,      -1.115851676,       4.444051465
          0,           0,        1575,      -2.869621723,     -0.6814547869,     -0.8214022815,       2.522034171,      -1.115458833,       4.486126624
          0,           0,        1576,      -2.860916726,     -0.6791972526,     -0.8213193789,       2.529709961,      -1.115075334,       4.529922182
          0,           0,        1577,      -2.853422018,     -0.6579194463,     -0.8237697682,        2.53858067,      -1.114667297,       4.595308983
          0,           0,        1578,      -2.855022698,     -0.6344300629,     -0.8010923474,       2.536869776,      -1.114218458,       4.608112368
          0,           0,        1579,      -2.860420671,     -0.6499212005,     -0.8013317917,       2.531226115,      -1.113747875,       4.471867453
          0,           0,        1580,      -2.859191242,      -0.642706989,      -0.815340416,       2.533618405,      -1.113226333,       4.410948626
          0,           0,        1581,      -2.854627808,      -0.653514702,     -0.8098219827,       2.536694016,      -1.112762071,       4.530132133
          0,           0,        1582,      -2.848043187,     -0.6409347226,      -0.807282143,       2.543895203,      -1.112312152,       4.536796019
          0,           0,        1583,      -2.872011859,     -0.6504459144,     -0.8099773652,       2.519071218,      -1.111870619,       4.422169389
          0,           0,        1584,       -2.86177197,     -0.6469763887,     -0.8147336979,       2.530663328,       -1.11141883,       4.460035039
          0,           0,        1585,       -2.87074875,      -0.648670853,     -0.8132855604,       2.520102399,      -1.110939691,       4.490795582
          0,           0,        1586,      -2.857834202,     -0.6478279819,     -0.7935475203,       2.533711208,      -1.110384627,       4.491307726
          0,           0,        1587,      -2.866479747,     -0.6174697652,     -0.7948966398,       2.523788928,      -1.109707456,        4.48986186
          0,           0,        1588,      -2.872275842,     -0.6508907847,      -0.782645145,       2.518870436,      -1.109069994,       4.390722521
          0,           0,        1589,      -2.865780898,     -0.6519965385,     -0.8192964754,       2.525391687,      -1.108424222,       4.372158915
          0,           0,        1590,      -2.865204715,     -0.6654390637,     -0.8029529939,       2.525343546,      -1.107934271,       4.507150002
          0,           0,        1591,      -2.859607096,     -0.6407161257,     -0.8001910329,       2.531074098,      -1.107469062,       4.495052354
          0,           0,        1592,      -2.872644386,     -0.6708067855,     -0.8059130905,       2.517742645,      -1.106994392,        4.34177621
          0,           0,        1593,      -2.869474873,     -0.6700840175,     -0.8081005409,       2.521813311,       -1.10663665,       4.467597716
          0,           0,        1594,      -2.862667179,     -0.6661773697,     -0.8301765803,       2.528541581,      -1.106204911,       4.500579544
          0,           0,        1595,      -2.863612208,     -0.6533247476,     -0.7945301111,       2.527243346,      -1.105701267,       4.504775741
          0,           0,        1596,      -2.861876298,     -0.6386926238,     -0.7942496621,       2.528799923,      -1.105278748,       4.561318282
          0,           0,        1597,      -2.870492794,      -0.653907039,     -0.7889825003,       2.520479288,      -1.104847006,       4.434121496
          0,           0,        1598,       -2.86294324,     -0.6708487837,     -0.8197588358,       2.528414601,      -1.104324536,       4.478931437
          0,           0,        1599,      -2.856871919,     -0.6610265988,     -0.7988193935,       2.533849416,      -1.103733762,       4.544919069
          0,           0,        1600,       -2.86497064,     -0.6549462659,     -0.7888114009,       2.525816667,      -1.103260084,       4.476062861
          0,           0,        1601,      -2.866839395,     -0.6734632938,     -0.8091803067,       2.523706154,      -1.102598489,       4.283802526
          0,           0,        1602,      -2.874010507,     -0.6560969661,     -0.8185720866,       2.516884929,      -1.102073962,       4.429927321
          0,           0,        1603,      -2.859337774,     -0.6471136958,     -0.8108641546,       2.532416353,      -1.101552554,       4.476425049
          0,           0,        1604,      -2.866259594,     -0.6428023343,     -0.7985873428,       2.524302049,      -1.101163794,        4.51238212
          0,           0,        1605,      -2.863130752,     -0.6295454786,     -0.8116749249,       2.528281985,       -1.10086829,       4.542870774
          0,           0,        1606,        -2.8715834,     -0.6410824077,     -0.7958164995,       2.520011419,      -1.100559832,       4.541988291
          0,           0,        1607,       -2.85880152,     -0.6419722933,     -0.8361984601,       2.533911975,       -1.10024807,       4.569063921
          0,           0,        1608,      -2.863311821,     -0.6344235137,     -0.8066317756,       2.527789145,      -1.099750896,       4.599666645
          0,           0,        1609,      -2.860855452,     -0.6430854226,     -0.8131889468,       2.530823808,      -1.099265761,       4.552978852
          0,           0,        1610,       -2.87074236,      -0.645626302,     -0.7941112907,       2.519955351,      -1.098687469,       4.437112769
          0,           0,        1611,      -2.866259858,     -0.6504006864,     -0.8053252634,       2.526100981,      -1.098189587,       4.409664524
          0,           0,        1612,      -2.860152031,     -0.6460010824,     -0.8055009356,       2.532205379,      -1.097708095,       4.432981526
          0,           0,        1613,      -2.866430804,     -0.6479573627,     -0.8066845971,       2.525434223,      -1.097309616,       4.461020329
          0,           0,        1614,      -2.858838061,     -0.6408531183,     -0.7901196124,       2.533003515,      -1.096846479,       4.455900464
          0,           0,        1615,      -2.876449943,     -0.6534685491,     -0.7870162562,       2.514151169,      -1.096326832,       4.438412637
          0,           0,        1616,       -2.85500219,     -0.6630673691,     -0.7999946743,       2.537269198,      -1.095824364,       4.471276355
          0,           0,        1617,       -2.87160218,     -0.6568148823,     -0.7810949186,       2.517985556,      -1.095230427,       4.509581941
          0,           0,        1618,      -2.866637626,     -0.6583228831,     -0.8139908548,       2.523972664,      -1.094633176,       4.488341868
          0,           0,        1619,      -2.867968188,     -0.6429259963,      -0.790530928,       2.521744217,      -1.094075782,       4.316283777
          0,           0,        1620,       -2.87494327,     -0.6630653756,      -0.805424762,       2.515964368,      -1.093595489,       4.423962636
          0,           0,        1621,      -2.864757317,      -0.631718814,     -0.7834013682,       2.525436416,      -1.093101819,       4.434044347
          0,           0,        1622,      -2.871449989,      -0.635611222,     -0.7908401939,       2.518897412,      -1.092567854,       4.462594368
          0,           0,        1623,      -2.864411417,     -0.6355416717,     -0.7981355402,       2.526623285,      -1.092129016,       4.472396178
          0,           0,        1624,      -2.876767766,     -0.6374541228,      -0.771502632,       2.513693534,      -1.091570694,       4.420917077
          0,           0,        1625,      -2.869204202,     -0.6679077049,     -0.8197008491,       2.522148061,      -1.091033675,       4.439277727
          0,           0,        1626,      -2.868557332,      -0.649048572,     -0.8028584479,       2.521993861,      -1.090406546,       4.561557665
          0,           0,        1627,      -2.863954985,     -0.6524641623,     -0.8201238531,       2.527425626,      -1.089972962,       4.528083381
          0,           0,        1628,       -2.86866207,     -0.6700039537,     -0.8208736181,       2.522150782,      -1.089522337,       4.478994855
          0,           0,        1629,      -2.868953425,      -0.651700456,     -0.8014875819,       2.522897925,      -1.088855081,       4.504333018
          0,           0,        1630,      -2.871346951,     -0.6427888947,     -0.7847852965,       2.519777769,      -1.088287032,       4.486895686
          0,           0,        1631,      -2.865621572,     -0.6490099579,     -0.7995750814,       2.525999708,      -1.087923102,       4.449386756
          0,           0,        1632,      -2.871497924,     -0.6330098101,     -0.7809802064,       2.519942674,      -1.087337318,       4.414937159
          0,           0,        1633,      -2.870797946,     -0.6470100339,     -0.7938481861,       2.521202462,      -1.086982144,        4.50982214
          0,           0,        1634,      -2.865865216,     -0.6474271307,     -0.7902652923,       2.526326536,      -1.086624278,       4.510742495
          0,           0,        1635,      -2.877761507,     -0.6653867816,     -0.7879140164,       2.512046511,      -1.086104556,       4.616793682
          0,           0,        1636,      -2.868756291,     -0.6492410641,     -0.7971065747,       2.522323666,      -1.085641487,       4.603101265
          0,           0,        1637,      -2.866647219,     -0.6554942309,     -0.7944388914,       2.524305243,      -1.085171928,        4.51655781
          0,           0,        1638,      -2.873553528,     -0.6481302038,     -0.7841959836,       2.517919546,      -1.084653576,       4.507906137
          0,           0,        1639,      -2.872417193,       -0.64231727,      -0.793421999,       2.518556154,      -1.084070635,       4.458882108
          0,           0,        1640,      -2.863664375,     -0.6295677799,     -0.7789547483,       2.528158645,      -1.083643415,       4.443244937
          0,           0,        1641,       -2.87011096,     -0.6282907322,     -0.7945453453,         2.5214303,      -1.083149964,       4.448866505
          0,           0,        1642,      -2.875450755,     -0.6170505402,     -0.7822876764,       2.516002943,      -1.082739686,       4.514491544
          0,           0,        1643,      -2.867764393,      -0.649543086,     -0.8137000073,       2.524535017,       -1.08238504,       4.473175804
          0,           0,        1644,      -2.866501237,      -0.636070796,     -0.7907113733,       2.524562451,      -1.081867018,       4.539799725
          0,           0,        1645,      -2.864868452,     -0.6432104048,      -0.803059207,       2.526834001,      -1.081427428,        4.46660541
          0,           0,        1646,      -2.862586782,     -0.6409688722,     -0.7981728078,       2.529246746,      -1.080869039,       4.407227469
          0,           0,        1647,      -2.873491871,     -0.6456093492,     -0.8070821509,       2.517800814,      -1.080340696,       4.461573394
          0,           0,        1648,      -2.870930555,      -0.644886019,     -0.8058151698,       2.520671363,      -1.079920767,       4.491455334
          0,           0,        1649,       -2.85964951,     -0.6272923881,     -0.7990227112,       2.532197208,      -1.079479157,       4.509877242
          0,           0,        1650,      -2.863520606,      -0.613576777,     -0.7967312842,       2.528541428,       -1.07894679,       4.513401292
          0,           0,        1651,      -2.870362162,     -0.6251684535,     -0.7867552033,       2.521383865,      -1.078599323,       4.424735819
          0,           0,        1652,      -2.860550728,     -0.6364680025,     -0.8016639656,       2.531587387,      -1.078088218,       4.537552096
          0,           0,        1653,      -2.867434474,     -0.6152834775,     -0.7882358111,       2.523667319,      -1.077598788,       4.589409291
          0,           0,        1654,      -2.861390612,     -0.6317389477,      -0.793177848,       2.530218144,      -1.077205484,       4.449047008
          0,           0,        1655,      -2.873212186,     -0.6368821029,     -0.7845681341,       2.517018118,      -1.076621467,       4.468330595
          0,           0,        1656,      -2.870178221,      -0.658782051,      -0.809270355,       2.521131659,      -1.075975562,       4.503413667
          0,           0,        1657,      -2.865974893,     -0.6380460578,     -0.7828655651,       2.525282966,      -1.075724685,       4.569079334
          0,           0,        1658,      -2.867905016,     -0.6393524981,     -0.7980332414,       2.523119347,      -1.075160642,       4.601635506
          0,           0,        1659,      -2.871756707,     -0.6379220574,     -0.7862812303,       2.518675674,       -1.07445729,       4.580683749
          0,           0,        1660,       -2.87618877,     -0.6405110899,     -0.7906759855,       2.515657679,      -1.073982546,       4.543248634
          0,           0,        1661,      -2.863847545,     -0.6517236319,     -0.7981533005,       2.527500373,      -1.073461789,       4.452005026
          0,           0,        1662,      -2.861015779,       -0.65758618,     -0.7922753858,       2.529845253,       -1.07310295,       4.443466721
          0,           0,        1663,      -2.871129634,     -0.6504007114,     -0.7977535436,       2.519494454,      -1.072593372,       4.349714997
          0,           0,        1664,      -2.869878417,     -0.6469853542,     -0.7875512317,       2.521660369,      -1.072016597,       4.408772651
          0,           0,        1665,      -2.871589868,     -0.6714229429,     -0.8082393604,       2.518914438,      -1.071678118,       4.452407659
          0,           0,        1666,      -2.870826486,     -0.6763124043,     -0.8121361789,        2.51972193,      -1.071125286,       4.429132918
          0,           0,        1667,      -2.863521532,     -0.6314618783,     -0.8053415156,       2.528143574,       -1.07048863,        4.47266201
          0,           0,        1668,      -2.865636733,     -0.6541925058,     -0.8137787186,       2.525882972,      -1.070142514,       4.411866661
          0,           0,        1669,      -2.864031902,     -0.6517780171,     -0.8125164183,       2.528171436,      -1.069663786,       4.353257333
          0,           0,        1670,      -2.857368257,      -0.671340021,     -0.8196468985,       2.533350137,      -1.069157777,       4.507390118
          0,           0,        1671,      -2.852649647,     -0.6521097269,     -0.8042687467,       2.538335247,      -1.068805389,       4.550189686
          0,           0,        1672,      -2.863966448,     -0.6749383099,     -0.8225816538,       2.526398091,      -1.068350531,       4.494095984
          0,           0,        1673,      -2.865862187,     -0.6464373089,     -0.8051702109,       2.524996669,      -1.067806118,       4.535788719
          0,           0,        1674,      -2.861179246,     -0.6687885675,     -0.8217634581,       2.529759592,       -1.06741222,       4.574288723
          0,           0,        1675,      -2.865234011,     -0.6582600922,      -0.792471402,       2.525178766,      -1.066958719,       4.590254365
          0,           0,        1676,      -2.855665231,     -0.6465051436,     -0.7971176812,        2.53445177,      -1.066579537,       4.569831647
          0,           0,        1677,      -2.868369559,     -0.6414743154,     -0.7689699497,       2.522052279,      -1.066097351,       4.392070834
          0,           0,        1678,      -2.862553216,     -0.6756301915,     -0.8218248834,       2.528807139,      -1.065544313,       4.370309508
          0,           0,        1679,      -2.863336745,     -0.6583335444,     -0.7741844906,       2.526696439,      -1.065086466,       4.531588911
          0,           0,        1680,      -2.859460087,     -0.6589274902,     -0.7927897474,       2.531036814,       -1.06461456,       4.540809027
          0,           0,        1681,      -2.863360999,     -0.6482711231,     -0.7817404964,       2.527200218,      -1.064196004,       4.509851376
          0,           0,        1682,      -2.869596303,      -0.669005782,     -0.8030893915,       2.521091808,       -1.06373139,       4.587711348
          0,           0,        1683,      -2.861863717,      -0.644049399,     -0.7925581765,        2.52903602,      -1.063239863,       4.604873386
          0,           0,        1684,      -2.864263338,     -0.6343022337,     -0.7807035013,       2.525962052,      -1.062613381,       4.627005221
          0,           0,        1685,      -2.862147441,     -0.6333698778,     -0.7884958418,       2.528656088,      -1.062044634,       4.582189992
          0,           0,        1686,      -2.877822208,     -0.6319878439,     -0.7738320353,       2.512476585,      -1.061531425,       4.435257983
          0,           0,        1687,      -2.865049986,     -0.6486168469,     -0.8111766806,       2.526890399,      -1.061105114,       4.396504976
          0,           0,        1688,      -2.865290488,     -0.6514116305,     -0.7907221542,       2.525273389,      -1.060618166,       4.533353882
          0,           0,        1689,      -2.860928988,     -0.6331262313,     -0.7958039889,       2.529348414,      -1.060147921,       4.535843914
          0,           0,        1690,       -2.87529372,     -0.6340317723,     -0.7782062155,       2.514642946,      -1.059650162,       4.363914579
          0,           0,        1691,      -2.873761298,     -0.6394097745,     -0.7986892591,       2.517181406,       -1.05914853,       4.362638846
          0,           0,        1692,      -2.865006128,     -0.6408291628,     -0.7948016862,       2.526078621,      -1.058731785,        4.42482323
          0,           0,        1693,       -2.85854961,     -0.6488051196,     -0.8102040659,       2.532310545,        -1.0583049,       4.468493749
          0,           0,        1694,      -2.859785153,     -0.6232026165,     -0.7787842218,       2.530844251,      -1.057857591,        4.41347552
          0,           0,        1695,      -2.877793605,     -0.6494856724,     -0.7794355044,       2.512009618,      -1.057389073,        4.33989439
          0,           0,        1696,      -2.863343163,     -0.6710526723,     -0.8195151149,       2.528073961,      -1.056877276,       4.424676131
          0,           0,        1697,      -2.866120344,     -0.6540975279,     -0.8001661266,       2.523938872,      -1.056359202,       4.534599061
          0,           0,        1698,       -2.85600133,     -0.6742686787,     -0.8019696587,       2.535306682,      -1.055828286,       4.538908369
          0,           0,        1699,       -2.86045193,     -0.6656989825,     -0.7997868158,       2.529211145,      -1.055398966,       4.501164916
          0,           0,        1700,      -2.870897392,     -0.6939138266,     -0.8118926449,       2.519879012,      -1.054918663,       4.577573514
          0,           0,        1701,       -2.85460132,     -0.6761882104,      -0.811491871,       2.536285041,      -1.054505351,       4.646045765
          0,           0,        1702,       -2.85220918,     -0.6701020174,     -0.7869510667,       2.539126685,      -1.054094455,       4.652990847
          0,           0,        1703,      -2.858352245,     -0.6537535329,     -0.7946751268,       2.532493651,      -1.053714796,       4.557345231
          0,           0,        1704,      -2.858713383,     -0.6838498826,     -0.7808408179,       2.532881653,      -1.053270072,       4.293596309
          0,           0,        1705,      -2.863245461,     -0.6779949446,     -0.8024385637,       2.527514602,      -1.052757494,       4.425382342
          0,           0,        1706,       -2.84602486,     -0.6571529836,     -0.8063337632,       2.545356472,      -1.052322953,       4.570532857
          0,           0,        1707,      -2.861789377,     -0.6734049804,     -0.8084000756,        2.52816381,      -1.051917803,       4.550097335
          0,           0,        1708,      -2.870876655,     -0.6558528265,     -0.7954740235,       2.519036793,      -1.051511745,       4.495170421
          0,           0,        1709,      -2.864474284,      -0.670126283,     -0.8070500509,       2.526574151,      -1.051062881,       4.559932282
          0,           0,        1710,      -2.861752863,     -0.6454162807,     -0.7862581159,       2.528971206,       -1.05060654,       4.595390133
          0,           0,        1711,      -2.860900778,     -0.6666734774,     -0.7989481561,       2.529551007,       -1.05009386,       4.565810268
          0,           0,        1712,      -2.857743161,     -0.6415657645,     -0.7974256094,       2.532782848,      -1.049582885,       4.397699843
          0,           0,        1713,      -2.875088451,        -0.6427895,     -0.7845092908,       2.514969432,      -1.048932994,       4.457223153
          0,           0,        1714,      -2.862105558,     -0.6734724718,     -0.8252557514,       2.529743431,      -1.048390827,       4.425956736
          0,           0,        1715,      -2.857287886,      -0.662571472,     -0.7982858195,       2.532926768,      -1.047832582,       4.548930128
          0,           0,        1716,      -2.853520159,     -0.6373630487,     -0.7771389773,       2.537348657,      -1.047262217,       4.559279964
          0,           0,        1717,      -2.868096192,     -0.6686000493,      -0.810419412,       2.522759221,       -1.04677444,       4.182155739
          0,           0,        1718,      -2.877982122,     -0.6860050627,     -0.7941226891,       2.512080818,      -1.046319859,       4.382450859
          0,           0,        1719,      -2.855571458,     -0.6899715322,      -0.798245151,        2.53534006,      -1.046016526,       4.457424864
          0,           0,        1720,      -2.855640043,     -0.6624357288,     -0.7918953186,       2.534736191,      -1.045677883,       4.473688684
          0,           0,        1721,      -2.855626198,     -0.6675948658,     -0.7989747987,       2.534773673,      -1.045318996,       4.489064468
          0,           0,        1722,      -2.865213416,     -0.6521067652,     -0.7728643994,       2.525653351,      -1.044882095,       4.370976039
          0,           0,        1723,      -2.856691107,     -0.7086784292,     -0.8146437865,       2.534779362,      -1.044433031,         4.4353682
          0,           0,        1724,      -2.848000539,       -0.65605561,     -0.7898876651,       2.543017253,       -1.04397717,       4.571266906
          0,           0,        1725,       -2.84919066,     -0.6504903733,      -0.783938783,       2.541550798,      -1.043430679,       4.573817022
          0,           0,        1726,      -2.857116777,     -0.6654830599,     -0.8024991974,       2.534273722,      -1.042922449,       4.344909157
          0,           0,        1727,      -2.865874088,      -0.694313799,     -0.8004062474,       2.524773077,      -1.042396112,       4.497513255
          0,           0,        1728,        -2.8587384,     -0.6666018546,     -0.8100070824,       2.531914791,      -1.041930715,       4.501347276
          0,           0,        1729,       -2.85373303,     -0.6535433556,     -0.7855740722,       2.536653578,      -1.041502284,       4.527608109
          0,           0,        1730,       -2.86025376,     -0.6627855852,     -0.8087990025,       2.530385069,      -1.041150371,       4.501452172
          0,           0,        1731,      -2.874602864,     -0.6439298029,     -0.7958724562,       2.515618272,      -1.040764873,        4.53019732
          0,           0,        1732,      -2.857909638,     -0.6716520241,     -0.8238330822,         2.5343458,      -1.040295111,        4.55690065
          0,           0,        1733,      -2.855528228,     -0.6635701498,     -0.8064507595,       2.535571937,      -1.039836465,       4.568502661
          0,           0,        1734,      -2.854957412,     -0.6428014841,     -0.7958178371,        2.53574707,      -1.039374472,       4.531679348
          0,           0,        1735,      -2.855318146,     -0.6614616014,     -0.8024155332,       2.535768885,      -1.038946821,       4.394480717
          0,           0,        1736,      -2.858091451,     -0.6682935092,     -0.8252324389,       2.533503388,      -1.038489604,       4.441213986
          0,           0,        1737,       -2.85875684,     -0.6726443599,     -0.8195355247,       2.532102572,      -1.038049589,       4.433440716
          0,           0,        1738,      -2.850588007,      -0.664488425,     -0.8250865701,       2.539736528,      -1.037608982,       4.503106489
          0,           0,        1739,      -2.867645432,     -0.6498614924,      -0.822802506,       2.522678502,      -1.037109395,       4.514474566
          0,           0,        1740,       -2.85081726,     -0.6358979855,     -0.8129727783,       2.539797333,      -1.036514476,       4.489482339
          0,           0,        1741,        -2.8617961,     -0.6429918347,      -0.799347936,       2.528869491,      -1.035911992,       4.413575503
          0,           0,        1742,      -2.848467021,     -0.6555590501,     -0.8134742334,       2.542883429,      -1.035392042,       4.489882699
          0,           0,        1743,      -2.853247951,     -0.6437860187,     -0.8008355848,       2.536845441,       -1.03492254,       4.522558236
          0,           0,        1744,      -2.856848862,     -0.6442820102,     -0.8046971849,       2.534505265,      -1.034540597,        4.44507564
          0,           0,        1745,      -2.868916656,     -0.6508198465,     -0.8006487238,       2.520464156,      -1.034047375,       4.419130594
          0,           0,        1746,      -2.863268488,     -0.6624102416,     -0.8174781154,       2.527824326,      -1.033546265,       4.450863413
          0,           0,        1747,      -2.851046264,     -0.6400894403,     -0.8006547652,       2.540025278,      -1.033116288,       4.485877992
          0,           0,        1748,      -2.866998568,     -0.6454862778,      -0.807401418,       2.523206779,       -1.03264885,       4.460401874
          0,           0,        1749,      -2.851194314,     -0.6377245488,     -0.8130564994,       2.539736475,      -1.032171472,       4.465274369
          0,           0,        1750,      -2.874266867,     -0.6429635555,     -0.7955096081,       2.516139987,      -1.031642273,       4.369370726
          0,           0,        1751,      -2.856823189,     -0.6584323251,     -0.8219168526,       2.534682977,      -1.031100015,         4.4242265
          0,           0,        1752,      -2.856861236,     -0.6532751963,     -0.8052123051,       2.532731848,      -1.030581519,       4.458116449
          0,           0,        1753,      -2.848917816,     -0.6592722863,     -0.8233226816,       2.541969294,      -1.030083941,       4.424791706
          0,           0,        1754,      -2.872740962,     -0.6544419027,     -0.8076871463,       2.516068882,      -1.029626837,       4.415479344
          0,           0,        1755,      -2.861524077,     -0.6744147342,     -0.8347538631,       2.529168113,       -1.02916938,       4.446451991
          0,           0,        1756,       -2.85758028,     -0.6520145588,     -0.8175261115,       2.532234891,      -1.028774023,       4.483432881
          0,           0,        1757,      -2.860373766,     -0.6486901568,       -0.81537157,        2.52995477,      -1.028411303,       4.500239881
          0,           0,        1758,      -2.850620209,     -0.6340978594,     -0.8082593671,       2.540066725,      -1.028033536,        4.41987716
          0,           0,        1759,      -2.869571444,     -0.6333666554,     -0.7901493712,       2.520679565,      -1.027639054,       4.471213611
          0,           0,        1760,      -2.847548625,     -0.6506442188,     -0.8150397732,       2.544790036,      -1.027241566,       4.489650034
          0,           0,        1761,      -2.856061667,     -0.6295384812,     -0.7757919368,       2.533278151,      -1.026808267,       4.531749834
          0,           0,        1762,      -2.860636511,     -0.6496899569,     -0.8043897062,       2.530118012,      -1.026347637,       4.459765382
          0,           0,        1763,      -2.865115662,     -0.6330074737,     -0.7897521098,       2.525102883,      -1.025894821,       4.399535873
          0,           0,        1764,      -2.873314915,     -0.6573905057,     -0.8052274105,        2.51758453,       -1.02542707,        4.42118604
          0,           0,        1765,      -2.865750628,     -0.6281120083,     -0.7851204466,       2.524848024,      -1.025008453,       4.461261158
          0,           0,        1766,      -2.865581712,     -0.6654140995,      -0.807383616,       2.523580607,      -1.024517384,       4.485187778
          0,           0,        1767,      -2.864627479,     -0.6379287907,     -0.8024775532,       2.525336509,      -1.024029467,       4.405389733
          0,           0,        1768,      -2.872002561,     -0.6455389358,     -0.7848364883,       2.517481635,      -1.023542187,       4.400070403
          0,           0,        1769,      -2.861494572,       -0.65815375,     -0.8165541568,       2.529161215,      -1.023014471,       4.409498373
          0,           0,        1770,       -2.85675733,     -0.6566914011,     -0.8117420034,         2.5317244,       -1.02248371,       4.521057483
          0,           0,        1771,      -2.858946527,      -0.661014467,     -0.8087141636,       2.530815016,      -1.021943525,        4.45745257
          0,           0,        1772,      -2.859636045,     -0.6608852695,      -0.815927259,       2.529582095,       -1.02146389,       4.354749918
          0,           0,        1773,      -2.866951172,      -0.679648493,     -0.8214346307,       2.523057468,      -1.020984901,       4.420567519
          0,           0,        1774,      -2.859326614,     -0.6516571556,      -0.804625419,       2.530417837,      -1.020507751,        4.44593495
          0,           0,        1775,      -2.863879218,     -0.6473705648,     -0.8041542729,       2.525465128,      -1.019935716,       4.445224122
          0,           0,        1776,      -2.863888681,     -0.6556080906,     -0.8033089807,          2.526468,      -1.019458747,          4.433501
          0,           0,        1777,      -2.868366384,     -0.6486328778,     -0.7892077959,       2.521686715,      -1.019024672,       4.490802099
          0,           0,        1778,      -2.862747007,     -0.6582442158,     -0.8027763349,       2.527820205,      -1.018566901,       4.536617206
          0,           0,        1779,      -2.858312576,     -0.6280518421,     -0.7847099726,       2.531049501,      -1.018103309,       4.623188191
          0,           0,        1780,      -2.863083069,     -0.6467979689,     -0.7935365038,       2.526278007,      -1.017598659,       4.529516343
          0,           0,        1781,      -2.868225908,     -0.6530205598,     -0.7844562464,       2.521085301,      -1.017120641,       4.396476131
          0,           0,        1782,      -2.868738697,     -0.6320362596,      -0.782472968,       2.521777436,      -1.016631744,       4.427355449
          0,           0,        1783,      -2.863335587,     -0.6288070602,     -0.7763798357,        2.52678948,      -1.016138107,       4.472982969
          0,           0,        1784,      -2.865664224,     -0.6336792589,     -0.7814437781,       2.524551566,      -1.015608754,       4.527771334
          0,           0,        1785,      -2.863446301,     -0.6305528889,     -0.7927773747,       2.527750692,      -1.015134525,       4.469295519
          0,           0,        1786,      -2.874560752,     -0.6370830016,     -0.7695924187,       2.515406484,      -1.014686324,       4.511895577
          0,           0,        1787,      -2.855762379,     -0.6640913515,     -0.8100363011,       2.536240321,      -1.014279985,       4.498327647
          0,           0,        1788,      -2.862649171,     -0.6615094934,     -0.7852051587,        2.52650432,      -1.013775463,       4.522238851
          0,           0,        1789,      -2.859308364,     -0.6794944519,     -0.8017717966,       2.531683842,      -1.013262144,       4.420696492
          0,           0,        1790,      -2.861671076,     -0.6764186608,     -0.8020258652,       2.528248561,      -1.012675404,       4.328122289
          0,           0,        1791,      -2.863788882,     -0.7077750564,      -0.816629119,       2.527101544,       -1.01216564,       4.422552198
          0,           0,        1792,      -2.852449993,     -0.6599473723,     -0.8092955419,       2.538637605,      -1.011641905,       4.439229456
          0,           0,        1793,      -2.853611838,     -0.6740946556,     -0.7947521005,        2.53722822,      -1.011195475,       4.457429674
          0,           0,        1794,      -2.857363884,      -0.655785212,     -0.7935935918,       2.533621957,      -1.010694972,       4.425228061
          0,           0,        1795,      -2.869438135,     -0.6649836273,     -0.7765541144,       2.520925775,      -1.010122358,       4.493139676
          0,           0,        1796,       -2.85481799,     -0.6720366803,     -0.7989322301,       2.536871752,       -1.00961826,       4.491419251
          0,           0,        1797,      -2.854753318,     -0.6752340202,     -0.7730239922,        2.53567356,       -1.00903155,       4.611706188
          0,           0,        1798,      -2.860434744,     -0.6697294867,     -0.8044815862,       2.529867642,      -1.008569748,       4.629740499
          0,           0,        1799,      -2.862127806,     -0.6621163452,      -0.768338141,       2.528920891,      -1.008089607,       4.522578598
          0,           0,        1800,      -2.867482266,     -0.6725940035,     -0.7829834226,       2.523576259,      -1.007647428,       4.522188842
          0,           0,        1801,      -2.864287393,     -0.6539629641,     -0.7696184671,       2.526225398,      -1.007157415,       4.464909253
          0,           0,        1802,      -2.860916435,     -0.6776952399,     -0.7967818359,       2.530290884,      -1.006623771,         4.4694143
          0,           0,        1803,      -2.857436659,     -0.6421325902,     -0.7846985245,       2.534193058,      -1.006017791,       4.425625554
          0,           0,        1804,      -2.873557105,     -0.6598903307,     -0.7726348165,       2.517285086,      -1.005549015,       4.513244925
          0,           0,        1805,      -2.857632655,     -0.6663487249,     -0.8083371248,       2.535083727,      -1.005076069,       4.511711501
          0,           0,        1806,      -2.860109616,     -0.6621295365,     -0.7863012872,       2.530728728,      -1.004518681,       4.566673857
          0,           0,        1807,      -2.852765176,      -0.661086632,     -0.7942012787,       2.538808544,      -1.004034817,       4.586777652
          0,           0,        1808,      -2.863019601,     -0.6735525131,     -0.7879290464,       2.527784642,      -1.003559682,       4.511544352
          0,           0,        1809,      -2.874909869,      -0.683344761,     -0.7850789001,       2.515802128,      -1.002959561,       4.515199353
          0,           0,        1810,      -2.864312087,     -0.6834088463,     -0.7878372173,       2.526063727,      -1.002397322,       4.505171628
          0,           0,        1811,      -2.863403177,     -0.6695237762,      -0.772218688,       2.526335058,      -1.001733134,       4.487496478
          0,           0,        1812,      -2.861624965,     -0.6829313522,     -0.7968854365,        2.52871556,      -1.001101395,       4.379703916
          0,           0,        1813,      -2.864554286,     -0.6509206803,     -0.7691364036,       2.525871303,      -1.000612471,       4.485150081
          0,           0,        1814,      -2.870426994,     -0.6753244285,     -0.8013108409,       2.520627756,      -1.000120306,       4.444604761
          0,           0,        1815,      -2.858119187,      -0.696638851,     -0.7939854694,       2.532804564,     -0.9997455912,       4.466757682
          0,           0,        1816,      -2.854163206,     -0.6931725947,     -0.7952370672,       2.536228305,      -0.999242519,       4.489308892
          0,           0,        1817,      -2.863330723,     -0.6525959741,     -0.7854268243,       2.527282515,     -0.9986216825,       4.493699944
          0,           0,        1818,      -2.864770637,     -0.6790325182,      -0.780310333,       2.526069566,     -0.9980760348,       4.415936622
          0,           0,        1819,      -2.876913454,     -0.6992459374,     -0.7835678023,       2.513765681,     -0.9974282901,       4.454438807
          0,           0,        1820,      -2.870531463,      -0.675848392,     -0.7683302947,       2.520208604,     -0.9967745219,       4.480222061
          0,           0,        1821,      -2.865832006,      -0.678024776,     -0.7798100365,       2.525245438,     -0.9963544496,       4.458445218
          0,           0,        1822,      -2.864194249,     -0.6410671533,     -0.7631697444,       2.527073731,     -0.9958746275,        4.53466736
          0,           0,        1823,      -2.880476897,     -0.6784990033,     -0.7815157548,       2.510194154,     -0.9954161547,       4.450433531
          0,           0,        1824,      -2.855047056,     -0.6629134281,     -0.7774794524,       2.536758951,     -0.9949933167,       4.471092323
          0,           0,        1825,      -2.861860266,     -0.6639161402,     -0.7736703245,       2.528988695,     -0.9944468969,       4.556750426
          0,           0,        1826,      -2.858156862,     -0.6611025198,     -0.7912844005,       2.533369512,     -0.9939287746,       4.574987677
          0,           0,        1827,       -2.87561856,     -0.6803069908,     -0.7883629241,       2.514168389,     -0.9935328085,       4.522426375
          0,           0,        1828,      -2.870183428,     -0.6810621794,     -0.7941570883,       2.520622416,     -0.9930840384,       4.440367552
          0,           0,        1829,      -2.864250238,     -0.6648699769,      -0.789254734,       2.526828067,     -0.9926591091,       4.433393116
          0,           0,        1830,       -2.86223348,     -0.6707060171,     -0.8075060839,       2.528768041,     -0.9921421106,       4.429264127
          0,           0,        1831,      -2.857413569,     -0.6583793775,     -0.7913333538,       2.532816182,     -0.9915238894,       4.444877627
          0,           0,        1832,      -2.870688147,     -0.6603652306,     -0.7950124036,        2.51988989,     -0.9909381142,       4.419260455
          0,           0,        1833,       -2.84743329,     -0.6755849317,     -0.8074554088,       2.544759056,     -0.9904856971,       4.419558905
          0,           0,        1834,      -2.853399355,     -0.6672101064,     -0.7847717656,       2.536797726,     -0.9900029155,       4.405654583
          0,           0,        1835,      -2.856243757,     -0.6749401453,     -0.7971366536,       2.534263699,     -0.9894761478,       4.464140365
          0,           0,        1836,      -2.863121711,     -0.6551884054,     -0.7812340916,       2.528357629,     -0.9889853255,       4.477089608
          0,           0,        1837,       -2.86607086,     -0.7037806424,     -0.8040976687,       2.524824377,     -0.9884494334,       4.502073167
          0,           0,        1838,      -2.860418504,     -0.6639235407,     -0.7744659476,       2.529407917,     -0.9877954603,        4.53904114
          0,           0,        1839,      -2.860328209,     -0.6783926224,     -0.7984081384,       2.530417743,     -0.9870594465,       4.514807758
          0,           0,        1840,      -2.857206963,     -0.6282828733,     -0.7530012677,       2.533695604,     -0.9865565497,       4.478692807
          0,           0,        1841,      -2.875284605,     -0.6705685799,     -0.7945222396,       2.515285006,     -0.9859771738,       4.442793451
          0,           0,        1842,      -2.857311919,     -0.6650271145,     -0.7833221734,       2.534558883,     -0.9854157578,       4.458694894
          0,           0,        1843,      -2.856656695,     -0.6573173849,     -0.7666196307,        2.53454214,     -0.9850100369,       4.525808111
          0,           0,        1844,      -2.863053953,     -0.6476814338,     -0.7796108823,       2.527488394,     -0.9845526188,       4.540463279
          0,           0,        1845,      -2.859699793,     -0.6579102808,     -0.7648897854,       2.531628115,     -0.9839308015,       4.363539307
          0,           0,        1846,      -2.877273527,     -0.6765126322,     -0.7872492795,       2.513482256,     -0.9833075623,       4.423802631
          0,           0,        1847,        -2.8612796,     -0.6738918857,     -0.7899459059,       2.529952173,      -0.982697965,       4.467302957
          0,           0,        1848,      -2.857175674,     -0.6679527695,     -0.7883136333,       2.533640972,     -0.9821219625,       4.460879102
          0,           0,        1849,      -2.859201208,     -0.6516805884,     -0.7984870528,       2.531402109,     -0.9815629311,        4.36953598
          0,           0,        1850,      -2.864318897,      -0.671278963,     -0.7790321209,       2.526277333,     -0.9810219017,       4.425922469
          0,           0,        1851,         -2.854287,     -0.6785376155,     -0.8055950273,       2.537312045,     -0.9803931211,       4.478056712
          0,           0,        1852,      -2.843053575,     -0.6527296353,     -0.7727974985,       2.547770304,     -0.9798568853,       4.550931784
          0,           0,        1853,      -2.860396398,      -0.688298934,     -0.7954948621,       2.529851589,     -0.9793082386,       4.503214934
          0,           0,        1854,      -2.859982803,     -0.6722290863,      -0.789392645,       2.530015421,     -0.9787859879,       4.500133461
          0,           0,        1855,      -2.861748787,     -0.6914703919,     -0.8036264295,       2.529063206,     -0.9782377546,       4.552380792
          0,           0,        1856,      -2.853311333,     -0.6308187801,     -0.7681243135,       2.537328675,     -0.9776995895,        4.56150048
          0,           0,        1857,       -2.85143807,     -0.6596539193,     -0.7663701041,       2.539383172,     -0.9771229083,       4.508146901
          0,           0,        1858,       -2.85565966,     -0.6215745994,     -0.7712127956,       2.535251073,     -0.9764659156,       4.439365669
          0,           0,        1859,      -2.872418473,     -0.6518024062,     -0.7713459561,       2.517785011,     -0.9758184889,       4.400664037
          0,           0,        1860,      -2.865143773,     -0.6624055194,     -0.8093368245,       2.526129822,     -0.9752175789,       4.459312474
          0,           0,        1861,      -2.849288335,     -0.6501192732,     -0.7747293415,        2.54160668,     -0.9746078326,       4.563251164
          0,           0,        1862,      -2.859176414,      -0.649796498,     -0.7988201757,       2.530979127,      -0.974042927,       4.545983054
          0,           0,        1863,      -2.847570963,     -0.6444518128,     -0.7862385562,       2.543609354,      -0.973548975,       4.462062509
          0,           0,        1864,      -2.860050532,     -0.6659562593,     -0.8050051099,       2.531052692,     -0.9729094896,        4.49316805
          0,           0,        1865,      -2.856950957,     -0.6484008647,     -0.7922577995,       2.533450394,     -0.9723730499,       4.499089525
          0,           0,        1866,      -2.855387059,     -0.6555645426,      -0.795884147,       2.534599507,       -0.97177604,       4.483968987
          0,           0,        1867,      -2.853848573,     -0.6460703361,     -0.7916026472,       2.537369775,     -0.9711091799,       4.385633272
          0,           0,        1868,      -2.865419747,     -0.6454909449,      -0.778293762,        2.52446388,     -0.9705187634,        4.40057528
          0,           0,        1869,      -2.846161247,     -0.6686763056,      -0.808902466,       2.545089159,     -0.9699721631,       4.404834634
          0,           0,        1870,      -2.847118015,     -0.6332892372,     -0.7820719465,       2.542599542,     -0.9694579538,       4.469421934
          0,           0,        1871,      -2.849907046,     -0.6536742958,     -0.7882606006,       2.540995422,     -0.9689603304,       4.385368974
          0,           0,        1872,      -2.858596883,     -0.6412526553,     -0.7847833289,       2.531748294,      -0.968338252,       4.355070533
          0,           0,        1873,      -2.846540359,     -0.6599025258,     -0.7954843165,        2.54488482,     -0.9677437315,       4.425331791
          0,           0,        1874,      -2.849374016,     -0.6277001408,     -0.7837841692,       2.541114802,      -0.967086214,       4.446074649
          0,           0,        1875,      -2.848388066,     -0.6436255236,     -0.7800767584,       2.542326736,     -0.9665482325,       4.512775982
          0,           0,        1876,       -2.84765255,     -0.6380673613,     -0.7986996117,       2.544714182,     -0.9659689337,       4.468923555
          0,           0,        1877,      -2.862173811,     -0.6557685477,     -0.7927643178,       2.528301441,     -0.9653779799,       4.415649762
          0,           0,        1878,      -2.844971221,     -0.6541653185,     -0.7977603371,       2.546127932,     -0.9648210297,       4.437475712
          0,           0,        1879,      -2.841006784,     -0.6441986973,     -0.7922907487,       2.550310763,     -0.9642187839,        4.49644993
          0,           0,        1880,      -2.843743049,     -0.6473257543,      -0.795167627,       2.547378035,     -0.9636823703,       4.461895222
          0,           0,        1881,      -2.852383133,     -0.6573520859,     -0.7856957088,       2.538812728,      -0.963108664,       4.401269016
          0,           0,        1882,      -2.849186597,     -0.6602464737,      -0.801129139,       2.541901092,     -0.9624832886,       4.483627655
          0,           0,        1883,      -2.847481856,     -0.6334367861,     -0.7754085151,       2.543669436,     -0.9619792727,       4.452168876
          0,           0,        1884,      -2.846080702,     -0.6323381606,     -0.7785838774,       2.544488482,      -0.961404093,       4.515604405
          0,           0,        1885,      -2.847939019,     -0.6158503842,     -0.7817311972,       2.543316952,     -0.9609103606,        4.44404178
          0,           0,        1886,      -2.862514949,     -0.6404742586,     -0.7827497803,       2.527168598,     -0.9603740857,       4.454870978
          0,           0,        1887,      -2.850205232,     -0.6481438537,     -0.7904438521,       2.541465855,     -0.9597744532,       4.470577645
          0,           0,        1888,      -2.849207489,     -0.6209928035,     -0.7721554174,       2.541021813,     -0.9591784262,       4.561843035
          0,           0,        1889,       -2.84998552,     -0.6513089331,     -0.7919173983,       2.541166027,     -0.9585692509,       4.476085029
          0,           0,        1890,      -2.849707512,     -0.6378678074,     -0.7874253667,        2.54104158,     -0.9579246461,       4.400719597
          0,           0,        1891,      -2.862151461,     -0.6513750415,     -0.7847866437,       2.528150564,     -0.9573530428,       4.437227356
          0,           0,        1892,      -2.854264282,     -0.6446610906,      -0.794549253,       2.536277197,     -0.9567052649,        4.45897639
          0,           0,        1893,      -2.851323162,     -0.6487549795,      -0.769255159,       2.538956832,     -0.9560497955,       4.496903185
          0,           0,        1894,      -2.851727118,     -0.6480300061,     -0.7909540856,       2.538470031,     -0.9553469866,       4.474689318
          0,           0,        1895,      -2.859659873,     -0.6473221034,     -0.7685422048,        2.53050997,      -0.954605793,       4.468748387
          0,           0,        1896,         -2.854871,     -0.6573805185,     -0.7891941847,       2.536417808,     -0.9539108518,       4.409225744
          0,           0,        1897,      -2.850813164,     -0.6538844245,      -0.786389441,       2.539633119,     -0.9532084944,       4.516446571
          0,           0,        1898,      -2.850675569,     -0.6604749453,     -0.7727103627,       2.539908769,     -0.9526429389,       4.509485785
          0,           0,        1899,      -2.857449155,     -0.6398146902,     -0.7751649152,       2.532694738,      -0.952023904,       4.419893664
          0,           0,        1900,      -2.857500046,     -0.6522071474,     -0.7657229532,       2.533878163,     -0.9514475684,       4.383989992
          0,           0,        1901,       -2.86006813,     -0.6704500759,     -0.7930892731,       2.529983385,     -0.9507540418,       4.402768639
          0,           0,        1902,      -2.855169337,     -0.6524192921,     -0.7749455293,       2.534543185,     -0.9500833756,       4.485763631
          0,           0,        1903,      -2.850452281,     -0.6509859015,     -0.7979821573,       2.540042168,     -0.9494514985,       4.456355738
          0,           0,        1904,      -2.866413216,     -0.6320026773,      -0.777803821,       2.522931331,     -0.9488218468,       4.434265901
          0,           0,        1905,      -2.856638892,     -0.6552233913,     -0.8100258305,       2.534031672,     -0.9481929903,       4.405681686
          0,           0,        1906,      -2.853493515,     -0.6541438129,      -0.786967229,       2.536071658,     -0.9475365125,       4.509793992
          0,           0,        1907,      -2.848095054,     -0.6482310939,      -0.790862827,        2.54166347,     -0.9468817898,       4.551136475
          0,           0,        1908,      -2.855885947,     -0.6414738975,     -0.7907411634,       2.534512837,     -0.9462332296,       4.400476694
          0,           0,        1909,      -2.867090227,      -0.667232685,     -0.8185376474,       2.522679211,     -0.9456035147,       4.449878634
          0,           0,        1910,      -2.859951433,     -0.6519128286,     -0.8081289231,       2.529700445,      -0.945034567,       4.456248295
          0,           0,        1911,      -2.851181383,     -0.6369915506,      -0.796767951,       2.538819837,     -0.9444689504,       4.478573009
          0,           0,        1912,      -2.859611323,      -0.637236789,     -0.8066671254,          2.530375,     -0.9438540498,       4.423216044
          0,           0,        1913,      -2.864451114,     -0.6458812852,     -0.7821285878,       2.525281835,      -0.943281466,       4.421071182
          0,           0,        1914,      -2.862810795,     -0.6716480152,     -0.8174278642,       2.527926878,     -0.9426800536,       4.430365223
          0,           0,        1915,      -2.856573552,     -0.6612623209,     -0.7982259397,       2.533051153,     -0.9420302219,       4.539556137
          0,           0,        1916,      -2.847936081,     -0.6748189385,     -0.7978007265,       2.542679065,     -0.9414469486,       4.494393871
          0,           0,        1917,      -2.863220399,     -0.6574279637,     -0.7904116269,       2.525853908,     -0.9408400541,        4.36756029
          0,           0,        1918,      -2.866123547,     -0.6803725514,     -0.7955917917,       2.524603946,      -0.940244677,        4.42324324
          0,           0,        1919,      -2.859587266,     -0.6641612856,      -0.797501965,       2.530499309,     -0.9396717155,       4.464405177
          0,           0,        1920,      -2.850379744,     -0.6666037283,     -0.7836444134,       2.539868835,     -0.9391260192,       4.503032421
          0,           0,        1921,       -2.85861389,     -0.6257939339,     -0.7635153502,       2.531596313,     -0.9385428821,       4.447318781
          0,           0,        1922,      -2.861212593,     -0.6457758688,      -0.752252478,       2.529388879,      -0.937893702,        4.43087191
          0,           0,        1923,      -2.855468535,      -0.649839801,       -0.78227573,       2.535571207,     -0.9372660437,       4.417577028
          0,           0,        1924,      -2.852050374,     -0.6554229918,     -0.7796169014,       2.537659845,     -0.9366194586,       4.511522229
          0,           0,        1925,      -2.860687054,     -0.6545589994,     -0.7842704957,       2.528894219,     -0.9359521635,       4.462027339
          0,           0,        1926,      -2.864449348,     -0.6491063836,     -0.7678088924,       2.525893376,     -0.9353429595,        4.29361204
          0,           0,        1927,      -2.863316677,     -0.6556700586,      -0.785139825,       2.527492662,      -0.934675337,       4.425187141
          0,           0,        1928,      -2.850411091,     -0.6172846735,     -0.7583797759,       2.541139699,     -0.9339934274,       4.457507724
          0,           0,        1929,      -2.850132733,     -0.6441515108,     -0.7836329756,       2.540955465,     -0.9333603106,       4.482202365
          0,           0,        1930,      -2.853953707,     -0.6229512301,      -0.770642174,       2.537408876,     -0.9326655198,       4.388569404
          0,           0,        1931,      -2.864861573,     -0.6457001952,     -0.7815847062,       2.527065367,     -0.9320259192,       4.317651942
          0,           0,        1932,      -2.861486196,     -0.6597181837,     -0.8081767936,       2.530440447,     -0.9313147914,       4.457390467
          0,           0,        1933,      -2.841182625,     -0.6529672907,     -0.7887588519,       2.550775585,     -0.9307152171,       4.557961024
          0,           0,        1934,      -2.845402738,      -0.625416066,     -0.7683107689,       2.546790281,     -0.9300352808,       4.568385142
          0,           0,        1935,      -2.857202575,     -0.6557945054,     -0.7917341607,       2.533835978,     -0.9293442088,       4.387671997
          0,           0,        1936,      -2.867223582,     -0.6531716314,     -0.7750205907,       2.524809927,      -0.928643185,       4.386074317
          0,           0,        1937,        -2.8629103,     -0.6885535601,     -0.7932067107,       2.528317421,     -0.9278623606,       4.412956624
          0,           0,        1938,      -2.849476464,     -0.6384705128,     -0.7648756382,       2.541733725,     -0.9271376395,       4.471365119
          0,           0,        1939,      -2.854187253,      -0.656600891,     -0.7749867352,       2.537328426,     -0.9263853963,       4.434705426
          0,           0,        1940,      -2.863434754,     -0.6487331085,      -0.765180297,       2.527157958,     -0.9257146435,       4.496970626
          0,           0,        1941,       -2.86405747,     -0.6547855636,     -0.7633312765,       2.527940319,     -0.9250457061,       4.532165897
          0,           0,        1942,      -2.842458459,     -0.6685210907,     -0.7677720438,       2.549454142,      -0.924335752,       4.560157741
          0,           0,        1943,      -2.844465098,     -0.6601859064,     -0.7525570356,        2.54723498,     -0.9237469136,       4.494039055
          0,           0,        1944,      -2.853427918,     -0.6366373644,     -0.7582608695,       2.538928657,     -0.9230771926,       4.457609852
          0,           0,        1945,      -2.856218727,      -0.657367666,     -0.7719435462,       2.535867534,     -0.9224568562,       4.454423874
          0,           0,        1946,      -2.863506546,     -0.6874994712,     -0.7877824057,       2.528292048,     -0.9218012857,       4.483278602
          0,           0,        1947,      -2.863462405,     -0.6564231776,     -0.7550632832,       2.526901107,     -0.9211154413,       4.533804421
          0,           0,        1948,      -2.862726239,     -0.6770564683,     -0.7907828452,       2.528562759,     -0.9204406302,       4.513933465
          0,           0,        1949,      -2.860114943,     -0.6462243243,     -0.7694755139,       2.531795171,     -0.9197303666,       4.536676601
          0,           0,        1950,      -2.874409054,     -0.6873863164,     -0.8141828587,       2.516846508,     -0.9189932288,       4.582420505
          0,           0,        1951,      -2.853242841,      -0.661548384,     -0.7896789874,       2.538818784,     -0.9182974648,       4.541828015
          0,           0,        1952,      -2.859290505,     -0.6818458518,     -0.7827246821,       2.530774149,     -0.9176177748,       4.503149747
          0,           0,        1953,      -2.856392168,     -0.6656570044,     -0.8036718681,       2.534871835,     -0.9169486969,       4.449625075
          0,           0,        1954,      -2.869518343,     -0.6859511926,     -0.7927763677,       2.521773787,     -0.9163318992,        4.40761229
          0,           0,        1955,      -2.866559801,     -0.7036851732,     -0.8048023514,       2.524456941,     -0.9156144959,       4.394124259
          0,           0,        1956,      -2.864136589,     -0.6904125119,     -0.7885235291,       2.526575562,     -0.9149396791,        4.47498186
          0,           0,        1957,      -2.863524109,     -0.6954203636,     -0.7970790819,       2.527662748,     -0.9143580884,       4.494120106
          0,           0,        1958,      -2.855318967,     -0.6686680701,     -0.7859090842,       2.535765911,     -0.9137369675,       4.553250368
          0,           0,        1959,      -2.869867832,     -0.6896198395,     -0.7827521401,       2.520924649,     -0.9130748098,       4.574238571
          0,           0,        1960,      -2.848446528,     -0.6776599387,     -0.7787707415,       2.543754282,     -0.9124270476,       4.569254757
          0,           0,        1961,      -2.856288702,     -0.6623607169,     -0.7646920717,       2.534585003,     -0.9117322447,       4.541957889
          0,           0,        1962,      -2.868570554,     -0.6560475208,     -0.7810053326,       2.521889721,      -0.911059036,       4.530397617
          0,           0,        1963,      -2.856489265,     -0.6606175234,     -0.7766207982,       2.534754942,     -0.9103579018,       4.397509177
          0,           0,        1964,      -2.867289628,     -0.6671370946,      -0.769994555,       2.524023565,      -0.909695548,       4.445645327
          0,           0,        1965,      -2.855360959,     -0.6517920537,     -0.7591867418,        2.53551464,     -0.9090764529,       4.477920677
          0,           0,        1966,      -2.850281411,     -0.6709924084,     -0.7775780556,       2.540918467,     -0.9084333294,       4.525620829
          0,           0,        1967,      -2.852106522,     -0.6313369067,     -0.7707876927,       2.539589598,     -0.9077521115,       4.473345824
          0,           0,        1968,      -2.867908705,     -0.6634002887,      -0.755398754,        2.52314122,     -0.9070800411,       4.416805146
          0,           0,        1969,      -2.860455899,     -0.6790752385,     -0.7940284362,       2.531154432,     -0.9063308095,       4.461783224
          0,           0,        1970,      -2.849955619,     -0.6728107297,      -0.794027957,       2.541672994,     -0.9056358603,       4.542172256
          0,           0,        1971,      -2.854024239,     -0.6575807024,     -0.7980965908,       2.536983391,     -0.9050012449,       4.507328283
          0,           0,        1972,      -2.856824141,     -0.6777959633,     -0.7903068402,       2.533082633,     -0.9043284893,       4.400733378
          0,           0,        1973,      -2.862437568,     -0.6628748779,     -0.7817718798,       2.528686018,     -0.9036386249,       4.364723784
          0,           0,        1974,      -2.860437533,     -0.6961243242,     -0.7939191279,       2.530841777,      -0.902942178,       4.410556561
          0,           0,        1975,      -2.854091396,     -0.6679301974,     -0.7858441111,       2.536207722,     -0.9021715213,       4.508248479
          0,           0,        1976,      -2.842270539,     -0.6749718177,     -0.7942271756,       2.549087809,      -0.901400166,       4.521021563
          0,           0,        1977,      -2.865495029,     -0.6538660621,     -0.7567938033,       2.524499397,     -0.9006811431,       4.556885878
          0,           0,        1978,      -2.845142955,     -0.7013045571,      -0.788434213,       2.546928297,     -0.9000351391,       4.572539199
          0,           0,        1979,      -2.848217935,     -0.6675495557,     -0.7687469191,        2.54185844,     -0.8993518339,       4.601328224
          0,           0,        1980,      -2.846719641,     -0.6586461605,     -0.7787622314,       2.544242418,     -0.8986987781,        4.56910914
          0,           0,        1981,      -2.864522815,     -0.6691055063,     -0.7731431592,       2.525867826,     -0.8979692819,       4.397456365
          0,           0,        1982,      -2.858055092,     -0.6720958038,     -0.7859089504,       2.533182318,     -0.8972476986,       4.368072304
          0,           0,        1983,      -2.856424621,     -0.6597139972,     -0.7905603967,       2.533786136,     -0.8964825936,       4.442734612
          0,           0,        1984,      -2.853307858,     -0.6471987642,     -0.7736972046,       2.537398105,     -0.8957467761,        4.56059292
          0,           0,        1985,      -2.850616521,     -0.6515925078,     -0.7924192801,       2.540605342,     -0.8950438668,       4.507570766
          0,           0,        1986,      -2.868872228,     -0.6571588586,     -0.7826173199,       2.522097044,     -0.8943369588,       4.428536338
          0,           0,        1987,      -2.857870908,     -0.6792930367,     -0.8115652128,       2.533353548,     -0.8936463272,       4.481224323
          0,           0,        1988,      -2.848870137,     -0.6695023169,     -0.7939108292,       2.541583441,     -0.8929270183,       4.612086886
          0,           0,        1989,      -2.846763795,     -0.6570851714,     -0.7953639774,       2.543435845,      -0.892199488,       4.596458615
          0,           0,        1990,      -2.859372509,     -0.6621211463,     -0.7799929759,       2.531135852,      -0.891454773,       4.416780093
          0,           0,        1991,      -2.864260499,     -0.6707549765,     -0.7971064393,       2.526392898,     -0.8907259293,        4.38465402
          0,           0,        1992,      -2.859550149,     -0.6827402807,     -0.8054802112,        2.53134201,     -0.8900241662,       4.422850133
          0,           0,        1993,      -2.849663549,      -0.661786613,     -0.7895098278,       2.540411195,     -0.8893945268,       4.500772089
          0,           0,        1994,      -2.854963881,     -0.6388427175,     -0.7883137241,       2.535469654,     -0.8887658718,        4.40251501
          0,           0,        1995,      -2.858759434,        -0.6432797,     -0.7729154198,       2.531863173,     -0.8881279694,       4.437895513
          0,           0,        1996,      -2.859742981,      -0.661633873,     -0.7922986663,       2.531366432,     -0.8874462047,       4.408732658
          0,           0,        1997,      -2.842989269,     -0.6463864891,      -0.785983318,       2.548493257,     -0.8868180356,       4.556446127
          0,           0,        1998,      -2.846820293,     -0.6307134872,     -0.7686605603,       2.543504968,     -0.8861141709,        4.57856481
          0,           0,        1999,      -2.852227988,     -0.6437779658,     -0.7830530918,       2.538881817,     -0.8854639948,       4.508837726
          0,           0,        2000,      -2.862789111,     -0.6677542157,     -0.7967215753,       2.527886341,     -0.8848603482,       4.461382555
          0,           0,        2001,      -2.858443525,     -0.6667374381,     -0.8063502271,       2.531910022,     -0.8842077339,       4.456675559
          0,           0,        2002,      -2.845718912,     -0.6532291599,     -0.7960374823,       2.544502994,     -0.8835937646,       4.501530224
          0,           0,        2003,      -2.856383149,     -0.6544814109,     -0.8080199501,       2.534293586,     -0.8829942233,       4.427426676
          0,           0,        2004,      -2.846064909,     -0.6463743731,     -0.7965687244,       2.545772019,     -0.8823350214,       4.493209324
          0,           0,        2005,      -2.865723178,     -0.6585748309,     -0.7896300834,       2.525220469,     -0.8817335272,       4.490989359
          0,           0,        2006,      -2.839596095,     -0.6633978815,      -0.806939098,        2.55180374,     -0.8811512908,       4.539112457
          0,           0,        2007,      -2.838463591,     -0.6176573113,      -0.777193411,       2.552868875,     -0.8806028364,       4.506548214
          0,           0,        2008,      -2.844546705,     -0.6407687007,     -0.7874728868,       2.547650243,     -0.8799985796,       4.453200707
          0,           0,        2009,      -2.853858696,     -0.6395124202,     -0.7791187753,       2.537844553,     -0.8793711845,       4.500472099
          0,           0,        2010,      -2.842957667,     -0.6440960943,     -0.7964040837,       2.549456572,     -0.8787420879,       4.531729571
          0,           0,        2011,      -2.845702394,     -0.6085866504,      -0.755704685,       2.545485239,     -0.8781012557,         4.4435519
          0,           0,        2012,      -2.852208747,     -0.6290438963,       -0.78658428,       2.539752247,     -0.8774287222,       4.356065854
          0,           0,        2013,      -2.850799878,     -0.6045188848,     -0.7600910596,        2.54080068,     -0.8767953861,       4.488627518
          0,           0,        2014,      -2.854628013,     -0.6292176022,     -0.7879376559,       2.536784927,     -0.8761488295,       4.489742894
          0,           0,        2015,      -2.841169407,     -0.6248947781,     -0.7650623339,       2.550871765,     -0.8755011391,        4.58214817
          0,           0,        2016,      -2.846727114,     -0.6195308272,     -0.7704680406,        2.54355264,     -0.8748062302,       4.579814914
          0,           0,        2017,      -2.842935623,     -0.6396858854,     -0.7794077632,       2.548886686,     -0.8740839607,       4.491693253
          0,           0,        2018,      -2.857343722,     -0.6479186666,     -0.7699455579,       2.533272572,     -0.8733295621,       4.430907362
          0,           0,        2019,      -2.843896632,      -0.663947212,     -0.7938244089,       2.547395861,     -0.8726518586,        4.47428442
          0,           0,        2020,      -2.842157723,     -0.6350587223,     -0.7763303034,       2.548346949,     -0.8719890789,       4.503483046
          0,           0,        2021,      -2.850279697,     -0.6375124532,     -0.7739308242,       2.541192338,     -0.8713857686,       4.442409297
          0,           0,        2022,      -2.848869743,     -0.6275365089,     -0.7700909962,       2.541353681,     -0.8707654361,       4.474477311
          0,           0,        2023,      -2.853335951,     -0.6430665217,     -0.7880403157,       2.537062738,     -0.8701410244,       4.391318175
          0,           0,        2024,      -2.842868331,     -0.6327995233,     -0.7809989367,       2.547821077,     -0.8694726295,       4.463268216
          0,           0,        2025,      -2.838289194,     -0.6174860452,     -0.7827444354,       2.551487323,     -0.8687984109,       4.523684924
          0,           0,        2026,      -2.846247572,     -0.6374414745,     -0.7842091926,       2.545084882,      -0.868129881,       4.450267643
          0,           0,        2027,      -2.858827912,     -0.6492235186,     -0.8029228435,       2.530867924,     -0.8674717202,       4.497963371
          0,           0,        2028,       -2.85666327,     -0.6399664718,     -0.7968833814,       2.533332935,     -0.8668054781,       4.519688916
          0,           0,        2029,      -2.849860466,     -0.6304358781,     -0.7897707421,         2.5400273,     -0.8661598784,       4.535488025
          0,           0,        2030,      -2.858691555,     -0.6413408518,     -0.7864944466,       2.531276908,      -0.865484436,       4.438378787
          0,           0,        2031,      -2.849654581,     -0.6359205122,     -0.7885536019,       2.541391162,     -0.8648485923,       4.475545591
          0,           0,        2032,      -2.869035619,     -0.6573421096,     -0.7732801515,       2.520727417,     -0.8642395689,       4.369846432
          0,           0,        2033,       -2.84750302,     -0.6650337734,     -0.7997133457,       2.543065756,     -0.8636232189,       4.453664453
          0,           0,        2034,      -2.849847077,       -0.66003481,     -0.7829812179,       2.539592534,     -0.8630495629,       4.499259471
          0,           0,        2035,      -2.848021448,      -0.671633571,     -0.7960929985,       2.542727893,     -0.8624803165,       4.468086341
          0,           0,        2036,      -2.855388903,     -0.6594279125,     -0.7883642582,       2.534220102,     -0.8619114261,       4.441513824
          0,           0,        2037,      -2.857647268,     -0.6764261938,     -0.8007435575,       2.532489877,     -0.8613305053,       4.431332038
          0,           0,        2038,      -2.845343155,     -0.6580684349,     -0.7923579881,       2.544820563,     -0.8607582963,       4.466637177
          0,           0,        2039,      -2.853199023,     -0.6420286648,     -0.7696941945,       2.536518596,     -0.8601839049,       4.503242868
          0,           0,        2040,       -2.84684889,     -0.6458496027,     -0.7805608139,       2.544476807,     -0.8596122365,       4.427353052
          0,           0,        2041,      -2.862083081,      -0.640998447,     -0.7660942091,       2.527948444,     -0.8590637704,       4.346340513
          0,           0,        2042,      -2.852427097,     -0.6614333128,     -0.7801676343,       2.537867104,     -0.8585216698,       4.448015933
          0,           0,        2043,      -2.840961643,     -0.6464898849,     -0.7650931393,       2.549207264,     -0.8580236099,       4.520094947
          0,           0,        2044,      -2.854151007,     -0.6635061346,     -0.7799348619,       2.535936328,     -0.8575396908,       4.433904637
          0,           0,        2045,        -2.8649293,     -0.6438105138,     -0.7667717002,       2.524495997,      -0.857037435,       4.425233876
          0,           0,        2046,      -2.857786184,       -0.66745496,       -0.80565527,       2.532701746,     -0.8565059651,       4.399375466
          0,           0,        2047,      -2.855369933,     -0.6421068617,     -0.7736225555,       2.534415039,     -0.8560250121,       4.438069741
          0,           0,        2048,      -2.853145482,     -0.6426111539,       -0.78679695,       2.536688569,     -0.8555336818,       4.469785363
          0,           0,        2049,      -2.852126784,     -0.6352728743,      -0.777609081,       2.538956693,     -0.8550548097,       4.405543416
          0,           0,        2050,      -2.865198595,     -0.6381026806,     -0.7671943988,       2.524862983,     -0.8546000411,       4.363754276
          0,           0,        2051,       -2.84829517,     -0.6384094586,     -0.7928679589,       2.543109197,     -0.8541351004,       4.500970604
          0,           0,        2052,      -2.840938708,     -0.6340952065,     -0.7720225436,       2.549353613,     -0.8536964184,       4.579206434
          0,           0,        2053,      -2.845068558,     -0.6219115663,     -0.7818817251,       2.546401082,     -0.8532047023,       4.488709566
          0,           0,        2054,      -2.859438493,     -0.6321853946,     -0.7697519356,        2.53155891,      -0.852781189,       4.352030078
          0,           0,        2055,      -2.855954087,     -0.6390652566,     -0.7919068283,       2.536451123,     -0.8523309782,       4.399319729
          0,           0,        2056,      -2.850815813,      -0.616763018,     -0.7639599926,       2.540445674,     -0.8518513855,       4.446474728
          0,           0,        2057,      -2.851937619,     -0.6231279337,     -0.7602671287,        2.53961215,     -0.8514285116,       4.495032262
          0,           0,        2058,      -2.851897281,     -0.6013175401,     -0.7514525671,        2.54012075,     -0.8509772918,         4.4318696
          0,           0,        2059,      -2.868678141,     -0.6208005374,     -0.7508756783,       2.521997719,     -0.8505233174,       4.313329846
          0,           0,        2060,      -2.846092904,     -0.6374006459,     -0.7758152897,       2.545901844,     -0.8500515748,       4.459202394
          0,           0,        2061,      -2.842541152,      -0.611683789,     -0.7609731961,       2.548451642,     -0.8495350527,       4.544103539
          0,           0,        2062,      -2.853072618,     -0.6426451624,     -0.7690785943,       2.538008262,     -0.8490440988,       4.411922333
          0,           0,        2063,       -2.86227259,     -0.6459209769,     -0.7668034882,       2.528757951,     -0.8485544378,       4.345857094
          0,           0,        2064,      -2.857138549,     -0.6480730267,     -0.7862629812,       2.534417389,      -0.848078745,       4.431813257
          0,           0,        2065,      -2.850459467,     -0.6255894019,     -0.7563016891,       2.540960894,     -0.8476838652,       4.475934642
          0,           0,        2066,      -2.851717122,     -0.6483845828,     -0.7716798508,       2.539052569,     -0.8472065167,       4.493176762
          0,           0,        2067,      -2.854042559,     -0.6239818545,     -0.7607287812,       2.537298885,     -0.8468085699,       4.418216336
          0,           0,        2068,      -2.867219808,     -0.6431266184,     -0.7689899126,        2.52440087,     -0.8463823525,       4.378686348
          0,           0,        2069,      -2.853060856,     -0.6478495031,     -0.7889411991,       2.538216263,     -0.8459539855,       4.475913793
          0,           0,        2070,      -2.847372255,     -0.6553911889,     -0.7841252515,       2.542807982,     -0.8455009479,          4.578151
          0,           0,        2071,      -2.855942159,     -0.6198826035,     -0.7749147145,       2.534256567,     -0.8450474721,       4.506601249
          0,           0,        2072,      -2.861390685,     -0.6435105894,      -0.778900676,       2.528332114,     -0.8445576058,       4.490356399
          0,           0,        2073,      -2.855554013,     -0.6442743326,     -0.8106609805,        2.53501633,      -0.844085604,       4.589564242
          0,           0,        2074,      -2.852147905,     -0.6379211118,      -0.772839658,       2.538597975,     -0.8435520034,       4.530377346
          0,           0,        2075,      -2.857066392,     -0.6256161485,     -0.7714900854,       2.533627887,     -0.8430569896,       4.515125707
          0,           0,        2076,      -2.865535332,     -0.6288799317,     -0.7702820542,       2.524588629,     -0.8425951623,       4.422766043
          0,           0,        2077,      -2.867312628,     -0.6334812867,     -0.7870899597,       2.523185937,     -0.8420898868,       4.438603142
          0,           0,        2078,      -2.849106451,     -0.6302296995,     -0.7951712112,       2.542499461,     -0.8416448121,       4.485539611
          0,           0,        2079,      -2.851537512,     -0.6336105643,     -0.7693142907,       2.539376215,      -0.841153361,       4.519638763
          0,           0,        2080,      -2.862216026,     -0.6462440248,      -0.778665738,       2.528573807,     -0.8406418568,       4.371847746
          0,           0,        2081,      -2.858382079,     -0.6494049752,     -0.7792147821,       2.532111567,     -0.8402093982,       4.385577119
          0,           0,        2082,      -2.859789516,     -0.6374167934,     -0.7820563938,       2.531409024,     -0.8397497135,       4.477929662
          0,           0,        2083,      -2.850495553,     -0.6323700826,     -0.7837317856,       2.540456124,     -0.8392609943,       4.530272113
          0,           0,        2084,      -2.855789341,     -0.6320458549,     -0.7639597643,       2.534527778,     -0.8388356463,       4.564829837
          0,           0,        2085,      -2.855794923,     -0.6202763769,     -0.7776936144,       2.534945525,     -0.8383578058,       4.514988947
          0,           0,        2086,      -2.872497549,     -0.6381277121,     -0.7589163569,        2.51734348,     -0.8378632039,       4.521363438
          0,           0,        2087,       -2.85144979,     -0.6524277381,     -0.7906454049,       2.539718073,     -0.8373708912,       4.591196559
          0,           0,        2088,      -2.854876001,     -0.6510759959,      -0.770987782,       2.534988684,     -0.8368688778,       4.542522626
          0,           0,        2089,      -2.855315953,     -0.6346720058,     -0.7865088421,       2.534986598,     -0.8364408968,       4.465855057
          0,           0,        2090,      -2.857195868,     -0.6392614264,     -0.7765343924,       2.532741563,     -0.8359804416,       4.411455463
          0,           0,        2091,      -2.854922756,     -0.6431639726,     -0.7703679625,       2.535842459,     -0.8355406656,       4.403768188
          0,           0,        2092,      -2.853224275,     -0.6492983604,     -0.7621066705,       2.537060563,     -0.8350695419,         4.4262574
          0,           0,        2093,      -2.852172967,     -0.6302647951,     -0.7620313632,         2.5383171,     -0.8346145056,       4.473820419
          0,           0,        2094,      -2.856476944,     -0.6281539266,     -0.7563048254,       2.533927106,     -0.8341193591,        4.39557847
          0,           0,        2095,      -2.863167147,     -0.6357649781,     -0.7568967116,       2.527483633,     -0.8335571265,       4.428115122
          0,           0,        2096,      -2.843889304,     -0.6475684605,     -0.7685268473,        2.54761926,     -0.8330713559,       4.502439784
          0,           0,        2097,      -2.855903816,     -0.6447555425,     -0.7566124128,       2.534431276,      -0.832545514,       4.507246971
          0,           0,        2098,      -2.857569324,     -0.6459042631,     -0.7753998556,        2.53320637,     -0.8320489894,       4.417111654
          0,           0,        2099,      -2.862874237,     -0.6560897199,     -0.7756464702,       2.527596839,     -0.8315163504,       4.370761609
          0,           0,        2100,      -2.858462723,     -0.6663471482,     -0.7942382834,       2.532330398,     -0.8310089217,       4.398859206
          0,           0,        2101,      -2.851515096,     -0.6340594315,     -0.7759475209,       2.539096985,     -0.8304474023,       4.443189915
          0,           0,        2102,      -2.862161718,     -0.6482832705,     -0.7796135001,       2.527744108,     -0.8299087732,       4.510521748
          0,           0,        2103,      -2.849178648,     -0.6391006673,     -0.7715551817,       2.542346244,     -0.8294004074,       4.533759526
          0,           0,        2104,      -2.865814213,     -0.6439447887,     -0.7772168609,       2.524433286,     -0.8288257142,       4.558022365
          0,           0,        2105,      -2.850212017,     -0.6511459455,     -0.7814267887,       2.540637763,     -0.8282521902,       4.588177007
          0,           0,        2106,      -2.846827847,       -0.64504021,     -0.7792450384,       2.543129237,     -0.8276937076,       4.571899486
          0,           0,        2107,      -2.850122778,     -0.6404403052,      -0.771643291,       2.540989838,     -0.8271093899,       4.472410503
          0,           0,        2108,      -2.855463514,     -0.6362012755,     -0.7780486961,       2.535053454,     -0.8265114804,       4.440295262
          0,           0,        2109,      -2.845268167,      -0.634370612,     -0.7850152952,       2.545482208,     -0.8259058576,       4.451421979
          0,           0,        2110,      -2.849365699,       -0.63686147,     -0.7746279293,       2.541435633,     -0.8253395242,       4.473953648
          0,           0,        2111,      -2.845506423,     -0.6072561302,     -0.7747711617,       2.545186313,      -0.824786258,       4.498512173
          0,           0,        2112,      -2.858103613,       -0.63727638,     -0.7726926287,       2.531965013,     -0.8241986594,       4.454889647
          0,           0,        2113,      -2.852303179,     -0.6446218156,     -0.8010530993,       2.539252023,     -0.8235812649,        4.51194154
          0,           0,        2114,      -2.858329362,      -0.637172363,     -0.7670084967,       2.531845349,     -0.8229711392,       4.572421023
          0,           0,        2115,      -2.849215451,     -0.6370417808,     -0.7815497815,       2.541843802,     -0.8223483036,       4.557721049
          0,           0,        2116,       -2.86508271,     -0.6460439713,     -0.7845023287,       2.525394037,     -0.8217479618,       4.321372862
          0,           0,        2117,      -2.864498012,     -0.6555749199,     -0.7835530582,       2.525801608,     -0.8211770659,       4.398232307
          0,           0,        2118,      -2.854419408,     -0.6551961761,     -0.7801428588,       2.536060214,     -0.8206553286,       4.391427262
          0,           0,        2119,      -2.854341516,      -0.658056171,     -0.7822166811,       2.535633259,     -0.8201110264,       4.461810571
          0,           0,        2120,      -2.853261903,     -0.6327799977,     -0.7656632616,       2.536858438,       -0.81954559,       4.491903953
          0,           0,        2121,      -2.852536358,     -0.6441410753,     -0.7661713417,         2.5374047,     -0.8189993022,       4.358162551
          0,           0,        2122,      -2.844822719,     -0.6427739902,     -0.7879310521,       2.546794027,     -0.8184870131,       4.463769825
          0,           0,        2123,      -2.850961406,     -0.6322412829,     -0.7746534134,       2.539273674,     -0.8179426334,       4.557565375
          0,           0,        2124,      -2.837296839,       -0.63917771,     -0.7776859008,       2.554180433,     -0.8174638274,       4.526832894
          0,           0,        2125,      -2.863020373,     -0.6432385287,      -0.769932572,       2.526865182,     -0.8169742538,       4.387004345
          0,           0,        2126,      -2.851613795,     -0.6380429036,     -0.7823448138,       2.540154209,     -0.8164815456,        4.43607376
          0,           0,        2127,      -2.853630526,     -0.6298823715,     -0.7687556521,       2.537117095,     -0.8160014101,       4.443975606
          0,           0,        2128,      -2.850036002,     -0.6360931413,     -0.7678450923,       2.541301112,     -0.8155558198,        4.47173583
          0,           0,        2129,      -2.849433307,     -0.6180112724,     -0.7643495304,       2.542316031,     -0.8150640482,       4.527169841
          0,           0,        2130,      -2.852643477,     -0.6367016437,     -0.7601322081,       2.539487843,      -0.814608762,       4.486749729
          0,           0,        2131,       -2.85426858,     -0.6182814172,     -0.7730333127,       2.537977626,       -0.81416804,       4.583075529
          0,           0,        2132,      -2.845093686,     -0.6488136195,     -0.7692255547,       2.546558993,     -0.8137008749,       4.663384161
          0,           0,        2133,      -2.848305715,     -0.6299413311,     -0.7481442058,       2.543342719,     -0.8131896735,       4.613057193
          0,           0,        2134,      -2.851315557,     -0.6576067365,     -0.7654515768,        2.54041863,     -0.8126453441,       4.488840977
          0,           0,        2135,      -2.852693891,      -0.638087169,     -0.7541862342,        2.53940058,     -0.8120692366,       4.445777682
          0,           0,        2136,      -2.848281104,     -0.6432245645,      -0.770999953,       2.543874095,     -0.8114724653,       4.401334039
          0,           0,        2137,      -2.851124565,     -0.6277018062,      -0.754258793,       2.540482293,     -0.8109015293,       4.459687637
          0,           0,        2138,      -2.849583924,     -0.6327921154,     -0.7662532618,       2.541490784,     -0.8103289462,       4.523158677
          0,           0,        2139,      -2.850922994,     -0.6284467317,     -0.7561591544,       2.540068094,     -0.8097953458,       4.441263349
          0,           0,        2140,      -2.850711308,     -0.6415265307,     -0.7833593341,       2.540624705,     -0.8092312892,       4.460354011
          0,           0,        2141,       -2.85328226,     -0.6436088341,     -0.7634006198,       2.537413577,     -0.8086406908,       4.504062299
          0,           0,        2142,      -2.852925776,     -0.6323048207,     -0.7603811267,       2.537101913,     -0.8079933164,       4.473694483
          0,           0,        2143,      -2.855815134,     -0.6371167553,     -0.7729756184,        2.53482868,     -0.8073976004,       4.375024946
          0,           0,        2144,      -2.862123216,     -0.6470854794,     -0.7733996302,       2.528869773,     -0.8067647726,       4.466767945
          0,           0,        2145,      -2.853816066,      -0.638002656,     -0.7808032578,       2.537326056,     -0.8062278089,        4.48555231
          0,           0,        2146,      -2.851709165,       -0.63580772,     -0.7675809858,       2.538863094,     -0.8056281873,        4.51174514
          0,           0,        2147,      -2.853336209,     -0.6368563912,     -0.7812173013,        2.53731553,     -0.8050375536,       4.475646203
          0,           0,        2148,      -2.869604079,     -0.6336081781,     -0.7569961117,       2.520650586,     -0.8043845208,       4.447420055
          0,           0,        2149,      -2.858317649,     -0.6531514473,     -0.7953999387,       2.532840425,     -0.8037296189,       4.422092468
          0,           0,        2150,      -2.851089653,     -0.6582582889,     -0.7873852695,       2.539523953,     -0.8030513239,       4.563591735
          0,           0,        2151,       -2.84930947,      -0.632695735,     -0.7778137749,       2.541101565,      -0.802392084,       4.588164364
          0,           0,        2152,      -2.852265967,     -0.6549138943,     -0.7850432427,        2.53801912,      -0.801698603,       4.500798615
          0,           0,        2153,      -2.857296237,     -0.6400107911,      -0.768018368,       2.533660187,     -0.8010337009,       4.492113178
          0,           0,        2154,      -2.851604183,     -0.6450587695,     -0.7874283169,        2.53920101,     -0.8003536915,       4.481586635
          0,           0,        2155,      -2.850812531,     -0.6343256869,      -0.776592853,       2.539861898,     -0.7996434872,       4.477156602
          0,           0,        2156,       -2.84781233,     -0.6300559267,     -0.7763618045,       2.542798357,     -0.7989705291,       4.481938704
          0,           0,        2157,      -2.863993248,     -0.6342587272,      -0.763668664,       2.526132368,     -0.7983011689,       4.391561301
          0,           0,        2158,      -2.850141682,     -0.6568314344,     -0.7932471004,       2.541461042,      -0.797694494,       4.460860874
          0,           0,        2159,      -2.856600302,     -0.6391425802,      -0.764164727,       2.533067066,     -0.7970700762,       4.558852758
          0,           0,        2160,      -2.850240885,     -0.6536612136,     -0.7767767118,       2.540282228,     -0.7964603307,       4.532753505
          0,           0,        2161,      -2.858564521,     -0.6300344011,      -0.758685008,       2.531097495,     -0.7958416895,       4.337939065
          0,           0,        2162,      -2.865663751,     -0.6533237987,      -0.774694798,       2.525260098,     -0.7952061599,         4.4352086
          0,           0,        2163,      -2.848528023,     -0.6355149153,     -0.7788671424,        2.54221652,     -0.7945776719,       4.474901351
          0,           0,        2164,      -2.850438779,     -0.6332566831,     -0.7610569948,       2.540249337,     -0.7939220044,       4.542159637
          0,           0,        2165,      -2.852447241,     -0.6358990259,     -0.7766918382,       2.538918208,     -0.7933214201,       4.508340225
          0,           0,        2166,      -2.862394714,     -0.6405662142,     -0.7606553379,       2.528358764,     -0.7927590788,       4.389219583
          0,           0,        2167,      -2.856675525,     -0.6569077777,     -0.7984803715,       2.534942302,     -0.7921815793,       4.443986782
          0,           0,        2168,      -2.854231807,     -0.6331049104,     -0.7641929742,       2.535891034,     -0.7915880321,       4.518677264
          0,           0,        2169,      -2.853468009,     -0.6336178385,     -0.7814577027,       2.536378357,     -0.7909781346,       4.466093374
          0,           0,        2170,      -2.868307683,     -0.6461702808,     -0.7650965599,       2.521144819,     -0.7903345496,       4.327935858
          0,           0,        2171,      -2.864142815,       -0.64088808,     -0.7650937408,        2.52645519,     -0.7896774689,       4.414437151
          0,           0,        2172,      -2.863141363,     -0.6213836467,     -0.7550768927,       2.526481033,     -0.7890154796,       4.440388313
          0,           0,        2173,      -2.853250229,     -0.6335573697,     -0.7721709133,       2.537082441,     -0.7883305243,       4.489888122
          0,           0,        2174,      -2.858856347,     -0.6144435502,     -0.7556724226,       2.531241794,     -0.7876437444,        4.40108582
          0,           0,        2175,      -2.876974949,     -0.6301065821,      -0.774238445,       2.512667202,     -0.7869742892,       4.405062464
          0,           0,        2176,      -2.858393161,      -0.646888293,     -0.7833489551,       2.533405964,     -0.7862899071,       4.438389755
          0,           0,        2177,      -2.856812819,     -0.6384504359,     -0.7700358558,       2.533338705,     -0.7856187702,       4.529632023
          0,           0,        2178,      -2.859670439,     -0.6364532699,     -0.7853444045,        2.53083261,     -0.7849275437,       4.516629652
          0,           0,        2179,      -2.857246344,     -0.6426079236,     -0.7829284971,       2.533243251,     -0.7842247322,       4.311557571
          0,           0,        2180,      -2.871415133,      -0.655318413,     -0.7877455353,       2.519569472,     -0.7835367068,       4.411764761
          0,           0,        2181,      -2.858810859,     -0.6314056362,      -0.785512014,       2.532016715,     -0.7828305516,        4.46539256
          0,           0,        2182,      -2.851369932,     -0.6141793806,     -0.7768912987,       2.539564686,     -0.7821474053,       4.501463653
          0,           0,        2183,       -2.85719495,     -0.6218885026,     -0.7672513599,       2.533638403,      -0.781416668,       4.431401323
          0,           0,        2184,       -2.86447441,     -0.6070135306,     -0.7448053655,       2.526721283,     -0.7807029317,       4.403622079
          0,           0,        2185,      -2.853166617,     -0.6307030158,     -0.7738886293,       2.538720243,     -0.7799950208,        4.42804942
          0,           0,        2186,      -2.851448654,     -0.6176093429,     -0.7559419051,       2.539215798,     -0.7793042114,        4.50984324
          0,           0,        2187,      -2.856605742,     -0.6111187326,     -0.7578651711,       2.533130415,      -0.778586364,        4.43577372
          0,           0,        2188,      -2.857307778,     -0.6152051616,     -0.7673846066,       2.533468016,     -0.7779275135,       4.324087972
          0,           0,        2189,      -2.856119774,     -0.6141913109,     -0.7610503059,       2.534764035,     -0.7772499766,       4.439533356
          0,           0,        2190,      -2.847187224,     -0.6309933758,      -0.759617666,       2.543127833,      -0.776646852,       4.488314783
          0,           0,        2191,      -2.850290654,     -0.6162105495,     -0.7589162694,       2.540306486,     -0.7760133617,       4.463747852
          0,           0,        2192,      -2.852052961,     -0.6130462527,     -0.7622778167,       2.538752129,      -0.775439799,       4.392740335
          0,           0,        2193,      -2.857096603,     -0.6261444066,     -0.7696553825,       2.534013374,      -0.774903741,       4.473807475
          0,           0,        2194,      -2.842240567,     -0.6367504008,     -0.7768184233,       2.549546894,     -0.7743484161,       4.467392579
          0,           0,        2195,      -2.856644061,     -0.6240243156,     -0.7616028911,       2.532735944,     -0.7737649368,       4.551360465
          0,           0,        2196,      -2.852197353,     -0.6298418959,     -0.7745815753,       2.538256013,     -0.7731729042,       4.491115317
          0,           0,        2197,      -2.859843862,     -0.6492382193,     -0.7677446361,       2.530510645,     -0.7725732414,       4.427406225
          0,           0,        2198,      -2.861895794,     -0.6516768322,     -0.7728851415,       2.528638356,     -0.7719888726,       4.508893575
          0,           0,        2199,      -2.857847354,     -0.6305151934,     -0.7713884212,       2.532518794,     -0.7714166544,       4.533076655
          0,           0,        2200,       -2.86047198,     -0.6323727226,     -0.7696662056,       2.529393281,      -0.770891034,       4.484611685
          0,           0,        2201,      -2.864842989,     -0.6230691236,     -0.7705484381,        2.52531086,     -0.7703279754,       4.412590884
          0,           0,        2202,      -2.870553825,     -0.6206427309,     -0.7549633374,       2.519967982,     -0.7697965022,       4.455057189
          0,           0,        2203,      -2.856228459,     -0.6388465345,     -0.7857067082,       2.535053712,     -0.7692453666,       4.456096369
          0,           0,        2204,       -2.85734208,     -0.6161765112,     -0.7560942322,       2.533767221,     -0.7686859431,       4.488755552
          0,           0,        2205,      -2.861570454,     -0.6293534796,     -0.7659222985,       2.529638437,     -0.7681508602,        4.42975864
          0,           0,        2206,      -2.858181347,     -0.6356567329,     -0.7698745774,       2.533125199,      -0.767598922,       4.354380211
          0,           0,        2207,      -2.860249425,     -0.6352563495,     -0.7844689527,       2.531534595,     -0.7669930091,       4.452189028
          0,           0,        2208,      -2.850629605,     -0.6304137591,     -0.7710967653,       2.541224638,     -0.7664253857,       4.475987136
          0,           0,        2209,      -2.850624532,     -0.6203944957,     -0.7712380374,        2.54095019,      -0.765784917,       4.478914345
          0,           0,        2210,      -2.855645852,     -0.6073140693,     -0.7606908273,       2.536081552,     -0.7651255072,       4.457586157
          0,           0,        2211,      -2.858364576,     -0.6052111186,     -0.7531887356,       2.533646764,     -0.7644517463,       4.365588026
          0,           0,        2212,      -2.850611921,     -0.6274772442,     -0.7711484409,       2.540946092,     -0.7637197585,       4.466748993
          0,           0,        2213,      -2.860926957,     -0.6186521075,     -0.7422556293,       2.529595591,     -0.7630078706,       4.490568776
          0,           0,        2214,      -2.855475208,     -0.6255246579,     -0.7684168118,       2.535345953,     -0.7622945427,       4.414427997
          0,           0,        2215,      -2.857941566,     -0.6317389831,     -0.7654735758,       2.532652486,     -0.7615451066,       4.448948984
          0,           0,        2216,      -2.847100546,     -0.6511376703,     -0.7832438629,       2.543868851,     -0.7608190611,       4.504520326
          0,           0,        2217,      -2.858629427,     -0.6307015249,     -0.7550876542,       2.531973639,     -0.7600316611,       4.485909844
          0,           0,        2218,      -2.849015553,     -0.6267959118,     -0.7745996685,       2.542141906,     -0.7592404912,       4.482136349
          0,           0,        2219,      -2.857373062,     -0.6333115647,      -0.766480524,       2.533523594,     -0.7584394089,       4.426557856
          0,           0,        2220,      -2.847347421,     -0.6516542627,     -0.7997006056,       2.544906039,     -0.7575827756,        4.42373265
          0,           0,        2221,       -2.85860976,     -0.6345478664,     -0.7673082067,       2.531124522,     -0.7567022521,       4.513230477
          0,           0,        2222,      -2.845897779,     -0.6379612459,     -0.7714641459,       2.545812175,     -0.7558094794,       4.460522666
          0,           0,        2223,      -2.856338818,     -0.6344566292,     -0.7823859827,       2.534331115,     -0.7548879107,       4.258891886
          0,           0,        2224,      -2.857031704,     -0.6542192807,     -0.7858407015,       2.534088162,     -0.7539759084,       4.427755561
          0,           0,        2225,      -2.846874906,     -0.6372369671,     -0.7690706292,       2.544309732,     -0.7530967906,       4.464242327
          0,           0,        2226,      -2.850739904,     -0.6395296145,     -0.7691083268,       2.540221364,       -0.75223214,       4.527556195
          0,           0,        2227,      -2.850531801,     -0.6291136594,     -0.7809217934,       2.540424586,     -0.7513706857,       4.601853755
          0,           0,        2228,      -2.849693649,       -0.63111784,      -0.756681852,       2.541947801,     -0.7505163791,       4.512811416
          0,           0,        2229,      -2.848890902,     -0.6326563039,      -0.792512604,       2.543051826,     -0.7496681086,       4.495589528
          0,           0,        2230,      -2.850938602,     -0.6292174334,     -0.7497684551,       2.540188136,     -0.7488424395,       4.553702715
          0,           0,        2231,      -2.846106383,     -0.6286213994,     -0.7639490458,       2.544944599,     -0.7480413772,       4.510724859
          0,           0,        2232,      -2.861302551,     -0.6280319151,     -0.7557760828,        2.52942336,     -0.7472547427,       4.402625678
          0,           0,        2233,      -2.850684576,     -0.6282362113,     -0.7663066804,       2.540900688,     -0.7464829456,       4.484887221
          0,           0,        2234,      -2.851088908,     -0.6151853965,     -0.7495700029,       2.539833587,     -0.7457423299,       4.512735524
          0,           0,        2235,      -2.852594297,     -0.6356250951,     -0.7735902127,       2.538076442,     -0.7450036876,       4.497304706
          0,           0,        2236,      -2.850206777,     -0.6065586446,     -0.7616372294,       2.540830803,     -0.7442489785,       4.510820028
          0,           0,        2237,      -2.860973783,      -0.624081312,     -0.7522096813,       2.529240233,     -0.7435133556,        4.44524547
          0,           0,        2238,      -2.852729569,     -0.6415254091,     -0.7782061647,       2.539324447,     -0.7427769241,       4.410543401
          0,           0,        2239,      -2.855862306,      -0.636110128,     -0.7612355999,       2.533901718,     -0.7420706446,       4.507576806
          0,           0,        2240,      -2.849891673,     -0.6581258293,     -0.7742386769,       2.541419884,     -0.7413736678,       4.476015603
          0,           0,        2241,      -2.857164104,     -0.6511603647,     -0.7722373147,       2.532636302,     -0.7407123516,       4.291588336
          0,           0,        2242,      -2.861023296,     -0.6660802575,     -0.7812135049,       2.529407759,     -0.7400282164,       4.443810142
          0,           0,        2243,      -2.849688795,     -0.6577492971,     -0.7778546533,       2.540496936,     -0.7393198138,       4.425331119
          0,           0,        2244,      -2.852777127,     -0.6554090418,     -0.7767955017,       2.537657094,      -0.738622321,        4.48318928
          0,           0,        2245,      -2.854761461,     -0.6458411945,     -0.7759965515,       2.535998588,     -0.7379334199,       4.541555925
          0,           0,        2246,      -2.852173255,     -0.6478693689,     -0.7652253351,       2.539055896,     -0.7372555681,       4.413609775
          0,           0,        2247,      -2.856586866,     -0.6478817198,     -0.7777627559,       2.534330283,     -0.7365460926,       4.472535816
          0,           0,        2248,      -2.850631024,     -0.6314523268,     -0.7685074304,       2.539770123,     -0.7358278888,       4.565266203
          0,           0,        2249,      -2.847658241,     -0.6357074607,     -0.7748143382,       2.542660347,     -0.7350861267,        4.50779261
          0,           0,        2250,      -2.857005753,     -0.6424176426,      -0.764884077,       2.533357001,     -0.7343494613,       4.384267446
          0,           0,        2251,      -2.856703879,     -0.6228729659,     -0.7648251625,       2.534263547,     -0.7336395293,       4.440685607
          0,           0,        2252,      -2.856491921,     -0.6186802103,      -0.754059649,       2.533885199,     -0.7329392879,        4.48157429
          0,           0,        2253,      -2.846580604,     -0.6361443856,     -0.7762672074,       2.544423373,     -0.7322302574,       4.542233653
          0,           0,        2254,      -2.847783642,     -0.6162840914,     -0.7589348494,        2.54378909,      -0.731527089,       4.514599891
          0,           0,        2255,      -2.864093853,     -0.6152936604,     -0.7416129023,       2.526851428,     -0.7308180049,       4.485556412
          0,           0,        2256,      -2.854888114,     -0.6269063439,     -0.7741316353,       2.538102318,     -0.7300995815,       4.418593732
          0,           0,        2257,      -2.848923792,     -0.6329555972,     -0.7702331922,       2.542773868,     -0.7293490502,       4.538702849
          0,           0,        2258,      -2.850802317,     -0.6342218178,     -0.7583881089,       2.541489955,     -0.7286050113,       4.529992385
          0,           0,        2259,      -2.857157481,     -0.6205279686,     -0.7666282842,       2.534329788,     -0.7278188165,       4.396247582
          0,           0,        2260,      -2.866284139,     -0.6303331951,     -0.7553219314,       2.525693173,     -0.7270818917,        4.44504382
          0,           0,        2261,      -2.852969065,     -0.6418009134,     -0.7712202679,        2.53937403,     -0.7263448265,       4.434550458
          0,           0,        2262,      -2.855999702,     -0.6287884072,     -0.7598292849,        2.53494024,      -0.725618016,       4.508966735
          0,           0,        2263,      -2.846665752,     -0.6330060227,     -0.7616247967,       2.545691481,     -0.7249059118,       4.498870113
          0,           0,        2264,      -2.858059669,     -0.6094160436,     -0.7411066118,       2.533984171,     -0.7241577253,       4.355814515
          0,           0,        2265,       -2.85722501,     -0.6514080067,     -0.7745481614,       2.535513559,     -0.7234357376,       4.401681337
          0,           0,        2266,       -2.84167631,     -0.6358989789,     -0.7437260084,       2.550288534,     -0.7227133525,       4.506583762
          0,           0,        2267,      -2.840149771,     -0.6206442747,     -0.7537369163,       2.551571864,     -0.7220061261,       4.552105247
          0,           0,        2268,      -2.846210436,      -0.617712739,     -0.7428294447,       2.546702288,     -0.7213427458,       4.412630523
          0,           0,        2269,      -2.863084586,     -0.6544276241,      -0.757098603,       2.528930813,     -0.7206922884,        4.43160661
          0,           0,        2270,      -2.859087996,      -0.678538734,     -0.7660870268,       2.532183917,     -0.7200606109,       4.473792997
          0,           0,        2271,      -2.852504873,     -0.6363198464,     -0.7431516027,       2.539291945,     -0.7194322936,       4.478324947
          0,           0,        2272,      -2.850203897,     -0.6501250037,     -0.7646706628,       2.541471895,     -0.7188398949,       4.430617374
          0,           0,        2273,      -2.862415685,     -0.6231394379,     -0.7462457056,       2.529614349,     -0.7182511457,       4.456088227
          0,           0,        2274,      -2.854014774,     -0.6814466091,     -0.7835922382,        2.53889188,     -0.7176943393,       4.457805408
          0,           0,        2275,      -2.844367159,     -0.6563362733,     -0.7711527585,       2.547155725,     -0.7171236919,       4.584902623
          0,           0,        2276,      -2.841015718,     -0.6475215838,      -0.763607586,       2.550587655,     -0.7165497062,       4.600608709
          0,           0,        2277,      -2.855783524,     -0.6575260512,     -0.7640424107,       2.534003457,     -0.7159799101,       4.420587076
          0,           0,        2278,      -2.861726785,     -0.6762883214,     -0.7726111754,        2.52886707,     -0.7153888164,       4.476585386
          0,           0,        2279,      -2.852616286,     -0.6899255092,     -0.7822217732,       2.538351089,     -0.7148202949,       4.547056291
          0,           0,        2280,      -2.845468736,     -0.6615170577,     -0.7727494074,       2.544663758,     -0.7142303527,       4.631382833
          0,           0,        2281,      -2.842030336,     -0.6516334908,     -0.7610434605,       2.549023605,     -0.7136624275,       4.628843979
          0,           0,        2282,      -2.853138764,     -0.6288484162,     -0.7487869778,       2.537818863,     -0.7131288448,       4.564794209
          0,           0,        2283,      -2.858594823,     -0.6708643645,     -0.7741661496,       2.532646796,      -0.712572045,       4.530691796
          0,           0,        2284,      -2.844075258,     -0.6567211933,     -0.7691592732,       2.547737343,     -0.7119958607,        4.56217039
          0,           0,        2285,      -2.843256767,     -0.6496384582,     -0.7740053623,       2.547727638,     -0.7114059173,       4.507459386
          0,           0,        2286,      -2.853659312,     -0.6605909752,     -0.7776166871,        2.53787361,     -0.7108156115,       4.490830851
          0,           0,        2287,       -2.86313873,     -0.6653985286,     -0.7897176493,       2.527823946,     -0.7102158823,       4.484765205
          0,           0,        2288,      -2.862704775,     -0.6800036548,     -0.7934769345,       2.528472246,     -0.7096232437,       4.537656957
          0,           0,        2289,       -2.85418544,     -0.6560681373,     -0.7740365851,       2.536778095,     -0.7090303926,       4.544091657
          0,           0,        2290,      -2.856580723,     -0.6641562052,     -0.7754699343,       2.534337898,     -0.7084493287,       4.499596922
          0,           0,        2291,      -2.858028155,     -0.6355858231,     -0.7633432353,       2.533231643,     -0.7078615916,       4.508209205
          0,           0,        2292,      -2.864537424,     -0.6753356244,     -0.7843071796,       2.526858441,     -0.7072869235,       4.446798089
          0,           0,        2293,       -2.84708081,      -0.672642991,     -0.7909694178,       2.544748086,     -0.7067203873,       4.516797195
          0,           0,        2294,      -2.852646579,     -0.6567136113,     -0.7572917447,       2.537741081,     -0.7061660455,       4.549915763
          0,           0,        2295,        -2.8600159,     -0.6528230922,     -0.7856057358,       2.531182229,     -0.7056436145,       4.471626182
          0,           0,        2296,      -2.869460603,     -0.6644085541,     -0.7791853469,       2.521017654,     -0.7051268093,         4.4023682
          0,           0,        2297,      -2.860674133,     -0.6776117109,     -0.7882899753,       2.530298703,     -0.7046070918,       4.430577657
          0,           0,        2298,      -2.849357195,     -0.6501511395,     -0.7648039353,       2.541833913,     -0.7040679791,       4.487643304
          0,           0,        2299,      -2.851928546,     -0.6612115616,     -0.7708398229,       2.539573632,     -0.7035451263,       4.484542438
          0,           0,        2300,      -2.845068741,     -0.6253892255,     -0.7683854345,       2.546841032,     -0.7030459801,       4.467992992
          0,           0,        2301,      -2.863252764,     -0.6528701644,     -0.7615874577,       2.528394343,     -0.7025297194,       4.476483802
          0,           0,        2302,      -2.845344698,     -0.6595808809,     -0.7871449883,       2.547487838,     -0.7020281283,       4.480490357
          0,           0,        2303,      -2.852748742,     -0.6392018199,     -0.7543887265,       2.538373995,     -0.7015359118,       4.443606726
          0,           0,        2304,      -2.860996545,     -0.6577925717,     -0.7793668759,       2.530237065,     -0.7010412559,       4.459932047
          0,           0,        2305,      -2.845461626,     -0.6514128781,     -0.7601275456,       2.546965321,     -0.7005851396,       4.399078665
          0,           0,        2306,      -2.860317846,     -0.6667471436,     -0.7818943512,       2.531385332,     -0.7001336735,       4.462787891
          0,           0,        2307,      -2.850590041,      -0.626336918,     -0.7582571482,       2.541051123,     -0.6997188209,       4.488431222
          0,           0,        2308,      -2.852897922,     -0.6504998038,     -0.7667732643,       2.538181387,     -0.6993759991,       4.459707909
          0,           0,        2309,      -2.844488136,     -0.6136752155,     -0.7535722763,       2.547287547,     -0.6990444574,       4.461734146
          0,           0,        2310,      -2.856075351,     -0.6424038519,     -0.7447424603,       2.535109957,     -0.6987166847,       4.472587758
          0,           0,        2311,      -2.845268289,     -0.6371404098,     -0.7566473945,       2.547086629,      -0.698393602,       4.456275647
          0,           0,        2312,      -2.845302166,     -0.6352085407,     -0.7641646687,       2.545651862,     -0.6980908537,       4.497638528
          0,           0,        2313,      -2.851048631,     -0.6561765705,     -0.7779423828,       2.540430985,     -0.6977876595,       4.502675793
          0,           0,        2314,        -2.8445181,     -0.6387760911,     -0.7794487298,       2.546777898,     -0.6975068798,       4.450142537
          0,           0,        2315,      -2.845392345,     -0.6608114729,     -0.7847849281,       2.546413581,     -0.6972555484,       4.473365912
          0,           0,        2316,      -2.842535438,     -0.6117616801,     -0.7662849102,       2.548751309,     -0.6970177888,       4.480303887
          0,           0,        2317,      -2.845745939,     -0.6424433695,     -0.7831450111,       2.545818105,     -0.6967984263,       4.460721814
          0,           0,        2318,      -2.840539904,     -0.6204801335,     -0.7687868323,        2.55141705,     -0.6965642834,       4.454923053
          0,           0,        2319,      -2.855875575,     -0.6398813433,     -0.7689748144,       2.535597585,     -0.6963698289,       4.471508143
          0,           0,        2320,      -2.847118007,     -0.6345898352,     -0.7845295065,       2.544640778,     -0.6961624405,       4.498379938
          0,           0,        2321,       -2.84055979,     -0.6438007532,      -0.787776996,       2.550203331,     -0.6959540509,       4.531669723
          0,           0,        2322,      -2.841325949,     -0.6466667526,     -0.7842781322,       2.550662702,     -0.6957743783,       4.560158954
          0,           0,        2323,      -2.850055721,     -0.6495433995,     -0.7848780024,       2.541592723,     -0.6955881526,       4.523745991
          0,           0,        2324,      -2.854363629,     -0.6481614963,     -0.7737291596,       2.537457806,     -0.6953997914,       4.505174707
          0,           0,        2325,      -2.839705388,     -0.6323587448,     -0.7724477064,       2.551984398,     -0.6952245195,         4.5019019
          0,           0,        2326,      -2.842967301,     -0.6296808239,     -0.7546709789,       2.549455099,     -0.6950576571,       4.475183436
          0,           0,        2327,      -2.841343183,     -0.6216513903,     -0.7679200431,        2.55091558,     -0.6949116012,       4.452961953
          0,           0,        2328,       -2.85576314,     -0.6410086365,     -0.7483221179,       2.535879494,     -0.6947518541,       4.478163472
          0,           0,        2329,      -2.845820162,     -0.6539294187,     -0.7958464269,       2.546924502,     -0.6945830414,       4.465148803
          0,           0,        2330,      -2.838738369,     -0.6206947877,     -0.7568945544,       2.553818721,     -0.6944111892,       4.534582104
          0,           0,        2331,      -2.844397163,     -0.6487412707,     -0.7831419054,        2.54767691,     -0.6942179137,       4.509165784
          0,           0,        2332,      -2.844495402,     -0.6173073208,     -0.7557529996,       2.548700703,     -0.6940310157,       4.422043881
          0,           0,        2333,      -2.856100719,     -0.6495734948,     -0.7670443086,       2.536547479,     -0.6938082319,       4.444476247
          0,           0,        2334,       -2.85168916,      -0.632779715,     -0.7863456766,       2.541003075,     -0.6935858472,       4.447307783
          0,           0,        2335,      -2.843051606,     -0.6288131364,     -0.7574016563,       2.548774666,     -0.6933614796,       4.479971734
          0,           0,        2336,      -2.845428752,     -0.6158880198,     -0.7798728901,       2.546265134,     -0.6931478981,       4.459908876
          0,           0,        2337,      -2.852159009,     -0.6100996718,     -0.7536520336,       2.540207927,     -0.6929314569,       4.416821192
          0,           0,        2338,      -2.843462965,     -0.6327235603,     -0.7756161686,       2.549241372,      -0.692710057,       4.451453089
          0,           0,        2339,       -2.84348408,     -0.6297120481,     -0.7622714232,       2.547094514,     -0.6924909498,       4.551699882
          0,           0,        2340,      -2.835080546,     -0.6382533397,     -0.7675122639,       2.557254776,     -0.6922528749,       4.517373039
          0,           0,        2341,      -2.848078221,     -0.6279094845,      -0.762677625,       2.543425672,     -0.6920095455,       4.422410768
          0,           0,        2342,      -2.852515837,     -0.6350704931,       -0.76625257,        2.53925016,      -0.691753698,       4.475692032
          0,           0,        2343,      -2.845366461,     -0.6263145934,     -0.7650382229,       2.546265755,     -0.6914724056,       4.545440241
          0,           0,        2344,      -2.839697599,     -0.6210293066,     -0.7615096093,       2.552244854,     -0.6912469726,       4.574013355
          0,           0,        2345,      -2.840373339,     -0.6077239701,     -0.7620701359,       2.551610088,      -0.690986118,       4.534340106
          0,           0,        2346,      -2.853632758,     -0.6203281677,     -0.7496168568,       2.537263904,     -0.6907330046,       4.482544687
          0,           0,        2347,      -2.842362034,     -0.6454442437,     -0.7818565682,       2.549687261,     -0.6904814647,       4.446157017
          0,           0,        2348,      -2.839949722,     -0.6038505474,     -0.7564606314,       2.550504193,     -0.6901904167,       4.533793686
          0,           0,        2349,       -2.83499096,     -0.6330149184,     -0.7758362305,       2.557342251,     -0.6899191259,       4.505527596
          0,           0,        2350,      -2.847418247,         -0.618236,     -0.7583231334,       2.543503796,     -0.6896413497,        4.44975795
          0,           0,        2351,       -2.84878318,      -0.635823342,     -0.7799296159,         2.5431945,     -0.6893468811,       4.572636121
          0,           0,        2352,      -2.843218782,     -0.6194289404,     -0.7616589569,       2.548724687,      -0.689106493,       4.603020869
          0,           0,        2353,      -2.837275896,     -0.6251316404,     -0.7542634539,       2.553984683,     -0.6888369623,       4.628856897
          0,           0,        2354,      -2.848712205,     -0.6206357134,     -0.7595703199,       2.543063089,     -0.6885417425,       4.536631601
          0,           0,        2355,      -2.856172573,     -0.6387789525,     -0.7608811988,       2.536012567,     -0.6882685521,       4.443073907
          0,           0,        2356,      -2.853108558,     -0.6398066969,      -0.779185627,       2.538712319,     -0.6880083287,       4.432603046
          0,           0,        2357,      -2.841077159,     -0.6457501849,     -0.7807517664,       2.550560554,     -0.6877407194,       4.525552883
          0,           0,        2358,      -2.841485994,      -0.634172711,     -0.7613586519,        2.54969588,     -0.6874453111,       4.579912949
          0,           0,        2359,      -2.846620921,     -0.6262189672,     -0.7529585303,       2.545864107,     -0.6871560799,       4.469630228
          0,           0,        2360,      -2.849176225,     -0.6615704158,     -0.7752692577,       2.542995654,     -0.6868455562,       4.522641747
          0,           0,        2361,      -2.852464912,     -0.6460605644,     -0.7640789174,       2.538836918,     -0.6864975601,       4.530761894
          0,           0,        2362,      -2.842969895,     -0.6337483332,     -0.7477839009,       2.548516823,     -0.6861186221,       4.545242462
          0,           0,        2363,      -2.857908328,     -0.6319999978,     -0.7657504328,        2.53287675,     -0.6857221926,       4.388893061
          0,           0,        2364,      -2.854425181,     -0.6399933295,     -0.7580313905,       2.536877655,     -0.6853477847,       4.392454827
          0,           0,        2365,      -2.846153803,     -0.6387854351,     -0.7833272249,       2.545369147,     -0.6850106611,       4.442491543
          0,           0,        2366,      -2.841642403,     -0.6291234918,     -0.7669467413,       2.549309754,     -0.6846973611,        4.54162978
          0,           0,        2367,      -2.848773105,     -0.6287173211,      -0.764138052,       2.541982345,     -0.6843659972,       4.523312791
          0,           0,        2368,      -2.855996856,     -0.6320427258,     -0.7553474715,       2.534217153,     -0.6840274313,       4.347997654
          0,           0,        2369,      -2.860211412,     -0.6337946989,     -0.7659775888,       2.531017501,     -0.6836741737,       4.432166495
          0,           0,        2370,      -2.849200621,     -0.6273536129,     -0.7684784237,        2.54212345,      -0.683299905,       4.497547893
          0,           0,        2371,      -2.846684846,     -0.6151199047,     -0.7433533693,        2.54422001,       -0.68296762,       4.526890883
          0,           0,        2372,      -2.848745804,     -0.6232919069,     -0.7716674884,       2.542917971,      -0.682603006,       4.431829675
          0,           0,        2373,      -2.861333193,     -0.6259661952,     -0.7504229015,       2.529181904,     -0.6822222753,       4.441248011
          0,           0,        2374,      -2.848369252,     -0.6447702322,     -0.7764651588,       2.544302877,     -0.6818372626,       4.451952085
          0,           0,        2375,      -2.847858743,     -0.6275489348,     -0.7523838701,       2.543401809,     -0.6814390569,       4.511016715
          0,           0,        2376,      -2.845545159,     -0.6446808357,     -0.7563875149,       2.546539769,     -0.6810234796,       4.468966781
          0,           0,        2377,      -2.860792716,     -0.6455052951,     -0.7687994993,       2.529361189,     -0.6805798366,       4.375322987
          0,           0,        2378,      -2.863436091,     -0.6483445472,     -0.7587903646,       2.528379775,     -0.6801693673,        4.48117294
          0,           0,        2379,      -2.850236777,      -0.650145261,     -0.7625100745,       2.541533222,     -0.6797588484,        4.45400526
          0,           0,        2380,      -2.851048762,     -0.6450796034,     -0.7601006014,        2.53988425,     -0.6793535162,         4.4590755
          0,           0,        2381,      -2.853283408,     -0.6413234564,      -0.772711625,       2.538246329,     -0.6789635121,       4.383957532
          0,           0,        2382,      -2.858541643,     -0.6271971537,     -0.7395467442,       2.532887666,     -0.6785762468,       4.438097028
          0,           0,        2383,      -2.847407965,     -0.6559779257,     -0.7824470679,       2.544718884,     -0.6782049776,         4.4317184
          0,           0,        2384,       -2.84704809,      -0.625883993,     -0.7557647465,       2.543876619,     -0.6778483362,       4.555358015
          0,           0,        2385,      -2.851610729,     -0.6440334697,     -0.7871960557,       2.539081059,     -0.6775270201,       4.530769417
          0,           0,        2386,      -2.847909858,     -0.6323140642,     -0.7635505975,       2.543745586,     -0.6772047279,       4.374789406
          0,           0,        2387,      -2.850351809,     -0.6699818682,     -0.7801837775,       2.541374379,     -0.6768770046,       4.511682731
          0,           0,        2388,      -2.847038671,     -0.6235660691,     -0.7515473144,         2.5445705,     -0.6765414209,       4.481259998
          0,           0,        2389,      -2.841479683,     -0.6576587627,     -0.7732102628,       2.550632687,     -0.6762110472,       4.490209253
          0,           0,        2390,      -2.844870359,     -0.6252019148,     -0.7729532789,       2.546739654,     -0.6758816607,       4.453442121
          0,           0,        2391,      -2.851666616,     -0.6521424506,     -0.7635385114,       2.541509979,     -0.6755763972,         4.4460253
          0,           0,        2392,      -2.849881499,     -0.6591240829,     -0.7840545325,       2.542320159,     -0.6752823339,       4.502617919
          0,           0,        2393,      -2.840023679,     -0.6538973656,     -0.7706920733,       2.552818136,     -0.6750168851,       4.575104299
          0,           0,        2394,      -2.843785038,     -0.6401671543,     -0.7697291676,       2.548254578,     -0.6747596016,       4.577617922
          0,           0,        2395,       -2.85290219,     -0.6531971874,     -0.7708231839,       2.540329634,     -0.6744924668,       4.419790955
          0,           0,        2396,       -2.85767933,     -0.6551822173,     -0.7778905894,       2.534574305,     -0.6741824204,       4.457363917
          0,           0,        2397,      -2.856758319,     -0.6694239245,     -0.7803048988,       2.535432599,     -0.6738277052,       4.419592581
          0,           0,        2398,      -2.847044032,     -0.6548702598,     -0.7735486393,       2.544965513,     -0.6734467706,       4.473112364
          0,           0,        2399,      -2.850097767,     -0.6435080276,     -0.7782107868,       2.542365011,     -0.6730377192,         4.4433935
          0,           0,        2400,      -2.851290561,     -0.6501056454,     -0.7709114022,       2.541034267,     -0.6725952894,       4.469831384
          0,           0,        2401,      -2.845267241,     -0.6699456524,     -0.7796987755,       2.548058177,     -0.6721398881,       4.451631391
          0,           0,        2402,      -2.842306633,     -0.6670344374,     -0.7754535556,       2.549368094,     -0.6716935022,       4.518084722
          0,           0,        2403,      -2.838649513,     -0.6370112318,     -0.7714116267,       2.553665228,     -0.6712823556,       4.532734505
          0,           0,        2404,      -2.848895254,     -0.6736429697,     -0.7798615826,       2.543102986,     -0.6708206924,        4.43694833
          0,           0,        2405,       -2.85193629,     -0.6664527873,     -0.7722378304,       2.540655294,     -0.6703697721,       4.497150451
          0,           0,        2406,      -2.855847656,     -0.6685460496,     -0.7866675831,       2.536086332,     -0.6699317885,       4.485390892
          0,           0,        2407,      -2.849610544,     -0.6531291335,     -0.7586237168,       2.542434331,     -0.6695290743,       4.512608982
          0,           0,        2408,      -2.847936744,     -0.6680940449,      -0.793672245,        2.54379372,     -0.6690848869,       4.420255846
          0,           0,        2409,      -2.860259454,     -0.6241559093,     -0.7563984394,       2.532417853,     -0.6686244917,       4.436590451
          0,           0,        2410,      -2.851036676,     -0.6740462728,     -0.7950058201,       2.542279297,     -0.6681347985,       4.475976478
          0,           0,        2411,      -2.848369374,     -0.6617963673,     -0.7825494706,       2.543873132,     -0.6675959005,       4.543900249
          0,           0,        2412,       -2.84643196,     -0.6298845122,     -0.7563760901,       2.545914042,     -0.6670417704,       4.624362194
          0,           0,        2413,      -2.847172477,     -0.6462093601,      -0.769405188,       2.546371324,     -0.6664918378,       4.552148488
          0,           0,        2414,      -2.858771112,     -0.6565494669,     -0.7676733895,       2.534081167,     -0.6659308535,       4.493138079
          0,           0,        2415,      -2.849307951,     -0.6741437651,     -0.7759995395,       2.543754484,     -0.6653671956,       4.497698629
          0,           0,        2416,       -2.84432505,     -0.6381847888,     -0.7555560492,       2.547696122,     -0.6648028227,       4.508525039
          0,           0,        2417,      -2.841847809,     -0.6383718552,     -0.7661921056,       2.551630999,     -0.6642171013,       4.420465341
          0,           0,        2418,      -2.846130467,     -0.6135807532,     -0.7485009756,       2.546533105,     -0.6636321875,       4.461958352
          0,           0,        2419,      -2.852177292,     -0.6342224576,     -0.7551922609,       2.540538245,     -0.6630637372,       4.459281964
          0,           0,        2420,      -2.838401256,       -0.63311445,     -0.7658453414,       2.554522086,     -0.6625013243,         4.5944053
          0,           0,        2421,      -2.835101513,       -0.60396997,     -0.7412046467,       2.557413422,     -0.6619667367,       4.636858786
          0,           0,        2422,      -2.849458423,     -0.6384220357,     -0.7527434034,        2.54273663,     -0.6614163541,       4.563258634
          0,           0,        2423,      -2.853000658,     -0.6326292784,     -0.7444735122,       2.539607789,     -0.6608704215,       4.447222816
          0,           0,        2424,       -2.85471017,     -0.6528213681,     -0.7749667913,       2.537833764,     -0.6603075517,       4.436425588
          0,           0,        2425,      -2.839261739,     -0.6169258906,     -0.7598624794,       2.553395952,     -0.6597844565,        4.50922469
          0,           0,        2426,      -2.844830506,     -0.6492674563,     -0.7800873429,       2.548016295,     -0.6592794281,       4.478747101
          0,           0,        2427,      -2.849931865,     -0.6201236881,      -0.769868398,       2.542826905,     -0.6588044477,       4.520821442
          0,           0,        2428,      -2.866827809,      -0.660421187,     -0.7649965575,       2.525439953,     -0.6583198863,       4.451650882
          0,           0,        2429,      -2.850925576,     -0.6584271555,     -0.7815715887,       2.541224267,     -0.6578258779,       4.476062005
          0,           0,        2430,       -2.84364099,     -0.6481013726,     -0.7797888841,       2.548100648,     -0.6573506334,       4.458817422
          0,           0,        2431,      -2.849256394,     -0.6399444234,     -0.7685716653,       2.542718207,     -0.6568534291,       4.407107803
          0,           0,        2432,      -2.857439651,     -0.6604956582,      -0.779504579,       2.534249813,     -0.6563508052,       4.462091199
          0,           0,        2433,      -2.851605185,     -0.6682121895,     -0.7940989716,       2.540496571,     -0.6558568272,       4.519664048
          0,           0,        2434,      -2.841502992,     -0.6465960296,     -0.7723189885,        2.55049439,     -0.6553410913,         4.5520893
          0,           0,        2435,      -2.844493869,     -0.6436821788,     -0.7774699295,       2.547817588,      -0.654799551,       4.530739251
          0,           0,        2436,        -2.8453764,     -0.6190115577,     -0.7617743909,       2.547264105,     -0.6542482257,       4.422664537
          0,           0,        2437,      -2.848122883,      -0.642378411,     -0.7600015779,       2.545021986,     -0.6536928259,       4.417719592
          0,           0,        2438,      -2.838771591,     -0.6316799755,     -0.7706224888,       2.554450569,     -0.6531325471,       4.571952114
          0,           0,        2439,      -2.836120852,     -0.6209645851,     -0.7562696152,       2.555932969,     -0.6525896619,       4.598072014
          0,           0,        2440,      -2.843219944,     -0.6444344389,     -0.7780174062,       2.549391013,     -0.6520521042,       4.552952197
          0,           0,        2441,      -2.851903564,     -0.6439571618,     -0.7770192756,       2.540726725,     -0.6515218123,       4.421721747
          0,           0,        2442,      -2.853771988,     -0.6607434292,     -0.7799603611,       2.538433491,     -0.6509460219,       4.448940331
          0,           0,        2443,      -2.838722461,     -0.6298888362,     -0.7686259055,       2.553269246,     -0.6503361772,       4.482919149
          0,           0,        2444,      -2.849979398,     -0.6367129917,     -0.7470554129,        2.54200547,     -0.6497080957,       4.428744322
          0,           0,        2445,       -2.84561258,     -0.6236770659,     -0.7750277689,       2.547208949,     -0.6490676141,       4.433279137
          0,           0,        2446,      -2.860951132,     -0.6489641565,     -0.7652192231,       2.530624445,     -0.6484468277,       4.403397343
          0,           0,        2447,      -2.835570405,     -0.6478269141,     -0.7855716906,       2.557138396,     -0.6478497353,        4.47821211
          0,           0,        2448,      -2.838360494,      -0.632262128,     -0.7535639095,       2.552963648,     -0.6472590676,       4.431659626
          0,           0,        2449,      -2.838633279,     -0.6485327475,      -0.773798028,       2.553886631,     -0.6466643615,       4.313849271
          0,           0,        2450,      -2.854450561,     -0.6268282725,     -0.7574958551,        2.53691842,     -0.6460666132,       4.398482239
          0,           0,        2451,      -2.842035621,     -0.6565575417,     -0.7882994342,        2.55048756,     -0.6454705798,       4.496836527
          0,           0,        2452,      -2.835096375,      -0.623980067,     -0.7613908436,       2.557140172,     -0.6448881066,       4.518557512
          0,           0,        2453,      -2.843015391,     -0.6212550252,     -0.7558242501,        2.54886921,     -0.6443201954,       4.523808121
          0,           0,        2454,      -2.836118654,     -0.6081120978,     -0.7648526831,       2.556387411,     -0.6437785278,        4.48730431
          0,           0,        2455,      -2.849141992,     -0.6231904646,     -0.7533978333,       2.542871048,     -0.6432787322,       4.454021229
          0,           0,        2456,      -2.837351872,     -0.6331714846,     -0.7716798184,       2.555687586,     -0.6427823731,       4.498033058
          0,           0,        2457,       -2.83948537,     -0.6177692511,     -0.7598311374,        2.55227611,     -0.6423000499,       4.534272772
          0,           0,        2458,      -2.843235776,     -0.6265474469,     -0.7684645331,       2.549599419,     -0.6417962056,       4.492313572
          0,           0,        2459,      -2.846995011,     -0.6228618946,     -0.7709709171,       2.545223471,     -0.6413257995,       4.495831721
          0,           0,        2460,      -2.846906401,     -0.6332928179,     -0.7761999236,       2.545898442,      -0.640851307,       4.539117845
          0,           0,        2461,        -2.8435551,     -0.6168060998,     -0.7570625584,       2.548716557,     -0.6403798733,       4.528002446
          0,           0,        2462,      -2.843131867,      -0.623886199,     -0.7518424496,       2.548824475,     -0.6398861155,        4.54273545
          0,           0,        2463,      -2.843817584,     -0.6141708503,     -0.7527029868,       2.548869273,     -0.6393951314,       4.479442744
          0,           0,        2464,      -2.846806427,     -0.6215409104,     -0.7453150492,        2.54536912,     -0.6389096618,       4.407475531
          0,           0,        2465,      -2.839430661,      -0.620328081,      -0.760199493,       2.553363055,     -0.6384300065,       4.509411058
          0,           0,        2466,      -2.835514962,     -0.6300827445,     -0.7722722436,       2.556112903,     -0.6379705726,       4.568314439
          0,           0,        2467,      -2.837422771,     -0.6291245716,      -0.764454606,       2.555144776,     -0.6375155384,       4.478116478
          0,           0,        2468,      -2.852416709,     -0.6327931074,      -0.779257969,       2.538475533,     -0.6370547411,       4.435729617
          0,           0,        2469,      -2.846706557,     -0.6299596515,     -0.7605415972,       2.545546249,     -0.6365932499,       4.439669009
          0,           0,        2470,      -2.841642677,     -0.6215430593,     -0.7647101385,       2.550293446,     -0.6361094451,       4.449832369
          0,           0,        2471,      -2.846547118,     -0.6276658006,     -0.7673363273,        2.54497525,     -0.6356191422,        4.51095668
          0,           0,        2472,      -2.842375053,     -0.6134447498,     -0.7705881292,       2.549493748,     -0.6351340559,       4.465605338
          0,           0,        2473,      -2.855583451,     -0.6220778495,     -0.7631684284,       2.535412705,     -0.6346326494,       4.465767889
          0,           0,        2474,      -2.838896896,      -0.628869764,      -0.784756554,       2.553252116,     -0.6341398883,       4.433136948
          0,           0,        2475,      -2.849040653,     -0.6322549882,     -0.7663851296,       2.541911791,     -0.6336192384,       4.475372817
          0,           0,        2476,      -2.852587214,     -0.6231315928,     -0.7737720257,       2.537946208,     -0.6330772886,       4.439786605
          0,           0,        2477,      -2.848667567,     -0.6296990302,     -0.7677925133,       2.543234307,     -0.6325285824,       4.376371751
          0,           0,        2478,      -2.859704133,      -0.628678302,     -0.7661072955,        2.53222211,     -0.6319676622,        4.45045484
          0,           0,        2479,      -2.853066215,     -0.6158692795,     -0.7517665181,        2.53861847,     -0.6313949628,       4.532693505
          0,           0,        2480,      -2.848788612,     -0.6232849342,     -0.7535399891,       2.542888858,     -0.6308104159,       4.594523023
          0,           0,        2481,      -2.851419518,     -0.6157830814,     -0.7646623246,        2.54027074,     -0.6302182492,       4.581467915
          0,           0,        2482,      -2.860821841,     -0.6215703082,     -0.7459660105,       2.530759115,     -0.6296262494,        4.52429687
          0,           0,        2483,      -2.859603113,     -0.6398927561,     -0.7806106803,       2.532697226,     -0.6289999402,       4.492298631
          0,           0,        2484,      -2.851915032,     -0.6429462339,     -0.7640624347,       2.539500348,     -0.6283637763,        4.55229854
          0,           0,        2485,      -2.849530711,     -0.6480965893,     -0.7714578152,        2.54211592,     -0.6277123431,       4.532190583
          0,           0,        2486,      -2.858120823,     -0.6394527867,     -0.7614874032,       2.532967912,     -0.6270661576,       4.463598929
          0,           0,        2487,      -2.860219062,     -0.6523194961,     -0.7660633384,       2.532000782,     -0.6263896145,       4.448548593
          0,           0,        2488,      -2.863226074,     -0.6625307179,     -0.7817366319,       2.528244995,     -0.6257122602,       4.439649916
          0,           0,        2489,      -2.849823673,     -0.6352108334,     -0.7588520823,       2.541852693,     -0.6250309665,       4.453414716
          0,           0,        2490,      -2.853121803,     -0.6398984363,     -0.7830433973,        2.53917556,     -0.6243541983,       4.441372488
          0,           0,        2491,      -2.859784122,     -0.6183541599,     -0.7495088371,       2.532019151,     -0.6236898886,       4.419902361
          0,           0,        2492,      -2.851004567,     -0.6291198568,     -0.7760766151,       2.541845577,     -0.6230468226,       4.376729645
          0,           0,        2493,      -2.847650986,     -0.6141976816,     -0.7631730386,        2.54368471,     -0.6224200002,       4.490617371
          0,           0,        2494,        -2.8472243,     -0.5975517473,      -0.758018009,       2.545069289,     -0.6218064702,       4.477119706
          0,           0,        2495,      -2.853955184,     -0.6030909184,     -0.7424190437,       2.538235663,     -0.6212107792,        4.35291552
          0,           0,        2496,      -2.859820927,      -0.616009127,     -0.7556653547,       2.532584295,     -0.6206421911,       4.420388628
          0,           0,        2497,      -2.865724248,     -0.6010136738,     -0.7416241547,       2.526065163,     -0.6200633278,       4.428730963
          0,           0,        2498,       -2.85460507,     -0.5959331313,     -0.7551301449,       2.537232488,     -0.6195088517,       4.481481985
          0,           0,        2499,      -2.853655091,     -0.5891239085,     -0.7526116232,       2.538530951,     -0.6189633499,       4.430365524
          0,           0,        2500,       -2.86835091,     -0.6057935559,     -0.7300739949,       2.522989111,     -0.6184396474,       4.442545523
          0,           0,        2501,      -2.852652925,     -0.6238041413,     -0.7689864896,       2.539515096,      -0.617916844,       4.415621386
          0,           0,        2502,      -2.858247311,     -0.6155955596,      -0.748551179,       2.532658832,     -0.6174322322,       4.513657557
          0,           0,        2503,      -2.850691952,     -0.6372477903,     -0.7672422249,       2.540391728,     -0.6169650794,       4.473636161
          0,           0,        2504,       -2.86256567,     -0.6370341583,     -0.7566487969,       2.527361969,     -0.6165158297,       4.375947144
          0,           0,        2505,      -2.863644131,     -0.6502561244,     -0.7646924773,       2.527338867,     -0.6160688526,       4.418013836
          0,           0,        2506,      -2.844338334,     -0.6336197116,     -0.7684389895,       2.547488711,     -0.6156477673,       4.476205724
          0,           0,        2507,       -2.84286166,      -0.645113215,     -0.7705416905,       2.548800311,      -0.615241653,       4.534341142
          0,           0,        2508,      -2.847990046,     -0.6241965462,     -0.7603674756,       2.543470794,     -0.6148283901,       4.442996611
          0,           0,        2509,      -2.858331425,     -0.6339289438,     -0.7616336825,       2.532944561,     -0.6144099268,       4.444492466
          0,           0,        2510,      -2.850520003,     -0.6400312198,     -0.7773978616,        2.54187924,     -0.6139801054,       4.440822315
          0,           0,        2511,      -2.852860396,     -0.6511273157,     -0.7725923428,       2.538066408,     -0.6135229625,       4.500038777
          0,           0,        2512,      -2.856008731,     -0.6322092578,     -0.7623844755,       2.534694468,     -0.6130779846,       4.452262881
          0,           0,        2513,      -2.854559658,     -0.6454497873,     -0.7628826276,       2.536728489,     -0.6126319653,       4.327252945
          0,           0,        2514,       -2.86403898,     -0.6434363414,     -0.7647372265,       2.527101808,     -0.6122112832,       4.423415515
          0,           0,        2515,      -2.859327834,     -0.6259919419,      -0.754358899,       2.531308673,     -0.6117793382,       4.483651456
          0,           0,        2516,      -2.852225718,     -0.6229220946,     -0.7746147907,       2.538912969,     -0.6113505074,       4.520905013
          0,           0,        2517,      -2.862900842,     -0.6255880256,     -0.7642187091,       2.528184675,     -0.6109107093,       4.517209816
          0,           0,        2518,      -2.867827732,     -0.6278843475,     -0.7580566629,       2.524061571,     -0.6104726047,       4.469307897
          0,           0,        2519,      -2.857171756,     -0.6427439334,     -0.7776075143,        2.53387819,     -0.6100378903,       4.519330468
          0,           0,        2520,      -2.849400122,     -0.6390787372,     -0.7669801864,        2.54139204,     -0.6095989114,       4.549232705
          0,           0,        2521,       -2.85148463,     -0.6263921384,     -0.7667685535,       2.539163717,     -0.6091666642,       4.462906197
          0,           0,        2522,      -2.853529674,     -0.6462001567,     -0.7825242914,       2.537565653,     -0.6087116511,        4.38388028
          0,           0,        2523,      -2.849219878,     -0.6499015455,     -0.7886703678,       2.541872554,     -0.6082528633,        4.51614776
          0,           0,        2524,       -2.84597076,     -0.6374907823,     -0.7924749682,        2.54519418,     -0.6077840841,       4.576643216
          0,           0,        2525,      -2.846141284,     -0.6129831215,     -0.7636010382,       2.545173886,     -0.6073152972,       4.581185986
          0,           0,        2526,      -2.849036361,     -0.6280590467,     -0.7788198269,       2.542838414,     -0.6068472616,       4.461184864
          0,           0,        2527,      -2.862486816,     -0.6288242244,     -0.7713695168,       2.528564009,     -0.6063956478,       4.482954176
          0,           0,        2528,      -2.842378288,     -0.6356233239,     -0.7954719051,       2.549605363,     -0.6059664092,       4.491823149
          0,           0,        2529,      -2.845945052,     -0.6266290661,     -0.7630671936,       2.545220374,     -0.6055613573,       4.499357099
          0,           0,        2530,      -2.860474973,     -0.6380750902,     -0.7723999855,        2.53008923,     -0.6051910144,       4.403996879
          0,           0,        2531,      -2.851266538,     -0.6549562601,     -0.7828420158,       2.540418935,     -0.6048385717,       4.385496815
          0,           0,        2532,      -2.858425741,     -0.6514624144,     -0.7875306492,        2.53202281,      -0.604491044,       4.460233442
          0,           0,        2533,      -2.850668087,     -0.6314244164,     -0.7622092435,        2.54060861,     -0.6041685253,       4.480206261
          0,           0,        2534,      -2.851573194,     -0.6134172879,     -0.7595718502,       2.539680642,     -0.6038525493,       4.454996728
          0,           0,        2535,      -2.864591689,     -0.6400536547,     -0.7648212189,       2.526897867,     -0.6035447627,       4.390065387
          0,           0,        2536,      -2.860602691,     -0.6306785046,     -0.7716320286,       2.531717367,     -0.6032262681,       4.423041706
          0,           0,        2537,      -2.850674407,     -0.6508249632,     -0.7778747884,       2.541195975,     -0.6028689486,       4.481066466
          0,           0,        2538,      -2.841193063,     -0.6202802897,     -0.7598197063,       2.551540347,      -0.602486464,         4.4980582
          0,           0,        2539,      -2.856717674,      -0.628646469,     -0.7672004538,        2.53505411,     -0.6020721516,       4.410739785
          0,           0,        2540,      -2.849924127,     -0.6349529902,     -0.7725422746,       2.543295844,     -0.6016178601,       4.400281712
          0,           0,        2541,       -2.85004598,     -0.6345359177,     -0.7825837424,       2.542382277,      -0.601133451,       4.455241413
          0,           0,        2542,      -2.853974001,      -0.633935602,     -0.7708527953,       2.537710273,     -0.6006226078,       4.470130121
          0,           0,        2543,      -2.849268521,     -0.6244084014,     -0.7580364101,       2.543077858,     -0.6000880155,       4.454082192
          0,           0,        2544,      -2.852349009,     -0.6239496017,     -0.7606531559,       2.539942907,     -0.5995341668,       4.378553021
          0,           0,        2545,      -2.850008845,     -0.6240998869,     -0.7611647875,       2.543169417,     -0.5990004945,       4.337378969
          0,           0,        2546,      -2.848701512,     -0.6379620104,      -0.762010328,       2.543217359,     -0.5984866042,       4.485809499
          0,           0,        2547,      -2.840829141,     -0.6306534992,      -0.748796786,       2.551296587,     -0.5980254092,       4.500993431
          0,           0,        2548,       -2.85767051,     -0.6290736984,     -0.7745962295,       2.534153732,     -0.5975925842,        4.37255935
          0,           0,        2549,      -2.848188715,     -0.6331253671,     -0.7560987988,        2.54404917,     -0.5972026382,        4.41588947
          0,           0,        2550,      -2.846115299,     -0.6470519402,     -0.7879402937,       2.545343535,     -0.5968399174,       4.477673475
          0,           0,        2551,      -2.853954103,     -0.6202897417,     -0.7473753167,       2.537219444,      -0.596525042,       4.476205357
          0,           0,        2552,      -2.848390965,     -0.6201688217,     -0.7587405159,       2.542777103,     -0.5962295678,       4.501101624
          0,           0,        2553,      -2.855021408,     -0.6331713305,     -0.7528359586,       2.536738334,     -0.5959744458,       4.509672479
          0,           0,        2554,      -2.847454681,     -0.6503718505,     -0.7928673165,       2.545293963,     -0.5957238224,       4.541029563
          0,           0,        2555,      -2.855397195,     -0.6386662307,     -0.7610841201,       2.535692868,     -0.5955007019,       4.580440102
          0,           0,        2556,      -2.850312203,     -0.6519738649,      -0.778546011,       2.540611459,     -0.5952400543,       4.522771373
          0,           0,        2557,       -2.86234454,     -0.6381800181,     -0.7798048152,       2.528347665,     -0.5949718642,       4.338288011
          0,           0,        2558,      -2.854155444,     -0.6518631266,     -0.7851773021,       2.537543914,     -0.5946896198,       4.478636816
          0,           0,        2559,      -2.848818988,     -0.6385928194,     -0.7815670923,        2.54254568,     -0.5943856029,       4.483407933
          0,           0,        2560,      -2.850560972,     -0.6324410277,     -0.7657266722,       2.541166295,     -0.5940750346,       4.504520348
          0,           0,        2561,      -2.849796375,     -0.6158446582,     -0.7667669549,       2.542031955,     -0.5937748948,       4.515025749
          0,           0,        2562,      -2.857200179,     -0.6173255785,     -0.7540680216,       2.535177695,     -0.5935258527,       4.458765465
          0,           0,        2563,       -2.84708898,     -0.6361629365,     -0.7936013632,       2.546297658,     -0.5933244313,       4.472552599
          0,           0,        2564,      -2.855147741,     -0.6313746837,     -0.7734615606,       2.536647623,     -0.5931745568,       4.589720676
          0,           0,        2565,      -2.842188049,     -0.6247123143,     -0.7771888693,       2.550475104,     -0.5930852635,       4.574330681
          0,           0,        2566,      -2.857567398,     -0.6387496031,     -0.7677288358,       2.534582706,     -0.5930384354,       4.517339907
          0,           0,        2567,      -2.843611567,     -0.6370284999,     -0.7700184347,       2.548750449,     -0.5930348558,       4.515000031
          0,           0,        2568,      -2.848517907,     -0.6182105712,     -0.7720262428,       2.543357708,     -0.5930610958,       4.482196656
          0,           0,        2569,      -2.842965313,      -0.618493437,     -0.7724744988,       2.549989414,     -0.5931246303,       4.442103137
          0,           0,        2570,      -2.845656039,     -0.6048582536,     -0.7575467791,       2.546022043,     -0.5931840456,       4.463752388
          0,           0,        2571,      -2.847815123,     -0.6366861683,     -0.7600764449,       2.543922693,     -0.5932618684,       4.401999412
          0,           0,        2572,      -2.845314171,     -0.6157702226,     -0.7632661688,       2.547886439,      -0.593334305,       4.421369132
          0,           0,        2573,      -2.847302405,      -0.624731887,     -0.7506914166,       2.544281949,     -0.5934115214,       4.536274429
          0,           0,        2574,      -2.836953897,     -0.6400489447,     -0.7694339179,       2.555753805,     -0.5934504505,       4.491455055
          0,           0,        2575,      -2.854378753,     -0.6277933027,      -0.759198225,       2.537373144,     -0.5934857241,       4.336047009
          0,           0,        2576,      -2.848096786,      -0.642577135,     -0.7772748383,       2.544717622,     -0.5935188093,       4.479937705
          0,           0,        2577,      -2.854288615,     -0.6399727675,     -0.7762384833,       2.537339736,     -0.5935339271,       4.472408976
          0,           0,        2578,       -2.84985776,     -0.6449354882,     -0.7684305979,       2.541877018,     -0.5935438364,       4.519528061
          0,           0,        2579,      -2.851385735,     -0.6238990599,     -0.7682947642,       2.539799706,     -0.5935586064,       4.519649515
          0,           0,        2580,      -2.853808086,     -0.6341413389,     -0.7624710319,        2.53791779,     -0.5935427641,       4.360452489
          0,           0,        2581,      -2.852769652,      -0.635822508,      -0.782126706,       2.539583542,     -0.5935322044,       4.399781754
          0,           0,        2582,      -2.852861572,     -0.6385286276,     -0.7764841982,        2.53849826,     -0.5935462442,       4.540833444
          0,           0,        2583,      -2.840362639,     -0.6367929523,     -0.7701138757,       2.551711697,     -0.5935863921,       4.577508182
          0,           0,        2584,      -2.852512283,     -0.6453859445,      -0.777332553,       2.539196797,     -0.5936400128,       4.553428207
          0,           0,        2585,      -2.852701656,     -0.6248580922,     -0.7574108309,       2.539771958,     -0.5936825035,       4.567926459
          0,           0,        2586,        -2.8487001,     -0.6249949611,     -0.7734800924,       2.543571185,     -0.5937125666,       4.530513801
          0,           0,        2587,      -2.851949877,      -0.617030841,     -0.7574973894,       2.539895933,     -0.5937376248,       4.505077696
          0,           0,        2588,      -2.846141597,     -0.6156621574,     -0.7605612615,       2.546149886,     -0.5937901234,       4.439895509
          0,           0,        2589,      -2.851668641,     -0.6195222733,     -0.7571662948,       2.540579652,     -0.5938555285,       4.394276105
          0,           0,        2590,      -2.844722909,      -0.633298338,     -0.7842327125,       2.548547961,     -0.5939358224,       4.483063985
          0,           0,        2591,      -2.852303696,     -0.6401298029,      -0.776653461,       2.539547224,     -0.5940252144,       4.541608009
          0,           0,        2592,      -2.853289989,     -0.6419958131,     -0.7798116359,       2.538420086,     -0.5941355049,       4.540100302
          0,           0,        2593,      -2.847356652,     -0.6434516599,     -0.7749274298,       2.544715418,     -0.5942445325,       4.427833711
          0,           0,        2594,      -2.861205739,     -0.6439772616,      -0.759455881,       2.530604059,     -0.5943570417,       4.436102953
          0,           0,        2595,      -2.846051883,     -0.6422127472,     -0.7744842904,       2.546132195,      -0.594483956,       4.448713743
          0,           0,        2596,      -2.853896324,     -0.6335566638,     -0.7528947051,       2.537583164,     -0.5946027068,       4.505733096
          0,           0,        2597,      -2.852463057,     -0.6313687685,     -0.7706057332,       2.539134334,     -0.5947239606,       4.530117749
          0,           0,        2598,      -2.861594363,     -0.6328199327,     -0.7570091414,       2.530184164,     -0.5948356769,       4.321935717
          0,           0,        2599,      -2.857048634,     -0.6373721486,     -0.7797537057,       2.535135516,     -0.5949603533,       4.402679079
          0,           0,        2600,      -2.846166549,     -0.6435374301,     -0.7846892279,       2.545390059,     -0.5950654186,       4.519527023
          0,           0,        2601,      -2.845889678,      -0.623627257,     -0.7612314142,       2.545987528,      -0.595174417,       4.510566257
          0,           0,        2602,      -2.855725062,     -0.6391337492,     -0.7703925608,            2.5357,     -0.5952896891,        4.39362346
          0,           0,        2603,      -2.855880809,     -0.6278429809,     -0.7729051905,       2.535734586,     -0.5954018904,       4.436694593
          0,           0,        2604,      -2.851023718,     -0.6295960068,     -0.7811059996,       2.540862428,     -0.5955113993,       4.467102591
          0,           0,        2605,      -2.846118834,     -0.6285397996,     -0.7659620956,       2.545746857,     -0.5956020863,       4.496622477
          0,           0,        2606,      -2.851736287,     -0.6082064697,     -0.7633529063,       2.539772181,     -0.5956862468,       4.419478946
          0,           0,        2607,      -2.859224316,     -0.6252470746,     -0.7531716326,       2.532296376,     -0.5957618196,       4.427410737
          0,           0,        2608,      -2.847851784,     -0.6290586936,     -0.7918627522,       2.544691104,     -0.5958276718,       4.477108959
          0,           0,        2609,      -2.863638586,     -0.6343656507,     -0.7666259528,       2.526524729,     -0.5958911135,       4.541282652
          0,           0,        2610,      -2.845727495,     -0.6401170408,     -0.7751453985,       2.545969148,       -0.59598625,       4.545446029
          0,           0,        2611,      -2.857440221,     -0.6310874917,     -0.7641509895,       2.532894749,     -0.5960856904,       4.317591227
          0,           0,        2612,      -2.859927536,     -0.6580868828,     -0.7817966834,        2.53233587,     -0.5962016901,       4.455147058
          0,           0,        2613,      -2.845272323,     -0.6371263098,     -0.7786179227,       2.546273055,     -0.5963413494,       4.472189367
          0,           0,        2614,      -2.840650496,      -0.628898236,     -0.7747079488,       2.551082815,     -0.5964903631,       4.500983226
          0,           0,        2615,      -2.848794009,     -0.6241136079,     -0.7749511362,       2.543055818,     -0.5966615994,       4.485150685
          0,           0,        2616,      -2.855427729,      -0.628025932,     -0.7574391244,       2.536561896,     -0.5968392061,       4.350401996
          0,           0,        2617,      -2.849665158,     -0.6480576718,     -0.7898992544,       2.543100206,     -0.5970282272,       4.450076857
          0,           0,        2618,       -2.84487415,     -0.6366565639,     -0.7834526906,       2.547150347,     -0.5972135703,       4.548050964
          0,           0,        2619,      -2.850339171,     -0.6321777615,     -0.7805735946,       2.540578483,     -0.5973846245,       4.507620512
          0,           0,        2620,      -2.856882066,     -0.6614339466,     -0.7888966529,       2.534436747,     -0.5975807853,       4.346316474
          0,           0,        2621,      -2.855499978,     -0.6264537709,     -0.7727216845,       2.536890069,     -0.5978062906,       4.437016785
          0,           0,        2622,      -2.850729495,     -0.6156250834,     -0.7742283501,       2.540896594,     -0.5979933143,       4.488337586
          0,           0,        2623,      -2.841560625,     -0.6055406275,      -0.756854201,       2.551051789,     -0.5981460284,       4.478948436
          0,           0,        2624,      -2.852496901,        -0.6040827,     -0.7564421692,        2.53992226,     -0.5982545182,       4.409966618
          0,           0,        2625,      -2.860702161,     -0.6021255716,     -0.7515634513,        2.53216831,     -0.5983459273,       4.465654156
          0,           0,        2626,      -2.854510439,     -0.6291097549,     -0.7753995735,       2.538973607,     -0.5984310606,       4.492454754
          0,           0,        2627,      -2.841814832,     -0.6318285681,      -0.761254184,       2.550698952,     -0.5985150594,       4.587407029
          0,           0,        2628,      -2.844320942,      -0.622470352,     -0.7518838294,       2.549036014,     -0.5985754775,       4.503892433
          0,           0,        2629,      -2.858344979,     -0.6336879338,     -0.7743780973,       2.534277043,     -0.5986074914,       4.240306012
          0,           0,        2630,      -2.862301364,     -0.6600150067,     -0.7777886521,       2.530635048,     -0.5986276724,       4.452721521
          0,           0,        2631,      -2.849500527,     -0.6460831807,       -0.78695062,       2.542903878,     -0.5986512733,       4.468432464
          0,           0,        2632,      -2.849382652,     -0.6323874521,     -0.7743220037,       2.542714168,     -0.5986623757,       4.520265981
          0,           0,        2633,      -2.853885293,     -0.6243444568,     -0.7764409938,       2.538097327,     -0.5986660758,       4.523490125
          0,           0,        2634,       -2.86058032,     -0.6294562722,     -0.7657472936,       2.531208761,     -0.5986458219,       4.404648096
          0,           0,        2635,      -2.853546957,     -0.6430193771,     -0.7893403608,       2.539098398,     -0.5986166359,       4.486896356
          0,           0,        2636,      -2.850668736,     -0.6305023687,     -0.7764795648,        2.54003646,     -0.5985814993,       4.596516045
          0,           0,        2637,      -2.857447146,     -0.6234021167,     -0.7672677931,       2.533886564,     -0.5985371012,       4.629710848
          0,           0,        2638,      -2.860596039,     -0.6421653305,     -0.7825233536,        2.53141277,     -0.5985175622,        4.52822512
          0,           0,        2639,      -2.867762304,     -0.6246149384,     -0.7703992168,       2.523768004,     -0.5985079749,       4.538601519
          0,           0,        2640,      -2.855885881,     -0.6416498051,     -0.7987085327,        2.53612016,     -0.5985224848,       4.519402358
          0,           0,        2641,      -2.858313199,     -0.6238186265,     -0.7635250758,       2.532676853,     -0.5985238463,       4.501699214
          0,           0,        2642,      -2.855510278,     -0.6275843718,     -0.7845868314,       2.536135373,     -0.5985381278,       4.386977599
          0,           0,        2643,      -2.868713848,      -0.625431705,     -0.7738556178,       2.522342976,     -0.5985552481,       4.444436209
          0,           0,        2644,      -2.852731576,     -0.6396753799,     -0.7997526037,       2.540076252,     -0.5985689713,       4.501848531
          0,           0,        2645,      -2.850631845,     -0.6186032562,     -0.7669567514,       2.540898411,     -0.5985879503,       4.598712586
          0,           0,        2646,      -2.853079674,      -0.630232405,     -0.7865986516,       2.538933683,     -0.5986077192,       4.600659153
          0,           0,        2647,      -2.858003573,     -0.6320302612,      -0.771999453,       2.534089588,     -0.5986404321,       4.544058392
          0,           0,        2648,      -2.856022751,      -0.634498052,     -0.7761005712,       2.536524601,     -0.5986983377,       4.570722992
          0,           0,        2649,      -2.855449769,     -0.6148191305,     -0.7562514787,       2.536756027,      -0.598744414,       4.535176776
          0,           0,        2650,      -2.855467542,     -0.6255705238,     -0.7706177242,       2.536218436,     -0.5987749223,       4.481355155
          0,           0,        2651,      -2.857045824,     -0.6165676567,     -0.7684646006,       2.534608408,     -0.5987900392,       4.436002026
          0,           0,        2652,      -2.862438824,     -0.6100432797,     -0.7462137271,       2.529776798,     -0.5988104546,       4.442226628
          0,           0,        2653,      -2.848311781,     -0.6365611896,      -0.779293424,        2.54400951,     -0.5988423352,       4.524967854
          0,           0,        2654,      -2.854476411,     -0.6382025531,     -0.7539535548,       2.536833838,     -0.5988820599,       4.547410861
          0,           0,        2655,      -2.860523348,     -0.6363098599,     -0.7773986819,       2.530583023,     -0.5988993862,       4.503514712
          0,           0,        2656,       -2.85441144,     -0.6425697769,     -0.7610472122,       2.536878704,     -0.5989479264,       4.372004905
          0,           0,        2657,      -2.860293992,     -0.6589481925,       -0.78961627,       2.531601446,     -0.5989905111,       4.443536782
          0,           0,        2658,       -2.85482518,     -0.6289135255,     -0.7578781591,       2.536868035,     -0.5990709949,         4.4727966
          0,           0,        2659,      -2.847317232,     -0.6349542139,     -0.7695840022,       2.544550834,     -0.5991735199,       4.509172369
          0,           0,        2660,      -2.846993568,     -0.6295416292,     -0.7675838978,       2.545478949,     -0.5992666481,       4.489160558
          0,           0,        2661,      -2.864194968,     -0.6327219047,     -0.7592727435,       2.527152062,     -0.5993430881,       4.511347109
          0,           0,        2662,       -2.85116021,     -0.6369865934,     -0.7707954941,       2.541580126,     -0.5993851855,       4.488638516
          0,           0,        2663,      -2.853199314,     -0.6412461392,      -0.768343989,        2.53832126,     -0.5994056529,       4.518348656
          0,           0,        2664,      -2.853351879,     -0.6240381625,     -0.7767461604,       2.538375073,     -0.5994234347,       4.496678399
          0,           0,        2665,      -2.853917684,     -0.6438770991,     -0.7867500655,       2.537301497,     -0.5994567965,       4.459622033
          0,           0,        2666,      -2.861381352,     -0.6261117043,       -0.76289451,       2.530074064,     -0.5994967185,       4.500822574
          0,           0,        2667,      -2.860758832,      -0.630941398,     -0.7555464875,       2.530741151,     -0.5995551814,       4.531256971
          0,           0,        2668,      -2.860850971,     -0.6308071731,     -0.7783874168,       2.530661917,     -0.5995827804,       4.543406936
          0,           0,        2669,      -2.858253036,     -0.6330307863,     -0.7734106163,       2.533045309,     -0.5995990268,       4.452267462
          0,           0,        2670,       -2.87021494,      -0.629831126,     -0.7643500173,       2.520784258,      -0.599610758,       4.483225863
          0,           0,        2671,       -2.85355371,     -0.6449549485,     -0.7770886303,       2.539024087,     -0.5996272214,       4.439529252
          0,           0,        2672,      -2.864754044,     -0.6558246388,      -0.773094777,       2.526400048,     -0.5996243433,       4.478112149
          0,           0,        2673,      -2.859027059,     -0.6446980916,     -0.7715119587,        2.53271982,     -0.5996303932,       4.440305645
          0,           0,        2674,      -2.856426583,      -0.647037551,     -0.7915632698,       2.535070067,     -0.5996342927,       4.381302229
          0,           0,        2675,      -2.864377001,     -0.6559004336,     -0.7876111112,       2.527569016,     -0.5996264162,       4.472153785
          0,           0,        2676,      -2.856719603,     -0.6354984844,     -0.7773128432,       2.535167062,      -0.599610802,       4.495398898
          0,           0,        2677,      -2.857611905,     -0.6311260836,     -0.7676854104,       2.533757321,     -0.5995870323,       4.526679742
          0,           0,        2678,      -2.848420878,     -0.6256662488,     -0.7768515413,       2.543706331,     -0.5995713932,       4.494088217
          0,           0,        2679,      -2.868582855,     -0.6142865177,      -0.756077206,        2.52221435,     -0.5995330719,        4.47346305
          0,           0,        2680,       -2.85431262,      -0.653610509,     -0.8008885581,       2.537917251,     -0.5995080764,       4.422083534
          0,           0,        2681,      -2.856128093,     -0.6299683122,     -0.7706168149,       2.534635942,     -0.5994812607,       4.484502724
          0,           0,        2682,      -2.856460128,     -0.6362544238,     -0.7888488814,       2.534778344,     -0.5994659279,       4.398889312
          0,           0,        2683,      -2.859676874,     -0.6467377864,     -0.7847716592,       2.531471888,       -0.59944329,        4.34232716
          0,           0,        2684,      -2.860882259,      -0.645285594,     -0.7758841171,       2.530628585,     -0.5994057019,       4.416135764
          0,           0,        2685,       -2.86187052,      -0.648170227,     -0.7704978926,       2.529061101,     -0.5993605628,        4.41703955
          0,           0,        2686,      -2.856915681,     -0.6301309703,     -0.7717389221,       2.534718746,     -0.5993146517,       4.514561822
          0,           0,        2687,      -2.859576376,     -0.6494999559,     -0.7719857899,        2.53228487,     -0.5992496875,       4.471211885
          0,           0,        2688,      -2.868833508,     -0.6445117879,     -0.7763884731,       2.522437584,     -0.5991687076,       4.397435125
          0,           0,        2689,      -2.854378111,     -0.6619231682,     -0.7915837595,       2.537409312,      -0.599072585,       4.490000558
          0,           0,        2690,      -2.855979126,     -0.6359777506,     -0.7606197489,       2.534711752,     -0.5989669887,       4.561288636
          0,           0,        2691,      -2.857829705,     -0.6348247785,     -0.7836214983,       2.533515383,     -0.5988333739,       4.433684628
          0,           0,        2692,      -2.859075762,     -0.6419242937,     -0.7878464585,       2.532615169,     -0.5986837548,       4.359813749
          0,           0,        2693,      -2.867341436,     -0.6539314341,     -0.8000974318,       2.523489506,      -0.598516461,       4.412743306
          0,           0,        2694,       -2.85435122,     -0.6388612547,     -0.7941427789,       2.537046214,     -0.5983627739,       4.464384278
          0,           0,        2695,      -2.859762723,     -0.6166110602,     -0.7826625885,        2.53111503,     -0.5982063094,       4.499169993
          0,           0,        2696,      -2.857591434,     -0.6291255772,     -0.7785786785,       2.533936982,     -0.5980268962,       4.413365118
          0,           0,        2697,      -2.857820101,     -0.6227355312,     -0.7935550497,       2.533692145,     -0.5978024421,       4.336092595
          0,           0,        2698,      -2.853672626,     -0.6316833704,     -0.7880026988,       2.537439773,     -0.5975585321,       4.461003628
          0,           0,        2699,      -2.852694677,     -0.6137752484,     -0.7674116163,       2.537772152,     -0.5973066058,       4.485711098
          0,           0,        2700,      -2.852770177,     -0.6299007526,     -0.7960347497,       2.538587116,     -0.5970433721,       4.352579222
          0,           0,        2701,      -2.857698291,     -0.6269996226,       -0.78137495,       2.533932444,      -0.596769733,       4.393135249
          0,           0,        2702,      -2.852958281,     -0.6341425119,     -0.7935959993,        2.53798473,     -0.5964927757,       4.437359526
          0,           0,        2703,      -2.850809961,     -0.6291915673,      -0.775652827,       2.540592279,     -0.5962094914,       4.481059083
          0,           0,        2704,      -2.845497883,     -0.6179336067,     -0.7903863336,       2.546254132,     -0.5958994988,       4.490686327
          0,           0,        2705,       -2.85880829,     -0.6179254287,     -0.7700234972,       2.532590686,     -0.5955823598,       4.409518815
          0,           0,        2706,      -2.851167096,     -0.6396792139,     -0.8030055294,       2.541880149,     -0.5952718473,        4.37076252
          0,           0,        2707,      -2.849834714,     -0.6381770741,     -0.7822207832,       2.541724536,     -0.5949497288,       4.565014141
          0,           0,        2708,      -2.838674346,     -0.6201070218,     -0.7720899933,       2.554988903,     -0.5946465997,       4.571963408
          0,           0,        2709,      -2.857465298,     -0.6341580358,     -0.7798447257,       2.533355802,      -0.594351407,       4.453839696
          0,           0,        2710,       -2.85821637,     -0.6406516293,     -0.7621523118,       2.534109936,     -0.5940692298,       4.496878745
          0,           0,        2711,      -2.856586754,     -0.6394898815,     -0.7783554042,       2.535618191,     -0.5937757387,       4.489066637
          0,           0,        2712,      -2.853001895,     -0.6356694701,     -0.7574281314,       2.539100698,     -0.5934905564,        4.53710091
          0,           0,        2713,      -2.848030396,     -0.6262212886,     -0.7678414177,       2.543814992,     -0.5932035348,       4.522608702
          0,           0,        2714,      -2.857428632,     -0.6264575155,     -0.7472106787,       2.534602825,     -0.5929266844,        4.37027772
          0,           0,        2715,      -2.849094847,     -0.6425645118,     -0.7961383027,       2.544140962,     -0.5926478626,       4.443798982
          0,           0,        2716,      -2.852745918,     -0.6377353169,     -0.7649922994,       2.539218832,     -0.5923891903,       4.539777953
          0,           0,        2717,      -2.853301451,     -0.6335775456,     -0.7730209328,        2.53794908,     -0.5921397646,       4.533103583
          0,           0,        2718,      -2.856654201,     -0.6313429169,     -0.7672251308,       2.534533923,     -0.5918974469,       4.375478916
          0,           0,        2719,      -2.860370091,      -0.639416476,     -0.7745100802,       2.531103715,     -0.5916613392,       4.458246918
          0,           0,        2720,      -2.852597022,     -0.6268951716,     -0.7806447947,        2.53905505,     -0.5914175585,       4.495170677
          0,           0,        2721,      -2.853240382,     -0.6326528266,     -0.7793784492,       2.538269536,     -0.5911990307,       4.540217575
          0,           0,        2722,      -2.853633839,     -0.6146119744,     -0.7836972616,       2.537549128,     -0.5909784389,       4.518153299
          0,           0,        2723,      -2.861530245,     -0.6310921299,     -0.7772645268,       2.530075818,     -0.5907844365,       4.401776421
          0,           0,        2724,      -2.853977579,     -0.6384547327,     -0.8077966398,       2.538218488,     -0.5905755481,       4.413163326
          0,           0,        2725,      -2.852063774,     -0.6436469278,     -0.8041307868,       2.539117109,     -0.5903749111,       4.533612456
          0,           0,        2726,      -2.847118779,     -0.6278542133,      -0.778054738,       2.544986583,     -0.5901753604,       4.514508497
          0,           0,        2727,      -2.861907827,     -0.6414400873,     -0.7843441347,       2.529052992,     -0.5899829934,       4.381548568
          0,           0,        2728,      -2.861245267,     -0.6401115967,     -0.7879254624,       2.530754859,     -0.5897959141,       4.493709955
          0,           0,        2729,      -2.853184194,      -0.629033862,     -0.7853107427,         2.5391241,       -0.58962542,       4.594879262
          0,           0,        2730,      -2.849228664,     -0.6319440149,     -0.7804243216,       2.542887853,     -0.5894605853,       4.588045584
          0,           0,        2731,      -2.853573536,     -0.6155758191,     -0.7633289529,       2.538114373,     -0.5892823108,       4.499719793
          0,           0,        2732,      -2.862645689,     -0.6321520881,     -0.7599245319,       2.529105835,     -0.5890978836,       4.453853325
          0,           0,        2733,      -2.852857077,      -0.627465796,      -0.778930737,        2.53981497,     -0.5888858824,       4.442260102
          0,           0,        2734,      -2.856001602,     -0.6307531805,     -0.7656525253,       2.535188332,     -0.5886796714,       4.500042972
          0,           0,        2735,       -2.85419247,     -0.6242147043,     -0.7575061696,       2.537258399,     -0.5884624105,       4.507280733
          0,           0,        2736,       -2.86266122,     -0.6367212648,     -0.7722006017,       2.528044263,     -0.5882580314,       4.392237162
          0,           0,        2737,      -2.861845993,        -0.6343126,     -0.7718941947,       2.530020128,     -0.5880630037,       4.523481386
          0,           0,        2738,      -2.852460348,     -0.6347943189,     -0.7698978165,        2.53862913,     -0.5878583918,       4.540319053
          0,           0,        2739,      -2.849636496,     -0.6247137845,     -0.7451211535,       2.542005234,     -0.5876447321,       4.533986404
          0,           0,        2740,      -2.856929167,      -0.630782804,     -0.7584744349,       2.533964327,     -0.5874359111,       4.481506365
          0,           0,        2741,      -2.856046646,     -0.6307983318,     -0.7548480055,       2.536371771,     -0.5872497803,       4.411373124
          0,           0,        2742,      -2.854460366,     -0.6415485886,     -0.7907151106,       2.537547123,     -0.5870351041,       4.478851164
          0,           0,        2743,       -2.85371966,     -0.6401966073,     -0.7754635181,       2.537591197,     -0.5868325551,       4.566412964
          0,           0,        2744,       -2.85449718,     -0.6189157073,      -0.768261541,       2.536366177,       -0.58664732,       4.546047961
          0,           0,        2745,      -2.862058874,      -0.634578156,     -0.7717718709,       2.529045735,     -0.5864522184,       4.382867063
          0,           0,        2746,      -2.861513784,     -0.6276785278,     -0.7634579996,       2.529953625,     -0.5862615487,       4.451772024
          0,           0,        2747,      -2.852122121,     -0.6314836787,     -0.7699060064,       2.538710396,      -0.586059005,       4.500673812
          0,           0,        2748,      -2.855380547,     -0.6233546773,      -0.775522421,       2.535671315,     -0.5858709713,       4.531752811
          0,           0,        2749,      -2.854859929,     -0.6210337146,     -0.7633242585,        2.53643858,     -0.5856881213,        4.52353151
          0,           0,        2750,      -2.871790259,     -0.6387041282,      -0.774308164,       2.518953643,     -0.5855083305,       4.583080405
          0,           0,        2751,      -2.848216175,     -0.6507946606,     -0.7831076831,       2.544095947,     -0.5853428603,       4.579857535
          0,           0,        2752,      -2.868553268,     -0.6479667388,     -0.7610242536,       2.521157553,     -0.5851724388,       4.582808341
          0,           0,        2753,      -2.855950069,     -0.6381687519,     -0.7729382673,       2.535715473,     -0.5850148086,       4.502250017
          0,           0,        2754,      -2.867226619,     -0.6557189621,      -0.792230469,       2.522591582,     -0.5848778431,       4.331027335
          0,           0,        2755,      -2.875299924,     -0.6646544771,     -0.7890659956,       2.516110016,     -0.5847385668,       4.436657845
          0,           0,        2756,      -2.854702366,     -0.6485490395,     -0.7820415446,       2.536731281,     -0.5846150392,       4.517540249
          0,           0,        2757,      -2.856828777,     -0.6464265885,     -0.7847214756,       2.534402251,     -0.5845174908,       4.521695737
          0,           0,        2758,      -2.857191492,     -0.6403556637,     -0.7830786881,       2.534602352,      -0.584442576,       4.462782326
          0,           0,        2759,      -2.866400242,     -0.6352792823,     -0.7632407903,        2.52495405,     -0.5843668265,       4.457704996
          0,           0,        2760,      -2.853203553,      -0.665750938,     -0.7826479413,       2.539594832,     -0.5843114964,       4.474748928
          0,           0,        2761,      -2.862243082,     -0.6294865874,     -0.7529340914,       2.528717048,     -0.5842603181,        4.51941497
          0,           0,        2762,      -2.857864152,     -0.6415453565,     -0.7761010763,       2.532987396,     -0.5842354467,       4.488319493
          0,           0,        2763,      -2.858604964,     -0.6441971706,     -0.7740181889,       2.533313943,     -0.5842254641,       4.330941371
          0,           0,        2764,      -2.860993525,     -0.6592746193,     -0.7829777421,       2.530601167,     -0.5842395279,       4.477044288
          0,           0,        2765,      -2.860321639,     -0.6192277737,     -0.7460006271,       2.530637493,     -0.5842565186,       4.475542262
          0,           0,        2766,      -2.851311188,     -0.6524815177,     -0.7704084148,       2.540226621,     -0.5842767574,       4.457347117
          0,           0,        2767,      -2.857484938,     -0.6310496314,     -0.7624406125,       2.533968915,     -0.5842846917,       4.405684386
          0,           0,        2768,      -2.865774241,     -0.6511043576,     -0.7673415758,       2.525862436,     -0.5842989114,        4.45297571
          0,           0,        2769,      -2.859525019,     -0.6549069579,     -0.7922546823,       2.532943263,     -0.5842956656,       4.490274734
          0,           0,        2770,      -2.852891202,     -0.6626347731,      -0.787994549,       2.538833243,     -0.5843055271,       4.567145567
          0,           0,        2771,      -2.863114252,     -0.6671804178,     -0.7911757716,       2.528277326,     -0.5843152338,       4.509919803
          0,           0,        2772,      -2.867322933,     -0.6452773415,     -0.7862393268,       2.523343343,     -0.5843199025,        4.40331176
          0,           0,        2773,      -2.865162071,     -0.6751032587,     -0.7967540974,       2.526274458,      -0.584333395,        4.40944097
          0,           0,        2774,      -2.871475223,     -0.6750426906,     -0.8020899979,       2.519037559,     -0.5843762896,       4.406409855
          0,           0,        2775,      -2.860743476,      -0.655259611,     -0.7944882819,       2.530082082,     -0.5844053176,       4.488072176
          0,           0,        2776,      -2.856093656,     -0.6544804038,     -0.7897778062,       2.535077403,     -0.5844593257,       4.442830197
          0,           0,        2777,      -2.864663165,     -0.6502158848,     -0.7848228708,       2.526090875,     -0.5845253774,       4.481857823
          0,           0,        2778,      -2.858793145,     -0.6642850282,     -0.7897600374,       2.533125747,     -0.5845789352,       4.433707942
          0,           0,        2779,      -2.848628961,     -0.6560089342,     -0.7915366761,       2.543025946,     -0.5846442008,       4.458602382
          0,           0,        2780,      -2.853196311,     -0.6668238249,     -0.7885873383,       2.538115648,     -0.5847228231,       4.439866558
          0,           0,        2781,      -2.847473237,     -0.6778239929,     -0.7964823841,       2.544468845,     -0.5848177068,       4.410124976
          0,           0,        2782,      -2.856088798,      -0.673871596,     -0.7919197044,       2.535822622,     -0.5849257983,       4.445422518
          0,           0,        2783,      -2.859564948,     -0.6872909936,     -0.8080917749,       2.531676509,     -0.5850434909,       4.485155281
          0,           0,        2784,      -2.855618412,     -0.6709793721,     -0.7811938658,       2.535603458,     -0.5851726897,       4.531458644
          0,           0,        2785,      -2.854485084,     -0.6644741844,     -0.8064895796,       2.537088895,     -0.5853076376,       4.402290864
          0,           0,        2786,      -2.870460724,     -0.6342275151,     -0.7687024305,       2.520987439,     -0.5854408317,         4.4253807
          0,           0,        2787,      -2.858732685,     -0.6729108072,     -0.8126794652,        2.53441722,      -0.585571979,       4.422088938
          0,           0,        2788,      -2.855179726,     -0.6556510573,     -0.7953312279,        2.53734459,     -0.5857197158,       4.572092808
          0,           0,        2789,      -2.857616982,     -0.6453950074,     -0.7881379534,       2.533896869,     -0.5858671908,       4.602372139
          0,           0,        2790,      -2.853215526,      -0.660142164,     -0.7889354825,       2.539823382,     -0.5860338981,       4.519220698
          0,           0,        2791,      -2.872398471,     -0.6556462265,     -0.7838789893,       2.520259891,     -0.5862019136,       4.453977626
          0,           0,        2792,      -2.860413844,     -0.6981522845,     -0.7940701386,       2.532371407,     -0.5863970278,       4.461423396
          0,           0,        2793,      -2.855632533,     -0.6521003727,     -0.7590386192,       2.536231052,     -0.5866028355,       4.482176271
          0,           0,        2794,      -2.855454756,      -0.657650722,     -0.7894896669,       2.537638828,     -0.5868045518,       4.409714669
          0,           0,        2795,      -2.856255654,     -0.6331658201,      -0.770901726,       2.536544992,     -0.5870258163,       4.489166572
          0,           0,        2796,      -2.868113367,     -0.6573053586,     -0.7785938982,       2.525088692,     -0.5872581554,       4.451532852
          0,           0,        2797,      -2.850835192,      -0.646246576,     -0.7976906081,       2.542363738,     -0.5874910099,       4.501722844
          0,           0,        2798,      -2.856944306,     -0.6259245323,     -0.7732748478,       2.534873024,     -0.5877257879,       4.535123581
          0,           0,        2799,      -2.863784157,     -0.6551142548,     -0.7904101422,       2.528734392,     -0.5879554121,       4.477508102
          0,           0,        2800,      -2.869270545,     -0.6512909521,     -0.7823206232,       2.521599122,     -0.5881711779,       4.426388543
          0,           0,        2801,      -2.863549295,     -0.6731838799,     -0.8027838905,       2.528758428,     -0.5883914909,        4.55671836
          0,           0,        2802,      -2.858288094,     -0.6346400372,     -0.7767502168,       2.533680485,     -0.5886120487,       4.594519988
          0,           0,        2803,      -2.856369849,     -0.6782394434,     -0.8051244722,       2.535515448,      -0.588860308,       4.566841195
          0,           0,        2804,      -2.857635427,     -0.6275560272,     -0.7876806354,       2.534335767,     -0.5891160307,       4.532349081
          0,           0,        2805,      -2.871854659,     -0.6729129895,     -0.8017928653,       2.520098779,     -0.5893979048,        4.45277054
          0,           0,        2806,      -2.850991267,     -0.6664491106,     -0.8148321293,       2.541607416,     -0.5896606346,       4.461814532
          0,           0,        2807,      -2.852837333,     -0.6568865993,     -0.8018227874,       2.538541896,     -0.5899158886,       4.479168173
          0,           0,        2808,      -2.861675593,      -0.665238682,     -0.8043580032,       2.530187347,     -0.5901737828,          4.433758
          0,           0,        2809,       -2.86863182,     -0.6599499097,     -0.8011690445,       2.522053809,     -0.5904223049,       4.461416135
          0,           0,        2810,      -2.862104149,     -0.6740833319,     -0.8071651355,       2.529974389,      -0.590670624,       4.585789093
          0,           0,        2811,      -2.850096706,     -0.6492136698,     -0.7895723204,       2.541956369,      -0.590924382,       4.601074768
          0,           0,        2812,      -2.856804089,     -0.6561138936,     -0.7918431609,       2.535278203,     -0.5911916131,       4.568764275
          0,           0,        2813,      -2.852969115,      -0.616976891,      -0.777623364,       2.538743631,     -0.5914473965,       4.551512973
          0,           0,        2814,      -2.867835682,     -0.6377781333,     -0.7636647741,       2.523809875,     -0.5916889363,       4.479133169
          0,           0,        2815,      -2.850324612,     -0.6478536425,     -0.7891182842,       2.542600095,     -0.5919063442,       4.485853757
          0,           0,        2816,      -2.853646307,     -0.6356801427,     -0.7643414775,       2.537509184,     -0.5921139399,       4.464315712
          0,           0,        2817,      -2.862882293,     -0.6557232202,     -0.7859584003,        2.52870085,     -0.5923275891,       4.489604034
          0,           0,        2818,      -2.848979239,     -0.6502118616,     -0.7800224415,       2.543651008,     -0.5925400464,       4.434800665
          0,           0,        2819,      -2.860942589,     -0.6752455675,     -0.7871330584,       2.531161509,      -0.592762395,       4.497424157
          0,           0,        2820,      -2.851647604,     -0.6390187891,     -0.7859592128,       2.540265381,     -0.5929770299,       4.481066585
          0,           0,        2821,      -2.857481887,     -0.6510589545,     -0.7690163207,       2.534072877,     -0.5931730166,       4.440186096
          0,           0,        2822,      -2.853396858,     -0.6414437572,     -0.7889192031,       2.538497772,     -0.5933771042,       4.368693885
          0,           0,        2823,      -2.862190136,     -0.6626292197,     -0.7708951177,       2.529956824,     -0.5935784835,       4.461093191
          0,           0,        2824,      -2.840773807,     -0.6554955813,     -0.8041349063,        2.55251358,     -0.5937833709,       4.536156679
          0,           0,        2825,      -2.853328554,     -0.6284682202,     -0.7710329821,        2.53789098,     -0.5939942521,       4.544434669
          0,           0,        2826,      -2.855571863,     -0.6490635278,     -0.7997292991,       2.537094144,     -0.5941974104,       4.431269632
          0,           0,        2827,      -2.863795739,     -0.6391608294,     -0.7810062946,        2.52713306,     -0.5944078939,       4.385340294
          0,           0,        2828,      -2.858631902,     -0.6461928803,     -0.7986943665,       2.533607594,     -0.5946035417,       4.429734704
          0,           0,        2829,       -2.84899993,     -0.6061810107,     -0.7693455257,       2.543086492,     -0.5948083394,       4.434720496
          0,           0,        2830,      -2.854839796,     -0.6282016043,     -0.7770239307,       2.536449738,     -0.5950044474,       4.436178706
          0,           0,        2831,      -2.850151563,     -0.6264583566,     -0.7855178553,       2.541616473,     -0.5951956453,       4.463810568
          0,           0,        2832,      -2.865473934,     -0.6262645131,     -0.7758529357,       2.525807183,     -0.5953894428,       4.459020825
          0,           0,        2833,      -2.842166294,     -0.6391221169,     -0.7930947078,       2.550110052,     -0.5955866254,       4.471375476
          0,           0,        2834,      -2.847789243,     -0.6402051522,     -0.7817243666,       2.542651622,     -0.5957569958,       4.476230714
          0,           0,        2835,      -2.843265192,     -0.6473035835,     -0.7918181151,       2.549339522,     -0.5959250393,       4.346801958
          0,           0,        2836,      -2.867137251,       -0.63485253,     -0.7970047065,       2.523491146,     -0.5961043138,        4.35854096
          0,           0,        2837,      -2.853105125,     -0.6445784054,     -0.8076602995,       2.538948599,     -0.5962749217,       4.401368808
          0,           0,        2838,      -2.845564195,     -0.6164367473,     -0.7855277362,       2.546172973,     -0.5964457681,       4.467831563
          0,           0,        2839,      -2.853758549,      -0.617930738,     -0.7764727293,       2.537468566,      -0.596618298,       4.506857464
          0,           0,        2840,      -2.844241155,     -0.6145560853,     -0.7885265885,       2.547939621,     -0.5967857429,       4.443326935
          0,           0,        2841,      -2.860000749,     -0.6260037793,     -0.7827292027,       2.530756358,      -0.596974856,       4.468074882
          0,           0,        2842,      -2.847164573,     -0.6499175749,     -0.8015532472,       2.545215982,      -0.597174935,       4.435996326
          0,           0,        2843,      -2.850245252,     -0.6251287239,     -0.7850577304,       2.540325253,     -0.5973790922,       4.499583032
          0,           0,        2844,      -2.853619463,      -0.646067177,     -0.8045782075,       2.537545268,     -0.5975740271,       4.472717385
          0,           0,        2845,      -2.850003067,     -0.6403631455,     -0.7993177051,       2.541909681,     -0.5977590391,       4.421392879
          0,           0,        2846,      -2.858021912,     -0.6441544092,     -0.8049203436,       2.534540932,     -0.5979423023,       4.457755367
          0,           0,        2847,      -2.854329835,     -0.6316044656,     -0.8009459411,        2.53730832,     -0.5981166298,       4.525436292
          0,           0,        2848,      -2.853722214,     -0.6264082546,     -0.7746519192,       2.538643497,     -0.5982810485,       4.550827142
          0,           0,        2849,       -2.85835488,     -0.6330739354,     -0.7870279213,       2.533657247,     -0.5984452445,       4.552945027
          0,           0,        2850,      -2.856247902,     -0.6324926889,     -0.7689872324,       2.536566816,      -0.598613539,       4.536783183
          0,           0,        2851,      -2.856842076,     -0.6358105475,      -0.781927669,       2.536110764,     -0.5987471698,       4.478840545
          0,           0,        2852,      -2.853752473,     -0.6383288653,     -0.7678532048,       2.538569551,     -0.5988897637,       4.545564808
          0,           0,        2853,      -2.849643257,     -0.6489000859,     -0.7868090669,       2.542791283,     -0.5990269985,       4.532739158
          0,           0,        2854,      -2.858418898,     -0.6425457031,     -0.7927422249,       2.533706532,     -0.5991517168,       4.483315609
          0,           0,        2855,      -2.862299366,      -0.636397284,     -0.7767914321,       2.530526547,     -0.5992781679,        4.45842193
          0,           0,        2856,      -2.863356087,     -0.6429038824,     -0.7860830128,       2.528878365,     -0.5994000632,       4.438998636
          0,           0,        2857,      -2.861828338,      -0.636952692,     -0.7697947156,       2.529600988,     -0.5995175992,       4.453798516
          0,           0,        2858,      -2.862379115,     -0.6405289653,      -0.790835976,       2.529254667,     -0.5996295486,       4.413407872
          0,           0,        2859,      -2.866248119,     -0.6380095771,     -0.7763375293,       2.525055885,     -0.5997574747,       4.437429345
          0,           0,        2860,      -2.856168633,     -0.6458183909,     -0.8035465957,        2.53579411,     -0.5998940555,       4.377302344
          0,           0,        2861,      -2.855487726,     -0.6497990594,        -0.7966817,       2.534767531,     -0.6000327777,       4.459687271
          0,           0,        2862,      -2.856594282,     -0.6417245118,     -0.7981766934,       2.533955869,      -0.600166096,       4.438102257
          0,           0,        2863,      -2.852527915,     -0.6405016656,     -0.8016802074,        2.53825857,     -0.6003037714,       4.351889072
          0,           0,        2864,      -2.867131813,     -0.6430844472,     -0.7910323533,       2.524336667,     -0.6004519383,       4.435002307
          0,           0,        2865,      -2.856737088,     -0.6328584225,     -0.7979662187,       2.534941052,     -0.6006069589,       4.495224446
          0,           0,        2866,      -2.854436988,      -0.634922352,      -0.789662521,       2.536560964,     -0.6007654556,       4.607972092
          0,           0,        2867,      -2.849704421,     -0.6241722425,     -0.7969567784,       2.542426687,      -0.600939763,       4.584465286
          0,           0,        2868,      -2.865559642,     -0.6208156726,     -0.7645848747,        2.52552642,     -0.6011134042,       4.533833335
          0,           0,        2869,      -2.855888049,     -0.6516674193,     -0.8084577259,       2.536456935,     -0.6012948481,       4.530016964
          0,           0,        2870,      -2.856763324,     -0.6386427746,     -0.7847100113,       2.533212498,     -0.6014712588,       4.561066517
          0,           0,        2871,      -2.849720934,     -0.6572903971,     -0.8056082606,       2.542171274,     -0.6016664052,        4.48564482
          0,           0,        2872,      -2.859766638,     -0.6499298498,     -0.7955187655,       2.530330186,     -0.6018573535,       4.351920637
          0,           0,        2873,      -2.871606334,      -0.663426099,     -0.7857747974,       2.519448858,     -0.6020510478,       4.461037261
          0,           0,        2874,      -2.856771423,     -0.6473417987,     -0.8022485758,       2.534440429,     -0.6022479512,       4.488433846
          0,           0,        2875,      -2.855907119,     -0.6425452753,     -0.7756382306,       2.534877649,      -0.602444789,       4.525448416
          0,           0,        2876,      -2.857415681,     -0.6338015038,     -0.7971906685,          2.534311,     -0.6026443913,       4.458474615
          0,           0,        2877,       -2.87169031,     -0.6452106542,     -0.7640003365,       2.519832708,     -0.6028251052,       4.420186655
          0,           0,        2878,      -2.858898518,     -0.6666091461,     -0.8048225327,       2.533789851,     -0.6030362896,       4.410514957
          0,           0,        2879,      -2.856380718,     -0.6527984428,      -0.779235117,       2.535306058,     -0.6032474785,       4.508636313
          0,           0,        2880,      -2.858227846,     -0.6525169635,     -0.8034349408,       2.532866658,     -0.6034578462,       4.519240337
          0,           0,        2881,       -2.86071247,     -0.6424261249,     -0.7734795945,       2.530865568,     -0.6036675631,       4.387614817
          0,           0,        2882,      -2.863238747,     -0.6693039786,     -0.7946995703,         2.5288411,     -0.6038570981,       4.397173594
          0,           0,        2883,      -2.863659984,     -0.6461331283,     -0.7758066682,       2.528087359,     -0.6040367617,       4.426862267
          0,           0,        2884,      -2.851852522,      -0.668156204,     -0.7937895352,       2.539817819,     -0.6042148186,       4.498647794
          0,           0,        2885,      -2.861357096,     -0.6373495273,     -0.7876041258,       2.530573829,     -0.6043971153,       4.419892401
          0,           0,        2886,      -2.871564082,     -0.6419223157,     -0.7738582995,        2.52052478,     -0.6045694019,       4.447559974
          0,           0,        2887,      -2.862468256,     -0.6653158022,     -0.8077679592,       2.530625076,     -0.6047329955,       4.467999854
          0,           0,        2888,      -2.851064412,     -0.6560723713,     -0.7878228443,        2.54144061,     -0.6048976861,       4.531193544
          0,           0,        2889,      -2.851613165,     -0.6453261314,     -0.7951631381,       2.540151469,     -0.6050349019,       4.532150838
          0,           0,        2890,      -2.861106575,     -0.6625247746,     -0.7922785288,       2.531618676,     -0.6051649637,       4.302742806
          0,           0,        2891,       -2.87894832,     -0.6737803971,     -0.7985088704,       2.513358534,     -0.6052835367,       4.403336185
          0,           0,        2892,      -2.864488165,     -0.6807701423,     -0.8085706772,       2.527926609,      -0.605413476,       4.454241889
          0,           0,        2893,      -2.855230199,     -0.6502478195,     -0.7824699206,       2.536803188,     -0.6055463559,        4.47069182
          0,           0,        2894,      -2.862702819,     -0.6629467477,     -0.7982860293,       2.529204185,     -0.6056936136,       4.370856485
          0,           0,        2895,      -2.864264846,     -0.6537571403,     -0.7862301214,       2.528302443,     -0.6058462485,         4.4186643
          0,           0,        2896,      -2.859208025,      -0.681814559,     -0.8061397622,       2.534014561,     -0.6060085234,       4.472189567
          0,           0,        2897,      -2.848877991,     -0.6733522141,     -0.7867849814,       2.543290391,      -0.606167782,       4.558508634
          0,           0,        2898,      -2.852041013,     -0.6593047945,     -0.7801281812,       2.539702426,     -0.6063207878,       4.559089209
          0,           0,        2899,      -2.867378089,     -0.6627319426,     -0.7678782246,       2.524432491,     -0.6064786986,       4.404766717
          0,           0,        2900,      -2.865183971,     -0.6828881583,     -0.7795265797,       2.526977367,     -0.6066487332,       4.510196829
          0,           0,        2901,      -2.860412907,     -0.6732989885,     -0.7680139859,       2.531359813,     -0.6068511254,       4.522045066
          0,           0,        2902,      -2.862784068,     -0.6697827526,     -0.7795264184,       2.528621197,     -0.6070706829,       4.521488204
          0,           0,        2903,      -2.858084703,      -0.666408103,     -0.7852158672,       2.533854898,     -0.6073152037,        4.42314119
          0,           0,        2904,      -2.877926225,     -0.6525644596,     -0.7790895874,       2.513483785,     -0.6075555812,       4.369687788
          0,           0,        2905,      -2.863464439,     -0.6963811805,      -0.825183442,        2.52980782,     -0.6078062568,       4.441249537
          0,           0,        2906,      -2.858204271,     -0.6608765443,     -0.7973476797,       2.534240367,     -0.6080514685,        4.53114266
          0,           0,        2907,      -2.861878019,     -0.6426360825,      -0.782139874,       2.529906545,     -0.6082934797,       4.533529879
          0,           0,        2908,      -2.863253933,     -0.6762729362,      -0.806872685,       2.529560975,     -0.6085436809,       4.444800776
          0,           0,        2909,      -2.868699294,     -0.6757651829,     -0.8087211943,       2.523823952,     -0.6088066872,       4.480930987
          0,           0,        2910,      -2.862031815,     -0.6999811476,     -0.8163147448,       2.530491714,     -0.6090586917,       4.507099819
          0,           0,        2911,      -2.859444178,     -0.6776679394,     -0.7966098811,       2.532476897,     -0.6093295072,       4.522271249
          0,           0,        2912,       -2.85430879,     -0.6805103449,     -0.8042088912,       2.538540212,      -0.609596719,       4.444672038
          0,           0,        2913,      -2.862054128,     -0.6546108901,     -0.7776002659,       2.529630425,     -0.6098674022,         4.4577787
          0,           0,        2914,      -2.858051688,     -0.6780457722,     -0.8022713478,       2.534459184,     -0.6101235359,       4.427707644
          0,           0,        2915,      -2.847106862,     -0.6537567745,     -0.7816189855,       2.545212592,     -0.6103799148,       4.497087083
          0,           0,        2916,      -2.850586627,     -0.6327364585,     -0.7735706149,       2.541337808,     -0.6106385562,       4.534331167
          0,           0,        2917,       -2.85813213,     -0.6464720419,     -0.7719375568,       2.534218267,     -0.6109072441,       4.507443405
          0,           0,        2918,      -2.867530136,     -0.6509163597,     -0.7817958206,       2.524042722,     -0.6111510031,       4.497711902
          0,           0,        2919,      -2.863100743,     -0.6578143956,     -0.7881370455,       2.529408786,     -0.6113971249,       4.489008256
          0,           0,        2920,      -2.857266262,     -0.6173437864,     -0.7637980268,       2.534372751,     -0.6116335498,       4.511402575
          0,           0,        2921,      -2.858919861,     -0.6564021215,     -0.8007101535,       2.533260496,     -0.6118629359,        4.51582783
          0,           0,        2922,      -2.856917563,     -0.6182379348,     -0.7773352394,       2.536091638,     -0.6120913212,       4.533712134
          0,           0,        2923,      -2.876452051,     -0.6647891915,     -0.8108536317,       2.515625665,     -0.6123211398,       4.458177225
          0,           0,        2924,      -2.860179111,     -0.6484660043,     -0.8053765835,       2.531736837,     -0.6125448025,       4.473533964
          0,           0,        2925,      -2.856964042,     -0.6527824097,     -0.8009233596,       2.534289239,     -0.6127457766,       4.440829337
          0,           0,        2926,      -2.864074512,     -0.6676453812,     -0.8071822566,       2.528120036,     -0.6129394359,       4.350963898
          0,           0,        2927,      -2.862518157,     -0.6791253088,     -0.8155318003,       2.528960707,     -0.6131134027,       4.449329979
          0,           0,        2928,      -2.857924111,     -0.6878718634,       -0.81060171,       2.533624773,     -0.6132838344,        4.46601786
          0,           0,        2929,      -2.852170706,     -0.6658860162,     -0.8129458924,       2.539495973,     -0.6134631971,        4.49679755
          0,           0,        2930,      -2.846662561,     -0.6626068767,     -0.7968389746,       2.545933629,     -0.6136399932,       4.515207047
          0,           0,        2931,      -2.857646967,     -0.6399663763,     -0.7814337008,       2.533914425,     -0.6138097621,       4.483059468
          0,           0,        2932,      -2.857999446,     -0.6457533136,     -0.7872471034,       2.534810059,     -0.6139743719,       4.524353003
          0,           0,        2933,      -2.852668657,     -0.6263620787,      -0.777310045,       2.540292182,      -0.614124244,       4.614394711
          0,           0,        2934,      -2.849701327,     -0.6271894195,      -0.782915604,       2.542628891,     -0.6142813692,       4.605274354
          0,           0,        2935,       -2.85889006,     -0.6556202096,     -0.7924195035,        2.53338489,     -0.6144385947,       4.488350303
          0,           0,        2936,      -2.864128111,     -0.6507834342,     -0.7910495914,       2.528538982,     -0.6146077339,       4.412551022
          0,           0,        2937,      -2.862422526,     -0.6729059708,     -0.8032487152,       2.530324409,     -0.6147840263,        4.44964621
          0,           0,        2938,       -2.85092418,     -0.6383770818,     -0.7850376343,       2.541293063,     -0.6149752911,       4.515695252
          0,           0,        2939,      -2.855976024,     -0.6671206102,     -0.7982959784,       2.536497526,     -0.6151681638,        4.50416081
          0,           0,        2940,      -2.849328428,     -0.6347267567,     -0.7948342258,       2.543724697,     -0.6153536406,        4.52195135
          0,           0,        2941,      -2.869109684,     -0.6630064568,     -0.7815256402,       2.523519896,      -0.615546772,       4.422554075
          0,           0,        2942,       -2.85292969,     -0.6528438692,     -0.7956495108,       2.540121997,     -0.6157394779,       4.436869614
          0,           0,        2943,      -2.845439148,     -0.6417374599,     -0.7715436222,       2.546707975,     -0.6159450019,       4.435460755
          0,           0,        2944,      -2.853606545,     -0.6679805129,     -0.7933230746,       2.538718878,     -0.6161653566,       4.396463432
          0,           0,        2945,      -2.856855491,     -0.6447218966,     -0.7823928464,        2.53567167,     -0.6163906549,       4.388382398
          0,           0,        2946,      -2.859353284,     -0.6857722424,     -0.8153010169,       2.533080777,      -0.616623864,       4.415739419
          0,           0,        2947,      -2.854438661,     -0.6398442096,      -0.790315438,       2.537074934,     -0.6168611603,       4.467402558
          0,           0,        2948,      -2.843214668,       -0.66018241,     -0.7913651972,       2.549730415,      -0.617086036,       4.521320605
          0,           0,        2949,      -2.850486339,     -0.6229969467,     -0.7905553211,       2.542088735,     -0.6173296989,        4.48048903
          0,           0,        2950,      -2.858891976,     -0.6397503295,     -0.7827940548,       2.534056189,     -0.6175707637,       4.492798381
          0,           0,        2951,      -2.841446017,      -0.648863662,     -0.7948535264,       2.551525649,     -0.6178061848,       4.599232569
          0,           0,        2952,      -2.853892785,     -0.6415736459,     -0.7874926735,       2.537616364,     -0.6180389742,       4.613765415
          0,           0,        2953,      -2.848144995,     -0.6496135535,     -0.8057077553,       2.544308832,     -0.6182623491,        4.46395765
          0,           0,        2954,      -2.868743921,     -0.6554063122,     -0.8039087962,       2.522324954,     -0.6184698035,       4.346841265
          0,           0,        2955,      -2.861735654,     -0.6613703556,     -0.8137433944,       2.530137669,     -0.6186635618,        4.43785268
          0,           0,        2956,      -2.848822318,     -0.6327251227,     -0.7857267437,       2.542547557,     -0.6188550181,       4.506066957
          0,           0,        2957,      -2.853324307,     -0.6293276179,     -0.7928039187,        2.53852872,      -0.619058544,       4.513863522
          0,           0,        2958,      -2.852720897,     -0.6169800376,     -0.7802687906,       2.539489709,     -0.6192577608,       4.484285434
          0,           0,        2959,      -2.869309053,      -0.639390654,       -0.79134313,       2.522281929,     -0.6194453144,       4.373450981
          0,           0,        2960,       -2.85441632,     -0.6476192296,     -0.8146384526,       2.537768559,     -0.6196170211,       4.444198547
          0,           0,        2961,      -2.848069822,     -0.6271349209,     -0.8021883096,       2.542892252,     -0.6197932465,         4.5133635
          0,           0,        2962,      -2.850784527,     -0.6317964468,     -0.8105023706,       2.541600466,     -0.6199790959,       4.406680386
          0,           0,        2963,      -2.859805525,     -0.6430149424,     -0.8184273442,       2.531818996,     -0.6201436136,       4.395385391
          0,           0,        2964,      -2.859776482,     -0.6584997491,     -0.8250788392,       2.532377569,     -0.6203111358,       4.420373423
          0,           0,        2965,      -2.849966718,      -0.641812366,     -0.8115242023,       2.541670855,     -0.6204796254,       4.439428692
          0,           0,        2966,      -2.852384385,     -0.6284876295,     -0.7853474055,       2.539836499,     -0.6206512835,       4.459495887
          0,           0,        2967,      -2.852071893,     -0.6318958996,     -0.8051525833,       2.540952033,     -0.6208183987,         4.3848453
          0,           0,        2968,      -2.863500313,     -0.6493800108,     -0.8049909121,       2.529181109,     -0.6209958862,       4.365539894
          0,           0,        2969,      -2.848239248,     -0.6446226811,     -0.8093454193,        2.54440829,     -0.6211639845,       4.483496524
          0,           0,        2970,      -2.840211696,     -0.6215830383,     -0.8006014227,       2.551926515,     -0.6213454457,       4.527079739
          0,           0,        2971,      -2.849480264,     -0.6394327604,     -0.7968566933,        2.54328144,     -0.6215247405,        4.37936695
          0,           0,        2972,      -2.858747208,     -0.6390709723,     -0.7923653105,       2.533596863,     -0.6217192794,       4.366069925
          0,           0,        2973,      -2.856056387,      -0.650959157,     -0.8027389944,       2.536527017,      -0.621903305,       4.420998019
          0,           0,        2974,      -2.844993448,     -0.6264243686,     -0.7848730162,       2.547933673,     -0.6220938824,       4.449232169
          0,           0,        2975,       -2.85425934,     -0.6265739938,     -0.7818973242,       2.537747757,     -0.6222942475,       4.469541918
          0,           0,        2976,      -2.853887554,     -0.6130178898,     -0.7793998243,       2.538847395,     -0.6225105015,       4.432884095
          0,           0,        2977,      -2.859797689,     -0.6303292136,     -0.7764727502,       2.532985357,     -0.6227191466,       4.424107702
          0,           0,        2978,       -2.84668751,     -0.6251083913,     -0.8039717996,       2.545988369,     -0.6229404711,       4.581873756
          0,           0,        2979,      -2.845575149,     -0.6054112498,     -0.7739019862,       2.546306398,     -0.6231507189,       4.626782729
          0,           0,        2980,      -2.856737332,     -0.6317758416,     -0.7919774642,       2.534654093,     -0.6233534017,       4.500420121
          0,           0,        2981,      -2.862070085,     -0.6326580874,     -0.7885103745,       2.529197011,     -0.6235540499,       4.450481205
          0,           0,        2982,      -2.858341317,     -0.6491749909,     -0.8003745483,       2.533973047,     -0.6237396278,       4.551169549
          0,           0,        2983,      -2.854315453,     -0.6248534172,     -0.7797663297,       2.537795518,     -0.6239417383,       4.558816036
          0,           0,        2984,      -2.860496443,     -0.6411251362,     -0.7771518105,        2.53068074,     -0.6241382563,       4.535877686
          0,           0,        2985,      -2.857438062,     -0.6219850622,     -0.7880273931,       2.535101202,     -0.6243505353,       4.447175936
          0,           0,        2986,      -2.872728251,     -0.6456319649,     -0.7808587319,       2.518752145,     -0.6245383741,       4.360760234
          0,           0,        2987,      -2.854075599,     -0.6602660918,      -0.823989257,       2.538695326,     -0.6247207439,       4.508886807
          0,           0,        2988,      -2.859776032,     -0.6472604354,     -0.8018494702,       2.531203288,     -0.6248862426,       4.574338171
          0,           0,        2989,      -2.856221067,     -0.6568508029,     -0.8013323234,       2.536299576,     -0.6250303221,       4.423917903
          0,           0,        2990,      -2.874892446,     -0.6551868707,     -0.8020262586,       2.516478465,     -0.6251661745,       4.436498518
          0,           0,        2991,      -2.864688497,      -0.674798666,     -0.8050006713,       2.528050177,     -0.6252916389,       4.499910787
          0,           0,        2992,      -2.858061059,      -0.653241916,     -0.7977179684,       2.533956778,     -0.6254099892,       4.513512912
          0,           0,        2993,        -2.8582041,     -0.6533053311,     -0.7807165637,       2.533191811,     -0.6255232573,        4.54833278
          0,           0,        2994,      -2.855294115,     -0.6495025159,     -0.8034355067,       2.537080666,     -0.6256294829,       4.479076468
          0,           0,        2995,       -2.86511723,     -0.6538193944,     -0.7870220116,       2.526828365,     -0.6257234323,       4.511495694
          0,           0,        2996,       -2.85190947,     -0.6617725117,     -0.8018873889,       2.540854935,     -0.6258110344,       4.451739751
          0,           0,        2997,      -2.852218991,     -0.6389101109,     -0.7882397901,       2.539540623,     -0.6259067217,       4.494007543
          0,           0,        2998,      -2.855864255,     -0.6708066559,     -0.8031324775,       2.536080341,     -0.6260094122,       4.484506075
          0,           0,        2999,      -2.859324792,     -0.6480757015,     -0.7822520454,       2.532997616,     -0.6261161991,       4.423515329
          0,           0,        3000,      -2.859530326,      -0.666255151,     -0.7850583733,       2.533428511,     -0.6262022799,       4.457053683
          0,           0,        3001,      -2.860451694,     -0.6419865258,     -0.7692433584,       2.531762065,     -0.6262841736,       4.440674155
          0,           0,        3002,      -2.853402004,     -0.6577655902,      -0.772599447,       2.538744361,     -0.6263789299,       4.450818985
          0,           0,        3003,      -2.860340938,     -0.6493201385,     -0.7824550795,       2.531588806,     -0.6264710604,       4.465482379
          0,           0,        3004,      -2.864687802,     -0.6613372206,     -0.7832919259,       2.527901431,     -0.6265933608,       4.488068717
          0,           0,        3005,      -2.864674143,     -0.6712862949,     -0.8026551543,       2.528411184,     -0.6267139234,       4.461164434
          0,           0,        3006,      -2.855768723,     -0.6625143958,     -0.8010131136,       2.536417831,     -0.6268293963,       4.554672772
          0,           0,        3007,      -2.856061509,     -0.6410363343,     -0.7884508301,       2.535667564,     -0.6269623081,       4.554080356
          0,           0,        3008,      -2.854432406,      -0.660968652,     -0.8088389431,       2.537810847,     -0.6271070634,       4.377810788
          0,           0,        3009,      -2.873248146,     -0.6426821952,     -0.7878903125,       2.518254357,     -0.6272502995,       4.401336653
          0,           0,        3010,      -2.868011033,     -0.6650182801,     -0.8033731544,        2.52375385,      -0.627395983,       4.411132324
          0,           0,        3011,      -2.859656642,     -0.6583542586,     -0.7980260287,       2.531666417,     -0.6275534998,       4.509597566
          0,           0,        3012,      -2.859968195,     -0.6485775044,     -0.8015468135,       2.531701971,     -0.6277266933,       4.547176827
          0,           0,        3013,      -2.862237145,     -0.6374308434,     -0.7736545607,       2.529287266,     -0.6279097425,       4.485646934
          0,           0,        3014,      -2.866401371,       -0.66195944,      -0.806074462,       2.525426839,      -0.628077221,       4.416742176
          0,           0,        3015,      -2.850612967,     -0.6471322236,     -0.7903290447,       2.541598911,     -0.6282495085,       4.504385886
          0,           0,        3016,      -2.851866448,     -0.6383548897,     -0.7922265793,       2.539189446,     -0.6284212453,       4.536674131
          0,           0,        3017,      -2.853759015,     -0.6487750529,     -0.7985394646,       2.538905153,     -0.6286001805,       4.376622211
          0,           0,        3018,      -2.868325771,     -0.6536150181,      -0.804783751,       2.523799592,     -0.6287784839,       4.425042039
          0,           0,        3019,      -2.868692911,     -0.6644632144,     -0.8180797714,       2.523093906,     -0.6289449496,       4.428825185
          0,           0,        3020,      -2.852880139,     -0.6359549373,     -0.7833638272,       2.539231321,     -0.6291108848,       4.449146607
          0,           0,        3021,      -2.861448455,      -0.646406069,      -0.808859899,        2.53011687,     -0.6292656889,       4.430452716
          0,           0,        3022,      -2.871247324,     -0.6402468993,     -0.7819635756,        2.52097498,     -0.6294120675,       4.422458393
          0,           0,        3023,      -2.860319913,     -0.6781331465,     -0.8288557653,       2.532692637,     -0.6295545197,       4.424239258
          0,           0,        3024,      -2.848732733,      -0.654240151,     -0.8008705684,       2.544009155,      -0.629688507,       4.582513856
          0,           0,        3025,      -2.845158414,     -0.6294173757,     -0.7874160512,       2.547703284,     -0.6298048465,       4.610209462
          0,           0,        3026,      -2.852976305,     -0.6391353332,      -0.783344072,       2.540579063,     -0.6299198806,        4.38328139
          0,           0,        3027,      -2.869986217,     -0.6579470231,     -0.7871601964,       2.522083735,     -0.6300208199,       4.463291932
          0,           0,        3028,      -2.855196776,     -0.6769860958,     -0.7866699489,       2.537769881,     -0.6301160802,       4.462229773
          0,           0,        3029,      -2.847247077,     -0.6509020426,     -0.7851073966,       2.545312137,     -0.6301868193,       4.521869315
          0,           0,        3030,      -2.852809983,     -0.6531865115,     -0.7830723669,       2.539886743,     -0.6302608728,       4.532588437
          0,           0,        3031,       -2.85581765,     -0.6353617593,     -0.7796882488,       2.537110042,     -0.6303263736,       4.432805421
          0,           0,        3032,       -2.85166972,     -0.6805682261,     -0.8017542863,       2.542043073,      -0.630395178,       4.437531219
          0,           0,        3033,       -2.84658301,      -0.642589749,     -0.7901104916,       2.546240268,     -0.6304502167,       4.578630363
          0,           0,        3034,      -2.838252069,     -0.6201471562,     -0.7848451033,       2.554668415,     -0.6305135042,        4.59480498
          0,           0,        3035,      -2.857576985,     -0.6459547927,     -0.7889852527,       2.535007483,      -0.630555866,       4.379521322
          0,           0,        3036,      -2.864732237,     -0.6687868565,     -0.8023742785,       2.527875091,      -0.630582026,       4.470517402
          0,           0,        3037,      -2.852135127,     -0.6655289234,     -0.8075311332,        2.54082842,     -0.6306164981,       4.510342896
          0,           0,        3038,      -2.848011775,      -0.635545379,     -0.7872528205,       2.544389711,     -0.6306411639,        4.58240019
          0,           0,        3039,      -2.853660479,     -0.6547658563,     -0.8134306043,       2.539511489,     -0.6306939053,       4.532131627
          0,           0,        3040,      -2.863810725,     -0.6332159016,     -0.7965540916,       2.529505223,     -0.6307351198,        4.43751463
          0,           0,        3041,      -2.861452665,     -0.6762604334,     -0.8208265464,       2.531961606,     -0.6308040654,         4.4384372
          0,           0,        3042,      -2.853106983,      -0.665609207,     -0.8253460367,       2.539301698,     -0.6308581277,       4.468568497
          0,           0,        3043,      -2.850774027,      -0.638654703,     -0.7973768382,       2.541304221,     -0.6309376019,       4.465833336
          0,           0,        3044,      -2.859078315,      -0.653086256,     -0.8081849697,       2.533102556,     -0.6310157396,       4.420838166
          0,           0,        3045,      -2.859817427,     -0.6588942354,     -0.8237364278,       2.532984162,     -0.6310943049,       4.431063358
          0,           0,        3046,      -2.861396629,     -0.6691485292,     -0.8233452876,       2.530920698,     -0.6311811562,       4.544718846
          0,           0,        3047,      -2.848578288,     -0.6410891544,     -0.7945046397,       2.543978018,     -0.6312827305,       4.557771312
          0,           0,        3048,      -2.855675614,     -0.6570573483,     -0.8036419286,         2.5373643,     -0.6313895468,       4.490839635
          0,           0,        3049,      -2.860089993,     -0.6233167253,      -0.785590769,       2.532615016,     -0.6314898199,       4.501524304
          0,           0,        3050,      -2.860380651,     -0.6399668836,     -0.7916911927,       2.532889527,     -0.6315863393,       4.476893726
          0,           0,        3051,      -2.839247798,     -0.6376103067,     -0.7850677519,       2.554704034,     -0.6317026789,       4.540627052
          0,           0,        3052,      -2.841562109,      -0.619811133,     -0.7615407838,       2.551727107,     -0.6318229333,       4.546398763
          0,           0,        3053,      -2.855154536,     -0.6440614214,     -0.7929607933,        2.53820709,     -0.6319582718,       4.429751581
          0,           0,        3054,      -2.862856257,     -0.6237608016,     -0.7948996668,       2.530095662,     -0.6320961621,       4.478471591
          0,           0,        3055,      -2.850467228,     -0.6468183932,     -0.8034915826,       2.543159938,     -0.6322557404,       4.543912213
          0,           0,        3056,       -2.85260993,     -0.6186894985,     -0.7799011262,       2.539711621,     -0.6323991289,       4.516831911
          0,           0,        3057,      -2.853901499,     -0.6429289826,     -0.7878092109,       2.539019737,     -0.6325427513,       4.460250379
          0,           0,        3058,      -2.857392979,     -0.6155871974,     -0.7824194743,       2.535773964,     -0.6326679673,       4.445545374
          0,           0,        3059,      -2.863627458,     -0.6498303527,     -0.7856228546,       2.529413114,     -0.6327998183,        4.42882196
          0,           0,        3060,      -2.844431481,     -0.6662584719,     -0.8083965402,       2.549579536,     -0.6329294817,       4.502815527
          0,           0,        3061,      -2.846053625,     -0.6415991835,     -0.7809492971,       2.546226625,     -0.6330601141,       4.540320536
          0,           0,        3062,      -2.845930835,     -0.6598101897,     -0.8084584679,       2.547203421,     -0.6332108136,       4.524864625
          0,           0,        3063,      -2.843967087,     -0.6535874779,     -0.7947520117,       2.548383653,     -0.6333277369,       4.425373017
          0,           0,        3064,      -2.853629176,     -0.6657713988,     -0.8079709866,       2.539447492,     -0.6334382153,       4.458667932
          0,           0,        3065,      -2.849849653,     -0.6464109407,      -0.802891652,       2.542663437,     -0.6335428582,       4.449187838
          0,           0,        3066,      -2.851100484,     -0.6292836753,     -0.7807225505,       2.540674548,     -0.6336142071,       4.500243524
          0,           0,        3067,      -2.848972624,      -0.615352103,     -0.7826313544,        2.54329883,     -0.6336998219,       4.490061461
          0,           0,        3068,      -2.857864315,     -0.6236496033,     -0.7808929478,       2.534435874,     -0.6337962802,       4.492214754
          0,           0,        3069,      -2.850146461,     -0.6401268007,     -0.8016479602,       2.542812981,     -0.6338846091,       4.487093462
          0,           0,        3070,      -2.856938222,     -0.6140171857,     -0.7859760071,         2.5345124,     -0.6339445018,       4.509450969
          0,           0,        3071,      -2.858440623,     -0.6352200676,     -0.8135586671,       2.534452264,     -0.6339934508,       4.423256139
          0,           0,        3072,      -2.868300447,     -0.6322372121,     -0.7998453569,       2.522890621,     -0.6340462417,       4.437321915
          0,           0,        3073,      -2.860376073,     -0.6539764441,     -0.8201185731,       2.532510561,     -0.6340866707,       4.466434884
          0,           0,        3074,      -2.860974236,     -0.6339439758,     -0.8077276494,       2.531356935,     -0.6341389296,       4.450180487
          0,           0,        3075,      -2.853845186,     -0.6403969207,     -0.7938303989,        2.53814493,     -0.6341855954,       4.511290086
          0,           0,        3076,      -2.857568416,     -0.6292484996,     -0.7985183453,       2.534732074,     -0.6342252105,        4.45223409
          0,           0,        3077,      -2.866093083,     -0.6396657014,     -0.7836428032,       2.525818088,     -0.6342633738,       4.470474762
          0,           0,        3078,      -2.854581619,     -0.6483217099,     -0.8094699148,       2.538294789,     -0.6343126721,       4.422666038
          0,           0,        3079,      -2.851202495,     -0.6433492872,     -0.8123273255,       2.540825858,     -0.6343585093,       4.477445161
          0,           0,        3080,      -2.854666943,     -0.6535062579,     -0.8176292749,       2.537492127,     -0.6344180886,       4.423322856
          0,           0,        3081,      -2.855293639,     -0.6379978132,     -0.8176472454,       2.536723423,     -0.6344931992,       4.394879026
          0,           0,        3082,      -2.866143665,     -0.6381546534,     -0.7985499196,        2.52623317,     -0.6345751031,       4.411268181
          0,           0,        3083,      -2.863087159,     -0.6448334367,      -0.810609794,       2.529349661,     -0.6346669657,       4.419583277
          0,           0,        3084,      -2.852760697,     -0.6327959413,     -0.7828142801,       2.539049903,     -0.6347470833,       4.469203019
          0,           0,        3085,      -2.860030721,     -0.6347926137,     -0.7968243959,       2.531986468,     -0.6348429225,       4.419644898
          0,           0,        3086,      -2.866708072,     -0.6388674314,     -0.7775921632,       2.525172215,     -0.6349497097,       4.413632131
          0,           0,        3087,      -2.859701409,     -0.6628535018,     -0.8134360343,       2.532862049,     -0.6350622868,       4.436721201
          0,           0,        3088,      -2.856075129,     -0.6521089418,     -0.8016392609,       2.535301168,     -0.6351776863,       4.541220926
          0,           0,        3089,       -2.85708494,     -0.6705043489,     -0.8041492858,       2.535046904,     -0.6352968789,       4.500149316
          0,           0,        3090,      -2.864514692,     -0.6557058778,     -0.7998252572,       2.526579516,     -0.6354117423,       4.350883597
          0,           0,        3091,      -2.867613832,     -0.6821679479,     -0.8115892069,       2.524259119,     -0.6355423815,       4.408573922
          0,           0,        3092,      -2.857962407,     -0.6474178517,     -0.8051699658,       2.533988332,     -0.6356667318,       4.427976705
          0,           0,        3093,      -2.852120174,     -0.6498924775,     -0.7769600417,       2.539273411,     -0.6357991384,       4.491284865
          0,           0,        3094,      -2.856924019,      -0.642769288,     -0.7968896282,       2.535046047,     -0.6359404398,       4.460729187
          0,           0,        3095,      -2.870986304,       -0.64884844,     -0.7662539647,       2.520673288,     -0.6360842282,       4.336509748
          0,           0,        3096,      -2.864229076,     -0.6550256876,     -0.8029766765,       2.527546642,     -0.6362212052,       4.422921411
          0,           0,        3097,      -2.850654916,     -0.6563419979,     -0.7968218259,       2.541421761,     -0.6363654131,       4.513242642
          0,           0,        3098,      -2.850395077,     -0.6431727314,     -0.8086439609,       2.540977723,     -0.6365071562,        4.53243475
          0,           0,        3099,      -2.860344483,     -0.6398193567,     -0.7915583764,       2.531969167,     -0.6366604806,       4.318454726
          0,           0,        3100,      -2.864816795,     -0.6647678558,     -0.8129693096,       2.527366093,      -0.636816919,       4.384767009
          0,           0,        3101,      -2.866538382,     -0.6506813894,     -0.8213961797,       2.525001884,     -0.6369603739,       4.430525175
          0,           0,        3102,      -2.853036839,     -0.6416412101,     -0.7920474385,       2.539008356,     -0.6371151308,       4.466662752
          0,           0,        3103,      -2.861938666,     -0.6394273544,     -0.8093499367,       2.530004081,     -0.6372637831,       4.344155021
          0,           0,        3104,      -2.873589769,     -0.6470693668,      -0.793471499,       2.517916315,      -0.637408079,       4.412293902
          0,           0,        3105,      -2.861113743,     -0.6587268966,     -0.8225034844,       2.531900078,     -0.6375452386,       4.385162447
          0,           0,        3106,      -2.854681314,     -0.6292879146,     -0.8004918764,       2.536471608,     -0.6376847359,       4.521868369
          0,           0,        3107,      -2.852240213,     -0.6469100841,     -0.8030099367,       2.540676969,      -0.637825038,       4.469892253
          0,           0,        3108,      -2.861493348,     -0.6478175649,     -0.7967356436,       2.530385046,     -0.6379754946,       4.282326085
          0,           0,        3109,      -2.869218619,     -0.6672120923,     -0.8133673112,       2.523321476,     -0.6381237975,       4.388683585
          0,           0,        3110,      -2.856751149,     -0.6402899226,     -0.8053796607,       2.535739546,     -0.6382701317,       4.422139756
          0,           0,        3111,      -2.842210925,      -0.644738912,     -0.7982275255,       2.550225954,     -0.6384366692,       4.458392934
          0,           0,        3112,       -2.85791812,     -0.6258050406,     -0.7855180264,       2.535194333,     -0.6386014177,       4.415803023
          0,           0,        3113,      -2.860162878,     -0.6562471818,     -0.7941156658,       2.532779883,     -0.6387927241,       4.379464549
          0,           0,        3114,      -2.853035906,       -0.64306841,     -0.8204018801,       2.540521988,     -0.6389836986,       4.453976217
          0,           0,        3115,      -2.851488324,     -0.6290514841,      -0.800924635,       2.540631769,     -0.6391826152,       4.576140774
          0,           0,        3116,      -2.858940142,      -0.639959528,     -0.7850850502,       2.532609536,     -0.6393748333,       4.524425291
          0,           0,        3117,      -2.866608988,     -0.6336480264,     -0.7871679581,       2.525251174,     -0.6395595225,       4.413198338
          0,           0,        3118,      -2.858304984,     -0.6434459385,     -0.7896062886,       2.534806615,     -0.6397470622,       4.493195563
          0,           0,        3119,      -2.863837531,     -0.6292644631,     -0.7874663991,       2.528551095,     -0.6399169283,       4.547575434
          0,           0,        3120,      -2.856229351,      -0.646887092,     -0.7802173615,       2.535682536,     -0.6400848263,        4.59477161
          0,           0,        3121,      -2.865262759,     -0.6418183818,      -0.791959871,       2.527106343,     -0.6402700196,       4.514741602
          0,           0,        3122,      -2.872557672,     -0.6263511479,     -0.7832470337,       2.520020098,     -0.6404302154,       4.508280011
          0,           0,        3123,      -2.869073838,     -0.6497262249,      -0.819387892,       2.523654976,     -0.6406224856,         4.4544393
          0,           0,        3124,      -2.852441986,     -0.6458602345,     -0.8059401235,       2.539720845,     -0.6408082689,       4.579574004
          0,           0,        3125,      -2.859641176,     -0.6209080217,     -0.7796088729,       2.531748747,      -0.640986896,       4.578914869
          0,           0,        3126,      -2.860372242,     -0.6476946558,      -0.816495772,       2.532279015,     -0.6411640369,       4.427014128
          0,           0,        3127,       -2.87956568,     -0.6582543445,     -0.8076712866,       2.511452855,     -0.6413322724,        4.44851465
          0,           0,        3128,      -2.863195498,      -0.677639309,     -0.8322997262,       2.529679099,     -0.6414982709,       4.481407007
          0,           0,        3129,      -2.860722341,     -0.6400720936,     -0.8133259297,       2.530390519,     -0.6416553456,       4.524996423
          0,           0,        3130,      -2.872606177,     -0.6347975984,     -0.8115713728,       2.519055341,     -0.6418067158,       4.517963213
          0,           0,        3131,      -2.860453816,     -0.6496463565,     -0.8150102508,       2.532224034,     -0.6419402884,       4.512584776
          0,           0,        3132,      -2.879547272,     -0.6459581185,     -0.8246114186,       2.512285742,     -0.6420672889,       4.459176676
          0,           0,        3133,      -2.851634519,     -0.6509781473,     -0.8238948051,       2.540791944,     -0.6421869742,       4.489926965
          0,           0,        3134,      -2.858982446,     -0.6419309166,     -0.8065596828,       2.532930789,     -0.6422985496,       4.451378162
          0,           0,        3135,      -2.863513313,     -0.6544766027,      -0.832080834,       2.528584231,     -0.6424032457,          4.319566
          0,           0,        3136,      -2.870637042,     -0.6694563914,     -0.8304609202,        2.52135144,     -0.6425084181,       4.418049228
          0,           0,        3137,      -2.859531591,     -0.6645746394,     -0.8274128505,       2.532509402,     -0.6426173392,       4.435002042
          0,           0,        3138,      -2.854968709,     -0.6398700093,      -0.789762676,       2.536891475,     -0.6427228375,       4.461434641
          0,           0,        3139,      -2.864022569,     -0.6424389474,     -0.8076308234,       2.528132816,      -0.642820638,       4.396251042
          0,           0,        3140,       -2.87175153,      -0.651437886,     -0.7884795514,       2.519654286,     -0.6429082733,       4.418084566
          0,           0,        3141,      -2.855778768,     -0.6692415192,     -0.8197186057,       2.537062295,     -0.6429967328,       4.530636632
          0,           0,        3142,      -2.858705215,     -0.6422779254,     -0.8007851196,       2.532228488,     -0.6430820232,        4.57117353
          0,           0,        3143,      -2.850622967,      -0.658604778,     -0.8103777226,       2.542161068,      -0.643177643,       4.513554395
          0,           0,        3144,      -2.866066985,      -0.650607376,     -0.8091631039,         2.5244405,     -0.6432693622,       4.424401679
          0,           0,        3145,       -2.86349839,     -0.6546121202,     -0.8073125751,       2.528833534,     -0.6433564174,       4.461121183
          0,           0,        3146,      -2.855900987,     -0.6427166138,     -0.7964928046,       2.536417399,     -0.6434666553,       4.426521998
          0,           0,        3147,      -2.857325795,     -0.6410428456,     -0.7829927639,       2.534348341,     -0.6435705606,       4.450232617
          0,           0,        3148,       -2.86245211,     -0.6414268737,     -0.8154887977,       2.529999837,     -0.6436904834,       4.399223127
          0,           0,        3149,       -2.86469619,     -0.6358282173,     -0.7897322085,       2.527284666,     -0.6438192667,       4.488010524
          0,           0,        3150,      -2.864535204,     -0.6433738671,     -0.8293321657,       2.527822464,     -0.6439375728,       4.482009137
          0,           0,        3151,      -2.859414228,     -0.6403728539,      -0.795154423,       2.532513561,     -0.6440930784,       4.524729502
          0,           0,        3152,      -2.863130471,     -0.6442448226,     -0.8042056818,       2.527478673,      -0.644233595,        4.48737728
          0,           0,        3153,      -2.872177592,     -0.6412229012,     -0.7825436496,       2.519350138,     -0.6443760797,       4.348387997
          0,           0,        3154,      -2.870605043,     -0.6550157003,     -0.7933750968,       2.521586315,     -0.6445254401,       4.430201299
          0,           0,        3155,      -2.867124251,     -0.6267716978,     -0.7654345918,       2.524371111,     -0.6446807056,        4.49474895
          0,           0,        3156,      -2.859387378,     -0.6455645818,     -0.8003314829,       2.532718618,     -0.6448581108,       4.519298499
          0,           0,        3157,      -2.864291692,      -0.623837364,     -0.7835950417,       2.527690096,     -0.6450283331,       4.506618236
          0,           0,        3158,      -2.877065089,     -0.6385978199,     -0.7742823224,       2.514461774,      -0.645204502,       4.463674998
          0,           0,        3159,      -2.868900208,     -0.6581525376,     -0.8057885902,         2.5240992,     -0.6453668966,       4.450559091
          0,           0,        3160,      -2.864715925,     -0.6559541049,     -0.7978523335,       2.526987029,     -0.6455250785,       4.539955749
          0,           0,        3161,      -2.860202077,     -0.6543892683,     -0.7963207071,       2.531662852,     -0.6456889522,       4.571377723
          0,           0,        3162,      -2.866078766,     -0.6610755178,     -0.8058515424,       2.526082559,     -0.6458476881,       4.306584261
          0,           0,        3163,      -2.878793508,      -0.684430795,     -0.8035717432,       2.512376889,     -0.6460145543,       4.436978135
          0,           0,        3164,      -2.869406591,     -0.6759205563,      -0.806767784,        2.52200582,     -0.6461692803,       4.433740983
          0,           0,        3165,      -2.862287755,     -0.6560670513,     -0.8004412645,       2.528548514,     -0.6463194173,       4.449987374
          0,           0,        3166,      -2.865315225,     -0.6475293802,      -0.799690196,       2.526281522,     -0.6464739639,       4.434470962
          0,           0,        3167,      -2.862574774,     -0.6483291997,     -0.7857049046,       2.529437422,     -0.6466234665,       4.398358742
          0,           0,        3168,      -2.862769899,     -0.6548523821,     -0.8060541671,       2.530145574,     -0.6467696484,       4.457297455
          0,           0,        3169,      -2.861197741,     -0.6509455893,     -0.7972607877,       2.530211729,      -0.646907816,       4.526311941
          0,           0,        3170,       -2.86476783,     -0.6328608965,     -0.7991936312,       2.526790922,     -0.6470626818,       4.518674674
          0,           0,        3171,      -2.872074293,     -0.6592900415,     -0.8087965354,       2.518645602,      -0.647208516,       4.331800285
          0,           0,        3172,      -2.876249817,     -0.6365506759,       -0.79494852,       2.516071839,     -0.6473608317,       4.404229633
          0,           0,        3173,      -2.866904867,      -0.645821295,     -0.8137426102,       2.525519681,      -0.647503917,        4.43000837
          0,           0,        3174,      -2.863299661,     -0.6358453889,     -0.7961735988,       2.528915933,     -0.6476443684,       4.479539804
          0,           0,        3175,       -2.86148897,      -0.628600854,     -0.8109938942,       2.531209399,     -0.6477874506,       4.444327276
          0,           0,        3176,       -2.87314502,     -0.6276203654,     -0.7796922586,       2.518763105,      -0.647941545,       4.469517072
          0,           0,        3177,      -2.866538886,     -0.6348157972,     -0.8161936859,       2.527326139,     -0.6480834463,       4.375020419
          0,           0,        3178,      -2.860198629,      -0.631653899,     -0.7971365188,       2.532370041,     -0.6482428188,       4.465004991
          0,           0,        3179,      -2.859964674,     -0.6413067939,     -0.8053647767,       2.532472365,     -0.6484139236,       4.461505244
          0,           0,        3180,        -2.8649951,     -0.6587369213,     -0.7980448209,       2.527400273,     -0.6485929063,       4.310520971
          0,           0,        3181,      -2.868256081,     -0.6405691845,     -0.7873455625,        2.52510751,     -0.6487829729,       4.373618761
          0,           0,        3182,      -2.862560686,     -0.6451679078,     -0.8142893017,       2.530584925,     -0.6490019122,        4.41255275
          0,           0,        3183,      -2.865139484,     -0.6450060297,     -0.8058555315,       2.527052307,     -0.6492302832,       4.489030389
          0,           0,        3184,      -2.858016978,     -0.6421885611,     -0.7999527125,       2.534004964,     -0.6494746814,        4.50551536
          0,           0,        3185,      -2.872145012,     -0.6292207621,      -0.775533951,       2.519956111,     -0.6497144003,       4.400257844
          0,           0,        3186,      -2.858427382,     -0.6552342985,      -0.826068827,       2.534336584,     -0.6499626998,       4.493264039
          0,           0,        3187,      -2.860872282,     -0.6480817369,     -0.7862593145,       2.531252409,     -0.6501976424,       4.599333863
          0,           0,        3188,      -2.865685697,     -0.6562117367,     -0.8097799663,       2.526366424,     -0.6504462913,       4.620753967
          0,           0,        3189,      -2.863334885,     -0.6464601886,      -0.777149259,        2.52864514,     -0.6506805716,       4.574804341
          0,           0,        3190,      -2.877578654,     -0.6528929493,     -0.7928115769,       2.514774414,     -0.6509562609,       4.530268724
          0,           0,        3191,      -2.865087836,     -0.6473764382,     -0.8040614373,       2.526921036,     -0.6512302857,       4.467115923
          0,           0,        3192,      -2.863549708,     -0.6571899594,     -0.8086395983,       2.528198797,     -0.6515289314,       4.499375151
          0,           0,        3193,      -2.864635857,      -0.636972793,     -0.8099670865,        2.52700583,     -0.6518145816,       4.461882835
          0,           0,        3194,      -2.877318063,     -0.6453076372,     -0.7925124938,       2.514856398,     -0.6521025988,       4.404544664
          0,           0,        3195,      -2.868881602,     -0.6678969745,     -0.8261553943,       2.523596889,     -0.6523757735,       4.413195723
          0,           0,        3196,       -2.86564987,     -0.6505549756,     -0.8078371681,       2.525779513,     -0.6526275918,       4.516737176
          0,           0,        3197,      -2.861364209,     -0.6463561715,     -0.8127856361,       2.530303048,     -0.6528871469,       4.479112516
          0,           0,        3198,      -2.868267044,     -0.6488347397,     -0.7957725464,       2.523492431,     -0.6531444619,       4.394042606
          0,           0,        3199,      -2.879414832,     -0.6430253094,     -0.8019533576,        2.51185566,     -0.6533885189,       4.467327135
          0,           0,        3200,       -2.87233183,     -0.6504398614,     -0.7876409131,       2.518886071,     -0.6536152185,       4.506044663
          0,           0,        3201,      -2.863487969,     -0.6333123272,     -0.7991950151,       2.528197465,      -0.653816938,       4.522859481
          0,           0,        3202,      -2.874232723,     -0.6262895463,     -0.7783801824,       2.516977832,     -0.6540081809,       4.494079728
          0,           0,        3203,      -2.872939054,     -0.6406107574,     -0.7905316103,       2.519193119,     -0.6541944541,       4.405647456
          0,           0,        3204,      -2.871213726,     -0.6613628383,     -0.8094432667,        2.52081627,     -0.6543803733,       4.479730603
          0,           0,        3205,      -2.873562579,     -0.6521022776,     -0.7844999819,       2.517787838,     -0.6545603978,        4.54883366
          0,           0,        3206,      -2.874308331,     -0.6455414969,     -0.8020998036,       2.517135395,     -0.6547264894,       4.458778743
          0,           0,        3207,       -2.86760124,      -0.656455859,     -0.8059271547,       2.524075216,     -0.6548670714,       4.289375203
          0,           0,        3208,      -2.880170862,     -0.6669131516,     -0.8245370824,       2.511590994,     -0.6550179337,       4.397108369
          0,           0,        3209,      -2.867892278,     -0.6633050509,     -0.8201615584,       2.524268059,     -0.6551467368,       4.448356614
          0,           0,        3210,      -2.862672412,     -0.6364549545,     -0.8149535934,       2.529147031,     -0.6552863738,       4.476835309
          0,           0,        3211,      -2.874059025,     -0.6542736892,     -0.8210415669,       2.518066434,     -0.6554201156,        4.43060449
          0,           0,        3212,       -2.87010313,     -0.6476881101,     -0.8183701551,       2.522042292,     -0.6555502528,       4.390907643
          0,           0,        3213,      -2.871569994,     -0.6728279413,     -0.8293108427,       2.519958248,     -0.6556750315,       4.462068448
          0,           0,        3214,      -2.851478647,     -0.6489125205,     -0.8095842767,       2.540691929,     -0.6557997986,        4.48836836
          0,           0,        3215,       -2.87148174,     -0.6376707244,     -0.8073237285,        2.51963498,     -0.6559198989,       4.395305171
          0,           0,        3216,       -2.86364461,     -0.6475177448,     -0.8092548366,       2.528388323,     -0.6560468481,       4.335397197
          0,           0,        3217,      -2.867511538,     -0.6558028191,     -0.8153658185,       2.523995038,     -0.6561682051,       4.438972863
          0,           0,        3218,      -2.869955507,     -0.6580038346,     -0.8009131255,       2.521525573,     -0.6562844798,       4.522546228
          0,           0,        3219,      -2.861370435,       -0.63312379,     -0.7920596135,       2.530792873,     -0.6564124158,       4.515520303
          0,           0,        3220,      -2.873006209,     -0.6501290284,     -0.7923126088,       2.518684199,     -0.6565223245,       4.407419653
          0,           0,        3221,       -2.86745227,     -0.6499506261,     -0.8028016417,       2.525876987,     -0.6566463314,       4.363229417
          0,           0,        3222,      -2.862448477,     -0.6733416146,      -0.802360828,        2.53037604,     -0.6567586488,       4.487927654
          0,           0,        3223,      -2.865749449,     -0.6638071103,       -0.79275719,        2.52657519,     -0.6568935333,       4.508053144
          0,           0,        3224,      -2.874652399,     -0.6552901668,      -0.798839965,       2.517286626,     -0.6570295745,       4.383362407
          0,           0,        3225,      -2.871424555,      -0.678161592,     -0.8133026544,        2.52030595,     -0.6571556646,       4.370341149
          0,           0,        3226,      -2.871158069,      -0.678436569,     -0.8309674237,       2.520610941,     -0.6572835225,       4.415529183
          0,           0,        3227,      -2.862352359,     -0.6637824829,     -0.8165124324,       2.529318756,     -0.6574336218,       4.469583334
          0,           0,        3228,      -2.871127011,     -0.6374996797,     -0.8103374025,       2.519354356,     -0.6575575252,       4.464554429
          0,           0,        3229,      -2.867052538,     -0.6552436124,     -0.8045863824,       2.524569726,      -0.657686258,       4.363938842
          0,           0,        3230,      -2.877252042,     -0.6516942711,     -0.8205633959,         2.5141227,     -0.6578128725,        4.41980754
          0,           0,        3231,      -2.861742639,     -0.6577260735,     -0.8196885067,       2.529434864,     -0.6579305617,       4.487644099
          0,           0,        3232,      -2.857930216,     -0.6413654279,     -0.7932399433,        2.53319429,     -0.6580352444,       4.458798552
          0,           0,        3233,      -2.870662064,     -0.6341725392,     -0.7971762353,       2.520778297,     -0.6581443504,       4.296895793
          0,           0,        3234,      -2.866053104,     -0.6524860454,     -0.7999971707,       2.526123144,     -0.6582436625,       4.336939082
          0,           0,        3235,      -2.867514657,     -0.6532046502,     -0.8179165979,       2.524181223,     -0.6583632141,       4.408695267
          0,           0,        3236,      -2.859137766,      -0.645708879,     -0.7999548252,       2.532536067,     -0.6584907142,       4.470874446
          0,           0,        3237,      -2.861059571,     -0.6384451123,      -0.801148076,        2.53085615,     -0.6586194189,       4.445129064
          0,           0,        3238,      -2.869681073,     -0.6554780769,     -0.8069938303,       2.522308693,     -0.6587525826,       4.368224933
          0,           0,        3239,      -2.861671115,     -0.6618104734,      -0.827588557,        2.53143449,     -0.6588775584,       4.358097432
          0,           0,        3240,      -2.858760529,     -0.6727219263,      -0.832954712,       2.532806695,     -0.6589918957,       4.500580157
          0,           0,        3241,      -2.855050169,     -0.6547945734,     -0.8139992319,        2.53724567,     -0.6591179375,       4.497067945
          0,           0,        3242,      -2.872092384,     -0.6754744999,     -0.8437215669,       2.519242471,     -0.6592516286,       4.364832114
          0,           0,        3243,      -2.866484896,     -0.6737766825,     -0.8316276063,       2.525531089,      -0.659392391,       4.434941792
          0,           0,        3244,       -2.85817956,     -0.6700992374,     -0.8458416829,       2.533685792,     -0.6595443272,       4.478674056
          0,           0,        3245,      -2.863609085,     -0.6446909859,     -0.8144994598,       2.528589558,     -0.6597066623,       4.425996491
          0,           0,        3246,      -2.861984972,     -0.6347854794,     -0.8243866639,       2.530242805,     -0.6598642324,        4.43445016
          0,           0,        3247,      -2.864611268,     -0.6408042511,     -0.7964432175,       2.527875289,     -0.6600392256,       4.343665521
          0,           0,        3248,      -2.858665547,     -0.6592310422,      -0.832291007,       2.534600754,      -0.660216336,       4.426208132
          0,           0,        3249,      -2.870530837,     -0.6395240822,     -0.7819482763,       2.521086609,     -0.6604026302,       4.500450728
          0,           0,        3250,      -2.862778603,     -0.6312668699,     -0.7904773478,       2.529590507,     -0.6605873583,       4.484692101
          0,           0,        3251,      -2.874247056,     -0.6373065771,      -0.798374229,       2.518211258,     -0.6607803827,        4.27137383
          0,           0,        3252,      -2.870143486,     -0.6638563411,      -0.805701065,       2.522827316,     -0.6609834046,       4.444881042
          0,           0,        3253,      -2.862348512,     -0.6479571421,     -0.8034548608,       2.530576953,     -0.6611880172,       4.493302055
          0,           0,        3254,      -2.866025643,     -0.6440665298,     -0.7876584928,       2.525930892,     -0.6613922868,       4.515346269
          0,           0,        3255,      -2.862445464,     -0.6502839634,     -0.8009143266,        2.52957581,     -0.6615982102,       4.524443499
          0,           0,        3256,      -2.873961556,     -0.6356531923,      -0.774868131,       2.517771422,     -0.6617928469,       4.448922296
          0,           0,        3257,       -2.86088449,     -0.6638020156,     -0.8212709812,       2.532135834,     -0.6619870707,       4.456757137
          0,           0,        3258,      -2.865859093,     -0.6413030835,     -0.8013297534,       2.526080964,     -0.6621929692,       4.514787604
          0,           0,        3259,       -2.85784112,     -0.6457341162,     -0.8078939734,        2.53405573,     -0.6624094613,       4.466636582
          0,           0,        3260,      -2.872089916,     -0.6540511737,     -0.8142240399,       2.519146902,     -0.6626294395,       4.356030803
          0,           0,        3261,      -2.864087085,     -0.6508353372,     -0.8163435099,       2.528392047,     -0.6628421828,        4.46690135
          0,           0,        3262,      -2.864381384,     -0.6402275419,     -0.8133074734,       2.527577165,     -0.6630492905,       4.444256264
          0,           0,        3263,      -2.865929165,     -0.6424030123,     -0.8112216334,       2.525800923,     -0.6632311809,       4.449525067
          0,           0,        3264,       -2.86379656,     -0.6285912814,     -0.8002898419,       2.528373725,     -0.6634177277,       4.532450905
          0,           0,        3265,      -2.865724455,      -0.635076563,     -0.7928559632,       2.526838383,     -0.6635893189,       4.460294241
          0,           0,        3266,      -2.862220662,     -0.6500788512,     -0.8176738805,       2.530951732,     -0.6637490228,       4.504119847
          0,           0,        3267,      -2.873926565,     -0.6401344055,     -0.7898138282,        2.51702277,     -0.6638915828,        4.55924296
          0,           0,        3268,      -2.871856685,     -0.6705986374,     -0.8009610423,       2.519879637,     -0.6640325898,       4.531155144
          0,           0,        3269,      -2.873506761,     -0.6607676591,     -0.7928496219,       2.517832224,     -0.6641785437,       4.293439016
          0,           0,        3270,       -2.87519135,     -0.6932104994,     -0.8199015694,       2.517518743,      -0.664321556,       4.452099663
          0,           0,        3271,      -2.866098136,     -0.6607615279,     -0.7955799858,        2.52560895,     -0.6644353733,        4.46568961
          0,           0,        3272,      -2.859715016,     -0.6608241435,     -0.7831747323,       2.533048288,     -0.6645622859,        4.52516359
          0,           0,        3273,      -2.870911067,     -0.6552930882,     -0.7888600875,       2.521076065,     -0.6646806544,       4.534547238
          0,           0,        3274,      -2.867822602,      -0.665084295,     -0.7892932479,       2.524687502,     -0.6647862658,       4.377862888
          0,           0,        3275,      -2.872974767,     -0.6693537997,     -0.8151400765,       2.519957341,      -0.664892956,       4.372327401
          0,           0,        3276,      -2.858521139,     -0.6708896456,     -0.8203185791,       2.534341849,     -0.6650040101,        4.51106567
          0,           0,        3277,       -2.85602369,     -0.6376908116,     -0.8115682221,       2.535676845,     -0.6651300126,       4.542589382
          0,           0,        3278,      -2.862840517,     -0.6681950296,     -0.8169505039,        2.52942712,     -0.6652518931,       4.454563706
          0,           0,        3279,      -2.873052541,      -0.641182522,     -0.7988413094,       2.518736503,     -0.6653812344,       4.439256918
          0,           0,        3280,       -2.87339693,      -0.643697209,     -0.7934873133,       2.518150253,     -0.6655067058,        4.44039761
          0,           0,        3281,      -2.860614523,     -0.6579643136,     -0.8132710082,       2.531158647,      -0.665637138,       4.447656032
          0,           0,        3282,      -2.860757585,     -0.6352477838,     -0.8000772465,       2.531424476,     -0.6657721237,       4.387303097
          0,           0,        3283,      -2.877776396,     -0.6420224533,     -0.7835748745,       2.513449171,     -0.6659168747,        4.42219908
          0,           0,        3284,       -2.87020982,     -0.6672201426,     -0.8153516421,       2.522867676,     -0.6660615262,       4.435526432
          0,           0,        3285,      -2.860759558,     -0.6618524122,     -0.8062357864,       2.531098858,     -0.6661941497,       4.553750352
          0,           0,        3286,      -2.856112737,     -0.6717389321,     -0.7974022708,        2.53723302,     -0.6663370954,       4.536331839
          0,           0,        3287,      -2.863947764,     -0.6653369268,     -0.7989286989,       2.527808331,     -0.6664621135,       4.362379995
          0,           0,        3288,      -2.877685679,     -0.6682462297,       -0.80465183,       2.515023892,     -0.6665929817,       4.393837675
          0,           0,        3289,      -2.857222535,     -0.6790918961,     -0.8210803763,       2.535691939,     -0.6667288921,       4.416993184
          0,           0,        3290,      -2.855200596,     -0.6668346101,     -0.8048854614,       2.536865813,     -0.6668512803,       4.506880812
          0,           0,        3291,      -2.859773451,       -0.66628815,      -0.817125501,       2.532641017,     -0.6669855136,       4.511768714
          0,           0,        3292,      -2.862845464,     -0.6632214616,     -0.7889445885,       2.529557537,     -0.6671182259,       4.391410221
          0,           0,        3293,      -2.857745542,     -0.6883867637,     -0.8291500435,       2.535412281,     -0.6672338629,       4.379863886
          0,           0,        3294,      -2.852113082,     -0.6691943126,      -0.813334387,       2.539890796,     -0.6673672174,       4.524188125
          0,           0,        3295,      -2.854489733,      -0.659282406,     -0.8265770163,       2.536838597,     -0.6674933433,       4.553615374
          0,           0,        3296,       -2.86278482,     -0.6384951908,     -0.7879319136,       2.530125308,     -0.6676457225,       4.309115321
          0,           0,        3297,      -2.873376204,     -0.6905084388,     -0.8222941767,       2.518431167,     -0.6677823195,       4.437540223
          0,           0,        3298,      -2.865189164,     -0.6416082614,     -0.7975488172,       2.527154357,     -0.6679343203,       4.479593677
          0,           0,        3299,      -2.859844399,     -0.6721308507,     -0.8213277003,       2.532436486,     -0.6680861039,       4.488016659
          0,           0,        3300,      -2.860405639,     -0.6261198762,     -0.8065218948,        2.53268728,     -0.6682315407,       4.412626448
          0,           0,        3301,      -2.879352434,     -0.6547660563,     -0.7965892023,       2.514552449,     -0.6683842227,       4.326072587
          0,           0,        3302,       -2.87081382,     -0.6759481485,     -0.8371968429,       2.522992631,     -0.6685316332,       4.375082439
          0,           0,        3303,      -2.858812179,     -0.6771949188,     -0.8228171193,       2.534899515,     -0.6686922576,       4.528106921
          0,           0,        3304,      -2.853837111,     -0.6509913319,      -0.806504728,       2.539497528,     -0.6688414292,       4.572247538
          0,           0,        3305,      -2.874556829,     -0.6718300966,     -0.8080138082,        2.51747038,     -0.6690031314,       4.385317881
          0,           0,        3306,      -2.880607292,     -0.6908640867,     -0.8255491813,       2.512139488,     -0.6691634816,        4.40829223
          0,           0,        3307,       -2.86870771,     -0.7011484225,       -0.82903303,       2.524315911,     -0.6693184261,        4.47721385
          0,           0,        3308,      -2.863014211,     -0.6841220219,     -0.8263973427,       2.529269439,     -0.6694820683,       4.572199868
          0,           0,        3309,       -2.86108371,     -0.6611313439,      -0.807333712,       2.531756828,     -0.6696433437,       4.560017519
          0,           0,        3310,      -2.867953631,     -0.6415867031,      -0.781698733,       2.524602932,     -0.6698001039,       4.458645821
          0,           0,        3311,      -2.867453651,     -0.6864070678,     -0.8102069267,       2.525474368,     -0.6699667012,       4.469686393
          0,           0,        3312,      -2.855897308,      -0.663764037,     -0.8156740255,       2.536991248,     -0.6701295908,       4.546565353
          0,           0,        3313,      -2.852412066,      -0.632755616,     -0.7758280147,       2.540045351,     -0.6702949511,       4.550406399
          0,           0,        3314,      -2.866291699,     -0.6748904536,     -0.8197485029,       2.526656626,      -0.670470319,       4.446013624
          0,           0,        3315,       -2.87885723,     -0.6758612375,     -0.8190524451,       2.513702211,     -0.6706372227,       4.398134537
          0,           0,        3316,      -2.870528145,     -0.6840426185,     -0.8302997914,       2.522320922,     -0.6708098386,       4.468162558
          0,           0,        3317,      -2.861108689,     -0.6425461537,     -0.8180833329,       2.531394767,     -0.6709678651,       4.542151687
          0,           0,        3318,      -2.865018446,     -0.6710040127,     -0.8294775667,       2.528047181,     -0.6711224881,       4.485583127
          0,           0,        3319,      -2.869154931,       -0.64943714,     -0.8306995677,       2.523638606,     -0.6712776628,       4.533577727
          0,           0,        3320,      -2.883198467,     -0.6788594363,     -0.8256506786,       2.509193659,      -0.671430406,       4.505930837
          0,           0,        3321,      -2.863339236,     -0.6805508279,     -0.8416295479,       2.529749479,     -0.6715871928,        4.52071306
          0,           0,        3322,      -2.867376734,     -0.6678007458,     -0.8154518176,       2.524463827,     -0.6717218874,       4.495454406
          0,           0,        3323,      -2.866490228,     -0.6630568185,     -0.8403287768,       2.526464773,     -0.6718706095,       4.448863916
          0,           0,        3324,      -2.866664772,     -0.6758482919,      -0.827461308,       2.525920368,     -0.6720015194,        4.36375318
          0,           0,        3325,       -2.87020141,     -0.6700198946,     -0.8386384933,        2.52276295,     -0.6721439835,       4.423136831
          0,           0,        3326,      -2.862886854,     -0.6612540363,     -0.8266811933,       2.529722948,     -0.6722787495,        4.46771707
          0,           0,        3327,      -2.871213777,     -0.6605754715,      -0.807660564,       2.521232063,     -0.6724031317,       4.476478872
          0,           0,        3328,      -2.859746657,     -0.6327240155,     -0.8128406135,       2.533490884,     -0.6725008492,       4.457971553
          0,           0,        3329,      -2.872908552,     -0.6660149234,     -0.7973487264,         2.5200273,     -0.6725952219,       4.502943759
          0,           0,        3330,      -2.856876499,     -0.6554208609,     -0.8180417992,       2.536920981,     -0.6726765828,       4.495835201
          0,           0,        3331,      -2.855589814,     -0.6306929094,     -0.7802104413,       2.537105858,      -0.672758693,       4.485686283
          0,           0,        3332,      -2.869734826,     -0.6705648011,     -0.8172119524,       2.523077963,     -0.6728310775,       4.407339155
          0,           0,        3333,      -2.862035784,     -0.6525744059,     -0.7909434413,        2.53033172,     -0.6729221567,       4.406064874
          0,           0,        3334,      -2.861535924,     -0.6893706129,     -0.8250677337,       2.531396964,     -0.6729808159,       4.472103773
          0,           0,        3335,      -2.862346418,     -0.6266970108,      -0.775419902,       2.530192194,     -0.6730290249,       4.493619073
          0,           0,        3336,      -2.858268959,     -0.6680444407,     -0.8056900944,       2.534214172,      -0.673055491,       4.497784334
          0,           0,        3337,       -2.85689996,     -0.6351641096,     -0.7900663555,       2.536706778,     -0.6730796248,       4.424910104
          0,           0,        3338,      -2.871258076,     -0.6648261117,     -0.7990863653,       2.521611717,     -0.6730943403,       4.410246024
          0,           0,        3339,      -2.869135051,     -0.6526651092,     -0.8040265144,        2.52427063,     -0.6731095226,        4.44163547
          0,           0,        3340,      -2.858657524,     -0.6686861569,      -0.822812928,       2.534036601,     -0.6731201428,       4.503166005
          0,           0,        3341,      -2.872923928,     -0.6719281128,     -0.8285415648,       2.519858483,     -0.6731414198,       4.418541783
          0,           0,        3342,      -2.879104074,     -0.6501407386,     -0.8220336871,       2.512141664,     -0.6731441467,       4.418961516
          0,           0,        3343,       -2.87403208,     -0.6717834019,       -0.82200597,       2.518553751,     -0.6731454922,       4.394020009
          0,           0,        3344,      -2.863599621,     -0.6453015928,     -0.8177196369,       2.528855999,     -0.6731363308,       4.433709536
          0,           0,        3345,      -2.865177585,     -0.6613464336,     -0.8025851943,       2.526508841,      -0.673093669,       4.461566004
          0,           0,        3346,      -2.859210061,     -0.6348666454,     -0.8162775624,       2.533325613,     -0.6730844851,        4.48362302
          0,           0,        3347,      -2.871132396,     -0.6459737993,     -0.8017609995,       2.520730832,     -0.6730812845,       4.524088821
          0,           0,        3348,      -2.861296898,      -0.650617503,     -0.8218981243,        2.53161066,     -0.6730766394,       4.503482951
          0,           0,        3349,      -2.856821871,     -0.6455597112,     -0.7994810428,       2.534992464,     -0.6730702237,       4.498388505
          0,           0,        3350,      -2.861277467,     -0.6473451743,     -0.8187442673,       2.530351222,        -0.6730514,       4.485901802
          0,           0,        3351,      -2.855632421,     -0.6479828066,     -0.8044071694,       2.537567642,     -0.6730255868,        4.37811936
          0,           0,        3352,      -2.869343375,     -0.6566706691,     -0.8150651468,       2.523231579,     -0.6730039364,       4.415048827
          0,           0,        3353,      -2.863508201,     -0.6396248113,     -0.8107606328,       2.528358282,     -0.6730056469,       4.455414666
          0,           0,        3354,      -2.856035374,     -0.6461702549,     -0.8009483446,       2.535969622,     -0.6729908097,       4.469025887
          0,           0,        3355,      -2.860485202,     -0.6342682753,     -0.8090856689,       2.531507312,     -0.6729907062,       4.428251806
          0,           0,        3356,      -2.870103521,      -0.638720897,     -0.7941605738,       2.521783489,     -0.6729779014,       4.434088048
          0,           0,        3357,      -2.862534245,     -0.6643593696,     -0.8257864531,       2.530623986,     -0.6729733806,       4.416855653
          0,           0,        3358,      -2.857060833,     -0.6456756799,     -0.8051928903,        2.53408152,     -0.6729730354,       4.527556049
          0,           0,        3359,      -2.862953203,     -0.6676191239,     -0.8163642159,       2.529095353,     -0.6729623301,        4.51504192
          0,           0,        3360,      -2.857998287,     -0.6568027351,     -0.8260456429,        2.53495689,     -0.6729730456,       4.331929204
          0,           0,        3361,      -2.876219046,     -0.6562666853,     -0.8089306436,       2.516068105,     -0.6729720705,        4.40333585
          0,           0,        3362,      -2.862916613,     -0.6590663035,     -0.8207573663,         2.5298148,     -0.6729762059,       4.408617606
          0,           0,        3363,       -2.85451946,     -0.6454499616,     -0.7951026925,       2.537477265,     -0.6729576634,       4.443965836
          0,           0,        3364,      -2.858169554,     -0.6312867561,      -0.814413526,       2.534664266,     -0.6729466726,       4.416934504
          0,           0,        3365,      -2.869242075,     -0.6402573587,     -0.7884244451,       2.523512138,     -0.6729400315,       4.454006072
          0,           0,        3366,       -2.85938784,     -0.6458319754,     -0.8121167259,       2.533801149,     -0.6729393753,       4.417731852
          0,           0,        3367,      -2.857481414,     -0.6327509185,     -0.7975219199,       2.534521934,     -0.6729249985,       4.537297172
          0,           0,        3368,       -2.85802701,     -0.6456232119,     -0.8041381638,       2.534748372,     -0.6729300568,       4.492401491
          0,           0,        3369,      -2.866134558,     -0.6413407776,     -0.7897460268,        2.52622961,     -0.6729174613,       4.370978819
          0,           0,        3370,      -2.873725535,     -0.6578649812,      -0.789066206,       2.518485811,     -0.6729216334,        4.38387114
          0,           0,        3371,      -2.873329984,     -0.6539731326,     -0.8068103186,       2.518888305,     -0.6729073044,       4.387168019
          0,           0,        3372,       -2.85897056,     -0.6505360305,     -0.7891615993,       2.532997078,     -0.6729120364,       4.492979657
          0,           0,        3373,      -2.868606571,     -0.6535014766,      -0.814470603,       2.523495717,      -0.672911757,       4.447909062
          0,           0,        3374,      -2.879312874,     -0.6542462167,     -0.7984977277,       2.512391284,     -0.6729229105,       4.455699934
          0,           0,        3375,      -2.872636204,     -0.6802982959,     -0.8290483014,       2.519868018,     -0.6729219426,       4.457075793
          0,           0,        3376,      -2.865811817,     -0.6680688913,     -0.7970635667,       2.525293572,     -0.6729212308,       4.533738965
          0,           0,        3377,      -2.864327555,     -0.6817355024,      -0.817374899,       2.527294733,     -0.6729073667,       4.547277192
          0,           0,        3378,       -2.86611592,     -0.6645020525,     -0.8030657132,       2.524420238,     -0.6729116528,       4.475855598
          0,           0,        3379,      -2.871538478,     -0.6749321929,     -0.8098148294,       2.520731409,      -0.672906361,       4.483558835
          0,           0,        3380,      -2.875588068,      -0.672062259,     -0.8073469163,       2.515940979,     -0.6729369226,       4.556708027
          0,           0,        3381,      -2.867527642,     -0.6618566246,     -0.8005504737,       2.523548254,     -0.6729769505,       4.635100289
          0,           0,        3382,      -2.873749504,     -0.6633712729,     -0.8114223435,        2.51753861,     -0.6730210971,       4.592858324
          0,           0,        3383,      -2.881608134,     -0.6696978169,     -0.7973036847,       2.509593222,      -0.673044245,       4.498250274
          0,           0,        3384,      -2.879341503,     -0.6834581263,     -0.8273656081,       2.513368222,     -0.6730705853,        4.49535963
          0,           0,        3385,       -2.86907354,     -0.6754718852,     -0.8049745637,       2.522324443,     -0.6731047672,       4.514868429
          0,           0,        3386,      -2.862735807,     -0.6660976059,     -0.8156874514,       2.529339241,      -0.673138949,       4.519943266
          0,           0,        3387,      -2.870170916,     -0.6633438782,     -0.8082181618,       2.521067185,     -0.6731719963,       4.454207836
          0,           0,        3388,      -2.876488295,     -0.6957438238,     -0.8224637853,        2.51660584,     -0.6732130809,       4.479373308
          0,           0,        3389,      -2.877482529,     -0.6866188551,     -0.8320009652,       2.514875863,     -0.6732433927,       4.506827221
          0,           0,        3390,      -2.869895217,     -0.6656001331,     -0.8026876664,       2.521346025,     -0.6732627826,       4.533864284
          0,           0,        3391,      -2.873829431,     -0.6731390606,     -0.8167037581,       2.518361137,     -0.6732838833,       4.398794575
          0,           0,        3392,      -2.885123237,     -0.6578801992,     -0.8012137619,       2.506313487,     -0.6733141271,        4.44470495
          0,           0,        3393,      -2.887542191,     -0.6946722602,     -0.8402584675,       2.504921988,     -0.6733485359,       4.410998868
          0,           0,        3394,      -2.865596631,     -0.6808133524,     -0.8227610335,       2.527082889,     -0.6733740734,       4.498503561
          0,           0,        3395,      -2.868912714,     -0.6795232448,     -0.8248494537,       2.522470239,     -0.6734064478,       4.555843586
          0,           0,        3396,      -2.867447665,     -0.6422010903,     -0.7965172637,       2.524437891,     -0.6734266026,        4.52107764
          0,           0,        3397,      -2.878049816,     -0.6913118062,     -0.8306813784,       2.514083008,     -0.6734342556,       4.380446629
          0,           0,        3398,      -2.876853409,     -0.7160218946,      -0.838858774,       2.515178561,     -0.6734345648,       4.478402982
          0,           0,        3399,      -2.879172337,     -0.6672222838,     -0.8091362782,       2.512447527,     -0.6734274434,       4.487741437
          0,           0,        3400,      -2.877508364,     -0.7056962191,     -0.8364354982,       2.514985078,     -0.6734237591,       4.485841403
          0,           0,        3401,      -2.878802286,     -0.6814104337,     -0.8174702044,       2.513380201,     -0.6734134096,       4.520090549
          0,           0,        3402,      -2.883233233,     -0.7117336129,     -0.8492448861,       2.509564244,     -0.6733960972,       4.486077719
          0,           0,        3403,      -2.865284755,     -0.7040732257,     -0.8261407901,        2.52628415,     -0.6733718857,       4.497799719
          0,           0,        3404,      -2.861296282,     -0.6914138895,     -0.8234153418,       2.531212508,     -0.6733399177,       4.413156246
          0,           0,        3405,      -2.860539142,     -0.7038970651,     -0.8455991818,       2.531116398,     -0.6732997811,       4.379757721
          0,           0,        3406,      -2.873825443,     -0.7091906759,     -0.8310669224,       2.518911428,     -0.6732541643,       4.457109259
          0,           0,        3407,      -2.871429419,     -0.7249977236,     -0.8420491413,       2.520857729,     -0.6732180317,        4.51374538
          0,           0,        3408,      -2.876726989,     -0.6787279354,     -0.8072083988,       2.514154937,     -0.6731607559,       4.534638175
          0,           0,        3409,      -2.866186538,     -0.7060420334,     -0.8330177567,       2.526924889,     -0.6731139379,        4.45978934
          0,           0,        3410,      -2.880416482,     -0.6636041373,     -0.7840226603,       2.510983078,     -0.6730475223,       4.487900313
          0,           0,        3411,      -2.868777127,     -0.6974123919,     -0.8266130851,       2.525050956,      -0.672986429,       4.429118778
          0,           0,        3412,      -2.858622537,     -0.6912067112,     -0.8038205879,       2.533986275,     -0.6729309265,       4.430684968
          0,           0,        3413,      -2.865139424,     -0.6815625982,     -0.8195439711,       2.526981463,     -0.6728621698,       4.437246874
          0,           0,        3414,      -2.862243822,     -0.6543139791,     -0.8081698603,       2.530221181,     -0.6728062669,       4.499984659
          0,           0,        3415,      -2.875408618,     -0.6867804307,      -0.831327496,       2.517513886,     -0.6727512014,       4.438418014
          0,           0,        3416,      -2.876795617,     -0.7049451778,     -0.8363478418,       2.515407436,     -0.6726855693,        4.44614279
          0,           0,        3417,      -2.874406332,     -0.6826435505,     -0.8105478992,       2.516843015,     -0.6726339886,       4.453528766
          0,           0,        3418,      -2.871827719,     -0.6873724337,     -0.8366105273,       2.520290415,      -0.672565936,       4.408144192
          0,           0,        3419,      -2.879096976,       -0.67370071,     -0.8167089732,       2.513002219,     -0.6725114864,       4.436872041
          0,           0,        3420,      -2.878287341,     -0.7158854504,     -0.8418385095,       2.514037657,      -0.672431642,       4.424715554
          0,           0,        3421,      -2.866642785,     -0.6891106288,     -0.8180672545,       2.525764314,     -0.6723603141,       4.509660647
          0,           0,        3422,      -2.865532608,      -0.696186226,     -0.8354735418,       2.527075382,     -0.6722896676,       4.503774795
          0,           0,        3423,      -2.865679519,      -0.682238746,     -0.8234810999,         2.5266179,     -0.6722162482,       4.438579446
          0,           0,        3424,      -2.872369795,     -0.6947242453,     -0.8288256955,       2.520597641,     -0.6721362202,       4.433616796
          0,           0,        3425,      -2.875222042,      -0.721833666,     -0.8423265167,       2.517595718,     -0.6720465344,       4.405651188
          0,           0,        3426,      -2.870517118,     -0.6777545249,     -0.8125604228,       2.522290388,     -0.6719509938,       4.496550328
          0,           0,        3427,      -2.868389859,     -0.6818563422,     -0.8287069141,       2.524789117,      -0.671850568,        4.48308689
          0,           0,        3428,      -2.876875868,     -0.6569822338,     -0.7985356315,       2.515881163,     -0.6717413774,       4.421521857
          0,           0,        3429,      -2.876330128,     -0.6778136022,     -0.8210572024,       2.516836365,     -0.6716370646,       4.432859703
          0,           0,        3430,      -2.865625725,     -0.6700084621,     -0.8186498949,       2.527792046,     -0.6715212764,       4.545128486
          0,           0,        3431,      -2.871029793,      -0.687246686,      -0.816619455,       2.520519428,     -0.6714049993,        4.57379167
          0,           0,        3432,       -2.86042797,     -0.6603426757,     -0.8224409064,       2.532847352,     -0.6712822632,       4.599459058
          0,           0,        3433,      -2.881933846,     -0.6852238871,      -0.817787182,       2.511385592,      -0.671151912,       4.497715262
          0,           0,        3434,      -2.880035887,     -0.7088679873,      -0.838131652,       2.512402347,     -0.6710355513,       4.428734844
          0,           0,        3435,      -2.873215202,     -0.6850308437,     -0.8075938847,       2.518923779,     -0.6709143128,       4.424984145
          0,           0,        3436,       -2.87739748,     -0.6787933342,     -0.8189333448,       2.515457429,     -0.6708076135,       4.388367851
          0,           0,        3437,      -2.873045599,     -0.6826346543,     -0.8239456574,       2.519827693,     -0.6707092482,       4.457801018
          0,           0,        3438,      -2.880962617,     -0.7007859697,     -0.8318227479,       2.512172157,     -0.6706047222,       4.405499267
          0,           0,        3439,      -2.859192241,     -0.7063328679,     -0.8428057558,       2.534509495,     -0.6705185986,       4.464508396
          0,           0,        3440,      -2.857489882,     -0.6923010144,     -0.8158621529,       2.535169019,     -0.6704314545,       4.475454283
          0,           0,        3441,      -2.858892682,     -0.7002411367,      -0.830269387,       2.533798898,     -0.6703545196,       4.529748231
          0,           0,        3442,      -2.874124939,     -0.6854464327,     -0.8148958338,       2.519290065,     -0.6702786877,       4.483327813
          0,           0,        3443,      -2.875685167,     -0.7245991684,     -0.8402608982,       2.517203613,     -0.6702142488,       4.519384967
          0,           0,        3444,      -2.877073211,     -0.6735312744,     -0.8026927344,       2.515075222,     -0.6701664928,       4.550130032
          0,           0,        3445,      -2.875705424,     -0.6950624495,     -0.8347260228,       2.516713126,      -0.670131235,       4.500754335
          0,           0,        3446,      -2.873445804,     -0.6474511535,     -0.7979108196,       2.518775615,     -0.6700978863,       4.446496434
          0,           0,        3447,      -2.898301016,     -0.6834043158,     -0.8197723502,       2.493680825,     -0.6700634943,       4.402505193
          0,           0,        3448,      -2.868952617,     -0.6715770989,     -0.8332567139,       2.525146179,        -0.6700465,       4.472145856
          0,           0,        3449,      -2.879154519,     -0.6779511483,     -0.8077547554,       2.512577637,     -0.6700516138,       4.567592216
          0,           0,        3450,      -2.873192219,     -0.6605063072,     -0.8246869549,       2.518928614,     -0.6700692485,       4.592915883
          0,           0,        3451,      -2.879851426,     -0.6799320963,     -0.8082318739,       2.512861427,     -0.6700897779,       4.439539962
          0,           0,        3452,      -2.896839094,     -0.7044769027,     -0.8457997851,       2.494752047,     -0.6701134711,       4.422447451
          0,           0,        3453,      -2.881079195,     -0.7083410227,     -0.8498126994,       2.511799896,     -0.6701547016,       4.423376211
          0,           0,        3454,      -2.872851681,     -0.6893589801,     -0.8456947649,       2.518824562,     -0.6702013812,       4.460041695
          0,           0,        3455,      -2.867723312,     -0.7001308296,     -0.8511980491,       2.524929466,     -0.6702598293,       4.374422905
          0,           0,        3456,      -2.876806346,     -0.6978491305,     -0.8539966171,        2.51555145,     -0.6703263356,       4.427456503
          0,           0,        3457,      -2.866008756,     -0.7209053909,      -0.865109644,       2.527656598,     -0.6703920298,        4.43451828
          0,           0,        3458,      -2.857210153,     -0.6987288737,     -0.8479143581,       2.535005305,     -0.6704529183,       4.469432903
          0,           0,        3459,      -2.869312613,     -0.6704050865,     -0.8343583578,       2.522934006,     -0.6705221369,       4.375417096
          0,           0,        3460,      -2.870621558,     -0.6730254853,     -0.8340138024,       2.521415256,     -0.6705839143,       4.286192373
          0,           0,        3461,      -2.877207726,     -0.6848748112,     -0.8292279016,       2.515620089,     -0.6706486217,       4.388504717
          0,           0,        3462,      -2.867425184,     -0.6637169936,     -0.8355909754,       2.525392876,     -0.6707043957,       4.447837975
          0,           0,        3463,       -2.87605784,     -0.6555196143,     -0.7918265536,       2.516063349,     -0.6707629151,       4.515606497
          0,           0,        3464,      -2.872021576,      -0.650532827,     -0.8077116502,       2.521163845,     -0.6708169619,       4.444001214
          0,           0,        3465,      -2.890063378,     -0.6483546267,     -0.7868980321,       2.501766661,     -0.6708610226,       4.480644055
          0,           0,        3466,      -2.878970952,     -0.6594662909,     -0.8219724419,        2.51464838,     -0.6708954991,       4.459839042
          0,           0,        3467,      -2.865625879,     -0.6632946917,     -0.8022009978,       2.527370582,     -0.6709264029,       4.623629786
          0,           0,        3468,      -2.875620619,     -0.6575941644,     -0.8140564075,       2.516192026,     -0.6709555837,       4.605900548
          0,           0,        3469,      -2.864923216,     -0.6806816728,      -0.831983368,       2.528886254,     -0.6709876824,       4.525808142
          0,           0,        3470,      -2.886597129,     -0.6802399328,     -0.8212772971,       2.506052029,     -0.6710155549,       4.448698449
          0,           0,        3471,      -2.867309145,     -0.7111059117,     -0.8523184135,       2.525945612,     -0.6710318881,       4.459416027
          0,           0,        3472,      -2.866986097,     -0.6699462566,      -0.813421311,       2.524934289,     -0.6710349424,       4.479905599
          0,           0,        3473,      -2.875235918,     -0.6737215633,     -0.8279930249,       2.517318781,      -0.671028054,       4.392815155
          0,           0,        3474,       -2.86398741,     -0.6450032991,     -0.8154751989,       2.529573179,     -0.6709979351,       4.429145083
          0,           0,        3475,      -2.872804003,     -0.6863269437,     -0.8379767281,       2.519920961,     -0.6709805504,       4.469184201
          0,           0,        3476,      -2.853164507,     -0.6429545694,     -0.8215166695,       2.539751519,     -0.6709436758,       4.508099673
          0,           0,        3477,      -2.864124064,      -0.630915636,     -0.8104569213,       2.527974469,     -0.6709111829,       4.476062286
          0,           0,        3478,      -2.861629112,     -0.6452770231,     -0.8077562691,       2.531526253,     -0.6708851464,       4.353645788
          0,           0,        3479,      -2.875997543,     -0.6850142369,     -0.8197544861,       2.516705172,     -0.6708326178,       4.430859739
          0,           0,        3480,      -2.866724632,     -0.6529013722,     -0.8244491107,       2.526367861,     -0.6707818993,       4.428562912
          0,           0,        3481,      -2.856478319,     -0.6394420024,     -0.7848500647,       2.536707977,      -0.670732327,       4.454685497
          0,           0,        3482,      -2.867717771,     -0.6585719199,     -0.8241677887,       2.525437714,     -0.6707013229,       4.369182361
          0,           0,        3483,      -2.869619105,     -0.6533550744,     -0.8136603649,       2.523984775,     -0.6706825227,        4.49122464
          0,           0,        3484,      -2.864457693,      -0.663202846,     -0.8182335152,       2.529382293,     -0.6706591794,       4.491154493
          0,           0,        3485,      -2.861499328,     -0.6709906523,     -0.8173723083,       2.531216354,     -0.6706386673,       4.581533773
          0,           0,        3486,      -2.866952171,     -0.6558808673,     -0.8112626252,       2.524800847,     -0.6706193798,        4.56626364
          0,           0,        3487,      -2.865295117,      -0.678584426,     -0.8238549588,       2.527221173,     -0.6706136823,        4.43500059
          0,           0,        3488,      -2.874697628,     -0.6792618709,     -0.8329068401,       2.517575505,      -0.670599861,        4.43533471
          0,           0,        3489,      -2.866339369,     -0.6787762466,     -0.8308040633,       2.526094408,     -0.6706086884,       4.452887499
          0,           0,        3490,      -2.860546803,     -0.6525634528,     -0.8147519786,       2.531383929,     -0.6706346248,       4.492648634
          0,           0,        3491,      -2.869508393,     -0.6420018388,     -0.8252449471,        2.52324921,     -0.6706772453,       4.409357903
          0,           0,        3492,      -2.868043593,     -0.6224762266,     -0.8159662464,       2.524634342,     -0.6707236924,        4.49884946
          0,           0,        3493,      -2.870264329,     -0.6261699532,     -0.8081726457,       2.522752374,      -0.670787141,       4.446426264
          0,           0,        3494,      -2.857780428,     -0.6366271475,     -0.8249334675,         2.5356419,     -0.6708619897,       4.511139771
          0,           0,        3495,      -2.855973239,     -0.6147099438,     -0.8109063058,       2.536910747,     -0.6709419702,         4.5247923
          0,           0,        3496,      -2.863978376,     -0.6212847309,     -0.8170420225,       2.528979846,      -0.671027895,       4.505471226
          0,           0,        3497,      -2.868008268,     -0.6512116978,     -0.8331419027,       2.526112427,     -0.6711296077,       4.430292305
          0,           0,        3498,      -2.875841365,     -0.6407080173,     -0.8264900558,       2.517188762,     -0.6712412891,       4.483967838
          0,           0,        3499,      -2.870017469,      -0.648524298,     -0.8273679855,       2.521911358,     -0.6713615294,       4.534270228
          0,           0,        3500,      -2.871311894,     -0.6521438284,     -0.8262393645,       2.521834403,     -0.6714962017,       4.494669008
          0,           0,        3501,      -2.860881387,     -0.6384259468,     -0.8162984239,       2.532085364,     -0.6716340119,       4.532690306
          0,           0,        3502,      -2.883716314,     -0.6429429365,     -0.7923688902,       2.508488469,     -0.6717889947,       4.423548322
          0,           0,        3503,      -2.862875848,     -0.6782984629,      -0.827979759,       2.530410891,     -0.6719538672,       4.484878792
          0,           0,        3504,      -2.868902594,     -0.6500649418,     -0.8038634231,       2.522973362,     -0.6721192973,       4.525163637
          0,           0,        3505,      -2.864670672,     -0.6775653042,     -0.8245791636,       2.528889454,     -0.6722929876,       4.425705195
          0,           0,        3506,      -2.879661333,     -0.6677380447,     -0.8149314241,       2.512432684,     -0.6724795801,       4.409756438
          0,           0,        3507,      -2.877837854,     -0.6801328956,     -0.8245886283,       2.514753114,     -0.6726690734,       4.498413989
          0,           0,        3508,      -2.864540773,     -0.6747754148,     -0.8379372152,       2.528302219,     -0.6728597146,       4.491761721
          0,           0,        3509,      -2.875386862,       -0.67463786,     -0.8228738572,       2.516838085,     -0.6730457934,       4.525531576
          0,           0,        3510,      -2.864008678,     -0.6689433162,     -0.8256903758,       2.528692422,       -0.67322862,       4.509625623
          0,           0,        3511,      -2.883132952,     -0.6671340443,     -0.8092881126,       2.508873615,     -0.6734094983,       4.426902605
          0,           0,        3512,      -2.865234887,     -0.6851533724,     -0.8346806974,       2.528018283,     -0.6735818468,       4.436560206
          0,           0,        3513,      -2.868979443,     -0.6555649621,     -0.8066506949,       2.522111663,      -0.673742815,       4.454321717
          0,           0,        3514,      -2.870485998,     -0.6670276989,     -0.8313798647,       2.521750436,     -0.6738933372,       4.402847602
          0,           0,        3515,      -2.877320162,      -0.646763889,     -0.8084660225,        2.51419132,     -0.6740659706,       4.419362483
          0,           0,        3516,      -2.879821318,     -0.6475876181,     -0.8165435962,       2.513132055,      -0.674219121,       4.482743107
          0,           0,        3517,      -2.873398158,     -0.6366952587,     -0.7997194641,       2.519075519,     -0.6743879401,       4.517541165
          0,           0,        3518,      -2.871339121,     -0.6513096503,     -0.8159428519,       2.520532036,      -0.674540084,       4.526856555
          0,           0,        3519,      -2.871276565,     -0.6372375125,     -0.8145336132,       2.520918715,     -0.6746738788,       4.407058374
          0,           0,        3520,      -2.884553031,     -0.6505863379,     -0.8062157999,       2.507265974,     -0.6747987935,       4.343104113
          0,           0,        3521,      -2.869840473,     -0.6607658038,     -0.8429597625,       2.523326875,     -0.6749216508,       4.411701738
          0,           0,        3522,      -2.864445187,     -0.6721644706,     -0.8166795742,       2.527149788,     -0.6750451779,       4.506037963
          0,           0,        3523,      -2.871668625,     -0.6651596003,     -0.8439473409,       2.520854628,     -0.6751619535,       4.496353206
          0,           0,        3524,      -2.864909711,     -0.6618655605,     -0.8244340552,       2.527211762,     -0.6752896437,       4.350376994
          0,           0,        3525,      -2.880197437,     -0.6994912333,     -0.8519074854,       2.512680628,     -0.6754100454,       4.408788018
          0,           0,        3526,      -2.869453735,     -0.6646387451,       -0.83939918,       2.523395722,      -0.675512067,        4.43882527
          0,           0,        3527,      -2.866725705,      -0.652946268,      -0.821380981,       2.525576088,     -0.6756175792,       4.465702305
          0,           0,        3528,      -2.869567443,     -0.6381458136,     -0.8127218719,       2.523916378,     -0.6757286348,       4.351632651
          0,           0,        3529,      -2.878773977,     -0.6524835069,     -0.8060932185,       2.514104301,     -0.6758449935,       4.424808292
          0,           0,        3530,      -2.866825377,     -0.6553378557,     -0.8256621256,        2.52703076,     -0.6759578257,       4.460261607
          0,           0,        3531,      -2.865576107,     -0.6542747667,     -0.8100410088,       2.526921982,      -0.676074158,       4.535273506
          0,           0,        3532,      -2.875579094,     -0.6300911469,     -0.8044713929,       2.517431307,     -0.6761984811,       4.516678234
          0,           0,        3533,      -2.872046349,     -0.6442571838,     -0.8103865085,       2.521076062,     -0.6763265051,        4.40519135
          0,           0,        3534,      -2.881412063,     -0.6641836885,     -0.8233345646,       2.512222212,     -0.6764622736,       4.439208535
          0,           0,        3535,      -2.879515754,     -0.6476998567,     -0.8154324445,       2.512935941,     -0.6765943492,       4.469969002
          0,           0,        3536,      -2.865751274,     -0.6288229428,     -0.8019044897,       2.527620032,     -0.6767549087,       4.504397636
          0,           0,        3537,      -2.878019479,     -0.6491560572,     -0.8221453119,       2.514842733,     -0.6769178936,       4.432415389
          0,           0,        3538,      -2.877332651,       -0.64181406,     -0.7937419425,       2.515757902,      -0.677092093,       4.454495035
          0,           0,        3539,      -2.869118315,     -0.6542800503,     -0.8295382203,       2.523962943,     -0.6772713239,       4.520155128
          0,           0,        3540,      -2.868022376,     -0.6540394412,     -0.8081817552,       2.523774944,     -0.6774499984,       4.560290074
          0,           0,        3541,      -2.870911672,     -0.6496436151,     -0.8116111443,       2.520965804,     -0.6776418001,       4.458052809
          0,           0,        3542,      -2.872321205,     -0.6558266061,     -0.8151652231,        2.51928308,     -0.6778286224,       4.364463959
          0,           0,        3543,      -2.876281954,     -0.6784241727,     -0.8291341698,       2.516128363,     -0.6780469025,       4.459561558
          0,           0,        3544,       -2.86469277,     -0.6635337256,     -0.8317131288,       2.527596458,     -0.6782670131,       4.509736963
          0,           0,        3545,      -2.869673159,     -0.6510807346,      -0.813922494,       2.522407618,     -0.6785156523,       4.483748062
          0,           0,        3546,      -2.875161778,     -0.6435917339,     -0.8305697963,        2.51760249,     -0.6787464867,       4.480713294
          0,           0,        3547,      -2.883687971,      -0.660170323,     -0.8086730329,       2.509240783,      -0.678990926,       4.426413965
          0,           0,        3548,       -2.86267121,     -0.6707544348,      -0.833929355,       2.530273138,     -0.6792283215,       4.455174959
          0,           0,        3549,      -2.874018007,     -0.6611623891,     -0.8137422175,       2.517414285,     -0.6794629277,       4.490597008
          0,           0,        3550,       -2.87621102,      -0.677396707,     -0.8299703654,       2.516772809,     -0.6797178779,       4.329617993
          0,           0,        3551,       -2.87979622,     -0.6765794152,     -0.8355774623,       2.512775389,     -0.6799688232,       4.378780201
          0,           0,        3552,      -2.880345439,     -0.7032174212,     -0.8375866215,       2.512284139,     -0.6802179221,       4.472015506
          0,           0,        3553,       -2.86375307,     -0.6744582058,     -0.8215927665,        2.52878469,     -0.6804578012,       4.542482821
          0,           0,        3554,      -2.870190975,      -0.672251649,     -0.8071218938,       2.522174547,      -0.680704549,       4.485243857
          0,           0,        3555,      -2.864458584,     -0.6564744796,     -0.8116670247,       2.529171438,     -0.6809511727,       4.407632147
          0,           0,        3556,       -2.87997156,     -0.6857090679,     -0.8088513599,       2.513126281,     -0.6812153342,       4.362263758
          0,           0,        3557,      -2.864856612,     -0.6855191786,     -0.8364153151,       2.528427292,     -0.6814724526,       4.467235979
          0,           0,        3558,      -2.860030478,     -0.6538947118,      -0.803403761,       2.532773015,     -0.6817509931,       4.489313822
          0,           0,        3559,      -2.866464953,     -0.6819991735,       -0.82666017,       2.526023958,     -0.6820295832,       4.412491793
          0,           0,        3560,      -2.870388337,     -0.6775548125,     -0.8090986766,       2.523191025,     -0.6822909315,       4.367517023
          0,           0,        3561,      -2.867525975,     -0.7115024546,     -0.8491328527,       2.525386056,     -0.6825629846,       4.453221652
          0,           0,        3562,      -2.870057243,     -0.6603935126,     -0.8067985921,       2.522693428,     -0.6828324338,       4.463886245
          0,           0,        3563,      -2.866183216,     -0.6955088651,     -0.8320924044,       2.527238872,      -0.683103181,       4.493170752
          0,           0,        3564,      -2.873420948,     -0.6415526875,     -0.8065283923,       2.520080771,      -0.683378463,       4.430064299
          0,           0,        3565,      -2.886644808,     -0.6840371833,     -0.8128873957,       2.506693734,      -0.683644858,       4.404901597
          0,           0,        3566,      -2.868702137,     -0.6677553037,     -0.8102284967,       2.525222114,     -0.6839183465,       4.542923389
          0,           0,        3567,      -2.872830848,     -0.6691529541,      -0.810945717,       2.519260649,     -0.6841896398,        4.58215469
          0,           0,        3568,      -2.873441478,     -0.6643819261,     -0.8201615216,       2.519278765,     -0.6844699247,       4.556122524
          0,           0,        3569,      -2.880066672,     -0.6899224827,     -0.8094330581,       2.512266832,      -0.684733739,       4.451084624
          0,           0,        3570,      -2.884067127,     -0.6861362777,     -0.8242998552,       2.508530574,     -0.6849895181,       4.462825343
          0,           0,        3571,       -2.87337825,     -0.6885420653,     -0.8028842382,       2.519623955,     -0.6852589787,       4.432565763
          0,           0,        3572,      -2.861639897,     -0.6730504872,     -0.8034001977,       2.530668939,     -0.6855098671,       4.483874602
          0,           0,        3573,      -2.864116311,     -0.6662695016,     -0.8065075788,       2.528791063,     -0.6857793457,       4.428844481
          0,           0,        3574,       -2.86765631,     -0.6927071752,     -0.8200261006,       2.525239177,     -0.6860548243,       4.425338055
          0,           0,        3575,      -2.858923948,     -0.7030255411,     -0.8284671814,       2.534656054,     -0.6863287086,        4.43149862
          0,           0,        3576,      -2.851217947,     -0.6777685001,     -0.8215312565,       2.541688419,     -0.6865955951,       4.465739643
          0,           0,        3577,      -2.868480665,     -0.6758937776,      -0.836449948,       2.524291468,     -0.6868745015,       4.390646114
          0,           0,        3578,      -2.867555403,     -0.6693307106,     -0.8190989445,       2.524556635,     -0.6871452875,       4.376152094
          0,           0,        3579,      -2.871269813,     -0.6931965495,     -0.8292006636,       2.521625994,     -0.6873959435,       4.403939757
          0,           0,        3580,      -2.876048809,     -0.6514135779,     -0.8114736911,       2.516406172,     -0.6876582023,       4.434311643
          0,           0,        3581,      -2.870308454,     -0.6765718022,     -0.8202446228,       2.521820726,     -0.6879153659,       4.478115573
          0,           0,        3582,      -2.867154039,     -0.6487826018,     -0.8345695989,       2.525401657,     -0.6881717511,       4.392516693
          0,           0,        3583,       -2.88714004,     -0.6608358911,     -0.8097857874,       2.505524223,     -0.6884292438,       4.329611603
          0,           0,        3584,      -2.876653067,     -0.6783234296,     -0.8519768521,       2.516671218,     -0.6886743179,       4.407117496
          0,           0,        3585,      -2.859546974,     -0.6887388211,     -0.8311577313,       2.533803254,     -0.6889235582,       4.511799183
          0,           0,        3586,      -2.866377018,     -0.6542221193,     -0.8053676965,       2.525346118,     -0.6891821726,       4.542048568
          0,           0,        3587,      -2.867145221,     -0.6798454439,     -0.8383510336,       2.526069681,     -0.6894293491,       4.435136432
          0,           0,        3588,      -2.879552917,     -0.6901401196,     -0.8390931777,       2.513544879,     -0.6896887292,       4.387134368
          0,           0,        3589,      -2.871164712,      -0.715175192,      -0.873023912,       2.521854576,     -0.6899445677,       4.403533621
          0,           0,        3590,      -2.863630316,     -0.6784028972,     -0.8385632064,       2.528028005,     -0.6901920474,        4.46864025
          0,           0,        3591,      -2.873211468,     -0.6656961817,     -0.8399957356,       2.519396721,     -0.6904482813,       4.384781598
          0,           0,        3592,      -2.866014408,     -0.6479312215,     -0.8206248507,       2.526401251,     -0.6906982895,       4.440141107
          0,           0,        3593,      -2.887309224,     -0.6638339888,       -0.82039914,       2.504822918,     -0.6909601082,       4.394853561
          0,           0,        3594,      -2.856242641,     -0.6648456452,     -0.8411710693,       2.537212017,     -0.6912068598,       4.457990739
          0,           0,        3595,      -2.865889146,     -0.6426887734,     -0.8138763865,       2.525925237,     -0.6914605634,       4.522386539
          0,           0,        3596,      -2.872266279,     -0.6468417629,      -0.829667892,       2.521260533,     -0.6917003238,       4.482759496
          0,           0,        3597,      -2.873490164,     -0.6355918258,     -0.8249738968,       2.519246467,     -0.6919461399,       4.389046915
          0,           0,        3598,      -2.873515711,     -0.6609776468,     -0.8501284639,       2.520434843,     -0.6921900713,       4.459449188
          0,           0,        3599,      -2.862821193,     -0.6327920666,     -0.8078468741,       2.530311363,     -0.6924382754,       4.461617168
          0,           0,        3600,      -2.867813314,     -0.6465531787,     -0.8266311622,        2.52629569,     -0.6926830314,       4.401231611
          0,           0,        3601,      -2.861665756,     -0.6271181213,     -0.8223875792,       2.532635178,     -0.6929228941,       4.423224473
          0,           0,        3602,      -2.885463028,     -0.6644452736,     -0.8330940013,       2.508404369,     -0.6931760252,       4.380920685
          0,           0,        3603,      -2.861932824,     -0.6750172792,     -0.8382118816,        2.53264559,     -0.6934262926,        4.46713145
          0,           0,        3604,      -2.865719586,     -0.6593629671,     -0.8376501043,       2.527017938,     -0.6936810884,       4.478144335
          0,           0,        3605,      -2.868325372,     -0.6749382301,     -0.8370430832,       2.525131769,     -0.6939323742,       4.399206314
          0,           0,        3606,      -2.877249961,      -0.665476145,     -0.8368492136,       2.514755298,     -0.6941791937,       4.439207576
          0,           0,        3607,      -2.869949148,     -0.6680295041,     -0.8222966231,       2.523107791,     -0.6944094068,       4.512682769
          0,           0,        3608,      -2.860171733,     -0.6623546621,     -0.8118914461,       2.533227369,     -0.6946376162,       4.571742674
          0,           0,        3609,      -2.867708858,     -0.6439590439,     -0.8260286041,       2.524873987,     -0.6948824471,       4.541680671
          0,           0,        3610,      -2.859625015,     -0.6435971584,     -0.8131334375,       2.533759187,     -0.6951341865,       4.473893113
          0,           0,        3611,      -2.875920201,     -0.6318439638,     -0.8096930985,       2.516485858,     -0.6953960529,       4.465228951
          0,           0,        3612,       -2.85808613,     -0.6559429228,     -0.8380426431,       2.535544157,     -0.6956694192,       4.468305252
          0,           0,        3613,      -2.857783859,     -0.6283418597,      -0.812958313,       2.534237517,     -0.6959215423,        4.47833719
          0,           0,        3614,      -2.872305748,     -0.6499006936,      -0.834331958,       2.520900382,     -0.6961904359,       4.396321387
          0,           0,        3615,       -2.87763018,     -0.6555399699,     -0.8393904497,        2.51388125,     -0.6964500139,       4.415363987
          0,           0,        3616,       -2.87528721,     -0.6667604624,     -0.8484525842,       2.517531471,     -0.6966922861,       4.482770903
          0,           0,        3617,      -2.868627781,     -0.6399661279,     -0.8286376704,       2.523881419,     -0.6969294563,       4.574727487
          0,           0,        3618,      -2.872294098,     -0.6388129697,     -0.8064203631,       2.520271241,      -0.697185204,       4.565622885
          0,           0,        3619,      -2.867843067,     -0.6471481838,     -0.8304303027,        2.52520545,     -0.6974408984,       4.468187885
          0,           0,        3620,      -2.884705196,     -0.6459401308,      -0.798448432,       2.507325115,     -0.6976847941,       4.484299955
          0,           0,        3621,      -2.866257477,     -0.6726384697,     -0.8377070745,       2.527607496,     -0.6979223377,       4.503545169
          0,           0,        3622,      -2.867767066,     -0.6595116302,     -0.8086421246,       2.524451996,     -0.6981502074,       4.535777768
          0,           0,        3623,      -2.873118339,      -0.683558991,     -0.8287037246,       2.519726805,      -0.698375058,       4.439996937
          0,           0,        3624,      -2.870199913,     -0.6625380394,       -0.81734935,       2.521852071,     -0.6986115935,       4.441078717
          0,           0,        3625,      -2.873976056,     -0.6882974187,     -0.8368374604,       2.519469159,     -0.6988501649,       4.473802242
          0,           0,        3626,      -2.862507621,      -0.669615441,      -0.825587531,       2.530760507,     -0.6991109219,       4.458529256
          0,           0,        3627,      -2.869660961,     -0.6553319236,     -0.7983757376,       2.522557443,     -0.6993374878,       4.484809411
          0,           0,        3628,      -2.867920733,      -0.660153975,     -0.8293624866,        2.52570172,     -0.6995734947,       4.394523394
          0,           0,        3629,      -2.879176263,     -0.6550485519,     -0.7908585972,       2.513127373,     -0.6998115495,       4.395987515
          0,           0,        3630,      -2.866261541,     -0.6779576801,     -0.8358149416,       2.527248843,      -0.700026625,        4.52153544
          0,           0,        3631,      -2.867705777,     -0.6568196136,     -0.7971539171,       2.524464704,     -0.7002589723,       4.543205583
          0,           0,        3632,      -2.861362614,     -0.6696638425,     -0.8171893671,       2.531337564,     -0.7004687155,       4.525611284
          0,           0,        3633,      -2.871223458,     -0.6553184472,     -0.8095421596,       2.521366211,     -0.7006838322,       4.408334892
          0,           0,        3634,       -2.87547172,     -0.6761815452,     -0.8205597219,       2.517478803,     -0.7009170065,       4.432898235
          0,           0,        3635,      -2.872403097,     -0.6529614773,     -0.8118490347,       2.519736246,     -0.7011331681,       4.427650823
          0,           0,        3636,       -2.86262933,      -0.647393302,     -0.7920678675,       2.529349963,     -0.7013314799,       4.450776704
          0,           0,        3637,      -2.872218056,     -0.6363183949,     -0.8233519239,       2.519960311,     -0.7015150927,       4.406235709
          0,           0,        3638,      -2.877752491,     -0.6501108786,     -0.8071529528,       2.514560982,     -0.7016940448,       4.454204281
          0,           0,        3639,      -2.866856075,     -0.6421546537,     -0.8227148619,       2.526801949,     -0.7018787967,       4.447389558
          0,           0,        3640,      -2.864573733,     -0.6556254389,     -0.8012819464,       2.528304968,     -0.7020542529,       4.531315607
          0,           0,        3641,      -2.863382618,      -0.659260937,     -0.8187390333,         2.5287741,     -0.7022315946,        4.55237221
          0,           0,        3642,      -2.858721006,     -0.6507859124,     -0.8188629012,       2.534596983,     -0.7024135351,       4.355990627
          0,           0,        3643,      -2.876589164,     -0.6601094889,     -0.8215579618,       2.516000147,     -0.7025789678,        4.40440948
          0,           0,        3644,      -2.871521771,     -0.6585745087,     -0.8359252556,       2.521204588,     -0.7027560371,       4.400696119
          0,           0,        3645,      -2.862417643,     -0.6516552244,     -0.8132549156,       2.529711969,     -0.7029231314,       4.408074215
          0,           0,        3646,      -2.874381324,     -0.6474196445,      -0.823864266,          2.517262,     -0.7030863821,       4.386121184
          0,           0,        3647,      -2.873033887,     -0.6558407963,     -0.8177514365,       2.519753332,     -0.7032543849,       4.431057681
          0,           0,        3648,      -2.873107484,     -0.6674291717,     -0.8425902498,       2.520237455,     -0.7034178997,       4.400954507
          0,           0,        3649,      -2.864838289,     -0.6573890647,     -0.8328422342,       2.527171437,     -0.7035747601,       4.498694488
          0,           0,        3650,      -2.866439391,     -0.6624394711,     -0.8143579583,       2.526443011,     -0.7037220036,       4.465654864
          0,           0,        3651,      -2.871678529,     -0.6563624012,     -0.8283032001,       2.521297819,     -0.7038722592,       4.380149444
          0,           0,        3652,       -2.88120701,      -0.649455353,     -0.8098199652,       2.512121152,     -0.7040197516,       4.439880033
          0,           0,        3653,      -2.870115342,     -0.6581143065,     -0.8219358143,       2.522968525,     -0.7041744287,       4.435040351
          0,           0,        3654,       -2.86044421,     -0.6478037906,      -0.791305049,       2.532308035,     -0.7043248374,       4.474217638
          0,           0,        3655,      -2.872713227,     -0.6312552605,      -0.812472499,       2.520534315,     -0.7044669564,       4.468266964
          0,           0,        3656,      -2.870767839,      -0.638858031,       -0.79468999,       2.522585703,     -0.7046170807,        4.48679015
          0,           0,        3657,      -2.866767332,     -0.6541568249,     -0.8284762181,       2.527451621,     -0.7047718895,       4.447542807
          0,           0,        3658,      -2.865133011,     -0.6491091458,     -0.8144716367,       2.527251609,     -0.7049283722,       4.539568289
          0,           0,        3659,      -2.864515877,     -0.6471648542,      -0.829821055,       2.527869733,     -0.7050863207,       4.544883471
          0,           0,        3660,      -2.872449262,     -0.6501641402,     -0.8081173145,       2.520001419,     -0.7052340636,       4.391945802
          0,           0,        3661,      -2.878952058,     -0.6401883876,     -0.8092710792,       2.514426323,     -0.7053689072,       4.469621717
          0,           0,        3662,      -2.872888026,     -0.6383284972,     -0.8009590545,       2.520016048,     -0.7055192055,       4.564455867
          0,           0,        3663,      -2.865086541,     -0.6567618471,     -0.8266512192,       2.527622389,     -0.7056641865,       4.557130255
          0,           0,        3664,      -2.863635528,     -0.6453683956,     -0.8197181414,       2.529488778,     -0.7058292966,       4.511765723
          0,           0,        3665,      -2.883061751,     -0.6355076309,     -0.7929023557,       2.508996979,     -0.7059787745,       4.480693945
          0,           0,        3666,      -2.873109095,     -0.6651751433,     -0.8386623658,       2.520685584,     -0.7061594366,       4.427450751
          0,           0,        3667,      -2.867235202,     -0.6624406644,     -0.8223479514,       2.524965851,     -0.7063141066,       4.507165741
          0,           0,        3668,      -2.865000471,     -0.6556218479,     -0.8248925824,       2.528581396,     -0.7064825702,       4.468359154
          0,           0,        3669,      -2.878380182,     -0.6572658946,     -0.8296176875,       2.513767408,     -0.7066378268,        4.31048839
          0,           0,        3670,      -2.883663673,     -0.6715627951,     -0.8182236502,       2.509096228,     -0.7067839424,       4.491873222
          0,           0,        3671,      -2.874075108,     -0.6623004978,      -0.835430096,       2.518586662,     -0.7069370042,       4.467272699
          0,           0,        3672,      -2.870397655,     -0.6489703836,     -0.8076823225,       2.521771197,     -0.7070860069,       4.543183333
          0,           0,        3673,      -2.874525528,     -0.6603227902,     -0.8233410063,       2.517964115,     -0.7072233284,       4.546744333
          0,           0,        3674,      -2.877003733,     -0.6472937532,     -0.7922534754,       2.515577402,     -0.7073582569,       4.410174565
          0,           0,        3675,      -2.875210543,     -0.6710524594,     -0.8294144099,       2.517057489,     -0.7074872074,        4.46027354
          0,           0,        3676,      -2.868368642,     -0.6509786366,      -0.806245823,       2.523192526,     -0.7076060536,       4.542600019
          0,           0,        3677,      -2.869625024,     -0.6815179507,     -0.8384519887,        2.52255434,     -0.7077361031,       4.436720916
          0,           0,        3678,      -2.884193059,     -0.6579232436,     -0.8108207695,       2.507650505,     -0.7078718143,       4.360086365
          0,           0,        3679,      -2.876988781,     -0.6845225597,     -0.8311042528,       2.515864095,     -0.7080080013,       4.460944549
          0,           0,        3680,      -2.873165534,     -0.6650097686,      -0.815070003,       2.519159296,     -0.7081422977,       4.490406787
          0,           0,        3681,      -2.870603664,     -0.6641657627,     -0.7962754813,       2.521342761,     -0.7082504899,        4.52792339
          0,           0,        3682,      -2.875268582,     -0.6563879848,     -0.8084777945,       2.517127279,     -0.7083653405,       4.437760855
          0,           0,        3683,       -2.89107411,     -0.6762097338,     -0.8157106577,       2.501367522,      -0.708465922,        4.39334057
          0,           0,        3684,      -2.875575389,     -0.6871290669,     -0.8536481377,       2.517418932,     -0.7085769289,        4.46883313
          0,           0,        3685,      -2.867298319,     -0.6796535178,     -0.8448511216,       2.524931898,      -0.708676128,       4.531115311
          0,           0,        3686,      -2.873006844,     -0.6563757138,     -0.8295486045,       2.519304095,     -0.7087848616,        4.47461699
          0,           0,        3687,      -2.881453504,     -0.6626810597,     -0.8104422571,       2.509712947,     -0.7089078806,       4.312734082
          0,           0,        3688,      -2.879668461,     -0.6746721539,     -0.8352802963,       2.512960176,      -0.709019183,        4.35883603
          0,           0,        3689,      -2.879775682,     -0.6794579512,     -0.8327825777,       2.512819174,     -0.7091242167,       4.432981322
          0,           0,        3690,      -2.870164937,     -0.6544952077,     -0.8420470773,       2.521999906,     -0.7092132836,       4.516406642
          0,           0,        3691,      -2.875851888,     -0.6428163067,     -0.8107517292,       2.516451699,     -0.7093079296,       4.447440154
          0,           0,        3692,      -2.884082337,     -0.6370325758,     -0.7836949825,       2.507820714,     -0.7094147313,       4.461577822
          0,           0,        3693,      -2.866629649,     -0.6534088188,     -0.8109721425,       2.526400895,     -0.7094972564,       4.439884266
          0,           0,        3694,      -2.866376859,     -0.6622523771,     -0.7984903716,       2.526355471,     -0.7095863724,       4.463850017
          0,           0,        3695,      -2.881854503,      -0.661009376,     -0.8087185526,         2.5102651,     -0.7096723801,       4.371193746
          0,           0,        3696,      -2.876104733,     -0.6657532048,     -0.8065734674,       2.516766117,     -0.7097632376,       4.403518363
          0,           0,        3697,      -2.877968037,     -0.6739905473,     -0.8385454227,       2.515220861,     -0.7098416789,       4.474674928
          0,           0,        3698,      -2.875155355,     -0.6566995728,     -0.8318785795,       2.517479778,     -0.7099261585,       4.521986624
          0,           0,        3699,      -2.870438991,     -0.6638021349,     -0.8084124967,       2.522085861,     -0.7099987985,       4.527836213
          0,           0,        3700,         -2.880235,     -0.6519809079,      -0.820595041,       2.512377739,     -0.7100569027,       4.395955551
          0,           0,        3701,      -2.893347407,     -0.6641115517,     -0.8121030879,       2.499579349,      -0.710099316,       4.386988966
          0,           0,        3702,      -2.878066221,     -0.6871513125,     -0.8468762116,       2.514525071,     -0.7101352169,       4.439843023
          0,           0,        3703,      -2.870474784,     -0.6608956923,     -0.8360483054,        2.52199547,     -0.7101622737,       4.513381089
          0,           0,        3704,      -2.878545336,     -0.6397697492,     -0.8108961426,       2.513194444,     -0.7101782519,       4.417206122
          0,           0,        3705,      -2.874054321,     -0.6627606266,     -0.8326556666,       2.518385471,     -0.7102038014,       4.383244903
          0,           0,        3706,      -2.877107649,     -0.6410841194,     -0.8131672922,        2.51579624,      -0.710211091,       4.442845028
          0,           0,        3707,      -2.866539583,     -0.6718313506,     -0.8157263284,       2.525699274,     -0.7102136833,       4.471449083
          0,           0,        3708,      -2.869427241,     -0.6422638532,     -0.7985099147,       2.523064977,     -0.7101968557,       4.427767821
          0,           0,        3709,      -2.876809474,     -0.6536481504,     -0.8113297911,       2.515088565,     -0.7101748154,       4.349686367
          0,           0,        3710,      -2.879284952,     -0.6351732564,     -0.7817992622,       2.513338667,     -0.7101533611,       4.396109848
          0,           0,        3711,      -2.867585049,     -0.6571765715,     -0.8290584717,        2.52540896,     -0.7101229603,       4.490473179
          0,           0,        3712,      -2.871477645,     -0.6452167493,     -0.7968446616,       2.521075974,     -0.7100969778,       4.520869058
          0,           0,        3713,      -2.882723427,     -0.6585410068,     -0.8131992968,       2.509217304,     -0.7100573822,       4.457817762
          0,           0,        3714,      -2.876407606,     -0.6647261881,     -0.8132472954,       2.515471348,     -0.7100155769,        4.30250861
          0,           0,        3715,      -2.889685852,     -0.6723502546,      -0.848875404,       2.502311322,     -0.7099714678,        4.41496509
          0,           0,        3716,      -2.875369684,     -0.6665100423,     -0.8493640755,       2.516613825,     -0.7099246531,       4.440741335
          0,           0,        3717,      -2.869532806,     -0.6639264451,     -0.8428397759,       2.522544626,     -0.7098889996,        4.43817604
          0,           0,        3718,      -2.877972101,     -0.6539152697,     -0.8435174972,       2.514321614,     -0.7098518709,        4.44368981
          0,           0,        3719,      -2.879115554,     -0.6560841708,     -0.8277751331,        2.51425321,     -0.7098087308,       4.428215795
          0,           0,        3720,      -2.878393264,     -0.6817281976,     -0.8603248815,       2.515046871,     -0.7097595981,       4.501269457
          0,           0,        3721,       -2.86824097,     -0.6523683875,     -0.8304530779,       2.525070395,     -0.7097139794,       4.549962122
          0,           0,        3722,      -2.876282049,     -0.6648967229,     -0.8389598385,       2.516139108,     -0.7096679556,       4.391310989
          0,           0,        3723,      -2.865159281,     -0.6663008545,     -0.8363324786,       2.528342866,     -0.7096232184,       4.416897594
          0,           0,        3724,      -2.859770355,     -0.6621859108,     -0.8329044273,       2.533294644,     -0.7095755117,       4.495822136
          0,           0,        3725,      -2.863450085,     -0.6522236667,     -0.8057069896,       2.529921835,     -0.7095313061,       4.427211716
          0,           0,        3726,      -2.859513998,     -0.6312227873,     -0.8124615501,       2.534099146,     -0.7094984867,       4.486927314
          0,           0,        3727,      -2.879650832,     -0.6541237933,     -0.7960965331,       2.512319482,     -0.7094535136,       4.501968636
          0,           0,        3728,      -2.862556663,     -0.6720268867,     -0.8395078257,       2.531602847,     -0.7094144376,       4.546059907
          0,           0,        3729,        -2.8714233,     -0.6520263314,     -0.8074592013,       2.519282646,     -0.7093839792,       4.581692991
          0,           0,        3730,       -2.85997958,     -0.6742083098,     -0.8130671334,       2.534031045,     -0.7093624891,       4.516411764
          0,           0,        3731,      -2.872991672,     -0.6775569431,     -0.8243606664,       2.519291406,     -0.7093545653,       4.300549329
          0,           0,        3732,      -2.877232089,     -0.6895239481,     -0.8301919801,       2.515802116,     -0.7093609485,       4.450434643
          0,           0,        3733,      -2.866293023,     -0.6717531416,     -0.8324989748,       2.526963073,     -0.7093772243,       4.444683129
          0,           0,        3734,      -2.863563444,     -0.6687734453,     -0.8235286117,       2.529772334,     -0.7093917501,       4.481793485
          0,           0,        3735,      -2.867448965,     -0.6554914908,     -0.8290575188,       2.525651809,     -0.7094082241,       4.562160755
          0,           0,        3736,      -2.872010469,     -0.6858923717,     -0.8389683423,       2.521969923,     -0.7094313965,       4.381883884
          0,           0,        3737,      -2.867979918,     -0.6896594463,     -0.8453888544,       2.525264298,     -0.7094588068,       4.449062938
          0,           0,        3738,      -2.867550858,     -0.6729383387,     -0.8306888826,       2.525324815,     -0.7094792089,       4.533318702
          0,           0,        3739,      -2.855642645,     -0.6636678357,     -0.8181798419,       2.537377181,     -0.7095094802,       4.540286367
          0,           0,        3740,      -2.872226127,     -0.6718357513,      -0.836783788,       2.519335979,     -0.7095366056,       4.348687435
          0,           0,        3741,      -2.863937927,     -0.6656581773,     -0.8369906735,       2.529411915,     -0.7095485724,        4.45109072
          0,           0,        3742,      -2.861977734,      -0.653427182,     -0.8273999742,       2.530169441,     -0.7095683848,       4.451528092
          0,           0,        3743,      -2.864451438,     -0.6618125951,     -0.8267206741,       2.527655487,     -0.7096096836,       4.477256176
          0,           0,        3744,        -2.8616287,     -0.6377084706,     -0.8274753474,        2.53109221,     -0.7096404181,       4.495596088
          0,           0,        3745,      -2.868571226,     -0.6368641324,     -0.8163577246,       2.524473689,     -0.7096797261,       4.446384849
          0,           0,        3746,       -2.87235915,     -0.6776796955,     -0.8409436124,       2.521302649,     -0.7097046457,       4.429192649
          0,           0,        3747,      -2.866294545,     -0.6604355633,     -0.8185390734,       2.526610455,     -0.7097215475,       4.544668088
          0,           0,        3748,      -2.862662215,     -0.6549854235,     -0.8150915738,       2.530199598,     -0.7097334497,       4.570607613
          0,           0,        3749,      -2.883091778,     -0.6711049287,     -0.8275376092,       2.510222957,      -0.709737609,         4.3034206
          0,           0,        3750,      -2.880737619,     -0.6829448616,     -0.8342305559,       2.512201146,     -0.7097428785,       4.483018807
          0,           0,        3751,      -2.877154825,     -0.7034286203,     -0.8493821078,       2.515370103,     -0.7097364953,       4.454460961
          0,           0,        3752,      -2.870089165,     -0.6753249826,     -0.8410228133,       2.522471242,     -0.7097218928,       4.487498248
          0,           0,        3753,      -2.872937559,     -0.6613381772,     -0.8345880664,       2.519996901,     -0.7097030193,       4.524582065
          0,           0,        3754,      -2.872866313,     -0.6780172831,     -0.8221471738,        2.52136059,     -0.7096757258,       4.329160094
          0,           0,        3755,      -2.873121413,     -0.6862956228,      -0.849241703,       2.521206045,     -0.7096272943,       4.378862776
          0,           0,        3756,       -2.86435551,     -0.6705139328,     -0.8162549647,       2.529351027,     -0.7095853971,       4.533071421
          0,           0,        3757,       -2.85103618,     -0.6335075897,      -0.819473555,       2.543277171,     -0.7095210556,        4.59820775
          0,           0,        3758,      -2.865062255,     -0.6530104785,      -0.824097013,       2.529217256,     -0.7094652562,       4.444016442
          0,           0,        3759,      -2.881407726,     -0.6625827323,      -0.809230626,       2.511570342,     -0.7093801992,       4.505621828
          0,           0,        3760,      -2.864928523,     -0.6707073125,     -0.8294061564,       2.529319407,     -0.7092932976,       4.478064995
          0,           0,        3761,      -2.866072351,      -0.646467315,     -0.8060573496,       2.527662763,     -0.7091915711,       4.511408957
          0,           0,        3762,      -2.866116437,     -0.6480472332,     -0.8109042871,       2.528074736,       -0.70909798,       4.483199634
          0,           0,        3763,      -2.869846985,     -0.6419444341,     -0.7882988581,       2.524374749,     -0.7089808525,       4.403491883
          0,           0,        3764,      -2.874453875,      -0.679301267,     -0.8304373562,       2.520236291,     -0.7088788633,        4.43355634
          0,           0,        3765,      -2.869785455,     -0.6719297087,     -0.8365657703,        2.52400145,     -0.7087625303,       4.522935865
          0,           0,        3766,      -2.860711344,     -0.6513194223,      -0.800789103,       2.532272804,     -0.7086442988,       4.561703665
          0,           0,        3767,      -2.871237184,     -0.6832037426,     -0.8408915031,       2.522120918,     -0.7085159451,       4.487678244
          0,           0,        3768,      -2.885432426,     -0.6682851504,      -0.811239788,       2.507063378,     -0.7083978807,        4.43807865
          0,           0,        3769,      -2.882847303,      -0.714313322,     -0.8510463454,       2.510058269,     -0.7082585043,       4.443074589
          0,           0,        3770,      -2.870109663,      -0.671070648,     -0.8207070677,       2.522306867,     -0.7081471262,         4.4974487
          0,           0,        3771,      -2.874270927,     -0.6825940532,      -0.840465124,       2.518093529,     -0.7080254395,       4.591332592
          0,           0,        3772,      -2.864944269,     -0.6524789216,     -0.8250345153,       2.527850089,     -0.7079415589,       4.539409596
          0,           0,        3773,      -2.881613099,     -0.6716872687,     -0.8178155032,       2.511595762,     -0.7078475669,       4.471840036
          0,           0,        3774,      -2.867584042,     -0.6731809911,     -0.8401393978,       2.526265747,     -0.7077776018,       4.517272008
          0,           0,        3775,      -2.865813597,     -0.6546856178,     -0.8285962885,       2.526479138,     -0.7076798851,       4.544442561
          0,           0,        3776,      -2.874112418,     -0.6662138758,     -0.8270029259,        2.51925507,     -0.7075863566,       4.468552529
          0,           0,        3777,      -2.877048589,     -0.6666782715,     -0.8243241093,       2.515477192,     -0.7075037804,       4.344764895
          0,           0,        3778,      -2.879128582,     -0.6917085986,     -0.8429590176,       2.514543134,      -0.707416704,       4.497805041
          0,           0,        3779,      -2.870026349,     -0.6697341701,     -0.8286191165,       2.523688111,     -0.7073512223,       4.537942651
          0,           0,        3780,      -2.864663624,     -0.6760833888,     -0.8107209405,       2.528399446,     -0.7072920425,       4.574243896
          0,           0,        3781,      -2.871543157,     -0.6497838244,     -0.8177825007,       2.521589422,      -0.707244464,       4.506430242
          0,           0,        3782,      -2.886781053,     -0.6700657771,     -0.8093993568,       2.506104713,     -0.7071850743,        4.48254538
          0,           0,        3783,      -2.870485312,     -0.6859813517,     -0.8347174659,       2.524006751,     -0.7071148173,       4.498443747
          0,           0,        3784,      -2.863664792,     -0.6882063413,     -0.8283877399,        2.53032924,     -0.7070523428,       4.524654037
          0,           0,        3785,      -2.875361646,       -0.65801208,     -0.8047455345,       2.517158905,     -0.7070121982,       4.489362285
          0,           0,        3786,      -2.874088272,     -0.6955508851,     -0.8279416979,       2.519460246,     -0.7069931847,       4.424765639
          0,           0,        3787,      -2.886960657,     -0.6902534358,     -0.8331589283,       2.506433659,     -0.7069890981,        4.40813519
          0,           0,        3788,      -2.873438563,     -0.7124484734,     -0.8578327126,       2.520857372,     -0.7069942686,       4.417726195
          0,           0,        3789,      -2.866810292,     -0.6659486571,     -0.8016534988,       2.526257906,     -0.7069916976,       4.424093712
          0,           0,        3790,      -2.873182021,     -0.6701144397,     -0.8321566044,       2.520391926,     -0.7069945382,       4.328082092
          0,           0,        3791,      -2.876647743,     -0.6610587052,     -0.8030368497,       2.517206499,     -0.7070065533,       4.458626827
          0,           0,        3792,       -2.88193359,     -0.6725461734,     -0.8283820044,       2.512257569,     -0.7070280049,       4.502704527
          0,           0,        3793,      -2.866928282,     -0.6676257034,     -0.8223546243,       2.526813576,     -0.7070572464,       4.551826644
          0,           0,        3794,      -2.864558517,     -0.6557778756,     -0.8268916268,       2.528458397,     -0.7070970674,       4.529299176
          0,           0,        3795,      -2.877203487,     -0.6707224653,     -0.8221716101,       2.516274306,     -0.7071379485,       4.438602714
          0,           0,        3796,      -2.886720565,     -0.6604918211,      -0.822724686,       2.506881778,     -0.7071915452,       4.371001293
          0,           0,        3797,      -2.883758187,     -0.6870743767,     -0.8450914425,       2.509440526,     -0.7072429822,       4.409450417
          0,           0,        3798,      -2.876221692,     -0.6443845655,     -0.7967173305,        2.51621457,     -0.7073045792,       4.463523431
          0,           0,        3799,      -2.879711138,     -0.6672919294,     -0.8398356055,        2.51332457,     -0.7073795174,       4.417083463
          0,           0,        3800,      -2.883116215,     -0.6324447365,     -0.8055536996,       2.509768304,     -0.7074556053,       4.489194987
          0,           0,        3801,       -2.88106113,     -0.6817480915,     -0.8438283506,       2.512114394,     -0.7075568471,       4.491128977
          0,           0,        3802,      -2.865852263,     -0.6604768732,     -0.8322495978,       2.527302027,     -0.7076466493,        4.49964628
          0,           0,        3803,      -2.872519126,     -0.6494797875,     -0.8184938256,       2.519836668,     -0.7077465897,       4.459967735
          0,           0,        3804,      -2.868510588,     -0.6766134061,     -0.8461241167,        2.52450989,     -0.7078545878,       4.461474589
          0,           0,        3805,      -2.876905463,     -0.6738537067,     -0.8390901432,       2.516509194,     -0.7079572239,       4.409035949
          0,           0,        3806,      -2.872676687,     -0.6968659272,     -0.8568883298,       2.520943379,     -0.7080741884,       4.445629672
          0,           0,        3807,      -2.868074926,     -0.6597226939,     -0.8258464663,       2.524266637,     -0.7082003922,       4.480822455
          0,           0,        3808,      -2.871281822,     -0.6748713671,     -0.8579985094,       2.522451061,     -0.7083178579,       4.401375197
          0,           0,        3809,      -2.870956704,     -0.6537251329,     -0.8367471012,       2.522339965,     -0.7084435044,       4.454414701
          0,           0,        3810,      -2.874131622,     -0.6715431008,     -0.8527824443,       2.519247818,     -0.7085623695,       4.436390949
          0,           0,        3811,      -2.856274017,     -0.6459718667,     -0.8388134424,       2.537919275,     -0.7086794652,        4.48401673
          0,           0,        3812,      -2.863319575,      -0.633414272,     -0.8107449795,        2.52963677,     -0.7087905644,       4.505065882
          0,           0,        3813,      -2.866488031,     -0.6593989552,     -0.8274979958,       2.527497506,     -0.7089002188,       4.471778354
          0,           0,        3814,      -2.876630365,      -0.660655663,     -0.8305036553,       2.516989304,     -0.7090060655,       4.461095549
          0,           0,        3815,      -2.876625775,     -0.6851484692,     -0.8399642276,       2.517224987,     -0.7091114439,       4.464952005
          0,           0,        3816,      -2.865328132,     -0.6259536421,     -0.8004761572,       2.527974667,     -0.7091945955,        4.48172763
          0,           0,        3817,      -2.870373304,     -0.6649845281,     -0.8269031937,       2.524194489,     -0.7092697364,       4.391074869
          0,           0,        3818,       -2.87076841,     -0.6410815082,     -0.8186109931,       2.523290496,     -0.7093484594,       4.460523064
          0,           0,        3819,      -2.871807583,     -0.6701193149,     -0.8083159039,       2.522824482,     -0.7094217847,        4.43838565
          0,           0,        3820,      -2.859869667,     -0.6427068487,     -0.8350819282,       2.534921909,     -0.7094867281,       4.487040462
          0,           0,        3821,      -2.861126469,     -0.6445048692,     -0.8107599622,       2.532204534,     -0.7095610467,       4.536796731
          0,           0,        3822,      -2.862417528,     -0.6438386087,     -0.8119570466,       2.532445549,     -0.7096102782,       4.443855076
          0,           0,        3823,      -2.879629161,     -0.6550542244,     -0.8140402249,       2.512943718,     -0.7096439861,       4.370296978
          0,           0,        3824,      -2.873082388,     -0.6533262058,      -0.816298589,       2.520988818,     -0.7096728861,       4.451300129
          0,           0,        3825,      -2.866679022,     -0.6277071484,      -0.802242921,       2.527238512,     -0.7096843455,       4.549679712
          0,           0,        3826,      -2.871886967,     -0.6540461002,     -0.8182668988,       2.521723028,     -0.7097095248,       4.535497504
          0,           0,        3827,      -2.858198604,     -0.6349833652,     -0.8128249045,       2.535779722,     -0.7097502802,       4.531302346
          0,           0,        3828,      -2.886602811,     -0.6334149084,     -0.7879869553,       2.506103244,     -0.7098013996,       4.453815091
          0,           0,        3829,      -2.861889433,      -0.652624767,     -0.8389261874,       2.532558255,     -0.7098504279,       4.405063044
          0,           0,        3830,      -2.873213916,     -0.6592094946,     -0.8238703065,       2.518873523,     -0.7098903923,       4.431223996
          0,           0,        3831,      -2.863613459,      -0.662898249,     -0.8448588238,       2.529821932,     -0.7099410517,       4.475688945
          0,           0,        3832,      -2.865970031,     -0.6526092327,     -0.8245579731,       2.526607418,     -0.7099653067,       4.389406286
          0,           0,        3833,       -2.87202544,     -0.6681083421,     -0.8402142405,       2.521772085,     -0.7100136723,       4.480508743
          0,           0,        3834,      -2.857757993,      -0.660384418,     -0.8457334257,       2.535243636,     -0.7100532893,       4.460909586
          0,           0,        3835,      -2.869141313,     -0.6399181239,     -0.8342288893,       2.523540924,     -0.7100939829,       4.464739788
          0,           0,        3836,      -2.860897233,     -0.6307248815,     -0.8277017281,       2.531943092,     -0.7101310809,       4.493618309
          0,           0,        3837,      -2.873691851,     -0.6332431188,      -0.813317321,        2.51889868,     -0.7101800082,       4.455591222
          0,           0,        3838,      -2.860523858,     -0.6457152058,      -0.833913876,       2.532893826,     -0.7102278692,       4.446668038
          0,           0,        3839,      -2.855683268,     -0.6355573478,     -0.8206699085,       2.536345698,     -0.7102984172,       4.499071229
          0,           0,        3840,      -2.866466437,      -0.645586619,     -0.8420455954,       2.526997167,     -0.7103712774,       4.446103597
          0,           0,        3841,      -2.873665586,     -0.6523625363,     -0.8139878188,       2.518033909,     -0.7104670073,       4.417048439
          0,           0,        3842,      -2.874851561,     -0.6657756052,     -0.8430228352,       2.518644897,     -0.7105723523,       4.439416828
          0,           0,        3843,      -2.873225113,     -0.6361631192,     -0.8135373097,       2.519351797,     -0.7106653732,       4.480189462
          0,           0,        3844,      -2.865707151,     -0.6495474267,     -0.8133232985,       2.527021269,     -0.7107816227,       4.498564819
          0,           0,        3845,      -2.873989783,     -0.6351360593,     -0.8232167065,       2.519328136,     -0.7108988212,       4.380823593
          0,           0,        3846,      -2.884999854,     -0.6646788685,     -0.8210707623,       2.507744131,     -0.7110409856,       4.407971377
          0,           0,        3847,      -2.872062861,      -0.661854304,     -0.8507903525,       2.521797357,     -0.7111805289,       4.464477066
          0,           0,        3848,      -2.856384425,     -0.6601998503,     -0.8538319896,         2.5369395,     -0.7113242321,       4.522222751
          0,           0,        3849,      -2.872531029,     -0.6681986338,     -0.8349927936,       2.520581875,     -0.7114811094,       4.417353923
          0,           0,        3850,      -2.871800814,     -0.6479462041,     -0.8269250809,       2.521841883,     -0.7116393424,       4.317718394
          0,           0,        3851,      -2.870667165,     -0.6703135505,     -0.8323806372,       2.523568821,     -0.7117791931,       4.396837905
          0,           0,        3852,      -2.865058391,      -0.648302295,      -0.824096934,       2.529036989,     -0.7119402538,       4.479819371
          0,           0,        3853,      -2.861204257,     -0.6428409625,     -0.8139600729,       2.531834794,     -0.7121030484,       4.523264023
          0,           0,        3854,       -2.87186234,     -0.6418596716,     -0.8058653187,        2.52149134,     -0.7122794016,       4.442663016
          0,           0,        3855,      -2.876672405,     -0.6457644423,     -0.7977992128,       2.516458407,     -0.7124312485,       4.461411114
          0,           0,        3856,      -2.863739265,     -0.6603591892,     -0.8197751328,        2.53030327,      -0.712597058,       4.477366814
          0,           0,        3857,      -2.863899157,     -0.6493954214,     -0.8082131354,       2.528428098,      -0.712744595,       4.541238651
          0,           0,        3858,      -2.871591016,     -0.6545116725,     -0.8079629746,       2.521949789,     -0.7128942109,       4.429491566
          0,           0,        3859,      -2.883935088,     -0.6458536868,     -0.8109665819,       2.507273673,     -0.7130367457,       4.292677066
          0,           0,        3860,      -2.872447811,     -0.6477369921,     -0.8206251488,       2.521652497,     -0.7131949467,       4.413729273
          0,           0,        3861,      -2.864319738,     -0.6407725944,     -0.8117505388,       2.529641501,     -0.7133400334,       4.480821396
          0,           0,        3862,      -2.865999678,     -0.6380892134,     -0.8065437402,       2.526467821,     -0.7134847264,       4.521610959
          0,           0,        3863,      -2.868306195,     -0.6400048036,     -0.8236478521,       2.525094724,     -0.7136384335,       4.419031255
          0,           0,        3864,      -2.882381984,     -0.6407484265,     -0.7960609621,       2.510043897,      -0.713763053,       4.486995723
          0,           0,        3865,      -2.866280862,     -0.6547781594,      -0.837543172,       2.527732062,     -0.7139102958,       4.481762796
          0,           0,        3866,      -2.864653719,     -0.6494535374,     -0.8130836888,       2.528233604,     -0.7140458009,       4.563472998
          0,           0,        3867,      -2.871230409,     -0.6437490903,     -0.8138219226,        2.52114197,     -0.7142076229,       4.552879005
          0,           0,        3868,       -2.87074613,     -0.6674338623,     -0.8353876155,       2.522383205,      -0.714358167,        4.43649551
          0,           0,        3869,      -2.883690078,      -0.660885086,     -0.8367577087,       2.509695682,     -0.7145221524,       4.491995667
          0,           0,        3870,      -2.873507622,     -0.6550759743,     -0.8370511133,       2.519065978,     -0.7146774579,       4.507189886
          0,           0,        3871,      -2.874295807,     -0.6436260495,     -0.8141557681,       2.518075525,     -0.7148102635,       4.469286694
          0,           0,        3872,      -2.877873901,     -0.6428434061,     -0.8213062495,         2.5151811,     -0.7149444001,       4.342813323
          0,           0,        3873,      -2.891824116,     -0.6411248887,     -0.7954787791,       2.500478972,     -0.7150972127,       4.430793442
          0,           0,        3874,      -2.869697676,     -0.6811229862,     -0.8402943141,       2.524275962,     -0.7152598425,       4.537372038
          0,           0,        3875,      -2.872805587,     -0.6458012039,     -0.8056233614,       2.519220839,     -0.7154344933,       4.613882716
          0,           0,        3876,      -2.868507824,     -0.6752085148,     -0.8279639213,       2.525259634,     -0.7156241254,       4.556852751
          0,           0,        3877,      -2.874995941,      -0.659729256,     -0.8258625936,       2.517330718,     -0.7158078536,        4.41011973
          0,           0,        3878,      -2.884960257,     -0.6991632283,     -0.8374994039,       2.508660898,     -0.7159827839,       4.482072012
          0,           0,        3879,      -2.867302007,     -0.6676399089,     -0.8228252397,       2.526065575,     -0.7161606508,       4.461121097
          0,           0,        3880,      -2.869811759,      -0.664042243,     -0.7965459347,       2.523407045,     -0.7163465512,        4.44979438
          0,           0,        3881,      -2.870140385,     -0.6578192158,      -0.818234658,       2.523812804,     -0.7165596824,       4.412103946
          0,           0,        3882,      -2.878313836,     -0.6709008221,     -0.7921367841,       2.515540874,     -0.7168158834,       4.456725174
          0,           0,        3883,      -2.869388626,     -0.6884214349,     -0.8290847145,       2.524820543,     -0.7170665958,       4.411123301
          0,           0,        3884,      -2.872040764,     -0.6551569974,     -0.7972320359,       2.521306167,     -0.7173261238,       4.482819338
          0,           0,        3885,      -2.875750248,     -0.6904317081,      -0.831176869,       2.516188992,     -0.7175789758,        4.49339421
          0,           0,        3886,      -2.874169118,      -0.674487799,     -0.8188315298,        2.51891893,     -0.7178480493,        4.37682957
          0,           0,        3887,      -2.877287687,     -0.6849799057,     -0.8282890709,       2.515981355,     -0.7181207879,       4.430258015
          0,           0,        3888,      -2.879812967,     -0.6423674764,      -0.794371912,       2.513265662,     -0.7184031534,       4.451605446
          0,           0,        3889,      -2.872123179,      -0.700189186,     -0.8328730854,       2.520759463,     -0.7186966066,        4.46690839
          0,           0,        3890,      -2.874513573,      -0.656337907,     -0.8238897547,       2.518002252,     -0.7189962601,       4.391407565
          0,           0,        3891,      -2.883598193,     -0.6560815756,     -0.8029587368,       2.509559746,     -0.7192929588,       4.428897103
          0,           0,        3892,      -2.873614761,     -0.6722788358,     -0.8305358804,       2.520421149,       -0.71959677,       4.393228412
          0,           0,        3893,      -2.874064304,     -0.6687974424,     -0.8170292149,       2.518613699,     -0.7198911477,       4.576997573
          0,           0,        3894,      -2.866377826,     -0.6512267434,     -0.8275655506,       2.526300575,     -0.7201851491,       4.594852939
          0,           0,        3895,      -2.878963643,     -0.6761581938,     -0.8326359189,       2.514098417,     -0.7205013333,       4.489828323
          0,           0,        3896,      -2.887665631,     -0.6757017656,     -0.8333593682,       2.505206466,     -0.7208190425,       4.488271558
          0,           0,        3897,      -2.874631028,      -0.699665208,     -0.8494460002,       2.518166866,     -0.7211580716,       4.422212701
          0,           0,        3898,      -2.871885391,     -0.6796263219,     -0.8391862488,       2.519746258,      -0.721467904,       4.466986773
          0,           0,        3899,      -2.873251405,     -0.6755499004,      -0.836334985,       2.519697132,     -0.7217918394,       4.407988952
          0,           0,        3900,      -2.873855171,     -0.6578909877,     -0.8352815118,       2.518948345,     -0.7221101322,       4.482472606
          0,           0,        3901,      -2.876822091,     -0.6835759232,     -0.8407725934,       2.516548917,     -0.7224353426,       4.441189586
          0,           0,        3902,      -2.858680018,     -0.6752323225,     -0.8512052363,       2.535181447,     -0.7227744738,       4.543675328
          0,           0,        3903,       -2.86591101,     -0.6417089148,     -0.8116466794,       2.526200162,     -0.7231136288,       4.559972746
          0,           0,        3904,      -2.863539586,     -0.6659930194,     -0.8380988978,       2.530065747,     -0.7234423917,       4.483339916
          0,           0,        3905,      -2.885424565,     -0.6560998164,      -0.822968697,       2.508304194,     -0.7237789772,        4.36777774
          0,           0,        3906,      -2.883108102,     -0.6849793071,     -0.8673373319,         2.5107463,      -0.724100214,       4.429364376
          0,           0,        3907,      -2.870307651,     -0.6397347297,     -0.8167928228,       2.523146957,     -0.7244293143,       4.503298836
          0,           0,        3908,      -2.874493482,     -0.6605162791,     -0.8457964634,       2.519745092,     -0.7247535622,       4.469011529
          0,           0,        3909,      -2.871581249,     -0.6241508278,     -0.8107206538,       2.523929862,     -0.7250894355,       4.502057135
          0,           0,        3910,      -2.895173946,     -0.6602407929,     -0.8185453121,       2.499010662,     -0.7254152915,       4.423926538
          0,           0,        3911,      -2.866418815,     -0.6682867327,     -0.8342414264,       2.528257481,     -0.7257580222,       4.484178659
          0,           0,        3912,      -2.873765651,     -0.6628834866,      -0.818209898,       2.519332503,     -0.7260727846,       4.476858263
          0,           0,        3913,      -2.867213863,     -0.6609158852,     -0.8246145752,       2.527547622,      -0.726389076,       4.386938404
          0,           0,        3914,      -2.880655673,      -0.681777888,     -0.8253031609,       2.512971552,     -0.7267070962,       4.424731871
          0,           0,        3915,      -2.870041728,     -0.6984308459,     -0.8430854906,       2.524433568,     -0.7270382707,       4.427514455
          0,           0,        3916,      -2.866191258,      -0.659304287,     -0.8255242056,       2.527347252,     -0.7273617815,       4.472397032
          0,           0,        3917,      -2.869138234,     -0.6691466352,     -0.8319084931,       2.524725771,     -0.7276895554,       4.453916359
          0,           0,        3918,      -2.865926749,     -0.6337491681,      -0.810800454,       2.527923816,     -0.7280010312,       4.437393503
          0,           0,        3919,      -2.875142391,     -0.6592163681,     -0.8126950856,       2.518569454,      -0.728294532,       4.422248229
          0,           0,        3920,      -2.862965664,     -0.6549246956,     -0.8227926043,       2.530916841,     -0.7285848839,       4.531807337
          0,           0,        3921,      -2.858165181,     -0.6355301915,     -0.8035500134,        2.53440925,     -0.7288773334,       4.615208486
          0,           0,        3922,       -2.86649637,     -0.6558386478,     -0.8219460202,       2.527586642,     -0.7292026671,       4.509043808
          0,           0,        3923,      -2.883306421,     -0.6580501076,     -0.8397468352,       2.510014662,     -0.7295273037,       4.411031312
          0,           0,        3924,      -2.877065786,     -0.6749172679,     -0.8477284785,       2.516827483,     -0.7298855871,       4.443544597
          0,           0,        3925,      -2.869222858,      -0.642088659,     -0.8280363847,        2.52365199,     -0.7302150096,       4.475663592
          0,           0,        3926,      -2.874284227,     -0.6579479668,     -0.8357743085,       2.519449141,     -0.7305548708,       4.427041688
          0,           0,        3927,       -2.86838858,     -0.6428116354,     -0.8310360147,       2.525607475,     -0.7308798771,       4.434366334
          0,           0,        3928,      -2.892888069,     -0.6785698761,     -0.8442560376,       2.500102381,     -0.7311906376,       4.442677163
          0,           0,        3929,      -2.859605607,     -0.6700408014,     -0.8471636935,       2.534364632,     -0.7315130195,       4.590159395
          0,           0,        3930,      -2.865296643,     -0.6614695551,     -0.8358018059,       2.527234225,     -0.7318433307,       4.582073637
          0,           0,        3931,      -2.865635926,     -0.6687514907,     -0.8358053977,       2.528081654,     -0.7321741662,       4.503311946
          0,           0,        3932,      -2.879729343,     -0.6666581347,     -0.8322462448,       2.512887545,     -0.7324930565,       4.511235027
          0,           0,        3933,      -2.875133131,     -0.6643717468,     -0.8277388425,       2.518197738,     -0.7328188332,        4.47303226
          0,           0,        3934,      -2.862487202,     -0.6494539777,     -0.8320626891,       2.530437378,     -0.7331599333,       4.456889305
          0,           0,        3935,      -2.873758796,     -0.6327431268,     -0.8051195077,       2.519414962,      -0.733507807,       4.424569355
          0,           0,        3936,      -2.866935756,     -0.6284089704,     -0.8070185623,        2.52641474,     -0.7338541802,       4.426788378
          0,           0,        3937,      -2.877503962,     -0.6296193633,     -0.8011585566,       2.516070822,     -0.7342082361,       4.442773104
          0,           0,        3938,      -2.864183512,     -0.6586906251,     -0.8314702377,       2.529847695,     -0.7345694772,       4.543052788
          0,           0,        3939,      -2.859499506,     -0.6209812766,     -0.7997197102,       2.533181084,     -0.7349180988,       4.561676578
          0,           0,        3940,       -2.87079904,     -0.6615397927,     -0.8280951288,       2.523325777,     -0.7352808892,       4.404078647
          0,           0,        3941,      -2.878337313,     -0.6423213614,      -0.815446485,       2.515093124,     -0.7356333321,       4.346229445
          0,           0,        3942,      -2.874854863,     -0.6537416338,     -0.8256288228,       2.519069875,     -0.7359921642,       4.453552846
          0,           0,        3943,      -2.868803805,     -0.6387829182,     -0.8090786686,       2.524393921,     -0.7363405463,        4.48834121
          0,           0,        3944,      -2.875622674,     -0.6435515377,     -0.8085656067,       2.517586345,      -0.736705044,       4.497770249
          0,           0,        3945,       -2.87176898,     -0.6460265474,     -0.8254968509,       2.522186609,     -0.7370692577,       4.387701304
          0,           0,        3946,      -2.886547312,      -0.671446971,       -0.82146787,       2.506160543,     -0.7374480267,       4.328276906
          0,           0,        3947,       -2.86062756,     -0.6541287372,     -0.8451835378,        2.53283519,     -0.7377949321,         4.4627637
          0,           0,        3948,      -2.863166574,     -0.6529210245,      -0.822126955,       2.528457074,     -0.7381465325,       4.493063188
          0,           0,        3949,      -2.865389074,     -0.6751764643,     -0.8393670781,       2.527495781,     -0.7384995595,       4.340086071
          0,           0,        3950,      -2.876833382,     -0.6677586986,     -0.8300916943,       2.515352756,     -0.7388402962,       4.440044586
          0,           0,        3951,       -2.86646392,     -0.6759357988,     -0.8538943329,        2.52637298,     -0.7391870304,       4.457708426
          0,           0,        3952,      -2.865423836,     -0.6548451977,     -0.8202494649,       2.526729347,     -0.7395155304,       4.454679902
          0,           0,        3953,      -2.865874029,     -0.6517232353,     -0.8184995709,       2.527125464,     -0.7398640488,       4.448188656
          0,           0,        3954,      -2.867175806,     -0.6442678843,     -0.8351166834,       2.525752687,     -0.7402074157,        4.35882126
          0,           0,        3955,      -2.877347236,     -0.6342480477,      -0.825513345,       2.515449346,     -0.7405358994,       4.426839778
          0,           0,        3956,      -2.868020138,     -0.6454022148,     -0.8196866032,       2.525103553,     -0.7408740636,         4.6101718
          0,           0,        3957,       -2.86017599,     -0.6399919586,     -0.8137212176,       2.531968698,     -0.7412014594,        4.61974471
          0,           0,        3958,      -2.870958065,      -0.656008246,     -0.8362470446,       2.521492839,     -0.7415351149,       4.460049625
          0,           0,        3959,      -2.882439921,     -0.6642120886,     -0.8168009797,       2.509642932,     -0.7418666839,       4.346927364
          0,           0,        3960,      -2.877266163,     -0.6765000441,     -0.8568792719,       2.515459017,      -0.742184497,       4.412743642
          0,           0,        3961,      -2.881057641,     -0.6564586528,     -0.8138702783,       2.510832487,      -0.742531488,       4.446139957
          0,           0,        3962,      -2.880565208,     -0.6639850749,     -0.8426574801,       2.511755228,     -0.7428575053,       4.485429668
          0,           0,        3963,      -2.880903479,     -0.6515445703,     -0.8283633646,       2.512115338,     -0.7431798367,       4.439701883
          0,           0,        3964,      -2.879538273,     -0.6762833851,     -0.8467182659,       2.514207979,     -0.7434972014,       4.459578029
          0,           0,        3965,      -2.870541028,     -0.6539665639,     -0.8273202377,       2.522930917,     -0.7438156303,       4.541250174
          0,           0,        3966,      -2.863548068,     -0.6585013046,     -0.8319618848,       2.529751175,     -0.7441279675,       4.529253444
          0,           0,        3967,      -2.885220167,      -0.654714486,      -0.838196559,       2.507780634,     -0.7444415562,       4.346256459
          0,           0,        3968,      -2.870390228,     -0.6653545836,     -0.8463891058,       2.524136366,      -0.744763634,       4.426499615
          0,           0,        3969,      -2.873797189,     -0.6564974398,       -0.85514479,       2.520055949,     -0.7450745177,       4.441744222
          0,           0,        3970,       -2.86693384,     -0.6433935596,     -0.8206295847,       2.527116287,     -0.7453940587,       4.447076858
          0,           0,        3971,       -2.87201846,     -0.6258348893,     -0.8109028102,       2.520976645,     -0.7457061831,       4.483385686
          0,           0,        3972,      -2.878998292,      -0.634985383,     -0.8027950062,       2.514019024,     -0.7459993171,       4.407272372
          0,           0,        3973,      -2.868899542,     -0.6575879598,     -0.8350181976,       2.524669471,     -0.7462985261,       4.434855399
          0,           0,        3974,      -2.870815318,     -0.6358242094,     -0.8057687973,       2.522094396,      -0.746600974,       4.544508714
          0,           0,        3975,      -2.858865066,     -0.6499319452,     -0.8135497603,       2.535158231,     -0.7468895333,       4.497259515
          0,           0,        3976,      -2.881602487,     -0.6478325101,     -0.8061230579,       2.510606718,     -0.7472063298,       4.325275468
          0,           0,        3977,      -2.877935236,     -0.6733307075,     -0.8101781051,       2.515639492,     -0.7475564385,         4.4071195
          0,           0,        3978,       -2.87336486,     -0.6618925415,     -0.8074653709,        2.51921648,     -0.7478641582,       4.410952761
          0,           0,        3979,      -2.872565232,     -0.6496954938,     -0.8011548954,       2.520189063,      -0.748161072,       4.498580098
          0,           0,        3980,      -2.870480077,     -0.6551758183,      -0.822154675,       2.521827411,      -0.748447175,       4.549222981
          0,           0,        3981,      -2.877657888,     -0.6618046594,      -0.813900872,       2.514987741,     -0.7487510827,       4.495374291
          0,           0,        3982,      -2.872352115,     -0.6631466566,     -0.8435025547,       2.521438251,     -0.7490672602,       4.530549361
          0,           0,        3983,      -2.868174134,     -0.6780160615,     -0.8410288874,       2.524036725,     -0.7493809605,       4.576469173
          0,           0,        3984,      -2.861905786,     -0.6541972621,     -0.8422465778,       2.530754399,     -0.7496803683,       4.596381889
          0,           0,        3985,      -2.875231572,     -0.6657646502,     -0.8495026726,       2.517417991,     -0.7499821244,       4.431000095
          0,           0,        3986,      -2.873272822,     -0.6493813851,     -0.8351468515,       2.519334044,     -0.7502530673,       4.437403988
          0,           0,        3987,       -2.87470071,     -0.6477374825,     -0.8454295271,       2.517824139,      -0.750525186,       4.412381312
          0,           0,        3988,      -2.867947366,     -0.6379803895,     -0.8240481786,       2.525024553,     -0.7507839354,       4.402010869
          0,           0,        3989,      -2.865029216,     -0.6323944825,     -0.8230428343,       2.527297793,     -0.7510943498,       4.456387313
          0,           0,        3990,      -2.875322764,     -0.6357844475,      -0.819117847,       2.516979005,     -0.7513682362,       4.377031089
          0,           0,        3991,      -2.872392382,     -0.6501550842,     -0.8272505503,       2.521254269,     -0.7516636675,       4.431600212
          0,           0,        3992,      -2.874268869,     -0.6570093532,     -0.8196694963,       2.517262483,     -0.7519219551,       4.522623674
          0,           0,        3993,      -2.864254462,      -0.652462216,     -0.8079039671,       2.528497606,      -0.752191116,       4.484498001
          0,           0,        3994,      -2.877176104,      -0.647669028,     -0.8236811399,       2.515063441,     -0.7524483796,       4.261300023
          0,           0,        3995,      -2.876133532,     -0.6537302175,      -0.818875584,       2.516786609,     -0.7527139916,       4.439206826
          0,           0,        3996,      -2.866909642,     -0.6506643417,      -0.837326945,       2.526187184,     -0.7529907875,       4.458638504
          0,           0,        3997,      -2.868998741,      -0.650184235,     -0.8159241708,       2.523850321,     -0.7532650044,       4.521928354
          0,           0,        3998,      -2.866525143,     -0.6372038205,     -0.8290733222,       2.526464022,     -0.7535453471,        4.55964593
          0,           0,        3999,      -2.875525973,     -0.6322095299,      -0.804926449,        2.51842505,     -0.7537973213,       4.337719888
          0,           0,        4000,      -2.874680818,     -0.6563220993,     -0.8490637581,       2.519298319,     -0.7540635795,        4.37737373
          0,           0,        4001,      -2.861958043,     -0.6475733921,     -0.8334008189,       2.531725661,        -0.7543315,       4.545359288
          0,           0,        4002,      -2.865316567,     -0.6366589763,     -0.8087229016,       2.528042097,     -0.7545910111,       4.516075905
          0,           0,        4003,      -2.876512661,     -0.6626673497,     -0.8209579372,       2.516823179,     -0.7548636992,       4.396309099
          0,           0,        4004,      -2.877472564,     -0.6328691026,     -0.8096400219,       2.516698985,     -0.7551121872,       4.368434887
          0,           0,        4005,      -2.876682855,     -0.6578406437,     -0.8351191487,       2.516863453,      -0.755381752,       4.378920634
          0,           0,        4006,      -2.869865166,     -0.6458701097,     -0.8034426436,         2.5236131,     -0.7556359925,       4.428606615
          0,           0,        4007,      -2.872394294,     -0.6395631107,     -0.8193803009,       2.520399676,     -0.7558908734,       4.451309674
          0,           0,        4008,      -2.879463955,     -0.6308825651,     -0.7923697168,       2.513697928,     -0.7561316219,       4.412735513
          0,           0,        4009,      -2.868186798,     -0.6549111277,     -0.8535856138,       2.525826217,     -0.7563921629,       4.408894907
          0,           0,        4010,       -2.86771074,     -0.6475046288,     -0.8132726042,       2.524659739,     -0.7566298614,       4.518623363
          0,           0,        4011,       -2.86878797,     -0.6698422304,     -0.8363999608,       2.523836232,      -0.756865768,       4.490374473
          0,           0,        4012,      -2.876485245,     -0.6491043913,     -0.8225133351,       2.515729037,     -0.7570959797,       4.362772758
          0,           0,        4013,       -2.88014501,     -0.6556826259,     -0.8199435448,       2.512582987,     -0.7572985156,       4.483211855
          0,           0,        4014,      -2.873301181,     -0.6418615626,     -0.8286664574,       2.519740326,      -0.757539631,       4.548441449
          0,           0,        4015,      -2.870959845,     -0.6506051147,     -0.8194732165,        2.52188218,     -0.7577625871,       4.588650375
          0,           0,        4016,      -2.865032282,     -0.6330020662,     -0.8150282052,        2.52797066,     -0.7580011167,        4.59047189
          0,           0,        4017,      -2.884533872,     -0.6417826094,     -0.8081165161,       2.507788144,     -0.7582106037,       4.439577946
          0,           0,        4018,       -2.87647778,     -0.6749264482,     -0.8558229595,       2.518089661,      -0.758448795,       4.449915556
          0,           0,        4019,      -2.876175157,     -0.6651134127,     -0.8373748934,       2.515937768,     -0.7586442714,       4.560142301
          0,           0,        4020,       -2.86755961,     -0.6708169595,     -0.8323205791,       2.525511934,     -0.7588393891,       4.507367154
          0,           0,        4021,      -2.883309023,     -0.6659907262,     -0.8230244817,       2.508747642,     -0.7590187072,       4.380501791
          0,           0,        4022,      -2.884110654,     -0.6875745554,     -0.8326696728,       2.509716116,     -0.7591741953,       4.423614921
          0,           0,        4023,      -2.870615717,     -0.6852151094,     -0.8493438262,       2.522464148,     -0.7593272228,       4.441937488
          0,           0,        4024,      -2.862426048,     -0.6904215804,     -0.8324972698,       2.530522817,     -0.7594678414,       4.478575979
          0,           0,        4025,       -2.87411338,     -0.6580235288,     -0.8215412973,        2.51863304,     -0.7595987389,       4.461075205
          0,           0,        4026,      -2.879249584,     -0.6832286333,     -0.8161969927,       2.514107617,     -0.7597025781,        4.42643524
          0,           0,        4027,      -2.875055201,     -0.6965805518,     -0.8444538778,       2.518798201,     -0.7597989668,       4.404359886
          0,           0,        4028,      -2.868531949,     -0.6787167342,     -0.8228959026,       2.524910415,     -0.7598686416,        4.51447168
          0,           0,        4029,      -2.862049018,     -0.6639533591,     -0.8127179277,       2.531589367,     -0.7599644403,       4.543541896
          0,           0,        4030,      -2.878772434,     -0.6702792561,     -0.8030787713,       2.514597232,     -0.7600461501,       4.255851982
          0,           0,        4031,      -2.879722806,     -0.6970503009,     -0.8283117419,       2.514074465,     -0.7601498131,       4.405175174
          0,           0,        4032,      -2.873525149,     -0.6822553201,     -0.8109600872,       2.519629455,     -0.7602405049,       4.475734702
          0,           0,        4033,      -2.867341535,     -0.6760519821,     -0.7966901537,       2.526153516,     -0.7603038913,       4.540024136
          0,           0,        4034,      -2.874981093,     -0.6664081576,     -0.8116726308,       2.518528936,     -0.7603654629,       4.519833411
          0,           0,        4035,      -2.885223072,      -0.670702982,     -0.8138795837,       2.508758714,       -0.76042507,       4.322360304
          0,           0,        4036,      -2.878177208,     -0.7018675313,     -0.8446314693,       2.516324967,     -0.7604910644,       4.460249529
          0,           0,        4037,      -2.864701813,     -0.6952040998,      -0.836708683,       2.529145164,     -0.7605629825,       4.588929112
          0,           0,        4038,      -2.868876314,     -0.6537348233,     -0.8049871979,       2.524164348,     -0.7606186733,       4.576736271
          0,           0,        4039,       -2.87668254,     -0.6843589441,     -0.8271148071,       2.517051798,     -0.7606744334,         4.3500251
          0,           0,        4040,      -2.883473018,     -0.6893014742,     -0.8440527343,       2.510056225,     -0.7607254245,       4.378375923
          0,           0,        4041,      -2.881593458,     -0.7126305687,     -0.8673153946,       2.511238386,     -0.7607706706,       4.444285067
          0,           0,        4042,      -2.864832713,     -0.6774251242,     -0.8350038287,       2.527237606,     -0.7608010281,       4.491714258
          0,           0,        4043,      -2.875047188,     -0.6797042186,     -0.8379311602,       2.517680406,      -0.760858448,       4.440532943
          0,           0,        4044,      -2.868700398,       -0.66023672,     -0.8285751373,       2.524140807,      -0.760901049,       4.472207902
          0,           0,        4045,      -2.877897847,     -0.6877348224,     -0.8148642501,       2.515667279,     -0.7609536518,       4.412144528
          0,           0,        4046,      -2.856087305,     -0.6857737619,     -0.8238778957,        2.53806811,     -0.7610157911,       4.441360185
          0,           0,        4047,      -2.860831441,     -0.6417616766,     -0.7961862787,       2.532301506,     -0.7610985912,       4.483961917
          0,           0,        4048,      -2.878232705,      -0.674287247,     -0.8358835059,       2.515139661,     -0.7611729332,       4.403627714
          0,           0,        4049,      -2.877555746,     -0.6731412932,     -0.8231960363,       2.516012598,     -0.7612503573,       4.387735705
          0,           0,        4050,      -2.873045451,     -0.7006877689,     -0.8471373877,        2.52017006,     -0.7613287236,       4.474085246
          0,           0,        4051,      -2.870810168,     -0.6463913403,     -0.8129639884,       2.522295228,     -0.7614268113,       4.471767144
          0,           0,        4052,      -2.879576261,     -0.6796978116,     -0.8253470143,       2.514029469,     -0.7615208535,       4.463530317
          0,           0,        4053,      -2.874208676,     -0.6584320601,     -0.8362180224,       2.520494486,     -0.7616248183,       4.433145382
          0,           0,        4054,      -2.899644093,     -0.6960016427,      -0.843311428,       2.494184498,     -0.7617270562,       4.381202248
          0,           0,        4055,      -2.871945615,     -0.6921439297,     -0.8657253048,       2.522647974,     -0.7618095434,       4.449075397
          0,           0,        4056,      -2.870134184,     -0.6759661885,     -0.8386789686,       2.523381221,     -0.7619076592,       4.462897402
          0,           0,        4057,      -2.870574866,      -0.663315009,     -0.8485823977,       2.523775646,     -0.7619845002,       4.426115808
          0,           0,        4058,      -2.873429719,     -0.6896894149,     -0.8315191283,       2.521145212,     -0.7620819105,       4.442034627
          0,           0,        4059,      -2.877884195,     -0.6886814892,     -0.8314673928,       2.516800938,     -0.7621808336,       4.442189561
          0,           0,        4060,      -2.865480183,     -0.6863801906,     -0.8290029863,       2.528587808,     -0.7622758338,       4.406496639
          0,           0,        4061,        -2.8700873,     -0.6648604273,      -0.819097529,        2.52421893,     -0.7623627808,       4.451609072
          0,           0,        4062,      -2.865918593,     -0.6487504984,     -0.8166778817,       2.528983738,     -0.7624705411,       4.440128703
          0,           0,        4063,      -2.872381854,     -0.6723005677,     -0.8089351657,       2.522134183,     -0.7625602045,       4.401465587
          0,           0,        4064,      -2.871191868,     -0.6747707561,     -0.8293847259,       2.523825158,     -0.7626465912,       4.516090731
          0,           0,        4065,      -2.859050131,     -0.6533364019,     -0.8147733795,       2.534758968,     -0.7627298432,       4.565907672
          0,           0,        4066,      -2.874547341,      -0.677757366,     -0.8289459393,       2.519207534,     -0.7627963517,       4.444613725
          0,           0,        4067,      -2.874767248,     -0.6639224136,     -0.8105035159,       2.519221375,     -0.7628419208,       4.475931999
          0,           0,        4068,      -2.873914287,     -0.6804556606,     -0.8366276737,       2.520031278,     -0.7628787419,       4.498912114
          0,           0,        4069,      -2.860493612,     -0.6438755532,     -0.8306792006,       2.533442219,     -0.7628950906,       4.521131511
          0,           0,        4070,       -2.86418734,       -0.65497235,     -0.8037734027,       2.529729795,     -0.7629253813,       4.552646299
          0,           0,        4071,      -2.866725248,     -0.6474039562,     -0.8397086022,       2.528001206,     -0.7629761646,       4.475924168
          0,           0,        4072,      -2.885749801,     -0.6697986706,     -0.8222118752,       2.507860607,     -0.7630330105,       4.377425758
          0,           0,        4073,      -2.872190849,     -0.6645164166,     -0.8456668772,       2.521810825,     -0.7630623481,       4.431781062
          0,           0,        4074,      -2.857944023,     -0.6687437895,     -0.8389049974,       2.535149228,     -0.7630655719,       4.478911323
          0,           0,        4075,      -2.865354688,     -0.6563114478,     -0.8307559178,       2.528185057,     -0.7630734413,       4.473451911
          0,           0,        4076,      -2.866881529,     -0.6652117109,     -0.8372371252,       2.526814316,     -0.7630659102,       4.501936452
          0,           0,        4077,      -2.870242656,     -0.6861540369,     -0.8594074986,        2.52358018,     -0.7630609216,       4.515014196
          0,           0,        4078,      -2.860838957,     -0.6610502085,     -0.8504423556,       2.532515674,     -0.7630390455,        4.53980672
          0,           0,        4079,      -2.859609684,     -0.6531190355,     -0.8101295829,        2.53344317,      -0.763004541,        4.55020229
          0,           0,        4080,      -2.863820143,     -0.6218282813,     -0.8301485071,       2.529459835,     -0.7629403188,       4.493099556
          0,           0,        4081,      -2.880373762,      -0.647521006,     -0.8022997461,       2.513440318,     -0.7628820409,       4.420574221
          0,           0,        4082,      -2.874425159,     -0.6657559857,     -0.8462421377,       2.519415139,     -0.7627928569,       4.450013641
          0,           0,        4083,       -2.86176976,     -0.6329207661,     -0.8134288665,       2.531783113,     -0.7627380806,       4.547061042
          0,           0,        4084,      -2.864021403,     -0.6576864217,     -0.8500736003,       2.529520441,     -0.7626675051,       4.560594206
          0,           0,        4085,      -2.868836246,     -0.6419710731,     -0.8139717986,       2.524556926,     -0.7626065302,       4.433639894
          0,           0,        4086,      -2.875492242,     -0.6779673658,     -0.8451069554,       2.518064147,      -0.762546774,       4.421497571
          0,           0,        4087,      -2.870898499,     -0.6513890288,     -0.8367216859,        2.52254264,     -0.7624630112,       4.445769494
          0,           0,        4088,      -2.862366834,     -0.6452906557,     -0.8253277103,       2.530485195,        -0.7623774,       4.479608392
          0,           0,        4089,      -2.870402488,     -0.6302666263,     -0.8382995026,       2.522960208,     -0.7622935099,       4.381979332
          0,           0,        4090,      -2.881084673,     -0.6454833569,     -0.8173246684,       2.512215552,     -0.7622120997,       4.426653726
          0,           0,        4091,      -2.867704047,     -0.6720707562,     -0.8586599323,       2.526371769,     -0.7621329736,       4.435071893
          0,           0,        4092,      -2.858655913,     -0.6494437168,     -0.8364841331,       2.534183749,      -0.762070144,       4.512717762
          0,           0,        4093,      -2.860554846,      -0.662244102,     -0.8349607489,       2.532979286,     -0.7620210716,       4.478984804
          0,           0,        4094,      -2.868874533,     -0.6403369758,      -0.819554011,        2.52478818,     -0.7619684252,       4.336280423
          0,           0,        4095,      -2.870771411,     -0.6704202705,     -0.8293359519,       2.523707778,      -0.761883658,       4.396464321
          0,           0,        4096,      -2.866127931,     -0.6382700158,     -0.8215503532,        2.52816968,     -0.7618220165,       4.450029224
          0,           0,        4097,      -2.855118485,     -0.6311203331,     -0.7998922162,       2.539088962,     -0.7617442655,       4.499790014
          0,           0,        4098,      -2.862963096,     -0.6139356382,     -0.8033216607,       2.531048655,     -0.7617020202,       4.431386856
          0,           0,        4099,      -2.875017311,     -0.6229530864,      -0.784148588,        2.51893343,     -0.7616444838,       4.409051091
          0,           0,        4100,      -2.863566617,     -0.6307502227,     -0.8224686133,       2.530980278,     -0.7615851076,       4.410702832
          0,           0,        4101,      -2.865430359,     -0.6281615371,     -0.8155728594,       2.527322227,     -0.7615031202,       4.541402641
          0,           0,        4102,      -2.856192721,     -0.6352549768,     -0.8099506919,       2.538293069,      -0.761437176,       4.481108114
          0,           0,        4103,      -2.878670608,     -0.6447836689,     -0.8142500521,       2.512744263,     -0.7613465279,       4.289597101
          0,           0,        4104,      -2.868472847,     -0.6461221543,     -0.8167642755,       2.525521686,     -0.7612869865,       4.418245522
          0,           0,        4105,      -2.864399158,     -0.6468540666,     -0.8259492011,       2.529817928,     -0.7612079564,       4.468040745
          0,           0,        4106,      -2.857819189,     -0.6490531301,     -0.8125565819,        2.53565064,     -0.7611490965,       4.534411062
          0,           0,        4107,      -2.865907099,     -0.6430254295,     -0.8033020487,       2.527603783,     -0.7610783408,       4.499974216
          0,           0,        4108,      -2.874672694,     -0.6435153031,     -0.8008993146,       2.518679138,     -0.7609857252,       4.425408841
          0,           0,        4109,      -2.872154016,     -0.6663573255,     -0.8275065229,       2.521816019,     -0.7609035239,       4.456252254
          0,           0,        4110,      -2.855467207,     -0.6497786773,     -0.8235960518,       2.537979182,     -0.7608180485,       4.598384108
          0,           0,        4111,      -2.866708198,     -0.6620422276,     -0.8203310004,       2.526937477,     -0.7607319543,       4.548801405
          0,           0,        4112,      -2.877318207,     -0.6622075846,     -0.8412027656,       2.515518584,     -0.7606304627,       4.426642801
          0,           0,        4113,      -2.882785143,     -0.6754802136,     -0.8394717992,       2.510775017,     -0.7605360494,       4.493387196
          0,           0,        4114,      -2.869640337,     -0.6661695022,     -0.8427515261,       2.523558257,     -0.7604153834,       4.460552167
          0,           0,        4115,      -2.860877567,     -0.6625761427,     -0.8366804967,       2.531525965,     -0.7602526068,       4.427529659
          0,           0,        4116,      -2.872290765,     -0.6331618433,     -0.8251864573,       2.521025292,     -0.7601072156,       4.369280839
          0,           0,        4117,      -2.873440913,     -0.6588779367,      -0.821362416,       2.519850016,     -0.7599349304,       4.442807863
          0,           0,        4118,      -2.859959182,      -0.659836536,       -0.84413686,       2.534058083,     -0.7597598023,       4.531574806
          0,           0,        4119,      -2.860816327,     -0.6430101891,     -0.8127501006,       2.532056285,     -0.7595880773,       4.590169613
          0,           0,        4120,      -2.871004442,     -0.6646198416,     -0.8319929179,       2.521994413,     -0.7594217803,       4.497398958
          0,           0,        4121,      -2.880545024,     -0.6608877622,     -0.8202569754,       2.511990317,      -0.759241614,       4.405430333
          0,           0,        4122,      -2.876480025,     -0.6739486327,     -0.8185690783,       2.517258823,     -0.7590494595,       4.477180727
          0,           0,        4123,      -2.872936459,     -0.6427646601,     -0.8028389082,       2.520705215,     -0.7588484256,       4.466074887
          0,           0,        4124,      -2.869078256,     -0.6495519705,     -0.7838173731,       2.524287035,     -0.7586500273,       4.466456315
          0,           0,        4125,       -2.86935282,     -0.6560171976,     -0.8236844857,       2.524435344,     -0.7584865495,       4.395516254
          0,           0,        4126,      -2.882407983,     -0.6527943607,     -0.7868940788,       2.511209902,     -0.7583301901,       4.446282351
          0,           0,        4127,      -2.872912736,      -0.685252538,     -0.8285406766,       2.521732803,      -0.758202267,       4.437262694
          0,           0,        4128,      -2.871596237,     -0.6643683738,     -0.8049459823,        2.52166799,     -0.7580526289,       4.502039554
          0,           0,        4129,      -2.867709119,     -0.6723751189,     -0.8243866398,       2.525545022,     -0.7579060293,       4.525829588
          0,           0,        4130,      -2.877368155,     -0.6838338944,     -0.8302557843,       2.515616144,     -0.7577466817,       4.331414981
          0,           0,        4131,      -2.884322153,     -0.6911070169,     -0.8368575879,       2.509292221,      -0.757600623,       4.448374695
          0,           0,        4132,      -2.873974005,     -0.6925247749,     -0.8427961183,       2.519590559,     -0.7574696805,        4.42759798
          0,           0,        4133,      -2.876839359,     -0.6785746346,     -0.8434399854,        2.51551244,     -0.7573455006,       4.489570431
          0,           0,        4134,      -2.869905878,     -0.6545245708,     -0.8278697065,       2.523414207,     -0.7572491341,       4.474186131
          0,           0,        4135,      -2.879801757,     -0.6578542832,     -0.8155655439,       2.512664286,     -0.7571539558,       4.362772345
          0,           0,        4136,      -2.874372423,     -0.6697725188,     -0.8480999169,        2.51867659,     -0.7570471291,       4.452437433
          0,           0,        4137,      -2.871294163,     -0.6691349668,     -0.8193073365,       2.520544887,     -0.7569478039,       4.494036872
          0,           0,        4138,      -2.870363778,     -0.6497330312,     -0.8334856921,       2.521392534,     -0.7568615806,       4.527202383
          0,           0,        4139,      -2.881150293,     -0.6493203259,      -0.821994272,       2.511683055,     -0.7568012747,       4.416395319
          0,           0,        4140,      -2.883579372,     -0.6598940672,     -0.8240230803,        2.50940713,     -0.7567641065,       4.445415278
          0,           0,        4141,      -2.880893873,     -0.6478347884,     -0.8237162002,       2.511348181,     -0.7566805985,       4.437913258
          0,           0,        4142,      -2.874366208,     -0.6513014379,     -0.8000174069,       2.518057404,     -0.7566197749,       4.432421134
          0,           0,        4143,      -2.877839391,     -0.6495010466,     -0.8262466278,       2.514701291,     -0.7565855494,       4.389406093
          0,           0,        4144,       -2.88323745,     -0.6683130489,     -0.8229824132,       2.509014707,     -0.7565714446,       4.495096714
          0,           0,        4145,      -2.875520261,     -0.6801564754,     -0.8520258363,       2.518071657,     -0.7565690277,       4.461464043
          0,           0,        4146,      -2.883463937,     -0.6836113369,     -0.8421041725,       2.508508448,       -0.75655439,       4.514718392
          0,           0,        4147,      -2.869435594,     -0.6764848709,     -0.8325212361,       2.523562302,     -0.7565584187,       4.511446252
          0,           0,        4148,      -2.875393714,     -0.6817831449,     -0.8524428732,       2.516416005,     -0.7565672927,       4.337877303
          0,           0,        4149,      -2.878388237,     -0.6705066896,     -0.8241432716,        2.51568643,     -0.7565689264,       4.403719175
          0,           0,        4150,      -2.871257107,      -0.674640127,     -0.8449517897,       2.522010205,     -0.7565952267,       4.411644281
          0,           0,        4151,      -2.870604065,     -0.6610919791,     -0.8259541159,       2.523000583,     -0.7566115647,       4.516219824
          0,           0,        4152,      -2.873584006,     -0.6512076469,     -0.8207017085,       2.520206291,     -0.7566413002,       4.548161124
          0,           0,        4153,      -2.869604711,     -0.6377368624,     -0.8062785012,       2.524669962,      -0.756661956,        4.44569988
          0,           0,        4154,      -2.874118997,     -0.6383130501,     -0.8229646205,       2.520277067,      -0.756677342,       4.411272287
          0,           0,        4155,      -2.867632993,     -0.6420808985,     -0.8116919972,       2.525427334,     -0.7567100076,        4.50864849
          0,           0,        4156,      -2.871298412,     -0.6394722366,     -0.8143696513,        2.52095241,     -0.7567198039,         4.4656141
          0,           0,        4157,       -2.87829422,     -0.6493572995,     -0.8022285632,       2.515271684,     -0.7567384839,       4.316055986
          0,           0,        4158,      -2.884305012,     -0.6476413225,     -0.8019465847,       2.509381902,     -0.7567539797,       4.425830104
          0,           0,        4159,       -2.87260617,      -0.633672075,         -0.787739,       2.521251379,     -0.7567896541,       4.465149498
          0,           0,        4160,      -2.863654997,     -0.6501284279,     -0.8219771155,       2.530036404,     -0.7568089489,       4.482618565
          0,           0,        4161,      -2.870993643,     -0.6403935251,     -0.8179817097,       2.522766412,      -0.756821365,       4.474257613
          0,           0,        4162,      -2.880136078,     -0.6536188976,     -0.8027357628,       2.513451891,     -0.7568406394,       4.431162247
          0,           0,        4163,      -2.880836469,     -0.6798981624,     -0.8369740915,        2.51360624,     -0.7568242065,       4.477433785
          0,           0,        4164,      -2.858442823,     -0.6728984659,     -0.8109031531,        2.53492035,     -0.7568281236,       4.591036711
          0,           0,        4165,      -2.871699266,     -0.6828357069,     -0.8240138107,       2.521596853,      -0.756797426,       4.566711062
          0,           0,        4166,      -2.873904799,     -0.6742235217,     -0.8206969693,       2.518856272,     -0.7568226239,       4.469390866
          0,           0,        4167,      -2.885160176,     -0.6847510054,     -0.8391888685,       2.508035139,      -0.756838572,       4.473234738
          0,           0,        4168,      -2.877282486,     -0.6916785354,     -0.8522836669,       2.515875466,     -0.7568549492,       4.455121411
          0,           0,        4169,      -2.866987251,     -0.6667971437,     -0.8383891769,       2.525416277,     -0.7568737707,       4.509828211
          0,           0,        4170,      -2.870589903,     -0.6612508314,     -0.8425829928,       2.522031167,     -0.7568995598,       4.479258557
          0,           0,        4171,      -2.879686008,     -0.6504223799,     -0.8120206776,       2.512499895,     -0.7569054322,       4.434818579
          0,           0,        4172,      -2.868615172,     -0.6640441875,     -0.8605376737,       2.524636316,     -0.7569136079,        4.45046197
          0,           0,        4173,      -2.864995469,     -0.6464373605,     -0.8216494988,       2.527189729,     -0.7569138983,        4.50765844
          0,           0,        4174,      -2.865496286,     -0.6576337257,     -0.8422374768,       2.526846017,     -0.7569609682,       4.524118106
          0,           0,        4175,      -2.870568038,     -0.6600774351,     -0.8310659327,       2.522265822,      -0.757001183,       4.474818212
          0,           0,        4176,       -2.87543219,     -0.6563632682,     -0.8274608676,       2.517669146,     -0.7570248968,       4.522301924
          0,           0,        4177,      -2.874622008,     -0.6408178328,     -0.8252550223,       2.518134777,     -0.7570744854,       4.534543113
          0,           0,        4178,      -2.869317832,     -0.6502335931,     -0.8176174194,       2.523424802,     -0.7571250054,       4.563318493
          0,           0,        4179,      -2.874350435,     -0.6343164506,     -0.8239732735,       2.519452461,     -0.7572271652,       4.475797078
          0,           0,        4180,      -2.893033107,     -0.6411760538,     -0.8103817679,       2.499930824,     -0.7573043121,       4.360791404
          0,           0,        4181,      -2.882768854,     -0.6727974927,     -0.8622433246,        2.51104131,     -0.7573960176,       4.419073859
          0,           0,        4182,      -2.867404643,     -0.6649996956,     -0.8386878208,       2.526145238,     -0.7575291075,       4.532004919
          0,           0,        4183,      -2.876775689,     -0.6599619236,     -0.8355694139,       2.515525044,     -0.7576609787,       4.504730396
          0,           0,        4184,      -2.880817766,     -0.6434815679,     -0.8163815073,       2.512658615,     -0.7578222903,       4.307402902
          0,           0,        4185,      -2.888202248,     -0.6729804763,     -0.8464842184,       2.505512957,     -0.7579853329,       4.342630234
          0,           0,        4186,       -2.88339151,     -0.6796152072,     -0.8505247607,       2.509709947,     -0.7581813835,       4.436825643
          0,           0,        4187,      -2.873399184,     -0.6558436793,     -0.8281448521,       2.519180715,      -0.758364094,        4.51267343
          0,           0,        4188,      -2.883343861,     -0.6580822726,     -0.8321355408,       2.510177838,     -0.7585502814,       4.405492297
          0,           0,        4189,      -2.890905743,     -0.6583511872,      -0.830298812,       2.501725661,     -0.7587499637,       4.374546465
          0,           0,        4190,      -2.882443946,     -0.6720494776,     -0.8509629525,       2.511556465,     -0.7589807688,       4.389976392
          0,           0,        4191,      -2.868715021,     -0.6724179688,     -0.8446162279,       2.523629042,     -0.7592179313,       4.495624171
          0,           0,        4192,      -2.882378552,     -0.6674126515,     -0.8355034126,       2.510890491,     -0.7594494562,       4.446340564
          0,           0,        4193,      -2.883672229,      -0.660813093,     -0.8216029618,       2.509588017,     -0.7596711334,       4.390710551
          0,           0,        4194,      -2.887352138,     -0.6840872551,     -0.8496074595,        2.50673829,     -0.7599073517,       4.449171205
          0,           0,        4195,      -2.877135185,     -0.6703554148,     -0.8351162636,       2.516040778,     -0.7601662527,       4.488370061
          0,           0,        4196,      -2.875515527,     -0.6553819529,     -0.8055918432,       2.516977525,     -0.7604408607,       4.519764494
          0,           0,        4197,      -2.882716731,     -0.6633505341,     -0.8268995769,       2.510485624,     -0.7606759435,        4.43707686
          0,           0,        4198,      -2.881420713,     -0.6572268627,     -0.8109637947,       2.512440217,     -0.7609115325,       4.402560571
          0,           0,        4199,      -2.876281379,     -0.6701358625,     -0.8348278624,       2.517102743,     -0.7611420166,       4.427045059
          0,           0,        4200,      -2.867912998,     -0.6603942199,     -0.8239920991,       2.524798566,     -0.7613946515,       4.516055228
          0,           0,        4201,      -2.873560828,     -0.6300501839,     -0.8272646426,       2.518747166,     -0.7616556798,       4.483340683
          0,           0,        4202,      -2.875207224,     -0.6552612547,     -0.8257345951,       2.518228116,     -0.7619051844,       4.344957189
          0,           0,        4203,      -2.874291979,     -0.6393223583,      -0.817339914,       2.518574847,     -0.7621697974,       4.461553473
          0,           0,        4204,      -2.871413049,     -0.6496018738,     -0.8235882328,       2.521600499,     -0.7624356503,       4.505155231
          0,           0,        4205,      -2.869147026,     -0.6202719274,     -0.8139179058,        2.52391042,     -0.7627027895,       4.479766449
          0,           0,        4206,      -2.882302836,     -0.6284801381,     -0.8180969853,       2.510651782,     -0.7629548844,       4.495235291
          0,           0,        4207,      -2.880503035,     -0.6512918879,     -0.8314905611,       2.512862132,     -0.7632404626,       4.506439655
          0,           0,        4208,      -2.868995603,      -0.654546771,     -0.8600790003,       2.524306304,      -0.763508267,        4.61092936
          0,           0,        4209,      -2.872274688,     -0.6548934806,     -0.8202873718,       2.520431409,     -0.7638082453,       4.583811801
          0,           0,        4210,      -2.881532661,     -0.6623307049,     -0.8445028505,        2.51067997,     -0.7641171011,       4.423279111
          0,           0,        4211,      -2.885613734,     -0.6816196666,     -0.8583235001,       2.507569346,     -0.7644138906,       4.319866558
          0,           0,        4212,      -2.881184442,     -0.6829663352,     -0.8526857925,       2.512252353,     -0.7647369338,       4.416457055
          0,           0,        4213,      -2.874399732,     -0.6649883988,     -0.8561879749,       2.518754126,     -0.7650532819,       4.468826144
          0,           0,        4214,      -2.876477256,     -0.6516515481,     -0.8254573739,       2.517135949,     -0.7653668134,       4.470905587
          0,           0,        4215,      -2.877339632,     -0.6546069851,     -0.8386328088,       2.516984065,     -0.7656702443,       4.377812221
          0,           0,        4216,      -2.883411249,     -0.6480429714,     -0.8143942277,       2.511144149,     -0.7660295523,        4.36977998
          0,           0,        4217,      -2.869985927,     -0.6591502293,     -0.8436880721,       2.523792989,     -0.7663858771,       4.479365405
          0,           0,        4218,      -2.863471805,     -0.6529616067,     -0.8205947112,       2.530007529,     -0.7667545841,       4.488532846
          0,           0,        4219,      -2.886863391,     -0.6638752863,     -0.8235721809,       2.505388417,     -0.7671160952,       4.337216514
          0,           0,        4220,      -2.875913568,      -0.670290249,     -0.8327405585,       2.518044514,     -0.7674716517,        4.32859154
          0,           0,        4221,      -2.874365994,     -0.6710306158,     -0.8439558764,       2.518665188,      -0.767867735,       4.434690359
          0,           0,        4222,      -2.877087077,     -0.6705118347,     -0.8248465206,       2.515854642,     -0.7682866863,       4.446801477
          0,           0,        4223,      -2.873612032,     -0.6482859324,     -0.8217254319,       2.518486629,     -0.7687215267,       4.447989596
          0,           0,        4224,      -2.882215394,     -0.6677930322,     -0.8164031024,       2.510664316,     -0.7691811123,       4.384457313
          0,           0,        4225,      -2.868632053,     -0.6723552381,      -0.840845556,       2.525102673,      -0.769637575,       4.401464988
          0,           0,        4226,      -2.871360569,     -0.6847879128,     -0.8189029712,       2.521539977,     -0.7700882279,       4.522129893
          0,           0,        4227,      -2.864656578,     -0.6522664791,     -0.7953300077,       2.528865269,      -0.770580384,       4.547177138
          0,           0,        4228,      -2.883225229,     -0.6708338009,      -0.833180356,       2.509264225,     -0.7710473542,       4.433282058
          0,           0,        4229,      -2.874390225,     -0.6708530598,     -0.8361096736,       2.519257842,     -0.7715489728,       4.420100959
          0,           0,        4230,      -2.870713672,     -0.6634721195,     -0.8505988741,       2.522366022,     -0.7720713842,       4.472231177
          0,           0,        4231,      -2.874246507,     -0.6465138913,     -0.8167244929,       2.518586121,     -0.7725795537,       4.420222318
          0,           0,        4232,      -2.871773692,     -0.6477962178,     -0.8370459424,       2.521257108,     -0.7731234849,       4.462167197
          0,           0,        4233,      -2.881910796,     -0.6471678048,     -0.8086190706,        2.51102909,     -0.7736212244,       4.421074146
          0,           0,        4234,      -2.871280601,     -0.6715251892,     -0.8511245115,        2.52296042,     -0.7741947731,       4.456245513
          0,           0,        4235,      -2.886404915,     -0.6544303106,       -0.82006527,       2.506058178,     -0.7747326007,       4.543489988
          0,           0,        4236,       -2.86683519,     -0.6535097372,     -0.8167673705,       2.526797927,     -0.7752950725,       4.551336406
          0,           0,        4237,      -2.878786381,     -0.6736849507,     -0.8379200421,       2.513762967,     -0.7758567969,       4.382371904
          0,           0,        4238,      -2.880084279,      -0.690592074,     -0.8414945883,       2.513638903,     -0.7764084141,       4.461753612
          0,           0,        4239,      -2.872118102,     -0.6866770128,     -0.8436397137,       2.521164328,     -0.7769442639,       4.444305492
          0,           0,        4240,      -2.868603418,     -0.6870936628,     -0.8477839835,       2.524518772,     -0.7774901899,        4.49864499
          0,           0,        4241,      -2.866118506,     -0.6674777606,      -0.851388349,       2.527000507,     -0.7780566297,       4.521315162
          0,           0,        4242,      -2.872546686,     -0.6657252859,     -0.8413673477,       2.520917485,     -0.7786212797,       4.412983486
          0,           0,        4243,      -2.866809337,     -0.6753639365,      -0.856770502,       2.527491701,     -0.7792102932,       4.428421605
          0,           0,        4244,       -2.86948126,     -0.6688293515,     -0.8388149024,       2.523608335,     -0.7797862266,       4.523403739
          0,           0,        4245,      -2.868421435,     -0.6470823539,     -0.8269741684,        2.52389399,      -0.780385628,       4.513425131
          0,           0,        4246,      -2.881333767,     -0.6600491836,     -0.8277916125,       2.511779529,     -0.7809753469,       4.359956385
          0,           0,        4247,      -2.868555604,     -0.6592256154,     -0.8334286805,       2.525143628,     -0.7815757174,       4.440849184
          0,           0,        4248,      -2.871187516,     -0.6386174768,     -0.8283610437,       2.522387446,     -0.7821992595,       4.407917096
          0,           0,        4249,      -2.869922551,     -0.6605493939,     -0.8248225981,       2.523696546,     -0.7828328683,       4.430243834
          0,           0,        4250,      -2.868172596,     -0.6290310087,     -0.8133682955,       2.525568157,     -0.7834623424,       4.454583109
          0,           0,        4251,      -2.886594457,     -0.6517105273,     -0.7965183447,       2.506051677,     -0.7840793757,        4.36161417
          0,           0,        4252,      -2.874557268,     -0.6788586052,     -0.8344972671,       2.520129911,     -0.7846958458,       4.442913628
          0,           0,        4253,      -2.874778951,     -0.6500050907,     -0.8058427592,        2.51810728,     -0.7853318448,       4.583967905
          0,           0,        4254,       -2.86809145,     -0.6851707925,     -0.8336184274,       2.526656285,      -0.785974479,       4.569832699
          0,           0,        4255,      -2.878948424,     -0.6760728146,     -0.8215138042,       2.514104634,     -0.7866366636,       4.409099901
          0,           0,        4256,      -2.883017151,     -0.6967534069,     -0.8255123683,       2.510444591,     -0.7872998121,       4.487642885
          0,           0,        4257,      -2.874203553,     -0.6770751885,     -0.8209087545,       2.518939311,     -0.7879567931,       4.441116103
          0,           0,        4258,      -2.861512145,     -0.6807702698,     -0.8277519863,       2.531676426,     -0.7886213378,       4.480484921
          0,           0,        4259,      -2.874006328,     -0.6608465344,     -0.8211961937,       2.518887328,     -0.7892922552,       4.521401535
          0,           0,        4260,      -2.865373596,     -0.6913221134,     -0.8311846865,       2.528052754,      -0.789996555,       4.372408581
          0,           0,        4261,      -2.872104844,      -0.672072969,     -0.8336292436,       2.520791686,     -0.7907331095,       4.439546066
          0,           0,        4262,      -2.858663113,     -0.6763220813,     -0.8433201677,       2.534123829,     -0.7914519602,       4.521894591
          0,           0,        4263,      -2.862250742,     -0.6644049434,     -0.8330894646,       2.530630546,     -0.7921868558,       4.447051465
          0,           0,        4264,      -2.881836482,     -0.6596908754,     -0.8424467376,       2.510057523,     -0.7929131905,       4.335214591
          0,           0,        4265,       -2.87430465,     -0.6670501495,      -0.840330585,       2.519402975,     -0.7936801317,       4.411662358
          0,           0,        4266,       -2.87169362,     -0.6565065783,     -0.8458489414,       2.521494304,     -0.7944361547,       4.459150367
          0,           0,        4267,      -2.869060077,     -0.6579121791,     -0.8191352994,       2.524223381,      -0.795190878,       4.517556516
          0,           0,        4268,      -2.865687051,     -0.6525354622,     -0.8241790844,       2.527968419,     -0.7959621114,       4.444393907
          0,           0,        4269,      -2.886905882,     -0.6542359344,      -0.796887191,        2.50644088,     -0.7967470001,       4.439503048
          0,           0,        4270,      -2.877525516,     -0.7021198267,     -0.8452209157,         2.5168571,     -0.7975419629,       4.398946629
          0,           0,        4271,      -2.866492484,     -0.6728566699,      -0.826545601,       2.527240202,     -0.7983151741,       4.490675174
          0,           0,        4272,      -2.874241149,     -0.6906804517,     -0.8235368824,       2.519702385,     -0.7990906133,       4.503073223
          0,           0,        4273,      -2.877230372,     -0.6879722408,     -0.8405459341,       2.516468575,     -0.7998592127,        4.33131168
          0,           0,        4274,      -2.889435872,     -0.6924766778,     -0.8216372893,       2.503612423,      -0.800642492,       4.400113117
          0,           0,        4275,      -2.873535828,     -0.7075163598,     -0.8539055675,        2.52009141,     -0.8014584896,       4.414628013
          0,           0,        4276,      -2.864915571,      -0.680785402,     -0.8279218088,       2.528098213,     -0.8022659098,       4.476202519
          0,           0,        4277,      -2.864778042,     -0.6742786928,     -0.8415292826,        2.52861415,     -0.8030577452,       4.480164647
          0,           0,        4278,      -2.874617009,     -0.6641294598,     -0.8138303955,       2.518974274,      -0.803861369,       4.294062932
          0,           0,        4279,      -2.866389046,     -0.7131336073,     -0.8601963436,       2.527942412,     -0.8046645613,       4.433476857
          0,           0,        4280,      -2.861499345,     -0.6803508885,     -0.8288010384,       2.531825389,     -0.8054635252,       4.607522406
          0,           0,        4281,      -2.854440921,     -0.6577155891,     -0.8404219082,        2.53919711,     -0.8062508974,        4.62398193
          0,           0,        4282,      -2.870694103,      -0.662131279,     -0.8111985492,       2.522718259,     -0.8070353321,       4.352114268
          0,           0,        4283,      -2.881642005,      -0.719672417,      -0.843742382,       2.512086816,     -0.8077886531,       4.404045118
          0,           0,        4284,      -2.869986782,     -0.6771522041,     -0.8342479821,       2.523229773,     -0.8085263046,       4.450892875
          0,           0,        4285,      -2.866663786,     -0.6676641151,     -0.8216091689,       2.526954063,     -0.8092661949,        4.48653605
          0,           0,        4286,      -2.873574234,     -0.6706458955,      -0.832558497,       2.520441628,     -0.8099858617,       4.443145805
          0,           0,        4287,       -2.88683938,     -0.6635101472,     -0.8139163385,       2.507148217,     -0.8106894031,       4.355412407
          0,           0,        4288,      -2.877838759,     -0.6898087553,     -0.8422419033,       2.516682904,     -0.8114195424,       4.433064231
          0,           0,        4289,       -2.86573208,     -0.6901537377,     -0.8321929129,       2.528703817,     -0.8121574724,       4.589049928
          0,           0,        4290,      -2.859377046,     -0.6433632207,     -0.7955167498,       2.534131411,     -0.8128831147,       4.596110617
          0,           0,        4291,      -2.872967221,     -0.6655537338,     -0.8168017177,       2.521408425,     -0.8136162593,       4.418195049
          0,           0,        4292,      -2.873158008,     -0.6850719592,     -0.8299514282,       2.521066515,     -0.8143389684,       4.395120138
          0,           0,        4293,      -2.874666506,     -0.6985357694,     -0.8474777468,       2.519487203,     -0.8150736322,       4.447924949
          0,           0,        4294,      -2.858468145,     -0.6737044164,      -0.847321567,       2.535207232,     -0.8157954476,       4.514592185
          0,           0,        4295,      -2.868401548,     -0.6727567385,     -0.8150849581,       2.525242562,     -0.8165224897,       4.511826278
          0,           0,        4296,      -2.862817097,     -0.6482582655,     -0.8254432524,       2.531360783,      -0.817257379,       4.414548934
          0,           0,        4297,      -2.871223685,     -0.6774217415,     -0.8131206038,       2.523025433,     -0.8180038347,       4.352470272
          0,           0,        4298,       -2.86589362,     -0.6646469769,     -0.8475247164,       2.528339514,      -0.818713918,       4.467301795
          0,           0,        4299,      -2.863815031,     -0.6432240651,     -0.8117032849,       2.529254559,     -0.8194468703,       4.482779626
          0,           0,        4300,       -2.87589533,     -0.6739031384,     -0.8332251842,       2.517722212,     -0.8201607986,       4.380423944
          0,           0,        4301,      -2.889888071,     -0.6545614562,     -0.8275635298,       2.503257869,     -0.8209129512,       4.366066663
          0,           0,        4302,      -2.876101317,     -0.6731488233,     -0.8348129382,       2.517934033,     -0.8216865189,       4.448867973
          0,           0,        4303,      -2.867289206,     -0.6357485198,     -0.8168382537,       2.526787679,     -0.8224574857,       4.477695158
          0,           0,        4304,      -2.871022683,     -0.6585375517,     -0.8056603889,       2.522975653,     -0.8232602798,       4.509988562
          0,           0,        4305,      -2.870188017,     -0.6516998239,     -0.8280186262,       2.524162027,     -0.8240797997,       4.421875707
          0,           0,        4306,      -2.887403776,     -0.6645473849,     -0.8129863898,        2.50630949,     -0.8248693593,       4.417303151
          0,           0,        4307,      -2.875889831,     -0.6833478632,     -0.8700202216,       2.518741969,     -0.8256772442,       4.471027906
          0,           0,        4308,      -2.858491503,     -0.6613041612,     -0.8364490326,       2.535356268,     -0.8264853122,       4.502278287
          0,           0,        4309,      -2.873996648,     -0.6466180781,     -0.8217780749,       2.519512572,     -0.8272568063,       4.461586165
          0,           0,        4310,      -2.866277087,     -0.6537036466,     -0.8263320184,       2.527630287,     -0.8280487677,       4.384218736
          0,           0,        4311,      -2.879005604,     -0.6805588801,     -0.8279084873,       2.514912701,     -0.8288240993,       4.383987895
          0,           0,        4312,      -2.876361751,     -0.6619640218,      -0.824855268,       2.517729769,     -0.8296518754,       4.386461548
          0,           0,        4313,      -2.875580751,      -0.662945462,     -0.8076139686,       2.516971645,     -0.8304356282,        4.46370666
          0,           0,        4314,      -2.871667408,     -0.6481408929,     -0.8236520665,       2.522658812,     -0.8312934683,        4.36712296
          0,           0,        4315,      -2.885712902,     -0.6269797628,     -0.8047276279,       2.507197431,     -0.8321182258,       4.481438775
          0,           0,        4316,      -2.878294096,      -0.643371721,     -0.8296011789,        2.51586967,     -0.8329319541,       4.453435275
          0,           0,        4317,      -2.861769914,     -0.6379239302,     -0.8312007205,       2.532004124,     -0.8337471138,       4.556362626
          0,           0,        4318,      -2.872341618,       -0.63004876,     -0.8181544421,       2.521071706,     -0.8345629753,       4.535479378
          0,           0,        4319,      -2.866555876,     -0.6302257642,     -0.8179435295,       2.528191763,     -0.8353805084,       4.360360364
          0,           0,        4320,      -2.868375859,     -0.6569773579,     -0.8415382426,       2.526486081,     -0.8361891013,       4.433878257
          0,           0,        4321,      -2.876520037,     -0.6362025699,     -0.8285475434,       2.517489036,     -0.8369908603,       4.460536571
          0,           0,        4322,      -2.864135117,     -0.6504637332,     -0.8150243272,       2.530085761,     -0.8377790172,       4.514208673
          0,           0,        4323,      -2.871813077,     -0.6362824252,     -0.8293464021,       2.522448282,     -0.8385384394,       4.484047025
          0,           0,        4324,      -2.875102318,     -0.6587841901,     -0.8293341311,       2.518407331,     -0.8392685678,       4.572463433
          0,           0,        4325,      -2.863966852,     -0.6674350531,     -0.8367806431,       2.530341648,     -0.8400002935,       4.561888839
          0,           0,        4326,      -2.865916746,     -0.6696972341,     -0.8485055053,       2.526617169,     -0.8406886566,       4.559872852
          0,           0,        4327,      -2.860978368,      -0.656485401,     -0.8306144682,       2.533154022,     -0.8413896489,       4.480455352
          0,           0,        4328,      -2.863073397,     -0.6576830015,     -0.8319698282,       2.529912087,     -0.8420950111,       4.421745291
          0,           0,        4329,      -2.866151174,     -0.6601428106,     -0.8275878345,       2.528248949,     -0.8428242165,       4.409215867
          0,           0,        4330,      -2.863981643,     -0.6310601069,     -0.8118208463,       2.529822031,     -0.8435399407,       4.405983068
          0,           0,        4331,      -2.860001163,     -0.6396352504,     -0.8052761208,       2.533553398,     -0.8442931829,       4.489891574
          0,           0,        4332,      -2.865059253,     -0.6190532752,     -0.8115285991,       2.528896458,      -0.844962498,       4.480299343
          0,           0,        4333,      -2.869516782,     -0.6148544312,     -0.7935908435,       2.523824814,     -0.8455911479,       4.551968997
          0,           0,        4334,      -2.870948582,      -0.641852776,     -0.8354643045,       2.523263057,     -0.8462026197,       4.525554662
          0,           0,        4335,      -2.863401916,     -0.6312857868,     -0.8194927361,       2.530100215,     -0.8468066758,       4.581464168
          0,           0,        4336,      -2.865857681,     -0.6349404043,     -0.8179964101,       2.527976079,     -0.8473903148,       4.540848961
          0,           0,        4337,      -2.869922375,     -0.6426995765,     -0.8074487715,       2.523210266,     -0.8479737535,       4.396679202
          0,           0,        4338,      -2.878375317,     -0.6431150751,      -0.801372187,       2.515548754,     -0.8485885793,       4.417236665
          0,           0,        4339,      -2.872541231,     -0.6466293134,     -0.8106735325,       2.520596826,     -0.8491765876,       4.396693498
          0,           0,        4340,      -2.863486218,      -0.642698057,     -0.8075987786,        2.52980083,     -0.8497138327,       4.489033224
          0,           0,        4341,      -2.863868476,     -0.6381282127,      -0.827042762,       2.529759329,     -0.8503171908,       4.524096319
          0,           0,        4342,      -2.878559349,     -0.6377741356,     -0.8046579178,        2.51463956,     -0.8508620362,       4.421013168
          0,           0,        4343,      -2.872608744,     -0.6674784546,     -0.8463959465,       2.521819631,     -0.8513893566,       4.447478195
          0,           0,        4344,      -2.864140545,     -0.6486846709,     -0.8230305835,       2.529627075,     -0.8518891986,       4.564217784
          0,           0,        4345,      -2.868103388,     -0.6700846976,     -0.8314740522,       2.525927439,     -0.8523534925,       4.552147548
          0,           0,        4346,      -2.880352447,     -0.6535532169,     -0.8263089836,       2.512941468,     -0.8527946445,       4.360611297
          0,           0,        4347,      -2.886888925,     -0.6572611517,     -0.8253075142,       2.507118738,     -0.8531987454,       4.420467974
          0,           0,        4348,       -2.87784258,     -0.6682348196,     -0.8405176542,       2.516071465,     -0.8535897879,       4.427784337
          0,           0,        4349,      -2.865779103,     -0.6544522911,     -0.8169939599,       2.527404402,     -0.8539642138,       4.482216735
          0,           0,        4350,      -2.869067989,      -0.638383566,      -0.823235404,       2.524373098,     -0.8543378207,       4.451405039
          0,           0,        4351,      -2.877847848,     -0.6298995948,     -0.7883628534,       2.514949636,     -0.8546710602,       4.463187334
          0,           0,        4352,      -2.870957952,     -0.6594401074,     -0.8333198755,       2.522620543,     -0.8549592869,       4.418005561
          0,           0,        4353,      -2.872478447,     -0.6409407104,     -0.8074657859,       2.519478471,     -0.8552326153,       4.500224598
          0,           0,        4354,      -2.870025475,     -0.6538245331,     -0.8219197397,        2.52221695,     -0.8555402616,        4.48344388
          0,           0,        4355,      -2.877566709,     -0.6590922535,     -0.8196951217,       2.515311565,     -0.8558062611,       4.300317389
          0,           0,        4356,      -2.881126906,     -0.6700793794,     -0.8277599704,        2.51218137,     -0.8561496577,       4.412737539
          0,           0,        4357,      -2.871484844,     -0.6453125609,     -0.8239026159,       2.521249774,     -0.8564511382,       4.448653816
          0,           0,        4358,      -2.865177579,     -0.6527347076,     -0.8187281801,       2.527994662,     -0.8567512519,       4.491796793
          0,           0,        4359,      -2.875027911,       -0.63735149,     -0.8281761511,       2.518110436,     -0.8570052298,       4.431230997
          0,           0,        4360,      -2.886426795,     -0.6506458669,     -0.8124653445,       2.506411664,     -0.8572498919,       4.372825377
          0,           0,        4361,      -2.878722641,     -0.6559253274,     -0.8564313608,       2.515055858,     -0.8575064614,       4.470867115
          0,           0,        4362,      -2.870932718,     -0.6459359663,     -0.8296247449,       2.522601561,     -0.8577557551,       4.601044572
          0,           0,        4363,       -2.87111781,     -0.6431561872,     -0.8451576994,       2.521725173,     -0.8579875971,       4.590828312
          0,           0,        4364,      -2.879783632,     -0.6352963486,     -0.8207082124,       2.513813623,     -0.8582000557,        4.41112507
          0,           0,        4365,      -2.889043234,     -0.6476493973,      -0.837799056,       2.505543503,      -0.858410536,       4.397526214
          0,           0,        4366,      -2.881987329,     -0.6562288801,     -0.8426315884,       2.511624565,     -0.8586442122,       4.446947626
          0,           0,        4367,      -2.870144857,     -0.6278223003,     -0.8110129485,       2.523748047,     -0.8588265067,        4.47590067
          0,           0,        4368,      -2.880219824,      -0.642120633,     -0.8206225364,       2.513419736,     -0.8590456092,       4.398772681
          0,           0,        4369,      -2.886894547,     -0.6582872539,     -0.8162098128,        2.50623736,      -0.859239811,       4.406841367
          0,           0,        4370,       -2.87675834,     -0.6750559778,      -0.837626717,       2.517380784,     -0.8594309293,       4.403700269
          0,           0,        4371,      -2.865739724,       -0.65702922,      -0.823737896,       2.526756319,     -0.8596367876,       4.489135084
          0,           0,        4372,      -2.868422401,     -0.6679955437,     -0.8080348111,       2.525576092,     -0.8598211367,       4.438840703
          0,           0,        4373,      -2.879725933,     -0.6708860207,     -0.8252852926,       2.512799204,     -0.8600099535,       4.266831588
          0,           0,        4374,      -2.882383582,      -0.698799463,     -0.8429062479,       2.511660602,     -0.8602279133,       4.416846167
          0,           0,        4375,      -2.869336876,     -0.6729591051,     -0.8429500684,       2.523810826,     -0.8604206374,       4.474272778
          0,           0,        4376,      -2.864369656,     -0.6641745119,     -0.8106604167,       2.528883328,      -0.860632556,       4.504206272
          0,           0,        4377,      -2.880366991,     -0.6601744863,     -0.8247321732,       2.512296755,     -0.8608127855,       4.446134639
          0,           0,        4378,      -2.880725617,     -0.6711217253,     -0.8029529531,       2.513001374,     -0.8610159911,       4.432871957
          0,           0,        4379,      -2.871299829,     -0.6782060006,     -0.8370596508,        2.52282483,     -0.8612281388,        4.45932791
          0,           0,        4380,      -2.868179046,     -0.6817484794,     -0.8233260373,       2.524524167,     -0.8614284889,       4.578203889
          0,           0,        4381,      -2.872265714,     -0.6530009922,     -0.8241275069,       2.519556417,     -0.8616462097,       4.593559776
          0,           0,        4382,      -2.880325893,     -0.6637100856,     -0.8206589791,       2.512805577,     -0.8618414159,       4.436518278
          0,           0,        4383,      -2.891764697,     -0.6750597726,     -0.8301607279,       2.501319845,     -0.8620272235,       4.484458381
          0,           0,        4384,      -2.872983102,     -0.6657861766,     -0.8152371013,       2.520183153,     -0.8621964766,       4.498829412
          0,           0,        4385,      -2.877874616,     -0.6791062748,      -0.826722518,        2.51474654,     -0.8623203874,       4.477087851
          0,           0,        4386,       -2.87371398,     -0.6482457267,     -0.8200601248,        2.51979495,     -0.8624817734,       4.383080069
          0,           0,        4387,      -2.895846548,     -0.6711550799,     -0.8033626787,       2.497210199,     -0.8626156469,       4.425551183
          0,           0,        4388,      -2.880923837,     -0.6909161996,     -0.8473978733,       2.513809759,     -0.8627357629,       4.452523086
          0,           0,        4389,       -2.87333775,     -0.6798166687,     -0.8104725063,       2.520069311,     -0.8628852882,       4.544959117
          0,           0,        4390,      -2.871533942,         -0.663482,     -0.8200299844,       2.522054375,     -0.8630261981,       4.571653806
          0,           0,        4391,      -2.887725669,     -0.6883643783,       -0.83188976,       2.504789132,     -0.8631384761,       4.435438137
          0,           0,        4392,      -2.896008716,     -0.6922330126,     -0.8232816932,        2.49755268,     -0.8632372567,       4.487512252
          0,           0,        4393,      -2.882026821,     -0.7062837553,     -0.8498430993,       2.511442485,     -0.8632799306,       4.478531315
          0,           0,        4394,      -2.881830263,     -0.6837914979,     -0.8309127993,        2.51021266,     -0.8633519462,       4.488920089
          0,           0,        4395,      -2.874995367,     -0.6921413788,     -0.8423891495,       2.518976024,     -0.8634235857,        4.45669103
          0,           0,        4396,      -2.882334599,     -0.6749030042,     -0.8192133905,       2.511168996,     -0.8635677805,       4.405443666
          0,           0,        4397,      -2.883284116,     -0.7056442582,     -0.8500506193,       2.511042045,     -0.8636952176,       4.434644047
          0,           0,        4398,      -2.872644653,     -0.6829286816,     -0.8166757861,       2.521295042,     -0.8637851898,       4.503138883
          0,           0,        4399,      -2.866870294,     -0.6873742189,     -0.8290236404,       2.526544149,     -0.8638797939,       4.490067415
          0,           0,        4400,      -2.878077908,      -0.661169665,     -0.8020780941,       2.515404925,      -0.863953539,       4.464028136
          0,           0,        4401,      -2.874833168,       -0.68331176,     -0.8327532801,       2.518736051,      -0.864051284,       4.457425236
          0,           0,        4402,      -2.887087436,     -0.6872832748,     -0.8268644772,       2.505931796,     -0.8641337709,       4.461727017
          0,           0,        4403,      -2.885569757,     -0.6645821045,     -0.8029144905,       2.507456411,     -0.8642391246,       4.484165323
          0,           0,        4404,      -2.885986255,     -0.6790739238,     -0.8344255813,       2.507281021,     -0.8643770912,       4.423428263
          0,           0,        4405,      -2.883636568,     -0.6487881508,     -0.8089641493,       2.509999391,     -0.8645272067,       4.484079388
          0,           0,        4406,      -2.902227481,     -0.7128547239,     -0.8561349709,       2.490636719,     -0.8646643524,       4.386226287
          0,           0,        4407,       -2.87396376,     -0.6743092221,     -0.8387795169,       2.519501276,     -0.8647632397,       4.437763493
          0,           0,        4408,      -2.878971962,     -0.6862567932,     -0.8378095257,       2.513622946,     -0.8648877863,       4.463884517
          0,           0,        4409,      -2.876627635,     -0.6699992193,     -0.8464595229,        2.51709374,     -0.8649988113,          4.463603
          0,           0,        4410,      -2.888587929,     -0.7010640298,     -0.8450960281,       2.504620824,     -0.8651149661,        4.42403064
          0,           0,        4411,      -2.889344843,     -0.7116749296,     -0.8605912325,        2.50373967,     -0.8652768503,       4.368291401
          0,           0,        4412,      -2.876543419,     -0.7038411478,     -0.8665535353,       2.516359029,     -0.8654630312,       4.410814389
          0,           0,        4413,      -2.881781272,     -0.6921400114,     -0.8601250266,       2.511079501,      -0.865618557,       4.437495387
          0,           0,        4414,      -2.868303529,      -0.691606379,     -0.8501000225,       2.524690311,     -0.8657707678,       4.386533543
          0,           0,        4415,      -2.887395773,     -0.6929332986,     -0.8432276501,       2.505295753,     -0.8659404932,       4.368870356
          0,           0,        4416,      -2.864072547,     -0.7073312681,     -0.8665402845,       2.529947957,     -0.8660597807,       4.434682477
          0,           0,        4417,      -2.859502545,     -0.6661575427,     -0.8288810999,       2.533747344,     -0.8662035704,       4.499791712
          0,           0,        4418,      -2.875957751,     -0.7002403404,     -0.8672460818,       2.517396841,     -0.8662929941,       4.443685405
          0,           0,        4419,       -2.88447291,     -0.6768890448,     -0.8354784646,       2.508391549,     -0.8664092021,       4.372900304
          0,           0,        4420,      -2.887162257,     -0.7032551672,     -0.8694500385,       2.506678108,     -0.8665001324,       4.453365115
          0,           0,        4421,      -2.873730159,     -0.6428644887,     -0.8217052495,       2.520251411,     -0.8665975946,       4.473231837
          0,           0,        4422,       -2.88047059,     -0.6929658755,     -0.8506274482,         2.5131283,     -0.8666731635,         4.4415237
          0,           0,        4423,      -2.873620965,     -0.6494626754,     -0.8348230825,       2.520479834,      -0.866720318,        4.42168452
          0,           0,        4424,      -2.901149409,     -0.6815714347,       -0.82542007,       2.492764916,     -0.8667445861,       4.352313795
          0,           0,        4425,      -2.879668843,     -0.6897332877,      -0.876228059,       2.515954207,     -0.8667495957,       4.415534876
          0,           0,        4426,      -2.875443917,     -0.6930261394,     -0.8448758095,       2.519085167,     -0.8667624827,       4.545096898
          0,           0,        4427,      -2.873743244,     -0.6722793638,     -0.8577575715,       2.520185606,     -0.8667662224,        4.52659771
          0,           0,        4428,      -2.881510028,     -0.6833483294,     -0.8358298803,       2.513006537,     -0.8667545594,       4.425156016
          0,           0,        4429,      -2.888899768,     -0.6929162388,     -0.8582501674,       2.505384319,     -0.8667387853,       4.394472699
          0,           0,        4430,      -2.878836171,     -0.7127111589,      -0.866148451,       2.515262079,     -0.8666744994,       4.466335724
          0,           0,        4431,      -2.877115977,     -0.6891317976,     -0.8389664871,       2.515826557,     -0.8665950794,       4.504480699
          0,           0,        4432,       -2.87325585,     -0.6803255755,     -0.8376681415,       2.520495154,     -0.8664943965,       4.470773807
          0,           0,        4433,       -2.88114962,     -0.6648480234,     -0.8222170845,       2.511621999,     -0.8663593058,       4.487892818
          0,           0,        4434,      -2.880058376,     -0.6894346317,     -0.8425532573,       2.513702881,     -0.8662377694,       4.463577718
          0,           0,        4435,      -2.860444604,     -0.6675095768,     -0.8338815293,       2.533145616,       -0.86611656,       4.510981663
          0,           0,        4436,      -2.875554893,     -0.6519816211,      -0.826410812,       2.517174115,     -0.8659964746,       4.486764559
          0,           0,        4437,      -2.867085503,     -0.6569886524,     -0.8280567082,       2.526497677,     -0.8658557076,       4.409522258
          0,           0,        4438,      -2.880117228,      -0.682758466,     -0.8488345704,       2.513595225,     -0.8657239115,       4.404831167
          0,           0,        4439,      -2.878011303,     -0.6665552578,     -0.8532415851,       2.515926522,     -0.8655499404,       4.453464689
          0,           0,        4440,      -2.876399577,     -0.6563468249,     -0.8152284811,       2.516332264,     -0.8653495366,       4.552872602
          0,           0,        4441,      -2.882892198,     -0.6580386187,     -0.8440976272,       2.511158744,     -0.8651690603,       4.508554254
          0,           0,        4442,      -2.886473844,     -0.6447919348,     -0.8165607172,       2.507094716,     -0.8649741041,       4.521878916
          0,           0,        4443,       -2.89939391,     -0.6713861674,     -0.8573681351,       2.493965734,     -0.8647660654,       4.531980047
          0,           0,        4444,      -2.870941019,     -0.6749722351,     -0.8401251275,       2.522425276,     -0.8645432109,        4.59442251
          0,           0,        4445,      -2.882305669,     -0.6540911476,     -0.8135134047,       2.509440478,     -0.8643056523,       4.573840248
          0,           0,        4446,       -2.86935599,     -0.6671153248,     -0.8451529626,       2.524270548,     -0.8640396818,       4.458013227
          0,           0,        4447,      -2.893071762,     -0.6591125387,     -0.8276557965,       2.498166058,     -0.8637978718,       4.386666067
          0,           0,        4448,      -2.876629114,     -0.6717851147,       -0.84542253,       2.517383447,     -0.8635394778,       4.464304026
          0,           0,        4449,       -2.87157034,     -0.6621353864,     -0.8298853546,       2.520817488,     -0.8633063624,       4.471794003
          0,           0,        4450,      -2.883970541,     -0.6443563448,     -0.8344159853,       2.508935109,     -0.8630767274,       4.399913709
          0,           0,        4451,      -2.863723782,     -0.6397018362,     -0.8240956433,        2.52982102,     -0.8628644963,       4.436736856
          0,           0,        4452,      -2.886028348,     -0.6342150683,     -0.8120418262,       2.506732027,     -0.8625974445,       4.471584597
          0,           0,        4453,      -2.859285148,     -0.6580416621,     -0.8371210613,       2.535056717,     -0.8623751426,       4.455786931
          0,           0,        4454,      -2.870588797,     -0.6362948519,      -0.816996121,       2.521808645,     -0.8621853142,       4.424446747
          0,           0,        4455,      -2.874269885,     -0.6628840754,     -0.8531864539,       2.519527749,     -0.8620126359,       4.412811882
          0,           0,        4456,      -2.881061043,     -0.6649006926,     -0.8374429976,       2.511702321,      -0.861877451,       4.409042076
          0,           0,        4457,      -2.877309833,     -0.6597557301,     -0.8580421426,       2.516418617,     -0.8617219714,       4.422353069
          0,           0,        4458,      -2.872473415,     -0.6236157541,     -0.8105541243,       2.520956732,     -0.8615730457,       4.439959153
          0,           0,        4459,      -2.890137428,      -0.652950564,     -0.8441708884,       2.503227898,     -0.8614187703,       4.375289706
          0,           0,        4460,      -2.869412236,     -0.6216681273,     -0.8224332773,       2.524622582,      -0.861280181,       4.464713516
          0,           0,        4461,      -2.888249102,     -0.6390439757,     -0.8182009572,       2.505294848,     -0.8611422095,        4.50598688
          0,           0,        4462,      -2.865414429,     -0.6499207627,     -0.8262818914,       2.528893225,      -0.861042848,       4.494007109
          0,           0,        4463,       -2.88422425,     -0.6502121079,     -0.8123913004,       2.507904003,     -0.8609317576,       4.498028879
          0,           0,        4464,      -2.873485693,      -0.651391604,     -0.8277906508,       2.520701923,     -0.8608633396,       4.425467124
          0,           0,        4465,       -2.87455486,     -0.6534447248,     -0.8348817072,       2.517737646,     -0.8607696543,       4.411188104
          0,           0,        4466,      -2.873737049,     -0.6520708973,     -0.8272016602,       2.520529173,      -0.860711666,       4.393309462
          0,           0,        4467,      -2.870810165,     -0.6438001709,     -0.8183328483,       2.522526502,     -0.8606335438,       4.408479827
          0,           0,        4468,      -2.876961473,      -0.651383881,      -0.831883664,       2.516145616,     -0.8606016558,       4.448735735
          0,           0,        4469,        -2.8646913,     -0.6396361208,     -0.8295269549,       2.529112781,     -0.8605548492,       4.450799585
          0,           0,        4470,      -2.885918159,     -0.6348818489,     -0.8202606673,       2.506836224,     -0.8605370436,       4.469917438
          0,           0,        4471,      -2.871149339,     -0.6605782414,     -0.8366521683,       2.522418247,     -0.8605465316,       4.440110562
          0,           0,        4472,      -2.877307279,     -0.6545628994,     -0.8284322849,       2.514857093,     -0.8605403697,       4.467690748
          0,           0,        4473,      -2.873912983,     -0.6716565174,     -0.8296876641,       2.519039116,     -0.8605534492,       4.405535335
          0,           0,        4474,      -2.885782039,      -0.676313782,     -0.8462034628,       2.506233875,     -0.8605550355,        4.50240579
          0,           0,        4475,      -2.883967835,     -0.6777788941,     -0.8321290094,       2.508892499,     -0.8606198809,       4.518498634
          0,           0,        4476,      -2.878930002,     -0.6796945339,      -0.848061527,       2.512909433,     -0.8606499652,       4.519220408
          0,           0,        4477,      -2.886082115,     -0.6661287045,     -0.8370034031,        2.50698809,     -0.8607002925,           4.47371
          0,           0,        4478,      -2.876795654,     -0.6539995586,     -0.8245465214,       2.515650042,     -0.8607523304,       4.497896624
          0,           0,        4479,      -2.886513467,     -0.6675512157,       -0.84464051,       2.506365153,     -0.8607817777,       4.425594919
          0,           0,        4480,      -2.872727718,     -0.6690468319,     -0.8436639148,       2.520950115,     -0.8608728739,       4.544844306
          0,           0,        4481,      -2.875249522,     -0.6451282858,     -0.8183032127,       2.516655988,     -0.8609266652,       4.582618088
          0,           0,        4482,      -2.874106657,     -0.6382555834,      -0.833219476,       2.518974134,     -0.8609690185,       4.560030105
          0,           0,        4483,      -2.894582415,     -0.6645537203,     -0.8375323227,       2.497883912,     -0.8610535961,       4.405162424
          0,           0,        4484,      -2.890949222,     -0.6449258622,     -0.8254676383,       2.502142587,     -0.8611495852,       4.432507608
          0,           0,        4485,      -2.889011183,     -0.6418645442,     -0.8270061917,       2.503205305,     -0.8612691697,       4.486587533
          0,           0,        4486,      -2.884876445,     -0.6425429708,     -0.8150938007,       2.508300102,     -0.8613997909,       4.515945257
          0,           0,        4487,      -2.877772143,      -0.636589653,     -0.8196153632,        2.51524827,     -0.8615207959,       4.477228206
          0,           0,        4488,       -2.89619931,     -0.6386512278,      -0.813886213,       2.496606447,     -0.8616691249,       4.418152366
          0,           0,        4489,      -2.870360378,     -0.6535359639,     -0.8386726963,       2.523845753,     -0.8618692025,       4.422378929
          0,           0,        4490,      -2.880761292,     -0.6375471739,     -0.8011617102,       2.510959645,     -0.8621189363,       4.492242349
          0,           0,        4491,      -2.885381792,     -0.6661653354,     -0.8277544499,       2.507753226,     -0.8623770603,       4.444631824
          0,           0,        4492,      -2.882354321,     -0.6590723109,      -0.811704365,       2.510203643,      -0.862632836,       4.372926966
          0,           0,        4493,      -2.887476658,     -0.6740532045,     -0.8286238337,       2.505698706,     -0.8628969504,       4.403783267
          0,           0,        4494,      -2.882785627,     -0.6547948113,     -0.8287257695,       2.509717311,     -0.8631678924,       4.441678151
          0,           0,        4495,      -2.883026072,     -0.6691976819,     -0.8331665369,       2.509278453,     -0.8634766247,       4.483500659
          0,           0,        4496,       -2.87459825,      -0.658781773,     -0.8391872278,       2.518288069,     -0.8637931954,       4.397588198
          0,           0,        4497,      -2.900274739,     -0.6567692331,     -0.8069242372,       2.491978359,      -0.864138745,       4.392814649
          0,           0,        4498,      -2.876687082,     -0.6908358056,     -0.8527844709,       2.516854925,     -0.8645043645,       4.406371585
          0,           0,        4499,      -2.881547368,      -0.673561403,     -0.8389526839,       2.509919824,      -0.864892889,       4.498166903
