"Time_Iter","Outer_Iter","Inner_Iter",    "rms[Rho]"    ,    "rms[RhoU]"   ,    "rms[RhoV]"   ,    "rms[RhoE]"   ,     "rms[k]"     ,     "rms[w]"     
          0,           0,           0,      -2.225042549,      -11.74222504,      -12.07305385,       3.165432398,       6.414823141,        9.86891565
          0,           0,           1,      -2.193842506,     0.07517809787,      0.2885414962,       3.187131329,       5.814671343,       9.268930296
          0,           0,           2,      -2.249723817,      0.1124811181,      0.2714472874,       3.091804099,       5.215041633,       8.669518728
          0,           0,           3,      -2.258580043,     0.07440173304,      0.1876659291,       3.081355832,        4.61586353,       8.070668684
          0,           0,           4,      -2.308835807,     0.07154747979,     0.05895888299,       3.035234356,       4.016629351,       7.472772836
          0,           0,           5,      -2.355252261,     0.09239550639,    -0.02841586937,       3.000903153,       3.416973329,       6.888558006
          0,           0,           6,      -2.405709964,     0.03270113483,     -0.1455827833,       2.959046587,       2.818136772,       6.429722769
          0,           0,           7,      -2.490284582,     0.00576725809,     -0.1597619971,       2.882232989,       2.217126566,       6.258427789
          0,           0,           8,      -2.530024289,     0.04203019966,     -0.1621588084,       2.869017011,       1.611951059,       6.197007023
          0,           0,           9,      -2.575762487,    -0.03130605839,     -0.1783319338,       2.827358946,       1.189979394,       6.153549496
          0,           0,          10,      -2.560957518,    -0.06262851843,     -0.2024582415,       2.852614223,      0.7823574706,        6.08985272
          0,           0,          11,       -2.53593909,   -0.005538133462,     -0.1717224277,        2.87827911,      0.4214799454,       5.981043786
          0,           0,          12,      -2.562908108,    -0.05266437743,     -0.1500469692,       2.854786448,      0.2195333835,       5.810738623
          0,           0,          13,      -2.541207022,    -0.09440536467,     -0.1214716995,       2.874192574,      0.1428934191,       5.579853624
          0,           0,          14,      -2.469959496,    -0.01053251404,     -0.1442399741,       2.940960758,     0.04953577664,        5.30792238
          0,           0,          15,      -2.474442514,   -0.001575178543,    -0.08066102007,       2.924465784,     -0.1133611489,       5.099168088
          0,           0,          16,      -2.513200985,    -0.05339138161,     -0.1320884221,       2.876244683,     -0.1384912359,       5.100974007
          0,           0,          17,      -2.517220723,    -0.08275575117,      -0.150640277,       2.867492945,     -0.1563051913,       5.200610327
          0,           0,          18,      -2.498536998,    -0.08142346241,     -0.1314594273,       2.880718368,     -0.1961542603,       5.099226159
          0,           0,          19,      -2.473457401,    -0.05361781578,     -0.1306060788,       2.901303922,     -0.2572589656,       4.993068757
          0,           0,          20,      -2.429764157,     0.02635495844,    -0.07898383815,       2.939109662,     -0.3170432322,       5.022781595
          0,           0,          21,      -2.384546205,     0.02369787494,    -0.06948842639,       2.984841622,     -0.4449219438,       4.899892898
          0,           0,          22,      -2.439819542,    -0.03923578793,    -0.07426752727,       2.903222773,     -0.4403819697,       4.990094369
          0,           0,          23,      -2.431504119,    -0.08983243452,    -0.09348048768,       2.906597013,     -0.4705035971,       4.919659696
          0,           0,          24,      -2.446645964,    -0.08834667624,    -0.08450688817,        2.87590805,     -0.4991008658,       5.055803299
          0,           0,          25,      -2.389757743,    -0.03536519235,     -0.1042993036,       2.947642533,     -0.5444588745,       5.054019972
          0,           0,          26,      -2.393364113,    -0.05722281598,    -0.08364970857,       2.934121793,     -0.5758830978,        5.04509657
          0,           0,          27,       -2.37200918,     -0.1198298777,     -0.1093273811,       2.950223319,     -0.4987509968,       4.790627622
          0,           0,          28,      -2.366700829,    -0.08159900532,    -0.04412207903,        2.94493103,     -0.6763592669,       4.878421479
          0,           0,          29,      -2.378321442,     -0.1349035649,    -0.09297253955,       2.922070921,     -0.7460475213,       4.822746367
          0,           0,          30,      -2.361709709,    -0.05334279703,    -0.08823871402,       2.940797664,     -0.7302740973,       4.876785369
          0,           0,          31,       -2.36895674,     -0.1158924945,    -0.09498735525,       2.924154364,     -0.7342837224,       4.823906649
          0,           0,          32,      -2.360702347,     -0.1670209924,    -0.09149318587,       2.926456302,     -0.6182440194,       4.796362893
          0,           0,          33,      -2.336716144,     -0.1415246609,    -0.08793651805,       2.955312712,     -0.4026823881,       4.970542807
          0,           0,          34,      -2.318442536,    -0.08436480297,    -0.06463892801,       2.976503275,      -0.100117523,        4.92350342
          0,           0,          35,       -2.29359184,     0.03440872086,    -0.06950604588,       3.020222027,     -0.4756281814,        4.77424463
          0,           0,          36,      -2.310374712,    -0.03753647533,    -0.08383589003,       2.989586578,     -0.7389569362,       4.812084402
          0,           0,          37,      -2.314366957,    -0.08868995885,    -0.09484485076,       2.976509613,     -0.6502588126,       4.829026678
          0,           0,          38,      -2.304392448,    -0.09049622567,     -0.1250057163,       2.988567715,     -0.4672319305,       4.803748636
          0,           0,          39,      -2.293796346,    -0.04479065733,     -0.1176720153,       3.004562905,     -0.2443561089,       4.639936152
          0,           0,          40,      -2.276139243,      0.0281897438,     -0.1167066639,       3.034086386,     -0.0258082144,       4.685383386
          0,           0,          41,      -2.278018111,     0.06745848863,    -0.08901228341,       3.039005038,      0.1390072456,       4.699171172
          0,           0,          42,      -2.288438027,      0.1000846864,    -0.08322952109,       3.036002316,     -0.4467002215,       4.533537946
          0,           0,          43,      -2.301094977,      0.0582193651,    -0.09860771549,       3.008627223,     -0.6140160063,       4.603620744
          0,           0,          44,       -2.31137701,   -0.007661216351,     -0.1246848928,        2.98696831,     -0.4899501058,        4.69852533
          0,           0,          45,      -2.312924511,    -0.04054626665,      -0.131288403,       2.978308455,     -0.3376910433,       4.806515459
          0,           0,          46,      -2.305145345,    -0.06817078926,     -0.1548876704,       2.985807792,     -0.2137688169,       4.612679267
          0,           0,          47,      -2.301740131,    -0.07977152755,     -0.1132109461,       2.984922796,     -0.1964304015,       4.743369134
          0,           0,          48,      -2.288367882,     -0.1251571624,    -0.07860118077,       3.000769401,    -0.06911039833,       4.709775592
          0,           0,          49,       -2.29075122,     -0.1014221738,    -0.03845757928,       3.002062435,     -0.3249810916,       4.576008093
          0,           0,          50,      -2.292418607,     -0.1807177615,    -0.06302914874,       2.997966836,     -0.6716104605,       4.635252053
          0,           0,          51,      -2.289122407,     -0.1832059176,    -0.06113616937,       3.003478484,     -0.4971649642,        4.73099001
          0,           0,          52,      -2.280919086,     -0.1471344763,     -0.0763911732,       3.018074871,     -0.2659833035,       4.568967638
          0,           0,          53,      -2.286046961,    -0.05377862176,    -0.05424355725,       3.015151794,    -0.01036529389,       4.845624685
          0,           0,          54,      -2.295436855,     0.03704234013,    -0.05042124052,       3.018076373,      0.2207256591,       5.111850871
          0,           0,          55,      -2.323321301,      0.1268280909,    -0.04503218452,       3.011940404,      0.3496535712,       4.917211099
          0,           0,          56,       -2.35439712,      0.1717111712,     -0.1196055393,       3.024992335,     -0.2317578078,       4.970538839
          0,           0,          57,       -2.41038481,      0.0631713409,     -0.1404004773,       2.949292037,     -0.4852399364,       4.962080585
          0,           0,          58,      -2.431664098,     0.01261438098,     -0.1889426217,       2.928342419,     -0.3335325754,       4.823950758
          0,           0,          59,      -2.424952522,     0.08280882922,     -0.1945133518,       2.946860103,     -0.1712172019,       4.571794623
          0,           0,          60,      -2.442335597,     0.07371260407,     -0.2480572915,       2.943851957,      -0.103968212,        4.65830818
          0,           0,          61,      -2.513978058,     -0.0105120455,     -0.2459682642,       2.877437673,     -0.1692821079,       4.722114415
          0,           0,          62,      -2.549680205,    -0.06698191352,     -0.2529201243,       2.834971704,     -0.8416411443,        4.64040729
          0,           0,          63,      -2.590541492,      -0.146536425,     -0.2836264251,       2.782274807,     -0.8113361537,       4.795899976
          0,           0,          64,      -2.622093798,     -0.2183324919,     -0.3370780033,       2.744905832,      -0.797949887,       4.661028001
          0,           0,          65,      -2.629598286,     -0.2533857626,     -0.3527758524,       2.736884058,      -0.770915764,       4.611754961
          0,           0,          66,      -2.628452744,     -0.2374196312,     -0.3118432062,       2.740680638,     -0.7315476613,        4.53690893
          0,           0,          67,      -2.615059061,     -0.2247158876,     -0.2879135887,       2.756301471,     -0.5699786093,        4.79525026
          0,           0,          68,      -2.598109813,     -0.1953367598,     -0.2637995248,       2.774344517,       -0.35224909,       4.985464864
          0,           0,          69,      -2.577752311,       -0.15151498,     -0.2369720142,        2.79711413,     -0.7675774831,       4.823687184
          0,           0,          70,      -2.617749246,     -0.2034483104,     -0.2864583556,       2.755816582,     -0.9093371314,       4.963726355
          0,           0,          71,      -2.639582529,     -0.2538096493,     -0.3531940313,       2.739233741,      -0.823984691,       4.882540804
          0,           0,          72,      -2.646587436,     -0.2379819178,     -0.2956524241,         2.7353295,     -0.7215026717,       4.683294271
          0,           0,          73,      -2.611318793,     -0.2535518614,     -0.3148095531,        2.77479181,     -0.5956515046,       4.717140926
          0,           0,          74,       -2.60646093,     -0.2221805592,     -0.2599095702,       2.782802153,     -0.5373800237,       4.975933764
          0,           0,          75,      -2.581219235,     -0.2151466302,     -0.2669746853,       2.809035787,     -0.9754744832,        4.67953996
          0,           0,          76,      -2.630971694,     -0.2565536959,     -0.2748315701,       2.757871027,      -1.024466033,       4.812646912
          0,           0,          77,       -2.66114622,     -0.3212885149,     -0.3893763239,       2.728542388,     -0.9693019957,       4.716509558
          0,           0,          78,      -2.685723507,     -0.3084601136,     -0.3252405686,       2.703711328,     -0.9782706743,       4.541056643
          0,           0,          79,      -2.651710136,     -0.3094372252,     -0.3769225248,       2.739465017,     -0.8845039643,        4.67248749
          0,           0,          80,      -2.639401376,     -0.2590454607,     -0.2801864897,       2.751818241,     -0.8733542256,       4.870422757
          0,           0,          81,      -2.596800194,     -0.2433897921,     -0.3204200438,       2.795958696,     -0.9038126947,       4.987071645
          0,           0,          82,      -2.578306724,     -0.1911979529,     -0.2434346238,       2.808216933,      -0.994041948,       4.877951084
          0,           0,          83,      -2.626356519,     -0.2896365443,     -0.3295012387,       2.763079572,       -1.08840428,       4.974429672
          0,           0,          84,       -2.67296655,     -0.3055266262,     -0.3220613849,       2.716522507,       -1.14063238,        4.83786171
          0,           0,          85,      -2.654893502,     -0.3160368668,      -0.359676549,       2.737323079,      -1.139614988,       4.694317245
          0,           0,          86,      -2.679597377,     -0.2950958428,      -0.312698458,       2.708996346,       -1.04439154,       4.673961864
          0,           0,          87,      -2.672041513,      -0.276716424,     -0.3353978825,       2.712642257,     -0.9816278835,         4.9248686
          0,           0,          88,      -2.657085921,     -0.2457416491,     -0.2930180504,       2.715994739,     -0.9278549672,       4.828439061
          0,           0,          89,      -2.610373184,     -0.2406311651,     -0.2980390366,       2.758814111,      -1.110668034,       4.625978073
          0,           0,          90,      -2.691358345,     -0.3105185465,     -0.3316998848,       2.683109462,      -1.087129972,       4.983400537
          0,           0,          91,      -2.708444805,     -0.3640201853,      -0.371719388,       2.676536021,      -1.118173228,       4.734180701
          0,           0,          92,      -2.709135504,     -0.3561301239,     -0.3600767741,       2.674909938,       -1.12403916,       4.827294904
          0,           0,          93,      -2.678655402,     -0.3492284505,     -0.3662707865,       2.704303419,      -1.075825219,       4.736513016
          0,           0,          94,      -2.637804354,     -0.2976079566,     -0.3288854769,       2.742846256,      -1.035374786,       4.899625268
          0,           0,          95,      -2.603203223,     -0.2748061779,     -0.3183212401,       2.775745282,      -1.016564308,       4.801987529
          0,           0,          96,      -2.569644697,     -0.2352604786,     -0.2740920089,       2.808827843,      -1.137564333,       4.988130379
          0,           0,          97,      -2.627486779,     -0.3055364089,     -0.3192438727,       2.757516831,      -1.174699494,       4.876077625
          0,           0,          98,      -2.648003302,     -0.3102304649,     -0.3240091543,       2.742826133,      -1.158736156,       4.795056562
          0,           0,          99,      -2.630654799,     -0.3414622274,     -0.3431783783,       2.759564623,      -1.178819336,       4.735096015
          0,           0,         100,      -2.626588966,      -0.323216775,     -0.3146602334,       2.761872629,       -1.09646375,       4.911498605
          0,           0,         101,      -2.612918423,     -0.3110654448,     -0.3100957684,       2.773450204,      -1.206257382,       4.715011936
          0,           0,         102,      -2.684398805,      -0.358781506,     -0.3527361397,       2.701465548,      -1.256310912,       4.761075819
          0,           0,         103,      -2.723577283,     -0.4244421504,     -0.4408703212,       2.661060548,      -1.266398171,       4.756808236
          0,           0,         104,      -2.713215828,     -0.4591189851,     -0.4173249475,       2.673581117,      -1.339652331,       4.729169073
          0,           0,         105,      -2.724842193,     -0.4870617904,     -0.4426501025,       2.664110861,      -1.272994965,       4.627856471
          0,           0,         106,      -2.702976416,     -0.4173230991,       -0.39768393,        2.68413062,       -1.14735412,       4.635581887
          0,           0,         107,       -2.69449423,     -0.3522534115,     -0.3676916892,       2.693314979,      -1.044138673,       4.736707481
          0,           0,         108,      -2.670498146,     -0.3028591199,     -0.3280018831,       2.714383609,     -0.9159609636,       5.116088201
          0,           0,         109,      -2.626972579,     -0.2847542805,     -0.3189387829,       2.758819074,      -1.158661679,       4.649189244
          0,           0,         110,      -2.646784869,     -0.3238840684,     -0.3371119768,       2.745830431,      -1.235319823,       5.051786851
          0,           0,         111,      -2.668449007,     -0.3967613841,     -0.3947934236,       2.727534135,      -1.214772275,       4.962065996
          0,           0,         112,      -2.675241212,        -0.4301096,     -0.3821734906,       2.720747292,      -1.253903617,       4.583843842
          0,           0,         113,      -2.652693753,     -0.3883481964,      -0.350990562,       2.741282063,      -1.109729111,       5.034928884
          0,           0,         114,      -2.633645107,     -0.3238120556,     -0.3088688973,       2.760629529,      -1.281927035,        4.70323358
          0,           0,         115,       -2.69537322,     -0.3946463362,     -0.3669567139,       2.697474154,      -1.305201448,        4.86736138
          0,           0,         116,      -2.745907648,     -0.4826497858,     -0.4626084058,       2.644955117,      -1.317198168,       4.982351101
          0,           0,         117,      -2.778162636,     -0.5264512178,     -0.5162304428,       2.610892536,      -1.338234672,        4.98545532
          0,           0,         118,      -2.804278797,     -0.5906644429,     -0.5755421883,       2.584163731,      -1.359491425,       4.928023607
          0,           0,         119,      -2.810305656,     -0.6469810969,     -0.6305957132,       2.578149571,      -1.379279273,        4.85175766
          0,           0,         120,      -2.849462711,     -0.6925521576,     -0.6668780904,       2.534915529,       -1.39707603,       4.783342346
          0,           0,         121,      -2.834985208,     -0.7632465962,     -0.7019696883,       2.549161698,      -1.408676312,         4.6317333
          0,           0,         122,      -2.826581807,      -0.742485985,     -0.6758605084,       2.556405313,      -1.381425652,       4.475102304
          0,           0,         123,      -2.823673466,     -0.7067463433,     -0.6262287742,       2.560574068,      -1.358081399,         4.6969275
          0,           0,         124,      -2.795049915,     -0.6161625781,     -0.5497304676,       2.590412145,      -1.391479153,       4.607390558
          0,           0,         125,      -2.827198812,     -0.6562370662,      -0.602462387,       2.558455334,      -1.398352844,       4.522314848
          0,           0,         126,       -2.85201602,     -0.6798981514,     -0.6247283554,       2.531614164,      -1.398866692,        4.49558831
          0,           0,         127,      -2.857156457,     -0.6706219903,      -0.634678932,        2.52842744,      -1.407914672,       4.449651375
          0,           0,         128,      -2.849487423,     -0.6355360715,     -0.6245183796,       2.535672444,      -1.411329423,       4.676708994
          0,           0,         129,      -2.815685352,      -0.635371691,     -0.6221630377,       2.572552091,      -1.420939953,       4.696148381
          0,           0,         130,      -2.851427185,     -0.6607766157,      -0.665950246,       2.534245997,      -1.422854828,       4.374299905
          0,           0,         131,      -2.854727042,     -0.7450328136,      -0.710324168,       2.530677552,      -1.421716018,       4.356699066
          0,           0,         132,      -2.850126739,      -0.710489157,     -0.7047790342,       2.536209212,      -1.424131043,       4.613874949
          0,           0,         133,      -2.811971896,     -0.7183949853,     -0.6945058663,       2.578340854,      -1.416406887,       4.551713073
          0,           0,         134,      -2.817957712,     -0.6861204313,     -0.6399307055,       2.573021247,      -1.416446513,        4.62034125
          0,           0,         135,      -2.765098417,     -0.6287004406,     -0.6228839644,       2.629574686,      -1.407071047,       4.853906097
          0,           0,         136,      -2.774019237,     -0.5120848632,     -0.4685223927,        2.61766428,      -1.429904706,       4.621079212
          0,           0,         137,      -2.808981344,      -0.598861452,     -0.5491848473,       2.581947455,      -1.430115859,       4.482108334
          0,           0,         138,      -2.830662028,     -0.6702433132,     -0.6168451091,       2.559577523,      -1.435099975,       4.674377605
          0,           0,         139,      -2.847905251,     -0.6662028711,     -0.5817235616,       2.541605111,      -1.423763902,       4.785794562
          0,           0,         140,      -2.855104907,     -0.6670429522,     -0.5626067441,        2.53368273,      -1.422244451,       4.793794174
          0,           0,         141,      -2.831538908,     -0.7015363186,      -0.631095633,         2.5594028,      -1.428038411,       4.675647809
          0,           0,         142,      -2.828358751,     -0.6425867665,     -0.5627973388,       2.563120817,      -1.423193207,       4.493327657
          0,           0,         143,      -2.806566405,     -0.6289982286,     -0.5947801237,       2.584717613,      -1.428538796,       4.859257011
          0,           0,         144,      -2.785797723,     -0.5168049723,     -0.4598303585,        2.60510668,      -1.432914678,       4.632109489
          0,           0,         145,        -2.8280337,     -0.5582097937,     -0.5048096449,       2.562217258,      -1.427763462,       4.652823419
          0,           0,         146,      -2.866581688,     -0.6425109767,       -0.60431447,       2.521867716,      -1.435262725,       4.823157095
          0,           0,         147,      -2.865514145,     -0.6668155102,     -0.6211952084,        2.52412729,      -1.433570037,       4.850560675
          0,           0,         148,      -2.869309618,     -0.6281485146,      -0.541339847,       2.520876727,      -1.429311344,       4.734866707
          0,           0,         149,      -2.833724553,       -0.68140486,     -0.6256965985,       2.558643727,      -1.456645388,        4.46951084
          0,           0,         150,      -2.810593225,      -0.585941085,     -0.4680518208,       2.581136437,      -1.426743376,       4.694433346
          0,           0,         151,      -2.765195339,     -0.5923491847,     -0.5360319133,       2.628460664,       -1.45449418,        4.59393037
          0,           0,         152,       -2.80934782,      -0.637844655,     -0.5940437025,       2.582724741,      -1.453293432,         4.4672669
          0,           0,         153,      -2.860524899,     -0.6561020978,     -0.5673021981,       2.527532999,      -1.441890709,       4.647860889
          0,           0,         154,      -2.848140838,     -0.6715843351,     -0.6095135867,       2.541699198,      -1.448906875,       4.732484632
          0,           0,         155,       -2.85047803,     -0.6998459357,     -0.6607816759,       2.540443273,      -1.452516949,       4.655464344
          0,           0,         156,      -2.842622999,     -0.6473064224,     -0.5800538734,       2.548832578,      -1.447396273,       4.488842662
          0,           0,         157,      -2.802844687,     -0.6340797655,     -0.5988273884,       2.589552529,      -1.418263352,       4.715229981
          0,           0,         158,      -2.783395687,     -0.5448619512,     -0.4761165646,       2.609038941,      -1.380487405,       4.600858266
          0,           0,         159,      -2.753640007,     -0.4979173946,     -0.4479048569,       2.639430805,       -1.43613251,       4.823366075
          0,           0,         160,      -2.787221209,     -0.5447733062,     -0.4832915885,       2.605423005,      -1.441469197,       4.858676802
          0,           0,         161,      -2.839030455,     -0.5883016804,     -0.5235185391,       2.551122563,      -1.439984417,       4.859156487
          0,           0,         162,      -2.863238139,     -0.6092036926,     -0.5627319512,       2.525058248,        -1.4338244,       4.784859776
          0,           0,         163,      -2.873615127,     -0.6241219137,     -0.5893908269,       2.514090379,      -1.429951405,       4.687376465
          0,           0,         164,      -2.872604165,     -0.6676690869,     -0.6382456187,       2.516913766,      -1.431481635,       4.672015399
          0,           0,         165,      -2.878311161,     -0.7007293293,      -0.674290574,       2.510858735,      -1.436619512,       4.610374938
          0,           0,         166,       -2.87038715,     -0.7100271126,     -0.6803037589,       2.519538981,      -1.437254833,       4.484139543
          0,           0,         167,      -2.896499636,     -0.7388842036,     -0.6967421363,       2.489700069,      -1.437243656,       4.495389106
          0,           0,         168,      -2.888626981,      -0.749272458,     -0.7044722785,       2.498031553,      -1.438965843,       4.398257764
          0,           0,         169,      -2.895756916,     -0.7790453722,     -0.7235152947,       2.489540943,      -1.439345966,        4.43488148
          0,           0,         170,      -2.877815893,     -0.7653860779,     -0.7124644935,        2.50984958,      -1.443158958,        4.48959857
          0,           0,         171,      -2.885489969,     -0.7573115394,     -0.7059265129,       2.500694926,      -1.443451988,       4.518144799
          0,           0,         172,      -2.879983749,     -0.7777020731,     -0.7138836268,       2.507783772,      -1.444826086,       4.443813879
          0,           0,         173,      -2.889889086,      -0.774814404,     -0.7428460749,       2.497777977,      -1.445618491,       4.403306464
          0,           0,         174,      -2.890417607,     -0.7502434847,     -0.6950953477,        2.49688703,      -1.445973874,       4.428216842
          0,           0,         175,      -2.879240648,      -0.773383228,     -0.7266915468,       2.509141801,      -1.443874843,        4.52258421
          0,           0,         176,      -2.877956378,     -0.7573833643,     -0.7059942995,       2.509481963,      -1.443277867,       4.580307447
          0,           0,         177,      -2.880234996,     -0.7407803303,     -0.7124264464,       2.507818949,      -1.444177041,        4.56630465
          0,           0,         178,      -2.884821793,     -0.7456496591,     -0.7115083208,       2.501998339,      -1.442707316,       4.363028262
          0,           0,         179,      -2.871125429,     -0.7296929884,     -0.7221285272,       2.517777463,      -1.442606872,       4.435045494
          0,           0,         180,      -2.895053617,     -0.7237682482,     -0.7110893837,       2.491497479,      -1.442942001,       4.508014117
          0,           0,         181,      -2.888150749,      -0.724942572,     -0.7169661286,       2.499258577,      -1.443509127,        4.50704843
          0,           0,         182,      -2.891288954,     -0.7263125231,     -0.6926701993,       2.496807655,       -1.44665038,       4.407583942
          0,           0,         183,      -2.896218338,     -0.7091002061,     -0.6765586811,        2.49203465,      -1.448029813,       4.416298909
          0,           0,         184,      -2.902386901,     -0.7566331281,     -0.7205946728,       2.485375809,      -1.451485439,       4.419408925
          0,           0,         185,      -2.889271863,     -0.7391663716,     -0.7121733291,       2.499529811,      -1.452260163,        4.46350906
          0,           0,         186,      -2.868396922,     -0.7047088267,     -0.6608500727,       2.520883433,      -1.449523832,       4.586505625
          0,           0,         187,      -2.901753972,     -0.7472695047,     -0.6830775434,       2.485901144,      -1.446795889,       4.473510685
          0,           0,         188,      -2.876640794,     -0.7152163423,     -0.6967334955,       2.512689158,      -1.444411715,       4.288024604
          0,           0,         189,      -2.876069912,     -0.7511670367,     -0.7123415577,       2.513149906,      -1.443218395,       4.456371601
          0,           0,         190,      -2.869387521,     -0.7252883421,      -0.690112352,       2.519162921,       -1.43855406,       4.519279249
          0,           0,         191,      -2.883291066,     -0.7603794971,     -0.6904192991,       2.504177344,      -1.436219623,       4.467793934
          0,           0,         192,      -2.883003998,      -0.776704695,     -0.7368811124,       2.506257023,      -1.435138399,       4.348972109
          0,           0,         193,      -2.891941882,     -0.7927151787,     -0.7415851852,       2.496187587,      -1.433366487,       4.369631022
          0,           0,         194,      -2.877107034,     -0.7742847029,     -0.7050434448,        2.51176476,      -1.433223228,       4.426895684
          0,           0,         195,      -2.889763999,     -0.7733922334,      -0.732918556,       2.497168647,      -1.435443471,       4.566733956
          0,           0,         196,      -2.886392765,     -0.7736792579,     -0.7140602157,       2.501973768,      -1.437855118,       4.587284619
          0,           0,         197,      -2.887806234,     -0.7533643262,     -0.7035599459,       2.500540365,      -1.437093294,       4.276016229
          0,           0,         198,      -2.885522691,     -0.7770423821,     -0.7175069806,       2.502834398,      -1.434425395,        4.42850101
          0,           0,         199,      -2.866145635,     -0.7463690736,     -0.6949629064,       2.522964411,      -1.434766588,       4.517246816
          0,           0,         200,      -2.882418618,     -0.7474510901,     -0.6671722658,       2.506600214,      -1.436816579,        4.43770756
          0,           0,         201,      -2.882358348,     -0.7138392326,     -0.6695998796,        2.50616217,      -1.437729082,       4.384969026
          0,           0,         202,      -2.905998524,     -0.7328384056,       -0.67311094,       2.481117817,      -1.437692063,       4.296160924
          0,           0,         203,      -2.894596841,     -0.7377278481,     -0.6775219898,       2.493980754,        -1.4379335,       4.397055938
          0,           0,         204,      -2.887599066,     -0.7359679008,     -0.6891183838,       2.500066742,      -1.440811549,       4.545828246
          0,           0,         205,      -2.893240794,     -0.7358454642,     -0.6845393008,        2.49515634,      -1.438778101,       4.549702957
          0,           0,         206,      -2.904017532,     -0.7099272148,     -0.6599060082,       2.482539847,      -1.436306361,        4.32095897
          0,           0,         207,       -2.90952219,      -0.742057256,      -0.723968141,        2.47734225,      -1.437543382,       4.422993207
          0,           0,         208,        -2.8758394,     -0.7269123654,     -0.6883785691,       2.513106211,      -1.438575858,        4.50912726
          0,           0,         209,      -2.903666507,     -0.7251472028,     -0.6616753605,       2.482068614,      -1.436892183,       4.468460896
          0,           0,         210,      -2.890460971,     -0.7327181824,     -0.7154731292,        2.49744689,      -1.437049564,       4.344845795
          0,           0,         211,      -2.911092631,     -0.7471184424,     -0.7177854797,       2.474755259,      -1.437708179,       4.340292867
          0,           0,         212,      -2.882275435,     -0.7649825131,     -0.7427720008,       2.506149211,      -1.436479208,       4.295240099
          0,           0,         213,      -2.887203897,      -0.754191758,     -0.7228801477,       2.498919099,        -1.4355882,       4.437004174
          0,           0,         214,      -2.881320398,     -0.7694436357,     -0.7381694476,       2.506779566,      -1.434930396,       4.495032923
          0,           0,         215,      -2.879587246,     -0.7748747455,     -0.7366163725,        2.50736637,      -1.434569066,       4.212349162
          0,           0,         216,      -2.886536135,     -0.7690831266,     -0.7361489007,       2.501064874,      -1.433052428,       4.391355328
          0,           0,         217,       -2.87240623,     -0.7341992772,     -0.7201951436,       2.515308675,      -1.433028032,       4.489217322
          0,           0,         218,      -2.872583409,     -0.7608366058,     -0.7347999175,       2.515843099,      -1.432796018,       4.442176599
          0,           0,         219,      -2.879271824,     -0.7239816346,     -0.6964910167,       2.509647611,      -1.433102475,       4.338763079
          0,           0,         220,      -2.900855873,     -0.7311895443,     -0.7277691375,       2.485837718,      -1.433077788,       4.294372766
          0,           0,         221,      -2.898490825,     -0.7439412344,     -0.7246745946,       2.488819443,      -1.433896335,       4.380876288
          0,           0,         222,      -2.895474289,     -0.7147565822,     -0.6917701805,       2.490629457,       -1.43493595,       4.503787487
          0,           0,         223,      -2.900994363,     -0.7764536856,     -0.7218468627,       2.485916944,      -1.433919852,       4.546446449
          0,           0,         224,      -2.899076664,     -0.7216824928,     -0.6752339474,       2.486326823,      -1.434025495,       4.315261094
          0,           0,         225,      -2.911567161,      -0.782438475,     -0.7335606021,       2.474258574,       -1.43364709,        4.41564307
          0,           0,         226,      -2.880786913,     -0.7398085938,     -0.7140557863,       2.506881203,      -1.432581236,       4.478135661
          0,           0,         227,      -2.899956397,     -0.7316283953,     -0.6735785022,       2.485873212,      -1.431818799,       4.472807325
          0,           0,         228,      -2.889606655,     -0.7369149783,     -0.7102604545,       2.497012931,      -1.432001909,       4.306847521
          0,           0,         229,      -2.906942389,     -0.7535350032,     -0.7243556912,       2.478727346,      -1.432169406,       4.308196062
          0,           0,         230,      -2.897583958,     -0.7619920547,     -0.7148114965,       2.489778797,       -1.43236347,       4.334928388
          0,           0,         231,      -2.889008522,     -0.7416928499,     -0.7129081517,       2.497617551,      -1.434077731,       4.474773177
          0,           0,         232,      -2.888479928,     -0.7868288547,     -0.7298430496,        2.49859859,      -1.432855238,       4.561063972
          0,           0,         233,      -2.882795937,     -0.7462281658,     -0.7037443363,       2.504427053,      -1.431451898,       4.291890087
          0,           0,         234,      -2.896889576,      -0.725139264,     -0.6811901571,        2.48962265,      -1.432043203,       4.338296563
          0,           0,         235,      -2.870043146,     -0.7580447662,     -0.7112370107,       2.518210968,      -1.433656494,       4.485410041
          0,           0,         236,      -2.874503012,     -0.7544642102,     -0.7070834179,       2.513594411,      -1.431165677,       4.473605693
          0,           0,         237,      -2.876494289,     -0.7351264541,     -0.6545650992,       2.511118171,      -1.429759787,         4.3326063
          0,           0,         238,      -2.898846801,      -0.753393911,     -0.6894725982,       2.486948469,      -1.431298936,       4.317173026
          0,           0,         239,      -2.888416373,     -0.7915079519,     -0.7604294899,       2.498679532,      -1.430734776,       4.298659772
          0,           0,         240,      -2.889121566,     -0.7521225522,     -0.6854037172,       2.496777815,      -1.430894783,       4.496823551
          0,           0,         241,      -2.880059728,     -0.7808193072,     -0.7037361191,       2.506777083,      -1.430698283,       4.585156531
          0,           0,         242,      -2.879689986,     -0.7380741556,     -0.6837621559,         2.5062369,      -1.430527975,       4.371374319
          0,           0,         243,      -2.885414486,     -0.7464706073,     -0.6893876779,       2.501440238,      -1.430097937,       4.345406565
          0,           0,         244,      -2.866312788,     -0.7470727492,     -0.6974302198,       2.521760993,      -1.428915769,        4.46736224
          0,           0,         245,      -2.868383657,     -0.7299137843,     -0.6859838772,       2.518447253,      -1.428442264,       4.512206727
          0,           0,         246,      -2.883386533,     -0.7286316376,     -0.6809652059,       2.503265025,      -1.429236005,       4.340692134
          0,           0,         247,      -2.884724052,     -0.7192744018,     -0.7085873442,       2.501482081,      -1.430173676,       4.306601731
          0,           0,         248,      -2.878842576,     -0.7279737602,     -0.7249404993,       2.508398332,      -1.428578092,       4.284752688
          0,           0,         249,      -2.861028618,     -0.6982195352,      -0.688084092,       2.526831726,      -1.429497751,       4.439622596
          0,           0,         250,      -2.867602662,     -0.7231277034,     -0.7158323397,       2.519559094,      -1.430940195,       4.508469029
          0,           0,         251,      -2.859744303,     -0.6976873698,     -0.6922572888,       2.528331584,      -1.428486237,       4.195479785
          0,           0,         252,      -2.880006805,     -0.7307055289,     -0.6570025618,       2.507089861,      -1.427692409,       4.349039372
          0,           0,         253,      -2.849837106,      -0.735390968,      -0.718243507,       2.539529253,      -1.429724002,       4.484225385
          0,           0,         254,      -2.873988601,     -0.7679381605,     -0.7491426587,       2.513222207,      -1.429540835,       4.477582522
          0,           0,         255,      -2.882996085,     -0.7621266257,      -0.701303662,       2.504472832,       -1.42875969,       4.302923814
          0,           0,         256,      -2.883288919,     -0.7538080843,     -0.7062413563,        2.50360877,      -1.429895452,       4.203384411
          0,           0,         257,      -2.877618412,     -0.7773623163,     -0.7437826902,       2.510324277,      -1.430955862,       4.347114172
          0,           0,         258,      -2.873579287,     -0.7591131365,     -0.7304663834,       2.512711364,      -1.432377195,       4.545509274
          0,           0,         259,       -2.88675685,      -0.773742818,     -0.7408601931,       2.499594961,      -1.432592364,       4.621197859
          0,           0,         260,      -2.875600284,     -0.7429031422,     -0.7133803452,       2.512006765,      -1.431093362,       4.234440099
          0,           0,         261,      -2.896325374,     -0.7556781347,     -0.6838626479,       2.488725519,      -1.430960649,       4.385516945
          0,           0,         262,      -2.885914888,     -0.7472096051,     -0.7359175985,       2.500317054,      -1.430127653,       4.490315993
          0,           0,         263,      -2.887829701,     -0.7481742058,     -0.7166353585,       2.498094649,      -1.427761966,       4.471769699
          0,           0,         264,      -2.891174073,     -0.7540380242,     -0.6887198648,       2.495536024,      -1.426072927,        4.30267847
          0,           0,         265,      -2.908582069,     -0.7467262676,     -0.7118002993,       2.476166679,      -1.427449677,       4.368894926
          0,           0,         266,      -2.903948421,     -0.8196931053,     -0.7857655027,       2.482097249,      -1.427689368,       4.353859609
          0,           0,         267,      -2.890152507,     -0.7767106143,     -0.7376930999,       2.495791463,      -1.427701675,        4.42127284
          0,           0,         268,      -2.892038616,     -0.7734325909,     -0.7012478336,       2.493537906,      -1.427663319,       4.504229614
          0,           0,         269,      -2.882621828,       -0.75988428,     -0.7383814612,       2.503946032,      -1.428386327,       4.274053097
          0,           0,         270,      -2.893362164,     -0.8029475228,     -0.7639031961,       2.492350188,      -1.430003293,       4.300418553
          0,           0,         271,      -2.862922081,     -0.7603506408,     -0.7081054322,       2.524208573,      -1.429765133,       4.466416836
          0,           0,         272,      -2.875833473,     -0.7459530953,     -0.6882592953,       2.510651515,      -1.429173644,       4.445271251
          0,           0,         273,      -2.870279763,      -0.772009199,     -0.7381696095,       2.517895507,      -1.431221728,       4.294464121
          0,           0,         274,      -2.883507226,     -0.7544496599,     -0.7116638476,       2.503148283,      -1.431847461,       4.205237162
          0,           0,         275,      -2.870070585,      -0.765448114,     -0.7357059439,       2.518126901,      -1.430397088,       4.338174733
          0,           0,         276,      -2.875883345,     -0.7469939094,     -0.7248115447,       2.510943566,      -1.431593977,       4.491170386
          0,           0,         277,      -2.876968587,     -0.7623065076,     -0.7360277901,       2.510505738,      -1.432003836,       4.564756018
          0,           0,         278,      -2.880239943,     -0.7446723405,     -0.7106568517,       2.505662943,      -1.431139029,       4.186570004
          0,           0,         279,      -2.894822015,     -0.7579044186,     -0.7184605264,       2.491161905,      -1.431546401,       4.298475908
          0,           0,         280,      -2.886897061,     -0.7635843126,     -0.7453102925,       2.498958595,      -1.432388414,       4.455892309
          0,           0,         281,      -2.894104807,     -0.7443789861,     -0.7363406971,       2.491546556,      -1.431884315,       4.476954005
          0,           0,         282,      -2.896359996,     -0.7601398328,     -0.7257503104,       2.488429892,      -1.431319771,       4.315048633
          0,           0,         283,      -2.904964889,     -0.7291476427,     -0.7204430485,       2.479886245,      -1.431194965,       4.294483083
          0,           0,         284,      -2.889349525,     -0.7647692461,     -0.7581152132,       2.497046721,      -1.430703377,       4.289615842
          0,           0,         285,      -2.882757246,      -0.719231512,     -0.7279922306,       2.504109186,      -1.430467732,       4.486463659
          0,           0,         286,      -2.875989672,     -0.7493451118,     -0.7339559758,       2.511625738,      -1.428888442,       4.541686233
          0,           0,         287,      -2.893856818,     -0.7316404446,      -0.708523495,       2.491521251,      -1.428037447,       4.316330673
          0,           0,         288,      -2.896366547,     -0.7700800201,     -0.7520586762,         2.4901672,      -1.428516107,       4.375164348
          0,           0,         289,      -2.885265029,     -0.7470772938,     -0.7461465187,       2.500496976,      -1.428189214,       4.480987557
          0,           0,         290,      -2.907891042,     -0.7513485504,     -0.6888033331,        2.47662486,       -1.42827457,       4.466154521
          0,           0,         291,      -2.894322232,     -0.7490713584,     -0.7012602606,       2.492029289,      -1.430056282,       4.325962615
          0,           0,         292,      -2.897029627,     -0.7623900344,     -0.7237996825,         2.4891142,      -1.431736956,       4.325796257
          0,           0,         293,      -2.881864363,     -0.7484459209,     -0.7046590534,        2.50580825,      -1.432352625,       4.314544763
          0,           0,         294,      -2.892232231,     -0.7427416377,      -0.709335522,       2.493788712,      -1.432143417,       4.456068018
          0,           0,         295,      -2.869583392,     -0.7509471554,      -0.744981976,       2.518779112,      -1.431982486,       4.529314616
          0,           0,         296,      -2.868690386,     -0.7158257034,     -0.7151271189,       2.518859966,      -1.431857578,       4.348298273
          0,           0,         297,       -2.88438909,     -0.6996344087,     -0.7074993732,       2.502730323,      -1.432163303,       4.321466696
          0,           0,         298,       -2.85256192,     -0.7438982071,     -0.7547996459,       2.536174454,        -1.4324291,       4.497222097
          0,           0,         299,      -2.862048004,     -0.7500635092,      -0.726474872,        2.52712535,      -1.431694764,       4.473912414
          0,           0,         300,       -2.85868039,     -0.7399906586,     -0.7390080883,       2.530514125,      -1.431705425,       4.361569159
          0,           0,         301,        -2.8987826,     -0.7630399412,     -0.7359652638,       2.487071077,       -1.43106664,       4.253703234
          0,           0,         302,      -2.873167854,     -0.7960325122,     -0.7885035145,       2.514785197,      -1.430287918,       4.315704908
          0,           0,         303,      -2.877950673,     -0.7640879928,     -0.7324158678,       2.509156331,      -1.430617839,       4.460950836
          0,           0,         304,      -2.878816837,     -0.7658156637,     -0.7307536241,       2.508499968,      -1.430237458,       4.504156186
          0,           0,         305,      -2.885302696,     -0.7398624888,     -0.7167902543,       2.500183904,      -1.429712036,       4.247684401
          0,           0,         306,      -2.893112374,     -0.7308578747,     -0.7178639159,       2.492714069,      -1.429700498,       4.382217438
          0,           0,         307,       -2.87161509,     -0.7552663025,     -0.7458592914,       2.515851386,       -1.42896607,       4.482845868
          0,           0,         308,      -2.873613405,     -0.7278497711,     -0.6812811473,       2.513558786,      -1.428665683,         4.5003397
          0,           0,         309,      -2.884517987,     -0.7075463221,     -0.6606555187,       2.501298012,      -1.430170732,       4.320738162
          0,           0,         310,      -2.886913841,     -0.7043838668,     -0.6979959888,        2.49977111,      -1.431722265,       4.307008647
          0,           0,         311,      -2.867441376,     -0.7223430011,     -0.6882094109,       2.521437384,      -1.429969092,       4.358841528
          0,           0,         312,      -2.880895114,     -0.6949098022,     -0.6618892314,        2.50538397,      -1.428961683,       4.530840881
          0,           0,         313,      -2.879835631,     -0.6843647541,     -0.6754530612,       2.508058444,      -1.430499313,       4.605827395
          0,           0,         314,       -2.89342765,     -0.6834898748,      -0.674207977,       2.492680386,      -1.430533056,       4.393060906
          0,           0,         315,      -2.883320051,     -0.7509499522,     -0.7147592339,       2.504108509,      -1.430897153,       4.412032354
          0,           0,         316,       -2.87117589,     -0.6901756556,     -0.6655736946,        2.51632908,      -1.429748088,       4.509094771
          0,           0,         317,      -2.869353445,     -0.7337811984,       -0.67245121,       2.519385247,      -1.429724835,       4.488708574
          0,           0,         318,      -2.864725912,     -0.6935167177,     -0.6785131748,       2.523264304,      -1.431329373,       4.403645182
          0,           0,         319,       -2.87045928,     -0.7141247356,     -0.6733565826,       2.517257995,      -1.430363465,       4.352515367
          0,           0,         320,      -2.864203782,     -0.7125600216,     -0.7030487524,       2.525266837,      -1.429438365,       4.316949558
          0,           0,         321,      -2.874622927,     -0.7011329804,     -0.7079807347,       2.512567532,      -1.428922407,       4.520454474
          0,           0,         322,      -2.858420098,     -0.7184346392,     -0.7324739339,       2.530443208,       -1.42917047,       4.627319397
          0,           0,         323,      -2.864586389,     -0.6898203441,     -0.6979174399,       2.523404958,      -1.428198381,        4.38001892
          0,           0,         324,      -2.890910976,     -0.7150061299,       -0.73447731,       2.496211545,      -1.426466422,       4.308353815
          0,           0,         325,      -2.859073983,     -0.7137708909,     -0.7066279984,       2.530004578,      -1.424706123,        4.45754116
          0,           0,         326,      -2.869792866,     -0.7529526078,      -0.744794045,       2.517451906,      -1.424040377,       4.494856902
          0,           0,         327,      -2.844502119,     -0.7251524521,     -0.6916275385,       2.544906405,      -1.425025054,       4.374629178
          0,           0,         328,      -2.889653796,     -0.7261950125,     -0.6918477096,       2.496645315,      -1.425027393,       4.395311181
          0,           0,         329,      -2.865783813,     -0.7849242344,     -0.7795610296,        2.52362431,       -1.42560682,       4.341025267
          0,           0,         330,       -2.86766829,     -0.7405709838,     -0.7359871525,       2.519779247,      -1.426507093,       4.428036511
          0,           0,         331,      -2.884156037,     -0.7506024049,       -0.71070291,       2.503126289,      -1.426481586,       4.527603404
          0,           0,         332,      -2.878543509,     -0.7363078409,     -0.7237618122,       2.508266583,      -1.426607072,       4.465891117
          0,           0,         333,      -2.900161509,     -0.7525967102,     -0.7199065886,       2.486463241,      -1.427359262,       4.492791443
          0,           0,         334,      -2.876687275,     -0.7129271165,     -0.6981092692,       2.510857425,      -1.428301582,       4.551020427
          0,           0,         335,      -2.892337953,     -0.7306172583,     -0.7315355409,       2.493348987,      -1.427390732,       4.504230329
          0,           0,         336,      -2.886871494,     -0.7231151221,      -0.731672203,       2.499537165,       -1.42639745,       4.378808214
          0,           0,         337,      -2.888960552,     -0.6865234122,     -0.6838582346,        2.49825792,       -1.42665616,       4.360457217
          0,           0,         338,      -2.891607413,     -0.6982196748,     -0.7144988135,         2.4959461,      -1.424758775,       4.376593784
          0,           0,         339,      -2.905655945,     -0.6825372148,     -0.6893839307,       2.479796119,      -1.425284721,       4.523084229
          0,           0,         340,      -2.885064126,     -0.7143472186,     -0.7045581863,       2.502763074,      -1.426069098,       4.594869935
          0,           0,         341,      -2.880493961,     -0.7022036621,     -0.6868020737,       2.506957216,      -1.424659415,       4.348504609
          0,           0,         342,        -2.8968229,     -0.6925592909,     -0.6949238979,        2.48998045,      -1.423523401,       4.363190233
          0,           0,         343,      -2.866372688,     -0.6943000314,     -0.6941903755,       2.522182888,      -1.424146839,        4.46856889
          0,           0,         344,      -2.874782784,     -0.6929648174,     -0.6886026908,        2.51365192,      -1.423181536,       4.486270438
          0,           0,         345,      -2.861661057,     -0.6503557224,     -0.6469110848,       2.527697028,       -1.42254382,       4.359154252
          0,           0,         346,      -2.881819598,     -0.6735861732,     -0.6873805614,       2.506578151,      -1.421974474,       4.352401943
          0,           0,         347,      -2.867344959,     -0.6803024076,     -0.7159050637,       2.521917271,      -1.421462359,        4.27838603
          0,           0,         348,      -2.860274396,     -0.6892997001,     -0.7003767784,       2.528626123,      -1.420366457,       4.458220427
          0,           0,         349,      -2.866720831,     -0.7041273398,     -0.7176175024,       2.523534018,      -1.420321264,       4.515840331
          0,           0,         350,      -2.871561719,      -0.737712389,     -0.7404202098,       2.516374383,      -1.421489439,       4.277440707
          0,           0,         351,      -2.876293388,     -0.7798995501,     -0.7557251779,       2.512696786,      -1.422475911,       4.374776847
          0,           0,         352,      -2.869083436,     -0.7427294095,     -0.7152207514,       2.518346608,       -1.42208944,       4.496535344
          0,           0,         353,      -2.878438402,     -0.7729763421,     -0.7209229947,       2.509852424,       -1.42109484,       4.459205588
          0,           0,         354,      -2.864113521,     -0.7661495014,     -0.7584339486,       2.525667587,      -1.420869713,       4.398450719
          0,           0,         355,      -2.890600298,      -0.749104595,     -0.7247551643,       2.496736327,      -1.420013722,       4.348619503
          0,           0,         356,      -2.883873454,     -0.7454379048,     -0.7286180414,       2.503895988,      -1.418926681,        4.33696261
          0,           0,         357,      -2.885451213,     -0.7446482766,     -0.7224456717,       2.502408832,      -1.419505376,       4.447858674
          0,           0,         358,      -2.872871839,     -0.7376137678,      -0.739333773,       2.516368614,      -1.419389767,       4.506791792
          0,           0,         359,      -2.888928405,     -0.6634862861,     -0.6609053027,       2.498576591,      -1.417854663,       4.439671265
          0,           0,         360,       -2.88722959,     -0.6894522889,     -0.6985809592,       2.500966665,      -1.417035265,       4.550034077
          0,           0,         361,      -2.884950559,     -0.7023513006,     -0.6958558241,       2.503329571,       -1.41683209,       4.565985594
          0,           0,         362,        -2.8844852,     -0.7229602044,     -0.7274039469,       2.504200176,      -1.416982687,       4.444160674
          0,           0,         363,      -2.896800606,     -0.7107618151,     -0.7251476476,       2.490494082,      -1.416869651,       4.321910414
          0,           0,         364,      -2.906649931,     -0.7216383355,     -0.7252189163,       2.480187992,       -1.41657192,       4.267486872
          0,           0,         365,      -2.891315412,     -0.7407336291,     -0.7604988473,       2.497108897,      -1.416882175,       4.367710588
          0,           0,         366,      -2.906396858,     -0.7043059105,     -0.7112892199,       2.479121294,      -1.417382832,         4.5264392
          0,           0,         367,      -2.885913011,     -0.7408059212,     -0.7552251215,       2.503167373,       -1.41777771,       4.541700268
          0,           0,         368,      -2.906596385,     -0.7104892634,     -0.6915112192,       2.479040366,      -1.418419904,       4.282227241
          0,           0,         369,      -2.905849337,     -0.7268839447,     -0.7405107848,       2.480604799,      -1.418496088,        4.41395094
          0,           0,         370,       -2.87683766,     -0.7100393517,     -0.7143698638,       2.511110827,      -1.417810113,       4.512531838
          0,           0,         371,      -2.881670866,     -0.7218974925,     -0.7098525008,       2.506808064,      -1.416764982,       4.427863668
          0,           0,         372,      -2.879587047,     -0.7464874444,     -0.7216425238,       2.507729037,      -1.416259591,       4.379845607
          0,           0,         373,      -2.872805417,     -0.7610295003,     -0.7396913281,       2.515623388,      -1.415446668,       4.290514291
          0,           0,         374,      -2.873894007,     -0.7441475061,     -0.7345821733,       2.514153803,       -1.41450521,       4.403209158
          0,           0,         375,      -2.883118414,     -0.7786843926,     -0.7429656003,       2.503622799,      -1.413953821,       4.537941469
          0,           0,         376,      -2.851859369,     -0.7704759625,      -0.748299642,        2.53839309,      -1.413581946,       4.543155738
          0,           0,         377,      -2.873249273,     -0.7318947837,     -0.7127746745,       2.514472946,      -1.412665148,       4.346738508
          0,           0,         378,        -2.8690933,     -0.7493889718,     -0.7154361236,       2.519888349,      -1.411851135,       4.477451491
          0,           0,         379,      -2.860218802,     -0.7531662059,     -0.7403842173,       2.528845764,      -1.410982988,       4.528561848
          0,           0,         380,      -2.886628513,     -0.7355382526,     -0.7133804923,       2.501291108,      -1.409591288,       4.368539027
          0,           0,         381,      -2.882442569,     -0.7087937803,     -0.6957039578,       2.505645479,      -1.409997568,       4.306677918
          0,           0,         382,      -2.899487244,     -0.7288526464,     -0.7174539046,       2.487360927,      -1.409823155,       4.332469783
          0,           0,         383,      -2.879854082,     -0.7378871572,     -0.7532718932,       2.508403041,      -1.409434438,       4.429826997
          0,           0,         384,      -2.891894256,     -0.6706513174,      -0.688957737,       2.494250773,      -1.410520771,       4.538349964
          0,           0,         385,      -2.889488627,     -0.7181174048,     -0.7174232943,       2.498575623,      -1.410581075,       4.395973716
          0,           0,         386,      -2.893955885,     -0.7063641327,     -0.7215008161,       2.493695267,      -1.409858572,       4.300079445
          0,           0,         387,      -2.880896696,     -0.7103354255,      -0.701529596,       2.508239265,      -1.410228053,       4.496511921
          0,           0,         388,      -2.886568702,     -0.7115544212,     -0.6936354683,         2.5011222,      -1.411120744,       4.550128158
          0,           0,         389,      -2.892465339,     -0.7672099364,     -0.7258522346,       2.496086308,      -1.410915607,        4.45671782
          0,           0,         390,      -2.904258513,     -0.7644649441,     -0.7550386418,       2.482747494,       -1.41082786,       4.352619702
          0,           0,         391,      -2.896382491,      -0.799096312,     -0.7673432067,       2.491740394,      -1.410751721,       4.338382834
          0,           0,         392,      -2.873821733,     -0.7699508257,     -0.7501721937,        2.51480748,      -1.411023342,       4.365328283
          0,           0,         393,      -2.878181108,     -0.7916765453,     -0.7409913685,       2.510588836,      -1.410471831,       4.475822486
          0,           0,         394,      -2.892918928,     -0.7593252148,     -0.7496126427,       2.493954443,      -1.409563094,       4.389716813
          0,           0,         395,      -2.878128908,      -0.780897439,     -0.7292216028,       2.510196132,      -1.408890892,       4.320936648
          0,           0,         396,      -2.868947053,     -0.7420065876,      -0.698193127,       2.519791972,      -1.407874808,       4.500185511
          0,           0,         397,         -2.864956,     -0.7734289184,     -0.7455092113,       2.524190264,      -1.406851616,       4.530947776
          0,           0,         398,      -2.872212984,     -0.7647460792,     -0.7072191371,       2.515780266,      -1.406109242,       4.270702487
          0,           0,         399,      -2.875839418,     -0.7656620223,     -0.7446725257,       2.512005112,      -1.405077879,        4.28212951
          0,           0,         400,      -2.873693513,     -0.7999047774,     -0.7578419631,       2.515454466,      -1.404131439,        4.29917421
          0,           0,         401,      -2.877447502,      -0.790729005,      -0.766096848,       2.510718441,      -1.403693412,        4.44921622
          0,           0,         402,      -2.875243331,     -0.7726063953,     -0.7532671425,       2.511462242,      -1.404010278,       4.565835702
          0,           0,         403,      -2.883115186,     -0.7673675096,     -0.7255659119,       2.505689907,      -1.403238767,       4.510091489
          0,           0,         404,      -2.878800748,     -0.7353416356,     -0.7368453419,       2.509990174,      -1.403263467,        4.28605941
          0,           0,         405,      -2.897628649,     -0.7425897063,      -0.688298577,       2.489957742,      -1.404070701,       4.499565816
          0,           0,         406,      -2.869222594,     -0.7226390702,     -0.7206353857,       2.519642602,      -1.404191845,       4.541583219
          0,           0,         407,      -2.891383016,     -0.7487930226,     -0.6891774289,       2.496772693,       -1.40310595,        4.44056532
          0,           0,         408,      -2.883980018,     -0.7277217005,     -0.7248491496,       2.504681852,       -1.40388468,       4.329952139
          0,           0,         409,       -2.89501594,     -0.7531355061,     -0.7339455011,       2.493508257,      -1.405256718,       4.340549183
          0,           0,         410,      -2.870774498,     -0.7258288597,     -0.7147150394,        2.51855937,      -1.404636838,       4.439507603
          0,           0,         411,      -2.884989079,     -0.7231562885,     -0.6868424135,       2.503896238,      -1.404214307,       4.532656079
          0,           0,         412,      -2.902559083,     -0.7743110928,     -0.7586349821,       2.485032222,      -1.404098199,       4.523948524
          0,           0,         413,      -2.892759258,     -0.7252412257,     -0.7280111011,       2.494818043,      -1.404019285,       4.271340392
          0,           0,         414,      -2.890104892,     -0.7652754383,     -0.7238098265,       2.499188826,      -1.403912637,       4.449770626
          0,           0,         415,      -2.874547533,     -0.7263519211,     -0.7112473902,       2.513726915,      -1.403399464,       4.525703708
          0,           0,         416,      -2.887783319,     -0.7753238083,     -0.7368799159,       2.501461538,      -1.401917497,       4.453886978
          0,           0,         417,      -2.894134178,     -0.7240872609,     -0.6974858314,       2.494043707,       -1.40179635,       4.401334687
          0,           0,         418,       -2.89911669,     -0.7329692265,     -0.7328579538,        2.48924793,      -1.401370875,       4.338731057
          0,           0,         419,      -2.881417535,     -0.7415169437,     -0.7287534165,       2.507333941,      -1.400503725,       4.402159928
          0,           0,         420,      -2.886230602,     -0.7285887205,     -0.7158055057,       2.501349968,      -1.399509163,       4.567258138
          0,           0,         421,      -2.861079255,     -0.7417507381,     -0.7597174279,       2.529595008,       -1.39886878,        4.54598237
          0,           0,         422,      -2.888213658,     -0.7646472904,     -0.7578595055,       2.499598879,      -1.398997916,       4.288750315
          0,           0,         423,      -2.878624197,     -0.7667268008,     -0.7531752893,       2.510786424,      -1.399356619,       4.449294947
          0,           0,         424,      -2.867971365,     -0.7533680181,      -0.728483176,       2.521536153,       -1.39908801,       4.498201257
          0,           0,         425,      -2.882314183,     -0.7847373023,     -0.7461144879,        2.50724477,      -1.399331264,       4.345070138
          0,           0,         426,      -2.875813321,     -0.7533662715,     -0.7342778044,       2.513943154,      -1.400067435,       4.369901767
          0,           0,         427,      -2.904755817,     -0.7584513075,     -0.7431294466,       2.483579883,      -1.400802745,       4.393334669
          0,           0,         428,      -2.871699083,     -0.7397434366,     -0.7592781849,       2.517802887,      -1.401201197,       4.432645958
          0,           0,         429,      -2.893369147,     -0.7254478068,       -0.73802294,       2.494354077,      -1.402137333,       4.501373617
          0,           0,         430,      -2.888369278,     -0.7413654953,     -0.7548873066,       2.500525157,      -1.401924523,       4.457043077
          0,           0,         431,      -2.903326534,     -0.7086184392,     -0.7292937032,       2.484457003,      -1.401606856,       4.327146687
          0,           0,         432,      -2.889228248,     -0.7617596421,     -0.7525292563,       2.499662555,      -1.401636304,        4.47755638
          0,           0,         433,      -2.888039407,     -0.7584966587,     -0.7536037351,       2.501049861,      -1.401012916,       4.505139154
          0,           0,         434,      -2.898196833,     -0.7607458115,     -0.7398610822,       2.490347502,      -1.400279259,       4.381342052
          0,           0,         435,      -2.910121852,     -0.7594235035,     -0.7329878714,       2.477741096,      -1.400222827,       4.337817464
          0,           0,         436,      -2.898722945,     -0.7960417541,     -0.7702805479,       2.490081775,      -1.399967161,       4.311389751
          0,           0,         437,      -2.908270447,     -0.7588844436,     -0.7291405346,       2.478769144,      -1.399162009,       4.367206339
          0,           0,         438,      -2.900262822,     -0.7938351192,     -0.7369965569,       2.487304847,      -1.398643575,       4.471681024
          0,           0,         439,      -2.886422576,     -0.7686214334,     -0.7504709619,       2.502377148,      -1.398365937,       4.277756404
          0,           0,         440,      -2.900148755,     -0.7771822726,     -0.7439375524,       2.488119504,      -1.397987855,        4.28835975
          0,           0,         441,      -2.871282441,     -0.7390297347,     -0.6997769022,       2.517822649,      -1.397566968,       4.464645278
          0,           0,         442,      -2.884989144,     -0.7621070782,     -0.7563223649,       2.505106403,      -1.397454158,       4.446476178
          0,           0,         443,      -2.876508939,     -0.7365431677,     -0.7071222395,       2.512638859,      -1.397486429,       4.317752767
          0,           0,         444,      -2.887080309,     -0.7363499636,     -0.7367103003,       2.502872339,      -1.397256432,       4.232311729
          0,           0,         445,      -2.872628247,     -0.7472580551,     -0.7220155987,       2.518071397,      -1.397801464,       4.392457845
          0,           0,         446,         -2.897055,     -0.7466838783,     -0.7262222569,       2.490890986,      -1.398396963,       4.548411257
          0,           0,         447,      -2.880093068,     -0.7828344491,     -0.7738006701,       2.509835434,      -1.398697081,       4.589457751
          0,           0,         448,      -2.897372343,     -0.7416907044,     -0.7287512101,       2.490020235,      -1.399153255,        4.37577959
          0,           0,         449,      -2.897525447,     -0.7726752518,     -0.7538009929,       2.490852307,      -1.399675151,       4.406976786
          0,           0,         450,      -2.886689118,     -0.7625672131,     -0.7329220528,       2.501778042,      -1.400066563,       4.512358099
          0,           0,         451,      -2.886568046,      -0.765084724,     -0.7257289462,       2.502707811,       -1.39961222,       4.523987395
          0,           0,         452,       -2.88008129,     -0.7247920694,     -0.6778420423,       2.508907987,      -1.399969803,        4.37148723
          0,           0,         453,      -2.894657451,     -0.7233646702,     -0.7008447816,       2.493688614,      -1.399926751,       4.409812492
          0,           0,         454,       -2.88576935,     -0.7504693704,     -0.7343196674,       2.504191473,      -1.398818421,        4.35926651
          0,           0,         455,      -2.898339883,     -0.7089410093,     -0.6874220581,       2.490018484,      -1.398741737,        4.43944958
          0,           0,         456,      -2.893319023,     -0.7550254125,     -0.7307000118,       2.496135578,      -1.398198761,       4.521598702
          0,           0,         457,      -2.903662018,     -0.7197844739,     -0.6822928571,       2.484740097,      -1.397740643,       4.341332322
          0,           0,         458,      -2.921445947,     -0.7410953446,     -0.7131594582,       2.467064575,      -1.397648415,       4.326424421
          0,           0,         459,      -2.899031972,     -0.7336257839,     -0.7014522698,       2.490189206,      -1.397589187,       4.471086393
          0,           0,         460,      -2.909078775,     -0.7525226953,     -0.6949914853,       2.478988803,      -1.396666861,        4.48487166
          0,           0,         461,      -2.896957565,     -0.7415429555,       -0.68517562,       2.491987747,      -1.396550998,       4.295858948
          0,           0,         462,      -2.900949952,     -0.7561699064,     -0.7144413815,       2.488392206,      -1.396563505,       4.295425172
          0,           0,         463,      -2.871629434,     -0.7413110063,     -0.7107188394,       2.520316019,      -1.396432888,       4.337473024
          0,           0,         464,      -2.896934145,      -0.728206739,     -0.6688521826,       2.491251794,      -1.395568042,        4.46306694
          0,           0,         465,      -2.878464368,     -0.7576151016,      -0.720185987,       2.511630339,      -1.395458018,       4.509466674
          0,           0,         466,      -2.879236079,     -0.7091072083,     -0.7072691769,       2.510963726,      -1.396416005,       4.181331327
          0,           0,         467,      -2.879439153,     -0.7010110304,     -0.7041096003,       2.510842934,      -1.396468691,        4.37721695
          0,           0,         468,      -2.869369787,     -0.6951685423,      -0.679920386,       2.520752918,       -1.39619118,       4.505812105
          0,           0,         469,      -2.871729759,      -0.728166895,     -0.6941577312,        2.51978027,      -1.396554104,       4.436932255
          0,           0,         470,      -2.876983885,      -0.745482221,     -0.7222628237,       2.514426269,      -1.397059816,       4.373427067
          0,           0,         471,      -2.878527135,     -0.7828584766,     -0.7317930142,       2.512073132,      -1.397212276,       4.358248468
          0,           0,         472,       -2.87775721,     -0.7489246898,     -0.7096129513,       2.513016409,      -1.396929221,       4.381034236
          0,           0,         473,      -2.877320627,     -0.7590587567,     -0.7220528304,       2.513064771,      -1.397148489,       4.488605248
          0,           0,         474,       -2.88036187,     -0.7859975064,     -0.7695205618,       2.511083636,      -1.396989951,       4.467500653
          0,           0,         475,      -2.886595758,     -0.7476627227,     -0.7180016111,       2.503253651,      -1.396573066,       4.338829826
          0,           0,         476,      -2.885047859,     -0.7727734654,     -0.7351573993,       2.505574071,       -1.39660561,       4.497057416
          0,           0,         477,      -2.864857699,      -0.752476281,     -0.7390770084,       2.526973432,       -1.39658977,       4.531955685
          0,           0,         478,       -2.88135164,     -0.7627339421,     -0.7285537052,       2.509999692,      -1.395876705,        4.36117386
          0,           0,         479,       -2.87176326,     -0.7152697499,      -0.682095375,       2.519968805,      -1.395290422,       4.323645619
          0,           0,         480,      -2.891905089,       -0.74663493,     -0.7232125752,       2.498615333,      -1.394528553,       4.319198282
          0,           0,         481,      -2.867629694,     -0.7549285882,     -0.7661662401,       2.524535636,      -1.393817475,       4.382701102
          0,           0,         482,      -2.883637027,     -0.7307798379,     -0.7269986819,       2.506295474,      -1.393812983,       4.526099749
          0,           0,         483,      -2.890551474,     -0.7485706494,     -0.7480078571,       2.501062598,      -1.393599621,       4.528853102
          0,           0,         484,      -2.893830164,     -0.7181726771,     -0.7276609897,       2.495438988,      -1.393725051,       4.203048543
          0,           0,         485,      -2.896089977,     -0.7391021334,     -0.7508490252,       2.494720665,      -1.394146607,       4.416668724
          0,           0,         486,       -2.89094471,     -0.7143086542,     -0.7062499439,       2.498167021,      -1.394507957,       4.518496423
          0,           0,         487,      -2.894306821,     -0.7350542259,     -0.7086448683,       2.496150564,      -1.394886488,       4.472232399
          0,           0,         488,      -2.891678315,     -0.7299113184,     -0.6989498206,       2.497937628,      -1.395422653,       4.355099137
          0,           0,         489,      -2.899653083,     -0.7430031102,     -0.7259390949,       2.490815893,      -1.395977987,       4.283759029
          0,           0,         490,      -2.879678619,     -0.7236135363,     -0.7216010396,       2.511444274,      -1.396414312,       4.382142867
          0,           0,         491,      -2.878223783,     -0.6856592378,     -0.6997729128,       2.511698893,      -1.396343618,       4.577667845
          0,           0,         492,      -2.868863757,     -0.6885034756,      -0.714902561,       2.522983048,      -1.395739289,       4.636493826
          0,           0,         493,      -2.870680492,     -0.6897384726,     -0.7096382693,       2.520267497,      -1.394750647,       4.322859837
          0,           0,         494,      -2.880408785,     -0.6794547807,     -0.6979303661,       2.511686511,       -1.39409712,       4.440589812
          0,           0,         495,      -2.875923394,     -0.7062820103,     -0.7146692268,       2.514420832,      -1.393609921,       4.501095287
          0,           0,         496,      -2.876792784,     -0.7525452814,      -0.769582167,       2.514803836,      -1.393072408,       4.457115163
          0,           0,         497,       -2.86171121,     -0.7211818081,      -0.719774603,       2.529805166,      -1.392467806,       4.374555762
          0,           0,         498,      -2.899630056,     -0.7302975684,     -0.7143384302,       2.490637533,      -1.391540806,       4.403866861
          0,           0,         499,      -2.887867431,      -0.749101372,     -0.7365759868,       2.502890282,      -1.390944624,       4.298197618
          0,           0,         500,      -2.902232985,     -0.7462388883,      -0.729457192,       2.487016506,      -1.391034323,       4.456866508
          0,           0,         501,      -2.875839121,      -0.778357159,     -0.7469546858,       2.516450201,      -1.390176351,       4.574343267
          0,           0,         502,       -2.89933631,     -0.7170666309,     -0.6786924044,       2.490073497,      -1.389940282,        4.54821422
          0,           0,         503,      -2.904566767,     -0.7401118024,     -0.7252552756,       2.486601404,      -1.390371139,       4.405230814
          0,           0,         504,      -2.886108307,     -0.7248347777,     -0.7330197157,       2.505614446,      -1.391269482,       4.518024438
          0,           0,         505,      -2.890672615,     -0.7226135806,      -0.709755443,       2.501319894,      -1.391142387,       4.521984658
          0,           0,         506,      -2.893852827,     -0.7090016645,     -0.6817734056,        2.49633214,      -1.391371544,       4.398499516
          0,           0,         507,      -2.917862762,     -0.7195949999,     -0.7164585321,        2.47246422,      -1.391980235,       4.384684949
          0,           0,         508,      -2.890615307,       -0.71373848,     -0.7302491631,       2.501384082,      -1.392302797,       4.364463565
          0,           0,         509,      -2.929666833,      -0.715152418,     -0.6960114001,        2.45956751,      -1.392292036,       4.477737319
          0,           0,         510,      -2.902914399,     -0.7406044895,     -0.7546788202,       2.486855447,      -1.392193536,       4.532987455
          0,           0,         511,      -2.923170769,     -0.7531780199,     -0.7312484403,       2.465744583,       -1.39220367,       4.216581003
          0,           0,         512,      -2.907913772,     -0.7889169931,     -0.7682406007,       2.482414585,      -1.392063663,       4.419922157
          0,           0,         513,       -2.89694467,     -0.7352296742,     -0.7222243911,       2.492645767,      -1.391547679,        4.52071264
          0,           0,         514,      -2.885249283,     -0.7621264325,     -0.7499005348,       2.507181384,      -1.391091659,       4.470688506
          0,           0,         515,      -2.909266189,     -0.7506410865,     -0.7181413148,       2.479489946,      -1.390481274,        4.34663473
          0,           0,         516,       -2.89431321,     -0.7579124526,      -0.753166221,       2.497534997,      -1.389779009,       4.220255195
          0,           0,         517,      -2.901009655,     -0.7804130584,     -0.7527869022,        2.48956533,      -1.388920516,        4.42393793
          0,           0,         518,      -2.886082682,     -0.7583637378,     -0.7122637428,       2.506138836,      -1.387824106,       4.514498781
          0,           0,         519,       -2.87920415,     -0.7700103236,     -0.7447523699,       2.511180133,      -1.386933217,       4.497528054
          0,           0,         520,      -2.880994113,     -0.7797973799,     -0.7679855232,       2.510427683,       -1.38627083,       4.236253717
          0,           0,         521,      -2.867074621,     -0.7529287081,     -0.7415822424,       2.524698038,      -1.385620196,       4.429284948
          0,           0,         522,      -2.874639894,     -0.7833307326,     -0.7690627655,       2.517474718,      -1.385224557,       4.451909099
          0,           0,         523,      -2.868632557,      -0.749325767,     -0.7636045358,        2.52428216,      -1.384985271,       4.334122928
          0,           0,         524,      -2.909405604,     -0.7425338616,     -0.7352331669,       2.481390092,      -1.385015456,       4.252981357
          0,           0,         525,      -2.888624152,     -0.7547644872,     -0.7646814772,       2.503091815,      -1.385422504,       4.343308428
          0,           0,         526,      -2.884760235,     -0.6882740828,     -0.7041685121,       2.506101001,      -1.386464692,       4.469406242
          0,           0,         527,      -2.877363789,     -0.7251644653,     -0.7546743747,       2.515418361,      -1.386806299,       4.509155992
          0,           0,         528,      -2.890425871,     -0.6683121905,     -0.6903572633,       2.499887012,      -1.386891265,       4.407771629
          0,           0,         529,      -2.888137328,     -0.7016811751,     -0.7369345526,        2.50370719,      -1.386882349,       4.496046744
          0,           0,         530,      -2.866627073,     -0.7267730068,     -0.7456460177,       2.525396514,       -1.38728188,       4.507770751
          0,           0,         531,      -2.874219542,     -0.7423716286,      -0.764559417,       2.518575656,      -1.386910894,       4.434131557
          0,           0,         532,      -2.882686549,     -0.6923589811,     -0.7202135411,       2.508738643,       -1.38606099,       4.319020536
          0,           0,         533,      -2.907526254,     -0.7602291973,     -0.7754456146,       2.483670786,      -1.385211361,       4.284036248
          0,           0,         534,      -2.882959814,     -0.7741200827,     -0.7812973198,       2.510169786,       -1.38452927,       4.445208591
          0,           0,         535,      -2.895243946,     -0.7367001895,     -0.7356221723,       2.494827517,      -1.384242063,       4.558864582
          0,           0,         536,      -2.899045872,      -0.774378106,     -0.7688551183,       2.493439962,      -1.383155821,       4.590558439
          0,           0,         537,      -2.902350312,     -0.7246420141,      -0.729272824,       2.487951427,      -1.382194839,       4.374584038
          0,           0,         538,        -2.9076462,     -0.7609703145,     -0.7337793045,       2.484252389,      -1.381089807,        4.44020267
          0,           0,         539,       -2.88005892,     -0.7219529599,     -0.6822901023,       2.511948645,      -1.380231213,       4.522540725
          0,           0,         540,      -2.909118175,     -0.7728798104,     -0.7339049512,       2.482166696,      -1.380428772,       4.484489185
          0,           0,         541,      -2.886028118,     -0.7246267614,     -0.7185777934,       2.506249587,      -1.380206891,       4.348494595
          0,           0,         542,      -2.910689772,     -0.7084833346,     -0.6558600495,       2.480370629,      -1.379271006,       4.355759189
          0,           0,         543,      -2.878963206,     -0.7493807828,     -0.7005404317,       2.514276624,      -1.378841257,       4.328758093
          0,           0,         544,      -2.897027469,     -0.7739536233,     -0.7432432355,       2.493753534,      -1.379444394,       4.450097823
          0,           0,         545,      -2.882432798,     -0.7835435102,      -0.738812467,       2.510639641,      -1.380109648,        4.50940255
          0,           0,         546,      -2.880604179,     -0.7526663911,     -0.7282193356,       2.510774798,       -1.38046632,       4.283871706
          0,           0,         547,      -2.882548286,     -0.7821984105,     -0.7434233164,       2.509993925,      -1.380536003,       4.349907192
          0,           0,         548,       -2.87530189,     -0.7419542315,     -0.7294706572,       2.515980468,       -1.38078805,       4.493729389
          0,           0,         549,       -2.87283785,     -0.7780473414,     -0.7609563923,       2.520399136,      -1.381023043,       4.411622026
          0,           0,         550,      -2.863763715,     -0.7192943655,     -0.7160703083,       2.530326522,      -1.380783556,        4.27992773
          0,           0,         551,      -2.894169799,      -0.717577748,     -0.7148453128,       2.498068704,      -1.380015032,       4.233574245
          0,           0,         552,      -2.874409761,      -0.719686632,     -0.7592638851,       2.518829694,      -1.379439038,       4.351969831
          0,           0,         553,      -2.894358361,     -0.6881482852,     -0.6980270128,       2.496359948,      -1.379268304,       4.523201554
          0,           0,         554,      -2.876206102,     -0.7286975623,     -0.7503760312,       2.517498286,      -1.378647892,        4.50306677
          0,           0,         555,      -2.901568249,     -0.6966973627,     -0.6993619498,       2.489132995,      -1.377243167,       4.345217507
          0,           0,         556,      -2.898722883,     -0.7398152718,      -0.735013011,        2.49407211,      -1.376264285,       4.503306926
          0,           0,         557,       -2.89684112,     -0.7253793878,     -0.7296859857,       2.493755957,       -1.37600062,       4.549081505
          0,           0,         558,      -2.906937585,     -0.7873741149,     -0.7621244121,       2.484670169,      -1.375621215,       4.480988697
          0,           0,         559,      -2.890402503,     -0.7316601336,     -0.7169367548,        2.50181441,      -1.375140184,       4.330588603
          0,           0,         560,       -2.93993796,     -0.7587284646,     -0.7386531504,       2.449663334,      -1.374666662,       4.298400069
          0,           0,         561,      -2.884120586,     -0.7493845886,      -0.763996223,       2.508185229,       -1.37437621,       4.362627765
          0,           0,         562,      -2.910404579,     -0.7110338154,     -0.7366476015,       2.480010154,      -1.374618451,       4.453222108
          0,           0,         563,      -2.900231673,     -0.7629101417,     -0.7525415512,       2.490317081,      -1.374497961,       4.433272085
          0,           0,         564,      -2.905846388,     -0.7458725264,     -0.7374717829,       2.485048769,      -1.374482964,       4.147689868
          0,           0,         565,      -2.873331023,     -0.7545376751,     -0.7595313377,       2.519412792,      -1.374403827,       4.416572334
          0,           0,         566,       -2.87960601,     -0.7458420418,     -0.7452476161,        2.51247717,        -1.3746581,       4.508464764
          0,           0,         567,      -2.875556155,     -0.7669622465,     -0.7486032183,       2.518054552,      -1.374935001,       4.394560255
          0,           0,         568,       -2.89407652,      -0.737417219,     -0.7191690577,       2.497652346,      -1.374607803,       4.379143917
          0,           0,         569,      -2.885692185,     -0.7603422368,       -0.73209449,        2.50766609,      -1.374604494,       4.307471938
          0,           0,         570,      -2.908567072,     -0.7620677487,      -0.769411382,       2.482186817,       -1.37441348,       4.422872331
          0,           0,         571,      -2.896779385,     -0.7263924391,     -0.7074144098,       2.493894956,      -1.373980097,       4.577200073
          0,           0,         572,      -2.881314749,       -0.73577389,     -0.7297720014,       2.510061243,      -1.373185217,       4.492541749
          0,           0,         573,      -2.890897366,     -0.7212557649,     -0.7549015596,        2.50072464,      -1.373009921,       4.348442064
          0,           0,         574,      -2.867822879,     -0.7145075697,     -0.7272375499,       2.524318867,      -1.372640219,       4.515453561
          0,           0,         575,      -2.879768013,     -0.7302845381,     -0.7329014022,       2.512677462,       -1.37181951,       4.518145183
          0,           0,         576,      -2.872814311,     -0.7048160237,     -0.7356215796,       2.519705574,      -1.371068718,       4.376830578
          0,           0,         577,      -2.889748131,     -0.6992638429,     -0.7207490947,       2.502849687,      -1.370119671,       4.327947962
          0,           0,         578,      -2.884449111,     -0.6977392728,     -0.7268413069,       2.509250074,      -1.369431231,       4.303484319
          0,           0,         579,      -2.906003147,     -0.7034351128,      -0.736679458,       2.485508618,      -1.369724275,       4.438591147
          0,           0,         580,      -2.894349347,     -0.7236809294,     -0.7495664173,        2.49856289,      -1.368872462,       4.523059933
          0,           0,         581,      -2.902842198,     -0.7011254799,     -0.6982682922,       2.488148351,      -1.368124772,       4.342561611
          0,           0,         582,      -2.902990541,     -0.7564261838,     -0.7220571015,       2.489084054,      -1.368053744,       4.420276623
          0,           0,         583,      -2.877545198,      -0.726592908,      -0.725664943,       2.515164396,      -1.368384721,       4.497614801
          0,           0,         584,      -2.888249972,     -0.7560495802,     -0.7171983168,       2.504897416,      -1.368410513,       4.480272956
          0,           0,         585,      -2.877224329,     -0.6955681223,      -0.687773539,       2.515974382,      -1.368002366,       4.365472369
          0,           0,         586,      -2.903383538,     -0.7047654928,     -0.6810103125,       2.488659319,      -1.368100384,       4.380199111
          0,           0,         587,      -2.889511261,     -0.7249715637,     -0.7369009355,       2.504163144,      -1.368403285,       4.405570795
          0,           0,         588,      -2.896450251,     -0.6882509679,     -0.6586215776,       2.495985868,      -1.368964824,        4.51162658
          0,           0,         589,      -2.889211231,     -0.7388033852,     -0.6912228094,       2.504210702,       -1.36844506,       4.554359719
          0,           0,         590,      -2.913056149,     -0.6938419942,     -0.6776108705,       2.477967955,      -1.367368529,       4.322614865
          0,           0,         591,      -2.906194024,     -0.7260744139,     -0.6879955196,       2.486498697,       -1.36716737,       4.431142737
          0,           0,         592,      -2.874769225,     -0.7322617547,     -0.6947148205,       2.518489474,      -1.367452859,       4.515038681
          0,           0,         593,      -2.899527729,     -0.7599756398,     -0.7105570056,       2.493642795,      -1.366793414,       4.492720937
          0,           0,         594,       -2.89106956,     -0.7300570227,      -0.666018261,       2.500597759,      -1.365839053,        4.30206594
          0,           0,         595,      -2.909447443,     -0.7580148288,     -0.7291459201,       2.483081259,      -1.365069803,       4.349982683
          0,           0,         596,      -2.883510828,     -0.7795113258,     -0.7444732626,       2.509972724,      -1.364869235,       4.365521394
          0,           0,         597,      -2.895217652,     -0.7396696045,      -0.682734456,       2.495396928,      -1.364774096,       4.517570588
          0,           0,         598,      -2.888962957,     -0.7497962068,     -0.7249227953,       2.503618727,      -1.364284851,       4.599517501
          0,           0,         599,      -2.893519987,     -0.7367059958,     -0.7292933183,       2.498061536,      -1.363556388,       4.380810077
          0,           0,         600,      -2.888077146,      -0.736886504,     -0.7127585761,       2.505188466,      -1.362870097,        4.34664995
          0,           0,         601,      -2.877886088,     -0.7071341264,     -0.7125213882,       2.513780032,      -1.362817595,        4.50021559
          0,           0,         602,      -2.892599193,     -0.7661694593,     -0.7464877961,       2.500109843,      -1.363105843,        4.46519227
          0,           0,         603,      -2.884103075,     -0.7270007732,     -0.7137408931,       2.508187232,       -1.36318307,       4.329370136
          0,           0,         604,      -2.907091265,     -0.7378846231,     -0.7098628984,       2.485055716,      -1.362883764,       4.329404058
          0,           0,         605,       -2.88353591,     -0.7418383705,     -0.7146225942,        2.51065896,      -1.362678994,       4.349485107
          0,           0,         606,        -2.8997707,     -0.7152228715,      -0.726152936,       2.492304317,      -1.363695647,       4.484697891
          0,           0,         607,      -2.896775423,     -0.7109234558,     -0.7075063142,       2.496445196,      -1.363822673,       4.569693344
          0,           0,         608,      -2.903204079,     -0.6802691508,     -0.6805518019,        2.48918835,      -1.363112237,       4.460353445
          0,           0,         609,      -2.921124093,     -0.7260775742,      -0.726994579,       2.471133272,      -1.363607102,       4.293510607
          0,           0,         610,      -2.891283155,      -0.717352983,     -0.7256655421,       2.501910041,      -1.363866178,       4.505942787
          0,           0,         611,      -2.916516279,     -0.7072149146,     -0.7025572616,       2.475016853,      -1.363243622,       4.548150684
          0,           0,         612,      -2.901568106,     -0.6977244125,      -0.683571533,       2.491004048,      -1.362296779,       4.413987773
          0,           0,         613,        -2.9213807,     -0.6794635615,     -0.6990985131,       2.470764088,      -1.361673407,       4.317136174
          0,           0,         614,        -2.9078535,     -0.7468045531,     -0.7500326812,       2.485422931,      -1.361862629,       4.291496138
          0,           0,         615,      -2.908985521,      -0.738148428,     -0.7334443404,       2.482076339,      -1.361416408,        4.38277391
          0,           0,         616,      -2.892302913,     -0.7853632161,     -0.7826655993,       2.500777626,      -1.360539092,       4.433099829
          0,           0,         617,      -2.904705315,     -0.7635644763,     -0.7640470657,       2.486724953,      -1.359967458,       4.140138494
          0,           0,         618,      -2.891288496,     -0.8262215688,     -0.8205981908,       2.501694106,       -1.35971401,       4.355795146
          0,           0,         619,      -2.891523476,      -0.787995683,     -0.7797327721,       2.501044285,       -1.35954364,       4.472340144
          0,           0,         620,      -2.902964048,     -0.8164867701,     -0.7857914916,       2.488948351,      -1.358901891,       4.356635385
          0,           0,         621,      -2.905037692,     -0.7865441715,     -0.7966910111,       2.487106835,      -1.358623044,       4.216150994
          0,           0,         622,      -2.914249559,     -0.7677664029,     -0.7877653493,        2.47726795,       -1.35848178,        4.25023819
          0,           0,         623,      -2.881537076,     -0.7371753704,     -0.7722997883,       2.511506266,      -1.358638831,        4.46185886
          0,           0,         624,      -2.883134444,     -0.7337191861,     -0.7440712866,       2.509837018,      -1.359067247,        4.57415172
          0,           0,         625,      -2.871126359,     -0.7432950419,     -0.7482617164,       2.522658272,      -1.359441769,       4.555682237
          0,           0,         626,       -2.89446022,     -0.7302848237,     -0.7269802197,       2.497761739,      -1.360149531,       4.394751735
          0,           0,         627,      -2.878726097,     -0.7743780474,     -0.8047050684,       2.515413109,      -1.360501762,       4.535009484
          0,           0,         628,      -2.874126331,     -0.7573464831,     -0.7664304899,       2.520071309,      -1.360750111,       4.564859645
          0,           0,         629,      -2.900955216,     -0.7784819398,     -0.7486243786,       2.491329869,       -1.36074837,       4.457821001
          0,           0,         630,       -2.88923647,     -0.7424499566,     -0.7522064028,       2.503841683,      -1.360552849,       4.427741526
          0,           0,         631,      -2.910155816,     -0.7490422622,     -0.7493235311,       2.482828347,      -1.360252943,       4.398114979
          0,           0,         632,      -2.880821747,     -0.7343939268,     -0.7738545428,       2.512911758,      -1.359564982,       4.410324634
          0,           0,         633,      -2.903995529,     -0.7165468565,     -0.7030035504,        2.48851032,      -1.359044029,       4.484236717
          0,           0,         634,      -2.890918439,     -0.7583073815,     -0.7739533101,       2.502998478,      -1.358166276,       4.476837256
          0,           0,         635,      -2.908806972,     -0.7362105191,     -0.7171229965,       2.483864471,      -1.357430881,       4.309029269
          0,           0,         636,      -2.881396691,     -0.7246947537,     -0.7144205461,       2.512465634,      -1.356708707,       4.502181627
          0,           0,         637,      -2.899253769,     -0.7355126394,     -0.7317143798,       2.492839347,      -1.356801904,       4.553934924
          0,           0,         638,      -2.887710868,     -0.7490381343,     -0.7482425868,       2.506602947,       -1.35614365,       4.412352222
          0,           0,         639,      -2.906454196,     -0.7206464868,     -0.7039819032,       2.486519559,      -1.355239533,       4.353600705
          0,           0,         640,      -2.902884966,     -0.7573886656,     -0.7698057328,        2.49061222,      -1.354653357,       4.318967302
          0,           0,         641,      -2.910103668,     -0.7617424166,     -0.7644148706,        2.48179829,       -1.35483117,       4.371281489
          0,           0,         642,      -2.892350019,     -0.7685445616,     -0.7514779736,        2.50026677,      -1.354683409,       4.475070394
          0,           0,         643,       -2.88400358,     -0.7565652154,     -0.7684855579,       2.509238006,      -1.354029885,       4.208945685
          0,           0,         644,      -2.881687542,     -0.7558657365,     -0.7224118602,       2.512522653,      -1.354008055,       4.283238636
          0,           0,         645,      -2.856727546,     -0.7513171562,     -0.7517248723,       2.537509717,      -1.354599513,       4.477287258
          0,           0,         646,      -2.878172331,     -0.7704864127,     -0.7573547352,       2.516263792,      -1.355204988,       4.448837788
          0,           0,         647,      -2.881792366,     -0.7455858578,      -0.718373276,       2.512057736,       -1.35534223,       4.347122404
          0,           0,         648,      -2.901362364,     -0.7605150719,     -0.7475115584,       2.491495285,      -1.355407569,       4.338456556
          0,           0,         649,      -2.881910305,     -0.7785445872,      -0.797907421,       2.511989904,      -1.355829117,       4.438399585
          0,           0,         650,      -2.903879451,     -0.7534157455,     -0.7347196055,       2.487713968,      -1.356609743,       4.543353851
          0,           0,         651,      -2.894476616,     -0.7719450864,     -0.7697710109,       2.498643706,      -1.356362848,       4.591893781
          0,           0,         652,      -2.901676602,     -0.7307422394,     -0.7295396747,       2.490049938,      -1.355648668,       4.256033694
          0,           0,         653,      -2.920806903,     -0.7453070537,     -0.7181191769,       2.471815615,      -1.354999293,       4.371369965
          0,           0,         654,      -2.890841416,     -0.7232892915,     -0.7066202815,       2.501429268,      -1.354961646,       4.507207753
          0,           0,         655,      -2.905108875,     -0.7648128989,     -0.7379370693,       2.487854912,      -1.354554161,       4.521692398
          0,           0,         656,      -2.893475629,     -0.7235950413,     -0.7221019211,       2.498833823,      -1.354096967,       4.368831394
          0,           0,         657,      -2.921738837,     -0.7263409783,     -0.7267157424,       2.469647616,      -1.353611715,       4.268239737
          0,           0,         658,      -2.890596753,     -0.7532980947,     -0.7604477275,       2.503470419,      -1.353438634,       4.327163074
          0,           0,         659,      -2.909358389,     -0.6988600026,     -0.7133050208,        2.48211839,      -1.353446673,       4.491219072
          0,           0,         660,      -2.890443601,     -0.7425243983,     -0.7355855649,       2.503232827,      -1.353441699,       4.571067659
          0,           0,         661,      -2.912985839,     -0.7202692556,     -0.7099464627,       2.478085665,      -1.352911314,       4.279535317
          0,           0,         662,       -2.91512101,     -0.7727407377,     -0.7547277967,       2.477310023,      -1.352805037,       4.347478405
          0,           0,         663,      -2.892813628,     -0.7469274191,     -0.7434098009,        2.49872769,      -1.353015556,        4.47459494
          0,           0,         664,      -2.894263031,     -0.8041219812,     -0.7740048582,       2.499129267,      -1.353115031,       4.451244351
          0,           0,         665,      -2.897489789,     -0.7493207366,     -0.7066816923,       2.494642172,      -1.353343887,       4.368490816
          0,           0,         666,      -2.915011674,     -0.7388735864,     -0.6908643395,       2.476698289,      -1.353309633,       4.344362664
          0,           0,         667,      -2.880015727,     -0.7424765612,     -0.7313433919,        2.51415305,      -1.354039112,       4.372728318
          0,           0,         668,      -2.893057092,     -0.7414701264,      -0.727983058,       2.499127731,      -1.354271851,       4.538634987
          0,           0,         669,      -2.889500408,     -0.7309559061,     -0.7140382901,       2.503963671,       -1.35401852,       4.641154666
          0,           0,         670,      -2.898620709,     -0.6958569366,     -0.6857701511,       2.493432633,      -1.353697076,       4.426197566
          0,           0,         671,      -2.900660704,     -0.7344923442,     -0.7300414418,       2.493235959,      -1.353779721,       4.432062698
          0,           0,         672,      -2.878887097,     -0.6911988824,     -0.7095502409,        2.51470835,      -1.353675545,        4.53971086
          0,           0,         673,      -2.912420869,     -0.7568656697,     -0.7306261169,       2.479901079,       -1.35294739,       4.494365403
          0,           0,         674,      -2.882395899,     -0.7214813482,     -0.7168920104,       2.511402901,      -1.352038008,       4.347330295
          0,           0,         675,      -2.925141892,     -0.7235162277,       -0.70057655,       2.466534318,      -1.351046105,       4.396548223
          0,           0,         676,      -2.901600797,     -0.7525849425,     -0.7456204401,       2.491852799,      -1.351250524,       4.341839029
          0,           0,         677,      -2.909096734,     -0.7471453122,     -0.7211130056,       2.482836795,       -1.35139434,        4.43113236
          0,           0,         678,      -2.900495321,     -0.7864357281,     -0.7641389051,        2.49301149,      -1.351094642,       4.488518505
          0,           0,         679,      -2.904725923,     -0.7247464993,     -0.7076408843,       2.486967697,      -1.350919415,       4.149038315
          0,           0,         680,      -2.904958335,     -0.7660867752,     -0.7579563687,       2.488945695,      -1.350687135,       4.341932605
          0,           0,         681,      -2.886967152,      -0.738070675,     -0.7393056169,       2.505986844,      -1.351122634,       4.516189743
          0,           0,         682,      -2.888590494,     -0.7439159878,     -0.7376414713,       2.505856169,      -1.351658747,       4.461023339
          0,           0,         683,      -2.897651574,     -0.6951752118,     -0.7081783899,       2.495717968,      -1.352113801,       4.259669939
          0,           0,         684,      -2.917213828,      -0.741303999,     -0.7248508192,       2.475869567,      -1.352079352,       4.217722794
          0,           0,         685,      -2.882636669,     -0.7221944246,     -0.7423198566,        2.51161456,      -1.351890821,       4.370715554
          0,           0,         686,      -2.902259467,     -0.7334968184,     -0.7362932992,       2.490722782,      -1.352378928,       4.493026594
          0,           0,         687,      -2.891813659,     -0.7594540015,     -0.7561443737,       2.501880598,      -1.352717215,        4.52736821
          0,           0,         688,      -2.902150052,     -0.7317076013,     -0.7340064968,       2.489925894,      -1.352575319,       4.262512123
          0,           0,         689,       -2.89961551,     -0.7831721759,      -0.739667343,       2.494635202,      -1.352502906,       4.451205214
          0,           0,         690,      -2.869212991,     -0.7423447942,     -0.7298862252,       2.525144824,      -1.352431506,       4.512110813
          0,           0,         691,      -2.895139438,     -0.7917050643,     -0.7486013201,       2.498648272,      -1.352301333,       4.420943028
          0,           0,         692,      -2.886758478,     -0.7397964949,     -0.7553015535,       2.506674349,       -1.35163423,       4.348046512
          0,           0,         693,      -2.893852593,     -0.7600444391,     -0.7524473989,        2.49986205,      -1.351008334,       4.279968042
          0,           0,         694,      -2.884887147,     -0.7493196653,     -0.7502707117,       2.508972759,      -1.350582279,       4.371681102
          0,           0,         695,      -2.878232294,     -0.7258847881,     -0.7309884313,       2.515050328,      -1.350169123,       4.522020887
          0,           0,         696,      -2.880571702,      -0.715253587,     -0.7473451337,       2.513247435,      -1.349739678,       4.470084248
          0,           0,         697,      -2.875298548,     -0.7192208205,     -0.7367486681,       2.518259913,      -1.349546362,       4.260524984
          0,           0,         698,      -2.867704654,     -0.7153354029,     -0.7404609984,       2.527479122,      -1.349342287,       4.471309291
          0,           0,         699,      -2.881174232,     -0.7433153581,     -0.7343587134,       2.512719159,      -1.348806015,       4.531909532
          0,           0,         700,       -2.89029517,      -0.755014249,     -0.7352963115,       2.502870748,      -1.349209698,       4.393526157
          0,           0,         701,       -2.88763144,     -0.7452066503,     -0.7536330986,        2.50600408,      -1.349768981,        4.34877455
          0,           0,         702,       -2.90011064,      -0.761019324,     -0.7431713887,        2.49357498,      -1.349525469,       4.298406509
          0,           0,         703,      -2.886554948,     -0.7407491313,     -0.7500983844,       2.506810939,      -1.349342693,       4.420955954
          0,           0,         704,      -2.893153053,     -0.7484918378,     -0.7409026274,       2.499585426,      -1.349379052,       4.555418221
          0,           0,         705,      -2.876593212,     -0.7356040944,     -0.7343688488,       2.517995296,      -1.350304247,       4.571589867
          0,           0,         706,      -2.886352127,     -0.7215956455,     -0.7068142672,       2.507047326,      -1.350624288,       4.480471541
          0,           0,         707,      -2.887302427,     -0.7309085806,     -0.7264037263,       2.506852914,      -1.350521716,       4.567977437
          0,           0,         708,      -2.880260986,     -0.7741496841,     -0.7572740212,       2.513947667,      -1.350000968,        4.53223789
          0,           0,         709,      -2.887143108,     -0.7381881937,     -0.7055800793,        2.50739888,      -1.349528624,       4.365902328
          0,           0,         710,       -2.89198547,     -0.7493737065,      -0.740423091,       2.501529499,      -1.349414105,       4.342877376
          0,           0,         711,      -2.908023037,     -0.7891158582,     -0.7660378179,       2.485662553,      -1.349230559,       4.355576794
          0,           0,         712,      -2.894741644,      -0.757423553,     -0.7172267273,       2.498758121,      -1.348650718,       4.453703894
          0,           0,         713,       -2.91086331,     -0.7801343672,     -0.7458750924,       2.481383981,      -1.347957713,       4.551726421
          0,           0,         714,      -2.905698266,     -0.7382908016,     -0.7401298434,       2.487285173,      -1.347583558,       4.384952549
          0,           0,         715,      -2.900957665,     -0.7547211585,     -0.7221499085,       2.491843589,      -1.347980696,       4.224934061
          0,           0,         716,      -2.882198403,     -0.7602636799,     -0.7414237958,        2.51171533,      -1.347774082,       4.475014151
          0,           0,         717,      -2.895096229,     -0.7565184736,      -0.720619927,       2.497865587,       -1.34695284,       4.511401714
          0,           0,         718,      -2.892717003,     -0.7438525486,       -0.68677609,       2.498837708,      -1.346963526,       4.320938383
          0,           0,         719,      -2.891054372,     -0.7451882368,     -0.7127227208,       2.502055901,      -1.347587557,       4.170646567
          0,           0,         720,      -2.873619621,     -0.7530943314,     -0.7557194414,       2.520610739,      -1.347666879,       4.315750894
          0,           0,         721,      -2.889378887,     -0.7338561315,     -0.7227113155,        2.50259697,      -1.347430075,       4.506067309
          0,           0,         722,      -2.879219537,     -0.7328286704,     -0.7200265626,       2.514281391,      -1.347202998,       4.607319862
          0,           0,         723,      -2.879374722,     -0.7242040428,     -0.7015126723,       2.513465144,      -1.346939097,       4.518410447
          0,           0,         724,      -2.886434736,     -0.7568920034,     -0.7561627042,       2.506602302,      -1.347572668,       4.315905992
          0,           0,         725,      -2.881770614,     -0.7147620148,     -0.7289669702,       2.510315744,      -1.347256009,       4.520018477
          0,           0,         726,      -2.880947281,     -0.7500934765,     -0.7565685012,        2.51235759,      -1.346255107,       4.533915817
          0,           0,         727,      -2.874733196,     -0.7030722174,     -0.7191078114,       2.518393838,      -1.345984164,       4.415782993
          0,           0,         728,      -2.902406763,     -0.6867413313,     -0.6996437338,       2.489712681,      -1.346287898,       4.425624881
          0,           0,         729,      -2.880866105,     -0.7057121818,     -0.7273162465,       2.513878552,      -1.346199589,        4.35671298
          0,           0,         730,      -2.901529955,     -0.7023589279,     -0.6901238469,       2.490574393,      -1.345694202,       4.444323971
          0,           0,         731,      -2.892255949,     -0.6809116382,     -0.6995772285,       2.500634806,      -1.345186705,       4.524368393
          0,           0,         732,      -2.888360923,     -0.6592993712,     -0.6710257407,       2.504694135,      -1.345162608,       4.339348542
          0,           0,         733,      -2.886819361,     -0.6991770276,     -0.7218071132,       2.507124696,      -1.345378662,       4.330489631
          0,           0,         734,      -2.867147453,     -0.6767871894,     -0.6894943701,       2.527051454,      -1.345363457,       4.471291276
          0,           0,         735,      -2.879417365,     -0.6981767529,     -0.6974402745,        2.51458913,      -1.345221405,       4.471093459
          0,           0,         736,      -2.864254408,     -0.6782892556,     -0.7117350545,       2.529806799,      -1.345041427,       4.349621129
          0,           0,         737,      -2.895485488,      -0.720551639,     -0.7098335161,       2.498643607,      -1.345132521,       4.260846939
          0,           0,         738,      -2.871795912,     -0.7131678608,      -0.735465051,       2.523295115,      -1.345097809,       4.350480717
          0,           0,         739,      -2.890374823,     -0.7292570058,     -0.7273845756,       2.503311083,      -1.345055862,       4.533842223
          0,           0,         740,      -2.870762126,     -0.7713835837,     -0.7482852376,       2.524201443,      -1.345194583,       4.593695889
          0,           0,         741,      -2.900411192,     -0.7183926596,     -0.6835722371,       2.492890269,      -1.345147706,       4.250100188
          0,           0,         742,      -2.892502904,     -0.7748078734,     -0.7301305524,        2.50194822,      -1.344868068,       4.415528221
          0,           0,         743,      -2.866958716,     -0.7240421501,     -0.7230879434,       2.527348044,      -1.344748752,       4.543409078
          0,           0,         744,      -2.892121436,     -0.7480863035,      -0.705792814,       2.500904999,      -1.344446758,       4.555891915
          0,           0,         745,      -2.863901497,     -0.6971060563,     -0.6790639298,       2.530424934,       -1.34399848,       4.353021183
          0,           0,         746,      -2.903243843,     -0.7126198063,     -0.6789905637,       2.489444588,      -1.343319126,       4.341051383
          0,           0,         747,      -2.864266951,     -0.7365350046,     -0.7436265079,       2.530731208,      -1.343122865,       4.321176443
          0,           0,         748,      -2.891162532,     -0.7403958521,     -0.7099697411,       2.500440882,      -1.342895587,       4.449378847
          0,           0,         749,      -2.870351223,      -0.728236628,     -0.7054422342,       2.524347994,      -1.342420735,       4.515502826
          0,           0,         750,      -2.893992199,     -0.7411085669,     -0.7132542625,        2.49734603,      -1.341861058,       4.047935314
          0,           0,         751,      -2.890073971,     -0.7714406321,     -0.7248010407,       2.503496935,      -1.342296956,       4.326968265
          0,           0,         752,      -2.883606935,     -0.7296531418,     -0.7328939779,       2.508899312,      -1.342134902,       4.488419904
          0,           0,         753,      -2.884316221,     -0.7555259223,     -0.7364775536,        2.50983623,      -1.341709231,       4.424165467
          0,           0,         754,      -2.879126815,     -0.7142995753,     -0.7268965037,       2.514978711,      -1.341341061,       4.339114574
          0,           0,         755,       -2.90956055,     -0.7238392964,     -0.7452948674,       2.483302032,      -1.341491104,       4.252403051
          0,           0,         756,      -2.886393686,     -0.7091870222,     -0.7194956453,       2.506594547,      -1.341738266,       4.330331905
          0,           0,         757,      -2.883867561,     -0.6788782202,     -0.6879884434,       2.509006566,      -1.341435013,        4.53288972
          0,           0,         758,      -2.865925591,     -0.7033955948,     -0.7236236873,       2.528371205,      -1.340907006,       4.536587849
          0,           0,         759,      -2.887985217,     -0.6858191241,     -0.7088676832,       2.504353539,      -1.341003205,       4.270190714
          0,           0,         760,       -2.87983275,     -0.7068055227,     -0.7418965092,       2.514653785,      -1.341043275,       4.444264263
          0,           0,         761,      -2.871898321,     -0.7069432174,     -0.7187603349,       2.521075624,      -1.340499292,       4.516492826
          0,           0,         762,      -2.884941343,     -0.7386307442,     -0.7417857236,        2.50991235,       -1.34009276,       4.474439816
          0,           0,         763,      -2.902270112,     -0.7338024063,     -0.7557583829,       2.491038918,      -1.339837766,       4.323724526
          0,           0,         764,      -2.932916878,      -0.759031654,     -0.7411805891,       2.459471314,      -1.339376628,       4.250047291
          0,           0,         765,      -2.891780467,     -0.7200318257,     -0.7293543763,       2.501897795,        -1.3390046,        4.32805126
          0,           0,         766,      -2.907786867,     -0.7311131199,     -0.7143680257,       2.484721956,      -1.338388349,       4.473258944
          0,           0,         767,      -2.898582348,     -0.7482430125,     -0.7554454855,       2.493712794,      -1.337750611,        4.47464071
          0,           0,         768,      -2.902160917,     -0.7326067814,       -0.69856197,       2.489972881,      -1.337593559,       4.230448991
          0,           0,         769,      -2.867881546,     -0.7289629936,     -0.7234489668,       2.526643171,      -1.337595323,       4.421621635
          0,           0,         770,      -2.858028179,     -0.7441167939,     -0.7711722656,       2.536589612,       -1.33747887,       4.486485071
          0,           0,         771,      -2.876128338,     -0.7417132884,     -0.7337921009,       2.517738921,      -1.337208902,       4.348454738
          0,           0,         772,      -2.890365079,     -0.7406295415,     -0.7319960489,       2.502488182,      -1.336734273,       4.347709867
          0,           0,         773,      -2.883275467,     -0.7703011229,     -0.7597605684,       2.511432771,      -1.336447955,       4.303553318
          0,           0,         774,      -2.894112558,     -0.7490143837,     -0.7404800302,       2.498004444,      -1.336676667,       4.445430164
          0,           0,         775,      -2.895434982,     -0.7539853007,      -0.747986784,       2.497054851,      -1.336506972,       4.589406567
          0,           0,         776,      -2.899066766,     -0.7236400061,     -0.7311038365,       2.493390842,      -1.335741389,        4.35802862
          0,           0,         777,      -2.901231029,      -0.747016577,     -0.7349035906,       2.490647093,      -1.335171787,        4.37134493
          0,           0,         778,      -2.876497963,     -0.7278453569,     -0.7176879531,       2.516052871,      -1.334827557,       4.509801596
          0,           0,         779,      -2.886930889,     -0.7246753233,     -0.7414645344,       2.505793212,       -1.33454996,        4.51593058
          0,           0,         780,      -2.886532049,     -0.6941208659,     -0.7202914522,        2.50635676,      -1.333986443,       4.360773443
          0,           0,         781,      -2.910994695,     -0.7036356752,     -0.7035647062,       2.480518621,      -1.333072525,       4.217958531
          0,           0,         782,      -2.892972698,     -0.7065621202,     -0.7212730129,       2.500430423,      -1.332110162,        4.38952997
          0,           0,         783,        -2.8881776,      -0.685013586,     -0.6964655876,       2.504338454,       -1.33185341,       4.570195427
          0,           0,         784,      -2.874258143,     -0.6947486015,     -0.7283128162,       2.519742932,       -1.33154462,       4.556856332
          0,           0,         785,      -2.880321815,     -0.6533585729,     -0.6886101379,       2.512319952,      -1.330861371,       4.242727273
          0,           0,         786,       -2.88330428,     -0.6891941473,     -0.7132534932,        2.51073951,      -1.330412108,       4.435429444
          0,           0,         787,      -2.870966272,     -0.6774539544,     -0.6912420728,       2.523266697,       -1.33058832,       4.500268989
          0,           0,         788,      -2.893929099,      -0.737854485,     -0.7337313846,        2.49911426,      -1.330725411,       4.506349004
          0,           0,         789,      -2.882455847,     -0.6748836643,     -0.6852409461,       2.510691751,      -1.330569685,       4.420264884
          0,           0,         790,      -2.888576383,     -0.7168539313,       -0.71050712,       2.504561324,      -1.330394213,       4.378045165
          0,           0,         791,       -2.87762136,     -0.7301356002,     -0.7552299749,       2.516683113,      -1.330210158,       4.411110414
          0,           0,         792,      -2.886012823,     -0.7138185122,     -0.7438240439,       2.505148363,      -1.330098571,        4.60516956
          0,           0,         793,      -2.869722303,     -0.7310761124,     -0.7405699102,       2.525092758,      -1.330039839,       4.606369625
          0,           0,         794,      -2.879643149,      -0.720117599,     -0.7404687639,       2.513140035,      -1.329711445,       4.312905098
          0,           0,         795,      -2.884446733,     -0.7519095943,     -0.7418415952,       2.510052906,      -1.329353755,       4.456310966
          0,           0,         796,      -2.875160781,     -0.7263054173,     -0.7263992897,       2.517813153,      -1.328806293,       4.570349001
          0,           0,         797,      -2.881440442,     -0.7743580379,     -0.7522185244,        2.51207494,      -1.328021974,       4.524376189
          0,           0,         798,      -2.867333207,     -0.7326889949,     -0.6935374331,       2.525873496,      -1.327411474,       4.357067513
          0,           0,         799,      -2.887022795,      -0.712895103,     -0.6986034666,       2.506126362,      -1.326921136,       4.408085906
          0,           0,         800,      -2.877611407,     -0.7456514372,     -0.7486094302,       2.515974504,      -1.326061811,       4.342564159
          0,           0,         801,      -2.884789949,     -0.7115618681,     -0.7047026283,       2.507591164,      -1.325403354,       4.472107428
          0,           0,         802,      -2.888365249,     -0.7083885247,     -0.7075318626,       2.504535321,      -1.324788474,       4.542888684
          0,           0,         803,      -2.894822129,     -0.6881609425,     -0.6993915024,       2.497586911,      -1.324127949,       4.296457259
          0,           0,         804,       -2.92001529,     -0.7107662551,     -0.7147792582,       2.471277727,      -1.323873257,       4.383379741
          0,           0,         805,      -2.889511812,     -0.6706125068,     -0.6825632776,       2.503118453,      -1.323650213,       4.539405102
          0,           0,         806,      -2.912358869,     -0.6974942262,     -0.6908053114,       2.479031057,      -1.322997944,       4.528346263
          0,           0,         807,      -2.896634093,     -0.6850668203,     -0.6818624408,       2.496041212,      -1.322937677,       4.369351909
          0,           0,         808,       -2.89767274,     -0.7029761369,     -0.7030909804,       2.495573373,      -1.323100329,       4.337701226
          0,           0,         809,      -2.891009524,      -0.698219316,     -0.7271631301,       2.503224253,      -1.323026982,       4.374229749
          0,           0,         810,      -2.891498384,     -0.7207044236,     -0.7095382528,       2.500508833,       -1.32275373,       4.492039505
          0,           0,         811,      -2.885603023,     -0.7379404942,      -0.749185237,       2.507154205,      -1.322613482,       4.556623243
          0,           0,         812,      -2.884136435,     -0.7322890896,     -0.7338435798,       2.507705963,       -1.32254904,       4.319093484
          0,           0,         813,      -2.893586299,     -0.7535649036,     -0.7513543213,       2.499304155,      -1.322278726,       4.332149961
          0,           0,         814,      -2.866647875,     -0.7086089888,     -0.7036866847,       2.525793491,      -1.321748652,       4.510943883
          0,           0,         815,      -2.883497622,     -0.7601486606,     -0.7424709416,       2.509904649,      -1.321031152,       4.478247487
          0,           0,         816,      -2.869868945,      -0.694363924,     -0.7257379777,       2.523386675,      -1.320195343,       4.366718919
          0,           0,         817,      -2.900265105,     -0.7117108024,     -0.7220679269,       2.491905344,      -1.319643411,       4.311757278
          0,           0,         818,      -2.877803389,     -0.7020024309,     -0.7045489181,        2.51581899,      -1.318804446,       4.312289867
          0,           0,         819,      -2.885676233,     -0.6910332186,      -0.723193348,       2.505781445,       -1.31823003,       4.515073476
          0,           0,         820,      -2.869418746,      -0.736282643,     -0.7345215465,       2.525349706,      -1.317763148,       4.574906727
          0,           0,         821,      -2.894816317,     -0.6890478928,     -0.6810699377,       2.495977936,      -1.317459365,       4.450641446
          0,           0,         822,      -2.900835203,     -0.7629855854,     -0.7532951772,       2.493015429,      -1.317370748,       4.342745544
          0,           0,         823,        -2.8891256,     -0.7324517152,        -0.7326777,       2.502872329,      -1.316864328,       4.507216219
          0,           0,         824,      -2.898606814,     -0.7756463563,     -0.7448662301,       2.493543392,      -1.316537377,       4.520574111
          0,           0,         825,      -2.887355269,     -0.7428540432,     -0.7240116337,         2.5047611,      -1.316493594,       4.423241628
          0,           0,         826,      -2.913225432,     -0.7241010177,     -0.7265590638,       2.478018113,      -1.316422846,       4.359878914
          0,           0,         827,      -2.894271794,     -0.7825326995,     -0.7597262138,       2.499005528,      -1.316191597,       4.319149279
          0,           0,         828,      -2.896740542,     -0.7161144949,     -0.6937034766,       2.494473446,      -1.315839703,       4.455151096
          0,           0,         829,      -2.895903431,     -0.7546823106,     -0.7327034743,       2.497328886,      -1.315383385,       4.494815978
          0,           0,         830,      -2.903273513,     -0.6963009365,     -0.6908596978,       2.488740856,      -1.314992201,       4.241168795
          0,           0,         831,      -2.915558872,      -0.707034086,     -0.7186924536,        2.47719995,      -1.314545195,       4.434061447
          0,           0,         832,      -2.889897514,     -0.6879175742,     -0.6786990469,       2.503388239,      -1.313589988,        4.54615001
          0,           0,         833,      -2.913278871,     -0.7166350578,     -0.6946977657,       2.478580263,      -1.312523515,       4.523710091
          0,           0,         834,      -2.897174781,     -0.7035810536,     -0.7071548592,       2.496105744,      -1.311886426,       4.347294627
          0,           0,         835,      -2.908273822,     -0.7367562883,     -0.7138895811,       2.484035772,      -1.311218889,       4.340150827
          0,           0,         836,       -2.90265741,     -0.7537077128,     -0.7429398432,       2.490001966,      -1.310259728,       4.369314645
          0,           0,         837,      -2.893020313,     -0.7536150166,     -0.7602364852,       2.498219386,      -1.309631991,       4.572596991
          0,           0,         838,      -2.878568856,     -0.7630254595,     -0.7476250783,        2.51544992,      -1.309222906,       4.559537796
          0,           0,         839,      -2.893236144,     -0.7361074182,     -0.7479771212,       2.497445382,      -1.308481052,       4.268131951
          0,           0,         840,      -2.889620929,      -0.727906234,     -0.7323146718,       2.503643967,      -1.308894542,       4.389629356
          0,           0,         841,      -2.859952548,     -0.7276584797,     -0.7505062878,       2.534391942,      -1.308991269,       4.517443308
          0,           0,         842,      -2.874499315,     -0.7436149127,     -0.7383791612,       2.519074136,      -1.308831077,       4.397237061
          0,           0,         843,      -2.855132402,     -0.7045602652,     -0.7472318169,       2.539479687,      -1.308752328,       4.300495353
          0,           0,         844,      -2.884530009,     -0.7546985791,     -0.7607507018,       2.508080515,      -1.308401456,       4.353235357
          0,           0,         845,       -2.85323069,     -0.7336406769,      -0.743938735,       2.541372024,      -1.308133112,       4.430370027
          0,           0,         846,        -2.8881554,     -0.7248026064,     -0.7407072453,       2.503979987,      -1.307580255,       4.542914674
          0,           0,         847,      -2.881430738,     -0.7689678545,     -0.7642052996,       2.512057714,      -1.307248514,       4.555380934
          0,           0,         848,      -2.902791149,     -0.7282714745,     -0.7321284972,       2.489175296,      -1.306814973,       4.273377978
          0,           0,         849,      -2.900309475,     -0.7786942663,      -0.776402697,       2.492308708,      -1.306080806,       4.472097338
          0,           0,         850,      -2.883459851,     -0.7123266123,     -0.7182984968,       2.508271331,      -1.305283128,       4.539688516
          0,           0,         851,      -2.899794965,         -0.746531,     -0.7119952804,       2.492720006,       -1.30439762,       4.477612587
          0,           0,         852,       -2.88581429,     -0.7527875498,     -0.7509973596,       2.507644876,      -1.303957167,       4.341632786
          0,           0,         853,        -2.9287329,     -0.7448727561,     -0.7193758536,        2.46158566,      -1.303431618,       4.280861326
          0,           0,         854,      -2.888864928,     -0.7329431029,      -0.738680734,       2.503900757,      -1.302740059,       4.376572432
          0,           0,         855,      -2.903277522,     -0.7281486066,     -0.7330471728,       2.488717638,      -1.301914741,       4.496537657
          0,           0,         856,      -2.877152365,     -0.6968681205,     -0.7375044533,       2.515997464,      -1.301513131,       4.510488897
          0,           0,         857,      -2.885647678,     -0.6949675924,     -0.7069801618,       2.506432769,      -1.300929233,       4.209083502
          0,           0,         858,       -2.86134557,     -0.7126471706,     -0.7262103494,       2.532755769,      -1.300544049,       4.448457833
          0,           0,         859,      -2.877261424,     -0.7346035741,      -0.745068279,        2.51616752,      -1.300391944,       4.503507713
          0,           0,         860,      -2.880450167,     -0.7789830739,      -0.772305675,       2.512549317,      -1.300310742,       4.368193234
          0,           0,         861,      -2.886400208,     -0.7472896772,     -0.7395899546,       2.505774264,      -1.300164076,       4.348545685
          0,           0,         862,      -2.884596611,     -0.7737321334,     -0.7763357915,       2.509357513,      -1.299671395,       4.353041679
          0,           0,         863,      -2.881242066,     -0.7485494471,     -0.7666125307,        2.51108715,      -1.299251036,       4.416577127
          0,           0,         864,      -2.892991604,     -0.7371675821,     -0.7514959868,       2.499244924,      -1.299200111,       4.524660757
          0,           0,         865,      -2.880009169,     -0.7434546139,      -0.772949764,       2.512397542,      -1.298926343,       4.442959848
          0,           0,         866,      -2.891546882,     -0.7245838826,     -0.7592838543,       2.501173865,      -1.298336155,       4.386512122
          0,           0,         867,      -2.866133406,      -0.703093566,     -0.7172175907,       2.526677702,      -1.297548859,       4.520121823
          0,           0,         868,      -2.877388225,      -0.756803161,     -0.7541610954,       2.515377771,      -1.296468728,        4.52994632
          0,           0,         869,       -2.87075402,      -0.732900497,     -0.7328125222,       2.521854874,      -1.295821591,       4.369617065
          0,           0,         870,      -2.893172073,     -0.7245142272,     -0.7207229353,       2.498848556,      -1.295200834,       4.309021118
          0,           0,         871,      -2.887495137,     -0.7322498484,     -0.7439160437,       2.505937621,      -1.294614369,        4.30915804
          0,           0,         872,      -2.901979948,     -0.7172255302,     -0.7129881713,       2.488905388,      -1.294032334,       4.482031713
          0,           0,         873,      -2.894000984,      -0.769240549,     -0.7642660513,       2.498263116,      -1.293314797,       4.586480323
          0,           0,         874,      -2.899538746,     -0.7169888945,     -0.7178749859,       2.492645528,      -1.293080238,       4.456511948
          0,           0,         875,      -2.925042609,     -0.7308585179,     -0.7068090277,       2.465640873,      -1.292683636,       4.266992627
          0,           0,         876,      -2.904528558,     -0.7216717298,      -0.721542675,       2.486925117,      -1.292149489,       4.488296827
          0,           0,         877,      -2.906699747,     -0.7289000809,     -0.7348318752,       2.484812144,        -1.2916838,       4.519021458
          0,           0,         878,      -2.904719383,     -0.7156770436,     -0.6861869165,       2.485876873,      -1.291542886,       4.337900086
          0,           0,         879,      -2.913530714,     -0.7228558642,     -0.7253793301,       2.477626887,      -1.291507943,       4.315695321
          0,           0,         880,      -2.885774727,     -0.7401751502,     -0.7497958586,       2.506641338,      -1.291387579,       4.376651155
          0,           0,         881,      -2.894221686,     -0.7544888986,     -0.7653623968,       2.497330293,      -1.291146876,        4.49361569
          0,           0,         882,      -2.874953902,     -0.7498871622,     -0.7507590519,       2.517975165,      -1.290855788,       4.556743695
          0,           0,         883,      -2.900751967,     -0.7475509984,     -0.7657207961,       2.490128867,      -1.290558332,       4.176268766
          0,           0,         884,       -2.88226889,     -0.7788060431,      -0.784951657,       2.510557823,      -1.290024175,       4.312991152
          0,           0,         885,      -2.861234611,     -0.7366634138,     -0.7657519772,        2.53187512,      -1.289283807,       4.509172441
          0,           0,         886,      -2.886340145,     -0.7396613204,     -0.7442980671,       2.506490222,      -1.288446038,       4.416179548
          0,           0,         887,      -2.875855001,     -0.7300315484,     -0.7477149542,       2.517957644,      -1.287845406,       4.279463958
          0,           0,         888,      -2.894298293,     -0.7446802264,     -0.7362162023,       2.499459771,      -1.287046392,       4.211645877
          0,           0,         889,      -2.870405726,     -0.7325967504,     -0.7375998265,       2.523153151,      -1.286013797,       4.389987326
          0,           0,         890,       -2.88910714,     -0.7205962987,     -0.7296065576,       2.503111811,      -1.285363209,       4.558731435
          0,           0,         891,      -2.870327372,     -0.7756028082,     -0.7719402942,        2.52383125,      -1.284802728,       4.556100778
          0,           0,         892,      -2.899105707,     -0.7399098239,     -0.7219311165,       2.492523128,       -1.28439633,        4.23880014
          0,           0,         893,      -2.882749682,     -0.7787188167,     -0.7525993255,       2.510570503,      -1.283824001,       4.483960895
          0,           0,         894,      -2.879800694,     -0.7355939449,     -0.7178794009,       2.511869791,      -1.283133955,       4.546941372
          0,           0,         895,      -2.897292808,     -0.7739470755,     -0.7431618431,       2.495452104,      -1.282792491,       4.484158691
          0,           0,         896,      -2.876751376,     -0.7530030926,     -0.7328326888,       2.515917884,       -1.28300437,       4.336594537
          0,           0,         897,      -2.908579093,     -0.7601249205,     -0.7311269477,       2.482638348,      -1.282807136,       4.306691989
          0,           0,         898,      -2.871892538,     -0.7374646856,     -0.7380121707,        2.52102077,      -1.282346749,       4.369338629
          0,           0,         899,      -2.884490076,     -0.7247150373,     -0.7024672396,       2.506947359,      -1.282048825,       4.536833061
          0,           0,         900,      -2.870868577,     -0.7378165374,     -0.7443676959,       2.522408945,      -1.282049283,       4.504272433
          0,           0,         901,      -2.887746664,      -0.705403477,     -0.6941828912,       2.504124656,      -1.281774918,       4.331408652
          0,           0,         902,      -2.879055356,     -0.6996142021,     -0.7070149247,       2.513768795,      -1.280997014,       4.514134811
          0,           0,         903,      -2.859126045,     -0.7090099686,     -0.7327771465,       2.534701521,      -1.280040748,       4.548432813
          0,           0,         904,      -2.896923277,     -0.7032472592,     -0.6977092956,       2.496008138,      -1.279088762,       4.373706095
          0,           0,         905,      -2.883286179,     -0.7398418981,     -0.7383860683,       2.509066544,      -1.278587741,       4.347637183
          0,           0,         906,      -2.897742678,     -0.7852862579,     -0.7502079271,       2.494955505,      -1.278165834,         4.3253864
          0,           0,         907,       -2.87182426,     -0.7424527372,     -0.7617548696,       2.520455003,      -1.277182899,        4.42134599
          0,           0,         908,      -2.888101292,     -0.7411152873,     -0.7164576662,       2.503866829,      -1.276185052,       4.572407176
          0,           0,         909,      -2.868832382,     -0.7512878155,     -0.7733662258,       2.524481183,      -1.275826428,       4.451900645
          0,           0,         910,      -2.896373704,     -0.7623899593,     -0.7646781953,       2.494732903,      -1.275375675,       4.329445173
          0,           0,         911,      -2.862332787,     -0.7379151275,     -0.7492177023,       2.531120452,       -1.27495124,        4.51506324
          0,           0,         912,      -2.869191606,     -0.7490848076,     -0.7599157683,       2.523774272,      -1.274142214,       4.564239401
          0,           0,         913,       -2.85915506,     -0.7314966179,     -0.7331801379,       2.533437752,      -1.273658882,       4.422307148
          0,           0,         914,      -2.871711883,     -0.7019976379,     -0.7208133384,       2.521016044,       -1.27335851,       4.325194812
          0,           0,         915,      -2.866101725,      -0.734868836,       -0.76883008,       2.528316081,      -1.273110849,       4.311651494
          0,           0,         916,      -2.858017877,     -0.7226119162,     -0.7561701748,       2.535671401,      -1.272860551,       4.463486354
          0,           0,         917,       -2.86257312,     -0.7234841309,      -0.726441147,       2.531766542,      -1.272566449,       4.577370266
          0,           0,         918,      -2.868552233,     -0.7341851023,     -0.7471421116,        2.52464527,      -1.272246783,       4.418681999
          0,           0,         919,      -2.885715394,     -0.7597445226,     -0.7686429603,       2.507112147,      -1.271971411,       4.407189423
          0,           0,         920,      -2.870022747,     -0.7408124906,     -0.7241290976,       2.522663167,      -1.271479457,         4.4964845
          0,           0,         921,      -2.895747589,     -0.7577830692,     -0.7442670026,       2.496561842,      -1.271081552,       4.485810227
          0,           0,         922,      -2.889922936,     -0.7471901995,     -0.7496506871,       2.502023083,       -1.27071459,        4.29245472
          0,           0,         923,      -2.913457435,     -0.7204032038,     -0.7281264913,       2.477312428,      -1.269885383,       4.216064272
          0,           0,         924,       -2.89006498,     -0.7332724577,     -0.7622058021,       2.502550003,      -1.268776751,       4.364233707
          0,           0,         925,       -2.89437833,     -0.7080572116,     -0.7078604981,       2.497606878,      -1.267764353,       4.492274359
          0,           0,         926,      -2.888311772,     -0.7246395378,     -0.7434376422,       2.503854521,      -1.266905285,       4.547558274
          0,           0,         927,      -2.891360741,     -0.6964006374,     -0.7208116583,       2.499834915,      -1.266341425,       4.208592643
          0,           0,         928,       -2.87553877,     -0.7392826376,      -0.753465938,       2.517919559,      -1.265467643,       4.422489921
          0,           0,         929,      -2.879042526,     -0.7274249085,     -0.7192339309,       2.512267023,      -1.264669051,       4.503962252
          0,           0,         930,      -2.882504695,     -0.7945404271,     -0.7728876476,       2.509302019,      -1.263950992,       4.462795832
          0,           0,         931,      -2.873597331,      -0.739163769,     -0.7437332709,       2.519784493,      -1.263739124,       4.365786884
          0,           0,         932,      -2.894059317,     -0.7873675492,     -0.7813931725,       2.498482563,      -1.263372069,       4.335034022
          0,           0,         933,      -2.878067763,     -0.7377726942,     -0.7053579554,        2.51479291,      -1.263037657,       4.387767482
          0,           0,         934,      -2.876577305,     -0.7188552903,     -0.7151749328,       2.515954668,      -1.262743326,       4.491620857
          0,           0,         935,      -2.852919224,     -0.7309326308,     -0.7288273161,       2.541190072,      -1.262693579,       4.515589806
          0,           0,         936,      -2.876807424,     -0.7028062108,     -0.7084960531,       2.515103498,      -1.262802802,       4.394146994
          0,           0,         937,      -2.859950167,     -0.7018827864,     -0.7384025217,       2.534106158,      -1.262418281,       4.477005452
          0,           0,         938,      -2.859876171,     -0.7342032706,     -0.7173350818,       2.533414854,      -1.261907543,       4.507470762
          0,           0,         939,      -2.880368361,     -0.7200422783,      -0.728282109,       2.511725211,      -1.261662153,       4.350611273
          0,           0,         940,      -2.862274695,     -0.7205245776,     -0.7482966055,       2.531119605,      -1.261376109,       4.338169516
          0,           0,         941,      -2.889155177,     -0.7217034895,      -0.727333725,       2.502998205,      -1.260810333,       4.334564128
          0,           0,         942,      -2.864160814,     -0.7184591529,      -0.745887289,        2.52882453,        -1.2601134,       4.466114875
          0,           0,         943,      -2.885535608,     -0.7489987216,         -0.756057,       2.506108735,      -1.259177307,        4.59449405
          0,           0,         944,      -2.893799029,     -0.7142070094,     -0.7086714321,       2.498583937,      -1.258473408,        4.57196327
          0,           0,         945,      -2.883673637,     -0.6879170901,     -0.7214845356,       2.510102146,      -1.257654239,       4.235309642
          0,           0,         946,      -2.917572368,     -0.7176876676,     -0.7355575464,       2.472939082,      -1.257108502,       4.460357775
          0,           0,         947,      -2.888777846,     -0.7087476347,     -0.7290339987,       2.502977513,       -1.25666745,       4.535902631
          0,           0,         948,      -2.906582596,     -0.6983651213,     -0.7235800905,       2.484317234,      -1.255959162,       4.394120103
          0,           0,         949,      -2.905191767,     -0.6856144781,     -0.7259917025,       2.485498062,       -1.25523738,        4.32355828
          0,           0,         950,      -2.923202225,     -0.6943753975,     -0.7259477885,       2.467741054,      -1.254457622,       4.276422227
          0,           0,         951,      -2.889503292,     -0.7091355848,     -0.7532278486,       2.502106384,      -1.253978285,       4.362949169
          0,           0,         952,      -2.903240003,     -0.7453888467,     -0.7569436941,       2.488001867,      -1.253773686,       4.483929181
          0,           0,         953,      -2.898310454,     -0.7392617174,     -0.7264963259,        2.49263418,      -1.253515564,       4.336805574
          0,           0,         954,      -2.897915139,     -0.7750161988,     -0.7712911853,       2.492976583,      -1.253030549,       4.214400042
          0,           0,         955,      -2.864202986,     -0.7602305334,     -0.7291595324,       2.529142782,      -1.252614736,       4.456283517
          0,           0,         956,      -2.867628699,     -0.7529848436,     -0.7687855759,       2.525080229,      -1.252354905,       4.502283534
          0,           0,         957,      -2.881423767,     -0.7648977777,     -0.7410259931,       2.511799839,      -1.252030465,       4.348371957
          0,           0,         958,      -2.886546288,     -0.7387065976,      -0.725364804,       2.505209811,      -1.251617884,       4.222189594
          0,           0,         959,      -2.876014136,     -0.7466469608,      -0.764883214,        2.51634881,      -1.250956081,       4.260227294
          0,           0,         960,      -2.875052033,     -0.7216736823,     -0.7635041124,       2.517271726,      -1.250289728,       4.454533184
          0,           0,         961,      -2.876658462,     -0.7117819769,      -0.737922536,       2.514954469,      -1.249333689,        4.58258979
          0,           0,         962,      -2.873198444,     -0.6888872362,     -0.7348451206,       2.519594457,      -1.248466579,       4.393933546
          0,           0,         963,      -2.873516289,       -0.74516284,     -0.7647909226,       2.519120744,      -1.247366483,       4.438279886
          0,           0,         964,      -2.870202127,     -0.7126050429,     -0.7387446343,       2.522835403,      -1.246834444,       4.541578273
          0,           0,         965,      -2.861120784,     -0.7436191532,     -0.7368069031,       2.532065882,      -1.246448918,       4.532395556
          0,           0,         966,       -2.88500095,     -0.7173580529,      -0.715429084,       2.506313746,      -1.245536885,       4.345706406
          0,           0,         967,      -2.903107025,      -0.718263207,     -0.7065464249,         2.4883578,      -1.244830845,       4.201202801
          0,           0,         968,      -2.900933756,     -0.7712679242,     -0.7739624204,       2.491408061,      -1.244264638,       4.367746011
          0,           0,         969,      -2.888150473,     -0.7225681355,     -0.7440581907,       2.503190071,      -1.243628459,       4.554889482
          0,           0,         970,      -2.891833987,     -0.7464132557,     -0.7341754219,       2.500514206,      -1.243062858,        4.56579867
          0,           0,         971,      -2.916072578,     -0.7128189552,      -0.713512543,       2.473191975,      -1.242716641,       4.397750912
          0,           0,         972,      -2.897796735,     -0.7338954189,     -0.7689171207,       2.494203951,      -1.242388231,       4.353575145
          0,           0,         973,      -2.874539279,     -0.6923037646,     -0.7309052405,       2.517131353,      -1.242111411,       4.502851094
          0,           0,         974,      -2.892677938,     -0.7357349178,     -0.7423526068,       2.499427757,      -1.241749105,       4.497884979
          0,           0,         975,      -2.878540682,      -0.720829706,     -0.7210501266,       2.512709554,      -1.241310832,       4.447068237
          0,           0,         976,      -2.899649246,      -0.779264211,     -0.7675506583,       2.492044927,      -1.240986414,       4.375703071
          0,           0,         977,      -2.883297262,     -0.7527267814,     -0.7807058049,       2.508918578,      -1.240556347,       4.379279639
          0,           0,         978,       -2.89870284,      -0.756960593,     -0.7469787612,       2.491003692,      -1.239893543,       4.534353247
          0,           0,         979,      -2.874366441,     -0.7663373432,     -0.7497354037,       2.518884077,      -1.238967111,       4.602915311
          0,           0,         980,      -2.885253838,     -0.7068813799,     -0.7179190786,       2.505827005,      -1.238164272,       4.313893026
          0,           0,         981,      -2.892850133,      -0.750395607,     -0.7512345767,       2.498745429,      -1.237336483,       4.345334352
          0,           0,         982,      -2.866983195,     -0.7257975556,     -0.7601629909,       2.525034615,      -1.236599803,       4.509003752
          0,           0,         983,      -2.873711443,     -0.7262487512,     -0.7438103821,       2.519247148,      -1.235915315,       4.508662996
          0,           0,         984,      -2.868035351,     -0.6845908318,     -0.7046658995,       2.524641506,      -1.235158505,       4.386239472
          0,           0,         985,      -2.893772067,     -0.7041685165,     -0.7106706979,       2.497198574,      -1.234604593,       4.185145687
          0,           0,         986,      -2.870727777,     -0.7329805544,     -0.7551563997,       2.523584968,      -1.234139622,       4.363822998
          0,           0,         987,      -2.900915666,     -0.6946842114,      -0.722957698,       2.489468688,       -1.23331005,       4.511887369
          0,           0,         988,      -2.890066495,     -0.7332794736,     -0.7179671533,       2.502233527,      -1.232628562,       4.574271399
          0,           0,         989,      -2.893718254,      -0.698527561,     -0.7102156509,       2.496299041,      -1.232261212,        4.28825277
          0,           0,         990,      -2.912918166,     -0.7459272518,     -0.7493274764,       2.479005532,      -1.231913868,       4.446049059
          0,           0,         991,      -2.896372139,     -0.7080546752,     -0.7136370167,       2.495383048,      -1.231301235,       4.525784391
          0,           0,         992,      -2.914689557,     -0.7568994344,     -0.7445881364,       2.475151326,      -1.230729807,       4.538279957
          0,           0,         993,      -2.899889054,     -0.7357810537,     -0.7327027959,       2.491436111,      -1.230352692,       4.380567123
          0,           0,         994,      -2.915357674,      -0.719136854,     -0.7273838483,       2.475144932,      -1.229932976,       4.383301967
          0,           0,         995,      -2.894169256,     -0.7451701478,     -0.7682747861,        2.49837068,      -1.229367847,        4.36024302
          0,           0,         996,       -2.90659873,     -0.7152246174,     -0.7336199941,       2.484111499,      -1.228480969,       4.441283631
          0,           0,         997,      -2.887267898,     -0.6974399214,     -0.7248568889,         2.5044338,      -1.227574663,       4.490804668
          0,           0,         998,      -2.874649484,     -0.7156001664,     -0.7566001741,       2.516902573,      -1.226866904,        4.13224072
          0,           0,         999,      -2.863772409,     -0.7225177284,     -0.7731231843,       2.530112629,      -1.225951031,       4.339405865
          0,           0,        1000,       -2.84696523,     -0.7170454429,     -0.7212771422,       2.546802601,      -1.224848622,       4.472713748
          0,           0,        1001,      -2.861356585,     -0.7433768503,     -0.7379690099,       2.532557127,      -1.223699215,       4.391789774
          0,           0,        1002,      -2.860548667,      -0.751593124,     -0.7732584119,       2.533580705,      -1.222667421,       4.138909832
          0,           0,        1003,       -2.88017594,     -0.7713608912,      -0.772068182,        2.51231844,      -1.221868145,       4.214696336
          0,           0,        1004,      -2.876070147,     -0.7320637807,     -0.7648949461,       2.516619464,      -1.221085199,       4.444465599
          0,           0,        1005,      -2.868747948,     -0.7022626932,     -0.7509371735,       2.523144545,      -1.220398069,       4.595147325
          0,           0,        1006,      -2.875348643,     -0.7207797268,     -0.7250924558,        2.51851708,      -1.219649509,       4.519904043
          0,           0,        1007,      -2.884749409,     -0.7068104114,      -0.750344807,       2.507438082,      -1.219338129,        4.36509419
          0,           0,        1008,      -2.894193078,     -0.6948343465,     -0.7510132361,       2.497270336,      -1.218881538,       4.538893484
          0,           0,        1009,      -2.859294344,     -0.7197554607,     -0.7693140465,       2.533995903,      -1.218560635,       4.547748374
          0,           0,        1010,      -2.881815887,     -0.7340322302,     -0.7361622795,       2.510015451,      -1.218147088,        4.44018157
          0,           0,        1011,       -2.87752503,     -0.7263297875,     -0.7544421887,       2.514793985,      -1.217664486,       4.387398211
          0,           0,        1012,      -2.891806105,     -0.7419949047,        -0.7710131,       2.500767485,      -1.217223273,       4.367499048
          0,           0,        1013,      -2.881344595,     -0.7418509465,     -0.7627294361,       2.510710955,      -1.216738208,       4.450909591
          0,           0,        1014,      -2.899075454,     -0.7421613704,     -0.7432814196,       2.491842214,      -1.215983841,       4.544973828
          0,           0,        1015,      -2.908759553,      -0.748595567,     -0.7391657287,       2.482269756,      -1.215235859,       4.465941702
          0,           0,        1016,       -2.90222719,     -0.7359873561,     -0.7399643253,        2.48938558,      -1.214674652,       4.306961724
          0,           0,        1017,      -2.902531083,     -0.7989675714,     -0.7655215614,        2.48879398,       -1.21414256,       4.523613616
          0,           0,        1018,      -2.898522419,     -0.7441860469,     -0.7375063249,        2.49251536,      -1.213524913,       4.573184654
          0,           0,        1019,      -2.899884892,     -0.7532526142,     -0.7074120476,       2.491097755,       -1.21264244,       4.411744079
          0,           0,        1020,      -2.893065965,      -0.740915952,     -0.7405283694,       2.498826981,      -1.211880176,       4.320028388
          0,           0,        1021,      -2.890854789,     -0.7452113084,     -0.7582906713,       2.501450186,      -1.211210649,       4.277562162
          0,           0,        1022,      -2.884198124,     -0.7345612614,     -0.7363846248,         2.5067731,       -1.21041128,       4.390254617
          0,           0,        1023,       -2.88803297,     -0.7156781478,      -0.731964045,       2.503370664,       -1.20956493,       4.501545815
          0,           0,        1024,      -2.877816592,     -0.7112714663,     -0.7315647443,       2.513816028,      -1.208623963,       4.330896244
          0,           0,        1025,      -2.890099225,     -0.7462359604,     -0.7620372487,       2.501721187,      -1.207623154,       4.234937759
          0,           0,        1026,       -2.87730522,     -0.7738397509,     -0.7647067233,       2.514342128,      -1.206766004,        4.45485285
          0,           0,        1027,      -2.868273692,       -0.76080259,     -0.7703667679,       2.524224835,      -1.206007993,       4.478521069
          0,           0,        1028,      -2.888071608,     -0.7878521513,     -0.7609996275,       2.503809206,      -1.205168056,       4.310219439
          0,           0,        1029,      -2.876801073,     -0.7761131777,     -0.7728504376,       2.515462618,      -1.204324385,       4.266706414
          0,           0,        1030,      -2.864759927,     -0.7652840553,     -0.7515527436,       2.528481417,      -1.203727185,       4.330056464
          0,           0,        1031,      -2.877670724,     -0.7814725937,     -0.7652876703,       2.514100652,       -1.20333297,       4.475771065
          0,           0,        1032,      -2.876238994,     -0.7333862027,     -0.7518678114,       2.515729616,      -1.202711535,       4.564786696
          0,           0,        1033,      -2.869058334,     -0.7128549644,     -0.7368247107,       2.522198427,       -1.20205265,       4.338660073
          0,           0,        1034,      -2.871142972,     -0.7147750483,     -0.7542336969,       2.521230394,       -1.20136621,        4.38964795
          0,           0,        1035,      -2.859461866,     -0.6861037781,     -0.7240811579,       2.532767413,      -1.200588803,       4.499510714
          0,           0,        1036,      -2.861122695,     -0.7176738148,     -0.7400247733,       2.531849015,      -1.199782584,        4.49048022
          0,           0,        1037,       -2.86898172,     -0.6648007615,     -0.6775557397,       2.523480647,      -1.198910807,       4.357632721
          0,           0,        1038,      -2.876289478,     -0.6807402621,     -0.7111292663,       2.516131033,      -1.197778931,       4.303965023
          0,           0,        1039,      -2.869667051,     -0.6857273838,     -0.7108333698,       2.524085086,      -1.196942732,       4.345347862
          0,           0,        1040,      -2.883057075,     -0.6686443436,     -0.6803894475,       2.508871608,      -1.196090824,       4.497163162
          0,           0,        1041,      -2.881904738,     -0.7037545267,     -0.7230119037,       2.510472596,      -1.195086758,       4.607229158
          0,           0,        1042,       -2.88172858,     -0.6734802679,     -0.6579330161,       2.509944517,      -1.194305387,       4.379738479
          0,           0,        1043,      -2.895167884,     -0.7151112115,     -0.7369346797,       2.496466206,      -1.193342381,       4.427152288
          0,           0,        1044,      -2.870633592,     -0.6882928971,     -0.7092724915,       2.522011572,      -1.192680227,       4.497984199
          0,           0,        1045,      -2.890604763,     -0.7341164246,     -0.7346989849,       2.501052779,        -1.1919446,       4.508293146
          0,           0,        1046,      -2.861145298,     -0.6913637534,      -0.719214483,       2.532002986,      -1.191274738,       4.362885656
          0,           0,        1047,      -2.895182271,     -0.7085816462,     -0.7319431161,       2.496271702,      -1.190801403,       4.405578515
          0,           0,        1048,      -2.866602318,     -0.7359263277,     -0.7333970003,       2.526747598,      -1.190457353,       4.368413386
          0,           0,        1049,      -2.877314153,     -0.7298565291,     -0.7441843136,       2.513569539,      -1.189763787,        4.45982264
          0,           0,        1050,      -2.867827818,     -0.7548889382,     -0.7526667764,       2.525361406,      -1.189092047,       4.525582468
          0,           0,        1051,      -2.881270367,     -0.7467254008,       -0.72611614,       2.509592646,      -1.188425255,       4.157156334
          0,           0,        1052,      -2.868851853,     -0.7774170285,     -0.7627650938,       2.523407716,      -1.187697836,       4.329037302
          0,           0,        1053,      -2.852528045,     -0.7194869409,     -0.7335074886,       2.539952614,      -1.186713147,        4.51542506
          0,           0,        1054,       -2.87977544,     -0.7305864205,     -0.7223917667,       2.512119069,      -1.185734183,       4.411304834
          0,           0,        1055,      -2.877931521,     -0.6882739841,     -0.7256301184,       2.514780736,      -1.184851163,       4.297031813
          0,           0,        1056,       -2.88721749,     -0.6815090335,     -0.7235087195,       2.505030467,      -1.183889468,       4.251713929
          0,           0,        1057,      -2.878959066,     -0.6868413271,     -0.7430033476,        2.51416559,        -1.1828807,       4.379991976
          0,           0,        1058,      -2.892580755,      -0.630199118,     -0.6909579213,       2.497691617,      -1.181996731,       4.564196751
          0,           0,        1059,      -2.896801199,     -0.6832452075,     -0.7117635319,       2.496108765,          -1.18086,       4.551195748
          0,           0,        1060,       -2.89841925,     -0.6535712397,     -0.6874924916,         2.4920747,      -1.180016566,       4.296475711
          0,           0,        1061,      -2.905860877,     -0.6905567596,     -0.7396719433,       2.484706147,      -1.179417735,       4.470774221
          0,           0,        1062,      -2.872915769,     -0.6782715333,     -0.7070043037,       2.519445183,      -1.178507714,        4.51771647
          0,           0,        1063,      -2.892491686,     -0.7238847854,     -0.7291416238,       2.499335784,      -1.177568601,       4.474693643
          0,           0,        1064,      -2.894079951,     -0.7015395094,     -0.7222972422,        2.49798021,      -1.176927907,       4.355066926
          0,           0,        1065,      -2.925533453,     -0.7007696797,     -0.7135118439,       2.463819654,      -1.176302568,       4.319620837
          0,           0,        1066,      -2.880235614,     -0.6969737173,     -0.7028453654,       2.512827087,      -1.175730325,       4.381051682
          0,           0,        1067,      -2.886718714,     -0.7018727903,     -0.7296005363,       2.504294743,       -1.17500079,       4.544937936
          0,           0,        1068,      -2.879143125,     -0.7076746485,      -0.745204203,       2.513347631,      -1.174320495,       4.490751581
          0,           0,        1069,      -2.890231168,      -0.736301506,     -0.7370094288,       2.500547072,       -1.17351941,        4.26956506
          0,           0,        1070,      -2.871624202,     -0.7178171128,     -0.7411692179,       2.521351581,      -1.172659285,       4.459555697
          0,           0,        1071,      -2.852431226,     -0.6932958942,     -0.7657791087,       2.541096452,      -1.171649876,         4.4918387
          0,           0,        1072,      -2.868695088,     -0.7028403332,      -0.715407344,       2.523863103,       -1.17065519,       4.337368337
          0,           0,        1073,      -2.869868812,     -0.7309374639,     -0.7490483269,       2.522049009,      -1.169662605,       4.334819186
          0,           0,        1074,      -2.877964074,     -0.7749089905,     -0.7445303099,       2.513702434,      -1.168406826,       4.308184282
          0,           0,        1075,      -2.872469314,     -0.7409649892,     -0.7487345624,       2.519304287,      -1.167268352,       4.415711847
          0,           0,        1076,      -2.867131395,     -0.7424981442,     -0.7455705076,       2.524795572,      -1.166370339,        4.56810623
          0,           0,        1077,      -2.863114542,     -0.7141543405,     -0.7525019384,       2.530458624,      -1.165356805,       4.511542364
          0,           0,        1078,      -2.872454346,     -0.7029808138,     -0.7388892931,       2.520446324,      -1.164553296,       4.385013654
          0,           0,        1079,      -2.875148024,     -0.6965528382,      -0.743785623,       2.517864593,      -1.163726939,       4.489200466
          0,           0,        1080,       -2.87194403,     -0.7182548244,     -0.7723579205,       2.520824575,      -1.162983745,       4.508629945
          0,           0,        1081,      -2.874721895,     -0.6931377323,     -0.7208832202,       2.517440089,      -1.162319931,        4.34232845
          0,           0,        1082,       -2.87702952,      -0.694633934,     -0.7319730389,       2.515094532,      -1.161598951,       4.329300678
          0,           0,        1083,      -2.883108878,     -0.6871501049,     -0.7151519934,       2.510266557,      -1.161074763,       4.368775595
          0,           0,        1084,      -2.881174803,     -0.6831668734,     -0.7119933568,        2.51092656,      -1.160523749,        4.50945843
          0,           0,        1085,      -2.889082263,       -0.72621295,      -0.750081913,       2.503325337,      -1.159940178,       4.583550077
          0,           0,        1086,      -2.879611136,     -0.6811340476,     -0.6897985423,       2.512780497,       -1.15921241,       4.477449471
          0,           0,        1087,      -2.895538019,     -0.7248380796,      -0.724606578,       2.496872831,      -1.158389466,       4.301240066
          0,           0,        1088,      -2.878949106,     -0.7028006099,     -0.7116354076,       2.513804628,       -1.15751746,       4.506006557
          0,           0,        1089,      -2.902670468,     -0.7360482123,     -0.7318369896,       2.487935132,      -1.156601036,       4.547425166
          0,           0,        1090,      -2.891682578,     -0.7045008336,     -0.7148446201,       2.499792277,      -1.155534472,       4.414802362
          0,           0,        1091,      -2.893244541,     -0.7075474812,     -0.7176238432,       2.498138654,      -1.154392331,       4.299245242
          0,           0,        1092,      -2.873852424,     -0.7152579268,     -0.7458447286,        2.51931647,      -1.153207736,       4.287362011
          0,           0,        1093,      -2.896208615,     -0.7259254768,     -0.7444145785,         2.4940936,       -1.15216287,       4.430470507
          0,           0,        1094,      -2.869158377,     -0.7046491894,     -0.7422649813,       2.523766157,      -1.151337185,       4.546117836
          0,           0,        1095,      -2.876113837,     -0.7298243992,      -0.738426736,        2.51567791,       -1.15065801,       4.293382529
          0,           0,        1096,      -2.876725174,     -0.7647995796,     -0.7532970993,       2.516611153,      -1.149714699,       4.320929987
          0,           0,        1097,      -2.862465392,     -0.7452990694,     -0.7331543306,       2.529588312,      -1.148798534,       4.496777194
          0,           0,        1098,      -2.870482882,     -0.7893233124,     -0.7304991209,       2.522927873,      -1.147964148,       4.454721303
          0,           0,        1099,      -2.858744015,     -0.7565808366,      -0.755438784,       2.534616185,      -1.146950768,       4.344633137
          0,           0,        1100,      -2.891849936,     -0.7417527389,     -0.7313373458,       2.500081741,      -1.146081381,        4.25275399
          0,           0,        1101,      -2.865166215,     -0.7365915443,     -0.7508447846,       2.528307143,      -1.145218077,       4.355411286
          0,           0,        1102,      -2.887058384,      -0.697825432,     -0.6963835206,       2.504771497,      -1.144523447,       4.513652427
          0,           0,        1103,      -2.879384367,     -0.7501331966,     -0.7374971959,        2.51407128,      -1.143837539,       4.577525678
          0,           0,        1104,      -2.899058755,     -0.6928284615,     -0.7035152591,       2.491737854,      -1.143165599,       4.441192596
          0,           0,        1105,      -2.903187156,     -0.7078956769,     -0.7495147161,       2.489456038,      -1.142522543,       4.533292492
          0,           0,        1106,      -2.902172971,      -0.686069266,     -0.7256386918,       2.488789232,      -1.141846621,        4.56616088
          0,           0,        1107,      -2.919286991,     -0.7382343326,     -0.7552749473,       2.471800087,      -1.141001795,       4.509244836
          0,           0,        1108,      -2.912245782,     -0.7077589079,     -0.7215414713,       2.478521518,      -1.140229405,       4.381207124
          0,           0,        1109,      -2.926688133,     -0.7398028332,     -0.7452824269,       2.464219282,      -1.139265217,       4.331398424
          0,           0,        1110,      -2.888662071,     -0.7463000386,     -0.7610717511,       2.504388558,      -1.138284588,        4.35956475
          0,           0,        1111,      -2.906620344,     -0.7785101043,     -0.7426262274,       2.484370413,      -1.137258442,       4.491314975
          0,           0,        1112,      -2.880543222,     -0.7739167141,      -0.753529934,       2.511534483,      -1.135953356,       4.529472086
          0,           0,        1113,       -2.89046674,     -0.7372654364,     -0.7400769785,       2.499868432,      -1.134953097,        4.18824782
          0,           0,        1114,      -2.857559895,     -0.7607287849,     -0.7707493565,       2.536205579,      -1.134174702,       4.404036581
          0,           0,        1115,      -2.860540559,     -0.7576751902,     -0.7591761461,       2.532786684,      -1.133269485,       4.484056432
          0,           0,        1116,      -2.872504887,     -0.7374959951,     -0.7080624762,       2.519672817,      -1.132444403,       4.357058123
          0,           0,        1117,      -2.876181629,     -0.7175912016,     -0.7335876133,       2.516864331,      -1.131451512,       4.235664707
          0,           0,        1118,      -2.881496192,      -0.733408713,     -0.7125607457,       2.511549239,      -1.130359587,       4.305881312
          0,           0,        1119,      -2.876019061,     -0.7319716899,     -0.7390797348,       2.516594361,      -1.129687089,       4.419171705
          0,           0,        1120,      -2.878122888,     -0.7372425432,     -0.7333236952,       2.513118971,       -1.12924386,       4.590969531
          0,           0,        1121,      -2.871469831,     -0.7611453363,     -0.7554172347,       2.522021695,      -1.128446349,       4.548606618
          0,           0,        1122,      -2.878580147,     -0.7390963076,     -0.7321861585,       2.513934748,       -1.12762887,       4.451381821
          0,           0,        1123,      -2.879223542,     -0.7875224835,     -0.7626332181,       2.513938616,      -1.127000986,       4.570434041
          0,           0,        1124,      -2.867778401,      -0.726465505,     -0.7177679023,       2.524428323,       -1.12640525,       4.569786117
          0,           0,        1125,      -2.896627451,     -0.7520424932,     -0.7380828091,        2.49502883,      -1.125652802,       4.439550865
          0,           0,        1126,      -2.868685246,     -0.7273973715,     -0.7566114937,       2.523971936,      -1.124869022,       4.372942343
          0,           0,        1127,      -2.900262928,     -0.7100114575,     -0.7097446531,       2.491771599,      -1.124028155,       4.314785199
          0,           0,        1128,      -2.887816929,     -0.7134738327,     -0.7352922186,       2.504099748,      -1.122985425,       4.405847946
          0,           0,        1129,      -2.890009814,     -0.7111750571,     -0.7033389655,       2.501655282,      -1.122043437,       4.576382096
          0,           0,        1130,      -2.887160387,     -0.7321175194,      -0.722667734,       2.506225605,      -1.121079377,       4.551020023
          0,           0,        1131,      -2.894519117,      -0.707264068,     -0.7084488074,       2.497056012,      -1.119933903,       4.314466712
          0,           0,        1132,      -2.898634813,     -0.7304910914,     -0.7152271164,       2.494470337,      -1.118879286,       4.482846277
          0,           0,        1133,      -2.906376445,     -0.7195866012,     -0.7098530893,       2.484243291,      -1.117980412,       4.536792676
          0,           0,        1134,      -2.898195564,     -0.7368079202,     -0.7110913845,       2.495171663,      -1.117009387,       4.451056495
          0,           0,        1135,      -2.908477821,     -0.7021001178,     -0.7116265732,       2.483465862,      -1.116251196,        4.37684534
          0,           0,        1136,       -2.91209907,     -0.7451234271,     -0.7376456047,       2.480053136,      -1.115348294,       4.329921628
          0,           0,        1137,      -2.893409104,      -0.706584077,     -0.7130355581,       2.498527045,      -1.114438181,       4.385765795
          0,           0,        1138,      -2.879635675,     -0.7374548449,     -0.7379220736,       2.513372779,      -1.113944207,       4.482130245
          0,           0,        1139,       -2.87986361,      -0.766891292,     -0.7660933742,       2.512181424,      -1.113340858,       4.361010232
          0,           0,        1140,      -2.874957494,     -0.7611058231,     -0.7570788888,       2.518361795,      -1.112614358,       4.334429777
          0,           0,        1141,      -2.870036577,     -0.7816444557,     -0.7829298293,       2.521802155,      -1.111826412,       4.473716566
          0,           0,        1142,      -2.859390128,     -0.7797373851,     -0.7887713783,       2.534854822,      -1.111093868,       4.405028253
          0,           0,        1143,      -2.880997012,     -0.7967137297,     -0.7676410391,       2.512242736,       -1.11029553,       4.372037137
          0,           0,        1144,      -2.879968944,       -0.80069403,     -0.7779767839,       2.513318637,      -1.109635247,       4.270031288
          0,           0,        1145,      -2.882676329,     -0.7902344215,     -0.7880549512,       2.510397857,      -1.108773356,       4.399334691
          0,           0,        1146,      -2.888380053,     -0.7793578509,     -0.7940026049,       2.503141151,       -1.10765596,       4.541157736
          0,           0,        1147,      -2.887957478,     -0.7608952711,     -0.6987427297,        2.50452669,      -1.106683859,       4.590368692
          0,           0,        1148,      -2.872698012,     -0.7755615609,      -0.748249066,       2.519321365,      -1.105618774,       4.302930853
          0,           0,        1149,      -2.872339987,     -0.7699010611,     -0.7752950903,       2.520338231,      -1.104759634,       4.434828066
          0,           0,        1150,      -2.871601225,     -0.7637561952,      -0.760023648,       2.520137239,      -1.103825093,       4.554332963
          0,           0,        1151,       -2.87905504,      -0.740575454,     -0.7754697113,       2.513352991,      -1.102862441,       4.533242263
          0,           0,        1152,      -2.880643266,     -0.7231252881,     -0.7261558288,        2.51125753,      -1.102020436,       4.347876844
          0,           0,        1153,      -2.884907876,     -0.7330577299,     -0.7568924917,       2.508354429,      -1.101196081,       4.230390681
          0,           0,        1154,      -2.877973194,     -0.7051551836,      -0.744911543,       2.515558896,      -1.100227686,       4.353954425
          0,           0,        1155,      -2.889228914,     -0.7055822264,     -0.7452311553,       2.502217728,      -1.099440991,       4.551507903
          0,           0,        1156,      -2.886713915,     -0.7380728271,     -0.7610365971,       2.506602687,      -1.098646731,       4.626430569
          0,           0,        1157,      -2.895424972,     -0.7029782207,     -0.7360789739,       2.495588433,       -1.09779104,       4.325761579
          0,           0,        1158,      -2.891179384,     -0.7597537665,     -0.7794823572,        2.50085427,      -1.096995049,       4.396795538
          0,           0,        1159,      -2.880057974,     -0.7033505601,     -0.7356685583,       2.511730334,      -1.096197533,       4.515210767
          0,           0,        1160,      -2.886817398,     -0.7221288765,      -0.746360069,       2.504765577,      -1.095495574,       4.546262885
          0,           0,        1161,      -2.879759236,     -0.6687770567,     -0.6886033201,       2.512718559,      -1.094628782,       4.410032157
          0,           0,        1162,      -2.903286233,     -0.6943237288,     -0.7013304969,       2.487996435,      -1.093846294,       4.371181547
          0,           0,        1163,      -2.880254485,     -0.6699516294,     -0.7180949163,       2.513599402,      -1.093046235,       4.315778542
          0,           0,        1164,      -2.895714129,     -0.7027051121,     -0.7050002535,       2.495003106,      -1.092246461,       4.431618716
          0,           0,        1165,      -2.884323162,     -0.7263203676,     -0.7462737103,       2.507380456,      -1.091480843,       4.548931676
          0,           0,        1166,       -2.88179843,     -0.7315616831,     -0.7443314118,       2.509613393,      -1.090478513,       4.277205958
          0,           0,        1167,      -2.877981559,       -0.76024178,     -0.7847874606,       2.515321071,      -1.089520456,       4.314470982
          0,           0,        1168,      -2.868179973,     -0.7612477902,     -0.7608727368,       2.523307482,      -1.088596701,       4.480094154
          0,           0,        1169,      -2.883029669,     -0.7875575148,     -0.7802229997,       2.509318565,      -1.087678868,       4.467049536
          0,           0,        1170,      -2.883410349,     -0.7676149466,     -0.7833592522,       2.508930639,      -1.086700615,       4.309185562
          0,           0,        1171,      -2.891668279,     -0.7532386708,     -0.7668256858,       2.500699465,      -1.085713105,       4.226609362
          0,           0,        1172,      -2.865296159,     -0.7448722263,      -0.798768896,       2.528482747,       -1.08466052,        4.35286757
          0,           0,        1173,      -2.886510893,     -0.7187652184,     -0.7477317303,       2.505678729,      -1.083821243,       4.507243258
          0,           0,        1174,      -2.878738987,     -0.7284335128,     -0.7616227636,       2.514955684,      -1.083110951,       4.550631895
          0,           0,        1175,      -2.883899902,     -0.6814648809,     -0.7209273166,       2.507497846,      -1.082268167,       4.370869351
          0,           0,        1176,      -2.893506022,     -0.7432540703,     -0.7553294018,       2.499592329,      -1.081468103,        4.47479275
          0,           0,        1177,      -2.884738331,      -0.714798769,     -0.7474092624,       2.506876594,       -1.08063004,       4.556223884
          0,           0,        1178,      -2.900316921,     -0.7439285074,     -0.7545963488,       2.492084665,      -1.079834004,       4.512232929
          0,           0,        1179,      -2.898000554,     -0.7057989467,     -0.7258180936,       2.493596369,      -1.079046684,       4.374525928
          0,           0,        1180,      -2.924753923,     -0.7184554265,     -0.7311275654,       2.467304449,      -1.078214363,       4.317229075
          0,           0,        1181,      -2.895214083,      -0.727343611,     -0.7425012574,       2.498142376,      -1.077319692,       4.413333695
          0,           0,        1182,      -2.911202893,     -0.7267512069,     -0.7338745039,        2.48028386,      -1.076354607,       4.569652848
          0,           0,        1183,       -2.90006241,     -0.7772137802,     -0.7751164565,       2.491702923,      -1.075400805,        4.63198325
          0,           0,        1184,      -2.915274781,      -0.723354637,     -0.7089052923,       2.475127361,      -1.074267993,       4.377186487
          0,           0,        1185,      -2.894150737,     -0.7627124519,     -0.7671050758,       2.498036298,      -1.073309047,        4.41455843
          0,           0,        1186,      -2.880503324,     -0.7206683961,     -0.7455783785,       2.511932314,      -1.072379051,       4.484323424
          0,           0,        1187,      -2.874301367,     -0.7495640437,     -0.7663294065,       2.519865489,      -1.071399371,       4.436110276
          0,           0,        1188,      -2.888187727,      -0.717868374,     -0.7328291066,       2.503482333,      -1.070402455,       4.377915123
          0,           0,        1189,      -2.898385793,     -0.7447620344,     -0.7494325199,       2.495198483,      -1.069537235,       4.312385802
          0,           0,        1190,      -2.877137907,     -0.7361847207,     -0.7666945133,         2.5156991,      -1.068610365,       4.363039371
          0,           0,        1191,      -2.899353281,     -0.7599100972,     -0.7733129159,        2.49196505,       -1.06777855,       4.543160953
          0,           0,        1192,      -2.877972837,     -0.7575224812,     -0.7694425803,       2.515729187,      -1.067053536,       4.519840426
          0,           0,        1193,      -2.903032616,     -0.7338679017,     -0.7324815926,        2.48817745,      -1.066169557,       4.264651203
          0,           0,        1194,      -2.882902844,     -0.7676881814,     -0.7782381987,       2.510656032,      -1.065354424,       4.489777374
          0,           0,        1195,       -2.87323537,     -0.7089870653,     -0.7379063291,       2.519453572,      -1.064547484,       4.539708916
          0,           0,        1196,      -2.899242439,      -0.726476996,     -0.7347591143,       2.492987053,      -1.063715121,       4.410377435
          0,           0,        1197,      -2.889864624,     -0.6850483175,      -0.744231442,        2.50329998,      -1.062838812,       4.355256135
          0,           0,        1198,      -2.905786459,       -0.70903788,     -0.7351536728,       2.486915756,      -1.061935877,        4.30471485
          0,           0,        1199,      -2.879435028,     -0.6903517003,     -0.7411741013,       2.513826571,      -1.060962259,       4.405303814
          0,           0,        1200,      -2.891423467,      -0.703892809,     -0.7235963508,       2.500913657,      -1.060025278,       4.575552153
          0,           0,        1201,      -2.883205616,     -0.7244145421,     -0.7524203841,       2.510500258,      -1.059095641,       4.475747496
          0,           0,        1202,      -2.894444023,     -0.7177703905,     -0.7360656462,       2.497813237,      -1.058006489,       4.329276245
          0,           0,        1203,      -2.878692042,     -0.6939983171,     -0.7159752579,       2.514792114,      -1.056903486,       4.516192801
          0,           0,        1204,      -2.870258813,     -0.7343606651,     -0.7652474778,       2.522836581,      -1.055826074,        4.53685671
          0,           0,        1205,      -2.879376454,     -0.7262467111,     -0.7408618223,       2.513766428,      -1.054804585,       4.375980447
          0,           0,        1206,      -2.884803055,     -0.7308784358,     -0.7406118649,       2.507672614,      -1.053705932,       4.298125642
          0,           0,        1207,      -2.880665955,     -0.7259071515,     -0.7208337244,       2.512910392,      -1.052716869,       4.280001159
          0,           0,        1208,      -2.886663442,     -0.7247700543,     -0.7342512615,       2.505022267,      -1.051674029,       4.436123721
          0,           0,        1209,      -2.874156294,     -0.7518597372,     -0.7279855734,         2.5198559,      -1.050805441,       4.536411105
          0,           0,        1210,      -2.871781012,     -0.7027323106,     -0.7268966874,        2.52101295,      -1.049991735,       4.387024076
          0,           0,        1211,      -2.883647609,     -0.7688118543,     -0.7734403871,        2.51015937,      -1.049141412,       4.366886764
          0,           0,        1212,      -2.867472704,     -0.7202397305,     -0.7490138605,       2.524946439,      -1.048365665,        4.51645046
          0,           0,        1213,      -2.867556887,     -0.7669410126,     -0.7704124499,       2.526330083,      -1.047742959,       4.518657935
          0,           0,        1214,      -2.867461147,     -0.7336811683,     -0.7402770658,       2.525492828,      -1.046991354,       4.417880443
          0,           0,        1215,       -2.87737339,     -0.7489730153,     -0.7484089202,       2.516509176,      -1.046202478,       4.284632084
          0,           0,        1216,      -2.877358806,     -0.7396819615,     -0.7746151336,       2.517164747,      -1.045374746,       4.441548947
          0,           0,        1217,      -2.885532977,     -0.7148489115,     -0.7434818146,       2.507542459,      -1.044516115,       4.568008773
          0,           0,        1218,      -2.883271597,     -0.7001355789,     -0.7415872453,       2.510872031,      -1.043714583,       4.594852611
          0,           0,        1219,       -2.88900532,     -0.6941217256,     -0.7186746391,         2.5039991,      -1.042884413,       4.426198296
          0,           0,        1220,      -2.895889613,     -0.7381045761,      -0.763559445,       2.497825188,      -1.041959387,       4.479887895
          0,           0,        1221,      -2.889464791,     -0.7092906791,     -0.7342265526,       2.503614976,      -1.040934217,       4.547239492
          0,           0,        1222,      -2.898239397,     -0.7067607344,     -0.7257732014,       2.494699335,      -1.039925097,       4.535082164
          0,           0,        1223,      -2.885087576,     -0.6787643261,     -0.7026895759,       2.508261915,      -1.039043214,       4.380436467
          0,           0,        1224,      -2.905048192,     -0.6928794046,     -0.7114343822,       2.488077709,      -1.038163971,       4.384089024
          0,           0,        1225,      -2.886269196,     -0.7049582357,     -0.7240387092,       2.508671591,      -1.037328644,        4.30896837
          0,           0,        1226,      -2.885065355,     -0.6647532913,     -0.6838550635,       2.507852808,      -1.036484591,       4.490486132
          0,           0,        1227,      -2.894647355,     -0.6955316765,     -0.6944346027,        2.49949616,      -1.035564402,       4.513427425
          0,           0,        1228,      -2.890356999,     -0.6885543375,     -0.7003526572,       2.502321656,      -1.034765051,       4.202263288
          0,           0,        1229,      -2.886758308,     -0.7198134509,     -0.7536861009,       2.507647104,       -1.03377692,       4.444748126
          0,           0,        1230,      -2.872094897,     -0.7132798106,     -0.7113463603,       2.521303946,      -1.032633102,       4.541754248
          0,           0,        1231,      -2.867588878,     -0.7125909348,     -0.7104817692,       2.526894177,      -1.031625945,       4.436833915
          0,           0,        1232,      -2.869329727,     -0.6966673009,     -0.7130943567,       2.525636101,      -1.030881477,       4.345275055
          0,           0,        1233,      -2.869723388,     -0.7156572225,     -0.7180653124,       2.524742859,      -1.030063841,       4.282717468
          0,           0,        1234,      -2.853892581,     -0.7155208331,     -0.7369819301,       2.541615031,      -1.029208324,       4.498290176
          0,           0,        1235,      -2.884190887,     -0.7106983937,     -0.7243123992,       2.509004588,      -1.028400873,       4.604986559
          0,           0,        1236,      -2.887002478,     -0.7238144195,     -0.7126648451,       2.506325032,      -1.027699859,       4.610559717
          0,           0,        1237,       -2.87487001,     -0.7326550432,     -0.7420356284,       2.518021355,      -1.027019481,       4.364426239
          0,           0,        1238,      -2.881892918,     -0.7983983036,     -0.7959505567,        2.51258568,      -1.026250521,       4.496094805
          0,           0,        1239,      -2.866056524,     -0.7130400788,     -0.7088041101,       2.527105495,      -1.025332762,       4.544205731
          0,           0,        1240,      -2.887891263,     -0.7180352517,     -0.7055425956,       2.505293894,      -1.024399258,       4.432430326
          0,           0,        1241,      -2.873276783,     -0.7218687626,      -0.741703695,       2.521415082,      -1.023463999,        4.36534051
          0,           0,        1242,      -2.912943857,     -0.7017655528,     -0.7250186851,       2.479764112,      -1.022570817,       4.320492244
          0,           0,        1243,      -2.883430181,     -0.6878868423,     -0.7319431738,       2.510170833,      -1.021620602,       4.340052769
          0,           0,        1244,        -2.8908365,      -0.660126628,     -0.7082571946,       2.502214793,      -1.020606611,       4.454757348
          0,           0,        1245,      -2.883065923,     -0.6829170963,     -0.7416775822,       2.510392544,      -1.019574938,        4.45617284
          0,           0,        1246,      -2.879181136,     -0.6562893319,     -0.7077032284,       2.514698418,      -1.018745481,       4.343057932
          0,           0,        1247,      -2.877949566,     -0.6788684233,     -0.7284481402,       2.516634925,      -1.017870703,       4.488285879
          0,           0,        1248,      -2.857097343,     -0.6954597279,     -0.7293111209,       2.538254464,      -1.017000047,       4.522580572
          0,           0,        1249,      -2.886716933,     -0.7132226368,     -0.7280705916,       2.506731441,      -1.016227832,       4.355874543
          0,           0,        1250,      -2.873036718,     -0.7082363202,     -0.7371337058,       2.521922035,      -1.015591226,       4.343329511
          0,           0,        1251,      -2.904588022,     -0.7384700558,     -0.7530870497,       2.488981986,      -1.014832451,       4.341744095
          0,           0,        1252,      -2.890864616,     -0.7496255785,     -0.7701213752,       2.502612707,      -1.013975224,       4.485696871
          0,           0,        1253,      -2.889203237,     -0.7173344967,     -0.7157191545,       2.504447483,      -1.013166747,       4.574877798
          0,           0,        1254,      -2.895112729,     -0.7698646459,     -0.7582477704,       2.498750975,      -1.012357448,       4.498392845
          0,           0,        1255,      -2.891807304,     -0.7393615764,      -0.727868343,       2.501341601,      -1.011601672,       4.239938623
          0,           0,        1256,      -2.877061807,     -0.7547628895,     -0.7539001262,       2.517262385,      -1.010854347,       4.472704827
          0,           0,        1257,      -2.873660391,     -0.7379099663,     -0.7305608417,       2.520550854,       -1.00998726,       4.540939381
          0,           0,        1258,      -2.875959613,     -0.7410730644,     -0.7353737389,       2.517598149,      -1.009102704,       4.401367699
          0,           0,        1259,      -2.883086941,     -0.7590161956,     -0.7588923511,       2.510267636,       -1.00819313,       4.338769228
          0,           0,        1260,      -2.882918165,      -0.761748615,     -0.7930256632,        2.51136506,      -1.007283182,       4.268746978
          0,           0,        1261,      -2.879873087,     -0.7549343422,     -0.7722730139,       2.512915354,      -1.006216379,        4.37540416
          0,           0,        1262,      -2.886308992,     -0.7661337934,     -0.7639539854,       2.506661493,      -1.005365644,       4.540359559
          0,           0,        1263,      -2.879020964,     -0.7480815808,     -0.7691625474,       2.515215677,      -1.004515101,        4.41412947
          0,           0,        1264,      -2.890861376,     -0.7608690605,     -0.7774856651,       2.503352232,      -1.003768177,        4.26572553
          0,           0,        1265,      -2.861379642,     -0.7331291123,      -0.744770663,       2.533434356,       -1.00297498,       4.487211007
          0,           0,        1266,       -2.86854177,     -0.7121045856,     -0.7582110983,       2.526187262,      -1.002079438,       4.505673079
          0,           0,        1267,      -2.886850018,     -0.6993879824,     -0.7289380332,       2.507180819,      -1.001302998,       4.341929151
          0,           0,        1268,       -2.89260239,     -0.6848939136,     -0.7535661369,        2.50103954,      -1.000588769,       4.164580786
          0,           0,        1269,      -2.885370783,     -0.7010375786,     -0.7488475404,       2.509528778,     -0.9999189917,       4.360161091
          0,           0,        1270,      -2.877979707,       -0.67571157,      -0.727514399,         2.5157457,     -0.9991582959,       4.572057332
          0,           0,        1271,      -2.892167456,     -0.7153912005,     -0.7420185529,        2.50220078,     -0.9983521121,       4.609286895
          0,           0,        1272,      -2.892901991,     -0.6882422987,     -0.6950536145,       2.500765204,     -0.9975833255,       4.416729929
          0,           0,        1273,      -2.905703066,      -0.739697203,     -0.7168137057,       2.488395027,     -0.9967770616,       4.362192172
          0,           0,        1274,      -2.891169712,     -0.7367946718,     -0.7239016431,       2.502328524,     -0.9959922219,       4.534390841
          0,           0,        1275,      -2.908446847,     -0.7409742117,     -0.7192695022,       2.484418181,     -0.9950897143,       4.551685787
          0,           0,        1276,      -2.898742364,     -0.7572477288,     -0.7253753205,       2.494175752,       -0.99413253,       4.386526068
          0,           0,        1277,      -2.916684207,     -0.7843162006,     -0.7621664911,        2.47535403,      -0.993249931,       4.362601109
          0,           0,        1278,      -2.897037846,     -0.7478247791,     -0.7519831657,       2.496184096,     -0.9923912547,        4.34170065
          0,           0,        1279,      -2.883862226,     -0.7327039578,     -0.7217097591,       2.508639593,     -0.9915086533,       4.479441483
          0,           0,        1280,      -2.884358288,     -0.6916256407,     -0.7334337722,       2.508931534,     -0.9906697088,       4.568312143
          0,           0,        1281,      -2.891486872,     -0.7242879264,     -0.7215639718,       2.501176886,     -0.9897410176,       4.163118734
          0,           0,        1282,      -2.881667692,     -0.7260626768,     -0.7358576014,       2.512859359,     -0.9889158635,       4.420534961
          0,           0,        1283,      -2.861323261,     -0.7339733247,     -0.7501706544,       2.531957534,     -0.9880984271,       4.538438416
          0,           0,        1284,      -2.878508291,     -0.7605702571,     -0.7545991546,       2.515548939,     -0.9872104522,       4.524840606
          0,           0,        1285,      -2.876360541,     -0.7106168079,     -0.7249017486,        2.51770454,     -0.9864398447,       4.414669574
          0,           0,        1286,      -2.898642119,     -0.7561772173,     -0.7388036308,       2.495095835,     -0.9857959704,       4.309067771
          0,           0,        1287,      -2.888076637,     -0.7260677345,     -0.7598020242,       2.505800676,     -0.9849946604,       4.336093106
          0,           0,        1288,      -2.891407398,     -0.7138130436,      -0.729241127,        2.50176469,     -0.9841774957,       4.505188625
          0,           0,        1289,      -2.896283482,     -0.7278560042,     -0.7575907996,       2.497931288,     -0.9833641701,       4.564519903
          0,           0,        1290,      -2.897141505,     -0.6698766262,     -0.7252831718,       2.496087003,     -0.9826210247,       4.483450861
          0,           0,        1291,      -2.895982988,     -0.7442967823,     -0.7820642418,       2.498926056,     -0.9818744229,       4.558299119
          0,           0,        1292,      -2.886241299,     -0.6880190906,     -0.7236016069,       2.506861995,     -0.9811735585,       4.555512974
          0,           0,        1293,      -2.900289372,     -0.6988340999,      -0.742986738,       2.493873365,     -0.9803868174,        4.46890267
          0,           0,        1294,      -2.896020219,     -0.6947389991,     -0.7349406363,       2.498571434,     -0.9795571994,         4.3528122
          0,           0,        1295,      -2.922524634,     -0.7060796635,     -0.7265370725,       2.470743284,     -0.9787618504,       4.317912709
          0,           0,        1296,       -2.89360221,     -0.7280596546,     -0.7666034956,       2.500503989,      -0.977976972,        4.42907165
          0,           0,        1297,      -2.904393424,      -0.736208133,     -0.7510476481,       2.489132795,      -0.977109735,       4.525951726
          0,           0,        1298,      -2.902026786,     -0.7510597533,     -0.7778248059,       2.491366807,     -0.9762966227,       4.487412654
          0,           0,        1299,      -2.890744499,      -0.731296773,      -0.729658445,       2.502738933,     -0.9753840313,       4.187795955
          0,           0,        1300,      -2.881316664,     -0.7675120384,     -0.7459801031,       2.513421434,     -0.9746227362,       4.437849364
          0,           0,        1301,      -2.860096211,     -0.7427440414,      -0.753543085,       2.535208847,     -0.9738029833,       4.507975311
          0,           0,        1302,      -2.884352314,     -0.7140752121,     -0.6838287504,        2.50934233,     -0.9729655313,       4.336385576
          0,           0,        1303,      -2.868309532,     -0.7268654115,     -0.7190002741,       2.527186081,     -0.9722280485,       4.292814028
          0,           0,        1304,      -2.882031097,     -0.7233697497,      -0.732542386,       2.513578508,     -0.9716146499,       4.265361396
          0,           0,        1305,      -2.859833872,     -0.7313753255,     -0.7583998943,        2.53610839,     -0.9708430279,       4.487204164
          0,           0,        1306,      -2.885755596,     -0.7251191536,     -0.7229181064,       2.509400226,     -0.9700630416,       4.612168544
          0,           0,        1307,      -2.888131817,     -0.7411353914,      -0.749384754,       2.506762007,      -0.969311862,       4.550857836
          0,           0,        1308,      -2.877230099,     -0.7529487909,     -0.7370638366,       2.518427609,     -0.9686409063,       4.251801081
          0,           0,        1309,      -2.886631749,      -0.813292673,      -0.748641183,       2.508115064,     -0.9679415838,        4.49416233
          0,           0,        1310,       -2.88584101,     -0.7631540943,      -0.733658252,        2.50819728,     -0.9672092551,       4.543082528
          0,           0,        1311,      -2.895533786,     -0.7951020674,      -0.755943931,       2.497284802,      -0.966423446,       4.371984008
          0,           0,        1312,      -2.878068761,     -0.7846222892,     -0.7976501911,       2.516457671,     -0.9656968353,       4.299727471
          0,           0,        1313,      -2.889054375,     -0.7827017349,     -0.7427347997,       2.505618585,     -0.9649581883,       4.308868841
          0,           0,        1314,       -2.86634444,     -0.7491232887,     -0.7800061055,       2.528659351,      -0.964094767,       4.404080448
          0,           0,        1315,      -2.884101597,     -0.7267488451,     -0.7403533883,       2.509675791,     -0.9632692182,       4.568455336
          0,           0,        1316,      -2.883965947,     -0.7537951843,     -0.7662456006,       2.511106352,       -0.96245918,       4.497986698
          0,           0,        1317,      -2.888653974,     -0.7305663442,      -0.746431583,        2.50612047,     -0.9616428826,       4.300002693
          0,           0,        1318,       -2.88210124,      -0.752612512,     -0.7382386984,       2.513440692,     -0.9609009918,       4.489292402
          0,           0,        1319,      -2.877817514,      -0.748364892,     -0.7535881053,       2.516718527,      -0.960046045,       4.551343982
          0,           0,        1320,      -2.885180991,     -0.7707544811,     -0.7657922586,       2.509941606,     -0.9593282009,       4.443007191
          0,           0,        1321,      -2.889800946,     -0.7572471339,     -0.7596017583,       2.504035678,     -0.9586618437,       4.347686238
          0,           0,        1322,      -2.888215406,     -0.7986992958,     -0.8002113841,       2.506527883,     -0.9579065674,       4.307609295
          0,           0,        1323,      -2.885743862,     -0.7621606601,     -0.7892781943,       2.508307109,     -0.9571117602,       4.413097338
          0,           0,        1324,       -2.88305441,     -0.7636260081,     -0.7536329534,       2.510788514,     -0.9563520167,       4.531573861
          0,           0,        1325,      -2.887282707,     -0.7623465286,     -0.7772992188,       2.506804085,     -0.9556144683,       4.442605771
          0,           0,        1326,      -2.898595698,     -0.7558225589,     -0.7586384467,        2.49443566,     -0.9548899482,       4.262155471
          0,           0,        1327,      -2.881139291,     -0.7598884759,     -0.7668806277,        2.51350089,      -0.954120647,       4.441190386
          0,           0,        1328,      -2.871708558,     -0.7301983877,     -0.7457278837,       2.523276115,     -0.9533649049,       4.496259645
          0,           0,        1329,      -2.882339764,      -0.722560826,     -0.7373903675,       2.511720289,      -0.952549018,       4.355755598
          0,           0,        1330,      -2.894712732,     -0.7526616087,     -0.7836414145,       2.499622064,     -0.9518094119,       4.253671804
          0,           0,        1331,      -2.904368392,     -0.7785421467,     -0.7585461014,       2.489236451,     -0.9510458044,        4.30035699
          0,           0,        1332,      -2.891135177,     -0.7716998179,     -0.7940499044,       2.502337723,     -0.9502403624,       4.450962408
          0,           0,        1333,      -2.894586819,     -0.7765831141,     -0.7558272986,       2.498615396,     -0.9494544268,       4.586263169
          0,           0,        1334,      -2.877946652,      -0.785490895,     -0.7805586009,       2.516965478,     -0.9486549461,       4.469749557
          0,           0,        1335,      -2.883935543,     -0.7829723815,     -0.7797665361,       2.509862712,     -0.9477994468,       4.223216817
          0,           0,        1336,      -2.879894105,     -0.7524671129,     -0.7792088934,       2.514993473,     -0.9469972742,       4.463620724
          0,           0,        1337,       -2.86693605,      -0.748454013,     -0.8092994815,       2.527716767,     -0.9461880342,       4.527399099
          0,           0,        1338,      -2.874008878,     -0.7296651148,     -0.7582267439,        2.52020999,     -0.9453808002,       4.421010075
          0,           0,        1339,       -2.88605775,     -0.7101981822,     -0.7491599483,       2.508207993,     -0.9446570895,       4.425043322
          0,           0,        1340,       -2.87732025,     -0.7177610527,      -0.758663074,       2.517471709,     -0.9438668046,       4.361201315
          0,           0,        1341,      -2.872343709,     -0.7212326931,     -0.7650877912,       2.522168431,     -0.9430780024,       4.474729927
          0,           0,        1342,      -2.879418107,     -0.7137745247,     -0.7233320901,       2.514649382,     -0.9423235371,       4.610939333
          0,           0,        1343,      -2.889940365,     -0.7049328847,     -0.7399304996,       2.504709291,     -0.9415370322,       4.547206509
          0,           0,        1344,      -2.890951713,     -0.7477642192,     -0.7519193323,       2.503467782,      -0.940779056,       4.225703127
          0,           0,        1345,      -2.897423892,      -0.746875192,     -0.7428622723,       2.497353495,     -0.9400484389,        4.48471721
          0,           0,        1346,      -2.904931391,     -0.7483415906,     -0.7485116034,       2.487103206,     -0.9392576512,       4.548380924
          0,           0,        1347,      -2.917069526,     -0.7188731858,     -0.7058189818,       2.476061641,     -0.9384262235,       4.400899472
          0,           0,        1348,      -2.910262534,     -0.7233486536,     -0.7447459881,       2.483726399,     -0.9375494961,       4.331556627
          0,           0,        1349,      -2.917475173,     -0.7508149123,     -0.7331029827,       2.476926383,     -0.9367276972,       4.314152154
          0,           0,        1350,      -2.907041919,     -0.7452219745,     -0.7142385504,       2.485526291,     -0.9358232068,       4.397934085
          0,           0,        1351,       -2.90397092,     -0.7173295978,     -0.7178805622,       2.489255328,     -0.9350218915,       4.534894264
          0,           0,        1352,      -2.897621272,      -0.727870013,     -0.7616962142,       2.496053811,     -0.9342349121,       4.362318942
          0,           0,        1353,      -2.900884971,     -0.7178966831,     -0.7412449579,       2.492100854,     -0.9334476328,       4.341617208
          0,           0,        1354,      -2.884033593,     -0.7181670944,     -0.7383259937,       2.510203451,     -0.9326795659,       4.496932327
          0,           0,        1355,      -2.857160171,     -0.7611264106,     -0.7969943027,       2.538444654,     -0.9318558351,       4.563045712
          0,           0,        1356,       -2.86941576,     -0.7090881731,     -0.7480607167,       2.525152923,     -0.9310121668,       4.454810921
          0,           0,        1357,      -2.864585836,     -0.7193014487,     -0.7328473933,       2.531251401,      -0.930309652,       4.264847161
          0,           0,        1358,      -2.888435649,     -0.7647042431,     -0.7753921654,       2.507417519,      -0.929645534,       4.276284297
          0,           0,        1359,      -2.867519055,     -0.7218550024,      -0.728433902,        2.52799194,      -0.928833509,       4.576171209
          0,           0,        1360,      -2.875427711,     -0.7289837486,     -0.7350583914,       2.518944133,     -0.9280462285,        4.64050847
          0,           0,        1361,      -2.870453102,     -0.7413579412,     -0.7613716469,       2.525512099,     -0.9273000146,       4.564293885
          0,           0,        1362,      -2.882795065,     -0.6872160186,     -0.7067719271,       2.512280999,     -0.9265295099,        4.37056544
          0,           0,        1363,      -2.882512567,     -0.7377181456,     -0.7429991112,        2.51313287,      -0.925754021,       4.531405103
          0,           0,        1364,      -2.878394979,     -0.7163790004,     -0.7584447467,       2.515258749,     -0.9249148479,       4.550799785
          0,           0,        1365,      -2.895283517,      -0.741111379,     -0.7556927336,       2.497342046,     -0.9240468759,       4.413358707
          0,           0,        1366,      -2.884312345,     -0.7259107168,     -0.7616901099,       2.509184218,     -0.9231630975,       4.375888075
          0,           0,        1367,      -2.880522696,     -0.7337782785,     -0.7594790825,       2.514071752,     -0.9222524463,       4.330135308
          0,           0,        1368,      -2.862644884,     -0.6812453731,     -0.6955262716,       2.532570913,     -0.9213530287,       4.445908345
          0,           0,        1369,      -2.866898489,     -0.7055777908,     -0.7273114687,       2.528058381,     -0.9204580142,       4.551778186
          0,           0,        1370,      -2.893650087,     -0.7093344667,     -0.7564868028,       2.500536707,      -0.919532319,       4.448604766
          0,           0,        1371,      -2.878757412,     -0.7376221423,     -0.7611451235,       2.516024199,     -0.9185973615,       4.308592159
          0,           0,        1372,       -2.88570598,     -0.7457314431,     -0.7429144476,       2.509009436,     -0.9177608503,       4.517966649
          0,           0,        1373,      -2.859945864,     -0.7501617646,     -0.7812389666,       2.535342829,     -0.9169372627,       4.566075972
          0,           0,        1374,      -2.877203242,     -0.7138881476,     -0.7185580994,       2.516759568,     -0.9161055428,       4.413348206
          0,           0,        1375,      -2.875944292,      -0.722089651,     -0.7499158018,       2.519100395,     -0.9153256336,       4.360509925
          0,           0,        1376,      -2.865380547,     -0.7459860791,     -0.7590903993,       2.529916446,     -0.9145131748,       4.314955198
          0,           0,        1377,      -2.873118626,      -0.710868045,     -0.7452798893,       2.519897347,     -0.9138074014,        4.46687453
          0,           0,        1378,      -2.867292752,     -0.6952072883,     -0.7357844803,       2.526734387,     -0.9130517421,       4.607133736
          0,           0,        1379,      -2.871184511,     -0.7007263845,     -0.7457587046,       2.523199122,     -0.9122609294,       4.458665025
          0,           0,        1380,      -2.872543492,     -0.7374742364,     -0.7608503292,       2.521878823,     -0.9114625058,       4.280264776
          0,           0,        1381,      -2.859073907,     -0.7421810677,     -0.7685086643,       2.536266445,     -0.9107087818,       4.454309333
          0,           0,        1382,      -2.859114551,     -0.7294041349,     -0.7783837566,       2.535497305,     -0.9099248866,        4.49270524
          0,           0,        1383,      -2.857242946,      -0.773063014,      -0.776920601,       2.536941617,     -0.9091911429,       4.343241831
          0,           0,        1384,      -2.864499694,     -0.7387460532,     -0.7763408477,       2.530364871,     -0.9084760085,       4.378707711
          0,           0,        1385,      -2.867662291,     -0.7699164135,     -0.8003732536,       2.527336339,     -0.9077088475,        4.31569303
          0,           0,        1386,      -2.852078153,     -0.7288373025,     -0.7842334265,       2.542792851,     -0.9069200379,       4.534647566
          0,           0,        1387,      -2.853638286,     -0.7013458678,     -0.7465959942,       2.541682167,     -0.9061372134,       4.659773068
          0,           0,        1388,       -2.87948776,     -0.6602585831,     -0.7153399664,       2.514278835,      -0.905331024,       4.595579603
          0,           0,        1389,       -2.88197053,     -0.7113840085,     -0.7558183637,       2.513045573,     -0.9044802134,       4.454043112
          0,           0,        1390,      -2.868703978,     -0.6603281197,     -0.7359727754,       2.526193048,     -0.9036675297,       4.571437794
          0,           0,        1391,      -2.896781947,     -0.6919445824,     -0.7472123213,       2.495828894,     -0.9028521248,       4.586709802
          0,           0,        1392,      -2.887090094,     -0.6518302351,     -0.7258429773,       2.508107832,     -0.9020069632,       4.430826332
          0,           0,        1393,       -2.91130434,       -0.66166147,     -0.7167323365,       2.481977371,     -0.9012181748,       4.376402516
          0,           0,        1394,      -2.920546586,     -0.7359715503,     -0.7727309049,       2.474256977,     -0.9003254553,       4.337865083
          0,           0,        1395,      -2.902929296,     -0.6754528622,     -0.7251624998,       2.489464111,     -0.8994973493,       4.391257031
          0,           0,        1396,      -2.915725155,     -0.7355044729,     -0.7571760201,       2.477084344,      -0.898799828,       4.510353511
          0,           0,        1397,      -2.886001696,     -0.7199498517,     -0.7336452584,       2.507562765,     -0.8981083804,       4.250786322
          0,           0,        1398,      -2.904684443,     -0.7186006321,     -0.7321211652,       2.488798443,     -0.8973762697,       4.284324777
          0,           0,        1399,      -2.868918685,     -0.7211344515,     -0.7293015099,       2.524727079,     -0.8966244345,       4.495878684
          0,           0,        1400,      -2.868159984,     -0.7572837095,     -0.7587204691,       2.525736089,     -0.8959444473,       4.471681987
          0,           0,        1401,       -2.86352785,      -0.714084976,      -0.736953196,       2.530198982,     -0.8952737857,       4.344121395
          0,           0,        1402,      -2.869028078,     -0.7369114475,     -0.7677355812,       2.524974191,     -0.8945327677,       4.227260722
          0,           0,        1403,      -2.847645172,     -0.7100268644,     -0.7499333897,       2.547916036,     -0.8937885083,       4.387802048
          0,           0,        1404,      -2.870470307,     -0.7447615312,     -0.7606958454,       2.523414437,     -0.8930369974,       4.522485132
          0,           0,        1405,      -2.868998399,     -0.7443630951,     -0.7734845854,       2.526302048,     -0.8922147134,       4.528886742
          0,           0,        1406,      -2.874473788,     -0.7367466737,     -0.7326202492,       2.519108819,     -0.8914212178,       4.239801564
          0,           0,        1407,      -2.871089734,     -0.7576123106,     -0.7534328428,       2.523535368,     -0.8906174838,       4.414802585
          0,           0,        1408,      -2.871722838,     -0.7240114763,     -0.7423220189,       2.522130798,     -0.8897240212,       4.520309654
          0,           0,        1409,      -2.893466682,     -0.6993256838,     -0.7312387628,       2.500561454,     -0.8889940117,       4.360033436
          0,           0,        1410,      -2.897763838,     -0.7479446818,     -0.7933923512,       2.496407235,     -0.8882315757,       4.334114871
          0,           0,        1411,      -2.903032309,     -0.6917425096,     -0.7475192147,       2.491003318,     -0.8874647106,       4.256759943
          0,           0,        1412,      -2.894575449,     -0.6956086581,     -0.7554716811,       2.499038846,     -0.8867752058,       4.366751773
          0,           0,        1413,      -2.896309208,     -0.6754420459,     -0.7156836615,       2.496276165,     -0.8859903866,        4.55430628
          0,           0,        1414,      -2.908246695,     -0.6993192179,     -0.7497725339,       2.484598765,     -0.8852698411,       4.473358548
          0,           0,        1415,      -2.900798807,     -0.7176246106,     -0.7246005598,       2.492122004,     -0.8846806619,       4.237549867
          0,           0,        1416,      -2.890835291,     -0.7163175179,     -0.7302781317,       2.503035781,     -0.8839947448,       4.472633168
          0,           0,        1417,      -2.868268292,      -0.735057131,     -0.7456362456,       2.526493736,     -0.8832922841,       4.544292376
          0,           0,        1418,      -2.890330454,     -0.7285003817,     -0.7432999984,       2.502806294,     -0.8826125226,        4.42233173
          0,           0,        1419,      -2.879994585,      -0.722082116,     -0.7522379493,       2.514304573,     -0.8819795565,       4.387786181
          0,           0,        1420,      -2.889556053,     -0.7556445265,     -0.7530587578,       2.505495674,     -0.8813357899,       4.316408866
          0,           0,        1421,      -2.877050481,     -0.7468053369,      -0.785917232,       2.516377016,     -0.8806623742,       4.474282801
          0,           0,        1422,      -2.874401024,     -0.7488383691,     -0.7458039675,       2.519633598,     -0.8799660182,       4.590775335
          0,           0,        1423,      -2.874548929,     -0.7175089723,     -0.7334907516,        2.51998172,     -0.8792441539,       4.513689448
          0,           0,        1424,      -2.870679911,      -0.700159482,     -0.7279098984,       2.524551932,     -0.8785283838,       4.347989138
          0,           0,        1425,      -2.865172129,     -0.7187728562,     -0.7105065448,       2.529994174,     -0.8778130036,       4.530556043
          0,           0,        1426,      -2.866299377,     -0.7424946962,     -0.7535736978,       2.528008225,     -0.8770842058,       4.545039553
          0,           0,        1427,      -2.867223278,     -0.7487765517,     -0.7227971147,       2.526747114,     -0.8764288251,       4.372168884
          0,           0,        1428,      -2.867059088,     -0.7347469825,     -0.7156957303,       2.527479456,     -0.8757406396,       4.352080921
          0,           0,        1429,       -2.87163228,     -0.7748460674,     -0.7754772687,       2.523879901,     -0.8750488673,       4.332767749
          0,           0,        1430,       -2.86413244,     -0.7510372186,     -0.7414189993,       2.530272799,     -0.8744383768,       4.483884233
          0,           0,        1431,      -2.865634317,     -0.7652437108,     -0.7384228541,       2.529418422,     -0.8737296007,        4.56189424
          0,           0,        1432,      -2.870880839,       -0.72518899,     -0.7026474667,       2.524245771,      -0.873068946,       4.458679535
          0,           0,        1433,      -2.882942104,     -0.7220956436,     -0.7144930011,       2.512136503,     -0.8724776568,       4.279260759
          0,           0,        1434,        -2.8744669,     -0.7046830133,     -0.7049092401,       2.519720381,     -0.8718434002,        4.49314152
          0,           0,        1435,          -2.88078,     -0.6989271032,     -0.7084770599,       2.513484922,     -0.8712425165,       4.536727601
          0,           0,        1436,      -2.880551257,     -0.6838381378,     -0.6989358097,       2.513677144,     -0.8706139122,       4.403360433
          0,           0,        1437,      -2.891783004,     -0.7063819627,      -0.709273566,       2.502100897,     -0.8700065625,       4.387507228
          0,           0,        1438,      -2.885259961,        -0.6836103,     -0.7166445705,       2.509942269,     -0.8694100987,       4.351004064
          0,           0,        1439,      -2.885778461,     -0.6748223908,     -0.6939625256,       2.507518779,     -0.8688160375,       4.456769067
          0,           0,        1440,      -2.878219741,     -0.7270287556,     -0.7538039058,       2.516317397,     -0.8682066591,       4.544316819
          0,           0,        1441,      -2.891532061,      -0.682537247,     -0.7174582668,       2.501103574,     -0.8675364106,       4.368613018
          0,           0,        1442,      -2.879462465,     -0.7358030735,     -0.7641145248,       2.514142535,     -0.8668768109,       4.319454158
          0,           0,        1443,      -2.861106626,     -0.7003635079,     -0.7296259444,       2.533165569,     -0.8662065871,       4.531888082
          0,           0,        1444,      -2.870174108,     -0.7339254595,     -0.7385886538,       2.523823692,     -0.8655211975,       4.534165894
          0,           0,        1445,      -2.870279709,     -0.7071050763,     -0.7374652629,       2.523438402,     -0.8648877752,       4.367634687
          0,           0,        1446,      -2.869898763,     -0.7316993664,     -0.7526657357,       2.524192724,     -0.8642585442,       4.234060014
          0,           0,        1447,      -2.865392692,     -0.7297113922,     -0.7697425739,       2.530249832,     -0.8636070543,       4.399276105
          0,           0,        1448,      -2.868341152,     -0.7106997932,     -0.7434324506,        2.52457655,     -0.8629949753,       4.607089601
          0,           0,        1449,      -2.879038076,     -0.6892012699,     -0.6986840956,       2.515324964,     -0.8623424884,       4.680364341
          0,           0,        1450,      -2.861713463,     -0.6957021408,     -0.6986174792,       2.532371487,     -0.8617345929,       4.394707023
          0,           0,        1451,      -2.897626689,     -0.7374394447,     -0.7385084082,        2.49625107,      -0.861210626,       4.429221207
          0,           0,        1452,      -2.858756437,     -0.7155016841,     -0.7369826318,       2.536490441,     -0.8606444366,       4.502417066
          0,           0,        1453,      -2.893258688,     -0.7214421803,      -0.737902649,       2.499191074,     -0.8600681005,       4.537535441
          0,           0,        1454,      -2.876170739,     -0.6996500526,      -0.716913861,        2.51871361,     -0.8595054302,       4.433869357
          0,           0,        1455,      -2.893033511,     -0.7066056162,     -0.7243451553,       2.500507882,     -0.8589582533,       4.445685975
          0,           0,        1456,      -2.895921176,     -0.7268002012,     -0.7712700541,       2.499694821,     -0.8584135484,       4.349637728
          0,           0,        1457,       -2.88839969,     -0.6731105349,     -0.6918316578,       2.505129654,     -0.8578544829,       4.403169444
          0,           0,        1458,      -2.897817141,       -0.70882133,     -0.7398054601,       2.496661016,     -0.8572787734,       4.478660625
          0,           0,        1459,      -2.895903469,     -0.7029728613,     -0.7290015282,       2.497932831,     -0.8566697369,        4.13180244
          0,           0,        1460,      -2.896759902,     -0.6900074919,     -0.7236727601,       2.497823546,     -0.8560119737,       4.345468136
          0,           0,        1461,      -2.883928006,     -0.7135272309,     -0.7315226325,       2.509411334,     -0.8553996934,       4.525672702
          0,           0,        1462,      -2.880712711,     -0.7203954976,     -0.7523915324,       2.514316034,     -0.8547959672,       4.476953555
          0,           0,        1463,      -2.885641796,     -0.7239453157,     -0.7537560125,         2.5090918,     -0.8541845521,       4.266078281
          0,           0,        1464,      -2.892931876,     -0.8019176842,     -0.7822595908,       2.501671703,     -0.8536002751,        4.20253765
          0,           0,        1465,      -2.871249248,     -0.7525906915,     -0.7550425266,       2.523127042,     -0.8530149482,       4.484374567
          0,           0,        1466,      -2.878170735,     -0.7755322301,     -0.7461313902,       2.516755054,     -0.8524549296,       4.564547977
          0,           0,        1467,      -2.883824735,     -0.7889835387,     -0.7750962658,       2.510274778,      -0.851904389,       4.505727758
          0,           0,        1468,      -2.886104852,     -0.7584815977,     -0.7305840179,       2.507451765,     -0.8513210127,       4.252501684
          0,           0,        1469,      -2.873932745,     -0.7548351274,     -0.7665506649,       2.521471017,     -0.8507624423,       4.484355082
          0,           0,        1470,      -2.866583496,     -0.7411957462,     -0.7478698745,       2.527729245,     -0.8503170149,       4.531121494
          0,           0,        1471,      -2.880477812,     -0.7416129433,     -0.7386919782,       2.513034319,     -0.8498151089,       4.390946522
          0,           0,        1472,       -2.87370413,     -0.7173964769,     -0.7575985295,       2.520231384,     -0.8492858478,       4.399345015
          0,           0,        1473,       -2.87924767,     -0.7510561137,     -0.7551881504,       2.515111513,     -0.8487629859,       4.328039578
          0,           0,        1474,      -2.869891827,     -0.7629205787,     -0.7914840402,       2.524779562,     -0.8482618366,       4.429215201
          0,           0,        1475,      -2.881775657,     -0.7446938516,     -0.7576766977,       2.510973471,     -0.8477519882,       4.608450336
          0,           0,        1476,      -2.881402686,     -0.7702346686,     -0.7808545281,       2.513832209,     -0.8472501251,        4.51230121
          0,           0,        1477,      -2.882353078,     -0.7369970352,     -0.7701035288,       2.512200152,     -0.8467157516,       4.245199864
          0,           0,        1478,       -2.89111446,     -0.7926662266,     -0.7927697315,       2.503085197,     -0.8461456412,       4.463779765
          0,           0,        1479,      -2.871329689,     -0.7303662595,     -0.7563123532,       2.522828406,      -0.845514795,       4.525999826
          0,           0,        1480,      -2.892781992,     -0.7467676626,     -0.7374986304,       2.500823529,      -0.844889003,        4.37694199
          0,           0,        1481,      -2.881634292,     -0.7152057949,     -0.7129618298,        2.51278032,     -0.8443194486,       4.334435488
          0,           0,        1482,      -2.884928421,     -0.7474899521,     -0.7407291299,       2.509357438,     -0.8438244599,       4.283750333
          0,           0,        1483,      -2.885233601,     -0.7381125202,     -0.7543116082,       2.507999945,      -0.843293506,       4.389711875
          0,           0,        1484,      -2.877068279,     -0.7014308527,     -0.7104797415,       2.516505469,     -0.8427792384,       4.523460301
          0,           0,        1485,      -2.882548619,     -0.7032627406,     -0.7266181108,       2.511779169,     -0.8422394485,       4.484694894
          0,           0,        1486,      -2.879006073,     -0.7061325665,     -0.7254385228,       2.514611767,     -0.8416627422,       4.217282852
          0,           0,        1487,      -2.869769203,     -0.7404465029,     -0.7560747585,       2.525934134,     -0.8411521216,       4.466062877
          0,           0,        1488,      -2.858643968,     -0.7148765562,     -0.7202144506,       2.536676434,     -0.8406745082,       4.522008747
          0,           0,        1489,      -2.874961029,     -0.7312493532,     -0.7267959221,       2.518660415,     -0.8401446818,       4.347414147
          0,           0,        1490,      -2.878540158,     -0.7381704347,     -0.7669076285,       2.515916089,     -0.8396319354,       4.357214811
          0,           0,        1491,      -2.892503965,     -0.7731170693,     -0.7755144672,       2.501456469,     -0.8391294849,       4.323377094
          0,           0,        1492,      -2.866414228,     -0.7285194791,     -0.7746014732,       2.528476666,     -0.8386277546,       4.466518635
          0,           0,        1493,      -2.864912496,      -0.752133752,     -0.7124963882,       2.530232873,     -0.8381187046,       4.564408025
          0,           0,        1494,      -2.874069704,     -0.6944163407,     -0.7371243784,       2.520881577,     -0.8375941942,       4.491751987
          0,           0,        1495,      -2.869589675,     -0.7322356173,     -0.7667597963,       2.525186418,     -0.8370373953,       4.321475143
          0,           0,        1496,      -2.866403699,     -0.7004110196,     -0.7509678368,       2.528241354,     -0.8364754409,       4.478140474
          0,           0,        1497,      -2.882429478,     -0.7292543208,     -0.7679537294,        2.51149794,     -0.8358958169,       4.517925538
          0,           0,        1498,      -2.872389941,     -0.7492838743,     -0.7542348379,       2.521406577,     -0.8352977767,       4.359508388
          0,           0,        1499,      -2.874858177,     -0.7163711595,     -0.7459190545,       2.518667634,     -0.8347027465,       4.378021515
          0,           0,        1500,      -2.873754489,      -0.746466705,     -0.7522559462,       2.521839664,     -0.8341461177,        4.32724082
          0,           0,        1501,       -2.88218154,     -0.7561117018,      -0.779044557,       2.511155542,     -0.8335699357,       4.457177296
          0,           0,        1502,      -2.885969068,     -0.7205154677,     -0.7275303343,       2.507541856,     -0.8329812422,       4.607107746
          0,           0,        1503,      -2.886145875,     -0.6992594819,     -0.7225345811,       2.508003725,      -0.832430403,       4.483063466
          0,           0,        1504,       -2.89290977,     -0.7339505369,     -0.7488083218,       2.501297513,     -0.8318335503,       4.259526528
          0,           0,        1505,       -2.89007153,     -0.6861963107,     -0.7081136009,       2.503685638,     -0.8312921746,       4.498506638
          0,           0,        1506,      -2.911262979,     -0.7184261336,     -0.7285844885,       2.480855598,     -0.8307308995,       4.540169507
          0,           0,        1507,      -2.902063147,     -0.6690367902,     -0.6822138122,       2.491634044,     -0.8302211448,        4.40405365
          0,           0,        1508,      -2.904837344,      -0.677278931,     -0.7092346992,       2.488369167,     -0.8296745677,       4.321037368
          0,           0,        1509,      -2.897275653,     -0.6879169974,     -0.7413487059,         2.4971896,     -0.8291227649,       4.312546628
          0,           0,        1510,      -2.915435599,     -0.7129174023,     -0.7277359635,         2.4758564,     -0.8286021531,       4.411716697
          0,           0,        1511,      -2.891422174,     -0.6939182589,     -0.7498172566,       2.501751427,     -0.8280920672,       4.526147573
          0,           0,        1512,       -2.88579543,     -0.7201038304,     -0.7551218066,       2.506511617,     -0.8275567964,       4.244536201
          0,           0,        1513,       -2.88911242,     -0.7648320612,     -0.7833856818,       2.505158709,     -0.8270151943,       4.303611843
          0,           0,        1514,      -2.866401441,     -0.7198357373,     -0.7183345264,       2.527102029,     -0.8264588915,       4.496901765
          0,           0,        1515,      -2.871403334,     -0.7704607022,     -0.7547158171,       2.523583041,     -0.8258350484,       4.417526592
          0,           0,        1516,       -2.87089844,     -0.7536462548,     -0.7550458295,       2.524299262,     -0.8252854663,       4.341932984
          0,           0,        1517,      -2.887750931,     -0.7469644917,     -0.7611830438,       2.506502866,     -0.8247553232,       4.253536964
          0,           0,        1518,      -2.876455593,     -0.7190206262,     -0.7194106845,       2.517950029,     -0.8241476615,        4.40627693
          0,           0,        1519,      -2.879432231,     -0.7286162694,      -0.742097241,       2.514163167,     -0.8235955376,       4.589228026
          0,           0,        1520,      -2.868786753,     -0.7328909961,     -0.7353877462,       2.526787958,     -0.8230380733,       4.552253074
          0,           0,        1521,      -2.875461682,      -0.742742087,     -0.7429042573,       2.518569219,     -0.8224772398,       4.249492444
          0,           0,        1522,      -2.868079995,      -0.749226366,     -0.7363635283,       2.527759701,     -0.8219139626,       4.485948685
          0,           0,        1523,      -2.868280846,     -0.7213308783,     -0.7448224867,       2.524398767,     -0.8213625762,        4.56274116
          0,           0,        1524,      -2.872942652,     -0.7330893818,     -0.7019173657,       2.522254215,     -0.8207858763,       4.427125136
          0,           0,        1525,      -2.871384657,     -0.7554380741,     -0.7703351492,       2.523372764,     -0.8202279241,       4.384165452
          0,           0,        1526,      -2.892239835,     -0.7380755786,     -0.7505792941,        2.50211481,     -0.8196894303,       4.379095612
          0,           0,        1527,      -2.881908378,     -0.7137108003,       -0.75891521,       2.512083785,     -0.8191347837,       4.431567145
          0,           0,        1528,      -2.893741997,     -0.7263394326,     -0.7340623289,       2.499706304,      -0.818578576,       4.536481749
          0,           0,        1529,      -2.903214197,     -0.7360033552,     -0.7547492871,       2.490947624,     -0.8180610225,       4.498928236
          0,           0,        1530,      -2.903676702,      -0.693881456,     -0.7156292983,       2.489293323,     -0.8175480971,        4.21557733
          0,           0,        1531,      -2.904114095,      -0.707841794,      -0.741759517,        2.48961071,     -0.8170238817,       4.445536129
          0,           0,        1532,      -2.898242903,      -0.678833164,     -0.7094254613,       2.494358573,     -0.8164819975,       4.538519221
          0,           0,        1533,      -2.889644636,     -0.6909400144,     -0.7337223003,       2.505763716,     -0.8159040021,       4.448603339
          0,           0,        1534,      -2.895025009,     -0.6823480896,     -0.7125452227,       2.499146899,     -0.8152858848,       4.407410167
          0,           0,        1535,      -2.905658387,     -0.7128003979,     -0.7200867402,       2.488582604,     -0.8146981639,       4.313782669
          0,           0,        1536,      -2.880604523,     -0.6792477827,     -0.7237435762,       2.512857234,     -0.8140527302,       4.436674203
          0,           0,        1537,      -2.893716554,      -0.711549408,     -0.7264524413,       2.499931207,     -0.8134670636,       4.515366716
          0,           0,        1538,      -2.883192134,     -0.7767921744,     -0.7538816257,       2.510792662,       -0.81291288,       4.394297728
          0,           0,        1539,      -2.898447528,     -0.7333539616,      -0.741321562,       2.494583222,      -0.812317617,        4.27357065
          0,           0,        1540,      -2.876835573,      -0.760199787,     -0.7425340614,        2.51763277,     -0.8117489452,       4.482317374
          0,           0,        1541,      -2.869939085,      -0.757427139,     -0.7960307923,       2.524027454,     -0.8111701431,       4.493693525
          0,           0,        1542,      -2.888786841,     -0.7556217198,     -0.7589889531,        2.50552121,     -0.8106068061,       4.307245225
          0,           0,        1543,      -2.882672835,     -0.7392500149,     -0.7620868786,       2.511624639,     -0.8100976638,       4.189878081
          0,           0,        1544,      -2.873636243,     -0.7639091763,     -0.7630498931,       2.520109445,      -0.809582256,       4.295509584
          0,           0,        1545,      -2.860370944,     -0.7359558914,     -0.7674403706,       2.533846798,     -0.8090489589,       4.514582565
          0,           0,        1546,      -2.867157306,        -0.7454987,     -0.7649666121,       2.527374546,     -0.8085299059,       4.567851126
          0,           0,        1547,       -2.87589338,     -0.7407565052,     -0.7436825165,       2.519025038,     -0.8079764429,       4.293697994
          0,           0,        1548,      -2.863459429,     -0.7809078925,     -0.7912380746,       2.531182622,     -0.8074446351,       4.368804611
          0,           0,        1549,       -2.87631357,     -0.7536172182,     -0.7629178683,       2.517962058,     -0.8068902357,       4.499692009
          0,           0,        1550,      -2.877135215,      -0.757949154,     -0.7761447733,        2.51661299,     -0.8063449872,       4.497745262
          0,           0,        1551,      -2.885905609,     -0.7493830017,     -0.7551656159,       2.506762112,     -0.8057933896,       4.355230381
          0,           0,        1552,      -2.878134919,     -0.7218058548,     -0.7335308048,         2.5162354,     -0.8052135975,       4.265766083
          0,           0,        1553,       -2.87948083,     -0.7447148445,     -0.7828192176,       2.514686892,     -0.8046673718,        4.35532631
          0,           0,        1554,      -2.872629387,     -0.7614298721,     -0.7994507075,       2.520335698,     -0.8041187639,       4.550478417
          0,           0,        1555,      -2.859945257,      -0.759211526,      -0.796013748,       2.535173097,     -0.8035124874,       4.598089672
          0,           0,        1556,      -2.877357061,     -0.7013633282,     -0.7172219584,       2.516061918,     -0.8029743147,       4.469578026
          0,           0,        1557,      -2.863396151,     -0.7106466545,     -0.7453496484,       2.531491307,     -0.8024033105,       4.344059935
          0,           0,        1558,      -2.858082227,     -0.6872216046,     -0.7076120019,       2.536326464,     -0.8018601773,       4.524082799
          0,           0,        1559,      -2.860930736,     -0.7321179414,     -0.7436008745,       2.532930629,     -0.8013538988,       4.527097558
          0,           0,        1560,      -2.851591094,     -0.6889547689,     -0.7060929559,       2.542966708,     -0.8008057566,       4.427903306
          0,           0,        1561,      -2.875428794,     -0.7181494615,     -0.7363663019,       2.518324241,     -0.8002734045,         4.3975133
          0,           0,        1562,      -2.866648938,     -0.7644864974,     -0.7531763127,       2.528476517,     -0.7998103089,       4.329894386
          0,           0,        1563,      -2.874775174,     -0.7248467139,     -0.7284517657,       2.518995216,     -0.7993021632,       4.460001018
          0,           0,        1564,       -2.87450201,     -0.7633376556,     -0.7680475305,       2.519239522,     -0.7987647753,       4.591337177
          0,           0,        1565,      -2.873234089,     -0.7211218459,     -0.7199956892,       2.520637593,     -0.7982342155,       4.472670518
          0,           0,        1566,      -2.883973911,     -0.7541870791,     -0.7476766357,       2.510045826,     -0.7977222778,       4.323890049
          0,           0,        1567,      -2.871865481,     -0.6740175645,     -0.7113246039,       2.521783921,     -0.7972153241,       4.517776202
          0,           0,        1568,      -2.878050841,     -0.6692092343,     -0.7090613093,       2.515851565,     -0.7967227417,       4.531226173
          0,           0,        1569,      -2.872765298,     -0.6596398153,      -0.700005249,       2.520503818,     -0.7962102599,       4.392028561
          0,           0,        1570,      -2.896333415,     -0.6368528857,     -0.6875532984,        2.49679625,     -0.7956825939,       4.288522692
          0,           0,        1571,      -2.884510818,     -0.6596139072,      -0.706222268,       2.509999315,     -0.7951171865,       4.358942414
          0,           0,        1572,      -2.872767411,     -0.6469076557,      -0.690221187,       2.520572017,     -0.7945776536,       4.565891419
          0,           0,        1573,      -2.884420742,     -0.6560233569,     -0.7240965816,        2.50969313,     -0.7940444707,       4.578040333
          0,           0,        1574,      -2.893333356,     -0.6553504033,     -0.6838284783,       2.499702353,     -0.7935369325,       4.314787567
          0,           0,        1575,      -2.907357389,     -0.6877467771,     -0.7058723959,       2.485873695,     -0.7930157779,       4.465605467
          0,           0,        1576,      -2.879510021,     -0.6715262072,     -0.6949391877,       2.514331392,      -0.792466175,       4.552119534
          0,           0,        1577,      -2.892010861,     -0.7122178647,     -0.7081130844,       2.500914031,     -0.7919437726,       4.540051061
          0,           0,        1578,      -2.880868596,     -0.6691357585,     -0.6605210259,       2.513132526,     -0.7914259793,       4.360767325
          0,           0,        1579,      -2.881610365,      -0.717237303,     -0.7183167698,       2.512030043,     -0.7909367164,       4.371412268
          0,           0,        1580,      -2.868191286,     -0.7057232733,     -0.7406959447,       2.526508055,     -0.7904599626,       4.336931209
          0,           0,        1581,      -2.881153241,     -0.7163081474,     -0.7198293696,       2.510607672,     -0.7899850596,       4.534986058
          0,           0,        1582,      -2.872261985,      -0.754516844,     -0.7595033091,       2.522225968,     -0.7894932799,       4.561299017
          0,           0,        1583,      -2.872038535,     -0.7419406104,     -0.7554254382,       2.520781624,     -0.7890283651,        4.28796046
          0,           0,        1584,       -2.87094164,     -0.7883953628,     -0.7751379223,       2.524271766,     -0.7885400137,       4.415565142
          0,           0,        1585,      -2.860392968,     -0.7329705054,     -0.7292678009,       2.532971215,     -0.7880623774,       4.540656045
          0,           0,        1586,      -2.872998161,     -0.7902865094,      -0.749631993,       2.520577273,     -0.7875681809,       4.432184476
          0,           0,        1587,      -2.854354677,     -0.7536547585,     -0.7567692076,       2.540482117,     -0.7870850083,       4.269459439
          0,           0,        1588,      -2.877951501,     -0.7657537209,     -0.7795387852,       2.515928221,     -0.7865748614,       4.256487643
          0,           0,        1589,      -2.857573906,      -0.704063055,     -0.7220610498,       2.537431994,     -0.7860618866,       4.399054213
          0,           0,        1590,      -2.883511899,     -0.7039345982,     -0.7170744942,       2.509813835,     -0.7855299155,       4.525844186
          0,           0,        1591,       -2.87970131,     -0.6974118665,     -0.7482909272,       2.514521032,     -0.7849903278,       4.512037277
          0,           0,        1592,      -2.885768955,     -0.6783888677,     -0.7101791284,       2.507497482,     -0.7844866099,       4.395206653
          0,           0,        1593,      -2.875769359,     -0.6881610624,     -0.7285484819,       2.518964728,      -0.784005358,        4.52063207
          0,           0,        1594,      -2.874319478,      -0.679570714,     -0.7199212286,       2.518705129,     -0.7835256937,       4.552058916
          0,           0,        1595,      -2.885511449,     -0.6703312517,      -0.704217847,       2.508819748,      -0.783022705,       4.464254926
          0,           0,        1596,      -2.887774392,     -0.6695436386,      -0.708863643,       2.507050437,     -0.7825636295,       4.385432107
          0,           0,        1597,      -2.908069558,      -0.716414776,     -0.7494515575,       2.485807494,     -0.7820955059,        4.40488847
          0,           0,        1598,       -2.89447428,     -0.7088430128,     -0.7444378005,       2.499114636,     -0.7816256904,       4.371651075
          0,           0,        1599,      -2.906102146,     -0.7265015999,     -0.7405230402,       2.486661686,      -0.781197258,       4.445734055
          0,           0,        1600,      -2.916401974,     -0.7774096433,     -0.7765400388,       2.476516418,     -0.7807467216,       4.356387531
          0,           0,        1601,      -2.907479479,     -0.7280930789,     -0.7386487206,       2.484751096,     -0.7802916479,       4.211857687
          0,           0,        1602,      -2.891614997,     -0.7548790157,     -0.7596506382,       2.502431685,     -0.7798624407,       4.464037526
          0,           0,        1603,       -2.87099203,     -0.7458896046,     -0.7749899512,        2.52318475,     -0.7794085237,        4.51365029
          0,           0,        1604,      -2.879552987,      -0.717610055,     -0.7309881745,       2.514451018,     -0.7789669596,       4.333148395
          0,           0,        1605,      -2.884009247,     -0.7298386035,     -0.7443825108,          2.509143,     -0.7785132076,       4.270286192
          0,           0,        1606,      -2.868185621,      -0.760009587,     -0.7688533393,       2.527226351,     -0.7780467721,       4.268631809
          0,           0,        1607,      -2.856949103,     -0.7261800682,      -0.760089259,       2.536899858,     -0.7775658614,        4.53989562
          0,           0,        1608,      -2.877004297,     -0.7783145158,     -0.7530291575,       2.517587459,     -0.7770797409,       4.617543044
          0,           0,        1609,      -2.866537667,     -0.7290329754,     -0.7393351338,       2.526968489,     -0.7765527079,       4.519908892
          0,           0,        1610,      -2.876269649,     -0.7591780443,     -0.7939114491,        2.51783813,     -0.7760329512,       4.283997366
          0,           0,        1611,      -2.850851734,     -0.7530772447,     -0.7740072875,       2.542888814,     -0.7755152561,        4.50012464
          0,           0,        1612,      -2.866751464,     -0.7517544118,     -0.7689790782,        2.52741003,     -0.7750275768,       4.534289101
          0,           0,        1613,      -2.873874221,     -0.7033161372,     -0.7044682453,       2.519406222,       -0.77453184,       4.381261933
          0,           0,        1614,      -2.876281495,      -0.689531541,     -0.7180063195,       2.517510361,     -0.7740221375,       4.339897456
          0,           0,        1615,      -2.862207109,     -0.7022034245,     -0.7110704644,       2.533290332,     -0.7735594239,       4.296991679
          0,           0,        1616,      -2.875972266,     -0.6539646192,     -0.6951874498,       2.517058728,     -0.7730738357,       4.506689918
          0,           0,        1617,      -2.881844167,     -0.6733225412,     -0.7335725236,       2.512755916,     -0.7726036025,       4.560801484
          0,           0,        1618,      -2.888636911,      -0.651852685,     -0.6851469634,       2.504486066,     -0.7721387064,       4.433478976
          0,           0,        1619,      -2.895415113,     -0.6792283932,     -0.7263782423,       2.499096607,     -0.7716747473,       4.391079709
          0,           0,        1620,      -2.879098514,     -0.6538972472,     -0.7019610605,       2.515135101,      -0.771203994,       4.536953061
          0,           0,        1621,      -2.894226398,     -0.6896720792,     -0.6986823138,       2.499334788,     -0.7707352446,       4.553071661
          0,           0,        1622,       -2.88827689,      -0.675083302,      -0.705517998,       2.505504267,     -0.7702851862,       4.412143974
          0,           0,        1623,       -2.89861764,     -0.7121831069,     -0.7173813658,       2.495060232,       -0.76983066,       4.317941965
          0,           0,        1624,      -2.884280265,     -0.7384965189,      -0.758160023,       2.511160176,      -0.769354824,       4.365645541
          0,           0,        1625,      -2.890275862,     -0.7109789691,     -0.7178582753,       2.502381156,     -0.7688274186,       4.589027523
          0,           0,        1626,       -2.88258914,      -0.752292129,     -0.7641936631,       2.512287753,     -0.7682942132,       4.594478523
          0,           0,        1627,      -2.891722599,     -0.7154210476,     -0.6980559116,       2.501065381,     -0.7677427533,       4.184236442
          0,           0,        1628,       -2.87921121,     -0.7428260608,     -0.7566893433,       2.515338001,     -0.7671890788,       4.390852021
          0,           0,        1629,      -2.869952549,     -0.6945721542,     -0.7096807299,       2.523559259,     -0.7666944529,       4.542406737
          0,           0,        1630,      -2.874419255,     -0.7083121219,     -0.7039939132,       2.520719102,     -0.7662387149,       4.447495539
          0,           0,        1631,      -2.866785349,     -0.6953067839,     -0.7118700248,       2.528424767,     -0.7657308929,       4.375908817
          0,           0,        1632,      -2.886139433,      -0.761628833,     -0.7541873937,       2.508228128,     -0.7652839171,       4.256572808
          0,           0,        1633,      -2.868691321,     -0.7456046723,     -0.7396245137,       2.525627174,     -0.7648069709,       4.444111366
          0,           0,        1634,      -2.869730187,     -0.7655137378,     -0.7526231758,        2.52443341,     -0.7643199937,       4.549608851
          0,           0,        1635,      -2.871218813,     -0.7796513493,     -0.7573969143,        2.52358888,     -0.7638585227,       4.482277149
          0,           0,        1636,      -2.881821749,      -0.744638762,     -0.7284547566,       2.511370389,     -0.7634178971,       4.285024676
          0,           0,        1637,      -2.869572997,     -0.7918085878,     -0.7717255701,       2.526183471,     -0.7629774178,        4.49469269
          0,           0,        1638,      -2.865721146,      -0.723432893,     -0.7384670685,       2.527611909,     -0.7625361239,       4.563246486
          0,           0,        1639,      -2.880014562,     -0.7429834373,     -0.7243408392,       2.514639595,     -0.7620760262,       4.411293148
          0,           0,        1640,      -2.879369467,     -0.7338063396,     -0.7426372709,       2.514891263,     -0.7616190042,       4.394926157
          0,           0,        1641,      -2.879347877,     -0.7150391538,     -0.7356605826,       2.514939428,     -0.7611786064,       4.383584202
          0,           0,        1642,      -2.860180191,      -0.696609171,     -0.7052026468,       2.535454884,     -0.7607552478,        4.40763204
          0,           0,        1643,       -2.87155708,     -0.6813662287,     -0.7191906273,       2.522491174,     -0.7603000092,       4.511297643
          0,           0,        1644,      -2.881890262,     -0.6932322818,     -0.7127163528,       2.512253928,     -0.7598125328,       4.478900893
          0,           0,        1645,      -2.867012878,     -0.7017387132,     -0.7022916295,       2.527836152,      -0.759328646,       4.251590288
          0,           0,        1646,      -2.877030062,     -0.7275339837,     -0.7583044899,       2.517684953,     -0.7588429366,       4.439607535
          0,           0,        1647,      -2.852365485,      -0.705025948,     -0.7477989899,       2.543804974,     -0.7583482444,       4.506958981
          0,           0,        1648,      -2.885878472,     -0.7281777419,     -0.7010035146,        2.50882331,     -0.7578542138,       4.395346077
          0,           0,        1649,      -2.881457785,     -0.7395176453,     -0.7470449168,        2.51344534,     -0.7573985511,       4.346300405
          0,           0,        1650,      -2.894349553,      -0.772087742,     -0.7344821364,        2.49995498,     -0.7569351962,       4.314023979
          0,           0,        1651,      -2.878909059,     -0.7626773163,     -0.7342834068,       2.515288582,     -0.7564917345,       4.417393354
          0,           0,        1652,      -2.873089377,     -0.7435149368,     -0.7128807776,       2.520579365,     -0.7560352021,       4.600570504
          0,           0,        1653,      -2.874830436,      -0.731179896,     -0.7306257668,       2.520742391,     -0.7555350158,       4.531025227
          0,           0,        1654,      -2.883389112,     -0.7213268659,     -0.7177715121,       2.510018918,     -0.7550714658,       4.250882864
          0,           0,        1655,      -2.888506474,     -0.7432627842,     -0.7677207562,       2.505990898,     -0.7546667663,       4.490609557
          0,           0,        1656,      -2.870865829,     -0.7203535671,     -0.7203068808,       2.522639406,     -0.7542171441,       4.569796757
          0,           0,        1657,      -2.876838429,     -0.7290022808,     -0.7269771645,       2.517662439,     -0.7537723319,       4.455836174
          0,           0,        1658,      -2.867931418,       -0.71266984,     -0.7291926787,       2.526230456,     -0.7533237844,       4.398640328
          0,           0,        1659,      -2.910126608,     -0.7768472257,     -0.7643815808,       2.483653197,     -0.7528930586,       4.343696669
          0,           0,        1660,      -2.873530843,     -0.7575391956,     -0.7419418991,       2.521418812,     -0.7524455615,       4.468262351
          0,           0,        1661,       -2.89034071,     -0.7674421955,     -0.7292860147,       2.503316553,     -0.7519977469,       4.582993308
          0,           0,        1662,      -2.887757613,     -0.7714138061,     -0.7577995622,       2.506624976,     -0.7515341927,        4.56166289
          0,           0,        1663,      -2.878972442,     -0.7309460166,     -0.7506270724,       2.514227066,     -0.7510592562,       4.344418959
          0,           0,        1664,      -2.865049736,      -0.773734304,     -0.7511072449,       2.531306021,     -0.7505703366,       4.491219494
          0,           0,        1665,      -2.870607622,     -0.7054119592,     -0.7239856101,       2.523831706,     -0.7500776449,       4.534565159
          0,           0,        1666,      -2.887229785,      -0.732455379,     -0.7458729363,       2.507274505,      -0.749594612,       4.413049138
          0,           0,        1667,      -2.883579101,     -0.7073020733,     -0.7520298259,       2.511171872,     -0.7491272388,        4.37691971
          0,           0,        1668,      -2.892493894,     -0.7103684395,     -0.7287969793,       2.503007921,     -0.7486511643,       4.293237091
          0,           0,        1669,      -2.880707328,     -0.7210974569,     -0.7571934545,       2.513507068,      -0.748211611,       4.381522463
          0,           0,        1670,      -2.893346304,     -0.7149160024,     -0.7237891763,       2.500264972,     -0.7477500028,       4.575628786
          0,           0,        1671,      -2.886984911,     -0.7202384288,     -0.7256957372,       2.508216412,     -0.7473044932,       4.502630861
          0,           0,        1672,      -2.885622598,     -0.7095337446,      -0.716269962,       2.509238006,     -0.7468973857,        4.26671927
          0,           0,        1673,      -2.900842025,     -0.7553595713,      -0.748403816,       2.492369006,     -0.7464815956,       4.481040467
          0,           0,        1674,       -2.86947841,     -0.7395866412,     -0.7366722375,       2.524772202,     -0.7460544355,       4.513929543
          0,           0,        1675,      -2.881653377,      -0.724848499,     -0.7334532311,        2.51221905,     -0.7456343487,       4.415674375
          0,           0,        1676,      -2.875889258,     -0.7223308348,     -0.7399396976,       2.519022615,     -0.7451983151,       4.423704518
          0,           0,        1677,      -2.884016089,     -0.7286581962,     -0.7394165741,       2.510673265,     -0.7447708233,       4.374056478
          0,           0,        1678,      -2.870867549,     -0.7168340163,     -0.7295055136,       2.523740438,     -0.7443273291,       4.505907754
          0,           0,        1679,      -2.889437633,     -0.7111417342,     -0.7082671528,       2.503785634,     -0.7438761719,       4.618390354
          0,           0,        1680,      -2.891665665,     -0.7386835142,     -0.7339933422,       2.501624856,      -0.743409618,       4.589408929
          0,           0,        1681,      -2.891083231,     -0.7473438461,     -0.7484708652,       2.502624255,     -0.7429116169,       4.313846789
          0,           0,        1682,      -2.890280256,     -0.7797802383,     -0.7670269705,       2.504088659,     -0.7424372038,       4.520846374
          0,           0,        1683,      -2.899605535,     -0.7588262003,     -0.7550646835,       2.492182821,     -0.7419837684,       4.571796633
          0,           0,        1684,      -2.898243252,     -0.7725281364,      -0.746237952,        2.49488897,     -0.7415167645,       4.447878986
          0,           0,        1685,      -2.880472993,     -0.7361692456,     -0.7544579001,       2.513406335,     -0.7410977544,       4.421180107
          0,           0,        1686,      -2.906309196,     -0.7302469111,     -0.7238719004,       2.487603185,      -0.740652965,       4.328400272
          0,           0,        1687,      -2.879023609,     -0.7343698883,     -0.7653153836,       2.515181855,     -0.7402142432,        4.40563228
          0,           0,        1688,      -2.884054978,     -0.7163903886,     -0.7401934617,       2.510113479,     -0.7397941203,        4.48149628
          0,           0,        1689,      -2.895299166,     -0.7127384209,     -0.7473011162,       2.499002294,     -0.7393556063,       4.327276379
          0,           0,        1690,      -2.900420108,     -0.7258212603,     -0.7516380026,       2.493589281,     -0.7389367521,       4.284463031
          0,           0,        1691,      -2.889659961,     -0.7138321409,      -0.747681333,       2.505405728,     -0.7385049147,       4.500376465
          0,           0,        1692,      -2.883029546,     -0.7103191879,     -0.7654611966,        2.51174381,     -0.7381078326,       4.508758473
          0,           0,        1693,      -2.892336562,     -0.7234226426,     -0.7564973304,       2.501729019,     -0.7377144038,       4.369864166
          0,           0,        1694,      -2.899541919,     -0.7348324261,     -0.7700006297,       2.494725051,     -0.7373263048,        4.22855528
          0,           0,        1695,       -2.89696721,     -0.7459490674,     -0.7741739605,       2.497369345,     -0.7369072991,       4.352794526
          0,           0,        1696,      -2.893561868,     -0.7658931295,     -0.7955182904,       2.500006286,     -0.7364994565,       4.504348994
          0,           0,        1697,      -2.870549301,     -0.7504878437,     -0.7715788082,       2.523476023,     -0.7360863131,       4.600712616
          0,           0,        1698,      -2.880676185,     -0.7533736039,     -0.7759670831,       2.513099271,     -0.7356855466,       4.429251668
          0,           0,        1699,      -2.877591491,      -0.744436884,     -0.7833486004,       2.517318425,     -0.7352627735,       4.261252913
          0,           0,        1700,      -2.867335684,     -0.7452185112,     -0.7615608921,       2.526975977,     -0.7348157074,       4.497043967
          0,           0,        1701,      -2.871714746,     -0.7382438685,        -0.7663041,       2.522729331,     -0.7343834723,       4.529652756
          0,           0,        1702,      -2.873817106,     -0.7167215565,     -0.7489451223,       2.520227666,     -0.7339284048,       4.396544098
          0,           0,        1703,      -2.875007439,     -0.7181628894,     -0.7558289999,       2.519390794,     -0.7334604252,       4.301744895
          0,           0,        1704,      -2.882262084,     -0.7285272606,     -0.7539450437,       2.513751658,     -0.7330345296,        4.29876664
          0,           0,        1705,      -2.892838095,     -0.7312096042,     -0.7644443509,       2.500332985,     -0.7326533853,       4.459381183
          0,           0,        1706,      -2.889891768,     -0.7304579056,     -0.7369669437,       2.504378572,     -0.7322343082,        4.61249434
          0,           0,        1707,      -2.872342257,     -0.7142520705,     -0.7278772296,       2.522275895,     -0.7318260646,       4.449114222
          0,           0,        1708,      -2.896877026,     -0.7356792343,     -0.7191661142,        2.49818892,     -0.7314140343,       4.298461514
          0,           0,        1709,      -2.876758242,     -0.7470554017,     -0.7520259775,       2.517932412,     -0.7310091355,       4.503778687
          0,           0,        1710,       -2.88211933,     -0.7325519208,     -0.7430939718,       2.512388176,     -0.7306288955,       4.550848402
          0,           0,        1711,      -2.877673618,     -0.7002429543,     -0.7256234716,       2.516563633,     -0.7302513692,       4.424068796
          0,           0,        1712,      -2.886949747,      -0.691883601,     -0.7516142032,       2.507416634,     -0.7298538359,       4.366899525
          0,           0,        1713,      -2.867441819,     -0.7201114765,     -0.7717014744,       2.529669857,     -0.7294668836,       4.338606418
          0,           0,        1714,      -2.879494526,     -0.6761806014,     -0.7148694291,       2.514069808,     -0.7290406916,       4.524033807
          0,           0,        1715,      -2.878793762,     -0.7154018472,     -0.7608420047,       2.516426284,      -0.728635389,         4.5679507
          0,           0,        1716,      -2.878180491,     -0.6914270436,     -0.7190618357,       2.516389544,      -0.728217595,       4.283650093
          0,           0,        1717,      -2.885551857,     -0.7071862341,     -0.7558004403,       2.509734553,     -0.7278002216,       4.385882711
          0,           0,        1718,      -2.864471179,     -0.6841515602,     -0.7007763065,       2.530733886,      -0.727370314,        4.57666888
          0,           0,        1719,       -2.88025103,     -0.7286546033,     -0.7510858755,       2.515491445,     -0.7269643502,       4.535815026
          0,           0,        1720,      -2.876379056,     -0.7235856794,     -0.7432153015,       2.520046945,     -0.7265444741,       4.405862329
          0,           0,        1721,      -2.892938161,     -0.7522938055,     -0.7457694239,       2.502113664,     -0.7261291375,       4.270778713
          0,           0,        1722,      -2.867756035,      -0.766378326,     -0.7721434564,       2.528746655,     -0.7257019863,       4.450735928
          0,           0,        1723,       -2.88994662,     -0.7402093049,     -0.7452372335,       2.505270527,     -0.7252913554,       4.557002066
          0,           0,        1724,      -2.888141056,     -0.7642951127,     -0.7426907043,       2.506618822,     -0.7248739077,       4.568160282
          0,           0,        1725,      -2.881836345,     -0.7233895508,     -0.7221979962,       2.512877565,     -0.7244720757,       4.182313157
          0,           0,        1726,      -2.885516227,     -0.7615886304,     -0.7685416245,       2.510342231,      -0.724044821,       4.467724363
          0,           0,        1727,      -2.863670687,     -0.7255991216,     -0.7299951945,       2.530368849,     -0.7236514307,       4.538423898
          0,           0,        1728,      -2.878684753,     -0.7330037186,       -0.72530839,       2.515834985,     -0.7232708433,       4.448144293
          0,           0,        1729,      -2.865388898,     -0.7042896288,     -0.7260272009,       2.530152907,     -0.7228698576,       4.373040824
          0,           0,        1730,      -2.893135375,     -0.7345639753,     -0.7534822467,       2.501023276,     -0.7224536262,       4.318537726
          0,           0,        1731,      -2.862790778,     -0.7400619694,     -0.7621745861,       2.533345535,     -0.7220463434,       4.435179277
          0,           0,        1732,       -2.87977518,     -0.7223430186,     -0.7399706889,       2.514402545,     -0.7216354972,       4.618559773
          0,           0,        1733,      -2.880598583,     -0.7690470717,     -0.7804895431,       2.515426321,      -0.721229072,       4.574740838
          0,           0,        1734,      -2.897554752,     -0.7060706979,     -0.7421498173,       2.495948927,     -0.7208335905,       4.276906956
          0,           0,        1735,      -2.891273617,     -0.7965479781,     -0.8038229801,       2.504082026,     -0.7204401623,       4.508140285
          0,           0,        1736,      -2.870610402,     -0.7162799232,     -0.7554562311,       2.524314441,      -0.720025585,       4.561389906
          0,           0,        1737,      -2.896065906,     -0.7024499819,      -0.745332186,       2.497607626,     -0.7195920934,       4.472922312
          0,           0,        1738,      -2.882019013,     -0.6878705657,     -0.7336143745,       2.513398444,     -0.7191449636,       4.378100309
          0,           0,        1739,      -2.911978651,     -0.7220773619,     -0.7443881111,       2.481675229,     -0.7187279778,       4.331753252
          0,           0,        1740,      -2.891002506,      -0.691608959,     -0.7465394254,       2.504001312,     -0.7183193808,       4.376550428
          0,           0,        1741,       -2.88994211,     -0.6867150588,     -0.7085690431,       2.503557703,     -0.7179125856,       4.542434681
          0,           0,        1742,      -2.896633935,      -0.701166133,     -0.7384441538,       2.497719602,     -0.7175075657,       4.547432984
          0,           0,        1743,      -2.884893786,     -0.7131171253,     -0.7226689971,       2.509034832,     -0.7170764855,        4.15911081
          0,           0,        1744,      -2.881619104,     -0.7583914032,     -0.7720919353,       2.514224119,     -0.7166843405,       4.425516773
          0,           0,        1745,      -2.857811105,     -0.7082633974,     -0.7465169151,       2.538657577,      -0.716258659,       4.509309848
          0,           0,        1746,      -2.884554053,     -0.7358501824,     -0.7391865982,       2.510767856,     -0.7158479732,       4.372630317
          0,           0,        1747,      -2.874378616,     -0.7278773634,     -0.7603481275,       2.520612777,      -0.715454913,       4.325157851
          0,           0,        1748,      -2.888809697,     -0.7714163938,     -0.7673248648,       2.506911851,     -0.7150892947,       4.304470198
          0,           0,        1749,      -2.873341489,     -0.7508210686,     -0.7651775807,        2.52204283,     -0.7147209609,       4.388977269
          0,           0,        1750,      -2.876104487,      -0.766800375,     -0.7518243056,       2.519206555,     -0.7143494607,       4.552965401
          0,           0,        1751,      -2.874959896,     -0.7240629194,     -0.7309843176,       2.520553033,     -0.7139694264,       4.523644548
          0,           0,        1752,      -2.872122596,     -0.7569385849,     -0.7334926919,        2.52369807,     -0.7135832639,       4.359231287
          0,           0,        1753,      -2.858562979,     -0.7852689244,      -0.773945605,       2.538056979,     -0.7131992462,       4.491954986
          0,           0,        1754,      -2.870383548,     -0.7781094713,     -0.7761326445,       2.524688491,     -0.7128022205,       4.523482313
          0,           0,        1755,      -2.874814011,     -0.7761766993,     -0.7456885013,       2.519541789,     -0.7123751044,       4.371833924
          0,           0,        1756,      -2.870884855,     -0.7409214067,       -0.75715171,       2.524040343,     -0.7119240141,       4.407419086
          0,           0,        1757,      -2.865085075,     -0.7676078983,     -0.7690311449,       2.531287061,     -0.7114865966,       4.377170008
          0,           0,        1758,      -2.870250418,      -0.740877745,     -0.7599489507,       2.525149043,     -0.7110600991,       4.498255074
          0,           0,        1759,      -2.878576713,      -0.703405005,     -0.6771298156,       2.517195045,     -0.7106411343,         4.5949876
          0,           0,        1760,       -2.89728535,     -0.7033987009,     -0.7044751021,        2.49773026,     -0.7102511837,       4.525131198
          0,           0,        1761,      -2.894080374,     -0.6982945663,     -0.7227625073,        2.50208847,     -0.7098572833,        4.31363595
          0,           0,        1762,      -2.884640973,     -0.7082757662,     -0.7173191867,       2.511128884,     -0.7094548051,       4.513657394
          0,           0,        1763,       -2.89523114,     -0.6843760944,     -0.6916051551,       2.499394176,     -0.7090830133,       4.558148844
          0,           0,        1764,      -2.890699828,     -0.6549553202,     -0.6402875688,        2.50502133,     -0.7086740221,       4.402398284
          0,           0,        1765,      -2.891925826,      -0.694596164,     -0.7230093179,       2.503600518,     -0.7082686084,       4.307650551
          0,           0,        1766,       -2.90407095,      -0.700182235,     -0.7487933688,       2.492122745,     -0.7078967607,       4.264971469
          0,           0,        1767,      -2.896299383,     -0.7088969973,      -0.726542206,       2.497751533,     -0.7075421846,       4.421746176
          0,           0,        1768,      -2.894985152,     -0.7622033572,     -0.7759561128,       2.499650447,     -0.7071497573,       4.526286857
          0,           0,        1769,      -2.877326903,     -0.7303148339,     -0.7620424232,       2.517822066,     -0.7067599249,       4.324486261
          0,           0,        1770,      -2.891174607,     -0.7569662152,     -0.7426802784,       2.504150709,     -0.7063906503,       4.351145652
          0,           0,        1771,      -2.866861181,     -0.7738107908,     -0.7556648795,       2.527687805,     -0.7060355415,       4.528665916
          0,           0,        1772,      -2.859262986,     -0.7728792892,     -0.7702671015,       2.536927338,     -0.7056678064,       4.446602011
          0,           0,        1773,      -2.869415318,      -0.741261041,     -0.7651613527,       2.526954827,     -0.7052869834,       4.328657003
          0,           0,        1774,      -2.876389956,     -0.7490637607,     -0.7802235504,       2.518970292,     -0.7048974733,       4.211064616
          0,           0,        1775,      -2.872948537,     -0.7276590852,     -0.7782124771,       2.522405943,     -0.7044898844,       4.408980043
          0,           0,        1776,      -2.887100594,     -0.7161564203,     -0.7495213093,        2.50758519,     -0.7040622313,       4.566901617
          0,           0,        1777,      -2.875027363,     -0.7307695699,     -0.7702093108,       2.520109932,     -0.7036497436,       4.641857903
          0,           0,        1778,      -2.878609834,     -0.7042312626,      -0.699356739,       2.515815007,     -0.7032477457,       4.267370128
          0,           0,        1779,      -2.887395208,     -0.7718304608,     -0.7834055356,       2.507588211,     -0.7028792385,       4.422766268
          0,           0,        1780,      -2.864855283,     -0.7248559636,     -0.7460236815,       2.530891137,     -0.7024881889,       4.533167017
          0,           0,        1781,      -2.885814418,     -0.7168149536,     -0.7124754683,       2.508454115,     -0.7021155259,       4.528580486
          0,           0,        1782,      -2.880992123,     -0.6885149946,     -0.7027715535,       2.513974747,     -0.7017487446,       4.389852819
          0,           0,        1783,      -2.898516928,     -0.7008764399,      -0.721959456,       2.496262603,     -0.7013436006,        4.24076165
          0,           0,        1784,      -2.885867211,     -0.7027936072,     -0.7517623997,       2.510162626,     -0.7009491161,        4.36958383
          0,           0,        1785,      -2.885341768,      -0.685182163,     -0.6886250273,       2.508276486,     -0.7005678293,       4.579310073
          0,           0,        1786,      -2.888313684,     -0.6798048913,     -0.7398148175,       2.507090768,     -0.7002064338,       4.575301543
          0,           0,        1787,      -2.902280946,     -0.6907666153,     -0.7113312647,        2.49158437,     -0.6998338697,       4.267670014
          0,           0,        1788,       -2.88761315,     -0.6942659312,     -0.7494990764,       2.508067399,     -0.6994546204,       4.439423341
          0,           0,        1789,      -2.866656737,     -0.6826491577,     -0.7138921902,       2.528420506,      -0.699065418,       4.531250002
          0,           0,        1790,      -2.881636029,     -0.7089263619,     -0.7422841543,       2.513424619,     -0.6986983045,       4.523030933
          0,           0,        1791,      -2.871224869,     -0.6810278919,     -0.7192952435,       2.523552924,      -0.698324497,       4.413306625
          0,           0,        1792,      -2.902743885,     -0.7347300336,     -0.7483621263,       2.491682456,     -0.6979416305,       4.333446389
          0,           0,        1793,      -2.866902008,     -0.7331292667,      -0.763914128,        2.52930325,     -0.6975448423,         4.3929092
          0,           0,        1794,      -2.896021111,     -0.7238666283,     -0.7429948712,       2.497475274,     -0.6971453462,       4.608623168
          0,           0,        1795,      -2.875497044,     -0.7650459346,     -0.7805442887,       2.520814168,     -0.6967544269,       4.641242381
          0,           0,        1796,      -2.897444214,     -0.6933419396,     -0.7057445604,       2.496371204,     -0.6963368464,       4.336516458
          0,           0,        1797,      -2.892478598,     -0.7526387696,     -0.7487985759,       2.503850575,     -0.6959609977,       4.441957943
          0,           0,        1798,      -2.877194677,     -0.6914754964,     -0.7209158853,       2.517052172,     -0.6955731338,       4.541184139
          0,           0,        1799,      -2.893632811,     -0.7209066972,     -0.7167447293,       2.501199106,     -0.6951882373,       4.505542286
          0,           0,        1800,      -2.865047063,     -0.6793575439,     -0.6894408557,       2.529484227,      -0.694822679,       4.374176381
          0,           0,        1801,       -2.90245227,     -0.7076536011,     -0.7238501532,       2.491776685,     -0.6944243056,        4.41474333
          0,           0,        1802,      -2.867090244,     -0.7169690611,     -0.7507129677,       2.528848955,      -0.694027843,       4.338311814
          0,           0,        1803,      -2.893469456,     -0.6994955971,     -0.7151888849,       2.500340312,     -0.6936752237,       4.446863809
          0,           0,        1804,      -2.862180578,     -0.7374614749,     -0.7576794069,       2.534412309,     -0.6933211698,       4.512580587
          0,           0,        1805,      -2.889737846,     -0.6970488212,     -0.7209920079,       2.504143664,     -0.6929502513,       4.188030676
          0,           0,        1806,       -2.87516959,     -0.7174261466,      -0.748837851,       2.521272436,     -0.6925673199,       4.414677659
          0,           0,        1807,      -2.880327971,     -0.7073068655,     -0.7217633289,       2.513908287,      -0.692203459,       4.517417122
          0,           0,        1808,      -2.880397006,     -0.7374026722,     -0.7166895846,       2.515891606,     -0.6918558602,       4.398778798
          0,           0,        1809,      -2.872872347,     -0.7371356696,     -0.7669459113,       2.522804983,     -0.6915193834,       4.262063111
          0,           0,        1810,      -2.895443604,     -0.7499100433,     -0.7836738443,       2.500242531,     -0.6911662438,        4.19966402
          0,           0,        1811,      -2.866357607,     -0.7290082977,     -0.8004793464,       2.529271541,     -0.6907828031,       4.463108666
          0,           0,        1812,      -2.890548569,     -0.7618032701,     -0.7787053655,       2.504475556,      -0.690422165,       4.565782334
          0,           0,        1813,      -2.878795511,     -0.7554171376,     -0.7854564376,       2.516833743,     -0.6900427543,       4.477061224
          0,           0,        1814,      -2.880688406,     -0.7588099463,     -0.7851983176,       2.514055134,      -0.689679381,       4.317279991
          0,           0,        1815,      -2.852813917,     -0.7659558288,     -0.7872556256,        2.54403585,     -0.6892912067,       4.503158229
          0,           0,        1816,      -2.874495039,     -0.7504987702,     -0.7625086672,       2.521426867,     -0.6889307259,       4.548241272
          0,           0,        1817,      -2.870887094,     -0.7850269367,     -0.7642190924,       2.525287448,     -0.6885649455,       4.371030271
          0,           0,        1818,       -2.87906262,     -0.7759179247,      -0.749160027,       2.516680423,     -0.6882191067,       4.362585248
          0,           0,        1819,      -2.881082139,     -0.8015890656,     -0.7728084573,       2.515463981,     -0.6878362736,        4.34338586
          0,           0,        1820,        -2.8533433,     -0.7424430268,     -0.7642501883,       2.542366043,     -0.6874819183,       4.460439613
          0,           0,        1821,      -2.874562864,     -0.7517712788,     -0.7280480339,       2.521844716,      -0.687166484,         4.5699752
          0,           0,        1822,      -2.866903755,      -0.711414712,     -0.7148886874,       2.529513263,     -0.6868380338,       4.486378982
          0,           0,        1823,      -2.875858496,     -0.7319301305,     -0.7415567578,       2.520286343,      -0.686493018,       4.257950843
          0,           0,        1824,      -2.863512813,     -0.7186259727,     -0.7184257778,       2.532293924,     -0.6861534546,       4.515676462
          0,           0,        1825,      -2.867387492,     -0.7135456056,     -0.7225587509,        2.52818577,     -0.6858093529,       4.549275989
          0,           0,        1826,      -2.868146362,     -0.7061312324,     -0.7104805565,        2.52690929,     -0.6854813101,       4.368700799
          0,           0,        1827,      -2.874975254,     -0.7157048589,     -0.7220705143,       2.520647162,     -0.6851446224,        4.29880546
          0,           0,        1828,      -2.863605648,     -0.7311478834,     -0.7449219504,       2.532601397,     -0.6848170475,       4.332897003
          0,           0,        1829,      -2.856249422,     -0.7102119853,       -0.71567116,        2.53911151,     -0.6844834841,       4.575852765
          0,           0,        1830,      -2.872365372,     -0.7452607593,     -0.7405427041,       2.523208369,     -0.6841209388,       4.642426198
          0,           0,        1831,      -2.882396741,     -0.7062608539,     -0.7025255535,       2.513170188,     -0.6837727108,       4.501149499
          0,           0,        1832,      -2.885465148,     -0.7319854047,      -0.747196114,       2.511372163,     -0.6833928165,       4.289300069
          0,           0,        1833,      -2.881394019,     -0.7100005991,       -0.71554422,       2.513867839,     -0.6830340171,       4.540388753
          0,           0,        1834,       -2.90501614,     -0.7167860221,     -0.7187584505,       2.489428961,     -0.6826799197,       4.570345356
          0,           0,        1835,      -2.886255078,     -0.6870674951,     -0.6809453706,        2.50877604,     -0.6823282745,       4.405385984
          0,           0,        1836,      -2.897043509,     -0.6729939612,     -0.6777053166,       2.497670907,     -0.6819799944,       4.330748259
          0,           0,        1837,       -2.87352148,      -0.694545955,     -0.7421167696,       2.522875502,     -0.6816448764,       4.324932379
          0,           0,        1838,      -2.890504731,     -0.6904721765,     -0.7002786418,       2.502597726,     -0.6812745367,       4.446328927
          0,           0,        1839,      -2.882393793,     -0.7109058164,     -0.7364626586,       2.513383775,     -0.6809260775,       4.502215121
          0,           0,        1840,      -2.879052971,     -0.6931241653,     -0.7162064619,       2.514971179,      -0.680619015,       4.104994594
          0,           0,        1841,      -2.872626796,     -0.7452576016,     -0.7756291415,       2.523809317,     -0.6803113128,       4.425750738
          0,           0,        1842,      -2.858972444,     -0.7139358329,     -0.7388717799,       2.535904191,     -0.6799657168,       4.541348278
          0,           0,        1843,      -2.867997236,     -0.7563742595,     -0.7514516182,       2.528654983,     -0.6796334033,       4.470127215
          0,           0,        1844,      -2.870572078,     -0.7023202395,     -0.7245486658,       2.525353538,     -0.6793056647,       4.415300629
          0,           0,        1845,      -2.884512961,     -0.7110095342,     -0.7228155092,       2.511410192,     -0.6789848214,       4.226334455
          0,           0,        1846,      -2.867121397,     -0.7005099808,     -0.7616738245,       2.528971838,     -0.6786496342,       4.440692204
          0,           0,        1847,      -2.881116648,     -0.6776020181,     -0.7111886702,       2.514345682,     -0.6783080859,       4.577867476
          0,           0,        1848,      -2.889493312,     -0.6666930623,     -0.7399549753,       2.506497859,     -0.6779495006,       4.551186176
          0,           0,        1849,      -2.883966328,     -0.6816349022,     -0.7239117321,       2.511614276,     -0.6775664796,       4.416512026
          0,           0,        1850,      -2.884656988,     -0.7123244812,      -0.751840082,       2.511821889,     -0.6772086074,       4.556035972
          0,           0,        1851,      -2.869187963,     -0.6980071311,     -0.7355750374,       2.526789151,     -0.6768529056,       4.590276704
          0,           0,        1852,      -2.891029474,     -0.6897301164,     -0.7159086911,       2.504441877,     -0.6764746227,       4.405483928
          0,           0,        1853,      -2.885091899,     -0.6946776405,     -0.7475204671,       2.510579059,     -0.6761536643,       4.338500723
          0,           0,        1854,       -2.89524488,     -0.7233336939,     -0.7333545521,       2.501129998,     -0.6758224968,       4.285717459
          0,           0,        1855,      -2.883638924,     -0.7149623148,     -0.7644388523,       2.511885023,     -0.6754990531,       4.436761531
          0,           0,        1856,      -2.881948811,     -0.6891163013,     -0.7324923503,       2.512517774,     -0.6751936154,       4.597623422
          0,           0,        1857,      -2.889958518,      -0.692653934,     -0.7266694459,       2.505510896,     -0.6748587889,       4.477667484
          0,           0,        1858,      -2.868901686,     -0.7149158675,     -0.7371834805,        2.52703329,     -0.6745413057,       4.245219229
          0,           0,        1859,      -2.883416639,     -0.6947299545,     -0.7047885995,       2.512445132,      -0.674259026,       4.500664207
          0,           0,        1860,      -2.864781243,     -0.7256875649,      -0.741285028,       2.530998832,     -0.6739634132,        4.55921443
          0,           0,        1861,      -2.868350213,     -0.6739073077,     -0.7083802199,       2.526989173,     -0.6736609658,       4.410371329
          0,           0,        1862,      -2.872152033,     -0.7061396927,     -0.7398394209,       2.523111848,     -0.6733422215,       4.392997546
          0,           0,        1863,       -2.86005526,     -0.6957538259,     -0.7401195475,       2.537076284,     -0.6730301354,       4.352115719
          0,           0,        1864,      -2.862124269,     -0.6816593218,     -0.7336798647,       2.532794514,     -0.6727014998,       4.519088005
          0,           0,        1865,       -2.87421562,     -0.7503840598,     -0.7598607434,        2.52170446,     -0.6723800032,       4.587099936
          0,           0,        1866,      -2.880064392,     -0.7420810476,     -0.7674420448,       2.515708592,     -0.6720384725,       4.471523988
          0,           0,        1867,      -2.878452823,     -0.7260534029,     -0.7816816042,       2.517633228,     -0.6716875465,       4.299120426
          0,           0,        1868,      -2.874230272,     -0.7589223131,     -0.7559704859,       2.521321015,     -0.6713550326,        4.50710974
          0,           0,        1869,      -2.872415523,     -0.7535129295,     -0.7813698836,       2.522973428,     -0.6709995939,       4.544085344
          0,           0,        1870,      -2.866309952,     -0.7444100385,     -0.7604874844,       2.528177427,     -0.6706482305,       4.355621316
          0,           0,        1871,      -2.865495711,     -0.7079591704,     -0.7522785315,       2.530541367,     -0.6703300813,       4.354003851
          0,           0,        1872,      -2.868474761,      -0.709088584,     -0.7599478365,       2.528494715,     -0.6699978337,       4.303835632
          0,           0,        1873,      -2.869663855,     -0.6729779173,     -0.7100444307,        2.52605533,      -0.669678105,       4.483794559
          0,           0,        1874,        -2.8819393,     -0.6874714017,      -0.733082428,       2.514249941,     -0.6693639191,       4.559613029
          0,           0,        1875,      -2.875927009,     -0.6561183198,     -0.7117940188,       2.519910103,     -0.6690598504,       4.461948251
          0,           0,        1876,      -2.908542316,     -0.6963690481,     -0.7202838174,       2.486560248,     -0.6687442513,       4.283176706
          0,           0,        1877,      -2.881259729,     -0.6714382515,     -0.7138832023,       2.515207601,     -0.6684423944,       4.495466505
          0,           0,        1878,      -2.903860238,     -0.6966160102,     -0.7252414639,       2.490648238,     -0.6681359291,       4.540897887
          0,           0,        1879,      -2.891422084,     -0.6882573139,     -0.7045011041,       2.504942775,     -0.6678188335,       4.395284531
          0,           0,        1880,      -2.908311462,     -0.6987373265,     -0.7128329816,       2.486799321,     -0.6674975199,       4.383737199
          0,           0,        1881,      -2.895900895,     -0.7285926621,     -0.7365383215,       2.500504043,     -0.6671683089,       4.337087558
          0,           0,        1882,       -2.89879228,     -0.7171520519,     -0.7097713291,       2.495362814,     -0.6668343454,       4.411260861
          0,           0,        1883,      -2.874407705,     -0.7586587488,      -0.778938447,       2.521717292,     -0.6664901444,       4.474708626
          0,           0,        1884,      -2.887377505,     -0.7770668731,     -0.7803346788,       2.507127605,     -0.6661310515,       4.237787569
          0,           0,        1885,      -2.878944167,     -0.7760931017,     -0.7681939635,       2.516945293,     -0.6657642172,        4.38465353
          0,           0,        1886,      -2.861158583,     -0.7335772604,     -0.7695067203,       2.534421664,      -0.665394358,       4.516338281
          0,           0,        1887,      -2.859722076,     -0.7701322825,     -0.7904186444,       2.535777072,     -0.6650478889,       4.435143167
          0,           0,        1888,      -2.866099024,     -0.7413981657,     -0.7812453791,        2.52986874,     -0.6646915262,        4.33322644
          0,           0,        1889,      -2.866489733,     -0.7933565893,      -0.787787406,        2.53018417,     -0.6643548239,       4.285316164
          0,           0,        1890,      -2.862587909,      -0.718380177,     -0.7436336111,       2.533948156,     -0.6640581988,       4.505137376
          0,           0,        1891,      -2.876357519,     -0.7417584163,     -0.7238387641,       2.519218992,     -0.6637209583,       4.607004565
          0,           0,        1892,      -2.882654229,     -0.7007428969,     -0.7197644236,       2.513327396,     -0.6634068084,       4.587847312
          0,           0,        1893,      -2.884401503,     -0.7348134164,     -0.7284103925,       2.511886839,     -0.6631079035,       4.414452664
          0,           0,        1894,      -2.889591377,     -0.7134925891,     -0.7251856712,         2.5061074,     -0.6627869519,       4.572363244
          0,           0,        1895,      -2.883244008,     -0.6788544559,     -0.6928960915,       2.511895708,     -0.6624571767,       4.591421225
          0,           0,        1896,      -2.889371116,     -0.6688947842,       -0.69346055,       2.507219212,     -0.6621720024,       4.443501964
          0,           0,        1897,      -2.900069476,     -0.7004993571,     -0.7383256849,        2.49519673,      -0.661874341,       4.377012091
          0,           0,        1898,      -2.904172605,     -0.6821452837,     -0.6888398902,       2.492071841,     -0.6615817807,       4.307532929
          0,           0,        1899,      -2.892292157,     -0.6731813487,     -0.7110144288,       2.502719801,     -0.6612617516,       4.454955289
          0,           0,        1900,      -2.890932028,     -0.7211562842,     -0.7289356264,        2.50502831,     -0.6609676238,       4.541020108
          0,           0,        1901,      -2.894588084,     -0.7155606521,     -0.7241551666,       2.500548147,     -0.6606670727,       4.355373699
          0,           0,        1902,      -2.891487014,     -0.7450966877,     -0.7622942096,        2.50369108,     -0.6603580943,       4.224867936
          0,           0,        1903,      -2.883031905,     -0.7297245651,     -0.7193766598,       2.511435416,     -0.6600340186,       4.481162074
          0,           0,        1904,      -2.873234799,     -0.7804542291,     -0.7999045934,        2.52212221,     -0.6597038608,       4.498355872
          0,           0,        1905,      -2.866054308,     -0.7443266381,     -0.7691312281,        2.53000131,      -0.659378948,       4.359607554
          0,           0,        1906,       -2.88807543,     -0.7835631363,     -0.7872431597,       2.507039355,     -0.6590219647,       4.205694543
          0,           0,        1907,      -2.862451604,      -0.748007876,     -0.7766775834,       2.533847566,     -0.6586898412,       4.400941347
          0,           0,        1908,       -2.86956625,     -0.7519273743,     -0.7670373399,       2.525884392,       -0.65837165,       4.526441389
          0,           0,        1909,      -2.870536472,     -0.7237580202,      -0.741388954,       2.524673479,     -0.6580503398,       4.591639349
          0,           0,        1910,      -2.870371238,     -0.7211921365,     -0.7381773452,       2.523933041,     -0.6577369688,       4.160691701
          0,           0,        1911,       -2.86389402,     -0.7448119052,     -0.7818142315,       2.533073018,     -0.6574311138,       4.378879308
          0,           0,        1912,      -2.853382902,     -0.7178293202,     -0.7347002068,       2.542085083,     -0.6570962764,       4.502113899
          0,           0,        1913,      -2.881465118,     -0.7120359599,     -0.7346386867,       2.514439122,     -0.6567931186,       4.467791673
          0,           0,        1914,      -2.873435349,     -0.7008529951,     -0.7214236146,       2.522616644,     -0.6565157284,        4.32975628
          0,           0,        1915,      -2.899180841,     -0.7156875468,      -0.730018236,       2.495516434,     -0.6562194507,       4.290637397
          0,           0,        1916,      -2.871497249,     -0.6877960187,     -0.7491773229,       2.525231038,     -0.6559354456,       4.372945103
          0,           0,        1917,      -2.876100767,     -0.6671201641,     -0.6976545448,       2.518699304,      -0.655632804,       4.579154162
          0,           0,        1918,      -2.883320063,     -0.6493174727,     -0.6834651346,       2.512856722,     -0.6553559266,        4.56796392
          0,           0,        1919,      -2.883028427,     -0.6606918399,     -0.6980448984,        2.51191596,     -0.6550736111,       4.265456826
          0,           0,        1920,       -2.87466276,     -0.6665615475,     -0.7343210963,       2.521937373,     -0.6547913984,       4.418946857
          0,           0,        1921,      -2.868874752,      -0.638191199,     -0.6944922959,       2.526551971,     -0.6544987908,       4.516999373
          0,           0,        1922,      -2.864414881,      -0.652199722,      -0.708087873,       2.532167138,     -0.6541995175,       4.461341364
          0,           0,        1923,      -2.869950103,     -0.6503921834,     -0.7100576851,       2.527157421,     -0.6539041248,       4.404153549
          0,           0,        1924,      -2.883716512,     -0.7045977822,     -0.7261921258,         2.5123512,      -0.653597927,       4.304114342
          0,           0,        1925,      -2.869482405,     -0.7098916143,     -0.7448364143,       2.527585803,     -0.6532771121,       4.476631417
          0,           0,        1926,      -2.884268001,     -0.7153538271,     -0.7429562042,       2.510995494,     -0.6529622441,       4.565143464
          0,           0,        1927,      -2.889542325,     -0.7799931423,     -0.7483685734,       2.506979906,     -0.6526579339,       4.539109375
          0,           0,        1928,      -2.885649075,     -0.7406615784,     -0.7358042318,       2.510082793,       -0.65236089,       4.251849879
          0,           0,        1929,      -2.885441057,     -0.7855854566,     -0.7732127335,       2.511179741,     -0.6520642392,       4.470212646
          0,           0,        1930,      -2.865146998,     -0.7360561751,     -0.7300165013,       2.531050075,     -0.6517697259,       4.548083847
          0,           0,        1931,      -2.900926974,     -0.7808204787,     -0.7582164028,       2.493605247,     -0.6514711788,       4.458431513
          0,           0,        1932,      -2.878941152,     -0.7218895811,     -0.7359813271,       2.516622011,     -0.6512065528,       4.352516832
          0,           0,        1933,       -2.88887377,     -0.7418328594,     -0.7495532696,       2.505150864,     -0.6509710536,       4.332872018
          0,           0,        1934,      -2.859481436,     -0.7190755863,     -0.7419439474,       2.536700276,     -0.6506990672,        4.40503121
          0,           0,        1935,      -2.869070155,     -0.6961631336,     -0.7412794382,       2.525133333,     -0.6504305419,        4.56522712
          0,           0,        1936,      -2.861389802,      -0.735147809,      -0.756533825,       2.535690032,     -0.6501619614,       4.507594619
          0,           0,        1937,      -2.872421972,     -0.7111419198,     -0.7376751032,         2.5229988,     -0.6498984765,       4.304227479
          0,           0,        1938,      -2.867721359,     -0.7349622997,     -0.7603943373,       2.529536274,     -0.6496346442,       4.464571998
          0,           0,        1939,      -2.861223258,     -0.7204410444,     -0.7598678223,       2.534899471,     -0.6493654656,       4.518002342
          0,           0,        1940,      -2.864176766,     -0.7277537971,     -0.7374036487,       2.531087852,     -0.6490879367,       4.399843476
          0,           0,        1941,      -2.871573969,     -0.6986404175,     -0.7360458126,        2.52416199,     -0.6488121046,       4.401170349
          0,           0,        1942,       -2.86660752,     -0.7080473965,     -0.7497429717,       2.530368422,     -0.6485241303,       4.328506137
          0,           0,        1943,      -2.863712376,     -0.6993348582,     -0.7324057005,       2.532757305,     -0.6482383825,       4.456229204
          0,           0,        1944,      -2.859978918,     -0.7140339399,     -0.7316648377,       2.536815024,     -0.6479528971,       4.565401763
          0,           0,        1945,      -2.878294492,     -0.7126008398,     -0.7179802633,       2.517373001,     -0.6476873341,       4.473623339
          0,           0,        1946,      -2.869128435,     -0.7293149399,      -0.728595384,       2.527372456,     -0.6474160317,       4.304309001
          0,           0,        1947,      -2.856877675,     -0.7177533751,     -0.7363062815,       2.540158159,     -0.6471431813,       4.488985356
          0,           0,        1948,      -2.889700475,     -0.7328298616,     -0.7530408643,         2.5057548,     -0.6468667304,       4.515436207
          0,           0,        1949,      -2.876776512,     -0.7259931771,     -0.7219476242,       2.518976531,     -0.6465751373,       4.353859603
          0,           0,        1950,      -2.884829076,     -0.7235597142,     -0.7336218669,        2.51090357,     -0.6463174417,       4.312808558
          0,           0,        1951,       -2.87120357,      -0.763365317,     -0.7781842594,       2.525692047,     -0.6460486534,       4.325056714
          0,           0,        1952,      -2.875514853,     -0.7102607476,     -0.7365830635,       2.519474221,       -0.64578177,       4.497824676
          0,           0,        1953,      -2.877584992,      -0.752690918,     -0.7629908064,       2.518719158,     -0.6455204631,       4.587317145
          0,           0,        1954,      -2.872534866,     -0.7096192439,     -0.7173803962,       2.523005185,     -0.6452460721,       4.437271147
          0,           0,        1955,      -2.886667922,     -0.7377443017,     -0.7464813223,       2.509044428,     -0.6449865199,       4.379165192
          0,           0,        1956,      -2.857197513,     -0.7026681534,     -0.7068820847,       2.538606458,     -0.6447279402,       4.531489624
          0,           0,        1957,      -2.864699276,     -0.7273156242,     -0.7393995736,       2.531098995,     -0.6444563269,       4.536058509
          0,           0,        1958,      -2.868361411,     -0.6888279138,     -0.7095170648,        2.52666718,     -0.6441696588,       4.437401711
          0,           0,        1959,      -2.872031744,     -0.6866852786,     -0.7080393651,       2.523044543,     -0.6438594863,       4.350128341
          0,           0,        1960,      -2.871185504,       -0.69564872,     -0.7178053781,       2.525748017,     -0.6435671617,       4.446225891
          0,           0,        1961,      -2.877121945,     -0.6805188047,      -0.705556764,       2.517612809,     -0.6432816857,       4.574321439
          0,           0,        1962,      -2.884013805,     -0.6587748454,     -0.6918142594,       2.511110186,     -0.6429931959,       4.630347349
          0,           0,        1963,      -2.879365284,     -0.6321431576,     -0.6805157192,       2.516132883,     -0.6427281047,       4.311418341
          0,           0,        1964,      -2.902252425,     -0.6690706494,     -0.7049395055,       2.492928539,     -0.6424606795,       4.450728594
          0,           0,        1965,      -2.886263199,     -0.6779343164,     -0.7085025158,       2.509739962,     -0.6421814784,       4.530814765
          0,           0,        1966,      -2.911922456,     -0.6975261461,     -0.7051453737,       2.483274951,     -0.6419202882,       4.546798911
          0,           0,        1967,      -2.894852318,     -0.6764002458,     -0.6923237173,         2.5002557,     -0.6416607928,       4.405084678
          0,           0,        1968,      -2.919939982,     -0.6832077853,      -0.704138291,       2.474107946,     -0.6413895045,       4.419532208
          0,           0,        1969,      -2.885786631,     -0.7025918858,     -0.7470046571,         2.5103398,     -0.6411456607,       4.340599312
          0,           0,        1970,      -2.897806267,     -0.7192353753,     -0.7394936616,        2.49572406,     -0.6409253577,       4.438835089
          0,           0,        1971,      -2.882679542,     -0.7349509151,     -0.7675825401,       2.512450322,     -0.6406833027,       4.478401718
          0,           0,        1972,      -2.889181861,     -0.7293188941,     -0.7384772666,       2.504997576,     -0.6404394291,       4.197018157
          0,           0,        1973,       -2.87933112,     -0.7570172734,     -0.7786105008,       2.517126423,     -0.6402015301,       4.400565425
          0,           0,        1974,      -2.860266919,     -0.7421996572,     -0.7523898479,       2.535789241,     -0.6399624632,       4.532622675
          0,           0,        1975,      -2.892364374,     -0.7699151588,     -0.7362490224,       2.502735702,     -0.6397175141,       4.397507461
          0,           0,        1976,      -2.888916748,     -0.7332912564,     -0.7505540319,       2.506327956,     -0.6394589799,       4.190366353
          0,           0,        1977,      -2.892484445,     -0.7334933068,      -0.743606879,        2.50272008,     -0.6391827789,       4.294316584
          0,           0,        1978,      -2.870370072,     -0.7115217141,     -0.7523887921,        2.52557615,     -0.6389000145,        4.53846672
          0,           0,        1979,      -2.886981204,     -0.7224180749,     -0.7244129674,       2.507702985,     -0.6386120948,       4.626300556
          0,           0,        1980,      -2.886090679,     -0.7160376744,     -0.7275255336,       2.509659636,     -0.6383417282,       4.553946063
          0,           0,        1981,       -2.88329992,     -0.7190761375,     -0.7398134751,       2.512645563,      -0.638064939,       4.368680436
          0,           0,        1982,      -2.886694605,     -0.7468539384,     -0.7518519725,       2.509765816,     -0.6378167524,         4.5212795
          0,           0,        1983,      -2.877688565,     -0.7359225578,     -0.7433238935,       2.517685081,     -0.6375521225,       4.541315232
          0,           0,        1984,      -2.900832162,     -0.7591558416,     -0.7511628716,       2.494442057,     -0.6373062767,       4.405821108
          0,           0,        1985,      -2.879807314,     -0.7277472617,     -0.7464860344,       2.516243594,     -0.6370604005,       4.376627161
          0,           0,        1986,      -2.879266995,     -0.7307556993,     -0.7170513751,       2.516682439,     -0.6368207947,       4.310332399
          0,           0,        1987,      -2.875348604,     -0.7327228628,     -0.7535009203,       2.520332708,     -0.6365866639,       4.411783384
          0,           0,        1988,      -2.871604833,     -0.7213421232,     -0.7212717724,       2.524364471,     -0.6363603324,        4.53491071
          0,           0,        1989,      -2.882867774,     -0.7155790104,      -0.725838443,       2.512274984,     -0.6361195226,       4.476526336
          0,           0,        1990,      -2.874449966,      -0.718516913,     -0.7407659775,       2.522392401,     -0.6358708192,       4.299765702
          0,           0,        1991,      -2.882172363,      -0.692554497,      -0.721341535,       2.514255971,     -0.6356132452,       4.532886646
          0,           0,        1992,      -2.867740274,     -0.7083849342,     -0.7023513563,       2.528410011,     -0.6353636018,       4.578646164
          0,           0,        1993,      -2.869801253,     -0.6666403723,     -0.6912282804,        2.52703332,     -0.6351145374,       4.424691896
          0,           0,        1994,      -2.865436214,     -0.7172132986,     -0.7500598432,       2.531760184,     -0.6348641267,       4.366006327
          0,           0,        1995,      -2.878438714,     -0.7472287996,     -0.7502572588,       2.518453639,     -0.6345993539,       4.316129198
          0,           0,        1996,      -2.866210129,     -0.7312548337,     -0.7368009804,       2.529727519,     -0.6343414304,       4.444354576
          0,           0,        1997,       -2.86904165,     -0.7344121147,     -0.7363431833,       2.527639983,     -0.6340681435,       4.551360659
          0,           0,        1998,      -2.884613137,     -0.7496712245,     -0.7235305839,       2.511255563,     -0.6338037099,       4.459011575
          0,           0,        1999,      -2.890927076,     -0.7354937328,     -0.7174224618,       2.504978202,     -0.6335234386,       4.312996422
          0,           0,        2000,      -2.881429929,     -0.7373391951,     -0.7489974267,       2.515347456,     -0.6332524706,       4.496931026
          0,           0,        2001,      -2.861555915,     -0.7235033404,     -0.7446855709,       2.534953824,     -0.6329884146,       4.530593517
          0,           0,        2002,      -2.883356713,     -0.6804348437,     -0.7104939841,        2.51215213,     -0.6327282518,       4.361418706
          0,           0,        2003,      -2.888946319,     -0.6661152421,     -0.7120701377,       2.506592917,     -0.6324602351,       4.389233065
          0,           0,        2004,      -2.882485894,     -0.6829542944,     -0.7287546215,       2.513746061,     -0.6321995125,       4.360403996
          0,           0,        2005,      -2.859476639,     -0.6738477313,     -0.6959360941,       2.537436095,     -0.6319310771,       4.453614469
          0,           0,        2006,       -2.87314631,     -0.6708576201,     -0.7136350004,       2.522105974,     -0.6316682851,       4.560110632
          0,           0,        2007,      -2.878700681,      -0.673765812,     -0.6774373119,       2.517613095,      -0.631422934,       4.307940732
          0,           0,        2008,      -2.896001296,     -0.7030325541,     -0.7049271879,       2.499689574,      -0.631145179,       4.372052582
          0,           0,        2009,      -2.873845021,     -0.6528052459,     -0.6893824813,        2.52092062,     -0.6308713001,       4.544746725
          0,           0,        2010,      -2.878892994,     -0.7029158052,      -0.712324836,       2.516609966,     -0.6305994171,       4.566234781
          0,           0,        2011,      -2.882316048,     -0.6649247262,      -0.674012596,       2.513404693,     -0.6303304247,        4.41581736
          0,           0,        2012,      -2.891011182,     -0.7038345257,     -0.7058094908,       2.505025685,     -0.6300517502,        4.27842227
          0,           0,        2013,      -2.895757792,     -0.6892178758,     -0.6793666493,       2.500906924,     -0.6297618827,       4.335143494
          0,           0,        2014,      -2.899019381,     -0.7056204212,     -0.6945772269,       2.494884268,     -0.6294663022,       4.575093088
          0,           0,        2015,      -2.891604395,     -0.7491036183,     -0.7447877103,        2.50462007,     -0.6291602466,       4.609365244
          0,           0,        2016,      -2.887107195,     -0.7010319177,     -0.6881018059,       2.507397926,      -0.628855019,       4.405142221
          0,           0,        2017,      -2.900796873,     -0.7698032696,      -0.715059574,       2.494887316,     -0.6285344633,       4.393176013
          0,           0,        2018,      -2.861531956,      -0.724978171,     -0.7360508199,       2.534150276,     -0.6282217609,       4.514008916
          0,           0,        2019,      -2.877462924,     -0.7840282446,     -0.7504696932,       2.518644614,     -0.6279032138,       4.532491611
          0,           0,        2020,      -2.861589328,     -0.7440064427,     -0.7298363982,       2.533898343,     -0.6276018459,       4.371280587
          0,           0,        2021,      -2.882796952,     -0.7671575902,     -0.7587797575,       2.512286378,     -0.6273061693,       4.348596546
          0,           0,        2022,      -2.866721854,     -0.7492110302,      -0.796273019,       2.529434547,     -0.6270171922,       4.322895739
          0,           0,        2023,        -2.8750805,     -0.6974920738,     -0.7300417798,       2.520053464,     -0.6267088289,        4.47595672
          0,           0,        2024,      -2.862919264,     -0.7027218915,      -0.744534385,       2.533085493,     -0.6264232472,       4.537969844
          0,           0,        2025,      -2.876842771,     -0.6588450454,     -0.7126738912,       2.518392899,     -0.6261561801,       4.316594043
          0,           0,        2026,       -2.88486903,     -0.6753476823,     -0.7575278418,       2.511289222,     -0.6258863848,       4.398106007
          0,           0,        2027,      -2.855297585,     -0.6744857938,     -0.7214251857,       2.541540634,     -0.6256117079,       4.523021307
          0,           0,        2028,      -2.870561913,     -0.6450444139,     -0.7098169553,       2.526368754,     -0.6253288523,       4.500184169
          0,           0,        2029,      -2.892297818,     -0.6289370637,     -0.6764841908,       2.503559193,     -0.6250512372,       4.423084004
          0,           0,        2030,      -2.895628222,     -0.6654452682,     -0.7014246957,       2.500536961,     -0.6247751718,       4.339658352
          0,           0,        2031,      -2.891907996,     -0.6719094706,     -0.7158054748,       2.505082027,     -0.6245010184,       4.424053683
          0,           0,        2032,      -2.873440571,     -0.6440322709,     -0.6748424299,       2.522904189,     -0.6242280076,       4.615502494
          0,           0,        2033,      -2.891776862,     -0.6515090525,     -0.6984444708,        2.50450706,     -0.6239435682,       4.609448659
          0,           0,        2034,      -2.909288687,      -0.661439127,     -0.6758298876,       2.484464587,     -0.6236639134,       4.433195107
          0,           0,        2035,      -2.909926936,     -0.7220335613,     -0.7209875264,       2.485384533,      -0.623384178,       4.481385693
          0,           0,        2036,      -2.882942873,      -0.706952759,     -0.7072849193,        2.51272673,     -0.6231122302,        4.53791066
          0,           0,        2037,      -2.885052739,     -0.6936490483,     -0.6986725981,       2.509499467,     -0.6228550601,       4.520141183
          0,           0,        2038,      -2.877982017,     -0.7099056482,     -0.7005528133,       2.518287356,     -0.6225881082,       4.398114007
          0,           0,        2039,      -2.888445675,     -0.7122489184,     -0.7221268849,       2.506707144,     -0.6223347993,       4.419000654
          0,           0,        2040,      -2.875156551,     -0.6926577361,     -0.7188882686,         2.5211811,     -0.6220700211,       4.357666561
          0,           0,        2041,      -2.882845122,     -0.7244270729,     -0.7418756592,       2.510965459,     -0.6218108713,       4.498902835
          0,           0,        2042,      -2.876190578,     -0.7397849335,     -0.7606457374,       2.519865728,     -0.6215292052,       4.572489748
          0,           0,        2043,      -2.885823635,     -0.7191451686,     -0.7266972206,        2.50806957,     -0.6212621291,       4.100767016
          0,           0,        2044,      -2.886244681,      -0.747487993,     -0.7563286811,        2.50983546,     -0.6210227403,       4.344829205
          0,           0,        2045,      -2.858093751,      -0.711636946,     -0.7356124655,       2.537687053,     -0.6207661192,       4.513328266
          0,           0,        2046,      -2.883593839,     -0.7650388294,     -0.7737917103,       2.512262132,     -0.6205134054,       4.449436056
          0,           0,        2047,      -2.878495667,     -0.7230420988,     -0.7457115285,       2.517521969,     -0.6202628002,        4.42327203
          0,           0,        2048,      -2.910677093,     -0.7240822787,     -0.7340551721,        2.48368667,     -0.6200186899,       4.392907928
          0,           0,        2049,      -2.874255182,     -0.7064866432,     -0.7271942849,       2.522165533,      -0.619791224,       4.368120669
          0,           0,        2050,      -2.886077641,     -0.6692675851,     -0.6906649683,       2.508770005,      -0.619566747,        4.48366112
          0,           0,        2051,      -2.884129996,     -0.6897261387,     -0.7152065322,       2.511311917,     -0.6193420387,       4.459530822
          0,           0,        2052,      -2.886507339,     -0.6545710907,     -0.6905297492,       2.508583172,     -0.6191027993,       4.428926177
          0,           0,        2053,       -2.87314377,     -0.6877944078,     -0.7194431816,       2.522838055,     -0.6188526215,       4.558213943
          0,           0,        2054,       -2.87316377,     -0.6588476172,     -0.7094607457,       2.522540421,     -0.6186196473,       4.591265928
          0,           0,        2055,       -2.87210181,     -0.6735255716,     -0.7132021622,       2.524640978,     -0.6183675581,       4.454323554
          0,           0,        2056,      -2.880318966,     -0.6396568444,     -0.6857544225,        2.51701047,      -0.618141529,       4.351472763
          0,           0,        2057,      -2.885523241,     -0.6771100258,     -0.6973019692,       2.511508654,     -0.6179262078,       4.345100476
          0,           0,        2058,      -2.880750687,     -0.6974008898,     -0.7173591061,       2.515307027,     -0.6177170768,        4.44701149
          0,           0,        2059,      -2.876865738,     -0.6631918858,      -0.662654276,       2.519006207,     -0.6175257167,       4.602744209
          0,           0,        2060,      -2.869293676,     -0.7185345285,     -0.7315011198,       2.527311743,     -0.6173304561,       4.479364375
          0,           0,        2061,      -2.866854402,     -0.7027259215,     -0.7270884733,       2.528313102,     -0.6171169808,       4.262034647
          0,           0,        2062,      -2.853140426,     -0.7083337431,     -0.7225824443,       2.543026406,     -0.6169352551,       4.480223541
          0,           0,        2063,      -2.844058378,     -0.7148650579,      -0.736444804,       2.552729892,     -0.6167745364,       4.534006916
          0,           0,        2064,      -2.846395447,     -0.7271942792,     -0.7409771038,       2.549917906,     -0.6166032119,       4.382775756
          0,           0,        2065,      -2.851269927,      -0.727684009,     -0.7285163794,       2.545714548,     -0.6164470036,       4.380283952
          0,           0,        2066,      -2.862467877,      -0.744693118,     -0.7243112957,        2.53450773,     -0.6162709679,       4.338279993
          0,           0,        2067,      -2.850360212,     -0.7248781199,     -0.7446523485,       2.546286604,     -0.6161221938,       4.530753565
          0,           0,        2068,      -2.864123947,     -0.7526591701,     -0.7171716187,       2.532055638,     -0.6159577074,       4.629922098
          0,           0,        2069,      -2.859735574,     -0.7275838737,     -0.7450100092,       2.537122833,     -0.6157937968,        4.53491719
          0,           0,        2070,      -2.872305827,     -0.7062493851,     -0.7388114545,       2.524528716,     -0.6156246569,        4.30854594
          0,           0,        2071,      -2.865031287,     -0.7363938968,     -0.7139600699,       2.531520119,     -0.6154403066,       4.531144964
          0,           0,        2072,      -2.865453052,      -0.703241218,     -0.7405577663,       2.530289124,     -0.6152572672,       4.552459792
          0,           0,        2073,      -2.866822995,     -0.7126371072,     -0.7329476427,       2.528559874,     -0.6150526044,        4.41898709
          0,           0,        2074,      -2.872309207,     -0.7018347484,     -0.7287920871,       2.523864931,     -0.6148526874,       4.362436905
          0,           0,        2075,       -2.87880776,      -0.697007711,     -0.7397022856,       2.517361195,     -0.6146469481,       4.398671947
          0,           0,        2076,      -2.864781044,     -0.7031788988,     -0.7407685843,       2.530901061,     -0.6144468492,       4.513356288
          0,           0,        2077,      -2.868742328,     -0.7017897827,     -0.7420745741,       2.527652362,      -0.614254087,        4.63125419
          0,           0,        2078,      -2.866383151,     -0.6982792159,     -0.7366398448,       2.529264045,     -0.6140589304,       4.483243635
          0,           0,        2079,      -2.886083075,     -0.7357823873,     -0.7576154186,       2.510123959,      -0.613859978,       4.298609707
          0,           0,        2080,      -2.860498521,     -0.7106122864,     -0.7113440295,       2.535283587,      -0.613689765,       4.507952251
          0,           0,        2081,      -2.887633483,     -0.7318118916,     -0.7410341073,       2.507818263,     -0.6135106118,       4.539093596
          0,           0,        2082,      -2.876093216,     -0.7002380858,     -0.7142057671,       2.519354065,     -0.6133286282,       4.429666316
          0,           0,        2083,      -2.898300539,     -0.7212547848,     -0.7208069054,       2.496075327,     -0.6131582623,       4.431371979
          0,           0,        2084,      -2.884398142,     -0.7065647453,     -0.7561603147,       2.512809617,     -0.6129844846,       4.395003244
          0,           0,        2085,       -2.89715984,        -0.6968967,     -0.7194972052,       2.496716184,     -0.6128203208,       4.502960878
          0,           0,        2086,      -2.882526421,     -0.7146471879,     -0.7370711293,       2.513422613,     -0.6126471594,       4.545247349
          0,           0,        2087,      -2.879968306,      -0.708557769,     -0.7368970286,        2.51497108,     -0.6124566648,         4.2410138
          0,           0,        2088,      -2.900241709,     -0.7694809167,     -0.7887619369,       2.494641035,     -0.6122679315,       4.300738596
          0,           0,        2089,      -2.863547316,     -0.7325676056,     -0.7594307613,       2.531309902,     -0.6120660743,        4.49635433
          0,           0,        2090,      -2.899614943,     -0.7740791288,     -0.7812800427,       2.495678474,     -0.6118508753,       4.475785932
          0,           0,        2091,       -2.87306195,     -0.7465710472,     -0.7567115559,       2.521898684,     -0.6116606546,        4.37642508
          0,           0,        2092,      -2.899808707,      -0.751587856,     -0.7276981743,       2.495613176,     -0.6114504666,       4.251471887
          0,           0,        2093,      -2.887616138,     -0.7703704254,     -0.7772851268,       2.508203897,     -0.6112657928,       4.423019845
          0,           0,        2094,      -2.890270224,     -0.7602828359,     -0.7361104676,       2.503818974,     -0.6110825563,        4.59722994
          0,           0,        2095,      -2.884332812,     -0.7618645117,     -0.7728302335,       2.512323526,     -0.6108948547,       4.603498241
          0,           0,        2096,      -2.892079747,     -0.7189032961,     -0.7171697599,       2.501951994,     -0.6107291448,       4.354654151
          0,           0,        2097,      -2.887380414,     -0.7668470511,     -0.7828733737,       2.509408962,     -0.6105523123,       4.511143681
          0,           0,        2098,      -2.882742733,     -0.7212652788,       -0.74623104,       2.511859301,     -0.6103544132,       4.584910786
          0,           0,        2099,      -2.898171617,     -0.7446963889,     -0.7529788501,       2.497889013,     -0.6101819989,       4.473395358
          0,           0,        2100,      -2.883281151,      -0.716964029,     -0.7430071063,       2.512641797,     -0.6100266519,       4.381346433
          0,           0,        2101,      -2.926234377,     -0.7576993881,     -0.7638063457,       2.469278371,     -0.6098462007,       4.352326104
          0,           0,        2102,      -2.888494294,     -0.7539977302,     -0.7738079442,       2.507224851,     -0.6096660122,       4.383691593
          0,           0,        2103,      -2.907779458,     -0.7344354467,     -0.7179274846,       2.487158006,     -0.6094799636,       4.468945174
          0,           0,        2104,      -2.898981053,     -0.7774843023,     -0.7802414323,       2.496295213,     -0.6093134069,       4.466625061
          0,           0,        2105,      -2.902353458,     -0.7192814479,     -0.7209038539,       2.491498788,     -0.6091341376,       4.149574545
          0,           0,        2106,      -2.888900298,     -0.7711059557,     -0.7566488936,       2.506981603,     -0.6089642151,       4.396310958
          0,           0,        2107,      -2.872493927,     -0.7419337834,      -0.754631531,       2.523146515,     -0.6087802144,       4.491152496
          0,           0,        2108,      -2.880942524,      -0.746169352,     -0.7392042681,       2.514398654,     -0.6086057819,       4.348011615
          0,           0,        2109,      -2.883825798,     -0.7556910093,     -0.7585943944,       2.511762457,     -0.6084188652,       4.313216995
          0,           0,        2110,      -2.881000663,     -0.7605995136,     -0.7486412689,       2.515118968,     -0.6082424114,       4.289371678
          0,           0,        2111,      -2.885682078,     -0.7710720017,     -0.7902541479,       2.508995332,     -0.6080661815,       4.427906068
          0,           0,        2112,      -2.881035886,     -0.7636143804,     -0.7577436747,       2.513367245,     -0.6078883246,       4.606278089
          0,           0,        2113,      -2.876271441,     -0.7579086862,     -0.7562280959,       2.519688438,     -0.6077024983,       4.503624286
          0,           0,        2114,      -2.885681856,     -0.7760358022,     -0.7513114161,       2.509948266,     -0.6075457917,       4.268695068
          0,           0,        2115,      -2.877629891,     -0.7774642958,     -0.7101694934,       2.518864907,     -0.6073429322,       4.485248576
          0,           0,        2116,      -2.868250474,     -0.7807654814,     -0.7895907325,       2.527184516,     -0.6071479683,       4.525626588
          0,           0,        2117,       -2.87232353,     -0.7384043466,     -0.7252256053,       2.523219426,     -0.6069922796,       4.324038036
          0,           0,        2118,       -2.88022543,      -0.733479247,      -0.751746593,       2.515447806,     -0.6068254667,       4.308822648
          0,           0,        2119,      -2.881962821,     -0.7178593606,     -0.7374969436,       2.513936015,      -0.606635583,       4.330153644
          0,           0,        2120,      -2.864200554,     -0.7215531288,     -0.7711841525,       2.532089786,     -0.6064405899,        4.50837377
          0,           0,        2121,      -2.870073157,     -0.7004673133,     -0.6985784166,       2.525506433,     -0.6062733419,       4.665411666
          0,           0,        2122,      -2.882818852,     -0.7311831173,     -0.7419654834,       2.513729184,     -0.6060965179,       4.602723136
          0,           0,        2123,      -2.882506084,     -0.7034779675,     -0.7036627085,       2.514501223,      -0.605934569,       4.282145254
          0,           0,        2124,      -2.893489097,     -0.7506469156,     -0.7276379332,       2.502894879,     -0.6057785908,       4.491738826
          0,           0,        2125,       -2.87302493,     -0.7455711759,      -0.747458276,       2.521898644,     -0.6055975645,       4.544395245
          0,           0,        2126,      -2.885349079,     -0.7242554429,     -0.7166724553,       2.510147285,     -0.6054038554,       4.403602284
          0,           0,        2127,      -2.885182514,     -0.7309149873,     -0.7568230208,       2.511523631,     -0.6052163219,       4.365010038
          0,           0,        2128,      -2.897481307,     -0.7505637557,     -0.7575176711,       2.498206515,     -0.6050139735,       4.347161123
          0,           0,        2129,      -2.879196863,     -0.7215765922,     -0.7270736319,       2.516845131,      -0.604821992,       4.420574316
          0,           0,        2130,      -2.887033617,     -0.7219957113,      -0.709122697,       2.508659994,     -0.6046416331,       4.523121333
          0,           0,        2131,      -2.891272665,     -0.7490434996,     -0.7464169465,        2.50459123,      -0.604449028,       4.429470595
          0,           0,        2132,      -2.881463813,     -0.7053821123,     -0.7162456741,       2.514143876,     -0.6042540275,        4.26076472
          0,           0,        2133,      -2.880027431,      -0.725446345,     -0.7475417728,       2.516338056,     -0.6040583721,       4.494841683
          0,           0,        2134,        -2.8668057,     -0.6893641567,       -0.70878096,       2.529567883,     -0.6038392381,       4.551461491
          0,           0,        2135,      -2.881274355,     -0.7000644136,      -0.714826856,       2.513906569,     -0.6036477637,        4.36626295
          0,           0,        2136,      -2.865020143,     -0.7288595119,     -0.7417892156,         2.5305674,     -0.6034795247,       4.376948083
          0,           0,        2137,      -2.873210591,     -0.7533282099,     -0.7428958894,       2.523511475,     -0.6033048067,       4.331783022
          0,           0,        2138,      -2.862946237,     -0.7427222254,     -0.7297901542,       2.533134708,     -0.6031110987,       4.474762707
          0,           0,        2139,      -2.876432735,     -0.7749079846,      -0.748208597,       2.519673974,     -0.6029314036,       4.579785607
          0,           0,        2140,      -2.878476183,     -0.7754368208,     -0.7588838159,       2.517525353,     -0.6027626533,       4.434091053
          0,           0,        2141,       -2.88068426,     -0.7536610396,     -0.7789750693,       2.515427149,     -0.6025879943,       4.346322461
          0,           0,        2142,      -2.867836365,     -0.8016317472,     -0.7935189184,        2.52820453,     -0.6024134533,       4.521322958
          0,           0,        2143,      -2.856755469,     -0.7291321383,     -0.7612049839,       2.539290563,     -0.6022359892,        4.54617731
          0,           0,        2144,      -2.860088119,     -0.7422639483,      -0.763480201,        2.53559666,     -0.6020492155,       4.378679824
          0,           0,        2145,      -2.876205864,     -0.7291350577,     -0.7593069226,       2.520518969,     -0.6018509057,       4.242317057
          0,           0,        2146,      -2.882941909,     -0.7159906963,     -0.7455245298,        2.51292991,     -0.6016521869,       4.330246094
          0,           0,        2147,       -2.86560816,     -0.7133457857,     -0.7595376422,       2.531559141,     -0.6014591987,       4.545499352
          0,           0,        2148,      -2.864030596,     -0.7138143158,     -0.7561454706,       2.531593519,     -0.6012764565,       4.687820068
          0,           0,        2149,      -2.881410643,     -0.7279912625,     -0.7220397784,       2.515356764,     -0.6011118885,       4.578306655
          0,           0,        2150,      -2.884659864,     -0.7481658182,     -0.7569632374,       2.511622777,     -0.6009419949,       4.327092513
          0,           0,        2151,      -2.889643008,      -0.761397704,     -0.7455991583,       2.507067718,     -0.6007711322,       4.516023339
          0,           0,        2152,      -2.862097702,     -0.7014137695,     -0.7383084348,       2.534186382,     -0.6005907542,       4.561262458
          0,           0,        2153,      -2.882187392,     -0.7303335103,     -0.7409962879,       2.514629486,      -0.600405618,       4.476883205
          0,           0,        2154,      -2.882172631,     -0.6888917799,     -0.6955262916,       2.514412724,      -0.600248975,       4.411109667
          0,           0,        2155,      -2.907538089,     -0.7186215929,     -0.7180466059,        2.48786247,     -0.6000853378,       4.396037213
          0,           0,        2156,      -2.886408469,     -0.7056809666,     -0.7219798963,       2.509519678,     -0.5999202439,       4.441272344
          0,           0,        2157,      -2.885436869,     -0.6913503334,     -0.6976385777,        2.51004141,     -0.5997575385,       4.531722915
          0,           0,        2158,      -2.893643487,     -0.7325103755,     -0.7622925172,       2.501558944,     -0.5996033103,       4.480409062
          0,           0,        2159,      -2.895860692,     -0.7207599957,     -0.7327941273,       2.498473239,     -0.5994441292,       4.237501523
          0,           0,        2160,      -2.875609183,     -0.7447329484,     -0.7579311318,       2.520441218,     -0.5992795928,       4.438457421
          0,           0,        2161,      -2.870691952,     -0.7694336824,     -0.7748445254,        2.52440457,     -0.5991105645,       4.514628574
          0,           0,        2162,      -2.882494923,     -0.7796485278,     -0.7652252269,       2.511742944,     -0.5989341632,       4.377869128
          0,           0,        2163,      -2.881179029,     -0.7728188929,     -0.7709421747,       2.513674668,     -0.5987485174,       4.332596453
          0,           0,        2164,      -2.876397561,     -0.7888332155,     -0.7828912988,       2.519341839,     -0.5985674431,        4.30958647
          0,           0,        2165,      -2.885656277,     -0.7569329352,     -0.7794186554,       2.509758493,     -0.5983902756,       4.413102759
          0,           0,        2166,      -2.879745395,     -0.7399694278,     -0.7436957057,       2.515310991,     -0.5982308091,       4.586510343
          0,           0,        2167,      -2.888237525,      -0.733341227,     -0.7397648269,       2.506968878,     -0.5980813288,       4.491168017
          0,           0,        2168,      -2.875280021,     -0.6985170906,     -0.7292646166,       2.521885219,     -0.5979165915,       4.296094936
          0,           0,        2169,      -2.883694776,     -0.7326875766,     -0.7574022455,       2.512905895,     -0.5977551744,       4.489189468
          0,           0,        2170,      -2.864958283,     -0.7037659508,     -0.7339988981,       2.531717973,     -0.5975939149,       4.536574893
          0,           0,        2171,      -2.888887121,     -0.6985477998,      -0.718255172,       2.506011398,     -0.5974167301,       4.354808918
          0,           0,        2172,      -2.884390276,     -0.6970325532,     -0.7266502559,       2.511388126,     -0.5972631468,       4.288483049
          0,           0,        2173,      -2.895812991,     -0.7133870821,     -0.7266404469,       2.500649732,     -0.5971322814,       4.308410762
          0,           0,        2174,      -2.882359485,     -0.7084345683,     -0.7351798853,       2.513078925,     -0.5970020844,       4.466344712
          0,           0,        2175,      -2.881888865,     -0.7563819985,     -0.7457084119,        2.51342401,     -0.5968717586,       4.571496402
          0,           0,        2176,      -2.882802663,     -0.7396409368,     -0.7427795393,       2.513300874,     -0.5967293919,       4.478757013
          0,           0,        2177,      -2.897701707,     -0.7848960234,     -0.8022023939,       2.498180188,     -0.5965930529,       4.329249382
          0,           0,        2178,      -2.878410708,     -0.8205501146,     -0.7855636425,       2.517168487,     -0.5964579292,       4.517073478
          0,           0,        2179,      -2.872161411,     -0.7831786094,     -0.7597592478,       2.523346332,     -0.5963155804,        4.53748791
          0,           0,        2180,      -2.874958547,     -0.7853738238,     -0.7561787929,         2.5197317,     -0.5961616135,       4.367666278
          0,           0,        2181,      -2.884166331,      -0.761102873,     -0.7558123579,       2.511569611,     -0.5959995877,       4.369229989
          0,           0,        2182,       -2.87918366,     -0.7546069566,     -0.7625303494,       2.516611871,      -0.595841095,       4.299335067
          0,           0,        2183,       -2.88733657,     -0.7468136418,     -0.7463796653,        2.50735233,     -0.5956815296,       4.483440038
          0,           0,        2184,      -2.881325123,     -0.7061020858,     -0.7143436071,       2.513257819,     -0.5955226682,       4.645834761
          0,           0,        2185,       -2.88651169,     -0.7263139724,     -0.7221991226,       2.507873124,     -0.5953729501,       4.560021624
          0,           0,        2186,      -2.887327812,     -0.7579062588,     -0.7478103767,       2.507512322,     -0.5952119408,       4.294893131
          0,           0,        2187,      -2.884098127,     -0.7465588403,     -0.7419077455,       2.511054288,     -0.5950735662,        4.51346361
          0,           0,        2188,      -2.900871687,     -0.7678771495,     -0.7553070517,       2.492981054,     -0.5949204737,       4.546104651
          0,           0,        2189,      -2.900225045,     -0.7600213925,     -0.7391082068,       2.494641082,      -0.594776721,         4.3779037
          0,           0,        2190,      -2.894642674,     -0.7360121698,      -0.752746381,       2.500253795,     -0.5946296767,       4.357934792
          0,           0,        2191,       -2.91202348,     -0.7583389978,     -0.7476916684,       2.482805769,     -0.5945024776,       4.339923647
          0,           0,        2192,      -2.890445294,     -0.7322303451,     -0.7285224172,       2.504330565,     -0.5943657293,       4.428230254
          0,           0,        2193,      -2.895964495,     -0.7298441084,     -0.7169044457,       2.498630521,     -0.5942203875,       4.516545621
          0,           0,        2194,      -2.883475759,     -0.7426278178,     -0.7619111596,       2.512718938,     -0.5940781174,       4.453807666
          0,           0,        2195,      -2.894161251,     -0.7759895369,     -0.7777444539,        2.50072413,     -0.5939328795,       4.412052917
          0,           0,        2196,      -2.877848948,     -0.7509213235,     -0.7425114071,       2.518448367,     -0.5937951463,       4.522298069
          0,           0,        2197,       -2.87437203,     -0.7816069713,      -0.789373988,       2.521767728,     -0.5936476538,       4.533355883
          0,           0,        2198,      -2.894505237,     -0.7637414964,     -0.7510917224,       2.500472624,     -0.5934973534,       4.376114827
          0,           0,        2199,      -2.891896517,     -0.7874545224,     -0.7598407606,       2.504031448,     -0.5933391577,       4.228560082
          0,           0,        2200,      -2.889893787,     -0.7923009921,     -0.7387498977,       2.505874874,     -0.5931789459,       4.344096233
          0,           0,        2201,      -2.887363658,     -0.7609815263,     -0.7427236113,       2.507602428,      -0.593019211,       4.516393349
          0,           0,        2202,      -2.882251374,     -0.7426806493,     -0.7435903231,       2.512815213,     -0.5928353192,       4.633387969
          0,           0,        2203,      -2.878488506,     -0.7360164932,     -0.7453110109,       2.516612281,     -0.5926769049,       4.463341581
          0,           0,        2204,      -2.863275654,     -0.7345767453,     -0.7760764566,       2.532678517,     -0.5925297982,       4.346554297
          0,           0,        2205,      -2.867067863,     -0.7306077235,     -0.7357186766,       2.527395137,     -0.5923810679,       4.549897065
          0,           0,        2206,      -2.859353674,     -0.7063613419,      -0.735779155,        2.53627896,     -0.5922341747,       4.557106519
          0,           0,        2207,      -2.866948205,     -0.6931065546,     -0.7132977273,        2.52817518,     -0.5920794335,       4.413048289
          0,           0,        2208,       -2.86598955,     -0.7283067748,     -0.7365599689,       2.530045346,     -0.5919258577,       4.358205647
          0,           0,        2209,      -2.867867755,      -0.734427886,     -0.7670780422,        2.52868659,     -0.5918039831,       4.323222968
          0,           0,        2210,      -2.868599194,     -0.7032639933,       -0.72502552,       2.526663712,     -0.5916747635,       4.505371029
          0,           0,        2211,      -2.873099166,     -0.7680779839,       -0.76224863,       2.522867635,     -0.5915409582,       4.567886053
          0,           0,        2212,      -2.875325254,     -0.7290312838,     -0.7210149731,       2.519526485,       -0.59140486,       4.470545261
          0,           0,        2213,      -2.891264655,     -0.7771066048,     -0.7426653457,       2.504340696,     -0.5912672027,       4.387570797
          0,           0,        2214,      -2.877532396,     -0.7147992736,     -0.7253040914,       2.517267161,     -0.5911413749,       4.550712425
          0,           0,        2215,      -2.899940631,     -0.7266884156,     -0.7114710114,       2.493592023,     -0.5910075216,       4.565741719
          0,           0,        2216,      -2.884244278,     -0.6816681399,     -0.6845760003,       2.511193216,     -0.5908744901,       4.391223812
          0,           0,        2217,      -2.905168824,     -0.6797636126,     -0.7101627458,       2.488753843,     -0.5907301405,       4.353830549
          0,           0,        2218,      -2.879033783,     -0.7033934528,     -0.7484158526,       2.516851934,     -0.5905905415,       4.314929296
          0,           0,        2219,      -2.898060121,     -0.6832156815,     -0.7004800827,       2.495127031,     -0.5904447706,        4.47479811
          0,           0,        2220,      -2.883347568,     -0.7061957316,     -0.7400782587,       2.512462234,      -0.590287697,       4.578110561
          0,           0,        2221,      -2.893307002,     -0.6990195045,     -0.7015700556,       2.500510198,     -0.5901432777,       4.154795479
          0,           0,        2222,      -2.894889305,     -0.7418899248,     -0.7166867389,       2.500469151,      -0.589991061,        4.40035924
          0,           0,        2223,      -2.874419584,      -0.739527981,     -0.7358791313,       2.520370694,     -0.5898707118,       4.537653286
          0,           0,        2224,      -2.885748216,     -0.7560089647,     -0.7283576617,       2.509744988,     -0.5897349293,       4.427947706
          0,           0,        2225,      -2.876089391,     -0.7074414313,     -0.7132319801,       2.519902333,     -0.5896133616,       4.348505801
          0,           0,        2226,      -2.900819226,     -0.7426369865,     -0.7388538668,        2.49369761,      -0.589494638,       4.303023024
          0,           0,        2227,      -2.873884344,     -0.7323173142,     -0.7373002424,       2.521574259,     -0.5893561046,       4.497893178
          0,           0,        2228,      -2.886649357,     -0.7232270251,     -0.7332371081,       2.507261747,     -0.5892505208,       4.654225118
          0,           0,        2229,      -2.888408941,      -0.738529604,     -0.7156708253,       2.507195704,     -0.5891330654,       4.604134596
          0,           0,        2230,      -2.887514814,     -0.7184616477,     -0.7092729588,       2.506963772,      -0.588996799,       4.225348827
          0,           0,        2231,      -2.889660393,     -0.7786787387,     -0.7511763126,       2.505779595,     -0.5888681092,       4.477855528
          0,           0,        2232,      -2.873540522,     -0.7527306711,     -0.7720838524,       2.520215052,     -0.5887315812,       4.575416529
          0,           0,        2233,      -2.884578032,      -0.799989312,     -0.7644872284,       2.509813379,     -0.5886001684,       4.524240952
          0,           0,        2234,      -2.871621042,     -0.7397561214,     -0.7547304061,       2.523513662,     -0.5884745508,       4.411905385
          0,           0,        2235,      -2.904560308,      -0.749257924,     -0.7640839161,       2.489224388,     -0.5883384471,       4.357290402
          0,           0,        2236,      -2.873357317,     -0.7244890624,     -0.7806262496,       2.522455731,     -0.5882041641,       4.340773725
          0,           0,        2237,      -2.890284239,     -0.7263299174,     -0.7504369287,       2.503880912,     -0.5880657167,        4.49421403
          0,           0,        2238,      -2.882103842,     -0.7387867071,      -0.774497865,       2.513301973,       -0.58792094,       4.520627813
          0,           0,        2239,      -2.891757241,     -0.6924847705,     -0.7328169497,       2.502687426,     -0.5877583422,       4.409513312
          0,           0,        2240,      -2.879692218,      -0.708619571,     -0.7501238763,       2.516542654,     -0.5876040857,       4.523852181
          0,           0,        2241,      -2.866362416,     -0.6905661765,     -0.7464567658,        2.53006496,      -0.587450012,       4.539544544
          0,           0,        2242,      -2.888540451,     -0.6980210561,     -0.7456560295,       2.506210403,     -0.5873021308,       4.403774418
          0,           0,        2243,      -2.883463958,     -0.6996080371,     -0.7292703603,       2.512418631,     -0.5871509733,        4.31646072
          0,           0,        2244,      -2.895915392,     -0.6981544167,     -0.7321838031,       2.499541954,     -0.5869979615,       4.341420516
          0,           0,        2245,      -2.882594664,     -0.7266650789,     -0.7792369486,       2.513418064,     -0.5868390957,       4.398599293
          0,           0,        2246,       -2.88933067,     -0.7035467303,     -0.7408035169,       2.505586728,     -0.5866991157,       4.508714385
          0,           0,        2247,      -2.906421034,     -0.7253426887,     -0.7427170424,        2.48772336,     -0.5865625418,       4.508058926
          0,           0,        2248,      -2.905471958,     -0.7241055265,     -0.7269504813,       2.488881155,     -0.5864066034,       4.190797159
          0,           0,        2249,      -2.899031954,     -0.7744895442,      -0.757721919,       2.496089715,     -0.5862419163,       4.463098863
          0,           0,        2250,      -2.866283329,     -0.7194303685,     -0.7418382305,       2.529582877,      -0.586071355,       4.542989951
          0,           0,        2251,      -2.885070122,     -0.7476829075,     -0.7425128281,       2.510310443,     -0.5859112599,       4.437619335
          0,           0,        2252,      -2.874575868,     -0.7170533255,     -0.7341865202,       2.521006189,     -0.5857479421,       4.361464116
          0,           0,        2253,      -2.886457965,     -0.7256411546,     -0.7580014317,       2.509762184,     -0.5855873639,        4.30198421
          0,           0,        2254,      -2.870149646,     -0.7265723171,      -0.752888688,        2.52546467,     -0.5854130306,       4.496339831
          0,           0,        2255,      -2.876783378,     -0.7588616553,     -0.7675962229,       2.518912532,     -0.5852273938,       4.588645996
          0,           0,        2256,      -2.877322152,     -0.7597525271,     -0.7674859438,       2.517469607,     -0.5850284374,       4.509133923
          0,           0,        2257,      -2.892304259,     -0.7774984498,     -0.7932485332,       2.502904869,     -0.5848412305,       4.327805631
          0,           0,        2258,      -2.869503254,     -0.7853570677,     -0.7695542668,       2.525439705,     -0.5846550566,         4.4942499
          0,           0,        2259,      -2.864899549,     -0.8041596719,     -0.7820946548,       2.530534144,     -0.5845055386,       4.522621187
          0,           0,        2260,      -2.876399269,     -0.7582737883,     -0.7406737943,       2.518642023,     -0.5843326814,       4.376410445
          0,           0,        2261,      -2.873940562,      -0.742649274,     -0.7690723586,       2.521563091,     -0.5841669032,       4.277157189
          0,           0,        2262,      -2.884657806,     -0.7624773074,      -0.754208047,       2.510739854,     -0.5840006379,       4.381456617
          0,           0,        2263,      -2.861684485,     -0.7084250079,     -0.7371093519,       2.534423191,     -0.5838310141,       4.541498634
          0,           0,        2264,      -2.875340584,     -0.6846172466,     -0.6971791849,       2.519043309,     -0.5836440353,       4.647736411
          0,           0,        2265,      -2.875278586,      -0.717246159,     -0.7177948113,       2.520842588,     -0.5834768826,        4.51136812
          0,           0,        2266,      -2.887906861,     -0.7175423564,     -0.7293220056,       2.506851787,     -0.5833261518,       4.417498816
          0,           0,        2267,      -2.880909495,     -0.7030526263,     -0.6798076893,        2.51506085,     -0.5831628994,       4.575021293
          0,           0,        2268,       -2.88904475,     -0.7204235494,     -0.7139414132,       2.504439417,     -0.5829964455,       4.569705888
          0,           0,        2269,      -2.901442789,     -0.7450491698,     -0.7403826607,       2.492962758,      -0.582824603,        4.49966251
          0,           0,        2270,      -2.898160205,     -0.7032421167,     -0.7169936046,       2.496179942,     -0.5826664653,        4.43698814
          0,           0,        2271,      -2.924566016,     -0.7610161814,     -0.7554338412,       2.469791402,     -0.5825032618,       4.390739114
          0,           0,        2272,      -2.894092323,     -0.7377601495,     -0.7408783983,       2.500061342,     -0.5823425764,         4.3487916
          0,           0,        2273,      -2.895388613,     -0.7642224993,     -0.7315116308,       2.499069489,     -0.5821834033,       4.435762611
          0,           0,        2274,      -2.898928596,     -0.7591155049,     -0.7692622531,       2.495239731,      -0.582023121,       4.272123175
          0,           0,        2275,      -2.895120077,      -0.760860048,     -0.7325482987,       2.499498923,     -0.5818624426,       4.259882355
          0,           0,        2276,      -2.870570277,     -0.7300445911,     -0.7390364358,       2.524541163,     -0.5817019731,       4.468152669
          0,           0,        2277,        -2.8661432,     -0.7651480058,     -0.7791312519,       2.529933861,     -0.5815427582,       4.445696696
          0,           0,        2278,      -2.890836614,     -0.7529859751,      -0.773868318,       2.504165719,     -0.5813908444,       4.308841693
          0,           0,        2279,      -2.885138073,     -0.7802915904,     -0.7995083208,       2.509824212,     -0.5812406532,       4.163934636
          0,           0,        2280,      -2.879453368,     -0.7410333388,     -0.7431302816,       2.515675771,     -0.5810932261,       4.365251588
          0,           0,        2281,      -2.881482607,     -0.7647032579,     -0.7807652402,       2.513124693,     -0.5809450032,       4.536996668
          0,           0,        2282,      -2.877583806,     -0.7468121888,     -0.7657471582,       2.517608741,     -0.5807934854,       4.594349012
          0,           0,        2283,      -2.886702184,     -0.7490941677,     -0.7357865424,       2.507778209,     -0.5806453052,       4.298437756
          0,           0,        2284,      -2.870360237,     -0.7356471266,     -0.7717219888,       2.526318374,      -0.580506544,       4.388686176
          0,           0,        2285,      -2.877996337,     -0.7417804477,     -0.7357979146,        2.51593212,     -0.5803678949,       4.512872171
          0,           0,        2286,      -2.866522185,     -0.7110603854,     -0.7554722564,       2.529267326,     -0.5802306722,       4.504781785
          0,           0,        2287,      -2.866304341,     -0.7140239287,     -0.7391438175,       2.528624575,     -0.5800960604,        4.36799461
          0,           0,        2288,      -2.882004564,      -0.696299324,     -0.7624641326,       2.513031816,     -0.5799623427,       4.333848827
          0,           0,        2289,       -2.86971341,     -0.6911517558,     -0.7650541445,       2.524899894,     -0.5798372838,       4.379697301
          0,           0,        2290,      -2.873872444,     -0.6908749927,     -0.7679018426,       2.521413639,      -0.579727911,       4.478933523
          0,           0,        2291,      -2.875292596,      -0.674089707,     -0.7458816876,       2.519749126,     -0.5796025332,       4.497536292
          0,           0,        2292,      -2.874307607,     -0.6881574834,     -0.7201189608,       2.520268558,     -0.5794752219,       4.324811661
          0,           0,        2293,      -2.874445679,     -0.7097317056,      -0.773908478,       2.521210136,     -0.5793281272,       4.474738283
          0,           0,        2294,      -2.862082706,     -0.6869677162,     -0.7239743263,       2.533484381,     -0.5791871797,       4.522260105
          0,           0,        2295,      -2.871359288,     -0.6872085951,     -0.7450473525,       2.524111409,      -0.579027206,       4.434075942
          0,           0,        2296,      -2.879916574,     -0.6768353175,     -0.7087076271,       2.516329302,     -0.5788721547,       4.346243604
          0,           0,        2297,      -2.897060374,     -0.6870702542,     -0.7261375212,       2.497790812,      -0.578719529,       4.313831541
          0,           0,        2298,      -2.871796132,     -0.6933940485,     -0.7336386369,       2.524249674,     -0.5785634681,       4.427987815
          0,           0,        2299,      -2.881178532,     -0.6942303395,     -0.7143661131,       2.512857378,     -0.5784070042,       4.600636785
          0,           0,        2300,      -2.870915773,     -0.7443092533,     -0.7402805808,       2.524955146,     -0.5782496163,       4.548849868
          0,           0,        2301,      -2.892222034,     -0.7035677666,     -0.7023978021,       2.501350921,     -0.5780713613,       4.200217321
          0,           0,        2302,      -2.869126183,     -0.7170338481,     -0.7377797934,       2.526361138,     -0.5779070625,       4.425509398
          0,           0,        2303,      -2.861323064,     -0.6661699293,     -0.6988008016,       2.533437634,     -0.5777563147,       4.521363757
          0,           0,        2304,      -2.861156024,     -0.6965019182,     -0.7290124044,       2.533975384,     -0.5775853217,       4.413064758
          0,           0,        2305,      -2.851392917,     -0.6769016488,     -0.6841424044,       2.544886951,      -0.577416249,       4.363897255
          0,           0,        2306,       -2.87851043,      -0.727187639,      -0.718525206,       2.516138672,     -0.5772432498,        4.40024533
          0,           0,        2307,      -2.862010384,     -0.7348931005,     -0.7150303549,       2.534029724,     -0.5770842349,       4.542929086
          0,           0,        2308,      -2.878699484,     -0.7187177697,     -0.7261414102,       2.514859812,     -0.5769218439,       4.617707082
          0,           0,        2309,      -2.875643336,     -0.7559324965,     -0.7497104733,       2.519563686,     -0.5767548991,       4.572800563
          0,           0,        2310,      -2.873486954,     -0.7235758843,     -0.7291307021,       2.521493609,     -0.5765815378,       4.285192538
          0,           0,        2311,      -2.879668503,     -0.7631089161,     -0.7756213486,       2.516250201,     -0.5764092213,       4.507060489
          0,           0,        2312,      -2.867045415,     -0.7024268218,     -0.7242669387,       2.528019279,      -0.576231339,       4.558815897
          0,           0,        2313,      -2.887596414,     -0.6778220996,     -0.6999581001,       2.507179142,     -0.5760508324,       4.488741836
          0,           0,        2314,      -2.881179039,      -0.672030691,     -0.7110764648,       2.514633556,     -0.5758727251,       4.453980741
          0,           0,        2315,      -2.892546202,     -0.6643982615,     -0.7099040919,       2.502839694,     -0.5757021297,       4.480790124
          0,           0,        2316,      -2.874778288,     -0.6770613702,     -0.7035086865,       2.520676523,     -0.5755374004,       4.481400566
          0,           0,        2317,      -2.875969862,     -0.6462148929,     -0.6960802148,       2.518218286,     -0.5753764285,       4.566643943
          0,           0,        2318,      -2.868340877,     -0.6972372273,     -0.7469491872,       2.527479983,      -0.575212528,       4.470132728
          0,           0,        2319,      -2.870493808,     -0.6651829393,     -0.7188715906,       2.525021207,      -0.575046891,       4.212204633
          0,           0,        2320,      -2.867295327,     -0.7192485239,     -0.7619506456,       2.528976525,     -0.5748852335,       4.428809634
          0,           0,        2321,      -2.852475075,     -0.6917166442,     -0.7289846769,       2.544144874,     -0.5747214373,       4.520530052
          0,           0,        2322,      -2.885408145,     -0.7185842976,     -0.7385841237,       2.509325755,      -0.574564575,       4.381958949
          0,           0,        2323,      -2.884339095,     -0.7349504089,     -0.7346408042,        2.51086466,     -0.5744102016,       4.386304768
          0,           0,        2324,      -2.868628198,     -0.7263226315,     -0.7395819394,       2.526663429,     -0.5742724318,       4.369310677
          0,           0,        2325,      -2.855884593,     -0.6977542158,     -0.7143465931,       2.539874921,     -0.5741215882,       4.458825647
          0,           0,        2326,      -2.866444598,     -0.7075582036,     -0.7198965958,       2.528289577,     -0.5739535801,       4.562991364
          0,           0,        2327,      -2.869081115,     -0.6763406916,       -0.72545235,       2.525676317,     -0.5738072025,       4.478844107
          0,           0,        2328,      -2.857790378,     -0.7219432303,     -0.7294710757,       2.537781534,     -0.5736585608,       4.272206887
          0,           0,        2329,      -2.860292451,     -0.7305339415,     -0.7131177846,       2.534970353,     -0.5735197133,       4.483376822
          0,           0,        2330,      -2.848865664,     -0.7564082245,     -0.7662505907,       2.546778451,     -0.5733863503,       4.531600541
          0,           0,        2331,      -2.868119028,     -0.7557449341,     -0.7336519287,       2.526266127,     -0.5732534805,       4.361126793
          0,           0,        2332,      -2.862793784,     -0.7327102516,     -0.7257776683,        2.53275979,     -0.5731191077,       4.364430365
          0,           0,        2333,      -2.867820899,     -0.7720559369,     -0.7478644563,       2.527740011,     -0.5729798821,       4.345118577
          0,           0,        2334,      -2.861108765,     -0.7261178835,     -0.7302081108,       2.533975253,     -0.5728312351,       4.449675251
          0,           0,        2335,      -2.860565258,     -0.7144056373,     -0.7071907482,       2.535355217,     -0.5726843872,       4.558066395
          0,           0,        2336,      -2.860251838,       -0.69727565,      -0.710597633,       2.536220355,     -0.5725153374,       4.483424137
          0,           0,        2337,      -2.874726574,     -0.7339364866,     -0.7471205645,       2.521285964,     -0.5723652787,       4.347907789
          0,           0,        2338,      -2.864134973,     -0.6931256886,     -0.7186159078,       2.531970807,     -0.5722086622,       4.491718972
          0,           0,        2339,      -2.873113763,      -0.703819153,     -0.7313647054,       2.522444149,     -0.5720516307,       4.517050053
          0,           0,        2340,      -2.870395986,     -0.6872876783,     -0.7154257877,       2.524557328,      -0.571901187,       4.393379295
          0,           0,        2341,      -2.869562111,     -0.7136430312,     -0.7229305097,       2.525929288,     -0.5717408724,       4.378748542
          0,           0,        2342,      -2.875358838,      -0.721226963,     -0.7296456322,       2.520886326,     -0.5715926824,       4.334200753
          0,           0,        2343,      -2.884330401,     -0.7052740812,     -0.7196171905,       2.508919806,     -0.5714422873,       4.427712455
          0,           0,        2344,      -2.871419266,     -0.7488590565,     -0.7799102874,       2.523938098,     -0.5713027005,       4.522516426
          0,           0,        2345,      -2.883514548,     -0.7217120448,     -0.7429695892,       2.510268557,     -0.5711800105,       4.255740459
          0,           0,        2346,      -2.885883687,     -0.7458360538,     -0.7745115379,       2.508663925,     -0.5710527807,       4.297411778
          0,           0,        2347,      -2.865639268,     -0.7133873413,     -0.7243460764,       2.528349711,      -0.570923847,       4.505462732
          0,           0,        2348,       -2.86823261,     -0.7225352348,     -0.7243241476,       2.526224184,     -0.5707936879,        4.45766965
          0,           0,        2349,      -2.861374925,      -0.693213205,     -0.7327146796,       2.534032165,     -0.5706534111,       4.290268111
          0,           0,        2350,      -2.883917371,     -0.7003812951,     -0.7304913011,        2.51112465,     -0.5705156231,       4.224570421
          0,           0,        2351,      -2.864939414,     -0.7201888006,     -0.7511126722,       2.530598118,     -0.5703795443,       4.434968842
          0,           0,        2352,      -2.884584574,     -0.7280314724,     -0.7402682636,       2.509458727,     -0.5702397087,       4.564416094
          0,           0,        2353,      -2.877068057,     -0.7407453271,       -0.74171276,       2.518675588,     -0.5700945684,       4.583728735
          0,           0,        2354,      -2.885236173,     -0.7136371464,     -0.7093872126,       2.507677919,     -0.5699513801,       4.287407004
          0,           0,        2355,      -2.881162587,     -0.7710123122,     -0.7503269957,       2.514614632,     -0.5698169813,       4.445342528
          0,           0,        2356,      -2.868832715,      -0.725568526,     -0.7214955563,       2.523989479,     -0.5696965027,       4.507633552
          0,           0,        2357,      -2.881540536,     -0.7233487543,     -0.7353463039,       2.513180823,     -0.5695743775,       4.448479994
          0,           0,        2358,       -2.89094107,     -0.7369529543,     -0.7476332165,       2.503395641,     -0.5694473017,       4.351196648
          0,           0,        2359,      -2.901125073,     -0.7278484693,      -0.734311337,       2.492645826,     -0.5693403963,       4.293883357
          0,           0,        2360,      -2.891238443,     -0.7442992011,     -0.7686601627,       2.502782045,     -0.5692197273,       4.465303091
          0,           0,        2361,      -2.892426726,     -0.6897177261,     -0.6929328376,       2.500585574,     -0.5691048918,       4.630734243
          0,           0,        2362,      -2.885009573,     -0.7120345267,     -0.7288318247,        2.51024152,     -0.5689900676,       4.587786812
          0,           0,        2363,      -2.890782679,     -0.6889137214,     -0.6674466031,       2.502827765,     -0.5688720461,       4.219961501
          0,           0,        2364,      -2.893380068,     -0.7427775561,     -0.7370114034,       2.501580443,     -0.5687407064,       4.453664665
          0,           0,        2365,      -2.872923204,     -0.6932625465,     -0.7015389492,       2.521409745,     -0.5686071365,       4.532455167
          0,           0,        2366,      -2.887736418,     -0.7444388542,     -0.7405271189,       2.506933396,     -0.5684775428,       4.460190102
          0,           0,        2367,      -2.881954057,     -0.7103737924,     -0.7185303241,       2.513499095,     -0.5683565853,       4.379488051
          0,           0,        2368,      -2.918314784,     -0.7870791559,     -0.7631487479,       2.476385494,     -0.5682208226,       4.379186566
          0,           0,        2369,      -2.890303374,     -0.7550504703,     -0.7510189835,       2.504128094,     -0.5681059087,       4.405838527
          0,           0,        2370,      -2.885732542,     -0.7598432605,     -0.7335082715,       2.508547745,        -0.5679784,       4.485065059
          0,           0,        2371,      -2.893661107,     -0.7413488032,      -0.760733894,       2.500740234,     -0.5678532651,       4.403554678
          0,           0,        2372,      -2.891754552,     -0.7187975639,     -0.7054156509,       2.501903389,     -0.5677359115,       4.245048184
          0,           0,        2373,      -2.869623909,     -0.7409325301,     -0.7654330549,       2.525607929,     -0.5675890546,        4.46895445
          0,           0,        2374,      -2.864006484,     -0.7509254975,     -0.7791463185,        2.53055537,      -0.567434663,       4.532335708
          0,           0,        2375,      -2.881849967,      -0.764181186,     -0.7474004775,       2.511920872,     -0.5672697473,       4.375752565
          0,           0,        2376,      -2.869657601,     -0.7479780008,     -0.7520377789,       2.525065737,     -0.5671053519,       4.348753254
          0,           0,        2377,      -2.874105212,     -0.7868784109,     -0.7753915569,       2.521203886,     -0.5669658989,       4.309571056
          0,           0,        2378,      -2.867356832,     -0.7881581742,     -0.7907693056,       2.527488573,     -0.5668323137,       4.423940985
          0,           0,        2379,      -2.868847694,     -0.7356514386,     -0.7476987968,       2.524675016,     -0.5666819105,       4.619749841
          0,           0,        2380,      -2.867582716,     -0.7561833376,     -0.7568945641,         2.5287862,     -0.5665295024,       4.558875122
          0,           0,        2381,       -2.87164913,     -0.7197297949,     -0.7429503281,       2.524090405,     -0.5663706126,       4.214652566
          0,           0,        2382,      -2.892133862,     -0.7728953996,     -0.7543374547,       2.502393706,     -0.5662007621,       4.473901393
          0,           0,        2383,      -2.881772168,     -0.7257228094,     -0.7517553094,       2.511910187,     -0.5660655598,       4.545358118
          0,           0,        2384,      -2.879307027,     -0.7538914692,     -0.7421867884,       2.516193816,      -0.565938461,       4.405034041
          0,           0,        2385,      -2.884892443,     -0.6987485995,     -0.7339651038,       2.510610274,     -0.5657940023,       4.336505945
          0,           0,        2386,      -2.910172738,     -0.7220108085,     -0.7353489675,       2.484140115,     -0.5656436918,        4.34440584
          0,           0,        2387,      -2.894613949,     -0.7129376533,     -0.7295919141,        2.49940102,      -0.565500088,       4.425466523
          0,           0,        2388,      -2.897163792,     -0.7098445921,     -0.7023073078,       2.496557954,     -0.5653509697,       4.523787875
          0,           0,        2389,      -2.892448534,     -0.7559593851,     -0.7753999452,       2.501428961,     -0.5651920318,       4.497834504
          0,           0,        2390,      -2.884296296,     -0.7106796561,     -0.7304188604,       2.509476561,     -0.5650314115,       4.229662997
          0,           0,        2391,      -2.878753805,     -0.7706492597,     -0.7486603529,        2.51678129,     -0.5648314148,       4.476564239
          0,           0,        2392,      -2.875117171,     -0.7335428638,      -0.729481011,       2.519214953,     -0.5646563782,       4.526898222
          0,           0,        2393,      -2.878102438,     -0.7512825785,     -0.7440298699,       2.516262033,     -0.5644972537,       4.344051142
          0,           0,        2394,      -2.871593952,     -0.7337023497,     -0.7636337966,       2.523738684,     -0.5643046617,        4.36120072
          0,           0,        2395,      -2.872891945,     -0.7649810999,     -0.7505459074,       2.522869203,     -0.5641440412,        4.33268383
          0,           0,        2396,       -2.86739415,     -0.7409467222,     -0.7541105387,       2.527180453,     -0.5639875301,       4.479682057
          0,           0,        2397,      -2.877598542,     -0.7480625085,      -0.747353255,       2.517070066,     -0.5638156945,       4.574811144
          0,           0,        2398,      -2.879919209,     -0.7589448239,     -0.7492369554,       2.514435171,     -0.5636686505,        4.51662293
          0,           0,        2399,      -2.870955851,     -0.7815283773,     -0.7633673315,       2.523748839,     -0.5634980654,       4.318608113
          0,           0,        2400,       -2.87199767,     -0.7434843757,     -0.7486433319,       2.522483198,     -0.5633044648,       4.484984676
          0,           0,        2401,      -2.879744857,      -0.782922507,     -0.7561170996,       2.514305464,     -0.5631580494,       4.514672221
          0,           0,        2402,      -2.885031232,     -0.7764821818,     -0.7555593741,       2.508363836,     -0.5629817155,        4.37499296
          0,           0,        2403,      -2.871895523,     -0.7487436504,     -0.7633134434,        2.52306539,     -0.5628057659,       4.343560129
          0,           0,        2404,      -2.880200131,      -0.755380853,     -0.7771039841,       2.515097655,     -0.5626310278,       4.357389567
          0,           0,        2405,      -2.877694304,       -0.75014827,      -0.761057718,       2.516969914,      -0.562454175,       4.504057091
          0,           0,        2406,      -2.875753562,     -0.7321457241,     -0.7166782423,        2.51959761,     -0.5622800053,       4.612113591
          0,           0,        2407,      -2.892110458,     -0.7489104009,     -0.7410566302,       2.502307484,     -0.5621063745,       4.547407686
          0,           0,        2408,      -2.885683063,     -0.7247627272,     -0.7361358692,       2.509586235,     -0.5619154744,       4.298310391
          0,           0,        2409,      -2.896490106,     -0.7225269131,     -0.7204057296,       2.498310907,     -0.5617199464,       4.505850642
          0,           0,        2410,      -2.878428255,     -0.7226377551,     -0.7292700395,       2.515884325,     -0.5615155498,       4.557867399
          0,           0,        2411,      -2.888277832,      -0.696465014,     -0.7092322581,        2.50738629,     -0.5612925347,       4.402549231
          0,           0,        2412,      -2.877454745,     -0.7156951019,     -0.7403976937,       2.517993671,     -0.5610930927,       4.388521337
          0,           0,        2413,      -2.887060977,     -0.7602119878,     -0.7671008882,       2.509368318,     -0.5608945024,       4.351942893
          0,           0,        2414,      -2.889735589,     -0.7308508472,     -0.7427161925,        2.50426112,     -0.5606802344,       4.418128851
          0,           0,        2415,      -2.886800038,     -0.7402117939,     -0.7500729718,       2.507738038,     -0.5604943744,        4.56327662
          0,           0,        2416,      -2.893462815,     -0.7691165864,     -0.7741585929,        2.50066425,     -0.5602933022,       4.446152817
          0,           0,        2417,      -2.897457562,     -0.7504573971,     -0.7247307895,       2.496569266,     -0.5600786179,       4.254686979
          0,           0,        2418,      -2.872612356,     -0.7954142492,     -0.7777453209,       2.522873993,     -0.5598738257,       4.500789775
          0,           0,        2419,      -2.871362394,     -0.7524355938,     -0.7623531985,        2.52375816,     -0.5596622095,        4.55432811
          0,           0,        2420,      -2.886224065,     -0.7485206467,     -0.7185557206,        2.50713193,     -0.5594690756,       4.385030084
          0,           0,        2421,       -2.89266667,     -0.7307269252,     -0.7269947745,        2.50150461,     -0.5592715325,       4.355438312
          0,           0,        2422,      -2.893458039,     -0.7599010934,      -0.761590864,       2.500647308,     -0.5590712714,       4.321882137
          0,           0,        2423,      -2.868622935,     -0.7687661797,     -0.7588751823,        2.52626195,      -0.558875793,       4.473213669
          0,           0,        2424,      -2.882354153,     -0.7797797737,     -0.7620491022,       2.512175665,      -0.558676186,       4.596355046
          0,           0,        2425,      -2.883636312,     -0.7804871826,     -0.7764090926,       2.510999615,     -0.5584733917,       4.538735508
          0,           0,        2426,      -2.869163498,     -0.7571023605,     -0.7666354468,       2.525886824,     -0.5582527772,       4.234487761
          0,           0,        2427,      -2.878265613,     -0.7658839608,     -0.7736601812,       2.516989558,     -0.5580111246,       4.446940994
          0,           0,        2428,      -2.875628758,     -0.7267609121,     -0.7344971542,       2.517758735,     -0.5577705364,       4.529956984
          0,           0,        2429,      -2.883635613,     -0.7433296502,      -0.735997356,       2.511860787,     -0.5575037116,         4.3918399
          0,           0,        2430,      -2.880117517,     -0.7261651911,     -0.7411751764,       2.515367901,     -0.5572684178,       4.357747573
          0,           0,        2431,      -2.887214722,     -0.7139874391,     -0.7297193299,        2.50839882,     -0.5570444396,       4.283255454
          0,           0,        2432,      -2.875509489,     -0.7085439205,      -0.736729965,       2.519485601,      -0.556814448,       4.423822722
          0,           0,        2433,      -2.889692171,     -0.7033931146,     -0.7241401433,       2.504567178,      -0.556601336,       4.566353632
          0,           0,        2434,      -2.879393659,      -0.719302058,     -0.7200169889,       2.516299539,     -0.5563753684,        4.53376571
          0,           0,        2435,      -2.887322565,     -0.6977708801,     -0.7085605789,       2.506605622,     -0.5561516596,       4.268226868
          0,           0,        2436,      -2.876110264,     -0.7359063258,     -0.7463610531,       2.519581082,     -0.5559366058,       4.489335952
          0,           0,        2437,      -2.881128401,     -0.7467325927,     -0.7558633229,        2.51306287,     -0.5557172788,       4.552081169
          0,           0,        2438,      -2.869710169,     -0.7427064496,      -0.737367992,       2.525929115,     -0.5555098043,       4.350983716
          0,           0,        2439,      -2.882022464,     -0.7482938199,     -0.7629354542,       2.512778206,     -0.5553216453,       4.356115212
          0,           0,        2440,      -2.896243105,     -0.7700455527,      -0.768524459,       2.498148751,     -0.5551202697,       4.273961766
          0,           0,        2441,      -2.870002028,     -0.7706995315,     -0.7821056475,       2.525275022,       -0.55492106,       4.395745209
          0,           0,        2442,      -2.872158692,      -0.757064115,     -0.7445817132,       2.522430346,      -0.554712454,       4.580700358
          0,           0,        2443,      -2.871510122,     -0.7644114494,     -0.7274001347,       2.524444397,     -0.5545129405,       4.464832077
          0,           0,        2444,      -2.880773514,     -0.7605584085,     -0.7541806041,       2.514115414,     -0.5543103039,       4.280909365
          0,           0,        2445,      -2.867182289,     -0.7418874244,     -0.7180379895,       2.528922713,     -0.5540860459,       4.476874825
          0,           0,        2446,       -2.85402481,     -0.7257785486,     -0.7517233806,       2.540959308,     -0.5538642509,        4.52625685
          0,           0,        2447,      -2.864793423,     -0.7264053659,     -0.7344390056,       2.529633851,     -0.5536337248,       4.349477945
          0,           0,        2448,      -2.865026749,     -0.7099928727,      -0.742418751,       2.529796929,     -0.5533977678,       4.380988096
          0,           0,        2449,      -2.867693805,     -0.7488119759,     -0.7661651784,       2.528011602,     -0.5531678285,       4.347601629
          0,           0,        2450,      -2.853143502,     -0.7168138047,     -0.7699732678,       2.542255721,     -0.5529341581,       4.489003539
          0,           0,        2451,      -2.861220953,     -0.7318236334,     -0.7599525432,       2.534434421,     -0.5527220402,       4.597507525
          0,           0,        2452,      -2.864757984,     -0.7329692613,     -0.7391782637,       2.531072571,     -0.5525231395,       4.488360032
          0,           0,        2453,       -2.87341587,     -0.7514422476,     -0.7531078406,       2.522433315,     -0.5522970593,       4.302249296
          0,           0,        2454,      -2.865894389,     -0.7399956596,      -0.718551197,       2.530235588,     -0.5521103102,       4.497141324
          0,           0,        2455,      -2.860437087,     -0.7293789142,     -0.7489076928,       2.534704938,     -0.5519178205,       4.530911791
          0,           0,        2456,      -2.864365956,     -0.7458918541,     -0.7650740389,        2.53072375,      -0.551717824,       4.388260888
          0,           0,        2457,      -2.866399684,     -0.7378524914,     -0.7229914249,         2.5291767,     -0.5515291403,       4.336035602
          0,           0,        2458,      -2.880366146,     -0.7579830614,      -0.741348606,       2.514803134,     -0.5513607596,       4.275033193
          0,           0,        2459,      -2.863239893,      -0.722490424,     -0.7383408866,        2.53223883,     -0.5511819195,       4.519675165
          0,           0,        2460,      -2.864583947,     -0.7068617001,     -0.7162801881,       2.529882163,     -0.5509947809,       4.710191481
          0,           0,        2461,       -2.87438051,     -0.7132921586,     -0.7036994743,       2.521617988,     -0.5508064649,       4.655497337
          0,           0,        2462,      -2.887919926,     -0.7123480073,     -0.7029659822,       2.507235819,     -0.5506204317,       4.445228391
          0,           0,        2463,       -2.86901755,     -0.7405218373,     -0.7358697486,       2.526603958,     -0.5504260788,       4.601948779
          0,           0,        2464,      -2.873860716,     -0.7320508088,      -0.736555858,       2.520337863,     -0.5502285977,       4.634956169
          0,           0,        2465,      -2.879565911,     -0.7299213059,     -0.7001447987,        2.51446859,     -0.5500227047,        4.49396468
          0,           0,        2466,      -2.876462072,     -0.7115599113,     -0.7272170017,       2.518274814,     -0.5498087627,       4.365962773
          0,           0,        2467,      -2.916464329,     -0.7567418109,     -0.7513611864,       2.477747968,     -0.5496016056,       4.315285382
          0,           0,        2468,       -2.89437959,     -0.7228765506,     -0.7346742846,       2.499291422,      -0.549385735,       4.449194239
          0,           0,        2469,      -2.903945869,     -0.7324674684,     -0.7208466625,       2.489606327,     -0.5492023781,       4.591729326
          0,           0,        2470,      -2.887264559,     -0.7440085846,     -0.7373391595,       2.507485279,     -0.5490482702,       4.485572038
          0,           0,        2471,      -2.904059563,     -0.7347602369,     -0.7309168297,       2.488947217,     -0.5488886988,       4.368749784
          0,           0,        2472,      -2.874028433,     -0.7465356109,      -0.747238361,       2.521794453,     -0.5487156976,        4.51501158
          0,           0,        2473,      -2.864008515,     -0.7152706854,     -0.7349752299,       2.530655649,     -0.5485774487,       4.537595148
          0,           0,        2474,      -2.875253909,     -0.7088867644,     -0.7133167668,       2.519387309,     -0.5484354498,       4.358061854
          0,           0,        2475,      -2.870739847,     -0.7392671664,     -0.7506783279,       2.524118152,     -0.5482932695,       4.330498216
          0,           0,        2476,      -2.881543879,     -0.7323996192,     -0.7529274816,       2.513438364,      -0.548145626,       4.322758112
          0,           0,        2477,      -2.858986952,     -0.7297326472,     -0.7473525931,       2.536086769,     -0.5480278095,        4.45496102
          0,           0,        2478,      -2.876187351,     -0.7629007697,     -0.7722852712,       2.519164876,     -0.5479151313,       4.572657009
          0,           0,        2479,      -2.874951411,     -0.7473240707,     -0.7517235582,       2.520148531,     -0.5477933396,       4.478954028
          0,           0,        2480,      -2.882871497,     -0.7459580758,     -0.7371060754,       2.511877897,     -0.5476672237,       4.330102198
          0,           0,        2481,      -2.866532009,     -0.7259039934,     -0.7184120552,        2.52861608,     -0.5475452108,       4.527552569
          0,           0,        2482,      -2.873826419,     -0.7313730724,     -0.7438953089,        2.52083705,     -0.5474297334,        4.54006541
          0,           0,        2483,       -2.86824681,     -0.6965812993,     -0.7313756927,       2.526080925,     -0.5473167227,       4.374804803
          0,           0,        2484,      -2.875473931,     -0.7137732953,     -0.7350449442,       2.519249117,     -0.5471954759,       4.285015621
          0,           0,        2485,      -2.859123699,     -0.7079950392,     -0.7325049399,         2.5365125,      -0.547072606,        4.30307234
          0,           0,        2486,      -2.864663208,     -0.6950365946,     -0.7098916917,        2.52841439,     -0.5469346119,       4.560199406
          0,           0,        2487,      -2.864526598,     -0.7540007095,     -0.7466578731,       2.531335939,     -0.5468029045,       4.639643164
          0,           0,        2488,      -2.863115486,     -0.7010348802,     -0.6948515249,       2.530977523,     -0.5466741133,       4.547478918
          0,           0,        2489,       -2.87865451,     -0.7585811793,     -0.7514779372,       2.516568352,     -0.5465664459,       4.316646304
          0,           0,        2490,      -2.856597896,     -0.7404016055,     -0.7315472152,       2.539098323,     -0.5464446206,       4.540982281
          0,           0,        2491,      -2.875217252,     -0.7365417324,     -0.7287448916,       2.518185599,     -0.5463342375,       4.574890611
          0,           0,        2492,      -2.855363365,     -0.6981478277,     -0.7149968424,       2.541002135,     -0.5462303846,       4.421633763
          0,           0,        2493,       -2.88465963,     -0.6951620983,     -0.7033417138,       2.509564518,     -0.5461148693,       4.366301999
          0,           0,        2494,      -2.879345314,     -0.7130029263,     -0.7445378716,       2.516689687,     -0.5459984134,        4.34552474
          0,           0,        2495,      -2.877784418,     -0.6680493267,     -0.6857030487,       2.516359032,     -0.5459016268,         4.4411475
          0,           0,        2496,      -2.891172631,     -0.7052095519,     -0.7195620882,       2.502198875,     -0.5458096959,       4.535043919
          0,           0,        2497,      -2.884180585,     -0.6709157465,      -0.680822437,       2.510638551,     -0.5457203147,       4.193960386
          0,           0,        2498,       -2.89977634,     -0.7369015932,     -0.7392441869,       2.494134371,     -0.5456330756,       4.354656437
          0,           0,        2499,      -2.869881044,     -0.7017134469,     -0.7373821103,        2.52393875,     -0.5455553397,       4.533463955
          0,           0,        2500,      -2.885437903,     -0.7333589581,     -0.7479341285,       2.509153872,     -0.5454780322,       4.510343644
          0,           0,        2501,      -2.887172134,     -0.7060830248,     -0.7451559126,        2.50745206,     -0.5454029378,       4.345400532
          0,           0,        2502,      -2.910931327,     -0.7118529886,     -0.7491830268,       2.482479922,     -0.5453173098,       4.265481889
          0,           0,        2503,      -2.877029047,     -0.7075824232,     -0.7429305424,       2.518158129,     -0.5452252789,       4.386762927
          0,           0,        2504,      -2.883834859,     -0.6842661772,     -0.7319255824,       2.509900365,     -0.5451213756,       4.569392018
          0,           0,        2505,      -2.877575022,      -0.676127893,     -0.7326440763,        2.51667576,     -0.5450150768,       4.498274653
          0,           0,        2506,      -2.892172961,     -0.7046128759,     -0.7051119073,       2.501611102,      -0.544915864,       4.335012666
          0,           0,        2507,      -2.871356702,     -0.6855782287,     -0.7168191838,       2.524096749,     -0.5448247481,       4.488322702
          0,           0,        2508,      -2.856611957,     -0.6853041076,     -0.7276564484,       2.539431387,     -0.5447587818,       4.543861706
          0,           0,        2509,      -2.869405581,     -0.6655665355,     -0.6868012434,       2.525386195,     -0.5446911356,       4.397286784
          0,           0,        2510,      -2.863003354,     -0.6852524415,     -0.7154550157,       2.532743608,     -0.5446306143,       4.389590448
          0,           0,        2511,       -2.86435507,     -0.7337691368,     -0.7538553255,       2.531949992,     -0.5445761756,       4.269088356
          0,           0,        2512,      -2.871268717,     -0.7008181163,     -0.7019233649,       2.523410115,     -0.5445259576,       4.434920224
          0,           0,        2513,       -2.86586755,     -0.7338437584,     -0.7329689304,       2.529117584,     -0.5444750565,       4.562547058
          0,           0,        2514,      -2.863993153,     -0.7188645576,     -0.7355053361,       2.531763774,     -0.5444444832,       4.446863144
          0,           0,        2515,      -2.859870722,     -0.7285763077,     -0.7557002006,       2.536687509,     -0.5444241511,       4.335192612
          0,           0,        2516,        -2.8609078,     -0.7013045498,     -0.7041753211,       2.535546778,     -0.5443980192,       4.527361879
          0,           0,        2517,      -2.852448655,     -0.7254023827,     -0.7643589797,        2.54327146,      -0.544380505,       4.569756678
          0,           0,        2518,       -2.86253711,     -0.6929720601,     -0.7241771355,       2.532004312,     -0.5443852357,       4.386652593
          0,           0,        2519,      -2.871798116,      -0.691660464,     -0.7176286092,       2.523414844,     -0.5443852633,       4.376083941
          0,           0,        2520,      -2.868685671,     -0.7044539899,     -0.7265097178,       2.526875995,     -0.5443744458,       4.363098161
          0,           0,        2521,      -2.856508023,     -0.6638827171,     -0.6903374243,       2.538362053,     -0.5443681744,       4.510963377
          0,           0,        2522,      -2.862001992,     -0.6521876384,     -0.6824648392,       2.532756464,     -0.5443520131,       4.649645078
          0,           0,        2523,      -2.865858166,     -0.6528417419,     -0.6597266954,       2.530085957,     -0.5443363409,       4.474927643
          0,           0,        2524,      -2.883230238,     -0.6942849183,     -0.7020386421,       2.512248723,     -0.5443188391,       4.301560426
          0,           0,        2525,      -2.873786437,     -0.6827309748,     -0.6894593339,       2.522165634,     -0.5442971742,       4.531836419
          0,           0,        2526,      -2.898956547,      -0.702956551,     -0.7213897521,       2.494551237,     -0.5442855299,       4.562648035
          0,           0,        2527,       -2.88306578,     -0.6771699518,     -0.6839922487,       2.511800362,     -0.5442721711,        4.38355146
          0,           0,        2528,      -2.905966748,     -0.7013677496,     -0.6898126907,       2.487491697,     -0.5442754362,       4.336401618
          0,           0,        2529,      -2.884355742,     -0.7133909327,     -0.7271482949,       2.510193701,     -0.5442756841,       4.345127181
          0,           0,        2530,      -2.901678433,     -0.6992502214,     -0.6828558167,       2.490470873,     -0.5442749194,       4.487567803
          0,           0,        2531,      -2.871573065,     -0.7462378163,     -0.7315457521,       2.523194968,     -0.5442562689,       4.512702985
          0,           0,        2532,       -2.88039233,     -0.7140787018,     -0.7029522959,         2.5119027,     -0.5442432001,       4.122872976
          0,           0,        2533,      -2.868905426,     -0.7415276926,     -0.7339874699,       2.526166691,     -0.5442268517,       4.328696039
          0,           0,        2534,      -2.873783114,      -0.726317632,     -0.7227107958,       2.519623088,     -0.5442046996,       4.498220297
          0,           0,        2535,      -2.861343247,     -0.7530234964,     -0.7187278796,       2.534282472,     -0.5441776521,       4.395254098
          0,           0,        2536,      -2.853900851,     -0.7337407381,     -0.7453958529,       2.542172149,     -0.5441482059,        4.30853522
          0,           0,        2537,       -2.88067196,     -0.7786202304,     -0.7640485657,       2.513961915,     -0.5441074455,       4.278706605
          0,           0,        2538,      -2.874224833,     -0.7230787456,     -0.7254091551,       2.520395272,      -0.544062986,        4.37566314
          0,           0,        2539,      -2.870417319,     -0.6810081949,     -0.6904289184,       2.523116261,     -0.5440215552,       4.565898845
          0,           0,        2540,      -2.877040795,     -0.6858090472,     -0.7018279845,       2.518061016,      -0.543979169,       4.495634793
          0,           0,        2541,      -2.874326097,     -0.6761324906,     -0.7127406429,       2.520596425,      -0.543931784,       4.374755757
          0,           0,        2542,      -2.877975124,     -0.6850123016,     -0.7291428101,       2.517061869,     -0.5438924953,       4.566691082
          0,           0,        2543,      -2.853824933,      -0.681049411,     -0.7095924583,       2.542868023,      -0.543847024,       4.574890762
          0,           0,        2544,      -2.876369973,     -0.6569497119,     -0.6823564889,       2.517624838,     -0.5437978444,       4.425087681
          0,           0,        2545,      -2.867461736,     -0.6847753018,     -0.7232624008,       2.528892944,     -0.5437480184,       4.391737938
          0,           0,        2546,      -2.881244388,     -0.6811691727,     -0.7087379434,       2.514583887,     -0.5436930033,       4.333536852
          0,           0,        2547,      -2.874031771,     -0.6959258494,      -0.703737998,       2.521633737,     -0.5436356262,       4.439904377
          0,           0,        2548,      -2.876694677,     -0.6703173466,     -0.6895879546,       2.517566629,     -0.5435636659,       4.601687526
          0,           0,        2549,      -2.891885583,     -0.7124777037,     -0.7041738421,       2.503870483,     -0.5434857054,       4.494458656
          0,           0,        2550,      -2.881587393,      -0.670697456,     -0.6588286343,       2.513267065,     -0.5434067473,       4.340613707
          0,           0,        2551,      -2.871263285,     -0.7304183821,     -0.7118995465,       2.524176408,     -0.5433182356,       4.510770979
          0,           0,        2552,      -2.863977909,     -0.7019848084,     -0.7054711813,       2.531682874,     -0.5432274433,       4.548311884
          0,           0,        2553,      -2.883772045,     -0.6871798307,     -0.6580840305,        2.50927843,     -0.5431322999,       4.413477018
          0,           0,        2554,      -2.875186565,     -0.7160450157,     -0.7149266595,       2.519767419,      -0.543044285,       4.429334389
          0,           0,        2555,      -2.863838569,     -0.7142135916,     -0.7167995502,       2.531598715,      -0.542955802,        4.39170704
          0,           0,        2556,        -2.8621725,     -0.6951621761,     -0.6828131723,       2.533197656,     -0.5428711369,       4.505514276
          0,           0,        2557,      -2.862457829,      -0.720422649,      -0.727161683,       2.532680488,     -0.5427819352,       4.578857347
          0,           0,        2558,      -2.876750338,     -0.7127435941,     -0.6992325213,       2.517507894,     -0.5426811501,       4.476410544
          0,           0,        2559,      -2.870129323,     -0.7376299471,     -0.7599514044,       2.524607277,     -0.5425771855,       4.262636531
          0,           0,        2560,      -2.875994681,     -0.7595712874,     -0.7590561731,       2.519134222,     -0.5424671321,       4.513698311
          0,           0,        2561,      -2.859701984,     -0.7555156627,     -0.7756840814,       2.534349666,     -0.5423634311,       4.552236893
          0,           0,        2562,      -2.876740522,     -0.7346854579,     -0.7404167297,       2.517613169,     -0.5422664856,       4.397152137
          0,           0,        2563,       -2.86797278,     -0.7353164196,     -0.7672684143,       2.526953958,        -0.5421517,       4.405985079
          0,           0,        2564,      -2.879428911,      -0.747717794,     -0.7534334252,       2.515759628,     -0.5420344149,       4.349926093
          0,           0,        2565,      -2.861168343,     -0.7092752072,     -0.7432382613,       2.534288623,     -0.5419047486,       4.450964639
          0,           0,        2566,      -2.861172246,     -0.7012607328,      -0.709043086,       2.534231972,     -0.5417791163,       4.563769391
          0,           0,        2567,      -2.871065618,     -0.7176996585,     -0.7388188462,       2.524191568,     -0.5416499104,       4.498717362
          0,           0,        2568,      -2.880951248,     -0.7237004842,     -0.7346645984,       2.513851975,      -0.541512155,       4.338105932
          0,           0,        2569,      -2.878819831,      -0.726695991,     -0.7393421465,       2.516534165,     -0.5413799256,       4.475257368
          0,           0,        2570,       -2.88095099,     -0.7699158873,     -0.7838531156,       2.513716573,     -0.5412473551,       4.525355089
          0,           0,        2571,      -2.876973044,     -0.7503557524,       -0.75959614,       2.518039844,     -0.5411105484,       4.411709382
          0,           0,        2572,      -2.898092263,     -0.7601477809,     -0.7625320112,       2.495888979,     -0.5409663691,       4.379751195
          0,           0,        2573,       -2.88908574,     -0.7766323676,     -0.7801306294,       2.505810947,     -0.5408075951,       4.321760414
          0,           0,        2574,      -2.865904439,     -0.7401840743,     -0.7562620057,       2.528790368,      -0.540643027,       4.455295948
          0,           0,        2575,      -2.863792153,      -0.720376689,      -0.712693503,       2.531928179,     -0.5404797203,       4.543465948
          0,           0,        2576,      -2.867475757,     -0.7246217656,     -0.7487775521,       2.527674245,     -0.5403291312,       4.342865169
          0,           0,        2577,      -2.868738921,        -0.7290232,      -0.771854943,       2.526937668,     -0.5401754026,       4.323256175
          0,           0,        2578,      -2.845711358,     -0.7346585331,     -0.7617764181,       2.549153467,     -0.5400095661,       4.508804407
          0,           0,        2579,      -2.864321233,     -0.7427544214,     -0.7445163299,       2.531167276,     -0.5398392264,       4.530401756
          0,           0,        2580,      -2.857063212,     -0.7493211915,     -0.7612511766,       2.537983136,     -0.5396809124,       4.360162501
          0,           0,        2581,      -2.883485714,     -0.7554274791,     -0.7610092044,       2.511496054,     -0.5395137548,        4.27768914
          0,           0,        2582,       -2.85695706,     -0.7645074902,      -0.769133455,       2.539387237,      -0.539347751,       4.407444165
          0,           0,        2583,      -2.882866604,       -0.74689999,     -0.7393965853,         2.5110261,     -0.5391772554,       4.568308356
          0,           0,        2584,      -2.879765542,     -0.7467527677,     -0.7025289483,       2.515515755,     -0.5389977283,       4.663251754
          0,           0,        2585,      -2.874682173,     -0.7056748468,     -0.6995894043,       2.518712407,     -0.5388249033,       4.437512012
          0,           0,        2586,      -2.887822675,     -0.7275735889,     -0.7323338979,       2.507970664,     -0.5386425879,       4.430295023
          0,           0,        2587,      -2.874849186,     -0.6865202802,     -0.7003322783,       2.520194896,     -0.5384551205,       4.540945872
          0,           0,        2588,      -2.902138891,     -0.6823155663,      -0.680398373,       2.491277542,     -0.5382775211,       4.558986765
          0,           0,        2589,      -2.897921261,     -0.6486654465,     -0.6740696299,        2.49674422,      -0.538102804,       4.424667411
          0,           0,        2590,       -2.90535729,     -0.6566505979,      -0.664316907,       2.488893927,     -0.5379214104,       4.415136554
          0,           0,        2591,      -2.890982489,     -0.6851200187,     -0.7153466655,       2.505108581,     -0.5377294349,       4.417821481
          0,           0,        2592,      -2.904444406,     -0.6798537029,     -0.6913408319,       2.488302579,     -0.5375204118,        4.46676944
          0,           0,        2593,      -2.885838333,      -0.701087905,     -0.7196200156,       2.509116395,     -0.5373147992,       4.511990896
          0,           0,        2594,      -2.889949352,     -0.6988847068,     -0.7151489044,       2.502965178,     -0.5371138637,       4.336387845
          0,           0,        2595,      -2.883924872,     -0.7617400107,     -0.7520577106,        2.51096369,      -0.536916713,       4.405706109
          0,           0,        2596,      -2.862438945,     -0.7462510757,     -0.7699864737,       2.532246271,     -0.5367171823,       4.506779222
          0,           0,        2597,      -2.875441435,     -0.7538810562,     -0.7364726481,       2.520143876,     -0.5365076238,       4.397664412
          0,           0,        2598,      -2.876049599,     -0.7302256702,     -0.7382968127,       2.519323123,     -0.5362795842,       4.321860735
          0,           0,        2599,      -2.888601649,     -0.7567806267,      -0.774188254,       2.506525001,     -0.5360392712,       4.339442142
          0,           0,        2600,      -2.877778022,     -0.7364018871,     -0.7715985003,       2.517376377,     -0.5358013569,       4.478015583
          0,           0,        2601,      -2.872678618,     -0.7038283003,     -0.7227944429,       2.521138651,      -0.535571455,       4.636178847
          0,           0,        2602,      -2.868255169,      -0.725958935,     -0.7549009664,       2.528024927,     -0.5353272948,       4.609640766
          0,           0,        2603,      -2.886493148,     -0.7118380826,     -0.7363378059,       2.507040077,      -0.535075216,       4.289677786
          0,           0,        2604,      -2.867633149,      -0.781036007,     -0.7531637903,       2.528798416,      -0.534821273,       4.474631418
          0,           0,        2605,      -2.868274779,      -0.746328164,     -0.7375148707,       2.525460808,     -0.5345850668,          4.530508
          0,           0,        2606,      -2.872454633,     -0.7939588174,     -0.7617946624,       2.521959331,     -0.5343414131,       4.444189059
          0,           0,        2607,      -2.871492057,     -0.7556379867,     -0.7422602582,       2.522974276,     -0.5341151714,       4.348299115
          0,           0,        2608,      -2.894770325,     -0.7763585959,      -0.750115389,       2.499511823,     -0.5338773506,       4.333366028
          0,           0,        2609,      -2.867995421,     -0.7687397396,     -0.7755582111,       2.527212714,     -0.5336463385,       4.357673002
          0,           0,        2610,      -2.877983406,     -0.7396386156,     -0.7133954053,       2.516287756,      -0.533412864,       4.529678995
          0,           0,        2611,      -2.881012987,     -0.7714380229,      -0.764425864,       2.514210083,     -0.5331754989,       4.555280127
          0,           0,        2612,      -2.887296437,      -0.732971381,      -0.723223415,       2.506354824,     -0.5329213186,       4.286441716
          0,           0,        2613,      -2.884789761,     -0.7529895113,     -0.7154628206,         2.5101785,      -0.532667724,       4.429873937
          0,           0,        2614,      -2.879346469,     -0.7293712382,     -0.7261178416,       2.514079296,     -0.5324131169,       4.538263782
          0,           0,        2615,      -2.888794685,     -0.7349371755,     -0.7328055028,       2.506124565,     -0.5321364505,       4.477749285
          0,           0,        2616,      -2.878974865,     -0.6981729719,     -0.7062042487,       2.516140783,     -0.5318659647,       4.363247129
          0,           0,        2617,      -2.907740863,     -0.7331460702,      -0.714596731,       2.486250013,     -0.5316062806,       4.338082344
          0,           0,        2618,      -2.876114187,     -0.7187916761,      -0.739701876,        2.51862009,     -0.5313366295,       4.444930311
          0,           0,        2619,      -2.892011457,     -0.7423559723,     -0.6929170076,       2.501854807,      -0.531124441,       4.550451901
          0,           0,        2620,      -2.866606223,     -0.7490985189,     -0.7213479096,       2.528284573,     -0.5309245883,       4.511359774
          0,           0,        2621,      -2.889588822,     -0.7545031216,     -0.7165955571,       2.504504071,     -0.5306989218,       4.204330464
          0,           0,        2622,      -2.863399877,     -0.7746918606,     -0.7310018029,       2.531611321,     -0.5305007268,       4.454883359
          0,           0,        2623,      -2.865129121,     -0.7524335742,     -0.7250410149,       2.529941598,     -0.5302894648,       4.508067532
          0,           0,        2624,      -2.877300454,     -0.7499289645,      -0.710806626,       2.516505088,     -0.5300968007,       4.388470973
          0,           0,        2625,      -2.861441399,     -0.7312601441,     -0.7263739772,       2.533406753,     -0.5299028546,       4.393293256
          0,           0,        2626,      -2.866087671,     -0.7277529138,     -0.7023454386,       2.528750636,     -0.5297108271,        4.31997848
          0,           0,        2627,      -2.865452781,     -0.7570213139,     -0.7521660807,       2.529497845,     -0.5295077273,       4.455005275
          0,           0,        2628,      -2.864438633,     -0.7292432788,     -0.7357581779,       2.529590658,     -0.5293206024,       4.627506804
          0,           0,        2629,      -2.858177053,     -0.7291033737,      -0.718257585,       2.537808742,     -0.5291229477,       4.556562958
          0,           0,        2630,      -2.861101231,     -0.7444315419,     -0.7256378586,       2.534749197,     -0.5289346315,       4.321456453
          0,           0,        2631,      -2.867253522,     -0.7388390225,     -0.7174055609,       2.528088513,     -0.5287384449,       4.517806917
          0,           0,        2632,      -2.869844426,     -0.7170026403,     -0.7157482021,        2.52338132,     -0.5285409515,       4.563160874
          0,           0,        2633,      -2.864680899,     -0.7262680695,     -0.7356707393,       2.530243917,       -0.52833802,       4.410796053
          0,           0,        2634,      -2.872932864,     -0.7285012075,     -0.7501674602,       2.521976769,     -0.5281287412,       4.343283603
          0,           0,        2635,      -2.882125519,     -0.7199755563,     -0.7125706212,       2.513319358,     -0.5279197431,       4.264862525
          0,           0,        2636,      -2.861998914,     -0.7234280706,      -0.731069055,       2.532746441,     -0.5277163976,       4.397421085
          0,           0,        2637,       -2.87469855,     -0.7384751099,     -0.7244790495,       2.519509131,     -0.5275086202,       4.544772997
          0,           0,        2638,      -2.886171226,     -0.7043422967,     -0.7156041397,       2.507919639,     -0.5273159605,       4.541078863
          0,           0,        2639,      -2.882299351,     -0.6911068977,     -0.7102044306,       2.511921969,     -0.5271305743,       4.223002575
          0,           0,        2640,      -2.874500267,     -0.7264456307,     -0.7262242646,       2.520710162,       -0.52693576,       4.503663675
          0,           0,        2641,      -2.862894007,     -0.6919914832,     -0.7082195409,       2.532287352,     -0.5267421011,       4.572965741
          0,           0,        2642,      -2.871477672,     -0.6878069207,     -0.7068257482,       2.523903675,     -0.5265520546,       4.462154172
          0,           0,        2643,      -2.865412727,     -0.7009533131,      -0.717037443,       2.530666796,     -0.5263554362,       4.417379715
          0,           0,        2644,      -2.901911785,     -0.7518916756,      -0.761866304,       2.492755412,        -0.5261623,       4.376479526
          0,           0,        2645,      -2.876576655,     -0.7198406926,     -0.7382551808,       2.518291833,     -0.5259678277,       4.454470947
          0,           0,        2646,      -2.884801017,     -0.7506593416,     -0.7563903903,         2.5098844,     -0.5257707607,       4.548468378
          0,           0,        2647,      -2.888927992,      -0.776505427,     -0.7762705626,       2.505750118,     -0.5255729423,       4.491334408
          0,           0,        2648,      -2.897094775,     -0.7348555126,     -0.7501289858,       2.495644083,     -0.5253791924,       4.186357049
          0,           0,        2649,       -2.87891011,     -0.7605864357,     -0.7821994216,       2.516339263,     -0.5251816844,       4.470304508
          0,           0,        2650,      -2.865464523,     -0.7357132375,     -0.7603084634,       2.528877552,      -0.524994124,        4.55366439
          0,           0,        2651,      -2.883717035,     -0.7257306435,     -0.7364012852,       2.509355848,     -0.5248083149,       4.421272806
          0,           0,        2652,      -2.873075225,     -0.7102593942,     -0.7602731579,       2.520596126,     -0.5246333976,       4.387363398
          0,           0,        2653,      -2.882770249,     -0.7186584123,     -0.7526716953,       2.511643133,     -0.5244533954,       4.341694175
          0,           0,        2654,      -2.857773202,     -0.7130540354,     -0.7538551329,       2.537227146,     -0.5242865003,        4.36889531
          0,           0,        2655,      -2.863685105,     -0.7007588489,     -0.7012922449,       2.530285596,     -0.5241218928,       4.500831676
          0,           0,        2656,      -2.863964273,     -0.7141724577,      -0.740044805,       2.531686061,     -0.5239569012,       4.468275848
          0,           0,        2657,      -2.870712385,     -0.7335393933,     -0.7248570578,       2.524220318,      -0.523792907,       4.250711493
          0,           0,        2658,      -2.872113715,     -0.7458256149,     -0.7443966669,       2.523372538,     -0.5236255431,       4.469304353
          0,           0,        2659,      -2.865836755,     -0.7259767741,     -0.7414760784,       2.528521717,     -0.5234554511,       4.533210529
          0,           0,        2660,      -2.877858474,     -0.7283181252,     -0.7212351327,       2.516364659,      -0.523287473,        4.33168822
          0,           0,        2661,      -2.884076452,      -0.737700099,     -0.7205609924,       2.510525974,     -0.5231184585,       4.302969288
          0,           0,        2662,      -2.879471874,     -0.7525783884,     -0.7556053737,       2.515122231,     -0.5229460377,       4.273681562
          0,           0,        2663,      -2.877280245,     -0.7250190689,     -0.7024566169,       2.516491539,     -0.5227754493,       4.448749524
          0,           0,        2664,      -2.872809837,     -0.7070513344,     -0.7183682344,       2.520635811,     -0.5226102118,        4.64334842
          0,           0,        2665,       -2.86452717,     -0.6979608134,     -0.7284992419,       2.530434577,     -0.5224506562,       4.518505723
          0,           0,        2666,      -2.866011869,     -0.7114417793,      -0.744510021,       2.527950824,     -0.5223047416,       4.284729627
          0,           0,        2667,      -2.848391204,     -0.7189502226,     -0.7380240038,       2.546384926,     -0.5221511895,       4.502511125
          0,           0,        2668,      -2.864781429,     -0.7433099825,     -0.7509196553,       2.529309494,     -0.5220044968,       4.549030155
          0,           0,        2669,      -2.854991814,     -0.7581785847,     -0.7534967519,       2.539119412,     -0.5218616002,       4.385789943
          0,           0,        2670,      -2.866952185,     -0.7080363986,     -0.7135952546,       2.527408187,     -0.5217212967,       4.397867202
          0,           0,        2671,       -2.86220199,      -0.749216706,     -0.7500665197,       2.533254042,     -0.5215839724,        4.37275952
          0,           0,        2672,      -2.872116725,     -0.7114369393,     -0.7111099491,       2.522406065,     -0.5214404156,       4.461666989
          0,           0,        2673,      -2.862212109,     -0.7210993465,     -0.7328167801,       2.532369006,     -0.5212908393,       4.581112764
          0,           0,        2674,      -2.871243232,     -0.6814394829,     -0.7047944882,       2.522432959,     -0.5211382773,       4.534676384
          0,           0,        2675,      -2.877679289,     -0.7068394423,      -0.739299402,       2.516850778,     -0.5209750397,       4.384232658
          0,           0,        2676,      -2.862927769,     -0.7074295449,     -0.7225477315,       2.531717789,      -0.520809819,       4.532387356
          0,           0,        2677,      -2.881650519,     -0.6830916607,     -0.7126159883,       2.511917633,     -0.5206306626,       4.577943193
          0,           0,        2678,      -2.875487759,     -0.6788271103,      -0.708262238,       2.519279106,     -0.5204469271,       4.436368328
          0,           0,        2679,      -2.888076954,     -0.6694991391,     -0.7028367005,       2.505965072,     -0.5202708103,       4.404634974
          0,           0,        2680,      -2.888712032,     -0.6786722313,     -0.6998647426,       2.506654289,     -0.5201095339,       4.392500387
          0,           0,        2681,      -2.890788712,     -0.6572682233,     -0.6783820265,       2.502546736,     -0.5199290656,       4.496963675
          0,           0,        2682,      -2.879739918,     -0.7162344883,     -0.7191926927,       2.514948054,     -0.5197374401,       4.560510961
          0,           0,        2683,      -2.878391724,     -0.6656065364,     -0.6856189363,       2.515271446,      -0.519554854,       4.300288675
          0,           0,        2684,      -2.883508833,     -0.7266216067,     -0.7406720809,       2.510976341,     -0.5193595318,       4.304640319
          0,           0,        2685,      -2.864487522,     -0.6986785976,     -0.7229561787,       2.529646091,     -0.5191713517,       4.513181475
          0,           0,        2686,      -2.862588572,     -0.6984955681,     -0.6994041297,       2.532496121,     -0.5189950915,       4.502755382
          0,           0,        2687,      -2.875360241,     -0.6985850993,     -0.7041485317,       2.518731169,     -0.5188064643,       4.407832078
          0,           0,        2688,      -2.876605598,     -0.7083270062,     -0.7280673665,        2.51817853,     -0.5186173905,       4.269096032
          0,           0,        2689,      -2.853895784,     -0.6910213037,     -0.7103064735,       2.541196156,     -0.5184330943,       4.501627322
          0,           0,        2690,      -2.867883152,     -0.7120909336,     -0.7131605129,        2.52652912,     -0.5182241311,       4.577876375
          0,           0,        2691,      -2.868600416,     -0.7036074928,     -0.6992466557,       2.526086784,      -0.518024511,       4.584152914
          0,           0,        2692,      -2.866215901,     -0.7131366836,     -0.7145068659,       2.527697045,      -0.517822344,       4.226650108
          0,           0,        2693,      -2.862782328,     -0.7346873377,     -0.7486509566,       2.532448333,     -0.5176065716,       4.476079204
          0,           0,        2694,      -2.844002245,     -0.7152642006,     -0.7253862955,        2.55121568,     -0.5173957768,       4.539854155
          0,           0,        2695,      -2.880864162,     -0.7452420622,     -0.7335017754,       2.512587238,     -0.5171821163,       4.401941959
          0,           0,        2696,      -2.853710452,     -0.7383329919,     -0.7482073288,       2.541072389,     -0.5169571221,       4.369102054
          0,           0,        2697,       -2.87487943,     -0.7041543746,     -0.6896970181,       2.519620815,     -0.5167383026,       4.398859168
          0,           0,        2698,       -2.85699487,     -0.7298919351,     -0.7597584705,       2.537529372,     -0.5165072797,       4.396602511
          0,           0,        2699,       -2.86424716,     -0.7069141334,     -0.7219375861,       2.530121926,       -0.51627902,         4.5015077
          0,           0,        2700,      -2.869101446,      -0.689948655,     -0.6892933012,       2.525605759,     -0.5160532437,       4.448679109
          0,           0,        2701,      -2.859313798,     -0.7040293849,     -0.7298613087,       2.536558603,     -0.5158139564,       4.313478918
          0,           0,        2702,      -2.870092031,     -0.7267415354,     -0.7388625171,       2.524749735,     -0.5155839136,       4.506962805
          0,           0,        2703,      -2.859454717,     -0.7039675834,     -0.7001826697,       2.535942407,     -0.5153432558,       4.566266049
          0,           0,        2704,       -2.86760384,     -0.6873167688,     -0.7058595193,        2.52780946,     -0.5151123289,       4.401142756
          0,           0,        2705,      -2.871481761,     -0.6862597596,     -0.6909509802,       2.523735497,     -0.5148686343,       4.315734073
          0,           0,        2706,      -2.888515716,     -0.6860229527,     -0.6895304618,       2.507075079,      -0.514626574,       4.324295062
          0,           0,        2707,      -2.881279823,     -0.6769965653,     -0.6989435621,       2.512583056,      -0.514391322,       4.433243299
          0,           0,        2708,      -2.868943177,     -0.6752418743,     -0.7031397409,       2.525234503,     -0.5141443774,       4.586373991
          0,           0,        2709,      -2.879084546,      -0.694916688,     -0.6876541395,       2.515291796,     -0.5138924213,       4.433452864
          0,           0,        2710,      -2.890927867,     -0.7076441275,     -0.7364688359,       2.502186267,       -0.51363933,         4.2248172
          0,           0,        2711,      -2.864004779,     -0.6749471223,     -0.7021825158,       2.530635025,     -0.5133832441,       4.444743352
          0,           0,        2712,      -2.857089983,     -0.6879046608,     -0.7091667022,       2.537379912,     -0.5131156274,       4.518330357
          0,           0,        2713,      -2.877497888,     -0.6677391418,     -0.6786744826,       2.516092729,     -0.5128508284,       4.355558564
          0,           0,        2714,      -2.864627995,     -0.7202470401,     -0.7313940788,       2.529977314,     -0.5125793668,       4.294253974
          0,           0,        2715,       -2.85762443,     -0.7404815502,     -0.7217837038,       2.538296001,     -0.5122961999,       4.344487348
          0,           0,        2716,      -2.846702235,     -0.7346615669,     -0.7391992758,       2.548056342,     -0.5120154978,       4.575695996
          0,           0,        2717,      -2.862649506,      -0.733720291,     -0.7017839479,       2.531996793,     -0.5117529917,       4.640775311
          0,           0,        2718,       -2.86688107,     -0.7598750877,     -0.7456991202,       2.527477617,     -0.5114803246,       4.591343355
          0,           0,        2719,      -2.870967052,     -0.7436194886,     -0.7438993778,       2.523939931,     -0.5112061422,       4.430394071
          0,           0,        2720,      -2.868842591,     -0.7453473531,     -0.7314787853,       2.525732571,      -0.510924621,       4.561927552
          0,           0,        2721,      -2.863657702,     -0.6968213981,     -0.7326047859,       2.531006939,     -0.5106357333,       4.567740148
          0,           0,        2722,      -2.880472072,      -0.705872262,     -0.7205407484,       2.513109357,     -0.5103676976,       4.393908371
          0,           0,        2723,      -2.883626839,     -0.6824661143,     -0.6936023929,       2.510748571,     -0.5100925969,       4.372689888
          0,           0,        2724,      -2.887645883,       -0.70147871,     -0.7150146363,       2.506102494,     -0.5098202088,       4.349568109
          0,           0,        2725,      -2.876530918,     -0.6975554039,     -0.7120194907,       2.518252757,      -0.509566611,       4.439847711
          0,           0,        2726,      -2.883905066,     -0.6750899031,     -0.6901146508,       2.508859125,     -0.5093027218,       4.558551316
          0,           0,        2727,      -2.886281352,     -0.6840464686,     -0.6771303345,       2.508740549,     -0.5090356682,       4.387482524
          0,           0,        2728,       -2.90026519,     -0.7086121716,     -0.7302476243,        2.49272001,      -0.508765584,       4.314551016
          0,           0,        2729,      -2.898111788,     -0.7188394845,      -0.696857337,       2.495992563,     -0.5084966793,       4.510356763
          0,           0,        2730,      -2.867392245,     -0.6855146501,     -0.7186044158,       2.527427472,     -0.5082261477,       4.541309578
          0,           0,        2731,      -2.888656068,     -0.7079225304,     -0.7185354709,       2.504825713,     -0.5079660173,       4.401616553
          0,           0,        2732,      -2.885163131,     -0.7244977637,     -0.7339692147,       2.508467033,     -0.5076988762,       4.345603233
          0,           0,        2733,      -2.874097846,     -0.7836912904,     -0.7674120829,       2.520758816,     -0.5074248555,       4.341111044
          0,           0,        2734,      -2.864066673,     -0.7515243702,     -0.7286990441,       2.530079242,     -0.5071483749,       4.507369103
          0,           0,        2735,      -2.860433304,     -0.7305420748,     -0.7240535799,       2.533820346,     -0.5068644962,       4.588954773
          0,           0,        2736,      -2.858695068,     -0.7329276355,     -0.6985744581,       2.536026917,     -0.5065854513,       4.419042307
          0,           0,        2737,      -2.865106826,     -0.7671643931,     -0.7631838663,       2.529179544,     -0.5063213252,       4.349144304
          0,           0,        2738,      -2.840553623,     -0.7450192278,     -0.7586342604,       2.554039484,     -0.5060557589,       4.542667645
          0,           0,        2739,      -2.855472398,     -0.7754597574,     -0.7614087212,       2.539522145,     -0.5057794539,       4.551749249
          0,           0,        2740,      -2.865338785,     -0.7693637501,     -0.7391121274,       2.529106542,     -0.5055162714,       4.404708722
          0,           0,        2741,      -2.868213945,     -0.7365285898,     -0.7371549752,       2.525554049,     -0.5052476574,       4.322820202
          0,           0,        2742,      -2.865686673,     -0.7421464482,     -0.7455483622,       2.528304882,     -0.5049939824,       4.367786008
          0,           0,        2743,      -2.871410947,     -0.7261516714,     -0.7335823722,       2.522696514,     -0.5047419591,       4.477496125
          0,           0,        2744,      -2.872092123,     -0.6900625234,     -0.6953764181,       2.522205494,     -0.5044920263,       4.574148954
          0,           0,        2745,      -2.871840457,     -0.7125653697,     -0.6971762768,       2.522108946,     -0.5042492327,       4.201730656
          0,           0,        2746,      -2.867633574,     -0.7273787533,     -0.7373561146,        2.52684453,     -0.5040134744,       4.362141662
          0,           0,        2747,        -2.8659489,     -0.7204282672,     -0.7253681932,       2.528031824,     -0.5037734638,       4.524297226
          0,           0,        2748,       -2.87777054,     -0.7146708205,     -0.7346039567,       2.515957903,     -0.5035359785,       4.541683086
          0,           0,        2749,      -2.873721366,      -0.683289718,     -0.7032170327,       2.519739797,     -0.5032949931,       4.384714641
          0,           0,        2750,      -2.895273184,     -0.7163045076,     -0.7374170745,        2.49814704,     -0.5030477149,       4.289538392
          0,           0,        2751,      -2.876183699,     -0.7246804902,     -0.7417344958,       2.519029534,     -0.5028146273,       4.390576789
          0,           0,        2752,      -2.886694997,     -0.7298701796,     -0.7295813597,       2.506055687,     -0.5025924568,       4.614788188
          0,           0,        2753,        -2.8776132,     -0.7348065538,     -0.7514656189,       2.517363417,     -0.5023701828,       4.651334559
          0,           0,        2754,      -2.893435452,     -0.7250544707,     -0.7341220943,       2.498098715,     -0.5021499619,       4.356065368
          0,           0,        2755,      -2.897813872,     -0.7373881837,     -0.7205545206,       2.495838893,     -0.5019324835,       4.427336374
          0,           0,        2756,      -2.863908049,     -0.7379762657,     -0.7299686332,       2.528746785,     -0.5017119862,       4.537216296
          0,           0,        2757,      -2.877446101,     -0.7690318581,     -0.7550958427,       2.515889962,     -0.5015073656,       4.528488196
          0,           0,        2758,      -2.860643736,     -0.7223406403,     -0.7263888108,       2.532823521,     -0.5012994901,       4.394842529
          0,           0,        2759,       -2.89868488,     -0.7407212952,     -0.7175897324,       2.493322603,     -0.5011131578,       4.381963672
          0,           0,        2760,      -2.871289861,     -0.7545288675,     -0.7431895296,       2.523457181,     -0.5009290972,       4.328544189
          0,           0,        2761,       -2.88068899,     -0.7305739176,     -0.7077077718,       2.511868423,     -0.5007687415,       4.517951349
          0,           0,        2762,       -2.87114678,     -0.7532501418,      -0.709276575,       2.523187249,     -0.5006225997,       4.614580104
          0,           0,        2763,        -2.8744464,     -0.7204974083,     -0.7006386092,       2.517623366,     -0.5004731575,       4.338498437
          0,           0,        2764,      -2.867611367,     -0.7506141871,     -0.7272933189,       2.527905671,     -0.5003383996,       4.361131242
          0,           0,        2765,      -2.875950051,     -0.7006415669,     -0.7154665565,       2.516738026,     -0.5001982324,       4.492123279
          0,           0,        2766,      -2.887743075,     -0.7338908456,     -0.7151811011,       2.504801195,     -0.5000589341,       4.528446308
          0,           0,        2767,      -2.866236905,     -0.6899527067,     -0.7047462859,       2.528035722,     -0.4999240481,       4.361408495
          0,           0,        2768,      -2.896678099,     -0.6925003824,     -0.7021721611,       2.496290446,     -0.4997943431,       4.380920961
          0,           0,        2769,      -2.880414936,     -0.7253281538,     -0.7216140751,       2.514391208,     -0.4996653559,       4.343714973
          0,           0,        2770,      -2.880146527,     -0.6633483079,     -0.6865244963,       2.512767539,     -0.4995507773,       4.472514749
          0,           0,        2771,       -2.87151149,      -0.702836428,     -0.7311608217,       2.523144538,      -0.499436757,       4.539180107
          0,           0,        2772,      -2.872110568,     -0.6808594355,      -0.707960354,       2.521620159,     -0.4993363589,       4.333483328
          0,           0,        2773,      -2.885127799,     -0.6874458266,     -0.7228402291,       2.508962499,     -0.4992415107,       4.417455696
          0,           0,        2774,      -2.865364105,     -0.6696005294,     -0.6622181851,       2.528036654,     -0.4991559227,        4.54408594
          0,           0,        2775,      -2.874981228,     -0.7112534247,     -0.7245447545,       2.519575001,     -0.4990729705,       4.498999684
          0,           0,        2776,      -2.865485828,     -0.6854256058,     -0.7152480267,       2.529458997,     -0.4990028796,       4.351298176
          0,           0,        2777,      -2.891878265,     -0.7558257491,     -0.7470239511,       2.501760138,     -0.4989404437,       4.293464347
          0,           0,        2778,      -2.862052246,     -0.7324389612,      -0.746606934,       2.532291844,     -0.4988740294,       4.448463941
          0,           0,        2779,      -2.875839019,     -0.7256409395,      -0.709159742,       2.518639804,     -0.4988153422,        4.55153164
          0,           0,        2780,      -2.876226781,     -0.7814283545,     -0.7612708391,       2.518146039,     -0.4987581108,       4.521460541
          0,           0,        2781,      -2.865252555,     -0.7536176368,     -0.7468764598,       2.528683737,     -0.4987083466,       4.336191566
          0,           0,        2782,      -2.855346969,     -0.7420318694,     -0.7558363234,       2.539578509,     -0.4986632802,       4.512995142
          0,           0,        2783,      -2.869904103,     -0.7365219729,      -0.736486831,        2.52372297,     -0.4986253455,       4.570491545
          0,           0,        2784,      -2.878095916,     -0.7407838264,     -0.7334342956,       2.515687938,     -0.4985970287,       4.381149331
          0,           0,        2785,      -2.856447339,     -0.7391988646,     -0.7569142819,       2.537782051,     -0.4985763803,       4.378426866
          0,           0,        2786,      -2.873086885,     -0.7436841854,      -0.766833259,       2.521810672,     -0.4985517377,       4.363061077
          0,           0,        2787,      -2.856336148,     -0.7220603508,     -0.7687948014,       2.538144929,      -0.498532096,       4.435886741
          0,           0,        2788,      -2.871739102,     -0.7531192061,     -0.7510134465,       2.521692128,      -0.498516103,       4.536774908
          0,           0,        2789,      -2.880237853,     -0.7401999238,     -0.7694477436,       2.513992367,     -0.4985108851,       4.424715078
          0,           0,        2790,       -2.88832211,     -0.7277024025,     -0.7534594842,       2.504708349,     -0.4985135832,       4.286331443
          0,           0,        2791,      -2.873826062,     -0.7682338837,      -0.772073342,       2.520356925,     -0.4985169047,       4.491974948
          0,           0,        2792,      -2.861763695,     -0.7226316682,     -0.7829080937,       2.531698154,     -0.4985304102,       4.537174764
          0,           0,        2793,      -2.884737108,     -0.7350020158,     -0.7523283034,       2.507535301,     -0.4985500355,       4.388586063
          0,           0,        2794,      -2.875532574,     -0.7106499225,       -0.75095091,       2.518889285,     -0.4985640891,       4.346148066
          0,           0,        2795,      -2.877971169,     -0.7190513855,     -0.7318414355,       2.516514112,     -0.4985764758,       4.345084439
          0,           0,        2796,      -2.873155772,     -0.7131515353,      -0.709799764,       2.520418539,     -0.4985889244,       4.441951625
          0,           0,        2797,      -2.880386362,      -0.700228571,     -0.7128201589,       2.512080584,     -0.4986116581,       4.610891849
          0,           0,        2798,      -2.881667257,      -0.708528888,     -0.7155407734,        2.51217965,     -0.4986513261,        4.56527669
          0,           0,        2799,      -2.873190944,     -0.7213827328,     -0.6992881972,       2.521382328,     -0.4986819795,       4.268372188
          0,           0,        2800,       -2.87074787,     -0.7437615545,       -0.72902078,       2.523792942,     -0.4987401276,          4.496141
          0,           0,        2801,      -2.870090125,     -0.7326215525,     -0.7401470082,       2.523468325,     -0.4988035783,       4.545611531
          0,           0,        2802,       -2.86508193,     -0.7633125303,     -0.7026033288,       2.529881648,     -0.4988719852,       4.424312182
          0,           0,        2803,      -2.878962819,     -0.7598928348,     -0.7176867692,       2.514325064,     -0.4989556946,       4.370975575
          0,           0,        2804,      -2.870391322,     -0.7553922618,     -0.7402813907,       2.523753854,     -0.4990375257,       4.344208274
          0,           0,        2805,      -2.870707473,     -0.7445303353,     -0.7079859092,       2.522610254,     -0.4991178391,       4.427232588
          0,           0,        2806,      -2.868889329,      -0.719990113,     -0.6976553401,       2.524960628,     -0.4991981013,       4.583605286
          0,           0,        2807,       -2.86180245,     -0.7158710105,     -0.7198037903,       2.532656737,     -0.4992832145,       4.502614267
          0,           0,        2808,      -2.874601359,     -0.7264969186,     -0.7007249501,       2.519342152,     -0.4993715966,       4.350942267
          0,           0,        2809,      -2.855104933,     -0.7624961541,     -0.7428763212,       2.539087685,     -0.4994627913,       4.527458346
          0,           0,        2810,      -2.854296909,     -0.7669428297,     -0.7646182495,       2.540049612,     -0.4995619914,       4.561468172
          0,           0,        2811,      -2.859641598,     -0.7489669349,     -0.7358122463,       2.534321533,     -0.4996652923,       4.400003084
          0,           0,        2812,      -2.865272731,      -0.740646057,      -0.740525223,       2.528506157,     -0.4997671923,        4.42301178
          0,           0,        2813,      -2.871251145,     -0.7519876537,     -0.7294521135,       2.523166246,     -0.4998857812,       4.375090264
          0,           0,        2814,       -2.85861414,     -0.7250728067,     -0.7372464903,       2.535060384,     -0.5000043865,       4.486949756
          0,           0,        2815,      -2.863756998,     -0.7165685302,     -0.6963497564,        2.53076231,     -0.5001288538,       4.588105571
          0,           0,        2816,      -2.874744923,     -0.6981695575,     -0.6769834471,       2.519747177,     -0.5002567587,       4.483766612
          0,           0,        2817,      -2.886099266,     -0.7304285975,     -0.7432033979,       2.507704716,     -0.5003823143,       4.349695497
          0,           0,        2818,      -2.872998723,      -0.704986845,       -0.69670749,       2.521608065,     -0.5005271975,       4.534179495
          0,           0,        2819,      -2.897560303,     -0.7111208942,     -0.7076425389,       2.494678877,     -0.5006728844,       4.572720317
          0,           0,        2820,      -2.893854258,     -0.7148050476,     -0.7170493057,       2.500024174,     -0.5008119335,       4.406860836
          0,           0,        2821,      -2.901831478,     -0.7018063538,     -0.7112550359,       2.491141389,      -0.500956467,       4.386224545
          0,           0,        2822,      -2.910984575,     -0.7422034781,     -0.7070067345,       2.483686351,     -0.5011023555,       4.333091073
          0,           0,        2823,      -2.896232492,     -0.7150455259,     -0.7289852676,       2.495753029,     -0.5012522474,       4.469446983
          0,           0,        2824,        -2.8918296,     -0.7558092256,     -0.7647493061,       2.501516315,     -0.5014061677,       4.553178127
          0,           0,        2825,       -2.88222242,     -0.7217384228,     -0.7601001355,        2.51018195,     -0.5015555579,       4.384659952
          0,           0,        2826,      -2.885509757,      -0.766607945,     -0.7729703703,       2.507938517,      -0.501707942,       4.404871603
          0,           0,        2827,      -2.860186253,     -0.7607693201,     -0.7598908206,       2.533202052,     -0.5018594568,       4.544503471
          0,           0,        2828,      -2.868268778,     -0.7532722055,     -0.7420866551,       2.526237995,     -0.5020119077,       4.458747655
          0,           0,        2829,      -2.866631291,     -0.6965707322,     -0.7413766072,       2.527682083,     -0.5021522766,       4.351994072
          0,           0,        2830,       -2.87595391,     -0.7056908202,     -0.7100928801,       2.518515847,      -0.502302121,       4.233329359
          0,           0,        2831,      -2.844487832,     -0.7288220204,     -0.7598272547,       2.550595458,     -0.5024491629,       4.482475968
          0,           0,        2832,      -2.875553985,     -0.7307728755,     -0.7104870682,       2.517200623,     -0.5025892692,       4.625547461
          0,           0,        2833,      -2.861060097,     -0.7418770982,     -0.6967503896,       2.533949723,     -0.5027283619,       4.641253713
          0,           0,        2834,      -2.878848849,     -0.7340119202,     -0.7058858856,       2.513701645,     -0.5028703609,       4.371131941
          0,           0,        2835,      -2.866581782,     -0.7863931027,     -0.7546915647,       2.527630812,     -0.5030169822,       4.496876068
          0,           0,        2836,      -2.868799114,     -0.7334590173,     -0.7163363083,       2.523769564,     -0.5031661574,       4.563143581
          0,           0,        2837,      -2.876089874,     -0.7386568711,     -0.7107986943,       2.517596442,     -0.5033150154,       4.510527436
          0,           0,        2838,      -2.880310153,     -0.6863406826,     -0.7018714203,       2.512564529,     -0.5034772827,       4.419711666
          0,           0,        2839,      -2.895871668,     -0.7001289437,     -0.7033532059,       2.497219756,       -0.50363303,        4.34257021
          0,           0,        2840,      -2.881847036,     -0.7107677632,     -0.7237763541,       2.512017718,     -0.5037795081,       4.403801801
          0,           0,        2841,      -2.881020935,     -0.6614963613,     -0.6880901224,       2.510872568,     -0.5039278561,       4.574417678
          0,           0,        2842,      -2.879013064,     -0.7218045818,     -0.7251949888,       2.515436093,     -0.5040588644,       4.545850292
          0,           0,        2843,      -2.895637871,     -0.6841074087,     -0.7012976758,       2.495173638,     -0.5041919633,       4.323899281
          0,           0,        2844,      -2.904056469,     -0.6852729673,      -0.712385873,       2.489186263,     -0.5043184357,       4.459384583
          0,           0,        2845,      -2.874396125,     -0.6922515662,     -0.6996023665,        2.51941558,     -0.5044413034,       4.535421357
          0,           0,        2846,      -2.902874393,     -0.7361825612,     -0.7104203623,       2.488784208,     -0.5045522836,       4.517150742
          0,           0,        2847,      -2.879019416,     -0.6960364187,     -0.7119040273,       2.514869964,     -0.5046684019,       4.396191819
          0,           0,        2848,      -2.909685921,     -0.7347447879,     -0.7293354412,       2.482080153,     -0.5047872765,       4.408746045
          0,           0,        2849,      -2.879911657,     -0.7454649594,     -0.7654500381,       2.514484977,     -0.5048959107,       4.349910055
          0,           0,        2850,      -2.894611586,     -0.7592676772,     -0.7546050876,       2.497235736,     -0.5050033707,       4.485099879
          0,           0,        2851,      -2.887602557,     -0.7126542466,     -0.7042167697,         2.5055831,     -0.5051159882,       4.566166275
          0,           0,        2852,      -2.867714278,     -0.7181765729,     -0.7292685653,       2.525522596,     -0.5052126267,       4.261750216
          0,           0,        2853,      -2.856957649,     -0.7366434746,     -0.7386302189,       2.537841331,     -0.5053069597,       4.329540691
          0,           0,        2854,      -2.851929365,     -0.6934623248,      -0.707766102,       2.541482421,     -0.5053929078,       4.497823689
          0,           0,        2855,      -2.864070954,     -0.7420377528,     -0.7176053379,        2.53079384,     -0.5054655635,       4.409239691
          0,           0,        2856,      -2.865005242,     -0.7045513466,     -0.7108948104,       2.529675815,     -0.5055471298,       4.315868119
          0,           0,        2857,      -2.885559824,     -0.7614308132,      -0.743224508,       2.507887587,     -0.5056101964,       4.275353321
          0,           0,        2858,      -2.865379216,     -0.7436721372,     -0.7410557256,       2.528789789,     -0.5056635895,       4.392624468
          0,           0,        2859,      -2.885731928,     -0.7326470293,      -0.706503043,       2.506818867,     -0.5057120336,       4.524788945
          0,           0,        2860,      -2.870508666,     -0.7561739376,      -0.749368461,       2.523506104,     -0.5057517278,       4.495103124
          0,           0,        2861,       -2.88329297,     -0.7293952138,       -0.71202525,       2.508811844,     -0.5057804305,       4.355615629
          0,           0,        2862,      -2.876404683,     -0.7452586405,     -0.6900366431,       2.517769071,      -0.505796175,       4.533157478
          0,           0,        2863,      -2.866701458,     -0.7281273105,     -0.7094004042,       2.527461667,     -0.5058047425,       4.571595639
          0,           0,        2864,      -2.869952774,     -0.7378203622,     -0.7050921927,       2.523302352,     -0.5058067576,       4.424051267
          0,           0,        2865,      -2.878867752,     -0.6904761767,     -0.7014456481,       2.515308236,     -0.5058078515,       4.368119947
          0,           0,        2866,      -2.885353773,       -0.71037218,     -0.7185240203,       2.509021104,     -0.5057978722,       4.329657278
          0,           0,        2867,      -2.867694418,     -0.7306510749,     -0.7371104492,       2.525959369,     -0.5057773456,       4.471957241
          0,           0,        2868,       -2.86962291,     -0.7347628385,      -0.746715497,       2.523705179,     -0.5057463853,       4.586829499
          0,           0,        2869,      -2.879488588,     -0.6881943267,     -0.6970786146,       2.513787902,     -0.5057127385,       4.529234014
          0,           0,        2870,      -2.867614652,     -0.7043951156,     -0.7331276464,       2.525712539,     -0.5056632275,       4.266900893
          0,           0,        2871,      -2.861180522,     -0.7319219752,     -0.7386576463,       2.533244662,     -0.5056063797,       4.504755648
          0,           0,        2872,      -2.857086809,     -0.7172307227,     -0.7145184314,       2.536738161,     -0.5055428344,       4.554716851
          0,           0,        2873,      -2.870473902,     -0.7295589143,     -0.7244296088,       2.523277987,     -0.5054589469,       4.369240441
          0,           0,        2874,      -2.864023249,     -0.7222195318,     -0.7320771309,       2.529975698,      -0.505378915,       4.394743762
          0,           0,        2875,      -2.864000799,     -0.7379297332,      -0.734897351,       2.530757454,     -0.5052781065,       4.328283129
          0,           0,        2876,      -2.862188656,     -0.7071703766,      -0.740603215,       2.531500918,     -0.5051646153,        4.48963928
          0,           0,        2877,      -2.868630986,     -0.7405686453,     -0.7083169864,       2.525443689,     -0.5050433153,        4.58270785
          0,           0,        2878,      -2.874388949,     -0.7442341266,     -0.7400817487,        2.51869275,     -0.5049119192,       4.506777515
          0,           0,        2879,      -2.881525995,     -0.7488432523,     -0.7500519774,       2.511378202,     -0.5047736175,       4.335190461
          0,           0,        2880,      -2.873823237,     -0.7658661848,     -0.7332921636,       2.519715025,     -0.5046141252,       4.490665537
          0,           0,        2881,      -2.885142939,     -0.7707228349,     -0.7573836871,       2.506937906,     -0.5044518897,       4.536865327
          0,           0,        2882,      -2.879890702,     -0.7717559643,     -0.7435553274,         2.5133167,     -0.5042735753,       4.372989827
          0,           0,        2883,      -2.877707319,     -0.7500465617,     -0.7632589484,       2.515268242,     -0.5040880459,       4.363433874
          0,           0,        2884,      -2.880084464,     -0.7282771793,     -0.7558912537,       2.513758212,     -0.5038991554,       4.320685982
          0,           0,        2885,      -2.880830692,     -0.7392045537,     -0.7456208749,        2.51195655,       -0.50369578,       4.418471751
          0,           0,        2886,      -2.872677454,     -0.7073222041,     -0.7087737661,       2.519933039,     -0.5035006239,       4.569680341
          0,           0,        2887,      -2.890320641,     -0.7446456574,     -0.7395634516,       2.502715395,     -0.5032837921,       4.445961535
          0,           0,        2888,      -2.876267565,     -0.7051593732,     -0.7111058079,       2.517714045,     -0.5030599017,       4.278805484
          0,           0,        2889,      -2.880698083,     -0.7105753356,     -0.6948221448,       2.511658455,     -0.5028199904,       4.510267855
          0,           0,        2890,      -2.861545259,     -0.7311994567,     -0.7533481241,       2.532350686,     -0.5025877987,       4.548011517
          0,           0,        2891,      -2.881625356,      -0.715296772,     -0.7151328886,       2.511127692,     -0.5023487215,       4.352335926
          0,           0,        2892,      -2.862248819,     -0.7344946641,     -0.7368029433,       2.532603202,     -0.5021094671,       4.325614166
          0,           0,        2893,      -2.872394353,     -0.7528685334,     -0.7398475443,       2.522375108,      -0.501846266,       4.327596543
          0,           0,        2894,       -2.86624204,     -0.7308493231,       -0.72988624,       2.527384043,     -0.5015780045,       4.518183336
          0,           0,        2895,      -2.871415097,     -0.7583996807,     -0.7421446218,       2.522523787,     -0.5012945141,       4.611356517
          0,           0,        2896,       -2.87815716,     -0.7683707857,     -0.7370844628,       2.514726452,     -0.5010084212,       4.503960629
          0,           0,        2897,      -2.871800181,     -0.7425948687,     -0.7472086714,       2.522496486,      -0.500715643,       4.213891152
          0,           0,        2898,      -2.865958756,     -0.7538201791,     -0.7306103705,       2.528058142,      -0.500415081,       4.483119304
          0,           0,        2899,      -2.855495504,     -0.7409082987,     -0.7316842618,        2.53825698,     -0.5001090143,       4.539548611
          0,           0,        2900,      -2.861432992,      -0.745132301,     -0.7370089353,       2.532036569,     -0.4998016652,       4.403265153
          0,           0,        2901,      -2.885667249,     -0.7232182455,     -0.7267455674,       2.507718583,     -0.4994891649,       4.397633116
          0,           0,        2902,       -2.87227009,      -0.769636809,     -0.7639738393,       2.521763055,     -0.4991698539,       4.310757048
          0,           0,        2903,      -2.867632484,     -0.7473128345,     -0.7652169444,        2.52604598,       -0.49883739,       4.475272136
          0,           0,        2904,      -2.870491623,     -0.7602004006,     -0.7610846473,       2.523276001,     -0.4985037359,       4.604302202
          0,           0,        2905,      -2.873999712,     -0.7661234504,      -0.749968803,        2.51934518,     -0.4981716191,         4.5583726
          0,           0,        2906,      -2.876190309,     -0.7692527982,     -0.7783866906,       2.518114771,     -0.4978460159,       4.322198191
          0,           0,        2907,      -2.881098427,     -0.7884416602,     -0.7716640392,       2.511767261,     -0.4975416191,       4.507742108
          0,           0,        2908,      -2.894887277,     -0.7378440407,     -0.7497148031,       2.496893831,     -0.4972184101,       4.562378837
          0,           0,        2909,      -2.888354952,     -0.7473183723,     -0.7396931848,       2.505047131,     -0.4969217196,       4.427383705
          0,           0,        2910,      -2.883938955,     -0.7439558542,     -0.7468287386,       2.509442455,     -0.4966245577,       4.394306615
          0,           0,        2911,       -2.89019725,     -0.7499687442,     -0.7440057281,       2.503387972,     -0.4963341489,       4.327236859
          0,           0,        2912,      -2.878000271,     -0.7226157341,     -0.7252064664,       2.514580262,      -0.496037059,       4.411087704
          0,           0,        2913,      -2.886376794,     -0.7030241237,      -0.714902925,        2.50641638,     -0.4957516643,       4.525226649
          0,           0,        2914,      -2.879048091,     -0.7474300055,     -0.7369944169,       2.514681473,     -0.4954641687,       4.523135874
          0,           0,        2915,      -2.882585058,     -0.7299883552,     -0.7134508703,       2.509575683,     -0.4951940944,       4.324355985
          0,           0,        2916,      -2.870497343,     -0.7231694844,     -0.7247698258,       2.523377193,     -0.4949192162,       4.522404756
          0,           0,        2917,      -2.871376013,     -0.7438710144,     -0.7411790401,       2.522537435,      -0.494652791,       4.562690676
          0,           0,        2918,      -2.888435178,      -0.780358546,     -0.7614022517,       2.503502382,     -0.4943802487,       4.404776855
          0,           0,        2919,      -2.881986493,     -0.7389602022,     -0.7575376666,       2.511035344,      -0.494105285,       4.365463282
          0,           0,        2920,      -2.894142267,     -0.7856193887,      -0.764581983,       2.499294754,     -0.4938314036,       4.292352817
          0,           0,        2921,      -2.881735684,     -0.7725838029,     -0.7961461762,       2.511028759,     -0.4935616453,       4.408516499
          0,           0,        2922,      -2.874711379,     -0.7505326601,     -0.7682481875,       2.517881201,     -0.4932925424,        4.56116098
          0,           0,        2923,      -2.872665975,     -0.7556876155,     -0.7591733768,       2.521213829,     -0.4930415866,       4.441694398
          0,           0,        2924,      -2.865199635,     -0.7330366339,     -0.7568629859,       2.528695421,     -0.4927944291,        4.25620076
          0,           0,        2925,      -2.861688765,     -0.7212551491,     -0.7301270613,       2.532360736,     -0.4925587913,       4.489965255
          0,           0,        2926,      -2.850106076,      -0.718032204,     -0.7399523707,       2.544500217,     -0.4923399664,          4.528349
          0,           0,        2927,      -2.850900979,      -0.689897417,      -0.698092601,       2.542774519,      -0.492115872,       4.410127233
          0,           0,        2928,       -2.85218198,     -0.7126643281,     -0.7171610328,       2.542720991,     -0.4918996902,       4.331432495
          0,           0,        2929,      -2.867445398,     -0.7379470506,     -0.7376106285,       2.527952518,     -0.4917050173,       4.298547596
          0,           0,        2930,      -2.854358195,     -0.7220273804,     -0.7140330934,        2.54071575,     -0.4915015787,        4.52696612
          0,           0,        2931,      -2.856811392,      -0.712300527,     -0.7114337965,       2.536766931,     -0.4913058142,       4.692898046
          0,           0,        2932,      -2.870817182,     -0.7140681395,     -0.7102216025,       2.523921904,     -0.4911262693,       4.594349275
          0,           0,        2933,      -2.881426357,     -0.7326336733,      -0.737127589,       2.512543499,     -0.4909484604,       4.283007178
          0,           0,        2934,      -2.876794445,     -0.7368684228,      -0.731798665,       2.517603783,     -0.4907836909,       4.516481471
          0,           0,        2935,      -2.880629537,     -0.7121407176,      -0.707675352,       2.511970915,     -0.4906084863,       4.579849353
          0,           0,        2936,       -2.87917034,     -0.7074578873,     -0.6949185149,       2.514711052,     -0.4904426745,       4.413720093
          0,           0,        2937,      -2.891991833,      -0.695540298,     -0.7136676381,       2.500642352,     -0.4902888169,       4.363513044
          0,           0,        2938,      -2.891913001,     -0.7207076556,     -0.7449648906,       2.501772755,     -0.4901219981,       4.321803195
          0,           0,        2939,      -2.879164653,     -0.6983117279,     -0.7504688885,       2.513234586,     -0.4899654781,       4.384937405
          0,           0,        2940,      -2.878891424,     -0.7211649456,     -0.7350126965,       2.513997391,     -0.4898198812,       4.496679807
          0,           0,        2941,      -2.864701295,     -0.7234246461,     -0.7233335472,       2.528849926,      -0.489676793,       4.281277526
          0,           0,        2942,      -2.853298437,     -0.7450449398,     -0.7496392225,       2.541169221,     -0.4895275084,       4.286095832
          0,           0,        2943,      -2.858835753,     -0.7600665807,     -0.7561868255,       2.535246871,     -0.4893904999,        4.49337926
          0,           0,        2944,      -2.844382369,     -0.7197736279,     -0.7019498503,       2.550686078,      -0.489283375,       4.440246152
          0,           0,        2945,      -2.871482112,      -0.741297784,     -0.7341196957,       2.523229668,     -0.4891818798,       4.339852141
          0,           0,        2946,      -2.857781257,     -0.7178928008,     -0.7032157367,       2.538005272,     -0.4890884759,       4.204591801
          0,           0,        2947,      -2.855028112,     -0.7332310488,     -0.7449434089,       2.539641461,     -0.4890018742,       4.448988891
          0,           0,        2948,      -2.862397638,     -0.6965379591,     -0.7159701855,       2.530268768,     -0.4889232401,        4.66299056
          0,           0,        2949,      -2.860074354,     -0.7164866132,     -0.7078672517,       2.534078172,     -0.4888348796,       4.682052076
          0,           0,        2950,      -2.877830139,     -0.7195284313,     -0.7226525743,       2.514161882,     -0.4887409537,        4.17240615
          0,           0,        2951,      -2.877776813,     -0.7711793857,     -0.7912000574,       2.515497711,     -0.4886573814,       4.392111555
          0,           0,        2952,      -2.868568735,     -0.7809399813,     -0.7592029538,       2.524387029,     -0.4885704764,       4.553004629
          0,           0,        2953,      -2.869223627,     -0.7681180609,      -0.755151372,       2.523597228,     -0.4884801183,       4.572457231
          0,           0,        2954,       -2.88585431,     -0.7686064523,     -0.7330563862,       2.506035399,     -0.4884066637,       4.408424407
          0,           0,        2955,      -2.895956495,     -0.7825614309,     -0.7440344386,       2.496338289,     -0.4883179974,       4.319490927
          0,           0,        2956,      -2.893424159,      -0.770958396,     -0.7506047562,       2.499832298,     -0.4882599199,       4.327969449
          0,           0,        2957,      -2.868204847,     -0.7498064937,     -0.7718456455,       2.525308218,     -0.4881977781,       4.486656286
          0,           0,        2958,      -2.879254233,     -0.7365260511,     -0.7139287014,       2.514269503,     -0.4881499728,        4.61503593
          0,           0,        2959,      -2.883166153,     -0.7314646358,      -0.732777692,        2.50963716,     -0.4881086737,       4.555943652
          0,           0,        2960,      -2.880428424,     -0.7113605058,     -0.7395119776,        2.51419281,     -0.4880648081,       4.468154214
          0,           0,        2961,      -2.863377886,     -0.7149258545,     -0.7369784842,       2.530712147,     -0.4880272787,       4.541468464
          0,           0,        2962,      -2.875875907,     -0.7006311117,     -0.7343889868,       2.516909309,     -0.4879822198,       4.529523505
          0,           0,        2963,       -2.85708886,      -0.720391255,     -0.7519525038,       2.536766169,     -0.4879399105,       4.377892457
          0,           0,        2964,      -2.883928904,     -0.7449327549,       -0.76500514,       2.508865868,     -0.4879110337,       4.393192004
          0,           0,        2965,      -2.861556758,     -0.7511075256,      -0.787958147,       2.533621248,     -0.4878978319,       4.318700456
          0,           0,        2966,      -2.873099156,     -0.7554157563,     -0.7731630129,       2.519478092,     -0.4878839434,       4.497660438
          0,           0,        2967,      -2.864982724,     -0.7721612647,     -0.7653237381,       2.529035061,      -0.487885338,       4.583863578
          0,           0,        2968,        -2.8822574,     -0.7233161712,     -0.7223072577,       2.509794909,     -0.4879005165,       4.435453292
          0,           0,        2969,      -2.878266272,     -0.7442991741,     -0.7430986114,       2.515965645,     -0.4879124108,       4.272631789
          0,           0,        2970,      -2.854895354,     -0.6831422154,      -0.686574156,       2.538464473,     -0.4879190962,       4.509957127
          0,           0,        2971,      -2.876254515,      -0.723334854,     -0.7266064353,       2.517989034,     -0.4879476029,       4.531181249
          0,           0,        2972,      -2.868296828,     -0.6998587706,     -0.7075666251,       2.524508676,      -0.487965377,       4.393081065
          0,           0,        2973,      -2.896692254,     -0.7243396292,      -0.720543728,       2.496438475,     -0.4879755373,       4.314726788
          0,           0,        2974,      -2.859217587,     -0.7189352836,     -0.7342062218,       2.535322191,     -0.4879996026,       4.342936886
          0,           0,        2975,      -2.889103039,     -0.7097247019,     -0.6991377986,       2.502647076,     -0.4880212569,       4.503244484
          0,           0,        2976,       -2.86998049,     -0.7652725897,     -0.7640159084,       2.523393092,      -0.488036463,       4.575589833
          0,           0,        2977,      -2.883690315,     -0.7362229463,     -0.7227752951,       2.508530856,     -0.4880380734,       4.373818684
          0,           0,        2978,      -2.896568861,     -0.7385089832,     -0.7063810831,       2.497402796,     -0.4880606744,       4.434579453
          0,           0,        2979,      -2.870410591,     -0.7094681127,     -0.7173947025,         2.5227657,     -0.4880797194,       4.555545278
          0,           0,        2980,      -2.888842009,     -0.7128464518,     -0.6972637607,       2.504241415,     -0.4881259652,       4.566825792
          0,           0,        2981,      -2.864840787,     -0.7093407171,     -0.6989212039,       2.528034101,     -0.4881686662,       4.387398909
          0,           0,        2982,       -2.89567987,     -0.7178191422,     -0.7023188009,       2.496738794,     -0.4881908437,       4.345382633
          0,           0,        2983,      -2.880452109,     -0.7106245607,     -0.7085947802,       2.514008418,     -0.4881915783,       4.349454289
          0,           0,        2984,      -2.883014947,     -0.6829536928,     -0.6960794652,       2.508922646,     -0.4881984099,        4.51386128
          0,           0,        2985,      -2.872506784,     -0.6947859054,       -0.72360977,         2.5221538,     -0.4882186886,       4.559041329
          0,           0,        2986,      -2.875820829,     -0.6887026755,     -0.6951303491,       2.517048202,     -0.4882394756,       4.254037579
          0,           0,        2987,      -2.875032714,     -0.7384421123,     -0.7472918395,       2.519306903,     -0.4882757381,       4.382345298
          0,           0,        2988,      -2.856716076,     -0.6888725427,     -0.6963436757,       2.537050742,     -0.4883072846,       4.495015773
          0,           0,        2989,        -2.8721195,     -0.7373656443,     -0.7290375984,       2.522933254,     -0.4883337915,       4.410485131
          0,           0,        2990,      -2.866915902,     -0.7255704234,     -0.7372056973,       2.527519878,      -0.488327446,       4.354398898
          0,           0,        2991,      -2.883833816,     -0.7707121272,     -0.7543211152,        2.51015693,     -0.4883175025,       4.318441926
          0,           0,        2992,      -2.870043326,     -0.7354132675,     -0.7560651567,       2.523867637,     -0.4883033579,       4.412838708
          0,           0,        2993,      -2.883175033,     -0.7444463336,     -0.7391455024,       2.509333954,     -0.4882747573,       4.580067188
          0,           0,        2994,      -2.867055403,     -0.7344467774,     -0.7552604704,        2.52806535,     -0.4882485441,       4.473244439
          0,           0,        2995,      -2.873571502,     -0.7202659184,     -0.7438083913,       2.519700159,     -0.4881954565,       4.233934369
          0,           0,        2996,      -2.861926201,     -0.7241148754,     -0.7263222416,       2.533366536,     -0.4881628795,       4.488271509
          0,           0,        2997,       -2.87193392,     -0.7012433145,     -0.7166455806,       2.521534383,     -0.4881389591,       4.560903687
          0,           0,        2998,      -2.878389583,      -0.745085035,     -0.7150336519,       2.514416924,     -0.4881102858,       4.440116177
          0,           0,        2999,      -2.860179174,     -0.7176718254,     -0.7000194088,       2.533624813,     -0.4881012855,        4.42542968
          0,           0,        3000,      -2.868778017,     -0.7524575746,     -0.7403327129,       2.525592198,     -0.4880725566,        4.41251651
          0,           0,        3001,      -2.859928394,     -0.7542305645,     -0.7405145142,       2.533638004,     -0.4880282887,       4.407492727
          0,           0,        3002,      -2.876328304,     -0.7698890693,     -0.7531051725,       2.516083342,     -0.4879781202,       4.544265604
          0,           0,        3003,      -2.871650145,     -0.7704753483,     -0.7602682574,       2.522869736,     -0.4879088873,       4.495010033
          0,           0,        3004,        -2.8806505,     -0.7272639247,     -0.7187675454,       2.513539165,     -0.4878331701,       4.268623522
          0,           0,        3005,      -2.881900496,     -0.7622254092,     -0.7498799134,       2.511997436,     -0.4877560902,       4.477798658
          0,           0,        3006,      -2.866626542,     -0.7172135572,     -0.7027009617,       2.527354259,     -0.4876746485,       4.546516489
          0,           0,        3007,      -2.869266994,     -0.7646142273,     -0.7424628681,       2.524385685,     -0.4876125162,       4.411738155
          0,           0,        3008,       -2.86909932,       -0.69279155,     -0.7219854002,        2.52471193,      -0.487536849,       4.275292936
          0,           0,        3009,      -2.869467006,     -0.7115197136,     -0.7309918501,       2.523992912,     -0.4874579174,       4.301232372
          0,           0,        3010,      -2.860112933,     -0.7077832978,     -0.7323353783,       2.534000014,     -0.4873590707,        4.43597465
          0,           0,        3011,      -2.865409302,      -0.694325781,     -0.7140151774,       2.527557612,     -0.4872657403,       4.570716268
          0,           0,        3012,      -2.874225109,     -0.6889208078,      -0.705238585,       2.519479482,      -0.487180225,       4.550800628
          0,           0,        3013,      -2.855857978,     -0.7040983655,       -0.69336745,       2.537810555,     -0.4870572213,        4.20264954
          0,           0,        3014,      -2.854293078,      -0.710047383,     -0.7177344396,       2.540739908,     -0.4869211763,       4.480030594
          0,           0,        3015,      -2.850741466,     -0.6893108786,     -0.7125197598,       2.543111574,     -0.4867883537,       4.551025447
          0,           0,        3016,      -2.865719403,     -0.7304108036,     -0.7147680541,       2.528716636,     -0.4866308241,       4.469584446
          0,           0,        3017,      -2.854748053,     -0.7042232843,     -0.7043110494,       2.539521251,     -0.4864916537,       4.410020947
          0,           0,        3018,      -2.879358431,     -0.7460146717,     -0.7411994574,       2.514793294,     -0.4863462203,       4.389887288
          0,           0,        3019,       -2.85333939,      -0.744709342,     -0.7662309264,       2.541112707,     -0.4861959422,       4.439024922
          0,           0,        3020,      -2.860172384,     -0.7339550358,      -0.713928096,       2.533291994,      -0.486043612,       4.524004036
          0,           0,        3021,      -2.861585199,     -0.7266796492,     -0.7161679449,       2.532721456,     -0.4858739564,       4.439943425
          0,           0,        3022,      -2.872803574,     -0.7404045014,     -0.7342936001,       2.520173495,     -0.4856937921,       4.243567898
          0,           0,        3023,      -2.855903689,     -0.7420106326,     -0.7259529755,        2.53908305,     -0.4855011273,        4.47603264
          0,           0,        3024,       -2.85442927,     -0.7445034552,     -0.7400294146,       2.539501013,     -0.4853163843,       4.533379384
          0,           0,        3025,      -2.869738223,     -0.7440373572,     -0.7358367665,       2.523828073,     -0.4851310725,       4.346443395
          0,           0,        3026,      -2.865935102,     -0.7151093229,     -0.7320782132,       2.528130318,     -0.4849364031,       4.330737974
          0,           0,        3027,      -2.870727691,     -0.7270024086,     -0.7455445222,       2.523338989,       -0.48474712,       4.304787559
          0,           0,        3028,      -2.856481485,     -0.7208765695,     -0.7517440708,       2.537723113,     -0.4845447753,       4.472800845
          0,           0,        3029,      -2.861643359,      -0.698347544,     -0.7147187392,       2.531061297,     -0.4843383874,       4.651274352
          0,           0,        3030,      -2.870807751,     -0.7128064259,     -0.7213631748,       2.523796832,     -0.4841250218,       4.522760232
          0,           0,        3031,      -2.873441549,     -0.7010212154,     -0.7146489735,       2.520089441,     -0.4839120158,        4.27821787
          0,           0,        3032,      -2.878933323,     -0.6759805375,     -0.7299905568,       2.514463151,     -0.4836897192,       4.504739486
          0,           0,        3033,      -2.869533137,     -0.6721903272,     -0.6854505382,       2.523689807,     -0.4834615174,       4.575978855
          0,           0,        3034,      -2.876256152,     -0.6856188771,     -0.6846986462,       2.517542942,     -0.4832222278,       4.492877289
          0,           0,        3035,      -2.886160853,     -0.6383980558,     -0.6643047722,       2.506747718,      -0.482966914,       4.386837545
          0,           0,        3036,      -2.896515815,      -0.687880081,     -0.6969010214,       2.495298671,     -0.4827029754,       4.326403459
          0,           0,        3037,      -2.868774368,     -0.6791363225,     -0.7055814971,        2.52493992,     -0.4824481076,       4.463412795
          0,           0,        3038,      -2.871609857,     -0.7110037566,     -0.7161180088,       2.520744482,      -0.482191954,        4.52645373
          0,           0,        3039,      -2.864881042,     -0.7156179928,     -0.7153569242,       2.528155916,     -0.4819336266,       4.475592799
          0,           0,        3040,       -2.84978547,     -0.7012597822,     -0.6962084091,       2.543715131,      -0.481665807,       4.236657849
          0,           0,        3041,      -2.840857474,     -0.7182404156,     -0.7397053081,       2.553977609,     -0.4813938263,       4.462066064
          0,           0,        3042,      -2.825396138,     -0.7095244749,      -0.718431468,       2.570426151,     -0.4811182653,       4.519742501
          0,           0,        3043,      -2.851938048,      -0.699465595,     -0.6911568713,       2.541991029,     -0.4808437933,       4.372945502
          0,           0,        3044,      -2.851933792,     -0.6886659391,     -0.6776381757,       2.542958947,      -0.480574925,       4.447212668
          0,           0,        3045,      -2.850981522,     -0.7015804684,     -0.7062206664,       2.543644133,     -0.4802995344,       4.375301044
          0,           0,        3046,      -2.837154862,     -0.6808898277,      -0.704664044,       2.558493551,     -0.4800332614,       4.497111644
          0,           0,        3047,      -2.850643849,     -0.6441221518,     -0.6552622055,       2.542448711,     -0.4797728826,        4.67205638
          0,           0,        3048,      -2.859559251,      -0.680629568,     -0.6754378521,       2.535557243,     -0.4795010385,       4.609547037
          0,           0,        3049,      -2.865738138,     -0.6923287259,     -0.6995419303,       2.527992796,     -0.4792371514,       4.367141351
          0,           0,        3050,       -2.87812847,     -0.7096940998,      -0.713095584,       2.515775073,     -0.4789774265,       4.533990663
          0,           0,        3051,      -2.855530522,     -0.6724953421,     -0.6796920644,       2.537563413,        -0.4787204,       4.589000907
          0,           0,        3052,      -2.883790105,     -0.6956979209,      -0.687707556,        2.50922942,     -0.4784639547,       4.514093922
          0,           0,        3053,      -2.881017271,     -0.6806404449,       -0.68333511,       2.512246091,     -0.4782021733,       4.381623102
          0,           0,        3054,      -2.914382874,     -0.6982368185,     -0.6747722377,       2.477755499,     -0.4779459593,       4.339836632
          0,           0,        3055,      -2.876055724,     -0.7035801738,     -0.7078434705,       2.517633933,     -0.4776891658,       4.388802943
          0,           0,        3056,      -2.881610018,     -0.7117131528,     -0.7024814903,       2.511172827,     -0.4774351092,       4.496285219
          0,           0,        3057,      -2.892854233,     -0.6869912716,     -0.7098332628,       2.498920168,     -0.4771925924,       4.507864606
          0,           0,        3058,      -2.878278193,     -0.7051509995,     -0.7002369274,       2.514232946,     -0.4769672835,       4.214876683
          0,           0,        3059,      -2.859624437,     -0.6873378521,     -0.7252865508,       2.534370476,     -0.4767416625,       4.419454127
          0,           0,        3060,      -2.841883565,     -0.7056915557,     -0.7352698389,       2.552632958,     -0.4765231911,       4.492275735
          0,           0,        3061,       -2.85183597,     -0.6712486057,     -0.7122726528,        2.54161607,     -0.4763049891,       4.397689566
          0,           0,        3062,       -2.85762513,     -0.7128634462,     -0.7188246572,       2.536131504,     -0.4760969165,       4.324927925
          0,           0,        3063,      -2.857048763,     -0.7653230677,     -0.7373587161,       2.537675126,     -0.4759019733,       4.289231481
          0,           0,        3064,      -2.845069827,     -0.7054807166,     -0.7245921859,       2.548026684,     -0.4757105632,       4.499210122
          0,           0,        3065,       -2.85755191,     -0.7348674563,     -0.7371913772,       2.536327829,     -0.4755356915,       4.605494148
          0,           0,        3066,      -2.855278585,     -0.6825895812,     -0.6883859999,       2.538040069,     -0.4753651697,       4.538707293
          0,           0,        3067,       -2.86726502,     -0.7141073066,      -0.702936658,       2.526437688,     -0.4752084232,       4.312631998
          0,           0,        3068,      -2.855235256,     -0.6577248685,     -0.6973993427,       2.538323068,     -0.4750569904,       4.531827626
          0,           0,        3069,      -2.869902986,     -0.6618672546,     -0.6995578284,       2.523370979,     -0.4749199585,       4.567346007
          0,           0,        3070,      -2.864656693,     -0.6656137207,     -0.6932896839,       2.528185422,     -0.4747876806,       4.406992685
          0,           0,        3071,      -2.882591749,     -0.6488962972,     -0.6841554999,       2.510147515,     -0.4746596521,       4.331655996
          0,           0,        3072,      -2.883599228,     -0.6818107487,     -0.7062007647,       2.510479068,      -0.474542258,       4.333574874
          0,           0,        3073,      -2.874051861,     -0.6436390411,     -0.6624277424,       2.518908152,     -0.4744369628,       4.474112802
          0,           0,        3074,      -2.886117961,     -0.6766451912,     -0.7106056893,       2.507815832,     -0.4743319191,       4.534393634
          0,           0,        3075,      -2.883720368,     -0.6564784458,     -0.6793356844,       2.508465498,     -0.4742300366,       4.362265607
          0,           0,        3076,      -2.901965128,     -0.7369867963,     -0.7358003757,       2.490885948,     -0.4741441478,       4.350429891
          0,           0,        3077,      -2.886325306,     -0.7157383617,     -0.7261483561,       2.505785416,     -0.4740671202,       4.514352687
          0,           0,        3078,      -2.883851549,      -0.753152565,     -0.7537641711,        2.50996278,     -0.4739940155,       4.488443629
          0,           0,        3079,      -2.889604817,     -0.7483690954,     -0.7375759383,        2.50272614,     -0.4739249003,       4.380330551
          0,           0,        3080,      -2.885594617,     -0.7626613095,     -0.7316848481,        2.50752083,      -0.473869473,        4.31571168
          0,           0,        3081,      -2.881200017,     -0.7316186926,     -0.7528883095,       2.511199042,     -0.4738256949,       4.535381621
          0,           0,        3082,      -2.885532136,      -0.742844519,     -0.7546503573,       2.507105114,     -0.4737742649,       4.608688372
          0,           0,        3083,      -2.866530529,     -0.6981965475,     -0.7464878584,       2.526939806,     -0.4737483489,       4.605224959
          0,           0,        3084,      -2.885033533,     -0.7330596072,     -0.7533764753,       2.506507895,     -0.4737214881,       4.262842632
          0,           0,        3085,      -2.858435024,     -0.7407567439,     -0.7419696917,       2.535626045,     -0.4737061699,       4.464624899
          0,           0,        3086,      -2.865205751,     -0.7252980791,     -0.7276100255,       2.527412479,     -0.4737171202,       4.564977503
          0,           0,        3087,      -2.872319994,     -0.7612731953,     -0.7337730793,       2.521369071,     -0.4737435109,       4.471623973
          0,           0,        3088,      -2.867456203,     -0.7421345124,      -0.762179317,       2.526028543,     -0.4737939634,         4.3705366
          0,           0,        3089,      -2.883127311,     -0.7308857657,      -0.749699687,       2.509759212,     -0.4738517317,       4.311721006
          0,           0,        3090,      -2.865441477,     -0.7289372087,     -0.7461044438,       2.527718176,     -0.4739103292,       4.367317417
          0,           0,        3091,      -2.863953979,     -0.6735658122,     -0.7173130483,       2.527536102,     -0.4739781942,       4.518880519
          0,           0,        3092,      -2.865715658,     -0.7139947448,     -0.7606364889,       2.528322983,     -0.4740592231,       4.509489251
          0,           0,        3093,      -2.874377049,     -0.6385172664,     -0.7068860172,       2.518389885,     -0.4741454318,       4.491406442
          0,           0,        3094,      -2.872454224,     -0.6893389223,     -0.7304645202,         2.5217216,     -0.4742440734,       4.568000885
          0,           0,        3095,      -2.856260595,     -0.6727202755,       -0.72464328,        2.53753409,     -0.4743453162,       4.567641042
          0,           0,        3096,      -2.885952724,      -0.662650583,      -0.700800282,         2.5075993,     -0.4744481351,       4.416490475
          0,           0,        3097,       -2.87268484,     -0.6649790208,     -0.6912531939,       2.522506861,     -0.4745564475,       4.303392888
          0,           0,        3098,      -2.890108789,     -0.6794866601,     -0.6985293041,       2.504611213,     -0.4746858385,       4.295905846
          0,           0,        3099,      -2.878148894,      -0.717292646,     -0.7052709262,       2.515641943,      -0.474821963,       4.412083196
          0,           0,        3100,      -2.876037403,     -0.6952055262,     -0.7021526687,       2.516753182,      -0.474974939,       4.573318033
          0,           0,        3101,      -2.879468557,     -0.7568356581,     -0.7466299198,       2.514654528,     -0.4751396515,       4.527678887
          0,           0,        3102,      -2.882897847,     -0.7060642684,     -0.6892236208,       2.509408651,     -0.4753114899,       4.297396874
          0,           0,        3103,      -2.876731731,     -0.7673292404,      -0.744402535,       2.517000371,     -0.4754905145,       4.500930117
          0,           0,        3104,       -2.85889327,     -0.7128924092,     -0.7356668947,       2.534874435,     -0.4756757087,       4.544972528
          0,           0,        3105,      -2.872896084,     -0.7388350698,     -0.7343268641,       2.519651025,     -0.4758978636,       4.404923116
          0,           0,        3106,      -2.863878714,     -0.7254892582,     -0.7402668143,       2.529538208,     -0.4761343339,       4.372356833
          0,           0,        3107,      -2.863866864,     -0.7325672272,     -0.7236006557,       2.531106837,     -0.4763815999,       4.312338508
          0,           0,        3108,      -2.865637569,      -0.722142988,     -0.7467329937,       2.527483198,     -0.4766344054,       4.491844018
          0,           0,        3109,      -2.869895153,     -0.7311221537,     -0.7317218597,       2.524241302,     -0.4769149768,       4.605548927
          0,           0,        3110,      -2.870326191,     -0.7145383551,     -0.7344177422,       2.523055632,     -0.4771925152,       4.522166727
          0,           0,        3111,      -2.884283249,     -0.7544423703,     -0.7624728622,       2.509031764,     -0.4774868621,       4.369150394
          0,           0,        3112,      -2.866026163,      -0.754985641,     -0.7384326556,       2.527451342,     -0.4777923422,       4.530134801
          0,           0,        3113,      -2.867331151,     -0.7578966339,     -0.7694338732,       2.526252399,     -0.4780969648,       4.554248616
          0,           0,        3114,      -2.881485633,     -0.7429727752,     -0.7237454855,       2.510707146,     -0.4784059645,       4.367578415
          0,           0,        3115,      -2.885675164,     -0.7189372624,     -0.7324152742,       2.507096121,     -0.4787229636,        4.36898234
          0,           0,        3116,      -2.877533498,      -0.723892849,     -0.6903293078,       2.516621791,     -0.4790363042,        4.41317476
          0,           0,        3117,      -2.864470383,     -0.7200135551,     -0.7371792186,       2.529206583,      -0.479360151,       4.527529115
          0,           0,        3118,       -2.87085084,     -0.7314549131,     -0.7531305134,       2.523775726,     -0.4796950714,       4.605950567
          0,           0,        3119,      -2.875535148,     -0.6724122258,     -0.6697459621,       2.517469784,     -0.4800320648,        4.46850688
          0,           0,        3120,      -2.895487925,     -0.7252812253,     -0.7316641108,       2.497772269,     -0.4803763409,       4.313843138
          0,           0,        3121,      -2.870733109,     -0.7019720004,     -0.7218093128,        2.52289683,     -0.4807294029,       4.488189652
          0,           0,        3122,      -2.895591445,       -0.73273036,     -0.7275818167,       2.496819391,     -0.4810963071,       4.523280195
          0,           0,        3123,       -2.86697747,     -0.6919306032,     -0.7227722208,       2.527229482,     -0.4814735329,       4.446227586
          0,           0,        3124,       -2.90016791,     -0.7202532243,     -0.7344957898,         2.4932573,     -0.4818523581,       4.433424107
          0,           0,        3125,      -2.879635387,     -0.7249246133,     -0.7374956857,       2.514933358,     -0.4822401152,       4.346329969
          0,           0,        3126,      -2.900398729,     -0.7025156769,     -0.7321241061,       2.490861174,     -0.4826365408,       4.452396951
          0,           0,        3127,      -2.872750899,     -0.7381132555,     -0.7713162757,       2.521174111,     -0.4830418682,       4.541261039
          0,           0,        3128,      -2.876302208,     -0.7317902941,      -0.754940324,       2.515846509,      -0.483450131,       4.290371779
          0,           0,        3129,       -2.86770408,     -0.7304187597,     -0.7677559471,       2.526113813,     -0.4838679976,       4.348469151
          0,           0,        3130,      -2.863140973,     -0.7281259787,     -0.7436754858,       2.529348983,      -0.484294542,       4.533158468
          0,           0,        3131,       -2.86532285,     -0.7463732515,     -0.7459855998,       2.529521724,     -0.4847254466,       4.434806123
          0,           0,        3132,      -2.859754081,     -0.7454282327,     -0.7597002545,       2.534077934,     -0.4851583485,        4.32389269
          0,           0,        3133,      -2.890412453,     -0.7729643866,     -0.7499772756,       2.503268742,      -0.485602436,       4.238930986
          0,           0,        3134,      -2.871930192,     -0.7569247463,     -0.7502632207,       2.521324166,     -0.4860514126,       4.426771167
          0,           0,        3135,      -2.877642593,      -0.736134982,     -0.7245758421,       2.514916384,     -0.4865181534,       4.623264919
          0,           0,        3136,      -2.869215394,     -0.7690712573,     -0.7548444947,       2.524871688,     -0.4869921421,       4.601569736
          0,           0,        3137,      -2.882254348,     -0.7238174551,     -0.7137883234,       2.509534458,     -0.4874765009,       4.247770609
          0,           0,        3138,      -2.882111707,     -0.7562620907,     -0.7576704675,       2.511126482,     -0.4879675019,       4.437487736
          0,           0,        3139,      -2.877179314,     -0.7168782429,     -0.7299776666,       2.514321772,     -0.4884562619,       4.564712589
          0,           0,        3140,      -2.876237423,     -0.7391425788,     -0.7369658916,       2.516413503,     -0.4889640161,       4.518982298
          0,           0,        3141,      -2.861600387,     -0.6625912175,     -0.7047491796,        2.53119676,     -0.4894791495,       4.389972452
          0,           0,        3142,      -2.890611534,     -0.6792280489,     -0.6911114353,       2.501733651,     -0.4899840872,       4.291270046
          0,           0,        3143,      -2.866704792,     -0.6771101186,      -0.719434611,       2.527912795,     -0.4904895389,       4.401377235
          0,           0,        3144,      -2.873423679,      -0.686748293,     -0.7129824917,       2.518302288,     -0.4909838644,       4.590421632
          0,           0,        3145,      -2.860932067,     -0.6954348577,     -0.6818872585,        2.53462619,     -0.4914779804,       4.600287155
          0,           0,        3146,      -2.872977784,     -0.6864193349,     -0.6906018414,        2.51904405,     -0.4919629234,       4.344183552
          0,           0,        3147,      -2.875222347,     -0.7531048586,     -0.7468397505,       2.519175912,     -0.4924454238,       4.407179187
          0,           0,        3148,      -2.860414099,     -0.7155694124,     -0.7149420764,       2.533093697,     -0.4929188845,       4.489458296
          0,           0,        3149,      -2.880460324,     -0.7276710819,     -0.6888093178,       2.513270652,     -0.4933908474,       4.465146844
          0,           0,        3150,      -2.871554681,      -0.699581362,     -0.7069354225,       2.521303015,     -0.4938433294,       4.414856566
          0,           0,        3151,      -2.884629982,     -0.7085087975,     -0.7102974776,       2.507940903,     -0.4942736006,       4.369072286
          0,           0,        3152,      -2.871935447,     -0.7180472841,     -0.7244375674,       2.523003606,     -0.4946882217,       4.321790535
          0,           0,        3153,       -2.86916163,     -0.6796390633,     -0.6959626123,       2.523910049,     -0.4950944402,       4.580467628
          0,           0,        3154,      -2.869391027,     -0.6827932573,     -0.6744214856,       2.526029699,     -0.4954851552,       4.609438717
          0,           0,        3155,      -2.862912665,     -0.6694869552,      -0.684964351,       2.530813173,     -0.4958560267,       4.332962341
          0,           0,        3156,      -2.881584456,     -0.7092709059,     -0.7101702046,       2.513515934,     -0.4962092689,       4.425064607
          0,           0,        3157,      -2.854405728,      -0.698312523,      -0.716965027,       2.540331421,     -0.4965577317,       4.547070806
          0,           0,        3158,      -2.884328093,     -0.7283111669,      -0.695826196,       2.508784853,     -0.4968880965,       4.561459896
          0,           0,        3159,      -2.859279686,     -0.6949330597,     -0.6846113376,        2.53476165,     -0.4972028718,       4.358995477
          0,           0,        3160,      -2.883713116,     -0.7263288354,      -0.720481747,       2.510074885,     -0.4975090271,       4.401742449
          0,           0,        3161,      -2.856372658,     -0.7347898617,     -0.7363912162,       2.538289018,     -0.4977958567,       4.371871544
          0,           0,        3162,      -2.881906597,     -0.7057524336,      -0.700076135,       2.509872404,      -0.498062716,       4.481496707
          0,           0,        3163,      -2.864569124,     -0.6952339721,     -0.7208441355,       2.530205867,     -0.4983123908,       4.539143307
          0,           0,        3164,      -2.864521707,     -0.6720728754,     -0.7204081857,       2.529301857,      -0.498538955,       4.320515208
          0,           0,        3165,      -2.862713614,     -0.7288955049,     -0.7264735452,       2.533235454,     -0.4987391099,       4.420090581
          0,           0,        3166,      -2.860263091,     -0.6601209561,     -0.6949035388,       2.533152682,     -0.4989207796,       4.516989204
          0,           0,        3167,      -2.876429862,     -0.6982098305,     -0.7202374534,       2.518753797,     -0.4990814013,       4.416356653
          0,           0,        3168,      -2.868512625,      -0.687312715,     -0.7384224209,       2.525266085,      -0.499218739,       4.296906392
          0,           0,        3169,      -2.898689889,     -0.7251382387,     -0.7184400062,       2.494631687,     -0.4993287941,       4.257846858
          0,           0,        3170,      -2.872722179,     -0.7117364952,     -0.7399471294,       2.520546604,     -0.4994158223,       4.366502659
          0,           0,        3171,      -2.890315078,     -0.7127279677,     -0.7206564119,        2.50174007,     -0.4994899154,       4.489653657
          0,           0,        3172,      -2.889038568,      -0.708854466,     -0.7380576352,       2.503421717,     -0.4995400878,       4.425737126
          0,           0,        3173,      -2.884350658,     -0.6889127803,     -0.6974144905,       2.508407722,     -0.4995626878,       4.272438687
          0,           0,        3174,      -2.872191437,     -0.7222465676,     -0.7375083622,       2.522131501,     -0.4995672545,       4.508439684
          0,           0,        3175,      -2.863818422,     -0.6923326145,     -0.7380219842,       2.530982789,     -0.4995493012,        4.54875032
          0,           0,        3176,      -2.880753379,      -0.688477512,      -0.713261946,       2.512525502,     -0.4995151407,       4.383260508
          0,           0,        3177,      -2.876972289,     -0.6957159987,     -0.7211881645,       2.516389046,     -0.4994520972,       4.352825317
          0,           0,        3178,      -2.873282496,     -0.7065531843,     -0.7425065642,       2.521106611,      -0.499367894,        4.31499945
          0,           0,        3179,      -2.855159104,     -0.7131705442,     -0.7478129496,       2.539481821,     -0.4992625136,       4.557666166
          0,           0,        3180,      -2.880808923,     -0.7260617318,     -0.7233789168,       2.512011409,     -0.4991379716,       4.643558472
          0,           0,        3181,      -2.870595697,     -0.7050909005,     -0.7371936534,       2.522660948,     -0.4989938524,        4.64209339
          0,           0,        3182,      -2.874973179,     -0.7097201038,     -0.7376985876,       2.518715326,     -0.4988376021,       4.258263841
          0,           0,        3183,      -2.871916724,      -0.747798785,     -0.7550419671,       2.522758928,     -0.4986618704,        4.53076799
          0,           0,        3184,      -2.871709031,     -0.7345993951,     -0.7553859702,       2.520920618,     -0.4984683268,       4.587477134
          0,           0,        3185,      -2.877648451,     -0.7361368032,     -0.7436801231,       2.515565556,     -0.4982460329,       4.433934126
          0,           0,        3186,       -2.86916381,     -0.7187249365,     -0.7527112763,       2.524246734,     -0.4980057402,       4.370435298
          0,           0,        3187,      -2.884608242,     -0.7372386029,     -0.7589109934,       2.508736324,     -0.4977480143,       4.351701078
          0,           0,        3188,      -2.864487481,     -0.7097487392,     -0.7570208607,       2.528842027,     -0.4974858518,       4.387917462
          0,           0,        3189,      -2.880276643,       -0.70171418,     -0.7277530346,       2.513076557,     -0.4972046605,       4.468465935
          0,           0,        3190,      -2.867619045,     -0.7246857882,     -0.7530858928,       2.526803415,     -0.4969005366,       4.309138048
          0,           0,        3191,      -2.879065573,     -0.7274510844,     -0.7280141761,        2.51478595,     -0.4965859612,       4.364510157
          0,           0,        3192,      -2.868577436,     -0.7174800388,     -0.7450613912,       2.526052211,     -0.4962598595,        4.52024994
          0,           0,        3193,      -2.875490657,     -0.7431300656,     -0.7511904033,        2.51872165,     -0.4959283012,       4.489842947
          0,           0,        3194,      -2.889865815,     -0.7542065827,     -0.7679736921,       2.504064461,     -0.4955764388,       4.336902248
          0,           0,        3195,      -2.888252468,     -0.7298483059,     -0.7419724144,       2.505318897,     -0.4952154264,       4.281665512
          0,           0,        3196,      -2.867233665,     -0.7557987945,     -0.7620975464,       2.526867516,     -0.4948452818,        4.36763086
          0,           0,        3197,      -2.875615687,      -0.722362651,     -0.7304179143,       2.517649436,       -0.49447717,       4.459588021
          0,           0,        3198,      -2.876452142,     -0.7217260698,     -0.7517809604,       2.516337575,     -0.4941044767,       4.527045951
          0,           0,        3199,      -2.869222616,     -0.7182046692,     -0.7317757617,       2.523731241,      -0.493733574,       4.146482585
          0,           0,        3200,      -2.855763954,     -0.7007648869,     -0.7452087998,       2.539335374,     -0.4933459995,       4.397168319
          0,           0,        3201,      -2.844656213,     -0.6751821966,     -0.7199574226,       2.549155704,      -0.492947598,       4.526986774
          0,           0,        3202,      -2.864964364,     -0.7099506181,     -0.7444060993,        2.53007614,     -0.4925431789,       4.482179801
          0,           0,        3203,      -2.865194167,     -0.6963000758,     -0.7274172861,       2.529356351,      -0.492133242,       4.337026624
          0,           0,        3204,      -2.882097334,      -0.740850532,     -0.7279350595,       2.511664094,     -0.4917150857,       4.268578881
          0,           0,        3205,       -2.85297847,     -0.7365145041,     -0.7586290081,       2.541339634,      -0.491308603,       4.450782549
          0,           0,        3206,      -2.870076102,     -0.7419861055,     -0.7395099523,       2.523848834,     -0.4908927748,       4.569911084
          0,           0,        3207,      -2.871207988,     -0.7573480628,     -0.7588117356,       2.523188593,     -0.4904853191,       4.563408606
          0,           0,        3208,       -2.85663725,     -0.7302962708,     -0.7258476001,        2.53712219,      -0.490078643,       4.266717692
          0,           0,        3209,      -2.851808328,     -0.7608370131,     -0.7595079088,         2.5436253,     -0.4896861897,          4.436901
          0,           0,        3210,      -2.852278803,     -0.6983966994,     -0.7274678713,       2.541607605,     -0.4892803152,       4.546225898
          0,           0,        3211,      -2.858958287,     -0.6969992388,     -0.7187603023,       2.536206464,     -0.4888826032,       4.478249112
          0,           0,        3212,      -2.869008195,      -0.681414806,     -0.7091086546,       2.525165591,     -0.4884944117,       4.353075313
          0,           0,        3213,      -2.880063435,     -0.6860747822,     -0.7036710621,       2.514111492,      -0.488111862,       4.317277578
          0,           0,        3214,      -2.851407231,     -0.6875745385,     -0.7237666566,       2.543865008,        -0.4877442,       4.414889332
          0,           0,        3215,      -2.878066705,     -0.6688314888,     -0.6688771489,       2.515017773,     -0.4873866064,        4.59199072
          0,           0,        3216,      -2.869902454,     -0.7246867416,     -0.7490923278,        2.52567061,     -0.4870353412,       4.571757237
          0,           0,        3217,      -2.870530828,     -0.6829606397,     -0.7029939007,       2.523252191,     -0.4866826233,       4.264924533
          0,           0,        3218,      -2.884996085,     -0.7611109771,     -0.7148529508,        2.50994838,     -0.4863299421,       4.450830203
          0,           0,        3219,      -2.877432102,     -0.7046105877,     -0.7097262335,       2.515394303,     -0.4859792355,       4.540791004
          0,           0,        3220,      -2.893997308,      -0.759232389,     -0.7351414948,       2.499301316,     -0.4856338539,       4.485388979
          0,           0,        3221,      -2.890909591,     -0.7169411162,     -0.7121023131,       2.501454382,     -0.4852986092,       4.386591339
          0,           0,        3222,      -2.894058376,     -0.7592053226,     -0.7329366124,       2.499163565,     -0.4849748873,       4.324856987
          0,           0,        3223,      -2.883167828,     -0.7372022471,     -0.7314071339,       2.509866074,     -0.4846617834,       4.387499776
          0,           0,        3224,      -2.884691268,     -0.7576768941,     -0.7173261179,       2.508311176,     -0.4843544446,       4.526422308
          0,           0,        3225,      -2.866109357,     -0.7346749103,     -0.7433532036,       2.527400481,     -0.4840540296,       4.545133729
          0,           0,        3226,      -2.876347142,     -0.7484483473,     -0.7282905465,       2.516390143,      -0.483770304,         4.3349692
          0,           0,        3227,      -2.854746439,       -0.74420921,     -0.7405084213,       2.539875623,     -0.4834957673,       4.489361475
          0,           0,        3228,      -2.856069312,     -0.7466036814,     -0.7468113861,       2.537981262,     -0.4832345669,         4.5026333
          0,           0,        3229,       -2.86919891,     -0.7866165296,     -0.7625420861,       2.524534134,     -0.4829845321,       4.343510184
          0,           0,        3230,      -2.856099632,     -0.7323447228,     -0.7558390126,        2.53834997,     -0.4827482207,       4.267499908
          0,           0,        3231,      -2.868717278,      -0.746241363,     -0.7547098148,        2.52597529,     -0.4825218032,       4.293709676
          0,           0,        3232,      -2.855138532,     -0.7255774379,     -0.7415722595,        2.53975214,      -0.482303988,       4.469158199
          0,           0,        3233,       -2.86583894,     -0.7053023853,     -0.7046930381,       2.527883127,     -0.4821006316,       4.575775878
          0,           0,        3234,      -2.867163057,     -0.6835942072,     -0.7072412539,       2.527252427,     -0.4819078408,       4.504627466
          0,           0,        3235,      -2.870808999,     -0.6893606574,     -0.7368874766,       2.523725163,       -0.48172643,       4.391387228
          0,           0,        3236,      -2.866767213,     -0.7072587274,     -0.7389166485,       2.528239619,     -0.4815621063,        4.53735772
          0,           0,        3237,      -2.859092288,      -0.676334744,     -0.6927312156,       2.534738787,     -0.4814071032,       4.566749876
          0,           0,        3238,      -2.874667776,     -0.6750649218,     -0.7003091532,       2.518958283,     -0.4812720256,       4.404716121
          0,           0,        3239,      -2.870003616,     -0.7039699289,     -0.7419292086,       2.523992427,     -0.4811530469,       4.387803908
          0,           0,        3240,      -2.868434526,     -0.7255517779,     -0.7142936243,       2.526787327,     -0.4810553124,       4.346106633
          0,           0,        3241,      -2.864716981,      -0.706884958,     -0.7172008571,       2.529513059,      -0.480974499,        4.46496929
          0,           0,        3242,      -2.863416044,     -0.7061853446,     -0.6894937759,       2.531001551,     -0.4809245609,       4.578580461
          0,           0,        3243,      -2.888089381,     -0.7008565131,     -0.6967939957,       2.505014972,     -0.4808708375,       4.515474129
          0,           0,        3244,      -2.864891041,     -0.6907339151,     -0.7029136007,       2.528777024,     -0.4808455015,       4.349113645
          0,           0,        3245,      -2.853183063,     -0.6893853187,     -0.6976648128,       2.541143279,     -0.4808197928,       4.528254894
          0,           0,        3246,      -2.855565054,     -0.7121105022,     -0.7031140537,       2.538650384,     -0.4808136628,       4.554311956
          0,           0,        3247,      -2.853300757,     -0.6577628044,     -0.6773920938,       2.540609577,     -0.4808284925,       4.396089246
          0,           0,        3248,      -2.862477604,     -0.6780683262,     -0.7008902607,       2.531484003,     -0.4808594838,       4.352850832
          0,           0,        3249,      -2.852202486,     -0.6873712776,     -0.7177353782,       2.543234547,     -0.4809168843,       4.325639923
          0,           0,        3250,      -2.855515236,     -0.6568330111,     -0.6792819825,       2.536960765,     -0.4809898503,       4.525465388
          0,           0,        3251,      -2.865289577,     -0.7361747406,     -0.7203278544,       2.529095147,     -0.4810793031,       4.594827429
          0,           0,        3252,      -2.864331505,     -0.7004874238,     -0.6994236353,       2.528363633,     -0.4811712806,       4.454722989
          0,           0,        3253,      -2.883767951,     -0.7795310776,     -0.7507767682,       2.509927708,     -0.4812709689,       4.367396967
          0,           0,        3254,      -2.859371433,     -0.7178927508,     -0.7211146562,       2.534163351,     -0.4813775818,       4.513697971
          0,           0,        3255,      -2.882202294,     -0.7660356836,     -0.7439852101,       2.511138426,     -0.4814961485,       4.542539389
          0,           0,        3256,      -2.870974506,     -0.7142225755,     -0.7166974833,       2.521696471,     -0.4816248667,       4.379328147
          0,           0,        3257,      -2.898777287,     -0.6928348394,     -0.7092564715,       2.493517447,     -0.4817647506,       4.348491817
          0,           0,        3258,      -2.873233197,     -0.7117939554,     -0.7436557899,       2.520533255,     -0.4819081345,       4.328819085
          0,           0,        3259,      -2.881490408,     -0.6552492564,     -0.6965387807,       2.510194879,     -0.4820614137,       4.499050771
          0,           0,        3260,       -2.86363163,     -0.6658201459,      -0.731844912,       2.531164555,     -0.4822282034,       4.570392013
          0,           0,        3261,      -2.885892764,     -0.6562234485,     -0.6891329832,       2.506823375,     -0.4824048619,       4.321263214
          0,           0,        3262,      -2.880736141,     -0.6620860856,     -0.7061658027,       2.513023824,     -0.4825844306,       4.452751592
          0,           0,        3263,      -2.861311045,     -0.6614227646,     -0.6959167656,        2.53267342,     -0.4827790672,       4.555565575
          0,           0,        3264,      -2.868599115,      -0.683755427,     -0.7130318987,       2.525662236,     -0.4829721841,       4.510055484
          0,           0,        3265,      -2.873459169,     -0.6678781358,      -0.702396464,       2.521660399,     -0.4831832178,       4.354688434
          0,           0,        3266,      -2.880670206,     -0.6807311912,     -0.6921965501,        2.51341406,     -0.4834038357,       4.218635339
          0,           0,        3267,      -2.867714828,     -0.6939858087,     -0.7169885243,       2.526828562,     -0.4836344871,       4.410195174
          0,           0,        3268,      -2.867893976,     -0.6757202916,     -0.6878992588,       2.525191581,     -0.4838657067,       4.593280738
          0,           0,        3269,      -2.862556553,     -0.7284022812,     -0.7114626933,       2.532239239,     -0.4840949175,       4.538195498
          0,           0,        3270,      -2.865615632,     -0.7005670797,     -0.6881989613,       2.527923856,       -0.48432445,       4.246059207
          0,           0,        3271,      -2.859081941,     -0.6845736752,      -0.699600094,       2.535117923,     -0.4845595848,       4.489936505
          0,           0,        3272,      -2.849314184,       -0.69055195,     -0.7030127078,       2.545204419,     -0.4848002741,       4.552971233
          0,           0,        3273,      -2.857947719,     -0.6811862306,     -0.7022500391,       2.536534593,     -0.4850432492,       4.395427287
          0,           0,        3274,      -2.856593764,     -0.6857791504,      -0.682602759,        2.53773784,      -0.485293742,       4.397456715
          0,           0,        3275,       -2.85722177,     -0.6964772619,     -0.6932139833,       2.536742966,     -0.4855542793,       4.336208349
          0,           0,        3276,      -2.834571803,     -0.6931316971,     -0.7124979437,       2.560483351,     -0.4858212339,       4.465959433
          0,           0,        3277,      -2.857186902,     -0.6938679691,     -0.7060203613,       2.535161708,     -0.4860961811,       4.621789518
          0,           0,        3278,      -2.861446709,     -0.7163565997,     -0.7180279958,        2.53340691,     -0.4863757644,       4.538665682
          0,           0,        3279,      -2.869003525,     -0.6960126098,     -0.7021657075,       2.524782897,     -0.4866617058,       4.393714784
          0,           0,        3280,      -2.879073766,       -0.74369254,      -0.730118419,       2.514537186,     -0.4869515594,        4.57877857
          0,           0,        3281,      -2.852110288,     -0.7146587484,     -0.7402620962,       2.541849727,     -0.4872470232,       4.604363313
          0,           0,        3282,      -2.886976131,     -0.7222847832,     -0.7087415874,       2.504550842,     -0.4875518161,       4.403664674
          0,           0,        3283,       -2.87083655,     -0.6959884835,     -0.7239954451,       2.522607064,     -0.4878607478,       4.334122666
          0,           0,        3284,      -2.899032649,     -0.7082182043,     -0.7090384462,       2.493542406,      -0.488176778,       4.345905367
          0,           0,        3285,      -2.871596707,     -0.7120079678,     -0.7399267388,       2.521450599,     -0.4884916316,       4.397900058
          0,           0,        3286,       -2.86921027,     -0.6846704012,     -0.7027737475,       2.523766602,     -0.4887997165,        4.53242712
          0,           0,        3287,      -2.868533966,     -0.7182801039,     -0.7279516371,       2.525539387,     -0.4891125837,       4.394359333
          0,           0,        3288,      -2.873081097,     -0.7371478256,     -0.7626132098,       2.519925555,     -0.4894212878,       4.291569327
          0,           0,        3289,       -2.86423031,      -0.719111576,     -0.7245818305,       2.529616074,     -0.4897286095,       4.458394127
          0,           0,        3290,      -2.864400332,     -0.7336147613,     -0.7739771498,        2.52913371,     -0.4900358904,       4.493268088
          0,           0,        3291,        -2.8715169,     -0.7342639096,     -0.7196872167,       2.521091185,     -0.4903297433,       4.368837114
          0,           0,        3292,      -2.866738404,     -0.7440718701,     -0.7368980889,       2.526877938,     -0.4906274201,       4.306793296
          0,           0,        3293,      -2.863781026,     -0.7453434107,     -0.7198491332,       2.531134237,      -0.490923072,       4.249094068
          0,           0,        3294,      -2.861448553,     -0.6957479016,     -0.7175347585,       2.531748958,     -0.4912151681,       4.505659806
          0,           0,        3295,      -2.846965121,     -0.7124367833,     -0.7171356541,       2.548254036,     -0.4915216143,       4.593970913
          0,           0,        3296,      -2.852383467,     -0.6846038409,     -0.6891540867,       2.541938402,     -0.4918037853,       4.471919936
          0,           0,        3297,       -2.85827924,     -0.7139532538,     -0.6938271968,       2.536256277,     -0.4920984217,        4.36106389
          0,           0,        3298,      -2.838623031,       -0.71313711,     -0.7060640646,       2.555171375,     -0.4923856644,       4.545268075
          0,           0,        3299,      -2.847439887,     -0.7361131368,     -0.7202652959,       2.547470076,     -0.4926701218,       4.572190697
          0,           0,        3300,      -2.853533721,     -0.6983468241,     -0.6862757178,        2.54009108,     -0.4929518767,       4.425321855
          0,           0,        3301,      -2.875136042,     -0.7235302646,     -0.7105633875,       2.518017839,     -0.4932299186,       4.266949761
          0,           0,        3302,      -2.863777402,     -0.7217573353,     -0.7202729324,        2.53143158,     -0.4935036814,       4.397176089
          0,           0,        3303,      -2.871794596,     -0.6927619315,     -0.6932364602,       2.521513727,     -0.4937709279,       4.548966777
          0,           0,        3304,       -2.87726247,     -0.7093410723,     -0.7113958138,       2.516227307,     -0.4940215709,       4.612862709
          0,           0,        3305,      -2.874593885,      -0.677595655,      -0.677786218,       2.518733685,     -0.4942702011,       4.387122184
          0,           0,        3306,      -2.886247107,     -0.7299898732,     -0.7394551096,       2.507796845,      -0.494499927,       4.495711745
          0,           0,        3307,      -2.863776686,     -0.6666272556,     -0.6734953586,       2.530371127,     -0.4947233164,       4.556917825
          0,           0,        3308,      -2.896962761,     -0.6680589214,     -0.6734732482,       2.495446046,     -0.4949345141,       4.569115619
          0,           0,        3309,      -2.875453116,     -0.6551016941,     -0.6770566593,       2.518365693,     -0.4951336558,       4.403047674
          0,           0,        3310,      -2.887035633,     -0.6755288405,     -0.7044026554,       2.505508054,     -0.4953379481,         4.3748366
          0,           0,        3311,      -2.880680916,     -0.6780013725,     -0.7167930394,        2.51354854,     -0.4955260078,       4.308905459
          0,           0,        3312,       -2.88031381,     -0.7071708882,     -0.7088887173,       2.511322227,     -0.4957052783,       4.463025984
          0,           0,        3313,      -2.860539337,     -0.7401345507,     -0.7613223822,        2.53395621,     -0.4958861348,       4.518098524
          0,           0,        3314,      -2.882412083,     -0.7244306586,     -0.7161313332,       2.509382134,     -0.4960342108,       4.238564199
          0,           0,        3315,      -2.880779549,     -0.7323377103,     -0.7379188777,       2.512352746,     -0.4961969461,       4.346153263
          0,           0,        3316,       -2.84468693,     -0.7216982711,     -0.7381336076,       2.549719878,     -0.4963258593,       4.486187923
          0,           0,        3317,      -2.869259471,     -0.7498457726,      -0.727432788,       2.523892727,     -0.4964627332,       4.362517897
          0,           0,        3318,      -2.864983854,     -0.7116545443,     -0.7236147228,       2.528608285,     -0.4965698331,       4.274252273
          0,           0,        3319,      -2.875906328,     -0.7336673651,       -0.73554582,       2.516815368,     -0.4966671304,       4.285664391
          0,           0,        3320,       -2.84998793,     -0.7159358112,     -0.7254522791,       2.544522716,     -0.4967644643,       4.470726589
          0,           0,        3321,      -2.865651757,     -0.7107239411,     -0.6965106164,       2.527291376,     -0.4968561334,       4.603024444
          0,           0,        3322,      -2.862400737,     -0.7390495969,     -0.7284670805,       2.532209729,     -0.4969493987,       4.565505418
          0,           0,        3323,      -2.874213902,     -0.7240164753,     -0.7306936962,       2.519240593,     -0.4970295293,       4.300975221
          0,           0,        3324,      -2.866017677,     -0.7720366582,     -0.7326399118,       2.527681067,     -0.4971044561,       4.513118153
          0,           0,        3325,        -2.8716244,      -0.717391093,     -0.7139260146,       2.520548661,     -0.4971565736,       4.563709748
          0,           0,        3326,      -2.880968809,     -0.7473374241,     -0.7251587075,        2.51220323,     -0.4971962776,       4.473817663
          0,           0,        3327,       -2.87433985,     -0.7157967412,     -0.7189083598,       2.519037253,     -0.4972176351,       4.363236358
          0,           0,        3328,      -2.893161164,     -0.7403744966,     -0.7104487445,       2.499511857,     -0.4972234706,        4.30515282
          0,           0,        3329,      -2.875225251,     -0.7370938434,     -0.7251369083,       2.517715274,     -0.4972058539,       4.326445252
          0,           0,        3330,      -2.876254975,     -0.6952405959,     -0.6912853554,       2.515780584,     -0.4971715568,       4.509518355
          0,           0,        3331,      -2.877349273,      -0.713715382,     -0.7269093862,       2.515782084,     -0.4971277851,       4.546802914
          0,           0,        3332,      -2.871197358,     -0.6814489637,     -0.6525518808,       2.521425501,     -0.4970587093,       4.291430673
          0,           0,        3333,       -2.87431653,     -0.7115278292,     -0.7169851348,       2.519252713,     -0.4969769969,       4.473546233
          0,           0,        3334,      -2.860352516,     -0.6859127258,     -0.7094397858,       2.533068938,     -0.4968981376,       4.535407082
          0,           0,        3335,      -2.863027961,     -0.6722527213,     -0.6659618008,       2.530506357,     -0.4968015126,         4.4459011
          0,           0,        3336,      -2.853938563,     -0.6876652561,     -0.7085761696,       2.540511774,     -0.4967080399,       4.400305781
          0,           0,        3337,      -2.886757168,     -0.7345004547,     -0.7252922696,       2.506244392,     -0.4966154179,       4.397529335
          0,           0,        3338,      -2.861813407,     -0.7330439829,       -0.73365552,       2.531727773,     -0.4965052201,       4.489845665
          0,           0,        3339,      -2.856883492,     -0.7388015175,      -0.744804719,       2.536832561,     -0.4963897432,       4.565591153
          0,           0,        3340,      -2.861534132,     -0.7420866923,     -0.7554770971,       2.532970125,     -0.4962623899,       4.507551369
          0,           0,        3341,      -2.862779123,     -0.7202046629,     -0.7198126428,       2.530274491,     -0.4961437044,       4.259045422
          0,           0,        3342,      -2.851304258,     -0.7553943237,     -0.7498763752,       2.543994128,     -0.4959949903,       4.487646482
          0,           0,        3343,      -2.855196235,     -0.7272935332,     -0.7396282378,       2.538512776,     -0.4958382518,       4.544495058
          0,           0,        3344,      -2.855964832,     -0.7387527444,     -0.7305235455,       2.537414709,     -0.4956557174,       4.365356318
          0,           0,        3345,      -2.846309291,     -0.7121590445,     -0.7143368776,        2.54736635,     -0.4954643241,       4.349403999
          0,           0,        3346,      -2.864945543,     -0.7463545624,     -0.7397883049,        2.52855423,     -0.4952633276,       4.316640606
          0,           0,        3347,      -2.844067353,     -0.7211685875,     -0.7299424008,       2.550463839,     -0.4950531208,       4.440845058
          0,           0,        3348,      -2.864335615,     -0.7391217256,     -0.7305338428,        2.52916434,     -0.4948262817,       4.568230479
          0,           0,        3349,      -2.862985339,     -0.7342847692,      -0.735687937,        2.53178213,     -0.4945914219,       4.466960323
          0,           0,        3350,      -2.871184533,     -0.6973875035,     -0.7136276336,       2.522726855,     -0.4943608835,       4.228116826
          0,           0,        3351,      -2.888003061,     -0.7350253165,     -0.7035457703,       2.505766243,     -0.4941173411,       4.452059493
          0,           0,        3352,      -2.867790305,     -0.7075637981,     -0.6935771948,       2.525727726,     -0.4938723996,       4.528443738
          0,           0,        3353,      -2.875928712,     -0.7056191544,     -0.6955204383,       2.516882517,     -0.4936296843,       4.418880539
          0,           0,        3354,      -2.877419119,     -0.6965278281,     -0.7151722286,       2.515645902,     -0.4933959883,       4.366032163
          0,           0,        3355,      -2.886651465,     -0.7164165592,     -0.7247958847,       2.506612377,     -0.4931685668,       4.291168869
          0,           0,        3356,      -2.883280395,     -0.7018745519,     -0.6998092365,       2.508972862,     -0.4929432304,       4.397886309
          0,           0,        3357,      -2.871490448,     -0.7186968692,     -0.7259328914,       2.521136297,     -0.4927083849,       4.535698605
          0,           0,        3358,      -2.868393571,     -0.7288194014,     -0.7336835165,       2.524829449,     -0.4924663197,       4.352380412
          0,           0,        3359,      -2.875598323,     -0.7504561822,     -0.7171423687,       2.517991541,     -0.4922210678,       4.286153116
          0,           0,        3360,      -2.864085316,     -0.7565560183,     -0.7549358382,        2.52874592,     -0.4919878413,       4.498065699
          0,           0,        3361,      -2.861870584,     -0.7346462927,     -0.6963902463,       2.532539282,     -0.4917441593,       4.506693775
          0,           0,        3362,      -2.858071961,     -0.7587446618,     -0.7459488739,       2.535215418,      -0.491504253,       4.319304935
          0,           0,        3363,      -2.871697006,     -0.7607420621,     -0.7635056707,       2.521744005,     -0.4912627623,       4.284223618
          0,           0,        3364,      -2.845407215,     -0.7297302581,     -0.7403958848,       2.549253027,     -0.4910276259,       4.372259053
          0,           0,        3365,      -2.871400965,     -0.7211133046,     -0.6922312888,       2.521695776,     -0.4907968515,       4.504221095
          0,           0,        3366,      -2.861552492,     -0.7244016901,     -0.7362943233,       2.532051265,     -0.4905712835,       4.568362562
          0,           0,        3367,      -2.870283126,      -0.713117213,     -0.7058348971,       2.522054892,     -0.4903440561,       4.292226102
          0,           0,        3368,      -2.858437106,     -0.7055697466,       -0.69854398,       2.535756585,     -0.4901238939,       4.374622351
          0,           0,        3369,      -2.852287924,     -0.7215021196,     -0.7167223173,       2.540259114,     -0.4899052331,       4.522745438
          0,           0,        3370,      -2.868773128,     -0.7461671068,     -0.7342826422,       2.524527656,     -0.4896949878,       4.519217287
          0,           0,        3371,      -2.869517087,     -0.6918207802,     -0.6785328862,       2.522446253,     -0.4894898814,       4.402861486
          0,           0,        3372,      -2.885644452,     -0.7001706631,     -0.7019823582,       2.507201573,     -0.4892902354,       4.300497933
          0,           0,        3373,      -2.878410962,     -0.7204208637,     -0.7479410038,       2.514889665,     -0.4891059685,       4.414931566
          0,           0,        3374,      -2.896537923,     -0.6901558113,     -0.6675392014,        2.49467951,     -0.4889274945,       4.548401489
          0,           0,        3375,      -2.890741444,     -0.7143862221,     -0.7324730898,       2.501909906,     -0.4887579474,       4.603045379
          0,           0,        3376,      -2.897031125,     -0.6967767741,     -0.7128284038,       2.494701631,     -0.4885965044,       4.265622149
          0,           0,        3377,      -2.895303399,     -0.7000002244,     -0.7316978899,       2.497744775,     -0.4884423059,       4.391942949
          0,           0,        3378,      -2.877025301,     -0.6803528302,     -0.7053130154,       2.514939403,     -0.4882925886,       4.512058403
          0,           0,        3379,      -2.880259207,     -0.6899766059,     -0.7322322803,       2.512769897,      -0.488154178,       4.505137558
          0,           0,        3380,      -2.875509934,     -0.6667736994,     -0.7136502836,       2.516442108,     -0.4880277095,       4.400359001
          0,           0,        3381,      -2.892732904,     -0.7263246538,     -0.7372555482,       2.499750782,     -0.4879088081,        4.36112303
          0,           0,        3382,      -2.866189803,     -0.7144103911,     -0.7331070083,       2.526687862,     -0.4877991186,       4.409192953
          0,           0,        3383,      -2.886952145,     -0.7631426228,      -0.743426397,       2.505447383,     -0.4877109961,       4.564086319
          0,           0,        3384,       -2.87183911,     -0.7645412247,     -0.7566583001,        2.52204507,     -0.4876350681,       4.588741231
          0,           0,        3385,      -2.877699003,      -0.736860742,     -0.7523712773,       2.514882699,     -0.4875565646,       4.179387031
          0,           0,        3386,       -2.87671089,     -0.7374124858,     -0.7594715323,       2.517685289,     -0.4874895895,       4.421211202
          0,           0,        3387,      -2.880762306,     -0.7262110771,     -0.7392898568,       2.510399199,     -0.4874131963,       4.548142664
          0,           0,        3388,      -2.880131421,     -0.7366437565,     -0.7379979828,       2.512622823,     -0.4873543207,        4.46394987
          0,           0,        3389,      -2.866646718,     -0.7094717186,     -0.7358591572,       2.526926512,     -0.4873153085,       4.328171856
          0,           0,        3390,      -2.889839107,     -0.7232010048,     -0.7367063307,       2.502499596,     -0.4872935052,       4.304600106
          0,           0,        3391,      -2.859169288,     -0.7213355169,     -0.7445187693,       2.534307554,      -0.487294411,       4.330196973
          0,           0,        3392,      -2.875265029,     -0.7210596847,     -0.7327687245,       2.516791493,       -0.48730595,       4.470678134
          0,           0,        3393,      -2.874262789,     -0.7595011504,     -0.7737245231,       2.519078423,     -0.4873278272,         4.4594524
          0,           0,        3394,      -2.884722705,     -0.7176777672,     -0.7194468582,       2.506128573,     -0.4873692813,       4.265131913
          0,           0,        3395,      -2.877075855,      -0.744224272,     -0.7600362914,       2.516653573,     -0.4874351998,       4.492168965
          0,           0,        3396,      -2.861142356,     -0.7121354044,     -0.7337614519,       2.532453394,     -0.4875041807,       4.550403111
          0,           0,        3397,      -2.882632914,     -0.7209354565,     -0.7191642085,       2.510262788,      -0.487601471,       4.450097784
          0,           0,        3398,      -2.886707765,     -0.6934292897,     -0.7130760333,       2.505854296,     -0.4877082616,       4.338273321
          0,           0,        3399,      -2.894157926,     -0.6907101701,     -0.7164928163,       2.498025249,     -0.4878071231,       4.329841391
          0,           0,        3400,      -2.872733336,      -0.682155327,     -0.7156955092,       2.521035692,     -0.4879291097,       4.472019504
          0,           0,        3401,      -2.874311683,     -0.6700576529,     -0.7015094372,       2.518585526,     -0.4880515381,       4.615396965
          0,           0,        3402,      -2.880772936,     -0.6794037287,     -0.7075892958,       2.512412029,     -0.4881748277,       4.577346833
          0,           0,        3403,      -2.886302345,     -0.6916596231,     -0.6865142525,       2.505930676,     -0.4883133576,       4.346443086
          0,           0,        3404,      -2.867024898,     -0.6928431851,     -0.7098705664,       2.527107591,     -0.4884593696,       4.489155851
          0,           0,        3405,      -2.852747505,      -0.678480067,     -0.7110524526,       2.541366672,     -0.4886114861,       4.527983202
          0,           0,        3406,      -2.865756425,     -0.6893867318,     -0.6949616451,       2.528179482,     -0.4887546759,       4.398132531
          0,           0,        3407,      -2.856718639,     -0.6736713391,     -0.7030053423,       2.537629263,     -0.4889313072,        4.40031014
          0,           0,        3408,      -2.869396563,     -0.7237474059,     -0.7497662421,       2.525072023,     -0.4891280676,       4.352208823
          0,           0,        3409,      -2.850794547,     -0.7202481297,     -0.7607132172,        2.54371816,      -0.489335298,       4.487177962
          0,           0,        3410,      -2.850928622,     -0.7359197174,     -0.7310731518,        2.54284942,     -0.4895562501,       4.592603655
          0,           0,        3411,      -2.873583336,     -0.7216673901,     -0.7450554438,        2.52032092,     -0.4897790332,       4.520478523
          0,           0,        3412,      -2.864304224,     -0.7165605865,     -0.7487832278,        2.52946637,     -0.4900213823,       4.349582116
          0,           0,        3413,       -2.85771892,      -0.703911877,     -0.7444712008,       2.537377314,     -0.4902671818,       4.467269645
          0,           0,        3414,      -2.842273521,     -0.6866245464,     -0.7416536808,         2.5524931,     -0.4905319162,       4.515555489
          0,           0,        3415,      -2.861710116,       -0.69762337,     -0.7298009014,       2.531723265,     -0.4907948923,       4.357646123
          0,           0,        3416,      -2.855442026,     -0.6895023696,     -0.7358177673,       2.538960489,     -0.4910597594,       4.364189867
          0,           0,        3417,      -2.855299617,     -0.6991116674,     -0.7348710688,       2.539437598,     -0.4913467807,       4.279541691
          0,           0,        3418,      -2.847976457,     -0.7026315517,     -0.7444543599,       2.546270886,      -0.491641499,       4.448038369
          0,           0,        3419,      -2.872939809,     -0.7288273153,     -0.7195228544,       2.519659132,     -0.4919591785,       4.590734663
          0,           0,        3420,      -2.873786888,     -0.7252742079,      -0.731252694,       2.520559026,      -0.492288466,       4.511336621
          0,           0,        3421,      -2.883341068,     -0.7275864289,     -0.7082170314,       2.510401346,     -0.4926208454,       4.248357441
          0,           0,        3422,      -2.882899474,     -0.7476459596,     -0.7083150155,       2.510190256,     -0.4929620808,       4.517923131
          0,           0,        3423,      -2.882597313,     -0.7341185422,     -0.7502497967,       2.510023294,     -0.4933060707,        4.56230816
          0,           0,        3424,       -2.89075497,     -0.7462031246,     -0.7474807755,       2.500991379,     -0.4936519313,       4.393081076
          0,           0,        3425,      -2.870672918,     -0.7080888112,     -0.7150640642,        2.52308421,     -0.4940185872,       4.311534719
          0,           0,        3426,      -2.862857347,     -0.7232601133,     -0.7186944138,       2.531742424,     -0.4943920118,       4.300981019
          0,           0,        3427,      -2.868179511,     -0.7017307826,     -0.7348985679,       2.524220943,     -0.4947795323,       4.412964395
          0,           0,        3428,      -2.861318391,     -0.7171866174,     -0.7565739615,       2.531794091,     -0.4951681755,       4.555871927
          0,           0,        3429,      -2.861966486,     -0.7011818085,     -0.7071105219,       2.531843694,     -0.4955809568,       4.370528155
          0,           0,        3430,       -2.86331825,     -0.7157295012,     -0.7479624879,        2.53021789,      -0.496003687,       4.279135558
          0,           0,        3431,      -2.847829503,     -0.7156752282,      -0.756393171,         2.5454038,     -0.4964379236,       4.496890673
          0,           0,        3432,      -2.850397779,     -0.7283011901,     -0.7410381322,       2.543857828,     -0.4968881452,       4.528190477
          0,           0,        3433,      -2.851098385,     -0.7380768974,     -0.7478061331,       2.544307753,     -0.4973483316,       4.359090529
          0,           0,        3434,      -2.856928101,     -0.7252231675,     -0.7450428256,       2.536910514,     -0.4978260252,       4.304904374
          0,           0,        3435,       -2.85291109,     -0.7317181093,     -0.7243538291,       2.541176815,     -0.4983299993,       4.367880476
          0,           0,        3436,      -2.859289062,     -0.7126859209,     -0.7052075675,       2.534394327,      -0.498847954,       4.486290255
          0,           0,        3437,      -2.861976619,     -0.7240632206,      -0.735875224,       2.531411801,     -0.4994026788,       4.589020264
          0,           0,        3438,      -2.853312238,      -0.702378091,      -0.686133384,       2.540313213,     -0.4999715231,       4.215400845
          0,           0,        3439,      -2.854983984,     -0.7410399411,     -0.7425644413,        2.53907915,     -0.5005623516,       4.322568374
          0,           0,        3440,      -2.843716527,     -0.7430856386,     -0.7529841002,       2.550656513,      -0.501171141,       4.499798126
          0,           0,        3441,       -2.84738481,     -0.7564286927,     -0.7616426047,        2.54565647,     -0.5017780455,       4.512781502
          0,           0,        3442,      -2.851389253,     -0.7151920642,     -0.7296901814,       2.541834652,      -0.502404599,       4.335727725
          0,           0,        3443,      -2.861870841,     -0.7243204287,     -0.7428153005,       2.531217159,     -0.5030435711,       4.338006495
          0,           0,        3444,      -2.855662728,     -0.7475212146,     -0.7733950173,       2.539448301,     -0.5036827037,        4.37823933
          0,           0,        3445,      -2.850871435,     -0.7150646665,     -0.7503837603,        2.54282167,     -0.5043300687,       4.587378541
          0,           0,        3446,      -2.858074382,     -0.7662038129,     -0.7822846067,        2.53651912,     -0.5049877946,       4.662045259
          0,           0,        3447,      -2.865220708,     -0.6937110759,     -0.7103081235,       2.528476914,     -0.5056601173,       4.562059771
          0,           0,        3448,      -2.878691465,     -0.7064469561,     -0.7213225454,       2.516088836,     -0.5063356721,       4.371581432
          0,           0,        3449,      -2.862021113,     -0.6962202304,     -0.7198419204,        2.53175291,     -0.5070110885,       4.543687295
          0,           0,        3450,      -2.878985087,     -0.6939559575,     -0.7274985099,       2.514054338,     -0.5076865491,       4.577810806
          0,           0,        3451,      -2.869653953,      -0.677017959,     -0.7024293294,       2.524546087,     -0.5083606448,       4.432509184
          0,           0,        3452,      -2.894462605,     -0.7114522593,     -0.7250214516,       2.498276595,     -0.5090227022,       4.371306435
          0,           0,        3453,      -2.874948634,     -0.7129232042,     -0.7468509852,       2.519223726,       -0.50968677,       4.300334841
          0,           0,        3454,       -2.87850863,     -0.6901062453,     -0.7258112497,       2.513823027,     -0.5103353656,        4.40699328
          0,           0,        3455,       -2.86682033,     -0.7189657263,     -0.7677275772,       2.526604902,     -0.5110017791,       4.548005388
          0,           0,        3456,      -2.862557805,     -0.7031352235,     -0.7192128431,       2.530865154,      -0.511657972,       4.268134897
          0,           0,        3457,      -2.870624235,     -0.7606505781,     -0.7885868449,        2.52324944,      -0.512303235,       4.353502591
          0,           0,        3458,      -2.843526181,     -0.7234097742,     -0.7445105784,        2.55036152,     -0.5129414794,       4.540590019
          0,           0,        3459,      -2.855963364,     -0.7348301597,     -0.7549932087,       2.538171103,     -0.5135740307,       4.465203298
          0,           0,        3460,      -2.860705361,     -0.7121707206,      -0.733702822,        2.53375425,     -0.5141834731,        4.31147847
          0,           0,        3461,      -2.879714014,     -0.7371965645,     -0.7782579624,       2.513589323,     -0.5147866543,       4.221624746
          0,           0,        3462,      -2.864395966,     -0.7024199845,     -0.7440404782,       2.529861535,     -0.5153704543,       4.415215045
          0,           0,        3463,      -2.869395177,     -0.6789793005,      -0.684173608,       2.522712732,     -0.5159326758,       4.620485238
          0,           0,        3464,      -2.867865831,     -0.6765368447,     -0.7137290927,       2.526223632,     -0.5164763985,       4.596439262
          0,           0,        3465,      -2.863667365,     -0.6783958923,     -0.6796334716,       2.529726852,     -0.5170017468,       4.361423532
          0,           0,        3466,       -2.87969649,     -0.7280173108,     -0.7544114675,        2.51389366,     -0.5175039959,       4.512563405
          0,           0,        3467,      -2.847750426,     -0.6781248689,      -0.732385869,       2.546452327,     -0.5179824598,       4.554327383
          0,           0,        3468,      -2.877874623,     -0.7089411889,     -0.7374465496,       2.515316879,     -0.5184488035,       4.478658289
          0,           0,        3469,      -2.882033699,     -0.6816731192,     -0.7099741249,       2.510703517,     -0.5188897086,       4.403880684
          0,           0,        3470,      -2.893222738,     -0.7111863515,     -0.7180979366,       2.499014016,     -0.5192996659,       4.366182833
          0,           0,        3471,      -2.869594801,     -0.7073707269,     -0.7321807863,       2.524733436,     -0.5196739041,       4.415880617
          0,           0,        3472,      -2.874144392,     -0.6723658229,     -0.6897174921,       2.518264186,     -0.5200178474,         4.5975007
          0,           0,        3473,      -2.874194113,     -0.6846320292,     -0.7221798563,       2.519624584,     -0.5203293691,       4.576055032
          0,           0,        3474,      -2.877916857,     -0.6957123038,     -0.7095496658,       2.513751435,     -0.5206209698,       4.291522258
          0,           0,        3475,      -2.874932522,     -0.7168154037,     -0.7218841212,        2.51818455,     -0.5208692448,       4.433290168
          0,           0,        3476,      -2.862222431,     -0.6754545513,     -0.7145655703,       2.530126197,     -0.5210896436,       4.542645086
          0,           0,        3477,      -2.871903191,     -0.7057408485,     -0.7230227804,       2.521708697,     -0.5212796684,       4.458374728
          0,           0,        3478,      -2.864550323,     -0.6839322652,     -0.7058686662,       2.529612729,     -0.5214369268,       4.406520289
          0,           0,        3479,      -2.882972002,     -0.7276192989,     -0.7340476325,       2.510504457,     -0.5215582355,       4.360013798
          0,           0,        3480,       -2.85894612,     -0.7160106533,     -0.7297123424,        2.53536542,     -0.5216487614,       4.426190544
          0,           0,        3481,      -2.870295694,     -0.7681792418,     -0.7515589241,       2.523328513,     -0.5217046737,       4.516795769
          0,           0,        3482,      -2.873662713,     -0.7567509323,     -0.7486034209,       2.520068611,     -0.5217253933,       4.466724685
          0,           0,        3483,      -2.868485029,     -0.7320927605,     -0.7319503174,       2.524592933,     -0.5217285595,       4.286340529
          0,           0,        3484,      -2.856077548,     -0.7354938683,     -0.7084925671,       2.538724668,     -0.5216889747,       4.478812883
          0,           0,        3485,      -2.848915838,     -0.7235940378,     -0.7567311261,       2.545179185,      -0.521628852,       4.533741652
          0,           0,        3486,      -2.862829559,     -0.7259774523,     -0.7279277665,       2.530715455,     -0.5215477249,       4.368902774
          0,           0,        3487,      -2.854211334,     -0.7170351396,     -0.7514563552,       2.539552781,     -0.5214338627,       4.390376741
          0,           0,        3488,      -2.858333768,     -0.7128711708,     -0.7426506673,       2.535743201,     -0.5212856051,       4.387365704
          0,           0,        3489,      -2.831822752,     -0.7048427068,     -0.7511595633,       2.563546857,     -0.5210988788,        4.47077455
          0,           0,        3490,      -2.850284533,     -0.6964567477,     -0.7385755868,       2.542873085,      -0.520886427,       4.623137171
          0,           0,        3491,       -2.85452028,     -0.6862392453,     -0.7052452147,       2.540864338,     -0.5206528914,       4.442838923
          0,           0,        3492,      -2.856464686,     -0.7166899918,      -0.744308353,       2.538136292,      -0.520383209,       4.244862326
          0,           0,        3493,      -2.877263338,     -0.7156932295,     -0.7449698587,       2.516750029,     -0.5200920811,       4.480837857
          0,           0,        3494,      -2.859831521,     -0.6892804245,     -0.7114918814,        2.53427935,     -0.5197785528,       4.536742658
          0,           0,        3495,      -2.884585842,     -0.6947240959,     -0.7265219206,       2.507860946,     -0.5194303895,       4.393460658
          0,           0,        3496,      -2.879405078,     -0.7130963037,     -0.7390749695,       2.513519496,      -0.519056563,       4.319380858
          0,           0,        3497,      -2.881245014,      -0.722651018,     -0.7495884662,       2.511938156,     -0.5186564004,       4.288238224
          0,           0,        3498,      -2.866918881,     -0.7035845831,     -0.7305403733,       2.526781232,     -0.5182465046,       4.484860074
          0,           0,        3499,      -2.851846326,     -0.7154784605,     -0.7678332239,        2.54277937,     -0.5178181325,        4.59333014
          0,           0,        3500,      -2.861209966,     -0.6992704462,      -0.739320565,       2.532113601,     -0.5173723305,       4.378843215
          0,           0,        3501,      -2.860386732,     -0.7031985458,     -0.7532442858,       2.533143487,     -0.5169083443,        4.29433059
          0,           0,        3502,      -2.842338487,     -0.6793970359,      -0.725464247,       2.551237224,     -0.5164289913,       4.525328727
          0,           0,        3503,      -2.845030492,      -0.747578093,     -0.7604522977,       2.549808581,     -0.5159359173,       4.544452621
          0,           0,        3504,      -2.849445422,     -0.7314029336,     -0.7441778072,       2.543427196,     -0.5154277393,       4.398068515
          0,           0,        3505,      -2.866451778,     -0.7093380034,     -0.7195775681,       2.527484746,     -0.5149069906,       4.214034379
          0,           0,        3506,      -2.854879815,     -0.7278172987,     -0.7468504691,        2.53953911,      -0.514378775,       4.370460333
          0,           0,        3507,      -2.869925006,     -0.6983203034,     -0.7026686357,       2.522713031,     -0.5138408133,       4.535040571
          0,           0,        3508,      -2.861553694,     -0.7372296068,     -0.7440709732,        2.53253079,     -0.5133023272,       4.593458571
          0,           0,        3509,      -2.866839463,     -0.6705928282,     -0.6959081187,       2.526663962,     -0.5127494449,       4.464510403
          0,           0,        3510,      -2.878257461,      -0.694805814,     -0.7289897589,       2.515675322,     -0.5122008921,       4.344718297
          0,           0,        3511,      -2.859020176,     -0.6532326159,     -0.6702402771,       2.535262067,     -0.5116428939,       4.526403072
          0,           0,        3512,      -2.886713456,     -0.6688337724,     -0.6940324388,       2.505985079,     -0.5110777273,       4.560756226
          0,           0,        3513,       -2.86669084,     -0.6603327981,     -0.6876453372,       2.527655918,     -0.5105342037,       4.429140577
          0,           0,        3514,        -2.8846392,     -0.6608459647,     -0.6816088795,       2.509167513,     -0.5099742616,       4.409135629
          0,           0,        3515,       -2.88466431,     -0.6728440874,     -0.7119929932,       2.509582784,     -0.5094263352,       4.374430026
          0,           0,        3516,      -2.875422739,      -0.622718982,     -0.6559573764,       2.517773061,     -0.5088848971,       4.493231856
          0,           0,        3517,      -2.870449948,     -0.6594217495,     -0.7098097649,       2.523894864,     -0.5083588115,        4.51691761
          0,           0,        3518,      -2.880874213,     -0.6606186325,     -0.6856175338,       2.511608299,     -0.5078360461,       4.154852225
          0,           0,        3519,      -2.883557711,     -0.6817940461,     -0.7106459504,       2.509827739,     -0.5073208545,       4.334267433
          0,           0,        3520,      -2.876162555,     -0.6948828758,     -0.7048046352,       2.516045832,     -0.5067973614,       4.545455652
          0,           0,        3521,      -2.862386933,     -0.7014669115,     -0.7278829918,       2.531245399,      -0.506277381,       4.495581546
          0,           0,        3522,      -2.867754809,     -0.6774356129,     -0.7110174226,       2.526037399,     -0.5057602723,       4.325871697
          0,           0,        3523,      -2.883306205,     -0.7158191146,      -0.728280588,         2.5097923,     -0.5052544305,       4.311015178
          0,           0,        3524,      -2.855252843,     -0.6689538501,     -0.7080448342,       2.539126356,     -0.5047538139,       4.478628616
          0,           0,        3525,      -2.858263498,     -0.6569885603,     -0.7139133566,       2.534410237,      -0.504265444,       4.632381931
          0,           0,        3526,      -2.853380359,     -0.7130835726,     -0.7457795085,       2.542036862,      -0.503777291,       4.586473907
          0,           0,        3527,      -2.862540697,     -0.6906894379,     -0.7024146029,       2.530919778,     -0.5033019046,       4.311715603
          0,           0,        3528,      -2.869741783,     -0.7539944388,     -0.7617203659,       2.524611622,     -0.5028406135,       4.530722055
          0,           0,        3529,      -2.847905827,     -0.6942806795,     -0.7197555792,       2.546750497,     -0.5023895067,       4.594616711
          0,           0,        3530,      -2.879255228,     -0.7318531665,      -0.713734207,       2.514415402,     -0.5019532526,       4.521779885
          0,           0,        3531,      -2.856856936,     -0.7004676872,     -0.7215788017,       2.538100607,     -0.5015304724,       4.392010357
          0,           0,        3532,      -2.883525259,     -0.7031160313,     -0.7194673935,       2.508639245,     -0.5011166173,       4.346494115
          0,           0,        3533,      -2.859397478,     -0.6986841598,     -0.7415841727,       2.534947695,     -0.5007141204,       4.377571335
          0,           0,        3534,      -2.873557821,     -0.6867496483,     -0.7145815313,       2.519682341,     -0.5003160224,       4.505274015
          0,           0,        3535,      -2.874600176,     -0.7008270262,     -0.7282371553,       2.518598499,     -0.4999251968,       4.516875361
          0,           0,        3536,      -2.870253557,     -0.6634372814,     -0.7062750307,       2.522582126,     -0.4995458252,       4.362561241
          0,           0,        3537,      -2.874750511,     -0.7102930545,     -0.7403800384,       2.519960516,     -0.4991945175,       4.526339767
          0,           0,        3538,      -2.859742925,     -0.6753519992,      -0.724382434,       2.534994195,     -0.4988531801,       4.591796298
          0,           0,        3539,      -2.883801691,     -0.7071682734,     -0.7218792917,       2.509931752,     -0.4985227409,       4.458247767
          0,           0,        3540,      -2.873379965,     -0.6669986777,     -0.7039844409,       2.521085281,     -0.4981981383,       4.383568473
          0,           0,        3541,      -2.891392567,     -0.6997377212,      -0.713823202,       2.503100471,     -0.4978976925,       4.366490779
          0,           0,        3542,       -2.87355681,     -0.7054541185,     -0.7431125461,       2.521235582,     -0.4976106649,        4.38574024
          0,           0,        3543,      -2.878280612,     -0.6987051626,     -0.7126740705,       2.515384668,     -0.4973436617,       4.491697934
          0,           0,        3544,       -2.88936954,     -0.7039670898,     -0.7181884954,       2.503079869,     -0.4970948393,       4.422221647
          0,           0,        3545,      -2.875244275,     -0.7250156613,     -0.7408682039,       2.518435236,     -0.4968554026,       4.304942189
          0,           0,        3546,      -2.850345798,     -0.7018395383,     -0.7324727931,       2.544118005,     -0.4966282664,       4.506801084
          0,           0,        3547,      -2.847234966,     -0.6915852501,      -0.717493825,       2.547746342,     -0.4964286107,       4.546879442
          0,           0,        3548,      -2.856038163,      -0.648291193,     -0.6885553835,       2.538318977,     -0.4962264255,       4.431224062
          0,           0,        3549,      -2.849742957,     -0.7269631521,     -0.7438588237,       2.545397543,     -0.4960385975,       4.280931217
          0,           0,        3550,      -2.849496546,     -0.7187412021,     -0.7461345797,       2.546548677,     -0.4958987965,       4.369838318
          0,           0,        3551,      -2.857470686,     -0.7264175824,     -0.7631125569,       2.535950641,     -0.4957450386,       4.517347081
          0,           0,        3552,      -2.864468777,     -0.7366912027,     -0.7661184646,       2.528967481,     -0.4956124459,       4.624604353
          0,           0,        3553,      -2.858868612,     -0.6817894785,      -0.689146978,       2.534292424,     -0.4955249366,       4.471479438
          0,           0,        3554,      -2.856476859,     -0.7244189544,     -0.7584605483,       2.538538101,     -0.4954590854,       4.382094393
          0,           0,        3555,      -2.843426706,     -0.6639531147,     -0.6984276013,        2.55095219,     -0.4954262536,       4.532321959
          0,           0,        3556,      -2.864690251,     -0.6530647724,     -0.6935811444,        2.52911628,     -0.4954201206,        4.53419873
          0,           0,        3557,      -2.867535057,     -0.6322549108,     -0.6755092404,        2.52617663,     -0.4954213528,       4.402503287
          0,           0,        3558,      -2.888506372,     -0.6539949813,     -0.6698347474,       2.504910114,     -0.4954428948,       4.407211075
          0,           0,        3559,      -2.869797391,     -0.6815069817,     -0.7196872118,       2.525819892,     -0.4954783897,       4.433449591
          0,           0,        3560,      -2.872727134,     -0.6573208026,     -0.6845496526,       2.520049679,     -0.4955491582,       4.604270028
          0,           0,        3561,      -2.887232207,     -0.6856835363,     -0.6913937216,       2.507413612,     -0.4956293269,       4.602926832
          0,           0,        3562,      -2.903174701,     -0.6643514636,     -0.6763375457,       2.488573558,      -0.495751546,       4.275649605
          0,           0,        3563,      -2.897105707,     -0.7499273744,     -0.7474384365,       2.497376357,      -0.495885497,       4.485483872
          0,           0,        3564,      -2.883762046,     -0.6963125276,     -0.7028510687,       2.508931304,     -0.4960476156,       4.580636756
          0,           0,        3565,      -2.903837899,     -0.7721796991,      -0.734035808,       2.489665534,     -0.4962157044,       4.571764407
          0,           0,        3566,      -2.879987682,     -0.7184072167,     -0.7091588168,       2.512808453,     -0.4964125272,       4.447401619
          0,           0,        3567,      -2.896930981,     -0.7632187605,     -0.7275643134,        2.49649913,     -0.4966234625,       4.392496953
          0,           0,        3568,       -2.86883951,     -0.7587448251,     -0.7562219611,        2.52499422,       -0.49685488,       4.398761719
          0,           0,        3569,      -2.882176023,     -0.7573634049,     -0.7297207438,       2.509289534,     -0.4971144964,       4.600110814
          0,           0,        3570,      -2.858409092,     -0.7407323325,     -0.7524788865,       2.536128444,     -0.4973869089,       4.575241698
          0,           0,        3571,      -2.860627658,     -0.7041170779,     -0.6926041908,       2.532754243,     -0.4976687086,       4.274097215
          0,           0,        3572,      -2.848246324,     -0.7347251326,     -0.7412802695,       2.546587663,      -0.497957001,       4.474764178
          0,           0,        3573,      -2.841514981,     -0.7135315305,     -0.7348382085,       2.553439798,     -0.4982479369,       4.532351158
          0,           0,        3574,      -2.857316437,     -0.7523538177,     -0.7434861012,       2.538182446,     -0.4985489899,       4.388658199
          0,           0,        3575,      -2.854695764,     -0.7026451975,     -0.7110276759,       2.540385803,     -0.4988720083,       4.367691779
          0,           0,        3576,      -2.866465373,     -0.7174042066,     -0.7244435849,       2.527786047,     -0.4992079586,       4.353969062
          0,           0,        3577,      -2.848186749,     -0.7028001655,     -0.7350501515,       2.546536807,     -0.4995554898,       4.442938443
          0,           0,        3578,      -2.857371691,     -0.6662170695,     -0.6991480886,       2.536777671,     -0.4999030103,       4.542040151
          0,           0,        3579,      -2.870835623,     -0.6941623671,     -0.6934759182,       2.523317738,     -0.5002763723,       4.490107462
          0,           0,        3580,      -2.868842671,     -0.6543692293,     -0.6826538411,       2.524912115,     -0.5006504808,       4.430448044
          0,           0,        3581,      -2.864816304,      -0.675469815,     -0.6968698336,       2.529679142,     -0.5010328889,       4.585459929
          0,           0,        3582,      -2.842728544,     -0.6595438275,     -0.7211488906,       2.553411883,     -0.5014290293,       4.585841572
          0,           0,        3583,      -2.867144362,     -0.6750982185,      -0.691358709,       2.527625355,     -0.5018122223,       4.422866532
          0,           0,        3584,      -2.860973817,      -0.647884332,      -0.684314744,        2.53458633,     -0.5022054067,       4.418140702
          0,           0,        3585,       -2.87811909,     -0.6772534315,     -0.7220164686,       2.517007635,      -0.502621461,       4.395906648
          0,           0,        3586,      -2.858292515,      -0.697534574,     -0.7229107412,        2.53719668,      -0.503039625,       4.491728029
          0,           0,        3587,      -2.873784677,      -0.698029045,     -0.6890850803,       2.520500172,     -0.5034778295,       4.579541801
          0,           0,        3588,       -2.88184109,     -0.7368993333,     -0.7311761015,       2.512124793,     -0.5039207809,       4.562193429
          0,           0,        3589,       -2.88282491,     -0.6859438189,     -0.6715587527,       2.510046383,     -0.5043750462,        4.26163671
          0,           0,        3590,      -2.873406573,     -0.7395144553,     -0.7161676271,       2.520958938,     -0.5048334707,       4.482735619
          0,           0,        3591,      -2.856937845,     -0.6965848875,     -0.6967979674,       2.536836326,     -0.5052950173,       4.552238222
          0,           0,        3592,       -2.87035572,     -0.7053677833,     -0.6839866286,       2.523343995,     -0.5057489634,       4.423234215
          0,           0,        3593,      -2.864387582,     -0.6942516404,     -0.6994518921,         2.5304049,     -0.5061985435,       4.391370675
          0,           0,        3594,      -2.888401178,     -0.7160908537,     -0.7100777346,       2.505977061,     -0.5066505161,       4.355171438
          0,           0,        3595,      -2.859783811,     -0.7081145178,     -0.7170895505,        2.53459625,     -0.5071064524,       4.437754893
          0,           0,        3596,      -2.873817936,     -0.7158825073,     -0.7205698656,       2.520110115,     -0.5075586992,       4.543537081
          0,           0,        3597,      -2.878281268,      -0.728462027,     -0.7326840254,       2.516014945,      -0.508020027,       4.508884776
          0,           0,        3598,      -2.870590765,     -0.7232976958,     -0.7233187112,       2.522653216,     -0.5084719893,        4.22705247
          0,           0,        3599,      -2.868495371,     -0.7594883858,     -0.7617300967,       2.526635822,      -0.508928254,       4.471567613
          0,           0,        3600,      -2.859795711,      -0.710356721,     -0.7573666108,       2.534177408,     -0.5093882009,       4.531620735
          0,           0,        3601,      -2.891910062,     -0.7304133097,     -0.7317102322,        2.50043481,     -0.5098561565,       4.384192489
          0,           0,        3602,      -2.874936401,     -0.6971530895,      -0.737729072,       2.518778182,     -0.5103369568,       4.408275237
          0,           0,        3603,      -2.886467638,      -0.705292377,     -0.7477120293,       2.507803754,     -0.5108163917,       4.399394654
          0,           0,        3604,      -2.864050822,     -0.7053043429,     -0.7676026092,       2.530500691,     -0.5113037959,       4.408704078
          0,           0,        3605,      -2.867545319,     -0.6911445841,      -0.720971531,       2.526222863,     -0.5117903058,       4.565692486
          0,           0,        3606,      -2.873832601,     -0.7011491455,     -0.7572633859,       2.521429452,     -0.5122798603,       4.436970547
          0,           0,        3607,      -2.877483756,     -0.7094181206,     -0.7420778135,       2.516922225,     -0.5127710767,       4.270232094
          0,           0,        3608,      -2.886591988,     -0.7178526032,     -0.7272592005,       2.507467883,     -0.5132541098,       4.479852775
          0,           0,        3609,      -2.860615949,     -0.7488932535,     -0.7816387125,       2.533699632,     -0.5137310472,       4.518983328
          0,           0,        3610,      -2.864347279,     -0.7325423232,     -0.7469783328,       2.530322904,     -0.5141919416,       4.406973581
          0,           0,        3611,      -2.888063668,      -0.719227488,     -0.7185517763,       2.505278499,     -0.5146447075,       4.337093001
          0,           0,        3612,      -2.876605839,      -0.749492577,     -0.7379413367,       2.517228597,     -0.5150939618,       4.306155314
          0,           0,        3613,      -2.859731467,      -0.743938045,     -0.7456627074,       2.535126421,     -0.5155277296,       4.422466124
          0,           0,        3614,      -2.870752695,     -0.7086943792,     -0.6905784845,       2.522839621,     -0.5159528764,       4.580814556
          0,           0,        3615,      -2.866938597,     -0.7085263962,     -0.6989505638,       2.528276618,     -0.5163930306,       4.447355932
          0,           0,        3616,      -2.857154044,     -0.7165148418,     -0.7081819336,       2.538100478,     -0.5168137627,       4.327299835
          0,           0,        3617,      -2.843768397,     -0.7011568214,     -0.7054766864,       2.551975029,     -0.5172295778,       4.527207246
          0,           0,        3618,      -2.859359875,     -0.7069002044,     -0.6998175757,       2.535191127,     -0.5176502975,       4.577461063
          0,           0,        3619,      -2.859663796,     -0.7456277752,     -0.7165451203,       2.534124152,     -0.5180512966,       4.449416751
          0,           0,        3620,      -2.875471274,     -0.7291550482,     -0.7209993338,       2.518729018,     -0.5184496448,        4.39214375
          0,           0,        3621,      -2.857098197,     -0.7611286176,      -0.745428157,       2.538655771,       -0.51884178,       4.369349109
          0,           0,        3622,       -2.86080876,     -0.7282376777,     -0.6874861698,       2.533159135,     -0.5192356317,       4.533819875
          0,           0,        3623,      -2.862336288,     -0.7526588856,     -0.7200475564,       2.532042678,     -0.5196299283,       4.640399291
          0,           0,        3624,      -2.888582692,     -0.7407030599,     -0.6948391261,        2.50427922,     -0.5200305261,       4.505443822
          0,           0,        3625,      -2.886703046,     -0.7402445286,     -0.7250538616,       2.507544221,     -0.5204292003,       4.333849356
          0,           0,        3626,      -2.884830689,     -0.7446341959,     -0.7213687825,        2.50809852,      -0.520808174,       4.538722268
          0,           0,        3627,      -2.901393294,     -0.7029685304,     -0.7140823603,       2.490343654,     -0.5211670287,       4.573849313
          0,           0,        3628,       -2.89153684,     -0.6946894415,     -0.7038600762,       2.501963219,      -0.521506284,       4.415125894
          0,           0,        3629,      -2.887036582,     -0.6715567722,     -0.7051744568,       2.507202846,     -0.5218444613,       4.366706212
          0,           0,        3630,      -2.888001756,     -0.6754533982,     -0.7190213415,       2.506751916,     -0.5221639288,        4.32091933
          0,           0,        3631,      -2.883575947,     -0.6994033052,     -0.7372091356,       2.508765793,     -0.5224841374,       4.405478078
          0,           0,        3632,      -2.889967969,     -0.6750255872,     -0.7135196424,       2.502710797,     -0.5227947148,       4.530712939
          0,           0,        3633,      -2.867292097,     -0.7030109204,     -0.7073489215,        2.52682745,     -0.5230791922,       4.243562234
          0,           0,        3634,      -2.869980076,     -0.7330432288,     -0.7362491454,       2.524322556,     -0.5233526358,       4.240483395
          0,           0,        3635,      -2.863384768,     -0.7422266213,     -0.7534557459,       2.530247585,     -0.5236346052,       4.481128731
          0,           0,        3636,      -2.864647541,     -0.7328828221,     -0.7346770911,        2.53017287,     -0.5238895776,       4.451399517
          0,           0,        3637,       -2.87632036,      -0.751383115,     -0.7623082949,       2.517753069,     -0.5241411783,       4.306909504
          0,           0,        3638,      -2.872371678,     -0.7540803097,     -0.7690099462,       2.521872922,     -0.5243752805,       4.215796953
          0,           0,        3639,      -2.864112498,     -0.7365223962,      -0.756562969,        2.53009115,      -0.524596755,       4.389926347
          0,           0,        3640,      -2.860402177,     -0.7246710513,     -0.7458283988,       2.533226017,     -0.5248143765,       4.621536337
          0,           0,        3641,      -2.854091233,      -0.697994146,     -0.7131651698,       2.541228614,     -0.5250402916,        4.64477664
          0,           0,        3642,      -2.867198751,     -0.7094587286,     -0.7200293577,       2.526733405,     -0.5252598768,        4.18083907
          0,           0,        3643,      -2.866707695,     -0.7474894985,     -0.7326292594,        2.52866088,     -0.5254539411,       4.417687918
          0,           0,        3644,      -2.856995672,     -0.7358253701,     -0.7176278969,       2.536745322,     -0.5256404538,        4.55812997
          0,           0,        3645,      -2.857901439,     -0.7669571408,      -0.743263607,        2.53682493,     -0.5258061401,       4.541007937
          0,           0,        3646,      -2.864681601,     -0.7460302772,     -0.7222817494,       2.529017222,       -0.52594627,        4.35811003
          0,           0,        3647,       -2.87970061,     -0.7523560234,      -0.742152459,       2.513935529,     -0.5260756929,       4.279381178
          0,           0,        3648,      -2.865602361,     -0.7456669485,      -0.751139267,       2.529486498,     -0.5261890461,       4.350299026
          0,           0,        3649,      -2.861277696,       -0.73828765,     -0.7534282161,        2.53274987,     -0.5262810606,       4.538192999
          0,           0,        3650,      -2.865518117,     -0.7183191835,     -0.7367265923,       2.529077793,     -0.5263601618,       4.644035205
          0,           0,        3651,      -2.871556341,     -0.6948757368,     -0.7017649257,       2.521836095,     -0.5264256485,       4.509436475
          0,           0,        3652,      -2.873784354,     -0.7325271039,     -0.7307840469,       2.521442398,     -0.5264625334,       4.341355547
          0,           0,        3653,      -2.865118566,      -0.687367163,     -0.7130666644,       2.529174171,     -0.5264965979,       4.541328619
          0,           0,        3654,      -2.875342354,      -0.698213893,     -0.7166937201,       2.518254618,      -0.526520905,       4.555846758
          0,           0,        3655,       -2.86447355,     -0.6881366414,     -0.7099183562,       2.529403608,     -0.5265191941,       4.457722224
          0,           0,        3656,      -2.899014765,     -0.6990444128,     -0.7083045748,       2.494170361,     -0.5265268744,       4.435151314
          0,           0,        3657,       -2.87983575,     -0.6885349852,     -0.7312623106,       2.514776838,     -0.5265154806,       4.394987043
          0,           0,        3658,      -2.884482219,     -0.6740101639,     -0.7114977246,       2.508022035,     -0.5265134243,       4.475822281
          0,           0,        3659,       -2.87563354,     -0.7216505399,     -0.7533197849,       2.519258661,      -0.526500797,       4.516197115
          0,           0,        3660,      -2.887263153,     -0.6667363579,     -0.6786618736,       2.505682125,     -0.5264970844,       4.152309467
          0,           0,        3661,      -2.892084345,     -0.6995454337,      -0.710507865,       2.501580255,     -0.5264736279,       4.433615477
          0,           0,        3662,      -2.862662498,     -0.6896952516,     -0.6982894515,       2.530880051,     -0.5264546853,       4.555613084
          0,           0,        3663,      -2.871192426,      -0.726561642,     -0.7356719352,       2.523657221,     -0.5264253294,       4.494339547
          0,           0,        3664,      -2.864882121,      -0.663283989,     -0.7018725094,       2.529691965,     -0.5263774539,       4.345466646
          0,           0,        3665,      -2.881193033,     -0.6989770969,      -0.736233847,       2.513226408,     -0.5263138451,       4.233200312
          0,           0,        3666,       -2.87134259,     -0.7261387793,     -0.7650142015,       2.522769758,      -0.526242342,       4.425411008
          0,           0,        3667,       -2.87770827,      -0.732386417,     -0.7576955134,       2.514922791,      -0.526153646,       4.572324416
          0,           0,        3668,       -2.87333216,     -0.7487259308,     -0.7521555929,       2.520839943,     -0.5260647779,        4.52038381
          0,           0,        3669,      -2.883130646,     -0.7544324292,     -0.7569714748,       2.509418717,     -0.5259551931,       4.264505503
          0,           0,        3670,      -2.873790268,     -0.7821740265,     -0.7782271403,       2.520745149,     -0.5258424093,       4.482820195
          0,           0,        3671,      -2.875173717,     -0.7258606321,     -0.7159338765,       2.518357655,     -0.5257175845,       4.553098824
          0,           0,        3672,      -2.886870753,     -0.7484834618,     -0.7391957973,       2.505058147,     -0.5255879424,       4.382690789
          0,           0,        3673,      -2.872514738,     -0.7018167737,     -0.7290964225,       2.521363584,     -0.5254653285,       4.355706871
          0,           0,        3674,      -2.893243444,     -0.7155607402,     -0.7349342039,        2.50067468,     -0.5253275715,       4.324290474
          0,           0,        3675,      -2.882474624,      -0.721739511,     -0.7471307978,        2.51072344,     -0.5251823259,       4.384023802
          0,           0,        3676,      -2.877281704,     -0.6909113807,     -0.6742141252,       2.516629482,     -0.5250303857,       4.517743875
          0,           0,        3677,      -2.882274929,     -0.7032721517,     -0.7079479416,       2.511640962,     -0.5248813891,       4.523197691
          0,           0,        3678,       -2.88287793,     -0.6756792804,     -0.6835337246,       2.510299262,     -0.5247297219,       4.231702245
          0,           0,        3679,      -2.880486096,     -0.6744487126,     -0.6814120247,       2.513983024,     -0.5245757502,       4.450107312
          0,           0,        3680,       -2.86377437,     -0.6678297336,     -0.6887450941,       2.530245034,     -0.5244427569,       4.538188619
          0,           0,        3681,      -2.872479821,      -0.706125934,     -0.7222791491,       2.521971844,     -0.5243056207,        4.48863241
          0,           0,        3682,      -2.875991378,     -0.6706126535,     -0.6770390075,       2.518627659,      -0.524169533,       4.374168616
          0,           0,        3683,      -2.899461053,     -0.7075630253,     -0.6912551892,       2.493894007,     -0.5240215284,       4.331070108
          0,           0,        3684,      -2.861790022,     -0.7070606301,     -0.7306053669,       2.532936143,     -0.5238743821,       4.493363951
          0,           0,        3685,      -2.875341078,     -0.7159149461,     -0.7140562546,       2.518701839,     -0.5237245749,        4.56689607
          0,           0,        3686,       -2.88200478,     -0.6970597528,      -0.692688963,       2.511769882,      -0.523566892,       4.521351651
          0,           0,        3687,      -2.870335918,     -0.6848226533,     -0.6785643286,       2.522842326,     -0.5234144138,       4.219654702
          0,           0,        3688,       -2.85958865,     -0.7087086789,     -0.7158233375,       2.535670086,     -0.5232539244,       4.465443139
          0,           0,        3689,      -2.845438296,     -0.7049015071,     -0.6955014463,       2.548968417,     -0.5231078199,       4.541993088
          0,           0,        3690,      -2.854813461,     -0.7178392365,     -0.6943849617,       2.539528514,     -0.5229739567,       4.413625202
          0,           0,        3691,      -2.858240891,     -0.7179926913,     -0.7272262234,       2.535669824,     -0.5228451964,        4.37539342
          0,           0,        3692,      -2.864175083,     -0.7475400426,     -0.7481213519,       2.530894074,     -0.5227143772,       4.306847512
          0,           0,        3693,       -2.84807387,     -0.7416519733,     -0.7367413956,       2.546376699,     -0.5225839854,       4.457681094
          0,           0,        3694,      -2.858787884,     -0.7308160918,     -0.7264394506,       2.535218319,     -0.5224612968,       4.591725682
          0,           0,        3695,       -2.86127086,     -0.7300790877,      -0.730940528,       2.533633292,     -0.5223556557,       4.507788356
          0,           0,        3696,      -2.872016817,     -0.7031996038,     -0.7143185576,       2.523115577,     -0.5222509546,       4.235038415
          0,           0,        3697,      -2.871797923,     -0.7230137825,     -0.6968034423,       2.523665466,     -0.5221533375,        4.48595715
          0,           0,        3698,      -2.867939633,      -0.707253269,     -0.7200992756,       2.525572687,     -0.5220630357,       4.558198211
          0,           0,        3699,      -2.879877075,     -0.7272476743,     -0.7428622218,       2.513805396,     -0.5219939532,       4.428069025
          0,           0,        3700,      -2.879052694,     -0.7088750293,     -0.7419417798,       2.514531501,     -0.5219410513,       4.351571988
          0,           0,        3701,      -2.875345094,     -0.7277434361,      -0.732499381,       2.519699267,     -0.5218999521,       4.273101891
          0,           0,        3702,      -2.867685296,     -0.7326446816,     -0.7610980181,       2.526020301,     -0.5218602014,       4.412355131
          0,           0,        3703,      -2.872076098,      -0.727826241,     -0.7398910784,       2.521171791,     -0.5218243975,       4.580256173
          0,           0,        3704,      -2.865343469,     -0.7237702206,     -0.7258619219,       2.528993091,     -0.5217941757,       4.446812454
          0,           0,        3705,       -2.86637115,     -0.7132747996,     -0.7362942773,       2.527425866,     -0.5217695997,       4.263898571
          0,           0,        3706,      -2.854907268,     -0.7444224226,     -0.7403070297,        2.54009683,     -0.5217550354,       4.491643295
          0,           0,        3707,      -2.845266738,     -0.7246275227,     -0.7331307269,       2.549606035,     -0.5217475218,       4.534643058
          0,           0,        3708,       -2.85099501,     -0.7251347099,     -0.7451471595,       2.543102884,     -0.5217431012,       4.370711851
          0,           0,        3709,      -2.848957271,     -0.7188019982,     -0.7387551569,       2.546183307,     -0.5217682759,       4.398132098
          0,           0,        3710,      -2.855636142,     -0.7179077562,      -0.748231757,       2.539801275,     -0.5218047114,       4.311926347
          0,           0,        3711,      -2.862203728,     -0.7024052307,     -0.7217671831,       2.532448792,     -0.5218463657,       4.480905355
          0,           0,        3712,      -2.860493552,     -0.7040214853,     -0.7153076822,       2.533200981,     -0.5219030135,       4.663984799
          0,           0,        3713,      -2.855655261,     -0.7086255927,      -0.716507485,       2.539403182,      -0.521956083,       4.582366092
          0,           0,        3714,      -2.863096001,     -0.7016887166,     -0.7219048313,       2.531939035,     -0.5220193151,       4.269337035
          0,           0,        3715,      -2.860404388,     -0.7203940771,     -0.7292553635,       2.535100973,     -0.5220878438,       4.505599348
          0,           0,        3716,       -2.85552235,     -0.7439528864,     -0.7572173892,        2.53821436,     -0.5221687461,       4.544455544
          0,           0,        3717,      -2.857941241,     -0.7364438227,     -0.7176918678,       2.537497596,      -0.522278914,       4.395961118
          0,           0,        3718,      -2.860769374,      -0.733925354,     -0.7552386191,       2.533720203,     -0.5223942812,       4.361345485
          0,           0,        3719,      -2.860279852,      -0.762835504,     -0.7644522144,       2.534491128,     -0.5225305408,        4.33402539
          0,           0,        3720,      -2.847638123,     -0.7130131765,      -0.723414245,       2.547001467,     -0.5226806561,       4.524679425
          0,           0,        3721,      -2.863817712,     -0.7222461396,     -0.7160404538,       2.530770264,     -0.5228371242,       4.594112333
          0,           0,        3722,      -2.867894038,     -0.7559817968,      -0.743964879,        2.52704588,     -0.5230024161,       4.504867747
          0,           0,        3723,      -2.867273885,     -0.7168354836,     -0.7454030927,       2.527929912,     -0.5231784534,       4.314439036
          0,           0,        3724,      -2.867057168,     -0.7241841483,     -0.7347192802,       2.527738621,     -0.5233586258,       4.560409549
          0,           0,        3725,      -2.863938543,     -0.7025814424,     -0.7129896064,       2.530778595,     -0.5235464752,        4.57610935
          0,           0,        3726,      -2.875398875,     -0.7297338552,     -0.7206291147,       2.518784596,      -0.523739043,       4.410594236
          0,           0,        3727,      -2.886627027,     -0.7190801808,     -0.7306640111,       2.507304471,     -0.5239463037,       4.356353332
          0,           0,        3728,      -2.872504529,     -0.7264772816,     -0.7591056949,       2.521812194,     -0.5241618454,       4.344565036
          0,           0,        3729,       -2.86742088,     -0.7110015454,     -0.7477769855,       2.526227463,     -0.5243922142,       4.500124608
          0,           0,        3730,      -2.870779625,     -0.7326925273,      -0.747736781,       2.522840687,     -0.5246364873,       4.623090884
          0,           0,        3731,       -2.86032876,     -0.7179836158,     -0.7358437927,       2.534277299,     -0.5248885076,       4.433989918
          0,           0,        3732,      -2.881447882,     -0.7078166469,     -0.7164936383,       2.513440891,     -0.5251508139,        4.35127244
          0,           0,        3733,       -2.85923251,      -0.714126715,     -0.7359175757,       2.534480701,     -0.5254298146,       4.562909778
          0,           0,        3734,      -2.865293625,     -0.7299341176,     -0.7422079403,       2.529204518,     -0.5257222955,       4.567701471
          0,           0,        3735,      -2.863657402,     -0.7031566828,     -0.7032459011,       2.530165823,     -0.5260234036,       4.423966997
          0,           0,        3736,        -2.8626612,      -0.702196786,     -0.7355985602,       2.531507726,      -0.526333757,       4.363448856
          0,           0,        3737,      -2.855794085,      -0.706905364,     -0.7587475789,       2.539468314,     -0.5266733597,       4.319171981
          0,           0,        3738,      -2.865977152,     -0.6873893217,     -0.7297523381,       2.527774555,      -0.527021473,       4.522773725
          0,           0,        3739,      -2.855412932,      -0.699907704,      -0.733624592,       2.539002869,     -0.5273916851,       4.612961703
          0,           0,        3740,      -2.861285832,     -0.6953150725,     -0.7079285822,       2.532134343,      -0.527793294,       4.505715094
          0,           0,        3741,      -2.861762134,     -0.7355894029,     -0.7531149956,         2.5330883,     -0.5282113109,       4.330596781
          0,           0,        3742,      -2.852579645,     -0.6958889034,     -0.7164328919,       2.541965043,     -0.5286508386,       4.536000808
          0,           0,        3743,      -2.873803274,     -0.7213258774,     -0.7413741745,       2.519410106,     -0.5291173877,        4.55328248
          0,           0,        3744,      -2.863330519,      -0.689882113,     -0.7069414255,       2.530653567,     -0.5295820787,       4.409652684
          0,           0,        3745,      -2.874885942,     -0.6956644166,      -0.696605941,       2.519425194,     -0.5300793329,        4.34879022
          0,           0,        3746,      -2.865217733,     -0.7137635131,     -0.7135782951,       2.530048671,     -0.5305900462,       4.371419104
          0,           0,        3747,      -2.864846569,      -0.685673736,     -0.7163467659,       2.528625723,     -0.5311150193,       4.576067847
          0,           0,        3748,      -2.867904765,     -0.7129715769,     -0.7458034675,        2.52748221,     -0.5316687091,       4.603837104
          0,           0,        3749,      -2.883575031,     -0.7062817081,     -0.7006257272,       2.509565527,      -0.532235946,       4.363289057
          0,           0,        3750,      -2.878839088,     -0.7260705503,     -0.7224047157,       2.514964136,     -0.5328293853,       4.351986091
          0,           0,        3751,      -2.864589519,     -0.6950584894,     -0.6941754727,        2.52892525,      -0.533444618,       4.567180805
          0,           0,        3752,      -2.871867131,     -0.7039847472,     -0.7254095452,       2.522532325,      -0.534074896,        4.57342919
          0,           0,        3753,      -2.862380184,     -0.6913003157,     -0.7110967853,       2.532576477,     -0.5347251503,       4.411334697
          0,           0,        3754,      -2.863729377,     -0.6897990981,     -0.7191655185,       2.531027911,     -0.5353923301,       4.288103542
          0,           0,        3755,      -2.839002555,     -0.7081479655,     -0.7320408504,       2.557140744,     -0.5360779545,        4.49454023
          0,           0,        3756,      -2.859870974,     -0.6889788929,     -0.7228071425,       2.534593209,     -0.5367819039,       4.585946299
          0,           0,        3757,      -2.867987576,     -0.7336290511,     -0.7487222154,       2.526823474,     -0.5374959431,       4.626889384
          0,           0,        3758,      -2.856102017,       -0.67558385,     -0.7040294966,       2.538899822,     -0.5382300252,       4.265315937
          0,           0,        3759,      -2.874352874,     -0.7244791623,     -0.7260566664,       2.520657581,     -0.5389554472,       4.488606331
          0,           0,        3760,      -2.859470965,     -0.6967526988,     -0.7062507443,       2.534902462,     -0.5396968243,       4.569457362
          0,           0,        3761,      -2.858251347,     -0.7083533382,     -0.7113929433,       2.535819498,     -0.5404466014,       4.536317136
          0,           0,        3762,      -2.859602212,     -0.6151126518,     -0.6241016588,       2.534713601,     -0.5411939077,       4.470290652
          0,           0,        3763,      -2.873503951,     -0.6651679248,     -0.6975259326,        2.52040361,     -0.5419591892,       4.402220747
          0,           0,        3764,      -2.863430802,     -0.6355639443,     -0.6835211271,       2.531464551,      -0.542704803,       4.337454752
          0,           0,        3765,      -2.861868034,     -0.6203339532,     -0.6594532869,       2.531433404,     -0.5434725654,       4.569549258
          0,           0,        3766,      -2.858116063,     -0.6370705619,      -0.690235755,       2.537251654,     -0.5442278194,       4.577324744
          0,           0,        3767,      -2.871689241,     -0.6496272588,     -0.6756750636,       2.521980794,     -0.5449799444,       4.239775765
          0,           0,        3768,      -2.883325425,     -0.6645823677,     -0.6875426846,       2.511028411,     -0.5457187806,       4.469126808
          0,           0,        3769,      -2.855977803,     -0.6512842795,     -0.6919011293,       2.539423509,     -0.5464474465,       4.527589241
          0,           0,        3770,      -2.876409613,     -0.6794468782,     -0.7111995718,       2.517546441,     -0.5471669555,       4.490019732
          0,           0,        3771,      -2.868539334,     -0.6336131142,     -0.6812388997,       2.526471466,     -0.5478753119,       4.361856053
          0,           0,        3772,       -2.88536122,     -0.6799036038,     -0.7094795268,       2.508689759,     -0.5485716495,       4.363572077
          0,           0,        3773,      -2.857929805,     -0.6929615279,     -0.7258097968,       2.537684114,     -0.5492401895,       4.366883787
          0,           0,        3774,        -2.8594622,     -0.6626112458,     -0.7027642832,       2.533957944,     -0.5499006843,       4.565630123
          0,           0,        3775,      -2.866430611,     -0.6981177465,     -0.7387831441,       2.527410744,     -0.5505244563,       4.648498239
          0,           0,        3776,      -2.860543417,     -0.6917814637,     -0.7209954611,       2.533589091,     -0.5511272418,       4.153880564
          0,           0,        3777,       -2.85243777,     -0.6946787657,     -0.7342553091,       2.542933006,     -0.5517144302,       4.410693019
          0,           0,        3778,      -2.842725279,     -0.6838442242,     -0.7310091007,       2.552230702,     -0.5522737997,       4.526273574
          0,           0,        3779,      -2.850396683,     -0.6742881382,     -0.6978168415,       2.544810506,     -0.5528041115,        4.41260036
          0,           0,        3780,      -2.839419351,     -0.6783497564,     -0.7311539571,       2.556730399,     -0.5533174093,       4.313531381
          0,           0,        3781,        -2.8664538,     -0.7334919243,     -0.7423589477,        2.52913871,     -0.5537903158,       4.235482725
          0,           0,        3782,      -2.843788712,     -0.7109454016,     -0.7329143002,       2.552097672,     -0.5542618278,       4.412967184
          0,           0,        3783,      -2.870316638,     -0.6860478439,     -0.7100210384,       2.522682754,     -0.5546837478,       4.625292053
          0,           0,        3784,      -2.864147708,     -0.7256474565,     -0.7352746893,       2.531521617,     -0.5550911698,       4.588835813
          0,           0,        3785,      -2.871522995,     -0.6809300966,     -0.6996034651,       2.522416054,     -0.5554483657,        4.34744436
          0,           0,        3786,       -2.87174278,     -0.7502156954,     -0.7598837472,       2.523528273,     -0.5557824182,       4.483341478
          0,           0,        3787,      -2.855691322,     -0.6944753695,     -0.7204832771,       2.538177889,     -0.5560898461,        4.54480374
          0,           0,        3788,      -2.882003653,     -0.7162422311,     -0.7243730325,       2.511896819,      -0.556380867,       4.481321423
          0,           0,        3789,       -2.86358178,     -0.6972771774,     -0.7284136226,       2.530464107,     -0.5566453817,       4.399829061
          0,           0,        3790,      -2.897762456,     -0.7240317826,     -0.7430407734,       2.495352467,     -0.5568889314,       4.392923805
          0,           0,        3791,      -2.860757914,     -0.7169717238,     -0.7519483088,       2.533483673,     -0.5570934931,        4.42063905
          0,           0,        3792,      -2.880692835,     -0.7259681813,     -0.7186912389,        2.51271178,       -0.55726563,       4.517750054
          0,           0,        3793,       -2.87180993,       -0.72601766,     -0.7348731433,       2.523260466,     -0.5574000551,       4.472274603
          0,           0,        3794,      -2.880612721,     -0.7155741375,      -0.721233064,       2.512490021,     -0.5574979306,       4.201185778
          0,           0,        3795,      -2.869632508,     -0.7404092751,     -0.7412209116,       2.525575758,     -0.5575619344,       4.473555687
          0,           0,        3796,      -2.859631853,     -0.7172660598,     -0.7635005021,       2.535662554,     -0.5575950623,       4.531749909
          0,           0,        3797,      -2.886282805,     -0.7124005691,     -0.7310145998,       2.507298605,     -0.5576174303,        4.37939536
          0,           0,        3798,      -2.866365296,     -0.7195281024,     -0.7469176307,       2.528668512,     -0.5576113045,       4.379332808
          0,           0,        3799,      -2.869388354,     -0.7306804095,     -0.7472874934,        2.52568978,     -0.5575818404,       4.307134025
          0,           0,        3800,      -2.864549807,     -0.7075476896,     -0.7346689292,       2.529111741,     -0.5575173053,        4.51482131
          0,           0,        3801,      -2.862787223,     -0.7346943184,     -0.7605663492,       2.531355662,     -0.5574390945,       4.608570025
          0,           0,        3802,      -2.864024803,     -0.6943425981,     -0.7263862146,        2.53009126,     -0.5573297859,       4.478209505
          0,           0,        3803,       -2.86190643,     -0.7194958695,     -0.7444613331,       2.532825304,     -0.5571902598,        4.26828736
          0,           0,        3804,      -2.850783793,      -0.714694661,     -0.7301554789,       2.543573162,     -0.5570363353,       4.505009739
          0,           0,        3805,      -2.855934432,     -0.7497631981,     -0.7715510624,       2.537946192,     -0.5568679351,       4.541062815
          0,           0,        3806,      -2.854546175,     -0.7488910142,     -0.7343806043,       2.539580532,     -0.5566862455,       4.357723481
          0,           0,        3807,      -2.848785441,     -0.7306604412,     -0.7372906281,       2.545972643,     -0.5564767434,       4.323786715
          0,           0,        3808,       -2.85466434,     -0.7556836612,     -0.7680632892,       2.541057222,     -0.5562405445,       4.350716482
          0,           0,        3809,      -2.845746706,     -0.6928362925,     -0.7288262103,       2.548499523,     -0.5559827509,       4.548123877
          0,           0,        3810,      -2.851553697,     -0.6970325796,     -0.7160661611,       2.544193808,     -0.5557059083,       4.626865637
          0,           0,        3811,      -2.857215311,      -0.667627399,      -0.695721366,       2.536611941,     -0.5554161292,       4.524134882
          0,           0,        3812,      -2.858088396,     -0.6867244103,     -0.7500088442,       2.537803043,     -0.5551101597,       4.349100706
          0,           0,        3813,      -2.857841919,     -0.6393106932,     -0.6778431239,       2.537527351,     -0.5547817891,        4.52889965
          0,           0,        3814,      -2.881932515,      -0.647091835,      -0.679442817,       2.511875155,     -0.5544521806,       4.562530654
          0,           0,        3815,      -2.872773218,     -0.6241133296,     -0.6734664457,       2.522200497,     -0.5541103548,       4.410745104
          0,           0,        3816,      -2.882030427,        -0.6377421,     -0.6577961181,       2.512873209,      -0.553747354,       4.375198119
          0,           0,        3817,      -2.880423667,     -0.6571255421,     -0.7086276897,       2.515542704,     -0.5533889632,       4.311956096
          0,           0,        3818,      -2.871946043,     -0.6529782789,     -0.6859146478,       2.522359961,     -0.5530040278,       4.429496649
          0,           0,        3819,      -2.889473341,     -0.6797230891,     -0.7145939717,       2.504745618,     -0.5526042091,        4.51918237
          0,           0,        3820,      -2.878883982,     -0.6841252196,      -0.714984663,       2.514141591,     -0.5522066714,       4.232742879
          0,           0,        3821,      -2.881916362,     -0.7097050257,     -0.7138364886,       2.511852312,     -0.5518098531,       4.367279268
          0,           0,        3822,      -2.852776781,     -0.7141197657,     -0.7274125445,       2.541085277,     -0.5514212837,       4.542529938
          0,           0,        3823,      -2.860943647,     -0.7399355082,     -0.7337865816,        2.53255683,     -0.5510258059,       4.512857866
          0,           0,        3824,      -2.841125302,     -0.7215864212,     -0.7303553775,       2.554815596,     -0.5506377336,       4.301397745
          0,           0,        3825,      -2.881428165,     -0.7458747682,     -0.7426771663,       2.512646899,      -0.550243566,       4.276644126
          0,           0,        3826,      -2.862738875,     -0.7092562213,     -0.7326777309,       2.531462222,     -0.5498555761,        4.49957315
          0,           0,        3827,      -2.862380072,     -0.7095325757,     -0.7360346059,       2.530843947,     -0.5494611718,       4.665109175
          0,           0,        3828,      -2.850529869,      -0.723117423,     -0.7166014445,       2.545201207,      -0.549062155,       4.620571547
          0,           0,        3829,      -2.863852817,     -0.7008541317,     -0.7146585022,       2.529920877,     -0.5486531602,       4.237823711
          0,           0,        3830,      -2.868440888,     -0.7544619353,     -0.7586329076,       2.526142129,      -0.548259807,       4.463640156
          0,           0,        3831,      -2.848091899,     -0.6767311485,     -0.7109838789,       2.546099613,     -0.5478735488,       4.537445639
          0,           0,        3832,      -2.877109889,     -0.7031810656,     -0.7302756737,       2.517195704,     -0.5474905344,       4.485016903
          0,           0,        3833,      -2.872322124,     -0.6786472851,     -0.7118314505,       2.523148431,     -0.5471064405,       4.394481557
          0,           0,        3834,      -2.893516251,     -0.7127297236,     -0.7306901769,       2.500010614,     -0.5467189923,       4.379031063
          0,           0,        3835,      -2.875611423,     -0.7026996972,     -0.7260090421,       2.519658894,     -0.5463378339,       4.332849039
          0,           0,        3836,      -2.863487713,     -0.6791373733,     -0.6796224967,       2.531179408,      -0.545964557,       4.457881756
          0,           0,        3837,      -2.865399699,       -0.68595285,     -0.7165299793,       2.530225897,     -0.5456145798,       4.363378716
          0,           0,        3838,      -2.870857471,     -0.6567378902,     -0.6815701866,       2.524178291,     -0.5452756352,       4.396651891
          0,           0,        3839,      -2.858378188,     -0.6905568353,     -0.7225098432,       2.536703619,     -0.5449483558,       4.496190207
          0,           0,        3840,      -2.842042825,     -0.6883562195,     -0.7112008524,       2.554264124,     -0.5446299448,       4.533137044
          0,           0,        3841,      -2.874285187,     -0.6813518585,     -0.6916095945,       2.519383185,     -0.5443126435,       4.355603496
          0,           0,        3842,      -2.858475117,      -0.688566784,      -0.713277691,       2.537951494,     -0.5439977879,       4.340165274
          0,           0,        3843,      -2.858708461,     -0.7013253491,      -0.719613268,       2.536854027,     -0.5436942068,        4.37000173
          0,           0,        3844,      -2.855812166,     -0.7263416781,     -0.7330575277,       2.539337252,      -0.543390994,       4.478961239
          0,           0,        3845,      -2.858231365,     -0.7045679527,     -0.7216996555,       2.535775526,     -0.5430931979,       4.624218757
          0,           0,        3846,      -2.866744521,     -0.7287368793,     -0.7433143212,       2.528253093,      -0.542810597,       4.478789497
          0,           0,        3847,      -2.868872626,     -0.7110203678,      -0.729362468,       2.525690211,     -0.5425452086,       4.342593986
          0,           0,        3848,      -2.864863547,     -0.7328174286,     -0.7406909798,       2.529616689,     -0.5423113339,       4.522534652
          0,           0,        3849,      -2.848926211,     -0.7009594331,     -0.7528044808,       2.545282417,     -0.5420845389,       4.566644119
          0,           0,        3850,      -2.861962647,     -0.7030946422,     -0.7136074808,       2.531645778,     -0.5418815753,        4.33245691
          0,           0,        3851,      -2.854887087,     -0.7115733004,     -0.7445758798,       2.539552541,     -0.5416981878,       4.359717584
          0,           0,        3852,      -2.858292674,     -0.7274179893,      -0.753702755,       2.536018782,     -0.5415149194,        4.36450661
          0,           0,        3853,      -2.849112073,      -0.724494607,     -0.7583060532,       2.545164634,     -0.5413517563,       4.538606837
          0,           0,        3854,      -2.842549059,     -0.7468418741,     -0.7704476025,       2.552295939,     -0.5412029122,       4.620257951
          0,           0,        3855,      -2.850559451,     -0.7305006816,     -0.7572220698,       2.544448647,     -0.5410863586,       4.478409211
          0,           0,        3856,       -2.85386586,     -0.7276811849,     -0.7594565685,       2.541340637,     -0.5410022928,       4.276810308
          0,           0,        3857,       -2.85487747,     -0.7005272956,     -0.7418832982,       2.540091934,     -0.5409460241,       4.477971718
          0,           0,        3858,      -2.850388386,     -0.7172783105,     -0.7458149213,       2.544064288,     -0.5409107725,       4.512875251
          0,           0,        3859,      -2.861469551,     -0.6846959459,     -0.7035229597,       2.532364266,     -0.5408797508,       4.369997066
          0,           0,        3860,      -2.866434437,      -0.693257759,     -0.7444513661,       2.528416051,     -0.5408666433,       4.351863116
          0,           0,        3861,      -2.853956276,     -0.7030126734,      -0.753622467,       2.541401282,     -0.5408638898,        4.32760726
          0,           0,        3862,      -2.858388932,     -0.6743745769,     -0.7050513558,        2.53750164,     -0.5409259728,       4.573704663
          0,           0,        3863,      -2.854547073,     -0.6933566977,     -0.7461966386,       2.540686034,     -0.5409788185,        4.65333579
          0,           0,        3864,      -2.873867718,     -0.6783528494,     -0.6953049832,       2.520053942,     -0.5410608701,       4.565980431
          0,           0,        3865,      -2.866623632,     -0.7017766836,     -0.7236453697,       2.528732071,      -0.541183691,        4.35827381
          0,           0,        3866,      -2.866024518,     -0.7182961168,     -0.7376761485,       2.529121662,     -0.5413186848,       4.544503009
          0,           0,        3867,      -2.881712218,     -0.6960617036,      -0.691935483,        2.51176161,     -0.5414804336,       4.574084396
          0,           0,        3868,      -2.867036507,     -0.7286638655,     -0.7202282686,       2.527882158,     -0.5416573384,       4.452587045
          0,           0,        3869,      -2.870531109,     -0.7120425538,     -0.7259158665,       2.524175534,        -0.5418652,       4.425474348
          0,           0,        3870,      -2.876908698,     -0.7333125046,     -0.7110622531,       2.518088643,     -0.5420834769,       4.328288343
          0,           0,        3871,      -2.884445397,     -0.6860912645,     -0.6972679678,       2.509492738,      -0.542335792,       4.374246403
          0,           0,        3872,      -2.867417343,     -0.6964984715,     -0.7102412927,       2.526523728,     -0.5426173637,        4.51302027
          0,           0,        3873,      -2.867610234,      -0.679748558,     -0.6997537963,       2.527599027,     -0.5429290063,       4.330469934
          0,           0,        3874,      -2.868604915,     -0.7189107073,     -0.7483191119,       2.526272297,     -0.5432572711,       4.329828495
          0,           0,        3875,      -2.860657732,     -0.7419648875,     -0.7419421736,       2.533815747,     -0.5435966046,       4.500768454
          0,           0,        3876,      -2.852896646,      -0.736407483,     -0.7559045593,       2.542108774,     -0.5439516423,       4.501035869
          0,           0,        3877,       -2.85912719,     -0.7481100942,     -0.7499624425,       2.537001647,      -0.544314654,       4.331636307
          0,           0,        3878,      -2.864145413,     -0.7634149401,     -0.7828516386,       2.530760522,     -0.5446987301,       4.254066281
          0,           0,        3879,      -2.868392036,     -0.7412502504,     -0.7451287708,       2.526370155,      -0.545090194,        4.37296825
          0,           0,        3880,      -2.877126398,     -0.7478382366,     -0.7509157822,       2.517139491,     -0.5455100698,       4.526556386
          0,           0,        3881,      -2.860796176,      -0.724566927,     -0.7424362403,       2.533898813,     -0.5459450994,       4.615729446
          0,           0,        3882,      -2.875816802,     -0.7245561064,     -0.7266539091,        2.51933758,     -0.5464178682,       4.330220136
          0,           0,        3883,       -2.86973805,     -0.7388868194,     -0.7461859711,       2.526179242,     -0.5468988123,       4.397366418
          0,           0,        3884,      -2.862170957,      -0.712188513,     -0.7321334315,       2.533535428,     -0.5473983958,       4.556107064
          0,           0,        3885,      -2.873000289,     -0.7075967482,     -0.7440156656,       2.521785855,     -0.5479008331,       4.560197848
          0,           0,        3886,      -2.875080315,     -0.6782787253,     -0.7042609226,       2.519515256,     -0.5484168895,       4.433543732
          0,           0,        3887,      -2.875052338,     -0.7089010111,     -0.7384343081,       2.519448891,     -0.5489459232,       4.395689894
          0,           0,        3888,      -2.867916892,     -0.7166417132,     -0.7758964754,       2.528381436,     -0.5494825808,       4.392059533
          0,           0,        3889,      -2.892327648,     -0.7276029323,     -0.7352050973,       2.500770425,      -0.550037533,       4.571115268
          0,           0,        3890,      -2.861643406,     -0.7356939206,     -0.7599953342,       2.533672481,     -0.5506347153,        4.60376857
          0,           0,        3891,      -2.866961899,      -0.704578948,     -0.7115409857,       2.526603044,     -0.5512536968,       4.377108622
          0,           0,        3892,      -2.874119752,     -0.7166891123,     -0.7176695617,       2.520645821,     -0.5519000052,       4.430142422
          0,           0,        3893,      -2.847974577,     -0.6943914134,     -0.7115647699,       2.546770719,     -0.5525551178,       4.552079205
          0,           0,        3894,      -2.857569656,     -0.7236405736,     -0.7076838218,       2.537594357,     -0.5532049255,       4.564273028
          0,           0,        3895,      -2.849380728,     -0.6557229288,     -0.6635932144,       2.545521685,     -0.5538653852,       4.432016005
          0,           0,        3896,      -2.861710118,     -0.6543709065,     -0.6938858564,       2.532497047,     -0.5545266219,       4.415211172
          0,           0,        3897,      -2.854580107,     -0.6722608017,     -0.7233324179,        2.54203107,      -0.555198606,       4.325251366
          0,           0,        3898,      -2.861367683,     -0.6655288658,     -0.6582337285,       2.533337516,     -0.5558837793,       4.509272346
          0,           0,        3899,      -2.868426207,     -0.6856532971,     -0.7169585077,       2.525884511,     -0.5565692606,       4.646014692
          0,           0,        3900,      -2.863522744,     -0.6754747402,     -0.6876363673,       2.531036397,     -0.5572612192,       4.462491229
          0,           0,        3901,      -2.868325435,     -0.7220119659,     -0.7369796947,        2.52755735,     -0.5579643515,       4.256567478
          0,           0,        3902,      -2.864191051,      -0.700431358,     -0.7119254594,       2.531060333,     -0.5586673299,        4.50000003
          0,           0,        3903,      -2.890126139,     -0.7115684598,     -0.6991759048,       2.503334905,     -0.5593750458,       4.546323604
          0,           0,        3904,      -2.877275336,     -0.6685625508,     -0.6889858223,       2.518135552,     -0.5600908406,       4.397101872
          0,           0,        3905,      -2.887465795,     -0.6788879371,     -0.7016150781,       2.507180716,     -0.5608038158,        4.34532869
          0,           0,        3906,      -2.878423188,     -0.7044958463,     -0.7229819119,       2.517614567,     -0.5615180016,       4.329153899
          0,           0,        3907,      -2.884937363,      -0.681423725,     -0.7044080671,       2.508400694,     -0.5622416239,       4.495251571
          0,           0,        3908,      -2.882239041,     -0.7011676267,     -0.7262256346,       2.512440875,     -0.5629753988,       4.543771701
          0,           0,        3909,      -2.883659491,     -0.6672107817,     -0.6720105051,       2.509576911,     -0.5637249252,       4.198931821
          0,           0,        3910,      -2.887838419,     -0.7295647426,     -0.7402406926,       2.507067779,     -0.5644828803,       4.455805342
          0,           0,        3911,      -2.866651848,     -0.6940171027,     -0.7106021986,       2.527459928,     -0.5652625911,       4.552985741
          0,           0,        3912,      -2.864899621,     -0.7232179808,      -0.724863095,       2.531387037,     -0.5660379606,       4.461269444
          0,           0,        3913,      -2.874842763,     -0.7198130555,     -0.7250263922,       2.519993288,      -0.566795947,       4.398466902
          0,           0,        3914,      -2.885023675,     -0.7492688342,     -0.7454062405,       2.510316695,     -0.5675430638,       4.309213873
          0,           0,        3915,      -2.864279702,      -0.734567997,     -0.7514741879,       2.530693647,     -0.5682807763,       4.514195585
          0,           0,        3916,      -2.868104986,      -0.749681593,     -0.7480899761,       2.526834596,     -0.5690500867,       4.604505291
          0,           0,        3917,      -2.864630718,      -0.737553105,     -0.7258137842,       2.530262376,      -0.569798748,        4.55446021
          0,           0,        3918,      -2.872610101,     -0.7374903945,     -0.7001247319,       2.521469472,     -0.5705456079,       4.274708015
          0,           0,        3919,      -2.854235576,     -0.7440002968,     -0.7572981106,       2.542093429,     -0.5713205497,       4.514552934
          0,           0,        3920,       -2.85616445,     -0.7218781557,     -0.7391919269,       2.538938588,      -0.572064913,       4.570541248
          0,           0,        3921,      -2.868247292,     -0.7247295954,     -0.7186364418,       2.526301758,     -0.5728119759,       4.436341595
          0,           0,        3922,      -2.858566014,     -0.7204372378,     -0.7142538603,       2.536563333,     -0.5735645124,        4.42853392
          0,           0,        3923,        -2.8752306,     -0.7559900379,     -0.7686301557,       2.520254752,     -0.5743101969,       4.365960732
          0,           0,        3924,      -2.855398923,     -0.7354483884,     -0.7791911205,       2.539676177,      -0.575037996,       4.423451662
          0,           0,        3925,      -2.883063698,     -0.6978947606,     -0.7049758913,       2.510331868,      -0.575769332,       4.560743992
          0,           0,        3926,      -2.878468111,     -0.7123454309,     -0.7425602502,       2.516697438,     -0.5765048056,       4.504202591
          0,           0,        3927,      -2.875554469,     -0.7003650936,     -0.7294524979,       2.519656063,     -0.5772517473,       4.293168165
          0,           0,        3928,      -2.881195303,     -0.7137739992,     -0.7459458524,       2.513609349,     -0.5780112184,       4.485092831
          0,           0,        3929,      -2.864387557,      -0.693648434,     -0.7335924228,       2.530282551,     -0.5787810872,       4.543911396
          0,           0,        3930,      -2.884750317,     -0.6908624363,     -0.7282819863,       2.509254632,     -0.5795470477,       4.411000438
          0,           0,        3931,      -2.881376472,     -0.6853753593,     -0.7254915649,       2.513013463,     -0.5802903167,       4.376110868
          0,           0,        3932,      -2.886498512,     -0.6969485081,     -0.7458341004,        2.50843991,     -0.5810197831,       4.314716607
          0,           0,        3933,      -2.868551198,     -0.7123934323,     -0.7636425923,       2.526017376,     -0.5817285894,       4.416393029
          0,           0,        3934,      -2.870705142,     -0.7424193346,     -0.7693138417,       2.524136127,     -0.5824334635,       4.544632881
          0,           0,        3935,      -2.873382004,     -0.7368411373,      -0.737684851,       2.521466485,     -0.5831373667,       4.354133426
          0,           0,        3936,      -2.873978112,     -0.7426182025,     -0.7538533282,       2.520920366,     -0.5838332744,       4.281869967
          0,           0,        3937,      -2.861787982,     -0.7633158355,     -0.7710312217,       2.532295772,     -0.5845444381,       4.506616591
          0,           0,        3938,      -2.856181664,     -0.7594935328,     -0.7603112943,       2.539106321,     -0.5852404422,       4.521958244
          0,           0,        3939,      -2.864758033,     -0.7538749707,     -0.7343481722,       2.531039371,     -0.5859022988,       4.340088994
          0,           0,        3940,      -2.881060698,     -0.7744072777,     -0.7606245121,       2.514618701,     -0.5865546775,       4.277094167
          0,           0,        3941,       -2.86568731,     -0.7750186027,     -0.7550961307,       2.529327573,     -0.5871891839,       4.407083136
          0,           0,        3942,      -2.860872324,     -0.7440193496,     -0.7468380097,       2.533405801,     -0.5878075243,       4.613188956
          0,           0,        3943,      -2.862495202,     -0.7436191165,     -0.7390545659,       2.532376151,     -0.5884157963,        4.62757867
          0,           0,        3944,      -2.859257978,     -0.7295413293,     -0.7374313883,       2.535982055,     -0.5890188423,       4.243029227
          0,           0,        3945,      -2.858942915,     -0.7307991813,     -0.7476888421,       2.536491976,     -0.5896383573,        4.31333652
          0,           0,        3946,      -2.857731367,     -0.7234106353,     -0.7145524409,       2.537335018,     -0.5902484374,       4.524125902
          0,           0,        3947,      -2.850075624,     -0.7261522925,     -0.7320950286,       2.544804202,     -0.5908529384,       4.533189612
          0,           0,        3948,      -2.861644616,     -0.7239313656,      -0.731138745,       2.533490518,     -0.5914391082,       4.364068898
          0,           0,        3949,      -2.849435796,     -0.7155497788,     -0.7009548612,       2.546410626,     -0.5919940625,       4.348593392
          0,           0,        3950,      -2.857931909,     -0.7289240418,     -0.7316469234,       2.537703021,     -0.5925340169,       4.368200014
          0,           0,        3951,      -2.848777527,     -0.6992055408,     -0.7417855041,       2.546432811,     -0.5930482199,       4.583888506
          0,           0,        3952,      -2.860800824,     -0.7015628552,     -0.7122217288,        2.53451842,     -0.5935341811,        4.62682403
          0,           0,        3953,      -2.870083968,     -0.7066381188,     -0.6966599855,       2.525070567,     -0.5939901691,       4.504590827
          0,           0,        3954,      -2.881525938,     -0.7017209377,     -0.7208284346,        2.51292509,     -0.5944456703,       4.374270219
          0,           0,        3955,      -2.869756818,     -0.7231563696,     -0.7103613309,       2.525728536,     -0.5948891064,       4.579645392
          0,           0,        3956,      -2.869435077,     -0.6757958828,      -0.700664554,       2.524742844,     -0.5953125112,       4.598365141
          0,           0,        3957,      -2.875004886,     -0.6629327262,     -0.6749728764,       2.520541301,     -0.5957452119,       4.430172274
          0,           0,        3958,      -2.877065263,     -0.6729426919,       -0.69679829,       2.518250867,     -0.5961466329,       4.330692146
          0,           0,        3959,      -2.897896647,     -0.7007061017,     -0.7295559037,       2.496698369,     -0.5965165862,       4.306577677
          0,           0,        3960,      -2.867945938,     -0.7099891758,      -0.737637935,       2.526727311,     -0.5968780717,        4.45501652
          0,           0,        3961,      -2.874119173,     -0.7130206275,     -0.7255743961,       2.520679681,     -0.5972474287,       4.521736621
          0,           0,        3962,      -2.878828717,     -0.7290564379,     -0.7519842135,        2.51527602,     -0.5976305973,       4.315873504
          0,           0,        3963,      -2.878355279,     -0.7290482025,     -0.7577948247,       2.516387342,     -0.5980050317,       4.253939763
          0,           0,        3964,      -2.865994133,     -0.7548125323,     -0.7585083293,       2.528437458,     -0.5983632832,        4.50606499
          0,           0,        3965,      -2.859181352,     -0.7530454826,     -0.7728142603,       2.536070254,     -0.5986790063,       4.484623649
          0,           0,        3966,      -2.863555971,     -0.7592363516,     -0.7568295514,       2.531557142,     -0.5989599622,       4.370319129
          0,           0,        3967,      -2.866299381,     -0.7345714037,     -0.7323884865,       2.528301152,     -0.5992151366,       4.268030101
          0,           0,        3968,      -2.859976479,     -0.7380904008,     -0.7434983327,       2.535162995,     -0.5994689007,       4.368813975
          0,           0,        3969,      -2.865302084,     -0.7485591355,     -0.7607736582,       2.529172531,      -0.599685814,        4.53201783
          0,           0,        3970,      -2.853215335,     -0.7239310208,     -0.7275969975,       2.541129108,     -0.5999133076,       4.610851092
          0,           0,        3971,      -2.858008348,     -0.6602589564,     -0.6836577247,       2.536170334,      -0.600137529,       4.290166621
          0,           0,        3972,      -2.848309039,     -0.7189686949,     -0.7364107187,       2.547174175,     -0.6003251202,       4.506742982
          0,           0,        3973,      -2.841762117,     -0.6763472633,     -0.6985064387,       2.553647871,     -0.6005152919,       4.558607545
          0,           0,        3974,      -2.845104135,     -0.6965839208,     -0.7163683504,       2.549912933,       -0.60069655,       4.505030311
          0,           0,        3975,      -2.858172649,     -0.6532166804,     -0.6880064834,        2.53801678,     -0.6008483348,        4.37155717
          0,           0,        3976,       -2.87576513,     -0.6846924023,     -0.6946386158,       2.518587897,     -0.6009952687,       4.328753222
          0,           0,        3977,      -2.860489228,     -0.6836162642,     -0.6963661327,        2.53477241,      -0.601142698,       4.454066854
          0,           0,        3978,      -2.859497786,     -0.6459559409,     -0.6843348143,       2.534915006,     -0.6012869062,       4.616760562
          0,           0,        3979,      -2.854050511,     -0.6674329231,     -0.7147402812,       2.541574848,     -0.6014431504,       4.575795246
          0,           0,        3980,      -2.870510696,     -0.6571347395,      -0.658922837,       2.523539185,     -0.6016025002,       4.237684526
          0,           0,        3981,      -2.868986928,     -0.6887095795,     -0.7150291435,       2.526339973,     -0.6017534452,       4.472893901
          0,           0,        3982,      -2.855876079,     -0.6609830547,     -0.6875306685,       2.538558084,     -0.6018915822,       4.544841674
          0,           0,        3983,       -2.85665492,     -0.6805667071,     -0.7057976795,       2.538418372,     -0.6020088221,       4.460413325
          0,           0,        3984,      -2.855696754,     -0.6599815087,     -0.6793946846,       2.540151686,     -0.6021054714,       4.347920185
          0,           0,        3985,      -2.868000099,     -0.7053818906,      -0.715028568,       2.526789211,      -0.602185634,        4.28101357
          0,           0,        3986,      -2.844874789,     -0.7220571215,     -0.7277085752,        2.55068947,     -0.6022661399,       4.436552019
          0,           0,        3987,      -2.851123523,      -0.711067526,     -0.7324113334,       2.543546181,     -0.6023447114,       4.549336479
          0,           0,        3988,       -2.86265663,     -0.7488690166,     -0.7457954965,       2.533111979,     -0.6024201726,       4.500240949
          0,           0,        3989,      -2.860887747,     -0.7348178535,     -0.7446782552,       2.533431059,     -0.6024830968,       4.258348693
          0,           0,        3990,      -2.849793956,      -0.765201974,     -0.7532987451,       2.546771982,     -0.6025643166,       4.489276611
          0,           0,        3991,      -2.860337755,     -0.7219740449,      -0.728431989,       2.534710137,     -0.6026327439,       4.549881646
          0,           0,        3992,      -2.863317286,     -0.7235538985,     -0.7216757882,       2.530692356,     -0.6027107247,       4.391389075
          0,           0,        3993,      -2.862499325,     -0.6986810342,     -0.7042829506,       2.532546632,     -0.6027755386,       4.382247935
          0,           0,        3994,      -2.855226209,     -0.7223638167,     -0.7490720654,       2.539886576,     -0.6028221365,       4.365603124
          0,           0,        3995,      -2.843535537,     -0.7146915116,     -0.7359382814,       2.551726704,     -0.6029010997,       4.477173197
          0,           0,        3996,      -2.860577006,     -0.7485054988,     -0.7360630654,       2.533741976,     -0.6029755196,       4.573139929
          0,           0,        3997,      -2.862938435,     -0.7422251897,     -0.7472359557,       2.532956241,     -0.6030480452,       4.422146799
          0,           0,        3998,      -2.861212227,     -0.7351002778,     -0.7661092091,       2.533891992,     -0.6031184549,       4.247797209
          0,           0,        3999,      -2.872797195,     -0.7162621884,     -0.7252431549,       2.522507722,     -0.6032092539,       4.477120652
          0,           0,        4000,      -2.851675748,     -0.7364065385,     -0.7601460965,       2.543163221,      -0.603278581,       4.521015026
          0,           0,        4001,      -2.865605388,     -0.7047353296,     -0.7099578227,       2.528464811,     -0.6033297304,       4.349384058
          0,           0,        4002,      -2.870355079,     -0.7214487549,     -0.7391715909,       2.524140596,     -0.6033882947,       4.303592995
          0,           0,        4003,      -2.868946239,     -0.7165597185,     -0.7491237317,       2.525615487,     -0.6034312447,        4.33838843
          0,           0,        4004,      -2.860959932,     -0.7067733973,     -0.7371294638,       2.534349186,     -0.6035023478,       4.578884641
          0,           0,        4005,      -2.850751779,      -0.695768066,     -0.7228684049,       2.543952257,     -0.6035715654,       4.725192754
          0,           0,        4006,      -2.868538844,     -0.6448706159,     -0.6851368461,       2.527102272,     -0.6036472996,       4.434246511
          0,           0,        4007,      -2.862537868,     -0.6867925811,     -0.7173701171,       2.532729996,     -0.6037099493,       4.362503515
          0,           0,        4008,       -2.86593469,     -0.6702648063,       -0.69177846,       2.528746998,     -0.6037728895,       4.539243615
          0,           0,        4009,      -2.848466512,     -0.6956514343,     -0.7066807417,       2.546618077,     -0.6038438921,        4.57646773
          0,           0,        4010,      -2.848819538,     -0.6997100722,      -0.710516388,       2.546931817,       -0.60393278,       4.407978576
          0,           0,        4011,      -2.858465467,     -0.7103188658,     -0.7281530627,       2.537050826,      -0.604004881,       4.225491397
          0,           0,        4012,      -2.874619133,     -0.7179611954,     -0.7042385651,       2.521044004,     -0.6040742315,       4.355061322
          0,           0,        4013,      -2.852579198,     -0.6941354121,     -0.7161751872,       2.542528793,     -0.6041406382,       4.537602238
          0,           0,        4014,       -2.87167743,     -0.7190313651,     -0.7185385216,       2.523475456,     -0.6042360556,       4.603641369
          0,           0,        4015,       -2.88182259,     -0.6859845079,     -0.6968116603,       2.511975465,     -0.6043385129,       4.388983553
          0,           0,        4016,      -2.874557652,      -0.729566634,     -0.7362630416,       2.520521306,     -0.6044554377,       4.425383425
          0,           0,        4017,      -2.862213249,     -0.6776145129,     -0.6991199568,       2.532665368,     -0.6045834453,       4.505831703
          0,           0,        4018,      -2.877044028,     -0.6885974157,     -0.7342501868,       2.516920169,     -0.6047061385,       4.528425443
          0,           0,        4019,      -2.871002312,     -0.6806072298,     -0.6997258767,       2.523316353,     -0.6048291042,        4.41249409
          0,           0,        4020,      -2.878301451,     -0.6934861285,     -0.7227339243,       2.515231725,     -0.6049401897,       4.427098601
          0,           0,        4021,      -2.874751611,     -0.7005850545,     -0.7383348185,       2.520389803,     -0.6050544375,       4.391972809
          0,           0,        4022,      -2.879333598,     -0.6872812916,     -0.7161793097,       2.513309345,      -0.605163648,       4.547038948
          0,           0,        4023,      -2.876233684,      -0.708809169,     -0.7388497099,       2.518599015,     -0.6052964394,       4.567566699
          0,           0,        4024,      -2.878946987,     -0.6850403298,     -0.7059361344,       2.515155822,     -0.6054470765,       4.260875095
          0,           0,        4025,      -2.902827395,     -0.7059410178,     -0.7406204471,       2.491267135,       -0.60558635,       4.368829774
          0,           0,        4026,      -2.872590958,     -0.6338739845,     -0.7013546079,       2.521739846,     -0.6057345918,        4.56906702
          0,           0,        4027,      -2.896670015,     -0.6816510158,     -0.7236891544,       2.497818121,     -0.6059090857,        4.55136342
          0,           0,        4028,      -2.909018645,     -0.6617107623,     -0.7080127162,       2.484319039,     -0.6060917797,       4.391900903
          0,           0,        4029,      -2.899769342,     -0.6820542693,      -0.726582866,       2.493981183,     -0.6062887932,       4.203340281
          0,           0,        4030,      -2.888827436,     -0.6677162128,     -0.7363507827,       2.505989557,     -0.6064962719,       4.459355908
          0,           0,        4031,      -2.897900687,     -0.7084614918,     -0.7488773812,       2.495050965,     -0.6067158494,        4.57082939
          0,           0,        4032,      -2.890943422,     -0.6632086103,     -0.7248040551,       2.502838335,     -0.6069487829,       4.596841062
          0,           0,        4033,      -2.884116755,      -0.690576677,     -0.7198917765,       2.509039796,     -0.6072041184,       4.237274811
          0,           0,        4034,      -2.873384488,     -0.7322920999,     -0.7640640578,       2.522378425,     -0.6074683552,       4.451837971
          0,           0,        4035,      -2.853833238,      -0.692614316,     -0.7040658556,       2.541610139,      -0.607735657,       4.543035756
          0,           0,        4036,      -2.873319675,      -0.729203933,     -0.7241400482,       2.522478682,      -0.608010966,       4.436879047
          0,           0,        4037,      -2.864576194,     -0.7037622018,     -0.7305269972,       2.531120873,     -0.6082758023,        4.39628407
          0,           0,        4038,      -2.882540133,     -0.7247233137,     -0.7527623323,       2.512132025,     -0.6085669525,       4.319925364
          0,           0,        4039,      -2.847028482,     -0.7145171915,     -0.7809049026,       2.548670448,     -0.6088771996,       4.413240191
          0,           0,        4040,      -2.859026909,     -0.7213684061,      -0.751377114,       2.535349359,     -0.6091947867,       4.527443253
          0,           0,        4041,      -2.853398307,     -0.7103724575,     -0.7434858188,       2.541965343,     -0.6095471488,       4.449140587
          0,           0,        4042,      -2.857241061,     -0.7208470671,     -0.7544243428,       2.538157923,     -0.6098961091,       4.265536368
          0,           0,        4043,      -2.839167593,     -0.7435477244,       -0.77965001,       2.558287988,     -0.6102599501,       4.464306863
          0,           0,        4044,       -2.84417846,     -0.7181321541,     -0.7538975859,       2.551339528,     -0.6106195843,       4.508034888
          0,           0,        4045,      -2.865844418,     -0.7220518953,     -0.7328819115,       2.529879528,     -0.6109899848,       4.366087206
          0,           0,        4046,      -2.863414393,     -0.7175601223,     -0.7212446151,       2.532659793,     -0.6113576291,       4.325961743
          0,           0,        4047,      -2.876168382,     -0.7386708168,     -0.7328608062,       2.519362036,     -0.6117350021,       4.296413101
          0,           0,        4048,      -2.859116497,     -0.7251696105,     -0.7683583386,       2.536191492,     -0.6121219724,       4.501430223
          0,           0,        4049,      -2.875747433,      -0.698726239,     -0.7153183439,       2.518167604,     -0.6125109185,        4.67974122
          0,           0,        4050,      -2.876967697,     -0.7063914656,     -0.7106345167,        2.51928589,      -0.612910185,       4.578956513
          0,           0,        4051,      -2.876453958,     -0.6977180829,     -0.7366903591,       2.519329185,      -0.613317687,       4.235025844
          0,           0,        4052,      -2.902472951,     -0.7151472143,     -0.7308437247,        2.49254513,     -0.6137362601,       4.513438626
          0,           0,        4053,      -2.885177697,     -0.6868200009,     -0.7140005871,         2.5093644,     -0.6141614754,       4.568983587
          0,           0,        4054,      -2.884388127,     -0.6878163126,     -0.7002838216,       2.511210384,     -0.6145880471,       4.449229519
          0,           0,        4055,       -2.87845219,      -0.694504022,     -0.7302049267,       2.516708374,     -0.6150095542,       4.356074131
          0,           0,        4056,      -2.886403787,     -0.7218885487,     -0.7463114062,       2.508958969,     -0.6154461311,       4.329096392
          0,           0,        4057,      -2.867462541,      -0.717532459,     -0.7570067691,        2.52715034,      -0.615895205,       4.421804733
          0,           0,        4058,      -2.878593765,     -0.7274018495,      -0.744894892,       2.515340729,     -0.6163352252,       4.511645168
          0,           0,        4059,      -2.866145871,     -0.7243952641,     -0.7524357282,       2.528275847,     -0.6167919203,       4.330700211
          0,           0,        4060,      -2.862924857,     -0.7531273203,     -0.7784726106,        2.53153141,       -0.61726116,       4.262372485
          0,           0,        4061,      -2.847458763,     -0.7181726724,     -0.7573788456,        2.54738626,     -0.6177285798,       4.501226263
          0,           0,        4062,      -2.852703324,     -0.7257779399,     -0.7782943769,       2.542475251,     -0.6182069691,       4.476976755
          0,           0,        4063,      -2.851745777,     -0.6947942519,      -0.719642646,       2.544156426,     -0.6186760286,       4.393799879
          0,           0,        4064,      -2.867768724,     -0.7144146968,     -0.7593193728,       2.527188243,     -0.6191687599,       4.336613928
          0,           0,        4065,      -2.849196181,     -0.7095787272,     -0.7589402447,       2.545975795,     -0.6196519252,        4.45601465
          0,           0,        4066,      -2.856620529,     -0.7082558775,     -0.7279288885,        2.53822549,     -0.6201526081,       4.575339696
          0,           0,        4067,      -2.853131309,     -0.7172886093,     -0.7372941253,       2.542629158,     -0.6206501791,       4.606954406
          0,           0,        4068,      -2.857527999,     -0.7011319857,     -0.7258664044,       2.537594467,     -0.6211595597,       4.256598619
          0,           0,        4069,      -2.870778635,     -0.7319576584,     -0.7484986231,       2.524627968,     -0.6216834356,       4.443979333
          0,           0,        4070,       -2.86165703,     -0.6746650347,     -0.7143789622,       2.533396408,     -0.6222084957,       4.562695901
          0,           0,        4071,      -2.868660809,     -0.6866513698,     -0.7262325415,       2.525834487,     -0.6227363281,       4.557540169
          0,           0,        4072,      -2.873985381,     -0.6340171555,      -0.671746828,       2.520518591,     -0.6232631002,       4.420806868
          0,           0,        4073,      -2.883759221,     -0.6676107537,     -0.7032932616,       2.511617038,     -0.6237710834,       4.329682852
          0,           0,        4074,      -2.881110132,     -0.6469155929,     -0.7226973365,       2.513958486,      -0.624282891,       4.408972381
          0,           0,        4075,      -2.874797038,     -0.6334419686,     -0.6948997237,       2.519431906,     -0.6247888876,       4.602468467
          0,           0,        4076,      -2.875422974,     -0.6602393249,     -0.7278566182,       2.519451934,     -0.6253015244,       4.674628838
          0,           0,        4077,      -2.874563554,     -0.6473598923,     -0.6951392888,       2.520075002,     -0.6258173769,       4.274093131
          0,           0,        4078,      -2.880701549,     -0.6673809343,     -0.7229546622,       2.514011803,     -0.6263248504,       4.454653547
          0,           0,        4079,      -2.852896463,     -0.6769733299,      -0.719237794,       2.542193819,     -0.6268281183,       4.536066799
          0,           0,        4080,      -2.889029215,     -0.7296088406,     -0.7471075413,       2.504956607,     -0.6273455993,       4.502233228
          0,           0,        4081,        -2.8703184,     -0.6934242326,     -0.7149542276,       2.524042348,     -0.6278509675,       4.416120501
          0,           0,        4082,      -2.892590551,     -0.7127200202,     -0.7057613969,       2.500706675,     -0.6283534331,       4.374212028
          0,           0,        4083,      -2.863895223,     -0.7234127115,     -0.7511363479,       2.532513945,     -0.6288357673,       4.350194471
          0,           0,        4084,      -2.886521461,     -0.6707161501,     -0.7060376527,       2.505224597,     -0.6293160622,       4.588262488
          0,           0,        4085,      -2.877374937,     -0.7090531147,     -0.7218558841,       2.518288269,     -0.6297699626,       4.601272485
          0,           0,        4086,       -2.88824838,     -0.6652455476,     -0.7064692064,       2.505134252,     -0.6301924883,       4.365740668
          0,           0,        4087,       -2.90291569,     -0.7129618026,      -0.728415231,       2.492171617,     -0.6306219272,       4.470342057
          0,           0,        4088,      -2.875175094,     -0.6655590792,     -0.7086192761,       2.518352798,     -0.6310313358,       4.551212291
          0,           0,        4089,      -2.894077795,     -0.7131781337,     -0.7357713228,       2.500240157,     -0.6314309857,       4.484543325
          0,           0,        4090,      -2.870117539,     -0.6676607712,     -0.7141186286,       2.523565864,     -0.6318127834,       4.414579431
          0,           0,        4091,      -2.899857642,     -0.6837228191,     -0.7073704308,       2.493899736,     -0.6321939991,       4.357163087
          0,           0,        4092,      -2.864773404,     -0.7059397143,     -0.7427698293,       2.530636009,     -0.6325920036,        4.42070294
          0,           0,        4093,      -2.870978821,     -0.7237399806,     -0.7447028191,       2.522744643,     -0.6329591032,       4.608281447
          0,           0,        4094,      -2.864954947,     -0.7616208297,     -0.7614086177,       2.531126343,     -0.6332951814,       4.579005374
          0,           0,        4095,      -2.875532713,     -0.6992209347,      -0.724122631,       2.518455801,      -0.633606309,       4.251689092
          0,           0,        4096,      -2.861765969,     -0.7141725442,     -0.7308654372,       2.534368309,     -0.6338860598,       4.460523831
          0,           0,        4097,      -2.849799562,     -0.6852996007,     -0.7194338996,       2.546972469,     -0.6341718603,       4.542673429
          0,           0,        4098,      -2.871173748,     -0.6793612774,     -0.7063661658,       2.522202258,     -0.6344274735,       4.416790763
          0,           0,        4099,      -2.878647736,     -0.6776487586,     -0.7094393418,       2.516222254,     -0.6346561966,       4.364235663
          0,           0,        4100,      -2.878186762,     -0.6890091523,     -0.7128051516,       2.516418001,     -0.6348806106,        4.31290616
          0,           0,        4101,      -2.865489004,     -0.7042504513,     -0.7439369692,        2.52976874,     -0.6351037525,       4.463061926
          0,           0,        4102,      -2.860988646,     -0.6940646937,     -0.7408589994,       2.532497977,     -0.6352924249,       4.647860744
          0,           0,        4103,      -2.861186124,     -0.7046507721,     -0.7062045875,       2.534513569,     -0.6354773852,       4.575645607
          0,           0,        4104,      -2.861408259,     -0.6949593465,     -0.7146624028,       2.533378452,     -0.6356416794,        4.28026771
          0,           0,        4105,      -2.865729594,     -0.7634712146,     -0.7650143185,       2.529659504,     -0.6358022984,       4.506117522
          0,           0,        4106,      -2.850684056,     -0.6825297358,     -0.6911790868,       2.543993535,     -0.6359477631,       4.557954208
          0,           0,        4107,      -2.861544789,     -0.7298968553,      -0.737454653,       2.534110853,     -0.6360795297,       4.451303995
          0,           0,        4108,      -2.853730886,     -0.7001952715,     -0.7269848577,       2.541782488,     -0.6361897257,       4.367898604
          0,           0,        4109,      -2.879512657,     -0.7024744253,     -0.7478326524,        2.51571368,     -0.6363157584,       4.348939203
          0,           0,        4110,      -2.850219497,     -0.6673313064,     -0.7325209742,       2.545843263,      -0.636392607,       4.426533694
          0,           0,        4111,      -2.861120321,     -0.6892084499,     -0.7186436081,       2.534037102,      -0.636443942,       4.537253795
          0,           0,        4112,       -2.86732565,     -0.6597255161,     -0.7018509359,       2.527754542,     -0.6364730867,       4.513679375
          0,           0,        4113,      -2.858685742,     -0.6812699951,     -0.7155676802,       2.536607528,      -0.636499633,       4.249046322
          0,           0,        4114,      -2.847597912,     -0.6829454055,     -0.7084688248,       2.548553417,     -0.6364995081,       4.494422971
          0,           0,        4115,      -2.845977315,     -0.6712608146,     -0.7230258937,       2.549962254,      -0.636482588,       4.548715729
          0,           0,        4116,      -2.875095835,     -0.6702988652,     -0.7129933411,       2.519275301,     -0.6364556633,       4.370494984
          0,           0,        4117,      -2.872150374,     -0.6983260622,     -0.7350759695,       2.523221775,     -0.6364322045,        4.30104334
          0,           0,        4118,      -2.874956568,      -0.715452764,     -0.7622886899,        2.52012537,     -0.6363907073,       4.264089819
          0,           0,        4119,      -2.866209436,     -0.6966888143,     -0.7672865441,       2.528536693,     -0.6363417046,       4.463701184
          0,           0,        4120,      -2.858774975,     -0.6887028282,     -0.7472928406,       2.535965193,     -0.6362790144,       4.639944057
          0,           0,        4121,      -2.879863214,     -0.6809382363,     -0.7269316361,        2.51488809,     -0.6361966184,       4.499360169
          0,           0,        4122,      -2.868296973,      -0.692728322,      -0.748844096,       2.527264376,      -0.636115555,       4.260215755
          0,           0,        4123,      -2.868346371,     -0.6595334443,     -0.7237539722,       2.526632064,     -0.6360111667,       4.498277275
          0,           0,        4124,      -2.851372284,     -0.7009316231,     -0.7578342709,       2.543428816,     -0.6358920341,       4.545300237
          0,           0,        4125,      -2.852441176,      -0.646833287,     -0.6967431962,       2.542086128,     -0.6357505623,        4.44477598
          0,           0,        4126,      -2.852701359,     -0.6679950125,     -0.7143833943,       2.542178948,     -0.6355930124,       4.305485962
          0,           0,        4127,      -2.854432081,     -0.6988813102,     -0.7616217869,       2.542311968,     -0.6354282267,       4.314912836
          0,           0,        4128,       -2.83865627,     -0.6872063452,     -0.7458092811,       2.557092425,     -0.6352434007,       4.572293641
          0,           0,        4129,      -2.857224331,     -0.7051772767,     -0.7659178912,       2.538492496,     -0.6350292995,       4.647200976
          0,           0,        4130,      -2.851876512,      -0.691630466,     -0.7284693286,       2.543226585,      -0.634807887,       4.567748726
          0,           0,        4131,      -2.870527046,      -0.714432491,     -0.7562789061,       2.524497217,     -0.6345716555,       4.355629239
          0,           0,        4132,      -2.856329517,     -0.6678016381,     -0.7411101284,       2.538666593,      -0.634331089,       4.543470659
          0,           0,        4133,      -2.871051601,     -0.6892355281,     -0.7597344657,       2.521960848,     -0.6340762662,       4.577076703
          0,           0,        4134,      -2.865193913,     -0.6516114952,     -0.7176327308,         2.5291004,     -0.6338151888,         4.4021992
          0,           0,        4135,      -2.878179078,      -0.671806827,     -0.7257344305,       2.515767247,      -0.633553855,       4.396731647
          0,           0,        4136,      -2.879802155,     -0.6729171589,     -0.7336164967,       2.515180736,     -0.6332763251,       4.358940791
          0,           0,        4137,      -2.872691759,     -0.6523469246,     -0.7051067612,       2.521507415,     -0.6330174262,       4.439470294
          0,           0,        4138,      -2.877815746,     -0.7004271051,     -0.7473410266,       2.516582455,     -0.6327211877,       4.564108728
          0,           0,        4139,      -2.867808962,     -0.6837819883,     -0.7144422426,       2.526994677,     -0.6324386514,       4.132510781
          0,           0,        4140,      -2.883018892,     -0.7276890533,     -0.7715016773,       2.511084047,     -0.6321293873,       4.328144328
          0,           0,        4141,      -2.862015641,     -0.6854407102,     -0.7247113401,       2.532813866,     -0.6318015238,        4.50165905
          0,           0,        4142,      -2.881862749,     -0.7262661142,     -0.7503668072,       2.512604528,     -0.6314702969,       4.487882568
          0,           0,        4143,      -2.877336063,     -0.7170150874,     -0.7455247348,       2.517387673,     -0.6311419063,        4.32656173
          0,           0,        4144,      -2.903261465,     -0.7308292709,     -0.7385084794,       2.489696215,     -0.6308317547,       4.264353868
          0,           0,        4145,      -2.864577495,     -0.7237428474,     -0.7580872018,       2.530209518,     -0.6305227057,       4.393702127
          0,           0,        4146,      -2.879189303,     -0.6903177738,     -0.7095342708,       2.514248082,      -0.630205577,       4.576265987
          0,           0,        4147,      -2.855012347,     -0.7222589037,     -0.7306220103,       2.540382454,     -0.6298847913,       4.552019814
          0,           0,        4148,      -2.866061392,     -0.7027896159,     -0.7054986971,       2.527185918,     -0.6295516769,       4.267215729
          0,           0,        4149,      -2.853505981,     -0.7310677488,     -0.7380086305,       2.542235888,     -0.6292253765,        4.44638671
          0,           0,        4150,       -2.84479926,     -0.7081209804,     -0.7324239691,       2.549660462,     -0.6289150603,       4.551234064
          0,           0,        4151,      -2.843457126,     -0.7446115196,     -0.7548297863,       2.553021586,     -0.6286230882,       4.435681434
          0,           0,        4152,      -2.847740056,     -0.6972881993,     -0.7043494287,       2.547456634,     -0.6283301205,       4.372431869
          0,           0,        4153,      -2.867332823,     -0.7639227758,     -0.7480284314,       2.527805853,     -0.6280754759,       4.329355453
          0,           0,        4154,      -2.857911404,     -0.7175122804,      -0.751769148,       2.537807188,     -0.6278029949,       4.375577218
          0,           0,        4155,      -2.853334462,     -0.7030192347,     -0.7348857599,       2.542351327,     -0.6275358498,        4.51296274
          0,           0,        4156,      -2.867813812,     -0.6893116816,     -0.7256535683,       2.527220554,     -0.6272847921,       4.458620529
          0,           0,        4157,      -2.868958977,     -0.6819911687,     -0.7006235781,       2.525987314,     -0.6270149639,       4.406838926
          0,           0,        4158,      -2.850485866,     -0.6877411112,     -0.7216283819,       2.545668682,     -0.6267544058,       4.544442208
          0,           0,        4159,      -2.845831995,     -0.6707164282,     -0.7251619069,       2.549553331,     -0.6264959517,       4.556582173
          0,           0,        4160,      -2.874929853,     -0.6251439939,     -0.6721888748,       2.519431371,     -0.6262664373,        4.35248979
          0,           0,        4161,      -2.868983281,     -0.6470657087,     -0.7099054251,       2.526078235,     -0.6260684469,       4.291361278
          0,           0,        4162,      -2.879286148,     -0.6836885524,     -0.7056549463,       2.516305808,     -0.6258805494,       4.298194128
          0,           0,        4163,      -2.864185294,     -0.6658560818,     -0.7299799911,       2.531165375,     -0.6257118713,       4.524262948
          0,           0,        4164,      -2.870198155,     -0.6616183562,     -0.7131272902,       2.524180666,     -0.6255499344,       4.661735856
          0,           0,        4165,      -2.886595746,     -0.6728329262,     -0.7213788167,       2.507918643,     -0.6254086946,        4.57197785
          0,           0,        4166,       -2.87939636,     -0.7026142018,     -0.7372425942,       2.515358072,     -0.6252700718,       4.371715167
          0,           0,        4167,      -2.872290639,     -0.7179403956,     -0.7263377985,       2.522583858,     -0.6251378035,       4.537478899
          0,           0,        4168,      -2.858305302,     -0.7179115118,      -0.748702317,       2.536281458,     -0.6250382259,       4.577484819
          0,           0,        4169,      -2.859708968,      -0.679500662,     -0.6943987204,       2.534312893,     -0.6249768061,       4.413396018
          0,           0,        4170,      -2.858791292,     -0.7121321668,     -0.7098618163,       2.535837314,     -0.6249545248,       4.343287689
          0,           0,        4171,      -2.847274913,     -0.7084146227,      -0.749496173,       2.549570994,     -0.6249186327,       4.315446567
          0,           0,        4172,      -2.847565679,     -0.7140601153,     -0.7386753514,       2.546920861,     -0.6248827315,       4.545506499
          0,           0,        4173,      -2.850855875,     -0.7215319218,     -0.7316756177,       2.545128014,     -0.6248578491,       4.583758143
          0,           0,        4174,      -2.851062877,     -0.7055825568,     -0.7167886557,       2.543806664,     -0.6248595227,       4.406355924
          0,           0,        4175,      -2.865013678,     -0.7481976471,     -0.7657574707,       2.530802711,      -0.624861907,       4.310317471
          0,           0,        4176,      -2.835867214,     -0.7054183703,     -0.7286567237,       2.559821719,     -0.6248893273,       4.517034839
          0,           0,        4177,      -2.855539301,     -0.7142751516,     -0.7314061262,       2.539357739,     -0.6249284263,       4.510165243
          0,           0,        4178,      -2.863462591,     -0.6469789812,     -0.6867541733,       2.531216706,     -0.6249992112,       4.376176372
          0,           0,        4179,      -2.878767382,     -0.6616369324,     -0.6952595357,       2.516119347,     -0.6251036194,       4.288160161
          0,           0,        4180,      -2.867216642,     -0.6838986333,     -0.6974194302,       2.528957719,     -0.6252311154,       4.422299948
          0,           0,        4181,      -2.866207165,     -0.6402357239,     -0.6842892273,       2.528232471,       -0.62537446,         4.6091131
          0,           0,        4182,      -2.882207262,     -0.6597788105,     -0.7037150607,       2.513807701,     -0.6255319225,       4.597340479
          0,           0,        4183,      -2.891172785,     -0.6409783157,     -0.6699532741,       2.503177368,     -0.6256819589,       4.276247401
          0,           0,        4184,      -2.905845915,      -0.714609158,     -0.7191225438,       2.488873184,     -0.6258572129,       4.455759943
          0,           0,        4185,      -2.873512542,     -0.6922586535,     -0.7250368696,       2.521697532,     -0.6260503085,       4.535117347
          0,           0,        4186,      -2.910622002,     -0.7309150586,     -0.7023995313,       2.483010127,     -0.6262672637,        4.55120547
          0,           0,        4187,      -2.891367361,     -0.7026566205,     -0.6849165142,       2.503338384,     -0.6265281593,       4.440015955
          0,           0,        4188,      -2.915321585,     -0.7392168817,     -0.7212723381,       2.478365376,     -0.6268080997,       4.426813789
          0,           0,        4189,      -2.887183103,     -0.7278709449,     -0.7063975188,       2.507707233,     -0.6270973418,       4.341298113
          0,           0,        4190,      -2.894032341,     -0.7206310789,     -0.7229691686,       2.498717911,     -0.6274121282,       4.473781845
          0,           0,        4191,      -2.871090389,     -0.7452707972,     -0.7425673741,       2.523743134,     -0.6277108016,       4.508753971
          0,           0,        4192,      -2.863100956,     -0.7029067368,     -0.7288602316,       2.531311267,     -0.6280307188,       4.263308042
          0,           0,        4193,       -2.85219182,     -0.7317564353,     -0.7552929213,       2.543746255,     -0.6283626692,        4.43057733
          0,           0,        4194,      -2.842293182,     -0.7188469901,     -0.7652297888,       2.553301502,     -0.6287342369,       4.486959292
          0,           0,        4195,      -2.864052444,     -0.7198502152,     -0.7415878332,        2.53151163,     -0.6291422476,       4.339177588
          0,           0,        4196,      -2.858019857,     -0.7230199148,     -0.7598200199,       2.537191913,     -0.6295772393,       4.187586217
          0,           0,        4197,      -2.865979594,     -0.7667766941,     -0.7897019153,       2.529346702,     -0.6300219149,       4.305436542
          0,           0,        4198,      -2.856623742,     -0.7479253661,     -0.7749996462,       2.538503731,     -0.6304624569,       4.534259831
          0,           0,        4199,      -2.862279956,     -0.7502934273,      -0.764490838,       2.532726132,     -0.6309244694,       4.608750305
          0,           0,        4200,      -2.858327998,     -0.7288363355,     -0.7468319846,       2.537658964,     -0.6314051288,       4.457151653
          0,           0,        4201,      -2.858630044,     -0.6867213804,     -0.7225392444,        2.53734298,     -0.6319039231,       4.450614583
          0,           0,        4202,      -2.866663964,     -0.7207474132,     -0.7387114123,        2.52912673,     -0.6324194777,       4.570812132
          0,           0,        4203,      -2.851609645,     -0.6744478008,     -0.7439588951,       2.544053907,     -0.6329321468,       4.574422861
          0,           0,        4204,      -2.862936409,      -0.686394652,     -0.7054269247,       2.532785796,      -0.633480463,       4.439899208
          0,           0,        4205,      -2.875970618,     -0.6865290253,      -0.720978964,       2.519712845,     -0.6340883971,       4.413689566
          0,           0,        4206,      -2.886290762,     -0.6954608737,     -0.7469349369,         2.5092066,       -0.63467152,       4.331424737
          0,           0,        4207,      -2.870761123,      -0.701792617,     -0.7370087447,       2.524918794,     -0.6352810658,        4.46515717
          0,           0,        4208,      -2.884201224,     -0.6597473315,      -0.694757523,       2.510099377,     -0.6359396696,        4.62513912
          0,           0,        4209,      -2.886815561,     -0.6871324659,       -0.73167219,       2.508483104,     -0.6365955033,        4.57462136
          0,           0,        4210,      -2.882442263,     -0.6779681195,     -0.6788490565,       2.512181419,     -0.6372498064,       4.342361473
          0,           0,        4211,      -2.879035684,     -0.7637003829,      -0.752376576,       2.516353102,     -0.6379577676,       4.504280492
          0,           0,        4212,      -2.855575749,      -0.708828559,     -0.7284395342,       2.539993958,     -0.6386908337,       4.556676906
          0,           0,        4213,      -2.874434121,     -0.7469473376,     -0.7277592317,       2.520873992,     -0.6394613596,        4.42824638
          0,           0,        4214,      -2.868165634,     -0.7022972239,     -0.7354319889,       2.527999586,     -0.6402589309,       4.394572097
          0,           0,        4215,      -2.880502272,     -0.7477894288,     -0.7563322104,       2.515116428,     -0.6410817355,       4.368819805
          0,           0,        4216,      -2.872445389,     -0.7039197959,     -0.7415725377,       2.522308896,     -0.6419090364,        4.46225383
          0,           0,        4217,      -2.854455743,      -0.725263668,     -0.7652379073,       2.540688457,      -0.642741796,       4.575022094
          0,           0,        4218,      -2.866699404,     -0.6821166903,     -0.7314233129,       2.528655352,     -0.6436052739,       4.545806454
          0,           0,        4219,      -2.872637131,     -0.7315543578,     -0.7202901411,       2.522331093,     -0.6444495707,       4.293314317
          0,           0,        4220,      -2.863807178,     -0.7432655963,     -0.7737412342,        2.53259891,     -0.6453568534,         4.4740766
          0,           0,        4221,      -2.869880762,     -0.7503176932,     -0.7729682379,       2.526121497,     -0.6462256687,       4.535456199
          0,           0,        4222,      -2.881088351,     -0.7716508925,     -0.7598288443,        2.51273409,     -0.6471693243,       4.443114799
          0,           0,        4223,      -2.865819624,     -0.7474516309,     -0.7830834952,        2.52938436,     -0.6481037016,       4.468679115
          0,           0,        4224,       -2.87050567,      -0.772370996,     -0.7827339789,       2.524867443,     -0.6490289231,       4.410822412
          0,           0,        4225,       -2.86009775,     -0.7061372321,     -0.7660371173,       2.535863528,     -0.6499399635,       4.525118281
          0,           0,        4226,      -2.866337793,     -0.7158308747,     -0.7633246256,       2.529262425,     -0.6508543916,        4.59613265
          0,           0,        4227,      -2.874318372,     -0.6920580366,     -0.7441605878,       2.521447419,     -0.6517740929,       4.494059626
          0,           0,        4228,      -2.869366379,     -0.6822133279,     -0.7486007371,       2.526769008,     -0.6527138247,       4.356492094
          0,           0,        4229,      -2.878351047,     -0.7068891715,     -0.7512695724,       2.517236303,     -0.6536771571,       4.518339668
          0,           0,        4230,      -2.861098155,     -0.6964205146,     -0.7458526986,       2.534178266,     -0.6546440213,       4.550811497
          0,           0,        4231,      -2.879433163,     -0.6816956501,     -0.7325024082,       2.515372439,     -0.6556208472,       4.415006681
          0,           0,        4232,      -2.880349396,     -0.7010404481,     -0.7582722079,       2.515422162,     -0.6565865388,       4.393331385
          0,           0,        4233,      -2.873483321,     -0.7305748793,     -0.7731481859,       2.522616307,     -0.6575372024,       4.359263821
          0,           0,        4234,      -2.877283694,     -0.7244074154,      -0.764232329,       2.517230323,     -0.6584970969,       4.511020301
          0,           0,        4235,      -2.868817318,     -0.7280141403,     -0.7533476692,       2.526634574,      -0.659427008,       4.608866288
          0,           0,        4236,      -2.882958042,     -0.7290317153,     -0.7317414174,       2.511871145,     -0.6603548338,       4.429041958
          0,           0,        4237,      -2.874305501,     -0.7217822927,     -0.7331208264,       2.520943524,     -0.6612487052,       4.349094139
          0,           0,        4238,      -2.864220286,     -0.7325686683,     -0.7350174841,       2.530194796,     -0.6621671148,       4.541873027
          0,           0,        4239,      -2.861185192,     -0.7442593378,     -0.7624711874,        2.53414893,     -0.6630678487,       4.545248895
          0,           0,        4240,      -2.869788189,     -0.6879450638,     -0.6782724286,       2.524109984,     -0.6640111497,       4.394544911
          0,           0,        4241,      -2.860995941,     -0.7273760041,     -0.7465432852,       2.533979892,     -0.6649271452,       4.208473587
          0,           0,        4242,      -2.866971948,     -0.7288103931,     -0.7499295689,       2.528251406,     -0.6658447392,       4.415848563
          0,           0,        4243,      -2.867986912,      -0.726091559,     -0.7391288419,       2.526541483,     -0.6667248324,       4.585258052
          0,           0,        4244,      -2.870959382,     -0.7115326215,      -0.739972465,       2.524530512,     -0.6675681489,       4.680727299
          0,           0,        4245,      -2.879290542,     -0.6896430135,     -0.7077353783,       2.515358758,     -0.6684319443,       4.437012861
          0,           0,        4246,        -2.8721485,     -0.7305207401,     -0.7276168969,       2.523499532,       -0.66926251,         4.4474902
          0,           0,        4247,      -2.862456177,     -0.7084021867,     -0.7415750629,       2.533432772,     -0.6701091302,       4.564080259
          0,           0,        4248,      -2.871750301,     -0.7153465066,     -0.7456210398,       2.523097035,     -0.6709605644,       4.579779842
          0,           0,        4249,      -2.871138491,     -0.7004894674,     -0.7138525255,       2.523634056,     -0.6718048464,       4.449107624
          0,           0,        4250,      -2.892257211,     -0.7057025408,     -0.7624066578,        2.50198785,       -0.67265456,       4.434988901
          0,           0,        4251,      -2.875408065,      -0.714162357,      -0.759313964,       2.520105683,     -0.6734498243,       4.345533638
          0,           0,        4252,      -2.863494967,     -0.7016141854,     -0.7410004855,       2.531680629,     -0.6742418117,       4.490167301
          0,           0,        4253,      -2.866629031,     -0.7090179633,     -0.7413648758,       2.529225875,     -0.6750029305,       4.573444263
          0,           0,        4254,       -2.86638762,     -0.7207745753,     -0.7277376108,        2.52947908,     -0.6757278748,        4.27749283
          0,           0,        4255,      -2.870730373,     -0.7613043975,     -0.7856142416,        2.52484374,     -0.6764428573,       4.329606934
          0,           0,        4256,      -2.858629723,     -0.7082454083,     -0.7388010093,        2.53671377,     -0.6771182012,       4.536063665
          0,           0,        4257,      -2.867494789,     -0.7211932945,     -0.7284328931,       2.528183283,     -0.6777889286,       4.527250789
          0,           0,        4258,      -2.876517289,     -0.7218136832,     -0.7323158357,       2.519362334,     -0.6784575133,       4.405900384
          0,           0,        4259,       -2.88129294,     -0.7440206959,     -0.7431260807,       2.513800684,     -0.6791525652,       4.260569536
          0,           0,        4260,       -2.86052804,     -0.7115486118,     -0.7091247064,       2.535031415,     -0.6798081293,       4.386393326
          0,           0,        4261,      -2.870007823,     -0.7365307398,     -0.7611020033,       2.525641265,     -0.6804839252,       4.510619234
          0,           0,        4262,      -2.869155078,     -0.7109545168,     -0.7530942698,       2.525702246,     -0.6810857033,       4.540450821
          0,           0,        4263,      -2.859411899,     -0.7057889314,     -0.7089587992,       2.536170406,     -0.6816742617,       4.226915559
          0,           0,        4264,      -2.844137341,     -0.7051962059,     -0.7444253136,       2.552280871,     -0.6822521411,         4.4789378
          0,           0,        4265,      -2.837228779,     -0.7077016379,     -0.7332658306,       2.559971293,     -0.6828125584,        4.54860635
          0,           0,        4266,      -2.864240848,     -0.7298777069,     -0.7372653144,       2.532246951,     -0.6833828698,       4.426836245
          0,           0,        4267,      -2.851639297,     -0.7313697739,     -0.7269705583,       2.544854105,     -0.6839537101,       4.364648466
          0,           0,        4268,      -2.860530916,      -0.734702908,     -0.7491887498,       2.535525653,     -0.6845199081,       4.356153096
          0,           0,        4269,      -2.850164583,     -0.7428629603,     -0.7102705381,       2.546719216,     -0.6850691677,       4.430154829
          0,           0,        4270,      -2.853053979,     -0.7086905989,     -0.7259934777,       2.542342398,      -0.685553099,       4.642578159
          0,           0,        4271,      -2.866270264,     -0.7498312514,     -0.7638628112,       2.529930914,     -0.6860027302,       4.616224173
          0,           0,        4272,      -2.870730313,     -0.6841016654,     -0.7153868726,       2.524537376,      -0.686440847,       4.156029432
          0,           0,        4273,      -2.870405755,     -0.7376551708,     -0.7560909668,       2.525688182,     -0.6868485217,       4.456355496
          0,           0,        4274,      -2.860912361,     -0.6512001106,     -0.7239883217,       2.534267556,     -0.6872213622,       4.550983027
          0,           0,        4275,      -2.876630284,     -0.6654804559,     -0.7276722751,       2.517744043,     -0.6875528985,       4.538336558
          0,           0,        4276,      -2.885043926,      -0.638258836,     -0.6942848588,       2.509864552,     -0.6879222785,       4.393648137
          0,           0,        4277,      -2.900885082,     -0.6851325916,     -0.7295460278,       2.494169495,     -0.6882630973,       4.269001968
          0,           0,        4278,      -2.883971312,     -0.6895761149,     -0.7592064805,       2.511672396,     -0.6886534327,       4.341777772
          0,           0,        4279,      -2.874237021,     -0.6558470142,     -0.7155365648,       2.520182656,     -0.6890014318,       4.564734659
          0,           0,        4280,      -2.881450786,     -0.6826323731,     -0.7385141461,       2.514311091,     -0.6893718934,       4.569790712
          0,           0,        4281,      -2.894915503,     -0.6644450244,     -0.6955638635,       2.498106891,     -0.6896501315,       4.251316131
          0,           0,        4282,      -2.893418934,     -0.7020280394,      -0.733778735,       2.501538641,     -0.6899223047,       4.493946483
          0,           0,        4283,      -2.868323753,     -0.6753929003,     -0.7166815836,       2.526326757,     -0.6901950702,       4.567673843
          0,           0,        4284,      -2.874112112,     -0.7081755981,     -0.7286698042,       2.520962167,     -0.6904298622,       4.516321815
          0,           0,        4285,      -2.882329813,     -0.6635919157,     -0.6895398238,       2.512306366,     -0.6906615608,       4.419565984
          0,           0,        4286,      -2.882923135,     -0.7325338866,      -0.746870508,       2.512472446,      -0.690891088,       4.336266794
          0,           0,        4287,      -2.868859541,     -0.7201883186,     -0.7385507118,       2.526279455,     -0.6911232798,       4.513511439
          0,           0,        4288,      -2.875628657,     -0.7086057213,     -0.7299071793,       2.518026179,     -0.6913618347,       4.645685262
          0,           0,        4289,      -2.863781986,     -0.7303325677,     -0.7280298126,        2.53228821,      -0.691577028,       4.680698898
          0,           0,        4290,      -2.869781729,     -0.6912430516,     -0.6735917767,        2.52479268,     -0.6917299892,       4.370208047
          0,           0,        4291,      -2.873028748,     -0.7608886003,      -0.742098097,       2.523124403,     -0.6918662226,       4.505730295
          0,           0,        4292,      -2.849258238,     -0.7071859344,     -0.7255724395,       2.545866981,     -0.6919706356,       4.581572744
          0,           0,        4293,      -2.883665681,     -0.7344594032,      -0.716295096,       2.511122191,     -0.6920412754,       4.538380635
          0,           0,        4294,      -2.855649226,     -0.6990543753,     -0.7113967251,       2.539694771,      -0.692085886,       4.377395668
          0,           0,        4295,       -2.87724205,     -0.6930657356,     -0.7134953288,       2.517166638,     -0.6921188766,       4.418205184
          0,           0,        4296,      -2.860502833,     -0.7006389384,     -0.7417689747,       2.535527584,     -0.6921745466,       4.359067481
          0,           0,        4297,      -2.861693012,     -0.6608335618,     -0.7124892033,       2.533317224,     -0.6922119605,       4.559504515
          0,           0,        4298,      -2.857580202,     -0.6791551432,     -0.7075565074,       2.538510162,     -0.6922816714,       4.574333005
          0,           0,        4299,       -2.87249546,     -0.6251294299,     -0.6750550005,       2.522686585,     -0.6922943014,       4.268558964
          0,           0,        4300,      -2.860690835,     -0.6287507844,     -0.7200625979,       2.535421744,     -0.6923076694,       4.474271269
          0,           0,        4301,       -2.86110402,     -0.6222822284,     -0.6737643657,        2.53428462,     -0.6922658918,       4.553583565
          0,           0,        4302,      -2.864369855,     -0.6392648202,     -0.6659837944,       2.531850884,      -0.692219599,       4.492259668
          0,           0,        4303,      -2.873245028,     -0.6131800637,     -0.6780170765,       2.523322633,     -0.6921572486,       4.374608671
          0,           0,        4304,      -2.893143664,     -0.6688773102,     -0.6839483681,       2.503324931,     -0.6920921069,       4.354156702
          0,           0,        4305,      -2.868127179,     -0.6633043982,     -0.6949163846,       2.529649229,     -0.6920490461,       4.322725635
          0,           0,        4306,      -2.874816904,     -0.6755724167,     -0.6985140915,       2.520131498,     -0.6919927902,        4.50248977
          0,           0,        4307,      -2.875252442,     -0.6893236695,     -0.7259423246,       2.520849996,     -0.6919007715,       4.462027612
          0,           0,        4308,      -2.875991126,     -0.7067967995,     -0.7014894335,       2.518381787,     -0.6917709461,       4.281970146
          0,           0,        4309,      -2.871684431,     -0.7346562143,     -0.7515410033,       2.524071419,       -0.69160198,       4.461986327
          0,           0,        4310,       -2.85952541,     -0.7009619483,     -0.7175249044,       2.535420218,     -0.6914429099,       4.525678052
          0,           0,        4311,       -2.86337857,     -0.6981228698,     -0.7157548471,       2.532153817,     -0.6912509327,       4.388221032
          0,           0,        4312,      -2.856223419,      -0.691855321,     -0.7199274469,       2.539632191,     -0.6910534583,       4.326387359
          0,           0,        4313,      -2.859236405,     -0.7055112387,     -0.7147966564,       2.536537238,     -0.6908535026,       4.304158612
          0,           0,        4314,      -2.843677299,     -0.6817542664,     -0.7321022713,       2.552345564,     -0.6906561991,       4.534925544
          0,           0,        4315,      -2.852021421,     -0.7177054517,      -0.739469626,       2.543692197,     -0.6904053885,        4.63668697
          0,           0,        4316,      -2.850569906,     -0.7097942455,     -0.7137084634,       2.545995652,     -0.6901815208,       4.554731911
          0,           0,        4317,      -2.868179562,     -0.7022366251,      -0.716341027,       2.526744701,     -0.6899679556,       4.301414194
          0,           0,        4318,      -2.854459485,     -0.7304998568,     -0.7448056901,       2.541934959,     -0.6897640933,       4.526880073
          0,           0,        4319,      -2.860110948,     -0.7178821169,     -0.7435413159,       2.534877547,     -0.6895382934,       4.563896791
          0,           0,        4320,      -2.875756444,      -0.695855731,     -0.6984333611,       2.519660274,     -0.6892840969,       4.399462353
          0,           0,        4321,      -2.863761931,     -0.6706324779,     -0.6938366425,       2.531752033,     -0.6890781086,       4.407660943
          0,           0,        4322,      -2.873772464,     -0.6590968994,     -0.6757822754,       2.522925777,     -0.6888299968,       4.389508541
          0,           0,        4323,      -2.860751635,     -0.6387403478,     -0.6907023806,       2.535458316,     -0.6885918816,       4.461588893
          0,           0,        4324,      -2.866353625,     -0.6802710433,     -0.7105882306,       2.528834107,     -0.6883662411,       4.563922601
          0,           0,        4325,      -2.854316706,     -0.6526809043,     -0.6967921128,       2.541912122,     -0.6881547336,       4.354806164
          0,           0,        4326,      -2.868232457,      -0.694603331,     -0.7298578867,        2.52761187,     -0.6879478838,       4.329114343
          0,           0,        4327,      -2.831318511,     -0.6733170581,     -0.7148855081,       2.565282423,     -0.6877358616,       4.550031217
          0,           0,        4328,      -2.858726243,     -0.7034515194,     -0.7190878788,       2.537223166,     -0.6874940573,       4.565565198
          0,           0,        4329,      -2.858413661,     -0.6978127886,     -0.7010936395,       2.536803187,     -0.6872436234,       4.476039766
          0,           0,        4330,      -2.863264914,     -0.7267995356,     -0.7277457746,       2.532794925,     -0.6869945694,       4.249183367
          0,           0,        4331,       -2.85042896,     -0.7033222207,     -0.7291006817,       2.546530053,     -0.6867334217,       4.377122556
          0,           0,        4332,      -2.874282074,     -0.6960824707,     -0.7243823598,       2.520193403,     -0.6864714758,       4.540163827
          0,           0,        4333,      -2.862451171,     -0.6905623498,     -0.7447887303,       2.533311422,     -0.6862135495,       4.635408905
          0,           0,        4334,      -2.868814222,     -0.6658456184,     -0.6702064834,       2.525954901,     -0.6859511404,       4.388005098
          0,           0,        4335,      -2.876733213,     -0.6925579932,     -0.7316503206,       2.519837753,     -0.6857092456,       4.427047996
          0,           0,        4336,       -2.85251518,     -0.6805010576,     -0.7080997309,       2.543503983,     -0.6854944808,       4.500658482
          0,           0,        4337,      -2.865907234,     -0.6836077446,     -0.7024986784,       2.528983696,     -0.6852886534,       4.530755921
          0,           0,        4338,      -2.856692231,     -0.6425830005,     -0.6670204603,       2.538675253,      -0.685096033,       4.413942135
          0,           0,        4339,      -2.870772038,     -0.7083988419,       -0.71614512,       2.524596691,      -0.684909969,       4.401963127
          0,           0,        4340,      -2.861517174,     -0.7248236682,     -0.7332956574,       2.535726062,     -0.6847236354,       4.369233956
          0,           0,        4341,      -2.866573445,     -0.6880637748,     -0.6810117275,       2.527730146,     -0.6845647904,       4.575740724
          0,           0,        4342,        -2.8811075,     -0.7456054974,     -0.7330779824,       2.515704281,     -0.6844229021,       4.580262886
          0,           0,        4343,      -2.887287987,     -0.6971041439,     -0.6969676479,       2.507169289,     -0.6842837857,       4.261245056
          0,           0,        4344,      -2.890464391,     -0.7416539998,     -0.7359012896,       2.504558604,     -0.6841598035,        4.41558795
          0,           0,        4345,      -2.867653648,     -0.6730701806,      -0.702499773,        2.52719171,     -0.6840255277,       4.556028887
          0,           0,        4346,      -2.886526065,     -0.6731966485,     -0.6964862862,       2.507889341,     -0.6838847445,       4.488302445
          0,           0,        4347,      -2.883279951,     -0.6679929998,     -0.7057742168,       2.510762591,     -0.6837377595,       4.367543905
          0,           0,        4348,      -2.907182066,     -0.6929494493,     -0.7317518508,        2.48610735,     -0.6836240243,       4.265608118
          0,           0,        4349,      -2.882739462,     -0.6640521128,     -0.7349919212,       2.512721836,     -0.6835088989,       4.366000725
          0,           0,        4350,      -2.886484668,     -0.6743558687,     -0.7177650348,       2.506985821,     -0.6833916759,       4.577829746
          0,           0,        4351,      -2.877780832,     -0.6937489023,     -0.7202344851,       2.518452676,     -0.6833141686,       4.549289905
          0,           0,        4352,      -2.896777057,     -0.6717636618,     -0.7003665597,       2.496071785,     -0.6832488567,       4.234313029
          0,           0,        4353,      -2.893590412,     -0.6963489226,     -0.7061749641,       2.501800575,     -0.6832018769,       4.459897619
          0,           0,        4354,      -2.879269926,     -0.6751219219,     -0.7005634513,       2.515659217,     -0.6831551022,        4.53212438
          0,           0,        4355,      -2.890878034,     -0.6905017382,     -0.6989746914,       2.504228575,     -0.6831375166,       4.436546848
          0,           0,        4356,      -2.885825619,     -0.6809116926,     -0.7029318897,       2.508916453,     -0.6831158694,       4.402442712
          0,           0,        4357,      -2.907956246,     -0.7132365604,     -0.7331553484,       2.486834559,     -0.6830894019,       4.314354009
          0,           0,        4358,      -2.880582764,     -0.6939206909,     -0.7268604402,       2.514919189,     -0.6830997121,       4.442976796
          0,           0,        4359,      -2.889719958,     -0.7164213388,     -0.7374984438,       2.503743947,     -0.6831266667,       4.568431423
          0,           0,        4360,      -2.871974256,     -0.7323025978,     -0.7535157174,       2.524097279,     -0.6831565814,        4.56536358
          0,           0,        4361,      -2.887797014,      -0.707153927,     -0.7178075055,       2.506376041,     -0.6831747007,       4.312741473
          0,           0,        4362,      -2.880888671,     -0.7644197959,     -0.7597192368,       2.515089506,     -0.6832012333,       4.485355237
          0,           0,        4363,      -2.861262156,     -0.7038567119,      -0.727364455,       2.532769457,     -0.6832452861,       4.577292812
          0,           0,        4364,      -2.866341798,     -0.7548175426,     -0.7497220477,       2.530145671,     -0.6832566516,       4.463017882
          0,           0,        4365,      -2.859603477,     -0.7056389128,     -0.7260510965,       2.535650855,     -0.6833267346,       4.369382865
          0,           0,        4366,      -2.882690615,     -0.7427668259,     -0.7644550086,       2.512405249,      -0.683402608,       4.304075777
          0,           0,        4367,      -2.859479892,     -0.6963215776,     -0.7432384486,       2.536770143,     -0.6834392845,       4.449174985
          0,           0,        4368,      -2.862470907,     -0.6946149913,     -0.7120232035,       2.533461539,     -0.6835705904,       4.510988278
          0,           0,        4369,       -2.86472967,     -0.6671296031,     -0.7181349759,       2.530532034,     -0.6836376964,       4.413798399
          0,           0,        4370,      -2.864174971,     -0.6731794194,     -0.7281768686,        2.53137276,      -0.683729209,       4.272337348
          0,           0,        4371,      -2.854520706,     -0.6858138669,     -0.7070456544,       2.542254328,     -0.6838327575,       4.483623873
          0,           0,        4372,      -2.845419874,     -0.6867818874,     -0.7287960719,        2.55032137,     -0.6839586651,       4.538541875
          0,           0,        4373,      -2.878855756,     -0.6910058524,     -0.7151966984,       2.516006463,     -0.6840463987,       4.388748987
          0,           0,        4374,      -2.866242098,     -0.7042760372,     -0.7363792615,       2.530059712,     -0.6841698027,       4.352164953
          0,           0,        4375,      -2.872298086,     -0.7299612201,     -0.7342648254,       2.523945551,     -0.6842899869,       4.304253726
          0,           0,        4376,      -2.855694662,     -0.7243049027,      -0.756536839,        2.54074076,     -0.6845249061,       4.482001253
          0,           0,        4377,      -2.873297548,      -0.717379991,     -0.7282788853,       2.521486506,     -0.6847314615,       4.637079422
          0,           0,        4378,      -2.875169917,     -0.7383847825,     -0.7297855073,       2.521436057,     -0.6848989423,       4.501641577
          0,           0,        4379,      -2.867023016,     -0.7137883492,     -0.7253239769,       2.530326331,     -0.6851014888,       4.263894148
          0,           0,        4380,      -2.888932585,      -0.734743349,     -0.7261136747,       2.506892997,     -0.6852969001,        4.49036036
          0,           0,        4381,      -2.873718602,     -0.7094127656,     -0.7127859084,       2.521320838,      -0.685486495,       4.552511079
          0,           0,        4382,      -2.877374267,     -0.6802274281,     -0.7039166508,       2.518090025,     -0.6856817065,       4.415421911
          0,           0,        4383,      -2.878640243,     -0.6791007756,     -0.6863647484,        2.51716478,     -0.6858862184,       4.355310334
          0,           0,        4384,      -2.876400851,     -0.7287836236,     -0.7457380235,       2.519877357,     -0.6860997464,       4.335849168
          0,           0,        4385,      -2.857788218,     -0.6836227634,     -0.7214042799,       2.537346068,     -0.6862948931,       4.474666474
          0,           0,        4386,      -2.865961139,     -0.7066552962,     -0.7273873585,       2.528665806,     -0.6865205509,       4.624504799
          0,           0,        4387,      -2.858842347,     -0.7239782721,     -0.7366567793,       2.537514402,     -0.6867329425,       4.457267824
          0,           0,        4388,      -2.881899179,     -0.6943351833,     -0.7261842682,       2.512522341,     -0.6869773252,        4.31110689
          0,           0,        4389,      -2.870589023,     -0.6926232835,     -0.7332731052,       2.525491561,     -0.6871964839,       4.518044661
          0,           0,        4390,      -2.855949694,     -0.7035014843,     -0.7420340642,       2.539788426,     -0.6874192541,       4.546157229
          0,           0,        4391,      -2.886369808,     -0.6909126384,      -0.721741176,       2.507726264,     -0.6875698123,       4.367359724
          0,           0,        4392,      -2.860190962,     -0.6966820384,     -0.7346593226,       2.535854213,     -0.6877618008,       4.326515097
          0,           0,        4393,      -2.877342195,      -0.678346953,      -0.741257966,       2.517640278,     -0.6879341296,       4.335710252
          0,           0,        4394,      -2.855351314,     -0.6805802624,     -0.7293724791,       2.540715295,      -0.688147169,       4.542431978
          0,           0,        4395,      -2.864362189,      -0.681812159,     -0.7333345371,       2.530848117,      -0.688316714,       4.689748423
          0,           0,        4396,      -2.863854578,     -0.7033024749,     -0.7274121183,       2.532317974,     -0.6885474504,       4.535734881
          0,           0,        4397,      -2.873472364,     -0.7303029016,     -0.7519046764,       2.522523277,     -0.6887146866,        4.39087403
          0,           0,        4398,      -2.884972417,     -0.7224270828,     -0.7420082448,       2.510515808,     -0.6888865483,       4.572649722
          0,           0,        4399,      -2.864732635,     -0.6919952964,     -0.7259664769,        2.53098012,     -0.6890786849,       4.604376949
          0,           0,        4400,      -2.887567712,     -0.7266309443,     -0.7116659728,       2.507106866,     -0.6892429897,       4.460795623
          0,           0,        4401,      -2.876673807,     -0.7345471689,     -0.7448186795,       2.518516539,     -0.6894206356,       4.431226903
          0,           0,        4402,       -2.87448557,     -0.7379809397,     -0.7442102278,       2.520530761,      -0.689587337,       4.363965753
          0,           0,        4403,      -2.867057159,     -0.7334060913,     -0.7483275236,       2.527627033,     -0.6897564336,       4.467643812
          0,           0,        4404,      -2.862546819,     -0.7287157004,     -0.7479744821,       2.533380196,     -0.6899481761,       4.546371739
          0,           0,        4405,       -2.87189278,     -0.6754548548,     -0.7141481573,       2.522255074,     -0.6901224769,       4.300905667
          0,           0,        4406,       -2.87018831,     -0.7016366184,     -0.7247483085,       2.525325111,     -0.6902931742,       4.383566852
          0,           0,        4407,      -2.846808891,     -0.6747202279,     -0.7110577946,       2.548669923,     -0.6904468242,       4.555076108
          0,           0,        4408,      -2.852701847,     -0.7187781057,     -0.7335007328,       2.542371036,      -0.690593539,       4.524389726
          0,           0,        4409,      -2.847596402,     -0.6964828588,     -0.7199607619,       2.549149605,     -0.6907561083,       4.370005488
          0,           0,        4410,      -2.867161823,     -0.7120463758,     -0.7259211908,       2.527676292,     -0.6909082834,       4.297494707
          0,           0,        4411,      -2.853800414,     -0.7222130402,     -0.7446396062,         2.5427607,     -0.6911043376,       4.447415228
          0,           0,        4412,      -2.875920455,     -0.6734891542,     -0.7105861482,       2.518399089,     -0.6912934737,       4.576741275
          0,           0,        4413,      -2.874531436,     -0.7201854947,     -0.7368697468,       2.520029212,      -0.691420629,       4.568386564
          0,           0,        4414,      -2.874982396,     -0.6578207859,      -0.699312252,       2.519749277,     -0.6915380655,       4.314498496
          0,           0,        4415,       -2.87970092,      -0.702952164,      -0.735499416,       2.515573251,     -0.6916397349,       4.486911839
          0,           0,        4416,      -2.854562128,     -0.6322214918,     -0.6755513584,       2.540947501,     -0.6917356341,       4.532637257
          0,           0,        4417,      -2.872925095,     -0.6452511795,      -0.708387599,       2.521746885,     -0.6918054389,       4.476392149
          0,           0,        4418,      -2.871011016,     -0.6153378418,     -0.6892302276,       2.524310496,     -0.6918370931,        4.40309075
          0,           0,        4419,      -2.889064312,     -0.6737328326,     -0.7164837823,        2.50548476,     -0.6918779939,       4.317442148
          0,           0,        4420,      -2.860104472,     -0.6692885445,      -0.735821711,       2.535849854,      -0.691846488,       4.434103565
          0,           0,        4421,      -2.866023053,      -0.651644313,     -0.6956879719,       2.527627501,     -0.6918502705,       4.647333383
          0,           0,        4422,      -2.863850666,     -0.6686425062,     -0.7110598034,       2.532448302,     -0.6918911278,       4.615482069
          0,           0,        4423,      -2.873193848,     -0.6557541238,     -0.6754289079,       2.520948618,     -0.6919218507,        4.39125086
          0,           0,        4424,      -2.873339694,     -0.6915054011,     -0.7183512741,       2.521705316,     -0.6919782726,       4.516712778
          0,           0,        4425,      -2.863427183,     -0.7042118425,     -0.7169487886,       2.531118613,     -0.6920204641,        4.57249723
          0,           0,        4426,      -2.874721877,     -0.7062454531,     -0.7141122362,       2.519407563,     -0.6920400519,       4.456844509
          0,           0,        4427,      -2.872894862,     -0.6858964512,     -0.7091904558,       2.522566841,     -0.6920546613,       4.366075049
          0,           0,        4428,      -2.873984176,     -0.7270648337,     -0.7460923696,       2.520985527,     -0.6921092341,       4.326877585
          0,           0,        4429,      -2.853686596,     -0.7018289443,     -0.7410127827,       2.541779786,     -0.6921554034,       4.519736433
          0,           0,        4430,      -2.867313768,     -0.7228101702,     -0.7500075497,       2.526852847,     -0.6921452502,       4.582998743
          0,           0,        4431,      -2.874695527,     -0.7312094176,     -0.7643049801,       2.520290896,     -0.6921510263,       4.579873165
          0,           0,        4432,       -2.86148922,     -0.7262320165,     -0.7423333071,       2.533538718,     -0.6921496199,       4.294737706
          0,           0,        4433,      -2.872017955,     -0.7781963596,     -0.7904435587,       2.523469057,      -0.692126419,        4.50189798
          0,           0,        4434,      -2.845715359,     -0.7315405051,     -0.7653719766,       2.549393132,     -0.6920691589,        4.56454082
          0,           0,        4435,      -2.875081276,     -0.7584203425,     -0.7723568534,       2.518828678,     -0.6919860937,         4.4692919
          0,           0,        4436,        -2.8565365,     -0.7121639715,     -0.7300329918,       2.539189138,     -0.6918584979,       4.402965301
          0,           0,        4437,      -2.880648544,     -0.7092199187,     -0.7290457042,       2.513704193,     -0.6917347846,        4.36254623
          0,           0,        4438,      -2.857068553,     -0.7021630259,     -0.7311857824,       2.539235807,     -0.6915744653,       4.439309095
          0,           0,        4439,       -2.86285877,     -0.6713120336,      -0.726980274,       2.531260105,     -0.6914392063,       4.627427722
          0,           0,        4440,      -2.858867975,     -0.6763709671,     -0.7391094069,       2.537355004,     -0.6912987597,        4.60458376
          0,           0,        4441,      -2.865658034,     -0.6351609108,     -0.6884338073,       2.528972654,     -0.6911781573,       4.287455374
          0,           0,        4442,      -2.865417517,     -0.6620598161,     -0.7384384291,       2.530055173,     -0.6910548868,       4.477791355
          0,           0,        4443,       -2.85818229,     -0.6478390771,      -0.710535419,       2.536907475,     -0.6909479102,       4.538508769
          0,           0,        4444,      -2.869346761,     -0.6680104897,     -0.6892481199,       2.525959798,     -0.6908040486,       4.485155461
          0,           0,        4445,      -2.877265608,     -0.6400414145,     -0.6770584748,       2.519641211,     -0.6906749161,       4.382144566
          0,           0,        4446,       -2.89294209,     -0.6824745576,     -0.7084900086,       2.502346462,     -0.6904985636,       4.336183327
          0,           0,        4447,      -2.870166968,     -0.6905835908,     -0.7185066531,       2.526357817,     -0.6903306662,       4.384344065
          0,           0,        4448,      -2.875538688,     -0.6737022212,     -0.6855478206,       2.517888581,     -0.6901755009,       4.572413026
          0,           0,        4449,      -2.881316819,     -0.7115425296,     -0.6991598451,       2.513833796,     -0.6900146694,       4.528448156
          0,           0,        4450,      -2.872452318,      -0.699844827,     -0.6861679665,        2.52130344,     -0.6898378333,       4.278047826
          0,           0,        4451,      -2.867464374,     -0.7492234002,     -0.7332680457,       2.528165495,     -0.6896494478,       4.500774776
          0,           0,        4452,      -2.855673378,     -0.6968159285,     -0.6961204375,       2.538981152,     -0.6894507972,        4.56569931
          0,           0,        4453,      -2.870414046,     -0.7161728181,      -0.699998443,       2.524449487,     -0.6892175733,       4.459937566
          0,           0,        4454,      -2.852746657,     -0.7063251238,     -0.7237807837,       2.542816711,     -0.6889485886,        4.39167206
          0,           0,        4455,      -2.873491783,     -0.7303879637,     -0.7452113203,        2.52183348,     -0.6886899347,       4.295889163
          0,           0,        4456,      -2.841347917,     -0.7117480007,     -0.7460853137,       2.555013137,     -0.6884220523,       4.487540931
          0,           0,        4457,      -2.863893206,     -0.7254587049,     -0.7380696854,       2.530845361,      -0.688148792,       4.642358766
          0,           0,        4458,      -2.862623379,     -0.7382924967,     -0.7255897507,       2.533035184,     -0.6878744299,       4.583557961
          0,           0,        4459,       -2.86172337,      -0.709464051,     -0.7305413293,       2.532657979,     -0.6876099542,       4.361228447
          0,           0,        4460,      -2.858349147,     -0.7503168567,     -0.7854150892,       2.537723772,     -0.6873372469,       4.553203212
          0,           0,        4461,       -2.85066164,     -0.6862518402,     -0.7363746487,       2.543246037,     -0.6870647862,       4.577493493
          0,           0,        4462,      -2.878219526,      -0.697588012,      -0.727345904,       2.515998984,      -0.686772882,       4.408156194
          0,           0,        4463,      -2.859806715,      -0.712322763,     -0.7597961795,       2.535671407,     -0.6864775674,        4.38594285
          0,           0,        4464,      -2.862990161,      -0.691453465,     -0.7391123735,       2.532035683,     -0.6861736855,       4.340673025
          0,           0,        4465,      -2.845802435,     -0.6761260751,     -0.7477819514,        2.55015619,     -0.6858515426,       4.525160445
          0,           0,        4466,      -2.868112505,     -0.6923511469,     -0.7193870382,       2.526586913,     -0.6855525738,       4.627613707
          0,           0,        4467,      -2.876696645,     -0.7025915908,     -0.7291833981,       2.518659239,      -0.685241886,       4.557755432
          0,           0,        4468,      -2.863125412,     -0.7027079922,     -0.7457147955,       2.532625682,     -0.6849605031,       4.375927475
          0,           0,        4469,      -2.886134357,     -0.7192596979,     -0.7322726097,       2.508807446,     -0.6846518191,        4.51125367
          0,           0,        4470,      -2.857924592,     -0.7033856545,      -0.742198595,       2.537473046,     -0.6843601416,       4.551664885
          0,           0,        4471,      -2.885055723,     -0.7062926698,     -0.7340429958,       2.508736615,     -0.6840615624,       4.454015603
          0,           0,        4472,      -2.870872521,     -0.7173698111,     -0.7627607465,        2.52468643,     -0.6837414979,       4.435395627
          0,           0,        4473,      -2.869154824,     -0.6925131457,      -0.725123875,       2.526485187,     -0.6834435339,       4.370394084
          0,           0,        4474,      -2.858848776,     -0.6775726086,     -0.7425098516,       2.536158755,     -0.6831574553,       4.487813241
          0,           0,        4475,      -2.873594852,     -0.7003517599,     -0.7463810571,       2.521366693,     -0.6828677561,       4.577040889
          0,           0,        4476,      -2.885973347,      -0.678240089,     -0.7234230404,       2.507643656,     -0.6825631972,       4.376266076
          0,           0,        4477,      -2.873742105,     -0.7085548189,     -0.7407863534,       2.521024497,     -0.6822689097,       4.311524827
          0,           0,        4478,      -2.869421912,     -0.6911723613,     -0.7346079452,        2.52462002,     -0.6819614796,       4.526661992
          0,           0,        4479,      -2.850888219,     -0.7349537543,     -0.7589920941,       2.543840601,     -0.6816517286,       4.553626062
          0,           0,        4480,      -2.861560783,     -0.7103994598,      -0.735675089,       2.533496005,     -0.6813270452,        4.38309641
          0,           0,        4481,      -2.868996304,     -0.7351115818,     -0.7659053078,       2.526001655,     -0.6809946629,       4.219659822
          0,           0,        4482,      -2.875583101,     -0.7698328893,     -0.7959224189,       2.520332805,     -0.6806961508,       4.365913183
          0,           0,        4483,      -2.866943028,     -0.7313189145,     -0.7626668539,       2.526823386,     -0.6803971568,       4.605192963
          0,           0,        4484,      -2.865935801,       -0.75717491,      -0.778193685,       2.530055827,     -0.6801513779,       4.640914278
          0,           0,        4485,      -2.879230809,     -0.6983199761,     -0.7299520262,       2.514778587,     -0.6798930543,       4.377561292
          0,           0,        4486,      -2.881231001,     -0.7378137828,     -0.7772890619,       2.514104041,     -0.6796775323,       4.422626394
          0,           0,        4487,      -2.859961937,     -0.6536037154,     -0.7009560653,       2.534749984,     -0.6794394309,       4.537807995
          0,           0,        4488,      -2.872132007,     -0.6790868993,     -0.7265239064,       2.521902897,     -0.6792368268,       4.555949869
          0,           0,        4489,      -2.871801721,     -0.6558819099,     -0.7031045568,       2.522451797,     -0.6790041212,       4.423180921
          0,           0,        4490,      -2.894607166,     -0.6752006678,      -0.711343046,       2.499656958,     -0.6787791508,       4.413991318
          0,           0,        4491,      -2.880160795,     -0.6892518711,      -0.741804789,       2.515968168,     -0.6785824426,       4.329086758
          0,           0,        4492,      -2.878507673,      -0.646995482,     -0.6762338994,        2.51554758,      -0.678410211,       4.557304781
          0,           0,        4493,      -2.888317843,     -0.6797906201,     -0.7420761147,       2.506982992,     -0.6782749219,       4.610221444
          0,           0,        4494,      -2.894711593,     -0.6769380812,     -0.7096544646,        2.49904956,     -0.6781455137,       4.224540811
          0,           0,        4495,      -2.898179894,     -0.7113241271,     -0.7380377214,       2.496444381,     -0.6780191141,       4.449615051
          0,           0,        4496,      -2.878799103,     -0.6832154247,      -0.727188621,       2.514846811,     -0.6778839061,        4.57112074
          0,           0,        4497,      -2.875747301,     -0.7063668722,     -0.7402206557,       2.518785031,     -0.6777715529,       4.530872901
          0,           0,        4498,      -2.881206551,     -0.6551304827,     -0.6953104367,       2.512321396,     -0.6776337145,       4.423187458
          0,           0,        4499,      -2.877344198,       -0.71714981,     -0.7459898783,       2.516835745,     -0.6775200058,       4.263058854
