"Time_Iter","Outer_Iter","Inner_Iter",    "rms[Rho]"    ,    "rms[RhoU]"   ,    "rms[RhoV]"   ,    "rms[RhoE]"   ,     "rms[k]"     ,     "rms[w]"     
          0,           0,           0,      -2.141074527,      -11.75109684,      -12.03864067,       3.249400421,       6.413381568,       9.867474077
          0,           0,           1,       -2.16623553,      0.0953363431,      0.2788594974,       3.213761971,       5.813230783,       9.267489863
          0,           0,           2,      -2.217695164,      0.1315519748,      0.2707426581,       3.133911263,       5.213603966,        8.66808191
          0,           0,           3,      -2.237586947,     0.09759284826,      0.1860843966,        3.10759395,       4.614434448,       8.069247488
          0,           0,           4,      -2.283010402,      0.0786153366,     0.05871874923,       3.069133961,       4.015226253,       7.471458072
          0,           0,           5,      -2.322739635,      0.1679138804,     -0.0292853974,       3.052443973,       3.415636895,       6.888080622
          0,           0,           6,       -2.37208484,     0.08990032919,     -0.1758315865,       3.020146874,       2.816859834,       6.434375769
          0,           0,           7,      -2.478266678,  -0.0003658210469,     -0.2566654814,       2.896628044,       2.215771172,       6.264700441
          0,           0,           8,      -2.527432501,     0.03513049976,     -0.2006508207,       2.862252595,       1.610174897,       6.198764001
          0,           0,           9,      -2.573140843,    -0.03618329098,     -0.2595286728,       2.821678228,       1.187957827,       6.153017313
          0,           0,          10,      -2.592842654,    -0.07081163541,     -0.2108418787,       2.804646579,      0.7806655249,       6.083031017
          0,           0,          11,      -2.557889929,    -0.01413938795,     -0.2491241473,       2.838158976,      0.4208755425,       5.971974207
          0,           0,          12,      -2.574501724,     -0.1025775856,     -0.2534801383,       2.826539067,      0.2197876098,       5.805140555
          0,           0,          13,      -2.557380078,     -0.1421154429,     -0.2140892385,        2.84632062,      0.1412783604,       5.571123996
          0,           0,          14,      -2.503366449,    -0.07660724574,     -0.1983925265,       2.892085914,     0.03169979808,       5.293532369
          0,           0,          15,      -2.474566981,    -0.07936057345,     -0.1882511447,       2.917751341,     -0.1325390967,       4.987888864
          0,           0,          16,      -2.502877643,     -0.1355329568,     -0.2335438163,       2.878091857,      -0.154341122,       5.009061607
          0,           0,          17,      -2.520245189,     -0.1470628487,     -0.2410350538,       2.854424856,     -0.1824002723,       5.120077805
          0,           0,          18,      -2.496664217,    -0.05652532555,     -0.2023373462,       2.866544646,     -0.2284571267,       5.153379738
          0,           0,          19,      -2.477140479,    -0.08242081054,     -0.1905530744,       2.885652119,     -0.2863614769,        5.09728269
          0,           0,          20,      -2.443674466,    -0.08152224663,     -0.1644857852,       2.915406565,     -0.3727552764,        5.04895646
          0,           0,          21,      -2.382928159,    -0.01383369617,     -0.1402866823,       2.970022575,     -0.4691219961,       5.216334991
          0,           0,          22,      -2.350727928,    -0.02717309323,    -0.09199384393,        2.99352735,     -0.5331733911,       5.143960571
          0,           0,          23,      -2.330009003,    -0.02813714265,    -0.05871399668,       2.997841021,     -0.5410309006,       5.129296565
          0,           0,          24,      -2.304772565,     0.02046943651,      -0.037100138,       3.007042447,     -0.4576027783,       4.998540157
          0,           0,          25,       -2.28622874,   -0.003115893014,    -0.02092531023,       3.013646336,     -0.1373026551,       5.268633648
          0,           0,          26,       -2.27550327,    0.005525313525,    -0.01137881418,       3.020246879,     -0.4665906914,       4.969185636
          0,           0,          27,      -2.277160889,    -0.02589369333,     -0.0400179528,       3.009326491,     -0.7815940575,       4.957615715
          0,           0,          28,       -2.27557169,    -0.07834500551,    -0.05685605695,       3.004015251,     -0.6656341687,       5.067493388
          0,           0,          29,      -2.264826315,    -0.09106622854,    -0.07864767863,       3.014593997,     -0.4557871912,        5.04370653
          0,           0,          30,      -2.244471548,    -0.04087094633,    -0.08321839792,       3.042309038,     -0.2131238696,       4.901899818
          0,           0,          31,      -2.233771822,   -0.004484807925,     -0.0648596476,       3.058435535,     0.05104693449,       4.782715498
          0,           0,          32,      -2.234355092,     0.06590073281,    -0.04248839523,        3.06918365,      0.2553618365,       4.778127925
          0,           0,          33,      -2.252188816,      0.1322147992,    -0.03991828711,       3.068151733,      -0.315166716,        4.78276552
          0,           0,          34,      -2.261486518,     0.06313453915,    -0.06737497952,       3.041510111,     -0.5740627293,       4.781160257
          0,           0,          35,      -2.262955767,     0.02744585943,    -0.09308760845,       3.030349361,     -0.3996463675,       4.748816033
          0,           0,          36,      -2.257556471,     0.01653875879,     -0.1176387451,        3.03316532,     -0.2139400649,       4.689370918
          0,           0,          37,      -2.250695918,     0.02087036536,     -0.1159403813,       3.040867967,    -0.06974118085,       4.652120903
          0,           0,          38,      -2.243257385,     0.01672159315,    -0.08277286781,       3.047857776,    -0.06285031952,       4.699642992
          0,           0,          39,      -2.238256825,    -0.02576978101,    -0.03381967087,        3.04592384,    -0.01890606288,       4.872015608
          0,           0,          40,      -2.241037685,    -0.04327356752,     0.01116706533,       3.040552129,     -0.2506272046,        4.78039938
          0,           0,          41,      -2.252851542,     -0.1337090416,   -0.008181259027,         3.0149474,     -0.6274795476,       4.807064586
          0,           0,          42,      -2.250709117,     -0.1710600199,    -0.02260337104,       3.016509738,     -0.4261116029,       4.764005158
          0,           0,          43,      -2.243861433,     -0.1516511702,    -0.03167266191,       3.029403612,     -0.1694831114,       4.804978962
          0,           0,          44,      -2.241750907,    -0.08378531413,    -0.03034053268,       3.042491996,      0.1023212373,       4.852104482
          0,           0,          45,      -2.253462317,     0.01431617822,    -0.02029485023,       3.047516025,       0.332794901,       4.843351607
          0,           0,          46,      -2.281035823,      0.1294566921,    -0.04276586502,       3.052538878,     -0.2068126508,       4.765238488
          0,           0,          47,      -2.301640922,     0.08372285577,    -0.05923363682,       3.025639281,     -0.4995638938,       4.769663347
          0,           0,          48,      -2.306199646,     0.07101672388,    -0.07799188574,       3.017934939,     -0.3113087584,        4.98615828
          0,           0,          49,      -2.321433018,     0.06187829575,     -0.1041550927,       3.005296364,     -0.1343350998,        4.99683898
          0,           0,          50,       -2.34076561,      0.1070540811,     -0.1311332738,       2.996129505,     0.04178780338,       4.830253998
          0,           0,          51,      -2.363938535,      0.1176422484,     -0.1667347178,       2.991486909,      0.1425050729,       4.937838014
          0,           0,          52,      -2.378061441,      0.1746506606,       -0.20250807,       3.003220517,      0.1356647744,       4.861341136
          0,           0,          53,      -2.380968098,       0.204267938,     -0.2362670416,       3.010651945,     -0.6138104187,       5.001825737
          0,           0,          54,      -2.462137954,     0.07508146376,     -0.2706592862,       2.911198265,      -0.678681438,        5.04283776
          0,           0,          55,      -2.516528116,    -0.03794094861,     -0.3238409189,       2.841586553,     -0.5932853961,       4.920694745
          0,           0,          56,      -2.530783515,    -0.09782331026,     -0.3702225751,        2.82675657,      -0.521438681,       4.832422436
          0,           0,          57,      -2.534298562,     -0.1170627086,     -0.3628671402,       2.825344861,     -0.5285558402,       4.749751535
          0,           0,          58,       -2.52612326,     -0.1258666475,     -0.3406392069,       2.834404719,     -0.5363515755,       5.136253453
          0,           0,          59,       -2.51875077,      -0.113783022,      -0.281771993,       2.839724161,     -0.3863724417,       5.061833767
          0,           0,          60,       -2.51238502,     -0.1048563285,     -0.2480087977,       2.847667336,     -0.2937568462,       5.085767361
          0,           0,          61,      -2.507320891,    -0.09327403481,     -0.2406707155,       2.857549139,     -0.2585846038,       5.070605548
          0,           0,          62,      -2.503798405,     -0.0732520887,     -0.2355417675,       2.872150052,     -0.2739095092,       5.178448067
          0,           0,          63,      -2.509543441,    -0.08949799511,     -0.2527604962,       2.874176356,     -0.2037989152,       5.164684943
          0,           0,          64,       -2.49487014,     -0.0839951049,     -0.2649102536,       2.892319024,     -0.8076005143,       5.192170571
          0,           0,          65,      -2.572509654,      -0.162988673,     -0.3354971697,       2.810586089,     -0.9703236413,       5.139390037
          0,           0,          66,      -2.602103167,     -0.2285090209,     -0.4079065281,       2.783149891,     -0.8627691807,       5.051354809
          0,           0,          67,      -2.614135312,     -0.2288117557,     -0.3926849667,        2.76965869,     -0.7724668345,       4.906140177
          0,           0,          68,      -2.608534511,     -0.2165425328,     -0.3868700806,       2.778560754,     -0.7190460068,       4.997833855
          0,           0,          69,      -2.542514762,    -0.05528414176,     -0.3343937481,       2.845062493,     -0.8245397533,       5.005280226
          0,           0,          70,      -2.569455333,     -0.1187351893,     -0.3334919499,       2.818125635,      -1.221217842,       4.954767514
          0,           0,          71,      -2.637655038,     -0.2193860559,     -0.3918197456,       2.746965967,      -1.173616025,        4.95893242
          0,           0,          72,      -2.660707454,     -0.2987057373,     -0.4411535758,       2.728924291,      -1.285204094,       4.936410387
          0,           0,          73,      -2.661121987,     -0.2680370789,     -0.4383305344,       2.727097059,      -1.221319755,       4.923657635
          0,           0,          74,      -2.585508881,    -0.09989263333,     -0.4081425655,       2.803116378,      -1.065155949,       4.921098736
          0,           0,          75,       -2.60696605,     -0.1678853379,     -0.3955797993,       2.781772447,     -0.9475021392,       4.991655198
          0,           0,          76,      -2.617219958,     -0.2526411802,     -0.3731174406,       2.767258715,     -0.7165520331,       5.064711899
          0,           0,          77,      -2.545120974,    -0.09005715722,     -0.3347245542,       2.844357838,      -1.088729938,       5.045554467
          0,           0,          78,      -2.603411164,      -0.141031658,     -0.3705796572,       2.794110632,      -1.220728668,        5.06270619
          0,           0,          79,       -2.65837458,      -0.274804228,     -0.4210612106,       2.736306588,      -1.169880645,       5.032127279
          0,           0,          80,      -2.656992504,     -0.2735426826,     -0.4257612215,       2.736958714,      -1.068299998,       4.937187696
          0,           0,          81,        -2.6454893,     -0.2759625636,     -0.4239344598,       2.747037504,     -0.9567549262,       5.013100909
          0,           0,          82,      -2.628542925,      -0.257242786,     -0.3956269943,       2.762951277,     -0.8714842156,       5.020476009
          0,           0,          83,      -2.600761277,     -0.2119501404,     -0.3656503113,       2.791167021,     -0.9016097024,       5.089156206
          0,           0,          84,       -2.57050122,     -0.1544620105,     -0.3557789235,       2.825698741,       -1.25588332,       5.043666787
          0,           0,          85,      -2.543942741,    -0.03385858769,     -0.3919489576,       2.851557349,      -1.073163037,       5.019697975
          0,           0,          86,      -2.602877022,     -0.1393315366,     -0.4386401706,       2.799949527,      -1.290702057,         5.0390201
          0,           0,          87,      -2.647335812,      -0.261649816,     -0.4206486481,        2.74925029,      -1.257206844,       4.938828942
          0,           0,          88,      -2.646028029,     -0.2461042079,     -0.3971110751,       2.749347752,      -1.223548328,       5.063060298
          0,           0,          89,      -2.622966792,     -0.2003610822,     -0.3763406455,       2.772087665,      -1.076652106,       5.007563281
          0,           0,          90,      -2.569508666,    -0.09661116459,     -0.3532850206,       2.824033425,      -1.194618774,       5.027243926
          0,           0,          91,      -2.643509656,     -0.1681925845,      -0.404926238,       2.756417364,      -1.284543295,       4.940627215
          0,           0,          92,      -2.675099524,     -0.2838786965,     -0.4591541721,        2.72314212,      -1.309588873,        4.92636295
          0,           0,          93,       -2.66896433,     -0.3207110593,      -0.468473201,       2.727876803,      -1.304001489,       4.876605835
          0,           0,          94,      -2.665197513,     -0.3195171163,       -0.46334256,       2.729908236,      -1.242420098,       4.942440888
          0,           0,          95,      -2.641813822,      -0.270292026,     -0.4340264037,       2.752959256,      -1.104503509,       4.970249656
          0,           0,          96,      -2.582493438,     -0.1424945144,     -0.3931228499,       2.810197227,     -0.9629646099,       5.046315486
          0,           0,          97,      -2.586979867,     -0.1328870051,     -0.3624708867,       2.808658931,      -1.195529852,       4.969279295
          0,           0,          98,      -2.662607195,     -0.2329079097,     -0.4075715644,       2.731110942,      -1.204624341,       4.949777351
          0,           0,          99,      -2.686833367,     -0.2698997374,     -0.4577249898,       2.711746632,      -1.301645629,       4.957145401
          0,           0,         100,      -2.658037507,      -0.262197474,     -0.4647203662,       2.742792854,      -1.281697587,       4.852964804
          0,           0,         101,      -2.564573886,    -0.06465659148,      -0.442575425,       2.831114576,      -1.291177428,       4.761088827
          0,           0,         102,      -2.676419851,     -0.2648713218,     -0.5278845174,       2.723070626,      -1.387178159,       4.811124246
          0,           0,         103,      -2.738875461,     -0.4787974937,     -0.5878395371,       2.651293047,      -1.372415571,        4.85404878
          0,           0,         104,      -2.730400521,     -0.5058778741,     -0.6304426968,       2.660936141,      -1.379763717,       4.828278695
          0,           0,         105,      -2.712145436,     -0.4726812091,     -0.5922189436,       2.681121383,      -1.387899783,       4.784021387
          0,           0,         106,      -2.721979197,     -0.4294454405,     -0.5606944913,       2.669938455,      -1.364383327,       4.760141458
          0,           0,         107,      -2.707400276,     -0.3691391803,     -0.5035912396,       2.684738738,      -1.305444042,       4.996228821
          0,           0,         108,      -2.703047565,     -0.3083004034,     -0.4675393224,       2.690804182,      -1.229793189,       4.977791028
          0,           0,         109,      -2.611345757,     -0.1051685582,     -0.4316412248,       2.781045321,      -1.054582945,       5.067732262
          0,           0,         110,      -2.631165399,     -0.1519903221,     -0.4145381366,       2.763044452,      -1.307727331,       4.900993826
          0,           0,         111,      -2.694076065,     -0.2436896377,     -0.4438250471,        2.69543151,      -1.253335462,        5.02145611
          0,           0,         112,      -2.625871164,    -0.09566149082,     -0.4745053317,       2.771262429,       -1.17999185,       4.978409433
          0,           0,         113,      -2.666561758,     -0.2028873651,     -0.4934355006,       2.728954516,       -1.37127147,       4.738075206
          0,           0,         114,      -2.717942709,     -0.2933609757,     -0.5604620676,       2.673369312,       -1.36673175,       4.696592119
          0,           0,         115,      -2.758046328,     -0.3544503116,      -0.594497053,       2.628258986,      -1.364382363,       4.748690439
          0,           0,         116,      -2.767617249,     -0.4526505103,     -0.6183541177,       2.618631127,      -1.381707694,       4.729673131
          0,           0,         117,      -2.799171385,     -0.5636456584,     -0.6838613996,       2.590185428,      -1.392348527,       4.667629964
          0,           0,         118,      -2.798592929,     -0.6309047041,     -0.7240242757,       2.587183068,      -1.387050682,       4.694263956
          0,           0,         119,      -2.793493761,     -0.6509376984,     -0.7421933096,       2.594238287,      -1.389980912,       4.656381414
          0,           0,         120,      -2.775172547,     -0.6383285882,     -0.7383369066,       2.611962735,      -1.388784476,       4.602166694
          0,           0,         121,      -2.756034305,     -0.5474470355,     -0.6955206578,       2.635761006,       -1.40058027,       4.587259983
          0,           0,         122,      -2.719832313,     -0.4056288009,     -0.6435681397,       2.676941833,      -1.379668078,       4.803189489
          0,           0,         123,      -2.609998363,     -0.1121505103,     -0.5425867581,       2.784194537,      -1.388692269,       4.499430777
          0,           0,         124,      -2.755062199,     -0.4565267835,     -0.6064990584,       2.635406586,      -1.409677795,       4.601424362
          0,           0,         125,      -2.789925392,     -0.5145230833,     -0.6265682206,       2.596685768,      -1.399981004,       4.713135504
          0,           0,         126,      -2.790486851,     -0.5606098752,     -0.6691192202,        2.59693661,      -1.400157492,        4.73602021
          0,           0,         127,      -2.782748742,      -0.518222593,     -0.6310469513,       2.606367956,      -1.404507146,       4.871861544
          0,           0,         128,      -2.771942191,     -0.5062339127,     -0.6198380358,       2.618264547,      -1.416083373,        4.68515575
          0,           0,         129,       -2.79121799,     -0.5633766163,     -0.6623049087,       2.597214683,       -1.42085409,       4.577638269
          0,           0,         130,      -2.789568428,     -0.5548616062,     -0.6565179176,       2.599085228,      -1.425701013,       4.690162637
          0,           0,         131,      -2.778500743,     -0.5459277658,     -0.6447145304,       2.611242455,      -1.420621011,       4.685073431
          0,           0,         132,       -2.77108289,     -0.5588509285,     -0.6367834447,       2.619502602,      -1.409454076,       4.710713211
          0,           0,         133,      -2.742504487,     -0.5302206532,     -0.6217913198,       2.650007736,      -1.408794223,       4.838658115
          0,           0,         134,       -2.72026319,     -0.4710967952,     -0.5720459215,        2.67266445,      -1.398941844,       4.829279048
          0,           0,         135,      -2.712068872,     -0.4184129993,     -0.5239709914,       2.680549069,      -1.424200375,       4.746806998
          0,           0,         136,      -2.751521702,     -0.4851430086,     -0.5808762319,       2.638994603,      -1.423751694,       4.923222289
          0,           0,         137,      -2.795022969,     -0.5436836012,     -0.6156886365,       2.590922958,      -1.419800182,       4.952985874
          0,           0,         138,      -2.808246907,     -0.5394130271,     -0.6277289795,       2.577895022,      -1.419656942,       4.931841714
          0,           0,         139,       -2.81440896,     -0.5405013664,     -0.6345891346,       2.572940921,      -1.419694774,       4.784060878
          0,           0,         140,      -2.806984272,     -0.5504434748,     -0.6535722595,       2.582073987,      -1.419037652,       4.725247738
          0,           0,         141,      -2.776068453,     -0.5420559323,     -0.6323684229,       2.614254797,      -1.425367027,       4.691545299
          0,           0,         142,      -2.770180863,     -0.5030756985,     -0.5882992351,       2.618066347,      -1.427949322,       4.527227825
          0,           0,         143,      -2.797419316,     -0.5380588913,     -0.6351644669,       2.588409568,      -1.425154951,       4.483863287
          0,           0,         144,      -2.804948374,     -0.5795894878,     -0.6593766838,       2.581327929,      -1.416465475,       4.704868242
          0,           0,         145,      -2.789201636,     -0.5435155568,     -0.6524251077,       2.599299887,      -1.415129435,       4.784126071
          0,           0,         146,      -2.772606113,     -0.5047413409,     -0.6234728794,       2.619070024,      -1.418272416,       4.662184814
          0,           0,         147,      -2.766656191,     -0.4787729647,     -0.6026694732,       2.626301902,       -1.41775765,       4.741623535
          0,           0,         148,      -2.765273843,     -0.4262618847,     -0.5535107948,       2.624202784,      -1.426721726,       4.670948589
          0,           0,         149,      -2.794179224,     -0.4894938722,     -0.6054439077,       2.593028071,      -1.421807876,       4.704251937
          0,           0,         150,      -2.817476264,     -0.5212691542,     -0.6375606775,       2.568416856,      -1.418185871,       4.695073195
          0,           0,         151,      -2.785051519,     -0.5169177618,     -0.6340412918,       2.604440726,       -1.41461685,       4.769727406
          0,           0,         152,      -2.778698425,      -0.503050042,     -0.6078466002,       2.612746872,      -1.412753045,       4.662769469
          0,           0,         153,      -2.774626968,     -0.4796486351,     -0.5998299222,       2.617030787,      -1.404841296,       4.741236069
          0,           0,         154,      -2.750821745,     -0.4485599223,     -0.5716811902,       2.640552004,      -1.420522557,        4.67348252
          0,           0,         155,      -2.779517352,     -0.4995101676,     -0.6166301809,       2.609326478,       -1.42088009,       4.754871792
          0,           0,         156,      -2.799703482,     -0.5231791319,     -0.6295006004,       2.586376991,      -1.416827502,       4.745239835
          0,           0,         157,      -2.807034998,     -0.5293910084,     -0.6363808133,       2.580102954,      -1.415836295,       4.658859194
          0,           0,         158,      -2.823829658,     -0.5773362244,     -0.6646027513,       2.562518677,      -1.415795055,       4.651048589
          0,           0,         159,      -2.819119651,     -0.5874684064,     -0.6934791909,        2.56860755,       -1.41585578,       4.702666083
          0,           0,         160,      -2.813648727,     -0.6198399566,     -0.6979234441,        2.57436485,      -1.417463685,       4.709278805
          0,           0,         161,      -2.815863167,     -0.6256990696,     -0.7038382869,       2.571175105,      -1.420551392,       4.640003719
          0,           0,         162,      -2.809346978,     -0.6345720616,     -0.7082456651,       2.577846806,      -1.421128654,       4.580272077
          0,           0,         163,      -2.792760292,     -0.5790180066,     -0.6671280304,       2.594703809,      -1.412234189,       4.537313493
          0,           0,         164,      -2.762743207,     -0.5160376682,     -0.6115261494,       2.626461157,      -1.403141991,       4.657222697
          0,           0,         165,      -2.782511176,      -0.494922473,     -0.5905443903,       2.605740955,      -1.410381661,        4.62821731
          0,           0,         166,      -2.791263769,     -0.5182037287,     -0.6334834225,       2.596603112,      -1.409892009,       4.798170139
          0,           0,         167,      -2.822804062,     -0.5580103531,     -0.6383617884,       2.562702023,      -1.410445682,        4.78988767
          0,           0,         168,      -2.814873073,     -0.5375291391,     -0.6353563498,       2.571876405,      -1.412000476,        4.71915882
          0,           0,         169,      -2.838661893,     -0.5651061575,     -0.6496831703,       2.546864055,      -1.414631846,         4.5403848
          0,           0,         170,      -2.836653989,       -0.62058814,     -0.6782293488,       2.549340081,      -1.415721092,       4.530492963
          0,           0,         171,      -2.833810708,     -0.6242802318,     -0.6989374911,       2.551417003,      -1.416020924,       4.518615946
          0,           0,         172,      -2.833770726,     -0.6503096727,      -0.709403417,       2.550730256,      -1.415675401,       4.519768842
          0,           0,         173,      -2.827725993,     -0.6373144818,     -0.7144092392,       2.556392725,      -1.414642379,       4.464488489
          0,           0,         174,      -2.844100714,     -0.6661142882,     -0.7355981322,       2.538726916,      -1.414340463,       4.350021599
          0,           0,         175,      -2.825984363,     -0.6594409835,     -0.7396072916,        2.55859723,      -1.413429908,       4.463019014
          0,           0,         176,      -2.828726524,     -0.6691041988,     -0.7513939809,       2.555450065,      -1.413354869,        4.53186939
          0,           0,         177,      -2.818818817,     -0.6488075464,     -0.7358240637,       2.566888371,      -1.413205452,        4.53855186
          0,           0,         178,      -2.827284285,     -0.6493848429,     -0.7419633042,       2.558409949,      -1.414191461,       4.502787758
          0,           0,         179,      -2.822800725,     -0.6664845813,     -0.7409615199,       2.563948429,      -1.414408846,       4.507541546
          0,           0,         180,      -2.821551433,     -0.6543476859,      -0.738484326,       2.564690549,      -1.413549679,       4.497639052
          0,           0,         181,      -2.817492011,     -0.6605650664,      -0.729956038,       2.568590319,      -1.412133768,       4.439776116
          0,           0,         182,      -2.831169917,     -0.6454679503,     -0.7311300799,       2.553360305,      -1.412427088,       4.376319574
          0,           0,         183,      -2.824885186,     -0.6395476299,     -0.7269700874,       2.560095083,       -1.41113019,       4.406140159
          0,           0,         184,      -2.821958003,     -0.6446785913,     -0.7237877281,       2.563391814,      -1.411435775,       4.443532868
          0,           0,         185,      -2.817852925,      -0.646924391,     -0.7306730501,        2.56816071,       -1.41080572,       4.449456462
          0,           0,         186,      -2.810503333,     -0.6206653408,     -0.7226352565,       2.576433308,      -1.410446184,       4.425620753
          0,           0,         187,      -2.826881609,     -0.6360738251,      -0.737973475,       2.558193113,      -1.410839448,       4.241865348
          0,           0,         188,      -2.827979162,     -0.6334764027,     -0.7145989909,       2.558106752,      -1.411069309,       4.368655348
          0,           0,         189,      -2.823225884,     -0.6199828905,     -0.7378214903,       2.562240111,      -1.410400445,       4.453733445
          0,           0,         190,      -2.824959712,     -0.6456625575,     -0.7428248264,        2.56028186,      -1.409686065,       4.467717744
          0,           0,         191,       -2.83051135,     -0.6294153339,     -0.7475493172,       2.553316178,      -1.409194792,       4.507447175
          0,           0,         192,      -2.830988303,     -0.6495213722,        -0.7481336,       2.553153399,      -1.408013699,       4.421709068
          0,           0,         193,      -2.821872073,     -0.6511028792,      -0.765441794,       2.563270261,      -1.408184768,       4.451946775
          0,           0,         194,       -2.82162675,     -0.6572230023,     -0.7599250317,       2.563192398,      -1.407354388,       4.527863074
          0,           0,         195,      -2.817271965,      -0.644128019,     -0.7528933621,       2.568358506,      -1.407613452,       4.579223675
          0,           0,         196,      -2.822630943,     -0.6277064398,     -0.7398577221,       2.563595613,      -1.408666226,       4.529065672
          0,           0,         197,      -2.827588607,     -0.6293640274,     -0.7229975307,        2.55814894,      -1.408142019,       4.602169934
          0,           0,         198,      -2.826279657,     -0.6350328408,     -0.7359272881,       2.558941268,      -1.407199714,       4.600853877
          0,           0,         199,      -2.821212818,     -0.6277030951,     -0.7184855693,       2.564448548,      -1.406708278,       4.568129533
          0,           0,         200,      -2.825918092,     -0.6110189026,     -0.7178079139,       2.559685881,       -1.40617728,       4.469307725
          0,           0,         201,      -2.825926817,     -0.6328113405,     -0.7275137976,       2.559970564,      -1.405882782,       4.439014722
          0,           0,         202,      -2.821735246,     -0.6380532793,      -0.733400739,       2.564139767,      -1.406039465,       4.458932193
          0,           0,         203,      -2.816932803,     -0.6361419114,     -0.7266347177,       2.569520807,      -1.405180007,       4.546378661
          0,           0,         204,      -2.820225628,     -0.6344625688,     -0.7311300918,       2.565460055,      -1.405831969,        4.57516391
          0,           0,         205,      -2.832350971,     -0.6447489403,     -0.7380386988,       2.552125929,      -1.406012067,       4.481185914
          0,           0,         206,      -2.832216615,     -0.6514326776,      -0.747625743,       2.552767229,      -1.405309181,       4.459864973
          0,           0,         207,      -2.825336318,     -0.6392249027,     -0.7442002808,       2.559911845,      -1.404321327,         4.4815888
          0,           0,         208,      -2.820636216,     -0.6286659282,     -0.7416578901,       2.565224654,      -1.404272334,       4.504116116
          0,           0,         209,      -2.831585545,     -0.6168393058,     -0.7287335407,       2.552765224,           -1.4033,       4.456824189
          0,           0,         210,      -2.832996914,      -0.622813639,     -0.7258319174,       2.551743894,      -1.402899455,       4.411329393
          0,           0,         211,      -2.830224942,     -0.6275810688,     -0.7422974944,       2.554804677,      -1.402444176,        4.49912969
          0,           0,         212,      -2.828769309,     -0.6197364043,     -0.7103809141,       2.556142323,      -1.401238224,       4.527955497
          0,           0,         213,      -2.828102178,     -0.6157310252,     -0.7121744068,        2.55676933,      -1.401888261,       4.470819119
          0,           0,         214,      -2.837445359,     -0.6442836322,     -0.7290538945,       2.546708564,      -1.402140511,       4.374822649
          0,           0,         215,      -2.834255782,     -0.6358007364,     -0.7492948306,       2.550885929,      -1.401298886,       4.440599281
          0,           0,         216,      -2.828913996,     -0.6365248286,     -0.7405068485,       2.557056499,      -1.400930936,       4.556849614
          0,           0,         217,       -2.82182507,     -0.6465551547,      -0.756103531,       2.563813792,       -1.40105896,       4.558153281
          0,           0,         218,      -2.827012445,     -0.6380998704,     -0.7543284729,       2.558575003,      -1.400148742,       4.507768908
          0,           0,         219,      -2.827124692,     -0.6414040911,     -0.7429468135,       2.558822191,       -1.39956264,       4.475873413
          0,           0,         220,      -2.821698524,     -0.6518016993,     -0.7679187275,       2.564421248,      -1.399206435,       4.464296613
          0,           0,         221,      -2.819388217,     -0.6392564091,     -0.7466262929,       2.566533283,       -1.39852735,       4.462464422
          0,           0,         222,      -2.818223338,     -0.6311071792,     -0.7479716071,       2.568184016,      -1.398758719,       4.378975866
          0,           0,         223,      -2.818787149,     -0.6275388463,     -0.7410668532,       2.567683309,      -1.398052253,       4.361420941
          0,           0,         224,      -2.822419321,     -0.6241751151,     -0.7627521788,       2.564727984,      -1.396968867,       4.513918256
          0,           0,         225,       -2.82092124,     -0.6200532846,     -0.7407165677,       2.565868542,      -1.396396418,       4.506649974
          0,           0,         226,      -2.828345745,     -0.6153147711,     -0.7421303764,       2.557526055,      -1.396486056,       4.511978368
          0,           0,         227,       -2.82787863,      -0.606180717,     -0.7399120662,       2.558222485,      -1.394757488,       4.516824272
          0,           0,         228,      -2.826456906,     -0.6131294546,     -0.7328159397,       2.559723707,      -1.395836035,       4.474267258
          0,           0,         229,      -2.820207847,     -0.6089801896,     -0.7319940444,        2.56671953,      -1.395450615,        4.43601166
          0,           0,         230,      -2.826882391,     -0.6222076626,      -0.724358657,       2.559000088,       -1.39455896,       4.463091415
          0,           0,         231,      -2.830271367,     -0.6212393042,     -0.7395986914,       2.555456934,      -1.394626217,       4.421463123
          0,           0,         232,      -2.824439554,     -0.6249264099,     -0.7312315913,       2.561690367,      -1.394271625,       4.391457801
          0,           0,         233,      -2.829420883,      -0.629586359,     -0.7508226163,       2.556527439,      -1.393825346,        4.49221973
          0,           0,         234,      -2.823152288,     -0.6120398845,     -0.7357208073,        2.56303604,      -1.393745202,       4.516294284
          0,           0,         235,       -2.82330459,     -0.6284207143,     -0.7479142308,       2.563029076,       -1.39380123,       4.455334348
          0,           0,         236,      -2.829464892,     -0.6268501867,     -0.7539073902,       2.555596902,      -1.392554157,       4.485897679
          0,           0,         237,       -2.83358642,     -0.6190903678,     -0.7298969063,       2.551208628,       -1.39305435,       4.504798506
          0,           0,         238,      -2.826921244,     -0.6452870392,     -0.7480577371,       2.558780578,      -1.391503106,       4.515697638
          0,           0,         239,      -2.831107124,     -0.6157109178,     -0.7240411246,       2.553750324,      -1.391172793,       4.594899902
          0,           0,         240,      -2.828156472,     -0.6341915421,       -0.74583679,        2.55658817,       -1.39151515,       4.546336991
          0,           0,         241,       -2.82617507,     -0.6211911689,     -0.7194917021,       2.559127349,      -1.391378134,       4.462435205
          0,           0,         242,       -2.83026778,     -0.6228077298,     -0.7325968082,       2.554460786,      -1.391225862,       4.522884334
          0,           0,         243,       -2.82571361,     -0.6219035305,     -0.7199192526,       2.559719572,      -1.391068419,       4.508438735
          0,           0,         244,      -2.828400622,     -0.6055897825,     -0.7151962172,       2.557228272,      -1.390100485,       4.389758607
          0,           0,         245,      -2.827138853,     -0.6335623744,     -0.7242377926,       2.559046696,      -1.388532438,       4.467922643
          0,           0,         246,      -2.831791519,     -0.6229763379,     -0.7316382376,       2.553660329,      -1.389080051,       4.524061265
          0,           0,         247,      -2.819520477,     -0.6508530015,      -0.745012282,       2.566698095,      -1.388567509,       4.547661071
          0,           0,         248,      -2.818423502,     -0.6217090339,     -0.7303524907,       2.567891696,       -1.38840963,       4.633366656
          0,           0,         249,      -2.822620415,     -0.6274195119,      -0.736352626,       2.563227661,       -1.38856685,       4.570328251
          0,           0,         250,      -2.822912897,     -0.6304830602,      -0.728158655,       2.563573049,      -1.388010741,       4.536686543
          0,           0,         251,      -2.820125846,     -0.6280722391,     -0.7409918959,       2.566240733,      -1.387990975,       4.511002088
          0,           0,         252,      -2.820782404,     -0.6233826456,     -0.7169597404,       2.565239426,      -1.387752858,       4.494293418
          0,           0,         253,      -2.821774831,     -0.6186070465,     -0.7351130466,       2.564597174,       -1.38700369,       4.417237605
          0,           0,         254,      -2.828407782,     -0.6284435619,     -0.7298094848,       2.556896861,      -1.386445411,       4.430475167
          0,           0,         255,      -2.827403681,     -0.6294466815,     -0.7316763603,       2.558759265,      -1.387412935,       4.448549533
          0,           0,         256,      -2.820473819,     -0.6412947673,     -0.7323207839,       2.565019778,      -1.386653187,       4.529290764
          0,           0,         257,      -2.820264442,     -0.6279651061,     -0.7172800696,       2.565633489,      -1.386628807,       4.525156562
          0,           0,         258,      -2.830019805,     -0.6322522366,     -0.7339075074,       2.555332524,      -1.386200795,       4.395560236
          0,           0,         259,      -2.824491158,     -0.6291310656,     -0.7215063607,       2.561900076,      -1.385469242,       4.377034106
          0,           0,         260,      -2.822935054,     -0.6308723565,     -0.7367257566,       2.563131095,      -1.385207521,       4.460902219
          0,           0,         261,      -2.823342359,     -0.6257817339,     -0.7204357079,       2.562701316,      -1.385036759,       4.536816855
          0,           0,         262,      -2.822604626,     -0.6148224768,     -0.7413861241,       2.563351755,      -1.384359904,       4.465260207
          0,           0,         263,      -2.831725888,     -0.6267044042,     -0.7314855943,       2.553605799,      -1.384097267,       4.373092126
          0,           0,         264,      -2.825752355,     -0.6406599404,      -0.755088118,       2.560126106,      -1.384137356,       4.399779444
          0,           0,         265,      -2.822042619,     -0.6337387073,     -0.7524385284,       2.564093161,       -1.38309233,       4.454415999
          0,           0,         266,      -2.822728675,     -0.6301864246,     -0.7517905669,       2.563307236,      -1.383310139,       4.433950595
          0,           0,         267,      -2.822237979,     -0.6334726155,     -0.7414479722,       2.564003997,      -1.383032405,       4.366868343
          0,           0,         268,      -2.825852364,     -0.6443405907,     -0.7524925996,       2.560586613,      -1.382380093,       4.490827489
          0,           0,         269,      -2.821997836,     -0.6305541692,     -0.7312788606,       2.564420543,        -1.3819001,       4.591962485
          0,           0,         270,      -2.820532816,     -0.6275746251,     -0.7359677947,       2.566692248,      -1.382480035,       4.588264676
          0,           0,         271,      -2.824616703,     -0.6187682306,     -0.7280248166,       2.562160712,      -1.381559406,       4.586230762
          0,           0,         272,      -2.831958739,      -0.620844596,     -0.7224620064,       2.554462043,      -1.381464997,       4.490571428
          0,           0,         273,      -2.823092804,     -0.6297979636,     -0.7519982577,       2.564183595,      -1.381425672,       4.461477438
          0,           0,         274,      -2.822652007,     -0.6117218088,      -0.718740259,       2.564114348,      -1.380545957,       4.500761395
          0,           0,         275,      -2.827809691,     -0.6205998853,     -0.7389424268,       2.558378072,      -1.380808192,       4.464805102
          0,           0,         276,      -2.828249889,     -0.6248196236,     -0.7396254806,       2.558050541,      -1.380700783,       4.388579284
          0,           0,         277,       -2.82675095,     -0.6113531683,      -0.740789683,       2.560279444,       -1.38001383,       4.541062348
          0,           0,         278,       -2.82700163,     -0.6233560593,     -0.7391536114,       2.559430711,      -1.379557506,       4.576125938
          0,           0,         279,      -2.823553868,     -0.6130682328,     -0.7425438807,       2.563151089,      -1.379498737,       4.454570567
          0,           0,         280,      -2.829230825,     -0.6308575028,     -0.7486423209,       2.556354869,      -1.377983629,       4.466928634
          0,           0,         281,      -2.827749013,     -0.6075138235,     -0.7285459581,       2.558521981,      -1.377550808,       4.478895123
          0,           0,         282,      -2.822077132,     -0.6313680136,      -0.749829247,       2.564499046,      -1.376841708,       4.435076098
          0,           0,         283,      -2.817026852,     -0.6225150679,     -0.7291484856,       2.569651242,      -1.375918488,       4.432175685
          0,           0,         284,      -2.820345754,     -0.6238926155,     -0.7463078033,       2.565925052,      -1.376359948,       4.347008466
          0,           0,         285,      -2.814021333,     -0.6261794553,     -0.7292889916,        2.57327129,      -1.376168474,        4.31948841
          0,           0,         286,      -2.818926646,     -0.6285798197,      -0.750228352,       2.567947068,      -1.376171671,         4.4575418
          0,           0,         287,      -2.818340281,     -0.6054437678,     -0.7350844589,       2.568559922,      -1.376381572,        4.45939581
          0,           0,         288,      -2.821515291,     -0.6171308814,     -0.7444320797,       2.564883861,      -1.376525907,       4.423371376
          0,           0,         289,      -2.830660286,     -0.6343625718,      -0.742315786,       2.555598592,      -1.375324853,       4.462142747
          0,           0,         290,      -2.835637739,      -0.626077983,     -0.7464616741,         2.5497267,      -1.375900503,        4.47473479
          0,           0,         291,       -2.82299826,     -0.6372971265,      -0.762126025,       2.563879696,      -1.375182798,       4.488124998
          0,           0,         292,      -2.825687196,     -0.6099638973,     -0.7317528176,       2.560802749,       -1.37447869,       4.520021569
          0,           0,         293,      -2.832905198,     -0.6276458482,     -0.7476590766,       2.552527862,      -1.374450371,       4.481825802
          0,           0,         294,      -2.832061994,     -0.6198805623,     -0.7317659494,       2.553500036,      -1.374017099,       4.452199895
          0,           0,         295,      -2.831471223,      -0.636809685,     -0.7564664669,       2.553691234,       -1.37373776,       4.523528483
          0,           0,         296,      -2.831291518,     -0.6322927428,      -0.733753601,       2.554338829,      -1.373791388,        4.54874703
          0,           0,         297,      -2.830733864,     -0.6164823269,      -0.738077017,       2.554619019,       -1.37329655,       4.579515414
          0,           0,         298,       -2.83873655,     -0.6457205782,     -0.7461129208,       2.545848256,      -1.372487721,       4.498386151
          0,           0,         299,      -2.838608196,      -0.635342311,      -0.749327538,       2.546052357,      -1.373416401,       4.460509368
          0,           0,         300,      -2.824878522,     -0.6602499984,     -0.7575829982,       2.560888347,      -1.372836669,       4.416910181
          0,           0,         301,      -2.827044356,     -0.6219974487,     -0.7366972543,       2.558905624,      -1.372532535,       4.490996529
          0,           0,         302,      -2.830497017,     -0.6341408398,     -0.7549025648,       2.554878205,      -1.372450946,        4.42660758
          0,           0,         303,      -2.824457023,     -0.6328322618,     -0.7431828254,       2.561753813,      -1.372606099,       4.493222045
          0,           0,         304,       -2.83095955,     -0.6327325128,     -0.7614852748,       2.554600248,      -1.372341094,       4.576755287
          0,           0,         305,      -2.822744324,     -0.6178212297,     -0.7326504913,       2.564038503,      -1.372351686,       4.607647286
          0,           0,         306,        -2.8279813,     -0.6208553243,     -0.7388077095,       2.557567015,       -1.37170429,       4.494296627
          0,           0,         307,        -2.8357184,     -0.6247094346,     -0.7299139295,        2.55016617,      -1.370972197,       4.471499241
          0,           0,         308,      -2.840097112,     -0.6285229764,     -0.7527901144,       2.545511158,      -1.371069646,       4.481379455
          0,           0,         309,      -2.831373367,     -0.6383384878,      -0.741607798,       2.554607782,      -1.370060079,       4.503201454
          0,           0,         310,        -2.8270946,     -0.6188528662,     -0.7347478385,       2.558889452,      -1.369859383,         4.5299685
          0,           0,         311,      -2.836432429,     -0.6281404127,     -0.7276586455,       2.549328598,      -1.369600567,       4.369631821
          0,           0,         312,      -2.833153009,     -0.6283483653,     -0.7274275891,       2.553549735,      -1.368805429,       4.407178698
          0,           0,         313,      -2.829952184,     -0.6227749025,     -0.7334210506,       2.556242328,      -1.368295147,       4.457128493
          0,           0,         314,      -2.831039813,     -0.6131080646,     -0.7141741843,       2.555072971,      -1.368008349,       4.452613404
          0,           0,         315,       -2.83084349,     -0.6115404555,     -0.7355415603,       2.554673589,      -1.367129161,       4.434141828
          0,           0,         316,      -2.834831731,     -0.6284349081,     -0.7365955781,        2.55139738,      -1.366573438,        4.41220868
          0,           0,         317,      -2.832803747,     -0.6416076714,     -0.7574445255,       2.553550751,      -1.366921331,       4.441000472
          0,           0,         318,      -2.829075106,     -0.6493293758,     -0.7420089278,        2.55687868,      -1.365934204,       4.477573067
          0,           0,         319,      -2.828103917,     -0.6468792902,     -0.7442548036,        2.55776449,      -1.365580073,       4.435947914
          0,           0,         320,      -2.827157246,     -0.6621278166,     -0.7552448114,       2.559126819,       -1.36513093,        4.25379588
          0,           0,         321,      -2.831776909,     -0.6527673622,     -0.7517913478,       2.554451085,      -1.364026838,       4.446087178
          0,           0,         322,      -2.823133623,     -0.6443303676,     -0.7441093399,        2.56360475,      -1.363346782,       4.532986277
          0,           0,         323,      -2.828243607,     -0.6364642803,     -0.7280668434,       2.557729497,      -1.363276387,       4.536447532
          0,           0,         324,      -2.823665879,      -0.645276945,     -0.7476909572,       2.562868669,      -1.362868245,       4.567282221
          0,           0,         325,       -2.82993665,     -0.6162120535,     -0.7150761805,       2.556874945,      -1.363254975,       4.554283267
          0,           0,         326,      -2.820369279,     -0.6402099495,     -0.7459722964,       2.567454851,      -1.363349151,       4.467268705
          0,           0,         327,      -2.827980641,     -0.6232671509,     -0.7373316269,       2.558396051,      -1.362948276,       4.508266265
          0,           0,         328,         -2.829441,     -0.6222616664,     -0.7477515806,       2.557015577,      -1.363117714,       4.461858334
          0,           0,         329,      -2.830879723,     -0.6193033281,     -0.7364124059,       2.555416656,        -1.3624782,       4.346187486
          0,           0,         330,      -2.832298513,      -0.627913081,     -0.7566279607,       2.554396775,      -1.361912475,       4.465987923
          0,           0,         331,      -2.830539164,      -0.627898356,     -0.7442786395,       2.556062983,       -1.36200239,       4.463763399
          0,           0,         332,      -2.834374083,     -0.6236543138,     -0.7578890727,       2.552126991,      -1.361927532,       4.424464753
          0,           0,         333,      -2.834604147,     -0.6216065643,     -0.7470950729,       2.551165826,      -1.360927568,       4.478419423
          0,           0,         334,      -2.838740978,      -0.631268182,     -0.7514297355,       2.547188292,      -1.361081633,       4.417489985
          0,           0,         335,      -2.827160323,     -0.6382008515,     -0.7596920789,       2.559811395,      -1.360699499,       4.493313021
          0,           0,         336,      -2.833255522,      -0.634820306,     -0.7488374616,       2.552178239,      -1.359544117,       4.500254659
          0,           0,         337,      -2.830871242,     -0.6337585254,     -0.7556635206,       2.555352503,      -1.359344122,       4.409031975
          0,           0,         338,      -2.833528113,     -0.6340372674,     -0.7507635399,       2.551903442,      -1.358447083,       4.314833425
          0,           0,         339,      -2.828904555,     -0.6370127466,     -0.7583466501,       2.557809489,       -1.35802819,       4.460663212
          0,           0,         340,      -2.829849861,     -0.6218700319,     -0.7366885725,       2.556310125,      -1.358041249,       4.473770107
          0,           0,         341,      -2.835555622,     -0.6136874568,     -0.7393194869,       2.550182376,      -1.358246931,       4.419254327
          0,           0,         342,      -2.837934842,     -0.6283702559,     -0.7426466937,       2.547939325,      -1.357450741,        4.41881281
          0,           0,         343,      -2.844029498,     -0.6173732395,     -0.7265426201,       2.541189225,      -1.357805745,       4.513693714
          0,           0,         344,      -2.828802387,     -0.6465922403,     -0.7617352978,       2.557836761,      -1.357380749,        4.58798181
          0,           0,         345,      -2.834878194,      -0.613831672,     -0.7383705606,       2.550971488,      -1.356399151,       4.583911593
          0,           0,         346,      -2.836990365,     -0.6342704477,     -0.7525877815,        2.54876199,      -1.356729204,       4.525037778
          0,           0,         347,      -2.837682569,     -0.6402431262,     -0.7469301987,       2.548103072,      -1.356037097,       4.464590056
          0,           0,         348,      -2.835735472,     -0.6528745238,      -0.763330333,       2.550311997,      -1.355598104,        4.45696673
          0,           0,         349,      -2.831151562,     -0.6391320318,     -0.7454401339,       2.554982526,      -1.355445819,       4.458945733
          0,           0,         350,      -2.831368361,     -0.6490429094,     -0.7611405596,       2.554891656,      -1.355415361,       4.442087124
          0,           0,         351,       -2.83817076,     -0.6473586524,      -0.760712372,       2.547953313,      -1.354461624,       4.471406242
          0,           0,         352,      -2.837705448,     -0.6472294422,     -0.7673466282,       2.548707665,      -1.354863128,       4.477467286
          0,           0,         353,      -2.827447494,     -0.6589547302,     -0.7748953804,       2.560006058,      -1.354769934,       4.491349084
          0,           0,         354,      -2.832993379,     -0.6357806238,     -0.7516847901,       2.553688728,      -1.354483074,       4.484923348
          0,           0,         355,      -2.838692114,     -0.6326403694,     -0.7568445294,       2.547594825,      -1.354475071,       4.382041508
          0,           0,         356,      -2.840884267,     -0.6239849436,     -0.7503055605,       2.545563456,      -1.353551394,       4.360069504
          0,           0,         357,       -2.82962172,     -0.6244978967,     -0.7447452752,       2.557510765,      -1.353166499,       4.476617789
          0,           0,         358,      -2.835028434,     -0.6226934075,     -0.7399946417,       2.551724592,      -1.352893136,        4.46660223
          0,           0,         359,      -2.836369849,     -0.6167800921,     -0.7475413116,        2.54989126,      -1.352480733,        4.41048384
          0,           0,         360,      -2.842382641,     -0.6235602892,     -0.7440506914,        2.54473877,      -1.351554579,       4.416623945
          0,           0,         361,      -2.848184779,     -0.6269035717,     -0.7521853877,       2.538905215,      -1.351863409,       4.455095152
          0,           0,         362,       -2.83390114,     -0.6316357021,      -0.750025571,       2.553030714,      -1.350990303,       4.483916344
          0,           0,         363,      -2.831005028,     -0.6348655965,     -0.7338236483,       2.556554388,      -1.349727118,       4.466952474
          0,           0,         364,      -2.846315662,     -0.6361336267,     -0.7323023283,       2.540115414,      -1.349433898,       4.346087916
          0,           0,         365,      -2.844295382,     -0.6408720136,     -0.7442803108,       2.542492032,      -1.348499656,       4.379877809
          0,           0,         366,      -2.834243545,       -0.64703211,      -0.754825699,        2.55280199,       -1.34769204,       4.436896112
          0,           0,         367,      -2.841370039,     -0.6506524464,     -0.7460845093,        2.54494352,      -1.347325407,       4.468848612
          0,           0,         368,      -2.831738762,     -0.6480975609,     -0.7507505955,        2.55611257,      -1.347073913,       4.454614203
          0,           0,         369,      -2.841904048,     -0.6579817473,     -0.7439334178,       2.544427161,      -1.346414803,        4.42301226
          0,           0,         370,      -2.833526763,     -0.6597398457,     -0.7648768645,       2.554403998,       -1.34642274,       4.413973104
          0,           0,         371,      -2.835280807,     -0.6561161645,     -0.7615886625,       2.551419802,      -1.345556461,       4.452210372
          0,           0,         372,      -2.826489009,     -0.6400297141,      -0.764974566,       2.561232015,      -1.345159934,       4.450210375
          0,           0,         373,      -2.836495722,     -0.6431693941,     -0.7675577221,       2.551028132,      -1.345053536,       4.366361075
          0,           0,         374,      -2.837489988,     -0.6357968342,     -0.7657745519,       2.550197246,        -1.3442467,       4.446153333
          0,           0,         375,      -2.832893091,     -0.6311493592,     -0.7546709412,       2.554454218,       -1.34323896,        4.46548681
          0,           0,         376,      -2.840677924,     -0.6278569777,     -0.7321109591,       2.546329893,      -1.342611618,       4.401165276
          0,           0,         377,      -2.836278353,     -0.6192210828,     -0.7555323451,         2.5510983,      -1.341587538,       4.431480522
          0,           0,         378,      -2.839425024,     -0.6275657569,      -0.739623965,        2.54779603,      -1.341399647,       4.418895101
          0,           0,         379,      -2.831615989,     -0.6438766857,     -0.7501379482,       2.556369128,      -1.341349996,       4.471535217
          0,           0,         380,      -2.831550813,     -0.6304699923,     -0.7474885364,       2.555805128,       -1.34077859,       4.515933139
          0,           0,         381,       -2.84173899,     -0.6452687624,     -0.7511653279,       2.544708225,      -1.340594135,       4.466993502
          0,           0,         382,      -2.832197168,     -0.6447394795,     -0.7490163161,       2.555333289,      -1.340668487,       4.303115381
          0,           0,         383,      -2.834589001,     -0.6480954376,     -0.7569309698,       2.553440585,      -1.340428451,       4.474856484
          0,           0,         384,      -2.833739672,     -0.6299803139,     -0.7448938701,       2.553998998,      -1.340504609,       4.548406752
          0,           0,         385,       -2.83262272,     -0.6425929862,      -0.763269679,       2.555268689,       -1.34043067,       4.516254847
          0,           0,         386,      -2.836390327,     -0.6325880076,     -0.7479258442,       2.551287181,        -1.3395991,       4.528416226
          0,           0,         387,      -2.842313122,     -0.6268637742,     -0.7384782058,       2.545732989,      -1.339482867,        4.39668388
          0,           0,         388,      -2.830382763,     -0.6438885598,     -0.7705321932,       2.558792148,      -1.339211999,        4.40763912
          0,           0,         389,      -2.841493607,      -0.639464852,     -0.7471690164,        2.54572277,      -1.338667722,       4.480416885
          0,           0,         390,      -2.834536435,     -0.6327265618,     -0.7551254451,       2.553129034,      -1.338857436,       4.481344949
          0,           0,         391,      -2.838495215,     -0.6309396111,     -0.7475661361,       2.549497609,      -1.338416906,       4.436236666
          0,           0,         392,       -2.83872121,     -0.6360064611,     -0.7571741838,       2.549268377,      -1.337810023,       4.518316778
          0,           0,         393,      -2.840310601,     -0.6383694039,     -0.7494019026,       2.547041668,      -1.337322653,       4.531900754
          0,           0,         394,      -2.840795113,     -0.6377179072,     -0.7390683853,       2.546513223,      -1.337017154,       4.384273555
          0,           0,         395,      -2.840717466,     -0.6430713594,     -0.7606453874,       2.546500658,      -1.335744834,       4.399420476
          0,           0,         396,      -2.846318545,     -0.6379089923,     -0.7335944681,       2.540326499,      -1.335486949,        4.40455227
          0,           0,         397,      -2.833138322,     -0.6623025256,     -0.7791625491,       2.554689029,      -1.335018229,       4.410329298
          0,           0,         398,      -2.836389151,     -0.6421289731,     -0.7592800672,       2.550739602,      -1.334839964,       4.463245449
          0,           0,         399,      -2.841224166,     -0.6481383277,     -0.7653815777,       2.545446117,      -1.335025884,       4.393824786
          0,           0,         400,      -2.834210413,     -0.6354757067,     -0.7479709386,       2.553186271,      -1.334460156,       4.310178671
          0,           0,         401,      -2.840054252,     -0.6402111062,     -0.7457566307,       2.547275165,      -1.333980197,       4.420640499
          0,           0,         402,       -2.83809397,     -0.6236489433,     -0.7291314224,       2.549301198,      -1.333921081,       4.485378918
          0,           0,         403,      -2.835174435,     -0.6252323427,     -0.7543778285,       2.552976929,      -1.333811037,        4.50947656
          0,           0,         404,       -2.85025138,     -0.6258985851,     -0.7448718341,       2.536774532,      -1.332964331,        4.54118917
          0,           0,         405,      -2.850029193,     -0.6265939912,     -0.7428450203,       2.537419842,      -1.333387354,       4.489024952
          0,           0,         406,       -2.84122456,     -0.6372023446,     -0.7564261418,       2.546742697,      -1.333148084,       4.457245639
          0,           0,         407,       -2.84659973,      -0.629528424,     -0.7390715293,        2.54106751,      -1.332167201,       4.466235694
          0,           0,         408,      -2.843225451,     -0.6398344625,      -0.754869957,       2.544498834,      -1.332209949,        4.33136088
          0,           0,         409,      -2.848257153,     -0.6512061249,     -0.7491093476,       2.539214882,      -1.331715672,       4.354983557
          0,           0,         410,      -2.839221327,     -0.6517672329,     -0.7655517923,       2.549239581,      -1.330886485,       4.490817581
          0,           0,         411,      -2.831542047,     -0.6230546888,     -0.7450859196,        2.55813074,      -1.331016808,       4.526199647
          0,           0,         412,      -2.838976831,     -0.6461816174,     -0.7673075091,       2.549253014,      -1.330991274,       4.471328588
          0,           0,         413,      -2.836042444,     -0.6549305038,     -0.7567547584,       2.553104785,      -1.330566838,       4.449214391
          0,           0,         414,      -2.848073664,     -0.6331216031,     -0.7666843971,       2.540745373,      -1.330871125,       4.428113608
          0,           0,         415,      -2.827887125,     -0.6595013752,      -0.762483834,       2.561491205,      -1.330599788,       4.417803828
          0,           0,         416,      -2.831694933,     -0.6381647477,      -0.741723199,       2.557094949,      -1.330268456,       4.470214628
          0,           0,         417,      -2.835112615,     -0.6332212511,     -0.7511243321,       2.553905711,      -1.330115826,        4.35586034
          0,           0,         418,      -2.840898263,     -0.6314365104,     -0.7478996867,       2.547622825,      -1.330094333,       4.412140769
          0,           0,         419,       -2.83848019,     -0.6310739969,     -0.7511280608,       2.550303263,      -1.330150377,       4.467675044
          0,           0,         420,      -2.846369681,     -0.6348795857,     -0.7423725253,       2.541660535,      -1.329973721,       4.466058235
          0,           0,         421,       -2.83816379,     -0.6294439482,     -0.7453557164,       2.550214993,      -1.329492799,       4.515096918
          0,           0,         422,      -2.848348227,     -0.6312524668,     -0.7306176966,       2.539099694,      -1.329177456,       4.516504112
          0,           0,         423,      -2.850197812,     -0.6386501654,     -0.7382952728,       2.537904287,      -1.329390492,       4.569259221
          0,           0,         424,      -2.832231344,     -0.6464353828,     -0.7444624926,       2.556968525,      -1.328803501,        4.55222687
          0,           0,         425,      -2.847340474,     -0.6498147181,     -0.7503329845,       2.540429315,      -1.328463435,       4.510989011
          0,           0,         426,      -2.836439988,     -0.6492707365,     -0.7590513426,       2.552312788,      -1.328451019,       4.389192594
          0,           0,         427,      -2.843185377,     -0.6482326711,     -0.7537935523,       2.545085154,      -1.328240627,       4.429662669
          0,           0,         428,      -2.839653345,     -0.6465438676,     -0.7611926957,        2.54922071,      -1.328048527,       4.489808579
          0,           0,         429,      -2.844385723,     -0.6418134585,     -0.7521967678,       2.544124613,      -1.327949382,       4.432564885
          0,           0,         430,      -2.844943151,     -0.6400917693,     -0.7542519982,       2.543842849,      -1.327358943,       4.449413449
          0,           0,         431,      -2.847124352,     -0.6307225927,     -0.7484027477,       2.541131861,      -1.326977522,       4.442451385
          0,           0,         432,      -2.847131011,     -0.6391498414,     -0.7622809856,       2.541297517,      -1.327074777,       4.455914587
          0,           0,         433,      -2.836572351,     -0.6374024525,     -0.7596222285,       2.552404873,      -1.326340861,        4.51088271
          0,           0,         434,      -2.840341497,     -0.6196093054,     -0.7439436293,       2.548854484,      -1.326397879,       4.527738824
          0,           0,         435,      -2.840887447,     -0.6277342042,     -0.7490014267,       2.547826657,      -1.326175132,       4.482983018
          0,           0,         436,      -2.845877094,     -0.6303882355,     -0.7545478344,       2.541695427,       -1.32560305,        4.52176597
          0,           0,         437,      -2.841485512,     -0.6141018858,     -0.7487794945,       2.547452892,      -1.325185467,         4.5293019
          0,           0,         438,      -2.841078471,      -0.639320087,     -0.7432612044,       2.547802414,      -1.324748819,       4.405268721
          0,           0,         439,       -2.83921258,     -0.6481643194,     -0.7530985394,       2.548567681,      -1.323932081,       4.443536265
          0,           0,         440,       -2.84421903,      -0.622386499,     -0.7393835288,       2.544811104,       -1.32385296,        4.40406598
          0,           0,         441,      -2.842743722,     -0.6536458259,     -0.7667996227,       2.546008288,      -1.323630151,       4.366050855
          0,           0,         442,      -2.839401442,     -0.6488511355,     -0.7519782173,       2.548760342,      -1.322997174,       4.448064523
          0,           0,         443,       -2.83494359,     -0.6264105563,      -0.751280933,       2.554337552,      -1.323061159,       4.471143648
          0,           0,         444,      -2.839160738,     -0.6254620404,     -0.7355604841,       2.549382213,      -1.322142077,       4.369439836
          0,           0,         445,       -2.83351888,     -0.6418559806,     -0.7534671917,       2.555623767,      -1.321707228,       4.430262012
          0,           0,         446,      -2.841326214,     -0.6193722882,     -0.7342142991,       2.547277267,      -1.321202308,       4.450728531
          0,           0,         447,       -2.84258925,     -0.6297877392,     -0.7571202868,       2.545820216,      -1.320780792,       4.366612486
          0,           0,         448,      -2.838674082,     -0.6222255295,     -0.7413644211,       2.550261357,      -1.320180624,       4.438862414
          0,           0,         449,      -2.856649887,     -0.6159446185,      -0.732509602,        2.53071244,      -1.320130396,       4.408309746
          0,           0,         450,      -2.837572839,     -0.6391728374,     -0.7634862036,       2.551337085,       -1.31986061,       4.435701246
          0,           0,         451,      -2.844987291,     -0.6223984462,     -0.7384112567,       2.542773323,      -1.319247617,       4.502313783
          0,           0,         452,      -2.838380797,     -0.6326448244,     -0.7493727432,       2.550308173,      -1.319549439,       4.543881879
          0,           0,         453,       -2.83661073,     -0.6324726706,     -0.7281479881,       2.552094082,      -1.319249679,       4.514532781
          0,           0,         454,      -2.838976931,     -0.6482095931,     -0.7562482405,       2.549426272,      -1.318958852,       4.588169865
          0,           0,         455,      -2.833959061,     -0.6263428919,     -0.7210294512,       2.554515623,      -1.319336716,       4.571941006
          0,           0,         456,       -2.83200902,     -0.6310217843,     -0.7281914312,       2.556695523,      -1.319708431,       4.538927335
          0,           0,         457,      -2.839267167,     -0.6354275137,     -0.7307762543,       2.548893742,      -1.319362036,       4.503464852
          0,           0,         458,      -2.842045906,     -0.6466605982,     -0.7449743431,       2.546401031,      -1.320028539,       4.489604487
          0,           0,         459,      -2.833052837,     -0.6455151322,     -0.7464741558,       2.555952027,      -1.319862183,        4.51358838
          0,           0,         460,       -2.83735778,     -0.6367406534,     -0.7418117732,       2.551049661,      -1.319774342,       4.539350392
          0,           0,         461,      -2.843032976,     -0.6380246619,     -0.7626110701,        2.54395636,      -1.319985674,       4.493917176
          0,           0,         462,      -2.835025371,     -0.6154971825,     -0.7400651981,       2.554056956,      -1.319915256,       4.440001607
          0,           0,         463,      -2.842305299,     -0.6161849528,     -0.7397328627,       2.546150648,      -1.319746014,        4.52936652
          0,           0,         464,      -2.835671654,     -0.6206860947,     -0.7378790336,       2.552689215,      -1.319898354,       4.526793417
          0,           0,         465,      -2.842110874,     -0.6123060944,     -0.7425233213,       2.545616646,      -1.319894507,       4.513521241
          0,           0,         466,       -2.84933806,     -0.6194428063,     -0.7349427707,       2.539052573,      -1.319253055,       4.511858996
          0,           0,         467,      -2.856417886,     -0.6337951273,     -0.7356446614,       2.531247411,      -1.319476718,       4.511305597
          0,           0,         468,      -2.840032849,     -0.6257979655,     -0.7393937119,       2.548363765,      -1.319001955,       4.502434483
          0,           0,         469,      -2.837164073,     -0.6364661059,      -0.741857709,       2.551666624,      -1.318375149,       4.468965131
          0,           0,         470,      -2.847188729,     -0.6415390463,     -0.7378410699,       2.540827333,      -1.318642386,       4.335241811
          0,           0,         471,       -2.84374137,     -0.6535080093,     -0.7370278627,       2.545705093,      -1.318592685,       4.354026277
          0,           0,         472,      -2.844305479,     -0.6575564715,     -0.7578889028,       2.543638276,      -1.318223063,       4.469637704
          0,           0,         473,      -2.846953656,     -0.6418443935,     -0.7499348872,       2.540780679,      -1.318322564,       4.503571951
          0,           0,         474,      -2.841569537,     -0.6542195343,     -0.7569013693,       2.547027835,       -1.31788518,       4.418679483
          0,           0,         475,      -2.849392354,     -0.6505928131,     -0.7535618214,       2.537927408,       -1.31715095,       4.379125184
          0,           0,         476,      -2.841060495,     -0.6549167457,     -0.7689684387,       2.547719279,      -1.317019695,       4.364475049
          0,           0,         477,      -2.836521989,      -0.664733508,     -0.7592235615,       2.551651035,      -1.316931124,       4.463882639
          0,           0,         478,       -2.83292361,     -0.6462538895,     -0.7354638981,       2.555717711,       -1.31660875,       4.467557584
          0,           0,         479,      -2.845938504,     -0.6574496923,     -0.7508327883,       2.541509164,      -1.316442359,       4.342910298
          0,           0,         480,      -2.840455516,     -0.6521651957,     -0.7598519081,       2.547998681,      -1.316208345,       4.496225153
          0,           0,         481,      -2.830684067,     -0.6456621138,      -0.765403764,       2.557877617,      -1.316132083,       4.557208793
          0,           0,         482,      -2.838551417,      -0.644702094,     -0.7572642154,       2.549849713,      -1.315751113,       4.558631452
          0,           0,         483,      -2.837627811,     -0.6292194516,     -0.7631882366,         2.5506505,      -1.315194135,       4.592835502
          0,           0,         484,      -2.839527173,      -0.635767389,     -0.7435693983,       2.549032565,      -1.315330661,       4.553175323
          0,           0,         485,      -2.833080052,     -0.6585406791,     -0.7668422243,       2.556192902,      -1.315824142,       4.513207359
          0,           0,         486,      -2.839167269,      -0.651961929,     -0.7568577618,       2.548262786,      -1.315724016,       4.503419465
          0,           0,         487,      -2.832210122,     -0.6508254555,     -0.7678322681,       2.557030967,      -1.315777641,        4.49425785
          0,           0,         488,      -2.837025317,     -0.6440024366,     -0.7581495133,       2.551311867,      -1.315366583,       4.335906657
          0,           0,         489,      -2.834037115,     -0.6613371222,     -0.7736548646,       2.555357244,      -1.315030598,       4.453280521
          0,           0,         490,      -2.837501796,     -0.6366645337,     -0.7642446058,       2.550661171,      -1.314845247,       4.443945078
          0,           0,         491,      -2.839821626,     -0.6405165686,     -0.7503498669,       2.548549486,      -1.314855962,       4.436771707
          0,           0,         492,      -2.838776553,     -0.6300063829,     -0.7536715841,       2.549971918,       -1.31459234,        4.53990594
          0,           0,         493,      -2.852369798,     -0.6284005491,     -0.7522362475,        2.53519934,      -1.314710385,       4.492198724
          0,           0,         494,      -2.838720533,     -0.6475630807,     -0.7730085833,       2.550805561,       -1.31491785,       4.513527288
          0,           0,         495,       -2.84275194,     -0.6319312131,     -0.7515865777,       2.545250859,      -1.314336821,        4.56884317
          0,           0,         496,      -2.843009421,     -0.6282891708,     -0.7668405328,        2.54514122,      -1.314229776,        4.58248694
          0,           0,         497,      -2.841602193,     -0.6335567251,     -0.7390973294,       2.546984361,       -1.31397112,        4.51690142
          0,           0,         498,      -2.845635934,     -0.6388085035,     -0.7430243002,       2.543173679,      -1.313483579,       4.470724846
          0,           0,         499,      -2.843158459,     -0.6311240941,     -0.7501428141,       2.545195569,       -1.31364736,       4.469805428
          0,           0,         500,      -2.843715318,     -0.6490342839,     -0.7569364787,       2.543872771,      -1.313977717,       4.410724268
          0,           0,         501,      -2.841687735,     -0.6352707795,     -0.7698913708,       2.546469679,      -1.313712741,       4.405106322
          0,           0,         502,      -2.852909759,     -0.6354243775,     -0.7576338464,       2.534868172,      -1.314133663,       4.394133247
          0,           0,         503,      -2.837650279,     -0.6518569973,      -0.789746105,       2.551637079,      -1.314082443,        4.39984699
          0,           0,         504,      -2.839858818,     -0.6427593086,     -0.7595044068,       2.548198532,      -1.313756365,       4.470795536
          0,           0,         505,      -2.839512343,     -0.6356622781,      -0.760339519,       2.548672361,      -1.313809812,        4.43214701
          0,           0,         506,      -2.844503945,      -0.626046804,     -0.7419654847,        2.54390789,        -1.3133284,        4.35971991
          0,           0,         507,      -2.841360955,      -0.636264698,     -0.7660345159,       2.547819647,      -1.312890882,       4.491927021
          0,           0,         508,      -2.848215959,     -0.6265364223,     -0.7406829868,       2.539832433,      -1.312940799,       4.472763797
          0,           0,         509,       -2.85260532,     -0.6347312431,     -0.7498005406,       2.534694619,      -1.313441091,       4.447321487
          0,           0,         510,      -2.852405179,     -0.6260427642,     -0.7431927301,       2.534886586,      -1.313136432,       4.478865273
          0,           0,         511,      -2.854009521,     -0.6286032498,     -0.7431122919,       2.534119673,      -1.313681495,       4.441872792
          0,           0,         512,       -2.84434699,     -0.6499680922,     -0.7566517412,       2.544390522,      -1.314076117,       4.484455964
          0,           0,         513,      -2.846696415,     -0.6363704241,     -0.7443683703,       2.541458122,      -1.313864374,       4.521166793
          0,           0,         514,      -2.845915374,     -0.6658884976,      -0.765845943,       2.542042938,      -1.314123067,       4.537371306
          0,           0,         515,      -2.841838243,     -0.6619153359,     -0.7581770999,       2.546918735,      -1.313990894,       4.476329226
          0,           0,         516,       -2.84420707,     -0.6776860437,     -0.7757914389,       2.543972549,      -1.313772658,       4.500204038
          0,           0,         517,      -2.838896857,     -0.6555376124,     -0.7466381128,       2.549481877,      -1.313767046,       4.422927656
          0,           0,         518,      -2.835236347,     -0.6625069571,     -0.7588137797,       2.553544092,      -1.313510313,       4.440624882
          0,           0,         519,      -2.839980073,     -0.6480957147,     -0.7488154301,       2.548741524,       -1.31312391,       4.544214557
          0,           0,         520,      -2.839861856,     -0.6503523535,     -0.7745906184,       2.549388378,      -1.313222034,       4.549981482
          0,           0,         521,      -2.842150259,     -0.6640602242,     -0.7827545229,       2.546118607,      -1.312759225,       4.583820507
          0,           0,         522,      -2.836689501,     -0.6352933929,     -0.7516069914,       2.551958562,      -1.312096368,       4.582784153
          0,           0,         523,       -2.84792096,     -0.6338936252,     -0.7680723762,       2.539799576,      -1.311264301,       4.484224514
          0,           0,         524,      -2.842095387,      -0.629553233,     -0.7517502065,       2.546760516,      -1.310743467,       4.419890396
          0,           0,         525,      -2.838813621,     -0.6393500266,     -0.7736485821,       2.549597499,      -1.310502913,       4.454513622
          0,           0,         526,      -2.840857167,      -0.637464696,     -0.7493358943,        2.54801982,      -1.310343193,       4.337441441
          0,           0,         527,      -2.843425283,     -0.6306320354,     -0.7574761134,       2.544608811,      -1.309832929,       4.424011904
          0,           0,         528,      -2.842639085,      -0.649509451,     -0.7477680066,       2.545993281,      -1.309520994,       4.412421214
          0,           0,         529,       -2.84996392,     -0.6451000127,     -0.7553048662,       2.538315129,      -1.309490108,       4.414273333
          0,           0,         530,      -2.834674754,     -0.6607555306,     -0.7675192889,       2.554648902,      -1.308687947,       4.432848637
          0,           0,         531,      -2.837385466,      -0.653123409,     -0.7628795896,       2.552061243,      -1.307834346,       4.443921128
          0,           0,         532,       -2.83893381,      -0.655019042,     -0.7791792432,       2.549972907,      -1.307515558,       4.287000191
          0,           0,         533,      -2.840778941,      -0.658755353,     -0.7809854007,       2.548528871,      -1.307234595,       4.414394343
          0,           0,         534,       -2.84039643,     -0.6554229959,     -0.7737904943,        2.54861207,       -1.30694296,       4.447993605
          0,           0,         535,      -2.839365298,     -0.6503466138,     -0.7504421522,       2.549749787,      -1.306586543,       4.400842053
          0,           0,         536,      -2.841327201,     -0.6477626087,     -0.7707862665,         2.5472146,      -1.306338441,       4.460809777
          0,           0,         537,      -2.852528665,     -0.6478448851,     -0.7655944237,       2.535400541,      -1.306466998,       4.385105564
          0,           0,         538,       -2.83916986,     -0.6538612339,     -0.7908344985,       2.550104587,      -1.307021029,       4.379948165
          0,           0,         539,      -2.843016057,     -0.6389540138,     -0.7759927929,       2.545029491,      -1.306949304,       4.455455244
          0,           0,         540,      -2.845355963,     -0.6435882853,     -0.7809872268,       2.543339568,       -1.30723898,       4.447629189
          0,           0,         541,      -2.843956368,     -0.6530735236,     -0.7735127291,       2.544238564,      -1.307303955,        4.39338956
          0,           0,         542,      -2.847593697,     -0.6496012076,     -0.7806890787,       2.541213585,      -1.307118019,       4.508991212
          0,           0,         543,       -2.84019823,     -0.6267032984,     -0.7585463669,        2.54850073,      -1.306986324,       4.521771847
          0,           0,         544,      -2.838308125,     -0.6389786844,     -0.7787159479,       2.550247602,      -1.306807346,       4.465980672
          0,           0,         545,      -2.841330696,     -0.6291583537,     -0.7651771229,       2.547143224,      -1.306291933,       4.454395144
          0,           0,         546,      -2.847159266,     -0.6469545725,     -0.7639648423,       2.541667353,      -1.306438717,        4.36704739
          0,           0,         547,      -2.839183196,     -0.6539465942,     -0.8042392979,       2.549776244,      -1.306639857,       4.481210867
          0,           0,         548,      -2.840057025,     -0.6430766202,     -0.7721997367,       2.548528518,      -1.306444233,       4.548330194
          0,           0,         549,      -2.835124394,     -0.6381202812,      -0.776228721,       2.553532436,      -1.306795181,       4.556008023
          0,           0,         550,      -2.845596625,     -0.6341439038,     -0.7654410824,       2.542649562,      -1.306692865,       4.472180336
          0,           0,         551,      -2.838851061,     -0.6516082217,     -0.7886894241,       2.550585585,      -1.306489761,       4.442158179
          0,           0,         552,      -2.843486442,     -0.6390735226,     -0.7695041405,       2.544735556,       -1.30634749,       4.442824312
          0,           0,         553,      -2.846621447,      -0.629443541,     -0.7621716985,        2.54113408,      -1.306181032,       4.407862187
          0,           0,         554,      -2.845605008,     -0.6516630983,     -0.7694340861,       2.542767676,      -1.306107372,       4.393677529
          0,           0,         555,      -2.850322467,     -0.6363494964,      -0.762109983,       2.536962915,      -1.306405157,       4.444702335
          0,           0,         556,      -2.833829393,     -0.6435853867,     -0.7831978247,       2.555043512,      -1.306403626,       4.542167626
          0,           0,         557,      -2.832873232,     -0.6295091918,     -0.7647996683,       2.556377969,      -1.306359208,       4.599066442
          0,           0,         558,      -2.843868524,     -0.6362963295,      -0.761966662,       2.543931701,      -1.306531853,        4.51618589
          0,           0,         559,       -2.83912684,     -0.6507228583,     -0.7567384892,       2.549152953,      -1.306564831,       4.439622458
          0,           0,         560,       -2.83888702,     -0.6306539793,     -0.7564931163,       2.550378287,      -1.306480269,       4.447199875
          0,           0,         561,       -2.83807054,     -0.6389079107,     -0.7510839492,       2.550270755,      -1.306982347,       4.482420302
          0,           0,         562,      -2.837503325,     -0.6409647137,      -0.771713763,       2.551201342,      -1.307144807,       4.502055361
          0,           0,         563,      -2.839110529,     -0.6206477612,      -0.755906881,       2.550475305,       -1.30722347,        4.49444743
          0,           0,         564,      -2.850129442,     -0.6402766656,     -0.7729561899,       2.537814612,       -1.30758993,       4.536089089
          0,           0,         565,      -2.836303669,     -0.6450692863,     -0.7750234474,       2.552834313,      -1.307678039,       4.538547475
          0,           0,         566,      -2.846736296,     -0.6289303966,     -0.7528703932,       2.541559483,       -1.30745392,       4.526756085
          0,           0,         567,      -2.848909495,     -0.6474289365,     -0.7769296222,       2.538404874,      -1.307633169,       4.429145364
          0,           0,         568,      -2.841144499,     -0.6309603686,     -0.7574878352,       2.547669699,      -1.307486547,       4.347945261
          0,           0,         569,      -2.843980081,     -0.6408362809,     -0.7720419242,       2.545521439,      -1.307457976,       4.435100437
          0,           0,         570,      -2.845975537,     -0.6226635016,       -0.75514795,       2.544114131,      -1.307633588,       4.419459421
          0,           0,         571,      -2.848639354,     -0.6431449135,     -0.7728654315,       2.540062403,      -1.307362832,       4.486513104
          0,           0,         572,      -2.844706413,     -0.6489217407,     -0.7712038938,       2.544170267,      -1.307119394,       4.517090325
          0,           0,         573,      -2.851551658,     -0.6242024402,     -0.7443454102,       2.537378507,      -1.307274621,       4.523704358
          0,           0,         574,      -2.834494414,     -0.6660148799,     -0.7797452807,       2.555964973,      -1.307052096,        4.43508202
          0,           0,         575,      -2.839501468,     -0.6328589015,     -0.7577975272,        2.55060302,      -1.306971055,       4.449911031
          0,           0,         576,      -2.837958008,     -0.6483533956,     -0.7876129393,       2.551877615,      -1.306966205,         4.3927855
          0,           0,         577,      -2.840566768,     -0.6486990079,     -0.7743887702,       2.548726113,      -1.306829032,       4.414044866
          0,           0,         578,      -2.841509384,     -0.6472074328,     -0.7729036746,       2.548725008,      -1.306875307,       4.508656914
          0,           0,         579,      -2.838404334,     -0.6302910279,     -0.7507758775,       2.551793008,      -1.306634262,       4.444301633
          0,           0,         580,      -2.840552774,     -0.6169719267,     -0.7642493187,       2.549814206,      -1.306143505,       4.445188504
          0,           0,         581,      -2.848661478,     -0.6189269998,     -0.7455618617,       2.541263812,      -1.306089584,       4.406259816
          0,           0,         582,      -2.851398016,     -0.6307329732,     -0.7577812492,       2.538199582,      -1.306497388,       4.424923994
          0,           0,         583,      -2.839744027,     -0.6282216077,     -0.7551122028,       2.550521976,      -1.306331139,       4.452409946
          0,           0,         584,      -2.845278729,     -0.6165531037,     -0.7394801577,       2.544678093,      -1.306507264,       4.457859674
          0,           0,         585,      -2.842288644,     -0.6366683819,     -0.7661082823,       2.547310987,      -1.306608183,       4.364142056
          0,           0,         586,      -2.847197085,     -0.6255425145,     -0.7565264686,       2.542214065,      -1.306455671,       4.426002751
          0,           0,         587,      -2.840511136,     -0.6295887294,     -0.7699566432,       2.549719395,      -1.306367817,       4.525955208
          0,           0,         588,      -2.845169542,     -0.6407741632,     -0.7613830116,        2.54433657,      -1.306619301,        4.50192355
          0,           0,         589,      -2.843234431,     -0.6459646475,     -0.7782895846,       2.546325691,      -1.306087308,       4.596539381
          0,           0,         590,      -2.847389283,     -0.6371869397,     -0.7660602396,       2.542457691,      -1.306631751,       4.557591399
          0,           0,         591,      -2.843592787,     -0.6506668101,     -0.7741134518,       2.546441702,      -1.307035988,       4.498283238
          0,           0,         592,      -2.838461383,     -0.6646432448,     -0.7843423552,       2.550665212,      -1.306466437,       4.483479647
          0,           0,         593,       -2.83831258,      -0.655464091,     -0.7704152773,       2.551382835,      -1.306488602,       4.461786682
          0,           0,         594,      -2.840474419,      -0.638075895,     -0.7581850893,         2.5491653,      -1.306577574,       4.313352546
          0,           0,         595,      -2.838426081,     -0.6442355237,     -0.7669147916,       2.551232948,      -1.306582918,       4.420780677
          0,           0,         596,      -2.843746907,     -0.6332730206,     -0.7690304377,       2.545404707,      -1.306865408,       4.471319445
          0,           0,         597,      -2.842837521,     -0.6214901679,     -0.7426217701,       2.547555773,      -1.307313384,        4.45535296
          0,           0,         598,       -2.83987522,     -0.6268542841,     -0.7570252978,       2.550013057,      -1.306993229,       4.514205964
          0,           0,         599,      -2.848850138,     -0.6350906231,     -0.7555210203,       2.540434013,      -1.307381719,       4.453803409
          0,           0,         600,      -2.836223783,     -0.6377213445,     -0.7680512135,        2.55488655,      -1.307493461,       4.417769984
          0,           0,         601,      -2.840649628,     -0.6407107056,     -0.7642406483,       2.548862363,      -1.307659053,       4.472678569
          0,           0,         602,      -2.842772502,     -0.6307900512,     -0.7598326056,       2.546722404,      -1.308206948,       4.475977545
          0,           0,         603,      -2.843767086,     -0.6345424511,     -0.7612237676,       2.546540791,      -1.308435872,       4.353003009
          0,           0,         604,       -2.84414321,     -0.6543456351,     -0.7647065063,       2.546012151,      -1.308439643,       4.492194115
          0,           0,         605,      -2.842422544,     -0.6359986838,     -0.7577734606,       2.546265028,       -1.30865267,       4.507106597
          0,           0,         606,      -2.840841613,     -0.6484340828,     -0.7802394503,       2.548407702,      -1.309001309,       4.506864478
          0,           0,         607,      -2.841287214,     -0.6384888616,     -0.7669666734,       2.548111716,      -1.309038107,       4.527069151
          0,           0,         608,      -2.852615384,     -0.6578694662,     -0.7669818099,       2.536525799,      -1.309237064,       4.497861284
          0,           0,         609,      -2.841471192,     -0.6689760244,     -0.7855011869,       2.548269989,      -1.309851311,       4.563744264
          0,           0,         610,      -2.842929875,     -0.6582810137,     -0.7719897621,       2.545733364,      -1.310417241,       4.567838313
          0,           0,         611,      -2.837495202,     -0.6291118199,      -0.751433949,       2.551589661,      -1.311307827,       4.526609725
          0,           0,         612,      -2.842273482,     -0.6381531843,     -0.7564748621,       2.546328506,      -1.311917887,        4.40403334
          0,           0,         613,       -2.84425048,     -0.6453649135,     -0.7574253691,       2.545087825,      -1.312191317,       4.444415664
          0,           0,         614,      -2.850282374,     -0.6362542625,     -0.7435101477,       2.538110785,      -1.312545889,       4.416566892
          0,           0,         615,      -2.855174592,     -0.6263248308,     -0.7514023765,       2.532692976,       -1.31285007,       4.452709166
          0,           0,         616,      -2.843287668,     -0.6376247342,     -0.7413334443,       2.544971189,      -1.312860064,       4.542500359
          0,           0,         617,      -2.850378982,     -0.6253548416,     -0.7379849337,       2.537964874,      -1.313813648,        4.63734236
          0,           0,         618,       -2.83639941,     -0.6502234029,     -0.7860408852,       2.553552445,       -1.31444222,       4.642705744
          0,           0,         619,      -2.839434965,     -0.6374152192,     -0.7561272005,       2.549348114,      -1.314508745,       4.634123777
          0,           0,         620,      -2.844841032,     -0.6594479918,      -0.771477612,       2.543608245,      -1.314768901,       4.571417558
          0,           0,         621,       -2.84299289,     -0.6456798288,      -0.767243589,       2.545280778,      -1.314860342,       4.460894273
          0,           0,         622,       -2.84772953,     -0.6477929781,     -0.7862719213,        2.54070574,      -1.315096587,        4.49661352
          0,           0,         623,      -2.840031808,     -0.6374358767,     -0.7572371171,       2.548752168,      -1.315505037,       4.447903119
          0,           0,         624,      -2.844154746,     -0.6417173942,     -0.7608983149,       2.544298005,      -1.315717011,       4.414854777
          0,           0,         625,      -2.849944071,     -0.6246704315,     -0.7550271291,       2.538557756,      -1.315535176,       4.470115479
          0,           0,         626,      -2.848716697,     -0.6195060689,     -0.7565212327,       2.539940778,      -1.316328547,       4.431645518
          0,           0,         627,      -2.843961672,     -0.6439215695,     -0.7690149926,        2.54534353,      -1.316650036,       4.449588999
          0,           0,         628,      -2.856193237,      -0.626070408,     -0.7503334939,       2.531465527,      -1.316692033,       4.487865444
          0,           0,         629,      -2.847217861,     -0.6375645324,     -0.7563145465,       2.541524723,      -1.317157842,       4.452805572
          0,           0,         630,      -2.847459854,     -0.6361961339,     -0.7486623984,       2.540921801,      -1.317071341,       4.388182974
          0,           0,         631,      -2.843032088,     -0.6339001444,     -0.7476080167,       2.546385603,      -1.317570709,       4.472129659
          0,           0,         632,      -2.849314759,     -0.6341631024,     -0.7456367454,       2.538846689,      -1.317871102,        4.44239755
          0,           0,         633,      -2.844866221,     -0.6509467947,     -0.7755345573,       2.543590175,      -1.317940199,       4.464690495
          0,           0,         634,      -2.846088787,     -0.6487707555,     -0.7729709981,       2.541843687,      -1.318235319,       4.535428394
          0,           0,         635,      -2.847757647,     -0.6493099382,     -0.7749746332,       2.540347817,      -1.318886272,       4.558667401
          0,           0,         636,      -2.835757655,     -0.6757267739,       -0.78714393,          2.553192,      -1.319291054,       4.582517596
          0,           0,         637,       -2.84292959,     -0.6383165666,      -0.764930316,        2.54581787,      -1.319764464,       4.578153964
          0,           0,         638,      -2.839711629,     -0.6439266265,     -0.7876840718,       2.549034867,      -1.320414613,       4.493093238
          0,           0,         639,      -2.839504579,     -0.6403031616,     -0.7645259763,       2.549825733,      -1.320646963,       4.445278901
          0,           0,         640,      -2.844081565,     -0.6347146709,     -0.7753605536,       2.544993736,      -1.321088428,       4.517990988
          0,           0,         641,      -2.841313275,     -0.6316416946,     -0.7748573948,        2.54814839,      -1.321473322,       4.458451614
          0,           0,         642,      -2.843101796,     -0.6315953289,     -0.7871840871,       2.545778302,      -1.321688612,       4.487987186
          0,           0,         643,      -2.855958021,      -0.634061459,     -0.7720469922,       2.532551852,      -1.322265562,       4.476566602
          0,           0,         644,      -2.856351754,     -0.6515688125,     -0.7884959037,       2.532206755,      -1.323273274,        4.43550609
          0,           0,         645,      -2.847660921,     -0.6530936936,     -0.7863345383,       2.540543931,      -1.323572897,       4.475531727
          0,           0,         646,      -2.849834106,     -0.6536463457,     -0.7828983157,        2.53922545,      -1.323723878,       4.475396498
          0,           0,         647,      -2.848796985,      -0.650832888,     -0.7826201756,       2.539938745,      -1.324298028,       4.330478815
          0,           0,         648,      -2.849844753,     -0.6653987612,     -0.7891908516,       2.538933258,      -1.324212719,       4.402732778
          0,           0,         649,      -2.844010014,     -0.6636305979,     -0.7958044487,       2.545140228,      -1.324253225,       4.438353135
          0,           0,         650,      -2.843468361,     -0.6646549135,     -0.7748022658,        2.54556507,       -1.32492041,       4.414871847
          0,           0,         651,      -2.843532304,     -0.6635039428,     -0.7831941429,       2.545554654,      -1.325499126,       4.503164568
          0,           0,         652,      -2.847700332,     -0.6510047409,     -0.7813128801,       2.541527614,      -1.325703502,        4.46845497
          0,           0,         653,      -2.849347445,     -0.6608640045,     -0.7959422948,       2.540666215,      -1.326478954,        4.49040924
          0,           0,         654,      -2.832929679,     -0.6760894665,     -0.7956856117,       2.557023116,      -1.326918932,         4.5429813
          0,           0,         655,      -2.834939769,     -0.6376511989,     -0.7536489003,       2.554376556,      -1.327244088,        4.52156269
          0,           0,         656,      -2.842763298,     -0.6369586239,     -0.7656773624,       2.546709782,      -1.327202751,       4.399452386
          0,           0,         657,      -2.845261321,     -0.6436285423,     -0.7575991301,       2.544216816,      -1.327580146,       4.440672316
          0,           0,         658,      -2.846858023,     -0.6423340439,     -0.7661589443,       2.541776351,      -1.328040265,       4.437119305
          0,           0,         659,      -2.851601323,     -0.6314009203,     -0.7417222285,        2.53702972,      -1.328175068,       4.414027431
          0,           0,         660,      -2.843679471,     -0.6376689077,     -0.7638090001,       2.545533439,      -1.328336111,       4.505084616
          0,           0,         661,      -2.857023405,     -0.6373639037,     -0.7506653164,       2.531412129,      -1.329087358,       4.485788289
          0,           0,         662,      -2.843131051,      -0.670899305,     -0.7873375806,        2.54650738,      -1.329881771,       4.447355208
          0,           0,         663,      -2.844260157,     -0.6533680169,     -0.7795792779,       2.544155566,      -1.330152158,       4.500346887
          0,           0,         664,      -2.844871983,     -0.6591826642,     -0.7833539644,       2.544316356,      -1.331106673,       4.463952435
          0,           0,         665,      -2.846565861,     -0.6446295041,     -0.7682815545,        2.54236842,      -1.331602645,       4.303184752
          0,           0,         666,      -2.848866463,     -0.6653374876,     -0.7838987568,       2.540811446,       -1.33248917,       4.471061637
          0,           0,         667,      -2.843833862,     -0.6354476374,     -0.7570289102,       2.545628193,      -1.333236277,       4.467802458
          0,           0,         668,      -2.841013476,     -0.6506008811,     -0.7751673051,       2.548988629,      -1.333832604,       4.460328173
          0,           0,         669,      -2.844789636,     -0.6344377563,      -0.768456012,       2.545148635,      -1.334093184,       4.491735986
          0,           0,         670,      -2.851052557,     -0.6244608141,     -0.7482342297,       2.538814023,      -1.334757565,       4.389796299
          0,           0,         671,      -2.842263165,     -0.6501874489,     -0.7809328358,       2.548700545,       -1.33516352,       4.403691027
          0,           0,         672,      -2.851939542,     -0.6341546196,     -0.7687853574,       2.537544004,      -1.335562061,       4.477576244
          0,           0,         673,      -2.842835153,     -0.6492448323,     -0.7853957004,       2.546918296,       -1.33628256,       4.453766502
          0,           0,         674,      -2.850640344,     -0.6448512826,      -0.764795944,       2.537861925,      -1.336385304,       4.384729482
          0,           0,         675,      -2.845408946,     -0.6344281008,     -0.7728024912,       2.545014746,      -1.336532436,       4.482187212
          0,           0,         676,       -2.84869785,     -0.6323172025,     -0.7645626025,       2.540449389,      -1.336622107,       4.380763796
          0,           0,         677,      -2.850719396,     -0.6535759479,      -0.794581118,       2.538312226,      -1.336531287,       4.375051313
          0,           0,         678,      -2.850128894,     -0.6488115395,     -0.7927708461,       2.538316138,      -1.336227217,       4.366223157
          0,           0,         679,      -2.858521054,     -0.6423716889,     -0.7684666479,       2.530478897,      -1.336973581,       4.382903366
          0,           0,         680,      -2.840417944,      -0.665132396,     -0.7974196466,       2.549333131,       -1.33730458,       4.381607509
          0,           0,         681,      -2.852267399,     -0.6442518385,     -0.7719029553,       2.536560549,      -1.337609566,       4.425826336
          0,           0,         682,      -2.847153062,     -0.6652172639,     -0.8116555457,       2.541758567,      -1.337782659,       4.378834223
          0,           0,         683,      -2.842949112,      -0.643096143,     -0.7890828766,       2.546124523,      -1.337662068,       4.407335366
          0,           0,         684,      -2.850790074,     -0.6487175074,     -0.7995658617,       2.538595948,      -1.338184714,       4.487108238
          0,           0,         685,      -2.849079115,     -0.6415624113,     -0.7765157533,       2.540081681,      -1.338188371,       4.420899465
          0,           0,         686,      -2.846182619,     -0.6452413815,     -0.8001687421,       2.542858583,      -1.338236373,        4.43913817
          0,           0,         687,       -2.85576028,     -0.6304018174,     -0.7898239416,       2.533093742,      -1.337796677,        4.43069719
          0,           0,         688,      -2.855397473,      -0.637385585,     -0.7861120819,       2.534447932,      -1.338293051,       4.367406602
          0,           0,         689,      -2.847042941,     -0.6537618837,     -0.7985852896,       2.543062912,      -1.338177046,       4.416468228
          0,           0,         690,      -2.861157653,     -0.6435729301,     -0.7807863105,       2.527432829,      -1.338093765,       4.462046695
          0,           0,         691,       -2.84898683,     -0.6541277759,      -0.776424188,       2.540631095,      -1.338430655,       4.368181554
          0,           0,         692,      -2.853431131,     -0.6635211892,     -0.7835214571,       2.535636823,      -1.338539237,       4.376680097
          0,           0,         693,      -2.848658324,     -0.6705980436,     -0.8041609174,       2.541321686,      -1.338890327,       4.432244416
          0,           0,         694,      -2.853220513,     -0.6655586166,     -0.7916309145,       2.535962977,      -1.339425048,       4.423556095
          0,           0,         695,      -2.848228215,     -0.6740344172,     -0.8047007759,       2.541532089,       -1.33989312,       4.505561454
          0,           0,         696,       -2.85009334,     -0.6569445709,     -0.7863548716,       2.539906687,      -1.340043803,       4.466458572
          0,           0,         697,      -2.852198814,     -0.6763296708,     -0.8036659555,       2.538132988,      -1.340592119,       4.408353956
          0,           0,         698,      -2.841425372,     -0.6733428378,     -0.7844875656,       2.548719912,      -1.340711416,       4.419319609
          0,           0,         699,       -2.83743144,     -0.6412500972,     -0.7574295056,       2.552713241,      -1.340653886,       4.451395849
          0,           0,         700,      -2.845338453,     -0.6268463093,     -0.7630199543,       2.544652668,      -1.340835778,        4.34683623
          0,           0,         701,      -2.854286245,     -0.6422779909,     -0.7647451118,       2.535101292,      -1.340759307,       4.460162304
          0,           0,         702,      -2.852254986,     -0.6347518826,     -0.7811463188,       2.537524759,       -1.34142121,       4.431647148
          0,           0,         703,      -2.864113523,     -0.6323991242,     -0.7613166493,       2.523966262,      -1.341434486,       4.424745417
          0,           0,         704,      -2.853457512,     -0.6282759485,     -0.7868329326,       2.535777169,      -1.341207819,       4.477315126
          0,           0,         705,      -2.858996417,     -0.6304254893,     -0.7752725867,       2.529467742,      -1.341249669,       4.375005135
          0,           0,         706,      -2.848105613,     -0.6590366197,     -0.8102193108,       2.542222491,      -1.341280941,       4.365166469
          0,           0,         707,      -2.846848438,     -0.6469828061,     -0.7790651951,        2.54229059,      -1.340936911,       4.484035955
          0,           0,         708,      -2.841667326,     -0.6661716452,      -0.802238972,       2.548914654,      -1.341132189,       4.499766009
          0,           0,         709,      -2.846353643,     -0.6495429828,     -0.7841509701,       2.543192327,      -1.341382432,       4.505928598
          0,           0,         710,      -2.849098125,      -0.677505888,     -0.7877231203,       2.540984015,      -1.341875654,       4.555566779
          0,           0,         711,      -2.838159048,      -0.662229795,      -0.773318809,       2.551810044,      -1.342281914,       4.547036177
          0,           0,         712,      -2.843881578,     -0.6618797676,     -0.7666875836,       2.546643083,      -1.342641875,       4.491109669
          0,           0,         713,      -2.848263051,     -0.6539762336,     -0.7755299857,       2.541834039,       -1.34267122,       4.503354579
          0,           0,         714,      -2.851517363,     -0.6454425583,     -0.7645313092,       2.538911463,      -1.343076909,        4.39078002
          0,           0,         715,       -2.84514026,     -0.6590496787,     -0.8036294124,       2.546152228,      -1.343461659,       4.417792732
          0,           0,         716,      -2.851517884,     -0.6410787418,     -0.7706968071,        2.53907636,      -1.343770629,       4.507021164
          0,           0,         717,      -2.844534932,     -0.6402002836,     -0.7719115924,       2.545734139,      -1.344287628,       4.529259341
          0,           0,         718,      -2.849694006,     -0.6390209683,     -0.7679679511,       2.540926154,      -1.344387484,       4.467901681
          0,           0,         719,      -2.853352542,      -0.633428783,     -0.7634005577,       2.537753303,      -1.344510676,       4.511482096
          0,           0,         720,      -2.848841641,     -0.6270965919,     -0.7513603526,       2.542115271,      -1.344552842,       4.451674027
          0,           0,         721,      -2.854266708,     -0.6452273779,     -0.7732329694,       2.536271591,      -1.344544584,       4.363793563
          0,           0,         722,       -2.84968567,     -0.6455342664,     -0.7790510226,       2.540936494,      -1.344203049,       4.415479513
          0,           0,         723,      -2.866739549,     -0.6453419604,     -0.7635501632,       2.522700978,      -1.344309049,        4.37263678
          0,           0,         724,      -2.846264588,     -0.6641537461,     -0.8023481098,       2.545174205,      -1.344632968,       4.407086003
          0,           0,         725,      -2.853024839,     -0.6320740617,     -0.7735264278,       2.537262583,      -1.344821516,       4.485621225
          0,           0,         726,       -2.85432323,     -0.6521208259,     -0.7929680664,       2.535592605,       -1.34526124,       4.416498223
          0,           0,         727,      -2.852304699,     -0.6499961789,     -0.7768466632,        2.53828608,      -1.345109398,       4.275178014
          0,           0,         728,      -2.848188627,     -0.6492304728,     -0.7775977605,       2.543702492,      -1.345139731,       4.447567136
          0,           0,         729,      -2.854516121,     -0.6219947017,     -0.7502930362,       2.535466733,      -1.344936639,       4.455674071
          0,           0,         730,      -2.848616509,     -0.6449325242,     -0.7731222932,       2.541932052,      -1.345076509,       4.457067389
          0,           0,         731,      -2.853431369,     -0.6364399278,     -0.7598802946,       2.537117377,      -1.344838313,       4.491147987
          0,           0,         732,      -2.860870305,     -0.6412456103,     -0.7607778389,       2.529383316,      -1.345242623,       4.410606673
          0,           0,         733,      -2.850534912,     -0.6519336955,     -0.7716493327,        2.54013469,      -1.345142147,       4.451416227
          0,           0,         734,      -2.862502199,     -0.6366110882,      -0.762436383,        2.52653599,       -1.34439445,       4.482652786
          0,           0,         735,      -2.856627256,     -0.6403872213,       -0.76977338,       2.533126448,      -1.344143855,       4.457965299
          0,           0,         736,      -2.860113041,     -0.6596724954,     -0.7648085172,       2.529380403,      -1.343262968,        4.41005217
          0,           0,         737,      -2.854583041,     -0.6413550455,     -0.7646732784,       2.535482428,      -1.343166151,       4.575829231
          0,           0,         738,      -2.852671333,     -0.6415281854,     -0.7593882323,       2.537750347,      -1.343294755,       4.588507252
          0,           0,         739,      -2.856426629,     -0.6492333877,     -0.7782428632,       2.532905854,      -1.343486082,       4.545120361
          0,           0,         740,      -2.854452015,     -0.6411341763,     -0.7857117314,       2.535251101,      -1.343590197,       4.415930417
          0,           0,         741,      -2.861209506,     -0.6503855493,     -0.7914412642,       2.528732863,       -1.34376516,       4.419705262
          0,           0,         742,      -2.851109559,      -0.634382481,     -0.7944259384,       2.540180848,      -1.343400286,       4.419015342
          0,           0,         743,      -2.858979309,     -0.6495741948,     -0.7758483204,       2.530416772,      -1.343073582,       4.480106047
          0,           0,         744,      -2.858417037,     -0.6383873735,     -0.7905140831,        2.53188032,      -1.343210481,       4.442675995
          0,           0,         745,       -2.85540348,     -0.6419860582,     -0.7912863552,       2.535527089,      -1.342750439,       4.345562634
          0,           0,         746,      -2.856785338,     -0.6336716158,     -0.7711409208,        2.53479052,      -1.342467333,       4.496520462
          0,           0,         747,      -2.862069039,     -0.6345710128,     -0.7718824759,       2.529188611,      -1.342172808,       4.477549435
          0,           0,         748,      -2.859721168,     -0.6349444162,     -0.7855521115,       2.531310313,      -1.342459443,       4.501630087
          0,           0,         749,      -2.863309065,     -0.6381789764,     -0.7722422239,       2.527164754,       -1.34216423,       4.488357898
          0,           0,         750,      -2.865548105,     -0.6380491331,     -0.7608441981,       2.524539739,       -1.34216866,       4.487047616
          0,           0,         751,      -2.854803893,     -0.6455558614,     -0.7711894953,       2.536932955,      -1.341511491,       4.439424033
          0,           0,         752,      -2.862881832,     -0.6538823276,     -0.7623967524,       2.527799148,      -1.340665398,       4.438038126
          0,           0,         753,      -2.851860439,     -0.6658651131,     -0.7737341775,       2.539537901,      -1.341127956,       4.398149431
          0,           0,         754,      -2.846853256,     -0.6632080901,     -0.7699876212,       2.544165318,       -1.34102039,       4.433300749
          0,           0,         755,      -2.857026402,      -0.672503413,     -0.7833448973,       2.533712731,      -1.340906505,       4.546574679
          0,           0,         756,      -2.846664537,     -0.6548302357,     -0.7537707033,       2.544912757,      -1.341244848,       4.513318179
          0,           0,         757,      -2.853439452,     -0.6693533371,      -0.780793551,       2.537103988,      -1.340664025,       4.437817112
          0,           0,         758,      -2.855193867,     -0.6507943275,     -0.7603865493,       2.536183542,      -1.340202008,       4.416400551
          0,           0,         759,      -2.859849947,     -0.6411480356,     -0.7763211803,       2.531390546,      -1.340059408,       4.383380107
          0,           0,         760,      -2.851066743,     -0.6566310385,     -0.7764510255,       2.541041549,      -1.339718232,       4.458734684
          0,           0,         761,       -2.84787795,     -0.6281870201,     -0.7645034199,       2.544117849,      -1.339816635,       4.513769928
          0,           0,         762,      -2.852668208,     -0.6307844041,     -0.7649443356,       2.538878944,      -1.339843098,       4.427080851
          0,           0,         763,      -2.852775168,     -0.6419581886,     -0.7759146349,       2.538098578,      -1.339778461,       4.434130814
          0,           0,         764,      -2.853684195,     -0.6386363171,     -0.7645359208,       2.537945037,      -1.339705959,       4.483943879
          0,           0,         765,      -2.858382453,     -0.6410250313,     -0.7592197422,       2.532955135,      -1.339391447,       4.479472905
          0,           0,         766,      -2.848661643,     -0.6324883165,     -0.7846750207,       2.542762375,      -1.338778755,       4.517897932
          0,           0,         767,      -2.859237649,       -0.62684998,     -0.7694875432,       2.531796322,      -1.338695065,       4.471331433
          0,           0,         768,      -2.857468259,     -0.6563936622,     -0.7908872753,       2.534142892,      -1.338875324,       4.441738987
          0,           0,         769,      -2.844124071,     -0.6526174014,     -0.7611213021,       2.546918782,      -1.338588321,       4.444740762
          0,           0,         770,      -2.847577674,     -0.6534838408,     -0.7666765224,       2.543768448,      -1.338668399,       4.439245847
          0,           0,         771,      -2.848399179,     -0.6488589706,     -0.7647909892,       2.542963042,      -1.338439756,       4.272800826
          0,           0,         772,       -2.85021709,     -0.6642890586,     -0.7677062868,       2.541340138,      -1.338201345,       4.454165772
          0,           0,         773,      -2.850876614,     -0.6533144787,     -0.7771307438,       2.539866082,      -1.338094601,       4.489681864
          0,           0,         774,      -2.851886321,     -0.6507473264,     -0.7642250585,       2.538462575,      -1.338115328,       4.497075738
          0,           0,         775,      -2.848270255,     -0.6493979733,     -0.7645490673,       2.542900995,      -1.337850498,       4.590911777
          0,           0,         776,      -2.858016532,     -0.6387229353,     -0.7568713813,       2.532822959,      -1.337708118,       4.533695281
          0,           0,         777,      -2.845275961,     -0.6674372833,     -0.7785467718,       2.546130216,      -1.338067776,       4.489080315
          0,           0,         778,      -2.849850993,      -0.647548857,     -0.7561509007,       2.540685489,      -1.337917317,       4.522937158
          0,           0,         779,       -2.85235615,     -0.6537917013,       -0.77463401,       2.538201748,      -1.337312353,       4.470519227
          0,           0,         780,      -2.852516127,     -0.6472490103,     -0.7568549954,       2.538746997,      -1.337278414,        4.34932895
          0,           0,         781,      -2.847812584,     -0.6363686882,     -0.7599594127,       2.543592863,        -1.3374371,       4.453295237
          0,           0,         782,      -2.848338145,     -0.6438944537,     -0.7621029538,       2.543146532,      -1.337232299,       4.493494178
          0,           0,         783,      -2.840558105,     -0.6499317253,     -0.7588070575,       2.552214369,      -1.337622832,       4.495018168
          0,           0,         784,       -2.85686763,     -0.6385333244,     -0.7564714383,       2.534327519,      -1.337215196,        4.56519479
          0,           0,         785,      -2.857753319,     -0.6534112377,     -0.7691717113,        2.53409805,      -1.337098872,       4.508318251
          0,           0,         786,      -2.848587742,     -0.6449551663,     -0.7653070984,       2.543402011,      -1.337071732,       4.514409143
          0,           0,         787,      -2.852169122,     -0.6557050951,     -0.7665437774,        2.53955532,      -1.336667353,       4.456200455
          0,           0,         788,      -2.847628262,     -0.6400147862,     -0.7694544032,       2.544197129,      -1.336714654,        4.39382821
          0,           0,         789,      -2.849698311,     -0.6385165495,     -0.7843487625,       2.542110908,      -1.336726583,       4.378286378
          0,           0,         790,      -2.849847692,     -0.6385401805,     -0.7823437657,       2.541949443,      -1.336725976,       4.468528035
          0,           0,         791,      -2.863102077,     -0.6350053253,     -0.7708732109,       2.528007684,      -1.336696919,       4.384879667
          0,           0,         792,      -2.856363594,     -0.6345366026,     -0.7821871764,       2.535504736,      -1.336213694,       4.496451075
          0,           0,         793,       -2.85980454,     -0.6561988148,     -0.7847373848,       2.531325713,       -1.33580916,       4.482126133
          0,           0,         794,      -2.860430772,     -0.6580078427,     -0.7949166317,       2.531190271,       -1.33574707,       4.529388978
          0,           0,         795,      -2.847304993,     -0.6473112093,     -0.7932517221,       2.543965805,      -1.335441231,       4.533728734
          0,           0,         796,       -2.84940882,     -0.6382927541,     -0.7713425008,       2.542069016,      -1.335388027,       4.553646392
          0,           0,         797,      -2.850679359,     -0.6466771107,     -0.7888001356,       2.539976586,      -1.335255028,       4.497373883
          0,           0,         798,      -2.851218561,     -0.6497824292,     -0.7694382421,       2.540479142,      -1.335203673,       4.472631575
          0,           0,         799,      -2.847339888,     -0.6442224391,      -0.782835541,       2.544815303,      -1.335038839,       4.474061821
          0,           0,         800,      -2.849155949,     -0.6423628978,     -0.7602173402,       2.542832134,      -1.334503139,       4.369810321
          0,           0,         801,      -2.851956002,     -0.6281497937,      -0.772926862,        2.54003201,      -1.334298748,        4.44584181
          0,           0,         802,      -2.852343155,     -0.6249116963,     -0.7735817695,       2.540432235,      -1.334143653,       4.527649384
          0,           0,         803,      -2.846259871,     -0.6397877818,     -0.7845089429,       2.546914923,      -1.334212326,       4.526118687
          0,           0,         804,      -2.847807399,     -0.6461193223,     -0.7937556168,       2.543936027,      -1.333768401,       4.589969308
          0,           0,         805,      -2.840082143,      -0.623190303,     -0.7706988216,       2.553147151,      -1.333015285,       4.594893692
          0,           0,         806,       -2.85269837,     -0.6368567171,     -0.7808217286,       2.539559415,      -1.332054585,       4.512473364
          0,           0,         807,      -2.851617299,     -0.6370324381,     -0.7776414424,       2.541107072,       -1.33124124,        4.50228739
          0,           0,         808,      -2.848858662,     -0.6297275167,     -0.7743298176,       2.543086982,      -1.330419105,       4.486795467
          0,           0,         809,      -2.848328362,     -0.6561810101,     -0.7628025103,        2.54389832,      -1.330930775,        4.34245365
          0,           0,         810,      -2.850732815,     -0.6330916501,     -0.7893561669,        2.54093895,      -1.330855784,       4.414307113
          0,           0,         811,      -2.856242943,     -0.6420013144,     -0.7683074332,       2.535998395,      -1.331070864,       4.368760159
          0,           0,         812,      -2.844418496,     -0.6795299635,     -0.8098596251,       2.547482911,      -1.331116222,       4.394322246
          0,           0,         813,      -2.849781395,     -0.6577506738,     -0.7733385052,       2.541393419,      -1.330263579,       4.459614453
          0,           0,         814,      -2.845276011,     -0.6676899274,     -0.7874728545,       2.546848054,      -1.330042321,       4.429508534
          0,           0,         815,      -2.849791056,      -0.661319103,     -0.7794967229,       2.541857436,      -1.329756175,       4.324096393
          0,           0,         816,      -2.856925145,     -0.6668755731,     -0.8014951716,       2.534445611,      -1.329522772,        4.45290799
          0,           0,         817,      -2.855527494,     -0.6409195976,     -0.7736469625,        2.53547546,       -1.32930111,       4.458199197
          0,           0,         818,      -2.853115768,     -0.6517848749,     -0.7917837956,       2.538542271,      -1.329068535,       4.411653906
          0,           0,         819,      -2.859182111,     -0.6367672024,     -0.7809645711,       2.531652739,      -1.329019865,       4.492926994
          0,           0,         820,      -2.873213756,     -0.6475652969,      -0.761986661,       2.517565593,      -1.328996546,       4.376671128
          0,           0,         821,      -2.859701196,     -0.6578307284,     -0.7962296673,       2.531526507,      -1.329398148,       4.473595452
          0,           0,         822,      -2.862609716,     -0.6608643552,     -0.7866699449,        2.52782456,      -1.329697461,       4.533082806
          0,           0,         823,      -2.857976088,     -0.6501978985,     -0.7902962171,       2.532761722,      -1.330249071,       4.557267586
          0,           0,         824,      -2.867008017,     -0.6667563901,     -0.7812991898,       2.522898072,      -1.330421898,       4.474813968
          0,           0,         825,      -2.856758336,     -0.6553920848,     -0.7967697491,       2.534680077,      -1.330240088,       4.493479313
          0,           0,         826,      -2.857271143,     -0.6529724324,     -0.7874186383,        2.53379837,      -1.330434997,       4.453431663
          0,           0,         827,      -2.855023047,     -0.6592273655,     -0.7832535164,       2.535644613,      -1.330452386,       4.370699273
          0,           0,         828,      -2.856592915,     -0.6482336908,     -0.7730265043,        2.53447229,      -1.330252603,       4.424704536
          0,           0,         829,      -2.862787075,     -0.6546140291,     -0.7653963121,       2.528075539,      -1.330448644,       4.475965549
          0,           0,         830,      -2.845616298,      -0.670883038,     -0.8053682478,       2.546497662,      -1.330465898,       4.549568165
          0,           0,         831,      -2.855419193,     -0.6538329251,     -0.7883435244,        2.53538248,      -1.330381667,       4.575923071
          0,           0,         832,      -2.856511457,     -0.6339355121,     -0.7866904049,       2.534045872,      -1.330386352,       4.538427829
          0,           0,         833,      -2.856414192,     -0.6395770223,     -0.7943463452,       2.534654153,        -1.3301305,       4.410956618
          0,           0,         834,      -2.854164233,     -0.6366980553,     -0.7839750805,       2.537669224,      -1.330263256,       4.456755715
          0,           0,         835,       -2.86838348,     -0.6180289347,     -0.7641400061,       2.522204448,      -1.330281937,       4.387585614
          0,           0,         836,      -2.867918049,     -0.6299392041,     -0.7880315204,       2.522487361,      -1.330208659,       4.387226293
          0,           0,         837,      -2.867196236,     -0.6280517137,     -0.7812123509,       2.523661802,      -1.329953193,       4.372075359
          0,           0,         838,      -2.875614339,     -0.6424143692,     -0.7787109683,       2.514653444,      -1.330019487,       4.425248123
          0,           0,         839,       -2.85731429,     -0.6535036655,     -0.7988950466,       2.534638631,      -1.330034606,       4.415105956
          0,           0,         840,      -2.861594128,      -0.641169882,     -0.7676955193,        2.52955493,      -1.330127769,       4.436051124
          0,           0,         841,      -2.864719977,     -0.6608023829,     -0.8018443944,        2.52596254,      -1.330236011,       4.364059366
          0,           0,         842,      -2.857978446,     -0.6564053775,     -0.7791156289,       2.533089838,      -1.330315093,       4.348217232
          0,           0,         843,      -2.859228952,     -0.6698348862,     -0.7858858704,       2.532402632,      -1.330321524,       4.449126767
          0,           0,         844,      -2.857274009,     -0.6478407595,      -0.765066022,       2.533914415,       -1.33035691,       4.417918414
          0,           0,         845,      -2.849003738,     -0.6699941483,     -0.7899482457,       2.543105852,      -1.330275213,       4.400474846
          0,           0,         846,      -2.865239443,     -0.6561818054,     -0.7787651393,       2.525983262,      -1.330087958,       4.428158953
          0,           0,         847,      -2.856613138,     -0.6564147966,     -0.7866251901,       2.535144086,      -1.330041744,        4.43794756
          0,           0,         848,      -2.859957404,     -0.6812044052,     -0.7884324123,       2.531019071,      -1.329977379,       4.518202473
          0,           0,         849,      -2.844138681,     -0.6596277588,     -0.7818154205,       2.547666688,      -1.329992394,       4.542885788
          0,           0,         850,      -2.852382684,     -0.6480656659,      -0.776836674,       2.539027475,      -1.330432443,       4.495944366
          0,           0,         851,      -2.845448083,     -0.6424568817,     -0.7760240902,       2.547260058,      -1.330942817,        4.51021159
          0,           0,         852,      -2.849191251,     -0.6282334361,     -0.7808649824,        2.54309352,      -1.331444993,       4.484348885
          0,           0,         853,      -2.855090938,     -0.6506280597,     -0.7794487513,       2.537005394,      -1.331710586,       4.420324028
          0,           0,         854,        -2.8535315,     -0.6301254505,     -0.7964047736,       2.538438506,      -1.331648137,       4.466322062
          0,           0,         855,      -2.863547875,     -0.6424538787,     -0.7825998625,       2.528114842,      -1.331705068,       4.455816964
          0,           0,         856,      -2.856656984,     -0.6620509317,     -0.8176023091,       2.536172506,      -1.331918618,       4.439452155
          0,           0,         857,      -2.856063103,     -0.6512102944,     -0.7963380295,       2.535750293,      -1.331959831,       4.426851518
          0,           0,         858,      -2.857417544,     -0.6505719584,     -0.8007022718,       2.535173121,      -1.332059572,       4.454838425
          0,           0,         859,      -2.858437017,     -0.6456208467,     -0.8011673574,       2.533739156,      -1.332208535,       4.328984168
          0,           0,         860,      -2.861435073,     -0.6563668333,     -0.7959373364,        2.53062411,       -1.33203528,       4.436929682
          0,           0,         861,      -2.855858148,     -0.6364634975,     -0.7973523956,       2.536094905,      -1.331729529,       4.411947709
          0,           0,         862,      -2.854835959,      -0.646593233,     -0.7893575069,       2.536518006,      -1.331352722,       4.420874627
          0,           0,         863,      -2.853281562,     -0.6412877014,     -0.7893500372,       2.538053869,      -1.330852078,       4.453532767
          0,           0,         864,      -2.863744852,     -0.6342842899,     -0.7696784059,       2.527479447,      -1.330828826,       4.340683895
          0,           0,         865,       -2.84720782,     -0.6529030286,      -0.800976976,       2.545003371,      -1.331236139,       4.384093329
          0,           0,         866,      -2.857883966,     -0.6499126647,     -0.7796247808,       2.533074192,      -1.331129206,       4.497116078
          0,           0,         867,      -2.850593823,     -0.6504344657,     -0.7756699944,       2.541437722,      -1.331644539,       4.537955009
          0,           0,         868,      -2.851796019,     -0.6561426349,     -0.7618756692,       2.540780833,       -1.33205587,       4.449788956
          0,           0,         869,       -2.85337529,     -0.6553956204,     -0.7797732734,       2.538828895,      -1.332259658,       4.518484838
          0,           0,         870,      -2.849644679,     -0.6459110852,     -0.7632763289,       2.541910756,      -1.332247069,       4.484248513
          0,           0,         871,      -2.852830684,     -0.6615987017,     -0.7808557965,       2.538795342,      -1.332173927,       4.413830079
          0,           0,         872,      -2.853770426,     -0.6428846432,     -0.7764169195,       2.537788365,      -1.331666543,       4.419889114
          0,           0,         873,      -2.864916995,     -0.6430970249,     -0.7610952022,       2.527400215,      -1.331541923,        4.36731538
          0,           0,         874,       -2.85400124,     -0.6539563613,     -0.7895597673,       2.538689968,      -1.331323829,       4.442119504
          0,           0,         875,       -2.86220914,     -0.6547665025,      -0.758326299,       2.529429866,       -1.33088937,       4.511543433
          0,           0,         876,       -2.85773575,     -0.6355946849,     -0.7720825655,       2.533764573,      -1.330938223,       4.538150353
          0,           0,         877,      -2.867044402,     -0.6331703407,     -0.7626594661,       2.524689336,      -1.331645088,       4.466621923
          0,           0,         878,      -2.862854644,     -0.6467238164,     -0.7821044995,       2.529720556,      -1.332300096,       4.521743602
          0,           0,         879,      -2.871833106,     -0.6430085314,     -0.7836851736,       2.519958983,      -1.333044044,       4.440937501
          0,           0,         880,      -2.874351707,     -0.6542158772,     -0.7835695082,       2.516522397,      -1.333503166,       4.469937103
          0,           0,         881,      -2.865276439,     -0.6529289591,     -0.7900595914,       2.526177669,      -1.333354253,       4.526283843
          0,           0,         882,       -2.87187698,     -0.6547732332,     -0.7597061274,       2.519499601,      -1.333429764,       4.457987204
          0,           0,         883,      -2.856489012,     -0.6788358015,       -0.79323566,       2.536077639,      -1.333319206,       4.358041697
          0,           0,         884,      -2.858653362,     -0.6588466961,     -0.7723139398,       2.533251854,       -1.33305035,       4.435534332
          0,           0,         885,      -2.855262423,     -0.6845796218,      -0.800432505,       2.536888604,      -1.333412676,       4.415152642
          0,           0,         886,      -2.857100657,     -0.6785327979,     -0.7790181441,       2.534408095,      -1.333727737,       4.428390223
          0,           0,         887,      -2.857881544,     -0.6822441883,      -0.779774473,       2.534130845,      -1.334131294,       4.516371926
          0,           0,         888,      -2.860709991,     -0.6470414881,     -0.7695868554,       2.530616708,      -1.334444945,       4.526913306
          0,           0,         889,      -2.855241292,     -0.6672701279,     -0.7930798163,       2.536751929,      -1.334706738,       4.496941063
          0,           0,         890,      -2.863759061,     -0.6384648974,     -0.7659198339,       2.527778473,      -1.334638666,        4.41582726
          0,           0,         891,       -2.86562409,     -0.6404582409,      -0.777383292,       2.525602781,      -1.334834878,       4.379338439
          0,           0,         892,      -2.862375676,     -0.6546446545,     -0.7867012003,       2.529423282,      -1.334824993,       4.424840326
          0,           0,         893,      -2.866884707,     -0.6484938682,     -0.7737062871,       2.524318343,      -1.334866381,        4.46841008
          0,           0,         894,      -2.856339437,      -0.636294166,     -0.7755590177,       2.534353289,      -1.335287014,       4.436238036
          0,           0,         895,      -2.864003519,     -0.6373086906,      -0.772009237,       2.526741305,      -1.335138565,       4.385449593
          0,           0,         896,      -2.853599051,     -0.6347869325,     -0.7642417593,       2.538736879,      -1.335496108,       4.414834978
          0,           0,         897,      -2.860823405,     -0.6515898389,     -0.7722842582,        2.53040249,      -1.335679366,       4.338514372
          0,           0,         898,      -2.848504461,     -0.6450787116,     -0.7863962275,       2.543689934,      -1.335646686,       4.399023201
          0,           0,         899,      -2.854125891,     -0.6400061892,     -0.7716363859,       2.537508582,      -1.335843328,       4.399807057
          0,           0,         900,      -2.852882565,     -0.6642167644,     -0.7716079684,       2.540235318,      -1.336016087,       4.465233415
          0,           0,         901,      -2.847654923,     -0.6526874348,     -0.7827273511,       2.545365423,      -1.336156839,       4.441085049
          0,           0,         902,       -2.85804598,     -0.6543601394,     -0.7678965608,        2.53382499,      -1.336533036,       4.481262911
          0,           0,         903,      -2.855335022,     -0.6525802673,     -0.7936441625,       2.536464947,      -1.336978524,       4.397815934
          0,           0,         904,      -2.853603593,     -0.6455598667,     -0.7700063046,       2.538916027,      -1.337383122,       4.386079714
          0,           0,         905,      -2.863979223,     -0.6494724933,     -0.7796646996,       2.527836023,      -1.337827375,       4.428421439
          0,           0,         906,      -2.866413184,     -0.6431239348,     -0.7741550661,       2.525454017,      -1.338086347,       4.400122352
          0,           0,         907,       -2.85257909,     -0.6353557103,      -0.773901922,       2.540441385,      -1.338368192,       4.484629576
          0,           0,         908,      -2.873858688,     -0.6355986771,     -0.7654695439,       2.517677417,      -1.338382069,       4.525869429
          0,           0,         909,      -2.859466835,     -0.6473059663,     -0.7672313137,       2.533511869,       -1.33914341,       4.545428099
          0,           0,         910,      -2.860965209,     -0.6635831977,     -0.7818291616,       2.531774876,      -1.339103738,       4.585561993
          0,           0,         911,      -2.857289017,     -0.6465694952,     -0.7402859917,       2.536183458,      -1.339346394,       4.588488817
          0,           0,         912,      -2.857152452,     -0.6417255816,     -0.7561913648,       2.536364771,      -1.339611307,       4.525961699
          0,           0,         913,        -2.8499969,     -0.6554249707,     -0.7588177431,       2.543651638,      -1.339721113,       4.406712432
          0,           0,         914,      -2.851733829,     -0.6606532744,     -0.7730406512,       2.541893367,       -1.34028653,       4.478666129
          0,           0,         915,      -2.850042953,     -0.6517758086,     -0.7638237603,       2.543827348,      -1.340573302,       4.422121192
          0,           0,         916,      -2.860050091,     -0.6533199263,     -0.7943013973,       2.532044386,      -1.340784339,       4.482385643
          0,           0,         917,      -2.860830158,     -0.6575583008,     -0.7764752433,       2.532467765,      -1.340702081,       4.461645385
          0,           0,         918,      -2.864840493,     -0.6551507805,      -0.807567556,       2.528260634,      -1.340530791,       4.450569692
          0,           0,         919,      -2.853341055,     -0.6552794046,     -0.7929044136,       2.540075994,      -1.340871697,       4.458626051
          0,           0,         920,      -2.848137805,     -0.6423789772,     -0.7930461717,       2.545621294,      -1.341080926,        4.48429551
          0,           0,         921,       -2.86141793,     -0.6320986687,     -0.7922885722,       2.531642308,      -1.341346623,       4.367748224
          0,           0,         922,      -2.856065706,     -0.6352236207,     -0.8000676295,       2.537968959,      -1.341590493,       4.403833329
          0,           0,         923,      -2.863835541,     -0.6419641106,     -0.7917658104,       2.529415075,      -1.341710539,       4.375727902
          0,           0,         924,      -2.871051278,     -0.6368945075,     -0.7756167782,       2.521647598,      -1.342227071,       4.393319379
          0,           0,         925,      -2.857627378,     -0.6242746127,     -0.7796902791,       2.535523673,      -1.342250269,       4.467121489
          0,           0,         926,      -2.870263085,     -0.6408824695,     -0.7764818635,       2.521826014,      -1.342935992,       4.404713684
          0,           0,         927,      -2.851715094,     -0.6627806937,     -0.8079581995,       2.542096105,      -1.342985495,         4.5627701
          0,           0,         928,       -2.85790411,     -0.6476529757,     -0.7856225533,       2.534327083,      -1.343255764,       4.612524081
          0,           0,         929,      -2.851371269,     -0.6523497409,     -0.7935517246,       2.541800364,      -1.343536887,       4.594400566
          0,           0,         930,      -2.860326282,      -0.656584079,     -0.7849143191,       2.531959765,      -1.343167389,       4.528353412
          0,           0,         931,       -2.86528968,     -0.6653112648,     -0.7942075576,       2.527828643,      -1.343375004,       4.543636421
          0,           0,         932,      -2.852270231,     -0.6232798135,     -0.7707263492,       2.541434411,      -1.343385307,        4.44947736
          0,           0,         933,      -2.860766298,     -0.6436012679,     -0.7716616631,       2.531829307,      -1.343283583,       4.446693738
          0,           0,         934,      -2.858109574,     -0.6358155771,     -0.7697224518,       2.534725857,      -1.343821764,       4.500264762
          0,           0,         935,      -2.863703629,     -0.6177551072,     -0.7537220022,       2.530074224,      -1.343715271,        4.44383015
          0,           0,         936,      -2.856089866,     -0.6495160351,     -0.7924916973,       2.537553905,      -1.344008361,        4.45469151
          0,           0,         937,      -2.867764613,      -0.641990103,     -0.7766498484,       2.524447081,      -1.343931093,       4.494124795
          0,           0,         938,      -2.860669805,     -0.6310371541,      -0.777627362,       2.531860704,      -1.343682118,       4.458092898
          0,           0,         939,      -2.857385946,     -0.6501985871,     -0.7808042353,        2.53554043,      -1.343896165,       4.347745284
          0,           0,         940,       -2.85284312,      -0.646563403,     -0.7833093472,       2.540901367,      -1.344214489,        4.44104135
          0,           0,         941,       -2.86196476,     -0.6387321308,     -0.7801305339,       2.530614949,      -1.344466564,       4.399306102
          0,           0,         942,      -2.853984296,     -0.6470586287,     -0.7953693905,       2.538882036,      -1.344426692,       4.401281022
          0,           0,         943,      -2.857452196,     -0.6446648053,     -0.7877721046,       2.534659315,      -1.344426507,       4.460563914
          0,           0,         944,      -2.862782755,      -0.653882356,     -0.7560491474,       2.529447289,      -1.344979886,       4.440992139
          0,           0,         945,      -2.853997834,     -0.6645376913,     -0.7953093106,       2.538398063,      -1.345063134,       4.512886493
          0,           0,         946,      -2.862244708,     -0.6528385384,     -0.7717706416,       2.529578376,      -1.345485541,       4.602161484
          0,           0,         947,      -2.856387962,     -0.6588081768,     -0.7892375371,       2.535550974,      -1.346503108,       4.584248874
          0,           0,         948,      -2.857659571,     -0.6591178474,     -0.7827684327,       2.533804827,      -1.346953244,       4.517675587
          0,           0,         949,      -2.860728539,     -0.6498576009,     -0.7943561359,       2.531839965,      -1.347619414,       4.514807341
          0,           0,         950,      -2.865603531,     -0.6368599163,     -0.7785073894,       2.526180097,      -1.347738434,        4.37201462
          0,           0,         951,      -2.859597068,     -0.6418261935,     -0.7956584622,       2.532475398,      -1.348027561,       4.441043687
          0,           0,         952,      -2.870709856,     -0.6454282253,     -0.7947124281,       2.520958053,      -1.347955474,       4.587513977
          0,           0,         953,      -2.862762831,     -0.6527368261,     -0.8070991188,       2.529672589,      -1.348192923,       4.572796058
          0,           0,         954,      -2.855577633,     -0.6630810348,     -0.8104234026,       2.536563628,      -1.348625162,       4.591189543
          0,           0,         955,       -2.85609537,     -0.6558737542,     -0.7864095776,       2.536447349,      -1.348375676,       4.586702804
          0,           0,         956,      -2.857839686,     -0.6599496709,     -0.7961936556,       2.534165543,      -1.348571467,       4.489284246
          0,           0,         957,       -2.85229221,     -0.6591883123,     -0.7883510454,       2.539819722,      -1.348347535,       4.380010372
          0,           0,         958,      -2.850789103,     -0.6626985998,     -0.8063834157,       2.541103381,      -1.348305655,       4.408620487
          0,           0,         959,      -2.850049433,     -0.6616241621,     -0.7948350373,       2.542669243,      -1.348808531,        4.41734108
          0,           0,         960,       -2.85478288,     -0.6577924055,     -0.7934579882,       2.536876659,       -1.34909708,       4.520034861
          0,           0,         961,      -2.858741417,     -0.6519027101,     -0.7745526556,       2.533444752,       -1.34923612,       4.529940787
          0,           0,         962,      -2.865388699,     -0.6563373345,      -0.796191371,       2.526747429,      -1.349457226,       4.579083447
          0,           0,         963,      -2.849641585,     -0.6600857858,     -0.7910184572,       2.543415447,      -1.349888886,       4.606665758
          0,           0,         964,      -2.849560754,     -0.6462137589,     -0.7663168632,       2.543264747,      -1.350129162,       4.505632373
          0,           0,         965,      -2.859210913,     -0.6378487959,     -0.7650613612,        2.53307678,      -1.350289929,       4.380645673
          0,           0,         966,      -2.852338832,      -0.653664411,     -0.7874741543,       2.541108275,      -1.350859727,       4.461407097
          0,           0,         967,      -2.856668636,      -0.649463675,     -0.7882782778,       2.536024565,      -1.351296702,       4.491996506
          0,           0,         968,      -2.865727438,     -0.6590618256,     -0.7825684723,       2.526035571,      -1.351612949,       4.453983471
          0,           0,         969,      -2.850947384,     -0.6503765655,     -0.7851351536,       2.541203457,      -1.351793807,       4.492420184
          0,           0,         970,      -2.872573772,      -0.659982588,     -0.7782324016,       2.518971077,      -1.351953584,       4.357682466
          0,           0,         971,      -2.853044045,     -0.6654569107,     -0.8104395384,       2.540505825,      -1.352223997,       4.313377592
          0,           0,         972,      -2.862954013,      -0.661940942,     -0.7913063799,       2.528221751,      -1.352202613,        4.42095667
          0,           0,         973,      -2.858774659,     -0.6627295371,     -0.7956102696,       2.532656005,      -1.352494801,       4.429101999
          0,           0,         974,      -2.854867125,     -0.6565525123,     -0.7931415168,       2.537985568,      -1.353172436,       4.306276054
          0,           0,         975,      -2.858619387,     -0.6732636675,     -0.8167228548,       2.533439016,      -1.353659297,       4.455143761
          0,           0,         976,      -2.855753004,     -0.6338418228,     -0.7939918557,       2.536479321,      -1.354143856,       4.461663537
          0,           0,         977,      -2.856224962,     -0.6460843893,     -0.7845535964,       2.536354546,      -1.354687311,       4.403120721
          0,           0,         978,      -2.861949056,      -0.638578376,      -0.800006154,       2.529901438,      -1.354699887,       4.466027888
          0,           0,         979,      -2.868411104,     -0.6310917204,     -0.7728369776,       2.524358204,      -1.355393089,       4.346169043
          0,           0,         980,      -2.860198436,     -0.6514547333,     -0.8119858302,       2.532690753,      -1.355771721,        4.37645061
          0,           0,         981,      -2.868158625,     -0.6466757842,     -0.7918846672,       2.523812842,      -1.355707241,       4.466783453
          0,           0,         982,      -2.857261155,     -0.6508829116,      -0.808832111,       2.534741525,      -1.356393488,       4.464121277
          0,           0,         983,      -2.861818825,     -0.6492122397,      -0.799228285,       2.530322517,      -1.356750231,        4.38484019
          0,           0,         984,      -2.859352014,     -0.6595199196,     -0.8021144766,       2.534022922,      -1.356994336,       4.443454816
          0,           0,         985,      -2.860602942,     -0.6392684926,     -0.7887374275,       2.531629783,      -1.357109769,       4.414507975
          0,           0,         986,      -2.856181516,     -0.6767706075,     -0.8123648339,       2.536002383,      -1.356867377,       4.411180389
          0,           0,         987,      -2.858704413,     -0.6505034478,     -0.8062287338,       2.533269594,      -1.356301989,       4.438504795
          0,           0,         988,      -2.862507983,      -0.642317947,     -0.7727234889,       2.529584672,      -1.356337117,       4.370730853
          0,           0,         989,      -2.851035759,     -0.6640937556,      -0.808206821,       2.541979723,      -1.356626096,       4.342136002
          0,           0,         990,       -2.85532323,     -0.6508966091,     -0.7898583338,       2.536540948,      -1.356977959,       4.411107135
          0,           0,         991,      -2.852225005,     -0.6393484305,     -0.7940240163,       2.540410889,      -1.357629524,       4.396082426
          0,           0,         992,       -2.85634823,     -0.6454214671,     -0.7787082685,       2.535457179,      -1.357904426,        4.36946397
          0,           0,         993,      -2.864210484,     -0.6416790428,      -0.795837425,       2.528089811,      -1.358236283,       4.415774274
          0,           0,         994,      -2.877640378,     -0.6304124516,     -0.7738598789,       2.513339787,      -1.358074296,       4.482126942
          0,           0,         995,      -2.861719998,     -0.6422675914,     -0.8076356405,       2.530703537,      -1.358206216,       4.499695429
          0,           0,         996,      -2.872258639,      -0.636796089,     -0.7828110172,       2.519246889,      -1.358231055,       4.476783986
          0,           0,         997,      -2.868787215,     -0.6575561601,     -0.7908599846,       2.523807527,      -1.358470914,       4.361573461
          0,           0,         998,      -2.860110204,     -0.6534983138,     -0.7985817202,       2.532871295,      -1.358384314,       4.418222637
          0,           0,         999,      -2.866817926,     -0.6703217435,     -0.7964654717,        2.52550495,       -1.35790748,       4.481760151
          0,           0,        1000,      -2.859944986,     -0.6738988934,     -0.8154964733,       2.531979984,      -1.357776956,       4.474131192
          0,           0,        1001,      -2.856394626,     -0.6808329003,     -0.7881571514,       2.535768736,      -1.357739908,       4.431350538
          0,           0,        1002,      -2.859146891,     -0.6835386704,     -0.8077778874,       2.532976848,      -1.358284316,       4.452506669
          0,           0,        1003,      -2.855259309,     -0.6764488449,      -0.798463813,        2.53745996,      -1.359448443,       4.422937248
          0,           0,        1004,      -2.854902766,     -0.6814940657,     -0.8059622677,       2.538030308,      -1.360243244,       4.463887484
          0,           0,        1005,      -2.867561042,     -0.6656630319,     -0.7991733677,       2.524542984,       -1.36080109,       4.404532936
          0,           0,        1006,      -2.866458529,     -0.6600056213,     -0.7973519977,       2.526050298,      -1.361482381,       4.388462149
          0,           0,        1007,       -2.85593949,     -0.6687433071,     -0.8003914565,       2.536775881,      -1.361604926,       4.433761089
          0,           0,        1008,      -2.850911791,     -0.6488215192,     -0.7686587031,       2.542431707,      -1.361710593,       4.462713767
          0,           0,        1009,      -2.865693484,     -0.6416700477,     -0.7769867406,       2.526020381,      -1.361790838,       4.363184359
          0,           0,        1010,      -2.860486595,     -0.6516370665,     -0.7628388142,          2.532309,      -1.361765519,       4.411167155
          0,           0,        1011,      -2.859986178,     -0.6449212718,     -0.7849186965,       2.532627325,      -1.362134936,        4.45098486
          0,           0,        1012,      -2.864404477,     -0.6535358041,     -0.7675013881,       2.527588279,      -1.362550357,       4.402594154
          0,           0,        1013,      -2.854423302,     -0.6438996901,     -0.7906864288,       2.538405104,      -1.362973392,       4.465732443
          0,           0,        1014,      -2.872830049,     -0.6486482017,     -0.7834603358,       2.519172259,      -1.362972057,       4.457878355
          0,           0,        1015,      -2.857108132,     -0.6726649817,     -0.7994513835,       2.536027883,      -1.362889805,       4.426965744
          0,           0,        1016,      -2.857534819,     -0.6645964797,     -0.7900004144,       2.533989319,        -1.3622773,       4.460046558
          0,           0,        1017,      -2.854567695,     -0.6662863647,     -0.7930167822,       2.538866683,      -1.362379874,       4.433415507
          0,           0,        1018,        -2.8574536,     -0.6582275348,     -0.7862788001,       2.534278615,      -1.362449646,       4.225900219
          0,           0,        1019,       -2.85988336,     -0.6806606738,     -0.7878332142,       2.532207691,      -1.362435569,       4.400481198
          0,           0,        1020,       -2.85573012,     -0.6500710309,     -0.7795891555,        2.53626998,      -1.362466734,       4.415202776
          0,           0,        1021,      -2.850980349,     -0.6534999072,      -0.780754065,       2.541798821,      -1.362527187,       4.409005414
          0,           0,        1022,      -2.856241183,     -0.6383902548,     -0.7788514627,        2.53626767,      -1.362749109,       4.473854565
          0,           0,        1023,      -2.859310054,     -0.6411342898,     -0.7696579935,       2.533458113,      -1.363018874,       4.377928437
          0,           0,        1024,      -2.851255026,     -0.6521227766,     -0.7999362709,        2.54212355,      -1.363405546,       4.408562288
          0,           0,        1025,      -2.862390948,     -0.6478360522,     -0.7773645025,       2.529791144,      -1.363488113,       4.468705175
          0,           0,        1026,      -2.855909839,     -0.6439538785,     -0.7865091677,       2.536240655,       -1.36359777,       4.435682181
          0,           0,        1027,      -2.859961765,     -0.6600062883,     -0.7913005136,       2.531737002,      -1.363845191,       4.326516036
          0,           0,        1028,       -2.85460214,     -0.6532668435,     -0.7936436098,        2.53849332,      -1.363762252,       4.404230652
          0,           0,        1029,      -2.861265751,     -0.6428003877,     -0.7817638652,        2.53099415,      -1.363674877,       4.391824874
          0,           0,        1030,        -2.8544009,     -0.6746711974,     -0.8035604868,       2.538346509,      -1.363913048,       4.509149965
          0,           0,        1031,      -2.850591165,     -0.6438362504,     -0.7918445215,       2.542295693,      -1.364444327,       4.565551551
          0,           0,        1032,      -2.862822473,     -0.6481214191,     -0.7719402778,       2.529366951,      -1.365010983,       4.572491355
          0,           0,        1033,      -2.850612544,     -0.6559505884,     -0.7974086878,       2.543704914,      -1.365805785,       4.586444272
          0,           0,        1034,      -2.861498193,     -0.6454554151,     -0.7675491665,       2.531427317,      -1.365992573,       4.602810208
          0,           0,        1035,      -2.849946416,     -0.6352106097,     -0.7829550503,       2.542724635,      -1.366436681,       4.570270258
          0,           0,        1036,       -2.85870448,     -0.6537401536,     -0.7825001899,       2.534561545,      -1.366690066,       4.367068663
          0,           0,        1037,       -2.85759668,     -0.6432020051,     -0.7865274755,       2.536368151,      -1.366919517,       4.434008831
          0,           0,        1038,      -2.867084576,       -0.64500627,     -0.7828886142,        2.52569204,      -1.367232001,       4.364908986
          0,           0,        1039,      -2.865741375,     -0.6511790712,     -0.7804762772,       2.526934083,      -1.367614805,       4.505473034
          0,           0,        1040,       -2.86528291,     -0.6482837151,     -0.8014683794,       2.526850392,      -1.367676693,       4.546439219
          0,           0,        1041,       -2.87305864,     -0.6532582887,     -0.7910691718,       2.519432174,      -1.367767747,       4.454778549
          0,           0,        1042,      -2.859938446,     -0.6684197303,     -0.8149527249,       2.533234564,      -1.368002208,       4.436340118
          0,           0,        1043,      -2.875332479,     -0.6628822302,     -0.8066015937,       2.515765096,      -1.367860083,       4.493885517
          0,           0,        1044,      -2.861229928,     -0.6737500556,     -0.8214161363,       2.530733251,      -1.367936123,       4.459315983
          0,           0,        1045,      -2.864227028,      -0.665250724,     -0.7915680421,       2.527444556,      -1.368006013,       4.368361666
          0,           0,        1046,      -2.862071407,     -0.6780226903,     -0.8154627983,       2.530198233,      -1.367959426,       4.443104015
          0,           0,        1047,      -2.858370184,     -0.6533843373,     -0.7918427072,       2.534332681,      -1.368178782,       4.388138588
          0,           0,        1048,      -2.860368558,       -0.66871623,     -0.8125830947,       2.532206498,      -1.368418893,        4.42802182
          0,           0,        1049,       -2.86304173,     -0.6532483345,     -0.7922218235,       2.529277656,      -1.368560457,       4.424671959
          0,           0,        1050,      -2.869006637,     -0.6370504113,     -0.7696891442,       2.523035251,      -1.368685803,       4.424705864
          0,           0,        1051,      -2.863709938,     -0.6697267554,     -0.8085697607,       2.529928051,       -1.36909099,         4.4222962
          0,           0,        1052,      -2.858423044,     -0.6542462915,     -0.7822482507,       2.533897536,      -1.369470366,       4.468195598
          0,           0,        1053,      -2.856572546,     -0.6631881959,     -0.7863547178,       2.536243844,       -1.36965908,       4.427505319
          0,           0,        1054,      -2.860055177,     -0.6651293907,     -0.7826898985,       2.531805228,       -1.36965239,       4.421562238
          0,           0,        1055,      -2.859455594,     -0.6457116804,     -0.7870460862,        2.53336145,      -1.369724193,       4.444876673
          0,           0,        1056,      -2.863095373,      -0.661132029,     -0.7866267117,       2.528962899,      -1.369844945,       4.368130498
          0,           0,        1057,       -2.86034234,     -0.6610969737,     -0.7993026438,       2.532042945,      -1.369455328,       4.425238582
          0,           0,        1058,      -2.870728471,     -0.6499367364,     -0.7873898503,       2.521659892,      -1.369532168,       4.435990868
          0,           0,        1059,      -2.868542482,     -0.6678836863,     -0.8039718166,       2.524334936,      -1.369791574,       4.417902571
          0,           0,        1060,      -2.860064557,     -0.6565274387,     -0.8009917024,       2.533539452,       -1.37042454,       4.511161488
          0,           0,        1061,      -2.861526412,     -0.6570845953,     -0.7924897485,       2.531774781,      -1.371086168,       4.555279187
          0,           0,        1062,      -2.864275439,      -0.654476967,      -0.788226421,       2.528392214,      -1.371685066,        4.50792998
          0,           0,        1063,       -2.86357555,      -0.672942971,      -0.792814633,       2.528687284,      -1.372161463,       4.465284868
          0,           0,        1064,      -2.865169972,     -0.6573678036,     -0.7929541346,       2.527905421,      -1.372413323,       4.480631106
          0,           0,        1065,      -2.866882946,     -0.6652385391,      -0.798074356,       2.525835959,      -1.372634283,       4.433279191
          0,           0,        1066,      -2.857707759,      -0.651242514,     -0.7952940708,        2.53562282,      -1.372904649,       4.460650385
          0,           0,        1067,      -2.873074014,     -0.6576011012,     -0.7980808101,       2.519885291,      -1.373149843,       4.422330196
          0,           0,        1068,      -2.867831642,     -0.6452175572,     -0.7763032876,       2.525578512,      -1.373287559,       4.423250661
          0,           0,        1069,       -2.86810592,     -0.6573309136,      -0.797951181,        2.52479861,      -1.373496561,        4.43259377
          0,           0,        1070,      -2.854406438,     -0.6603528221,     -0.7875093688,       2.538245212,      -1.373724019,       4.464438771
          0,           0,        1071,       -2.86362493,     -0.6613217548,      -0.800782783,       2.528687782,      -1.373880578,       4.449680317
          0,           0,        1072,      -2.854171077,     -0.6729575417,     -0.8019548737,       2.538392105,      -1.373866219,        4.47095075
          0,           0,        1073,      -2.862952778,     -0.6646190524,      -0.812506831,       2.529010062,      -1.373859253,       4.412766169
          0,           0,        1074,      -2.853883384,     -0.6829269778,     -0.8146575575,       2.539165846,      -1.373891646,       4.383641982
          0,           0,        1075,      -2.857499758,     -0.6491699454,     -0.8072738349,       2.534070735,       -1.37369671,       4.448712066
          0,           0,        1076,      -2.857198841,      -0.657174799,     -0.7898051385,       2.535732384,      -1.373851362,       4.392724354
          0,           0,        1077,      -2.864320248,     -0.6550818192,     -0.8015702094,       2.528576574,      -1.374166119,       4.391626501
          0,           0,        1078,      -2.859080533,     -0.6561374506,     -0.7857623719,       2.533684256,      -1.374148356,       4.433568049
          0,           0,        1079,      -2.848502352,     -0.6386933274,      -0.776729163,       2.544368522,      -1.374166769,       4.464813408
          0,           0,        1080,      -2.859068482,     -0.6496757559,     -0.7712460661,       2.533780686,      -1.374069882,       4.379491688
          0,           0,        1081,      -2.865942674,     -0.6421327639,     -0.7736575003,       2.527148174,       -1.37424368,       4.361449428
          0,           0,        1082,      -2.872165944,     -0.6454072382,     -0.7924021316,       2.520365248,      -1.374622415,       4.460383906
          0,           0,        1083,      -2.859372382,     -0.6455538769,     -0.7838784573,       2.534530949,      -1.374780981,       4.555505735
          0,           0,        1084,      -2.854970581,     -0.6471377251,     -0.7964980865,       2.537633678,      -1.375015608,       4.568111516
          0,           0,        1085,      -2.869228947,     -0.6538137856,     -0.7869183704,       2.524304324,      -1.375012911,       4.485965772
          0,           0,        1086,      -2.854087116,     -0.6511118569,     -0.7855407882,         2.5406142,      -1.374879873,       4.431772185
          0,           0,        1087,      -2.868755014,     -0.6655516016,     -0.7925545522,       2.524865305,      -1.374616195,       4.425276319
          0,           0,        1088,       -2.85171133,     -0.6666425392,     -0.7969393468,       2.542182464,      -1.374907672,       4.428912083
          0,           0,        1089,       -2.85712057,     -0.6508467808,     -0.7883213786,       2.536115889,      -1.375158762,       4.414392771
          0,           0,        1090,      -2.858265124,     -0.6747514046,     -0.8029028132,       2.536104943,      -1.375498853,       4.526257398
          0,           0,        1091,      -2.851941548,     -0.6538126529,     -0.8092217686,       2.541976444,      -1.375992062,        4.53227065
          0,           0,        1092,      -2.850126615,     -0.6543394988,     -0.7749176045,       2.543667378,      -1.376854148,       4.563825653
          0,           0,        1093,      -2.857807513,     -0.6379665635,     -0.7769452218,       2.535199464,      -1.377080547,       4.571740309
          0,           0,        1094,      -2.856999829,      -0.631755786,     -0.7472089396,       2.536436948,      -1.377161231,       4.439905811
          0,           0,        1095,      -2.863752565,     -0.6450332573,     -0.7954833395,       2.530137114,      -1.376945822,       4.399695328
          0,           0,        1096,      -2.854037793,     -0.6323136364,     -0.7766034323,       2.539832399,      -1.377050948,       4.477851266
          0,           0,        1097,      -2.850303837,     -0.6360157981,     -0.7886005019,       2.543326597,      -1.377127945,       4.522603509
          0,           0,        1098,      -2.858767895,      -0.645214595,     -0.7922423589,       2.534128855,      -1.377177482,       4.487242401
          0,           0,        1099,      -2.859405635,     -0.6385281686,     -0.7907565584,       2.534544303,      -1.377463904,       4.493868991
          0,           0,        1100,      -2.866643489,     -0.6484763504,     -0.7876897085,       2.526073112,      -1.377542114,       4.433418368
          0,           0,        1101,      -2.859572043,     -0.6590360373,     -0.8009834035,       2.533648182,       -1.37748003,       4.460110932
          0,           0,        1102,      -2.864425856,     -0.6488790269,     -0.7923994702,       2.527755333,      -1.377244921,       4.479106271
          0,           0,        1103,      -2.869739508,     -0.6477603649,     -0.7721585549,       2.523355634,      -1.377073221,       4.448374218
          0,           0,        1104,        -2.8616563,     -0.6678104965,     -0.8173513964,       2.531531027,      -1.376922864,       4.455910834
          0,           0,        1105,       -2.86475855,      -0.653139473,     -0.7964596999,       2.527586537,      -1.377276783,       4.506930535
          0,           0,        1106,      -2.865215559,     -0.6615019207,      -0.807297222,       2.527311124,      -1.377721637,       4.496999831
          0,           0,        1107,      -2.862860137,     -0.6686605767,     -0.7959520615,       2.529505708,       -1.37818528,       4.435319212
          0,           0,        1108,      -2.868082825,     -0.6451944595,     -0.7945291472,       2.524477948,      -1.378507783,       4.487708034
          0,           0,        1109,      -2.863262009,     -0.6333958781,     -0.7779847259,       2.530022544,      -1.378544825,       4.386288575
          0,           0,        1110,      -2.862354324,     -0.6475625551,     -0.8044952097,       2.530274082,      -1.378187655,        4.43955308
          0,           0,        1111,      -2.873089893,     -0.6320523247,     -0.7855472718,       2.519534341,       -1.37825956,       4.523326168
          0,           0,        1112,      -2.862642489,      -0.644024251,     -0.7903622739,       2.531112668,      -1.378375097,       4.557911829
          0,           0,        1113,      -2.866347229,     -0.6589678866,     -0.8176165604,       2.527572595,      -1.378691948,       4.588057215
          0,           0,        1114,      -2.857296212,     -0.6548770973,     -0.7945277033,       2.536387344,      -1.379166554,       4.605679727
          0,           0,        1115,      -2.863877497,     -0.6599417747,      -0.817233873,       2.528166623,      -1.379167115,       4.566887684
          0,           0,        1116,      -2.851886614,     -0.6661351681,     -0.8054776933,       2.541420517,      -1.379271504,       4.435684255
          0,           0,        1117,       -2.86176299,     -0.6582943035,     -0.8048811897,       2.531276408,      -1.379296411,       4.370340831
          0,           0,        1118,      -2.856187201,     -0.6792282599,     -0.8068974729,       2.536944079,      -1.379003441,       4.346727592
          0,           0,        1119,      -2.857905411,     -0.6527024448,     -0.7980851641,       2.534305531,      -1.379631941,       4.429951287
          0,           0,        1120,      -2.856165899,      -0.652266799,     -0.7926005975,       2.537104332,      -1.379732902,       4.427758351
          0,           0,        1121,      -2.864882186,      -0.648372166,     -0.7982555449,       2.528105768,      -1.379630361,       4.486527179
          0,           0,        1122,       -2.86134737,     -0.6638100656,     -0.8033270586,       2.531536606,      -1.380003335,       4.521250365
          0,           0,        1123,      -2.849639119,     -0.6338405779,     -0.7887780612,       2.543372974,      -1.379622289,       4.551463238
          0,           0,        1124,      -2.860141403,     -0.6418966742,     -0.7855516106,       2.532728851,      -1.379303961,       4.451886464
          0,           0,        1125,      -2.859270313,     -0.6403895729,     -0.7656519179,       2.534791327,      -1.379440554,       4.363913283
          0,           0,        1126,      -2.870892792,      -0.640101171,     -0.7830822071,       2.522517163,      -1.379129555,       4.361577958
          0,           0,        1127,       -2.86842354,     -0.6510052663,     -0.7808913321,       2.525181216,      -1.378682244,       4.440004004
          0,           0,        1128,      -2.862855449,      -0.637836185,     -0.7864012133,       2.530963652,      -1.378885788,       4.477788083
          0,           0,        1129,      -2.875216914,     -0.6441831156,     -0.7743015419,       2.517976067,      -1.378980637,       4.385269292
          0,           0,        1130,      -2.868754563,     -0.6509453125,     -0.7909640481,       2.525389588,       -1.37975798,        4.31919855
          0,           0,        1131,      -2.862702957,     -0.6456171451,     -0.7797982816,       2.530622902,      -1.379292377,        4.43106531
          0,           0,        1132,      -2.854490679,     -0.6499001122,     -0.7753407986,       2.540122816,      -1.379236445,       4.500329797
          0,           0,        1133,         -2.861257,     -0.6537721197,     -0.7997005394,       2.532369597,      -1.379710583,       4.519074135
          0,           0,        1134,      -2.855847111,     -0.6614793937,     -0.7833434959,       2.538482955,      -1.380474963,       4.571427541
          0,           0,        1135,      -2.858203689,     -0.6537951519,     -0.8070011017,       2.536103488,      -1.380785954,       4.528913603
          0,           0,        1136,      -2.859101107,     -0.6459464407,     -0.7808804358,       2.534807887,      -1.381014774,       4.489173339
          0,           0,        1137,      -2.854566871,     -0.6405991228,     -0.7870118501,       2.539417178,      -1.381570501,       4.509623505
          0,           0,        1138,      -2.862082093,     -0.6443299663,     -0.7944390354,       2.531292262,      -1.381668534,       4.433064774
          0,           0,        1139,      -2.860015217,     -0.6426837058,     -0.8164964973,       2.534797778,      -1.382029438,       4.358071094
          0,           0,        1140,      -2.854361998,     -0.6478614809,     -0.7934050681,       2.539306372,      -1.381982729,       4.486604957
          0,           0,        1141,      -2.849459856,     -0.6409295285,     -0.7909845692,       2.543876408,      -1.382070003,       4.475584014
          0,           0,        1142,      -2.863077779,     -0.6493438281,     -0.8013424657,        2.53061479,      -1.381983358,       4.385285454
          0,           0,        1143,      -2.858182788,     -0.6369199801,     -0.7758184471,       2.536207107,      -1.381946574,        4.46350465
          0,           0,        1144,      -2.862026389,     -0.6486779351,     -0.7907569586,       2.531824193,      -1.382142473,       4.453566775
          0,           0,        1145,      -2.862031659,      -0.652873068,     -0.7780704545,       2.531528019,      -1.381653365,        4.53638614
          0,           0,        1146,      -2.860894954,     -0.6376813405,     -0.7812171415,        2.53272898,      -1.381184138,        4.59764748
          0,           0,        1147,      -2.860823963,      -0.648335101,     -0.7719319449,       2.533550521,      -1.381037947,       4.525416599
          0,           0,        1148,      -2.863443182,       -0.66266042,     -0.8066884623,       2.529976386,       -1.38044707,       4.491316312
          0,           0,        1149,      -2.857381981,     -0.6584370249,     -0.7841588471,       2.536458551,      -1.380795182,       4.463229439
          0,           0,        1150,      -2.856997843,     -0.6533667785,     -0.7814595136,       2.537040147,      -1.381055463,       4.427603094
          0,           0,        1151,      -2.860799121,     -0.6668648362,     -0.7804202913,        2.53198956,      -1.381071874,       4.349703262
          0,           0,        1152,      -2.865951438,      -0.643821067,     -0.7767217487,       2.527503988,      -1.382115486,       4.433571821
          0,           0,        1153,      -2.859396817,     -0.6402381342,     -0.7848016202,       2.534434097,      -1.382118873,       4.390901863
          0,           0,        1154,      -2.856938326,     -0.6467872389,     -0.7757455129,       2.536861169,      -1.382632516,       4.445342829
          0,           0,        1155,        -2.8637578,      -0.623777903,     -0.7713559352,       2.529840578,      -1.382868363,        4.49990874
          0,           0,        1156,      -2.865520623,     -0.6363939258,     -0.7473348274,       2.527670981,      -1.382637794,        4.42385192
          0,           0,        1157,      -2.863466887,     -0.6547734035,     -0.7891513115,        2.53038311,      -1.382616952,       4.478619728
          0,           0,        1158,      -2.869767427,     -0.6564287042,     -0.7790095904,       2.522497009,      -1.382567532,       4.508815254
          0,           0,        1159,      -2.860584505,     -0.6646083845,     -0.8022843794,       2.531940834,      -1.382459981,       4.529726606
          0,           0,        1160,      -2.860884463,     -0.6705091024,     -0.7998645426,       2.532174193,      -1.382358322,       4.443045127
          0,           0,        1161,      -2.864015515,     -0.6575759048,     -0.8019113136,       2.528704972,      -1.383356156,       4.410229567
          0,           0,        1162,      -2.864658056,      -0.645069345,     -0.7838286264,       2.528105901,      -1.383623052,        4.42524588
          0,           0,        1163,      -2.858454842,     -0.6652600751,      -0.803948684,       2.534547259,      -1.384402018,       4.422963807
          0,           0,        1164,      -2.862233774,     -0.6462413486,     -0.8025778095,       2.529929968,      -1.384941489,       4.387556488
          0,           0,        1165,      -2.873699449,     -0.6383122079,      -0.771794766,       2.518768539,      -1.384610289,        4.39082491
          0,           0,        1166,      -2.862830269,     -0.6629040923,     -0.8056559559,       2.530292953,      -1.385009743,       4.412463627
          0,           0,        1167,      -2.863846778,     -0.6471961687,     -0.7824181067,       2.528799918,       -1.38507505,       4.458229865
          0,           0,        1168,        -2.8647345,     -0.6466357239,      -0.806460641,       2.527280315,      -1.384813382,       4.480166318
          0,           0,        1169,      -2.858821586,     -0.6439758299,      -0.771903099,       2.534323853,      -1.385039378,       4.455228324
          0,           0,        1170,      -2.868041336,     -0.6325007941,     -0.7880750772,       2.524856564,      -1.385210025,       4.486788895
          0,           0,        1171,      -2.866139144,     -0.6496525125,     -0.7770226048,        2.52720191,      -1.384787536,       4.555814779
          0,           0,        1172,      -2.857165511,     -0.6383472215,      -0.770687293,       2.536377212,       -1.38487694,          4.559257
          0,           0,        1173,      -2.867621102,     -0.6486821049,     -0.7604048115,       2.525423805,      -1.384527579,        4.52371559
          0,           0,        1174,      -2.867615006,     -0.6536475628,     -0.7813988513,       2.525819712,       -1.38406372,       4.348191362
          0,           0,        1175,      -2.864409768,     -0.6569638099,     -0.7775458338,       2.528706929,       -1.38423498,       4.425263672
          0,           0,        1176,      -2.852018096,      -0.660497116,     -0.7724024195,       2.541335884,      -1.384016494,       4.484443701
          0,           0,        1177,      -2.857986258,     -0.6694673227,     -0.7827880066,        2.53444333,      -1.384369613,       4.462427436
          0,           0,        1178,      -2.858046777,     -0.6582412439,     -0.7652162136,       2.535117568,      -1.384051247,        4.43482641
          0,           0,        1179,      -2.856698833,     -0.6786746941,     -0.7974105887,       2.536667396,      -1.384511382,       4.387439412
          0,           0,        1180,      -2.865766534,     -0.6749548602,     -0.7885880567,       2.526823499,      -1.384481622,       4.434681954
          0,           0,        1181,      -2.859722442,     -0.6693979282,     -0.8018312335,        2.53314594,      -1.384609414,       4.463640084
          0,           0,        1182,      -2.862204941,     -0.6492896985,     -0.7851483837,       2.530650874,      -1.384561344,       4.351416718
          0,           0,        1183,      -2.868282394,     -0.6529525477,     -0.8011152157,       2.524436435,      -1.384432975,       4.383503631
          0,           0,        1184,      -2.863574846,     -0.6788141124,     -0.8170778595,       2.529455975,      -1.384232051,       4.370486696
          0,           0,        1185,      -2.856609875,     -0.6511216671,     -0.7790628209,       2.536286393,      -1.384406771,       4.429828971
          0,           0,        1186,      -2.867218247,     -0.6655738991,     -0.7956660461,       2.524580379,      -1.384567668,       4.502957522
          0,           0,        1187,      -2.853790635,     -0.6522878218,     -0.7798921733,          2.539113,      -1.385297612,       4.527625758
          0,           0,        1188,      -2.868421428,     -0.6539413229,     -0.7880839837,       2.524516407,      -1.386086095,       4.520127222
          0,           0,        1189,      -2.860224095,     -0.6692452843,     -0.8032624901,       2.533028184,      -1.386552355,       4.534599529
          0,           0,        1190,      -2.862556399,     -0.6326053164,     -0.7791824294,       2.530294052,      -1.386746978,       4.545065165
          0,           0,        1191,      -2.868777246,     -0.6659871239,     -0.8022351389,       2.523982259,      -1.386996462,       4.456799648
          0,           0,        1192,      -2.871161855,     -0.6641258686,     -0.8090284509,       2.521697888,      -1.387288293,       4.413305282
          0,           0,        1193,      -2.867423475,     -0.6758839077,     -0.8232626286,       2.525338903,      -1.386999501,       4.478884758
          0,           0,        1194,      -2.857959115,      -0.672398406,     -0.8274506008,        2.53526472,      -1.387063407,       4.514712653
          0,           0,        1195,      -2.869049912,     -0.6710055894,     -0.8188185646,       2.523358908,      -1.387156715,       4.453286841
          0,           0,        1196,      -2.864140214,     -0.6536894158,     -0.7980125129,       2.528994668,      -1.387376501,       4.449555999
          0,           0,        1197,       -2.86487028,     -0.6618425347,     -0.8226334753,       2.527781223,      -1.387140628,       4.389952556
          0,           0,        1198,      -2.863407764,     -0.6631698532,     -0.7960295247,       2.528966146,      -1.386732752,       4.448561797
          0,           0,        1199,      -2.866760005,     -0.6337917718,     -0.7952493766,       2.525316316,       -1.38612617,       4.442448726
          0,           0,        1200,      -2.865885642,     -0.6489422913,     -0.7836453678,       2.526662294,      -1.386132668,       4.301472586
          0,           0,        1201,      -2.864911051,      -0.666699425,     -0.8095186111,       2.527607149,      -1.385925266,       4.304706002
          0,           0,        1202,       -2.86253662,     -0.6713022217,     -0.7972255458,       2.529820732,      -1.385932928,       4.405877359
          0,           0,        1203,      -2.859215391,      -0.669754439,     -0.7993173721,       2.533069257,      -1.386171695,       4.426363326
          0,           0,        1204,      -2.860699967,     -0.6791784384,     -0.7922283665,       2.531654954,      -1.386464932,        4.36410601
          0,           0,        1205,      -2.862561597,     -0.6747072232,     -0.7907478891,       2.530425158,      -1.386349119,       4.424973736
          0,           0,        1206,      -2.857611001,     -0.6734021008,     -0.7894838355,        2.53564316,      -1.386470858,       4.439397051
          0,           0,        1207,      -2.850402367,     -0.6663813587,     -0.7946141765,       2.543698268,      -1.386667893,       4.506526051
          0,           0,        1208,      -2.856161822,     -0.6464823055,     -0.7780843903,       2.536952851,      -1.386762562,       4.517186447
          0,           0,        1209,      -2.864508854,      -0.649510549,     -0.7645935534,       2.528708738,      -1.386512974,       4.347730939
          0,           0,        1210,      -2.864885702,     -0.6584173834,     -0.8012513669,       2.527993465,      -1.386379756,        4.39509836
          0,           0,        1211,      -2.854857094,     -0.6625162644,     -0.8036078629,       2.538538597,      -1.386106102,        4.47927299
          0,           0,        1212,      -2.863456893,     -0.6499017481,     -0.8019170176,       2.528719941,      -1.385785107,       4.475906959
          0,           0,        1213,      -2.861670032,     -0.6494931831,     -0.7905337322,       2.531187554,      -1.385957918,       4.367049555
          0,           0,        1214,      -2.871854331,     -0.6478067313,     -0.8172419736,       2.520646079,      -1.385469283,       4.358457248
          0,           0,        1215,      -2.867709306,     -0.6657703811,     -0.8043012001,       2.525857623,      -1.386026556,       4.484256366
          0,           0,        1216,      -2.858517529,     -0.6496948839,     -0.7968921125,       2.534222968,      -1.386408815,       4.567584577
          0,           0,        1217,      -2.866827299,     -0.6606705553,     -0.7916476536,       2.526658715,      -1.386956343,       4.568559744
          0,           0,        1218,      -2.868560784,      -0.665222526,     -0.7805666277,        2.52484404,      -1.387393124,       4.493790222
          0,           0,        1219,      -2.862643657,     -0.6703916035,     -0.8032185537,       2.530154396,      -1.387606153,       4.458169485
          0,           0,        1220,      -2.856280798,     -0.6701275712,     -0.7738835312,       2.536715172,       -1.38758738,        4.44569057
          0,           0,        1221,      -2.859193872,     -0.6785245867,     -0.8087965247,       2.533039502,      -1.387660712,       4.431175593
          0,           0,        1222,      -2.852045808,     -0.6778453841,     -0.7960793778,        2.54095155,      -1.387655362,         4.4336284
          0,           0,        1223,      -2.859591506,     -0.6785245535,     -0.8132866051,       2.533479531,      -1.387580321,        4.42280122
          0,           0,        1224,      -2.864031802,     -0.6785751781,     -0.8010614484,       2.528502422,      -1.387852818,       4.523119388
          0,           0,        1225,      -2.859735512,     -0.6619403919,     -0.8195678319,       2.532946741,      -1.387717275,       4.537656545
          0,           0,        1226,      -2.865527544,     -0.6575956212,     -0.8077129473,       2.526945092,       -1.38758942,        4.47244592
          0,           0,        1227,      -2.871155825,     -0.6543979446,     -0.8139153803,       2.521203818,       -1.38736081,       4.416278868
          0,           0,        1228,      -2.862839074,     -0.6750136815,      -0.826214787,       2.529844777,      -1.386684499,       4.429006328
          0,           0,        1229,      -2.860789716,     -0.6476640911,     -0.7838220277,       2.532072319,      -1.386531722,        4.45587011
          0,           0,        1230,      -2.865757906,     -0.6528176949,     -0.8080081515,       2.525707288,      -1.386043018,       4.442993362
          0,           0,        1231,      -2.858576108,     -0.6409273338,     -0.7750834875,       2.534443133,      -1.385515537,       4.413072011
          0,           0,        1232,      -2.876323915,     -0.6457740164,     -0.7852760699,       2.516237934,      -1.385588567,       4.370721778
          0,           0,        1233,      -2.862793384,     -0.6638150579,     -0.7806283591,       2.530589817,      -1.385741116,       4.388196806
          0,           0,        1234,      -2.866054488,     -0.6405322111,     -0.7759205329,       2.526133968,      -1.385900353,        4.44108102
          0,           0,        1235,      -2.870734979,     -0.6614592124,     -0.7745039521,       2.522529164,      -1.386367042,       4.421635167
          0,           0,        1236,      -2.871326746,      -0.653890806,     -0.7732602309,       2.521612789,       -1.38636696,       4.380607569
          0,           0,        1237,      -2.873909946,     -0.6795774971,     -0.7916251351,       2.519110773,      -1.386276609,       4.423795143
          0,           0,        1238,      -2.861447528,     -0.6522426318,      -0.764163367,       2.531880907,      -1.385982932,       4.490959471
          0,           0,        1239,      -2.861248289,     -0.6725314334,      -0.800480665,       2.531788041,      -1.385727403,       4.379809982
          0,           0,        1240,      -2.870890855,     -0.6569154479,     -0.7896661801,       2.521265106,       -1.38582478,       4.359423978
          0,           0,        1241,       -2.86818806,     -0.6686124156,     -0.8097734865,       2.524202873,      -1.385852907,       4.403308806
          0,           0,        1242,      -2.861588661,     -0.6644789458,     -0.7912656157,       2.531103089,      -1.385690823,       4.466793312
          0,           0,        1243,       -2.87158555,     -0.6449004623,     -0.7926206601,       2.519759052,      -1.385666373,       4.512797397
          0,           0,        1244,      -2.863891462,     -0.6514146894,     -0.7818460692,       2.529000047,       -1.38609227,       4.524732593
          0,           0,        1245,      -2.878614048,     -0.6582050242,     -0.8093587928,        2.51385861,      -1.386099385,       4.563543797
          0,           0,        1246,      -2.866377643,     -0.6867446696,      -0.815710068,       2.526288305,      -1.386375363,       4.575342167
          0,           0,        1247,       -2.85268876,     -0.6575193458,     -0.7970524607,       2.540539109,      -1.386676699,       4.565101533
          0,           0,        1248,      -2.858207241,     -0.6687666712,     -0.8014183698,       2.534925914,      -1.386783247,       4.462752366
          0,           0,        1249,      -2.858812361,     -0.6617379088,     -0.7904765586,       2.535628902,      -1.386701464,       4.287211696
          0,           0,        1250,      -2.859371625,       -0.67867341,     -0.8302466624,       2.533867206,      -1.386743326,       4.362443911
          0,           0,        1251,      -2.856958323,     -0.6760433528,     -0.8121473304,       2.536251092,      -1.387234992,        4.50752094
          0,           0,        1252,      -2.850446814,     -0.6472521113,     -0.8119526202,       2.543012578,       -1.38745025,       4.547975004
          0,           0,        1253,       -2.86941744,     -0.6514265794,     -0.8073987191,        2.52327514,      -1.387813758,       4.510855658
          0,           0,        1254,      -2.860326928,     -0.6712540253,     -0.8400634006,       2.533472055,      -1.387887283,       4.511997333
          0,           0,        1255,      -2.863855473,     -0.6561643789,      -0.819575054,       2.528701646,      -1.387496224,       4.559518186
          0,           0,        1256,       -2.86103511,     -0.6500960499,     -0.8197131656,       2.531016933,      -1.387206193,       4.529273213
          0,           0,        1257,      -2.862131856,     -0.6457545519,     -0.7957847693,       2.530678512,      -1.386751052,       4.358157727
          0,           0,        1258,      -2.873949862,     -0.6425739339,     -0.7983836283,       2.518748671,      -1.386844533,       4.332293033
          0,           0,        1259,      -2.864366382,     -0.6505334081,     -0.7997301052,       2.528233134,      -1.386763712,       4.387289457
          0,           0,        1260,      -2.870189988,     -0.6425529796,     -0.7824893625,       2.522242027,      -1.386460908,       4.451488158
          0,           0,        1261,      -2.859236235,     -0.6453350243,     -0.7908531786,       2.533698314,      -1.386748799,       4.460796437
          0,           0,        1262,      -2.875631923,     -0.6443446338,     -0.7556992201,       2.517089052,      -1.386607073,       4.310886295
          0,           0,        1263,      -2.867544927,     -0.6595770084,     -0.7937981642,       2.526074592,        -1.3862484,       4.431378938
          0,           0,        1264,      -2.869630487,     -0.6635050492,     -0.7786810142,       2.523281025,      -1.386120462,       4.488555295
          0,           0,        1265,      -2.857254531,     -0.6776969111,      -0.788478796,       2.535394378,      -1.386249674,       4.529096654
          0,           0,        1266,      -2.864167969,     -0.6718590221,     -0.7737964865,       2.528704266,       -1.38605452,       4.429481409
          0,           0,        1267,      -2.867063577,     -0.6815788154,     -0.8018453647,       2.526580141,      -1.386077277,       4.382607439
          0,           0,        1268,      -2.863765144,     -0.6674364139,     -0.7862462198,       2.529633812,      -1.386058144,       4.389720364
          0,           0,        1269,      -2.865993601,     -0.6822864965,     -0.8182179653,       2.526899387,      -1.385866831,       4.449799995
          0,           0,        1270,       -2.85722732,     -0.6623518062,     -0.7950451285,       2.536543413,      -1.385921823,       4.420531018
          0,           0,        1271,      -2.866948632,     -0.6443323998,      -0.778627797,       2.526557248,      -1.385892763,       4.409844306
          0,           0,        1272,      -2.858696433,     -0.6708930527,     -0.8142563224,       2.536376842,       -1.38629786,       4.491808497
          0,           0,        1273,      -2.854701166,     -0.6441159824,     -0.7943009423,       2.539332889,       -1.38660458,       4.581950889
          0,           0,        1274,      -2.855013033,     -0.6662553803,     -0.8053210493,       2.538518696,      -1.387309351,       4.606862555
          0,           0,        1275,      -2.856662059,     -0.6493865893,     -0.7825492078,       2.536289344,      -1.387316204,       4.543202355
          0,           0,        1276,      -2.870347973,     -0.6452011898,     -0.7672291208,        2.52308159,      -1.387394078,       4.485688531
          0,           0,        1277,      -2.867758189,     -0.6569168115,     -0.7729241544,        2.52554297,      -1.387097413,       4.461244569
          0,           0,        1278,      -2.862832914,     -0.6342357392,      -0.772756539,       2.530813147,      -1.386960243,       4.431507541
          0,           0,        1279,      -2.872202416,     -0.6499915896,      -0.779748453,       2.520995663,      -1.386954993,       4.417160847
          0,           0,        1280,      -2.871961463,     -0.6552144632,     -0.8006385872,       2.521528019,      -1.387281189,        4.43703236
          0,           0,        1281,      -2.864432602,       -0.64843326,     -0.8187328136,       2.529325211,      -1.387320368,       4.515364968
          0,           0,        1282,      -2.864083519,      -0.660082535,     -0.7992765415,       2.528756875,      -1.386712178,       4.533270365
          0,           0,        1283,      -2.866211217,      -0.665735704,     -0.8073262239,       2.526485078,       -1.38600505,       4.469856638
          0,           0,        1284,      -2.870926654,     -0.6658320373,     -0.8040651938,       2.521652835,      -1.385043066,       4.404933339
          0,           0,        1285,      -2.867995166,     -0.6749944364,      -0.823434376,       2.525444924,      -1.384914601,       4.453620814
          0,           0,        1286,         -2.863895,      -0.655209359,     -0.8089491673,       2.529495007,       -1.38460384,       4.494872581
          0,           0,        1287,      -2.868531917,     -0.6580802362,     -0.8230060411,       2.524325597,      -1.384865689,       4.518198845
          0,           0,        1288,      -2.866093826,     -0.6474934207,      -0.797194152,        2.52729316,      -1.385551371,        4.44931306
          0,           0,        1289,      -2.877651862,     -0.6429206172,       -0.79627289,       2.515978604,      -1.385550857,       4.375645525
          0,           0,        1290,      -2.865105672,     -0.6708464111,     -0.8240214502,       2.528327078,      -1.385557382,       4.424024765
          0,           0,        1291,      -2.856962639,     -0.6512438734,     -0.7860037182,       2.537032777,      -1.385367769,       4.472616654
          0,           0,        1292,      -2.855900077,     -0.6523035046,     -0.7923568799,       2.537507655,      -1.384987533,       4.503619822
          0,           0,        1293,      -2.865435855,     -0.6497183292,     -0.7829672656,       2.528711057,      -1.384790216,       4.531655127
          0,           0,        1294,      -2.854521831,     -0.6558468343,     -0.8146299312,       2.539859768,       -1.38550382,       4.583168644
          0,           0,        1295,      -2.857657767,     -0.6673738817,      -0.801322753,         2.5361772,      -1.385419357,       4.598132938
          0,           0,        1296,       -2.85288067,       -0.64030314,     -0.7918716334,       2.540561787,      -1.385530283,       4.593116624
          0,           0,        1297,       -2.86930438,     -0.6493948153,     -0.7904363798,       2.523797795,      -1.384987625,       4.448670706
          0,           0,        1298,      -2.861817829,     -0.6548027921,     -0.8111738847,        2.53280774,      -1.384884908,        4.35224559
          0,           0,        1299,      -2.862068661,     -0.6519618911,     -0.7995034928,       2.531401698,      -1.384964051,       4.417049011
          0,           0,        1300,      -2.853005705,      -0.652685998,     -0.8028298572,       2.540500443,      -1.385004335,        4.47815634
          0,           0,        1301,      -2.865948098,     -0.6474421659,     -0.7948346322,       2.526355623,       -1.38450174,       4.413318913
          0,           0,        1302,      -2.866001002,     -0.6468469501,     -0.8005978695,       2.528530399,      -1.384977135,        4.45728548
          0,           0,        1303,      -2.859675626,     -0.6386214823,     -0.7982940449,       2.534285678,      -1.384909649,       4.496050517
          0,           0,        1304,      -2.864804157,     -0.6389040207,     -0.7802811088,       2.528374943,        -1.3841966,       4.488695719
          0,           0,        1305,      -2.856977528,     -0.6169698391,      -0.775597662,       2.537631165,      -1.383806349,       4.479511585
          0,           0,        1306,      -2.871730965,     -0.6263943451,      -0.758982243,       2.522448499,      -1.383779728,       4.298726383
          0,           0,        1307,      -2.865265406,      -0.642428219,     -0.8002493382,        2.52960216,      -1.383862672,       4.365063428
          0,           0,        1308,      -2.865139418,     -0.6427407835,     -0.7775828459,       2.529334859,      -1.383744623,       4.467401624
          0,           0,        1309,      -2.855671915,     -0.6407740588,     -0.7820623203,       2.538757377,      -1.384023429,       4.512775473
          0,           0,        1310,        -2.8615242,      -0.638526716,     -0.7714808917,       2.532201645,      -1.384245092,       4.435375298
          0,           0,        1311,      -2.865214829,     -0.6420464016,     -0.7683218573,       2.529454797,      -1.384098591,       4.432783618
          0,           0,        1312,      -2.858634385,     -0.6452133525,     -0.7849435627,       2.535432885,      -1.383745324,       4.480175405
          0,           0,        1313,      -2.866591356,     -0.6509022138,     -0.7709169769,       2.527066049,      -1.384099183,       4.538214952
          0,           0,        1314,      -2.853935149,     -0.6508985297,     -0.7877456673,       2.540254969,      -1.384010489,       4.499948438
          0,           0,        1315,      -2.871319531,     -0.6269207813,     -0.7694980793,       2.522194029,      -1.383897073,       4.429051279
          0,           0,        1316,      -2.860172789,     -0.6488126672,     -0.8004116286,       2.534232479,      -1.384156708,       4.380549593
          0,           0,        1317,      -2.861283946,     -0.6447408174,     -0.7623588432,        2.53224482,      -1.384232898,       4.501366275
          0,           0,        1318,      -2.853814649,     -0.6498956367,     -0.7790544282,       2.538862608,      -1.384252293,        4.54180354
          0,           0,        1319,      -2.862592182,     -0.6313292715,     -0.7596059046,       2.531144689,      -1.384184319,       4.397169091
          0,           0,        1320,       -2.87527815,     -0.6434300825,     -0.7720500597,       2.518176176,      -1.384552453,       4.454565937
          0,           0,        1321,       -2.87025832,     -0.6299122174,     -0.7611161346,       2.522100101,      -1.383987185,       4.479440318
          0,           0,        1322,       -2.86913734,     -0.6523054381,     -0.7792513148,       2.523783809,      -1.383979639,       4.548240395
          0,           0,        1323,      -2.863367667,     -0.6321589309,     -0.7714661931,       2.530225005,      -1.384535947,        4.58645613
          0,           0,        1324,      -2.880759519,     -0.6441990485,     -0.7581289994,       2.512730098,      -1.384241535,       4.490787575
          0,           0,        1325,      -2.862569713,     -0.6787353988,     -0.8047004833,       2.531130491,       -1.38388842,       4.507777711
          0,           0,        1326,      -2.869784759,     -0.6777463258,     -0.7726074324,       2.522999101,      -1.383677021,       4.559346947
          0,           0,        1327,      -2.858903332,     -0.6643433998,     -0.7985276191,       2.534593824,      -1.383146237,       4.540874181
          0,           0,        1328,       -2.86967539,     -0.6668963351,     -0.7824004271,       2.523185501,      -1.383137266,       4.269716562
          0,           0,        1329,      -2.866947729,     -0.6783814917,     -0.7954322266,       2.526942327,       -1.38275294,       4.336161175
          0,           0,        1330,      -2.863684275,     -0.6378376556,     -0.7730632865,       2.529865044,       -1.38205334,       4.422882829
          0,           0,        1331,      -2.855842889,     -0.6575710414,     -0.7896840921,       2.537691162,      -1.382398309,        4.46933757
          0,           0,        1332,      -2.857761102,     -0.6473895507,     -0.7711378104,       2.535339604,      -1.382142803,       4.369299672
          0,           0,        1333,      -2.874685875,     -0.6409693871,     -0.7730407976,       2.518497756,      -1.381514678,       4.386099656
          0,           0,        1334,      -2.853567885,     -0.6698654381,     -0.8027830712,       2.541241393,      -1.381559578,       4.419545075
          0,           0,        1335,      -2.859664353,     -0.6480348252,     -0.7751262253,       2.533432965,      -1.381512098,       4.508961336
          0,           0,        1336,      -2.855589636,     -0.6508289238,     -0.7966228883,       2.536934619,      -1.381560761,        4.51745258
          0,           0,        1337,      -2.860489217,     -0.6475704698,     -0.7795714242,       2.532490051,      -1.382167952,        4.40016473
          0,           0,        1338,       -2.86484711,     -0.6528774232,     -0.8101336231,        2.52844756,      -1.382328631,       4.494219601
          0,           0,        1339,      -2.864888906,       -0.65666191,     -0.7945395759,       2.527532344,      -1.382227946,        4.55300506
          0,           0,        1340,      -2.854374743,     -0.6447763593,     -0.7963361406,       2.538780782,      -1.383335819,       4.557790277
          0,           0,        1341,      -2.868044745,     -0.6367485045,     -0.7853485225,       2.524607024,      -1.383795004,       4.512259878
          0,           0,        1342,      -2.871411097,     -0.6605865699,     -0.8089687308,       2.521536648,       -1.38429041,        4.36406836
          0,           0,        1343,      -2.853686787,     -0.6536259383,     -0.8150893941,        2.53988774,      -1.384711519,       4.439490979
          0,           0,        1344,      -2.865127132,      -0.660364389,      -0.808882328,       2.526968772,      -1.384588117,       4.513432338
          0,           0,        1345,      -2.858011328,     -0.6427029344,      -0.801303768,       2.534471663,      -1.384478176,       4.490188584
          0,           0,        1346,      -2.872536229,     -0.6777131581,     -0.8188526773,       2.520546288,      -1.384422141,       4.377142031
          0,           0,        1347,       -2.87267896,     -0.6824417534,     -0.8353547287,       2.520371804,      -1.384601653,        4.44009284
          0,           0,        1348,      -2.874619052,     -0.6552176673,     -0.8037900595,       2.517854776,      -1.384614168,       4.439329557
          0,           0,        1349,      -2.868268246,      -0.670607533,     -0.8231382546,       2.524453883,      -1.384308642,       4.440804083
          0,           0,        1350,      -2.874684619,     -0.6674263269,     -0.8044325662,       2.517838416,      -1.383717187,       4.386190189
          0,           0,        1351,      -2.879999196,     -0.6622868857,     -0.7915167918,       2.512763007,      -1.383128955,       4.311033751
          0,           0,        1352,      -2.866605061,     -0.6759185957,     -0.8134044772,       2.526668782,      -1.383072066,       4.456348102
          0,           0,        1353,      -2.854673385,     -0.6761440126,     -0.8007005398,       2.538013058,      -1.383138054,       4.506702898
          0,           0,        1354,      -2.863048932,     -0.6650359028,     -0.8009271292,       2.529028227,      -1.383134449,       4.416001603
          0,           0,        1355,      -2.865091428,     -0.6550271182,     -0.7799642254,       2.527811168,      -1.383242988,       4.287659467
          0,           0,        1356,       -2.86399799,     -0.6721398726,     -0.8197316144,       2.527874815,      -1.382936599,       4.387483045
          0,           0,        1357,      -2.860325435,     -0.6745568988,     -0.8004992423,       2.532488111,      -1.382894155,       4.414462095
          0,           0,        1358,      -2.859728741,     -0.6486877783,     -0.8115834172,       2.532460518,       -1.38253637,       4.460801269
          0,           0,        1359,      -2.872437023,     -0.6640943775,     -0.7981861546,       2.520151247,      -1.382334463,       4.438714112
          0,           0,        1360,      -2.861713156,     -0.6698393537,     -0.8196591344,       2.531571778,      -1.382719316,       4.382755355
          0,           0,        1361,      -2.866302456,     -0.6724585648,     -0.8029919824,       2.526070493,      -1.382713765,       4.495481187
          0,           0,        1362,      -2.850458541,     -0.6738743977,     -0.8078219086,       2.542557479,      -1.382732936,       4.514714917
          0,           0,        1363,       -2.87097158,     -0.6611083869,     -0.8016847922,       2.520506348,      -1.382552776,       4.313122539
          0,           0,        1364,      -2.871711486,      -0.668446997,     -0.8108304258,       2.520643029,      -1.382399689,       4.326782843
          0,           0,        1365,      -2.858898633,     -0.6632823177,     -0.8209099761,       2.533826926,      -1.382315858,        4.42350493
          0,           0,        1366,      -2.861474945,     -0.6589731368,     -0.8035222727,       2.531102302,      -1.381960305,       4.489508658
          0,           0,        1367,      -2.859695923,     -0.6433901154,     -0.8002264664,       2.532686317,      -1.382334091,       4.486831105
          0,           0,        1368,      -2.875138548,     -0.6560362126,     -0.7874146162,       2.516893165,      -1.382536576,       4.310031712
          0,           0,        1369,      -2.868306655,     -0.6771336412,     -0.8424482061,       2.524817313,      -1.382509058,       4.324157314
          0,           0,        1370,      -2.865341822,     -0.6809230319,     -0.8201123932,       2.527047034,        -1.3830531,       4.466445329
          0,           0,        1371,      -2.851373541,     -0.6704816797,     -0.8148695687,       2.540996052,      -1.383143017,       4.507072046
          0,           0,        1372,      -2.872223086,     -0.6771978436,     -0.8124711227,       2.519658157,      -1.383346581,       4.380852398
          0,           0,        1373,      -2.867011003,     -0.6723429069,     -0.8164985497,       2.526619565,      -1.383240418,       4.366674466
          0,           0,        1374,      -2.869515606,     -0.6657873129,     -0.8167798322,       2.522688294,      -1.383510163,       4.469731933
          0,           0,        1375,      -2.860020259,     -0.6622968663,     -0.8149016809,       2.532830331,      -1.383626948,        4.40255001
          0,           0,        1376,      -2.861965185,     -0.6454829248,     -0.8121713333,       2.530189566,      -1.383596109,       4.443157995
          0,           0,        1377,      -2.872797411,     -0.6426469042,     -0.7868957819,       2.519631387,      -1.383743183,       4.364551634
          0,           0,        1378,      -2.861664884,      -0.657461219,      -0.832627941,        2.53111961,      -1.383386265,       4.390908969
          0,           0,        1379,      -2.857533606,     -0.6616294633,     -0.8053435515,       2.534752175,      -1.382862768,       4.514563766
          0,           0,        1380,      -2.858864193,     -0.6484489843,     -0.7928419069,        2.53321447,      -1.382135737,       4.505977275
          0,           0,        1381,      -2.870221664,     -0.6420960635,     -0.7824882857,       2.522063976,      -1.381619773,       4.394982064
          0,           0,        1382,      -2.869597835,     -0.6390721519,     -0.7963173292,       2.522929836,      -1.381317478,       4.428068479
          0,           0,        1383,      -2.869206572,     -0.6439705861,     -0.7682897101,       2.523555628,      -1.381242657,       4.453452722
          0,           0,        1384,      -2.862648624,     -0.6451941876,     -0.7741698459,        2.53035956,      -1.381446772,       4.436760211
          0,           0,        1385,      -2.873710098,     -0.6335753755,     -0.7640831208,       2.518653609,      -1.382371235,       4.449232782
          0,           0,        1386,      -2.882590502,     -0.6539904538,     -0.7763857803,       2.510230107,      -1.382290406,       4.285030578
          0,           0,        1387,      -2.867166569,     -0.6625789991,     -0.8002689499,       2.526166663,      -1.382444791,       4.414610774
          0,           0,        1388,      -2.868430109,     -0.6773525673,      -0.783309173,       2.524125465,       -1.38229868,       4.505306487
          0,           0,        1389,      -2.864014605,     -0.6723490698,     -0.8021826948,       2.527973353,      -1.382311458,       4.460709727
          0,           0,        1390,      -2.863351036,     -0.6722281124,     -0.7890526936,       2.529375626,      -1.382206068,       4.233175043
          0,           0,        1391,      -2.872600447,     -0.6927585894,      -0.803690511,       2.519623866,      -1.381961291,        4.42090768
          0,           0,        1392,      -2.866066303,      -0.679001376,     -0.8068428393,       2.526291498,      -1.381540318,       4.456562903
          0,           0,        1393,      -2.856457787,     -0.6796723798,     -0.8080553476,       2.536227293,      -1.381387066,       4.446296585
          0,           0,        1394,      -2.868934764,     -0.6683407673,     -0.8078859681,       2.523482545,      -1.381613882,       4.381205394
          0,           0,        1395,      -2.870610591,     -0.6765783353,     -0.8081665955,       2.521711594,      -1.382572932,       4.412821869
          0,           0,        1396,      -2.859974659,     -0.6881056594,     -0.8276142943,       2.532409353,      -1.382806781,        4.44537994
          0,           0,        1397,      -2.852122793,     -0.6675985391,     -0.7999092845,       2.540317468,       -1.38304636,          4.511341
          0,           0,        1398,      -2.859744652,     -0.6504581258,     -0.7960701991,       2.532009041,      -1.383000766,       4.442348022
          0,           0,        1399,       -2.86681898,     -0.6567975984,      -0.793102879,       2.525321922,      -1.382887305,       4.288790666
          0,           0,        1400,      -2.864074574,      -0.663636588,      -0.823686646,       2.528901416,       -1.38291117,       4.417765569
          0,           0,        1401,      -2.873636545,     -0.6709668338,     -0.8105600664,       2.518502659,      -1.382561118,       4.432014967
          0,           0,        1402,      -2.859442186,     -0.6420847434,      -0.802668584,       2.533006604,      -1.382290881,       4.418737773
          0,           0,        1403,      -2.877793258,     -0.6562912935,     -0.7904427202,       2.514667443,      -1.382765505,       4.364764252
          0,           0,        1404,      -2.878528152,     -0.6595067381,      -0.806775836,       2.514232919,      -1.382937904,       4.389435169
          0,           0,        1405,      -2.861718296,     -0.6905737607,     -0.8140631324,       2.531174635,      -1.383255776,       4.449348256
          0,           0,        1406,      -2.858357336,     -0.6707906674,     -0.7747956663,       2.534419201,      -1.383078369,       4.513068062
          0,           0,        1407,       -2.86666438,     -0.6456422937,     -0.7901073394,       2.525516082,       -1.38298298,       4.422223936
          0,           0,        1408,      -2.868751712,      -0.683003956,     -0.7988560957,       2.524464775,      -1.382640975,       4.320175453
          0,           0,        1409,      -2.870935913,     -0.6769489938,     -0.8122272807,       2.521520029,      -1.382538369,       4.416334634
          0,           0,        1410,      -2.868569489,     -0.6782319615,     -0.8047544568,        2.52317564,       -1.38224611,       4.433838781
          0,           0,        1411,      -2.866125651,     -0.6516847603,     -0.8017028961,       2.526326088,      -1.381679881,       4.419904756
          0,           0,        1412,      -2.879956928,     -0.6542787975,     -0.7977170159,       2.511952967,      -1.381760689,       4.282572017
          0,           0,        1413,      -2.869923167,     -0.6771737398,     -0.8268235579,       2.522710404,      -1.381179166,       4.254756174
          0,           0,        1414,       -2.86579157,     -0.6820332498,     -0.8183160155,       2.526145539,       -1.38105245,       4.465041293
          0,           0,        1415,      -2.849278395,     -0.6734101765,     -0.8039081796,       2.543694321,      -1.381301598,       4.487741701
          0,           0,        1416,      -2.862246692,     -0.6706822984,     -0.8173832352,       2.530709907,      -1.381204305,       4.228856748
          0,           0,        1417,      -2.865795773,     -0.6817375885,     -0.8179018508,       2.527556256,      -1.381325296,       4.283315294
          0,           0,        1418,      -2.858260103,      -0.665848233,     -0.7969375505,       2.534959212,      -1.381411149,       4.377435337
          0,           0,        1419,      -2.853222652,     -0.6704224857,     -0.7875729721,       2.539511526,      -1.381740563,       4.437343892
          0,           0,        1420,      -2.859727041,     -0.6423139011,     -0.7831527547,       2.532920308,      -1.381813414,       4.467519346
          0,           0,        1421,      -2.862777362,     -0.6695274578,     -0.7728440673,       2.530033847,      -1.382004563,       4.370679954
          0,           0,        1422,      -2.860942106,     -0.6721320104,     -0.8209277185,       2.531809406,      -1.381941333,       4.355687012
          0,           0,        1423,      -2.862537962,     -0.6742621195,     -0.7987711142,       2.529732483,      -1.382205707,       4.500362573
          0,           0,        1424,      -2.864965678,     -0.6604174253,     -0.8010376426,       2.526712961,      -1.382087895,       4.464367189
          0,           0,        1425,      -2.881717768,     -0.6587151194,     -0.7948964228,       2.509948157,      -1.382083107,       4.252952417
          0,           0,        1426,      -2.869256324,     -0.6590570025,      -0.795752211,       2.523295488,      -1.381924558,        4.43070029
          0,           0,        1427,       -2.87069189,      -0.641794308,     -0.7825351141,       2.522194751,      -1.381656088,       4.512850429
          0,           0,        1428,      -2.860559737,     -0.6671081002,     -0.7962863416,        2.53312381,      -1.381732722,       4.554092465
          0,           0,        1429,      -2.867125025,     -0.6412450875,     -0.7712136749,       2.526002817,      -1.381446178,       4.487377418
          0,           0,        1430,      -2.879175815,     -0.6580121375,     -0.7663086618,       2.514889029,      -1.381778841,       4.350505048
          0,           0,        1431,      -2.863227583,     -0.6714149544,     -0.8038406895,       2.530308876,      -1.381688966,       4.413026277
          0,           0,        1432,       -2.86792858,     -0.6733510853,     -0.7896820461,       2.524961937,        -1.3813533,       4.518531423
          0,           0,        1433,      -2.857062736,     -0.6623792201,     -0.7682223019,       2.536000208,      -1.381134666,       4.492088922
          0,           0,        1434,       -2.87018888,     -0.6709358927,     -0.7826857573,       2.522805437,      -1.380740589,       4.268021033
          0,           0,        1435,      -2.868983606,     -0.6641385732,     -0.8152007265,        2.52474197,      -1.380239573,       4.373338325
          0,           0,        1436,      -2.867468008,     -0.6530676168,     -0.8020843612,        2.52556279,      -1.380205759,         4.4337214
          0,           0,        1437,      -2.853702004,     -0.6595653323,       -0.80402605,       2.539814216,      -1.380509955,       4.437140069
          0,           0,        1438,      -2.871089965,     -0.6322773964,      -0.797395926,       2.521550878,      -1.380185309,       4.462859094
          0,           0,        1439,      -2.869781703,     -0.6280257005,     -0.7778738888,       2.523695747,      -1.380258477,        4.42437487
          0,           0,        1440,      -2.860416787,     -0.6611458616,     -0.8142185792,       2.533052579,      -1.380089655,       4.481602772
          0,           0,        1441,      -2.853067296,      -0.658119608,     -0.7835553217,       2.540278531,      -1.379887823,       4.549531871
          0,           0,        1442,      -2.860612993,     -0.6397885541,     -0.7957568719,       2.532219096,      -1.379730492,       4.504884101
          0,           0,        1443,      -2.854596093,     -0.6506805454,     -0.7877727508,       2.539075226,      -1.380177239,       4.347663986
          0,           0,        1444,      -2.865070402,     -0.6374171227,     -0.7935625119,       2.527654562,      -1.380024969,       4.448348805
          0,           0,        1445,      -2.865828068,     -0.6430736883,     -0.7807724433,       2.527914832,      -1.380047598,       4.449792265
          0,           0,        1446,      -2.861066709,     -0.6323722122,     -0.7704437057,       2.531380532,      -1.379456013,       4.426634833
          0,           0,        1447,      -2.873471674,     -0.6349762698,     -0.7712870695,       2.519362719,       -1.37868871,       4.385519913
          0,           0,        1448,      -2.864475799,     -0.6362743133,      -0.785873456,       2.529631624,      -1.378782234,       4.305667198
          0,           0,        1449,       -2.86091779,     -0.6585232574,     -0.8013763326,       2.532349635,      -1.378136728,       4.464843861
          0,           0,        1450,      -2.851615528,     -0.6248137935,     -0.7729840072,       2.542240649,      -1.378385246,       4.561126543
          0,           0,        1451,      -2.858001184,     -0.6215799349,     -0.7654943351,       2.535745884,      -1.378588837,       4.424297958
          0,           0,        1452,      -2.863081688,     -0.6634126959,     -0.7843319089,       2.531075686,      -1.378454102,       4.282167829
          0,           0,        1453,      -2.868240669,     -0.6571140261,     -0.8090490954,       2.524594873,       -1.37775096,       4.378820896
          0,           0,        1454,      -2.857474757,     -0.6446684332,     -0.7910240779,       2.536352922,      -1.377528541,       4.430884234
          0,           0,        1455,       -2.85507331,     -0.6437371055,     -0.7926004019,       2.538527198,      -1.377817741,        4.42303155
          0,           0,        1456,      -2.872555117,      -0.646941599,     -0.7888047695,       2.519889737,      -1.378055598,       4.346157894
          0,           0,        1457,      -2.866813216,     -0.6633129815,     -0.8143767351,       2.526556316,      -1.378093788,       4.310152952
          0,           0,        1458,      -2.855370612,     -0.6714050003,     -0.7990526861,       2.537453284,      -1.377908974,       4.476897137
          0,           0,        1459,      -2.843215137,     -0.6658867778,     -0.7903615987,       2.550162171,      -1.377532305,       4.543014099
          0,           0,        1460,      -2.862174341,     -0.6722076923,     -0.7951686775,       2.530602427,      -1.377808035,       4.477587967
          0,           0,        1461,      -2.860425168,     -0.6794358089,     -0.7903209953,       2.532329841,      -1.377933447,       4.544660488
          0,           0,        1462,      -2.859312092,     -0.6793039085,     -0.8058591013,       2.533017006,      -1.377906267,       4.585883687
          0,           0,        1463,      -2.850430079,     -0.6792137183,     -0.7838849218,       2.542259669,      -1.378343389,       4.573266545
          0,           0,        1464,       -2.85621118,     -0.6393408264,       -0.78184099,       2.535796623,      -1.378622529,       4.546194587
          0,           0,        1465,       -2.86261388,     -0.6602283051,     -0.7816218483,       2.529834375,      -1.378902508,       4.421244032
          0,           0,        1466,        -2.8577493,     -0.6686415844,     -0.8140369551,       2.534937054,      -1.378977412,       4.433677222
          0,           0,        1467,      -2.851895246,     -0.6573061033,     -0.8067861899,       2.540337506,      -1.379081096,       4.530048843
          0,           0,        1468,       -2.86189601,     -0.6532300973,     -0.8007464229,       2.529965431,      -1.378860677,       4.491809974
          0,           0,        1469,      -2.869717423,     -0.6569193192,     -0.7986941735,       2.522395449,       -1.37897532,       4.486825714
          0,           0,        1470,      -2.871153499,     -0.6657064487,     -0.8082385605,       2.521240497,      -1.379130622,       4.563789944
          0,           0,        1471,      -2.868673809,     -0.6354773395,     -0.7942960546,       2.523141701,      -1.379016376,       4.569283194
          0,           0,        1472,      -2.858408286,     -0.6454796767,     -0.7838996023,       2.534782922,      -1.379168468,       4.559836447
          0,           0,        1473,      -2.869029504,     -0.6303971836,      -0.775575058,        2.52299679,       -1.37901964,       4.560902653
          0,           0,        1474,      -2.882704695,     -0.6480689857,     -0.7648906152,       2.509139932,      -1.378218461,       4.409628986
          0,           0,        1475,      -2.870826009,     -0.6467816569,     -0.8018376665,       2.522680765,      -1.378467039,       4.436761263
          0,           0,        1476,      -2.867747036,     -0.6762213527,     -0.7927620208,        2.52457696,       -1.37841451,       4.534073071
          0,           0,        1477,      -2.860083119,     -0.6486356014,     -0.7947925978,       2.531632206,      -1.378087188,       4.498914799
          0,           0,        1478,      -2.872986685,     -0.6718826429,     -0.7963701268,       2.519221029,      -1.378351953,       4.386649281
          0,           0,        1479,      -2.868971726,     -0.6578914929,     -0.8049691645,       2.523932174,      -1.378199829,       4.379078298
          0,           0,        1480,      -2.867987968,     -0.6854888235,     -0.8125319147,       2.524311762,      -1.378454156,       4.397385937
          0,           0,        1481,       -2.85701676,      -0.666231695,     -0.8032480069,       2.535161762,      -1.377961803,       4.362778762
          0,           0,        1482,      -2.867249182,     -0.6563252889,     -0.8082339531,       2.524100206,      -1.377371759,       4.379591798
          0,           0,        1483,      -2.868550562,     -0.6441409201,     -0.7844494856,       2.524132738,      -1.377440989,       4.339932715
          0,           0,        1484,      -2.863358687,     -0.6656022102,     -0.8143590449,       2.528618186,       -1.37743255,       4.360023273
          0,           0,        1485,      -2.854105513,     -0.6581662474,      -0.786825417,       2.537866913,      -1.377308147,       4.472092412
          0,           0,        1486,      -2.864690834,     -0.6497031251,     -0.7904895577,       2.527094319,      -1.377183754,       4.434452677
          0,           0,        1487,      -2.864547981,     -0.6598257204,     -0.7776375884,       2.527391746,      -1.376955699,       4.404071644
          0,           0,        1488,      -2.866827956,      -0.654642329,      -0.787808307,       2.525169377,      -1.377090271,       4.538162927
          0,           0,        1489,      -2.873427333,     -0.6454333215,     -0.7684732452,        2.51815854,      -1.377072251,       4.568934018
          0,           0,        1490,      -2.859539291,     -0.6397913771,     -0.7748204224,       2.532772268,      -1.377245365,       4.518775596
          0,           0,        1491,      -2.882204429,     -0.6369624892,     -0.7668945951,       2.509390636,      -1.377411071,       4.425553696
          0,           0,        1492,      -2.871515965,     -0.6657801966,     -0.8003246663,         2.5212058,       -1.37787307,       4.388424233
          0,           0,        1493,      -2.866072875,     -0.6662636559,     -0.8098067011,       2.526078515,      -1.378165417,         4.4566727
          0,           0,        1494,      -2.857757814,     -0.6607917272,     -0.7891195888,       2.534703967,       -1.37839807,       4.505522688
          0,           0,        1495,      -2.863918372,     -0.6645199984,     -0.8054882609,       2.527711135,      -1.378440267,       4.398268909
          0,           0,        1496,      -2.866758376,     -0.6800836841,     -0.8140473199,       2.525554286,      -1.378104884,       4.327123509
          0,           0,        1497,      -2.860257533,     -0.6693249368,     -0.8176683434,       2.532028483,      -1.377975809,       4.394190611
          0,           0,        1498,      -2.852674727,     -0.6613997101,     -0.8136608886,       2.539856025,      -1.377743109,       4.428428417
          0,           0,        1499,      -2.856038305,     -0.6460958039,     -0.8096456531,       2.536039763,      -1.377968666,       4.469206269
          0,           0,        1500,      -2.862228857,     -0.6504835426,     -0.8006430138,       2.530186891,       -1.37803786,        4.41666267
          0,           0,        1501,      -2.865909767,     -0.6393421834,     -0.8137835672,       2.527388634,        -1.3777734,        4.44638023
          0,           0,        1502,      -2.858462547,     -0.6620395375,     -0.8240068931,       2.533623062,      -1.377431216,       4.545824052
          0,           0,        1503,      -2.846266477,     -0.6433330194,     -0.7946949555,       2.547335642,      -1.376781787,       4.556733778
          0,           0,        1504,      -2.874257152,     -0.6393302853,     -0.7918768552,       2.517835993,      -1.375938912,       4.326085848
          0,           0,        1505,      -2.862721437,     -0.6529718382,     -0.7947207159,        2.53057654,      -1.375586104,       4.369212191
          0,           0,        1506,      -2.864634053,     -0.6468867691,     -0.7950072699,       2.527709399,      -1.375332016,       4.421563331
          0,           0,        1507,      -2.863117956,     -0.6634023679,     -0.7817380971,       2.529207018,      -1.375272866,       4.424041027
          0,           0,        1508,      -2.854590488,     -0.6271879608,     -0.7672824873,       2.537858725,      -1.375815901,       4.431073496
          0,           0,        1509,      -2.875534919,     -0.6662303403,     -0.7626295629,        2.51614956,      -1.376169589,       4.268972066
          0,           0,        1510,       -2.85743531,      -0.674701395,     -0.7965662278,        2.53563763,      -1.376409448,       4.325665456
          0,           0,        1511,      -2.863664498,     -0.6899566314,     -0.7766729761,       2.527871149,       -1.37642118,       4.488899156
          0,           0,        1512,      -2.851147275,     -0.6620653987,     -0.7773814106,       2.540978988,      -1.376332776,       4.475283748
          0,           0,        1513,      -2.866672455,     -0.6823978885,     -0.7960108052,       2.524738075,      -1.376008284,       4.206243925
          0,           0,        1514,      -2.873550525,     -0.6847592006,     -0.7847947471,       2.518366193,      -1.375679756,       4.384065948
          0,           0,        1515,      -2.865987713,     -0.6610381606,     -0.7818584766,       2.525735166,       -1.37544109,       4.444181685
          0,           0,        1516,      -2.858367726,     -0.6676822804,     -0.7837600354,       2.533800655,      -1.375531583,       4.458935032
          0,           0,        1517,      -2.871784411,     -0.6459990089,     -0.7905057867,       2.519400152,      -1.375529224,       4.513411353
          0,           0,        1518,      -2.871428315,     -0.6636733196,     -0.7806690183,       2.520641168,      -1.376368138,        4.42650483
          0,           0,        1519,      -2.870327042,     -0.6789001044,     -0.8241976031,       2.521991003,      -1.376872582,       4.446643737
          0,           0,        1520,       -2.86324009,     -0.6813614963,     -0.7968829072,       2.528761572,      -1.377681281,       4.533722648
          0,           0,        1521,      -2.864364664,     -0.6625464025,     -0.8027602147,       2.526660329,      -1.377788447,       4.530181144
          0,           0,        1522,      -2.874930311,     -0.6777058568,     -0.7893529933,       2.517069974,       -1.37757223,       4.393157866
          0,           0,        1523,      -2.867121376,      -0.662376539,     -0.8045125466,       2.525907648,      -1.377354986,       4.428542864
          0,           0,        1524,      -2.871721198,     -0.6760552802,     -0.7997670897,       2.520135447,      -1.377028423,       4.425163901
          0,           0,        1525,      -2.850541467,     -0.6665028605,     -0.7997962218,       2.542516377,      -1.376703625,        4.39651432
          0,           0,        1526,      -2.867423125,     -0.6553626237,     -0.8002090191,       2.524597155,      -1.376755351,        4.42065849
          0,           0,        1527,      -2.859656409,     -0.6557097655,     -0.7829377753,       2.533987597,      -1.377100488,       4.367292198
          0,           0,        1528,      -2.870018505,     -0.6772566721,     -0.8306507585,       2.522524437,      -1.377401149,       4.430757498
          0,           0,        1529,      -2.855962108,     -0.6654449906,     -0.7958741977,       2.535970179,      -1.377487538,       4.527976818
          0,           0,        1530,      -2.868507409,     -0.6643453704,     -0.8005285741,       2.522682596,       -1.37711143,       4.431345316
          0,           0,        1531,      -2.862960331,     -0.6650839363,     -0.7950107788,       2.529884933,      -1.377010677,       4.238942084
          0,           0,        1532,      -2.871068138,     -0.6523900979,     -0.8018031021,        2.52079904,       -1.37686893,       4.390439219
          0,           0,        1533,      -2.866881805,     -0.6623682138,     -0.7802717356,       2.524961767,      -1.376378929,       4.381588864
          0,           0,        1534,      -2.863728383,     -0.6423105974,     -0.7823408746,       2.528216583,      -1.376131455,       4.387194931
          0,           0,        1535,      -2.877824335,     -0.6419218907,     -0.7625953955,        2.51402966,      -1.376198127,       4.417383724
          0,           0,        1536,      -2.866108398,     -0.6542892361,     -0.7758245841,       2.526332253,      -1.376277117,        4.33378625
          0,           0,        1537,      -2.858035023,     -0.6727830395,     -0.8033699131,       2.533870466,      -1.376041743,       4.472771981
          0,           0,        1538,      -2.849780983,     -0.6521706275,      -0.761383567,       2.543276966,      -1.375545155,       4.509841399
          0,           0,        1539,      -2.859802308,     -0.6590893842,     -0.8050937639,        2.53150507,      -1.375241776,       4.380488792
          0,           0,        1540,      -2.861380442,     -0.6749533634,     -0.7972345043,       2.532201547,      -1.375313944,        4.42541545
          0,           0,        1541,      -2.854729069,     -0.6669992511,     -0.8069326493,       2.538682798,      -1.375711368,       4.514453979
          0,           0,        1542,      -2.854579355,     -0.6732290966,     -0.8012873921,       2.538292882,      -1.375569861,       4.528308337
          0,           0,        1543,      -2.857920776,     -0.6470107703,     -0.7989682544,       2.534946762,      -1.375308727,       4.512100322
          0,           0,        1544,      -2.863765449,     -0.6494657057,     -0.7849664673,       2.529021556,      -1.375217798,       4.419153201
          0,           0,        1545,      -2.868220246,     -0.6388948507,     -0.7922525449,       2.525019251,      -1.374833573,       4.371363246
          0,           0,        1546,       -2.84875033,     -0.6615659176,     -0.7948423992,        2.54467116,      -1.375192855,       4.491513642
          0,           0,        1547,      -2.848401443,     -0.6372461768,     -0.7721932494,         2.5444392,      -1.374904914,        4.52677936
          0,           0,        1548,      -2.867713975,     -0.6449565582,     -0.7724622088,       2.524101291,      -1.374773788,       4.427117793
          0,           0,        1549,      -2.862433879,     -0.6541758018,     -0.7666661716,       2.530610703,       -1.37457488,       4.497287839
          0,           0,        1550,      -2.870605714,     -0.6512391718,     -0.7781166654,       2.521446629,      -1.374304576,       4.537217376
          0,           0,        1551,      -2.861417063,     -0.6611075448,     -0.7626732755,       2.531214897,      -1.374339166,       4.495961263
          0,           0,        1552,      -2.862914754,     -0.6380080714,     -0.7670751274,       2.529267994,      -1.374066563,       4.448688445
          0,           0,        1553,       -2.87866729,     -0.6638973445,     -0.7699658345,       2.513831424,      -1.374042084,       4.355543418
          0,           0,        1554,      -2.868897074,     -0.6671816504,     -0.7860372486,       2.523918194,      -1.374081916,       4.382683652
          0,           0,        1555,      -2.864301731,     -0.6775805867,     -0.7924577927,       2.527785726,      -1.373742314,       4.495808071
          0,           0,        1556,      -2.853879226,     -0.6590561665,     -0.7855609321,       2.538913293,      -1.374279863,       4.493839986
          0,           0,        1557,      -2.863151027,     -0.6721980554,      -0.802097369,       2.529470387,      -1.374199873,       4.232961187
          0,           0,        1558,      -2.866852087,     -0.6739601878,     -0.8154189435,       2.525604857,      -1.374038714,        4.40518629
          0,           0,        1559,      -2.859433928,      -0.650831086,     -0.8076018705,       2.532830808,      -1.374323439,       4.452280061
          0,           0,        1560,      -2.851594954,     -0.6465444766,     -0.7825874233,       2.541159585,      -1.374390924,       4.473281287
          0,           0,        1561,      -2.866602798,     -0.6391935153,     -0.8002207406,       2.525133053,      -1.373977872,       4.523787405
          0,           0,        1562,      -2.862292897,     -0.6547524863,     -0.7895361321,       2.530493802,      -1.373945437,       4.406196051
          0,           0,        1563,      -2.857426385,     -0.6540303095,     -0.8194720213,       2.535936028,      -1.374030901,       4.437665895
          0,           0,        1564,      -2.853487766,     -0.6703236124,     -0.7908561418,       2.539134671,      -1.373887024,       4.502408352
          0,           0,        1565,      -2.861000517,     -0.6496864746,     -0.7756614764,       2.530485492,      -1.373739311,       4.433797492
          0,           0,        1566,      -2.864261952,     -0.6790553063,     -0.7998377635,       2.528205842,      -1.373821909,       4.341850599
          0,           0,        1567,      -2.864244789,     -0.6598684994,     -0.7842542117,        2.52792771,      -1.374062678,       4.442438446
          0,           0,        1568,      -2.858633097,      -0.671706453,     -0.7873524666,       2.533423546,       -1.37432501,       4.481497369
          0,           0,        1569,      -2.853838922,     -0.6651491965,     -0.7861608429,       2.537952048,      -1.373857048,       4.484034634
          0,           0,        1570,      -2.865116808,     -0.6526963429,     -0.7785224274,       2.526624239,       -1.37316602,       4.502697768
          0,           0,        1571,      -2.862683419,     -0.6515589967,      -0.769708081,       2.529551752,      -1.373176533,       4.331306049
          0,           0,        1572,      -2.856744826,     -0.6727154458,     -0.8152091493,       2.535220302,      -1.372694651,       4.409597662
          0,           0,        1573,      -2.858253547,     -0.6563171371,     -0.7742109265,       2.533186059,      -1.372720039,       4.471192809
          0,           0,        1574,      -2.864575956,     -0.6534185321,     -0.7834688826,       2.526622557,      -1.372518923,        4.40212075
          0,           0,        1575,      -2.865438418,     -0.6629726202,     -0.7584754796,       2.526196486,      -1.371991937,        4.27856831
          0,           0,        1576,      -2.871995612,     -0.6464773189,     -0.7707173582,       2.519671484,      -1.371954422,       4.396567608
          0,           0,        1577,       -2.86517963,     -0.6379962531,     -0.7578028553,       2.526588659,      -1.372249401,       4.388575224
          0,           0,        1578,      -2.862114544,     -0.6459073669,     -0.7686018525,       2.529788268,      -1.372441602,       4.409373663
          0,           0,        1579,      -2.874519883,     -0.6497878214,     -0.7747688605,        2.51658191,      -1.372504589,       4.431940548
          0,           0,        1580,      -2.867939997,     -0.6547086182,     -0.7709232662,       2.523886331,      -1.372452678,       4.274092205
          0,           0,        1581,      -2.862211316,     -0.6766056528,     -0.8005622036,        2.52946953,      -1.372337561,        4.46858001
          0,           0,        1582,      -2.851732824,     -0.6783545819,     -0.7938400979,       2.540036918,      -1.371968636,       4.542533979
          0,           0,        1583,      -2.861762428,     -0.6636122348,     -0.7960885672,       2.529127313,      -1.371391548,       4.467088042
          0,           0,        1584,      -2.853857329,     -0.6797335007,     -0.8075830925,       2.538044278,       -1.37138782,       4.486489765
          0,           0,        1585,      -2.861082178,     -0.6670740564,     -0.7961831834,       2.530109299,      -1.371305139,       4.551436377
          0,           0,        1586,      -2.852508219,     -0.6864982839,     -0.8026150824,       2.539257691,      -1.371857795,       4.546157051
          0,           0,        1587,      -2.858883671,     -0.6470578992,      -0.804483898,       2.532134185,      -1.372157816,       4.508204972
          0,           0,        1588,      -2.863199777,     -0.6484966894,      -0.771939009,       2.528899759,      -1.372584468,       4.444199748
          0,           0,        1589,      -2.873339129,     -0.6560725083,     -0.8031826531,       2.517893467,      -1.372652519,       4.413629106
          0,           0,        1590,      -2.855404899,     -0.6657050345,     -0.8022135628,       2.536539011,      -1.372381356,       4.472729497
          0,           0,        1591,      -2.853015807,     -0.6254680636,     -0.7806266123,       2.538886861,      -1.372555949,       4.465444562
          0,           0,        1592,      -2.872653425,       -0.65108698,     -0.8003639867,       2.518105546,      -1.372279101,       4.323616151
          0,           0,        1593,      -2.864082422,     -0.6620105237,     -0.8023005994,       2.527779984,      -1.372528348,       4.383144271
          0,           0,        1594,      -2.867721296,     -0.6509714982,     -0.8085446398,        2.52325655,      -1.372715508,       4.431462787
          0,           0,        1595,      -2.859295134,     -0.6542714272,     -0.7918319433,        2.53196961,      -1.372625228,       4.439380649
          0,           0,        1596,      -2.861392896,     -0.6323964135,     -0.7833446327,       2.529089968,      -1.372347164,       4.449998181
          0,           0,        1597,      -2.872233487,     -0.6652349584,     -0.7833895561,       2.518253634,      -1.371703387,       4.297897094
          0,           0,        1598,      -2.857454142,     -0.6678890017,     -0.8010320862,       2.534444828,      -1.371075671,        4.34814072
          0,           0,        1599,      -2.856250913,     -0.6745811691,     -0.7766701502,       2.534551883,      -1.370728047,       4.495634847
          0,           0,        1600,      -2.853103512,     -0.6586719495,     -0.7793077648,       2.537688768,      -1.370415067,       4.484936881
          0,           0,        1601,      -2.864252701,     -0.6696841134,     -0.7870069742,       2.526458194,       -1.36985109,       4.317336475
          0,           0,        1602,      -2.864955221,     -0.6713636723,     -0.7924797927,        2.52646364,      -1.369885587,       4.426618706
          0,           0,        1603,      -2.851023064,     -0.6458789855,     -0.7751952714,       2.540638552,      -1.370203017,       4.450135419
          0,           0,        1604,      -2.851685438,     -0.6437253238,     -0.7675087796,       2.540535428,      -1.370542389,       4.512220215
          0,           0,        1605,      -2.861571949,     -0.6239556803,     -0.7795927774,       2.529616544,      -1.370781446,       4.481502898
          0,           0,        1606,      -2.865285987,     -0.6470486537,     -0.7757881103,       2.525937478,       -1.37105298,       4.328840576
          0,           0,        1607,      -2.864685141,     -0.6608217709,     -0.8151979198,       2.526995963,       -1.37091219,       4.428089958
          0,           0,        1608,      -2.862886116,     -0.6551356807,     -0.7938885222,        2.52830789,      -1.370500604,         4.4943696
          0,           0,        1609,      -2.867188842,     -0.6405495721,     -0.7978164236,       2.522879848,      -1.370250636,       4.438110932
          0,           0,        1610,      -2.871751523,     -0.6646128773,     -0.8096603465,        2.51923959,      -1.369730514,       4.349726127
          0,           0,        1611,      -2.865283212,     -0.6455655764,     -0.7956231437,       2.526004557,      -1.369808521,       4.403737783
          0,           0,        1612,      -2.864643181,     -0.6614807174,     -0.8223269089,       2.526532596,      -1.369807806,       4.425165065
          0,           0,        1613,      -2.856595454,     -0.6502945658,      -0.783097667,       2.534883633,      -1.370124443,       4.450606954
          0,           0,        1614,      -2.868382821,     -0.6478349168,     -0.7997440157,        2.52237486,      -1.370572061,       4.586585941
          0,           0,        1615,      -2.870952567,     -0.6631404612,     -0.7831282365,       2.520545573,      -1.370981221,       4.543051693
          0,           0,        1616,      -2.854941036,     -0.6766570179,     -0.8185025115,       2.536995861,      -1.371149588,       4.556359939
          0,           0,        1617,      -2.858722957,     -0.6735194118,      -0.798393625,       2.532154978,      -1.371068462,       4.562405588
          0,           0,        1618,      -2.856009064,     -0.6713702782,        -0.7903905,       2.535462369,      -1.371025843,       4.414954524
          0,           0,        1619,      -2.866619065,     -0.6750330112,     -0.7788409236,       2.524681758,      -1.371180887,       4.287691979
          0,           0,        1620,      -2.866694759,     -0.6738038405,     -0.8128717148,       2.524658008,      -1.371006456,       4.418932417
          0,           0,        1621,      -2.863563216,     -0.6552127529,     -0.7805856158,       2.527238296,      -1.371178354,       4.429534925
          0,           0,        1622,      -2.859024367,     -0.6574874772,     -0.8028709168,       2.532776022,      -1.371177862,       4.483024367
          0,           0,        1623,      -2.871296836,     -0.6393243126,     -0.7863605316,       2.519817597,      -1.370831864,       4.497062974
          0,           0,        1624,      -2.866988875,     -0.6561238169,     -0.7931368316,       2.523971028,      -1.370480154,       4.350909752
          0,           0,        1625,       -2.86414659,     -0.6631056837,     -0.8268173088,       2.526643086,      -1.369806762,       4.503431238
          0,           0,        1626,      -2.858250077,     -0.6624232822,     -0.7927864368,       2.532269111,      -1.369268194,       4.516855393
          0,           0,        1627,      -2.862274984,     -0.6617989972,     -0.8093671548,       2.527669873,      -1.369139472,        4.34956801
          0,           0,        1628,      -2.859863084,     -0.6664883876,     -0.8034618033,       2.531205848,      -1.368831071,       4.307191467
          0,           0,        1629,      -2.863306589,     -0.6672174755,     -0.8031874126,       2.527352664,       -1.36865754,       4.390425931
          0,           0,        1630,      -2.856794505,     -0.6739615988,     -0.7879688671,       2.534690705,      -1.369000498,       4.425267606
          0,           0,        1631,      -2.861611978,     -0.6519939222,     -0.7987763771,       2.528674242,      -1.369364117,       4.452859662
          0,           0,        1632,      -2.867016756,     -0.6741945839,     -0.7945280204,       2.524082221,      -1.369509191,       4.398317234
          0,           0,        1633,      -2.872268179,     -0.6650120595,     -0.8131854193,       2.518349325,      -1.369715331,       4.416313166
          0,           0,        1634,      -2.855988126,     -0.6891681269,      -0.810211845,       2.534943576,      -1.369444069,       4.455976809
          0,           0,        1635,      -2.854893636,     -0.6443239439,     -0.7746762966,        2.53594651,      -1.369278755,       4.470915781
          0,           0,        1636,      -2.860304719,     -0.6654254588,     -0.8025082649,        2.53122281,      -1.369230573,       4.245805951
          0,           0,        1637,      -2.863440558,     -0.6761221518,     -0.7959102431,       2.527557848,      -1.369027077,       4.376370802
          0,           0,        1638,      -2.864329729,     -0.6642474087,     -0.8129291566,       2.525862495,      -1.368602048,       4.410587318
          0,           0,        1639,      -2.854030938,     -0.6624214503,     -0.7874243668,       2.536841557,      -1.368371935,       4.393978248
          0,           0,        1640,      -2.860102654,     -0.6427477074,     -0.7849552459,        2.53022933,      -1.368843237,       4.458354909
          0,           0,        1641,      -2.866127595,      -0.667786465,     -0.7964623734,       2.525276089,      -1.369323645,       4.455563282
          0,           0,        1642,      -2.854638974,     -0.6845507612,      -0.822980067,       2.537100138,      -1.369804209,       4.501126179
          0,           0,        1643,      -2.855776761,     -0.6805645585,     -0.7982310621,       2.535089252,       -1.37000888,       4.580837964
          0,           0,        1644,      -2.849912522,     -0.6688532917,     -0.7933702291,       2.541229634,      -1.369856228,        4.52376732
          0,           0,        1645,      -2.864571545,     -0.6917573268,     -0.7995363754,       2.525602875,      -1.369843878,       4.310850811
          0,           0,        1646,      -2.857064378,     -0.6718562099,     -0.7996896593,       2.535171889,      -1.369568227,       4.378142065
          0,           0,        1647,      -2.853929095,     -0.6725403142,     -0.7914794951,       2.537859013,      -1.369737107,        4.41465962
          0,           0,        1648,      -2.848825037,     -0.6585905115,      -0.778667924,       2.542920464,      -1.369728152,       4.486342463
          0,           0,        1649,      -2.857079314,     -0.6455432736,     -0.7917525768,       2.533898152,      -1.369756666,       4.507720757
          0,           0,        1650,       -2.86083353,     -0.6514253016,     -0.7797966958,       2.530614217,      -1.369858049,       4.391761793
          0,           0,        1651,      -2.861534183,     -0.6599241654,     -0.8090137733,       2.530110536,       -1.36965664,        4.45604136
          0,           0,        1652,       -2.86029461,     -0.6647304174,     -0.7936045486,       2.530961756,      -1.369282972,       4.464325562
          0,           0,        1653,      -2.867506247,     -0.6360573503,     -0.7832066774,       2.522331738,      -1.369152841,       4.441035483
          0,           0,        1654,      -2.872418996,     -0.6656226748,     -0.7883886714,       2.518463225,      -1.368892151,       4.341011976
          0,           0,        1655,      -2.867546463,     -0.6413283086,     -0.7837067049,       2.523813703,      -1.368736999,       4.406343397
          0,           0,        1656,      -2.865023235,     -0.6601682324,     -0.8049345507,       2.526479499,      -1.368764536,        4.40764608
          0,           0,        1657,      -2.860965033,     -0.6459424218,     -0.7794641466,       2.530382185,       -1.36844194,       4.379511395
          0,           0,        1658,      -2.869443134,     -0.6458167323,      -0.794360425,       2.521318467,      -1.368190755,       4.391376444
          0,           0,        1659,      -2.868735863,     -0.6485278543,     -0.7742779427,       2.522554022,      -1.367717115,        4.32500499
          0,           0,        1660,      -2.859489306,     -0.6756364688,     -0.8242335725,       2.532196601,      -1.367589365,       4.430924005
          0,           0,        1661,      -2.851676069,      -0.654122249,     -0.7958177977,       2.540108691,       -1.36773285,       4.503302966
          0,           0,        1662,      -2.857590679,     -0.6637661732,     -0.8110469917,        2.53352078,      -1.367815748,       4.489748714
          0,           0,        1663,      -2.861081398,     -0.6695139719,     -0.7827390318,       2.530133729,      -1.367424013,       4.408508041
          0,           0,        1664,      -2.864088399,     -0.6648620814,     -0.8098353031,       2.527542852,      -1.366824591,       4.453110288
          0,           0,        1665,      -2.859440404,     -0.6522895717,     -0.7754346258,       2.531417594,      -1.367109798,       4.407724016
          0,           0,        1666,      -2.855358555,     -0.6478557773,     -0.7908185918,       2.536175824,       -1.36668936,       4.429118597
          0,           0,        1667,      -2.865393551,     -0.6397284779,     -0.7693380888,       2.525405655,      -1.366807402,       4.455106909
          0,           0,        1668,      -2.862944061,      -0.641927479,     -0.7663890421,       2.528766931,      -1.367161809,       4.384573382
          0,           0,        1669,      -2.856631439,     -0.6698586387,     -0.7880686196,       2.534679345,      -1.366911087,       4.513527869
          0,           0,        1670,       -2.85276561,     -0.6635957913,     -0.7623831068,       2.538193415,      -1.366941408,       4.541718754
          0,           0,        1671,      -2.855945614,     -0.6512605292,     -0.7735893504,       2.534795063,      -1.366412044,       4.422805054
          0,           0,        1672,      -2.854917256,     -0.6608968396,      -0.784270685,       2.536281459,      -1.366282365,       4.322421995
          0,           0,        1673,      -2.860530604,     -0.6602764249,     -0.8043496457,       2.530145554,      -1.366236642,       4.410399553
          0,           0,        1674,      -2.852095957,     -0.6655933803,     -0.7775675467,       2.539392154,      -1.366182648,       4.430872825
          0,           0,        1675,       -2.85822954,     -0.6455740115,     -0.7911369742,       2.532389969,      -1.366294571,       4.458958333
          0,           0,        1676,      -2.863298192,     -0.6528348895,     -0.7771834016,       2.527807366,      -1.366243582,       4.390775077
          0,           0,        1677,      -2.868018328,     -0.6652064168,     -0.7992512137,       2.522629578,      -1.365671673,       4.362440509
          0,           0,        1678,       -2.85407419,     -0.6549863269,     -0.7956380196,        2.53711738,      -1.365547101,       4.444142927
          0,           0,        1679,      -2.853487888,     -0.6440604295,     -0.7920307011,       2.537811996,      -1.365323843,       4.479805711
          0,           0,        1680,      -2.858583931,     -0.6495187337,     -0.7851982567,       2.532551208,      -1.365401752,       4.473788593
          0,           0,        1681,      -2.861677261,     -0.6629293581,      -0.781355838,       2.529632296,      -1.365460993,       4.487635779
          0,           0,        1682,      -2.860688806,     -0.6549692928,      -0.800560298,       2.530439151,      -1.365948054,       4.507085153
          0,           0,        1683,      -2.857440509,     -0.6548520167,     -0.7779190064,       2.533315674,        -1.3661226,       4.492255323
          0,           0,        1684,      -2.866812327,     -0.6450802123,     -0.7794493362,       2.524160797,      -1.365832172,       4.449962613
          0,           0,        1685,      -2.863948769,     -0.6564051962,     -0.7846272181,        2.52664663,      -1.365690176,         4.3069515
          0,           0,        1686,      -2.859586094,     -0.6552959269,     -0.7967338486,       2.531871601,      -1.365752853,       4.385063814
          0,           0,        1687,        -2.8524436,     -0.6769178265,      -0.798833526,       2.539032714,       -1.36557973,       4.553444535
          0,           0,        1688,      -2.846142315,     -0.6554305342,     -0.7908203052,       2.544897338,      -1.365526271,       4.545924576
          0,           0,        1689,        -2.8549382,     -0.6610954219,     -0.8021213042,       2.536765902,      -1.365651143,       4.517918821
          0,           0,        1690,      -2.860837676,       -0.66123106,     -0.7873538085,       2.530504659,      -1.365304071,       4.537702379
          0,           0,        1691,      -2.852440486,     -0.6606339881,     -0.7911142901,       2.538630329,      -1.364957116,       4.523701598
          0,           0,        1692,      -2.855324147,     -0.6455351966,     -0.7750453425,         2.5361045,      -1.364188234,       4.416370773
          0,           0,        1693,      -2.853225196,     -0.6368453982,       -0.77717612,       2.537247024,      -1.364620595,       4.427705156
          0,           0,        1694,      -2.865411398,     -0.6511100337,     -0.7714730293,       2.525248524,      -1.364298482,       4.342295113
          0,           0,        1695,      -2.853875386,     -0.6625957553,     -0.7936165488,       2.537831291,      -1.364142126,       4.417948452
          0,           0,        1696,      -2.858174801,     -0.6526453001,     -0.7667016011,       2.532600411,      -1.363993808,       4.456333113
          0,           0,        1697,      -2.868380236,     -0.6636960838,     -0.7842634273,        2.52139907,      -1.363745345,       4.436671205
          0,           0,        1698,      -2.863620824,      -0.647504779,     -0.7828234121,       2.526755751,      -1.363029557,       4.295060185
          0,           0,        1699,      -2.864516199,     -0.6564555352,     -0.7900482433,       2.526489615,      -1.362853316,       4.432969366
          0,           0,        1700,      -2.858652869,     -0.6417287857,     -0.7907923005,       2.532361608,      -1.362562529,        4.43878627
          0,           0,        1701,      -2.858948996,     -0.6408135367,     -0.7673431226,       2.531536877,      -1.362876017,       4.454385034
          0,           0,        1702,      -2.859447617,     -0.6407212851,     -0.7900103692,       2.531268049,      -1.363181537,       4.466392002
          0,           0,        1703,       -2.87171515,     -0.6516508946,     -0.7708373211,       2.518217969,      -1.363389435,        4.36243766
          0,           0,        1704,       -2.86153661,     -0.6796687849,     -0.8234163498,       2.528757606,       -1.36330699,       4.489046105
          0,           0,        1705,      -2.856429492,     -0.6699617868,     -0.7971355947,       2.533150854,      -1.363188986,       4.609365211
          0,           0,        1706,      -2.847763334,     -0.6642401096,     -0.7951800935,       2.542475826,      -1.363194098,        4.61049131
          0,           0,        1707,      -2.858763005,     -0.6673852303,     -0.7910183035,       2.531080037,      -1.363118896,       4.600119258
          0,           0,        1708,      -2.856758756,     -0.6701065744,     -0.7848474836,       2.534258068,      -1.363327946,       4.600478671
          0,           0,        1709,       -2.85386597,      -0.673498081,      -0.789539409,       2.536673903,      -1.363708278,       4.575978087
          0,           0,        1710,      -2.852715536,     -0.6584615111,     -0.7685326458,       2.538032544,      -1.364043332,       4.457152107
          0,           0,        1711,      -2.849784773,     -0.6597190572,     -0.7998743655,        2.54114283,      -1.364003932,         4.4123739
          0,           0,        1712,      -2.858944533,     -0.6610741183,      -0.780963275,       2.531827426,      -1.364130198,       4.443383172
          0,           0,        1713,      -2.850804464,     -0.6791909258,     -0.8218501593,       2.540171374,      -1.364479212,       4.450441243
          0,           0,        1714,      -2.861944745,     -0.6660170123,     -0.8006970929,       2.527800978,      -1.364392048,       4.480536817
          0,           0,        1715,      -2.857629049,     -0.6598764472,     -0.8142549718,       2.532204661,       -1.36443575,       4.464559567
          0,           0,        1716,      -2.861463876,     -0.6551182283,     -0.7927410161,        2.52805682,      -1.364280029,       4.349477904
          0,           0,        1717,      -2.864664433,     -0.6680070463,     -0.8111322404,       2.525805152,      -1.363951932,       4.413151323
          0,           0,        1718,      -2.861994039,     -0.6334136644,     -0.7625831088,       2.527580141,      -1.363665365,       4.399969367
          0,           0,        1719,      -2.867573288,     -0.6559420577,      -0.804288234,       2.522002016,      -1.363011652,       4.428940624
          0,           0,        1720,      -2.857366916,      -0.635504988,     -0.7754203978,        2.53306757,      -1.362830762,       4.425931231
          0,           0,        1721,      -2.874822643,     -0.6511926536,     -0.7524215414,       2.514921718,        -1.3628424,       4.394974194
          0,           0,        1722,      -2.854844512,     -0.6520259629,     -0.7771706573,       2.536574797,      -1.362977619,       4.458979186
          0,           0,        1723,      -2.867479528,      -0.655598435,     -0.7575327675,       2.522605424,       -1.36249819,       4.495791751
          0,           0,        1724,      -2.862448718,     -0.6660872924,     -0.7729393519,       2.527912874,      -1.362108176,       4.508777135
          0,           0,        1725,      -2.865711148,     -0.6583393433,     -0.7722395355,        2.52418121,      -1.362208481,       4.444861775
          0,           0,        1726,      -2.860424894,     -0.6659015248,     -0.7947872448,       2.530127427,      -1.362271828,       4.458207833
          0,           0,        1727,      -2.864343811,     -0.6576578228,     -0.7865237436,       2.525564373,      -1.362198649,       4.451691044
          0,           0,        1728,      -2.859300656,     -0.6624223985,     -0.7967781297,       2.530790908,       -1.36190662,       4.411407853
          0,           0,        1729,      -2.859945713,     -0.6577654276,     -0.7914779388,       2.530059699,      -1.361313548,       4.332985267
          0,           0,        1730,      -2.860604643,     -0.6484010304,     -0.7711115801,       2.529822776,      -1.361207406,       4.410871152
          0,           0,        1731,      -2.852638723,     -0.6771919002,      -0.807252444,       2.537334325,      -1.361071085,       4.488229041
          0,           0,        1732,       -2.84965815,     -0.6587274867,     -0.7747784373,       2.541613502,      -1.360768349,       4.502699144
          0,           0,        1733,      -2.854447359,      -0.665161022,      -0.799869027,       2.536001944,      -1.360881211,       4.476483898
          0,           0,        1734,      -2.851621519,     -0.6564106981,      -0.787732821,       2.539432811,      -1.361304424,       4.491593399
          0,           0,        1735,       -2.85926467,     -0.6633701256,      -0.792320426,       2.531269466,      -1.361968615,       4.527222234
          0,           0,        1736,      -2.855619112,     -0.6668880294,     -0.7812075601,       2.534988913,      -1.362162168,       4.487277486
          0,           0,        1737,      -2.852760526,      -0.652416329,     -0.7871628428,       2.537917348,      -1.362067549,       4.437129685
          0,           0,        1738,      -2.862829791,     -0.6565247765,     -0.7619048007,       2.527798003,      -1.361785531,        4.37545457
          0,           0,        1739,      -2.856095759,     -0.6581948383,     -0.7815950965,       2.535120898,      -1.361411121,       4.511389522
          0,           0,        1740,      -2.856517061,     -0.6640941785,     -0.7977534635,       2.534218338,      -1.361323768,       4.516857394
          0,           0,        1741,      -2.856862774,     -0.6321561052,      -0.780903901,       2.533787437,      -1.361143456,       4.517493278
          0,           0,        1742,      -2.859243867,     -0.6458337854,     -0.7895579406,       2.531595473,      -1.361256642,        4.47135492
          0,           0,        1743,      -2.866710234,     -0.6520343311,     -0.7833498908,       2.523838787,      -1.360907867,       4.435408276
          0,           0,        1744,      -2.864984626,     -0.6605632402,     -0.7946971586,       2.524855141,       -1.36032685,       4.426413632
          0,           0,        1745,      -2.868291326,     -0.6618410173,     -0.7872785457,       2.521477572,      -1.359273303,        4.43011317
          0,           0,        1746,      -2.867739317,     -0.6475209207,     -0.7915703597,       2.522510311,      -1.358749325,       4.495173024
          0,           0,        1747,      -2.867007768,     -0.6612471659,     -0.7847061874,       2.523740473,      -1.358256746,       4.432289277
          0,           0,        1748,      -2.863263891,     -0.6753632736,     -0.8032138294,       2.527528064,      -1.358909838,       4.437760394
          0,           0,        1749,      -2.861213566,     -0.6838656811,     -0.7988028518,       2.528675325,      -1.359224431,       4.499418149
          0,           0,        1750,      -2.853571102,     -0.6707201811,     -0.7884260085,         2.5365284,      -1.359844054,       4.464120752
          0,           0,        1751,      -2.864347551,     -0.6777512193,     -0.7903888222,       2.525674918,      -1.359767752,       4.243789469
          0,           0,        1752,       -2.86115114,     -0.6830940899,     -0.8009495344,       2.528923923,      -1.359587091,       4.364226409
          0,           0,        1753,       -2.85541798,     -0.6712807503,     -0.8149366637,       2.534686419,       -1.35970914,       4.471874827
          0,           0,        1754,      -2.848928245,     -0.6732069551,      -0.794062721,        2.54188927,      -1.359547197,       4.541175257
          0,           0,        1755,      -2.861389881,     -0.6318622073,      -0.801775416,        2.52841953,      -1.359031076,       4.556026191
          0,           0,        1756,      -2.859790998,     -0.6582354464,     -0.7919591951,       2.531026056,      -1.358608728,       4.502412648
          0,           0,        1757,      -2.854169708,     -0.6532829137,      -0.806215443,       2.536886075,      -1.358183097,       4.501489726
          0,           0,        1758,      -2.862686097,     -0.6467442746,     -0.7855179456,       2.527363432,       -1.35823436,       4.460223747
          0,           0,        1759,      -2.859140801,     -0.6372149051,     -0.7921611486,       2.530989707,      -1.358301387,       4.452736091
          0,           0,        1760,      -2.868740648,     -0.6558338848,     -0.7817815996,       2.520225276,      -1.358260087,       4.312403421
          0,           0,        1761,      -2.864662764,     -0.6524997295,     -0.7861277941,       2.525868594,        -1.3584556,       4.435717515
          0,           0,        1762,      -2.862392893,     -0.6290232114,     -0.7728406043,       2.527897543,      -1.358457669,       4.470936643
          0,           0,        1763,      -2.861196745,     -0.6512691014,     -0.7909947244,       2.529284901,      -1.358645105,       4.481764293
          0,           0,        1764,      -2.865825867,     -0.6511849428,     -0.7920139381,        2.52378864,      -1.358468053,       4.499686199
          0,           0,        1765,       -2.86699358,      -0.664316937,     -0.7769010271,        2.52346936,      -1.358314797,       4.407546348
          0,           0,        1766,      -2.864084256,     -0.6753363468,      -0.819713989,       2.525763464,      -1.357842733,       4.392379383
          0,           0,        1767,       -2.85811086,     -0.6699810857,     -0.7969005913,       2.531826708,      -1.357664965,       4.480558003
          0,           0,        1768,      -2.856323035,     -0.6761698047,     -0.8131386867,       2.533267046,      -1.357306799,       4.485468552
          0,           0,        1769,      -2.865197532,     -0.6863787248,     -0.8088696914,       2.524517892,      -1.356805142,       4.410766387
          0,           0,        1770,      -2.859927115,     -0.6697372346,      -0.793475568,       2.530384617,      -1.356822769,       4.404338964
          0,           0,        1771,      -2.867700554,     -0.6688208305,     -0.7931850131,       2.521519105,      -1.356563635,       4.398760554
          0,           0,        1772,      -2.853623537,     -0.6623274371,     -0.8000276748,       2.537028591,      -1.356432841,       4.391900932
          0,           0,        1773,      -2.859832319,      -0.645395776,     -0.7918508602,       2.530008223,      -1.355786627,       4.417038247
          0,           0,        1774,      -2.862535271,     -0.6473496479,     -0.7726735044,       2.528174927,      -1.355178681,       4.489609052
          0,           0,        1775,      -2.853002017,     -0.6593133602,     -0.8089679745,       2.538526827,      -1.355297699,       4.545549227
          0,           0,        1776,      -2.859020415,     -0.6605853767,     -0.7948289952,       2.531480079,      -1.355145905,       4.572117408
          0,           0,        1777,      -2.856877687,     -0.6483829253,     -0.8003338387,       2.533823543,      -1.355079174,       4.549575326
          0,           0,        1778,      -2.861002874,     -0.6425740724,     -0.7771445132,       2.530073503,      -1.355191448,       4.439472081
          0,           0,        1779,      -2.861776471,      -0.634611059,     -0.7768769928,        2.52938079,      -1.354639394,       4.422415173
          0,           0,        1780,      -2.870417609,     -0.6363735366,     -0.7571340387,       2.519625071,      -1.354634109,       4.425559577
          0,           0,        1781,      -2.860290683,     -0.6401477775,      -0.775958465,       2.530630488,      -1.354504006,       4.385509779
          0,           0,        1782,      -2.869882932,     -0.6485803792,     -0.7766204024,       2.520783751,      -1.353955829,       4.406273203
          0,           0,        1783,      -2.867322369,     -0.6555689247,     -0.7841505258,       2.523324581,      -1.353540831,       4.422718294
          0,           0,        1784,      -2.860550351,     -0.6519670042,     -0.7800181918,       2.530046709,      -1.354292041,        4.51654859
          0,           0,        1785,      -2.855538878,     -0.6471325606,      -0.778737607,       2.535221537,      -1.354107297,       4.503660121
          0,           0,        1786,      -2.863485821,     -0.6558723949,     -0.7926420586,       2.526671926,      -1.354399893,       4.468898876
          0,           0,        1787,      -2.856561485,     -0.6599253277,     -0.7837967695,       2.535020855,       -1.35454237,       4.436926024
          0,           0,        1788,       -2.86022632,     -0.6459759135,     -0.7955529906,       2.530821321,       -1.35387373,        4.45828385
          0,           0,        1789,      -2.863173433,     -0.6611406003,     -0.7817589336,       2.527166503,      -1.352950771,       4.464428586
          0,           0,        1790,      -2.856520697,     -0.6321534484,     -0.7812386153,       2.535467406,      -1.352376582,       4.432170069
          0,           0,        1791,       -2.86697234,     -0.6558163584,     -0.7865683471,       2.523720539,      -1.352080063,        4.32823437
          0,           0,        1792,      -2.854769518,      -0.662230594,     -0.8055610513,       2.537368188,      -1.352757384,       4.329115513
          0,           0,        1793,      -2.857395652,     -0.6591279543,      -0.786291946,       2.534013967,      -1.352484896,       4.442466768
          0,           0,        1794,      -2.847435902,     -0.6665550003,     -0.7850671237,       2.543876419,      -1.352330454,       4.455084019
          0,           0,        1795,      -2.859616446,     -0.6598194376,     -0.7777155425,       2.531519595,      -1.352660471,       4.355923856
          0,           0,        1796,      -2.855387834,     -0.6486913104,     -0.7720366657,       2.536331738,      -1.352209162,       4.378238638
          0,           0,        1797,      -2.850719474,     -0.6533185985,     -0.7989109723,       2.540968128,      -1.352647657,         4.3903472
          0,           0,        1798,      -2.851646907,     -0.6642051789,       -0.77871141,       2.540099936,       -1.35270405,       4.403965056
          0,           0,        1799,      -2.851804708,     -0.6306858534,     -0.7806637868,       2.538683133,      -1.352227724,       4.467200476
          0,           0,        1800,      -2.861599902,     -0.6654938501,     -0.7837868293,       2.528987823,      -1.352260283,       4.445098797
          0,           0,        1801,      -2.857087261,     -0.6596744785,     -0.7965672868,       2.533966805,      -1.352102889,       4.471379593
          0,           0,        1802,      -2.862604579,     -0.6485638729,     -0.7788705121,        2.52757267,      -1.351311071,       4.539758628
          0,           0,        1803,      -2.858537397,     -0.6677927796,     -0.8032004325,       2.531780169,      -1.351221621,       4.525455825
          0,           0,        1804,      -2.866447636,     -0.6677344721,     -0.7879162038,       2.522395617,      -1.351475247,       4.363511339
          0,           0,        1805,      -2.863669411,     -0.6784808129,     -0.8072237361,       2.526471931,      -1.351293912,       4.390583745
          0,           0,        1806,       -2.85714504,     -0.6555245094,     -0.7953363924,       2.532660358,      -1.351641849,        4.40104303
          0,           0,        1807,      -2.858731025,     -0.6485949286,     -0.7743410446,       2.531607967,      -1.351529042,       4.432400907
          0,           0,        1808,      -2.863310864,     -0.6499228688,     -0.7840157185,       2.526232541,      -1.351137596,        4.48638962
          0,           0,        1809,      -2.863893448,      -0.666842144,      -0.769794268,        2.52654882,      -1.350976618,       4.364858855
          0,           0,        1810,      -2.856423825,     -0.6666127405,     -0.7986232584,       2.534038103,      -1.350874027,        4.46555945
          0,           0,        1811,      -2.856242359,     -0.6803969336,     -0.7828843895,       2.533318035,      -1.350240227,       4.483981628
          0,           0,        1812,      -2.857413386,     -0.6677554054,     -0.7814760207,        2.53224599,      -1.350548597,       4.537723449
          0,           0,        1813,      -2.859625219,       -0.68592252,     -0.7766350249,       2.530598206,      -1.350652355,       4.473652966
          0,           0,        1814,      -2.859553778,     -0.6720412838,     -0.7903488483,       2.530752233,      -1.350194541,       4.546276529
          0,           0,        1815,      -2.864302862,     -0.6951405223,     -0.7887646942,       2.525721397,      -1.349770905,       4.531004668
          0,           0,        1816,      -2.851042221,     -0.6668269019,     -0.7858393014,       2.539383547,       -1.34954851,       4.499961921
          0,           0,        1817,      -2.865652739,     -0.6676723539,     -0.7910513339,       2.523560214,      -1.349108971,       4.463464952
          0,           0,        1818,      -2.860327926,     -0.6587777864,     -0.7689405312,       2.530152501,      -1.348742789,        4.42323199
          0,           0,        1819,      -2.860201402,     -0.6621109011,     -0.7881773174,       2.529816788,      -1.348711182,       4.364632245
          0,           0,        1820,      -2.857720209,     -0.6747625641,     -0.7784791354,       2.531987792,      -1.348289543,       4.419593418
          0,           0,        1821,       -2.86018409,     -0.6610323169,     -0.7884784683,       2.529187264,      -1.347837146,       4.432801658
          0,           0,        1822,      -2.856093377,     -0.6682827287,     -0.7818089234,       2.533844081,      -1.348088948,       4.287289591
          0,           0,        1823,      -2.859569241,     -0.6516133677,     -0.7773826979,       2.529705408,      -1.347984259,       4.375346836
          0,           0,        1824,      -2.870653234,     -0.6579865584,     -0.7704824984,       2.518231201,      -1.347868913,       4.382483495
          0,           0,        1825,      -2.852067116,     -0.6530448492,     -0.7840661665,       2.538163781,      -1.347541275,       4.406488696
          0,           0,        1826,      -2.866230068,     -0.6700986906,      -0.771472335,       2.523095069,       -1.34710315,       4.523316385
          0,           0,        1827,      -2.853592053,     -0.6659595116,     -0.7847271115,       2.536836825,       -1.34665375,        4.47091199
          0,           0,        1828,      -2.860515684,     -0.6716782912,       -0.78607895,       2.529314895,      -1.346278346,       4.492694275
          0,           0,        1829,      -2.854080213,     -0.6812732348,     -0.7904274774,       2.535950359,      -1.346201521,        4.49247693
          0,           0,        1830,      -2.856071613,      -0.668137569,     -0.7887017118,       2.532494904,      -1.346916526,       4.441715291
          0,           0,        1831,      -2.850542708,     -0.6719271261,     -0.8085086535,       2.538948354,      -1.347101377,        4.38975199
          0,           0,        1832,      -2.857250731,     -0.6556594076,      -0.808738585,       2.531484403,      -1.347459982,       4.419395337
          0,           0,        1833,      -2.855454035,     -0.6672620477,      -0.798272307,       2.533994856,      -1.347406495,       4.406903454
          0,           0,        1834,      -2.853706092,     -0.6437831732,     -0.8119154476,       2.535847294,      -1.347251361,       4.440850176
          0,           0,        1835,      -2.857594763,     -0.6581684007,      -0.800635684,       2.531971304,       -1.34709896,       4.450627385
          0,           0,        1836,      -2.862794724,     -0.6560012073,     -0.8192817947,       2.526656534,      -1.346979445,       4.444198699
          0,           0,        1837,      -2.861958622,     -0.6777414292,     -0.8166233274,       2.527462049,      -1.346877558,       4.414584273
          0,           0,        1838,      -2.848115084,     -0.6604065765,     -0.8131099657,       2.542515821,      -1.346801529,       4.478246096
          0,           0,        1839,      -2.864950354,     -0.6597963695,     -0.7902528135,       2.524348894,      -1.346513654,       4.392658075
          0,           0,        1840,       -2.85443641,     -0.6724627687,     -0.8036433644,       2.535917215,      -1.346356992,       4.421270225
          0,           0,        1841,      -2.852789763,     -0.6515447212,     -0.8037911181,       2.537153932,      -1.346025368,       4.440037323
          0,           0,        1842,      -2.852881518,     -0.6669665627,     -0.7851585967,       2.537110832,       -1.34523921,       4.459178582
          0,           0,        1843,      -2.848680436,     -0.6376827655,     -0.7827787106,       2.541668489,      -1.344633108,       4.472841569
          0,           0,        1844,      -2.857330628,     -0.6665707595,     -0.7766505463,       2.532616363,      -1.344084324,       4.362588491
          0,           0,        1845,      -2.855261131,     -0.6567564993,     -0.7963302031,       2.535428845,      -1.343906889,       4.357928653
          0,           0,        1846,      -2.861364131,     -0.6707914532,     -0.7842875203,       2.528491353,      -1.343902154,       4.432445412
          0,           0,        1847,      -2.852455732,     -0.6571406149,     -0.7767877781,       2.537629637,      -1.343547842,        4.45449173
          0,           0,        1848,      -2.864854587,     -0.6672840227,     -0.7761882324,       2.524515578,      -1.343581518,       4.317764978
          0,           0,        1849,      -2.859661328,     -0.6696144967,     -0.7994380067,       2.530727841,       -1.34278718,       4.377653126
          0,           0,        1850,      -2.860709925,     -0.6558548859,     -0.7929217687,       2.529006462,       -1.34245632,       4.395338635
          0,           0,        1851,      -2.854968378,     -0.6621827519,     -0.7846934541,       2.535551132,      -1.342341851,       4.394487431
          0,           0,        1852,      -2.858648203,     -0.6482028874,     -0.7863208063,       2.530840575,       -1.34225056,       4.471734989
          0,           0,        1853,       -2.85582363,     -0.6653484899,     -0.7828607621,       2.534398555,      -1.342280131,       4.361048141
          0,           0,        1854,       -2.86168362,     -0.6692597829,     -0.8131225914,       2.528152198,      -1.341605418,        4.43209864
          0,           0,        1855,      -2.854237096,     -0.6738235122,     -0.7979889843,        2.53520405,      -1.341272469,        4.46843873
          0,           0,        1856,      -2.850571985,     -0.6686529705,     -0.8016415293,       2.539074245,      -1.341330443,       4.449550248
          0,           0,        1857,      -2.861751475,     -0.6818864433,      -0.804749215,        2.52740071,      -1.341468778,        4.38362911
          0,           0,        1858,      -2.858207939,     -0.6853631019,     -0.8171058408,        2.53150864,      -1.341470262,       4.457063064
          0,           0,        1859,      -2.860765856,     -0.6843519298,     -0.8122980318,       2.528945246,      -1.341702629,       4.484336038
          0,           0,        1860,      -2.853084919,     -0.6653288779,     -0.8131536599,       2.537111292,       -1.34187907,       4.525871445
          0,           0,        1861,      -2.857548859,     -0.6418262153,     -0.7975817297,       2.532658675,      -1.342136709,       4.536046062
          0,           0,        1862,       -2.85730616,      -0.646987017,     -0.7877882923,       2.532902528,      -1.342002612,       4.443323419
          0,           0,        1863,      -2.852474345,     -0.6593906233,     -0.8080936455,       2.537579511,      -1.341932046,       4.433296488
          0,           0,        1864,      -2.853994394,     -0.6644115775,     -0.8059725703,       2.535558813,      -1.341651643,       4.446746746
          0,           0,        1865,      -2.854521685,     -0.6536098147,     -0.8086335456,       2.535102024,       -1.34139809,       4.451633424
          0,           0,        1866,      -2.857479392,     -0.6619433466,     -0.8001904562,       2.532974903,      -1.341087287,       4.422940216
          0,           0,        1867,      -2.861230551,     -0.6493910044,     -0.8082796756,         2.5280638,       -1.34070493,       4.447635204
          0,           0,        1868,      -2.868384113,     -0.6490496447,     -0.7978882208,       2.520614158,      -1.340342303,       4.453857515
          0,           0,        1869,      -2.852156943,     -0.6377437807,     -0.8020818241,        2.53745845,       -1.33961155,       4.461986303
          0,           0,        1870,      -2.868745984,     -0.6602766968,     -0.7896864007,       2.520473902,      -1.338860092,        4.39006374
          0,           0,        1871,      -2.856777135,     -0.6710050739,     -0.8106029354,       2.533505079,      -1.338373451,       4.417087325
          0,           0,        1872,      -2.857315102,      -0.664404054,     -0.8040901876,        2.53193734,      -1.338030456,        4.52827703
          0,           0,        1873,      -2.847455549,     -0.6744137765,     -0.7928917632,       2.542179401,      -1.337513106,       4.543114725
          0,           0,        1874,      -2.853564568,     -0.6542940757,     -0.7945535182,       2.535375645,       -1.33729533,       4.466459477
          0,           0,        1875,      -2.848253302,     -0.6658983159,     -0.7940353839,       2.542151729,      -1.336788837,       4.373332069
          0,           0,        1876,      -2.857798985,     -0.6549971165,     -0.8051043937,       2.531242015,      -1.336507193,       4.369492047
          0,           0,        1877,      -2.853279945,     -0.6642739141,     -0.7802722579,       2.536188809,      -1.336832878,       4.359957004
          0,           0,        1878,      -2.851977871,     -0.6420244169,      -0.793326933,       2.537635476,      -1.336526303,        4.40630946
          0,           0,        1879,      -2.859388267,     -0.6520649878,     -0.7792877072,       2.530096576,      -1.336563901,       4.526184096
          0,           0,        1880,      -2.858458339,      -0.645359898,     -0.7892093913,       2.531623144,      -1.336422416,       4.532231127
          0,           0,        1881,      -2.854491825,     -0.6706972915,     -0.7848370213,       2.535772102,      -1.336203711,       4.538407612
          0,           0,        1882,      -2.845670508,      -0.665204438,     -0.7815246209,        2.54449274,      -1.336045554,       4.544375973
          0,           0,        1883,      -2.863282496,     -0.6547906717,     -0.7618254142,       2.525724286,      -1.335556794,       4.393239263
          0,           0,        1884,      -2.856194153,     -0.6644123779,     -0.7844145817,       2.533673032,      -1.335028276,       4.336762306
          0,           0,        1885,      -2.860185929,     -0.6603776181,     -0.7979121317,       2.529119906,      -1.334700383,       4.415035408
          0,           0,        1886,      -2.859431362,     -0.6730936894,     -0.7931363074,       2.529871561,      -1.334328023,       4.456764035
          0,           0,        1887,      -2.854817157,     -0.6445225816,     -0.7946893743,       2.534255452,      -1.334447863,       4.505848245
          0,           0,        1888,      -2.863324764,     -0.6801700608,     -0.8090021024,       2.525543934,      -1.334631783,       4.396173088
          0,           0,        1889,      -2.856941624,     -0.6557477907,     -0.8116195589,       2.532835739,       -1.33501248,       4.404751044
          0,           0,        1890,      -2.861984462,       -0.68406231,      -0.816459268,       2.526528801,      -1.334945405,        4.47848933
          0,           0,        1891,      -2.848990899,     -0.6606757101,     -0.8102924329,       2.540805942,      -1.334693322,       4.482807952
          0,           0,        1892,      -2.866657499,     -0.6556507879,     -0.8050571226,       2.521626371,      -1.334372475,       4.351226378
          0,           0,        1893,      -2.863047922,     -0.6617741853,     -0.8067829626,       2.526278395,      -1.334085596,       4.391997373
          0,           0,        1894,        -2.8580318,     -0.6528892705,     -0.8042190717,       2.531411856,      -1.333985197,       4.395835755
          0,           0,        1895,      -2.857307518,     -0.6583484405,     -0.7908768376,       2.532467317,      -1.333824331,       4.456372924
          0,           0,        1896,      -2.853399408,     -0.6356459228,     -0.7894544605,       2.536337018,      -1.333588896,       4.509318274
          0,           0,        1897,      -2.860844723,     -0.6527826017,     -0.7607663614,       2.528727888,      -1.333489827,       4.465977624
          0,           0,        1898,      -2.855050618,     -0.6702104295,     -0.7978472989,       2.534964853,      -1.332955187,       4.480219975
          0,           0,        1899,       -2.86049374,     -0.6671055341,     -0.7763622404,       2.528247134,      -1.332521674,       4.501775525
          0,           0,        1900,      -2.853079757,      -0.664728942,     -0.7816241852,       2.536358273,      -1.331855074,       4.529436298
          0,           0,        1901,       -2.85906282,       -0.68029872,     -0.7788732448,       2.530677258,      -1.331335937,        4.33590691
          0,           0,        1902,       -2.86077589,     -0.6713960229,     -0.7882658495,       2.528881937,      -1.330835194,       4.389153775
          0,           0,        1903,      -2.858392872,     -0.6604101748,     -0.7814093913,       2.531098777,      -1.330251946,       4.390650191
          0,           0,        1904,      -2.855703862,      -0.655418289,     -0.7694301456,       2.534278632,      -1.330263753,       4.402980701
          0,           0,        1905,       -2.86098633,     -0.6428533139,     -0.7785905823,       2.527622597,      -1.330119752,       4.436507224
          0,           0,        1906,      -2.861028653,     -0.6503394387,     -0.7596566911,        2.52890351,      -1.329958372,       4.346580732
          0,           0,        1907,      -2.866367162,     -0.6617313967,      -0.794255139,       2.523156445,      -1.329357194,       4.397739154
          0,           0,        1908,      -2.862579418,      -0.679023995,     -0.7906178496,       2.526783406,      -1.329110276,        4.46586704
          0,           0,        1909,      -2.860416593,     -0.6587421754,     -0.7927127921,        2.52810103,      -1.328849695,       4.458406929
          0,           0,        1910,       -2.86512727,     -0.6583000808,     -0.7742691937,       2.524420857,      -1.328341234,       4.366239686
          0,           0,        1911,      -2.864195204,     -0.6538330203,     -0.7779158613,       2.525284501,      -1.328134248,       4.403843547
          0,           0,        1912,      -2.872050514,     -0.6692466666,     -0.7698013947,       2.516607337,      -1.327615209,       4.377726684
          0,           0,        1913,       -2.85173955,     -0.6552740368,     -0.7893303162,       2.539103774,      -1.327535698,       4.394280466
          0,           0,        1914,      -2.867678752,     -0.6687219827,     -0.7752478596,       2.522143964,      -1.327105239,       4.481486913
          0,           0,        1915,      -2.858988915,     -0.6720689658,     -0.7838209135,       2.531319467,      -1.327282988,        4.51879429
          0,           0,        1916,      -2.853117683,     -0.6767583102,     -0.7996998168,       2.537448406,      -1.327399005,       4.519855931
          0,           0,        1917,      -2.850398222,     -0.6749709377,     -0.7804221952,       2.540167509,      -1.327188873,        4.58069312
          0,           0,        1918,      -2.854124081,     -0.6646997102,     -0.7897363081,       2.535674391,      -1.327023547,       4.560537687
          0,           0,        1919,      -2.846994969,     -0.6680923021,     -0.7821645637,       2.543637239,      -1.326509167,       4.493570838
          0,           0,        1920,      -2.857650065,     -0.6515506808,     -0.7752028938,       2.532806079,      -1.326081583,       4.464880495
          0,           0,        1921,      -2.857625496,     -0.6698296562,     -0.7757748795,       2.532444394,      -1.325523578,       4.404646787
          0,           0,        1922,      -2.848896867,     -0.6329037532,     -0.7737058558,       2.541363933,      -1.325206351,       4.407562272
          0,           0,        1923,      -2.857296262,      -0.651476442,     -0.7820740023,       2.532668187,      -1.324934446,       4.485699366
          0,           0,        1924,      -2.854665354,     -0.6378413074,     -0.7760928128,       2.535754445,      -1.324928736,       4.481489854
          0,           0,        1925,      -2.859007819,     -0.6699909735,     -0.8047701671,       2.531113503,       -1.32451705,       4.498608032
          0,           0,        1926,      -2.853185295,     -0.6474270547,     -0.7702604912,       2.537012641,      -1.323959114,       4.533736038
          0,           0,        1927,      -2.865909603,     -0.6578633108,     -0.7743059926,       2.522605186,      -1.323028309,       4.475707062
          0,           0,        1928,      -2.858148681,      -0.650833104,     -0.7706704691,       2.531511349,      -1.322336933,       4.336184368
          0,           0,        1929,      -2.868576428,     -0.6546946407,     -0.7795635113,       2.520412458,      -1.322019934,       4.411474587
          0,           0,        1930,      -2.862841497,     -0.6629530266,     -0.7896166484,       2.526378299,      -1.321617656,       4.393786776
          0,           0,        1931,      -2.859741366,     -0.6481432704,     -0.7880129117,       2.528792621,      -1.321430317,       4.404296538
          0,           0,        1932,      -2.870570663,      -0.669053442,     -0.7837511592,        2.51830675,      -1.321224947,       4.429830441
          0,           0,        1933,      -2.865571227,     -0.6541389828,     -0.7818902159,       2.523396179,      -1.320699109,       4.439162649
          0,           0,        1934,      -2.860398179,     -0.6847921647,     -0.7905131628,       2.528617966,      -1.320429569,        4.39708949
          0,           0,        1935,      -2.852636147,     -0.6549544971,      -0.760925438,       2.537662919,      -1.319912812,       4.504743797
          0,           0,        1936,      -2.861246637,     -0.6530093517,     -0.7591454761,       2.528635907,      -1.319603036,       4.454794609
          0,           0,        1937,      -2.862132802,     -0.6725693995,     -0.7743134392,       2.527958851,      -1.319615438,       4.433863105
          0,           0,        1938,      -2.861474249,     -0.6660364331,     -0.7857603631,       2.528340634,       -1.31922406,       4.510966759
          0,           0,        1939,      -2.863978552,     -0.6717000937,     -0.7815639878,       2.525796307,      -1.318931199,        4.50054678
          0,           0,        1940,      -2.857411307,     -0.6539904032,     -0.7895176637,       2.532827292,      -1.318686592,       4.461398203
          0,           0,        1941,      -2.859404755,     -0.6608350894,       -0.78423225,       2.530229668,      -1.318094106,       4.409931462
          0,           0,        1942,      -2.860677776,     -0.6666166531,     -0.8046315391,       2.529456946,      -1.318024754,       4.344249584
          0,           0,        1943,      -2.853332059,     -0.6867861047,     -0.7959372809,       2.536593976,      -1.317734607,       4.447036704
          0,           0,        1944,      -2.847593326,     -0.6604198717,     -0.7791812064,       2.542177421,      -1.317459174,       4.475089103
          0,           0,        1945,      -2.848352069,     -0.6674887616,     -0.7841650113,       2.542717265,      -1.316998526,       4.415487307
          0,           0,        1946,      -2.852453283,     -0.6677104599,     -0.7749762025,       2.538131248,      -1.316253141,       4.467245237
          0,           0,        1947,      -2.853504737,     -0.6766992152,     -0.7863840863,       2.536230949,      -1.315832613,       4.456627879
          0,           0,        1948,      -2.843545538,     -0.6539367761,     -0.7585034368,       2.547440435,      -1.315403075,       4.398187312
          0,           0,        1949,       -2.84961539,     -0.6565773117,     -0.7761947009,       2.540082946,      -1.314870596,       4.479595733
          0,           0,        1950,      -2.856116476,     -0.6580639124,     -0.7614546064,        2.53468424,      -1.314976972,        4.38171595
          0,           0,        1951,       -2.86097013,     -0.6522726363,     -0.7857954362,        2.52911995,      -1.314885577,        4.41453798
          0,           0,        1952,      -2.854414261,     -0.6629207794,     -0.7726423672,       2.535648985,      -1.314507003,       4.527116741
          0,           0,        1953,      -2.858218739,     -0.6474827174,     -0.7763421339,       2.530923215,      -1.314210491,       4.506708841
          0,           0,        1954,      -2.859268695,     -0.6648244502,     -0.7765857625,        2.53065309,      -1.313528683,       4.339158398
          0,           0,        1955,      -2.861271855,     -0.6408814634,     -0.7812079894,       2.529057251,      -1.312827321,       4.417356472
          0,           0,        1956,      -2.860983942,     -0.6416299539,     -0.7685886999,       2.529368279,      -1.312516419,       4.430558415
          0,           0,        1957,       -2.85093622,     -0.6558808088,     -0.7798458595,       2.539218962,      -1.311961593,       4.476489656
          0,           0,        1958,      -2.858999256,     -0.6431765247,       -0.77110084,       2.530551001,      -1.311467083,        4.55834929
          0,           0,        1959,      -2.860147522,     -0.6454112514,     -0.7606823389,       2.529919952,      -1.311423657,       4.439228434
          0,           0,        1960,      -2.859562769,     -0.6615339801,     -0.7982792009,       2.530119143,      -1.310931041,       4.357692724
          0,           0,        1961,      -2.858420897,      -0.678759392,     -0.7902717698,       2.530733298,      -1.310479742,       4.474742283
          0,           0,        1962,      -2.854698919,     -0.6627821146,     -0.7849473788,       2.533930972,      -1.310041615,       4.475801833
          0,           0,        1963,      -2.859489649,     -0.6656289425,     -0.7633006196,       2.530204784,      -1.309789149,       4.449213706
          0,           0,        1964,      -2.861704229,     -0.6497481754,     -0.7677511302,       2.527816048,      -1.309365495,       4.480127421
          0,           0,        1965,      -2.865118866,     -0.6678480476,      -0.764318142,       2.523796144,      -1.309172952,       4.501994617
          0,           0,        1966,      -2.850079108,     -0.6570743665,     -0.7747960259,       2.539801979,      -1.308866049,       4.550002581
          0,           0,        1967,      -2.857214928,     -0.6509231588,     -0.7730347769,       2.531928279,      -1.308252853,       4.541402084
          0,           0,        1968,      -2.860366669,     -0.6347436008,      -0.742317103,       2.529380044,      -1.307625215,       4.449665851
          0,           0,        1969,      -2.865156624,     -0.6680697672,     -0.7849639241,       2.524084282,      -1.306861634,       4.378431513
          0,           0,        1970,      -2.854886343,     -0.6565318271,     -0.7700161259,       2.533999653,      -1.306389005,       4.469683955
          0,           0,        1971,      -2.859417952,     -0.6608238847,     -0.7800393791,       2.529123295,      -1.305998672,       4.437227357
          0,           0,        1972,      -2.851838312,     -0.6569705026,     -0.7645540532,       2.537448267,       -1.30558987,       4.341864251
          0,           0,        1973,      -2.865779913,     -0.6458376915,      -0.773045437,       2.522896027,      -1.305292484,       4.407045582
          0,           0,        1974,      -2.857833085,     -0.6495731253,      -0.768287954,       2.531479204,      -1.304893134,       4.371592421
          0,           0,        1975,      -2.854202753,     -0.6500959119,     -0.7770649261,       2.534725347,      -1.304407261,        4.41904358
          0,           0,        1976,      -2.859819242,     -0.6607091836,     -0.7780742533,       2.529299846,      -1.303703797,       4.451332155
          0,           0,        1977,      -2.860182801,     -0.6541441786,     -0.7664213631,       2.529228327,      -1.303358341,       4.342020931
          0,           0,        1978,      -2.854351801,     -0.6900721896,     -0.7995494952,       2.534897107,      -1.302707007,       4.375487075
          0,           0,        1979,       -2.85010474,     -0.6633843627,     -0.7735782883,       2.539073452,      -1.301874485,       4.448775836
          0,           0,        1980,      -2.851291973,     -0.6656342253,       -0.79248623,       2.537483768,      -1.301486427,       4.424977712
          0,           0,        1981,      -2.850252357,     -0.6659504236,     -0.7682290455,        2.53930333,      -1.301000908,       4.450415753
          0,           0,        1982,      -2.855473625,     -0.6585544688,     -0.7873959145,       2.533558984,       -1.30111694,       4.511589707
          0,           0,        1983,      -2.848875535,     -0.6618106716,     -0.7670542148,       2.540764566,      -1.301398673,       4.537096834
          0,           0,        1984,      -2.847479293,     -0.6389052898,     -0.7730920084,       2.541460338,      -1.301583766,       4.553159505
          0,           0,        1985,      -2.851313452,     -0.6500616904,     -0.7812619143,       2.537954188,      -1.301117321,        4.48321169
          0,           0,        1986,      -2.852060034,     -0.6575960623,     -0.8082435733,       2.537994852,      -1.300711624,       4.378471649
          0,           0,        1987,      -2.850863699,     -0.6704031944,     -0.7982342908,       2.538689577,      -1.300300377,       4.464781985
          0,           0,        1988,      -2.847289785,     -0.6549142565,      -0.795383437,       2.541999721,      -1.299658061,       4.500830799
          0,           0,        1989,      -2.850486409,     -0.6695174653,     -0.8043699271,       2.538625815,      -1.299591453,       4.376903715
          0,           0,        1990,      -2.850799649,     -0.6730092201,     -0.7941484784,       2.538754834,      -1.299455619,       4.439518207
          0,           0,        1991,      -2.846820908,     -0.6519914488,     -0.7862743835,       2.542688286,        -1.2990807,       4.451619387
          0,           0,        1992,       -2.84189386,     -0.6380120122,     -0.7639112196,       2.548075634,      -1.298552059,       4.471996068
          0,           0,        1993,      -2.842259217,     -0.6408709858,      -0.778502531,       2.547046817,      -1.297809741,       4.540121519
          0,           0,        1994,      -2.853594571,     -0.6510631873,     -0.7613960434,       2.536327287,      -1.297359719,       4.281391032
          0,           0,        1995,      -2.858086197,     -0.6451050432,     -0.7971029493,        2.53097592,      -1.296844945,       4.369759904
          0,           0,        1996,      -2.849108717,       -0.66343142,     -0.7826631134,       2.540287286,        -1.2964492,       4.496304901
          0,           0,        1997,      -2.852896339,     -0.6370303644,     -0.7637821685,       2.535852197,      -1.296078501,        4.46537494
          0,           0,        1998,      -2.862508419,     -0.6668610085,     -0.7678933957,        2.52545458,      -1.295584038,       4.275831615
          0,           0,        1999,      -2.858140022,     -0.6407492215,      -0.769884597,       2.531422543,      -1.294989002,       4.317813711
          0,           0,        2000,      -2.862512874,      -0.664365474,     -0.7658593138,       2.526990153,      -1.294505702,       4.381315998
          0,           0,        2001,      -2.848328652,     -0.6609736739,     -0.7815264853,       2.541851052,      -1.293900005,       4.483677186
          0,           0,        2002,      -2.853236136,     -0.6501720546,     -0.7668565058,       2.535840775,      -1.293209962,       4.512358448
          0,           0,        2003,      -2.860285799,     -0.6469292222,     -0.7507456293,        2.52875806,      -1.292727543,       4.435562198
          0,           0,        2004,      -2.856286894,     -0.6784892858,     -0.7972568312,       2.533075939,      -1.292375475,       4.359801199
          0,           0,        2005,      -2.853847114,     -0.6746756825,     -0.7909726476,       2.534742267,      -1.291982838,        4.45545779
          0,           0,        2006,      -2.852915023,     -0.6621372043,     -0.7934591519,       2.535616072,      -1.291233554,       4.450841618
          0,           0,        2007,      -2.853125206,     -0.6643688358,     -0.7788304055,       2.536549726,      -1.291037368,       4.378280266
          0,           0,        2008,       -2.85864633,     -0.6753822513,     -0.8008528041,       2.530279511,      -1.290733038,       4.471868235
          0,           0,        2009,      -2.857725153,     -0.6495537971,     -0.7728287259,        2.53137135,      -1.290795972,       4.474563669
          0,           0,        2010,      -2.844732849,     -0.6494691141,     -0.8043622244,       2.545264001,       -1.29056835,       4.489941074
          0,           0,        2011,      -2.856782247,     -0.6432860665,     -0.7925084888,       2.532283162,      -1.290390968,       4.506948093
          0,           0,        2012,      -2.860916283,      -0.642999234,       -0.77002862,       2.528831713,      -1.290138826,       4.397838779
          0,           0,        2013,      -2.855589998,     -0.6750572871,     -0.8234682658,        2.53434417,      -1.289777561,       4.403519221
          0,           0,        2014,       -2.85020218,     -0.6586952758,     -0.7905003484,       2.539258552,      -1.289373885,        4.47864151
          0,           0,        2015,      -2.852509855,     -0.6572906307,     -0.8108271717,       2.536309678,      -1.288901511,       4.418579587
          0,           0,        2016,      -2.848310274,     -0.6582273302,     -0.7903987813,       2.541073297,       -1.28839019,       4.318972268
          0,           0,        2017,      -2.865648822,     -0.6497422709,     -0.8030831839,       2.522875412,       -1.28770589,       4.405739759
          0,           0,        2018,      -2.850756479,      -0.649177741,     -0.7833556973,       2.538758936,      -1.287222871,       4.399733866
          0,           0,        2019,      -2.855164747,     -0.6444084278,     -0.7975565414,       2.532851216,       -1.28655349,       4.459324139
          0,           0,        2020,      -2.860792688,     -0.6570028681,     -0.7746068536,       2.528315726,      -1.285812043,       4.442223584
          0,           0,        2021,      -2.858923277,     -0.6612960129,     -0.7877307446,       2.529866097,      -1.284956905,       4.345080528
          0,           0,        2022,      -2.852558101,     -0.6772845619,     -0.8015457321,       2.536775535,      -1.284235293,       4.533115454
          0,           0,        2023,      -2.845669536,     -0.6489193567,     -0.7757238871,       2.544016384,      -1.283678632,       4.610002019
          0,           0,        2024,      -2.849323508,     -0.6596711343,     -0.7758522168,       2.539546614,      -1.283052704,       4.533562699
          0,           0,        2025,      -2.851107562,     -0.6650433491,     -0.7799034135,       2.538925118,      -1.282645274,       4.452289612
          0,           0,        2026,      -2.858408591,     -0.6616497383,     -0.7862031323,       2.530745416,      -1.282296831,       4.373487735
          0,           0,        2027,      -2.849912873,     -0.6624784738,     -0.7887603976,       2.539492817,      -1.282121229,       4.403850383
          0,           0,        2028,      -2.847048947,     -0.6456055073,      -0.785950438,       2.542607698,      -1.281882153,       4.525397102
          0,           0,        2029,      -2.855282654,      -0.648208785,     -0.7825562363,       2.533666401,      -1.281496125,       4.509426751
          0,           0,        2030,      -2.856067237,     -0.6520170321,     -0.7971520378,       2.533643418,      -1.281116743,       4.455844163
          0,           0,        2031,      -2.851765415,     -0.6716101613,     -0.7967446554,       2.537657244,      -1.280748793,       4.536628114
          0,           0,        2032,       -2.85133596,       -0.64940664,     -0.7744272098,       2.537828177,      -1.280312324,        4.50491213
          0,           0,        2033,      -2.852967741,     -0.6664315133,     -0.7934540151,       2.536483784,      -1.279619382,       4.354489873
          0,           0,        2034,      -2.856495083,     -0.6630251699,     -0.7842602801,       2.533234796,      -1.279059524,       4.302948262
          0,           0,        2035,      -2.854954612,     -0.6605796392,     -0.7916516475,       2.534235802,      -1.278379747,       4.354336103
          0,           0,        2036,      -2.851084719,     -0.6659925275,     -0.7818627444,       2.538308267,      -1.277650887,        4.42087963
          0,           0,        2037,      -2.845658094,     -0.6444555847,     -0.7876252254,       2.543881959,      -1.277414018,       4.521544626
          0,           0,        2038,      -2.858583383,     -0.6556528467,     -0.7668127894,       2.531113138,      -1.277177151,       4.455446998
          0,           0,        2039,      -2.856300374,      -0.677755853,     -0.8031748794,       2.533419058,      -1.277036745,       4.400305285
          0,           0,        2040,       -2.85541249,     -0.6766717713,     -0.7914713189,       2.533555767,      -1.276681993,       4.512299884
          0,           0,        2041,      -2.848169589,     -0.6661740421,     -0.7886763583,       2.541005139,      -1.276277081,        4.49176854
          0,           0,        2042,      -2.860893228,     -0.6732871295,     -0.7814411258,       2.527393357,      -1.275692628,       4.357685281
          0,           0,        2043,      -2.864096959,     -0.6646252011,     -0.7903318687,       2.525250611,      -1.275022648,       4.417128754
          0,           0,        2044,      -2.851279257,     -0.6665904484,      -0.795444448,       2.538741097,      -1.274550241,       4.432541148
          0,           0,        2045,      -2.852303732,     -0.6617935716,     -0.7811244873,       2.536961462,      -1.274134496,       4.497093175
          0,           0,        2046,      -2.849548389,     -0.6480408621,     -0.7819347589,       2.539537635,      -1.273825237,       4.526812907
          0,           0,        2047,      -2.863393759,      -0.650006526,     -0.7535696822,       2.525423221,       -1.27326011,       4.322086348
          0,           0,        2048,      -2.855319737,     -0.6709013266,     -0.8020996062,       2.534223576,      -1.272672008,         4.3644612
          0,           0,        2049,      -2.853741457,     -0.6704146307,     -0.7655034788,         2.5351175,      -1.271977554,        4.48469803
          0,           0,        2050,      -2.846670861,     -0.6605544255,      -0.765187763,       2.542335538,      -1.271124589,       4.544316517
          0,           0,        2051,      -2.856049127,     -0.6613221151,     -0.7603797563,       2.533901101,       -1.27064303,       4.467112093
          0,           0,        2052,      -2.860830331,     -0.6603630079,     -0.7743982553,       2.528553593,      -1.270003432,       4.470772333
          0,           0,        2053,      -2.854320867,     -0.6692963199,     -0.7798594526,       2.535219009,      -1.269696228,       4.405108279
          0,           0,        2054,      -2.847157361,     -0.6609854265,     -0.7841878882,       2.542888159,      -1.269294016,       4.414851317
          0,           0,        2055,      -2.853819289,     -0.6338204154,     -0.7687172835,       2.535487605,      -1.268682021,       4.438031661
          0,           0,        2056,      -2.864035491,     -0.6455332954,     -0.7549138245,       2.525467573,       -1.26839329,       4.309687662
          0,           0,        2057,        -2.8521917,     -0.6632032872,     -0.8003397393,       2.538127163,      -1.267798388,        4.42679578
          0,           0,        2058,      -2.853941754,     -0.6581454366,     -0.7664869474,       2.535434791,       -1.26697406,        4.51509341
          0,           0,        2059,      -2.854427714,     -0.6597147691,     -0.7816612173,       2.535072689,      -1.266799745,       4.490371513
          0,           0,        2060,      -2.853954121,     -0.6580954424,     -0.7659298306,       2.535717517,       -1.26647779,       4.358003438
          0,           0,        2061,      -2.864943935,     -0.6482091857,     -0.7825403518,       2.524310034,      -1.265793558,       4.427902892
          0,           0,        2062,      -2.859429754,     -0.6551199846,     -0.7588255331,       2.530328829,      -1.265204717,       4.422760158
          0,           0,        2063,      -2.850431916,     -0.6558655566,     -0.7776683154,       2.539378411,      -1.264465307,        4.45669335
          0,           0,        2064,      -2.863937543,     -0.6631703017,      -0.764638695,       2.525066701,      -1.263672487,       4.470303921
          0,           0,        2065,      -2.846852963,      -0.664563594,      -0.773943188,       2.544077977,      -1.263382949,       4.302618095
          0,           0,        2066,      -2.855007867,      -0.677518204,     -0.7860497688,       2.534269321,      -1.262650065,       4.450936145
          0,           0,        2067,      -2.844040951,     -0.6636633277,     -0.7587996762,        2.54577874,      -1.262249084,       4.495303523
          0,           0,        2068,      -2.851973437,     -0.6631916815,     -0.7769293343,       2.536896695,      -1.261702059,       4.335910888
          0,           0,        2069,      -2.849136385,     -0.6591067787,     -0.7680932695,       2.541422372,      -1.260999476,       4.294716802
          0,           0,        2070,      -2.855729844,     -0.6555469631,     -0.7736159414,        2.53373494,      -1.260077964,       4.333246825
          0,           0,        2071,      -2.844294363,     -0.6608202489,     -0.7697048589,       2.546245153,      -1.259617607,       4.422890822
          0,           0,        2072,      -2.842759671,     -0.6334610473,     -0.7734122148,       2.547130283,      -1.259107468,       4.495750785
          0,           0,        2073,        -2.8486692,     -0.6372138782,      -0.754019263,       2.541649932,      -1.258702129,       4.433154611
          0,           0,        2074,      -2.847997142,     -0.6403384495,     -0.7793157139,        2.54291887,       -1.25835062,       4.309569873
          0,           0,        2075,      -2.848287374,     -0.6448416895,     -0.7671210719,       2.541587451,       -1.25798731,       4.459726198
          0,           0,        2076,      -2.851709129,     -0.6378809061,     -0.7733863467,       2.537470664,      -1.257150915,       4.482243707
          0,           0,        2077,      -2.850426656,     -0.6409437401,     -0.7783600889,        2.53985285,        -1.2562434,       4.332829897
          0,           0,        2078,      -2.856602409,     -0.6468445167,     -0.7824322282,       2.533524269,       -1.25594448,       4.435283042
          0,           0,        2079,      -2.850422525,     -0.6379518153,     -0.7808080485,       2.539490929,      -1.255271122,        4.46295025
          0,           0,        2080,      -2.843808766,     -0.6430010083,     -0.7672866587,       2.546142029,      -1.254823228,       4.504127638
          0,           0,        2081,       -2.84534088,     -0.6326416818,     -0.7695887708,       2.544006658,      -1.254145747,       4.546610649
          0,           0,        2082,      -2.857135813,     -0.6350131756,     -0.7451342462,       2.532933265,      -1.253482832,       4.318016955
          0,           0,        2083,      -2.850169121,     -0.6584596737,     -0.7776464936,       2.540329769,      -1.252711869,       4.403173897
          0,           0,        2084,      -2.849540469,     -0.6662709764,     -0.7693757215,       2.540158842,      -1.252228377,       4.569880993
          0,           0,        2085,      -2.835463963,     -0.6473802062,     -0.7667065572,       2.555355883,      -1.251722692,        4.54516319
          0,           0,        2086,      -2.859355877,     -0.6584914621,     -0.7629775106,       2.529272906,      -1.250972891,       4.430329702
          0,           0,        2087,      -2.858379413,     -0.6537650071,     -0.7661106106,       2.531764038,      -1.250577999,       4.468027393
          0,           0,        2088,      -2.852341571,     -0.6544534486,     -0.7754377921,       2.537506062,      -1.250004471,       4.476945469
          0,           0,        2089,      -2.850269463,      -0.658797647,     -0.7678138797,       2.539725186,      -1.249372271,       4.484294381
          0,           0,        2090,      -2.848877822,     -0.6468576109,     -0.7724407308,       2.540903514,      -1.248557966,       4.473725652
          0,           0,        2091,      -2.861322039,     -0.6573753256,     -0.7576845272,       2.527790248,      -1.247924705,       4.336779497
          0,           0,        2092,      -2.854458834,     -0.6785906341,     -0.8042821093,       2.535750312,      -1.247442238,       4.360717027
          0,           0,        2093,      -2.853453577,     -0.6828180943,     -0.7799687228,       2.536068333,      -1.246904515,       4.453574039
          0,           0,        2094,      -2.846735237,     -0.6595014454,     -0.7764427688,       2.543044465,      -1.246489272,       4.424713567
          0,           0,        2095,      -2.855542496,     -0.6507744198,     -0.7788984068,       2.534680605,      -1.245889857,       4.281121517
          0,           0,        2096,      -2.858104011,      -0.649369955,      -0.767938642,       2.532524317,      -1.245264759,       4.378909884
          0,           0,        2097,      -2.852132017,     -0.6432569338,     -0.7627420748,       2.537857103,      -1.244621312,       4.392814909
          0,           0,        2098,       -2.84626122,     -0.6574092321,     -0.7800139844,       2.543593074,      -1.243968041,       4.431695327
          0,           0,        2099,      -2.859441647,     -0.6392806427,     -0.7635986682,       2.529796599,      -1.243265689,       4.394742532
          0,           0,        2100,      -2.873875529,      -0.651805832,     -0.7595357865,       2.514929401,      -1.242478413,       4.324659965
          0,           0,        2101,      -2.857046262,     -0.6609629522,     -0.7957029326,       2.532871472,      -1.241786842,       4.423945153
          0,           0,        2102,      -2.861725304,      -0.672395547,      -0.775564397,       2.526749251,      -1.241112269,       4.531887722
          0,           0,        2103,      -2.850146007,     -0.6649450661,     -0.7802184851,       2.539333433,      -1.240601178,       4.528613505
          0,           0,        2104,      -2.861772387,     -0.6684880612,     -0.7723195709,       2.527471456,      -1.240077886,        4.50940565
          0,           0,        2105,      -2.859914397,      -0.665403108,     -0.7743310069,        2.53043074,      -1.239631191,       4.524918006
          0,           0,        2106,      -2.857686676,     -0.6763148494,     -0.7843856474,       2.531390756,      -1.239031828,       4.547253453
          0,           0,        2107,      -2.851676264,     -0.6698633456,     -0.7863079913,       2.538021342,      -1.238382842,       4.575308503
          0,           0,        2108,      -2.851188786,     -0.6581956107,     -0.7722841369,       2.538162371,       -1.23763542,       4.526685447
          0,           0,        2109,      -2.860151963,     -0.6515697482,     -0.7502725305,        2.52948342,        -1.2369536,       4.323463568
          0,           0,        2110,      -2.853690501,     -0.6828231466,     -0.7961389309,       2.536320469,      -1.236186611,       4.387769605
          0,           0,        2111,      -2.847659433,     -0.6761768632,     -0.7727579059,       2.542033407,      -1.235605917,        4.48588765
          0,           0,        2112,      -2.850160135,     -0.6611556033,     -0.7844113367,       2.539131178,      -1.234877416,       4.458854936
          0,           0,        2113,      -2.855349528,     -0.6558421764,      -0.772639389,       2.534055592,      -1.233934843,       4.478676834
          0,           0,        2114,      -2.860503498,     -0.6594763935,     -0.7827653599,       2.528738032,      -1.232884468,       4.508230027
          0,           0,        2115,      -2.860191831,     -0.6689152633,      -0.777847147,       2.528993613,      -1.231734456,       4.459555041
          0,           0,        2116,       -2.84573382,     -0.6459277708,     -0.7794941289,        2.54456386,      -1.230799369,       4.479920597
          0,           0,        2117,      -2.866054811,     -0.6528511505,     -0.7707095202,       2.523135158,      -1.229906034,       4.404186029
          0,           0,        2118,      -2.856067856,     -0.6616311572,      -0.782010024,       2.534337476,      -1.229252056,       4.369371779
          0,           0,        2119,      -2.853459294,      -0.671927096,     -0.7855928434,       2.535719191,      -1.228525705,       4.472463488
          0,           0,        2120,        -2.8498347,     -0.6589644676,     -0.7675779688,       2.540090321,      -1.227802558,       4.470923467
          0,           0,        2121,      -2.854563543,     -0.6427772177,     -0.7669376819,       2.534656212,      -1.226810163,       4.365677399
          0,           0,        2122,      -2.860121103,     -0.6607360002,     -0.7797559014,       2.530245825,      -1.225913611,       4.267857197
          0,           0,        2123,      -2.854581599,     -0.6724666415,     -0.8060782782,        2.53495832,      -1.224936444,       4.371645156
          0,           0,        2124,      -2.849516012,     -0.6653268522,     -0.7841455031,       2.539876256,      -1.223949469,       4.451005152
          0,           0,        2125,      -2.846892079,     -0.6331184423,     -0.7769015644,       2.542806101,      -1.222921746,       4.464237277
          0,           0,        2126,      -2.859823564,     -0.6530234946,      -0.774906626,       2.530204887,      -1.221697579,       4.254071947
          0,           0,        2127,      -2.852172991,     -0.6692066173,     -0.8108980987,       2.538642142,      -1.220599459,         4.3151154
          0,           0,        2128,      -2.856894646,     -0.6759537657,     -0.7842597869,       2.532655343,      -1.219356892,       4.469010751
          0,           0,        2129,      -2.838449816,     -0.6512820611,     -0.7835069436,       2.552202932,      -1.218625379,         4.4814978
          0,           0,        2130,      -2.860446817,     -0.6548715011,     -0.7912049065,       2.528048192,       -1.21770263,       4.339964228
          0,           0,        2131,      -2.861115859,     -0.6498296568,     -0.7780457314,       2.529135168,      -1.217114128,       4.358620432
          0,           0,        2132,      -2.849741446,      -0.643310093,     -0.7811088355,       2.541042209,      -1.216363852,       4.413569968
          0,           0,        2133,      -2.845696415,      -0.642034768,     -0.7673697267,       2.544649696,      -1.215529884,       4.509607849
          0,           0,        2134,       -2.84118748,     -0.6199376398,     -0.7645831371,       2.549675528,      -1.214669641,       4.539565011
          0,           0,        2135,      -2.854689631,     -0.6338098872,     -0.7404156454,       2.535624112,      -1.213779505,       4.383059069
          0,           0,        2136,      -2.846468556,     -0.6673458885,     -0.7922229311,       2.544679673,      -1.212822385,       4.403409209
          0,           0,        2137,      -2.853142925,     -0.6481039808,     -0.7662748251,       2.537546841,       -1.21186913,       4.474384442
          0,           0,        2138,      -2.844415141,     -0.6315673982,     -0.7732569862,       2.546646628,      -1.211015277,       4.475689279
          0,           0,        2139,      -2.854715875,     -0.6466105849,     -0.7706590681,       2.536032703,      -1.210131109,       4.324157926
          0,           0,        2140,      -2.854566236,     -0.6451217999,     -0.7687657013,       2.536348876,      -1.209372394,       4.429507417
          0,           0,        2141,      -2.851914311,     -0.6278916723,      -0.759667234,       2.538765333,      -1.208337525,       4.439796712
          0,           0,        2142,      -2.847636149,     -0.6507426986,     -0.7549993752,        2.54275185,      -1.207250175,       4.486236052
          0,           0,        2143,      -2.853520512,     -0.6359987135,     -0.7610655943,       2.535983768,      -1.206034655,       4.475286884
          0,           0,        2144,      -2.872154419,     -0.6458686574,     -0.7511044231,       2.517275176,      -1.204901842,       4.325456392
          0,           0,        2145,      -2.852389409,     -0.6645827662,     -0.7881015604,       2.538573027,      -1.203879417,       4.406048282
          0,           0,        2146,      -2.861679367,     -0.6556829573,     -0.7673492089,       2.527682611,      -1.203492568,        4.49376101
          0,           0,        2147,      -2.853658912,      -0.658509631,     -0.7794917321,       2.535847062,       -1.20291772,       4.482256895
          0,           0,        2148,      -2.859785981,     -0.6535579161,     -0.7623045304,       2.529764316,      -1.202410133,       4.331456757
          0,           0,        2149,      -2.862718037,     -0.6814114868,     -0.7864340873,       2.527605361,      -1.201615622,        4.35133912
          0,           0,        2150,      -2.854779879,     -0.6639508164,     -0.7803320557,       2.534980213,      -1.200613288,       4.411919963
          0,           0,        2151,       -2.85704523,     -0.6674215892,     -0.7572829104,       2.532123145,       -1.19958052,       4.515394336
          0,           0,        2152,      -2.852035735,      -0.664998616,      -0.776369995,       2.538435279,      -1.198620837,       4.465822448
          0,           0,        2153,      -2.867113458,     -0.6550830215,     -0.7641834002,       2.521460593,       -1.19777098,       4.388362714
          0,           0,        2154,      -2.855101228,      -0.679179744,     -0.8011458068,        2.53487126,      -1.196861919,       4.394028375
          0,           0,        2155,      -2.849442408,      -0.664062038,     -0.7832103713,       2.539379895,       -1.19622121,        4.45560825
          0,           0,        2156,      -2.849445135,     -0.6603272954,     -0.7733974431,       2.539610264,      -1.195336003,       4.408489325
          0,           0,        2157,      -2.851962536,     -0.6634092113,     -0.7606075363,       2.537648395,      -1.194427116,       4.377993173
          0,           0,        2158,      -2.852454112,     -0.6661695821,     -0.7888802519,       2.537555159,      -1.193726091,       4.441040134
          0,           0,        2159,      -2.856432988,     -0.6503042687,     -0.7625466052,       2.532689759,      -1.192802795,       4.476666198
          0,           0,        2160,      -2.849852893,      -0.652977425,     -0.7726157555,       2.539850999,      -1.191867583,       4.436701035
          0,           0,        2161,      -2.865303046,     -0.6440694681,     -0.7680470085,          2.523437,      -1.190838474,       4.377336103
          0,           0,        2162,      -2.863197223,     -0.6647861691,     -0.7831625559,         2.5270076,      -1.189863285,       4.405214449
          0,           0,        2163,      -2.854742508,     -0.6577430373,      -0.790569056,       2.535019922,      -1.188707081,       4.478851333
          0,           0,        2164,      -2.858598059,     -0.6698299066,     -0.7666508225,       2.530825231,      -1.187605705,       4.508499628
          0,           0,        2165,       -2.85552807,     -0.6485220899,     -0.7764591732,       2.533408518,      -1.186445326,       4.436438948
          0,           0,        2166,      -2.867110087,     -0.6634600089,     -0.7692240186,       2.521946848,      -1.185157299,        4.29542766
          0,           0,        2167,      -2.862372326,     -0.6587219848,     -0.7716694433,       2.527579881,      -1.184281651,        4.40117062
          0,           0,        2168,        -2.8563879,     -0.6549587103,     -0.7721112806,       2.533019574,      -1.183250726,       4.453447025
          0,           0,        2169,      -2.848272107,     -0.6483731938,     -0.7657189535,       2.542108956,      -1.181945835,       4.448786281
          0,           0,        2170,      -2.859266919,     -0.6475626777,     -0.7722626476,       2.530380797,      -1.180966504,       4.363869209
          0,           0,        2171,      -2.861811008,     -0.6440777078,     -0.7557152631,       2.527924466,       -1.17975528,       4.391807507
          0,           0,        2172,      -2.854675543,     -0.6695187467,     -0.7871393433,       2.535612162,      -1.178535835,       4.422447296
          0,           0,        2173,      -2.846482736,     -0.6589041568,     -0.7543880126,       2.544045325,      -1.177510442,       4.444818179
          0,           0,        2174,      -2.858382919,     -0.6555550733,     -0.7740292343,       2.530905751,      -1.176309825,       4.359382191
          0,           0,        2175,      -2.849050732,     -0.6479429292,     -0.7665468588,       2.541261814,      -1.175209841,       4.260268744
          0,           0,        2176,      -2.856250029,     -0.6397622848,     -0.7706983576,       2.533668895,      -1.174162688,       4.385622572
          0,           0,        2177,      -2.842576943,     -0.6598373915,     -0.7678169641,       2.548188512,      -1.173087591,       4.447213618
          0,           0,        2178,      -2.849741246,     -0.6185648604,      -0.762488216,       2.540010852,      -1.172078311,       4.460316285
          0,           0,        2179,      -2.857229527,     -0.6325839618,     -0.7436617905,       2.533484671,      -1.170986122,       4.324705422
          0,           0,        2180,      -2.858860087,     -0.6409924325,     -0.7620369898,        2.53123613,      -1.170144336,       4.397527766
          0,           0,        2181,      -2.855089908,     -0.6512837917,     -0.7753539508,       2.534985379,      -1.169156161,       4.438142097
          0,           0,        2182,      -2.845416171,     -0.6150862846,     -0.7438268843,       2.545078775,       -1.16839147,         4.4782608
          0,           0,        2183,      -2.854177612,      -0.632864614,      -0.754007286,        2.53590175,      -1.167503108,       4.389296961
          0,           0,        2184,      -2.854835807,     -0.6524861532,     -0.7565208902,       2.536061952,      -1.166473017,       4.320265494
          0,           0,        2185,      -2.855148268,     -0.6558709223,      -0.768597481,       2.535389518,      -1.165637759,       4.390243419
          0,           0,        2186,      -2.854358679,     -0.6510754788,     -0.7665064025,       2.535627937,      -1.164614658,       4.445094286
          0,           0,        2187,      -2.855918293,     -0.6291840521,     -0.7627060121,       2.534493372,      -1.163773032,       4.398752452
          0,           0,        2188,      -2.870146394,     -0.6540393298,     -0.7706090937,       2.519532659,      -1.162842853,       4.329069682
          0,           0,        2189,      -2.858880666,      -0.657888066,     -0.7812759647,       2.531658644,      -1.161968048,       4.344884725
          0,           0,        2190,      -2.853105427,     -0.6669761851,     -0.7858637783,       2.537152815,      -1.161306947,       4.460213315
          0,           0,        2191,      -2.846890173,     -0.6457456531,     -0.7641779738,       2.543243181,      -1.160372389,       4.433945881
          0,           0,        2192,      -2.857804206,      -0.653003561,     -0.7732942023,       2.532513146,      -1.159694221,       4.336653712
          0,           0,        2193,      -2.858635469,      -0.655870016,     -0.7784367002,       2.532082336,      -1.158887458,        4.38924303
          0,           0,        2194,      -2.854802809,     -0.6603011039,     -0.7864229356,       2.535096461,      -1.157856175,       4.486470595
          0,           0,        2195,      -2.846471038,     -0.6591024731,     -0.7706302476,       2.543687408,      -1.156928646,       4.546328288
          0,           0,        2196,      -2.850693944,     -0.6505839912,     -0.7739737756,       2.538376622,      -1.155885781,        4.54725747
          0,           0,        2197,      -2.854387277,      -0.659560743,     -0.7583085387,       2.535703948,      -1.154790157,       4.541272369
          0,           0,        2198,       -2.84577268,      -0.675272902,     -0.7974805492,       2.545212441,      -1.153825279,        4.53881643
          0,           0,        2199,       -2.84359672,     -0.6571438954,     -0.7637929901,       2.546431035,      -1.152828377,       4.555581781
          0,           0,        2200,      -2.845207444,     -0.6504164501,     -0.7556486612,       2.544535485,      -1.152001787,       4.491875809
          0,           0,        2201,      -2.849798888,     -0.6516397209,     -0.7533358075,       2.539658474,      -1.150862601,       4.348830481
          0,           0,        2202,      -2.853122911,     -0.6570481043,       -0.76715622,       2.536383789,      -1.149861722,       4.468502303
          0,           0,        2203,      -2.842495793,     -0.6367023602,     -0.7527705757,       2.547841379,      -1.148804498,       4.511628139
          0,           0,        2204,      -2.846024383,     -0.6417664454,     -0.7609469567,        2.54411244,      -1.147653158,       4.523457019
          0,           0,        2205,      -2.857763573,     -0.6271991581,     -0.7528557824,       2.531167912,      -1.146761636,       4.533215014
          0,           0,        2206,      -2.862450596,     -0.6400530884,     -0.7410199596,       2.526844801,      -1.145674811,       4.511252229
          0,           0,        2207,      -2.855413748,       -0.63546655,     -0.7766446788,       2.534841801,       -1.14457493,       4.552896642
          0,           0,        2208,      -2.854447883,     -0.6629132547,     -0.7678270569,       2.534715687,      -1.143352604,       4.592324253
          0,           0,        2209,      -2.854317672,     -0.6375933587,     -0.7581437114,       2.534568259,      -1.142019501,       4.569329229
          0,           0,        2210,      -2.857805448,     -0.6609967339,     -0.7603289751,       2.531700454,      -1.140855463,        4.43649239
          0,           0,        2211,      -2.855857729,     -0.6420572112,     -0.7604852852,       2.534176714,      -1.139617539,       4.400738305
          0,           0,        2212,      -2.857463612,     -0.6569901132,     -0.7684057945,       2.531782285,      -1.138315711,       4.440857467
          0,           0,        2213,      -2.848267845,     -0.6488289382,     -0.7578162027,       2.541664087,      -1.137348534,       4.417605228
          0,           0,        2214,      -2.851905151,     -0.6453212653,     -0.7647762962,       2.537198938,      -1.136207424,       4.393501764
          0,           0,        2215,      -2.862588757,     -0.6497950047,     -0.7445196091,       2.526889092,      -1.134909926,        4.34509993
          0,           0,        2216,      -2.849234891,     -0.6662052089,     -0.7794140148,       2.541090654,      -1.133810391,       4.398159851
          0,           0,        2217,      -2.848493973,     -0.6502554516,     -0.7481169722,       2.540776156,      -1.132607457,       4.441716869
          0,           0,        2218,      -2.853070259,     -0.6453513648,     -0.7655538363,       2.536176586,      -1.131782856,       4.407286727
          0,           0,        2219,      -2.854679493,     -0.6498460457,     -0.7635305932,       2.534459703,      -1.130751139,       4.307737955
          0,           0,        2220,      -2.854883682,     -0.6531283151,     -0.7679347703,       2.534775742,       -1.12980819,       4.416037526
          0,           0,        2221,      -2.848202777,     -0.6316263959,     -0.7465772717,       2.541522969,      -1.128801328,       4.478721037
          0,           0,        2222,      -2.848016695,     -0.6362982977,     -0.7621946148,       2.541539657,      -1.127900174,       4.467734279
          0,           0,        2223,      -2.853863194,     -0.6372101457,     -0.7663176918,       2.535699685,      -1.126978819,       4.465261168
          0,           0,        2224,      -2.858233802,      -0.635224384,     -0.7740104001,        2.53084362,      -1.126063675,       4.532757991
          0,           0,        2225,      -2.848096165,     -0.6631639719,     -0.7939792319,       2.542128104,      -1.125221826,       4.558336233
          0,           0,        2226,      -2.852634829,     -0.6375417778,     -0.7642378056,       2.536654645,       -1.12440015,       4.545670255
          0,           0,        2227,      -2.856485382,     -0.6454254517,     -0.7923238184,       2.531932127,      -1.123610191,       4.486790338
          0,           0,        2228,      -2.850226006,     -0.6392464834,     -0.7836036405,       2.539674209,      -1.122703282,       4.279257384
          0,           0,        2229,      -2.855424842,     -0.6503006938,      -0.797381039,       2.534344739,       -1.12183926,       4.429598841
          0,           0,        2230,      -2.853240525,     -0.6475346395,     -0.7835267186,       2.535785266,      -1.120904929,       4.478216657
          0,           0,        2231,      -2.851673882,     -0.6376788631,     -0.7892645362,       2.537535559,      -1.119956292,       4.468314775
          0,           0,        2232,       -2.86244748,     -0.6420491629,     -0.7817444025,       2.527135743,      -1.119193309,       4.450504309
          0,           0,        2233,      -2.862554912,     -0.6489692137,     -0.7817249004,       2.527149651,      -1.118375822,       4.482596527
          0,           0,        2234,      -2.849047027,     -0.6597407964,     -0.7890695251,       2.540827848,      -1.117410573,       4.469607079
          0,           0,        2235,      -2.847724342,     -0.6463942081,     -0.7688579771,       2.541814204,      -1.116603763,       4.486756371
          0,           0,        2236,      -2.859878733,     -0.6473416312,     -0.7776891256,       2.528691022,      -1.115641244,       4.393766558
          0,           0,        2237,      -2.851012802,     -0.6520750042,     -0.7797276977,       2.538630899,      -1.114649687,       4.331260185
          0,           0,        2238,      -2.854519553,     -0.6624713891,     -0.7923451269,       2.534860781,      -1.113672542,       4.465048824
          0,           0,        2239,       -2.84860436,     -0.6662902216,     -0.7799328457,       2.540781568,      -1.112711723,       4.574267302
          0,           0,        2240,      -2.846514572,     -0.6528225398,     -0.7858751103,       2.543044327,      -1.111634875,       4.553180619
          0,           0,        2241,      -2.856468941,     -0.6566375332,     -0.7788673485,       2.533341811,      -1.110728958,       4.427948723
          0,           0,        2242,      -2.860184249,     -0.6541996621,     -0.7815935124,       2.528958832,      -1.109824568,       4.420855893
          0,           0,        2243,      -2.846391773,     -0.6726286423,     -0.7998347776,       2.543109606,      -1.108761818,       4.426828142
          0,           0,        2244,      -2.850335501,     -0.6456214457,     -0.7758309325,        2.53882287,      -1.107669377,        4.42559036
          0,           0,        2245,      -2.858626985,     -0.6458071064,     -0.7817998394,       2.530212153,      -1.106676598,       4.296301986
          0,           0,        2246,      -2.852077525,     -0.6396280549,     -0.7702198472,       2.537466439,      -1.105647128,        4.42931547
          0,           0,        2247,      -2.844517755,      -0.653674027,     -0.7891675492,       2.545085767,       -1.10462366,       4.474844875
          0,           0,        2248,      -2.849778049,     -0.6374173975,     -0.7720501379,       2.539984388,      -1.103542341,       4.474805598
          0,           0,        2249,      -2.852710689,     -0.6276975478,      -0.767493154,       2.536473208,      -1.102461363,       4.433062971
          0,           0,        2250,      -2.858158954,      -0.651010421,     -0.7703757357,       2.531227537,      -1.101369806,       4.343384762
          0,           0,        2251,       -2.85675445,     -0.6528429801,      -0.782313012,        2.53262611,      -1.100186887,         4.3849891
          0,           0,        2252,      -2.849722665,     -0.6652552944,     -0.7631361952,        2.53973481,      -1.099073798,       4.466275287
          0,           0,        2253,      -2.845612327,     -0.6540952828,     -0.7759129715,       2.544048633,      -1.097951182,       4.476660785
          0,           0,        2254,      -2.863306065,     -0.6612870955,     -0.7872231823,       2.525231941,      -1.096846229,       4.363456417
          0,           0,        2255,      -2.852012843,     -0.6729556285,     -0.7848619464,       2.538249762,      -1.095869784,       4.399490636
          0,           0,        2256,      -2.849669707,     -0.6559208814,     -0.7769922061,        2.53977741,      -1.094937039,       4.483920104
          0,           0,        2257,      -2.844440086,     -0.6420090551,     -0.7635749536,       2.545888922,      -1.094059711,       4.509877807
          0,           0,        2258,      -2.853475791,     -0.6278487425,     -0.7698782981,       2.536355372,      -1.093067109,       4.477880095
          0,           0,        2259,      -2.858309624,     -0.6523940486,       -0.76283583,       2.531429895,      -1.092120348,       4.290427753
          0,           0,        2260,      -2.852519301,     -0.6473034165,     -0.7902105529,       2.537330366,      -1.091140146,       4.427234054
          0,           0,        2261,      -2.851519896,     -0.6489439186,     -0.7747359777,       2.537976957,      -1.090170896,       4.498893433
          0,           0,        2262,      -2.846455247,     -0.6408756844,     -0.7753623966,         2.5429504,      -1.089310859,       4.436525408
          0,           0,        2263,       -2.85976036,     -0.6418734063,     -0.7713945284,        2.52983851,      -1.088421215,       4.297817085
          0,           0,        2264,      -2.850508248,     -0.6380136019,     -0.7793118001,       2.539972172,      -1.087477753,       4.411964077
          0,           0,        2265,       -2.85338244,     -0.6407995229,     -0.7594148624,       2.535944147,      -1.086568727,       4.434470194
          0,           0,        2266,       -2.84938916,     -0.6439342974,     -0.7694226055,       2.540630847,      -1.085614471,       4.407615441
          0,           0,        2267,      -2.856512567,     -0.6294284302,     -0.7609182347,       2.533424705,      -1.084587825,       4.380671164
          0,           0,        2268,      -2.860061908,     -0.6466309693,     -0.7495800552,       2.529876592,      -1.083744005,       4.410743398
          0,           0,        2269,      -2.847543238,     -0.6670156181,     -0.7779583366,       2.542770982,      -1.083014801,       4.426595478
          0,           0,        2270,      -2.854080509,     -0.6579004585,     -0.7601003462,       2.535014398,      -1.082387044,       4.458567368
          0,           0,        2271,      -2.859203407,     -0.6610319685,     -0.7632377826,       2.529783812,      -1.081806502,        4.40556199
          0,           0,        2272,      -2.853744531,     -0.6694086207,     -0.7657420846,       2.536172848,      -1.081219968,       4.253232822
          0,           0,        2273,      -2.853382949,      -0.675268596,     -0.7816893918,       2.536101286,      -1.080584114,       4.408477709
          0,           0,        2274,      -2.851036393,     -0.6642078319,      -0.791078262,       2.538234627,      -1.079982635,       4.441601417
          0,           0,        2275,      -2.842430587,     -0.6513568962,     -0.7868391344,       2.547175671,      -1.079346809,       4.403799029
          0,           0,        2276,       -2.85941757,      -0.658144159,     -0.7832570417,       2.529485181,      -1.078634073,       4.443201059
          0,           0,        2277,      -2.852276442,     -0.6542180828,     -0.7698953237,       2.537878629,      -1.077882577,       4.358386796
          0,           0,        2278,      -2.853046611,     -0.6782562475,      -0.803098589,       2.536074791,      -1.077112376,       4.451393871
          0,           0,        2279,       -2.84620879,     -0.6642933446,     -0.7841243361,       2.543298134,      -1.076415173,       4.456168042
          0,           0,        2280,      -2.853136051,     -0.6573315262,     -0.7921201342,       2.535140707,      -1.075738102,       4.357051402
          0,           0,        2281,        -2.8544359,     -0.6573625286,     -0.7867738785,       2.535146795,      -1.075086321,       4.354849084
          0,           0,        2282,       -2.84783557,     -0.6622780768,     -0.7988181176,       2.541292733,      -1.074296957,       4.463630949
          0,           0,        2283,      -2.852405984,     -0.6580677621,     -0.7674251491,       2.536523796,      -1.073562379,       4.478521604
          0,           0,        2284,      -2.852905372,      -0.641245564,     -0.7711198122,       2.535610103,      -1.072742177,       4.429336104
          0,           0,        2285,      -2.857994449,     -0.6623857914,     -0.7730739197,       2.530899876,      -1.071900493,       4.393174457
          0,           0,        2286,      -2.860660522,     -0.6562843185,     -0.7854000595,       2.528489794,      -1.071015237,       4.411404124
          0,           0,        2287,      -2.841513385,     -0.6524230768,     -0.7804171169,       2.547949662,      -1.070059213,        4.48032195
          0,           0,        2288,       -2.84666635,     -0.6374604914,     -0.7585524095,       2.543177862,      -1.069229215,       4.498077356
          0,           0,        2289,      -2.854477367,     -0.6421899207,     -0.7758673181,       2.534800196,      -1.068304873,       4.295854357
          0,           0,        2290,      -2.853911514,     -0.6608965513,     -0.7823132666,       2.535560879,      -1.067366994,       4.392235943
          0,           0,        2291,      -2.845674513,     -0.6491230522,     -0.7826638925,       2.544052409,      -1.066517668,       4.469467048
          0,           0,        2292,      -2.844759928,     -0.6303815881,     -0.7545050066,        2.54461311,      -1.065605745,        4.45739266
          0,           0,        2293,      -2.847001193,     -0.6266518173,     -0.7639534427,       2.542483535,      -1.064638062,       4.482426984
          0,           0,        2294,      -2.856685995,     -0.6363923471,     -0.7515173871,       2.532887751,      -1.063742353,       4.370858761
          0,           0,        2295,      -2.844043562,     -0.6465152104,     -0.7790717435,       2.546387579,      -1.062721636,        4.39405928
          0,           0,        2296,      -2.850621699,      -0.630109662,     -0.7514818278,        2.53797778,       -1.06180019,        4.48512386
          0,           0,        2297,       -2.84235043,     -0.6327615595,      -0.755141443,       2.547632987,      -1.060876449,       4.468748247
          0,           0,        2298,      -2.856726911,     -0.6365214244,     -0.7566501986,       2.531397443,       -1.05987952,       4.283613491
          0,           0,        2299,      -2.848683213,     -0.6467941564,     -0.7679619969,        2.54152682,      -1.058967401,       4.461633824
          0,           0,        2300,      -2.840992551,     -0.6339916861,        -0.7751424,       2.549495339,       -1.05801824,       4.513095451
          0,           0,        2301,      -2.842696185,     -0.6392821275,     -0.7528272737,       2.547467522,      -1.057206276,       4.494829497
          0,           0,        2302,      -2.840612584,     -0.6228821235,     -0.7570727679,       2.549363132,      -1.056410701,       4.475673708
          0,           0,        2303,      -2.847857073,     -0.6208012547,     -0.7449836124,       2.542083194,      -1.055695307,        4.37962369
          0,           0,        2304,      -2.844693666,     -0.6415692391,     -0.7786543316,       2.545830255,      -1.054873883,       4.384165197
          0,           0,        2305,      -2.843620185,     -0.6307421774,      -0.764716498,       2.545773331,      -1.054038965,       4.494695533
          0,           0,        2306,      -2.838502577,     -0.6319555176,     -0.7700371157,       2.551153624,      -1.053205858,       4.513456178
          0,           0,        2307,      -2.852496901,     -0.6289912824,     -0.7606361045,        2.53708978,      -1.052331499,       4.307624277
          0,           0,        2308,      -2.847849964,      -0.635438663,     -0.7713972411,        2.54278431,      -1.051650428,       4.414123095
          0,           0,        2309,      -2.855054598,      -0.622104191,     -0.7605695172,       2.534821859,      -1.050911439,        4.40518033
          0,           0,        2310,      -2.859642102,     -0.6552298585,     -0.7719509037,       2.529529105,      -1.050233317,       4.392890911
          0,           0,        2311,      -2.848743999,     -0.6283036709,     -0.7545211883,       2.540989624,      -1.049542486,       4.433781803
          0,           0,        2312,      -2.864313284,     -0.6308701027,     -0.7415655742,       2.524801898,      -1.048880451,       4.351402557
          0,           0,        2313,      -2.844629018,      -0.660801736,      -0.780365431,       2.546252485,      -1.048272624,       4.399382535
          0,           0,        2314,       -2.85721147,     -0.6413410687,      -0.755267738,       2.531361128,      -1.047615845,       4.464040588
          0,           0,        2315,      -2.847485927,     -0.6624078516,     -0.7736109907,       2.542447911,       -1.04704527,       4.441583158
          0,           0,        2316,      -2.849584649,     -0.6516858745,     -0.7584409843,       2.539694211,      -1.046602299,       4.314575763
          0,           0,        2317,      -2.849814257,      -0.676558342,      -0.769225447,       2.539981395,      -1.046146932,       4.480662984
          0,           0,        2318,      -2.839467491,     -0.6571975699,     -0.7617514179,       2.549994414,      -1.045726911,       4.480726969
          0,           0,        2319,      -2.843771155,     -0.6561946907,     -0.7462161099,       2.545837337,      -1.045412349,       4.517684925
          0,           0,        2320,      -2.842678063,     -0.6532670099,     -0.7589639713,       2.547379826,      -1.044978732,         4.5608792
          0,           0,        2321,       -2.84849758,     -0.6515512197,     -0.7585606716,       2.540864449,      -1.044601761,        4.52105772
          0,           0,        2322,      -2.848181143,     -0.6621857028,      -0.787971296,       2.541601466,      -1.044331841,       4.512911058
          0,           0,        2323,      -2.845039152,     -0.6425440392,      -0.769721551,       2.543901973,      -1.044024257,        4.51005501
          0,           0,        2324,      -2.844866763,     -0.6348203702,     -0.7665043191,       2.544466266,      -1.043732296,       4.461096841
          0,           0,        2325,       -2.85356891,     -0.6441317315,     -0.7570440726,       2.534705351,       -1.04339299,       4.400656269
          0,           0,        2326,        -2.8493479,     -0.6351163671,     -0.7622091662,       2.540364754,      -1.043063076,       4.440710726
          0,           0,        2327,      -2.855986574,     -0.6231018245,     -0.7421837331,       2.533189807,      -1.042693275,       4.418638187
          0,           0,        2328,      -2.851913631,     -0.6509290427,     -0.7696894882,       2.536783967,      -1.042398535,       4.406683216
          0,           0,        2329,      -2.850866543,     -0.6311923862,     -0.7560057815,       2.537398867,      -1.041983683,        4.44445339
          0,           0,        2330,      -2.862442108,     -0.6413011936,     -0.7400797854,       2.526201479,      -1.041589922,       4.490441767
          0,           0,        2331,      -2.843345111,     -0.6476735057,     -0.7669552959,        2.54650124,      -1.041351255,       4.504451419
          0,           0,        2332,      -2.857667878,     -0.6631590619,      -0.760667517,       2.530267426,      -1.040935765,       4.530284266
          0,           0,        2333,      -2.851098571,     -0.6513423938,     -0.7699562826,       2.537278208,      -1.040395845,       4.508741897
          0,           0,        2334,      -2.845168301,      -0.658068846,      -0.757356119,       2.543761667,      -1.040016862,       4.435497925
          0,           0,        2335,      -2.849804509,     -0.6553876788,     -0.7604777361,       2.539408995,      -1.039594157,       4.485422524
          0,           0,        2336,      -2.851024525,     -0.6373151617,     -0.7565289503,       2.537936944,      -1.039090346,       4.376569165
          0,           0,        2337,      -2.848247349,     -0.6521661437,     -0.7586450632,        2.54098946,      -1.038762193,       4.432922197
          0,           0,        2338,      -2.854388926,      -0.640564963,     -0.7745702474,        2.53406103,      -1.038274889,       4.438019213
          0,           0,        2339,      -2.856873453,     -0.6315015707,     -0.7496876819,       2.531845217,      -1.037745989,       4.361174554
          0,           0,        2340,      -2.849324161,     -0.6596743666,      -0.775318158,        2.53998215,      -1.037233684,       4.416660801
          0,           0,        2341,      -2.851120049,     -0.6442186184,     -0.7542530726,       2.537424663,      -1.036732925,       4.460250243
          0,           0,        2342,      -2.850774211,     -0.6471639555,     -0.7690274101,       2.537544704,      -1.036173887,       4.411432213
          0,           0,        2343,      -2.844235359,     -0.6472620562,     -0.7607397818,       2.544588034,      -1.035597515,       4.353554287
          0,           0,        2344,      -2.847283393,     -0.6453483467,     -0.7629163125,       2.541359607,      -1.035063862,       4.419480501
          0,           0,        2345,      -2.849044638,     -0.6565988406,     -0.7562313679,        2.53956522,      -1.034448915,       4.436563212
          0,           0,        2346,      -2.841217863,     -0.6435723386,     -0.7722371888,       2.548301257,      -1.033849465,        4.48419555
          0,           0,        2347,      -2.852053129,     -0.6528145592,     -0.7613428667,       2.537018084,      -1.033337104,       4.504252407
          0,           0,        2348,      -2.846109165,     -0.6589754807,     -0.7715930816,       2.543800577,      -1.032780075,       4.461680885
          0,           0,        2349,      -2.845753037,     -0.6569908789,     -0.7667838334,       2.543318416,      -1.032265816,       4.476890342
          0,           0,        2350,      -2.845754966,     -0.6462731994,     -0.7478030406,       2.543335787,      -1.031743266,        4.47100343
          0,           0,        2351,      -2.850562698,     -0.6460466126,     -0.7639706503,       2.537937867,      -1.031260691,       4.397895905
          0,           0,        2352,      -2.845891678,     -0.6586372403,     -0.7820273361,       2.543449258,      -1.030715223,       4.421158474
          0,           0,        2353,      -2.851712336,     -0.6423893655,     -0.7824593386,       2.536983356,      -1.030096075,       4.422184383
          0,           0,        2354,      -2.845403965,     -0.6449011923,     -0.7684213851,       2.543731453,      -1.029495027,       4.389858704
          0,           0,        2355,      -2.848141097,      -0.627806816,     -0.7693914867,       2.540317116,      -1.028867954,       4.428170941
          0,           0,        2356,      -2.855906778,     -0.6423993655,     -0.7676616492,       2.533058742,      -1.028413341,       4.363118468
          0,           0,        2357,      -2.846069161,     -0.6576272594,     -0.7951519112,       2.543844883,      -1.027919555,       4.355080521
          0,           0,        2358,      -2.852954196,       -0.64727599,      -0.781504382,       2.535711768,      -1.027462964,       4.494765082
          0,           0,        2359,      -2.838833055,     -0.6562449944,     -0.7845999923,       2.551298662,       -1.02715371,       4.490342054
          0,           0,        2360,      -2.849432847,     -0.6573228079,     -0.7873573065,       2.539054238,      -1.026877558,       4.414403965
          0,           0,        2361,      -2.846671429,     -0.6721853039,     -0.7912712906,       2.543198231,       -1.02659122,       4.482291108
          0,           0,        2362,      -2.842567756,     -0.6539412816,     -0.7719395386,       2.546795011,      -1.026341947,       4.402612865
          0,           0,        2363,      -2.841953196,     -0.6592276602,     -0.7657574753,       2.547883189,      -1.026116552,         4.4298844
          0,           0,        2364,      -2.842205518,     -0.6351235209,     -0.7712725717,       2.547410317,      -1.026151519,       4.494364323
          0,           0,        2365,      -2.844565151,     -0.6409563883,     -0.7560275933,       2.545208838,      -1.026119114,       4.376093533
          0,           0,        2366,      -2.844514513,     -0.6529389772,     -0.7787695631,       2.545747842,      -1.026151929,        4.39642423
          0,           0,        2367,      -2.851337199,     -0.6401512377,     -0.7650039526,       2.537981748,      -1.025989314,       4.465501869
          0,           0,        2368,      -2.844454354,     -0.6245946969,     -0.7592524744,       2.544935984,      -1.025929833,       4.506613569
          0,           0,        2369,      -2.852314689,     -0.6510295736,     -0.7770751839,       2.536917842,      -1.025829043,       4.443360449
          0,           0,        2370,      -2.852346417,     -0.6344583334,     -0.7681562805,       2.537483051,      -1.025687667,       4.466802068
          0,           0,        2371,      -2.858248283,     -0.6320953921,     -0.7799425267,       2.530691121,       -1.02545547,       4.409980217
          0,           0,        2372,      -2.854548647,     -0.6455701553,     -0.7636472701,       2.534898703,      -1.025240537,       4.426798032
          0,           0,        2373,      -2.847960745,     -0.6288683781,     -0.7667694218,       2.541233081,      -1.025001454,       4.471809223
          0,           0,        2374,      -2.864824822,     -0.6346384401,     -0.7617467814,       2.523855188,      -1.024687837,        4.39717691
          0,           0,        2375,        -2.8507619,     -0.6534946286,     -0.7874182178,       2.539893493,      -1.024366771,       4.391484362
          0,           0,        2376,      -2.866123287,      -0.657602876,     -0.7715689305,       2.522386319,      -1.024108593,       4.500308409
          0,           0,        2377,      -2.845151859,     -0.6491470915,     -0.7657317568,        2.54498295,      -1.023810497,       4.509282479
          0,           0,        2378,      -2.849119239,     -0.6502288895,     -0.7647148217,       2.540935547,      -1.023415318,       4.419733193
          0,           0,        2379,      -2.852785192,     -0.6629735711,     -0.7702975856,       2.537414863,      -1.022917948,       4.485899535
          0,           0,        2380,      -2.840975243,     -0.6685078514,     -0.7696139162,        2.54909655,      -1.022344865,       4.422725503
          0,           0,        2381,      -2.847112576,      -0.665271114,     -0.7554750645,       2.542430917,      -1.021752955,       4.453696493
          0,           0,        2382,      -2.840306294,     -0.6453829212,     -0.7596496593,       2.550490395,      -1.021137717,       4.460832744
          0,           0,        2383,      -2.849092345,     -0.6564407385,     -0.7472606672,       2.541490394,      -1.020470256,       4.350361858
          0,           0,        2384,      -2.849336376,      -0.670744751,     -0.7841856449,       2.541310688,       -1.01977871,       4.415143409
          0,           0,        2385,      -2.845370142,     -0.6554823955,     -0.7642876506,       2.544780839,       -1.01898765,       4.510503068
          0,           0,        2386,       -2.84265589,     -0.6431046401,     -0.7512112175,       2.547356527,      -1.018065114,       4.507132058
          0,           0,        2387,      -2.844960292,     -0.6428949384,     -0.7440043876,       2.545090162,      -1.017108833,       4.448617517
          0,           0,        2388,      -2.856169139,     -0.6447730583,     -0.7485872459,       2.534215057,       -1.01614225,       4.384188858
          0,           0,        2389,      -2.862626562,     -0.6430066608,     -0.7473434838,       2.526838742,      -1.015163431,       4.415315222
          0,           0,        2390,      -2.848956366,     -0.6575848439,     -0.7590276991,         2.5406204,      -1.014319898,       4.448833967
          0,           0,        2391,      -2.853566894,     -0.6418840512,     -0.7591077752,       2.535935185,      -1.013485665,       4.447332741
          0,           0,        2392,      -2.863473633,      -0.639088206,     -0.7443766863,       2.525422053,      -1.012512333,       4.401485282
          0,           0,        2393,      -2.852042367,      -0.651129952,     -0.7764541835,       2.538139179,       -1.01150423,       4.388807437
          0,           0,        2394,      -2.853933406,     -0.6641494874,     -0.7813021166,       2.534892347,      -1.010488688,        4.43602343
          0,           0,        2395,      -2.847053188,     -0.6656708621,     -0.7794739784,       2.542641295,      -1.009516755,       4.442620776
          0,           0,        2396,      -2.852462293,     -0.6711982672,     -0.7838900868,       2.536361808,      -1.008525425,       4.422763905
          0,           0,        2397,      -2.859602246,     -0.6719212674,     -0.7862777018,       2.529844807,      -1.007494574,       4.436760898
          0,           0,        2398,      -2.848207887,     -0.6640806182,     -0.7855777098,       2.541717833,      -1.006471203,       4.430142253
          0,           0,        2399,      -2.850639021,      -0.650488228,     -0.7668635388,       2.538520303,      -1.005420953,       4.464881868
          0,           0,        2400,      -2.849318091,     -0.6454179869,     -0.7743811546,       2.540359347,      -1.004340721,       4.429771908
          0,           0,        2401,      -2.853961299,     -0.6352164723,     -0.7443043939,       2.535557855,      -1.003272162,       4.405805136
          0,           0,        2402,      -2.849915106,     -0.6486571161,     -0.7777154159,       2.540034434,      -1.002363952,       4.434131571
          0,           0,        2403,       -2.84711148,     -0.6534432603,     -0.7563787513,       2.542668977,      -1.001586679,       4.486481037
          0,           0,        2404,       -2.85757071,     -0.6559632434,     -0.7718926316,       2.531147205,      -1.000988089,       4.479027392
          0,           0,        2405,      -2.845103005,     -0.6592235564,     -0.7687890867,       2.544817802,       -1.00044052,       4.449923808
          0,           0,        2406,      -2.862807837,     -0.6561233596,     -0.7745036418,       2.526419928,     -0.9998673437,       4.401528508
          0,           0,        2407,      -2.850006206,     -0.6676750217,     -0.7729891802,       2.539667568,     -0.9992336715,       4.423823789
          0,           0,        2408,      -2.849673406,     -0.6558620419,     -0.7663903066,       2.539594649,     -0.9985253222,       4.450536377
          0,           0,        2409,      -2.847272147,     -0.6591269409,     -0.7681271227,        2.54282081,     -0.9979654261,       4.418472026
          0,           0,        2410,      -2.859194324,     -0.6547913605,      -0.767484706,       2.530858241,     -0.9974458227,       4.371688447
          0,           0,        2411,      -2.851920902,     -0.6696165941,     -0.7910841405,         2.5386217,     -0.9969414347,       4.437648009
          0,           0,        2412,      -2.854947272,     -0.6581588013,     -0.7669307149,       2.534857868,     -0.9964135289,       4.493323546
          0,           0,        2413,      -2.844928344,     -0.6449587254,     -0.7721584415,       2.544973595,     -0.9958326724,       4.483080579
          0,           0,        2414,      -2.860150588,     -0.6352489348,      -0.754590468,       2.528681068,      -0.995139301,       4.311391532
          0,           0,        2415,      -2.861573692,     -0.6316973317,     -0.7673331431,       2.528140318,     -0.9944579512,       4.342893842
          0,           0,        2416,      -2.857006012,     -0.6279322715,     -0.7610088824,       2.532566865,     -0.9936556533,       4.400827757
          0,           0,        2417,      -2.858474195,     -0.6162140344,     -0.7594247536,       2.530810911,     -0.9929400629,       4.447878896
          0,           0,        2418,      -2.858036693,     -0.6168331998,      -0.751799394,       2.531545874,     -0.9921417183,       4.362806951
          0,           0,        2419,      -2.866485594,     -0.6244914071,     -0.7619115551,       2.523244355,     -0.9913193936,        4.39480447
          0,           0,        2420,       -2.85386171,     -0.6406530847,     -0.7693658812,       2.536559046,     -0.9904029295,       4.353477581
          0,           0,        2421,      -2.853875619,     -0.6375621644,     -0.7544623595,        2.53627969,     -0.9894753067,       4.440413458
          0,           0,        2422,      -2.853293801,     -0.6373457393,     -0.7683183381,       2.536953021,     -0.9884726206,       4.437138316
          0,           0,        2423,       -2.85489463,     -0.6426164288,     -0.7634375082,        2.53511099,     -0.9874138829,        4.41177523
          0,           0,        2424,      -2.852780753,     -0.6641475138,     -0.7810341748,       2.537871802,     -0.9863955341,       4.367275952
          0,           0,        2425,      -2.858414952,     -0.6599713785,     -0.7711982809,       2.531620063,     -0.9852316739,       4.430876952
          0,           0,        2426,       -2.84553279,     -0.6548019551,     -0.7770178237,       2.545225905,     -0.9840404453,       4.466687024
          0,           0,        2427,       -2.85409529,     -0.6432393779,     -0.7604064432,       2.536151626,     -0.9827768599,       4.376639603
          0,           0,        2428,      -2.859668001,     -0.6575332493,     -0.7777346235,       2.530344681,     -0.9814297619,       4.409296546
          0,           0,        2429,      -2.850334873,     -0.6438176584,      -0.774645407,       2.540677783,     -0.9801156763,       4.500866647
          0,           0,        2430,      -2.851837244,     -0.6469342773,     -0.7703556338,       2.538607567,     -0.9786834367,       4.483789981
          0,           0,        2431,      -2.856061014,      -0.658942172,     -0.7608093945,        2.53348622,      -0.977315782,       4.414808495
          0,           0,        2432,      -2.857528549,     -0.6437794591,     -0.7571793498,       2.532377169,       -0.97587851,       4.355872369
          0,           0,        2433,      -2.863834927,     -0.6585791932,     -0.7759691053,       2.526434969,     -0.9743193748,       4.392980373
          0,           0,        2434,      -2.856484121,      -0.639097047,     -0.7552947665,       2.533824542,     -0.9728010784,        4.40544644
          0,           0,        2435,      -2.851852557,     -0.6373983429,     -0.7538694592,       2.538130739,     -0.9713346486,       4.454545519
          0,           0,        2436,      -2.863021896,     -0.6420362063,     -0.7500302683,       2.527077826,     -0.9698692786,       4.378704621
          0,           0,        2437,      -2.866536928,     -0.6590185951,     -0.7742932576,       2.523480846,     -0.9683566534,       4.362217964
          0,           0,        2438,      -2.851960588,     -0.6574891203,     -0.7700207892,       2.538421127,     -0.9668828612,       4.461917959
          0,           0,        2439,      -2.843409541,     -0.6635076264,     -0.7741218838,       2.547262185,     -0.9654530082,       4.522606822
          0,           0,        2440,      -2.849890208,     -0.6518186108,      -0.763886113,       2.540158321,     -0.9640301605,       4.394258946
          0,           0,        2441,      -2.854481947,     -0.6740525457,     -0.7783091229,       2.535840235,     -0.9625195022,       4.351845468
          0,           0,        2442,      -2.846500087,     -0.6637471502,     -0.7840787163,       2.543971971,     -0.9610681882,       4.399693869
          0,           0,        2443,      -2.845649867,     -0.6702562616,     -0.7756354768,       2.544558339,      -0.959753971,       4.496404723
          0,           0,        2444,      -2.847199013,     -0.6612519189,     -0.7735708131,       2.542658542,     -0.9584890981,       4.510629523
          0,           0,        2445,      -2.852165005,     -0.6478230704,     -0.7495118433,       2.537864022,     -0.9573757794,        4.38099642
          0,           0,        2446,      -2.850501379,     -0.6600628205,     -0.7807572281,       2.539860881,     -0.9563305347,       4.395828439
          0,           0,        2447,      -2.847325644,     -0.6551363028,     -0.7634539843,         2.5431216,     -0.9553949574,       4.476108822
          0,           0,        2448,      -2.846569933,     -0.6419968022,     -0.7681585493,       2.542258944,     -0.9544319581,       4.498835544
          0,           0,        2449,      -2.854277361,      -0.645416481,     -0.7572657116,       2.534615843,     -0.9534717661,       4.430686872
          0,           0,        2450,      -2.857267216,      -0.631178496,      -0.750519316,       2.533362242,     -0.9525984818,       4.450476937
          0,           0,        2451,      -2.853031702,      -0.641070818,     -0.7615921166,       2.537131532,     -0.9516958427,       4.494380437
          0,           0,        2452,      -2.853709179,     -0.6386605784,     -0.7616232194,       2.536059179,     -0.9508031366,       4.491156831
          0,           0,        2453,      -2.849234772,     -0.6228249013,     -0.7570811337,       2.540163079,     -0.9498666233,       4.487376538
          0,           0,        2454,      -2.867777436,     -0.6270535636,     -0.7350215746,       2.521764364,     -0.9490458278,       4.414108978
          0,           0,        2455,      -2.852996224,     -0.6441552225,     -0.7670579022,       2.537914627,     -0.9482069658,       4.396633655
          0,           0,        2456,      -2.858881863,     -0.6489031772,     -0.7463521551,       2.530501138,     -0.9474649425,       4.463090061
          0,           0,        2457,      -2.841080069,     -0.6423573223,     -0.7560557176,       2.549548186,     -0.9467732111,       4.487017627
          0,           0,        2458,      -2.853718964,     -0.6308658652,     -0.7422603906,       2.535580695,     -0.9460614162,       4.306868657
          0,           0,        2459,      -2.856888835,     -0.6617572834,     -0.7637492669,       2.533193359,     -0.9452522539,       4.392424149
          0,           0,        2460,      -2.849964783,     -0.6356014214,     -0.7744004599,       2.540066856,     -0.9443874869,       4.434606365
          0,           0,        2461,       -2.84893232,     -0.6477902306,     -0.7702110063,       2.540843262,     -0.9435182045,       4.490916758
          0,           0,        2462,      -2.845417009,     -0.6302312592,     -0.7620435494,       2.545140785,     -0.9426891597,       4.491127807
          0,           0,        2463,      -2.860891458,     -0.6340920706,     -0.7487351789,       2.528945842,     -0.9418310719,       4.271380863
          0,           0,        2464,      -2.849701706,     -0.6533795596,     -0.7858062789,       2.541030836,     -0.9408998176,       4.378463073
          0,           0,        2465,      -2.853963622,     -0.6583609939,     -0.7692094914,       2.535465803,     -0.9399866936,       4.485313613
          0,           0,        2466,       -2.84234509,     -0.6538502845,     -0.7871740847,       2.547690908,     -0.9390251009,       4.511328626
          0,           0,        2467,      -2.852601766,     -0.6500295067,     -0.7564934123,       2.536499123,     -0.9380515441,       4.456566526
          0,           0,        2468,      -2.856769892,     -0.6614403501,     -0.7760557255,         2.5335337,     -0.9370520783,       4.473561519
          0,           0,        2469,      -2.850952359,      -0.656403264,     -0.7529854314,       2.539309514,     -0.9359532843,          4.528703
          0,           0,        2470,      -2.843942709,     -0.6496792008,     -0.7688539907,       2.546310421,     -0.9347997138,        4.54285624
          0,           0,        2471,      -2.848475179,     -0.6392245753,     -0.7557121415,       2.541701531,     -0.9336447626,       4.414176958
          0,           0,        2472,      -2.858397983,     -0.6465963924,     -0.7423580205,       2.531830584,     -0.9323921483,       4.409814957
          0,           0,        2473,      -2.843093879,     -0.6509476664,     -0.7812403757,       2.547918745,     -0.9311341617,       4.396752943
          0,           0,        2474,      -2.849620825,     -0.6500833477,     -0.7573279784,       2.540697252,     -0.9298903013,       4.458964706
          0,           0,        2475,      -2.852535778,     -0.6478944633,     -0.7691453545,       2.536915355,      -0.928657439,       4.470545723
          0,           0,        2476,      -2.854554764,     -0.6407953028,     -0.7676912868,       2.536006419,     -0.9273789703,       4.386513751
          0,           0,        2477,      -2.858617128,     -0.6459216698,     -0.7772498325,       2.531752013,     -0.9261832091,       4.430994168
          0,           0,        2478,      -2.857505064,     -0.6398340717,      -0.763753144,       2.532340739,     -0.9249897829,       4.458182561
          0,           0,        2479,      -2.848557575,     -0.6375338949,     -0.7576216495,       2.542005487,     -0.9237858513,       4.435806786
          0,           0,        2480,      -2.860354845,      -0.632949317,     -0.7592923573,       2.529552578,     -0.9225795354,       4.396910612
          0,           0,        2481,      -2.868567465,     -0.6448478456,     -0.7454053404,       2.521438427,     -0.9213534022,       4.309395007
          0,           0,        2482,      -2.854113987,     -0.6621569889,     -0.7745222054,       2.536372626,     -0.9202092966,       4.420981015
          0,           0,        2483,      -2.852356481,     -0.6658556064,     -0.7585984896,       2.537421184,     -0.9191184935,       4.503614744
          0,           0,        2484,      -2.849523772,     -0.6593722532,     -0.7685453277,       2.540365514,     -0.9180161523,       4.430436757
          0,           0,        2485,      -2.855991247,     -0.6620712557,     -0.7645850556,       2.534213582,     -0.9169751599,       4.316531735
          0,           0,        2486,      -2.851530136,     -0.6787318244,       -0.78523405,       2.538823881,     -0.9160237041,       4.364455544
          0,           0,        2487,      -2.843723402,     -0.6677258072,     -0.7700824733,       2.546393992,     -0.9151422809,       4.409915673
          0,           0,        2488,      -2.847448973,     -0.6518157771,     -0.7775013232,       2.542840751,      -0.914238603,       4.426695665
          0,           0,        2489,      -2.851348154,     -0.6558855577,     -0.7794967706,       2.539536603,     -0.9134809059,       4.327923662
          0,           0,        2490,      -2.846929743,      -0.644786331,     -0.7821828484,       2.544312899,     -0.9127656788,       4.297194039
          0,           0,        2491,      -2.841277843,     -0.6493857567,     -0.7795807951,       2.549252535,     -0.9120428043,       4.471347133
          0,           0,        2492,      -2.835501113,     -0.6384658961,     -0.7687191028,       2.555622656,     -0.9113360082,       4.493593964
          0,           0,        2493,      -2.853607709,     -0.6395205196,     -0.7658138676,       2.536416725,     -0.9105806533,       4.305572164
          0,           0,        2494,       -2.85955273,     -0.6553066782,     -0.7690487912,       2.530633703,     -0.9098107648,       4.367712226
          0,           0,        2495,      -2.849379795,     -0.6446848032,     -0.7732747463,       2.540564186,     -0.9090373669,       4.453731326
          0,           0,        2496,      -2.847755586,     -0.6381846991,     -0.7518252567,       2.542302379,     -0.9082208151,       4.523182167
          0,           0,        2497,      -2.843006104,     -0.6200037647,     -0.7577432176,       2.547661775,     -0.9074774018,       4.526848774
          0,           0,        2498,      -2.861583004,     -0.6343364334,     -0.7428876434,       2.528034851,     -0.9066655994,       4.378503067
          0,           0,        2499,      -2.852767782,     -0.6624952516,     -0.7897645629,       2.538621479,     -0.9058501687,        4.39265214
          0,           0,        2500,      -2.854799811,     -0.6532462811,     -0.7731927249,       2.534800806,     -0.9050041489,       4.503088968
          0,           0,        2501,      -2.841646442,     -0.6466190548,     -0.7703223419,       2.549506296,     -0.9040762592,       4.519690521
          0,           0,        2502,      -2.853592289,     -0.6506276124,     -0.7779661574,       2.535989558,     -0.9031237893,       4.318149898
          0,           0,        2503,       -2.85876452,     -0.6728380509,     -0.7922033795,       2.531879802,     -0.9021577549,        4.36552636
          0,           0,        2504,      -2.848427753,     -0.6654435648,     -0.7929060255,       2.542202349,     -0.9012070575,       4.405469718
          0,           0,        2505,      -2.844492317,     -0.6645059311,     -0.7882156251,       2.545883123,     -0.9002291617,       4.448566792
          0,           0,        2506,      -2.848543296,     -0.6406870964,     -0.7845113783,       2.541652448,     -0.8992165865,       4.457342923
          0,           0,        2507,      -2.849782607,      -0.633021241,     -0.7661719909,        2.54080189,     -0.8981770231,       4.353704469
          0,           0,        2508,      -2.845778456,      -0.647785376,     -0.7894231142,       2.545352483,     -0.8970995756,       4.425226799
          0,           0,        2509,      -2.850744217,     -0.6470780289,     -0.7724448227,       2.539027114,     -0.8959566776,       4.518601365
          0,           0,        2510,      -2.846093856,      -0.632437903,     -0.7588061866,        2.54391868,     -0.8948283783,       4.501682606
          0,           0,        2511,      -2.858926785,     -0.6374107737,     -0.7676334916,        2.53137028,     -0.8936699658,       4.251022055
          0,           0,        2512,      -2.853527119,     -0.6542402971,     -0.7721974308,       2.537672012,     -0.8925155216,       4.385729926
          0,           0,        2513,      -2.856038426,     -0.6420436929,     -0.7638179735,       2.534364296,     -0.8913685534,        4.44025908
          0,           0,        2514,       -2.84536785,     -0.6416653023,     -0.7561504041,       2.545393655,     -0.8902164506,       4.447586882
          0,           0,        2515,      -2.850646064,     -0.6410769016,     -0.7594296541,       2.539416224,     -0.8890197289,       4.434651111
          0,           0,        2516,      -2.861060206,     -0.6567073027,     -0.7557924836,       2.529468142,     -0.8878449093,       4.361852539
          0,           0,        2517,      -2.851211968,     -0.6601526136,     -0.7918639553,       2.540103631,      -0.886673798,       4.391537569
          0,           0,        2518,      -2.849943435,     -0.6676935515,     -0.7786805004,       2.539871209,     -0.8855454458,       4.495893684
          0,           0,        2519,       -2.84750899,     -0.6323572713,     -0.7600954743,       2.542596411,      -0.884446863,       4.475653675
          0,           0,        2520,      -2.853274268,     -0.6656374986,     -0.7723129041,       2.536656596,     -0.8833463567,       4.267945075
          0,           0,        2521,      -2.853500324,     -0.6415731243,     -0.7622818525,       2.537164377,     -0.8822671444,       4.407447972
          0,           0,        2522,      -2.856525659,     -0.6326472995,     -0.7615085272,       2.534092904,     -0.8812236556,       4.438006621
          0,           0,        2523,       -2.84961515,     -0.6456600712,     -0.7766728023,       2.540938556,     -0.8802359492,       4.457504387
          0,           0,        2524,      -2.862504402,     -0.6238842442,     -0.7508593996,       2.527021135,     -0.8792722628,       4.425523668
          0,           0,        2525,      -2.866068259,     -0.6448691102,     -0.7607638763,        2.52446592,      -0.878390333,       4.290538484
          0,           0,        2526,      -2.853901639,     -0.6610156652,     -0.7858829355,       2.536568948,     -0.8775613157,       4.434446318
          0,           0,        2527,      -2.852205737,     -0.6652999144,     -0.7703663461,       2.537885898,     -0.8767284121,       4.537310066
          0,           0,        2528,      -2.850619265,     -0.6634395922,     -0.7734803345,       2.539698434,     -0.8759716171,       4.500409114
          0,           0,        2529,      -2.860218437,     -0.6693600344,      -0.772642035,       2.529642429,     -0.8752116318,        4.37534776
          0,           0,        2530,       -2.85963697,     -0.6851387757,     -0.7954088802,       2.531129137,     -0.8744828562,       4.439735515
          0,           0,        2531,      -2.853391312,     -0.6743325188,     -0.7788921881,        2.53693032,     -0.8737773204,       4.449831645
          0,           0,        2532,      -2.844199325,     -0.6635576597,     -0.7697960438,       2.546562281,     -0.8730958774,       4.465719557
          0,           0,        2533,       -2.85336328,     -0.6522130785,     -0.7760449914,       2.537448804,     -0.8724603434,       4.428128065
          0,           0,        2534,      -2.859048899,      -0.645739945,     -0.7485759616,       2.531505591,     -0.8718126983,       4.418221862
          0,           0,        2535,      -2.849741338,     -0.6729971127,     -0.7877725163,       2.541585416,     -0.8711784485,       4.456473679
          0,           0,        2536,      -2.856543409,     -0.6578073934,     -0.7603351881,       2.533869183,     -0.8705343801,       4.506590415
          0,           0,        2537,      -2.859662196,     -0.6446324637,     -0.7762580438,       2.530184092,     -0.8698647723,       4.477386343
          0,           0,        2538,      -2.864265185,     -0.6508541559,      -0.767430779,       2.526585708,     -0.8692035654,       4.395263278
          0,           0,        2539,      -2.864348431,     -0.6311690362,     -0.7623642879,       2.526010025,     -0.8684763581,       4.409021482
          0,           0,        2540,      -2.866917379,     -0.6441523567,     -0.7668892549,       2.523349249,     -0.8677544843,       4.410757497
          0,           0,        2541,      -2.853370819,     -0.6332203155,     -0.7628886907,       2.537495494,     -0.8670425741,       4.365769129
          0,           0,        2542,      -2.877866574,      -0.631229605,     -0.7568487121,       2.511851877,     -0.8663243966,        4.32265913
          0,           0,        2543,       -2.85902802,     -0.6355936596,     -0.7673691541,       2.532295103,     -0.8656190469,       4.380261754
          0,           0,        2544,      -2.859214759,     -0.6527867893,     -0.7725776085,       2.531349789,     -0.8648506697,       4.461455242
          0,           0,        2545,      -2.849207572,     -0.6450157034,     -0.7469882029,       2.541688703,     -0.8640506605,       4.525570936
          0,           0,        2546,      -2.855582513,       -0.64415888,     -0.7469883143,       2.534588024,     -0.8632592408,       4.410092721
          0,           0,        2547,      -2.848346958,     -0.6626357123,     -0.7636455438,       2.542666577,     -0.8624774127,        4.31357131
          0,           0,        2548,      -2.854813738,     -0.6573773321,     -0.7713661536,       2.536422394,     -0.8616552656,        4.42156429
          0,           0,        2549,      -2.848700285,     -0.6705156657,     -0.7735396098,       2.542578154,     -0.8607946549,       4.433721134
          0,           0,        2550,       -2.85005784,     -0.6494011552,     -0.7803326496,       2.540753079,     -0.8599307297,       4.428844529
          0,           0,        2551,      -2.855048984,     -0.6361355954,     -0.7622722319,       2.536288379,     -0.8589835132,       4.353500677
          0,           0,        2552,      -2.858993613,      -0.632316436,     -0.7772225472,       2.531881059,     -0.8580224688,       4.401857682
          0,           0,        2553,      -2.844712993,     -0.6461990834,     -0.7762336476,       2.546904503,     -0.8570937554,       4.442358836
          0,           0,        2554,      -2.845957118,     -0.6170274973,     -0.7421862589,        2.54533138,     -0.8560909794,       4.448345687
          0,           0,        2555,      -2.861644527,     -0.6355781893,     -0.7580664596,       2.529157108,     -0.8551516548,        4.37718592
          0,           0,        2556,      -2.855917014,     -0.6298470228,     -0.7477833036,       2.535512707,     -0.8541822084,       4.469838349
          0,           0,        2557,      -2.858692344,     -0.6432280416,     -0.7652744511,        2.53247691,     -0.8532211839,        4.51505628
          0,           0,        2558,       -2.85390923,      -0.635385108,     -0.7433574727,       2.538173981,     -0.8523172293,       4.464627456
          0,           0,        2559,      -2.856968838,     -0.6177493703,     -0.7495570593,       2.534042084,     -0.8514520582,       4.464274479
          0,           0,        2560,      -2.864568023,     -0.6505209318,     -0.7593998501,       2.527707708,     -0.8506390894,       4.419152581
          0,           0,        2561,      -2.864206101,      -0.648745967,     -0.7732372261,       2.527329184,     -0.8497935678,       4.501549759
          0,           0,        2562,      -2.851443371,     -0.6868877247,     -0.7775254533,       2.539992451,     -0.8490303479,       4.537599485
          0,           0,        2563,      -2.847726064,     -0.6610065735,     -0.7589646082,       2.543007725,     -0.8482664829,       4.528707861
          0,           0,        2564,      -2.853314001,     -0.6576941037,     -0.7656597298,       2.538757546,     -0.8475252399,       4.395267483
          0,           0,        2565,      -2.858757731,     -0.6671011419,     -0.7866200271,       2.533418352,     -0.8468930434,       4.415078111
          0,           0,        2566,      -2.848847903,     -0.6617751539,     -0.7871837413,       2.542608238,     -0.8462649808,       4.392429254
          0,           0,        2567,      -2.846972126,     -0.6498891836,     -0.7618080499,       2.544416455,     -0.8456737384,       4.428341947
          0,           0,        2568,      -2.851710343,     -0.6390817157,     -0.7715123429,       2.539316141,     -0.8451709023,       4.450306903
          0,           0,        2569,      -2.850327242,     -0.6425395359,     -0.7637500879,       2.541246817,     -0.8446699844,       4.360072521
          0,           0,        2570,      -2.846294215,     -0.6590799923,     -0.7804870112,       2.545539241,     -0.8442736326,       4.463487852
          0,           0,        2571,      -2.848602765,     -0.6492169242,     -0.7601772587,       2.542159624,     -0.8439128253,        4.51401589
          0,           0,        2572,      -2.854939308,     -0.6237155346,     -0.7612341252,       2.535750983,     -0.8436222034,       4.459596898
          0,           0,        2573,      -2.858739354,     -0.6486220374,     -0.7569017507,       2.532685784,     -0.8432968309,       4.409983362
          0,           0,        2574,      -2.859987935,     -0.6377599039,     -0.7648332155,       2.530946962,      -0.843061162,       4.492188809
          0,           0,        2575,      -2.850043347,     -0.6299622104,     -0.7486610501,       2.541802558,     -0.8428668479,       4.494642275
          0,           0,        2576,      -2.847253555,     -0.6342546567,     -0.7569520045,       2.544381138,     -0.8425987667,       4.486829167
          0,           0,        2577,      -2.862502988,     -0.6341845453,     -0.7537536207,       2.528134057,     -0.8423382574,       4.470392062
          0,           0,        2578,      -2.856870837,     -0.6397973961,     -0.7386873145,       2.534810329,     -0.8421178133,       4.419076901
          0,           0,        2579,      -2.849563392,     -0.6463274703,     -0.7705455684,       2.542300869,     -0.8418507878,       4.441976122
          0,           0,        2580,      -2.849994458,     -0.6465304049,     -0.7541074851,       2.540906578,     -0.8416093022,       4.499526885
          0,           0,        2581,      -2.857731732,     -0.6474198799,     -0.7584749936,       2.532786617,     -0.8413148387,       4.437475714
          0,           0,        2582,      -2.853505516,     -0.6644168291,     -0.7643506343,       2.537759788,      -0.840930256,       4.312634385
          0,           0,        2583,      -2.861258676,     -0.6506012326,     -0.7670207024,       2.529698305,     -0.8405336348,       4.428510542
          0,           0,        2584,      -2.853367323,      -0.658220527,     -0.7596325379,       2.537599096,     -0.8401077369,       4.432967943
          0,           0,        2585,      -2.846373394,     -0.6505217092,     -0.7635986154,       2.545025197,       -0.83962004,       4.405545797
          0,           0,        2586,      -2.858254683,     -0.6519444784,     -0.7507091592,       2.533128711,      -0.839185309,       4.449238772
          0,           0,        2587,      -2.847382914,     -0.6523035016,     -0.7497612834,       2.544658867,     -0.8386794222,       4.353064709
          0,           0,        2588,        -2.8483992,     -0.6740596045,     -0.7768551139,       2.542474162,     -0.8381514567,       4.483289827
          0,           0,        2589,      -2.836513502,     -0.6609908372,     -0.7557546357,       2.554642119,     -0.8376370341,       4.530806938
          0,           0,        2590,      -2.848967507,     -0.6601749292,     -0.7656190827,       2.540871426,     -0.8370675397,        4.42585268
          0,           0,        2591,      -2.845130626,     -0.6569190412,     -0.7612682875,       2.546308967,     -0.8364554631,       4.451784902
          0,           0,        2592,      -2.849943168,      -0.653255833,     -0.7681630842,       2.540368393,     -0.8358514526,       4.513417721
          0,           0,        2593,      -2.849565402,     -0.6641454744,     -0.7642943661,        2.54116245,     -0.8352458829,       4.454146413
          0,           0,        2594,      -2.848940271,     -0.6265352354,     -0.7676736351,       2.541549964,      -0.834619504,       4.446657095
          0,           0,        2595,      -2.862284852,     -0.6403304074,     -0.7619266927,       2.528556593,     -0.8339756381,       4.338345433
          0,           0,        2596,      -2.849462578,      -0.645639613,      -0.781222617,       2.542347585,     -0.8333297889,       4.334633728
          0,           0,        2597,      -2.850199247,     -0.6536124656,      -0.773007295,       2.540450759,     -0.8326943865,       4.500219633
          0,           0,        2598,      -2.844795923,     -0.6326351244,     -0.7636046063,       2.546600921,     -0.8320509954,       4.518139783
          0,           0,        2599,      -2.856770823,     -0.6561754247,       -0.77986561,       2.533509165,     -0.8314579936,       4.329484008
          0,           0,        2600,      -2.853550838,     -0.6716838441,     -0.7715801236,       2.537673978,     -0.8309026554,       4.430144897
          0,           0,        2601,       -2.85022382,     -0.6470294207,     -0.7877826557,       2.540487957,     -0.8303419594,       4.446870623
          0,           0,        2602,      -2.845116315,     -0.6553557104,     -0.7602325578,       2.545502082,     -0.8297812153,       4.465513778
          0,           0,        2603,      -2.852794745,     -0.6370598855,     -0.7720665065,       2.538056751,     -0.8292439908,       4.479029135
          0,           0,        2604,      -2.851741322,     -0.6477053007,     -0.7590216027,       2.539348288,      -0.828739163,       4.361888103
          0,           0,        2605,      -2.848423303,     -0.6570604525,      -0.779992295,       2.543231028,     -0.8282605738,       4.447662131
          0,           0,        2606,      -2.850505243,     -0.6629719888,     -0.7575364663,       2.540527473,     -0.8278024751,       4.526383431
          0,           0,        2607,      -2.838248482,     -0.6397726698,     -0.7561847115,       2.553461386,     -0.8273681942,       4.470599435
          0,           0,        2608,      -2.851837409,     -0.6543437169,     -0.7748993884,       2.539333397,     -0.8269163761,       4.312694608
          0,           0,        2609,      -2.852097158,     -0.6465582956,     -0.7618173588,       2.539875098,     -0.8265190703,       4.384674838
          0,           0,        2610,      -2.844912196,     -0.6487957598,     -0.7720320398,       2.546831104,     -0.8261322036,       4.396160441
          0,           0,        2611,      -2.847197996,     -0.6387966552,     -0.7528172011,       2.544453182,     -0.8258100652,       4.451775517
          0,           0,        2612,      -2.846995658,     -0.6258558757,      -0.761932948,       2.544299653,     -0.8255534518,        4.46323424
          0,           0,        2613,      -2.856321095,     -0.6260883644,     -0.7378775239,       2.534966977,      -0.825342741,       4.286328764
          0,           0,        2614,      -2.846072238,     -0.6511759519,     -0.7743733462,       2.545919296,     -0.8251530238,       4.406579069
          0,           0,        2615,      -2.848216348,     -0.6288361192,     -0.7456255855,       2.542871636,     -0.8250299052,       4.475793613
          0,           0,        2616,      -2.854991035,     -0.6318055155,     -0.7492914288,       2.535925715,     -0.8249443127,       4.445856168
          0,           0,        2617,      -2.852103156,     -0.6359467478,      -0.746609622,       2.539917147,     -0.8248900928,       4.311137728
          0,           0,        2618,      -2.858353099,     -0.6377073885,     -0.7504478444,       2.533535917,      -0.824889192,       4.420004459
          0,           0,        2619,      -2.851213545,     -0.6221637226,     -0.7554120409,       2.540633764,     -0.8249095727,       4.419184165
          0,           0,        2620,      -2.851876109,     -0.6304999573,     -0.7431815922,       2.539651223,     -0.8249232623,       4.441336101
          0,           0,        2621,      -2.853918599,     -0.6199545506,     -0.7517054932,       2.537351568,     -0.8250165088,       4.443000546
          0,           0,        2622,       -2.86063647,     -0.6132103692,     -0.7375637326,       2.531729038,      -0.825105401,       4.312623196
          0,           0,        2623,      -2.852421874,      -0.646088509,     -0.7788042509,       2.540170453,      -0.825197167,       4.427763209
          0,           0,        2624,      -2.854093839,     -0.6491079895,     -0.7562215559,       2.537318439,     -0.8253479357,       4.530465092
          0,           0,        2625,      -2.845180035,     -0.6251260259,     -0.7547202597,       2.546475841,     -0.8254537249,       4.485797392
          0,           0,        2626,      -2.858034237,     -0.6350732338,      -0.749452189,       2.533377758,     -0.8255533757,        4.36563118
          0,           0,        2627,         -2.854124,     -0.6428920761,       -0.75300182,       2.538052876,      -0.825660318,       4.392515925
          0,           0,        2628,      -2.852735557,     -0.6469642783,     -0.7642791322,       2.538906337,     -0.8257028662,        4.40034986
          0,           0,        2629,      -2.853236799,     -0.6298582117,     -0.7477532851,       2.538450256,     -0.8257841011,       4.420469943
          0,           0,        2630,      -2.848632541,     -0.6335978253,     -0.7646790366,       2.543021063,     -0.8258290326,       4.400280443
          0,           0,        2631,      -2.855033955,     -0.6280935703,     -0.7476625372,       2.536406963,     -0.8258911412,        4.35721656
          0,           0,        2632,      -2.843954837,      -0.655506976,     -0.7751079892,       2.548072387,     -0.8259575036,       4.417867811
          0,           0,        2633,      -2.847828337,     -0.6263903798,     -0.7569398208,       2.543532175,     -0.8259792458,       4.465888094
          0,           0,        2634,      -2.849801225,     -0.6633082535,     -0.7771397293,       2.541394934,     -0.8260131759,       4.411518658
          0,           0,        2635,      -2.854040059,     -0.6482936133,     -0.7614218048,       2.536500657,     -0.8260075925,       4.347733879
          0,           0,        2636,      -2.853995224,     -0.6710200146,     -0.7878835685,       2.537461966,     -0.8259515994,       4.426488876
          0,           0,        2637,       -2.85103149,     -0.6309493201,     -0.7522518463,       2.539919921,     -0.8258851523,       4.446543389
          0,           0,        2638,      -2.850837326,     -0.6605904878,     -0.7732177479,       2.540425589,     -0.8258285745,       4.452883428
          0,           0,        2639,      -2.850923543,     -0.6374557933,     -0.7607802154,       2.540000664,     -0.8257194978,       4.448030112
          0,           0,        2640,      -2.868692905,     -0.6522474696,     -0.7547214306,       2.521680128,     -0.8255570019,        4.46458506
          0,           0,        2641,      -2.848841833,     -0.6641923435,     -0.7917466842,       2.542412439,     -0.8253885426,       4.568601471
          0,           0,        2642,      -2.853573578,     -0.6652962312,     -0.7740929255,       2.537095909,     -0.8251889152,        4.59790866
          0,           0,        2643,      -2.852995951,     -0.6490035684,     -0.7760578222,       2.537678704,     -0.8249982911,        4.59600326
          0,           0,        2644,      -2.855062984,     -0.6527036257,     -0.7654416946,       2.535201904,     -0.8247502732,       4.538350593
          0,           0,        2645,      -2.850181179,     -0.6567740701,     -0.7675599545,       2.541433826,     -0.8245066048,        4.51633384
          0,           0,        2646,      -2.857879941,     -0.6570040024,     -0.7514288145,       2.532710711,     -0.8242335191,       4.420282355
          0,           0,        2647,      -2.855307976,     -0.6454790976,     -0.7519015127,       2.535529866,     -0.8239426485,       4.398882861
          0,           0,        2648,      -2.857927772,     -0.6435340984,     -0.7626683952,       2.532869745,     -0.8236702651,       4.402559973
          0,           0,        2649,      -2.856874365,      -0.653892939,     -0.7682494466,       2.533742055,      -0.823378047,       4.544205286
          0,           0,        2650,      -2.852031565,     -0.6595331276,     -0.7746072388,       2.538933226,     -0.8230582101,       4.599658932
          0,           0,        2651,       -2.84792367,     -0.6436793129,     -0.7524632366,       2.542939919,     -0.8227499492,       4.563250545
          0,           0,        2652,      -2.854457627,      -0.660079894,     -0.7751620002,       2.536475353,     -0.8224258508,       4.464712888
          0,           0,        2653,      -2.852816636,     -0.6690446472,     -0.7773522486,       2.538065889,     -0.8220946663,       4.462971214
          0,           0,        2654,      -2.855575614,     -0.6736890878,     -0.7894499138,       2.535304991,     -0.8217514739,        4.48557352
          0,           0,        2655,      -2.859065178,     -0.6653625859,     -0.7826748628,       2.531433346,     -0.8214257825,       4.481309019
          0,           0,        2656,      -2.848840284,     -0.6602455286,     -0.7702166847,       2.542386867,     -0.8212153978,       4.446246446
          0,           0,        2657,      -2.855386613,     -0.6469261205,     -0.7714343771,       2.535264522,     -0.8211006663,       4.358508054
          0,           0,        2658,      -2.852959757,     -0.6427441932,     -0.7557852926,       2.537931598,     -0.8210618247,       4.430596769
          0,           0,        2659,      -2.854772136,     -0.6665639146,     -0.7785777218,       2.536348651,     -0.8210667734,       4.411690152
          0,           0,        2660,      -2.860404408,     -0.6623807354,     -0.7604597935,       2.530078346,     -0.8211719426,       4.415482168
          0,           0,        2661,       -2.86174188,     -0.6760483596,     -0.7870641189,       2.528275685,     -0.8213226823,       4.368746624
          0,           0,        2662,      -2.855247767,     -0.6614674726,     -0.7769333892,       2.535221226,     -0.8214771118,       4.406263862
          0,           0,        2663,      -2.860117762,     -0.6581036526,     -0.7895202276,       2.530970846,     -0.8216761095,       4.412036366
          0,           0,        2664,      -2.854465545,     -0.6392231436,     -0.7633775111,       2.537086764,     -0.8219018682,       4.365241743
          0,           0,        2665,      -2.867032278,     -0.6381875941,     -0.7794700771,       2.523124344,     -0.8221249783,        4.41130642
          0,           0,        2666,      -2.863976648,     -0.6461676056,      -0.757392116,       2.527909879,     -0.8223242354,       4.394225336
          0,           0,        2667,      -2.865317295,     -0.6583527017,     -0.7799680875,        2.52525532,     -0.8225339669,       4.447794711
          0,           0,        2668,      -2.856065725,     -0.6541728821,     -0.7701486826,       2.535936528,     -0.8227540537,       4.511490872
          0,           0,        2669,       -2.84854023,     -0.6540597225,     -0.7742419516,       2.543856737,     -0.8229551368,       4.528838769
          0,           0,        2670,      -2.863298564,     -0.6666489876,     -0.7647072708,       2.527952611,     -0.8231340964,        4.48460829
          0,           0,        2671,      -2.852803614,     -0.6770232795,     -0.7696540028,       2.538988202,     -0.8232701083,       4.499907022
          0,           0,        2672,      -2.855858033,     -0.6720940185,     -0.7772183438,       2.535592352,     -0.8233758029,       4.420101483
          0,           0,        2673,      -2.849307709,     -0.6798577173,     -0.7704857215,       2.542206919,     -0.8234345744,       4.435560191
          0,           0,        2674,      -2.850391993,     -0.6407860775,     -0.7712301648,       2.540873456,     -0.8234573107,       4.429855468
          0,           0,        2675,      -2.853302484,     -0.6430045859,     -0.7737544766,       2.537856189,     -0.8234557991,       4.350643754
          0,           0,        2676,      -2.851347166,     -0.6569258007,     -0.7884503735,       2.540128973,     -0.8234304415,       4.374471267
          0,           0,        2677,      -2.852723896,     -0.6575998427,     -0.7807125932,       2.538320681,     -0.8233640029,       4.440750721
          0,           0,        2678,      -2.851638346,     -0.6370491983,     -0.7870683168,       2.539105032,     -0.8232688791,       4.451254648
          0,           0,        2679,      -2.855697028,     -0.6539166206,     -0.7807139026,       2.535670219,     -0.8231550198,       4.354758786
          0,           0,        2680,      -2.858516548,     -0.6537173469,     -0.7798334346,        2.53331537,     -0.8229831311,       4.427608214
          0,           0,        2681,      -2.853926021,     -0.6351526293,     -0.7709345788,       2.537042461,     -0.8227042301,        4.45282983
          0,           0,        2682,      -2.855414274,      -0.634862771,     -0.7668343039,       2.536499324,     -0.8224322718,       4.550242737
          0,           0,        2683,      -2.855312895,     -0.6255348986,      -0.762783354,       2.536140545,      -0.822074227,       4.555879164
          0,           0,        2684,      -2.857551746,     -0.6443923191,     -0.7574365035,       2.534155937,     -0.8217065455,        4.50865446
          0,           0,        2685,      -2.849852631,     -0.6505668747,     -0.7867980251,       2.542206386,     -0.8212795631,       4.524864023
          0,           0,        2686,      -2.854239965,     -0.6449744517,     -0.7603090995,       2.536852004,     -0.8207622791,       4.507456523
          0,           0,        2687,      -2.850898295,     -0.6455403073,      -0.768023988,       2.540763251,       -0.82023181,       4.466301358
          0,           0,        2688,      -2.856994282,      -0.663737343,     -0.7795399251,        2.53425791,     -0.8196567162,       4.320602588
          0,           0,        2689,      -2.849859134,      -0.659563215,     -0.7778045351,        2.54205634,     -0.8190419167,       4.492482389
          0,           0,        2690,      -2.853024031,       -0.66109796,     -0.7770125701,       2.538362423,     -0.8183819969,       4.521201824
          0,           0,        2691,      -2.842867043,     -0.6499588503,     -0.7732669494,       2.550135057,     -0.8177526981,       4.510616087
          0,           0,        2692,      -2.851962951,     -0.6443970783,     -0.7719366062,       2.540457738,     -0.8171070636,        4.56015483
          0,           0,        2693,      -2.845294731,     -0.6548112701,     -0.7524270172,       2.547779656,     -0.8164203089,       4.448090062
          0,           0,        2694,      -2.851495865,     -0.6498423089,     -0.7706527792,       2.540185557,     -0.8157261671,       4.449738082
          0,           0,        2695,       -2.84167223,     -0.6533974778,     -0.7564735876,       2.550441088,     -0.8150070601,       4.406083049
          0,           0,        2696,      -2.851015321,     -0.6452174603,     -0.7765449009,       2.540469674,     -0.8143216334,       4.369261048
          0,           0,        2697,      -2.855096669,     -0.6512820014,     -0.7623017215,         2.5366819,     -0.8136324097,       4.384979844
          0,           0,        2698,      -2.853585676,     -0.6441944015,      -0.776006318,       2.538052525,     -0.8129926231,       4.425446065
          0,           0,        2699,      -2.863933428,     -0.6581565596,     -0.7629419321,       2.527421253,     -0.8123524138,       4.407593819
          0,           0,        2700,      -2.850257974,     -0.6335596221,     -0.7674768654,       2.541450076,     -0.8117391735,       4.395699452
          0,           0,        2701,      -2.863726666,     -0.6607385932,     -0.7658344223,       2.527599953,     -0.8113546249,       4.398871198
          0,           0,        2702,      -2.859451281,     -0.6533073872,     -0.7723965251,       2.532553341,     -0.8110241661,       4.468673152
          0,           0,        2703,      -2.855133132,     -0.6589687864,     -0.7879406823,       2.536904863,     -0.8107566569,       4.403649216
          0,           0,        2704,      -2.851676071,     -0.6437310994,     -0.7651535803,       2.540062561,     -0.8106105101,       4.469989927
          0,           0,        2705,      -2.855707514,     -0.6518622215,     -0.7760534753,       2.535356565,     -0.8104594411,       4.428418498
          0,           0,        2706,      -2.851222185,     -0.6630113041,     -0.7791110364,       2.541090543,     -0.8103475447,       4.333682859
          0,           0,        2707,      -2.855736255,     -0.6494180115,      -0.785756115,       2.535901415,     -0.8102105761,       4.405121603
          0,           0,        2708,      -2.862086603,     -0.6539268973,     -0.7753678848,       2.529035999,     -0.8100762905,       4.447258763
          0,           0,        2709,      -2.845186164,     -0.6403558661,     -0.7743871824,       2.547065858,     -0.8099838177,       4.496527047
          0,           0,        2710,      -2.854081321,     -0.6416280031,     -0.7618277342,       2.537321996,     -0.8098605645,       4.533945883
          0,           0,        2711,      -2.854899949,     -0.6474275579,     -0.7642336561,       2.536965277,     -0.8097809807,        4.54840015
          0,           0,        2712,      -2.848665032,     -0.6679723814,     -0.7680995713,       2.543011463,     -0.8096496841,       4.540538263
          0,           0,        2713,      -2.846869863,     -0.6567307459,     -0.7534852075,       2.544827273,     -0.8094726645,       4.510507496
          0,           0,        2714,      -2.859914024,     -0.6600422612,     -0.7739333537,       2.531131996,     -0.8092683757,       4.432659714
          0,           0,        2715,       -2.84916161,     -0.6651874134,     -0.7745825906,       2.542373845,        -0.8090695,        4.37379223
          0,           0,        2716,      -2.858489108,     -0.6595214057,     -0.7891229174,       2.532688793,     -0.8088377621,       4.433985896
          0,           0,        2717,      -2.847061275,     -0.6569297711,     -0.7743369826,       2.545080873,     -0.8085936546,       4.448037313
          0,           0,        2718,      -2.853361613,     -0.6298751453,     -0.7690307154,       2.537561551,     -0.8083101592,       4.506059756
          0,           0,        2719,      -2.856172129,      -0.648656179,     -0.7676699227,       2.535571797,     -0.8079863783,       4.495922718
          0,           0,        2720,       -2.86523022,      -0.644225951,     -0.7707246007,       2.525828673,     -0.8076230785,       4.458611942
          0,           0,        2721,      -2.867594777,     -0.6669087154,     -0.7722237379,       2.523135082,     -0.8072144443,       4.485975183
          0,           0,        2722,       -2.85453023,     -0.6512754807,     -0.7644698169,       2.536039056,     -0.8067397733,       4.499760893
          0,           0,        2723,      -2.864757654,        -0.6465438,      -0.761674622,       2.526012368,     -0.8062411445,       4.378047837
          0,           0,        2724,      -2.860164928,     -0.6519080042,      -0.770947112,       2.531384954,     -0.8056822127,       4.351613181
          0,           0,        2725,      -2.862089267,     -0.6509598288,      -0.776295987,       2.529143274,     -0.8050947003,       4.414377175
          0,           0,        2726,      -2.856254941,     -0.6575135155,     -0.7687612959,         2.5350241,     -0.8044231374,        4.41058069
          0,           0,        2727,      -2.853596434,     -0.6392688806,     -0.7677395652,        2.53712154,     -0.8036521716,       4.442279938
          0,           0,        2728,      -2.859771487,     -0.6588925301,     -0.7736063797,       2.531267155,     -0.8028288586,       4.420103917
          0,           0,        2729,      -2.853598771,     -0.6553114093,      -0.793837392,       2.537704784,      -0.801980209,       4.351165359
          0,           0,        2730,      -2.848666718,     -0.6817927009,     -0.8068218329,       2.542762008,     -0.8010419855,       4.398615699
          0,           0,        2731,      -2.852388824,     -0.6475475145,      -0.783790789,       2.538668464,     -0.8000725423,       4.426518382
          0,           0,        2732,      -2.847045955,     -0.6832097286,     -0.7888097616,       2.544927846,     -0.7991160408,       4.284151344
          0,           0,        2733,      -2.854606824,     -0.6522039316,     -0.7804649546,       2.536754851,     -0.7981034032,       4.373306488
          0,           0,        2734,      -2.850496931,       -0.66895639,     -0.7796587167,       2.540967286,     -0.7970573765,       4.423076731
          0,           0,        2735,      -2.836316995,     -0.6471645093,     -0.7797002572,       2.556110548,     -0.7960209373,       4.466141361
          0,           0,        2736,      -2.848805556,     -0.6410952324,     -0.7666241645,        2.54304708,     -0.7949727579,       4.530301782
          0,           0,        2737,      -2.848984163,      -0.628581918,     -0.7405948919,       2.543436253,     -0.7939078005,       4.463268989
          0,           0,        2738,      -2.857708038,     -0.6582680218,     -0.7827828338,       2.534131233,     -0.7928531857,       4.435725453
          0,           0,        2739,      -2.846845924,     -0.6483768191,      -0.758870346,        2.54513091,     -0.7917885831,       4.550028663
          0,           0,        2740,      -2.856762233,      -0.638140228,     -0.7709023624,       2.534335987,     -0.7906688068,       4.500890407
          0,           0,        2741,      -2.853440362,     -0.6496674113,     -0.7583590965,       2.538473953,     -0.7895697038,       4.344341416
          0,           0,        2742,      -2.864659164,     -0.6484519851,     -0.7826409479,       2.526297441,     -0.7885779044,       4.419948808
          0,           0,        2743,      -2.865419757,       -0.64303024,     -0.7597254872,        2.52589168,     -0.7877226536,       4.411753896
          0,           0,        2744,      -2.849049803,     -0.6441610243,     -0.7755377471,       2.543145134,     -0.7869036889,       4.411378691
          0,           0,        2745,      -2.860982471,     -0.6432330937,     -0.7717662097,        2.53033677,     -0.7861848018,       4.506450788
          0,           0,        2746,      -2.860270093,     -0.6480638415,     -0.7542445399,       2.531716396,     -0.7855216296,       4.401745597
          0,           0,        2747,      -2.859866792,     -0.6732256167,     -0.7911458316,       2.531532707,     -0.7848671835,       4.421210561
          0,           0,        2748,      -2.854762536,     -0.6652208324,      -0.770168608,       2.536723165,     -0.7842780553,       4.507532142
          0,           0,        2749,      -2.851474494,     -0.6474688398,     -0.7715333978,       2.539575184,     -0.7836752278,       4.464913575
          0,           0,        2750,      -2.851928838,     -0.6581756192,     -0.7630193113,       2.539484465,      -0.783071696,       4.364620832
          0,           0,        2751,      -2.855539907,      -0.644368892,     -0.7731516691,        2.53581389,     -0.7825143205,       4.407762344
          0,           0,        2752,      -2.850311198,     -0.6534902995,     -0.7748175397,       2.541693105,     -0.7819747415,       4.354002554
          0,           0,        2753,      -2.852812868,     -0.6304836289,     -0.7748933253,       2.538295836,      -0.781473628,       4.421147511
          0,           0,        2754,       -2.84895693,     -0.6394818471,     -0.7602036042,       2.542663991,     -0.7809943814,       4.414619874
          0,           0,        2755,      -2.860201156,     -0.6280306542,     -0.7740643342,       2.531214452,     -0.7805157387,       4.421695382
          0,           0,        2756,      -2.857254278,     -0.6421024382,     -0.7691773656,       2.533977641,     -0.7800863638,       4.407857757
          0,           0,        2757,      -2.847708984,     -0.6316413461,     -0.7683778251,       2.543550389,     -0.7796469294,       4.478035556
          0,           0,        2758,      -2.857039668,     -0.6332416805,      -0.763322217,       2.534883624,     -0.7792143438,       4.340168689
          0,           0,        2759,      -2.853430202,     -0.6510649202,     -0.7761950144,       2.538546775,     -0.7787707429,       4.362838962
          0,           0,        2760,       -2.85370669,     -0.6293336314,     -0.7785447081,       2.537160973,     -0.7782921781,       4.376930639
          0,           0,        2761,      -2.849041475,     -0.6439119853,     -0.7696677482,       2.542569037,     -0.7777683644,       4.455092927
          0,           0,        2762,      -2.846634251,     -0.6378780139,     -0.7874134774,       2.544896937,     -0.7772379051,       4.503932128
          0,           0,        2763,      -2.851896281,     -0.6630399932,     -0.7662927769,        2.53991099,     -0.7766723023,       4.497841444
          0,           0,        2764,      -2.849335647,     -0.6462372454,     -0.7864065324,       2.542781932,     -0.7760768255,       4.523746378
          0,           0,        2765,      -2.852560585,      -0.669299337,     -0.7717037751,       2.538996502,     -0.7754758262,        4.56961813
          0,           0,        2766,      -2.845856219,     -0.6527847735,     -0.7712694711,       2.545879883,     -0.7748285781,       4.531948002
          0,           0,        2767,      -2.858747375,     -0.6775606143,     -0.7873327012,       2.531763413,      -0.774151784,       4.406074036
          0,           0,        2768,      -2.855438398,     -0.6446216449,     -0.7746861468,       2.536797784,     -0.7734209021,       4.400854218
          0,           0,        2769,      -2.859650393,     -0.6445856432,     -0.7801082847,         2.5317638,     -0.7726632983,       4.394135568
          0,           0,        2770,      -2.854059836,     -0.6484630694,     -0.7744090053,       2.537390668,     -0.7718419008,       4.435486402
          0,           0,        2771,      -2.852389589,     -0.6398030973,     -0.7756191093,       2.539071437,     -0.7710161096,       4.532850996
          0,           0,        2772,      -2.853816787,     -0.6486489738,     -0.7626872173,       2.538238125,     -0.7701970445,       4.461092238
          0,           0,        2773,      -2.858059582,     -0.6622847917,     -0.7928570923,       2.533971776,     -0.7693513931,       4.396431711
          0,           0,        2774,      -2.852558681,       -0.66666461,     -0.7784718287,       2.539610964,     -0.7685216875,       4.473843575
          0,           0,        2775,      -2.856913531,     -0.6599896256,     -0.7869228789,       2.534233517,     -0.7677061619,       4.503896141
          0,           0,        2776,      -2.856272859,     -0.6775702815,     -0.7854113702,        2.53600618,     -0.7669112565,       4.373508197
          0,           0,        2777,      -2.860768147,     -0.6659704344,      -0.787029217,       2.531351618,     -0.7661462196,       4.417772668
          0,           0,        2778,      -2.852915276,     -0.6706556621,     -0.7865905093,       2.539071038,     -0.7654107717,       4.373777325
          0,           0,        2779,      -2.846945565,     -0.6530131412,     -0.7585951477,       2.545410831,      -0.764709486,       4.356083446
          0,           0,        2780,      -2.855962279,     -0.6556846472,      -0.774593376,       2.535485141,     -0.7640471968,       4.442430665
          0,           0,        2781,      -2.856004473,     -0.6519747502,     -0.7718073344,       2.536007747,     -0.7633830052,       4.321819969
          0,           0,        2782,      -2.862411472,     -0.6536071395,     -0.7927978892,       2.529336704,      -0.762751207,       4.392188209
          0,           0,        2783,      -2.852517936,     -0.6661276112,     -0.7860115088,       2.538985958,     -0.7621523826,       4.489006795
          0,           0,        2784,      -2.855777835,     -0.6452292258,     -0.7765922233,       2.535532757,     -0.7616488155,       4.453269237
          0,           0,        2785,      -2.858479274,     -0.6536953933,     -0.7775700733,       2.533181598,     -0.7612050504,       4.347151745
          0,           0,        2786,      -2.857904863,      -0.642098872,     -0.7849768995,       2.534008572,     -0.7608415678,       4.383517161
          0,           0,        2787,      -2.865283239,     -0.6546787161,     -0.7701517224,       2.526246973,     -0.7604784335,       4.379050135
          0,           0,        2788,      -2.861053957,      -0.640522802,     -0.7784608017,       2.529772884,     -0.7601581966,       4.416949601
          0,           0,        2789,      -2.863370715,     -0.6475678023,     -0.7598630053,       2.528296489,     -0.7598578212,       4.420851461
          0,           0,        2790,      -2.867446432,     -0.6454213573,     -0.7831995617,       2.523762814,     -0.7595629275,       4.439168348
          0,           0,        2791,      -2.853646559,     -0.6625929446,     -0.7868032122,       2.538057568,      -0.759311678,       4.442544877
          0,           0,        2792,      -2.846133705,     -0.6483386471,     -0.7810569842,       2.545801931,      -0.759041514,        4.47362282
          0,           0,        2793,      -2.853484261,     -0.6461924591,     -0.7841600116,       2.538063906,     -0.7587423493,       4.422357646
          0,           0,        2794,      -2.847545806,      -0.646593362,     -0.7843362151,       2.545555937,     -0.7584464926,       4.373118648
          0,           0,        2795,       -2.85341334,     -0.6346679492,      -0.788314217,       2.539259856,     -0.7581014502,       4.387678802
          0,           0,        2796,      -2.853604669,     -0.6510701324,     -0.7870816835,        2.53843503,     -0.7577651287,       4.399619044
          0,           0,        2797,      -2.848964463,     -0.6288136183,      -0.789529595,       2.543765045,     -0.7573994764,       4.447390314
          0,           0,        2798,      -2.852433464,     -0.6289389638,       -0.75208453,       2.540088816,     -0.7570307179,       4.408489721
          0,           0,        2799,      -2.856896685,     -0.6289669204,     -0.7650112676,       2.536084972,     -0.7566151856,       4.326735366
          0,           0,        2800,      -2.853455787,     -0.6588709685,     -0.7876722325,       2.539013405,     -0.7561611267,       4.482648944
          0,           0,        2801,      -2.845888052,     -0.6368519541,     -0.7642356361,       2.546211229,     -0.7556967236,       4.498275239
          0,           0,        2802,      -2.857967753,     -0.6458408807,     -0.7746934771,       2.533925711,     -0.7551920946,        4.38618358
          0,           0,        2803,       -2.85402192,     -0.6498078049,     -0.7635747902,       2.538102134,     -0.7547129702,       4.338481473
          0,           0,        2804,      -2.862474188,     -0.6525506919,     -0.7910171253,       2.528923045,     -0.7541701172,       4.363720365
          0,           0,        2805,      -2.850338967,     -0.6396030524,     -0.7697009342,       2.542196249,     -0.7536137112,       4.387339905
          0,           0,        2806,      -2.853228328,     -0.6356726841,     -0.7708429112,       2.538283578,     -0.7530712554,       4.503871833
          0,           0,        2807,      -2.858972852,     -0.6599769072,     -0.7692907222,       2.533221816,     -0.7525000518,       4.444364855
          0,           0,        2808,      -2.853133324,     -0.6495816733,     -0.7857246277,       2.539277123,     -0.7519343516,       4.339058644
          0,           0,        2809,      -2.854237404,     -0.6724504564,     -0.7832577374,       2.537452946,     -0.7513404156,       4.442728906
          0,           0,        2810,      -2.848301615,     -0.6570386974,     -0.7786521771,       2.543537741,     -0.7507141321,       4.457375045
          0,           0,        2811,      -2.857043823,     -0.6620682834,     -0.7692448509,       2.534326455,     -0.7500602307,       4.333658857
          0,           0,        2812,      -2.859621454,     -0.6626651682,     -0.7721856742,       2.532156487,     -0.7493985114,       4.409443064
          0,           0,        2813,      -2.857121067,     -0.6577783047,     -0.7772782052,        2.53446848,     -0.7487221426,       4.411787035
          0,           0,        2814,       -2.84859815,     -0.6542377087,     -0.7746058367,       2.543817168,     -0.7480500962,       4.440605363
          0,           0,        2815,       -2.85568911,     -0.6503913373,     -0.7814796498,       2.535353482,     -0.7474068707,       4.522319815
          0,           0,        2816,      -2.852547569,     -0.6589087606,     -0.7770412857,       2.539241532,     -0.7467508722,       4.367194799
          0,           0,        2817,      -2.859445355,     -0.6531132553,       -0.79428333,        2.53183082,     -0.7461311403,       4.395879098
          0,           0,        2818,      -2.848314675,     -0.6839192592,     -0.7983558514,       2.543352815,     -0.7455028335,       4.561175465
          0,           0,        2819,      -2.853361217,     -0.6429565167,     -0.7727938164,       2.537761443,     -0.7449092959,        4.53010496
          0,           0,        2820,      -2.860975027,     -0.6815210085,     -0.7928812375,       2.529631124,     -0.7443179469,       4.401818419
          0,           0,        2821,      -2.856421514,      -0.659476357,      -0.789536526,       2.535829483,     -0.7437451123,       4.372612158
          0,           0,        2822,      -2.858960474,     -0.6756349297,     -0.7883605561,       2.532762674,     -0.7432157562,       4.352790573
          0,           0,        2823,      -2.847623921,     -0.6405526775,     -0.7576011892,       2.544478186,     -0.7426957543,       4.491363417
          0,           0,        2824,      -2.854407024,     -0.6581912798,     -0.7918556218,        2.53705753,     -0.7421906415,       4.511790478
          0,           0,        2825,      -2.860826759,      -0.645040673,     -0.7703241011,       2.531098729,     -0.7416821898,       4.503656587
          0,           0,        2826,       -2.86452417,     -0.6727809705,     -0.8106089883,       2.526886538,     -0.7412098209,       4.509033835
          0,           0,        2827,      -2.854112503,     -0.6530812495,     -0.7740031723,       2.536959382,     -0.7407875377,       4.557858382
          0,           0,        2828,      -2.860555708,     -0.6529798525,     -0.7791346047,       2.530234856,     -0.7403702918,       4.511820109
          0,           0,        2829,      -2.859215152,     -0.6621317362,     -0.7767003746,       2.532012844,     -0.7400020398,       4.348799109
          0,           0,        2830,       -2.86351645,     -0.6589534903,     -0.7854264639,        2.52789856,     -0.7396608854,       4.381610234
          0,           0,        2831,      -2.866748765,     -0.6732192538,     -0.7828378548,       2.524352767,        -0.7393383,         4.3747798
          0,           0,        2832,      -2.850843603,     -0.6596047823,     -0.7750543161,        2.54089414,     -0.7390656308,       4.424783617
          0,           0,        2833,      -2.859335263,     -0.6504640915,     -0.7757345694,       2.532530944,     -0.7387807065,       4.444382289
          0,           0,        2834,      -2.859479792,     -0.6496559502,     -0.7586954846,       2.532737232,     -0.7384685419,        4.35116406
          0,           0,        2835,      -2.853914045,     -0.6789686138,     -0.7961040328,       2.538038503,     -0.7381689872,       4.406466409
          0,           0,        2836,      -2.844460158,     -0.6679084401,     -0.7771096429,       2.547959102,     -0.7378628354,       4.485679578
          0,           0,        2837,      -2.849458042,     -0.6529847874,     -0.7870098054,       2.542183225,     -0.7375402848,        4.40545255
          0,           0,        2838,      -2.844303738,     -0.6499804792,     -0.7691793882,       2.548714456,      -0.737197225,       4.391454582
          0,           0,        2839,       -2.84776398,     -0.6388122835,     -0.7753174204,       2.544128606,     -0.7368363788,       4.382793925
          0,           0,        2840,      -2.848782106,     -0.6471643502,     -0.7631290812,        2.54363311,     -0.7365148728,       4.368528929
          0,           0,        2841,      -2.846416638,     -0.6170527177,     -0.7639074896,       2.545868816,     -0.7361543474,        4.46385946
          0,           0,        2842,      -2.856442484,     -0.6507481119,     -0.7656328898,       2.536143987,     -0.7357515825,       4.363284534
          0,           0,        2843,       -2.85953976,     -0.6445430919,     -0.7724567238,         2.5333063,     -0.7353599117,       4.429454018
          0,           0,        2844,      -2.854977638,     -0.6400014953,     -0.7657383492,       2.537481964,     -0.7349316911,       4.564384049
          0,           0,        2845,      -2.842393363,     -0.6373841165,     -0.7578017623,       2.550184714,     -0.7345034666,       4.599381792
          0,           0,        2846,      -2.856248434,     -0.6370417659,      -0.743008516,       2.536176164,     -0.7340375152,       4.456477854
          0,           0,        2847,      -2.850927301,     -0.6472310193,     -0.7538972231,        2.54213156,     -0.7335471899,       4.458088323
          0,           0,        2848,      -2.849263018,     -0.6429854972,     -0.7573397452,       2.543829341,     -0.7330530303,        4.37922208
          0,           0,        2849,      -2.844034101,     -0.6497616091,     -0.7536675184,       2.548484255,     -0.7325361827,       4.493978419
          0,           0,        2850,      -2.844034662,     -0.6463054465,     -0.7777476409,       2.548060403,     -0.7320342787,       4.542425876
          0,           0,        2851,      -2.854271179,     -0.6389056501,     -0.7568391065,       2.537264769,     -0.7314919996,       4.441579741
          0,           0,        2852,      -2.851870755,     -0.6554158521,     -0.8003907835,       2.540678019,     -0.7309199492,       4.413151735
          0,           0,        2853,      -2.852027998,      -0.660087623,     -0.7727456746,       2.540073139,     -0.7303673185,       4.526576221
          0,           0,        2854,      -2.846561138,     -0.6414539921,      -0.767032352,       2.545808984,     -0.7297964748,       4.495833599
          0,           0,        2855,      -2.857712186,      -0.659455973,     -0.7783970272,       2.534155915,     -0.7292396247,       4.419942737
          0,           0,        2856,      -2.857334038,     -0.6336136614,     -0.7721012173,       2.535355891,     -0.7287030729,       4.474398523
          0,           0,        2857,      -2.852789942,     -0.6374022737,     -0.7872334328,       2.539839312,     -0.7281829901,       4.511341775
          0,           0,        2858,      -2.849405817,     -0.6362293302,     -0.7705339648,       2.543313907,     -0.7277190759,       4.531488692
          0,           0,        2859,      -2.847224938,     -0.6271706425,     -0.7634812997,       2.544532311,     -0.7272385583,        4.56478105
          0,           0,        2860,      -2.855875315,     -0.6296382656,     -0.7450862133,       2.536006463,     -0.7268130722,       4.429199945
          0,           0,        2861,      -2.852285819,     -0.6499583166,      -0.776267406,         2.5403613,     -0.7264032831,       4.348023736
          0,           0,        2862,      -2.851963701,     -0.6451777615,     -0.7642703391,       2.539524641,     -0.7260103995,       4.466514317
          0,           0,        2863,          -2.85562,      -0.649394777,     -0.7696104308,       2.535965555,     -0.7256935751,       4.558553081
          0,           0,        2864,      -2.854600563,     -0.6405430587,     -0.7629771692,       2.537704859,     -0.7253879591,       4.472906411
          0,           0,        2865,      -2.860931879,     -0.6473910792,     -0.7691015537,       2.531506538,     -0.7251119132,       4.547383624
          0,           0,        2866,      -2.854943383,     -0.6376031092,     -0.7602403309,       2.537108391,     -0.7248690323,       4.554567806
          0,           0,        2867,      -2.852309147,     -0.6441019599,      -0.753430004,        2.53947785,     -0.7246492413,       4.551488706
          0,           0,        2868,      -2.846889941,     -0.6352508971,     -0.7655494684,       2.545275238,     -0.7245075919,       4.513008701
          0,           0,        2869,      -2.863397166,      -0.629440241,     -0.7419081134,       2.528654427,     -0.7244470495,       4.327894705
          0,           0,        2870,      -2.858543192,     -0.6535388248,     -0.7771502495,       2.534534313,     -0.7244999552,        4.38018284
          0,           0,        2871,      -2.856090822,     -0.6675398083,     -0.7669041934,       2.535761618,     -0.7246145287,         4.5160787
          0,           0,        2872,      -2.849151053,     -0.6348618277,      -0.762272141,       2.542685399,     -0.7247742183,       4.517459205
          0,           0,        2873,      -2.856915312,     -0.6610759095,     -0.7704853436,       2.534588672,     -0.7249409037,       4.377243528
          0,           0,        2874,      -2.862597211,     -0.6467986081,       -0.76619342,       2.529984704,     -0.7251021083,       4.341891375
          0,           0,        2875,      -2.855123086,     -0.6569120135,     -0.7859784051,       2.537105928,     -0.7252176516,       4.393081934
          0,           0,        2876,      -2.855025083,     -0.6544833557,     -0.7924419364,       2.536376694,     -0.7252649387,       4.476804654
          0,           0,        2877,      -2.848898646,     -0.6420439755,     -0.7713604905,       2.542943944,     -0.7252548096,       4.490966042
          0,           0,        2878,      -2.865250937,     -0.6488860053,     -0.7612943359,       2.526321185,     -0.7251558554,       4.340871586
          0,           0,        2879,      -2.849927888,       -0.67718311,     -0.8030726062,       2.542622182,     -0.7250023944,       4.354985784
          0,           0,        2880,      -2.851751376,     -0.6577154759,     -0.7716031337,       2.539965671,     -0.7248022861,       4.468893441
          0,           0,        2881,      -2.850548985,     -0.6645137769,     -0.7755441521,       2.541529354,     -0.7245709957,       4.490557654
          0,           0,        2882,      -2.855412608,     -0.6594075337,      -0.770117039,       2.536201525,     -0.7243040007,       4.453963108
          0,           0,        2883,       -2.86122848,     -0.6559504044,     -0.7732320693,       2.531074933,     -0.7240139814,       4.513507914
          0,           0,        2884,      -2.856760822,      -0.643073116,     -0.7553697613,       2.535189554,     -0.7237127051,        4.52572372
          0,           0,        2885,      -2.841508501,     -0.6611548661,     -0.7766560182,       2.551421708,     -0.7234333279,       4.545039138
          0,           0,        2886,      -2.859969656,     -0.6344697316,     -0.7666123564,       2.531784391,     -0.7231832608,       4.506893321
          0,           0,        2887,      -2.871720395,     -0.6441239084,     -0.7477114092,       2.520343903,     -0.7229910703,       4.325896803
          0,           0,        2888,      -2.858857995,     -0.6671207599,     -0.7995357165,       2.533304781,     -0.7228315175,       4.418668734
          0,           0,        2889,       -2.86107522,     -0.6702978738,     -0.7778564765,       2.530665173,     -0.7227377288,        4.52643272
          0,           0,        2890,      -2.852879475,     -0.6554655408,      -0.793462195,       2.538594705,     -0.7226804715,       4.495830849
          0,           0,        2891,      -2.864731717,     -0.6612793935,     -0.7800920212,       2.526927846,     -0.7226541633,       4.420506527
          0,           0,        2892,      -2.866237082,     -0.6508906622,     -0.7800268877,       2.525517475,      -0.722657247,       4.423982422
          0,           0,        2893,       -2.86891918,     -0.6669360685,     -0.7731076969,        2.52239384,     -0.7226953642,       4.416460766
          0,           0,        2894,      -2.858086253,     -0.6635276531,     -0.7858504118,       2.533466661,     -0.7227616093,       4.446810351
          0,           0,        2895,      -2.868398892,     -0.6477026787,     -0.7672935597,       2.522672802,     -0.7228653716,       4.366630542
          0,           0,        2896,      -2.864203296,     -0.6571057328,     -0.7847794842,       2.527503783,      -0.722979622,       4.362204953
          0,           0,        2897,      -2.863919529,     -0.6627137064,     -0.7907956095,       2.527880181,     -0.7231023528,       4.395906978
          0,           0,        2898,      -2.854037112,     -0.6510735755,     -0.7667421546,       2.537705281,     -0.7232495499,       4.462477231
          0,           0,        2899,      -2.858016739,     -0.6504710441,     -0.7832205053,       2.533520842,     -0.7234390898,       4.393162014
          0,           0,        2900,      -2.853505888,     -0.6515897354,     -0.7842511106,       2.538780631,     -0.7236404285,       4.354937556
          0,           0,        2901,      -2.859574554,     -0.6609358444,     -0.7943728158,       2.532643663,     -0.7238321656,       4.438058941
          0,           0,        2902,      -2.858938687,     -0.6672720295,     -0.7819624323,       2.533103953,     -0.7240171164,       4.471152641
          0,           0,        2903,      -2.848594227,     -0.6519790232,     -0.7776081122,         2.5438319,     -0.7242032004,        4.46669204
          0,           0,        2904,      -2.857943406,      -0.642811541,     -0.7715680813,       2.534255835,     -0.7243965238,       4.340774207
          0,           0,        2905,      -2.859038152,     -0.6454192556,      -0.771960106,       2.533602018,      -0.724582011,        4.33297449
          0,           0,        2906,      -2.849604435,     -0.6583961705,      -0.788874036,       2.542662615,     -0.7247559262,       4.470422603
          0,           0,        2907,      -2.843952505,     -0.6401049959,     -0.7588932969,       2.548898527,     -0.7249264965,       4.518853312
          0,           0,        2908,      -2.852895738,     -0.6507641232,     -0.7690222836,       2.539177999,     -0.7250802787,       4.451818797
          0,           0,        2909,      -2.859484323,      -0.653087597,      -0.770623754,       2.533156298,     -0.7251853285,       4.455787962
          0,           0,        2910,       -2.84877265,     -0.6509334989,     -0.7844747421,       2.543945547,      -0.725289815,       4.467909244
          0,           0,        2911,      -2.847579024,     -0.6357645305,     -0.7768876432,       2.545747517,     -0.7253618579,       4.483421714
          0,           0,        2912,      -2.849655045,      -0.621506171,     -0.7652795744,        2.54283174,     -0.7254464778,       4.478197234
          0,           0,        2913,      -2.860315486,      -0.642812017,     -0.7602137691,       2.532731669,     -0.7255064193,       4.322001218
          0,           0,        2914,      -2.852280975,     -0.6374481945,     -0.7854986153,       2.541471684,     -0.7255551009,       4.412140888
          0,           0,        2915,      -2.864205874,     -0.6446370109,      -0.778730536,         2.5277432,     -0.7256414402,       4.507215417
          0,           0,        2916,       -2.84389183,     -0.6354877802,     -0.7738461824,       2.549371616,     -0.7257222958,       4.471020692
          0,           0,        2917,      -2.868770628,     -0.6291749567,     -0.7605753068,       2.522656245,     -0.7258127347,       4.284319467
          0,           0,        2918,      -2.865555614,     -0.6503118356,     -0.7721898416,       2.527719988,     -0.7259325092,       4.353038273
          0,           0,        2919,      -2.854828114,     -0.6435328631,     -0.7722442551,       2.537683731,     -0.7260628189,       4.406112436
          0,           0,        2920,      -2.853000016,     -0.6555816309,     -0.7478935905,       2.539350097,     -0.7262569781,       4.540286741
          0,           0,        2921,      -2.849106452,     -0.6414187681,     -0.7636388742,       2.542897801,     -0.7264966835,       4.573063518
          0,           0,        2922,      -2.860894447,     -0.6341722162,     -0.7456957174,       2.531441508,     -0.7267868227,       4.354548721
          0,           0,        2923,      -2.856879972,     -0.6769633327,     -0.7938450823,       2.535781008,     -0.7271261045,       4.378642293
          0,           0,        2924,      -2.855509364,     -0.6705937658,     -0.7685220689,        2.53629502,     -0.7274773787,       4.488230321
          0,           0,        2925,      -2.851142511,     -0.6505054352,     -0.7717566349,        2.54039501,     -0.7278280806,       4.461807062
          0,           0,        2926,      -2.859117265,     -0.6595506762,     -0.7738371315,       2.532931326,     -0.7282047638,       4.439382466
          0,           0,        2927,      -2.861541095,     -0.6519197773,     -0.7762213948,       2.531523451,     -0.7285964177,       4.451468602
          0,           0,        2928,      -2.859122502,     -0.6590700137,     -0.7823665935,       2.533437738,      -0.728979682,       4.478693003
          0,           0,        2929,      -2.853244254,     -0.6549690265,     -0.7859946114,       2.538864923,     -0.7293647509,       4.478357624
          0,           0,        2930,      -2.861174004,     -0.6325969025,     -0.7652231862,       2.530392823,      -0.729730585,       4.397128873
          0,           0,        2931,      -2.873458511,     -0.6463362359,     -0.7703049547,       2.518280864,      -0.730059338,       4.293573977
          0,           0,        2932,      -2.863501749,     -0.6692439932,     -0.8050081503,       2.528564941,     -0.7303852752,       4.417290804
          0,           0,        2933,      -2.859750168,     -0.6518068655,     -0.7814884753,       2.531094055,     -0.7306917959,       4.527676302
          0,           0,        2934,      -2.857618432,     -0.6571548879,      -0.785254361,       2.533561805,     -0.7309838296,       4.459593206
          0,           0,        2935,      -2.867579569,     -0.6576472929,     -0.7834810271,       2.523366823,     -0.7312677523,       4.324404896
          0,           0,        2936,      -2.873163828,     -0.6774049697,     -0.8177944269,       2.518215264,     -0.7315104302,       4.436260641
          0,           0,        2937,      -2.860541248,     -0.6611574319,      -0.792668182,       2.531070698,     -0.7317220425,        4.45339359
          0,           0,        2938,      -2.858966099,     -0.6721980403,     -0.7954629021,       2.532580536,     -0.7318757935,       4.500900091
          0,           0,        2939,      -2.857455294,     -0.6403775054,     -0.7780627428,       2.534459947,     -0.7320051598,       4.483015395
          0,           0,        2940,      -2.869254684,     -0.6488530149,     -0.7687537832,       2.522806265,     -0.7320775757,       4.295625284
          0,           0,        2941,      -2.862665822,     -0.6726301295,     -0.8088149335,        2.53008965,     -0.7321047554,       4.389377697
          0,           0,        2942,      -2.860986387,     -0.6671668547,     -0.7831370549,       2.530573397,     -0.7321220914,       4.478311002
          0,           0,        2943,      -2.860830827,     -0.6483601327,     -0.7897347187,       2.530147319,     -0.7321085019,       4.479478206
          0,           0,        2944,      -2.861168312,     -0.6520747219,     -0.7737315233,       2.530524264,     -0.7320717156,       4.341560024
          0,           0,        2945,       -2.86299702,     -0.6498796533,     -0.7754636882,       2.528989799,     -0.7320164646,       4.326557152
          0,           0,        2946,      -2.861842279,     -0.6569315229,     -0.7810277081,        2.52944168,     -0.7319220399,       4.427522129
          0,           0,        2947,      -2.854329824,     -0.6422460196,     -0.7788782648,        2.53760875,     -0.7318084432,       4.434887593
          0,           0,        2948,       -2.86654044,     -0.6419345743,     -0.7799434606,       2.524765121,     -0.7316731235,       4.347012371
          0,           0,        2949,      -2.871367493,     -0.6412726262,     -0.7693158027,       2.520979494,     -0.7314962712,        4.40757497
          0,           0,        2950,      -2.859515861,     -0.6521036572,     -0.7876813429,       2.532865196,     -0.7313145998,       4.442963822
          0,           0,        2951,      -2.860458484,     -0.6547381274,     -0.7734317333,       2.531893023,     -0.7311055934,       4.471885961
          0,           0,        2952,       -2.86080825,     -0.6473999762,     -0.7918474783,       2.531305247,     -0.7309169786,       4.428700082
          0,           0,        2953,      -2.865034383,     -0.6567470143,     -0.7866378747,       2.527656046,     -0.7307508673,         4.2917391
          0,           0,        2954,      -2.863383702,     -0.6481430108,     -0.7926733432,        2.52958941,     -0.7305662296,        4.39825524
          0,           0,        2955,      -2.859340201,      -0.638993561,     -0.7789020504,       2.532905351,     -0.7304082346,       4.464395284
          0,           0,        2956,      -2.852986604,     -0.6340654592,     -0.7807079714,       2.539938124,     -0.7303703772,       4.443856587
          0,           0,        2957,      -2.860495903,     -0.6308585553,      -0.785363226,       2.531873613,     -0.7303317413,       4.356758879
          0,           0,        2958,      -2.867919022,     -0.6473162806,     -0.7785316604,       2.524459324,     -0.7303520287,       4.403155072
          0,           0,        2959,      -2.855170225,     -0.6486920986,     -0.7985622735,       2.537887564,      -0.730429059,       4.448283074
          0,           0,        2960,      -2.861284872,     -0.6527805706,     -0.7715884336,       2.530758527,     -0.7305916872,        4.49803756
          0,           0,        2961,      -2.863423212,     -0.6451471452,     -0.7780855662,       2.528241194,     -0.7308252277,       4.442680621
          0,           0,        2962,      -2.865536365,     -0.6447783403,     -0.7808357822,       2.526461104,     -0.7310832775,       4.297564708
          0,           0,        2963,      -2.862806817,     -0.6456507421,     -0.7829306537,       2.529879063,     -0.7313842495,       4.392098074
          0,           0,        2964,       -2.85607751,     -0.6528791502,     -0.7746721092,        2.53626054,     -0.7316962124,       4.438856601
          0,           0,        2965,      -2.852934857,      -0.635254447,     -0.7764880192,       2.539111375,     -0.7320817848,       4.431437764
          0,           0,        2966,      -2.865789929,     -0.6494890527,      -0.775429884,       2.526600464,     -0.7324984396,       4.322130364
          0,           0,        2967,      -2.862723797,     -0.6421055987,      -0.787430744,         2.5295717,     -0.7329387967,       4.392620156
          0,           0,        2968,      -2.856512948,     -0.6613185127,       -0.79424343,       2.535593932,     -0.7333778808,       4.437886331
          0,           0,        2969,      -2.851511873,     -0.6461770925,     -0.7682881495,       2.541028944,     -0.7337872729,        4.46516705
          0,           0,        2970,      -2.864688155,     -0.6423838856,     -0.7765650327,         2.5267247,     -0.7341898951,       4.388316869
          0,           0,        2971,      -2.855642904,     -0.6573123506,     -0.7748513112,       2.536920751,     -0.7345639828,        4.47930017
          0,           0,        2972,      -2.861195306,     -0.6646847415,      -0.789431747,       2.531203511,     -0.7349337986,       4.562092717
          0,           0,        2973,      -2.862129303,     -0.6634190904,     -0.7749130895,       2.530063383,     -0.7352833471,        4.59261833
          0,           0,        2974,      -2.858608572,     -0.6526105204,     -0.7764472826,       2.533589983,     -0.7355984811,       4.551477494
          0,           0,        2975,      -2.866142265,     -0.6492410832,     -0.7796065372,       2.526406136,     -0.7358720907,       4.436788137
          0,           0,        2976,      -2.871746487,     -0.6422250834,      -0.784908929,       2.520743641,     -0.7361047077,       4.441541278
          0,           0,        2977,      -2.856819006,     -0.6704770421,     -0.7920802424,        2.53591818,     -0.7362871068,       4.424542124
          0,           0,        2978,      -2.863302142,     -0.6492109606,     -0.7668910957,        2.52842675,     -0.7364250714,       4.460730897
          0,           0,        2979,       -2.86996085,     -0.6522627025,      -0.777243022,       2.521521316,     -0.7365199479,       4.345491937
          0,           0,        2980,      -2.863835021,     -0.6530938807,     -0.7788488181,       2.528418908,     -0.7365814987,       4.400675982
          0,           0,        2981,      -2.858198101,     -0.6661352967,     -0.7936895133,       2.533993836,      -0.736576739,         4.4896822
          0,           0,        2982,      -2.856285065,     -0.6570974943,     -0.7733254815,       2.535891591,     -0.7364955347,       4.507571003
          0,           0,        2983,      -2.859455104,     -0.6404709801,     -0.7728700252,        2.53186011,     -0.7363525101,       4.506899495
          0,           0,        2984,      -2.860639993,     -0.6507138912,     -0.7785437982,       2.531562763,     -0.7361648539,       4.480282062
          0,           0,        2985,      -2.858429154,     -0.6640637487,     -0.8000464854,       2.534048285,     -0.7359310864,       4.474327682
          0,           0,        2986,      -2.853915616,     -0.6545853367,     -0.7796556581,       2.537907834,     -0.7356835842,       4.474256787
          0,           0,        2987,      -2.854444529,     -0.6497783685,     -0.7760909695,       2.537139066,     -0.7354288327,        4.43902135
          0,           0,        2988,      -2.861843687,     -0.6513439658,     -0.7656012836,       2.529790924,     -0.7352058643,       4.257209077
          0,           0,        2989,      -2.863219823,     -0.6550754295,     -0.7669023897,       2.529276347,     -0.7349773813,       4.377058933
          0,           0,        2990,      -2.851060068,     -0.6442395846,     -0.7651649744,       2.541233743,     -0.7347422222,       4.456039449
          0,           0,        2991,      -2.853732246,     -0.6368650747,     -0.7467947989,       2.538650718,     -0.7345127491,       4.491725208
          0,           0,        2992,      -2.860943641,     -0.6231344546,     -0.7551222347,        2.53096509,     -0.7342729822,       4.483904434
          0,           0,        2993,      -2.869226587,     -0.6438620556,     -0.7537311426,       2.523199212,     -0.7340497309,       4.330303948
          0,           0,        2994,      -2.864014777,     -0.6450270035,     -0.7879797649,       2.528650928,     -0.7338338209,       4.447148055
          0,           0,        2995,      -2.858959595,     -0.6590955177,     -0.7840729562,       2.533258513,     -0.7336188341,       4.508421834
          0,           0,        2996,      -2.858982626,     -0.6313340539,     -0.7696651674,       2.532627369,     -0.7334282779,        4.46897731
          0,           0,        2997,      -2.869877892,     -0.6544384656,      -0.773652088,       2.521590033,     -0.7332584062,       4.280026862
          0,           0,        2998,      -2.862818647,     -0.6614529367,     -0.7906620351,        2.52996836,     -0.7331484559,       4.355199959
          0,           0,        2999,      -2.858748833,     -0.6561123605,     -0.7942025358,       2.533737798,     -0.7331495778,       4.465720608
          0,           0,        3000,      -2.857021392,     -0.6480168732,     -0.7801762919,       2.535148356,     -0.7332452955,       4.487348901
          0,           0,        3001,       -2.85869844,     -0.6440819514,     -0.7760483777,       2.533120691,     -0.7333621917,       4.463898581
          0,           0,        3002,      -2.868144148,     -0.6420311338,     -0.7554385291,       2.524148596,     -0.7335328668,       4.467605396
          0,           0,        3003,      -2.853812966,     -0.6625611468,     -0.7950917345,       2.538634126,     -0.7337644581,       4.498516514
          0,           0,        3004,      -2.855404156,     -0.6549417195,     -0.7646250986,       2.536677112,     -0.7340390409,       4.507893354
          0,           0,        3005,      -2.858595547,     -0.6507331614,     -0.7787148694,       2.533269437,     -0.7343374567,       4.427887212
          0,           0,        3006,      -2.861026657,     -0.6532273912,     -0.7709499853,       2.530614699,     -0.7346170725,       4.292558583
          0,           0,        3007,      -2.861464835,     -0.6639430877,     -0.7890286148,       2.531171367,     -0.7349058698,       4.431901594
          0,           0,        3008,      -2.856004377,     -0.6408526896,     -0.7652247401,       2.536290236,     -0.7351882938,       4.471920854
          0,           0,        3009,      -2.860264264,     -0.6576701682,      -0.783510284,       2.531469074,     -0.7354783325,         4.5059471
          0,           0,        3010,      -2.857047027,     -0.6475749156,     -0.7845148464,       2.535329244,     -0.7357415877,       4.514663445
          0,           0,        3011,      -2.872530091,     -0.6565027412,      -0.762531941,       2.518804333,     -0.7359930202,       4.490049144
          0,           0,        3012,      -2.851181728,      -0.677466126,     -0.8079296227,        2.54206059,     -0.7362146129,       4.450295182
          0,           0,        3013,      -2.857871527,     -0.6581689402,     -0.7724697637,       2.534299284,     -0.7364291941,        4.50652641
          0,           0,        3014,      -2.863031743,     -0.6538712469,     -0.7874901847,       2.529063859,     -0.7366141556,        4.43627988
          0,           0,        3015,       -2.86195408,     -0.6587126898,     -0.7825659574,       2.529473746,     -0.7367974051,       4.327584316
          0,           0,        3016,      -2.863163443,     -0.6625762016,     -0.7869622653,       2.529001258,     -0.7369744954,       4.422296902
          0,           0,        3017,      -2.865658487,     -0.6437568749,     -0.7761310582,       2.526240249,     -0.7371379739,       4.441785468
          0,           0,        3018,         -2.863423,     -0.6438975106,     -0.7822584668,       2.528617463,     -0.7373013647,       4.374601975
          0,           0,        3019,       -2.86897335,     -0.6440568102,     -0.7836158017,       2.523099022,     -0.7374608245,       4.320223615
          0,           0,        3020,      -2.872882504,     -0.6441012094,     -0.7774771036,       2.519104896,     -0.7375965833,       4.386830432
          0,           0,        3021,      -2.855818851,     -0.6484680917,     -0.7900821292,       2.536918083,     -0.7377194854,       4.407728446
          0,           0,        3022,      -2.859236529,     -0.6495208604,     -0.7637989109,       2.533223232,     -0.7378330647,       4.449710397
          0,           0,        3023,      -2.865422893,     -0.6422178869,     -0.7714793964,       2.526590269,     -0.7379154301,       4.343273902
          0,           0,        3024,      -2.866820782,     -0.6597354802,     -0.7798894586,       2.525965596,     -0.7379881924,       4.317064329
          0,           0,        3025,      -2.861692685,     -0.6580780759,     -0.7785936594,       2.530488439,     -0.7380540182,       4.455390167
          0,           0,        3026,      -2.860499152,      -0.648812382,      -0.772434548,       2.531527004,     -0.7380795862,       4.497428401
          0,           0,        3027,      -2.853261108,     -0.6414506803,     -0.7627329064,       2.539478964,     -0.7380821162,       4.454874989
          0,           0,        3028,      -2.861140388,     -0.6384112819,      -0.784644399,        2.53165308,     -0.7380540025,       4.403306492
          0,           0,        3029,      -2.862364955,     -0.6385604513,     -0.7609063606,       2.530615635,     -0.7379729855,       4.359870956
          0,           0,        3030,      -2.856562982,      -0.653702854,     -0.7834598592,       2.535981501,     -0.7378921633,       4.419086191
          0,           0,        3031,      -2.853293799,     -0.6287528411,     -0.7665837172,       2.539755001,     -0.7377571774,       4.431058862
          0,           0,        3032,      -2.866469395,     -0.6415745306,     -0.7723103899,       2.525714504,     -0.7376032084,       4.340580937
          0,           0,        3033,      -2.856677515,     -0.6383594834,     -0.7735609199,       2.536765264,     -0.7374696348,       4.406402271
          0,           0,        3034,      -2.851064849,     -0.6379946572,     -0.7895263769,       2.541904101,     -0.7372823846,       4.418512098
          0,           0,        3035,      -2.858755737,     -0.6395359718,     -0.7702719401,       2.534125778,     -0.7370765927,       4.390099148
          0,           0,        3036,      -2.858041226,     -0.6137977807,     -0.7593306047,       2.535134842,     -0.7368539001,       4.428707019
          0,           0,        3037,      -2.866626303,     -0.6477561127,     -0.7627342207,       2.525867254,     -0.7365992562,       4.374290415
          0,           0,        3038,      -2.859484252,     -0.6480966306,     -0.7807603139,        2.53395001,     -0.7363370064,        4.39944223
          0,           0,        3039,      -2.859750984,     -0.6403458622,     -0.7544429404,       2.533333214,     -0.7360494647,       4.488477983
          0,           0,        3040,      -2.852210632,     -0.6468114157,      -0.768294441,       2.541188509,     -0.7358056615,       4.492422365
          0,           0,        3041,      -2.860020448,     -0.6547998406,     -0.7693861863,       2.532797198,     -0.7355978326,        4.33226597
          0,           0,        3042,       -2.85774864,     -0.6627472571,     -0.7684717328,        2.53583779,     -0.7353679468,       4.457309085
          0,           0,        3043,       -2.84580133,     -0.6499752196,     -0.7722975426,       2.547716183,     -0.7351874442,       4.444118302
          0,           0,        3044,      -2.849632277,     -0.6682989189,     -0.7791971981,       2.543897296,     -0.7350258098,       4.427531708
          0,           0,        3045,       -2.85053434,     -0.6691969233,     -0.7825664269,       2.542296623,     -0.7349047019,       4.494746006
          0,           0,        3046,      -2.858804831,     -0.6525538693,     -0.7714218965,       2.534019031,     -0.7348089124,        4.39328086
          0,           0,        3047,      -2.857923775,     -0.6619302927,     -0.7991668002,       2.535325469,     -0.7347229044,       4.426189136
          0,           0,        3048,       -2.86070241,     -0.6588911894,     -0.7948913225,       2.531259721,     -0.7346153422,        4.51426714
          0,           0,        3049,      -2.857610984,     -0.6327807887,     -0.7861395082,       2.534321472,     -0.7344772868,       4.563695207
          0,           0,        3050,      -2.865171635,     -0.6425671857,     -0.7819690465,       2.526845665,     -0.7343503942,        4.57007353
          0,           0,        3051,      -2.860725604,     -0.6473733102,     -0.7879459232,       2.531834414,     -0.7341957843,       4.538882894
          0,           0,        3052,      -2.856054802,     -0.6429536904,     -0.7808013785,       2.536148332,     -0.7340617178,       4.506397791
          0,           0,        3053,      -2.860745757,     -0.6393775107,     -0.7767984321,       2.531416842,     -0.7339275462,       4.425466682
          0,           0,        3054,      -2.857577179,     -0.6357504684,     -0.7744994819,       2.534525513,      -0.733774896,       4.448350059
          0,           0,        3055,      -2.871019071,      -0.643874642,     -0.7648238843,       2.520676963,     -0.7336255478,       4.355080095
          0,           0,        3056,      -2.856154288,     -0.6661881856,     -0.7946950961,       2.537045263,     -0.7334588734,       4.419435894
          0,           0,        3057,      -2.856152541,     -0.6538490639,     -0.7729261248,       2.535948789,     -0.7333177728,       4.545945419
          0,           0,        3058,      -2.861041374,     -0.6741908418,     -0.7920102561,       2.530912494,     -0.7331678724,       4.535577128
          0,           0,        3059,      -2.864408015,     -0.6605807762,     -0.7987417039,       2.527339607,     -0.7330152091,       4.470127725
          0,           0,        3060,       -2.86797121,     -0.6722908371,     -0.8013186326,       2.524091984,     -0.7328535719,       4.563629771
          0,           0,        3061,      -2.860269201,     -0.6488335546,     -0.7940672032,       2.531708793,     -0.7326938513,       4.523724234
          0,           0,        3062,      -2.858053602,     -0.6569854865,     -0.7804975143,        2.53394852,     -0.7325368206,       4.478092259
          0,           0,        3063,      -2.865672032,     -0.6431640369,     -0.7810261018,       2.525825112,     -0.7323685463,       4.500005721
          0,           0,        3064,      -2.869790781,     -0.6423554381,     -0.7542413282,       2.522277463,     -0.7322095736,       4.380009124
          0,           0,        3065,      -2.862989145,     -0.6636279114,     -0.7953507986,       2.529944724,     -0.7320565222,       4.399801129
          0,           0,        3066,      -2.865544474,     -0.6496244472,     -0.7734691184,       2.526176562,     -0.7318811039,       4.476202747
          0,           0,        3067,      -2.861523206,     -0.6464044756,     -0.7811847256,       2.529869859,     -0.7316869342,       4.458065987
          0,           0,        3068,      -2.868220199,     -0.6536110547,     -0.7673012119,       2.523648844,     -0.7314863473,        4.35514924
          0,           0,        3069,      -2.859121838,     -0.6422398081,     -0.7693913487,       2.533929793,     -0.7312837176,       4.405338522
          0,           0,        3070,      -2.862852864,     -0.6426138773,     -0.7595403183,       2.529523721,     -0.7310916787,       4.409166419
          0,           0,        3071,      -2.856168808,     -0.6471561721,     -0.7873498313,       2.536961898,     -0.7308893692,       4.419290407
          0,           0,        3072,       -2.86028668,     -0.6327487365,     -0.7780006406,       2.532092533,     -0.7306820935,       4.404302794
          0,           0,        3073,      -2.869731025,     -0.6361716715,     -0.7657129149,       2.523381321,     -0.7304833637,        4.38544466
          0,           0,        3074,      -2.856989629,     -0.6458739133,     -0.7945676823,        2.53678781,     -0.7302978607,       4.384529448
          0,           0,        3075,       -2.85754314,     -0.6475414834,      -0.778128747,       2.534917431,     -0.7300973288,       4.470396333
          0,           0,        3076,      -2.853391472,     -0.6398584266,     -0.7950878554,       2.539851353,     -0.7299184163,       4.437944096
          0,           0,        3077,      -2.853790841,     -0.6376281523,     -0.7804011111,        2.53942238,      -0.729751496,       4.418774093
          0,           0,        3078,      -2.862072855,     -0.6408038562,     -0.7829625875,       2.530816826,     -0.7295993239,        4.50747699
          0,           0,        3079,      -2.856705783,      -0.626950911,     -0.7658666697,       2.536379268,     -0.7294737324,       4.491975714
          0,           0,        3080,      -2.858301153,     -0.6415255308,     -0.7704820646,       2.534713614,     -0.7293408692,       4.510851813
          0,           0,        3081,      -2.858968925,     -0.6169318072,     -0.7480714071,       2.534176066,     -0.7292308024,       4.505521232
          0,           0,        3082,      -2.867184094,     -0.6254577349,     -0.7325635443,       2.525678798,     -0.7291126047,       4.339343916
          0,           0,        3083,      -2.857668007,     -0.6526962602,     -0.7798490716,       2.535947108,     -0.7290362785,       4.401575268
          0,           0,        3084,      -2.872499849,     -0.6476198436,     -0.7643706352,       2.519544042,     -0.7289768439,       4.471133273
          0,           0,        3085,      -2.859663311,     -0.6548155345,     -0.7818475791,        2.53230383,     -0.7289383006,       4.496943053
          0,           0,        3086,      -2.862607312,     -0.6659009841,     -0.7808306689,        2.52938681,     -0.7289144217,       4.480983805
          0,           0,        3087,      -2.862367378,     -0.6690522897,     -0.7784843426,       2.530423576,     -0.7288917007,       4.483256141
          0,           0,        3088,      -2.862472361,     -0.6559868736,      -0.761763873,       2.529886672,     -0.7289115962,       4.395552542
          0,           0,        3089,      -2.860185278,     -0.6671118452,     -0.7816843405,       2.532083834,     -0.7289419387,       4.452021624
          0,           0,        3090,      -2.860526295,     -0.6574094749,     -0.7738173939,       2.531875158,     -0.7290115422,       4.429111113
          0,           0,        3091,      -2.868884345,     -0.6530275338,     -0.7640139366,       2.523354695,     -0.7290793767,       4.496906414
          0,           0,        3092,      -2.861654009,     -0.6805471775,     -0.7865007127,       2.531998176,     -0.7291613163,        4.52133685
          0,           0,        3093,      -2.862568171,     -0.6405615063,     -0.7622596733,       2.529814635,     -0.7292265338,       4.516769579
          0,           0,        3094,      -2.863357285,     -0.6518136069,     -0.7772436787,       2.528984918,     -0.7292779197,       4.435826498
          0,           0,        3095,      -2.855837655,     -0.6511281718,     -0.7713198277,       2.536515801,     -0.7293360334,       4.371302324
          0,           0,        3096,      -2.867074285,     -0.6379920029,     -0.7674759664,       2.525220671,     -0.7293669059,       4.440955158
          0,           0,        3097,      -2.861637513,     -0.6449431273,     -0.7715896506,       2.531008254,     -0.7294134134,       4.419973676
          0,           0,        3098,      -2.861318757,     -0.6348341117,     -0.7854227675,       2.531360733,     -0.7294209251,       4.471795688
          0,           0,        3099,      -2.871049212,     -0.6364086424,     -0.7740745188,       2.521198408,      -0.729436952,       4.504844259
          0,           0,        3100,       -2.86478484,     -0.6425153573,      -0.782759713,       2.527968288,     -0.7294317845,       4.454522073
          0,           0,        3101,      -2.856739267,     -0.6403926566,     -0.7802444084,       2.536008157,      -0.729426666,       4.486868881
          0,           0,        3102,      -2.865859973,     -0.6549424316,      -0.776418859,       2.526418238,     -0.7294087023,       4.461655274
          0,           0,        3103,      -2.857566926,     -0.6500791947,     -0.7822527309,       2.534622148,     -0.7293958335,       4.379614519
          0,           0,        3104,       -2.86692457,     -0.6642747384,     -0.7839495422,       2.525389781,     -0.7293778265,       4.407301131
          0,           0,        3105,         -2.859962,     -0.6720758791,     -0.7941516604,       2.532275771,     -0.7293669819,       4.437205667
          0,           0,        3106,      -2.859674332,     -0.6644165507,     -0.7766176813,       2.532325283,     -0.7293567104,       4.400789005
          0,           0,        3107,      -2.856202316,     -0.6558655923,     -0.7777666276,       2.536157165,     -0.7293601375,       4.473553545
          0,           0,        3108,      -2.860448484,     -0.6610025993,     -0.7633801606,        2.53195901,     -0.7293327091,       4.356636979
          0,           0,        3109,      -2.854926779,     -0.6605002019,     -0.7844638965,       2.538230655,     -0.7293004397,       4.320217357
          0,           0,        3110,      -2.853450865,     -0.6593821009,     -0.7771099625,       2.539013082,     -0.7292935458,       4.438341614
          0,           0,        3111,      -2.855439357,     -0.6589864711,     -0.7903218832,        2.53643826,     -0.7292895303,       4.459327049
          0,           0,        3112,      -2.854509304,     -0.6577422605,     -0.8014541495,       2.537694766,     -0.7293082528,       4.398830054
          0,           0,        3113,       -2.85498246,     -0.6611258008,     -0.7853549331,       2.537653627,      -0.729321491,       4.453214763
          0,           0,        3114,      -2.858886102,     -0.6377118946,     -0.7798828865,        2.53344802,     -0.7293330257,        4.42307703
          0,           0,        3115,      -2.849849203,     -0.6525674452,     -0.7759662134,       2.543336154,     -0.7293542594,       4.454610843
          0,           0,        3116,      -2.853307157,     -0.6325862583,     -0.7818743833,        2.53915284,     -0.7293611689,       4.499467971
          0,           0,        3117,      -2.863377101,     -0.6490531875,      -0.767654236,       2.529623816,     -0.7293734425,       4.363410561
          0,           0,        3118,      -2.857184181,     -0.6484255874,     -0.7889748031,       2.536257533,     -0.7294012585,       4.510623757
          0,           0,        3119,      -2.863681909,     -0.6552798841,     -0.7870219441,       2.528865394,     -0.7294324151,       4.592936231
          0,           0,        3120,      -2.853573627,     -0.6347287436,     -0.7822371668,       2.538782341,     -0.7294890408,       4.575178016
          0,           0,        3121,      -2.858830971,     -0.6469281996,     -0.7792365209,       2.533175243,     -0.7295252718,       4.477705795
          0,           0,        3122,      -2.861076215,      -0.639581161,     -0.7772327461,       2.532009574,     -0.7295741733,       4.457550518
          0,           0,        3123,      -2.860809029,     -0.6446729363,     -0.7908968259,       2.531668502,     -0.7296132642,       4.374244908
          0,           0,        3124,      -2.859646731,     -0.6400562614,     -0.7775937309,       2.532513528,     -0.7296800638,       4.430605047
          0,           0,        3125,      -2.858598419,     -0.6295511583,     -0.7823703676,       2.533478426,     -0.7297314699,        4.46299584
          0,           0,        3126,      -2.865535997,     -0.6304950199,     -0.7628890025,       2.526970643,     -0.7298121254,       4.436620712
          0,           0,        3127,      -2.856452841,     -0.6579910926,     -0.7960915802,       2.536413368,     -0.7298931259,        4.47302611
          0,           0,        3128,      -2.863630825,     -0.6491143028,     -0.7875348938,        2.52806208,     -0.7299515375,       4.523139205
          0,           0,        3129,      -2.859180009,     -0.6614047761,     -0.7826718688,       2.532597544,     -0.7300314964,        4.50631819
          0,           0,        3130,      -2.858904143,     -0.6544760804,     -0.7769206925,       2.532520777,      -0.730131678,       4.411820687
          0,           0,        3131,      -2.863012342,     -0.6703163991,     -0.7937303052,       2.528964018,     -0.7302786788,       4.426805908
          0,           0,        3132,        -2.8609145,     -0.6441068461,     -0.7660871996,       2.530846085,     -0.7304691792,       4.375075885
          0,           0,        3133,       -2.85456117,     -0.6710997109,     -0.8032196451,       2.537664015,     -0.7306722003,       4.435507592
          0,           0,        3134,      -2.860512791,     -0.6401198769,     -0.7747969451,       2.531568692,     -0.7309404947,       4.422916276
          0,           0,        3135,      -2.867400875,     -0.6414077894,     -0.7572474159,       2.524759527,     -0.7312306398,       4.418547456
          0,           0,        3136,      -2.861550917,     -0.6701076831,     -0.8060969603,       2.531788363,      -0.731528174,        4.39411724
          0,           0,        3137,      -2.866734912,     -0.6484896562,     -0.7893364656,        2.52526915,     -0.7318473509,       4.462819983
          0,           0,        3138,      -2.855425752,     -0.6466496599,     -0.8082364149,       2.536658126,     -0.7321821075,       4.436511277
          0,           0,        3139,      -2.862742626,     -0.6379836598,     -0.7842838744,          2.529561,      -0.732526574,       4.350477498
          0,           0,        3140,      -2.869344038,      -0.623691883,      -0.780337811,       2.523379717,     -0.7329018436,       4.340511998
          0,           0,        3141,      -2.866865495,     -0.6333403857,     -0.7714887687,       2.525835266,     -0.7332590427,       4.366373001
          0,           0,        3142,      -2.865920192,     -0.6308853792,     -0.7838355429,       2.526392189,     -0.7336306632,       4.427793427
          0,           0,        3143,      -2.865917463,     -0.6193046143,     -0.7569939109,       2.526652164,     -0.7340296879,       4.420874433
          0,           0,        3144,      -2.869750009,     -0.6389528113,      -0.760070425,       2.522830461,     -0.7344259029,       4.344144925
          0,           0,        3145,      -2.861866931,     -0.6401241898,     -0.7667500025,       2.531165728,     -0.7348421862,       4.414323818
          0,           0,        3146,      -2.860130742,     -0.6461560194,     -0.7587756212,       2.532757642,      -0.735264178,       4.479282187
          0,           0,        3147,      -2.860595873,     -0.6504983112,     -0.7725382528,       2.531735434,     -0.7356733671,       4.465601316
          0,           0,        3148,      -2.859258404,     -0.6511739656,     -0.7747420881,       2.532981061,     -0.7361142561,       4.419441049
          0,           0,        3149,      -2.865970974,     -0.6593825091,     -0.7824022917,       2.527176105,     -0.7365402289,       4.378284718
          0,           0,        3150,      -2.863263243,     -0.6554564186,     -0.7847957707,       2.529222872,     -0.7369888239,       4.462162065
          0,           0,        3151,      -2.857489818,     -0.6610954777,     -0.7873876215,       2.535029237,     -0.7374220163,       4.488658982
          0,           0,        3152,      -2.858446046,     -0.6486950983,     -0.7980635863,       2.534291033,     -0.7378453502,        4.42927237
          0,           0,        3153,      -2.869444798,     -0.6422522531,     -0.7689143415,       2.522748275,     -0.7382513024,       4.381939901
          0,           0,        3154,       -2.85920543,     -0.6629178094,     -0.7967834832,       2.534041276,     -0.7386480775,       4.388502374
          0,           0,        3155,      -2.862186459,     -0.6504343514,     -0.7698423967,       2.530048437,     -0.7390221413,       4.430814614
          0,           0,        3156,      -2.855603566,     -0.6419257622,     -0.7785722988,        2.53738997,     -0.7394107445,       4.446802663
          0,           0,        3157,      -2.862570774,     -0.6292668013,     -0.7626034182,       2.530681247,      -0.739761485,       4.405336405
          0,           0,        3158,       -2.87193668,     -0.6469352431,     -0.7746854603,       2.520878189,     -0.7401380895,       4.408516681
          0,           0,        3159,      -2.868007078,     -0.6588178053,     -0.7696246458,       2.525032046,     -0.7404887393,       4.463888298
          0,           0,        3160,      -2.861413612,     -0.6336803914,     -0.7691394782,       2.531785267,      -0.740812646,       4.471700641
          0,           0,        3161,      -2.871578475,      -0.645848286,     -0.7730126395,       2.521624899,     -0.7411532814,       4.390121135
          0,           0,        3162,      -2.865580164,     -0.6392239529,     -0.7812475208,       2.528102345,     -0.7414702701,       4.394424634
          0,           0,        3163,      -2.870925088,     -0.6766512448,     -0.8056889617,       2.522319276,     -0.7417884484,       4.409216367
          0,           0,        3164,      -2.863606542,     -0.6556268871,     -0.7822769109,       2.529208991,      -0.742103863,       4.486420428
          0,           0,        3165,      -2.861006876,     -0.6641457122,     -0.8003950635,       2.531042858,     -0.7424177828,        4.47882483
          0,           0,        3166,      -2.859517152,     -0.6575143317,      -0.790391208,       2.532854691,     -0.7427109197,       4.406776362
          0,           0,        3167,      -2.869166765,     -0.6660186652,     -0.8063569221,       2.523046252,     -0.7430324527,       4.464955225
          0,           0,        3168,      -2.866631493,      -0.670694311,     -0.7954732023,       2.525482339,     -0.7433597414,       4.516028806
          0,           0,        3169,      -2.859736887,     -0.6493535332,     -0.8002750628,       2.532691729,      -0.743727428,       4.552866869
          0,           0,        3170,      -2.864221438,     -0.6521233187,     -0.7886668609,       2.528236486,     -0.7441278063,       4.502041104
          0,           0,        3171,       -2.87084667,     -0.6567749957,     -0.8026516906,        2.52159816,     -0.7445621109,       4.486437466
          0,           0,        3172,      -2.858891786,     -0.6753036279,     -0.8154163752,       2.533675237,     -0.7450306613,       4.455326323
          0,           0,        3173,      -2.851165834,     -0.6550906284,     -0.7854457079,       2.541645046,     -0.7455023043,       4.479907695
          0,           0,        3174,      -2.854198325,     -0.6661587147,      -0.796502329,       2.538275892,     -0.7459842269,       4.401982192
          0,           0,        3175,      -2.865430639,      -0.656774784,     -0.7777899309,       2.527387552,     -0.7464939419,       4.380115447
          0,           0,        3176,      -2.855490609,      -0.684643868,     -0.8147032726,        2.53772522,     -0.7470493711,       4.494787815
          0,           0,        3177,      -2.860700779,     -0.6673535772,     -0.8030467316,       2.532139329,     -0.7476141272,       4.546940546
          0,           0,        3178,      -2.851057065,     -0.6469862084,     -0.8051520258,       2.541474198,     -0.7481910579,       4.568319578
          0,           0,        3179,      -2.865973738,     -0.6506566727,     -0.7857242403,       2.526612148,     -0.7487613129,       4.513386508
          0,           0,        3180,      -2.861461792,     -0.6584908687,     -0.8087986572,        2.53173988,     -0.7493380633,       4.470968145
          0,           0,        3181,       -2.85763856,     -0.6539689362,      -0.794856704,       2.534768325,     -0.7499062404,       4.445428454
          0,           0,        3182,      -2.856681627,     -0.6538316044,     -0.8016109632,       2.535241669,     -0.7504888161,       4.465526806
          0,           0,        3183,      -2.856958299,     -0.6433307136,     -0.7859582779,       2.535711791,     -0.7510532865,       4.322363157
          0,           0,        3184,      -2.866479001,     -0.6601154758,      -0.800740621,       2.526259976,     -0.7516003933,       4.371564013
          0,           0,        3185,      -2.859559275,     -0.6434933169,     -0.7891699444,       2.533138033,     -0.7521057239,       4.432011269
          0,           0,        3186,      -2.862878419,     -0.6407026976,     -0.7707803291,       2.529455297,     -0.7525884262,       4.482060816
          0,           0,        3187,       -2.85442007,      -0.634246538,     -0.7746749091,       2.538396156,      -0.753052246,       4.455113445
          0,           0,        3188,      -2.869210169,     -0.6321843476,     -0.7627459447,       2.523431934,     -0.7535190443,       4.355773364
          0,           0,        3189,      -2.862154259,     -0.6506949747,     -0.8077386425,        2.53184752,     -0.7539560019,       4.414116248
          0,           0,        3190,      -2.863807677,     -0.6544086576,     -0.7812527402,       2.528875022,     -0.7543857475,       4.503199712
          0,           0,        3191,      -2.853575459,     -0.6513239154,     -0.7838219726,       2.538909539,     -0.7547874593,       4.529521815
          0,           0,        3192,      -2.858336011,     -0.6498318694,     -0.7753019514,       2.534332068,     -0.7551770415,       4.385923366
          0,           0,        3193,      -2.864078956,     -0.6494110855,      -0.780669223,        2.52943823,     -0.7555474557,       4.354547693
          0,           0,        3194,       -2.85027351,     -0.6422851461,     -0.7835669841,       2.543813096,     -0.7559092577,       4.413051075
          0,           0,        3195,      -2.859651219,     -0.6380831707,     -0.7609301471,         2.5332611,     -0.7562469518,       4.482646734
          0,           0,        3196,      -2.853653233,     -0.6329589791,     -0.7703444809,       2.539090297,     -0.7565758897,       4.481034436
          0,           0,        3197,      -2.868439485,     -0.6185109131,     -0.7504939797,       2.524369916,     -0.7568662058,       4.413861848
          0,           0,        3198,      -2.857198635,     -0.6367816385,     -0.7864332733,       2.536870841,     -0.7571327256,       4.430021816
          0,           0,        3199,      -2.860900774,     -0.6266985228,     -0.7733404129,       2.531862982,     -0.7573966123,       4.469499522
          0,           0,        3200,      -2.857267438,     -0.6361506992,      -0.770410014,       2.535137582,     -0.7576103606,       4.453812898
          0,           0,        3201,      -2.865620363,     -0.6268681883,     -0.7671966765,       2.527287972,     -0.7577932676,       4.312435756
          0,           0,        3202,      -2.872974562,     -0.6471205977,     -0.7929683411,       2.520070815,     -0.7579934613,       4.407874278
          0,           0,        3203,      -2.867760068,     -0.6239514702,     -0.7757194756,       2.524408789,     -0.7581656275,       4.466385773
          0,           0,        3204,      -2.859485578,     -0.6439220756,      -0.793357749,       2.533235117,     -0.7583541317,       4.469503983
          0,           0,        3205,      -2.860419254,     -0.6236204792,     -0.7729155419,       2.531944562,     -0.7584893503,       4.448665319
          0,           0,        3206,      -2.882484074,     -0.6310797867,     -0.7540206353,        2.50997544,     -0.7586354815,       4.344183953
          0,           0,        3207,      -2.864657929,     -0.6718269833,     -0.8032890549,       2.528731291,     -0.7587586961,       4.416512141
          0,           0,        3208,      -2.870763447,     -0.6705166928,     -0.7847279282,       2.521422102,     -0.7588674302,       4.571118389
          0,           0,        3209,      -2.856308781,     -0.6716863195,      -0.803085239,       2.536496249,      -0.759021251,       4.593558722
          0,           0,        3210,      -2.860836357,     -0.6689359683,     -0.7805253569,       2.531298214,     -0.7591743158,       4.498261829
          0,           0,        3211,      -2.867991203,     -0.6842275674,     -0.7926820285,       2.525092709,      -0.759325547,       4.478290311
          0,           0,        3212,       -2.85820209,     -0.6828070927,     -0.8092747235,       2.534471919,      -0.759466746,       4.430984563
          0,           0,        3213,      -2.856838875,      -0.668490433,     -0.7919627168,       2.535921593,     -0.7596084324,       4.411223261
          0,           0,        3214,      -2.859251457,     -0.6606007251,     -0.8000502145,       2.533563103,     -0.7597471895,        4.34905832
          0,           0,        3215,      -2.869992604,     -0.6578080866,     -0.7783046645,       2.522839581,     -0.7599483959,       4.359964727
          0,           0,        3216,       -2.85203027,     -0.6610405029,     -0.8011986052,       2.541847634,     -0.7601474522,       4.441264197
          0,           0,        3217,      -2.849787605,     -0.6549615308,     -0.7854468832,       2.543391514,     -0.7603705658,       4.513845911
          0,           0,        3218,      -2.859277724,     -0.6582061879,     -0.7909499871,        2.53380246,     -0.7605962717,       4.456177811
          0,           0,        3219,      -2.869757361,     -0.6525581694,       -0.77865541,       2.522368704,     -0.7608083889,       4.363182597
          0,           0,        3220,      -2.871197635,     -0.6638057294,     -0.7836640422,        2.52210076,     -0.7610569854,       4.456387514
          0,           0,        3221,      -2.868795078,     -0.6295916766,     -0.7578773781,       2.523449316,     -0.7613254926,        4.46827411
          0,           0,        3222,      -2.862218174,     -0.6554629201,     -0.7817805988,       2.530403848,       -0.76156245,       4.452012308
          0,           0,        3223,      -2.863284444,     -0.6270644221,     -0.7759709704,       2.529950216,     -0.7618357763,       4.408630296
          0,           0,        3224,      -2.880624256,     -0.6499158079,     -0.7622029582,       2.512286452,     -0.7621183367,       4.441454673
          0,           0,        3225,      -2.858523762,     -0.6628684332,     -0.7925907983,       2.535466567,     -0.7624205418,       4.437636739
          0,           0,        3226,      -2.877847945,     -0.6835391499,      -0.787170738,       2.513390063,      -0.762679481,       4.521253766
          0,           0,        3227,      -2.860897048,     -0.6696897243,     -0.7861339388,         2.5316543,     -0.7629213143,       4.494134551
          0,           0,        3228,      -2.863077894,     -0.6802091204,      -0.795390273,       2.529261971,     -0.7631513162,        4.32748862
          0,           0,        3229,      -2.866587738,     -0.6885475799,     -0.7938709533,       2.526865413,     -0.7634057105,       4.403258239
          0,           0,        3230,      -2.862532003,     -0.6744804241,     -0.7921875214,       2.530611474,     -0.7636366816,       4.470921089
          0,           0,        3231,       -2.86250264,     -0.6625866124,     -0.7970765713,       2.530423885,     -0.7639194656,       4.469556299
          0,           0,        3232,      -2.864410396,     -0.6560933697,     -0.7833598224,       2.528355389,     -0.7641774144,       4.419679662
          0,           0,        3233,      -2.875280013,     -0.6390492311,      -0.773126874,       2.517099057,     -0.7644424628,        4.36700497
          0,           0,        3234,      -2.862231441,     -0.6592759483,     -0.8029893277,       2.531189349,      -0.764699219,       4.380391888
          0,           0,        3235,      -2.856170223,     -0.6365418628,     -0.7702050378,       2.536357323,     -0.7649304315,        4.48258969
          0,           0,        3236,      -2.862525778,     -0.6452784936,     -0.7834879996,       2.529750574,     -0.7651694427,       4.424625087
          0,           0,        3237,      -2.859938809,     -0.6600994096,     -0.7908355597,       2.532502136,     -0.7654167429,       4.434750635
          0,           0,        3238,      -2.871022112,     -0.6544055883,     -0.8079682498,       2.521559871,     -0.7656519209,       4.522375809
          0,           0,        3239,      -2.857315567,     -0.6562638006,     -0.7906858974,       2.535326049,     -0.7659137055,        4.50291982
          0,           0,        3240,      -2.857930584,     -0.6387421632,     -0.7797721967,        2.53425602,     -0.7661353468,       4.462498269
          0,           0,        3241,      -2.865378738,      -0.644089935,     -0.7856315227,       2.527416707,     -0.7663439216,       4.380460186
          0,           0,        3242,      -2.865585548,     -0.6560548901,     -0.7979893669,         2.5271562,     -0.7665593208,       4.405646887
          0,           0,        3243,      -2.851110432,     -0.6690291061,     -0.8002966314,       2.542169628,     -0.7667418726,       4.447637074
          0,           0,        3244,      -2.867305778,     -0.6602804792,     -0.7796833134,       2.524805993,     -0.7669256754,       4.504092573
          0,           0,        3245,      -2.857242002,     -0.6607424949,     -0.7997415415,       2.535367238,     -0.7671479143,       4.431111206
          0,           0,        3246,      -2.873143046,     -0.6706700173,      -0.795140678,       2.519277086,     -0.7673426173,       4.388131439
          0,           0,        3247,      -2.874502212,     -0.6636773849,     -0.7931938854,        2.51810092,     -0.7675272194,       4.438075714
          0,           0,        3248,      -2.872044466,     -0.6577235057,     -0.7781864202,       2.520490475,     -0.7677250643,       4.422893724
          0,           0,        3249,      -2.873368323,     -0.6557946931,     -0.7868474977,       2.518112886,     -0.7679305988,       4.411928241
          0,           0,        3250,      -2.872727617,     -0.6500080265,     -0.7849518333,       2.519372994,     -0.7681470812,       4.311586311
          0,           0,        3251,      -2.870348782,      -0.645185905,     -0.7867978589,       2.521805975,     -0.7683533572,       4.372638858
          0,           0,        3252,      -2.864485208,     -0.6783885741,     -0.8095548944,       2.527554522,     -0.7685727697,       4.457583239
          0,           0,        3253,      -2.857510411,     -0.6532515616,     -0.7874859509,       2.534422771,     -0.7687726851,       4.469491052
          0,           0,        3254,      -2.868541533,     -0.6585498138,     -0.8084122904,       2.523230131,      -0.768953749,       4.317096094
          0,           0,        3255,      -2.862754483,     -0.6693349639,     -0.8140996365,       2.529349645,     -0.7691452438,       4.342570639
          0,           0,        3256,      -2.864531292,     -0.6623591348,     -0.8148985968,       2.527434555,     -0.7693285124,       4.435002906
          0,           0,        3257,      -2.860306888,     -0.6679279567,     -0.8078884327,       2.532157687,     -0.7695124006,       4.422010106
          0,           0,        3258,      -2.862093232,     -0.6377861685,      -0.796443447,       2.529505034,     -0.7697356946,       4.419340423
          0,           0,        3259,      -2.867749714,     -0.6529588963,     -0.8001598704,       2.524794345,     -0.7699719884,       4.328096297
          0,           0,        3260,      -2.871211022,     -0.6559583859,     -0.8237161541,       2.521512163,     -0.7702221838,        4.37703711
          0,           0,        3261,      -2.855828873,     -0.6660134288,     -0.8135634046,       2.536615924,     -0.7704734915,       4.461647126
          0,           0,        3262,      -2.858368394,     -0.6385921282,     -0.7850933471,       2.533849639,     -0.7707578119,        4.47620798
          0,           0,        3263,      -2.862582016,     -0.6553350125,     -0.7972255039,       2.530514616,     -0.7711055293,       4.347100808
          0,           0,        3264,      -2.869797528,     -0.6587449992,      -0.799063331,        2.52261923,     -0.7714519523,       4.459245486
          0,           0,        3265,      -2.864912276,     -0.6541388306,     -0.8074291221,       2.527357104,     -0.7717990132,       4.456424125
          0,           0,        3266,      -2.862224118,     -0.6424338349,     -0.7773530624,       2.530629538,     -0.7721310689,       4.416419353
          0,           0,        3267,      -2.867249366,     -0.6413547053,      -0.776403547,       2.524942949,     -0.7724733468,       4.417019625
          0,           0,        3268,      -2.869309313,     -0.6598156677,     -0.7850167085,       2.523874025,     -0.7728165871,        4.30491435
          0,           0,        3269,       -2.85588346,     -0.6695864747,      -0.815029059,       2.537228483,     -0.7731665171,       4.453329931
          0,           0,        3270,      -2.853426061,       -0.66937734,     -0.7948312268,       2.539070031,     -0.7735354258,       4.546755887
          0,           0,        3271,      -2.858299741,     -0.6695735748,     -0.7996339966,       2.533613123,     -0.7738969157,       4.456370189
          0,           0,        3272,      -2.868092377,     -0.6771961438,     -0.7963289981,       2.523838703,     -0.7742464403,       4.260785445
          0,           0,        3273,      -2.863413273,     -0.6849927978,     -0.8217041254,       2.528599391,      -0.774611875,       4.404011853
          0,           0,        3274,      -2.858884029,      -0.670790134,     -0.8119962685,       2.533403507,     -0.7749717417,       4.410091146
          0,           0,        3275,      -2.852915637,     -0.6629618224,     -0.8096210218,       2.540197805,     -0.7753287061,       4.412633827
          0,           0,        3276,       -2.86095752,     -0.6362297043,     -0.7950571534,       2.531430975,     -0.7756907285,       4.435559599
          0,           0,        3277,      -2.867654527,     -0.6440927231,     -0.7850770191,       2.525169894,     -0.7760621342,       4.245213667
          0,           0,        3278,      -2.862450082,     -0.6635727473,     -0.8342893412,       2.530252283,     -0.7764329396,       4.432639215
          0,           0,        3279,      -2.859903527,     -0.6510191091,     -0.7964875451,       2.532809243,     -0.7768014468,       4.487228379
          0,           0,        3280,      -2.867962436,     -0.6293069858,     -0.7981840785,       2.524110014,     -0.7771574072,       4.363385361
          0,           0,        3281,      -2.871887924,     -0.6449407319,     -0.7886781452,        2.52084648,     -0.7775186685,       4.302884663
          0,           0,        3282,       -2.87023195,     -0.6508078597,     -0.8092833164,       2.522003789,     -0.7778699555,       4.409524601
          0,           0,        3283,      -2.874402175,     -0.6621093853,     -0.7959798672,       2.518159761,     -0.7782062172,       4.408511168
          0,           0,        3284,      -2.861920098,     -0.6395452576,     -0.7948654402,       2.530501235,     -0.7785494947,       4.398873367
          0,           0,        3285,      -2.883539329,     -0.6615534093,     -0.7933352211,       2.509157762,     -0.7788785913,       4.356003297
          0,           0,        3286,      -2.875721736,     -0.6616719256,     -0.7880989128,        2.51734453,     -0.7792351524,       4.379578091
          0,           0,        3287,      -2.867339081,     -0.6935752753,     -0.8290604846,       2.525039995,     -0.7795665004,       4.454320505
          0,           0,        3288,      -2.857267166,        -0.6731732,     -0.7995017392,       2.535217624,     -0.7798884232,       4.489453031
          0,           0,        3289,      -2.865341033,     -0.6708655099,     -0.8061969045,       2.526093775,     -0.7801844763,       4.383715891
          0,           0,        3290,       -2.86334843,     -0.6703083643,     -0.7988378384,       2.529829265,     -0.7804688251,       4.386189035
          0,           0,        3291,      -2.863203681,     -0.6660662549,     -0.8118713799,       2.529499844,     -0.7807808457,       4.432025607
          0,           0,        3292,      -2.860553969,     -0.6715043177,     -0.7858931507,        2.53174794,     -0.7810948367,       4.415760952
          0,           0,        3293,      -2.862414428,     -0.6391947785,     -0.7787276104,       2.530077373,      -0.781465855,       4.401778927
          0,           0,        3294,      -2.871119895,     -0.6401600877,      -0.780911736,        2.52122296,     -0.7818080282,       4.308503203
          0,           0,        3295,       -2.87358608,      -0.656289624,     -0.8044205326,       2.518961655,     -0.7821676385,       4.361356306
          0,           0,        3296,      -2.857491193,     -0.6821050802,     -0.8052926243,       2.534927408,      -0.782507957,        4.45041825
          0,           0,        3297,      -2.852567495,     -0.6478040539,     -0.7840888334,       2.539794081,     -0.7828430595,       4.476208198
          0,           0,        3298,      -2.868359194,     -0.6604028119,     -0.7883083592,       2.523954087,      -0.783156641,       4.318530794
          0,           0,        3299,      -2.861159537,      -0.661395427,     -0.8021776441,        2.53184501,     -0.7834872441,       4.391930159
          0,           0,        3300,      -2.861514116,     -0.6655586735,     -0.8151381991,       2.530960665,     -0.7837976871,       4.432670162
          0,           0,        3301,      -2.851360087,     -0.6622664397,     -0.7857374316,       2.542025173,     -0.7840784162,       4.443210998
          0,           0,        3302,      -2.862218364,     -0.6347774584,     -0.7916959142,       2.530288904,     -0.7843561989,       4.417147085
          0,           0,        3303,      -2.863812569,     -0.6575720846,     -0.7970726493,       2.529769732,     -0.7846689517,       4.246834914
          0,           0,        3304,      -2.859482194,     -0.6628371695,       -0.83160553,       2.534086158,     -0.7849667309,       4.393081963
          0,           0,        3305,      -2.865295771,     -0.6600244454,      -0.801358832,       2.527724244,     -0.7853052365,       4.522306415
          0,           0,        3306,      -2.857423122,     -0.6538603332,     -0.8084621254,       2.535707748,     -0.7856500615,       4.506853899
          0,           0,        3307,      -2.865883726,     -0.6552367768,     -0.7955337028,       2.527035223,     -0.7860071769,       4.407681026
          0,           0,        3308,      -2.863417702,     -0.6603319132,     -0.7934246522,       2.530338715,     -0.7863415643,       4.498493349
          0,           0,        3309,      -2.855836878,     -0.6496375201,     -0.7893029712,       2.537658753,      -0.786653065,       4.506607497
          0,           0,        3310,       -2.85653216,     -0.6559627903,      -0.774256272,       2.536605909,     -0.7869448392,        4.51120305
          0,           0,        3311,      -2.864486295,     -0.6382996996,     -0.7702318964,       2.528348406,      -0.787228267,         4.4998512
          0,           0,        3312,      -2.859842271,     -0.6460545746,     -0.7686320754,       2.533856343,     -0.7875271117,       4.343214323
          0,           0,        3313,      -2.857534139,     -0.6573376352,     -0.7994519054,       2.536311982,     -0.7878173401,       4.432833854
          0,           0,        3314,      -2.858505735,     -0.6643296689,     -0.7911061158,       2.534290705,     -0.7881464185,        4.52262429
          0,           0,        3315,      -2.859064517,     -0.6388290953,     -0.7869116587,       2.533535466,     -0.7884507933,       4.523113992
          0,           0,        3316,      -2.861546663,     -0.6905861241,     -0.8117632437,       2.531341609,     -0.7887318789,       4.406980379
          0,           0,        3317,      -2.871202383,      -0.672217945,     -0.8069978045,       2.521745614,     -0.7889933816,       4.428351757
          0,           0,        3318,      -2.857713895,     -0.6766609864,     -0.8192581381,       2.535258234,     -0.7892538128,       4.402411173
          0,           0,        3319,      -2.862629012,     -0.6498251553,     -0.7900560792,       2.530122576,     -0.7895178975,       4.420192437
          0,           0,        3320,      -2.860649334,     -0.6562931086,     -0.7983875583,       2.531922773,     -0.7897826475,       4.441195703
          0,           0,        3321,      -2.867126155,     -0.6490700959,     -0.7822128377,       2.525679225,     -0.7900569673,       4.356707517
          0,           0,        3322,       -2.85240806,     -0.6640837497,      -0.822555985,       2.541118718,     -0.7903483367,       4.475129432
          0,           0,        3323,      -2.859478036,     -0.6419763695,     -0.7895629776,       2.533241022,     -0.7906319027,       4.491031379
          0,           0,        3324,      -2.873207842,     -0.6538552643,     -0.7940496218,       2.518703879,     -0.7909248937,       4.446351483
          0,           0,        3325,      -2.865965431,     -0.6471673154,     -0.7802837966,       2.526657562,     -0.7911982029,       4.325352364
          0,           0,        3326,      -2.877137315,     -0.6445946631,      -0.788523475,       2.515078714,     -0.7914943632,       4.429822755
          0,           0,        3327,      -2.867244345,     -0.6332923743,     -0.7756664101,       2.525522158,     -0.7918050619,        4.48029672
          0,           0,        3328,      -2.867513688,     -0.6460967995,     -0.7885790029,       2.525237841,     -0.7921109115,       4.506533636
          0,           0,        3329,      -2.870104704,     -0.6409800421,     -0.7903255014,        2.52251583,     -0.7924365491,       4.553639413
          0,           0,        3330,      -2.880542412,     -0.6468774483,     -0.7720454354,       2.511685397,     -0.7927550116,       4.508030608
          0,           0,        3331,      -2.872025629,     -0.6748470544,     -0.8215468538,       2.520696368,     -0.7930549664,       4.547425746
          0,           0,        3332,      -2.874544746,     -0.6763458524,     -0.7961440653,        2.51732775,     -0.7933890917,       4.543965459
          0,           0,        3333,      -2.866828704,     -0.6686055573,     -0.8047589558,       2.524938138,     -0.7937135642,       4.472364536
          0,           0,        3334,      -2.868557036,      -0.670402075,     -0.7986898663,       2.522913933,     -0.7940661669,       4.327706306
          0,           0,        3335,      -2.868635713,     -0.6778504941,     -0.8093336007,       2.524125022,     -0.7944121296,       4.379808329
          0,           0,        3336,      -2.863472539,     -0.6705396561,     -0.7862613623,       2.528437957,     -0.7947766241,       4.405769237
          0,           0,        3337,      -2.859125615,      -0.663765398,      -0.809409568,       2.533176092,     -0.7951548402,       4.425154654
          0,           0,        3338,       -2.85695256,     -0.6551815862,     -0.7967680976,       2.535919578,     -0.7955299029,        4.43519776
          0,           0,        3339,      -2.865253391,     -0.6581953076,     -0.7835615487,       2.527456995,     -0.7959289011,       4.452771269
          0,           0,        3340,      -2.858445891,     -0.6728597826,     -0.8077671103,       2.535415492,     -0.7963014934,       4.374044614
          0,           0,        3341,      -2.867365349,     -0.6594346324,     -0.7868739898,       2.525018957,     -0.7966818604,       4.423811003
          0,           0,        3342,      -2.861662636,     -0.6632214599,      -0.813107217,       2.530401694,     -0.7970773046,       4.405442363
          0,           0,        3343,      -2.858852822,     -0.6543223193,     -0.7870906498,       2.533626184,     -0.7974370519,       4.321559153
          0,           0,        3344,      -2.868470678,     -0.6649527994,     -0.8017632121,       2.524419837,     -0.7977733028,       4.389016054
          0,           0,        3345,      -2.867238526,     -0.6373563836,     -0.7790991529,       2.525133757,     -0.7981248398,       4.412634042
          0,           0,        3346,      -2.867075386,      -0.651945099,     -0.8063854608,       2.525663907,     -0.7984643494,       4.384332824
          0,           0,        3347,      -2.872201788,     -0.6510266042,     -0.8023902116,       2.520369931,     -0.7988084875,       4.368730052
          0,           0,        3348,      -2.871088532,     -0.6635549801,     -0.8133063687,       2.521300381,     -0.7991982574,       4.400747412
          0,           0,        3349,      -2.857205752,     -0.6629938969,     -0.8181758778,        2.53540963,     -0.7995808635,       4.463815213
          0,           0,        3350,      -2.858840642,     -0.6665347762,     -0.8000551842,       2.533427931,     -0.7999548816,       4.478417378
          0,           0,        3351,      -2.864024767,     -0.6738474378,     -0.8203981522,       2.528196246,     -0.8003114718,       4.430816284
          0,           0,        3352,      -2.864904067,     -0.6855195174,     -0.8188586528,       2.528590202,     -0.8006805735,       4.441894857
          0,           0,        3353,      -2.862854128,     -0.6892921242,     -0.8269292253,       2.529523085,     -0.8010371491,       4.419458063
          0,           0,        3354,      -2.868849817,      -0.667609452,     -0.7995404081,       2.523764968,     -0.8014080836,        4.38793878
          0,           0,        3355,      -2.862798188,     -0.6591359865,     -0.8083925095,       2.530360852,     -0.8017573898,       4.416945944
          0,           0,        3356,      -2.868875513,     -0.6522780903,     -0.7957992678,       2.523783564,     -0.8020759576,       4.396723733
          0,           0,        3357,      -2.860127986,     -0.6578188881,      -0.802231301,       2.533669783,     -0.8024145585,       4.422663156
          0,           0,        3358,      -2.866160844,     -0.6581470097,     -0.7832113944,       2.526077256,      -0.802741506,       4.488093086
          0,           0,        3359,      -2.859917357,     -0.6617118832,     -0.7898685092,       2.532780735,     -0.8030605078,        4.48104366
          0,           0,        3360,      -2.860085239,     -0.6584106101,     -0.7932836918,       2.532875535,     -0.8033584651,       4.314364736
          0,           0,        3361,      -2.867398127,      -0.676055053,     -0.7962202893,       2.525952529,     -0.8036589851,       4.400655381
          0,           0,        3362,      -2.858698111,     -0.6506839585,     -0.7921799426,       2.534166837,     -0.8039748136,        4.40430332
          0,           0,        3363,      -2.863425584,     -0.6526604072,     -0.7841216619,       2.528858747,     -0.8042825885,       4.438518835
          0,           0,        3364,      -2.857908614,      -0.643026737,     -0.7956911629,       2.534916132,     -0.8045773296,       4.440122262
          0,           0,        3365,      -2.870217145,     -0.6570800587,     -0.7819087475,       2.522684072,     -0.8048755624,       4.387423504
          0,           0,        3366,      -2.858697342,     -0.6676314091,     -0.8113802201,        2.53519019,     -0.8051737513,       4.438561707
          0,           0,        3367,      -2.867510621,     -0.6576912264,     -0.7846271261,       2.525218674,     -0.8054814397,       4.478865422
          0,           0,        3368,      -2.854668505,     -0.6561973909,     -0.7962068749,       2.538868574,     -0.8057811972,       4.462817817
          0,           0,        3369,      -2.865304612,     -0.6574712643,     -0.7926869955,       2.526917627,     -0.8060759946,       4.337165737
          0,           0,        3370,      -2.861646058,     -0.6588563759,      -0.781628915,       2.531795813,     -0.8063709335,       4.404968156
          0,           0,        3371,      -2.857649755,     -0.6466173862,     -0.7763072836,       2.535909385,      -0.806670986,       4.415806258
          0,           0,        3372,      -2.862865972,      -0.644716981,     -0.7668656288,       2.530308937,     -0.8069438797,       4.453269633
          0,           0,        3373,       -2.85689674,     -0.6265835125,     -0.7844845926,       2.536134761,     -0.8072325275,       4.482908063
          0,           0,        3374,      -2.861788903,     -0.6272737824,     -0.7722339522,       2.531792399,     -0.8075347194,       4.396758953
          0,           0,        3375,      -2.853868098,      -0.654053119,     -0.8143491713,       2.540089401,     -0.8078161232,       4.442319283
          0,           0,        3376,      -2.866790093,     -0.6434249426,     -0.7860091241,       2.526036375,     -0.8081250481,       4.460805698
          0,           0,        3377,      -2.853478897,     -0.6408263392,     -0.7957775718,       2.540016688,     -0.8084317362,       4.468276792
          0,           0,        3378,      -2.861690966,     -0.6470581976,     -0.7791806978,       2.532096045,     -0.8087094198,       4.308596879
          0,           0,        3379,      -2.857056554,     -0.6684687564,     -0.7865495151,       2.537181399,     -0.8090186656,       4.405352154
          0,           0,        3380,      -2.852792574,     -0.6288220158,      -0.761262881,       2.541310383,     -0.8093172904,       4.407841293
          0,           0,        3381,      -2.856531985,     -0.6423680782,     -0.7687848621,       2.537024085,     -0.8096280861,       4.423724013
          0,           0,        3382,      -2.854785787,     -0.6323931888,     -0.7761711023,       2.538662352,      -0.809932117,       4.448488593
          0,           0,        3383,      -2.863489585,     -0.6637423509,     -0.7697538236,       2.529703112,      -0.810197444,       4.344043743
          0,           0,        3384,      -2.861556502,     -0.6345120499,     -0.7748727481,       2.532297239,     -0.8104246045,       4.396612593
          0,           0,        3385,       -2.86214263,     -0.6574467062,     -0.7744842058,       2.531402784,     -0.8106906095,       4.453289561
          0,           0,        3386,      -2.859130074,      -0.645516568,     -0.7689116048,       2.534084186,     -0.8109125576,       4.468997003
          0,           0,        3387,      -2.869199437,     -0.6700630544,      -0.780637724,        2.52335476,     -0.8112067646,       4.373560696
          0,           0,        3388,      -2.865201654,     -0.6516637588,     -0.7851376325,       2.528853811,      -0.811443403,        4.36768183
          0,           0,        3389,      -2.875002076,      -0.659864391,     -0.7882768453,       2.517680632,     -0.8116738675,       4.372713016
          0,           0,        3390,      -2.869945744,     -0.6561964874,     -0.7919177712,       2.522700399,     -0.8119452488,       4.389983794
          0,           0,        3391,      -2.865791813,     -0.6518729212,     -0.7841022161,       2.526937587,     -0.8121974465,         4.4324894
          0,           0,        3392,      -2.869909617,      -0.650877568,     -0.7737122333,       2.523113762,     -0.8124710721,       4.455546517
          0,           0,        3393,      -2.865661486,     -0.6727123993,     -0.8131700698,       2.527448527,     -0.8127575995,       4.484183033
          0,           0,        3394,      -2.854151619,     -0.6590053121,     -0.7806907968,       2.538837346,      -0.813007164,       4.483574109
          0,           0,        3395,      -2.857732625,     -0.6706969277,     -0.8032059144,       2.534986892,      -0.813266341,       4.477233638
          0,           0,        3396,      -2.860152453,     -0.6745346921,     -0.7944333266,       2.532158417,     -0.8135400498,       4.459044586
          0,           0,        3397,      -2.862453581,     -0.6753430569,     -0.8173864165,       2.529938953,     -0.8137870565,       4.562933197
          0,           0,        3398,      -2.862437386,     -0.6775516312,     -0.8062805657,       2.529960562,     -0.8140374398,       4.548720641
          0,           0,        3399,      -2.854674633,     -0.6708946501,     -0.8127639026,       2.537991356,     -0.8142736985,       4.524087629
          0,           0,        3400,      -2.864235605,     -0.6495478986,     -0.7963133227,       2.528117159,     -0.8144953701,       4.458898851
          0,           0,        3401,      -2.866718542,     -0.6507389116,     -0.7601116396,        2.52612956,     -0.8147312181,       4.457640784
          0,           0,        3402,      -2.861470965,     -0.6660636323,     -0.8125397131,       2.531590286,     -0.8149717326,       4.402963138
          0,           0,        3403,       -2.86635179,     -0.6700426176,     -0.8004813683,        2.52606951,     -0.8151892887,       4.452162675
          0,           0,        3404,      -2.864919845,     -0.6564702061,     -0.8011600384,       2.527055219,     -0.8154069141,       4.484601176
          0,           0,        3405,      -2.867652565,     -0.6656941415,     -0.8031483945,       2.525442535,     -0.8156475672,       4.452401371
          0,           0,        3406,      -2.869285309,     -0.6493809332,     -0.7910299848,       2.523296444,     -0.8158691422,        4.46819862
          0,           0,        3407,      -2.879936711,     -0.6524270726,     -0.7899866769,       2.512306254,     -0.8161190997,       4.438434413
          0,           0,        3408,      -2.858730462,     -0.6535007787,     -0.7935271849,       2.534294082,     -0.8163750626,       4.448769944
          0,           0,        3409,      -2.883172629,     -0.6647887442,     -0.7883204059,        2.50867441,     -0.8166151689,       4.448706024
          0,           0,        3410,      -2.869895065,     -0.6584054439,     -0.7900692429,       2.522908105,     -0.8168843696,       4.430017637
          0,           0,        3411,      -2.866488768,     -0.6693230499,     -0.8028435373,       2.526659314,      -0.817158649,       4.406800464
          0,           0,        3412,      -2.864772665,      -0.667525916,     -0.7836909373,       2.528135544,     -0.8174386578,       4.488495222
          0,           0,        3413,      -2.870593064,     -0.6622348085,     -0.7944290939,       2.522068625,     -0.8177459815,       4.449783721
          0,           0,        3414,      -2.863820929,     -0.6697186649,     -0.7833072672,       2.529015104,     -0.8180295308,       4.287158924
          0,           0,        3415,      -2.874330533,     -0.6647594859,     -0.8074945796,       2.518415517,     -0.8183302101,       4.384383485
          0,           0,        3416,      -2.871183238,     -0.6796767129,     -0.8055191417,       2.521685628,     -0.8186277632,       4.374997491
          0,           0,        3417,      -2.864357762,     -0.6601893653,     -0.7948444637,       2.528134125,     -0.8189504386,       4.419058056
          0,           0,        3418,      -2.868196387,     -0.6798882572,     -0.8109466864,       2.524786374,     -0.8192597067,       4.442510829
          0,           0,        3419,       -2.87329372,     -0.6560268822,     -0.7896147555,        2.51910012,     -0.8195799632,       4.436905571
          0,           0,        3420,      -2.871765526,     -0.6738040457,     -0.7879550765,       2.520940914,     -0.8199183234,       4.361189067
          0,           0,        3421,      -2.860099286,     -0.6563422451,     -0.7770899344,       2.532462264,     -0.8202323021,        4.43834397
          0,           0,        3422,      -2.868217135,     -0.6872375816,     -0.7910638342,       2.523998947,     -0.8205775298,       4.409029964
          0,           0,        3423,      -2.859468687,     -0.6528259605,     -0.7757699215,       2.533560371,     -0.8208960077,       4.402114358
          0,           0,        3424,      -2.864560379,     -0.6542490007,     -0.7935883972,       2.528489449,     -0.8212220326,       4.427906432
          0,           0,        3425,      -2.866596411,     -0.6501738508,     -0.7885630572,       2.526510454,     -0.8215446994,       4.389645862
          0,           0,        3426,      -2.857413122,     -0.6210890698,     -0.7853309914,        2.53586968,      -0.821843649,       4.389007479
          0,           0,        3427,      -2.865905626,     -0.6482984033,     -0.7848051465,       2.527021779,     -0.8221349445,       4.374235671
          0,           0,        3428,      -2.870818199,     -0.6358705897,     -0.7944073105,       2.522502158,     -0.8223962082,       4.405753756
          0,           0,        3429,      -2.862384184,      -0.656188801,     -0.7950746712,        2.53102507,     -0.8226500828,       4.408480682
          0,           0,        3430,      -2.855362966,     -0.6332434776,     -0.7958410649,       2.538449704,     -0.8228804073,       4.451304558
          0,           0,        3431,      -2.863051801,     -0.6432306528,     -0.7991769914,       2.529910956,     -0.8231187925,       4.290929812
          0,           0,        3432,      -2.866997806,     -0.6522045901,     -0.7875636944,       2.526458709,     -0.8233161044,       4.357931688
          0,           0,        3433,       -2.86647687,     -0.6358594017,     -0.8001674767,       2.526630367,     -0.8235280086,       4.374373794
          0,           0,        3434,      -2.857748334,     -0.6484150058,      -0.785013856,        2.53593188,     -0.8237649936,       4.447602614
          0,           0,        3435,      -2.860316848,     -0.6401698233,     -0.7889392665,       2.532770636,     -0.8239500927,        4.51078763
          0,           0,        3436,      -2.863613343,     -0.6498223117,      -0.776833583,       2.529475695,     -0.8241414615,       4.422715433
          0,           0,        3437,      -2.861571092,     -0.6474675639,     -0.7964864625,       2.532338584,     -0.8243135335,       4.436521943
          0,           0,        3438,      -2.860092745,     -0.6636716423,     -0.7914576676,       2.533293862,     -0.8244905261,       4.494716451
          0,           0,        3439,      -2.858421026,     -0.6537531482,     -0.7875604904,       2.533914001,     -0.8246939002,        4.52216669
          0,           0,        3440,      -2.857176968,     -0.6804956247,     -0.7867934723,       2.535677567,     -0.8248716654,       4.410804626
          0,           0,        3441,      -2.865461361,      -0.661065437,     -0.7910230979,       2.527746641,     -0.8250782144,       4.364249338
          0,           0,        3442,      -2.856485128,     -0.6614101061,      -0.802818263,       2.536980114,     -0.8252840765,        4.41687216
          0,           0,        3443,      -2.856768756,     -0.6536518854,     -0.8107393799,       2.536273703,     -0.8254817465,       4.418323476
          0,           0,        3444,      -2.855034657,     -0.6479101046,     -0.8036594009,       2.537672981,     -0.8256640142,       4.446482633
          0,           0,        3445,       -2.87148095,     -0.6447193008,     -0.7815374118,       2.520930493,     -0.8258456405,       4.361619486
          0,           0,        3446,      -2.865527305,     -0.6590606615,     -0.8201468162,        2.52746597,     -0.8260100718,       4.389640662
          0,           0,        3447,      -2.862629863,     -0.6594961312,     -0.8071021349,       2.530001734,     -0.8261704244,       4.490534959
          0,           0,        3448,      -2.868658922,     -0.6600835304,     -0.8057285366,       2.522847808,     -0.8263693702,        4.47127332
          0,           0,        3449,      -2.867466309,     -0.6627002063,     -0.8014672872,       2.524402218,     -0.8265750431,       4.353178871
          0,           0,        3450,      -2.874282862,     -0.6551013085,     -0.8101678782,       2.518289896,     -0.8268209893,       4.429609061
          0,           0,        3451,      -2.877716263,     -0.6475573304,     -0.7923315098,       2.514066314,     -0.8270605083,       4.449447901
          0,           0,        3452,      -2.862886492,     -0.6694691977,     -0.8114514858,       2.529991833,     -0.8272994236,        4.48986448
          0,           0,        3453,      -2.868991901,     -0.6518446565,     -0.7983660828,       2.523111921,     -0.8275575674,       4.531978313
          0,           0,        3454,      -2.877529481,     -0.6559495933,      -0.772883141,       2.515206604,     -0.8278222429,       4.440596858
          0,           0,        3455,      -2.870222047,     -0.6739770929,     -0.8132131652,       2.522971168,     -0.8281091854,       4.411155486
          0,           0,        3456,      -2.870218723,     -0.6839418146,     -0.7934804793,       2.522616677,     -0.8283947224,       4.485112498
          0,           0,        3457,      -2.864085709,     -0.6688774012,     -0.8039712554,        2.52813821,     -0.8286898645,       4.484286335
          0,           0,        3458,      -2.871346964,     -0.6712777372,     -0.7943115224,       2.520927508,     -0.8290321017,       4.379360895
          0,           0,        3459,      -2.874694951,     -0.6617392068,     -0.7936943955,       2.518265589,     -0.8293652848,        4.40864232
          0,           0,        3460,       -2.87689693,     -0.6719574135,      -0.793142967,        2.51532749,     -0.8297001585,       4.435523296
          0,           0,        3461,      -2.863633104,     -0.6560353361,     -0.8071170968,       2.529386274,     -0.8300257432,        4.47597547
          0,           0,        3462,      -2.868945126,      -0.654946931,     -0.7982709653,       2.523512885,     -0.8303572193,       4.429132529
          0,           0,        3463,      -2.873473392,     -0.6387655993,      -0.778622344,       2.519587713,     -0.8307181132,       4.445885487
          0,           0,        3464,      -2.867617802,     -0.6614481993,     -0.8160961513,       2.525268518,     -0.8310720486,       4.406402082
          0,           0,        3465,      -2.861424953,     -0.6590072401,     -0.7885198541,       2.531817559,     -0.8314523403,       4.475877751
          0,           0,        3466,      -2.872305214,     -0.6609155504,     -0.7996783305,       2.519941852,     -0.8318079802,       4.420117865
          0,           0,        3467,      -2.862631642,     -0.6646192819,     -0.7932896506,       2.530113615,     -0.8321307912,       4.317083683
          0,           0,        3468,      -2.874028413,     -0.6590567911,     -0.8045872584,       2.518572629,     -0.8324571448,       4.397475661
          0,           0,        3469,       -2.87229773,     -0.6670895473,     -0.7995888598,       2.520831091,     -0.8327889547,       4.402702724
          0,           0,        3470,      -2.860899771,     -0.6592807912,     -0.8130609364,       2.531980806,     -0.8330882661,       4.444467858
          0,           0,        3471,      -2.872096004,     -0.6651838378,     -0.7999742076,       2.520826689,     -0.8333735215,       4.432539781
          0,           0,        3472,      -2.868987308,     -0.6684083477,     -0.8095157069,       2.523908032,     -0.8336536485,       4.293769414
          0,           0,        3473,      -2.867092836,       -0.68324739,     -0.8153778838,        2.52574149,      -0.833887759,       4.402845409
          0,           0,        3474,      -2.864449111,     -0.6545933099,      -0.785079863,       2.527956351,     -0.8341245693,         4.4914717
          0,           0,        3475,      -2.861643745,     -0.6660682653,     -0.8067324477,       2.530669056,     -0.8343690424,       4.370650483
          0,           0,        3476,      -2.866411763,     -0.6613182018,     -0.7898796147,        2.52651092,     -0.8346281559,       4.352215563
          0,           0,        3477,        -2.8662674,     -0.6588799139,     -0.8017525114,       2.526122944,     -0.8348848298,       4.364894011
          0,           0,        3478,      -2.865447912,     -0.6479357214,     -0.7906987521,       2.526920133,     -0.8350939554,       4.387139876
          0,           0,        3479,      -2.855511612,     -0.6371005245,     -0.7886754013,       2.536872806,     -0.8353008108,       4.472848873
          0,           0,        3480,      -2.864303878,     -0.6474218864,     -0.7822491262,       2.528103515,     -0.8354759401,       4.409636496
          0,           0,        3481,      -2.860781172,     -0.6492108953,     -0.8037325657,       2.532561929,     -0.8357002857,       4.292480939
          0,           0,        3482,      -2.863019388,      -0.660864622,      -0.802700301,       2.529226789,      -0.835919967,       4.444301102
          0,           0,        3483,      -2.860714447,     -0.6810198929,     -0.8119713461,        2.53124333,     -0.8361118404,       4.470904631
          0,           0,        3484,      -2.861223819,     -0.6665434557,     -0.8151131043,       2.530992313,     -0.8363161405,       4.306089356
          0,           0,        3485,      -2.860728806,     -0.6799672111,     -0.8117037016,       2.532242096,     -0.8365136355,       4.370002732
          0,           0,        3486,      -2.853594509,     -0.6589336158,     -0.8092084951,       2.539663786,     -0.8366871397,       4.411062239
          0,           0,        3487,      -2.852346214,     -0.6519513187,     -0.7832600908,       2.540960019,     -0.8368612925,       4.486563786
          0,           0,        3488,      -2.847540821,      -0.653437707,     -0.7947514651,       2.545643522,     -0.8370451519,       4.550727608
          0,           0,        3489,      -2.867786667,     -0.6550590172,      -0.777516375,       2.525532231,     -0.8372510153,       4.307638321
          0,           0,        3490,      -2.868163152,     -0.6587091319,     -0.8065474588,       2.525613701,     -0.8374829133,       4.392696563
          0,           0,        3491,       -2.86273885,     -0.6741423748,      -0.807970258,        2.53032869,     -0.8377282269,           4.51728
          0,           0,        3492,      -2.862194277,     -0.6306764112,     -0.7771218098,       2.530491001,     -0.8379613786,       4.500410785
          0,           0,        3493,      -2.870648705,     -0.6616021958,     -0.7884494577,       2.522393425,     -0.8381786618,        4.31713462
          0,           0,        3494,      -2.872253095,     -0.6354173947,      -0.784057221,       2.521965839,     -0.8384276799,       4.342266746
          0,           0,        3495,      -2.869074559,     -0.6518438261,     -0.7971545656,        2.52490976,     -0.8387001808,       4.363456596
          0,           0,        3496,      -2.863516423,     -0.6429304899,     -0.7789595364,       2.530419905,     -0.8389591538,       4.410329871
          0,           0,        3497,      -2.863748138,     -0.6397770749,     -0.7832579641,       2.529412304,     -0.8392408669,       4.484798901
          0,           0,        3498,      -2.869653441,     -0.6450931664,     -0.7740437024,       2.524253769,     -0.8395499253,       4.452625919
          0,           0,        3499,      -2.862888569,     -0.6751253621,     -0.8037116383,       2.530548951,     -0.8398609905,       4.402797345
          0,           0,        3500,      -2.863153846,     -0.6629988175,      -0.786093236,       2.529748804,     -0.8401488359,       4.486818622
          0,           0,        3501,      -2.856483354,     -0.6690701732,     -0.7930348406,       2.536788643,     -0.8404496468,       4.467505036
          0,           0,        3502,      -2.868265358,     -0.6739037034,     -0.7919249908,       2.524040451,     -0.8407427705,       4.289633635
          0,           0,        3503,      -2.867438163,     -0.6749866694,     -0.8060651248,       2.525687384,     -0.8410487636,       4.394992469
          0,           0,        3504,      -2.860641647,     -0.6596198357,     -0.8006118838,       2.532064522,     -0.8413849051,       4.408495609
          0,           0,        3505,      -2.859533175,     -0.6637665638,     -0.7885047022,       2.533799349,     -0.8417326325,       4.454814556
          0,           0,        3506,      -2.858695303,     -0.6389647159,     -0.7886583956,       2.533942565,     -0.8420640557,       4.483139491
          0,           0,        3507,      -2.873908541,     -0.6522333425,     -0.7742939054,       2.519186353,     -0.8424166983,       4.292500369
          0,           0,        3508,      -2.870289685,     -0.6584303105,     -0.8219219285,       2.523787651,      -0.842782463,       4.351571041
          0,           0,        3509,      -2.867442803,     -0.6554617995,     -0.7881902372,       2.525215447,      -0.843109156,       4.516201289
          0,           0,        3510,       -2.86504356,     -0.6525923596,     -0.7909339078,       2.527771854,     -0.8433805935,       4.494443145
          0,           0,        3511,      -2.873472055,     -0.6388251815,     -0.7683506928,       2.519234988,     -0.8436710788,       4.389220641
          0,           0,        3512,      -2.882565396,     -0.6487161855,     -0.7939264965,       2.511000492,     -0.8439411848,       4.384750583
          0,           0,        3513,      -2.879380849,     -0.6580813929,     -0.7969410199,       2.513510817,     -0.8441939365,       4.394191657
          0,           0,        3514,      -2.867282067,     -0.6597415295,     -0.8054735364,       2.525602306,     -0.8444441982,       4.424243901
          0,           0,        3515,      -2.868519256,     -0.6521879857,     -0.7977620842,         2.5241195,     -0.8446629951,       4.449418975
          0,           0,        3516,      -2.875141053,     -0.6563714445,     -0.7833025753,       2.517934462,     -0.8449160217,       4.439170535
          0,           0,        3517,      -2.865540639,     -0.6807264859,     -0.8222323454,        2.52741554,     -0.8451568535,       4.473536894
          0,           0,        3518,      -2.860390845,      -0.676239189,     -0.8057670985,       2.532705107,     -0.8453914943,       4.546008008
          0,           0,        3519,      -2.863664128,     -0.6788625499,     -0.8089708764,       2.528909178,     -0.8456028194,       4.521569722
          0,           0,        3520,      -2.865861237,     -0.6751927393,     -0.7900676467,        2.52663758,     -0.8457924626,       4.375581834
          0,           0,        3521,      -2.871461489,     -0.6677655405,     -0.7999302471,       2.521285148,     -0.8459552187,       4.382169286
          0,           0,        3522,      -2.867048564,     -0.6588169958,     -0.7832310398,       2.525573938,     -0.8461396959,       4.399937895
          0,           0,        3523,      -2.851564982,     -0.6632581879,     -0.8059140709,        2.54168844,     -0.8463124844,       4.456844969
          0,           0,        3524,      -2.863039523,     -0.6408151513,     -0.7856861433,        2.52970266,     -0.8465189159,       4.495620199
          0,           0,        3525,      -2.873009613,     -0.6419330049,     -0.7675988675,       2.519902757,     -0.8467038786,       4.446062743
          0,           0,        3526,      -2.862775769,     -0.6750879028,     -0.8086573401,       2.530436789,     -0.8468989139,       4.513841614
          0,           0,        3527,      -2.867794308,     -0.6609126897,     -0.7867242496,       2.524690642,     -0.8470705847,       4.535217104
          0,           0,        3528,      -2.866589475,     -0.6523188655,     -0.8015989895,       2.525446384,     -0.8472470863,        4.40839243
          0,           0,        3529,      -2.866948794,     -0.6597363551,     -0.7951495306,       2.525204205,     -0.8474435898,       4.267714368
          0,           0,        3530,      -2.874097243,      -0.671583339,     -0.8222718005,       2.517806801,      -0.847641499,       4.344625928
          0,           0,        3531,      -2.862482944,     -0.6634251707,     -0.8030879654,       2.530183735,     -0.8478845594,       4.401596237
          0,           0,        3532,      -2.867314281,     -0.6512811445,     -0.8128146736,       2.524351458,     -0.8481219721,       4.460009009
          0,           0,        3533,      -2.877462664,     -0.6606165739,     -0.7902017122,       2.515052489,     -0.8483428795,       4.376638921
          0,           0,        3534,      -2.879189093,     -0.6700565088,     -0.8207418826,        2.51287706,     -0.8486013883,       4.361727768
          0,           0,        3535,      -2.870264313,     -0.6860718124,     -0.8232961625,       2.522217703,     -0.8488632625,       4.475942169
          0,           0,        3536,      -2.853394374,     -0.6620970019,     -0.8060192459,       2.539701468,     -0.8491349995,       4.510688028
          0,           0,        3537,      -2.874763206,     -0.6538235868,     -0.7939415186,       2.517391445,     -0.8494230471,       4.367664763
          0,           0,        3538,      -2.874293121,     -0.6572398699,     -0.7874183835,       2.518730257,     -0.8497150955,       4.356695644
          0,           0,        3539,      -2.877264016,     -0.6706571493,     -0.8183233153,       2.515110272,     -0.8500242186,       4.366816665
          0,           0,        3540,       -2.87143297,      -0.676999923,     -0.7978945191,       2.521251692,     -0.8503462654,       4.436736336
          0,           0,        3541,      -2.864337627,     -0.6673845056,     -0.8121020779,       2.527973968,     -0.8506623872,         4.4857122
          0,           0,        3542,       -2.87162836,     -0.6640381638,      -0.789047694,       2.521146928,      -0.851010783,       4.386631305
          0,           0,        3543,      -2.873744791,     -0.6817942357,     -0.8191077751,       2.518967658,     -0.8513394804,       4.382126612
          0,           0,        3544,      -2.861351302,     -0.6936689064,     -0.8090919359,       2.530928062,     -0.8516952203,        4.45894403
          0,           0,        3545,      -2.850704324,     -0.6680397481,     -0.8057128608,       2.541975457,     -0.8520240677,       4.475483678
          0,           0,        3546,      -2.862947893,     -0.6903403644,      -0.795718242,        2.52931006,     -0.8523372741,       4.330625946
          0,           0,        3547,      -2.859588476,     -0.6679351032,     -0.8006795329,       2.533386467,     -0.8526649574,       4.298871951
          0,           0,        3548,      -2.858137068,     -0.6705295462,     -0.8293465693,       2.535019664,     -0.8529803743,       4.402006778
          0,           0,        3549,      -2.852965209,     -0.6614543459,     -0.8074095086,       2.540301292,     -0.8532984543,        4.45642809
          0,           0,        3550,      -2.858688105,     -0.6356633797,     -0.7973082449,       2.533736501,     -0.8535993133,       4.460713713
          0,           0,        3551,      -2.878225064,     -0.6487517711,     -0.7908711879,       2.514177899,     -0.8538701469,       4.270322323
          0,           0,        3552,      -2.862670351,     -0.6645919032,     -0.8176822945,       2.531101496,     -0.8541032651,        4.36719006
          0,           0,        3553,      -2.870368544,     -0.6627285067,     -0.7957033023,       2.521614391,     -0.8543434898,       4.476048856
          0,           0,        3554,      -2.859027538,     -0.6585872724,     -0.8017360266,       2.534203935,     -0.8545864425,       4.463805807
          0,           0,        3555,      -2.873780544,     -0.6501248057,     -0.7971214088,       2.518517005,     -0.8547979527,       4.297184858
          0,           0,        3556,      -2.880058553,     -0.6639494295,     -0.7993936015,       2.513537572,     -0.8550336138,       4.430916114
          0,           0,        3557,      -2.867627555,     -0.6502386485,      -0.803912636,       2.525785125,     -0.8552483265,       4.429877054
          0,           0,        3558,       -2.86618627,     -0.6648230882,     -0.7905327433,        2.52686871,     -0.8554811548,        4.50576137
          0,           0,        3559,      -2.864334847,     -0.6435796622,     -0.8006272952,       2.528817157,      -0.855694834,       4.527574428
          0,           0,        3560,      -2.877827637,      -0.655531988,     -0.7907334766,       2.515173972,     -0.8559074047,       4.295876906
          0,           0,        3561,      -2.872649149,     -0.6783215522,     -0.8235494656,       2.521056637,     -0.8561283119,        4.36896506
          0,           0,        3562,      -2.864739966,       -0.67295279,     -0.8077462135,       2.528400178,     -0.8563552886,       4.490298514
          0,           0,        3563,      -2.858349171,     -0.6516797173,       -0.80437238,       2.534652825,     -0.8565750641,       4.477845486
          0,           0,        3564,      -2.868317708,     -0.6727527363,     -0.8067334243,       2.524555384,     -0.8567904994,       4.388176239
          0,           0,        3565,      -2.869557552,     -0.6577704017,     -0.8026474207,       2.524065344,     -0.8570010476,       4.393091211
          0,           0,        3566,      -2.867947834,     -0.6626495168,     -0.8025175046,       2.525061977,     -0.8572182311,       4.422991099
          0,           0,        3567,      -2.856147065,     -0.6567218378,     -0.7956301911,       2.536735443,      -0.857408784,       4.455777318
          0,           0,        3568,      -2.866930277,     -0.6356685478,      -0.782528561,       2.525950061,      -0.857648025,       4.491440272
          0,           0,        3569,       -2.88139738,     -0.6492004433,     -0.7871401109,       2.511705332,     -0.8578971508,       4.378508577
          0,           0,        3570,      -2.863918719,     -0.6633880643,     -0.8221794491,       2.529444147,     -0.8581845379,       4.414476504
          0,           0,        3571,      -2.868203355,     -0.6488821109,     -0.7921773377,       2.524202369,     -0.8584760518,       4.480666817
          0,           0,        3572,      -2.871480368,     -0.6588152241,     -0.7851221452,       2.521118872,     -0.8587698892,       4.448171029
          0,           0,        3573,      -2.873743918,     -0.6517252768,     -0.7751718493,       2.518741587,     -0.8590603364,        4.33134487
          0,           0,        3574,      -2.880787309,     -0.6706688116,     -0.8095252013,       2.512281912,     -0.8593623425,        4.43571766
          0,           0,        3575,      -2.868592591,     -0.6422698283,     -0.7871006734,        2.52427951,     -0.8596674267,       4.495659222
          0,           0,        3576,      -2.868847012,     -0.6704294993,     -0.8080059198,        2.52446431,     -0.8599970416,       4.538191141
          0,           0,        3577,      -2.869505486,     -0.6446157895,     -0.7940119599,       2.523336949,      -0.860331825,        4.51463101
          0,           0,        3578,      -2.885159316,     -0.6619595415,       -0.78446346,        2.50776675,     -0.8606622962,       4.398618298
          0,           0,        3579,      -2.872090483,      -0.674650183,     -0.8148154707,       2.521940744,     -0.8609485875,        4.42745643
          0,           0,        3580,      -2.870232393,     -0.6826485566,     -0.8061106503,       2.522567856,     -0.8612577935,        4.47020011
          0,           0,        3581,      -2.864913884,     -0.6639995921,     -0.8067136084,       2.527952552,     -0.8615743064,       4.438592472
          0,           0,        3582,      -2.865121549,     -0.6744096423,     -0.8013011392,       2.527717772,     -0.8619084594,       4.352389572
          0,           0,        3583,       -2.86778546,     -0.6618966007,        -0.8085087,       2.525612825,     -0.8622400753,       4.389514528
          0,           0,        3584,      -2.868084371,     -0.6720668733,     -0.7989895072,       2.524972682,      -0.862590694,       4.448916284
          0,           0,        3585,      -2.862111449,     -0.6518315333,     -0.8016517371,       2.530600634,     -0.8629368641,       4.427239148
          0,           0,        3586,      -2.878113345,     -0.6522820342,     -0.7892928997,       2.514022294,     -0.8632461256,       4.296010676
          0,           0,        3587,       -2.87399318,      -0.646379596,     -0.7825380517,       2.519421195,     -0.8635341955,       4.381048754
          0,           0,        3588,      -2.864407903,     -0.6592894208,     -0.8018017339,       2.528586448,     -0.8638379744,       4.420893049
          0,           0,        3589,      -2.857312421,     -0.6587609456,     -0.7914848714,       2.536209551,     -0.8641100857,       4.449805533
          0,           0,        3590,      -2.870260681,     -0.6496718445,      -0.787184255,       2.522239615,      -0.864432479,       4.380202731
          0,           0,        3591,      -2.871430271,     -0.6676292425,     -0.7977771973,       2.521477492,     -0.8647022371,       4.329758507
          0,           0,        3592,      -2.868258584,     -0.6631901383,     -0.8112414748,       2.525211164,     -0.8649745472,       4.402956784
          0,           0,        3593,      -2.869161186,     -0.6682164273,     -0.8011988803,       2.523703951,     -0.8652392141,       4.486583049
          0,           0,        3594,      -2.861003506,     -0.6509391274,     -0.7992543886,       2.532133462,     -0.8654692044,       4.495428217
          0,           0,        3595,      -2.874575817,     -0.6522747463,     -0.8055312217,       2.518180706,     -0.8656909323,       4.427771024
          0,           0,        3596,      -2.871237629,     -0.6574573863,     -0.7927495707,       2.522178782,     -0.8659335324,        4.41910221
          0,           0,        3597,      -2.867531056,     -0.6656077983,     -0.8229789586,       2.525339504,     -0.8661552339,       4.480179691
          0,           0,        3598,      -2.864605848,     -0.6742564414,     -0.8027823726,       2.528206966,     -0.8663891619,       4.489130882
          0,           0,        3599,      -2.870182818,     -0.6644087007,     -0.8071820485,       2.522307414,      -0.866612272,       4.345489558
          0,           0,        3600,      -2.872243479,     -0.6727522148,     -0.7986573399,       2.521294018,     -0.8668163239,       4.339810085
          0,           0,        3601,      -2.868179554,     -0.6791402058,     -0.8204579709,       2.524575811,     -0.8670297619,       4.366553722
          0,           0,        3602,      -2.858463218,     -0.6723802973,     -0.7919027406,       2.534708133,     -0.8672504417,       4.428942597
          0,           0,        3603,      -2.860521127,     -0.6404768044,     -0.7908618484,       2.532218776,     -0.8674647646,       4.489403311
          0,           0,        3604,      -2.866219262,     -0.6530868873,     -0.7862213802,       2.526767334,     -0.8677002308,        4.33805175
          0,           0,        3605,      -2.861622263,     -0.6766973219,     -0.8183950012,       2.531851544,      -0.867925506,       4.431062996
          0,           0,        3606,      -2.862690642,     -0.6619080774,     -0.7974740046,       2.529770843,     -0.8681288011,       4.513834756
          0,           0,        3607,      -2.857754912,     -0.6658896504,     -0.7911060278,       2.534812054,     -0.8683557925,        4.49724392
          0,           0,        3608,      -2.869677505,     -0.6576842705,     -0.7960872547,       2.522514773,     -0.8685645805,       4.282713685
          0,           0,        3609,      -2.864106698,     -0.6791946703,     -0.8033895792,       2.529237281,     -0.8688038895,       4.368675504
          0,           0,        3610,      -2.860113979,     -0.6452858812,     -0.7894473309,       2.532810665,     -0.8690633169,       4.430243881
          0,           0,        3611,      -2.861877593,     -0.6537116918,     -0.7784771586,       2.531241856,     -0.8693306138,       4.450384863
          0,           0,        3612,      -2.870631129,     -0.6445758927,     -0.7909958622,       2.521554371,     -0.8695974939,        4.48216812
          0,           0,        3613,      -2.873884292,     -0.6659281606,     -0.7901462868,       2.519240105,     -0.8698451252,       4.238064988
          0,           0,        3614,      -2.869146151,     -0.6622218359,      -0.815157581,       2.523812274,     -0.8701305773,       4.407329919
          0,           0,        3615,      -2.865816215,      -0.686790649,     -0.8169334486,       2.526788764,     -0.8703917414,       4.483409513
          0,           0,        3616,      -2.856841521,     -0.6459843978,     -0.7894645657,       2.536123691,     -0.8706753684,       4.464184195
          0,           0,        3617,      -2.871310454,     -0.6805144236,     -0.8083319652,       2.521308858,      -0.870934458,       4.256008828
          0,           0,        3618,      -2.865472891,     -0.6613038522,     -0.8000516007,       2.528011765,     -0.8712334284,        4.34428468
          0,           0,        3619,       -2.86202183,      -0.665279874,     -0.8085665885,       2.530461557,     -0.8715171443,       4.424602704
          0,           0,        3620,      -2.857775117,     -0.6491611123,     -0.7824465863,       2.535162982,     -0.8718010468,       4.459128324
          0,           0,        3621,      -2.859616496,     -0.6429775774,     -0.7973457692,       2.533148741,      -0.872062745,       4.423458939
          0,           0,        3622,      -2.867058034,     -0.6378759635,     -0.7754892124,       2.525948741,     -0.8723450327,       4.407771744
          0,           0,        3623,      -2.858347662,     -0.6632328236,     -0.8077951636,       2.535427723,      -0.872630724,       4.385111841
          0,           0,        3624,      -2.863564171,     -0.6465385039,     -0.7880823303,       2.528548241,     -0.8729302259,       4.451265331
          0,           0,        3625,      -2.864600714,     -0.6361335219,     -0.7906720172,       2.527858435,      -0.873216455,       4.422699928
          0,           0,        3626,      -2.872871228,     -0.6472596396,     -0.7980918737,       2.519473693,     -0.8735136561,       4.222464094
          0,           0,        3627,      -2.873686534,     -0.6619849391,     -0.8127560794,       2.519388041,     -0.8737844098,       4.388677936
          0,           0,        3628,      -2.860533208,     -0.6513104106,     -0.7982244262,       2.532534497,     -0.8740314733,       4.462487122
          0,           0,        3629,      -2.861322352,     -0.6506331422,     -0.7803273235,       2.531367287,     -0.8742998225,       4.473159527
          0,           0,        3630,      -2.863877393,     -0.6369468659,     -0.7959567445,       2.529022687,     -0.8745402466,       4.471688484
          0,           0,        3631,      -2.872961028,     -0.6502366075,     -0.7851663538,       2.520011038,     -0.8747622323,       4.362398131
          0,           0,        3632,      -2.870497697,     -0.6634758636,     -0.8155424646,       2.523507781,     -0.8749599972,       4.390844467
          0,           0,        3633,      -2.864883168,     -0.6644538046,     -0.7898337779,       2.528099258,     -0.8751463309,       4.461151354
          0,           0,        3634,      -2.870391319,     -0.6329005638,     -0.7845504421,       2.522227584,     -0.8753142554,       4.479541611
          0,           0,        3635,      -2.866996188,     -0.6623413228,     -0.7924898783,       2.525868547,     -0.8754728776,        4.36794018
          0,           0,        3636,      -2.872302792,     -0.6569771819,     -0.8078644667,       2.521362682,     -0.8756514582,       4.407007562
          0,           0,        3637,      -2.868396161,     -0.6532356908,     -0.8082623476,       2.525001465,     -0.8758248616,       4.453622437
          0,           0,        3638,      -2.871273301,     -0.6495149762,     -0.8066084696,       2.521081123,     -0.8759724661,       4.398139978
          0,           0,        3639,      -2.871895244,     -0.6462133409,     -0.8070882473,       2.521027348,     -0.8761374352,       4.353702293
          0,           0,        3640,      -2.880324196,     -0.6472878183,     -0.7901626485,         2.5128754,     -0.8762683077,       4.375102676
          0,           0,        3641,       -2.86029542,     -0.6672528485,     -0.8229838065,        2.53323824,     -0.8764132136,       4.409827992
          0,           0,        3642,      -2.864621225,     -0.6534055893,     -0.7857384036,       2.528480113,     -0.8765599007,       4.461578428
          0,           0,        3643,      -2.867977988,     -0.6506278737,     -0.7987277004,       2.525167836,     -0.8767027789,       4.388424986
          0,           0,        3644,      -2.868524965,     -0.6685956052,     -0.8015379498,       2.524322067,     -0.8768631494,       4.307786556
          0,           0,        3645,      -2.867024327,     -0.6679743779,     -0.8158638823,       2.526473801,     -0.8770066388,       4.469718688
          0,           0,        3646,      -2.861515507,     -0.6523526357,     -0.7894611932,       2.531585419,      -0.877143231,       4.508648432
          0,           0,        3647,       -2.86561857,     -0.6701709198,     -0.8046164852,       2.527442898,     -0.8772812052,       4.487512972
          0,           0,        3648,      -2.862583444,     -0.6560770316,     -0.8020188006,       2.530589769,     -0.8773786232,       4.447145526
          0,           0,        3649,      -2.877881088,     -0.6535267923,     -0.7796202851,       2.514722281,      -0.877529658,        4.40813857
          0,           0,        3650,      -2.854033775,     -0.6704870695,     -0.8338225814,       2.540149213,     -0.8776989149,       4.420632284
          0,           0,        3651,      -2.869440323,     -0.6591690682,     -0.8078274692,       2.523609929,     -0.8779205627,       4.437666626
          0,           0,        3652,      -2.868217997,     -0.6564866856,     -0.8221038218,        2.52438874,     -0.8781318367,       4.401171961
          0,           0,        3653,      -2.869191024,     -0.6571323994,     -0.8076337555,       2.523743075,     -0.8783823235,       4.352714474
          0,           0,        3654,         -2.870017,     -0.6601058796,      -0.812967554,       2.523157027,     -0.8786002939,       4.427019621
          0,           0,        3655,      -2.878459175,     -0.6452810197,     -0.7878640742,       2.514588252,     -0.8788239221,       4.372482246
          0,           0,        3656,      -2.876611079,     -0.6544682784,     -0.7995119988,       2.516151536,     -0.8790152434,       4.414466481
          0,           0,        3657,      -2.877066118,     -0.6452423982,     -0.7889589823,        2.51559404,     -0.8792308843,        4.42386396
          0,           0,        3658,      -2.884944144,     -0.6640834566,     -0.8068260513,       2.507795134,     -0.8794702029,       4.453802288
          0,           0,        3659,      -2.863964948,      -0.662393198,     -0.7982690537,       2.529315021,     -0.8797280379,       4.414408834
          0,           0,        3660,      -2.877134032,     -0.6722353275,     -0.7910364322,       2.515405719,     -0.8799713398,       4.453407864
          0,           0,        3661,      -2.870239705,     -0.6814588973,     -0.8306382812,       2.522520029,     -0.8802128262,       4.407109918
          0,           0,        3662,      -2.872459753,      -0.684307812,     -0.8112031276,       2.519594025,     -0.8804473759,       4.387466513
          0,           0,        3663,      -2.871504268,     -0.6912052673,     -0.8304265718,       2.521661918,     -0.8806874785,       4.481637754
          0,           0,        3664,      -2.869586415,     -0.6632292641,     -0.8130463594,       2.523147487,     -0.8809433274,       4.437757223
          0,           0,        3665,      -2.866021711,     -0.6894553923,     -0.8272592127,       2.526979214,     -0.8811795395,       4.456648955
          0,           0,        3666,      -2.868824675,     -0.6676784168,     -0.8197303372,       2.523916273,     -0.8814084957,       4.445622115
          0,           0,        3667,      -2.872595896,     -0.6605945363,     -0.7992264673,       2.520239071,     -0.8816169454,        4.43138527
          0,           0,        3668,      -2.867661657,     -0.6754854391,     -0.8197915059,       2.525727113,     -0.8818060027,       4.412505219
          0,           0,        3669,      -2.873908178,     -0.6700225079,     -0.8033641842,       2.518483135,     -0.8819890795,       4.437905244
          0,           0,        3670,      -2.866317326,     -0.6665983213,     -0.8216370581,       2.526166678,     -0.8821985014,       4.390408758
          0,           0,        3671,      -2.873480062,     -0.6549426718,     -0.8060540138,       2.519364967,     -0.8823760048,       4.393449801
          0,           0,        3672,      -2.872256815,     -0.6568370714,     -0.8046303451,       2.520904383,      -0.882567656,       4.452112237
          0,           0,        3673,      -2.873456597,     -0.6636508604,     -0.8061155419,       2.519364865,      -0.882741874,       4.386557596
          0,           0,        3674,      -2.863351327,     -0.6664421354,     -0.8137681443,       2.530211637,     -0.8828947461,       4.416378562
          0,           0,        3675,      -2.878831347,      -0.658066974,     -0.7958777823,       2.513913851,     -0.8830511918,       4.365937492
          0,           0,        3676,      -2.873060716,     -0.6613626873,     -0.8174985683,       2.520368961,      -0.883212979,       4.404544284
          0,           0,        3677,       -2.86197031,      -0.669033497,     -0.8088273905,       2.531321072,     -0.8833562542,       4.413065257
          0,           0,        3678,      -2.873118403,      -0.665703788,     -0.7931728488,       2.519926736,     -0.8835146354,         4.4539464
          0,           0,        3679,      -2.868937617,     -0.6638344055,     -0.8092387298,       2.523568901,     -0.8836662818,       4.349116768
          0,           0,        3680,      -2.865823383,     -0.6753090334,     -0.8085521543,       2.527008387,     -0.8838179303,       4.372409068
          0,           0,        3681,      -2.864850265,     -0.6728080136,     -0.8128871141,       2.528332602,     -0.8839669947,       4.427823729
          0,           0,        3682,      -2.866789283,     -0.6699001118,     -0.7991798948,       2.526574729,     -0.8841485321,       4.376492872
          0,           0,        3683,      -2.867372202,     -0.6592393626,     -0.8024444724,       2.526086651,     -0.8843130702,       4.423430258
          0,           0,        3684,      -2.873347428,     -0.6581320696,     -0.7943140074,       2.519687968,     -0.8844912871,       4.388398723
          0,           0,        3685,      -2.875776659,     -0.6734286568,     -0.8164989377,       2.517431156,     -0.8846571629,       4.379381729
          0,           0,        3686,      -2.863618975,     -0.6819456775,     -0.8148003439,       2.529527503,     -0.8848204159,       4.425467282
          0,           0,        3687,      -2.858359581,     -0.6650180227,     -0.7923928731,       2.534918308,     -0.8849887884,       4.427663115
          0,           0,        3688,      -2.871264227,        -0.6593397,     -0.8049037603,       2.521253718,     -0.8851770299,       4.329488586
          0,           0,        3689,      -2.869313271,     -0.6694113163,     -0.7882709388,       2.523468913,     -0.8853389348,       4.386131252
          0,           0,        3690,      -2.868294776,     -0.6737832976,     -0.8197331257,        2.52453751,      -0.885511824,       4.427911409
          0,           0,        3691,      -2.873328899,     -0.6600102158,     -0.7893550642,       2.518921182,     -0.8857001935,       4.367885318
          0,           0,        3692,      -2.863746825,     -0.6399014013,     -0.7942015497,       2.528791889,     -0.8858916545,       4.419132892
          0,           0,        3693,      -2.879437636,     -0.6554350229,     -0.7840535279,       2.513278408,     -0.8861194443,       4.340807668
          0,           0,        3694,      -2.864254935,     -0.6630988297,     -0.8290649447,       2.529239415,     -0.8863824614,       4.319885665
          0,           0,        3695,      -2.869655925,     -0.6476715439,     -0.7961280859,       2.522671788,     -0.8866470561,       4.419321739
          0,           0,        3696,      -2.867352968,     -0.6565191637,     -0.8179252162,        2.52466447,     -0.8869080175,       4.427535004
          0,           0,        3697,      -2.864705912,     -0.6578346668,     -0.8117105266,        2.52812765,     -0.8871473159,       4.243199771
          0,           0,        3698,      -2.864272269,     -0.6700879383,     -0.8095216771,       2.528634836,     -0.8874220223,       4.406236927
          0,           0,        3699,       -2.86505894,     -0.6408645331,     -0.7940287084,       2.527482977,       -0.88768036,       4.393463934
          0,           0,        3700,      -2.865455175,     -0.6513550242,     -0.7903347975,         2.5271669,     -0.8879446413,       4.441104767
          0,           0,        3701,      -2.862306185,     -0.6307548871,     -0.7965391141,       2.530757585,     -0.8881916304,       4.494624009
          0,           0,        3702,       -2.87021868,     -0.6338326341,     -0.7704524507,       2.523294802,     -0.8884561211,       4.384152506
          0,           0,        3703,      -2.863027471,     -0.6503535677,     -0.8034330711,       2.531078114,      -0.888722462,       4.380269709
          0,           0,        3704,      -2.875206189,     -0.6536478951,     -0.7922573472,       2.518179684,     -0.8889843628,       4.487435947
          0,           0,        3705,      -2.856506088,     -0.6375642642,     -0.7930204588,       2.537136152,     -0.8892289754,       4.499728494
          0,           0,        3706,      -2.868707301,     -0.6493760589,     -0.7876717218,       2.524261738,     -0.8894770111,       4.446939125
          0,           0,        3707,       -2.86250971,     -0.6651990928,      -0.804864846,       2.532307784,     -0.8897405895,       4.442832971
          0,           0,        3708,      -2.863401092,     -0.6586886458,     -0.8099737461,       2.530700373,     -0.8899675973,       4.368605414
          0,           0,        3709,      -2.863292617,     -0.6678179617,     -0.8277416704,       2.530181444,     -0.8901800891,       4.403924369
          0,           0,        3710,      -2.860629812,     -0.6479200115,     -0.8178190334,       2.533242908,     -0.8904038173,       4.415830104
          0,           0,        3711,       -2.86398208,     -0.6386717676,     -0.7921757518,       2.529756169,     -0.8906071747,       4.358891397
          0,           0,        3712,      -2.861681757,      -0.668695976,     -0.8276803694,         2.5322285,     -0.8907797247,       4.394509738
          0,           0,        3713,      -2.869321207,     -0.6535771278,     -0.8222756057,       2.523496061,     -0.8909459387,       4.438547656
          0,           0,        3714,      -2.863743553,     -0.6608207095,     -0.8193719731,        2.52908246,     -0.8911161098,       4.417129942
          0,           0,        3715,      -2.867311195,     -0.6516853016,     -0.8042566606,        2.52491274,     -0.8912739546,       4.355616543
          0,           0,        3716,      -2.875753992,     -0.6646758798,     -0.8184974241,       2.517725046,     -0.8914290163,       4.387754014
          0,           0,        3717,      -2.879606126,     -0.6351351821,     -0.7920010479,       2.512659985,     -0.8915810658,       4.395675742
          0,           0,        3718,      -2.869717643,     -0.6616418561,     -0.8125371391,       2.523476814,     -0.8917315608,       4.433019759
          0,           0,        3719,      -2.870044313,     -0.6430129027,     -0.7987773527,        2.52266905,      -0.891897496,       4.434465611
          0,           0,        3720,      -2.880402233,     -0.6573188995,     -0.7805469314,       2.512947511,     -0.8920871002,       4.391821365
          0,           0,        3721,      -2.869706239,      -0.663583128,      -0.813271337,       2.524014008,     -0.8922760662,       4.451463628
          0,           0,        3722,      -2.876167398,      -0.682376273,      -0.804122408,        2.51651568,     -0.8924380716,       4.563550391
          0,           0,        3723,      -2.866811993,     -0.6626517989,     -0.8181530961,        2.52588277,      -0.892624565,       4.549934988
          0,           0,        3724,      -2.870608675,      -0.681137094,      -0.809113187,       2.522097767,      -0.892805991,       4.519657494
          0,           0,        3725,      -2.868303708,      -0.668912111,     -0.8098861365,       2.525194667,     -0.8929726471,       4.478495323
          0,           0,        3726,      -2.874101411,     -0.6566139311,      -0.797822374,       2.518465413,     -0.8931875157,       4.437588057
          0,           0,        3727,      -2.870663632,     -0.6609039837,     -0.8100356412,       2.522308768,     -0.8933814474,       4.432190935
          0,           0,        3728,       -2.87393418,     -0.6523410834,     -0.7940889996,       2.519003581,     -0.8935982832,       4.379995855
          0,           0,        3729,      -2.879214752,     -0.6614306166,     -0.7979321825,       2.513543817,     -0.8938225084,       4.355923894
          0,           0,        3730,      -2.864607738,      -0.648828845,     -0.8020734921,        2.52942266,       -0.89408519,       4.411316947
          0,           0,        3731,      -2.867728214,     -0.6430880979,     -0.7732222326,       2.525584452,     -0.8943397868,       4.479871922
          0,           0,        3732,      -2.874762104,     -0.6508877578,     -0.7985751659,       2.518107165,     -0.8946384061,       4.428089015
          0,           0,        3733,       -2.86619875,     -0.6445847445,     -0.7939973376,       2.527111335,     -0.8949427946,       4.388549178
          0,           0,        3734,      -2.871860337,     -0.6536649526,     -0.8013114939,       2.521698043,     -0.8952451847,       4.424422237
          0,           0,        3735,      -2.873576923,     -0.6379053456,     -0.7822346206,       2.520121533,     -0.8955498128,       4.424900546
          0,           0,        3736,      -2.867965905,     -0.6453885197,      -0.798389723,       2.525414007,     -0.8958431348,       4.478481741
          0,           0,        3737,      -2.869532438,     -0.6416523045,     -0.7952185073,       2.524107106,     -0.8961256135,       4.382762619
          0,           0,        3738,       -2.87876444,     -0.6278744859,     -0.7641097538,       2.514775596,     -0.8964723637,        4.37215911
          0,           0,        3739,      -2.865852061,     -0.6500733429,     -0.8042710515,       2.528619279,     -0.8967460171,       4.393043844
          0,           0,        3740,      -2.868180818,     -0.6549017389,     -0.7955505609,       2.525049656,     -0.8970214299,       4.426738482
          0,           0,        3741,      -2.864507628,     -0.6562388209,     -0.7888047744,       2.528882234,     -0.8972953996,       4.394499051
          0,           0,        3742,      -2.866550622,      -0.653191227,     -0.7961694381,       2.526809546,     -0.8975125844,        4.42205997
          0,           0,        3743,      -2.872922614,     -0.6433597542,     -0.7879649256,       2.521321718,     -0.8977579582,       4.366147306
          0,           0,        3744,      -2.872522864,     -0.6484543543,     -0.7887452162,       2.521057215,     -0.8980003076,       4.360104919
          0,           0,        3745,      -2.871459541,     -0.6463438239,     -0.7886943498,       2.521441079,     -0.8982009574,       4.423550697
          0,           0,        3746,      -2.869435839,     -0.6369074888,     -0.7841538441,       2.524311282,     -0.8985021579,       4.386553468
          0,           0,        3747,      -2.874903801,     -0.6414387352,     -0.7757519084,       2.518626756,     -0.8987636558,        4.36385755
          0,           0,        3748,      -2.871635001,     -0.6472238082,     -0.7969250426,       2.522037359,     -0.8990226958,       4.400899521
          0,           0,        3749,      -2.873523682,     -0.6551732324,     -0.7853591018,       2.519395146,      -0.899310234,       4.464789225
          0,           0,        3750,      -2.873230012,     -0.6488816721,     -0.8023486077,       2.519867934,     -0.8995901897,       4.459967698
          0,           0,        3751,      -2.866993947,      -0.652311739,     -0.7878155579,       2.526049044,     -0.8999183102,       4.411213899
          0,           0,        3752,      -2.880321792,     -0.6647083478,     -0.8159284968,       2.512871229,      -0.900198192,       4.412873883
          0,           0,        3753,      -2.872039736,     -0.6609380666,     -0.7938583459,       2.521193246,     -0.9004831007,       4.440448704
          0,           0,        3754,      -2.867702672,     -0.6679627707,     -0.8084376577,       2.525615341,     -0.9007962322,       4.519836782
          0,           0,        3755,      -2.865070707,     -0.6510459734,     -0.8128550347,       2.528196644,     -0.9010859282,       4.550284092
          0,           0,        3756,       -2.87905318,     -0.6593980639,     -0.7978723678,       2.513802628,     -0.9014085799,       4.541831236
          0,           0,        3757,      -2.861332337,       -0.67512255,     -0.8189496506,       2.532543448,     -0.9017542676,       4.522761019
          0,           0,        3758,       -2.87049748,      -0.660843681,      -0.803986032,       2.521870825,     -0.9021018096,       4.543805993
          0,           0,        3759,      -2.861516296,      -0.653916466,      -0.818525026,       2.531094835,     -0.9024355653,       4.515750468
          0,           0,        3760,      -2.876325756,      -0.653242589,     -0.8035741884,        2.51610861,      -0.902738077,        4.37697757
          0,           0,        3761,      -2.883622877,      -0.657041757,     -0.8146969394,       2.509703561,     -0.9030655693,       4.347954436
          0,           0,        3762,      -2.880018904,      -0.638899429,     -0.7937177765,       2.512587005,     -0.9033639414,       4.405145138
          0,           0,        3763,      -2.881043909,     -0.6395783201,     -0.7928979379,       2.511056772,     -0.9036857473,        4.45162216
          0,           0,        3764,      -2.877190309,     -0.6425754149,     -0.7872836092,       2.515702341,     -0.9040135783,       4.346717062
          0,           0,        3765,      -2.889926732,     -0.6610762916,     -0.8008380078,       2.502586272,     -0.9043352642,       4.403008058
          0,           0,        3766,      -2.873636381,     -0.6724347101,     -0.8163377996,       2.519484882,     -0.9046755433,        4.44656402
          0,           0,        3767,      -2.868776131,      -0.682130074,     -0.8026901973,        2.52392327,     -0.9049779617,       4.499516977
          0,           0,        3768,       -2.87246318,     -0.6728431195,     -0.8089843614,       2.520191242,     -0.9053126377,       4.450940113
          0,           0,        3769,      -2.874759066,     -0.6943630044,     -0.8112803252,       2.518531028,     -0.9056511022,       4.430048803
          0,           0,        3770,      -2.874321928,     -0.6962100576,     -0.8434109744,       2.518887212,     -0.9059949429,       4.378363322
          0,           0,        3771,       -2.86992418,     -0.6997912861,     -0.8308662392,        2.52299258,     -0.9063651435,       4.461160893
          0,           0,        3772,      -2.866997685,     -0.6765136348,     -0.8221766924,       2.526067813,     -0.9067000441,       4.479977207
          0,           0,        3773,      -2.871034107,     -0.6652086375,     -0.8177975994,       2.521645934,     -0.9070155985,        4.38026983
          0,           0,        3774,      -2.873628164,     -0.6524801417,     -0.8126131683,       2.520125528,     -0.9073386142,       4.291006357
          0,           0,        3775,      -2.865776098,     -0.6667679154,     -0.8286029875,       2.527253888,     -0.9076848121,       4.430696777
          0,           0,        3776,      -2.863569313,      -0.648139223,     -0.8028090021,       2.529482869,      -0.908024643,       4.441473377
          0,           0,        3777,      -2.872701736,     -0.6656016856,     -0.8187816485,       2.519832401,       -0.90836864,       4.304112656
          0,           0,        3778,      -2.879681466,     -0.6465897149,     -0.7965398678,       2.513230856,     -0.9086910999,       4.334773363
          0,           0,        3779,      -2.872676388,     -0.6611234586,     -0.8112558733,       2.520553484,     -0.9090329146,       4.383312146
          0,           0,        3780,      -2.867478533,     -0.6490998775,     -0.7815255606,        2.52598525,     -0.9093511498,       4.457082751
          0,           0,        3781,      -2.869735882,     -0.6448669895,     -0.7929767713,       2.522859201,     -0.9096639372,       4.470883407
          0,           0,        3782,      -2.872924808,     -0.6574542074,     -0.7805253722,       2.520192041,     -0.9099981963,       4.352825411
          0,           0,        3783,      -2.877631605,     -0.6772485001,     -0.8185906696,       2.515619115,      -0.910296076,       4.362853143
          0,           0,        3784,      -2.865826719,     -0.6752815605,     -0.7971478437,       2.527230086,     -0.9105935307,       4.457739586
          0,           0,        3785,      -2.866677211,     -0.6822966683,     -0.8092985919,        2.52570478,     -0.9109033953,       4.468231999
          0,           0,        3786,      -2.868032607,      -0.677923786,     -0.8029799671,       2.524621119,     -0.9111852815,       4.341132195
          0,           0,        3787,      -2.873371571,     -0.6720420957,     -0.8087363721,       2.519778156,     -0.9114471721,       4.348715247
          0,           0,        3788,      -2.870786827,     -0.6580220988,     -0.8035906746,       2.522045335,     -0.9117083482,       4.407234864
          0,           0,        3789,      -2.864616956,     -0.6596024164,     -0.7937621897,       2.528941922,     -0.9119698329,       4.460124351
          0,           0,        3790,      -2.870589762,     -0.6458364975,     -0.7925988281,       2.522500142,     -0.9122088836,       4.465052863
          0,           0,        3791,      -2.879546874,     -0.6472930154,     -0.7805487782,       2.514011579,     -0.9124312223,       4.284101487
          0,           0,        3792,      -2.871307175,     -0.6532284471,     -0.8084971667,       2.522932211,     -0.9126444024,       4.357426936
          0,           0,        3793,      -2.870153508,     -0.6532799398,     -0.7956754712,       2.522814768,     -0.9128092223,       4.449714941
          0,           0,        3794,      -2.862431982,     -0.6554636311,     -0.7965714233,       2.530636635,     -0.9130131649,       4.460227256
          0,           0,        3795,      -2.872807484,     -0.6524163848,     -0.7851791896,       2.520407736,     -0.9131466702,       4.360428369
          0,           0,        3796,      -2.874647934,     -0.6432729189,      -0.790702703,       2.518948392,     -0.9133013982,       4.317334261
          0,           0,        3797,      -2.873667472,     -0.6723020959,     -0.7964144562,        2.51967436,      -0.913467833,       4.390294376
          0,           0,        3798,      -2.864862656,     -0.6529930373,     -0.7927521214,       2.528514719,     -0.9136296893,       4.395965412
          0,           0,        3799,      -2.875515349,     -0.6473281053,     -0.7814697647,       2.517422493,     -0.9138350795,       4.355436972
          0,           0,        3800,      -2.874757045,     -0.6450586154,     -0.7904555254,       2.519276025,       -0.91402707,       4.393941048
          0,           0,        3801,      -2.869890531,     -0.6681110218,     -0.8139700418,       2.523768121,     -0.9142446006,       4.407363675
          0,           0,        3802,      -2.868993788,     -0.6640206712,      -0.788604497,        2.52447753,     -0.9144379672,       4.472253212
          0,           0,        3803,      -2.872524706,     -0.6640888183,     -0.8056445089,       2.520033136,     -0.9146279009,       4.472610549
          0,           0,        3804,      -2.863263833,     -0.6572278321,     -0.7912024812,       2.530515128,     -0.9148425777,        4.38924578
          0,           0,        3805,      -2.875104516,     -0.6510447083,      -0.793583214,       2.517987672,     -0.9150520167,       4.516606719
          0,           0,        3806,      -2.870858536,     -0.6588085573,     -0.7949990531,       2.522735417,     -0.9152711695,       4.541360928
          0,           0,        3807,      -2.865814406,      -0.648574218,      -0.798671863,       2.527776548,     -0.9154948696,       4.506357073
          0,           0,        3808,      -2.874306093,     -0.6541421373,     -0.8025831575,       2.518517371,     -0.9157532898,       4.459108981
          0,           0,        3809,      -2.874640505,     -0.6474960487,      -0.803984832,       2.518578219,     -0.9160024476,       4.375348435
          0,           0,        3810,      -2.869874716,     -0.6682717175,     -0.8294427572,       2.523176867,     -0.9162335922,       4.431573246
          0,           0,        3811,      -2.859459103,     -0.6584590713,     -0.7941526019,       2.533770122,     -0.9165260168,        4.50132209
          0,           0,        3812,      -2.863845821,     -0.6664168804,     -0.8154978923,       2.528319483,     -0.9167931135,       4.469343055
          0,           0,        3813,      -2.869161784,      -0.665451441,     -0.8015218541,       2.523683119,     -0.9170557033,        4.40400403
          0,           0,        3814,      -2.867622541,     -0.6742355773,       -0.82780718,       2.525775316,     -0.9173570544,       4.468886336
          0,           0,        3815,      -2.872614863,     -0.6745540598,     -0.8137192558,       2.520093024,     -0.9176569769,       4.478876512
          0,           0,        3816,      -2.861451305,     -0.6480722628,     -0.8171108124,       2.531328744,     -0.9179682579,       4.478100595
          0,           0,        3817,      -2.879449008,     -0.6566317206,     -0.7988721752,       2.512839268,     -0.9182613221,       4.421276398
          0,           0,        3818,      -2.873004794,     -0.6569130508,     -0.8232757447,       2.520058425,     -0.9186035551,       4.396872589
          0,           0,        3819,       -2.86586006,     -0.6656353271,     -0.8208112355,       2.527249706,     -0.9189535009,       4.419371256
          0,           0,        3820,      -2.862445727,     -0.6544631515,     -0.8134828072,       2.530157839,     -0.9192814057,       4.481835047
          0,           0,        3821,      -2.871937043,      -0.646588382,     -0.8077887242,       2.521056599,     -0.9196678642,       4.327600307
          0,           0,        3822,      -2.878685849,     -0.6617543765,     -0.8083518877,       2.514256692,     -0.9200304898,       4.307435868
          0,           0,        3823,      -2.877627242,     -0.6616774877,     -0.8271923335,       2.514316361,     -0.9203477695,       4.397668826
          0,           0,        3824,      -2.872679864,     -0.6544583497,     -0.7991147719,       2.519953074,     -0.9206914056,       4.431526523
          0,           0,        3825,      -2.866677498,     -0.6409427243,     -0.8059050059,       2.526456862,     -0.9210329876,        4.43877839
          0,           0,        3826,      -2.878146942,     -0.6512542362,     -0.7957747699,        2.51487204,     -0.9213805265,       4.330495437
          0,           0,        3827,      -2.883380625,     -0.6717321028,     -0.8239321654,       2.510030569,     -0.9217105772,       4.335773923
          0,           0,        3828,      -2.867328194,     -0.6810667957,     -0.8225563858,       2.525665584,     -0.9220005837,       4.432283049
          0,           0,        3829,       -2.86161201,     -0.6664612942,     -0.8007987497,       2.531088035,     -0.9223025884,       4.512640336
          0,           0,        3830,      -2.867639599,     -0.6609353756,     -0.7974369885,       2.525401932,     -0.9225971877,       4.392904975
          0,           0,        3831,      -2.868540171,     -0.6739333155,     -0.8026309978,       2.525215358,     -0.9228699126,       4.392170871
          0,           0,        3832,      -2.865973054,     -0.6917576964,     -0.8267464301,       2.527803469,     -0.9231100564,        4.47389383
          0,           0,        3833,      -2.865290409,     -0.6693736467,     -0.7977983472,       2.528280006,     -0.9233838873,       4.511137615
          0,           0,        3834,      -2.857557675,     -0.6541538267,     -0.7945040717,       2.535809854,      -0.923629639,       4.489717466
          0,           0,        3835,      -2.874208347,     -0.6518104031,     -0.7878621757,       2.518890757,     -0.9238524004,       4.400326889
          0,           0,        3836,      -2.865028848,     -0.6686730292,     -0.8333625875,       2.529063687,     -0.9240521079,       4.307620105
          0,           0,        3837,      -2.870417642,     -0.6603136141,     -0.8180994212,        2.52232119,       -0.92421386,       4.439900665
          0,           0,        3838,      -2.858162732,     -0.6533444956,     -0.8102825113,       2.534992547,     -0.9243730503,       4.467371802
          0,           0,        3839,      -2.872283785,     -0.6526503244,     -0.8065558326,       2.520926574,     -0.9245143268,       4.201148428
          0,           0,        3840,       -2.86930525,     -0.6738233851,     -0.8112198096,       2.524985987,     -0.9246695969,       4.401921587
          0,           0,        3841,      -2.861779231,     -0.6523835067,     -0.7999514319,       2.532025086,     -0.9248361772,       4.438134004
          0,           0,        3842,      -2.860768215,     -0.6520279048,     -0.7865870644,       2.533089348,     -0.9249906018,       4.464089316
          0,           0,        3843,      -2.859608498,     -0.6402428676,     -0.7854563447,       2.533899217,     -0.9251393732,       4.473179616
          0,           0,        3844,       -2.88411699,     -0.6659127437,     -0.7775399377,       2.509722521,     -0.9252577216,       4.329113834
          0,           0,        3845,      -2.868843278,     -0.6714482279,     -0.8135364606,       2.525554243,     -0.9253893204,       4.400425098
          0,           0,        3846,      -2.869472407,       -0.67975241,     -0.7947903559,       2.523571098,     -0.9255458783,       4.517029971
          0,           0,        3847,      -2.858932124,     -0.6666345559,     -0.7958410408,       2.534318215,     -0.9256972041,       4.504438198
          0,           0,        3848,      -2.872538293,     -0.6735771548,     -0.7996919729,       2.520263681,     -0.9259010566,       4.322581183
          0,           0,        3849,      -2.876282697,     -0.6667973565,     -0.8107591637,       2.517693458,     -0.9260648471,       4.365448222
          0,           0,        3850,      -2.869409898,     -0.6618525638,     -0.8152827525,       2.524062012,     -0.9262112317,       4.421915055
          0,           0,        3851,      -2.868035628,     -0.6619884677,     -0.8068798866,       2.525192195,        -0.9263936,       4.438718791
          0,           0,        3852,      -2.868072401,     -0.6427754282,     -0.7963767923,       2.524791571,     -0.9265421749,       4.440163925
          0,           0,        3853,       -2.87525599,     -0.6389471405,     -0.7739054198,       2.518121788,     -0.9267399719,       4.428374787
          0,           0,        3854,      -2.863543932,     -0.6576214862,     -0.8101359098,       2.530607714,     -0.9269407083,       4.450559471
          0,           0,        3855,      -2.863636182,     -0.6460266342,     -0.7888078819,       2.529255159,     -0.9271030702,       4.508478139
          0,           0,        3856,      -2.865380407,     -0.6590887816,     -0.7908771266,       2.527317718,     -0.9273009143,       4.469746306
          0,           0,        3857,      -2.874040414,     -0.6463531366,     -0.7619103326,       2.518322515,     -0.9275097255,       4.250804313
          0,           0,        3858,       -2.87335489,     -0.6784464711,     -0.8040019229,       2.519992027,     -0.9277075359,       4.386387639
          0,           0,        3859,      -2.872013097,     -0.6480453525,     -0.7778983293,       2.520897984,     -0.9279253122,       4.451022229
          0,           0,        3860,      -2.859579904,     -0.6674540284,      -0.804749171,       2.533899213,     -0.9281775407,       4.476245904
          0,           0,        3861,       -2.86926079,     -0.6450550427,     -0.7926296155,       2.523763488,     -0.9284000757,       4.437733085
          0,           0,        3862,      -2.881254749,     -0.6516988839,     -0.7829141163,       2.512091243,     -0.9286082192,       4.402627788
          0,           0,        3863,      -2.866155302,      -0.665124484,      -0.827948872,       2.528021842,     -0.9288158806,       4.419824019
          0,           0,        3864,       -2.86722294,     -0.6648532569,     -0.8066116899,       2.525924706,     -0.9290224222,       4.498278606
          0,           0,        3865,      -2.867164261,     -0.6319849903,     -0.8079334824,       2.525682918,     -0.9292132192,       4.480693756
          0,           0,        3866,      -2.869284414,       -0.66555777,     -0.8070240097,       2.523246575,     -0.9294506329,       4.329211706
          0,           0,        3867,       -2.86871013,     -0.6431619203,     -0.8123291595,       2.524678993,      -0.929658936,       4.396331666
          0,           0,        3868,      -2.874647145,     -0.6324920051,      -0.792183853,       2.518528847,     -0.9298371168,       4.408194234
          0,           0,        3869,      -2.867466312,     -0.6457487725,     -0.7971739084,       2.525265125,     -0.9300447367,       4.394804077
          0,           0,        3870,      -2.881732784,     -0.6285414877,     -0.7862737523,       2.510338687,     -0.9301892045,       4.361467301
          0,           0,        3871,       -2.88003294,       -0.64563916,     -0.7974358044,       2.513083408,     -0.9303360346,       4.348886214
          0,           0,        3872,       -2.86463895,     -0.6616257508,     -0.8063638078,       2.528508369,     -0.9304603574,       4.457632982
          0,           0,        3873,      -2.862466135,     -0.6705979241,     -0.7936929358,       2.530513703,     -0.9305823199,       4.531766063
          0,           0,        3874,      -2.865081429,     -0.6660157477,     -0.8030354794,       2.527784053,     -0.9307211225,       4.431922274
          0,           0,        3875,      -2.864177824,     -0.6808205271,      -0.803429503,       2.528914908,     -0.9308738581,       4.325591367
          0,           0,        3876,      -2.869192947,     -0.6945452622,     -0.8178670785,       2.523907286,     -0.9309793415,       4.419641553
          0,           0,        3877,      -2.864125652,     -0.6880604989,      -0.806254583,       2.529010869,     -0.9310895761,       4.456211426
          0,           0,        3878,       -2.86177452,      -0.683168692,     -0.8041929522,       2.531408426,     -0.9311948203,        4.49006079
          0,           0,        3879,      -2.866126555,     -0.6669266141,     -0.8236194824,       2.526729096,     -0.9312596874,       4.381752142
          0,           0,        3880,      -2.873465386,     -0.6523391696,     -0.8044377982,       2.519595765,     -0.9313205322,       4.401739078
          0,           0,        3881,      -2.861999753,     -0.6838891286,     -0.8422830712,       2.531274729,     -0.9313718767,       4.421252915
          0,           0,        3882,      -2.871843141,     -0.6718744065,     -0.8101187175,       2.520424588,     -0.9313938064,       4.416201071
          0,           0,        3883,      -2.878893226,     -0.6594647573,     -0.8268800339,       2.513200964,     -0.9314582133,       4.324827459
          0,           0,        3884,      -2.876120814,     -0.6593696585,     -0.8140376482,       2.516179241,      -0.931497431,       4.381369825
          0,           0,        3885,      -2.881837211,     -0.6604093013,     -0.8298186042,       2.510591765,     -0.9315674342,       4.454077729
          0,           0,        3886,      -2.873724767,     -0.6616015862,      -0.804327904,       2.519039957,     -0.9316264178,       4.460779673
          0,           0,        3887,      -2.872488191,     -0.6401041505,     -0.7983154919,       2.520660142,     -0.9317033958,       4.490281373
          0,           0,        3888,      -2.886700844,     -0.6686825205,     -0.7994284617,       2.506268719,     -0.9317567591,       4.455263146
          0,           0,        3889,      -2.876197117,     -0.6620628854,     -0.7997918247,         2.5171349,     -0.9318446097,       4.451429421
          0,           0,        3890,       -2.86890736,     -0.6722029962,     -0.8056839873,       2.524697202,     -0.9319190813,       4.498713591
          0,           0,        3891,      -2.866114413,     -0.6630050943,     -0.7824983185,       2.527099804,     -0.9320210774,       4.502910688
          0,           0,        3892,      -2.870725341,     -0.6730956121,     -0.8156623927,       2.522755276,     -0.9321267337,       4.450865972
          0,           0,        3893,      -2.872437424,      -0.674468152,     -0.7984616973,       2.520795599,     -0.9322439364,       4.397449094
          0,           0,        3894,      -2.875413898,     -0.6863410084,     -0.8223329663,       2.517948625,     -0.9323650341,       4.468749122
          0,           0,        3895,      -2.874353958,     -0.6802194319,      -0.800966923,       2.518835277,     -0.9324813339,       4.459593103
          0,           0,        3896,      -2.871077287,     -0.6648710596,     -0.8071358151,       2.521750348,     -0.9325831102,       4.446915708
          0,           0,        3897,      -2.876469449,     -0.6722271295,     -0.8123267811,       2.516897266,     -0.9327035701,       4.382501515
          0,           0,        3898,      -2.876191809,     -0.6625734215,     -0.8199009106,       2.516810962,     -0.9328247681,        4.37500891
          0,           0,        3899,      -2.868488312,     -0.6837254625,      -0.822458689,       2.524938515,     -0.9329963534,       4.400524169
          0,           0,        3900,      -2.869462536,     -0.6456566154,     -0.8027222686,       2.523169654,     -0.9331595692,       4.401628989
          0,           0,        3901,      -2.869566353,     -0.6852469038,     -0.8184613497,       2.523599476,     -0.9333382695,        4.35036647
          0,           0,        3902,      -2.867793507,     -0.6527642449,      -0.805914201,       2.525286713,     -0.9334779683,       4.368970371
          0,           0,        3903,      -2.870074929,     -0.6632361176,     -0.8181445002,       2.523732163,     -0.9336531925,       4.438512136
          0,           0,        3904,      -2.864379979,     -0.6548997402,     -0.8044235075,       2.529550454,     -0.9338286506,       4.415866926
          0,           0,        3905,      -2.873610048,     -0.6379653274,     -0.8033190961,       2.518999899,     -0.9339861957,       4.449462322
          0,           0,        3906,      -2.872843053,     -0.6606557521,     -0.7952616275,       2.520365483,     -0.9341326605,       4.372298901
          0,           0,        3907,      -2.873960685,     -0.6783635927,     -0.8244971626,       2.519057897,     -0.9342798515,       4.422549722
          0,           0,        3908,       -2.86481911,     -0.6650548624,     -0.7972898371,       2.528393387,     -0.9344004936,       4.470155236
          0,           0,        3909,       -2.86093796,     -0.6651080785,     -0.8016953479,       2.532327964,     -0.9345386342,       4.405400241
          0,           0,        3910,      -2.876746568,     -0.6750267805,     -0.8093093488,       2.515619189,     -0.9346752705,       4.305203153
          0,           0,        3911,       -2.87621889,     -0.6836862504,     -0.8109405522,       2.517057119,     -0.9348212234,        4.45710714
          0,           0,        3912,      -2.862496539,     -0.6624134817,     -0.8033042092,       2.530562766,     -0.9349467857,       4.462807973
          0,           0,        3913,      -2.868176918,     -0.6621240305,     -0.7956590923,       2.524926126,     -0.9350567123,       4.492772054
          0,           0,        3914,      -2.864446463,     -0.6584601025,     -0.8025240882,       2.528345817,     -0.9351364798,       4.501601763
          0,           0,        3915,      -2.868945753,     -0.6537403197,     -0.7871026423,       2.524171903,     -0.9352313804,       4.348871207
          0,           0,        3916,      -2.866776283,     -0.6732310998,     -0.8340073741,       2.526589129,     -0.9353315799,       4.432423906
          0,           0,        3917,      -2.863193958,     -0.6558464854,     -0.8094749748,       2.529551322,     -0.9354340034,       4.509173786
          0,           0,        3918,      -2.866832768,     -0.6524045681,     -0.7999109653,       2.525479707,      -0.935527969,       4.443087293
          0,           0,        3919,      -2.872904622,     -0.6696024824,     -0.8123940413,       2.519883339,     -0.9356238658,       4.377963521
          0,           0,        3920,       -2.87560334,     -0.6520486307,     -0.8104295416,       2.517463574,     -0.9356909034,       4.405399721
          0,           0,        3921,      -2.870333285,     -0.6760387272,     -0.8080371316,       2.522853748,     -0.9357797061,       4.380201708
          0,           0,        3922,      -2.864662926,     -0.6567893485,     -0.8061316969,       2.528815344,      -0.935833072,       4.356580514
          0,           0,        3923,      -2.877976454,     -0.6536975382,     -0.8018045977,       2.514693614,     -0.9359124346,       4.379850253
          0,           0,        3924,      -2.870219866,      -0.653948205,     -0.7817015218,       2.524035692,     -0.9360106689,       4.371525454
          0,           0,        3925,      -2.870995951,     -0.6742731248,     -0.8242886596,       2.522597004,     -0.9360879398,       4.471743308
          0,           0,        3926,      -2.864981525,     -0.6407928953,     -0.7838449937,       2.528467017,     -0.9361682503,       4.550334069
          0,           0,        3927,      -2.870435379,     -0.6677656006,     -0.8012979247,       2.522637121,     -0.9362842285,       4.511130563
          0,           0,        3928,      -2.865995991,      -0.666487285,     -0.7919206449,       2.527957463,     -0.9364033508,       4.359458466
          0,           0,        3929,      -2.875576376,     -0.6538355856,     -0.8037188994,       2.517822819,     -0.9365115634,       4.421691457
          0,           0,        3930,      -2.866646871,     -0.6516411948,     -0.7905626186,       2.527092859,     -0.9366556202,       4.390497668
          0,           0,        3931,      -2.865202825,     -0.6450699405,     -0.7991118836,       2.528990738,     -0.9368103046,       4.429078844
          0,           0,        3932,      -2.872442856,     -0.6597296058,     -0.8087506538,       2.521069441,     -0.9369826464,       4.473178581
          0,           0,        3933,       -2.87011194,     -0.6588450935,     -0.7876446171,       2.523550565,     -0.9371694663,       4.401064144
          0,           0,        3934,      -2.862328647,     -0.6759896356,     -0.8251201314,       2.531412749,     -0.9373318454,       4.464950061
          0,           0,        3935,      -2.859209133,     -0.6680437836,     -0.7852297416,       2.534188356,     -0.9375218366,       4.462355034
          0,           0,        3936,      -2.862737858,     -0.6799689174,     -0.8190607139,       2.530099619,     -0.9376928358,       4.375918475
          0,           0,        3937,      -2.861274891,     -0.6726887775,     -0.7971635192,       2.531905938,     -0.9378817182,       4.343389482
          0,           0,        3938,      -2.863427801,     -0.6707058898,      -0.814861222,       2.529891454,     -0.9380933874,       4.414749253
          0,           0,        3939,      -2.863402809,     -0.6695598757,     -0.7942592117,       2.530144842,     -0.9383861791,       4.393386492
          0,           0,        3940,      -2.866142742,      -0.641228178,     -0.8046881639,       2.526368225,     -0.9386512154,       4.371227605
          0,           0,        3941,       -2.87373539,     -0.6426787794,     -0.7812935596,        2.52012723,     -0.9389209503,       4.329637949
          0,           0,        3942,      -2.875111572,     -0.6548401064,     -0.8083997194,       2.517655985,      -0.939154155,       4.422127289
          0,           0,        3943,      -2.867720892,     -0.6570797966,     -0.8031021161,        2.52539709,     -0.9393485285,       4.485173609
          0,           0,        3944,      -2.868657034,     -0.6441882674,     -0.8020742385,       2.524711994,     -0.9395572909,       4.502715056
          0,           0,        3945,      -2.870840194,     -0.6567922202,     -0.8063336468,         2.5226968,     -0.9397829738,       4.451090781
          0,           0,        3946,      -2.873847778,     -0.6641789779,     -0.8114226384,       2.519727791,     -0.9400543443,       4.416333151
          0,           0,        3947,      -2.871817081,     -0.6669752059,     -0.8211938241,       2.521482799,     -0.9403003405,       4.388571379
          0,           0,        3948,      -2.866837204,     -0.6631528691,     -0.7941555903,       2.526496795,     -0.9405001059,       4.371235024
          0,           0,        3949,      -2.874393947,     -0.6510640422,     -0.8122965074,       2.518209702,     -0.9406972585,       4.410638208
          0,           0,        3950,      -2.873076823,     -0.6690440278,     -0.8111456982,       2.520451213,     -0.9409081073,       4.384940618
          0,           0,        3951,      -2.870188758,     -0.6771234947,     -0.8282989071,       2.523256619,     -0.9410806451,       4.425816526
          0,           0,        3952,      -2.860006896,     -0.6843052959,     -0.8209667777,       2.533604879,     -0.9412678644,       4.542308806
          0,           0,        3953,      -2.851256939,     -0.6610546116,     -0.7994213845,       2.543054722,     -0.9414343464,       4.477424268
          0,           0,        3954,      -2.869145184,     -0.6719727388,     -0.8099054858,       2.523709258,     -0.9415911128,       4.334433073
          0,           0,        3955,       -2.86704408,     -0.6612238595,     -0.7872539122,       2.526995256,     -0.9417310541,       4.362399254
          0,           0,        3956,      -2.859658781,     -0.6693208056,     -0.8161368576,       2.534182588,     -0.9419043861,       4.417243593
          0,           0,        3957,      -2.863867068,     -0.6630107116,     -0.8043923407,       2.529970548,     -0.9420661417,       4.459530479
          0,           0,        3958,      -2.867648809,     -0.6372625745,     -0.8143702095,       2.525566851,     -0.9422485329,       4.482320541
          0,           0,        3959,      -2.872423299,     -0.6466069188,     -0.7909080199,       2.520835731,     -0.9424119842,        4.37281601
          0,           0,        3960,      -2.862209135,     -0.6712571614,     -0.8275071048,       2.531742514,     -0.9425731009,       4.431455697
          0,           0,        3961,      -2.869099937,     -0.6581133869,     -0.7849489356,       2.523922212,     -0.9427222489,       4.457510069
          0,           0,        3962,      -2.877545594,     -0.6729002199,     -0.8137219596,       2.515210553,     -0.9428649727,       4.483269087
          0,           0,        3963,      -2.869731595,     -0.6708601446,      -0.809862949,       2.523380944,     -0.9430785755,       4.372613771
          0,           0,        3964,      -2.878574753,     -0.6739092713,     -0.8088088774,       2.515146706,     -0.9432643567,       4.454823734
          0,           0,        3965,      -2.867309752,     -0.6436836728,     -0.7900881661,        2.52585819,      -0.943525296,       4.435284117
          0,           0,        3966,      -2.874781937,     -0.6502972629,     -0.7847077497,       2.517851683,     -0.9437528797,       4.461975826
          0,           0,        3967,      -2.863732648,     -0.6447491306,     -0.8032259948,       2.529521742,     -0.9440111725,       4.456847224
          0,           0,        3968,      -2.887121983,     -0.6527076871,      -0.786593725,       2.505333489,      -0.944228537,       4.344005874
          0,           0,        3969,      -2.866947444,     -0.6794249424,     -0.8371956866,        2.52709208,     -0.9444853176,       4.477785242
          0,           0,        3970,        -2.8727512,     -0.6826331509,     -0.8158969918,       2.519955005,     -0.9447070618,        4.55591349
          0,           0,        3971,      -2.860074513,     -0.6826727238,     -0.8196774638,       2.533126717,     -0.9449521305,       4.535763385
          0,           0,        3972,      -2.874363694,     -0.6752987899,     -0.8155817624,       2.518291317,     -0.9452337154,          4.455781
          0,           0,        3973,      -2.867299519,     -0.6786236926,     -0.8115361539,       2.526551522,     -0.9455451568,       4.431876447
          0,           0,        3974,      -2.865699589,     -0.6657427387,     -0.8106263379,       2.527530526,     -0.9458322524,       4.401428913
          0,           0,        3975,      -2.866730531,     -0.6599007109,     -0.7911259098,       2.526295274,     -0.9461298333,       4.397443827
          0,           0,        3976,      -2.861821098,     -0.6470015446,     -0.8003879478,       2.531513305,     -0.9464357125,       4.423003096
          0,           0,        3977,      -2.873642029,      -0.649487415,     -0.7805225808,       2.519477035,      -0.946764464,       4.410114258
          0,           0,        3978,      -2.861943049,     -0.6649415174,     -0.8107657834,       2.532013703,       -0.94708387,       4.438443257
          0,           0,        3979,      -2.865287987,     -0.6488267079,     -0.7909037427,        2.52732687,     -0.9473800785,       4.456771936
          0,           0,        3980,      -2.865612611,     -0.6710670206,     -0.8025389299,        2.52761547,     -0.9477071367,       4.417939112
          0,           0,        3981,      -2.872550895,     -0.6588556436,     -0.7899599063,       2.520674068,     -0.9480159547,       4.320153442
          0,           0,        3982,      -2.872601233,     -0.6791924363,     -0.8189984404,       2.521205914,      -0.948356638,       4.408101089
          0,           0,        3983,      -2.872205657,      -0.651042351,     -0.8002856922,       2.520728809,     -0.9486948461,       4.416825522
          0,           0,        3984,      -2.874678624,     -0.6764246031,     -0.8194780112,       2.518169911,     -0.9490202963,       4.411974729
          0,           0,        3985,      -2.868053901,     -0.6525921646,     -0.8045966102,       2.524806305,     -0.9493307868,       4.414155997
          0,           0,        3986,      -2.881694117,     -0.6683060302,     -0.7843938125,       2.511032758,     -0.9496574396,       4.355176738
          0,           0,        3987,      -2.867554023,     -0.6705917311,     -0.8187621163,       2.526264001,     -0.9499650233,       4.430506882
          0,           0,        3988,       -2.87339528,     -0.6934523082,     -0.8126646972,       2.519400008,     -0.9502731141,       4.500015388
          0,           0,        3989,      -2.868736068,     -0.6705781827,     -0.8071270613,       2.523866038,       -0.95057912,       4.521439126
          0,           0,        3990,      -2.877101954,     -0.6604467887,     -0.7794288163,       2.515308521,     -0.9508710134,       4.391766264
          0,           0,        3991,      -2.876687905,     -0.6814072909,     -0.8044080199,       2.516886571,     -0.9511950105,       4.362231256
          0,           0,        3992,      -2.882310267,     -0.6671104753,     -0.8000353818,       2.510120022,     -0.9514699242,       4.363187572
          0,           0,        3993,      -2.877851789,      -0.669634931,     -0.8142460131,       2.514696463,     -0.9517522765,       4.355146463
          0,           0,        3994,      -2.875867659,     -0.6651278811,     -0.8162334215,       2.516402593,     -0.9520176011,       4.367439743
          0,           0,        3995,      -2.877085177,     -0.6671744249,     -0.8041414009,       2.515444547,     -0.9523421254,       4.431737458
          0,           0,        3996,      -2.867519482,      -0.673868678,     -0.8301685019,       2.525324237,      -0.952618454,       4.440086728
          0,           0,        3997,      -2.866995048,     -0.6728656994,     -0.7993249671,       2.525811926,     -0.9529478971,       4.421755649
          0,           0,        3998,      -2.867454918,     -0.6735569052,     -0.8268243011,       2.525019139,      -0.953238203,       4.400020432
          0,           0,        3999,      -2.866806118,     -0.6748497361,     -0.8034301247,       2.526027844,     -0.9535050339,       4.363237285
          0,           0,        4000,      -2.871220487,     -0.6681433568,     -0.8145629743,       2.521557109,     -0.9537770068,       4.396169311
          0,           0,        4001,       -2.87397702,      -0.670456382,     -0.7971156882,       2.518681224,     -0.9540149272,       4.419031044
          0,           0,        4002,      -2.861584067,     -0.6658592154,     -0.8169487402,       2.531500431,     -0.9542817901,       4.425064081
          0,           0,        4003,      -2.873164006,     -0.6630495759,     -0.8004958891,       2.519633317,     -0.9545610521,       4.400616563
          0,           0,        4004,        -2.8625404,     -0.6566780394,     -0.8000841656,       2.531205995,      -0.954880371,       4.376437469
          0,           0,        4005,      -2.870673231,     -0.6706664967,      -0.803494614,       2.522174396,     -0.9551786452,       4.405807665
          0,           0,        4006,      -2.859278628,     -0.6738728773,     -0.7981869578,       2.534289078,     -0.9555091681,       4.420906514
          0,           0,        4007,      -2.874727467,      -0.682383212,     -0.8103700554,       2.517852824,      -0.955804615,       4.330396537
          0,           0,        4008,      -2.867459864,     -0.6780803436,      -0.808890219,       2.526290862,     -0.9561354492,       4.384843319
          0,           0,        4009,      -2.864999336,     -0.6694988068,     -0.8269234879,       2.527940369,     -0.9564644079,       4.389865146
          0,           0,        4010,      -2.871535552,     -0.6552472068,     -0.8090724552,       2.521722301,     -0.9567788585,       4.383058167
          0,           0,        4011,      -2.863316913,      -0.643607266,     -0.8042478879,       2.529838755,     -0.9571121366,       4.410456653
          0,           0,        4012,      -2.874603983,     -0.6758755031,     -0.8046322598,       2.518273265,     -0.9574392712,       4.343584113
          0,           0,        4013,      -2.862870727,     -0.6712355449,      -0.830402334,       2.530893574,     -0.9577658372,       4.407392722
          0,           0,        4014,      -2.869728361,     -0.6841479593,     -0.8055587974,       2.522933842,     -0.9580811188,       4.475784396
          0,           0,        4015,      -2.859421508,     -0.6817198155,     -0.8226993433,         2.5337143,     -0.9584058987,       4.498455419
          0,           0,        4016,      -2.874297072,      -0.672778498,     -0.8122048144,       2.518536598,     -0.9587443482,       4.397028861
          0,           0,        4017,      -2.866372876,     -0.6859123396,     -0.8056087985,       2.527525806,     -0.9590450794,       4.398303915
          0,           0,        4018,      -2.867247773,     -0.6628446851,     -0.8104304339,       2.526520795,     -0.9593742786,       4.421005943
          0,           0,        4019,      -2.859693588,     -0.6610446046,     -0.7977450569,        2.53433267,     -0.9596831112,       4.449831307
          0,           0,        4020,      -2.867579473,     -0.6470123613,     -0.7995861582,       2.525752846,     -0.9599870942,       4.502748599
          0,           0,        4021,      -2.870222745,     -0.6694930999,     -0.7977319385,       2.523728659,     -0.9602885703,       4.347578679
          0,           0,        4022,      -2.872843287,     -0.6600434258,     -0.8230246673,       2.520379944,     -0.9605995119,       4.442026545
          0,           0,        4023,      -2.870551308,     -0.6796138917,     -0.8110554087,       2.522967868,     -0.9609007247,       4.465824113
          0,           0,        4024,      -2.869395632,     -0.6492422625,     -0.8015885183,       2.524117965,     -0.9612009881,       4.458108006
          0,           0,        4025,      -2.883737429,     -0.6784035523,     -0.8079506442,       2.509292456,     -0.9614944012,         4.3661973
          0,           0,        4026,      -2.880834476,     -0.6631172899,     -0.8069804469,       2.512837886,     -0.9617631186,       4.381086655
          0,           0,        4027,      -2.877082142,     -0.6754769909,     -0.8011483258,       2.516523681,     -0.9620213585,       4.394442242
          0,           0,        4028,      -2.879086858,     -0.6670265955,      -0.794264889,       2.513989245,     -0.9622559116,       4.436865258
          0,           0,        4029,       -2.87387662,     -0.6575362123,     -0.7984237267,       2.519144035,     -0.9625570501,       4.406453878
          0,           0,        4030,       -2.87849839,     -0.6634436583,       -0.78701233,       2.514674076,     -0.9628194867,       4.360248686
          0,           0,        4031,        -2.8704692,      -0.681018368,     -0.8307741978,       2.523137618,     -0.9631480091,       4.407263891
          0,           0,        4032,      -2.865856668,     -0.6765358834,     -0.8154470523,       2.526852194,      -0.963444148,       4.433593989
          0,           0,        4033,      -2.864397557,     -0.6718415055,     -0.8143076628,       2.529059123,     -0.9637469895,       4.434522239
          0,           0,        4034,      -2.869649083,      -0.685111062,     -0.8262798327,       2.523081036,     -0.9640037285,       4.354324149
          0,           0,        4035,      -2.871736205,     -0.6754166661,     -0.8183824149,       2.521669216,     -0.9642523983,        4.42792334
          0,           0,        4036,      -2.871797099,     -0.6734002331,     -0.8087272687,       2.521546692,     -0.9645173098,       4.451712327
          0,           0,        4037,      -2.861378575,     -0.6702585946,     -0.8127603351,       2.532398527,     -0.9647949484,       4.483467919
          0,           0,        4038,      -2.869397504,     -0.6563512806,     -0.8071251241,       2.524120649,     -0.9650915746,       4.508657474
          0,           0,        4039,      -2.867774127,     -0.6664295925,     -0.7831412787,       2.526515362,     -0.9653521615,       4.383672591
          0,           0,        4040,      -2.874445373,     -0.6637783281,     -0.8205603752,        2.51910314,     -0.9655933528,       4.391573697
          0,           0,        4041,      -2.863344878,     -0.6804784334,     -0.8039557147,       2.530685758,     -0.9658605632,       4.446772037
          0,           0,        4042,      -2.865507057,     -0.6493964077,     -0.8040881973,       2.527640481,     -0.9661225501,       4.403485935
          0,           0,        4043,      -2.871426326,     -0.6604141592,     -0.7898365335,       2.522251512,     -0.9664091033,       4.316986355
          0,           0,        4044,      -2.867524279,     -0.6564911219,     -0.8110751412,       2.525998105,     -0.9667155727,       4.387965302
          0,           0,        4045,       -2.88030916,     -0.6719629904,     -0.7889032974,        2.51343053,     -0.9669847925,       4.420753069
          0,           0,        4046,      -2.864458771,      -0.652453039,     -0.8083106019,       2.529423362,     -0.9672950074,       4.459578133
          0,           0,        4047,      -2.876584667,     -0.6677659373,     -0.7894105597,       2.517374029,     -0.9675867424,       4.435771427
          0,           0,        4048,      -2.876511926,     -0.6405157295,     -0.7964372321,       2.517878167,     -0.9678857169,       4.432398866
          0,           0,        4049,      -2.873548809,     -0.6532024656,     -0.8101869509,       2.520646881,     -0.9682049967,       4.385625771
          0,           0,        4050,      -2.865773663,     -0.6581502991,     -0.7900913705,       2.528361311,     -0.9685681293,       4.460984975
          0,           0,        4051,       -2.87439402,     -0.6597061444,     -0.8048571296,        2.51852837,     -0.9688945765,       4.436380121
          0,           0,        4052,       -2.86698935,      -0.654735414,     -0.7998432454,       2.527142221,      -0.969189915,       4.352473506
          0,           0,        4053,      -2.870949154,     -0.6512930511,     -0.8005896741,       2.522923921,     -0.9695415622,       4.384467613
          0,           0,        4054,      -2.878740115,     -0.6699093963,     -0.7907453395,       2.514855091,        -0.9698288,       4.364608951
          0,           0,        4055,      -2.865660546,     -0.6574537866,     -0.7943996416,       2.527693506,     -0.9701477602,       4.405711475
          0,           0,        4056,      -2.876986716,     -0.6604751695,     -0.7917324985,        2.51636309,     -0.9705008536,       4.439080641
          0,           0,        4057,      -2.875461701,     -0.6614881407,     -0.7902529936,       2.518126158,     -0.9708270511,       4.462235775
          0,           0,        4058,      -2.864205061,     -0.6882423874,     -0.8021187591,       2.529434034,     -0.9712127108,       4.421228812
          0,           0,        4059,      -2.864475721,     -0.6707418619,     -0.7827003648,       2.529002004,     -0.9715451828,       4.463683861
          0,           0,        4060,      -2.874133833,     -0.6753517307,     -0.7972054425,       2.519010307,     -0.9719371806,       4.400695049
          0,           0,        4061,      -2.863280423,     -0.6768093876,     -0.8139205478,        2.53012337,     -0.9723370677,       4.385852831
          0,           0,        4062,      -2.876658284,     -0.6773961622,     -0.8186210482,       2.516433541,     -0.9727001028,        4.40345796
          0,           0,        4063,      -2.867985687,     -0.6588388625,     -0.8042764663,       2.525583461,     -0.9730819667,         4.3710124
          0,           0,        4064,      -2.869950581,     -0.6367872583,     -0.8016333371,       2.522580593,     -0.9734371003,        4.40011893
          0,           0,        4065,      -2.871469152,     -0.6586376612,     -0.7978741495,       2.521820864,     -0.9737349209,        4.37758402
          0,           0,        4066,      -2.878608534,     -0.6558364956,     -0.8095780672,       2.514637893,     -0.9740725784,       4.380113898
          0,           0,        4067,      -2.877839596,      -0.685331103,     -0.8254173483,        2.51487584,     -0.9744438974,       4.480612573
          0,           0,        4068,      -2.871326308,     -0.6571546121,     -0.8141558201,       2.521089394,      -0.974778449,       4.550840367
          0,           0,        4069,      -2.874083236,     -0.6488806064,     -0.7990198546,       2.519459175,      -0.975112407,       4.462741269
          0,           0,        4070,      -2.873475097,     -0.6591176396,     -0.8040315292,       2.520058227,     -0.9754422403,       4.468507403
          0,           0,        4071,      -2.869150444,     -0.6520190745,     -0.8001953903,       2.524032685,     -0.9757584898,       4.450583964
          0,           0,        4072,      -2.871092952,     -0.6707873922,     -0.7976499776,       2.522120694,     -0.9760496166,       4.427273453
          0,           0,        4073,      -2.860937594,      -0.650552816,     -0.8060715496,       2.532153775,      -0.976402512,        4.45954776
          0,           0,        4074,      -2.869419062,     -0.6711169073,     -0.8051648839,       2.523967169,     -0.9767308263,       4.432681942
          0,           0,        4075,      -2.867560241,     -0.6717801201,      -0.830591654,       2.526424836,     -0.9770566299,       4.424388728
          0,           0,        4076,      -2.864160878,      -0.683051809,     -0.8290538806,       2.528854546,      -0.977382608,       4.522131823
          0,           0,        4077,      -2.863624524,     -0.6662043661,     -0.8197571014,       2.529507432,      -0.977685858,       4.539981378
          0,           0,        4078,      -2.866012016,     -0.6957758257,     -0.8281351166,       2.526943566,     -0.9780151266,       4.424556564
          0,           0,        4079,      -2.874650247,     -0.6578363007,     -0.8093402634,       2.519015944,     -0.9783208325,       4.369238553
          0,           0,        4080,      -2.864710012,     -0.6622507649,     -0.8144407959,       2.528789658,     -0.9786776376,       4.353473569
          0,           0,        4081,      -2.867295522,     -0.6428325778,      -0.798076806,       2.525574398,     -0.9790214031,        4.38537417
          0,           0,        4082,      -2.862765294,     -0.6452546439,     -0.8083187291,       2.529620089,     -0.9793694383,       4.463594529
          0,           0,        4083,      -2.873726058,     -0.6382309798,     -0.7868995589,       2.519243309,     -0.9797176095,       4.385468731
          0,           0,        4084,      -2.867866878,     -0.6574694155,     -0.8324863004,       2.525551228,     -0.9800462866,       4.317044338
          0,           0,        4085,      -2.866807905,     -0.6549588694,     -0.8055972222,       2.526312862,     -0.9803856345,       4.456541581
          0,           0,        4086,      -2.873125905,     -0.6550829675,     -0.8060857054,       2.519613142,     -0.9807345657,       4.478991426
          0,           0,        4087,      -2.869914963,     -0.6479991713,     -0.8005972663,       2.523400897,     -0.9810712316,       4.355816936
          0,           0,        4088,      -2.878819245,      -0.657247327,     -0.8185827907,       2.515078626,     -0.9814333185,       4.440263134
          0,           0,        4089,      -2.880712892,     -0.6501466159,     -0.7944816454,       2.512757142,     -0.9817713605,        4.44432339
          0,           0,        4090,      -2.869715929,     -0.6599361398,     -0.8081661415,       2.524261445,     -0.9821155385,       4.453090148
          0,           0,        4091,      -2.870578395,     -0.6451501264,     -0.7990422405,       2.523069385,     -0.9824672288,       4.463388914
          0,           0,        4092,      -2.884210195,     -0.6444315177,     -0.7674458933,       2.509669456,     -0.9828164685,       4.361326317
          0,           0,        4093,      -2.870369202,     -0.6733216128,     -0.8146571327,       2.524449093,      -0.983143797,       4.381841302
          0,           0,        4094,      -2.878621443,     -0.6715994384,     -0.7897613105,       2.515233343,     -0.9835100128,        4.51949484
          0,           0,        4095,      -2.869721162,     -0.6584671056,      -0.799158596,       2.523847472,        -0.9838584,       4.561220807
          0,           0,        4096,      -2.872777467,     -0.6531745756,     -0.7807617707,       2.520621065,     -0.9842083954,       4.452424539
          0,           0,        4097,      -2.883326824,     -0.6658651269,     -0.7969377259,        2.51077645,     -0.9845238918,       4.447023834
          0,           0,        4098,      -2.874812924,       -0.65731477,     -0.7921762413,       2.518605681,     -0.9848095741,       4.428600722
          0,           0,        4099,      -2.872392134,     -0.6568745937,     -0.8100374894,       2.521153666,     -0.9851220969,       4.408542518
          0,           0,        4100,      -2.863486994,     -0.6659384983,     -0.7979112823,       2.530126088,     -0.9854245028,       4.388387968
          0,           0,        4101,      -2.879589301,     -0.6461379055,     -0.7809969519,       2.513582148,     -0.9857218565,         4.4300528
          0,           0,        4102,      -2.862182776,     -0.6751166955,     -0.8100169954,       2.532155784,     -0.9860569576,       4.415644818
          0,           0,        4103,      -2.868087336,     -0.6648526758,     -0.8007035106,       2.525211604,     -0.9863598719,       4.487500883
          0,           0,        4104,      -2.868526808,     -0.6733456562,     -0.8089590943,       2.524637351,      -0.986671165,       4.446375204
          0,           0,        4105,      -2.866085022,     -0.6677380073,     -0.7954427012,       2.526949225,     -0.9869449284,       4.339727208
          0,           0,        4106,      -2.882402144,     -0.6726169816,     -0.8042774114,       2.511191452,     -0.9872521989,       4.432112044
          0,           0,        4107,      -2.870790291,      -0.654464745,     -0.7828191038,       2.522803558,     -0.9875754962,       4.457153063
          0,           0,        4108,      -2.866601613,     -0.6684822967,     -0.8154187813,       2.526672025,     -0.9879398453,       4.488864283
          0,           0,        4109,      -2.870486266,     -0.6562447031,     -0.7975604304,        2.52312145,     -0.9883101348,        4.47304421
          0,           0,        4110,      -2.883756197,     -0.6582871498,     -0.8110959187,       2.509362358,      -0.988639756,       4.385086186
          0,           0,        4111,      -2.870565233,      -0.683487274,     -0.8333824682,       2.523926256,     -0.9889176881,       4.420112287
          0,           0,        4112,      -2.882078768,     -0.6683056283,     -0.7953958453,       2.510722237,     -0.9892427531,       4.488224399
          0,           0,        4113,       -2.86978195,     -0.6608608861,     -0.8141910377,       2.522899439,     -0.9895185783,       4.468653088
          0,           0,        4114,      -2.876446521,     -0.6629293339,     -0.7959653824,        2.51671366,     -0.9898377449,       4.380185645
          0,           0,        4115,      -2.885645353,     -0.6622525953,     -0.8090870269,       2.507952459,     -0.9901886371,       4.484572569
          0,           0,        4116,      -2.874695553,     -0.6687902569,     -0.8042895884,       2.518732916,      -0.990501013,       4.494539717
          0,           0,        4117,       -2.87174194,     -0.6575730554,     -0.8072013613,       2.521270922,     -0.9908131063,        4.50118498
          0,           0,        4118,      -2.876887932,     -0.6520181296,     -0.7892581818,       2.516352918,     -0.9911322897,       4.417041958
          0,           0,        4119,      -2.884723132,     -0.6629955652,     -0.7985636541,        2.50857103,     -0.9914416135,       4.348161141
          0,           0,        4120,      -2.871130895,     -0.6837891205,     -0.8125087174,       2.522188086,     -0.9917955352,       4.372515057
          0,           0,        4121,      -2.871870479,     -0.6764078924,     -0.7899987563,       2.521192045,     -0.9921591068,       4.467619266
          0,           0,        4122,      -2.873549391,     -0.6754626403,     -0.8106694117,       2.519367575,     -0.9925419639,       4.391062501
          0,           0,        4123,      -2.876234654,     -0.6769527239,     -0.8066301441,       2.516421216,     -0.9928970196,       4.361392772
          0,           0,        4124,      -2.877446451,      -0.675330053,     -0.8221496512,       2.515873736,     -0.9932852414,        4.39954263
          0,           0,        4125,      -2.878495381,     -0.6738315584,     -0.8034604158,        2.51422909,     -0.9936271974,       4.433510053
          0,           0,        4126,      -2.860785214,     -0.6697122195,     -0.8151847945,       2.532338939,       -0.99402073,       4.478824638
          0,           0,        4127,      -2.877399251,      -0.640559526,     -0.7917458939,       2.515649023,     -0.9943544055,       4.375136804
          0,           0,        4128,      -2.884964914,     -0.6671436028,     -0.8132141979,       2.507603308,     -0.9947335545,        4.37603568
          0,           0,        4129,      -2.867946565,       -0.67848391,     -0.8146038614,         2.5253886,     -0.9951171602,       4.426405921
          0,           0,        4130,      -2.877407027,     -0.6512054362,     -0.7852276326,       2.515125209,     -0.9954738429,        4.46684801
          0,           0,        4131,      -2.880136783,     -0.6693056382,      -0.802124959,       2.512304013,     -0.9958189079,       4.350841016
          0,           0,        4132,      -2.878931317,     -0.6530532134,      -0.783953702,       2.513884825,     -0.9961617939,       4.325396795
          0,           0,        4133,      -2.891720233,      -0.672526815,     -0.8111463642,       2.500935946,      -0.996481032,       4.349015458
          0,           0,        4134,      -2.865909842,     -0.6540837453,     -0.7938374605,       2.527913196,      -0.996856563,       4.378066265
          0,           0,        4135,      -2.875415605,     -0.6388240813,     -0.7866554464,         2.5169003,     -0.9971616306,       4.485006998
          0,           0,        4136,       -2.87688283,     -0.6580269912,     -0.7829886952,       2.516801163,     -0.9975093066,       4.423269189
          0,           0,        4137,      -2.870242089,     -0.6681375687,     -0.7998744154,       2.523055434,     -0.9978643272,       4.344340074
          0,           0,        4138,      -2.864178535,     -0.6866391649,     -0.8127034632,       2.528960417,      -0.998279731,       4.436403928
          0,           0,        4139,      -2.864656999,     -0.6681777551,     -0.8133517541,       2.527911768,     -0.9986433645,       4.431278133
          0,           0,        4140,      -2.864629387,     -0.6723567183,     -0.8042084503,       2.528416583,     -0.9990169815,       4.303366736
          0,           0,        4141,      -2.870207291,     -0.6831577742,     -0.8230171617,       2.522742013,     -0.9993943853,       4.366266893
          0,           0,        4142,      -2.869377672,     -0.6927904895,     -0.8314059249,       2.523498731,     -0.9997348637,       4.381013069
          0,           0,        4143,      -2.855210676,     -0.6742078126,     -0.8195546068,       2.538647621,      -1.000093296,       4.447132216
          0,           0,        4144,      -2.865980008,      -0.653183503,     -0.8079203278,       2.527153433,      -1.000430579,       4.501947993
          0,           0,        4145,      -2.865955329,     -0.6589307562,     -0.8059684566,        2.52822481,      -1.000792331,       4.261257836
          0,           0,        4146,      -2.863530751,     -0.6809307861,      -0.845065945,       2.530098401,      -1.001140271,        4.45090692
          0,           0,        4147,      -2.858927245,     -0.6722349302,     -0.8155462306,       2.534087749,      -1.001479957,       4.527049904
          0,           0,        4148,      -2.863823726,     -0.6529472124,     -0.7997200485,       2.529350125,      -1.001822868,       4.475291515
          0,           0,        4149,       -2.86830746,     -0.6555091593,     -0.7839622082,       2.525089046,      -1.002155199,        4.39229295
          0,           0,        4150,      -2.883499164,     -0.6700274728,     -0.8192771744,       2.509305949,      -1.002539565,       4.378830721
          0,           0,        4151,      -2.871246593,     -0.6704493494,     -0.8025034117,       2.522537559,      -1.002875302,       4.368206618
          0,           0,        4152,      -2.872530441,     -0.6558965714,     -0.8171485874,       2.519402434,      -1.003184085,        4.45705176
          0,           0,        4153,      -2.878890191,     -0.6671198093,     -0.7939431901,       2.514976704,      -1.003542196,       4.423829069
          0,           0,        4154,      -2.880670464,     -0.6680975452,      -0.811272857,       2.512729863,      -1.003874675,       4.386293959
          0,           0,        4155,      -2.872160542,     -0.6850976609,     -0.8269233206,       2.521649987,      -1.004217647,       4.440967985
          0,           0,        4156,      -2.865250567,     -0.6603626481,     -0.7957614003,       2.528351531,      -1.004592629,       4.490519305
          0,           0,        4157,      -2.870230447,     -0.6743054245,     -0.8132693008,       2.522430696,      -1.004944485,        4.43042558
          0,           0,        4158,      -2.873117453,     -0.6816058988,     -0.8063217718,       2.521291609,      -1.005278633,       4.313893296
          0,           0,        4159,      -2.878072389,     -0.6630239819,      -0.805261815,        2.51532696,      -1.005575802,       4.380941495
          0,           0,        4160,      -2.880241118,     -0.6737042372,     -0.7890062698,       2.513004831,      -1.005893149,       4.424103763
          0,           0,        4161,       -2.86928498,     -0.6697064464,     -0.8067973331,        2.52378272,      -1.006243014,       4.455422626
          0,           0,        4162,      -2.879739343,     -0.6701858757,     -0.8065874478,       2.513153258,       -1.00656909,       4.399538698
          0,           0,        4163,      -2.880245847,     -0.6820885053,     -0.8070931961,        2.51323682,      -1.006964652,       4.173023242
          0,           0,        4164,      -2.868971832,     -0.7021577537,     -0.8324446211,       2.524390527,      -1.007307855,       4.426986503
          0,           0,        4165,      -2.858732947,     -0.6861652322,     -0.8129237918,       2.534973694,      -1.007663734,        4.49002143
          0,           0,        4166,      -2.872679807,     -0.6813046907,     -0.8195782317,       2.520132098,      -1.007985377,       4.383040244
          0,           0,        4167,      -2.866174965,     -0.6631744032,     -0.8004526742,       2.527877882,      -1.008312726,       4.401509348
          0,           0,        4168,      -2.868070291,      -0.674725636,     -0.8334936953,       2.525643035,      -1.008664706,       4.407537827
          0,           0,        4169,        -2.8655409,     -0.6600821567,      -0.807841932,       2.528165972,      -1.008957657,       4.382807938
          0,           0,        4170,       -2.86202448,     -0.6315323939,     -0.7992512736,       2.531390744,      -1.009237774,       4.454750923
          0,           0,        4171,       -2.87940058,     -0.6516881984,     -0.7825902979,       2.514579313,       -1.00955501,       4.343692982
          0,           0,        4172,      -2.871078145,     -0.6584051868,     -0.7986155303,       2.523373246,       -1.00988933,       4.354198328
          0,           0,        4173,      -2.876535562,      -0.665558197,     -0.7907642907,        2.51671136,      -1.010160102,       4.512218449
          0,           0,        4174,      -2.864408211,     -0.6524705734,     -0.7953807389,       2.529743625,      -1.010472452,       4.535707289
          0,           0,        4175,      -2.879680218,     -0.6452636579,     -0.7813908083,        2.51288239,      -1.010775634,       4.380583352
          0,           0,        4176,      -2.879317918,     -0.6611206549,     -0.7937386448,       2.514229194,       -1.01109837,       4.403305257
          0,           0,        4177,      -2.875034157,     -0.6646817783,     -0.8154154618,        2.51838954,      -1.011362856,       4.391498248
          0,           0,        4178,      -2.866246132,     -0.6749098893,     -0.7895099035,        2.52758379,      -1.011631832,       4.476479948
          0,           0,        4179,      -2.865452171,     -0.6741594042,     -0.8150464692,       2.527291664,      -1.011864087,       4.521505436
          0,           0,        4180,      -2.870217812,     -0.6611220548,     -0.7906801061,       2.522795769,      -1.012135782,       4.381689302
          0,           0,        4181,      -2.870484467,     -0.6964927286,     -0.8416282836,       2.523865691,       -1.01241927,       4.298310122
          0,           0,        4182,       -2.86592904,     -0.6802881257,     -0.8221909156,       2.527266144,      -1.012747341,       4.465456331
          0,           0,        4183,       -2.85697851,     -0.6693688799,     -0.8151107838,       2.536551241,      -1.013005252,       4.454044497
          0,           0,        4184,      -2.872549937,     -0.6892285791,     -0.8104467617,       2.520751859,      -1.013290768,       4.307037259
          0,           0,        4185,      -2.865814163,     -0.6607861836,     -0.8030817412,        2.52837848,      -1.013559679,       4.317869569
          0,           0,        4186,      -2.864192742,     -0.6553879848,     -0.8112538137,       2.529834017,      -1.013781067,       4.422184968
          0,           0,        4187,      -2.855063663,     -0.6540706328,      -0.800535421,       2.538928044,      -1.014068125,       4.499797152
          0,           0,        4188,      -2.858445618,     -0.6282200805,     -0.7837790714,       2.534959369,      -1.014309622,       4.542271972
          0,           0,        4189,      -2.878975469,      -0.647869837,     -0.7778649518,       2.514774177,      -1.014601585,       4.428150048
          0,           0,        4190,      -2.864259017,     -0.6715194596,     -0.8127088724,       2.530085998,      -1.014883659,        4.43676705
          0,           0,        4191,      -2.870521527,     -0.6608558567,     -0.7908864342,       2.522361125,      -1.015134226,        4.50227749
          0,           0,        4192,      -2.865389263,     -0.6706835135,      -0.800799485,       2.528339793,      -1.015359769,       4.452650172
          0,           0,        4193,      -2.875613567,      -0.664801773,     -0.7969345659,       2.517384142,      -1.015642354,       4.252163013
          0,           0,        4194,      -2.889419184,     -0.6837711916,     -0.8107662735,       2.504104429,      -1.015900509,       4.415543305
          0,           0,        4195,       -2.86950247,     -0.6618329509,     -0.7991345397,        2.52406923,      -1.016179215,       4.462345241
          0,           0,        4196,      -2.868917849,     -0.6771649027,     -0.7894976739,       2.524529254,      -1.016446731,        4.52456473
          0,           0,        4197,      -2.871588284,     -0.6572658844,     -0.8000459991,       2.521595175,      -1.016746737,       4.542960429
          0,           0,        4198,      -2.878284158,     -0.6776108457,     -0.7887181225,       2.515066812,      -1.017023673,       4.397018632
          0,           0,        4199,      -2.877254888,     -0.6799792839,       -0.82056199,       2.516493369,      -1.017271528,       4.412523339
          0,           0,        4200,       -2.87251871,     -0.6873049716,     -0.8128197611,       2.520399601,      -1.017576264,       4.491958934
          0,           0,        4201,      -2.866293639,     -0.6654008109,     -0.8009301615,        2.52647773,      -1.017884786,       4.437812191
          0,           0,        4202,      -2.884907498,     -0.6716093171,     -0.7975830354,       2.507302503,      -1.018198502,       4.298533476
          0,           0,        4203,      -2.879082798,     -0.6754681096,     -0.8223256963,       2.514262952,      -1.018522845,       4.325918351
          0,           0,        4204,      -2.882203267,     -0.6949936283,     -0.8289565956,       2.510361831,      -1.018815915,       4.380304017
          0,           0,        4205,      -2.861920825,     -0.6727752364,     -0.8309799477,        2.53148324,      -1.019058361,       4.403588256
          0,           0,        4206,      -2.880238761,     -0.6605508938,     -0.8092764828,       2.512121163,      -1.019336381,       4.330301194
          0,           0,        4207,      -2.876607107,     -0.6656666954,     -0.8111884295,        2.51710094,      -1.019623498,       4.273444781
          0,           0,        4208,      -2.873425921,     -0.6781923736,     -0.8442192271,       2.519828476,      -1.019922965,       4.401500161
          0,           0,        4209,      -2.863736668,     -0.6725160211,     -0.8109833989,       2.529532344,      -1.020207601,       4.480206501
          0,           0,        4210,      -2.874700019,     -0.6668276976,     -0.8063025645,       2.517686554,      -1.020508057,       4.415197063
          0,           0,        4211,      -2.871996811,     -0.6739225185,     -0.8031219395,       2.521252632,      -1.020793455,       4.232265038
          0,           0,        4212,      -2.874972329,     -0.6755174479,     -0.8147843426,       2.518449647,      -1.021064153,       4.394995835
          0,           0,        4213,      -2.874377724,     -0.6702832866,     -0.7966502486,       2.518765782,      -1.021384174,       4.487764631
          0,           0,        4214,      -2.865267193,     -0.6628366422,     -0.8031616593,       2.528121864,      -1.021660995,       4.515411804
          0,           0,        4215,      -2.878424437,     -0.6563746055,     -0.7817887058,       2.514791562,      -1.021983881,       4.431736321
          0,           0,        4216,      -2.875959208,     -0.6574594118,     -0.7732728983,       2.517726262,      -1.022253068,       4.322701341
          0,           0,        4217,      -2.874268784,     -0.6845436494,     -0.8138267037,       2.519108988,      -1.022565519,        4.40979556
          0,           0,        4218,       -2.86929516,     -0.6836539323,     -0.8000443812,       2.523715198,      -1.022820682,       4.460801529
          0,           0,        4219,      -2.876023451,     -0.6762023675,     -0.8149009042,       2.516303123,       -1.02313253,       4.429285922
          0,           0,        4220,      -2.871273451,     -0.6784037958,     -0.8110867476,       2.522131865,      -1.023472796,       4.300576783
          0,           0,        4221,      -2.874157288,     -0.6831109383,      -0.829845457,       2.518352506,      -1.023765952,       4.361636878
          0,           0,        4222,      -2.864306332,     -0.6697495507,     -0.8072944998,       2.529222378,      -1.024059202,       4.402559082
          0,           0,        4223,       -2.87107126,     -0.6534825179,     -0.8064402962,       2.521823921,       -1.02429538,       4.424632196
          0,           0,        4224,      -2.879209507,     -0.6617311255,       -0.79416616,       2.514487112,      -1.024560879,        4.33081487
          0,           0,        4225,      -2.876540308,     -0.6719287619,     -0.8193558414,       2.517129185,       -1.02483519,       4.422001142
          0,           0,        4226,      -2.877082742,     -0.6814611574,     -0.8220007895,       2.516191181,      -1.025094129,       4.478993156
          0,           0,        4227,      -2.864213738,     -0.6627830946,     -0.8113647725,       2.529786854,      -1.025340266,        4.50764067
          0,           0,        4228,      -2.882705159,      -0.666131332,     -0.8054722631,       2.510702265,      -1.025575758,       4.376019149
          0,           0,        4229,       -2.87263168,     -0.6724857047,     -0.8063692072,       2.521184513,      -1.025841129,       4.310999379
          0,           0,        4230,      -2.872291159,     -0.6607310521,     -0.8244071054,       2.521126183,      -1.026047192,       4.360039945
          0,           0,        4231,      -2.862502492,     -0.6779790743,     -0.8131288923,       2.531474755,       -1.02626373,       4.440879018
          0,           0,        4232,      -2.866246602,     -0.6463496019,     -0.8049022241,       2.526862515,      -1.026463137,       4.441567497
          0,           0,        4233,      -2.880428932,       -0.66035343,     -0.8021205366,       2.513458633,      -1.026702568,       4.364607056
          0,           0,        4234,       -2.86543947,     -0.6749490957,     -0.8349733883,       2.528933678,      -1.026943216,       4.354169449
          0,           0,        4235,      -2.865462722,     -0.6736710187,      -0.824971704,       2.527873092,      -1.027186637,       4.485750454
          0,           0,        4236,      -2.854434405,      -0.664036964,      -0.801524122,       2.539958118,      -1.027398495,       4.470334673
          0,           0,        4237,      -2.874312697,     -0.6827680965,      -0.817340526,       2.518735261,      -1.027572557,       4.345358471
          0,           0,        4238,      -2.868245571,     -0.6650927104,      -0.812351372,       2.526245841,      -1.027756281,       4.412962078
          0,           0,        4239,      -2.865326569,     -0.6693937248,     -0.8262601956,       2.528407275,      -1.027992322,       4.529809932
          0,           0,        4240,       -2.85984293,     -0.6584213366,     -0.8090156809,        2.53415342,      -1.028245796,       4.547970104
          0,           0,        4241,      -2.866273777,     -0.6422394446,     -0.8136509332,       2.526687662,      -1.028493748,       4.485449882
          0,           0,        4242,      -2.878516253,     -0.6677431603,     -0.8039089802,       2.514983557,      -1.028704204,       4.351753903
          0,           0,        4243,       -2.86724475,     -0.6747058395,      -0.829462522,       2.526832234,      -1.028964619,        4.39096794
          0,           0,        4244,      -2.866459144,     -0.6686040858,     -0.8106387793,       2.526453946,      -1.029192231,       4.470726539
          0,           0,        4245,      -2.866491757,     -0.6666345934,     -0.8027645821,       2.526745431,      -1.029396189,       4.500919623
          0,           0,        4246,      -2.876111237,     -0.6751581486,     -0.8046480235,        2.51766072,      -1.029587582,       4.405125411
          0,           0,        4247,      -2.878074889,     -0.6793142489,      -0.819230556,       2.516333822,      -1.029775788,       4.506277004
          0,           0,        4248,      -2.871401924,     -0.6695815508,      -0.820760711,       2.522052204,      -1.029978821,       4.549417037
          0,           0,        4249,      -2.868696306,     -0.6670812992,     -0.7983147044,       2.525267714,      -1.030142791,       4.562093783
          0,           0,        4250,      -2.873732706,     -0.6495176681,     -0.8069003752,       2.519610861,      -1.030326553,       4.483631516
          0,           0,        4251,      -2.884723429,     -0.6713564459,     -0.8094543631,       2.508887266,      -1.030466814,       4.341465078
          0,           0,        4252,      -2.877305971,     -0.6709390051,     -0.8401409603,       2.516411734,      -1.030686892,       4.403891459
          0,           0,        4253,      -2.869015222,     -0.6856864197,     -0.8384435358,       2.524492706,      -1.030888166,       4.503257956
          0,           0,        4254,      -2.868902732,     -0.6500356025,     -0.7947543957,       2.524113396,       -1.03109667,       4.484965255
          0,           0,        4255,      -2.877323148,     -0.6862239217,     -0.8145978981,       2.515516325,      -1.031269381,       4.324621528
          0,           0,        4256,      -2.872837193,     -0.6687282574,     -0.8078361409,       2.521407129,      -1.031409751,       4.349404978
          0,           0,        4257,      -2.871337419,     -0.6726315272,     -0.8210897913,        2.52206901,      -1.031544943,       4.415508962
          0,           0,        4258,      -2.867279885,     -0.6580098827,     -0.8083092697,       2.526289385,      -1.031694928,       4.429296921
          0,           0,        4259,      -2.871159013,      -0.654471208,     -0.8028799459,       2.521849328,      -1.031800119,       4.345856928
          0,           0,        4260,      -2.881875687,     -0.6632431569,     -0.7926400198,       2.512095369,      -1.032027107,       4.331791421
          0,           0,        4261,      -2.873981792,     -0.6731067303,      -0.825231109,       2.519774488,      -1.032182843,       4.406352157
          0,           0,        4262,      -2.867893694,     -0.6697300311,     -0.8060069002,       2.525463655,      -1.032379975,       4.463138957
          0,           0,        4263,      -2.875521619,      -0.664172405,     -0.8062220146,       2.517285149,      -1.032539716,        4.42473839
          0,           0,        4264,      -2.876842779,     -0.6781446538,     -0.8087289258,       2.516189541,      -1.032681089,       4.311111382
          0,           0,        4265,      -2.876793254,     -0.6804372283,     -0.8254637672,       2.516845396,      -1.032851098,       4.475598939
          0,           0,        4266,       -2.86891984,      -0.671516769,     -0.8183934047,       2.523961404,      -1.033038178,        4.53657756
          0,           0,        4267,      -2.862519778,     -0.6752472179,     -0.8216486006,       2.530967198,       -1.03319765,       4.499962597
          0,           0,        4268,      -2.874903677,     -0.6620880558,      -0.812550431,       2.517963661,      -1.033345659,       4.458179906
          0,           0,        4269,      -2.879074386,     -0.6704832057,     -0.8047536142,       2.514524699,      -1.033487005,       4.362121434
          0,           0,        4270,      -2.873057239,     -0.6875465649,     -0.8341794124,       2.520636051,      -1.033665127,       4.394803034
          0,           0,        4271,      -2.874107006,     -0.6818379611,     -0.8141902572,       2.518413279,       -1.03379434,       4.455168951
          0,           0,        4272,      -2.876509485,      -0.664242798,     -0.8192624034,       2.516307894,      -1.033986757,       4.413209666
          0,           0,        4273,      -2.880076346,     -0.6657119292,     -0.8124236478,       2.513144525,      -1.034159954,       4.334021766
          0,           0,        4274,      -2.881102299,     -0.6557384607,     -0.8115448678,       2.511766223,      -1.034275538,       4.430928392
          0,           0,        4275,      -2.879003465,     -0.6770364017,     -0.8051090041,       2.514280549,      -1.034473772,       4.481772777
          0,           0,        4276,      -2.870314331,      -0.658828178,     -0.8069176536,       2.523024605,      -1.034647871,       4.451345638
          0,           0,        4277,      -2.891302982,     -0.6688625776,     -0.7984040333,       2.500808027,      -1.034738348,       4.424599585
          0,           0,        4278,      -2.877435406,     -0.6590309807,     -0.8010596622,       2.516337415,      -1.034892311,       4.481827449
          0,           0,        4279,      -2.879559072,     -0.6768734086,     -0.8090628232,       2.513857076,      -1.035057385,        4.44895473
          0,           0,        4280,      -2.874767139,     -0.6595831333,     -0.7790520299,       2.518513055,      -1.035261149,       4.441611973
          0,           0,        4281,      -2.879199574,     -0.6650142214,     -0.8099257289,       2.513153989,      -1.035434443,       4.361447482
          0,           0,        4282,       -2.87085147,     -0.6816685242,     -0.8193363794,       2.522496493,      -1.035566017,       4.270639335
          0,           0,        4283,      -2.879282184,     -0.6799416633,     -0.8279251905,       2.513714309,      -1.035737058,       4.390297218
          0,           0,        4284,      -2.868417692,     -0.6824380174,      -0.815365151,       2.524814394,      -1.035860948,       4.420760335
          0,           0,        4285,      -2.870478593,     -0.6652524936,     -0.8251591802,       2.522749104,        -1.0359638,       4.352032093
          0,           0,        4286,      -2.876706635,     -0.6758426828,     -0.8115838937,       2.517009484,      -1.036056057,       4.327256055
          0,           0,        4287,      -2.875873323,      -0.679144385,     -0.8176440371,       2.517881573,      -1.036189941,       4.382504455
          0,           0,        4288,      -2.863730679,     -0.6905253979,     -0.8250036876,       2.530151073,       -1.03639259,       4.411260792
          0,           0,        4289,      -2.861281637,     -0.6572902249,     -0.7804068517,       2.532716378,      -1.036522519,        4.43639071
          0,           0,        4290,      -2.873459463,     -0.6598334721,     -0.7955632789,       2.519842912,      -1.036627524,       4.312441582
          0,           0,        4291,      -2.869420753,      -0.654321775,     -0.7818788505,       2.525218707,      -1.036780347,       4.345735686
          0,           0,        4292,      -2.870280893,     -0.6707908099,     -0.8150296634,       2.523428595,      -1.036915017,       4.459787972
          0,           0,        4293,      -2.866185884,      -0.647480806,     -0.7851452994,       2.528034012,      -1.037059193,       4.459020386
          0,           0,        4294,      -2.874731941,     -0.6288997562,      -0.788434951,       2.518728546,      -1.037185851,       4.378767167
          0,           0,        4295,      -2.877799085,     -0.6448513811,     -0.7845585033,       2.516822372,      -1.037299992,       4.274972587
          0,           0,        4296,      -2.870565082,     -0.6449519475,     -0.8169113878,       2.524103616,      -1.037421814,       4.345287073
          0,           0,        4297,      -2.874088041,     -0.6555350829,     -0.8071829695,       2.519779199,      -1.037549988,       4.439788505
          0,           0,        4298,      -2.863256851,     -0.6490370459,     -0.8019171249,       2.530781845,      -1.037629107,       4.467810358
          0,           0,        4299,      -2.875605069,     -0.6475016498,     -0.8117675249,       2.518247048,      -1.037776025,       4.271638722
          0,           0,        4300,      -2.871797835,     -0.6713910768,     -0.8097651156,       2.522707871,      -1.037978216,       4.373963061
          0,           0,        4301,       -2.86545953,     -0.6611173667,     -0.8080394651,       2.528401127,      -1.038076766,       4.437091124
          0,           0,        4302,      -2.866831193,     -0.6485441376,      -0.781867619,       2.526984533,      -1.038145338,       4.479807965
          0,           0,        4303,      -2.858804652,     -0.6392298782,     -0.7932857357,       2.535382545,      -1.038334463,        4.46974936
          0,           0,        4304,      -2.873974719,     -0.6508761593,     -0.7845235856,       2.519953544,      -1.038442727,       4.370252555
          0,           0,        4305,       -2.86917333,     -0.6620519761,     -0.8177146812,       2.525662155,      -1.038717215,        4.42415886
          0,           0,        4306,      -2.869941254,     -0.6753481306,     -0.8064939475,       2.523526743,      -1.038886189,       4.497212543
          0,           0,        4307,      -2.869757711,     -0.6396201484,     -0.7892811717,       2.523951846,        -1.0390295,       4.473718439
          0,           0,        4308,      -2.873369788,     -0.6834896524,     -0.8181859151,       2.520302375,      -1.039271483,       4.325631024
          0,           0,        4309,      -2.871919875,     -0.6641363601,     -0.8085298075,       2.522606188,      -1.039461106,        4.37510001
          0,           0,        4310,      -2.862632759,     -0.6752451232,     -0.8353566544,       2.531628809,      -1.039629978,       4.438786544
          0,           0,        4311,      -2.870162852,     -0.6464055833,     -0.8011731993,       2.523133719,      -1.039898619,         4.4124146
          0,           0,        4312,      -2.865093472,     -0.6572063863,     -0.8071749467,       2.528599668,      -1.040069349,       4.400590928
          0,           0,        4313,      -2.877922208,     -0.6521572228,     -0.7999124127,       2.515571555,       -1.04027617,       4.327688753
          0,           0,        4314,      -2.861317218,      -0.677413089,     -0.8466187605,       2.532680782,      -1.040477301,       4.402787215
          0,           0,        4315,      -2.863172045,     -0.6619921404,     -0.8189344791,       2.529582883,      -1.040655708,       4.496138581
          0,           0,        4316,      -2.868058012,      -0.658030429,     -0.8145867159,       2.524800395,      -1.040861231,       4.509817718
          0,           0,        4317,      -2.867974034,     -0.6641881553,     -0.8153590221,       2.524756735,      -1.041012495,       4.485623522
          0,           0,        4318,      -2.874423389,     -0.6721579954,     -0.8203216889,       2.519275159,      -1.041232002,       4.541788757
          0,           0,        4319,      -2.871569979,     -0.6496932003,     -0.7930331989,        2.52150405,      -1.041400921,       4.512565168
          0,           0,        4320,      -2.873902128,     -0.6669584581,     -0.8104941868,       2.519402566,      -1.041532604,       4.440151845
          0,           0,        4321,      -2.870149924,     -0.6487263342,     -0.8110260694,       2.523505728,      -1.041707583,       4.465873872
          0,           0,        4322,      -2.889677588,     -0.6470572287,     -0.7773928958,       2.503815398,      -1.041841409,       4.451767058
          0,           0,        4323,      -2.869067413,     -0.6775828752,     -0.8339427197,        2.52583353,       -1.04198296,       4.451956796
          0,           0,        4324,      -2.882536865,     -0.6688265584,     -0.7981242594,       2.510593887,      -1.042132906,       4.521190534
          0,           0,        4325,      -2.878581261,     -0.6719108319,     -0.8284385175,        2.51437225,      -1.042247365,       4.483684752
          0,           0,        4326,      -2.874792718,     -0.6641424525,     -0.8044748914,       2.518024109,      -1.042337028,       4.384926257
          0,           0,        4327,        -2.8784264,     -0.6892417834,     -0.8173561497,       2.515259553,      -1.042419421,       4.469826233
          0,           0,        4328,      -2.869603988,     -0.6762137342,     -0.8079199038,       2.524083681,      -1.042541687,       4.446444454
          0,           0,        4329,      -2.873377947,     -0.6708674125,     -0.8208849776,       2.519705786,      -1.042667172,       4.363199207
          0,           0,        4330,      -2.870434806,     -0.6806301854,      -0.828957118,       2.522815907,      -1.042781204,       4.387543917
          0,           0,        4331,      -2.882660586,     -0.6616281528,     -0.7937294356,        2.51075492,       -1.04290421,       4.383977901
          0,           0,        4332,      -2.869345113,     -0.7025907721,      -0.846589668,       2.524842205,      -1.043007035,       4.388893731
          0,           0,        4333,      -2.870888374,      -0.668853388,     -0.8122125447,       2.522319223,      -1.043113285,       4.458034769
          0,           0,        4334,      -2.874324108,     -0.6778216589,     -0.8355070354,       2.518875297,      -1.043214363,       4.423737849
          0,           0,        4335,      -2.869787698,     -0.6662815974,     -0.8048843655,       2.523329083,      -1.043349454,       4.303081916
          0,           0,        4336,      -2.873878635,      -0.668134688,      -0.823323853,       2.520014387,      -1.043448254,       4.405644951
          0,           0,        4337,      -2.877176872,     -0.6406458783,     -0.7858013863,       2.516107067,      -1.043553271,       4.388386441
          0,           0,        4338,      -2.878357495,      -0.658672237,      -0.800100316,       2.515316692,      -1.043623932,       4.392388289
          0,           0,        4339,      -2.881515643,     -0.6459902704,     -0.7885016298,       2.511882704,      -1.043727346,       4.383716157
          0,           0,        4340,      -2.887737126,     -0.6589276174,     -0.7832533914,       2.506098234,      -1.043854732,       4.427287298
          0,           0,        4341,      -2.867191054,     -0.6614318471,     -0.7886124529,       2.527712291,      -1.043982481,       4.439143513
          0,           0,        4342,      -2.885554214,     -0.6589300361,     -0.7770075519,       2.507272262,      -1.044120416,       4.520216059
          0,           0,        4343,       -2.86908763,     -0.6686633034,     -0.8086243784,       2.524832925,      -1.044255109,       4.445587182
          0,           0,        4344,      -2.875672513,     -0.6714024712,     -0.8011944387,       2.517798785,      -1.044403855,       4.409610176
          0,           0,        4345,      -2.869716366,      -0.666972819,     -0.8013689116,       2.524910453,      -1.044511238,       4.450801948
          0,           0,        4346,      -2.876824219,     -0.6619908824,     -0.8023006452,       2.517279453,      -1.044690747,        4.35392835
          0,           0,        4347,      -2.872098555,     -0.6552342025,     -0.8092610727,       2.522460274,      -1.044825319,       4.391420227
          0,           0,        4348,      -2.873955013,     -0.6466793355,     -0.8080831913,       2.520060072,      -1.045014719,       4.355759631
          0,           0,        4349,      -2.875160807,     -0.6471731107,     -0.8004825489,       2.518713352,      -1.045205435,       4.386478316
          0,           0,        4350,      -2.866093358,     -0.6567805713,     -0.8063796032,       2.528347236,      -1.045361924,       4.364391363
          0,           0,        4351,      -2.872347045,     -0.6457048753,     -0.7861464791,       2.521412567,      -1.045440716,       4.394619417
          0,           0,        4352,      -2.869231953,     -0.6375357911,     -0.7882211304,       2.524737035,      -1.045585496,       4.343748348
          0,           0,        4353,      -2.873914198,     -0.6579937049,     -0.7957833486,       2.519690647,       -1.04570129,       4.403797161
          0,           0,        4354,      -2.870204093,     -0.6595240366,     -0.8124541325,        2.52395243,      -1.045832913,       4.476614759
          0,           0,        4355,      -2.879131666,     -0.6414936634,     -0.7804274354,       2.514661063,      -1.046002146,       4.420888909
          0,           0,        4356,        -2.8717856,     -0.6549393056,     -0.8064047299,       2.522455167,      -1.046158626,       4.442777915
          0,           0,        4357,        -2.8754892,     -0.6454705908,     -0.7924717862,       2.518370766,      -1.046383326,       4.375019563
          0,           0,        4358,      -2.880461344,     -0.6705911107,     -0.8160829367,       2.512933594,      -1.046550346,       4.406718644
          0,           0,        4359,      -2.865591583,     -0.6714453082,     -0.8199686343,       2.528638536,      -1.046741143,       4.398809533
          0,           0,        4360,      -2.879201073,     -0.6724963245,     -0.8089636752,       2.514063459,       -1.04697854,       4.424563696
          0,           0,        4361,      -2.869652283,     -0.6658207013,     -0.8291679671,       2.523792979,      -1.047212346,       4.374809288
          0,           0,        4362,      -2.874582474,     -0.6673869539,     -0.8240420224,       2.518860349,      -1.047458849,       4.378966288
          0,           0,        4363,      -2.876929665,     -0.6590247475,     -0.8144271797,       2.516755828,      -1.047698887,       4.407846614
          0,           0,        4364,      -2.878489979,     -0.6448996235,     -0.8078731363,        2.51483204,      -1.047885631,        4.39871617
          0,           0,        4365,      -2.877425719,     -0.6511512276,      -0.816586689,       2.515861334,      -1.048064345,       4.482094551
          0,           0,        4366,      -2.883358723,     -0.6352182348,     -0.7941011106,       2.509562987,      -1.048254747,       4.480518148
          0,           0,        4367,      -2.882796831,     -0.6595011627,     -0.8077260803,       2.510438532,      -1.048476386,       4.471958674
          0,           0,        4368,      -2.873348204,     -0.6548649542,     -0.8093868697,       2.520250521,      -1.048655418,        4.48008871
          0,           0,        4369,      -2.872625242,      -0.667412653,     -0.7917321295,       2.521013166,      -1.048882168,        4.49312981
          0,           0,        4370,      -2.870138889,     -0.6660367045,     -0.8082641597,       2.523022337,      -1.049083814,       4.412509163
          0,           0,        4371,      -2.870687112,      -0.684598036,     -0.8199243247,       2.522584337,      -1.049250598,       4.425835382
          0,           0,        4372,      -2.871938083,     -0.6840797006,     -0.8209272839,       2.521924226,      -1.049438048,       4.417476623
          0,           0,        4373,      -2.872297043,      -0.686791264,     -0.8176129169,       2.521371175,      -1.049670396,       4.416472736
          0,           0,        4374,      -2.867609986,     -0.6788221843,     -0.8348393855,       2.526332864,      -1.049860202,       4.454539676
          0,           0,        4375,      -2.874636485,     -0.6496265526,     -0.8164533578,        2.51879236,      -1.050063576,       4.390533688
          0,           0,        4376,      -2.879083694,     -0.6579722707,     -0.8259988684,       2.514571114,      -1.050275793,       4.397466093
          0,           0,        4377,      -2.871372705,     -0.6797148774,     -0.8361520127,       2.522286637,      -1.050457457,       4.411423832
          0,           0,        4378,      -2.865875724,     -0.6602486777,     -0.8069726229,       2.527688272,      -1.050648681,       4.411111769
          0,           0,        4379,        -2.8804911,     -0.6696781987,     -0.8338293318,       2.512287178,      -1.050807818,       4.309443991
          0,           0,        4380,      -2.874633956,     -0.6563927514,     -0.8124809693,       2.518866954,       -1.05102105,       4.314397106
          0,           0,        4381,      -2.885949328,     -0.6648170495,     -0.8345540662,       2.506724512,      -1.051204958,       4.343417243
          0,           0,        4382,      -2.873592871,     -0.6717483725,      -0.816209698,       2.520583659,      -1.051434125,       4.365998792
          0,           0,        4383,      -2.876276365,     -0.6462685274,     -0.7992428591,       2.516992242,      -1.051669471,       4.449583348
          0,           0,        4384,      -2.880287787,     -0.6757888842,     -0.8058717191,       2.513989791,       -1.05188968,       4.386015503
          0,           0,        4385,      -2.875779392,     -0.6717863562,     -0.8141386237,        2.51880812,      -1.052055077,       4.431456144
          0,           0,        4386,      -2.876368845,     -0.6880577181,     -0.8169168591,       2.517585614,      -1.052271935,       4.487082399
          0,           0,        4387,        -2.8645633,     -0.6785462671,     -0.8177084423,       2.529423374,      -1.052460403,       4.479200247
          0,           0,        4388,      -2.877922324,     -0.6845940787,     -0.8159322014,       2.515378498,      -1.052663218,       4.360271425
          0,           0,        4389,      -2.868838017,     -0.6835859252,      -0.815652246,       2.525714387,      -1.052829327,       4.406853296
          0,           0,        4390,      -2.868378077,     -0.6640728897,     -0.8125303532,       2.525698643,      -1.053005401,       4.336505559
          0,           0,        4391,       -2.86109579,     -0.6642857543,      -0.797463631,       2.533732643,      -1.053163968,       4.456152477
          0,           0,        4392,      -2.874268111,     -0.6469756708,     -0.7942504213,       2.520100103,      -1.053382747,       4.523780041
          0,           0,        4393,      -2.870586122,     -0.6551110585,      -0.771912408,       2.524575495,      -1.053591714,       4.391452533
          0,           0,        4394,      -2.875494826,     -0.6635642462,     -0.7968595136,       2.518744339,      -1.053779808,        4.44683951
          0,           0,        4395,      -2.870328973,     -0.6657324435,     -0.7925901512,       2.523209233,      -1.053972808,       4.460665928
          0,           0,        4396,      -2.868035112,     -0.6539297115,     -0.7844205176,       2.525380953,      -1.054157586,       4.375942568
          0,           0,        4397,      -2.872301992,     -0.6622788893,     -0.7953375392,       2.521246544,      -1.054309744,       4.374482026
          0,           0,        4398,      -2.868811103,     -0.6553967385,     -0.8171944229,       2.524609955,      -1.054561671,       4.459538896
          0,           0,        4399,      -2.874058893,     -0.6756170384,     -0.7996680571,       2.519625769,       -1.05475087,       4.405164584
          0,           0,        4400,      -2.869086565,     -0.6569568501,     -0.8100856714,       2.524371187,      -1.055021546,       4.475790307
          0,           0,        4401,      -2.879325249,     -0.6616287717,     -0.7915163666,       2.514386298,      -1.055263258,       4.439389682
          0,           0,        4402,      -2.880601777,      -0.668363507,     -0.8121865871,       2.513261572,      -1.055470103,       4.394399033
          0,           0,        4403,      -2.874542448,     -0.6689467792,     -0.8202979178,       2.518838395,      -1.055710574,       4.423503148
          0,           0,        4404,      -2.869356539,     -0.6588484459,     -0.8083439773,       2.524145446,      -1.055888803,       4.492918563
          0,           0,        4405,      -2.871243229,      -0.672198926,     -0.8336635269,       2.522410297,      -1.056138513,       4.435849739
          0,           0,        4406,      -2.870899768,     -0.6818396333,     -0.8210040858,       2.522791675,      -1.056319069,       4.493352696
          0,           0,        4407,      -2.870223293,     -0.6607813825,     -0.8196322965,       2.523519978,      -1.056531222,       4.513660279
          0,           0,        4408,      -2.873992371,     -0.6673940869,     -0.8087395911,       2.519709084,        -1.0567117,       4.488541069
          0,           0,        4409,      -2.867355826,     -0.6599573074,     -0.8141239688,       2.526543625,      -1.056910417,       4.472400717
          0,           0,        4410,      -2.868829136,     -0.6659542091,     -0.8185858217,       2.525290609,      -1.057119461,       4.363846587
          0,           0,        4411,      -2.873746385,      -0.669118786,     -0.8234174442,        2.52042014,      -1.057322797,       4.413232214
          0,           0,        4412,      -2.866756117,     -0.6645172129,     -0.8238107585,       2.527264343,      -1.057526321,       4.471839061
          0,           0,        4413,      -2.861129555,     -0.6614185567,     -0.8008421473,        2.53277427,      -1.057693044,       4.505943465
          0,           0,        4414,      -2.875600158,     -0.6719499017,     -0.8182820182,       2.517638689,      -1.057875581,       4.460060418
          0,           0,        4415,      -2.868527239,     -0.6781599933,     -0.8110026167,       2.525704798,      -1.058020928,       4.433127317
          0,           0,        4416,      -2.878249278,     -0.6836737381,     -0.8365808671,       2.515078954,      -1.058170256,       4.377452801
          0,           0,        4417,      -2.872281295,     -0.6924346473,     -0.8278345621,       2.521468081,      -1.058323806,       4.366145137
          0,           0,        4418,      -2.870560971,     -0.6564021294,     -0.8258585235,       2.522773997,      -1.058550756,       4.407391314
          0,           0,        4419,      -2.872340228,      -0.684521427,     -0.8187191107,       2.521285632,      -1.058776723,       4.287242488
          0,           0,        4420,      -2.867813712,     -0.6702808054,     -0.8310193153,       2.526625983,      -1.059017812,       4.307294362
          0,           0,        4421,      -2.872863031,      -0.673237406,     -0.8298834839,       2.520319964,      -1.059269172,       4.436616311
          0,           0,        4422,      -2.858617811,     -0.6619713344,     -0.8161327575,       2.535116762,      -1.059466512,        4.45498647
          0,           0,        4423,      -2.865803656,     -0.6560059816,     -0.8284367269,       2.527580886,      -1.059664731,       4.326924716
          0,           0,        4424,      -2.874828534,     -0.6592524583,     -0.8161716113,       2.519294457,      -1.059881595,       4.408262657
          0,           0,        4425,      -2.876236876,     -0.6486559423,     -0.8187696017,       2.517212184,      -1.060113157,       4.399865431
          0,           0,        4426,      -2.868756702,     -0.6431044083,     -0.8001329953,       2.524907396,      -1.060356054,         4.4673544
          0,           0,        4427,      -2.871683429,     -0.6267670419,     -0.8027326984,       2.521136575,      -1.060606413,       4.500202388
          0,           0,        4428,      -2.879347161,     -0.6545207685,     -0.7887558062,       2.514399417,      -1.060824317,       4.315978382
          0,           0,        4429,      -2.874373892,     -0.6674305899,     -0.8149113471,       2.520107623,      -1.061061644,       4.345341956
          0,           0,        4430,      -2.883802009,     -0.6770287407,     -0.8084662406,       2.509498774,      -1.061285461,       4.466802351
          0,           0,        4431,      -2.865952042,     -0.6684684741,     -0.7988053482,       2.528160602,      -1.061520983,       4.502870562
          0,           0,        4432,      -2.874868362,      -0.669869252,     -0.7957565118,       2.518483478,      -1.061764367,       4.439750335
          0,           0,        4433,      -2.872848338,     -0.6817747553,     -0.7981904074,       2.521220045,       -1.06205344,       4.442979851
          0,           0,        4434,      -2.868330451,     -0.6804220668,     -0.8125015314,       2.525207392,      -1.062304339,       4.362514401
          0,           0,        4435,      -2.863441466,     -0.6913015227,     -0.8061822859,       2.530424949,      -1.062581077,       4.438558907
          0,           0,        4436,      -2.862190641,     -0.6676644858,     -0.8173386871,       2.531644164,      -1.062818227,       4.454766684
          0,           0,        4437,       -2.87138421,     -0.6760390683,     -0.8082457136,       2.521717525,       -1.06305303,       4.349219735
          0,           0,        4438,      -2.866636016,     -0.6798756756,     -0.8420990977,       2.527669592,      -1.063331163,       4.348810168
          0,           0,        4439,      -2.864249375,     -0.6790881801,     -0.8310778626,       2.529439178,      -1.063568335,       4.432229374
          0,           0,        4440,      -2.865745812,     -0.6587901933,     -0.8205175551,       2.527392626,        -1.0638041,       4.439562403
          0,           0,        4441,      -2.873896025,     -0.6560456706,     -0.8088085849,       2.519527527,       -1.06402979,       4.334699423
          0,           0,        4442,      -2.879572397,     -0.6555712633,     -0.8082615149,       2.514707991,      -1.064296538,       4.348641156
          0,           0,        4443,      -2.876556295,     -0.6565608672,     -0.8229780119,       2.517731478,      -1.064497812,       4.416273158
          0,           0,        4444,      -2.871961212,     -0.6552567074,     -0.7971766447,       2.521167191,      -1.064748305,       4.483802464
          0,           0,        4445,      -2.865339553,     -0.6504318726,     -0.8090130781,       2.528539627,       -1.06500928,       4.503998775
          0,           0,        4446,      -2.878388212,     -0.6529274981,     -0.7874364728,       2.515096122,      -1.065234677,       4.409131936
          0,           0,        4447,      -2.876922733,     -0.6675933386,     -0.8344154453,       2.517476984,      -1.065427132,       4.384288577
          0,           0,        4448,      -2.866737919,     -0.6770311526,     -0.8229534264,        2.52625683,      -1.065620442,       4.471498412
          0,           0,        4449,      -2.859697646,     -0.6695381763,     -0.8247832678,       2.534136167,      -1.065789875,        4.45608318
          0,           0,        4450,      -2.866838175,     -0.6720131418,     -0.8180111692,        2.52653529,       -1.06598475,       4.338669359
          0,           0,        4451,      -2.875857984,     -0.6771888712,     -0.8290639467,       2.518279093,      -1.066149966,       4.346054433
          0,           0,        4452,      -2.866266641,     -0.6744339823,     -0.8272006927,        2.52776009,       -1.06634889,        4.43295573
          0,           0,        4453,      -2.867851015,     -0.6613905955,     -0.8227590983,       2.525800366,      -1.066530594,       4.475059696
          0,           0,        4454,      -2.871333119,     -0.6531551128,     -0.8031897388,       2.522547531,      -1.066692609,       4.457242476
          0,           0,        4455,      -2.878030209,     -0.6537195831,       -0.78272687,       2.516121065,      -1.066839981,       4.373679685
          0,           0,        4456,      -2.867884311,     -0.6733733642,     -0.8243273663,       2.526521453,      -1.066919677,       4.437021523
          0,           0,        4457,      -2.867077748,     -0.6655042509,     -0.7816375472,       2.527396561,      -1.067054245,       4.497744656
          0,           0,        4458,      -2.876119855,     -0.6727028971,     -0.8197485413,       2.516865758,      -1.067226788,       4.495589363
          0,           0,        4459,      -2.871084887,     -0.6629646998,     -0.7881741059,       2.522665829,      -1.067363203,       4.430774984
          0,           0,        4460,      -2.885630444,     -0.6651774244,     -0.8082928702,         2.5081392,      -1.067588448,       4.361846496
          0,           0,        4461,      -2.875712457,     -0.6699423697,     -0.8115318745,       2.518129519,      -1.067767264,       4.382475653
          0,           0,        4462,      -2.867609754,     -0.6682755404,     -0.8149124569,       2.526673314,       -1.06794859,       4.403589251
          0,           0,        4463,      -2.879654388,     -0.6646897432,     -0.8253648664,       2.514206074,       -1.06812739,       4.387161624
          0,           0,        4464,      -2.882606208,     -0.6657838804,     -0.8046573641,       2.512185224,      -1.068252675,       4.322915221
          0,           0,        4465,      -2.877370394,     -0.6801900485,     -0.8383301439,       2.517054229,      -1.068439196,        4.46415673
          0,           0,        4466,      -2.870892734,     -0.6881090147,     -0.8240358831,       2.523632159,      -1.068612985,       4.526341734
          0,           0,        4467,      -2.863086931,     -0.6686790484,     -0.8281147577,       2.530807222,      -1.068727342,       4.507384281
          0,           0,        4468,      -2.878113525,     -0.6585913159,     -0.7955344602,       2.515201587,       -1.06885939,       4.410745326
          0,           0,        4469,      -2.868775372,     -0.6616596658,     -0.8195039512,       2.525231798,      -1.069054424,       4.374371564
          0,           0,        4470,      -2.876701001,     -0.6631839922,     -0.7989991567,       2.516880153,      -1.069164202,       4.398534582
          0,           0,        4471,      -2.864140211,     -0.6467291154,     -0.8096393909,       2.529897473,      -1.069326142,       4.448297552
          0,           0,        4472,      -2.879501853,     -0.6435480107,     -0.7876660252,       2.514538931,      -1.069483938,       4.401468997
          0,           0,        4473,      -2.882464078,     -0.6513581088,     -0.8045090711,       2.511939051,      -1.069657806,       4.431896651
          0,           0,        4474,      -2.873187956,      -0.662592759,     -0.8194283189,       2.520507439,      -1.069814291,       4.438100647
          0,           0,        4475,      -2.862433867,     -0.6619672081,     -0.8025751475,       2.531259245,       -1.06996132,       4.468596325
          0,           0,        4476,      -2.868217358,     -0.6622009077,     -0.8070801456,       2.525849708,      -1.070076708,       4.343179251
          0,           0,        4477,      -2.872779133,     -0.6849733322,     -0.8187905084,       2.521317292,      -1.070254862,         4.3480879
          0,           0,        4478,      -2.867680989,     -0.6934488591,     -0.8397347913,       2.526169593,      -1.070425139,       4.358613212
          0,           0,        4479,      -2.863752595,     -0.6996214372,     -0.8223190601,        2.53006133,      -1.070671176,       4.424723968
          0,           0,        4480,       -2.86158232,     -0.6767432047,     -0.8226173449,       2.531496962,       -1.07087413,        4.47215572
          0,           0,        4481,      -2.865230561,       -0.68455183,     -0.8222520495,       2.529137719,      -1.071073234,       4.359186025
          0,           0,        4482,      -2.860938765,     -0.6858272031,     -0.8340470377,       2.533545014,      -1.071257249,       4.325290868
          0,           0,        4483,      -2.862508188,     -0.6816900314,     -0.8242378333,       2.531178538,      -1.071402933,       4.513683881
          0,           0,        4484,      -2.848025851,     -0.6446273993,     -0.8027524371,       2.546049523,      -1.071620692,       4.570687282
          0,           0,        4485,      -2.866861705,     -0.6731741071,     -0.8147251403,       2.526083151,      -1.071768936,       4.468678727
          0,           0,        4486,      -2.874979578,     -0.6524217192,     -0.8127080764,       2.519004559,      -1.071902548,       4.467020931
          0,           0,        4487,      -2.866306093,     -0.6641443492,     -0.8156753461,       2.527761051,      -1.072101251,        4.47880045
          0,           0,        4488,      -2.868959683,     -0.6439151814,     -0.7923503678,       2.524600773,      -1.072192854,        4.49311873
          0,           0,        4489,      -2.861288912,     -0.6406659973,     -0.8138235777,        2.53279217,      -1.072308562,       4.457423837
          0,           0,        4490,      -2.881226733,     -0.6403294058,     -0.7792421729,       2.512305109,      -1.072488309,       4.270080141
          0,           0,        4491,      -2.878498315,      -0.676759933,      -0.827473596,       2.516234874,      -1.072609541,        4.34623429
          0,           0,        4492,      -2.878069226,     -0.6585267238,     -0.7976604477,       2.515731208,      -1.072743993,       4.526638202
          0,           0,        4493,      -2.861705943,     -0.6701209074,     -0.8051140576,       2.532451529,      -1.072907005,       4.561090323
          0,           0,        4494,      -2.872478983,     -0.6636447023,     -0.8070465447,       2.521642576,      -1.073040381,       4.449316529
          0,           0,        4495,      -2.882258426,     -0.6876297771,     -0.8109817856,       2.511254026,       -1.07319081,       4.438109358
          0,           0,        4496,      -2.870009072,     -0.6850266043,     -0.8255482129,        2.52380203,      -1.073286439,       4.451740382
          0,           0,        4497,      -2.868951332,     -0.6893447936,     -0.8259440699,       2.524267532,      -1.073426506,       4.479756662
          0,           0,        4498,      -2.866365862,     -0.6642795385,     -0.8187175961,       2.526956638,      -1.073604322,       4.466184055
          0,           0,        4499,      -2.872257028,     -0.6568748083,     -0.8048465849,        2.52132984,      -1.073779352,       4.327853038
