2 0.000000 100.000000 335.864767
3652 3205 
1 -216.814531 0.000000 -220.261129 99.547492 -6.969107 6.436890 0.000029 
2 259.399953 0.000000 -220.261129 99.551017 -6.920721 6.431606 0.000033 
3 259.399953 0.000000 225.539029 99.544823 -7.050413 6.431100 -0.000024 
4 -216.814531 0.000000 225.539029 99.549336 -6.983978 6.437332 -0.000029 
5 21.292711 0.000000 2.638950 106.706867 -12.001641 0.638142 -0.153080 
6 -216.814531 0.000000 2.638950 99.547666 -6.976499 6.438293 0.000014 
7 21.292711 0.000000 -220.261129 99.546392 -6.949633 6.432328 0.000084 
8 259.399953 0.000000 2.638950 99.669103 -5.521832 6.128247 -0.000198 
9 21.292711 0.000000 225.539029 99.551944 -7.009403 6.431896 -0.000109 
10 -97.760910 0.000000 -108.811089 99.542747 -6.966115 6.435163 0.000130 
11 -216.814531 0.000000 -108.811089 99.547054 -6.971834 6.437405 0.000034 
12 -97.760910 0.000000 -220.261129 99.546471 -6.962900 6.435512 0.000060 
13 21.292711 0.000000 -108.811089 99.537950 -6.942446 6.416684 0.000283 
14 -97.760910 0.000000 2.638950 99.540982 -6.977966 6.442862 0.000139 
15 140.346332 0.000000 -108.811089 99.550132 -6.877154 6.406226 0.000144 
16 140.346332 0.000000 -220.261129 99.548764 -6.931801 6.430357 0.000064 
17 259.399953 0.000000 -108.811089 99.555946 -6.858393 6.416930 0.000040 
18 140.346332 0.000000 2.638950 99.698702 -6.225880 4.789476 -0.000153 
19 -97.760910 0.000000 114.088989 99.552640 -6.989352 6.439387 -0.000104 
20 -216.814531 0.000000 114.088989 99.549048 -6.981226 6.438088 -0.000020 
21 21.292711 0.000000 114.088989 99.569945 -7.029773 6.415945 -0.000476 
22 -97.760910 0.000000 225.539029 99.550912 -6.991812 6.436335 -0.000070 
23 -38.234100 0.000000 -53.086070 99.533819 -6.961263 6.392310 0.000370 
24 -97.760910 0.000000 -53.086070 99.539499 -6.971451 6.437097 0.000185 
25 -38.234100 0.000000 -108.811089 99.538612 -6.959142 6.428624 0.000231 
26 21.292711 0.000000 -53.086070 99.672504 -7.030670 6.349153 -0.002435 
27 -38.234100 0.000000 2.638950 99.457189 -6.884430 6.406250 0.001983 
28 140.346332 0.000000 114.088989 99.544292 -7.128364 6.400736 -0.000085 
29 259.399953 0.000000 114.088989 99.536454 -7.171439 6.419507 -0.000015 
30 140.346332 0.000000 225.539029 99.548148 -7.033731 6.428861 -0.000064 
31 80.819521 0.000000 -53.086070 99.562636 -6.861673 6.344170 -0.000005 
32 80.819521 0.000000 -108.811089 99.542875 -6.907220 6.407119 0.000246 
33 140.346332 0.000000 -53.086070 99.560597 -6.757012 6.326788 0.000200 
34 80.819521 0.000000 2.638950 99.769846 -3.448346 5.501444 0.000382 
35 -38.234100 0.000000 58.363970 99.545181 -6.978181 6.442045 0.000056 
36 -97.760910 0.000000 58.363970 99.549384 -6.984415 6.443227 -0.000038 
37 21.292711 0.000000 58.363970 99.539452 -6.986289 6.352725 0.000273 
38 -38.234100 0.000000 114.088989 99.561157 -7.000951 6.436580 -0.000287 
39 -8.470694 0.000000 -25.223560 99.296611 -7.080274 6.209916 0.005149 
40 -38.234100 0.000000 -25.223560 99.498175 -6.958737 6.359175 0.001125 
41 -8.470694 0.000000 -53.086070 99.583343 -6.982210 6.336838 -0.000575 
42 21.292711 0.000000 -25.223560 99.695166 -7.442789 6.143527 -0.003226 
43 -8.470694 0.000000 2.638950 98.172552 -6.918487 6.567214 0.027116 
44 80.819521 0.000000 58.363970 99.533784 -7.260648 6.284625 0.000081 
45 140.346332 0.000000 58.363970 99.524867 -7.415775 6.324296 -0.000019 
46 80.819521 0.000000 114.088989 99.556515 -7.083898 6.397865 -0.000261 
47 51.056116 0.000000 -25.223560 99.476727 -6.849841 6.189498 0.001915 
48 51.056116 0.000000 -53.086070 99.625985 -6.995413 6.385402 -0.001505 
49 80.819521 0.000000 -25.223560 99.610886 -6.774138 6.175399 -0.000635 
50 51.056116 0.000000 2.638950 98.779477 -1.887765 5.577142 0.020795 
51 -8.470694 0.000000 30.501460 99.651957 -6.613079 6.617802 -0.001804 
52 -38.234100 0.000000 30.501460 99.502388 -6.955993 6.436632 0.000946 
53 21.292711 0.000000 30.501460 99.949164 -6.732570 6.132703 -0.007277 
54 -8.470694 0.000000 58.363970 99.547335 -6.973875 6.423499 0.000043 
55 6.411008 0.000000 -11.292305 99.346360 -7.366776 4.793306 0.005306 
56 -8.470694 0.000000 -11.292305 98.869260 -6.973403 5.961292 0.014070 
57 6.411008 0.000000 -25.223560 99.293255 -7.361477 5.983077 0.005086 
58 21.292711 0.000000 -11.292305 100.957436 -7.667568 5.544747 -0.028194 
59 6.411008 0.000000 2.638950 91.605147 -9.914943 26.673368 0.079872 
60 -157.287720 0.000000 -53.086070 99.545382 -6.972953 6.438104 0.000065 
61 -216.814531 0.000000 -53.086070 99.547156 -6.973993 6.437880 0.000028 
62 -157.287720 0.000000 -108.811089 99.545658 -6.969816 6.437019 0.000065 
63 -157.287720 0.000000 2.638950 99.546424 -6.976861 6.439382 0.000037 
64 -67.997505 0.000000 -25.223560 99.517725 -6.941577 6.452133 0.000641 
65 -97.760910 0.000000 -25.223560 99.539004 -6.974510 6.439850 0.000187 
66 -67.997505 0.000000 -53.086070 99.540848 -6.931096 6.417006 0.000240 
67 -67.997505 0.000000 2.638950 99.523342 -6.964524 6.428356 0.000528 
68 -23.352397 0.000000 -11.292305 99.313698 -6.795055 6.360594 0.005016 
69 -38.234100 0.000000 -11.292305 99.466608 -6.908695 6.374753 0.001803 
70 -23.352397 0.000000 -25.223560 99.420658 -6.980995 6.340852 0.002659 
71 -23.352397 0.000000 2.638950 99.283617 -6.698453 6.501381 0.005563 
72 51.056116 0.000000 30.501460 99.534816 -7.586947 5.823452 0.000135 
73 80.819521 0.000000 30.501460 99.432480 -7.933619 6.073526 0.001335 
74 51.056116 0.000000 58.363970 99.528214 -7.100563 6.301050 0.000401 
75 6.411008 0.000000 16.570205 100.156285 -6.834744 7.249763 -0.013055 
76 -8.470694 0.000000 16.570205 99.684296 -7.145435 7.094704 -0.003835 
77 21.292711 0.000000 16.570205 101.023697 -7.214791 5.594087 -0.028913 
78 6.411008 0.000000 30.501460 99.981566 -6.516880 6.541459 -0.008157 
79 -1.029843 0.000000 -4.326677 94.439379 -7.273768 1.460184 0.102616 
80 -8.470694 0.000000 -4.326677 98.215087 -7.037885 6.021414 0.026801 
81 -1.029843 0.000000 -11.292305 98.810364 -7.173375 4.833211 0.016169 
82 6.411008 0.000000 -4.326677 103.539940 -9.977339 -7.615731 -0.087807 
83 -1.029843 0.000000 2.638950 95.459043 -7.004829 9.922758 0.074004 
84 36.174414 0.000000 -11.292305 99.033313 -7.262877 7.204248 0.008775 
85 36.174414 0.000000 -25.223560 99.692755 -7.302335 6.370662 -0.003255 
86 51.056116 0.000000 -11.292305 99.231742 -6.786086 5.943450 0.007169 
87 36.174414 0.000000 2.638950 93.149966 -7.083679 -3.156210 0.126294 
88 13.851860 0.000000 -4.326677 92.962568 -10.414950 -1.636550 0.124681 
89 13.851860 0.000000 -11.292305 99.481764 -7.117126 4.563683 0.003190 
90 21.292711 0.000000 -4.326677 114.435052 -9.090603 16.835852 -0.346147 
91 13.851860 0.000000 2.638950 106.256734 -12.586856 3.065834 -0.145832 
92 -157.287720 0.000000 58.363970 99.548488 -6.980794 6.439591 -0.000010 
93 -216.814531 0.000000 58.363970 99.548425 -6.979025 6.438371 -0.000005 
94 -157.287720 0.000000 114.088989 99.549903 -6.983967 6.438674 -0.000042 
95 -67.997505 0.000000 30.501460 99.542851 -6.957083 6.469100 0.000097 
96 -97.760910 0.000000 30.501460 99.545201 -6.981366 6.444291 0.000048 
97 -67.997505 0.000000 58.363970 99.552045 -6.988093 6.448037 -0.000102 
98 -23.352397 0.000000 16.570205 99.444808 -6.665955 6.583884 0.002295 
99 -38.234100 0.000000 16.570205 99.478566 -6.881952 6.431773 0.001529 
100 -23.352397 0.000000 30.501460 99.525265 -6.821711 6.504405 0.000588 
101 -1.029843 0.000000 9.604577 98.647440 -6.717780 8.033590 0.015902 
102 -8.470694 0.000000 9.604577 99.059777 -7.037738 7.029498 0.008822 
103 6.411008 0.000000 9.604577 99.791374 -6.998648 9.264268 -0.009313 
104 -1.029843 0.000000 16.570205 99.522814 -6.945993 6.989529 -0.000189 
105 2.690583 0.000000 -0.843864 92.227929 -10.595793 27.287977 0.063710 
106 -1.029843 0.000000 -0.843864 85.900336 -7.606447 11.606238 0.242857 
107 2.690583 0.000000 -4.326677 97.186665 -8.468524 0.151861 0.048301 
108 6.411008 0.000000 -0.843864 -10.951261 -0.503467 -0.626252 0.987942 
109 2.690583 0.000000 2.638950 94.263868 -7.835809 14.522944 0.084201 
110 -15.911546 0.000000 -4.326677 98.901194 -6.873912 6.834415 0.012459 
111 -23.352397 0.000000 -4.326677 99.270160 -6.758684 6.396460 0.005884 
112 -15.911546 0.000000 -11.292305 98.984003 -6.791197 6.509807 0.011367 
113 -15.911546 0.000000 2.638950 99.083970 -6.886219 7.038123 0.008541 
114 -4.750269 0.000000 -0.843864 96.390533 -7.171870 6.372253 0.061682 
115 -8.470694 0.000000 -0.843864 98.074899 -7.020697 6.405486 0.029099 
116 -4.750269 0.000000 -4.326677 97.030184 -7.186949 5.332445 0.050506 
117 -4.750269 0.000000 2.638950 97.183343 -7.030561 7.202785 0.045409 
118 -38.234100 0.000000 -164.536109 99.543950 -6.956609 6.432293 0.000123 
119 -97.760910 0.000000 -164.536109 99.545103 -6.963665 6.435153 0.000087 
120 -38.234100 0.000000 -220.261129 99.546136 -6.957348 6.434068 0.000076 
121 21.292711 0.000000 -164.536109 99.544085 -6.944797 6.428322 0.000142 
122 -8.470694 0.000000 -80.948580 99.558927 -6.962393 6.399174 -0.000140 
123 -38.234100 0.000000 -80.948580 99.520957 -6.944100 6.430199 0.000601 
124 -8.470694 0.000000 -108.811089 99.537639 -6.953050 6.422749 0.000266 
125 21.292711 0.000000 -80.948580 99.571253 -6.959803 6.399353 -0.000382 
126 6.411008 0.000000 -39.154815 99.616658 -7.377508 6.207952 -0.001644 
127 -8.470694 0.000000 -39.154815 99.571789 -7.079901 6.242131 -0.000363 
128 6.411008 0.000000 -53.086070 99.637057 -6.983827 6.326325 -0.001634 
129 21.292711 0.000000 -39.154815 99.641102 -7.465933 6.256729 -0.002324 
130 -1.029843 0.000000 -18.257932 98.704637 -7.092132 5.899074 0.017230 
131 -8.470694 0.000000 -18.257932 98.804236 -6.970709 6.366710 0.014860 
132 -1.029843 0.000000 -25.223560 99.246327 -7.343746 6.114939 0.005884 
133 6.411008 0.000000 -18.257932 98.950234 -6.986866 5.463537 0.013018 
134 2.690583 0.000000 -7.809491 98.035290 -7.178482 3.248938 0.032700 
135 -1.029843 0.000000 -7.809491 97.836932 -7.166542 4.124107 0.035957 
136 2.690583 0.000000 -11.292305 99.050476 -6.952177 4.740957 0.011819 
137 6.411008 0.000000 -7.809491 99.712408 -7.747537 2.814458 -0.001051 
138 0.830370 0.000000 -2.585271 99.768033 -10.003122 -22.414148 -0.055612 
139 -1.029843 0.000000 -2.585271 84.324988 -7.757016 -0.451698 0.282892 
140 0.830370 0.000000 -4.326677 97.220441 -7.862043 -1.273874 0.048475 
141 2.690583 0.000000 -2.585271 99.764006 -10.645676 6.220683 -0.010488 
142 0.830370 0.000000 -0.843864 87.203577 -10.436323 36.285672 0.096997 
143 -4.750269 0.000000 -7.809491 98.022030 -7.073726 5.294385 0.031361 
144 -8.470694 0.000000 -7.809491 98.606703 -7.029809 5.722165 0.019456 
145 -4.750269 0.000000 -11.292305 98.870023 -7.065364 5.336235 0.014632 
146 -2.890056 0.000000 -2.585271 94.005421 -7.202544 5.131288 0.108477 
147 -4.750269 0.000000 -2.585271 96.510737 -7.208861 5.691112 0.060132 
148 -2.890056 0.000000 -4.326677 95.774991 -7.286220 4.280409 0.075574 
149 -2.890056 0.000000 -0.843864 93.792479 -7.093071 7.119594 0.110197 
150 36.174414 0.000000 16.570205 99.761809 -7.764587 4.674216 -0.003456 
151 51.056116 0.000000 16.570205 99.154111 -9.231580 4.973864 0.005850 
152 36.174414 0.000000 30.501460 99.730161 -7.201979 5.852431 -0.003222 
153 13.851860 0.000000 9.604577 101.308770 -6.958567 7.519863 -0.036844 
154 21.292711 0.000000 9.604577 102.116096 -7.486977 4.644621 -0.050532 
155 13.851860 0.000000 16.570205 101.302454 -7.133344 6.514874 -0.035552 
156 2.690583 0.000000 6.121764 97.826079 -7.317614 10.407857 0.026819 
157 -1.029843 0.000000 6.121764 97.715262 -6.752200 8.742761 0.032970 
158 6.411008 0.000000 6.121764 99.318900 -7.745076 12.882003 -0.009018 
159 2.690583 0.000000 9.604577 98.716087 -6.777590 8.544380 0.013619 
160 0.830370 0.000000 0.897543 91.882654 -7.932574 15.531279 0.125343 
161 -1.029843 0.000000 0.897543 92.797855 -7.163531 10.859940 0.121930 
162 2.690583 0.000000 0.897543 91.065196 -10.792260 27.286543 0.084610 
163 0.830370 0.000000 2.638950 94.917399 -7.425082 11.885185 0.079430 
164 -0.099737 0.000000 -1.714567 43.828875 -10.447329 34.595452 0.677304 
165 -1.029843 0.000000 -1.714567 79.490552 -7.909547 7.294980 0.356547 
166 -0.099737 0.000000 -2.585271 70.397990 -10.505592 -41.642286 0.319968 
167 0.830370 0.000000 -1.714567 80.706965 -9.149388 36.436147 0.207508 
168 -0.099737 0.000000 -0.843864 84.308601 -10.452875 41.379577 0.107053 
169 -15.911546 0.000000 9.604577 99.371349 -6.948840 7.054202 0.002729 
170 -23.352397 0.000000 9.604577 99.367166 -6.665917 6.583524 0.003839 
171 -15.911546 0.000000 16.570205 99.414240 -6.613243 6.731701 0.002776 
172 -4.750269 0.000000 6.121764 98.041204 -6.991504 7.282323 0.028601 
173 -8.470694 0.000000 6.121764 98.663605 -6.896798 6.967637 0.016938 
174 -4.750269 0.000000 9.604577 98.849307 -6.865768 7.293246 0.012848 
175 -2.890056 0.000000 0.897543 95.096454 -6.920267 8.059637 0.084382 
176 -4.750269 0.000000 0.897543 96.713873 -7.151054 6.903446 0.054763 
177 -2.890056 0.000000 2.638950 96.336833 -6.864189 8.232096 0.060433 
178 -1.959949 0.000000 -1.714567 90.061847 -7.318619 6.201406 0.179684 
179 -2.890056 0.000000 -1.714567 93.573710 -7.130326 6.174627 0.115499 
180 -1.959949 0.000000 -2.585271 91.079119 -7.302707 4.087515 0.163456 
181 -1.959949 0.000000 -0.843864 90.985349 -7.202535 8.133351 0.160364 
182 0.830370 0.000000 -6.068084 97.345580 -7.235136 2.312699 0.046614 
183 -1.029843 0.000000 -6.068084 96.865779 -7.154051 3.318498 0.055483 
184 0.830370 0.000000 -7.809491 97.962549 -7.105813 3.660664 0.033945 
185 2.690583 0.000000 -6.068084 97.920426 -7.643973 1.702251 0.035026 
186 -0.099737 0.000000 -3.455974 91.966583 -8.044862 -5.723000 0.144468 
187 -1.029843 0.000000 -3.455974 91.276236 -7.479455 -0.082460 0.161270 
188 -0.099737 0.000000 -4.326677 95.172683 -7.483351 -0.727653 0.088563 
189 0.830370 0.000000 -3.455974 102.233982 -10.851487 -15.354808 -0.080531 
190 -0.564790 0.000000 -2.149919 11.125744 -12.341469 -20.898770 0.928715 
191 -1.029843 0.000000 -2.149919 80.124496 -7.908222 2.415641 0.351169 
192 -0.564790 0.000000 -2.585271 78.377144 -8.629400 -9.498987 0.369233 
193 -0.099737 0.000000 -2.149919 46.121018 -10.381325 -29.699555 0.688302 
194 -0.564790 0.000000 -1.714567 12.796443 -12.473085 28.330595 0.887805 
195 10.131434 0.000000 -0.843864 -12.320148 -0.215757 0.203464 0.984813 
196 10.131434 0.000000 -4.326677 98.667683 -10.540695 6.606021 0.010994 
197 13.851860 0.000000 -0.843864 -9.942975 -0.125059 2.922482 0.989258 
198 10.131434 0.000000 2.638950 112.747560 -12.396278 22.552084 -0.337428 
199 4.550795 0.000000 -2.585271 94.165502 -11.285542 -10.087765 0.090373 
200 4.550795 0.000000 -4.326677 95.718856 -8.940357 -4.297852 0.073950 
201 6.411008 0.000000 -2.585271 96.442111 -11.806053 -31.736977 -0.044770 
202 4.550795 0.000000 -0.843864 89.239481 -11.313464 27.861482 0.113206 
203 1.760476 0.000000 -3.455974 103.904970 -10.631680 -0.329137 -0.090938 
204 1.760476 0.000000 -4.326677 98.077658 -8.167610 -0.519275 0.031379 
205 2.690583 0.000000 -3.455974 99.842966 -10.747060 6.646591 -0.012829 
206 1.760476 0.000000 -2.585271 103.379397 -10.503446 0.107084 -0.079763 
207 4.550795 0.000000 0.897543 87.107939 -11.579577 31.009219 0.131655 
208 6.411008 0.000000 0.897543 81.237607 -11.687985 44.624349 0.127251 
209 4.550795 0.000000 2.638950 92.927013 -8.716830 18.585651 0.094316 
210 3.620689 0.000000 0.026840 90.057892 -11.073273 27.527297 0.100921 
211 2.690583 0.000000 0.026840 92.337209 -10.614669 26.775706 0.064423 
212 3.620689 0.000000 -0.843864 90.447592 -11.068326 27.530242 0.093881 
213 4.550795 0.000000 0.026840 87.500196 -11.482206 30.357284 0.129031 
214 3.620689 0.000000 0.897543 89.211447 -11.315427 27.891377 0.113535 
215 13.851860 0.000000 -18.257932 99.369825 -7.239418 5.478217 0.004322 
216 13.851860 0.000000 -25.223560 99.616957 -7.434453 6.010049 -0.001493 
217 21.292711 0.000000 -18.257932 99.722403 -7.446803 6.068117 -0.003683 
218 10.131434 0.000000 -7.809491 99.492753 -8.307819 4.171413 0.001477 
219 10.131434 0.000000 -11.292305 99.581745 -7.494393 4.758411 0.000467 
220 13.851860 0.000000 -7.809491 98.496644 -8.323500 3.459046 0.021717 
221 4.550795 0.000000 -6.068084 98.611141 -7.999386 0.541795 0.021156 
222 4.550795 0.000000 -7.809491 98.760626 -7.575872 2.757910 0.018134 
223 6.411008 0.000000 -6.068084 100.390941 -8.293787 0.635974 -0.014753 
224 8.271221 0.000000 -2.585271 108.118337 -12.239754 8.980628 -0.192004 
225 8.271221 0.000000 -4.326677 108.249753 -12.619156 8.990004 -0.195807 
226 10.131434 0.000000 -2.585271 98.573429 -13.057022 11.346102 -0.001594 
227 8.271221 0.000000 -0.843864 -11.675096 -0.127516 -0.558605 0.986336 
228 5.480902 0.000000 -3.455974 94.282325 -11.752300 -27.618715 0.020993 
229 4.550795 0.000000 -3.455974 94.171550 -11.340908 -9.395783 0.091482 
230 5.480902 0.000000 -4.326677 98.060556 -9.359094 -7.376802 0.024212 
231 6.411008 0.000000 -3.455974 101.968893 -12.006891 -22.333984 -0.104063 
232 5.480902 0.000000 -2.585271 93.195443 -11.617792 -24.089050 0.059935 
233 10.131434 0.000000 6.121764 102.898622 -7.732125 10.749771 -0.076347 
234 13.851860 0.000000 6.121764 102.149381 -9.211928 6.901691 -0.056699 
235 10.131434 0.000000 9.604577 100.881933 -7.200952 8.772094 -0.030597 
236 8.271221 0.000000 0.897543 -11.173031 0.392754 -0.765511 0.987442 
237 10.131434 0.000000 0.897543 -11.678230 0.046972 0.363049 0.986348 
238 8.271221 0.000000 2.638950 97.302495 -12.201664 47.152040 -0.183997 
239 5.480902 0.000000 0.026840 85.266791 -11.757828 33.445963 0.147270 
240 5.480902 0.000000 -0.843864 -9.287008 -0.328735 0.050009 0.991364 
241 6.411008 0.000000 0.026840 80.514109 -11.784851 44.973950 0.135594 
242 5.480902 0.000000 0.897543 83.007176 -11.841180 38.688861 0.147277 
243 8.271221 0.000000 -6.068084 100.798749 -8.604864 3.197661 -0.024466 
244 8.271221 0.000000 -7.809491 99.985004 -8.013974 3.955600 -0.007687 
245 10.131434 0.000000 -6.068084 99.230262 -8.928982 4.460191 0.005374 
246 7.341115 0.000000 -3.455974 109.751830 -12.309669 -4.261786 -0.221516 
247 7.341115 0.000000 -4.326677 110.218819 -12.363653 -8.433253 -0.237217 
248 8.271221 0.000000 -3.455974 107.286702 -12.571414 9.976991 -0.176802 
249 7.341115 0.000000 -2.585271 110.142246 -12.055727 -7.646607 -0.233513 
250 8.271221 0.000000 4.380357 102.048146 -8.632457 19.118657 -0.085387 
251 6.411008 0.000000 4.380357 97.939281 -8.463041 17.300293 0.003697 
252 10.131434 0.000000 4.380357 108.138783 -9.707994 13.112211 -0.196017 
253 8.271221 0.000000 6.121764 101.310724 -7.917436 12.912851 -0.049329 
254 7.341115 0.000000 1.768247 86.755019 -11.822661 49.775119 -0.014377 
255 6.411008 0.000000 1.768247 82.207122 -11.791565 47.534240 0.084344 
256 7.341115 0.000000 0.897543 84.028313 -11.785022 50.085044 0.029184 
257 8.271221 0.000000 1.768247 92.808930 -11.590120 47.982221 -0.105012 
258 7.341115 0.000000 2.638950 90.747928 -11.958265 49.973105 -0.087550 
259 28.733562 0.000000 -4.326677 97.759566 -9.857943 11.861587 0.020519 
260 28.733562 0.000000 -11.292305 100.368826 -7.436112 7.178054 -0.018072 
261 36.174414 0.000000 -4.326677 96.955286 -8.050098 10.877823 0.041654 
262 28.733562 0.000000 2.638950 107.195924 -3.516931 24.643365 -0.211063 
263 17.572285 0.000000 -0.843864 -7.962902 0.201833 1.105351 0.993533 
264 17.572285 0.000000 -4.326677 104.714052 -9.013587 -16.204503 -0.130886 
265 21.292711 0.000000 -0.843864 -9.937860 -0.245870 -0.562034 0.990086 
266 17.572285 0.000000 2.638950 105.882177 -11.986879 0.731416 -0.135526 
267 11.991647 0.000000 -2.585271 96.205339 -13.257157 2.176869 0.056404 
268 11.991647 0.000000 -4.326677 95.963272 -10.370936 3.449960 0.067159 
269 13.851860 0.000000 -2.585271 89.400576 -13.047364 -1.906361 0.183367 
270 11.991647 0.000000 -0.843864 -12.209507 -0.417947 1.629528 0.984810 
271 9.201328 0.000000 -3.455974 103.938512 -12.779839 13.438950 -0.114714 
272 9.201328 0.000000 -4.326677 101.404373 -10.653940 6.693150 -0.044115 
273 10.131434 0.000000 -3.455974 99.756900 -13.144402 12.540051 -0.028147 
274 9.201328 0.000000 -2.585271 102.635347 -12.638910 14.586121 -0.090651 
275 17.572285 0.000000 -7.809491 100.616001 -8.414157 2.043780 -0.019855 
276 17.572285 0.000000 -11.292305 100.136837 -7.361574 4.955432 -0.010614 
277 21.292711 0.000000 -7.809491 102.867879 -7.876076 5.243243 -0.067132 
278 11.991647 0.000000 -6.068084 97.780275 -8.896991 3.675036 0.034636 
279 11.991647 0.000000 -7.809491 98.671065 -8.325829 3.955778 0.017905 
280 13.851860 0.000000 -6.068084 97.527881 -8.853127 1.421073 0.040792 
281 11.061540 0.000000 -3.455974 97.742328 -13.107753 7.272298 0.022174 
282 11.061540 0.000000 -4.326677 96.922118 -10.575960 5.088885 0.046836 
283 11.991647 0.000000 -3.455974 96.269504 -13.134969 2.185581 0.055488 
284 11.061540 0.000000 -2.585271 97.706520 -13.225293 7.391313 0.022390 
285 28.733562 0.000000 9.604577 100.544490 -7.407004 3.009258 -0.017311 
286 36.174414 0.000000 9.604577 99.637133 -10.483047 3.937429 -0.005296 
287 28.733562 0.000000 16.570205 100.495057 -7.133290 4.688737 -0.017212 
288 17.572285 0.000000 6.121764 101.653063 -8.690153 5.677103 -0.044109 
289 21.292711 0.000000 6.121764 102.109018 -8.584656 4.518677 -0.052037 
290 17.572285 0.000000 9.604577 101.031410 -8.276533 5.930997 -0.031102 
291 11.991647 0.000000 4.380357 104.944116 -10.053835 5.984268 -0.115016 
292 11.991647 0.000000 2.638950 109.097010 -13.163737 -1.946375 -0.207923 
293 13.851860 0.000000 4.380357 102.427414 -10.593107 5.792588 -0.063714 
294 11.991647 0.000000 6.121764 102.913474 -8.569559 8.225252 -0.073228 
295 11.991647 0.000000 0.897543 -10.974535 -0.480795 0.939979 0.987844 
296 13.851860 0.000000 0.897543 -9.377597 -0.105834 1.293156 0.991038 
297 11.061540 0.000000 3.509653 112.089133 -12.767694 -0.679865 -0.272745 
298 10.131434 0.000000 3.509653 116.097475 -12.348528 11.443418 -0.376206 
299 11.061540 0.000000 2.638950 113.209447 -12.692623 2.618717 -0.298434 
300 11.991647 0.000000 3.509653 109.140242 -13.045911 -1.749176 -0.208485 
301 11.061540 0.000000 4.380357 107.382861 -9.860594 8.414447 -0.169911 
302 15.712072 0.000000 4.380357 102.946740 -10.321208 5.676600 -0.073678 
303 15.712072 0.000000 2.638950 105.925404 -12.675529 2.335055 -0.138631 
304 17.572285 0.000000 4.380357 102.992142 -9.780778 4.160069 -0.072035 
305 15.712072 0.000000 6.121764 101.844506 -8.997033 6.463387 -0.049503 
306 15.712072 0.000000 0.897543 -8.571760 -0.002026 1.340888 0.992473 
307 15.712072 0.000000 -0.843864 -7.901190 -0.042807 1.849062 0.993415 
308 17.572285 0.000000 0.897543 -8.416651 0.249209 1.034441 0.992803 
309 25.013137 0.000000 6.121764 102.524563 -8.072753 1.866725 -0.057994 
310 25.013137 0.000000 2.638950 107.294978 -11.590252 -3.343764 -0.165773 
311 28.733562 0.000000 6.121764 101.509709 -8.395214 1.124890 -0.037597 
312 25.013137 0.000000 9.604577 101.599277 -7.568301 3.522041 -0.039210 
313 19.432498 0.000000 4.380357 102.923439 -9.793143 3.571571 -0.070190 
314 19.432498 0.000000 2.638950 106.066916 -12.510406 0.303256 -0.140679 
315 21.292711 0.000000 4.380357 103.146433 -9.848664 3.360389 -0.074748 
316 19.432498 0.000000 6.121764 101.904648 -8.755457 4.854112 -0.048478 
317 16.642179 0.000000 3.509653 105.895782 -12.544272 1.406753 -0.137325 
318 15.712072 0.000000 3.509653 105.925848 -12.668126 2.332936 -0.138621 
319 16.642179 0.000000 2.638950 105.897655 -12.321622 1.353059 -0.136797 
320 17.572285 0.000000 3.509653 105.864790 -12.348025 0.358866 -0.135996 
321 16.642179 0.000000 4.380357 103.030575 -9.730025 4.857544 -0.073357 
322 25.013137 0.000000 -0.843864 -14.465318 0.250146 -3.713159 0.977690 
323 25.013137 0.000000 -4.326677 107.491836 -9.791102 17.986399 -0.197387 
324 28.733562 0.000000 -0.843864 97.476437 -15.437689 18.898447 -0.009713 
325 19.432498 0.000000 0.897543 -8.993033 0.095057 0.328696 0.991901 
326 19.432498 0.000000 -0.843864 -8.831366 -0.050242 0.275590 0.992193 
327 21.292711 0.000000 0.897543 -9.973603 -0.220977 0.019510 0.990048 
328 23.152924 0.000000 4.380357 104.341039 -9.532058 1.745123 -0.098096 
329 23.152924 0.000000 2.638950 107.401254 -11.895259 -0.347818 -0.167665 
330 25.013137 0.000000 4.380357 104.150333 -9.091614 -0.571855 -0.093028 
331 23.152924 0.000000 6.121764 102.749657 -8.275044 2.988273 -0.063490 
332 20.362604 0.000000 3.509653 106.275795 -12.385562 0.330010 -0.144806 
333 19.432498 0.000000 3.509653 106.067911 -12.506278 0.307089 -0.140690 
334 20.362604 0.000000 2.638950 106.312799 -12.043460 0.683750 -0.144792 
335 21.292711 0.000000 3.509653 106.605494 -12.357247 0.318030 -0.151753 
336 20.362604 0.000000 4.380357 102.919933 -9.859903 3.836410 -0.070445 
337 23.152924 0.000000 0.897543 -11.464268 -0.177704 -1.361106 0.986669 
338 23.152924 0.000000 -0.843864 -11.412537 -0.361017 -2.479837 0.986347 
339 25.013137 0.000000 0.897543 -14.158496 0.275138 -2.228017 0.979450 
340 199.873142 0.000000 58.363970 99.515876 -7.486974 6.380711 -0.000018 
341 199.873142 0.000000 2.638950 99.722626 -5.391266 5.418597 -0.000303 
342 259.399953 0.000000 58.363970 99.507454 -7.539864 6.455557 -0.000026 
343 199.873142 0.000000 114.088989 99.539097 -7.154841 6.409546 -0.000031 
344 110.582927 0.000000 30.501460 99.469868 -8.181215 6.136640 0.000115 
345 110.582927 0.000000 2.638950 99.557702 -7.314387 5.550119 0.000396 
346 140.346332 0.000000 30.501460 99.456082 -8.335794 6.320139 -0.000094 
347 110.582927 0.000000 58.363970 99.530983 -7.351096 6.300307 -0.000015 
348 65.937819 0.000000 16.570205 99.242826 -9.962215 5.484575 0.002154 
349 65.937819 0.000000 2.638950 99.670837 -2.722122 5.623744 0.002669 
350 80.819521 0.000000 16.570205 99.237261 -10.191970 5.980892 0.001232 
351 65.937819 0.000000 30.501460 99.434267 -7.925877 5.994342 0.001407 
352 43.615265 0.000000 9.604577 97.365894 -27.484896 4.923020 -0.025977 
353 43.615265 0.000000 2.638950 93.557940 -4.851064 6.353503 0.118301 
354 51.056116 0.000000 9.604577 99.760260 -23.761253 -0.002688 -0.051671 
355 43.615265 0.000000 16.570205 99.294600 -8.469329 4.637330 0.004735 
356 32.453988 0.000000 6.121764 99.554796 -9.545540 0.741360 -0.000282 
357 32.453988 0.000000 2.638950 115.763949 -3.094345 -27.782521 -0.418274 
358 36.174414 0.000000 6.121764 104.690524 -0.000000 -2.454903 -0.096613 
359 32.453988 0.000000 9.604577 99.794549 -8.049918 3.029761 -0.003293 
360 26.873349 0.000000 4.380357 105.104440 -12.155299 -4.814120 -0.121787 
361 26.873349 0.000000 2.638950 105.407354 -11.484319 -5.049106 -0.126809 
362 28.733562 0.000000 4.380357 102.051419 -9.966109 1.396052 -0.051576 
363 26.873349 0.000000 6.121764 101.746779 -8.354074 1.143851 -0.042351 
364 24.083030 0.000000 3.509653 107.674957 -11.870413 -1.736207 -0.173782 
365 23.152924 0.000000 3.509653 107.394559 -12.005346 -0.512438 -0.167798 
366 24.083030 0.000000 2.638950 107.698947 -11.533113 -1.841028 -0.173547 
367 25.013137 0.000000 3.509653 107.294400 -11.719832 -3.205688 -0.165972 
368 24.083030 0.000000 4.380357 104.148379 -9.344625 0.617821 -0.093459 
369 80.819521 0.000000 -164.536109 99.546051 -6.928870 6.425046 0.000129 
370 80.819521 0.000000 -220.261129 99.547375 -6.940482 6.430911 0.000079 
371 140.346332 0.000000 -164.536109 99.548893 -6.914248 6.424127 0.000094 
372 51.056116 0.000000 -80.948580 99.553388 -6.951977 6.396787 -0.000013 
373 51.056116 0.000000 -108.811089 99.539632 -6.926297 6.410994 0.000279 
374 80.819521 0.000000 -80.948580 99.549040 -6.901426 6.389413 0.000153 
375 36.174414 0.000000 -39.154815 99.543337 -6.981601 6.343256 0.000214 
376 36.174414 0.000000 -53.086070 99.701364 -6.973489 6.378181 -0.002967 
377 51.056116 0.000000 -39.154815 99.699281 -7.349030 6.386391 -0.003474 
378 28.733562 0.000000 -18.257932 99.747420 -7.416015 6.390123 -0.004538 
379 28.733562 0.000000 -25.223560 99.777345 -7.415133 6.245493 -0.004951 
380 36.174414 0.000000 -18.257932 99.699729 -7.467605 6.649473 -0.004002 
381 25.013137 0.000000 -7.809491 101.349318 -8.330200 8.568254 -0.041449 
382 25.013137 0.000000 -11.292305 100.846597 -7.144834 6.685327 -0.026578 
383 28.733562 0.000000 -7.809491 99.705004 -7.666785 8.767596 -0.007674 
384 199.873142 0.000000 -53.086070 99.566154 -6.742798 6.354688 0.000073 
385 199.873142 0.000000 -108.811089 99.554275 -6.863146 6.411224 0.000074 
386 259.399953 0.000000 -53.086070 99.566573 -6.744486 6.378880 0.000032 
387 110.582927 0.000000 -25.223560 99.579920 -6.571005 6.088564 0.000359 
388 110.582927 0.000000 -53.086070 99.556331 -6.795587 6.324583 0.000236 
389 140.346332 0.000000 -25.223560 99.588832 -6.525823 6.132356 0.000187 
390 65.937819 0.000000 -11.292305 99.503908 -6.380087 5.695458 0.002583 
391 65.937819 0.000000 -25.223560 99.537959 -6.673344 6.144861 0.000990 
392 80.819521 0.000000 -11.292305 99.610414 -6.372795 5.729817 0.000432 
393 43.615265 0.000000 -4.326677 97.351038 -6.916817 6.843728 0.042810 
394 43.615265 0.000000 -11.292305 98.824501 -7.114672 6.371645 0.014250 
395 51.056116 0.000000 -4.326677 98.731900 -6.437705 5.587851 0.017934 
396 32.453988 0.000000 -0.843864 103.607662 -9.502856 20.236417 -0.123436 
397 32.453988 0.000000 -4.326677 98.768200 -8.896234 12.196285 0.001695 
398 36.174414 0.000000 -0.843864 101.157715 -10.333408 26.227916 -0.102757 
399 26.873349 0.000000 -2.585271 94.195363 -13.566592 22.330860 0.044451 
400 25.013137 0.000000 -2.585271 102.085728 -10.817125 47.860307 -0.282911 
401 26.873349 0.000000 -4.326677 96.846064 -10.193815 16.504279 0.024453 
402 28.733562 0.000000 -2.585271 98.232125 -12.914652 15.776459 -0.006524 
403 26.873349 0.000000 -0.843864 -19.189033 0.567579 -6.163458 0.959347 
404 23.152924 0.000000 -2.585271 108.610765 -9.871541 16.066981 -0.215189 
405 21.292711 0.000000 -2.585271 -10.600710 -0.561596 -0.940666 0.988642 
406 23.152924 0.000000 -4.326677 106.408723 -9.407201 12.253330 -0.156146 
407 32.453988 0.000000 -7.809491 98.844923 -7.521622 8.381766 0.010285 
408 32.453988 0.000000 -11.292305 99.572611 -8.232300 7.381744 -0.003697 
409 36.174414 0.000000 -7.809491 98.382364 -7.783847 8.253000 0.019221 
410 26.873349 0.000000 -6.068084 100.159879 -9.014906 11.291803 -0.024077 
411 25.013137 0.000000 -6.068084 102.608126 -8.852966 11.430148 -0.073745 
412 26.873349 0.000000 -7.809491 100.426666 -8.513380 8.924044 -0.023763 
413 28.733562 0.000000 -6.068084 99.326351 -8.751200 10.034375 -0.004300 
414 25.943243 0.000000 -3.455974 96.668607 -11.994590 45.581337 -0.156635 
415 25.013137 0.000000 -3.455974 110.115500 -10.460800 32.784647 -0.330968 
416 25.943243 0.000000 -4.326677 101.157968 -9.925668 20.246061 -0.074136 
417 26.873349 0.000000 -3.455974 94.281379 -13.646727 22.586694 0.041463 
418 25.943243 0.000000 -2.585271 81.219874 -12.292195 34.203811 0.208233 
419 26.873349 0.000000 0.897543 -18.625674 -0.209891 -1.570148 0.965057 
420 28.733562 0.000000 0.897543 -25.128908 -0.168421 0.428328 0.936833 
421 30.593775 0.000000 4.380357 111.167800 -0.000000 -36.482511 -0.368925 
422 30.593775 0.000000 2.638950 306.310245 -3.007314 -91.500977 -9.220744 
423 32.453988 0.000000 4.380357 106.348960 -0.745347 -24.388861 -0.190547 
424 30.593775 0.000000 6.121764 100.680403 -8.546023 0.618401 -0.020996 
425 27.803456 0.000000 3.509653 95.383668 -5.810671 4.134104 0.085110 
426 26.873349 0.000000 3.509653 105.456382 -11.367296 -5.089132 -0.127616 
427 27.803456 0.000000 2.638950 98.211561 -7.507252 0.694152 0.029765 
428 28.733562 0.000000 3.509653 106.141689 -2.390505 -0.038740 -0.127177 
429 27.803456 0.000000 4.380357 101.716487 -9.501911 0.565451 -0.043685 
430 30.593775 0.000000 0.897543 -25.514981 0.004473 -1.539695 0.934662 
431 30.593775 0.000000 -0.843864 102.615381 -9.342371 13.181905 -0.079096 
432 32.453988 0.000000 0.897543 106.016968 -5.774674 8.000196 -0.133695 
433 27.803456 0.000000 1.768247 102.001567 -9.941820 -4.078341 -0.051979 
434 26.873349 0.000000 1.768247 105.528929 -11.177523 -5.152290 -0.128784 
435 27.803456 0.000000 0.897543 -21.724950 -0.213118 -0.238497 0.952792 
436 28.733562 0.000000 1.768247 101.997834 -9.940944 -4.077754 -0.051901 
437 29.663669 0.000000 3.509653 110.395053 -0.864235 -15.245887 -0.242025 
438 29.663669 0.000000 2.638950 103.284284 -3.055570 -3.930739 -0.069243 
439 30.593775 0.000000 3.509653 113.548252 -0.486153 -18.922972 -0.325152 
440 29.663669 0.000000 4.380357 105.597930 -0.000000 -18.679826 -0.149986 
441 28.268509 0.000000 3.074302 92.440572 -1.555907 4.284658 0.143396 
442 27.803456 0.000000 3.074302 97.419462 -7.127971 1.047667 0.045754 
443 28.268509 0.000000 2.638950 99.516708 -3.566013 10.605264 -0.002876 
444 28.733562 0.000000 3.074302 107.928288 -1.859275 28.405067 -0.245882 
445 28.268509 0.000000 3.509653 97.984690 -2.986337 9.091440 0.030743 
446 29.663669 0.000000 1.768247 98.965359 -8.935857 -1.393250 0.012407 
447 29.663669 0.000000 0.897543 -27.262849 -0.071633 0.033824 0.925673 
448 30.593775 0.000000 1.768247 100.074253 -7.397535 -1.573132 -0.007205 
449 28.268509 0.000000 2.203598 100.867511 -4.860345 5.609032 -0.022934 
450 27.803456 0.000000 2.203598 96.191623 -7.240720 -0.898681 0.069394 
451 28.268509 0.000000 1.768247 101.989838 -9.939068 -4.076497 -0.051733 
452 28.733562 0.000000 2.203598 105.304456 -4.352206 3.612937 -0.112102 
453 29.198615 0.000000 3.074302 109.171451 -1.926101 -4.721811 -0.194441 
454 29.198615 0.000000 2.638950 100.738959 -3.450838 -4.766507 -0.018297 
455 29.663669 0.000000 3.074302 103.880935 -1.095854 -9.045048 -0.087426 
456 29.198615 0.000000 3.509653 107.825883 -1.801138 -7.993617 -0.169356 
457 28.501036 0.000000 2.856626 102.442993 -2.744668 18.152751 -0.083162 
458 28.268509 0.000000 2.856626 98.221829 -2.537637 11.817933 0.020637 
459 28.501036 0.000000 2.638950 104.258290 -3.396467 7.529480 -0.093802 
460 28.733562 0.000000 2.856626 105.504475 -2.067866 57.129960 -0.439930 
461 28.501036 0.000000 3.074302 94.175087 -1.215594 14.224321 0.092724 
462 29.198615 0.000000 2.203598 105.271782 -4.179552 -2.459665 -0.110567 
463 29.198615 0.000000 1.768247 99.554978 -9.164596 -2.173397 0.000009 
464 29.663669 0.000000 2.203598 108.054920 -4.087426 -9.774091 -0.178811 
465 28.966089 0.000000 2.856626 104.273524 -2.769358 37.502016 -0.228704 
466 28.966089 0.000000 2.638950 102.977497 -3.738219 18.693266 -0.096778 
467 29.198615 0.000000 2.856626 100.673817 -2.617685 13.111838 -0.031399 
468 28.966089 0.000000 3.074302 122.220648 -2.081858 17.458361 -0.524702 
469 80.819521 0.000000 169.814009 99.552523 -7.040619 6.421948 -0.000152 
470 21.292711 0.000000 169.814009 99.556190 -7.017963 6.427699 -0.000200 
471 140.346332 0.000000 169.814009 99.547578 -7.061626 6.421247 -0.000082 
472 80.819521 0.000000 225.539029 99.550414 -7.021795 6.429570 -0.000093 
473 51.056116 0.000000 86.226480 99.564895 -7.068004 6.372564 -0.000373 
474 21.292711 0.000000 86.226480 99.579706 -7.019530 6.398803 -0.000634 
475 80.819521 0.000000 86.226480 99.555670 -7.141447 6.364503 -0.000284 
476 51.056116 0.000000 114.088989 99.565148 -7.054853 6.403466 -0.000399 
477 36.174414 0.000000 44.432715 99.540744 -6.817630 6.166776 0.000713 
478 21.292711 0.000000 44.432715 99.578358 -6.665587 6.273536 0.000036 
479 51.056116 0.000000 44.432715 99.392920 -7.056030 6.225033 0.003251 
480 36.174414 0.000000 58.363970 99.522834 -7.035498 6.318998 0.000578 
481 28.733562 0.000000 23.535832 100.063117 -7.126975 5.576428 -0.009452 
482 21.292711 0.000000 23.535832 100.116558 -6.896586 5.936600 -0.010613 
483 36.174414 0.000000 23.535832 99.652722 -7.179642 5.464132 -0.001207 
484 28.733562 0.000000 30.501460 99.883213 -6.830460 5.950142 -0.005872 
485 25.013137 0.000000 13.087391 101.153093 -6.985473 4.688383 -0.030273 
486 21.292711 0.000000 13.087391 101.372416 -6.941741 5.186021 -0.035145 
487 28.733562 0.000000 13.087391 100.829453 -7.386208 4.140660 -0.023828 
488 25.013137 0.000000 16.570205 100.693667 -7.435725 5.123777 -0.022076 
489 26.873349 0.000000 7.863171 101.450500 -7.826902 2.198465 -0.035830 
490 25.013137 0.000000 7.863171 101.938238 -7.659821 2.722088 -0.045749 
491 28.733562 0.000000 7.863171 101.110362 -7.796164 2.080303 -0.028841 
492 26.873349 0.000000 9.604577 101.280583 -7.629464 3.028115 -0.032513 
493 27.803456 0.000000 5.251060 101.638535 -8.924862 0.831966 -0.041074 
494 26.873349 0.000000 5.251060 102.107156 -8.609054 0.344365 -0.050011 
495 28.733562 0.000000 5.251060 101.427251 -8.892842 0.876522 -0.036734 
496 27.803456 0.000000 6.121764 101.506410 -8.453685 1.215496 -0.037649 
497 28.268509 0.000000 3.945005 90.723241 -2.645720 10.778805 0.164611 
498 27.803456 0.000000 3.945005 90.531935 -4.646881 1.810707 0.177910 
499 28.733562 0.000000 3.945005 107.026422 -1.388163 -2.798877 -0.146442 
500 28.268509 0.000000 4.380357 101.542207 -9.564671 1.072311 -0.040345 
501 28.501036 0.000000 3.291978 100.617717 -1.801108 5.281311 -0.015506 
502 28.268509 0.000000 3.291978 97.455141 -2.639626 5.938618 0.046026 
503 28.733562 0.000000 3.291978 106.850173 -2.067629 4.344169 -0.144011 
504 28.501036 0.000000 3.509653 103.600544 -2.164530 1.786556 -0.074095 
505 28.617299 0.000000 2.965464 107.342728 -1.714827 32.604898 -0.258848 
506 28.501036 0.000000 2.965464 101.573288 -2.097925 17.990165 -0.064518 
507 28.617299 0.000000 2.856626 98.259013 -3.262433 24.091502 -0.024588 
508 28.733562 0.000000 2.965464 107.087299 -2.090987 41.725953 -0.321312 
509 28.617299 0.000000 3.074302 105.743329 -1.515796 25.712051 -0.184506 
510 25.943243 0.000000 3.509653 106.299873 -11.708466 -4.535046 -0.145732 
511 25.943243 0.000000 2.638950 106.307722 -11.466858 -4.600063 -0.145398 
512 25.943243 0.000000 4.380357 103.297394 -9.233407 -0.735435 -0.075615 
513 27.338403 0.000000 3.074302 99.741141 -8.876581 -2.801176 -0.003494 
514 26.873349 0.000000 3.074302 105.309256 -11.705219 -4.972154 -0.125177 
515 27.338403 0.000000 2.638950 100.670227 -9.372981 -4.094378 -0.023911 
516 27.338403 0.000000 3.509653 98.934004 -8.506200 -3.820916 0.012511 
517 28.035982 0.000000 2.856626 91.731310 -3.278124 -6.834207 0.152791 
518 27.803456 0.000000 2.856626 88.707492 -3.552433 -34.831529 0.090513 
519 28.035982 0.000000 2.638950 99.454478 -5.418887 4.113404 0.006252 
520 28.035982 0.000000 3.074302 93.702590 -3.167190 3.244858 0.119926 
521 25.943243 0.000000 1.768247 107.030878 -11.616102 -4.232921 -0.160846 
522 25.013137 0.000000 1.768247 107.030813 -11.616376 -4.232886 -0.160845 
523 25.943243 0.000000 0.897543 -16.195084 0.252092 -2.256032 0.973257 
524 27.338403 0.000000 2.203598 104.155042 -10.735880 -4.727705 -0.098588 
525 26.873349 0.000000 2.203598 105.496905 -11.263800 -5.123818 -0.128272 
526 27.338403 0.000000 1.768247 105.319097 -11.788501 -4.954928 -0.125563 
527 27.570929 0.000000 2.856626 99.030534 -8.189183 -1.700987 0.012300 
528 27.338403 0.000000 2.856626 99.941109 -8.978032 -2.908156 -0.007729 
529 27.570929 0.000000 2.638950 99.050654 -8.540551 -2.542420 0.010956 
530 27.570929 0.000000 3.074302 99.030587 -8.019441 -0.160685 0.012861 
531 28.035982 0.000000 3.291978 97.486336 -4.339413 5.677713 0.044535 
532 27.803456 0.000000 3.291978 94.997330 -5.682818 3.973598 0.092742 
533 28.035982 0.000000 3.509653 99.116521 -4.712932 5.915147 0.011871 
534 27.919719 0.000000 2.965464 90.787560 -3.589931 -18.616188 0.139817 
535 27.803456 0.000000 2.965464 90.882273 -4.363738 -23.845837 0.115275 
536 27.919719 0.000000 2.856626 90.535377 -3.558788 -19.824036 0.139769 
537 28.035982 0.000000 2.965464 91.938113 -3.026461 -4.441887 0.151849 
538 27.919719 0.000000 3.074302 98.690560 -5.924166 2.912700 0.021659 
539 27.338403 0.000000 3.945005 105.312235 -11.800226 -4.950427 -0.125442 
540 26.873349 0.000000 3.945005 105.310166 -11.803761 -4.949070 -0.125405 
541 27.338403 0.000000 4.380357 101.691804 -9.664076 0.223717 -0.043467 
542 27.570929 0.000000 3.291978 98.677658 -7.743070 0.412578 0.020259 
543 27.338403 0.000000 3.291978 98.003576 -7.947541 -1.766818 0.032901 
544 27.570929 0.000000 3.509653 94.530615 -6.550277 -0.182268 0.102102 
545 27.687192 0.000000 2.965464 98.520057 -7.910016 -1.395387 0.022928 
546 27.570929 0.000000 2.965464 98.968372 -8.141981 -1.544572 0.013658 
547 27.687192 0.000000 2.856626 93.283182 -5.805794 -22.145599 0.077411 
548 27.687192 0.000000 3.074302 98.351122 -7.643494 0.353661 0.026851 
549 28.035982 0.000000 2.421274 100.613420 -5.839966 3.766278 -0.017135 
550 27.803456 0.000000 2.421274 97.573701 -6.864447 2.209536 0.042737 
551 28.035982 0.000000 2.203598 96.180025 -5.862824 3.738130 0.070106 
552 28.268509 0.000000 2.421274 100.023400 -4.564398 6.051509 -0.006213 
553 27.919719 0.000000 2.747788 94.568809 -4.699399 -6.222222 0.099594 
554 27.803456 0.000000 2.747788 98.056655 -7.462058 0.655142 0.032878 
555 27.919719 0.000000 2.638950 100.038481 -6.527343 2.483368 -0.005647 
556 28.035982 0.000000 2.747788 93.082960 -3.902956 -5.142575 0.129388 
557 27.861587 0.000000 2.911045 86.913243 -2.340220 -28.805293 0.161087 
558 27.803456 0.000000 2.911045 88.408984 -3.422367 -36.575492 0.083437 
559 27.861587 0.000000 2.856626 89.735124 -3.422729 -25.234360 0.129912 
560 27.919719 0.000000 2.911045 87.061759 -2.095186 -34.568288 0.122089 
561 27.861587 0.000000 2.965464 90.457907 -3.597891 -21.979321 0.132133 
562 27.570929 0.000000 2.421274 98.037433 -7.899954 -1.800773 0.032301 
563 27.338403 0.000000 2.421274 100.171495 -9.008841 -4.002639 -0.013151 
564 27.570929 0.000000 2.203598 99.408501 -8.646994 -3.843857 0.002840 
565 27.687192 0.000000 2.747788 98.808892 -7.899566 -0.007279 0.017440 
566 27.570929 0.000000 2.747788 99.372889 -8.220220 -0.478302 0.005723 
567 27.687192 0.000000 2.638950 98.832013 -7.869192 0.127260 0.017029 
568 27.861587 0.000000 2.802207 91.560674 -4.009099 -19.870118 0.120575 
569 27.803456 0.000000 2.802207 91.642150 -4.700590 -21.805276 0.110415 
570 27.861587 0.000000 2.747788 97.624404 -7.213679 1.024964 0.041639 
571 27.919719 0.000000 2.802207 91.735002 -3.731218 -11.655054 0.143493 
572 28.152246 0.000000 2.965464 93.384159 -2.824292 5.008576 0.124634 
573 28.152246 0.000000 2.856626 93.231589 -3.268394 3.191878 0.128700 
574 28.268509 0.000000 2.965464 96.154686 -2.224717 9.936156 0.065060 
575 28.152246 0.000000 3.074302 94.269088 -3.037788 6.541481 0.106132 
576 27.977851 0.000000 2.911045 90.568934 -3.472988 -13.838356 0.159371 
577 27.977851 0.000000 2.856626 90.840311 -3.555301 -13.128961 0.156303 
578 28.035982 0.000000 2.911045 89.606501 -2.226478 -5.944570 0.193038 
579 27.977851 0.000000 2.965464 91.115024 -3.467978 -10.083053 0.158436 
580 27.890653 0.000000 2.883835 88.933881 -3.371194 -36.855548 0.072107 
581 27.861587 0.000000 2.883835 87.838409 -2.731217 -28.568929 0.146077 
582 27.890653 0.000000 2.856626 90.091786 -3.463884 -22.405433 0.136947 
583 27.919719 0.000000 2.883835 86.816465 -1.995500 -35.825611 0.117544 
584 27.890653 0.000000 2.911045 87.378165 -2.324250 -32.473240 0.130514 
585 30.593775 0.000000 -2.585271 101.940675 -9.794167 13.992230 -0.068361 
586 30.593775 0.000000 -4.326677 99.097013 -9.136307 11.602898 -0.003832 
587 32.453988 0.000000 -2.585271 102.367719 -10.508939 23.815621 -0.115677 
588 29.663669 0.000000 -1.714567 100.078650 -10.185180 11.125223 -0.024324 
589 28.733562 0.000000 -1.714567 98.535222 -12.166695 14.570488 -0.006952 
590 29.663669 0.000000 -2.585271 99.853391 -10.437807 9.850067 -0.017667 
591 30.593775 0.000000 -1.714567 101.819028 -9.543232 13.586875 -0.064279 
592 29.663669 0.000000 -0.843864 100.082489 -9.850216 8.592487 -0.018736 
593 39.894839 0.000000 6.121764 99.622508 -0.000000 0.522773 0.007508 
594 39.894839 0.000000 2.638950 124.899649 -3.397005 25.211650 -0.624709 
595 43.615265 0.000000 6.121764 97.615420 -0.715751 2.245210 0.046568 
596 39.894839 0.000000 9.604577 100.770088 -7.526525 1.334222 -0.021304 
597 34.314201 0.000000 4.380357 106.304357 -0.999354 -5.109033 -0.132772 
598 34.314201 0.000000 2.638950 275.987961 -2.241750 121.501194 -8.093692 
599 36.174414 0.000000 4.380357 102.100734 -1.568198 -2.578212 -0.043367 
600 34.314201 0.000000 6.121764 113.631987 0.000000 -10.806083 -0.302900 
601 31.523881 0.000000 3.509653 101.942850 -0.600847 -20.589695 -0.081664 
602 31.523881 0.000000 2.638950 91.792621 -2.786194 -4.926295 0.154208 
603 32.453988 0.000000 3.509653 109.667984 -0.684534 -18.625972 -0.237446 
604 31.523881 0.000000 4.380357 107.582025 -0.391446 -29.935065 -0.247015 
605 39.894839 0.000000 -0.843864 99.033618 -9.942132 26.019972 -0.058354 
606 39.894839 0.000000 -4.326677 96.882088 -7.481634 8.781603 0.048077 
607 43.615265 0.000000 -0.843864 94.992417 -6.152735 7.589917 0.088098 
608 34.314201 0.000000 0.897543 104.965693 -7.509524 10.521090 -0.118488 
609 34.314201 0.000000 -0.843864 102.826387 -9.562244 23.864985 -0.123424 
610 36.174414 0.000000 0.897543 103.995930 -8.294899 14.084639 -0.108234 
611 31.523881 0.000000 1.768247 102.015537 -6.653199 -1.699368 -0.045432 
612 31.523881 0.000000 0.897543 -20.730447 0.007344 -1.222231 0.956875 
613 32.453988 0.000000 1.768247 103.875149 -5.827819 -1.139953 -0.082531 
614 33.384094 0.000000 3.509653 101.718953 -1.035252 -9.509787 -0.043825 
615 33.384094 0.000000 2.638950 92.506861 -2.601440 -0.475140 0.143549 
616 34.314201 0.000000 3.509653 106.718864 -2.150424 1.794634 -0.139676 
617 33.384094 0.000000 4.380357 106.262354 -0.711640 -11.133830 -0.141616 
618 31.988935 0.000000 3.074302 111.092222 -1.067660 -5.289754 -0.237060 
619 31.523881 0.000000 3.074302 96.646372 -1.298410 -16.402736 0.038874 
620 31.988935 0.000000 2.638950 105.220984 -2.805685 13.385441 -0.125850 
621 32.453988 0.000000 3.074302 146.632678 -0.742690 -27.544789 -1.226041 
622 31.988935 0.000000 3.509653 104.283373 -0.600637 -13.688352 -0.106275 
623 33.384094 0.000000 1.768247 105.889993 -4.587241 -1.086645 -0.123491 
624 33.384094 0.000000 0.897543 105.994610 -5.779329 7.931069 -0.133116 
625 34.314201 0.000000 1.768247 105.227087 -6.497634 3.721886 -0.112881 
626 31.988935 0.000000 2.203598 102.847484 -6.215573 -1.221939 -0.061773 
627 31.523881 0.000000 2.203598 101.647998 -6.668942 -1.833630 -0.038015 
628 31.988935 0.000000 1.768247 103.133475 -6.147886 -1.066033 -0.067545 
629 32.453988 0.000000 2.203598 103.653365 -5.929652 -1.315273 -0.078091 
630 32.919041 0.000000 3.074302 108.027382 -1.684038 -25.065900 -0.230105 
631 32.919041 0.000000 2.638950 99.944152 -2.814464 -16.696301 -0.027552 
632 33.384094 0.000000 3.074302 100.080284 -1.523265 -10.549282 -0.012967 
633 32.919041 0.000000 3.509653 105.062419 -0.392901 -20.426121 -0.145549 
634 32.221461 0.000000 2.856626 143.038928 -1.027299 27.715418 -1.122933 
635 31.988935 0.000000 2.856626 108.051567 -1.520290 11.475281 -0.180913 
636 32.221461 0.000000 2.638950 126.892384 -2.435820 28.858968 -0.694045 
637 32.453988 0.000000 2.856626 133.633610 -1.769011 -19.886328 -0.825654 
638 32.221461 0.000000 3.074302 126.011769 -1.079161 -14.158004 -0.608058 
639 32.919041 0.000000 2.203598 104.255415 -5.489165 -1.533505 -0.090167 
640 32.919041 0.000000 1.768247 105.147805 -4.664939 -1.197491 -0.107926 
641 33.384094 0.000000 2.203598 104.810280 -5.348694 -1.715360 -0.101675 
642 32.221461 0.000000 2.421274 104.731688 -5.289077 -7.626102 -0.105486 
643 31.988935 0.000000 2.421274 99.264843 -5.000476 5.688524 0.008913 
644 32.221461 0.000000 2.203598 103.068672 -6.189308 -1.240902 -0.066300 
645 32.453988 0.000000 2.421274 107.795321 -4.672492 -12.617551 -0.180087 
646 32.686514 0.000000 2.856626 119.418293 -2.196837 -26.224980 -0.495330 
647 32.686514 0.000000 2.638950 103.948248 -3.138387 -21.423434 -0.127405 
648 32.919041 0.000000 2.856626 105.761000 -2.376565 -21.717320 -0.166268 
649 32.686514 0.000000 3.074302 129.249961 -0.916532 -33.416559 -0.782306 
650 32.337725 0.000000 2.747788 130.543084 -2.069710 -23.138761 -0.758118 
651 32.221461 0.000000 2.747788 129.821094 -1.999128 7.154863 -0.690871 
652 32.337725 0.000000 2.638950 127.751645 -2.703891 -11.125791 -0.645158 
653 32.453988 0.000000 2.747788 128.132469 -2.302503 -24.665055 -0.703160 
654 32.337725 0.000000 2.856626 147.223990 -1.014249 13.379500 -1.185494 
655 32.686514 0.000000 2.421274 107.521937 -3.800333 -16.395052 -0.184421 
656 32.686514 0.000000 2.203598 103.791963 -5.912265 -1.389997 -0.080966 
657 32.919041 0.000000 2.421274 101.561154 -3.647844 -12.981448 -0.049649 
658 32.337725 0.000000 2.530112 107.224676 -4.733423 -13.489592 -0.170151 
659 32.221461 0.000000 2.530112 106.654425 -4.837481 -12.023646 -0.154314 
660 32.337725 0.000000 2.421274 107.262487 -4.720701 -12.098660 -0.167390 
661 32.453988 0.000000 2.530112 105.777479 -3.803361 -18.152305 -0.153285 
662 32.570251 0.000000 2.747788 114.044397 -2.596293 -24.748305 -0.362534 
663 32.570251 0.000000 2.638950 104.088023 -3.182783 -21.567078 -0.130959 
664 32.686514 0.000000 2.747788 104.444655 -2.875611 -23.212039 -0.145575 
665 32.570251 0.000000 2.856626 127.341292 -2.122111 -26.751132 -0.693593 
666 32.395856 0.000000 2.693369 124.903298 -2.506586 -22.995748 -0.613592 
667 32.337725 0.000000 2.693369 127.752063 -2.327038 -22.091765 -0.681405 
668 32.395856 0.000000 2.638950 116.757971 -3.036292 -26.707643 -0.435494 
669 32.453988 0.000000 2.693369 118.347923 -2.842098 -30.222586 -0.492771 
670 32.395856 0.000000 2.747788 128.739124 -2.302636 -27.776249 -0.735058 
671 31.058828 0.000000 3.074302 121.108102 -1.166311 -33.390138 -0.578343 
672 30.593775 0.000000 3.074302 158.493012 -1.513409 -33.453747 -1.624148 
673 31.058828 0.000000 2.638950 120.685605 -2.352054 -32.740255 -0.564247 
674 31.058828 0.000000 3.509653 109.973246 -0.454263 -24.579650 -0.269848 
675 31.756408 0.000000 2.856626 92.951480 -1.133162 6.704381 0.131379 
676 31.523881 0.000000 2.856626 92.744733 -1.669761 -11.837058 0.125551 
677 31.756408 0.000000 2.638950 93.994647 -2.774845 7.517005 0.110080 
678 31.756408 0.000000 3.074302 99.027145 -1.126405 -7.557636 0.013524 
679 32.105198 0.000000 2.747788 127.619657 -2.068454 51.041304 -0.889627 
680 31.988935 0.000000 2.747788 111.313378 -2.302301 25.645648 -0.305367 
681 32.105198 0.000000 2.638950 115.620340 -2.691336 28.986420 -0.421552 
682 32.105198 0.000000 2.856626 125.033936 -1.293498 34.105831 -0.679837 
683 32.279593 0.000000 2.693369 130.327131 -2.158010 8.225166 -0.705747 
684 32.221461 0.000000 2.693369 130.053566 -2.141983 12.068205 -0.706416 
685 32.279593 0.000000 2.638950 129.023453 -2.580200 5.512990 -0.668410 
686 32.279593 0.000000 2.747788 131.842289 -2.017036 -10.618752 -0.749922 
687 32.453988 0.000000 13.087391 100.125812 -7.748750 3.942779 -0.010077 
688 36.174414 0.000000 13.087391 100.058084 -7.696812 4.167022 -0.008823 
689 32.453988 0.000000 16.570205 100.002863 -7.218130 4.759817 -0.007533 
690 30.593775 0.000000 7.863171 100.463774 -7.769510 2.245801 -0.015838 
691 32.453988 0.000000 7.863171 99.916691 -8.269475 2.122267 -0.005623 
692 30.593775 0.000000 9.604577 100.447777 -7.412332 3.090639 -0.015425 
693 31.523881 0.000000 5.251060 100.189536 -9.791175 -0.664451 -0.013425 
694 30.593775 0.000000 5.251060 101.179249 -9.376396 -0.411917 -0.032533 
695 32.453988 0.000000 5.251060 99.340857 -10.933388 -0.435389 0.001167 
696 31.523881 0.000000 6.121764 100.084495 -8.749310 0.623603 -0.009385 
697 31.988935 0.000000 3.945005 108.575450 -0.145889 -33.419998 -0.290555 
698 31.523881 0.000000 3.945005 105.834386 -0.527865 -25.461852 -0.184950 
699 32.453988 0.000000 3.945005 104.967732 -0.128294 -17.969223 -0.134113 
700 31.988935 0.000000 4.380357 106.194585 -0.568457 -25.422709 -0.192393 
701 32.221461 0.000000 3.291978 114.588093 -0.709184 -13.494311 -0.331303 
702 31.988935 0.000000 3.291978 106.427370 -0.915319 -12.283093 -0.147850 
703 32.453988 0.000000 3.291978 123.109678 -0.660281 -19.580739 -0.553983 
704 32.221461 0.000000 3.509653 108.832242 -0.675974 -15.373328 -0.208125 
705 32.337725 0.000000 2.965464 145.962182 -0.864049 -4.037776 -1.132201 
706 32.221461 0.000000 2.965464 138.280020 -0.928417 8.800683 -0.919968 
707 32.453988 0.000000 2.965464 147.195299 -0.954335 -29.177229 -1.251868 
708 32.337725 0.000000 3.074302 138.251690 -0.914444 -19.689487 -0.950204 
709 32.395856 0.000000 2.802207 132.945550 -2.018551 -16.799030 -0.796080 
710 32.337725 0.000000 2.802207 138.798465 -1.519985 0.423726 -0.926750 
711 32.453988 0.000000 2.802207 131.249125 -2.133118 -20.440165 -0.764868 
712 32.395856 0.000000 2.856626 135.066395 -1.656521 -14.642682 -0.846008 
713 32.366790 0.000000 2.720578 128.629373 -2.269622 -26.261888 -0.724035 
714 32.337725 0.000000 2.720578 129.981939 -2.117622 -22.911598 -0.742473 
715 32.366790 0.000000 2.693369 125.577510 -2.487232 -18.254166 -0.610911 
716 32.395856 0.000000 2.720578 127.793926 -2.357260 -29.683986 -0.721798 
717 32.366790 0.000000 2.747788 129.472361 -2.169500 -24.425680 -0.736441 
718 38.034626 0.000000 0.897543 103.974630 -8.382587 12.236057 -0.103071 
719 38.034626 0.000000 -0.843864 100.200750 -10.197176 25.878715 -0.081388 
720 39.894839 0.000000 0.897543 104.289516 -7.509593 8.844743 -0.101093 
721 38.034626 0.000000 2.638950 101.333092 -6.495938 -17.282317 -0.060927 
722 35.244307 0.000000 1.768247 103.540050 -7.803028 2.106852 -0.078587 
723 35.244307 0.000000 0.897543 105.212531 -7.942643 10.504684 -0.124311 
724 36.174414 0.000000 1.768247 103.157916 -8.961791 5.913880 -0.075684 
725 35.244307 0.000000 2.638950 195.131211 -4.509688 45.134306 -3.013363 
726 38.034626 0.000000 4.380357 102.732823 -2.596228 -2.837643 -0.056883 
727 39.894839 0.000000 4.380357 100.498282 -1.614372 -1.466681 -0.010466 
728 38.034626 0.000000 6.121764 101.466204 -0.000000 -0.045457 -0.029539 
729 35.244307 0.000000 3.509653 109.224278 -2.791850 -9.977604 -0.203729 
730 36.174414 0.000000 3.509653 100.347611 -2.711880 -3.038173 -0.008623 
731 35.244307 0.000000 4.380357 104.414739 -1.581457 -4.033582 -0.092121 
732 34.779254 0.000000 2.203598 200.186427 -6.014314 57.921763 -3.346571 
733 34.314201 0.000000 2.203598 183.142247 -4.121409 53.545928 -2.642524 
734 34.779254 0.000000 1.768247 106.175743 -6.672094 4.972283 -0.134253 
735 35.244307 0.000000 2.203598 120.371771 -7.595456 8.024383 -0.461144 
736 34.779254 0.000000 2.638950 394.868779 -2.573026 159.854927 -17.148157 
737 37.104520 0.000000 1.768247 110.870598 -8.633255 15.388496 -0.260363 
738 37.104520 0.000000 0.897543 104.222310 -8.820079 12.120989 -0.108700 
739 38.034626 0.000000 1.768247 102.507429 -10.442279 1.984593 -0.062075 
740 37.104520 0.000000 2.638950 123.348148 -6.504347 29.639475 -0.613557 
741 35.709360 0.000000 2.203598 97.873531 -9.159405 -3.589795 0.032399 
742 35.709360 0.000000 1.768247 102.941260 -8.729275 2.017493 -0.067717 
743 36.174414 0.000000 2.203598 97.432899 -9.642536 0.862145 0.041311 
744 35.709360 0.000000 2.638950 92.847980 -6.000081 -12.685427 0.118233 
745 34.779254 0.000000 3.074302 141.941321 -2.958650 12.806746 -1.032010 
746 34.314201 0.000000 3.074302 121.535364 -2.761116 15.609684 -0.502213 
747 35.244307 0.000000 3.074302 125.431771 -3.894682 -3.965236 -0.576402 
748 34.779254 0.000000 3.509653 110.027301 -2.867985 -2.743899 -0.212176 
749 35.011780 0.000000 2.421274 238.025400 -9.075103 80.206908 -5.317160 
750 34.779254 0.000000 2.421274 257.287116 -8.133425 92.430909 -6.480629 
751 35.011780 0.000000 2.203598 130.894067 -6.767590 13.608058 -0.736424 
752 35.244307 0.000000 2.421274 179.994351 -8.083204 42.150444 -2.423996 
753 35.011780 0.000000 2.638950 259.792145 -7.446968 90.303447 -6.570213 
754 58.496967 0.000000 -4.326677 99.271283 -6.148639 5.490659 0.007726 
755 58.496967 0.000000 -11.292305 99.365746 -6.534300 5.674716 0.005155 
756 65.937819 0.000000 -4.326677 99.464765 -6.135216 5.434533 0.003959 
757 58.496967 0.000000 2.638950 99.458110 -2.256473 5.425266 0.007356 
758 47.335690 0.000000 -0.843864 97.665710 -5.660819 6.155294 0.039148 
759 47.335690 0.000000 -4.326677 98.143523 -6.592826 5.886258 0.028974 
760 51.056116 0.000000 -0.843864 98.586642 -5.555255 6.080470 0.021284 
761 47.335690 0.000000 2.638950 97.768862 -2.039244 6.089997 0.040000 
762 41.755052 0.000000 0.897543 104.221564 -6.442798 8.060186 -0.096861 
763 41.755052 0.000000 -0.843864 93.168266 -6.470786 11.007737 0.115663 
764 43.615265 0.000000 0.897543 92.730758 -6.099795 5.234239 0.133640 
765 41.755052 0.000000 2.638950 106.075519 -6.949207 0.149356 -0.130033 
766 58.496967 0.000000 9.604577 99.379370 -8.462583 11.474830 -0.007955 
767 65.937819 0.000000 9.604577 99.534715 -0.488848 11.204838 -0.003295 
768 58.496967 0.000000 16.570205 99.229617 -9.622558 5.205486 0.003379 
769 47.335690 0.000000 6.121764 98.598436 -0.370010 3.924241 0.026281 
770 51.056116 0.000000 6.121764 99.185215 -0.681720 4.669383 0.014003 
771 47.335690 0.000000 9.604577 98.403923 -20.668878 11.106959 -0.023390 
772 41.755052 0.000000 4.380357 95.839323 -2.620513 -0.659545 0.080752 
773 43.615265 0.000000 4.380357 96.243798 -3.196807 1.988930 0.072296 
774 41.755052 0.000000 6.121764 97.761402 0.000000 0.967428 0.044177 
775 40.824946 0.000000 1.768247 105.359161 -7.534152 4.843692 -0.118078 
776 39.894839 0.000000 1.768247 105.020065 -7.612270 5.876981 -0.112170 
777 40.824946 0.000000 0.897543 104.283117 -7.029451 9.588394 -0.101632 
778 41.755052 0.000000 1.768247 105.177887 -6.743772 3.695803 -0.112153 
779 40.824946 0.000000 2.638950 106.887155 -7.436644 -1.290620 -0.148183 
780 38.964733 0.000000 1.768247 103.663097 -10.389971 7.101915 -0.090443 
781 38.964733 0.000000 0.897543 100.224573 -8.903341 17.439577 -0.042837 
782 38.964733 0.000000 2.638950 95.858274 -6.019332 2.342160 0.076947 
783 40.824946 0.000000 3.509653 106.521112 -6.472340 -8.867629 -0.146727 
784 39.894839 0.000000 3.509653 106.837062 -2.866001 -2.252424 -0.142745 
785 41.755052 0.000000 3.509653 108.620778 -7.150056 -12.264204 -0.200001 
786 40.824946 0.000000 4.380357 98.396631 0.000000 -1.365914 0.031624 
787 40.359892 0.000000 2.203598 111.646995 -7.127709 8.792294 -0.259316 
788 39.894839 0.000000 2.203598 124.505088 -15.375721 27.352278 -0.648608 
789 40.359892 0.000000 1.768247 105.200630 -7.386336 5.417717 -0.115108 
790 40.824946 0.000000 2.203598 106.305924 -8.228442 1.302608 -0.137035 
791 40.359892 0.000000 2.638950 113.050156 -6.102288 7.046093 -0.286722 
792 38.964733 0.000000 3.509653 99.928461 -2.761965 -4.570820 -0.001422 
793 38.034626 0.000000 3.509653 107.735038 -4.062719 -6.641106 -0.166745 
794 38.964733 0.000000 4.380357 101.153076 -2.439027 -2.533371 -0.024431 
795 39.429786 0.000000 2.203598 95.922681 -15.404448 15.570409 0.031910 
796 38.964733 0.000000 2.203598 90.105375 -16.347847 1.659555 0.161102 
797 39.429786 0.000000 1.768247 104.687114 -8.176947 6.117017 -0.106367 
798 39.429786 0.000000 2.638950 104.283900 -4.759891 13.392778 -0.107715 
799 43.615265 0.000000 -18.257932 99.436099 -7.298328 6.343274 0.001896 
800 43.615265 0.000000 -25.223560 99.596384 -7.011828 6.295571 -0.000824 
801 51.056116 0.000000 -18.257932 99.385434 -6.857571 6.054542 0.003885 
802 39.894839 0.000000 -7.809491 98.197765 -7.338287 7.306697 0.024996 
803 39.894839 0.000000 -11.292305 98.842564 -7.229982 6.816523 0.013141 
804 43.615265 0.000000 -7.809491 98.330695 -7.150188 6.479389 0.023797 
805 41.755052 0.000000 -2.585271 95.798439 -6.983897 8.750200 0.069732 
806 39.894839 0.000000 -2.585271 95.446052 -7.503872 10.526830 0.072293 
807 41.755052 0.000000 -4.326677 97.024758 -7.179472 7.746046 0.047465 
808 43.615265 0.000000 -2.585271 96.478828 -6.700791 7.281735 0.059391 
809 40.824946 0.000000 0.026840 101.589571 -7.646071 17.915678 -0.069987 
810 39.894839 0.000000 0.026840 102.170127 -8.562383 18.388725 -0.085019 
811 40.824946 0.000000 -0.843864 98.631671 -9.254242 26.557883 -0.051917 
812 41.755052 0.000000 0.026840 101.480922 -5.343534 17.120865 -0.062005 
813 40.359892 0.000000 1.332895 104.721459 -7.249941 7.470148 -0.107495 
814 39.894839 0.000000 1.332895 104.635934 -7.526822 7.496410 -0.106153 
815 40.359892 0.000000 0.897543 104.459286 -7.227540 8.595347 -0.103786 
816 40.824946 0.000000 1.332895 104.346545 -7.047672 9.257566 -0.102357 
817 40.127366 0.000000 1.985922 113.849147 -6.817293 13.146131 -0.318092 
818 39.894839 0.000000 1.985922 114.301906 -6.573281 16.173005 -0.336970 
819 40.127366 0.000000 1.768247 105.120098 -7.460819 5.665146 -0.113799 
820 40.359892 0.000000 1.985922 109.808022 -7.184683 8.101353 -0.217505 
821 40.127366 0.000000 2.203598 112.579275 -14.343563 12.461541 -0.303512 
822 38.034626 0.000000 -2.585271 95.563380 -8.299079 12.701035 0.063745 
823 36.174414 0.000000 -2.585271 99.247071 -11.500636 30.777674 -0.092951 
824 38.034626 0.000000 -4.326677 96.809434 -7.960463 9.920958 0.046614 
825 38.964733 0.000000 0.026840 101.881843 -8.899345 16.619958 -0.073533 
826 38.034626 0.000000 0.026840 102.562376 -9.295336 17.420514 -0.090892 
827 38.964733 0.000000 -0.843864 100.014841 -9.429878 24.358332 -0.068522 
828 39.429786 0.000000 1.332895 104.316747 -8.247127 9.130358 -0.103336 
829 38.964733 0.000000 1.332895 102.806110 -9.192069 11.910020 -0.079544 
830 39.429786 0.000000 0.897543 102.947096 -8.839795 14.432931 -0.088456 
831 39.662313 0.000000 1.985922 110.774616 -10.624847 19.328797 -0.275751 
832 39.429786 0.000000 1.985922 99.970753 -10.959290 10.393943 -0.022229 
833 39.662313 0.000000 1.768247 104.881933 -7.844915 6.035368 -0.109819 
834 39.662313 0.000000 2.203598 107.522034 -14.908891 25.707549 -0.244414 
835 40.359892 0.000000 3.074302 109.150793 -4.523503 -1.568957 -0.193682 
836 39.894839 0.000000 3.074302 109.801451 -3.544140 0.338845 -0.206903 
837 40.824946 0.000000 3.074302 106.733856 -6.708588 -1.265750 -0.143872 
838 40.359892 0.000000 3.509653 106.071953 -3.142177 -6.097379 -0.129831 
839 40.127366 0.000000 2.421274 126.772457 -5.103522 23.878465 -0.666748 
840 39.894839 0.000000 2.421274 136.684008 -3.749665 39.406547 -1.024945 
841 40.359892 0.000000 2.421274 115.686936 -6.309357 11.434396 -0.355402 
842 40.127366 0.000000 2.638950 126.378857 -4.469933 18.823745 -0.634593 
843 40.011102 0.000000 2.094760 101.362432 -24.605957 7.538895 -0.093663 
844 39.894839 0.000000 2.094760 121.902617 -17.016525 24.795463 -0.576463 
845 40.011102 0.000000 1.985922 109.857315 -12.472206 11.636078 -0.235958 
846 40.127366 0.000000 2.094760 106.334197 -18.553865 8.394461 -0.172167 
847 40.011102 0.000000 2.203598 108.833840 -19.525753 12.936147 -0.239340 
848 45.475478 0.000000 0.897543 96.350264 -4.906036 4.730845 0.067018 
849 45.475478 0.000000 -0.843864 96.685202 -5.841071 6.495462 0.057566 
850 47.335690 0.000000 0.897543 97.656908 -4.518280 4.764576 0.042001 
851 45.475478 0.000000 2.638950 96.526131 -2.523730 6.622776 0.063248 
852 42.685158 0.000000 1.768247 105.016108 -6.416210 3.754911 -0.108365 
853 42.685158 0.000000 0.897543 104.657128 -6.353955 5.400023 -0.102265 
854 43.615265 0.000000 1.768247 92.235248 -5.057284 2.949903 0.145838 
855 42.685158 0.000000 2.638950 105.389232 -6.508657 2.255254 -0.115434 
856 42.685158 0.000000 0.026840 102.203611 -7.236633 23.399640 -0.104549 
857 42.685158 0.000000 -0.843864 93.895666 -6.293562 8.906639 0.106467 
858 43.615265 0.000000 0.026840 93.934148 -5.935248 6.934700 0.109306 
859 42.220105 0.000000 1.332895 104.680599 -6.410420 5.423131 -0.102853 
860 41.755052 0.000000 1.332895 104.426837 -6.514590 7.095078 -0.099774 
861 42.220105 0.000000 0.897543 104.487986 -6.376048 6.360226 -0.099885 
862 42.685158 0.000000 1.332895 104.800479 -6.374667 4.714682 -0.104600 
863 42.220105 0.000000 1.768247 40.304560 -6.162292 4.648883 0.831596 
864 45.475478 0.000000 4.380357 97.354087 -2.939688 3.306200 0.050261 
865 47.335690 0.000000 4.380357 98.154620 -2.729940 3.923643 0.034282 
866 45.475478 0.000000 6.121764 98.163746 -0.438402 3.188667 0.035352 
867 42.685158 0.000000 3.509653 110.419440 -10.992055 -9.780434 -0.240893 
868 43.615265 0.000000 3.509653 95.131146 -4.512961 2.161406 0.092503 
869 42.685158 0.000000 4.380357 95.786510 -3.063187 0.828507 0.081488 
870 42.220105 0.000000 2.203598 105.444764 -6.598413 2.167578 -0.116684 
871 41.755052 0.000000 2.203598 105.937444 -7.031276 0.757820 -0.127276 
872 42.685158 0.000000 2.203598 105.236995 -6.468775 2.843671 -0.112476 
873 42.220105 0.000000 2.638950 105.638668 -6.641382 1.430233 -0.120568 
874 44.545371 0.000000 1.768247 95.102741 -3.795936 3.518329 0.092868 
875 44.545371 0.000000 0.897543 95.090159 -5.334130 4.815314 0.090622 
876 45.475478 0.000000 1.768247 96.423716 -3.385936 3.755749 0.067690 
877 44.545371 0.000000 2.638950 95.379852 -3.291080 6.813978 0.084542 
878 43.150212 0.000000 2.203598 109.423854 -7.509499 -13.682164 -0.221717 
879 43.150212 0.000000 1.768247 105.000561 -6.389255 3.773884 -0.108018 
880 43.615265 0.000000 2.203598 92.829013 -3.685194 2.856490 0.136103 
881 43.150212 0.000000 2.638950 110.586023 -9.575391 -11.989822 -0.246471 
882 42.452632 0.000000 1.985922 60.374966 -6.604902 -6.266904 0.627196 
883 42.220105 0.000000 1.985922 54.245507 -7.251388 -23.852604 0.643590 
884 42.452632 0.000000 1.768247 42.011665 -6.259973 6.915791 0.814800 
885 42.685158 0.000000 1.985922 105.131411 -6.442599 3.270770 -0.110482 
886 42.452632 0.000000 2.203598 105.319940 -6.516754 2.564941 -0.114134 
887 15.712072 0.000000 -2.585271 101.032519 -10.247789 -10.547940 -0.042385 
888 15.712072 0.000000 -4.326677 98.497909 -9.858946 -6.355566 0.016057 
889 17.572285 0.000000 -2.585271 -7.633935 0.019132 0.389126 0.994157 
890 15.712072 0.000000 -6.068084 98.824567 -8.990684 -0.717657 0.015236 
891 15.712072 0.000000 -7.809491 99.356960 -8.270832 2.099603 0.005538 
892 17.572285 0.000000 -6.068084 101.621034 -8.279126 -1.873214 -0.039889 
893 14.781966 0.000000 -3.455974 95.019399 -11.092199 -23.157455 0.031201 
894 13.851860 0.000000 -3.455974 89.390027 -13.045992 -1.904932 0.183560 
895 14.781966 0.000000 -4.326677 95.448822 -10.179455 -6.384296 0.074514 
896 15.712072 0.000000 -3.455974 100.588670 -10.013309 -8.665834 -0.029344 
897 14.781966 0.000000 -2.585271 92.287953 -11.878691 -19.988492 0.094229 
898 12.921753 0.000000 -3.455974 94.378591 -13.148264 -0.287864 0.091972 
899 12.921753 0.000000 -4.326677 94.817525 -10.318823 1.416826 0.090115 
900 12.921753 0.000000 -2.585271 93.348010 -12.953930 -0.537679 0.111806 
901 14.781966 0.000000 -1.714567 -7.716395 -0.285825 2.849516 0.993226 
902 13.851860 0.000000 -1.714567 -9.786860 -0.198869 4.552834 0.988345 
903 15.712072 0.000000 -1.714567 -7.037876 -0.128593 1.745185 0.994741 
904 14.781966 0.000000 -0.843864 -8.502571 -0.190594 2.397123 0.992192 
905 14.316913 0.000000 -3.020622 83.601649 -12.228176 -28.018825 0.207618 
906 13.851860 0.000000 -3.020622 89.976774 -13.122319 -1.984399 0.172805 
907 14.316913 0.000000 -3.455974 91.558590 -11.991957 -17.864916 0.115406 
908 14.781966 0.000000 -3.020622 90.446792 -11.470452 -29.821110 0.079851 
909 14.316913 0.000000 -2.585271 89.291118 -13.033125 -1.891537 0.185366 
910 19.432498 0.000000 -2.585271 -8.892116 -0.325099 0.030175 0.992082 
911 19.432498 0.000000 -4.326677 113.757115 -8.931617 -9.601481 -0.311264 
912 16.642179 0.000000 -3.455974 100.106934 -9.496310 -9.234877 -0.019686 
913 16.642179 0.000000 -4.326677 98.510196 -9.337366 -6.946304 0.016030 
914 17.572285 0.000000 -3.455974 102.459573 -9.217254 -14.733595 -0.080000 
915 16.642179 0.000000 -2.585271 -7.156994 0.078555 0.412332 0.994860 
916 19.432498 0.000000 -6.068084 105.245296 -8.453073 0.909531 -0.114885 
917 19.432498 0.000000 -7.809491 102.496207 -7.935170 3.144410 -0.057833 
918 21.292711 0.000000 -6.068084 105.803406 -8.379887 6.353179 -0.130495 
919 18.502392 0.000000 -3.455974 107.675824 -8.998083 -15.158307 -0.190482 
920 18.502392 0.000000 -4.326677 110.479766 -8.933319 -14.197585 -0.248715 
921 19.432498 0.000000 -3.455974 114.118272 -8.943958 -9.037984 -0.318466 
922 18.502392 0.000000 -2.585271 -8.165376 0.056622 0.214786 0.993328 
923 20.362604 0.000000 -3.455974 117.089853 -8.983309 2.920436 -0.379926 
924 20.362604 0.000000 -4.326677 116.927618 -8.956496 1.045865 -0.375338 
925 21.292711 0.000000 -3.455974 115.272586 -9.075018 14.196346 -0.357166 
926 20.362604 0.000000 -2.585271 -9.579919 -0.491181 -0.771500 0.990739 
927 23.152924 0.000000 -6.068084 104.330206 -8.629396 9.379821 -0.104724 
928 23.152924 0.000000 -7.809491 102.253865 -8.034537 7.577659 -0.057783 
929 22.222817 0.000000 -3.455974 110.954473 -9.339584 18.799125 -0.275153 
930 22.222817 0.000000 -4.326677 110.533146 -9.312129 19.486923 -0.268403 
931 23.152924 0.000000 -3.455974 109.065333 -9.850321 15.347940 -0.222783 
932 22.222817 0.000000 -2.585271 -11.608492 -0.486838 -1.638000 0.986232 
933 24.083030 0.000000 -3.455974 112.978907 -10.010736 10.626425 -0.297737 
934 24.083030 0.000000 -4.326677 107.975425 -9.448620 12.759605 -0.191078 
935 24.083030 0.000000 -2.585271 112.158437 -9.920479 6.950833 -0.272625 
936 25.943243 0.000000 -1.714567 94.235375 -13.632124 22.574713 0.042424 
937 25.013137 0.000000 -1.714567 -14.663910 0.134129 -4.236778 0.976700 
938 26.873349 0.000000 -1.714567 92.778300 -13.045827 21.648404 0.075334 
939 25.943243 0.000000 -0.843864 -16.115781 0.537526 -4.099152 0.972319 
940 25.478190 0.000000 -3.020622 100.177013 -10.964183 50.224524 -0.267815 
941 25.013137 0.000000 -3.020622 107.355216 -10.585384 37.969403 -0.307887 
942 25.478190 0.000000 -3.455974 103.320513 -10.751549 45.506359 -0.286155 
943 25.943243 0.000000 -3.020622 88.698282 -12.021596 43.876278 0.006297 
944 25.478190 0.000000 -2.585271 97.040863 -11.352095 53.305678 -0.238729 
945 27.803456 0.000000 -3.455974 96.571930 -15.335404 21.038393 -0.000393 
946 27.803456 0.000000 -4.326677 97.019149 -10.134192 13.208169 0.031013 
947 28.733562 0.000000 -3.455974 97.645627 -16.667017 19.107980 -0.017757 
948 27.803456 0.000000 -2.585271 95.713771 -14.272989 20.262588 0.022458 
949 26.408296 0.000000 -3.020622 92.947917 -13.110930 21.742331 0.071606 
950 26.408296 0.000000 -3.455974 94.269552 -13.642973 22.583614 0.041710 
951 26.873349 0.000000 -3.020622 93.104868 -13.170177 21.824846 0.068171 
952 26.408296 0.000000 -2.585271 90.401576 -13.274852 21.001347 0.121028 
953 24.083030 0.000000 -1.714567 -12.654813 -0.035367 -2.904313 0.983142 
954 23.152924 0.000000 -1.714567 -11.765146 -0.407873 -2.488539 0.985522 
955 24.083030 0.000000 -0.843864 -12.543230 -0.036574 -2.768111 0.983500 
956 25.478190 0.000000 -2.149919 95.529899 -14.043065 22.911870 0.015188 
957 25.013137 0.000000 -2.149919 -14.095071 -0.023640 -4.881329 0.977750 
958 25.943243 0.000000 -2.149919 92.705973 -13.017916 21.607693 0.076924 
959 25.478190 0.000000 -1.714567 -16.789165 0.267868 -4.119303 0.970108 
960 25.710716 0.000000 -2.802946 84.737472 -11.903447 44.741360 0.067608 
961 25.478190 0.000000 -2.802946 99.479928 -11.053557 50.895196 -0.260876 
962 25.710716 0.000000 -3.020622 90.852648 -11.486166 52.171777 -0.110803 
963 25.943243 0.000000 -2.802946 77.360016 -12.085245 41.910169 0.211291 
964 25.710716 0.000000 -2.585271 83.627299 -12.039948 42.548650 0.105113 
965 27.803456 0.000000 -1.714567 96.455894 -14.120943 19.734312 0.010742 
966 27.803456 0.000000 -0.843864 97.476350 -15.437055 18.898339 -0.009709 
967 26.408296 0.000000 -2.149919 93.020235 -13.138342 21.780850 0.070021 
968 26.873349 0.000000 -2.149919 93.731115 -13.539594 21.758291 0.055773 
969 26.408296 0.000000 -1.714567 92.704949 -13.017480 21.606936 0.076948 
970 26.175770 0.000000 -2.802946 82.569414 -12.414330 35.095403 0.179649 
971 26.175770 0.000000 -3.020622 91.310892 -13.047864 27.382831 0.074225 
972 26.408296 0.000000 -2.802946 90.325672 -13.253774 20.966177 0.122603 
973 26.175770 0.000000 -2.585271 82.070117 -12.745695 25.646608 0.244429 
974 25.710716 0.000000 -2.367595 92.889830 -12.471116 35.838074 -0.006842 
975 25.478190 0.000000 -2.367595 96.263075 -11.868746 45.923484 -0.151641 
976 25.943243 0.000000 -2.367595 83.196558 -12.668869 29.440013 0.205112 
977 25.710716 0.000000 -2.149919 94.241472 -13.634059 22.576300 0.042297 
978 25.826980 0.000000 -2.694109 75.891740 -11.937361 46.975884 0.189121 
979 25.710716 0.000000 -2.694109 83.887646 -11.967837 43.743822 0.090611 
980 25.826980 0.000000 -2.802946 78.149527 -11.922504 46.588905 0.157998 
981 25.943243 0.000000 -2.694109 74.868513 -12.102237 41.760145 0.250433 
982 25.826980 0.000000 -2.585271 82.398568 -12.106096 41.402309 0.134977 
983 37.104520 0.000000 3.509653 106.616802 -4.098870 -0.386994 -0.138409 
984 37.104520 0.000000 4.380357 102.562888 -1.679117 -1.148628 -0.052328 
985 43.615265 0.000000 23.535832 99.520222 -7.656150 5.442299 0.000749 
986 51.056116 0.000000 23.535832 99.420729 -8.060957 5.517827 0.002009 
987 43.615265 0.000000 30.501460 99.615986 -7.535687 5.805823 -0.001384 
988 39.894839 0.000000 13.087391 99.987831 -8.390512 3.660004 -0.008136 
989 43.615265 0.000000 13.087391 99.283422 -9.861738 3.687455 0.003195 
990 39.894839 0.000000 16.570205 99.507345 -8.142483 4.620146 0.001064 
991 38.034626 0.000000 7.863171 102.639074 -0.000000 0.371385 -0.053492 
992 36.174414 0.000000 7.863171 113.526516 0.000000 -7.664824 -0.294702 
993 39.894839 0.000000 7.863171 100.150355 -0.000000 1.260988 -0.003168 
994 38.034626 0.000000 9.604577 102.433352 -10.864868 2.521868 -0.061700 
995 38.964733 0.000000 5.251060 100.273552 -0.000000 -0.507638 -0.005504 
996 38.034626 0.000000 5.251060 101.250637 -0.000000 -0.588960 -0.025204 
997 39.894839 0.000000 5.251060 99.519010 -0.000000 -0.208740 0.009592 
998 38.964733 0.000000 6.121764 100.539465 -0.000000 0.185050 -0.010822 
999 41.755052 0.000000 7.863171 96.665504 0.000000 1.709653 0.065286 
1000 43.615265 0.000000 7.863171 99.006956 3.803262 -2.692129 0.017591 
1001 41.755052 0.000000 9.604577 99.351631 -10.730008 1.227871 0.001261 
1002 40.824946 0.000000 5.251060 98.321290 0.000000 -0.022242 0.033292 
1003 41.755052 0.000000 5.251060 96.848109 -0.601589 -0.151446 0.062006 
1004 40.824946 0.000000 6.121764 98.480208 0.000000 0.770315 0.030106 
1005 39.429786 0.000000 4.815709 99.794454 -0.000000 -0.764250 0.004048 
1006 38.964733 0.000000 4.815709 100.296250 -1.710530 -1.509708 -0.006454 
1007 39.429786 0.000000 4.380357 100.669586 -2.124747 -1.741288 -0.014191 
1008 39.894839 0.000000 4.815709 99.624357 -0.000000 -0.570212 0.007466 
1009 39.429786 0.000000 5.251060 99.875865 -0.000000 -0.361210 0.002468 
1010 39.429786 0.000000 3.945005 101.129091 -2.195922 -1.853098 -0.023535 
1011 38.964733 0.000000 3.945005 101.242527 -2.844071 -3.189732 -0.026831 
1012 39.429786 0.000000 3.509653 101.157145 -2.095431 -0.473285 -0.023738 
1013 39.894839 0.000000 3.945005 101.985161 -1.541613 -1.825392 -0.040668 
1014 40.359892 0.000000 4.815709 99.131102 0.000000 -0.781165 0.017241 
1015 40.359892 0.000000 4.380357 99.135550 0.000000 -1.237943 0.017061 
1016 40.824946 0.000000 4.815709 98.313914 0.000000 -0.695064 0.033389 
1017 40.359892 0.000000 5.251060 99.075734 -0.000000 -0.119023 0.018398 
1018 39.662313 0.000000 4.598033 100.134133 -1.606240 -1.239752 -0.003096 
1019 39.429786 0.000000 4.598033 100.259106 -1.863080 -1.408184 -0.005734 
1020 39.662313 0.000000 4.380357 100.624634 -1.860664 -1.562611 -0.013122 
1021 39.894839 0.000000 4.598033 100.097291 -0.511047 -0.948235 -0.002063 
1022 39.662313 0.000000 4.815709 99.666642 -0.000000 -0.596141 0.006621 
1023 40.359892 0.000000 3.945005 101.893875 -1.689415 -3.276519 -0.039595 
1024 40.824946 0.000000 3.945005 103.557205 -3.452382 -5.964322 -0.077159 
1025 39.662313 0.000000 4.162681 100.923266 -1.521394 -1.437955 -0.018989 
1026 39.429786 0.000000 4.162681 101.133989 -1.941332 -1.671413 -0.023465 
1027 39.662313 0.000000 3.945005 101.466405 -1.596360 -1.264169 -0.029958 
1028 39.894839 0.000000 4.162681 101.270956 -2.022477 -1.670254 -0.026269 
1029 40.127366 0.000000 4.598033 99.450323 -0.000000 -0.913116 0.010880 
1030 40.127366 0.000000 4.380357 99.873978 -1.315475 -1.403860 0.002149 
1031 40.359892 0.000000 4.598033 99.223611 0.000000 -0.966571 0.015374 
1032 40.127366 0.000000 4.815709 99.497566 -0.000000 -0.650983 0.009981 
1033 39.778576 0.000000 4.489195 100.170033 -1.650223 -1.297664 -0.003844 
1034 39.662313 0.000000 4.489195 100.185506 -1.750721 -1.305199 -0.004190 
1035 39.778576 0.000000 4.380357 100.600752 -1.739815 -1.498740 -0.012578 
1036 39.894839 0.000000 4.489195 100.104680 -1.492459 -1.261354 -0.002477 
1037 39.778576 0.000000 4.598033 100.156039 -1.597200 -1.254876 -0.003536 
1038 37.104520 0.000000 5.251060 101.616492 -0.000000 -0.680434 -0.032637 
1039 36.174414 0.000000 5.251060 102.388441 -0.000000 -1.893891 -0.048698 
1040 37.104520 0.000000 6.121764 102.448431 -0.000000 -0.526070 -0.049596 
1041 37.569573 0.000000 3.945005 105.903197 -3.782740 -2.733307 -0.123727 
1042 37.104520 0.000000 3.945005 103.513051 -3.317946 -0.490478 -0.072620 
1043 37.569573 0.000000 3.509653 109.433553 -3.338877 -3.292851 -0.199769 
1044 38.034626 0.000000 3.945005 104.635984 -1.523051 -4.495902 -0.097122 
1045 37.569573 0.000000 4.380357 103.021255 -3.311787 -2.058351 -0.062858 
1046 38.499680 0.000000 4.815709 100.774201 -2.079294 -1.688361 -0.016261 
1047 38.034626 0.000000 4.815709 101.422247 -0.000000 -1.205467 -0.028793 
1048 38.499680 0.000000 4.380357 101.515355 -1.894740 -2.750675 -0.031652 
1049 38.499680 0.000000 5.251060 100.803000 -0.000000 -0.774315 -0.016184 
1050 40.824946 0.000000 6.992467 98.490084 -0.000000 1.355235 0.029787 
1051 39.894839 0.000000 6.992467 100.024275 0.000000 1.002552 -0.000586 
1052 41.755052 0.000000 6.992467 97.514480 0.000000 1.318665 0.048919 
1053 40.824946 0.000000 7.863171 98.791143 -0.000000 1.695882 0.023743 
1054 47.335690 0.000000 13.087391 99.056083 -10.767765 4.158312 0.005466 
1055 51.056116 0.000000 13.087391 98.980772 -11.065150 4.591285 0.005929 
1056 47.335690 0.000000 16.570205 99.193655 -8.865969 4.759028 0.005937 
1057 45.475478 0.000000 7.863171 99.232699 5.087081 1.821360 0.012368 
1058 47.335690 0.000000 7.863171 99.326274 4.535032 4.297571 0.009526 
1059 45.475478 0.000000 9.604577 97.809389 -23.390046 10.802817 -0.023047 
1060 42.685158 0.000000 6.992467 97.869347 0.898923 1.738029 0.041776 
1061 42.685158 0.000000 6.121764 97.403518 -0.904527 1.697612 0.050885 
1062 43.615265 0.000000 6.992467 98.108582 1.417568 2.224541 0.036775 
1063 42.685158 0.000000 7.863171 98.849901 -2.381366 -2.683110 0.021583 
1064 41.755052 0.000000 11.345984 99.631116 -9.975193 2.679617 -0.003304 
1065 39.894839 0.000000 11.345984 100.311695 -8.669641 2.896655 -0.014599 
1066 43.615265 0.000000 11.345984 99.050525 -12.044676 3.045863 0.003464 
1067 41.755052 0.000000 13.087391 99.645214 -9.012699 3.529823 -0.002286 
1068 40.824946 0.000000 8.733874 99.630447 -1.393539 0.986334 0.007086 
1069 39.894839 0.000000 8.733874 100.436453 -1.461530 0.862484 -0.009036 
1070 41.755052 0.000000 8.733874 97.371224 -1.862537 1.215171 0.051390 
1071 40.824946 0.000000 9.604577 100.069966 -6.845654 1.187342 -0.006227 
1072 41.289999 0.000000 7.427819 97.845751 -0.000000 1.544974 0.042382 
1073 40.824946 0.000000 7.427819 98.749588 -0.000000 1.526227 0.024619 
1074 41.289999 0.000000 6.992467 97.783721 0.000000 1.356158 0.043650 
1075 41.755052 0.000000 7.427819 97.520876 0.000000 1.395269 0.048773 
1076 41.289999 0.000000 7.863171 97.783368 -0.000000 1.821454 0.043510 
1077 42.685158 0.000000 8.733874 95.751647 0.000000 1.787576 0.082843 
1078 43.615265 0.000000 8.733874 102.025725 10.973083 4.713407 -0.055187 
1079 42.685158 0.000000 9.604577 98.003543 -25.053482 2.203187 -0.023723 
1080 45.475478 0.000000 11.345984 98.812976 -12.970587 3.577677 0.005496 
1081 47.335690 0.000000 11.345984 98.678857 -13.091417 4.169442 0.007371 
1082 45.475478 0.000000 13.087391 99.094039 -10.321686 3.934118 0.005836 
1083 42.685158 0.000000 10.475281 98.993635 -13.499449 2.361026 0.001245 
1084 41.755052 0.000000 10.475281 99.518545 -10.575861 2.078262 -0.002011 
1085 43.615265 0.000000 10.475281 98.665713 -15.046876 2.907230 0.003022 
1086 42.685158 0.000000 11.345984 99.298064 -11.145412 2.807331 0.000779 
1087 42.220105 0.000000 9.169226 96.415130 -2.547806 1.161657 0.069628 
1088 41.755052 0.000000 9.169226 98.351116 -3.626348 0.613738 0.031353 
1089 42.220105 0.000000 8.733874 96.220739 -0.486419 1.607607 0.073875 
1090 42.685158 0.000000 9.169226 96.060334 0.000000 1.698603 0.076953 
1091 42.220105 0.000000 9.604577 98.767726 -20.369570 1.365133 -0.017185 
1092 28.384772 0.000000 2.965464 94.541303 -1.826070 11.504218 0.092626 
1093 28.384772 0.000000 2.856626 94.838438 -2.233093 13.987450 0.080504 
1094 28.384772 0.000000 3.074302 90.489337 -1.000873 7.260877 0.175796 
1095 28.501036 0.000000 2.421274 103.476850 -4.474879 3.748375 -0.074153 
1096 28.501036 0.000000 2.203598 101.544776 -4.721985 6.218759 -0.037231 
1097 28.733562 0.000000 2.421274 105.150668 -4.536826 1.625142 -0.107989 
1098 28.384772 0.000000 2.747788 101.436543 -2.825295 12.622951 -0.045669 
1099 28.268509 0.000000 2.747788 99.008370 -3.182400 8.783765 0.011006 
1100 28.384772 0.000000 2.638950 102.956462 -3.385039 8.730165 -0.068771 
1101 28.501036 0.000000 2.747788 103.684548 -3.213605 18.422800 -0.110021 
1102 28.326641 0.000000 2.911045 94.510559 -1.729720 14.141866 0.086477 
1103 28.268509 0.000000 2.911045 100.138894 -1.348035 19.917596 -0.042633 
1104 28.326641 0.000000 2.856626 95.204447 -2.031521 13.680090 0.074484 
1105 28.384772 0.000000 2.911045 94.013133 -1.880306 14.082664 0.095967 
1106 28.326641 0.000000 2.965464 94.131872 -1.783364 11.331783 0.100760 
1107 29.663669 0.000000 5.251060 101.574729 -9.079838 0.305105 -0.039996 
1108 29.663669 0.000000 6.121764 101.128337 -8.344951 0.909596 -0.029741 
1109 29.198615 0.000000 3.945005 109.703979 -0.999906 -6.866609 -0.208311 
1110 29.663669 0.000000 3.945005 109.093818 -0.945298 -19.581349 -0.228578 
1111 29.198615 0.000000 4.380357 105.653290 -0.000000 -28.180951 -0.195678 
1112 28.966089 0.000000 3.291978 106.257768 -1.597182 2.312453 -0.129861 
1113 29.198615 0.000000 3.291978 104.745439 -1.461285 -0.409529 -0.097391 
1114 28.966089 0.000000 3.509653 107.663237 -2.052118 -3.610501 -0.160862 
1115 30.128722 0.000000 3.074302 171.946176 -1.243858 -17.601052 -1.987683 
1116 30.128722 0.000000 2.638950 206.617031 -3.217107 -41.527742 -3.442550 
1117 30.128722 0.000000 3.509653 112.679803 -0.351105 -32.134398 -0.372948 
1118 29.431142 0.000000 3.291978 110.719243 -1.049205 -10.228372 -0.236447 
1119 29.431142 0.000000 3.074302 108.379275 -1.560958 -8.393798 -0.181896 
1120 29.663669 0.000000 3.291978 113.072524 -0.682676 -13.375894 -0.296478 
1121 29.431142 0.000000 3.509653 108.608411 -1.344190 -11.542669 -0.193083 
1122 29.082352 0.000000 3.183140 102.174401 -1.580898 -1.601803 -0.044467 
1123 28.966089 0.000000 3.183140 101.852912 -1.442223 -0.223585 -0.037615 
1124 29.082352 0.000000 3.074302 107.226418 -2.428598 10.010247 -0.160361 
1125 29.198615 0.000000 3.183140 103.189091 -1.421334 1.269930 -0.065162 
1126 29.082352 0.000000 3.291978 103.259328 -1.494057 -1.371255 -0.066660 
1127 30.128722 0.000000 3.945005 109.979266 -1.082643 -21.695071 -0.256729 
1128 30.593775 0.000000 3.945005 111.041194 -0.657718 -27.383121 -0.308041 
1129 30.128722 0.000000 4.380357 111.295954 -0.000000 -26.393211 -0.308339 
1130 30.361248 0.000000 3.291978 133.204856 -0.837258 -18.258546 -0.807761 
1131 30.128722 0.000000 3.291978 112.688472 -1.109189 -8.014000 -0.276415 
1132 30.361248 0.000000 3.074302 196.022231 -1.967845 -40.491517 -3.006815 
1133 30.593775 0.000000 3.291978 135.546783 -0.824471 -24.915043 -0.899437 
1134 30.361248 0.000000 3.509653 110.091172 -0.647267 -18.511198 -0.246315 
1135 29.896195 0.000000 3.291978 112.469694 -0.946284 -9.535228 -0.274125 
1136 29.896195 0.000000 3.074302 110.351819 -1.546048 -5.176986 -0.220672 
1137 29.896195 0.000000 3.509653 111.185313 -0.995540 -13.882014 -0.255588 
1138 31.058828 0.000000 3.945005 108.355748 -0.577226 -28.011849 -0.252597 
1139 31.058828 0.000000 4.380357 108.479857 -0.518516 -32.542390 -0.282716 
1140 30.361248 0.000000 3.727329 112.921840 -0.973298 -20.000140 -0.315229 
1141 30.128722 0.000000 3.727329 111.110978 -0.899417 -16.975660 -0.263463 
1142 30.593775 0.000000 3.727329 113.871831 -0.746395 -26.912378 -0.369163 
1143 30.361248 0.000000 3.945005 110.171298 -0.896470 -24.287543 -0.272840 
1144 30.244985 0.000000 3.400816 114.818217 -0.737689 -12.044623 -0.332884 
1145 30.128722 0.000000 3.400816 113.691711 -0.942328 -10.628669 -0.303966 
1146 30.244985 0.000000 3.291978 130.687410 -0.816596 -16.150139 -0.734069 
1147 30.361248 0.000000 3.400816 125.765828 -0.732336 -21.443584 -0.627741 
1148 30.244985 0.000000 3.509653 110.588484 -0.588488 -21.894186 -0.270951 
1149 29.896195 0.000000 3.727329 111.270313 -1.131256 -16.374325 -0.265048 
1150 29.663669 0.000000 3.727329 112.053792 -1.201068 -15.337456 -0.279273 
1151 29.896195 0.000000 3.945005 108.703905 -0.813136 -20.587299 -0.224104 
1152 30.012459 0.000000 3.400816 111.888882 -0.803078 -8.814637 -0.259746 
1153 29.896195 0.000000 3.400816 109.901705 -0.990759 -9.448213 -0.216864 
1154 30.012459 0.000000 3.291978 111.767327 -0.974392 -7.213697 -0.254492 
1155 30.012459 0.000000 3.509653 111.027663 -1.012730 -13.994712 -0.252402 
1156 30.244985 0.000000 3.618491 112.461530 -1.296296 -16.333989 -0.291608 
1157 30.128722 0.000000 3.618491 111.929583 -1.204361 -15.501280 -0.276997 
1158 30.361248 0.000000 3.618491 111.639934 -0.753811 -18.052759 -0.278995 
1159 30.244985 0.000000 3.727329 110.903780 -1.062436 -18.294419 -0.263546 
1160 30.186853 0.000000 3.455234 112.232496 -0.724136 -19.299802 -0.296914 
1161 30.128722 0.000000 3.455234 113.460712 -0.694148 -20.661705 -0.330072 
1162 30.186853 0.000000 3.400816 114.692065 -0.928129 -10.784872 -0.327144 
1163 30.244985 0.000000 3.455234 111.482769 -0.660892 -19.254491 -0.279958 
1164 30.186853 0.000000 3.509653 111.656490 -0.459810 -27.200160 -0.320723 
1165 30.012459 0.000000 3.618491 111.047187 -1.209941 -15.066600 -0.255994 
1166 29.896195 0.000000 3.618491 111.808041 -1.202592 -14.230647 -0.270500 
1167 30.012459 0.000000 3.727329 111.097086 -1.288172 -16.218416 -0.260726 
1168 30.070590 0.000000 3.455234 112.963444 -0.991991 -10.792069 -0.287819 
1169 30.012459 0.000000 3.455234 112.499345 -0.827461 -10.951510 -0.277672 
1170 30.070590 0.000000 3.400816 112.819045 -0.893294 -9.504598 -0.281927 
1171 30.070590 0.000000 3.509653 111.962181 -1.104496 -13.460061 -0.271792 
1172 30.186853 0.000000 3.564072 111.882976 -0.870595 -19.919428 -0.291534 
1173 30.128722 0.000000 3.564072 112.444593 -1.241401 -13.926838 -0.283928 
1174 30.244985 0.000000 3.564072 110.638450 -0.739273 -20.513730 -0.266223 
1175 30.186853 0.000000 3.618491 112.352912 -1.349768 -15.505508 -0.286542 
1176 30.157788 0.000000 3.482444 112.380919 -0.488861 -27.336519 -0.337700 
1177 30.128722 0.000000 3.482444 112.543719 -0.445700 -29.055376 -0.351050 
1178 30.157788 0.000000 3.455234 113.015162 -0.588741 -22.544937 -0.328105 
1179 30.186853 0.000000 3.482444 111.583473 -0.588464 -22.598513 -0.296191 
1180 30.157788 0.000000 3.509653 112.365589 -0.470093 -28.816902 -0.345666 
1181 38.034626 0.000000 11.345984 100.519379 -8.748276 3.634635 -0.019389 
1182 36.174414 0.000000 11.345984 100.210968 -8.358225 3.920719 -0.012747 
1183 38.034626 0.000000 13.087391 100.070919 -8.177875 3.996491 -0.009704 
1184 40.824946 0.000000 10.475281 100.040230 -8.709346 2.067780 -0.008818 
1185 39.894839 0.000000 10.475281 100.536039 -8.389045 2.235781 -0.018287 
1186 40.824946 0.000000 11.345984 100.000879 -9.036539 2.704672 -0.008915 
1187 41.289999 0.000000 9.169226 99.382742 -2.724241 0.603150 0.011529 
1188 40.824946 0.000000 9.169226 100.074748 -2.949593 0.516758 -0.002392 
1189 41.289999 0.000000 8.733874 98.767593 -1.221408 1.222999 0.024198 
1190 41.289999 0.000000 9.604577 99.711998 -7.178289 1.214706 0.000451 
1191 42.220105 0.000000 8.298522 96.036957 0.000000 1.804635 0.077365 
1192 41.755052 0.000000 8.298522 96.372021 0.000000 1.931103 0.070870 
1193 42.220105 0.000000 7.863171 96.533979 0.000000 1.619208 0.067857 
1194 42.685158 0.000000 8.298522 96.652437 0.000000 1.564373 0.065586 
1195 41.987579 0.000000 8.951550 97.395288 -2.794606 0.951027 0.050544 
1196 41.755052 0.000000 8.951550 98.184932 -3.357258 0.669959 0.034800 
1197 41.987579 0.000000 8.733874 96.289989 -1.373251 1.477220 0.072417 
1198 42.220105 0.000000 8.951550 96.546062 -2.163105 1.227493 0.067267 
1199 41.987579 0.000000 9.169226 97.631357 -3.209629 0.814780 0.045715 
1200 41.289999 0.000000 8.298522 97.905464 -0.000000 1.835586 0.041115 
1201 40.824946 0.000000 8.298522 99.170964 -0.000000 1.592526 0.016258 
1202 41.522525 0.000000 8.951550 98.652100 -2.784519 0.729399 0.025948 
1203 41.289999 0.000000 8.951550 99.300210 -2.520203 0.678862 0.013266 
1204 41.522525 0.000000 8.733874 97.971421 -1.145045 1.360118 0.039844 
1205 41.522525 0.000000 9.169226 98.897869 -3.100804 0.598393 0.020924 
1206 42.220105 0.000000 10.039929 99.055845 -14.108364 1.847295 -0.001452 
1207 41.755052 0.000000 10.039929 99.429539 -10.959774 1.691450 -0.000921 
1208 42.685158 0.000000 10.039929 98.691718 -16.558179 2.166260 -0.001892 
1209 42.220105 0.000000 10.475281 99.229700 -12.135686 2.190203 0.000139 
1210 41.987579 0.000000 9.386902 97.985807 -4.478133 0.471220 0.037851 
1211 41.755052 0.000000 9.386902 98.469705 -4.421945 0.371935 0.028403 
1212 42.220105 0.000000 9.386902 97.564483 -3.973197 0.651768 0.046496 
1213 41.987579 0.000000 9.604577 99.101115 -15.469954 1.261354 -0.006194 
1214 41.871315 0.000000 9.060388 98.079245 -3.334113 0.795589 0.036871 
1215 41.755052 0.000000 9.060388 98.289999 -2.957935 0.781844 0.032972 
1216 41.871315 0.000000 8.951550 97.863125 -3.257189 0.761785 0.041162 
1217 41.987579 0.000000 9.060388 97.397383 -2.806070 0.954787 0.050496 
1218 41.871315 0.000000 9.169226 98.166921 -3.685180 0.649232 0.034925 
1219 44.545371 0.000000 8.733874 101.664441 11.219833 6.060156 -0.049827 
1220 44.545371 0.000000 7.863171 99.077242 5.208206 -0.003834 0.015657 
1221 45.475478 0.000000 8.733874 100.993793 9.828767 9.507949 -0.038675 
1222 44.545371 0.000000 9.604577 97.033799 -26.348395 10.116880 -0.021215 
1223 43.150212 0.000000 9.169226 93.566356 -73.607855 53.590372 -0.704471 
1224 43.150212 0.000000 8.733874 101.875073 11.770252 4.210101 -0.053479 
1225 43.615265 0.000000 9.169226 96.042864 -46.436162 56.395337 -0.456098 
1226 43.150212 0.000000 9.604577 97.647498 -26.564904 3.481105 -0.025285 
1227 42.452632 0.000000 8.951550 95.908291 0.000000 1.793721 0.079838 
1228 42.452632 0.000000 8.733874 95.972579 0.000000 1.770909 0.078613 
1229 42.685158 0.000000 8.951550 96.083372 0.000000 1.693717 0.076512 
1230 42.452632 0.000000 9.169226 95.688072 0.000000 1.803416 0.084054 
1231 42.103842 0.000000 9.060388 96.450557 -1.799664 1.364227 0.069219 
1232 42.103842 0.000000 8.951550 97.046740 -2.398481 1.114497 0.057494 
1233 42.220105 0.000000 9.060388 95.017857 -1.026591 1.747683 0.096750 
1234 42.103842 0.000000 9.169226 97.269184 -2.792046 0.998054 0.052991 
1235 41.289999 0.000000 10.039929 99.756009 -8.884056 1.645598 -0.003290 
1236 40.824946 0.000000 10.039929 100.061855 -8.061594 1.653931 -0.008010 
1237 41.289999 0.000000 10.475281 99.791593 -9.383248 2.033693 -0.005054 
1238 41.522525 0.000000 9.386902 99.314070 -4.209931 0.181557 0.011896 
1239 41.289999 0.000000 9.386902 99.638744 -3.473996 0.400408 0.005989 
1240 41.522525 0.000000 9.604577 99.549144 -8.186729 1.219282 0.002146 
1241 41.871315 0.000000 9.278064 98.190221 -4.050095 0.501506 0.034203 
1242 41.755052 0.000000 9.278064 98.505192 -4.224460 0.391622 0.027873 
1243 41.987579 0.000000 9.278064 98.117424 -4.020028 0.525671 0.035653 
1244 41.871315 0.000000 9.386902 98.475988 -4.773040 0.279188 0.027962 
1245 41.929447 0.000000 9.114807 97.915970 -3.181498 0.854287 0.040161 
1246 41.871315 0.000000 9.114807 98.103048 -3.403421 0.769961 0.036362 
1247 41.929447 0.000000 9.060388 97.924141 -3.131621 0.879214 0.040028 
1248 41.987579 0.000000 9.114807 97.475921 -2.944492 0.907843 0.048895 
1249 41.929447 0.000000 9.169226 97.781665 -3.430196 0.732621 0.042644 
1250 41.638789 0.000000 9.060388 98.723270 -2.655390 0.759799 0.024609 
1251 41.522525 0.000000 9.060388 98.901512 -2.838379 0.671438 0.020998 
1252 41.638789 0.000000 8.951550 98.458672 -3.098110 0.687182 0.029582 
1253 41.638789 0.000000 9.169226 98.705169 -3.154177 0.630043 0.024694 
1254 41.813184 0.000000 9.114807 98.242133 -3.458314 0.717570 0.033601 
1255 41.755052 0.000000 9.114807 98.309476 -3.070653 0.751531 0.032525 
1256 41.813184 0.000000 9.060388 98.206583 -3.253101 0.798767 0.034425 
1257 41.813184 0.000000 9.169226 98.298477 -3.692265 0.616039 0.032340 
1258 41.638789 0.000000 9.278064 98.723089 -4.137967 0.376054 0.023649 
1259 41.522525 0.000000 9.278064 99.029838 -3.449061 0.485107 0.018096 
1260 41.638789 0.000000 9.386902 98.987826 -4.309007 0.266175 0.018277 
1261 41.696920 0.000000 9.114807 98.510549 -2.800888 0.750121 0.028726 
1262 41.638789 0.000000 9.114807 98.716721 -2.873973 0.702512 0.024626 
1263 41.696920 0.000000 9.060388 98.446597 -2.736861 0.793147 0.030015 
1264 41.696920 0.000000 9.169226 98.536301 -3.973297 0.447642 0.027461 
1265 41.987579 0.000000 8.516198 95.599418 0.000000 1.918328 0.085707 
1266 41.755052 0.000000 8.516198 96.506417 0.000000 1.904725 0.068288 
1267 41.987579 0.000000 8.298522 95.783553 0.000000 1.855625 0.082207 
1268 42.220105 0.000000 8.516198 95.889504 0.000000 1.796388 0.080198 
1269 41.871315 0.000000 8.842712 97.507221 -2.511285 1.015214 0.048500 
1270 41.755052 0.000000 8.842712 97.920974 -2.770732 0.874981 0.040304 
1271 41.871315 0.000000 8.733874 97.108995 -1.620428 1.316424 0.056548 
1272 41.987579 0.000000 8.842712 97.125039 -2.440189 1.073765 0.055962 
1273 41.813184 0.000000 9.005969 98.194948 -3.379658 0.719994 0.034581 
1274 41.755052 0.000000 9.005969 98.245875 -3.401429 0.693356 0.033570 
1275 41.813184 0.000000 8.951550 97.940279 -3.260908 0.747868 0.039651 
1276 41.871315 0.000000 9.005969 98.037577 -3.421658 0.739591 0.037638 
1277 41.784118 0.000000 9.087597 98.265882 -3.112285 0.776127 0.033353 
1278 41.755052 0.000000 9.087597 98.298484 -2.948230 0.781922 0.032810 
1279 41.784118 0.000000 9.060388 98.258230 -3.102420 0.777785 0.033509 
1280 41.813184 0.000000 9.087597 98.203291 -3.206729 0.823814 0.034515 
1281 41.784118 0.000000 9.114807 98.278509 -3.466086 0.695344 0.032884 
1282 38.964733 0.000000 8.733874 101.197256 -2.413154 0.416095 -0.024688 
1283 38.034626 0.000000 8.733874 102.693427 -2.734559 -0.087533 -0.055343 
1284 38.964733 0.000000 7.863171 100.892681 -0.000000 0.944600 -0.018023 
1285 38.964733 0.000000 9.604577 101.537614 -8.653206 1.663976 -0.038753 
1286 40.359892 0.000000 9.169226 100.488088 -3.194121 0.480125 -0.010829 
1287 39.894839 0.000000 9.169226 100.889938 -3.447104 0.405102 -0.019083 
1288 40.359892 0.000000 8.733874 100.067675 -1.207544 0.965563 -0.001593 
1289 40.359892 0.000000 9.604577 100.428227 -7.145672 1.248736 -0.013845 
1290 38.964733 0.000000 10.475281 100.954723 -8.777040 2.669898 -0.027602 
1291 38.034626 0.000000 10.475281 101.107500 -9.287714 3.362562 -0.032029 
1292 38.964733 0.000000 11.345984 100.521109 -8.627823 3.208374 -0.018923 
1293 39.429786 0.000000 9.169226 101.161653 -3.865874 0.318430 -0.024873 
1294 38.964733 0.000000 9.169226 101.641465 -4.324402 0.156349 -0.034971 
1295 39.429786 0.000000 8.733874 100.931239 -2.574909 0.531264 -0.019403 
1296 39.429786 0.000000 9.604577 101.145413 -8.008505 1.474354 -0.029670 
1297 34.314201 0.000000 7.863171 99.181648 -10.178282 2.449131 0.005341 
1298 34.314201 0.000000 9.604577 99.806590 -8.689669 3.180982 -0.004698 
1299 37.104520 0.000000 8.733874 112.312982 0.000000 -4.087089 -0.263091 
1300 36.174414 0.000000 8.733874 117.175385 0.000000 -9.275084 -0.381610 
1301 37.104520 0.000000 7.863171 107.737982 0.000000 -2.652111 -0.161451 
1302 37.104520 0.000000 9.604577 100.751837 -12.815735 4.594080 -0.033628 
1303 38.499680 0.000000 9.169226 102.332237 -5.291218 0.016508 -0.049988 
1304 38.034626 0.000000 9.169226 103.726769 -6.742804 -0.128499 -0.080472 
1305 38.499680 0.000000 8.733874 101.468939 -2.074578 0.194343 -0.030029 
1306 38.499680 0.000000 9.604577 101.956135 -9.473363 1.978996 -0.048871 
1307 34.314201 0.000000 11.345984 99.915968 -7.950000 3.760945 -0.006055 
1308 32.453988 0.000000 11.345984 100.476582 -8.091794 3.357408 -0.017229 
1309 34.314201 0.000000 13.087391 100.100838 -7.657246 4.116556 -0.009576 
1310 37.104520 0.000000 10.475281 100.642765 -9.416292 3.910454 -0.023292 
1311 36.174414 0.000000 10.475281 100.066790 -9.147341 3.928122 -0.011247 
1312 37.104520 0.000000 11.345984 100.400158 -8.614819 3.807892 -0.016891 
1313 37.569573 0.000000 9.169226 106.893314 -8.563044 -0.415481 -0.149968 
1314 37.104520 0.000000 9.169226 108.955802 -6.218681 -1.341633 -0.191184 
1315 37.569573 0.000000 8.733874 106.060567 -4.710534 -0.679552 -0.127149 
1316 37.569573 0.000000 9.604577 102.217601 -12.697454 3.791014 -0.062404 
1317 37.104520 0.000000 6.992467 104.223189 -0.000000 -0.956077 -0.086339 
1318 36.174414 0.000000 6.992467 109.809030 0.000000 -5.565886 -0.208900 
1319 38.034626 0.000000 6.992467 101.976437 -0.000000 0.279172 -0.039927 
1320 37.569573 0.000000 8.298522 105.595946 0.000000 -1.170757 -0.115187 
1321 37.104520 0.000000 8.298522 109.198152 0.000000 -3.084905 -0.193375 
1322 37.569573 0.000000 7.863171 104.183167 -0.000000 -0.352388 -0.085426 
1323 38.034626 0.000000 8.298522 102.347152 -0.000000 0.127656 -0.047496 
1324 37.802100 0.000000 8.951550 105.645738 -7.564578 -0.405122 -0.121841 
1325 37.569573 0.000000 8.951550 106.778299 -7.683647 -0.506631 -0.146090 
1326 37.802100 0.000000 8.733874 104.464703 -4.201495 -0.422645 -0.093071 
1327 38.034626 0.000000 8.951550 103.658007 -6.315014 -0.119800 -0.078488 
1328 37.802100 0.000000 9.169226 105.704575 -8.103214 -0.364856 -0.123925 
1329 35.244307 0.000000 8.733874 99.384740 -10.373668 3.107880 0.000540 
1330 34.314201 0.000000 8.733874 99.514850 -9.371125 2.878065 0.000069 
1331 35.244307 0.000000 7.863171 99.000057 -12.452892 2.632354 0.003698 
1332 35.244307 0.000000 9.604577 99.827146 -9.328616 3.321387 -0.006351 
1333 36.639467 0.000000 9.169226 110.985445 0.000000 -2.879380 -0.232606 
1334 36.174414 0.000000 9.169226 99.525297 -11.765428 3.717457 -0.005753 
1335 36.639467 0.000000 8.733874 112.436207 0.000000 -4.722529 -0.266420 
1336 36.639467 0.000000 9.604577 99.912774 -11.481262 4.271846 -0.013263 
1337 37.337047 0.000000 8.951550 108.354336 -6.530691 -1.081670 -0.178448 
1338 37.104520 0.000000 8.951550 109.541668 -4.149081 -1.847804 -0.202001 
1339 37.337047 0.000000 8.733874 107.594330 -2.926098 -1.152097 -0.158643 
1340 37.337047 0.000000 9.169226 108.400997 -8.641496 -0.846573 -0.182617 
1341 37.569573 0.000000 10.039929 101.388059 -10.418469 3.689316 -0.040169 
1342 37.104520 0.000000 10.039929 100.747652 -10.395566 4.102187 -0.027499 
1343 38.034626 0.000000 10.039929 101.634035 -9.860311 3.049445 -0.043600 
1344 37.569573 0.000000 10.475281 100.939676 -9.398929 3.633535 -0.029036 
1345 37.337047 0.000000 9.386902 108.358718 -8.922748 -0.808243 -0.182188 
1346 37.104520 0.000000 9.386902 109.473173 -5.132798 -1.600043 -0.201328 
1347 37.569573 0.000000 9.386902 107.791092 -9.825022 -0.572807 -0.171578 
1348 37.337047 0.000000 9.604577 101.536026 -13.016999 4.435411 -0.049868 
1349 37.453310 0.000000 9.060388 107.993294 -7.987360 -0.568180 -0.172667 
1350 37.337047 0.000000 9.060388 108.140557 -8.252764 -0.846314 -0.176320 
1351 37.453310 0.000000 8.951550 107.498706 -7.623482 -0.740748 -0.161464 
1352 37.569573 0.000000 9.060388 107.017032 -7.844068 -0.423484 -0.151435 
1353 37.453310 0.000000 9.169226 107.895633 -8.637194 -0.569816 -0.171639 
1354 36.639467 0.000000 8.298522 113.344193 0.000000 -5.965067 -0.288249 
1355 36.174414 0.000000 8.298522 115.862562 0.000000 -8.254817 -0.349228 
1356 36.639467 0.000000 7.863171 111.061046 0.000000 -5.301866 -0.236267 
1357 36.871993 0.000000 8.951550 110.266987 0.000000 -2.703622 -0.216612 
1358 36.639467 0.000000 8.951550 111.072915 0.000000 -2.933031 -0.234580 
1359 36.871993 0.000000 8.733874 111.147933 0.000000 -3.767497 -0.236806 
1360 36.871993 0.000000 9.169226 109.882905 0.000000 -2.525997 -0.208063 
1361 37.220783 0.000000 9.060388 108.682211 -6.975620 -1.162571 -0.186183 
1362 37.104520 0.000000 9.060388 109.151431 -5.384161 -1.527735 -0.194536 
1363 37.220783 0.000000 8.951550 108.893582 -5.556090 -1.404700 -0.189066 
1364 37.220783 0.000000 9.169226 108.567361 -7.841894 -1.014909 -0.184940 
1365 37.802100 0.000000 9.386902 106.212725 -10.502129 -0.090696 -0.139145 
1366 38.034626 0.000000 9.386902 104.026329 -8.319143 -0.056835 -0.089069 
1367 37.802100 0.000000 9.604577 102.470454 -11.800925 3.084710 -0.064897 
1368 37.453310 0.000000 9.278064 107.935775 -9.713911 -0.614181 -0.174487 
1369 37.337047 0.000000 9.278064 108.381778 -8.903755 -0.812266 -0.182655 
1370 37.569573 0.000000 9.278064 107.518246 -9.597872 -0.529112 -0.165257 
1371 37.453310 0.000000 9.386902 107.915116 -9.615947 -0.629071 -0.173853 
1372 37.395178 0.000000 9.114807 108.765651 -8.229231 -0.430317 -0.189787 
1373 37.337047 0.000000 9.114807 108.129969 -8.673380 -0.793550 -0.176795 
1374 37.395178 0.000000 9.060388 108.936367 -7.994805 -0.365860 -0.193118 
1375 37.453310 0.000000 9.114807 107.972197 -8.246937 -0.563076 -0.172632 
1376 37.395178 0.000000 9.169226 108.029805 -9.320218 -0.682267 -0.175777 
1377 41.289999 0.000000 3.945005 110.300015 -8.586596 -13.239273 -0.241510 
1378 41.289999 0.000000 3.509653 107.867746 -6.788607 -10.196986 -0.178551 
1379 41.755052 0.000000 3.945005 110.589019 -9.604338 -11.924144 -0.246436 
1380 41.289999 0.000000 4.380357 97.866911 0.000000 -1.245280 0.042052 
1381 40.592419 0.000000 3.727329 104.186141 -4.065400 -6.160824 -0.090924 
1382 40.359892 0.000000 3.727329 103.766253 -2.878567 -5.143374 -0.080218 
1383 40.592419 0.000000 3.509653 106.657226 -4.614329 -7.642881 -0.145547 
1384 40.824946 0.000000 3.727329 104.951276 -5.670992 -7.965493 -0.111038 
1385 40.592419 0.000000 3.945005 102.040664 -2.819902 -4.439773 -0.043996 
1386 40.127366 0.000000 3.727329 103.721771 -2.665651 -3.881443 -0.078038 
1387 39.894839 0.000000 3.727329 103.506273 -2.636918 -2.843214 -0.072859 
1388 40.127366 0.000000 3.509653 107.119042 -3.062925 -4.744925 -0.150639 
1389 40.127366 0.000000 3.945005 102.485556 -1.855464 -2.723001 -0.051415 
1390 40.592419 0.000000 4.162681 100.179821 -1.447431 -2.659109 -0.004516 
1391 40.359892 0.000000 4.162681 100.153150 -1.393266 -2.207827 -0.003747 
1392 40.824946 0.000000 4.162681 101.793550 -2.872210 -4.154631 -0.038744 
1393 40.592419 0.000000 4.380357 98.631211 0.000000 -1.407469 0.026990 
1394 40.476156 0.000000 3.836167 102.317407 -2.352412 -4.298094 -0.049286 
1395 40.359892 0.000000 3.836167 102.935729 -2.564995 -4.123099 -0.061934 
1396 40.476156 0.000000 3.727329 103.818076 -3.093603 -5.384964 -0.081676 
1397 40.592419 0.000000 3.836167 103.787063 -3.871894 -5.730561 -0.081959 
1398 40.476156 0.000000 3.945005 100.848031 -1.118492 -3.706795 -0.018532 
1399 41.289999 0.000000 3.074302 106.131916 -6.958296 0.014729 -0.131240 
1400 41.289999 0.000000 2.638950 106.361161 -8.001577 -1.385805 -0.137864 
1401 41.755052 0.000000 3.074302 105.924324 -6.788634 0.545534 -0.126635 
1402 41.057472 0.000000 3.727329 106.982480 -5.770446 -10.767833 -0.159450 
1403 41.057472 0.000000 3.509653 107.859403 -6.286738 -10.871648 -0.179137 
1404 41.289999 0.000000 3.727329 109.576999 -7.799403 -13.418679 -0.224801 
1405 41.057472 0.000000 3.945005 106.116612 -5.626277 -9.303792 -0.137895 
1406 40.708682 0.000000 3.836167 103.942281 -4.552067 -6.276241 -0.086411 
1407 40.708682 0.000000 3.727329 104.542941 -4.582774 -6.494846 -0.099241 
1408 40.824946 0.000000 3.836167 104.543583 -4.142336 -7.027400 -0.099590 
1409 40.708682 0.000000 3.945005 103.290098 -4.661187 -5.494197 -0.072076 
1410 40.127366 0.000000 4.162681 101.019877 -1.377767 -2.016586 -0.021098 
1411 40.476156 0.000000 4.053843 101.454874 -2.559856 -3.623930 -0.031278 
1412 40.359892 0.000000 4.053843 102.194797 -2.566260 -3.461502 -0.046234 
1413 40.592419 0.000000 4.053843 101.944474 -3.376566 -3.778870 -0.041836 
1414 40.476156 0.000000 4.162681 100.621178 -1.804148 -2.787350 -0.013565 
1415 40.534287 0.000000 3.890586 101.990190 -2.358594 -4.346061 -0.042645 
1416 40.476156 0.000000 3.890586 101.595985 -1.757653 -3.985168 -0.034072 
1417 40.534287 0.000000 3.836167 102.538356 -2.817389 -4.627756 -0.054347 
1418 40.592419 0.000000 3.890586 102.486177 -2.895415 -4.596508 -0.053293 
1419 40.534287 0.000000 3.945005 101.675212 -2.109758 -4.171536 -0.035970 
1420 42.685158 0.000000 5.251060 96.821929 -1.727741 0.378844 0.062239 
1421 43.615265 0.000000 5.251060 97.036024 -2.049516 1.487231 0.057760 
1422 41.289999 0.000000 4.815709 98.035611 0.000000 -0.542705 0.038872 
1423 41.755052 0.000000 4.815709 96.429990 -1.890692 0.087123 0.069767 
1424 41.289999 0.000000 5.251060 97.833208 0.000000 0.154817 0.042864 
1425 41.057472 0.000000 4.162681 104.318241 -5.514243 -5.837688 -0.094678 
1426 41.289999 0.000000 4.162681 107.092377 -8.072670 -7.687090 -0.159304 
1427 41.057472 0.000000 4.380357 98.129961 0.000000 -1.282090 0.036887 
1428 40.708682 0.000000 4.053843 102.203810 -2.454251 -4.749648 -0.047420 
1429 40.824946 0.000000 4.053843 102.998366 -3.360766 -5.635997 -0.065172 
1430 40.708682 0.000000 4.162681 100.659682 -1.872139 -3.329740 -0.014696 
1431 40.650551 0.000000 3.890586 103.430441 -4.364917 -5.349605 -0.074553 
1432 40.650551 0.000000 3.836167 104.119636 -4.252454 -6.114583 -0.089637 
1433 40.708682 0.000000 3.890586 103.541383 -4.532249 -5.455591 -0.077112 
1434 40.650551 0.000000 3.945005 102.987102 -3.961457 -4.929924 -0.064634 
1435 40.534287 0.000000 3.999424 101.693041 -2.483398 -4.192427 -0.036522 
1436 40.476156 0.000000 3.999424 101.561340 -2.000015 -3.582583 -0.033154 
1437 40.592419 0.000000 3.999424 101.938491 -2.809591 -4.336400 -0.041815 
1438 40.534287 0.000000 4.053843 101.448794 -2.609427 -3.648191 -0.031198 
1439 40.563353 0.000000 3.917796 102.117731 -2.541873 -4.395323 -0.045381 
1440 40.534287 0.000000 3.917796 101.726945 -2.128648 -4.213932 -0.037066 
1441 40.563353 0.000000 3.890586 102.271776 -2.659457 -4.484406 -0.048670 
1442 40.592419 0.000000 3.917796 102.366774 -2.813634 -4.520426 -0.050731 
1443 40.563353 0.000000 3.945005 102.045764 -2.507036 -4.340846 -0.043847 
1444 40.243629 0.000000 3.836167 103.072873 -2.298791 -3.773314 -0.064354 
1445 40.127366 0.000000 3.836167 103.214742 -2.580781 -3.210333 -0.067025 
1446 40.243629 0.000000 3.727329 103.583747 -2.669935 -4.221615 -0.075454 
1447 40.243629 0.000000 3.945005 102.271898 -1.968034 -3.036719 -0.047264 
1448 40.418024 0.000000 3.890586 102.062510 -1.989821 -3.916141 -0.043605 
1449 40.359892 0.000000 3.890586 102.211217 -1.889287 -3.741034 -0.046470 
1450 40.418024 0.000000 3.836167 102.398793 -2.251205 -4.104307 -0.050743 
1451 40.418024 0.000000 3.945005 101.868631 -1.927181 -3.907905 -0.039620 
1452 40.505221 0.000000 3.917796 101.049202 -1.311770 -3.810349 -0.022718 
1453 40.476156 0.000000 3.917796 100.804096 -1.062957 -3.706595 -0.017633 
1454 40.505221 0.000000 3.890586 101.650756 -1.843764 -4.037314 -0.035258 
1455 40.505221 0.000000 3.945005 101.055354 -1.336343 -3.796414 -0.022838 
1456 40.650551 0.000000 3.999424 102.696676 -3.755898 -4.725696 -0.058305 
1457 40.708682 0.000000 3.999424 103.119266 -3.369382 -5.285136 -0.067287 
1458 40.650551 0.000000 4.053843 101.982118 -2.734197 -3.882449 -0.042290 
1459 40.563353 0.000000 3.972215 101.813541 -2.589187 -4.292051 -0.039112 
1460 40.534287 0.000000 3.972215 101.801637 -2.278168 -4.198584 -0.038639 
1461 40.592419 0.000000 3.972215 101.986153 -2.808399 -4.388125 -0.042832 
1462 40.563353 0.000000 3.999424 101.818665 -2.650377 -4.264140 -0.039225 
1463 40.548820 0.000000 3.931400 101.897106 -2.327094 -4.282316 -0.040677 
1464 40.534287 0.000000 3.931400 101.667518 -2.084872 -4.178945 -0.035809 
1465 40.548820 0.000000 3.917796 101.947598 -2.360387 -4.314692 -0.041750 
1466 40.563353 0.000000 3.931400 102.070501 -2.512816 -4.363509 -0.044374 
1467 40.548820 0.000000 3.945005 101.883944 -2.332164 -4.265239 -0.040397 
1468 40.592419 0.000000 4.598033 98.713669 0.000000 -1.120504 0.025436 
1469 40.824946 0.000000 4.598033 98.293283 0.000000 -1.086170 0.033725 
1470 40.592419 0.000000 4.815709 98.782323 0.000000 -0.738848 0.024151 
1471 41.057472 0.000000 4.598033 98.254566 0.000000 -0.987328 0.034507 
1472 41.289999 0.000000 4.598033 98.045034 0.000000 -0.542945 0.038688 
1473 41.057472 0.000000 4.815709 98.191196 0.000000 -0.542387 0.035819 
1474 40.708682 0.000000 4.489195 98.396063 0.000000 -1.204514 0.031676 
1475 40.592419 0.000000 4.489195 98.805824 0.000000 -1.191966 0.023599 
1476 40.708682 0.000000 4.380357 98.548603 0.000000 -1.381323 0.028626 
1477 40.824946 0.000000 4.489195 98.517293 0.000000 -1.151585 0.029302 
1478 40.708682 0.000000 4.598033 98.184924 0.000000 -1.167972 0.035836 
1479 40.941209 0.000000 4.489195 98.409143 0.000000 -1.167563 0.031428 
1480 40.941209 0.000000 4.380357 98.411440 0.000000 -1.273661 0.031357 
1481 41.057472 0.000000 4.489195 98.262690 0.000000 -1.083479 0.034327 
1482 40.941209 0.000000 4.598033 98.262643 0.000000 -0.989569 0.034347 
1483 40.359892 0.000000 5.686412 98.993663 -0.000000 0.430544 0.020007 
1484 39.894839 0.000000 5.686412 99.479778 -0.000000 0.299996 0.010368 
1485 40.824946 0.000000 5.686412 98.335555 0.000000 0.535178 0.032983 
1486 40.359892 0.000000 6.121764 99.160239 -0.000000 0.645413 0.016683 
1487 40.592419 0.000000 5.033384 98.750726 0.000000 -0.264540 0.024822 
1488 40.359892 0.000000 5.033384 99.078027 -0.000000 -0.274645 0.018347 
1489 40.824946 0.000000 5.033384 98.302783 0.000000 -0.262372 0.033649 
1490 40.592419 0.000000 5.251060 98.751795 -0.000000 -0.069072 0.024808 
1491 40.708682 0.000000 4.706871 98.382036 0.000000 -0.973943 0.032003 
1492 40.592419 0.000000 4.706871 98.800659 0.000000 -0.936295 0.023755 
1493 40.824946 0.000000 4.706871 98.471092 0.000000 -0.867453 0.030269 
1494 40.708682 0.000000 4.815709 98.530457 0.000000 -0.750169 0.029119 
1495 40.766814 0.000000 4.543614 98.206427 0.000000 -1.166658 0.035414 
1496 40.708682 0.000000 4.543614 98.219174 0.000000 -1.186965 0.035158 
1497 40.766814 0.000000 4.489195 98.285382 0.000000 -1.200208 0.033854 
1498 40.824946 0.000000 4.543614 98.293366 0.000000 -1.134104 0.033713 
1499 40.766814 0.000000 4.598033 98.203186 0.000000 -1.128483 0.035486 
1500 41.289999 0.000000 5.686412 97.866273 0.000000 0.675869 0.042174 
1501 41.755052 0.000000 5.686412 97.500986 0.000000 0.762383 0.049298 
1502 41.289999 0.000000 6.121764 97.887249 0.000000 0.901361 0.041727 
1503 41.057472 0.000000 5.033384 98.063058 0.000000 -0.168343 0.038361 
1504 41.289999 0.000000 5.033384 97.808513 0.000000 -0.055788 0.043349 
1505 41.057472 0.000000 5.251060 97.910913 0.000000 0.061240 0.041345 
1506 40.941209 0.000000 4.706871 98.344938 0.000000 -0.823615 0.032759 
1507 41.057472 0.000000 4.706871 98.186104 0.000000 -0.764337 0.035890 
1508 40.941209 0.000000 4.815709 98.204457 0.000000 -0.638197 0.035548 
1509 40.883077 0.000000 4.543614 98.509078 0.000000 -1.061968 0.029483 
1510 40.883077 0.000000 4.489195 98.413793 0.000000 -1.191545 0.031331 
1511 40.941209 0.000000 4.543614 98.401601 0.000000 -1.107300 0.031590 
1512 40.883077 0.000000 4.598033 98.498602 0.000000 -0.997483 0.029703 
1513 40.766814 0.000000 4.652452 98.292750 0.000000 -1.049787 0.033743 
1514 40.708682 0.000000 4.652452 98.401877 0.000000 -1.076771 0.031591 
1515 40.824946 0.000000 4.652452 98.317297 0.000000 -1.023451 0.033266 
1516 40.766814 0.000000 4.706871 98.513076 0.000000 -0.872747 0.029441 
1517 40.795880 0.000000 4.570823 98.249881 0.000000 -1.129283 0.034569 
1518 40.766814 0.000000 4.570823 98.182825 0.000000 -1.153263 0.035880 
1519 40.795880 0.000000 4.543614 98.258690 0.000000 -1.149110 0.034391 
1520 40.824946 0.000000 4.570823 98.289100 0.000000 -1.111640 0.033802 
1521 40.795880 0.000000 4.598033 98.258820 0.000000 -1.104272 0.034398 
1522 40.476156 0.000000 4.489195 98.984905 0.000000 -1.122316 0.020073 
1523 40.359892 0.000000 4.489195 99.125420 0.000000 -1.065787 0.017302 
1524 40.476156 0.000000 4.380357 98.878357 0.000000 -1.308714 0.022136 
1525 40.476156 0.000000 4.598033 99.008518 0.000000 -1.042413 0.019623 
1526 40.650551 0.000000 4.543614 98.500468 0.000000 -1.163782 0.029630 
1527 40.592419 0.000000 4.543614 98.702317 0.000000 -1.153243 0.025652 
1528 40.650551 0.000000 4.489195 98.539551 0.000000 -1.202493 0.028851 
1529 40.650551 0.000000 4.598033 98.499933 0.000000 -1.128037 0.029649 
1530 40.737748 0.000000 4.570823 98.126057 0.000000 -1.186697 0.036987 
1531 40.708682 0.000000 4.570823 98.015405 0.000000 -1.210475 0.039152 
1532 40.737748 0.000000 4.543614 98.228963 0.000000 -1.180806 0.034968 
1533 40.737748 0.000000 4.598033 98.206474 0.000000 -1.157562 0.035415 
1534 40.883077 0.000000 4.652452 98.477225 0.000000 -0.932760 0.030137 
1535 40.941209 0.000000 4.652452 98.371604 0.000000 -0.879748 0.032225 
1536 40.883077 0.000000 4.706871 98.360376 0.000000 -0.816676 0.032457 
1537 40.795880 0.000000 4.625242 98.280735 0.000000 -1.072619 0.033975 
1538 40.766814 0.000000 4.625242 98.248845 0.000000 -1.091605 0.034597 
1539 40.824946 0.000000 4.625242 98.304080 0.000000 -1.056667 0.033519 
1540 40.795880 0.000000 4.652452 98.305721 0.000000 -1.036139 0.033491 
1541 40.781347 0.000000 4.584428 98.224418 0.000000 -1.129058 0.035069 
1542 40.766814 0.000000 4.584428 98.187610 0.000000 -1.142754 0.035789 
1543 40.781347 0.000000 4.570823 98.221181 0.000000 -1.140212 0.035130 
1544 40.795880 0.000000 4.584428 98.252167 0.000000 -1.117621 0.034526 
1545 40.781347 0.000000 4.598033 98.234342 0.000000 -1.115467 0.034877 
1546 41.057472 0.000000 5.468736 97.797796 0.000000 0.374319 0.043545 
1547 40.824946 0.000000 5.468736 98.253174 0.000000 0.260572 0.034625 
1548 41.289999 0.000000 5.468736 97.658395 0.000000 0.498216 0.046259 
1549 41.057472 0.000000 5.686412 97.977589 0.000000 0.614682 0.040001 
1550 40.941209 0.000000 5.142222 98.058639 0.000000 -0.056632 0.038450 
1551 40.824946 0.000000 5.142222 98.368125 0.000000 -0.101589 0.032370 
1552 40.941209 0.000000 5.033384 98.232333 0.000000 -0.223731 0.035036 
1553 41.057472 0.000000 5.142222 98.114382 0.000000 -0.022603 0.037357 
1554 40.941209 0.000000 5.251060 97.879621 0.000000 0.016504 0.041958 
1555 42.220105 0.000000 4.815709 96.326288 -2.102135 0.593870 0.071647 
1556 42.220105 0.000000 4.380357 95.699639 -2.887073 0.112570 0.083323 
1557 42.685158 0.000000 4.815709 96.369105 -2.228264 1.110548 0.070680 
1558 42.220105 0.000000 5.251060 96.799347 -1.231473 -0.091429 0.062836 
1559 41.522525 0.000000 5.033384 97.590169 0.000000 -0.000565 0.047616 
1560 41.522525 0.000000 4.815709 97.828493 0.000000 -0.537424 0.042930 
1561 41.755052 0.000000 5.033384 96.636413 -1.982629 0.377681 0.065733 
1562 41.522525 0.000000 5.251060 97.527251 0.000000 0.521493 0.048816 
1563 41.173735 0.000000 5.142222 98.012532 0.000000 -0.017138 0.039354 
1564 41.173735 0.000000 5.033384 98.046756 0.000000 -0.102015 0.038682 
1565 41.289999 0.000000 5.142222 97.867951 0.000000 0.079712 0.042186 
1566 41.173735 0.000000 5.251060 97.944320 0.000000 0.171212 0.040688 
1567 40.592419 0.000000 5.468736 98.621840 0.000000 0.132959 0.027372 
1568 40.359892 0.000000 5.468736 99.018057 -0.000000 0.115926 0.019541 
1569 40.592419 0.000000 5.686412 98.649812 -0.000000 0.489807 0.026797 
1570 40.941209 0.000000 5.359898 98.076072 0.000000 0.184911 0.038105 
1571 40.824946 0.000000 5.359898 98.297078 0.000000 0.110561 0.033767 
1572 41.057472 0.000000 5.359898 97.986843 0.000000 0.209694 0.039853 
1573 40.941209 0.000000 5.468736 98.007898 0.000000 0.296737 0.039436 
1574 40.999341 0.000000 5.196641 97.851220 0.000000 0.008887 0.042514 
1575 40.941209 0.000000 5.196641 97.813155 0.000000 -0.004217 0.043259 
1576 40.999341 0.000000 5.142222 97.923611 0.000000 -0.027179 0.041097 
1577 41.057472 0.000000 5.196641 97.920510 0.000000 0.022306 0.041157 
1578 40.999341 0.000000 5.251060 97.857879 0.000000 0.041978 0.042383 
1579 41.289999 0.000000 6.557115 97.889018 0.000000 1.079974 0.041657 
1580 40.824946 0.000000 6.557115 98.600277 -0.000000 1.044465 0.027689 
1581 41.755052 0.000000 6.557115 97.537430 0.000000 1.136748 0.048516 
1582 41.057472 0.000000 5.904088 98.182035 0.000000 0.686046 0.035982 
1583 40.824946 0.000000 5.904088 98.441362 -0.000000 0.618590 0.030892 
1584 41.289999 0.000000 5.904088 97.805644 0.000000 0.766013 0.043347 
1585 41.057472 0.000000 6.121764 98.203463 0.000000 0.827281 0.035540 
1586 42.220105 0.000000 5.686412 97.095851 -1.522000 1.248399 0.056852 
1587 42.685158 0.000000 5.686412 97.133088 -1.515795 1.575022 0.056038 
1588 42.220105 0.000000 6.121764 97.360022 -1.001368 1.429803 0.051798 
1589 41.522525 0.000000 5.904088 97.782754 0.000000 0.809937 0.043788 
1590 41.522525 0.000000 5.686412 97.743561 0.000000 0.750916 0.044563 
1591 41.755052 0.000000 5.904088 97.765655 0.000000 0.966839 0.044094 
1592 41.522525 0.000000 6.121764 97.853925 0.000000 0.950713 0.042371 
1593 41.173735 0.000000 5.795250 97.836151 0.000000 0.706054 0.042759 
1594 41.057472 0.000000 5.795250 98.115528 0.000000 0.666910 0.037290 
1595 41.173735 0.000000 5.686412 97.907104 0.000000 0.621705 0.041381 
1596 41.289999 0.000000 5.795250 97.917829 0.000000 0.719436 0.041158 
1597 41.173735 0.000000 5.904088 97.776164 0.000000 0.748310 0.043926 
1598 41.522525 0.000000 5.468736 97.520175 0.000000 0.522198 0.048954 
1599 41.755052 0.000000 5.468736 97.350604 0.000000 0.539091 0.052257 
1600 41.406262 0.000000 5.795250 97.829786 0.000000 0.723484 0.042881 
1601 41.406262 0.000000 5.686412 97.806959 0.000000 0.686791 0.043333 
1602 41.522525 0.000000 5.795250 97.764695 0.000000 0.778740 0.044146 
1603 41.406262 0.000000 5.904088 97.891127 0.000000 0.813602 0.041667 
1604 38.964733 0.000000 6.992467 100.882355 -0.000000 0.665043 -0.017769 
1605 40.359892 0.000000 6.557115 99.302561 -0.000000 0.899123 0.013819 
1606 39.894839 0.000000 6.557115 99.899674 0.000000 0.794547 0.001942 
1607 40.359892 0.000000 6.992467 99.447654 -0.000000 1.216688 0.010868 
1608 41.057472 0.000000 6.339440 98.218979 0.000000 1.002198 0.035203 
1609 40.824946 0.000000 6.339440 98.530713 -0.000000 0.984419 0.029073 
1610 41.289999 0.000000 6.339440 97.873113 0.000000 1.028214 0.041980 
1611 41.057472 0.000000 6.557115 98.140353 -0.000000 1.060167 0.036735 
1612 41.173735 0.000000 6.012926 98.007818 0.000000 0.806949 0.039382 
1613 41.057472 0.000000 6.012926 98.179490 0.000000 0.742245 0.036024 
1614 41.289999 0.000000 6.012926 97.948448 0.000000 0.821728 0.040543 
1615 41.173735 0.000000 6.121764 98.060866 0.000000 0.850150 0.038334 
1616 41.231867 0.000000 5.849669 97.719272 0.000000 0.748517 0.045038 
1617 41.173735 0.000000 5.849669 97.634774 0.000000 0.744697 0.046690 
1618 41.231867 0.000000 5.795250 97.751416 0.000000 0.730349 0.044413 
1619 41.289999 0.000000 5.849669 97.786407 0.000000 0.749431 0.043726 
1620 41.231867 0.000000 5.904088 97.759526 0.000000 0.761582 0.044250 
1621 54.776542 0.000000 6.121764 99.478587 -0.760040 5.233880 0.007604 
1622 54.776542 0.000000 2.638950 99.273188 -1.967065 5.290348 0.011298 
1623 58.496967 0.000000 6.121764 99.604611 -0.998200 5.559188 0.004702 
1624 54.776542 0.000000 9.604577 99.185799 -6.622401 14.485980 -0.009152 
1625 95.701224 0.000000 16.570205 99.263472 -10.501899 6.359266 -0.000397 
1626 95.701224 0.000000 2.638950 99.671839 -2.130773 9.167462 -0.002306 
1627 110.582927 0.000000 16.570205 99.253590 -10.621997 6.702592 -0.000903 
1628 95.701224 0.000000 30.501460 99.454848 -8.083896 6.108525 0.000607 
1629 73.378670 0.000000 9.604577 99.525167 -2.308067 9.923685 -0.000907 
1630 73.378670 0.000000 2.638950 99.741519 -3.018421 5.679389 0.001026 
1631 80.819521 0.000000 9.604577 99.629190 -2.210626 8.702642 -0.000660 
1632 73.378670 0.000000 16.570205 99.270403 -10.140631 5.666821 0.001044 
1633 62.217393 0.000000 6.121764 99.706331 -1.302909 5.669521 0.002481 
1634 62.217393 0.000000 2.638950 99.598341 -2.500686 5.431823 0.004441 
1635 65.937819 0.000000 6.121764 99.751716 -1.619887 5.897396 0.001219 
1636 62.217393 0.000000 9.604577 99.912944 3.200721 6.835155 -0.003956 
1637 95.701224 0.000000 -11.292305 99.617529 -6.302638 5.670410 0.000447 
1638 95.701224 0.000000 -25.223560 99.579050 -6.617889 6.094111 0.000308 
1639 110.582927 0.000000 -11.292305 99.624077 -6.245778 5.699212 0.000355 
1640 73.378670 0.000000 -4.326677 99.552421 -6.109286 5.405744 0.002277 
1641 73.378670 0.000000 -11.292305 99.546628 -6.325649 5.629265 0.001877 
1642 80.819521 0.000000 -4.326677 99.610496 -6.142421 5.488416 0.000990 
1643 69.658244 0.000000 6.121764 99.765608 -1.918241 6.017804 0.000693 
1644 69.658244 0.000000 2.638950 99.712047 -2.926826 5.656839 0.001694 
1645 73.378670 0.000000 6.121764 99.782751 -2.079468 6.094142 0.000194 
1646 69.658244 0.000000 9.604577 99.448450 -2.130178 10.889803 -0.001312 
1647 65.937819 0.000000 44.432715 99.459042 -7.243722 6.223320 0.001670 
1648 80.819521 0.000000 44.432715 99.487516 -7.439321 6.222638 0.000817 
1649 65.937819 0.000000 58.363970 99.517132 -7.184662 6.300439 0.000503 
1650 58.496967 0.000000 23.535832 99.368059 -8.294615 5.693940 0.002477 
1651 65.937819 0.000000 23.535832 99.372400 -8.493762 5.791272 0.001944 
1652 58.496967 0.000000 30.501460 99.432632 -7.885180 5.959786 0.001546 
1653 62.217393 0.000000 13.087391 99.089552 -11.740493 5.509892 0.001306 
1654 58.496967 0.000000 13.087391 99.059803 -11.582606 5.209233 0.002586 
1655 65.937819 0.000000 13.087391 99.063279 -11.885769 5.906278 0.001031 
1656 62.217393 0.000000 16.570205 99.245547 -9.788732 5.371174 0.002565 
1657 64.077606 0.000000 7.863171 99.728339 -0.103895 7.761119 -0.000599 
1658 62.217393 0.000000 7.863171 99.752065 0.271833 7.624236 -0.000868 
1659 64.077606 0.000000 6.121764 99.720639 -1.475331 5.852327 0.001937 
1660 65.937819 0.000000 7.863171 99.741669 -0.383544 7.724854 -0.000822 
1661 64.077606 0.000000 9.604577 99.671646 -0.551547 9.877028 -0.003230 
1662 60.357180 0.000000 7.863171 99.742516 0.659064 7.597756 -0.000673 
1663 58.496967 0.000000 7.863171 99.719068 1.059734 7.478240 -0.000094 
1664 60.357180 0.000000 6.121764 99.663932 -1.141635 5.609986 0.003433 
1665 60.357180 0.000000 9.604577 99.642149 -10.781365 6.726275 -0.009004 
1666 62.217393 0.000000 -0.843864 99.341865 -5.752508 5.997702 0.006213 
1667 58.496967 0.000000 -0.843864 99.209464 -5.638807 6.134463 0.008805 
1668 62.217393 0.000000 -4.326677 99.378527 -6.130101 5.411132 0.005705 
1669 65.937819 0.000000 -0.843864 99.436308 -5.833424 6.016758 0.004219 
1670 64.077606 0.000000 4.380357 99.628380 -2.676715 5.838341 0.003293 
1671 62.217393 0.000000 4.380357 99.593100 -2.706350 5.678119 0.004165 
1672 64.077606 0.000000 2.638950 99.644244 -2.638615 5.500866 0.003380 
1673 65.937819 0.000000 4.380357 99.662692 -2.623733 5.954266 0.002501 
1674 63.147499 0.000000 6.992467 99.754981 -0.566433 6.379970 0.000792 
1675 62.217393 0.000000 6.992467 99.739081 -0.414027 6.343083 0.001171 
1676 63.147499 0.000000 6.121764 99.723704 -1.405133 5.729994 0.002038 
1677 64.077606 0.000000 6.992467 99.752200 -0.678249 6.453952 0.000739 
1678 63.147499 0.000000 7.863171 99.751962 0.035804 7.639858 -0.000882 
1679 54.776542 0.000000 13.087391 98.970361 -11.281235 5.001584 0.005259 
1680 54.776542 0.000000 16.570205 99.185058 -9.475645 5.101166 0.004651 
1681 52.916329 0.000000 7.863171 99.700646 2.045445 6.697714 0.001074 
1682 51.056116 0.000000 7.863171 99.583726 2.899631 6.303590 0.003494 
1683 52.916329 0.000000 6.121764 99.368984 -0.679619 4.927422 0.010106 
1684 54.776542 0.000000 7.863171 99.674084 1.615994 7.024630 0.001312 
1685 52.916329 0.000000 9.604577 99.384848 -2.484135 16.009897 -0.013984 
1686 56.636755 0.000000 7.863171 99.704949 1.417406 7.245176 0.000442 
1687 56.636755 0.000000 6.121764 99.529285 -0.831062 5.511045 0.006286 
1688 56.636755 0.000000 9.604577 99.252646 -7.508534 13.083717 -0.007865 
1689 42.452632 0.000000 9.386902 96.773373 0.000000 1.547388 0.063252 
1690 42.685158 0.000000 9.386902 97.034474 -37.689868 3.255962 -0.084682 
1691 42.452632 0.000000 9.604577 98.361954 -23.419794 1.668180 -0.022634 
1692 42.336368 0.000000 9.060388 96.562914 -0.666080 1.476789 0.067298 
1693 42.336368 0.000000 8.951550 96.977435 -2.426739 1.089280 0.058830 
1694 42.452632 0.000000 9.060388 95.725596 0.000000 1.793851 0.083339 
1695 42.336368 0.000000 9.169226 97.091905 -1.941912 1.141492 0.056809 
1696 49.195903 0.000000 7.863171 99.514127 3.473177 5.523902 0.005436 
1697 49.195903 0.000000 6.121764 98.937097 -0.548155 4.223712 0.019331 
1698 49.195903 0.000000 9.604577 98.923924 -18.029477 10.007328 -0.021115 
1699 37.104520 0.000000 0.026840 102.624709 -9.062999 19.260462 -0.098493 
1700 36.174414 0.000000 0.026840 100.950233 -9.382236 22.308365 -0.077664 
1701 37.104520 0.000000 -0.843864 100.675642 -10.094300 25.480952 -0.088676 
1702 34.314201 0.000000 -2.585271 102.479145 -10.326582 27.140370 -0.134521 
1703 34.314201 0.000000 -4.326677 97.768820 -8.493632 11.786449 0.023020 
1704 35.244307 0.000000 0.026840 103.462007 -9.457947 19.255885 -0.116463 
1705 34.314201 0.000000 0.026840 104.093174 -8.334104 19.716764 -0.129360 
1706 35.244307 0.000000 -0.843864 102.504052 -9.963984 24.570242 -0.121006 
1707 36.639467 0.000000 0.462191 103.192048 -8.721619 17.297644 -0.102387 
1708 36.174414 0.000000 0.462191 103.014511 -8.695603 17.360566 -0.098899 
1709 36.639467 0.000000 0.026840 102.449240 -9.042784 19.481905 -0.095716 
1710 37.104520 0.000000 0.462191 103.222078 -9.451291 15.231449 -0.097612 
1711 36.639467 0.000000 0.897543 103.413160 -9.464291 13.713886 -0.097193 
1712 37.104520 0.000000 -1.714567 100.444014 -11.142598 28.485630 -0.102459 
1713 36.174414 0.000000 -1.714567 101.373487 -10.640067 26.384055 -0.108591 
1714 37.104520 0.000000 -2.585271 97.832477 -11.579219 32.729277 -0.077648 
1715 38.034626 0.000000 -1.714567 97.799867 -10.834062 29.622598 -0.055969 
1716 36.639467 0.000000 -0.408512 101.095196 -9.503807 24.608506 -0.091614 
1717 36.174414 0.000000 -0.408512 100.715340 -9.814004 26.174008 -0.092497 
1718 36.639467 0.000000 -0.843864 100.270626 -10.113713 26.131123 -0.083932 
1719 37.104520 0.000000 -0.408512 101.191833 -9.667566 24.346059 -0.092598 
1720 37.569573 0.000000 0.462191 101.433751 -8.614765 17.251692 -0.066064 
1721 37.569573 0.000000 0.026840 101.752410 -9.909100 20.745561 -0.088212 
1722 38.034626 0.000000 0.462191 103.265192 -8.541759 15.471338 -0.097602 
1723 37.569573 0.000000 0.897543 104.719339 -8.232935 11.173980 -0.115878 
1724 36.871993 0.000000 0.244516 103.151067 -8.747259 17.806260 -0.103372 
1725 36.639467 0.000000 0.244516 102.804717 -8.891183 18.470055 -0.098901 
1726 36.871993 0.000000 0.026840 102.786413 -8.876961 18.568480 -0.098864 
1727 37.104520 0.000000 0.244516 103.212087 -8.667925 17.498893 -0.103408 
1728 36.871993 0.000000 0.462191 103.399810 -8.627833 16.979489 -0.105426 
1729 35.709360 0.000000 0.462191 104.367184 -8.470472 15.148564 -0.119374 
1730 35.244307 0.000000 0.462191 104.692774 -8.515877 15.702213 -0.127966 
1731 35.709360 0.000000 0.026840 102.923281 -9.100767 19.615070 -0.106078 
1732 35.709360 0.000000 0.897543 105.346650 -8.094978 11.869398 -0.130433 
1733 36.406940 0.000000 0.244516 102.436400 -8.985336 19.147562 -0.094058 
1734 36.174414 0.000000 0.244516 102.317597 -8.933969 19.192742 -0.091707 
1735 36.406940 0.000000 0.026840 101.750192 -9.236696 20.863256 -0.087369 
1736 36.406940 0.000000 0.462191 103.034983 -8.743393 17.479504 -0.099819 
1737 36.639467 0.000000 1.332895 104.216729 -9.096763 10.544037 -0.105505 
1738 36.174414 0.000000 1.332895 104.726231 -8.083858 10.714710 -0.114774 
1739 37.104520 0.000000 1.332895 105.328514 -8.135749 9.370373 -0.124809 
1740 36.639467 0.000000 1.768247 102.732285 -9.320945 7.430333 -0.069601 
1741 36.871993 0.000000 0.679867 103.236522 -9.518681 14.763906 -0.096636 
1742 36.639467 0.000000 0.679867 103.543189 -8.566936 16.120540 -0.105446 
1743 37.104520 0.000000 0.679867 103.796190 -9.084254 13.407194 -0.103593 
1744 36.871993 0.000000 0.897543 103.863219 -9.134704 12.741444 -0.103336 
1745 36.755730 0.000000 0.353353 103.074824 -8.755796 17.651996 -0.101268 
1746 36.639467 0.000000 0.353353 103.000476 -8.806084 17.890392 -0.100671 
1747 36.755730 0.000000 0.244516 102.919439 -8.827365 18.139228 -0.099936 
1748 36.871993 0.000000 0.353353 103.273303 -8.688305 17.405519 -0.104381 
1749 36.755730 0.000000 0.462191 103.231855 -8.683327 17.141961 -0.102606 
1750 42.220105 0.000000 0.462191 104.451035 -6.362882 6.536487 -0.099323 
1751 41.755052 0.000000 0.462191 104.282947 -6.401422 7.601383 -0.097369 
1752 42.220105 0.000000 0.026840 101.398849 -6.122285 22.190343 -0.081162 
1753 42.685158 0.000000 0.462191 101.184018 -5.567014 19.684448 -0.065667 
1754 41.289999 0.000000 0.462191 103.245711 -7.003117 11.200703 -0.083418 
1755 40.824946 0.000000 0.462191 103.722316 -6.941690 11.256993 -0.093323 
1756 41.289999 0.000000 0.026840 100.910465 -7.490389 17.839944 -0.055729 
1757 41.289999 0.000000 0.897543 103.392685 -6.944911 11.937048 -0.088077 
1758 41.987579 0.000000 0.679867 104.352769 -6.388731 7.152872 -0.098148 
1759 41.755052 0.000000 0.679867 104.239644 -6.419500 7.894917 -0.096944 
1760 41.987579 0.000000 0.462191 104.367158 -6.378995 7.051440 -0.098292 
1761 42.220105 0.000000 0.679867 104.456193 -6.368106 6.516466 -0.099411 
1762 41.987579 0.000000 0.897543 104.367659 -6.401725 7.101112 -0.098402 
1763 54.776542 0.000000 -0.843864 98.989352 -5.500363 6.009900 0.013474 
1764 54.776542 0.000000 -4.326677 99.045690 -6.186114 5.386531 0.012267 
1765 49.195903 0.000000 0.897543 98.263475 -4.347820 4.935110 0.030103 
1766 49.195903 0.000000 -0.843864 98.199895 -5.602443 6.101621 0.028816 
1767 51.056116 0.000000 0.897543 98.676250 -4.192198 5.054757 0.021987 
1768 49.195903 0.000000 2.638950 98.360444 -1.904694 5.792978 0.028804 
1769 47.335690 0.000000 -7.809491 98.545353 -6.828280 5.849543 0.020797 
1770 47.335690 0.000000 -11.292305 98.950006 -7.166226 6.046321 0.012098 
1771 51.056116 0.000000 -7.809491 98.888706 -6.726354 5.646633 0.014390 
1772 49.195903 0.000000 -2.585271 98.308269 -6.232368 5.790195 0.026312 
1773 47.335690 0.000000 -2.585271 97.896539 -6.382644 5.990426 0.033964 
1774 49.195903 0.000000 -4.326677 98.449934 -6.493476 5.675576 0.023323 
1775 51.056116 0.000000 -2.585271 98.627249 -6.123946 5.668362 0.020303 
1776 48.265797 0.000000 0.026840 97.948210 -4.929200 5.742964 0.034887 
1777 47.335690 0.000000 0.026840 97.631159 -5.009013 5.740370 0.041011 
1778 48.265797 0.000000 -0.843864 97.951507 -5.624039 6.085286 0.033684 
1779 49.195903 0.000000 0.026840 98.214938 -4.887054 5.835964 0.029588 
1780 48.265797 0.000000 0.897543 97.989490 -4.405648 4.811259 0.035550 
1781 45.475478 0.000000 -2.585271 97.262510 -6.467753 6.393749 0.045729 
1782 45.475478 0.000000 -4.326677 97.771754 -6.770000 6.231511 0.035602 
1783 46.405584 0.000000 0.026840 97.150901 -5.140858 5.784513 0.050181 
1784 45.475478 0.000000 0.026840 96.461899 -5.326823 5.906318 0.063184 
1785 46.405584 0.000000 -0.843864 97.243358 -5.717339 6.277903 0.047163 
1786 46.405584 0.000000 0.897543 97.130186 -4.674168 4.732182 0.052149 
1787 49.195903 0.000000 4.380357 98.596714 -2.684495 4.359533 0.025248 
1788 51.056116 0.000000 4.380357 98.936143 -2.569161 4.616328 0.018373 
1789 48.265797 0.000000 1.768247 98.071875 -3.093488 4.088127 0.035562 
1790 47.335690 0.000000 1.768247 97.738755 -3.145605 4.004537 0.042120 
1791 49.195903 0.000000 1.768247 98.340298 -3.105072 4.228781 0.030166 
1792 48.265797 0.000000 2.638950 98.092796 -1.937879 5.892466 0.033933 
1793 47.800744 0.000000 0.462191 97.819045 -4.700647 5.338642 0.038084 
1794 47.335690 0.000000 0.462191 97.639901 -4.774451 5.301941 0.041554 
1795 47.800744 0.000000 0.026840 97.805360 -4.960689 5.754891 0.037638 
1796 48.265797 0.000000 0.462191 97.963700 -4.670012 5.320144 0.035300 
1797 47.800744 0.000000 0.897543 97.841718 -4.434817 4.817616 0.038412 
1798 46.405584 0.000000 1.768247 97.213770 -3.221784 3.898960 0.052390 
1799 46.405584 0.000000 2.638950 97.267315 -2.196789 6.341205 0.049403 
1800 46.870637 0.000000 0.462191 97.405840 -4.852697 5.295969 0.046051 
1801 46.405584 0.000000 0.462191 97.127109 -4.924661 5.307242 0.051391 
1802 46.870637 0.000000 0.026840 97.410030 -5.071411 5.751597 0.045249 
1803 46.870637 0.000000 0.897543 97.413966 -4.590000 4.738002 0.046700 
1804 47.800744 0.000000 1.332895 97.880004 -3.944978 4.286881 0.038556 
1805 47.335690 0.000000 1.332895 97.691250 -4.013575 4.215243 0.042254 
1806 48.265797 0.000000 1.332895 98.025626 -3.913798 4.291005 0.035725 
1807 47.800744 0.000000 1.768247 97.924293 -3.106986 4.082014 0.038452 
1808 47.568217 0.000000 0.679867 97.748296 -4.620242 5.049616 0.039843 
1809 47.335690 0.000000 0.679867 97.646433 -4.664997 5.043715 0.041797 
1810 47.568217 0.000000 0.462191 97.740454 -4.739395 5.304347 0.039621 
1811 47.800744 0.000000 0.679867 97.829720 -4.581245 5.088437 0.038247 
1812 47.568217 0.000000 0.897543 97.762782 -4.476860 4.778258 0.039956 
1813 52.916329 0.000000 0.897543 98.941970 -4.001311 5.208880 0.016734 
1814 52.916329 0.000000 -0.843864 98.823501 -5.514265 6.130783 0.016592 
1815 54.776542 0.000000 0.897543 99.134510 -3.833941 5.348456 0.012904 
1816 52.916329 0.000000 2.638950 99.067103 -1.860712 5.418610 0.015289 
1817 69.658244 0.000000 -0.843864 99.486529 -5.952610 5.910601 0.003206 
1818 69.658244 0.000000 -4.326677 99.514853 -6.144065 5.424458 0.002962 
1819 73.378670 0.000000 -0.843864 99.525232 -5.991128 5.844624 0.002467 
1820 67.798032 0.000000 0.897543 100.088166 1.861416 4.665443 -0.004287 
1821 65.937819 0.000000 0.897543 99.665781 -1.505522 7.055590 0.001468 
1822 67.798032 0.000000 -0.843864 99.467871 -5.858418 5.959777 0.003630 
1823 69.658244 0.000000 0.897543 99.893827 -4.259732 1.404637 0.000110 
1824 67.798032 0.000000 2.638950 99.699135 -2.791192 5.641896 0.002046 
1825 64.077606 0.000000 0.897543 99.563697 -2.688762 6.664761 0.003542 
1826 62.217393 0.000000 0.897543 99.494243 -3.165322 6.327124 0.005084 
1827 64.077606 0.000000 -0.843864 99.397108 -5.772760 5.983559 0.005109 
1828 65.937819 0.000000 -39.154815 99.644802 -7.033624 6.363290 -0.001905 
1829 65.937819 0.000000 -53.086070 99.581918 -6.921451 6.366702 -0.000500 
1830 80.819521 0.000000 -39.154815 99.569791 -6.820397 6.280412 -0.000010 
1831 73.378670 0.000000 -18.257932 99.541589 -6.567565 5.920609 0.001329 
1832 65.937819 0.000000 -18.257932 99.511885 -6.572562 5.957490 0.001869 
1833 73.378670 0.000000 -25.223560 99.619044 -6.829775 6.198488 -0.000902 
1834 80.819521 0.000000 -18.257932 99.605291 -6.602005 5.997078 -0.000077 
1835 69.658244 0.000000 -7.809491 99.518504 -6.271947 5.473682 0.002677 
1836 65.937819 0.000000 -7.809491 99.482485 -6.267337 5.507609 0.003362 
1837 69.658244 0.000000 -11.292305 99.519313 -6.380273 5.636894 0.002342 
1838 73.378670 0.000000 -7.809491 99.551490 -6.219243 5.466666 0.002094 
1839 67.798032 0.000000 -2.585271 99.487794 -6.000635 5.588919 0.003494 
1840 65.937819 0.000000 -2.585271 99.458974 -5.999775 5.630537 0.004021 
1841 67.798032 0.000000 -4.326677 99.498858 -6.093298 5.466029 0.003297 
1842 69.658244 0.000000 -2.585271 99.505807 -6.064550 5.552963 0.003098 
1843 66.867925 0.000000 0.026840 99.429088 -5.921643 6.243006 0.003982 
1844 65.937819 0.000000 0.026840 99.402368 -5.963570 6.346407 0.004333 
1845 66.867925 0.000000 -0.843864 99.454273 -5.837953 5.979236 0.003901 
1846 67.798032 0.000000 0.026840 99.448677 -5.893078 6.187468 0.003695 
1847 66.867925 0.000000 0.897543 99.796116 -0.124677 6.815648 -0.000573 
1848 88.260373 0.000000 -4.326677 99.629195 -6.162984 5.392796 0.000696 
1849 88.260373 0.000000 -11.292305 99.609025 -6.371857 5.665398 0.000534 
1850 95.701224 0.000000 -4.326677 99.643590 -6.111668 5.372828 0.000494 
1851 88.260373 0.000000 2.638950 100.223399 -1.586574 0.993783 -0.004823 
1852 170.109737 0.000000 30.501460 99.436471 -8.429520 6.552495 -0.000160 
1853 170.109737 0.000000 2.638950 99.731828 -5.633104 4.985203 -0.000302 
1854 199.873142 0.000000 30.501460 99.419243 -8.443879 6.818451 -0.000198 
1855 170.109737 0.000000 58.363970 99.520117 -7.454284 6.350634 -0.000015 
1856 125.464629 0.000000 16.570205 99.233963 -10.977886 6.758219 -0.001357 
1857 125.464629 0.000000 2.638950 99.656201 -6.652655 4.893549 0.000044 
1858 140.346332 0.000000 16.570205 99.020499 -14.608370 6.220937 -0.005716 
1859 125.464629 0.000000 30.501460 99.464213 -8.244924 6.223954 0.000015 
1860 170.109737 0.000000 -25.223560 99.590598 -6.519523 6.188257 0.000091 
1861 170.109737 0.000000 -53.086070 99.564500 -6.746686 6.340958 0.000118 
1862 199.873142 0.000000 -25.223560 99.589496 -6.523958 6.236893 0.000047 
1863 125.464629 0.000000 -11.292305 99.630214 -6.215729 5.765014 0.000195 
1864 125.464629 0.000000 -25.223560 99.585141 -6.498485 6.105334 0.000329 
1865 140.346332 0.000000 -11.292305 99.632549 -6.193637 5.825953 0.000105 
1866 118.023778 0.000000 9.604577 99.786229 -3.054215 6.732815 -0.001195 
1867 110.582927 0.000000 9.604577 99.784140 -2.849410 6.894296 -0.001253 
1868 118.023778 0.000000 2.638950 99.616480 -7.027326 5.042953 0.000174 
1869 125.464629 0.000000 9.604577 99.785795 -3.269228 6.562599 -0.001096 
1870 118.023778 0.000000 16.570205 99.246423 -10.726098 6.788623 -0.001099 
1871 155.228034 0.000000 16.570205 99.360948 -1.796275 14.876962 -0.009715 
1872 155.228034 0.000000 2.638950 99.722321 -5.886846 4.831648 -0.000254 
1873 170.109737 0.000000 16.570205 99.435603 -5.412656 9.817686 -0.001312 
1874 155.228034 0.000000 30.501460 99.446246 -8.390967 6.430660 -0.000132 
1875 229.636547 0.000000 30.501460 99.408998 -8.361464 7.074579 -0.000211 
1876 229.636547 0.000000 2.638950 99.696995 -5.396128 5.824603 -0.000253 
1877 259.399953 0.000000 30.501460 99.408216 -8.204679 7.261611 -0.000204 
1878 229.636547 0.000000 58.363970 99.511689 -7.515476 6.415526 -0.000022 
1879 184.991440 0.000000 16.570205 99.501746 -5.813220 8.374110 -0.000452 
1880 184.991440 0.000000 2.638950 99.730670 -5.472169 5.194614 -0.000314 
1881 199.873142 0.000000 16.570205 99.535913 -6.111510 7.532069 -0.000148 
1882 184.991440 0.000000 30.501460 99.427297 -8.448166 6.683009 -0.000182 
1883 229.636547 0.000000 -25.223560 99.587302 -6.534412 6.278870 0.000025 
1884 229.636547 0.000000 -53.086070 99.566653 -6.742643 6.367336 0.000048 
1885 259.399953 0.000000 -25.223560 99.584732 -6.548289 6.314831 0.000012 
1886 184.991440 0.000000 -11.292305 99.625969 -6.196247 6.019535 0.000004 
1887 170.109737 0.000000 -11.292305 99.629061 -6.189306 5.959317 0.000023 
1888 184.991440 0.000000 -25.223560 99.590258 -6.520868 6.213138 0.000066 
1889 199.873142 0.000000 -11.292305 99.622455 -6.207497 6.075746 -0.000008 
1890 177.550588 0.000000 9.604577 99.783191 -4.961775 4.932796 -0.000564 
1891 170.109737 0.000000 9.604577 99.784629 -4.709862 5.174604 -0.000593 
1892 177.550588 0.000000 2.638950 99.732325 -5.541530 5.086120 -0.000311 
1893 184.991440 0.000000 9.604577 99.781214 -5.218451 4.692723 -0.000554 
1894 177.550588 0.000000 16.570205 99.474911 -5.639928 8.970752 -0.000754 
1895 214.754845 0.000000 16.570205 99.555340 -6.406677 6.918863 -0.000018 
1896 214.754845 0.000000 2.638950 99.710719 -5.371731 5.632467 -0.000281 
1897 229.636547 0.000000 16.570205 99.565757 -6.722600 6.420710 0.000024 
1898 214.754845 0.000000 30.501460 99.412994 -8.414689 6.951487 -0.000207 
1899 214.754845 0.000000 -11.292305 99.618749 -6.222468 6.126990 -0.000015 
1900 214.754845 0.000000 -25.223560 99.588476 -6.528636 6.258673 0.000034 
1901 229.636547 0.000000 -11.292305 99.614985 -6.240159 6.173554 -0.000020 
1902 244.518250 0.000000 16.570205 99.571004 -7.056258 5.981956 0.000004 
1903 244.518250 0.000000 2.638950 99.682830 -5.449982 5.990098 -0.000225 
1904 259.399953 0.000000 16.570205 99.576639 -7.366605 5.561383 -0.000070 
1905 244.518250 0.000000 30.501460 99.407474 -8.288677 7.179838 -0.000210 
1906 222.195696 0.000000 9.604577 99.881657 -3.980237 4.503400 -0.001247 
1907 214.754845 0.000000 9.604577 99.845064 -6.082749 2.790593 -0.001382 
1908 222.195696 0.000000 2.638950 99.703985 -5.379414 5.731683 -0.000267 
1909 229.636547 0.000000 9.604577 99.865561 -3.953637 4.783579 -0.001164 
1910 222.195696 0.000000 16.570205 99.561437 -6.561662 6.659474 0.000012 
1911 132.905480 0.000000 9.604577 99.786974 -3.462799 6.361154 -0.000990 
1912 132.905480 0.000000 2.638950 99.680098 -6.392284 4.825629 -0.000027 
1913 140.346332 0.000000 9.604577 99.787448 -3.723511 6.139378 -0.000909 
1914 132.905480 0.000000 16.570205 99.204074 -11.657913 6.514559 -0.001979 
1915 118.023778 0.000000 -4.326677 99.663585 -6.028984 5.391425 0.000175 
1916 110.582927 0.000000 -4.326677 99.657693 -6.059182 5.366099 0.000284 
1917 118.023778 0.000000 -11.292305 99.627914 -6.228744 5.730199 0.000265 
1918 125.464629 0.000000 -4.326677 99.667196 -5.999901 5.426056 0.000101 
1919 121.744203 0.000000 6.121764 99.921523 -2.865378 4.868354 -0.001622 
1920 118.023778 0.000000 6.121764 99.913373 -2.664505 5.180908 -0.001662 
1921 121.744203 0.000000 2.638950 99.640467 -6.810516 4.938636 0.000100 
1922 125.464629 0.000000 6.121764 99.913209 -3.228130 4.630669 -0.001451 
1923 121.744203 0.000000 9.604577 99.786061 -3.160484 6.650434 -0.001147 
1924 155.228034 0.000000 -11.292305 99.631429 -6.188006 5.894670 0.000054 
1925 155.228034 0.000000 -25.223560 99.590269 -6.520760 6.161360 0.000130 
1926 132.905480 0.000000 -4.326677 99.670106 -5.937299 5.459512 0.000081 
1927 132.905480 0.000000 -11.292305 99.631756 -6.167983 5.793422 0.000191 
1928 140.346332 0.000000 -4.326677 99.671542 -5.945095 5.501479 -0.000003 
1929 121.744203 0.000000 -0.843864 99.674451 -6.074894 5.207042 0.000099 
1930 118.023778 0.000000 -0.843864 99.669550 -6.108206 5.214814 0.000148 
1931 121.744203 0.000000 -4.326677 99.665599 -6.014175 5.408048 0.000135 
1932 125.464629 0.000000 -0.843864 99.678726 -6.041109 5.204889 0.000057 
1933 129.185055 0.000000 6.121764 99.875051 -3.681253 4.730450 -0.001095 
1934 129.185055 0.000000 2.638950 99.669620 -6.495676 4.853990 0.000021 
1935 132.905480 0.000000 6.121764 99.864390 -3.465233 5.152339 -0.001145 
1936 129.185055 0.000000 9.604577 99.787293 -3.347225 6.460623 -0.001045 
1937 123.604416 0.000000 4.380357 100.074129 -2.317800 3.115798 -0.002991 
1938 121.744203 0.000000 4.380357 100.038791 -2.302137 3.664072 -0.002649 
1939 123.604416 0.000000 2.638950 99.649016 -6.725174 4.913013 0.000071 
1940 125.464629 0.000000 4.380357 100.053779 -3.343583 2.333361 -0.002738 
1941 123.604416 0.000000 6.121764 99.920197 -3.023854 4.731046 -0.001557 
1942 147.787183 0.000000 9.604577 99.786964 -3.965757 5.904700 -0.000803 
1943 147.787183 0.000000 2.638950 99.712428 -6.047101 4.793266 -0.000211 
1944 155.228034 0.000000 9.604577 99.786363 -4.212349 5.663023 -0.000713 
1945 147.787183 0.000000 16.570205 98.658416 -11.429732 15.286488 -0.009780 
1946 199.873142 0.000000 169.814009 99.544305 -7.076483 6.423628 -0.000041 
1947 259.399953 0.000000 169.814009 99.542398 -7.086482 6.427086 -0.000021 
1948 199.873142 0.000000 225.539029 99.546198 -7.043321 6.429593 -0.000039 
1949 170.109737 0.000000 86.226480 99.535168 -7.231995 6.385452 -0.000033 
1950 140.346332 0.000000 86.226480 99.538780 -7.211162 6.376503 -0.000063 
1951 199.873142 0.000000 86.226480 99.532695 -7.248834 6.395086 -0.000020 
1952 170.109737 0.000000 114.088989 99.541122 -7.143796 6.405022 -0.000049 
1953 155.228034 0.000000 44.432715 99.503518 -7.706148 6.312525 -0.000018 
1954 140.346332 0.000000 44.432715 99.507361 -7.672973 6.282864 -0.000006 
1955 170.109737 0.000000 44.432715 99.499651 -7.736118 6.344907 -0.000029 
1956 155.228034 0.000000 58.363970 99.522340 -7.436711 6.337134 -0.000016 
1957 147.787183 0.000000 23.535832 99.366109 -9.167424 6.804428 -0.000397 
1958 140.346332 0.000000 23.535832 99.375790 -9.147729 6.662577 -0.000362 
1959 155.228034 0.000000 23.535832 99.356844 -9.171427 6.954376 -0.000426 
1960 147.787183 0.000000 30.501460 99.451145 -8.365285 6.374108 -0.000114 
1961 144.066757 0.000000 13.087391 99.698440 -3.525210 7.747852 -0.001224 
1962 140.346332 0.000000 13.087391 99.711910 -3.297347 7.776377 -0.001381 
1963 144.066757 0.000000 9.604577 99.787222 -3.843821 6.023287 -0.000854 
1964 147.787183 0.000000 13.087391 99.687963 -3.744873 7.680764 -0.001071 
1965 144.066757 0.000000 16.570205 98.453968 -19.050944 10.184393 -0.015984 
1966 110.582927 0.000000 86.226480 99.545278 -7.180555 6.368136 -0.000138 
1967 110.582927 0.000000 114.088989 99.549122 -7.109336 6.397926 -0.000150 
1968 125.464629 0.000000 44.432715 99.509747 -7.620285 6.257587 0.000058 
1969 110.582927 0.000000 44.432715 99.508949 -7.590373 6.238323 0.000144 
1970 125.464629 0.000000 58.363970 99.527975 -7.391875 6.311536 -0.000029 
1971 132.905480 0.000000 23.535832 99.384390 -9.092549 6.532080 -0.000260 
1972 125.464629 0.000000 23.535832 99.394089 -9.044805 6.407149 -0.000204 
1973 132.905480 0.000000 30.501460 99.460812 -8.303482 6.270179 -0.000072 
1974 136.625906 0.000000 13.087391 99.728315 -3.072746 7.754897 -0.001532 
1975 132.905480 0.000000 13.087391 99.745827 -2.844780 7.676156 -0.001625 
1976 136.625906 0.000000 9.604577 99.787681 -3.605362 6.251917 -0.000967 
1977 136.625906 0.000000 16.570205 99.159358 -12.559955 6.281969 -0.002979 
1978 144.066757 0.000000 20.053019 99.277584 -9.928343 7.333754 -0.000839 
1979 140.346332 0.000000 20.053019 99.287156 -9.911270 7.196111 -0.000796 
1980 147.787183 0.000000 20.053019 99.267571 -9.937871 7.485512 -0.000884 
1981 144.066757 0.000000 23.535832 99.370920 -9.159410 6.732347 -0.000380 
1982 142.206545 0.000000 14.828798 99.779993 -1.416672 8.769931 -0.003497 
1983 140.346332 0.000000 14.828798 99.835186 -1.137841 8.213251 -0.003582 
1984 142.206545 0.000000 13.087391 99.704790 -3.411775 7.767685 -0.001302 
1985 144.066757 0.000000 14.828798 99.728886 -1.875204 9.068237 -0.003160 
1986 142.206545 0.000000 16.570205 98.829047 -16.669770 6.954863 -0.009343 
1987 162.668886 0.000000 9.604577 99.785636 -4.460308 5.418688 -0.000643 
1988 162.668886 0.000000 2.638950 99.728659 -5.748219 4.898029 -0.000284 
1989 162.668886 0.000000 16.570205 99.371764 -5.002835 11.240720 -0.002613 
1990 151.507609 0.000000 13.087391 99.680153 -3.951096 7.585920 -0.000929 
1991 151.507609 0.000000 9.604577 99.786665 -4.088740 5.784539 -0.000756 
1992 155.228034 0.000000 13.087391 99.674634 -4.142043 7.471613 -0.000801 
1993 151.507609 0.000000 16.570205 99.436049 -9.255569 5.613006 -0.000470 
1994 145.926970 0.000000 14.828798 99.690890 -2.314547 9.184281 -0.002798 
1995 145.926970 0.000000 13.087391 99.692835 -3.636514 7.718506 -0.001146 
1996 147.787183 0.000000 14.828798 99.663193 -2.696368 9.203127 -0.002472 
1997 145.926970 0.000000 16.570205 98.262626 -16.678143 15.721718 -0.018088 
1998 136.625906 0.000000 20.053019 99.296240 -9.889533 7.070258 -0.000753 
1999 132.905480 0.000000 20.053019 99.303718 -9.841433 6.955360 -0.000646 
2000 136.625906 0.000000 23.535832 99.380682 -9.132744 6.595334 -0.000343 
2001 142.206545 0.000000 18.311612 99.194956 -10.770318 7.690725 -0.001479 
2002 140.346332 0.000000 18.311612 99.207138 -10.706668 7.566801 -0.001395 
2003 144.066757 0.000000 18.311612 99.181428 -10.834153 7.835001 -0.001572 
2004 142.206545 0.000000 20.053019 99.282429 -9.920536 7.263347 -0.000817 
2005 143.136651 0.000000 15.699501 99.543102 -5.009887 8.536484 -0.000680 
2006 142.206545 0.000000 15.699501 99.695748 -4.063991 7.197655 -0.000756 
2007 143.136651 0.000000 14.828798 99.752812 -1.641698 8.948877 -0.003340 
2008 144.066757 0.000000 15.699501 99.382244 -5.708383 10.270097 -0.001489 
2009 143.136651 0.000000 16.570205 98.664383 -17.985477 8.079939 -0.012342 
2010 103.142075 0.000000 9.604577 99.778509 -2.662700 7.077601 -0.001293 
2011 95.701224 0.000000 9.604577 99.759061 -2.496481 7.376520 -0.001252 
2012 103.142075 0.000000 2.638950 99.461411 -8.022929 6.169902 0.000499 
2013 103.142075 0.000000 16.570205 99.261561 -10.562566 6.538060 -0.000717 
2014 88.260373 0.000000 9.604577 99.721075 -2.360900 7.838556 -0.001131 
2015 88.260373 0.000000 16.570205 99.266192 -10.396612 6.142444 0.000040 
2016 73.378670 0.000000 23.535832 99.315821 -8.392092 5.953821 0.003049 
2017 80.819521 0.000000 23.535832 99.353950 -8.530535 5.991153 0.002013 
2018 73.378670 0.000000 30.501460 99.367647 -7.788917 6.103020 0.002816 
2019 69.658244 0.000000 13.087391 99.077684 -11.918736 6.207812 0.000302 
2020 73.378670 0.000000 13.087391 99.081600 -11.867872 6.558527 -0.000102 
2021 69.658244 0.000000 16.570205 99.262980 -10.049831 5.567870 0.001486 
2022 64.077606 0.000000 11.345984 98.839782 -13.834840 7.816921 -0.002181 
2023 62.217393 0.000000 11.345984 98.868028 -13.818421 7.430964 -0.002105 
2024 65.937819 0.000000 11.345984 98.768833 -13.787566 8.689506 -0.002089 
2025 64.077606 0.000000 13.087391 99.094705 -11.807045 5.681302 0.000856 
2026 60.357180 0.000000 11.345984 98.854690 -13.902046 7.145532 -0.001658 
2027 58.496967 0.000000 11.345984 98.808552 -14.080923 6.707827 -0.000640 
2028 60.357180 0.000000 13.087391 99.086558 -11.647098 5.332232 0.001777 
2029 56.636755 0.000000 11.345984 98.786856 -14.060317 6.196446 0.000507 
2030 54.776542 0.000000 11.345984 98.761323 -13.901202 5.788828 0.001945 
2031 56.636755 0.000000 13.087391 99.025894 -11.473057 5.082005 0.003641 
2032 59.427074 0.000000 10.475281 98.904756 -11.606513 11.091460 -0.003988 
2033 58.496967 0.000000 10.475281 98.775451 -12.329039 11.789569 -0.004759 
2034 59.427074 0.000000 9.604577 99.486229 -9.353920 10.051594 -0.008604 
2035 60.357180 0.000000 10.475281 99.046616 -10.859959 10.520254 -0.003885 
2036 59.427074 0.000000 11.345984 98.830822 -14.007398 6.942087 -0.001193 
2037 63.147499 0.000000 10.475281 99.174868 -9.236241 10.071122 -0.002239 
2038 62.217393 0.000000 10.475281 99.208013 -9.595848 10.009338 -0.003450 
2039 63.147499 0.000000 9.604577 99.645459 0.248152 9.421109 -0.001804 
2040 64.077606 0.000000 10.475281 99.073585 -9.003006 10.110719 0.000114 
2041 63.147499 0.000000 11.345984 98.816423 -13.755830 7.666400 -0.001268 
2042 52.916329 0.000000 11.345984 98.725777 -13.734489 5.402032 0.003540 
2043 51.056116 0.000000 11.345984 98.817598 -13.542206 4.835239 0.002831 
2044 52.916329 0.000000 13.087391 98.945606 -11.186250 4.818401 0.006142 
2045 49.195903 0.000000 11.345984 98.763266 -13.276373 4.538727 0.004896 
2046 49.195903 0.000000 13.087391 99.035581 -11.039611 4.319896 0.005142 
2047 51.986223 0.000000 10.475281 98.559820 -16.595150 6.802871 -0.003572 
2048 51.056116 0.000000 10.475281 98.522280 -16.739539 6.317519 -0.002676 
2049 51.986223 0.000000 9.604577 101.448347 18.397233 10.891542 -0.074885 
2050 52.916329 0.000000 10.475281 98.568800 -16.469749 7.197405 -0.003886 
2051 51.986223 0.000000 11.345984 98.832998 -13.614889 5.056501 0.002111 
2052 51.986223 0.000000 8.733874 99.814867 4.306664 10.778086 -0.009772 
2053 51.056116 0.000000 8.733874 99.837051 6.354085 10.268350 -0.011325 
2054 51.986223 0.000000 7.863171 99.654172 2.489965 6.508337 0.002049 
2055 52.916329 0.000000 8.733874 99.848076 3.096383 10.709415 -0.009392 
2056 53.846435 0.000000 10.475281 98.496576 -16.536546 7.523162 -0.003163 
2057 53.846435 0.000000 9.604577 99.179075 -5.569102 15.317393 -0.010213 
2058 54.776542 0.000000 10.475281 98.532454 -16.764883 7.538198 -0.004653 
2059 53.846435 0.000000 11.345984 98.739359 -13.797729 5.589737 0.002892 
2060 52.451276 0.000000 10.039929 98.501383 -18.360126 9.795864 -0.013558 
2061 51.986223 0.000000 10.039929 98.511179 -17.996129 9.658821 -0.012161 
2062 52.451276 0.000000 9.604577 99.614266 2.476871 16.593895 -0.020449 
2063 52.916329 0.000000 10.039929 98.382727 -18.873483 10.493488 -0.014548 
2064 52.451276 0.000000 10.475281 98.586130 -16.493852 7.002168 -0.004030 
2065 55.706648 0.000000 10.475281 98.523802 -17.635968 6.704664 -0.006292 
2066 55.706648 0.000000 9.604577 99.228522 -7.163060 13.768023 -0.008717 
2067 56.636755 0.000000 10.475281 98.603616 -14.823895 10.072261 -0.004387 
2068 55.706648 0.000000 11.345984 98.761471 -13.921797 6.024195 0.001606 
2069 55.706648 0.000000 8.733874 99.743635 1.772693 10.467671 -0.006151 
2070 54.776542 0.000000 8.733874 99.758005 2.015631 10.529595 -0.006659 
2071 55.706648 0.000000 7.863171 99.685991 1.508979 7.121540 0.000971 
2072 56.636755 0.000000 8.733874 99.720111 1.507639 10.503367 -0.005669 
2073 57.566861 0.000000 10.475281 98.656383 -12.718727 13.052543 -0.006522 
2074 57.566861 0.000000 9.604577 99.308508 -7.937389 12.341882 -0.007750 
2075 57.566861 0.000000 11.345984 98.797526 -14.093175 6.445583 -0.000111 
2076 56.171701 0.000000 10.039929 98.757661 -9.818032 14.597047 -0.006254 
2077 55.706648 0.000000 10.039929 98.628674 -10.648495 15.186536 -0.007164 
2078 56.171701 0.000000 9.604577 99.239565 -7.332746 13.428071 -0.008257 
2079 56.636755 0.000000 10.039929 98.883061 -9.470992 13.951514 -0.006220 
2080 56.171701 0.000000 10.475281 98.394542 -20.239046 3.475998 -0.010319 
2081 57.566861 0.000000 8.733874 99.710031 1.154280 10.470165 -0.005305 
2082 57.566861 0.000000 7.863171 99.709833 1.240194 7.356737 0.000229 
2083 58.496967 0.000000 8.733874 99.700910 0.839163 10.464300 -0.005048 
2084 57.101808 0.000000 10.039929 98.960748 -9.248978 13.500677 -0.006104 
2085 57.101808 0.000000 9.604577 99.281515 -7.749255 12.697104 -0.007809 
2086 57.566861 0.000000 10.039929 99.014638 -9.118296 13.077437 -0.005806 
2087 57.101808 0.000000 10.475281 98.562945 -12.332628 15.180175 -0.009719 
2088 54.776542 0.000000 20.053019 99.307186 -8.646524 5.373874 0.003444 
2089 51.056116 0.000000 20.053019 99.284498 -8.392683 5.327312 0.004377 
2090 58.496967 0.000000 20.053019 99.375176 -8.773262 5.384687 0.001861 
2091 54.776542 0.000000 23.535832 99.443105 -8.168264 5.554205 0.001350 
2092 56.636755 0.000000 14.828798 99.130588 -10.282296 5.045442 0.004194 
2093 54.776542 0.000000 14.828798 99.083848 -10.109199 5.014943 0.005505 
2094 58.496967 0.000000 14.828798 99.162210 -10.355479 5.110021 0.003351 
2095 56.636755 0.000000 16.570205 99.206106 -9.572026 5.158584 0.003991 
2096 55.706648 0.000000 12.216688 98.907554 -12.326693 5.284881 0.003742 
2097 54.776542 0.000000 12.216688 98.897677 -12.285031 5.167681 0.004162 
2098 56.636755 0.000000 12.216688 98.940787 -12.460093 5.338846 0.002696 
2099 55.706648 0.000000 13.087391 99.008859 -11.419586 5.011975 0.004172 
2100 56.171701 0.000000 10.910633 98.615343 -15.324029 7.118881 -0.001049 
2101 55.706648 0.000000 10.910633 98.624130 -15.244203 6.904877 -0.000678 
2102 56.636755 0.000000 10.910633 98.612500 -15.452751 7.335705 -0.001703 
2103 56.171701 0.000000 11.345984 98.769092 -13.959149 6.131996 0.001221 
2104 56.404228 0.000000 10.257605 98.823392 -11.539194 12.560859 -0.005699 
2105 56.171701 0.000000 10.257605 98.824153 -11.865975 12.042285 -0.005203 
2106 56.404228 0.000000 10.039929 98.827594 -9.574116 14.280124 -0.006248 
2107 56.636755 0.000000 10.257605 98.814577 -11.414178 12.842250 -0.005953 
2108 56.404228 0.000000 10.475281 97.468923 -31.496813 -3.755143 -0.050634 
2109 57.566861 0.000000 12.216688 98.957624 -12.512561 5.446639 0.002116 
2110 58.496967 0.000000 12.216688 98.974844 -12.568489 5.552496 0.001518 
2111 57.566861 0.000000 13.087391 99.041939 -11.525111 5.149882 0.003134 
2112 57.101808 0.000000 10.910633 98.603463 -15.447596 7.655129 -0.001987 
2113 57.566861 0.000000 10.910633 98.603258 -15.353664 7.995899 -0.002227 
2114 57.101808 0.000000 11.345984 98.792349 -14.081333 6.318194 0.000187 
2115 56.869281 0.000000 10.257605 98.831605 -11.263165 13.052549 -0.006491 
2116 56.869281 0.000000 10.039929 98.928361 -9.342886 13.731894 -0.006268 
2117 57.101808 0.000000 10.257605 98.830563 -11.146451 13.111894 -0.006365 
2118 56.869281 0.000000 10.475281 98.404526 -11.618624 18.635284 -0.016572 
2119 56.404228 0.000000 10.692957 98.406094 -16.781812 8.157117 -0.003193 
2120 56.171701 0.000000 10.692957 98.443077 -16.624405 7.853545 -0.002909 
2121 56.636755 0.000000 10.692957 98.375942 -16.971445 8.506723 -0.003822 
2122 56.404228 0.000000 10.910633 98.621058 -15.429946 7.189626 -0.001589 
2123 56.520491 0.000000 10.366443 99.184126 -9.765368 11.400168 -0.006282 
2124 56.404228 0.000000 10.366443 99.299913 -9.529225 10.443364 -0.006034 
2125 56.520491 0.000000 10.257605 98.812716 -11.431487 12.751880 -0.005724 
2126 56.636755 0.000000 10.366443 99.087212 -10.217062 11.998085 -0.006662 
2127 56.520491 0.000000 10.475281 98.593482 -14.914932 10.011728 -0.004336 
2128 55.241595 0.000000 10.039929 98.451541 -12.063346 15.669623 -0.008377 
2129 54.776542 0.000000 10.039929 98.254348 -14.102124 15.737639 -0.010046 
2130 55.241595 0.000000 9.604577 99.207854 -6.952313 14.113662 -0.008973 
2131 55.241595 0.000000 10.475281 98.536879 -16.989162 7.357187 -0.005228 
2132 55.939175 0.000000 10.257605 98.836018 -12.306023 11.350737 -0.004884 
2133 55.706648 0.000000 10.257605 98.833161 -13.062260 10.615709 -0.005131 
2134 55.939175 0.000000 10.039929 98.703880 -10.186977 14.882271 -0.006771 
2135 55.939175 0.000000 10.475281 98.492280 -18.417110 5.853534 -0.007418 
2136 56.287965 0.000000 10.366443 99.385919 -9.638372 9.231519 -0.005568 
2137 56.171701 0.000000 10.366443 99.409164 -10.246768 7.999991 -0.005118 
2138 56.287965 0.000000 10.257605 98.834087 -11.676145 12.324296 -0.005640 
2139 56.287965 0.000000 10.475281 98.223801 -22.996732 1.069659 -0.017791 
2140 56.869281 0.000000 10.692957 98.341756 -16.926772 9.000101 -0.003862 
2141 57.101808 0.000000 10.692957 98.330635 -16.757516 9.516004 -0.004028 
2142 56.869281 0.000000 10.910633 98.607092 -15.458998 7.490637 -0.001845 
2143 56.520491 0.000000 10.584119 98.067578 -19.079712 9.075921 -0.006366 
2144 56.404228 0.000000 10.584119 98.142714 -18.686453 8.582834 -0.005484 
2145 56.636755 0.000000 10.584119 97.979139 -19.290270 9.810397 -0.006827 
2146 56.520491 0.000000 10.692957 98.397971 -16.920424 8.289241 -0.003717 
2147 56.462360 0.000000 10.420862 100.267211 -3.498978 8.851798 -0.014411 
2148 56.404228 0.000000 10.420862 100.502814 -3.517748 6.083432 -0.015020 
2149 56.462360 0.000000 10.366443 99.240508 -9.617368 10.960217 -0.006130 
2150 56.520491 0.000000 10.420862 99.962355 -4.379693 10.991400 -0.013246 
2151 56.462360 0.000000 10.475281 98.576711 -14.887765 10.035265 -0.003972 
2152 46.405584 0.000000 8.733874 100.611896 8.707111 11.611376 -0.033339 
2153 46.405584 0.000000 7.863171 99.334407 4.991677 3.244451 0.009723 
2154 47.335690 0.000000 8.733874 100.295446 6.501106 14.106693 -0.030044 
2155 46.405584 0.000000 9.604577 98.171593 -22.042714 11.136294 -0.024756 
2156 46.405584 0.000000 10.475281 98.436056 -16.022028 4.602037 0.003246 
2157 45.475478 0.000000 10.475281 98.434570 -15.884380 4.130050 0.004126 
2158 47.335690 0.000000 10.475281 98.481147 -16.114146 4.928935 0.001750 
2159 46.405584 0.000000 11.345984 98.725658 -13.104294 3.934362 0.006604 
2160 45.940531 0.000000 9.169226 98.807357 -13.680029 29.243184 -0.080520 
2161 45.475478 0.000000 9.169226 98.631276 -15.519032 33.280570 -0.107657 
2162 45.940531 0.000000 8.733874 100.684911 9.012031 10.633829 -0.033175 
2163 46.405584 0.000000 9.169226 99.041143 -12.624971 25.925995 -0.064070 
2164 45.940531 0.000000 9.604577 98.024674 -22.579080 11.021354 -0.024012 
2165 48.265797 0.000000 8.733874 100.237709 1.939809 16.620914 -0.032762 
2166 48.265797 0.000000 7.863171 99.387215 4.066078 5.016933 0.008048 
2167 49.195903 0.000000 8.733874 101.201886 -8.911340 4.380102 -0.034042 
2168 48.265797 0.000000 9.604577 98.760639 -19.363829 10.629684 -0.024161 
2169 48.265797 0.000000 6.992467 99.014149 1.108805 4.425232 0.017539 
2170 47.335690 0.000000 6.992467 98.891590 1.243760 4.069304 0.020235 
2171 48.265797 0.000000 6.121764 98.777267 -0.450660 4.066137 0.022631 
2172 49.195903 0.000000 6.992467 99.179831 0.846830 4.690808 0.014064 
2173 50.126010 0.000000 8.733874 100.107370 10.412864 6.265275 -0.016917 
2174 50.126010 0.000000 7.863171 99.547729 3.210668 6.008814 0.004384 
2175 50.126010 0.000000 9.604577 98.969030 -18.751352 8.697254 -0.022212 
2176 48.730850 0.000000 8.298522 99.692154 5.247205 6.959127 -0.001449 
2177 48.265797 0.000000 8.298522 99.630605 5.673469 6.964676 -0.000695 
2178 48.730850 0.000000 7.863171 99.426686 3.818318 5.291888 0.007175 
2179 49.195903 0.000000 8.298522 99.745899 4.962397 6.992429 -0.002276 
2180 48.730850 0.000000 8.733874 100.645720 -4.184200 16.856137 -0.043120 
2181 50.126010 0.000000 6.992467 99.278945 0.779452 4.923555 0.011884 
2182 50.126010 0.000000 6.121764 99.093322 -0.678387 4.420483 0.016051 
2183 51.056116 0.000000 6.992467 99.354704 0.712858 5.123732 0.010188 
2184 49.660956 0.000000 8.298522 99.791437 4.742249 7.072527 -0.003084 
2185 49.660956 0.000000 7.863171 99.539927 3.350293 5.775585 0.004722 
2186 50.126010 0.000000 8.298522 99.789688 4.644023 7.200410 -0.003139 
2187 49.660956 0.000000 8.733874 101.179437 8.429390 -4.991069 -0.033324 
2188 48.265797 0.000000 10.475281 98.508735 -16.173325 5.203576 0.000738 
2189 49.195903 0.000000 10.475281 98.488796 -16.187626 5.489238 0.000779 
2190 48.265797 0.000000 11.345984 98.729945 -13.324102 4.355595 0.005590 
2191 48.730850 0.000000 9.169226 100.220898 -5.075590 13.966467 -0.026505 
2192 48.265797 0.000000 9.169226 100.113807 -7.432221 14.860943 -0.029886 
2193 49.195903 0.000000 9.169226 100.067394 -3.372126 14.395771 -0.023209 
2194 48.730850 0.000000 9.604577 98.915206 -18.680527 10.332956 -0.023995 
2195 48.963377 0.000000 8.516198 99.712711 7.853902 9.387775 -0.009244 
2196 48.730850 0.000000 8.516198 99.590698 8.173702 9.848180 -0.008210 
2197 48.963377 0.000000 8.298522 99.716038 5.092907 6.984553 -0.001801 
2198 49.195903 0.000000 8.516198 99.718016 7.406938 9.261989 -0.008433 
2199 48.963377 0.000000 8.733874 100.815855 -7.516660 11.578031 -0.035439 
2200 50.126010 0.000000 10.475281 98.546081 -16.413787 5.786496 -0.001423 
2201 50.126010 0.000000 11.345984 98.788118 -13.580786 4.672246 0.003464 
2202 49.660956 0.000000 9.169226 99.908472 -2.090308 14.879600 -0.020747 
2203 50.126010 0.000000 9.169226 99.783458 -1.795497 15.489243 -0.019988 
2204 49.660956 0.000000 9.604577 98.901999 -18.003140 9.588474 -0.019766 
2205 49.428430 0.000000 8.516198 99.729693 6.889651 9.168788 -0.007755 
2206 49.428430 0.000000 8.298522 99.772152 4.876831 7.031410 -0.002771 
2207 49.660956 0.000000 8.516198 99.815383 6.371270 9.268005 -0.008960 
2208 49.428430 0.000000 8.733874 101.292205 -3.152095 -2.541784 -0.027651 
2209 48.963377 0.000000 8.951550 100.083552 1.448749 15.689943 -0.026499 
2210 48.730850 0.000000 8.951550 100.185526 1.809702 15.870288 -0.029228 
2211 49.195903 0.000000 8.951550 100.042751 1.058100 15.569125 -0.025207 
2212 48.963377 0.000000 9.169226 100.172635 -4.058657 14.010056 -0.024731 
2213 49.079640 0.000000 8.625036 99.556539 12.705422 9.671629 -0.016647 
2214 48.963377 0.000000 8.625036 99.504037 13.835054 10.131158 -0.019510 
2215 49.079640 0.000000 8.516198 99.717528 7.611054 9.312762 -0.008824 
2216 49.195903 0.000000 8.625036 99.599699 11.715523 9.386667 -0.014546 
2217 49.079640 0.000000 8.733874 101.037978 -8.978829 8.418994 -0.036017 
2218 53.846435 0.000000 8.733874 99.800298 2.439363 10.637545 -0.007921 
2219 53.846435 0.000000 7.863171 99.734198 1.841767 6.781117 0.000371 
2220 52.451276 0.000000 9.169226 99.656452 -3.993926 14.384041 -0.015426 
2221 51.986223 0.000000 9.169226 99.629676 -3.667266 15.061017 -0.016636 
2222 52.451276 0.000000 8.733874 99.801749 3.463864 10.797385 -0.008897 
2223 52.916329 0.000000 9.169226 99.684668 -4.274787 13.582130 -0.013978 
2224 56.171701 0.000000 9.169226 99.758060 -0.247181 9.865885 -0.004907 
2225 55.706648 0.000000 9.169226 99.824871 -0.750793 9.086531 -0.004813 
2226 56.171701 0.000000 8.733874 99.736269 1.618694 10.481426 -0.005980 
2227 56.636755 0.000000 9.169226 99.698662 -0.125565 10.419170 -0.004840 
2228 57.101808 0.000000 9.169226 99.686167 -0.236654 10.664987 -0.005113 
2229 57.101808 0.000000 8.733874 99.719471 1.301330 10.457216 -0.005502 
2230 57.566861 0.000000 9.169226 99.675321 -0.380500 10.803859 -0.005204 
2231 56.404228 0.000000 9.386902 99.510420 -7.141790 11.202186 -0.007882 
2232 56.171701 0.000000 9.386902 99.490266 -7.071106 11.679522 -0.008472 
2233 56.404228 0.000000 9.169226 99.720352 -0.132169 10.179709 -0.004779 
2234 56.636755 0.000000 9.386902 99.548922 -7.192869 10.626501 -0.007465 
2235 56.404228 0.000000 9.604577 99.247807 -7.423430 13.251473 -0.008084 
2236 63.147499 0.000000 8.733874 99.662624 -0.478953 9.940413 -0.003168 
2237 62.217393 0.000000 8.733874 99.691891 -0.234920 10.047521 -0.003948 
2238 64.077606 0.000000 8.733874 99.610344 -0.628168 9.843284 -0.001951 
2239 67.798032 0.000000 11.345984 98.789537 -12.572891 9.619025 -0.000998 
2240 67.798032 0.000000 9.604577 99.438175 -1.581569 11.419127 -0.002085 
2241 69.658244 0.000000 11.345984 98.939053 -11.225321 9.014160 0.000380 
2242 67.798032 0.000000 13.087391 99.071034 -11.930311 6.039741 0.000612 
2243 65.007712 0.000000 10.475281 99.044085 -8.864960 10.101984 0.000963 
2244 65.007712 0.000000 9.604577 99.627173 -0.313848 10.310758 -0.003198 
2245 65.937819 0.000000 10.475281 99.032956 -8.667109 10.176792 0.001379 
2246 65.007712 0.000000 11.345984 98.808945 -13.886280 8.128950 -0.002212 
2247 63.612553 0.000000 10.039929 99.126075 -9.196351 10.678964 -0.002459 
2248 63.147499 0.000000 10.039929 99.245637 -9.060780 10.647059 -0.004515 
2249 63.612553 0.000000 9.604577 99.681616 -0.301314 9.610206 -0.002887 
2250 64.077606 0.000000 10.039929 99.003123 -9.341013 10.859217 -0.000680 
2251 63.612553 0.000000 10.475281 99.114415 -9.094181 10.137441 -0.000914 
2252 61.287287 0.000000 10.475281 99.150667 -10.153197 10.136408 -0.003669 
2253 61.287287 0.000000 9.604577 100.376794 -5.937571 -3.359867 -0.012204 
2254 61.287287 0.000000 11.345984 98.872942 -13.809398 7.283697 -0.001961 
2255 62.682446 0.000000 10.039929 99.276375 -9.002899 10.743047 -0.005226 
2256 62.217393 0.000000 10.039929 99.286088 -8.897236 10.844919 -0.005450 
2257 62.682446 0.000000 9.604577 99.744927 1.275102 8.839849 -0.002882 
2258 62.682446 0.000000 10.475281 99.206746 -9.383791 10.022700 -0.003049 
2259 67.798032 0.000000 7.863171 99.742028 -0.556687 7.620726 -0.000686 
2260 67.798032 0.000000 6.121764 99.762617 -1.735990 5.978117 0.000867 
2261 69.658244 0.000000 7.863171 99.752847 -0.862176 7.452707 -0.000692 
2262 65.007712 0.000000 8.733874 99.610359 -0.882806 9.518714 -0.001361 
2263 65.007712 0.000000 7.863171 99.730633 -0.271366 7.769438 -0.000664 
2264 65.937819 0.000000 8.733874 99.590141 -1.339720 9.239933 -0.000537 
2265 63.612553 0.000000 9.169226 99.572672 -1.125222 10.816780 -0.003299 
2266 63.147499 0.000000 9.169226 99.601234 -1.049355 10.793718 -0.003801 
2267 63.612553 0.000000 8.733874 99.631730 -0.549505 9.901341 -0.002482 
2268 64.077606 0.000000 9.169226 99.541381 -1.133403 10.851910 -0.002754 
2269 63.380026 0.000000 9.822253 99.080695 -13.184816 9.819268 -0.008724 
2270 63.147499 0.000000 9.822253 99.298055 -12.272363 10.073376 -0.011219 
2271 63.380026 0.000000 9.604577 99.728896 -0.126678 9.372472 -0.003371 
2272 63.612553 0.000000 9.822253 98.940531 -14.561693 10.623118 -0.011412 
2273 63.380026 0.000000 10.039929 99.174407 -9.148230 10.615851 -0.003195 
2274 49.428430 0.000000 8.951550 100.027150 0.637242 15.376943 -0.024229 
2275 49.660956 0.000000 8.951550 99.934562 0.221912 15.256715 -0.021973 
2276 49.428430 0.000000 9.169226 100.010195 -2.793995 14.601157 -0.022304 
2277 49.312167 0.000000 8.625036 99.640286 10.774825 9.225295 -0.012939 
2278 49.312167 0.000000 8.516198 99.725201 7.143440 9.209119 -0.008095 
2279 49.428430 0.000000 8.625036 99.673683 9.949164 9.151469 -0.011758 
2280 49.312167 0.000000 8.733874 101.293307 -7.011394 0.382654 -0.030964 
2281 49.079640 0.000000 8.842712 100.181530 0.694842 14.053200 -0.023431 
2282 48.963377 0.000000 8.842712 100.180413 1.069402 14.251083 -0.024035 
2283 49.195903 0.000000 8.842712 100.177847 0.402686 13.831648 -0.022708 
2284 49.079640 0.000000 8.951550 100.065464 1.218030 15.628578 -0.025883 
2285 49.137772 0.000000 8.679455 99.711626 23.012794 -1.857304 -0.047545 
2286 49.079640 0.000000 8.679455 99.612988 27.107611 -3.985477 -0.067345 
2287 49.137772 0.000000 8.625036 99.582829 12.162979 9.508224 -0.015508 
2288 49.195903 0.000000 8.679455 99.766180 19.952177 0.025725 -0.035138 
2289 49.137772 0.000000 8.733874 101.126512 -9.142686 6.459150 -0.035188 
2290 49.312167 0.000000 8.842712 100.181062 0.066180 13.571210 -0.022043 
2291 49.428430 0.000000 8.842712 100.185458 -0.244002 13.273945 -0.021338 
2292 49.312167 0.000000 8.951550 100.026764 0.770905 15.520907 -0.024685 
2293 49.254035 0.000000 8.679455 99.803512 17.594313 1.564716 -0.027275 
2294 49.254035 0.000000 8.625036 99.621988 11.230437 9.289720 -0.013696 
2295 49.312167 0.000000 8.679455 99.824078 15.784358 2.811818 -0.022190 
2296 49.254035 0.000000 8.733874 101.255407 -8.202889 2.322960 -0.032534 
2297 49.137772 0.000000 8.788293 100.353042 -1.493900 12.455423 -0.022810 
2298 49.079640 0.000000 8.788293 100.344009 -1.290484 12.742359 -0.023295 
2299 49.195903 0.000000 8.788293 100.369756 -1.742405 12.128938 -0.022424 
2300 49.137772 0.000000 8.842712 100.175699 0.578253 13.952033 -0.023016 
2301 49.166837 0.000000 8.706665 99.913301 4.883961 12.260763 -0.015685 
2302 49.137772 0.000000 8.706665 101.231514 -1.772106 -1.686814 -0.025381 
2303 49.166837 0.000000 8.679455 99.739017 21.402892 -0.870111 -0.040671 
2304 49.195903 0.000000 8.706665 102.077052 -0.782817 -17.768967 -0.073607 
2305 49.166837 0.000000 8.733874 101.166877 -9.086060 5.424771 -0.034672 
2306 52.916329 0.000000 4.380357 99.163283 -2.521250 4.794115 0.013730 
2307 54.776542 0.000000 4.380357 99.348813 -2.540673 4.956399 0.009879 
2308 51.986223 0.000000 6.992467 99.418803 0.550840 5.277835 0.008774 
2309 51.986223 0.000000 6.121764 99.274443 -0.623832 4.815232 0.012101 
2310 52.916329 0.000000 6.992467 99.502475 0.236463 5.284360 0.007128 
2311 52.451276 0.000000 8.298522 99.790268 3.550187 8.028638 -0.003516 
2312 51.986223 0.000000 8.298522 99.798128 3.824994 7.837954 -0.003573 
2313 52.451276 0.000000 7.863171 99.662283 2.281869 6.632212 0.001824 
2314 52.916329 0.000000 8.298522 99.820938 3.345446 8.159941 -0.004200 
2315 53.381382 0.000000 9.169226 99.670894 -4.650590 12.723180 -0.011779 
2316 53.381382 0.000000 8.733874 99.853062 2.731651 10.640590 -0.009132 
2317 53.846435 0.000000 9.169226 99.703951 -4.796943 11.654320 -0.009971 
2318 53.381382 0.000000 9.604577 99.276974 -4.445212 15.696769 -0.012207 
2319 52.683802 0.000000 8.951550 100.027100 1.628352 9.345280 -0.009541 
2320 52.451276 0.000000 8.951550 100.039049 0.971345 9.066911 -0.009096 
2321 52.683802 0.000000 8.733874 99.853309 3.339989 10.750611 -0.009741 
2322 52.916329 0.000000 8.951550 99.976805 1.907649 9.722944 -0.009354 
2323 52.683802 0.000000 9.169226 99.667420 -4.099526 13.986128 -0.014601 
2324 55.241595 0.000000 9.169226 99.855094 -2.018146 8.673815 -0.005035 
2325 54.776542 0.000000 9.169226 99.817116 -3.513329 9.169003 -0.005987 
2326 55.241595 0.000000 8.733874 99.742267 1.889931 10.501944 -0.006238 
2327 55.939175 0.000000 9.386902 99.475797 -6.974660 12.148732 -0.009167 
2328 55.706648 0.000000 9.386902 99.452974 -6.841564 12.534168 -0.009481 
2329 55.939175 0.000000 9.169226 99.789578 -0.403353 9.469938 -0.004780 
2330 55.939175 0.000000 9.604577 99.242522 -7.265495 13.582817 -0.008636 
2331 56.636755 0.000000 4.380357 99.414141 -2.552670 5.327065 0.008193 
2332 56.636755 0.000000 2.638950 99.366572 -2.096294 5.493204 0.009171 
2333 58.496967 0.000000 4.380357 99.494912 -2.644080 5.441829 0.006416 
2334 55.706648 0.000000 6.992467 99.566971 0.577599 5.954417 0.005063 
2335 54.776542 0.000000 6.992467 99.587776 0.812336 5.544432 0.005087 
2336 55.706648 0.000000 6.121764 99.494953 -0.804163 5.399782 0.007095 
2337 56.636755 0.000000 6.992467 99.600275 0.376674 6.104176 0.004238 
2338 56.171701 0.000000 8.298522 99.706666 1.822675 8.957992 -0.002499 
2339 55.706648 0.000000 8.298522 99.706304 2.004226 8.915865 -0.002486 
2340 56.171701 0.000000 7.863171 99.693769 1.471272 7.191007 0.000728 
2341 56.636755 0.000000 8.298522 99.700032 1.659688 8.989547 -0.002366 
2342 56.404228 0.000000 8.951550 99.693542 0.639591 11.156102 -0.006367 
2343 56.171701 0.000000 8.951550 99.701884 0.689665 11.195631 -0.006628 
2344 56.404228 0.000000 8.733874 99.732903 1.546960 10.480923 -0.005889 
2345 56.636755 0.000000 8.951550 99.699025 0.594477 11.081744 -0.006305 
2346 56.287965 0.000000 9.278064 99.789583 -4.364921 8.328067 -0.004637 
2347 56.171701 0.000000 9.278064 99.783589 -4.741378 8.556652 -0.005246 
2348 56.287965 0.000000 9.169226 99.745298 -0.190853 10.015790 -0.004948 
2349 56.404228 0.000000 9.278064 99.804805 -3.979793 8.126897 -0.004288 
2350 56.287965 0.000000 9.386902 99.493268 -7.096865 11.461676 -0.008065 
2351 59.427074 0.000000 8.733874 99.696351 0.517921 10.417172 -0.004815 
2352 59.427074 0.000000 7.863171 99.728513 0.857211 7.560527 -0.000367 
2353 60.357180 0.000000 8.733874 99.696998 0.231178 10.323612 -0.004612 
2354 61.287287 0.000000 8.733874 99.691750 -0.014374 10.218866 -0.004287 
2355 61.287287 0.000000 7.863171 99.748261 0.466127 7.625374 -0.000808 
2356 59.892127 0.000000 9.169226 99.693218 -0.607367 10.659040 -0.005272 
2357 59.427074 0.000000 9.169226 99.692655 -0.603634 10.672179 -0.005289 
2358 59.892127 0.000000 8.733874 99.697284 0.367995 10.377443 -0.004738 
2359 60.357180 0.000000 9.169226 99.687624 -0.595927 10.666651 -0.005175 
2360 59.892127 0.000000 9.604577 99.550157 -9.987027 8.747627 -0.008650 
2361 60.822233 0.000000 9.169226 99.678801 -0.607713 10.703515 -0.005080 
2362 60.822233 0.000000 8.733874 99.694437 0.107689 10.276027 -0.004459 
2363 61.287287 0.000000 9.169226 99.667747 -0.654557 10.742129 -0.004948 
2364 60.822233 0.000000 9.604577 99.894729 -11.005372 2.727808 -0.010752 
2365 59.892127 0.000000 10.039929 99.208992 -8.831181 11.572863 -0.005434 
2366 59.427074 0.000000 10.039929 99.177690 -8.869718 11.809430 -0.005435 
2367 60.357180 0.000000 10.039929 99.233017 -8.799801 11.388344 -0.005432 
2368 59.892127 0.000000 10.475281 98.977036 -11.227717 10.781285 -0.003875 
2369 60.124654 0.000000 9.386902 99.715076 -0.809549 9.666108 -0.003719 
2370 59.892127 0.000000 9.386902 99.727446 -0.706389 9.463735 -0.003562 
2371 60.124654 0.000000 9.169226 99.691168 -0.599331 10.666155 -0.005246 
2372 60.357180 0.000000 9.386902 99.706264 -0.882074 9.790674 -0.003797 
2373 60.124654 0.000000 9.604577 99.604450 -10.354279 7.845668 -0.008981 
2374 58.962021 0.000000 9.169226 99.690650 -0.617575 10.707610 -0.005326 
2375 58.496967 0.000000 9.169226 99.683949 -0.588438 10.769255 -0.005321 
2376 58.962021 0.000000 8.733874 99.698340 0.676217 10.445606 -0.004933 
2377 58.962021 0.000000 9.604577 99.424990 -8.849452 10.879253 -0.008200 
2378 59.659600 0.000000 9.386902 99.742459 -0.620063 9.185098 -0.003331 
2379 59.427074 0.000000 9.386902 99.772255 -0.499759 8.742992 -0.003119 
2380 59.659600 0.000000 9.169226 99.690194 -0.606028 10.670996 -0.005237 
2381 59.659600 0.000000 9.604577 99.507031 -9.644690 9.443557 -0.008385 
2382 60.822233 0.000000 10.039929 99.252628 -8.786161 11.229729 -0.005439 
2383 61.287287 0.000000 10.039929 99.269424 -8.787671 11.083912 -0.005449 
2384 60.822233 0.000000 10.475281 99.102973 -10.503655 10.301849 -0.003785 
2385 60.124654 0.000000 9.822253 99.313072 -8.686453 11.394704 -0.006838 
2386 59.892127 0.000000 9.822253 99.303650 -8.614084 11.509942 -0.006790 
2387 60.357180 0.000000 9.822253 99.315448 -8.757052 11.292808 -0.006777 
2388 60.124654 0.000000 10.039929 99.221430 -8.816899 11.474770 -0.005430 
2389 60.008390 0.000000 9.495740 100.040792 -1.817758 3.913575 -0.002678 
2390 59.892127 0.000000 9.495740 100.049917 -2.691528 3.554239 -0.002986 
2391 60.008390 0.000000 9.386902 99.720689 -0.757794 9.574534 -0.003646 
2392 60.124654 0.000000 9.495740 100.013984 -1.095081 4.424052 -0.002357 
2393 60.008390 0.000000 9.604577 99.574998 -10.170041 8.329677 -0.008799 
2394 -157.287720 0.000000 -164.536109 99.546366 -6.967752 6.436534 0.000054 
2395 -216.814531 0.000000 -164.536109 99.547226 -6.970202 6.437066 0.000033 
2396 -157.287720 0.000000 -220.261129 99.547013 -6.966630 6.436417 0.000043 
2397 199.873142 0.000000 -164.536109 99.551164 -6.904683 6.425285 0.000061 
2398 199.873142 0.000000 -220.261129 99.550062 -6.925136 6.430698 0.000047 
2399 259.399953 0.000000 -164.536109 99.552521 -6.899533 6.427366 0.000038 
2400 -38.234100 0.000000 169.814009 99.554969 -7.001202 6.434233 -0.000161 
2401 -97.760910 0.000000 169.814009 99.552050 -6.991436 6.437085 -0.000093 
2402 -38.234100 0.000000 225.539029 99.551894 -6.999085 6.434595 -0.000097 
2403 -157.287720 0.000000 169.814009 99.550211 -6.986018 6.437685 -0.000049 
2404 -216.814531 0.000000 169.814009 99.549330 -6.982887 6.437676 -0.000027 
2405 -157.287720 0.000000 225.539029 99.549961 -6.987058 6.437086 -0.000045 
2406 -67.997505 0.000000 -80.948580 99.537235 -6.965559 6.432194 0.000245 
2407 -97.760910 0.000000 -80.948580 99.541092 -6.968717 6.435749 0.000159 
2408 -67.997505 0.000000 -108.811089 99.540562 -6.964032 6.432677 0.000180 
2409 110.582927 0.000000 -80.948580 99.547272 -6.855882 6.379875 0.000263 
2410 110.582927 0.000000 -108.811089 99.546774 -6.889689 6.405757 0.000194 
2411 140.346332 0.000000 -80.948580 99.552767 -6.837633 6.383442 0.000174 
2412 -8.470694 0.000000 86.226480 99.573141 -6.990043 6.427905 -0.000499 
2413 -38.234100 0.000000 86.226480 99.564987 -6.998705 6.441975 -0.000367 
2414 -8.470694 0.000000 114.088989 99.567237 -7.012621 6.429071 -0.000414 
2415 -67.997505 0.000000 86.226480 99.555808 -6.991585 6.442848 -0.000175 
2416 -97.760910 0.000000 86.226480 99.551803 -6.987374 6.441349 -0.000088 
2417 -67.997505 0.000000 114.088989 99.555909 -6.993327 6.439089 -0.000175 
2418 -23.352397 0.000000 -39.154815 99.532416 -6.968258 6.320781 0.000479 
2419 -38.234100 0.000000 -39.154815 99.516027 -6.958370 6.382688 0.000740 
2420 -23.352397 0.000000 -53.086070 99.539235 -6.962563 6.370584 0.000288 
2421 6.411008 0.000000 44.432715 99.584693 -6.743529 6.379164 -0.000328 
2422 -8.470694 0.000000 44.432715 99.587564 -6.897249 6.464976 -0.000705 
2423 6.411008 0.000000 58.363970 99.559249 -6.981812 6.398725 -0.000173 
2424 -23.352397 0.000000 44.432715 99.523736 -6.959694 6.443535 0.000507 
2425 -38.234100 0.000000 44.432715 99.534601 -6.970787 6.450340 0.000266 
2426 -23.352397 0.000000 58.363970 99.553927 -6.982151 6.442975 -0.000125 
2427 -15.911546 0.000000 -18.257932 99.200227 -6.913996 6.351482 0.007117 
2428 -23.352397 0.000000 -18.257932 99.350490 -6.913259 6.381770 0.004096 
2429 -15.911546 0.000000 -25.223560 99.361383 -7.006544 6.284357 0.003873 
2430 13.851860 0.000000 23.535832 100.189725 -6.874078 6.347203 -0.012552 
2431 6.411008 0.000000 23.535832 100.017373 -6.976789 6.636434 -0.009619 
2432 13.851860 0.000000 30.501460 100.101664 -6.690676 6.366922 -0.010565 
2433 -1.029843 0.000000 23.535832 99.810126 -7.089659 6.788566 -0.005841 
2434 -8.470694 0.000000 23.535832 99.633406 -6.648496 6.763775 -0.001677 
2435 -1.029843 0.000000 30.501460 99.830295 -6.667442 6.633923 -0.005455 
2436 -15.911546 0.000000 23.535832 99.538211 -6.636330 6.659562 0.000375 
2437 -23.352397 0.000000 23.535832 99.511470 -6.728138 6.574090 0.000898 
2438 -15.911546 0.000000 30.501460 99.519027 -6.592465 6.524882 0.000993 
2439 1.760476 0.000000 -1.714567 96.574443 -10.672062 18.199508 0.022826 
2440 2.690583 0.000000 -1.714567 99.969809 -10.726210 6.566489 -0.015213 
2441 1.760476 0.000000 -0.843864 91.286113 -10.332384 29.962661 0.066233 
2442 -2.890056 0.000000 -6.068084 97.164042 -7.191049 4.305741 0.048890 
2443 -4.750269 0.000000 -6.068084 97.502797 -7.008998 5.283715 0.041616 
2444 -2.890056 0.000000 -7.809491 97.747209 -6.994766 4.679507 0.037466 
2445 -1.959949 0.000000 -3.455974 93.167259 -7.211892 3.202575 0.125759 
2446 -2.890056 0.000000 -3.455974 94.856987 -7.246850 4.509148 0.092930 
2447 -1.959949 0.000000 -4.326677 94.925151 -7.146552 3.266016 0.092748 
2448 17.572285 0.000000 13.087391 101.854029 -7.070387 5.811885 -0.045801 
2449 13.851860 0.000000 13.087391 101.306767 -6.846991 6.978880 -0.035865 
2450 17.572285 0.000000 16.570205 101.212941 -7.007417 6.091353 -0.033027 
2451 10.131434 0.000000 13.087391 100.773129 -6.650195 7.714240 -0.025896 
2452 6.411008 0.000000 13.087391 99.980626 -6.778933 7.794963 -0.010284 
2453 10.131434 0.000000 16.570205 100.451555 -7.011922 7.115129 -0.019031 
2454 4.550795 0.000000 4.380357 96.565568 -7.860779 14.375430 0.040665 
2455 2.690583 0.000000 4.380357 96.356245 -7.579405 11.958035 0.051503 
2456 4.550795 0.000000 6.121764 98.451380 -7.392822 11.703553 0.011570 
2457 1.760476 0.000000 0.026840 91.464016 -10.690495 29.514081 0.064897 
2458 0.830370 0.000000 0.026840 91.211579 -10.687868 30.431647 0.064013 
2459 1.760476 0.000000 0.897543 91.894258 -8.303541 17.503888 0.118011 
2460 3.620689 0.000000 -3.455974 96.444319 -11.037378 2.733144 0.056920 
2461 3.620689 0.000000 -4.326677 95.984120 -8.682823 -1.153255 0.071033 
2462 3.620689 0.000000 -2.585271 97.072912 -10.921044 3.074610 0.044813 
2463 5.480902 0.000000 -1.714567 -8.691909 -0.356204 -0.569372 0.992400 
2464 4.550795 0.000000 -1.714567 94.808846 -11.178936 -0.191427 0.088628 
2465 6.411008 0.000000 -1.714567 -10.733711 -0.329129 -0.409347 0.988451 
2466 3.620689 0.000000 -1.714567 95.371568 -11.095475 0.273855 0.078108 
2467 5.480902 0.000000 1.768247 79.705413 -11.939646 46.450206 0.134687 
2468 4.550795 0.000000 1.768247 89.791167 -9.239941 21.836650 0.137533 
2469 5.480902 0.000000 2.638950 92.020255 -9.315139 22.039178 0.095978 
2470 3.620689 0.000000 1.768247 91.601481 -8.632817 18.526080 0.119143 
2471 2.690583 0.000000 1.768247 92.754142 -8.210505 16.464837 0.105817 
2472 3.620689 0.000000 2.638950 93.706190 -8.106373 16.220448 0.089033 
2473 7.341115 0.000000 -1.714567 -11.426570 -0.122151 -0.351641 0.986929 
2474 8.271221 0.000000 -1.714567 -11.796434 -0.155532 -0.530364 0.986054 
2475 7.341115 0.000000 -0.843864 -11.392372 0.018373 -0.572215 0.986989 
2476 7.341115 0.000000 0.026840 -11.292254 0.000382 -0.964978 0.987155 
2477 8.271221 0.000000 0.026840 -11.341618 -0.079731 -0.711954 0.987085 
2478 12.921753 0.000000 -1.714567 -13.178935 -0.282162 2.724315 0.981881 
2479 11.991647 0.000000 -1.714567 -13.510356 -0.343599 1.676216 0.981454 
2480 12.921753 0.000000 -0.843864 -11.553338 -0.252201 2.481825 0.986030 
2481 11.061540 0.000000 -1.714567 -13.002488 -0.176546 0.725608 0.983038 
2482 10.131434 0.000000 -1.714567 -12.635498 -0.157122 -0.032657 0.984032 
2483 11.061540 0.000000 -0.843864 -12.306412 -0.226807 0.723873 0.984798 
2484 23.152924 0.000000 7.863171 102.154163 -7.738908 3.491226 -0.050755 
2485 21.292711 0.000000 7.863171 101.967976 -8.031140 4.083724 -0.047864 
2486 23.152924 0.000000 9.604577 101.815677 -7.341907 3.886008 -0.043544 
2487 18.502392 0.000000 3.509653 105.918383 -12.421859 0.399976 -0.137317 
2488 18.502392 0.000000 2.638950 105.920853 -12.305555 0.518703 -0.137092 
2489 18.502392 0.000000 4.380357 102.950113 -9.752883 3.628614 -0.070701 
2490 22.222817 0.000000 3.509653 106.935967 -12.294645 0.262356 -0.158653 
2491 22.222817 0.000000 2.638950 106.935931 -12.298177 0.258997 -0.158661 
2492 22.222817 0.000000 4.380357 103.971880 -9.851537 2.313977 -0.091256 
2493 24.083030 0.000000 1.768247 107.603260 -12.132100 -1.826329 -0.172898 
2494 23.152924 0.000000 1.768247 -11.886304 -0.176142 -0.378039 0.985854 
2495 24.083030 0.000000 0.897543 -12.552665 -0.023405 -1.879370 0.983890 
2496 22.222817 0.000000 1.768247 -11.022257 -0.205215 0.030172 0.987847 
2497 21.292711 0.000000 1.768247 106.603024 -12.574473 0.120301 -0.152234 
2498 22.222817 0.000000 0.897543 -10.629065 -0.120282 -0.426742 0.988683 
2499 229.636547 0.000000 86.226480 99.530739 -7.262714 6.405447 -0.000014 
2500 259.399953 0.000000 86.226480 99.528978 -7.275095 6.416841 -0.000012 
2501 229.636547 0.000000 114.088989 99.537628 -7.163791 6.414371 -0.000020 
2502 95.701224 0.000000 44.432715 99.509050 -7.530276 6.216480 0.000260 
2503 95.701224 0.000000 58.363970 99.535909 -7.314029 6.283754 -0.000038 
2504 25.943243 0.000000 5.251060 102.721925 -8.707766 0.495166 -0.062786 
2505 25.013137 0.000000 5.251060 103.054281 -8.775963 1.017282 -0.069824 
2506 25.943243 0.000000 6.121764 102.274213 -8.080179 1.315114 -0.052703 
2507 170.109737 0.000000 -80.948580 99.556088 -6.828131 6.388313 0.000115 
2508 170.109737 0.000000 -108.811089 99.552641 -6.868322 6.408578 0.000103 
2509 199.873142 0.000000 -80.948580 99.558027 -6.822217 6.394074 0.000077 
2510 229.636547 0.000000 -80.948580 99.559034 -6.819832 6.399562 0.000053 
2511 229.636547 0.000000 -108.811089 99.555312 -6.860074 6.414073 0.000054 
2512 259.399953 0.000000 -80.948580 99.559523 -6.819100 6.404802 0.000038 
2513 95.701224 0.000000 -39.154815 99.556331 -6.759134 6.245235 0.000385 
2514 95.701224 0.000000 -53.086070 99.553382 -6.827361 6.326406 0.000249 
2515 110.582927 0.000000 -39.154815 99.562145 -6.719884 6.247610 0.000319 
2516 125.464629 0.000000 -39.154815 99.565975 -6.652218 6.251397 0.000328 
2517 125.464629 0.000000 -53.086070 99.556970 -6.767384 6.319774 0.000267 
2518 140.346332 0.000000 -39.154815 99.569812 -6.677427 6.262489 0.000205 
2519 58.496967 0.000000 -18.257932 99.505473 -6.648115 6.041736 0.001796 
2520 58.496967 0.000000 -25.223560 99.507289 -6.729440 6.165017 0.001501 
2521 22.222817 0.000000 -1.714567 -10.937373 -0.296763 -1.303495 0.987859 
2522 21.292711 0.000000 -1.714567 -10.144221 -0.397175 -0.783922 0.989632 
2523 22.222817 0.000000 -0.843864 -10.459386 -0.217385 -1.172188 0.988918 
2524 30.593775 0.000000 -6.068084 99.101661 -8.217026 9.938848 0.001256 
2525 30.593775 0.000000 -7.809491 99.216658 -7.458628 8.503838 0.002811 
2526 32.453988 0.000000 -6.068084 98.869542 -8.329223 9.692549 0.006149 
2527 25.943243 0.000000 0.026840 -16.432662 0.376231 -3.533744 0.971734 
2528 25.013137 0.000000 0.026840 -14.272719 0.300811 -3.059191 0.978684 
2529 26.873349 0.000000 0.026840 -19.329988 0.044695 -3.643164 0.961308 
2530 27.803456 0.000000 0.026840 -22.681840 -0.042972 -2.607753 0.947873 
2531 28.733562 0.000000 0.026840 -25.756686 0.061740 -1.692119 0.933373 
2532 29.663669 0.000000 0.026840 -27.217734 0.095761 -0.538095 0.925890 
2533 30.593775 0.000000 0.026840 -25.123991 0.163924 0.360584 0.936863 
2534 31.523881 0.000000 0.026840 102.653267 -10.246652 21.698813 -0.111353 
2535 31.523881 0.000000 -0.843864 102.887039 -9.845527 19.228542 -0.105241 
2536 32.453988 0.000000 0.026840 104.827930 -8.218539 18.896075 -0.141350 
2537 30.128722 0.000000 2.203598 103.402288 -6.396099 0.751497 -0.073351 
2538 30.128722 0.000000 1.768247 99.413466 -8.140840 -1.865433 0.004721 
2539 30.593775 0.000000 2.203598 100.393556 -7.413322 -1.131368 -0.013510 
2540 29.431142 0.000000 2.856626 97.392516 -2.526507 -11.429336 0.037768 
2541 29.431142 0.000000 2.638950 99.577542 -3.353850 -8.828017 -0.000487 
2542 29.663669 0.000000 2.856626 90.083372 -1.142108 -10.274577 0.177811 
2543 28.617299 0.000000 2.747788 106.476083 -2.879396 24.009713 -0.192191 
2544 28.617299 0.000000 2.638950 108.858825 -3.189167 20.629191 -0.228598 
2545 28.733562 0.000000 2.747788 107.930876 -3.270774 29.710542 -0.254249 
2546 28.966089 0.000000 2.421274 104.105702 -4.418546 -2.039176 -0.086168 
2547 28.966089 0.000000 2.203598 105.837856 -4.899725 2.628108 -0.123257 
2548 29.198615 0.000000 2.421274 102.624634 -3.599830 -9.036699 -0.062644 
2549 28.152246 0.000000 2.747788 95.106688 -3.410574 4.937598 0.091871 
2550 28.152246 0.000000 2.638950 99.138069 -5.115730 4.676766 0.012360 
2551 27.977851 0.000000 2.802207 92.752853 -4.103754 -7.572634 0.132272 
2552 27.977851 0.000000 2.747788 94.083069 -4.446604 -6.454902 0.108694 
2553 28.035982 0.000000 2.802207 92.694212 -3.332309 -4.348651 0.137777 
2554 29.663669 0.000000 -3.455974 98.520067 -10.369875 12.082414 0.004028 
2555 29.663669 0.000000 -4.326677 98.608536 -9.275358 11.515737 0.005771 
2556 30.593775 0.000000 -3.455974 100.059709 -10.172248 13.037612 -0.028540 
2557 31.523881 0.000000 -1.714567 102.914611 -10.055654 19.252246 -0.106318 
2558 31.523881 0.000000 -2.585271 102.674039 -10.144401 19.539390 -0.102665 
2559 32.453988 0.000000 -1.714567 102.481792 -10.048941 23.062644 -0.113538 
2560 35.244307 0.000000 5.251060 105.794314 0.000000 -4.661921 -0.121417 
2561 34.314201 0.000000 5.251060 111.775105 0.000000 -10.288315 -0.259952 
2562 35.244307 0.000000 6.121764 110.391508 0.000000 -7.677688 -0.224523 
2563 33.384094 0.000000 5.251060 112.270925 0.000000 -11.844403 -0.274505 
2564 33.384094 0.000000 6.121764 99.340234 -10.819962 0.808481 0.001379 
2565 33.384094 0.000000 0.026840 104.070782 -7.814988 19.230577 -0.126162 
2566 33.384094 0.000000 -0.843864 102.381029 -9.461069 25.417985 -0.121746 
2567 31.058828 0.000000 2.203598 101.016121 -6.565873 -1.155776 -0.024870 
2568 31.058828 0.000000 1.768247 101.318658 -6.527569 -0.897976 -0.030889 
2569 33.849147 0.000000 3.074302 99.625362 -2.481593 6.109841 0.003130 
2570 33.849147 0.000000 2.638950 95.832659 -3.534386 10.338250 0.069673 
2571 33.849147 0.000000 3.509653 102.349232 -1.910186 -1.629423 -0.048167 
2572 32.919041 0.000000 3.945005 103.972806 -0.410966 -16.909225 -0.109644 
2573 33.384094 0.000000 3.945005 105.085360 -0.489055 -11.358375 -0.117218 
2574 32.919041 0.000000 4.380357 105.585461 -0.816486 -18.101903 -0.147664 
2575 31.756408 0.000000 3.291978 101.399688 -0.740080 -13.769393 -0.047204 
2576 31.523881 0.000000 3.291978 100.060250 -0.819392 -19.212262 -0.038184 
2577 31.756408 0.000000 3.509653 103.008903 -0.756847 -17.145326 -0.090537 
2578 33.849147 0.000000 2.203598 99.772252 -4.636846 6.304907 -0.001575 
2579 33.849147 0.000000 1.768247 105.815922 -5.913127 -1.632422 -0.123464 
2580 31.756408 0.000000 2.421274 98.671080 -5.121469 5.755740 0.020466 
2581 31.523881 0.000000 2.421274 96.368003 -5.229305 -3.381612 0.067443 
2582 31.756408 0.000000 2.203598 102.247829 -6.486886 -1.555519 -0.049912 
2583 32.686514 0.000000 3.291978 127.154827 -0.221642 -30.493948 -0.709828 
2584 32.919041 0.000000 3.291978 112.318696 -0.703927 -27.416539 -0.336765 
2585 32.686514 0.000000 3.509653 108.463243 -0.543974 -20.412642 -0.218125 
2586 32.105198 0.000000 2.965464 116.636810 -1.289955 5.827554 -0.363977 
2587 31.988935 0.000000 2.965464 112.780001 -1.084480 4.192499 -0.273808 
2588 32.105198 0.000000 3.074302 118.281109 -0.703236 -5.465558 -0.402079 
2589 32.105198 0.000000 2.530112 103.421751 -4.242231 -0.380205 -0.071420 
2590 31.988935 0.000000 2.530112 100.974925 -4.319741 7.127417 -0.026540 
2591 32.105198 0.000000 2.421274 102.839881 -6.226950 -1.296695 -0.061650 
2592 32.570251 0.000000 2.965464 134.489612 -1.335551 -30.818589 -0.903902 
2593 32.686514 0.000000 2.965464 127.491193 -1.254866 -36.715067 -0.760358 
2594 32.570251 0.000000 3.074302 136.964646 -0.815138 -29.905685 -0.965433 
2595 32.279593 0.000000 2.802207 148.197716 -1.009409 24.085453 -1.254369 
2596 32.221461 0.000000 2.802207 136.952865 -1.449589 17.316858 -0.905806 
2597 32.279593 0.000000 2.856626 152.420836 -0.732882 25.935423 -1.390529 
2598 32.570251 0.000000 2.530112 105.912026 -3.643518 -19.449948 -0.160893 
2599 32.570251 0.000000 2.421274 107.899292 -4.340660 -14.471018 -0.187051 
2600 32.686514 0.000000 2.530112 105.633611 -3.256394 -20.678428 -0.159666 
2601 30.593775 0.000000 11.345984 100.700248 -7.824338 3.308540 -0.021271 
2602 28.733562 0.000000 11.345984 100.587841 -7.445320 3.685187 -0.018693 
2603 30.593775 0.000000 13.087391 100.198883 -7.773246 3.857449 -0.011512 
2604 35.709360 0.000000 1.332895 105.891419 -7.989698 9.034985 -0.135846 
2605 35.244307 0.000000 1.332895 105.838930 -7.400136 6.980382 -0.130537 
2606 35.709360 0.000000 3.074302 100.919888 -4.916556 -12.247237 -0.035899 
2607 36.174414 0.000000 3.074302 95.842086 -4.126223 -1.749053 0.079421 
2608 35.709360 0.000000 3.509653 103.463356 -2.532485 -9.309199 -0.079774 
2609 37.569573 0.000000 1.332895 105.047470 -8.248552 9.688595 -0.119688 
2610 38.034626 0.000000 1.332895 104.533950 -8.471342 10.242319 -0.110402 
2611 37.569573 0.000000 1.768247 103.189840 -9.922009 3.667860 -0.076004 
2612 36.639467 0.000000 2.203598 106.061283 -9.536458 13.255476 -0.151565 
2613 37.104520 0.000000 2.203598 122.704588 -9.409021 32.526447 -0.620292 
2614 36.639467 0.000000 2.638950 109.638372 -6.240883 19.215898 -0.242877 
2615 54.776542 0.000000 -7.809491 99.194548 -6.469759 5.581707 0.008743 
2616 54.776542 0.000000 -11.292305 99.294298 -6.632116 5.765738 0.006341 
2617 58.496967 0.000000 -7.809491 99.322063 -6.378716 5.519705 0.006397 
2618 62.217393 0.000000 -7.809491 99.419727 -6.301378 5.512147 0.004563 
2619 62.217393 0.000000 -11.292305 99.462994 -6.490520 5.707486 0.003241 
2620 41.289999 0.000000 1.332895 103.365370 -6.867251 12.030500 -0.087629 
2621 41.289999 0.000000 1.768247 105.080889 -7.901116 3.571706 -0.111718 
2622 41.289999 0.000000 2.203598 106.829708 -9.356977 -1.881381 -0.150368 
2623 38.499680 0.000000 1.332895 102.402337 -9.687589 11.787576 -0.071904 
2624 38.499680 0.000000 0.897543 100.892312 -9.140857 17.764664 -0.057840 
2625 38.499680 0.000000 1.768247 100.798919 -11.828788 3.884609 -0.031543 
2626 38.499680 0.000000 2.203598 87.794636 -17.521644 -8.710365 0.190922 
2627 38.034626 0.000000 2.203598 94.591447 -14.314297 -14.982302 0.062309 
2628 38.499680 0.000000 2.638950 95.201710 -9.013227 -10.138368 0.075261 
2629 39.429786 0.000000 3.074302 104.004506 -4.577372 3.279753 -0.084865 
2630 38.964733 0.000000 3.074302 99.083271 -4.539592 0.141462 0.016188 
2631 38.499680 0.000000 3.945005 102.368060 -2.884297 -4.373552 -0.050667 
2632 38.499680 0.000000 3.509653 102.050833 -4.180272 -7.559898 -0.048900 
2633 39.662313 0.000000 2.421274 112.864824 -3.354482 32.508919 -0.380655 
2634 39.429786 0.000000 2.421274 100.810339 -7.395351 16.167118 -0.047879 
2635 39.662313 0.000000 2.638950 112.210856 -3.769888 19.844253 -0.299928 
2636 40.359892 0.000000 0.462191 104.361826 -7.258655 8.975749 -0.102464 
2637 39.894839 0.000000 0.462191 103.229536 -8.157862 13.758044 -0.091217 
2638 40.359892 0.000000 0.026840 101.582441 -7.336563 21.873736 -0.085128 
2639 38.964733 0.000000 -1.714567 96.324829 -10.170895 28.509410 -0.019471 
2640 38.964733 0.000000 -2.585271 95.317890 -7.868371 11.692340 0.071588 
2641 39.894839 0.000000 -1.714567 95.458850 -9.906492 28.778679 -0.003874 
2642 39.429786 0.000000 0.462191 102.457650 -8.428120 16.540511 -0.084219 
2643 38.964733 0.000000 0.462191 100.695815 -8.898864 17.715454 -0.053267 
2644 39.429786 0.000000 0.026840 102.869207 -8.393371 15.275203 -0.088585 
2645 38.499680 0.000000 0.462191 101.100867 -9.137980 18.435470 -0.064475 
2646 38.499680 0.000000 0.026840 102.200178 -9.119925 17.459277 -0.083288 
2647 44.545371 0.000000 0.026840 95.461175 -5.617278 6.153802 0.081774 
2648 44.545371 0.000000 -0.843864 95.942724 -5.999922 6.799132 0.071277 
2649 43.150212 0.000000 1.332895 101.123144 -5.460039 19.381668 -0.063135 
2650 43.150212 0.000000 0.897543 101.758760 -6.722098 23.422144 -0.094863 
2651 43.615265 0.000000 1.332895 92.268834 -5.891766 3.935370 0.143626 
2652 43.150212 0.000000 0.462191 103.172968 -8.059054 25.276869 -0.134853 
2653 43.150212 0.000000 0.026840 92.895298 -6.068610 7.627067 0.127546 
2654 43.615265 0.000000 0.462191 93.335129 -5.997338 6.242928 0.121361 
2655 44.545371 0.000000 3.509653 96.119359 -4.228250 3.245087 0.073266 
2656 45.475478 0.000000 3.509653 96.917248 -4.004845 3.874683 0.057600 
2657 44.545371 0.000000 4.380357 96.804403 -3.087027 2.758405 0.061177 
2658 46.405584 0.000000 3.509653 97.496294 -3.839267 4.258916 0.046159 
2659 47.335690 0.000000 3.509653 97.925916 -3.702564 4.535106 0.037624 
2660 46.405584 0.000000 4.380357 97.804121 -2.835163 3.665245 0.041288 
2661 44.545371 0.000000 5.251060 97.393534 -2.007097 2.305262 0.050516 
2662 45.475478 0.000000 5.251060 97.772634 -1.964018 2.954758 0.042792 
2663 44.545371 0.000000 6.121764 97.881782 -0.538082 2.737775 0.041137 
2664 42.220105 0.000000 3.074302 105.659783 -6.626469 1.337621 -0.120969 
2665 42.685158 0.000000 3.074302 109.492179 -7.611379 -13.598180 -0.223138 
2666 42.220105 0.000000 3.509653 109.531380 -7.681148 -13.534790 -0.223931 
2667 43.150212 0.000000 3.074302 93.574219 -5.529833 1.688740 0.121043 
2668 43.615265 0.000000 3.074302 94.402750 -5.283447 2.693782 0.105295 
2669 43.150212 0.000000 3.509653 94.553146 -4.545905 1.410315 0.103705 
2670 42.220105 0.000000 3.945005 110.421748 -10.987707 -9.781237 -0.240936 
2671 42.685158 0.000000 3.945005 95.024111 -3.375162 0.002978 0.095903 
2672 16.642179 0.000000 -1.714567 -7.374003 0.139837 1.265722 0.994400 
2673 17.572285 0.000000 -1.714567 -7.714222 0.123363 0.895277 0.993967 
2674 16.642179 0.000000 -0.843864 -7.835983 0.213911 1.453834 0.993644 
2675 20.362604 0.000000 -1.714567 -9.417285 -0.388159 -0.535209 0.991088 
2676 19.432498 0.000000 -1.714567 -8.750308 -0.212459 0.226304 0.992334 
2677 20.362604 0.000000 -0.843864 -9.291628 -0.324250 -0.351140 0.991344 
2678 18.502392 0.000000 -1.714567 -8.132449 0.120428 0.652521 0.993342 
2679 18.502392 0.000000 -0.843864 -8.366715 0.026189 1.016005 0.992897 
2680 26.175770 0.000000 -2.367595 89.845882 -13.235239 20.799864 0.131991 
2681 26.408296 0.000000 -2.367595 90.673235 -13.263324 21.083641 0.115793 
2682 26.175770 0.000000 -2.149919 90.301916 -13.196210 20.926347 0.123351 
2683 36.639467 0.000000 3.074302 100.664244 -5.505902 1.251565 -0.016517 
2684 37.104520 0.000000 3.074302 113.679609 -3.578367 5.877108 -0.297040 
2685 36.639467 0.000000 3.509653 101.617404 -3.232358 0.591952 -0.033690 
2686 37.569573 0.000000 3.074302 114.435263 -4.316025 1.139229 -0.311536 
2687 37.569573 0.000000 2.638950 121.463238 -7.035969 14.189549 -0.500417 
2688 38.034626 0.000000 3.074302 109.783714 -4.494448 -5.258958 -0.210032 
2689 36.639467 0.000000 3.945005 102.316006 -2.205551 -0.411794 -0.047360 
2690 36.174414 0.000000 3.945005 101.578995 -2.177066 -3.356004 -0.033429 
2691 36.639467 0.000000 4.380357 102.360657 -1.974148 -1.486779 -0.048381 
2692 47.335690 0.000000 20.053019 99.350969 -8.212737 5.197826 0.003492 
2693 43.615265 0.000000 20.053019 99.452358 -7.899183 5.078412 0.002104 
2694 47.335690 0.000000 23.535832 99.431108 -7.798867 5.495277 0.002243 
2695 39.429786 0.000000 5.686412 99.962724 0.000000 0.065852 0.000745 
2696 38.964733 0.000000 5.686412 100.405188 -0.000000 -0.167255 -0.008123 
2697 39.429786 0.000000 6.121764 100.052329 0.000000 0.340084 -0.001058 
2698 38.499680 0.000000 5.686412 100.836176 -0.000000 -0.229102 -0.016799 
2699 38.034626 0.000000 5.686412 101.233509 -0.000000 -0.255516 -0.024829 
2700 38.499680 0.000000 6.121764 101.028924 -0.000000 0.092779 -0.020685 
2701 39.662313 0.000000 3.727329 102.518100 -2.092814 -1.817695 -0.051764 
2702 39.429786 0.000000 3.727329 101.729788 -2.130806 -1.872406 -0.035700 
2703 39.662313 0.000000 3.509653 105.643806 -3.177671 -0.717933 -0.117123 
2704 40.127366 0.000000 5.033384 99.358251 -0.000000 -0.262139 0.012787 
2705 39.894839 0.000000 5.033384 99.561506 -0.000000 -0.309358 0.008741 
2706 40.127366 0.000000 5.251060 99.365158 -0.000000 -0.115225 0.012655 
2707 37.569573 0.000000 4.815709 101.741587 -0.000000 -0.937075 -0.035223 
2708 37.104520 0.000000 4.815709 101.915181 -1.617485 -1.278691 -0.039096 
2709 37.569573 0.000000 5.251060 101.524580 -0.000000 -0.624530 -0.030763 
2710 37.569573 0.000000 5.686412 101.504854 -0.000000 -0.379409 -0.030338 
2711 37.104520 0.000000 5.686412 101.928882 -0.000000 -0.591685 -0.038985 
2712 37.569573 0.000000 6.121764 101.958146 -0.000000 -0.209635 -0.039551 
2713 40.359892 0.000000 7.427819 99.473185 -0.000000 1.386499 0.010316 
2714 39.894839 0.000000 7.427819 100.059107 -0.000000 1.156615 -0.001316 
2715 40.359892 0.000000 7.863171 99.603142 0.000000 1.492916 0.007699 
2716 44.545371 0.000000 6.992467 98.354332 1.616723 2.722938 0.031640 
2717 45.475478 0.000000 6.992467 98.575345 1.586656 3.216013 0.027004 
2718 46.405584 0.000000 6.992467 98.769883 1.430830 3.655636 0.022910 
2719 46.405584 0.000000 6.121764 98.423943 -0.423831 3.541831 0.030000 
2720 42.220105 0.000000 6.557115 97.534187 -1.382766 1.576832 0.048268 
2721 42.685158 0.000000 6.557115 97.651527 -1.416055 1.754480 0.045910 
2722 42.220105 0.000000 6.992467 97.513777 0.000000 1.273536 0.048944 
2723 42.220105 0.000000 7.427819 97.581902 0.000000 1.384198 0.047586 
2724 42.685158 0.000000 7.427819 98.111608 1.668657 1.710788 0.036840 
2725 40.359892 0.000000 8.298522 99.719175 -0.000000 1.404564 0.005411 
2726 39.894839 0.000000 8.298522 100.160252 -0.000000 1.232785 -0.003360 
2727 43.150212 0.000000 8.298522 99.158997 11.376667 0.878188 0.003729 
2728 43.150212 0.000000 7.863171 98.983018 1.324583 -3.704708 0.018688 
2729 43.615265 0.000000 8.298522 99.389551 10.540982 1.754540 0.000753 
2730 44.545371 0.000000 10.475281 98.512439 -15.708204 3.501183 0.003629 
2731 44.545371 0.000000 11.345984 98.859874 -12.633966 3.390938 0.005561 
2732 43.150212 0.000000 10.039929 98.439569 -17.840128 2.640174 -0.001559 
2733 43.615265 0.000000 10.039929 98.280591 -18.526545 3.176629 -0.001240 
2734 43.150212 0.000000 10.475281 98.801094 -14.444157 2.619532 0.002285 
2735 29.431142 0.000000 3.727329 110.021897 -0.814641 -10.741257 -0.222086 
2736 29.198615 0.000000 3.727329 106.874410 -1.490597 -7.433910 -0.147962 
2737 29.431142 0.000000 3.945005 111.623821 -0.963870 -10.484648 -0.257073 
2738 29.896195 0.000000 2.856626 100.502423 -2.888001 6.531200 -0.015173 
2739 29.896195 0.000000 2.638950 105.662910 -3.026716 2.340569 -0.117929 
2740 30.128722 0.000000 2.856626 258.479957 -2.158753 -57.330470 -6.010333 
2741 30.361248 0.000000 2.856626 384.432413 -2.806758 -114.570379 -15.092253 
2742 30.361248 0.000000 2.638950 248.444312 -3.228715 -60.986469 -5.545435 
2743 30.593775 0.000000 2.856626 430.831267 -2.003334 -141.708808 -19.570098 
2744 30.070590 0.000000 3.564072 111.537548 -1.164536 -14.361003 -0.264822 
2745 30.012459 0.000000 3.564072 111.084146 -1.075581 -14.881486 -0.256230 
2746 30.070590 0.000000 3.618491 111.487952 -1.209028 -15.189512 -0.266175 
2747 40.359892 0.000000 10.039929 100.357993 -7.941346 1.711741 -0.013772 
2748 39.894839 0.000000 10.039929 100.670840 -8.087408 1.826015 -0.020336 
2749 40.359892 0.000000 10.475281 100.299327 -8.377826 2.117597 -0.013463 
2750 42.452632 0.000000 8.516198 95.973972 0.000000 1.760879 0.078590 
2751 42.452632 0.000000 8.298522 95.907106 0.000000 1.737790 0.079881 
2752 42.685158 0.000000 8.516198 96.078602 0.000000 1.694729 0.076603 
2753 42.103842 0.000000 8.842712 96.773129 -2.041440 1.220068 0.062931 
2754 42.103842 0.000000 8.733874 96.165922 -1.079486 1.533389 0.074860 
2755 42.220105 0.000000 8.842712 96.625181 -1.507636 1.346671 0.065949 
2756 41.522525 0.000000 8.516198 97.260959 -0.000000 1.881209 0.053677 
2757 41.289999 0.000000 8.516198 98.100864 -0.000000 1.780581 0.037305 
2758 41.522525 0.000000 8.298522 97.193402 -0.000000 1.904303 0.054982 
2759 41.638789 0.000000 8.842712 98.160566 -2.783607 0.836743 0.035605 
2760 41.522525 0.000000 8.842712 98.258901 -2.018435 1.010457 0.034009 
2761 41.638789 0.000000 8.733874 97.870224 -1.899680 1.133051 0.041653 
2762 42.103842 0.000000 9.278064 97.828641 -4.059087 0.583316 0.041274 
2763 42.220105 0.000000 9.278064 97.454278 -3.559530 0.778045 0.048939 
2764 42.103842 0.000000 9.386902 97.841636 -4.064457 0.579124 0.041016 
2765 41.929447 0.000000 9.005969 97.604595 -3.105244 0.842622 0.046299 
2766 41.929447 0.000000 8.951550 97.747324 -3.327629 0.759498 0.043381 
2767 41.987579 0.000000 9.005969 97.429875 -2.857753 0.933470 0.049838 
2768 42.336368 0.000000 8.842712 96.477013 -1.108651 1.439014 0.068889 
2769 42.336368 0.000000 8.733874 96.138012 0.000000 1.717608 0.075453 
2770 42.452632 0.000000 8.842712 95.954100 0.000000 1.777070 0.078965 
2771 41.696920 0.000000 9.005969 98.479860 -3.139318 0.672433 0.029141 
2772 41.638789 0.000000 9.005969 98.611407 -2.910275 0.708593 0.026682 
2773 41.696920 0.000000 8.951550 98.263691 -3.340615 0.658496 0.033265 
2774 38.499680 0.000000 8.298522 101.249092 -0.000000 0.536173 -0.025167 
2775 38.499680 0.000000 7.863171 101.514101 -0.000000 0.755961 -0.030568 
2776 38.964733 0.000000 8.298522 100.849557 -0.000000 0.761132 -0.017121 
2777 39.429786 0.000000 8.298522 100.500536 -0.000000 1.016157 -0.010139 
2778 39.429786 0.000000 7.863171 100.602034 -0.000000 1.103206 -0.012199 
2779 38.499680 0.000000 10.039929 101.505626 -9.348287 2.610756 -0.039760 
2780 38.964733 0.000000 10.039929 101.260465 -8.786906 2.235909 -0.033589 
2781 38.499680 0.000000 10.475281 101.098499 -9.082258 2.989105 -0.031233 
2782 39.429786 0.000000 10.039929 100.951484 -8.369581 2.000890 -0.026526 
2783 39.429786 0.000000 10.475281 100.771031 -8.544913 2.422260 -0.023368 
2784 35.244307 0.000000 6.992467 113.352941 0.000000 -9.126167 -0.293218 
2785 34.314201 0.000000 6.992467 99.072787 -11.296037 1.790132 0.005378 
2786 35.244307 0.000000 10.475281 99.845937 -8.589081 3.718941 -0.005681 
2787 34.314201 0.000000 10.475281 100.068910 -8.230776 3.320588 -0.009256 
2788 35.244307 0.000000 11.345984 99.988932 -8.181337 3.855573 -0.007959 
2789 36.639467 0.000000 10.039929 100.211444 -10.123689 4.088155 -0.016154 
2790 36.174414 0.000000 10.039929 99.889834 -9.634420 3.942635 -0.008635 
2791 36.639467 0.000000 10.475281 100.323654 -9.224009 3.960055 -0.016560 
2792 36.871993 0.000000 9.386902 110.882834 0.000000 -2.817286 -0.230294 
2793 36.639467 0.000000 9.386902 112.120625 0.000000 -3.534516 -0.258353 
2794 36.871993 0.000000 9.604577 100.201352 -12.094680 4.458893 -0.020647 
2795 37.220783 0.000000 9.278064 108.495828 -8.281747 -0.936941 -0.184081 
2796 37.104520 0.000000 9.278064 109.342930 -7.196097 -1.289296 -0.200932 
2797 37.220783 0.000000 9.386902 109.218691 -7.999620 -1.128256 -0.199399 
2798 40.708682 0.000000 4.271519 98.248787 0.000000 -1.685333 0.034434 
2799 40.592419 0.000000 4.271519 98.650593 0.000000 -1.753713 0.026499 
2800 40.824946 0.000000 4.271519 98.364274 0.000000 -1.470224 0.032231 
2801 40.476156 0.000000 4.271519 98.908249 0.000000 -1.740344 0.021413 
2802 40.359892 0.000000 4.271519 99.697403 -0.798769 -1.818214 0.005648 
2803 40.243629 0.000000 4.053843 101.881400 -1.926562 -2.668352 -0.039065 
2804 40.127366 0.000000 4.053843 101.360759 -1.458042 -2.111179 -0.028059 
2805 40.243629 0.000000 4.162681 100.733654 -1.578372 -2.314546 -0.015512 
2806 40.243629 0.000000 4.271519 100.101789 -1.351400 -1.834137 -0.002556 
2807 40.127366 0.000000 4.271519 100.384820 -1.263900 -1.596378 -0.008126 
2808 40.243629 0.000000 4.380357 99.999293 -0.473837 -1.375070 -0.000197 
2809 40.418024 0.000000 3.999424 101.746557 -2.069061 -3.535538 -0.036914 
2810 40.359892 0.000000 3.999424 102.288795 -2.311056 -3.352903 -0.047958 
2811 40.418024 0.000000 4.053843 102.169391 -2.651175 -3.510084 -0.045793 
2812 41.522525 0.000000 4.598033 96.382295 -0.651978 -2.192931 0.070522 
2813 41.522525 0.000000 4.380357 96.035332 -2.466018 -1.019521 0.077009 
2814 41.755052 0.000000 4.598033 96.208346 -1.287190 -1.903595 0.073867 
2815 40.941209 0.000000 4.271519 100.332960 -1.182977 -2.728356 -0.007555 
2816 40.941209 0.000000 4.162681 102.867853 -4.058687 -4.744958 -0.062078 
2817 41.057472 0.000000 4.271519 101.388785 -1.918079 -3.595086 -0.029629 
2818 40.505221 0.000000 3.972215 101.525491 -1.805885 -3.929024 -0.032612 
2819 40.476156 0.000000 3.972215 101.483760 -1.730695 -3.883825 -0.031703 
2820 40.505221 0.000000 3.999424 101.591187 -2.296572 -3.747322 -0.034009 
2821 40.476156 0.000000 4.706871 98.999021 0.000000 -0.943765 0.019830 
2822 40.359892 0.000000 4.706871 99.108545 0.000000 -0.897244 0.017669 
2823 40.476156 0.000000 4.815709 98.880442 0.000000 -0.769034 0.022207 
2824 40.127366 0.000000 5.468736 99.309533 -0.000000 0.068142 0.013761 
2825 39.894839 0.000000 5.468736 99.469175 -0.000000 0.044654 0.010588 
2826 40.127366 0.000000 5.686412 99.291319 -0.000000 0.344157 0.014112 
2827 40.592419 0.000000 5.904088 98.768410 -0.000000 0.569375 0.024448 
2828 40.359892 0.000000 5.904088 99.066163 -0.000000 0.512425 0.018563 
2829 40.592419 0.000000 6.121764 98.904296 -0.000000 0.682584 0.021747 
2830 40.127366 0.000000 5.904088 99.300363 -0.000000 0.396588 0.013928 
2831 39.894839 0.000000 5.904088 99.515552 -0.000000 0.389568 0.009650 
2832 40.127366 0.000000 6.121764 99.440187 -0.000000 0.556974 0.011134 
2833 40.650551 0.000000 4.652452 98.502951 0.000000 -1.072703 0.029602 
2834 40.592419 0.000000 4.652452 98.866906 0.000000 -1.012868 0.022431 
2835 40.650551 0.000000 4.706871 98.703825 0.000000 -0.945579 0.025666 
2836 40.941209 0.000000 4.924547 98.075269 0.000000 -0.395838 0.038108 
2837 40.824946 0.000000 4.924547 98.280754 0.000000 -0.425947 0.034071 
2838 41.057472 0.000000 4.924547 98.068368 0.000000 -0.247587 0.038253 
2839 41.173735 0.000000 4.924547 98.031605 0.000000 -0.232574 0.038975 
2840 41.173735 0.000000 4.815709 98.237924 0.000000 -0.542822 0.034902 
2841 41.289999 0.000000 4.924547 97.833917 0.000000 -0.111212 0.042851 
2842 40.737748 0.000000 4.625242 98.315111 0.000000 -1.113504 0.033290 
2843 40.708682 0.000000 4.625242 98.326089 0.000000 -1.119033 0.033073 
2844 40.737748 0.000000 4.652452 98.285021 0.000000 -1.061113 0.033893 
2845 41.173735 0.000000 5.359898 97.873023 0.000000 0.264245 0.042080 
2846 41.289999 0.000000 5.359898 97.717058 0.000000 0.333995 0.045126 
2847 41.173735 0.000000 5.468736 97.697591 0.000000 0.422319 0.045500 
2848 41.173735 0.000000 5.577574 97.681713 0.000000 0.567598 0.045796 
2849 41.057472 0.000000 5.577574 97.802726 0.000000 0.555688 0.043432 
2850 41.289999 0.000000 5.577574 97.738515 0.000000 0.628469 0.044679 
2851 40.941209 0.000000 5.577574 97.982587 0.000000 0.518352 0.039914 
2852 40.824946 0.000000 5.577574 98.310449 0.000000 0.444043 0.033486 
2853 40.941209 0.000000 5.686412 98.154640 0.000000 0.584882 0.036532 
2854 41.522525 0.000000 6.339440 97.742836 0.000000 1.070752 0.044519 
2855 41.755052 0.000000 6.339440 97.587177 0.000000 1.103956 0.047552 
2856 41.522525 0.000000 6.557115 97.669070 0.000000 1.127174 0.045948 
2857 40.941209 0.000000 5.795250 98.218175 0.000000 0.637802 0.035278 
2858 40.824946 0.000000 5.795250 98.430713 0.000000 0.587582 0.031105 
2859 40.941209 0.000000 5.904088 98.250789 0.000000 0.666570 0.034634 
2860 40.941209 0.000000 6.012926 98.281039 0.000000 0.704026 0.034034 
2861 40.824946 0.000000 6.012926 98.379296 0.000000 0.687259 0.032104 
2862 40.941209 0.000000 6.121764 98.289434 0.000000 0.797490 0.033855 
2863 41.406262 0.000000 6.012926 97.888682 0.000000 0.853432 0.041708 
2864 41.522525 0.000000 6.012926 97.798510 0.000000 0.885871 0.043467 
2865 41.406262 0.000000 6.121764 97.843248 0.000000 0.922920 0.042585 
2866 41.406262 0.000000 5.577574 97.719589 0.000000 0.632849 0.045048 
2867 41.406262 0.000000 5.468736 97.698466 0.000000 0.492424 0.045477 
2868 41.522525 0.000000 5.577574 97.624125 0.000000 0.704482 0.046903 
2869 39.429786 0.000000 6.557115 100.267274 -0.000000 0.581191 -0.005386 
2870 38.964733 0.000000 6.557115 100.732766 -0.000000 0.488901 -0.014733 
2871 39.429786 0.000000 6.992467 100.436810 -0.000000 0.829479 -0.008824 
2872 39.429786 0.000000 7.427819 100.426996 -0.000000 1.001606 -0.008658 
2873 38.964733 0.000000 7.427819 100.909542 -0.000000 0.833616 -0.018343 
2874 38.499680 0.000000 7.427819 101.397751 -0.000000 0.679156 -0.028197 
2875 38.034626 0.000000 7.427819 102.224106 -0.000000 0.386891 -0.044992 
2876 38.499680 0.000000 6.992467 101.289766 -0.000000 0.532811 -0.025990 
2877 40.592419 0.000000 6.339440 98.864340 -0.000000 0.922806 0.022499 
2878 40.359892 0.000000 6.339440 99.253356 -0.000000 0.850106 0.014805 
2879 40.592419 0.000000 6.557115 98.917955 -0.000000 0.981198 0.021428 
2880 88.260373 0.000000 23.535832 99.389310 -8.772218 6.006551 0.000873 
2881 95.701224 0.000000 23.535832 99.404114 -8.804276 6.054550 0.000465 
2882 88.260373 0.000000 30.501460 99.447667 -8.035882 6.084675 0.000856 
2883 60.357180 0.000000 4.380357 99.559807 -2.689715 5.565757 0.004963 
2884 60.357180 0.000000 2.638950 99.531454 -2.383219 5.424088 0.005839 
2885 88.260373 0.000000 -18.257932 99.592883 -6.578976 5.942550 0.000266 
2886 88.260373 0.000000 -25.223560 99.581733 -6.695857 6.112605 0.000128 
2887 95.701224 0.000000 -18.257932 99.592182 -6.487850 5.927472 0.000417 
2888 103.142075 0.000000 -4.326677 99.649715 -6.089752 5.344828 0.000428 
2889 103.142075 0.000000 -11.292305 99.618231 -6.267542 5.665539 0.000483 
2890 67.798032 0.000000 4.380357 99.693956 -2.584803 6.018901 0.001821 
2891 69.658244 0.000000 4.380357 99.711441 -2.615434 6.033424 0.001439 
2892 62.217393 0.000000 20.053019 99.322352 -8.905519 5.559360 0.002486 
2893 65.937819 0.000000 20.053019 99.323343 -9.061896 5.639625 0.002095 
2894 62.217393 0.000000 23.535832 99.350832 -8.433466 5.764618 0.002506 
2895 60.357180 0.000000 14.828798 99.184249 -10.437246 5.174331 0.002678 
2896 62.217393 0.000000 14.828798 99.163674 -10.506496 5.352136 0.002753 
2897 60.357180 0.000000 16.570205 99.239978 -9.678801 5.255473 0.003013 
2898 65.007712 0.000000 6.992467 99.748576 -0.768416 6.536162 0.000691 
2899 65.007712 0.000000 6.121764 99.722116 -1.534906 5.957328 0.001765 
2900 65.937819 0.000000 6.992467 99.773888 -0.916710 6.462443 0.000257 
2901 61.287287 0.000000 6.992467 99.723735 -0.307631 6.328921 0.001503 
2902 60.357180 0.000000 6.992467 99.706731 -0.203278 6.297169 0.001887 
2903 61.287287 0.000000 6.121764 99.687523 -1.222093 5.638085 0.002912 
2904 64.077606 0.000000 -2.585271 99.421909 -5.952699 5.591912 0.004858 
2905 62.217393 0.000000 -2.585271 99.364518 -5.972817 5.569075 0.006000 
2906 64.077606 0.000000 -4.326677 99.441408 -6.086334 5.460998 0.004454 
2907 60.357180 0.000000 0.897543 99.425363 -3.426217 6.092691 0.006574 
2908 58.496967 0.000000 0.897543 99.347530 -3.593117 5.909284 0.008224 
2909 60.357180 0.000000 -0.843864 99.281245 -5.703903 6.060727 0.007397 
2910 52.916329 0.000000 14.828798 99.075813 -10.064820 4.890821 0.005876 
2911 51.056116 0.000000 14.828798 99.021118 -9.869384 4.813246 0.007425 
2912 52.916329 0.000000 16.570205 99.144294 -9.293729 5.085009 0.005818 
2913 53.846435 0.000000 6.992467 99.616748 0.424739 4.692287 0.005431 
2914 53.846435 0.000000 6.121764 99.455219 -0.695453 5.033580 0.008284 
2915 57.566861 0.000000 6.992467 99.628448 0.176266 6.155812 0.003625 
2916 57.566861 0.000000 6.121764 99.568065 -0.932012 5.516976 0.005489 
2917 58.496967 0.000000 6.992467 99.656473 0.037958 6.224106 0.002985 
2918 42.336368 0.000000 9.278064 96.951897 -2.774911 1.005175 0.059162 
2919 42.452632 0.000000 9.278064 95.664023 0.000000 1.809625 0.084512 
2920 42.336368 0.000000 9.386902 96.026451 0.000000 1.705788 0.077601 
2921 37.569573 0.000000 -0.408512 101.460590 -9.467811 23.543581 -0.093819 
2922 37.569573 0.000000 -0.843864 100.600007 -10.003885 25.195824 -0.085527 
2923 38.034626 0.000000 -0.408512 101.148761 -9.554604 23.825420 -0.089001 
2924 35.244307 0.000000 -1.714567 101.353496 -10.771600 27.852093 -0.116430 
2925 34.314201 0.000000 -1.714567 101.746137 -10.421399 27.172696 -0.119924 
2926 35.244307 0.000000 -2.585271 99.092536 -11.245460 32.300963 -0.098914 
2927 33.384094 0.000000 -1.714567 102.562989 -10.031933 26.432624 -0.131849 
2928 33.384094 0.000000 -2.585271 102.419954 -10.340907 27.288547 -0.134145 
2929 35.709360 0.000000 -0.408512 101.374596 -10.059847 26.183563 -0.106359 
2930 35.244307 0.000000 -0.408512 102.657011 -9.711900 23.695757 -0.119427 
2931 35.709360 0.000000 -0.843864 101.458829 -10.362792 26.612993 -0.110953 
2932 36.406940 0.000000 0.679867 103.506622 -8.543484 15.978904 -0.104194 
2933 36.174414 0.000000 0.679867 103.577161 -8.461101 15.615511 -0.104366 
2934 36.406940 0.000000 0.897543 103.875659 -8.395372 14.610472 -0.107410 
2935 52.916329 0.000000 -2.585271 98.850847 -6.055039 5.654164 0.015988 
2936 52.916329 0.000000 -4.326677 98.884750 -6.350142 5.486677 0.015138 
2937 54.776542 0.000000 -2.585271 99.011299 -5.944175 5.524487 0.013091 
2938 56.636755 0.000000 0.897543 99.255289 -3.709544 5.790349 0.010110 
2939 56.636755 0.000000 -0.843864 99.127027 -5.564981 6.246399 0.010385 
2940 48.265797 0.000000 3.509653 98.186587 -3.642750 4.811749 0.032297 
2941 49.195903 0.000000 3.509653 98.440997 -3.553303 4.997042 0.027177 
2942 48.265797 0.000000 4.380357 98.376361 -2.719465 4.179795 0.029723 
2943 48.265797 0.000000 5.251060 98.564574 -1.806906 4.040957 0.026543 
2944 47.335690 0.000000 5.251060 98.385880 -1.766207 3.711877 0.030332 
2945 49.195903 0.000000 5.251060 98.754097 -1.772796 4.262665 0.022632 
2946 46.870637 0.000000 1.332895 97.449224 -4.070838 4.168504 0.046970 
2947 46.405584 0.000000 1.332895 97.159730 -4.134882 4.130638 0.052583 
2948 46.870637 0.000000 1.768247 97.500892 -3.178134 3.959955 0.046779 
2949 184.991440 0.000000 44.432715 99.495730 -7.763204 6.380288 -0.000038 
2950 199.873142 0.000000 44.432715 99.491670 -7.787910 6.419388 -0.000045 
2951 184.991440 0.000000 58.363970 99.517991 -7.470959 6.365066 -0.000016 
2952 118.023778 0.000000 23.535832 99.399667 -9.017652 6.300873 -0.000131 
2953 110.582927 0.000000 23.535832 99.405598 -8.952795 6.199198 -0.000006 
2954 118.023778 0.000000 30.501460 99.464358 -8.229058 6.187862 0.000083 
2955 155.228034 0.000000 -39.154815 99.572139 -6.670227 6.276197 0.000151 
2956 155.228034 0.000000 -53.086070 99.562920 -6.750724 6.333838 0.000154 
2957 170.109737 0.000000 -39.154815 99.573421 -6.667771 6.289179 0.000112 
2958 184.991440 0.000000 -39.154815 99.574085 -6.666419 6.301336 0.000085 
2959 184.991440 0.000000 -53.086070 99.565497 -6.744597 6.347734 0.000093 
2960 199.873142 0.000000 -39.154815 99.574329 -6.666233 6.313412 0.000066 
2961 162.668886 0.000000 23.535832 99.348357 -9.155982 7.111264 -0.000450 
2962 170.109737 0.000000 23.535832 99.341121 -9.117085 7.272676 -0.000467 
2963 162.668886 0.000000 30.501460 99.441321 -8.412508 6.490250 -0.000147 
2964 214.754845 0.000000 44.432715 99.487627 -7.809079 6.461496 -0.000052 
2965 229.636547 0.000000 44.432715 99.483613 -7.826565 6.506638 -0.000058 
2966 214.754845 0.000000 58.363970 99.513788 -7.501705 6.397481 -0.000020 
2967 177.550588 0.000000 23.535832 99.335788 -9.050236 7.433728 -0.000477 
2968 184.991440 0.000000 23.535832 99.333145 -8.952035 7.586207 -0.000476 
2969 177.550588 0.000000 30.501460 99.431763 -8.441552 6.617010 -0.000172 
2970 214.754845 0.000000 -39.154815 99.574279 -6.667262 6.324547 0.000051 
2971 214.754845 0.000000 -53.086070 99.566501 -6.742403 6.361149 0.000059 
2972 229.636547 0.000000 -39.154815 99.574037 -6.669054 6.335060 0.000040 
2973 244.518250 0.000000 -11.292305 99.611259 -6.259826 6.215567 -0.000022 
2974 244.518250 0.000000 -25.223560 99.586039 -6.541030 6.297563 0.000018 
2975 259.399953 0.000000 -11.292305 99.607636 -6.280832 6.253247 -0.000023 
2976 136.625906 0.000000 6.121764 99.915970 -3.205794 4.693906 -0.001551 
2977 136.625906 0.000000 2.638950 99.690342 -6.321366 4.801813 -0.000118 
2978 140.346332 0.000000 6.121764 99.926629 -3.461005 4.265832 -0.001551 
2979 129.185055 0.000000 13.087391 99.764747 -2.688847 7.533578 -0.001699 
2980 125.464629 0.000000 13.087391 99.779077 -2.643072 7.351042 -0.001689 
2981 129.185055 0.000000 16.570205 99.224786 -11.205634 6.667742 -0.001558 
2982 147.787183 0.000000 -4.326677 99.671340 -5.926033 5.549417 -0.000029 
2983 147.787183 0.000000 -11.292305 99.632192 -6.189881 5.860755 0.000076 
2984 155.228034 0.000000 -4.326677 99.670422 -5.910705 5.599359 -0.000048 
2985 129.185055 0.000000 -0.843864 99.683495 -5.969838 5.201238 0.000051 
2986 129.185055 0.000000 -4.326677 99.669267 -5.947463 5.438564 0.000109 
2987 132.905480 0.000000 -0.843864 99.686547 -5.939251 5.209521 0.000018 
2988 144.066757 0.000000 6.121764 99.913136 -3.799370 4.119423 -0.001404 
2989 144.066757 0.000000 2.638950 99.706063 -6.134374 4.786583 -0.000184 
2990 147.787183 0.000000 6.121764 99.899328 -4.024775 4.098894 -0.001288 
2991 151.507609 0.000000 6.121764 99.892826 -4.142094 4.081382 -0.001239 
2992 151.507609 0.000000 2.638950 99.717835 -5.964388 4.808680 -0.000234 
2993 155.228034 0.000000 6.121764 99.895046 -4.213236 3.978244 -0.001260 
2994 151.507609 0.000000 20.053019 99.257278 -9.935549 7.653550 -0.000930 
2995 155.228034 0.000000 20.053019 99.247222 -9.914240 7.838291 -0.000974 
2996 151.507609 0.000000 23.535832 99.361357 -9.171835 6.878651 -0.000412 
2997 129.185055 0.000000 20.053019 99.311865 -9.812624 6.845566 -0.000600 
2998 125.464629 0.000000 20.053019 99.317155 -9.810894 6.747923 -0.000569 
2999 129.185055 0.000000 23.535832 99.389173 -9.070173 6.469087 -0.000232 
3000 145.926970 0.000000 18.311612 99.166577 -10.894231 8.003597 -0.001675 
3001 147.787183 0.000000 18.311612 99.150619 -10.944614 8.199611 -0.001786 
3002 145.926970 0.000000 20.053019 99.272619 -9.934300 7.407810 -0.000862 
3003 69.658244 0.000000 20.053019 99.336506 -9.093336 5.689710 0.001720 
3004 73.378670 0.000000 20.053019 99.345579 -9.157195 5.737604 0.001368 
3005 69.658244 0.000000 23.535832 99.381531 -8.541751 5.820828 0.001647 
3006 59.427074 0.000000 12.216688 98.990091 -12.591382 5.656195 0.001043 
3007 60.357180 0.000000 12.216688 98.998894 -12.616798 5.771183 0.000673 
3008 59.427074 0.000000 13.087391 99.075328 -11.605016 5.269585 0.002163 
3009 58.962021 0.000000 10.039929 99.141180 -8.917038 12.072529 -0.005423 
3010 58.496967 0.000000 10.039929 99.103313 -8.969934 12.367956 -0.005489 
3011 58.962021 0.000000 10.475281 98.837306 -11.981666 11.421836 -0.004283 
3012 53.846435 0.000000 12.216688 98.879871 -12.252064 5.041016 0.004725 
3013 52.916329 0.000000 12.216688 98.825871 -12.143193 4.978564 0.006120 
3014 53.846435 0.000000 13.087391 98.969087 -11.282678 4.896032 0.005385 
3015 51.986223 0.000000 12.216688 98.854596 -12.087593 4.819678 0.005843 
3016 51.056116 0.000000 12.216688 98.933376 -12.038417 4.562527 0.004645 
3017 51.986223 0.000000 13.087391 98.886314 -11.097067 4.794870 0.007536 
3018 49.195903 0.000000 14.828798 99.043050 -9.728847 4.634502 0.007435 
3019 47.335690 0.000000 14.828798 99.233055 -9.501842 4.395010 0.004320 
3020 49.195903 0.000000 16.570205 99.114196 -9.028422 4.922065 0.007064 
3021 50.126010 0.000000 12.216688 98.932352 -12.065970 4.424417 0.004723 
3022 49.195903 0.000000 12.216688 98.924666 -11.980242 4.297575 0.005192 
3023 50.126010 0.000000 13.087391 99.030170 -10.967827 4.420046 0.005320 
3024 48.265797 0.000000 12.216688 98.895531 -11.658797 4.224838 0.006590 
3025 47.335690 0.000000 12.216688 98.924399 -11.716942 4.077358 0.006005 
3026 48.265797 0.000000 13.087391 99.004192 -10.943653 4.275751 0.006012 
3027 53.381382 0.000000 10.039929 98.245595 -18.839873 11.769132 -0.014565 
3028 53.846435 0.000000 10.039929 98.105965 -18.131866 13.481477 -0.013530 
3029 53.381382 0.000000 10.475281 98.515438 -16.509916 7.390279 -0.003248 
3030 54.311489 0.000000 10.039929 98.113558 -16.374432 14.989988 -0.011909 
3031 54.311489 0.000000 9.604577 99.153352 -6.206618 14.921888 -0.009257 
3032 54.311489 0.000000 10.475281 98.528211 -16.604841 7.535567 -0.004031 
3033 55.241595 0.000000 10.910633 98.640632 -15.190616 6.709797 -0.000575 
3034 54.776542 0.000000 10.910633 98.644586 -15.148458 6.541616 -0.000302 
3035 55.241595 0.000000 11.345984 98.767847 -13.910395 5.898195 0.001662 
3036 55.241595 0.000000 8.298522 99.702715 2.232590 8.870232 -0.002430 
3037 54.776542 0.000000 8.298522 99.714053 2.407921 8.790324 -0.002596 
3038 55.241595 0.000000 7.863171 99.662149 1.578505 7.107978 0.001444 
3039 58.031914 0.000000 10.039929 99.061273 -9.032746 12.702357 -0.005608 
3040 58.031914 0.000000 9.604577 99.341182 -8.168029 11.945630 -0.007809 
3041 58.031914 0.000000 10.475281 98.716163 -12.608110 12.260437 -0.005416 
3042 58.031914 0.000000 10.910633 98.616487 -15.161549 8.312357 -0.002418 
3043 58.496967 0.000000 10.910633 98.644339 -14.893728 8.554580 -0.002571 
3044 58.031914 0.000000 11.345984 98.802581 -14.093051 6.577559 -0.000383 
3045 55.939175 0.000000 9.822253 99.045958 -7.837607 14.174990 -0.007246 
3046 55.706648 0.000000 9.822253 99.014121 -7.762736 14.493505 -0.007412 
3047 56.171701 0.000000 9.822253 99.058384 -7.877534 13.927731 -0.006860 
3048 56.404228 0.000000 9.822253 99.081353 -7.935682 13.691899 -0.006756 
3049 56.636755 0.000000 9.822253 99.101458 -7.987211 13.487643 -0.006681 
3050 57.101808 0.000000 8.298522 99.710272 1.417816 8.931519 -0.002392 
3051 57.101808 0.000000 7.863171 99.699456 1.383371 7.338456 0.000425 
3052 57.566861 0.000000 8.298522 99.712463 1.254959 8.922213 -0.002376 
3053 58.031914 0.000000 9.169226 99.676866 -0.508570 10.819565 -0.005280 
3054 58.031914 0.000000 8.733874 99.704568 0.999957 10.473013 -0.005168 
3055 56.869281 0.000000 9.822253 99.128869 -8.099632 13.251557 -0.006774 
3056 56.869281 0.000000 9.604577 99.271812 -7.662777 12.861557 -0.007903 
3057 57.101808 0.000000 9.822253 99.142820 -8.137231 13.091052 -0.006689 
3058 55.939175 0.000000 10.692957 98.486305 -16.444210 7.654608 -0.002856 
3059 55.706648 0.000000 10.692957 98.510506 -16.301471 7.494596 -0.002623 
3060 55.939175 0.000000 10.910633 98.620470 -15.284435 7.006303 -0.000870 
3061 56.287965 0.000000 10.584119 98.219184 -18.337101 8.198125 -0.005047 
3062 56.171701 0.000000 10.584119 98.282718 -18.006358 7.937026 -0.004672 
3063 56.287965 0.000000 10.692957 98.425213 -16.705165 7.994252 -0.003049 
3064 53.381382 0.000000 8.298522 99.814371 3.109842 8.308817 -0.004162 
3065 53.381382 0.000000 7.863171 99.723993 1.980190 6.732345 0.000588 
3066 53.846435 0.000000 8.298522 99.760638 2.878267 8.531826 -0.003326 
3067 54.311489 0.000000 8.298522 99.761303 2.645595 8.624830 -0.003370 
3068 54.311489 0.000000 7.863171 99.706219 1.720212 6.908446 0.000798 
3069 54.311489 0.000000 8.733874 99.749828 2.189775 10.622189 -0.006765 
3070 54.311489 0.000000 9.169226 99.739893 -4.536562 10.391272 -0.007661 
3071 55.939175 0.000000 8.951550 99.698181 0.775273 11.258743 -0.006709 
3072 55.706648 0.000000 8.951550 99.702675 0.881799 11.299145 -0.006907 
3073 55.939175 0.000000 8.733874 99.735074 1.695913 10.483264 -0.005986 
3074 56.869281 0.000000 9.386902 99.577329 -7.328823 9.939881 -0.006816 
3075 56.869281 0.000000 9.169226 99.699208 -0.182298 10.526761 -0.005078 
3076 57.101808 0.000000 9.386902 99.627496 -7.257712 9.197834 -0.006291 
3077 62.682446 0.000000 9.169226 99.620970 -0.977969 10.812697 -0.004221 
3078 62.217393 0.000000 9.169226 99.642871 -0.851154 10.800525 -0.004608 
3079 62.682446 0.000000 8.733874 99.680011 -0.367800 10.014153 -0.003652 
3080 61.752340 0.000000 10.039929 99.281246 -8.814414 10.950168 -0.005437 
3081 61.752340 0.000000 9.604577 100.308558 3.520814 0.570821 -0.007453 
3082 61.752340 0.000000 10.475281 99.193853 -9.832528 10.005545 -0.003621 
3083 49.254035 0.000000 8.788293 100.384642 -1.969890 11.779549 -0.021971 
3084 49.312167 0.000000 8.788293 100.401061 -2.172248 11.398722 -0.021502 
3085 49.254035 0.000000 8.842712 100.178519 0.231416 13.707870 -0.022369 
3086 61.752340 0.000000 9.169226 99.656267 -0.728306 10.769269 -0.004788 
3087 61.752340 0.000000 8.733874 99.689670 -0.128444 10.151075 -0.004109 
3088 59.659600 0.000000 9.822253 99.295214 -8.548988 11.642672 -0.006818 
3089 59.427074 0.000000 9.822253 99.284732 -8.493099 11.765097 -0.006801 
3090 59.659600 0.000000 10.039929 99.192722 -8.850724 11.691878 -0.005423 
3091 2.690583 0.000000 13.087391 99.746986 -6.657017 7.872573 -0.005575 
3092 -1.029843 0.000000 13.087391 99.261217 -6.831784 7.315333 0.004702 
3093 2.690583 0.000000 16.570205 99.790224 -6.951068 7.203946 -0.005830 
3094 -4.750269 0.000000 13.087391 99.319183 -7.052717 7.217988 0.003386 
3095 -8.470694 0.000000 13.087391 99.640164 -7.042809 7.339298 -0.003163 
3096 -4.750269 0.000000 16.570205 99.913359 -7.066295 7.251149 -0.008519 
3097 0.830370 0.000000 4.380357 96.584159 -7.334831 10.322134 0.051115 
3098 -1.029843 0.000000 4.380357 96.818512 -6.917176 9.252308 0.049272 
3099 0.830370 0.000000 6.121764 97.616981 -7.055624 9.356553 0.033360 
3100 -0.099737 0.000000 0.026840 88.641695 -8.003996 15.888698 0.182614 
3101 -1.029843 0.000000 0.026840 90.286181 -7.335473 11.575880 0.166060 
3102 -0.099737 0.000000 0.897543 92.097851 -7.632261 13.098710 0.128816 
3103 1.760476 0.000000 1.768247 93.359179 -7.840349 14.751947 0.100497 
3104 0.830370 0.000000 1.768247 93.659444 -7.617354 13.211471 0.099534 
3105 1.760476 0.000000 2.638950 94.651189 -7.566678 13.092983 0.081247 
3106 -0.099737 0.000000 1.768247 93.974830 -7.436859 11.639790 0.097794 
3107 -1.029843 0.000000 1.768247 94.392393 -7.096884 10.359545 0.093239 
3108 -0.099737 0.000000 2.638950 95.164217 -7.233188 10.729323 0.077633 
3109 -2.890056 0.000000 4.380357 97.220545 -6.895128 8.171214 0.043385 
3110 -4.750269 0.000000 4.380357 97.726273 -7.023480 7.348664 0.034624 
3111 -2.890056 0.000000 6.121764 97.919929 -6.947586 8.016235 0.029916 
3112 -1.959949 0.000000 0.026840 92.584138 -7.116386 8.975691 0.129697 
3113 -2.890056 0.000000 0.026840 94.407576 -7.040158 7.790444 0.097695 
3114 -1.959949 0.000000 0.897543 94.008838 -7.002465 9.244028 0.102785 
3115 -1.959949 0.000000 1.768247 95.099184 -6.933026 9.210912 0.082324 
3116 -2.890056 0.000000 1.768247 95.765370 -6.881714 8.208537 0.071426 
3117 -1.959949 0.000000 2.638950 95.924036 -6.855727 9.059055 0.066951 
3118 9.201328 0.000000 -1.714567 -12.161593 0.092176 -0.714683 0.985158 
3119 9.201328 0.000000 -0.843864 -12.000813 0.081969 -0.512506 0.985571 
3120 9.201328 0.000000 0.026840 -11.692492 0.069911 -0.385660 0.986313 
3121 10.131434 0.000000 0.026840 -11.899992 -0.172875 0.282556 0.985828 
3122 9.201328 0.000000 0.897543 -11.406899 -0.065045 -0.008166 0.986988 
3123 9.201328 0.000000 1.768247 104.136001 -12.203359 41.858359 -0.274535 
3124 10.131434 0.000000 1.768247 -11.587184 0.101002 0.517423 0.986546 
3125 9.201328 0.000000 2.638950 105.287608 -12.390980 41.469480 -0.295873 
3126 9.201328 0.000000 3.509653 107.669803 -12.198645 39.082301 -0.326902 
3127 8.271221 0.000000 3.509653 102.208287 -9.516456 27.084091 -0.127064 
3128 9.201328 0.000000 4.380357 105.740405 -8.741368 17.670802 -0.156970 
3129 19.432498 0.000000 7.863171 101.699120 -7.965901 5.543395 -0.043690 
3130 17.572285 0.000000 7.863171 101.730820 -8.236397 6.297797 -0.045666 
3131 19.432498 0.000000 9.604577 101.607532 -7.820065 5.813679 -0.041904 
3132 15.712072 0.000000 7.863171 101.271744 -8.348488 6.547344 -0.036853 
3133 13.851860 0.000000 7.863171 101.423798 -8.302677 7.278256 -0.040869 
3134 15.712072 0.000000 9.604577 101.127575 -7.408781 6.610958 -0.032538 
3135 11.061540 0.000000 0.026840 -11.782660 -0.321948 0.700933 0.986057 
3136 11.991647 0.000000 0.026840 -11.431079 -0.455928 1.392791 0.986718 
3137 11.061540 0.000000 0.897543 -11.409583 -0.290798 0.596523 0.986938 
3138 12.921753 0.000000 0.026840 -10.605049 -0.079208 1.644829 0.988482 
3139 13.851860 0.000000 0.026840 -9.683533 -0.141296 1.985191 0.990227 
3140 12.921753 0.000000 0.897543 -10.239751 -0.581321 1.202095 0.989336 
3141 11.061540 0.000000 1.768247 -11.276417 -0.176012 0.337533 0.987270 
3142 11.991647 0.000000 1.768247 -11.050668 -0.401974 0.208506 0.987768 
3143 14.781966 0.000000 0.026840 -8.820054 -0.137708 1.737722 0.991917 
3144 15.712072 0.000000 0.026840 -8.368444 0.036157 1.637636 0.992729 
3145 14.781966 0.000000 0.897543 -8.863660 -0.095414 1.165710 0.992007 
3146 16.642179 0.000000 0.026840 -8.222936 0.212240 1.378752 0.993044 
3147 17.572285 0.000000 0.026840 -8.213883 0.233100 1.135585 0.993119 
3148 16.642179 0.000000 0.897543 -8.552551 0.013265 1.197933 0.992542 
3149 16.642179 0.000000 1.768247 -8.642908 -0.042311 1.343864 0.992349 
3150 15.712072 0.000000 1.768247 -8.979860 -0.054139 1.196251 0.991793 
3151 17.572285 0.000000 1.768247 -8.453425 0.378437 0.574029 0.992807 
3152 14.781966 0.000000 1.768247 -8.692630 -0.074488 0.620635 0.992405 
3153 13.851860 0.000000 1.768247 106.203313 -13.141690 2.495133 -0.145807 
3154 14.781966 0.000000 2.638950 106.065270 -12.604910 3.051593 -0.141804 
3155 18.502392 0.000000 0.026840 -8.634682 -0.041092 0.955191 0.992453 
3156 19.432498 0.000000 0.026840 -8.895393 0.030523 0.347385 0.992075 
3157 18.502392 0.000000 0.897543 -8.792378 -0.039785 0.745681 0.992214 
3158 20.362604 0.000000 0.026840 -9.232727 -0.271630 -0.207990 0.991464 
3159 21.292711 0.000000 0.026840 -9.899003 -0.290126 -0.237818 0.990187 
3160 20.362604 0.000000 0.897543 -9.363774 -0.262004 0.100128 0.991224 
3161 20.362604 0.000000 1.768247 -9.215586 0.046796 0.687658 0.991460 
3162 19.432498 0.000000 1.768247 -9.381574 -0.008001 0.499081 0.991174 
3163 18.502392 0.000000 1.768247 -8.939147 0.002247 0.437288 0.991990 
3164 24.083030 0.000000 5.251060 103.413770 -8.456692 1.526930 -0.076826 
3165 23.152924 0.000000 5.251060 103.528674 -8.647361 2.360677 -0.079854 
3166 24.083030 0.000000 6.121764 102.791673 -8.088296 2.352915 -0.063708 
3167 22.222817 0.000000 5.251060 103.441184 -8.917917 2.907257 -0.078806 
3168 21.292711 0.000000 5.251060 102.920337 -8.729532 4.107798 -0.068567 
3169 22.222817 0.000000 6.121764 102.520432 -8.547825 3.637565 -0.059674 
3170 22.222817 0.000000 0.026840 -10.480341 -0.184940 -0.798530 0.988949 
3171 23.152924 0.000000 0.026840 -11.260458 -0.259676 -2.046486 0.986895 
3172 24.083030 0.000000 0.026840 -12.501106 -0.018738 -2.463263 0.983765 
3173 34.314201 0.000000 -6.068084 98.210967 -7.858098 9.444252 0.020366 
3174 34.314201 0.000000 -7.809491 98.934900 -8.226522 8.664848 0.006913 
3175 36.174414 0.000000 -6.068084 98.059465 -8.179883 9.339199 0.023021 
3176 29.431142 0.000000 2.421274 101.473459 -3.265881 -10.653381 -0.042102 
3177 29.431142 0.000000 2.203598 108.490780 -4.507171 -5.731323 -0.182341 
3178 29.663669 0.000000 2.421274 103.876681 -3.226433 -2.333878 -0.080622 
3179 26.873349 0.000000 11.345984 101.117048 -7.649214 3.802646 -0.029763 
3180 25.013137 0.000000 11.345984 101.654742 -7.680814 4.100218 -0.040949 
3181 26.873349 0.000000 13.087391 101.065511 -7.145721 4.392943 -0.028460 
3182 31.523881 0.000000 -3.455974 102.981984 -10.365845 19.007862 -0.107404 
3183 31.523881 0.000000 -4.326677 99.111576 -8.995706 11.895101 -0.004552 
3184 32.453988 0.000000 -3.455974 99.552997 -9.569659 14.645139 -0.021686 
3185 33.849147 0.000000 3.945005 104.341291 -0.690766 -5.219420 -0.091482 
3186 34.314201 0.000000 3.945005 105.546911 -1.447357 -1.608232 -0.114483 
3187 33.849147 0.000000 4.380357 107.026824 -0.717433 -7.504054 -0.151157 
3188 34.779254 0.000000 1.332895 106.257884 -6.453547 5.864285 -0.136678 
3189 34.314201 0.000000 1.332895 105.318896 -6.707128 7.115697 -0.118769 
3190 34.779254 0.000000 0.897543 105.931427 -6.815706 9.422639 -0.135671 
3191 35.709360 0.000000 3.945005 102.370788 -1.614784 -5.841120 -0.051650 
3192 35.244307 0.000000 3.945005 106.467018 -2.551599 -6.070398 -0.137859 
3193 35.709360 0.000000 4.380357 103.276935 -1.897989 -3.605983 -0.068273 
3194 34.779254 0.000000 3.945005 106.314966 -2.280323 -3.155566 -0.131803 
3195 34.779254 0.000000 4.380357 105.108645 -1.591324 -4.216207 -0.106814 
3196 37.569573 0.000000 2.203598 119.803344 -17.582655 27.740156 -0.543151 
3197 38.499680 0.000000 3.074302 100.439927 -4.849323 -5.817368 -0.014554 
3198 38.034626 0.000000 -6.068084 97.702455 -7.525154 8.564388 0.032425 
3199 38.034626 0.000000 -7.809491 98.327741 -7.434040 7.759491 0.021618 
3200 39.894839 0.000000 -6.068084 97.659807 -7.372712 7.850161 0.034658 
3201 40.824946 0.000000 -1.714567 94.660641 -7.158076 10.807581 0.087132 
3202 40.824946 0.000000 -2.585271 95.621034 -7.249008 9.611319 0.071169 
3203 41.755052 0.000000 -1.714567 94.816080 -6.793061 9.650242 0.087064 
3204 38.499680 0.000000 -0.408512 100.651925 -9.506618 24.377726 -0.081546 
3205 38.499680 0.000000 -0.843864 99.766046 -10.058329 26.308303 -0.074656 
3206 38.964733 0.000000 -0.408512 100.209585 -9.071940 23.885444 -0.069478 
3207 39.429786 0.000000 -0.408512 101.007170 -8.795500 22.493240 -0.078576 
3208 39.429786 0.000000 -0.843864 100.159780 -9.404193 24.202390 -0.070618 
3209 39.894839 0.000000 -0.408512 101.747442 -8.218944 22.003812 -0.090426 
3210 46.405584 0.000000 5.251060 98.110874 -1.900690 3.406001 0.035904 
3211 43.150212 0.000000 3.945005 95.382225 -3.552029 0.868899 0.088886 
3212 43.615265 0.000000 3.945005 95.735004 -3.611983 1.642979 0.081906 
3213 43.150212 0.000000 4.380357 96.003138 -3.160102 1.416313 0.077141 
3214 39.894839 0.000000 20.053019 99.558912 -7.638897 5.120245 0.000345 
3215 36.174414 0.000000 20.053019 99.756983 -7.249227 5.147707 -0.003051 
3216 39.894839 0.000000 23.535832 99.599336 -7.423819 5.408451 -0.000439 
3217 39.662313 0.000000 5.033384 99.686354 -0.000000 -0.393441 0.006248 
3218 39.429786 0.000000 5.033384 99.825483 -0.000000 -0.475974 0.003465 
3219 39.662313 0.000000 5.251060 99.658590 -0.000000 -0.218543 0.006812 
3220 40.243629 0.000000 4.489195 99.318155 -0.000000 -1.009024 0.013489 
3221 40.127366 0.000000 4.489195 99.804456 -0.452820 -1.150219 0.003754 
3222 40.243629 0.000000 4.598033 99.337673 -0.000000 -0.942008 0.013114 
3223 40.243629 0.000000 4.706871 99.233537 0.000000 -0.864703 0.015196 
3224 40.127366 0.000000 4.706871 99.468317 -0.000000 -0.796968 0.010542 
3225 40.243629 0.000000 4.815709 99.299767 -0.000000 -0.721751 0.013904 
3226 36.639467 0.000000 4.815709 101.837494 -1.035864 -1.525584 -0.037428 
3227 36.174414 0.000000 4.815709 102.113290 -1.492314 -2.240947 -0.043437 
3228 36.639467 0.000000 5.251060 101.852046 -0.000000 -1.033010 -0.037491 
3229 36.639467 0.000000 5.686412 102.458442 -0.000000 -1.076935 -0.049889 
3230 36.174414 0.000000 5.686412 103.284792 -0.000000 -1.968431 -0.067162 
3231 36.639467 0.000000 6.121764 103.196059 -0.000000 -1.183902 -0.065083 
3232 45.475478 0.000000 14.828798 99.316415 -9.629386 4.304721 0.002499 
3233 43.615265 0.000000 14.828798 99.454423 -9.175073 4.176709 0.000719 
3234 45.475478 0.000000 16.570205 99.201982 -8.664835 4.723462 0.006158 
3235 43.150212 0.000000 7.427819 98.271408 2.199800 1.957630 0.033406 
3236 43.150212 0.000000 6.992467 97.999525 1.210197 1.991622 0.039066 
3237 43.615265 0.000000 7.427819 98.394505 2.488009 2.178890 0.030758 
3238 46.405584 0.000000 12.216688 98.872544 -11.435557 3.924019 0.007805 
3239 45.475478 0.000000 12.216688 98.910317 -11.207228 3.754759 0.007705 
3240 46.405584 0.000000 13.087391 99.071487 -10.509446 4.036826 0.005810 
3241 44.545371 0.000000 12.216688 99.102296 -11.081941 3.527558 0.004348 
3242 43.615265 0.000000 12.216688 99.210854 -10.772163 3.397409 0.002962 
3243 44.545371 0.000000 13.087391 99.194083 -10.117229 3.726629 0.004429 
3244 28.966089 0.000000 3.727329 107.572114 -1.719772 -4.223766 -0.159256 
3245 28.733562 0.000000 3.727329 106.842538 -1.246926 -1.960037 -0.142072 
3246 28.966089 0.000000 3.945005 107.744555 -1.161312 -5.227919 -0.163757 
3247 33.384094 0.000000 6.992467 99.420883 -9.632534 1.547425 0.002031 
3248 32.453988 0.000000 6.992467 99.891690 -8.666512 1.473661 -0.005563 
3249 33.384094 0.000000 7.863171 99.590676 -8.758518 2.087843 0.000063 
3250 33.384094 0.000000 8.733874 99.542812 -8.697748 2.719796 0.000818 
3251 32.453988 0.000000 8.733874 100.107787 -7.918783 2.410589 -0.009009 
3252 33.384094 0.000000 9.604577 99.797222 -8.404565 3.044121 -0.003939 
3253 33.384094 0.000000 10.475281 100.209202 -8.170944 3.210707 -0.011896 
3254 32.453988 0.000000 10.475281 100.033400 -7.916717 3.358642 -0.008064 
3255 33.384094 0.000000 11.345984 100.318408 -7.840787 3.501321 -0.013752 
3256 37.569573 0.000000 7.427819 103.379585 -0.000000 -0.206198 -0.068738 
3257 37.104520 0.000000 7.427819 105.673198 0.000000 -1.594685 -0.116937 
3258 37.569573 0.000000 6.992467 102.854491 -0.000000 -0.133748 -0.057906 
3259 36.639467 0.000000 7.427819 109.174728 0.000000 -4.408586 -0.193856 
3260 36.174414 0.000000 7.427819 113.254000 0.000000 -8.148226 -0.289286 
3261 36.639467 0.000000 6.992467 106.790351 0.000000 -2.997192 -0.141316 
3262 41.522525 0.000000 4.162681 110.420473 -10.992078 -9.773495 -0.240903 
3263 41.522525 0.000000 3.945005 110.587130 -9.614807 -11.908187 -0.246376 
3264 41.755052 0.000000 4.162681 110.454509 -11.401501 -8.042173 -0.239487 
3265 43.150212 0.000000 4.815709 96.500411 -2.305887 1.560183 0.067992 
3266 43.615265 0.000000 4.815709 96.681227 -2.325930 2.024868 0.064323 
3267 43.150212 0.000000 5.251060 96.894717 -1.983172 0.957109 0.060656 
3268 43.150212 0.000000 5.686412 97.220112 -1.495194 1.871040 0.054251 
3269 43.615265 0.000000 5.686412 97.342090 -1.428810 2.181614 0.051772 
3270 43.150212 0.000000 6.121764 97.496293 -0.801661 1.947141 0.049004 
3271 40.941209 0.000000 4.053843 103.699114 -3.903947 -6.207404 -0.080728 
3272 40.941209 0.000000 3.945005 104.189881 -4.251699 -6.603894 -0.091722 
3273 41.057472 0.000000 4.053843 105.385412 -5.587523 -7.695907 -0.119653 
3274 41.173735 0.000000 4.706871 98.195688 0.000000 -0.790860 0.035698 
3275 41.173735 0.000000 4.598033 98.201087 0.000000 -0.844237 0.035583 
3276 41.289999 0.000000 4.706871 98.039708 0.000000 -0.542809 0.038792 
3277 40.708682 0.000000 4.924547 98.443295 0.000000 -0.478157 0.030869 
3278 40.592419 0.000000 4.924547 98.825742 0.000000 -0.560880 0.023316 
3279 40.708682 0.000000 5.033384 98.489524 0.000000 -0.247225 0.029975 
3280 40.708682 0.000000 5.142222 98.525165 0.000000 -0.104472 0.029278 
3281 40.592419 0.000000 5.142222 98.758559 0.000000 -0.131259 0.024673 
3282 40.708682 0.000000 5.251060 98.519201 0.000000 -0.039499 0.029397 
3283 40.708682 0.000000 5.359898 98.496287 0.000000 0.036251 0.029848 
3284 40.592419 0.000000 5.359898 98.605472 0.000000 0.026850 0.027696 
3285 40.708682 0.000000 5.468736 98.368550 0.000000 0.206788 0.032359 
3286 40.708682 0.000000 5.577574 98.495155 0.000000 0.398323 0.029855 
3287 40.592419 0.000000 5.577574 98.708389 -0.000000 0.364187 0.025652 
3288 40.708682 0.000000 5.686412 98.527607 -0.000000 0.511177 0.029205 
3289 41.406262 0.000000 5.359898 97.714597 0.000000 0.490094 0.045162 
3290 41.406262 0.000000 5.251060 97.754282 0.000000 0.270732 0.044403 
3291 41.522525 0.000000 5.359898 97.523166 0.000000 0.521900 0.048896 
3292 38.499680 0.000000 6.557115 101.296916 -0.000000 0.304662 -0.026116 
3293 38.034626 0.000000 6.557115 101.597581 -0.000000 0.124830 -0.032208 
3294 40.127366 0.000000 6.339440 99.598323 -0.000000 0.769597 0.007958 
3295 39.894839 0.000000 6.339440 99.818930 -0.000000 0.694530 0.003570 
3296 40.127366 0.000000 6.557115 99.550905 -0.000000 0.883134 0.008884 
3297 103.142075 0.000000 23.535832 99.411500 -8.878115 6.103954 0.000127 
3298 103.142075 0.000000 30.501460 99.467072 -8.137393 6.112673 0.000272 
3299 103.142075 0.000000 -18.257932 99.591337 -6.458240 5.915258 0.000487 
3300 103.142075 0.000000 -25.223560 99.575110 -6.590808 6.076308 0.000444 
3301 110.582927 0.000000 -18.257932 99.596871 -6.438599 5.937104 0.000376 
3302 64.077606 0.000000 14.828798 99.196743 -10.607076 5.380557 0.001855 
3303 65.937819 0.000000 14.828798 99.193332 -10.654222 5.469886 0.001725 
3304 64.077606 0.000000 16.570205 99.227722 -9.933991 5.445465 0.002552 
3305 59.427074 0.000000 6.992467 99.681549 -0.089183 6.272487 0.002424 
3306 59.427074 0.000000 6.121764 99.636386 -1.071568 5.589716 0.004020 
3307 60.357180 0.000000 -2.585271 99.309575 -5.965926 5.610354 0.007054 
3308 58.496967 0.000000 -2.585271 99.243922 -5.950363 5.658603 0.008322 
3309 60.357180 0.000000 -4.326677 99.329296 -6.144264 5.447173 0.006627 
3310 33.384094 0.000000 -3.455974 99.795175 -10.684053 33.356027 -0.118585 
3311 33.384094 0.000000 -4.326677 98.315066 -8.656157 12.121046 0.011230 
3312 34.314201 0.000000 -3.455974 99.795467 -10.684219 33.355560 -0.118588 
3313 35.244307 0.000000 -3.455974 96.822094 -8.791938 13.228600 0.037319 
3314 35.244307 0.000000 -4.326677 97.309192 -8.410590 11.470811 0.032860 
3315 36.174414 0.000000 -3.455974 96.358864 -8.383313 12.710335 0.048314 
3316 34.779254 0.000000 0.462191 105.646431 -7.439143 13.132813 -0.138898 
3317 34.314201 0.000000 0.462191 104.441101 -7.782091 13.402275 -0.114813 
3318 34.779254 0.000000 0.026840 103.926949 -8.662588 20.315068 -0.128855 
3319 56.636755 0.000000 -2.585271 99.168841 -5.923141 5.761784 0.009726 
3320 56.636755 0.000000 -4.326677 99.208632 -6.150888 5.589927 0.008857 
3321 50.126010 0.000000 5.251060 98.936823 -1.729515 4.402851 0.018913 
3322 50.126010 0.000000 4.380357 98.799852 -2.633272 4.468164 0.021169 
3323 51.056116 0.000000 5.251060 99.053456 -1.663929 4.554563 0.016490 
3324 118.023778 0.000000 -18.257932 99.600434 -6.423266 5.955656 0.000303 
3325 118.023778 0.000000 -25.223560 99.582982 -6.556215 6.098319 0.000306 
3326 125.464629 0.000000 -18.257932 99.603419 -6.412217 5.979245 0.000229 
3327 132.905480 0.000000 -18.257932 99.604645 -6.365572 5.994142 0.000246 
3328 132.905480 0.000000 -25.223560 99.587179 -6.498254 6.120047 0.000271 
3329 140.346332 0.000000 -18.257932 99.605985 -6.393054 6.014465 0.000160 
3330 121.744203 0.000000 13.087391 99.789846 -2.664287 7.136699 -0.001604 
3331 118.023778 0.000000 13.087391 99.792199 -2.792295 6.932848 -0.001434 
3332 121.744203 0.000000 16.570205 99.241156 -10.822645 6.792160 -0.001207 
3333 244.518250 0.000000 44.432715 99.479692 -7.839892 6.554449 -0.000063 
3334 259.399953 0.000000 44.432715 99.475933 -7.848623 6.604426 -0.000068 
3335 244.518250 0.000000 58.363970 99.509576 -7.528229 6.434883 -0.000024 
3336 244.518250 0.000000 -39.154815 99.573664 -6.671436 6.344969 0.000032 
3337 244.518250 0.000000 -53.086070 99.566664 -6.743373 6.373245 0.000039 
3338 259.399953 0.000000 -39.154815 99.573201 -6.674282 6.354299 0.000025 
3339 147.787183 0.000000 -18.257932 99.606370 -6.390357 6.036976 0.000129 
3340 147.787183 0.000000 -25.223560 99.589722 -6.522891 6.147129 0.000155 
3341 155.228034 0.000000 -18.257932 99.606389 -6.388940 6.058696 0.000104 
3342 162.668886 0.000000 -4.326677 99.668919 -5.899268 5.650362 -0.000062 
3343 162.668886 0.000000 -11.292305 99.630365 -6.187884 5.927491 0.000037 
3344 170.109737 0.000000 -4.326677 99.666924 -5.891719 5.701856 -0.000072 
3345 136.625906 0.000000 -0.843864 99.689823 -5.936872 5.219572 -0.000055 
3346 136.625906 0.000000 -4.326677 99.671312 -5.955906 5.478968 0.000014 
3347 140.346332 0.000000 -0.843864 99.691828 -5.906186 5.235792 -0.000076 
3348 67.798032 0.000000 14.828798 99.194082 -10.805016 5.545484 0.001303 
3349 69.658244 0.000000 14.828798 99.198485 -10.818793 5.629301 0.001093 
3350 67.798032 0.000000 16.570205 99.256614 -10.037611 5.518258 0.001692 
3351 61.287287 0.000000 12.216688 99.015649 -12.644539 5.848983 0.000181 
3352 62.217393 0.000000 12.216688 98.996458 -12.671207 6.045783 0.000259 
3353 61.287287 0.000000 13.087391 99.102511 -11.689742 5.368555 0.001322 
3354 58.962021 0.000000 10.910633 98.685645 -14.597158 8.698283 -0.002759 
3355 59.427074 0.000000 10.910633 98.729984 -14.281905 8.762530 -0.002836 
3356 58.962021 0.000000 11.345984 98.818774 -14.061872 6.829672 -0.000953 
3357 54.311489 0.000000 10.910633 98.639333 -15.089268 6.399904 0.000164 
3358 53.846435 0.000000 10.910633 98.630443 -15.013060 6.264618 0.000740 
3359 54.311489 0.000000 11.345984 98.751208 -13.860078 5.687842 0.002375 
3360 53.381382 0.000000 10.910633 98.594280 -14.962812 6.186142 0.001701 
3361 52.916329 0.000000 10.910633 98.634897 -14.946233 5.994819 0.001183 
3362 53.381382 0.000000 11.345984 98.701585 -13.751500 5.542420 0.003817 
3363 58.031914 0.000000 8.298522 99.717370 1.104074 8.897651 -0.002394 
3364 58.031914 0.000000 7.863171 99.714507 1.154718 7.422889 0.000058 
3365 58.496967 0.000000 8.298522 99.723103 0.963294 8.859860 -0.002412 
3366 56.869281 0.000000 8.951550 99.700202 0.560584 11.023675 -0.006197 
3367 56.869281 0.000000 8.733874 99.715912 1.440878 10.507999 -0.005576 
3368 57.101808 0.000000 8.951550 99.709011 0.465473 10.917304 -0.006129 
3369 51.986223 0.000000 5.251060 99.160862 -1.580076 4.632078 0.014317 
3370 51.986223 0.000000 4.380357 99.062397 -2.529161 4.691641 0.015823 
3371 52.916329 0.000000 5.251060 99.253397 -1.622955 4.741372 0.012365 
3372 58.962021 0.000000 8.298522 99.729282 0.834524 8.812296 -0.002428 
3373 58.962021 0.000000 7.863171 99.723703 0.958596 7.524044 -0.000235 
3374 59.427074 0.000000 8.298522 99.735134 0.724271 8.757813 -0.002432 
3375 59.892127 0.000000 8.298522 99.743913 0.630632 8.692779 -0.002481 
3376 59.892127 0.000000 7.863171 99.733877 0.763258 7.591953 -0.000507 
3377 60.357180 0.000000 8.298522 99.751246 0.556956 8.614177 -0.002483 
3378 60.822233 0.000000 8.298522 99.755661 0.508095 8.553124 -0.002461 
3379 60.822233 0.000000 7.863171 99.745903 0.565092 7.615795 -0.000756 
3380 61.287287 0.000000 8.298522 99.757997 0.470136 8.500442 -0.002414 
3381 61.752340 0.000000 8.298522 99.758983 0.442875 8.460375 -0.002363 
3382 61.752340 0.000000 7.863171 99.749871 0.368329 7.629287 -0.000838 
3383 62.217393 0.000000 8.298522 99.756002 0.412236 8.440464 -0.002267 
3384 29.896195 0.000000 2.421274 106.383977 -3.572191 0.737126 -0.133085 
3385 29.896195 0.000000 2.203598 99.873590 -5.274199 -7.986497 -0.006634 
3386 30.128722 0.000000 2.421274 105.586887 -3.835445 2.446012 -0.116928 
3387 35.709360 0.000000 4.815709 102.804738 -1.456681 -3.099859 -0.058055 
3388 35.244307 0.000000 4.815709 104.273430 -0.954385 -3.908276 -0.088913 
3389 35.709360 0.000000 5.251060 103.625384 -0.000000 -2.919338 -0.074674 
3390 35.709360 0.000000 5.686412 105.205450 0.000000 -3.605561 -0.108119 
3391 35.244307 0.000000 5.686412 108.249645 0.000000 -6.220744 -0.175668 
3392 35.709360 0.000000 6.121764 107.832234 0.000000 -5.251467 -0.165537 
3393 39.662313 0.000000 5.468736 99.669769 -0.000000 -0.065016 0.006593 
3394 39.429786 0.000000 5.468736 99.946697 0.000000 -0.080895 0.001065 
3395 39.662313 0.000000 5.686412 99.754972 -0.000000 0.176812 0.004891 
3396 39.662313 0.000000 5.904088 99.824957 0.000000 0.298557 0.003489 
3397 39.429786 0.000000 5.904088 100.019331 0.000000 0.254594 -0.000393 
3398 39.662313 0.000000 6.121764 99.904270 0.000000 0.465473 0.001892 
3399 40.708682 0.000000 5.795250 98.536158 -0.000000 0.564213 0.029031 
3400 40.592419 0.000000 5.795250 98.733020 -0.000000 0.544224 0.025149 
3401 40.708682 0.000000 5.904088 98.560220 -0.000000 0.591957 0.028553 
3402 40.708682 0.000000 6.012926 98.579749 0.000000 0.642044 0.028162 
3403 40.592419 0.000000 6.012926 98.807106 -0.000000 0.622876 0.023677 
3404 40.708682 0.000000 6.121764 98.649184 -0.000000 0.721360 0.026782 
3405 39.662313 0.000000 6.339440 100.034816 0.000000 0.603494 -0.000733 
3406 39.429786 0.000000 6.339440 100.152112 -0.000000 0.497708 -0.003069 
3407 39.662313 0.000000 6.557115 100.098927 0.000000 0.713224 -0.002030 
3408 121.744203 0.000000 20.053019 99.324374 -9.779407 6.648942 -0.000518 
3409 118.023778 0.000000 20.053019 99.331299 -9.745465 6.553914 -0.000463 
3410 121.744203 0.000000 23.535832 99.395523 -9.046144 6.356596 -0.000171 
3411 144.066757 0.000000 -0.843864 99.693403 -5.877000 5.255327 -0.000093 
3412 144.066757 0.000000 -4.326677 99.671545 -5.935101 5.525055 -0.000017 
3413 147.787183 0.000000 -0.843864 99.694562 -5.849481 5.278203 -0.000108 
3414 11.991647 0.000000 7.863171 101.496014 -7.209012 8.437408 -0.042460 
3415 10.131434 0.000000 7.863171 101.572819 -7.339053 9.529825 -0.046172 
3416 11.991647 0.000000 9.604577 101.100277 -7.078450 8.130758 -0.033748 
3417 8.271221 0.000000 7.863171 100.795518 -7.526796 10.443751 -0.032546 
3418 6.411008 0.000000 7.863171 99.825572 -7.311040 10.626808 -0.013153 
3419 8.271221 0.000000 9.604577 100.412157 -7.087059 9.181089 -0.021712 
3420 7.341115 0.000000 3.509653 97.612653 -9.202371 23.964699 -0.018722 
3421 6.411008 0.000000 3.509653 95.774619 -9.067135 21.244251 0.029369 
3422 7.341115 0.000000 4.380357 99.266779 -8.548354 18.634306 -0.027421 
3423 12.921753 0.000000 1.768247 -9.916227 -0.553809 1.073410 0.990021 
3424 12.921753 0.000000 2.638950 106.923992 -13.046529 1.533751 -0.160530 
3425 14.781966 0.000000 3.509653 106.070483 -12.730135 2.959743 -0.142176 
3426 13.851860 0.000000 3.509653 106.237432 -12.897170 2.737930 -0.146023 
3427 14.781966 0.000000 4.380357 102.494955 -10.709382 5.590389 -0.065116 
3428 20.362604 0.000000 5.251060 102.389607 -8.696785 4.315483 -0.057789 
3429 19.432498 0.000000 5.251060 102.156562 -9.036404 4.334701 -0.053641 
3430 20.362604 0.000000 6.121764 101.733041 -8.851301 4.640152 -0.044949 
3431 18.502392 0.000000 5.251060 102.507717 -8.712627 4.693207 -0.060577 
3432 17.572285 0.000000 5.251060 102.535569 -8.735242 5.163613 -0.061651 
3433 18.502392 0.000000 6.121764 101.843590 -8.622238 5.311192 -0.047467 
3434 32.453988 0.000000 20.053019 99.945507 -7.124246 5.209803 -0.006700 
3435 28.733562 0.000000 20.053019 100.171100 -6.858979 5.382865 -0.011027 
3436 32.453988 0.000000 23.535832 99.786753 -7.110387 5.531160 -0.003855 
3437 23.152924 0.000000 11.345984 101.787527 -7.604357 4.523194 -0.043899 
3438 21.292711 0.000000 11.345984 101.963517 -7.341637 4.975268 -0.047521 
3439 23.152924 0.000000 13.087391 101.123360 -7.029661 4.848972 -0.029886 
3440 28.501036 0.000000 3.727329 104.986726 -2.491495 0.821101 -0.102909 
3441 28.268509 0.000000 3.727329 99.585953 -3.314016 9.027095 -0.000983 
3442 28.501036 0.000000 3.945005 102.090821 -1.789576 3.380107 -0.043716 
3443 33.849147 0.000000 1.332895 104.656406 -7.064605 8.060694 -0.106785 
3444 33.384094 0.000000 1.332895 105.981944 -5.618877 6.364967 -0.130426 
3445 33.849147 0.000000 0.897543 104.751429 -6.833155 12.173233 -0.116774 
3446 31.523881 0.000000 6.992467 100.069674 -8.314877 1.670738 -0.008587 
3447 30.593775 0.000000 6.992467 100.453552 -8.062809 1.464167 -0.015807 
3448 31.523881 0.000000 7.863171 100.062294 -7.999923 2.039850 -0.008062 
3449 31.523881 0.000000 8.733874 100.235535 -7.654613 2.539035 -0.011220 
3450 30.593775 0.000000 8.733874 100.302337 -7.698654 2.720023 -0.012723 
3451 31.523881 0.000000 9.604577 100.150898 -7.671229 2.965978 -0.009785 
3452 41.755052 0.000000 -6.068084 97.755818 -7.245683 7.195572 0.033952 
3453 41.755052 0.000000 -7.809491 98.226306 -7.233451 6.874886 0.025201 
3454 43.615265 0.000000 -6.068084 97.908345 -7.052470 6.597473 0.032069 
3455 42.685158 0.000000 -1.714567 95.233118 -6.622065 8.472723 0.081501 
3456 42.685158 0.000000 -2.585271 96.090817 -6.838342 7.949493 0.065660 
3457 43.615265 0.000000 -1.714567 95.837040 -6.499738 7.541348 0.071614 
3458 40.359892 0.000000 -0.408512 101.241206 -8.394670 23.609175 -0.087765 
3459 40.359892 0.000000 -0.843864 99.142283 -9.933503 25.921312 -0.059978 
3460 40.824946 0.000000 -0.408512 100.695298 -8.121958 24.425396 -0.080211 
3461 41.289999 0.000000 -0.408512 101.809864 -6.766826 23.368275 -0.095711 
3462 41.289999 0.000000 -0.843864 102.808594 -7.794292 24.946263 -0.125267 
3463 41.755052 0.000000 -0.408512 101.799785 -6.759278 23.387718 -0.095587 
3464 37.104520 0.000000 -3.455974 96.160247 -8.300688 11.462585 0.055291 
3465 37.104520 0.000000 -4.326677 96.845756 -8.146595 10.365814 0.044708 
3466 38.034626 0.000000 -3.455974 96.321692 -8.104507 11.142647 0.053229 
3467 38.964733 0.000000 -3.455974 96.136236 -7.706910 10.261403 0.059313 
3468 38.964733 0.000000 -4.326677 96.798631 -7.567865 9.334796 0.048561 
3469 39.894839 0.000000 -3.455974 96.275142 -7.457658 9.447718 0.058622 
3470 42.220105 0.000000 -0.408512 102.206726 -7.237064 23.389437 -0.104566 
3471 42.220105 0.000000 -0.843864 93.421417 -6.376103 9.880874 0.113415 
3472 42.685158 0.000000 -0.408512 92.938534 -6.154430 8.920361 0.124498 
3473 43.150212 0.000000 -0.408512 93.741982 -6.083843 8.023982 0.111104 
3474 43.150212 0.000000 -0.843864 94.442678 -6.217988 8.166238 0.097523 
3475 43.615265 0.000000 -0.408512 94.489063 -5.993753 7.373534 0.098152 
3476 41.755052 0.000000 14.828798 99.651347 -8.839289 4.162796 -0.002585 
3477 39.894839 0.000000 14.828798 99.877900 -8.384935 4.200940 -0.006355 
3478 41.755052 0.000000 16.570205 99.433387 -8.400508 4.541204 0.002181 
3479 38.034626 0.000000 14.828798 99.993945 -8.110899 4.358427 -0.008357 
3480 36.174414 0.000000 14.828798 99.966739 -7.956304 4.456799 -0.007651 
3481 38.034626 0.000000 16.570205 99.676662 -7.960317 4.596965 -0.001994 
3482 40.011102 0.000000 4.489195 100.057120 -1.290293 -1.202530 -0.001454 
3483 40.011102 0.000000 4.380357 99.998404 -1.479132 -1.411041 -0.000386 
3484 40.011102 0.000000 4.598033 99.699795 -0.000000 -0.719849 0.005943 
3485 40.011102 0.000000 4.706871 99.639758 -0.000000 -0.702650 0.007142 
3486 39.894839 0.000000 4.706871 99.678089 -0.000000 -0.715044 0.006377 
3487 40.011102 0.000000 4.815709 99.616021 -0.000000 -0.611821 0.007627 
3488 43.150212 0.000000 6.557115 97.760888 -0.148729 2.009980 0.043875 
3489 43.615265 0.000000 6.557115 97.875450 0.001623 2.283378 0.041518 
3490 42.685158 0.000000 12.216688 99.442165 -10.158800 3.215496 -0.000228 
3491 41.755052 0.000000 12.216688 99.679088 -9.541647 3.164675 -0.003698 
3492 42.685158 0.000000 13.087391 99.476857 -9.416199 3.554255 0.000306 
3493 40.824946 0.000000 12.216688 99.936394 -8.970662 3.211675 -0.007807 
3494 39.894839 0.000000 12.216688 100.126238 -8.666845 3.368609 -0.011173 
3495 40.824946 0.000000 13.087391 99.816715 -8.657372 3.579828 -0.005114 
3496 38.964733 0.000000 12.216688 100.248161 -8.559646 3.588793 -0.013584 
3497 38.034626 0.000000 12.216688 100.272946 -8.419605 3.820032 -0.014015 
3498 38.964733 0.000000 13.087391 100.050717 -8.232341 3.841434 -0.009267 
3499 37.104520 0.000000 12.216688 100.173951 -8.150841 3.915326 -0.011659 
3500 36.174414 0.000000 12.216688 100.066324 -7.934554 3.993026 -0.009217 
3501 37.104520 0.000000 13.087391 100.061083 -7.996070 4.130341 -0.009322 
3502 34.314201 0.000000 14.828798 99.823662 -7.609420 4.379779 -0.004185 
3503 32.453988 0.000000 14.828798 99.961579 -7.307785 4.365904 -0.006478 
3504 34.314201 0.000000 16.570205 99.906635 -7.369805 4.699442 -0.005773 
3505 35.244307 0.000000 12.216688 100.081501 -7.788892 4.011219 -0.009306 
3506 34.314201 0.000000 12.216688 100.095982 -7.764436 3.975015 -0.009529 
3507 35.244307 0.000000 13.087391 100.075288 -7.639060 4.172818 -0.009083 
3508 33.384094 0.000000 12.216688 100.080251 -7.800739 3.906836 -0.009217 
3509 32.453988 0.000000 12.216688 100.412576 -7.781440 3.681290 -0.015679 
3510 33.384094 0.000000 13.087391 100.179248 -7.680948 4.115497 -0.011182 
3511 36.639467 0.000000 6.557115 104.301543 -0.000000 -1.547506 -0.088121 
3512 36.174414 0.000000 6.557115 106.884888 0.000000 -3.723482 -0.143824 
3513 37.104520 0.000000 6.557115 103.088656 -0.000000 -0.597161 -0.062763 
3514 37.569573 0.000000 6.557115 102.198012 -0.000000 -0.117090 -0.044445 
3515 41.522525 0.000000 3.727329 109.568288 -7.770560 -13.447813 -0.224643 
3516 41.522525 0.000000 3.509653 108.657249 -7.207249 -12.247880 -0.200835 
3517 41.755052 0.000000 3.727329 109.555740 -7.735873 -13.482005 -0.224407 
3518 40.941209 0.000000 3.836167 105.211226 -4.398461 -8.228206 -0.115645 
3519 40.941209 0.000000 3.727329 105.478932 -4.438700 -8.977203 -0.122610 
3520 41.057472 0.000000 3.836167 105.935274 -5.224268 -9.102648 -0.133243 
3521 40.011102 0.000000 4.271519 100.357923 -1.110510 -1.489730 -0.007517 
3522 39.894839 0.000000 4.271519 100.704923 -1.614094 -1.421710 -0.014611 
3523 40.011102 0.000000 4.162681 101.032722 -1.374493 -1.708171 -0.021242 
3524 41.173735 0.000000 4.489195 98.120312 0.000000 -1.166514 0.037104 
3525 41.173735 0.000000 4.380357 98.128703 0.000000 -1.238344 0.036922 
3526 41.289999 0.000000 4.489195 98.004197 0.000000 -0.982073 0.039421 
3527 40.476156 0.000000 4.924547 98.962473 0.000000 -0.553899 0.020612 
3528 40.359892 0.000000 4.924547 99.213960 -0.000000 -0.435147 0.015640 
3529 40.476156 0.000000 5.033384 98.950062 0.000000 -0.264199 0.020882 
3530 40.476156 0.000000 5.142222 98.888536 -0.000000 -0.158637 0.022103 
3531 40.359892 0.000000 5.142222 99.051229 -0.000000 -0.181051 0.018882 
3532 40.476156 0.000000 5.251060 98.879003 -0.000000 -0.103795 0.022293 
3533 41.406262 0.000000 5.142222 97.625417 0.000000 0.185706 0.046924 
3534 41.406262 0.000000 5.033384 97.795151 0.000000 -0.023535 0.043611 
3535 41.522525 0.000000 5.142222 97.623539 0.000000 0.192264 0.046961 
3536 40.476156 0.000000 5.359898 98.749991 0.000000 0.004656 0.024844 
3537 40.359892 0.000000 5.359898 99.028079 -0.000000 -0.023142 0.019344 
3538 40.476156 0.000000 5.468736 98.759563 -0.000000 0.139556 0.024653 
3539 40.476156 0.000000 5.577574 98.720956 -0.000000 0.396593 0.025402 
3540 40.359892 0.000000 5.577574 99.021496 -0.000000 0.331897 0.019463 
3541 40.476156 0.000000 5.686412 98.820561 -0.000000 0.467163 0.023428 
3542 34.779254 0.000000 -0.408512 101.575052 -9.603654 25.476032 -0.105875 
3543 34.314201 0.000000 -0.408512 103.312968 -9.319700 22.523931 -0.126775 
3544 34.779254 0.000000 -0.843864 100.694418 -10.147106 27.723312 -0.101091 
3545 45.475478 0.000000 -6.068084 98.166759 -6.914360 6.160449 0.027753 
3546 45.475478 0.000000 -7.809491 98.455697 -7.055609 6.166670 0.021867 
3547 47.335690 0.000000 -6.068084 98.361114 -6.750993 5.830474 0.024552 
3548 44.545371 0.000000 -1.714567 96.428290 -6.372548 6.836814 0.061423 
3549 44.545371 0.000000 -2.585271 96.867444 -6.589624 6.694903 0.052845 
3550 45.475478 0.000000 -1.714567 96.965087 -6.245657 6.500573 0.051651 
3551 50.126010 0.000000 3.509653 98.658968 -3.499121 5.155595 0.022758 
3552 50.126010 0.000000 2.638950 98.604323 -1.910308 5.671518 0.024137 
3553 51.056116 0.000000 3.509653 98.818733 -3.408837 5.294496 0.019521 
3554 177.550588 0.000000 -4.326677 99.664533 -5.887929 5.753198 -0.000079 
3555 177.550588 0.000000 -11.292305 99.627579 -6.192116 5.990092 0.000012 
3556 184.991440 0.000000 -4.326677 99.661835 -5.887746 5.803599 -0.000083 
3557 162.668886 0.000000 -18.257932 99.606146 -6.388254 6.079578 0.000084 
3558 162.668886 0.000000 -25.223560 99.590539 -6.519766 6.175028 0.000109 
3559 170.109737 0.000000 -18.257932 99.605658 -6.389577 6.099671 0.000068 
3560 63.147499 0.000000 12.216688 98.968320 -12.663540 6.248789 0.000586 
3561 64.077606 0.000000 12.216688 98.999633 -12.696683 6.308295 -0.000193 
3562 63.147499 0.000000 13.087391 99.072235 -11.745158 5.647325 0.001485 
3563 59.892127 0.000000 10.910633 98.783057 -13.998459 8.739548 -0.003043 
3564 60.357180 0.000000 10.910633 98.832806 -13.754749 8.663213 -0.003217 
3565 59.892127 0.000000 11.345984 98.842435 -13.953089 7.053200 -0.001426 
3566 52.451276 0.000000 10.910633 98.730492 -14.880297 5.717169 -0.000182 
3567 51.986223 0.000000 10.910633 98.726745 -14.829228 5.578672 0.000200 
3568 52.451276 0.000000 11.345984 98.728980 -13.684522 5.301914 0.003721 
3569 62.682446 0.000000 8.298522 99.752773 0.348686 8.447400 -0.002210 
3570 62.682446 0.000000 7.863171 99.754981 0.151091 7.632986 -0.000934 
3571 63.147499 0.000000 8.298522 99.745774 0.271985 8.468867 -0.002102 
3572 63.612553 0.000000 8.298522 99.733673 0.271254 8.498078 -0.001910 
3573 63.612553 0.000000 7.863171 99.751273 -0.034754 7.648454 -0.000882 
3574 64.077606 0.000000 8.298522 99.725874 0.260444 8.534628 -0.001816 
3575 60.822233 0.000000 10.910633 98.873214 -13.550584 8.524214 -0.003219 
3576 61.287287 0.000000 10.910633 98.913982 -13.368959 8.312291 -0.003180 
3577 60.822233 0.000000 11.345984 98.865715 -13.851691 7.219610 -0.001842 
3578 51.986223 0.000000 3.509653 98.940688 -3.246566 5.434207 0.017067 
3579 51.986223 0.000000 2.638950 98.926444 -1.846748 5.497265 0.017993 
3580 52.916329 0.000000 3.509653 99.059430 -3.177727 5.569564 0.014611 
3581 53.846435 0.000000 5.251060 99.366624 -1.618363 4.767563 0.010093 
3582 53.846435 0.000000 4.380357 99.279765 -2.490126 4.862921 0.011368 
3583 54.776542 0.000000 5.251060 99.431181 -1.667857 4.849129 0.008714 
3584 55.706648 0.000000 5.251060 99.431224 -1.716155 5.103320 0.008444 
3585 55.706648 0.000000 4.380357 99.384577 -2.568382 5.129612 0.008980 
3586 56.636755 0.000000 5.251060 99.478075 -1.729498 5.181225 0.007428 
3587 19.432498 0.000000 11.345984 101.698106 -7.457492 4.991731 -0.042304 
3588 17.572285 0.000000 11.345984 101.410414 -6.920685 6.129991 -0.036954 
3589 19.432498 0.000000 13.087391 101.556406 -6.953706 5.488575 -0.039218 
3590 5.480902 0.000000 3.509653 95.048309 -8.679086 18.479741 0.054899 
3591 4.550795 0.000000 3.509653 95.053010 -8.240154 16.263876 0.063251 
3592 5.480902 0.000000 4.380357 97.013119 -8.201699 15.819787 0.027092 
3593 30.361248 0.000000 2.421274 148.383123 -3.822470 -22.817289 -1.255279 
3594 30.361248 0.000000 2.203598 105.522820 -6.873858 2.071640 -0.118661 
3595 30.593775 0.000000 2.421274 157.821654 -4.314610 -26.263258 -1.561605 
3596 34.779254 0.000000 4.815709 107.038175 0.000000 -5.931371 -0.149235 
3597 34.314201 0.000000 4.815709 108.171462 -0.180783 -7.417574 -0.175612 
3598 34.779254 0.000000 5.251060 108.190289 0.000000 -6.753721 -0.175075 
3599 34.779254 0.000000 5.686412 110.859784 0.000000 -8.555543 -0.236309 
3600 34.314201 0.000000 5.686412 111.842721 0.000000 -9.651339 -0.260194 
3601 34.779254 0.000000 6.121764 111.842570 0.000000 -9.156078 -0.259259 
3602 33.849147 0.000000 4.815709 109.282097 -0.495703 -9.603532 -0.203505 
3603 33.384094 0.000000 4.815709 107.891924 -1.135388 -9.708422 -0.173621 
3604 33.849147 0.000000 5.251060 111.457675 0.000000 -10.384159 -0.253064 
3605 33.849147 0.000000 5.686412 113.398251 0.000000 -11.734025 -0.299685 
3606 33.384094 0.000000 5.686412 99.156722 -11.945528 0.372264 0.002511 
3607 33.849147 0.000000 6.121764 99.210807 -12.380610 0.862705 0.000319 
3608 33.849147 0.000000 0.462191 104.580403 -7.115112 13.745658 -0.117663 
3609 33.384094 0.000000 0.462191 105.129179 -6.423866 11.374335 -0.122279 
3610 33.849147 0.000000 0.026840 103.821214 -8.271402 20.229345 -0.125649 
3611 31.523881 0.000000 10.475281 100.199117 -7.923571 3.330479 -0.011374 
3612 30.593775 0.000000 10.475281 100.337601 -7.842416 3.315714 -0.014013 
3613 31.523881 0.000000 11.345984 100.561086 -7.935560 3.374613 -0.018689 
3614 30.593775 0.000000 14.828798 100.341854 -7.276428 4.265575 -0.013963 
3615 28.733562 0.000000 14.828798 100.494544 -7.392100 4.346018 -0.017268 
3616 30.593775 0.000000 16.570205 100.254136 -7.087566 4.709513 -0.012330 
3617 31.523881 0.000000 12.216688 100.471849 -7.941933 3.551872 -0.017028 
3618 30.593775 0.000000 12.216688 100.517155 -7.742747 3.561143 -0.017633 
3619 31.523881 0.000000 13.087391 100.119079 -7.655102 3.825822 -0.009707 
3620 40.243629 0.000000 4.924547 99.268769 -0.000000 -0.458044 0.014550 
3621 40.127366 0.000000 4.924547 99.415522 -0.000000 -0.407098 0.011639 
3622 40.243629 0.000000 5.033384 99.203578 -0.000000 -0.284693 0.015857 
3623 40.243629 0.000000 5.142222 99.314241 -0.000000 -0.164043 0.013665 
3624 40.127366 0.000000 5.142222 99.380303 -0.000000 -0.161277 0.012353 
3625 40.243629 0.000000 5.251060 99.311591 -0.000000 -0.087907 0.013720 
3626 35.709360 0.000000 6.557115 109.763628 0.000000 -6.363955 -0.208855 
3627 35.244307 0.000000 6.557115 111.950058 0.000000 -8.426245 -0.260382 
3628 35.709360 0.000000 6.992467 112.910725 0.000000 -8.333966 -0.281829 
3629 35.709360 0.000000 7.427819 113.500403 0.000000 -8.613458 -0.295653 
3630 35.244307 0.000000 7.427819 115.093884 0.000000 -10.148019 -0.334958 
3631 35.709360 0.000000 7.863171 114.818104 0.000000 -9.474199 -0.327296 
3632 40.243629 0.000000 5.359898 99.257389 -0.000000 -0.028341 0.014797 
3633 40.127366 0.000000 5.359898 99.338069 -0.000000 -0.068460 0.013194 
3634 40.243629 0.000000 5.468736 99.199752 -0.000000 0.101039 0.015940 
3635 40.243629 0.000000 5.577574 99.170104 -0.000000 0.263962 0.016522 
3636 40.127366 0.000000 5.577574 99.255655 -0.000000 0.235967 0.014826 
3637 40.243629 0.000000 5.686412 99.136587 -0.000000 0.378937 0.017179 
3638 40.476156 0.000000 5.795250 98.963352 -0.000000 0.511638 0.020599 
3639 40.359892 0.000000 5.795250 99.082325 -0.000000 0.461488 0.018248 
3640 40.476156 0.000000 5.904088 98.965763 -0.000000 0.552514 0.020547 
3641 40.476156 0.000000 6.012926 99.001505 -0.000000 0.580468 0.019837 
3642 40.359892 0.000000 6.012926 99.075968 -0.000000 0.540996 0.018366 
3643 40.476156 0.000000 6.121764 99.038282 -0.000000 0.654738 0.019099 
3644 40.243629 0.000000 5.795250 99.125945 -0.000000 0.434786 0.017386 
3645 40.127366 0.000000 5.795250 99.276992 -0.000000 0.376873 0.014394 
3646 40.243629 0.000000 5.904088 99.136336 -0.000000 0.459139 0.017178 
3647 40.243629 0.000000 6.012926 99.192057 -0.000000 0.496991 0.016069 
3648 40.127366 0.000000 6.012926 99.426393 -0.000000 0.464146 0.011418 
3649 40.243629 0.000000 6.121764 99.263031 -0.000000 0.616011 0.014647 
3650 151.507609 0.000000 -0.843864 99.695350 -5.823732 5.303758 -0.000121 
3651 151.507609 0.000000 -4.326677 99.670966 -5.917802 5.574367 -0.000040 
3652 155.228034 0.000000 -0.843864 99.695789 -5.800105 5.331192 -0.000131 
1 11 62 60 61 
2 62 10 24 60 
3 60 24 14 63 
4 61 60 63 6 
5 24 66 64 65 
6 66 23 40 64 
7 64 40 27 67 
8 65 64 67 14 
9 40 70 68 69 
10 69 68 71 27 
11 6 63 92 93 
12 63 14 36 92 
13 92 36 19 94 
14 93 92 94 20 
15 14 67 95 96 
16 67 27 52 95 
17 95 52 35 97 
18 96 95 97 36 
19 27 71 98 99 
20 99 98 100 52 
21 68 112 110 111 
22 112 56 80 110 
23 110 80 43 113 
24 111 110 113 71 
25 80 116 114 115 
26 115 114 117 43 
27 12 120 118 119 
28 120 7 121 118 
29 118 121 13 25 
30 119 118 25 10 
31 25 124 122 123 
32 124 13 125 122 
33 122 125 26 41 
34 123 122 41 23 
35 41 128 126 127 
36 128 26 129 126 
37 126 129 42 57 
38 127 126 57 39 
39 39 132 130 131 
40 132 57 133 130 
41 130 133 55 81 
42 131 130 81 56 
43 81 136 134 135 
44 136 55 137 134 
45 56 145 143 144 
46 145 81 135 143 
47 144 143 116 80 
48 116 148 146 147 
49 147 146 149 114 
50 156 158 103 159 
51 157 156 159 101 
52 166 138 167 164 
53 164 167 142 168 
54 165 164 168 106 
55 71 113 169 170 
56 113 43 102 169 
57 169 102 76 171 
58 170 169 171 98 
59 43 117 172 173 
60 172 157 101 174 
61 173 172 174 102 
62 114 149 175 176 
63 176 175 177 117 
64 146 180 178 179 
65 180 139 165 178 
66 178 165 106 181 
67 179 178 181 149 
68 135 184 182 183 
69 184 134 185 182 
70 182 185 107 140 
71 183 182 140 79 
72 79 188 186 187 
73 188 140 189 186 
74 186 189 138 166 
75 187 186 166 139 
76 139 192 190 191 
77 192 166 193 190 
78 190 193 164 194 
79 191 190 194 165 
80 140 204 203 189 
81 204 107 205 203 
82 203 205 141 206 
83 189 203 206 138 
84 105 212 210 211 
85 212 202 213 210 
86 210 213 207 214 
87 211 210 214 162 
88 57 216 215 133 
89 216 42 217 215 
90 215 217 58 89 
91 133 215 89 55 
92 55 219 218 137 
93 219 89 220 218 
94 134 222 221 185 
95 222 137 223 221 
96 221 223 82 200 
97 185 221 200 107 
98 200 230 228 229 
99 230 82 231 228 
100 228 231 201 232 
101 229 228 232 199 
102 202 240 239 213 
103 240 108 241 239 
104 239 241 208 242 
105 213 239 242 207 
106 137 244 243 223 
107 244 218 245 243 
108 243 245 196 225 
109 223 243 225 82 
110 82 247 246 231 
111 247 225 248 246 
112 246 248 224 249 
113 231 246 249 201 
114 250 252 233 253 
115 251 250 253 158 
116 208 256 254 255 
117 256 236 257 254 
118 254 257 238 258 
119 255 254 258 59 
120 225 272 271 248 
121 272 196 273 271 
122 271 273 226 274 
123 248 271 274 224 
124 89 276 275 220 
125 276 58 277 275 
126 218 279 278 245 
127 279 220 280 278 
128 278 280 88 268 
129 245 278 268 196 
130 196 282 281 273 
131 282 268 283 281 
132 281 283 267 284 
133 273 281 284 226 
134 292 91 293 291 
135 291 293 234 294 
136 252 291 294 233 
137 198 299 297 298 
138 299 292 300 297 
139 297 300 291 301 
140 298 297 301 252 
141 302 304 288 305 
142 293 302 305 234 
143 303 319 317 318 
144 319 266 320 317 
145 317 320 304 321 
146 318 317 321 302 
147 314 334 332 333 
148 334 5 335 332 
149 332 335 315 336 
150 333 332 336 313 
151 329 366 364 365 
152 366 310 367 364 
153 364 367 330 368 
154 365 364 368 328 
155 7 370 369 121 
156 370 16 371 369 
157 369 371 15 32 
158 121 369 32 13 
159 13 373 372 125 
160 373 32 374 372 
161 372 374 31 48 
162 125 372 48 26 
163 26 376 375 129 
164 376 48 377 375 
165 375 377 47 85 
166 129 375 85 42 
167 42 379 378 217 
168 379 85 380 378 
169 378 380 84 260 
170 217 378 260 58 
171 58 382 381 277 
172 382 260 383 381 
173 260 408 407 383 
174 408 84 409 407 
175 381 412 410 411 
176 412 383 413 410 
177 410 413 259 401 
178 411 410 401 323 
179 323 416 414 415 
180 416 401 417 414 
181 419 435 433 434 
182 435 420 436 433 
183 420 447 446 436 
184 447 430 448 446 
185 433 451 449 450 
186 451 436 452 449 
187 436 463 462 452 
188 463 446 464 462 
189 262 466 465 460 
190 466 454 467 465 
191 465 467 453 468 
192 460 465 468 444 
193 21 46 469 470 
194 46 28 471 469 
195 469 471 30 472 
196 470 469 472 9 
197 37 74 473 474 
198 74 44 475 473 
199 473 475 46 476 
200 474 473 476 21 
201 53 152 477 478 
202 152 72 479 477 
203 477 479 74 480 
204 478 477 480 37 
205 77 287 481 482 
206 481 483 152 484 
207 482 481 484 53 
208 485 487 287 488 
209 486 485 488 77 
210 309 363 489 490 
211 363 311 491 489 
212 489 491 285 492 
213 490 489 492 312 
214 360 429 493 494 
215 429 362 495 493 
216 493 495 311 496 
217 494 493 496 363 
218 425 445 497 498 
219 497 499 362 500 
220 498 497 500 429 
221 441 461 501 502 
222 461 444 503 501 
223 501 503 428 504 
224 502 501 504 445 
225 457 507 505 506 
226 507 460 508 505 
227 505 508 444 509 
228 506 505 509 461 
229 310 511 510 367 
230 511 361 426 510 
231 510 426 360 512 
232 367 510 512 330 
233 361 515 513 514 
234 514 513 516 426 
235 339 523 521 522 
236 523 419 434 521 
237 521 434 361 511 
238 522 521 511 310 
239 434 526 524 525 
240 526 433 450 524 
241 525 524 515 361 
242 515 529 527 528 
243 528 527 530 513 
244 442 520 531 532 
245 520 441 502 531 
246 531 502 445 533 
247 532 531 533 425 
248 534 537 520 538 
249 535 534 538 442 
250 426 516 539 540 
251 516 425 498 539 
252 539 498 429 541 
253 540 539 541 360 
254 513 530 542 543 
255 530 442 532 542 
256 542 532 425 544 
257 543 542 544 516 
258 527 547 545 546 
259 547 518 535 545 
260 545 535 442 548 
261 546 545 548 530 
262 450 551 549 550 
263 551 449 552 549 
264 549 552 443 519 
265 550 549 519 427 
266 427 555 553 554 
267 555 519 556 553 
268 518 559 557 558 
269 557 560 534 561 
270 558 557 561 535 
271 524 564 562 563 
272 564 450 550 562 
273 562 550 427 529 
274 563 562 529 515 
275 529 567 565 566 
276 567 427 554 565 
277 565 554 518 547 
278 566 565 547 527 
279 554 570 568 569 
280 570 553 571 568 
281 568 571 536 559 
282 569 568 559 518 
283 517 573 572 537 
284 573 458 574 572 
285 572 574 441 575 
286 537 572 575 520 
287 536 577 576 560 
288 577 517 578 576 
289 576 578 537 579 
290 560 576 579 534 
291 559 582 580 581 
292 582 536 583 580 
293 580 583 560 584 
294 581 580 584 557 
295 402 590 588 589 
296 590 585 591 588 
297 588 591 431 592 
298 589 588 592 324 
299 430 612 611 448 
300 612 432 613 611 
301 432 624 623 613 
302 611 628 626 627 
303 628 613 629 626 
304 631 615 632 630 
305 630 632 614 633 
306 613 640 639 629 
307 640 623 641 639 
308 639 641 615 631 
309 626 644 642 643 
310 644 629 645 642 
311 647 631 648 646 
312 646 648 630 649 
313 629 656 655 645 
314 656 639 657 655 
315 655 657 631 647 
316 642 660 658 659 
317 660 645 661 658 
318 658 661 357 652 
319 659 658 652 636 
320 357 663 662 653 
321 663 647 664 662 
322 662 664 646 665 
323 653 662 665 637 
324 652 668 666 667 
325 668 357 669 666 
326 666 669 653 670 
327 422 673 671 672 
328 673 602 619 671 
329 671 619 601 674 
330 672 671 674 439 
331 602 677 675 676 
332 677 620 635 675 
333 675 635 618 678 
334 676 675 678 619 
335 620 681 679 680 
336 681 636 651 679 
337 679 651 634 682 
338 680 679 682 635 
339 636 685 683 684 
340 685 652 667 683 
341 683 667 650 686 
342 684 683 686 651 
343 311 424 690 491 
344 491 690 692 285 
345 421 604 693 694 
346 604 423 695 693 
347 693 695 356 696 
348 694 693 696 424 
349 601 622 697 698 
350 622 603 699 697 
351 697 699 423 700 
352 698 697 700 604 
353 618 638 701 702 
354 638 621 703 701 
355 701 703 603 704 
356 702 701 704 622 
357 634 654 705 706 
358 654 637 707 705 
359 705 707 621 708 
360 706 705 708 638 
361 650 670 709 710 
362 670 653 711 709 
363 709 711 637 712 
364 710 709 712 654 
365 667 715 713 714 
366 715 666 716 713 
367 713 716 670 717 
368 714 713 717 650 
369 625 734 732 733 
370 734 722 735 732 
371 733 732 736 598 
372 722 742 741 735 
373 742 724 743 741 
374 741 743 87 744 
375 735 741 744 725 
376 598 736 745 746 
377 736 725 747 745 
378 745 747 729 748 
379 746 745 748 616 
380 732 751 749 750 
381 751 735 752 749 
382 749 752 725 753 
383 750 749 753 736 
384 789 775 790 787 
385 787 790 779 791 
386 780 797 795 796 
387 796 795 798 782 
388 85 800 799 380 
389 800 47 801 799 
390 799 801 86 394 
391 380 799 394 84 
392 84 803 802 409 
393 803 394 804 802 
394 606 807 805 806 
395 807 393 808 805 
396 720 815 813 814 
397 815 777 816 813 
398 813 816 775 789 
399 814 813 789 776 
400 776 819 817 818 
401 819 789 820 817 
402 817 820 787 821 
403 781 830 828 829 
404 830 720 814 828 
405 828 814 776 797 
406 829 828 797 780 
407 797 833 831 832 
408 833 776 818 831 
409 831 818 788 834 
410 832 831 834 795 
411 594 791 835 836 
412 791 779 837 835 
413 835 837 783 838 
414 836 835 838 784 
415 788 821 839 840 
416 821 787 841 839 
417 839 841 791 842 
418 840 839 842 594 
419 818 845 843 844 
420 845 817 846 843 
421 843 846 821 847 
422 844 843 847 788 
423 762 861 859 860 
424 861 853 862 859 
425 859 862 852 863 
426 860 859 863 778 
427 778 863 870 871 
428 870 872 855 873 
429 871 870 873 765 
430 764 875 874 854 
431 875 848 876 874 
432 874 876 851 877 
433 854 874 877 353 
434 852 879 878 872 
435 879 854 880 878 
436 878 880 353 881 
437 872 878 881 855 
438 863 884 882 883 
439 884 852 885 882 
440 882 885 872 886 
441 883 882 886 870 
442 220 891 890 280 
443 891 275 892 890 
444 890 892 264 888 
445 280 890 888 88 
446 88 895 893 894 
447 895 888 896 893 
448 893 896 887 897 
449 268 899 898 283 
450 899 88 894 898 
451 898 894 269 900 
452 283 898 900 267 
453 269 897 901 902 
454 897 887 903 901 
455 901 903 307 904 
456 902 901 904 197 
457 894 907 905 906 
458 907 893 908 905 
459 905 908 897 909 
460 906 905 909 269 
461 888 913 912 896 
462 913 264 914 912 
463 912 914 889 915 
464 896 912 915 887 
465 275 917 916 892 
466 917 277 918 916 
467 916 918 90 911 
468 892 916 911 264 
469 264 920 919 914 
470 920 911 921 919 
471 919 921 910 922 
472 914 919 922 889 
473 911 924 923 921 
474 924 90 925 923 
475 923 925 405 926 
476 921 923 926 910 
477 277 928 927 918 
478 928 381 411 927 
479 927 411 323 406 
480 918 927 406 90 
481 90 930 929 925 
482 930 406 931 929 
483 929 931 404 932 
484 925 929 932 405 
485 406 934 933 931 
486 934 323 415 933 
487 933 415 400 935 
488 931 933 935 404 
489 936 938 403 939 
490 937 936 939 322 
491 415 942 940 941 
492 942 414 943 940 
493 941 940 944 400 
494 401 946 945 417 
495 946 259 947 945 
496 945 947 402 948 
497 417 945 948 399 
498 414 950 949 943 
499 950 417 951 949 
500 949 951 399 952 
501 404 935 953 954 
502 935 400 937 953 
503 953 937 322 955 
504 954 953 955 338 
505 400 944 956 957 
506 956 958 936 959 
507 957 956 959 937 
508 940 962 960 961 
509 962 943 963 960 
510 961 960 964 944 
511 399 948 965 938 
512 948 402 589 965 
513 965 589 324 966 
514 938 965 966 403 
515 952 399 968 967 
516 967 968 938 969 
517 958 967 969 936 
518 943 971 970 963 
519 971 949 972 970 
520 970 972 952 973 
521 963 970 973 418 
522 944 964 974 975 
523 964 418 976 974 
524 974 976 958 977 
525 975 974 977 956 
526 960 980 978 979 
527 980 963 981 978 
528 978 981 418 982 
529 979 978 982 964 
530 985 986 72 987 
531 483 985 987 152 
532 794 1007 1005 1006 
533 1006 1005 1009 995 
534 792 1012 1010 1011 
535 1011 1010 1007 794 
536 1007 1020 1018 1019 
537 1018 1021 1008 1022 
538 1019 1018 1022 1005 
539 1010 1027 1025 1026 
540 1027 1013 1028 1025 
541 1025 1028 727 1020 
542 1026 1025 1020 1007 
543 1020 1035 1033 1034 
544 1035 727 1036 1033 
545 1033 1036 1021 1037 
546 1034 1033 1037 1018 
547 983 1043 1041 1042 
548 1043 793 1044 1041 
549 1041 1044 726 1045 
550 1042 1041 1045 984 
551 726 1048 1046 1047 
552 1048 794 1006 1046 
553 1046 1006 995 1049 
554 1047 1046 1049 996 
555 1050 1074 1072 1073 
556 1074 1052 1075 1072 
557 1072 1075 999 1076 
558 1073 1072 1076 1053 
559 1083 1085 1066 1086 
560 1084 1083 1086 1064 
561 1093 457 506 1092 
562 1092 506 461 1094 
563 574 1092 1094 441 
564 449 1096 1095 552 
565 1096 452 1097 1095 
566 1095 1097 262 459 
567 552 1095 459 443 
568 443 1100 1098 1099 
569 1100 459 1101 1098 
570 1098 1101 457 1093 
571 1099 1098 1093 458 
572 458 1104 1102 1103 
573 1104 1093 1105 1102 
574 1102 1105 1092 1106 
575 1103 1102 1106 574 
576 362 440 1107 495 
577 440 421 694 1107 
578 1107 694 424 1108 
579 495 1107 1108 311 
580 1109 1110 440 1111 
581 499 1109 1111 362 
582 444 468 1112 503 
583 1112 1113 456 1114 
584 503 1112 1114 428 
585 453 1119 1118 1113 
586 1119 455 1120 1118 
587 1118 1120 437 1121 
588 1113 1118 1121 456 
589 468 1124 1122 1123 
590 1124 453 1125 1122 
591 1122 1125 1113 1126 
592 1123 1122 1126 1112 
593 1127 1128 421 1129 
594 1110 1127 1129 440 
595 1115 1132 1130 1131 
596 1132 672 1133 1130 
597 1130 1133 439 1134 
598 455 1136 1135 1120 
599 1136 1115 1131 1135 
600 1120 1135 1137 437 
601 439 674 1138 1128 
602 674 601 698 1138 
603 1138 698 604 1139 
604 1128 1138 1139 421 
605 1134 439 1142 1140 
606 1140 1142 1128 1143 
607 1141 1140 1143 1127 
608 1131 1146 1144 1145 
609 1146 1130 1147 1144 
610 1144 1147 1134 1148 
611 437 1137 1149 1150 
612 1149 1141 1127 1151 
613 1150 1149 1151 1110 
614 1135 1154 1152 1153 
615 1154 1131 1145 1152 
616 1153 1152 1155 1137 
617 1148 1134 1158 1156 
618 1156 1158 1140 1159 
619 1157 1156 1159 1141 
620 1145 1162 1160 1161 
621 1162 1144 1163 1160 
622 1160 1163 1148 1164 
623 1137 1155 1165 1166 
624 1165 1157 1141 1167 
625 1166 1165 1167 1149 
626 1152 1170 1168 1169 
627 1170 1145 1161 1168 
628 1168 1161 1117 1171 
629 1169 1168 1171 1155 
630 1117 1164 1172 1173 
631 1164 1148 1174 1172 
632 1172 1174 1156 1175 
633 1173 1172 1175 1157 
634 1161 1178 1176 1177 
635 1178 1160 1179 1176 
636 1176 1179 1164 1180 
637 1177 1176 1180 1117 
638 1184 1084 1064 1186 
639 1185 1184 1186 1065 
640 1068 1189 1187 1188 
641 1188 1187 1190 1071 
642 999 1193 1191 1192 
643 1193 1063 1194 1191 
644 1053 1076 1200 1201 
645 1076 999 1192 1200 
646 1201 1200 1189 1068 
647 1189 1204 1202 1203 
648 1203 1202 1205 1187 
649 1001 1091 1206 1207 
650 1091 1079 1208 1206 
651 1206 1208 1083 1209 
652 1207 1206 1209 1084 
653 1210 1212 1091 1213 
654 1211 1210 1213 1001 
655 1000 1220 1219 1078 
656 1220 1057 1221 1219 
657 1219 1221 1059 1222 
658 1078 1219 1222 352 
659 1077 1224 1223 1090 
660 1224 1078 1225 1223 
661 1223 1225 352 1226 
662 1090 1223 1226 1079 
663 1228 1077 1229 1227 
664 1227 1229 1090 1230 
665 1195 1232 1231 1217 
666 1232 1198 1233 1231 
667 1231 1233 1087 1234 
668 1217 1231 1234 1199 
669 1071 1190 1235 1236 
670 1190 1001 1207 1235 
671 1235 1207 1084 1237 
672 1236 1235 1237 1184 
673 1187 1205 1238 1239 
674 1238 1211 1001 1240 
675 1239 1238 1240 1190 
676 1088 1218 1241 1242 
677 1218 1199 1243 1241 
678 1241 1243 1210 1244 
679 1242 1241 1244 1211 
680 1214 1247 1245 1246 
681 1247 1217 1248 1245 
682 1245 1248 1199 1249 
683 1246 1245 1249 1218 
684 1202 1252 1250 1251 
685 1251 1250 1253 1205 
686 1256 1214 1246 1254 
687 1254 1246 1218 1257 
688 1255 1254 1257 1088 
689 1205 1253 1258 1259 
690 1253 1088 1242 1258 
691 1258 1242 1211 1260 
692 1259 1258 1260 1238 
693 1250 1263 1261 1262 
694 1263 1215 1255 1261 
695 1261 1255 1088 1264 
696 1262 1261 1264 1253 
697 1192 1267 1265 1266 
698 1267 1191 1268 1265 
699 1265 1268 1089 1197 
700 1266 1265 1197 1070 
701 1070 1271 1269 1270 
702 1271 1197 1272 1269 
703 1269 1272 1195 1216 
704 1270 1269 1216 1196 
705 1196 1275 1273 1274 
706 1275 1216 1276 1273 
707 1273 1276 1214 1256 
708 1274 1273 1256 1215 
709 1215 1279 1277 1278 
710 1279 1256 1280 1277 
711 1277 1280 1254 1281 
712 1278 1277 1281 1255 
713 1069 1288 1286 1287 
714 1288 1068 1188 1286 
715 1286 1188 1071 1289 
716 1287 1286 1289 596 
717 1290 1185 1065 1292 
718 1291 1290 1292 1181 
719 1282 1295 1293 1294 
720 1295 1069 1287 1293 
721 1293 1287 596 1296 
722 1294 1293 1296 1285 
723 1283 1305 1303 1304 
724 1305 1282 1294 1303 
725 1303 1294 1285 1306 
726 1304 1303 1306 994 
727 1310 1291 1181 1312 
728 1311 1310 1312 1182 
729 1301 1322 1320 1321 
730 1322 991 1323 1320 
731 1320 1323 1283 1315 
732 1321 1320 1315 1299 
733 1315 1326 1324 1325 
734 1326 1283 1327 1324 
735 1324 1327 1304 1328 
736 1325 1324 1328 1313 
737 1297 1331 1329 1330 
738 1331 992 1300 1329 
739 1329 1300 286 1332 
740 1330 1329 1332 1298 
741 1300 1335 1333 1334 
742 1334 1333 1336 286 
743 1299 1339 1337 1338 
744 1339 1315 1325 1337 
745 1302 1316 1341 1342 
746 1316 994 1343 1341 
747 1341 1343 1291 1344 
748 1342 1341 1344 1310 
749 1345 1347 1316 1348 
750 1346 1345 1348 1302 
751 1337 1351 1349 1350 
752 1351 1325 1352 1349 
753 1349 1352 1313 1353 
754 992 1356 1354 1355 
755 1356 1301 1321 1354 
756 1354 1321 1299 1335 
757 1355 1354 1335 1300 
758 1335 1359 1357 1358 
759 1359 1299 1338 1357 
760 1357 1338 1314 1360 
761 1358 1357 1360 1333 
762 1338 1363 1361 1362 
763 1363 1337 1350 1361 
764 1361 1350 1340 1364 
765 1362 1361 1364 1314 
766 1313 1328 1365 1347 
767 1328 1304 1366 1365 
768 1365 1366 994 1367 
769 1347 1365 1367 1316 
770 1340 1353 1368 1369 
771 1353 1313 1370 1368 
772 1368 1370 1347 1371 
773 1369 1368 1371 1345 
774 1350 1374 1372 1373 
775 1374 1349 1375 1372 
776 1372 1375 1353 1376 
777 1373 1372 1376 1340 
778 838 1383 1381 1382 
779 1383 783 1384 1381 
780 784 1388 1386 1387 
781 1388 838 1382 1386 
782 1387 1386 1389 1013 
783 1382 1396 1394 1395 
784 1396 1381 1397 1394 
785 779 1400 1399 837 
786 1400 765 1401 1399 
787 1399 1401 785 1378 
788 837 1399 1378 783 
789 783 1403 1402 1384 
790 1403 1378 1404 1402 
791 1402 1404 1377 1405 
792 1381 1407 1406 1397 
793 1407 1384 1408 1406 
794 1406 1408 1024 1409 
795 1013 1389 1410 1028 
796 1411 1413 1390 1414 
797 1412 1411 1414 1391 
798 1394 1417 1415 1416 
799 1417 1397 1418 1415 
800 1405 1377 1426 1425 
801 1425 1426 1380 1427 
802 1409 1024 1429 1428 
803 1428 1429 1392 1430 
804 1413 1428 1430 1390 
805 1397 1432 1431 1418 
806 1432 1406 1433 1431 
807 1431 1433 1409 1434 
808 1418 1431 1434 1385 
809 1435 1437 1413 1438 
810 1436 1435 1438 1411 
811 1415 1441 1439 1440 
812 1441 1418 1442 1439 
813 1439 1442 1385 1443 
814 1386 1446 1444 1445 
815 1446 1382 1395 1444 
816 1444 1395 1023 1447 
817 1445 1444 1447 1389 
818 1395 1450 1448 1449 
819 1450 1394 1416 1448 
820 1448 1416 1398 1451 
821 1449 1448 1451 1023 
822 1416 1454 1452 1453 
823 1454 1415 1440 1452 
824 1452 1440 1419 1455 
825 1453 1452 1455 1398 
826 1385 1434 1456 1437 
827 1434 1409 1457 1456 
828 1456 1457 1428 1458 
829 1437 1456 1458 1413 
830 1419 1443 1459 1460 
831 1443 1385 1461 1459 
832 1459 1461 1437 1462 
833 1460 1459 1462 1435 
834 1440 1465 1463 1464 
835 1465 1439 1466 1463 
836 1463 1466 1443 1467 
837 1464 1463 1467 1419 
838 1393 1476 1474 1475 
839 1476 786 1477 1474 
840 786 1480 1479 1477 
841 1480 1427 1481 1479 
842 1479 1481 1471 1482 
843 1491 1493 1016 1494 
844 1492 1491 1494 1470 
845 1474 1497 1495 1496 
846 1497 1477 1498 1495 
847 1482 1471 1507 1506 
848 1506 1507 1473 1508 
849 1493 1506 1508 1016 
850 1477 1510 1509 1498 
851 1510 1479 1511 1509 
852 1509 1511 1482 1512 
853 1498 1509 1512 1469 
854 1513 1515 1493 1516 
855 1514 1513 1516 1491 
856 1495 1519 1517 1518 
857 1519 1498 1520 1517 
858 1517 1520 1469 1521 
859 1015 1524 1522 1523 
860 1524 1393 1475 1522 
861 1522 1475 1468 1525 
862 1523 1522 1525 1031 
863 1475 1528 1526 1527 
864 1528 1474 1496 1526 
865 1526 1496 1478 1529 
866 1527 1526 1529 1468 
867 1496 1532 1530 1531 
868 1532 1495 1518 1530 
869 1530 1518 1499 1533 
870 1531 1530 1533 1478 
871 1469 1512 1534 1515 
872 1512 1482 1535 1534 
873 1534 1535 1506 1536 
874 1515 1534 1536 1493 
875 1499 1521 1537 1538 
876 1521 1469 1539 1537 
877 1537 1539 1515 1540 
878 1538 1537 1540 1513 
879 1518 1543 1541 1542 
880 1543 1517 1544 1541 
881 1541 1544 1521 1545 
882 1542 1541 1545 1499 
883 1489 1552 1550 1551 
884 1552 1503 1553 1550 
885 1551 1550 1554 1002 
886 772 1556 1555 1423 
887 1556 869 1557 1555 
888 1555 1557 1420 1558 
889 1423 1555 1558 1003 
890 1422 1560 1559 1504 
891 1560 1423 1561 1559 
892 1559 1561 1003 1562 
893 1503 1564 1563 1553 
894 1564 1504 1565 1563 
895 1563 1565 1424 1566 
896 1553 1563 1566 1505 
897 1002 1554 1570 1571 
898 1554 1505 1572 1570 
899 1570 1572 1546 1573 
900 1571 1570 1573 1547 
901 1550 1576 1574 1575 
902 1576 1553 1577 1574 
903 1574 1577 1505 1578 
904 1575 1574 1578 1554 
905 1579 1581 1052 1074 
906 1580 1579 1074 1050 
907 1003 1558 1586 1501 
908 1558 1420 1587 1586 
909 1586 1587 1061 1588 
910 1501 1586 1588 774 
911 1590 1501 1591 1589 
912 1589 1591 774 1592 
913 1549 1595 1593 1594 
914 1595 1500 1596 1593 
915 1594 1593 1597 1582 
916 1562 1003 1599 1598 
917 1598 1599 1501 1590 
918 1500 1601 1600 1596 
919 1601 1590 1602 1600 
920 1600 1602 1589 1603 
921 1596 1600 1603 1584 
922 1605 1580 1050 1607 
923 1606 1605 1607 1051 
924 1004 1585 1608 1609 
925 1585 1502 1610 1608 
926 1608 1610 1579 1611 
927 1609 1608 1611 1580 
928 1582 1597 1612 1613 
929 1597 1584 1614 1612 
930 1612 1614 1502 1615 
931 1613 1612 1615 1585 
932 1593 1618 1616 1617 
933 1618 1596 1619 1616 
934 1616 1619 1584 1620 
935 1617 1616 1620 1597 
936 1630 34 1631 1629 
937 1629 1631 350 1632 
938 1641 392 1642 1640 
939 1640 1642 34 1630 
940 1644 1630 1645 1643 
941 1643 1645 1629 1646 
942 72 351 1647 479 
943 351 73 1648 1647 
944 1647 1648 44 1649 
945 479 1647 1649 74 
946 1650 1651 351 1652 
947 986 1650 1652 72 
948 1634 1672 1670 1671 
949 1672 349 1673 1670 
950 1670 1673 1635 1659 
951 1671 1670 1659 1633 
952 1633 1676 1674 1675 
953 1676 1659 1677 1674 
954 1674 1677 1657 1678 
955 1675 1674 1678 1658 
956 1230 1090 1690 1689 
957 1689 1690 1079 1691 
958 1212 1689 1691 1091 
959 1198 1693 1692 1233 
960 1693 1227 1694 1692 
961 1692 1694 1230 1695 
962 1233 1692 1695 1087 
963 823 1714 1712 1713 
964 1714 822 1715 1712 
965 1712 1715 719 1701 
966 1713 1712 1701 398 
967 398 1718 1716 1717 
968 1718 1701 1719 1716 
969 1716 1719 1699 1709 
970 1717 1716 1709 1700 
971 1699 1721 1720 1710 
972 1721 826 1722 1720 
973 1720 1722 718 1723 
974 1710 1720 1723 738 
975 1709 1726 1724 1725 
976 1726 1699 1727 1724 
977 1724 1727 1710 1728 
978 1704 1731 1729 1730 
979 1731 1700 1708 1729 
980 1729 1708 610 1732 
981 1730 1729 1732 723 
982 1700 1735 1733 1734 
983 1735 1709 1725 1733 
984 1733 1725 1707 1736 
985 1734 1733 1736 1708 
986 610 1711 1737 1738 
987 1711 738 1739 1737 
988 1737 1739 737 1740 
989 1738 1737 1740 724 
990 1707 1728 1741 1742 
991 1728 1710 1743 1741 
992 1741 1743 738 1744 
993 1742 1741 1744 1711 
994 1725 1747 1745 1746 
995 1747 1724 1748 1745 
996 1745 1748 1728 1749 
997 1746 1745 1749 1707 
998 812 1752 1750 1751 
999 1752 856 1753 1750 
1000 1750 1753 853 861 
1001 809 1756 1754 1755 
1002 1756 812 1751 1754 
1003 1754 1751 762 1757 
1004 1755 1754 1757 777 
1005 1751 1760 1758 1759 
1006 1760 1750 1761 1758 
1007 1758 1761 861 1762 
1008 1759 1758 1762 762 
1009 1766 760 1767 1765 
1010 1765 1767 50 1768 
1011 394 1770 1769 804 
1012 1770 86 1771 1769 
1013 1769 1771 395 759 
1014 759 1774 1772 1773 
1015 1774 395 1775 1772 
1016 1772 1775 760 1766 
1017 1773 1772 1766 758 
1018 758 1778 1776 1777 
1019 1778 1766 1779 1776 
1020 1776 1779 1765 1780 
1021 393 1782 1781 808 
1022 1782 759 1773 1781 
1023 1781 1773 758 849 
1024 849 1785 1783 1784 
1025 1785 758 1777 1783 
1026 1784 1783 1786 848 
1027 1780 1765 1791 1789 
1028 1789 1791 1768 1792 
1029 1790 1789 1792 761 
1030 1777 1795 1793 1794 
1031 1795 1776 1796 1793 
1032 1793 1796 1780 1797 
1033 848 1786 1798 876 
1034 1798 1790 761 1799 
1035 876 1798 1799 851 
1036 1783 1802 1800 1801 
1037 1802 1777 1794 1800 
1038 1800 1794 850 1803 
1039 1801 1800 1803 1786 
1040 850 1797 1804 1805 
1041 1797 1780 1806 1804 
1042 1804 1806 1789 1807 
1043 1805 1804 1807 1790 
1044 1794 1810 1808 1809 
1045 1810 1793 1811 1808 
1046 1808 1811 1797 1812 
1047 1809 1808 1812 850 
1048 760 1814 1813 1767 
1049 1814 1763 1815 1813 
1050 1813 1815 1622 1816 
1051 1767 1813 1816 50 
1052 1818 1640 1819 1817 
1053 1817 1819 1630 1644 
1054 1822 1817 1823 1820 
1055 1820 1823 1644 1824 
1056 1821 1820 1824 349 
1057 1666 1827 1825 1826 
1058 1827 1669 1821 1825 
1059 1825 1821 349 1672 
1060 1826 1825 1672 1634 
1061 48 1829 1828 377 
1062 1829 31 1830 1828 
1063 1828 1830 49 391 
1064 377 1828 391 47 
1065 391 1833 1831 1832 
1066 1833 49 1834 1831 
1067 1831 1834 392 1641 
1068 1832 1831 1641 390 
1069 390 1837 1835 1836 
1070 1837 1641 1838 1835 
1071 1835 1838 1640 1818 
1072 1836 1835 1818 756 
1073 756 1841 1839 1840 
1074 1841 1818 1842 1839 
1075 1839 1842 1817 1822 
1076 1840 1839 1822 1669 
1077 1669 1845 1843 1844 
1078 1845 1822 1846 1843 
1079 1843 1846 1820 1847 
1080 1844 1843 1847 1821 
1081 392 1849 1848 1642 
1082 1849 1637 1850 1848 
1083 1848 1850 1626 1851 
1084 1642 1848 1851 34 
1085 345 1868 1866 1867 
1086 1867 1866 1870 1627 
1087 1880 341 1881 1879 
1088 1879 1881 1854 1882 
1089 1860 1888 1886 1887 
1090 1888 1862 1889 1886 
1091 1886 1889 341 1880 
1092 1853 1892 1890 1891 
1093 1892 1880 1893 1890 
1094 1890 1893 1879 1894 
1095 1891 1890 1894 1873 
1096 341 1896 1895 1881 
1097 1895 1897 1875 1898 
1098 1881 1895 1898 1854 
1099 1862 1900 1899 1889 
1100 1900 1883 1901 1899 
1101 1899 1901 1876 1896 
1102 1889 1899 1896 341 
1103 1876 1903 1902 1897 
1104 1903 8 1904 1902 
1105 1902 1904 1877 1905 
1106 1897 1902 1905 1875 
1107 1896 1908 1906 1907 
1108 1908 1876 1909 1906 
1109 1906 1909 1897 1910 
1110 1907 1906 1910 1895 
1111 1639 1917 1915 1916 
1112 1917 1863 1918 1915 
1113 1916 1915 1868 345 
1114 1868 1921 1919 1920 
1115 1919 1922 1869 1923 
1116 1920 1919 1923 1866 
1117 1863 1927 1926 1918 
1118 1927 1865 1928 1926 
1119 1915 1931 1929 1930 
1120 1931 1918 1932 1929 
1121 1929 1932 1857 1921 
1122 1930 1929 1921 1868 
1123 1857 1934 1933 1922 
1124 1934 1912 1935 1933 
1125 1933 1935 1911 1936 
1126 1922 1933 1936 1869 
1127 1921 1939 1937 1938 
1128 1939 1857 1940 1937 
1129 1937 1940 1922 1941 
1130 1938 1937 1941 1919 
1131 28 343 1946 471 
1132 343 29 1947 1946 
1133 1946 1947 3 1948 
1134 471 1946 1948 30 
1135 45 1855 1949 1950 
1136 1855 340 1951 1949 
1137 1949 1951 343 1952 
1138 1950 1949 1952 28 
1139 346 1874 1953 1954 
1140 1874 1852 1955 1953 
1141 1953 1955 1855 1956 
1142 1954 1953 1956 45 
1143 1957 1959 1874 1960 
1144 1958 1957 1960 346 
1145 1913 1963 1961 1962 
1146 1963 1942 1964 1961 
1147 44 347 1966 475 
1148 347 45 1950 1966 
1149 1966 1950 28 1967 
1150 475 1966 1967 46 
1151 344 1859 1968 1969 
1152 1859 346 1954 1968 
1153 1968 1954 45 1970 
1154 1969 1968 1970 347 
1155 1971 1958 346 1973 
1156 1972 1971 1973 1859 
1157 1911 1976 1974 1975 
1158 1976 1913 1962 1974 
1159 1974 1962 1858 1977 
1160 1975 1974 1977 1914 
1161 1978 1980 1957 1981 
1162 1979 1978 1981 1958 
1163 1962 1984 1982 1983 
1164 1984 1961 1985 1982 
1165 1983 1982 1986 1858 
1166 1872 1988 1987 1944 
1167 1988 1853 1891 1987 
1168 1987 1891 1873 1989 
1169 1944 1987 1989 1871 
1170 1942 1991 1990 1964 
1171 1991 1944 1992 1990 
1172 1990 1992 1871 1993 
1173 1964 1990 1993 1945 
1174 1961 1995 1994 1985 
1175 1995 1964 1996 1994 
1176 1994 1996 1945 1997 
1177 1985 1994 1997 1965 
1178 1914 1977 1998 1999 
1179 1977 1858 1979 1998 
1180 1998 1979 1958 2000 
1181 1999 1998 2000 1971 
1182 1858 1986 2001 2002 
1183 1986 1965 2003 2001 
1184 2001 2003 1978 2004 
1185 2002 2001 2004 1979 
1186 1982 2007 2005 2006 
1187 2007 1985 2008 2005 
1188 2005 2008 1965 2009 
1189 2006 2005 2009 1986 
1190 1626 2012 2010 2011 
1191 2012 345 1867 2010 
1192 2010 1867 1627 2013 
1193 2011 2010 2013 1625 
1194 34 1851 2014 1631 
1195 1851 1626 2011 2014 
1196 2014 2011 1625 2015 
1197 1631 2014 2015 350 
1198 1632 350 2017 2016 
1199 2016 2017 73 2018 
1200 1651 2016 2018 351 
1201 1646 1629 2020 2019 
1202 2019 2020 1632 2021 
1203 2022 2024 1655 2025 
1204 2037 2040 2022 2041 
1205 2038 2037 2041 2023 
1206 354 2049 2047 2048 
1207 2048 2047 2051 2043 
1208 1682 2054 2052 2053 
1209 2053 2052 2049 354 
1210 2049 2062 2060 2061 
1211 2062 1685 2063 2060 
1212 2060 2063 2050 2064 
1213 2061 2060 2064 2047 
1214 2085 2074 2086 2084 
1215 2084 2086 2073 2087 
1216 151 1680 2088 2089 
1217 1680 768 2090 2088 
1218 2088 2090 1650 2091 
1219 2089 2088 2091 986 
1220 1679 2031 2092 2093 
1221 2031 1654 2094 2092 
1222 2092 2094 768 2095 
1223 2093 2092 2095 1680 
1224 2030 2068 2096 2097 
1225 2068 2029 2098 2096 
1226 2096 2098 2031 2099 
1227 2097 2096 2099 1679 
1228 2100 2102 2029 2103 
1229 2101 2100 2103 2068 
1230 2076 2106 2104 2105 
1231 2106 2079 2107 2104 
1232 2029 2075 2109 2098 
1233 2075 2027 2110 2109 
1234 2109 2110 1654 2111 
1235 2098 2109 2111 2031 
1236 2087 2073 2113 2112 
1237 2112 2113 2075 2114 
1238 2102 2112 2114 2029 
1239 2079 2116 2115 2107 
1240 2116 2084 2117 2115 
1241 2115 2117 2087 2118 
1242 2107 2115 2118 2067 
1243 2119 2121 2102 2122 
1244 2120 2119 2122 2100 
1245 2104 2125 2123 2124 
1246 2125 2107 2126 2123 
1247 2123 2126 2067 2127 
1248 1624 2130 2128 2129 
1249 2130 2066 2077 2128 
1250 2128 2077 2065 2131 
1251 2129 2128 2131 2058 
1252 2077 2134 2132 2133 
1253 2134 2076 2105 2132 
1254 2132 2105 2080 2135 
1255 2133 2132 2135 2065 
1256 2105 2138 2136 2137 
1257 2138 2104 2124 2136 
1258 2136 2124 2108 2139 
1259 2137 2136 2139 2080 
1260 2067 2118 2140 2121 
1261 2118 2087 2141 2140 
1262 2140 2141 2112 2142 
1263 2121 2140 2142 2102 
1264 2108 2127 2143 2144 
1265 2127 2067 2145 2143 
1266 2143 2145 2121 2146 
1267 2144 2143 2146 2119 
1268 2124 2149 2147 2148 
1269 2149 2123 2150 2147 
1270 2147 2150 2127 2151 
1271 2148 2147 2151 2108 
1272 1057 2153 2152 1221 
1273 2153 1058 2154 2152 
1274 2152 2154 771 2155 
1275 1059 2155 2156 2157 
1276 2155 771 2158 2156 
1277 2156 2158 1081 2159 
1278 2157 2156 2159 1080 
1279 1221 2162 2160 2161 
1280 2162 2152 2163 2160 
1281 2160 2163 2155 2164 
1282 2161 2160 2164 1059 
1283 1058 2166 2165 2154 
1284 2154 2165 2168 771 
1285 769 2171 2169 2170 
1286 2171 1697 2172 2169 
1287 2169 2172 1696 2166 
1288 2170 2169 2166 1058 
1289 2174 1682 2053 2173 
1290 2173 2053 354 2175 
1291 2166 2178 2176 2177 
1292 2178 1696 2179 2176 
1293 2177 2176 2180 2165 
1294 1697 2182 2181 2172 
1295 2182 770 2183 2181 
1296 2181 2183 1682 2174 
1297 2172 2181 2174 1696 
1298 1696 2185 2184 2179 
1299 2185 2174 2186 2184 
1300 2184 2186 2173 2187 
1301 771 2168 2188 2158 
1302 2168 1698 2189 2188 
1303 2188 2189 2045 2190 
1304 2158 2188 2190 1081 
1305 2165 2180 2191 2192 
1306 2191 2193 1698 2194 
1307 2192 2191 2194 2168 
1308 2176 2197 2195 2196 
1309 2197 2179 2198 2195 
1310 2196 2195 2199 2180 
1311 1698 2175 2200 2189 
1312 2175 354 2048 2200 
1313 2200 2048 2043 2201 
1314 2189 2200 2201 2045 
1315 2187 2173 2203 2202 
1316 2202 2203 2175 2204 
1317 2193 2202 2204 1698 
1318 2179 2206 2205 2198 
1319 2206 2184 2207 2205 
1320 2205 2207 2187 2208 
1321 2180 2199 2209 2210 
1322 2209 2211 2193 2212 
1323 2210 2209 2212 2191 
1324 2195 2215 2213 2214 
1325 2215 2198 2216 2213 
1326 2214 2213 2217 2199 
1327 2052 2222 2220 2221 
1328 2220 2223 1685 2062 
1329 2221 2220 2062 2049 
1330 2229 2081 2230 2228 
1331 2228 2230 2074 2085 
1332 2233 2227 2234 2231 
1333 2231 2234 1688 2235 
1334 2232 2231 2235 2078 
1335 767 2240 2239 2024 
1336 2240 1646 2241 2239 
1337 2239 2241 2019 2242 
1338 2024 2239 2242 1655 
1339 1661 2244 2243 2040 
1340 2244 767 2245 2243 
1341 2243 2245 2024 2246 
1342 2040 2243 2246 2022 
1343 2249 1661 2250 2247 
1344 2247 2250 2040 2251 
1345 2248 2247 2251 2037 
1346 2252 2038 2023 2254 
1347 1636 2257 2255 2256 
1348 2257 2039 2248 2255 
1349 2255 2248 2037 2258 
1350 2256 2255 2258 2038 
1351 1635 2260 2259 1660 
1352 2260 1643 2261 2259 
1353 2259 2261 1646 2240 
1354 1660 2259 2240 767 
1355 1657 2263 2262 2238 
1356 2263 1660 2264 2262 
1357 2262 2264 767 2244 
1358 2238 2262 2244 1661 
1359 2236 2267 2265 2266 
1360 2267 2238 2268 2265 
1361 2265 2268 1661 2249 
1362 2266 2265 2249 2039 
1363 2039 2271 2269 2270 
1364 2271 2249 2272 2269 
1365 2269 2272 2247 2273 
1366 2270 2269 2273 2248 
1367 2208 2187 2275 2274 
1368 2274 2275 2202 2276 
1369 2211 2274 2276 2193 
1370 2198 2278 2277 2216 
1371 2278 2205 2279 2277 
1372 2277 2279 2208 2280 
1373 2199 2217 2281 2282 
1374 2281 2283 2211 2284 
1375 2282 2281 2284 2209 
1376 2213 2287 2285 2286 
1377 2287 2216 2288 2285 
1378 2286 2285 2289 2217 
1379 2280 2208 2291 2290 
1380 2290 2291 2274 2292 
1381 2283 2290 2292 2211 
1382 2216 2294 2293 2288 
1383 2294 2277 2295 2293 
1384 2293 2295 2280 2296 
1385 2288 2293 2296 2167 
1386 2217 2289 2297 2298 
1387 2289 2167 2299 2297 
1388 2297 2299 2283 2300 
1389 2298 2297 2300 2281 
1390 2285 2303 2301 2302 
1391 2303 2288 2304 2301 
1392 2301 2304 2167 2305 
1393 2302 2301 2305 2289 
1394 1816 1622 2307 2306 
1395 770 2309 2308 2183 
1396 2309 1683 2310 2308 
1397 2308 2310 1681 2054 
1398 2183 2308 2054 1682 
1399 2054 2313 2311 2312 
1400 2313 1681 2314 2311 
1401 2311 2314 2055 2222 
1402 2312 2311 2222 2052 
1403 2055 2316 2315 2223 
1404 2316 2218 2317 2315 
1405 2315 2317 2057 2318 
1406 2223 2315 2318 1685 
1407 2222 2321 2319 2320 
1408 2321 2055 2322 2319 
1409 2319 2322 2223 2323 
1410 2320 2319 2323 2220 
1411 2070 2326 2324 2325 
1412 2326 2069 2225 2324 
1413 2324 2225 2066 2130 
1414 2325 2324 2130 1624 
1415 2225 2329 2327 2328 
1416 2329 2224 2232 2327 
1417 2327 2232 2078 2330 
1418 2328 2327 2330 2066 
1419 1622 2332 2331 2307 
1420 2332 757 2333 2331 
1421 2331 2333 1623 1687 
1422 1621 2336 2334 2335 
1423 2336 1687 2337 2334 
1424 2334 2337 1686 2071 
1425 2335 2334 2071 1684 
1426 2071 2340 2338 2339 
1427 2340 1686 2341 2338 
1428 2338 2341 2072 2226 
1429 2339 2338 2226 2069 
1430 2226 2344 2342 2343 
1431 2344 2072 2345 2342 
1432 2342 2345 2227 2233 
1433 2343 2342 2233 2224 
1434 2224 2348 2346 2347 
1435 2348 2233 2349 2346 
1436 2346 2349 2231 2350 
1437 2347 2346 2350 2232 
1438 2351 2358 2356 2357 
1439 2358 2353 2359 2356 
1440 2353 2362 2361 2359 
1441 2362 2354 2363 2361 
1442 2361 2363 2253 2364 
1443 2359 2361 2364 1665 
1444 2365 2367 2035 2368 
1445 2366 2365 2368 2032 
1446 2356 2371 2369 2370 
1447 2371 2359 2372 2369 
1448 2369 2372 1665 2373 
1449 2083 2376 2374 2375 
1450 2376 2351 2357 2374 
1451 2374 2357 2034 2377 
1452 2375 2374 2377 766 
1453 2357 2380 2378 2379 
1454 2380 2356 2370 2378 
1455 2378 2370 2360 2381 
1456 2379 2378 2381 2034 
1457 1665 2364 2382 2367 
1458 2364 2253 2383 2382 
1459 2382 2383 2252 2384 
1460 2367 2382 2384 2035 
1461 2360 2373 2385 2386 
1462 2373 1665 2387 2385 
1463 2385 2387 2367 2388 
1464 2386 2385 2388 2365 
1465 2370 2391 2389 2390 
1466 2391 2369 2392 2389 
1467 2389 2392 2373 2393 
1468 2390 2389 2393 2360 
1469 1 2396 2394 2395 
1470 2396 12 119 2394 
1471 2394 119 10 62 
1472 2395 2394 62 11 
1473 16 2398 2397 371 
1474 2398 2 2399 2397 
1475 2397 2399 17 385 
1476 371 2397 385 15 
1477 19 38 2400 2401 
1478 38 21 470 2400 
1479 2400 470 9 2402 
1480 2401 2400 2402 22 
1481 20 94 2403 2404 
1482 94 19 2401 2403 
1483 2403 2401 22 2405 
1484 2404 2403 2405 4 
1485 10 2408 2406 2407 
1486 2408 25 123 2406 
1487 2406 123 23 66 
1488 2407 2406 66 24 
1489 32 2410 2409 374 
1490 2410 15 2411 2409 
1491 2409 2411 33 388 
1492 374 2409 388 31 
1493 35 54 2412 2413 
1494 54 37 474 2412 
1495 2412 474 21 2414 
1496 2413 2412 2414 38 
1497 36 97 2415 2416 
1498 97 35 2413 2415 
1499 2415 2413 38 2417 
1500 2416 2415 2417 19 
1501 23 2420 2418 2419 
1502 2420 41 127 2418 
1503 2418 127 39 70 
1504 2419 2418 70 40 
1505 51 78 2421 2422 
1506 78 53 478 2421 
1507 2421 478 37 2423 
1508 2422 2421 2423 54 
1509 52 100 2424 2425 
1510 100 51 2422 2424 
1511 2424 2422 54 2426 
1512 2425 2424 2426 35 
1513 70 2429 2427 2428 
1514 2429 39 131 2427 
1515 2427 131 56 112 
1516 2428 2427 112 68 
1517 75 155 2430 2431 
1518 155 77 482 2430 
1519 2430 482 53 2432 
1520 2431 2430 2432 78 
1521 76 104 2433 2434 
1522 104 75 2431 2433 
1523 2433 2431 78 2435 
1524 2434 2433 2435 51 
1525 98 171 2436 2437 
1526 171 76 2434 2436 
1527 2436 2434 51 2438 
1528 2437 2436 2438 100 
1529 138 206 2439 167 
1530 206 141 2440 2439 
1531 2439 2440 105 2441 
1532 167 2439 2441 142 
1533 143 2444 2442 2443 
1534 2444 135 183 2442 
1535 2442 183 79 148 
1536 2443 2442 148 116 
1537 148 2447 2445 2446 
1538 2447 79 187 2445 
1539 2445 187 139 180 
1540 2446 2445 180 146 
1541 153 290 2448 2449 
1542 2448 486 77 2450 
1543 2449 2448 2450 155 
1544 103 235 2451 2452 
1545 235 153 2449 2451 
1546 2451 2449 155 2453 
1547 2452 2451 2453 75 
1548 109 209 2454 2455 
1549 2454 251 158 2456 
1550 2455 2454 2456 156 
1551 142 2441 2457 2458 
1552 2441 105 211 2457 
1553 2457 211 162 2459 
1554 2458 2457 2459 160 
1555 107 2461 2460 205 
1556 2461 200 229 2460 
1557 2460 229 199 2462 
1558 205 2460 2462 141 
1559 199 232 2463 2464 
1560 232 201 2465 2463 
1561 2463 2465 108 240 
1562 2464 2463 240 202 
1563 141 2462 2466 2440 
1564 2462 199 2464 2466 
1565 2466 2464 202 212 
1566 2440 2466 212 105 
1567 207 242 2467 2468 
1568 242 208 255 2467 
1569 2467 255 59 2469 
1570 2468 2467 2469 209 
1571 162 214 2470 2471 
1572 214 207 2468 2470 
1573 2470 2468 209 2472 
1574 2471 2470 2472 109 
1575 201 249 2473 2465 
1576 249 224 2474 2473 
1577 2473 2474 227 2475 
1578 2465 2473 2475 108 
1579 108 2475 2476 241 
1580 2475 227 2477 2476 
1581 2476 2477 236 256 
1582 241 2476 256 208 
1583 267 900 2478 2479 
1584 900 269 902 2478 
1585 2478 902 197 2480 
1586 2479 2478 2480 270 
1587 226 284 2481 2482 
1588 284 267 2479 2481 
1589 2481 2479 270 2483 
1590 2482 2481 2483 195 
1591 289 331 2484 2485 
1592 331 309 490 2484 
1593 2484 490 312 2486 
1594 2485 2484 2486 154 
1595 266 2488 2487 320 
1596 2488 314 333 2487 
1597 2487 333 313 2489 
1598 320 2487 2489 304 
1599 5 2491 2490 335 
1600 2491 329 365 2490 
1601 2490 365 328 2492 
1602 335 2490 2492 315 
1603 337 2495 2493 2494 
1604 2495 339 522 2493 
1605 2493 522 310 366 
1606 2494 2493 366 329 
1607 327 2498 2496 2497 
1608 2498 337 2494 2496 
1609 2496 2494 329 2491 
1610 2497 2496 2491 5 
1611 340 1878 2499 1951 
1612 1878 342 2500 2499 
1613 2499 2500 29 2501 
1614 1951 2499 2501 343 
1615 73 1628 2502 1648 
1616 1628 344 1969 2502 
1617 2502 1969 347 2503 
1618 1648 2502 2503 44 
1619 330 512 2504 2505 
1620 512 360 494 2504 
1621 2504 494 363 2506 
1622 2505 2504 2506 309 
1623 15 2508 2507 2411 
1624 2508 385 2509 2507 
1625 2507 2509 384 1861 
1626 2411 2507 1861 33 
1627 385 2511 2510 2509 
1628 2511 17 2512 2510 
1629 2510 2512 386 1884 
1630 2509 2510 1884 384 
1631 31 2514 2513 1830 
1632 2514 388 2515 2513 
1633 2513 2515 387 1638 
1634 1830 2513 1638 49 
1635 388 2517 2516 2515 
1636 2517 33 2518 2516 
1637 2516 2518 389 1864 
1638 2515 2516 1864 387 
1639 47 2520 2519 801 
1640 2520 391 1832 2519 
1641 2519 1832 390 755 
1642 801 2519 755 86 
1643 405 932 2521 2522 
1644 932 404 954 2521 
1645 2521 954 338 2523 
1646 2522 2521 2523 265 
1647 383 2525 2524 413 
1648 2525 407 2526 2524 
1649 2524 2526 397 586 
1650 413 2524 586 259 
1651 322 939 2527 2528 
1652 939 403 2529 2527 
1653 2527 2529 419 523 
1654 2528 2527 523 339 
1655 403 966 2530 2529 
1656 966 324 2531 2530 
1657 2530 2531 420 435 
1658 2529 2530 435 419 
1659 324 592 2532 2531 
1660 592 431 2533 2532 
1661 2532 2533 430 447 
1662 2531 2532 447 420 
1663 431 2535 2534 2533 
1664 2535 396 2536 2534 
1665 2534 2536 432 612 
1666 2533 2534 612 430 
1667 446 2538 2537 464 
1668 2538 448 2539 2537 
1669 454 2541 2540 467 
1670 2541 438 2542 2540 
1671 2540 2542 455 1119 
1672 467 2540 1119 453 
1673 459 2544 2543 1101 
1674 2544 262 2545 2543 
1675 2543 2545 460 507 
1676 1101 2543 507 457 
1677 452 2547 2546 1097 
1678 2547 462 2548 2546 
1679 2546 2548 454 466 
1680 1097 2546 466 262 
1681 519 2550 2549 556 
1682 2550 443 1099 2549 
1683 2549 1099 458 573 
1684 556 2549 573 517 
1685 553 2552 2551 571 
1686 2552 556 2553 2551 
1687 2551 2553 517 577 
1688 571 2551 577 536 
1689 259 2555 2554 947 
1690 2555 586 2556 2554 
1691 2554 2556 585 590 
1692 947 2554 590 402 
1693 585 2558 2557 591 
1694 2558 587 2559 2557 
1695 2557 2559 396 2535 
1696 591 2557 2535 431 
1697 423 617 2563 695 
1698 695 2563 2564 356 
1699 396 2566 2565 2536 
1700 2566 609 1705 2565 
1701 2536 2565 624 432 
1702 448 2568 2567 2539 
1703 2568 611 627 2567 
1704 2567 627 602 673 
1705 2539 2567 673 422 
1706 615 2570 2569 632 
1707 2570 598 746 2569 
1708 2569 746 616 2571 
1709 632 2569 2571 614 
1710 603 633 2572 699 
1711 633 614 2573 2572 
1712 2572 2573 617 2574 
1713 699 2572 2574 423 
1714 619 678 2575 2576 
1715 678 618 702 2575 
1716 2575 702 622 2577 
1717 2576 2575 2577 601 
1718 623 2579 2578 641 
1719 2579 625 733 2578 
1720 2578 733 598 2570 
1721 641 2578 2570 615 
1722 627 2582 2580 2581 
1723 2582 626 643 2580 
1724 2580 643 620 677 
1725 2581 2580 677 602 
1726 621 649 2583 703 
1727 649 630 2584 2583 
1728 2583 2584 633 2585 
1729 703 2583 2585 603 
1730 635 682 2586 2587 
1731 682 634 706 2586 
1732 2586 706 638 2588 
1733 2587 2586 2588 618 
1734 643 2591 2589 2590 
1735 2591 642 659 2589 
1736 2589 659 636 681 
1737 2590 2589 681 620 
1738 637 665 2592 707 
1739 665 646 2593 2592 
1740 2592 2593 649 2594 
1741 707 2592 2594 621 
1742 651 686 2595 2596 
1743 686 650 710 2595 
1744 2595 710 654 2597 
1745 2596 2595 2597 634 
1746 645 2599 2598 661 
1747 2599 655 2600 2598 
1748 2598 2600 647 663 
1749 661 2598 663 357 
1750 285 692 2601 2602 
1751 2602 2601 2603 487 
1752 723 1732 2604 2605 
1753 1732 610 1738 2604 
1754 2604 1738 724 742 
1755 2605 2604 742 722 
1756 725 744 2606 747 
1757 744 87 2607 2606 
1758 2606 2607 730 2608 
1759 747 2606 2608 729 
1760 738 1723 2609 1739 
1761 1723 718 2610 2609 
1762 2609 2610 739 2611 
1763 1739 2609 2611 737 
1764 724 1740 2612 743 
1765 1740 737 2613 2612 
1766 2612 2613 740 2614 
1767 743 2612 2614 87 
1768 86 2616 2615 1771 
1769 2616 755 2617 2615 
1770 2615 2617 754 1764 
1771 1771 2615 1764 395 
1772 755 2619 2618 2617 
1773 2619 390 1836 2618 
1774 2618 1836 756 1668 
1775 2617 2618 1668 754 
1776 777 1757 2620 816 
1777 1757 762 860 2620 
1778 2620 860 778 2621 
1779 816 2620 2621 775 
1780 775 2621 2622 790 
1781 2621 778 871 2622 
1782 2622 871 765 1400 
1783 790 2622 1400 779 
1784 718 2624 2623 2610 
1785 2624 781 829 2623 
1786 2623 829 780 2625 
1787 2610 2623 2625 739 
1788 739 2625 2626 2627 
1789 2625 780 796 2626 
1790 2626 796 782 2628 
1791 2627 2626 2628 721 
1792 782 798 2629 2630 
1793 798 594 836 2629 
1794 2629 836 784 1012 
1795 2630 2629 1012 792 
1796 793 2632 2631 1044 
1797 2632 792 1011 2631 
1798 2631 1011 794 1048 
1799 1044 2631 1048 726 
1800 795 834 2633 2634 
1801 834 788 840 2633 
1802 2633 840 594 2635 
1803 2634 2633 2635 798 
1804 810 2638 2636 2637 
1805 2638 809 1755 2636 
1806 2636 1755 777 815 
1807 2637 2636 815 720 
1808 822 2640 2639 1715 
1809 2640 806 2641 2639 
1810 2639 2641 605 827 
1811 1715 2639 827 719 
1812 825 2644 2642 2643 
1813 2644 810 2637 2642 
1814 2642 2637 720 830 
1815 2643 2642 830 781 
1816 826 2646 2645 1722 
1817 2646 825 2643 2645 
1818 2645 2643 781 2624 
1819 1722 2645 2624 718 
1820 607 2648 2647 858 
1821 2648 849 1784 2647 
1822 2647 1784 848 875 
1823 858 2647 875 764 
1824 853 2650 2649 862 
1825 2650 764 2651 2649 
1826 2649 2651 854 879 
1827 862 2649 879 852 
1828 856 2653 2652 1753 
1829 2653 858 2654 2652 
1830 2652 2654 764 2650 
1831 1753 2652 2650 853 
1832 353 877 2655 868 
1833 877 851 2656 2655 
1834 2655 2656 864 2657 
1835 868 2655 2657 773 
1836 851 1799 2658 2656 
1837 1799 761 2659 2658 
1838 2658 2659 865 2660 
1839 2656 2658 2660 864 
1840 773 2657 2661 1421 
1841 2657 864 2662 2661 
1842 2661 2662 866 2663 
1843 1421 2661 2663 595 
1844 765 873 2664 1401 
1845 873 855 2665 2664 
1846 2664 2665 867 2666 
1847 1401 2664 2666 785 
1848 855 881 2667 2665 
1849 881 353 2668 2667 
1850 2667 2668 868 2669 
1851 2665 2667 2669 867 
1852 785 2666 2670 1379 
1853 2666 867 2671 2670 
1854 2670 2671 869 1556 
1855 1379 2670 1556 772 
1856 887 915 2672 903 
1857 915 889 2673 2672 
1858 2672 2673 263 2674 
1859 903 2672 2674 307 
1860 910 926 2675 2676 
1861 926 405 2522 2675 
1862 2675 2522 265 2677 
1863 2676 2675 2677 326 
1864 889 922 2678 2673 
1865 922 910 2676 2678 
1866 2678 2676 326 2679 
1867 2673 2678 2679 263 
1868 418 973 2680 976 
1869 973 952 2681 2680 
1870 2680 2681 967 2682 
1871 976 2680 2682 958 
1872 87 2614 2683 2607 
1873 2614 740 2684 2683 
1874 2683 2684 983 2685 
1875 2607 2683 2685 730 
1876 740 2687 2686 2684 
1877 2687 721 2688 2686 
1878 2686 2688 793 1043 
1879 2684 2686 1043 983 
1880 730 2685 2689 2690 
1881 2685 983 1042 2689 
1882 2689 1042 984 2691 
1883 2690 2689 2691 599 
1884 355 1056 2692 2693 
1885 1056 151 2089 2692 
1886 2692 2089 986 2694 
1887 2693 2692 2694 985 
1888 995 1009 2695 2696 
1889 2696 2695 2697 998 
1890 996 1049 2698 2699 
1891 1049 995 2696 2698 
1892 2698 2696 998 2700 
1893 2699 2698 2700 728 
1894 1012 2703 2701 2702 
1895 2703 784 1387 2701 
1896 2701 1387 1013 1027 
1897 2702 2701 1027 1010 
1898 1008 1032 2704 2705 
1899 2705 2704 2706 997 
1900 984 1045 2707 2708 
1901 1045 726 1047 2707 
1902 2707 1047 996 2709 
1903 2708 2707 2709 1038 
1904 1038 2709 2710 2711 
1905 2709 996 2699 2710 
1906 2710 2699 728 2712 
1907 2711 2710 2712 1040 
1908 1051 1607 2713 2714 
1909 1607 1050 1073 2713 
1910 2713 1073 1053 2715 
1911 2714 2713 2715 993 
1912 595 2663 2716 1062 
1913 2663 866 2717 2716 
1914 2716 2717 1057 1220 
1915 1062 2716 1220 1000 
1916 866 2719 2718 2717 
1917 2719 769 2170 2718 
1918 2718 2170 1058 2153 
1919 2717 2718 2153 1057 
1920 774 1588 2720 1581 
1921 1588 1061 2721 2720 
1922 2720 2721 1060 2722 
1923 1581 2720 2722 1052 
1924 1052 2722 2723 1075 
1925 2722 1060 2724 2723 
1926 2723 2724 1063 1193 
1927 1075 2723 1193 999 
1928 993 2715 2725 2726 
1929 2715 1053 1201 2725 
1930 2725 1201 1068 1288 
1931 2726 2725 1288 1069 
1932 1063 2728 2727 1194 
1933 2728 1000 2729 2727 
1934 2727 2729 1078 1224 
1935 1194 2727 1224 1077 
1936 352 1222 2730 1085 
1937 1222 1059 2157 2730 
1938 2730 2157 1080 2731 
1939 1085 2730 2731 1066 
1940 1079 1226 2732 1208 
1941 1226 352 2733 2732 
1942 2732 2733 1085 2734 
1943 1208 2732 2734 1083 
1944 456 1121 2735 2736 
1945 1121 437 1150 2735 
1946 2735 1150 1110 2737 
1947 2736 2735 2737 1109 
1948 438 2739 2738 2542 
1949 2739 1116 2740 2738 
1950 2738 2740 1115 1136 
1951 2542 2738 1136 455 
1952 1116 2742 2741 2740 
1953 2742 422 2743 2741 
1954 2741 2743 672 1132 
1955 2740 2741 1132 1115 
1956 1155 1171 2744 2745 
1957 1171 1117 1173 2744 
1958 2744 1173 1157 2746 
1959 2745 2744 2746 1165 
1960 596 1289 2747 2748 
1961 1289 1071 1236 2747 
1962 2747 1236 1184 2749 
1963 2748 2747 2749 1185 
1964 1191 2751 2750 1268 
1965 2751 1194 2752 2750 
1966 2750 2752 1077 1228 
1967 1268 2750 1228 1089 
1968 1197 2754 2753 1272 
1969 2754 1089 2755 2753 
1970 2753 2755 1198 1232 
1971 1272 2753 1232 1195 
1972 1200 2758 2756 2757 
1973 2758 1192 1266 2756 
1974 2756 1266 1070 1204 
1975 2757 2756 1204 1189 
1976 1204 2761 2759 2760 
1977 2761 1070 1270 2759 
1978 2759 1270 1196 1252 
1979 2760 2759 1252 1202 
1980 1199 1234 2762 1243 
1981 1234 1087 2763 2762 
1982 2762 2763 1212 2764 
1983 1243 2762 2764 1210 
1984 1216 2766 2765 1276 
1985 2766 1195 2767 2765 
1986 2765 2767 1217 1247 
1987 1276 2765 1247 1214 
1988 1089 2769 2768 2755 
1989 2769 1228 2770 2768 
1990 2768 2770 1227 1693 
1991 2755 2768 1693 1198 
1992 1252 2773 2771 2772 
1993 2773 1196 1274 2771 
1994 2771 1274 1215 1263 
1995 2772 2771 1263 1250 
1996 991 2775 2774 1323 
1997 2775 1284 2776 2774 
1998 2774 2776 1282 1305 
1999 1323 2774 1305 1283 
2000 1284 2778 2777 2776 
2001 2778 993 2726 2777 
2002 2777 2726 1069 1295 
2003 2776 2777 1295 1282 
2004 994 1306 2779 1343 
2005 1306 1285 2780 2779 
2006 2779 2780 1290 2781 
2007 1343 2779 2781 1291 
2008 1285 1296 2782 2780 
2009 1296 596 2748 2782 
2010 2782 2748 1185 2783 
2011 2780 2782 2783 1290 
2012 600 2562 2784 2785 
2013 2785 2784 1331 1297 
2014 1298 1332 2786 2787 
2015 1332 286 1311 2786 
2016 2786 1311 1182 2788 
2017 2787 2786 2788 1307 
2018 286 1336 2789 2790 
2019 1336 1302 1342 2789 
2020 2789 1342 1310 2791 
2021 2790 2789 2791 1311 
2022 1333 1360 2792 2793 
2023 1360 1314 1346 2792 
2024 2792 1346 1302 2794 
2025 2793 2792 2794 1336 
2026 1314 1364 2795 2796 
2027 1364 1340 1369 2795 
2028 2795 1369 1345 2797 
2029 2796 2795 2797 1346 
2030 1390 1430 2798 2799 
2031 1430 1392 2800 2798 
2032 2798 2800 786 1476 
2033 2799 2798 1476 1393 
2034 1391 1414 2801 2802 
2035 1414 1390 2799 2801 
2036 2801 2799 1393 1524 
2037 2802 2801 1524 1015 
2038 1389 1447 2803 2804 
2039 1447 1023 1412 2803 
2040 2803 1412 1391 2805 
2041 2804 2803 2805 1410 
2042 1410 2805 2806 2807 
2043 2805 1391 2802 2806 
2044 2806 2802 1015 2808 
2045 2807 2806 2808 1030 
2046 1023 1451 2809 2810 
2047 1451 1398 1436 2809 
2048 2809 1436 1411 2811 
2049 2810 2809 2811 1412 
2050 1380 2813 2812 1472 
2051 2813 772 2814 2812 
2052 2812 2814 1423 1560 
2053 1472 2812 1560 1422 
2054 1392 2816 2815 2800 
2055 2816 1425 2817 2815 
2056 2815 2817 1427 1480 
2057 2800 2815 1480 786 
2058 1398 1455 2818 2819 
2059 1455 1419 1460 2818 
2060 2818 1460 1435 2820 
2061 2819 2818 2820 1436 
2062 1031 1525 2821 2822 
2063 1525 1468 1492 2821 
2064 2821 1492 1470 2823 
2065 2822 2821 2823 1014 
2066 997 2706 2824 2825 
2067 2825 2824 2826 1484 
2068 1484 2826 2830 2831 
2069 2831 2830 2832 593 
2070 1468 1529 2833 2834 
2071 1529 1478 1514 2833 
2072 2833 1514 1491 2835 
2073 2834 2833 2835 1492 
2074 1016 1508 2836 2837 
2075 1508 1473 2838 2836 
2076 2836 2838 1503 1552 
2077 2837 2836 1552 1489 
2078 1473 2840 2839 2838 
2079 2840 1422 2841 2839 
2080 2839 2841 1504 1564 
2081 2838 2839 1564 1503 
2082 1478 1533 2842 2843 
2083 1533 1499 1538 2842 
2084 2842 1538 1513 2844 
2085 2843 2842 2844 1514 
2086 1505 1566 2845 1572 
2087 1566 1424 2846 2845 
2088 2845 2846 1548 2847 
2089 1572 2845 2847 1546 
2090 1546 2847 2848 2849 
2091 2847 1548 2850 2848 
2092 2848 2850 1500 1595 
2093 2849 2848 1595 1549 
2094 1547 1573 2851 2852 
2095 1573 1546 2849 2851 
2096 2851 2849 1549 2853 
2097 2852 2851 2853 1485 
2098 1502 1592 2854 1610 
2099 1592 774 2855 2854 
2100 2854 2855 1581 2856 
2101 1610 2854 2856 1579 
2102 1485 2853 2857 2858 
2103 2853 1549 1594 2857 
2104 2857 1594 1582 2859 
2105 2858 2857 2859 1583 
2106 1583 2859 2860 2861 
2107 2859 1582 1613 2860 
2108 2860 1613 1585 2862 
2109 2861 2860 2862 1004 
2110 1584 1603 2863 1614 
2111 1603 1589 2864 2863 
2112 2863 2864 1592 2865 
2113 1614 2863 2865 1502 
2114 1548 2867 2866 2850 
2115 2867 1598 2868 2866 
2116 2866 2868 1590 1601 
2117 2850 2866 1601 1500 
2118 998 2697 2869 2870 
2119 2869 1606 1051 2871 
2120 2870 2869 2871 1604 
2121 1604 2871 2872 2873 
2122 2871 1051 2714 2872 
2123 2872 2714 993 2778 
2124 2873 2872 2778 1284 
2125 1319 2876 2874 2875 
2126 2876 1604 2873 2874 
2127 2874 2873 1284 2775 
2128 2875 2874 2775 991 
2129 1486 2829 2877 2878 
2130 2829 1004 1609 2877 
2131 2877 1609 1580 2879 
2132 2878 2877 2879 1605 
2133 350 2015 2880 2017 
2134 2015 1625 2881 2880 
2135 2880 2881 1628 2882 
2136 2017 2880 2882 73 
2137 757 2884 2883 2333 
2138 2884 1634 1671 2883 
2139 2883 1671 1633 1664 
2140 2333 2883 1664 1623 
2141 49 2886 2885 1834 
2142 2886 1638 2887 2885 
2143 2885 2887 1637 1849 
2144 1834 2885 1849 392 
2145 1637 2889 2888 1850 
2146 2889 1639 1916 2888 
2147 2888 1916 345 2012 
2148 1850 2888 2012 1626 
2149 349 1824 2890 1673 
2150 1824 1644 2891 2890 
2151 2890 2891 1643 2260 
2152 1673 2890 2260 1635 
2153 768 1656 2892 2090 
2154 1656 348 2893 2892 
2155 2892 2893 1651 2894 
2156 2090 2892 2894 1650 
2157 1654 2028 2895 2094 
2158 2028 1653 2896 2895 
2159 2895 2896 1656 2897 
2160 2094 2895 2897 768 
2161 1659 2899 2898 1677 
2162 2899 1635 2900 2898 
2163 2898 2900 1660 2263 
2164 1677 2898 2263 1657 
2165 1664 2903 2901 2902 
2166 2903 1633 1675 2901 
2167 2901 1675 1658 2355 
2168 2902 2901 2355 1662 
2169 1668 2906 2904 2905 
2170 2906 756 1840 2904 
2171 2904 1840 1669 1827 
2172 2905 2904 1827 1666 
2173 1667 2909 2907 2908 
2174 2909 1666 1826 2907 
2175 2907 1826 1634 2884 
2176 2908 2907 2884 757 
2177 1055 2044 2910 2911 
2178 2044 1679 2093 2910 
2179 2910 2093 1680 2912 
2180 2911 2910 2912 151 
2181 1683 2914 2913 2310 
2182 2914 1621 2335 2913 
2183 2913 2335 1684 2219 
2184 2310 2913 2219 1681 
2185 1687 2916 2915 2337 
2186 2916 1623 2917 2915 
2187 2915 2917 1663 2082 
2188 2337 2915 2082 1686 
2189 1087 1695 2918 2763 
2190 1695 1230 2919 2918 
2191 2918 2919 1689 2920 
2192 2763 2918 2920 1212 
2193 1701 2922 2921 1719 
2194 2922 719 2923 2921 
2195 2921 2923 826 1721 
2196 1719 2921 1721 1699 
2197 1702 2926 2924 2925 
2198 2926 823 1713 2924 
2199 2924 1713 398 1706 
2200 2925 2924 1706 609 
2201 587 2928 2927 2559 
2202 2928 1702 2925 2927 
2203 2927 2925 609 2566 
2204 2559 2927 2566 396 
2205 1706 2931 2929 2930 
2206 2931 398 1717 2929 
2207 2929 1717 1700 1731 
2208 2930 2929 1731 1704 
2209 1708 1736 2932 2933 
2210 1736 1707 1742 2932 
2211 2932 1742 1711 2934 
2212 2933 2932 2934 610 
2213 395 2936 2935 1775 
2214 2936 1764 2937 2935 
2215 2935 2937 1763 1814 
2216 1775 2935 1814 760 
2217 1763 2939 2938 1815 
2218 2939 1667 2908 2938 
2219 2938 2908 757 2332 
2220 1815 2938 2332 1622 
2221 761 1792 2940 2659 
2222 1792 1768 2941 2940 
2223 2940 2941 1787 2942 
2224 2659 2940 2942 865 
2225 865 2942 2943 2944 
2226 2942 1787 2945 2943 
2227 2943 2945 1697 2171 
2228 2944 2943 2171 769 
2229 1786 1803 2946 2947 
2230 1803 850 1805 2946 
2231 2946 1805 1790 2948 
2232 2947 2946 2948 1798 
2233 1852 1882 2949 1955 
2234 1882 1854 2950 2949 
2235 2949 2950 340 2951 
2236 1955 2949 2951 1855 
2237 1627 1870 2952 2953 
2238 2952 1972 1859 2954 
2239 2953 2952 2954 344 
2240 33 2956 2955 2518 
2241 2956 1861 2957 2955 
2242 2955 2957 1860 1925 
2243 2518 2955 1925 389 
2244 1861 2959 2958 2957 
2245 2959 384 2960 2958 
2246 2958 2960 1862 1888 
2247 2957 2958 1888 1860 
2248 1871 1989 2961 1959 
2249 1989 1873 2962 2961 
2250 2961 2962 1852 2963 
2251 1959 2961 2963 1874 
2252 1854 1898 2964 2950 
2253 1898 1875 2965 2964 
2254 2964 2965 1878 2966 
2255 2950 2964 2966 340 
2256 1873 1894 2967 2962 
2257 1894 1879 2968 2967 
2258 2967 2968 1882 2969 
2259 2962 2967 2969 1852 
2260 384 2971 2970 2960 
2261 2971 1884 2972 2970 
2262 2970 2972 1883 1900 
2263 2960 2970 1900 1862 
2264 1883 2974 2973 1901 
2265 2974 1885 2975 2973 
2266 2973 2975 8 1903 
2267 1901 2973 1903 1876 
2268 1912 2977 2976 1935 
2269 2977 18 2978 2976 
2270 2976 2978 1913 1976 
2271 1935 2976 1976 1911 
2272 1869 1936 2979 2980 
2273 1936 1911 1975 2979 
2274 2979 1975 1914 2981 
2275 2980 2979 2981 1856 
2276 1865 2983 2982 1928 
2277 2983 1924 2984 2982 
2278 1918 2986 2985 1932 
2279 2986 1926 2987 2985 
2280 2985 2987 1912 1934 
2281 1932 2985 1934 1857 
2282 18 2989 2988 2978 
2283 2989 1943 2990 2988 
2284 2988 2990 1942 1963 
2285 2978 2988 1963 1913 
2286 1943 2992 2991 2990 
2287 2992 1872 2993 2991 
2288 2991 2993 1944 1991 
2289 2990 2991 1991 1942 
2290 1945 1993 2994 1980 
2291 1993 1871 2995 2994 
2292 2994 2995 1959 2996 
2293 1980 2994 2996 1957 
2294 1856 2981 2997 2998 
2295 2981 1914 1999 2997 
2296 2997 1999 1971 2999 
2297 2998 2997 2999 1972 
2298 1965 1997 3000 2003 
2299 1997 1945 3001 3000 
2300 3000 3001 1980 3002 
2301 2003 3000 3002 1978 
2302 348 2021 3003 2893 
2303 2021 1632 3004 3003 
2304 3003 3004 2016 3005 
2305 2893 3003 3005 1651 
2306 2027 2036 3006 2110 
2307 2036 2026 3007 3006 
2308 3006 3007 2028 3008 
2309 2110 3006 3008 1654 
2310 766 2377 3009 3010 
2311 2377 2034 2366 3009 
2312 3009 2366 2032 3011 
2313 3010 3009 3011 2033 
2314 2042 2059 3012 3013 
2315 2059 2030 2097 3012 
2316 3012 2097 1679 3014 
2317 3013 3012 3014 2044 
2318 2043 2051 3015 3016 
2319 2051 2042 3013 3015 
2320 3015 3013 2044 3017 
2321 3016 3015 3017 1055 
2322 1054 2046 3018 3019 
2323 2046 1055 2911 3018 
2324 3018 2911 151 3020 
2325 3019 3018 3020 1056 
2326 2045 2201 3021 3022 
2327 2201 2043 3016 3021 
2328 3021 3016 1055 3023 
2329 3022 3021 3023 2046 
2330 1081 2190 3024 3025 
2331 2190 2045 3022 3024 
2332 3024 3022 2046 3026 
2333 3025 3024 3026 1054 
2334 1685 2318 3027 2063 
2335 2318 2057 3028 3027 
2336 3027 3028 2056 3029 
2337 2063 3027 3029 2050 
2338 2057 3031 3030 3028 
2339 3031 1624 2129 3030 
2340 3030 2129 2058 3032 
2341 3028 3030 3032 2056 
2342 2058 2131 3033 3034 
2343 2131 2065 2101 3033 
2344 3033 2101 2068 3035 
2345 3034 3033 3035 2030 
2346 1684 3038 3036 3037 
2347 3038 2071 2339 3036 
2348 3036 2339 2069 2326 
2349 3037 3036 2326 2070 
2350 2074 3040 3039 2086 
2351 3040 766 3010 3039 
2352 3039 3010 2033 3041 
2353 2086 3039 3041 2073 
2354 2073 3041 3042 2113 
2355 3041 2033 3043 3042 
2356 3042 3043 2027 3044 
2357 2113 3042 3044 2075 
2358 2066 2330 3045 3046 
2359 2330 2078 3047 3045 
2360 3045 3047 2076 2134 
2361 3046 3045 2134 2077 
2362 2078 2235 3048 3047 
2363 2235 1688 3049 3048 
2364 3048 3049 2079 2106 
2365 3047 3048 2106 2076 
2366 1686 3051 3050 2341 
2367 3051 2082 3052 3050 
2368 3050 3052 2081 2229 
2369 2341 3050 2229 2072 
2370 2081 3054 3053 2230 
2371 3054 2083 2375 3053 
2372 3053 2375 766 3040 
2373 2230 3053 3040 2074 
2374 1688 3056 3055 3049 
2375 3056 2085 3057 3055 
2376 3055 3057 2084 2116 
2377 3049 3055 2116 2079 
2378 2065 2135 3058 3059 
2379 2135 2080 2120 3058 
2380 3058 2120 2100 3060 
2381 3059 3058 3060 2101 
2382 2080 2139 3061 3062 
2383 2139 2108 2144 3061 
2384 3061 2144 2119 3063 
2385 3062 3061 3063 2120 
2386 1681 3065 3064 2314 
2387 3065 2219 3066 3064 
2388 3064 3066 2218 2316 
2389 2314 3064 2316 2055 
2390 2219 3068 3067 3066 
2391 3068 1684 3037 3067 
2392 3067 3037 2070 3069 
2393 3066 3067 3069 2218 
2394 2218 3069 3070 2317 
2395 3069 2070 2325 3070 
2396 3070 2325 1624 3031 
2397 2317 3070 3031 2057 
2398 2069 3073 3071 3072 
2399 3073 2226 2343 3071 
2400 3071 2343 2224 2329 
2401 3072 3071 2329 2225 
2402 2227 3075 3074 2234 
2403 3075 2228 3076 3074 
2404 3074 3076 2085 3056 
2405 2234 3074 3056 1688 
2406 2237 3079 3077 3078 
2407 3079 2236 2266 3077 
2408 3077 2266 2039 2257 
2409 3078 3077 2257 1636 
2410 2253 3081 3080 2383 
2411 3081 1636 2256 3080 
2412 3080 2256 2038 3082 
2413 2383 3080 3082 2252 
2414 2167 2296 3083 2299 
2415 2296 2280 3084 3083 
2416 3083 3084 2290 3085 
2417 2299 3083 3085 2283 
2418 2354 3087 3086 2363 
2419 3087 2237 3078 3086 
2420 3086 3078 1636 3081 
2421 2363 3086 3081 2253 
2422 2034 2381 3088 3089 
2423 2381 2360 2386 3088 
2424 3088 2386 2365 3090 
2425 3089 3088 3090 2366 
2426 101 159 3091 3092 
2427 159 103 2452 3091 
2428 3091 2452 75 3093 
2429 3092 3091 3093 104 
2430 102 174 3094 3095 
2431 174 101 3092 3094 
2432 3094 3092 104 3096 
2433 3095 3094 3096 76 
2434 83 163 3097 3098 
2435 163 109 2455 3097 
2436 3097 2455 156 3099 
2437 3098 3097 3099 157 
2438 106 168 3100 3101 
2439 168 142 2458 3100 
2440 3100 2458 160 3102 
2441 3101 3100 3102 161 
2442 160 2459 3103 3104 
2443 2459 162 2471 3103 
2444 3103 2471 109 3105 
2445 3104 3103 3105 163 
2446 161 3102 3106 3107 
2447 3102 160 3104 3106 
2448 3106 3104 163 3108 
2449 3107 3106 3108 83 
2450 117 177 3109 3110 
2451 177 83 3098 3109 
2452 3109 3098 157 3111 
2453 3110 3109 3111 172 
2454 149 181 3112 3113 
2455 181 106 3101 3112 
2456 3112 3101 161 3114 
2457 3113 3112 3114 175 
2458 175 3114 3115 3116 
2459 3114 161 3107 3115 
2460 3115 3107 83 3117 
2461 3116 3115 3117 177 
2462 224 274 3118 2474 
2463 274 226 2482 3118 
2464 3118 2482 195 3119 
2465 2474 3118 3119 227 
2466 227 3119 3120 2477 
2467 3119 195 3121 3120 
2468 3120 3121 237 3122 
2469 2477 3120 3122 236 
2470 236 3122 3123 257 
2471 3122 237 3124 3123 
2472 3123 3124 198 3125 
2473 257 3123 3125 238 
2474 238 3125 3126 3127 
2475 3125 198 298 3126 
2476 3126 298 252 3128 
2477 3127 3126 3128 250 
2478 288 316 3129 3130 
2479 316 289 2485 3129 
2480 3129 2485 154 3131 
2481 3130 3129 3131 290 
2482 234 305 3132 3133 
2483 305 288 3130 3132 
2484 3132 3130 290 3134 
2485 3133 3132 3134 153 
2486 195 2483 3135 3121 
2487 2483 270 3136 3135 
2488 3135 3136 295 3137 
2489 3121 3135 3137 237 
2490 270 2480 3138 3136 
2491 2480 197 3139 3138 
2492 3138 3139 296 3140 
2493 3136 3138 3140 295 
2494 237 3137 3141 3124 
2495 3137 295 3142 3141 
2496 3141 3142 292 299 
2497 3124 3141 299 198 
2498 197 904 3143 3139 
2499 904 307 3144 3143 
2500 3143 3144 306 3145 
2501 3139 3143 3145 296 
2502 307 2674 3146 3144 
2503 2674 263 3147 3146 
2504 3146 3147 308 3148 
2505 3144 3146 3148 306 
2506 306 3148 3149 3150 
2507 3148 308 3151 3149 
2508 3149 3151 266 319 
2509 3150 3149 319 303 
2510 296 3145 3152 3153 
2511 3145 306 3150 3152 
2512 3152 3150 303 3154 
2513 3153 3152 3154 91 
2514 263 2679 3155 3147 
2515 2679 326 3156 3155 
2516 3155 3156 325 3157 
2517 3147 3155 3157 308 
2518 326 2677 3158 3156 
2519 2677 265 3159 3158 
2520 3158 3159 327 3160 
2521 3156 3158 3160 325 
2522 325 3160 3161 3162 
2523 3160 327 2497 3161 
2524 3161 2497 5 334 
2525 3162 3161 334 314 
2526 308 3157 3163 3151 
2527 3157 325 3162 3163 
2528 3163 3162 314 2488 
2529 3151 3163 2488 266 
2530 328 368 3164 3165 
2531 368 330 2505 3164 
2532 3164 2505 309 3166 
2533 3165 3164 3166 331 
2534 315 2492 3167 3168 
2535 2492 328 3165 3167 
2536 3167 3165 331 3169 
2537 3168 3167 3169 289 
2538 265 2523 3170 3159 
2539 2523 338 3171 3170 
2540 3170 3171 337 2498 
2541 3159 3170 2498 327 
2542 338 955 3172 3171 
2543 955 322 2528 3172 
2544 3172 2528 339 2495 
2545 3171 3172 2495 337 
2546 407 3174 3173 2526 
2547 3174 409 3175 3173 
2548 3173 3175 261 1703 
2549 2526 3173 1703 397 
2550 462 3177 3176 2548 
2551 3177 464 3178 3176 
2552 3176 3178 438 2541 
2553 2548 3176 2541 454 
2554 312 492 3179 3180 
2555 492 285 2602 3179 
2556 3179 2602 487 3181 
2557 3180 3179 3181 485 
2558 586 3183 3182 2556 
2559 3183 397 3184 3182 
2560 3182 3184 587 2558 
2561 2556 3182 2558 585 
2562 614 2571 3185 2573 
2563 2571 616 3186 3185 
2564 3185 3186 597 3187 
2565 2573 3185 3187 617 
2566 608 3190 3188 3189 
2567 3190 723 2605 3188 
2568 3188 2605 722 734 
2569 3189 3188 734 625 
2570 729 2608 3191 3192 
2571 2608 730 2690 3191 
2572 3191 2690 599 3193 
2573 3192 3191 3193 731 
2574 616 748 3194 3186 
2575 748 729 3192 3194 
2576 3194 3192 731 3195 
2577 3186 3194 3195 597 
2578 737 2611 3196 2613 
2579 2611 739 2627 3196 
2580 3196 2627 721 2687 
2581 2613 3196 2687 740 
2582 721 2628 3197 2688 
2583 2628 782 2630 3197 
2584 3197 2630 792 2632 
2585 2688 3197 2632 793 
2586 409 3199 3198 3175 
2587 3199 802 3200 3198 
2588 3198 3200 606 824 
2589 3175 3198 824 261 
2590 806 3202 3201 2641 
2591 3202 805 3203 3201 
2592 3201 3203 763 811 
2593 2641 3201 811 605 
2594 719 3205 3204 2923 
2595 3205 827 3206 3204 
2596 3204 3206 825 2646 
2597 2923 3204 2646 826 
2598 827 3208 3207 3206 
2599 3208 605 3209 3207 
2600 3207 3209 810 2644 
2601 3206 3207 2644 825 
2602 864 2660 3210 2662 
2603 2660 865 2944 3210 
2604 3210 2944 769 2719 
2605 2662 3210 2719 866 
2606 867 2669 3211 2671 
2607 2669 868 3212 3211 
2608 3211 3212 773 3213 
2609 2671 3211 3213 869 
2610 150 990 3214 3215 
2611 990 355 2693 3214 
2612 3214 2693 985 3216 
2613 3215 3214 3216 483 
2614 1005 1022 3217 3218 
2615 1022 1008 2705 3217 
2616 3217 2705 997 3219 
2617 3218 3217 3219 1009 
2618 1030 2808 3220 3221 
2619 2808 1015 1523 3220 
2620 3220 1523 1031 3222 
2621 3221 3220 3222 1029 
2622 1029 3222 3223 3224 
2623 3222 1031 2822 3223 
2624 3223 2822 1014 3225 
2625 3224 3223 3225 1032 
2626 599 2691 3226 3227 
2627 2691 984 2708 3226 
2628 3226 2708 1038 3228 
2629 3227 3226 3228 1039 
2630 1039 3228 3229 3230 
2631 3228 1038 2711 3229 
2632 3229 2711 1040 3231 
2633 3230 3229 3231 358 
2634 989 1082 3232 3233 
2635 1082 1054 3019 3232 
2636 3232 3019 1056 3234 
2637 3233 3232 3234 355 
2638 1060 3236 3235 2724 
2639 3236 1062 3237 3235 
2640 3235 3237 1000 2728 
2641 2724 3235 2728 1063 
2642 1080 2159 3238 3239 
2643 2159 1081 3025 3238 
2644 3238 3025 1054 3240 
2645 3239 3238 3240 1082 
2646 1066 2731 3241 3242 
2647 2731 1080 3239 3241 
2648 3241 3239 1082 3243 
2649 3242 3241 3243 989 
2650 428 1114 3244 3245 
2651 1114 456 2736 3244 
2652 3244 2736 1109 3246 
2653 3245 3244 3246 499 
2654 356 2564 3247 3248 
2655 2564 600 2785 3247 
2656 3247 2785 1297 3249 
2657 3248 3247 3249 691 
2658 691 3249 3250 3251 
2659 3249 1297 1330 3250 
2660 3250 1330 1298 3252 
2661 3251 3250 3252 359 
2662 359 3252 3253 3254 
2663 3252 1298 2787 3253 
2664 3253 2787 1307 3255 
2665 3254 3253 3255 1308 
2666 1317 3258 3256 3257 
2667 3258 1319 2875 3256 
2668 3256 2875 991 1322 
2669 3257 3256 1322 1301 
2670 1318 3261 3259 3260 
2671 3261 1317 3257 3259 
2672 3259 3257 1301 1356 
2673 3260 3259 1356 992 
2674 1377 3263 3262 1426 
2675 3263 1379 3264 3262 
2676 3262 3264 772 2813 
2677 1426 3262 2813 1380 
2678 869 3213 3265 1557 
2679 3213 773 3266 3265 
2680 3265 3266 1421 3267 
2681 1557 3265 3267 1420 
2682 1420 3267 3268 1587 
2683 3267 1421 3269 3268 
2684 3268 3269 595 3270 
2685 1587 3268 3270 1061 
2686 1024 3272 3271 1429 
2687 3272 1405 3273 3271 
2688 3271 3273 1425 2816 
2689 1429 3271 2816 1392 
2690 1471 3275 3274 1507 
2691 3275 1472 3276 3274 
2692 3274 3276 1422 2840 
2693 1507 3274 2840 1473 
2694 1470 1494 3277 3278 
2695 1494 1016 2837 3277 
2696 3277 2837 1489 3279 
2697 3278 3277 3279 1487 
2698 1487 3279 3280 3281 
2699 3279 1489 1551 3280 
2700 3280 1551 1002 3282 
2701 3281 3280 3282 1490 
2702 1490 3282 3283 3284 
2703 3282 1002 1571 3283 
2704 3283 1571 1547 3285 
2705 3284 3283 3285 1567 
2706 1567 3285 3286 3287 
2707 3285 1547 2852 3286 
2708 3286 2852 1485 3288 
2709 3287 3286 3288 1569 
2710 1424 3290 3289 2846 
2711 3290 1562 3291 3289 
2712 3289 3291 1598 2867 
2713 2846 3289 2867 1548 
2714 728 2700 3292 3293 
2715 2700 998 2870 3292 
2716 3292 2870 1604 2876 
2717 3293 3292 2876 1319 
2718 593 2832 3294 3295 
2719 2832 1486 2878 3294 
2720 3294 2878 1605 3296 
2721 3295 3294 3296 1606 
2722 1625 2013 3297 2881 
2723 2013 1627 2953 3297 
2724 3297 2953 344 3298 
2725 2881 3297 3298 1628 
2726 1638 3300 3299 2887 
2727 3300 387 3301 3299 
2728 3299 3301 1639 2889 
2729 2887 3299 2889 1637 
2730 1653 2025 3302 2896 
2731 2025 1655 3303 3302 
2732 3302 3303 348 3304 
2733 2896 3302 3304 1656 
2734 1623 3306 3305 2917 
2735 3306 1664 2902 3305 
2736 3305 2902 1662 2352 
2737 2917 3305 2352 1663 
2738 754 3309 3307 3308 
2739 3309 1668 2905 3307 
2740 3307 2905 1666 2909 
2741 3308 3307 2909 1667 
2742 397 3311 3310 3184 
2743 3311 1703 3312 3310 
2744 3310 3312 1702 2928 
2745 3184 3310 2928 587 
2746 1703 3314 3313 3312 
2747 3314 261 3315 3313 
2748 3313 3315 823 2926 
2749 3312 3313 2926 1702 
2750 1705 3318 3316 3317 
2751 3318 1704 1730 3316 
2752 3316 1730 723 3190 
2753 3317 3316 3190 608 
2754 1764 3320 3319 2937 
2755 3320 754 3308 3319 
2756 3319 3308 1667 2939 
2757 2937 3319 2939 1763 
2758 1787 3322 3321 2945 
2759 3322 1788 3323 3321 
2760 3321 3323 770 2182 
2761 2945 3321 2182 1697 
2762 387 3325 3324 3301 
2763 3325 1864 3326 3324 
2764 3324 3326 1863 1917 
2765 3301 3324 1917 1639 
2766 1864 3328 3327 3326 
2767 3328 389 3329 3327 
2768 3327 3329 1865 1927 
2769 3326 3327 1927 1863 
2770 1866 1923 3330 3331 
2771 1923 1869 2980 3330 
2772 3330 2980 1856 3332 
2773 3331 3330 3332 1870 
2774 1875 1905 3333 2965 
2775 1905 1877 3334 3333 
2776 3333 3334 342 3335 
2777 2965 3333 3335 1878 
2778 1884 3337 3336 2972 
2779 3337 386 3338 3336 
2780 3336 3338 1885 2974 
2781 2972 3336 2974 1883 
2782 389 3340 3339 3329 
2783 3340 1925 3341 3339 
2784 3339 3341 1924 2983 
2785 3329 3339 2983 1865 
2786 1924 3343 3342 2984 
2787 3343 1887 3344 3342 
2788 3342 3344 1853 1988 
2789 2984 3342 1988 1872 
2790 1926 3346 3345 2987 
2791 3346 1928 3347 3345 
2792 3345 3347 18 2977 
2793 2987 3345 2977 1912 
2794 1655 2242 3348 3303 
2795 2242 2019 3349 3348 
2796 3348 3349 2021 3350 
2797 3303 3348 3350 348 
2798 2026 2254 3351 3007 
2799 2254 2023 3352 3351 
2800 3351 3352 1653 3353 
2801 3007 3351 3353 2028 
2802 2033 3011 3354 3043 
2803 3011 2032 3355 3354 
2804 3354 3355 2036 3356 
2805 3043 3354 3356 2027 
2806 2056 3032 3357 3358 
2807 3032 2058 3034 3357 
2808 3357 3034 2030 3359 
2809 3358 3357 3359 2059 
2810 2050 3029 3360 3361 
2811 3029 2056 3358 3360 
2812 3360 3358 2059 3362 
2813 3361 3360 3362 2042 
2814 2082 3364 3363 3052 
2815 3364 1663 3365 3363 
2816 3363 3365 2083 3054 
2817 3052 3363 3054 2081 
2818 2072 3367 3366 2345 
2819 3367 2229 3368 3366 
2820 3366 3368 2228 3075 
2821 2345 3366 3075 2227 
2822 1788 3370 3369 3323 
2823 3370 2306 3371 3369 
2824 3369 3371 1683 2309 
2825 3323 3369 2309 770 
2826 1663 3373 3372 3365 
2827 3373 2352 3374 3372 
2828 3372 3374 2351 2376 
2829 3365 3372 2376 2083 
2830 2352 3376 3375 3374 
2831 3376 1662 3377 3375 
2832 3375 3377 2353 2358 
2833 3374 3375 2358 2351 
2834 1662 3379 3378 3377 
2835 3379 2355 3380 3378 
2836 3378 3380 2354 2362 
2837 3377 3378 2362 2353 
2838 2355 3382 3381 3380 
2839 3382 1658 3383 3381 
2840 3381 3383 2237 3087 
2841 3380 3381 3087 2354 
2842 464 3385 3384 3178 
2843 3385 2537 3386 3384 
2844 3384 3386 1116 2739 
2845 3178 3384 2739 438 
2846 731 3193 3387 3388 
2847 3193 599 3227 3387 
2848 3387 3227 1039 3389 
2849 3388 3387 3389 2560 
2850 2560 3389 3390 3391 
2851 3389 1039 3230 3390 
2852 3390 3230 358 3392 
2853 3391 3390 3392 2562 
2854 1009 3219 3393 3394 
2855 3219 997 2825 3393 
2856 3393 2825 1484 3395 
2857 3394 3393 3395 2695 
2858 2695 3395 3396 3397 
2859 3395 1484 2831 3396 
2860 3396 2831 593 3398 
2861 3397 3396 3398 2697 
2862 1569 3288 3399 3400 
2863 3288 1485 2858 3399 
2864 3399 2858 1583 3401 
2865 3400 3399 3401 2827 
2866 2827 3401 3402 3403 
2867 3401 1583 2861 3402 
2868 3402 2861 1004 3404 
2869 3403 3402 3404 2829 
2870 2697 3398 3405 3406 
2871 3398 593 3295 3405 
2872 3405 3295 1606 3407 
2873 3406 3405 3407 2869 
2874 1870 3332 3408 3409 
2875 3332 1856 2998 3408 
2876 3408 2998 1972 3410 
2877 3409 3408 3410 2952 
2878 1928 3412 3411 3347 
2879 3412 2982 3413 3411 
2880 3411 3413 1943 2989 
2881 3347 3411 2989 18 
2882 233 294 3414 3415 
2883 294 234 3133 3414 
2884 3414 3133 153 3416 
2885 3415 3414 3416 235 
2886 158 253 3417 3418 
2887 253 233 3415 3417 
2888 3417 3415 235 3419 
2889 3418 3417 3419 103 
2890 59 258 3420 3421 
2891 258 238 3127 3420 
2892 3420 3127 250 3422 
2893 3421 3420 3422 251 
2894 295 3140 3423 3142 
2895 3140 296 3153 3423 
2896 3423 3153 91 3424 
2897 3142 3423 3424 292 
2898 91 3154 3425 3426 
2899 3154 303 318 3425 
2900 3425 318 302 3427 
2901 3426 3425 3427 293 
2902 313 336 3428 3429 
2903 336 315 3168 3428 
2904 3428 3168 289 3430 
2905 3429 3428 3430 316 
2906 304 2489 3431 3432 
2907 2489 313 3429 3431 
2908 3431 3429 316 3433 
2909 3432 3431 3433 288 
2910 287 689 3434 3435 
2911 689 150 3215 3434 
2912 3434 3215 483 3436 
2913 3435 3434 3436 481 
2914 154 2486 3437 3438 
2915 2486 312 3180 3437 
2916 3437 3180 485 3439 
2917 3438 3437 3439 486 
2918 445 504 3440 3441 
2919 504 428 3245 3440 
2920 3440 3245 499 3442 
2921 3441 3440 3442 497 
2922 624 3445 3443 3444 
2923 3445 608 3189 3443 
2924 3443 3189 625 2579 
2925 3444 3443 2579 623 
2926 424 696 3446 3447 
2927 696 356 3248 3446 
2928 3446 3248 691 3448 
2929 3447 3446 3448 690 
2930 690 3448 3449 3450 
2931 3448 691 3251 3449 
2932 3449 3251 359 3451 
2933 3450 3449 3451 692 
2934 802 3453 3452 3200 
2935 3453 804 3454 3452 
2936 3452 3454 393 807 
2937 3200 3452 807 606 
2938 805 3456 3455 3203 
2939 3456 808 3457 3455 
2940 3455 3457 607 857 
2941 3203 3455 857 763 
2942 605 3459 3458 3209 
2943 3459 811 3460 3458 
2944 3458 3460 809 2638 
2945 3209 3458 2638 810 
2946 811 3462 3461 3460 
2947 3462 763 3463 3461 
2948 3461 3463 812 1756 
2949 3460 3461 1756 809 
2950 261 3465 3464 3315 
2951 3465 824 3466 3464 
2952 3464 3466 822 1714 
2953 3315 3464 1714 823 
2954 824 3468 3467 3466 
2955 3468 606 3469 3467 
2956 3467 3469 806 2640 
2957 3466 3467 2640 822 
2958 763 3471 3470 3463 
2959 3471 857 3472 3470 
2960 3470 3472 856 1752 
2961 3463 3470 1752 812 
2962 857 3474 3473 3472 
2963 3474 607 3475 3473 
2964 3473 3475 858 2653 
2965 3472 3473 2653 856 
2966 988 1067 3476 3477 
2967 1067 989 3233 3476 
2968 3476 3233 355 3478 
2969 3477 3476 3478 990 
2970 688 1183 3479 3480 
2971 1183 988 3477 3479 
2972 3479 3477 990 3481 
2973 3480 3479 3481 150 
2974 727 3483 3482 1036 
2975 3483 1030 3221 3482 
2976 3482 3221 1029 3484 
2977 1036 3482 3484 1021 
2978 1021 3484 3485 3486 
2979 3484 1029 3224 3485 
2980 3485 3224 1032 3487 
2981 3486 3485 3487 1008 
2982 1061 3270 3488 2721 
2983 3270 595 3489 3488 
2984 3488 3489 1062 3236 
2985 2721 3488 3236 1060 
2986 1064 1086 3490 3491 
2987 1086 1066 3242 3490 
2988 3490 3242 989 3492 
2989 3491 3490 3492 1067 
2990 1065 1186 3493 3494 
2991 1186 1064 3491 3493 
2992 3493 3491 1067 3495 
2993 3494 3493 3495 988 
2994 1181 1292 3496 3497 
2995 1292 1065 3494 3496 
2996 3496 3494 988 3498 
2997 3497 3496 3498 1183 
2998 1182 1312 3499 3500 
2999 1312 1181 3497 3499 
3000 3499 3497 1183 3501 
3001 3500 3499 3501 688 
3002 687 1309 3502 3503 
3003 1309 688 3480 3502 
3004 3502 3480 150 3504 
3005 3503 3502 3504 689 
3006 1307 2788 3505 3506 
3007 2788 1182 3500 3505 
3008 3505 3500 688 3507 
3009 3506 3505 3507 1309 
3010 1308 3255 3508 3509 
3011 3255 1307 3506 3508 
3012 3508 3506 1309 3510 
3013 3509 3508 3510 687 
3014 358 3231 3511 3512 
3015 3231 1040 3513 3511 
3016 3511 3513 1317 3261 
3017 3512 3511 3261 1318 
3018 1040 2712 3514 3513 
3019 2712 728 3293 3514 
3020 3514 3293 1319 3258 
3021 3513 3514 3258 1317 
3022 1378 3516 3515 1404 
3023 3516 785 3517 3515 
3024 3515 3517 1379 3263 
3025 1404 3515 3263 1377 
3026 1384 3519 3518 1408 
3027 3519 1402 3520 3518 
3028 3518 3520 1405 3272 
3029 1408 3518 3272 1024 
3030 1028 3523 3521 3522 
3031 3523 1410 2807 3521 
3032 3521 2807 1030 3483 
3033 3522 3521 3483 727 
3034 1427 3525 3524 1481 
3035 3525 1380 3526 3524 
3036 3524 3526 1472 3275 
3037 1481 3524 3275 1471 
3038 1014 2823 3527 3528 
3039 2823 1470 3278 3527 
3040 3527 3278 1487 3529 
3041 3528 3527 3529 1488 
3042 1488 3529 3530 3531 
3043 3529 1487 3281 3530 
3044 3530 3281 1490 3532 
3045 3531 3530 3532 1017 
3046 1504 3534 3533 1565 
3047 3534 1559 3535 3533 
3048 3533 3535 1562 3290 
3049 1565 3533 3290 1424 
3050 1017 3532 3536 3537 
3051 3532 1490 3284 3536 
3052 3536 3284 1567 3538 
3053 3537 3536 3538 1568 
3054 1568 3538 3539 3540 
3055 3538 1567 3287 3539 
3056 3539 3287 1569 3541 
3057 3540 3539 3541 1483 
3058 609 3544 3542 3543 
3059 3544 1706 2930 3542 
3060 3542 2930 1704 3318 
3061 3543 3542 3318 1705 
3062 804 3546 3545 3454 
3063 3546 1769 3547 3545 
3064 3545 3547 759 1782 
3065 3454 3545 1782 393 
3066 808 3549 3548 3457 
3067 3549 1781 3550 3548 
3068 3548 3550 849 2648 
3069 3457 3548 2648 607 
3070 1768 3552 3551 2941 
3071 3552 50 3553 3551 
3072 3551 3553 1788 3322 
3073 2941 3551 3322 1787 
3074 1887 3555 3554 3344 
3075 3555 1886 3556 3554 
3076 3554 3556 1880 1892 
3077 3344 3554 1892 1853 
3078 1925 3558 3557 3341 
3079 3558 1860 3559 3557 
3080 3557 3559 1887 3343 
3081 3341 3557 3343 1924 
3082 2023 2041 3560 3352 
3083 2041 2022 3561 3560 
3084 3560 3561 2025 3562 
3085 3352 3560 3562 1653 
3086 2032 2368 3563 3355 
3087 2368 2035 3564 3563 
3088 3563 3564 2026 3565 
3089 3355 3563 3565 2036 
3090 2047 2064 3566 3567 
3091 2064 2050 3361 3566 
3092 3566 3361 2042 3568 
3093 3567 3566 3568 2051 
3094 1658 3570 3569 3383 
3095 3570 1678 3571 3569 
3096 3569 3571 2236 3079 
3097 3383 3569 3079 2237 
3098 1678 3573 3572 3571 
3099 3573 1657 3574 3572 
3100 3572 3574 2238 2267 
3101 3571 3572 2267 2236 
3102 2035 2384 3575 3564 
3103 2384 2252 3576 3575 
3104 3575 3576 2254 3577 
3105 3564 3575 3577 2026 
3106 50 3579 3578 3553 
3107 3579 1816 3580 3578 
3108 3578 3580 2306 3370 
3109 3553 3578 3370 1788 
3110 2306 3582 3581 3371 
3111 3582 2307 3583 3581 
3112 3581 3583 1621 2914 
3113 3371 3581 2914 1683 
3114 2307 3585 3584 3583 
3115 3585 2331 3586 3584 
3116 3584 3586 1687 2336 
3117 3583 3584 2336 1621 
3118 290 3131 3587 3588 
3119 3131 154 3438 3587 
3120 3587 3438 486 3589 
3121 3588 3587 3589 2448 
3122 209 2469 3590 3591 
3123 2469 59 3421 3590 
3124 3590 3421 251 3592 
3125 3591 3590 3592 2454 
3126 2537 3594 3593 3386 
3127 3594 2539 3595 3593 
3128 3593 3595 422 2742 
3129 3386 3593 2742 1116 
3130 597 3195 3596 3597 
3131 3195 731 3388 3596 
3132 3596 3388 2560 3598 
3133 3597 3596 3598 2561 
3134 2561 3598 3599 3600 
3135 3598 2560 3391 3599 
3136 3599 3391 2562 3601 
3137 3600 3599 3601 600 
3138 617 3187 3602 3603 
3139 3187 597 3597 3602 
3140 3602 3597 2561 3604 
3141 3603 3602 3604 2563 
3142 2563 3604 3605 3606 
3143 3604 2561 3600 3605 
3144 3605 3600 600 3607 
3145 3606 3605 3607 2564 
3146 2565 3610 3608 3609 
3147 3610 1705 3317 3608 
3148 3608 3317 608 3445 
3149 3609 3608 3445 624 
3150 692 3451 3611 3612 
3151 3451 359 3254 3611 
3152 3611 3254 1308 3613 
3153 3612 3611 3613 2601 
3154 487 2603 3614 3615 
3155 2603 687 3503 3614 
3156 3614 3503 689 3616 
3157 3615 3614 3616 287 
3158 2601 3613 3617 3618 
3159 3613 1308 3509 3617 
3160 3617 3509 687 3619 
3161 3618 3617 3619 2603 
3162 1032 3225 3620 3621 
3163 3225 1014 3528 3620 
3164 3620 3528 1488 3622 
3165 3621 3620 3622 2704 
3166 2704 3622 3623 3624 
3167 3622 1488 3531 3623 
3168 3623 3531 1017 3625 
3169 3624 3623 3625 2706 
3170 2562 3392 3626 3627 
3171 3392 358 3512 3626 
3172 3626 3512 1318 3628 
3173 3627 3626 3628 2784 
3174 2784 3628 3629 3630 
3175 3628 1318 3260 3629 
3176 3629 3260 992 3631 
3177 3630 3629 3631 1331 
3178 2706 3625 3632 3633 
3179 3625 1017 3537 3632 
3180 3632 3537 1568 3634 
3181 3633 3632 3634 2824 
3182 2824 3634 3635 3636 
3183 3634 1568 3540 3635 
3184 3635 3540 1483 3637 
3185 3636 3635 3637 2826 
3186 1483 3541 3638 3639 
3187 3541 1569 3400 3638 
3188 3638 3400 2827 3640 
3189 3639 3638 3640 2828 
3190 2828 3640 3641 3642 
3191 3640 2827 3403 3641 
3192 3641 3403 2829 3643 
3193 3642 3641 3643 1486 
3194 2826 3637 3644 3645 
3195 3637 1483 3639 3644 
3196 3644 3639 2828 3646 
3197 3645 3644 3646 2830 
3198 2830 3646 3647 3648 
3199 3646 2828 3642 3647 
3200 3647 3642 1486 3649 
3201 3648 3647 3649 2832 
3202 2982 3651 3650 3413 
3203 3651 2984 3652 3650 
3204 3650 3652 1872 2992 
3205 3413 3650 2992 1943 
